# Force and moment coefficients
# dragDir       : (0.00000000e+00 0.00000000e+00 -1.00000000e+00)
# sideDir       : (-0.00000000e+00 1.00000000e+00 0.00000000e+00)
# liftDir       : (1.00000000e+00 0.00000000e+00 0.00000000e+00)
# rollAxis      : (0.00000000e+00 0.00000000e+00 -1.00000000e+00)
# pitchAxis     : (-0.00000000e+00 1.00000000e+00 0.00000000e+00)
# yawAxis       : (1.00000000e+00 0.00000000e+00 0.00000000e+00)
# magUInf       : 1.01700000e+02
# lRef          : 5.78100000e-02
# Aref          : 2.62480000e-03
# CofR          : (0.00000000e+00 0.00000000e+00 3.99000000e-01)
#
# Time          	Cd              	Cl              	CmPitch         	CmRoll          	CmYaw           
1               	-1.74854823e-01	5.89786148e-05	2.57539008e-01	9.54937483e-02	3.95170424e-01
2               	-1.84700199e-01	-6.31131546e-04	2.76300638e-01	8.45237923e-02	3.47971047e-01
3               	-2.11543872e-01	-2.20867283e-03	3.25692296e-01	3.36219638e-02	1.31145717e-01
4               	-2.26598194e-01	-2.95002020e-03	3.52561987e-01	1.80423577e-03	-4.25693774e-03
5               	-2.21111128e-01	-2.58193674e-03	3.42272920e-01	1.14548394e-02	3.69315177e-02
6               	-2.07460706e-01	-1.87653411e-03	3.17776395e-01	3.95501220e-02	1.56664751e-01
7               	-2.00190474e-01	-1.26505422e-03	3.03228514e-01	5.47872265e-02	2.21629634e-01
8               	-2.03398623e-01	-1.45951915e-03	3.09103966e-01	4.84129080e-02	1.94404282e-01
9               	-2.09948905e-01	-2.10986824e-03	3.22753808e-01	3.37401624e-02	1.31804977e-01
10              	-2.13066331e-01	-2.53642786e-03	3.29995346e-01	2.66741732e-02	1.01655759e-01
11              	-2.11769958e-01	-2.43369037e-03	3.27472915e-01	3.09466703e-02	1.19847546e-01
12              	-2.09191122e-01	-2.06753065e-03	3.21413528e-01	3.87893066e-02	1.53265607e-01
13              	-2.08285758e-01	-1.78355695e-03	3.18307986e-01	4.20212314e-02	1.67036462e-01
14              	-2.09257775e-01	-1.77425896e-03	3.19660337e-01	3.94569765e-02	1.56100866e-01
15              	-2.10501776e-01	-1.92162551e-03	3.22393488e-01	3.53861403e-02	1.38748200e-01
16              	-2.10783693e-01	-2.03473029e-03	3.23513174e-01	3.38947834e-02	1.32394150e-01
17              	-2.10215256e-01	-2.02115612e-03	3.22602530e-01	3.54336211e-02	1.38954509e-01
18              	-2.09656963e-01	-1.95095221e-03	3.21351028e-01	3.76563146e-02	1.48419877e-01
19              	-2.09656101e-01	-1.90062831e-03	3.21035644e-01	3.84217105e-02	1.51667493e-01
20              	-2.10046217e-01	-1.89868447e-03	3.21593388e-01	3.75664127e-02	1.48014124e-01
21              	-2.10333119e-01	-1.91603302e-03	3.22122989e-01	3.63969518e-02	1.43038598e-01
22              	-2.10266464e-01	-1.92123602e-03	3.22064123e-01	3.60621247e-02	1.41628606e-01
23              	-2.09993518e-01	-1.91797597e-03	3.21653750e-01	3.66384892e-02	1.44090560e-01
24              	-2.09807554e-01	-1.92793390e-03	3.21451521e-01	3.73865526e-02	1.47264729e-01
25              	-2.09849962e-01	-1.96958947e-03	3.21777393e-01	3.76453411e-02	1.48339519e-01
26              	-2.10024909e-01	-2.01845612e-03	3.22339293e-01	3.73619835e-02	1.47108182e-01
27              	-2.10151747e-01	-2.04047103e-03	3.22662244e-01	3.69444535e-02	1.45323623e-01
28              	-2.10133947e-01	-2.03716089e-03	3.22615063e-01	3.67870593e-02	1.44664763e-01
29              	-2.10016248e-01	-2.02292736e-03	3.22354064e-01	3.69623004e-02	1.45428111e-01
30              	-2.09909098e-01	-2.02453537e-03	3.22207674e-01	3.72565591e-02	1.46690419e-01
31              	-2.09879307e-01	-2.04538577e-03	3.22295163e-01	3.74271716e-02	1.47414344e-01
32              	-2.09911807e-01	-2.08787178e-03	3.22608274e-01	3.74073097e-02	1.47318702e-01
33              	-2.09949176e-01	-2.13190137e-03	3.22936717e-01	3.72936439e-02	1.46823855e-01
34              	-2.09947777e-01	-2.16343584e-03	3.23129100e-01	3.72208241e-02	1.46507815e-01
35              	-2.09910918e-01	-2.19069992e-03	3.23242839e-01	3.72393157e-02	1.46584109e-01
36              	-2.09873111e-01	-2.22454506e-03	3.23396536e-01	3.73050322e-02	1.46861292e-01
37              	-2.09860078e-01	-2.27027107e-03	3.23658990e-01	3.73587660e-02	1.47086492e-01
38              	-2.09877814e-01	-2.32564384e-03	3.24023673e-01	3.73861788e-02	1.47197050e-01
39              	-2.09914132e-01	-2.36141336e-03	3.24293193e-01	3.74012015e-02	1.47251853e-01
40              	-2.09954068e-01	-2.33684943e-03	3.24198477e-01	3.74246924e-02	1.47341344e-01
41              	-2.09987460e-01	-2.24553138e-03	3.23688000e-01	3.74426581e-02	1.47409842e-01
42              	-2.10007352e-01	-2.16130642e-03	3.23203956e-01	3.74557888e-02	1.47458832e-01
43              	-2.10016971e-01	-2.12272605e-03	3.22985127e-01	3.74697317e-02	1.47512143e-01
44              	-2.10017689e-01	-2.11334360e-03	3.22929681e-01	3.74945857e-02	1.47616229e-01
45              	-2.10012196e-01	-2.09726349e-03	3.22820871e-01	3.75338258e-02	1.47787795e-01
46              	-2.10005223e-01	-2.05200959e-03	3.22530458e-01	3.75838320e-02	1.48009042e-01
47              	-2.10002485e-01	-1.98955840e-03	3.22142014e-01	3.76308331e-02	1.48216598e-01
48              	-2.10004076e-01	-1.93779787e-03	3.21827308e-01	3.76633346e-02	1.48358176e-01
49              	-2.10005510e-01	-1.93034576e-03	3.21785471e-01	3.76792856e-02	1.48424559e-01
50              	-2.09999589e-01	-1.96411046e-03	3.21986054e-01	3.76893941e-02	1.48464423e-01
51              	-2.09980540e-01	-1.99395863e-03	3.22141907e-01	3.77057807e-02	1.48535397e-01
52              	-2.09952010e-01	-1.99968878e-03	3.22134559e-01	3.77353698e-02	1.48667170e-01
53              	-2.09922103e-01	-1.98613575e-03	3.22007676e-01	3.77724799e-02	1.48832267e-01
54              	-2.09896407e-01	-1.96125126e-03	3.21818390e-01	3.78062869e-02	1.48982352e-01
55              	-2.09877429e-01	-1.92291474e-03	3.21555654e-01	3.78265559e-02	1.49074621e-01
56              	-2.09862256e-01	-1.88357237e-03	3.21290965e-01	3.78291295e-02	1.49090571e-01
57              	-2.09846226e-01	-1.84584133e-03	3.21034421e-01	3.78146374e-02	1.49033245e-01
58              	-2.09827415e-01	-1.80622505e-03	3.20762081e-01	3.77898895e-02	1.48932333e-01
59              	-2.09806516e-01	-1.76850356e-03	3.20497589e-01	3.77575261e-02	1.48800446e-01
60              	-2.09786235e-01	-1.73079648e-03	3.20231932e-01	3.77240875e-02	1.48666703e-01
61              	-2.09769843e-01	-1.69402137e-03	3.19975604e-01	3.76941914e-02	1.48549451e-01
62              	-2.09762042e-01	-1.67126603e-03	3.19817182e-01	3.76729362e-02	1.48466495e-01
63              	-2.09764753e-01	-1.67286331e-03	3.19824043e-01	3.76609889e-02	1.48419696e-01
64              	-2.09775855e-01	-1.68825580e-03	3.19926842e-01	3.76586053e-02	1.48414309e-01
65              	-2.09795566e-01	-1.71730445e-03	3.20125249e-01	3.76722309e-02	1.48478541e-01
66              	-2.09817453e-01	-1.74350903e-03	3.20311056e-01	3.76949346e-02	1.48582535e-01
67              	-2.09836314e-01	-1.76941087e-03	3.20493553e-01	3.77213932e-02	1.48699402e-01
68              	-2.09842913e-01	-1.77191309e-03	3.20518802e-01	3.77462997e-02	1.48806969e-01
69              	-2.09837318e-01	-1.74021308e-03	3.20318503e-01	3.77655160e-02	1.48891134e-01
70              	-2.09823748e-01	-1.69295808e-03	3.20010450e-01	3.77895563e-02	1.48997941e-01
71              	-2.09806404e-01	-1.65211879e-03	3.19735060e-01	3.78289426e-02	1.49170128e-01
72              	-2.09788230e-01	-1.65109960e-03	3.19702563e-01	3.78792749e-02	1.49385054e-01
73              	-2.09770502e-01	-1.68464533e-03	3.19882782e-01	3.79314212e-02	1.49603488e-01
74              	-2.09753903e-01	-1.71269797e-03	3.20030126e-01	3.79742414e-02	1.49781809e-01
75              	-2.09739474e-01	-1.70764880e-03	3.19975703e-01	3.80026690e-02	1.49902192e-01
76              	-2.09725296e-01	-1.67589524e-03	3.19755983e-01	3.80205123e-02	1.49981038e-01
77              	-2.09709340e-01	-1.63246703e-03	3.19461644e-01	3.80335077e-02	1.50040758e-01
78              	-2.09689911e-01	-1.58416898e-03	3.19132934e-01	3.80440635e-02	1.50090521e-01
79              	-2.09668509e-01	-1.54755917e-03	3.18873808e-01	3.80464001e-02	1.50104336e-01
80              	-2.09647043e-01	-1.52475774e-03	3.18698953e-01	3.80397008e-02	1.50078971e-01
81              	-2.09627974e-01	-1.50255886e-03	3.18530273e-01	3.80278808e-02	1.50031945e-01
82              	-2.09612218e-01	-1.48936909e-03	3.18421534e-01	3.80082718e-02	1.49950990e-01
83              	-2.09597465e-01	-1.47524021e-03	3.18309048e-01	3.79910403e-02	1.49879932e-01
84              	-2.09585290e-01	-1.47335710e-03	3.18278644e-01	3.79778005e-02	1.49822654e-01
85              	-2.09577062e-01	-1.49301416e-03	3.18390655e-01	3.79698179e-02	1.49782907e-01
86              	-2.09572062e-01	-1.53125195e-03	3.18624876e-01	3.79698879e-02	1.49773710e-01
87              	-2.09571607e-01	-1.55826392e-03	3.18797661e-01	3.79812906e-02	1.49812011e-01
88              	-2.09575355e-01	-1.55521409e-03	3.18791852e-01	3.80059533e-02	1.49907671e-01
89              	-2.09579749e-01	-1.54484190e-03	3.18741652e-01	3.80338645e-02	1.50018901e-01
90              	-2.09579931e-01	-1.55675476e-03	3.18821254e-01	3.80575899e-02	1.50113538e-01
91              	-2.09572227e-01	-1.59700749e-03	3.19061887e-01	3.80780299e-02	1.50194812e-01
92              	-2.09556941e-01	-1.64106932e-03	3.19313067e-01	3.81027993e-02	1.50296030e-01
93              	-2.09535429e-01	-1.67364279e-03	3.19483398e-01	3.81424485e-02	1.50461839e-01
94              	-2.09509997e-01	-1.69499662e-03	3.19578558e-01	3.81957963e-02	1.50687227e-01
95              	-2.09483561e-01	-1.70767571e-03	3.19618130e-01	3.82527535e-02	1.50929938e-01
96              	-2.09458228e-01	-1.70723579e-03	3.19577239e-01	3.83066168e-02	1.51161703e-01
97              	-2.09433478e-01	-1.68356808e-03	3.19392604e-01	3.83541943e-02	1.51370271e-01
98              	-2.09408206e-01	-1.64592196e-03	3.19120035e-01	3.83924819e-02	1.51541852e-01
99              	-2.09382091e-01	-1.60436396e-03	3.18822265e-01	3.84214544e-02	1.51674014e-01
100             	-2.09355903e-01	-1.56709799e-03	3.18551268e-01	3.84396674e-02	1.51758778e-01
101             	-2.09331153e-01	-1.53879292e-03	3.18337737e-01	3.84481941e-02	1.51799672e-01
102             	-2.09307939e-01	-1.51327737e-03	3.18143078e-01	3.84526299e-02	1.51821811e-01
103             	-2.09285402e-01	-1.49160939e-03	3.17972864e-01	3.84584510e-02	1.51848155e-01
104             	-2.09264414e-01	-1.47162355e-03	3.17816363e-01	3.84669108e-02	1.51882846e-01
105             	-2.09245886e-01	-1.46121902e-03	3.17725127e-01	3.84742564e-02	1.51909011e-01
106             	-2.09231012e-01	-1.46317958e-03	3.17718168e-01	3.84772533e-02	1.51913859e-01
107             	-2.09219561e-01	-1.47004401e-03	3.17748155e-01	3.84805887e-02	1.51919022e-01
108             	-2.09210089e-01	-1.46770925e-03	3.17724999e-01	3.84912591e-02	1.51955791e-01
109             	-2.09201069e-01	-1.46994712e-03	3.17728950e-01	3.85072862e-02	1.52016703e-01
110             	-2.09189352e-01	-1.48949584e-03	3.17833797e-01	3.85289393e-02	1.52102541e-01
111             	-2.09172512e-01	-1.52037396e-03	3.18000378e-01	3.85603725e-02	1.52230264e-01
112             	-2.09150837e-01	-1.54587029e-03	3.18126876e-01	3.86043800e-02	1.52412073e-01
113             	-2.09126072e-01	-1.56827510e-03	3.18229550e-01	3.86587395e-02	1.52638326e-01
114             	-2.09098429e-01	-1.59334107e-03	3.18344087e-01	3.87163165e-02	1.52879291e-01
115             	-2.09068277e-01	-1.62211073e-03	3.18477206e-01	3.87739440e-02	1.53122158e-01
116             	-2.09037428e-01	-1.64104566e-03	3.18547871e-01	3.88306632e-02	1.53363154e-01
117             	-2.09006503e-01	-1.64149571e-03	3.18503962e-01	3.88851885e-02	1.53596760e-01
118             	-2.08975345e-01	-1.62558342e-03	3.18358704e-01	3.89338550e-02	1.53806724e-01
119             	-2.08944067e-01	-1.60459725e-03	3.18181960e-01	3.89742846e-02	1.53982112e-01
120             	-2.08913311e-01	-1.58608992e-03	3.18021411e-01	3.90060059e-02	1.54119882e-01
121             	-2.08883594e-01	-1.57440070e-03	3.17904284e-01	3.90284706e-02	1.54217127e-01
122             	-2.08856320e-01	-1.56457408e-03	3.17801880e-01	3.90423970e-02	1.54276632e-01
123             	-2.08831949e-01	-1.56024743e-03	3.17737311e-01	3.90476203e-02	1.54297455e-01
124             	-2.08809080e-01	-1.55716312e-03	3.17682507e-01	3.90496670e-02	1.54303833e-01
125             	-2.08787391e-01	-1.55460928e-03	3.17633530e-01	3.90505981e-02	1.54304548e-01
126             	-2.08767082e-01	-1.55751319e-03	3.17621982e-01	3.90521565e-02	1.54306700e-01
127             	-2.08747865e-01	-1.56458651e-03	3.17639847e-01	3.90575566e-02	1.54323440e-01
128             	-2.08730649e-01	-1.56484662e-03	3.17620060e-01	3.90673344e-02	1.54358390e-01
129             	-2.08715038e-01	-1.54384354e-03	3.17472244e-01	3.90859040e-02	1.54432113e-01
130             	-2.08700151e-01	-1.52605895e-03	3.17344627e-01	3.91111538e-02	1.54535496e-01
131             	-2.08682257e-01	-1.52860661e-03	3.17337004e-01	3.91449215e-02	1.54675859e-01
132             	-2.08659927e-01	-1.54956747e-03	3.17435417e-01	3.91916834e-02	1.54871788e-01
133             	-2.08635126e-01	-1.57566405e-03	3.17560841e-01	3.92482033e-02	1.55110051e-01
134             	-2.08609395e-01	-1.58952627e-03	3.17609180e-01	3.93099662e-02	1.55371961e-01
135             	-2.08581973e-01	-1.60001971e-03	3.17634425e-01	3.93717517e-02	1.55634557e-01
136             	-2.08551137e-01	-1.61968597e-03	3.17711399e-01	3.94316612e-02	1.55889590e-01
137             	-2.08518444e-01	-1.65206800e-03	3.17863754e-01	3.94888647e-02	1.56132643e-01
138             	-2.08485152e-01	-1.67769347e-03	3.17972721e-01	3.95427664e-02	1.56361726e-01
139             	-2.08451624e-01	-1.67808360e-03	3.17924641e-01	3.95928032e-02	1.56575608e-01
140             	-2.08418184e-01	-1.65826901e-03	3.17751674e-01	3.96359111e-02	1.56760470e-01
141             	-2.08385567e-01	-1.63076540e-03	3.17532427e-01	3.96692797e-02	1.56903538e-01
142             	-2.08353965e-01	-1.60598571e-03	3.17331348e-01	3.96933716e-02	1.57006046e-01
143             	-2.08323804e-01	-1.58747838e-03	3.17170525e-01	3.97104712e-02	1.57077753e-01
144             	-2.08295267e-01	-1.57420312e-03	3.17043676e-01	3.97237783e-02	1.57132262e-01
145             	-2.08268398e-01	-1.55856665e-03	3.16904013e-01	3.97352017e-02	1.57178726e-01
146             	-2.08242688e-01	-1.53466430e-03	3.16715257e-01	3.97463751e-02	1.57224615e-01
147             	-2.08217474e-01	-1.51496370e-03	3.16555015e-01	3.97583047e-02	1.57272802e-01
148             	-2.08193621e-01	-1.50287975e-03	3.16445986e-01	3.97746076e-02	1.57338308e-01
149             	-2.08171460e-01	-1.49755636e-03	3.16382986e-01	3.97976614e-02	1.57431689e-01
150             	-2.08153206e-01	-1.48442697e-03	3.16278257e-01	3.98258442e-02	1.57547837e-01
151             	-2.08136971e-01	-1.46184426e-03	3.16118377e-01	3.98607698e-02	1.57694461e-01
152             	-2.08119784e-01	-1.45619523e-03	3.16060705e-01	3.99022613e-02	1.57870057e-01
153             	-2.08097764e-01	-1.48158170e-03	3.16186603e-01	3.99530628e-02	1.58084774e-01
154             	-2.08071925e-01	-1.52522637e-03	3.16419272e-01	4.00100687e-02	1.58325409e-01
155             	-2.08045252e-01	-1.56552871e-03	3.16630065e-01	4.00687532e-02	1.58573997e-01
156             	-2.08018444e-01	-1.59189702e-03	3.16754543e-01	4.01272270e-02	1.58823089e-01
157             	-2.07990460e-01	-1.61491496e-03	3.16856670e-01	4.01828731e-02	1.59060427e-01
158             	-2.07960154e-01	-1.64692567e-03	3.17011124e-01	4.02355201e-02	1.59283913e-01
159             	-2.07928872e-01	-1.68667284e-03	3.17211551e-01	4.02845405e-02	1.59490093e-01
160             	-2.07897478e-01	-1.71109083e-03	3.17316221e-01	4.03299743e-02	1.59680786e-01
161             	-2.07865289e-01	-1.70130587e-03	3.17207803e-01	4.03735622e-02	1.59864905e-01
162             	-2.07832504e-01	-1.66608105e-03	3.16941154e-01	4.04136524e-02	1.60034914e-01
163             	-2.07799699e-01	-1.62304822e-03	3.16625993e-01	4.04481529e-02	1.60181051e-01
164             	-2.07766561e-01	-1.58377604e-03	3.16332942e-01	4.04770247e-02	1.60302909e-01
165             	-2.07733283e-01	-1.55050910e-03	3.16076043e-01	4.05016061e-02	1.60406040e-01
166             	-2.07700085e-01	-1.52169312e-03	3.15845978e-01	4.05252659e-02	1.60504755e-01
167             	-2.07668004e-01	-1.49054554e-03	3.15602681e-01	4.05486521e-02	1.60602325e-01
168             	-2.07637417e-01	-1.45731038e-03	3.15348977e-01	4.05726836e-02	1.60702762e-01
169             	-2.07607948e-01	-1.43317507e-03	3.15154502e-01	4.05978399e-02	1.60807326e-01
170             	-2.07579649e-01	-1.42447121e-03	3.15058523e-01	4.06261922e-02	1.60924726e-01
171             	-2.07553447e-01	-1.43017297e-03	3.15056169e-01	4.06593453e-02	1.61061676e-01
172             	-2.07531015e-01	-1.44251543e-03	3.15101321e-01	4.06970259e-02	1.61217856e-01
173             	-2.07512366e-01	-1.44640216e-03	3.15100836e-01	4.07374661e-02	1.61387396e-01
174             	-2.07494189e-01	-1.44835431e-03	3.15090072e-01	4.07841006e-02	1.61584422e-01
175             	-2.07474250e-01	-1.46941930e-03	3.15194751e-01	4.08378137e-02	1.61811553e-01
176             	-2.07451264e-01	-1.52251087e-03	3.15491476e-01	4.08973111e-02	1.62062101e-01
177             	-2.07426412e-01	-1.59030737e-03	3.15874962e-01	4.09587145e-02	1.62320125e-01
178             	-2.07402074e-01	-1.64070955e-03	3.16151144e-01	4.10159836e-02	1.62562084e-01
179             	-2.07378665e-01	-1.66746110e-03	3.16282426e-01	4.10667743e-02	1.62777853e-01
180             	-2.07353320e-01	-1.68429630e-03	3.16349823e-01	4.11136785e-02	1.62977186e-01
181             	-2.07323758e-01	-1.70137363e-03	3.16412904e-01	4.11616553e-02	1.63180136e-01
182             	-2.07290724e-01	-1.71717846e-03	3.16462652e-01	4.12116510e-02	1.63390300e-01
183             	-2.07255073e-01	-1.71192856e-03	3.16378009e-01	4.12642711e-02	1.63611425e-01
184             	-2.07217703e-01	-1.67821999e-03	3.16114534e-01	4.13169926e-02	1.63833913e-01
185             	-2.07179822e-01	-1.62501597e-03	3.15729508e-01	4.13650240e-02	1.64037616e-01
186             	-2.07141561e-01	-1.56834677e-03	3.15321673e-01	4.14068516e-02	1.64215936e-01
187             	-2.07103327e-01	-1.51633439e-03	3.14942295e-01	4.14440385e-02	1.64374282e-01
188             	-2.07065814e-01	-1.47446463e-03	3.14626281e-01	4.14780327e-02	1.64518192e-01
189             	-2.07028925e-01	-1.44019670e-03	3.14357734e-01	4.15116228e-02	1.64659655e-01
190             	-2.06993529e-01	-1.41983893e-03	3.14176646e-01	4.15445838e-02	1.64797163e-01
191             	-2.06959931e-01	-1.41392909e-03	3.14086844e-01	4.15757625e-02	1.64926644e-01
192             	-2.06928178e-01	-1.41851966e-03	3.14065537e-01	4.16050588e-02	1.65047809e-01
193             	-2.06898365e-01	-1.43705313e-03	3.14134880e-01	4.16352280e-02	1.65172009e-01
194             	-2.06872113e-01	-1.46797584e-03	3.14287831e-01	4.16679664e-02	1.65305935e-01
195             	-2.06850573e-01	-1.49977363e-03	3.14454241e-01	4.17024737e-02	1.65447529e-01
196             	-2.06833430e-01	-1.51461307e-03	3.14523539e-01	4.17403878e-02	1.65605235e-01
197             	-2.06820431e-01	-1.51102370e-03	3.14486622e-01	4.17813888e-02	1.65777332e-01
198             	-2.06807548e-01	-1.50872000e-03	3.14458073e-01	4.18251214e-02	1.65962391e-01
199             	-2.06788890e-01	-1.52680099e-03	3.14545826e-01	4.18781440e-02	1.66187001e-01
200             	-2.06764390e-01	-1.56580195e-03	3.14752982e-01	4.19368939e-02	1.66435134e-01
201             	-2.06737004e-01	-1.60264517e-03	3.14941316e-01	4.19971152e-02	1.66690044e-01
202             	-2.06709766e-01	-1.61391124e-03	3.14971608e-01	4.20552045e-02	1.66937649e-01
203             	-2.06680511e-01	-1.60725426e-03	3.14888161e-01	4.21120274e-02	1.67181443e-01
204             	-2.06645688e-01	-1.60894214e-03	3.14848042e-01	4.21730357e-02	1.67443015e-01
205             	-2.06606649e-01	-1.62343480e-03	3.14880925e-01	4.22385671e-02	1.67721950e-01
206             	-2.06565378e-01	-1.62903167e-03	3.14855492e-01	4.23071298e-02	1.68012803e-01
207             	-2.06522944e-01	-1.60971047e-03	3.14674371e-01	4.23766850e-02	1.68307991e-01
208             	-2.06480058e-01	-1.56975829e-03	3.14364939e-01	4.24405262e-02	1.68579638e-01
209             	-2.06437658e-01	-1.52660716e-03	3.14035903e-01	4.24951743e-02	1.68812112e-01
210             	-2.06396858e-01	-1.49054625e-03	3.13752658e-01	4.25401061e-02	1.69002040e-01
211             	-2.06357946e-01	-1.46787820e-03	3.13554245e-01	4.25762663e-02	1.69153107e-01
212             	-2.06320950e-01	-1.44712476e-03	3.13369699e-01	4.26088652e-02	1.69288396e-01
213             	-2.06285581e-01	-1.43116199e-03	3.13216159e-01	4.26414222e-02	1.69422677e-01
214             	-2.06252564e-01	-1.41608743e-03	3.13070391e-01	4.26720166e-02	1.69549046e-01
215             	-2.06222755e-01	-1.40477621e-03	3.12952541e-01	4.26976911e-02	1.69654539e-01
216             	-2.06195405e-01	-1.40678158e-03	3.12921723e-01	4.27176320e-02	1.69735272e-01
217             	-2.06170036e-01	-1.41707826e-03	3.12946427e-01	4.27377999e-02	1.69817134e-01
218             	-2.06146809e-01	-1.42501221e-03	3.12961390e-01	4.27644365e-02	1.69926547e-01
219             	-2.06127986e-01	-1.40992831e-03	3.12842238e-01	4.27958829e-02	1.70058233e-01
220             	-2.06112562e-01	-1.36971526e-03	3.12574727e-01	4.28359344e-02	1.70228656e-01
221             	-2.06096771e-01	-1.33256097e-03	3.12326092e-01	4.28845421e-02	1.70437209e-01
222             	-2.06075452e-01	-1.33323676e-03	3.12301889e-01	4.29461602e-02	1.70700683e-01
223             	-2.06047631e-01	-1.37777506e-03	3.12537239e-01	4.30174522e-02	1.71004151e-01
224             	-2.06016970e-01	-1.43714934e-03	3.12859001e-01	4.30929260e-02	1.71325111e-01
225             	-2.05986698e-01	-1.47289999e-03	3.13035856e-01	4.31667175e-02	1.71640605e-01
226             	-2.05954685e-01	-1.48786649e-03	3.13082773e-01	4.32381844e-02	1.71947633e-01
227             	-2.05917541e-01	-1.51333733e-03	3.13187355e-01	4.33102431e-02	1.72257241e-01
228             	-2.05875962e-01	-1.55745519e-03	3.13400592e-01	4.33832962e-02	1.72568797e-01
229             	-2.05833897e-01	-1.59600572e-03	3.13578122e-01	4.34535960e-02	1.72866503e-01
230             	-2.05792750e-01	-1.60355586e-03	3.13565152e-01	4.35191390e-02	1.73143079e-01
231             	-2.05752496e-01	-1.57932942e-03	3.13357179e-01	4.35766410e-02	1.73385142e-01
232             	-2.05712150e-01	-1.53915681e-03	3.13049888e-01	4.36247029e-02	1.73587129e-01
233             	-2.05671233e-01	-1.49210657e-03	3.12697887e-01	4.36649752e-02	1.73756426e-01
234             	-2.05630645e-01	-1.44965188e-03	3.12373407e-01	4.36984770e-02	1.73896054e-01
235             	-2.05591572e-01	-1.40369258e-03	3.12028432e-01	4.37275018e-02	1.74016321e-01
236             	-2.05553272e-01	-1.35786448e-03	3.11684327e-01	4.37554481e-02	1.74132067e-01
237             	-2.05516255e-01	-1.31196748e-03	3.11341174e-01	4.37807613e-02	1.74237002e-01
238             	-2.05480474e-01	-1.26433352e-03	3.10989048e-01	4.38053212e-02	1.74339521e-01
239             	-2.05445100e-01	-1.23428660e-03	3.10747690e-01	4.38331366e-02	1.74454679e-01
240             	-2.05411805e-01	-1.22172632e-03	3.10619135e-01	4.38672420e-02	1.74595626e-01
241             	-2.05382469e-01	-1.21766504e-03	3.10551278e-01	4.39087894e-02	1.74767714e-01
242             	-2.05359962e-01	-1.20568255e-03	3.10445711e-01	4.39529695e-02	1.74953375e-01
243             	-2.05342386e-01	-1.18221248e-03	3.10278013e-01	4.40021714e-02	1.75163159e-01
244             	-2.05324286e-01	-1.17165303e-03	3.10190463e-01	4.40620573e-02	1.75419159e-01
245             	-2.05301578e-01	-1.20377265e-03	3.10359235e-01	4.41350867e-02	1.75730463e-01
246             	-2.05272398e-01	-1.28268837e-03	3.10806082e-01	4.42191579e-02	1.76087230e-01
247             	-2.05241504e-01	-1.38353682e-03	3.11384442e-01	4.43023341e-02	1.76439417e-01
248             	-2.05212020e-01	-1.45704929e-03	3.11795995e-01	4.43779634e-02	1.76761374e-01
249             	-2.05182989e-01	-1.49991995e-03	3.12019122e-01	4.44464376e-02	1.77054286e-01
250             	-2.05150392e-01	-1.53353856e-03	3.12180141e-01	4.45117033e-02	1.77333712e-01
251             	-2.05112252e-01	-1.57137985e-03	3.12359286e-01	4.45791637e-02	1.77620441e-01
252             	-2.05072268e-01	-1.60808775e-03	3.12528281e-01	4.46457139e-02	1.77900002e-01
253             	-2.05032041e-01	-1.61599165e-03	3.12518684e-01	4.47090588e-02	1.78164412e-01
254             	-2.04990416e-01	-1.58330181e-03	3.12255687e-01	4.47674629e-02	1.78409151e-01
255             	-2.04946035e-01	-1.51919036e-03	3.11793520e-01	4.48215239e-02	1.78637798e-01
256             	-2.04899870e-01	-1.44452436e-03	3.11262460e-01	4.48680058e-02	1.78834901e-01
257             	-2.04853540e-01	-1.37315840e-03	3.10750973e-01	4.49075569e-02	1.79001175e-01
258             	-2.04808543e-01	-1.30520205e-03	3.10261791e-01	4.49423576e-02	1.79146668e-01
259             	-2.04765009e-01	-1.23656874e-03	3.09769880e-01	4.49759626e-02	1.79287444e-01
260             	-2.04722207e-01	-1.17642481e-03	3.09330906e-01	4.50095998e-02	1.79428501e-01
261             	-2.04679736e-01	-1.13073857e-03	3.08981115e-01	4.50421419e-02	1.79565065e-01
262             	-2.04638802e-01	-1.11572217e-03	3.08822971e-01	4.50763849e-02	1.79707433e-01
263             	-2.04600682e-01	-1.12836267e-03	3.08841325e-01	4.51134044e-02	1.79860356e-01
264             	-2.04566889e-01	-1.15296754e-03	3.08943017e-01	4.51557755e-02	1.80035360e-01
265             	-2.04539930e-01	-1.18247977e-03	3.09087847e-01	4.52036491e-02	1.80233497e-01
266             	-2.04523145e-01	-1.20531097e-03	3.09208187e-01	4.52503336e-02	1.80428270e-01
267             	-2.04510381e-01	-1.21355468e-03	3.09246425e-01	4.53045266e-02	1.80656870e-01
268             	-2.04495730e-01	-1.24646838e-03	3.09433468e-01	4.53683713e-02	1.80927745e-01
269             	-2.04475100e-01	-1.32145045e-03	3.09869477e-01	4.54416057e-02	1.81237576e-01
270             	-2.04449768e-01	-1.41976979e-03	3.10440921e-01	4.55177764e-02	1.81558721e-01
271             	-2.04422936e-01	-1.49740494e-03	3.10881818e-01	4.55925544e-02	1.81874555e-01
272             	-2.04395671e-01	-1.52642551e-03	3.11021923e-01	4.56633545e-02	1.82175987e-01
273             	-2.04365318e-01	-1.52338741e-03	3.10959919e-01	4.57291797e-02	1.82457992e-01
274             	-2.04326230e-01	-1.52576421e-03	3.10919584e-01	4.58004059e-02	1.82761515e-01
275             	-2.04280711e-01	-1.55005547e-03	3.11004706e-01	4.58787829e-02	1.83091575e-01
276             	-2.04231516e-01	-1.56279993e-03	3.11012123e-01	4.59617194e-02	1.83439362e-01
277             	-2.04180404e-01	-1.53499879e-03	3.10765581e-01	4.60427591e-02	1.83780420e-01
278             	-2.04128039e-01	-1.45824481e-03	3.10214575e-01	4.61163533e-02	1.84093738e-01
279             	-2.04074770e-01	-1.36889661e-03	3.09583578e-01	4.61791202e-02	1.84362825e-01
280             	-2.04022064e-01	-1.28935336e-03	3.09013571e-01	4.62300597e-02	1.84580460e-01
281             	-2.03971260e-01	-1.24383586e-03	3.08655916e-01	4.62708348e-02	1.84751132e-01
282             	-2.03923275e-01	-1.21201172e-03	3.08385996e-01	4.63097375e-02	1.84911908e-01
283             	-2.03877129e-01	-1.18821976e-03	3.08167146e-01	4.63485392e-02	1.85072235e-01
284             	-2.03832754e-01	-1.16170425e-03	3.07933056e-01	4.63853267e-02	1.85225887e-01
285             	-2.03793686e-01	-1.14087167e-03	3.07742014e-01	4.64169425e-02	1.85357634e-01
286             	-2.03760503e-01	-1.14118718e-03	3.07691963e-01	4.64411457e-02	1.85456696e-01
287             	-2.03733566e-01	-1.16172829e-03	3.07778378e-01	4.64662909e-02	1.85557787e-01
288             	-2.03712456e-01	-1.19605206e-03	3.07961351e-01	4.64965068e-02	1.85679131e-01
289             	-2.03699974e-01	-1.20962166e-03	3.08029587e-01	4.65267407e-02	1.85803979e-01
290             	-2.03692256e-01	-1.17594033e-03	3.07815170e-01	4.65649772e-02	1.85967310e-01
291             	-2.03683757e-01	-1.14579976e-03	3.07621833e-01	4.66109744e-02	1.86165452e-01
292             	-2.03665698e-01	-1.15316752e-03	3.07645260e-01	4.66748510e-02	1.86438706e-01
293             	-2.03638239e-01	-1.20810199e-03	3.07946696e-01	4.67510467e-02	1.86762398e-01
294             	-2.03605876e-01	-1.27383907e-03	3.08305216e-01	4.68349344e-02	1.87119391e-01
295             	-2.03571274e-01	-1.30880416e-03	3.08469497e-01	4.69234146e-02	1.87498225e-01
296             	-2.03532883e-01	-1.32016839e-03	3.08482854e-01	4.70126384e-02	1.87882187e-01
297             	-2.03485675e-01	-1.33785237e-03	3.08524661e-01	4.71077465e-02	1.88290196e-01
298             	-2.03431847e-01	-1.38668591e-03	3.08750382e-01	4.72074284e-02	1.88713220e-01
299             	-2.03375692e-01	-1.43501785e-03	3.08969333e-01	4.73064597e-02	1.89130846e-01
300             	-2.03319403e-01	-1.44680442e-03	3.08961138e-01	4.73969765e-02	1.89512993e-01
301             	-2.03264177e-01	-1.41073953e-03	3.08658610e-01	4.74739897e-02	1.89839494e-01
302             	-2.03208093e-01	-1.37056484e-03	3.08329586e-01	4.75545849e-02	1.90178238e-01
303             	-2.03154333e-01	-1.32368979e-03	3.07961844e-01	4.76206140e-02	1.90454002e-01
304             	-2.03106158e-01	-1.28553921e-03	3.07654797e-01	4.76577157e-02	1.90605211e-01
305             	-2.03063543e-01	-1.23011358e-03	3.07246562e-01	4.76750238e-02	1.90674532e-01
306             	-2.03022962e-01	-1.17300167e-03	3.06828129e-01	4.76931941e-02	1.90749068e-01
307             	-2.02983261e-01	-1.12224062e-03	3.06449179e-01	4.77184829e-02	1.90853865e-01
308             	-2.02945402e-01	-1.06452464e-03	3.06029947e-01	4.77458726e-02	1.90968904e-01
309             	-2.02910293e-01	-1.02014233e-03	3.05699261e-01	4.77667142e-02	1.91054947e-01
310             	-2.02879983e-01	-9.84336027e-04	3.05431091e-01	4.77835495e-02	1.91122964e-01
311             	-2.02855638e-01	-9.58069439e-04	3.05233755e-01	4.77986365e-02	1.91183391e-01
312             	-2.02839702e-01	-9.21127948e-04	3.04984080e-01	4.78196184e-02	1.91272436e-01
313             	-2.02825151e-01	-8.68259700e-04	3.04639720e-01	4.78639302e-02	1.91463733e-01
314             	-2.02807882e-01	-8.46951892e-04	3.04485509e-01	4.79274940e-02	1.91738997e-01
315             	-2.02781103e-01	-8.84427877e-04	3.04679111e-01	4.80149085e-02	1.92114719e-01
316             	-2.02746342e-01	-9.70972864e-04	3.05162519e-01	4.81190881e-02	1.92559774e-01
317             	-2.02710030e-01	-1.05642387e-03	3.05636777e-01	4.82275647e-02	1.93023187e-01
318             	-2.02674521e-01	-1.11215983e-03	3.05929125e-01	4.83334640e-02	1.93477626e-01
319             	-2.02635457e-01	-1.16061045e-03	3.06171647e-01	4.84353034e-02	1.93916715e-01
320             	-2.02587270e-01	-1.23253408e-03	3.06547574e-01	4.85386299e-02	1.94360153e-01
321             	-2.02534064e-01	-1.33746479e-03	3.07120316e-01	4.86408662e-02	1.94792117e-01
322             	-2.02481091e-01	-1.43024991e-03	3.07618359e-01	4.87376891e-02	1.95195513e-01
323             	-2.02431386e-01	-1.46970154e-03	3.07791928e-01	4.88217140e-02	1.95543261e-01
324             	-2.02383053e-01	-1.43925237e-03	3.07535489e-01	4.88917657e-02	1.95834655e-01
325             	-2.02333737e-01	-1.36699344e-03	3.07017408e-01	4.89466451e-02	1.96064696e-01
326             	-2.02283920e-01	-1.27336568e-03	3.06364774e-01	4.89873827e-02	1.96235253e-01
327             	-2.02235432e-01	-1.19451601e-03	3.05803026e-01	4.90129740e-02	1.96339419e-01
328             	-2.02188226e-01	-1.10433765e-03	3.05170332e-01	4.90325743e-02	1.96419706e-01
329             	-2.02141388e-01	-1.00880620e-03	3.04503758e-01	4.90509565e-02	1.96496211e-01
330             	-2.02093081e-01	-9.09894853e-04	3.03814391e-01	4.90713981e-02	1.96582722e-01
331             	-2.02044737e-01	-8.10759889e-04	3.03124792e-01	4.90925059e-02	1.96672366e-01
332             	-2.01998417e-01	-7.42506532e-04	3.02631305e-01	4.91170090e-02	1.96773867e-01
333             	-2.01957990e-01	-6.97289615e-04	3.02291202e-01	4.91495337e-02	1.96908604e-01
334             	-2.01926022e-01	-6.73091803e-04	3.02095225e-01	4.91863702e-02	1.97063659e-01
335             	-2.01906279e-01	-6.55276508e-04	3.01957577e-01	4.92258256e-02	1.97233253e-01
336             	-2.01889891e-01	-6.43912901e-04	3.01867222e-01	4.92871022e-02	1.97496824e-01
337             	-2.01871300e-01	-6.87583297e-04	3.02113505e-01	4.93669788e-02	1.97839710e-01
338             	-2.01843449e-01	-7.93579930e-04	3.02730576e-01	4.94679872e-02	1.98271036e-01
339             	-2.01809672e-01	-9.37517368e-04	3.03572366e-01	4.95779674e-02	1.98738809e-01
340             	-2.01776815e-01	-1.07069509e-03	3.04348422e-01	4.96872864e-02	1.99204487e-01
341             	-2.01747875e-01	-1.16889536e-03	3.04913262e-01	4.97864276e-02	1.99628923e-01
342             	-2.01718673e-01	-1.24503715e-03	3.05340440e-01	4.98742091e-02	2.00006119e-01
343             	-2.01680813e-01	-1.32152636e-03	3.05758012e-01	4.99588280e-02	2.00368672e-01
344             	-2.01636400e-01	-1.40849095e-03	3.06231504e-01	5.00445870e-02	2.00730003e-01
345             	-2.01589249e-01	-1.46858806e-03	3.06535272e-01	5.01299213e-02	2.01084568e-01
346             	-2.01539783e-01	-1.46445269e-03	3.06438486e-01	5.02086080e-02	2.01411621e-01
347             	-2.01485760e-01	-1.38549384e-03	3.05871565e-01	5.02796588e-02	2.01711544e-01
348             	-2.01427672e-01	-1.26496503e-03	3.05039748e-01	5.03391953e-02	2.01966619e-01
349             	-2.01370220e-01	-1.13162191e-03	3.04128676e-01	5.03835659e-02	2.02156782e-01
350             	-2.01315889e-01	-1.01524540e-03	3.03325801e-01	5.04138242e-02	2.02284156e-01
351             	-2.01263479e-01	-8.90611929e-04	3.02473101e-01	5.04418291e-02	2.02403058e-01
352             	-2.01212260e-01	-7.70315416e-04	3.01647497e-01	5.04720672e-02	2.02532569e-01
353             	-2.01161444e-01	-6.66515657e-04	3.00923926e-01	5.05030416e-02	2.02665647e-01
354             	-2.01112888e-01	-5.77181339e-04	3.00293463e-01	5.05323993e-02	2.02792144e-01
355             	-2.01068565e-01	-5.51831171e-04	3.00065692e-01	5.05619031e-02	2.02915066e-01
356             	-2.01032243e-01	-5.65552705e-04	3.00093273e-01	5.05932139e-02	2.03043785e-01
357             	-2.01003675e-01	-6.05592269e-04	3.00299344e-01	5.06314034e-02	2.03201382e-01
358             	-2.00989778e-01	-6.55286501e-04	3.00589496e-01	5.06683723e-02	2.03355576e-01
359             	-2.00987532e-01	-6.89100013e-04	3.00802022e-01	5.07133591e-02	2.03545780e-01
360             	-2.00988282e-01	-7.47047756e-04	3.01168660e-01	5.07677898e-02	2.03777690e-01
361             	-2.00981164e-01	-8.64500283e-04	3.01889239e-01	5.08381496e-02	2.04077201e-01
362             	-2.00963640e-01	-1.02647169e-03	3.02866245e-01	5.09208107e-02	2.04428541e-01
363             	-2.00943687e-01	-1.18063171e-03	3.03788965e-01	5.10041636e-02	2.04783075e-01
364             	-2.00925702e-01	-1.26913666e-03	3.04308705e-01	5.10808905e-02	2.05111494e-01
365             	-2.00905686e-01	-1.29564119e-03	3.04442803e-01	5.11446625e-02	2.05386985e-01
366             	-2.00873663e-01	-1.30408115e-03	3.04450136e-01	5.12076443e-02	2.05658676e-01
367             	-2.00828382e-01	-1.33632154e-03	3.04586368e-01	5.12846025e-02	2.05984112e-01
368             	-2.00775837e-01	-1.36420812e-03	3.04684340e-01	5.13743316e-02	2.06358368e-01
369             	-2.00719506e-01	-1.34374381e-03	3.04476698e-01	5.14664821e-02	2.06743431e-01
370             	-2.00659885e-01	-1.25007129e-03	3.03810552e-01	5.15520033e-02	2.07106303e-01
371             	-2.00600750e-01	-1.11087558e-03	3.02862736e-01	5.16196062e-02	2.07398229e-01
372             	-2.00543668e-01	-9.67093410e-04	3.01888618e-01	5.16680258e-02	2.07609049e-01
373             	-2.00489172e-01	-8.57548092e-04	3.01128516e-01	5.16992278e-02	2.07744055e-01
374             	-2.00438951e-01	-7.70262126e-04	3.00510712e-01	5.17227189e-02	2.07844935e-01
375             	-2.00394269e-01	-7.18910537e-04	3.00120633e-01	5.17450014e-02	2.07938136e-01
376             	-2.00353478e-01	-6.84163705e-04	2.99838417e-01	5.17637796e-02	2.08015216e-01
377             	-2.00320927e-01	-6.48400673e-04	2.99564521e-01	5.17615203e-02	2.08001868e-01
378             	-2.00296760e-01	-6.43988872e-04	2.99498954e-01	5.17546751e-02	2.07966423e-01
379             	-2.00283371e-01	-6.60145314e-04	2.99577560e-01	5.17552711e-02	2.07962986e-01
380             	-2.00279090e-01	-7.05792533e-04	2.99853962e-01	5.17642697e-02	2.07995233e-01
381             	-2.00287965e-01	-7.51473450e-04	3.00151880e-01	5.17685989e-02	2.08009993e-01
382             	-2.00307305e-01	-7.47666932e-04	3.00162688e-01	5.17730207e-02	2.08029649e-01
383             	-2.00332976e-01	-7.43317979e-04	3.00180891e-01	5.17740792e-02	2.08038001e-01
384             	-2.00347232e-01	-7.89870728e-04	3.00494743e-01	5.17922567e-02	2.08120204e-01
385             	-2.00343513e-01	-8.64910885e-04	3.00955666e-01	5.18414684e-02	2.08334660e-01
386             	-2.00330106e-01	-9.35306623e-04	3.01370738e-01	5.19155870e-02	2.08654532e-01
387             	-2.00315776e-01	-9.60970659e-04	3.01506404e-01	5.19933234e-02	2.08991246e-01
388             	-2.00299057e-01	-9.55761643e-04	3.01447271e-01	5.20617382e-02	2.09290371e-01
389             	-2.00267477e-01	-9.73621041e-04	3.01510656e-01	5.21348825e-02	2.09609194e-01
390             	-2.00220289e-01	-1.03635306e-03	3.01829954e-01	5.22232674e-02	2.09987707e-01
391             	-2.00165954e-01	-1.09283244e-03	3.02099806e-01	5.23238053e-02	2.10414689e-01
392             	-2.00110650e-01	-1.07969667e-03	3.01938509e-01	5.24212519e-02	2.10831107e-01
393             	-2.00059319e-01	-9.93933595e-04	3.01335081e-01	5.24962952e-02	2.11156736e-01
394             	-2.00013604e-01	-8.88946333e-04	3.00621112e-01	5.25387140e-02	2.11343216e-01
395             	-1.99973038e-01	-8.15124207e-04	3.00105782e-01	5.25540233e-02	2.11410234e-01
396             	-1.99935544e-01	-7.69307139e-04	2.99766127e-01	5.25508931e-02	2.11396303e-01
397             	-1.99901899e-01	-7.04253422e-04	2.99310613e-01	5.25430130e-02	2.11364658e-01
398             	-1.99876801e-01	-6.33179865e-04	2.98827575e-01	5.25346332e-02	2.11330176e-01
399             	-1.99860904e-01	-5.54658892e-04	2.98310590e-01	5.25148496e-02	2.11246987e-01
400             	-1.99851803e-01	-4.54199359e-04	2.97667457e-01	5.24880183e-02	2.11135514e-01
401             	-1.99850450e-01	-3.85033973e-04	2.97230368e-01	5.24545256e-02	2.10994119e-01
402             	-1.99856900e-01	-3.29950111e-04	2.96893966e-01	5.24205717e-02	2.10851926e-01
403             	-1.99873827e-01	-3.01517256e-04	2.96742501e-01	5.23812854e-02	2.10685579e-01
404             	-1.99896717e-01	-2.60950043e-04	2.96528948e-01	5.23541493e-02	2.10571771e-01
405             	-1.99921194e-01	-1.94746101e-04	2.96159934e-01	5.23435235e-02	2.10532666e-01
406             	-1.99941614e-01	-1.52126609e-04	2.95930247e-01	5.23522249e-02	2.10580346e-01
407             	-1.99950543e-01	-1.69791788e-04	2.96055878e-01	5.23921439e-02	2.10760739e-01
408             	-1.99948631e-01	-2.39678239e-04	2.96485453e-01	5.24643667e-02	2.11077501e-01
409             	-1.99937711e-01	-3.18078762e-04	2.96951918e-01	5.25552939e-02	2.11474735e-01
410             	-1.99921984e-01	-3.69142072e-04	2.97241741e-01	5.26436883e-02	2.11864566e-01
411             	-1.99897053e-01	-4.16033264e-04	2.97493818e-01	5.27224219e-02	2.12215285e-01
412             	-1.99861553e-01	-5.11817993e-04	2.98035222e-01	5.28007175e-02	2.12560643e-01
413             	-1.99821986e-01	-6.37497784e-04	2.98755964e-01	5.28823858e-02	2.12912762e-01
414             	-1.99783620e-01	-7.11504238e-04	2.99159253e-01	5.29585042e-02	2.13239008e-01
415             	-1.99749807e-01	-7.18102654e-04	2.99152568e-01	5.30162317e-02	2.13488288e-01
416             	-1.99719165e-01	-6.57300182e-04	2.98733116e-01	5.30531141e-02	2.13652750e-01
417             	-1.99691358e-01	-5.65372782e-04	2.98123854e-01	5.30719821e-02	2.13741033e-01
418             	-1.99669274e-01	-4.68991035e-04	2.97493690e-01	5.30696388e-02	2.13735678e-01
419             	-1.99652199e-01	-3.81005742e-04	2.96918699e-01	5.30515766e-02	2.13661951e-01
420             	-1.99641781e-01	-2.80845329e-04	2.96273752e-01	5.30301890e-02	2.13574334e-01
421             	-1.99637845e-01	-1.80597697e-04	2.95634428e-01	5.30005337e-02	2.13451484e-01
422             	-1.99637279e-01	-4.56850355e-05	2.94785402e-01	5.29617277e-02	2.13291930e-01
423             	-1.99640350e-01	1.05267318e-04	2.93845754e-01	5.29103604e-02	2.13078311e-01
424             	-1.99646106e-01	2.37637737e-04	2.93030841e-01	5.28608725e-02	2.12869569e-01
425             	-1.99656276e-01	3.24553927e-04	2.92508941e-01	5.28193510e-02	2.12691554e-01
426             	-1.99676686e-01	3.69958969e-04	2.92263513e-01	5.27887252e-02	2.12556972e-01
427             	-1.99706819e-01	4.13808737e-04	2.92043979e-01	5.27738129e-02	2.12491859e-01
428             	-1.99740058e-01	4.47677253e-04	2.91888597e-01	5.27784539e-02	2.12517834e-01
429             	-1.99759625e-01	4.03127922e-04	2.92195392e-01	5.28125825e-02	2.12671785e-01
430             	-1.99763907e-01	2.74978615e-04	2.92996317e-01	5.28711002e-02	2.12927057e-01
431             	-1.99758995e-01	1.23505471e-04	2.93927271e-01	5.29424300e-02	2.13236853e-01
432             	-1.99751995e-01	6.13204528e-06	2.94642991e-01	5.30097956e-02	2.13535118e-01
433             	-1.99741535e-01	-9.20511680e-05	2.95233928e-01	5.30689878e-02	2.13802919e-01
434             	-1.99722458e-01	-2.46134268e-04	2.96158376e-01	5.31265047e-02	2.14059855e-01
435             	-1.99694477e-01	-4.34666555e-04	2.97282799e-01	5.31895324e-02	2.14332928e-01
436             	-1.99663992e-01	-5.85434252e-04	2.98169798e-01	5.32531012e-02	2.14602472e-01
437             	-1.99636654e-01	-6.39031098e-04	2.98462109e-01	5.33075587e-02	2.14833149e-01
438             	-1.99613444e-01	-5.97512318e-04	2.98171814e-01	5.33456771e-02	2.14998461e-01
439             	-1.99592918e-01	-4.91042328e-04	2.97480472e-01	5.33700581e-02	2.15110472e-01
440             	-1.99575115e-01	-3.60602558e-04	2.96642073e-01	5.33800527e-02	2.15160641e-01
441             	-1.99561008e-01	-2.34733456e-04	2.95834981e-01	5.33716217e-02	2.15129003e-01
442             	-1.99549191e-01	-8.35250685e-05	2.94872224e-01	5.33463108e-02	2.15026558e-01
443             	-1.99538270e-01	9.14818312e-05	2.93761919e-01	5.33088782e-02	2.14874425e-01
444             	-1.99529483e-01	2.80104656e-04	2.92572039e-01	5.32672984e-02	2.14702627e-01
445             	-1.99525499e-01	4.71408133e-04	2.91375677e-01	5.32262375e-02	2.14529342e-01
446             	-1.99529521e-01	6.13738536e-04	2.90498498e-01	5.31821933e-02	2.14338597e-01
447             	-1.99537938e-01	7.12954226e-04	2.89897723e-01	5.31453903e-02	2.14178665e-01
448             	-1.99554653e-01	7.66315625e-04	2.89596531e-01	5.31196246e-02	2.14064406e-01
449             	-1.99581507e-01	7.98681436e-04	2.89444272e-01	5.31038184e-02	2.13993025e-01
450             	-1.99616662e-01	7.88794224e-04	2.89563425e-01	5.30956917e-02	2.13957892e-01
451             	-1.99645518e-01	6.72841058e-04	2.90327050e-01	5.31027701e-02	2.13988348e-01
452             	-1.99660598e-01	4.88269817e-04	2.91493078e-01	5.31336098e-02	2.14122893e-01
453             	-1.99665817e-01	2.91481271e-04	2.92718379e-01	5.31852773e-02	2.14351121e-01
454             	-1.99667981e-01	1.45885635e-04	2.93621579e-01	5.32460421e-02	2.14623017e-01
455             	-1.99672009e-01	5.29915353e-06	2.94495336e-01	5.32985585e-02	2.14858886e-01
456             	-1.99670465e-01	-2.18029317e-04	2.95872848e-01	5.33448454e-02	2.15058870e-01
457             	-1.99659164e-01	-4.79622146e-04	2.97471873e-01	5.33956103e-02	2.15269894e-01
458             	-1.99639921e-01	-6.63348787e-04	2.98576040e-01	5.34558106e-02	2.15520170e-01
459             	-1.99617463e-01	-6.94984697e-04	2.98735184e-01	5.35189194e-02	2.15788787e-01
460             	-1.99596346e-01	-6.02291626e-04	2.98128056e-01	5.35680425e-02	2.16002940e-01
461             	-1.99577922e-01	-4.51086960e-04	2.97163160e-01	5.35946628e-02	2.16122516e-01
462             	-1.99559197e-01	-2.76425349e-04	2.96052296e-01	5.35993647e-02	2.16147947e-01
463             	-1.99538981e-01	-9.56685750e-05	2.94900768e-01	5.35835219e-02	2.16084173e-01
464             	-1.99518713e-01	9.48415478e-05	2.93687515e-01	5.35553870e-02	2.15967190e-01
465             	-1.99500910e-01	2.90900451e-04	2.92441393e-01	5.35218274e-02	2.15828007e-01
466             	-1.99487960e-01	4.71757294e-04	2.91295594e-01	5.34840730e-02	2.15669026e-01
467             	-1.99478976e-01	6.61928396e-04	2.90099187e-01	5.34491128e-02	2.15521648e-01
468             	-1.99476409e-01	8.15669103e-04	2.89141058e-01	5.34129149e-02	2.15366527e-01
469             	-1.99479740e-01	9.03724597e-04	2.88601664e-01	5.33810200e-02	2.15226762e-01
470             	-1.99493921e-01	8.97452500e-04	2.88665560e-01	5.33508330e-02	2.15089352e-01
471             	-1.99521119e-01	8.30038197e-04	2.89131307e-01	5.33219052e-02	2.14955911e-01
472             	-1.99557430e-01	7.22245566e-04	2.89857005e-01	5.32994251e-02	2.14856233e-01
473             	-1.99589138e-01	5.73818629e-04	2.90825570e-01	5.32989569e-02	2.14857509e-01
474             	-1.99611544e-01	3.84298191e-04	2.92034245e-01	5.33316369e-02	2.15001856e-01
475             	-1.99632096e-01	1.56581594e-04	2.93476241e-01	5.33838013e-02	2.15226055e-01
476             	-1.99652809e-01	-5.96885322e-05	2.94845465e-01	5.34400935e-02	2.15466407e-01
477             	-1.99672057e-01	-2.59405815e-04	2.96105293e-01	5.34810040e-02	2.15643312e-01
478             	-1.99677463e-01	-4.61686106e-04	2.97359058e-01	5.35194076e-02	2.15809674e-01
479             	-1.99669948e-01	-6.48843742e-04	2.98501522e-01	5.35621963e-02	2.15989595e-01
480             	-1.99652049e-01	-7.29884841e-04	2.98974101e-01	5.36114149e-02	2.16195814e-01
481             	-1.99627710e-01	-6.51271607e-04	2.98453759e-01	5.36593302e-02	2.16400603e-01
482             	-1.99597768e-01	-4.68611348e-04	2.97282461e-01	5.37003785e-02	2.16580995e-01
483             	-1.99564277e-01	-2.50737366e-04	2.95887574e-01	5.37287801e-02	2.16709311e-01
484             	-1.99531127e-01	-4.86082416e-05	2.94588195e-01	5.37352110e-02	2.16742794e-01
485             	-1.99501032e-01	1.29874420e-04	2.93435893e-01	5.37247635e-02	2.16703240e-01
486             	-1.99473372e-01	3.01083874e-04	2.92328638e-01	5.37073847e-02	2.16635049e-01
487             	-1.99448331e-01	4.85736157e-04	2.91139665e-01	5.36899340e-02	2.16570320e-01
488             	-1.99427563e-01	6.30268058e-04	2.90203696e-01	5.36719422e-02	2.16499746e-01
489             	-1.99412873e-01	7.44060645e-04	2.89469000e-01	5.36487021e-02	2.16402509e-01
490             	-1.99410322e-01	8.04245939e-04	2.89087169e-01	5.36147914e-02	2.16256073e-01
491             	-1.99421135e-01	8.08249598e-04	2.89078277e-01	5.35693308e-02	2.16058336e-01
492             	-1.99440848e-01	7.65465842e-04	2.89377394e-01	5.35273429e-02	2.15875724e-01
493             	-1.99472127e-01	6.54462451e-04	2.90120645e-01	5.35032592e-02	2.15763221e-01
494             	-1.99517618e-01	5.04915894e-04	2.91124165e-01	5.34898619e-02	2.15693825e-01
495             	-1.99571661e-01	3.20483592e-04	2.92352999e-01	5.34750739e-02	2.15622220e-01
496             	-1.99614529e-01	1.11682767e-04	2.93712189e-01	5.34783836e-02	2.15634181e-01
497             	-1.99645382e-01	-9.05554028e-05	2.95010406e-01	5.35051588e-02	2.15750236e-01
498             	-1.99674990e-01	-2.47409490e-04	2.96024213e-01	5.35396964e-02	2.15898957e-01
499             	-1.99702589e-01	-3.17359979e-04	2.96497146e-01	5.35626671e-02	2.16001409e-01
500             	-1.99713362e-01	-3.39862217e-04	2.96653300e-01	5.35786550e-02	2.16076313e-01
501             	-1.99698279e-01	-3.81572325e-04	2.96891720e-01	5.36101978e-02	2.16213536e-01
502             	-1.99667190e-01	-4.06740684e-04	2.97003393e-01	5.36635597e-02	2.16437789e-01
503             	-1.99628778e-01	-3.51935460e-04	2.96608884e-01	5.37306351e-02	2.16721204e-01
504             	-1.99587590e-01	-2.11007096e-04	2.95675980e-01	5.37934777e-02	2.16993609e-01
505             	-1.99545146e-01	-2.57467571e-05	2.94465273e-01	5.38487325e-02	2.17240638e-01
506             	-1.99502150e-01	1.59068426e-04	2.93254333e-01	5.38912716e-02	2.17437416e-01
507             	-1.99461775e-01	3.08797821e-04	2.92263241e-01	5.39152885e-02	2.17551653e-01
508             	-1.99427765e-01	4.23563493e-04	2.91497080e-01	5.39174073e-02	2.17568543e-01
509             	-1.99402111e-01	5.24923985e-04	2.90824604e-01	5.38990278e-02	2.17498483e-01
510             	-1.99385636e-01	5.74260366e-04	2.90485517e-01	5.38694438e-02	2.17376938e-01
511             	-1.99377851e-01	5.95358238e-04	2.90335646e-01	5.38264850e-02	2.17195222e-01
512             	-1.99379515e-01	6.20406603e-04	2.90179829e-01	5.37792891e-02	2.16992659e-01
513             	-1.99395257e-01	5.97924022e-04	2.90344501e-01	5.37336096e-02	2.16788842e-01
514             	-1.99429434e-01	5.21953594e-04	2.90871160e-01	5.36715526e-02	2.16512255e-01
515             	-1.99474475e-01	4.03141280e-04	2.91681101e-01	5.36112363e-02	2.16242534e-01
516             	-1.99528390e-01	3.19670298e-04	2.92286177e-01	5.35693793e-02	2.16055936e-01
517             	-1.99592306e-01	2.55402303e-04	2.92783379e-01	5.35261160e-02	2.15870316e-01
518             	-1.99650424e-01	1.73322170e-04	2.93379767e-01	5.34880468e-02	2.15710721e-01
519             	-1.99689412e-01	9.71774704e-05	2.93913267e-01	5.34750217e-02	2.15658252e-01
520             	-1.99709016e-01	4.72341103e-05	2.94256298e-01	5.34958780e-02	2.15750281e-01
521             	-1.99715451e-01	4.18677886e-05	2.94301901e-01	5.35448978e-02	2.15964387e-01
522             	-1.99708400e-01	4.04808144e-05	2.94299876e-01	5.36050920e-02	2.16227141e-01
523             	-1.99683725e-01	-3.15026422e-06	2.94531715e-01	5.36720478e-02	2.16518078e-01
524             	-1.99642536e-01	-7.16789075e-05	2.94891886e-01	5.37622603e-02	2.16905257e-01
525             	-1.99593507e-01	-9.78815929e-05	2.94978613e-01	5.38684719e-02	2.17360953e-01
526             	-1.99543306e-01	-3.15953514e-05	2.94493457e-01	5.39693368e-02	2.17799646e-01
527             	-1.99497079e-01	9.91594938e-05	2.93616831e-01	5.40447148e-02	2.18134868e-01
528             	-1.99456198e-01	2.28333968e-04	2.92757843e-01	5.40897771e-02	2.18340485e-01
529             	-1.99422616e-01	3.13486961e-04	2.92180640e-01	5.41008306e-02	2.18396973e-01
530             	-1.99398463e-01	3.43544195e-04	2.91955969e-01	5.40816686e-02	2.18319155e-01
531             	-1.99382721e-01	3.86859145e-04	2.91660312e-01	5.40387224e-02	2.18141105e-01
532             	-1.99374527e-01	4.57244166e-04	2.91206828e-01	5.39878751e-02	2.17930335e-01
533             	-1.99378706e-01	5.05124050e-04	2.90910289e-01	5.39266305e-02	2.17668734e-01
534             	-1.99396672e-01	5.64019223e-04	2.90566989e-01	5.38518533e-02	2.17346793e-01
535             	-1.99424946e-01	5.87490971e-04	2.90458902e-01	5.37745189e-02	2.17011394e-01
536             	-1.99463177e-01	5.79880949e-04	2.90560445e-01	5.36942837e-02	2.16662964e-01
537             	-1.99510877e-01	5.53030630e-04	2.90799354e-01	5.36113290e-02	2.16302623e-01
538             	-1.99567711e-01	5.78026655e-04	2.90738076e-01	5.35409779e-02	2.15996026e-01
539             	-1.99625617e-01	6.30992398e-04	2.90504098e-01	5.34881033e-02	2.15769555e-01
540             	-1.99669798e-01	6.39725334e-04	2.90521356e-01	5.34651497e-02	2.15674684e-01
541             	-1.99693312e-01	5.82578529e-04	2.90913700e-01	5.34864328e-02	2.15767535e-01
542             	-1.99703017e-01	5.01054552e-04	2.91434117e-01	5.35447627e-02	2.16017123e-01
543             	-1.99701289e-01	4.58548759e-04	2.91694431e-01	5.36303167e-02	2.16386201e-01
544             	-1.99686454e-01	4.13309196e-04	2.91950297e-01	5.37224270e-02	2.16786717e-01
545             	-1.99654904e-01	3.12288033e-04	2.92526068e-01	5.38106374e-02	2.17171205e-01
546             	-1.99610791e-01	1.84441980e-04	2.93249638e-01	5.38988886e-02	2.17553368e-01
547             	-1.99563688e-01	9.74568959e-05	2.93717830e-01	5.39902602e-02	2.17945838e-01
548             	-1.99521400e-01	1.00404322e-04	2.93638974e-01	5.40678579e-02	2.18283530e-01
549             	-1.99485452e-01	1.57686166e-04	2.93233593e-01	5.41151675e-02	2.18495897e-01
550             	-1.99456265e-01	2.27201144e-04	2.92761758e-01	5.41301216e-02	2.18570533e-01
551             	-1.99431161e-01	3.01682676e-04	2.92263984e-01	5.41157749e-02	2.18519083e-01
552             	-1.99410986e-01	3.78982320e-04	2.91754128e-01	5.40809836e-02	2.18378195e-01
553             	-1.99399893e-01	4.54558948e-04	2.91264868e-01	5.40300629e-02	2.18166108e-01
554             	-1.99399695e-01	5.42412047e-04	2.90711143e-01	5.39710140e-02	2.17918969e-01
555             	-1.99409224e-01	6.28071470e-04	2.90182908e-01	5.39094718e-02	2.17657644e-01
556             	-1.99429179e-01	7.39678749e-04	2.89511174e-01	5.38398935e-02	2.17360171e-01
557             	-1.99457226e-01	8.35854780e-04	2.88950410e-01	5.37569710e-02	2.17005073e-01
558             	-1.99489698e-01	9.01620744e-04	2.88590903e-01	5.36670941e-02	2.16617081e-01
559             	-1.99522557e-01	9.39133168e-04	2.88413107e-01	5.35968279e-02	2.16308723e-01
560             	-1.99560444e-01	9.94082064e-04	2.88140619e-01	5.35557267e-02	2.16124363e-01
561             	-1.99605297e-01	1.05787804e-03	2.87821648e-01	5.35393698e-02	2.16052494e-01
562             	-1.99644243e-01	1.04201546e-03	2.87982228e-01	5.35533313e-02	2.16112180e-01
563             	-1.99665504e-01	9.43002953e-04	2.88627672e-01	5.36001428e-02	2.16312073e-01
564             	-1.99669393e-01	8.18765489e-04	2.89402178e-01	5.36773389e-02	2.16641608e-01
565             	-1.99661374e-01	7.25794275e-04	2.89964843e-01	5.37637057e-02	2.17014803e-01
566             	-1.99642961e-01	6.44355327e-04	2.90440729e-01	5.38425419e-02	2.17360325e-01
567             	-1.99612972e-01	5.04803555e-04	2.91259842e-01	5.39177338e-02	2.17688802e-01
568             	-1.99574219e-01	3.36634674e-04	2.92242822e-01	5.39959534e-02	2.18026779e-01
569             	-1.99536200e-01	2.05567510e-04	2.92997442e-01	5.40656219e-02	2.18325388e-01
570             	-1.99504710e-01	1.59879169e-04	2.93234675e-01	5.41132737e-02	2.18532515e-01
571             	-1.99476261e-01	1.94267182e-04	2.92981081e-01	5.41384991e-02	2.18648810e-01
572             	-1.99450431e-01	2.83022489e-04	2.92394683e-01	5.41474927e-02	2.18698388e-01
573             	-1.99429749e-01	3.77470640e-04	2.91778976e-01	5.41382738e-02	2.18666890e-01
574             	-1.99416536e-01	4.63147441e-04	2.91223969e-01	5.41049255e-02	2.18530062e-01
575             	-1.99412183e-01	5.64001746e-04	2.90583193e-01	5.40569097e-02	2.18330972e-01
576             	-1.99416326e-01	6.73371487e-04	2.89898489e-01	5.40010581e-02	2.18097482e-01
577             	-1.99427307e-01	8.10666638e-04	2.89051929e-01	5.39359317e-02	2.17823293e-01
578             	-1.99443847e-01	9.90730174e-04	2.87953844e-01	5.38587460e-02	2.17497676e-01
579             	-1.99461443e-01	1.13753702e-03	2.87070478e-01	5.37801063e-02	2.17160069e-01
580             	-1.99480513e-01	1.23587589e-03	2.86495592e-01	5.37151835e-02	2.16875627e-01
581             	-1.99510534e-01	1.28238488e-03	2.86261690e-01	5.36667840e-02	2.16657093e-01
582             	-1.99551733e-01	1.30951209e-03	2.86165494e-01	5.36360884e-02	2.16515615e-01
583             	-1.99594449e-01	1.32501741e-03	2.86139414e-01	5.36298282e-02	2.16487490e-01
584             	-1.99622576e-01	1.26831372e-03	2.86534757e-01	5.36556724e-02	2.16600022e-01
585             	-1.99634167e-01	1.13823563e-03	2.87358275e-01	5.37099325e-02	2.16832431e-01
586             	-1.99634680e-01	9.91134505e-04	2.88270309e-01	5.37745069e-02	2.17109335e-01
587             	-1.99631475e-01	8.58569406e-04	2.89086309e-01	5.38313975e-02	2.17356926e-01
588             	-1.99619040e-01	7.15968423e-04	2.89950690e-01	5.38888760e-02	2.17609138e-01
589             	-1.99595059e-01	5.09494773e-04	2.91192011e-01	5.39522785e-02	2.17884321e-01
590             	-1.99563025e-01	3.04942999e-04	2.92408315e-01	5.40275688e-02	2.18206351e-01
591             	-1.99532743e-01	1.72391588e-04	2.93182253e-01	5.40940208e-02	2.18489248e-01
592             	-1.99508080e-01	1.29054110e-04	2.93414218e-01	5.41394811e-02	2.18682551e-01
593             	-1.99488455e-01	1.71981563e-04	2.93120515e-01	5.41607820e-02	2.18776172e-01
594             	-1.99469836e-01	2.67089736e-04	2.92502412e-01	5.41668527e-02	2.18809126e-01
595             	-1.99453615e-01	3.87021090e-04	2.91730598e-01	5.41615618e-02	2.18793739e-01
596             	-1.99442168e-01	5.10457064e-04	2.90941205e-01	5.41394951e-02	2.18704401e-01
597             	-1.99437384e-01	6.69481552e-04	2.89939195e-01	5.40925662e-02	2.18511070e-01
598             	-1.99436963e-01	8.61256705e-04	2.88741151e-01	5.40299490e-02	2.18251357e-01
599             	-1.99439733e-01	1.06769209e-03	2.87461476e-01	5.39664885e-02	2.17982825e-01
600             	-1.99448776e-01	1.24934452e-03	2.86348422e-01	5.38996384e-02	2.17694957e-01
601             	-1.99461972e-01	1.36919863e-03	2.85628408e-01	5.38361663e-02	2.17416674e-01
602             	-1.99479806e-01	1.44002300e-03	2.85222556e-01	5.37882221e-02	2.17202338e-01
603             	-1.99507042e-01	1.47780356e-03	2.85038262e-01	5.37557208e-02	2.17053793e-01
604             	-1.99543364e-01	1.47651728e-03	2.85107725e-01	5.37366255e-02	2.16964804e-01
605             	-1.99577462e-01	1.41453631e-03	2.85547359e-01	5.37357728e-02	2.16956853e-01
606             	-1.99601449e-01	1.27974653e-03	2.86421420e-01	5.37530143e-02	2.17028896e-01
607             	-1.99615243e-01	1.07972671e-03	2.87681953e-01	5.37911667e-02	2.17191842e-01
608             	-1.99621513e-01	8.87179181e-04	2.88882816e-01	5.38461439e-02	2.17430771e-01
609             	-1.99624146e-01	7.33377157e-04	2.89836507e-01	5.39032515e-02	2.17684014e-01
610             	-1.99618591e-01	5.54749356e-04	2.90932676e-01	5.39621074e-02	2.17942104e-01
611             	-1.99603966e-01	2.95328272e-04	2.92515263e-01	5.40184401e-02	2.18178916e-01
612             	-1.99584373e-01	5.87541526e-05	2.93948128e-01	5.40727769e-02	2.18401327e-01
613             	-1.99562941e-01	-5.47211764e-05	2.94615701e-01	5.41210851e-02	2.18601958e-01
614             	-1.99540564e-01	-2.94993167e-05	2.94423171e-01	5.41595968e-02	2.18768294e-01
615             	-1.99520269e-01	1.04353172e-04	2.93562430e-01	5.41831234e-02	2.18876019e-01
616             	-1.99502023e-01	2.82004816e-04	2.92433445e-01	5.41836402e-02	2.18887211e-01
617             	-1.99484529e-01	4.83748576e-04	2.91156021e-01	5.41625772e-02	2.18805844e-01
618             	-1.99468646e-01	6.82532162e-04	2.89897652e-01	5.41195023e-02	2.18628692e-01
619             	-1.99454642e-01	8.76318347e-04	2.88670478e-01	5.40703369e-02	2.18424657e-01
620             	-1.99445319e-01	1.05447356e-03	2.87545762e-01	5.40160149e-02	2.18196165e-01
621             	-1.99439542e-01	1.24327351e-03	2.86362206e-01	5.39686394e-02	2.17995426e-01
622             	-1.99440149e-01	1.42237781e-03	2.85251669e-01	5.39204942e-02	2.17790748e-01
623             	-1.99445875e-01	1.53640414e-03	2.84555284e-01	5.38778691e-02	2.17605629e-01
624             	-1.99460218e-01	1.56196513e-03	2.84423720e-01	5.38430907e-02	2.17447719e-01
625             	-1.99487777e-01	1.50203674e-03	2.84844690e-01	5.38117868e-02	2.17300104e-01
626             	-1.99526974e-01	1.37199750e-03	2.85714168e-01	5.37852460e-02	2.17174575e-01
627             	-1.99562562e-01	1.20864664e-03	2.86781447e-01	5.37816045e-02	2.17155580e-01
628             	-1.99586867e-01	1.03044762e-03	2.87924243e-01	5.38122097e-02	2.17288532e-01
629             	-1.99606326e-01	8.16659698e-04	2.89280096e-01	5.38655731e-02	2.17516121e-01
630             	-1.99626013e-01	5.85906336e-04	2.90739249e-01	5.39230576e-02	2.17756713e-01
631             	-1.99645204e-01	3.69856415e-04	2.92103274e-01	5.39669218e-02	2.17940355e-01
632             	-1.99650319e-01	1.49267251e-04	2.93472720e-01	5.40110146e-02	2.18125289e-01
633             	-1.99640454e-01	-6.21615418e-05	2.94763282e-01	5.40576771e-02	2.18318095e-01
634             	-1.99622522e-01	-1.75790809e-04	2.95438198e-01	5.41051020e-02	2.18512782e-01
635             	-1.99600647e-01	-1.37787257e-04	2.95171612e-01	5.41459502e-02	2.18684133e-01
636             	-1.99574933e-01	1.62502002e-05	2.94182509e-01	5.41762839e-02	2.18816768e-01
637             	-1.99545079e-01	2.30552619e-04	2.92814352e-01	5.41974440e-02	2.18914632e-01
638             	-1.99514275e-01	4.45061566e-04	2.91441916e-01	5.41997676e-02	2.18932428e-01
639             	-1.99486629e-01	6.35968880e-04	2.90216748e-01	5.41835469e-02	2.18869471e-01
640             	-1.99462438e-01	8.15362051e-04	2.89063956e-01	5.41548199e-02	2.18754168e-01
641             	-1.99440360e-01	1.00352212e-03	2.87856915e-01	5.41258794e-02	2.18641611e-01
642             	-1.99421683e-01	1.15491707e-03	2.86880762e-01	5.40979333e-02	2.18530035e-01
643             	-1.99407896e-01	1.27937586e-03	2.86080606e-01	5.40656313e-02	2.18395415e-01
644             	-1.99406221e-01	1.35769753e-03	2.85587610e-01	5.40222738e-02	2.18210170e-01
645             	-1.99417724e-01	1.37074132e-03	2.85524216e-01	5.39669438e-02	2.17970588e-01
646             	-1.99437753e-01	1.32959676e-03	2.85814659e-01	5.39173948e-02	2.17754583e-01
647             	-1.99469297e-01	1.22652238e-03	2.86510313e-01	5.38877503e-02	2.17618060e-01
648             	-1.99514515e-01	1.07199666e-03	2.87544228e-01	5.38712110e-02	2.17534543e-01
649             	-1.99566561e-01	8.71699739e-04	2.88868341e-01	5.38575377e-02	2.17465324e-01
650             	-1.99607867e-01	6.54424716e-04	2.90278711e-01	5.38578834e-02	2.17461984e-01
651             	-1.99636277e-01	4.49994704e-04	2.91588422e-01	5.38815168e-02	2.17562085e-01
652             	-1.99660849e-01	2.87450431e-04	2.92631397e-01	5.39173112e-02	2.17713511e-01
653             	-1.99684821e-01	1.97045383e-04	2.93226449e-01	5.39405441e-02	2.17813040e-01
654             	-1.99692140e-01	1.49676163e-04	2.93532564e-01	5.39567633e-02	2.17884857e-01
655             	-1.99676115e-01	9.18397578e-05	2.93870320e-01	5.39866902e-02	2.18011939e-01
656             	-1.99645284e-01	6.57854711e-05	2.93988215e-01	5.40385178e-02	2.18228658e-01
657             	-1.99608505e-01	1.22029317e-04	2.93586934e-01	5.41022643e-02	2.18497346e-01
658             	-1.99569775e-01	2.68109961e-04	2.92625359e-01	5.41611909e-02	2.18752920e-01
659             	-1.99531105e-01	4.62646763e-04	2.91362518e-01	5.42123179e-02	2.18982302e-01
660             	-1.99492460e-01	6.49736735e-04	2.90143355e-01	5.42515761e-02	2.19164376e-01
661             	-1.99456169e-01	8.03554550e-04	2.89131802e-01	5.42727670e-02	2.19267257e-01
662             	-1.99424869e-01	9.20938116e-04	2.88351838e-01	5.42724802e-02	2.19275227e-01
663             	-1.99401402e-01	1.03122514e-03	2.87626039e-01	5.42514329e-02	2.19195107e-01
664             	-1.99387829e-01	1.09021400e-03	2.87230699e-01	5.42166235e-02	2.19051763e-01
665             	-1.99383710e-01	1.11847920e-03	2.87041697e-01	5.41691625e-02	2.18850223e-01
666             	-1.99389091e-01	1.14890852e-03	2.86858595e-01	5.41184188e-02	2.18632046e-01
667             	-1.99407822e-01	1.12872364e-03	2.87014399e-01	5.40688577e-02	2.18411539e-01
668             	-1.99442401e-01	1.04237144e-03	2.87607496e-01	5.40075993e-02	2.18136635e-01
669             	-1.99489331e-01	9.12760314e-04	2.88489173e-01	5.39477105e-02	2.17865932e-01
670             	-1.99543975e-01	8.16712237e-04	2.89174554e-01	5.39029381e-02	2.17664352e-01
671             	-1.99605262e-01	7.36321118e-04	2.89768986e-01	5.38571934e-02	2.17466061e-01
672             	-1.99658956e-01	6.38006863e-04	2.90460888e-01	5.38161452e-02	2.17291217e-01
673             	-1.99693816e-01	5.48935204e-04	2.91069342e-01	5.38017547e-02	2.17230726e-01
674             	-1.99710090e-01	4.93012505e-04	2.91445246e-01	5.38220603e-02	2.17317766e-01
675             	-1.99715186e-01	4.82827330e-04	2.91519148e-01	5.38654744e-02	2.17505512e-01
676             	-1.99706805e-01	4.66701367e-04	2.91607810e-01	5.39197040e-02	2.17738796e-01
677             	-1.99681349e-01	4.09688251e-04	2.91922636e-01	5.39833105e-02	2.18011187e-01
678             	-1.99643032e-01	3.35338095e-04	2.92323456e-01	5.40674094e-02	2.18368544e-01
679             	-1.99598057e-01	3.25612637e-04	2.92314091e-01	5.41662605e-02	2.18792511e-01
680             	-1.99551945e-01	4.09435503e-04	2.91725747e-01	5.42601199e-02	2.19202316e-01
681             	-1.99508778e-01	5.52443253e-04	2.90777043e-01	5.43320987e-02	2.19523878e-01
682             	-1.99471583e-01	6.84333890e-04	2.89905625e-01	5.43723426e-02	2.19709102e-01
683             	-1.99441474e-01	7.69130936e-04	2.89334573e-01	5.43769420e-02	2.19738033e-01
684             	-1.99420461e-01	7.96602644e-04	2.89128935e-01	5.43489602e-02	2.19623392e-01
685             	-1.99407180e-01	8.49017726e-04	2.88778904e-01	5.43012774e-02	2.19427081e-01
686             	-1.99400643e-01	9.21506073e-04	2.88313813e-01	5.42470747e-02	2.19202732e-01
687             	-1.99406393e-01	9.70688958e-04	2.88011424e-01	5.41811258e-02	2.18921249e-01
688             	-1.99425241e-01	1.02464830e-03	2.87700959e-01	5.40997609e-02	2.18570984e-01
689             	-1.99453786e-01	1.03565662e-03	2.87672700e-01	5.40170445e-02	2.18211280e-01
690             	-1.99490890e-01	1.00565789e-03	2.87913716e-01	5.39329807e-02	2.17844457e-01
691             	-1.99537968e-01	9.59049134e-04	2.88276307e-01	5.38462263e-02	2.17465944e-01
692             	-1.99593840e-01	9.72669622e-04	2.88284744e-01	5.37732003e-02	2.17146966e-01
693             	-1.99646948e-01	1.02385910e-03	2.88056260e-01	5.37240316e-02	2.16936535e-01
694             	-1.99685119e-01	1.01885722e-03	2.88151060e-01	5.37108947e-02	2.16881584e-01
695             	-1.99705685e-01	9.40598039e-04	2.88670447e-01	5.37386890e-02	2.16997989e-01
696             	-1.99714932e-01	8.54171600e-04	2.89221521e-01	5.37973310e-02	2.17244810e-01
697             	-1.99714018e-01	8.03445271e-04	2.89534276e-01	5.38796289e-02	2.17596789e-01
698             	-1.99698113e-01	7.51867828e-04	2.89829122e-01	5.39759654e-02	2.18012045e-01
699             	-1.99664792e-01	6.46045072e-04	2.90433504e-01	5.40760024e-02	2.18443454e-01
700             	-1.99622233e-01	5.15407583e-04	2.91177452e-01	5.41751443e-02	2.18867206e-01
701             	-1.99579217e-01	4.35692181e-04	2.91606682e-01	5.42675728e-02	2.19261452e-01
702             	-1.99541258e-01	4.53988813e-04	2.91438552e-01	5.43402222e-02	2.19577774e-01
703             	-1.99508422e-01	5.30481375e-04	2.90918226e-01	5.43825958e-02	2.19770159e-01
704             	-1.99481282e-01	6.13170163e-04	2.90366965e-01	5.43932261e-02	2.19827575e-01
705             	-1.99458158e-01	6.92911154e-04	2.89838426e-01	5.43723614e-02	2.19749126e-01
706             	-1.99440439e-01	7.60060273e-04	2.89393329e-01	5.43268012e-02	2.19562170e-01
707             	-1.99432185e-01	8.42320995e-04	2.88865312e-01	5.42629842e-02	2.19296375e-01
708             	-1.99433573e-01	9.35395805e-04	2.88280499e-01	5.41907826e-02	2.18994090e-01
709             	-1.99443915e-01	1.02022159e-03	2.87759061e-01	5.41150440e-02	2.18671716e-01
710             	-1.99464952e-01	1.12753071e-03	2.87117280e-01	5.40280017e-02	2.18300102e-01
711             	-1.99492505e-01	1.21264434e-03	2.86626730e-01	5.39324401e-02	2.17891370e-01
712             	-1.99523184e-01	1.26002963e-03	2.86381036e-01	5.38376417e-02	2.17481047e-01
713             	-1.99557827e-01	1.28273289e-03	2.86300381e-01	5.37637704e-02	2.17154859e-01
714             	-1.99598699e-01	1.32848740e-03	2.86090045e-01	5.37188864e-02	2.16953137e-01
715             	-1.99645043e-01	1.36849598e-03	2.85920864e-01	5.36998593e-02	2.16868261e-01
716             	-1.99682361e-01	1.33329104e-03	2.86199322e-01	5.37137637e-02	2.16926572e-01
717             	-1.99701185e-01	1.22334373e-03	2.86909734e-01	5.37680302e-02	2.17155968e-01
718             	-1.99703493e-01	1.09286875e-03	2.87720863e-01	5.38537519e-02	2.17518802e-01
719             	-1.99696751e-01	9.93194397e-04	2.88326965e-01	5.39414340e-02	2.17895148e-01
720             	-1.99678303e-01	8.98386960e-04	2.88886585e-01	5.40247035e-02	2.18256344e-01
721             	-1.99647321e-01	7.38080876e-04	2.89833321e-01	5.41053814e-02	2.18604256e-01
722             	-1.99608743e-01	5.66276709e-04	2.90839450e-01	5.41870546e-02	2.18952912e-01
723             	-1.99572127e-01	4.60113302e-04	2.91442140e-01	5.42541631e-02	2.19240372e-01
724             	-1.99541556e-01	4.49688194e-04	2.91462042e-01	5.42970317e-02	2.19429292e-01
725             	-1.99514092e-01	5.10514272e-04	2.91045633e-01	5.43151494e-02	2.19517264e-01
726             	-1.99489564e-01	6.02134025e-04	2.90442312e-01	5.43120607e-02	2.19515284e-01
727             	-1.99470709e-01	7.00201357e-04	2.89805651e-01	5.42869130e-02	2.19416070e-01
728             	-1.99457608e-01	7.89535439e-04	2.89226591e-01	5.42423768e-02	2.19232463e-01
729             	-1.99453186e-01	8.96525672e-04	2.88546548e-01	5.41863997e-02	2.19000149e-01
730             	-1.99458090e-01	1.01532057e-03	2.87805354e-01	5.41188778e-02	2.18716702e-01
731             	-1.99468640e-01	1.16358569e-03	2.86892253e-01	5.40439052e-02	2.18399852e-01
732             	-1.99485181e-01	1.32817970e-03	2.85892725e-01	5.39574386e-02	2.18031896e-01
733             	-1.99502301e-01	1.45794253e-03	2.85116929e-01	5.38779748e-02	2.17688727e-01
734             	-1.99522872e-01	1.52726290e-03	2.84726179e-01	5.38187418e-02	2.17424979e-01
735             	-1.99555641e-01	1.55107173e-03	2.84638910e-01	5.37781961e-02	2.17236630e-01
736             	-1.99601245e-01	1.55682421e-03	2.84680332e-01	5.37493050e-02	2.17101829e-01
737             	-1.99642224e-01	1.53817133e-03	2.84862252e-01	5.37480836e-02	2.17093084e-01
738             	-1.99666921e-01	1.45812416e-03	2.85397518e-01	5.37806774e-02	2.17231629e-01
739             	-1.99675688e-01	1.31867720e-03	2.86276364e-01	5.38432677e-02	2.17496997e-01
740             	-1.99675291e-01	1.17100333e-03	2.87191557e-01	5.39162671e-02	2.17808000e-01
741             	-1.99670947e-01	1.03107832e-03	2.88050469e-01	5.39788430e-02	2.18079080e-01
742             	-1.99654816e-01	8.66870148e-04	2.89042339e-01	5.40425713e-02	2.18356293e-01
743             	-1.99625928e-01	6.54138846e-04	2.90314968e-01	5.41097706e-02	2.18645737e-01
744             	-1.99592699e-01	4.67003233e-04	2.91422043e-01	5.41772048e-02	2.18932657e-01
745             	-1.99563315e-01	3.72919616e-04	2.91959586e-01	5.42294015e-02	2.19155795e-01
746             	-1.99539329e-01	3.69932265e-04	2.91941797e-01	5.42594576e-02	2.19287336e-01
747             	-1.99518727e-01	4.44018632e-04	2.91452029e-01	5.42716360e-02	2.19346223e-01
748             	-1.99499942e-01	5.56041147e-04	2.90728012e-01	5.42680355e-02	2.19339827e-01
749             	-1.99485757e-01	6.86061004e-04	2.89896975e-01	5.42473232e-02	2.19258924e-01
750             	-1.99477758e-01	8.24790158e-04	2.89018549e-01	5.42030863e-02	2.19076722e-01
751             	-1.99474100e-01	9.90400821e-04	2.87977349e-01	5.41416865e-02	2.18823213e-01
752             	-1.99473562e-01	1.17535528e-03	2.86821583e-01	5.40710528e-02	2.18529044e-01
753             	-1.99475523e-01	1.37237546e-03	2.85599318e-01	5.40079410e-02	2.18261442e-01
754             	-1.99484674e-01	1.52410817e-03	2.84673505e-01	5.39419294e-02	2.17974631e-01
755             	-1.99498367e-01	1.61835433e-03	2.84114581e-01	5.38811394e-02	2.17706304e-01
756             	-1.99518970e-01	1.66590759e-03	2.83858617e-01	5.38339530e-02	2.17493491e-01
757             	-1.99549211e-01	1.68953743e-03	2.83768260e-01	5.38023472e-02	2.17347495e-01
758             	-1.99587223e-01	1.67577949e-03	2.83917784e-01	5.37849974e-02	2.17265990e-01
759             	-1.99620329e-01	1.56528133e-03	2.84655480e-01	5.37861681e-02	2.17264418e-01
760             	-1.99640183e-01	1.39164424e-03	2.85762786e-01	5.38141315e-02	2.17379627e-01
761             	-1.99649854e-01	1.18887247e-03	2.87034341e-01	5.38674484e-02	2.17605927e-01
762             	-1.99653001e-01	1.02954532e-03	2.88026289e-01	5.39358643e-02	2.17902388e-01
763             	-1.99654043e-01	8.79844384e-04	2.88953236e-01	5.39965449e-02	2.18168413e-01
764             	-1.99646470e-01	6.59796283e-04	2.90302430e-01	5.40518140e-02	2.18405099e-01
765             	-1.99628936e-01	3.90714917e-04	2.91939983e-01	5.41104373e-02	2.18646800e-01
766             	-1.99605674e-01	1.92361068e-04	2.93130382e-01	5.41702522e-02	2.18892035e-01
767             	-1.99580584e-01	1.48507387e-04	2.93362090e-01	5.42257896e-02	2.19126698e-01
768             	-1.99557869e-01	2.33366299e-04	2.92800873e-01	5.42622006e-02	2.19287723e-01
769             	-1.99539296e-01	3.85879360e-04	2.91827343e-01	5.42744279e-02	2.19348798e-01
770             	-1.99522222e-01	5.61076115e-04	2.90714879e-01	5.42631957e-02	2.19309499e-01
771             	-1.99504352e-01	7.39631660e-04	2.89578803e-01	5.42333714e-02	2.19189480e-01
772             	-1.99488470e-01	9.28741413e-04	2.88378904e-01	5.41872412e-02	2.18999487e-01
773             	-1.99475813e-01	1.11677865e-03	2.87188307e-01	5.41365555e-02	2.18789316e-01
774             	-1.99467011e-01	1.29673936e-03	2.86053686e-01	5.40825810e-02	2.18562249e-01
775             	-1.99463011e-01	1.48884453e-03	2.84853941e-01	5.40327126e-02	2.18350868e-01
776             	-1.99466481e-01	1.63428075e-03	2.83958582e-01	5.39773019e-02	2.18112281e-01
777             	-1.99475263e-01	1.71597041e-03	2.83469550e-01	5.39296909e-02	2.17903608e-01
778             	-1.99496448e-01	1.70241993e-03	2.83591980e-01	5.38888725e-02	2.17717014e-01
779             	-1.99528934e-01	1.62219940e-03	2.84146217e-01	5.38556893e-02	2.17561365e-01
780             	-1.99567916e-01	1.49566614e-03	2.84992948e-01	5.38346026e-02	2.17463481e-01
781             	-1.99599085e-01	1.31902605e-03	2.86135171e-01	5.38397857e-02	2.17484539e-01
782             	-1.99620583e-01	1.11501057e-03	2.87432288e-01	5.38749475e-02	2.17635191e-01
783             	-1.99640689e-01	8.89560507e-04	2.88860750e-01	5.39261298e-02	2.17850190e-01
784             	-1.99659663e-01	6.82877804e-04	2.90169765e-01	5.39804359e-02	2.18077498e-01
785             	-1.99673034e-01	4.75947050e-04	2.91468265e-01	5.40232089e-02	2.18256690e-01
786             	-1.99671095e-01	2.43874737e-04	2.92897147e-01	5.40649889e-02	2.18430747e-01
787             	-1.99654959e-01	6.90362746e-05	2.93952377e-01	5.41195448e-02	2.18656243e-01
788             	-1.99633043e-01	2.32618435e-05	2.94202509e-01	5.41709688e-02	2.18870087e-01
789             	-1.99608272e-01	1.18615559e-04	2.93577407e-01	5.42124482e-02	2.19047288e-01
790             	-1.99582415e-01	3.02391674e-04	2.92404096e-01	5.42368223e-02	2.19157831e-01
791             	-1.99554268e-01	5.09039850e-04	2.91084624e-01	5.42463107e-02	2.19207556e-01
792             	-1.99527080e-01	7.06342271e-04	2.89822249e-01	5.42379026e-02	2.19179508e-01
793             	-1.99501671e-01	8.77747067e-04	2.88718809e-01	5.42182739e-02	2.19101634e-01
794             	-1.99478044e-01	1.06282207e-03	2.87530431e-01	5.41935322e-02	2.19004689e-01
795             	-1.99457774e-01	1.24182044e-03	2.86382572e-01	5.41636034e-02	2.18886093e-01
796             	-1.99442404e-01	1.38137309e-03	2.85486341e-01	5.41287199e-02	2.18741116e-01
797             	-1.99434974e-01	1.48968193e-03	2.84798031e-01	5.40885981e-02	2.18569730e-01
798             	-1.99439511e-01	1.52744881e-03	2.84568499e-01	5.40392033e-02	2.18354484e-01
799             	-1.99454516e-01	1.50476123e-03	2.84734435e-01	5.39865081e-02	2.18122930e-01
800             	-1.99477637e-01	1.42708129e-03	2.85257771e-01	5.39493011e-02	2.17954935e-01
801             	-1.99511750e-01	1.31235710e-03	2.86030588e-01	5.39339747e-02	2.17877168e-01
802             	-1.99561388e-01	1.14907133e-03	2.87124368e-01	5.39184863e-02	2.17798078e-01
803             	-1.99609677e-01	9.18472703e-04	2.88629113e-01	5.39077356e-02	2.17740415e-01
804             	-1.99643366e-01	6.89509198e-04	2.90099629e-01	5.39186376e-02	2.17781424e-01
805             	-1.99666282e-01	5.02996672e-04	2.91290496e-01	5.39543331e-02	2.17931783e-01
806             	-1.99688394e-01	3.84916832e-04	2.92054896e-01	5.39935669e-02	2.18098541e-01
807             	-1.99705039e-01	3.16850448e-04	2.92501058e-01	5.40139545e-02	2.18187232e-01
808             	-1.99702635e-01	2.41926239e-04	2.92962766e-01	5.40292789e-02	2.18253627e-01
809             	-1.99679299e-01	1.92755129e-04	2.93235537e-01	5.40697343e-02	2.18423787e-01
810             	-1.99646558e-01	2.07462814e-04	2.93098258e-01	5.41280722e-02	2.18668489e-01
811             	-1.99610308e-01	3.24539433e-04	2.92321412e-01	5.41882384e-02	2.18926571e-01
812             	-1.99575294e-01	4.96778741e-04	2.91202505e-01	5.42365764e-02	2.19141059e-01
813             	-1.99540917e-01	6.85320770e-04	2.89981695e-01	5.42713959e-02	2.19303171e-01
814             	-1.99506325e-01	8.54215808e-04	2.88879773e-01	5.42921475e-02	2.19406124e-01
815             	-1.99473629e-01	9.94260513e-04	2.87957765e-01	5.42987146e-02	2.19445951e-01
816             	-1.99445753e-01	1.12198618e-03	2.87118460e-01	5.42843943e-02	2.19396113e-01
817             	-1.99426030e-01	1.21582520e-03	2.86498932e-01	5.42520773e-02	2.19267335e-01
818             	-1.99417125e-01	1.25000400e-03	2.86264686e-01	5.42021828e-02	2.19056786e-01
819             	-1.99416618e-01	1.28797542e-03	2.86024010e-01	5.41497819e-02	2.18832537e-01
820             	-1.99427092e-01	1.29454118e-03	2.85999710e-01	5.41002294e-02	2.18614957e-01
821             	-1.99452750e-01	1.24256531e-03	2.86365472e-01	5.40454469e-02	2.18369307e-01
822             	-1.99491927e-01	1.13066766e-03	2.87126276e-01	5.39858037e-02	2.18099250e-01
823             	-1.99540478e-01	1.02406696e-03	2.87869758e-01	5.39410939e-02	2.17895057e-01
824             	-1.99598276e-01	9.23978071e-04	2.88581177e-01	5.38986169e-02	2.17706445e-01
825             	-1.99655446e-01	8.00580742e-04	2.89432852e-01	5.38551990e-02	2.17517528e-01
826             	-1.99697109e-01	7.01995317e-04	2.90109674e-01	5.38301232e-02	2.17411324e-01
827             	-1.99720177e-01	6.33316862e-04	2.90574718e-01	5.38406453e-02	2.17457247e-01
828             	-1.99730221e-01	6.12279415e-04	2.90724933e-01	5.38847626e-02	2.17645666e-01
829             	-1.99729441e-01	5.92811831e-04	2.90846002e-01	5.39368485e-02	2.17868192e-01
830             	-1.99714010e-01	5.29456933e-04	2.91215256e-01	5.39900859e-02	2.18094588e-01
831             	-1.99681269e-01	4.52117330e-04	2.91643923e-01	5.40643051e-02	2.18409146e-01
832             	-1.99639240e-01	4.21351535e-04	2.91769283e-01	5.41594417e-02	2.18814718e-01
833             	-1.99593200e-01	4.88836456e-04	2.91281635e-01	5.42611847e-02	2.19256063e-01
834             	-1.99549425e-01	6.16436497e-04	2.90426046e-01	5.43457438e-02	2.19629762e-01
835             	-1.99509240e-01	7.54361008e-04	2.89512647e-01	5.44020360e-02	2.19883507e-01
836             	-1.99474772e-01	8.63866417e-04	2.88782697e-01	5.44217080e-02	2.19978793e-01
837             	-1.99448494e-01	9.23095626e-04	2.88374309e-01	5.44064333e-02	2.19920164e-01
838             	-1.99431025e-01	9.63473280e-04	2.88093296e-01	5.43617159e-02	2.19735515e-01
839             	-1.99419854e-01	1.02585116e-03	2.87683314e-01	5.43075592e-02	2.19512306e-01
840             	-1.99418297e-01	1.07133986e-03	2.87392100e-01	5.42469702e-02	2.19255635e-01
841             	-1.99430822e-01	1.12612217e-03	2.87067377e-01	5.41726549e-02	2.18935465e-01
842             	-1.99456121e-01	1.14946709e-03	2.86958382e-01	5.40865898e-02	2.18561439e-01
843             	-1.99491293e-01	1.13308611e-03	2.87112432e-01	5.39988096e-02	2.18178413e-01
844             	-1.99534652e-01	1.07609111e-03	2.87533038e-01	5.39115514e-02	2.17796659e-01
845             	-1.99588495e-01	1.07006782e-03	2.87659584e-01	5.38334989e-02	2.17456098e-01
846             	-1.99646283e-01	1.09117732e-03	2.87622672e-01	5.37696675e-02	2.17180425e-01
847             	-1.99691043e-01	1.08323800e-03	2.87744799e-01	5.37350465e-02	2.17032865e-01
848             	-1.99717231e-01	1.03042972e-03	2.88116894e-01	5.37416004e-02	2.17060106e-01
849             	-1.99730398e-01	9.50754268e-04	2.88633597e-01	5.37872452e-02	2.17252052e-01
850             	-1.99732829e-01	9.09178180e-04	2.88895988e-01	5.38639446e-02	2.17579550e-01
851             	-1.99722637e-01	8.58169162e-04	2.89195389e-01	5.39560771e-02	2.17975051e-01
852             	-1.99695456e-01	7.50151587e-04	2.89821472e-01	5.40541012e-02	2.18396420e-01
853             	-1.99654598e-01	6.22498686e-04	2.90548820e-01	5.41551139e-02	2.18829763e-01
854             	-1.99610922e-01	5.43044032e-04	2.90975477e-01	5.42543059e-02	2.19253308e-01
855             	-1.99571037e-01	5.53390580e-04	2.90853650e-01	5.43398787e-02	2.19623189e-01
856             	-1.99535758e-01	6.27329521e-04	2.90344994e-01	5.43970236e-02	2.19878045e-01
857             	-1.99505570e-01	7.13305750e-04	2.89768842e-01	5.44232828e-02	2.20002379e-01
858             	-1.99480801e-01	7.83819241e-04	2.89295088e-01	5.44157886e-02	2.19980198e-01
859             	-1.99460840e-01	8.57836104e-04	2.88805167e-01	5.43790257e-02	2.19831750e-01
860             	-1.99448795e-01	9.33436938e-04	2.88314011e-01	5.43206703e-02	2.19589163e-01
861             	-1.99447470e-01	1.01722857e-03	2.87784273e-01	5.42503804e-02	2.19293782e-01
862             	-1.99455798e-01	1.09561250e-03	2.87300460e-01	5.41739936e-02	2.18968453e-01
863             	-1.99472402e-01	1.19198554e-03	2.86719771e-01	5.40931605e-02	2.18622049e-01
864             	-1.99498050e-01	1.26752764e-03	2.86285062e-01	5.39978567e-02	2.18212902e-01
865             	-1.99528971e-01	1.31647169e-03	2.86028457e-01	5.38949887e-02	2.17769753e-01
866             	-1.99561047e-01	1.32965270e-03	2.86000713e-01	5.38133375e-02	2.17411566e-01
867             	-1.99598596e-01	1.36904813e-03	2.85825119e-01	5.37619121e-02	2.17180822e-01
868             	-1.99643700e-01	1.42249712e-03	2.85572310e-01	5.37336433e-02	2.17055058e-01
869             	-1.99683715e-01	1.39390702e-03	2.85814591e-01	5.37364553e-02	2.17063742e-01
870             	-1.99707715e-01	1.29001311e-03	2.86495566e-01	5.37751575e-02	2.17225911e-01
871             	-1.99714588e-01	1.16659282e-03	2.87270470e-01	5.38509582e-02	2.17546493e-01
872             	-1.99709580e-01	1.07306661e-03	2.87841942e-01	5.39457079e-02	2.17951506e-01
873             	-1.99693466e-01	9.87156823e-04	2.88349623e-01	5.40365222e-02	2.18343658e-01
874             	-1.99666320e-01	8.48093347e-04	2.89170482e-01	5.41214719e-02	2.18710036e-01
875             	-1.99631043e-01	6.80304135e-04	2.90156730e-01	5.42048842e-02	2.19066335e-01
876             	-1.99595751e-01	5.62230051e-04	2.90835034e-01	5.42769345e-02	2.19373849e-01
877             	-1.99564769e-01	5.38989359e-04	2.90933664e-01	5.43268097e-02	2.19591846e-01
878             	-1.99536935e-01	5.87966197e-04	2.90589890e-01	5.43522714e-02	2.19710745e-01
879             	-1.99511107e-01	6.82674705e-04	2.89965666e-01	5.43553260e-02	2.19736605e-01
880             	-1.99490223e-01	7.80339261e-04	2.89329048e-01	5.43350848e-02	2.19659584e-01
881             	-1.99476038e-01	8.64196868e-04	2.88784084e-01	5.42895880e-02	2.19471441e-01
882             	-1.99469635e-01	9.64479633e-04	2.88144359e-01	5.42294793e-02	2.19221330e-01
883             	-1.99471214e-01	1.07255829e-03	2.87464598e-01	5.41620828e-02	2.18939056e-01
884             	-1.99480332e-01	1.19921599e-03	2.86682120e-01	5.40856779e-02	2.18616306e-01
885             	-1.99495310e-01	1.35950071e-03	2.85705061e-01	5.39992846e-02	2.18250642e-01
886             	-1.99512493e-01	1.48407525e-03	2.84959524e-01	5.39122981e-02	2.17876547e-01
887             	-1.99531690e-01	1.55642658e-03	2.84546792e-01	5.38413676e-02	2.17564125e-01
888             	-1.99561643e-01	1.58336706e-03	2.84435676e-01	5.37923560e-02	2.17339464e-01
889             	-1.99602699e-01	1.59232664e-03	2.84452399e-01	5.37638341e-02	2.17203617e-01
890             	-1.99646530e-01	1.59171331e-03	2.84528899e-01	5.37599016e-02	2.17180843e-01
891             	-1.99676300e-01	1.52766267e-03	2.84973242e-01	5.37885009e-02	2.17301476e-01
892             	-1.99690360e-01	1.39447143e-03	2.85820851e-01	5.38491598e-02	2.17556812e-01
893             	-1.99692717e-01	1.24708773e-03	2.86738495e-01	5.39248598e-02	2.17876711e-01
894             	-1.99690139e-01	1.11948457e-03	2.87525050e-01	5.39932959e-02	2.18171195e-01
895             	-1.99675971e-01	9.77754550e-04	2.88381690e-01	5.40604246e-02	2.18462254e-01
896             	-1.99649497e-01	7.78137408e-04	2.89577363e-01	5.41299646e-02	2.18761503e-01
897             	-1.99615919e-01	5.83222394e-04	2.90732288e-01	5.42040990e-02	2.19076313e-01
898             	-1.99584838e-01	4.70263254e-04	2.91383550e-01	5.42633751e-02	2.19329119e-01
899             	-1.99558268e-01	4.52934317e-04	2.91450269e-01	5.42996386e-02	2.19487516e-01
900             	-1.99536329e-01	5.16132013e-04	2.91026250e-01	5.43140446e-02	2.19556205e-01
901             	-1.99515871e-01	6.21695352e-04	2.90340286e-01	5.43097811e-02	2.19547978e-01
902             	-1.99499300e-01	7.47258682e-04	2.89533657e-01	5.42887255e-02	2.19467127e-01
903             	-1.99487916e-01	8.70251653e-04	2.88747430e-01	5.42476924e-02	2.19298868e-01
904             	-1.99483655e-01	1.02044280e-03	2.87800851e-01	5.41875863e-02	2.19050690e-01
905             	-1.99483190e-01	1.19277991e-03	2.86722113e-01	5.41135165e-02	2.18743202e-01
906             	-1.99485922e-01	1.38095508e-03	2.85554555e-01	5.40412800e-02	2.18437993e-01
907             	-1.99494928e-01	1.54501852e-03	2.84550861e-01	5.39691597e-02	2.18127662e-01
908             	-1.99509171e-01	1.65110958e-03	2.83919281e-01	5.39043295e-02	2.17842547e-01
909             	-1.99528609e-01	1.70540195e-03	2.83620241e-01	5.38560325e-02	2.17624198e-01
910             	-1.99558461e-01	1.73070702e-03	2.83519456e-01	5.38215944e-02	2.17464151e-01
911             	-1.99597790e-01	1.72100801e-03	2.83646160e-01	5.37983320e-02	2.17355521e-01
912             	-1.99633011e-01	1.64399101e-03	2.84180854e-01	5.37970637e-02	2.17343499e-01
913             	-1.99655557e-01	1.49974751e-03	2.85111342e-01	5.38220991e-02	2.17445721e-01
914             	-1.99666161e-01	1.31069221e-03	2.86300256e-01	5.38744574e-02	2.17666546e-01
915             	-1.99669276e-01	1.13563209e-03	2.87389510e-01	5.39427943e-02	2.17959636e-01
916             	-1.99669357e-01	9.86194794e-04	2.88312983e-01	5.40041528e-02	2.18228148e-01
917             	-1.99659451e-01	8.04068200e-04	2.89424654e-01	5.40653886e-02	2.18493834e-01
918             	-1.99640238e-01	5.55474719e-04	2.90933694e-01	5.41259125e-02	2.18747390e-01
919             	-1.99617039e-01	3.35114527e-04	2.92261019e-01	5.41865007e-02	2.18995669e-01
920             	-1.99594341e-01	2.46059142e-04	2.92775936e-01	5.42373762e-02	2.19208446e-01
921             	-1.99571231e-01	2.91371089e-04	2.92457813e-01	5.42755360e-02	2.19375906e-01
922             	-1.99551407e-01	4.29998516e-04	2.91567723e-01	5.42972709e-02	2.19477825e-01
923             	-1.99535369e-01	5.94130032e-04	2.90525214e-01	5.42923869e-02	2.19465283e-01
924             	-1.99519828e-01	7.65057699e-04	2.89439882e-01	5.42656756e-02	2.19358291e-01
925             	-1.99504620e-01	9.45677737e-04	2.88293018e-01	5.42187550e-02	2.19165667e-01
926             	-1.99491953e-01	1.13059190e-03	2.87121559e-01	5.41659572e-02	2.18946772e-01
927             	-1.99484466e-01	1.30467187e-03	2.86024919e-01	5.41077416e-02	2.18701289e-01
928             	-1.99480649e-01	1.48689663e-03	2.84886141e-01	5.40548211e-02	2.18475285e-01
929             	-1.99483008e-01	1.64656629e-03	2.83900899e-01	5.39980092e-02	2.18230644e-01
930             	-1.99491122e-01	1.74442425e-03	2.83310941e-01	5.39464607e-02	2.18005081e-01
931             	-1.99507678e-01	1.76275294e-03	2.83229617e-01	5.39065578e-02	2.17823574e-01
932             	-1.99535740e-01	1.71378352e-03	2.83585187e-01	5.38766449e-02	2.17681041e-01
933             	-1.99573924e-01	1.59322396e-03	2.84394343e-01	5.38534781e-02	2.17569700e-01
934             	-1.99607390e-01	1.41481104e-03	2.85551239e-01	5.38503118e-02	2.17551004e-01
935             	-1.99628181e-01	1.23143064e-03	2.86720106e-01	5.38785461e-02	2.17673440e-01
936             	-1.99643408e-01	1.03446627e-03	2.87965152e-01	5.39323247e-02	2.17904328e-01
937             	-1.99659068e-01	8.33531826e-04	2.89234294e-01	5.39940603e-02	2.18164552e-01
938             	-1.99674599e-01	6.24562608e-04	2.90549063e-01	5.40401683e-02	2.18357643e-01
939             	-1.99676242e-01	3.79666772e-04	2.92063023e-01	5.40785367e-02	2.18516888e-01
940             	-1.99662642e-01	1.63812039e-04	2.93374728e-01	5.41272309e-02	2.18718118e-01
941             	-1.99642314e-01	6.54875579e-05	2.93951108e-01	5.41825795e-02	2.18947368e-01
942             	-1.99619965e-01	1.20621109e-04	2.93577050e-01	5.42302082e-02	2.19149194e-01
943             	-1.99596726e-01	2.82097394e-04	2.92544497e-01	5.42593474e-02	2.19278651e-01
944             	-1.99572297e-01	4.90686995e-04	2.91218204e-01	5.42691290e-02	2.19330088e-01
945             	-1.99545847e-01	6.94604402e-04	2.89916226e-01	5.42601816e-02	2.19301136e-01
946             	-1.99521064e-01	8.73907689e-04	2.88766493e-01	5.42357827e-02	2.19203049e-01
947             	-1.99497814e-01	1.05191498e-03	2.87623517e-01	5.42037736e-02	2.19073381e-01
948             	-1.99476336e-01	1.23664576e-03	2.86438484e-01	5.41711223e-02	2.18943194e-01
949             	-1.99459781e-01	1.39807995e-03	2.85405015e-01	5.41339443e-02	2.18790213e-01
950             	-1.99449994e-01	1.53476940e-03	2.84537604e-01	5.40954201e-02	2.18626217e-01
951             	-1.99451844e-01	1.60260771e-03	2.84117784e-01	5.40474239e-02	2.18416567e-01
952             	-1.99465770e-01	1.59027004e-03	2.84217257e-01	5.39936145e-02	2.18178463e-01
953             	-1.99486054e-01	1.51812825e-03	2.84701278e-01	5.39531295e-02	2.17995875e-01
954             	-1.99516219e-01	1.42350869e-03	2.85343674e-01	5.39341814e-02	2.17904283e-01
955             	-1.99559632e-01	1.27880742e-03	2.86312492e-01	5.39259634e-02	2.17858173e-01
956             	-1.99606402e-01	1.04838381e-03	2.87813971e-01	5.39223347e-02	2.17829688e-01
957             	-1.99642979e-01	8.04986352e-04	2.89379676e-01	5.39344418e-02	2.17872090e-01
958             	-1.99667636e-01	5.95850497e-04	2.90713647e-01	5.39691801e-02	2.18016921e-01
959             	-1.99687143e-01	4.51397626e-04	2.91637139e-01	5.40183010e-02	2.18225261e-01
960             	-1.99705237e-01	3.47592805e-04	2.92305016e-01	5.40486306e-02	2.18354328e-01
961             	-1.99707359e-01	2.44232831e-04	2.92948185e-01	5.40637219e-02	2.18417959e-01
962             	-1.99689401e-01	1.76885124e-04	2.93341527e-01	5.40942504e-02	2.18545152e-01
963             	-1.99658628e-01	1.85405819e-04	2.93246177e-01	5.41449691e-02	2.18757989e-01
964             	-1.99622902e-01	2.96190547e-04	2.92509777e-01	5.42040211e-02	2.19010535e-01
965             	-1.99586663e-01	4.75569126e-04	2.91345652e-01	5.42513632e-02	2.19220268e-01
966             	-1.99552865e-01	6.70508129e-04	2.90086540e-01	5.42827911e-02	2.19366151e-01
967             	-1.99519874e-01	8.48330800e-04	2.88932424e-01	5.42965259e-02	2.19437713e-01
968             	-1.99488400e-01	1.00079350e-03	2.87935451e-01	5.42974178e-02	2.19453433e-01
969             	-1.99460096e-01	1.13588091e-03	2.87049021e-01	5.42812565e-02	2.19396195e-01
970             	-1.99437877e-01	1.25415374e-03	2.86274179e-01	5.42499860e-02	2.19273949e-01
971             	-1.99425131e-01	1.31302727e-03	2.85880833e-01	5.42058173e-02	2.19089954e-01
972             	-1.99423006e-01	1.35576171e-03	2.85607138e-01	5.41558290e-02	2.18876200e-01
973             	-1.99431845e-01	1.36998050e-03	2.85532193e-01	5.41037231e-02	2.18648550e-01
974             	-1.99452830e-01	1.32660338e-03	2.85837535e-01	5.40543539e-02	2.18427225e-01
975             	-1.99487673e-01	1.20954500e-03	2.86624371e-01	5.40052804e-02	2.18201048e-01
976             	-1.99535903e-01	1.08736888e-03	2.87465197e-01	5.39610350e-02	2.17996366e-01
977             	-1.99591324e-01	9.68623783e-04	2.88289624e-01	5.39240543e-02	2.17829292e-01
978             	-1.99645021e-01	8.23996118e-04	2.89267437e-01	5.38923373e-02	2.17688813e-01
979             	-1.99688545e-01	6.91435466e-04	2.90156586e-01	5.38691333e-02	2.17588054e-01
980             	-1.99717001e-01	6.02847163e-04	2.90752303e-01	5.38721184e-02	2.17601396e-01
981             	-1.99730689e-01	5.81409655e-04	2.90910373e-01	5.39046531e-02	2.17742205e-01
982             	-1.99733197e-01	5.72424194e-04	2.90972081e-01	5.39482775e-02	2.17930172e-01
983             	-1.99719966e-01	5.11714719e-04	2.91328880e-01	5.39972017e-02	2.18137709e-01
984             	-1.99690373e-01	4.43255859e-04	2.91708680e-01	5.40618766e-02	2.18410599e-01
985             	-1.99652193e-01	4.13759691e-04	2.91832809e-01	5.41461417e-02	2.18767226e-01
986             	-1.99609429e-01	4.84510107e-04	2.91329336e-01	5.42420688e-02	2.19182208e-01
987             	-1.99565713e-01	6.20229255e-04	2.90422318e-01	5.43299045e-02	2.19570081e-01
988             	-1.99524393e-01	7.73752194e-04	2.89409870e-01	5.43941204e-02	2.19858693e-01
989             	-1.99487928e-01	8.93776543e-04	2.88611357e-01	5.44222299e-02	2.19990095e-01
990             	-1.99458480e-01	9.73224044e-04	2.88073349e-01	5.44157382e-02	2.19969917e-01
991             	-1.99438671e-01	1.00962813e-03	2.87813003e-01	5.43778634e-02	2.19813304e-01
992             	-1.99426516e-01	1.05758310e-03	2.87490606e-01	5.43255642e-02	2.19596339e-01
993             	-1.99420618e-01	1.10537935e-03	2.87178837e-01	5.42689712e-02	2.19358073e-01
994             	-1.99426712e-01	1.15046364e-03	2.86904696e-01	5.42064556e-02	2.19088368e-01
995             	-1.99449180e-01	1.16675847e-03	2.86836386e-01	5.41232352e-02	2.18725563e-01
996             	-1.99481743e-01	1.14475984e-03	2.87022856e-01	5.40383868e-02	2.18353963e-01
997             	-1.99522296e-01	1.07635122e-03	2.87511292e-01	5.39590454e-02	2.18004006e-01
998             	-1.99575576e-01	1.03742981e-03	2.87839669e-01	5.38830462e-02	2.17670851e-01
999             	-1.99636548e-01	1.03655755e-03	2.87942748e-01	5.38104748e-02	2.17357510e-01
1000            	-1.99686113e-01	1.03033916e-03	2.88060977e-01	5.37611254e-02	2.17148410e-01
1001            	-1.99715204e-01	9.97208795e-04	2.88316659e-01	5.37551330e-02	2.17124772e-01
1002            	-1.99729575e-01	9.25470400e-04	2.88786680e-01	5.37940838e-02	2.17289519e-01
1003            	-1.99735396e-01	8.79845727e-04	2.89079946e-01	5.38609704e-02	2.17573673e-01
1004            	-1.99730380e-01	8.40269143e-04	2.89316551e-01	5.39422438e-02	2.17922086e-01
1005            	-1.99708035e-01	7.45259085e-04	2.89869363e-01	5.40315627e-02	2.18305588e-01
1006            	-1.99668561e-01	6.23936935e-04	2.90559474e-01	5.41323094e-02	2.18737703e-01
1007            	-1.99624003e-01	5.45285866e-04	2.90978897e-01	5.42369266e-02	2.19184636e-01
1008            	-1.99582061e-01	5.61624335e-04	2.90816280e-01	5.43337927e-02	2.19602454e-01
1009            	-1.99544833e-01	6.40644071e-04	2.90272723e-01	5.44007586e-02	2.19898872e-01
1010            	-1.99512556e-01	7.37704426e-04	2.89624940e-01	5.44366429e-02	2.20064669e-01
1011            	-1.99485768e-01	8.05599246e-04	2.89164409e-01	5.44356559e-02	2.20070280e-01
1012            	-1.99464238e-01	8.72066783e-04	2.88719302e-01	5.44024707e-02	2.19937053e-01
1013            	-1.99448582e-01	9.42218000e-04	2.88257185e-01	5.43469590e-02	2.19707449e-01
1014            	-1.99444274e-01	1.02134643e-03	2.87752809e-01	5.42802540e-02	2.19427702e-01
1015            	-1.99450256e-01	1.09110399e-03	2.87319412e-01	5.42041488e-02	2.19103774e-01
1016            	-1.99464900e-01	1.17580956e-03	2.86808249e-01	5.41269353e-02	2.18771683e-01
1017            	-1.99490711e-01	1.24019208e-03	2.86443236e-01	5.40341477e-02	2.18370976e-01
1018            	-1.99523066e-01	1.27956126e-03	2.86246829e-01	5.39341254e-02	2.17939731e-01
1019            	-1.99559486e-01	1.28680862e-03	2.86261876e-01	5.38442473e-02	2.17546602e-01
1020            	-1.99599394e-01	1.32750708e-03	2.86081792e-01	5.37860148e-02	2.17287343e-01
1021            	-1.99644761e-01	1.37938120e-03	2.85838623e-01	5.37492707e-02	2.17125346e-01
1022            	-1.99685723e-01	1.35968345e-03	2.86027427e-01	5.37406372e-02	2.17085746e-01
1023            	-1.99711728e-01	1.26956693e-03	2.86627362e-01	5.37681217e-02	2.17199559e-01
1024            	-1.99721674e-01	1.15460065e-03	2.87355257e-01	5.38381994e-02	2.17495189e-01
1025            	-1.99717706e-01	1.06723454e-03	2.87890188e-01	5.39359501e-02	2.17912125e-01
1026            	-1.99701761e-01	9.84583589e-04	2.88376970e-01	5.40336039e-02	2.18332655e-01
1027            	-1.99673818e-01	8.53587172e-04	2.89145834e-01	5.41221416e-02	2.18714666e-01
1028            	-1.99637113e-01	6.90234575e-04	2.90102145e-01	5.42094038e-02	2.19087906e-01
1029            	-1.99598807e-01	5.75948455e-04	2.90752872e-01	5.42887429e-02	2.19426739e-01
1030            	-1.99565355e-01	5.59019580e-04	2.90809120e-01	5.43473869e-02	2.19682568e-01
1031            	-1.99536638e-01	6.04911407e-04	2.90483105e-01	5.43760422e-02	2.19815222e-01
1032            	-1.99511181e-01	6.93351133e-04	2.89898176e-01	5.43801555e-02	2.19846007e-01
1033            	-1.99489476e-01	7.86988332e-04	2.89285668e-01	5.43597537e-02	2.19769488e-01
1034            	-1.99475014e-01	8.67526432e-04	2.88762064e-01	5.43131793e-02	2.19577313e-01
1035            	-1.99467676e-01	9.63398609e-04	2.88149478e-01	5.42498556e-02	2.19313905e-01
1036            	-1.99468817e-01	1.06595808e-03	2.87503848e-01	5.41813257e-02	2.19026755e-01
1037            	-1.99479144e-01	1.17336084e-03	2.86842024e-01	5.41029672e-02	2.18694075e-01
1038            	-1.99495129e-01	1.32184061e-03	2.85938391e-01	5.40184904e-02	2.18336102e-01
1039            	-1.99514630e-01	1.44199343e-03	2.85222361e-01	5.39271451e-02	2.17943938e-01
1040            	-1.99534803e-01	1.52031032e-03	2.84772864e-01	5.38493125e-02	2.17603993e-01
1041            	-1.99562846e-01	1.55338670e-03	2.84620118e-01	5.37929467e-02	2.17349560e-01
1042            	-1.99601140e-01	1.56870833e-03	2.84594168e-01	5.37608674e-02	2.17198224e-01
1043            	-1.99646159e-01	1.57543857e-03	2.84628086e-01	5.37506842e-02	2.17147532e-01
1044            	-1.99679185e-01	1.51751583e-03	2.85039419e-01	5.37741709e-02	2.17245477e-01
1045            	-1.99694339e-01	1.39581868e-03	2.85817053e-01	5.38325704e-02	2.17491512e-01
1046            	-1.99696724e-01	1.25377190e-03	2.86701458e-01	5.39133524e-02	2.17832339e-01
1047            	-1.99692999e-01	1.13496935e-03	2.87432297e-01	5.39909871e-02	2.18164548e-01
1048            	-1.99680152e-01	1.00710525e-03	2.88205684e-01	5.40635424e-02	2.18477784e-01
1049            	-1.99653997e-01	8.21593471e-04	2.89315166e-01	5.41380795e-02	2.18798046e-01
1050            	-1.99620924e-01	6.30837765e-04	2.90445750e-01	5.42169523e-02	2.19133248e-01
1051            	-1.99588978e-01	5.06674111e-04	2.91165283e-01	5.42805848e-02	2.19403848e-01
1052            	-1.99561262e-01	4.83929252e-04	2.91263914e-01	5.43212421e-02	2.19581648e-01
1053            	-1.99537455e-01	5.38961760e-04	2.90888018e-01	5.43385091e-02	2.19662917e-01
1054            	-1.99516954e-01	6.33311005e-04	2.90272710e-01	5.43336979e-02	2.19651351e-01
1055            	-1.99499641e-01	7.48040712e-04	2.89532832e-01	5.43115699e-02	2.19565618e-01
1056            	-1.99486370e-01	8.57908109e-04	2.88824919e-01	5.42724397e-02	2.19405675e-01
1057            	-1.99481279e-01	9.93258866e-04	2.87969026e-01	5.42137023e-02	2.19162515e-01
1058            	-1.99481703e-01	1.15185058e-03	2.86976018e-01	5.41392312e-02	2.18852889e-01
1059            	-1.99484668e-01	1.32942026e-03	2.85872896e-01	5.40621413e-02	2.18527969e-01
1060            	-1.99492977e-01	1.50620198e-03	2.84788401e-01	5.39854593e-02	2.18200866e-01
1061            	-1.99505384e-01	1.62346592e-03	2.84084582e-01	5.39166502e-02	2.17900330e-01
1062            	-1.99524666e-01	1.67815570e-03	2.83782845e-01	5.38635461e-02	2.17661013e-01
1063            	-1.99555737e-01	1.70291549e-03	2.83687230e-01	5.38208326e-02	2.17464936e-01
1064            	-1.99597026e-01	1.70024263e-03	2.83773479e-01	5.37913261e-02	2.17329274e-01
1065            	-1.99633807e-01	1.65353824e-03	2.84122853e-01	5.37888166e-02	2.17313823e-01
1066            	-1.99657865e-01	1.53703160e-03	2.84884271e-01	5.38150447e-02	2.17422523e-01
1067            	-1.99669294e-01	1.36438607e-03	2.85973484e-01	5.38670908e-02	2.17641761e-01
1068            	-1.99673948e-01	1.18695427e-03	2.87080140e-01	5.39324591e-02	2.17920294e-01
1069            	-1.99675011e-01	1.03224648e-03	2.88037844e-01	5.39916487e-02	2.18178062e-01
1070            	-1.99664379e-01	8.64993583e-04	2.89056415e-01	5.40559326e-02	2.18458196e-01
1071            	-1.99641734e-01	6.38472515e-04	2.90423655e-01	5.41217025e-02	2.18738278e-01
1072            	-1.99616279e-01	4.20282516e-04	2.91734563e-01	5.41870435e-02	2.19008881e-01
1073            	-1.99593235e-01	3.05912307e-04	2.92406450e-01	5.42388181e-02	2.19223624e-01
1074            	-1.99570467e-01	3.20754453e-04	2.92277726e-01	5.42756557e-02	2.19383831e-01
1075            	-1.99548679e-01	4.39724285e-04	2.91505910e-01	5.42968148e-02	2.19483997e-01
1076            	-1.99530656e-01	5.95250950e-04	2.90513063e-01	5.42961912e-02	2.19491349e-01
1077            	-1.99515977e-01	7.60741461e-04	2.89462461e-01	5.42732086e-02	2.19400862e-01
1078            	-1.99502565e-01	9.29580050e-04	2.88390665e-01	5.42302452e-02	2.19224380e-01
1079            	-1.99491260e-01	1.11125510e-03	2.87240834e-01	5.41762316e-02	2.19000525e-01
1080            	-1.99484213e-01	1.28315033e-03	2.86157757e-01	5.41192757e-02	2.18760332e-01
1081            	-1.99481816e-01	1.46384148e-03	2.85030904e-01	5.40648045e-02	2.18526384e-01
1082            	-1.99486126e-01	1.62544529e-03	2.84036917e-01	5.40062262e-02	2.18272536e-01
1083            	-1.99495847e-01	1.73143734e-03	2.83399286e-01	5.39513583e-02	2.18031798e-01
1084            	-1.99512781e-01	1.77036983e-03	2.83191182e-01	5.39094629e-02	2.17842539e-01
1085            	-1.99540144e-01	1.74944543e-03	2.83372738e-01	5.38805010e-02	2.17704871e-01
1086            	-1.99577521e-01	1.65939792e-03	2.83992873e-01	5.38575828e-02	2.17594418e-01
1087            	-1.99611730e-01	1.48284758e-03	2.85139402e-01	5.38524428e-02	2.17563839e-01
1088            	-1.99632809e-01	1.29369654e-03	2.86343761e-01	5.38766821e-02	2.17667279e-01
1089            	-1.99643854e-01	1.10558097e-03	2.87527400e-01	5.39296907e-02	2.17896699e-01
1090            	-1.99654285e-01	9.28553610e-04	2.88640766e-01	5.39954216e-02	2.18178286e-01
1091            	-1.99666171e-01	7.30422227e-04	2.89883610e-01	5.40480643e-02	2.18400754e-01
1092            	-1.99668012e-01	4.78698473e-04	2.91441296e-01	5.40899830e-02	2.18574192e-01
1093            	-1.99653791e-01	2.29968296e-04	2.92955267e-01	5.41378112e-02	2.18771087e-01
1094            	-1.99632440e-01	9.47652043e-05	2.93756802e-01	5.41918782e-02	2.18995751e-01
1095            	-1.99610933e-01	1.17883657e-04	2.93580547e-01	5.42394907e-02	2.19197823e-01
1096            	-1.99590160e-01	2.58981231e-04	2.92676172e-01	5.42673186e-02	2.19322242e-01
1097            	-1.99569483e-01	4.58570282e-04	2.91410578e-01	5.42742962e-02	2.19361366e-01
1098            	-1.99547468e-01	6.61733876e-04	2.90119793e-01	5.42603350e-02	2.19311200e-01
1099            	-1.99523736e-01	8.47934596e-04	2.88929668e-01	5.42337468e-02	2.19204399e-01
1100            	-1.99503799e-01	1.02285223e-03	2.87811949e-01	5.41936219e-02	2.19038610e-01
1101            	-1.99485040e-01	1.20440403e-03	2.86651352e-01	5.41540569e-02	2.18877057e-01
1102            	-1.99469164e-01	1.37802023e-03	2.85543432e-01	5.41146357e-02	2.18715193e-01
1103            	-1.99458722e-01	1.54021854e-03	2.84517225e-01	5.40786693e-02	2.18563313e-01
1104            	-1.99459040e-01	1.64336814e-03	2.83877346e-01	5.40339053e-02	2.18368050e-01
1105            	-1.99468983e-01	1.65497978e-03	2.83822240e-01	5.39847058e-02	2.18149787e-01
1106            	-1.99490509e-01	1.58284790e-03	2.84307965e-01	5.39381357e-02	2.17938439e-01
1107            	-1.99518584e-01	1.49031425e-03	2.84933384e-01	5.39134754e-02	2.17822879e-01
1108            	-1.99556733e-01	1.36048166e-03	2.85801158e-01	5.39059097e-02	2.17782733e-01
1109            	-1.99597220e-01	1.15064667e-03	2.87165425e-01	5.39126429e-02	2.17801405e-01
1110            	-1.99632795e-01	9.03619152e-04	2.88752561e-01	5.39347089e-02	2.17885222e-01
1111            	-1.99658807e-01	6.72167520e-04	2.90228060e-01	5.39762654e-02	2.18055424e-01
1112            	-1.99678071e-01	5.06509074e-04	2.91283123e-01	5.40295213e-02	2.18280617e-01
1113            	-1.99695072e-01	3.69368281e-04	2.92154163e-01	5.40692825e-02	2.18449412e-01
1114            	-1.99699821e-01	2.27599237e-04	2.93036914e-01	5.40955985e-02	2.18558474e-01
1115            	-1.99686145e-01	1.36540338e-04	2.93582528e-01	5.41255755e-02	2.18681860e-01
1116            	-1.99660315e-01	1.39897792e-04	2.93527136e-01	5.41672595e-02	2.18856139e-01
1117            	-1.99627382e-01	2.46729915e-04	2.92820035e-01	5.42185442e-02	2.19075635e-01
1118            	-1.99592365e-01	4.22227928e-04	2.91682665e-01	5.42598209e-02	2.19258195e-01
1119            	-1.99558688e-01	6.21248842e-04	2.90399160e-01	5.42859897e-02	2.19380358e-01
1120            	-1.99527039e-01	8.09679420e-04	2.89182056e-01	5.42941470e-02	2.19426718e-01
1121            	-1.99495916e-01	9.77636937e-04	2.88090347e-01	5.42917038e-02	2.19427099e-01
1122            	-1.99467017e-01	1.12335727e-03	2.87136891e-01	5.42751074e-02	2.19367274e-01
1123            	-1.99442492e-01	1.25536265e-03	2.86272750e-01	5.42453679e-02	2.19252072e-01
1124            	-1.99425836e-01	1.34361841e-03	2.85691025e-01	5.42046137e-02	2.19085578e-01
1125            	-1.99420722e-01	1.39765339e-03	2.85341810e-01	5.41561147e-02	2.18879198e-01
1126            	-1.99428259e-01	1.42407034e-03	2.85188350e-01	5.40999749e-02	2.18636368e-01
1127            	-1.99446899e-01	1.39607691e-03	2.85394507e-01	5.40452681e-02	2.18394905e-01
1128            	-1.99477635e-01	1.28429388e-03	2.86142538e-01	5.40030908e-02	2.18199025e-01
1129            	-1.99524958e-01	1.14801723e-03	2.87070074e-01	5.39609217e-02	2.18001488e-01
1130            	-1.99581496e-01	1.01039861e-03	2.88014249e-01	5.39222635e-02	2.17825684e-01
1131            	-1.99632790e-01	8.51011278e-04	2.89080187e-01	5.38978818e-02	2.17716389e-01
1132            	-1.99675608e-01	6.88032722e-04	2.90155067e-01	5.38837181e-02	2.17653643e-01
1133            	-1.99707223e-01	5.72018858e-04	2.90924754e-01	5.38888097e-02	2.17674480e-01
1134            	-1.99726226e-01	5.31045805e-04	2.91211484e-01	5.39147366e-02	2.17785986e-01
1135            	-1.99733301e-01	5.19429794e-04	2.91296421e-01	5.39458510e-02	2.17921146e-01
1136            	-1.99722204e-01	4.65815866e-04	2.91613169e-01	5.39886132e-02	2.18103363e-01
1137            	-1.99693619e-01	3.93069539e-04	2.92021594e-01	5.40493724e-02	2.18358695e-01
1138            	-1.99656488e-01	3.76678007e-04	2.92067294e-01	5.41272494e-02	2.18687266e-01
1139            	-1.99615537e-01	4.55402254e-04	2.91517774e-01	5.42144005e-02	2.19062854e-01
1140            	-1.99572816e-01	6.00594703e-04	2.90553006e-01	5.42985055e-02	2.19434368e-01
1141            	-1.99530836e-01	7.60954421e-04	2.89495859e-01	5.43648499e-02	2.19732739e-01
1142            	-1.99492773e-01	8.95694830e-04	2.88603148e-01	5.44018491e-02	2.19902979e-01
1143            	-1.99460813e-01	9.97247197e-04	2.87924619e-01	5.44065845e-02	2.19931440e-01
1144            	-1.99438604e-01	1.05119692e-03	2.87552609e-01	5.43809442e-02	2.19826451e-01
1145            	-1.99425903e-01	1.09422604e-03	2.87259774e-01	5.43335857e-02	2.19629171e-01
1146            	-1.99419025e-01	1.12832978e-03	2.87030829e-01	5.42806605e-02	2.19405577e-01
1147            	-1.99420890e-01	1.16377425e-03	2.86809767e-01	5.42269824e-02	2.19173482e-01
1148            	-1.99440343e-01	1.17669649e-03	2.86758698e-01	5.41541886e-02	2.18854530e-01
1149            	-1.99471895e-01	1.15422065e-03	2.86948228e-01	5.40717279e-02	2.18492568e-01
1150            	-1.99511961e-01	1.07535066e-03	2.87501536e-01	5.39957071e-02	2.18155841e-01
1151            	-1.99563592e-01	9.98805136e-04	2.88059435e-01	5.39257156e-02	2.17845996e-01
1152            	-1.99624844e-01	9.71779757e-04	2.88324136e-01	5.38559589e-02	2.17543697e-01
1153            	-1.99678684e-01	9.52659325e-04	2.88528396e-01	5.37991459e-02	2.17301769e-01
1154            	-1.99710895e-01	9.27235053e-04	2.88741514e-01	5.37814019e-02	2.17229067e-01
1155            	-1.99726052e-01	8.68023380e-04	2.89136139e-01	5.38097859e-02	2.17350280e-01
1156            	-1.99732020e-01	8.20900717e-04	2.89439217e-01	5.38696860e-02	2.17605070e-01
1157            	-1.99729012e-01	7.94574837e-04	2.89597029e-01	5.39377943e-02	2.17898302e-01
1158            	-1.99710217e-01	7.15776224e-04	2.90055014e-01	5.40154871e-02	2.18232243e-01
1159            	-1.99673186e-01	6.01299759e-04	2.90706226e-01	5.41089336e-02	2.18633158e-01
1160            	-1.99629289e-01	5.27771311e-04	2.91094177e-01	5.42120104e-02	2.19074400e-01
1161            	-1.99586806e-01	5.53641875e-04	2.90871394e-01	5.43092444e-02	2.19494555e-01
1162            	-1.99549324e-01	6.38703679e-04	2.90289841e-01	5.43813109e-02	2.19812602e-01
1163            	-1.99515351e-01	7.47482646e-04	2.89567124e-01	5.44244409e-02	2.20009739e-01
1164            	-1.99487551e-01	8.19586323e-04	2.89078988e-01	5.44313445e-02	2.20049277e-01
1165            	-1.99465348e-01	8.74130970e-04	2.88706661e-01	5.44037466e-02	2.19938700e-01
1166            	-1.99448249e-01	9.38783711e-04	2.88276854e-01	5.43516189e-02	2.19724052e-01
1167            	-1.99440773e-01	1.01519864e-03	2.87785206e-01	5.42887251e-02	2.19461572e-01
1168            	-1.99445201e-01	1.07941155e-03	2.87384846e-01	5.42142853e-02	2.19144874e-01
1169            	-1.99457692e-01	1.15941128e-03	2.86900181e-01	5.41381079e-02	2.18817765e-01
1170            	-1.99480996e-01	1.21372503e-03	2.86593469e-01	5.40518299e-02	2.18444377e-01
1171            	-1.99512511e-01	1.24138402e-03	2.86467807e-01	5.39567206e-02	2.18033220e-01
1172            	-1.99551172e-01	1.24425241e-03	2.86512712e-01	5.38653735e-02	2.17634525e-01
1173            	-1.99593839e-01	1.27547472e-03	2.86394373e-01	5.38006537e-02	2.17347952e-01
1174            	-1.99640934e-01	1.31376259e-03	2.86236843e-01	5.37583689e-02	2.17160921e-01
1175            	-1.99682468e-01	1.30661884e-03	2.86349618e-01	5.37442703e-02	2.17097798e-01
1176            	-1.99710515e-01	1.23732711e-03	2.86825361e-01	5.37668729e-02	2.17190876e-01
1177            	-1.99722647e-01	1.13743595e-03	2.87464193e-01	5.38327978e-02	2.17469096e-01
1178            	-1.99722063e-01	1.05354441e-03	2.87982971e-01	5.39294195e-02	2.17879995e-01
1179            	-1.99708579e-01	9.73501099e-04	2.88456846e-01	5.40295769e-02	2.18309787e-01
1180            	-1.99682308e-01	8.45162910e-04	2.89210501e-01	5.41195769e-02	2.18697655e-01
1181            	-1.99644812e-01	6.91238683e-04	2.90107226e-01	5.42071657e-02	2.19072851e-01
1182            	-1.99605056e-01	5.79120393e-04	2.90742698e-01	5.42933652e-02	2.19440635e-01
1183            	-1.99568194e-01	5.66645304e-04	2.90766764e-01	5.43634189e-02	2.19744845e-01
1184            	-1.99537408e-01	6.09974896e-04	2.90453449e-01	5.44008999e-02	2.19914862e-01
1185            	-1.99510118e-01	6.89146668e-04	2.89923052e-01	5.44104986e-02	2.19968409e-01
1186            	-1.99486316e-01	7.80693560e-04	2.89320399e-01	5.43917142e-02	2.19900291e-01
1187            	-1.99469156e-01	8.64506355e-04	2.88773324e-01	5.43467307e-02	2.19716461e-01
1188            	-1.99460462e-01	9.53326789e-04	2.88203692e-01	5.42810687e-02	2.19443196e-01
1189            	-1.99460234e-01	1.05075720e-03	2.87588573e-01	5.42094610e-02	2.19143400e-01
1190            	-1.99470456e-01	1.14580227e-03	2.87002667e-01	5.41294759e-02	2.18803875e-01
1191            	-1.99487389e-01	1.27978825e-03	2.86189022e-01	5.40420421e-02	2.18433033e-01
1192            	-1.99510322e-01	1.39347074e-03	2.85516366e-01	5.39436517e-02	2.18011970e-01
1193            	-1.99533566e-01	1.46782411e-03	2.85094299e-01	5.38534557e-02	2.17620714e-01
1194            	-1.99562124e-01	1.50420332e-03	2.84921044e-01	5.37862148e-02	2.17321481e-01
1195            	-1.99599673e-01	1.53615029e-03	2.84792436e-01	5.37471158e-02	2.17141004e-01
1196            	-1.99645806e-01	1.55835951e-03	2.84733379e-01	5.37304582e-02	2.17062660e-01
1197            	-1.99683194e-01	1.50581239e-03	2.85118247e-01	5.37456244e-02	2.17124014e-01
1198            	-1.99701735e-01	1.38160400e-03	2.85915687e-01	5.37979281e-02	2.17343729e-01
1199            	-1.99703932e-01	1.24330881e-03	2.86776180e-01	5.38809245e-02	2.17693806e-01
1200            	-1.99698306e-01	1.13516347e-03	2.87438162e-01	5.39674784e-02	2.18063778e-01
1201            	-1.99684001e-01	1.02805140e-03	2.88081069e-01	5.40466242e-02	2.18405841e-01
1202            	-1.99658468e-01	8.59712926e-04	2.89085832e-01	5.41244310e-02	2.18740565e-01
1203            	-1.99623792e-01	6.72089763e-04	2.90195008e-01	5.42071909e-02	2.19092804e-01
1204            	-1.99590668e-01	5.36993530e-04	2.90980728e-01	5.42768631e-02	2.19388548e-01
1205            	-1.99561041e-01	5.02907539e-04	2.91147076e-01	5.43256526e-02	2.19600324e-01
1206            	-1.99535433e-01	5.53041650e-04	2.90799061e-01	5.43507163e-02	2.19715472e-01
1207            	-1.99513275e-01	6.43665837e-04	2.90205295e-01	5.43537924e-02	2.19737321e-01
1208            	-1.99496159e-01	7.50381214e-04	2.89516676e-01	5.43341759e-02	2.19661203e-01
1209            	-1.99483047e-01	8.47812937e-04	2.88887036e-01	5.42958126e-02	2.19502981e-01
1210            	-1.99477883e-01	9.66578621e-04	2.88133670e-01	5.42408197e-02	2.19274491e-01
1211            	-1.99479203e-01	1.11119608e-03	2.87228120e-01	5.41706323e-02	2.18982028e-01
1212            	-1.99484403e-01	1.27554218e-03	2.86208549e-01	5.40910025e-02	2.18647002e-01
1213            	-1.99494202e-01	1.45464977e-03	2.85110390e-01	5.40083545e-02	2.18295767e-01
1214            	-1.99506447e-01	1.58343942e-03	2.84334354e-01	5.39337624e-02	2.17972055e-01
1215            	-1.99524612e-01	1.64338119e-03	2.83998069e-01	5.38757192e-02	2.17711923e-01
1216            	-1.99555067e-01	1.66445653e-03	2.83923890e-01	5.38298650e-02	2.17501567e-01
1217            	-1.99595227e-01	1.67151982e-03	2.83949225e-01	5.37988745e-02	2.17358826e-01
1218            	-1.99633276e-01	1.64603501e-03	2.84169426e-01	5.37946329e-02	2.17336611e-01
1219            	-1.99658023e-01	1.55683318e-03	2.84762818e-01	5.38203107e-02	2.17444651e-01
1220            	-1.99671009e-01	1.40203183e-03	2.85743669e-01	5.38689759e-02	2.17650092e-01
1221            	-1.99675189e-01	1.23143606e-03	2.86807303e-01	5.39307706e-02	2.17913288e-01
1222            	-1.99676202e-01	1.07791253e-03	2.87757883e-01	5.39874759e-02	2.18159904e-01
1223            	-1.99665693e-01	9.15511865e-04	2.88746758e-01	5.40480771e-02	2.18424610e-01
1224            	-1.99643077e-01	6.97602539e-04	2.90060758e-01	5.41120635e-02	2.18699130e-01
1225            	-1.99615349e-01	4.94426637e-04	2.91275349e-01	5.41786729e-02	2.18979258e-01
1226            	-1.99591654e-01	3.71737752e-04	2.91998032e-01	5.42325157e-02	2.19203617e-01
1227            	-1.99570412e-01	3.60571278e-04	2.92033579e-01	5.42653876e-02	2.19344897e-01
1228            	-1.99549305e-01	4.52335053e-04	2.91431356e-01	5.42853079e-02	2.19438609e-01
1229            	-1.99529834e-01	5.91334032e-04	2.90538563e-01	5.42867553e-02	2.19454993e-01
1230            	-1.99515306e-01	7.47476848e-04	2.89545970e-01	5.42661939e-02	2.19375145e-01
1231            	-1.99503092e-01	9.05080249e-04	2.88545183e-01	5.42233201e-02	2.19199193e-01
1232            	-1.99492536e-01	1.08604844e-03	2.87399963e-01	5.41675025e-02	2.18969644e-01
1233            	-1.99485121e-01	1.26816707e-03	2.86252773e-01	5.41075858e-02	2.18719084e-01
1234            	-1.99482709e-01	1.44536351e-03	2.85146973e-01	5.40526343e-02	2.18483181e-01
1235            	-1.99487865e-01	1.60202389e-03	2.84184649e-01	5.39926493e-02	2.18221945e-01
1236            	-1.99497667e-01	1.71511133e-03	2.83503330e-01	5.39380639e-02	2.17981846e-01
1237            	-1.99514409e-01	1.76632172e-03	2.83219162e-01	5.38981516e-02	2.17800391e-01
1238            	-1.99541065e-01	1.77134775e-03	2.83239251e-01	5.38730966e-02	2.17680328e-01
1239            	-1.99578594e-01	1.70232154e-03	2.83730261e-01	5.38546092e-02	2.17587714e-01
1240            	-1.99613636e-01	1.54957766e-03	2.84731906e-01	5.38516409e-02	2.17564556e-01
1241            	-1.99636083e-01	1.35453370e-03	2.85974779e-01	5.38765711e-02	2.17666931e-01
1242            	-1.99646938e-01	1.16509161e-03	2.87166075e-01	5.39308326e-02	2.17900651e-01
1243            	-1.99653758e-01	1.00033677e-03	2.88197826e-01	5.39992125e-02	2.18195888e-01
1244            	-1.99663176e-01	8.21656861e-04	2.89316906e-01	5.40550357e-02	2.18435274e-01
1245            	-1.99663063e-01	5.81967708e-04	2.90798532e-01	5.41035536e-02	2.18637828e-01
1246            	-1.99649067e-01	3.17326039e-04	2.92412543e-01	5.41529256e-02	2.18840242e-01
1247            	-1.99625691e-01	1.42122932e-04	2.93458089e-01	5.42085749e-02	2.19070354e-01
1248            	-1.99603401e-01	1.26727450e-04	2.93517829e-01	5.42577164e-02	2.19278602e-01
1249            	-1.99583057e-01	2.36543462e-04	2.92806200e-01	5.42867411e-02	2.19407826e-01
1250            	-1.99562837e-01	4.22166718e-04	2.91626162e-01	5.42961949e-02	2.19458488e-01
1251            	-1.99542718e-01	6.22366853e-04	2.90355893e-01	5.42811545e-02	2.19404280e-01
1252            	-1.99521792e-01	8.13282422e-04	2.89140799e-01	5.42488560e-02	2.19273924e-01
1253            	-1.99502695e-01	9.96232552e-04	2.87975266e-01	5.42023079e-02	2.19082058e-01
1254            	-1.99487135e-01	1.17473173e-03	2.86838808e-01	5.41515454e-02	2.18872427e-01
1255            	-1.99474479e-01	1.35246680e-03	2.85710675e-01	5.41022132e-02	2.18668024e-01
1256            	-1.99466159e-01	1.52966093e-03	2.84595124e-01	5.40597616e-02	2.18489251e-01
1257            	-1.99466261e-01	1.66395660e-03	2.83762432e-01	5.40122466e-02	2.18283976e-01
1258            	-1.99475303e-01	1.70612087e-03	2.83517170e-01	5.39634516e-02	2.18067523e-01
1259            	-1.99495635e-01	1.65056191e-03	2.83897790e-01	5.39171554e-02	2.17856711e-01
1260            	-1.99524952e-01	1.55368775e-03	2.84551427e-01	5.38852155e-02	2.17707812e-01
1261            	-1.99562042e-01	1.43285431e-03	2.85361852e-01	5.38700733e-02	2.17636036e-01
1262            	-1.99596798e-01	1.24868166e-03	2.86557605e-01	5.38799723e-02	2.17673105e-01
1263            	-1.99627912e-01	1.01359536e-03	2.88063278e-01	5.39087787e-02	2.17788668e-01
1264            	-1.99652913e-01	7.71943976e-04	2.89600669e-01	5.39558179e-02	2.17981510e-01
1265            	-1.99672009e-01	5.78841784e-04	2.90826312e-01	5.40109979e-02	2.18212357e-01
1266            	-1.99688028e-01	4.20892440e-04	2.91824868e-01	5.40569673e-02	2.18407432e-01
1267            	-1.99691424e-01	2.52051700e-04	2.92871769e-01	5.40947009e-02	2.18565036e-01
1268            	-1.99678420e-01	1.14315433e-04	2.93704254e-01	5.41359672e-02	2.18734550e-01
1269            	-1.99655296e-01	9.42895853e-05	2.93796994e-01	5.41812558e-02	2.18921902e-01
1270            	-1.99627388e-01	2.00015011e-04	2.93105419e-01	5.42288991e-02	2.19124533e-01
1271            	-1.99596023e-01	3.79787197e-04	2.91948696e-01	5.42683111e-02	2.19298206e-01
1272            	-1.99564015e-01	5.83758684e-04	2.90638619e-01	5.42914259e-02	2.19406057e-01
1273            	-1.99533041e-01	7.72073089e-04	2.89423648e-01	5.42966437e-02	2.19438087e-01
1274            	-1.99503076e-01	9.47182708e-04	2.88289607e-01	5.42911829e-02	2.19424104e-01
1275            	-1.99475685e-01	1.10754227e-03	2.87248542e-01	5.42730906e-02	2.19356364e-01
1276            	-1.99451631e-01	1.24788254e-03	2.86333228e-01	5.42460177e-02	2.19250590e-01
1277            	-1.99433307e-01	1.35310708e-03	2.85643627e-01	5.42069525e-02	2.19090751e-01
1278            	-1.99424114e-01	1.43329653e-03	2.85125573e-01	5.41632590e-02	2.18907258e-01
1279            	-1.99428993e-01	1.46651062e-03	2.84924826e-01	5.41090576e-02	2.18673283e-01
1280            	-1.99443622e-01	1.45414684e-03	2.85027065e-01	5.40555008e-02	2.18439252e-01
1281            	-1.99468498e-01	1.35959170e-03	2.85658565e-01	5.40153039e-02	2.18255390e-01
1282            	-1.99511647e-01	1.21776735e-03	2.86614493e-01	5.39812853e-02	2.18092011e-01
1283            	-1.99568334e-01	1.06355772e-03	2.87663527e-01	5.39408655e-02	2.17905667e-01
1284            	-1.99619826e-01	8.89441451e-04	2.88822098e-01	5.39147054e-02	2.17788359e-01
1285            	-1.99658926e-01	7.07367751e-04	2.90008841e-01	5.39081936e-02	2.17759091e-01
1286            	-1.99691704e-01	5.53318706e-04	2.91013920e-01	5.39169922e-02	2.17794997e-01
1287            	-1.99716111e-01	4.81156879e-04	2.91500208e-01	5.39367101e-02	2.17879324e-01
1288            	-1.99729929e-01	4.61033072e-04	2.91648006e-01	5.39548545e-02	2.17959344e-01
1289            	-1.99723457e-01	4.17881738e-04	2.91908194e-01	5.39829620e-02	2.18080507e-01
1290            	-1.99698014e-01	3.45352710e-04	2.92320787e-01	5.40347085e-02	2.18297364e-01
1291            	-1.99662489e-01	3.33072822e-04	2.92344416e-01	5.41037516e-02	2.18587664e-01
1292            	-1.99624612e-01	4.15111739e-04	2.91779754e-01	5.41794852e-02	2.18912195e-01
1293            	-1.99584434e-01	5.67842901e-04	2.90772357e-01	5.42525616e-02	2.19234949e-01
1294            	-1.99542748e-01	7.42426406e-04	2.89626805e-01	5.43164205e-02	2.19523377e-01
1295            	-1.99502685e-01	8.93251901e-04	2.88630416e-01	5.43567682e-02	2.19709788e-01
1296            	-1.99467779e-01	1.01109760e-03	2.87845639e-01	5.43697364e-02	2.19775032e-01
1297            	-1.99441231e-01	1.09385214e-03	2.87288679e-01	5.43527300e-02	2.19709674e-01
1298            	-1.99426283e-01	1.13952832e-03	2.86975482e-01	5.43131777e-02	2.19545346e-01
1299            	-1.99418362e-01	1.16856553e-03	2.86776040e-01	5.42636767e-02	2.19335719e-01
1300            	-1.99417100e-01	1.20722234e-03	2.86530377e-01	5.42172398e-02	2.19135925e-01
1301            	-1.99430793e-01	1.21710700e-03	2.86489710e-01	5.41632319e-02	2.18897028e-01
1302            	-1.99460947e-01	1.18833174e-03	2.86717892e-01	5.40914436e-02	2.18578416e-01
1303            	-1.99500237e-01	1.10043524e-03	2.87327430e-01	5.40219720e-02	2.18267639e-01
1304            	-1.99550886e-01	1.00176227e-03	2.88021921e-01	5.39614388e-02	2.17995068e-01
1305            	-1.99612538e-01	9.39788432e-04	2.88503928e-01	5.38986180e-02	2.17718909e-01
1306            	-1.99670357e-01	9.01545293e-04	2.88831947e-01	5.38405232e-02	2.17471031e-01
1307            	-1.99706084e-01	8.66295416e-04	2.89109727e-01	5.38166830e-02	2.17373011e-01
1308            	-1.99723918e-01	8.12924954e-04	2.89472773e-01	5.38369821e-02	2.17460463e-01
1309            	-1.99730709e-01	7.65325026e-04	2.89780910e-01	5.38893241e-02	2.17682328e-01
1310            	-1.99730848e-01	7.35822842e-04	2.89963936e-01	5.39486465e-02	2.17936111e-01
1311            	-1.99713674e-01	6.79669168e-04	2.90284949e-01	5.40167525e-02	2.18229298e-01
1312            	-1.99678950e-01	5.80074388e-04	2.90847328e-01	5.41026850e-02	2.18598448e-01
1313            	-1.99633970e-01	5.12679685e-04	2.91195050e-01	5.42055826e-02	2.19039545e-01
1314            	-1.99590029e-01	5.36990079e-04	2.90978412e-01	5.43043855e-02	2.19467032e-01
1315            	-1.99549983e-01	6.30179624e-04	2.90342056e-01	5.43806555e-02	2.19803513e-01
1316            	-1.99515009e-01	7.51423767e-04	2.89540427e-01	5.44268743e-02	2.20014596e-01
1317            	-1.99485580e-01	8.39833515e-04	2.88949072e-01	5.44367025e-02	2.20067876e-01
1318            	-1.99463357e-01	8.91708959e-04	2.88593153e-01	5.44104804e-02	2.19963561e-01
1319            	-1.99446139e-01	9.44402743e-04	2.88237265e-01	5.43583578e-02	2.19748814e-01
1320            	-1.99437166e-01	1.01975476e-03	2.87750649e-01	5.42955905e-02	2.19488338e-01
1321            	-1.99439670e-01	1.08116087e-03	2.87365933e-01	5.42228037e-02	2.19179234e-01
1322            	-1.99451635e-01	1.14873363e-03	2.86957861e-01	5.41443680e-02	2.18842494e-01
1323            	-1.99474074e-01	1.19357844e-03	2.86708457e-01	5.40594741e-02	2.18474439e-01
1324            	-1.99505823e-01	1.21583027e-03	2.86617294e-01	5.39671148e-02	2.18073908e-01
1325            	-1.99544381e-01	1.20878295e-03	2.86722252e-01	5.38745600e-02	2.17671631e-01
1326            	-1.99591483e-01	1.21532777e-03	2.86761425e-01	5.37962287e-02	2.17327487e-01
1327            	-1.99640109e-01	1.24903282e-03	2.86634258e-01	5.37441851e-02	2.17099324e-01
1328            	-1.99680913e-01	1.25971660e-03	2.86636343e-01	5.37252545e-02	2.17017203e-01
1329            	-1.99707543e-01	1.21156205e-03	2.86979985e-01	5.37454024e-02	2.17101530e-01
1330            	-1.99721367e-01	1.12374692e-03	2.87547492e-01	5.38055990e-02	2.17355336e-01
1331            	-1.99723263e-01	1.04075727e-03	2.88064734e-01	5.38987697e-02	2.17750186e-01
1332            	-1.99713944e-01	9.62590719e-04	2.88532997e-01	5.40005325e-02	2.18185494e-01
1333            	-1.99688522e-01	8.45668461e-04	2.89217157e-01	5.40991268e-02	2.18608901e-01
1334            	-1.99651305e-01	6.96742628e-04	2.90083084e-01	5.41953103e-02	2.19020263e-01
1335            	-1.99610489e-01	5.80219758e-04	2.90744123e-01	5.42920126e-02	2.19431163e-01
1336            	-1.99572780e-01	5.64805980e-04	2.90785193e-01	5.43737161e-02	2.19783554e-01
1337            	-1.99540403e-01	6.13387892e-04	2.90437226e-01	5.44207477e-02	2.19993898e-01
1338            	-1.99512940e-01	6.91334748e-04	2.89914484e-01	5.44380667e-02	2.20079599e-01
1339            	-1.99488040e-01	7.75753513e-04	2.89354575e-01	5.44254197e-02	2.20037109e-01
1340            	-1.99468850e-01	8.60093448e-04	2.88802060e-01	5.43861780e-02	2.19878139e-01
1341            	-1.99456742e-01	9.40727142e-04	2.88279168e-01	5.43244348e-02	2.19620855e-01
1342            	-1.99454229e-01	1.03581441e-03	2.87676024e-01	5.42525555e-02	2.19320409e-01
1343            	-1.99460937e-01	1.12599510e-03	2.87115023e-01	5.41743496e-02	2.18989082e-01
1344            	-1.99477104e-01	1.24198375e-03	2.86410932e-01	5.40857351e-02	2.18612021e-01
1345            	-1.99500010e-01	1.34987801e-03	2.85772079e-01	5.39859890e-02	2.18186473e-01
1346            	-1.99526009e-01	1.42229850e-03	2.85363824e-01	5.38862943e-02	2.17757127e-01
1347            	-1.99554480e-01	1.45694699e-03	2.85199897e-01	5.38088270e-02	2.17416125e-01
1348            	-1.99591844e-01	1.50023340e-03	2.85001506e-01	5.37600424e-02	2.17195504e-01
1349            	-1.99639234e-01	1.53252288e-03	2.84882292e-01	5.37314548e-02	2.17066497e-01
1350            	-1.99682006e-01	1.48662222e-03	2.85234347e-01	5.37330020e-02	2.17069189e-01
1351            	-1.99705827e-01	1.37180141e-03	2.85981809e-01	5.37722425e-02	2.17233485e-01
1352            	-1.99711333e-01	1.24330837e-03	2.86786669e-01	5.38492191e-02	2.17559146e-01
1353            	-1.99706700e-01	1.13962842e-03	2.87422606e-01	5.39383152e-02	2.17939496e-01
1354            	-1.99693319e-01	1.04070887e-03	2.88015576e-01	5.40206600e-02	2.18295351e-01
1355            	-1.99668551e-01	8.78056189e-04	2.88985898e-01	5.40993744e-02	2.18634129e-01
1356            	-1.99634302e-01	6.92141094e-04	2.90085340e-01	5.41807046e-02	2.18981039e-01
1357            	-1.99598660e-01	5.55756686e-04	2.90875774e-01	5.42532700e-02	2.19289781e-01
1358            	-1.99567229e-01	5.23134125e-04	2.91031263e-01	5.43061038e-02	2.19519250e-01
1359            	-1.99539038e-01	5.70147192e-04	2.90698779e-01	5.43336873e-02	2.19646390e-01
1360            	-1.99514795e-01	6.58745467e-04	2.90114652e-01	5.43413026e-02	2.19689004e-01
1361            	-1.99495350e-01	7.55918587e-04	2.89482908e-01	5.43256373e-02	2.19629401e-01
1362            	-1.99480766e-01	8.48900704e-04	2.88879798e-01	5.42908301e-02	2.19486480e-01
1363            	-1.99473039e-01	9.61066147e-04	2.88164085e-01	5.42420659e-02	2.19284393e-01
1364            	-1.99474434e-01	1.09217382e-03	2.87342555e-01	5.41784756e-02	2.19018441e-01
1365            	-1.99481188e-01	1.24265258e-03	2.86410463e-01	5.41045210e-02	2.18706598e-01
1366            	-1.99492709e-01	1.41844491e-03	2.85334199e-01	5.40247798e-02	2.18367725e-01
1367            	-1.99506516e-01	1.54993570e-03	2.84542376e-01	5.39473431e-02	2.18032518e-01
1368            	-1.99524384e-01	1.61807011e-03	2.84153895e-01	5.38861867e-02	2.17760056e-01
1369            	-1.99553807e-01	1.63718948e-03	2.84089351e-01	5.38397455e-02	2.17545971e-01
1370            	-1.99593353e-01	1.64527082e-03	2.84108886e-01	5.38089809e-02	2.17401367e-01
1371            	-1.99632937e-01	1.64077726e-03	2.84202500e-01	5.38025430e-02	2.17369089e-01
1372            	-1.99660762e-01	1.56617248e-03	2.84709384e-01	5.38259996e-02	2.17467748e-01
1373            	-1.99674837e-01	1.42174489e-03	2.85627058e-01	5.38750988e-02	2.17674240e-01
1374            	-1.99678942e-01	1.25290650e-03	2.86679792e-01	5.39396241e-02	2.17947020e-01
1375            	-1.99677275e-01	1.11310095e-03	2.87542529e-01	5.40001708e-02	2.18209442e-01
1376            	-1.99666327e-01	9.64122501e-04	2.88447923e-01	5.40612945e-02	2.18476783e-01
1377            	-1.99642841e-01	7.57884991e-04	2.89688300e-01	5.41253156e-02	2.18753137e-01
1378            	-1.99613944e-01	5.59128994e-04	2.90873575e-01	5.41926774e-02	2.19038931e-01
1379            	-1.99587803e-01	4.33933897e-04	2.91607931e-01	5.42452180e-02	2.19260367e-01
1380            	-1.99566475e-01	4.05303858e-04	2.91752149e-01	5.42768564e-02	2.19395937e-01
1381            	-1.99546760e-01	4.74585450e-04	2.91292357e-01	5.42901138e-02	2.19460006e-01
1382            	-1.99527807e-01	5.96829127e-04	2.90504231e-01	5.42880196e-02	2.19462005e-01
1383            	-1.99512572e-01	7.43473052e-04	2.89569078e-01	5.42683289e-02	2.19387346e-01
1384            	-1.99501697e-01	8.87590291e-04	2.88653752e-01	5.42254904e-02	2.19211500e-01
1385            	-1.99494061e-01	1.05459490e-03	2.87599221e-01	5.41657309e-02	2.18964740e-01
1386            	-1.99488781e-01	1.23485007e-03	2.86466008e-01	5.40976984e-02	2.18681281e-01
1387            	-1.99486429e-01	1.41411969e-03	2.85346611e-01	5.40363955e-02	2.18420418e-01
1388            	-1.99492371e-01	1.57364754e-03	2.84366877e-01	5.39714745e-02	2.18139280e-01
1389            	-1.99501816e-01	1.68848023e-03	2.83673994e-01	5.39126645e-02	2.17880868e-01
1390            	-1.99517866e-01	1.74878693e-03	2.83332495e-01	5.38684441e-02	2.17680919e-01
1391            	-1.99544099e-01	1.76802698e-03	2.83263760e-01	5.38381997e-02	2.17538998e-01
1392            	-1.99580661e-01	1.73136026e-03	2.83553699e-01	5.38184978e-02	2.17443074e-01
1393            	-1.99614650e-01	1.61944634e-03	2.84302350e-01	5.38179502e-02	2.17431256e-01
1394            	-1.99637879e-01	1.44017195e-03	2.85449822e-01	5.38464471e-02	2.17546622e-01
1395            	-1.99649541e-01	1.23984513e-03	2.86709573e-01	5.39030541e-02	2.17786909e-01
1396            	-1.99655153e-01	1.06972448e-03	2.87772413e-01	5.39756965e-02	2.18099786e-01
1397            	-1.99661065e-01	9.09366752e-04	2.88772905e-01	5.40401272e-02	2.18378402e-01
1398            	-1.99659501e-01	6.99761079e-04	2.90067354e-01	5.40996259e-02	2.18630416e-01
1399            	-1.99645661e-01	4.32414319e-04	2.91699727e-01	5.41569413e-02	2.18866191e-01
1400            	-1.99623579e-01	2.21223081e-04	2.92970610e-01	5.42154680e-02	2.19106129e-01
1401            	-1.99599882e-01	1.55897427e-04	2.93336427e-01	5.42676152e-02	2.19325092e-01
1402            	-1.99578502e-01	2.31905651e-04	2.92831749e-01	5.43046763e-02	2.19487361e-01
1403            	-1.99559621e-01	3.95470308e-04	2.91789678e-01	5.43194996e-02	2.19559571e-01
1404            	-1.99540164e-01	5.85497947e-04	2.90582274e-01	5.43107700e-02	2.19532472e-01
1405            	-1.99520243e-01	7.79172192e-04	2.89350736e-01	5.42803907e-02	2.19411644e-01
1406            	-1.99501265e-01	9.61002010e-04	2.88192105e-01	5.42349576e-02	2.19224409e-01
1407            	-1.99486153e-01	1.13912180e-03	2.87059416e-01	5.41815021e-02	2.19002595e-01
1408            	-1.99474751e-01	1.31344289e-03	2.85954636e-01	5.41252431e-02	2.18767735e-01
1409            	-1.99466999e-01	1.50383223e-03	2.84758474e-01	5.40754518e-02	2.18558803e-01
1410            	-1.99467727e-01	1.65998218e-03	2.83791049e-01	5.40228034e-02	2.18333838e-01
1411            	-1.99476062e-01	1.73867055e-03	2.83318835e-01	5.39698256e-02	2.18102031e-01
1412            	-1.99494958e-01	1.71833535e-03	2.83479168e-01	5.39222228e-02	2.17886560e-01
1413            	-1.99525803e-01	1.62725911e-03	2.84098857e-01	5.38823282e-02	2.17701452e-01
1414            	-1.99564724e-01	1.50180291e-03	2.84939985e-01	5.38564998e-02	2.17582304e-01
1415            	-1.99598951e-01	1.33912830e-03	2.86001867e-01	5.38559097e-02	2.17577205e-01
1416            	-1.99626037e-01	1.13565699e-03	2.87305325e-01	5.38842118e-02	2.17696142e-01
1417            	-1.99649222e-01	8.93066999e-04	2.88845159e-01	5.39321115e-02	2.17894290e-01
1418            	-1.99669051e-01	6.76904421e-04	2.90214893e-01	5.39876485e-02	2.18125091e-01
1419            	-1.99685343e-01	4.89652981e-04	2.91395352e-01	5.40316575e-02	2.18310477e-01
1420            	-1.99687392e-01	2.99109449e-04	2.92573726e-01	5.40742625e-02	2.18489781e-01
1421            	-1.99675388e-01	1.29276092e-04	2.93604920e-01	5.41189978e-02	2.18674047e-01
1422            	-1.99653822e-01	6.80552660e-05	2.93952467e-01	5.41664150e-02	2.18869944e-01
1423            	-1.99628724e-01	1.45550363e-04	2.93438786e-01	5.42111920e-02	2.19058784e-01
1424            	-1.99600418e-01	3.18259124e-04	2.92330489e-01	5.42484994e-02	2.19222660e-01
1425            	-1.99569049e-01	5.33155110e-04	2.90955394e-01	5.42727108e-02	2.19335030e-01
1426            	-1.99539228e-01	7.31078176e-04	2.89684550e-01	5.42774466e-02	2.19363703e-01
1427            	-1.99510875e-01	9.09924147e-04	2.88530894e-01	5.42696893e-02	2.19337819e-01
1428            	-1.99484547e-01	1.07967278e-03	2.87433876e-01	5.42533408e-02	2.19275862e-01
1429            	-1.99461227e-01	1.23773205e-03	2.86410812e-01	5.42300636e-02	2.19184761e-01
1430            	-1.99442543e-01	1.36010695e-03	2.85614330e-01	5.41991880e-02	2.19058552e-01
1431            	-1.99431128e-01	1.46080039e-03	2.84965765e-01	5.41625871e-02	2.18904203e-01
1432            	-1.99433898e-01	1.50502673e-03	2.84692553e-01	5.41131876e-02	2.18690250e-01
1433            	-1.99447264e-01	1.50208224e-03	2.84733553e-01	5.40579453e-02	2.18449352e-01
1434            	-1.99468482e-01	1.43290926e-03	2.85201988e-01	5.40171960e-02	2.18265661e-01
1435            	-1.99503824e-01	1.30299284e-03	2.86071697e-01	5.39932721e-02	2.18147300e-01
1436            	-1.99555928e-01	1.13310296e-03	2.87211467e-01	5.39662489e-02	2.18015515e-01
1437            	-1.99607690e-01	9.40219254e-04	2.88488757e-01	5.39424020e-02	2.17904109e-01
1438            	-1.99644599e-01	7.42938032e-04	2.89767185e-01	5.39425830e-02	2.17902399e-01
1439            	-1.99672524e-01	5.63904907e-04	2.90918538e-01	5.39634080e-02	2.17990289e-01
1440            	-1.99698493e-01	4.51293535e-04	2.91656224e-01	5.39899369e-02	2.18101648e-01
1441            	-1.99717545e-01	4.06981975e-04	2.91960297e-01	5.40018693e-02	2.18154886e-01
1442            	-1.99717216e-01	3.61363737e-04	2.92245183e-01	5.40168066e-02	2.18220486e-01
1443            	-1.99695784e-01	3.00400407e-04	2.92593341e-01	5.40529407e-02	2.18373044e-01
1444            	-1.99663744e-01	2.80379410e-04	2.92670756e-01	5.41111289e-02	2.18616537e-01
1445            	-1.99628492e-01	3.68486539e-04	2.92073515e-01	5.41745627e-02	2.18888001e-01
1446            	-1.99593001e-01	5.25853120e-04	2.91045206e-01	5.42320587e-02	2.19142149e-01
1447            	-1.99554891e-01	7.12064079e-04	2.89833101e-01	5.42829472e-02	2.19374420e-01
1448            	-1.99516507e-01	8.76565646e-04	2.88753419e-01	5.43169901e-02	2.19535389e-01
1449            	-1.99480503e-01	1.00908363e-03	2.87874854e-01	5.43313156e-02	2.19608296e-01
1450            	-1.99451251e-01	1.11285747e-03	2.87183029e-01	5.43176628e-02	2.19559400e-01
1451            	-1.99431943e-01	1.18675983e-03	2.86688303e-01	5.42833709e-02	2.19420333e-01
1452            	-1.99422099e-01	1.22102769e-03	2.86452574e-01	5.42332916e-02	2.19209618e-01
1453            	-1.99418521e-01	1.25390536e-03	2.86238068e-01	5.41845838e-02	2.19001282e-01
1454            	-1.99426950e-01	1.26732521e-03	2.86167209e-01	5.41357556e-02	2.18786644e-01
1455            	-1.99451659e-01	1.23482321e-03	2.86410597e-01	5.40786286e-02	2.18530345e-01
1456            	-1.99489095e-01	1.14035047e-03	2.87059215e-01	5.40141965e-02	2.18240120e-01
1457            	-1.99537042e-01	1.02175887e-03	2.87873521e-01	5.39608571e-02	2.17996867e-01
1458            	-1.99594523e-01	9.30883850e-04	2.88528933e-01	5.39146717e-02	2.17788674e-01
1459            	-1.99654214e-01	8.64829521e-04	2.89032312e-01	5.38669638e-02	2.17581677e-01
1460            	-1.99697519e-01	8.04988458e-04	2.89473182e-01	5.38408610e-02	2.17470984e-01
1461            	-1.99720890e-01	7.46071591e-04	2.89879194e-01	5.38515334e-02	2.17517030e-01
1462            	-1.99730798e-01	7.05210892e-04	2.90151771e-01	5.38973907e-02	2.17711340e-01
1463            	-1.99732341e-01	6.76701676e-04	2.90331713e-01	5.39535365e-02	2.17950632e-01
1464            	-1.99718520e-01	6.41367316e-04	2.90530139e-01	5.40149445e-02	2.18214066e-01
1465            	-1.99686632e-01	5.55656755e-04	2.91011688e-01	5.40941187e-02	2.18552150e-01
1466            	-1.99644284e-01	4.87593950e-04	2.91367130e-01	5.41927406e-02	2.18973458e-01
1467            	-1.99598761e-01	5.08217553e-04	2.91169862e-01	5.42956491e-02	2.19418030e-01
1468            	-1.99556270e-01	6.09101514e-04	2.90481606e-01	5.43803190e-02	2.19790777e-01
1469            	-1.99517344e-01	7.36864991e-04	2.89633283e-01	5.44368340e-02	2.20045319e-01
1470            	-1.99483507e-01	8.44182420e-04	2.88918116e-01	5.44585658e-02	2.20150647e-01
1471            	-1.99457542e-01	9.01737943e-04	2.88521051e-01	5.44423762e-02	2.20089449e-01
1472            	-1.99439238e-01	9.39653250e-04	2.88254768e-01	5.43955561e-02	2.19896184e-01
1473            	-1.99428276e-01	1.01358185e-03	2.87774479e-01	5.43339611e-02	2.19642349e-01
1474            	-1.99427807e-01	1.07373533e-03	2.87393412e-01	5.42651103e-02	2.19352212e-01
1475            	-1.99439528e-01	1.13007923e-03	2.87055342e-01	5.41831549e-02	2.19000869e-01
1476            	-1.99462449e-01	1.17423221e-03	2.86811745e-01	5.40944494e-02	2.18617269e-01
1477            	-1.99494153e-01	1.18444781e-03	2.86795157e-01	5.40047801e-02	2.18227120e-01
1478            	-1.99534253e-01	1.15517462e-03	2.87038700e-01	5.39098006e-02	2.17813888e-01
1479            	-1.99584514e-01	1.14117746e-03	2.87207911e-01	5.38206703e-02	2.17424917e-01
1480            	-1.99636513e-01	1.16179941e-03	2.87166238e-01	5.37556691e-02	2.17141334e-01
1481            	-1.99681250e-01	1.18570873e-03	2.87093044e-01	5.37204376e-02	2.16990544e-01
1482            	-1.99709949e-01	1.16120568e-03	2.87294603e-01	5.37281835e-02	2.17023712e-01
1483            	-1.99725163e-01	1.08304598e-03	2.87805494e-01	5.37757543e-02	2.17223938e-01
1484            	-1.99728967e-01	1.00885365e-03	2.88271535e-01	5.38556950e-02	2.17563215e-01
1485            	-1.99722173e-01	9.40059104e-04	2.88685592e-01	5.39490891e-02	2.17963256e-01
1486            	-1.99698210e-01	8.44096235e-04	2.89242313e-01	5.40495747e-02	2.18395388e-01
1487            	-1.99660296e-01	7.07330095e-04	2.90031280e-01	5.41489375e-02	2.18822029e-01
1488            	-1.99618002e-01	5.93436931e-04	2.90673633e-01	5.42519257e-02	2.19260425e-01
1489            	-1.99578697e-01	5.63513083e-04	2.90801776e-01	5.43442187e-02	2.19656303e-01
1490            	-1.99544756e-01	6.09070958e-04	2.90470354e-01	5.44071477e-02	2.19933304e-01
1491            	-1.99515554e-01	6.84918570e-04	2.89958391e-01	5.44387766e-02	2.20079042e-01
1492            	-1.99490331e-01	7.62898387e-04	2.89438174e-01	5.44379797e-02	2.20085972e-01
1493            	-1.99469208e-01	8.46413736e-04	2.88888706e-01	5.44091656e-02	2.19971511e-01
1494            	-1.99454986e-01	9.19771913e-04	2.88408707e-01	5.43567318e-02	2.19753505e-01
1495            	-1.99450905e-01	1.00692711e-03	2.87853886e-01	5.42888932e-02	2.19469222e-01
1496            	-1.99456006e-01	1.09237463e-03	2.87320128e-01	5.42146042e-02	2.19154576e-01
1497            	-1.99470369e-01	1.19393257e-03	2.86702400e-01	5.41320183e-02	2.18801347e-01
1498            	-1.99493024e-01	1.29105095e-03	2.86127938e-01	5.40364144e-02	2.18392521e-01
1499            	-1.99519998e-01	1.36443366e-03	2.85713691e-01	5.39349846e-02	2.17956150e-01
1500            	-1.99547583e-01	1.39894975e-03	2.85547765e-01	5.38537956e-02	2.17600206e-01
1501            	-1.99582825e-01	1.44979520e-03	2.85298841e-01	5.37989475e-02	2.17354627e-01
1502            	-1.99629973e-01	1.49031687e-03	2.85128398e-01	5.37603793e-02	2.17182843e-01
1503            	-1.99674390e-01	1.46338569e-03	2.85366766e-01	5.37498231e-02	2.17134308e-01
1504            	-1.99701949e-01	1.37437800e-03	2.85961309e-01	5.37785150e-02	2.17255440e-01
1505            	-1.99710909e-01	1.25308696e-03	2.86726560e-01	5.38486679e-02	2.17553373e-01
1506            	-1.99707599e-01	1.15219428e-03	2.87346698e-01	5.39401237e-02	2.17943846e-01
1507            	-1.99696206e-01	1.05560950e-03	2.87926793e-01	5.40230790e-02	2.18301870e-01
1508            	-1.99675129e-01	9.01849802e-04	2.88846688e-01	5.40957422e-02	2.18615464e-01
1509            	-1.99642643e-01	7.16702902e-04	2.89944544e-01	5.41698999e-02	2.18933016e-01
1510            	-1.99606644e-01	5.77927975e-04	2.90750064e-01	5.42444558e-02	2.19250850e-01
1511            	-1.99573811e-01	5.40881492e-04	2.90931529e-01	5.43026169e-02	2.19503055e-01
1512            	-1.99545199e-01	5.76121271e-04	2.90670891e-01	5.43339520e-02	2.19645971e-01
1513            	-1.99519574e-01	6.61837160e-04	2.90102460e-01	5.43421068e-02	2.19692421e-01
1514            	-1.99498649e-01	7.54031764e-04	2.89500025e-01	5.43257959e-02	2.19631535e-01
1515            	-1.99483464e-01	8.43420598e-04	2.88920037e-01	5.42856437e-02	2.19466457e-01
1516            	-1.99474679e-01	9.45148012e-04	2.88268441e-01	5.42307862e-02	2.19238701e-01
1517            	-1.99473455e-01	1.06137250e-03	2.87534630e-01	5.41681796e-02	2.18977362e-01
1518            	-1.99480000e-01	1.20087334e-03	2.86668869e-01	5.40964671e-02	2.18675561e-01
1519            	-1.99491562e-01	1.37405234e-03	2.85606976e-01	5.40167549e-02	2.18338157e-01
1520            	-1.99506917e-01	1.50852700e-03	2.84797526e-01	5.39340532e-02	2.17981238e-01
1521            	-1.99524130e-01	1.59123310e-03	2.84317565e-01	5.38670116e-02	2.17684739e-01
1522            	-1.99551887e-01	1.61674106e-03	2.84210842e-01	5.38209688e-02	2.17471922e-01
1523            	-1.99589723e-01	1.62635557e-03	2.84219439e-01	5.37940387e-02	2.17341369e-01
1524            	-1.99632236e-01	1.63620073e-03	2.84229906e-01	5.37874123e-02	2.17306243e-01
1525            	-1.99663639e-01	1.56705831e-03	2.84707907e-01	5.38094601e-02	2.17397039e-01
1526            	-1.99679844e-01	1.42662448e-03	2.85603338e-01	5.38606483e-02	2.17610762e-01
1527            	-1.99683898e-01	1.27133551e-03	2.86573009e-01	5.39309631e-02	2.17906740e-01
1528            	-1.99682379e-01	1.13801876e-03	2.87397169e-01	5.39999007e-02	2.18202564e-01
1529            	-1.99671223e-01	1.00174174e-03	2.88224354e-01	5.40668308e-02	2.18493400e-01
1530            	-1.99648591e-01	8.08737959e-04	2.89384629e-01	5.41360948e-02	2.18792418e-01
1531            	-1.99617283e-01	6.07573775e-04	2.90581567e-01	5.42112024e-02	2.19111779e-01
1532            	-1.99587181e-01	4.68691339e-04	2.91394252e-01	5.42720781e-02	2.19369765e-01
1533            	-1.99562004e-01	4.26816674e-04	2.91614924e-01	5.43104904e-02	2.19534813e-01
1534            	-1.99541232e-01	4.75943624e-04	2.91279495e-01	5.43264547e-02	2.19609085e-01
1535            	-1.99521394e-01	5.83820198e-04	2.90579912e-01	5.43252314e-02	2.19614614e-01
1536            	-1.99505457e-01	7.16344286e-04	2.89731321e-01	5.43054156e-02	2.19539845e-01
1537            	-1.99494517e-01	8.46697766e-04	2.88900890e-01	5.42628636e-02	2.19365406e-01
1538            	-1.99489287e-01	1.00497211e-03	2.87903657e-01	5.41992546e-02	2.19102999e-01
1539            	-1.99486589e-01	1.18683874e-03	2.86763134e-01	5.41231827e-02	2.18788000e-01
1540            	-1.99486599e-01	1.37245681e-03	2.85607117e-01	5.40500359e-02	2.18479477e-01
1541            	-1.99493446e-01	1.54113997e-03	2.84570615e-01	5.39794553e-02	2.18176399e-01
1542            	-1.99505479e-01	1.65892665e-03	2.83863010e-01	5.39122592e-02	2.17881991e-01
1543            	-1.99522331e-01	1.72778993e-03	2.83469459e-01	5.38588873e-02	2.17643510e-01
1544            	-1.99549897e-01	1.75072924e-03	2.83378620e-01	5.38183836e-02	2.17458012e-01
1545            	-1.99585320e-01	1.73582646e-03	2.83532199e-01	5.37938862e-02	2.17342903e-01
1546            	-1.99619330e-01	1.66306402e-03	2.84039458e-01	5.37911247e-02	2.17323362e-01
1547            	-1.99642188e-01	1.52273454e-03	2.84946862e-01	5.38154491e-02	2.17422365e-01
1548            	-1.99655225e-01	1.32515293e-03	2.86191882e-01	5.38649605e-02	2.17630974e-01
1549            	-1.99660730e-01	1.13430055e-03	2.87381942e-01	5.39317163e-02	2.17917162e-01
1550            	-1.99663467e-01	9.81281419e-04	2.88332048e-01	5.39965609e-02	2.18199847e-01
1551            	-1.99658114e-01	8.06280147e-04	2.89407013e-01	5.40612221e-02	2.18478894e-01
1552            	-1.99643452e-01	5.49677727e-04	2.90972743e-01	5.41234548e-02	2.18737574e-01
1553            	-1.99622067e-01	3.16646895e-04	2.92381072e-01	5.41880507e-02	2.19001618e-01
1554            	-1.99599174e-01	2.07940904e-04	2.93016829e-01	5.42465129e-02	2.19244408e-01
1555            	-1.99576516e-01	2.40055195e-04	2.92781233e-01	5.42911027e-02	2.19436584e-01
1556            	-1.99557302e-01	3.77974481e-04	2.91896999e-01	5.43165263e-02	2.19552678e-01
1557            	-1.99540160e-01	5.52465502e-04	2.90789161e-01	5.43156064e-02	2.19557697e-01
1558            	-1.99522319e-01	7.41275485e-04	2.89590373e-01	5.42935083e-02	2.19471897e-01
1559            	-1.99504751e-01	9.23649899e-04	2.88429882e-01	5.42510427e-02	2.19297641e-01
1560            	-1.99489110e-01	1.10534670e-03	2.87274126e-01	5.42019663e-02	2.19094585e-01
1561            	-1.99477987e-01	1.27912850e-03	2.86173360e-01	5.41459096e-02	2.18859423e-01
1562            	-1.99470774e-01	1.46420351e-03	2.85011208e-01	5.40947860e-02	2.18642379e-01
1563            	-1.99471663e-01	1.63300223e-03	2.83966085e-01	5.40398644e-02	2.18407010e-01
1564            	-1.99478541e-01	1.74113720e-03	2.83309542e-01	5.39881127e-02	2.18182015e-01
1565            	-1.99493414e-01	1.75966390e-03	2.83223534e-01	5.39448836e-02	2.17987089e-01
1566            	-1.99521034e-01	1.69836869e-03	2.83654003e-01	5.39080229e-02	2.17815027e-01
1567            	-1.99560135e-01	1.57189415e-03	2.84501624e-01	5.38773401e-02	2.17671760e-01
1568            	-1.99595370e-01	1.41049447e-03	2.85556562e-01	5.38685567e-02	2.17630739e-01
1569            	-1.99619881e-01	1.23077109e-03	2.86708809e-01	5.38905739e-02	2.17726667e-01
1570            	-1.99640760e-01	1.01519216e-03	2.88077676e-01	5.39344127e-02	2.17912949e-01
1571            	-1.99660406e-01	7.92728060e-04	2.89485823e-01	5.39885239e-02	2.18138758e-01
1572            	-1.99679176e-01	5.84533913e-04	2.90800525e-01	5.40306201e-02	2.18314423e-01
1573            	-1.99683348e-01	3.74998483e-04	2.92100129e-01	5.40710595e-02	2.18484033e-01
1574            	-1.99672284e-01	1.73228270e-04	2.93329270e-01	5.41165577e-02	2.18672029e-01
1575            	-1.99652718e-01	6.72955418e-05	2.93954291e-01	5.41632183e-02	2.18863951e-01
1576            	-1.99630159e-01	1.09137075e-04	2.93662977e-01	5.42045526e-02	2.19037920e-01
1577            	-1.99605602e-01	2.64041963e-04	2.92669946e-01	5.42340896e-02	2.19168106e-01
1578            	-1.99577570e-01	4.76078296e-04	2.91317606e-01	5.42532569e-02	2.19259100e-01
1579            	-1.99547783e-01	6.87547014e-04	2.89964353e-01	5.42531985e-02	2.19268593e-01
1580            	-1.99520332e-01	8.71453144e-04	2.88781822e-01	5.42377638e-02	2.19209756e-01
1581            	-1.99494554e-01	1.04547344e-03	2.87659691e-01	5.42131895e-02	2.19112133e-01
1582            	-1.99471627e-01	1.22304807e-03	2.86516987e-01	5.41855470e-02	2.19003325e-01
1583            	-1.99452769e-01	1.36688623e-03	2.85587909e-01	5.41551461e-02	2.18879115e-01
1584            	-1.99440057e-01	1.48704724e-03	2.84817027e-01	5.41231869e-02	2.18743788e-01
1585            	-1.99439532e-01	1.55537883e-03	2.84389035e-01	5.40827946e-02	2.18568247e-01
1586            	-1.99452319e-01	1.55806575e-03	2.84393430e-01	5.40321979e-02	2.18345255e-01
1587            	-1.99471389e-01	1.50277876e-03	2.84771397e-01	5.39929869e-02	2.18168994e-01
1588            	-1.99501840e-01	1.38896206e-03	2.85532930e-01	5.39731678e-02	2.18070437e-01
1589            	-1.99547301e-01	1.22616413e-03	2.86618936e-01	5.39601123e-02	2.17998298e-01
1590            	-1.99598068e-01	1.02057637e-03	2.87974677e-01	5.39475615e-02	2.17931264e-01
1591            	-1.99636543e-01	8.04629283e-04	2.89373019e-01	5.39519408e-02	2.17943479e-01
1592            	-1.99662794e-01	6.05964291e-04	2.90644248e-01	5.39824242e-02	2.18071021e-01
1593            	-1.99684978e-01	4.57717519e-04	2.91595627e-01	5.40234078e-02	2.18243714e-01
1594            	-1.99706303e-01	3.71216528e-04	2.92162688e-01	5.40467637e-02	2.18342900e-01
1595            	-1.99709869e-01	3.17138913e-04	2.92505270e-01	5.40625960e-02	2.18411907e-01
1596            	-1.99692522e-01	2.54207012e-04	2.92872485e-01	5.40924686e-02	2.18537748e-01
1597            	-1.99662363e-01	2.31481463e-04	2.92970409e-01	5.41421769e-02	2.18745461e-01
1598            	-1.99627869e-01	3.05375250e-04	2.92462835e-01	5.41995892e-02	2.18989630e-01
1599            	-1.99592660e-01	4.61477400e-04	2.91443458e-01	5.42493175e-02	2.19208773e-01
1600            	-1.99557964e-01	6.59127589e-04	2.90166329e-01	5.42886842e-02	2.19390427e-01
1601            	-1.99522457e-01	8.41513121e-04	2.88980183e-01	5.43148703e-02	2.19517906e-01
1602            	-1.99488415e-01	9.90316073e-04	2.88002561e-01	5.43238145e-02	2.19569585e-01
1603            	-1.99458675e-01	1.11084049e-03	2.87205276e-01	5.43098481e-02	2.19521368e-01
1604            	-1.99436952e-01	1.21723011e-03	2.86505542e-01	5.42767398e-02	2.19390941e-01
1605            	-1.99424488e-01	1.26679726e-03	2.86170025e-01	5.42303086e-02	2.19197515e-01
1606            	-1.99420739e-01	1.30161591e-03	2.85941915e-01	5.41774916e-02	2.18972761e-01
1607            	-1.99427149e-01	1.32342759e-03	2.85815449e-01	5.41233781e-02	2.18737728e-01
1608            	-1.99447261e-01	1.29463779e-03	2.86028498e-01	5.40712822e-02	2.18504284e-01
1609            	-1.99481488e-01	1.19746018e-03	2.86689910e-01	5.40094453e-02	2.18224816e-01
1610            	-1.99527434e-01	1.06518294e-03	2.87587360e-01	5.39536153e-02	2.17970507e-01
1611            	-1.99580331e-01	9.62834506e-04	2.88308287e-01	5.39121793e-02	2.17782563e-01
1612            	-1.99639225e-01	8.64678021e-04	2.89008463e-01	5.38684022e-02	2.17591311e-01
1613            	-1.99686116e-01	7.75875870e-04	2.89632622e-01	5.38384469e-02	2.17463568e-01
1614            	-1.99714939e-01	6.97487716e-04	2.90166389e-01	5.38401518e-02	2.17471295e-01
1615            	-1.99728511e-01	6.50884550e-04	2.90480494e-01	5.38744202e-02	2.17616322e-01
1616            	-1.99733026e-01	6.30101998e-04	2.90618136e-01	5.39257278e-02	2.17835137e-01
1617            	-1.99722828e-01	5.99059665e-04	2.90796552e-01	5.39854126e-02	2.18089195e-01
1618            	-1.99695129e-01	5.32893049e-04	2.91164900e-01	5.40579021e-02	2.18397415e-01
1619            	-1.99656483e-01	4.64550933e-04	2.91528089e-01	5.41499464e-02	2.18787792e-01
1620            	-1.99612535e-01	4.78450553e-04	2.91374209e-01	5.42544930e-02	2.19237185e-01
1621            	-1.99568504e-01	5.77937356e-04	2.90691303e-01	5.43484976e-02	2.19648988e-01
1622            	-1.99526615e-01	7.23237857e-04	2.89729571e-01	5.44201761e-02	2.19968871e-01
1623            	-1.99489634e-01	8.49969271e-04	2.88889707e-01	5.44559028e-02	2.20134045e-01
1624            	-1.99460182e-01	9.24521676e-04	2.88382552e-01	5.44541560e-02	2.20134199e-01
1625            	-1.99439347e-01	9.54508100e-04	2.88161296e-01	5.44180061e-02	2.19985055e-01
1626            	-1.99425654e-01	1.01476028e-03	2.87761470e-01	5.43655160e-02	2.19768920e-01
1627            	-1.99419270e-01	1.07780667e-03	2.87354563e-01	5.43069927e-02	2.19523900e-01
1628            	-1.99426245e-01	1.12156670e-03	2.87088245e-01	5.42358738e-02	2.19217740e-01
1629            	-1.99446323e-01	1.16115378e-03	2.86869668e-01	5.41504678e-02	2.18847856e-01
1630            	-1.99476514e-01	1.16462930e-03	2.86892394e-01	5.40640029e-02	2.18470887e-01
1631            	-1.99515664e-01	1.12483152e-03	2.87199064e-01	5.39723902e-02	2.18071461e-01
1632            	-1.99565878e-01	1.07943103e-03	2.87560236e-01	5.38787080e-02	2.17663943e-01
1633            	-1.99622483e-01	1.08306961e-03	2.87630919e-01	5.38012086e-02	2.17326227e-01
1634            	-1.99673673e-01	1.11838587e-03	2.87497723e-01	5.37507226e-02	2.17110719e-01
1635            	-1.99707031e-01	1.11584222e-03	2.87571246e-01	5.37431664e-02	2.17080678e-01
1636            	-1.99725519e-01	1.04319581e-03	2.88052922e-01	5.37759243e-02	2.17219001e-01
1637            	-1.99733329e-01	9.67631427e-04	2.88533744e-01	5.38371656e-02	2.17478104e-01
1638            	-1.99731816e-01	9.09753013e-04	2.88888317e-01	5.39164639e-02	2.17817860e-01
1639            	-1.99711631e-01	8.39554104e-04	2.89291759e-01	5.40125071e-02	2.18231415e-01
1640            	-1.99674487e-01	7.19931233e-04	2.89975679e-01	5.41140970e-02	2.18668701e-01
1641            	-1.99630867e-01	6.02155706e-04	2.90639023e-01	5.42161378e-02	2.19104452e-01
1642            	-1.99590020e-01	5.58079959e-04	2.90851234e-01	5.43087610e-02	2.19501699e-01
1643            	-1.99553800e-01	6.05148535e-04	2.90506761e-01	5.43762886e-02	2.19798950e-01
1644            	-1.99521971e-01	6.93407697e-04	2.89914132e-01	5.44146185e-02	2.19975201e-01
1645            	-1.99494506e-01	7.72923094e-04	2.89381280e-01	5.44211266e-02	2.20014225e-01
1646            	-1.99471470e-01	8.48747183e-04	2.88876770e-01	5.43976310e-02	2.19923006e-01
1647            	-1.99454414e-01	9.13904237e-04	2.88444230e-01	5.43496705e-02	2.19724503e-01
1648            	-1.99448401e-01	9.98584890e-04	2.87903689e-01	5.42867776e-02	2.19461055e-01
1649            	-1.99451639e-01	1.08382702e-03	2.87369764e-01	5.42170435e-02	2.19166043e-01
1650            	-1.99463099e-01	1.17256657e-03	2.86827112e-01	5.41454669e-02	2.18858770e-01
1651            	-1.99486136e-01	1.26118293e-03	2.86305768e-01	5.40558582e-02	2.18473258e-01
1652            	-1.99514041e-01	1.33427383e-03	2.85893064e-01	5.39601069e-02	2.18061482e-01
1653            	-1.99543323e-01	1.36790974e-03	2.85733172e-01	5.38743134e-02	2.17686977e-01
1654            	-1.99578782e-01	1.39796133e-03	2.85610982e-01	5.38110061e-02	2.17404736e-01
1655            	-1.99622874e-01	1.43331404e-03	2.85468681e-01	5.37695460e-02	2.17218004e-01
1656            	-1.99667232e-01	1.43514077e-03	2.85531123e-01	5.37569469e-02	2.17159910e-01
1657            	-1.99697693e-01	1.37640832e-03	2.85944325e-01	5.37819148e-02	2.17264941e-01
1658            	-1.99710236e-01	1.26232303e-03	2.86670562e-01	5.38500919e-02	2.17553758e-01
1659            	-1.99708352e-01	1.15220142e-03	2.87349435e-01	5.39449030e-02	2.17956881e-01
1660            	-1.99698894e-01	1.05633362e-03	2.87927322e-01	5.40334265e-02	2.18337378e-01
1661            	-1.99677451e-01	9.33862508e-04	2.88653230e-01	5.41129041e-02	2.18681172e-01
1662            	-1.99645325e-01	7.55296882e-04	2.89710768e-01	5.41888180e-02	2.19007370e-01
1663            	-1.99608227e-01	6.08074974e-04	2.90567274e-01	5.42663906e-02	2.19338401e-01
1664            	-1.99574543e-01	5.54803771e-04	2.90847589e-01	5.43287660e-02	2.19608473e-01
1665            	-1.99546609e-01	5.77313070e-04	2.90666602e-01	5.43605154e-02	2.19752927e-01
1666            	-1.99521969e-01	6.54789764e-04	2.90150566e-01	5.43675997e-02	2.19795347e-01
1667            	-1.99500365e-01	7.46805939e-04	2.89548743e-01	5.43509208e-02	2.19734701e-01
1668            	-1.99484757e-01	8.41119304e-04	2.88939597e-01	5.43109655e-02	2.19571491e-01
1669            	-1.99474094e-01	9.35132772e-04	2.88334306e-01	5.42534903e-02	2.19333212e-01
1670            	-1.99471796e-01	1.04100447e-03	2.87663312e-01	5.41889718e-02	2.19064156e-01
1671            	-1.99478976e-01	1.15910669e-03	2.86929778e-01	5.41115662e-02	2.18738098e-01
1672            	-1.99490242e-01	1.31779372e-03	2.85954715e-01	5.40300241e-02	2.18393774e-01
1673            	-1.99506617e-01	1.46196299e-03	2.85084403e-01	5.39388346e-02	2.18003360e-01
1674            	-1.99524279e-01	1.55788556e-03	2.84521091e-01	5.38580855e-02	2.17651990e-01
1675            	-1.99546939e-01	1.59084641e-03	2.84359987e-01	5.38024214e-02	2.17400149e-01
1676            	-1.99580954e-01	1.60862947e-03	2.84312949e-01	5.37697032e-02	2.17244887e-01
1677            	-1.99625826e-01	1.61889995e-03	2.84324978e-01	5.37525496e-02	2.17162202e-01
1678            	-1.99662869e-01	1.56598232e-03	2.84711530e-01	5.37653462e-02	2.17212347e-01
1679            	-1.99683211e-01	1.45279121e-03	2.85445137e-01	5.38120201e-02	2.17407520e-01
1680            	-1.99689690e-01	1.30965805e-03	2.86343988e-01	5.38857327e-02	2.17718224e-01
1681            	-1.99687921e-01	1.18043801e-03	2.87143652e-01	5.39673792e-02	2.18066093e-01
1682            	-1.99680091e-01	1.04850284e-03	2.87948737e-01	5.40400316e-02	2.18379785e-01
1683            	-1.99660986e-01	8.57928057e-04	2.89098603e-01	5.41097277e-02	2.18680174e-01
1684            	-1.99631058e-01	6.46623194e-04	2.90360600e-01	5.41862022e-02	2.19005881e-01
1685            	-1.99598060e-01	4.88237952e-04	2.91290320e-01	5.42573897e-02	2.19307095e-01
1686            	-1.99568853e-01	4.41150362e-04	2.91538120e-01	5.43112196e-02	2.19538308e-01
1687            	-1.99544615e-01	4.75600772e-04	2.91288844e-01	5.43393759e-02	2.19663606e-01
1688            	-1.99523936e-01	5.67133335e-04	2.90690294e-01	5.43456623e-02	2.19699250e-01
1689            	-1.99505826e-01	6.84450069e-04	2.89933514e-01	5.43318443e-02	2.19649376e-01
1690            	-1.99491948e-01	8.04229438e-04	2.89164646e-01	5.42987966e-02	2.19515467e-01
1691            	-1.99484119e-01	9.54266817e-04	2.88215471e-01	5.42448258e-02	2.19293331e-01
1692            	-1.99480542e-01	1.12829931e-03	2.87121834e-01	5.41752660e-02	2.19006150e-01
1693            	-1.99480253e-01	1.31040693e-03	2.85985295e-01	5.41002414e-02	2.18691514e-01
1694            	-1.99485681e-01	1.49723754e-03	2.84832996e-01	5.40290052e-02	2.18388263e-01
1695            	-1.99497815e-01	1.62145174e-03	2.84084277e-01	5.39562410e-02	2.18070898e-01
1696            	-1.99515245e-01	1.69554884e-03	2.83657875e-01	5.38941452e-02	2.17795711e-01
1697            	-1.99543380e-01	1.73298553e-03	2.83477124e-01	5.38424911e-02	2.17563790e-01
1698            	-1.99579390e-01	1.74102885e-03	2.83490888e-01	5.38092694e-02	2.17411638e-01
1699            	-1.99616163e-01	1.71384149e-03	2.83721000e-01	5.37985606e-02	2.17360579e-01
1700            	-1.99644620e-01	1.58865071e-03	2.84542138e-01	5.38090841e-02	2.17400993e-01
1701            	-1.99660629e-01	1.39588180e-03	2.85761151e-01	5.38447949e-02	2.17549611e-01
1702            	-1.99667886e-01	1.19571369e-03	2.87011599e-01	5.39016525e-02	2.17791069e-01
1703            	-1.99669778e-01	1.04306254e-03	2.87958704e-01	5.39621910e-02	2.18055100e-01
1704            	-1.99663865e-01	8.88835031e-04	2.88904049e-01	5.40260060e-02	2.18333730e-01
1705            	-1.99647202e-01	6.58138880e-04	2.90306273e-01	5.40889632e-02	2.18600559e-01
1706            	-1.99624982e-01	4.17371562e-04	2.91761639e-01	5.41571291e-02	2.18881192e-01
1707            	-1.99602158e-01	2.69720314e-04	2.92638804e-01	5.42140374e-02	2.19115624e-01
1708            	-1.99578863e-01	2.59309727e-04	2.92665154e-01	5.42584460e-02	2.19305617e-01
1709            	-1.99557692e-01	3.69751698e-04	2.91947684e-01	5.42858030e-02	2.19430214e-01
1710            	-1.99540489e-01	5.31366756e-04	2.90919634e-01	5.42905542e-02	2.19459762e-01
1711            	-1.99524353e-01	7.09722647e-04	2.89788551e-01	5.42746906e-02	2.19399940e-01
1712            	-1.99507804e-01	8.85224440e-04	2.88672173e-01	5.42410987e-02	2.19263008e-01
1713            	-1.99493921e-01	1.06789735e-03	2.87513811e-01	5.41939549e-02	2.19067406e-01
1714            	-1.99484125e-01	1.24291726e-03	2.86407672e-01	5.41401696e-02	2.18841236e-01
1715            	-1.99477584e-01	1.41533408e-03	2.85324678e-01	5.40869486e-02	2.18613681e-01
1716            	-1.99477669e-01	1.59514325e-03	2.84209754e-01	5.40343935e-02	2.18388288e-01
1717            	-1.99483655e-01	1.72118024e-03	2.83441332e-01	5.39831341e-02	2.18164780e-01
1718            	-1.99496563e-01	1.77261495e-03	2.83148748e-01	5.39410532e-02	2.17975878e-01
1719            	-1.99521496e-01	1.73458904e-03	2.83430862e-01	5.39070388e-02	2.17815180e-01
1720            	-1.99557529e-01	1.62305142e-03	2.84182317e-01	5.38778124e-02	2.17675219e-01
1721            	-1.99592204e-01	1.46712002e-03	2.85203139e-01	5.38692548e-02	2.17630905e-01
1722            	-1.99614873e-01	1.30313048e-03	2.86255647e-01	5.38949773e-02	2.17742122e-01
1723            	-1.99631119e-01	1.11034449e-03	2.87476303e-01	5.39444119e-02	2.17955277e-01
1724            	-1.99648847e-01	8.92300493e-04	2.88854229e-01	5.40017962e-02	2.18196965e-01
1725            	-1.99666775e-01	6.86352005e-04	2.90154880e-01	5.40504943e-02	2.18401240e-01
1726            	-1.99673840e-01	4.69913061e-04	2.91502399e-01	5.40921487e-02	2.18575571e-01
1727            	-1.99664104e-01	2.43045822e-04	2.92888350e-01	5.41373221e-02	2.18763149e-01
1728            	-1.99645908e-01	9.58538517e-05	2.93769589e-01	5.41874366e-02	2.18969762e-01
1729            	-1.99625734e-01	9.13013240e-05	2.93767120e-01	5.42278034e-02	2.19138359e-01
1730            	-1.99603817e-01	2.14128658e-04	2.92975240e-01	5.42556947e-02	2.19260409e-01
1731            	-1.99580264e-01	4.18654869e-04	2.91676057e-01	5.42683952e-02	2.19323839e-01
1732            	-1.99554402e-01	6.30191404e-04	2.90328569e-01	5.42632662e-02	2.19312321e-01
1733            	-1.99528977e-01	8.24953710e-04	2.89083164e-01	5.42408718e-02	2.19224956e-01
1734            	-1.99505151e-01	9.97947410e-04	2.87970973e-01	5.42079293e-02	2.19091446e-01
1735            	-1.99482312e-01	1.18387412e-03	2.86776911e-01	5.41744012e-02	2.18958131e-01
1736            	-1.99463672e-01	1.35279748e-03	2.85693259e-01	5.41364401e-02	2.18804020e-01
1737            	-1.99449566e-01	1.48848354e-03	2.84824123e-01	5.40977957e-02	2.18640979e-01
1738            	-1.99446533e-01	1.58263593e-03	2.84231993e-01	5.40534068e-02	2.18449232e-01
1739            	-1.99454392e-01	1.60672293e-03	2.84094831e-01	5.40040587e-02	2.18232948e-01
1740            	-1.99472136e-01	1.56205635e-03	2.84403668e-01	5.39587231e-02	2.18030755e-01
1741            	-1.99499368e-01	1.46562582e-03	2.85051727e-01	5.39314498e-02	2.17902623e-01
1742            	-1.99537664e-01	1.32565333e-03	2.85985365e-01	5.39241562e-02	2.17858204e-01
1743            	-1.99585443e-01	1.13329880e-03	2.87254948e-01	5.39220805e-02	2.17836079e-01
1744            	-1.99626881e-01	8.99975460e-04	2.88766530e-01	5.39324325e-02	2.17869378e-01
1745            	-1.99656243e-01	6.70448773e-04	2.90234155e-01	5.39609326e-02	2.17985265e-01
1746            	-1.99677627e-01	4.89333840e-04	2.91388275e-01	5.40094028e-02	2.18188159e-01
1747            	-1.99698539e-01	3.77210684e-04	2.92112759e-01	5.40486130e-02	2.18353899e-01
1748            	-1.99707765e-01	3.03602155e-04	2.92582883e-01	5.40727097e-02	2.18456629e-01
1749            	-1.99696099e-01	2.32066393e-04	2.93011737e-01	5.40988513e-02	2.18566423e-01
1750            	-1.99668762e-01	1.97479190e-04	2.93188546e-01	5.41436974e-02	2.18753018e-01
1751            	-1.99635282e-01	2.47229259e-04	2.92833182e-01	5.41999471e-02	2.18989497e-01
1752            	-1.99599358e-01	3.88667843e-04	2.91904673e-01	5.42524154e-02	2.19217329e-01
1753            	-1.99564113e-01	5.84329502e-04	2.90639565e-01	5.42949469e-02	2.19409622e-01
1754            	-1.99529464e-01	7.79874400e-04	2.89373813e-01	5.43204101e-02	2.19532887e-01
1755            	-1.99494893e-01	9.50298493e-04	2.88261660e-01	5.43306258e-02	2.19590520e-01
1756            	-1.99463578e-01	1.07977629e-03	2.87405830e-01	5.43233383e-02	2.19570671e-01
1757            	-1.99438530e-01	1.20334154e-03	2.86594673e-01	5.42969307e-02	2.19469705e-01
1758            	-1.99422382e-01	1.28426834e-03	2.86059290e-01	5.42570488e-02	2.19307333e-01
1759            	-1.99416595e-01	1.31812452e-03	2.85832578e-01	5.42037588e-02	2.19081100e-01
1760            	-1.99420720e-01	1.35191425e-03	2.85626488e-01	5.41470375e-02	2.18837478e-01
1761            	-1.99436961e-01	1.33730324e-03	2.85744255e-01	5.40946091e-02	2.18605553e-01
1762            	-1.99468202e-01	1.24537066e-03	2.86367744e-01	5.40370122e-02	2.18345168e-01
1763            	-1.99513093e-01	1.10657957e-03	2.87304852e-01	5.39784706e-02	2.18077930e-01
1764            	-1.99565155e-01	9.95859598e-04	2.88078327e-01	5.39371696e-02	2.17889354e-01
1765            	-1.99622550e-01	8.98601992e-04	2.88772026e-01	5.38982674e-02	2.17718390e-01
1766            	-1.99674315e-01	7.71009818e-04	2.89641963e-01	5.38635359e-02	2.17567845e-01
1767            	-1.99709916e-01	6.58312218e-04	2.90396989e-01	5.38473909e-02	2.17498555e-01
1768            	-1.99728533e-01	5.94148014e-04	2.90827210e-01	5.38627858e-02	2.17564412e-01
1769            	-1.99735597e-01	5.84320525e-04	2.90902537e-01	5.39018576e-02	2.17733021e-01
1770            	-1.99728568e-01	5.72411872e-04	2.90967932e-01	5.39540765e-02	2.17957323e-01
1771            	-1.99704460e-01	5.16202966e-04	2.91280687e-01	5.40145931e-02	2.18215022e-01
1772            	-1.99668172e-01	4.49602696e-04	2.91637437e-01	5.40951527e-02	2.18555443e-01
1773            	-1.99626208e-01	4.49683793e-04	2.91571775e-01	5.41898863e-02	2.18960725e-01
1774            	-1.99582442e-01	5.42335571e-04	2.90931383e-01	5.42860010e-02	2.19380023e-01
1775            	-1.99539808e-01	6.89991420e-04	2.89953532e-01	5.43653252e-02	2.19732581e-01
1776            	-1.99501342e-01	8.29077135e-04	2.89034922e-01	5.44155139e-02	2.19959722e-01
1777            	-1.99468670e-01	9.28317860e-04	2.88370481e-01	5.44289136e-02	2.20026087e-01
1778            	-1.99445275e-01	9.66937471e-04	2.88092499e-01	5.44071501e-02	2.19937402e-01
1779            	-1.99430535e-01	1.00959638e-03	2.87800576e-01	5.43618438e-02	2.19749141e-01
1780            	-1.99421118e-01	1.07168124e-03	2.87395171e-01	5.43129300e-02	2.19546111e-01
1781            	-1.99421990e-01	1.11033288e-03	2.87150927e-01	5.42573797e-02	2.19307443e-01
1782            	-1.99437847e-01	1.15613686e-03	2.86888031e-01	5.41839333e-02	2.18988890e-01
1783            	-1.99464569e-01	1.16004258e-03	2.86903373e-01	5.41032727e-02	2.18635647e-01
1784            	-1.99500753e-01	1.11399427e-03	2.87244087e-01	5.40202057e-02	2.18270469e-01
1785            	-1.99547364e-01	1.04335372e-03	2.87755674e-01	5.39333548e-02	2.17888939e-01
1786            	-1.99602973e-01	1.04557587e-03	2.87833929e-01	5.38601312e-02	2.17569617e-01
1787            	-1.99656641e-01	1.08357901e-03	2.87687142e-01	5.38060481e-02	2.17338651e-01
1788            	-1.99695566e-01	1.07310386e-03	2.87816749e-01	5.37837452e-02	2.17245199e-01
1789            	-1.99717306e-01	9.99117126e-04	2.88312203e-01	5.37996418e-02	2.17311443e-01
1790            	-1.99728491e-01	9.14575657e-04	2.88854818e-01	5.38468084e-02	2.17509730e-01
1791            	-1.99730050e-01	8.77126641e-04	2.89089007e-01	5.39164845e-02	2.17809404e-01
1792            	-1.99716756e-01	8.34841580e-04	2.89329930e-01	5.40038297e-02	2.18187033e-01
1793            	-1.99684640e-01	7.31293501e-04	2.89921571e-01	5.41003155e-02	2.18603340e-01
1794            	-1.99642951e-01	6.08737432e-04	2.90616244e-01	5.41990624e-02	2.19026200e-01
1795            	-1.99601220e-01	5.47073769e-04	2.90935328e-01	5.42908970e-02	2.19419331e-01
1796            	-1.99564545e-01	5.78117890e-04	2.90689529e-01	5.43645156e-02	2.19740857e-01
1797            	-1.99530855e-01	6.69243385e-04	2.90076737e-01	5.44102943e-02	2.19949265e-01
1798            	-1.99502247e-01	7.60263703e-04	2.89471317e-01	5.44232679e-02	2.20017871e-01
1799            	-1.99477889e-01	8.33328604e-04	2.88981871e-01	5.44028811e-02	2.19941120e-01
1800            	-1.99458689e-01	8.95839516e-04	2.88563174e-01	5.43563771e-02	2.19750426e-01
1801            	-1.99448780e-01	9.74584191e-04	2.88054691e-01	5.42930315e-02	2.19486421e-01
1802            	-1.99449669e-01	1.05714611e-03	2.87535193e-01	5.42211914e-02	2.19183626e-01
1803            	-1.99459027e-01	1.13309638e-03	2.87068459e-01	5.41460407e-02	2.18861861e-01
1804            	-1.99478407e-01	1.22612629e-03	2.86513846e-01	5.40629451e-02	2.18504603e-01
1805            	-1.99505619e-01	1.29391842e-03	2.86130828e-01	5.39698215e-02	2.18103768e-01
1806            	-1.99537265e-01	1.32676369e-03	2.85977018e-01	5.38749112e-02	2.17691431e-01
1807            	-1.99572067e-01	1.33504343e-03	2.85985888e-01	5.38015616e-02	2.17366056e-01
1808            	-1.99611941e-01	1.37024989e-03	2.85839222e-01	5.37591262e-02	2.17173052e-01
1809            	-1.99656952e-01	1.41063143e-03	2.85666577e-01	5.37424821e-02	2.17096699e-01
1810            	-1.99693751e-01	1.37788692e-03	2.85930111e-01	5.37579924e-02	2.17160120e-01
1811            	-1.99712470e-01	1.27286245e-03	2.86610561e-01	5.38135077e-02	2.17393887e-01
1812            	-1.99715528e-01	1.14694268e-03	2.87394720e-01	5.39016443e-02	2.17766211e-01
1813            	-1.99707923e-01	1.05309312e-03	2.87963258e-01	5.39972877e-02	2.18175585e-01
1814            	-1.99688001e-01	9.63231203e-04	2.88489522e-01	5.40903971e-02	2.18577968e-01
1815            	-1.99656018e-01	8.13668931e-04	2.89368217e-01	5.41777127e-02	2.18953788e-01
1816            	-1.99618115e-01	6.50706813e-04	2.90320839e-01	5.42639861e-02	2.19321653e-01
1817            	-1.99582093e-01	5.56195792e-04	2.90852425e-01	5.43343769e-02	2.19623352e-01
1818            	-1.99552046e-01	5.54153620e-04	2.90820845e-01	5.43792295e-02	2.19821713e-01
1819            	-1.99524621e-01	6.18384346e-04	2.90382743e-01	5.43974714e-02	2.19911254e-01
1820            	-1.99500068e-01	7.16105703e-04	2.89741067e-01	5.43909916e-02	2.19896818e-01
1821            	-1.99481306e-01	8.14451477e-04	2.89102746e-01	5.43597953e-02	2.19772775e-01
1822            	-1.99469449e-01	8.98313313e-04	2.88559993e-01	5.43050752e-02	2.19545753e-01
1823            	-1.99466083e-01	9.99098974e-04	2.87920454e-01	5.42381000e-02	2.19266437e-01
1824            	-1.99471841e-01	1.10500222e-03	2.87260126e-01	5.41614898e-02	2.18944017e-01
1825            	-1.99482965e-01	1.24314661e-03	2.86410275e-01	5.40790721e-02	2.18595644e-01
1826            	-1.99500354e-01	1.39426201e-03	2.85494925e-01	5.39850689e-02	2.18196057e-01
1827            	-1.99518349e-01	1.51277413e-03	2.84789875e-01	5.38963018e-02	2.17813586e-01
1828            	-1.99539529e-01	1.57713873e-03	2.84431280e-01	5.38283715e-02	2.17512927e-01
1829            	-1.99572118e-01	1.60451301e-03	2.84322845e-01	5.37822299e-02	2.17300720e-01
1830            	-1.99617700e-01	1.60917276e-03	2.84371429e-01	5.37503613e-02	2.17152821e-01
1831            	-1.99659576e-01	1.58624274e-03	2.84581361e-01	5.37462198e-02	2.17130927e-01
1832            	-1.99684324e-01	1.50622207e-03	2.85116231e-01	5.37791887e-02	2.17271106e-01
1833            	-1.99692517e-01	1.36873873e-03	2.85981671e-01	5.38467478e-02	2.17556925e-01
1834            	-1.99691103e-01	1.23465517e-03	2.86811449e-01	5.39283011e-02	2.17903769e-01
1835            	-1.99685935e-01	1.10586295e-03	2.87600681e-01	5.39987251e-02	2.18207383e-01
1836            	-1.99669539e-01	9.45985440e-04	2.88565870e-01	5.40689583e-02	2.18510750e-01
1837            	-1.99641042e-01	7.35226811e-04	2.89827411e-01	5.41420358e-02	2.18823429e-01
1838            	-1.99607801e-01	5.52051690e-04	2.90910407e-01	5.42179877e-02	2.19145151e-01
1839            	-1.99577333e-01	4.66984133e-04	2.91390628e-01	5.42782972e-02	2.19402827e-01
1840            	-1.99552446e-01	4.70524892e-04	2.91330966e-01	5.43144794e-02	2.19560988e-01
1841            	-1.99531660e-01	5.44460909e-04	2.90842262e-01	5.43294118e-02	2.19631103e-01
1842            	-1.99512520e-01	6.51027630e-04	2.90151871e-01	5.43259195e-02	2.19624417e-01
1843            	-1.99496682e-01	7.70479099e-04	2.89383799e-01	5.43046185e-02	2.19540280e-01
1844            	-1.99487020e-01	8.99409885e-04	2.88563273e-01	5.42609646e-02	2.19360040e-01
1845            	-1.99482498e-01	1.05482511e-03	2.87583634e-01	5.41997774e-02	2.19106644e-01
1846            	-1.99482079e-01	1.23041661e-03	2.86485332e-01	5.41263072e-02	2.18800209e-01
1847            	-1.99484277e-01	1.42535173e-03	2.85276316e-01	5.40583720e-02	2.18512312e-01
1848            	-1.99492997e-01	1.57313556e-03	2.84374655e-01	5.39903580e-02	2.18216910e-01
1849            	-1.99507387e-01	1.65842763e-03	2.83873066e-01	5.39274810e-02	2.17938210e-01
1850            	-1.99529678e-01	1.69522493e-03	2.83687155e-01	5.38779314e-02	2.17713589e-01
1851            	-1.99561699e-01	1.71741240e-03	2.83608699e-01	5.38433367e-02	2.17554114e-01
1852            	-1.99601067e-01	1.71441441e-03	2.83693666e-01	5.38241011e-02	2.17465605e-01
1853            	-1.99634519e-01	1.61681495e-03	2.84351957e-01	5.38253856e-02	2.17465607e-01
1854            	-1.99655313e-01	1.45364646e-03	2.85396092e-01	5.38511659e-02	2.17571418e-01
1855            	-1.99665024e-01	1.26113408e-03	2.86604354e-01	5.39010307e-02	2.17782503e-01
1856            	-1.99668338e-01	1.10077010e-03	2.87602491e-01	5.39645170e-02	2.18057141e-01
1857            	-1.99666570e-01	9.55260705e-04	2.88499292e-01	5.40230892e-02	2.18314735e-01
1858            	-1.99655887e-01	7.41827841e-04	2.89802450e-01	5.40779122e-02	2.18551477e-01
1859            	-1.99635687e-01	4.95272830e-04	2.91296998e-01	5.41375928e-02	2.18800213e-01
1860            	-1.99612742e-01	3.07135922e-04	2.92425262e-01	5.41955777e-02	2.19038613e-01
1861            	-1.99588571e-01	2.59733787e-04	2.92680411e-01	5.42451446e-02	2.19248546e-01
1862            	-1.99565720e-01	3.34303214e-04	2.92181832e-01	5.42765832e-02	2.19389892e-01
1863            	-1.99546477e-01	4.79606268e-04	2.91251058e-01	5.42861574e-02	2.19441461e-01
1864            	-1.99531474e-01	6.44894717e-04	2.90202471e-01	5.42701605e-02	2.19382049e-01
1865            	-1.99515435e-01	8.07964321e-04	2.89164062e-01	5.42352895e-02	2.19239979e-01
1866            	-1.99500391e-01	9.95155978e-04	2.87976212e-01	5.41855918e-02	2.19036000e-01
1867            	-1.99487970e-01	1.18690936e-03	2.86762904e-01	5.41339679e-02	2.18821866e-01
1868            	-1.99481309e-01	1.36562972e-03	2.85640173e-01	5.40800598e-02	2.18592975e-01
1869            	-1.99480826e-01	1.54716164e-03	2.84512556e-01	5.40274946e-02	2.18366796e-01
1870            	-1.99486158e-01	1.68197327e-03	2.83687456e-01	5.39722530e-02	2.18125756e-01
1871            	-1.99496760e-01	1.76108762e-03	2.83218806e-01	5.39282039e-02	2.17929417e-01
1872            	-1.99518259e-01	1.76706296e-03	2.83222168e-01	5.38933801e-02	2.17767903e-01
1873            	-1.99549625e-01	1.70338175e-03	2.83672927e-01	5.38688418e-02	2.17647718e-01
1874            	-1.99585734e-01	1.57562442e-03	2.84522993e-01	5.38581727e-02	2.17591204e-01
1875            	-1.99613972e-01	1.38633376e-03	2.85739065e-01	5.38693508e-02	2.17634926e-01
1876            	-1.99631622e-01	1.18399596e-03	2.87019791e-01	5.39084780e-02	2.17802783e-01
1877            	-1.99644963e-01	9.84099803e-04	2.88279551e-01	5.39687887e-02	2.18059895e-01
1878            	-1.99660254e-01	7.85212585e-04	2.89534293e-01	5.40295476e-02	2.18316041e-01
1879            	-1.99669706e-01	5.70544760e-04	2.90875499e-01	5.40805333e-02	2.18529398e-01
1880            	-1.99663351e-01	3.24165811e-04	2.92387023e-01	5.41300176e-02	2.18735086e-01
1881            	-1.99644076e-01	1.39340847e-04	2.93498723e-01	5.41893772e-02	2.18981334e-01
1882            	-1.99623339e-01	8.24673386e-05	2.93818106e-01	5.42424464e-02	2.19202170e-01
1883            	-1.99601813e-01	1.58804756e-04	2.93313387e-01	5.42787683e-02	2.19357542e-01
1884            	-1.99580446e-01	3.34808222e-04	2.92193661e-01	5.42965864e-02	2.19440378e-01
1885            	-1.99557367e-01	5.46768935e-04	2.90848322e-01	5.42934106e-02	2.19437709e-01
1886            	-1.99532634e-01	7.54570244e-04	2.89524397e-01	5.42734274e-02	2.19362519e-01
1887            	-1.99510259e-01	9.32355459e-04	2.88386601e-01	5.42385507e-02	2.19219949e-01
1888            	-1.99489712e-01	1.11581073e-03	2.87212772e-01	5.41996794e-02	2.19061968e-01
1889            	-1.99470949e-01	1.29817796e-03	2.86046057e-01	5.41595763e-02	2.18899624e-01
1890            	-1.99457155e-01	1.45033692e-03	2.85074765e-01	5.41177710e-02	2.18725137e-01
1891            	-1.99451411e-01	1.57882821e-03	2.84265302e-01	5.40725987e-02	2.18532369e-01
1892            	-1.99456707e-01	1.62611844e-03	2.83979136e-01	5.40186310e-02	2.18297108e-01
1893            	-1.99473342e-01	1.59171917e-03	2.84220931e-01	5.39607006e-02	2.18040738e-01
1894            	-1.99497332e-01	1.50991961e-03	2.84771286e-01	5.39200176e-02	2.17857603e-01
1895            	-1.99529700e-01	1.39784137e-03	2.85524144e-01	5.39029143e-02	2.17774138e-01
1896            	-1.99572323e-01	1.24185419e-03	2.86561113e-01	5.39000304e-02	2.17752285e-01
1897            	-1.99614779e-01	1.00116569e-03	2.88119250e-01	5.39052858e-02	2.17763128e-01
1898            	-1.99647715e-01	7.47681949e-04	2.89741164e-01	5.39266945e-02	2.17845525e-01
1899            	-1.99670502e-01	5.43054815e-04	2.91043905e-01	5.39673049e-02	2.18014583e-01
1900            	-1.99691132e-01	4.04554253e-04	2.91931261e-01	5.40151288e-02	2.18216881e-01
1901            	-1.99705314e-01	3.08702020e-04	2.92545066e-01	5.40489878e-02	2.18360208e-01
1902            	-1.99701735e-01	2.20106722e-04	2.93090134e-01	5.40740761e-02	2.18465714e-01
1903            	-1.99679597e-01	1.75524815e-04	2.93337125e-01	5.41151797e-02	2.18636836e-01
1904            	-1.99648584e-01	2.05151819e-04	2.93110717e-01	5.41700656e-02	2.18866603e-01
1905            	-1.99613101e-01	3.22027907e-04	2.92336220e-01	5.42260229e-02	2.19105408e-01
1906            	-1.99577728e-01	5.07423010e-04	2.91135840e-01	5.42705932e-02	2.19303449e-01
1907            	-1.99543893e-01	7.06599524e-04	2.89850208e-01	5.42982179e-02	2.19433788e-01
1908            	-1.99510483e-01	8.86667541e-04	2.88681042e-01	5.43113822e-02	2.19502621e-01
1909            	-1.99477813e-01	1.03254513e-03	2.87721862e-01	5.43122229e-02	2.19517326e-01
1910            	-1.99449096e-01	1.16792365e-03	2.86831960e-01	5.42965462e-02	2.19462209e-01
1911            	-1.99426581e-01	1.27602926e-03	2.86119015e-01	5.42674458e-02	2.19347764e-01
1912            	-1.99415480e-01	1.32356770e-03	2.85798653e-01	5.42241717e-02	2.19165244e-01
1913            	-1.99415313e-01	1.36769775e-03	2.85520347e-01	5.41726537e-02	2.18945106e-01
1914            	-1.99426639e-01	1.36970137e-03	2.85526207e-01	5.41208980e-02	2.18718235e-01
1915            	-1.99451394e-01	1.30352518e-03	2.85979213e-01	5.40700915e-02	2.18489282e-01
1916            	-1.99491497e-01	1.17316186e-03	2.86856796e-01	5.40168337e-02	2.18244749e-01
1917            	-1.99542068e-01	1.05767384e-03	2.87659852e-01	5.39739395e-02	2.18047462e-01
1918            	-1.99599434e-01	9.51705291e-04	2.88407995e-01	5.39367018e-02	2.17882324e-01
1919            	-1.99653187e-01	7.97736571e-04	2.89442677e-01	5.39013873e-02	2.17728136e-01
1920            	-1.99695132e-01	6.58962232e-04	2.90367698e-01	5.38787763e-02	2.17629880e-01
1921            	-1.99721036e-01	5.74976432e-04	2.90931159e-01	5.38815686e-02	2.17642166e-01
1922            	-1.99733596e-01	5.58235934e-04	2.91057752e-01	5.39108702e-02	2.17769709e-01
1923            	-1.99731917e-01	5.49731700e-04	2.91110354e-01	5.39525977e-02	2.17950036e-01
1924            	-1.99713970e-01	4.88767940e-04	2.91461810e-01	5.40027948e-02	2.18163443e-01
1925            	-1.99680884e-01	4.33873486e-04	2.91752011e-01	5.40703351e-02	2.18449230e-01
1926            	-1.99641865e-01	4.25738786e-04	2.91742086e-01	5.41533980e-02	2.18803123e-01
1927            	-1.99598709e-01	5.09059050e-04	2.91159961e-01	5.42425247e-02	2.19191482e-01
1928            	-1.99555408e-01	6.52587132e-04	2.90205562e-01	5.43214711e-02	2.19543087e-01
1929            	-1.99514331e-01	8.06993931e-04	2.89188148e-01	5.43764084e-02	2.19792711e-01
1930            	-1.99478988e-01	9.25243755e-04	2.88402298e-01	5.43977047e-02	2.19894648e-01
1931            	-1.99451351e-01	9.92508572e-04	2.87941545e-01	5.43878231e-02	2.19858572e-01
1932            	-1.99434139e-01	1.03006410e-03	2.87677615e-01	5.43496633e-02	2.19700237e-01
1933            	-1.99423623e-01	1.07843779e-03	2.87355210e-01	5.43014895e-02	2.19499697e-01
1934            	-1.99420880e-01	1.11964413e-03	2.87089907e-01	5.42498134e-02	2.19279239e-01
1935            	-1.99431653e-01	1.16422176e-03	2.86827521e-01	5.41882334e-02	2.19010959e-01
1936            	-1.99456594e-01	1.16706721e-03	2.86847108e-01	5.41095069e-02	2.18665130e-01
1937            	-1.99491488e-01	1.12513876e-03	2.87160154e-01	5.40276514e-02	2.18304882e-01
1938            	-1.99534387e-01	1.04728441e-03	2.87710394e-01	5.39508250e-02	2.17964845e-01
1939            	-1.99587541e-01	1.02378489e-03	2.87943906e-01	5.38835669e-02	2.17669095e-01
1940            	-1.99646528e-01	1.03285791e-03	2.87983177e-01	5.38204417e-02	2.17396395e-01
1941            	-1.99690963e-01	1.01657090e-03	2.88156393e-01	5.37832039e-02	2.17238077e-01
1942            	-1.99715166e-01	9.61699454e-04	2.88538481e-01	5.37903905e-02	2.17268282e-01
1943            	-1.99725788e-01	8.86856865e-04	2.89021399e-01	5.38364401e-02	2.17462429e-01
1944            	-1.99728390e-01	8.52613773e-04	2.89238580e-01	5.39077490e-02	2.17767214e-01
1945            	-1.99718270e-01	8.16864961e-04	2.89443980e-01	5.39927634e-02	2.18133033e-01
1946            	-1.99691300e-01	7.24202529e-04	2.89975677e-01	5.40870269e-02	2.18538859e-01
1947            	-1.99650180e-01	6.10722575e-04	2.90614614e-01	5.41878418e-02	2.18971606e-01
1948            	-1.99607553e-01	5.44057691e-04	2.90962618e-01	5.42842946e-02	2.19384713e-01
1949            	-1.99568585e-01	5.66653689e-04	2.90765504e-01	5.43664189e-02	2.19741260e-01
1950            	-1.99533893e-01	6.55538137e-04	2.90164894e-01	5.44209293e-02	2.19986439e-01
1951            	-1.99504006e-01	7.53825538e-04	2.89512849e-01	5.44447057e-02	2.20101543e-01
1952            	-1.99479640e-01	8.23190027e-04	2.89046594e-01	5.44339947e-02	2.20065813e-01
1953            	-1.99459750e-01	8.88936652e-04	2.88607606e-01	5.43925268e-02	2.19897488e-01
1954            	-1.99447397e-01	9.60271628e-04	2.88142218e-01	5.43295349e-02	2.19635945e-01
1955            	-1.99446080e-01	1.03815911e-03	2.87649651e-01	5.42559712e-02	2.19326468e-01
1956            	-1.99454184e-01	1.10987158e-03	2.87207413e-01	5.41764903e-02	2.18987920e-01
1957            	-1.99470293e-01	1.19691530e-03	2.86684252e-01	5.40952384e-02	2.18639486e-01
1958            	-1.99497176e-01	1.25702063e-03	2.86347838e-01	5.39980230e-02	2.18220722e-01
1959            	-1.99530039e-01	1.29233930e-03	2.86178254e-01	5.38934882e-02	2.17770363e-01
1960            	-1.99566094e-01	1.29462365e-03	2.86223920e-01	5.38049247e-02	2.17382670e-01
1961            	-1.99605742e-01	1.33235926e-03	2.86061465e-01	5.37516429e-02	2.17144533e-01
1962            	-1.99650018e-01	1.38874765e-03	2.85789516e-01	5.37261817e-02	2.17031021e-01
1963            	-1.99688855e-01	1.36327544e-03	2.86011247e-01	5.37313574e-02	2.17049518e-01
1964            	-1.99712832e-01	1.26201840e-03	2.86676702e-01	5.37712232e-02	2.17215135e-01
1965            	-1.99720498e-01	1.13897986e-03	2.87450671e-01	5.38494606e-02	2.17544274e-01
1966            	-1.99715459e-01	1.04848361e-03	2.88003044e-01	5.39497653e-02	2.17972093e-01
1967            	-1.99697323e-01	9.69559813e-04	2.88464223e-01	5.40502452e-02	2.18404990e-01
1968            	-1.99667614e-01	8.38844707e-04	2.89229555e-01	5.41447320e-02	2.18811589e-01
1969            	-1.99630019e-01	6.75304246e-04	2.90186038e-01	5.42358857e-02	2.19199889e-01
1970            	-1.99592789e-01	5.63952885e-04	2.90820038e-01	5.43140536e-02	2.19533147e-01
1971            	-1.99559980e-01	5.47093426e-04	2.90876438e-01	5.43688494e-02	2.19772401e-01
1972            	-1.99531054e-01	5.99860407e-04	2.90507562e-01	5.43972880e-02	2.19904269e-01
1973            	-1.99504083e-01	6.95110559e-04	2.89878144e-01	5.44020863e-02	2.19937877e-01
1974            	-1.99482096e-01	7.93615307e-04	2.89234700e-01	5.43821150e-02	2.19862523e-01
1975            	-1.99467242e-01	8.75148379e-04	2.88703566e-01	5.43352881e-02	2.19668617e-01
1976            	-1.99460613e-01	9.71976090e-04	2.88085136e-01	5.42726462e-02	2.19407725e-01
1977            	-1.99462504e-01	1.07255874e-03	2.87452288e-01	5.42032870e-02	2.19116498e-01
1978            	-1.99473365e-01	1.18669106e-03	2.86749693e-01	5.41232675e-02	2.18777230e-01
1979            	-1.99490487e-01	1.33901071e-03	2.85824536e-01	5.40333042e-02	2.18396327e-01
1980            	-1.99510841e-01	1.46237956e-03	2.85090860e-01	5.39388559e-02	2.17991246e-01
1981            	-1.99532942e-01	1.53522455e-03	2.84679310e-01	5.38585757e-02	2.17640122e-01
1982            	-1.99564488e-01	1.56603706e-03	2.84547082e-01	5.38004377e-02	2.17377777e-01
1983            	-1.99606830e-01	1.57590525e-03	2.84560043e-01	5.37653860e-02	2.17214821e-01
1984            	-1.99652439e-01	1.57451686e-03	2.84643976e-01	5.37555168e-02	2.17167268e-01
1985            	-1.99683002e-01	1.51496864e-03	2.85061323e-01	5.37808562e-02	2.17275050e-01
1986            	-1.99695995e-01	1.39215042e-03	2.85842711e-01	5.38414947e-02	2.17531958e-01
1987            	-1.99696788e-01	1.25316862e-03	2.86705447e-01	5.39187827e-02	2.17859744e-01
1988            	-1.99692834e-01	1.12991653e-03	2.87462448e-01	5.39882756e-02	2.18159122e-01
1989            	-1.99677414e-01	9.89607262e-04	2.88308458e-01	5.40558621e-02	2.18452101e-01
1990            	-1.99649293e-01	7.92785989e-04	2.89484551e-01	5.41267086e-02	2.18756948e-01
1991            	-1.99615035e-01	6.04784207e-04	2.90596071e-01	5.42019106e-02	2.19076797e-01
1992            	-1.99583772e-01	4.99784415e-04	2.91198041e-01	5.42627641e-02	2.19337006e-01
1993            	-1.99556892e-01	4.90855835e-04	2.91212172e-01	5.42996705e-02	2.19499558e-01
1994            	-1.99534440e-01	5.54953126e-04	2.90781990e-01	5.43157776e-02	2.19575654e-01
1995            	-1.99514689e-01	6.52576370e-04	2.90147178e-01	5.43117419e-02	2.19566542e-01
1996            	-1.99498723e-01	7.68391076e-04	2.89402457e-01	5.42918105e-02	2.19488732e-01
1997            	-1.99487029e-01	8.81751025e-04	2.88675402e-01	5.42539917e-02	2.19333014e-01
1998            	-1.99482883e-01	1.02180319e-03	2.87791676e-01	5.41977941e-02	2.19099797e-01
1999            	-1.99483258e-01	1.18363702e-03	2.86778940e-01	5.41264212e-02	2.18802104e-01
2000            	-1.99486332e-01	1.36850648e-03	2.85632115e-01	5.40550149e-02	2.18499623e-01
2001            	-1.99494423e-01	1.53547426e-03	2.84609420e-01	5.39837016e-02	2.18192574e-01
2002            	-1.99507825e-01	1.63784372e-03	2.83999963e-01	5.39202322e-02	2.17912454e-01
2003            	-1.99527493e-01	1.68153327e-03	2.83767202e-01	5.38729360e-02	2.17696615e-01
2004            	-1.99557688e-01	1.70722688e-03	2.83665113e-01	5.38382858e-02	2.17535033e-01
2005            	-1.99597510e-01	1.70216925e-03	2.83763604e-01	5.38161919e-02	2.17431615e-01
2006            	-1.99631914e-01	1.63362583e-03	2.84244043e-01	5.38192238e-02	2.17439004e-01
2007            	-1.99653560e-01	1.49856473e-03	2.85116029e-01	5.38481725e-02	2.17558438e-01
2008            	-1.99662678e-01	1.32207346e-03	2.86225309e-01	5.39037015e-02	2.17793038e-01
2009            	-1.99665636e-01	1.15590256e-03	2.87259718e-01	5.39711536e-02	2.18082067e-01
2010            	-1.99665674e-01	1.00913772e-03	2.88166641e-01	5.40301049e-02	2.18340459e-01
2011            	-1.99654785e-01	8.25810408e-04	2.89283804e-01	5.40886864e-02	2.18595991e-01
2012            	-1.99634146e-01	5.88078892e-04	2.90723080e-01	5.41485063e-02	2.18849209e-01
2013            	-1.99610440e-01	3.76199133e-04	2.91997375e-01	5.42078348e-02	2.19093406e-01
2014            	-1.99588844e-01	2.89801501e-04	2.92498162e-01	5.42542261e-02	2.19287445e-01
2015            	-1.99566757e-01	3.33507862e-04	2.92191691e-01	5.42850364e-02	2.19424787e-01
2016            	-1.99546917e-01	4.66061568e-04	2.91338735e-01	5.42988954e-02	2.19494947e-01
2017            	-1.99531070e-01	6.22618595e-04	2.90342832e-01	5.42885586e-02	2.19460300e-01
2018            	-1.99517109e-01	7.82714836e-04	2.89326224e-01	5.42565134e-02	2.19330917e-01
2019            	-1.99502970e-01	9.59385316e-04	2.88204505e-01	5.42068933e-02	2.19127581e-01
2020            	-1.99491462e-01	1.14601429e-03	2.87023714e-01	5.41494741e-02	2.18889803e-01
2021            	-1.99484337e-01	1.31956490e-03	2.85930641e-01	5.40891789e-02	2.18635454e-01
2022            	-1.99482335e-01	1.50132402e-03	2.84798082e-01	5.40314202e-02	2.18388268e-01
2023            	-1.99486402e-01	1.65903477e-03	2.83828638e-01	5.39708689e-02	2.18126571e-01
2024            	-1.99496674e-01	1.75613251e-03	2.83247599e-01	5.39176774e-02	2.17892865e-01
2025            	-1.99515612e-01	1.78152641e-03	2.83126921e-01	5.38791032e-02	2.17716659e-01
2026            	-1.99544750e-01	1.74236415e-03	2.83423469e-01	5.38542834e-02	2.17595715e-01
2027            	-1.99581768e-01	1.63851172e-03	2.84128003e-01	5.38377247e-02	2.17512551e-01
2028            	-1.99614095e-01	1.45091262e-03	2.85339829e-01	5.38424987e-02	2.17524807e-01
2029            	-1.99633399e-01	1.25654646e-03	2.86574087e-01	5.38766950e-02	2.17670281e-01
2030            	-1.99645277e-01	1.06518806e-03	2.87779178e-01	5.39361042e-02	2.17925323e-01
2031            	-1.99657427e-01	8.81245861e-04	2.88937869e-01	5.40026215e-02	2.18208069e-01
2032            	-1.99668581e-01	6.75867550e-04	2.90224547e-01	5.40575348e-02	2.18438939e-01
2033            	-1.99667498e-01	4.10969389e-04	2.91858532e-01	5.41013990e-02	2.18619508e-01
2034            	-1.99650683e-01	1.82124260e-04	2.93245708e-01	5.41576279e-02	2.18851573e-01
2035            	-1.99628093e-01	7.89063914e-05	2.93848480e-01	5.42170704e-02	2.19098633e-01
2036            	-1.99605318e-01	1.27698526e-04	2.93512003e-01	5.42668823e-02	2.19310360e-01
2037            	-1.99582339e-01	2.83047308e-04	2.92516546e-01	5.42961012e-02	2.19441152e-01
2038            	-1.99559963e-01	4.83369289e-04	2.91243674e-01	5.43026694e-02	2.19478732e-01
2039            	-1.99536160e-01	6.87552415e-04	2.89943883e-01	5.42885162e-02	2.19427464e-01
2040            	-1.99512699e-01	8.71443388e-04	2.88767956e-01	5.42588940e-02	2.19307543e-01
2041            	-1.99492052e-01	1.05278970e-03	2.87608446e-01	5.42193614e-02	2.19145588e-01
2042            	-1.99473212e-01	1.23895028e-03	2.86418660e-01	5.41796884e-02	2.18984751e-01
2043            	-1.99459026e-01	1.40840979e-03	2.85339363e-01	5.41374780e-02	2.18810125e-01
2044            	-1.99451869e-01	1.56271222e-03	2.84367636e-01	5.40949097e-02	2.18629492e-01
2045            	-1.99455867e-01	1.64375887e-03	2.83870583e-01	5.40417213e-02	2.18397640e-01
2046            	-1.99469542e-01	1.63826066e-03	2.83927710e-01	5.39865796e-02	2.18154269e-01
2047            	-1.99493778e-01	1.56334646e-03	2.84435161e-01	5.39388099e-02	2.17939472e-01
2048            	-1.99525462e-01	1.46614225e-03	2.85094923e-01	5.39123133e-02	2.17816960e-01
2049            	-1.99565014e-01	1.33006469e-03	2.86003224e-01	5.39043179e-02	2.17776038e-01
2050            	-1.99606547e-01	1.10070010e-03	2.87489082e-01	5.39076039e-02	2.17780077e-01
2051            	-1.99640552e-01	8.45482168e-04	2.89123605e-01	5.39259144e-02	2.17848760e-01
2052            	-1.99664870e-01	6.22231395e-04	2.90544642e-01	5.39622973e-02	2.17998714e-01
2053            	-1.99683522e-01	4.70324105e-04	2.91512805e-01	5.40094262e-02	2.18198997e-01
2054            	-1.99698770e-01	3.46170242e-04	2.92301466e-01	5.40441846e-02	2.18347274e-01
2055            	-1.99698562e-01	2.10798286e-04	2.93137713e-01	5.40689685e-02	2.18450274e-01
2056            	-1.99680979e-01	1.45149262e-04	2.93520902e-01	5.41051600e-02	2.18600467e-01
2057            	-1.99653248e-01	1.69533209e-04	2.93332690e-01	5.41528522e-02	2.18800026e-01
2058            	-1.99620745e-01	2.87910007e-04	2.92554583e-01	5.42065894e-02	2.19029533e-01
2059            	-1.99586460e-01	4.69718584e-04	2.91379213e-01	5.42475727e-02	2.19210931e-01
2060            	-1.99553733e-01	6.64038000e-04	2.90126000e-01	5.42746754e-02	2.19336724e-01
2061            	-1.99522053e-01	8.47682655e-04	2.88938201e-01	5.42858336e-02	2.19395320e-01
2062            	-1.99491047e-01	1.00818943e-03	2.87892175e-01	5.42877169e-02	2.19413480e-01
2063            	-1.99462296e-01	1.14915759e-03	2.86967926e-01	5.42753098e-02	2.19370625e-01
2064            	-1.99438667e-01	1.27217906e-03	2.86161019e-01	5.42480809e-02	2.19264243e-01
2065            	-1.99423646e-01	1.34595749e-03	2.85672033e-01	5.42080015e-02	2.19097983e-01
2066            	-1.99420390e-01	1.39390443e-03	2.85364483e-01	5.41593556e-02	2.18889710e-01
2067            	-1.99428218e-01	1.40854014e-03	2.85285727e-01	5.41078609e-02	2.18664994e-01
2068            	-1.99447814e-01	1.36008121e-03	2.85620404e-01	5.40600557e-02	2.18450978e-01
2069            	-1.99481058e-01	1.23306817e-03	2.86466970e-01	5.40193111e-02	2.18259401e-01
2070            	-1.99528937e-01	1.10430782e-03	2.87349363e-01	5.39815072e-02	2.18080921e-01
2071            	-1.99584197e-01	9.77813538e-04	2.88221927e-01	5.39481820e-02	2.17930169e-01
2072            	-1.99635398e-01	8.15458398e-04	2.89305032e-01	5.39226264e-02	2.17816950e-01
2073            	-1.99677074e-01	6.55246571e-04	2.90361452e-01	5.39079151e-02	2.17751700e-01
2074            	-1.99707797e-01	5.50608964e-04	2.91059310e-01	5.39108869e-02	2.17764385e-01
2075            	-1.99725072e-01	5.25823624e-04	2.91243298e-01	5.39368786e-02	2.17877560e-01
2076            	-1.99730105e-01	5.18477058e-04	2.91299198e-01	5.39681906e-02	2.18014007e-01
2077            	-1.99717158e-01	4.54976752e-04	2.91673876e-01	5.40080921e-02	2.18183900e-01
2078            	-1.99687632e-01	3.96465536e-04	2.91992622e-01	5.40680376e-02	2.18436609e-01
2079            	-1.99650265e-01	3.91411821e-04	2.91967388e-01	5.41445805e-02	2.18760749e-01
2080            	-1.99609106e-01	4.80206948e-04	2.91354756e-01	5.42291840e-02	2.19127907e-01
2081            	-1.99566078e-01	6.28774472e-04	2.90368814e-01	5.43079005e-02	2.19477974e-01
2082            	-1.99524629e-01	7.88512274e-04	2.89316589e-01	5.43662583e-02	2.19742965e-01
2083            	-1.99487271e-01	9.14998728e-04	2.88475867e-01	5.43931831e-02	2.19870098e-01
2084            	-1.99456751e-01	1.00833988e-03	2.87849655e-01	5.43875410e-02	2.19854817e-01
2085            	-1.99436161e-01	1.05793736e-03	2.87506386e-01	5.43512039e-02	2.19705363e-01
2086            	-1.99424391e-01	1.09977086e-03	2.87222263e-01	5.42991059e-02	2.19488396e-01
2087            	-1.99418313e-01	1.13805909e-03	2.86969260e-01	5.42448023e-02	2.19259040e-01
2088            	-1.99423593e-01	1.17695785e-03	2.86733005e-01	5.41894652e-02	2.19019160e-01
2089            	-1.99445886e-01	1.18385110e-03	2.86724164e-01	5.41142595e-02	2.18689139e-01
2090            	-1.99480026e-01	1.14916100e-03	2.86992751e-01	5.40335485e-02	2.18333847e-01
2091            	-1.99522117e-01	1.06463797e-03	2.87584024e-01	5.39617812e-02	2.18014167e-01
2092            	-1.99576275e-01	1.01009068e-03	2.88011246e-01	5.38965827e-02	2.17724540e-01
2093            	-1.99637873e-01	9.95703712e-04	2.88198558e-01	5.38322203e-02	2.17445763e-01
2094            	-1.99687274e-01	9.65296008e-04	2.88465068e-01	5.37865689e-02	2.17251137e-01
2095            	-1.99715215e-01	9.20463188e-04	2.88791037e-01	5.37812358e-02	2.17229129e-01
2096            	-1.99728247e-01	8.53163653e-04	2.89231945e-01	5.38191623e-02	2.17389080e-01
2097            	-1.99732573e-01	8.13627560e-04	2.89485504e-01	5.38861833e-02	2.17673615e-01
2098            	-1.99725392e-01	7.88960054e-04	2.89627071e-01	5.39651982e-02	2.18013207e-01
2099            	-1.99701498e-01	7.00940998e-04	2.90134240e-01	5.40522669e-02	2.18387213e-01
2100            	-1.99660959e-01	5.88226981e-04	2.90768963e-01	5.41538161e-02	2.18822478e-01
2101            	-1.99615312e-01	5.23595053e-04	2.91099376e-01	5.42581841e-02	2.19269202e-01
2102            	-1.99572814e-01	5.58303553e-04	2.90822107e-01	5.43533676e-02	2.19681339e-01
2103            	-1.99535303e-01	6.49534991e-04	2.90202696e-01	5.44207769e-02	2.19980296e-01
2104            	-1.99502879e-01	7.55218295e-04	2.89501346e-01	5.44569392e-02	2.20147722e-01
2105            	-1.99476503e-01	8.25572471e-04	2.89025926e-01	5.44552121e-02	2.20150469e-01
2106            	-1.99456140e-01	8.85905740e-04	2.88619957e-01	5.44191634e-02	2.20004978e-01
2107            	-1.99441871e-01	9.56167698e-04	2.88159221e-01	5.43589983e-02	2.19756370e-01
2108            	-1.99438746e-01	1.02989787e-03	2.87690239e-01	5.42886068e-02	2.19461041e-01
2109            	-1.99446322e-01	1.09394126e-03	2.87295533e-01	5.42082637e-02	2.19118687e-01
2110            	-1.99462341e-01	1.17632133e-03	2.86801674e-01	5.41275630e-02	2.18772219e-01
2111            	-1.99488354e-01	1.23140342e-03	2.86495138e-01	5.40348508e-02	2.18371912e-01
2112            	-1.99522268e-01	1.25526336e-03	2.86396938e-01	5.39313779e-02	2.17926093e-01
2113            	-1.99562269e-01	1.25064492e-03	2.86490520e-01	5.38343798e-02	2.17503107e-01
2114            	-1.99604949e-01	1.28360524e-03	2.86361483e-01	5.37701064e-02	2.17219107e-01
2115            	-1.99649707e-01	1.33492796e-03	2.86120373e-01	5.37328673e-02	2.17056193e-01
2116            	-1.99688261e-01	1.31847789e-03	2.86285565e-01	5.37273276e-02	2.17030447e-01
2117            	-1.99713027e-01	1.23124515e-03	2.86866116e-01	5.37560483e-02	2.17149385e-01
2118            	-1.99723149e-01	1.12401434e-03	2.87546628e-01	5.38241250e-02	2.17436492e-01
2119            	-1.99720457e-01	1.04131744e-03	2.88054609e-01	5.39190960e-02	2.17841500e-01
2120            	-1.99703986e-01	9.66126397e-04	2.88494791e-01	5.40199056e-02	2.18275417e-01
2121            	-1.99674558e-01	8.41164657e-04	2.89224153e-01	5.41159450e-02	2.18689073e-01
2122            	-1.99636763e-01	6.86018964e-04	2.90128105e-01	5.42113487e-02	2.19095830e-01
2123            	-1.99598398e-01	5.75620943e-04	2.90754775e-01	5.42968069e-02	2.19459198e-01
2124            	-1.99564718e-01	5.64064337e-04	2.90777715e-01	5.43601650e-02	2.19734148e-01
2125            	-1.99535189e-01	6.12871378e-04	2.90432857e-01	5.43934488e-02	2.19885728e-01
2126            	-1.99508569e-01	7.00237983e-04	2.89853052e-01	5.44014636e-02	2.19932340e-01
2127            	-1.99484812e-01	7.95126606e-04	2.89229679e-01	5.43842994e-02	2.19869811e-01
2128            	-1.99468105e-01	8.72199056e-04	2.88724064e-01	5.43410237e-02	2.19691414e-01
2129            	-1.99459815e-01	9.64253830e-04	2.88134032e-01	5.42778888e-02	2.19428235e-01
2130            	-1.99460156e-01	1.06389675e-03	2.87505594e-01	5.42094335e-02	2.19141001e-01
2131            	-1.99470224e-01	1.16160144e-03	2.86903513e-01	5.41308105e-02	2.18806276e-01
2132            	-1.99486669e-01	1.30058527e-03	2.86058933e-01	5.40450914e-02	2.18442915e-01
2133            	-1.99507620e-01	1.41237834e-03	2.85396075e-01	5.39509748e-02	2.18039503e-01
2134            	-1.99529608e-01	1.48209460e-03	2.85001869e-01	5.38686741e-02	2.17680975e-01
2135            	-1.99559194e-01	1.51423935e-03	2.84857281e-01	5.38078247e-02	2.17408084e-01
2136            	-1.99599033e-01	1.53971532e-03	2.84771152e-01	5.37719479e-02	2.17241906e-01
2137            	-1.99646144e-01	1.55090082e-03	2.84780923e-01	5.37588105e-02	2.17179400e-01
2138            	-1.99681758e-01	1.49543244e-03	2.85181040e-01	5.37787755e-02	2.17262913e-01
2139            	-1.99697953e-01	1.37669151e-03	2.85941559e-01	5.38355357e-02	2.17503086e-01
2140            	-1.99700500e-01	1.23676370e-03	2.86812360e-01	5.39156241e-02	2.17841531e-01
2141            	-1.99695908e-01	1.12721296e-03	2.87483984e-01	5.39927526e-02	2.18172663e-01
2142            	-1.99681886e-01	1.00690263e-03	2.88208741e-01	5.40646804e-02	2.18483984e-01
2143            	-1.99655043e-01	8.26153419e-04	2.89288152e-01	5.41365844e-02	2.18793326e-01
2144            	-1.99620967e-01	6.39970160e-04	2.90389154e-01	5.42125329e-02	2.19116710e-01
2145            	-1.99588030e-01	5.25570785e-04	2.91047056e-01	5.42741991e-02	2.19380293e-01
2146            	-1.99559295e-01	5.11787197e-04	2.91088694e-01	5.43134858e-02	2.19553934e-01
2147            	-1.99534163e-01	5.71718490e-04	2.90680398e-01	5.43301044e-02	2.19633821e-01
2148            	-1.99512761e-01	6.64568548e-04	2.90073366e-01	5.43246033e-02	2.19619424e-01
2149            	-1.99495195e-01	7.74288934e-04	2.89364562e-01	5.43002565e-02	2.19523983e-01
2150            	-1.99482212e-01	8.76207474e-04	2.88706530e-01	5.42590561e-02	2.19354665e-01
2151            	-1.99477736e-01	1.00188824e-03	2.87911132e-01	5.42012406e-02	2.19114763e-01
2152            	-1.99480059e-01	1.15048384e-03	2.86982718e-01	5.41292630e-02	2.18814377e-01
2153            	-1.99485358e-01	1.32293754e-03	2.85914460e-01	5.40537321e-02	2.18495407e-01
2154            	-1.99495848e-01	1.49554263e-03	2.84859155e-01	5.39765092e-02	2.18165106e-01
2155            	-1.99509028e-01	1.61041510e-03	2.84171470e-01	5.39096919e-02	2.17872266e-01
2156            	-1.99528840e-01	1.65965344e-03	2.83904571e-01	5.38610372e-02	2.17650234e-01
2157            	-1.99560352e-01	1.68003933e-03	2.83837095e-01	5.38234817e-02	2.17474393e-01
2158            	-1.99601786e-01	1.68122514e-03	2.83899940e-01	5.37981237e-02	2.17355723e-01
2159            	-1.99638141e-01	1.63516463e-03	2.84244361e-01	5.37995162e-02	2.17356431e-01
2160            	-1.99660602e-01	1.52551901e-03	2.84960716e-01	5.38311112e-02	2.17487896e-01
2161            	-1.99670478e-01	1.36159866e-03	2.85993698e-01	5.38869301e-02	2.17722814e-01
2162            	-1.99672425e-01	1.19882514e-03	2.87006004e-01	5.39554089e-02	2.18014968e-01
2163            	-1.99671061e-01	1.04768884e-03	2.87937927e-01	5.40166527e-02	2.18281352e-01
2164            	-1.99658339e-01	8.78331014e-04	2.88966084e-01	5.40806355e-02	2.18560406e-01
2165            	-1.99633751e-01	6.57950225e-04	2.90292205e-01	5.41455949e-02	2.18838606e-01
2166            	-1.99606318e-01	4.55395584e-04	2.91503398e-01	5.42096607e-02	2.19106647e-01
2167            	-1.99582917e-01	3.48327090e-04	2.92130047e-01	5.42597460e-02	2.19315555e-01
2168            	-1.99562051e-01	3.59590234e-04	2.92026994e-01	5.42911057e-02	2.19452473e-01
2169            	-1.99541642e-01	4.67926798e-04	2.91322916e-01	5.43081603e-02	2.19535407e-01
2170            	-1.99524272e-01	6.13166205e-04	2.90394287e-01	5.43049000e-02	2.19531878e-01
2171            	-1.99511438e-01	7.68074243e-04	2.89411594e-01	5.42771281e-02	2.19420853e-01
2172            	-1.99500888e-01	9.30996293e-04	2.88380280e-01	5.42273317e-02	2.19215762e-01
2173            	-1.99491321e-01	1.11527185e-03	2.87216214e-01	5.41664624e-02	2.18964642e-01
2174            	-1.99485641e-01	1.29440494e-03	2.86090277e-01	5.41038875e-02	2.18702148e-01
2175            	-1.99484691e-01	1.47513066e-03	2.84965332e-01	5.40455074e-02	2.18452047e-01
2176            	-1.99490365e-01	1.62655800e-03	2.84036519e-01	5.39823537e-02	2.18177942e-01
2177            	-1.99500767e-01	1.72840513e-03	2.83425945e-01	5.39241714e-02	2.17922577e-01
2178            	-1.99518783e-01	1.76965474e-03	2.83205467e-01	5.38805318e-02	2.17725671e-01
2179            	-1.99546409e-01	1.76588826e-03	2.83281407e-01	5.38526255e-02	2.17593925e-01
2180            	-1.99583620e-01	1.69298818e-03	2.83795470e-01	5.38320478e-02	2.17494448e-01
2181            	-1.99616865e-01	1.52278979e-03	2.84901500e-01	5.38301319e-02	2.17477058e-01
2182            	-1.99637100e-01	1.32582204e-03	2.86152761e-01	5.38575803e-02	2.17592056e-01
2183            	-1.99646685e-01	1.13999785e-03	2.87319871e-01	5.39137922e-02	2.17834740e-01
2184            	-1.99654436e-01	9.75969916e-04	2.88348762e-01	5.39843742e-02	2.18138311e-01
2185            	-1.99664109e-01	7.86288982e-04	2.89536376e-01	5.40408480e-02	2.18378404e-01
2186            	-1.99664539e-01	5.26547879e-04	2.91141913e-01	5.40877920e-02	2.18572516e-01
2187            	-1.99649435e-01	2.68414240e-04	2.92713445e-01	5.41407836e-02	2.18789654e-01
2188            	-1.99626319e-01	1.19722809e-04	2.93595732e-01	5.42019557e-02	2.19043128e-01
2189            	-1.99603495e-01	1.32243183e-04	2.93482814e-01	5.42578999e-02	2.19279917e-01
2190            	-1.99582846e-01	2.59859396e-04	2.92661329e-01	5.42900014e-02	2.19421871e-01
2191            	-1.99561649e-01	4.49634433e-04	2.91454580e-01	5.42996050e-02	2.19472298e-01
2192            	-1.99540368e-01	6.51007029e-04	2.90175325e-01	5.42847038e-02	2.19418267e-01
2193            	-1.99517354e-01	8.34649212e-04	2.89001791e-01	5.42554564e-02	2.19299648e-01
2194            	-1.99497750e-01	1.01709988e-03	2.87838318e-01	5.42125066e-02	2.19122318e-01
2195            	-1.99480376e-01	1.19707136e-03	2.86689953e-01	5.41676327e-02	2.18937422e-01
2196            	-1.99466423e-01	1.37871914e-03	2.85536031e-01	5.41239453e-02	2.18756955e-01
2197            	-1.99457765e-01	1.55251491e-03	2.84441308e-01	5.40840148e-02	2.18588648e-01
2198            	-1.99459243e-01	1.66622420e-03	2.83738478e-01	5.40348410e-02	2.18374935e-01
2199            	-1.99470022e-01	1.68961228e-03	2.83612447e-01	5.39842230e-02	2.18150149e-01
2200            	-1.99494001e-01	1.62209871e-03	2.84073239e-01	5.39360363e-02	2.17931207e-01
2201            	-1.99525069e-01	1.52746534e-03	2.84715404e-01	5.39051711e-02	2.17789164e-01
2202            	-1.99563487e-01	1.40965758e-03	2.85508694e-01	5.38913734e-02	2.17725473e-01
2203            	-1.99600087e-01	1.20768926e-03	2.86816891e-01	5.38997729e-02	2.17755573e-01
2204            	-1.99632809e-01	9.56842433e-04	2.88422045e-01	5.39255804e-02	2.17857166e-01
2205            	-1.99658266e-01	7.17000378e-04	2.89948265e-01	5.39670277e-02	2.18026359e-01
2206            	-1.99678269e-01	5.38568483e-04	2.91083302e-01	5.40149584e-02	2.18228402e-01
2207            	-1.99692244e-01	3.86540809e-04	2.92041867e-01	5.40567313e-02	2.18406220e-01
2208            	-1.99694042e-01	2.16216773e-04	2.93095464e-01	5.40879722e-02	2.18536061e-01
2209            	-1.99678545e-01	1.09542802e-04	2.93733435e-01	5.41260191e-02	2.18692891e-01
2210            	-1.99653979e-01	1.19042518e-04	2.93641699e-01	5.41682155e-02	2.18869035e-01
2211            	-1.99623418e-01	2.37442414e-04	2.92866967e-01	5.42138766e-02	2.19064695e-01
2212            	-1.99590094e-01	4.23522126e-04	2.91667665e-01	5.42510998e-02	2.19230078e-01
2213            	-1.99557510e-01	6.26093724e-04	2.90364796e-01	5.42711756e-02	2.19325615e-01
2214            	-1.99527489e-01	8.13629332e-04	2.89156082e-01	5.42729972e-02	2.19343344e-01
2215            	-1.99498089e-01	9.82949467e-04	2.88058462e-01	5.42660999e-02	2.19323172e-01
2216            	-1.99471166e-01	1.14205404e-03	2.87025416e-01	5.42484177e-02	2.19257713e-01
2217            	-1.99447480e-01	1.27657132e-03	2.86146820e-01	5.42227687e-02	2.19157426e-01
2218            	-1.99431136e-01	1.37109316e-03	2.85527272e-01	5.41859619e-02	2.19005188e-01
2219            	-1.99425190e-01	1.43540655e-03	2.85113535e-01	5.41436410e-02	2.18824629e-01
2220            	-1.99432774e-01	1.45789295e-03	2.84984635e-01	5.40914240e-02	2.18597571e-01
2221            	-1.99449968e-01	1.42791535e-03	2.85200787e-01	5.40406262e-02	2.18372983e-01
2222            	-1.99477960e-01	1.31502866e-03	2.85951313e-01	5.40049247e-02	2.18205336e-01
2223            	-1.99521933e-01	1.17356308e-03	2.86906847e-01	5.39764491e-02	2.18064844e-01
2224            	-1.99577791e-01	1.02639928e-03	2.87910168e-01	5.39431011e-02	2.17910217e-01
2225            	-1.99625841e-01	8.45607741e-04	2.89103669e-01	5.39250997e-02	2.17827689e-01
2226            	-1.99662950e-01	6.58963556e-04	2.90315653e-01	5.39245367e-02	2.17822519e-01
2227            	-1.99693757e-01	5.16703491e-04	2.91245482e-01	5.39372902e-02	2.17874412e-01
2228            	-1.99715370e-01	4.68784126e-04	2.91578101e-01	5.39613042e-02	2.17978294e-01
2229            	-1.99724249e-01	4.59227355e-04	2.91653297e-01	5.39847050e-02	2.18081731e-01
2230            	-1.99714285e-01	4.04928221e-04	2.91976274e-01	5.40158646e-02	2.18215814e-01
2231            	-1.99686138e-01	3.40274414e-04	2.92335644e-01	5.40722708e-02	2.18452583e-01
2232            	-1.99650949e-01	3.47292453e-04	2.92240241e-01	5.41418872e-02	2.18746464e-01
2233            	-1.99613519e-01	4.43331238e-04	2.91589308e-01	5.42149941e-02	2.19062042e-01
2234            	-1.99574026e-01	6.02132015e-04	2.90545148e-01	5.42851617e-02	2.19374433e-01
2235            	-1.99533313e-01	7.72173886e-04	2.89429160e-01	5.43422261e-02	2.19634449e-01
2236            	-1.99495442e-01	9.16032329e-04	2.88479148e-01	5.43732562e-02	2.19780771e-01
2237            	-1.99462940e-01	1.02820709e-03	2.87732799e-01	5.43754583e-02	2.19800011e-01
2238            	-1.99439530e-01	1.10035662e-03	2.87245456e-01	5.43494299e-02	2.19695870e-01
2239            	-1.99426171e-01	1.14244486e-03	2.86956512e-01	5.43018627e-02	2.19498162e-01
2240            	-1.99419439e-01	1.17164965e-03	2.86758101e-01	5.42475248e-02	2.19268291e-01
2241            	-1.99420284e-01	1.21006818e-03	2.86517979e-01	5.41960474e-02	2.19046574e-01
2242            	-1.99437658e-01	1.21179762e-03	2.86534163e-01	5.41336263e-02	2.18771248e-01
2243            	-1.99469938e-01	1.17145895e-03	2.86836522e-01	5.40544970e-02	2.18422085e-01
2244            	-1.99510651e-01	1.07767382e-03	2.87483963e-01	5.39827013e-02	2.18102450e-01
2245            	-1.99561882e-01	1.00065667e-03	2.88046082e-01	5.39248028e-02	2.17843041e-01
2246            	-1.99624279e-01	9.55512744e-04	2.88424371e-01	5.38643351e-02	2.17579551e-01
2247            	-1.99679150e-01	9.04569071e-04	2.88825905e-01	5.38100749e-02	2.17347248e-01
2248            	-1.99711902e-01	8.60652629e-04	2.89153553e-01	5.37927870e-02	2.17275554e-01
2249            	-1.99727365e-01	8.04039163e-04	2.89533098e-01	5.38219240e-02	2.17399223e-01
2250            	-1.99732999e-01	7.68680481e-04	2.89763655e-01	5.38836181e-02	2.17661100e-01
2251            	-1.99729260e-01	7.45334640e-04	2.89902741e-01	5.39507963e-02	2.17948659e-01
2252            	-1.99709477e-01	6.65572940e-04	2.90365248e-01	5.40254180e-02	2.18268017e-01
2253            	-1.99671824e-01	5.61067024e-04	2.90953468e-01	5.41189896e-02	2.18668196e-01
2254            	-1.99626073e-01	5.05744708e-04	2.91225652e-01	5.42261808e-02	2.19126950e-01
2255            	-1.99581714e-01	5.49431365e-04	2.90889400e-01	5.43265544e-02	2.19561542e-01
2256            	-1.99541780e-01	6.46775059e-04	2.90228057e-01	5.44020550e-02	2.19894567e-01
2257            	-1.99505787e-01	7.63678238e-04	2.89451725e-01	5.44461099e-02	2.20096103e-01
2258            	-1.99476772e-01	8.38860008e-04	2.88942356e-01	5.44529891e-02	2.20135479e-01
2259            	-1.99454405e-01	8.87025510e-04	2.88608727e-01	5.44249039e-02	2.20022354e-01
2260            	-1.99437780e-01	9.50053721e-04	2.88189410e-01	5.43716414e-02	2.19803354e-01
2261            	-1.99430466e-01	1.02373167e-03	2.87714947e-01	5.43091935e-02	2.19543417e-01
2262            	-1.99436151e-01	1.08098247e-03	2.87360633e-01	5.42331222e-02	2.19219177e-01
2263            	-1.99451358e-01	1.15367105e-03	2.86926374e-01	5.41517116e-02	2.18869471e-01
2264            	-1.99476682e-01	1.19380090e-03	2.86711195e-01	5.40632083e-02	2.18486116e-01
2265            	-1.99511331e-01	1.20679856e-03	2.86681501e-01	5.39644148e-02	2.18058820e-01
2266            	-1.99553942e-01	1.19711626e-03	2.86809436e-01	5.38674212e-02	2.17637150e-01
2267            	-1.99601085e-01	1.22112442e-03	2.86741901e-01	5.37956346e-02	2.17321536e-01
2268            	-1.99649691e-01	1.26666372e-03	2.86541785e-01	5.37492584e-02	2.17119587e-01
2269            	-1.99689422e-01	1.26007164e-03	2.86648278e-01	5.37335451e-02	2.17051439e-01
2270            	-1.99715004e-01	1.18530961e-03	2.87153825e-01	5.37543671e-02	2.17137230e-01
2271            	-1.99726428e-01	1.09116509e-03	2.87756106e-01	5.38142028e-02	2.17389527e-01
2272            	-1.99726014e-01	1.01724600e-03	2.88213263e-01	5.39053043e-02	2.17777759e-01
2273            	-1.99710882e-01	9.44561091e-04	2.88639301e-01	5.40068804e-02	2.18214349e-01
2274            	-1.99681242e-01	8.26347636e-04	2.89325558e-01	5.41046769e-02	2.18636078e-01
2275            	-1.99641735e-01	6.83309834e-04	2.90151764e-01	5.42005678e-02	2.19046160e-01
2276            	-1.99601735e-01	5.79257148e-04	2.90736693e-01	5.42905137e-02	2.19429105e-01
2277            	-1.99565294e-01	5.74637655e-04	2.90712732e-01	5.43607505e-02	2.19734049e-01
2278            	-1.99534220e-01	6.24893414e-04	2.90356563e-01	5.44003607e-02	2.19913080e-01
2279            	-1.99507178e-01	7.05713363e-04	2.89816750e-01	5.44135431e-02	2.19981083e-01
2280            	-1.99483321e-01	7.93151117e-04	2.89239492e-01	5.44001331e-02	2.19934392e-01
2281            	-1.99465995e-01	8.70788614e-04	2.88730211e-01	5.43585447e-02	2.19763948e-01
2282            	-1.99457583e-01	9.56070182e-04	2.88183272e-01	5.42952365e-02	2.19499291e-01
2283            	-1.99457742e-01	1.04835188e-03	2.87601017e-01	5.42243966e-02	2.19201489e-01
2284            	-1.99467590e-01	1.13730895e-03	2.87052756e-01	5.41468291e-02	2.18870909e-01
2285            	-1.99485200e-01	1.25873752e-03	2.86318129e-01	5.40605698e-02	2.18503474e-01
2286            	-1.99508254e-01	1.36157021e-03	2.85712463e-01	5.39644916e-02	2.18092050e-01
2287            	-1.99531501e-01	1.42800724e-03	2.85338971e-01	5.38754309e-02	2.17705812e-01
2288            	-1.99560709e-01	1.46124529e-03	2.85186115e-01	5.38064789e-02	2.17399415e-01
2289            	-1.99598913e-01	1.49726896e-03	2.85033189e-01	5.37647729e-02	2.17208535e-01
2290            	-1.99644623e-01	1.52049553e-03	2.84967158e-01	5.37475370e-02	2.17128404e-01
2291            	-1.99681430e-01	1.47178687e-03	2.85327699e-01	5.37631711e-02	2.17192639e-01
2292            	-1.99699546e-01	1.35265173e-03	2.86093263e-01	5.38170899e-02	2.17420091e-01
2293            	-1.99701551e-01	1.21911592e-03	2.86923556e-01	5.39011542e-02	2.17775417e-01
2294            	-1.99696936e-01	1.11449163e-03	2.87564583e-01	5.39851021e-02	2.18134831e-01
2295            	-1.99682838e-01	1.01417201e-03	2.88165581e-01	5.40615153e-02	2.18466135e-01
2296            	-1.99657180e-01	8.50324859e-04	2.89142405e-01	5.41359886e-02	2.18787604e-01
2297            	-1.99622854e-01	6.67330493e-04	2.90223680e-01	5.42141886e-02	2.19120840e-01
2298            	-1.99590278e-01	5.43997224e-04	2.90937744e-01	5.42791735e-02	2.19397930e-01
2299            	-1.99561148e-01	5.21711891e-04	2.91031940e-01	5.43232979e-02	2.19591446e-01
2300            	-1.99535345e-01	5.80750438e-04	2.90628370e-01	5.43431672e-02	2.19686380e-01
2301            	-1.99512573e-01	6.72959365e-04	2.90023645e-01	5.43412853e-02	2.19688493e-01
2302            	-1.99495206e-01	7.76211874e-04	2.89356291e-01	5.43162702e-02	2.19589773e-01
2303            	-1.99481809e-01	8.69646875e-04	2.88750889e-01	5.42735476e-02	2.19413605e-01
2304            	-1.99476212e-01	9.81987162e-04	2.88036041e-01	5.42175349e-02	2.19181206e-01
2305            	-1.99478086e-01	1.11987748e-03	2.87172713e-01	5.41477144e-02	2.18889913e-01
2306            	-1.99484528e-01	1.28050422e-03	2.86177742e-01	5.40692034e-02	2.18559365e-01
2307            	-1.99495717e-01	1.45115341e-03	2.85133862e-01	5.39854347e-02	2.18202601e-01
2308            	-1.99508805e-01	1.57861883e-03	2.84367501e-01	5.39110657e-02	2.17879649e-01
2309            	-1.99527699e-01	1.63738075e-03	2.84040167e-01	5.38558586e-02	2.17630890e-01
2310            	-1.99559070e-01	1.65377939e-03	2.83996707e-01	5.38156572e-02	2.17443065e-01
2311            	-1.99600970e-01	1.65807140e-03	2.84041934e-01	5.37897894e-02	2.17320751e-01
2312            	-1.99639702e-01	1.62972477e-03	2.84280826e-01	5.37912650e-02	2.17321835e-01
2313            	-1.99664468e-01	1.54059744e-03	2.84873686e-01	5.38237458e-02	2.17457708e-01
2314            	-1.99676162e-01	1.39181904e-03	2.85815749e-01	5.38810594e-02	2.17698978e-01
2315            	-1.99678689e-01	1.22699707e-03	2.86841579e-01	5.39496679e-02	2.17990169e-01
2316            	-1.99677474e-01	1.07905476e-03	2.87754495e-01	5.40104136e-02	2.18253531e-01
2317            	-1.99664839e-01	9.16941918e-04	2.88738552e-01	5.40734501e-02	2.18527987e-01
2318            	-1.99639697e-01	6.99144742e-04	2.90048114e-01	5.41404464e-02	2.18815025e-01
2319            	-1.99609126e-01	5.02592216e-04	2.91217373e-01	5.42087178e-02	2.19103246e-01
2320            	-1.99583174e-01	3.92068664e-04	2.91861584e-01	5.42614660e-02	2.19324966e-01
2321            	-1.99560964e-01	3.85254005e-04	2.91869216e-01	5.42922383e-02	2.19458113e-01
2322            	-1.99539921e-01	4.73821737e-04	2.91287126e-01	5.43088184e-02	2.19537798e-01
2323            	-1.99520415e-01	6.05478712e-04	2.90439441e-01	5.43068727e-02	2.19540094e-01
2324            	-1.99506142e-01	7.53690309e-04	2.89495707e-01	5.42839363e-02	2.19450500e-01
2325            	-1.99495737e-01	9.08274548e-04	2.88515875e-01	5.42365006e-02	2.19255892e-01
2326            	-1.99487888e-01	1.08390782e-03	2.87407070e-01	5.41745497e-02	2.19000704e-01
2327            	-1.99483466e-01	1.26777103e-03	2.86253251e-01	5.41065907e-02	2.18716876e-01
2328            	-1.99483589e-01	1.44906836e-03	2.85125662e-01	5.40456229e-02	2.18456420e-01
2329            	-1.99491776e-01	1.60236583e-03	2.84189057e-01	5.39790519e-02	2.18167131e-01
2330            	-1.99503676e-01	1.70990370e-03	2.83545417e-01	5.39190670e-02	2.17903991e-01
2331            	-1.99522589e-01	1.75613198e-03	2.83295236e-01	5.38746640e-02	2.17703336e-01
2332            	-1.99550155e-01	1.76961273e-03	2.83264388e-01	5.38472654e-02	2.17574479e-01
2333            	-1.99587667e-01	1.71958926e-03	2.83637845e-01	5.38284794e-02	2.17482851e-01
2334            	-1.99621599e-01	1.58184412e-03	2.84545338e-01	5.38256780e-02	2.17461989e-01
2335            	-1.99643350e-01	1.38526680e-03	2.85796629e-01	5.38503338e-02	2.17562361e-01
2336            	-1.99653031e-01	1.18961928e-03	2.87024230e-01	5.39050905e-02	2.17797165e-01
2337            	-1.99656736e-01	1.03246507e-03	2.88004016e-01	5.39756798e-02	2.18103026e-01
2338            	-1.99661809e-01	8.69640861e-04	2.89018491e-01	5.40358779e-02	2.18363597e-01
2339            	-1.99659430e-01	6.29341715e-04	2.90500667e-01	5.40865071e-02	2.18575724e-01
2340            	-1.99645183e-01	3.56081134e-04	2.92167929e-01	5.41388342e-02	2.18789538e-01
2341            	-1.99621631e-01	1.73422189e-04	2.93259678e-01	5.41984137e-02	2.19035161e-01
2342            	-1.99597784e-01	1.53860620e-04	2.93342729e-01	5.42546865e-02	2.19273528e-01
2343            	-1.99577373e-01	2.60792814e-04	2.92648936e-01	5.42903527e-02	2.19430521e-01
2344            	-1.99559011e-01	4.35371557e-04	2.91539835e-01	5.43025758e-02	2.19491498e-01
2345            	-1.99540307e-01	6.26245852e-04	2.90328851e-01	5.42905729e-02	2.19448906e-01
2346            	-1.99520143e-01	8.08974999e-04	2.89164723e-01	5.42597996e-02	2.19324115e-01
2347            	-1.99500794e-01	9.90662060e-04	2.88006257e-01	5.42162175e-02	2.19143975e-01
2348            	-1.99485817e-01	1.16980635e-03	2.86867218e-01	5.41664687e-02	2.18937195e-01
2349            	-1.99474026e-01	1.35007330e-03	2.85725670e-01	5.41165114e-02	2.18728321e-01
2350            	-1.99466950e-01	1.53856530e-03	2.84543031e-01	5.40714450e-02	2.18538553e-01
2351            	-1.99467697e-01	1.67475883e-03	2.83700020e-01	5.40224280e-02	2.18327050e-01
2352            	-1.99476097e-01	1.72279316e-03	2.83418044e-01	5.39747559e-02	2.18115334e-01
2353            	-1.99495979e-01	1.67470227e-03	2.83752203e-01	5.39313160e-02	2.17915919e-01
2354            	-1.99526817e-01	1.57898362e-03	2.84400778e-01	5.38975990e-02	2.17758305e-01
2355            	-1.99563944e-01	1.46015376e-03	2.85197938e-01	5.38792417e-02	2.17674080e-01
2356            	-1.99596800e-01	1.28058821e-03	2.86361512e-01	5.38855710e-02	2.17698752e-01
2357            	-1.99624958e-01	1.05585450e-03	2.87798118e-01	5.39150416e-02	2.17820329e-01
2358            	-1.99649542e-01	8.14146906e-04	2.89334570e-01	5.39612716e-02	2.18010814e-01
2359            	-1.99669504e-01	6.13678350e-04	2.90606802e-01	5.40130189e-02	2.18227116e-01
2360            	-1.99685217e-01	4.40700183e-04	2.91697623e-01	5.40534281e-02	2.18398914e-01
2361            	-1.99687864e-01	2.44544196e-04	2.92911259e-01	5.40878599e-02	2.18542433e-01
2362            	-1.99675291e-01	9.82870030e-05	2.93796277e-01	5.41297461e-02	2.18714519e-01
2363            	-1.99652845e-01	8.03064241e-05	2.93876403e-01	5.41748274e-02	2.18902024e-01
2364            	-1.99626206e-01	1.93956095e-04	2.93137178e-01	5.42182477e-02	2.19088026e-01
2365            	-1.99596079e-01	3.77184569e-04	2.91960766e-01	5.42520410e-02	2.19238527e-01
2366            	-1.99564685e-01	5.84569207e-04	2.90631122e-01	5.42697740e-02	2.19323538e-01
2367            	-1.99535234e-01	7.72668483e-04	2.89420283e-01	5.42677560e-02	2.19323861e-01
2368            	-1.99506612e-01	9.46215855e-04	2.88298031e-01	5.42562599e-02	2.19282902e-01
2369            	-1.99479546e-01	1.12269079e-03	2.87157893e-01	5.42359857e-02	2.19206404e-01
2370            	-1.99455836e-01	1.27557174e-03	2.86165960e-01	5.42089241e-02	2.19100070e-01
2371            	-1.99437875e-01	1.38845664e-03	2.85429993e-01	5.41720133e-02	2.18947974e-01
2372            	-1.99429087e-01	1.47340048e-03	2.84883659e-01	5.41324441e-02	2.18780224e-01
2373            	-1.99435146e-01	1.49935392e-03	2.84730201e-01	5.40811817e-02	2.18556543e-01
2374            	-1.99450400e-01	1.48143995e-03	2.84867723e-01	5.40303589e-02	2.18333330e-01
2375            	-1.99474740e-01	1.38624763e-03	2.85502534e-01	5.39958254e-02	2.18173130e-01
2376            	-1.99514392e-01	1.25150226e-03	2.86409723e-01	5.39771251e-02	2.18075086e-01
2377            	-1.99569785e-01	1.08941311e-03	2.87505609e-01	5.39487389e-02	2.17938849e-01
2378            	-1.99619909e-01	8.87994561e-04	2.88831032e-01	5.39294778e-02	2.17848306e-01
2379            	-1.99654733e-01	6.85867347e-04	2.90135650e-01	5.39356897e-02	2.17871379e-01
2380            	-1.99683774e-01	5.20733087e-04	2.91203457e-01	5.39573578e-02	2.17961576e-01
2381            	-1.99707918e-01	4.39735935e-04	2.91743715e-01	5.39839138e-02	2.18074183e-01
2382            	-1.99721876e-01	4.13730547e-04	2.91927733e-01	5.40002760e-02	2.18146953e-01
2383            	-1.99715225e-01	3.53102880e-04	2.92294892e-01	5.40223493e-02	2.18242157e-01
2384            	-1.99688755e-01	2.90246378e-04	2.92646445e-01	5.40725532e-02	2.18452649e-01
2385            	-1.99653065e-01	2.93485347e-04	2.92574413e-01	5.41402765e-02	2.18737361e-01
2386            	-1.99615564e-01	3.99991086e-04	2.91859611e-01	5.42097286e-02	2.19036203e-01
2387            	-1.99577720e-01	5.66129056e-04	2.90773154e-01	5.42700045e-02	2.19304532e-01
2388            	-1.99538712e-01	7.46685001e-04	2.89594144e-01	5.43201228e-02	2.19534679e-01
2389            	-1.99500970e-01	9.00464923e-04	2.88581712e-01	5.43478397e-02	2.19668177e-01
2390            	-1.99467655e-01	1.02683557e-03	2.87745457e-01	5.43538163e-02	2.19704979e-01
2391            	-1.99441725e-01	1.12741363e-03	2.87078463e-01	5.43324217e-02	2.19623046e-01
2392            	-1.99426597e-01	1.18527687e-03	2.86689066e-01	5.42908982e-02	2.19451786e-01
2393            	-1.99419887e-01	1.21207746e-03	2.86504921e-01	5.42366934e-02	2.19222371e-01
2394            	-1.99420330e-01	1.24774333e-03	2.86280733e-01	5.41842335e-02	2.18997135e-01
2395            	-1.99433793e-01	1.24919454e-03	2.86292660e-01	5.41307166e-02	2.18760490e-01
2396            	-1.99463511e-01	1.20614883e-03	2.86609037e-01	5.40628034e-02	2.18458423e-01
2397            	-1.99502974e-01	1.10894144e-03	2.87277578e-01	5.39963402e-02	2.18160756e-01
2398            	-1.99553364e-01	1.01722752e-03	2.87930177e-01	5.39429370e-02	2.17919679e-01
2399            	-1.99614758e-01	9.36978701e-04	2.88523880e-01	5.38868210e-02	2.17672649e-01
2400            	-1.99671337e-01	8.61347619e-04	2.89079789e-01	5.38341198e-02	2.17446586e-01
2401            	-1.99707371e-01	7.99925132e-04	2.89519309e-01	5.38112966e-02	2.17351394e-01
2402            	-1.99725183e-01	7.46258432e-04	2.89884268e-01	5.38312796e-02	2.17437295e-01
2403            	-1.99731491e-01	7.19818012e-04	2.90061476e-01	5.38852434e-02	2.17667179e-01
2404            	-1.99730142e-01	6.94639897e-04	2.90216067e-01	5.39453393e-02	2.17923637e-01
2405            	-1.99712372e-01	6.33486236e-04	2.90567322e-01	5.40109475e-02	2.18204532e-01
2406            	-1.99677879e-01	5.38802165e-04	2.91099851e-01	5.40977828e-02	2.18574785e-01
2407            	-1.99633419e-01	4.85433004e-04	2.91361444e-01	5.42035084e-02	2.19026161e-01
2408            	-1.99588835e-01	5.31916824e-04	2.91006601e-01	5.43075352e-02	2.19475966e-01
2409            	-1.99547125e-01	6.45373360e-04	2.90242636e-01	5.43900271e-02	2.19839181e-01
2410            	-1.99510300e-01	7.69543020e-04	2.89420088e-01	5.44413133e-02	2.20070698e-01
2411            	-1.99478983e-01	8.57680905e-04	2.88827461e-01	5.44546850e-02	2.20137730e-01
2412            	-1.99455487e-01	9.03887984e-04	2.88504094e-01	5.44317581e-02	2.20046253e-01
2413            	-1.99438047e-01	9.52680691e-04	2.88171410e-01	5.43818786e-02	2.19840444e-01
2414            	-1.99428219e-01	1.02522688e-03	2.87700929e-01	5.43219474e-02	2.19591903e-01
2415            	-1.99430198e-01	1.07700273e-03	2.87375692e-01	5.42513291e-02	2.19291025e-01
2416            	-1.99443479e-01	1.13870157e-03	2.87007466e-01	5.41708005e-02	2.18944644e-01
2417            	-1.99467070e-01	1.16999971e-03	2.86844982e-01	5.40839047e-02	2.18567516e-01
2418            	-1.99500668e-01	1.17201028e-03	2.86882252e-01	5.39915161e-02	2.18166136e-01
2419            	-1.99541880e-01	1.14880680e-03	2.87090857e-01	5.38982667e-02	2.17761216e-01
2420            	-1.99592863e-01	1.16062119e-03	2.87103884e-01	5.38182387e-02	2.17411190e-01
2421            	-1.99645661e-01	1.19662789e-03	2.86968302e-01	5.37594042e-02	2.17156475e-01
2422            	-1.99687763e-01	1.19396448e-03	2.87053907e-01	5.37320350e-02	2.17039880e-01
2423            	-1.99713727e-01	1.13384105e-03	2.87469888e-01	5.37444069e-02	2.17091734e-01
2424            	-1.99727525e-01	1.04990619e-03	2.88013175e-01	5.37963728e-02	2.17310959e-01
2425            	-1.99729476e-01	9.86937129e-04	2.88406645e-01	5.38832735e-02	2.17680873e-01
2426            	-1.99718568e-01	9.22480957e-04	2.88788155e-01	5.39827412e-02	2.18107648e-01
2427            	-1.99690888e-01	8.07808505e-04	2.89454996e-01	5.40806102e-02	2.18528796e-01
2428            	-1.99651915e-01	6.69718916e-04	2.90250643e-01	5.41778697e-02	2.18945470e-01
2429            	-1.99609809e-01	5.74339152e-04	2.90778515e-01	5.42746269e-02	2.19357893e-01
2430            	-1.99571541e-01	5.74457125e-04	2.90722447e-01	5.43564281e-02	2.19711795e-01
2431            	-1.99537894e-01	6.35753817e-04	2.90294262e-01	5.44054977e-02	2.19931782e-01
2432            	-1.99509601e-01	7.16584924e-04	2.89752536e-01	5.44244395e-02	2.20024590e-01
2433            	-1.99484462e-01	7.96951872e-04	2.89217273e-01	5.44117196e-02	2.19981182e-01
2434            	-1.99464832e-01	8.76153137e-04	2.88695547e-01	5.43727333e-02	2.19823151e-01
2435            	-1.99453250e-01	9.55130360e-04	2.88183568e-01	5.43123764e-02	2.19571503e-01
2436            	-1.99451836e-01	1.04555505e-03	2.87611325e-01	5.42424539e-02	2.19278147e-01
2437            	-1.99459464e-01	1.13080575e-03	2.87083198e-01	5.41691173e-02	2.18965421e-01
2438            	-1.99477837e-01	1.23695692e-03	2.86444554e-01	5.40837316e-02	2.18599557e-01
2439            	-1.99502419e-01	1.32824470e-03	2.85911506e-01	5.39892885e-02	2.18194449e-01
2440            	-1.99530018e-01	1.38686133e-03	2.85591521e-01	5.38947768e-02	2.17785293e-01
2441            	-1.99560182e-01	1.41143315e-03	2.85492278e-01	5.38203362e-02	2.17456211e-01
2442            	-1.99598068e-01	1.45020367e-03	2.85321800e-01	5.37740009e-02	2.17245957e-01
2443            	-1.99643809e-01	1.48877307e-03	2.85161599e-01	5.37499703e-02	2.17137271e-01
2444            	-1.99683544e-01	1.44793311e-03	2.85478399e-01	5.37576016e-02	2.17166480e-01
2445            	-1.99705081e-01	1.33231284e-03	2.86227439e-01	5.38026575e-02	2.17355276e-01
2446            	-1.99709491e-01	1.20457808e-03	2.87025465e-01	5.38830886e-02	2.17694965e-01
2447            	-1.99703884e-01	1.10359548e-03	2.87642470e-01	5.39721529e-02	2.18075515e-01
2448            	-1.99688186e-01	1.01243071e-03	2.88183879e-01	5.40556540e-02	2.18437259e-01
2449            	-1.99660619e-01	8.57622707e-04	2.89101591e-01	5.41366028e-02	2.18786260e-01
2450            	-1.99624928e-01	6.83267325e-04	2.90127569e-01	5.42187849e-02	2.19137125e-01
2451            	-1.99589871e-01	5.60969301e-04	2.90831824e-01	5.42871788e-02	2.19428915e-01
2452            	-1.99560560e-01	5.37584261e-04	2.90933249e-01	5.43313542e-02	2.19622723e-01
2453            	-1.99533964e-01	5.92482851e-04	2.90554318e-01	5.43500940e-02	2.19713717e-01
2454            	-1.99510621e-01	6.84445356e-04	2.89950427e-01	5.43478498e-02	2.19716027e-01
2455            	-1.99492234e-01	7.82649407e-04	2.89313655e-01	5.43231383e-02	2.19619122e-01
2456            	-1.99478992e-01	8.73692818e-04	2.88724264e-01	5.42785892e-02	2.19435671e-01
2457            	-1.99473538e-01	9.81031415e-04	2.88041297e-01	5.42208045e-02	2.19195597e-01
2458            	-1.99476861e-01	1.10115273e-03	2.87290016e-01	5.41508089e-02	2.18902151e-01
2459            	-1.99485268e-01	1.24300482e-03	2.86413462e-01	5.40727085e-02	2.18572427e-01
2460            	-1.99498617e-01	1.41202535e-03	2.85381564e-01	5.39876308e-02	2.18211455e-01
2461            	-1.99512958e-01	1.54286326e-03	2.84594871e-01	5.39081351e-02	2.17868422e-01
2462            	-1.99530816e-01	1.60875200e-03	2.84220965e-01	5.38476584e-02	2.17599001e-01
2463            	-1.99560610e-01	1.62515215e-03	2.84174841e-01	5.38044216e-02	2.17397947e-01
2464            	-1.99601965e-01	1.62927147e-03	2.84221314e-01	5.37764684e-02	2.17265048e-01
2465            	-1.99641552e-01	1.62093979e-03	2.84338543e-01	5.37757642e-02	2.17256947e-01
2466            	-1.99667809e-01	1.54860449e-03	2.84829236e-01	5.38080262e-02	2.17393055e-01
2467            	-1.99679936e-01	1.40912279e-03	2.85713807e-01	5.38681492e-02	2.17646265e-01
2468            	-1.99682876e-01	1.24743749e-03	2.86720838e-01	5.39417300e-02	2.17957041e-01
2469            	-1.99680623e-01	1.10719572e-03	2.87585478e-01	5.40076618e-02	2.18241000e-01
2470            	-1.99667586e-01	9.54665494e-04	2.88510145e-01	5.40753371e-02	2.18534353e-01
2471            	-1.99641992e-01	7.47786356e-04	2.89751916e-01	5.41450647e-02	2.18833488e-01
2472            	-1.99611210e-01	5.52920973e-04	2.90910656e-01	5.42172168e-02	2.19138906e-01
2473            	-1.99582973e-01	4.40022710e-04	2.91565913e-01	5.42739793e-02	2.19379172e-01
2474            	-1.99559709e-01	4.21244028e-04	2.91646356e-01	5.43080543e-02	2.19526055e-01
2475            	-1.99538996e-01	4.92036307e-04	2.91176242e-01	5.43215039e-02	2.19590394e-01
2476            	-1.99519306e-01	6.09657785e-04	2.90415848e-01	5.43183820e-02	2.19587293e-01
2477            	-1.99503304e-01	7.48677806e-04	2.89526353e-01	5.42975339e-02	2.19507407e-01
2478            	-1.99492804e-01	8.86154138e-04	2.88652053e-01	5.42524952e-02	2.19322248e-01
2479            	-1.99486223e-01	1.04731136e-03	2.87634378e-01	5.41898287e-02	2.19063375e-01
2480            	-1.99482427e-01	1.22826893e-03	2.86498377e-01	5.41180336e-02	2.18764805e-01
2481            	-1.99481562e-01	1.41756107e-03	2.85319274e-01	5.40532137e-02	2.18490196e-01
2482            	-1.99489313e-01	1.57491197e-03	2.84356118e-01	5.39851805e-02	2.18195802e-01
2483            	-1.99501872e-01	1.67867725e-03	2.83736627e-01	5.39215245e-02	2.17916178e-01
2484            	-1.99521257e-01	1.73201099e-03	2.83443439e-01	5.38719299e-02	2.17693348e-01
2485            	-1.99550709e-01	1.75443989e-03	2.83359924e-01	5.38367540e-02	2.17531437e-01
2486            	-1.99589486e-01	1.73233597e-03	2.83562549e-01	5.38135266e-02	2.17423315e-01
2487            	-1.99624608e-01	1.62470840e-03	2.84286031e-01	5.38086495e-02	2.17394941e-01
2488            	-1.99647742e-01	1.45055938e-03	2.85401461e-01	5.38315812e-02	2.17487837e-01
2489            	-1.99658877e-01	1.24867758e-03	2.86669865e-01	5.38838085e-02	2.17709208e-01
2490            	-1.99663161e-01	1.08497303e-03	2.87690771e-01	5.39527915e-02	2.18007293e-01
2491            	-1.99665642e-01	9.35191116e-04	2.88620347e-01	5.40146269e-02	2.18277320e-01
2492            	-1.99660024e-01	7.26697150e-04	2.89901432e-01	5.40723503e-02	2.18523984e-01
2493            	-1.99643735e-01	4.57156531e-04	2.91543716e-01	5.41305827e-02	2.18763872e-01
2494            	-1.99620981e-01	2.49048476e-04	2.92794860e-01	5.41905711e-02	2.19009687e-01
2495            	-1.99596270e-01	1.92334563e-04	2.93105990e-01	5.42448712e-02	2.19238850e-01
2496            	-1.99573877e-01	2.72372358e-04	2.92574480e-01	5.42830241e-02	2.19407286e-01
2497            	-1.99555027e-01	4.29588851e-04	2.91571215e-01	5.42991270e-02	2.19485190e-01
2498            	-1.99537244e-01	6.08717897e-04	2.90433467e-01	5.42915500e-02	2.19461777e-01
2499            	-1.99518691e-01	7.90918729e-04	2.89274472e-01	5.42642570e-02	2.19352403e-01
2500            	-1.99501352e-01	9.73812670e-04	2.88111442e-01	5.42210030e-02	2.19173528e-01
2501            	-1.99487049e-01	1.15434358e-03	2.86965105e-01	5.41721606e-02	2.18970084e-01
2502            	-1.99477135e-01	1.32699135e-03	2.85873734e-01	5.41191977e-02	2.18746759e-01
2503            	-1.99471423e-01	1.51365719e-03	2.84704808e-01	5.40734949e-02	2.18552088e-01
2504            	-1.99474223e-01	1.66334717e-03	2.83781982e-01	5.40221471e-02	2.18330050e-01
2505            	-1.99482596e-01	1.74523571e-03	2.83291064e-01	5.39733711e-02	2.18115410e-01
2506            	-1.99501410e-01	1.72692421e-03	2.83439546e-01	5.39322526e-02	2.17926199e-01
2507            	-1.99531288e-01	1.64467392e-03	2.84003294e-01	5.38979830e-02	2.17764690e-01
2508            	-1.99569652e-01	1.51734697e-03	2.84854598e-01	5.38741638e-02	2.17653614e-01
2509            	-1.99601183e-01	1.34659732e-03	2.85961524e-01	5.38754352e-02	2.17657002e-01
2510            	-1.99623657e-01	1.14809487e-03	2.87226670e-01	5.39080279e-02	2.17796061e-01
2511            	-1.99643947e-01	9.19625958e-04	2.88674416e-01	5.39581374e-02	2.18005966e-01
2512            	-1.99662291e-01	7.12325643e-04	2.89986784e-01	5.40151297e-02	2.18244280e-01
2513            	-1.99677079e-01	5.14473026e-04	2.91230811e-01	5.40567655e-02	2.18419390e-01
2514            	-1.99678525e-01	2.93281560e-04	2.92597102e-01	5.40932965e-02	2.18572277e-01
2515            	-1.99665213e-01	1.12343576e-04	2.93694049e-01	5.41401045e-02	2.18765409e-01
2516            	-1.99644299e-01	5.72648895e-05	2.94003462e-01	5.41874536e-02	2.18962078e-01
2517            	-1.99620476e-01	1.53035926e-04	2.93377970e-01	5.42282974e-02	2.19136575e-01
2518            	-1.99595932e-01	3.38069714e-04	2.92198935e-01	5.42528236e-02	2.19248091e-01
2519            	-1.99568676e-01	5.47415439e-04	2.90863987e-01	5.42625274e-02	2.19299311e-01
2520            	-1.99541839e-01	7.41472666e-04	2.89621701e-01	5.42543978e-02	2.19273121e-01
2521            	-1.99515340e-01	9.14605197e-04	2.88506019e-01	5.42351679e-02	2.19198051e-01
2522            	-1.99489884e-01	1.09482243e-03	2.87345295e-01	5.42117568e-02	2.19106854e-01
2523            	-1.99467554e-01	1.26852164e-03	2.86227163e-01	5.41827013e-02	2.18992082e-01
2524            	-1.99450150e-01	1.40308513e-03	2.85358148e-01	5.41478838e-02	2.18848301e-01
2525            	-1.99440426e-01	1.50996000e-03	2.84674786e-01	5.41082458e-02	2.18679794e-01
2526            	-1.99443325e-01	1.55334046e-03	2.84407775e-01	5.40600360e-02	2.18470239e-01
2527            	-1.99457054e-01	1.53662312e-03	2.84534735e-01	5.40081768e-02	2.18242270e-01
2528            	-1.99477856e-01	1.45953976e-03	2.85051287e-01	5.39719829e-02	2.18077778e-01
2529            	-1.99510256e-01	1.34512142e-03	2.85820394e-01	5.39574883e-02	2.18002129e-01
2530            	-1.99560454e-01	1.17915256e-03	2.86932304e-01	5.39412027e-02	2.17917251e-01
2531            	-1.99610431e-01	9.56900834e-04	2.88388490e-01	5.39282742e-02	2.17849049e-01
2532            	-1.99646017e-01	7.35896947e-04	2.89812521e-01	5.39388945e-02	2.17888566e-01
2533            	-1.99671009e-01	5.50654669e-04	2.90998713e-01	5.39752045e-02	2.18040849e-01
2534            	-1.99694461e-01	4.30989470e-04	2.91775443e-01	5.40170062e-02	2.18216957e-01
2535            	-1.99712433e-01	3.69522950e-04	2.92183181e-01	5.40381233e-02	2.18307931e-01
2536            	-1.99711894e-01	2.99695822e-04	2.92616564e-01	5.40532727e-02	2.18372842e-01
2537            	-1.99689333e-01	2.41015537e-04	2.92949236e-01	5.40922994e-02	2.18536384e-01
2538            	-1.99656300e-01	2.41534833e-04	2.92898994e-01	5.41518623e-02	2.18785551e-01
2539            	-1.99619238e-01	3.50765261e-04	2.92169209e-01	5.42156288e-02	2.19058713e-01
2540            	-1.99583229e-01	5.19620097e-04	2.91069372e-01	5.42683602e-02	2.19292168e-01
2541            	-1.99546675e-01	7.08177865e-04	2.89844966e-01	5.43078470e-02	2.19474902e-01
2542            	-1.99509983e-01	8.76635346e-04	2.88742726e-01	5.43309203e-02	2.19588495e-01
2543            	-1.99475325e-01	1.01555056e-03	2.87825267e-01	5.43376796e-02	2.19629678e-01
2544            	-1.99446283e-01	1.13731164e-03	2.87021521e-01	5.43209240e-02	2.19569424e-01
2545            	-1.99426335e-01	1.22539695e-03	2.86437427e-01	5.42853793e-02	2.19426704e-01
2546            	-1.99417357e-01	1.25911899e-03	2.86205961e-01	5.42325142e-02	2.19203872e-01
2547            	-1.99416571e-01	1.29626614e-03	2.85969843e-01	5.41779192e-02	2.18970490e-01
2548            	-1.99427524e-01	1.30548337e-03	2.85929664e-01	5.41241014e-02	2.18735016e-01
2549            	-1.99454096e-01	1.25810065e-03	2.86268423e-01	5.40634877e-02	2.18464458e-01
2550            	-1.99493961e-01	1.15105346e-03	2.87000099e-01	5.39979497e-02	2.18169448e-01
2551            	-1.99543676e-01	1.04283951e-03	2.87754563e-01	5.39464645e-02	2.17936249e-01
2552            	-1.99603127e-01	9.43158810e-04	2.88466011e-01	5.38992236e-02	2.17726318e-01
2553            	-1.99661506e-01	8.32824401e-04	2.89239239e-01	5.38524709e-02	2.17523158e-01
2554            	-1.99703604e-01	7.43529679e-04	2.89859462e-01	5.38242107e-02	2.17403770e-01
2555            	-1.99725709e-01	6.81427625e-04	2.90282618e-01	5.38345003e-02	2.17449273e-01
2556            	-1.99734683e-01	6.60219800e-04	2.90432321e-01	5.38806448e-02	2.17646538e-01
2557            	-1.99733899e-01	6.41301220e-04	2.90549757e-01	5.39345783e-02	2.17877095e-01
2558            	-1.99718347e-01	5.83521323e-04	2.90884245e-01	5.39909386e-02	2.18117378e-01
2559            	-1.99684813e-01	5.00745260e-04	2.91345230e-01	5.40686082e-02	2.18447236e-01
2560            	-1.99642249e-01	4.59272249e-04	2.91535784e-01	5.41676410e-02	2.18869453e-01
2561            	-1.99596461e-01	5.19258159e-04	2.91094882e-01	5.42731182e-02	2.19326120e-01
2562            	-1.99553412e-01	6.43408791e-04	2.90261802e-01	5.43611032e-02	2.19713730e-01
2563            	-1.99513633e-01	7.77457493e-04	2.89373203e-01	5.44217278e-02	2.19984892e-01
2564            	-1.99479485e-01	8.82726200e-04	2.88670237e-01	5.44461860e-02	2.20099652e-01
2565            	-1.99453375e-01	9.37758766e-04	2.88288523e-01	5.44346485e-02	2.20055815e-01
2566            	-1.99436171e-01	9.72699934e-04	2.88041954e-01	5.43927662e-02	2.19881605e-01
2567            	-1.99425095e-01	1.03466320e-03	2.87635031e-01	5.43399145e-02	2.19662707e-01
2568            	-1.99423480e-01	1.07981417e-03	2.87345610e-01	5.42794017e-02	2.19405520e-01
2569            	-1.99434588e-01	1.13344072e-03	2.87025458e-01	5.42047434e-02	2.19083365e-01
2570            	-1.99458203e-01	1.15994471e-03	2.86894007e-01	5.41185859e-02	2.18708655e-01
2571            	-1.99491194e-01	1.14873635e-03	2.87012987e-01	5.40306344e-02	2.18324505e-01
2572            	-1.99532659e-01	1.09915256e-03	2.87385308e-01	5.39413529e-02	2.17934185e-01
2573            	-1.99584890e-01	1.09463760e-03	2.87500124e-01	5.38594223e-02	2.17577137e-01
2574            	-1.99640806e-01	1.11555869e-03	2.87461470e-01	5.37937646e-02	2.17293516e-01
2575            	-1.99684930e-01	1.11377245e-03	2.87544683e-01	5.37563350e-02	2.17134452e-01
2576            	-1.99711429e-01	1.06827793e-03	2.87872150e-01	5.37594796e-02	2.17148158e-01
2577            	-1.99725110e-01	9.89603543e-04	2.88383364e-01	5.38027917e-02	2.17330980e-01
2578            	-1.99728555e-01	9.43534849e-04	2.88674873e-01	5.38777548e-02	2.17651467e-01
2579            	-1.99720309e-01	8.89362359e-04	2.88996428e-01	5.39672578e-02	2.18036049e-01
2580            	-1.99695682e-01	7.78729291e-04	2.89642285e-01	5.40607324e-02	2.18438195e-01
2581            	-1.99657012e-01	6.46718764e-04	2.90400016e-01	5.41561192e-02	2.18847814e-01
2582            	-1.99615193e-01	5.64242414e-04	2.90848289e-01	5.42530291e-02	2.19261903e-01
2583            	-1.99576616e-01	5.72961189e-04	2.90738474e-01	5.43385188e-02	2.19631579e-01
2584            	-1.99542515e-01	6.43702511e-04	2.90251101e-01	5.43952649e-02	2.19884708e-01
2585            	-1.99512811e-01	7.26671978e-04	2.89694129e-01	5.44210722e-02	2.20007033e-01
2586            	-1.99487852e-01	7.97055156e-04	2.89220879e-01	5.44130046e-02	2.19982730e-01
2587            	-1.99467217e-01	8.73046447e-04	2.88717906e-01	5.43764703e-02	2.19835579e-01
2588            	-1.99453992e-01	9.49829988e-04	2.88217700e-01	5.43185652e-02	2.19595199e-01
2589            	-1.99451197e-01	1.03502633e-03	2.87676931e-01	5.42491443e-02	2.19303875e-01
2590            	-1.99457504e-01	1.11359624e-03	2.87188691e-01	5.41746537e-02	2.18986829e-01
2591            	-1.99472589e-01	1.21051848e-03	2.86602220e-01	5.40953174e-02	2.18646607e-01
2592            	-1.99497181e-01	1.28911207e-03	2.86147022e-01	5.40023673e-02	2.18247174e-01
2593            	-1.99527297e-01	1.34165086e-03	2.85867111e-01	5.39026053e-02	2.17816646e-01
2594            	-1.99558406e-01	1.35766415e-03	2.85820746e-01	5.38249766e-02	2.17474677e-01
2595            	-1.99595582e-01	1.39657291e-03	2.85648257e-01	5.37766721e-02	2.17255825e-01
2596            	-1.99641249e-01	1.44588084e-03	2.85422211e-01	5.37505997e-02	2.17137680e-01
2597            	-1.99682296e-01	1.41370438e-03	2.85688349e-01	5.37552347e-02	2.17152539e-01
2598            	-1.99707254e-01	1.30796425e-03	2.86382315e-01	5.37957247e-02	2.17321036e-01
2599            	-1.99714700e-01	1.18344266e-03	2.87165152e-01	5.38733880e-02	2.17648615e-01
2600            	-1.99709777e-01	1.08877584e-03	2.87744123e-01	5.39702571e-02	2.18061684e-01
2601            	-1.99693721e-01	1.00046004e-03	2.88266843e-01	5.40615642e-02	2.18455101e-01
2602            	-1.99666498e-01	8.58646873e-04	2.89104504e-01	5.41464093e-02	2.18820536e-01
2603            	-1.99630308e-01	6.88986799e-04	2.90100894e-01	5.42295166e-02	2.19175586e-01
2604            	-1.99593855e-01	5.67862878e-04	2.90796174e-01	5.43019008e-02	2.19484611e-01
2605            	-1.99561910e-01	5.42997401e-04	2.90903253e-01	5.43516430e-02	2.19702284e-01
2606            	-1.99533451e-01	5.90911019e-04	2.90564842e-01	5.43758473e-02	2.19816335e-01
2607            	-1.99507418e-01	6.85692826e-04	2.89939689e-01	5.43768272e-02	2.19833900e-01
2608            	-1.99486698e-01	7.83110893e-04	2.89304747e-01	5.43536432e-02	2.19744796e-01
2609            	-1.99472954e-01	8.67673253e-04	2.88755949e-01	5.43044997e-02	2.19541742e-01
2610            	-1.99467206e-01	9.68620455e-04	2.88113054e-01	5.42406084e-02	2.19275981e-01
2611            	-1.99469779e-01	1.07787568e-03	2.87427492e-01	5.41690472e-02	2.18976490e-01
2612            	-1.99479883e-01	1.20697746e-03	2.86631405e-01	5.40888636e-02	2.18638237e-01
2613            	-1.99495745e-01	1.36896008e-03	2.85645263e-01	5.39987955e-02	2.18257205e-01
2614            	-1.99513707e-01	1.49395014e-03	2.84898447e-01	5.39088028e-02	2.17870312e-01
2615            	-1.99533588e-01	1.56736208e-03	2.84480297e-01	5.38356345e-02	2.17548388e-01
2616            	-1.99563808e-01	1.59494791e-03	2.84365524e-01	5.37848103e-02	2.17316128e-01
2617            	-1.99604429e-01	1.60478643e-03	2.84376299e-01	5.37547668e-02	2.17173899e-01
2618            	-1.99647412e-01	1.60515268e-03	2.84445468e-01	5.37496950e-02	2.17146497e-01
2619            	-1.99676330e-01	1.54097207e-03	2.84889276e-01	5.37780465e-02	2.17266194e-01
2620            	-1.99689470e-01	1.40697010e-03	2.85740462e-01	5.38394655e-02	2.17524818e-01
2621            	-1.99690837e-01	1.25920749e-03	2.86658998e-01	5.39170116e-02	2.17852665e-01
2622            	-1.99687495e-01	1.13244748e-03	2.87439370e-01	5.39884022e-02	2.18159727e-01
2623            	-1.99673129e-01	9.92065761e-04	2.88287445e-01	5.40587984e-02	2.18464516e-01
2624            	-1.99647123e-01	7.93092647e-04	2.89479925e-01	5.41318043e-02	2.18778144e-01
2625            	-1.99613983e-01	5.96150957e-04	2.90648135e-01	5.42099075e-02	2.19109201e-01
2626            	-1.99583422e-01	4.78282395e-04	2.91330666e-01	5.42738324e-02	2.19380643e-01
2627            	-1.99557501e-01	4.55777282e-04	2.91430598e-01	5.43151336e-02	2.19558981e-01
2628            	-1.99536388e-01	5.15236057e-04	2.91031135e-01	5.43341698e-02	2.19645943e-01
2629            	-1.99516602e-01	6.19292290e-04	2.90355601e-01	5.43338230e-02	2.19653288e-01
2630            	-1.99500350e-01	7.43878149e-04	2.89555576e-01	5.43160823e-02	2.19585581e-01
2631            	-1.99488821e-01	8.66101298e-04	2.88774078e-01	5.42771847e-02	2.19425480e-01
2632            	-1.99483754e-01	1.01558777e-03	2.87830793e-01	5.42179126e-02	2.19180172e-01
2633            	-1.99481808e-01	1.18816783e-03	2.86748432e-01	5.41441954e-02	2.18873835e-01
2634            	-1.99482779e-01	1.37649277e-03	2.85577335e-01	5.40724418e-02	2.18570519e-01
2635            	-1.99490148e-01	1.53997920e-03	2.84574711e-01	5.40004573e-02	2.18260642e-01
2636            	-1.99503078e-01	1.64712715e-03	2.83934594e-01	5.39343564e-02	2.17970349e-01
2637            	-1.99521597e-01	1.70361968e-03	2.83620510e-01	5.38833275e-02	2.17741017e-01
2638            	-1.99550824e-01	1.72975659e-03	2.83513490e-01	5.38454434e-02	2.17566995e-01
2639            	-1.99589740e-01	1.72093257e-03	2.83634034e-01	5.38186405e-02	2.17444044e-01
2640            	-1.99625147e-01	1.64457496e-03	2.84164830e-01	5.38131982e-02	2.17414975e-01
2641            	-1.99648440e-01	1.50130482e-03	2.85090245e-01	5.38338192e-02	2.17499245e-01
2642            	-1.99660429e-01	1.31127382e-03	2.86286963e-01	5.38814514e-02	2.17700666e-01
2643            	-1.99665184e-01	1.13640945e-03	2.87377239e-01	5.39452221e-02	2.17974992e-01
2644            	-1.99667141e-01	9.87500013e-04	2.88300115e-01	5.40026481e-02	2.18227232e-01
2645            	-1.99659173e-01	8.05482153e-04	2.89414005e-01	5.40602780e-02	2.18477723e-01
2646            	-1.99641851e-01	5.55338480e-04	2.90935453e-01	5.41178442e-02	2.18718545e-01
2647            	-1.99619763e-01	3.34323311e-04	2.92268401e-01	5.41763184e-02	2.18957890e-01
2648            	-1.99597419e-01	2.45677523e-04	2.92781112e-01	5.42259008e-02	2.19165453e-01
2649            	-1.99574317e-01	2.92606188e-04	2.92452790e-01	5.42630307e-02	2.19328974e-01
2650            	-1.99554447e-01	4.33371789e-04	2.91549294e-01	5.42840680e-02	2.19428311e-01
2651            	-1.99538004e-01	5.99428232e-04	2.90494196e-01	5.42790446e-02	2.19415581e-01
2652            	-1.99521496e-01	7.72521334e-04	2.89394017e-01	5.42532436e-02	2.19312797e-01
2653            	-1.99504963e-01	9.54267370e-04	2.88238269e-01	5.42083406e-02	2.19128815e-01
2654            	-1.99490818e-01	1.13980131e-03	2.87060902e-01	5.41586401e-02	2.18922915e-01
2655            	-1.99482030e-01	1.31447181e-03	2.85958869e-01	5.41040674e-02	2.18692596e-01
2656            	-1.99477544e-01	1.49635744e-03	2.84821420e-01	5.40551952e-02	2.18483199e-01
2657            	-1.99479802e-01	1.65460489e-03	2.83845031e-01	5.40028063e-02	2.18256472e-01
2658            	-1.99488228e-01	1.75003136e-03	2.83270773e-01	5.39561488e-02	2.18050527e-01
2659            	-1.99505213e-01	1.76524251e-03	2.83209566e-01	5.39207017e-02	2.17886664e-01
2660            	-1.99533647e-01	1.71285750e-03	2.83587052e-01	5.38947046e-02	2.17759520e-01
2661            	-1.99572119e-01	1.58818606e-03	2.84422325e-01	5.38749175e-02	2.17661317e-01
2662            	-1.99605686e-01	1.40811676e-03	2.85589911e-01	5.38742943e-02	2.17652494e-01
2663            	-1.99626380e-01	1.22270226e-03	2.86771464e-01	5.39047881e-02	2.17783556e-01
2664            	-1.99641243e-01	1.02344265e-03	2.88030320e-01	5.39604493e-02	2.18021660e-01
2665            	-1.99656223e-01	8.20737927e-04	2.89309542e-01	5.40239677e-02	2.18288799e-01
2666            	-1.99670823e-01	6.11722949e-04	2.90623230e-01	5.40711676e-02	2.18486289e-01
2667            	-1.99671391e-01	3.69768691e-04	2.92117390e-01	5.41098979e-02	2.18647291e-01
2668            	-1.99656861e-01	1.56336331e-04	2.93412650e-01	5.41571621e-02	2.18842898e-01
2669            	-1.99635842e-01	6.03773302e-05	2.93973326e-01	5.42092368e-02	2.19058811e-01
2670            	-1.99613067e-01	1.17888084e-04	2.93583872e-01	5.42529346e-02	2.19244662e-01
2671            	-1.99589984e-01	2.81307212e-04	2.92539458e-01	5.42775863e-02	2.19355748e-01
2672            	-1.99566058e-01	4.92642058e-04	2.91196881e-01	5.42826156e-02	2.19387787e-01
2673            	-1.99540316e-01	6.98758624e-04	2.89882188e-01	5.42688564e-02	2.19339320e-01
2674            	-1.99516705e-01	8.79881829e-04	2.88722743e-01	5.42391296e-02	2.19219449e-01
2675            	-1.99494662e-01	1.05943667e-03	2.87571839e-01	5.42025738e-02	2.19071236e-01
2676            	-1.99474548e-01	1.24441985e-03	2.86387239e-01	5.41658440e-02	2.18924161e-01
2677            	-1.99459092e-01	1.40398701e-03	2.85366787e-01	5.41256707e-02	2.18758767e-01
2678            	-1.99450253e-01	1.53866557e-03	2.84513077e-01	5.40847259e-02	2.18584905e-01
2679            	-1.99452592e-01	1.60570203e-03	2.84098754e-01	5.40348092e-02	2.18367814e-01
2680            	-1.99466905e-01	1.59326559e-03	2.84199363e-01	5.39789672e-02	2.18121627e-01
2681            	-1.99486992e-01	1.52249154e-03	2.84674584e-01	5.39372882e-02	2.17934589e-01
2682            	-1.99516709e-01	1.42716423e-03	2.85320654e-01	5.39178514e-02	2.17841118e-01
2683            	-1.99559646e-01	1.27978098e-03	2.86305428e-01	5.39098102e-02	2.17795458e-01
2684            	-1.99605753e-01	1.04898301e-03	2.87808374e-01	5.39075501e-02	2.17772560e-01
2685            	-1.99641553e-01	8.06438207e-04	2.89367599e-01	5.39221749e-02	2.17825689e-01
2686            	-1.99665690e-01	5.98614464e-04	2.90692712e-01	5.39605876e-02	2.17985968e-01
2687            	-1.99685174e-01	4.55099017e-04	2.91610544e-01	5.40137022e-02	2.18210681e-01
2688            	-1.99703447e-01	3.54662755e-04	2.92258164e-01	5.40478443e-02	2.18355325e-01
2689            	-1.99705817e-01	2.57153604e-04	2.92865957e-01	5.40672498e-02	2.18436786e-01
2690            	-1.99688072e-01	1.88891081e-04	2.93265519e-01	5.41021612e-02	2.18581682e-01
2691            	-1.99657515e-01	1.93163633e-04	2.93196945e-01	5.41574854e-02	2.18812824e-01
2692            	-1.99621989e-01	2.99229110e-04	2.92490209e-01	5.42207150e-02	2.19081781e-01
2693            	-1.99586001e-01	4.75061265e-04	2.91348530e-01	5.42721394e-02	2.19307658e-01
2694            	-1.99552024e-01	6.68649029e-04	2.90097596e-01	5.43073275e-02	2.19468792e-01
2695            	-1.99518225e-01	8.45469942e-04	2.88948443e-01	5.43247493e-02	2.19555613e-01
2696            	-1.99485359e-01	9.96197438e-04	2.87960097e-01	5.43286956e-02	2.19583984e-01
2697            	-1.99455486e-01	1.12885245e-03	2.87086387e-01	5.43145366e-02	2.19534998e-01
2698            	-1.99431977e-01	1.24421417e-03	2.86327550e-01	5.42839799e-02	2.19415575e-01
2699            	-1.99418250e-01	1.30030204e-03	2.85949802e-01	5.42393824e-02	2.19229666e-01
2700            	-1.99415178e-01	1.34370061e-03	2.85670414e-01	5.41879194e-02	2.19010189e-01
2701            	-1.99423370e-01	1.35898097e-03	2.85587821e-01	5.41329554e-02	2.18771044e-01
2702            	-1.99444595e-01	1.31711985e-03	2.85884168e-01	5.40791090e-02	2.18531176e-01
2703            	-1.99480182e-01	1.20282782e-03	2.86654889e-01	5.40235212e-02	2.18278238e-01
2704            	-1.99529458e-01	1.08385541e-03	2.87477076e-01	5.39727173e-02	2.18046967e-01
2705            	-1.99586672e-01	9.69358031e-04	2.88277785e-01	5.39291454e-02	2.17852766e-01
2706            	-1.99642640e-01	8.27241621e-04	2.89243244e-01	5.38900290e-02	2.17681691e-01
2707            	-1.99688159e-01	6.99099231e-04	2.90108040e-01	5.38601027e-02	2.17553153e-01
2708            	-1.99717993e-01	6.13367301e-04	2.90688182e-01	5.38579025e-02	2.17544956e-01
2709            	-1.99732515e-01	5.91474720e-04	2.90850124e-01	5.38867906e-02	2.17670537e-01
2710            	-1.99735460e-01	5.81983787e-04	2.90915424e-01	5.39284718e-02	2.17850504e-01
2711            	-1.99722362e-01	5.21684421e-04	2.91269854e-01	5.39758834e-02	2.18051881e-01
2712            	-1.99692443e-01	4.54199471e-04	2.91643030e-01	5.40402966e-02	2.18324237e-01
2713            	-1.99653735e-01	4.23757135e-04	2.91772034e-01	5.41251525e-02	2.18684006e-01
2714            	-1.99610320e-01	4.93241368e-04	2.91275319e-01	5.42225312e-02	2.19105660e-01
2715            	-1.99565935e-01	6.28787362e-04	2.90368385e-01	5.43118800e-02	2.19500402e-01
2716            	-1.99523833e-01	7.82425980e-04	2.89354215e-01	5.43782630e-02	2.19798396e-01
2717            	-1.99486740e-01	9.01559300e-04	2.88560439e-01	5.44091840e-02	2.19941628e-01
2718            	-1.99456736e-01	9.78379613e-04	2.88038002e-01	5.44069602e-02	2.19939059e-01
2719            	-1.99436591e-01	1.01278870e-03	2.87789655e-01	5.43741352e-02	2.19803229e-01
2720            	-1.99424422e-01	1.06053820e-03	2.87468764e-01	5.43270875e-02	2.19607742e-01
2721            	-1.99418981e-01	1.10696902e-03	2.87166429e-01	5.42753114e-02	2.19388704e-01
2722            	-1.99425768e-01	1.15115447e-03	2.86899167e-01	5.42166520e-02	2.19134086e-01
2723            	-1.99448642e-01	1.16649342e-03	2.86837451e-01	5.41376047e-02	2.18787843e-01
2724            	-1.99481483e-01	1.14389590e-03	2.87028096e-01	5.40566354e-02	2.18431578e-01
2725            	-1.99522143e-01	1.07585192e-03	2.87514574e-01	5.39799393e-02	2.18091834e-01
2726            	-1.99574903e-01	1.03877014e-03	2.87830985e-01	5.39061363e-02	2.17767276e-01
2727            	-1.99635040e-01	1.03754595e-03	2.87935219e-01	5.38349166e-02	2.17458754e-01
2728            	-1.99683429e-01	1.03145278e-03	2.88051140e-01	5.37874981e-02	2.17257221e-01
2729            	-1.99711075e-01	9.98043760e-04	2.88306371e-01	5.37837056e-02	2.17242665e-01
2730            	-1.99724020e-01	9.26805805e-04	2.88771006e-01	5.38241435e-02	2.17413885e-01
2731            	-1.99728527e-01	8.81331207e-04	2.89061112e-01	5.38915050e-02	2.17700455e-01
2732            	-1.99722562e-01	8.39789045e-04	2.89308188e-01	5.39720027e-02	2.18045930e-01
2733            	-1.99699602e-01	7.44195988e-04	2.89863538e-01	5.40591335e-02	2.18420735e-01
2734            	-1.99660204e-01	6.23843278e-04	2.90547624e-01	5.41555673e-02	2.18835401e-01
2735            	-1.99616323e-01	5.47554463e-04	2.90953333e-01	5.42545949e-02	2.19259654e-01
2736            	-1.99575741e-01	5.64423465e-04	2.90789275e-01	5.43450546e-02	2.19651148e-01
2737            	-1.99540206e-01	6.44278404e-04	2.90242904e-01	5.44054109e-02	2.19920379e-01
2738            	-1.99509861e-01	7.41338034e-04	2.89597885e-01	5.44348575e-02	2.20059536e-01
2739            	-1.99485016e-01	8.10085568e-04	2.89134951e-01	5.44279605e-02	2.20040612e-01
2740            	-1.99465245e-01	8.77655923e-04	2.88685614e-01	5.43896477e-02	2.19886115e-01
2741            	-1.99451130e-01	9.47707670e-04	2.88226309e-01	5.43297221e-02	2.19638084e-01
2742            	-1.99447880e-01	1.02806520e-03	2.87715847e-01	5.42588033e-02	2.19340904e-01
2743            	-1.99454173e-01	1.09944317e-03	2.87272710e-01	5.41797501e-02	2.19005135e-01
2744            	-1.99468552e-01	1.18553337e-03	2.86752371e-01	5.41006189e-02	2.18665642e-01
2745            	-1.99493904e-01	1.25150226e-03	2.86376709e-01	5.40061098e-02	2.18258290e-01
2746            	-1.99525357e-01	1.29238247e-03	2.86169572e-01	5.39055563e-02	2.17825197e-01
2747            	-1.99560371e-01	1.30070611e-03	2.86175836e-01	5.38173352e-02	2.17439181e-01
2748            	-1.99598972e-01	1.34185244e-03	2.85991105e-01	5.37616681e-02	2.17190642e-01
2749            	-1.99643377e-01	1.39324912e-03	2.85749618e-01	5.37291124e-02	2.17045934e-01
2750            	-1.99683741e-01	1.37216746e-03	2.85946304e-01	5.37263023e-02	2.17030199e-01
2751            	-1.99709368e-01	1.28155940e-03	2.86548936e-01	5.37605164e-02	2.17171772e-01
2752            	-1.99719058e-01	1.16555477e-03	2.87283166e-01	5.38378157e-02	2.17497093e-01
2753            	-1.99715190e-01	1.07706928e-03	2.87825497e-01	5.39424256e-02	2.17942081e-01
2754            	-1.99699875e-01	9.92883532e-04	2.88323002e-01	5.40455065e-02	2.18384532e-01
2755            	-1.99672703e-01	8.59125145e-04	2.89110349e-01	5.41384796e-02	2.18784117e-01
2756            	-1.99636491e-01	6.91930092e-04	2.90091411e-01	5.42293797e-02	2.19171608e-01
2757            	-1.99598119e-01	5.73275334e-04	2.90769279e-01	5.43122880e-02	2.19524451e-01
2758            	-1.99564175e-01	5.51752041e-04	2.90853358e-01	5.43742547e-02	2.19793317e-01
2759            	-1.99534523e-01	5.94858926e-04	2.90543238e-01	5.44059184e-02	2.19938023e-01
2760            	-1.99507803e-01	6.82900456e-04	2.89958884e-01	5.44127777e-02	2.19980109e-01
2761            	-1.99484943e-01	7.76686446e-04	2.89343724e-01	5.43937832e-02	2.19909266e-01
2762            	-1.99469404e-01	8.57763513e-04	2.88815109e-01	5.43474282e-02	2.19717959e-01
2763            	-1.99460945e-01	9.54085750e-04	2.88197878e-01	5.42834851e-02	2.19452159e-01
2764            	-1.99461288e-01	1.05760583e-03	2.87544869e-01	5.42128354e-02	2.19156564e-01
2765            	-1.99471225e-01	1.16830912e-03	2.86861750e-01	5.41304602e-02	2.18807879e-01
2766            	-1.99487430e-01	1.32042354e-03	2.85935763e-01	5.40403618e-02	2.18427110e-01
2767            	-1.99507731e-01	1.44426866e-03	2.85198098e-01	5.39426920e-02	2.18009016e-01
2768            	-1.99529341e-01	1.52493534e-03	2.84736252e-01	5.38581903e-02	2.17641610e-01
2769            	-1.99559326e-01	1.55941304e-03	2.84577658e-01	5.37950981e-02	2.17359536e-01
2770            	-1.99599772e-01	1.57502052e-03	2.84552908e-01	5.37563586e-02	2.17180777e-01
2771            	-1.99646673e-01	1.58221331e-03	2.84586492e-01	5.37400554e-02	2.17105009e-01
2772            	-1.99681019e-01	1.52470224e-03	2.84997029e-01	5.37585920e-02	2.17182690e-01
2773            	-1.99696941e-01	1.40321756e-03	2.85774364e-01	5.38132658e-02	2.17413499e-01
2774            	-1.99699511e-01	1.26222342e-03	2.86652381e-01	5.38908499e-02	2.17741536e-01
2775            	-1.99695678e-01	1.14308671e-03	2.87384896e-01	5.39657923e-02	2.18063083e-01
2776            	-1.99682328e-01	1.01256793e-03	2.88173782e-01	5.40370399e-02	2.18371160e-01
2777            	-1.99655594e-01	8.23892314e-04	2.89301812e-01	5.41111663e-02	2.18689876e-01
2778            	-1.99621971e-01	6.31614325e-04	2.90440832e-01	5.41907396e-02	2.19028139e-01
2779            	-1.99589425e-01	5.08761517e-04	2.91151299e-01	5.42561494e-02	2.19306513e-01
2780            	-1.99561113e-01	4.87658032e-04	2.91238863e-01	5.42995836e-02	2.19496189e-01
2781            	-1.99536823e-01	5.43436860e-04	2.90857722e-01	5.43210307e-02	2.19594843e-01
2782            	-1.99516153e-01	6.36796064e-04	2.90248384e-01	5.43213853e-02	2.19604429e-01
2783            	-1.99498799e-01	7.50739997e-04	2.89513471e-01	5.43052965e-02	2.19543349e-01
2784            	-1.99485662e-01	8.60841798e-04	2.88804563e-01	5.42723889e-02	2.19408697e-01
2785            	-1.99480553e-01	9.97407419e-04	2.87941414e-01	5.42197050e-02	2.19190184e-01
2786            	-1.99480956e-01	1.15663163e-03	2.86944834e-01	5.41505007e-02	2.18901743e-01
2787            	-1.99483874e-01	1.33491493e-03	2.85837690e-01	5.40783314e-02	2.18596440e-01
2788            	-1.99492095e-01	1.50933408e-03	2.84768021e-01	5.40060807e-02	2.18286726e-01
2789            	-1.99504493e-01	1.62369574e-03	2.84082371e-01	5.39409421e-02	2.18000518e-01
2790            	-1.99523352e-01	1.67624213e-03	2.83793390e-01	5.38905665e-02	2.17771999e-01
2791            	-1.99553450e-01	1.70025457e-03	2.83701047e-01	5.38506147e-02	2.17587252e-01
2792            	-1.99593447e-01	1.69611706e-03	2.83794345e-01	5.38234332e-02	2.17461293e-01
2793            	-1.99628647e-01	1.64636008e-03	2.84160123e-01	5.38224685e-02	2.17452265e-01
2794            	-1.99651458e-01	1.52669084e-03	2.84939037e-01	5.38487139e-02	2.17560957e-01
2795            	-1.99661794e-01	1.35396344e-03	2.86026891e-01	5.38994984e-02	2.17775303e-01
2796            	-1.99665919e-01	1.17819966e-03	2.87122190e-01	5.39627684e-02	2.18045653e-01
2797            	-1.99666789e-01	1.02518380e-03	2.88068845e-01	5.40186439e-02	2.18290364e-01
2798            	-1.99656580e-01	8.56968644e-04	2.89093811e-01	5.40780754e-02	2.18550718e-01
2799            	-1.99635201e-01	6.29501659e-04	2.90468745e-01	5.41380479e-02	2.18806540e-01
2800            	-1.99611793e-01	4.10658585e-04	2.91786645e-01	5.41962088e-02	2.19046764e-01
2801            	-1.99590779e-01	2.99819688e-04	2.92439478e-01	5.42401774e-02	2.19229151e-01
2802            	-1.99569830e-01	3.20669529e-04	2.92276113e-01	5.42698144e-02	2.19359896e-01
2803            	-1.99550006e-01	4.43785576e-04	2.91481551e-01	5.42842032e-02	2.19432039e-01
2804            	-1.99533920e-01	6.00201599e-04	2.90486140e-01	5.42769410e-02	2.19411427e-01
2805            	-1.99520287e-01	7.65551841e-04	2.89437920e-01	5.42486366e-02	2.19298720e-01
2806            	-1.99507060e-01	9.35985305e-04	2.88356445e-01	5.42018923e-02	2.19106907e-01
2807            	-1.99495570e-01	1.11937663e-03	2.87195658e-01	5.41451590e-02	2.18872164e-01
2808            	-1.99487994e-01	1.29298084e-03	2.86101139e-01	5.40860939e-02	2.18623752e-01
2809            	-1.99484814e-01	1.47568227e-03	2.84960585e-01	5.40304742e-02	2.18385766e-01
2810            	-1.99488152e-01	1.64009464e-03	2.83947937e-01	5.39725790e-02	2.18135505e-01
2811            	-1.99496931e-01	1.74648016e-03	2.83306562e-01	5.39203006e-02	2.17906001e-01
2812            	-1.99513275e-01	1.78264408e-03	2.83114654e-01	5.38824112e-02	2.17733410e-01
2813            	-1.99539785e-01	1.75658801e-03	2.83326590e-01	5.38588268e-02	2.17617851e-01
2814            	-1.99576319e-01	1.66080498e-03	2.83980998e-01	5.38422523e-02	2.17533414e-01
2815            	-1.99609965e-01	1.48070618e-03	2.85148912e-01	5.38444391e-02	2.17533025e-01
2816            	-1.99631059e-01	1.29048033e-03	2.86360430e-01	5.38767827e-02	2.17669775e-01
2817            	-1.99642550e-01	1.10113965e-03	2.87552796e-01	5.39378904e-02	2.17932189e-01
2818            	-1.99653844e-01	9.20908162e-04	2.88687716e-01	5.40103841e-02	2.18240756e-01
2819            	-1.99666262e-01	7.18565715e-04	2.89957645e-01	5.40684342e-02	2.18484614e-01
2820            	-1.99667989e-01	4.64633064e-04	2.91528995e-01	5.41149823e-02	2.18676513e-01
2821            	-1.99653177e-01	2.16740951e-04	2.93037191e-01	5.41670630e-02	2.18890436e-01
2822            	-1.99631022e-01	8.38204379e-05	2.93823888e-01	5.42239197e-02	2.19126031e-01
2823            	-1.99608102e-01	1.09862270e-04	2.93627863e-01	5.42737121e-02	2.19336841e-01
2824            	-1.99585370e-01	2.52423617e-04	2.92711640e-01	5.43042073e-02	2.19472423e-01
2825            	-1.99563063e-01	4.53590518e-04	2.91433836e-01	5.43122302e-02	2.19516062e-01
2826            	-1.99539653e-01	6.59263082e-04	2.90125423e-01	5.42981298e-02	2.19465598e-01
2827            	-1.99515287e-01	8.46014991e-04	2.88930649e-01	5.42687867e-02	2.19347674e-01
2828            	-1.99494644e-01	1.02293972e-03	2.87798987e-01	5.42256234e-02	2.19170086e-01
2829            	-1.99475473e-01	1.20714522e-03	2.86620883e-01	5.41826172e-02	2.18995186e-01
2830            	-1.99460209e-01	1.38067670e-03	2.85514036e-01	5.41382749e-02	2.18813182e-01
2831            	-1.99451066e-01	1.54355482e-03	2.84485334e-01	5.40954546e-02	2.18633162e-01
2832            	-1.99453509e-01	1.64396675e-03	2.83865217e-01	5.40427969e-02	2.18405382e-01
2833            	-1.99466224e-01	1.65322826e-03	2.83828609e-01	5.39848337e-02	2.18151017e-01
2834            	-1.99489855e-01	1.58076716e-03	2.84319401e-01	5.39314149e-02	2.17911929e-01
2835            	-1.99520248e-01	1.48837365e-03	2.84947434e-01	5.39011806e-02	2.17773443e-01
2836            	-1.99560313e-01	1.35742687e-03	2.85824850e-01	5.38890708e-02	2.17714481e-01
2837            	-1.99602492e-01	1.14348311e-03	2.87216920e-01	5.38900194e-02	2.17708711e-01
2838            	-1.99638471e-01	8.96212757e-04	2.88805904e-01	5.39068835e-02	2.17771144e-01
2839            	-1.99664029e-01	6.67166260e-04	2.90265398e-01	5.39440707e-02	2.17923883e-01
2840            	-1.99682789e-01	5.05233371e-04	2.91296387e-01	5.39947897e-02	2.18138978e-01
2841            	-1.99699345e-01	3.71768097e-04	2.92144129e-01	5.40328326e-02	2.18300763e-01
2842            	-1.99702782e-01	2.29683066e-04	2.93026774e-01	5.40588007e-02	2.18408459e-01
2843            	-1.99687670e-01	1.42374386e-04	2.93547227e-01	5.40917107e-02	2.18544197e-01
2844            	-1.99660654e-01	1.49764058e-04	2.93465372e-01	5.41387571e-02	2.18740882e-01
2845            	-1.99626916e-01	2.58788585e-04	2.92743703e-01	5.41967873e-02	2.18988432e-01
2846            	-1.99591498e-01	4.35233398e-04	2.91600008e-01	5.42443481e-02	2.19197135e-01
2847            	-1.99557652e-01	6.32306293e-04	2.90328371e-01	5.42774283e-02	2.19347818e-01
2848            	-1.99525734e-01	8.18229005e-04	2.89126497e-01	5.42935347e-02	2.19426936e-01
2849            	-1.99494372e-01	9.83043355e-04	2.88054033e-01	5.42997432e-02	2.19462795e-01
2850            	-1.99465404e-01	1.12553141e-03	2.87120699e-01	5.42911617e-02	2.19435662e-01
2851            	-1.99441011e-01	1.25469017e-03	2.86274692e-01	5.42677853e-02	2.19346176e-01
2852            	-1.99424632e-01	1.33806458e-03	2.85723758e-01	5.42312468e-02	2.19196352e-01
2853            	-1.99419456e-01	1.38857794e-03	2.85396470e-01	5.41855169e-02	2.19000674e-01
2854            	-1.99426172e-01	1.41192022e-03	2.85261049e-01	5.41330408e-02	2.18772456e-01
2855            	-1.99444004e-01	1.38006882e-03	2.85490073e-01	5.40818128e-02	2.18544796e-01
2856            	-1.99474429e-01	1.26530358e-03	2.86256350e-01	5.40403822e-02	2.18351345e-01
2857            	-1.99520962e-01	1.13298689e-03	2.87158362e-01	5.39981340e-02	2.18153798e-01
2858            	-1.99576343e-01	9.99390281e-04	2.88075614e-01	5.39592922e-02	2.17978108e-01
2859            	-1.99627311e-01	8.42431839e-04	2.89125739e-01	5.39314310e-02	2.17854757e-01
2860            	-1.99670463e-01	6.82052353e-04	2.90185076e-01	5.39114072e-02	2.17767657e-01
2861            	-1.99702161e-01	5.72555474e-04	2.90914469e-01	5.39102505e-02	2.17763223e-01
2862            	-1.99721176e-01	5.36200942e-04	2.91172348e-01	5.39310280e-02	2.17854152e-01
2863            	-1.99728563e-01	5.24554684e-04	2.91257828e-01	5.39571468e-02	2.17968696e-01
2864            	-1.99718651e-01	4.66532804e-04	2.91603330e-01	5.39933565e-02	2.18123439e-01
2865            	-1.99691676e-01	3.96981616e-04	2.91994293e-01	5.40474714e-02	2.18351319e-01
2866            	-1.99656536e-01	3.83539222e-04	2.92024536e-01	5.41191241e-02	2.18654351e-01
2867            	-1.99617006e-01	4.65821742e-04	2.91454888e-01	5.42014394e-02	2.19010741e-01
2868            	-1.99575142e-01	6.12710938e-04	2.90480859e-01	5.42811783e-02	2.19364852e-01
2869            	-1.99533543e-01	7.72814509e-04	2.89425978e-01	5.43437743e-02	2.19647960e-01
2870            	-1.99495759e-01	9.05101153e-04	2.88548870e-01	5.43770208e-02	2.19802624e-01
2871            	-1.99464007e-01	1.00460664e-03	2.87883192e-01	5.43776617e-02	2.19814208e-01
2872            	-1.99441951e-01	1.05839516e-03	2.87512212e-01	5.43476718e-02	2.19691575e-01
2873            	-1.99428969e-01	1.10201232e-03	2.87215265e-01	5.42981054e-02	2.19485535e-01
2874            	-1.99421540e-01	1.13804714e-03	2.86973702e-01	5.42453030e-02	2.19262897e-01
2875            	-1.99423174e-01	1.17413048e-03	2.86748614e-01	5.41935004e-02	2.19038641e-01
2876            	-1.99442459e-01	1.18738737e-03	2.86695387e-01	5.41234699e-02	2.18731174e-01
2877            	-1.99474027e-01	1.16357156e-03	2.86893169e-01	5.40450779e-02	2.18385912e-01
2878            	-1.99514216e-01	1.08366664e-03	2.87453233e-01	5.39747196e-02	2.18071986e-01
2879            	-1.99566207e-01	1.01043169e-03	2.87991787e-01	5.39111526e-02	2.17788038e-01
2880            	-1.99627480e-01	9.83940031e-04	2.88253346e-01	5.38479960e-02	2.17512622e-01
2881            	-1.99680025e-01	9.60791167e-04	2.88480641e-01	5.38000538e-02	2.17306890e-01
2882            	-1.99711189e-01	9.29792007e-04	2.88726759e-01	5.37915377e-02	2.17271599e-01
2883            	-1.99725781e-01	8.67941961e-04	2.89137114e-01	5.38281577e-02	2.17426106e-01
2884            	-1.99731486e-01	8.22045652e-04	2.89432523e-01	5.38947368e-02	2.17708070e-01
2885            	-1.99727345e-01	7.96220821e-04	2.89585713e-01	5.39690397e-02	2.18026914e-01
2886            	-1.99706907e-01	7.13042260e-04	2.90068208e-01	5.40518056e-02	2.18381863e-01
2887            	-1.99667822e-01	5.95466156e-04	2.90735409e-01	5.41494425e-02	2.18800232e-01
2888            	-1.99622153e-01	5.20687308e-04	2.91128334e-01	5.42550208e-02	2.19252007e-01
2889            	-1.99578269e-01	5.47755147e-04	2.90895992e-01	5.43531096e-02	2.19676046e-01
2890            	-1.99539951e-01	6.35133343e-04	2.90298787e-01	5.44238065e-02	2.19988825e-01
2891            	-1.99505854e-01	7.43917973e-04	2.89575637e-01	5.44636046e-02	2.20172248e-01
2892            	-1.99478436e-01	8.17007405e-04	2.89081789e-01	5.44651435e-02	2.20189633e-01
2893            	-1.99456928e-01	8.75269777e-04	2.88687300e-01	5.44308478e-02	2.20051705e-01
2894            	-1.99441216e-01	9.42321156e-04	2.88244464e-01	5.43710765e-02	2.19805479e-01
2895            	-1.99436141e-01	1.01906254e-03	2.87754097e-01	5.42991986e-02	2.19505412e-01
2896            	-1.99443246e-01	1.08408268e-03	2.87352412e-01	5.42155056e-02	2.19150153e-01
2897            	-1.99458325e-01	1.16687411e-03	2.86854182e-01	5.41310383e-02	2.18788767e-01
2898            	-1.99484201e-01	1.22181655e-03	2.86547483e-01	5.40356721e-02	2.18377660e-01
2899            	-1.99517690e-01	1.24936983e-03	2.86425304e-01	5.39321231e-02	2.17931713e-01
2900            	-1.99557775e-01	1.25201357e-03	2.86473809e-01	5.38340472e-02	2.17504906e-01
2901            	-1.99600618e-01	1.28646209e-03	2.86335993e-01	5.37658727e-02	2.17204293e-01
2902            	-1.99647465e-01	1.32872191e-03	2.86153580e-01	5.37213214e-02	2.17008745e-01
2903            	-1.99688409e-01	1.31798039e-03	2.86287295e-01	5.37059329e-02	2.16940870e-01
2904            	-1.99715300e-01	1.24406385e-03	2.86789425e-01	5.37285770e-02	2.17034640e-01
2905            	-1.99725887e-01	1.14321445e-03	2.87431635e-01	5.37962148e-02	2.17320585e-01
2906            	-1.99723725e-01	1.06075322e-03	2.87939187e-01	5.38959348e-02	2.17745096e-01
2907            	-1.99708496e-01	9.81438797e-04	2.88406198e-01	5.40008173e-02	2.18195072e-01
2908            	-1.99681007e-01	8.53081988e-04	2.89158611e-01	5.40970568e-02	2.18609052e-01
2909            	-1.99643168e-01	6.97196669e-04	2.90067180e-01	5.41918257e-02	2.19013650e-01
2910            	-1.99603655e-01	5.83337159e-04	2.90713981e-01	5.42842750e-02	2.19406765e-01
2911            	-1.99567374e-01	5.67204312e-04	2.90761802e-01	5.43597350e-02	2.19732476e-01
2912            	-1.99536760e-01	6.07473104e-04	2.90468108e-01	5.44041497e-02	2.19930306e-01
2913            	-1.99509571e-01	6.86653968e-04	2.89938198e-01	5.44208738e-02	2.20012610e-01
2914            	-1.99485929e-01	7.77630451e-04	2.89339577e-01	5.44088696e-02	2.19971600e-01
2915            	-1.99468700e-01	8.58016761e-04	2.88813606e-01	5.43694168e-02	2.19809612e-01
2916            	-1.99459544e-01	9.47464900e-04	2.88239337e-01	5.43084838e-02	2.19555518e-01
2917            	-1.99458429e-01	1.04541325e-03	2.87619665e-01	5.42407883e-02	2.19271610e-01
2918            	-1.99467507e-01	1.14188072e-03	2.87023433e-01	5.41636227e-02	2.18943466e-01
2919            	-1.99483165e-01	1.27838357e-03	2.86192462e-01	5.40778191e-02	2.18579508e-01
2920            	-1.99504743e-01	1.39323769e-03	2.85510767e-01	5.39804294e-02	2.18162639e-01
2921            	-1.99526834e-01	1.46821960e-03	2.85083287e-01	5.38913654e-02	2.17776290e-01
2922            	-1.99555364e-01	1.50320647e-03	2.84918631e-01	5.38234602e-02	2.17474422e-01
2923            	-1.99593389e-01	1.53341490e-03	2.84800982e-01	5.37821126e-02	2.17285175e-01
2924            	-1.99640033e-01	1.55396795e-03	2.84752463e-01	5.37622326e-02	2.17194271e-01
2925            	-1.99677382e-01	1.50346871e-03	2.85124269e-01	5.37738598e-02	2.17242153e-01
2926            	-1.99696278e-01	1.38362897e-03	2.85894963e-01	5.38218409e-02	2.17445002e-01
2927            	-1.99699921e-01	1.24580787e-03	2.86754194e-01	5.38977079e-02	2.17765752e-01
2928            	-1.99696471e-01	1.13867843e-03	2.87412649e-01	5.39741781e-02	2.18094038e-01
2929            	-1.99683678e-01	1.02755455e-03	2.88082457e-01	5.40451042e-02	2.18401699e-01
2930            	-1.99659116e-01	8.54601079e-04	2.89117202e-01	5.41161706e-02	2.18708040e-01
2931            	-1.99625712e-01	6.66424737e-04	2.90231632e-01	5.41929379e-02	2.19034976e-01
2932            	-1.99593624e-01	5.38144349e-04	2.90976621e-01	5.42565574e-02	2.19305964e-01
2933            	-1.99564681e-01	5.10831370e-04	2.91101821e-01	5.42986813e-02	2.19490646e-01
2934            	-1.99539281e-01	5.65327475e-04	2.90726908e-01	5.43181877e-02	2.19583114e-01
2935            	-1.99516954e-01	6.56272515e-04	2.90130713e-01	5.43164388e-02	2.19585000e-01
2936            	-1.99499345e-01	7.63403281e-04	2.89438519e-01	5.42941318e-02	2.19498071e-01
2937            	-1.99485734e-01	8.62504322e-04	2.88797602e-01	5.42545749e-02	2.19335377e-01
2938            	-1.99480283e-01	9.84273878e-04	2.88025160e-01	5.41994070e-02	2.19106591e-01
2939            	-1.99481358e-01	1.13122300e-03	2.87105061e-01	5.41307511e-02	2.18820507e-01
2940            	-1.99486139e-01	1.29861229e-03	2.86066556e-01	5.40558926e-02	2.18505188e-01
2941            	-1.99495720e-01	1.47555119e-03	2.84982135e-01	5.39791478e-02	2.18177969e-01
2942            	-1.99507969e-01	1.59947825e-03	2.84236667e-01	5.39121905e-02	2.17885171e-01
2943            	-1.99526525e-01	1.65443484e-03	2.83932310e-01	5.38630543e-02	2.17660958e-01
2944            	-1.99557309e-01	1.67217111e-03	2.83879716e-01	5.38261666e-02	2.17486958e-01
2945            	-1.99597670e-01	1.67358906e-03	2.83940148e-01	5.38036191e-02	2.17378620e-01
2946            	-1.99634862e-01	1.63997667e-03	2.84209407e-01	5.38079245e-02	2.17391013e-01
2947            	-1.99658382e-01	1.54433999e-03	2.84841110e-01	5.38416150e-02	2.17531366e-01
2948            	-1.99669936e-01	1.38749975e-03	2.85832922e-01	5.38982287e-02	2.17769378e-01
2949            	-1.99672633e-01	1.21874483e-03	2.86883278e-01	5.39668022e-02	2.18060819e-01
2950            	-1.99672141e-01	1.06473381e-03	2.87834603e-01	5.40288316e-02	2.18329632e-01
2951            	-1.99659892e-01	9.01068342e-04	2.88828657e-01	5.40928803e-02	2.18608784e-01
2952            	-1.99635707e-01	6.83464624e-04	2.90138492e-01	5.41582606e-02	2.18889179e-01
2953            	-1.99607020e-01	4.78897008e-04	2.91360368e-01	5.42241230e-02	2.19165707e-01
2954            	-1.99582670e-01	3.58229671e-04	2.92069636e-01	5.42761260e-02	2.19382370e-01
2955            	-1.99561046e-01	3.52332803e-04	2.92071908e-01	5.43059483e-02	2.19511511e-01
2956            	-1.99540388e-01	4.49825498e-04	2.91434705e-01	5.43205971e-02	2.19583869e-01
2957            	-1.99522164e-01	5.93061656e-04	2.90517307e-01	5.43148941e-02	2.19570812e-01
2958            	-1.99509416e-01	7.50847762e-04	2.89516896e-01	5.42852174e-02	2.19453062e-01
2959            	-1.99499231e-01	9.11464997e-04	2.88500202e-01	5.42325126e-02	2.19236499e-01
2960            	-1.99490794e-01	1.09364297e-03	2.87350433e-01	5.41674803e-02	2.18968700e-01
2961            	-1.99485621e-01	1.27698254e-03	2.86198871e-01	5.40992623e-02	2.18683779e-01
2962            	-1.99485248e-01	1.45805409e-03	2.85072044e-01	5.40367504e-02	2.18417050e-01
2963            	-1.99491865e-01	1.61569599e-03	2.84105707e-01	5.39701025e-02	2.18128743e-01
2964            	-1.99502892e-01	1.72728186e-03	2.83435351e-01	5.39091836e-02	2.17862715e-01
2965            	-1.99520464e-01	1.77617329e-03	2.83166506e-01	5.38639972e-02	2.17659833e-01
2966            	-1.99547355e-01	1.77932948e-03	2.83198341e-01	5.38355034e-02	2.17525966e-01
2967            	-1.99584324e-01	1.71012550e-03	2.83689395e-01	5.38153011e-02	2.17427096e-01
2968            	-1.99618278e-01	1.55359881e-03	2.84712538e-01	5.38124753e-02	2.17405354e-01
2969            	-1.99639403e-01	1.35718541e-03	2.85961779e-01	5.38385948e-02	2.17513583e-01
2970            	-1.99649241e-01	1.16842977e-03	2.87147431e-01	5.38958660e-02	2.17760303e-01
2971            	-1.99655576e-01	1.00396099e-03	2.88176897e-01	5.39687206e-02	2.18074085e-01
2972            	-1.99664600e-01	8.22545579e-04	2.89312514e-01	5.40297254e-02	2.18334446e-01
2973            	-1.99664342e-01	5.77199631e-04	2.90828953e-01	5.40830466e-02	2.18556158e-01
2974            	-1.99650291e-01	3.10070826e-04	2.92458403e-01	5.41386833e-02	2.18783725e-01
2975            	-1.99626917e-01	1.36290107e-04	2.93495584e-01	5.42022510e-02	2.19045843e-01
2976            	-1.99604227e-01	1.24303951e-04	2.93534257e-01	5.42613301e-02	2.19294644e-01
2977            	-1.99583286e-01	2.37174826e-04	2.92803418e-01	5.42991115e-02	2.19459578e-01
2978            	-1.99562527e-01	4.25100895e-04	2.91608815e-01	5.43149970e-02	2.19536280e-01
2979            	-1.99541498e-01	6.25200031e-04	2.90337931e-01	5.43053048e-02	2.19503767e-01
2980            	-1.99519300e-01	8.13137744e-04	2.89139321e-01	5.42780568e-02	2.19393757e-01
2981            	-1.99499068e-01	9.95656894e-04	2.87974633e-01	5.42359615e-02	2.19220192e-01
2982            	-1.99481760e-01	1.17467761e-03	2.86832074e-01	5.41902187e-02	2.19031772e-01
2983            	-1.99467302e-01	1.35535651e-03	2.85682948e-01	5.41451955e-02	2.18845863e-01
2984            	-1.99458040e-01	1.53204785e-03	2.84568924e-01	5.41044271e-02	2.18674250e-01
2985            	-1.99457954e-01	1.66213337e-03	2.83761945e-01	5.40555910e-02	2.18463245e-01
2986            	-1.99467307e-01	1.69992712e-03	2.83544110e-01	5.40040885e-02	2.18235527e-01
2987            	-1.99488671e-01	1.63923536e-03	2.83958058e-01	5.39535413e-02	2.18007020e-01
2988            	-1.99519086e-01	1.54538356e-03	2.84594498e-01	5.39177133e-02	2.17843048e-01
2989            	-1.99557598e-01	1.42917590e-03	2.85378006e-01	5.38974470e-02	2.17751384e-01
2990            	-1.99594485e-01	1.24128999e-03	2.86599523e-01	5.39000118e-02	2.17758069e-01
2991            	-1.99627695e-01	1.00136476e-03	2.88137963e-01	5.39201732e-02	2.17837224e-01
2992            	-1.99654742e-01	7.61168770e-04	2.89668968e-01	5.39568971e-02	2.17987092e-01
2993            	-1.99675625e-01	5.72872787e-04	2.90866955e-01	5.40016911e-02	2.18175150e-01
2994            	-1.99692356e-01	4.15203814e-04	2.91864536e-01	5.40394128e-02	2.18335845e-01
2995            	-1.99696451e-01	2.41222383e-04	2.92944153e-01	5.40681779e-02	2.18455459e-01
2996            	-1.99683245e-01	1.09814043e-04	2.93737535e-01	5.41045384e-02	2.18604481e-01
2997            	-1.99659738e-01	9.85098951e-05	2.93775845e-01	5.41464347e-02	2.18778164e-01
2998            	-1.99630898e-01	2.12302808e-04	2.93032778e-01	5.41920086e-02	2.18973090e-01
2999            	-1.99598583e-01	3.97638779e-04	2.91840009e-01	5.42291822e-02	2.19138346e-01
3000            	-1.99565915e-01	6.02804998e-04	2.90521351e-01	5.42506873e-02	2.19240121e-01
