solver,mach,angle,metric,sealed,previous,delta,percent,sealedMethod,previousFlagged
OpenFOAM,0.3,-6.0,roll,-0.04847780012934132,-0.036549513065469066,-0.01192828706387225,32.635967112628265,steady,False
OpenFOAM,0.3,-6.0,cl,-0.05195115012270126,-0.03916822205441966,-0.012782928068281602,32.63596711262824,steady,False
OpenFOAM,0.3,-6.0,yaw,-0.28904344380760677,-0.22526115183598802,-0.06378229197161875,28.31482102074061,steady,False
OpenFOAM,0.3,-6.0,cn,-0.30975290341491774,-0.2414007212501584,-0.06835218216475933,28.31482102074063,steady,False
OpenFOAM,0.3,-6.0,pitch,-0.01487637612918757,-0.027104998464446417,0.012228622335258846,-45.115746275725165,steady,False
OpenFOAM,0.3,-6.0,cm,-0.015942242583351602,-0.029047024422417324,0.013104781839065723,-45.115746275725165,steady,False
OpenFOAM,0.3,-6.0,axial,14.394647520958083,14.646779968662674,-0.2521324477045912,-1.7214189620110232,steady,False
OpenFOAM,0.3,-6.0,ca,0.8917769998136292,0.9073971056510455,-0.015620105837416243,-1.721418962011012,steady,False
OpenFOAM,0.3,-6.0,side,-1.0726989706207586,-0.8380041276047904,-0.2346948430159682,28.006406565893705,steady,False
OpenFOAM,0.3,-6.0,cy,-0.06645583147003507,-0.05191601987188484,-0.01453981159815023,28.006406565893684,steady,False
OpenFOAM,0.3,-6.0,normal,0.0569910480822016,0.09409322885383574,-0.03710218077163414,-39.43129726079291,steady,False
OpenFOAM,0.3,-6.0,cNormal,0.003530708605471801,0.005829262384360623,-0.002298553778888822,-39.43129726079291,steady,False
OpenFOAM,0.3,0.0,roll,-0.0002522147471470359,-0.0001214345975498633,-0.00013078014959717264,,steady,True
OpenFOAM,0.3,0.0,cl,-0.0002702854947467856,-0.0001301351750816024,-0.00014015031966518318,,steady,True
OpenFOAM,0.3,0.0,yaw,0.032413177351303044,-0.0367038770121916,0.06911705436349463,-188.30995521409534,steady,True
OpenFOAM,0.3,0.0,cn,0.034735525086504467,-0.03933364590922162,0.07406917099572609,-188.30995521409534,steady,True
OpenFOAM,0.3,0.0,pitch,0.035255210510372316,-0.00839307411191388,0.0436482846222862,-520.0512236669985,steady,True
OpenFOAM,0.3,0.0,cm,0.03778118497425872,-0.008994423262104406,0.04677560823636312,-520.0512236669985,steady,True
OpenFOAM,0.3,0.0,axial,14.643893699600799,14.676585345908183,-0.0326916463073843,-0.22274695058069893,steady,True
OpenFOAM,0.3,0.0,ca,0.9072182955509089,0.9092436079609919,-0.002025312410082969,-0.22274695058068783,steady,True
OpenFOAM,0.3,0.0,side,0.09902224331956887,-0.11192116617428943,0.2109434094938583,-188.47499244724298,steady,True
OpenFOAM,0.3,0.0,cy,0.006134624618891873,-0.006933738505318217,0.01306836312421009,-188.47499244724298,steady,True
OpenFOAM,0.3,0.0,normal,-0.09861633955750158,0.03482839633719362,-0.1334447358946952,-383.14924007048853,steady,True
OpenFOAM,0.3,0.0,cNormal,-0.006109478074759937,0.002157688317736263,-0.0082671663924962,-383.14924007048853,steady,True
OpenFOAM,0.3,3.0,roll,0.02424709983772455,0.0200668210306,0.00418027880712455,20.831793938611497,steady,False
OpenFOAM,0.3,3.0,cl,0.02598436233387039,0.02150457382687848,0.004479788506991909,20.83179393861152,steady,False
OpenFOAM,0.3,3.0,yaw,0.09472793348002395,0.13839377442891101,-0.043665840948887064,-31.551882394331965,steady,False
OpenFOAM,0.3,3.0,cn,0.10151502501978012,0.14830944746298455,-0.046794422443204434,-31.551882394331965,steady,False
OpenFOAM,0.3,3.0,pitch,-0.029777038732986028,-0.02234640721186518,-0.007430631521120848,33.25201877273334,steady,False
OpenFOAM,0.3,3.0,cm,-0.0319105117249442,-0.0239474883899274,-0.007963023335016799,33.25201877273336,steady,False
OpenFOAM,0.3,3.0,axial,14.64553870738523,14.5709308898,0.07460781758523005,0.5120319226650016,steady,False
OpenFOAM,0.3,3.0,ca,0.907320207049925,0.9026981045891368,0.004622102460788202,0.5120319226650016,steady,False
OpenFOAM,0.3,3.0,side,0.3845622781077844,0.505983731581,-0.12142145347321553,-23.997106210079377,steady,False
OpenFOAM,0.3,3.0,cy,0.023824396819244156,0.03134669698906084,-0.007522300169816684,-23.997106210079377,steady,False
OpenFOAM,0.3,3.0,normal,0.10253528631936128,0.08506811215754911,0.017467174161812163,20.533163037005387,steady,False
OpenFOAM,0.3,3.0,cNormal,0.006352264609173665,0.005270138482322438,0.0010821261268512275,20.533163037005387,steady,False
OpenFOAM,0.3,6.0,roll,0.04740432925748503,0.03684978706287425,0.010554542194610779,28.642071056210703,steady,False
OpenFOAM,0.3,6.0,cl,0.05080076693148052,0.03949001016104826,0.011310756770432265,28.642071056210682,steady,False
OpenFOAM,0.3,6.0,yaw,0.2831448129342714,0.16697268352125946,0.11617212941301194,69.57552993883611,steady,False
OpenFOAM,0.3,6.0,cn,0.30343164590732774,0.1789359856441386,0.12449566026318915,69.57552993883611,steady,False
OpenFOAM,0.3,6.0,pitch,0.03549898939641098,-0.03577130599846302,0.071270295394874,-199.23872893524285,steady,False
OpenFOAM,0.3,6.0,cm,0.03804243019313313,-0.03833425780569731,0.07637668799883043,-199.23872893524285,steady,False
OpenFOAM,0.3,6.0,axial,14.583886891017965,14.650914668463074,-0.06702777744510868,-0.4574989272812413,steady,False
OpenFOAM,0.3,6.0,ca,0.9035007545935164,0.9076532585146542,-0.004152503921137751,-0.4574989272812413,steady,False
OpenFOAM,0.3,6.0,side,1.055626596746507,0.6602112687045909,0.39541532804191615,59.892241587721706,steady,False
OpenFOAM,0.3,6.0,cy,0.06539816400502005,0.04090139918961649,0.02449676481540356,59.89224158772173,steady,False
OpenFOAM,0.3,6.0,normal,-0.09897059989001997,0.11757147266727785,-0.21654207255729782,-184.17909348648072,steady,False
OpenFOAM,0.3,6.0,cNormal,-0.00613142520587421,0.007283786213329709,-0.01341521141920392,-184.17909348648072,steady,False
OpenFOAM,0.3,9.0,roll,0.07264697194251497,0.05610020816027944,0.016546763782235532,29.495013164587714,steady,False
OpenFOAM,0.3,9.0,cl,0.07785200102471196,0.060119690420635995,0.017732310604075964,29.495013164587714,steady,False
OpenFOAM,0.3,9.0,yaw,0.40810725515572843,0.3126353945477046,0.09547186060802382,30.53776452475725,steady,False
OpenFOAM,0.3,9.0,cn,0.4373474295902806,0.3350351763587426,0.10231225323153803,30.53776452475727,steady,False
OpenFOAM,0.3,9.0,pitch,-0.02744708520723912,-0.035075225935632726,0.007628140728393604,-21.747944667247943,steady,False
OpenFOAM,0.3,9.0,cm,-0.029413621084856494,-0.037588304818040416,0.008174683733183922,-21.747944667247943,steady,False
OpenFOAM,0.3,9.0,axial,14.580868811576847,14.646125499800398,-0.0652566882235508,-0.44555598150815,steady,False
OpenFOAM,0.3,9.0,ca,0.9033137785786275,0.9073565600053378,-0.004042781426710329,-0.44555598150815,steady,False
OpenFOAM,0.3,9.0,side,1.5336918870658685,1.1837915916167665,0.34990029544910195,29.557592563334968,steady,False
OpenFOAM,0.3,9.0,cy,0.0950152581155437,0.07333823995617622,0.021677018159367484,29.557592563334943,steady,False
OpenFOAM,0.3,9.0,normal,0.08391682798962075,0.11060334706692455,-0.026686519077303808,-24.128129740193273,steady,False
OpenFOAM,0.3,9.0,cNormal,0.005198814141819256,0.006852096994600301,-0.0016532828527810444,-24.128129740193273,steady,False
OpenFOAM,0.3,10.0,roll,0.07304413761656686,0.05769863699261477,0.01534550062395209,26.595949963109632,steady,False
OpenFOAM,0.3,10.0,cl,0.07827762292795847,0.061832643896403285,0.01644497903155518,26.595949963109632,steady,False
OpenFOAM,0.3,10.0,yaw,0.4142732221050898,0.32908002677626746,0.08519319532882236,25.888291113681873,steady,False
OpenFOAM,0.3,10.0,cn,0.44395517733838863,0.3526580378611069,0.09129713947728174,25.88829111368185,steady,False
OpenFOAM,0.3,10.0,pitch,-0.02712529381062391,-0.03265462636548222,0.00552933255485831,-16.932769320255115,steady,False
OpenFOAM,0.3,10.0,cm,-0.029068773894820075,-0.03499427350225629,0.005925499607436217,-16.932769320255115,steady,False
OpenFOAM,0.3,10.0,axial,14.347582673453095,14.726960201197606,-0.37937752774451106,-2.5760749167615726,steady,False
OpenFOAM,0.3,10.0,ca,0.888861239046054,0.9123644302840562,-0.023503191238002263,-2.5760749167615837,steady,False
OpenFOAM,0.3,10.0,side,1.5622166569860279,1.2443555161876247,0.3178611407984031,25.544238496426264,steady,False
OpenFOAM,0.3,10.0,cy,0.09678242425856579,0.07709029535538645,0.01969212890317934,25.544238496426264,steady,False
OpenFOAM,0.3,10.0,normal,0.08321067452623514,0.09858413102692316,-0.015373456500688026,-15.594250657328978,steady,False
OpenFOAM,0.3,10.0,cNormal,0.005155066532433951,0.006107482692328668,-0.0009524161598947175,-15.59425065732899,steady,False
OpenFOAM,0.3,12.0,roll,0.09238875572155689,0.07911934773273453,0.013269407988822354,16.771381930051387,steady,False
OpenFOAM,0.3,12.0,cl,0.0990082492467546,0.08478811127375602,0.014220137972998578,16.771381930051387,steady,False
OpenFOAM,0.3,12.0,yaw,0.5173091358040719,0.4395232357286826,0.07778590007538927,17.69779018541047,steady,False
OpenFOAM,0.3,12.0,cn,0.5543734348980112,0.4710143104851003,0.08335912441291088,17.69779018541047,steady,False
OpenFOAM,0.3,12.0,pitch,-0.019067191966919576,-0.03534573172763237,0.016278539760712793,-46.0551782776834,steady,False
OpenFOAM,0.3,12.0,cm,-0.02043332308085205,-0.03787819187916405,0.017444868798312002,-46.0551782776834,steady,False
OpenFOAM,0.3,12.0,axial,14.720368927944111,14.698984341916166,0.021384586027945574,0.14548342613689424,steady,False
OpenFOAM,0.3,12.0,ca,0.9119560878165942,0.9106312702451675,0.001324817571426662,0.14548342613689424,steady,False
OpenFOAM,0.3,12.0,side,1.9491553705389222,1.659254055828343,0.2899013147105791,17.471785811959517,steady,False
OpenFOAM,0.3,12.0,cy,0.12075404597292497,0.10279408382044986,0.017959962152475112,17.471785811959496,steady,False
OpenFOAM,0.3,12.0,normal,0.04198037349326547,0.09906106200660078,-0.05708068851333531,-57.621720741830764,steady,False
OpenFOAM,0.3,12.0,cNormal,0.0026007675054476177,0.006137029513642343,-0.003536262008194725,-57.621720741830764,steady,False
OpenFOAM,0.3,15.0,roll,0.11983948533932137,0.101896350754,0.017943134585321374,17.609202343899444,steady,False
OpenFOAM,0.3,15.0,cl,0.12842577585780673,0.10919704691328377,0.01922872894452296,17.609202343899465,steady,False
OpenFOAM,0.3,15.0,yaw,0.6610490440851896,0.55467149288763,0.10637755119755965,19.178478173406056,steady,False
OpenFOAM,0.3,15.0,cn,0.7084120573976316,0.5944127398294882,0.11399931756814341,19.178478173406077,steady,False
OpenFOAM,0.3,15.0,pitch,-0.02076647177755726,-0.0310103265648303,0.010243854787273039,-33.03368884509229,steady,False
OpenFOAM,0.3,15.0,cm,-0.022254353331964502,-0.0332321624831407,0.010977809151176195,-33.03368884509229,steady,False
OpenFOAM,0.3,15.0,axial,14.847496851297404,14.771682653700001,0.07581419759740271,0.5132400916994628,steady,False
OpenFOAM,0.3,15.0,ca,0.9198319151277856,0.9151350750295302,0.004696840098255439,0.5132400916994628,steady,False
OpenFOAM,0.3,15.0,side,2.494268174211577,2.09803115073,0.3962370234815773,18.886136335187807,steady,False
OpenFOAM,0.3,15.0,cy,0.1545248666832914,0.129977196203621,0.024547670479670408,18.886136335187807,steady,False
OpenFOAM,0.3,15.0,normal,0.025170754013127742,0.07397884432129999,-0.04880809030817225,-65.97574043762052,steady,False
OpenFOAM,0.3,15.0,cNormal,0.0015593781969438535,0.0045831363180289545,-0.003023758121085101,-65.97574043762052,steady,False
OpenFOAM,0.5,-6.0,roll,-0.14155701108782434,-0.10576689749321357,-0.035790113594610776,33.838672063636174,steady,True
OpenFOAM,0.5,-6.0,cl,-0.05454737515740642,-0.04075606423491023,-0.013791310922496192,33.838672063636196,steady,True
OpenFOAM,0.5,-6.0,yaw,-0.8308259051843316,-0.6400952140161078,-0.19073069116822383,29.797237503391827,steady,True
OpenFOAM,0.5,-6.0,cn,-0.3201492599505694,-0.24665336960056902,-0.0734958903500004,29.797237503391827,steady,True
OpenFOAM,0.5,-6.0,pitch,-0.05089808331770866,-0.06247024155322839,0.011572158235519728,-18.524273234416032,steady,True
OpenFOAM,0.5,-6.0,cm,-0.019612994257144106,-0.02407219307607183,0.004459198818927725,-18.524273234416043,steady,True
OpenFOAM,0.5,-6.0,axial,40.281608563872254,41.002519687824346,-0.7209111239520922,-1.7582117622058413,steady,True
OpenFOAM,0.5,-6.0,ca,0.897330123101888,0.913389443736408,-0.01605932063451998,-1.7582117622058413,steady,True
OpenFOAM,0.5,-6.0,side,-3.0844458619760475,-2.385739868203593,-0.6987059937724545,29.28676353547983,steady,True
OpenFOAM,0.5,-6.0,cy,-0.06871041856829989,-0.053145748790783105,-0.015564669777516783,29.28676353547983,steady,True
OpenFOAM,0.5,-6.0,normal,0.1823808154667465,0.21616478719102594,-0.03378397172427944,-15.628804378034234,steady,True
OpenFOAM,0.5,-6.0,cNormal,0.004062792063894337,0.004815378084836103,-0.0007525860209417661,-15.628804378034234,steady,True
OpenFOAM,0.5,0.0,roll,-0.0008111019398387225,-0.00045993721235455093,-0.0003511647274841716,,steady,True
OpenFOAM,0.5,0.0,cl,-0.0003125488554984641,-0.00017723154422630576,-0.00013531731127215836,,steady,True
OpenFOAM,0.5,0.0,yaw,0.0836378691960835,0.046004184096008455,0.037633685100075046,81.80491805166115,steady,True
OpenFOAM,0.5,0.0,cn,0.032228896282462276,0.01772718616627533,0.014501710116186946,81.80491805166116,steady,True
OpenFOAM,0.5,0.0,pitch,-0.051659181248405836,0.09549280948818187,-0.1471519907365877,-154.09745668316435,steady,True
OpenFOAM,0.5,0.0,cm,-0.019906274639643194,0.036797061932558876,-0.05670333657220207,-154.09745668316435,steady,True
OpenFOAM,0.5,0.0,axial,41.00916024351297,41.15449066546906,-0.14533042195608914,-0.3531338126316008,steady,True
OpenFOAM,0.5,0.0,ca,0.9135373715592031,0.9167748134110478,-0.0032374418518447134,-0.3531338126316008,steady,True
OpenFOAM,0.5,0.0,side,0.25369326274437126,0.14560280878474252,0.10809045395962874,74.23651704372571,steady,True
OpenFOAM,0.5,0.0,cy,0.005651378254360424,0.0032435096558674757,0.002407868598492948,74.23651704372571,steady,True
OpenFOAM,0.5,0.0,normal,0.18568737368554689,-0.27213334734892214,0.457820721034469,-168.2339652580187,steady,True
OpenFOAM,0.5,0.0,cNormal,0.004136450351120255,-0.006062157366172045,0.0101986077172923,-168.2339652580187,steady,True
OpenFOAM,0.5,3.0,roll,0.0700273143247505,0.05779276267065868,0.012234551654091819,21.169695111847098,steady,True
OpenFOAM,0.5,3.0,cl,0.026984224634185826,0.0222697800875687,0.004714444546617125,21.169695111847076,steady,True
OpenFOAM,0.5,3.0,yaw,0.43647762198508977,0.3963151532987764,0.040162468686313346,10.133972509508226,steady,True
OpenFOAM,0.5,3.0,cn,0.16819165939765424,0.1527155114495972,0.015476147948057045,10.133972509508204,steady,True
OpenFOAM,0.5,3.0,pitch,-0.06345659120145214,-0.01663694660078168,-0.04681964460067046,281.4196963189787,steady,True
OpenFOAM,0.5,3.0,cm,-0.02445227163159217,-0.006410857086715024,-0.018041414544877146,281.4196963189787,steady,True
OpenFOAM,0.5,3.0,axial,41.005729128742516,40.773860441716565,0.2318686870259512,0.5686699383233407,steady,True
OpenFOAM,0.5,3.0,ca,0.9134609385976329,0.9082957338083912,0.005165204789241651,0.5686699383233407,steady,True
OpenFOAM,0.5,3.0,side,1.6093849433732537,1.446288940273453,0.16309600309980077,11.27686166700299,steady,True
OpenFOAM,0.5,3.0,cy,0.03585133863424399,0.032218143194520925,0.0036331954397230623,11.27686166700299,steady,True
OpenFOAM,0.5,3.0,normal,0.22303484577628743,0.08916556860471456,0.13386927717157288,150.13561766766398,steady,True
OpenFOAM,0.5,3.0,cNormal,0.004968418411074684,0.0019862898604371656,0.0029821285506375188,150.13561766766395,steady,True
OpenFOAM,0.5,6.0,roll,0.13764301688423153,0.10619842486407186,0.03144459202015967,29.60928286874973,steady,True
OpenFOAM,0.5,6.0,cl,0.05303916225755342,0.04092234837165492,0.012116813885898498,29.60928286874971,steady,True
OpenFOAM,0.5,6.0,yaw,0.7381791502618963,0.4855313495890221,0.2526478006728742,52.03532189769575,steady,True
OpenFOAM,0.5,6.0,cn,0.2844488925930317,0.18709395227540396,0.09735494031762773,52.03532189769575,steady,True
OpenFOAM,0.5,6.0,pitch,-0.07305241302790992,-0.06532429813666056,-0.00772811489124936,11.830383351508633,steady,True
OpenFOAM,0.5,6.0,cm,-0.028149911819732892,-0.025171971137084668,-0.0029779406826482245,11.830383351508633,steady,True
OpenFOAM,0.5,6.0,axial,40.78561047644711,41.01417143912176,-0.2285609626746492,-0.5572731440251277,steady,True
OpenFOAM,0.5,6.0,ca,0.908557482544033,0.9136490030687887,-0.005091520524755699,-0.5572731440251277,steady,True
OpenFOAM,0.5,6.0,side,2.797356259301397,1.9116004532934132,0.8857558060079838,46.33582318323653,steady,True
OpenFOAM,0.5,6.0,cy,0.06231508934253591,0.04258361895740811,0.019731470385127806,46.33582318323653,steady,True
OpenFOAM,0.5,6.0,normal,0.2536464330516687,0.2165077340468064,0.037138699004862274,17.15352071295215,steady,True
OpenFOAM,0.5,6.0,cNormal,0.005650335056349823,0.004823017713820306,0.0008273173425295171,17.15352071295215,steady,True
OpenFOAM,0.5,9.0,roll,0.21038218183832336,0.16362933695808385,0.04675284488023951,28.5724099048424,steady,True
OpenFOAM,0.5,9.0,cl,0.08106836751483078,0.06305269347819661,0.018015674036634163,28.5724099048424,steady,True
OpenFOAM,0.5,9.0,yaw,1.193696908600998,0.9217490935462274,0.2719478150547707,29.50345348412671,steady,True
OpenFOAM,0.5,9.0,cn,0.4599774507622071,0.35518547064738065,0.10479198011482643,29.50345348412671,steady,True
OpenFOAM,0.5,9.0,pitch,-0.03176236469274811,-0.08068184610191456,0.04891948140916645,-60.632575694132015,steady,True
OpenFOAM,0.5,9.0,cm,-0.01223926395073986,-0.03108982659278401,0.01885056264204415,-60.632575694132015,steady,True
OpenFOAM,0.5,9.0,axial,40.797660844510986,40.98900946187624,-0.1913486173652572,-0.4668290838870548,steady,True
OpenFOAM,0.5,9.0,ca,0.9088259216318374,0.9130884842378834,-0.004262562606045961,-0.4668290838870659,steady,True
OpenFOAM,0.5,9.0,side,4.466288914371257,3.474942606506986,0.9913463078642715,28.528422484098904,steady,True
OpenFOAM,0.5,9.0,cy,0.09949293794925096,0.07740928895440219,0.02208364899484877,28.528422484098904,steady,True
OpenFOAM,0.5,9.0,normal,0.09103422634291417,0.24699667299299402,-0.15596244665007986,-63.14354147373624,steady,True
OpenFOAM,0.5,9.0,cNormal,0.0020279168693386382,0.005502202193120516,-0.003474285323781878,-63.14354147373624,steady,True
OpenFOAM,0.5,10.0,roll,0.2161645850738523,0.17015064591017962,0.04601393916367269,27.043058765679252,steady,False
OpenFOAM,0.5,10.0,cl,0.08329655046512005,0.06556560529509436,0.017730945170025686,27.043058765679273,steady,False
OpenFOAM,0.5,10.0,yaw,1.2170580085504792,0.9837005524413573,0.23335745610912184,23.72240775203116,steady,False
OpenFOAM,0.5,10.0,cn,0.4689793834340083,0.37905775675975645,0.08992162667425185,23.72240775203116,steady,False
OpenFOAM,0.5,10.0,pitch,-0.08794024818235084,-0.08776002817705227,-0.00018022000529857585,0.20535545514523967,steady,False
OpenFOAM,0.5,10.0,cm,-0.03388676881614883,-0.03381732309838221,-6.944571776661829e-05,0.20535545514523967,steady,False
OpenFOAM,0.5,10.0,axial,40.185981461077844,41.29427227145709,-1.1082908103792448,-2.683885075134995,steady,False
OpenFOAM,0.5,10.0,ca,0.8951998933771658,0.9198886474951492,-0.024688754117983436,-2.683885075134995,steady,False
OpenFOAM,0.5,10.0,side,4.579534950279441,3.7008829531337324,0.8786519971457083,23.74168565373589,steady,False
OpenFOAM,0.5,10.0,cy,0.10201565446840781,0.08244243152940099,0.019573222939006818,23.741685653735868,steady,False
OpenFOAM,0.5,10.0,normal,0.26134435251362875,0.25792375854030536,0.0034205939733233937,1.3262035233519764,steady,False
OpenFOAM,0.5,10.0,cNormal,0.005821817161079481,0.005745618565229048,7.619859585043364e-05,1.3262035233519986,steady,False
OpenFOAM,0.5,12.0,roll,0.26827590051896205,0.22857509954091815,0.039700800978043904,17.36882147608423,steady,False
OpenFOAM,0.5,12.0,cl,0.10337704984615595,0.08807880026913337,0.015298249577022582,17.36882147608425,steady,False
OpenFOAM,0.5,12.0,yaw,1.5116766410167066,1.2764352624163873,0.23524137860031935,18.42955812384797,steady,False
OpenFOAM,0.5,12.0,cn,0.5825073037397488,0.4918597290809703,0.09064757465877848,18.429558123847944,steady,False
OpenFOAM,0.5,12.0,pitch,-0.0767036982952416,-0.08819174987449108,0.01148805157924948,-13.026220248037435,steady,False
OpenFOAM,0.5,12.0,cm,-0.029556892835744066,-0.03398368211665207,0.004426789280908006,-13.026220248037424,steady,False
OpenFOAM,0.5,12.0,axial,41.204495066067864,41.14575012075848,0.058744945309385344,0.1427728140499962,steady,False
OpenFOAM,0.5,12.0,ca,0.9178887325554089,0.9165801053459841,0.0013086272094248175,0.1427728140499962,steady,False
OpenFOAM,0.5,12.0,side,5.678640535469062,4.804161801017964,0.874478734451098,18.202524616589777,steady,False
OpenFOAM,0.5,12.0,cy,0.12649979463119,0.10701953705431744,0.01948025757687255,18.202524616589777,steady,False
OpenFOAM,0.5,12.0,normal,0.18441295674401798,0.23523288764152775,-0.050819930897509774,-21.604092610959423,steady,False
OpenFOAM,0.5,12.0,cNormal,0.004108060901150501,0.005240147142840253,-0.0011320862416897524,-21.604092610959423,steady,False
OpenFOAM,0.5,15.0,roll,0.3445503624451098,0.29181209899002,0.05273826345508981,18.072678836011335,steady,False
OpenFOAM,0.5,15.0,cl,0.1327685413564818,0.11244645473054883,0.020322086625932975,18.072678836011335,steady,False
OpenFOAM,0.5,15.0,yaw,1.9162852250383837,1.610454147872455,0.3058310771659287,18.9903622881755,steady,False
OpenFOAM,0.5,15.0,cn,0.7384185938618933,0.6205700862340116,0.1178485076278818,18.990362288175476,steady,False
OpenFOAM,0.5,15.0,pitch,0.019560291264739044,-0.0675876525565039,0.08714794382124294,-128.94062824328225,steady,False
OpenFOAM,0.5,15.0,cm,0.007537334517072411,-0.02604412887554364,0.03358146339261605,-128.94062824328225,steady,False
OpenFOAM,0.5,15.0,axial,41.573249404790424,41.36118089520958,0.21206850958084544,0.5127235368790117,steady,False
OpenFOAM,0.5,15.0,ca,0.9261032599280086,0.9213791322530556,0.004724127674953005,0.5127235368790117,steady,False
OpenFOAM,0.5,15.0,side,7.207071292075849,6.066938345508983,1.1401329465668661,18.79255864551257,steady,False
OpenFOAM,0.5,15.0,cy,0.1605477636144534,0.13514968062397073,0.025398082990482657,18.792558645512592,steady,False
OpenFOAM,0.5,15.0,normal,-0.1711549618851497,0.13943332583822357,-0.31058828772337327,-222.75039762282577,steady,False
OpenFOAM,0.5,15.0,cNormal,-0.0038127202088857324,0.0031060756484073064,-0.006918795857293039,-222.75039762282577,steady,False
OpenFOAM,0.6,-6.0,roll,-0.21203491831337323,-0.1576355614530938,-0.05439935686027944,34.50957154516594,steady,True
OpenFOAM,0.6,-6.0,cl,-0.056750896803898984,-0.04219097284451837,-0.014559923959380612,34.50957154516596,steady,True
OpenFOAM,0.6,-6.0,yaw,-1.2538105533717565,-0.9634282496403195,-0.29038230373143703,30.14052202017603,steady,True
OpenFOAM,0.6,-6.0,cn,-0.3355809217276088,-0.2578604392531811,-0.0777204824744277,30.14052202017603,steady,True
OpenFOAM,0.6,-6.0,pitch,-0.019979286672976965,-0.05813555550402515,0.03815626883104819,-65.63327468059774,steady,True
OpenFOAM,0.6,-6.0,cm,-0.005347432607858899,-0.015559913137373971,0.010212480529515074,-65.63327468059774,steady,True
OpenFOAM,0.6,-6.0,axial,59.114198101596806,60.059032464870256,-0.9448343632734506,-1.5731761310442405,steady,True
OpenFOAM,0.6,-6.0,ca,0.9146608987017356,0.9292801116080955,-0.014619212906359924,-1.5731761310442516,steady,True
OpenFOAM,0.6,-6.0,side,-4.637995093313373,-3.5792233449101793,-1.0587717484031938,29.58104723777062,steady,True
OpenFOAM,0.6,-6.0,cy,-0.07176267117644719,-0.055380530336947,-0.016382140839500188,29.58104723777064,steady,True
OpenFOAM,0.6,-6.0,normal,0.09063079441249501,0.20819045198722552,-0.11755965757473051,-56.46736267326224,steady,True
OpenFOAM,0.6,-6.0,cNormal,0.0014023102153041928,0.0032212847679754363,-0.0018189745526712435,-56.46736267326224,steady,True
OpenFOAM,0.6,0.0,roll,-0.0016205410378317365,-0.0007180306842838323,-0.0009025103535479042,,steady,True
OpenFOAM,0.6,0.0,cl,-0.0004337359050859303,-0.0001921800691601213,-0.00024155583592580897,,steady,True
OpenFOAM,0.6,0.0,yaw,0.08123845099976036,-0.1012478452857482,0.18248629628550855,-180.23721469872663,steady,True
OpenFOAM,0.6,0.0,cn,0.021743375977263387,-0.027098866852376488,0.04884224282963988,-180.23721469872663,steady,True
OpenFOAM,0.6,0.0,pitch,-0.09326101612518164,-0.027429136606308704,-0.06583187951887294,240.00711529407602,steady,True
OpenFOAM,0.6,0.0,cm,-0.024961201409877076,-0.0073413761909917235,-0.017619825218885353,240.00711529407602,steady,True
OpenFOAM,0.6,0.0,axial,60.08122574690619,60.36347743972056,-0.2822516928143699,-0.46758686673780137,steady,True
OpenFOAM,0.6,0.0,ca,0.9296235033472043,0.9339907212965366,-0.004367217949332258,-0.46758686673780137,steady,True
OpenFOAM,0.6,0.0,side,0.2421070520654072,-0.30360894802897803,0.5457160000943853,-179.74305554469336,steady,True
OpenFOAM,0.6,0.0,cy,0.00374606881148222,-0.00469767403054009,0.00844374284202231,-179.74305554469336,steady,True
OpenFOAM,0.6,0.0,normal,0.3229063167185629,0.1112312650578449,0.21167505166071798,190.3017569301564,steady,True
OpenFOAM,0.6,0.0,cNormal,0.004996257943627421,0.0017210567364321768,0.0032752012071952438,190.3017569301564,steady,True
OpenFOAM,0.6,3.0,roll,0.10390585131776447,0.08605156355129741,0.017854287766467067,20.748359506360046,steady,True
OpenFOAM,0.6,3.0,cl,0.027810279044420058,0.023031599897599637,0.004778679146820421,20.748359506360025,steady,True
OpenFOAM,0.6,3.0,yaw,0.6601093170352695,0.5414583904786826,0.11865092655658693,21.913212287964036,steady,True
OpenFOAM,0.6,3.0,cn,0.17667748325770957,0.14492070214702413,0.031756781110685445,21.913212287964036,steady,True
OpenFOAM,0.6,3.0,pitch,-0.0561457498286911,-0.05051352135164573,-0.0056322284770453646,11.14994228542705,steady,True
OpenFOAM,0.6,3.0,cm,-0.01502734398584487,-0.013519884650282105,-0.0015074593355627643,11.14994228542705,steady,True
OpenFOAM,0.6,3.0,axial,60.074136805988026,59.768791378443105,0.3053454275449212,0.5108777013935972,steady,True
OpenFOAM,0.6,3.0,ca,0.9295138177339459,0.924789275540331,0.004724542193614956,0.5108777013935972,steady,True
OpenFOAM,0.6,3.0,side,2.422622078982036,1.9986595493413175,0.42396252964071857,21.21234353196575,steady,True
OpenFOAM,0.6,3.0,cy,0.03748469503329895,0.030924816682068035,0.0065598783512309175,21.21234353196573,steady,True
OpenFOAM,0.6,3.0,normal,0.21126511947107984,0.20551585434772454,0.005749265123355302,2.7974800978749714,steady,True
OpenFOAM,0.6,3.0,cNormal,0.003268858417188403,0.0031799013108843484,8.895710630405472e-05,2.7974800978749714,steady,True
OpenFOAM,0.6,6.0,roll,0.20546673396606785,0.15772241837325351,0.047744315592814335,30.271102919450787,steady,True
OpenFOAM,0.6,6.0,cl,0.054992929979151686,0.042214219997166146,0.01277870998198554,30.271102919450787,steady,True
OpenFOAM,0.6,6.0,yaw,1.0862041899483637,0.7495916131285429,0.3366125768198207,44.90612900735551,steady,True
OpenFOAM,0.6,6.0,cn,0.29072127544868814,0.20062731469000253,0.09009396075868562,44.90612900735549,steady,True
OpenFOAM,0.6,6.0,pitch,-0.10075670258166386,-0.06329612006101853,-0.037460582520645325,59.183062855247194,steady,True
OpenFOAM,0.6,6.0,cm,-0.026967413084585824,-0.016941132178810124,-0.0100262809057757,59.18306285524717,steady,True
OpenFOAM,0.6,6.0,axial,59.80572157025948,60.071104505788426,-0.26538293552894743,-0.44178134847407957,steady,True
OpenFOAM,0.6,6.0,ca,0.9253606882215609,0.9294668996243416,-0.004106211402780668,-0.44178134847407957,steady,True
OpenFOAM,0.6,6.0,side,4.117064531397205,2.9243954918163673,1.1926690395808381,40.783438591613375,steady,True
OpenFOAM,0.6,6.0,cy,0.06370242793159174,0.045248523952011614,0.018453903979580126,40.783438591613375,steady,True
OpenFOAM,0.6,6.0,normal,0.3476685163165669,0.21415074601300907,0.13351777030355785,62.34756254150384,steady,True
OpenFOAM,0.6,6.0,cNormal,0.005379397975387917,0.0033135070777626768,0.0020658908976252405,62.34756254150382,steady,True
OpenFOAM,0.6,9.0,roll,0.3127963884491018,0.2448978660718563,0.0678985223772455,27.72524051202765,steady,True
OpenFOAM,0.6,9.0,cl,0.08371958591872966,0.06554662616653749,0.018172959752192172,27.72524051202765,steady,True
OpenFOAM,0.6,9.0,yaw,1.6729077104468466,1.3259524235747704,0.3469552868720762,26.166495924241694,steady,True
OpenFOAM,0.6,9.0,cn,0.4477517834949359,0.354889608540602,0.09286217495433391,26.166495924241694,steady,True
OpenFOAM,0.6,9.0,pitch,-0.07419369787909942,-0.09880667931108293,0.02461298143198351,-24.91024048535424,steady,True
OpenFOAM,0.6,9.0,cm,-0.019857856080164632,-0.026445491646955522,0.00658763556679089,-24.91024048535425,steady,True
OpenFOAM,0.6,9.0,axial,59.83237065728542,60.05156750578843,-0.21919684850300314,-0.36501436616434013,steady,True
OpenFOAM,0.6,9.0,ca,0.9257730236447166,0.9291646079490452,-0.003391584304328621,-0.36501436616434013,steady,True
OpenFOAM,0.6,9.0,side,6.314752131277444,5.0277172099002,1.287034921377244,25.598793003769437,steady,True
OpenFOAM,0.6,9.0,cy,0.09770676157268061,0.07779275519769387,0.019914006374986748,25.598793003769437,steady,True
OpenFOAM,0.6,9.0,normal,0.21053439635630739,0.2981169001977625,-0.0875825038414551,-29.37857725722872,steady,True
OpenFOAM,0.6,9.0,cNormal,0.0032575521002235477,0.0046126967904466165,-0.0013551446902230688,-29.37857725722872,steady,True
OpenFOAM,0.6,10.0,roll,0.3264913325508982,0.25602282180439123,0.07046851074650695,27.524308282308873,steady,True
OpenFOAM,0.6,10.0,cl,0.0873850216197851,0.06852420749958917,0.01886081412019594,27.524308282308873,steady,True
OpenFOAM,0.6,10.0,yaw,1.8413758987372453,1.476743755013014,0.36463214372423125,24.69163268755572,steady,True
OpenFOAM,0.6,10.0,cn,0.4928420961871036,0.3952487312617324,0.09759336492537124,24.691632687555742,steady,True
OpenFOAM,0.6,10.0,pitch,-0.041929555357706164,-0.11990912741807025,0.07797957206036409,-65.03222376765675,steady,True
OpenFOAM,0.6,10.0,cm,-0.011222396235801848,-0.032093537093221707,0.02087114085741986,-65.03222376765675,steady,True
OpenFOAM,0.6,10.0,axial,59.00482555528942,60.57810190019959,-1.5732763449101697,-2.597104061632849,steady,True
OpenFOAM,0.6,10.0,ca,0.9129686015089888,0.9373115580533464,-0.024342956544357586,-2.597104061632849,steady,True
OpenFOAM,0.6,10.0,side,6.906594464191617,5.544153544750498,1.3624409194411191,24.574372055967885,steady,True
OpenFOAM,0.6,10.0,cy,0.10686420694955338,0.08578346026222969,0.021080746687323695,24.574372055967885,steady,True
OpenFOAM,0.6,10.0,normal,0.10571787958700599,0.34448214183073855,-0.23876426224373257,-69.31107109785954,steady,True
OpenFOAM,0.6,10.0,cNormal,0.001635749343765196,0.005330095908466548,-0.003694346564701352,-69.31107109785954,steady,True
OpenFOAM,0.6,12.0,roll,0.4003901892714571,0.340110557736527,0.0602796315349301,17.72354023235787,steady,False
OpenFOAM,0.6,12.0,cl,0.10716396381022358,0.09103019124187717,0.016133772568346416,17.72354023235787,steady,False
OpenFOAM,0.6,12.0,yaw,2.290339643611537,1.7951952907708382,0.4951443528406987,27.581642809907827,steady,False
OpenFOAM,0.6,12.0,cn,0.6130067150938658,0.48048191071439983,0.132524804379466,27.581642809907827,steady,False
OpenFOAM,0.6,12.0,pitch,-0.0644641804520909,-0.1298659443826674,0.0654017639305765,-50.36098127301292,steady,False
OpenFOAM,0.6,12.0,cm,-0.01725376217033114,-0.0347584674572764,0.017504705286945258,-50.36098127301292,steady,False
OpenFOAM,0.6,12.0,axial,60.42013730958084,60.25956423413174,0.1605730754491006,0.26646902859306376,steady,False
OpenFOAM,0.6,12.0,ca,0.9348674069177753,0.9323828952739709,0.0024845116438043657,0.26646902859306376,steady,False
OpenFOAM,0.6,12.0,side,8.564283908143715,6.8143528951896215,1.749931012954093,25.680076154984597,steady,False
OpenFOAM,0.6,12.0,cy,0.13251326868541155,0.10543697357566881,0.027076295109742743,25.680076154984597,steady,False
OpenFOAM,0.6,12.0,normal,0.11873625896475051,0.3402480333989421,-0.2215117744341916,-65.10302858223082,steady,False
OpenFOAM,0.6,12.0,cNormal,0.0018371798454667205,0.0052645824861788666,-0.003427402640712146,-65.10302858223082,steady,False
OpenFOAM,0.6,15.0,roll,0.5092336608183633,0.43044302104990023,0.07879063976846307,18.304545762243652,steady,False
OpenFOAM,0.6,15.0,cl,0.13629579110862852,0.11520756893191732,0.021088222176711205,18.304545762243652,steady,False
OpenFOAM,0.6,15.0,yaw,2.8470901995606184,2.3735457407306586,0.47354445882995977,19.95093040356519,steady,False
OpenFOAM,0.6,15.0,cn,0.7620203473649564,0.6352767292435336,0.12674361812142276,19.950930403565216,steady,False
OpenFOAM,0.6,15.0,pitch,0.0511416454267479,-0.09790661860515769,0.14904826403190558,-152.23512583249789,steady,False
OpenFOAM,0.6,15.0,cm,0.013688001321110277,-0.026204591456338255,0.039892592777448534,-152.23512583249789,steady,False
OpenFOAM,0.6,15.0,axial,60.9283961243513,60.58407274091816,0.3443233834331423,0.5683397762075382,steady,False
OpenFOAM,0.6,15.0,ca,0.9427315830247074,0.9374039435497761,0.005327639474931312,0.568339776207516,steady,False
OpenFOAM,0.6,15.0,side,10.677682342854292,8.929725856806387,1.7479564860479044,19.57458172935491,steady,False
OpenFOAM,0.6,15.0,cy,0.1652134147363651,0.13816767104426017,0.02704574369210494,19.57458172935491,steady,False
OpenFOAM,0.6,15.0,normal,-0.3160815386603693,0.19380276759281434,-0.5098843062531837,-263.09444007758776,steady,False
OpenFOAM,0.6,15.0,cNormal,-0.004890659663812836,0.002998667312930003,-0.007889326976742838,-263.09444007758776,steady,False
OpenFOAM,0.7,-6.0,roll,-0.3033570784031936,-0.22663732335728545,-0.07671975504590814,33.85133300615373,steady,True
OpenFOAM,0.7,-6.0,cl,-0.059660497767584,-0.04457221039766645,-0.015088287369917554,33.85133300615375,steady,True
OpenFOAM,0.7,-6.0,yaw,-1.725586028585269,-1.3731129322748705,-0.3524730963103986,25.669636344218794,steady,True
OpenFOAM,0.7,-6.0,cn,-0.3393668014871737,-0.2700467761024007,-0.069320025384773,25.669636344218794,steady,True
OpenFOAM,0.7,-6.0,pitch,0.012963086660393813,-0.02678318547639497,0.03974627213678878,-148.4000929307631,steady,True
OpenFOAM,0.7,-6.0,cm,0.0025494186812265963,-0.005267383855798726,0.007816802537025321,-148.4000929307631,steady,True
OpenFOAM,0.7,-6.0,axial,83.57113928243513,84.80553158303393,-1.234392300598799,-1.4555563505786129,steady,True
OpenFOAM,0.7,-6.0,ca,0.950149691247141,0.9641839316962035,-0.01403424044906254,-1.4555563505786018,steady,True
OpenFOAM,0.7,-6.0,side,-6.403087314610778,-5.083996404011976,-1.3190909105988018,25.945944996299698,steady,True
OpenFOAM,0.7,-6.0,cy,-0.07279895293092671,-0.057801744179271156,-0.014997208751655555,25.945944996299698,steady,True
OpenFOAM,0.7,-6.0,normal,0.0009347169435129753,0.11786202577540919,-0.11692730883189621,-99.20693969294732,steady,True
OpenFOAM,0.7,-6.0,cNormal,1.0627125858376193e-05,0.0013400148467738408,-0.0013293877209154645,-99.20693969294732,steady,True
OpenFOAM,0.7,0.0,roll,-0.0023475231908302993,-0.0016159652435083834,-0.0007315579473219159,,steady,True
OpenFOAM,0.7,0.0,cl,-0.00046168166842553663,-0.0003178079486732369,-0.00014387371975229974,,steady,True
OpenFOAM,0.7,0.0,yaw,0.03445587390090028,-0.039258542669579975,0.07371441657048025,,steady,True
OpenFOAM,0.7,0.0,cn,0.006776352801013712,-0.007720881970599899,0.014497234771613611,,steady,True
OpenFOAM,0.7,0.0,pitch,-0.05563374262435844,0.003363349698953662,-0.0589970923233121,-1754.1171036025808,steady,True
OpenFOAM,0.7,0.0,cm,-0.010941352663053395,0.0006614617936797642,-0.01160281445673316,-1754.1171036025808,steady,True
OpenFOAM,0.7,0.0,axial,84.84193732674652,85.12353813213572,-0.2816008053892034,-0.3308142630914612,steady,True
OpenFOAM,0.7,0.0,ca,0.9645978414076799,0.9677994600596794,-0.003201618651999527,-0.3308142630914612,steady,True
OpenFOAM,0.7,0.0,side,0.09305250565177046,-0.11188497944029141,0.2049374850920619,,steady,True
OpenFOAM,0.7,0.0,cy,0.0010579466819998857,-0.0012720597036629028,0.0023300063856627885,,steady,True
OpenFOAM,0.7,0.0,normal,0.2153967746542515,0.02217972890713601,0.19321704574711548,871.1425038425543,steady,True
OpenFOAM,0.7,0.0,cNormal,0.0024489217293269814,0.00025216914300808015,0.002196752586318901,871.1425038425543,steady,True
OpenFOAM,0.7,3.0,roll,0.1486844601057884,0.1239141510219561,0.024770309083832293,19.989895326356468,steady,True
OpenFOAM,0.7,3.0,cl,0.029241410640255018,0.02436989428211625,0.004871516358138768,19.989895326356468,steady,True
OpenFOAM,0.7,3.0,yaw,0.7181892599136528,0.7198001370936128,-0.001610877179960002,-0.2237950643444342,steady,True
OpenFOAM,0.7,3.0,cn,0.14124453255985145,0.14156133985145888,-0.0003168072916074349,-0.2237950643444453,steady,True
OpenFOAM,0.7,3.0,pitch,0.0560837167457175,-0.013598314721212286,0.06968203146692979,-512.4313776782308,steady,True
OpenFOAM,0.7,3.0,cm,0.011029847977565661,-0.002674347436816722,0.013704195414382383,-512.4313776782309,steady,True
OpenFOAM,0.7,3.0,axial,84.83911777524949,84.30616060339321,0.5329571718562818,0.6321687146488619,steady,True
OpenFOAM,0.7,3.0,ca,0.964565784934508,0.9585064072996548,0.0060593776348532025,0.6321687146488619,steady,True
OpenFOAM,0.7,3.0,side,2.7606289511776447,2.6830772033932133,0.07755174778443141,2.8904031418236498,steady,True
OpenFOAM,0.7,3.0,cy,0.031386562013288946,0.030504848902210883,0.0008817131110780627,2.8904031418236498,steady,True
OpenFOAM,0.7,3.0,normal,-0.11556789581305589,0.10364595237637085,-0.21921384818942674,-211.50256538083872,steady,True
OpenFOAM,0.7,3.0,cNormal,-0.0013139320759258317,0.0011783873056535304,-0.002492319381579362,-211.50256538083872,steady,True
OpenFOAM,0.7,6.0,roll,0.2945392483173653,0.22572583441317365,0.06881341390419163,30.485395738191844,steady,True
OpenFOAM,0.7,6.0,cl,0.05792631660088881,0.044392950087006805,0.013533366513882004,30.485395738191844,steady,True
OpenFOAM,0.7,6.0,yaw,1.5754955469620757,1.2575108155621757,0.3179847313999,25.28683868677055,steady,True
OpenFOAM,0.7,6.0,cn,0.3098488720195293,0.24731158936349418,0.06253728265603514,25.28683868677053,steady,True
OpenFOAM,0.7,6.0,pitch,-0.05593240623598636,-0.06891575961320555,0.01298335337721919,-18.839454792472953,steady,True
OpenFOAM,0.7,6.0,cm,-0.011000090108141469,-0.013553494595205466,0.002553404487063997,-18.839454792472942,steady,True
OpenFOAM,0.7,6.0,axial,84.37700413852295,84.81504792614771,-0.43804378762476404,-0.5164694218014132,steady,True
OpenFOAM,0.7,6.0,ca,0.9593118523804366,0.9642921263498724,-0.004980273969435789,-0.5164694218014132,steady,True
OpenFOAM,0.7,6.0,side,5.933784906187625,4.738213686926147,1.1955712192614776,25.232530617188953,steady,True
OpenFOAM,0.7,6.0,cy,0.06746328870170257,0.05387041878753091,0.013592869914171656,25.232530617188974,steady,True
OpenFOAM,0.7,6.0,normal,0.2267304132223912,0.23573217812594013,-0.009001764903548926,-3.8186407028147573,steady,True
OpenFOAM,0.7,6.0,cNormal,0.002577777854523877,0.0026801220874399885,-0.00010234423291611162,-3.818640702814746,steady,True
OpenFOAM,0.7,9.0,roll,0.44668482219560884,0.3535885506207585,0.09309627157485034,26.328983619919512,steady,True
OpenFOAM,0.7,9.0,cl,0.08784841605704964,0.06953939906724439,0.01830901698980525,26.328983619919534,steady,True
OpenFOAM,0.7,9.0,yaw,2.4351839384871057,1.9234424621376642,0.5117414763494414,26.605499588519276,steady,True
OpenFOAM,0.7,9.0,cn,0.4789216941648819,0.3782787443842692,0.10064294978061267,26.605499588519276,steady,True
OpenFOAM,0.7,9.0,pitch,0.03745974936111822,-0.07041544828132974,0.10787519764244796,-153.1981976617629,steady,True
OpenFOAM,0.7,9.0,cm,0.007367117671679561,-0.013848434712995553,0.021215552384675113,-153.1981976617629,steady,True
OpenFOAM,0.7,9.0,axial,84.49657476267465,84.71782798483034,-0.22125322215568133,-0.26116488986863695,steady,True
OpenFOAM,0.7,9.0,ca,0.9606712928834076,0.9631867986252665,-0.002515505741858881,-0.26116488986863695,steady,True
OpenFOAM,0.7,9.0,side,9.12188201764471,7.25682563247505,1.8650563851696598,25.70071929003417,steady,True
OpenFOAM,0.7,9.0,cy,0.10370988665556723,0.08250540429786511,0.021204482357702115,25.70071929003419,steady,True
OpenFOAM,0.7,9.0,normal,-0.13893060116632736,0.1992933987229541,-0.3382239998892814,-169.71159208311786,steady,True
OpenFOAM,0.7,9.0,cNormal,-0.0015795508944403038,0.002265836781574274,-0.0038453876760145777,-169.71159208311786,steady,True
OpenFOAM,0.7,10.0,roll,0.4735361284371257,0.3730078346427146,0.10052829379441114,26.950719115779997,steady,False
OpenFOAM,0.7,10.0,cl,0.09312919705781321,0.07335854235916434,0.019770654698648873,26.950719115779997,steady,False
OpenFOAM,0.7,10.0,yaw,2.6616236968224154,2.0393605083952298,0.6222631884271856,30.512662467747976,steady,False
OpenFOAM,0.7,10.0,cn,0.5234550499308563,0.40107606421730263,0.12237898571355371,30.512662467747997,steady,False
OpenFOAM,0.7,10.0,pitch,-0.0614871127881092,-0.16029500185839685,0.09880788907028765,-61.64127884509689,steady,False
OpenFOAM,0.7,10.0,cm,-0.01209252071697021,-0.03152482760866107,0.019432306891690863,-61.64127884509689,steady,False
OpenFOAM,0.7,10.0,axial,83.57480273912175,85.4261729229541,-1.8513701838323442,-2.1672165806866928,steady,False
OpenFOAM,0.7,10.0,ca,0.9501913423753843,0.9712402214938982,-0.02104887911851394,-2.1672165806866928,steady,False
OpenFOAM,0.7,10.0,side,9.941949375508981,7.696841648123752,2.2451077273852293,29.169207709145418,steady,False
OpenFOAM,0.7,10.0,cy,0.11303352102943012,0.08750810122173346,0.025525419807696667,29.16920770914544,steady,False
OpenFOAM,0.7,10.0,normal,0.14019156015650697,0.4444122732026726,-0.30422071304616566,-68.45461554285808,steady,False
OpenFOAM,0.7,10.0,cNormal,0.0015938871809320482,0.005052679523045693,-0.0034587923421136443,-68.45461554285808,steady,False
OpenFOAM,0.7,12.0,roll,0.5750749904471059,0.4871438221596806,0.08793116828742525,18.05035069470764,steady,False
OpenFOAM,0.7,12.0,cl,0.11309859774612649,0.09580538903998094,0.01729320870614555,18.05035069470764,steady,False
OpenFOAM,0.7,12.0,yaw,3.2910485272147714,2.7377356490098803,0.5533128782048911,20.21060281714928,steady,False
OpenFOAM,0.7,12.0,cn,0.6472424983271479,0.5384238021929394,0.10881869613420847,20.21060281714928,steady,False
OpenFOAM,0.7,12.0,pitch,-0.03889098660640488,-0.0920132874703042,0.05312230086389932,-57.73329301058141,steady,False
OpenFOAM,0.7,12.0,cm,-0.0076485956148571975,-0.018096029143628373,0.010447433528771175,-57.73329301058141,steady,False
OpenFOAM,0.7,12.0,axial,85.25295938323353,85.03910049001996,0.213858893213569,0.2514830142619662,steady,False
OpenFOAM,0.7,12.0,ca,0.9692708958068436,0.9668394587927973,0.002431437014046245,0.2514830142619662,steady,False
OpenFOAM,0.7,12.0,side,12.251445681836326,10.22999029031936,2.021455391516966,19.76009100839391,steady,False
OpenFOAM,0.7,12.0,cy,0.1392909972495078,0.11630835955171825,0.02298263769778955,19.76009100839391,steady,False
OpenFOAM,0.7,12.0,normal,0.002671118503924147,0.185733154392016,-0.18306203588809183,-98.56185153767089,steady,False
OpenFOAM,0.7,12.0,cNormal,3.0368886239671965e-05,0.0021116655919159247,-0.0020812967056762525,-98.56185153767089,steady,False
OpenFOAM,0.7,15.0,roll,0.7215599588203593,0.6103478915429141,0.11121206727744515,18.221094693439397,steady,False
OpenFOAM,0.7,15.0,cl,0.1419074397043206,0.12003563329565045,0.021871806408670147,18.221094693439397,steady,False
OpenFOAM,0.7,15.0,yaw,4.056743114410579,3.4268435623712574,0.6298995520393214,18.381333742689222,steady,False
OpenFOAM,0.7,15.0,cn,0.7978297879018805,0.6739489771554896,0.1238808107463909,18.381333742689222,steady,False
OpenFOAM,0.7,15.0,pitch,0.043135282982114706,-0.09822732642707063,0.14136260940918532,-143.9137300699523,steady,False
OpenFOAM,0.7,15.0,cm,0.00848331104586306,-0.01931812905063994,0.027801440096503,-143.9137300699523,steady,False
OpenFOAM,0.7,15.0,axial,85.99865101716567,85.57809417964073,0.42055683752494133,0.4914304782741796,steady,False
OpenFOAM,0.7,15.0,ca,0.9777489264024503,0.9729674677223701,0.004781458680080175,0.4914304782741796,steady,False
OpenFOAM,0.7,15.0,side,15.138163350698603,12.800140774451098,2.3380225762475053,18.265600491786515,steady,False
OpenFOAM,0.7,15.0,cy,0.17211110626486545,0.14552930484365018,0.026581801421215273,18.265600491786515,steady,False
OpenFOAM,0.7,15.0,normal,-0.3519495286997465,0.1391364828151697,-0.49108601151491615,-352.95272783866454,steady,False
OpenFOAM,0.7,15.0,cNormal,-0.004001438043084398,0.0015818916353558955,-0.005583329678440294,-352.95272783866454,steady,False
OpenFOAM,0.8,-6.0,roll,-0.423210758251497,-0.3255202603512974,-0.09769049790019962,30.010573779577744,steady,True
OpenFOAM,0.8,-6.0,cl,-0.0637310803182905,-0.049019920815318696,-0.014711159502971805,30.010573779577744,steady,True
OpenFOAM,0.8,-6.0,yaw,-2.3757837823548305,-1.8744298668072654,-0.501353915547565,26.74700848645386,steady,True
OpenFOAM,0.8,-6.0,cn,-0.3577680011673288,-0.2822693848475054,-0.07549861631982341,26.74700848645386,steady,True
OpenFOAM,0.8,-6.0,pitch,0.0568389684250063,-0.011747640754041843,0.06858660917904814,-583.8330488225947,steady,True
OpenFOAM,0.8,-6.0,cm,0.008559349665090988,-0.0017690708987160185,0.010328420563807006,-583.8330488225947,steady,True
OpenFOAM,0.8,-6.0,axial,119.11275036926148,120.4477971996008,-1.3350468303393228,-1.108402861139035,steady,True
OpenFOAM,0.8,-6.0,ca,1.036945194694689,1.0485675473909457,-0.011622352696256666,-1.108402861139035,steady,True
OpenFOAM,0.8,-6.0,side,-8.746696420499001,-6.9273298148502995,-1.8193666056487015,26.26360595316939,steady,True
OpenFOAM,0.8,-6.0,cy,-0.07614503732448666,-0.06030640163463137,-0.015838635689855288,26.26360595316939,steady,True
OpenFOAM,0.8,-6.0,normal,-0.09712997844782435,0.09795171450701597,-0.19508169295484032,-199.16108047385657,steady,True
OpenFOAM,0.8,-6.0,cNormal,-0.0008455724857333311,0.0008527261720955762,-0.0016982986578289072,-199.16108047385657,steady,True
OpenFOAM,0.8,0.0,roll,-0.0011343459595806388,-0.0006666481172039521,-0.00046769784237668673,,steady,True
OpenFOAM,0.8,0.0,cl,-0.0001708205475622648,-0.00010039018118796115,-7.043036637430366e-05,,steady,True
OpenFOAM,0.8,0.0,yaw,-0.007721038836492765,-0.0079091348117309,0.00018809597523813427,,steady,True
OpenFOAM,0.8,0.0,cn,-0.0011627070830197168,-0.001191032354699897,2.832527168018014e-05,,steady,True
OpenFOAM,0.8,0.0,pitch,0.04102973264555007,0.03262490504138635,0.008404827604163723,25.761998674024554,steady,True
OpenFOAM,0.8,0.0,cm,0.006178645357398089,0.004912966891861471,0.001265678465536618,25.761998674024554,steady,True
OpenFOAM,0.8,0.0,axial,120.53742102395209,120.8690972734531,-0.33167624950100105,-0.27440947023094076,steady,True
OpenFOAM,0.8,0.0,ca,1.049347774475814,1.0522352075343926,-0.0028874330585786367,-0.27440947023095186,steady,True
OpenFOAM,0.8,0.0,side,-0.03436378631895988,-0.007370163646267466,-0.026993622672692414,,steady,True
OpenFOAM,0.8,0.0,cy,-0.00029915658050455173,-6.416152555807969e-05,-0.00023499505494647204,,steady,True
OpenFOAM,0.8,0.0,normal,-0.054264832331007984,-0.04822904288437724,-0.006035789446630746,12.514843931489072,steady,True
OpenFOAM,0.8,0.0,cNormal,-0.00047240666471146163,-0.00041986163621140756,-5.2545028500054075e-05,12.514843931489072,steady,True
OpenFOAM,0.8,3.0,roll,0.21087492357684634,0.18189826606387224,0.028976657512974097,15.930144987088092,steady,True
OpenFOAM,0.8,3.0,cl,0.031755541251158224,0.0273919619911586,0.004363579259999625,15.930144987088092,steady,True
OpenFOAM,0.8,3.0,yaw,1.1776737871797205,1.100397114651916,0.07727667252780446,7.0226167897804,steady,True
OpenFOAM,0.8,3.0,cn,0.1773452618019089,0.16570820927529745,0.011637052526611458,7.022616789780378,steady,True
OpenFOAM,0.8,3.0,pitch,0.018371401877362338,0.09845220050733233,-0.08008079862997,-81.33977525876213,steady,True
OpenFOAM,0.8,3.0,cm,0.002766539521450434,0.01482586388864098,-0.012059324367190545,-81.33977525876213,steady,True
OpenFOAM,0.8,3.0,axial,120.5168643233533,119.96751644710578,0.5493478762475235,0.4579138524466675,steady,True
OpenFOAM,0.8,3.0,ca,1.0491688165402562,1.0443864264206035,0.004782390119652646,0.4579138524466675,steady,True
OpenFOAM,0.8,3.0,side,4.356315600479042,4.023993178263473,0.33232242221556874,8.25852349876448,steady,True
OpenFOAM,0.8,3.0,cy,0.037924239969997255,0.035031181605234135,0.0028930583647631194,8.25852349876448,steady,True
OpenFOAM,0.8,3.0,normal,0.03785543391896008,-0.21297784045608784,0.25083327437504793,-117.77435334957545,steady,True
OpenFOAM,0.8,3.0,cNormal,0.00032955338680079697,-0.001854094944099155,0.002183648330899952,-117.77435334957545,steady,True
OpenFOAM,0.8,6.0,roll,0.4170773799161676,0.32631150555489025,0.09076587436127737,27.81571376312051,steady,False
OpenFOAM,0.8,6.0,cl,0.0628074581756817,0.04913907400468935,0.013668384170992351,27.81571376312051,steady,False
OpenFOAM,0.8,6.0,yaw,2.321279165270319,1.8690012279229542,0.45227793734736466,24.198910658287097,steady,False
OpenFOAM,0.8,6.0,cn,0.34956018021428387,0.2814518890395434,0.06810829117474049,24.19891065828712,steady,False
OpenFOAM,0.8,6.0,pitch,0.007618650412161096,-0.010859832361046423,0.01847848277320752,-170.15440164149075,steady,False
OpenFOAM,0.8,6.0,cm,0.001147288465303796,-0.0016353763106223488,0.0027826647759261447,-170.15440164149075,steady,False
OpenFOAM,0.8,6.0,axial,120.02266389221556,120.45255511177645,-0.4298912195608864,-0.3568967210051843,steady,False
OpenFOAM,0.8,6.0,ca,1.0448665167386342,1.0486089677607384,-0.003742451022104243,-0.3568967210051732,steady,False
OpenFOAM,0.8,6.0,side,8.582068458143713,6.933340473852295,1.6487279842914182,23.77970605236055,steady,False
OpenFOAM,0.8,6.0,cy,0.07471185595685409,0.06035872788811595,0.01435312806873814,23.77970605236055,steady,False
OpenFOAM,0.8,6.0,normal,0.0755246045101018,0.0803476933103573,-0.00482308880025549,-6.002771954666386,steady,False
OpenFOAM,0.8,6.0,cNormal,0.0006574852438985997,0.0006994730138015383,-4.198776990293855e-05,-6.002771954666397,steady,False
OpenFOAM,0.8,9.0,roll,0.6288214031956089,0.5103651012814371,0.11845630191417178,23.210110098975978,steady,False
OpenFOAM,0.8,9.0,cl,0.09469387668331497,0.07685560592977832,0.017838270753536653,23.210110098975978,steady,False
OpenFOAM,0.8,9.0,yaw,3.4935908209461077,2.8542361087297405,0.6393547122163672,22.400204042716986,steady,False
OpenFOAM,0.8,9.0,cn,0.5260979615188486,0.42981787949899447,0.09628008201985411,22.400204042716965,steady,False
OpenFOAM,0.8,9.0,pitch,0.039837631162455284,-0.023291836959676123,0.06312946812213141,-271.0368797077877,steady,False
OpenFOAM,0.8,9.0,cm,0.005999127436633138,-0.0035075051923786848,0.009506632629011823,-271.0368797077877,steady,False
OpenFOAM,0.8,9.0,axial,120.2864340219561,120.46555386227546,-0.179119840319359,-0.14868967482948303,steady,False
OpenFOAM,0.8,9.0,ca,1.0471627878573055,1.0487221293813476,-0.0015593415240420239,-0.14868967482949413,steady,False
OpenFOAM,0.8,9.0,side,12.904731125748503,10.594066118962076,2.3106650067864276,21.810936243361944,steady,False
OpenFOAM,0.8,9.0,cy,0.11234312773559428,0.09222745608912138,0.020115671646472905,21.810936243361944,steady,False
OpenFOAM,0.8,9.0,normal,-0.14252453956127745,0.05154537314097205,-0.1940699127022495,-376.50307074407124,steady,False
OpenFOAM,0.8,9.0,cNormal,-0.001240758323235552,0.0004487322039124791,-0.001689490527148031,-376.50307074407124,steady,False
OpenFOAM,0.8,10.0,roll,0.6796773082874251,0.5469338004331338,0.13274350785429134,24.270488996870853,steady,False
OpenFOAM,0.8,10.0,cl,0.10235224006107164,0.08236246665421015,0.01998977340686149,24.27048899687083,steady,False
OpenFOAM,0.8,10.0,yaw,3.9055684371870263,3.0917259217321353,0.813842515454891,26.32324261779766,steady,False
OpenFOAM,0.8,10.0,cn,0.5881374490273044,0.46558134262494133,0.12255610640236303,26.32324261779764,steady,False
OpenFOAM,0.8,10.0,pitch,0.018264914051758466,-0.11558528975836542,0.13385020381012389,-115.80210949848535,steady,False
OpenFOAM,0.8,10.0,cm,0.0027505035771031795,-0.01740592657813705,0.02015643015524023,-115.80210949848535,steady,False
OpenFOAM,0.8,10.0,axial,119.29535274451096,121.25011715369261,-1.9547644091816494,-1.6121752746051876,steady,False
OpenFOAM,0.8,10.0,ca,1.03853485369398,1.055552205359333,-0.017017351665352898,-1.6121752746051876,steady,False
OpenFOAM,0.8,10.0,side,14.365820777844313,11.455772203193613,2.9100485746507,25.40246543868465,steady,False
OpenFOAM,0.8,10.0,cy,0.12506275589514912,0.09972910457354475,0.025333651321604367,25.40246543868463,steady,False
OpenFOAM,0.8,10.0,normal,-0.11544630243964271,0.2920529191952016,-0.4074992216348443,-139.52924105596117,steady,False
OpenFOAM,0.8,10.0,cNormal,-0.0010050266507064915,0.002542489114030004,-0.0035475157647364957,-139.52924105596117,steady,False
OpenFOAM,0.8,12.0,roll,0.818505989043912,0.697898017748503,0.12060797129540901,17.28160393469862,steady,False
OpenFOAM,0.8,12.0,cl,0.1232583763803099,0.10509608689265461,0.01816228948765529,17.28160393469862,steady,False
OpenFOAM,0.8,12.0,yaw,4.649210669578842,3.9832720083061885,0.6659386612726537,16.718382773860107,steady,False
OpenFOAM,0.8,12.0,cn,0.7001221325841243,0.5998387879830369,0.10028334460108734,16.718382773860107,steady,False
OpenFOAM,0.8,12.0,pitch,-0.12453142929477426,-0.016861841699273718,-0.10766958759550055,638.5399027921021,steady,False
OpenFOAM,0.8,12.0,cm,-0.018753120916223068,-0.00253921566665871,-0.016213905249564356,638.5399027921022,steady,False
OpenFOAM,0.8,12.0,axial,121.28864410978044,120.90295271457086,0.3856913952095766,0.31900907839705894,steady,False
OpenFOAM,0.8,12.0,ca,1.0558876047339392,1.0525299386767135,0.00335766605722565,0.31900907839705894,steady,False
OpenFOAM,0.8,12.0,side,17.137245826347304,14.674231575648701,2.4630142506986026,16.784621654641697,steady,False
OpenFOAM,0.8,12.0,cy,0.14918960946533832,0.1277476497774899,0.021441959687848428,16.784621654641718,steady,False
OpenFOAM,0.8,12.0,normal,0.23185829812022635,-0.08708890192981956,0.3189472000500459,-366.2317390418689,steady,False
OpenFOAM,0.8,12.0,cNormal,0.0020184602180750404,-0.0007581591230779617,0.002776619341153002,-366.2317390418689,steady,False
OpenFOAM,0.8,15.0,roll,1.0151516084031935,0.8668709451037924,0.14828066329940115,17.105275489611337,steady,False
OpenFOAM,0.8,15.0,cl,0.15287113436738078,0.13054162908394534,0.02232950528343544,17.105275489611337,steady,False
OpenFOAM,0.8,15.0,yaw,5.772757426642315,4.910779284066667,0.8619781425756479,17.552777119761622,steady,False
OpenFOAM,0.8,15.0,cn,0.8693164340513263,0.7395116094668484,0.12980482458447795,17.552777119761643,steady,False
OpenFOAM,0.8,15.0,pitch,-0.09957753247165234,-0.06479272562762071,-0.034784806844031624,53.6862842349745,steady,False
OpenFOAM,0.8,15.0,cm,-0.014995327023508167,-0.009757101681618814,-0.005238225341889353,53.6862842349745,steady,False
OpenFOAM,0.8,15.0,axial,122.30064060279443,121.5839195508982,0.7167210518962293,0.5894867138217075,steady,False
OpenFOAM,0.8,15.0,ca,1.064697617912424,1.058458147760015,0.006239470152408888,0.5894867138217297,steady,False
OpenFOAM,0.8,15.0,side,21.26166869021956,18.1085250007984,3.15314368942116,17.412482183292898,steady,False
OpenFOAM,0.8,15.0,cy,0.18509508941037137,0.15764515490049774,0.027449934509873625,17.412482183292877,steady,False
OpenFOAM,0.8,15.0,normal,0.023696488868702594,-0.0340600172702994,0.05775650613900199,-169.5727447248423,steady,False
OpenFOAM,0.8,15.0,cNormal,0.00020629160343759844,-0.000296512095725811,0.0005028036991634095,-169.57274472484227,steady,False
OpenFOAM,0.85,-6.0,roll,-0.4977664772035928,-0.3933046238123753,-0.1044618533912175,26.560036945065434,steady,True
OpenFOAM,0.85,-6.0,cl,-0.06642504553910598,-0.05248500801871478,-0.013940037520391205,26.560036945065434,steady,True
OpenFOAM,0.85,-6.0,yaw,-2.711124482027884,-2.210580203745908,-0.5005442782819762,22.643117740482154,steady,True
OpenFOAM,0.85,-6.0,cn,-0.3617892634968056,-0.29499353095570063,-0.06679573254110499,22.643117740482154,steady,True
OpenFOAM,0.85,-6.0,pitch,0.02248054483436103,0.01676098871818417,0.0057195561161768604,34.124216729360704,steady,True
OpenFOAM,0.85,-6.0,cm,0.002999943312284524,0.002236690275208009,0.0007632530370765148,34.12421672936068,steady,True
OpenFOAM,0.85,-6.0,axial,146.80654827345307,147.9590139461078,-1.1524656726547278,-0.7789087274361672,steady,True
OpenFOAM,0.85,-6.0,ca,1.1325427720923955,1.1414334972201228,-0.008890725127727261,-0.7789087274361561,steady,True
OpenFOAM,0.85,-6.0,side,-9.901194724291416,-8.086307835728544,-1.8148868885628726,22.443950013181247,steady,True
OpenFOAM,0.85,-6.0,cy,-0.07638301323717817,-0.062382023145247635,-0.01400099009193053,22.443950013181247,steady,True
OpenFOAM,0.85,-6.0,normal,0.06139714827026747,0.056442535458742525,0.004954612811524942,8.778154225808276,steady,True
OpenFOAM,0.85,-6.0,cNormal,0.0004736498291006443,0.0004354273451978357,3.8222483902808585e-05,8.778154225808276,steady,True
OpenFOAM,0.85,0.0,roll,0.00283367976943014,0.0034120764646654485,-0.0005783966952353087,,steady,True
OpenFOAM,0.85,0.0,cl,0.0003781438010552346,0.00045532864290419566,-7.718484184896104e-05,,steady,True
OpenFOAM,0.85,0.0,yaw,0.05189988412835522,0.1263948734625742,-0.07449498933421897,-58.93829970586355,steady,True
OpenFOAM,0.85,0.0,cn,0.006925842387112517,0.01686691573291113,-0.009941073345798614,-58.93829970586355,steady,True
OpenFOAM,0.85,0.0,pitch,0.031090568751522437,-0.079443287979885,0.11053385673140743,-139.13555133744535,steady,True
OpenFOAM,0.85,0.0,cm,0.0041489182975090015,-0.010601405003177428,0.01475032330068643,-139.13555133744535,steady,True
OpenFOAM,0.85,0.0,axial,148.178081247505,148.62391513972057,-0.4458338922155747,-0.29997453087979853,steady,True
OpenFOAM,0.85,0.0,ca,1.1431234973714584,1.1465628940340788,-0.0034393966626204975,-0.2999745308797874,steady,True
OpenFOAM,0.85,0.0,side,0.14611147360113771,0.3862664562816607,-0.24015498268052296,-62.17339838212743,steady,True
OpenFOAM,0.85,0.0,cy,0.001127180601225678,0.0029798621948980476,-0.0018526815936723696,-62.17339838212743,steady,True
OpenFOAM,0.85,0.0,normal,0.01390377796499002,0.2957282969876946,-0.28182451902270456,-95.29846209963175,steady,True
OpenFOAM,0.85,0.0,cNormal,0.00010726104131061034,0.0022814033106530783,-0.002174142269342468,-95.29846209963175,steady,True
OpenFOAM,0.85,3.0,roll,0.25241978709381235,0.22571753592814373,0.026702251165668628,11.829940928545835,steady,False
OpenFOAM,0.85,3.0,cl,0.03368446173168067,0.03012114774629407,0.003563313985386604,11.829940928545835,steady,False
OpenFOAM,0.85,3.0,yaw,1.508290600142555,1.27297238472499,0.2353182154175648,18.485728224843022,steady,False
OpenFOAM,0.85,3.0,cn,0.20127565111158827,0.1698733291571116,0.031402321954476675,18.485728224843022,steady,False
OpenFOAM,0.85,3.0,pitch,-0.05806947137784077,0.08175976677434989,-0.13982923815219067,-171.0245071247667,steady,False
OpenFOAM,0.85,3.0,cm,-0.007749150369415523,0.010910530298792239,-0.01865968066820776,-171.0245071247667,steady,False
OpenFOAM,0.85,3.0,axial,148.21848874650695,147.66427987225546,0.5542088742514863,0.37531681645075476,steady,False
OpenFOAM,0.85,3.0,ca,1.1434352220286428,1.1391597638686033,0.004275458160039491,0.37531681645075476,steady,False
OpenFOAM,0.85,3.0,side,5.425671933772454,4.637247107025948,0.7884248267465068,17.002001587363225,steady,False
OpenFOAM,0.85,3.0,cy,0.04185648123061091,0.03577415827314497,0.006082322957465941,17.002001587363225,steady,False
OpenFOAM,0.85,3.0,normal,0.2798332624860359,-0.12892044544970058,0.4087537079357365,-317.05887030557557,steady,False
OpenFOAM,0.85,3.0,cNormal,0.0021587806712086766,-0.0009945599865002265,0.003153340657708903,-317.05887030557557,steady,False
OpenFOAM,0.85,6.0,roll,0.49877575091816373,0.40032825738922156,0.09844749352894216,24.59169237040042,steady,False
OpenFOAM,0.85,6.0,cl,0.06655972928243162,0.0534222852391757,0.013137444043255918,24.59169237040042,steady,False
OpenFOAM,0.85,6.0,yaw,2.7492929687865875,2.2718567644408783,0.4774362043457092,21.01524232594876,steady,False
OpenFOAM,0.85,6.0,cn,0.36688270306579585,0.30317065521185743,0.06371204785393841,21.01524232594876,steady,False
OpenFOAM,0.85,6.0,pitch,-0.02027754510014481,0.025341060414747266,-0.04561860551489208,-180.01853422181284,steady,False
OpenFOAM,0.85,6.0,cm,-0.002705961366191963,0.00338166825037183,-0.006087629616563793,-180.01853422181284,steady,False
OpenFOAM,0.85,6.0,axial,147.6504098982036,148.02163231137726,-0.3712224131736548,-0.2507892984133231,steady,False
OpenFOAM,0.85,6.0,ca,1.1390527636084222,1.1419165681581716,-0.002863804549749327,-0.2507892984133231,steady,False
OpenFOAM,0.85,6.0,side,10.03910572790419,8.32319592510978,1.7159098027944104,20.61599676655188,steady,False
OpenFOAM,0.85,6.0,cy,0.07744693110848948,0.06420950220921803,0.013237428899271445,20.61599676655188,steady,False
OpenFOAM,0.85,6.0,normal,0.22629880473902195,0.014569879125189622,0.21172892561383233,1453.1961713242886,steady,False
OpenFOAM,0.85,6.0,cNormal,0.0017457877639281906,0.0001123996952966794,0.0016333880686315112,1453.1961713242883,steady,False
OpenFOAM,0.85,9.0,roll,0.7502628238003992,0.61934553399002,0.1309172898103792,21.138004978734347,steady,False
OpenFOAM,0.85,9.0,cl,0.10011972384563798,0.08264930883021716,0.01747041501542082,21.138004978734326,steady,False
OpenFOAM,0.85,9.0,yaw,4.165548146821358,3.4413372521437124,0.7242108946776455,21.04446154547952,steady,False
OpenFOAM,0.85,9.0,cn,0.5558765767080268,0.4592333838414983,0.0966431928665285,21.04446154547952,steady,False
OpenFOAM,0.85,9.0,pitch,-0.06037108934022111,-0.039042227329332595,-0.021328862010888516,54.63023876935436,steady,False
OpenFOAM,0.85,9.0,cm,-0.008056292543439843,-0.005210036929100631,-0.002846255614339212,54.63023876935436,steady,False
OpenFOAM,0.85,9.0,axial,148.07043688822355,148.10067643912177,-0.03023955089821584,-0.020418239555197726,steady,False
OpenFOAM,0.85,9.0,ca,1.142293072281471,1.1425263560498307,-0.00023328376835962672,-0.020418239555208828,steady,False
OpenFOAM,0.85,9.0,side,15.172134535928143,12.603287692614769,2.5688468433133735,20.382355032795594,steady,False
OpenFOAM,0.85,9.0,cy,0.11704580965879187,0.09722837672257305,0.01981743293621882,20.382355032795594,steady,False
OpenFOAM,0.85,9.0,normal,0.20405154321039723,0.1443937951511577,0.05965774805923954,41.31600530118848,steady,False
OpenFOAM,0.85,9.0,cNormal,0.001574160710915806,0.0011139295280536545,0.0004602311828621516,41.31600530118846,steady,False
OpenFOAM,0.85,10.0,roll,0.8187391983253494,0.6736396343772455,0.14509956394810386,21.539641752558538,steady,False
OpenFOAM,0.85,10.0,cl,0.10925763590778811,0.08989465028227149,0.019362985625516624,21.539641752558538,steady,False
OpenFOAM,0.85,10.0,yaw,4.60276057347026,3.7947389792870263,0.8080215941832334,21.293206162365564,steady,False
OpenFOAM,0.85,10.0,cn,0.6142209142246288,0.5063935018771126,0.10782741234751614,21.293206162365564,steady,False
OpenFOAM,0.85,10.0,pitch,-0.09333637640567229,-0.11625683368893387,0.022920457283261586,-19.71536343798026,steady,False
OpenFOAM,0.85,10.0,cm,-0.012455384878532292,-0.015514032836046446,0.003058647957514154,-19.715363437980272,steady,False
OpenFOAM,0.85,10.0,axial,147.25017246107782,148.9125226686627,-1.6623502075848648,-1.1163266713865805,steady,False
OpenFOAM,0.85,10.0,ca,1.1359651219339293,1.1487893640023394,-0.012824242068410152,-1.1163266713865583,steady,False
OpenFOAM,0.85,10.0,side,16.745215909381237,13.853245566467065,2.8919703429141723,20.8757603338414,steady,False
OpenFOAM,0.85,10.0,cy,0.1291813850835268,0.10687120786396419,0.02231017721956262,20.8757603338414,steady,False
OpenFOAM,0.85,10.0,normal,0.25021911062354096,0.3121245178843513,-0.06190540726081034,-19.833561195518644,steady,False
OpenFOAM,0.85,10.0,cNormal,0.0019303215592823997,0.002407892365021076,-0.00047757080573867616,-19.833561195518644,steady,False
OpenFOAM,0.85,12.0,roll,0.982052825752495,0.8457472920998004,0.1363055336526946,16.116579376125294,steady,False
OpenFOAM,0.85,12.0,cl,0.13105121911561776,0.11286176342752581,0.01818945568809195,16.116579376125294,steady,False
OpenFOAM,0.85,12.0,yaw,5.399003360789221,4.757264656620358,0.6417387041688629,13.489657407977074,steady,False
OpenFOAM,0.85,12.0,cn,0.7204764895397454,0.6348388972131164,0.08563759232662904,13.489657407977052,steady,False
OpenFOAM,0.85,12.0,pitch,-0.23188939764850236,-0.08439639115226152,-0.14749300649624084,174.76221966665045,steady,False
OpenFOAM,0.85,12.0,cm,-0.030944759248095158,-0.011262377806395014,-0.019682381441700144,174.76221966665045,steady,False
OpenFOAM,0.85,12.0,axial,149.2642150738523,148.7099821556886,0.5542329181637058,0.3726938233261645,steady,False
OpenFOAM,0.85,12.0,ca,1.151502503819205,1.1472268601718059,0.0042756436473991855,0.3726938233261867,steady,False
OpenFOAM,0.85,12.0,side,19.74674312055888,17.298538967664673,2.4482041528942062,14.152664323099874,steady,False
OpenFOAM,0.85,12.0,cy,0.1523367414912395,0.13345000959422434,0.018886731897015147,14.152664323099874,steady,False
OpenFOAM,0.85,12.0,normal,0.578533530955489,0.12056163533137725,0.4579718956241117,379.8653646040255,steady,False
OpenFOAM,0.85,12.0,cNormal,0.004463111329858936,0.0009300757377106803,0.0035330355921482553,379.8653646040255,steady,False
OpenFOAM,0.85,15.0,roll,1.216171361457086,1.051829464530938,0.16434189692614787,15.624386126075663,steady,False
OpenFOAM,0.85,15.0,cl,0.16229344836956885,0.14036264650313968,0.021930801866429178,15.624386126075663,steady,False
OpenFOAM,0.85,15.0,yaw,6.856668079260479,5.8342646817171655,1.0224033975433136,17.52411749071343,steady,False
OpenFOAM,0.85,15.0,cn,0.9149963090526183,0.7785604594094654,0.13643584964315292,17.52411749071343,steady,False
OpenFOAM,0.85,15.0,pitch,-0.3300319778718922,-0.08438823457105817,-0.24564374330083405,291.0876670775622,steady,False
OpenFOAM,0.85,15.0,cm,-0.04404151376898594,-0.011261289341617473,-0.03278022442736847,291.08766707756223,steady,False
OpenFOAM,0.85,15.0,axial,150.46016760878243,149.43386373852294,1.0263038702594827,0.6867947094343352,steady,False
OpenFOAM,0.85,15.0,ca,1.160728709428765,1.152811262667005,0.007917446761759983,0.686794709434313,steady,False
OpenFOAM,0.85,15.0,side,24.91246324251497,21.273023216167665,3.6394400263473052,17.10824074869293,steady,False
OpenFOAM,0.85,15.0,cy,0.1921878179968748,0.16411126729270742,0.02807655070416737,17.10824074869295,steady,False
OpenFOAM,0.85,15.0,normal,0.7089874596367266,0.032987548734411176,0.6759999109023154,2049.2577861571804,steady,False
OpenFOAM,0.85,15.0,cNormal,0.005469501410932104,0.000254483266091195,0.005215018144840909,2049.257786157181,steady,False
OpenFOAM,0.9,-6.0,roll,-0.5775252648219615,-0.48087151570629366,-0.09665374911566788,20.09970355048063,transient,False
OpenFOAM,0.9,-6.0,cl,-0.06881220554714296,-0.05729589958414812,-0.011516305962994834,20.09970355048063,transient,False
OpenFOAM,0.9,-6.0,yaw,-2.9429117590812366,-2.512692043684146,-0.4302197153970906,17.12186403735716,transient,False
OpenFOAM,0.9,-6.0,cn,-0.35064829403685216,-0.2993875626202546,-0.05126073141659754,17.12186403735716,transient,False
OpenFOAM,0.9,-6.0,pitch,-0.35783394693798504,-0.19864663543035666,-0.15918731150762838,80.1359213372822,transient,False
OpenFOAM,0.9,-6.0,cm,-0.04263595830051333,-0.02366877077264494,-0.01896718752786839,80.1359213372822,transient,False
OpenFOAM,0.9,-6.0,axial,185.19991943603412,189.75897731768234,-4.559057881648215,-2.4025518824417613,transient,False
OpenFOAM,0.9,-6.0,ca,1.275669737076096,1.3070728402032852,-0.03140310312718908,-2.4025518824417613,transient,False
OpenFOAM,0.9,-6.0,side,-10.62407677206823,-9.048816935994006,-1.575259836074224,17.408461760434356,transient,False
OpenFOAM,0.9,-6.0,cy,-0.07317936888834081,-0.06232887118277674,-0.010850497705564073,17.408461760434356,transient,False
OpenFOAM,0.9,-6.0,normal,1.311114628923241,0.7587258361408591,0.5523887927823818,72.80479541754126,transient,False
OpenFOAM,0.9,-6.0,cNormal,0.009031047416480184,0.005226155555844864,0.0038048918606353203,72.80479541754129,transient,False
OpenFOAM,0.9,0.0,roll,0.006350145902508783,0.007026862653608526,-0.0006767167510997431,,steady,True
OpenFOAM,0.9,0.0,cl,0.0007566206566434622,0.0008372515398451274,-8.063088320166517e-05,,steady,True
OpenFOAM,0.9,0.0,yaw,0.08201855978694264,0.03226482106364155,0.04975373872330109,,steady,True
OpenFOAM,0.9,0.0,cn,0.009772521374419203,0.003844357354058845,0.005928164020360359,,steady,True
OpenFOAM,0.9,0.0,pitch,0.06768217733115005,0.020063968542423684,0.047618208788726364,237.3319549820934,steady,True
OpenFOAM,0.9,0.0,cm,0.008064339661096973,0.00239062429218277,0.005673715368914202,237.33195498209346,steady,True
OpenFOAM,0.9,0.0,axial,190.05198721956089,190.35927113772456,-0.3072839181636766,-0.16142314284307568,steady,True
OpenFOAM,0.9,0.0,ca,1.309091112487789,1.3112077051746827,-0.0021165926868935703,-0.16142314284307568,steady,True
OpenFOAM,0.9,0.0,side,0.24350733296516366,0.13968146426915967,0.10382586869600399,,steady,True
OpenFOAM,0.9,0.0,cy,0.0016772951973505659,0.0009621354984454347,0.0007151596989051312,,steady,True
OpenFOAM,0.9,0.0,normal,-0.07199527702198004,0.03754404396948902,-0.10953932099146907,-291.76217958962695,steady,True
OpenFOAM,0.9,0.0,cNormal,-0.000495908402061002,0.0002586059478058975,-0.0007545143498668995,-291.76217958962695,steady,True
OpenFOAM,0.9,3.0,roll,0.3006751351616766,0.2753625435469062,0.025312591614770397,9.192459979749778,steady,False
OpenFOAM,0.9,3.0,cl,0.035825478925218264,0.032809480555582554,0.00301599836963571,9.192459979749778,steady,False
OpenFOAM,0.9,3.0,yaw,1.616461819803194,1.62962663972998,-0.013164819926785976,-0.8078427049380665,steady,False
OpenFOAM,0.9,3.0,cn,0.1926016224375857,0.19417021233308127,-0.0015685898954955757,-0.8078427049380776,steady,False
OpenFOAM,0.9,3.0,pitch,-0.010286346503523114,-0.07317081328106487,0.06288446677754175,-85.94200878427982,steady,False
OpenFOAM,0.9,3.0,cm,-0.0012256194370090028,-0.008718311302104589,0.007492691865095586,-85.94200878427982,steady,False
OpenFOAM,0.9,3.0,axial,189.96480365868263,189.62951370858283,0.3352899500997921,0.17681316770925548,steady,False
OpenFOAM,0.9,3.0,ca,1.3084905861456524,1.3061810859914917,0.0023095001541606486,0.17681316770925548,steady,False
OpenFOAM,0.9,3.0,side,5.795169080638723,5.736858509221556,0.05831057141716656,1.0164198981626793,steady,False
OpenFOAM,0.9,3.0,cy,0.03991752177820618,0.039515874566182496,0.00040164721202368137,1.0164198981626793,steady,False
OpenFOAM,0.9,3.0,normal,0.18604166800124153,0.3784313870948104,-0.19238971909356886,-50.838732106903294,steady,False
OpenFOAM,0.9,3.0,cNormal,0.0012814677588794112,0.002606661328723291,-0.0013251935698438797,-50.838732106903294,steady,False
OpenFOAM,0.9,6.0,roll,0.5947017005469061,0.4946778846746507,0.1000238158722554,20.219989405437232,steady,False
OpenFOAM,0.9,6.0,cl,0.07085877995291642,0.05894093012597759,0.011917849826938831,20.219989405437232,steady,False
OpenFOAM,0.9,6.0,yaw,3.1656443180455085,2.6098086489421557,0.5558356691033528,21.297947239490213,steady,False
OpenFOAM,0.9,6.0,cn,0.37718690552810097,0.31095901794890607,0.0662278875791949,21.297947239490213,steady,False
OpenFOAM,0.9,6.0,pitch,-0.1631850609076028,-0.10360208736227561,-0.059582973545327184,57.51136397182572,steady,False
OpenFOAM,0.9,6.0,cm,-0.019443519855116123,-0.012344201310194997,-0.007099318544921126,57.51136397182572,steady,False
OpenFOAM,0.9,6.0,axial,189.58354748103793,189.7765637205589,-0.19301623952097202,-0.10170710004275829,steady,False
OpenFOAM,0.9,6.0,ca,1.305864467466035,1.307193976551519,-0.0013295090854841263,-0.10170710004275829,steady,False
OpenFOAM,0.9,6.0,side,11.347316221157685,9.418762753333333,1.9285534678243526,20.475656074273996,steady,False
OpenFOAM,0.9,6.0,cy,0.07816109177824555,0.06487708332549669,0.013284008452748866,20.475656074273996,steady,False
OpenFOAM,0.9,6.0,normal,0.7075731988802395,0.4389453861037325,0.268627812776507,61.19845914339428,steady,False
OpenFOAM,0.9,6.0,cNormal,0.004873812684834375,0.003023485901002856,0.001850326783831519,61.19845914339428,steady,False
OpenFOAM,0.9,9.0,roll,0.8909033285908183,0.7505265997465069,0.1403767288443114,18.703764648944365,steady,False
OpenFOAM,0.9,9.0,cl,0.10615123996094653,0.08942533564531774,0.016725904315628787,18.703764648944365,steady,False
OpenFOAM,0.9,9.0,yaw,4.690680902571455,3.8071009403818357,0.8835799621896196,23.208734835935307,steady,False
OpenFOAM,0.9,9.0,cn,0.5588952000624766,0.45361654009896396,0.10527865996351266,23.208734835935307,steady,False
OpenFOAM,0.9,9.0,pitch,-0.19683232752789817,-0.23647961411895208,0.039647286591053904,-16.765625543989103,steady,False
OpenFOAM,0.9,9.0,cm,-0.02345259576539523,-0.028176574784964416,0.004723979019569186,-16.765625543989103,steady,False
OpenFOAM,0.9,9.0,axial,190.20114739121755,189.97621868463077,0.22492870658678044,0.11839834909030955,steady,False
OpenFOAM,0.9,9.0,ca,1.3101185379723084,1.3085692136266704,0.0015493243456379258,0.11839834909030955,steady,False
OpenFOAM,0.9,9.0,side,16.8088192001996,13.787691321956087,3.0211278782435134,21.911774841031907,steady,False
OpenFOAM,0.9,9.0,cy,0.11578029858206418,0.09497056271474767,0.020809735867316506,21.911774841031907,steady,False
OpenFOAM,0.9,9.0,normal,0.6878339524291417,0.8166419136626748,-0.1288079612335331,-15.77288148924707,steady,False
OpenFOAM,0.9,9.0,cNormal,0.004737847402521985,0.005625085466882171,-0.0008872380643601858,-15.772881489247082,steady,False
OpenFOAM,0.9,10.0,roll,0.9769977364251496,0.8238094234111777,0.15318831301397196,18.595115406626395,steady,False
OpenFOAM,0.9,10.0,cl,0.1164093991259519,0.09815699299825263,0.018252406127699267,18.595115406626395,steady,False
OpenFOAM,0.9,10.0,yaw,4.989417838645709,4.3319277396303395,0.6574900990153694,15.177771618865354,steady,False
OpenFOAM,0.9,10.0,cn,0.594489742330688,0.5161497170633873,0.07834002526730066,15.177771618865354,steady,False
OpenFOAM,0.9,10.0,pitch,-0.24595910362574375,-0.324759784697505,0.07880068107176125,-24.264297731678674,steady,False
OpenFOAM,0.9,10.0,cm,-0.02930605711267596,-0.03869516784679512,0.009389110734119164,-24.264297731678674,steady,False
OpenFOAM,0.9,10.0,axial,189.7174129161677,190.69716127944113,-0.9797483632734441,-0.5137718656638812,steady,False
OpenFOAM,0.9,10.0,ca,1.3067865417571878,1.3135351156268942,-0.006748573869706398,-0.5137718656638701,steady,False
OpenFOAM,0.9,10.0,side,17.951191170658685,15.563427386826346,2.387763783832339,15.342146202663942,steady,False
OpenFOAM,0.9,10.0,cy,0.1236490350028809,0.10720195442316564,0.01644708057971525,15.342146202663965,steady,False
OpenFOAM,0.9,10.0,normal,0.8075440244902194,1.0145509499999998,-0.2070069255097804,-20.403797907811374,steady,False
OpenFOAM,0.9,10.0,cNormal,0.005562418582771661,0.006988296472147311,-0.0014258778893756494,-20.403797907811384,steady,False
OpenFOAM,0.9,12.0,roll,1.1495989534930142,1.0180994634825173,0.13149949001049688,12.916173195955615,steady,False
OpenFOAM,0.9,12.0,cl,0.1369748551328374,0.12130667490398397,0.015668180228853412,12.916173195955638,steady,False
OpenFOAM,0.9,12.0,yaw,6.0045126972576846,5.243005684507493,0.761507012750192,14.524245415189263,steady,False
OpenFOAM,0.9,12.0,cn,0.715438418198901,0.6247047650086616,0.0907336531902394,14.524245415189263,steady,False
OpenFOAM,0.9,12.0,pitch,-0.3275561956918962,-0.3571600223981549,0.029603826706258718,-8.288673101620802,steady,False
OpenFOAM,0.9,12.0,cm,-0.03902836055690047,-0.042555660109624055,0.0035272995527235868,-8.288673101620814,steady,False
OpenFOAM,0.9,12.0,axial,191.44352606986027,190.67763088911087,0.7658951807493963,0.40167017870849087,steady,False
OpenFOAM,0.9,12.0,ca,1.3186761274526888,1.3134005889598555,0.005275538492833354,0.40167017870849087,steady,False
OpenFOAM,0.9,12.0,side,21.57410088443114,18.856146045954045,2.7179548384770946,14.414158820435553,steady,False
OpenFOAM,0.9,12.0,cy,0.14860388539424296,0.12988242620169557,0.01872145919254739,14.414158820435553,steady,False
OpenFOAM,0.9,12.0,normal,0.9422336475848302,1.0323182317312687,-0.0900845841464385,-8.726435451533243,steady,False
OpenFOAM,0.9,12.0,cNormal,0.006490169937109183,0.007110678726328112,-0.0006205087892189286,-8.726435451533243,steady,False
OpenFOAM,0.9,15.0,roll,1.4252916389339019,1.1767441343186815,0.24854750461522035,21.121626814747273,transient,True
OpenFOAM,0.9,15.0,cl,0.16982367213524252,0.14020920672984677,0.02961446540539575,21.121626814747273,transient,True
OpenFOAM,0.9,15.0,yaw,7.530722633447122,6.137142077509689,1.393580555937433,22.707321067967136,transient,True
OpenFOAM,0.9,15.0,cn,0.8972865177266947,0.731241224987457,0.16604529273923763,22.70732106796711,transient,True
OpenFOAM,0.9,15.0,pitch,-0.28696481977127936,-0.4697358461465765,0.18277102637529713,-38.90932060532276,transient,True
OpenFOAM,0.9,15.0,cm,-0.03419189317888557,-0.0559690832016916,0.02177719002280603,-38.90932060532276,transient,True
OpenFOAM,0.9,15.0,axial,188.76739007889125,191.62094607192807,-2.853555993036821,-1.4891670516884337,transient,True
OpenFOAM,0.9,15.0,ca,1.300242719347679,1.3198982085857642,-0.019655489238085133,-1.4891670516884337,transient,True
OpenFOAM,0.9,15.0,side,27.048164436460553,22.08117107012987,4.966993366330684,22.494247929856147,transient,True
OpenFOAM,0.9,15.0,cy,0.1863096102855925,0.15209661958354073,0.034212990702051777,22.494247929856147,transient,True
OpenFOAM,0.9,15.0,normal,0.5927452853518124,1.281876957075924,-0.6891316717241117,-53.75958027173549,transient,True
OpenFOAM,0.9,15.0,cNormal,0.004082870147138517,0.008829656329098712,-0.0047467861819601945,-53.75958027173549,transient,True
SimScale,0.3,-6.0,roll,-0.035055834008785855,-0.029865307242348975,-0.00519052676643688,17.37978693578186,steady,False
SimScale,0.3,-6.0,cl,-0.037567523493390736,-0.03200510451935291,-0.005562418974037829,17.37978693578186,steady,False
SimScale,0.3,-6.0,yaw,-0.1984555313140104,-0.1403484714588327,-0.058107059855177695,41.401989812352014,steady,False
SimScale,0.3,-6.0,cn,-0.21267452467865688,-0.15040419513253478,-0.062270329546122105,41.401989812352014,steady,False
SimScale,0.3,-6.0,pitch,-0.021352173533797147,-0.023900699776073685,0.002548526242276538,-10.662977511762206,steady,False
SimScale,0.3,-6.0,cm,-0.022882019599500675,-0.025613143310785118,0.002731123711284443,-10.662977511762206,steady,False
SimScale,0.3,-6.0,axial,14.742827580749754,14.742301733785327,0.0005258469644271457,0.0035669258025228245,steady,False
SimScale,0.3,-6.0,ca,0.9133474459578556,0.9133148686941458,3.2577263709754334e-05,0.0035669258025228245,steady,False
SimScale,0.3,-6.0,side,-0.7482462411655577,-0.5550585829144257,-0.19318765825113204,34.804913246592584,steady,False
SimScale,0.3,-6.0,cy,-0.04635534055953279,-0.03438698148541296,-0.011968359074119833,34.804913246592584,steady,False
SimScale,0.3,-6.0,normal,0.03247718422148109,0.048172339152057736,-0.015695154930576646,-32.5812597163578,steady,False
SimScale,0.3,-6.0,cNormal,0.0020120260579676395,0.0029843720744450295,-0.00097234601647739,-32.5812597163578,steady,False
SimScale,0.3,3.0,roll,0.022877071485831114,0.020408689109000927,0.0024683823768301867,12.094762008705139,steady,False
SimScale,0.3,3.0,cl,0.024516173835389114,0.021870936158002834,0.0026452376773862807,12.094762008705139,steady,False
SimScale,0.3,3.0,yaw,0.17843828620718447,0.16232626143478465,0.016112024772399813,9.925704337663754,steady,False
SimScale,0.3,3.0,cn,0.19122307880419345,0.17395665550325234,0.01726642330094111,9.925704337663754,steady,False
SimScale,0.3,3.0,pitch,0.020525743816221593,0.01802666754696514,0.0024990762692564533,13.863218272293377,steady,False
SimScale,0.3,3.0,cm,0.021996377631237282,0.01931824689746163,0.002678130733775652,13.863218272293398,steady,False
SimScale,0.3,3.0,axial,14.724495042306213,14.70202122157862,0.022473820727592297,0.1528621159559096,steady,False
SimScale,0.3,3.0,ca,0.9122117087952507,0.9108194109711031,0.0013922978241476258,0.1528621159559096,steady,False
SimScale,0.3,3.0,side,0.6561239270958416,0.5920834455824755,0.06404048151336605,10.816124313417475,steady,False
SimScale,0.3,3.0,cy,0.04064818026002777,0.03668074525424107,0.003967435005786696,10.816124313417475,steady,False
SimScale,0.3,3.0,normal,-0.0880275492987694,-0.07966638737607462,-0.008361161922694774,10.495219123248201,steady,False
SimScale,0.3,3.0,cNormal,-0.005453481490276743,-0.0049354909049900515,-0.0005179905852866918,10.495219123248201,steady,False
SimScale,0.3,6.0,roll,0.03424173210919399,0.030961523434884872,0.0032802086743091187,10.594467940854791,steady,False
SimScale,0.3,6.0,cl,0.03669509260981038,0.0331798626938869,0.0035152299159234845,10.594467940854791,steady,False
SimScale,0.3,6.0,yaw,0.1805519175080837,0.18070596152615692,-0.00015404401807322943,-0.08524567577751219,steady,False
SimScale,0.3,6.0,cn,0.19348814810857792,0.19365322911239977,-0.0001650810038218431,-0.08524567577751219,steady,False
SimScale,0.3,6.0,pitch,-0.002752804465557671,0.04075234074869807,-0.04350514521425574,-106.75496036542542,steady,False
SimScale,0.3,6.0,cm,-0.0029500381136740358,0.04367217502523779,-0.04662221313891183,-106.75496036542542,steady,False
SimScale,0.3,6.0,axial,14.756485607736286,14.7350884021748,0.021397205561486388,0.14521260393882685,steady,False
SimScale,0.3,6.0,ca,0.9141935878527292,0.912867988476139,0.0013255993765901586,0.14521260393882685,steady,False
SimScale,0.3,6.0,side,0.7127138339002772,0.6925246043161777,0.02018922958409952,2.915308634273739,steady,False
SimScale,0.3,6.0,cy,0.04415403736672777,0.04290327450081923,0.0012507628659085418,2.915308634273739,steady,False
SimScale,0.3,6.0,normal,-0.036453196700794104,-0.14955429002469642,0.11310109332390231,-75.62544230942859,steady,False
SimScale,0.3,6.0,cNormal,-0.0022583479269026635,-0.00926518526232064,0.0070068373354179765,-75.6254423094286,steady,False
SimScale,0.3,9.0,roll,0.07507746529894593,0.05850227618953958,0.016575189109406356,28.332554199609184,steady,False
SimScale,0.3,9.0,cl,0.0804566349993413,0.06269386244288304,0.017762772556458264,28.332554199609184,steady,False
SimScale,0.3,9.0,yaw,0.4268453899475809,0.31539127687165397,0.11145411307592695,35.338362614664945,steady,False
SimScale,0.3,9.0,cn,0.4574281191222659,0.3379885128540044,0.1194396062682615,35.338362614664945,steady,False
SimScale,0.3,9.0,pitch,0.019586540962559428,0.010755254986494617,0.00883128597606481,82.11135846759805,steady,False
SimScale,0.3,9.0,cm,0.020989882527992266,0.011525850284471336,0.00946403224352093,82.11135846759807,steady,False
SimScale,0.3,9.0,axial,14.872202546224427,14.84500092614302,0.027201620081406475,0.1832375775302486,steady,False
SimScale,0.3,9.0,ca,0.9213624819907987,0.9196772876078902,0.0016851943829084837,0.1832375775302264,steady,False
SimScale,0.3,9.0,side,1.6083165308580334,1.2093959333954234,0.39892059746261,32.98511152940839,steady,False
SimScale,0.3,9.0,cy,0.09963840299326616,0.07492447977624328,0.024713923217022885,32.98511152940839,steady,False
SimScale,0.3,9.0,normal,-0.11721161509503136,-0.1055817315990212,-0.011629883496010157,11.015052812524594,steady,False
SimScale,0.3,9.0,cNormal,-0.007261492322098891,-0.006540997944091108,-0.0007204943780077834,11.015052812524594,steady,False
SimScale,0.3,10.0,roll,0.07504971962663128,0.0607506353481905,0.014299084278440774,23.537341126534717,steady,False
SimScale,0.3,10.0,cl,0.08042690139790254,0.06510331262150466,0.015323588776397876,23.537341126534695,steady,False
SimScale,0.3,10.0,yaw,0.4279429770632171,0.3247038857497231,0.10323909131349401,31.794843192319888,steady,False
SimScale,0.3,10.0,cn,0.45860434644415393,0.3479683539476135,0.11063599249654044,31.79484319231991,steady,False
SimScale,0.3,10.0,pitch,0.026422965015742796,0.01718378764008832,0.009239177375654474,53.7668270183941,steady,False
SimScale,0.3,10.0,cm,0.028316124464338163,0.018414976112468586,0.009901148351869577,53.76682701839408,steady,False
SimScale,0.3,10.0,axial,14.78238513462234,14.8037575916213,-0.021372456998960843,-0.1443718384787518,steady,False
SimScale,0.3,10.0,ca,0.9157981149763986,0.917122181130393,-0.0013240661539943854,-0.1443718384787518,steady,False
SimScale,0.3,10.0,side,1.6138116826521767,1.254116269922436,0.3596954127297407,28.681185417679565,steady,False
SimScale,0.3,10.0,cy,0.09997883855956723,0.07769499343284032,0.022283845126726903,28.681185417679565,steady,False
SimScale,0.3,10.0,normal,-0.11577301122077911,-0.06377749152154802,-0.051995519699231094,81.52644210169942,steady,False
SimScale,0.3,10.0,cNormal,-0.0071723679552095285,-0.003951142253529786,-0.0032212257016797424,81.52644210169942,steady,False
SimScale,0.3,12.0,roll,0.09307828144569193,0.07383524733645676,0.01924303410923517,26.062124531861297,steady,False
SimScale,0.3,12.0,cl,0.09974717828875794,0.07912541428218398,0.020621764006573964,26.06212453186132,steady,False
SimScale,0.3,12.0,yaw,0.5177159587963042,0.4227340880260951,0.09498187077020909,22.468467403164773,steady,False
SimScale,0.3,12.0,cn,0.554809406049475,0.4530222495746998,0.10178715647477526,22.468467403164794,steady,False
SimScale,0.3,12.0,pitch,0.01990875630319737,0.002369727839080325,0.017539028464117045,740.1283883690129,steady,False
SimScale,0.3,12.0,cm,0.021335184036902682,0.0025395147137358184,0.018795669323166862,740.1283883690129,steady,False
SimScale,0.3,12.0,axial,14.86362195956238,14.7836815487142,0.07994041084817916,0.5407341235318386,steady,False
SimScale,0.3,12.0,ca,0.9208308976071603,0.9158784304038985,0.004952467203261812,0.5407341235318608,steady,False
SimScale,0.3,12.0,side,1.9537570486683906,1.5998329563084153,0.35392409235997535,22.12256541937032,steady,False
SimScale,0.3,12.0,cy,0.1210391290713774,0.09911282870264608,0.02192630036873132,22.12256541937032,steady,False
SimScale,0.3,12.0,normal,-0.12251598414014642,-0.05509687874498177,-0.06741910539516464,122.36465464262834,steady,False
SimScale,0.3,12.0,cNormal,-0.007590108518228031,-0.003413361053458076,-0.004176747464769955,122.36465464262834,steady,False
SimScale,0.3,15.0,roll,0.113469005884493,0.09568186228878837,0.01778714359570463,18.58988022413195,steady,False
SimScale,0.3,15.0,cl,0.12159886263921242,0.10253730116717681,0.01906156147203561,18.58988022413195,steady,False
SimScale,0.3,15.0,yaw,0.6165643906810567,0.47680438777031786,0.13976000291073887,29.311811404315957,steady,False
SimScale,0.3,15.0,cn,0.6607401560120799,0.5109665921747554,0.14977356383732454,29.311811404315957,steady,False
SimScale,0.3,15.0,pitch,0.004412135388325478,0.02904167308400074,-0.024629537695675264,-84.80757160386825,steady,False
SimScale,0.3,15.0,cm,0.004728257208640258,0.03112245840726921,-0.026394201198628953,-84.80757160386825,steady,False
SimScale,0.3,15.0,axial,14.940930188137534,14.85879183979788,0.0821383483396545,0.5527929136180054,steady,False
SimScale,0.3,15.0,ca,0.9256202958914378,0.9205316620957623,0.005088633795675479,0.5527929136180054,steady,False
SimScale,0.3,15.0,side,2.3455131849391755,1.8531365347543527,0.4923766501848228,26.569906801286546,steady,False
SimScale,0.3,15.0,cy,0.14530919968988235,0.11480548841520148,0.030503711274680864,26.569906801286546,steady,False
SimScale,0.3,15.0,normal,-0.09493651686005052,-0.12242153582431008,0.02748501896425956,-22.451130660298148,steady,False
SimScale,0.3,15.0,cNormal,-0.00588150575100549,-0.007584257257499948,0.001702751506494458,-22.451130660298148,steady,False
SimScale,0.5,-6.0,roll,-0.10785248504434287,-0.09376923792274183,-0.014083247121601042,15.019048286608117,steady,False
SimScale,0.5,-6.0,cl,-0.04155972154372757,-0.036132903343251234,-0.005426818200476337,15.019048286608093,steady,False
SimScale,0.5,-6.0,yaw,-0.6280607324612522,-0.5934896254637874,-0.034571106997464796,5.825056667241468,steady,False
SimScale,0.5,-6.0,cn,-0.24201601977838094,-0.22869443910564696,-0.01332158067273398,5.825056667241468,steady,False
SimScale,0.5,-6.0,pitch,0.039886814104646534,0.05433694363650032,-0.01445012953185379,-26.59356335630746,steady,False
SimScale,0.5,-6.0,cm,0.0153699276078246,0.020938119748856197,-0.0055681921410315974,-26.59356335630746,steady,False
SimScale,0.5,-6.0,axial,41.325005706427795,41.262834277286885,0.06217142914091056,0.15067173699974123,steady,False
SimScale,0.5,-6.0,ca,0.9205732784711411,0.9191883214608972,0.0013849570102438813,0.15067173699974123,steady,False
SimScale,0.5,-6.0,side,-2.3524304254938495,-2.1993846845314216,-0.15304574096242796,6.958570823868149,steady,False
SimScale,0.5,-6.0,cy,-0.0524037335785605,-0.048994422022387796,-0.0034093115561727033,6.958570823868149,steady,False
SimScale,0.5,-6.0,normal,-0.20952291595933384,-0.21607993395704173,0.006557017997707887,-3.0345335069435375,steady,False
SimScale,0.5,-6.0,cNormal,-0.004667420956448074,-0.00481348785836275,0.000146066901914676,-3.0345335069435264,steady,False
SimScale,0.5,3.0,roll,0.06532602573245935,0.057251943162487995,0.008074082569971358,14.102722325172667,steady,False
SimScale,0.5,3.0,cl,0.02517263684636627,0.02206138147574489,0.003111255370621381,14.102722325172667,steady,False
SimScale,0.5,3.0,yaw,0.4643799313687033,0.37985708952652336,0.08452284184217995,22.251221359994688,steady,False
SimScale,0.5,3.0,cn,0.17894349518459182,0.1463735848148745,0.03256991036971732,22.25122135999471,steady,False
SimScale,0.5,3.0,pitch,0.09447520518336702,0.04198769967148053,0.052487505511886495,125.00686134881973,steady,False
SimScale,0.5,3.0,cm,0.036404939752597835,0.01617947983202193,0.020225459920575905,125.00686134881973,steady,False
SimScale,0.5,3.0,axial,40.88295096496554,41.324201875555396,-0.4412509105898579,-1.0677784217554942,steady,False
SimScale,0.5,3.0,ca,0.9107258803726981,0.9205553719951736,-0.009829491622475484,-1.0677784217554942,steady,False
SimScale,0.5,3.0,side,1.7208885789291866,1.4230808897668101,0.29780768916237643,20.926968474095386,steady,False
SimScale,0.5,3.0,cy,0.038335240707346674,0.031701150860784816,0.006634089846561858,20.926968474095386,steady,False
SimScale,0.5,3.0,normal,-0.35291384593685804,-0.16791502293480687,-0.18499882300205117,110.17407481990284,steady,False
SimScale,0.5,3.0,cNormal,-0.007861657865939979,-0.003740545960616977,-0.004121111905323002,110.17407481990284,steady,False
SimScale,0.5,6.0,roll,0.10651220567559774,0.09598351534094185,0.010528690334655894,10.969269355531598,steady,False
SimScale,0.5,6.0,cl,0.04104326021849293,0.036986149820447574,0.004057110398045356,10.969269355531575,steady,False
SimScale,0.5,6.0,yaw,0.6426199669052913,0.5810908375278695,0.06152912937742183,10.588556109262504,steady,False
SimScale,0.5,6.0,cn,0.24762625424943036,0.22391670798628874,0.023709546263141618,10.58855610926248,steady,False
SimScale,0.5,6.0,pitch,0.06217223928934573,0.07518856766315113,-0.013016328373805397,-17.311579111493725,steady,False
SimScale,0.5,6.0,cm,0.02395736131210022,0.028973054576049238,-0.005015693263949017,-17.311579111493725,steady,False
SimScale,0.5,6.0,axial,41.46607283576873,41.281569413221774,0.1845034225469533,0.4469389734196083,steady,False
SimScale,0.5,6.0,ca,0.9237157494163223,0.9196056732607423,0.004110076155580011,0.4469389734196083,steady,False
SimScale,0.5,6.0,side,2.455731363850418,2.2118427842311728,0.24388857961924515,11.026488019763114,steady,False
SimScale,0.5,6.0,cy,0.054704908904889854,0.04927194391229612,0.005432964992593735,11.026488019763114,steady,False
SimScale,0.5,6.0,normal,-0.25176970425335976,-0.2862360694455295,0.03446636519216972,-12.041237590683396,steady,False
SimScale,0.5,6.0,cNormal,-0.005608528253104985,-0.006376315559109013,0.0007677873060040283,-12.041237590683396,steady,False
SimScale,0.5,9.0,roll,0.2084784791046814,0.1702740866664878,0.038204392438193596,22.43699742346803,steady,False
SimScale,0.5,9.0,cl,0.08033479744011564,0.065613171778678,0.014721625661437643,22.436997423468053,steady,False
SimScale,0.5,9.0,yaw,1.2114256627561142,0.9941135231094471,0.21731213964666707,21.85989171205973,steady,False
SimScale,0.5,9.0,cn,0.46680902340238223,0.38307027590783993,0.0837387474945423,21.859891712059753,steady,False
SimScale,0.5,9.0,pitch,0.03338282398982355,-0.04588790335648276,0.0792707273463063,-172.7486364554231,steady,False
SimScale,0.5,9.0,cm,0.012863689406784853,-0.01768237871326579,0.030546068120050642,-172.7486364554231,steady,False
SimScale,0.5,9.0,axial,41.76998158010786,41.48339705524838,0.28658452485947805,0.6908415057662598,steady,False
SimScale,0.5,9.0,ca,0.9304857489444484,0.9241016710453871,0.006384077899061258,0.690841505766282,steady,False
SimScale,0.5,9.0,side,4.563282567100548,3.7851860695460706,0.7780964975544773,20.556360592539868,steady,False
SimScale,0.5,9.0,cy,0.10165360951741013,0.08432040335141018,0.017333206165999954,20.556360592539868,steady,False
SimScale,0.5,9.0,normal,-0.24562758345389094,-0.01167860778808354,-0.23394897566580738,2003.2265824058336,steady,False
SimScale,0.5,9.0,cNormal,-0.005471703776387409,-0.00026015759890826647,-0.0052115461774791426,2003.2265824058336,steady,False
SimScale,0.5,10.0,roll,0.21568557715373146,0.17770809191288,0.037977485240851455,21.370712403726454,steady,False
SimScale,0.5,10.0,cl,0.08311197024177816,0.06847778067357407,0.014634189568204087,21.370712403726454,steady,False
SimScale,0.5,10.0,yaw,1.228121376159062,0.9645698821329514,0.26355149402611056,27.32321409863221,steady,False
SimScale,0.5,10.0,cn,0.47324252560416374,0.37168597176439616,0.10155655383976758,27.323214098632185,steady,False
SimScale,0.5,10.0,pitch,0.061188273134777704,0.15087052898115424,-0.08968225584637654,-59.44319043090189,steady,False
SimScale,0.5,10.0,cm,0.023578201208598788,0.05813623275378146,-0.034558031545182666,-59.44319043090189,steady,False
SimScale,0.5,10.0,axial,41.59028959863589,41.39963110490112,0.19065849373477306,0.4605318662180169,steady,False
SimScale,0.5,10.0,ca,0.9264828544821035,0.9222356653614863,0.0042471891206172785,0.4605318662179947,steady,False
SimScale,0.5,10.0,side,4.639025688426183,3.702173795196878,0.9368518932293051,25.30545417518639,steady,False
SimScale,0.5,10.0,cy,0.10334089527402242,0.08247118687231612,0.020869708401706294,25.30545417518639,steady,False
SimScale,0.5,10.0,normal,-0.27917001356013804,-0.5594564526905144,0.2802864391303763,-50.09977770073696,steady,False
SimScale,0.5,10.0,cNormal,-0.006218909114244002,-0.012462688195951878,0.006243779081707875,-50.09977770073695,steady,False
SimScale,0.5,12.0,roll,0.2724583741542002,0.2185476969696174,0.05391067718458281,24.667694023825604,steady,False
SimScale,0.5,12.0,cl,0.10498871822424675,0.08421485537719343,0.02077386284705332,24.667694023825604,steady,False
SimScale,0.5,12.0,yaw,1.4899894512759413,1.221685439388092,0.26830401188784925,21.961791737669813,steady,False
SimScale,0.5,12.0,cn,0.5741503932214458,0.4707625109808143,0.1033878822406315,21.961791737669834,steady,False
SimScale,0.5,12.0,pitch,0.01998577488085321,0.05490050568578164,-0.034914730804928434,-63.59637378344001,steady,False
SimScale,0.5,12.0,cm,0.007701289762052188,0.021155281938778057,-0.013453992176725868,-63.59637378344002,steady,False
SimScale,0.5,12.0,axial,41.32270822293788,41.55062440452106,-0.22791618158318272,-0.5485264899133147,steady,False
SimScale,0.5,12.0,ca,0.9205220987587033,0.9255992558675774,-0.005077157108874131,-0.5485264899133035,steady,False
SimScale,0.5,12.0,side,5.655799778184968,4.644281581300385,1.011518196884583,21.779863670569277,steady,False
SimScale,0.5,12.0,cy,0.12599098427638558,0.10345797776322689,0.02253300651315869,21.779863670569277,steady,False
SimScale,0.5,12.0,normal,-0.25614279404896495,-0.27038334873771025,0.0142405546887453,-5.2668016559553665,steady,False
SimScale,0.5,12.0,cNormal,-0.005705945048127055,-0.00602317365809254,0.00031722860996548537,-5.2668016559553665,steady,False
SimScale,0.5,15.0,roll,0.3260945882206332,0.277366159673692,0.048728428546941205,17.568267377775236,steady,False
SimScale,0.5,15.0,cl,0.12565681984790647,0.10687987724114431,0.01877694260676216,17.568267377775214,steady,False
SimScale,0.5,15.0,yaw,1.9065320997001658,1.469881082088945,0.4366510176112208,29.706554015285857,steady,False
SimScale,0.5,15.0,cn,0.7346603385646626,0.5664018631456997,0.16825847541896288,29.70655401528588,steady,False
SimScale,0.5,15.0,pitch,-0.022913280443614847,0.04404153702634615,-0.066954817469961,-152.026523120453,steady,False
SimScale,0.5,15.0,cm,-0.008829370547173317,0.016970902565853492,-0.02580027311302681,-152.026523120453,steady,False
SimScale,0.5,15.0,axial,41.71291186129197,41.47068942697998,0.24222243431199075,0.584081040510509,steady,False
SimScale,0.5,15.0,ca,0.9292144397878328,0.9238185905517088,0.005395849236124017,0.584081040510509,steady,False
SimScale,0.5,15.0,side,7.169483844778649,5.631267489054372,1.538216355724277,27.31563291415555,steady,False
SimScale,0.5,15.0,cy,0.15971044976545948,0.12544449264384258,0.0342659571216169,27.31563291415555,steady,False
SimScale,0.5,15.0,normal,-0.1099843207454161,-0.2532730162818747,0.14328869553645862,-56.5747972839667,steady,False
SimScale,0.5,15.0,cNormal,-0.002450057174784147,-0.005642016666693754,0.0031919594919096067,-56.5747972839667,steady,False
SimScale,0.6,-6.0,roll,-0.16964766932660827,-0.14345650382216954,-0.02619116550443873,18.257217209828024,steady,False
SimScale,0.6,-6.0,cl,-0.0454059994059436,-0.03839596472609203,-0.007010034679851569,18.257217209828024,steady,False
SimScale,0.6,-6.0,yaw,-1.015222062876039,-0.8513778376177858,-0.16384422525825326,19.24459599708406,steady,False
SimScale,0.6,-6.0,cn,-0.27172299252224497,-0.22787027810374696,-0.043852714418498,19.24459599708406,steady,False
SimScale,0.6,-6.0,pitch,0.07213641846157759,0.0851187060044025,-0.012982287542824905,-15.251979444040698,steady,False
SimScale,0.6,-6.0,cm,0.01930722766080205,0.0227819216710241,-0.0034746940102220493,-15.251979444040698,steady,False
SimScale,0.6,-6.0,axial,60.80190054213377,60.53000050790124,0.2719000342325302,0.44919879720972666,steady,False
SimScale,0.6,-6.0,ca,0.9407743448885487,0.9365672958604838,0.004207049028064902,0.44919879720972666,steady,False
SimScale,0.6,-6.0,side,-3.7417530548565314,-3.1589206353955155,-0.5828324194610159,18.450366018392916,steady,False
SimScale,0.6,-6.0,cy,-0.05789531655310727,-0.04887727957220268,-0.009018036980904594,18.450366018392938,steady,False
SimScale,0.6,-6.0,normal,-0.32586220929026855,-0.34580452199320866,0.019942312702940113,-5.766932308459449,steady,False
SimScale,0.6,-6.0,cNormal,-0.0050419938149227645,-0.005350556803931145,0.00030856298900838047,-5.766932308459449,steady,False
SimScale,0.6,3.0,roll,0.09488739438092632,0.08512165633290103,0.009765738048025288,11.472683296754237,steady,False
SimScale,0.6,3.0,cl,0.025396499639480277,0.02278271132298091,0.002613788316499367,11.472683296754237,steady,False
SimScale,0.6,3.0,yaw,0.6018052767853517,0.5006308168178554,0.1011744599674963,20.20939514083222,steady,False
SimScale,0.6,3.0,cn,0.16107247537602062,0.13399325001786672,0.027079225358153908,20.2093951408322,steady,False
SimScale,0.6,3.0,pitch,0.08530541781903571,0.0629842375388607,0.022321180280175004,35.4393117268476,steady,False
SimScale,0.6,3.0,cm,0.02283189486887568,0.01685765718813071,0.005974237680744971,35.43931172684758,steady,False
SimScale,0.6,3.0,axial,60.63396334564363,60.566751531048034,0.06721181459559489,0.11097147014915709,steady,False
SimScale,0.6,3.0,ca,0.9381758898303725,0.9371359363045592,0.0010399535258133197,0.11097147014915709,steady,False
SimScale,0.6,3.0,side,2.287878115093257,1.9271043107192027,0.36077380437405404,18.72103146504882,steady,False
SimScale,0.6,3.0,cy,0.03539983151382214,0.02981765831797356,0.005582173195848576,18.72103146504882,steady,False
SimScale,0.6,3.0,normal,-0.3354481777496837,-0.25651248188364073,-0.07893569586604299,30.77265296659124,steady,False
SimScale,0.6,3.0,cNormal,-0.005190315382457964,-0.003968960837541427,-0.0012213545449165364,30.77265296659124,steady,False
SimScale,0.6,6.0,roll,0.16625922545202412,0.14601490987045157,0.020244315581572553,13.864553694916415,steady,False
SimScale,0.6,6.0,cl,0.04449908638340018,0.0390807190994917,0.00541836728390848,13.864553694916415,steady,False
SimScale,0.6,6.0,yaw,0.9734430470493989,0.8501097503699553,0.1233332966794436,14.507926373714785,steady,False
SimScale,0.6,6.0,cn,0.2605408880150904,0.22753087604151864,0.03301001197357176,14.507926373714785,steady,False
SimScale,0.6,6.0,pitch,0.05868286402827476,0.04719926792865238,0.011483596099622378,24.330030111868005,steady,False
SimScale,0.6,6.0,cm,0.015706399620952487,0.012632828614953599,0.003073571005998888,24.330030111868005,steady,False
SimScale,0.6,6.0,axial,60.760451055813135,60.54400353766627,0.21644751814686458,0.3575044686501494,steady,False
SimScale,0.6,6.0,ca,0.940133006164075,0.9367839616396155,0.003349044524459499,0.3575044686501494,steady,False
SimScale,0.6,6.0,side,3.7252044496666086,3.272758347970335,0.45244610169627375,13.824610728649333,steady,False
SimScale,0.6,6.0,cy,0.05763926364904417,0.050638665293969265,0.007000598355074904,13.824610728649333,steady,False
SimScale,0.6,6.0,normal,-0.27738523034010604,-0.23080467128198115,-0.04658055905812489,20.181809492588656,steady,False
SimScale,0.6,6.0,cNormal,-0.004291920252955541,-0.0035711895760898948,-0.0007207306768656466,20.181809492588656,steady,False
SimScale,0.6,9.0,roll,0.30435954799277576,0.24685346495295274,0.05750608303982302,23.295635348194523,steady,False
SimScale,0.6,9.0,cl,0.08146147548155964,0.06607003990977246,0.015391435571787182,23.295635348194523,steady,False
SimScale,0.6,9.0,yaw,1.7572445171074766,1.4299677669176538,0.32727675018982283,22.88700191440536,steady,False
SimScale,0.6,9.0,cn,0.47032443072511587,0.38272919299692215,0.08759523772819372,22.88700191440536,steady,False
SimScale,0.6,9.0,pitch,-0.00522911127867593,0.06738266391149111,-0.07261177519016704,-107.76032138703289,steady,False
SimScale,0.6,9.0,cm,-0.0013995654909709522,0.018034890839824732,-0.019434456330795685,-107.76032138703289,steady,False
SimScale,0.6,9.0,axial,61.19787350819789,60.92505400594393,0.27281950225395946,0.44779525714879753,steady,False
SimScale,0.6,9.0,ca,0.9469011469197516,0.9426798711665714,0.004221275753180209,0.44779525714879753,steady,False
SimScale,0.6,9.0,side,6.627179936810984,5.4264776733931015,1.2007022634178828,22.12673368776803,steady,False
SimScale,0.6,9.0,cy,0.10254088783279813,0.08396268755943026,0.018578200273367873,22.12673368776803,steady,False
SimScale,0.6,9.0,normal,-0.1844172551198257,-0.3630546502583129,0.1786373951384872,-49.2039958753832,steady,False
SimScale,0.6,9.0,cNormal,-0.0028534473564896523,-0.0056174642192117095,0.002764016862722057,-49.203995875383214,steady,False
SimScale,0.6,10.0,roll,0.3203938496008312,0.2648257296710952,0.05556811992973604,20.982900716916664,steady,False
SimScale,0.6,10.0,cl,0.08575303747106407,0.07088029544911836,0.014872742021945703,20.982900716916664,steady,False
SimScale,0.6,10.0,yaw,1.810737508127671,1.5107644436388046,0.2999730644888665,19.855713824344168,steady,False
SimScale,0.6,10.0,cn,0.4846417669321281,0.4043543286074789,0.08028743832464924,19.855713824344168,steady,False
SimScale,0.6,10.0,pitch,0.05821679979017677,0.0636173237151424,-0.005400523924965622,-8.489077517858822,steady,False
SimScale,0.6,10.0,cm,0.015581658075122774,0.017027101959510477,-0.001445443884387703,-8.489077517858822,steady,False
SimScale,0.6,10.0,axial,60.9848844528097,60.90378203283744,0.08110241997226098,0.13316483355423347,steady,False
SimScale,0.6,10.0,ca,0.943605614423816,0.9423507346365401,0.0012548797872758977,0.13316483355423347,steady,False
SimScale,0.6,10.0,side,6.842086239764566,5.740061119751006,1.1020251200135593,19.198839472659877,steady,False
SimScale,0.6,10.0,cy,0.10586608547581379,0.08881469479415177,0.017051390681662018,19.198839472659877,steady,False
SimScale,0.6,10.0,normal,-0.3124341019307966,-0.32877519935049143,0.016341097419694806,-4.970295038061656,steady,False
SimScale,0.6,10.0,cNormal,-0.004834223682878188,-0.005087065865157016,0.00025284218227882797,-4.970295038061668,steady,False
SimScale,0.6,12.0,roll,0.4000146244856255,0.32855436831507173,0.0714602561705538,21.749902926880573,steady,False
SimScale,0.6,12.0,cl,0.10706344433648103,0.08793719071856688,0.019126253617914146,21.749902926880594,steady,False
SimScale,0.6,12.0,yaw,2.2590961286770455,1.8422736138916447,0.4168225147854008,22.625440197501344,steady,False
SimScale,0.6,12.0,cn,0.6046444250241808,0.4930823685936104,0.11156205643057043,22.625440197501344,steady,False
SimScale,0.6,12.0,pitch,0.06384950685767812,0.030988940701001368,0.032860566156676756,106.03965612679013,steady,False
SimScale,0.6,12.0,cm,0.017089245504858873,0.008294153575146089,0.008795091929712784,106.03965612679013,steady,False
SimScale,0.6,12.0,axial,61.23676990534336,60.92450939411625,0.31226051122710885,0.5125367677679904,steady,False
SimScale,0.6,12.0,ca,0.9475029822606995,0.9426714445083446,0.0048315377523548975,0.5125367677679904,steady,False
SimScale,0.6,12.0,side,8.521163935524495,6.986671232840828,1.534492702683667,21.963144558323975,steady,False
SimScale,0.6,12.0,cy,0.13184608289630373,0.10810321706099799,0.023742865835305743,21.963144558323975,steady,False
SimScale,0.6,12.0,normal,-0.3865217146116671,-0.24898596615803256,-0.13753574845363456,55.23835362123983,steady,False
SimScale,0.6,12.0,cNormal,-0.005980564910088723,-0.003852504726171263,-0.00212806018391746,55.23835362123985,steady,False
SimScale,0.6,15.0,roll,0.4805552106390761,0.4039815127186757,0.07657369792040036,18.954753004681347,steady,False
SimScale,0.6,15.0,cl,0.12862003760742874,0.10812517731205495,0.020494860295373785,18.95475300468137,steady,False
SimScale,0.6,15.0,yaw,2.737217099056413,2.286852311686026,0.4503647873703871,19.693654245575097,steady,False
SimScale,0.6,15.0,cn,0.732612941085661,0.6120733348006582,0.12053960628500282,19.693654245575075,steady,False
SimScale,0.6,15.0,pitch,-0.02470489048362503,0.02322605027899114,-0.04793094076261617,-206.36716181559098,steady,False
SimScale,0.6,15.0,cm,-0.006612234916494898,0.006216425072954891,-0.012828659989449789,-206.36716181559098,steady,False
SimScale,0.6,15.0,axial,61.61409797487476,61.15739220661703,0.45670576825772713,0.7467711617179074,steady,False
SimScale,0.6,15.0,ca,0.953341295936034,0.9462747887033901,0.007066507232643904,0.7467711617179074,steady,False
SimScale,0.6,15.0,side,10.330723389949664,8.669175819260527,1.6615475706891374,19.16615379973763,steady,False
SimScale,0.6,15.0,cy,0.15984499567854513,0.13413623800191582,0.025708757676629307,19.16615379973763,steady,False
SimScale,0.6,15.0,normal,-0.17763748468996277,-0.26351243257873996,0.0858749478887772,-32.58857544154657,steady,False
SimScale,0.6,15.0,cNormal,-0.0027485454697430507,-0.0040772695247817325,0.0013287240550386818,-32.58857544154657,steady,False
SimScale,0.7,-6.0,roll,-0.2518623955000464,-0.20900250427717806,-0.042859891222868346,20.506879269746815,steady,False
SimScale,0.7,-6.0,cl,-0.04953316389900559,-0.04110401347970253,-0.00842915041930306,20.506879269746836,steady,False
SimScale,0.7,-6.0,yaw,-1.5246891376112823,-1.264517681446221,-0.26017145616506143,20.574758264155314,steady,False
SimScale,0.7,-6.0,cn,-0.29985689923416625,-0.24868961261132236,-0.051167286622843894,20.574758264155314,steady,False
SimScale,0.7,-6.0,pitch,0.02859906563925471,-0.01723793653914099,0.0458370021783957,-265.90770928014956,steady,False
SimScale,0.7,-6.0,cm,0.005624508584757591,-0.003390142995260166,0.009014651580017756,-265.9077092801495,steady,False
SimScale,0.7,-6.0,axial,85.99117600460147,85.6817224342817,0.30945357031977494,0.3611663742604243,steady,False
SimScale,0.7,-6.0,ca,0.9776639403541455,0.974145653816242,0.0035182865379035366,0.3611663742604243,steady,False
SimScale,0.7,-6.0,side,-5.56307878108388,-4.62389845174644,-0.9391803293374403,20.31143934362818,steady,False
SimScale,0.7,-6.0,cy,-0.0632486003136411,-0.05257072865115782,-0.010677871662483282,20.31143934362818,steady,False
SimScale,0.7,-6.0,normal,-0.29447187808240594,-0.10715207288615136,-0.18731980519625457,174.81678156173524,steady,False
SimScale,0.7,-6.0,cNormal,-0.0033479544067884946,-0.001218249623535601,-0.0021297047832528936,174.81678156173524,steady,False
SimScale,0.7,3.0,roll,0.136267771137239,0.12148339405623165,0.014784377081007355,12.169874900074017,steady,False
SimScale,0.7,3.0,cl,0.026799450662303416,0.02389184322990248,0.0029076074324009375,12.169874900074017,steady,False
SimScale,0.7,3.0,yaw,0.8219955639682334,0.6567325581138045,0.16526300585442888,25.16443014932581,steady,False
SimScale,0.7,3.0,cn,0.16165986555260306,0.12915799269787498,0.03250187285472808,25.16443014932581,steady,False
SimScale,0.7,3.0,pitch,0.09759054598687983,0.03762435281307201,0.059966193173807816,159.38132802373008,steady,False
SimScale,0.7,3.0,cm,0.01919289499237956,0.00739948983167503,0.01179340516070453,159.38132802373005,steady,False
SimScale,0.7,3.0,axial,85.73790875478691,85.62245099493444,0.1154577598524753,0.1348451936505679,steady,False
SimScale,0.7,3.0,ca,0.9747844558660731,0.9734717759646401,0.0013126799014330226,0.1348451936505457,steady,False
SimScale,0.7,3.0,side,3.157372174654722,2.5700474730324827,0.5873247016222392,22.852679095815898,steady,False
SimScale,0.7,3.0,cy,0.03589727533523082,0.02921977412249482,0.006677501212736001,22.85267909581592,steady,False
SimScale,0.7,3.0,normal,-0.44821314800911255,-0.23997523747669644,-0.2082379105324161,86.77474922913149,steady,False
SimScale,0.7,3.0,cNormal,-0.005095893006250737,-0.002728362922334431,-0.002367530083916306,86.77474922913149,steady,False
SimScale,0.7,6.0,roll,0.24926234446427753,0.21111931833338088,0.03814302613089665,18.067046839676017,steady,False
SimScale,0.7,6.0,cl,0.04902181819436071,0.041520322144525,0.007501496049835708,18.067046839676017,steady,False
SimScale,0.7,6.0,yaw,1.4514761158714746,1.2097309806261687,0.24174513524530594,19.983379703161464,steady,False
SimScale,0.7,6.0,cn,0.28545827256272777,0.23791484559690743,0.04754342696582034,19.983379703161464,steady,False
SimScale,0.7,6.0,pitch,0.10097054979918955,0.05876402912055566,0.042206520678633896,71.82373521741732,steady,False
SimScale,0.7,6.0,cm,0.019857632109971098,0.011556978484284624,0.008300653625686475,71.8237352174173,steady,False
SimScale,0.7,6.0,axial,85.95363467018582,85.68587354950272,0.26776112068310454,0.31249155734920375,steady,False
SimScale,0.7,6.0,ca,0.9772371197123509,0.9741928493059702,0.003044270406380778,0.31249155734920375,steady,False
SimScale,0.7,6.0,side,5.54893738090883,4.672388242271756,0.8765491386370741,18.760194855102363,steady,False
SimScale,0.7,6.0,cy,0.06308782175868187,0.05312202614323295,0.00996579561544892,18.760194855102363,steady,False
SimScale,0.7,6.0,normal,-0.508618141744101,-0.35359121306957275,-0.15502692867452827,43.84354671280395,steady,False
SimScale,0.7,6.0,cNormal,-0.005782658636585367,-0.0040201029303948855,-0.0017625557061904818,43.84354671280395,steady,False
SimScale,0.7,9.0,roll,0.4255535039686291,0.3483851006854816,0.0771684032831475,22.150316741821374,steady,False
SimScale,0.7,9.0,cl,0.0836925711677762,0.06851604924174695,0.015176521926029252,22.150316741821374,steady,False
SimScale,0.7,9.0,yaw,2.4333178452290216,2.0029134502056407,0.4304043950233809,21.488916307351722,steady,False
SimScale,0.7,9.0,cn,0.4785546941487819,0.3939081100518656,0.08464658409691628,21.4889163073517,steady,False
SimScale,0.7,9.0,pitch,-0.028637382111806962,0.0085310441223166,-0.03716842623412356,-435.6843746346783,steady,False
SimScale,0.7,9.0,cm,-0.005632044192092677,0.0016777796697335016,-0.007309823861826178,-435.6843746346783,steady,False
SimScale,0.7,9.0,axial,86.49569162146378,86.11881236685552,0.3768792546082551,0.43762709244385967,steady,False
SimScale,0.7,9.0,ca,0.9833999559416683,0.9791150830719412,0.004284872869727119,0.43762709244385967,steady,False
SimScale,0.7,9.0,side,9.19005604219231,7.603716949296608,1.5863390928957024,20.86267944314324,steady,False
SimScale,0.7,9.0,cy,0.10448498113113808,0.08644933375011792,0.018035647381020162,20.86267944314326,steady,False
SimScale,0.7,9.0,normal,-0.21308871505402874,-0.29193575754964773,0.078847042495619,-27.008353878065094,steady,False
SimScale,0.7,9.0,cNormal,-0.0024226805875241847,-0.003319120359988893,0.0008964397724647083,-27.008353878065094,steady,False
SimScale,0.7,10.0,roll,0.45774099657282447,0.3797084549531146,0.07803254161970985,20.550646318725008,steady,True
SimScale,0.7,10.0,cl,0.09002280694392781,0.07467633703590079,0.015346469908027016,20.550646318724986,steady,True
SimScale,0.7,10.0,yaw,2.6117696752020443,2.1165372143655277,0.4952324608365166,23.39824017622918,steady,True
SimScale,0.7,10.0,cn,0.5136503809208454,0.41625421901259213,0.09739616190825323,23.39824017622916,steady,True
SimScale,0.7,10.0,pitch,0.0029820547847810436,0.05553007033977578,-0.052548015554994734,-94.62983791208163,steady,True
SimScale,0.7,10.0,cm,0.0005864734515730676,0.010920963687343773,-0.010334490235770705,-94.62983791208163,steady,True
SimScale,0.7,10.0,axial,86.29146564862798,86.12782651214508,0.16363913648289952,0.18999566471100682,steady,True
SimScale,0.7,10.0,ca,0.9810780389892286,0.9792175680618225,0.0018604709274061548,0.18999566471102902,steady,True
SimScale,0.7,10.0,side,9.83521040345846,8.061996170263168,1.7732142331952918,21.99472929217987,steady,True
SimScale,0.7,10.0,cy,0.11181996809466528,0.09165967148208032,0.020160296612584963,21.99472929217987,steady,True
SimScale,0.7,10.0,normal,-0.2516336651933258,-0.41210408300980134,0.16047041781647553,-38.93929335629974,steady,True
SimScale,0.7,10.0,cNormal,-0.002860911689654044,-0.004685356339467142,0.0018244446498130976,-38.93929335629974,steady,True
SimScale,0.7,12.0,roll,0.5720332593854114,0.47628351585664513,0.09574974352876625,20.10351824932477,steady,False
SimScale,0.7,12.0,cl,0.11250038790651755,0.09366951905020487,0.018830868856312674,20.10351824932477,steady,False
SimScale,0.7,12.0,yaw,3.2368903509278613,2.663373634864942,0.5735167160629193,21.533468250766184,steady,False
SimScale,0.7,12.0,cn,0.6365913417018617,0.5237992059836147,0.11279213571824698,21.533468250766163,steady,False
SimScale,0.7,12.0,pitch,0.011742495777424117,-0.06392075668661815,0.07566325246404226,-118.37039544915528,steady,False
SimScale,0.7,12.0,cm,0.0023093680450856453,-0.012571139535223434,0.01488050758030908,-118.37039544915528,steady,False
SimScale,0.7,12.0,axial,86.59633216120211,86.1845821560399,0.4117500051622187,0.47775367108786604,steady,False
SimScale,0.7,12.0,ca,0.984544173653433,0.9798628429496153,0.00468133070381771,0.47775367108786604,steady,False
SimScale,0.7,12.0,side,12.180150612716107,10.078858844830545,2.101291767885561,20.848508747230987,steady,False
SimScale,0.7,12.0,cy,0.13848041851989296,0.11459009296468953,0.02389032555520343,20.84850874723101,steady,False
SimScale,0.7,12.0,normal,-0.34540540838233963,-0.06175673612044134,-0.28364867226189827,459.29997289479684,steady,False
SimScale,0.7,12.0,cNormal,-0.003927035636315066,-0.0007021340651939801,-0.0032249015711210863,459.29997289479695,steady,False
SimScale,0.7,15.0,roll,0.6803162842166705,0.5776983185565088,0.10261796566016168,17.763244649313247,steady,False
SimScale,0.7,15.0,cl,0.13379614667113177,0.11361452129615046,0.020181625374981305,17.763244649313247,steady,False
SimScale,0.7,15.0,yaw,3.9042678210022874,3.326080531945947,0.5781872890563404,17.383442267949768,steady,False
SimScale,0.7,15.0,cn,0.7678428433087944,0.6541321573753551,0.11371068593343925,17.38344226794979,steady,False
SimScale,0.7,15.0,pitch,-0.050099877207043175,-0.004740377681938288,-0.04535949952510489,956.875223211284,steady,False
SimScale,0.7,15.0,cm,-0.00985302082944759,-0.0009322785332699423,-0.008920742296177647,956.875223211284,steady,False
SimScale,0.7,15.0,axial,87.1251901347221,86.52325288344527,0.6019372512768371,0.6956941992087406,steady,False
SimScale,0.7,15.0,ca,0.9905569460598902,0.9837133096279641,0.006843636431926092,0.6956941992087406,steady,False
SimScale,0.7,15.0,side,14.694672854715893,12.528031782220006,2.166641072495887,17.294345274337665,steady,False
SimScale,0.7,15.0,cy,0.1670689067514076,0.1424356019556212,0.024633304795786404,17.294345274337687,steady,False
SimScale,0.7,15.0,normal,-0.23750188545215162,-0.32827226770677154,0.09077038225461992,-27.650944409261026,steady,False
SimScale,0.7,15.0,cNormal,-0.0027002425127929915,-0.003732242930809777,0.0010320004180167856,-27.650944409261015,steady,False
SimScale,0.8,-6.0,roll,-0.3794187806928243,-0.3106618959382098,-0.0687568847546145,22.13238432314537,steady,False
SimScale,0.8,-6.0,cl,-0.05713646998603136,-0.04678240771494003,-0.010354062271091334,22.13238432314537,steady,False
SimScale,0.8,-6.0,yaw,-2.3093614793812725,-1.8732181247576019,-0.4361433546236706,23.28310562765392,steady,False
SimScale,0.8,-6.0,cn,-0.3477655023102037,-0.2820869092643912,-0.06567859304581253,23.283105627653946,steady,False
SimScale,0.8,-6.0,pitch,0.021841883690061365,0.03200175151306224,-0.010159867823000875,-31.747849235232938,steady,False
SimScale,0.8,-6.0,cm,0.003289157509854338,0.004819126537404675,-0.0015299690275503374,-31.747849235232927,steady,False
SimScale,0.8,-6.0,axial,124.59701482047913,124.0839019345098,0.5131128859693348,0.4135209144536356,steady,False
SimScale,0.8,-6.0,ca,1.0846888799970196,1.0802219363676233,0.004466943629396258,0.4135209144536356,steady,False
SimScale,0.8,-6.0,side,-8.33403741228548,-6.786776840329558,-1.5472605719559231,22.798164848467152,steady,False
SimScale,0.8,-6.0,cy,-0.07255260264148304,-0.059082806922247495,-0.013469795719235546,22.798164848467152,steady,False
SimScale,0.8,-6.0,normal,-0.3326590029570136,-0.30059340478747093,-0.032065598169542686,10.667432371716234,steady,False
SimScale,0.8,-6.0,cNormal,-0.0028959884942529215,-0.0026168389671549497,-0.00027914952709797184,10.667432371716234,steady,False
SimScale,0.8,3.0,roll,0.19469222939416828,0.177472410336371,0.017219819057797264,9.702814665761172,steady,False
SimScale,0.8,3.0,cl,0.02931859804351485,0.02672547475909507,0.0025931232844197787,9.702814665761172,steady,False
SimScale,0.8,3.0,yaw,1.1138601340386372,1.0055741649664598,0.10828596907217736,10.768571115367621,steady,False
SimScale,0.8,3.0,cn,0.16773559811911304,0.1514288723147048,0.01630672580440823,10.768571115367621,steady,False
SimScale,0.8,3.0,pitch,0.11412197953207343,0.05071189795615875,0.06341008157591468,125.03985086642531,steady,False
SimScale,0.8,3.0,cm,0.017185567478695228,0.0076366774207008775,0.00954889005799435,125.03985086642531,steady,False
SimScale,0.8,3.0,axial,124.2758581939112,124.05867548488847,0.21718270902273673,0.17506450731790135,steady,False
SimScale,0.8,3.0,ca,1.081893026323659,1.0800023255733722,0.0018907007502868556,0.17506450731790135,steady,False
SimScale,0.8,3.0,side,4.279071281973302,3.843031294815014,0.4360399871582876,11.346251271661224,steady,False
SimScale,0.8,3.0,cy,0.03725178362385731,0.033455804033286095,0.003795979590571215,11.346251271661245,steady,False
SimScale,0.8,3.0,normal,-0.5582244418909904,-0.3262363672529774,-0.23198807463801302,71.11042726212058,steady,False
SimScale,0.8,3.0,cNormal,-0.004859665743469946,-0.0028400757459541163,-0.00201958999751583,71.11042726212055,steady,False
SimScale,0.8,6.0,roll,0.3787309010530626,0.3130387660821858,0.06569213497087684,20.985303447570413,steady,False
SimScale,0.8,6.0,cl,0.057032882561287974,0.04714033931071922,0.009892543250568757,20.985303447570438,steady,False
SimScale,0.8,6.0,yaw,2.199925032793946,1.8736468960453414,0.32627813674860473,17.41406758323949,steady,False
SimScale,0.8,6.0,cn,0.33128552671596195,0.28215147770185245,0.049134049014109504,17.41406758323949,steady,False
SimScale,0.8,6.0,pitch,0.04146649921763956,-0.007810638454981281,0.04927713767262085,-630.8976910996829,steady,False
SimScale,0.8,6.0,cm,0.006244417800426672,-0.0011761998413464944,0.007420617641773167,-630.8976910996829,steady,False
SimScale,0.8,6.0,axial,124.50500720745353,124.08407100903173,0.4209361984217992,0.33923467774614746,steady,False
SimScale,0.8,6.0,ca,1.0838879006568023,1.0802234082588569,0.003664492397945418,0.33923467774614746,steady,False
SimScale,0.8,6.0,side,8.290788631689166,7.090842997305468,1.199945634383698,16.922467960998144,steady,False
SimScale,0.8,6.0,cy,0.07217609706104162,0.06172987820024242,0.010446218860799203,16.922467960998144,steady,False
SimScale,0.8,6.0,normal,-0.35668085617199813,-0.17960291805931164,-0.1770779381126865,98.5941320030272,steady,False
SimScale,0.8,6.0,cNormal,-0.0031051125819909504,-0.001563546994401435,-0.0015415655875895154,98.59413200302723,steady,False
SimScale,0.8,9.0,roll,0.6024731913610507,0.5075836417141028,0.09488954964694796,18.694367164100733,steady,False
SimScale,0.8,9.0,cl,0.090726113643431,0.07643674743048062,0.014289366212950377,18.694367164100733,steady,False
SimScale,0.8,9.0,yaw,3.5279132444445476,2.9618502278267713,0.5660630166177762,19.11180421277141,steady,False
SimScale,0.8,9.0,cn,0.5312665568015743,0.4460234317772267,0.08524312502434761,19.11180421277141,steady,False
SimScale,0.8,9.0,pitch,-0.11817373194206196,-0.008437151781620437,-0.10973658016044152,1300.6353684366875,steady,False
SimScale,0.8,9.0,cm,-0.017795718693512305,-0.0012705461460233516,-0.016525172547488955,1300.6353684366875,steady,False
SimScale,0.8,9.0,axial,125.16624558221046,124.64121921886287,0.5250263633475925,0.4212301248639694,steady,False
SimScale,0.8,9.0,ca,1.0896443621030059,1.0850737047814887,0.00457065732151718,0.4212301248639694,steady,False
SimScale,0.8,9.0,side,13.123394968205986,11.087941646089286,2.0354533221167,18.35735961718923,steady,False
SimScale,0.8,9.0,cy,0.11424672260672973,0.09652692741393118,0.01771979519279855,18.35735961718923,steady,False
SimScale,0.8,9.0,normal,0.0005043451434234373,-0.28636033756204365,0.2868646827054671,-100.17612255514057,steady,False
SimScale,0.8,9.0,cNormal,4.390615373410923e-06,-0.0024929319075041633,0.0024973225228775743,-100.17612255514057,steady,False
SimScale,0.8,10.0,roll,0.6610258760279453,0.5666978060372734,0.09432806999067189,16.64521531330363,steady,True
SimScale,0.8,10.0,cl,0.09954353091508703,0.08533871762139385,0.014204813293693178,16.64521531330361,steady,True
SimScale,0.8,10.0,yaw,3.806098523299673,3.271653118858397,0.5344454044412759,16.335637826658235,steady,True
SimScale,0.8,10.0,cn,0.5731583282284868,0.4926764824055901,0.08048184582289669,16.33563782665821,steady,True
SimScale,0.8,10.0,pitch,-0.07415068888813638,-0.06552247855759602,-0.008628210330540356,13.16832104108505,steady,True
SimScale,0.8,10.0,cm,-0.011166312332679633,-0.009866994782599782,-0.001299317550079851,13.16832104108505,steady,True
SimScale,0.8,10.0,axial,125.02234328816307,124.6581363558632,0.3642069322998651,0.29216458944978374,steady,True
SimScale,0.8,10.0,ca,1.0883916096322974,1.0852209782166675,0.0031706314156298987,0.29216458944980594,steady,True
SimScale,0.8,10.0,side,14.153373924075174,12.21091107130914,1.9424628527660346,15.907599698519315,steady,True
SimScale,0.8,10.0,cy,0.12321328349642627,0.10630302397505371,0.016910259521372553,15.907599698519315,steady,True
SimScale,0.8,10.0,normal,-0.0748458424010749,-0.07076234163852968,-0.004083500762545225,5.77072588044738,steady,True
SimScale,0.8,10.0,cNormal,-0.0006515762282381075,-0.0006160269987884775,-3.554922944963004e-05,5.770725880447403,steady,True
SimScale,0.8,12.0,roll,0.8142066228181046,0.6892228283084189,0.12498379450968577,18.13401840104998,steady,False
SimScale,0.8,12.0,cl,0.12261093713423135,0.10378969478375213,0.018821242350479217,18.13401840104998,steady,False
SimScale,0.8,12.0,yaw,4.703371780877989,3.9484860131956534,0.7548857676823353,19.118359927312454,steady,False
SimScale,0.8,12.0,cn,0.7082782251858216,0.5946003837007343,0.1136778414850873,19.118359927312454,steady,False
SimScale,0.8,12.0,pitch,-0.14431295943045278,-0.10008303097306322,-0.04422992845738956,44.1932343848517,steady,False
SimScale,0.8,12.0,cm,-0.021732010893179724,-0.015071449770782583,-0.006660561122397142,44.1932343848517,steady,False
SimScale,0.8,12.0,axial,125.53706737542133,124.778003785149,0.7590635902723335,0.6083312500970495,steady,False
SimScale,0.8,12.0,ca,1.0928725796982341,1.08626449332662,0.006608086371614252,0.6083312500970495,steady,False
SimScale,0.8,12.0,side,17.4329811183884,14.70484507939542,2.7281360389929805,18.55263366776758,steady,False
SimScale,0.8,12.0,cy,0.151764155758938,0.12801415798508747,0.023749997773850534,18.55263366776758,steady,False
SimScale,0.8,12.0,normal,0.06009692502058203,-0.0033709841973155515,0.06346790921789758,,steady,False
SimScale,0.8,12.0,cNormal,0.0005231783954516199,-2.9346361778748404e-05,0.0005525247572303683,,steady,False
SimScale,0.8,15.0,roll,0.9865628113157278,0.8476833486334387,0.138879462682289,16.383412851765744,steady,False
SimScale,0.8,15.0,cl,0.14856596280011677,0.1276521792580022,0.020913783542114567,16.383412851765744,steady,False
SimScale,0.8,15.0,yaw,5.702655466393434,4.88490319031464,0.8177522760787941,16.740398821007595,steady,False
SimScale,0.8,15.0,cn,0.8587598175854565,0.7356149424349248,0.12314487515053174,16.740398821007574,steady,False
SimScale,0.8,15.0,pitch,-0.22297829395067728,-0.11351784286203807,-0.10946045108863921,96.42576737620891,steady,False
SimScale,0.8,15.0,cm,-0.033578181281869,-0.0170945908626935,-0.0164835904191755,96.42576737620891,steady,False
SimScale,0.8,15.0,axial,126.22342304047886,125.2746451899468,0.9487778505320676,0.7573582420397074,steady,False
SimScale,0.8,15.0,ca,1.0988477016438403,1.0905880432118755,0.008259658431964745,0.7573582420397074,steady,False
SimScale,0.8,15.0,side,21.14840231236498,18.182816624466735,2.965585687898244,16.30982564003731,steady,False
SimScale,0.8,15.0,cy,0.18410904026053082,0.15829190633500095,0.025817133925529867,16.309825640037335,steady,False
SimScale,0.8,15.0,normal,0.23453744295662055,-0.06332816166266603,0.2978656046192866,-470.3525205830944,steady,False
SimScale,0.8,15.0,cNormal,0.002041783719172762,-0.0005513081741574525,0.002593091893330214,-470.35252058309453,steady,False
SimScale,0.85,-6.0,roll,-0.47011658484821506,-0.38760563014692534,-0.08251095470128972,21.28734679886182,steady,False
SimScale,0.85,-6.0,cl,-0.06273527243671578,-0.051724498962578094,-0.011010773474137689,21.28734679886184,steady,False
SimScale,0.85,-6.0,yaw,-2.8399901402609466,-2.3623615991735387,-0.47762854108740793,20.218265537947456,steady,False
SimScale,0.85,-6.0,cn,-0.37898589607167654,-0.3152481816101796,-0.06373771446149695,20.218265537947456,steady,False
SimScale,0.85,-6.0,pitch,-0.0680864098696389,-0.06803760210827328,-4.880776136562126e-05,0.07173645139337825,steady,False
SimScale,0.85,-6.0,cm,-0.009085872760240503,-0.009079359549890167,-6.513210350335766e-06,0.07173645139335605,steady,False
SimScale,0.85,-6.0,axial,158.37946232595866,157.7277598545924,0.6517024713662636,0.4131818469792936,steady,False
SimScale,0.85,-6.0,ca,1.221822305712367,1.2167947307698255,0.005027574942541468,0.4131818469792936,steady,False
SimScale,0.85,-6.0,side,-10.195644752285867,-8.528250843705322,-1.6673939085805447,19.551417273464033,steady,False
SimScale,0.85,-6.0,cy,-0.07865455530985437,-0.06579140348452628,-0.012863151825328087,19.551417273464033,steady,False
SimScale,0.85,-6.0,normal,0.11727523511959649,0.19153169244848348,-0.07425645732888699,-38.76980168640228,steady,False
SimScale,0.85,-6.0,cNormal,0.0009047227214465668,0.0014775760104726793,-0.0005728532890261125,-38.769801686402296,steady,False
SimScale,0.85,3.0,roll,0.23659113679925448,0.21954277694496874,0.01704835985428574,7.765393191942338,steady,False
SimScale,0.85,3.0,cl,0.031572188477472465,0.02929714961577585,0.002275038861696617,7.765393191942338,steady,False
SimScale,0.85,3.0,yaw,1.265676702309901,1.2185974310450947,0.047079271264806266,3.8633982039852244,steady,False
SimScale,0.85,3.0,cn,0.16889974805260718,0.16261719814028433,0.0062825499123228545,3.8633982039852244,steady,False
SimScale,0.85,3.0,pitch,0.0004343986912555757,-0.0407045516730043,0.04113895036425987,-101.06719930180112,steady,False
SimScale,0.85,3.0,cm,5.796885521677591e-05,-0.005431867798164949,0.005489836653381725,-101.06719930180112,steady,False
SimScale,0.85,3.0,axial,158.07526649526866,157.75810851582995,0.3171579794387185,0.20104068337438719,steady,False
SimScale,0.85,3.0,ca,1.2194755794021284,1.2170288562726146,0.0024467231295137726,0.20104068337436498,steady,False
SimScale,0.85,3.0,side,4.790149703038509,4.516886888392676,0.27326281464583246,6.049804243450341,steady,False
SimScale,0.85,3.0,cy,0.036953729157310385,0.03484563636956704,0.0021080927877433417,6.049804243450341,steady,False
SimScale,0.85,3.0,normal,-0.02029632946421466,0.11394182355639812,-0.1342381530206128,-117.81288804296565,steady,False
SimScale,0.85,3.0,cNormal,-0.000156576539023899,0.0008790070349413743,-0.0010355835739652734,-117.81288804296565,steady,False
SimScale,0.85,6.0,roll,0.4679417287822498,0.3872613885796579,0.0806803402025919,20.83356166709511,steady,False
SimScale,0.85,6.0,cl,0.06244504615624319,0.051678561233081614,0.010766484923161575,20.833561667095136,steady,False
SimScale,0.85,6.0,yaw,2.749526826271481,2.3014987157396214,0.44802811053185954,19.4667981984026,steady,False
SimScale,0.85,6.0,cn,0.36691391045881067,0.3071262610130927,0.05978764944571796,19.46679819840258,steady,False
SimScale,0.85,6.0,pitch,-0.08789100391025358,-0.09861105953259013,0.01072005562233655,-10.871048007342077,steady,False
SimScale,0.85,6.0,cm,-0.011728720604116642,-0.01315927130511173,0.0014305507009950875,-10.871048007342088,steady,False
SimScale,0.85,6.0,axial,158.27448412844427,157.7354465832262,0.5390375452180649,0.3417352008660002,steady,False
SimScale,0.85,6.0,ca,1.221012448793718,1.216854030229268,0.004158418564449873,0.3417352008660002,steady,False
SimScale,0.85,6.0,side,10.099407007863398,8.496944523393374,1.6024624844700242,18.859279121550145,steady,False
SimScale,0.85,6.0,cy,0.0779121268342177,0.06554989009696223,0.012362236737255464,18.859279121550145,steady,False
SimScale,0.85,6.0,normal,0.22004919348620472,0.2743913413295833,-0.054342147843378596,-19.80461467189881,steady,False
SimScale,0.85,6.0,cNormal,0.0016975749823049792,0.002116798834945099,-0.00041922385264012,-19.8046146718988,steady,False
SimScale,0.85,9.0,roll,0.7258324570472797,0.6260648951786831,0.09976756186859659,15.935658210020275,steady,False
SimScale,0.85,9.0,cl,0.09685958420499827,0.08354598205630123,0.013313602148697035,15.935658210020275,steady,False
SimScale,0.85,9.0,yaw,4.152070010264499,3.654880799162286,0.4971892111022127,13.603431641769848,steady,False
SimScale,0.85,9.0,cn,0.554077970583321,0.4877299590126087,0.0663480115707123,13.603431641769848,steady,False
SimScale,0.85,9.0,pitch,-0.2197314367433557,-0.17764807010175443,-0.04208336664160128,23.689177494298974,steady,False
SimScale,0.85,9.0,cm,-0.029322325549216877,-0.023706460131136683,-0.005615865418080193,23.689177494298995,steady,False
SimScale,0.85,9.0,axial,159.0068194337336,158.44300803735206,0.5638113963815385,0.35584492074818286,steady,False
SimScale,0.85,9.0,ca,1.2266620677412912,1.2223125306851794,0.004349537056111741,0.35584492074818286,steady,False
SimScale,0.85,9.0,side,15.181032854920533,13.3640801426552,1.8169527122653335,13.595793297183413,steady,False
SimScale,0.85,9.0,cy,0.117114455962224,0.10309752902190247,0.014016926940321528,13.595793297183413,steady,False
SimScale,0.85,9.0,normal,0.48758137679414937,0.3984446142057171,0.08913676258843228,22.37118018676767,steady,False
SimScale,0.85,9.0,cNormal,0.0037614586719012712,0.00307381089743548,0.0006876477744657914,22.37118018676767,steady,False
SimScale,0.85,10.0,roll,0.8080155074130534,0.706429055683662,0.1015864517293914,14.380276534786486,steady,False
SimScale,0.85,10.0,cl,0.10782660009115716,0.09427027399987431,0.01355632609128285,14.380276534786486,steady,False
SimScale,0.85,10.0,yaw,4.585578026409731,4.06159073089775,0.5239872955119811,12.901036323671189,steady,False
SimScale,0.85,10.0,cn,0.6119279685899901,0.5420038544515037,0.06992411413848643,12.901036323671189,steady,False
SimScale,0.85,10.0,pitch,-0.27719038488988235,-0.16791697851734416,-0.10927340637253818,65.07585316112112,steady,False
SimScale,0.85,10.0,cm,-0.036990003912581386,-0.02240788292426849,-0.014582120988312897,65.07585316112112,steady,False
SimScale,0.85,10.0,axial,158.8729563437232,158.490473764217,0.38248257950618836,0.24132843471411647,steady,False
SimScale,0.85,10.0,ca,1.225629377600257,1.2226787062169606,0.0029506713832962994,0.24132843471411647,steady,False
SimScale,0.85,10.0,side,16.711190470852046,14.82715226919218,1.884038201659866,12.706676018796381,steady,False
SimScale,0.85,10.0,cy,0.12891889499077064,0.11438443537210742,0.014534459618663217,12.706676018796381,steady,False
SimScale,0.85,10.0,normal,0.7616270629517462,0.3739639982532826,0.3876630646984636,103.66320461572957,steady,False
SimScale,0.85,10.0,cNormal,0.005875590941415376,0.0028849545761107922,0.002990636365304584,103.66320461572957,steady,False
SimScale,0.85,12.0,roll,0.987670072874215,0.8565826446213642,0.1310874282528508,15.303535400346036,steady,False
SimScale,0.85,12.0,cl,0.1318008194060207,0.1143077000617495,0.017493119344271196,15.303535400346036,steady,False
SimScale,0.85,12.0,yaw,5.636380985496984,4.83012251692674,0.8062584685702445,16.692298502673218,steady,False
SimScale,0.85,12.0,cn,0.7521536318410112,0.6445615019090405,0.10759212993197076,16.692298502673218,steady,False
SimScale,0.85,12.0,pitch,-0.3499350996374395,-0.16536283915514643,-0.18457226048229308,111.61652849291248,steady,False
SimScale,0.85,12.0,cm,-0.04669750976348139,-0.02206704272868052,-0.024630467034800867,111.61652849291248,steady,False
SimScale,0.85,12.0,axial,159.56811085313288,158.67997552549986,0.888135327633023,0.5597022086068382,steady,False
SimScale,0.85,12.0,ca,1.2309921643722266,1.2241406222729114,0.0068515420993151555,0.5597022086068604,steady,False
SimScale,0.85,12.0,side,20.533282474771728,17.638603630630207,2.89467884414152,16.411043100457135,steady,False
SimScale,0.85,12.0,cy,0.15840451892389684,0.13607344690417503,0.022331072019721815,16.411043100457135,steady,False
SimScale,0.85,12.0,normal,0.8560095837196567,0.3465911218262929,0.5094184618933638,146.97966272450506,steady,False
SimScale,0.85,12.0,cNormal,0.00660370724797448,0.0026737858393387735,0.003929921408635706,146.97966272450506,steady,False
SimScale,0.85,15.0,roll,1.2069131202357506,1.0539959056643644,0.15291721457138618,14.508330985877782,steady,False
SimScale,0.85,15.0,cl,0.16105797124745705,0.14065174984283038,0.020406221404626668,14.508330985877782,steady,False
SimScale,0.85,15.0,yaw,6.811608758460364,5.9968531241557255,0.8147556343046389,13.586386350246737,steady,False
SimScale,0.85,15.0,cn,0.9089833138567112,0.8002572694352967,0.10872604442141443,13.586386350246737,steady,False
SimScale,0.85,15.0,pitch,-0.4851849470309701,-0.25921941609771837,-0.22596553093325172,87.17152994745932,steady,False
SimScale,0.85,15.0,cm,-0.06474608813047705,-0.03459184639279908,-0.030154241737677973,87.17152994745932,steady,False
SimScale,0.85,15.0,axial,160.5059570215546,159.2834970353104,1.2224599862441892,0.7674743517046112,steady,False
SimScale,0.85,15.0,ca,1.2382272019905902,1.2287965039878406,0.009430698002749649,0.7674743517046112,steady,False
SimScale,0.85,15.0,side,24.83212022585799,21.857325668067833,2.9747945577901582,13.61005734629348,steady,False
SimScale,0.85,15.0,cy,0.1915680097943587,0.1686188831068384,0.022949126687520305,13.610057346293502,steady,False
SimScale,0.85,15.0,normal,1.2074377339513447,0.5656691395241863,0.6417685944271584,113.45299744776307,steady,False
SimScale,0.85,15.0,cNormal,0.00931480846338716,0.004363868661842854,0.0049509398015443054,113.45299744776307,steady,False
