# Moment        
# CofR          : (-8.54110000e-02 -1.23374000e-09 5.25000000e-02)
#
# Time          	total_x total_y total_z	pressure_x pressure_y pressure_z	viscous_x viscous_y viscous_z
1                1.22549179e-02 -8.69376894e-05 2.34141385e-05 1.22181911e-02 -8.66736476e-05 2.33840726e-05 3.67267678e-05 -2.64041870e-07 3.00658738e-08
2                9.62556245e-03 -6.37870667e-05 4.29812284e-06 9.60546258e-03 -6.27888644e-05 4.37921032e-06 2.00998746e-05 -9.98202343e-07 -8.10874768e-08
3                -3.06568807e-04 1.95041718e-05 -4.48580718e-05 -3.10496920e-04 2.15991785e-05 -4.52888254e-05 3.92811285e-06 -2.09500668e-06 4.30753608e-07
4                -6.42245081e-03 6.10738469e-05 -6.48257021e-05 -6.41588709e-03 6.31555521e-05 -6.54384886e-05 -6.56371599e-06 -2.08170517e-06 6.12786489e-07
5                -4.11128598e-03 2.62839900e-05 -4.33991581e-05 -4.10368931e-03 2.75410156e-05 -4.38879972e-05 -7.59666159e-06 -1.25702560e-06 4.88839097e-07
6                1.69273253e-03 -7.98051429e-06 -2.18152530e-05 1.69398327e-03 -7.02032452e-06 -2.20944552e-05 -1.25073703e-06 -9.60189770e-07 2.79202246e-07
7                4.46364184e-03 -7.95738247e-06 -1.98243687e-05 4.45888587e-03 -7.21988829e-06 -1.99810895e-05 4.75596639e-06 -7.37494180e-07 1.56720838e-07
8                2.64690951e-03 1.04201557e-06 -3.07409851e-05 2.64114427e-03 2.21317924e-06 -3.10109117e-05 5.76523940e-06 -1.17116367e-06 2.69926613e-07
9                -4.78211217e-04 1.02815453e-06 -3.48394873e-05 -4.79830482e-04 2.73188262e-06 -3.51597511e-05 1.61926566e-06 -1.70372809e-06 3.20263783e-07
10               -1.60162871e-03 -5.09188657e-06 -2.18751433e-05 -1.60017130e-03 -3.30727663e-06 -2.23145020e-05 -1.45740918e-06 -1.78460994e-06 4.39358664e-07
11               -3.49378716e-04 -9.81163295e-06 -6.47681970e-06 -3.47695436e-04 -8.22941563e-06 -6.97148190e-06 -1.68327931e-06 -1.58221733e-06 4.94662201e-07
12               1.33976135e-03 -6.01397537e-07 -5.51370471e-06 1.34054802e-03 6.06494896e-07 -5.97521426e-06 -7.86669064e-07 -1.20789243e-06 4.61509544e-07
13               1.79811633e-03 1.55831925e-05 -1.56371371e-05 1.79813443e-03 1.65982578e-05 -1.60861533e-05 -1.80945230e-08 -1.01506528e-06 4.49016243e-07
14               1.00629044e-03 2.25245930e-05 -2.40649840e-05 1.00713855e-03 2.33806059e-05 -2.45148818e-05 -8.48107635e-07 -8.56012869e-07 4.49897849e-07
15               9.13608166e-05 2.01151490e-05 -2.14313553e-05 9.40473050e-05 2.08040061e-05 -2.18989875e-05 -2.68648841e-06 -6.88857149e-07 4.67632194e-07
16               -9.94214387e-05 1.39480142e-05 -1.24283378e-05 -9.57603665e-05 1.44023551e-05 -1.28626909e-05 -3.66107216e-06 -4.54340861e-07 4.34353075e-07
17               3.73709728e-04 1.20393492e-05 -6.71581382e-06 3.77211018e-04 1.21862129e-05 -7.10468503e-06 -3.50128978e-06 -1.46863740e-07 3.88871207e-07
18               8.75193691e-04 1.72619036e-05 -9.76123067e-06 8.78172455e-04 1.70695672e-05 -1.00886702e-05 -2.97876422e-06 1.92336422e-07 3.27439497e-07
19               9.56840341e-04 2.89066367e-05 -1.83327734e-05 9.59434000e-04 2.83265817e-05 -1.85902661e-05 -2.59365909e-06 5.80055042e-07 2.57492655e-07
20               6.77317314e-04 3.70492068e-05 -2.50544750e-05 6.79695616e-04 3.59959448e-05 -2.52402887e-05 -2.37830121e-06 1.05326198e-06 1.85813702e-07
21               3.94016031e-04 3.28652346e-05 -2.49937604e-05 3.96024506e-04 3.13037939e-05 -2.51235940e-05 -2.00847476e-06 1.56144070e-06 1.29833604e-07
22               3.57230929e-04 1.74510780e-05 -2.04156030e-05 3.58461256e-04 1.53505708e-05 -2.04951476e-05 -1.23032627e-06 2.10050715e-06 7.95446374e-08
23               5.30911631e-04 -7.83454345e-07 -1.74157734e-05 5.31070293e-04 -3.44399423e-06 -1.74364017e-05 -1.58661733e-07 2.66053989e-06 2.06282772e-08
24               7.14061893e-04 -1.21939059e-05 -1.94699179e-05 7.13142189e-04 -1.54246917e-05 -1.94218949e-05 9.19704230e-07 3.23078578e-06 -4.80230747e-08
25               7.59944076e-04 -1.53840038e-05 -2.42417016e-05 7.58138856e-04 -1.91645335e-05 -2.41210019e-05 1.80522056e-06 3.78052967e-06 -1.20699728e-07
26               6.85859244e-04 -1.63505377e-05 -2.75322230e-05 6.83345202e-04 -2.06086786e-05 -2.73468609e-05 2.51404136e-06 4.25814088e-06 -1.85362080e-07
27               6.08627335e-04 -2.13449790e-05 -2.70551679e-05 6.05412951e-04 -2.59724934e-05 -2.68257229e-05 3.21438432e-06 4.62751439e-06 -2.29444956e-07
28               6.16587295e-04 -3.28078153e-05 -2.44888158e-05 6.12576695e-04 -3.76743658e-05 -2.42380951e-05 4.01059990e-06 4.86655044e-06 -2.50720689e-07
29               7.04308958e-04 -4.90961250e-05 -2.30583889e-05 6.99442536e-04 -5.40934148e-05 -2.28041054e-05 4.86642165e-06 4.99728979e-06 -2.54283490e-07
30               8.07015058e-04 -6.59858877e-05 -2.44809970e-05 8.01388325e-04 -7.10368487e-05 -2.42362550e-05 5.62673278e-06 5.05096099e-06 -2.44742042e-07
31               8.58369781e-04 -7.92931940e-05 -2.80398196e-05 8.52217606e-04 -8.43705782e-05 -2.78073547e-05 6.15217464e-06 5.07738424e-06 -2.32464964e-07
32               8.46894542e-04 -8.80770940e-05 -3.17208776e-05 8.40474527e-04 -9.31900833e-05 -3.14940484e-05 6.42001457e-06 5.11298921e-06 -2.26829213e-07
33               8.02322825e-04 -9.32497392e-05 -3.40351948e-05 7.95820192e-04 -9.84082326e-05 -3.38057195e-05 6.50263284e-06 5.15849334e-06 -2.29475325e-07
34               7.61752653e-04 -9.72789894e-05 -3.49860921e-05 7.55265239e-04 -1.02461308e-04 -3.47514097e-05 6.48741448e-06 5.18231897e-06 -2.34682428e-07
35               7.42134921e-04 -1.00734701e-04 -3.56080254e-05 7.35728370e-04 -1.05875339e-04 -3.53732592e-05 6.40655119e-06 5.14063747e-06 -2.34766122e-07
36               7.38066944e-04 -1.02194154e-04 -3.66735930e-05 7.31843811e-04 -1.07218168e-04 -3.64448600e-05 6.22313283e-06 5.02401312e-06 -2.28732991e-07
37               7.29875019e-04 -9.94799130e-05 -3.81137573e-05 7.23996990e-04 -1.04316598e-04 -3.78970292e-05 5.87802907e-06 4.83668473e-06 -2.16728059e-07
38               7.07164964e-04 -9.16925967e-05 -3.91877707e-05 7.01803680e-04 -9.62941448e-05 -3.89856239e-05 5.36128421e-06 4.60154813e-06 -2.02146807e-07
39               6.72963831e-04 -8.01589670e-05 -3.93146273e-05 6.68216108e-04 -8.44948224e-05 -3.91256475e-05 4.74772250e-06 4.33585538e-06 -1.88979808e-07
40               6.39372409e-04 -6.70349624e-05 -3.85644790e-05 6.35220805e-04 -7.10764918e-05 -3.83850486e-05 4.15160407e-06 4.04152944e-06 -1.79430334e-07
41               6.18029756e-04 -5.40419501e-05 -3.75578613e-05 6.14378936e-04 -5.77587670e-05 -3.73854509e-05 3.65082006e-06 3.71681683e-06 -1.72410401e-07
42               6.14492551e-04 -4.25481456e-05 -3.69374441e-05 6.11223107e-04 -4.59001140e-05 -3.67732691e-05 3.26944381e-06 3.35196842e-06 -1.64174991e-07
43               6.27876687e-04 -3.23770680e-05 -3.66973054e-05 6.24885527e-04 -3.53252682e-05 -3.65460131e-05 2.99115949e-06 2.94820017e-06 -1.51292288e-07
44               6.54026853e-04 -2.31594536e-05 -3.63575493e-05 6.51253212e-04 -2.56923486e-05 -3.62249911e-05 2.77364132e-06 2.53289497e-06 -1.32558194e-07
45               6.85288268e-04 -1.48274472e-05 -3.56291555e-05 6.82692358e-04 -1.69573636e-05 -3.55206119e-05 2.59590928e-06 2.12991635e-06 -1.08543591e-07
46               7.13934298e-04 -7.81701928e-06 -3.45558613e-05 7.11475387e-04 -9.59054316e-06 -3.44743083e-05 2.45891154e-06 1.77352388e-06 -8.15529788e-08
47               7.33627272e-04 -2.91007051e-06 -3.35017445e-05 7.31245540e-04 -4.40525867e-06 -3.34472365e-05 2.38173209e-06 1.49518816e-06 -5.45080809e-08
48               7.42963783e-04 -4.94345253e-07 -3.29137499e-05 7.40600533e-04 -1.80414924e-06 -3.28846001e-05 2.36324929e-06 1.30980399e-06 -2.91497591e-08
49               7.45627592e-04 -1.96884349e-07 -3.30351189e-05 7.43223239e-04 -1.42421528e-06 -3.30252849e-05 2.40435301e-06 1.22733094e-06 -9.83404391e-09
50               7.47648672e-04 -7.18751488e-07 -3.37555264e-05 7.45170043e-04 -1.96237935e-06 -3.37564886e-05 2.47862883e-06 1.24362787e-06 9.62180098e-10
51               7.52618148e-04 -1.00236362e-06 -3.46902119e-05 7.50063077e-04 -2.34468366e-06 -3.46929169e-05 2.55507088e-06 1.34232004e-06 2.70498684e-09
52               7.60029208e-04 -5.38010139e-07 -3.54344464e-05 7.57423792e-04 -2.04241647e-06 -3.54296843e-05 2.60541508e-06 1.50440633e-06 -4.76205582e-09
53               7.66489161e-04 4.10645002e-07 -3.58453307e-05 7.63865244e-04 -1.29630682e-06 -3.58256641e-05 2.62391728e-06 1.70695183e-06 -1.96666561e-08
54               7.67839532e-04 1.65831747e-06 -3.59562049e-05 7.65218823e-04 -2.79199038e-07 -3.59150700e-05 2.62070958e-06 1.93751651e-06 -4.11349064e-08
55               7.62482946e-04 3.48543656e-06 -3.59479965e-05 7.59862906e-04 1.30492736e-06 -3.58807688e-05 2.62003958e-06 2.18050920e-06 -6.72277063e-08
56               7.52173005e-04 6.43743542e-06 -3.59922888e-05 7.49536337e-04 4.01738504e-06 -3.58962038e-05 2.63666784e-06 2.42005037e-06 -9.60849206e-08
57               7.40955550e-04 1.08293723e-05 -3.61166295e-05 7.38277694e-04 8.19476173e-06 -3.59929702e-05 2.67785583e-06 2.63461060e-06 -1.23659216e-07
58               7.32877066e-04 1.65716663e-05 -3.62162742e-05 7.30142481e-04 1.37709157e-05 -3.60702893e-05 2.73458431e-06 2.80075065e-06 -1.45984843e-07
59               7.30182964e-04 2.31526830e-05 -3.61898610e-05 7.27387371e-04 2.02475885e-05 -3.60297092e-05 2.79559317e-06 2.90509446e-06 -1.60151754e-07
60               7.33112296e-04 2.97886261e-05 -3.59807963e-05 7.30266295e-04 2.68398175e-05 -3.58143564e-05 2.84600084e-06 2.94880862e-06 -1.66439872e-07
61               7.40169170e-04 3.58892986e-05 -3.56487758e-05 7.37286401e-04 3.29464167e-05 -3.54829669e-05 2.88276934e-06 2.94288189e-06 -1.65808875e-07
62               7.49302952e-04 4.10785253e-05 -3.53327986e-05 7.46396099e-04 3.81736515e-05 -3.51716327e-05 2.90685324e-06 2.90487380e-06 -1.61165976e-07
63               7.58961495e-04 4.53105380e-05 -3.52065612e-05 7.56032186e-04 4.24596060e-05 -3.50515849e-05 2.92930897e-06 2.85093201e-06 -1.54976297e-07
64               7.68372827e-04 4.89256507e-05 -3.53650661e-05 7.65415548e-04 4.61350307e-05 -3.52159846e-05 2.95727918e-06 2.79062001e-06 -1.49081498e-07
65               7.77185132e-04 5.21232538e-05 -3.58003582e-05 7.74188688e-04 4.93958975e-05 -3.56566500e-05 2.99644430e-06 2.72735635e-06 -1.43708138e-07
66               7.85278443e-04 5.48839768e-05 -3.64197587e-05 7.82236553e-04 5.22248661e-05 -3.62812366e-05 3.04189014e-06 2.65911073e-06 -1.38522096e-07
67               7.92602463e-04 5.72450851e-05 -3.71100263e-05 7.89517912e-04 5.46577138e-05 -3.69769202e-05 3.08455093e-06 2.58737134e-06 -1.33106038e-07
68               7.98907107e-04 5.91481015e-05 -3.77670296e-05 7.95793973e-04 5.66348559e-05 -3.76393323e-05 3.11313445e-06 2.51324558e-06 -1.27697357e-07
69               8.04091117e-04 6.04969093e-05 -3.83328735e-05 8.00970032e-04 5.80559728e-05 -3.82103748e-05 3.12108494e-06 2.44093647e-06 -1.22498729e-07
70               8.08133979e-04 6.14275635e-05 -3.88238164e-05 8.05026169e-04 5.90503286e-05 -3.87051693e-05 3.10781025e-06 2.37723491e-06 -1.18647174e-07
71               8.10884979e-04 6.22483916e-05 -3.92906740e-05 8.07807745e-04 5.99187222e-05 -3.91738585e-05 3.07723385e-06 2.32966942e-06 -1.16815490e-07
72               8.12450870e-04 6.33183541e-05 -3.97767087e-05 8.09414977e-04 6.10150450e-05 -3.96591626e-05 3.03589271e-06 2.30330908e-06 -1.17546039e-07
73               8.13113685e-04 6.48746854e-05 -4.03034865e-05 8.10121131e-04 6.25756151e-05 -4.01831053e-05 2.99255426e-06 2.29907022e-06 -1.20381157e-07
74               8.13525395e-04 6.69184187e-05 -4.08537251e-05 8.10573344e-04 6.46054655e-05 -4.07289673e-05 2.95205161e-06 2.31295316e-06 -1.24757767e-07
75               8.14460664e-04 6.92353935e-05 -4.13837397e-05 8.11541855e-04 6.68947257e-05 -4.12539069e-05 2.91880904e-06 2.34066776e-06 -1.29832843e-07
76               8.16542168e-04 7.15961503e-05 -4.18607995e-05 8.13647997e-04 6.92196064e-05 -4.17259697e-05 2.89417097e-06 2.37654386e-06 -1.34829768e-07
77               8.20125660e-04 7.37621673e-05 -4.22771326e-05 8.17247376e-04 7.13463763e-05 -4.21381482e-05 2.87828375e-06 2.41579109e-06 -1.38984441e-07
78               8.25216518e-04 7.55315485e-05 -4.26370930e-05 8.22346428e-04 7.30765614e-05 -4.24952363e-05 2.87009004e-06 2.45498715e-06 -1.41856748e-07
79               8.31574974e-04 7.67275666e-05 -4.29529821e-05 8.28706225e-04 7.42356170e-05 -4.28098251e-05 2.86874925e-06 2.49194958e-06 -1.43156943e-07
80               8.38880905e-04 7.72985307e-05 -4.32464163e-05 8.36007975e-04 7.47728062e-05 -4.31036106e-05 2.87292973e-06 2.52572452e-06 -1.42805656e-07
81               8.46843478e-04 7.72858129e-05 -4.35434135e-05 8.43961499e-04 7.47296622e-05 -4.34025590e-05 2.88197851e-06 2.55615075e-06 -1.40854495e-07
82               8.55189587e-04 7.67617133e-05 -4.38587092e-05 8.52295810e-04 7.41784355e-05 -4.37212902e-05 2.89377716e-06 2.58327780e-06 -1.37418953e-07
83               8.63606518e-04 7.58504393e-05 -4.42103008e-05 8.60700135e-04 7.32426236e-05 -4.40775972e-05 2.90638325e-06 2.60781575e-06 -1.32703595e-07
84               8.71782738e-04 7.46985574e-05 -4.46036583e-05 8.68864996e-04 7.20675190e-05 -4.44765855e-05 2.91774289e-06 2.63103845e-06 -1.27072820e-07
85               8.79474111e-04 7.34535742e-05 -4.50351796e-05 8.76548042e-04 7.07992120e-05 -4.49144626e-05 2.92606921e-06 2.65436214e-06 -1.20716985e-07
86               8.86554639e-04 7.22707455e-05 -4.55015437e-05 8.83624935e-04 6.95915607e-05 -4.53875840e-05 2.92970356e-06 2.67918473e-06 -1.13959779e-07
87               8.92923370e-04 7.12962731e-05 -4.60049562e-05 8.89995388e-04 6.85892091e-05 -4.58978589e-05 2.92798211e-06 2.70706404e-06 -1.07097290e-07
88               8.98599388e-04 7.06130143e-05 -4.65440881e-05 8.95678733e-04 6.78737861e-05 -4.64436894e-05 2.92065536e-06 2.73922821e-06 -1.00398718e-07
89               9.02924287e-04 7.02405279e-05 -4.71072187e-05 9.00015872e-04 6.74634087e-05 -4.70135582e-05 2.90841473e-06 2.77711919e-06 -9.36604937e-08
90               9.07498293e-04 7.02745812e-05 -4.77148018e-05 9.04606572e-04 6.74552861e-05 -4.76269041e-05 2.89172037e-06 2.81929505e-06 -8.78977128e-08
91               9.13099961e-04 7.05007504e-05 -4.82746848e-05 9.10224623e-04 6.76335394e-05 -4.81922049e-05 2.87533804e-06 2.86721098e-06 -8.24798616e-08
92               9.17382731e-04 7.08953345e-05 -4.88327484e-05 9.14523983e-04 6.79742555e-05 -4.87554782e-05 2.85874775e-06 2.92107901e-06 -7.72701853e-08
93               9.21592473e-04 7.13003438e-05 -4.93542098e-05 9.18748633e-04 6.83219009e-05 -4.92819457e-05 2.84383974e-06 2.97844282e-06 -7.22641081e-08
94               9.26935751e-04 7.16365537e-05 -4.98221118e-05 9.24104111e-04 6.85983374e-05 -4.97547565e-05 2.83164084e-06 3.03821633e-06 -6.73553633e-08
95               9.33583576e-04 7.18464438e-05 -5.02420230e-05 9.30759592e-04 6.87454068e-05 -5.01794323e-05 2.82398381e-06 3.10103700e-06 -6.25906907e-08
96               9.40950624e-04 7.18796200e-05 -5.06294124e-05 9.38128783e-04 6.87123150e-05 -5.05712457e-05 2.82184076e-06 3.16730498e-06 -5.81666109e-08
97               9.48428273e-04 7.17006457e-05 -5.09862011e-05 9.45603395e-04 6.84644747e-05 -5.09322004e-05 2.82487774e-06 3.23617096e-06 -5.40006630e-08
98               9.55838101e-04 7.13056744e-05 -5.13108510e-05 9.53007062e-04 6.79990153e-05 -5.12608917e-05 2.83103871e-06 3.30665912e-06 -4.99593618e-08
99               9.63304888e-04 7.07426966e-05 -5.16030958e-05 9.60465977e-04 6.73644807e-05 -5.15570111e-05 2.83891117e-06 3.37821588e-06 -4.60847383e-08
100              9.70935229e-04 7.00922475e-05 -5.18738330e-05 9.68087610e-04 6.66418018e-05 -5.18315040e-05 2.84761926e-06 3.45044571e-06 -4.23290297e-08
101              9.78618536e-04 6.94539230e-05 -5.21371732e-05 9.75762082e-04 6.59311146e-05 -5.20983959e-05 2.85645383e-06 3.52280839e-06 -3.87773776e-08
102              9.86166036e-04 6.89277494e-05 -5.24120373e-05 9.83300306e-04 6.53318460e-05 -5.23764973e-05 2.86572992e-06 3.59590343e-06 -3.55400640e-08
103              9.93432384e-04 6.85926156e-05 -5.27079896e-05 9.90556453e-04 6.49239644e-05 -5.26753396e-05 2.87593166e-06 3.66865114e-06 -3.26500723e-08
104              1.00039423e-03 6.85044814e-05 -5.30244845e-05 9.97506375e-04 6.47639647e-05 -5.29943139e-05 2.88785196e-06 3.74051671e-06 -3.01706633e-08
105              1.00718167e-03 6.86677991e-05 -5.33661417e-05 1.00427890e-03 6.48575692e-05 -5.33380135e-05 2.90276881e-06 3.81022983e-06 -2.81282601e-08
106              1.01391705e-03 6.90586227e-05 -5.37292634e-05 1.01099504e-03 6.51833616e-05 -5.37027860e-05 2.92200917e-06 3.87526117e-06 -2.64774107e-08
107              1.02064214e-03 6.97196040e-05 -5.41114464e-05 1.01769659e-03 6.57859229e-05 -5.40863981e-05 2.94555512e-06 3.93368107e-06 -2.50482833e-08
108              1.02733195e-03 7.06562683e-05 -5.45090118e-05 1.02435902e-03 6.66727183e-05 -5.44853727e-05 2.97293197e-06 3.98354995e-06 -2.36390741e-08
109              1.03400769e-03 7.18203906e-05 -5.49037128e-05 1.03100407e-03 6.77983446e-05 -5.48819068e-05 3.00362907e-06 4.02204599e-06 -2.18059406e-08
110              1.04075393e-03 7.31947307e-05 -5.52773429e-05 1.03771660e-03 6.91498279e-05 -5.52581507e-05 3.03733818e-06 4.04490285e-06 -1.91921970e-08
111              1.04770087e-03 7.48007070e-05 -5.56245345e-05 1.04462793e-03 7.07508499e-05 -5.56090669e-05 3.07294135e-06 4.04985715e-06 -1.54675509e-08
112              1.05504079e-03 7.66258874e-05 -5.59495354e-05 1.05193049e-03 7.25879985e-05 -5.59387981e-05 3.11029836e-06 4.03788886e-06 -1.07372574e-08
113              1.06294239e-03 7.87119962e-05 -5.62505115e-05 1.05979124e-03 7.47041485e-05 -5.62454827e-05 3.15115154e-06 4.00784776e-06 -5.02874766e-09
114              1.07140189e-03 8.10884672e-05 -5.65274867e-05 1.06820766e-03 7.71293844e-05 -5.65292770e-05 3.19423221e-06 3.95908282e-06 1.79021488e-09
115              1.08026683e-03 8.37257046e-05 -5.67830975e-05 1.07703083e-03 7.98335913e-05 -5.67932355e-05 3.23600019e-06 3.89211332e-06 1.01380886e-08
116              1.08943544e-03 8.65654419e-05 -5.70304589e-05 1.08616154e-03 8.27616662e-05 -5.70510323e-05 3.27390021e-06 3.80377568e-06 2.05734542e-08
117              1.09883311e-03 8.96115035e-05 -5.72882035e-05 1.09552675e-03 8.59162169e-05 -5.73215708e-05 3.30636678e-06 3.69528659e-06 3.33672523e-08
118              1.10843386e-03 9.28474521e-05 -5.75679872e-05 1.10510119e-03 8.92798527e-05 -5.76168922e-05 3.33267027e-06 3.56759941e-06 4.89050218e-08
119              1.11818133e-03 9.62162791e-05 -5.78759589e-05 1.11482664e-03 9.27926656e-05 -5.79431893e-05 3.35468612e-06 3.42361344e-06 6.72303478e-08
120              1.12806812e-03 9.96418541e-05 -5.82080740e-05 1.12469756e-03 9.63795435e-05 -5.82969969e-05 3.37055518e-06 3.26231058e-06 8.89228911e-08
121              1.13802008e-03 1.03017298e-04 -5.85519888e-05 1.13463766e-03 9.99337706e-05 -5.86661176e-05 3.38241888e-06 3.08352715e-06 1.14128740e-07
122              1.14796129e-03 1.06302292e-04 -5.88883081e-05 1.14456930e-03 1.03414835e-04 -5.90311729e-05 3.39199261e-06 2.88745754e-06 1.42864834e-07
123              1.15789156e-03 1.09532641e-04 -5.91936537e-05 1.15448979e-03 1.06857376e-04 -5.93686079e-05 3.40176737e-06 2.67526556e-06 1.74954169e-07
124              1.16785337e-03 1.12691321e-04 -5.94474981e-05 1.16444208e-03 1.10244721e-04 -5.96581432e-05 3.41129566e-06 2.44660055e-06 2.10645141e-07
125              1.17795662e-03 1.15727939e-04 -5.96433642e-05 1.17453370e-03 1.13525925e-04 -5.98927805e-05 3.42292222e-06 2.20201455e-06 2.49416326e-07
126              1.18830688e-03 1.18608611e-04 -5.97848947e-05 1.18487088e-03 1.16663737e-04 -6.00759728e-05 3.43600337e-06 1.94487368e-06 2.91078120e-07
127              1.19889984e-03 1.21363511e-04 -5.98860519e-05 1.19544475e-03 1.19685413e-04 -6.02207028e-05 3.45509133e-06 1.67809820e-06 3.34650951e-07
128              1.20979952e-03 1.24072913e-04 -5.99754610e-05 1.20632120e-03 1.22662595e-04 -6.03546947e-05 3.47831867e-06 1.41031813e-06 3.79233614e-07
129              1.22107029e-03 1.26884428e-04 -6.00715030e-05 1.21756077e-03 1.25734484e-04 -6.04944174e-05 3.50951207e-06 1.14994410e-06 4.22914429e-07
130              1.23281511e-03 1.29901434e-04 -6.02055076e-05 1.22926992e-03 1.29004298e-04 -6.06717294e-05 3.54519077e-06 8.97136011e-07 4.66221757e-07
131              1.24497201e-03 1.33165813e-04 -6.03927297e-05 1.24138234e-03 1.32514239e-04 -6.09007575e-05 3.58966829e-06 6.51574223e-07 5.08027788e-07
132              1.25748925e-03 1.36608767e-04 -6.06562858e-05 1.25384996e-03 1.36192465e-04 -6.12047092e-05 3.63929388e-06 4.16302026e-07 5.48423397e-07
133              1.27036786e-03 1.40350666e-04 -6.09913497e-05 1.26667015e-03 1.40153968e-04 -6.15773616e-05 3.69770516e-06 1.96697498e-07 5.86011909e-07
134              1.28366882e-03 1.44529777e-04 -6.14029966e-05 1.27990864e-03 1.44536061e-04 -6.20236325e-05 3.76017903e-06 -6.28453667e-09 6.20635962e-07
135              1.29721852e-03 1.49036096e-04 -6.19061586e-05 1.29338167e-03 1.49227442e-04 -6.25580819e-05 3.83684469e-06 -1.91346425e-07 6.51923363e-07
136              1.31091891e-03 1.53733994e-04 -6.25124347e-05 1.30699721e-03 1.54085559e-04 -6.31922283e-05 3.92170455e-06 -3.51564763e-07 6.79793544e-07
137              1.32478396e-03 1.58574319e-04 -6.31948811e-05 1.32076991e-03 1.59060465e-04 -6.38977353e-05 4.01405199e-06 -4.86146408e-07 7.02854255e-07
138              1.33880307e-03 1.63499325e-04 -6.39334664e-05 1.33469670e-03 1.64093964e-04 -6.46547775e-05 4.10637234e-06 -5.94639203e-07 7.21311103e-07
139              1.35293877e-03 1.68490839e-04 -6.47046858e-05 1.34873677e-03 1.69168076e-04 -6.54397172e-05 4.20199959e-06 -6.77236244e-07 7.35031323e-07
140              1.36722720e-03 1.73494224e-04 -6.54941918e-05 1.36292995e-03 1.74229056e-04 -6.62388921e-05 4.29725286e-06 -7.34832054e-07 7.44700308e-07
141              1.38170933e-03 1.78426325e-04 -6.62766055e-05 1.37731714e-03 1.79196332e-04 -6.70271566e-05 4.39218978e-06 -7.70007085e-07 7.50551091e-07
142              1.39642538e-03 1.83212480e-04 -6.70359117e-05 1.39194084e-03 1.83994239e-04 -6.77885477e-05 4.48454620e-06 -7.81759182e-07 7.52636018e-07
143              1.41141317e-03 1.87804765e-04 -6.77659849e-05 1.40684054e-03 1.88578429e-04 -6.85175926e-05 4.57263097e-06 -7.73664201e-07 7.51607786e-07
144              1.42665786e-03 1.92214750e-04 -6.84575293e-05 1.42200183e-03 1.92959944e-04 -6.92049050e-05 4.65603737e-06 -7.45194093e-07 7.47375679e-07
145              1.44216712e-03 1.96461674e-04 -6.91066562e-05 1.43743507e-03 1.97159087e-04 -6.98472601e-05 4.73205828e-06 -6.97412772e-07 7.40603953e-07
146              1.45791268e-03 2.00614382e-04 -6.97021215e-05 1.45311064e-03 2.01247399e-04 -7.04335485e-05 4.80204008e-06 -6.33017489e-07 7.31427026e-07
147              1.47388515e-03 2.04743408e-04 -7.02422140e-05 1.46901990e-03 2.05298518e-04 -7.09629148e-05 4.86524754e-06 -5.55110334e-07 7.20700825e-07
148              1.48998525e-03 2.08877700e-04 -7.07290892e-05 1.48506165e-03 2.09347921e-04 -7.14380708e-05 4.92359767e-06 -4.70220575e-07 7.08981634e-07
149              1.50614905e-03 2.13039495e-04 -7.11711904e-05 1.50117217e-03 2.13420521e-04 -7.18678725e-05 4.97687718e-06 -3.81026127e-07 6.96682066e-07
150              1.52236094e-03 2.17240459e-04 -7.15786236e-05 1.51733466e-03 2.17530632e-04 -7.22628298e-05 5.02627854e-06 -2.90173474e-07 6.84206232e-07
151              1.53853562e-03 2.21443517e-04 -7.19680075e-05 1.53346250e-03 2.21643176e-04 -7.26398319e-05 5.07311816e-06 -1.99658786e-07 6.71824415e-07
152              1.55463327e-03 2.25648309e-04 -7.23570238e-05 1.54951383e-03 2.25757965e-04 -7.30166484e-05 5.11943853e-06 -1.09656125e-07 6.59624660e-07
153              1.57065955e-03 2.29858294e-04 -7.27578398e-05 1.56549451e-03 2.29879224e-04 -7.34053233e-05 5.16504542e-06 -2.09299313e-08 6.47483572e-07
154              1.58667752e-03 2.34059443e-04 -7.31769213e-05 1.58146438e-03 2.33992366e-04 -7.38125280e-05 5.21313575e-06 6.70768530e-08 6.35606672e-07
155              1.60278031e-03 2.38241920e-04 -7.36192343e-05 1.59751600e-03 2.38087467e-04 -7.42429296e-05 5.26431417e-06 1.54453721e-07 6.23695265e-07
156              1.61908975e-03 2.42394706e-04 -7.40853588e-05 1.61377159e-03 2.42153169e-04 -7.46967324e-05 5.31816150e-06 2.41537095e-07 6.11373622e-07
157              1.63570863e-03 2.46513248e-04 -7.45740375e-05 1.63033287e-03 2.46182288e-04 -7.51726873e-05 5.37576315e-06 3.30959067e-07 5.98649828e-07
158              1.65266486e-03 2.50612151e-04 -7.50855359e-05 1.64723032e-03 2.50190709e-04 -7.56708468e-05 5.43453333e-06 4.21441359e-07 5.85310940e-07
159              1.66993264e-03 2.54688309e-04 -7.56204140e-05 1.66443577e-03 2.54174172e-04 -7.61920044e-05 5.49687479e-06 5.14136366e-07 5.71590384e-07
160              1.68755523e-03 2.58709952e-04 -7.61686177e-05 1.68199733e-03 2.58099879e-04 -7.67255501e-05 5.55790489e-06 6.10073490e-07 5.56932337e-07
161              1.70548306e-03 2.62649661e-04 -7.67246676e-05 1.69986290e-03 2.61939244e-04 -7.72662501e-05 5.62015286e-06 7.10416470e-07 5.41582524e-07
162              1.72371074e-03 2.66499022e-04 -7.72770427e-05 1.71803067e-03 2.65683588e-04 -7.78022106e-05 5.68006086e-06 8.15433709e-07 5.25167863e-07
163              1.74218989e-03 2.70272784e-04 -7.78179423e-05 1.73644933e-03 2.69346705e-04 -7.83259511e-05 5.74055581e-06 9.26078746e-07 5.08008743e-07
164              1.76090916e-03 2.73968483e-04 -7.83349415e-05 1.75511223e-03 2.72927688e-04 -7.88247246e-05 5.79692607e-06 1.04079522e-06 4.89783148e-07
165              1.77978468e-03 2.77584780e-04 -7.88263792e-05 1.77393296e-03 2.76425103e-04 -7.92974344e-05 5.85171077e-06 1.15967676e-06 4.71055227e-07
166              1.79878379e-03 2.81120288e-04 -7.92917372e-05 1.79288048e-03 2.79839463e-04 -7.97435827e-05 5.90331736e-06 1.28082501e-06 4.51845510e-07
167              1.81786111e-03 2.84582269e-04 -7.97333243e-05 1.81190659e-03 2.83177763e-04 -8.01658410e-05 5.95452333e-06 1.40450547e-06 4.32516687e-07
168              1.83701557e-03 2.87991776e-04 -8.01528331e-05 1.83101153e-03 2.86461594e-04 -8.05658868e-05 6.00404041e-06 1.53018239e-06 4.13053705e-07
169              1.85623231e-03 2.91395688e-04 -8.05532750e-05 1.85018018e-03 2.89738158e-04 -8.09468393e-05 6.05212604e-06 1.65752944e-06 3.93564241e-07
170              1.87548153e-03 2.94795962e-04 -8.09361809e-05 1.86938161e-03 2.93011762e-04 -8.13104081e-05 6.09991748e-06 1.78420069e-06 3.74227208e-07
171              1.89481161e-03 2.98201196e-04 -8.13049600e-05 1.88866530e-03 2.96288153e-04 -8.16601018e-05 6.14631479e-06 1.91304331e-06 3.55141778e-07
172              1.91420953e-03 3.01627395e-04 -8.16627047e-05 1.90801645e-03 2.99588070e-04 -8.19993191e-05 6.19308531e-06 2.03932495e-06 3.36614352e-07
173              1.93371143e-03 3.05102706e-04 -8.20152276e-05 1.92747176e-03 3.02937447e-04 -8.23339148e-05 6.23967078e-06 2.16525864e-06 3.18687225e-07
174              1.95334478e-03 3.08637317e-04 -8.23645182e-05 1.94705715e-03 3.06349454e-04 -8.26661664e-05 6.28762340e-06 2.28786250e-06 3.01648167e-07
175              1.97313236e-03 3.12238337e-04 -8.27161529e-05 1.96679543e-03 3.09831234e-04 -8.30016356e-05 6.33693541e-06 2.40710333e-06 2.85482700e-07
176              1.99310854e-03 3.15913237e-04 -8.30749413e-05 1.98672076e-03 3.13390803e-04 -8.33453044e-05 6.38778683e-06 2.52243401e-06 2.70363082e-07
177              2.01327140e-03 3.19679284e-04 -8.34458790e-05 2.00683099e-03 3.17046210e-04 -8.37020601e-05 6.44040528e-06 2.63307347e-06 2.56181140e-07
178              2.03361199e-03 3.23528478e-04 -8.38298851e-05 2.02711701e-03 3.20789559e-04 -8.40727043e-05 6.49497526e-06 2.73891846e-06 2.42819168e-07
179              2.05409938e-03 3.27449085e-04 -8.42265785e-05 2.04754800e-03 3.24608548e-04 -8.44568051e-05 6.55137616e-06 2.84053696e-06 2.30226603e-07
180              2.07473106e-03 3.31424752e-04 -8.46324287e-05 2.06812086e-03 3.28486965e-04 -8.48509077e-05 6.61020601e-06 2.93778683e-06 2.18479009e-07
181              2.09549128e-03 3.35449972e-04 -8.50445053e-05 2.08881960e-03 3.32419387e-04 -8.52520140e-05 6.67167931e-06 3.03058529e-06 2.07508706e-07
182              2.11640452e-03 3.39532838e-04 -8.54622126e-05 2.10967021e-03 3.36412702e-04 -8.56594532e-05 6.73431424e-06 3.12013598e-06 1.97240619e-07
183              2.13741150e-03 3.43693542e-04 -8.58856015e-05 2.13061157e-03 3.40489090e-04 -8.60731565e-05 6.79992250e-06 3.20445208e-06 1.87555041e-07
184              2.15855308e-03 3.47937695e-04 -8.63174998e-05 2.15168804e-03 3.44651016e-04 -8.64960068e-05 6.86503927e-06 3.28667927e-06 1.78506962e-07
185              2.17976074e-03 3.52276561e-04 -8.67566824e-05 2.17282731e-03 3.48912796e-04 -8.69264933e-05 6.93343325e-06 3.36376450e-06 1.69810830e-07
186              2.20105695e-03 3.56700568e-04 -8.72066900e-05 2.19405608e-03 3.53260806e-04 -8.73683690e-05 7.00087241e-06 3.43976223e-06 1.61679003e-07
187              2.22240732e-03 3.61214083e-04 -8.76637675e-05 2.21533639e-03 3.57701984e-04 -8.78171838e-05 7.07093073e-06 3.51209945e-06 1.53416294e-07
188              2.24387239e-03 3.65802909e-04 -8.81329346e-05 2.23673296e-03 3.62218256e-04 -8.82783801e-05 7.13942870e-06 3.58465282e-06 1.45445439e-07
189              2.26539192e-03 3.70482635e-04 -8.86084534e-05 2.25818096e-03 3.66828880e-04 -8.87456496e-05 7.21096137e-06 3.65375544e-06 1.37196177e-07
190              2.28704457e-03 3.75224601e-04 -8.90976734e-05 2.27976465e-03 3.71500387e-04 -8.92268392e-05 7.27992179e-06 3.72421362e-06 1.29165744e-07
191              2.30875050e-03 3.80045952e-04 -8.95898589e-05 2.30139821e-03 3.76252940e-04 -8.97105209e-05 7.35228203e-06 3.79301153e-06 1.20662085e-07
192              2.33060038e-03 3.84900329e-04 -9.00934173e-05 2.32317936e-03 3.81036692e-04 -9.02059179e-05 7.42101794e-06 3.86363675e-06 1.12500575e-07
193              2.35248062e-03 3.89802525e-04 -9.05956433e-05 2.34498653e-03 3.85870082e-04 -9.06993449e-05 7.49409749e-06 3.93244288e-06 1.03701505e-07
194              2.37452373e-03 3.94699455e-04 -9.11097775e-05 2.36696071e-03 3.90696186e-04 -9.12051317e-05 7.56302137e-06 4.00326913e-06 9.53542161e-08
195              2.39663667e-03 3.99622849e-04 -9.16229512e-05 2.38900100e-03 3.95550491e-04 -9.17094387e-05 7.63567172e-06 4.07235718e-06 8.64875112e-08
196              2.41892684e-03 4.04533596e-04 -9.21456519e-05 2.41122350e-03 4.00390219e-04 -9.22239334e-05 7.70333958e-06 4.14337653e-06 7.82815444e-08
197              2.44127277e-03 4.09469018e-04 -9.26619496e-05 2.43349758e-03 4.05256856e-04 -9.27315259e-05 7.77518733e-06 4.21216194e-06 6.95763147e-08
198              2.46381338e-03 4.14369357e-04 -9.31826855e-05 2.45597142e-03 4.10087085e-04 -9.32443557e-05 7.84195790e-06 4.28227162e-06 6.16702150e-08
199              2.48641622e-03 4.19271627e-04 -9.36929391e-05 2.47850334e-03 4.14921787e-04 -9.37462560e-05 7.91287995e-06 4.34983955e-06 5.33168697e-08
200              2.50922498e-03 4.24134604e-04 -9.42038361e-05 2.50124576e-03 4.19715983e-04 -9.42496690e-05 7.97922251e-06 4.41862085e-06 4.58329495e-08
201              2.53213116e-03 4.29003396e-04 -9.47025489e-05 2.52408055e-03 4.24518799e-04 -9.47404193e-05 8.05060966e-06 4.48459738e-06 3.78704111e-08
202              2.55522186e-03 4.33847927e-04 -9.52021501e-05 2.54710373e-03 4.29296028e-04 -9.52329428e-05 8.11812692e-06 4.55189932e-06 3.07926970e-08
203              2.57833518e-03 4.38712464e-04 -9.56911557e-05 2.57014477e-03 4.34096068e-04 -9.57142252e-05 8.19041163e-06 4.61639621e-06 2.30695059e-08
204              2.60154747e-03 4.43565557e-04 -9.61811385e-05 2.59328918e-03 4.38882953e-04 -9.61973326e-05 8.25828682e-06 4.68260390e-06 1.61941300e-08
205              2.62478897e-03 4.48434016e-04 -9.66616610e-05 2.61645798e-03 4.43688629e-04 -9.66702983e-05 8.33099568e-06 4.74538674e-06 8.63725591e-09
206              2.64822630e-03 4.53279354e-04 -9.71435141e-05 2.63982730e-03 4.48469215e-04 -9.71456181e-05 8.39900084e-06 4.81013870e-06 2.10398495e-09
207              2.67174725e-03 4.58125915e-04 -9.76192147e-05 2.66327537e-03 4.53254903e-04 -9.76140472e-05 8.47188414e-06 4.87101191e-06 -5.16749171e-09
208              2.69544345e-03 4.62948004e-04 -9.80985728e-05 2.68690411e-03 4.58013738e-04 -9.80873319e-05 8.53933709e-06 4.93426675e-06 -1.12408747e-08
209              2.71917219e-03 4.67767651e-04 -9.85758832e-05 2.71056049e-03 4.62773969e-04 -9.85576648e-05 8.61169284e-06 4.99368193e-06 -1.82184170e-08
210              2.74304006e-03 4.72563767e-04 -9.90598839e-05 2.73436145e-03 4.67507509e-04 -9.90357882e-05 8.67861719e-06 5.05625844e-06 -2.40956490e-08
211              2.76694342e-03 4.77351906e-04 -9.95461063e-05 2.75819275e-03 4.72236829e-04 -9.95151414e-05 8.75067777e-06 5.11507719e-06 -3.09649101e-08
212              2.79100808e-03 4.82107123e-04 -1.00041193e-04 2.78219101e-03 4.76929944e-04 -1.00004543e-04 8.81707744e-06 5.17717884e-06 -3.66494532e-08
213              2.81513390e-03 4.86845105e-04 -1.00538612e-04 2.80624540e-03 4.81609570e-04 -1.00495214e-04 8.88850532e-06 5.23553435e-06 -4.33974993e-08
214              2.83946093e-03 4.91542972e-04 -1.01044932e-04 2.83050701e-03 4.86245829e-04 -1.00995999e-04 8.95391998e-06 5.29714355e-06 -4.89336955e-08
215              2.86387564e-03 4.96217951e-04 -1.01554293e-04 2.85485035e-03 4.90863318e-04 -1.01498767e-04 9.02529245e-06 5.35463257e-06 -5.55262446e-08
216              2.88847960e-03 5.00856084e-04 -1.02073354e-04 2.87938878e-03 4.95440688e-04 -1.02012464e-04 9.09081722e-06 5.41539590e-06 -6.08897886e-08
217              2.91315913e-03 5.05492944e-04 -1.02599408e-04 2.90399711e-03 5.00020520e-04 -1.02532105e-04 9.16201185e-06 5.47242417e-06 -6.73032327e-08
218              2.93806408e-03 5.10118196e-04 -1.03139058e-04 2.92883674e-03 5.04585775e-04 -1.03066668e-04 9.22733223e-06 5.53242048e-06 -7.23893460e-08
219              2.96308075e-03 5.14758593e-04 -1.03684993e-04 2.95378168e-03 5.09170113e-04 -1.03606437e-04 9.29906154e-06 5.58847987e-06 -7.85552345e-08
220              2.98833411e-03 5.19407478e-04 -1.04242105e-04 2.97896893e-03 5.13760044e-04 -1.04158599e-04 9.36518680e-06 5.64743420e-06 -8.35064000e-08
221              3.01368400e-03 5.24100848e-04 -1.04806847e-04 3.00424678e-03 5.18397683e-04 -1.04717238e-04 9.43722704e-06 5.70316571e-06 -8.96089976e-08
222              3.03924551e-03 5.28824482e-04 -1.05386871e-04 3.02974182e-03 5.23062899e-04 -1.05292361e-04 9.50368363e-06 5.76158293e-06 -9.45101637e-08
223              3.06489169e-03 5.33594358e-04 -1.05978052e-04 3.05531544e-03 5.27777115e-04 -1.05877380e-04 9.57625390e-06 5.81724217e-06 -1.00672841e-07
224              3.09073841e-03 5.38399196e-04 -1.06583827e-04 3.08109495e-03 5.32524172e-04 -1.06478211e-04 9.64346646e-06 5.87502463e-06 -1.05616288e-07
225              3.11668615e-03 5.43263287e-04 -1.07197545e-04 3.10696954e-03 5.37332292e-04 -1.07085723e-04 9.71660874e-06 5.93099510e-06 -1.11822126e-07
226              3.14283948e-03 5.48168706e-04 -1.07822235e-04 3.13305437e-03 5.42179819e-04 -1.07705325e-04 9.78510581e-06 5.98888712e-06 -1.16910180e-07
227              3.16907878e-03 5.53130166e-04 -1.08453424e-04 3.15921943e-03 5.47084792e-04 -1.08330073e-04 9.85934757e-06 6.04537474e-06 -1.23350355e-07
228              3.19547745e-03 5.58132676e-04 -1.09093788e-04 3.18554835e-03 5.52028959e-04 -1.08965120e-04 9.92910068e-06 6.10371692e-06 -1.28668018e-07
229              3.22193276e-03 5.63191784e-04 -1.09739296e-04 3.21192857e-03 5.57030531e-04 -1.09603928e-04 1.00041876e-05 6.16125338e-06 -1.35367909e-07
230              3.24852658e-03 5.68289521e-04 -1.10391014e-04 3.23845149e-03 5.62068876e-04 -1.10250079e-04 1.00750932e-05 6.22064529e-06 -1.40934692e-07
231              3.27517243e-03 5.73438711e-04 -1.11043497e-04 3.26502044e-03 5.67159394e-04 -1.10895631e-04 1.01519888e-05 6.27931701e-06 -1.47865906e-07
232              3.30195275e-03 5.78616247e-04 -1.11697569e-04 3.29172816e-03 5.72276412e-04 -1.11544009e-04 1.02245933e-05 6.33983529e-06 -1.53560615e-07
233              3.32876158e-03 5.83829538e-04 -1.12349255e-04 3.31845824e-03 5.77429805e-04 -1.12188704e-04 1.03033379e-05 6.39973344e-06 -1.60551035e-07
234              3.35566908e-03 5.89061548e-04 -1.13000285e-04 3.34529129e-03 5.82600210e-04 -1.12833996e-04 1.03777924e-05 6.46133854e-06 -1.66289079e-07
235              3.38256644e-03 5.94328534e-04 -1.13647493e-04 3.37210849e-03 5.87806264e-04 -1.13474160e-04 1.04579429e-05 6.52227041e-06 -1.73333411e-07
236              3.40955445e-03 5.99617463e-04 -1.14292807e-04 3.39902066e-03 5.93032637e-04 -1.14113747e-04 1.05337875e-05 6.58482640e-06 -1.79059806e-07
237              3.43655045e-03 6.04942220e-04 -1.14933765e-04 3.42593490e-03 5.98295500e-04 -1.14747627e-04 1.06155481e-05 6.64672036e-06 -1.86138528e-07
238              3.46365410e-03 6.10288204e-04 -1.15572258e-04 3.45296124e-03 6.03577885e-04 -1.15380398e-04 1.06928583e-05 6.71031929e-06 -1.91860154e-07
239              3.49076187e-03 6.15669836e-04 -1.16205889e-04 3.47998652e-03 6.08896607e-04 -1.16007036e-04 1.07753582e-05 6.77322913e-06 -1.98852633e-07
240              3.51796601e-03 6.21068388e-04 -1.16836171e-04 3.50711297e-03 6.14231051e-04 -1.16631753e-04 1.08530365e-05 6.83733698e-06 -2.04417871e-07
241              3.54518440e-03 6.26499882e-04 -1.17463569e-04 3.53424831e-03 6.19599628e-04 -1.17252312e-04 1.09360989e-05 6.90025433e-06 -2.11256824e-07
242              3.57250501e-03 6.31959105e-04 -1.18090583e-04 3.56149061e-03 6.24994842e-04 -1.17873964e-04 1.10144010e-05 6.96426287e-06 -2.16618430e-07
243              3.59983986e-03 6.37466889e-04 -1.18716837e-04 3.58874161e-03 6.30439917e-04 -1.18493619e-04 1.10982501e-05 7.02697172e-06 -2.23217934e-07
244              3.62733519e-03 6.42999847e-04 -1.19342564e-04 3.61615824e-03 6.35909102e-04 -1.19114200e-04 1.11769508e-05 7.09074461e-06 -2.28363917e-07
245              3.65491320e-03 6.48567924e-04 -1.19967947e-04 3.64365242e-03 6.41414371e-04 -1.19733116e-04 1.12607735e-05 7.15355353e-06 -2.34831176e-07
246              3.68266902e-03 6.54157701e-04 -1.20593696e-04 3.67132926e-03 6.46940448e-04 -1.20353783e-04 1.13397591e-05 7.21725357e-06 -2.39913000e-07
247              3.71048986e-03 6.59788171e-04 -1.21219909e-04 3.69906575e-03 6.52508119e-04 -1.20973540e-04 1.14241046e-05 7.28005189e-06 -2.46369275e-07
248              3.73847532e-03 6.65444303e-04 -1.21845368e-04 3.72697227e-03 6.58100186e-04 -1.21593903e-04 1.15030475e-05 7.34411668e-06 -2.51464533e-07
249              3.76655157e-03 6.71137439e-04 -1.22468531e-04 3.75496471e-03 6.63729877e-04 -1.22210530e-04 1.15868638e-05 7.40756130e-06 -2.58000302e-07
250              3.79484579e-03 6.76850811e-04 -1.23087228e-04 3.78318008e-03 6.69378724e-04 -1.22823979e-04 1.16657129e-05 7.47208656e-06 -2.63249623e-07
251              3.82327462e-03 6.82597686e-04 -1.23699851e-04 3.81152501e-03 6.75061866e-04 -1.23429907e-04 1.17496048e-05 7.53582027e-06 -2.69944667e-07
252              3.85194147e-03 6.88366183e-04 -1.24303653e-04 3.84011314e-03 6.80765735e-04 -1.24028426e-04 1.18283234e-05 7.60044782e-06 -2.75227059e-07
253              3.88076507e-03 6.94171734e-04 -1.24897275e-04 3.86885264e-03 6.86507347e-04 -1.24615353e-04 1.19124259e-05 7.66438731e-06 -2.81922030e-07
254              3.90985338e-03 7.00000061e-04 -1.25478379e-04 3.89786235e-03 6.92271003e-04 -1.25191196e-04 1.19910296e-05 7.72905834e-06 -2.87182241e-07
255              3.93913797e-03 7.05865869e-04 -1.26047867e-04 3.92706309e-03 6.98072865e-04 -1.25754049e-04 1.20748728e-05 7.79300426e-06 -2.93818246e-07
256              3.96869293e-03 7.11757280e-04 -1.26605337e-04 3.95653958e-03 7.03899566e-04 -1.26306330e-04 1.21533551e-05 7.85771411e-06 -2.99006252e-07
257              3.99841228e-03 7.17684957e-04 -1.27152863e-04 3.98617517e-03 7.09763288e-04 -1.26847258e-04 1.22371154e-05 7.92166855e-06 -3.05605258e-07
258              4.02838319e-03 7.23628960e-04 -1.27690306e-04 4.01606725e-03 7.15642771e-04 -1.27379579e-04 1.23159338e-05 7.98618844e-06 -3.10727302e-07
259              4.05847781e-03 7.29593157e-04 -1.28221737e-04 4.04607756e-03 7.21543031e-04 -1.27904508e-04 1.24002513e-05 8.05012565e-06 -3.17228506e-07
260              4.08873685e-03 7.35557251e-04 -1.28749164e-04 4.07625779e-03 7.27442705e-04 -1.28426915e-04 1.24790563e-05 8.11454560e-06 -3.22249435e-07
261              4.11901550e-03 7.41530009e-04 -1.29277972e-04 4.10645272e-03 7.33351664e-04 -1.28949260e-04 1.25627782e-05 8.17834558e-06 -3.28712567e-07
262              4.14941441e-03 7.47486955e-04 -1.29807198e-04 4.13677346e-03 7.39244424e-04 -1.29473510e-04 1.26409499e-05 8.24253081e-06 -3.33687472e-07
263              4.17987571e-03 7.53430872e-04 -1.30338084e-04 4.16715179e-03 7.45124902e-04 -1.29998072e-04 1.27239268e-05 8.30597060e-06 -3.40011933e-07
264              4.21051019e-03 7.59349341e-04 -1.30868055e-04 4.19770924e-03 7.50979767e-04 -1.30523267e-04 1.28009429e-05 8.36957333e-06 -3.44787092e-07
265              4.24120955e-03 7.65265874e-04 -1.31400639e-04 4.22832662e-03 7.56833398e-04 -1.31049673e-04 1.28829373e-05 8.43247586e-06 -3.50966395e-07
266              4.27207954e-03 7.71177805e-04 -1.31935410e-04 4.25912018e-03 7.62682195e-04 -1.31579802e-04 1.29593674e-05 8.49560996e-06 -3.55608712e-07
267              4.30300231e-03 7.77102787e-04 -1.32476500e-04 4.28996117e-03 7.68544731e-04 -1.32114807e-04 1.30411362e-05 8.55805585e-06 -3.61693205e-07
268              4.33409325e-03 7.83024889e-04 -1.33020220e-04 4.32097601e-03 7.74404521e-04 -1.32654008e-04 1.31172373e-05 8.62036821e-06 -3.66212121e-07
269              4.36524515e-03 7.88955841e-04 -1.33568966e-04 4.35204650e-03 7.80273922e-04 -1.33196780e-04 1.31986425e-05 8.68191903e-06 -3.72186509e-07
270              4.39658203e-03 7.94884175e-04 -1.34119183e-04 4.38330760e-03 7.86140908e-04 -1.33742591e-04 1.32744254e-05 8.74326722e-06 -3.76591894e-07
271              4.42803171e-03 8.00821933e-04 -1.34674079e-04 4.41467621e-03 7.92018159e-04 -1.34291613e-04 1.33554995e-05 8.80377389e-06 -3.82465219e-07
272              4.45968841e-03 8.06754326e-04 -1.35232336e-04 4.44625769e-03 7.97890530e-04 -1.34845600e-04 1.34307181e-05 8.86379621e-06 -3.86736064e-07
273              4.49140664e-03 8.12695527e-04 -1.35799318e-04 4.47789559e-03 8.03772500e-04 -1.35406804e-04 1.35110512e-05 8.92302722e-06 -3.92513592e-07
274              4.52329484e-03 8.18624976e-04 -1.36371662e-04 4.50970944e-03 8.09643161e-04 -1.35974967e-04 1.35853957e-05 8.98181531e-06 -3.96695637e-07
275              4.55531041e-03 8.24550961e-04 -1.36950912e-04 4.54164517e-03 8.15510910e-04 -1.36548474e-04 1.36652382e-05 9.04005054e-06 -4.02437784e-07
276              4.58760174e-03 8.30465057e-04 -1.37532538e-04 4.57386281e-03 8.21366903e-04 -1.37125939e-04 1.37389293e-05 9.09815463e-06 -4.06599048e-07
277              4.61999595e-03 8.36388042e-04 -1.38121335e-04 4.60617794e-03 8.27232007e-04 -1.37708972e-04 1.38180083e-05 9.15603527e-06 -4.12363170e-07
278              4.65260045e-03 8.42304345e-04 -1.38713336e-04 4.63870929e-03 8.33090559e-04 -1.38296802e-04 1.38911588e-05 9.21378650e-06 -4.16534083e-07
279              4.68532839e-03 8.48229138e-04 -1.39311505e-04 4.67135822e-03 8.38957867e-04 -1.38889141e-04 1.39701767e-05 9.27127048e-06 -4.22363393e-07
280              4.71837916e-03 8.54143328e-04 -1.39909842e-04 4.70433569e-03 8.44814351e-04 -1.39483205e-04 1.40434769e-05 9.32897763e-06 -4.26637373e-07
281              4.75166259e-03 8.60067125e-04 -1.40510686e-04 4.73753957e-03 8.50680537e-04 -1.40078054e-04 1.41230112e-05 9.38658853e-06 -4.32632110e-07
282              4.78529638e-03 8.65989751e-04 -1.41110692e-04 4.77109916e-03 8.56545496e-04 -1.40673690e-04 1.41972285e-05 9.44425424e-06 -4.37001874e-07
283              4.81914776e-03 8.71941266e-04 -1.41713394e-04 4.80486961e-03 8.62439629e-04 -1.41270306e-04 1.42781435e-05 9.50163757e-06 -4.43087968e-07
284              4.85330169e-03 8.77915954e-04 -1.42315976e-04 4.83894843e-03 8.68356740e-04 -1.41868434e-04 1.43532605e-05 9.55921438e-06 -4.47541742e-07
285              4.88759659e-03 8.83945209e-04 -1.42923668e-04 4.87316127e-03 8.74328756e-04 -1.42469944e-04 1.44353176e-05 9.61645272e-06 -4.53723815e-07
286              4.92216027e-03 8.90015366e-04 -1.43536084e-04 4.90764859e-03 8.80341397e-04 -1.43077848e-04 1.45116891e-05 9.67396951e-06 -4.58236297e-07
287              4.95691356e-03 8.96146274e-04 -1.44156710e-04 4.94231850e-03 8.86415351e-04 -1.43692242e-04 1.45950548e-05 9.73092291e-06 -4.64467874e-07
288              4.99203311e-03 9.02310379e-04 -1.44783824e-04 4.97736021e-03 8.92522127e-04 -1.44314833e-04 1.46729024e-05 9.78825256e-06 -4.68990683e-07
289              5.02733863e-03 9.08523922e-04 -1.45421193e-04 5.01258104e-03 8.98678830e-04 -1.44945898e-04 1.47575808e-05 9.84509177e-06 -4.75294827e-07
290              5.06290101e-03 9.14768721e-04 -1.46068497e-04 5.04806542e-03 9.04866434e-04 -1.45588592e-04 1.48355967e-05 9.90228744e-06 -4.79904968e-07
291              5.09854573e-03 9.21064719e-04 -1.46728522e-04 5.08362523e-03 9.11106025e-04 -1.46242208e-04 1.49204918e-05 9.95869421e-06 -4.86314595e-07
292              5.13437728e-03 9.27383219e-04 -1.47399651e-04 5.11937847e-03 9.17367712e-04 -1.46908661e-04 1.49988095e-05 1.00155072e-05 -4.90990877e-07
293              5.17024715e-03 9.33727870e-04 -1.48081992e-04 5.15516315e-03 9.23656658e-04 -1.47584541e-04 1.50840017e-05 1.00712114e-05 -4.97450837e-07
294              5.20626016e-03 9.40067446e-04 -1.48773630e-04 5.19109768e-03 9.29939971e-04 -1.48271485e-04 1.51624812e-05 1.01274752e-05 -5.02144728e-07
295              5.24222830e-03 9.46418840e-04 -1.49474538e-04 5.22698025e-03 9.36236195e-04 -1.48965886e-04 1.52480479e-05 1.01826455e-05 -5.08652590e-07
296              5.27830650e-03 9.52763349e-04 -1.50186414e-04 5.26297993e-03 9.42524332e-04 -1.49672998e-04 1.53265702e-05 1.02390168e-05 -5.13416150e-07
297              5.31435784e-03 9.59136876e-04 -1.50913395e-04 5.29894564e-03 9.48842396e-04 -1.50393343e-04 1.54122050e-05 1.02944799e-05 -5.20051388e-07
298              5.35049812e-03 9.65528065e-04 -1.51657350e-04 5.33500750e-03 9.55176902e-04 -1.51132453e-04 1.54906161e-05 1.03511636e-05 -5.24897115e-07
299              5.38653983e-03 9.71970592e-04 -1.52421311e-04 5.37096333e-03 9.61563673e-04 -1.51889665e-04 1.55764973e-05 1.04069189e-05 -5.31645562e-07
300              5.42261505e-03 9.78421956e-04 -1.53207316e-04 5.40696006e-03 9.67958101e-04 -1.52670781e-04 1.56549882e-05 1.04638546e-05 -5.36534547e-07
301              5.45871834e-03 9.84887133e-04 -1.54009069e-04 5.44297733e-03 9.74367494e-04 -1.53465710e-04 1.57410070e-05 1.05196395e-05 -5.43358375e-07
302              5.50772337e-03 9.90684616e-04 -1.54694148e-04 5.49189212e-03 9.80109830e-04 -1.54146253e-04 1.58312511e-05 1.05747862e-05 -5.47895378e-07
303              5.55358392e-03 9.96510844e-04 -1.55432428e-04 5.53766022e-03 9.85882545e-04 -1.54878341e-04 1.59237008e-05 1.06282993e-05 -5.54086192e-07
304              5.58808212e-03 1.00279511e-03 -1.56316136e-04 5.57208062e-03 9.92110602e-04 -1.55757760e-04 1.60014971e-05 1.06845037e-05 -5.58375726e-07
305              5.60617476e-03 1.00985689e-03 -1.57411775e-04 5.59009940e-03 9.99114655e-04 -1.56846572e-04 1.60753555e-05 1.07422357e-05 -5.65203169e-07
306              5.63830915e-03 1.01626189e-03 -1.58379873e-04 5.62215350e-03 1.00546011e-03 -1.57809489e-04 1.61556464e-05 1.08017861e-05 -5.70384165e-07
307              5.68319303e-03 1.02200329e-03 -1.59204682e-04 5.66694450e-03 1.01114412e-03 -1.58627151e-04 1.62485358e-05 1.08591719e-05 -5.77531104e-07
308              5.72839597e-03 1.02761650e-03 -1.60017564e-04 5.71206289e-03 1.01669823e-03 -1.59435146e-04 1.63330835e-05 1.09182682e-05 -5.82418429e-07
309              5.76569400e-03 1.03358087e-03 -1.60913163e-04 5.74927106e-03 1.02260551e-03 -1.60324063e-04 1.64229395e-05 1.09753538e-05 -5.89100268e-07
310              5.79653660e-03 1.03983561e-03 -1.61873269e-04 5.78003498e-03 1.02880024e-03 -1.61279583e-04 1.65016230e-05 1.10353734e-05 -5.93686328e-07
311              5.82611629e-03 1.04616690e-03 -1.62822619e-04 5.80952875e-03 1.03507339e-03 -1.62222184e-04 1.65875332e-05 1.10935119e-05 -6.00435115e-07
312              5.86149142e-03 1.05230317e-03 -1.63692048e-04 5.84482243e-03 1.04114906e-03 -1.63086921e-04 1.66689923e-05 1.11541055e-05 -6.05126730e-07
313              5.90043904e-03 1.05837817e-03 -1.64490064e-04 5.88367827e-03 1.04716659e-03 -1.63878274e-04 1.67607720e-05 1.12115782e-05 -6.11789896e-07
314              5.93851646e-03 1.06456997e-03 -1.65257673e-04 5.92167186e-03 1.05329846e-03 -1.64641481e-04 1.68446030e-05 1.12715074e-05 -6.16192119e-07
315              5.97544020e-03 1.07095969e-03 -1.66002761e-04 5.95850278e-03 1.05963129e-03 -1.65380241e-04 1.69374261e-05 1.13283920e-05 -6.22519780e-07
316              6.01174733e-03 1.07743814e-03 -1.66717693e-04 5.99472495e-03 1.06605011e-03 -1.66091078e-04 1.70223851e-05 1.13880300e-05 -6.26615803e-07
317              6.04776466e-03 1.08396169e-03 -1.67387256e-04 6.03064956e-03 1.07251677e-03 -1.66754488e-04 1.71150923e-05 1.14449184e-05 -6.32768418e-07
318              6.08437447e-03 1.09045129e-03 -1.68010039e-04 6.06717345e-03 1.07894681e-03 -1.67373326e-04 1.72010203e-05 1.15044779e-05 -6.36713095e-07
319              6.12212281e-03 1.09692649e-03 -1.68588750e-04 6.10482670e-03 1.08536528e-03 -1.67946060e-04 1.72961050e-05 1.15612095e-05 -6.42690364e-07
320              6.16100442e-03 1.10335704e-03 -1.69136691e-04 6.14361909e-03 1.09173644e-03 -1.68490260e-04 1.73853254e-05 1.16205950e-05 -6.46431303e-07
321              6.19999322e-03 1.10979446e-03 -1.69662170e-04 6.18251030e-03 1.09811685e-03 -1.69009923e-04 1.74829226e-05 1.16776059e-05 -6.52246922e-07
322              6.23870322e-03 1.11617599e-03 -1.70170059e-04 6.22112998e-03 1.10443859e-03 -1.69514294e-04 1.75732415e-05 1.17373985e-05 -6.55765229e-07
323              6.27701645e-03 1.12253107e-03 -1.70659112e-04 6.25934607e-03 1.11073561e-03 -1.69997705e-04 1.76703738e-05 1.17954549e-05 -6.61406911e-07
324              6.31554499e-03 1.12884536e-03 -1.71146081e-04 6.29778401e-03 1.11698906e-03 -1.70481252e-04 1.77609768e-05 1.18563048e-05 -6.64829094e-07
325              6.35453352e-03 1.13518342e-03 -1.71638933e-04 6.33667480e-03 1.12326793e-03 -1.70968462e-04 1.78587206e-05 1.19154862e-05 -6.70471474e-07
326              6.39419029e-03 1.14148858e-03 -1.72137132e-04 6.37624009e-03 1.12951196e-03 -1.71463228e-04 1.79501987e-05 1.19766199e-05 -6.73904054e-07
327              6.43397532e-03 1.14781927e-03 -1.72633766e-04 6.41592715e-03 1.13578339e-03 -1.71954185e-04 1.80481727e-05 1.20358784e-05 -6.79580893e-07
328              6.47398254e-03 1.15405419e-03 -1.73096317e-04 6.45584295e-03 1.14195848e-03 -1.72413395e-04 1.81395949e-05 1.20957070e-05 -6.82921797e-07
329              6.51386665e-03 1.16025201e-03 -1.73525215e-04 6.49562993e-03 1.14809902e-03 -1.72836840e-04 1.82367174e-05 1.21529845e-05 -6.88374783e-07
330              6.55395213e-03 1.16636785e-03 -1.73918541e-04 6.53562492e-03 1.15415879e-03 -1.73227249e-04 1.83272116e-05 1.22090625e-05 -6.91291457e-07
331              6.59442792e-03 1.17247019e-03 -1.74277722e-04 6.57600437e-03 1.16020820e-03 -1.73581509e-04 1.84235513e-05 1.22619925e-05 -6.96212374e-07
332              6.63544059e-03 1.17852528e-03 -1.74608859e-04 6.61692703e-03 1.16621292e-03 -1.73910359e-04 1.85135505e-05 1.23123574e-05 -6.98500219e-07
333              6.67648860e-03 1.18459301e-03 -1.74906546e-04 6.65787974e-03 1.17223328e-03 -1.74203719e-04 1.86088520e-05 1.23597283e-05 -7.02827269e-07
334              6.71736815e-03 1.19060608e-03 -1.75167163e-04 6.69867059e-03 1.17820194e-03 -1.74462629e-04 1.86975589e-05 1.24041373e-05 -7.04534448e-07
335              6.75794708e-03 1.19663506e-03 -1.75384212e-04 6.73915512e-03 1.18418975e-03 -1.74675903e-04 1.87919576e-05 1.24453102e-05 -7.08309024e-07
336              6.79864435e-03 1.20265526e-03 -1.75565976e-04 6.77976470e-03 1.19017148e-03 -1.74856565e-04 1.88796529e-05 1.24837844e-05 -7.09410520e-07
337              6.83953288e-03 1.20875962e-03 -1.75733785e-04 6.82055883e-03 1.19624125e-03 -1.75021155e-04 1.89740577e-05 1.25183694e-05 -7.12629585e-07
338              6.88075268e-03 1.21487354e-03 -1.75924374e-04 6.86169158e-03 1.20232190e-03 -1.75211112e-04 1.90611033e-05 1.25516486e-05 -7.13261223e-07
339              6.92165522e-03 1.22093973e-03 -1.76148579e-04 6.90249990e-03 1.20835915e-03 -1.75432323e-04 1.91553149e-05 1.25805868e-05 -7.16255471e-07
340              6.96215113e-03 1.22673337e-03 -1.76412069e-04 6.94291049e-03 1.21412314e-03 -1.75695251e-04 1.92406464e-05 1.26102202e-05 -7.16818343e-07
341              7.00188094e-03 1.23221418e-03 -1.76708926e-04 6.98254818e-03 1.21957889e-03 -1.75989012e-04 1.93327646e-05 1.26352894e-05 -7.19914264e-07
342              7.04108953e-03 1.23728399e-03 -1.77056767e-04 7.02167519e-03 1.22462082e-03 -1.76336096e-04 1.94143369e-05 1.26631756e-05 -7.20671297e-07
343              7.07958983e-03 1.24200002e-03 -1.77447552e-04 7.06008691e-03 1.22931385e-03 -1.76723512e-04 1.95029197e-05 1.26861692e-05 -7.24040139e-07
344              7.11764918e-03 1.24638118e-03 -1.77904384e-04 7.09806839e-03 1.23366818e-03 -1.77179289e-04 1.95807885e-05 1.27130038e-05 -7.25095524e-07
345              7.15499571e-03 1.25050765e-03 -1.78411435e-04 7.13532942e-03 1.23777307e-03 -1.77682605e-04 1.96662904e-05 1.27345793e-05 -7.28830304e-07
346              7.19188068e-03 1.25428271e-03 -1.78945630e-04 7.17213972e-03 1.24152236e-03 -1.78215410e-04 1.97409673e-05 1.27603508e-05 -7.30220464e-07
347              7.22778638e-03 1.25777038e-03 -1.79472873e-04 7.20796270e-03 1.24499011e-03 -1.78738665e-04 1.98236857e-05 1.27802725e-05 -7.34207599e-07
348              7.26281579e-03 1.26094842e-03 -1.79992571e-04 7.24292038e-03 1.24814377e-03 -1.79256876e-04 1.98954105e-05 1.28046476e-05 -7.35694968e-07
349              7.29675483e-03 1.26400650e-03 -1.80495174e-04 7.27677872e-03 1.25118429e-03 -1.79755417e-04 1.99761061e-05 1.28222124e-05 -7.39757026e-07
350              7.33054152e-03 1.26695486e-03 -1.80980905e-04 7.31049628e-03 1.25410893e-03 -1.80239598e-04 2.00452380e-05 1.28459339e-05 -7.41306750e-07
351              7.36445361e-03 1.26993174e-03 -1.81409570e-04 7.34432801e-03 1.25707161e-03 -1.80664065e-04 2.01256025e-05 1.28601261e-05 -7.45504985e-07
352              7.39919640e-03 1.27290395e-03 -1.81764725e-04 7.37900260e-03 1.26002157e-03 -1.81017571e-04 2.01937942e-05 1.28823799e-05 -7.47153993e-07
353              7.43447791e-03 1.27596566e-03 -1.82000699e-04 7.41420234e-03 1.26307351e-03 -1.81249280e-04 2.02755654e-05 1.28921477e-05 -7.51419428e-07
354              7.47048733e-03 1.27901476e-03 -1.82124521e-04 7.45014277e-03 1.26610497e-03 -1.81371546e-04 2.03445600e-05 1.29097924e-05 -7.52974453e-07
355              7.50661344e-03 1.28211632e-03 -1.82122197e-04 7.48618579e-03 1.26920187e-03 -1.81365080e-04 2.04276474e-05 1.29144548e-05 -7.57116827e-07
356              7.54317290e-03 1.28520737e-03 -1.82040325e-04 7.52267643e-03 1.27227929e-03 -1.81281796e-04 2.04964711e-05 1.29280788e-05 -7.58528376e-07
357              7.57942899e-03 1.28832751e-03 -1.81866720e-04 7.55884904e-03 1.27539970e-03 -1.81104115e-04 2.05799503e-05 1.29278075e-05 -7.62605013e-07
358              7.61562959e-03 1.29137323e-03 -1.81647868e-04 7.59498197e-03 1.27843564e-03 -1.80883841e-04 2.06476196e-05 1.29375954e-05 -7.64027314e-07
359              7.65124430e-03 1.29440684e-03 -1.81381568e-04 7.63051418e-03 1.28147361e-03 -1.80613249e-04 2.07301149e-05 1.29332321e-05 -7.68318791e-07
360              7.68696604e-03 1.29730982e-03 -1.81105762e-04 7.66617050e-03 1.28436940e-03 -1.80335694e-04 2.07955315e-05 1.29404250e-05 -7.70068003e-07
361              7.72253032e-03 1.30017275e-03 -1.80804414e-04 7.70165451e-03 1.28723879e-03 -1.80029566e-04 2.08758060e-05 1.29339569e-05 -7.74848339e-07
362              7.75851893e-03 1.30290250e-03 -1.80523887e-04 7.73758090e-03 1.28996261e-03 -1.79746583e-04 2.09380306e-05 1.29398923e-05 -7.77303826e-07
363              7.79429728e-03 1.30558342e-03 -1.80265984e-04 7.77328222e-03 1.29265141e-03 -1.79483041e-04 2.10150651e-05 1.29320102e-05 -7.82943251e-07
364              7.83003418e-03 1.30814907e-03 -1.80074354e-04 7.80896062e-03 1.29521345e-03 -1.79288081e-04 2.10735556e-05 1.29356219e-05 -7.86272728e-07
365              7.86502026e-03 1.31069213e-03 -1.79935301e-04 7.84387420e-03 1.29776675e-03 -1.79142512e-04 2.11460652e-05 1.29253761e-05 -7.92788757e-07
366              7.89959856e-03 1.31310661e-03 -1.79865343e-04 7.87840004e-03 1.30018101e-03 -1.79068249e-04 2.11985148e-05 1.29256053e-05 -7.97094452e-07
367              7.93329138e-03 1.31550726e-03 -1.79842060e-04 7.91202803e-03 1.30259583e-03 -1.79037293e-04 2.12633550e-05 1.29114265e-05 -8.04766985e-07
368              7.96661934e-03 1.31781669e-03 -1.79867641e-04 7.94531287e-03 1.30491008e-03 -1.79057273e-04 2.13064666e-05 1.29066040e-05 -8.10368537e-07
369              7.99920913e-03 1.32015833e-03 -1.79897905e-04 7.97784725e-03 1.30727226e-03 -1.79078580e-04 2.13618796e-05 1.28860729e-05 -8.19325248e-07
370              8.03229212e-03 1.32251791e-03 -1.79846647e-04 8.01089182e-03 1.30964596e-03 -1.79020560e-04 2.14003065e-05 1.28719515e-05 -8.26086388e-07
371              8.06586104e-03 1.32504961e-03 -1.79778885e-04 8.04440727e-03 1.31221035e-03 -1.78942974e-04 2.14537657e-05 1.28392644e-05 -8.35911968e-07
372              8.09943025e-03 1.32776799e-03 -1.79734691e-04 8.07794014e-03 1.31495757e-03 -1.78891131e-04 2.14901054e-05 1.28104219e-05 -8.43559982e-07
373              8.13168624e-03 1.33072973e-03 -1.79635526e-04 8.11014332e-03 1.31796679e-03 -1.78781019e-04 2.15429190e-05 1.27629386e-05 -8.54507165e-07
374              8.16364306e-03 1.33376688e-03 -1.79405898e-04 8.14206373e-03 1.32104782e-03 -1.78542412e-04 2.15793295e-05 1.27190588e-05 -8.63485310e-07
375              8.19595929e-03 1.33715448e-03 -1.79019062e-04 8.17432709e-03 1.32449767e-03 -1.78143416e-04 2.16322027e-05 1.26568123e-05 -8.75645887e-07
376              8.22927945e-03 1.34120254e-03 -1.78537018e-04 8.20761064e-03 1.32860524e-03 -1.77651205e-04 2.16688126e-05 1.25973004e-05 -8.85813098e-07
377              8.26243940e-03 1.34622818e-03 -1.78013053e-04 8.24071837e-03 1.33370908e-03 -1.77113857e-04 2.17210327e-05 1.25190939e-05 -8.99196334e-07
378              8.29508601e-03 1.35209938e-03 -1.77525409e-04 8.27332874e-03 1.33965667e-03 -1.76614372e-04 2.17572776e-05 1.24427096e-05 -9.11037159e-07
379              8.32612997e-03 1.35849350e-03 -1.77100224e-04 8.30432133e-03 1.34614354e-03 -1.76173621e-04 2.18086429e-05 1.23499532e-05 -9.26602888e-07
380              8.35585994e-03 1.36493721e-03 -1.76735199e-04 8.33401646e-03 1.35267585e-03 -1.75793730e-04 2.18434745e-05 1.22613619e-05 -9.41469434e-07
381              8.38418376e-03 1.37110080e-03 -1.76446596e-04 8.36229321e-03 1.35893852e-03 -1.75486034e-04 2.18905568e-05 1.21622804e-05 -9.60562128e-07
382              8.41131305e-03 1.37700283e-03 -1.76276191e-04 8.38939037e-03 1.36493217e-03 -1.75296372e-04 2.19226757e-05 1.20706512e-05 -9.79818711e-07
383              8.43710885e-03 1.38277501e-03 -1.76252032e-04 8.41514557e-03 1.37080390e-03 -1.75248886e-04 2.19632842e-05 1.19711044e-05 -1.00314643e-06
384              8.46157965e-03 1.38865143e-03 -1.76347766e-04 8.43958830e-03 1.37677339e-03 -1.75321234e-04 2.19913501e-05 1.18780388e-05 -1.02653228e-06
385              8.48439435e-03 1.39461700e-03 -1.76567319e-04 8.46237007e-03 1.38284149e-03 -1.75513813e-04 2.20242817e-05 1.17755053e-05 -1.05350560e-06
386              8.50563760e-03 1.40072547e-03 -1.76829188e-04 8.48359207e-03 1.38904815e-03 -1.75748945e-04 2.20455306e-05 1.16773180e-05 -1.08024245e-06
387              8.52542976e-03 1.40688610e-03 -1.77107546e-04 8.50336053e-03 1.39531613e-03 -1.75997590e-04 2.20692376e-05 1.15699673e-05 -1.10995548e-06
388              8.54341210e-03 1.41329543e-03 -1.77345442e-04 8.52133141e-03 1.40183051e-03 -1.76206512e-04 2.20806901e-05 1.14649174e-05 -1.13892974e-06
389              8.55997249e-03 1.41997406e-03 -1.77559823e-04 8.53787977e-03 1.40862617e-03 -1.76389286e-04 2.20927173e-05 1.13478909e-05 -1.17053690e-06
390              8.57487656e-03 1.42771123e-03 -1.77730572e-04 8.55278090e-03 1.41648249e-03 -1.76528373e-04 2.20956605e-05 1.12287491e-05 -1.20219899e-06
391              8.58974040e-03 1.43608775e-03 -1.77867980e-04 8.56763751e-03 1.42499218e-03 -1.76632018e-04 2.21028952e-05 1.10955737e-05 -1.23596183e-06
392              8.60529879e-03 1.44476298e-03 -1.77867358e-04 8.58319190e-03 1.43380607e-03 -1.76599250e-04 2.21068946e-05 1.09569090e-05 -1.26810725e-06
393              8.62154093e-03 1.45359581e-03 -1.77687872e-04 8.59942140e-03 1.44279440e-03 -1.76386018e-04 2.21195262e-05 1.08014124e-05 -1.30185376e-06
394              8.63408215e-03 1.46275081e-03 -1.77243819e-04 8.61195208e-03 1.45211117e-03 -1.75910550e-04 2.21300693e-05 1.06396403e-05 -1.33326934e-06
395              8.64803153e-03 1.47254537e-03 -1.76679375e-04 8.62587487e-03 1.46208387e-03 -1.75313014e-04 2.21566600e-05 1.04614923e-05 -1.36636096e-06
396              8.66586155e-03 1.48320558e-03 -1.76017168e-04 8.64367486e-03 1.47292526e-03 -1.74619192e-04 2.21866957e-05 1.02803188e-05 -1.39797613e-06
397              8.68588551e-03 1.49426014e-03 -1.75352262e-04 8.66365803e-03 1.48417427e-03 -1.73920948e-04 2.22274844e-05 1.00858653e-05 -1.43131459e-06
398              8.70471732e-03 1.50533539e-03 -1.74622561e-04 8.68244948e-03 1.49544629e-03 -1.73159492e-04 2.22678401e-05 9.88909876e-06 -1.46306921e-06
399              8.72108807e-03 1.51622299e-03 -1.73862367e-04 8.69877494e-03 1.50653791e-03 -1.72365272e-04 2.23131238e-05 9.68507799e-06 -1.49709473e-06
400              8.73571625e-03 1.52728032e-03 -1.73026450e-04 8.71337051e-03 1.51779009e-03 -1.71495117e-04 2.23457393e-05 9.49023094e-06 -1.53133295e-06
401              8.74978510e-03 1.53804041e-03 -1.72262594e-04 8.72738231e-03 1.52876240e-03 -1.70697813e-04 2.24027882e-05 9.27800977e-06 -1.56478131e-06
402              8.76353625e-03 1.54813678e-03 -1.71607587e-04 8.74105971e-03 1.53907380e-03 -1.70012912e-04 2.24765432e-05 9.06298056e-06 -1.59467496e-06
403              8.77663058e-03 1.55759565e-03 -1.71093239e-04 8.75407197e-03 1.54874932e-03 -1.69466838e-04 2.25586084e-05 8.84632692e-06 -1.62640155e-06
404              8.78825992e-03 1.56627674e-03 -1.70638971e-04 8.76562452e-03 1.55763698e-03 -1.68982801e-04 2.26353964e-05 8.63975761e-06 -1.65617010e-06
405              8.79807257e-03 1.57378122e-03 -1.70291340e-04 8.77535402e-03 1.56534868e-03 -1.68604575e-04 2.27185565e-05 8.43254563e-06 -1.68676531e-06
406              8.80650437e-03 1.58021083e-03 -1.69994218e-04 8.78371080e-03 1.57197167e-03 -1.68278424e-04 2.27935742e-05 8.23916390e-06 -1.71579449e-06
407              8.81435225e-03 1.58580620e-03 -1.69737887e-04 8.79148850e-03 1.57775011e-03 -1.67991844e-04 2.28637514e-05 8.05609225e-06 -1.74604256e-06
408              8.82198934e-03 1.59078921e-03 -1.69467792e-04 8.79906797e-03 1.58290343e-03 -1.67693763e-04 2.29213749e-05 7.88578124e-06 -1.77402904e-06
409              8.82943573e-03 1.59510178e-03 -1.69206228e-04 8.80645948e-03 1.58738659e-03 -1.67404162e-04 2.29762461e-05 7.71519306e-06 -1.80206586e-06
410              8.83696329e-03 1.59878916e-03 -1.68893876e-04 8.81393743e-03 1.59124240e-03 -1.67067774e-04 2.30258607e-05 7.54676376e-06 -1.82610194e-06
411              8.84534159e-03 1.60180524e-03 -1.68525618e-04 8.82226086e-03 1.59443249e-03 -1.66677013e-04 2.30807226e-05 7.37275216e-06 -1.84860526e-06
412              8.85540246e-03 1.60432068e-03 -1.68049080e-04 8.83226700e-03 1.59712085e-03 -1.66182283e-04 2.31354606e-05 7.19983453e-06 -1.86679739e-06
413              8.86749513e-03 1.60636894e-03 -1.67455102e-04 8.84429427e-03 1.59935208e-03 -1.65571944e-04 2.32008688e-05 7.01685700e-06 -1.88315732e-06
414              8.88109094e-03 1.60811502e-03 -1.66742837e-04 8.85782205e-03 1.60127879e-03 -1.64848324e-04 2.32688882e-05 6.83622416e-06 -1.89451299e-06
415              8.89577378e-03 1.60940210e-03 -1.65943105e-04 8.87242090e-03 1.60275286e-03 -1.64039340e-04 2.33528782e-05 6.64923996e-06 -1.90376432e-06
416              8.91118956e-03 1.61021099e-03 -1.65057506e-04 8.88774758e-03 1.60375014e-03 -1.63149894e-04 2.34419841e-05 6.46085079e-06 -1.90761203e-06
417              8.92714915e-03 1.61052361e-03 -1.64139217e-04 8.90359957e-03 1.60426092e-03 -1.62229265e-04 2.35495824e-05 6.26268930e-06 -1.90995202e-06
418              8.94340142e-03 1.61022724e-03 -1.63223520e-04 8.91973832e-03 1.60417052e-03 -1.61316749e-04 2.36630950e-05 6.05671263e-06 -1.90677099e-06
419              8.95933386e-03 1.60918836e-03 -1.62300835e-04 8.93553975e-03 1.60334572e-03 -1.60399369e-04 2.37941108e-05 5.84264290e-06 -1.90146621e-06
420              8.97471432e-03 1.60719752e-03 -1.61443136e-04 8.95079355e-03 1.60156631e-03 -1.59553058e-04 2.39207712e-05 5.63120539e-06 -1.89007817e-06
421              8.98864540e-03 1.60394669e-03 -1.60645112e-04 8.96458327e-03 1.59852561e-03 -1.58767334e-04 2.40621235e-05 5.42108067e-06 -1.87777735e-06
422              9.00167090e-03 1.59929054e-03 -1.59989632e-04 8.97747626e-03 1.59407505e-03 -1.58130057e-04 2.41946389e-05 5.21549036e-06 -1.85957485e-06
423              9.01317468e-03 1.59327361e-03 -1.59398910e-04 8.98882338e-03 1.58826585e-03 -1.57557825e-04 2.43513010e-05 5.00775060e-06 -1.84108476e-06
424              9.02408295e-03 1.58580690e-03 -1.58950304e-04 8.99958911e-03 1.58098690e-03 -1.57133254e-04 2.44938386e-05 4.82000273e-06 -1.81705062e-06
425              9.03387866e-03 1.57738184e-03 -1.58476989e-04 9.00923116e-03 1.57273517e-03 -1.56681430e-04 2.46474988e-05 4.64667786e-06 -1.79555928e-06
426              9.04320152e-03 1.56785970e-03 -1.58044208e-04 9.01842128e-03 1.56336646e-03 -1.56274251e-04 2.47802434e-05 4.49324661e-06 -1.76995672e-06
427              9.05120618e-03 1.55751728e-03 -1.57500914e-04 9.02628667e-03 1.55316328e-03 -1.55753847e-04 2.49195086e-05 4.35399536e-06 -1.74706666e-06
428              9.05867799e-03 1.54597872e-03 -1.56922071e-04 9.03364061e-03 1.54173907e-03 -1.55201011e-04 2.50373777e-05 4.23964580e-06 -1.72105986e-06
429              9.06500067e-03 1.53364639e-03 -1.56188535e-04 9.03984315e-03 1.52950211e-03 -1.54489842e-04 2.51575249e-05 4.14427302e-06 -1.69869332e-06
430              9.07094931e-03 1.52045032e-03 -1.55320300e-04 9.04569620e-03 1.51636077e-03 -1.53644766e-04 2.52531163e-05 4.08955651e-06 -1.67553454e-06
431              9.07655135e-03 1.50746213e-03 -1.54182288e-04 9.05121173e-03 1.50338816e-03 -1.52523407e-04 2.53396177e-05 4.07397082e-06 -1.65888110e-06
432              9.08259993e-03 1.49445795e-03 -1.52825329e-04 9.05720269e-03 1.49036418e-03 -1.51182876e-04 2.53972382e-05 4.09376674e-06 -1.64245319e-06
433              9.08875631e-03 1.48188847e-03 -1.51172802e-04 9.06330645e-03 1.47775552e-03 -1.49541224e-04 2.54498577e-05 4.13294945e-06 -1.63157754e-06
434              9.09543496e-03 1.46957456e-03 -1.49300750e-04 9.06995939e-03 1.46536527e-03 -1.47679133e-04 2.54755711e-05 4.20928801e-06 -1.62161651e-06
435              9.10252537e-03 1.45766653e-03 -1.47191723e-04 9.07703460e-03 1.45336424e-03 -1.45573913e-04 2.54907661e-05 4.30228865e-06 -1.61781012e-06
436              9.11019737e-03 1.44630666e-03 -1.45013263e-04 9.08471882e-03 1.44188351e-03 -1.43398357e-04 2.54785464e-05 4.42314960e-06 -1.61490598e-06
437              9.11792144e-03 1.43584570e-03 -1.42736896e-04 9.09246950e-03 1.43129200e-03 -1.41118087e-04 2.54519386e-05 4.55369922e-06 -1.61880924e-06
438              9.12580513e-03 1.42611375e-03 -1.40464166e-04 9.10041029e-03 1.42141011e-03 -1.38839286e-04 2.53948380e-05 4.70364418e-06 -1.62487964e-06
439              9.13375871e-03 1.41747787e-03 -1.38170844e-04 9.10843411e-03 1.41260144e-03 -1.36531699e-04 2.53246028e-05 4.87642889e-06 -1.63914534e-06
440              9.14171242e-03 1.40979568e-03 -1.35976971e-04 9.11648302e-03 1.40472131e-03 -1.34321050e-04 2.52294033e-05 5.07436823e-06 -1.65592128e-06
441              9.14937936e-03 1.40304549e-03 -1.33815642e-04 9.12425365e-03 1.39776492e-03 -1.32136643e-04 2.51257116e-05 5.28056773e-06 -1.67899934e-06
442              9.15644185e-03 1.39685104e-03 -1.31802767e-04 9.13143564e-03 1.39135713e-03 -1.30100855e-04 2.50062093e-05 5.49390971e-06 -1.70191280e-06
443              9.16284576e-03 1.39125526e-03 -1.29869900e-04 9.13796380e-03 1.38553112e-03 -1.28138353e-04 2.48819626e-05 5.72413781e-06 -1.73154757e-06
444              9.16828466e-03 1.38562748e-03 -1.28101071e-04 9.14353355e-03 1.37966318e-03 -1.26340683e-04 2.47511074e-05 5.96429707e-06 -1.76038740e-06
445              9.17327717e-03 1.38019862e-03 -1.26406012e-04 9.14866464e-03 1.37398969e-03 -1.24611884e-04 2.46125360e-05 6.20892673e-06 -1.79412772e-06
446              9.17774050e-03 1.37470666e-03 -1.24899728e-04 9.15326862e-03 1.36824314e-03 -1.23073325e-04 2.44718813e-05 6.46351547e-06 -1.82640333e-06
447              9.18254930e-03 1.36950792e-03 -1.23410850e-04 9.15823036e-03 1.36278451e-03 -1.21546583e-04 2.43189325e-05 6.72340489e-06 -1.86426694e-06
448              9.18699412e-03 1.36401450e-03 -1.22050411e-04 9.16282609e-03 1.35701904e-03 -1.20149911e-04 2.41680263e-05 6.99545702e-06 -1.90049982e-06
449              9.19175363e-03 1.35862755e-03 -1.20677616e-04 9.16774492e-03 1.35135119e-03 -1.18735223e-04 2.40087021e-05 7.27635664e-06 -1.94239255e-06
450              9.19666182e-03 1.35304994e-03 -1.19402970e-04 9.17280647e-03 1.34547685e-03 -1.17419801e-04 2.38553467e-05 7.57308910e-06 -1.98316906e-06
451              9.20281908e-03 1.34763414e-03 -1.18065025e-04 9.17912372e-03 1.33975349e-03 -1.16034996e-04 2.36953592e-05 7.88065018e-06 -2.03002875e-06
452              9.21005882e-03 1.34216240e-03 -1.16785774e-04 9.18651455e-03 1.33395720e-03 -1.14709704e-04 2.35442705e-05 8.20520285e-06 -2.07607086e-06
453              9.21932036e-03 1.33722965e-03 -1.15425638e-04 9.19593281e-03 1.32869057e-03 -1.13297460e-04 2.33875538e-05 8.53907317e-06 -2.12817802e-06
454              9.23024768e-03 1.33252443e-03 -1.14105696e-04 9.20700533e-03 1.32363661e-03 -1.11926213e-04 2.32423551e-05 8.88781985e-06 -2.17948320e-06
455              9.24322054e-03 1.32831494e-03 -1.12706941e-04 9.22012747e-03 1.31906905e-03 -1.10469911e-04 2.30930648e-05 9.24589337e-06 -2.23703040e-06
456              9.25716439e-03 1.32404936e-03 -1.11358363e-04 9.23420672e-03 1.31442784e-03 -1.09063990e-04 2.29576611e-05 9.62151954e-06 -2.29437251e-06
457              9.27234906e-03 1.31996695e-03 -1.09942596e-04 9.24952949e-03 1.30996059e-03 -1.07584381e-04 2.28195644e-05 1.00063553e-05 -2.35821534e-06
458              9.28784262e-03 1.31553678e-03 -1.08612065e-04 9.26514603e-03 1.30512979e-03 -1.06190028e-04 2.26965928e-05 1.04069963e-05 -2.42203610e-06
459              9.30419369e-03 1.31098851e-03 -1.07223468e-04 9.28162483e-03 1.30017222e-03 -1.04731330e-04 2.25688520e-05 1.08162872e-05 -2.49213802e-06
460              9.32073463e-03 1.30590437e-03 -1.05907267e-04 9.29827811e-03 1.29466322e-03 -1.03345277e-04 2.24565144e-05 1.12411506e-05 -2.56198943e-06
461              9.33806968e-03 1.30066646e-03 -1.04530954e-04 9.31572896e-03 1.28899075e-03 -1.01893103e-04 2.23407225e-05 1.16757069e-05 -2.63785085e-06
462              9.35501455e-03 1.29471292e-03 -1.03250899e-04 9.33277228e-03 1.28258707e-03 -1.00537530e-04 2.22422748e-05 1.21258538e-05 -2.71336977e-06
463              9.37167358e-03 1.28837311e-03 -1.01981412e-04 9.34953311e-03 1.27578589e-03 -9.91867248e-05 2.21404657e-05 1.25872256e-05 -2.79468689e-06
464              9.38689649e-03 1.28108112e-03 -1.00883935e-04 9.36483997e-03 1.26801515e-03 -9.80081836e-05 2.20565151e-05 1.30659711e-05 -2.87575100e-06
465              9.40133526e-03 1.27315635e-03 -9.98282411e-05 9.37936948e-03 1.25959877e-03 -9.68657124e-05 2.19657775e-05 1.35575851e-05 -2.96252870e-06
466              9.41434621e-03 1.26415879e-03 -9.89253810e-05 9.39245673e-03 1.25009195e-03 -9.58764482e-05 2.18894724e-05 1.40668453e-05 -3.04893285e-06
467              9.42685354e-03 1.25453356e-03 -9.80123911e-05 9.40505005e-03 1.23994588e-03 -9.48719777e-05 2.18034854e-05 1.45876780e-05 -3.14041338e-06
468              9.43817670e-03 1.24392569e-03 -9.71916005e-05 9.41644330e-03 1.22880251e-03 -9.39606875e-05 2.17334031e-05 1.51231865e-05 -3.23091298e-06
469              9.44892131e-03 1.23286816e-03 -9.63197937e-05 9.42726549e-03 1.21720136e-03 -9.29939857e-05 2.16558219e-05 1.56668000e-05 -3.32580800e-06
470              9.45818947e-03 1.22103872e-03 -9.54894411e-05 9.43659255e-03 1.20481604e-03 -9.20701775e-05 2.15969193e-05 1.62226720e-05 -3.41926356e-06
471              9.46713425e-03 1.20888354e-03 -9.45434114e-05 9.44560307e-03 1.19210199e-03 -9.10273119e-05 2.15311805e-05 1.67815579e-05 -3.51609947e-06
472              9.47504949e-03 1.19618671e-03 -9.35617406e-05 9.45356649e-03 1.17883412e-03 -8.99507892e-05 2.14829993e-05 1.73525926e-05 -3.61095141e-06
473              9.48288298e-03 1.18349624e-03 -9.24164891e-05 9.46145465e-03 1.16557506e-03 -8.87084305e-05 2.14283334e-05 1.79211744e-05 -3.70805860e-06
474              9.48988574e-03 1.17068989e-03 -9.12276761e-05 9.46849406e-03 1.15218983e-03 -8.74250796e-05 2.13916763e-05 1.85000673e-05 -3.80259645e-06
475              9.49706133e-03 1.15810282e-03 -8.98678788e-05 9.47571360e-03 1.13902942e-03 -8.59693612e-05 2.13477321e-05 1.90733932e-05 -3.89851757e-06
476              9.50360198e-03 1.14526969e-03 -8.84579965e-05 9.48227679e-03 1.12562598e-03 -8.44672014e-05 2.13251805e-05 1.96437104e-05 -3.99079512e-06
477              9.51050388e-03 1.13252793e-03 -8.68965525e-05 9.48920818e-03 1.11231991e-03 -8.28126603e-05 2.12957011e-05 2.02080152e-05 -4.08389218e-06
478              9.51700126e-03 1.11948165e-03 -8.53319259e-05 9.49571271e-03 1.09871483e-03 -8.11583640e-05 2.12885432e-05 2.07668235e-05 -4.17356190e-06
479              9.52390754e-03 1.10632074e-03 -8.37011688e-05 9.50264601e-03 1.08500933e-03 -7.94390815e-05 2.12615280e-05 2.13114051e-05 -4.26208730e-06
480              9.53019529e-03 1.09261264e-03 -8.21308449e-05 9.50893580e-03 1.07075495e-03 -7.77834034e-05 2.12594943e-05 2.18576924e-05 -4.34744148e-06
481              9.53652163e-03 1.07823759e-03 -8.04427707e-05 9.51527117e-03 1.05582143e-03 -7.60084027e-05 2.12504593e-05 2.24161509e-05 -4.43436800e-06
482              9.54073138e-03 1.06374132e-03 -7.86775711e-05 9.51944179e-03 1.04075253e-03 -7.41559584e-05 2.12895821e-05 2.29887973e-05 -4.52161264e-06
483              9.54389141e-03 1.04977167e-03 -7.67772112e-05 9.52256982e-03 1.02622673e-03 -7.21672927e-05 2.13215866e-05 2.35449444e-05 -4.60991850e-06
484              9.54567725e-03 1.03571455e-03 -7.49712058e-05 9.52430789e-03 1.01161860e-03 -7.02780959e-05 2.13693607e-05 2.40959509e-05 -4.69310987e-06
485              9.54765830e-03 1.02185210e-03 -7.31865881e-05 9.52626128e-03 9.97220525e-04 -6.84111465e-05 2.13970264e-05 2.46315706e-05 -4.77544158e-06
486              9.54885401e-03 1.00788949e-03 -7.15254746e-05 9.52741208e-03 9.82728995e-04 -6.66735310e-05 2.14419359e-05 2.51604963e-05 -4.85194362e-06
487              9.55037863e-03 9.94455157e-04 -6.98320563e-05 9.52891160e-03 9.68793424e-04 -6.49052064e-05 2.14670246e-05 2.56617330e-05 -4.92684988e-06
488              9.55143487e-03 9.81222237e-04 -6.82241769e-05 9.52992342e-03 9.55067966e-04 -6.32285246e-05 2.15114510e-05 2.61542714e-05 -4.99565230e-06
489              9.55347554e-03 9.68516916e-04 -6.65614384e-05 9.53193546e-03 9.41898630e-04 -6.14987824e-05 2.15400862e-05 2.66182853e-05 -5.06265602e-06
490              9.55583909e-03 9.56017127e-04 -6.49647335e-05 9.53424977e-03 9.28948699e-04 -5.98411813e-05 2.15893150e-05 2.70684282e-05 -5.12355223e-06
491              9.55994042e-03 9.44387711e-04 -6.32908643e-05 9.53831577e-03 9.16896884e-04 -5.81084926e-05 2.16246546e-05 2.74908277e-05 -5.18237167e-06
492              9.56514438e-03 9.33473460e-04 -6.16599708e-05 9.54346722e-03 9.05580945e-04 -5.64250812e-05 2.16771611e-05 2.78925148e-05 -5.23488965e-06
493              9.57271137e-03 9.23813643e-04 -5.99717619e-05 9.55099656e-03 8.95551920e-04 -5.46868720e-05 2.17148090e-05 2.82617229e-05 -5.28488991e-06
494              9.58146857e-03 9.14963039e-04 -5.83703433e-05 9.55969825e-03 8.86357259e-04 -5.30418955e-05 2.17703240e-05 2.86057805e-05 -5.32844786e-06
495              9.59204467e-03 9.07182286e-04 -5.67495716e-05 9.57023201e-03 8.78264046e-04 -5.13800875e-05 2.18126590e-05 2.89182400e-05 -5.36948409e-06
496              9.60294088e-03 8.99952960e-04 -5.52170356e-05 9.58106640e-03 8.70743963e-04 -4.98127995e-05 2.18744715e-05 2.92089971e-05 -5.40423609e-06
497              9.61487154e-03 8.93494169e-04 -5.36667351e-05 9.59294855e-03 8.64023251e-04 -4.82297274e-05 2.19229862e-05 2.94709176e-05 -5.43700767e-06
498              9.62669608e-03 8.87455443e-04 -5.22217582e-05 9.60470706e-03 8.57737810e-04 -4.67572649e-05 2.19890215e-05 2.97176326e-05 -5.46449322e-06
499              9.63912054e-03 8.82091925e-04 -5.07618577e-05 9.61708184e-03 8.52151966e-04 -4.52710436e-05 2.20386999e-05 2.99399593e-05 -5.49081410e-06
500              9.65076636e-03 8.76922813e-04 -4.94052764e-05 9.62866174e-03 8.46773026e-04 -4.38930104e-05 2.21046267e-05 3.01497869e-05 -5.51226610e-06
501              9.66239713e-03 8.72145506e-04 -4.80537785e-05 9.64024651e-03 8.41808215e-04 -4.25210986e-05 2.21506275e-05 3.03372913e-05 -5.53267994e-06
502              9.67301196e-03 8.67334045e-04 -4.68512898e-05 9.65080231e-03 8.36818148e-04 -4.13028540e-05 2.22096511e-05 3.05158969e-05 -5.54843582e-06
503              9.68350968e-03 8.62763715e-04 -4.56966930e-05 9.66126033e-03 8.32085266e-04 -4.01329308e-05 2.22493567e-05 3.06784497e-05 -5.56376220e-06
504              9.69261704e-03 8.58040056e-04 -4.46983563e-05 9.67031350e-03 8.27204293e-04 -3.91232029e-05 2.23035410e-05 3.08357627e-05 -5.57515335e-06
505              9.70110147e-03 8.53490239e-04 -4.37426462e-05 9.67876186e-03 8.22509717e-04 -3.81560150e-05 2.23396136e-05 3.09805217e-05 -5.58663117e-06
506              9.70803357e-03 8.48840506e-04 -4.29358474e-05 9.68564327e-03 8.17716328e-04 -3.73413292e-05 2.23903041e-05 3.11241775e-05 -5.59451826e-06
507              9.71441812e-03 8.44481299e-04 -4.21527603e-05 9.69199731e-03 8.13223439e-04 -3.65501411e-05 2.24208090e-05 3.12578605e-05 -5.60261917e-06
508              9.71938953e-03 8.40088637e-04 -4.14612630e-05 9.69692462e-03 8.08698155e-04 -3.58541745e-05 2.24649034e-05 3.13904824e-05 -5.60708843e-06
509              9.72394681e-03 8.36010315e-04 -4.06965306e-05 9.70145659e-03 8.04498641e-04 -3.50849992e-05 2.24902157e-05 3.15116740e-05 -5.61153143e-06
510              9.72720907e-03 8.31991492e-04 -3.99340107e-05 9.70467949e-03 8.00360229e-04 -3.43221261e-05 2.25295759e-05 3.16312628e-05 -5.61188467e-06
511              9.73039587e-03 8.28436351e-04 -3.90629638e-05 9.70784474e-03 7.96696256e-04 -3.34509949e-05 2.25511311e-05 3.17400951e-05 -5.61196897e-06
512              9.73273320e-03 8.25130717e-04 -3.81966803e-05 9.71014654e-03 7.93288278e-04 -3.25888572e-05 2.25866610e-05 3.18424395e-05 -5.60782318e-06
513              9.73529456e-03 8.22410042e-04 -3.72255711e-05 9.71268849e-03 7.90473678e-04 -3.16220177e-05 2.26060653e-05 3.19363648e-05 -5.60355339e-06
514              9.73732895e-03 8.19899700e-04 -3.62709235e-05 9.71469149e-03 7.87873556e-04 -3.06756335e-05 2.26374667e-05 3.20261443e-05 -5.59529000e-06
515              9.73950843e-03 8.17743331e-04 -3.52413103e-05 9.71685391e-03 7.85635207e-04 -2.96544915e-05 2.26545245e-05 3.21081236e-05 -5.58681873e-06
516              9.74102249e-03 8.15618485e-04 -3.42499822e-05 9.71833969e-03 7.83434080e-04 -2.86750134e-05 2.26827980e-05 3.21844053e-05 -5.57496881e-06
517              9.74266179e-03 8.13700710e-04 -3.31999658e-05 9.71996345e-03 7.81449059e-04 -2.76369490e-05 2.26983471e-05 3.22516511e-05 -5.56301686e-06
518              9.74360092e-03 8.11624029e-04 -3.21673180e-05 9.72087746e-03 7.79309677e-04 -2.66190357e-05 2.27234672e-05 3.23143514e-05 -5.54828233e-06
519              9.74447702e-03 8.09469562e-04 -3.10560861e-05 9.72174100e-03 7.77098348e-04 -2.55221385e-05 2.27360218e-05 3.23712141e-05 -5.53394764e-06
520              9.74440968e-03 8.07024389e-04 -2.99758587e-05 9.72165247e-03 7.74598641e-04 -2.44584491e-05 2.27572148e-05 3.24257474e-05 -5.51740964e-06
521              9.74400371e-03 8.04485793e-04 -2.88684787e-05 9.72123861e-03 7.72008355e-04 -2.33669978e-05 2.27650959e-05 3.24774379e-05 -5.50148085e-06
522              9.74285228e-03 8.01686392e-04 -2.78355926e-05 9.72007325e-03 7.69158874e-04 -2.23519750e-05 2.27790288e-05 3.25275182e-05 -5.48361767e-06
523              9.74189922e-03 7.98817480e-04 -2.67939473e-05 9.71911787e-03 7.66243945e-04 -2.13273283e-05 2.27813493e-05 3.25735346e-05 -5.46661905e-06
524              9.74092038e-03 7.95734824e-04 -2.58215869e-05 9.71812589e-03 7.63117222e-04 -2.03734544e-05 2.27944877e-05 3.26176015e-05 -5.44813250e-06
525              9.74065687e-03 7.92701679e-04 -2.48295254e-05 9.71785879e-03 7.60042107e-04 -1.93982610e-05 2.27980803e-05 3.26595727e-05 -5.43126445e-06
526              9.74053010e-03 7.89709244e-04 -2.38984195e-05 9.71771904e-03 7.57007953e-04 -1.84847464e-05 2.28110560e-05 3.27012911e-05 -5.41367312e-06
527              9.74137653e-03 7.87025105e-04 -2.29312015e-05 9.71856185e-03 7.54283932e-04 -1.75332671e-05 2.28146831e-05 3.27411725e-05 -5.39793445e-06
528              9.74283276e-03 7.84529059e-04 -2.19903136e-05 9.72000476e-03 7.51749556e-04 -1.66087888e-05 2.28280008e-05 3.27795028e-05 -5.38152486e-06
529              9.74573310e-03 7.82462711e-04 -2.09965270e-05 9.72290025e-03 7.49648057e-04 -1.56296136e-05 2.28328498e-05 3.28146548e-05 -5.36691339e-06
530              9.74969428e-03 7.80742692e-04 -2.00252694e-05 9.72684741e-03 7.47895466e-04 -1.46736463e-05 2.28468737e-05 3.28472262e-05 -5.35162309e-06
531              9.75521193e-03 7.79512088e-04 -1.90020691e-05 9.73235988e-03 7.46636309e-04 -1.36640135e-05 2.28520502e-05 3.28757790e-05 -5.33805559e-06
532              9.76175041e-03 7.78656026e-04 -1.80073924e-05 9.73888443e-03 7.45755100e-04 -1.26834761e-05 2.28659761e-05 3.29009258e-05 -5.32391629e-06
533              9.76974262e-03 7.78293049e-04 -1.69906599e-05 9.74687113e-03 7.45370724e-04 -1.16790740e-05 2.28714923e-05 3.29223252e-05 -5.31158589e-06
534              9.77837037e-03 7.78185725e-04 -1.60399138e-05 9.75548493e-03 7.45245190e-04 -1.07411032e-05 2.28854326e-05 3.29405348e-05 -5.29881051e-06
535              9.78791174e-03 7.78287172e-04 -1.50850128e-05 9.76502111e-03 7.45331694e-04 -9.79717004e-06 2.28906292e-05 3.29554776e-05 -5.28784276e-06
536              9.79753330e-03 7.78345032e-04 -1.41913461e-05 9.77462934e-03 7.45376670e-04 -8.91479240e-06 2.29039595e-05 3.29683627e-05 -5.27655373e-06
537              9.80746122e-03 7.78445611e-04 -1.32968021e-05 9.78455194e-03 7.45465946e-04 -8.02966197e-06 2.29092753e-05 3.29796653e-05 -5.26714012e-06
538              9.81688248e-03 7.78465323e-04 -1.24746120e-05 9.79396024e-03 7.45475845e-04 -7.21732113e-06 2.29222388e-05 3.29894781e-05 -5.25729090e-06
539              9.82615690e-03 7.78512819e-04 -1.16766574e-05 9.80323019e-03 7.45515706e-04 -6.42773603e-06 2.29267130e-05 3.29971126e-05 -5.24892135e-06
540              9.83452965e-03 7.78305498e-04 -1.09672302e-05 9.81159163e-03 7.45303109e-04 -5.72747950e-06 2.29380125e-05 3.30023893e-05 -5.23975072e-06
541              9.84224368e-03 7.77822465e-04 -1.02730254e-05 9.81930316e-03 7.44817361e-04 -5.04136583e-06 2.29405235e-05 3.30051039e-05 -5.23165961e-06
542              9.84880494e-03 7.76860889e-04 -9.64159850e-06 9.82585604e-03 7.43855079e-04 -4.41912535e-06 2.29488980e-05 3.30058095e-05 -5.22247315e-06
543              9.85477526e-03 7.75617337e-04 -9.01713884e-06 9.83182718e-03 7.42612499e-04 -3.80303902e-06 2.29480794e-05 3.30048381e-05 -5.21409982e-06
544              9.85971747e-03 7.74023850e-04 -8.44969244e-06 9.83676516e-03 7.41021320e-04 -3.24520272e-06 2.29523154e-05 3.30025301e-05 -5.20448972e-06
545              9.86424888e-03 7.72244625e-04 -7.87008711e-06 9.84130144e-03 7.39245864e-04 -2.67465761e-06 2.29474358e-05 3.29987613e-05 -5.19542950e-06
546              9.86818377e-03 7.70247101e-04 -7.32422244e-06 9.84523689e-03 7.37255083e-04 -2.13943312e-06 2.29468870e-05 3.29920176e-05 -5.18478932e-06
547              9.87205953e-03 7.68213286e-04 -6.74573351e-06 9.84912172e-03 7.35231071e-04 -1.57150173e-06 2.29378085e-05 3.29822153e-05 -5.17423177e-06
548              9.87543009e-03 7.66018568e-04 -6.16845659e-06 9.85249802e-03 7.33051339e-04 -1.00662622e-06 2.29320645e-05 3.29672288e-05 -5.16183037e-06
549              9.87863974e-03 7.63764431e-04 -5.53076049e-06 9.85572169e-03 7.30814980e-04 -3.81423162e-07 2.29180557e-05 3.29494511e-05 -5.14933733e-06
550              9.88135910e-03 7.61329718e-04 -4.87737831e-06 9.85845378e-03 7.28405790e-04 2.57547146e-07 2.29053208e-05 3.29239276e-05 -5.13492545e-06
551              9.88391585e-03 7.58793149e-04 -4.15719490e-06 9.86103088e-03 7.25896125e-04 9.63147300e-07 2.28849729e-05 3.28970239e-05 -5.12034220e-06
552              9.88613192e-03 7.56058215e-04 -3.43473929e-06 9.86326738e-03 7.23197754e-04 1.66896909e-06 2.28645388e-05 3.28604611e-05 -5.10370838e-06
553              9.88813110e-03 7.53195719e-04 -2.68776476e-06 9.86529384e-03 7.20371323e-04 2.39921975e-06 2.28372579e-05 3.28243958e-05 -5.08698451e-06
554              9.88964940e-03 7.50078398e-04 -2.00080447e-06 9.86684180e-03 7.17300578e-04 3.06770336e-06 2.28075974e-05 3.27778195e-05 -5.06850783e-06
555              9.89086960e-03 7.46754300e-04 -1.35025364e-06 9.86809771e-03 7.14019664e-04 3.69996556e-06 2.27718853e-05 3.27346366e-05 -5.05021921e-06
556              9.89189426e-03 7.43149546e-04 -7.69762380e-07 9.86916064e-03 7.10469754e-04 4.26064541e-06 2.27336235e-05 3.26797921e-05 -5.03040779e-06
557              9.89306979e-03 7.39389820e-04 -1.92244784e-07 9.87037934e-03 7.06760780e-04 4.81864564e-06 2.26904557e-05 3.26290394e-05 -5.01089042e-06
558              9.89459122e-03 7.35472016e-04 3.50333586e-07 9.87194615e-03 7.02905921e-04 5.34026146e-06 2.26450696e-05 3.25660948e-05 -4.98992787e-06
559              9.89663232e-03 7.31516483e-04 9.01947887e-07 9.87403567e-03 6.99008502e-04 5.87114250e-06 2.25966502e-05 3.25079812e-05 -4.96919461e-06
560              9.89927818e-03 7.27502314e-04 1.42298129e-06 9.87673181e-03 6.95065408e-04 6.37012252e-06 2.25463701e-05 3.24369067e-05 -4.94714123e-06
561              9.90277186e-03 7.23624566e-04 1.94267520e-06 9.88027794e-03 6.91253041e-04 6.86824672e-06 2.24939165e-05 3.23715251e-05 -4.92557152e-06
562              9.90717064e-03 7.19904594e-04 2.42957063e-06 9.88473028e-03 6.87612460e-04 7.33244665e-06 2.24403614e-05 3.22921337e-05 -4.90287602e-06
563              9.91254552e-03 7.16457069e-04 2.91920675e-06 9.89015961e-03 6.84238308e-04 7.80004393e-06 2.23859013e-05 3.22187610e-05 -4.88083718e-06
564              9.91883430e-03 7.13264360e-04 3.38739153e-06 9.89650270e-03 6.81132206e-04 8.24551181e-06 2.23315927e-05 3.21321532e-05 -4.85812028e-06
565              9.92619381e-03 7.10493514e-04 3.86468000e-06 9.90391711e-03 6.78441233e-04 8.70098609e-06 2.22767014e-05 3.20522810e-05 -4.83630609e-06
566              9.93446677e-03 7.08045874e-04 4.31466127e-06 9.91224382e-03 6.76087318e-04 9.12849211e-06 2.22229589e-05 3.19585562e-05 -4.81383084e-06
567              9.94364928e-03 7.05977859e-04 4.76990547e-06 9.92148085e-03 6.74109728e-04 9.56215070e-06 2.21684290e-05 3.18681316e-05 -4.79224523e-06
568              9.95344459e-03 7.04227742e-04 5.19480215e-06 9.93132835e-03 6.72461816e-04 9.96494711e-06 2.21162350e-05 3.17659268e-05 -4.77014496e-06
569              9.96382790e-03 7.02804638e-04 5.62175568e-06 9.94176688e-03 6.71139011e-04 1.03707685e-05 2.20610202e-05 3.16656273e-05 -4.74901278e-06
570              9.97432819e-03 7.01542114e-04 5.99847873e-06 9.95231979e-03 6.69983814e-04 1.07261155e-05 2.20083969e-05 3.15582998e-05 -4.72763681e-06
571              9.98498207e-03 7.00409895e-04 6.35292169e-06 9.96303003e-03 6.68956150e-04 1.10602448e-05 2.19520462e-05 3.14537445e-05 -4.70732306e-06
572              9.99532836e-03 6.99262474e-04 6.64974645e-06 9.97342995e-03 6.67916930e-04 1.13366841e-05 2.18984169e-05 3.13455443e-05 -4.68693770e-06
573              1.00051304e-02 6.98052065e-04 6.92601878e-06 9.98328951e-03 6.66811952e-04 1.15936508e-05 2.18408518e-05 3.12401123e-05 -4.66763197e-06
574              1.00139137e-02 6.96678218e-04 7.16637003e-06 9.99212719e-03 6.65545017e-04 1.18146141e-05 2.17864654e-05 3.11332013e-05 -4.64824403e-06
575              1.00219230e-02 6.95179352e-04 7.40910493e-06 1.00001954e-02 6.64152107e-04 1.20387171e-05 2.17276188e-05 3.10272449e-05 -4.62961217e-06
576              1.00289580e-02 6.93496682e-04 7.63425885e-06 1.00072855e-02 6.62576230e-04 1.22448181e-05 2.16725018e-05 3.09204520e-05 -4.61055929e-06
577              1.00353149e-02 6.91747364e-04 7.86760047e-06 1.00137002e-02 6.60932926e-04 1.24596401e-05 2.16146406e-05 3.08144386e-05 -4.59203963e-06
578              1.00407698e-02 6.89881100e-04 8.07365526e-06 1.00192090e-02 6.59171614e-04 1.26466892e-05 2.15608695e-05 3.07094867e-05 -4.57303390e-06
579              1.00457901e-02 6.87937816e-04 8.29113526e-06 1.00242862e-02 6.57331469e-04 1.28455350e-05 2.15039214e-05 3.06063464e-05 -4.55439974e-06
580              1.00502298e-02 6.85910347e-04 8.50432877e-06 1.00287791e-02 6.55404438e-04 1.30394823e-05 2.14507148e-05 3.05059095e-05 -4.53515356e-06
581              1.00542585e-02 6.83929689e-04 8.75834415e-06 1.00328638e-02 6.53523384e-04 1.32744990e-05 2.13947505e-05 3.04063047e-05 -4.51615481e-06
582              1.00578183e-02 6.81963830e-04 9.04313761e-06 1.00364756e-02 6.51657203e-04 1.35395009e-05 2.13427052e-05 3.03066266e-05 -4.49636333e-06
583              1.00612641e-02 6.80054407e-04 9.38766686e-06 1.00399755e-02 6.49848404e-04 1.38642388e-05 2.12885221e-05 3.02060025e-05 -4.47657191e-06
584              1.00645064e-02 6.78168312e-04 9.77306727e-06 1.00432679e-02 6.48064012e-04 1.42289516e-05 2.12385640e-05 3.01043000e-05 -4.45588432e-06
585              1.00676606e-02 6.76338541e-04 1.02036247e-05 1.00464742e-02 6.46337358e-04 1.46388200e-05 2.11864367e-05 3.00011836e-05 -4.43519537e-06
586              1.00703399e-02 6.74531016e-04 1.06152633e-05 1.00492016e-02 6.44633819e-04 1.50290799e-05 2.11382934e-05 2.98971971e-05 -4.41381656e-06
587              1.00726549e-02 6.72784453e-04 1.09869278e-05 1.00515676e-02 6.42991979e-04 1.53795942e-05 2.10872426e-05 2.97924741e-05 -4.39266638e-06
588              1.00744980e-02 6.71032195e-04 1.12853437e-05 1.00534594e-02 6.41345188e-04 1.56563077e-05 2.10386435e-05 2.96870075e-05 -4.37096402e-06
589              1.00763118e-02 6.69317544e-04 1.15399593e-05 1.00553248e-02 6.39737013e-04 1.58894849e-05 2.09869911e-05 2.95805315e-05 -4.34952554e-06
590              1.00782365e-02 6.67639786e-04 1.17494146e-05 1.00572987e-02 6.38167143e-04 1.60770305e-05 2.09378524e-05 2.94726431e-05 -4.32761585e-06
591              1.00806370e-02 6.66083910e-04 1.19292286e-05 1.00597515e-02 6.36721755e-04 1.62352748e-05 2.08854893e-05 2.93621555e-05 -4.30604620e-06
592              1.00834486e-02 6.64681584e-04 1.20530662e-05 1.00626127e-02 6.35430903e-04 1.63372071e-05 2.08358753e-05 2.92506810e-05 -4.28414083e-06
593              1.00869439e-02 6.63519151e-04 1.21419716e-05 1.00661608e-02 6.34384219e-04 1.64046439e-05 2.07831173e-05 2.91349326e-05 -4.26267221e-06
594              1.00910462e-02 6.62539352e-04 1.21784981e-05 1.00703129e-02 6.33520147e-04 1.64195146e-05 2.07333050e-05 2.90192053e-05 -4.24101650e-06
595              1.00959766e-02 6.61725440e-04 1.22097452e-05 1.00752961e-02 6.32827006e-04 1.64296957e-05 2.06804681e-05 2.88984337e-05 -4.21995056e-06
596              1.01017540e-02 6.61077999e-04 1.22254267e-05 1.00811231e-02 6.32299655e-04 1.64243109e-05 2.06308598e-05 2.87783443e-05 -4.19888426e-06
597              1.01086152e-02 6.60692895e-04 1.22448114e-05 1.00880374e-02 6.32040688e-04 1.64232394e-05 2.05778355e-05 2.86522076e-05 -4.17842802e-06
598              1.01162140e-02 6.60598317e-04 1.22373623e-05 1.00956860e-02 6.32071116e-04 1.63953249e-05 2.05279248e-05 2.85272012e-05 -4.15796267e-06
599              1.01246179e-02 6.60840824e-04 1.22267938e-05 1.01041427e-02 6.32445627e-04 1.63649180e-05 2.04752180e-05 2.83951976e-05 -4.13812425e-06
600              1.01335032e-02 6.61315894e-04 1.22046864e-05 1.01130767e-02 6.33050980e-04 1.63229821e-05 2.04264617e-05 2.82649142e-05 -4.11829567e-06
601              1.01429340e-02 6.62020454e-04 1.21800799e-05 1.01225586e-02 6.33891832e-04 1.62791638e-05 2.03753824e-05 2.81286217e-05 -4.09908399e-06
602              1.01525876e-02 6.62920144e-04 1.21201988e-05 1.01322602e-02 6.34925322e-04 1.62003432e-05 2.03273608e-05 2.79948220e-05 -4.08014436e-06
603              1.01624607e-02 6.63984948e-04 1.20277741e-05 1.01421835e-02 6.36127045e-04 1.60898042e-05 2.02771557e-05 2.78579026e-05 -4.06203007e-06
604              1.01720805e-02 6.65026250e-04 1.18910138e-05 1.01518505e-02 6.37303458e-04 1.59352108e-05 2.02299670e-05 2.77227922e-05 -4.04419694e-06
605              1.01812010e-02 6.65955330e-04 1.17407405e-05 1.01610199e-02 6.38370725e-04 1.57677575e-05 2.01810418e-05 2.75846051e-05 -4.02701702e-06
606              1.01894232e-02 6.66757752e-04 1.15780828e-05 1.01692878e-02 6.39307967e-04 1.55880286e-05 2.01353383e-05 2.74497842e-05 -4.00994578e-06
607              1.01968078e-02 6.67459415e-04 1.14382337e-05 1.01767202e-02 6.40148100e-04 1.54315338e-05 2.00875773e-05 2.73113152e-05 -3.99330008e-06
608              1.02031376e-02 6.68014368e-04 1.13194296e-05 1.01830945e-02 6.40836388e-04 1.52959342e-05 2.00431758e-05 2.71779803e-05 -3.97650458e-06
609              1.02085180e-02 6.68433834e-04 1.12403410e-05 1.01885213e-02 6.41394199e-04 1.52002080e-05 1.99966160e-05 2.70396354e-05 -3.95986703e-06
610              1.02129924e-02 6.68700940e-04 1.11791550e-05 1.01930388e-02 6.41794189e-04 1.51220610e-05 1.99536388e-05 2.69067512e-05 -3.94290602e-06
611              1.02169892e-02 6.68888350e-04 1.11688118e-05 1.01970799e-02 6.42119720e-04 1.50948562e-05 1.99093489e-05 2.67686298e-05 -3.92604442e-06
612              1.02204427e-02 6.68991196e-04 1.11948946e-05 1.02005744e-02 6.42354714e-04 1.51036988e-05 1.98682525e-05 2.66364820e-05 -3.90880418e-06
613              1.02234799e-02 6.69037831e-04 1.12724619e-05 1.02036536e-02 6.42538974e-04 1.51640584e-05 1.98262759e-05 2.64988567e-05 -3.89159654e-06
614              1.02261308e-02 6.69045772e-04 1.13924782e-05 1.02063434e-02 6.42680024e-04 1.52665042e-05 1.97873485e-05 2.63657479e-05 -3.87402599e-06
615              1.02286286e-02 6.69022993e-04 1.15848128e-05 1.02088808e-02 6.42794525e-04 1.54413278e-05 1.97477766e-05 2.62284672e-05 -3.85651503e-06
616              1.02310032e-02 6.68989806e-04 1.18314012e-05 1.02112928e-02 6.42896417e-04 1.56700500e-05 1.97103762e-05 2.60933887e-05 -3.83864886e-06
617              1.02332324e-02 6.68936028e-04 1.21276971e-05 1.02135606e-02 6.42980251e-04 1.59484712e-05 1.96717645e-05 2.59557772e-05 -3.82077419e-06
618              1.02350894e-02 6.68808571e-04 1.24292842e-05 1.02154552e-02 6.42990264e-04 1.62319156e-05 1.96342262e-05 2.58183068e-05 -3.80263133e-06
619              1.02366510e-02 6.68603651e-04 1.27105313e-05 1.02170552e-02 6.42922566e-04 1.64951380e-05 1.95957895e-05 2.56810849e-05 -3.78460663e-06
620              1.02380294e-02 6.68268270e-04 1.29645343e-05 1.02184713e-02 6.42724247e-04 1.67311045e-05 1.95581461e-05 2.55440227e-05 -3.76657022e-06
621              1.02395357e-02 6.67852111e-04 1.31937243e-05 1.02200161e-02 6.42445486e-04 1.69425484e-05 1.95195920e-05 2.54066251e-05 -3.74882410e-06
622              1.02412681e-02 6.67411152e-04 1.33813105e-05 1.02217857e-02 6.42141224e-04 1.71126254e-05 1.94823497e-05 2.52699277e-05 -3.73131493e-06
623              1.02434782e-02 6.67051005e-04 1.35298117e-05 1.02240331e-02 6.41916965e-04 1.72441388e-05 1.94450378e-05 2.51340401e-05 -3.71432705e-06
624              1.02464169e-02 6.66847450e-04 1.36301059e-05 1.02270075e-02 6.41848604e-04 1.73278344e-05 1.94093573e-05 2.49988466e-05 -3.69772852e-06
625              1.02502560e-02 6.66831820e-04 1.36912310e-05 1.02308817e-02 6.41967630e-04 1.73730548e-05 1.93742786e-05 2.48641900e-05 -3.68182381e-06
626              1.02549193e-02 6.66925886e-04 1.37186545e-05 1.02355785e-02 6.42196983e-04 1.73851568e-05 1.93408134e-05 2.47289038e-05 -3.66650237e-06
627              1.02604783e-02 6.67106910e-04 1.37291016e-05 1.02411703e-02 6.42512291e-04 1.73810476e-05 1.93079190e-05 2.45946191e-05 -3.65194600e-06
628              1.02670030e-02 6.67408665e-04 1.37073275e-05 1.02477264e-02 6.42948914e-04 1.73453894e-05 1.92765841e-05 2.44597506e-05 -3.63806189e-06
629              1.02743976e-02 6.67911033e-04 1.36543343e-05 1.02551517e-02 6.43585528e-04 1.72793756e-05 1.92458351e-05 2.43255056e-05 -3.62504137e-06
630              1.02824210e-02 6.68595638e-04 1.35780752e-05 1.02632048e-02 6.44405628e-04 1.71908652e-05 1.92162431e-05 2.41900094e-05 -3.61278995e-06
631              1.02909918e-02 6.69446142e-04 1.34921982e-05 1.02718041e-02 6.45389265e-04 1.70935793e-05 1.91876914e-05 2.40568774e-05 -3.60138101e-06
632              1.02999923e-02 6.70423719e-04 1.33948468e-05 1.02808328e-02 6.46503331e-04 1.69857191e-05 1.91594865e-05 2.39203877e-05 -3.59087229e-06
633              1.03094056e-02 6.71556757e-04 1.32618541e-05 1.02902728e-02 6.47768531e-04 1.68431305e-05 1.91327445e-05 2.37882254e-05 -3.58127637e-06
634              1.03191481e-02 6.72851466e-04 1.30676762e-05 1.03000422e-02 6.49197256e-04 1.66404236e-05 1.91059112e-05 2.36542103e-05 -3.57274743e-06
635              1.03289139e-02 6.74236327e-04 1.28160302e-05 1.03098337e-02 6.50712459e-04 1.63812324e-05 1.90802540e-05 2.35238676e-05 -3.56520219e-06
636              1.03382466e-02 6.75578303e-04 1.25242006e-05 1.03191910e-02 6.52183186e-04 1.60827407e-05 1.90555591e-05 2.33951165e-05 -3.55854015e-06
637              1.03469379e-02 6.76841195e-04 1.22096211e-05 1.03279059e-02 6.53572525e-04 1.57623503e-05 1.90320476e-05 2.32686703e-05 -3.55272924e-06
638              1.03547324e-02 6.77972826e-04 1.18831330e-05 1.03357218e-02 6.54828324e-04 1.54306135e-05 1.90106275e-05 2.31445024e-05 -3.54748048e-06
639              1.03613021e-02 6.78944514e-04 1.15820095e-05 1.03423119e-02 6.55922408e-04 1.51247608e-05 1.89901843e-05 2.30221056e-05 -3.54275131e-06
640              1.03665486e-02 6.79753135e-04 1.13218079e-05 1.03475765e-02 6.56851164e-04 1.48599624e-05 1.89720805e-05 2.29019714e-05 -3.53815449e-06
641              1.03707284e-02 6.80450431e-04 1.11295411e-05 1.03517739e-02 6.57667498e-04 1.46632555e-05 1.89544977e-05 2.27829329e-05 -3.53371444e-06
642              1.03740596e-02 6.81032069e-04 1.09963047e-05 1.03551196e-02 6.58365663e-04 1.45252897e-05 1.89400119e-05 2.26664065e-05 -3.52898496e-06
643              1.03767100e-02 6.81529850e-04 1.09245340e-05 1.03577848e-02 6.58982221e-04 1.44487332e-05 1.89251863e-05 2.25476290e-05 -3.52419921e-06
644              1.03786598e-02 6.81919101e-04 1.08853076e-05 1.03597454e-02 6.59485152e-04 1.44042311e-05 1.89143682e-05 2.24339490e-05 -3.51892358e-06
645              1.03803451e-02 6.82248315e-04 1.09105645e-05 1.03614433e-02 6.59933602e-04 1.44242165e-05 1.89017573e-05 2.23147134e-05 -3.51365197e-06
646              1.03818829e-02 6.82485823e-04 1.09994511e-05 1.03629903e-02 6.60284836e-04 1.45072996e-05 1.88926065e-05 2.22009872e-05 -3.50784852e-06
647              1.03835642e-02 6.82663014e-04 1.11759903e-05 1.03646829e-02 6.60581322e-04 1.46779218e-05 1.88812527e-05 2.20816924e-05 -3.50193156e-06
648              1.03849925e-02 6.82704147e-04 1.14085631e-05 1.03661197e-02 6.60736053e-04 1.49039999e-05 1.88727652e-05 2.19680940e-05 -3.49543688e-06
649              1.03859827e-02 6.82594287e-04 1.16867355e-05 1.03671207e-02 6.60744738e-04 1.51756295e-05 1.88620057e-05 2.18495493e-05 -3.48889396e-06
650              1.03862170e-02 6.82267693e-04 1.19662879e-05 1.03673637e-02 6.60530686e-04 1.54482059e-05 1.88533141e-05 2.17370072e-05 -3.48191800e-06
651              1.03858008e-02 6.81737682e-04 1.22647640e-05 1.03669583e-02 6.60116783e-04 1.57397224e-05 1.88425785e-05 2.16208986e-05 -3.47495846e-06
652              1.03848960e-02 6.80998825e-04 1.25539967e-05 1.03660625e-02 6.59487871e-04 1.60216663e-05 1.88334884e-05 2.15109538e-05 -3.46766966e-06
653              1.03838684e-02 6.80156186e-04 1.28405299e-05 1.03650455e-02 6.58759272e-04 1.63009376e-05 1.88228877e-05 2.13969135e-05 -3.46040769e-06
654              1.03832487e-02 6.79361807e-04 1.30900244e-05 1.03644344e-02 6.58073900e-04 1.65430456e-05 1.88143061e-05 2.12879069e-05 -3.45302124e-06
655              1.03837554e-02 6.78760528e-04 1.33154523e-05 1.03649504e-02 6.57584933e-04 1.67613349e-05 1.88049176e-05 2.11755951e-05 -3.44588265e-06
656              1.03854910e-02 6.78378246e-04 1.35148566e-05 1.03666929e-02 6.57311281e-04 1.69536326e-05 1.87981353e-05 2.10669649e-05 -3.43877595e-06
657              1.03884424e-02 6.78221709e-04 1.37029186e-05 1.03696508e-02 6.57265364e-04 1.71350904e-05 1.87916173e-05 2.09563448e-05 -3.43217177e-06
658              1.03926254e-02 6.78287394e-04 1.38627520e-05 1.03738375e-02 6.57437331e-04 1.72885575e-05 1.87878645e-05 2.08500621e-05 -3.42580553e-06
659              1.03980988e-02 6.78617420e-04 1.39828327e-05 1.03793145e-02 6.57876243e-04 1.74028701e-05 1.87843623e-05 2.07411764e-05 -3.42003737e-06
660              1.04045174e-02 6.79133508e-04 1.40572501e-05 1.03857342e-02 6.58499250e-04 1.74721401e-05 1.87831522e-05 2.06342577e-05 -3.41489002e-06
661              1.04115039e-02 6.79746004e-04 1.41232551e-05 1.03927216e-02 6.59219663e-04 1.75339107e-05 1.87823380e-05 2.05263418e-05 -3.41065558e-06
662              1.04187680e-02 6.80419175e-04 1.41857550e-05 1.03999845e-02 6.59999661e-04 1.75927976e-05 1.87834944e-05 2.04195141e-05 -3.40704258e-06
663              1.04262236e-02 6.81192857e-04 1.42420501e-05 1.04074388e-02 6.60880858e-04 1.76462692e-05 1.87848778e-05 2.03119992e-05 -3.40421912e-06
664              1.04339583e-02 6.82089748e-04 1.42655668e-05 1.04151706e-02 6.61885191e-04 1.76675670e-05 1.87877282e-05 2.02045573e-05 -3.40200015e-06
665              1.04421728e-02 6.83139020e-04 1.42173668e-05 1.04233818e-02 6.63040968e-04 1.76179726e-05 1.87909628e-05 2.00980528e-05 -3.40060585e-06
666              1.04507915e-02 6.84267855e-04 1.40795791e-05 1.04319962e-02 6.64274901e-04 1.74795023e-05 1.87953047e-05 1.99929536e-05 -3.39992319e-06
667              1.04595146e-02 6.85430417e-04 1.38597054e-05 1.04407144e-02 6.65541248e-04 1.72597795e-05 1.88001400e-05 1.98891687e-05 -3.40007416e-06
668              1.04682259e-02 6.86573367e-04 1.35622011e-05 1.04494195e-02 6.66786294e-04 1.69630684e-05 1.88063685e-05 1.97870730e-05 -3.40086738e-06
669              1.04764034e-02 6.87584768e-04 1.32135147e-05 1.04575902e-02 6.67897599e-04 1.66159121e-05 1.88132038e-05 1.96871684e-05 -3.40239742e-06
670              1.04833312e-02 6.88306167e-04 1.28559691e-05 1.04645103e-02 6.68716515e-04 1.62603148e-05 1.88209342e-05 1.95896525e-05 -3.40434571e-06
671              1.04888089e-02 6.88686922e-04 1.25515476e-05 1.04699801e-02 6.69192968e-04 1.59581019e-05 1.88287381e-05 1.94939545e-05 -3.40655427e-06
672              1.04929172e-02 6.88756576e-04 1.23241639e-05 1.04740802e-02 6.69356822e-04 1.57327356e-05 1.88370032e-05 1.93997540e-05 -3.40857168e-06
673              1.04958756e-02 6.88606754e-04 1.21771147e-05 1.04770307e-02 6.69300109e-04 1.55873481e-05 1.88449298e-05 1.93066452e-05 -3.41023343e-06
674              1.04976735e-02 6.88285574e-04 1.20841827e-05 1.04788202e-02 6.69071035e-04 1.54955018e-05 1.88533433e-05 1.92145396e-05 -3.41131904e-06
675              1.04985598e-02 6.87859034e-04 1.20341268e-05 1.04796985e-02 6.68735232e-04 1.54460442e-05 1.88612773e-05 1.91238014e-05 -3.41191742e-06
676              1.04990026e-02 6.87333591e-04 1.20396015e-05 1.04801331e-02 6.68299076e-04 1.54515430e-05 1.88695101e-05 1.90345148e-05 -3.41194150e-06
677              1.04995016e-02 6.86706709e-04 1.21344421e-05 1.04806244e-02 6.67760015e-04 1.55459576e-05 1.88772164e-05 1.89466940e-05 -3.41151549e-06
678              1.05002899e-02 6.85989648e-04 1.23154156e-05 1.04814048e-02 6.67129760e-04 1.57259566e-05 1.88850653e-05 1.88598881e-05 -3.41054100e-06
679              1.05010709e-02 6.85184312e-04 1.25699825e-05 1.04821785e-02 6.66410187e-04 1.59791239e-05 1.88924147e-05 1.87741249e-05 -3.40914138e-06
680              1.05012220e-02 6.84226073e-04 1.28723782e-05 1.04823220e-02 6.65537012e-04 1.62795127e-05 1.89000392e-05 1.86890611e-05 -3.40713446e-06
681              1.05004004e-02 6.83053613e-04 1.32161603e-05 1.04814933e-02 6.64448855e-04 1.66208154e-05 1.89071005e-05 1.86047586e-05 -3.40465510e-06
682              1.04983640e-02 6.81599635e-04 1.35918545e-05 1.04794499e-02 6.63078488e-04 1.69934561e-05 1.89140804e-05 1.85211465e-05 -3.40160152e-06
683              1.04954164e-02 6.79913668e-04 1.39812020e-05 1.04764963e-02 6.61475395e-04 1.73792910e-05 1.89200911e-05 1.84382730e-05 -3.39808899e-06
684              1.04918612e-02 6.78061847e-04 1.43628054e-05 1.04729351e-02 6.59705536e-04 1.77568730e-05 1.89261883e-05 1.83563111e-05 -3.39406756e-06
685              1.04883463e-02 6.76191610e-04 1.47335121e-05 1.04694145e-02 6.57914834e-04 1.81232638e-05 1.89317713e-05 1.82767764e-05 -3.38975166e-06
686              1.04857571e-02 6.74508597e-04 1.50869408e-05 1.04668191e-02 6.56309481e-04 1.84721713e-05 1.89380227e-05 1.81991157e-05 -3.38523052e-06
687              1.04845849e-02 6.73124593e-04 1.54394174e-05 1.04656406e-02 6.55002308e-04 1.88200510e-05 1.89442499e-05 1.81222850e-05 -3.38063360e-06
688              1.04849357e-02 6.72070619e-04 1.57798457e-05 1.04659844e-02 6.54024918e-04 1.91558782e-05 1.89513040e-05 1.80457012e-05 -3.37603251e-06
689              1.04868098e-02 6.71352996e-04 1.60951135e-05 1.04678519e-02 6.53383880e-04 1.94667598e-05 1.89579413e-05 1.79691167e-05 -3.37164632e-06
690              1.04901489e-02 6.70963980e-04 1.63561858e-05 1.04711833e-02 6.53071816e-04 1.97237526e-05 1.89655679e-05 1.78921645e-05 -3.36756684e-06
691              1.04946026e-02 6.70826296e-04 1.65686885e-05 1.04756292e-02 6.53010575e-04 1.99329050e-05 1.89734292e-05 1.78157218e-05 -3.36421649e-06
692              1.04996660e-02 6.70778492e-04 1.67763066e-05 1.04806836e-02 6.53038978e-04 2.01378427e-05 1.89824556e-05 1.77395139e-05 -3.36153609e-06
693              1.05050561e-02 6.70776339e-04 1.70085897e-05 1.04860643e-02 6.53110649e-04 2.03682547e-05 1.89917460e-05 1.76656906e-05 -3.35966503e-06
694              1.05106590e-02 6.70868636e-04 1.72412648e-05 1.04916568e-02 6.53275453e-04 2.05996494e-05 1.90022317e-05 1.75931826e-05 -3.35838467e-06
695              1.05167557e-02 6.71167600e-04 1.74461701e-05 1.04977429e-02 6.53645634e-04 2.08039858e-05 1.90127972e-05 1.75219656e-05 -3.35781565e-06
696              1.05234151e-02 6.71679518e-04 1.75865989e-05 1.05043910e-02 6.54227604e-04 2.09444524e-05 1.90241429e-05 1.74519144e-05 -3.35785351e-06
697              1.05307744e-02 6.72417365e-04 1.76393987e-05 1.05117387e-02 6.55033743e-04 2.09981436e-05 1.90357175e-05 1.73836215e-05 -3.35874496e-06
698              1.05387039e-02 6.73316153e-04 1.75734331e-05 1.05196552e-02 6.55998862e-04 2.09339360e-05 1.90486366e-05 1.73172906e-05 -3.36050286e-06
699              1.05469547e-02 6.74263567e-04 1.73990767e-05 1.05278924e-02 6.57010163e-04 2.07623475e-05 1.90622551e-05 1.72534041e-05 -3.36327080e-06
700              1.05550934e-02 6.75138486e-04 1.71340674e-05 1.05360165e-02 6.57946270e-04 2.05010214e-05 1.90768638e-05 1.71922160e-05 -3.36695392e-06
701              1.05623331e-02 6.75781157e-04 1.68356222e-05 1.05432412e-02 6.58646778e-04 2.02070925e-05 1.90918653e-05 1.71343790e-05 -3.37147032e-06
702              1.05681861e-02 6.76116875e-04 1.65668358e-05 1.05490788e-02 6.59037825e-04 1.99433008e-05 1.91073311e-05 1.70790501e-05 -3.37646495e-06
703              1.05724649e-02 6.76170694e-04 1.63612516e-05 1.05533423e-02 6.59144876e-04 1.97428372e-05 1.91225812e-05 1.70258179e-05 -3.38158560e-06
704              1.05753324e-02 6.75993395e-04 1.62388951e-05 1.05561952e-02 6.59019365e-04 1.96253458e-05 1.91372494e-05 1.69740302e-05 -3.38645074e-06
705              1.05768213e-02 6.75596799e-04 1.62010596e-05 1.05576701e-02 6.58673674e-04 1.95918474e-05 1.91511573e-05 1.69231243e-05 -3.39078772e-06
706              1.05770833e-02 6.75021214e-04 1.62228060e-05 1.05579191e-02 6.58148404e-04 1.96172202e-05 1.91641964e-05 1.68728100e-05 -3.39441422e-06
707              1.05767669e-02 6.74317033e-04 1.62881906e-05 1.05575903e-02 6.57495331e-04 1.96853439e-05 1.91766055e-05 1.68217021e-05 -3.39715329e-06
708              1.05763225e-02 6.73535883e-04 1.64063869e-05 1.05571342e-02 6.56763965e-04 1.98054915e-05 1.91882218e-05 1.67719183e-05 -3.39910464e-06
709              1.05761959e-02 6.72701326e-04 1.65977703e-05 1.05569980e-02 6.55977716e-04 1.99979167e-05 1.91979183e-05 1.67236100e-05 -3.40014635e-06
710              1.05762159e-02 6.71780053e-04 1.68732519e-05 1.05570090e-02 6.55103632e-04 2.02737075e-05 1.92069236e-05 1.66764204e-05 -3.40045559e-06
711              1.05758276e-02 6.70707839e-04 1.72309343e-05 1.05566118e-02 6.54078083e-04 2.06310022e-05 1.92157884e-05 1.66297560e-05 -3.40006785e-06
712              1.05744740e-02 6.69428593e-04 1.76497288e-05 1.05552496e-02 6.52845295e-04 2.10487079e-05 1.92244204e-05 1.65832974e-05 -3.39897910e-06
713              1.05716527e-02 6.67856077e-04 1.81070363e-05 1.05524207e-02 6.51320063e-04 2.15042856e-05 1.92319693e-05 1.65360135e-05 -3.39724924e-06
714              1.05674179e-02 6.66014078e-04 1.85676306e-05 1.05481786e-02 6.49522335e-04 2.19625065e-05 1.92392932e-05 1.64917431e-05 -3.39487593e-06
715              1.05623164e-02 6.63984674e-04 1.90151108e-05 1.05430716e-02 6.47537432e-04 2.24071582e-05 1.92447520e-05 1.64472426e-05 -3.39204732e-06
716              1.05568960e-02 6.61839623e-04 1.94570332e-05 1.05376453e-02 6.45433437e-04 2.28457854e-05 1.92506711e-05 1.64061862e-05 -3.38875212e-06
717              1.05521718e-02 6.59788772e-04 1.98893459e-05 1.05329162e-02 6.43423263e-04 2.32745676e-05 1.92556022e-05 1.63655093e-05 -3.38522163e-06
718              1.05487389e-02 6.57986451e-04 2.03196691e-05 1.05294766e-02 6.41660350e-04 2.37010733e-05 1.92622436e-05 1.63261005e-05 -3.38140423e-06
719              1.05468782e-02 6.56539662e-04 2.07455391e-05 1.05276097e-02 6.40253018e-04 2.41231036e-05 1.92684848e-05 1.62866444e-05 -3.37756448e-06
720              1.05464928e-02 6.55435929e-04 2.11679376e-05 1.05272169e-02 6.39189690e-04 2.45416014e-05 1.92759741e-05 1.62462393e-05 -3.37366383e-06
721              1.05478894e-02 6.54747891e-04 2.15478652e-05 1.05286052e-02 6.38543054e-04 2.49178160e-05 1.92842155e-05 1.62048373e-05 -3.36995077e-06
722              1.05507309e-02 6.54416457e-04 2.18624615e-05 1.05314377e-02 6.38253863e-04 2.52291201e-05 1.92932097e-05 1.61625936e-05 -3.36665863e-06
723              1.05543888e-02 6.54251472e-04 2.21507821e-05 1.05350861e-02 6.38131484e-04 2.55147215e-05 1.93026904e-05 1.61199885e-05 -3.36393941e-06
724              1.05585247e-02 6.54157033e-04 2.24402777e-05 1.05392123e-02 6.38078895e-04 2.58021453e-05 1.93124047e-05 1.60781380e-05 -3.36186762e-06
725              1.05628795e-02 6.54121577e-04 2.27347769e-05 1.05435572e-02 6.38085685e-04 2.60951227e-05 1.93223830e-05 1.60358923e-05 -3.36034589e-06
726              1.05677290e-02 6.54241810e-04 2.30182399e-05 1.05483965e-02 6.38248736e-04 2.63775731e-05 1.93325654e-05 1.59930733e-05 -3.35933321e-06
727              1.05732558e-02 6.54584871e-04 2.32642200e-05 1.05539128e-02 6.38635087e-04 2.66230681e-05 1.93429972e-05 1.59497841e-05 -3.35884806e-06
728              1.05795667e-02 6.55178380e-04 2.34339816e-05 1.05602129e-02 6.39271976e-04 2.67929323e-05 1.93538038e-05 1.59064040e-05 -3.35895070e-06
729              1.05868065e-02 6.56044136e-04 2.34657148e-05 1.05674414e-02 6.40180510e-04 2.68254973e-05 1.93650614e-05 1.58636257e-05 -3.35978251e-06
730              1.05945347e-02 6.57019326e-04 2.33560729e-05 1.05751579e-02 6.41196279e-04 2.67176022e-05 1.93768178e-05 1.58230473e-05 -3.36152930e-06
731              1.06023949e-02 6.57974873e-04 2.31240359e-05 1.05830059e-02 6.42189757e-04 2.64883107e-05 1.93890076e-05 1.57851158e-05 -3.36427483e-06
732              1.06098193e-02 6.58745438e-04 2.28295763e-05 1.05904177e-02 6.42995740e-04 2.61974908e-05 1.94015916e-05 1.57496979e-05 -3.36791447e-06
733              1.06162002e-02 6.59256006e-04 2.25274473e-05 1.05967858e-02 6.43539491e-04 2.58996121e-05 1.94143468e-05 1.57165148e-05 -3.37216481e-06
734              1.06211687e-02 6.59497759e-04 2.22652548e-05 1.06017415e-02 6.43812753e-04 2.56419439e-05 1.94271908e-05 1.56850068e-05 -3.37668908e-06
735              1.06245633e-02 6.59488147e-04 2.20774533e-05 1.06051234e-02 6.43833589e-04 2.54585615e-05 1.94398800e-05 1.56545586e-05 -3.38110817e-06
736              1.06264660e-02 6.59255195e-04 2.19819005e-05 1.06070139e-02 6.43630476e-04 2.53670111e-05 1.94521563e-05 1.56247191e-05 -3.38511067e-06
737              1.06269308e-02 6.58820508e-04 2.19643957e-05 1.06074669e-02 6.43225172e-04 2.53528796e-05 1.94638774e-05 1.55953352e-05 -3.38848395e-06
738              1.06265128e-02 6.58264193e-04 2.19982099e-05 1.06070379e-02 6.42697593e-04 2.53893581e-05 1.94748802e-05 1.55665996e-05 -3.39114824e-06
739              1.06258259e-02 6.57653594e-04 2.20702271e-05 1.06063406e-02 6.42114874e-04 2.54633419e-05 1.94852524e-05 1.55387193e-05 -3.39311486e-06
740              1.06252291e-02 6.56976355e-04 2.21998617e-05 1.06057339e-02 6.41464305e-04 2.55943396e-05 1.94952429e-05 1.55120504e-05 -3.39447793e-06
741              1.06248598e-02 6.56213328e-04 2.24151798e-05 1.06053547e-02 6.40726863e-04 2.58104543e-05 1.95051213e-05 1.54864658e-05 -3.39527448e-06
742              1.06242559e-02 6.55301684e-04 2.27246047e-05 1.06047409e-02 6.39840370e-04 2.61200489e-05 1.95149585e-05 1.54613140e-05 -3.39544416e-06
743              1.06228768e-02 6.54200200e-04 2.31071461e-05 1.06033523e-02 6.38764193e-04 2.65020400e-05 1.95244858e-05 1.54360073e-05 -3.39489389e-06
744              1.06200588e-02 6.52835276e-04 2.35291710e-05 1.06005255e-02 6.37424948e-04 2.69227460e-05 1.95332138e-05 1.54103279e-05 -3.39357501e-06
745              1.06155220e-02 6.51164098e-04 2.39571956e-05 1.05959814e-02 6.35779599e-04 2.73486991e-05 1.95406253e-05 1.53844986e-05 -3.39150354e-06
746              1.06098053e-02 6.49244257e-04 2.43728338e-05 1.05902589e-02 6.33885236e-04 2.77615880e-05 1.95464366e-05 1.53590214e-05 -3.38875420e-06
747              1.06035505e-02 6.47146961e-04 2.47913714e-05 1.05839995e-02 6.31812740e-04 2.81767930e-05 1.95509080e-05 1.53342210e-05 -3.38542159e-06
748              1.05975846e-02 6.45030640e-04 2.52222150e-05 1.05780299e-02 6.29720667e-04 2.86037924e-05 1.95546755e-05 1.53099734e-05 -3.38157746e-06
749              1.05926823e-02 6.43110325e-04 2.56561620e-05 1.05731241e-02 6.27824855e-04 2.90333809e-05 1.95582172e-05 1.52854696e-05 -3.37721887e-06
750              1.05893010e-02 6.41545214e-04 2.60763838e-05 1.05697391e-02 6.26285109e-04 2.94488485e-05 1.95618906e-05 1.52601053e-05 -3.37246461e-06
751              1.05874585e-02 6.40346099e-04 2.64922005e-05 1.05678922e-02 6.25112305e-04 2.98598159e-05 1.95662446e-05 1.52337942e-05 -3.36761537e-06
752              1.05874275e-02 6.39550034e-04 2.68894862e-05 1.05678562e-02 6.24343805e-04 3.02523511e-05 1.95712816e-05 1.52062296e-05 -3.36286492e-06
753              1.05891023e-02 6.39148822e-04 2.72319886e-05 1.05695253e-02 6.23971424e-04 3.05904340e-05 1.95770257e-05 1.51773986e-05 -3.35844541e-06
754              1.05918250e-02 6.38974788e-04 2.75361336e-05 1.05722417e-02 6.23827272e-04 3.08906897e-05 1.95832836e-05 1.51475158e-05 -3.35455610e-06
755              1.05951622e-02 6.38919436e-04 2.78216716e-05 1.05755723e-02 6.23802410e-04 3.11729711e-05 1.95899015e-05 1.51170258e-05 -3.35129946e-06
756              1.05988353e-02 6.38931680e-04 2.81102637e-05 1.05792386e-02 6.23845777e-04 3.14589090e-05 1.95967270e-05 1.50859026e-05 -3.34864528e-06
757              1.06029670e-02 6.39069343e-04 2.83980800e-05 1.05833632e-02 6.24015369e-04 3.17446148e-05 1.96037282e-05 1.50539745e-05 -3.34653475e-06
758              1.06077739e-02 6.39394695e-04 2.86718250e-05 1.05881629e-02 6.24373404e-04 3.20167645e-05 1.96110249e-05 1.50212915e-05 -3.34493958e-06
759              1.06133626e-02 6.39961069e-04 2.88844378e-05 1.05937439e-02 6.24973046e-04 3.22283358e-05 1.96187092e-05 1.49880235e-05 -3.34389797e-06
760              1.06198694e-02 6.40812771e-04 2.89646230e-05 1.06002426e-02 6.25858019e-04 3.23081762e-05 1.96268224e-05 1.49547520e-05 -3.34355323e-06
761              1.06271403e-02 6.41849222e-04 2.88877892e-05 1.06075049e-02 6.26926454e-04 3.22318947e-05 1.96354232e-05 1.49227677e-05 -3.34410548e-06
762              1.06347761e-02 6.42904307e-04 2.86683336e-05 1.06151316e-02 6.28011467e-04 3.20140160e-05 1.96444949e-05 1.48928394e-05 -3.34568243e-06
763              1.06423304e-02 6.43814725e-04 2.83610548e-05 1.06226764e-02 6.28949314e-04 3.17093110e-05 1.96539924e-05 1.48654110e-05 -3.34825624e-06
764              1.06492371e-02 6.44515761e-04 2.80174493e-05 1.06295732e-02 6.29675462e-04 3.13690672e-05 1.96638909e-05 1.48402986e-05 -3.35161790e-06
765              1.06548767e-02 6.44969015e-04 2.76926083e-05 1.06352027e-02 6.30151817e-04 3.10480456e-05 1.96740560e-05 1.48171981e-05 -3.35543731e-06
766              1.06588845e-02 6.45163072e-04 2.74348835e-05 1.06392003e-02 6.30367907e-04 3.07941980e-05 1.96841867e-05 1.47951646e-05 -3.35931447e-06
767              1.06613203e-02 6.45121845e-04 2.72676867e-05 1.06416265e-02 6.30348363e-04 3.06305740e-05 1.96938732e-05 1.47734819e-05 -3.36288731e-06
768              1.06621231e-02 6.44828254e-04 2.71898278e-05 1.06424204e-02 6.30076399e-04 3.05557314e-05 1.97027279e-05 1.47518555e-05 -3.36590359e-06
769              1.06617740e-02 6.44364028e-04 2.71720522e-05 1.06420634e-02 6.29633584e-04 3.05402895e-05 1.97105462e-05 1.47304433e-05 -3.36823730e-06
770              1.06610703e-02 6.43845562e-04 2.71941494e-05 1.06413529e-02 6.29135928e-04 3.05640329e-05 1.97174112e-05 1.47096336e-05 -3.36988349e-06
771              1.06602778e-02 6.43286174e-04 2.72623357e-05 1.06405541e-02 6.28596401e-04 3.06332391e-05 1.97236071e-05 1.46897728e-05 -3.37090335e-06
772              1.06596950e-02 6.42646408e-04 2.74168565e-05 1.06399656e-02 6.27975623e-04 3.07881685e-05 1.97294043e-05 1.46707858e-05 -3.37131199e-06
773              1.06590423e-02 6.41864553e-04 2.76717882e-05 1.06393072e-02 6.27212429e-04 3.10428450e-05 1.97350185e-05 1.46521237e-05 -3.37105687e-06
774              1.06578282e-02 6.40900827e-04 2.80093673e-05 1.06380879e-02 6.26267506e-04 3.13794409e-05 1.97403219e-05 1.46333206e-05 -3.37007367e-06
775              1.06553576e-02 6.39693353e-04 2.83926800e-05 1.06356127e-02 6.25079178e-04 3.17610101e-05 1.97449199e-05 1.46141742e-05 -3.36833012e-06
776              1.06510032e-02 6.38163243e-04 2.87846459e-05 1.06312550e-02 6.23568331e-04 3.21504903e-05 1.97482742e-05 1.45949117e-05 -3.36584443e-06
777              1.06451660e-02 6.36329883e-04 2.91702285e-05 1.06254160e-02 6.21753859e-04 3.25329005e-05 1.97500422e-05 1.45760235e-05 -3.36267206e-06
778              1.06385506e-02 6.34250575e-04 2.95632236e-05 1.06188001e-02 6.19692690e-04 3.29221039e-05 1.97504170e-05 1.45578849e-05 -3.35888026e-06
779              1.06319487e-02 6.32065081e-04 2.99790192e-05 1.06121988e-02 6.17524633e-04 3.33335407e-05 1.97499135e-05 1.45404478e-05 -3.35452149e-06
780              1.06261770e-02 6.30019996e-04 3.04016340e-05 1.06064278e-02 6.15496692e-04 3.37513216e-05 1.97492197e-05 1.45233035e-05 -3.34968754e-06
781              1.06218229e-02 6.28331958e-04 3.08071898e-05 1.06020739e-02 6.13826052e-04 3.41517356e-05 1.97489730e-05 1.45059057e-05 -3.34454582e-06
782              1.06188919e-02 6.27026649e-04 3.12061912e-05 1.05991424e-02 6.12538970e-04 3.45454517e-05 1.97494673e-05 1.44876788e-05 -3.33926047e-06
783              1.06176447e-02 6.26113184e-04 3.16100360e-05 1.05978940e-02 6.11645055e-04 3.49439915e-05 1.97507247e-05 1.44681291e-05 -3.33395546e-06
784              1.06183591e-02 6.25641882e-04 3.19733206e-05 1.05986064e-02 6.11194694e-04 3.53022408e-05 1.97527404e-05 1.44471885e-05 -3.32892015e-06
785              1.06203735e-02 6.25469580e-04 3.22908224e-05 1.06006180e-02 6.11044527e-04 3.56152031e-05 1.97554670e-05 1.44250529e-05 -3.32438068e-06
786              1.06230889e-02 6.25461314e-04 3.25760701e-05 1.06033302e-02 6.11059307e-04 3.58965393e-05 1.97587001e-05 1.44020075e-05 -3.32046926e-06
787              1.06262939e-02 6.25566942e-04 3.28444246e-05 1.06065317e-02 6.11188700e-04 3.61616563e-05 1.97622268e-05 1.43782418e-05 -3.31723176e-06
788              1.06299195e-02 6.25780803e-04 3.31134002e-05 1.06101535e-02 6.11427082e-04 3.64280174e-05 1.97659688e-05 1.43537208e-05 -3.31461717e-06
789              1.06341786e-02 6.26151673e-04 3.33839490e-05 1.06144086e-02 6.11823302e-04 3.66965196e-05 1.97699958e-05 1.43283717e-05 -3.31257057e-06
790              1.06392369e-02 6.26762095e-04 3.36068448e-05 1.06194625e-02 6.12459820e-04 3.69179347e-05 1.97744343e-05 1.43022750e-05 -3.31108993e-06
791              1.06452692e-02 6.27690151e-04 3.37068652e-05 1.06254897e-02 6.13414169e-04 3.70171605e-05 1.97794382e-05 1.42759819e-05 -3.31029524e-06
792              1.06522912e-02 6.28893915e-04 3.36402353e-05 1.06325061e-02 6.14643349e-04 3.69506367e-05 1.97850819e-05 1.42505658e-05 -3.31040134e-06
793              1.06598231e-02 6.30177847e-04 3.34236123e-05 1.06400317e-02 6.15950833e-04 3.67351975e-05 1.97913631e-05 1.42270146e-05 -3.31158522e-06
794              1.06674456e-02 6.31373360e-04 3.31068154e-05 1.06476474e-02 6.17167552e-04 3.64206640e-05 1.97982465e-05 1.42058088e-05 -3.31384856e-06
795              1.06745714e-02 6.32372412e-04 3.27377976e-05 1.06547657e-02 6.18185518e-04 3.60548133e-05 1.98056382e-05 1.41868937e-05 -3.31701566e-06
796              1.06806372e-02 6.33146473e-04 3.23668887e-05 1.06608237e-02 6.18976673e-04 3.56876537e-05 1.98134846e-05 1.41697997e-05 -3.32076498e-06
797              1.06851371e-02 6.33659507e-04 3.20450336e-05 1.06653156e-02 6.19505587e-04 3.53697729e-05 1.98215245e-05 1.41539207e-05 -3.32473937e-06
798              1.06880904e-02 6.33929538e-04 3.18074756e-05 1.06682610e-02 6.19790894e-04 3.51360325e-05 1.98294016e-05 1.41386437e-05 -3.32855692e-06
799              1.06894434e-02 6.33965822e-04 3.16541120e-05 1.06696066e-02 6.19842221e-04 3.49860366e-05 1.98368119e-05 1.41236012e-05 -3.33192462e-06
800              1.06894433e-02 6.33813608e-04 3.15693536e-05 1.06695998e-02 6.19704716e-04 3.49040232e-05 1.98435103e-05 1.41088913e-05 -3.33466962e-06
801              1.06889114e-02 6.33587438e-04 3.15311474e-05 1.06690619e-02 6.19492634e-04 3.48678999e-05 1.98495001e-05 1.40948037e-05 -3.33675248e-06
802              1.06881965e-02 6.33311158e-04 3.15308643e-05 1.06683415e-02 6.19229487e-04 3.48690968e-05 1.98549807e-05 1.40816707e-05 -3.33823251e-06
803              1.06875307e-02 6.32932637e-04 3.16046789e-05 1.06676705e-02 6.18863041e-04 3.49438321e-05 1.98601870e-05 1.40695957e-05 -3.33915319e-06
804              1.06868691e-02 6.32400651e-04 3.17805857e-05 1.06670038e-02 6.18342479e-04 3.51200542e-05 1.98652562e-05 1.40581725e-05 -3.33946852e-06
805              1.06857998e-02 6.31679912e-04 3.20502144e-05 1.06659297e-02 6.17633145e-04 3.53893041e-05 1.98701192e-05 1.40467666e-05 -3.33908965e-06
806              1.06835486e-02 6.30710410e-04 3.23763168e-05 1.06636743e-02 6.16675408e-04 3.57142700e-05 1.98743963e-05 1.40350022e-05 -3.33795324e-06
807              1.06793615e-02 6.29412454e-04 3.27147843e-05 1.06594840e-02 6.15389461e-04 3.60508428e-05 1.98774867e-05 1.40229938e-05 -3.33605857e-06
808              1.06733180e-02 6.27757904e-04 3.30551971e-05 1.06534391e-02 6.13746705e-04 3.63886414e-05 1.98789058e-05 1.40111990e-05 -3.33344430e-06
809              1.06662391e-02 6.25830571e-04 3.34036736e-05 1.06463604e-02 6.11830559e-04 3.67338360e-05 1.98786428e-05 1.40000120e-05 -3.33016236e-06
810              1.06591069e-02 6.23783308e-04 3.37744283e-05 1.06392297e-02 6.09793827e-04 3.71007058e-05 1.98772165e-05 1.39894818e-05 -3.32627751e-06
811              1.06527142e-02 6.21838257e-04 3.41583116e-05 1.06328388e-02 6.07859036e-04 3.74801781e-05 1.98754254e-05 1.39792217e-05 -3.32186652e-06
812              1.06475792e-02 6.20195748e-04 3.45393070e-05 1.06277052e-02 6.06227091e-04 3.78563820e-05 1.98739630e-05 1.39686567e-05 -3.31707496e-06
813              1.06437301e-02 6.18917827e-04 3.49140752e-05 1.06238569e-02 6.04960649e-04 3.82261338e-05 1.98731420e-05 1.39571789e-05 -3.31205863e-06
814              1.06416032e-02 6.18049568e-04 3.52896036e-05 1.06217302e-02 6.04105265e-04 3.85965715e-05 1.98730526e-05 1.39443031e-05 -3.30696797e-06
815              1.06414850e-02 6.17627910e-04 3.56293211e-05 1.06216113e-02 6.03697999e-04 3.89314065e-05 1.98737236e-05 1.39299115e-05 -3.30208535e-06
816              1.06428107e-02 6.17524998e-04 3.59255815e-05 1.06229356e-02 6.03610805e-04 3.92232277e-05 1.98751364e-05 1.39141929e-05 -3.29764621e-06
817              1.06448378e-02 6.17580374e-04 3.61946870e-05 1.06249607e-02 6.03682939e-04 3.94884880e-05 1.98771156e-05 1.38974354e-05 -3.29380108e-06
818              1.06474502e-02 6.17768205e-04 3.64408252e-05 1.06275707e-02 6.03888350e-04 3.97314467e-05 1.98794578e-05 1.38798548e-05 -3.29062153e-06
819              1.06505547e-02 6.18057166e-04 3.66871548e-05 1.06306726e-02 6.04195667e-04 3.99752509e-05 1.98821074e-05 1.38614994e-05 -3.28809612e-06
820              1.06542924e-02 6.18489328e-04 3.69345090e-05 1.06344073e-02 6.04647067e-04 4.02206645e-05 1.98851033e-05 1.38422605e-05 -3.28615544e-06
821              1.06588409e-02 6.19155512e-04 3.71397530e-05 1.06389523e-02 6.05333317e-04 4.04245441e-05 1.98885743e-05 1.38221953e-05 -3.28479109e-06
822              1.06643549e-02 6.20132139e-04 3.72326587e-05 1.06444623e-02 6.06330319e-04 4.05167759e-05 1.98926303e-05 1.38018200e-05 -3.28411715e-06
823              1.06709351e-02 6.21408682e-04 3.71626618e-05 1.06510377e-02 6.07626618e-04 4.04470048e-05 1.98973473e-05 1.37820641e-05 -3.28434300e-06
824              1.06782331e-02 6.22808878e-04 3.69399308e-05 1.06583303e-02 6.09044950e-04 4.02255908e-05 1.99027446e-05 1.37639275e-05 -3.28565995e-06
825              1.06858393e-02 6.24161120e-04 3.66062856e-05 1.06659305e-02 6.10413125e-04 3.98943860e-05 1.99088032e-05 1.37479957e-05 -3.28810039e-06
826              1.06930433e-02 6.25319292e-04 3.62166364e-05 1.06731278e-02 6.11585001e-04 3.95081363e-05 1.99154632e-05 1.37342906e-05 -3.29149994e-06
827              1.06992638e-02 6.26251415e-04 3.58118505e-05 1.06793412e-02 6.12528990e-04 3.91074173e-05 1.99225812e-05 1.37224243e-05 -3.29556680e-06
828              1.07040917e-02 6.26944591e-04 3.54381745e-05 1.06841618e-02 6.13232762e-04 3.87381150e-05 1.99299396e-05 1.37118291e-05 -3.29994051e-06
829              1.07074722e-02 6.27398123e-04 3.51430875e-05 1.06875350e-02 6.13696214e-04 3.84473430e-05 1.99372119e-05 1.37019095e-05 -3.30425549e-06
830              1.07092633e-02 6.27608381e-04 3.49352291e-05 1.06893192e-02 6.13916165e-04 3.82434342e-05 1.99440903e-05 1.36922157e-05 -3.30820508e-06
831              1.07095162e-02 6.27603580e-04 3.48000209e-05 1.06895660e-02 6.13920897e-04 3.81115701e-05 1.99502673e-05 1.36826831e-05 -3.31154919e-06
832              1.07090460e-02 6.27500282e-04 3.47110981e-05 1.06890904e-02 6.13826654e-04 3.80253243e-05 1.99556414e-05 1.36736277e-05 -3.31422617e-06
833              1.07083703e-02 6.27339781e-04 3.46584251e-05 1.06884099e-02 6.13674299e-04 3.79747240e-05 1.99603750e-05 1.36654826e-05 -3.31629889e-06
834              1.07076508e-02 6.27064053e-04 3.46737639e-05 1.06876860e-02 6.13405636e-04 3.79915768e-05 1.99647360e-05 1.36584170e-05 -3.31781290e-06
835              1.07068999e-02 6.26626072e-04 3.47903065e-05 1.06869309e-02 6.12973963e-04 3.81090362e-05 1.99689086e-05 1.36521092e-05 -3.31872970e-06
836              1.07057922e-02 6.25994501e-04 3.50027568e-05 1.06858194e-02 6.12348545e-04 3.83217076e-05 1.99728966e-05 1.36459555e-05 -3.31895082e-06
837              1.07036311e-02 6.25112439e-04 3.52788073e-05 1.06836547e-02 6.11472918e-04 3.85972149e-05 1.99764006e-05 1.36395205e-05 -3.31840760e-06
838              1.06995822e-02 6.23893055e-04 3.55754818e-05 1.06796034e-02 6.10260243e-04 3.88925686e-05 1.99788513e-05 1.36328124e-05 -3.31708685e-06
839              1.06935027e-02 6.22285432e-04 3.58790666e-05 1.06735230e-02 6.08659231e-04 3.91940759e-05 1.99797053e-05 1.36262007e-05 -3.31500934e-06
840              1.06862191e-02 6.20381353e-04 3.61889562e-05 1.06662402e-02 6.06761262e-04 3.95011799e-05 1.99788456e-05 1.36200909e-05 -3.31222366e-06
841              1.06787989e-02 6.18339539e-04 3.65199061e-05 1.06588222e-02 6.04724962e-04 3.98287053e-05 1.99767563e-05 1.36145774e-05 -3.30879922e-06
842              1.06720499e-02 6.16371015e-04 3.68658047e-05 1.06520757e-02 6.02761681e-04 4.01706220e-05 1.99742349e-05 1.36093339e-05 -3.30481735e-06
843              1.06664088e-02 6.14661652e-04 3.72169523e-05 1.06464368e-02 6.01057873e-04 4.05173569e-05 1.99719990e-05 1.36037786e-05 -3.30040459e-06
844              1.06620634e-02 6.13304701e-04 3.75664859e-05 1.06420930e-02 5.99707422e-04 4.08621983e-05 1.99704114e-05 1.35972784e-05 -3.29571242e-06
845              1.06592758e-02 6.12341979e-04 3.79138981e-05 1.06393062e-02 5.98752664e-04 4.12048223e-05 1.99695573e-05 1.35893150e-05 -3.29092417e-06
846              1.06583536e-02 6.11794442e-04 3.82402784e-05 1.06383841e-02 5.98214781e-04 4.15265223e-05 1.99694540e-05 1.35796619e-05 -3.28624396e-06
847              1.06589905e-02 6.11581633e-04 3.85287381e-05 1.06390204e-02 5.98013159e-04 4.18106706e-05 1.99700829e-05 1.35684739e-05 -3.28193243e-06
848              1.06604407e-02 6.11539891e-04 3.87910563e-05 1.06404694e-02 5.97983835e-04 4.20692195e-05 1.99712954e-05 1.35560559e-05 -3.27816312e-06
849              1.06625284e-02 6.11641564e-04 3.90315871e-05 1.06425555e-02 5.98098907e-04 4.23065941e-05 1.99729064e-05 1.35426562e-05 -3.27500699e-06
850              1.06651465e-02 6.11856913e-04 3.92685668e-05 1.06451717e-02 5.98328512e-04 4.25410637e-05 1.99748327e-05 1.35284013e-05 -3.27249693e-06
851              1.06684422e-02 6.12231392e-04 3.94994192e-05 1.06484651e-02 5.98718146e-04 4.27700022e-05 1.99771142e-05 1.35132458e-05 -3.27058301e-06
852              1.06725472e-02 6.12837372e-04 3.96915896e-05 1.06525674e-02 5.99340146e-04 4.29608427e-05 1.99798740e-05 1.34972269e-05 -3.26925304e-06
853              1.06776808e-02 6.13763957e-04 3.97750674e-05 1.06576976e-02 6.00283185e-04 4.30436686e-05 1.99832143e-05 1.34807716e-05 -3.26860123e-06
854              1.06839037e-02 6.14996622e-04 3.96996980e-05 1.06639165e-02 6.01531832e-04 4.29685386e-05 1.99871993e-05 1.34647901e-05 -3.26884057e-06
855              1.06909669e-02 6.16379147e-04 3.94718645e-05 1.06709751e-02 6.02928883e-04 4.27420265e-05 1.99918531e-05 1.34502642e-05 -3.27016205e-06
856              1.06984269e-02 6.17732284e-04 3.91288965e-05 1.06784298e-02 6.04294470e-04 4.24015105e-05 1.99971615e-05 1.34378142e-05 -3.27261401e-06
857              1.07056002e-02 6.18902198e-04 3.87254629e-05 1.06855971e-02 6.05474669e-04 4.20015171e-05 2.00030766e-05 1.34275290e-05 -3.27605428e-06
858              1.07119098e-02 6.19855036e-04 3.82991918e-05 1.06919004e-02 6.06435970e-04 4.15793917e-05 2.00094575e-05 1.34190659e-05 -3.28019990e-06
859              1.07167705e-02 6.20558903e-04 3.79027983e-05 1.06967544e-02 6.07147019e-04 4.11874781e-05 2.00160702e-05 1.34118847e-05 -3.28467981e-06
860              1.07202040e-02 6.21021941e-04 3.75833004e-05 1.07001813e-02 6.07616569e-04 4.08724259e-05 2.00226053e-05 1.34053726e-05 -3.28912543e-06
861              1.07222171e-02 6.21250578e-04 3.73515738e-05 1.07021883e-02 6.07851518e-04 4.06447998e-05 2.00287679e-05 1.33990599e-05 -3.29322597e-06
862              1.07227502e-02 6.21281405e-04 3.71845639e-05 1.07027159e-02 6.07888570e-04 4.04813034e-05 2.00342952e-05 1.33928351e-05 -3.29673954e-06
863              1.07223842e-02 6.21212724e-04 3.70577767e-05 1.07023452e-02 6.07825688e-04 4.03573669e-05 2.00390460e-05 1.33870359e-05 -3.29959025e-06
864              1.07217278e-02 6.21091139e-04 3.69612880e-05 1.07016847e-02 6.07709007e-04 4.02631316e-05 2.00430986e-05 1.33821316e-05 -3.30184359e-06
865              1.07209415e-02 6.20851508e-04 3.69287770e-05 1.07008948e-02 6.07473156e-04 4.02323129e-05 2.00466807e-05 1.33783523e-05 -3.30353584e-06
866              1.07201229e-02 6.20427497e-04 3.70061295e-05 1.07000729e-02 6.07052097e-04 4.03107511e-05 2.00499943e-05 1.33753999e-05 -3.30462169e-06
867              1.07190250e-02 6.19805206e-04 3.71863281e-05 1.06989719e-02 6.06432578e-04 4.04913207e-05 2.00530953e-05 1.33726280e-05 -3.30499267e-06
868              1.07169577e-02 6.18938003e-04 3.74316924e-05 1.06969020e-02 6.05568433e-04 4.07362684e-05 2.00557347e-05 1.33695700e-05 -3.30457599e-06
869              1.07130579e-02 6.17737632e-04 3.76997450e-05 1.06930006e-02 6.04371425e-04 4.10030995e-05 2.00573565e-05 1.33662072e-05 -3.30335445e-06
870              1.07070387e-02 6.16136696e-04 3.79749883e-05 1.06869813e-02 6.02773802e-04 4.12763325e-05 2.00573717e-05 1.33628939e-05 -3.30134418e-06
871              1.06996534e-02 6.14211220e-04 3.82572855e-05 1.06795978e-02 6.00851178e-04 4.15558724e-05 2.00556038e-05 1.33600417e-05 -3.29858695e-06
872              1.06920455e-02 6.12123138e-04 3.85624994e-05 1.06719930e-02 5.98765352e-04 4.18576542e-05 2.00524868e-05 1.33577860e-05 -3.29515477e-06
873              1.06850413e-02 6.10089457e-04 3.88828541e-05 1.06649925e-02 5.96733644e-04 4.21739809e-05 2.00488337e-05 1.33558130e-05 -3.29112680e-06
874              1.06791172e-02 6.08299656e-04 3.92115556e-05 1.06590718e-02 5.94946107e-04 4.24981864e-05 2.00454074e-05 1.33535493e-05 -3.28663077e-06
875              1.06744123e-02 6.06855433e-04 3.95352591e-05 1.06543697e-02 5.93505069e-04 4.28170980e-05 2.00426110e-05 1.33503639e-05 -3.28183886e-06
876              1.06711534e-02 6.05778268e-04 3.98703358e-05 1.06511128e-02 5.92432600e-04 4.31472105e-05 2.00405272e-05 1.33456684e-05 -3.27687468e-06
877              1.06696453e-02 6.05114132e-04 4.01875245e-05 1.06496061e-02 5.91774928e-04 4.34594975e-05 2.00391463e-05 1.33392041e-05 -3.27197290e-06
878              1.06697314e-02 6.04787988e-04 4.04745706e-05 1.06496929e-02 5.91456909e-04 4.37419333e-05 2.00384534e-05 1.33310787e-05 -3.26736268e-06
879              1.06707473e-02 6.04653455e-04 4.07324082e-05 1.06507089e-02 5.91331831e-04 4.39956744e-05 2.00383565e-05 1.33216247e-05 -3.26326624e-06
880              1.06724093e-02 6.04665230e-04 4.09643635e-05 1.06523706e-02 5.91354116e-04 4.42241267e-05 2.00386959e-05 1.33111142e-05 -3.25976320e-06
881              1.06746185e-02 6.04791753e-04 4.11949739e-05 1.06545791e-02 5.91492080e-04 4.44518467e-05 2.00393834e-05 1.32996737e-05 -3.25687279e-06
882              1.06775599e-02 6.05089902e-04 4.14212330e-05 1.06575194e-02 5.91802649e-04 4.46757957e-05 2.00404596e-05 1.32872529e-05 -3.25456270e-06
883              1.06813308e-02 6.05618341e-04 4.16138862e-05 1.06612888e-02 5.92344462e-04 4.48667157e-05 2.00420395e-05 1.32738786e-05 -3.25282952e-06
884              1.06861570e-02 6.06471343e-04 4.16993206e-05 1.06661127e-02 5.93211370e-04 4.49510934e-05 2.00442122e-05 1.32599734e-05 -3.25177277e-06
885              1.06921110e-02 6.07647954e-04 4.16202261e-05 1.06720639e-02 5.94401501e-04 4.48718358e-05 2.00470350e-05 1.32464528e-05 -3.25160968e-06
886              1.06989923e-02 6.08994671e-04 4.13844532e-05 1.06789417e-02 5.95760327e-04 4.46370035e-05 2.00505357e-05 1.32343436e-05 -3.25255028e-06
887              1.07063347e-02 6.10318698e-04 4.10333696e-05 1.06862800e-02 5.97094415e-04 4.42880239e-05 2.00547084e-05 1.32242830e-05 -3.25465425e-06
888              1.07134081e-02 6.11451650e-04 4.06290280e-05 1.06933486e-02 5.98235317e-04 4.38867955e-05 2.00595035e-05 1.32163331e-05 -3.25776754e-06
889              1.07196845e-02 6.12376348e-04 4.01999877e-05 1.06996197e-02 5.99166207e-04 4.34615913e-05 2.00647877e-05 1.32101402e-05 -3.26160360e-06
890              1.07246211e-02 6.13072520e-04 3.97928738e-05 1.07045508e-02 5.99867373e-04 4.30586724e-05 2.00703234e-05 1.32051463e-05 -3.26579861e-06
891              1.07281612e-02 6.13535733e-04 3.94569768e-05 1.07080854e-02 6.00334974e-04 4.27269717e-05 2.00758129e-05 1.32007593e-05 -3.26999486e-06
892              1.07302726e-02 6.13757974e-04 3.92167781e-05 1.07101916e-02 6.00561480e-04 4.24906318e-05 2.00809723e-05 1.31964941e-05 -3.27385376e-06
893              1.07309907e-02 6.13792568e-04 3.90346313e-05 1.07109052e-02 6.00600320e-04 4.23118016e-05 2.00855275e-05 1.31922480e-05 -3.27717023e-06
894              1.07308018e-02 6.13733546e-04 3.88838222e-05 1.07107124e-02 6.00545132e-04 4.21636759e-05 2.00893331e-05 1.31884137e-05 -3.27985367e-06
895              1.07302148e-02 6.13615969e-04 3.87629986e-05 1.07101223e-02 6.00430444e-04 4.20449557e-05 2.00924510e-05 1.31855255e-05 -3.28195712e-06
896              1.07294580e-02 6.13375816e-04 3.87058809e-05 1.07093629e-02 6.00191983e-04 4.19894122e-05 2.00950823e-05 1.31838328e-05 -3.28353125e-06
897              1.07286590e-02 6.12952332e-04 3.87524645e-05 1.07085616e-02 5.99769280e-04 4.20369926e-05 2.00974402e-05 1.31830511e-05 -3.28452813e-06
898              1.07275757e-02 6.12315459e-04 3.89072972e-05 1.07074761e-02 5.99132929e-04 4.21921238e-05 2.00995972e-05 1.31825301e-05 -3.28482657e-06
899              1.07255688e-02 6.11436730e-04 3.91335177e-05 1.07054674e-02 5.98254992e-04 4.24178504e-05 2.01013199e-05 1.31817379e-05 -3.28433269e-06
900              1.07217674e-02 6.10227978e-04 3.93881363e-05 1.07016654e-02 5.97047368e-04 4.26711587e-05 2.01020654e-05 1.31806099e-05 -3.28302246e-06
901              1.07158244e-02 6.08615865e-04 3.96498355e-05 1.06957232e-02 5.95436372e-04 4.29307480e-05 2.01012390e-05 1.31794924e-05 -3.28091253e-06
902              1.07084547e-02 6.06670278e-04 3.99168261e-05 1.06883561e-02 5.93491455e-04 4.31948739e-05 2.00986398e-05 1.31788228e-05 -3.27804778e-06
903              1.07007830e-02 6.04551583e-04 4.02042977e-05 1.06806883e-02 5.91372824e-04 4.34787924e-05 2.00946895e-05 1.31787586e-05 -3.27449466e-06
904              1.06936523e-02 6.02473974e-04 4.05079327e-05 1.06735621e-02 5.89294954e-04 4.37782701e-05 2.00902061e-05 1.31790200e-05 -3.27033739e-06
905              1.06877087e-02 6.00663956e-04 4.08106141e-05 1.06676227e-02 5.87484867e-04 4.40763577e-05 2.00859889e-05 1.31790886e-05 -3.26574355e-06
906              1.06828007e-02 5.99151548e-04 4.11240655e-05 1.06627183e-02 5.85973299e-04 4.43848867e-05 2.00824499e-05 1.31782486e-05 -3.26082120e-06
907              1.06792976e-02 5.97999081e-04 4.14498148e-05 1.06592179e-02 5.84823181e-04 4.47055425e-05 2.00796418e-05 1.31759000e-05 -3.25572767e-06
908              1.06774691e-02 5.97243171e-04 4.17650502e-05 1.06573916e-02 5.84071462e-04 4.50156990e-05 2.00775255e-05 1.31717093e-05 -3.25064881e-06
909              1.06772142e-02 5.96838047e-04 4.20470350e-05 1.06571381e-02 5.83672236e-04 4.52928908e-05 2.00760724e-05 1.31658105e-05 -3.24585576e-06
910              1.06779170e-02 5.96623077e-04 4.23051850e-05 1.06578418e-02 5.83464558e-04 4.55467267e-05 2.00752029e-05 1.31585187e-05 -3.24154174e-06
911              1.06792828e-02 5.96550065e-04 4.25429290e-05 1.06592080e-02 5.83399971e-04 4.57807313e-05 2.00747986e-05 1.31500946e-05 -3.23780233e-06
912              1.06812019e-02 5.96594079e-04 4.27787273e-05 1.06611271e-02 5.83453412e-04 4.60133991e-05 2.00747843e-05 1.31406667e-05 -3.23467182e-06
913              1.06838883e-02 5.96823510e-04 4.30058861e-05 1.06638131e-02 5.83693320e-04 4.62380036e-05 2.00752161e-05 1.31301894e-05 -3.23211744e-06
914              1.06874367e-02 5.97293697e-04 4.31976880e-05 1.06673606e-02 5.84174949e-04 4.64278398e-05 2.00761877e-05 1.31187484e-05 -3.23015180e-06
915              1.06920688e-02 5.98094647e-04 4.32828818e-05 1.06719910e-02 5.84987905e-04 4.65117576e-05 2.00777853e-05 1.31067425e-05 -3.22887586e-06
916              1.06978744e-02 5.99231891e-04 4.32015535e-05 1.06777943e-02 5.86136826e-04 4.64300617e-05 2.00800653e-05 1.30950657e-05 -3.22850824e-06
917              1.07046052e-02 6.00546441e-04 4.29634295e-05 1.06845221e-02 5.87461696e-04 4.61926917e-05 2.00830516e-05 1.30847445e-05 -3.22926221e-06
918              1.07117878e-02 6.01839095e-04 4.26116009e-05 1.06917011e-02 5.88762688e-04 4.58427959e-05 2.00867332e-05 1.30764071e-05 -3.23119507e-06
919              1.07187705e-02 6.02938890e-04 4.22079673e-05 1.06986795e-02 5.89868798e-04 4.54421259e-05 2.00910607e-05 1.30700922e-05 -3.23415859e-06
920              1.07249379e-02 6.03823048e-04 4.17854047e-05 1.07048419e-02 5.90757659e-04 4.50232423e-05 2.00959086e-05 1.30653886e-05 -3.23783766e-06
921              1.07299269e-02 6.04497529e-04 4.13757614e-05 1.07098258e-02 5.91435771e-04 4.46176626e-05 2.01010502e-05 1.30617574e-05 -3.24190116e-06
922              1.07335950e-02 6.04954238e-04 4.10321188e-05 1.07134888e-02 5.91895563e-04 4.42781085e-05 2.01062079e-05 1.30586750e-05 -3.24598975e-06
923              1.07357828e-02 6.05172458e-04 4.07838339e-05 1.07156717e-02 5.92116780e-04 4.40336073e-05 2.01110671e-05 1.30556775e-05 -3.24977346e-06
924              1.07366162e-02 6.05210625e-04 4.05980893e-05 1.07165009e-02 5.92157974e-04 4.38511160e-05 2.01153491e-05 1.30526509e-05 -3.25302672e-06
925              1.07365480e-02 6.05164958e-04 4.04403936e-05 1.07164291e-02 5.92114968e-04 4.36960682e-05 2.01188850e-05 1.30499893e-05 -3.25567461e-06
926              1.07360452e-02 6.05065406e-04 4.03063719e-05 1.07159234e-02 5.92017135e-04 4.35641452e-05 2.01217329e-05 1.30482714e-05 -3.25777332e-06
927              1.07353733e-02 6.04846214e-04 4.02318701e-05 1.07152492e-02 5.91798424e-04 4.34912419e-05 2.01240960e-05 1.30477901e-05 -3.25937183e-06
928              1.07346534e-02 6.04448758e-04 4.02582858e-05 1.07145272e-02 5.91400483e-04 4.35187021e-05 2.01262043e-05 1.30482751e-05 -3.26041633e-06
929              1.07336187e-02 6.03832977e-04 4.03945327e-05 1.07134906e-02 5.90783904e-04 4.36553185e-05 2.01281280e-05 1.30490730e-05 -3.26078582e-06
930              1.07316564e-02 6.02970187e-04 4.06049589e-05 1.07115268e-02 5.89920551e-04 4.38653325e-05 2.01296389e-05 1.30496356e-05 -3.26037364e-06
931              1.07279188e-02 6.01774565e-04 4.08469985e-05 1.07077886e-02 5.88724692e-04 4.41061455e-05 2.01301874e-05 1.30498735e-05 -3.25914697e-06
932              1.07220878e-02 6.00180521e-04 4.10981996e-05 1.07019586e-02 5.87130403e-04 4.43553226e-05 2.01291767e-05 1.30501178e-05 -3.25712300e-06
933              1.07147968e-02 5.98250865e-04 4.13535852e-05 1.06946704e-02 5.85200074e-04 4.46079272e-05 2.01263927e-05 1.30507911e-05 -3.25434209e-06
934              1.07071329e-02 5.96140516e-04 4.16290319e-05 1.06870107e-02 5.83088451e-04 4.48799017e-05 2.01222274e-05 1.30520651e-05 -3.25086976e-06
935              1.07000451e-02 5.94086344e-04 4.19155277e-05 1.06799276e-02 5.81032648e-04 4.51623371e-05 2.01174882e-05 1.30536955e-05 -3.24680939e-06
936              1.06940969e-02 5.92291497e-04 4.22041570e-05 1.06739839e-02 5.79236366e-04 4.54464576e-05 2.01129822e-05 1.30551314e-05 -3.24230063e-06
937              1.06891369e-02 5.90786130e-04 4.25062577e-05 1.06690278e-02 5.77730452e-04 4.57437331e-05 2.01091271e-05 1.30556784e-05 -3.23747544e-06
938              1.06855241e-02 5.89633545e-04 4.28238508e-05 1.06654181e-02 5.76578833e-04 4.60563265e-05 2.01059755e-05 1.30547115e-05 -3.23247574e-06
939              1.06836285e-02 5.88897425e-04 4.31246048e-05 1.06635250e-02 5.75845505e-04 4.63521150e-05 2.01035036e-05 1.30519206e-05 -3.22751020e-06
940              1.06831921e-02 5.88487330e-04 4.34041049e-05 1.06630904e-02 5.75439963e-04 4.66268979e-05 2.01016866e-05 1.30473669e-05 -3.22279301e-06
941              1.06836232e-02 5.88249931e-04 4.36693446e-05 1.06635228e-02 5.75208614e-04 4.68878588e-05 2.01004222e-05 1.30413172e-05 -3.21851421e-06
942              1.06847622e-02 5.88165809e-04 4.39121676e-05 1.06646626e-02 5.75131760e-04 4.71269613e-05 2.00995866e-05 1.30340491e-05 -3.21479374e-06
943              1.06864802e-02 5.88218164e-04 4.41452272e-05 1.06663810e-02 5.75192449e-04 4.73568959e-05 2.00991405e-05 1.30257150e-05 -3.21166877e-06
944              1.06890188e-02 5.88459217e-04 4.43695448e-05 1.06689196e-02 5.75442917e-04 4.75786503e-05 2.00991607e-05 1.30162998e-05 -3.20910553e-06
945              1.06924612e-02 5.88948387e-04 4.45578317e-05 1.06723614e-02 5.75942517e-04 4.77649641e-05 2.00997750e-05 1.30058702e-05 -3.20713242e-06
946              1.06970078e-02 5.89778204e-04 4.46374189e-05 1.06769067e-02 5.76783363e-04 4.78432786e-05 2.01010747e-05 1.29948414e-05 -3.20585969e-06
947              1.07027566e-02 5.90958712e-04 4.45466166e-05 1.06826535e-02 5.77974592e-04 4.77521296e-05 2.01031085e-05 1.29841207e-05 -3.20551307e-06
948              1.07093984e-02 5.92316168e-04 4.42987468e-05 1.06892925e-02 5.79341422e-04 4.75050587e-05 2.01058833e-05 1.29747459e-05 -3.20631188e-06
949              1.07164617e-02 5.93640205e-04 4.39402088e-05 1.06963524e-02 5.80672872e-04 4.71485154e-05 2.01093635e-05 1.29673326e-05 -3.20830664e-06
950              1.07232327e-02 5.94755107e-04 4.35381444e-05 1.07031192e-02 5.81793200e-04 4.67494682e-05 2.01134640e-05 1.29619071e-05 -3.21132378e-06
951              1.07293468e-02 5.95663094e-04 4.31134759e-05 1.07092287e-02 5.82705076e-04 4.63285449e-05 2.01180823e-05 1.29580181e-05 -3.21506899e-06
952              1.07343509e-02 5.96370649e-04 4.27010870e-05 1.07142278e-02 5.83415494e-04 4.59202812e-05 2.01230348e-05 1.29551553e-05 -3.21919421e-06
953              1.07380602e-02 5.96873904e-04 4.23543020e-05 1.07179322e-02 5.83921098e-04 4.55776531e-05 2.01280529e-05 1.29528063e-05 -3.22335107e-06
954              1.07402769e-02 5.97148663e-04 4.21011893e-05 1.07201441e-02 5.84198141e-04 4.53284060e-05 2.01328045e-05 1.29505218e-05 -3.22721676e-06
955              1.07410548e-02 5.97233154e-04 4.19178333e-05 1.07209178e-02 5.84284957e-04 4.51483885e-05 2.01369650e-05 1.29481971e-05 -3.23055521e-06
956              1.07410757e-02 5.97250095e-04 4.17517677e-05 1.07209353e-02 5.84303862e-04 4.49850908e-05 2.01403810e-05 1.29462324e-05 -3.23332316e-06
957              1.07407143e-02 5.97218148e-04 4.16009161e-05 1.07205712e-02 5.84272893e-04 4.48364855e-05 2.01431402e-05 1.29452559e-05 -3.23556936e-06
958              1.07402017e-02 5.97073113e-04 4.15066584e-05 1.07200562e-02 5.84127530e-04 4.47439977e-05 2.01454613e-05 1.29455830e-05 -3.23733927e-06
959              1.07395723e-02 5.96746139e-04 4.15176239e-05 1.07194248e-02 5.83799206e-04 4.47562025e-05 2.01475453e-05 1.29469332e-05 -3.23857861e-06
960              1.07385400e-02 5.96193383e-04 4.16408461e-05 1.07183905e-02 5.83244758e-04 4.48800038e-05 2.01494266e-05 1.29486246e-05 -3.23915773e-06
961              1.07365439e-02 5.95383540e-04 4.18396324e-05 1.07163931e-02 5.82433442e-04 4.50785904e-05 2.01508476e-05 1.29500979e-05 -3.23895801e-06
962              1.07328633e-02 5.94252482e-04 4.20655207e-05 1.07127120e-02 5.81301205e-04 4.53034679e-05 2.01512841e-05 1.29512769e-05 -3.23794712e-06
963              1.07271503e-02 5.92723525e-04 4.23003391e-05 1.07070002e-02 5.79771013e-04 4.55364887e-05 2.01501592e-05 1.29525125e-05 -3.23614958e-06
964              1.07199244e-02 5.90846553e-04 4.25408671e-05 1.06997772e-02 5.77892341e-04 4.57744680e-05 2.01472540e-05 1.29542117e-05 -3.23360092e-06
965              1.07122798e-02 5.88788663e-04 4.28023435e-05 1.06921368e-02 5.75832143e-04 4.60326966e-05 2.01429586e-05 1.29565192e-05 -3.23035308e-06
966              1.07052587e-02 5.86805826e-04 4.30715797e-05 1.06851207e-02 5.73846633e-04 4.62980975e-05 2.01380826e-05 1.29591933e-05 -3.22651781e-06
967              1.06994130e-02 5.85096436e-04 4.33402116e-05 1.06792796e-02 5.72134748e-04 4.65624527e-05 2.01334478e-05 1.29616873e-05 -3.22224106e-06
968              1.06945214e-02 5.83668941e-04 4.36258901e-05 1.06743919e-02 5.70705634e-04 4.68435483e-05 2.01294703e-05 1.29633069e-05 -3.21765820e-06
969              1.06909029e-02 5.82580577e-04 4.39305453e-05 1.06707767e-02 5.69617179e-04 4.71434452e-05 2.01261846e-05 1.29633978e-05 -3.21289984e-06
970              1.06889011e-02 5.81889579e-04 4.42241198e-05 1.06687776e-02 5.68927957e-04 4.74322776e-05 2.01235455e-05 1.29616222e-05 -3.20815776e-06
971              1.06883457e-02 5.81531270e-04 4.44912610e-05 1.06682241e-02 5.68573203e-04 4.76949300e-05 2.01215229e-05 1.29580669e-05 -3.20366902e-06
972              1.06886409e-02 5.81350271e-04 4.47415462e-05 1.06685209e-02 5.68397272e-04 4.79411492e-05 2.01200294e-05 1.29529998e-05 -3.19960304e-06
973              1.06895913e-02 5.81292195e-04 4.49837735e-05 1.06694724e-02 5.68345526e-04 4.81798266e-05 2.01189558e-05 1.29466694e-05 -3.19605318e-06
974              1.06911043e-02 5.81356792e-04 4.52236822e-05 1.06709860e-02 5.68417593e-04 4.84167533e-05 2.01182675e-05 1.29391991e-05 -3.19307112e-06
975              1.06934755e-02 5.81632742e-04 4.54454165e-05 1.06733574e-02 5.68702149e-04 4.86360533e-05 2.01180482e-05 1.29305926e-05 -3.19063683e-06
976              1.06968125e-02 5.82179365e-04 4.56210644e-05 1.06766941e-02 5.69258388e-04 4.88098524e-05 2.01184410e-05 1.29209769e-05 -3.18878806e-06
977              1.07013277e-02 5.83075745e-04 4.56849376e-05 1.06812081e-02 5.70164940e-04 4.88725899e-05 2.01195545e-05 1.29108054e-05 -3.18765238e-06
978              1.07069832e-02 5.84311282e-04 4.55799262e-05 1.06868618e-02 5.71410289e-04 4.87673895e-05 2.01214184e-05 1.29009935e-05 -3.18746324e-06
979              1.07134987e-02 5.85712768e-04 4.53202485e-05 1.06933747e-02 5.72820231e-04 4.85086748e-05 2.01240206e-05 1.28925363e-05 -3.18842622e-06
980              1.07204196e-02 5.87071458e-04 4.49557333e-05 1.07002923e-02 5.74185447e-04 4.81463148e-05 2.01273236e-05 1.28860109e-05 -3.19058152e-06
981              1.07270339e-02 5.88217451e-04 4.45508154e-05 1.07069027e-02 5.75336051e-04 4.77445623e-05 2.01312504e-05 1.28813999e-05 -3.19374691e-06
982              1.07330551e-02 5.89169692e-04 4.41236956e-05 1.07129194e-02 5.76291432e-04 4.73213199e-05 2.01357051e-05 1.28782594e-05 -3.19762430e-06
983              1.07380068e-02 5.89925429e-04 4.37101834e-05 1.07178663e-02 5.77049334e-04 4.69120617e-05 2.01405045e-05 1.28760946e-05 -3.20187833e-06
984              1.07416910e-02 5.90478577e-04 4.33622817e-05 1.07215456e-02 5.77604172e-04 4.65684465e-05 2.01453803e-05 1.28744041e-05 -3.20616484e-06
985              1.07438675e-02 5.90804356e-04 4.31050433e-05 1.07237175e-02 5.77931601e-04 4.63152065e-05 2.01499953e-05 1.28727549e-05 -3.21016317e-06
986              1.07446425e-02 5.90946496e-04 4.29134300e-05 1.07244884e-02 5.78075429e-04 4.61270759e-05 2.01540217e-05 1.28710668e-05 -3.21364596e-06
987              1.07446902e-02 5.91026437e-04 4.27432219e-05 1.07245329e-02 5.78156696e-04 4.59597678e-05 2.01573247e-05 1.28697410e-05 -3.21654586e-06
988              1.07444238e-02 5.91072771e-04 4.25793274e-05 1.07242638e-02 5.78203357e-04 4.57982853e-05 2.01600045e-05 1.28694143e-05 -3.21895800e-06
989              1.07440015e-02 5.91003663e-04 4.24732738e-05 1.07238392e-02 5.78133259e-04 4.56941770e-05 2.01622759e-05 1.28704044e-05 -3.22090321e-06
990              1.07434376e-02 5.90753772e-04 4.24670720e-05 1.07232732e-02 5.77881335e-04 4.56894161e-05 2.01643213e-05 1.28724377e-05 -3.22234408e-06
991              1.07424384e-02 5.90274024e-04 4.25745925e-05 1.07222722e-02 5.77399193e-04 4.57977225e-05 2.01661530e-05 1.28748312e-05 -3.22312998e-06
992              1.07404241e-02 5.89536881e-04 4.27559311e-05 1.07202566e-02 5.76659860e-04 4.59790751e-05 2.01675023e-05 1.28770213e-05 -3.22314398e-06
993              1.07367143e-02 5.88467808e-04 4.29669175e-05 1.07165465e-02 5.75588864e-04 4.61892651e-05 2.01678278e-05 1.28789440e-05 -3.22234760e-06
994              1.07310169e-02 5.86996570e-04 4.31900207e-05 1.07108503e-02 5.74115633e-04 4.64107809e-05 2.01665903e-05 1.28809378e-05 -3.22076018e-06
995              1.07238613e-02 5.85183930e-04 4.34182892e-05 1.07036977e-02 5.72300526e-04 4.66367081e-05 2.01636017e-05 1.28834038e-05 -3.21841894e-06
996              1.07163568e-02 5.83207908e-04 4.36625333e-05 1.06961975e-02 5.70321396e-04 4.68779289e-05 2.01592690e-05 1.28865119e-05 -3.21539561e-06
997              1.07094847e-02 5.81319507e-04 4.39091319e-05 1.06893303e-02 5.68429491e-04 4.71209300e-05 2.01543973e-05 1.28900156e-05 -3.21179803e-06
998              1.07037166e-02 5.79697958e-04 4.41578264e-05 1.06835668e-02 5.66804586e-04 4.73655907e-05 2.01497787e-05 1.28933722e-05 -3.20776423e-06
999              1.06988726e-02 5.78349840e-04 4.44287427e-05 1.06787268e-02 5.65453961e-04 4.76321804e-05 2.01458005e-05 1.28958795e-05 -3.20343764e-06
1000             1.06952823e-02 5.77339144e-04 4.47195048e-05 1.06751398e-02 5.64442284e-04 4.79184443e-05 2.01424858e-05 1.28968598e-05 -3.19893948e-06
1001             1.06932386e-02 5.76714425e-04 4.50015039e-05 1.06730988e-02 5.63818455e-04 4.81959572e-05 2.01397843e-05 1.28959706e-05 -3.19445333e-06
1002             1.06925700e-02 5.76400847e-04 4.52628923e-05 1.06724323e-02 5.63507559e-04 4.84530951e-05 2.01376602e-05 1.28932881e-05 -3.19020279e-06
1003             1.06926829e-02 5.76259555e-04 4.55063148e-05 1.06725469e-02 5.63370475e-04 4.86926750e-05 2.01360179e-05 1.28890803e-05 -3.18636015e-06
1004             1.06934923e-02 5.76262831e-04 4.57319369e-05 1.06733575e-02 5.63379191e-04 4.89149792e-05 2.01347617e-05 1.28836402e-05 -3.18304233e-06
1005             1.06948272e-02 5.76360592e-04 4.59679927e-05 1.06746933e-02 5.63483532e-04 4.91482509e-05 2.01338747e-05 1.28770600e-05 -3.18025816e-06
1006             1.06970255e-02 5.76663563e-04 4.61906728e-05 1.06768921e-02 5.63794265e-04 4.93686688e-05 2.01334511e-05 1.28692981e-05 -3.17799599e-06
1007             1.07002600e-02 5.77257926e-04 4.63608058e-05 1.06801263e-02 5.64397445e-04 4.95371069e-05 2.01336456e-05 1.28604810e-05 -3.17630110e-06
1008             1.07046501e-02 5.78211102e-04 4.64104185e-05 1.06845156e-02 5.65359984e-04 4.95857405e-05 2.01345628e-05 1.28511179e-05 -3.17532205e-06
1009             1.07102536e-02 5.79519999e-04 4.62839627e-05 1.06901174e-02 5.66677840e-04 4.94592632e-05 2.01362496e-05 1.28421587e-05 -3.17530054e-06
1010             1.07167228e-02 5.80988491e-04 4.60040661e-05 1.06965841e-02 5.68153878e-04 4.91805181e-05 2.01386850e-05 1.28346128e-05 -3.17645201e-06
1011             1.07234588e-02 5.82384187e-04 4.56307233e-05 1.07033170e-02 5.69555178e-04 4.88095143e-05 2.01418030e-05 1.28290097e-05 -3.17879103e-06
1012             1.07299193e-02 5.83558084e-04 4.52213503e-05 1.07097737e-02 5.70732831e-04 4.84034834e-05 2.01455127e-05 1.28252524e-05 -3.18213305e-06
1013             1.07357851e-02 5.84534142e-04 4.47934161e-05 1.07156354e-02 5.71711260e-04 4.79795755e-05 2.01497291e-05 1.28228818e-05 -3.18615939e-06
1014             1.07406052e-02 5.85319826e-04 4.43818801e-05 1.07204509e-02 5.72498427e-04 4.75724132e-05 2.01542821e-05 1.28213992e-05 -3.19053310e-06
1015             1.07442087e-02 5.85916341e-04 4.40362121e-05 1.07240498e-02 5.73096030e-04 4.72311275e-05 2.01589132e-05 1.28203108e-05 -3.19491543e-06
1016             1.07463045e-02 5.86291588e-04 4.37782916e-05 1.07261412e-02 5.73472373e-04 4.69772902e-05 2.01632887e-05 1.28192146e-05 -3.19899865e-06
1017             1.07470752e-02 5.86492691e-04 4.35815059e-05 1.07269081e-02 5.73674611e-04 4.67840775e-05 2.01670884e-05 1.28180797e-05 -3.20257157e-06
1018             1.07471592e-02 5.86636382e-04 4.34022351e-05 1.07269890e-02 5.73819048e-04 4.66078144e-05 2.01701884e-05 1.28173337e-05 -3.20557928e-06
1019             1.07469656e-02 5.86748747e-04 4.32276534e-05 1.07267929e-02 5.73931130e-04 4.64357641e-05 2.01727057e-05 1.28176172e-05 -3.20811071e-06
1020             1.07466185e-02 5.86742116e-04 4.31128098e-05 1.07264437e-02 5.73922896e-04 4.63229998e-05 2.01748553e-05 1.28192198e-05 -3.21019006e-06
1021             1.07460986e-02 5.86548598e-04 4.31024417e-05 1.07259218e-02 5.73726775e-04 4.63142021e-05 2.01768038e-05 1.28218228e-05 -3.21176046e-06
1022             1.07450840e-02 5.86122686e-04 4.31999327e-05 1.07249055e-02 5.73297928e-04 4.64126180e-05 2.01785365e-05 1.28247576e-05 -3.21268531e-06
1023             1.07430105e-02 5.85429575e-04 4.33689490e-05 1.07228307e-02 5.72602067e-04 4.65817897e-05 2.01797551e-05 1.28275085e-05 -3.21284064e-06
1024             1.07392555e-02 5.84399135e-04 4.35671588e-05 1.07190756e-02 5.71569099e-04 4.67793452e-05 2.01799224e-05 1.28300359e-05 -3.21218637e-06
1025             1.07335750e-02 5.82967549e-04 4.37793930e-05 1.07133965e-02 5.70134868e-04 4.69901361e-05 2.01785281e-05 1.28326814e-05 -3.21074303e-06
1026             1.07265687e-02 5.81222048e-04 4.39952354e-05 1.07063933e-02 5.68386219e-04 4.72037869e-05 2.01754410e-05 1.28358291e-05 -3.20855146e-06
1027             1.07192472e-02 5.79327369e-04 4.42258074e-05 1.06990761e-02 5.66487739e-04 4.74315056e-05 2.01710901e-05 1.28396302e-05 -3.20569818e-06
1028             1.07125407e-02 5.77531045e-04 4.44560660e-05 1.06923744e-02 5.64687229e-04 4.76583532e-05 2.01662602e-05 1.28438161e-05 -3.20228724e-06
1029             1.07068950e-02 5.76001221e-04 4.46881808e-05 1.06867333e-02 5.63153370e-04 4.78866373e-05 2.01616977e-05 1.28478512e-05 -3.19845653e-06
1030             1.07020933e-02 5.74731156e-04 4.49463324e-05 1.06819355e-02 5.61880122e-04 4.81406767e-05 2.01577385e-05 1.28510338e-05 -3.19434430e-06
1031             1.06985219e-02 5.73794874e-04 4.52252840e-05 1.06783675e-02 5.60942188e-04 4.84153440e-05 2.01543974e-05 1.28526856e-05 -3.19005998e-06
1032             1.06964709e-02 5.73236662e-04 4.54974895e-05 1.06763193e-02 5.60384186e-04 4.86832758e-05 2.01516335e-05 1.28524756e-05 -3.18578633e-06
1033             1.06956975e-02 5.72967736e-04 4.57541050e-05 1.06755480e-02 5.60117263e-04 4.89358461e-05 2.01494091e-05 1.28504738e-05 -3.18174115e-06
1034             1.06957213e-02 5.72876687e-04 4.59865435e-05 1.06755737e-02 5.60029724e-04 4.91646529e-05 2.01476348e-05 1.28469628e-05 -3.17810933e-06
1035             1.06964240e-02 5.72914098e-04 4.62106696e-05 1.06762777e-02 5.60071895e-04 4.93856330e-05 2.01462337e-05 1.28422025e-05 -3.17496344e-06
1036             1.06976359e-02 5.73047861e-04 4.64448246e-05 1.06774907e-02 5.60211584e-04 4.96171696e-05 2.01451999e-05 1.28362769e-05 -3.17234496e-06
1037             1.06996978e-02 5.73380569e-04 4.66691199e-05 1.06795532e-02 5.60551449e-04 4.98393278e-05 2.01446191e-05 1.28291201e-05 -3.17020795e-06
1038             1.07028515e-02 5.74020217e-04 4.68336668e-05 1.06827068e-02 5.61199325e-04 5.00022916e-05 2.01446518e-05 1.28208926e-05 -3.16862480e-06
1039             1.07072055e-02 5.75029275e-04 4.68693628e-05 1.06870601e-02 5.62217114e-04 5.00371264e-05 2.01454147e-05 1.28121612e-05 -3.16776355e-06
1040             1.07127936e-02 5.76394803e-04 4.67252495e-05 1.06926466e-02 5.63590896e-04 4.98931273e-05 2.01469646e-05 1.28039069e-05 -3.16787780e-06
1041             1.07191595e-02 5.77902628e-04 4.64309546e-05 1.06990103e-02 5.65105501e-04 4.96001292e-05 2.01492711e-05 1.27971263e-05 -3.16917460e-06
1042             1.07257840e-02 5.79322273e-04 4.60479969e-05 1.07056318e-02 5.66529984e-04 4.92196601e-05 2.01522529e-05 1.27922891e-05 -3.17166321e-06
1043             1.07321172e-02 5.80513461e-04 4.56341134e-05 1.07119614e-02 5.67724205e-04 4.88092499e-05 2.01558185e-05 1.27892564e-05 -3.17513652e-06
1044             1.07377323e-02 5.81484769e-04 4.52125905e-05 1.07175724e-02 5.68697248e-04 4.83918513e-05 2.01598620e-05 1.27875204e-05 -3.17926081e-06
1045             1.07423923e-02 5.82282247e-04 4.48096971e-05 1.07222281e-02 5.69495697e-04 4.79933858e-05 2.01642296e-05 1.27865501e-05 -3.18368875e-06
1046             1.07459469e-02 5.82908384e-04 4.44707691e-05 1.07257782e-02 5.70122510e-04 4.76588713e-05 2.01686827e-05 1.27858742e-05 -3.18810227e-06
1047             1.07480104e-02 5.83319229e-04 4.42141060e-05 1.07278375e-02 5.70534090e-04 4.74063193e-05 2.01729053e-05 1.27851397e-05 -3.19221326e-06
1048             1.07487879e-02 5.83562860e-04 4.40141782e-05 1.07286114e-02 5.70778504e-04 4.72099995e-05 2.01765744e-05 1.27843561e-05 -3.19582128e-06
1049             1.07489467e-02 5.83757183e-04 4.38288558e-05 1.07287671e-02 5.70973209e-04 4.70277356e-05 2.01795729e-05 1.27839737e-05 -3.19887975e-06
1050             1.07487797e-02 5.83909356e-04 4.36528231e-05 1.07285977e-02 5.71124742e-04 4.68542837e-05 2.01820132e-05 1.27846132e-05 -3.20146068e-06
1051             1.07484998e-02 5.83948325e-04 4.35320840e-05 1.07283157e-02 5.71161755e-04 4.67356992e-05 2.01841034e-05 1.27865700e-05 -3.20361518e-06
1052             1.07480524e-02 5.83801796e-04 4.35121704e-05 1.07278664e-02 5.71012271e-04 4.67174423e-05 2.01860109e-05 1.27895246e-05 -3.20527189e-06
1053             1.07470527e-02 5.83416476e-04 4.35999637e-05 1.07268650e-02 5.70623663e-04 4.68062533e-05 2.01877061e-05 1.27928134e-05 -3.20628965e-06
1054             1.07449354e-02 5.82752069e-04 4.37623492e-05 1.07247465e-02 5.69956152e-04 4.69688887e-05 2.01888624e-05 1.27959177e-05 -3.20653946e-06
1055             1.07411000e-02 5.81744650e-04 4.39527828e-05 1.07209111e-02 5.68945854e-04 4.71587608e-05 2.01889269e-05 1.27987965e-05 -3.20597797e-06
1056             1.07354026e-02 5.80341231e-04 4.41556882e-05 1.07152152e-02 5.67539413e-04 4.73603175e-05 2.01874094e-05 1.28018182e-05 -3.20462936e-06
1057             1.07284539e-02 5.78633079e-04 4.43620251e-05 1.07082697e-02 5.65827705e-04 4.75645651e-05 2.01842232e-05 1.28053739e-05 -3.20254002e-06
1058             1.07212623e-02 5.76793243e-04 4.45814309e-05 1.07010824e-02 5.63983643e-04 4.77812317e-05 2.01798305e-05 1.28095997e-05 -3.19980085e-06
1059             1.07147141e-02 5.75069155e-04 4.47983372e-05 1.06945391e-02 5.62254946e-04 4.79948549e-05 2.01750168e-05 1.28142084e-05 -3.19651770e-06
1060             1.07091984e-02 5.73616281e-04 4.50166384e-05 1.06890279e-02 5.60797627e-04 4.82094690e-05 2.01704988e-05 1.28186546e-05 -3.19283064e-06
1061             1.07045741e-02 5.72429121e-04 4.52626036e-05 1.06844075e-02 5.59606885e-04 4.84514795e-05 2.01665960e-05 1.28222356e-05 -3.18887592e-06
1062             1.07010753e-02 5.71561514e-04 4.55304271e-05 1.06809120e-02 5.58737233e-04 4.87151942e-05 2.01632868e-05 1.28242813e-05 -3.18476717e-06
1063             1.06990032e-02 5.71055103e-04 4.57936206e-05 1.06788427e-02 5.58230626e-04 4.89742911e-05 2.01605050e-05 1.28244772e-05 -3.18067047e-06
1064             1.06981029e-02 5.70813068e-04 4.60464051e-05 1.06779447e-02 5.57990168e-04 4.92231981e-05 2.01581964e-05 1.28229008e-05 -3.17679300e-06
1065             1.06980057e-02 5.70736572e-04 4.62810913e-05 1.06778494e-02 5.57916759e-04 4.94543922e-05 2.01562864e-05 1.28198129e-05 -3.17330088e-06
1066             1.06986167e-02 5.70797820e-04 4.65060471e-05 1.06784620e-02 5.57982360e-04 4.96763234e-05 2.01547316e-05 1.28154604e-05 -3.17027633e-06
1067             1.06997400e-02 5.70957746e-04 4.67409663e-05 1.06795865e-02 5.58147823e-04 4.99087246e-05 2.01535458e-05 1.28099230e-05 -3.16775829e-06
1068             1.07017067e-02 5.71324890e-04 4.69593552e-05 1.06815539e-02 5.58521741e-04 5.01250722e-05 2.01528178e-05 1.28031489e-05 -3.16571692e-06
1069             1.07047975e-02 5.72002414e-04 4.71160019e-05 1.06846448e-02 5.59207097e-04 5.02802162e-05 2.01527065e-05 1.27953167e-05 -3.16421429e-06
1070             1.07091217e-02 5.73052386e-04 4.71403412e-05 1.06889683e-02 5.60265356e-04 5.03037814e-05 2.01533285e-05 1.27870301e-05 -3.16344016e-06
1071             1.07147012e-02 5.74457566e-04 4.69831373e-05 1.06945465e-02 5.61678279e-04 5.01467937e-05 2.01547473e-05 1.27792867e-05 -3.16365645e-06
1072             1.07210410e-02 5.75995539e-04 4.66758274e-05 1.07008841e-02 5.63222474e-04 4.98408957e-05 2.01569354e-05 1.27730658e-05 -3.16506837e-06
1073             1.07275541e-02 5.77424600e-04 4.62854666e-05 1.07073943e-02 5.64655801e-04 4.94531362e-05 2.01597999e-05 1.27687990e-05 -3.16766964e-06
1074             1.07337084e-02 5.78612321e-04 4.58693768e-05 1.07135452e-02 5.65846026e-04 4.90406096e-05 2.01632282e-05 1.27662947e-05 -3.17123285e-06
1075             1.07391109e-02 5.79572246e-04 4.54525996e-05 1.07189438e-02 5.66807234e-04 4.86280112e-05 2.01671040e-05 1.27650114e-05 -3.17541159e-06
1076             1.07435454e-02 5.80351353e-04 4.50614524e-05 1.07233741e-02 5.67586958e-04 4.82413090e-05 2.01712699e-05 1.27643946e-05 -3.17985660e-06
1077             1.07470236e-02 5.80982273e-04 4.47333514e-05 1.07268481e-02 5.68218302e-04 4.79176025e-05 2.01755389e-05 1.27639713e-05 -3.18425110e-06
1078             1.07490670e-02 5.81413873e-04 4.44819715e-05 1.07288874e-02 5.68650446e-04 4.76703032e-05 2.01796137e-05 1.27634277e-05 -3.18833169e-06
1079             1.07498597e-02 5.81688688e-04 4.42814659e-05 1.07296765e-02 5.68925862e-04 4.74733812e-05 2.01831692e-05 1.27628269e-05 -3.19191535e-06
1080             1.07500662e-02 5.81916477e-04 4.40924446e-05 1.07298802e-02 5.69153822e-04 4.72874132e-05 2.01860790e-05 1.27626546e-05 -3.19496856e-06
1081             1.07499500e-02 5.82098233e-04 4.39112721e-05 1.07297616e-02 5.69334696e-04 4.71088367e-05 2.01884489e-05 1.27635368e-05 -3.19756468e-06
1082             1.07497329e-02 5.82163278e-04 4.37872175e-05 1.07295425e-02 5.69397532e-04 4.69869653e-05 2.01904864e-05 1.27657463e-05 -3.19974786e-06
1083             1.07493368e-02 5.82042124e-04 4.37643261e-05 1.07291444e-02 5.69273192e-04 4.69657669e-05 2.01923573e-05 1.27689324e-05 -3.20144077e-06
1084             1.07483388e-02 5.81681838e-04 4.38469938e-05 1.07281448e-02 5.68909415e-04 4.70494920e-05 2.01940161e-05 1.27724230e-05 -3.20249819e-06
1085             1.07461751e-02 5.81034868e-04 4.40041479e-05 1.07259800e-02 5.68259153e-04 4.72069374e-05 2.01951115e-05 1.27757155e-05 -3.20278952e-06
1086             1.07422468e-02 5.80037988e-04 4.41876755e-05 1.07220517e-02 5.67259191e-04 4.73899487e-05 2.01950758e-05 1.27787968e-05 -3.20227322e-06
1087             1.07365194e-02 5.78648768e-04 4.43833622e-05 1.07163260e-02 5.65866708e-04 4.75843361e-05 2.01934358e-05 1.27820599e-05 -3.20097389e-06
1088             1.07296259e-02 5.76964453e-04 4.45833005e-05 1.07094358e-02 5.64178563e-04 4.77822418e-05 2.01901501e-05 1.27858899e-05 -3.19894132e-06
1089             1.07226361e-02 5.75177060e-04 4.47917094e-05 1.07024504e-02 5.62386646e-04 4.79879941e-05 2.01857246e-05 1.27904139e-05 -3.19628478e-06
1090             1.07162130e-02 5.73506621e-04 4.49997683e-05 1.06960321e-02 5.60711320e-04 4.81928510e-05 2.01809384e-05 1.27953005e-05 -3.19308264e-06
1091             1.07107883e-02 5.72113847e-04 4.52088272e-05 1.06906119e-02 5.59313837e-04 4.83983166e-05 2.01764595e-05 1.28000100e-05 -3.18948938e-06
1092             1.07062945e-02 5.70995925e-04 4.54441102e-05 1.06861220e-02 5.58192079e-04 4.86297552e-05 2.01725855e-05 1.28038457e-05 -3.18564497e-06
1093             1.07029069e-02 5.70191867e-04 4.57024128e-05 1.06827376e-02 5.57385712e-04 4.88840778e-05 2.01692991e-05 1.28061550e-05 -3.18166497e-06
1094             1.07008719e-02 5.69733945e-04 4.59579784e-05 1.06807053e-02 5.56927310e-04 4.91356867e-05 2.01665213e-05 1.28066351e-05 -3.17770830e-06
1095             1.06998774e-02 5.69512097e-04 4.62085402e-05 1.06797133e-02 5.56706736e-04 4.93825075e-05 2.01641713e-05 1.28053611e-05 -3.17396730e-06
1096             1.06996483e-02 5.69444130e-04 4.64451499e-05 1.06794862e-02 5.56641559e-04 4.96157404e-05 2.01621649e-05 1.28025714e-05 -3.17059046e-06
1097             1.07001553e-02 5.69516998e-04 4.66731314e-05 1.06799948e-02 5.56718499e-04 4.98407880e-05 2.01604809e-05 1.27984993e-05 -3.16765668e-06
1098             1.07012139e-02 5.69696064e-04 4.69100408e-05 1.06810547e-02 5.56902841e-04 5.00752495e-05 2.01591666e-05 1.27932236e-05 -3.16520871e-06
1099             1.07031069e-02 5.70081871e-04 4.71300296e-05 1.06829486e-02 5.57295170e-04 5.02932482e-05 2.01583191e-05 1.27867004e-05 -3.16321859e-06
1100             1.07061304e-02 5.70789087e-04 4.72790166e-05 1.06859724e-02 5.58009935e-04 5.04407866e-05 2.01580864e-05 1.27791517e-05 -3.16177001e-06
1101             1.07104063e-02 5.71874554e-04 4.72888650e-05 1.06902477e-02 5.59103330e-04 5.04499220e-05 2.01585827e-05 1.27712240e-05 -3.16105703e-06
1102             1.07159476e-02 5.73306644e-04 4.71187984e-05 1.06957877e-02 5.60542719e-04 5.02801465e-05 2.01598773e-05 1.27639254e-05 -3.16134813e-06
1103             1.07222815e-02 5.74863505e-04 4.68012501e-05 1.07021196e-02 5.62105311e-04 4.99640972e-05 2.01619560e-05 1.27581948e-05 -3.16284714e-06
1104             1.07287390e-02 5.76296804e-04 4.64052008e-05 1.07085743e-02 5.63542381e-04 4.95707359e-05 2.01647277e-05 1.27544234e-05 -3.16553514e-06
1105             1.07347583e-02 5.77478208e-04 4.59879355e-05 1.07145902e-02 5.64725835e-04 4.91571014e-05 2.01680599e-05 1.27523726e-05 -3.16916591e-06
1106             1.07399656e-02 5.78423083e-04 4.55762138e-05 1.07197938e-02 5.65671616e-04 4.87495971e-05 2.01718128e-05 1.27514667e-05 -3.17338332e-06
1107             1.07442398e-02 5.79189190e-04 4.51949218e-05 1.07240640e-02 5.66438060e-04 4.83727531e-05 2.01758277e-05 1.27511301e-05 -3.17783129e-06
1108             1.07476226e-02 5.79812614e-04 4.48785220e-05 1.07274427e-02 5.67061722e-04 4.80607218e-05 2.01799411e-05 1.27508919e-05 -3.18219983e-06
1109             1.07496115e-02 5.80245754e-04 4.46340903e-05 1.07294276e-02 5.67495279e-04 4.78203302e-05 2.01838763e-05 1.27504749e-05 -3.18623995e-06
1110             1.07504052e-02 5.80534581e-04 4.44343079e-05 1.07302179e-02 5.67784583e-04 4.76240925e-05 2.01873174e-05 1.27499974e-05 -3.18978452e-06
1111             1.07506634e-02 5.80783255e-04 4.42434762e-05 1.07304732e-02 5.68033279e-04 4.74362891e-05 2.01901462e-05 1.27499763e-05 -3.19281289e-06
1112             1.07506072e-02 5.80986157e-04 4.40592984e-05 1.07304148e-02 5.68235127e-04 4.72547007e-05 2.01924672e-05 1.27510299e-05 -3.19540226e-06
1113             1.07504564e-02 5.81070463e-04 4.39335363e-05 1.07302619e-02 5.68317051e-04 4.71311285e-05 2.01944822e-05 1.27534124e-05 -3.19759223e-06
1114             1.07501088e-02 5.80967253e-04 4.39082503e-05 1.07299124e-02 5.68210505e-04 4.71075494e-05 2.01963452e-05 1.27567480e-05 -3.19929906e-06
1115             1.07491176e-02 5.80618111e-04 4.39908253e-05 1.07289196e-02 5.67857759e-04 4.71911924e-05 2.01979872e-05 1.27603522e-05 -3.20036711e-06
1116             1.07468920e-02 5.79979051e-04 4.41431861e-05 1.07266930e-02 5.67215302e-04 4.73438636e-05 2.01990385e-05 1.27637493e-05 -3.20067747e-06
1117             1.07428738e-02 5.78984070e-04 4.43203871e-05 1.07226749e-02 5.66217114e-04 4.75205701e-05 2.01989187e-05 1.27669561e-05 -3.20018296e-06
1118             1.07371338e-02 5.77602122e-04 4.45103749e-05 1.07169366e-02 5.64831743e-04 4.77092833e-05 2.01971805e-05 1.27703784e-05 -3.19890844e-06
1119             1.07303121e-02 5.75935264e-04 4.47070099e-05 1.07101183e-02 5.63160874e-04 4.79039165e-05 2.01938269e-05 1.27743898e-05 -3.19690654e-06
1120             1.07234325e-02 5.74179802e-04 4.49117892e-05 1.07032431e-02 5.61400715e-04 4.81060744e-05 2.01893862e-05 1.27790864e-05 -3.19428520e-06
1121             1.07171486e-02 5.72558026e-04 4.51132584e-05 1.06969640e-02 5.59773894e-04 4.83043928e-05 2.01846307e-05 1.27841316e-05 -3.19113443e-06
1122             1.07118663e-02 5.71222666e-04 4.53133585e-05 1.06916861e-02 5.58433677e-04 4.85009666e-05 2.01802031e-05 1.27889889e-05 -3.18760817e-06
1123             1.07075112e-02 5.70164395e-04 4.55388924e-05 1.06873348e-02 5.57371417e-04 4.87227411e-05 2.01763786e-05 1.27929780e-05 -3.18384869e-06
1124             1.07042906e-02 5.69420668e-04 4.57885747e-05 1.06841175e-02 5.56625209e-04 4.89685444e-05 2.01731390e-05 1.27954585e-05 -3.17996962e-06
1125             1.07022857e-02 5.69001559e-04 4.60380502e-05 1.06821154e-02 5.56205426e-04 4.92141800e-05 2.01703768e-05 1.27961330e-05 -3.17612973e-06
1126             1.07011895e-02 5.68791314e-04 4.62875321e-05 1.06810215e-02 5.55996244e-04 4.94600337e-05 2.01679871e-05 1.27950699e-05 -3.17250161e-06
1127             1.07008360e-02 5.68726691e-04 4.65261629e-05 1.06806701e-02 5.55934203e-04 4.96953789e-05 2.01658843e-05 1.27924880e-05 -3.16921607e-06
1128             1.07012846e-02 5.68812955e-04 4.67532548e-05 1.06811205e-02 5.56024332e-04 4.99196161e-05 2.01640839e-05 1.27886231e-05 -3.16636129e-06
1129             1.07022995e-02 5.69004685e-04 4.69935205e-05 1.06821368e-02 5.56221144e-04 5.01574847e-05 2.01626666e-05 1.27835410e-05 -3.16396414e-06
1130             1.07041210e-02 5.69401160e-04 4.72180298e-05 1.06839593e-02 5.56623968e-04 5.03800394e-05 2.01617300e-05 1.27771925e-05 -3.16200963e-06
1131             1.07070806e-02 5.70122191e-04 4.73669287e-05 1.06869192e-02 5.57352372e-04 5.05275166e-05 2.01614044e-05 1.27698185e-05 -3.16058785e-06
1132             1.07113482e-02 5.71233401e-04 4.73674460e-05 1.06911864e-02 5.58471283e-04 5.05273546e-05 2.01618081e-05 1.27621176e-05 -3.15990866e-06
1133             1.07168997e-02 5.72688460e-04 4.71848609e-05 1.06967367e-02 5.59933324e-04 5.03451123e-05 2.01630177e-05 1.27551356e-05 -3.16025135e-06
1134             1.07232053e-02 5.74255873e-04 4.68567088e-05 1.07030403e-02 5.61506084e-04 5.00185228e-05 2.01650194e-05 1.27497888e-05 -3.16181394e-06
1135             1.07295593e-02 5.75681943e-04 4.64565758e-05 1.07093916e-02 5.62935531e-04 4.96211373e-05 2.01677079e-05 1.27464117e-05 -3.16456149e-06
1136             1.07354288e-02 5.76847026e-04 4.60409533e-05 1.07152578e-02 5.64102320e-04 4.92091838e-05 2.01709377e-05 1.27447062e-05 -3.16823052e-06
1137             1.07404687e-02 5.77772410e-04 4.56355860e-05 1.07202942e-02 5.65028344e-04 4.88080414e-05 2.01745659e-05 1.27440665e-05 -3.17245547e-06
1138             1.07446077e-02 5.78517839e-04 4.52660030e-05 1.07244292e-02 5.65773931e-04 4.84428822e-05 2.01784439e-05 1.27439074e-05 -3.17687921e-06
1139             1.07478969e-02 5.79124304e-04 4.49628851e-05 1.07277144e-02 5.66380546e-04 4.81440808e-05 2.01824243e-05 1.27437579e-05 -3.18119569e-06
1140             1.07498261e-02 5.79550845e-04 4.47269940e-05 1.07296399e-02 5.66807472e-04 4.79121623e-05 2.01862393e-05 1.27433721e-05 -3.18516838e-06
1141             1.07506109e-02 5.79845561e-04 4.45301922e-05 1.07304214e-02 5.67102642e-04 4.77188385e-05 2.01895778e-05 1.27429183e-05 -3.18864626e-06
1142             1.07509188e-02 5.80107508e-04 4.43400335e-05 1.07307265e-02 5.67364566e-04 4.75316545e-05 2.01923306e-05 1.27429418e-05 -3.19162095e-06
1143             1.07509373e-02 5.80323772e-04 4.41562317e-05 1.07307427e-02 5.67579715e-04 4.73504053e-05 2.01946105e-05 1.27440573e-05 -3.19417362e-06
1144             1.07508673e-02 5.80421323e-04 4.40311003e-05 1.07306707e-02 5.67674829e-04 4.72274397e-05 2.01966174e-05 1.27464934e-05 -3.19633947e-06
1145             1.07505641e-02 5.80327514e-04 4.40063597e-05 1.07303656e-02 5.67577661e-04 4.72043895e-05 2.01984908e-05 1.27498538e-05 -3.19802986e-06
1146             1.07495787e-02 5.79988037e-04 4.40863596e-05 1.07293786e-02 5.67234579e-04 4.72854464e-05 2.02001377e-05 1.27534577e-05 -3.19908679e-06
1147             1.07473113e-02 5.79352898e-04 4.42348448e-05 1.07271101e-02 5.66596043e-04 4.74342365e-05 2.02011673e-05 1.27568550e-05 -3.19939166e-06
1148             1.07432164e-02 5.78352104e-04 4.44093659e-05 1.07230154e-02 5.65592023e-04 4.76082616e-05 2.02009918e-05 1.27600816e-05 -3.19889571e-06
1149             1.07374827e-02 5.76972761e-04 4.45965610e-05 1.07172836e-02 5.64209215e-04 4.77941848e-05 2.01991891e-05 1.27635461e-05 -3.19762381e-06
1150             1.07307219e-02 5.75313101e-04 4.47916641e-05 1.07105261e-02 5.62545489e-04 4.79872958e-05 2.01958045e-05 1.27676118e-05 -3.19563175e-06
1151             1.07239622e-02 5.73584229e-04 4.49921389e-05 1.07037708e-02 5.60811866e-04 4.81851658e-05 2.01913818e-05 1.27723625e-05 -3.19302693e-06
1152             1.07178214e-02 5.72004951e-04 4.51868699e-05 1.06976347e-02 5.59227490e-04 4.83767788e-05 2.01866903e-05 1.27774605e-05 -3.18990887e-06
1153             1.07126849e-02 5.70719225e-04 4.53792292e-05 1.06925025e-02 5.57936857e-04 4.85656623e-05 2.01823509e-05 1.27823679e-05 -3.18643306e-06
1154             1.07084721e-02 5.69712234e-04 4.55963465e-05 1.06882935e-02 5.56925821e-04 4.87790892e-05 2.01786145e-05 1.27864127e-05 -3.18274271e-06
1155             1.07053859e-02 5.69017705e-04 4.58372979e-05 1.06852105e-02 5.56228735e-04 4.90162486e-05 2.01754512e-05 1.27889702e-05 -3.17895064e-06
1156             1.07034123e-02 5.68628457e-04 4.60817391e-05 1.06832396e-02 5.55838709e-04 4.92569498e-05 2.01727401e-05 1.27897488e-05 -3.17521063e-06
1157             1.07022605e-02 5.68427684e-04 4.63299628e-05 1.06820902e-02 5.55638878e-04 4.95016426e-05 2.01703553e-05 1.27888063e-05 -3.17167981e-06
1158             1.07018190e-02 5.68363250e-04 4.65704329e-05 1.06816508e-02 5.55576907e-04 4.97389081e-05 2.01682115e-05 1.27863439e-05 -3.16847516e-06
1159             1.07021905e-02 5.68447127e-04 4.68021899e-05 1.06820242e-02 5.55664543e-04 4.99678685e-05 2.01663451e-05 1.27825838e-05 -3.16567860e-06
1160             1.07031571e-02 5.68641542e-04 4.70477002e-05 1.06829922e-02 5.55863959e-04 5.02110173e-05 2.01648612e-05 1.27775832e-05 -3.16331707e-06
1161             1.07049211e-02 5.69043809e-04 4.72741670e-05 1.06847573e-02 5.56272499e-04 5.04355553e-05 2.01638642e-05 1.27713100e-05 -3.16138828e-06
1162             1.07078279e-02 5.69773372e-04 4.74202301e-05 1.06876644e-02 5.57009336e-04 5.05802168e-05 2.01634766e-05 1.27640351e-05 -3.15998670e-06
1163             1.07120846e-02 5.70902579e-04 4.74107323e-05 1.06919208e-02 5.58146084e-04 5.05700669e-05 2.01638182e-05 1.27564953e-05 -3.15933461e-06
1164             1.07176374e-02 5.72369602e-04 4.72177266e-05 1.06974724e-02 5.59619845e-04 5.03774469e-05 2.01649736e-05 1.27497570e-05 -3.15972033e-06
1165             1.07238999e-02 5.73935037e-04 4.68820942e-05 1.07037330e-02 5.61190330e-04 5.00434279e-05 2.01669281e-05 1.27447070e-05 -3.16133364e-06
1166             1.07301605e-02 5.75346967e-04 4.64789551e-05 1.07099909e-02 5.62605338e-04 4.96430803e-05 2.01695651e-05 1.27416294e-05 -3.16412516e-06
1167             1.07359046e-02 5.76494338e-04 4.60634724e-05 1.07157319e-02 5.63754153e-04 4.92312925e-05 2.01727303e-05 1.27401845e-05 -3.16782001e-06
1168             1.07408019e-02 5.77399705e-04 4.56626151e-05 1.07206256e-02 5.64659961e-04 4.88346607e-05 2.01762750e-05 1.27397439e-05 -3.17204559e-06
1169             1.07448098e-02 5.78121474e-04 4.53036667e-05 1.07246298e-02 5.65381767e-04 4.84801082e-05 2.01800530e-05 1.27397065e-05 -3.17644152e-06
1170             1.07479331e-02 5.78696055e-04 4.50151124e-05 1.07277491e-02 5.65956464e-04 4.81958145e-05 2.01839107e-05 1.27395914e-05 -3.18070213e-06
1171             1.07498047e-02 5.79109817e-04 4.47886594e-05 1.07296171e-02 5.66370640e-04 4.79732534e-05 2.01876125e-05 1.27391770e-05 -3.18459408e-06
1172             1.07506149e-02 5.79407927e-04 4.45954992e-05 1.07304241e-02 5.66669239e-04 4.77834925e-05 2.01908630e-05 1.27386879e-05 -3.18799326e-06
1173             1.07509900e-02 5.79679324e-04 4.44064888e-05 1.07307964e-02 5.66940625e-04 4.75973953e-05 2.01935643e-05 1.27386991e-05 -3.19090651e-06
1174             1.07510771e-02 5.79902629e-04 4.42236038e-05 1.07308813e-02 5.67162810e-04 4.74170201e-05 2.01958249e-05 1.27398197e-05 -3.19341635e-06
1175             1.07510706e-02 5.80006805e-04 4.40992144e-05 1.07308728e-02 5.67264551e-04 4.72947644e-05 2.01978353e-05 1.27422542e-05 -3.19555005e-06
1176             1.07507967e-02 5.79916135e-04 4.40751850e-05 1.07305970e-02 5.67170543e-04 4.72723996e-05 2.01997205e-05 1.27455915e-05 -3.19721459e-06
1177             1.07498139e-02 5.79580365e-04 4.41531056e-05 1.07296126e-02 5.66831208e-04 4.73513570e-05 2.02013714e-05 1.27491573e-05 -3.19825138e-06
1178             1.07475174e-02 5.78939805e-04 4.43007205e-05 1.07273150e-02 5.66187294e-04 4.74992589e-05 2.02023834e-05 1.27525112e-05 -3.19853836e-06
1179             1.07434202e-02 5.77930162e-04 4.44751290e-05 1.07232180e-02 5.65174452e-04 4.76731631e-05 2.02021754e-05 1.27557098e-05 -3.19803410e-06
1180             1.07376755e-02 5.76545984e-04 4.46575554e-05 1.07174751e-02 5.63786821e-04 4.78543149e-05 2.02003416e-05 1.27591636e-05 -3.19675957e-06
1181             1.07309809e-02 5.74897722e-04 4.48460497e-05 1.07107840e-02 5.62134464e-04 4.80408274e-05 2.01969435e-05 1.27632581e-05 -3.19477766e-06
1182             1.07243162e-02 5.73194854e-04 4.50400457e-05 1.07041237e-02 5.60426806e-04 4.82322327e-05 2.01925481e-05 1.27680487e-05 -3.19218702e-06
1183             1.07183035e-02 5.71652493e-04 4.52300042e-05 1.06981155e-02 5.58879304e-04 4.84191047e-05 2.01879282e-05 1.27731885e-05 -3.18910052e-06
1184             1.07133161e-02 5.70409144e-04 4.54182030e-05 1.06931324e-02 5.57631030e-04 4.86038728e-05 2.01836893e-05 1.27781147e-05 -3.18566987e-06
1185             1.07092516e-02 5.69447780e-04 4.56296169e-05 1.06890715e-02 5.56665618e-04 4.88116546e-05 2.01800623e-05 1.27821612e-05 -3.18203775e-06
1186             1.07062935e-02 5.68798765e-04 4.58627188e-05 1.06861165e-02 5.56014032e-04 4.90410377e-05 2.01769987e-05 1.27847329e-05 -3.17831891e-06
1187             1.07043684e-02 5.68441177e-04 4.61004179e-05 1.06841940e-02 5.55655613e-04 4.92750841e-05 2.01743590e-05 1.27855645e-05 -3.17466619e-06
1188             1.07031704e-02 5.68249235e-04 4.63465640e-05 1.06829984e-02 5.55464524e-04 4.95177897e-05 2.01719981e-05 1.27847112e-05 -3.17122561e-06
1189             1.07026388e-02 5.68180570e-04 4.65895007e-05 1.06824690e-02 5.55398219e-04 4.97575990e-05 2.01698290e-05 1.27823511e-05 -3.16809830e-06
1190             1.07029192e-02 5.68254301e-04 4.68273759e-05 1.06827513e-02 5.55475619e-04 4.99927327e-05 2.01679062e-05 1.27786819e-05 -3.16535684e-06
1191             1.07038360e-02 5.68447293e-04 4.70776917e-05 1.06836696e-02 5.55673541e-04 5.02407196e-05 2.01663621e-05 1.27737512e-05 -3.16302782e-06
1192             1.07055464e-02 5.68852025e-04 4.73063229e-05 1.06853810e-02 5.56084481e-04 5.04674427e-05 2.01653132e-05 1.27675443e-05 -3.16111978e-06
1193             1.07084090e-02 5.69590364e-04 4.74491604e-05 1.06882441e-02 5.56830006e-04 5.06088946e-05 2.01648763e-05 1.27603580e-05 -3.15973420e-06
1194             1.07126606e-02 5.70737064e-04 4.74302598e-05 1.06924954e-02 5.57984100e-04 5.05893649e-05 2.01651696e-05 1.27529643e-05 -3.15910508e-06
1195             1.07181995e-02 5.72210854e-04 4.72287955e-05 1.06980332e-02 5.59464411e-04 5.03883224e-05 2.01662779e-05 1.27464429e-05 -3.15952683e-06
1196             1.07244240e-02 5.73774026e-04 4.68865708e-05 1.07042558e-02 5.61032374e-04 5.00477510e-05 2.01681828e-05 1.27416520e-05 -3.16118020e-06
1197             1.07306012e-02 5.75172732e-04 4.64804361e-05 1.07104304e-02 5.62433897e-04 4.96444426e-05 2.01707710e-05 1.27388353e-05 -3.16400641e-06
1198             1.07362226e-02 5.76301540e-04 4.60650333e-05 1.07160487e-02 5.63563921e-04 4.92327538e-05 2.01738792e-05 1.27376186e-05 -3.16772053e-06
1199             1.07409818e-02 5.77185478e-04 4.56686627e-05 1.07208044e-02 5.64448126e-04 4.88406050e-05 2.01773521e-05 1.27373521e-05 -3.17194233e-06
1200             1.07448557e-02 5.77879504e-04 4.53214136e-05 1.07246747e-02 5.65142091e-04 4.84977198e-05 2.01810422e-05 1.27374133e-05 -3.17630626e-06
1201             1.07478615e-02 5.78426259e-04 4.50466174e-05 1.07276767e-02 5.65688949e-04 4.82271229e-05 2.01848005e-05 1.27373093e-05 -3.18050551e-06
1202             1.07496705e-02 5.78824022e-04 4.48296077e-05 1.07294821e-02 5.66087174e-04 4.80139256e-05 2.01884031e-05 1.27368478e-05 -3.18431787e-06
1203             1.07504776e-02 5.79118260e-04 4.46409236e-05 1.07302860e-02 5.66381958e-04 4.78285607e-05 2.01915704e-05 1.27363022e-05 -3.18763707e-06
1204             1.07509000e-02 5.79391845e-04 4.44541657e-05 1.07307058e-02 5.66655570e-04 4.76446481e-05 2.01942183e-05 1.27362756e-05 -3.19048242e-06
1205             1.07510537e-02 5.79616889e-04 4.42739626e-05 1.07308572e-02 5.66879522e-04 4.74669007e-05 2.01964599e-05 1.27373669e-05 -3.19293807e-06
1206             1.07511172e-02 5.79724061e-04 4.41519042e-05 1.07309187e-02 5.66984305e-04 4.73469304e-05 2.01984804e-05 1.27397565e-05 -3.19502617e-06
1207             1.07508844e-02 5.79634367e-04 4.41299232e-05 1.07306840e-02 5.66891344e-04 4.73265748e-05 2.02003889e-05 1.27430234e-05 -3.19665169e-06
1208             1.07499324e-02 5.79309074e-04 4.42042772e-05 1.07297303e-02 5.66562566e-04 4.74019371e-05 2.02020617e-05 1.27465084e-05 -3.19765988e-06
1209             1.07475873e-02 5.78663566e-04 4.43477462e-05 1.07273843e-02 5.65913764e-04 4.75456767e-05 2.02030625e-05 1.27498014e-05 -3.19793052e-06
1210             1.07433906e-02 5.77632946e-04 4.45204020e-05 1.07231878e-02 5.64879982e-04 4.77178146e-05 2.02028061e-05 1.27529641e-05 -3.19741261e-06
1211             1.07376729e-02 5.76243959e-04 4.47023707e-05 1.07174720e-02 5.63487558e-04 4.78984952e-05 2.02009166e-05 1.27564014e-05 -3.19612458e-06
1212             1.07310850e-02 5.74605298e-04 4.48907239e-05 1.07108875e-02 5.61844821e-04 4.80848601e-05 2.01975150e-05 1.27604774e-05 -3.19413617e-06
1213             1.07245623e-02 5.72929401e-04 4.50811463e-05 1.07043691e-02 5.60164165e-04 4.82726961e-05 2.01931816e-05 1.27652365e-05 -3.19154982e-06
1214             1.07186854e-02 5.71423371e-04 4.52655823e-05 1.06984968e-02 5.58653032e-04 4.84540666e-05 2.01886674e-05 1.27703385e-05 -3.18848434e-06
1215             1.07138345e-02 5.70221496e-04 4.54471222e-05 1.06936500e-02 5.57446271e-04 4.86322144e-05 2.01845446e-05 1.27752251e-05 -3.18509213e-06
1216             1.07099173e-02 5.69304324e-04 4.56519883e-05 1.06897362e-02 5.56525086e-04 4.88335036e-05 2.01810271e-05 1.27792380e-05 -3.18151537e-06
1217             1.07071028e-02 5.68699070e-04 4.58782097e-05 1.06869247e-02 5.55917276e-04 4.90560786e-05 2.01780646e-05 1.27817942e-05 -3.17786882e-06
1218             1.07052388e-02 5.68369091e-04 4.61115411e-05 1.06850633e-02 5.55586454e-04 4.92858421e-05 2.01755082e-05 1.27826372e-05 -3.17430098e-06
1219             1.07040108e-02 5.68185805e-04 4.63561622e-05 1.06838376e-02 5.55403988e-04 4.95271084e-05 2.01731932e-05 1.27818167e-05 -3.17094617e-06
1220             1.07034012e-02 5.68115881e-04 4.66003543e-05 1.06832301e-02 5.55336382e-04 4.97682464e-05 2.01710243e-05 1.27794989e-05 -3.16789205e-06
1221             1.07035851e-02 5.68179916e-04 4.68434391e-05 1.06834161e-02 5.55404049e-04 5.00086430e-05 2.01690652e-05 1.27758670e-05 -3.16520394e-06
1222             1.07044563e-02 5.68373095e-04 4.70964602e-05 1.06842888e-02 5.55602131e-04 5.02593697e-05 2.01674721e-05 1.27709636e-05 -3.16290942e-06
1223             1.07061186e-02 5.68777384e-04 4.73275171e-05 1.06859523e-02 5.56012594e-04 5.04885407e-05 2.01663796e-05 1.27647902e-05 -3.16102362e-06
1224             1.07089336e-02 5.69518818e-04 4.74679691e-05 1.06887677e-02 5.56761157e-04 5.06276251e-05 2.01659030e-05 1.27576608e-05 -3.15965596e-06
1225             1.07131616e-02 5.70674131e-04 4.74408857e-05 1.06929954e-02 5.57923751e-04 5.05999344e-05 2.01661554e-05 1.27503801e-05 -3.15904875e-06
1226             1.07187008e-02 5.72154981e-04 4.72306170e-05 1.06985335e-02 5.59410940e-04 5.03901198e-05 2.01672280e-05 1.27440405e-05 -3.15950273e-06
1227             1.07248694e-02 5.73710314e-04 4.68820670e-05 1.07047003e-02 5.60970842e-04 5.00432612e-05 2.01691067e-05 1.27394717e-05 -3.16119414e-06
1228             1.07309567e-02 5.75093573e-04 4.64724538e-05 1.07107850e-02 5.62356690e-04 4.96365046e-05 2.01716579e-05 1.27368830e-05 -3.16405084e-06
1229             1.07364592e-02 5.76203100e-04 4.60565606e-05 1.07162844e-02 5.63467229e-04 4.92243409e-05 2.01747146e-05 1.27358714e-05 -3.16778031e-06
1230             1.07410973e-02 5.77066592e-04 4.56635173e-05 1.07209192e-02 5.64330824e-04 4.88355147e-05 2.01781209e-05 1.27357673e-05 -3.17199747e-06
1231             1.07448525e-02 5.77733547e-04 4.53269819e-05 1.07246708e-02 5.64997622e-04 4.85033141e-05 2.01817326e-05 1.27359255e-05 -3.17633221e-06
1232             1.07477404e-02 5.78250794e-04 4.50656968e-05 1.07275550e-02 5.65514960e-04 4.82461716e-05 2.01854029e-05 1.27358339e-05 -3.18047482e-06
1233             1.07494793e-02 5.78629638e-04 4.48587133e-05 1.07292904e-02 5.65894316e-04 4.80429247e-05 2.01889153e-05 1.27353219e-05 -3.18421140e-06
1234             1.07502839e-02 5.78919293e-04 4.46747263e-05 1.07300919e-02 5.66184584e-04 4.78621789e-05 2.01920067e-05 1.27347097e-05 -3.18745255e-06
1235             1.07507557e-02 5.79196034e-04 4.44894090e-05 1.07305611e-02 5.66461401e-04 4.76796408e-05 2.01946080e-05 1.27346331e-05 -3.19023183e-06
1236             1.07509729e-02 5.79421059e-04 4.43120169e-05 1.07307761e-02 5.66685373e-04 4.75046529e-05 2.01968370e-05 1.27356860e-05 -3.19263601e-06
1237             1.07510928e-02 5.79526936e-04 4.41929947e-05 1.07308939e-02 5.66788915e-04 4.73876748e-05 2.01988708e-05 1.27380202e-05 -3.19468009e-06
1238             1.07508981e-02 5.79435773e-04 4.41732900e-05 1.07306973e-02 5.66694569e-04 4.73695564e-05 2.02008042e-05 1.27412044e-05 -3.19626636e-06
1239             1.07499488e-02 5.79109950e-04 4.42462977e-05 1.07297463e-02 5.66365356e-04 4.74435394e-05 2.02024945e-05 1.27445936e-05 -3.19724171e-06
1240             1.07475448e-02 5.78457913e-04 4.43858328e-05 1.07273413e-02 5.65710104e-04 4.75833215e-05 2.02034857e-05 1.27478086e-05 -3.19748869e-06
1241             1.07432745e-02 5.77413275e-04 4.45558276e-05 1.07230714e-02 5.64662348e-04 4.77527814e-05 2.02031883e-05 1.27509271e-05 -3.19695379e-06
1242             1.07375638e-02 5.76018125e-04 4.47359499e-05 1.07173626e-02 5.63263777e-04 4.79316033e-05 2.02012559e-05 1.27543474e-05 -3.19565345e-06
1243             1.07310755e-02 5.74387125e-04 4.49233520e-05 1.07108776e-02 5.61628708e-04 4.81170120e-05 2.01978536e-05 1.27584168e-05 -3.19365999e-06
1244             1.07247001e-02 5.72735721e-04 4.51105688e-05 1.07045065e-02 5.59972560e-04 4.83016482e-05 2.01935819e-05 1.27631609e-05 -3.19107938e-06
1245             1.07189672e-02 5.71265125e-04 4.52899794e-05 1.06987780e-02 5.58496887e-04 4.84780145e-05 2.01891758e-05 1.27682381e-05 -3.18803511e-06
1246             1.07142456e-02 5.70102277e-04 4.54656077e-05 1.06940604e-02 5.57329183e-04 4.86502886e-05 2.01851725e-05 1.27730940e-05 -3.18468086e-06
1247             1.07104710e-02 5.69228789e-04 4.56641296e-05 1.06902893e-02 5.56451710e-04 4.88452879e-05 2.01817660e-05 1.27770791e-05 -3.18115832e-06
1248             1.07078016e-02 5.68667545e-04 4.58831833e-05 1.06876227e-02 5.55887919e-04 4.90607666e-05 2.01789043e-05 1.27796258e-05 -3.17758321e-06
1249             1.07060119e-02 5.68366358e-04 4.61118496e-05 1.06858354e-02 5.55585871e-04 4.92859494e-05 2.01764326e-05 1.27804871e-05 -3.17409973e-06
1250             1.07047739e-02 5.68195190e-04 4.63537308e-05 1.06845997e-02 5.55415482e-04 4.95245631e-05 2.01741687e-05 1.27797082e-05 -3.17083225e-06
1251             1.07040920e-02 5.68125631e-04 4.65981364e-05 1.06839200e-02 5.55348185e-04 4.97659916e-05 2.01720066e-05 1.27774466e-05 -3.16785520e-06
1252             1.07041684e-02 5.68177709e-04 4.68466522e-05 1.06839984e-02 5.55403843e-04 5.00118770e-05 2.01700138e-05 1.27738660e-05 -3.16522472e-06
1253             1.07049833e-02 5.68368639e-04 4.71030542e-05 1.06848149e-02 5.55599642e-04 5.02660201e-05 2.01683694e-05 1.27689971e-05 -3.16296585e-06
1254             1.07066014e-02 5.68772049e-04 4.73368703e-05 1.06864341e-02 5.56009192e-04 5.04979716e-05 2.01672305e-05 1.27628574e-05 -3.16110124e-06
1255             1.07093714e-02 5.69515847e-04 4.74757750e-05 1.06892047e-02 5.56760067e-04 5.06355233e-05 2.01667143e-05 1.27557798e-05 -3.15974835e-06
1256             1.07135714e-02 5.70677631e-04 4.74421908e-05 1.06934045e-02 5.57929033e-04 5.06013488e-05 2.01669286e-05 1.27485982e-05 -3.15915800e-06
1257             1.07190922e-02 5.72161232e-04 4.72240870e-05 1.06989242e-02 5.59418813e-04 5.03837236e-05 2.01679648e-05 1.27424195e-05 -3.15963666e-06
1258             1.07252090e-02 5.73708316e-04 4.68693727e-05 1.07050392e-02 5.60970259e-04 5.00307295e-05 2.01698072e-05 1.27380569e-05 -3.16135681e-06
1259             1.07312214e-02 5.75077257e-04 4.64558858e-05 1.07110491e-02 5.62341569e-04 4.96201228e-05 2.01723174e-05 1.27356881e-05 -3.16423700e-06
1260             1.07366113e-02 5.76167515e-04 4.60395957e-05 1.07164360e-02 5.63432635e-04 4.92075728e-05 2.01753240e-05 1.27348793e-05 -3.16797710e-06
1261             1.07411236e-02 5.77007845e-04 4.56509843e-05 1.07209450e-02 5.64272911e-04 4.88231694e-05 2.01786668e-05 1.27349338e-05 -3.17218508e-06
1262             1.07447604e-02 5.77647561e-04 4.53253397e-05 1.07245782e-02 5.64912381e-04 4.85018251e-05 2.01822023e-05 1.27351804e-05 -3.17648543e-06
1263             1.07475292e-02 5.78135902e-04 4.50774284e-05 1.07273434e-02 5.65400809e-04 4.82579945e-05 2.01857852e-05 1.27350928e-05 -3.18056615e-06
1264             1.07492030e-02 5.78496099e-04 4.48808433e-05 1.07290138e-02 5.65761577e-04 4.80650655e-05 2.01892065e-05 1.27345226e-05 -3.18422215e-06
1265             1.07500069e-02 5.78780563e-04 4.47021421e-05 1.07298146e-02 5.66046729e-04 4.78895227e-05 2.01922198e-05 1.27338342e-05 -3.18738054e-06
1266             1.07505245e-02 5.79058671e-04 4.45190983e-05 1.07303297e-02 5.66324976e-04 4.77091866e-05 2.01947704e-05 1.27336945e-05 -3.19008828e-06
1267             1.07507989e-02 5.79281600e-04 4.43452728e-05 1.07306019e-02 5.66546908e-04 4.75377071e-05 2.01969803e-05 1.27346924e-05 -3.19243434e-06
1268             1.07509663e-02 5.79382728e-04 4.42305814e-05 1.07307672e-02 5.66645776e-04 4.74250080e-05 2.01990188e-05 1.27369515e-05 -3.19442659e-06
1269             1.07508019e-02 5.79288094e-04 4.42134794e-05 1.07306009e-02 5.66548063e-04 4.74094440e-05 2.02009673e-05 1.27400305e-05 -3.19596460e-06
1270             1.07498538e-02 5.78960799e-04 4.42846957e-05 1.07296512e-02 5.66217493e-04 4.74815945e-05 2.02026664e-05 1.27433057e-05 -3.19689882e-06
1271             1.07473979e-02 5.78302190e-04 4.44198306e-05 1.07271943e-02 5.65555759e-04 4.76169463e-05 2.02036433e-05 1.27464311e-05 -3.19711573e-06
1272             1.07430931e-02 5.77243101e-04 4.45884109e-05 1.07228898e-02 5.64493609e-04 4.77849707e-05 2.02033091e-05 1.27494925e-05 -3.19655981e-06
1273             1.07373806e-02 5.75839365e-04 4.47669601e-05 1.07171793e-02 5.63086492e-04 4.79622013e-05 2.02013426e-05 1.27528729e-05 -3.19524123e-06
1274             1.07309606e-02 5.74210070e-04 4.49537576e-05 1.07107627e-02 5.61453160e-04 4.81469927e-05 2.01979386e-05 1.27569096e-05 -3.19323511e-06
1275             1.07247237e-02 5.72581532e-04 4.51371969e-05 1.07045300e-02 5.59819916e-04 4.83278482e-05 2.01937155e-05 1.27616156e-05 -3.19065122e-06
1276             1.07191563e-02 5.71150105e-04 4.53097279e-05 1.06989669e-02 5.58383452e-04 4.84973499e-05 2.01894070e-05 1.27666530e-05 -3.18762194e-06
1277             1.07145624e-02 5.70023525e-04 4.54796434e-05 1.06943768e-02 5.57252056e-04 4.86639467e-05 2.01855244e-05 1.27714698e-05 -3.18430336e-06
1278             1.07109095e-02 5.69187050e-04 4.56730046e-05 1.06907273e-02 5.56411634e-04 4.88538363e-05 2.01822329e-05 1.27754153e-05 -3.18083171e-06
1279             1.07083783e-02 5.68667515e-04 4.58844130e-05 1.06881989e-02 5.55889576e-04 4.90617362e-05 2.01794743e-05 1.27779385e-05 -3.17732321e-06
1280             1.07066785e-02 5.68397191e-04 4.61065413e-05 1.06865014e-02 5.55618377e-04 4.92804634e-05 2.01770923e-05 1.27788133e-05 -3.17392212e-06
1281             1.07054436e-02 5.68239037e-04 4.63443590e-05 1.06852687e-02 5.55460954e-04 4.95151024e-05 2.01748893e-05 1.27780828e-05 -3.17074343e-06
1282             1.07047018e-02 5.68169765e-04 4.65879183e-05 1.06845291e-02 5.55393875e-04 4.97557665e-05 2.01727447e-05 1.27758906e-05 -3.16784829e-06
1283             1.07046800e-02 5.68210736e-04 4.68406337e-05 1.06845093e-02 5.55438359e-04 5.00059155e-05 2.01707276e-05 1.27723768e-05 -3.16528176e-06
1284             1.07054321e-02 5.68396416e-04 4.71010642e-05 1.06852630e-02 5.55628861e-04 5.02641285e-05 2.01690372e-05 1.27675552e-05 -3.16306429e-06
1285             1.07070033e-02 5.68798740e-04 4.73373715e-05 1.06868354e-02 5.56037284e-04 5.04985967e-05 2.01678527e-05 1.27614553e-05 -3.16122524e-06
1286             1.07097324e-02 5.69544878e-04 4.74749774e-05 1.06895651e-02 5.56790446e-04 5.06348675e-05 2.01672961e-05 1.27544326e-05 -3.15989009e-06
1287             1.07139052e-02 5.70711983e-04 4.74353935e-05 1.06937378e-02 5.57964631e-04 5.05947132e-05 2.01674709e-05 1.27473520e-05 -3.15931977e-06
1288             1.07193944e-02 5.72195321e-04 4.72097974e-05 1.06992259e-02 5.59453984e-04 5.03696230e-05 2.01684664e-05 1.27413365e-05 -3.15982557e-06
1289             1.07254433e-02 5.73730170e-04 4.68492820e-05 1.07052731e-02 5.60992984e-04 5.00108577e-05 2.01702628e-05 1.27371860e-05 -3.16157570e-06
1290             1.07313793e-02 5.75083198e-04 4.64323176e-05 1.07112066e-02 5.62348152e-04 4.95967972e-05 2.01727225e-05 1.27350463e-05 -3.16447959e-06
1291             1.07366622e-02 5.76154792e-04 4.60157594e-05 1.07164865e-02 5.63420341e-04 4.91839898e-05 2.01756758e-05 1.27344514e-05 -3.16823034e-06
1292             1.07410512e-02 5.76971972e-04 4.56323930e-05 1.07208723e-02 5.64237298e-04 4.88048218e-05 2.01789576e-05 1.27346741e-05 -3.17242882e-06
1293             1.07445732e-02 5.77586120e-04 4.53177892e-05 1.07243908e-02 5.64851104e-04 4.84944832e-05 2.01824210e-05 1.27350158e-05 -3.17669396e-06
1294             1.07472291e-02 5.78046815e-04 4.50834158e-05 1.07270432e-02 5.65311876e-04 4.82641287e-05 2.01859191e-05 1.27349397e-05 -3.18071290e-06
1295             1.07488344e-02 5.78388128e-04 4.48972518e-05 1.07286451e-02 5.65653806e-04 4.80815405e-05 2.01892480e-05 1.27343221e-05 -3.18428868e-06
1296             1.07496329e-02 5.78666375e-04 4.47241006e-05 1.07294407e-02 5.65932803e-04 4.79114655e-05 2.01921779e-05 1.27335723e-05 -3.18736489e-06
1297             1.07501973e-02 5.78945032e-04 4.45441955e-05 1.07300026e-02 5.66211648e-04 4.77341965e-05 2.01946725e-05 1.27333843e-05 -3.19000103e-06
1298             1.07505314e-02 5.79164744e-04 4.43752154e-05 1.07303345e-02 5.66430408e-04 4.75675028e-05 2.01968612e-05 1.27343363e-05 -3.19228739e-06
1299             1.07507554e-02 5.79262560e-04 4.42653763e-05 1.07305565e-02 5.66526037e-04 4.74596014e-05 2.01989064e-05 1.27365230e-05 -3.19422510e-06
1300             1.07506263e-02 5.79166240e-04 4.42509220e-05 1.07304254e-02 5.66426743e-04 4.74466341e-05 2.02008735e-05 1.27394972e-05 -3.19571218e-06
1301             1.07496789e-02 5.78837952e-04 4.43208794e-05 1.07294763e-02 5.66095294e-04 4.75174822e-05 2.02025826e-05 1.27426576e-05 -3.19660272e-06
1302             1.07471792e-02 5.78173833e-04 4.44521913e-05 1.07269757e-02 5.65428143e-04 4.76489781e-05 2.02035455e-05 1.27456901e-05 -3.19678688e-06
1303             1.07428294e-02 5.77104233e-04 4.46181258e-05 1.07226262e-02 5.64355539e-04 4.78143334e-05 2.02031756e-05 1.27486940e-05 -3.19620761e-06
1304             1.07371267e-02 5.75693594e-04 4.47956585e-05 1.07169255e-02 5.62941555e-04 4.79905305e-05 2.02011782e-05 1.27520390e-05 -3.19487199e-06
1305             1.07308054e-02 5.74071457e-04 4.49815608e-05 1.07106076e-02 5.61315416e-04 4.81744158e-05 2.01977838e-05 1.27560415e-05 -3.19285504e-06
1306             1.07247084e-02 5.72464136e-04 4.51624334e-05 1.07045148e-02 5.59703437e-04 4.83527037e-05 2.01936272e-05 1.27606997e-05 -3.19027034e-06
1307             1.07192897e-02 5.71065391e-04 4.53307860e-05 1.06991002e-02 5.58299718e-04 4.85180396e-05 2.01894281e-05 1.27656733e-05 -3.18725364e-06
1308             1.07148214e-02 5.69974279e-04 4.54954378e-05 1.06946357e-02 5.57203861e-04 4.86794016e-05 2.01856665e-05 1.27704183e-05 -3.18396381e-06
1309             1.07113092e-02 5.69178016e-04 4.56825998e-05 1.06911267e-02 5.56403719e-04 4.88631372e-05 2.01824885e-05 1.27742971e-05 -3.18053739e-06
1310             1.07089286e-02 5.68701002e-04 4.58856772e-05 1.06887487e-02 5.55924224e-04 4.90627704e-05 2.01798360e-05 1.27767783e-05 -3.17709312e-06
1311             1.07073259e-02 5.68461295e-04 4.61007948e-05 1.06871484e-02 5.55683643e-04 4.92745683e-05 2.01775502e-05 1.27776517e-05 -3.17377356e-06
1312             1.07060936e-02 5.68315039e-04 4.63344788e-05 1.06859181e-02 5.55538084e-04 4.95051615e-05 2.01754161e-05 1.27769547e-05 -3.17068272e-06
1313             1.07052943e-02 5.68245359e-04 4.65772181e-05 1.06851210e-02 5.55470544e-04 4.97450869e-05 2.01732989e-05 1.27748148e-05 -3.16786879e-06
1314             1.07051803e-02 5.68275770e-04 4.68336055e-05 1.06850090e-02 5.55504420e-04 4.99989712e-05 2.01712700e-05 1.27713498e-05 -3.16536569e-06
1315             1.07058723e-02 5.68456136e-04 4.70976065e-05 1.06857027e-02 5.55689577e-04 5.02607967e-05 2.01695482e-05 1.27665592e-05 -3.16319012e-06
1316             1.07074038e-02 5.68857924e-04 4.73356285e-05 1.06872355e-02 5.56097439e-04 5.04970068e-05 2.01683329e-05 1.27604850e-05 -3.16137837e-06
1317             1.07100938e-02 5.69605520e-04 4.74719780e-05 1.06899261e-02 5.56852016e-04 5.06320409e-05 2.01677501e-05 1.27535037e-05 -3.16006293e-06
1318             1.07142316e-02 5.70774225e-04 4.74274593e-05 1.06940637e-02 5.58027719e-04 5.05869724e-05 2.01678969e-05 1.27465062e-05 -3.15951304e-06
1319             1.07196870e-02 5.72256230e-04 4.71943655e-05 1.06995181e-02 5.59515599e-04 5.03544098e-05 2.01688600e-05 1.27406310e-05 -3.16004428e-06
1320             1.07256787e-02 5.73779966e-04 4.68278173e-05 1.07055081e-02 5.61043295e-04 4.99896402e-05 2.01706197e-05 1.27366707e-05 -3.16182294e-06
1321             1.07315365e-02 5.75115766e-04 4.64077753e-05 1.07113634e-02 5.62381028e-04 4.95725250e-05 2.01730394e-05 1.27347384e-05 -3.16474965e-06
1322             1.07367105e-02 5.76166857e-04 4.59916195e-05 1.07165346e-02 5.63432526e-04 4.91601286e-05 2.01759482e-05 1.27343317e-05 -3.16850909e-06
1323             1.07409747e-02 5.76960139e-04 4.56136094e-05 1.07207955e-02 5.64225443e-04 4.87863048e-05 2.01791753e-05 1.27346955e-05 -3.17269543e-06
1324             1.07443860e-02 5.77549730e-04 4.53092991e-05 1.07242034e-02 5.64814621e-04 4.84862228e-05 2.01825719e-05 1.27351090e-05 -3.17692375e-06
1325             1.07469318e-02 5.77983989e-04 4.50873661e-05 1.07267458e-02 5.65248958e-04 4.82682478e-05 2.01859905e-05 1.27350307e-05 -3.18088166e-06
1326             1.07484679e-02 5.78305775e-04 4.49112190e-05 1.07282786e-02 5.65571415e-04 4.80955989e-05 2.01892321e-05 1.27343603e-05 -3.18437992e-06
1327             1.07492641e-02 5.78576915e-04 4.47435578e-05 1.07290720e-02 5.65843369e-04 4.79309347e-05 2.01920840e-05 1.27335457e-05 -3.18737694e-06
1328             1.07498662e-02 5.78853107e-04 4.45673508e-05 1.07296717e-02 5.66119804e-04 4.77572941e-05 2.01945277e-05 1.27333027e-05 -3.18994338e-06
1329             1.07502572e-02 5.79068702e-04 4.44032124e-05 1.07300605e-02 5.66334505e-04 4.75953824e-05 2.01966984e-05 1.27341973e-05 -3.19217006e-06
1330             1.07505412e-02 5.79163523e-04 4.42979308e-05 1.07303424e-02 5.66427223e-04 4.74919839e-05 2.01987528e-05 1.27362999e-05 -3.19405311e-06
1331             1.07504521e-02 5.79067041e-04 4.42851817e-05 1.07302513e-02 5.66327880e-04 4.74806722e-05 2.02007418e-05 1.27391610e-05 -3.19549047e-06
1332             1.07494970e-02 5.78734862e-04 4.43543924e-05 1.07292945e-02 5.65992661e-04 4.75507317e-05 2.02024630e-05 1.27422010e-05 -3.19633926e-06
1333             1.07469515e-02 5.78063845e-04 4.44818781e-05 1.07267481e-02 5.65318712e-04 4.76783694e-05 2.02034120e-05 1.27451329e-05 -3.19649126e-06
1334             1.07425581e-02 5.76983339e-04 4.46446946e-05 1.07223551e-02 5.64235266e-04 4.78405839e-05 2.02030070e-05 1.27480729e-05 -3.19588927e-06
1335             1.07369030e-02 5.75567934e-04 4.48204343e-05 1.07167020e-02 5.62816552e-04 4.80149779e-05 2.02009852e-05 1.27513823e-05 -3.19454358e-06
1336             1.07306673e-02 5.73951878e-04 4.50045062e-05 1.07104697e-02 5.61196532e-04 4.81970228e-05 2.01976091e-05 1.27553465e-05 -3.19251663e-06
1337             1.07246773e-02 5.72363015e-04 4.51823324e-05 1.07044838e-02 5.59603056e-04 4.83722646e-05 2.01935184e-05 1.27599588e-05 -3.18993219e-06
1338             1.07193955e-02 5.70995285e-04 4.53464770e-05 1.06992061e-02 5.58230410e-04 4.85334063e-05 2.01894210e-05 1.27648742e-05 -3.18692928e-06
1339             1.07150513e-02 5.69937154e-04 4.55065342e-05 1.06948656e-02 5.57167602e-04 4.86902030e-05 2.01857747e-05 1.27695521e-05 -3.18366878e-06
1340             1.07116802e-02 5.69179282e-04 4.56878394e-05 1.06914975e-02 5.56405918e-04 4.88681255e-05 2.01827089e-05 1.27733643e-05 -3.18028618e-06
1341             1.07094320e-02 5.68742098e-04 4.58830700e-05 1.06892518e-02 5.55966297e-04 4.90599729e-05 2.01801603e-05 1.27758013e-05 -3.17690290e-06
1342             1.07079429e-02 5.68534087e-04 4.60898827e-05 1.06877650e-02 5.55757413e-04 4.92635439e-05 2.01779667e-05 1.27766742e-05 -3.17366125e-06
1343             1.07067107e-02 5.68400787e-04 4.63188230e-05 1.06865348e-02 5.55624768e-04 4.94894798e-05 2.01759027e-05 1.27760192e-05 -3.17065682e-06
1344             1.07058439e-02 5.68330232e-04 4.65604109e-05 1.06856701e-02 5.55556286e-04 4.97283362e-05 2.01738112e-05 1.27739459e-05 -3.16792527e-06
1345             1.07056362e-02 5.68348823e-04 4.68205191e-05 1.06854644e-02 5.55578278e-04 4.99860060e-05 2.01717671e-05 1.27705449e-05 -3.16548695e-06
1346             1.07062712e-02 5.68522817e-04 4.70881329e-05 1.06861012e-02 5.55757017e-04 5.02514874e-05 2.01700123e-05 1.27658005e-05 -3.16335450e-06
1347             1.07077730e-02 5.68925432e-04 4.73272123e-05 1.06876042e-02 5.56165664e-04 5.04887838e-05 2.01687677e-05 1.27597680e-05 -3.16157143e-06
1348             1.07104244e-02 5.69675385e-04 4.74615993e-05 1.06902562e-02 5.56922538e-04 5.06218777e-05 2.01681611e-05 1.27528477e-05 -3.16027838e-06
1349             1.07145217e-02 5.70845650e-04 4.74120345e-05 1.06943534e-02 5.58099696e-04 5.05717860e-05 2.01682793e-05 1.27459537e-05 -3.15975156e-06
1350             1.07199412e-02 5.72325980e-04 4.71717552e-05 1.06997720e-02 5.59585744e-04 5.03320653e-05 2.01692058e-05 1.27402361e-05 -3.16031012e-06
1351             1.07258733e-02 5.73837568e-04 4.67999381e-05 1.07057024e-02 5.61101089e-04 4.99620563e-05 2.01709231e-05 1.27364787e-05 -3.16211815e-06
1352             1.07316510e-02 5.75154934e-04 4.63778070e-05 1.07114777e-02 5.62420174e-04 4.95428739e-05 2.01732974e-05 1.27347604e-05 -3.16506690e-06
1353             1.07367242e-02 5.76188030e-04 4.59616460e-05 1.07165480e-02 5.63453484e-04 4.91304797e-05 2.01761583e-05 1.27345459e-05 -3.16883373e-06
1354             1.07408770e-02 5.76961306e-04 4.55882053e-05 1.07206977e-02 5.64226247e-04 4.87612139e-05 2.01793309e-05 1.27350589e-05 -3.17300860e-06
1355             1.07441783e-02 5.77528466e-04 4.52936579e-05 1.07239957e-02 5.64792909e-04 4.84708602e-05 2.01826611e-05 1.27355571e-05 -3.17720231e-06
1356             1.07466050e-02 5.77936149e-04 4.50842155e-05 1.07264190e-02 5.65200658e-04 4.82653171e-05 2.01859962e-05 1.27354914e-05 -3.18110153e-06
1357             1.07480574e-02 5.78235768e-04 4.49188529e-05 1.07278682e-02 5.65500986e-04 4.81033767e-05 2.01891405e-05 1.27347819e-05 -3.18452376e-06
1358             1.07488485e-02 5.78498490e-04 4.47571468e-05 1.07286566e-02 5.65764577e-04 4.79445879e-05 2.01919029e-05 1.27339131e-05 -3.18744110e-06
1359             1.07494876e-02 5.78770884e-04 4.45850771e-05 1.07292934e-02 5.66037259e-04 4.77750134e-05 2.01942867e-05 1.27336248e-05 -3.18993637e-06
1360             1.07499360e-02 5.78981388e-04 4.44263056e-05 1.07297396e-02 5.66246918e-04 4.76184065e-05 2.01964340e-05 1.27344702e-05 -3.19210086e-06
1361             1.07502734e-02 5.79071602e-04 4.43265549e-05 1.07300749e-02 5.66335109e-04 4.75204803e-05 2.01984931e-05 1.27364926e-05 -3.19392536e-06
1362             1.07502222e-02 5.78974561e-04 4.43160994e-05 1.07300217e-02 5.66235321e-04 4.75114073e-05 2.02004983e-05 1.27392396e-05 -3.19530798e-06
1363             1.07492624e-02 5.78638304e-04 4.43852417e-05 1.07290601e-02 5.65896148e-04 4.75813513e-05 2.02022262e-05 1.27421556e-05 -3.19610958e-06
1364             1.07466811e-02 5.77961678e-04 4.45090175e-05 1.07264779e-02 5.65216697e-04 4.77052419e-05 2.02031583e-05 1.27449816e-05 -3.19622440e-06
1365             1.07422547e-02 5.76872153e-04 4.46683646e-05 1.07220520e-02 5.64124299e-04 4.78639610e-05 2.02027182e-05 1.27478546e-05 -3.19559634e-06
1366             1.07366064e-02 5.75450142e-04 4.48422279e-05 1.07164058e-02 5.62699017e-04 4.80364604e-05 2.02006679e-05 1.27511253e-05 -3.19423246e-06
1367             1.07304734e-02 5.73844469e-04 4.50240003e-05 1.07102761e-02 5.61089411e-04 4.82161967e-05 2.01973049e-05 1.27550580e-05 -3.19219638e-06
1368             1.07246040e-02 5.72271113e-04 4.52003804e-05 1.07044107e-02 5.59511489e-04 4.83899940e-05 2.01932842e-05 1.27596244e-05 -3.18961365e-06
1369             1.07194720e-02 5.70934238e-04 4.53605591e-05 1.06992827e-02 5.58169767e-04 4.85471809e-05 2.01892947e-05 1.27644713e-05 -3.18662185e-06
1370             1.07152540e-02 5.69909332e-04 4.55158762e-05 1.06950682e-02 5.57140262e-04 4.86992631e-05 2.01857660e-05 1.27690702e-05 -3.18338690e-06
1371             1.07120269e-02 5.69191860e-04 4.56904862e-05 1.06918441e-02 5.56419052e-04 4.88705323e-05 2.01828110e-05 1.27728086e-05 -3.18004613e-06
1372             1.07099127e-02 5.68793948e-04 4.58776686e-05 1.06897324e-02 5.56018749e-04 4.90543930e-05 2.01803635e-05 1.27751989e-05 -3.17672438e-06
1373             1.07085537e-02 5.68616809e-04 4.60780145e-05 1.06883754e-02 5.55840745e-04 4.92515737e-05 2.01782678e-05 1.27760642e-05 -3.17355923e-06
1374             1.07073228e-02 5.68495705e-04 4.63019079e-05 1.06871466e-02 5.55720268e-04 4.94725507e-05 2.01762774e-05 1.27754371e-05 -3.17064282e-06
1375             1.07063841e-02 5.68425755e-04 4.65410961e-05 1.06862099e-02 5.55652336e-04 4.97090901e-05 2.01742170e-05 1.27734187e-05 -3.16799404e-06
1376             1.07060755e-02 5.68433805e-04 4.68041778e-05 1.06859033e-02 5.55663729e-04 4.99697987e-05 2.01721615e-05 1.27700757e-05 -3.16562085e-06
1377             1.07066514e-02 5.68600805e-04 4.70762347e-05 1.06864810e-02 5.55835435e-04 5.02397651e-05 2.01703760e-05 1.27653697e-05 -3.16353040e-06
1378             1.07081356e-02 5.69005134e-04 4.73172091e-05 1.06879665e-02 5.56245770e-04 5.04789829e-05 2.01691060e-05 1.27593640e-05 -3.16177382e-06
1379             1.07107494e-02 5.69756945e-04 4.74504186e-05 1.06905809e-02 5.57004459e-04 5.06109202e-05 2.01684820e-05 1.27524858e-05 -3.16050165e-06
1380             1.07147997e-02 5.70928151e-04 4.73960730e-05 1.06946311e-02 5.58182474e-04 5.05560699e-05 2.01685782e-05 1.27456762e-05 -3.15999695e-06
1381             1.07201665e-02 5.72402963e-04 4.71489485e-05 1.06999971e-02 5.59662863e-04 5.03095301e-05 2.01694703e-05 1.27401003e-05 -3.16058160e-06
1382             1.07260508e-02 5.73903071e-04 4.67722711e-05 1.07058796e-02 5.61166537e-04 4.99346866e-05 2.01711390e-05 1.27365344e-05 -3.16241547e-06
1383             1.07317471e-02 5.75201372e-04 4.63484220e-05 1.07115736e-02 5.62466354e-04 4.95138048e-05 2.01734679e-05 1.27350180e-05 -3.16538284e-06
1384             1.07367214e-02 5.76217601e-04 4.59319752e-05 1.07165451e-02 5.63482617e-04 4.91011292e-05 2.01762830e-05 1.27349834e-05 -3.16915400e-06
1385             1.07407641e-02 5.76972519e-04 4.55626322e-05 1.07205847e-02 5.64236883e-04 4.87359485e-05 2.01794054e-05 1.27356363e-05 -3.17331626e-06
1386             1.07439583e-02 5.77519206e-04 4.52771146e-05 1.07237756e-02 5.64782991e-04 4.84545911e-05 2.01826753e-05 1.27362141e-05 -3.17747644e-06
1387             1.07462545e-02 5.77898410e-04 4.50805158e-05 1.07260686e-02 5.65162252e-04 4.82618345e-05 2.01859318e-05 1.27361588e-05 -3.18131878e-06
1388             1.07476191e-02 5.78174410e-04 4.49264303e-05 1.07274301e-02 5.65439005e-04 4.81110956e-05 2.01889804e-05 1.27354051e-05 -3.18466537e-06
1389             1.07484066e-02 5.78428136e-04 4.47710168e-05 1.07282150e-02 5.65693663e-04 4.79585188e-05 2.01916536e-05 1.27344734e-05 -3.18750195e-06
1390             1.07490765e-02 5.78694959e-04 4.46035395e-05 1.07288826e-02 5.65960831e-04 4.77934640e-05 2.01939775e-05 1.27341284e-05 -3.18992447e-06
1391             1.07495834e-02 5.78899435e-04 4.44508827e-05 1.07293873e-02 5.66164524e-04 4.76429070e-05 2.01961015e-05 1.27349106e-05 -3.19202433e-06
1392             1.07499658e-02 5.78982473e-04 4.43575124e-05 1.07297676e-02 5.66245638e-04 4.75512998e-05 2.01981655e-05 1.27368357e-05 -3.19378741e-06
1393             1.07499467e-02 5.78883170e-04 4.43497785e-05 1.07297465e-02 5.66143720e-04 4.75448897e-05 2.02001864e-05 1.27394498e-05 -3.19511128e-06
1394             1.07489675e-02 5.78533879e-04 4.44211217e-05 1.07287656e-02 5.65791660e-04 4.76169803e-05 2.02019161e-05 1.27422190e-05 -3.19585860e-06
1395             1.07463504e-02 5.77851321e-04 4.45419528e-05 1.07261476e-02 5.65106410e-04 4.77378797e-05 2.02028345e-05 1.27449108e-05 -3.19592685e-06
1396             1.07419013e-02 5.76757445e-04 4.46975859e-05 1.07216989e-02 5.64009754e-04 4.78928513e-05 2.02023651e-05 1.27476913e-05 -3.19526545e-06
1397             1.07362738e-02 5.75333846e-04 4.48689804e-05 1.07160735e-02 5.62582942e-04 4.80628606e-05 2.02002949e-05 1.27509038e-05 -3.19388017e-06
1398             1.07302429e-02 5.73735524e-04 4.50492261e-05 1.07100460e-02 5.60980736e-04 4.82410605e-05 2.01969516e-05 1.27547883e-05 -3.19183438e-06
1399             1.07245194e-02 5.72182483e-04 4.52224471e-05 1.07043264e-02 5.59423188e-04 4.84116996e-05 2.01930050e-05 1.27592947e-05 -3.18925251e-06
1400             1.07195445e-02 5.70877459e-04 4.53779326e-05 1.06993554e-02 5.58113392e-04 4.85642084e-05 2.01891316e-05 1.27640674e-05 -3.18627579e-06
1401             1.07154521e-02 5.69885443e-04 4.55287162e-05 1.06952663e-02 5.57116861e-04 4.87117876e-05 2.01857310e-05 1.27685826e-05 -3.18307140e-06
1402             1.07123630e-02 5.69206151e-04 4.56979261e-05 1.06921801e-02 5.56433917e-04 4.88777015e-05 2.01828965e-05 1.27722348e-05 -3.17977543e-06
1403             1.07103807e-02 5.68846574e-04 4.58779645e-05 1.06902002e-02 5.56072018e-04 4.90544795e-05 2.01805579e-05 1.27745558e-05 -3.17651502e-06
1404             1.07091081e-02 5.68697812e-04 4.60711745e-05 1.06889295e-02 5.55922424e-04 4.92446008e-05 2.01785551e-05 1.27753887e-05 -3.17342627e-06
1405             1.07078931e-02 5.68590309e-04 4.62899383e-05 1.06877165e-02 5.55815538e-04 4.94605318e-05 2.01766312e-05 1.27747704e-05 -3.17059357e-06
1406             1.07069308e-02 5.68525193e-04 4.65269184e-05 1.06867562e-02 5.55752403e-04 4.96949438e-05 2.01746060e-05 1.27727893e-05 -3.16802540e-06
1407             1.07065468e-02 5.68525935e-04 4.67926001e-05 1.06863742e-02 5.55756447e-04 4.99583196e-05 2.01725568e-05 1.27694879e-05 -3.16571956e-06
1408             1.07070420e-02 5.68683261e-04 4.70691722e-05 1.06868713e-02 5.55918455e-04 5.02328472e-05 2.01707547e-05 1.27648058e-05 -3.16367499e-06
1409             1.07084870e-02 5.69086870e-04 4.73116543e-05 1.06883175e-02 5.56328057e-04 5.04736011e-05 2.01694605e-05 1.27588133e-05 -3.16194677e-06
1410             1.07110763e-02 5.69842431e-04 4.74426910e-05 1.06909075e-02 5.57090463e-04 5.06033876e-05 2.01688155e-05 1.27519674e-05 -3.16069656e-06
1411             1.07151270e-02 5.71027433e-04 4.73800873e-05 1.06949581e-02 5.58282189e-04 5.05403066e-05 2.01688984e-05 1.27452434e-05 -3.16021931e-06
1412             1.07204472e-02 5.72495115e-04 4.71262458e-05 1.07002774e-02 5.59755296e-04 5.02870869e-05 2.01697654e-05 1.27398194e-05 -3.16084108e-06
1413             1.07262623e-02 5.73974235e-04 4.67457566e-05 1.07060909e-02 5.61237792e-04 4.99084655e-05 2.01713988e-05 1.27364434e-05 -3.16270894e-06
1414             1.07318610e-02 5.75247454e-04 4.63202886e-05 1.07116873e-02 5.62512333e-04 4.94859858e-05 2.01736839e-05 1.27351212e-05 -3.16569714e-06
1415             1.07367370e-02 5.76247209e-04 4.59026925e-05 1.07165606e-02 5.63511946e-04 4.90721654e-05 2.01764521e-05 1.27352632e-05 -3.16947288e-06
1416             1.07406690e-02 5.76985221e-04 4.55364692e-05 1.07204895e-02 5.64249160e-04 4.87100936e-05 2.01795245e-05 1.27360609e-05 -3.17362435e-06
1417             1.07437621e-02 5.77513622e-04 4.52586153e-05 1.07235794e-02 5.64776893e-04 4.84363696e-05 2.01827362e-05 1.27367290e-05 -3.17775433e-06
1418             1.07459395e-02 5.77866896e-04 4.50730124e-05 1.07257535e-02 5.65130195e-04 4.82545581e-05 2.01859179e-05 1.27367010e-05 -3.18154571e-06
1419             1.07472130e-02 5.78119516e-04 4.49288843e-05 1.07270241e-02 5.65383591e-04 4.81137081e-05 2.01888737e-05 1.27359255e-05 -3.18482387e-06
1420             1.07479784e-02 5.78361373e-04 4.47794852e-05 1.07277870e-02 5.65626418e-04 4.79670717e-05 2.01914550e-05 1.27349552e-05 -3.18758655e-06
1421             1.07486648e-02 5.78621363e-04 4.46157994e-05 1.07284711e-02 5.65886785e-04 4.78057410e-05 2.01937110e-05 1.27345782e-05 -3.18994159e-06
1422             1.07492304e-02 5.78820700e-04 4.44679650e-05 1.07290346e-02 5.66085374e-04 4.76599472e-05 2.01958035e-05 1.27353257e-05 -3.19198212e-06
1423             1.07496566e-02 5.78895444e-04 4.43804771e-05 1.07294587e-02 5.66158259e-04 4.75741670e-05 2.01978670e-05 1.27371856e-05 -3.19368982e-06
1424             1.07496493e-02 5.78789533e-04 4.43757253e-05 1.07294494e-02 5.66049836e-04 4.75706845e-05 2.01998954e-05 1.27396962e-05 -3.19495924e-06
1425             1.07486694e-02 5.78441811e-04 4.44445730e-05 1.07284678e-02 5.65699456e-04 4.76402334e-05 2.02016230e-05 1.27423546e-05 -3.19566040e-06
1426             1.07460277e-02 5.77752097e-04 4.45616738e-05 1.07258252e-02 5.65007134e-04 4.77573689e-05 2.02025133e-05 1.27449626e-05 -3.19569519e-06
1427             1.07415583e-02 5.76646559e-04 4.47143138e-05 1.07213563e-02 5.63898866e-04 4.79093245e-05 2.02020071e-05 1.27476932e-05 -3.19501071e-06
1428             1.07359241e-02 5.75212245e-04 4.48842636e-05 1.07157242e-02 5.62461368e-04 4.80778713e-05 2.01999085e-05 1.27508764e-05 -3.19360771e-06
1429             1.07300201e-02 5.73625594e-04 4.50619506e-05 1.07098235e-02 5.60870854e-04 4.82535101e-05 2.01965731e-05 1.27547397e-05 -3.19155948e-06
1430             1.07244165e-02 5.72093626e-04 4.52322290e-05 1.07042238e-02 5.59334425e-04 4.84212040e-05 2.01926900e-05 1.27592015e-05 -3.18897494e-06
1431             1.07195565e-02 5.70816451e-04 4.53846385e-05 1.06993676e-02 5.58052537e-04 4.85706473e-05 2.01889139e-05 1.27639138e-05 -3.18600884e-06
1432             1.07155648e-02 5.69851594e-04 4.55328916e-05 1.06953791e-02 5.57083240e-04 4.87157199e-05 2.01856160e-05 1.27683541e-05 -3.18282838e-06
1433             1.07126128e-02 5.69206953e-04 4.56978273e-05 1.06924299e-02 5.56435025e-04 4.88773959e-05 2.01828805e-05 1.27719275e-05 -3.17956862e-06
1434             1.07107733e-02 5.68884857e-04 4.58714281e-05 1.06905926e-02 5.56110669e-04 4.90477883e-05 2.01806400e-05 1.27741875e-05 -3.17636017e-06
1435             1.07096008e-02 5.68767103e-04 4.60573957e-05 1.06894221e-02 5.55992104e-04 4.92307347e-05 2.01787288e-05 1.27749986e-05 -3.17333898e-06
1436             1.07084191e-02 5.68678411e-04 4.62705499e-05 1.06882422e-02 5.55904008e-04 4.94411336e-05 2.01768756e-05 1.27744032e-05 -3.17058367e-06
1437             1.07074446e-02 5.68621632e-04 4.65054544e-05 1.06872697e-02 5.55849156e-04 4.96735472e-05 2.01748912e-05 1.27724760e-05 -3.16809283e-06
1438             1.07069927e-02 5.68616591e-04 4.67741472e-05 1.06868198e-02 5.55847359e-04 4.99400004e-05 2.01728510e-05 1.27692321e-05 -3.16585319e-06
1439             1.07074174e-02 5.68766125e-04 4.70553140e-05 1.06872463e-02 5.56001535e-04 5.02191686e-05 2.01710321e-05 1.27645899e-05 -3.16385458e-06
1440             1.07088270e-02 5.69170693e-04 4.72992666e-05 1.06886573e-02 5.56412064e-04 5.04614224e-05 2.01697111e-05 1.27586288e-05 -3.16215585e-06
1441             1.07113997e-02 5.69933687e-04 4.74274303e-05 1.06912307e-02 5.57181849e-04 5.05883603e-05 2.01690423e-05 1.27518374e-05 -3.16092999e-06
1442             1.07154205e-02 5.71121481e-04 4.73601359e-05 1.06952514e-02 5.58376266e-04 5.05206155e-05 2.01691016e-05 1.27452150e-05 -3.16047960e-06
1443             1.07206816e-02 5.72581844e-04 4.71015321e-05 1.07005117e-02 5.59841904e-04 5.02626620e-05 2.01699356e-05 1.27399405e-05 -3.16112991e-06
1444             1.07264330e-02 5.74046571e-04 4.67178312e-05 1.07062615e-02 5.61309826e-04 4.98808535e-05 2.01715257e-05 1.27367449e-05 -3.16302236e-06
1445             1.07319404e-02 5.75299880e-04 4.62912840e-05 1.07117666e-02 5.62564274e-04 4.94573089e-05 2.01737620e-05 1.27356066e-05 -3.16602487e-06
1446             1.07367235e-02 5.76284021e-04 4.58736049e-05 1.07165471e-02 5.63548107e-04 4.90434049e-05 2.01764796e-05 1.27359138e-05 -3.16979997e-06
1447             1.07405472e-02 5.77004833e-04 4.55111813e-05 1.07203677e-02 5.64267989e-04 4.86851162e-05 2.01794979e-05 1.27368433e-05 -3.17393486e-06
1448             1.07435445e-02 5.77516328e-04 4.52408339e-05 1.07233619e-02 5.64778735e-04 4.84188634e-05 2.01826473e-05 1.27375929e-05 -3.17802951e-06
1449             1.07456038e-02 5.77845653e-04 4.50657189e-05 1.07254180e-02 5.65108062e-04 4.82474858e-05 2.01857518e-05 1.27375911e-05 -3.18176687e-06
1450             1.07467834e-02 5.78075053e-04 4.49317491e-05 1.07265948e-02 5.65338255e-04 4.81167247e-05 2.01886140e-05 1.27367984e-05 -3.18497555e-06
1451             1.07475322e-02 5.78305361e-04 4.47887828e-05 1.07273411e-02 5.65569569e-04 4.79764460e-05 2.01911049e-05 1.27357920e-05 -3.18766312e-06
1452             1.07482348e-02 5.78557590e-04 4.46296239e-05 1.07280415e-02 5.65822211e-04 4.78195727e-05 2.01932964e-05 1.27353792e-05 -3.18994886e-06
1453             1.07488661e-02 5.78752336e-04 4.44869549e-05 1.07286708e-02 5.66016254e-04 4.76788822e-05 2.01953615e-05 1.27360817e-05 -3.19192729e-06
1454             1.07493408e-02 5.78818977e-04 4.44054171e-05 1.07291433e-02 5.66081113e-04 4.75989945e-05 2.01974291e-05 1.27378637e-05 -3.19357739e-06
1455             1.07493412e-02 5.78704206e-04 4.44043966e-05 1.07291418e-02 5.65963950e-04 4.75991865e-05 2.01994691e-05 1.27402567e-05 -3.19478993e-06
1456             1.07483397e-02 5.78347468e-04 4.44735252e-05 1.07281385e-02 5.65604687e-04 4.76689634e-05 2.02011924e-05 1.27427816e-05 -3.19543816e-06
1457             1.07456745e-02 5.77650819e-04 4.45871553e-05 1.07254725e-02 5.64905544e-04 4.77825849e-05 2.02020584e-05 1.27452749e-05 -3.19542963e-06
1458             1.07411921e-02 5.76538134e-04 4.47359597e-05 1.07209905e-02 5.63790204e-04 4.79306749e-05 2.02015220e-05 1.27479304e-05 -3.19471521e-06
1459             1.07355784e-02 5.75099942e-04 4.49036098e-05 1.07153790e-02 5.62348875e-04 4.80969027e-05 2.01994093e-05 1.27510667e-05 -3.19329294e-06
1460             1.07297439e-02 5.73517432e-04 4.50806916e-05 1.07095478e-02 5.60762549e-04 4.82719232e-05 2.01960959e-05 1.27548823e-05 -3.19123162e-06
1461             1.07242757e-02 5.72005775e-04 4.52484398e-05 1.07040834e-02 5.59246495e-04 4.84370854e-05 2.01922819e-05 1.27592795e-05 -3.18864562e-06
1462             1.07195769e-02 5.70760052e-04 4.53967832e-05 1.06993882e-02 5.57996144e-04 4.85824738e-05 2.01886151e-05 1.27639077e-05 -3.18569063e-06
1463             1.07157190e-02 5.69826551e-04 4.55415303e-05 1.06955335e-02 5.57058300e-04 4.87240659e-05 2.01854423e-05 1.27682508e-05 -3.18253564e-06
1464             1.07128991e-02 5.69216351e-04 4.57023783e-05 1.06927163e-02 5.56444629e-04 4.88816927e-05 2.01828260e-05 1.27717214e-05 -3.17931431e-06
1465             1.07111925e-02 5.68930731e-04 4.58699987e-05 1.06910118e-02 5.56156837e-04 4.90461585e-05 2.01806941e-05 1.27738939e-05 -3.17615981e-06
1466             1.07101191e-02 5.68842833e-04 4.60489904e-05 1.06899402e-02 5.56068177e-04 4.92221989e-05 2.01788793e-05 1.27746555e-05 -3.17320853e-06
1467             1.07089769e-02 5.68773570e-04 4.62558343e-05 1.06887998e-02 5.55999512e-04 4.94263681e-05 2.01771032e-05 1.27740581e-05 -3.17053385e-06
1468             1.07080000e-02 5.68725959e-04 4.64881416e-05 1.06878249e-02 5.55953796e-04 4.96562660e-05 2.01751705e-05 1.27721638e-05 -3.16812438e-06
1469             1.07074857e-02 5.68716573e-04 4.67593084e-05 1.06873125e-02 5.55947615e-04 4.99252635e-05 2.01731535e-05 1.27689574e-05 -3.16595517e-06
1470             1.07078394e-02 5.68859612e-04 4.70442014e-05 1.06876681e-02 5.56095276e-04 5.02082084e-05 2.01713312e-05 1.27643369e-05 -3.16400703e-06
1471             1.07092064e-02 5.69264330e-04 4.72891904e-05 1.06890364e-02 5.56505938e-04 5.04515331e-05 2.01699927e-05 1.27583925e-05 -3.16234273e-06
1472             1.07117581e-02 5.70034899e-04 4.74133305e-05 1.06915888e-02 5.57283252e-04 5.05744773e-05 2.01693051e-05 1.27516461e-05 -3.16114678e-06
1473             1.07157416e-02 5.71223332e-04 4.73412010e-05 1.06955722e-02 5.58478211e-04 5.05019303e-05 2.01693443e-05 1.27451214e-05 -3.16072928e-06
1474             1.07209332e-02 5.72672353e-04 4.70786240e-05 1.07007630e-02 5.59932362e-04 5.02400360e-05 2.01701491e-05 1.27399904e-05 -3.16141204e-06
1475             1.07266095e-02 5.74120082e-04 4.66920737e-05 1.07064378e-02 5.61383120e-04 4.98554033e-05 2.01716995e-05 1.27369627e-05 -3.16332957e-06
1476             1.07320155e-02 5.75352303e-04 4.62643083e-05 1.07118416e-02 5.62616310e-04 4.94306531e-05 2.01738901e-05 1.27359933e-05 -3.16634483e-06
1477             1.07366946e-02 5.76319316e-04 4.58465311e-05 1.07165181e-02 5.63582864e-04 4.90166481e-05 2.01765582e-05 1.27364519e-05 -3.17011704e-06
1478             1.07404123e-02 5.77022274e-04 4.54880800e-05 1.07202327e-02 5.64284773e-04 4.86623129e-05 2.01795232e-05 1.27375011e-05 -3.17423287e-06
1479             1.07433081e-02 5.77514561e-04 4.52257505e-05 1.07231255e-02 5.64776240e-04 4.84040404e-05 2.01826121e-05 1.27383211e-05 -3.17828987e-06
1480             1.07452436e-02 5.77818643e-04 4.50609522e-05 1.07250579e-02 5.65080307e-04 4.82429227e-05 2.01856408e-05 1.27383359e-05 -3.18197058e-06
1481             1.07463297e-02 5.78024279e-04 4.49369867e-05 1.07261413e-02 5.65286759e-04 4.81220949e-05 2.01884110e-05 1.27375204e-05 -3.18510813e-06
1482             1.07470598e-02 5.78241122e-04 4.48009850e-05 1.07268690e-02 5.65504649e-04 4.79887047e-05 2.01908139e-05 1.27364734e-05 -3.18771971e-06
1483             1.07477784e-02 5.78484902e-04 4.46463293e-05 1.07275854e-02 5.65748884e-04 4.78362641e-05 2.01929434e-05 1.27360180e-05 -3.18993476e-06
1484             1.07484691e-02 5.78673465e-04 4.45090170e-05 1.07282741e-02 5.65936796e-04 4.77008668e-05 2.01949824e-05 1.27366688e-05 -3.19184973e-06
1485             1.07489844e-02 5.78730151e-04 4.44336750e-05 1.07287873e-02 5.65991785e-04 4.76271157e-05 2.01970527e-05 1.27383658e-05 -3.19344071e-06
1486             1.07489939e-02 5.78605823e-04 4.44361500e-05 1.07287948e-02 5.65865187e-04 4.76307452e-05 2.01991019e-05 1.27406356e-05 -3.19459522e-06
1487             1.07479700e-02 5.78239037e-04 4.45053476e-05 1.07277692e-02 5.65496012e-04 4.77005381e-05 2.02008198e-05 1.27430246e-05 -3.19519045e-06
1488             1.07452746e-02 5.77533326e-04 4.46158096e-05 1.07250729e-02 5.64787924e-04 4.78109483e-05 2.02016610e-05 1.27454016e-05 -3.19513868e-06
1489             1.07407782e-02 5.76413781e-04 4.47605217e-05 1.07205771e-02 5.63665801e-04 4.79549156e-05 2.02010934e-05 1.27479791e-05 -3.19439387e-06
1490             1.07351886e-02 5.74974009e-04 4.49249955e-05 1.07149897e-02 5.62222942e-04 4.81179486e-05 2.01989667e-05 1.27510672e-05 -3.19295307e-06
1491             1.07294304e-02 5.73397383e-04 4.51011386e-05 1.07092347e-02 5.60642546e-04 4.82920204e-05 2.01956771e-05 1.27548368e-05 -3.19088186e-06
1492             1.07241001e-02 5.71907105e-04 4.52665632e-05 1.07039082e-02 5.59147937e-04 4.84548593e-05 2.01919340e-05 1.27591680e-05 -3.18829606e-06
1493             1.07195619e-02 5.70692735e-04 4.54115368e-05 1.06993735e-02 5.57929027e-04 4.85968899e-05 2.01883767e-05 1.27637078e-05 -3.18535311e-06
1494             1.07158367e-02 5.69789809e-04 4.55534500e-05 1.06956513e-02 5.57021862e-04 4.87356740e-05 2.01853267e-05 1.27679470e-05 -3.18222395e-06
1495             1.07131520e-02 5.69215336e-04 4.57098159e-05 1.06929691e-02 5.56444026e-04 4.88888575e-05 2.01828263e-05 1.27713104e-05 -3.17904164e-06
1496             1.07115830e-02 5.68967862e-04 4.58709275e-05 1.06914022e-02 5.56194466e-04 4.90468702e-05 2.01807997e-05 1.27733966e-05 -3.17594271e-06
1497             1.07106134e-02 5.68910293e-04 4.60431087e-05 1.06904343e-02 5.56136180e-04 4.92161724e-05 2.01790793e-05 1.27741128e-05 -3.17306367e-06
1498             1.07095214e-02 5.68862380e-04 4.62435903e-05 1.06893440e-02 5.56088864e-04 4.94140618e-05 2.01773802e-05 1.27735157e-05 -3.17047142e-06
1499             1.07085536e-02 5.68826575e-04 4.64730498e-05 1.06883781e-02 5.56054920e-04 4.96411951e-05 2.01755017e-05 1.27716559e-05 -3.16814539e-06
1500             1.07079836e-02 5.68815643e-04 4.67462062e-05 1.06878101e-02 5.56047153e-04 4.99122556e-05 2.01735113e-05 1.27684897e-05 -3.16604944e-06
1501             1.07082695e-02 5.68954504e-04 4.70341789e-05 1.06880978e-02 5.56190607e-04 5.01983346e-05 2.01716870e-05 1.27638968e-05 -3.16415565e-06
1502             1.07096015e-02 5.69361834e-04 4.72794116e-05 1.06894312e-02 5.56603854e-04 5.04419423e-05 2.01703306e-05 1.27579802e-05 -3.16253078e-06
1503             1.07121405e-02 5.70142479e-04 4.73983814e-05 1.06919709e-02 5.57391184e-04 5.05597525e-05 2.01696242e-05 1.27512957e-05 -3.16137112e-06
1504             1.07160868e-02 5.71331285e-04 4.73212263e-05 1.06959172e-02 5.58586396e-04 5.04822197e-05 2.01696436e-05 1.27448892e-05 -3.16099342e-06
1505             1.07211978e-02 5.72765867e-04 4.70557503e-05 1.07010274e-02 5.60025950e-04 5.02174632e-05 2.01704178e-05 1.27399166e-05 -3.16171290e-06
1506             1.07268023e-02 5.74196375e-04 4.66669569e-05 1.07066304e-02 5.61459312e-04 4.98306129e-05 2.01719267e-05 1.27370622e-05 -3.16365601e-06
1507             1.07321076e-02 5.75408198e-04 4.62382228e-05 1.07119335e-02 5.62671936e-04 4.94049058e-05 2.01740710e-05 1.27362625e-05 -3.16668294e-06
1508             1.07366702e-02 5.76356524e-04 4.58209628e-05 1.07164935e-02 5.63619652e-04 4.89914129e-05 2.01766870e-05 1.27368721e-05 -3.17045004e-06
1509             1.07402691e-02 5.77040317e-04 4.54669061e-05 1.07200895e-02 5.64302276e-04 4.86414491e-05 2.01795913e-05 1.27380402e-05 -3.17454301e-06
1510             1.07430632e-02 5.77513210e-04 4.52127624e-05 1.07228806e-02 5.64774278e-04 4.83913208e-05 2.01826112e-05 1.27389322e-05 -3.17855841e-06
1511             1.07448898e-02 5.77795171e-04 4.50571917e-05 1.07247042e-02 5.65056200e-04 4.82393724e-05 2.01855605e-05 1.27389713e-05 -3.18218077e-06
1512             1.07458841e-02 5.77979054e-04 4.49420674e-05 1.07256958e-02 5.65240905e-04 4.81273143e-05 2.01882394e-05 1.27381491e-05 -3.18524691e-06
1513             1.07465918e-02 5.78181660e-04 4.48134216e-05 1.07264012e-02 5.65444578e-04 4.80012052e-05 2.01905547e-05 1.27370815e-05 -3.18778361e-06
1514             1.07473193e-02 5.78415691e-04 4.46635764e-05 1.07271267e-02 5.65679092e-04 4.78535048e-05 2.01926192e-05 1.27365989e-05 -3.18992837e-06
1515             1.07480636e-02 5.78596710e-04 4.45319455e-05 1.07278690e-02 5.65859501e-04 4.77237247e-05 2.01946262e-05 1.27372088e-05 -3.19177918e-06
1516             1.07486212e-02 5.78643736e-04 4.44626071e-05 1.07284245e-02 5.65904909e-04 4.76559168e-05 2.01966938e-05 1.27388275e-05 -3.19330974e-06
1517             1.07486446e-02 5.78510291e-04 4.44684896e-05 1.07284459e-02 5.65769313e-04 4.76628946e-05 2.01987492e-05 1.27409782e-05 -3.19440494e-06
1518             1.07475998e-02 5.78134017e-04 4.45373557e-05 1.07273994e-02 5.65390784e-04 4.77323016e-05 2.02004603e-05 1.27432330e-05 -3.19494598e-06
1519             1.07448597e-02 5.77417086e-04 4.46445340e-05 1.07246584e-02 5.64671590e-04 4.78393841e-05 2.02012721e-05 1.27454955e-05 -3.19485007e-06
1520             1.07403390e-02 5.76289198e-04 4.47844908e-05 1.07201383e-02 5.63541200e-04 4.79785647e-05 2.02006640e-05 1.27479984e-05 -3.19407383e-06
1521             1.07347683e-02 5.74845888e-04 4.49454497e-05 1.07145698e-02 5.62094843e-04 4.81380637e-05 2.01985134e-05 1.27510455e-05 -3.19261399e-06
1522             1.07290883e-02 5.73274819e-04 4.51203371e-05 1.07088930e-02 5.60520041e-04 4.83108696e-05 2.01952421e-05 1.27547775e-05 -3.19053255e-06
1523             1.07239032e-02 5.71807070e-04 4.52832890e-05 1.07037117e-02 5.59048021e-04 4.84712360e-05 2.01915712e-05 1.27590494e-05 -3.18794700e-06
1524             1.07195308e-02 5.70624132e-04 4.54252884e-05 1.06993427e-02 5.57860629e-04 4.86103056e-05 2.01881290e-05 1.27635034e-05 -3.18501719e-06
1525             1.07159410e-02 5.69752128e-04 4.55643313e-05 1.06957558e-02 5.56984492e-04 4.87462459e-05 2.01852072e-05 1.27676358e-05 -3.18191464e-06
1526             1.07133963e-02 5.69214186e-04 4.57160098e-05 1.06932135e-02 5.56443298e-04 4.88947820e-05 2.01828257e-05 1.27708883e-05 -3.17877214e-06
1527             1.07119525e-02 5.69002677e-04 4.58708724e-05 1.06917716e-02 5.56229791e-04 4.90466023e-05 2.01809034e-05 1.27728866e-05 -3.17572993e-06
1528             1.07110761e-02 5.68971513e-04 4.60377905e-05 1.06908969e-02 5.56197958e-04 4.92107133e-05 2.01792720e-05 1.27735551e-05 -3.17292287e-06
1529             1.07100434e-02 5.68945468e-04 4.62323530e-05 1.06898657e-02 5.56172516e-04 4.94027641e-05 2.01776468e-05 1.27729515e-05 -3.17041111e-06
1530             1.07090971e-02 5.68923551e-04 4.64588598e-05 1.06889212e-02 5.56152431e-04 4.96270273e-05 2.01758258e-05 1.27711204e-05 -3.16816753e-06
1531             1.07084847e-02 5.68914037e-04 4.67338277e-05 1.06883108e-02 5.56146047e-04 4.98999729e-05 2.01738705e-05 1.27679903e-05 -3.16614521e-06
1532             1.07087001e-02 5.69049840e-04 4.70249484e-05 1.06885281e-02 5.56286419e-04 5.01892555e-05 2.01720519e-05 1.27634213e-05 -3.16430707e-06
1533             1.07099981e-02 5.69461136e-04 4.72705069e-05 1.06898275e-02 5.56703607e-04 5.04332297e-05 2.01706809e-05 1.27575290e-05 -3.16272285e-06
1534             1.07125244e-02 5.70251825e-04 4.73844705e-05 1.06923544e-02 5.57500920e-04 5.05460713e-05 2.01699552e-05 1.27509046e-05 -3.16160080e-06
1535             1.07164397e-02 5.71441556e-04 4.73025643e-05 1.06962697e-02 5.58696939e-04 5.04638283e-05 2.01699548e-05 1.27446170e-05 -3.16126407e-06
1536             1.07214752e-02 5.72862021e-04 4.70345670e-05 1.07013045e-02 5.60122217e-04 5.01965882e-05 2.01707009e-05 1.27398037e-05 -3.16202118e-06
1537             1.07269999e-02 5.74273849e-04 4.66442016e-05 1.07068278e-02 5.61536727e-04 4.98081914e-05 2.01721707e-05 1.27371217e-05 -3.16398979e-06
1538             1.07321983e-02 5.75463959e-04 4.62152738e-05 1.07120241e-02 5.62727472e-04 4.93823002e-05 2.01742686e-05 1.27364871e-05 -3.16702636e-06
1539             1.07366391e-02 5.76392522e-04 4.57993694e-05 1.07164622e-02 5.63655283e-04 4.89701539e-05 2.01768306e-05 1.27372395e-05 -3.17078452e-06
1540             1.07401278e-02 5.77060204e-04 4.54490836e-05 1.07199481e-02 5.64321685e-04 4.86239343e-05 2.01796736e-05 1.27385193e-05 -3.17485070e-06
1541             1.07428323e-02 5.77517005e-04 4.52024526e-05 1.07226497e-02 5.64777522e-04 4.83812756e-05 2.01826279e-05 1.27394830e-05 -3.17882296e-06
1542             1.07445472e-02 5.77777718e-04 4.50558111e-05 1.07243617e-02 5.65038168e-04 4.82381982e-05 2.01855030e-05 1.27395509e-05 -3.18238718e-06
1543             1.07454462e-02 5.77939871e-04 4.49497717e-05 1.07252581e-02 5.65201144e-04 4.81351539e-05 2.01880936e-05 1.27387272e-05 -3.18538215e-06
1544             1.07461309e-02 5.78128531e-04 4.48285040e-05 1.07259406e-02 5.65390889e-04 4.80163484e-05 2.01903222e-05 1.27376426e-05 -3.18784446e-06
1545             1.07468601e-02 5.78351886e-04 4.46832495e-05 1.07266677e-02 5.65614751e-04 4.78731682e-05 2.01923203e-05 1.27371353e-05 -3.18991875e-06
1546             1.07476544e-02 5.78524179e-04 4.45575678e-05 1.07274601e-02 5.65786473e-04 4.77492722e-05 2.01942929e-05 1.27377057e-05 -3.19170436e-06
1547             1.07482570e-02 5.78560748e-04 4.44950848e-05 1.07280607e-02 5.65821505e-04 4.76882567e-05 2.01963568e-05 1.27392423e-05 -3.19317188e-06
1548             1.07482894e-02 5.78416393e-04 4.45053961e-05 1.07280910e-02 5.65675130e-04 4.76995999e-05 2.01984185e-05 1.27412628e-05 -3.19420375e-06
1549             1.07472211e-02 5.78030957e-04 4.45736727e-05 1.07270209e-02 5.65287587e-04 4.77683587e-05 2.02001221e-05 1.27433695e-05 -3.19468607e-06
1550             1.07444257e-02 5.77300990e-04 4.46772915e-05 1.07242248e-02 5.64555483e-04 4.78718342e-05 2.02009010e-05 1.27455075e-05 -3.19454272e-06
1551             1.07398793e-02 5.76164633e-04 4.48112954e-05 1.07196791e-02 5.63416701e-04 4.80050283e-05 2.02002474e-05 1.27479323e-05 -3.19373297e-06
1552             1.07343342e-02 5.74717163e-04 4.49682511e-05 1.07141361e-02 5.61966221e-04 4.81605053e-05 2.01980707e-05 1.27509421e-05 -3.19225415e-06
1553             1.07287313e-02 5.73150202e-04 4.51417724e-05 1.07085364e-02 5.60395562e-04 4.83319359e-05 2.01948202e-05 1.27546402e-05 -3.19016351e-06
1554             1.07236919e-02 5.71704369e-04 4.53022109e-05 1.07035007e-02 5.58945517e-04 4.84897890e-05 2.01912266e-05 1.27588517e-05 -3.18757809e-06
1555             1.07194876e-02 5.70553854e-04 4.54408932e-05 1.06992997e-02 5.57790640e-04 4.86255536e-05 2.01879056e-05 1.27632142e-05 -3.18466041e-06
1556             1.07160440e-02 5.69714608e-04 4.55769389e-05 1.06958588e-02 5.56947375e-04 4.87585233e-05 2.01851195e-05 1.27672323e-05 -3.18158438e-06
1557             1.07136327e-02 5.69211504e-04 4.57242206e-05 1.06934498e-02 5.56441140e-04 4.89027030e-05 2.01828624e-05 1.27703642e-05 -3.17848240e-06
1558             1.07123133e-02 5.69035996e-04 4.58719771e-05 1.06921322e-02 5.56263730e-04 4.90474748e-05 2.01810454e-05 1.27722667e-05 -3.17549765e-06
1559             1.07115296e-02 5.69030239e-04 4.60333073e-05 1.06913501e-02 5.56257353e-04 4.92060716e-05 2.01795022e-05 1.27728856e-05 -3.17276431e-06
1560             1.07105625e-02 5.69023625e-04 4.62228536e-05 1.06903845e-02 5.56251350e-04 4.93931879e-05 2.01779522e-05 1.27722745e-05 -3.17033431e-06
1561             1.07096405e-02 5.69017465e-04 4.64457990e-05 1.06894643e-02 5.56246997e-04 4.96139729e-05 2.01761951e-05 1.27704683e-05 -3.16817386e-06
1562             1.07089993e-02 5.69012713e-04 4.67217590e-05 1.06888250e-02 5.56245340e-04 4.98879865e-05 2.01742809e-05 1.27673728e-05 -3.16622749e-06
1563             1.07091520e-02 5.69147619e-04 4.70155740e-05 1.06889795e-02 5.56384792e-04 5.01800230e-05 2.01724759e-05 1.27628268e-05 -3.16444902e-06
1564             1.07104093e-02 5.69562285e-04 4.72615281e-05 1.06902382e-02 5.56805327e-04 5.04244378e-05 2.01710955e-05 1.27569580e-05 -3.16290969e-06
1565             1.07129271e-02 5.70364602e-04 4.73698651e-05 1.06927568e-02 5.57614208e-04 5.05316940e-05 2.01703523e-05 1.27503946e-05 -3.16182891e-06
1566             1.07168185e-02 5.71556469e-04 4.72827504e-05 1.06966482e-02 5.58812237e-04 5.04442880e-05 2.01703337e-05 1.27442312e-05 -3.16153759e-06
1567             1.07217801e-02 5.72962349e-04 4.70125069e-05 1.07016091e-02 5.60222766e-04 5.01748436e-05 2.01710544e-05 1.27395836e-05 -3.16233676e-06
1568             1.07272108e-02 5.74352063e-04 4.66216913e-05 1.07070383e-02 5.61614988e-04 4.97860245e-05 2.01724854e-05 1.27370747e-05 -3.16433319e-06
1569             1.07322986e-02 5.75519592e-04 4.61931520e-05 1.07121240e-02 5.62782992e-04 4.93605308e-05 2.01745342e-05 1.27365999e-05 -3.16737886e-06
1570             1.07366195e-02 5.76428593e-04 4.57787017e-05 1.07164424e-02 5.63691104e-04 4.89498286e-05 2.01770395e-05 1.27374891e-05 -3.17112686e-06
1571             1.07400029e-02 5.77081811e-04 4.54312736e-05 1.07198231e-02 5.64342930e-04 4.86064399e-05 2.01798203e-05 1.27388810e-05 -3.17516624e-06
1572             1.07426119e-02 5.77522044e-04 4.51915404e-05 1.07224292e-02 5.64782118e-04 4.83706377e-05 2.01827085e-05 1.27399262e-05 -3.17909736e-06
1573             1.07442291e-02 5.77764787e-04 4.50521660e-05 1.07240436e-02 5.65024746e-04 4.82347738e-05 2.01855101e-05 1.27400415e-05 -3.18260778e-06
1574             1.07450305e-02 5.77904300e-04 4.49552237e-05 1.07248425e-02 5.65165061e-04 4.81407608e-05 2.01880155e-05 1.27392397e-05 -3.18553717e-06
1575             1.07456805e-02 5.78077743e-04 4.48414471e-05 1.07254903e-02 5.65339586e-04 4.80293756e-05 2.01901587e-05 1.27381571e-05 -3.18792856e-06
1576             1.07464066e-02 5.78290270e-04 4.47009509e-05 1.07262145e-02 5.65552630e-04 4.78908852e-05 2.01920885e-05 1.27376403e-05 -3.18993433e-06
1577             1.07472451e-02 5.78453447e-04 4.45813877e-05 1.07270511e-02 5.65715264e-04 4.77730438e-05 2.01940233e-05 1.27381834e-05 -3.19165613e-06
1578             1.07478981e-02 5.78479976e-04 4.45259142e-05 1.07277020e-02 5.65740328e-04 4.77189755e-05 2.01960811e-05 1.27396473e-05 -3.19306133e-06
1579             1.07479437e-02 5.78324747e-04 4.45410369e-05 1.07277456e-02 5.65583202e-04 4.77350672e-05 2.01981493e-05 1.27415444e-05 -3.19403029e-06
1580             1.07468425e-02 5.77927971e-04 4.46093513e-05 1.07266427e-02 5.65184465e-04 4.78038044e-05 2.01998444e-05 1.27435056e-05 -3.19445306e-06
1581             1.07439875e-02 5.77183865e-04 4.47094962e-05 1.07237869e-02 5.64438345e-04 4.79037563e-05 2.02005859e-05 1.27455200e-05 -3.19426010e-06
1582             1.07394120e-02 5.76037524e-04 4.48377526e-05 1.07192121e-02 5.63289655e-04 4.80311674e-05 2.01998810e-05 1.27478694e-05 -3.19341474e-06
1583             1.07338955e-02 5.74586330e-04 4.49903264e-05 1.07136978e-02 5.61835483e-04 4.81822418e-05 2.01976743e-05 1.27508470e-05 -3.19191535e-06
1584             1.07283619e-02 5.73020855e-04 4.51626822e-05 1.07081675e-02 5.60266337e-04 4.83524961e-05 2.01944413e-05 1.27545180e-05 -3.18981390e-06
1585             1.07234839e-02 5.71600424e-04 4.53202841e-05 1.07032930e-02 5.58841749e-04 4.85075097e-05 2.01909220e-05 1.27586748e-05 -3.18722555e-06
1586             1.07194513e-02 5.70483097e-04 4.54559603e-05 1.06992636e-02 5.57720147e-04 4.86402804e-05 2.01877257e-05 1.27629493e-05 -3.18432008e-06
1587             1.07161527e-02 5.69676020e-04 4.55900671e-05 1.06959676e-02 5.56909172e-04 4.87713368e-05 2.01850817e-05 1.27668483e-05 -3.18126969e-06
1588             1.07138647e-02 5.69206079e-04 4.57338675e-05 1.06936817e-02 5.56436234e-04 4.89120721e-05 2.01829521e-05 1.27698447e-05 -3.17820456e-06
1589             1.07126622e-02 5.69065486e-04 4.58752363e-05 1.06924809e-02 5.56293852e-04 4.90505080e-05 2.01812387e-05 1.27716330e-05 -3.17527174e-06
1590             1.07119699e-02 5.69085814e-04 4.60307557e-05 1.06917901e-02 5.56313627e-04 4.92033627e-05 2.01797793e-05 1.27721866e-05 -3.17260697e-06
1591             1.07110840e-02 5.69102827e-04 4.62143642e-05 1.06909057e-02 5.56331268e-04 4.93846201e-05 2.01783024e-05 1.27715597e-05 -3.17025594e-06
1592             1.07102017e-02 5.69112169e-04 4.64344615e-05 1.06900251e-02 5.56342396e-04 4.96026396e-05 2.01766112e-05 1.27697731e-05 -3.16817813e-06
1593             1.07095465e-02 5.69115165e-04 4.67106715e-05 1.06893717e-02 5.56348461e-04 4.98769790e-05 2.01747479e-05 1.27667047e-05 -3.16630749e-06
1594             1.07096455e-02 5.69252402e-04 4.70063054e-05 1.06894725e-02 5.56490224e-04 5.01708957e-05 2.01729663e-05 1.27621782e-05 -3.16459031e-06
1595             1.07108527e-02 5.69670558e-04 4.72522368e-05 1.06906811e-02 5.56914227e-04 5.04153356e-05 2.01715802e-05 1.27563315e-05 -3.16309888e-06
1596             1.07133568e-02 5.70483707e-04 4.73548607e-05 1.06931860e-02 5.57733880e-04 5.05169226e-05 2.01708154e-05 1.27498270e-05 -3.16206194e-06
1597             1.07172316e-02 5.71678714e-04 4.72617024e-05 1.06970608e-02 5.58934927e-04 5.04235212e-05 2.01707730e-05 1.27437873e-05 -3.16181876e-06
1598             1.07221183e-02 5.73067992e-04 4.69896947e-05 1.07019468e-02 5.60328686e-04 5.01523580e-05 2.01714683e-05 1.27393068e-05 -3.16266328e-06
1599             1.07274415e-02 5.74431716e-04 4.65991323e-05 1.07072687e-02 5.61694748e-04 4.97638211e-05 2.01728664e-05 1.27369676e-05 -3.16468884e-06
1600             1.07324107e-02 5.75575123e-04 4.61711660e-05 1.07122358e-02 5.62838479e-04 4.93389074e-05 2.01748634e-05 1.27366448e-05 -3.16774147e-06
1601             1.07366087e-02 5.76464207e-04 4.57582645e-05 1.07164314e-02 5.63726545e-04 4.89297403e-05 2.01773057e-05 1.27376624e-05 -3.17147581e-06
1602             1.07398899e-02 5.77104003e-04 4.54131031e-05 1.07197099e-02 5.64364843e-04 4.85885883e-05 2.01800171e-05 1.27391597e-05 -3.17548519e-06
1603             1.07423988e-02 5.77527223e-04 4.51799194e-05 1.07222159e-02 5.64786938e-04 4.83592928e-05 2.01828323e-05 1.27402858e-05 -3.17937345e-06
1604             1.07439136e-02 5.77751249e-04 4.50476931e-05 1.07237281e-02 5.65010797e-04 4.82305222e-05 2.01855548e-05 1.27404515e-05 -3.18282909e-06
1605             1.07446202e-02 5.77869971e-04 4.49587939e-05 1.07244322e-02 5.65130292e-04 4.81444866e-05 2.01879719e-05 1.27396784e-05 -3.18569268e-06
1606             1.07452321e-02 5.78027382e-04 4.48524767e-05 1.07250421e-02 5.65288774e-04 4.80404909e-05 2.01900284e-05 1.27386079e-05 -3.18801428e-06
1607             1.07459528e-02 5.78227411e-04 4.47173820e-05 1.07257609e-02 5.65489323e-04 4.79073337e-05 2.01918890e-05 1.27380878e-05 -3.18995174e-06
1608             1.07468330e-02 5.78380780e-04 4.46041298e-05 1.07266392e-02 5.65642176e-04 4.77957382e-05 2.01937838e-05 1.27386042e-05 -3.19160847e-06
1609             1.07475413e-02 5.78398314e-04 4.45552020e-05 1.07273454e-02 5.65658318e-04 4.77481523e-05 2.01958322e-05 1.27399959e-05 -3.19295037e-06
1610             1.07475924e-02 5.78229885e-04 4.45753410e-05 1.07273945e-02 5.65488112e-04 4.77691977e-05 2.01979019e-05 1.27417734e-05 -3.19385672e-06
1611             1.07464389e-02 5.77817558e-04 4.46440672e-05 1.07262393e-02 5.65073965e-04 4.78382865e-05 2.01995791e-05 1.27435934e-05 -3.19421924e-06
1612             1.07435234e-02 5.77057466e-04 4.47410681e-05 1.07233232e-02 5.64311978e-04 4.79350427e-05 2.02002723e-05 1.27454882e-05 -3.19397464e-06
1613             1.07389334e-02 5.75902845e-04 4.48640984e-05 1.07187339e-02 5.63155081e-04 4.80571904e-05 2.01995133e-05 1.27477635e-05 -3.19309195e-06
1614             1.07334362e-02 5.74445764e-04 4.50121610e-05 1.07132390e-02 5.61695057e-04 4.82037320e-05 2.01972823e-05 1.27507062e-05 -3.19157100e-06
1615             1.07279958e-02 5.72888638e-04 4.51814842e-05 1.07078017e-02 5.60134287e-04 4.83709429e-05 2.01940726e-05 1.27543510e-05 -3.18945864e-06
1616             1.07232646e-02 5.71490770e-04 4.53373613e-05 1.07030739e-02 5.58732314e-04 4.85242308e-05 2.01906333e-05 1.27584559e-05 -3.18686953e-06
1617             1.07194025e-02 5.70405826e-04 4.54709991e-05 1.06992149e-02 5.57643189e-04 4.86549743e-05 2.01875585e-05 1.27626376e-05 -3.18397519e-06
1618             1.07162548e-02 5.69631743e-04 4.56030381e-05 1.06960698e-02 5.56865332e-04 4.87839867e-05 2.01850478e-05 1.27664104e-05 -3.18094866e-06
1619             1.07141011e-02 5.69197090e-04 4.57424549e-05 1.06939180e-02 5.56427817e-04 4.89203757e-05 2.01830387e-05 1.27692727e-05 -3.17792087e-06
1620             1.07130164e-02 5.69091201e-04 4.58772267e-05 1.06928350e-02 5.56320246e-04 4.90522692e-05 2.01814250e-05 1.27709552e-05 -3.17504248e-06
1621             1.07123975e-02 5.69135544e-04 4.60273912e-05 1.06922175e-02 5.56364092e-04 4.91998393e-05 2.01800445e-05 1.27714519e-05 -3.17244818e-06
1622             1.07115979e-02 5.69175564e-04 4.62053523e-05 1.06914193e-02 5.56404750e-04 4.93755284e-05 2.01786343e-05 1.27708137e-05 -3.17017608e-06
1623             1.07107642e-02 5.69202420e-04 4.64222703e-05 1.06905871e-02 5.56433371e-04 4.95904506e-05 2.01770092e-05 1.27690492e-05 -3.16818023e-06
1624             1.07101061e-02 5.69217848e-04 4.66977389e-05 1.06899309e-02 5.56451834e-04 4.98641251e-05 2.01752014e-05 1.27660140e-05 -3.16638623e-06
1625             1.07101621e-02 5.69362697e-04 4.69938970e-05 1.06899887e-02 5.56601178e-04 5.01586316e-05 2.01734496e-05 1.27615191e-05 -3.16473453e-06
1626             1.07113233e-02 5.69786850e-04 4.72389113e-05 1.06911513e-02 5.57031137e-04 5.04022092e-05 2.01720625e-05 1.27557130e-05 -3.16329791e-06
1627             1.07138147e-02 5.70610902e-04 4.73359134e-05 1.06936434e-02 5.57861614e-04 5.04982255e-05 2.01712777e-05 1.27492879e-05 -3.16231216e-06
1628             1.07176678e-02 5.71807791e-04 4.72370949e-05 1.06974966e-02 5.59064403e-04 5.03992178e-05 2.01712106e-05 1.27433885e-05 -3.16212288e-06
1629             1.07224745e-02 5.73179654e-04 4.69633695e-05 1.07023026e-02 5.60440565e-04 5.01263855e-05 2.01718757e-05 1.27390886e-05 -3.16301597e-06
1630             1.07276832e-02 5.74515676e-04 4.65744647e-05 1.07075100e-02 5.61778747e-04 4.97395356e-05 2.01732309e-05 1.27369283e-05 -3.16507086e-06
1631             1.07325308e-02 5.75634878e-04 4.61481409e-05 1.07123556e-02 5.62898121e-04 4.93162692e-05 2.01751729e-05 1.27367574e-05 -3.16812827e-06
1632             1.07365946e-02 5.76502516e-04 4.57380856e-05 1.07164170e-02 5.63764619e-04 4.89099309e-05 2.01775509e-05 1.27378973e-05 -3.17184536e-06
1633             1.07397603e-02 5.77127599e-04 4.53961697e-05 1.07195802e-02 5.64388108e-04 4.85719893e-05 2.01801901e-05 1.27394909e-05 -3.17581961e-06
1634             1.07421689e-02 5.77533853e-04 4.51700954e-05 1.07219859e-02 5.64793164e-04 4.83497547e-05 2.01829295e-05 1.27406884e-05 -3.17965924e-06
1635             1.07435814e-02 5.77739734e-04 4.50450815e-05 1.07233958e-02 5.64998836e-04 4.82281362e-05 2.01855719e-05 1.27408984e-05 -3.18305468e-06
1636             1.07441977e-02 5.77838460e-04 4.49641814e-05 1.07240098e-02 5.65098307e-04 4.81500301e-05 2.01879011e-05 1.27401530e-05 -3.18584864e-06
1637             1.07447687e-02 5.77979771e-04 4.48650769e-05 1.07245788e-02 5.65240672e-04 4.80531755e-05 2.01898717e-05 1.27390987e-05 -3.18809856e-06
1638             1.07454904e-02 5.78167358e-04 4.47355551e-05 1.07252988e-02 5.65428776e-04 4.79255217e-05 2.01916639e-05 1.27385817e-05 -3.18996669e-06
1639             1.07464102e-02 5.78309829e-04 4.46288899e-05 1.07262167e-02 5.65570753e-04 4.78204474e-05 2.01935199e-05 1.27390756e-05 -3.19155747e-06
1640             1.07471691e-02 5.78316851e-04 4.45869188e-05 1.07269736e-02 5.65576456e-04 4.77797531e-05 2.01955595e-05 1.27403956e-05 -3.19283433e-06
1641             1.07472233e-02 5.78134906e-04 4.46122581e-05 1.07270257e-02 5.65392856e-04 4.78059338e-05 2.01976304e-05 1.27420504e-05 -3.19367573e-06
1642             1.07460176e-02 5.77707070e-04 4.46816738e-05 1.07258183e-02 5.64963347e-04 4.78756495e-05 2.01992899e-05 1.27437234e-05 -3.19397572e-06
1643             1.07430427e-02 5.76930854e-04 4.47760432e-05 1.07228428e-02 5.64185366e-04 4.79697201e-05 2.01999362e-05 1.27454881e-05 -3.19367687e-06
1644             1.07384283e-02 5.75765323e-04 4.48935219e-05 1.07182292e-02 5.63017646e-04 4.80862750e-05 2.01991203e-05 1.27476765e-05 -3.19275306e-06
1645             1.07329939e-02 5.74310706e-04 4.50373064e-05 1.07127971e-02 5.61560134e-04 4.82285129e-05 2.01968599e-05 1.27505714e-05 -3.19120650e-06
1646             1.07276661e-02 5.72766792e-04 4.52036822e-05 1.07074724e-02 5.60012620e-04 4.83927666e-05 2.01936854e-05 1.27541719e-05 -3.18908438e-06
1647             1.07230752e-02 5.71393297e-04 4.53568557e-05 1.07028848e-02 5.58635091e-04 4.85433543e-05 2.01903433e-05 1.27582056e-05 -3.18649864e-06
1648             1.07193405e-02 5.70332412e-04 4.54896860e-05 1.06991531e-02 5.57570137e-04 4.86733041e-05 2.01873992e-05 1.27622750e-05 -3.18361810e-06
1649             1.07163284e-02 5.69587081e-04 4.56203363e-05 1.06961433e-02 5.56821180e-04 4.88009493e-05 2.01850191e-05 1.27659004e-05 -3.18061293e-06
1650             1.07143243e-02 5.69188943e-04 4.57548808e-05 1.06941412e-02 5.56420332e-04 4.89324998e-05 2.01831269e-05 1.27686103e-05 -3.17761895e-06
1651             1.07133746e-02 5.69118640e-04 4.58829102e-05 1.06931929e-02 5.56348464e-04 4.90577038e-05 2.01816165e-05 1.27701755e-05 -3.17479365e-06
1652             1.07128404e-02 5.69186563e-04 4.60272346e-05 1.06926601e-02 5.56415957e-04 4.91995043e-05 2.01803241e-05 1.27706059e-05 -3.17226969e-06
1653             1.07121165e-02 5.69249283e-04 4.61989319e-05 1.06919375e-02 5.56479334e-04 4.93690090e-05 2.01789897e-05 1.27699487e-05 -3.17007717e-06
1654             1.07113173e-02 5.69290808e-04 4.64130350e-05 1.06911399e-02 5.56522610e-04 4.95811987e-05 2.01774320e-05 1.27681982e-05 -3.16816369e-06
1655             1.07106627e-02 5.69318921e-04 4.66873944e-05 1.06904870e-02 5.56553736e-04 4.98538400e-05 2.01756797e-05 1.27651851e-05 -3.16644557e-06
1656             1.07106875e-02 5.69473159e-04 4.69829867e-05 1.06905135e-02 5.56712444e-04 5.01478468e-05 2.01739619e-05 1.27607155e-05 -3.16486012e-06
1657             1.07118102e-02 5.69905024e-04 4.72257489e-05 1.06916377e-02 5.57150073e-04 5.03892303e-05 2.01725816e-05 1.27549519e-05 -3.16348132e-06
1658             1.07142856e-02 5.70738343e-04 4.73169301e-05 1.06941138e-02 5.57989730e-04 5.04794811e-05 2.01717838e-05 1.27486135e-05 -3.16255105e-06
1659             1.07180783e-02 5.71922994e-04 4.72153752e-05 1.06979067e-02 5.59180140e-04 5.03777908e-05 2.01716889e-05 1.27428541e-05 -3.16241562e-06
1660             1.07227996e-02 5.73276703e-04 4.69410569e-05 1.07026273e-02 5.60537982e-04 5.01044067e-05 2.01723197e-05 1.27387205e-05 -3.16334977e-06
1661             1.07279072e-02 5.74591792e-04 4.65534225e-05 1.07077336e-02 5.61855068e-04 4.97188502e-05 2.01736308e-05 1.27367234e-05 -3.16542768e-06
1662             1.07326524e-02 5.75691968e-04 4.61284904e-05 1.07124769e-02 5.62955274e-04 4.92969787e-05 2.01755245e-05 1.27366937e-05 -3.16848826e-06
1663             1.07365932e-02 5.76538982e-04 4.57211592e-05 1.07164154e-02 5.63801035e-04 4.88933486e-05 2.01778475e-05 1.27379473e-05 -3.17218932e-06
1664             1.07396489e-02 5.77147690e-04 4.53826431e-05 1.07194685e-02 5.64408060e-04 4.85587732e-05 2.01804217e-05 1.27396295e-05 -3.17613006e-06
1665             1.07419488e-02 5.77535189e-04 4.51633328e-05 1.07217657e-02 5.64794296e-04 4.83432551e-05 2.01830869e-05 1.27408928e-05 -3.17992235e-06
1666             1.07432471e-02 5.77720306e-04 4.50460352e-05 1.07230614e-02 5.64979161e-04 4.82292934e-05 2.01856458e-05 1.27411448e-05 -3.18325822e-06
1667             1.07437442e-02 5.77797291e-04 4.49729796e-05 1.07235563e-02 5.65056865e-04 4.81589638e-05 2.01878748e-05 1.27404260e-05 -3.18598418e-06
1668             1.07442829e-02 5.77923608e-04 4.48810754e-05 1.07240931e-02 5.65184219e-04 4.80692352e-05 2.01897568e-05 1.27393885e-05 -3.18815978e-06
1669             1.07450254e-02 5.78098980e-04 4.47580892e-05 1.07248340e-02 5.65360106e-04 4.79480463e-05 2.01914860e-05 1.27388734e-05 -3.18995711e-06
1670             1.07459961e-02 5.78231974e-04 4.46579499e-05 1.07258028e-02 5.65492634e-04 4.78494318e-05 2.01933114e-05 1.27393399e-05 -3.19148195e-06
1671             1.07467933e-02 5.78228150e-04 4.46228573e-05 1.07265980e-02 5.65487565e-04 4.78155523e-05 2.01953447e-05 1.27405853e-05 -3.19269507e-06
1672             1.07468439e-02 5.78033425e-04 4.46531652e-05 1.07266465e-02 5.65291308e-04 4.78466379e-05 2.01974126e-05 1.27421174e-05 -3.19347267e-06
1673             1.07455727e-02 5.77583347e-04 4.47250800e-05 1.07253737e-02 5.64839706e-04 4.79187880e-05 2.01990459e-05 1.27436414e-05 -3.19370801e-06
1674             1.07425479e-02 5.76794073e-04 4.48170861e-05 1.07223482e-02 5.64048805e-04 4.80104361e-05 2.01996466e-05 1.27452674e-05 -3.19335000e-06
1675             1.07379327e-02 5.75624964e-04 4.49299079e-05 1.07177339e-02 5.62877608e-04 4.81222898e-05 2.01987840e-05 1.27473564e-05 -3.19238196e-06
1676             1.07325621e-02 5.74175898e-04 4.50690142e-05 1.07123656e-02 5.61425711e-04 4.82598238e-05 2.01965098e-05 1.27501873e-05 -3.19080969e-06
1677             1.07273500e-02 5.72647845e-04 4.52311058e-05 1.07071567e-02 5.59894112e-04 4.84197847e-05 2.01933768e-05 1.27537330e-05 -3.18867886e-06
1678             1.07228791e-02 5.71291623e-04 4.53829883e-05 1.07026890e-02 5.58533933e-04 4.85690848e-05 2.01901256e-05 1.27576896e-05 -3.18609646e-06
1679             1.07193184e-02 5.70263994e-04 4.55124176e-05 1.06991311e-02 5.57502347e-04 4.86956469e-05 2.01873024e-05 1.27616467e-05 -3.18322932e-06
1680             1.07164571e-02 5.69550581e-04 4.56406333e-05 1.06962721e-02 5.56785446e-04 4.88208851e-05 2.01850560e-05 1.27651356e-05 -3.18025180e-06
1681             1.07145871e-02 5.69186408e-04 4.57708880e-05 1.06944038e-02 5.56418705e-04 4.89481871e-05 2.01832906e-05 1.27677032e-05 -3.17729910e-06
1682             1.07137364e-02 5.69144532e-04 4.58940690e-05 1.06935545e-02 5.56375385e-04 4.90685985e-05 2.01818873e-05 1.27691475e-05 -3.17452957e-06
1683             1.07132723e-02 5.69233038e-04 4.60335018e-05 1.06930916e-02 5.56463542e-04 4.92055748e-05 2.01806806e-05 1.27694955e-05 -3.17207294e-06
1684             1.07126538e-02 5.69317820e-04 4.62002381e-05 1.06924744e-02 5.56549023e-04 4.93701917e-05 2.01794263e-05 1.27687976e-05 -3.16995364e-06
1685             1.07118995e-02 5.69376689e-04 4.64102455e-05 1.06917215e-02 5.56609647e-04 4.95783660e-05 2.01779463e-05 1.27670413e-05 -3.16812057e-06
1686             1.07112385e-02 5.69417954e-04 4.66823042e-05 1.06910622e-02 5.56653911e-04 4.98487829e-05 2.01762574e-05 1.27640434e-05 -3.16647876e-06
1687             1.07112217e-02 5.69581539e-04 4.69762612e-05 1.06910471e-02 5.56821937e-04 5.01412218e-05 2.01745758e-05 1.27596019e-05 -3.16496062e-06
1688             1.07122996e-02 5.70018955e-04 4.72168641e-05 1.06921264e-02 5.57265068e-04 5.03805046e-05 2.01732020e-05 1.27538877e-05 -3.16364045e-06
1689             1.07147624e-02 5.70860446e-04 4.73024845e-05 1.06945900e-02 5.58112806e-04 5.04652504e-05 2.01723927e-05 1.27476402e-05 -3.16276584e-06
1690             1.07185376e-02 5.72046950e-04 4.71945228e-05 1.06983653e-02 5.59304920e-04 5.03572114e-05 2.01722824e-05 1.27420299e-05 -3.16268854e-06
1691             1.07231761e-02 5.73382667e-04 4.69185721e-05 1.07030032e-02 5.60644584e-04 5.00822479e-05 2.01728918e-05 1.27380837e-05 -3.16367587e-06
1692             1.07281462e-02 5.74666845e-04 4.65334727e-05 1.07079720e-02 5.61930579e-04 4.96992585e-05 2.01741640e-05 1.27362660e-05 -3.16578584e-06
1693             1.07327687e-02 5.75743104e-04 4.61103837e-05 1.07125927e-02 5.63006721e-04 4.92792348e-05 2.01760019e-05 1.27363829e-05 -3.16885113e-06
1694             1.07365919e-02 5.76571930e-04 4.57048464e-05 1.07164136e-02 5.63834174e-04 4.88773822e-05 2.01782610e-05 1.27377564e-05 -3.17253581e-06
1695             1.07395342e-02 5.77163936e-04 4.53703177e-05 1.07193534e-02 5.64424400e-04 4.85467617e-05 2.01807656e-05 1.27395369e-05 -3.17644404e-06
1696             1.07417195e-02 5.77533101e-04 4.51572097e-05 1.07215361e-02 5.64792228e-04 4.83373997e-05 2.01833538e-05 1.27408730e-05 -3.18018996e-06
1697             1.07429114e-02 5.77698985e-04 4.50465938e-05 1.07227255e-02 5.64957809e-04 4.82300618e-05 2.01858271e-05 1.27411760e-05 -3.18346799e-06
1698             1.07433384e-02 5.77759106e-04 4.49798509e-05 1.07231505e-02 5.65018608e-04 4.81659806e-05 2.01879668e-05 1.27404979e-05 -3.18612969e-06
1699             1.07438404e-02 5.77869917e-04 4.48944917e-05 1.07236506e-02 5.65130423e-04 4.80827310e-05 2.01897667e-05 1.27394937e-05 -3.18823928e-06
1700             1.07445661e-02 5.78028325e-04 4.47787568e-05 1.07243746e-02 5.65289332e-04 4.79687283e-05 2.01914294e-05 1.27389933e-05 -3.18997152e-06
1701             1.07455570e-02 5.78148220e-04 4.46857969e-05 1.07253638e-02 5.65408783e-04 4.78772271e-05 2.01932103e-05 1.27394368e-05 -3.19143022e-06
1702             1.07463875e-02 5.78132201e-04 4.46578231e-05 1.07261923e-02 5.65391592e-04 4.78503996e-05 2.01952227e-05 1.27406092e-05 -3.19257654e-06
1703             1.07464516e-02 5.77925335e-04 4.46931297e-05 1.07262543e-02 5.65183313e-04 4.78864175e-05 2.01972810e-05 1.27420220e-05 -3.19328779e-06
1704             1.07451416e-02 5.77460928e-04 4.47660018e-05 1.07249427e-02 5.64717522e-04 4.79594623e-05 2.01988932e-05 1.27434067e-05 -3.19346046e-06
1705             1.07420716e-02 5.76658214e-04 4.48555844e-05 1.07218721e-02 5.63913305e-04 4.80486329e-05 2.01994511e-05 1.27449091e-05 -3.19304856e-06
1706             1.07374530e-02 5.75481296e-04 4.49646208e-05 1.07172545e-02 5.62734387e-04 4.81566606e-05 2.01985424e-05 1.27469093e-05 -3.19203976e-06
1707             1.07321383e-02 5.74036098e-04 4.50991820e-05 1.07119421e-02 5.61286418e-04 4.82896237e-05 2.01962516e-05 1.27496798e-05 -3.19044175e-06
1708             1.07270336e-02 5.72524705e-04 4.52566489e-05 1.07068404e-02 5.59771530e-04 4.84449501e-05 2.01931538e-05 1.27531747e-05 -3.18830124e-06
1709             1.07226933e-02 5.71192064e-04 4.54057933e-05 1.07025033e-02 5.58435000e-04 4.85915167e-05 2.01899871e-05 1.27570645e-05 -3.18572340e-06
1710             1.07192821e-02 5.70193040e-04 4.55334973e-05 1.06990948e-02 5.57432119e-04 4.87163686e-05 2.01872786e-05 1.27609208e-05 -3.18287133e-06
1711             1.07165677e-02 5.69510158e-04 4.56598243e-05 1.06963826e-02 5.56745880e-04 4.88397436e-05 2.01851542e-05 1.27642785e-05 -3.17991927e-06
1712             1.07148446e-02 5.69180870e-04 4.57855721e-05 1.06946611e-02 5.56414160e-04 4.89625769e-05 2.01835041e-05 1.27667095e-05 -3.17700483e-06
1713             1.07141017e-02 5.69168036e-04 4.59036854e-05 1.06939195e-02 5.56399994e-04 4.90779743e-05 2.01822007e-05 1.27680419e-05 -3.17428885e-06
1714             1.07137134e-02 5.69278909e-04 4.60375612e-05 1.06935323e-02 5.56510591e-04 4.92094592e-05 2.01810744e-05 1.27683187e-05 -3.17189798e-06
1715             1.07131664e-02 5.69385434e-04 4.61985961e-05 1.06929865e-02 5.56617840e-04 4.93684486e-05 2.01798876e-05 1.27675943e-05 -3.16985254e-06
1716             1.07124595e-02 5.69461601e-04 4.64047224e-05 1.06922810e-02 5.56695754e-04 4.95728190e-05 2.01784699e-05 1.27658470e-05 -3.16809666e-06
1717             1.07118261e-02 5.69518380e-04 4.66741391e-05 1.06916492e-02 5.56755502e-04 4.98406686e-05 2.01768376e-05 1.27628780e-05 -3.16652945e-06
1718             1.07117961e-02 5.69693145e-04 4.69657850e-05 1.06916209e-02 5.56934664e-04 5.01308657e-05 2.01751978e-05 1.27584808e-05 -3.16508062e-06
1719             1.07128297e-02 5.70136285e-04 4.72034995e-05 1.06926559e-02 5.57383451e-04 5.03673228e-05 2.01738386e-05 1.27528341e-05 -3.16382327e-06
1720             1.07152643e-02 5.70983829e-04 4.72835939e-05 1.06950913e-02 5.58237135e-04 5.04466015e-05 2.01730189e-05 1.27466946e-05 -3.16300757e-06
1721             1.07190147e-02 5.72170553e-04 4.71698035e-05 1.06988418e-02 5.59429310e-04 5.03327920e-05 2.01728875e-05 1.27412439e-05 -3.16298850e-06
1722             1.07235727e-02 5.73487673e-04 4.68928565e-05 1.07033992e-02 5.60750185e-04 5.00568831e-05 2.01734692e-05 1.27374883e-05 -3.16402660e-06
1723             1.07284127e-02 5.74741050e-04 4.65109714e-05 1.07082380e-02 5.62005201e-04 4.96771367e-05 2.01746993e-05 1.27358488e-05 -3.16616523e-06
1724             1.07329139e-02 5.75793405e-04 4.60901670e-05 1.07127374e-02 5.63057296e-04 4.92593990e-05 2.01764806e-05 1.27361097e-05 -3.16923200e-06
1725             1.07366145e-02 5.76603345e-04 4.56868667e-05 1.07164358e-02 5.63865742e-04 4.88597640e-05 2.01786740e-05 1.27376022e-05 -3.17289738e-06
1726             1.07394486e-02 5.77178712e-04 4.53566955e-05 1.07192675e-02 5.64439230e-04 4.85334658e-05 2.01811064e-05 1.27394816e-05 -3.17677030e-06
1727             1.07415376e-02 5.77533392e-04 4.51483929e-05 1.07213539e-02 5.64792495e-04 4.83288618e-05 2.01836183e-05 1.27408969e-05 -3.18046884e-06
1728             1.07426449e-02 5.77685105e-04 4.50426822e-05 1.07224589e-02 5.64943836e-04 4.82263747e-05 2.01860118e-05 1.27412691e-05 -3.18369246e-06
1729             1.07430171e-02 5.77732192e-04 4.49810604e-05 1.07228290e-02 5.64991535e-04 4.81673577e-05 2.01880714e-05 1.27406566e-05 -3.18629730e-06
1730             1.07434763e-02 5.77826755e-04 4.49027328e-05 1.07232865e-02 5.65087049e-04 4.80910805e-05 2.01897963e-05 1.27397065e-05 -3.18834774e-06
1731             1.07441759e-02 5.77966707e-04 4.47953342e-05 1.07239845e-02 5.65227477e-04 4.79853524e-05 2.01913934e-05 1.27392299e-05 -3.19001817e-06
1732             1.07451762e-02 5.78072943e-04 4.47098592e-05 1.07249831e-02 5.65333292e-04 4.79012705e-05 2.01931245e-05 1.27396510e-05 -3.19141130e-06
1733             1.07460386e-02 5.78046242e-04 4.46883929e-05 1.07258435e-02 5.65305489e-04 4.78808840e-05 2.01951078e-05 1.27407525e-05 -3.19249109e-06
1734             1.07461090e-02 5.77827041e-04 4.47281625e-05 1.07259119e-02 5.65084986e-04 4.79213000e-05 2.01971477e-05 1.27420551e-05 -3.19313749e-06
1735             1.07447483e-02 5.77346485e-04 4.48018994e-05 1.07245495e-02 5.64603170e-04 4.79951485e-05 2.01987296e-05 1.27433142e-05 -3.19324918e-06
1736             1.07416261e-02 5.76529039e-04 4.48890123e-05 1.07214269e-02 5.63784332e-04 4.80817962e-05 2.01992366e-05 1.27447074e-05 -3.19278389e-06
1737             1.07370038e-02 5.75344073e-04 4.49945627e-05 1.07168055e-02 5.62597442e-04 4.81862965e-05 2.01982771e-05 1.27466310e-05 -3.19173378e-06
1738             1.07317431e-02 5.73902887e-04 4.51247154e-05 1.07115471e-02 5.61153538e-04 4.83148243e-05 2.01959690e-05 1.27493495e-05 -3.19010888e-06
1739             1.07267342e-02 5.72408085e-04 4.52772525e-05 1.07065413e-02 5.59655285e-04 4.84652098e-05 2.01929051e-05 1.27528005e-05 -3.18795730e-06
1740             1.07225136e-02 5.71098778e-04 4.54233766e-05 1.07023238e-02 5.58342146e-04 4.86087591e-05 2.01898186e-05 1.27566317e-05 -3.18538249e-06
1741             1.07192438e-02 5.70126736e-04 4.55495665e-05 1.06990566e-02 5.57366339e-04 4.87321111e-05 2.01872178e-05 1.27603976e-05 -3.18254465e-06
1742             1.07166844e-02 5.69474280e-04 4.56742664e-05 1.06964992e-02 5.56710647e-04 4.88538829e-05 2.01852113e-05 1.27636329e-05 -3.17961651e-06
1743             1.07151085e-02 5.69179347e-04 4.57957847e-05 1.06949249e-02 5.56413413e-04 4.89725235e-05 2.01836768e-05 1.27659335e-05 -3.17673877e-06
1744             1.07144590e-02 5.69193309e-04 4.59093718e-05 1.06942765e-02 5.56426152e-04 4.90834457e-05 2.01824733e-05 1.27671570e-05 -3.17407395e-06
1745             1.07141367e-02 5.69326114e-04 4.60377423e-05 1.06939552e-02 5.56558751e-04 4.92094879e-05 2.01814242e-05 1.27673632e-05 -3.17174554e-06
1746             1.07136563e-02 5.69454195e-04 4.61930924e-05 1.06934760e-02 5.56687581e-04 4.93628636e-05 2.01803000e-05 1.27666136e-05 -3.16977119e-06
1747             1.07130006e-02 5.69549060e-04 4.63946171e-05 1.06928217e-02 5.56784179e-04 4.95627082e-05 2.01789411e-05 1.27648803e-05 -3.16809104e-06
1748             1.07123965e-02 5.69621792e-04 4.66606818e-05 1.06922191e-02 5.56859841e-04 4.98272811e-05 2.01773646e-05 1.27619514e-05 -3.16659924e-06
1749             1.07123526e-02 5.69808215e-04 4.69492421e-05 1.06921768e-02 5.57050601e-04 5.01144642e-05 2.01757673e-05 1.27576142e-05 -3.16522201e-06
1750             1.07133478e-02 5.70258942e-04 4.71832636e-05 1.06931733e-02 5.57506889e-04 5.03472944e-05 2.01744257e-05 1.27520524e-05 -3.16403082e-06
1751             1.07157477e-02 5.71111106e-04 4.72587228e-05 1.06955741e-02 5.58365072e-04 5.04219997e-05 2.01735990e-05 1.27460339e-05 -3.16327693e-06
1752             1.07194631e-02 5.72296316e-04 4.71404522e-05 1.06992896e-02 5.59555574e-04 5.03037679e-05 2.01734474e-05 1.27407423e-05 -3.16331561e-06
1753             1.07239371e-02 5.73596154e-04 4.68627831e-05 1.07037631e-02 5.60858986e-04 5.00271847e-05 2.01739994e-05 1.27371677e-05 -3.16440162e-06
1754             1.07286457e-02 5.74820222e-04 4.64841441e-05 1.07084705e-02 5.62084525e-04 4.96507106e-05 2.01751839e-05 1.27356972e-05 -3.16656642e-06
1755             1.07330188e-02 5.75847843e-04 4.60662190e-05 1.07128419e-02 5.63111747e-04 4.92358519e-05 2.01769035e-05 1.27360963e-05 -3.16963282e-06
1756             1.07365952e-02 5.76638569e-04 4.56654204e-05 1.07164162e-02 5.63900864e-04 4.88386975e-05 2.01790247e-05 1.27377046e-05 -3.17327714e-06
1757             1.07393235e-02 5.77197826e-04 4.53394858e-05 1.07191422e-02 5.64458142e-04 4.85165997e-05 2.01813801e-05 1.27396842e-05 -3.17711390e-06
1758             1.07413221e-02 5.77539301e-04 4.51353680e-05 1.07211383e-02 5.64798116e-04 4.83161338e-05 2.01838138e-05 1.27411852e-05 -3.18076585e-06
1759             1.07423454e-02 5.77676863e-04 4.50347032e-05 1.07221593e-02 5.64935228e-04 4.82186399e-05 2.01861279e-05 1.27416358e-05 -3.18393673e-06
1760             1.07426763e-02 5.77714294e-04 4.49774839e-05 1.07224882e-02 5.64973196e-04 4.81639711e-05 2.01881102e-05 1.27410979e-05 -3.18648720e-06
1761             1.07430873e-02 5.77793083e-04 4.49059572e-05 1.07228976e-02 5.65052871e-04 4.80944393e-05 2.01897622e-05 1.27402126e-05 -3.18848213e-06
1762             1.07437589e-02 5.77913939e-04 4.48076021e-05 1.07235676e-02 5.65174170e-04 4.79976960e-05 2.01912924e-05 1.27397688e-05 -3.19009389e-06
1763             1.07447597e-02 5.78004412e-04 4.47306691e-05 1.07245667e-02 5.65264242e-04 4.79220919e-05 2.01929692e-05 1.27401708e-05 -3.19142280e-06
1764             1.07456464e-02 5.77965178e-04 4.47168531e-05 1.07254515e-02 5.65223979e-04 4.79092880e-05 2.01949166e-05 1.27411993e-05 -3.19243498e-06
1765             1.07457278e-02 5.77735092e-04 4.47611588e-05 1.07255309e-02 5.64992705e-04 4.79541733e-05 2.01969321e-05 1.27423873e-05 -3.19301449e-06
1766             1.07443149e-02 5.77237494e-04 4.48365214e-05 1.07241164e-02 5.64493976e-04 4.80295852e-05 2.01984801e-05 1.27435181e-05 -3.19306388e-06
1767             1.07411384e-02 5.76404201e-04 4.49221455e-05 1.07209395e-02 5.63659404e-04 4.81146885e-05 2.01989334e-05 1.27447967e-05 -3.19254298e-06
1768             1.07365182e-02 5.75212712e-04 4.50242199e-05 1.07163203e-02 5.62466076e-04 4.82156686e-05 2.01979218e-05 1.27466357e-05 -3.19144872e-06
1769             1.07313108e-02 5.73775575e-04 4.51503364e-05 1.07111152e-02 5.61026280e-04 4.83401311e-05 2.01955960e-05 1.27492950e-05 -3.18979476e-06
1770             1.07264041e-02 5.72298800e-04 4.52977514e-05 1.07062115e-02 5.59546105e-04 4.84853815e-05 2.01925663e-05 1.27526944e-05 -3.18763008e-06
1771             1.07223048e-02 5.71013392e-04 4.54407484e-05 1.07021153e-02 5.58256931e-04 4.86258055e-05 2.01895605e-05 1.27564616e-05 -3.18505714e-06
1772             1.07191806e-02 5.70068233e-04 4.55657168e-05 1.06989935e-02 5.57308101e-04 4.87479493e-05 2.01870681e-05 1.27601320e-05 -3.18223251e-06
1773             1.07167804e-02 5.69445892e-04 4.56892214e-05 1.06965952e-02 5.56682654e-04 4.88685482e-05 2.01851804e-05 1.27632377e-05 -3.17932686e-06
1774             1.07153461e-02 5.69182920e-04 4.58073032e-05 1.06951624e-02 5.56417523e-04 4.89837867e-05 2.01837611e-05 1.27653972e-05 -3.17648343e-06
1775             1.07147927e-02 5.69222705e-04 4.59168607e-05 1.06946100e-02 5.56456208e-04 4.90907266e-05 2.01826562e-05 1.27664969e-05 -3.17386587e-06
1776             1.07145317e-02 5.69375968e-04 4.60402317e-05 1.06943500e-02 5.56609353e-04 4.92118270e-05 2.01816829e-05 1.27666147e-05 -3.17159530e-06
1777             1.07141248e-02 5.69527622e-04 4.61894200e-05 1.06939442e-02 5.56761801e-04 4.93591074e-05 2.01806202e-05 1.27658213e-05 -3.16968743e-06
1778             1.07135346e-02 5.69641531e-04 4.63863463e-05 1.06933553e-02 5.56877445e-04 4.95544264e-05 2.01793205e-05 1.27640857e-05 -3.16808019e-06
1779             1.07129703e-02 5.69731503e-04 4.66481376e-05 1.06927925e-02 5.56970319e-04 4.98148002e-05 2.01778066e-05 1.27611847e-05 -3.16666261e-06
1780             1.07129221e-02 5.69931247e-04 4.69325637e-05 1.06927458e-02 5.57174345e-04 5.00979216e-05 2.01762599e-05 1.27569019e-05 -3.16535796e-06
1781             1.07138804e-02 5.70390222e-04 4.71620604e-05 1.06937055e-02 5.57638799e-04 5.03262961e-05 2.01749429e-05 1.27514227e-05 -3.16423565e-06
1782             1.07162409e-02 5.71245108e-04 4.72332696e-05 1.06960668e-02 5.58499589e-04 5.03968155e-05 2.01741136e-05 1.27455195e-05 -3.16354587e-06
1783             1.07199189e-02 5.72427828e-04 4.71108296e-05 1.06997449e-02 5.59687453e-04 5.02744723e-05 2.01739440e-05 1.27403746e-05 -3.16364266e-06
1784             1.07243152e-02 5.73711396e-04 4.68321006e-05 1.07041408e-02 5.60974430e-04 4.99968769e-05 2.01744689e-05 1.27369657e-05 -3.16477626e-06
1785             1.07288908e-02 5.74905190e-04 4.64569655e-05 1.07087152e-02 5.62169540e-04 4.96239327e-05 2.01756115e-05 1.27356502e-05 -3.16696721e-06
1786             1.07331255e-02 5.75905358e-04 4.60424464e-05 1.07129483e-02 5.63169185e-04 4.92124787e-05 2.01772710e-05 1.27361734e-05 -3.17003227e-06
1787             1.07365749e-02 5.76675823e-04 4.56443176e-05 1.07163956e-02 5.63937940e-04 4.88179711e-05 2.01793192e-05 1.27378836e-05 -3.17365346e-06
1788             1.07391997e-02 5.77218727e-04 4.53227961e-05 1.07190181e-02 5.64478775e-04 4.85002483e-05 2.01815976e-05 1.27399512e-05 -3.17745213e-06
1789             1.07411065e-02 5.77547388e-04 4.51225643e-05 1.07209225e-02 5.64805861e-04 4.83036206e-05 2.01839553e-05 1.27415272e-05 -3.18105623e-06
1790             1.07420473e-02 5.77671367e-04 4.50266135e-05 1.07218611e-02 5.64929318e-04 4.82107875e-05 2.01861935e-05 1.27420489e-05 -3.18417407e-06
1791             1.07423382e-02 5.77699725e-04 4.49734985e-05 1.07221501e-02 5.64958145e-04 4.81601690e-05 2.01881031e-05 1.27415806e-05 -3.18667054e-06
1792             1.07427016e-02 5.77763390e-04 4.49083032e-05 1.07225119e-02 5.65022633e-04 4.80969143e-05 2.01896864e-05 1.27407575e-05 -3.18861109e-06
1793             1.07433438e-02 5.77864439e-04 4.48193069e-05 1.07231527e-02 5.65124094e-04 4.80094726e-05 2.01911528e-05 1.27403449e-05 -3.19016574e-06
1794             1.07443387e-02 5.77937217e-04 4.47516099e-05 1.07241459e-02 5.65196494e-04 4.79430407e-05 2.01927767e-05 1.27407229e-05 -3.19143082e-06
1795             1.07452431e-02 5.77884552e-04 4.47457979e-05 1.07250485e-02 5.65142882e-04 4.79381722e-05 2.01946873e-05 1.27416707e-05 -3.19237435e-06
1796             1.07453314e-02 5.77642906e-04 4.47949081e-05 1.07251347e-02 5.64900169e-04 4.79877936e-05 2.01966763e-05 1.27427366e-05 -3.19288543e-06
1797             1.07438698e-02 5.77128575e-04 4.48720944e-05 1.07236716e-02 5.64384843e-04 4.80649658e-05 2.01981891e-05 1.27437327e-05 -3.19287131e-06
1798             1.07406353e-02 5.76277858e-04 4.49569724e-05 1.07204367e-02 5.63532969e-04 4.81492660e-05 2.01985888e-05 1.27448897e-05 -3.19229364e-06
1799             1.07360139e-02 5.75078957e-04 4.50561359e-05 1.07158164e-02 5.62332323e-04 4.82472888e-05 2.01975248e-05 1.27466344e-05 -3.19115295e-06
1800             1.07308652e-02 5.73647055e-04 4.51782313e-05 1.07106700e-02 5.60897832e-04 4.83676989e-05 2.01951825e-05 1.27492235e-05 -3.18946764e-06
1801             1.07260732e-02 5.72189992e-04 4.53206524e-05 1.07058810e-02 5.59437431e-04 4.85079409e-05 2.01921915e-05 1.27525612e-05 -3.18728856e-06
1802             1.07220993e-02 5.70929277e-04 4.54605598e-05 1.07019101e-02 5.58173023e-04 4.86452769e-05 2.01892731e-05 1.27562542e-05 -3.18471710e-06
1803             1.07191053e-02 5.70008846e-04 4.55845495e-05 1.06989184e-02 5.57249027e-04 4.87664551e-05 2.01868916e-05 1.27598199e-05 -3.18190566e-06
1804             1.07168600e-02 5.69416312e-04 4.57067717e-05 1.06966749e-02 5.56653524e-04 4.88857933e-05 2.01851202e-05 1.27627876e-05 -3.17902155e-06
1805             1.07155726e-02 5.69185502e-04 4.58214703e-05 1.06953887e-02 5.56420703e-04 4.89976819e-05 2.01838142e-05 1.27647993e-05 -3.17621164e-06
1806             1.07151212e-02 5.69251277e-04 4.59272220e-05 1.06949384e-02 5.56485508e-04 4.91008629e-05 2.01828099e-05 1.27657687e-05 -3.17364085e-06
1807             1.07149174e-02 5.69424238e-04 4.60459080e-05 1.06947355e-02 5.56658448e-04 4.92173352e-05 2.01819161e-05 1.27657898e-05 -3.17142726e-06
1808             1.07145805e-02 5.69596983e-04 4.61899029e-05 1.06943996e-02 5.56832041e-04 4.93594866e-05 2.01809172e-05 1.27649416e-05 -3.16958374e-06
1809             1.07140602e-02 5.69732089e-04 4.63814618e-05 1.06938805e-02 5.56968898e-04 4.95495087e-05 2.01796800e-05 1.27631915e-05 -3.16804691e-06
1810             1.07135480e-02 5.69842208e-04 4.66379537e-05 1.06933698e-02 5.57081897e-04 4.98046571e-05 2.01782307e-05 1.27603112e-05 -3.16670340e-06
1811             1.07135078e-02 5.70056831e-04 4.69177531e-05 1.06933310e-02 5.57300751e-04 5.00832265e-05 2.01767404e-05 1.27560794e-05 -3.16547341e-06
1812             1.07144368e-02 5.70525158e-04 4.71423165e-05 1.06942614e-02 5.57774477e-04 5.03067395e-05 2.01754562e-05 1.27506808e-05 -3.16442304e-06
1813             1.07167608e-02 5.71383287e-04 4.72088772e-05 1.06965861e-02 5.58638395e-04 5.03726780e-05 2.01746324e-05 1.27448923e-05 -3.16380082e-06
1814             1.07203953e-02 5.72562179e-04 4.70823962e-05 1.07002208e-02 5.59822286e-04 5.02463550e-05 2.01744499e-05 1.27398935e-05 -3.16395871e-06
1815             1.07247075e-02 5.73828691e-04 4.68026317e-05 1.07045326e-02 5.61092043e-04 4.99677735e-05 2.01749487e-05 1.27366485e-05 -3.16514174e-06
1816             1.07291460e-02 5.74991495e-04 4.64310983e-05 1.07089699e-02 5.62256009e-04 4.95984584e-05 2.01760479e-05 1.27354858e-05 -3.16736007e-06
1817             1.07332414e-02 5.75963576e-04 4.60203728e-05 1.07130638e-02 5.63227446e-04 4.91907973e-05 2.01776460e-05 1.27361302e-05 -3.17042445e-06
1818             1.07365651e-02 5.76712664e-04 4.56254300e-05 1.07163855e-02 5.63974726e-04 4.87994523e-05 2.01796222e-05 1.27379378e-05 -3.17402231e-06
1819             1.07390870e-02 5.77238284e-04 4.53088095e-05 1.07189052e-02 5.64498197e-04 4.84865911e-05 2.01818261e-05 1.27400866e-05 -3.17778168e-06
1820             1.07408924e-02 5.77552970e-04 4.51125767e-05 1.07207083e-02 5.64811239e-04 4.82939127e-05 2.01841090e-05 1.27417301e-05 -3.18133601e-06
1821             1.07417492e-02 5.77664621e-04 4.50205097e-05 1.07215630e-02 5.64922303e-04 4.82049088e-05 2.01862697e-05 1.27423182e-05 -3.18439904e-06
1822             1.07420049e-02 5.77684834e-04 4.49710353e-05 1.07218168e-02 5.64942913e-04 4.81578767e-05 2.01881051e-05 1.27419206e-05 -3.18684142e-06
1823             1.07423284e-02 5.77734666e-04 4.49117401e-05 1.07221388e-02 5.64993502e-04 4.81004685e-05 2.01896210e-05 1.27411632e-05 -3.18872835e-06
1824             1.07429360e-02 5.77815205e-04 4.48320514e-05 1.07227450e-02 5.65074418e-04 4.80222780e-05 2.01910256e-05 1.27407862e-05 -3.19022668e-06
1825             1.07439116e-02 5.77868211e-04 4.47736527e-05 1.07237190e-02 5.65127067e-04 4.79650810e-05 2.01925948e-05 1.27411441e-05 -3.19142824e-06
1826             1.07448207e-02 5.77800794e-04 4.47753085e-05 1.07246263e-02 5.65058777e-04 4.79676112e-05 2.01944618e-05 1.27420167e-05 -3.19230272e-06
1827             1.07449145e-02 5.77547472e-04 4.48286623e-05 1.07247181e-02 5.64804502e-04 4.80214075e-05 2.01964162e-05 1.27429702e-05 -3.19274520e-06
1828             1.07434075e-02 5.77016330e-04 4.49075533e-05 1.07232096e-02 5.64272486e-04 4.81002212e-05 2.01978890e-05 1.27438433e-05 -3.19266793e-06
1829             1.07401200e-02 5.76148591e-04 4.49916166e-05 1.07199218e-02 5.63403702e-04 4.81836506e-05 2.01982342e-05 1.27448890e-05 -3.19203396e-06
1830             1.07355002e-02 5.74942158e-04 4.50879626e-05 1.07153031e-02 5.62195613e-04 4.82788098e-05 2.01971199e-05 1.27465456e-05 -3.19084720e-06
1831             1.07304143e-02 5.73516520e-04 4.52057976e-05 1.07102195e-02 5.60767453e-04 4.83949284e-05 2.01947634e-05 1.27490672e-05 -3.18913073e-06
1832             1.07257339e-02 5.72079455e-04 4.53428279e-05 1.07055421e-02 5.59327110e-04 4.85297660e-05 2.01918116e-05 1.27523454e-05 -3.18693807e-06
1833             1.07218855e-02 5.70844440e-04 4.54789631e-05 1.07016965e-02 5.58088472e-04 4.86633327e-05 2.01889787e-05 1.27559685e-05 -3.18436969e-06
1834             1.07190128e-02 5.69946803e-04 4.56018573e-05 1.06988261e-02 5.57187366e-04 4.87834309e-05 2.01867041e-05 1.27594371e-05 -3.18157358e-06
1835             1.07169181e-02 5.69382941e-04 4.57225305e-05 1.06967331e-02 5.56620664e-04 4.89012432e-05 2.01850435e-05 1.27622763e-05 -3.17871272e-06
1836             1.07157725e-02 5.69182369e-04 4.58338195e-05 1.06955886e-02 5.56418218e-04 4.90097574e-05 2.01838457e-05 1.27641514e-05 -3.17593790e-06
1837             1.07154261e-02 5.69273131e-04 4.59356192e-05 1.06952431e-02 5.56508129e-04 4.91090344e-05 2.01829392e-05 1.27650020e-05 -3.17341515e-06
1838             1.07152748e-02 5.69463751e-04 4.60497784e-05 1.06950927e-02 5.56698814e-04 4.92210378e-05 2.01821239e-05 1.27649375e-05 -3.17125943e-06
1839             1.07150049e-02 5.69657353e-04 4.61879091e-05 1.06948237e-02 5.56893307e-04 4.93573897e-05 2.01811875e-05 1.27640454e-05 -3.16948056e-06
1840             1.07145599e-02 5.69814487e-04 4.63737004e-05 1.06943798e-02 5.57052193e-04 4.95417156e-05 2.01800122e-05 1.27622937e-05 -3.16801524e-06
1841             1.07141024e-02 5.69944764e-04 4.66251129e-05 1.06939237e-02 5.57185318e-04 4.97918600e-05 2.01786292e-05 1.27594457e-05 -3.16674710e-06
1842             1.07140788e-02 5.70175471e-04 4.69003249e-05 1.06939016e-02 5.57420198e-04 5.00659175e-05 2.01771989e-05 1.27552728e-05 -3.16559257e-06
1843             1.07149882e-02 5.70655568e-04 4.71195212e-05 1.06948123e-02 5.57905605e-04 5.02841368e-05 2.01759528e-05 1.27499625e-05 -3.16461558e-06
1844             1.07172743e-02 5.71518331e-04 4.71809367e-05 1.06970991e-02 5.58774031e-04 5.03450004e-05 2.01751381e-05 1.27442998e-05 -3.16406369e-06
1845             1.07208960e-02 5.72706478e-04 4.70471058e-05 1.07007211e-02 5.59967009e-04 5.02113956e-05 2.01749474e-05 1.27394694e-05 -3.16428974e-06
1846             1.07251241e-02 5.73954545e-04 4.67654926e-05 1.07049487e-02 5.61218121e-04 4.99310287e-05 2.01754224e-05 1.27364242e-05 -3.16553601e-06
1847             1.07294161e-02 5.75079868e-04 4.63981304e-05 1.07092396e-02 5.62344418e-04 4.95659234e-05 2.01764780e-05 1.27354498e-05 -3.16779300e-06
1848             1.07333561e-02 5.76018561e-04 4.59921302e-05 1.07131781e-02 5.63282318e-04 4.91629925e-05 2.01780102e-05 1.27362430e-05 -3.17086224e-06
1849             1.07365538e-02 5.76747250e-04 4.56008961e-05 1.07163739e-02 5.64009082e-04 4.87753341e-05 2.01799096e-05 1.27381678e-05 -3.17443804e-06
1850             1.07389802e-02 5.77259696e-04 4.52893020e-05 1.07187982e-02 5.64519283e-04 4.84674607e-05 2.01820382e-05 1.27404126e-05 -3.17815870e-06
1851             1.07406862e-02 5.77563377e-04 4.50971533e-05 1.07205019e-02 5.64821242e-04 4.82788175e-05 2.01842472e-05 1.27421349e-05 -3.18166420e-06
1852             1.07414542e-02 5.77664028e-04 4.50086298e-05 1.07212678e-02 5.64921228e-04 4.81933030e-05 2.01863278e-05 1.27427997e-05 -3.18467322e-06
1853             1.07416677e-02 5.77675119e-04 4.49629587e-05 1.07214796e-02 5.64932634e-04 4.81500206e-05 2.01880807e-05 1.27424851e-05 -3.18706189e-06
1854             1.07419596e-02 5.77712455e-04 4.49092549e-05 1.07217701e-02 5.64970647e-04 4.80981503e-05 2.01895206e-05 1.27418078e-05 -3.18889538e-06
1855             1.07425401e-02 5.77773917e-04 4.48387939e-05 1.07223492e-02 5.65032434e-04 4.80291318e-05 2.01908595e-05 1.27414837e-05 -3.19033789e-06
1856             1.07434931e-02 5.77806700e-04 4.47903702e-05 1.07233008e-02 5.65064861e-04 4.79818466e-05 2.01923731e-05 1.27418386e-05 -3.19147639e-06
1857             1.07443977e-02 5.77724351e-04 4.47996183e-05 1.07242035e-02 5.64981702e-04 4.79918993e-05 2.01941934e-05 1.27426493e-05 -3.19228107e-06
1858             1.07444892e-02 5.77458234e-04 4.48575821e-05 1.07242931e-02 5.64714731e-04 4.80502356e-05 2.01961057e-05 1.27435029e-05 -3.19265348e-06
1859             1.07429446e-02 5.76911455e-04 4.49382491e-05 1.07227471e-02 5.64167190e-04 4.81307601e-05 2.01975310e-05 1.27442642e-05 -3.19251106e-06
1860             1.07396080e-02 5.76027732e-04 4.50215685e-05 1.07194101e-02 5.63282523e-04 4.82133880e-05 2.01978173e-05 1.27452095e-05 -3.19181948e-06
1861             1.07349995e-02 5.74816651e-04 4.51146741e-05 1.07148029e-02 5.62069862e-04 4.83052602e-05 2.01966518e-05 1.27467885e-05 -3.19058607e-06
1862             1.07299737e-02 5.73396770e-04 4.52286959e-05 1.07097794e-02 5.60647518e-04 4.84175345e-05 2.01942813e-05 1.27492516e-05 -3.18883860e-06
1863             1.07253968e-02 5.71978658e-04 4.53603699e-05 1.07052055e-02 5.59226183e-04 4.85470011e-05 2.01913659e-05 1.27524742e-05 -3.18663119e-06
1864             1.07216702e-02 5.70769033e-04 4.54923790e-05 1.07014816e-02 5.58013003e-04 4.86764432e-05 2.01886125e-05 1.27560307e-05 -3.18406423e-06
1865             1.07189189e-02 5.69895356e-04 4.56133380e-05 1.06987325e-02 5.57135948e-04 4.87946202e-05 2.01864377e-05 1.27594077e-05 -3.18128219e-06
1866             1.07169721e-02 5.69359327e-04 4.57324244e-05 1.06967872e-02 5.56597201e-04 4.89108684e-05 2.01848821e-05 1.27621262e-05 -3.17844407e-06
1867             1.07159605e-02 5.69187039e-04 4.58405913e-05 1.06957768e-02 5.56423168e-04 4.90162942e-05 2.01837868e-05 1.27638702e-05 -3.17570291e-06
1868             1.07157155e-02 5.69302243e-04 4.59378539e-05 1.06955325e-02 5.56537637e-04 4.91110800e-05 2.01829726e-05 1.27646064e-05 -3.17322611e-06
1869             1.07156137e-02 5.69509876e-04 4.60469962e-05 1.06954315e-02 5.56745414e-04 4.92181228e-05 2.01822304e-05 1.27644627e-05 -3.17112655e-06
1870             1.07154063e-02 5.69722817e-04 4.61793013e-05 1.06952249e-02 5.56959285e-04 4.93487119e-05 2.01813517e-05 1.27635329e-05 -3.16941062e-06
1871             1.07150317e-02 5.69900308e-04 4.63597822e-05 1.06948515e-02 5.57138526e-04 4.95277962e-05 2.01802334e-05 1.27617820e-05 -3.16801399e-06
1872             1.07146338e-02 5.70051697e-04 4.66057916e-05 1.06944549e-02 5.57292732e-04 4.97726095e-05 2.01789133e-05 1.27589652e-05 -3.16681794e-06
1873             1.07146321e-02 5.70299913e-04 4.68757454e-05 1.06944545e-02 5.57545061e-04 5.00414825e-05 2.01775420e-05 1.27548519e-05 -3.16573712e-06
1874             1.07155312e-02 5.70793458e-04 4.70890631e-05 1.06953549e-02 5.58043824e-04 5.02538967e-05 2.01763354e-05 1.27496339e-05 -3.16483358e-06
1875             1.07177817e-02 5.71661118e-04 4.71452180e-05 1.06976062e-02 5.58917016e-04 5.03095712e-05 2.01755319e-05 1.27441022e-05 -3.16435327e-06
1876             1.07213527e-02 5.72843754e-04 4.70077900e-05 1.07011774e-02 5.60104317e-04 5.01724349e-05 2.01753269e-05 1.27394370e-05 -3.16464488e-06
1877             1.07254985e-02 5.74075179e-04 4.67247011e-05 1.07053227e-02 5.61338603e-04 4.98906458e-05 2.01757695e-05 1.27365761e-05 -3.16594474e-06
1878             1.07296653e-02 5.75171119e-04 4.63609354e-05 1.07094885e-02 5.62435340e-04 4.95291697e-05 2.01767777e-05 1.27357794e-05 -3.16823429e-06
1879             1.07334624e-02 5.76080271e-04 4.59603861e-05 1.07132842e-02 5.63343557e-04 4.91316931e-05 2.01782489e-05 1.27367142e-05 -3.17130702e-06
1880             1.07365375e-02 5.76787890e-04 4.55742782e-05 1.07163574e-02 5.64049147e-04 4.87491380e-05 2.01800779e-05 1.27387429e-05 -3.17485982e-06
1881             1.07388644e-02 5.77285406e-04 4.52685087e-05 1.07186823e-02 5.64544342e-04 4.84470479e-05 2.01821333e-05 1.27410645e-05 -3.17853920e-06
1882             1.07404605e-02 5.77575588e-04 4.50812206e-05 1.07202763e-02 5.64832740e-04 4.82632128e-05 2.01842639e-05 1.27428481e-05 -3.18199221e-06
1883             1.07411463e-02 5.77667548e-04 4.49956438e-05 1.07209600e-02 5.64923969e-04 4.81805884e-05 2.01862584e-05 1.27435799e-05 -3.18494460e-06
1884             1.07413249e-02 5.77672604e-04 4.49530781e-05 1.07211370e-02 5.64929254e-04 4.81403584e-05 2.01879279e-05 1.27433501e-05 -3.18728028e-06
1885             1.07415935e-02 5.77699217e-04 4.49051387e-05 1.07214042e-02 5.64956457e-04 4.80942023e-05 2.01892970e-05 1.27427599e-05 -3.18906369e-06
1886             1.07421433e-02 5.77741676e-04 4.48443711e-05 1.07219527e-02 5.64999185e-04 4.80348241e-05 2.01905773e-05 1.27424910e-05 -3.19045304e-06
1887             1.07430687e-02 5.77754121e-04 4.48066659e-05 1.07228767e-02 5.65011283e-04 4.79981950e-05 2.01920390e-05 1.27428381e-05 -3.19152911e-06
1888             1.07439605e-02 5.77657092e-04 4.48240186e-05 1.07237666e-02 5.64913516e-04 4.80162815e-05 2.01938114e-05 1.27435768e-05 -3.19226288e-06
1889             1.07440485e-02 5.77378664e-04 4.48874094e-05 1.07238529e-02 5.64634346e-04 4.80799725e-05 2.01956779e-05 1.27443179e-05 -3.19256312e-06
1890             1.07424677e-02 5.76816261e-04 4.49707878e-05 1.07222706e-02 5.64071307e-04 4.81631407e-05 2.01970529e-05 1.27449530e-05 -3.19235288e-06
1891             1.07390852e-02 5.75916123e-04 4.50545408e-05 1.07188879e-02 5.63170343e-04 4.82461411e-05 2.01972811e-05 1.27457804e-05 -3.19160034e-06
1892             1.07344900e-02 5.74700753e-04 4.51445982e-05 1.07142939e-02 5.61953490e-04 4.83349149e-05 2.01960673e-05 1.27472625e-05 -3.19031663e-06
1893             1.07295184e-02 5.73285850e-04 4.52549397e-05 1.07093247e-02 5.60536200e-04 4.84434746e-05 2.01936847e-05 1.27496498e-05 -3.18853497e-06
1894             1.07250477e-02 5.71886443e-04 4.53815250e-05 1.07048569e-02 5.59133642e-04 4.85678345e-05 2.01908070e-05 1.27528008e-05 -3.18630949e-06
1895             1.07214484e-02 5.70702187e-04 4.55096575e-05 1.07012603e-02 5.57945913e-04 4.86933987e-05 2.01881358e-05 1.27562745e-05 -3.18374115e-06
1896             1.07188121e-02 5.69851027e-04 4.56289407e-05 1.06986261e-02 5.57091484e-04 4.88099111e-05 2.01860653e-05 1.27595430e-05 -3.18097043e-06
1897             1.07170085e-02 5.69341538e-04 4.57466103e-05 1.06968239e-02 5.56579415e-04 4.89247623e-05 2.01846185e-05 1.27621237e-05 -3.17815195e-06
1898             1.07161336e-02 5.69196674e-04 4.58517157e-05 1.06959500e-02 5.56432955e-04 4.90271570e-05 2.01836311e-05 1.27637190e-05 -3.17544136e-06
1899             1.07159923e-02 5.69335936e-04 4.59441994e-05 1.06958094e-02 5.56571612e-04 4.91172076e-05 2.01829162e-05 1.27643242e-05 -3.17300814e-06
1900             1.07159403e-02 5.69558981e-04 4.60486265e-05 1.06957580e-02 5.56794896e-04 4.92195891e-05 2.01822552e-05 1.27640845e-05 -3.17096266e-06
1901             1.07157912e-02 5.69789303e-04 4.61753914e-05 1.06956098e-02 5.57026205e-04 4.93446985e-05 2.01814412e-05 1.27630979e-05 -3.16930707e-06
1902             1.07154772e-02 5.69984376e-04 4.63508280e-05 1.06952968e-02 5.57223048e-04 4.95188042e-05 2.01803844e-05 1.27613272e-05 -3.16797623e-06
1903             1.07151397e-02 5.70156217e-04 4.65910240e-05 1.06949606e-02 5.57397696e-04 4.97578734e-05 2.01791309e-05 1.27585217e-05 -3.16684940e-06
1904             1.07151661e-02 5.70421309e-04 4.68555166e-05 1.06949883e-02 5.57666858e-04 5.00213571e-05 2.01778252e-05 1.27544509e-05 -3.16584055e-06
1905             1.07160622e-02 5.70929125e-04 4.70622657e-05 1.06958856e-02 5.58179815e-04 5.02272756e-05 2.01766690e-05 1.27493098e-05 -3.16500987e-06
1906             1.07182761e-02 5.71800930e-04 4.71131122e-05 1.06981002e-02 5.59057036e-04 5.02777137e-05 2.01758885e-05 1.27438946e-05 -3.16460154e-06
1907             1.07217916e-02 5.72976322e-04 4.69727126e-05 1.07016159e-02 5.60236945e-04 5.01376710e-05 2.01756787e-05 1.27393767e-05 -3.16495834e-06
1908             1.07258635e-02 5.74192504e-04 4.66880292e-05 1.07056874e-02 5.61455826e-04 4.98543398e-05 2.01760970e-05 1.27366784e-05 -3.16631069e-06
1909             1.07299094e-02 5.75259555e-04 4.63277585e-05 1.07097323e-02 5.62523516e-04 4.94963914e-05 2.01770664e-05 1.27360386e-05 -3.16863283e-06
1910             1.07335640e-02 5.76138377e-04 4.59329206e-05 1.07133855e-02 5.63401281e-04 4.91046302e-05 2.01784843e-05 1.27370953e-05 -3.17170953e-06
1911             1.07365193e-02 5.76824320e-04 4.55520127e-05 1.07163391e-02 5.64085111e-04 4.87272524e-05 2.01802495e-05 1.27392089e-05 -3.17523978e-06
1912             1.07387374e-02 5.77304533e-04 4.52522810e-05 1.07185551e-02 5.64562943e-04 4.84311592e-05 2.01822356e-05 1.27415899e-05 -3.17887812e-06
1913             1.07402199e-02 5.77580112e-04 4.50697613e-05 1.07200356e-02 5.64836693e-04 4.82520397e-05 2.01842889e-05 1.27434193e-05 -3.18227832e-06
1914             1.07408340e-02 5.77665756e-04 4.49857448e-05 1.07206478e-02 5.64921548e-04 4.81709200e-05 2.01861997e-05 1.27442081e-05 -3.18517520e-06
1915             1.07409878e-02 5.77667042e-04 4.49449897e-05 1.07208000e-02 5.64922980e-04 4.81324515e-05 2.01877927e-05 1.27440620e-05 -3.18746182e-06
1916             1.07412428e-02 5.77684681e-04 4.49018127e-05 1.07210537e-02 5.64941118e-04 4.80910140e-05 2.01891012e-05 1.27435631e-05 -3.18920133e-06
1917             1.07417507e-02 5.77705993e-04 4.48510741e-05 1.07215604e-02 5.64962640e-04 4.80416171e-05 2.01903307e-05 1.27433529e-05 -3.19054298e-06
1918             1.07426359e-02 5.77695648e-04 4.48246988e-05 1.07224441e-02 5.64951957e-04 4.80162583e-05 2.01917414e-05 1.27436909e-05 -3.19155949e-06
1919             1.07435100e-02 5.77583730e-04 4.48497648e-05 1.07233165e-02 5.64839375e-04 4.80419890e-05 2.01934623e-05 1.27443552e-05 -3.19222414e-06
1920             1.07435914e-02 5.77292063e-04 4.49184470e-05 1.07233961e-02 5.64547077e-04 4.81109013e-05 2.01952793e-05 1.27449858e-05 -3.19245424e-06
1921             1.07419795e-02 5.76713745e-04 4.50046286e-05 1.07217829e-02 5.63968246e-04 4.81968067e-05 2.01966031e-05 1.27454988e-05 -3.19217811e-06
1922             1.07385534e-02 5.75797011e-04 4.50888996e-05 1.07183566e-02 5.63050799e-04 4.82802658e-05 2.01967749e-05 1.27462119e-05 -3.19136621e-06
1923             1.07339688e-02 5.74576875e-04 4.51759580e-05 1.07137732e-02 5.61829274e-04 4.83659916e-05 2.01955151e-05 1.27476007e-05 -3.19003359e-06
1924             1.07290519e-02 5.73166792e-04 4.52826469e-05 1.07088587e-02 5.60416877e-04 4.84708654e-05 2.01931211e-05 1.27499150e-05 -3.18821857e-06
1925             1.07246853e-02 5.71785828e-04 4.54040721e-05 1.07044950e-02 5.59032831e-04 4.85900480e-05 2.01902801e-05 1.27529975e-05 -3.18597588e-06
1926             1.07212138e-02 5.70627094e-04 4.55281510e-05 1.07010261e-02 5.57870700e-04 4.87115581e-05 2.01876892e-05 1.27563936e-05 -3.18340704e-06
1927             1.07186858e-02 5.69797738e-04 4.56457208e-05 1.06985001e-02 5.57038178e-04 4.88263693e-05 2.01857200e-05 1.27595593e-05 -3.18064846e-06
1928             1.07170167e-02 5.69313924e-04 4.57619099e-05 1.06968324e-02 5.56551916e-04 4.89397598e-05 2.01843770e-05 1.27620084e-05 -3.17784990e-06
1929             1.07162819e-02 5.69197374e-04 4.58635099e-05 1.06960985e-02 5.56433911e-04 4.90386801e-05 2.01834922e-05 1.27634627e-05 -3.17517016e-06
1930             1.07162444e-02 5.69359969e-04 4.59514190e-05 1.06960616e-02 5.56596024e-04 4.91242001e-05 2.01828735e-05 1.27639455e-05 -3.17278102e-06
1931             1.07162461e-02 5.69598300e-04 4.60513850e-05 1.06960639e-02 5.56834684e-04 4.92221746e-05 2.01822920e-05 1.27636163e-05 -3.17078955e-06
1932             1.07161553e-02 5.69845818e-04 4.61728264e-05 1.06959738e-02 5.57083242e-04 4.93420201e-05 2.01815419e-05 1.27625765e-05 -3.16919373e-06
1933             1.07159025e-02 5.70058653e-04 4.63432467e-05 1.06957220e-02 5.57297865e-04 4.95111747e-05 2.01805455e-05 1.27607877e-05 -3.16792793e-06
1934             1.07156342e-02 5.70252572e-04 4.65772854e-05 1.06954548e-02 5.57494577e-04 4.97441553e-05 2.01793583e-05 1.27579953e-05 -3.16686994e-06
1935             1.07156994e-02 5.70536191e-04 4.68361229e-05 1.06955213e-02 5.57782221e-04 5.00020567e-05 2.01781200e-05 1.27539702e-05 -3.16593374e-06
1936             1.07165983e-02 5.71059713e-04 4.70358856e-05 1.06964212e-02 5.58310803e-04 5.02010632e-05 2.01770170e-05 1.27489100e-05 -3.16517757e-06
1937             1.07187838e-02 5.71938007e-04 4.70805575e-05 1.06986076e-02 5.59194389e-04 5.02454017e-05 2.01762622e-05 1.27436183e-05 -3.16484414e-06
1938             1.07222387e-02 5.73105075e-04 4.69373652e-05 1.07020626e-02 5.60365818e-04 5.01026349e-05 2.01760483e-05 1.27392567e-05 -3.16526973e-06
1939             1.07262317e-02 5.74304743e-04 4.66515015e-05 1.07060552e-02 5.61568016e-04 4.98181781e-05 2.01764402e-05 1.27367268e-05 -3.16667655e-06
1940             1.07301665e-02 5.75345171e-04 4.62944307e-05 1.07099892e-02 5.62608924e-04 4.94634628e-05 2.01773692e-05 1.27362465e-05 -3.16903216e-06
1941             1.07336804e-02 5.76194936e-04 4.59053274e-05 1.07135017e-02 5.63457509e-04 4.90774415e-05 2.01787346e-05 1.27374275e-05 -3.17211412e-06
1942             1.07365096e-02 5.76858229e-04 4.55304713e-05 1.07163292e-02 5.64118604e-04 4.87060933e-05 2.01804360e-05 1.27396247e-05 -3.17562205e-06
1943             1.07386247e-02 5.77322972e-04 4.52365147e-05 1.07184424e-02 5.64580911e-04 4.84157331e-05 2.01823512e-05 1.27420609e-05 -3.17921837e-06
1944             1.07399985e-02 5.77585459e-04 4.50582072e-05 1.07198142e-02 5.64841523e-04 4.82407732e-05 2.01843258e-05 1.27439360e-05 -3.18256594e-06
1945             1.07405360e-02 5.77664930e-04 4.49751332e-05 1.07203499e-02 5.64920142e-04 4.81605419e-05 2.01861505e-05 1.27447875e-05 -3.18540868e-06
1946             1.07406602e-02 5.77661662e-04 4.49361213e-05 1.07204726e-02 5.64916928e-04 4.81237687e-05 2.01876627e-05 1.27447348e-05 -3.18764738e-06
1947             1.07409004e-02 5.77670464e-04 4.48973032e-05 1.07207115e-02 5.64926126e-04 4.80866472e-05 2.01889069e-05 1.27443385e-05 -3.18934401e-06
1948             1.07413687e-02 5.77671998e-04 4.48557919e-05 1.07211786e-02 5.64927796e-04 4.80464319e-05 2.01900835e-05 1.27442018e-05 -3.19063997e-06
1949             1.07422117e-02 5.77639643e-04 4.48401386e-05 1.07220203e-02 5.64895095e-04 4.80317387e-05 2.01914424e-05 1.27445484e-05 -3.19160005e-06
1950             1.07430581e-02 5.77511161e-04 4.48732896e-05 1.07228650e-02 5.64766006e-04 4.80654875e-05 2.01931093e-05 1.27451543e-05 -3.19219794e-06
1951             1.07431230e-02 5.77204917e-04 4.49476981e-05 1.07229282e-02 5.64459232e-04 4.81400561e-05 2.01948709e-05 1.27456849e-05 -3.19235801e-06
1952             1.07414872e-02 5.76611978e-04 4.50366210e-05 1.07212910e-02 5.63865894e-04 4.82286362e-05 2.01961378e-05 1.27460834e-05 -3.19201516e-06
1953             1.07380173e-02 5.75678350e-04 4.51217609e-05 1.07178210e-02 5.62931661e-04 4.83129046e-05 2.01962504e-05 1.27466894e-05 -3.19114367e-06
1954             1.07334331e-02 5.74451143e-04 4.52065342e-05 1.07132381e-02 5.61703153e-04 4.83962954e-05 2.01949408e-05 1.27479892e-05 -3.18976122e-06
1955             1.07285745e-02 5.73045434e-04 4.53099843e-05 1.07083820e-02 5.60295203e-04 4.84978946e-05 2.01925311e-05 1.27502308e-05 -3.18791029e-06
1956             1.07243039e-02 5.71681790e-04 4.54263073e-05 1.07041141e-02 5.58928546e-04 4.86119551e-05 2.01897223e-05 1.27532439e-05 -3.18564787e-06
1957             1.07209607e-02 5.70549644e-04 4.55454950e-05 1.07007735e-02 5.57793079e-04 4.87285714e-05 2.01872074e-05 1.27565648e-05 -3.18307648e-06
1958             1.07185475e-02 5.69743222e-04 4.56608098e-05 1.06983622e-02 5.56983586e-04 4.88411395e-05 2.01853371e-05 1.27596359e-05 -3.18032977e-06
1959             1.07170266e-02 5.69286747e-04 4.57752088e-05 1.06968425e-02 5.56524784e-04 4.89527611e-05 2.01841006e-05 1.27619631e-05 -3.17755225e-06
1960             1.07164139e-02 5.69195379e-04 4.58743728e-05 1.06962306e-02 5.56432097e-04 4.90492772e-05 2.01833213e-05 1.27632826e-05 -3.17490438e-06
1961             1.07164678e-02 5.69378067e-04 4.59586885e-05 1.06962850e-02 5.56614425e-04 4.91312462e-05 2.01827951e-05 1.27636420e-05 -3.17255761e-06
1962             1.07165281e-02 5.69631548e-04 4.60541311e-05 1.06963458e-02 5.56868329e-04 4.92247480e-05 2.01822875e-05 1.27632192e-05 -3.17061692e-06
1963             1.07165060e-02 5.69896854e-04 4.61703613e-05 1.06963244e-02 5.57134730e-04 4.93394394e-05 2.01815998e-05 1.27621238e-05 -3.16907812e-06
1964             1.07163150e-02 5.70126585e-04 4.63365110e-05 1.06961344e-02 5.57366272e-04 4.95043855e-05 2.01806656e-05 1.27603129e-05 -3.16787442e-06
1965             1.07161158e-02 5.70343334e-04 4.65644779e-05 1.06959363e-02 5.57585808e-04 4.97313598e-05 2.01795467e-05 1.27575261e-05 -3.16688186e-06
1966             1.07162282e-02 5.70647976e-04 4.68171935e-05 1.06960498e-02 5.57894436e-04 4.99832096e-05 2.01783785e-05 1.27535404e-05 -3.16601609e-06
1967             1.07171402e-02 5.71189698e-04 4.70095558e-05 1.06969629e-02 5.58441140e-04 5.01748902e-05 2.01773336e-05 1.27485582e-05 -3.16533440e-06
1968             1.07193034e-02 5.72076857e-04 4.70473527e-05 1.06991268e-02 5.59333466e-04 5.02124305e-05 2.01766110e-05 1.27433910e-05 -3.16507779e-06
1969             1.07226976e-02 5.73236476e-04 4.69011261e-05 1.07025212e-02 5.60497286e-04 5.00667014e-05 2.01763984e-05 1.27391900e-05 -3.16557531e-06
1970             1.07266124e-02 5.74420486e-04 4.66141317e-05 1.07064356e-02 5.61683653e-04 4.97811714e-05 2.01767674e-05 1.27368333e-05 -3.16703968e-06
1971             1.07304343e-02 5.75434822e-04 4.62601555e-05 1.07102567e-02 5.62698305e-04 4.94295872e-05 2.01776578e-05 1.27365169e-05 -3.16943162e-06
1972             1.07338016e-02 5.76255066e-04 4.58770367e-05 1.07136227e-02 5.63517240e-04 4.90495578e-05 2.01789707e-05 1.27378262e-05 -3.17252110e-06
1973             1.07364977e-02 5.76894812e-04 4.55088066e-05 1.07163171e-02 5.64154703e-04 4.86848143e-05 2.01806064e-05 1.27401091e-05 -3.17600767e-06
1974             1.07385084e-02 5.77344181e-04 4.52208854e-05 1.07183259e-02 5.64601581e-04 4.84004471e-05 2.01824487e-05 1.27425996e-05 -3.17956170e-06
1975             1.07397746e-02 5.77593655e-04 4.50469150e-05 1.07195902e-02 5.64849135e-04 4.82297711e-05 2.01843436e-05 1.27445197e-05 -3.18285605e-06
1976             1.07402398e-02 5.77666824e-04 4.49652789e-05 1.07200537e-02 5.64921391e-04 4.81509227e-05 2.01860827e-05 1.27454328e-05 -3.18564378e-06
1977             1.07403331e-02 5.77659293e-04 4.49278168e-05 1.07201456e-02 5.64913822e-04 4.81156503e-05 2.01875152e-05 1.27454711e-05 -3.18783358e-06
1978             1.07405585e-02 5.77659210e-04 4.48929842e-05 1.07203698e-02 5.64914032e-04 4.80824715e-05 2.01886950e-05 1.27451775e-05 -3.18948723e-06
1979             1.07409927e-02 5.77641452e-04 4.48606034e-05 1.07208029e-02 5.64896336e-04 4.80513405e-05 2.01898195e-05 1.27451161e-05 -3.19073713e-06
1980             1.07417870e-02 5.77585349e-04 4.48560811e-05 1.07215959e-02 5.64839877e-04 4.80477214e-05 2.01911272e-05 1.27454724e-05 -3.19164033e-06
1981             1.07425965e-02 5.77438736e-04 4.48974949e-05 1.07224038e-02 5.64692717e-04 4.80896651e-05 2.01927383e-05 1.27460194e-05 -3.19217021e-06
1982             1.07426416e-02 5.77116881e-04 4.49776680e-05 1.07224471e-02 5.64370431e-04 4.81699269e-05 2.01944410e-05 1.27464499e-05 -3.19225886e-06
1983             1.07409849e-02 5.76509180e-04 4.50692814e-05 1.07207892e-02 5.63762446e-04 4.82611294e-05 2.01956496e-05 1.27467341e-05 -3.19184800e-06
1984             1.07374749e-02 5.75558642e-04 4.51554225e-05 1.07172792e-02 5.62811409e-04 4.83463383e-05 2.01957048e-05 1.27472323e-05 -3.19091580e-06
1985             1.07328937e-02 5.74323921e-04 4.52385769e-05 1.07126993e-02 5.61575483e-04 4.84280589e-05 2.01943496e-05 1.27484384e-05 -3.18948201e-06
1986             1.07280979e-02 5.72922429e-04 4.53391845e-05 1.07079060e-02 5.60171832e-04 4.85267777e-05 2.01919286e-05 1.27505974e-05 -3.18759315e-06
1987             1.07239236e-02 5.71576772e-04 4.54499613e-05 1.07037344e-02 5.58823242e-04 4.86352708e-05 2.01891556e-05 1.27535304e-05 -3.18530954e-06
1988             1.07207029e-02 5.70471217e-04 4.55635409e-05 1.07005162e-02 5.57714447e-04 4.87462765e-05 2.01867171e-05 1.27567703e-05 -3.18273557e-06
1989             1.07184059e-02 5.69687914e-04 4.56764589e-05 1.06982209e-02 5.56928169e-04 4.88564603e-05 2.01849453e-05 1.27597447e-05 -3.18000146e-06
1990             1.07170084e-02 5.69253223e-04 4.57907314e-05 1.06968246e-02 5.56491278e-04 4.89679759e-05 2.01838123e-05 1.27619451e-05 -3.17724442e-06
1991             1.07165441e-02 5.69188154e-04 4.58873587e-05 1.06963610e-02 5.56425036e-04 4.90619833e-05 2.01831365e-05 1.27631183e-05 -3.17462459e-06
1992             1.07166973e-02 5.69391441e-04 4.59679372e-05 1.06965146e-02 5.56628098e-04 4.91402545e-05 2.01827087e-05 1.27633427e-05 -3.17231733e-06
1993             1.07168071e-02 5.69660343e-04 4.60587805e-05 1.06966248e-02 5.56897527e-04 4.92292061e-05 2.01822813e-05 1.27628161e-05 -3.17042557e-06
1994             1.07168361e-02 5.69941450e-04 4.61706717e-05 1.06966544e-02 5.57179796e-04 4.93396137e-05 2.01816562e-05 1.27616538e-05 -3.16894197e-06
1995             1.07167048e-02 5.70187495e-04 4.63331466e-05 1.06965240e-02 5.57427689e-04 4.95009442e-05 2.01807816e-05 1.27598057e-05 -3.16779761e-06
1996             1.07165829e-02 5.70428389e-04 4.65546171e-05 1.06964032e-02 5.57671379e-04 4.97214853e-05 2.01797312e-05 1.27570101e-05 -3.16686819e-06
1997             1.07167567e-02 5.70756584e-04 4.68002182e-05 1.06965781e-02 5.58003529e-04 4.99662906e-05 2.01786388e-05 1.27530551e-05 -3.16607241e-06
1998             1.07176964e-02 5.71319444e-04 4.69841340e-05 1.06975187e-02 5.58571295e-04 5.01496009e-05 2.01776618e-05 1.27481491e-05 -3.16546695e-06
1999             1.07198438e-02 5.72217494e-04 4.70143588e-05 1.06996668e-02 5.59474386e-04 5.01796495e-05 2.01769813e-05 1.27431085e-05 -3.16529068e-06
2000             1.07231798e-02 5.73370906e-04 4.68644627e-05 1.07030030e-02 5.60631834e-04 5.00303273e-05 2.01767769e-05 1.27390716e-05 -3.16586460e-06
2001             1.07270154e-02 5.74538768e-04 4.65765344e-05 1.07068383e-02 5.61801877e-04 4.97439254e-05 2.01771261e-05 1.27368907e-05 -3.16739099e-06
2002             1.07307201e-02 5.75527017e-04 4.62250980e-05 1.07105421e-02 5.62790278e-04 4.93949212e-05 2.01779787e-05 1.27367392e-05 -3.16982318e-06
2003             1.07339365e-02 5.76316531e-04 4.58479904e-05 1.07137573e-02 5.63578351e-04 4.90209142e-05 2.01792385e-05 1.27381799e-05 -3.17292382e-06
2004             1.07364941e-02 5.76930866e-04 4.54868535e-05 1.07163133e-02 5.64190316e-04 4.86632449e-05 2.01808076e-05 1.27405499e-05 -3.17639132e-06
2005             1.07383945e-02 5.77364039e-04 4.52050613e-05 1.07182119e-02 5.64620945e-04 4.83849653e-05 2.01825755e-05 1.27430941e-05 -3.17990401e-06
2006             1.07395500e-02 5.77599853e-04 4.50356050e-05 1.07193656e-02 5.64854795e-04 4.82187503e-05 2.01843892e-05 1.27450583e-05 -3.18314522e-06
2007             1.07399395e-02 5.77666572e-04 4.49553124e-05 1.07197534e-02 5.64920540e-04 4.81411901e-05 2.01860414e-05 1.27460326e-05 -3.18587779e-06
2008             1.07399995e-02 5.77655096e-04 4.49189441e-05 1.07198121e-02 5.64908931e-04 4.81069629e-05 2.01873925e-05 1.27461642e-05 -3.18801881e-06
2009             1.07402078e-02 5.77645825e-04 4.48878089e-05 1.07200193e-02 5.64899845e-04 4.80774396e-05 2.01885063e-05 1.27459795e-05 -3.18963070e-06
2010             1.07406149e-02 5.77610145e-04 4.48637846e-05 1.07204253e-02 5.64864142e-04 4.80546208e-05 2.01895786e-05 1.27460026e-05 -3.19083619e-06
2011             1.07413657e-02 5.77530794e-04 4.48701224e-05 1.07211749e-02 5.64784413e-04 4.80618075e-05 2.01908372e-05 1.27463809e-05 -3.19168518e-06
2012             1.07421305e-02 5.77363964e-04 4.49202842e-05 1.07219381e-02 5.64617084e-04 4.81124337e-05 2.01923935e-05 1.27468803e-05 -3.19214948e-06
2013             1.07421492e-02 5.77025821e-04 4.50061598e-05 1.07219552e-02 5.64278602e-04 4.81983277e-05 2.01940351e-05 1.27472190e-05 -3.19216790e-06
2014             1.07404716e-02 5.76403170e-04 4.51004861e-05 1.07202764e-02 5.63655773e-04 4.82921760e-05 2.01951812e-05 1.27473970e-05 -3.19168992e-06
2015             1.07369296e-02 5.75436576e-04 4.51877708e-05 1.07167344e-02 5.62688782e-04 4.83784685e-05 2.01951768e-05 1.27477943e-05 -3.19069779e-06
2016             1.07323532e-02 5.74194666e-04 4.52694893e-05 1.07121594e-02 5.61445755e-04 4.84587027e-05 2.01937761e-05 1.27489110e-05 -3.18921334e-06
2017             1.07276145e-02 5.72797959e-04 4.53669216e-05 1.07074231e-02 5.60046969e-04 4.85542087e-05 2.01913429e-05 1.27509904e-05 -3.18728711e-06
2018             1.07235274e-02 5.71469277e-04 4.54724097e-05 1.07033388e-02 5.58715430e-04 4.86573922e-05 2.01886009e-05 1.27538470e-05 -3.18498255e-06
2019             1.07204280e-02 5.70390633e-04 4.55802707e-05 1.07002418e-02 5.57633623e-04 4.87626765e-05 2.01862325e-05 1.27570095e-05 -3.18240580e-06
2020             1.07182488e-02 5.69631886e-04 4.56901606e-05 1.06980642e-02 5.56871992e-04 4.88698454e-05 2.01845543e-05 1.27598940e-05 -3.17968480e-06
2021             1.07169866e-02 5.69220838e-04 4.58038822e-05 1.06968030e-02 5.56458860e-04 4.89808322e-05 2.01835237e-05 1.27619779e-05 -3.17695000e-06
2022             1.07166615e-02 5.69180449e-04 4.58988538e-05 1.06964786e-02 5.56417436e-04 4.90732139e-05 2.01829523e-05 1.27630137e-05 -3.17436012e-06
2023             1.07169018e-02 5.69401706e-04 4.59767042e-05 1.06967192e-02 5.56638601e-04 4.91487961e-05 2.01826197e-05 1.27631053e-05 -3.17209190e-06
2024             1.07170682e-02 5.69685768e-04 4.60636205e-05 1.06968859e-02 5.56923297e-04 4.92338667e-05 2.01822680e-05 1.27624710e-05 -3.17024623e-06
2025             1.07171480e-02 5.69982451e-04 4.61715957e-05 1.06969663e-02 5.57221217e-04 4.93404098e-05 2.01817026e-05 1.27612348e-05 -3.16881411e-06
2026             1.07170822e-02 5.70245828e-04 4.63304761e-05 1.06969013e-02 5.57486485e-04 4.94982013e-05 2.01808854e-05 1.27593426e-05 -3.16772512e-06
2027             1.07170438e-02 5.70512129e-04 4.65453854e-05 1.06968639e-02 5.57755595e-04 4.97122414e-05 2.01799025e-05 1.27565337e-05 -3.16685599e-06
2028             1.07172816e-02 5.70864926e-04 4.67835136e-05 1.06971027e-02 5.58112317e-04 4.99496425e-05 2.01788850e-05 1.27526088e-05 -3.16612887e-06
2029             1.07182578e-02 5.71451051e-04 4.69581333e-05 1.06980798e-02 5.58703267e-04 5.01237336e-05 2.01779760e-05 1.27477837e-05 -3.16560035e-06
2030             1.07203943e-02 5.72361308e-04 4.69800403e-05 1.07002170e-02 5.59618428e-04 5.01455474e-05 2.01773394e-05 1.27428792e-05 -3.16550715e-06
2031             1.07236757e-02 5.73509357e-04 4.68261650e-05 1.07034985e-02 5.60770340e-04 4.99923258e-05 2.01771461e-05 1.27390171e-05 -3.16616083e-06
2032             1.07274304e-02 5.74660587e-04 4.65376905e-05 1.07072529e-02 5.61923568e-04 4.97054422e-05 2.01774783e-05 1.27370194e-05 -3.16775177e-06
2033             1.07310243e-02 5.75625182e-04 4.61883765e-05 1.07108460e-02 5.62888146e-04 4.93586022e-05 2.01782950e-05 1.27370358e-05 -3.17022567e-06
2034             1.07340915e-02 5.76384787e-04 4.58175172e-05 1.07139120e-02 5.63646177e-04 4.89908564e-05 2.01795031e-05 1.27386096e-05 -3.17333923e-06
2035             1.07364994e-02 5.76971932e-04 4.54642010e-05 1.07163184e-02 5.64230867e-04 4.86409893e-05 2.01810041e-05 1.27410652e-05 -3.17678831e-06
2036             1.07382914e-02 5.77389960e-04 4.51881986e-05 1.07181087e-02 5.64646300e-04 4.83684577e-05 2.01826936e-05 1.27436604e-05 -3.18025915e-06
2037             1.07393396e-02 5.77613525e-04 4.50227290e-05 1.07191552e-02 5.64867855e-04 4.82061769e-05 2.01844233e-05 1.27456706e-05 -3.18344792e-06
2038             1.07396441e-02 5.77672456e-04 4.49438575e-05 1.07194581e-02 5.64925745e-04 4.81299842e-05 2.01859863e-05 1.27467116e-05 -3.18612666e-06
2039             1.07396642e-02 5.77656202e-04 4.49085322e-05 1.07194769e-02 5.64909260e-04 4.80967516e-05 2.01872525e-05 1.27469423e-05 -3.18821942e-06
2040             1.07398534e-02 5.77638211e-04 4.48805411e-05 1.07196651e-02 5.64891338e-04 4.80703312e-05 2.01882968e-05 1.27468737e-05 -3.18979009e-06
2041             1.07402451e-02 5.77587164e-04 4.48639435e-05 1.07200558e-02 5.64840172e-04 4.80548967e-05 2.01893169e-05 1.27469919e-05 -3.19095324e-06
2042             1.07409647e-02 5.77486288e-04 4.48807177e-05 1.07207741e-02 5.64738883e-04 4.80724690e-05 2.01905311e-05 1.27474057e-05 -3.19175127e-06
2043             1.07416740e-02 5.77297042e-04 4.49401420e-05 1.07214820e-02 5.64549172e-04 4.81322952e-05 2.01920362e-05 1.27478692e-05 -3.19215325e-06
2044             1.07416484e-02 5.76940008e-04 4.50320699e-05 1.07214548e-02 5.64191885e-04 4.82241726e-05 2.01936131e-05 1.27481234e-05 -3.19210266e-06
2045             1.07399395e-02 5.76300600e-04 4.51293746e-05 1.07197448e-02 5.63552399e-04 4.83209319e-05 2.01946878e-05 1.27482008e-05 -3.19155731e-06
2046             1.07363713e-02 5.75317896e-04 4.52182122e-05 1.07161767e-02 5.62569394e-04 4.84087167e-05 2.01946167e-05 1.27485021e-05 -3.19050443e-06
2047             1.07318038e-02 5.74068918e-04 4.52987927e-05 1.07116107e-02 5.61319386e-04 4.84877612e-05 2.01931690e-05 1.27495322e-05 -3.18896853e-06
2048             1.07271214e-02 5.72677517e-04 4.53928724e-05 1.07069306e-02 5.59925983e-04 4.85798766e-05 2.01907248e-05 1.27515337e-05 -3.18700420e-06
2049             1.07231144e-02 5.71365152e-04 4.54933001e-05 1.07029263e-02 5.58610837e-04 4.86779783e-05 2.01880136e-05 1.27543155e-05 -3.18467819e-06
2050             1.07201380e-02 5.70313177e-04 4.55957233e-05 1.06999523e-02 5.57555777e-04 4.87778209e-05 2.01857133e-05 1.27574001e-05 -3.18209757e-06
2051             1.07180774e-02 5.69578542e-04 4.57031093e-05 1.06978933e-02 5.56818351e-04 4.88824975e-05 2.01841275e-05 1.27601913e-05 -3.17938820e-06
2052             1.07169492e-02 5.69191440e-04 4.58163425e-05 1.06967660e-02 5.56429286e-04 4.89930163e-05 2.01831992e-05 1.27621535e-05 -3.17667383e-06
2053             1.07167675e-02 5.69176335e-04 4.59096423e-05 1.06965847e-02 5.56413288e-04 4.90837547e-05 2.01827331e-05 1.27630470e-05 -3.17411238e-06
2054             1.07170911e-02 5.69416019e-04 4.59851933e-05 1.06969086e-02 5.56653019e-04 4.91570751e-05 2.01824973e-05 1.27630004e-05 -3.17188178e-06
2055             1.07173152e-02 5.69715883e-04 4.60683382e-05 1.06971330e-02 5.56953631e-04 4.92384192e-05 2.01822208e-05 1.27622518e-05 -3.17008104e-06
2056             1.07174451e-02 5.70027163e-04 4.61727874e-05 1.06972634e-02 5.57266229e-04 4.93414865e-05 2.01817141e-05 1.27609342e-05 -3.16869915e-06
2057             1.07174446e-02 5.70306254e-04 4.63286895e-05 1.06972636e-02 5.57547266e-04 4.94963526e-05 2.01809535e-05 1.27589882e-05 -3.16766315e-06
2058             1.07174869e-02 5.70596237e-04 4.65376504e-05 1.06973069e-02 5.57840083e-04 4.97045012e-05 2.01800366e-05 1.27561545e-05 -3.16685071e-06
2059             1.07177904e-02 5.70973908e-04 4.67681473e-05 1.06976113e-02 5.58221659e-04 4.99343357e-05 2.01790926e-05 1.27522490e-05 -3.16618846e-06
2060             1.07188132e-02 5.71585494e-04 4.69325378e-05 1.06986349e-02 5.58837995e-04 5.00982729e-05 2.01782520e-05 1.27474993e-05 -3.16573503e-06
2061             1.07209479e-02 5.72509641e-04 4.69454012e-05 1.07007703e-02 5.59766909e-04 5.01111270e-05 2.01776633e-05 1.27427316e-05 -3.16572577e-06
2062             1.07241744e-02 5.73651636e-04 4.67876064e-05 1.07039969e-02 5.60912591e-04 4.99540675e-05 2.01774864e-05 1.27390455e-05 -3.16646105e-06
2063             1.07278398e-02 5.74784180e-04 4.64991161e-05 1.07076620e-02 5.62046953e-04 4.96672330e-05 2.01778047e-05 1.27372271e-05 -3.16811685e-06
2064             1.07313220e-02 5.75725330e-04 4.61518979e-05 1.07111434e-02 5.62987927e-04 4.93225289e-05 2.01785863e-05 1.27374028e-05 -3.17063098e-06
2065             1.07342447e-02 5.76455936e-04 4.57871595e-05 1.07140650e-02 5.63716835e-04 4.89609155e-05 2.01797437e-05 1.27391010e-05 -3.17375602e-06
2066             1.07365065e-02 5.77015748e-04 4.54420617e-05 1.07163254e-02 5.64274114e-04 4.86192474e-05 2.01811787e-05 1.27416338e-05 -3.17718562e-06
2067             1.07381892e-02 5.77417671e-04 4.51723221e-05 1.07180064e-02 5.64673401e-04 4.83529352e-05 2.01827920e-05 1.27442700e-05 -3.18061310e-06
2068             1.07391250e-02 5.77627344e-04 4.50111756e-05 1.07189406e-02 5.64881028e-04 4.81949230e-05 2.01844379e-05 1.27463160e-05 -3.18374738e-06
2069             1.07393346e-02 5.77676150e-04 4.49340685e-05 1.07191487e-02 5.64928737e-04 4.81204380e-05 2.01859097e-05 1.27474137e-05 -3.18636950e-06
2070             1.07393250e-02 5.77657190e-04 4.48988644e-05 1.07191379e-02 5.64909454e-04 4.80872760e-05 2.01870902e-05 1.27477368e-05 -3.18841158e-06
2071             1.07395123e-02 5.77633830e-04 4.48730057e-05 1.07193243e-02 5.64886045e-04 4.80629473e-05 2.01880706e-05 1.27477846e-05 -3.18994164e-06
2072             1.07398971e-02 5.77568793e-04 4.48634236e-05 1.07197081e-02 5.64820791e-04 4.80544890e-05 2.01890484e-05 1.27480022e-05 -3.19106536e-06
2073             1.07405740e-02 5.77444537e-04 4.48907545e-05 1.07203838e-02 5.64696081e-04 4.80825697e-05 2.01902245e-05 1.27484556e-05 -3.19181520e-06
2074             1.07412128e-02 5.77229614e-04 4.49599002e-05 1.07210211e-02 5.64480729e-04 4.81520560e-05 2.01916768e-05 1.27488849e-05 -3.19215584e-06
2075             1.07411304e-02 5.76851550e-04 4.50578657e-05 1.07209372e-02 5.64102494e-04 4.82499014e-05 2.01931817e-05 1.27490554e-05 -3.19203578e-06
2076             1.07393897e-02 5.76194499e-04 4.51581114e-05 1.07191955e-02 5.63445464e-04 4.83495335e-05 2.01941780e-05 1.27490355e-05 -3.19142218e-06
2077             1.07358015e-02 5.75195866e-04 4.52486852e-05 1.07156075e-02 5.62446621e-04 4.84389931e-05 2.01940381e-05 1.27492450e-05 -3.19030785e-06
2078             1.07312405e-02 5.73937850e-04 4.53292724e-05 1.07110480e-02 5.61187662e-04 4.85179914e-05 2.01925453e-05 1.27501884e-05 -3.18871907e-06
2079             1.07266211e-02 5.72553106e-04 4.54201312e-05 1.07064310e-02 5.59801001e-04 4.86068451e-05 2.01900935e-05 1.27521050e-05 -3.18671383e-06
2080             1.07226952e-02 5.71257646e-04 4.55158589e-05 1.07025077e-02 5.58502843e-04 4.87002231e-05 2.01874165e-05 1.27548036e-05 -3.18436417e-06
2081             1.07198432e-02 5.70233742e-04 4.56124938e-05 1.06996580e-02 5.57475940e-04 4.87942718e-05 2.01851857e-05 1.27578015e-05 -3.18177807e-06
2082             1.07179031e-02 5.69523489e-04 4.57172945e-05 1.06977194e-02 5.56762995e-04 4.88963742e-05 2.01836921e-05 1.27604936e-05 -3.17907970e-06
2083             1.07169066e-02 5.69159867e-04 4.58300705e-05 1.06967237e-02 5.56397536e-04 4.90064561e-05 2.01828651e-05 1.27623305e-05 -3.17638567e-06
2084             1.07168591e-02 5.69169362e-04 4.59219310e-05 1.06966766e-02 5.56406283e-04 4.90957835e-05 2.01825017e-05 1.27630790e-05 -3.17385250e-06
2085             1.07172809e-02 5.69427534e-04 4.59953236e-05 1.06970986e-02 5.56664642e-04 4.91669828e-05 2.01823612e-05 1.27628911e-05 -3.17165915e-06
2086             1.07175769e-02 5.69744433e-04 4.60745686e-05 1.06973947e-02 5.56982409e-04 4.92444717e-05 2.01821653e-05 1.27620241e-05 -3.16990315e-06
2087             1.07177566e-02 5.70070215e-04 4.61758517e-05 1.06975748e-02 5.57309596e-04 4.93444234e-05 2.01817248e-05 1.27606196e-05 -3.16857168e-06
2088             1.07178164e-02 5.70365526e-04 4.63289380e-05 1.06976354e-02 5.57606914e-04 4.94965265e-05 2.01810252e-05 1.27586114e-05 -3.16758853e-06
2089             1.07179356e-02 5.70678448e-04 4.65324913e-05 1.06977555e-02 5.57922706e-04 4.96993238e-05 2.01801749e-05 1.27557421e-05 -3.16683251e-06
2090             1.07183138e-02 5.71082999e-04 4.67546927e-05 1.06981345e-02 5.58331153e-04 4.99209278e-05 2.01793048e-05 1.27518457e-05 -3.16623505e-06
2091             1.07193910e-02 5.71721890e-04 4.69078586e-05 1.06992124e-02 5.58974722e-04 5.00737172e-05 2.01785362e-05 1.27471677e-05 -3.16585859e-06
2092             1.07215321e-02 5.72660941e-04 4.69112535e-05 1.07013541e-02 5.59918403e-04 5.00771899e-05 2.01780018e-05 1.27425380e-05 -3.16593644e-06
2093             1.07247014e-02 5.73796136e-04 4.67497902e-05 1.07045236e-02 5.61057108e-04 4.99165464e-05 2.01778487e-05 1.27390277e-05 -3.16675614e-06
2094             1.07282727e-02 5.74907922e-04 4.64623493e-05 1.07080946e-02 5.62170540e-04 4.96308266e-05 2.01781582e-05 1.27373818e-05 -3.16847736e-06
2095             1.07316446e-02 5.75826177e-04 4.61174694e-05 1.07114657e-02 5.63088474e-04 4.92884996e-05 2.01789081e-05 1.27377030e-05 -3.17103015e-06
2096             1.07344206e-02 5.76528224e-04 4.57587945e-05 1.07142406e-02 5.63788712e-04 4.89329596e-05 2.01800175e-05 1.27395122e-05 -3.17416507e-06
2097             1.07365274e-02 5.77059181e-04 4.54223810e-05 1.07163460e-02 5.64317070e-04 4.85999546e-05 2.01813875e-05 1.27421110e-05 -3.17757358e-06
2098             1.07380946e-02 5.77442351e-04 4.51599405e-05 1.07179117e-02 5.64697575e-04 4.83408952e-05 2.01829239e-05 1.27447760e-05 -3.18095469e-06
2099             1.07389143e-02 5.77636141e-04 4.50039762e-05 1.07187298e-02 5.64889299e-04 4.81880060e-05 2.01844856e-05 1.27468424e-05 -3.18402972e-06
2100             1.07390287e-02 5.77674605e-04 4.49288346e-05 1.07188429e-02 5.64926624e-04 4.81154244e-05 2.01858673e-05 1.27479811e-05 -3.18658988e-06
2101             1.07389958e-02 5.77655031e-04 4.48928962e-05 1.07188088e-02 5.64906646e-04 4.80814737e-05 2.01869654e-05 1.27483851e-05 -3.18857750e-06
2102             1.07391638e-02 5.77626927e-04 4.48680234e-05 1.07189759e-02 5.64878380e-04 4.80580907e-05 2.01878803e-05 1.27485469e-05 -3.19006732e-06
2103             1.07395577e-02 5.77550653e-04 4.48640854e-05 1.07193688e-02 5.64801784e-04 4.80552372e-05 2.01888179e-05 1.27488692e-05 -3.19115186e-06
2104             1.07402002e-02 5.77400948e-04 4.49026162e-05 1.07200102e-02 5.64651579e-04 4.80944717e-05 2.01899628e-05 1.27493693e-05 -3.19185549e-06
2105             1.07407723e-02 5.77158225e-04 4.49823715e-05 1.07205809e-02 5.64408462e-04 4.81745074e-05 2.01913703e-05 1.27497637e-05 -3.19213588e-06
2106             1.07406230e-02 5.76756970e-04 4.50868055e-05 1.07204302e-02 5.64007128e-04 4.82787516e-05 2.01928076e-05 1.27498426e-05 -3.19194606e-06
2107             1.07388395e-02 5.76081036e-04 4.51901202e-05 1.07186457e-02 5.63331322e-04 4.83813828e-05 2.01937244e-05 1.27497145e-05 -3.19126263e-06
2108             1.07351912e-02 5.75054007e-04 4.52850270e-05 1.07149977e-02 5.62304192e-04 4.84751081e-05 2.01935046e-05 1.27498158e-05 -3.19008109e-06
2109             1.07306275e-02 5.73786082e-04 4.53660367e-05 1.07104355e-02 5.61035433e-04 4.85544649e-05 2.01919566e-05 1.27506483e-05 -3.18842818e-06
2110             1.07260857e-02 5.72411903e-04 4.54536206e-05 1.07058962e-02 5.59659443e-04 4.86399937e-05 2.01894923e-05 1.27524604e-05 -3.18637311e-06
2111             1.07222662e-02 5.71138779e-04 4.55437009e-05 1.07020793e-02 5.58383716e-04 4.87276967e-05 2.01868543e-05 1.27550633e-05 -3.18399581e-06
2112             1.07195442e-02 5.70142881e-04 4.56341956e-05 1.06993595e-02 5.57384913e-04 4.88156005e-05 2.01847025e-05 1.27579685e-05 -3.18140494e-06
2113             1.07177286e-02 5.69456584e-04 4.57357680e-05 1.06975453e-02 5.56696027e-04 4.89144874e-05 2.01833090e-05 1.27605575e-05 -3.17871934e-06
2114             1.07168730e-02 5.69117883e-04 4.58470490e-05 1.06966904e-02 5.56355615e-04 4.90230975e-05 2.01825895e-05 1.27622680e-05 -3.17604848e-06
2115             1.07169631e-02 5.69152632e-04 4.59371402e-05 1.06967807e-02 5.56389759e-04 4.91106878e-05 2.01823346e-05 1.27628727e-05 -3.17354760e-06
2116             1.07174785e-02 5.69427979e-04 4.60090174e-05 1.06972962e-02 5.56665438e-04 4.91804124e-05 2.01822931e-05 1.27625413e-05 -3.17139498e-06
2117             1.07178407e-02 5.69760408e-04 4.60851856e-05 1.06976585e-02 5.56998862e-04 4.92548708e-05 2.01821783e-05 1.27615459e-05 -3.16968520e-06
2118             1.07180739e-02 5.70101726e-04 4.61830671e-05 1.06978921e-02 5.57341685e-04 4.93514715e-05 2.01818032e-05 1.27600408e-05 -3.16840439e-06
2119             1.07181949e-02 5.70414142e-04 4.63331564e-05 1.06980137e-02 5.57656184e-04 4.95006311e-05 2.01811641e-05 1.27579589e-05 -3.16747474e-06
2120             1.07183905e-02 5.70750636e-04 4.65311819e-05 1.06982101e-02 5.57995591e-04 4.96979582e-05 2.01803796e-05 1.27550446e-05 -3.16677629e-06
2121             1.07188496e-02 5.71184325e-04 4.67443557e-05 1.06986700e-02 5.58433173e-04 4.99106014e-05 2.01795836e-05 1.27511516e-05 -3.16624569e-06
2122             1.07199758e-02 5.71849857e-04 4.68859208e-05 1.06997969e-02 5.59103312e-04 5.00518703e-05 2.01788872e-05 1.27465450e-05 -3.16594954e-06
2123             1.07221325e-02 5.72805772e-04 4.68788452e-05 1.07019541e-02 5.60063714e-04 5.00449635e-05 2.01784087e-05 1.27420582e-05 -3.16611830e-06
2124             1.07252537e-02 5.73936299e-04 4.67127928e-05 1.07050754e-02 5.61197565e-04 4.98798206e-05 2.01782838e-05 1.27387345e-05 -3.16702780e-06
2125             1.07287272e-02 5.75026299e-04 4.64269556e-05 1.07085486e-02 5.62289028e-04 4.95957754e-05 2.01785898e-05 1.27372719e-05 -3.16881982e-06
2126             1.07319791e-02 5.75920529e-04 4.60848319e-05 1.07117998e-02 5.63182786e-04 4.92562461e-05 2.01793099e-05 1.27377434e-05 -3.17141420e-06
2127             1.07346088e-02 5.76595195e-04 4.57318332e-05 1.07144284e-02 5.63855528e-04 4.89063936e-05 2.01803706e-05 1.27396663e-05 -3.17456041e-06
2128             1.07365600e-02 5.77097691e-04 4.54040747e-05 1.07163783e-02 5.64355354e-04 4.85820243e-05 2.01816745e-05 1.27423366e-05 -3.17794959e-06
2129             1.07380031e-02 5.77460188e-04 4.51498216e-05 1.07178199e-02 5.64715152e-04 4.83311065e-05 2.01831320e-05 1.27450356e-05 -3.18128492e-06
2130             1.07387053e-02 5.77638653e-04 4.49989733e-05 1.07185207e-02 5.64891527e-04 4.81832732e-05 2.01846065e-05 1.27471258e-05 -3.18429988e-06
2131             1.07387226e-02 5.77668346e-04 4.49248580e-05 1.07185367e-02 5.64920032e-04 4.81116562e-05 2.01858950e-05 1.27483137e-05 -3.18679824e-06
2132             1.07386677e-02 5.77649603e-04 4.48874558e-05 1.07184808e-02 5.64900789e-04 4.80761890e-05 2.01869080e-05 1.27488140e-05 -3.18873320e-06
2133             1.07388236e-02 5.77615869e-04 4.48637186e-05 1.07186358e-02 5.64866762e-04 4.80539022e-05 2.01877593e-05 1.27491073e-05 -3.19018357e-06
2134             1.07392194e-02 5.77527837e-04 4.48654666e-05 1.07190307e-02 5.64778287e-04 4.80566979e-05 2.01886543e-05 1.27495492e-05 -3.19123132e-06
2135             1.07398174e-02 5.77354856e-04 4.49141733e-05 1.07196277e-02 5.64604746e-04 4.81060637e-05 2.01897630e-05 1.27501098e-05 -3.19189037e-06
2136             1.07403138e-02 5.77085341e-04 4.50037967e-05 1.07201227e-02 5.64334854e-04 4.81959091e-05 2.01911190e-05 1.27504867e-05 -3.19211246e-06
2137             1.07400856e-02 5.76659248e-04 4.51146398e-05 1.07198931e-02 5.63908756e-04 4.83064941e-05 2.01924803e-05 1.27504924e-05 -3.19185431e-06
2138             1.07382563e-02 5.75962612e-04 4.52209580e-05 1.07180630e-02 5.63212338e-04 4.84120597e-05 2.01933075e-05 1.27502739e-05 -3.19110174e-06
2139             1.07345919e-02 5.74919247e-04 4.53168009e-05 1.07143989e-02 5.62168955e-04 4.85066590e-05 2.01930071e-05 1.27502924e-05 -3.18985810e-06
2140             1.07300191e-02 5.73638171e-04 4.53981564e-05 1.07098277e-02 5.60887121e-04 4.85863086e-05 2.01914037e-05 1.27510493e-05 -3.18815220e-06
2141             1.07255301e-02 5.72265600e-04 4.54842999e-05 1.07053411e-02 5.59512819e-04 4.86703540e-05 2.01889226e-05 1.27527810e-05 -3.18605410e-06
2142             1.07218051e-02 5.71010260e-04 4.55699413e-05 1.07016188e-02 5.58254966e-04 4.87535896e-05 2.01863151e-05 1.27552937e-05 -3.18364829e-06
2143             1.07192137e-02 5.70042700e-04 4.56549965e-05 1.06990295e-02 5.57284598e-04 4.88360448e-05 2.01842351e-05 1.27581020e-05 -3.18104836e-06
2144             1.07175283e-02 5.69382934e-04 4.57533622e-05 1.06973453e-02 5.56622353e-04 4.89317337e-05 2.01829375e-05 1.27605816e-05 -3.17837150e-06
2145             1.07168178e-02 5.69072034e-04 4.58623345e-05 1.06966355e-02 5.56309869e-04 4.90380571e-05 2.01823228e-05 1.27621650e-05 -3.17572267e-06
2146             1.07170417e-02 5.69130660e-04 4.59506516e-05 1.06968596e-02 5.56368026e-04 4.91239069e-05 2.01821721e-05 1.27626335e-05 -3.17325526e-06
2147             1.07176495e-02 5.69420417e-04 4.60217382e-05 1.06974673e-02 5.56658249e-04 4.91928821e-05 2.01822246e-05 1.27621679e-05 -3.17114390e-06
2148             1.07180775e-02 5.69767010e-04 4.60953399e-05 1.06978954e-02 5.57005959e-04 4.92648190e-05 2.01821871e-05 1.27610510e-05 -3.16947903e-06
2149             1.07183704e-02 5.70125039e-04 4.61901403e-05 1.06981885e-02 5.57365590e-04 4.93583871e-05 2.01818768e-05 1.27594496e-05 -3.16824679e-06
2150             1.07185555e-02 5.70455147e-04 4.63380627e-05 1.06983742e-02 5.57697853e-04 4.95054310e-05 2.01813002e-05 1.27572941e-05 -3.16736830e-06
2151             1.07188255e-02 5.70814926e-04 4.65316195e-05 1.06986449e-02 5.58060597e-04 4.96983433e-05 2.01805828e-05 1.27543288e-05 -3.16672378e-06
2152             1.07193800e-02 5.71281544e-04 4.67352101e-05 1.06992002e-02 5.58531113e-04 4.99014664e-05 2.01798614e-05 1.27504314e-05 -3.16625635e-06
2153             1.07205769e-02 5.71978441e-04 4.68641950e-05 1.07003977e-02 5.59232545e-04 5.00302349e-05 2.01792405e-05 1.27458960e-05 -3.16603989e-06
2154             1.07227639e-02 5.72954088e-04 4.68462277e-05 1.07025851e-02 5.60212529e-04 5.00125298e-05 2.01788243e-05 1.27415590e-05 -3.16630207e-06
2155             1.07258410e-02 5.74081805e-04 4.66751090e-05 1.07056623e-02 5.61343374e-04 4.98424142e-05 2.01787340e-05 1.27384312e-05 -3.16730520e-06
2156             1.07292232e-02 5.75151394e-04 4.63906492e-05 1.07090442e-02 5.62414232e-04 4.95598214e-05 2.01790411e-05 1.27371625e-05 -3.16917222e-06
2157             1.07323568e-02 5.76021846e-04 4.60516335e-05 1.07121771e-02 5.63284054e-04 4.92234453e-05 2.01797347e-05 1.27377924e-05 -3.17181181e-06
2158             1.07348453e-02 5.76670434e-04 4.57043622e-05 1.07146646e-02 5.63930600e-04 4.88793340e-05 2.01807491e-05 1.27398336e-05 -3.17497179e-06
2159             1.07366416e-02 5.77144939e-04 4.53856206e-05 1.07164596e-02 5.64402361e-04 4.85639642e-05 2.01819887e-05 1.27425780e-05 -3.17834360e-06
2160             1.07379531e-02 5.77484486e-04 4.51408205e-05 1.07177698e-02 5.64739177e-04 4.83224539e-05 2.01833670e-05 1.27453092e-05 -3.18163341e-06
2161             1.07385332e-02 5.77647398e-04 4.49952948e-05 1.07183484e-02 5.64899981e-04 4.81798813e-05 2.01847522e-05 1.27474169e-05 -3.18458642e-06
2162             1.07384546e-02 5.77668409e-04 4.49223897e-05 1.07182686e-02 5.64919759e-04 4.81094104e-05 2.01859457e-05 1.27486496e-05 -3.18702076e-06
2163             1.07383707e-02 5.77649725e-04 4.48837839e-05 1.07181838e-02 5.64900482e-04 4.80726845e-05 2.01868726e-05 1.27492430e-05 -3.18890066e-06
2164             1.07385092e-02 5.77610800e-04 4.48608674e-05 1.07183216e-02 5.64861134e-04 4.80511762e-05 2.01876590e-05 1.27496655e-05 -3.19030883e-06
2165             1.07389105e-02 5.77511662e-04 4.48683196e-05 1.07187220e-02 5.64761434e-04 4.80596375e-05 2.01885114e-05 1.27502271e-05 -3.19131790e-06
2166             1.07394697e-02 5.77316079e-04 4.49273461e-05 1.07192801e-02 5.64565232e-04 4.81192766e-05 2.01895872e-05 1.27508465e-05 -3.19193056e-06
2167             1.07398912e-02 5.77019916e-04 4.50270050e-05 1.07197003e-02 5.64268713e-04 4.82190975e-05 2.01908965e-05 1.27512029e-05 -3.19209258e-06
2168             1.07395794e-02 5.76568786e-04 4.51441631e-05 1.07193872e-02 5.63817655e-04 4.83359275e-05 2.01921849e-05 1.27511313e-05 -3.19176440e-06
2169             1.07376950e-02 5.75850246e-04 4.52534530e-05 1.07175020e-02 5.63099426e-04 4.84443942e-05 2.01929223e-05 1.27508195e-05 -3.19094120e-06
2170             1.07340184e-02 5.74790548e-04 4.53498832e-05 1.07138258e-02 5.62039794e-04 4.85395175e-05 2.01925399e-05 1.27507542e-05 -3.18963429e-06
2171             1.07294425e-02 5.73496608e-04 4.54311707e-05 1.07092516e-02 5.60745171e-04 4.86190461e-05 2.01908828e-05 1.27514367e-05 -3.18787540e-06
2172             1.07250016e-02 5.72124373e-04 4.55159303e-05 1.07048133e-02 5.59371283e-04 4.87016650e-05 2.01883889e-05 1.27530895e-05 -3.18573473e-06
2173             1.07213721e-02 5.70886338e-04 4.55974106e-05 1.07011863e-02 5.58130829e-04 4.87807109e-05 2.01858163e-05 1.27555089e-05 -3.18330026e-06
2174             1.07189148e-02 5.69947711e-04 4.56768975e-05 1.06987310e-02 5.57189500e-04 4.88575880e-05 2.01838136e-05 1.27582118e-05 -3.18069054e-06
2175             1.07173638e-02 5.69315831e-04 4.57716331e-05 1.06971812e-02 5.56555260e-04 4.89496552e-05 2.01826185e-05 1.27605711e-05 -3.17802210e-06
2176             1.07167854e-02 5.69031195e-04 4.58781442e-05 1.06966033e-02 5.56269178e-04 4.90535397e-05 2.01821123e-05 1.27620169e-05 -3.17539547e-06
2177             1.07171291e-02 5.69111617e-04 4.59644780e-05 1.06969470e-02 5.56349277e-04 4.91374393e-05 2.01820638e-05 1.27623403e-05 -3.17296133e-06
2178             1.07178295e-02 5.69415174e-04 4.60343599e-05 1.06976473e-02 5.56653439e-04 4.92052509e-05 2.01822064e-05 1.27617348e-05 -3.17089102e-06
2179             1.07183246e-02 5.69774288e-04 4.61056658e-05 1.06981424e-02 5.57013795e-04 4.92749370e-05 2.01822457e-05 1.27604927e-05 -3.16927119e-06
2180             1.07186824e-02 5.70148059e-04 4.61977122e-05 1.06985004e-02 5.57389270e-04 4.93657994e-05 2.01820039e-05 1.27587887e-05 -3.16808710e-06
2181             1.07189394e-02 5.70491567e-04 4.63450312e-05 1.06987579e-02 5.57735020e-04 4.95122876e-05 2.01814977e-05 1.27565472e-05 -3.16725644e-06
2182             1.07192783e-02 5.70875100e-04 4.65336671e-05 1.06990974e-02 5.58121587e-04 4.97003305e-05 2.01808549e-05 1.27535127e-05 -3.16666338e-06
2183             1.07199201e-02 5.71377580e-04 4.67260982e-05 1.06997399e-02 5.58627981e-04 4.98923565e-05 2.01802096e-05 1.27495994e-05 -3.16625830e-06
2184             1.07211933e-02 5.72108275e-04 4.68416804e-05 1.07010136e-02 5.59363141e-04 5.00078034e-05 2.01796633e-05 1.27451332e-05 -3.16612302e-06
2185             1.07234271e-02 5.73105347e-04 4.68123043e-05 1.07032477e-02 5.60364399e-04 4.99787860e-05 2.01793125e-05 1.27409476e-05 -3.16648176e-06
2186             1.07264735e-02 5.74230408e-04 4.66360100e-05 1.07062943e-02 5.61492391e-04 4.98035928e-05 2.01792648e-05 1.27380175e-05 -3.16758275e-06
2187             1.07298135e-02 5.75294443e-04 4.63487419e-05 1.07096339e-02 5.62557491e-04 4.95182751e-05 2.01795876e-05 1.27369519e-05 -3.16953322e-06
2188             1.07328145e-02 5.76137954e-04 4.60122498e-05 1.07126342e-02 5.63400191e-04 4.91844844e-05 2.01802672e-05 1.27377630e-05 -3.17223456e-06
2189             1.07351321e-02 5.76752746e-04 4.56709054e-05 1.07149509e-02 5.64012805e-04 4.88463259e-05 2.01812351e-05 1.27399410e-05 -3.17542049e-06
2190             1.07367449e-02 5.77191738e-04 4.53620999e-05 1.07165625e-02 5.64448967e-04 4.85408800e-05 2.01823985e-05 1.27427714e-05 -3.17878013e-06
2191             1.07379126e-02 5.77505949e-04 4.51273426e-05 1.07177289e-02 5.64760407e-04 4.83093669e-05 2.01836841e-05 1.27455420e-05 -3.18202432e-06
2192             1.07383719e-02 5.77654609e-04 4.49873173e-05 1.07181869e-02 5.64906935e-04 4.81722312e-05 2.01849717e-05 1.27476736e-05 -3.18491390e-06
2193             1.07381929e-02 5.77664301e-04 4.49170647e-05 1.07180069e-02 5.64915347e-04 4.81043469e-05 2.01860674e-05 1.27489540e-05 -3.18728216e-06
2194             1.07380816e-02 5.77649518e-04 4.48759816e-05 1.07178947e-02 5.64899876e-04 4.80650860e-05 2.01869057e-05 1.27496413e-05 -3.18910441e-06
2195             1.07382039e-02 5.77607528e-04 4.48528160e-05 1.07180162e-02 5.64857323e-04 4.80432865e-05 2.01876236e-05 1.27502048e-05 -3.19047056e-06
2196             1.07385997e-02 5.77494717e-04 4.48662503e-05 1.07184113e-02 5.64743813e-04 4.80576925e-05 2.01884274e-05 1.27509043e-05 -3.19144220e-06
2197             1.07391240e-02 5.77276522e-04 4.49353514e-05 1.07189346e-02 5.64524922e-04 4.81273601e-05 2.01894628e-05 1.27516002e-05 -3.19200870e-06
2198             1.07394743e-02 5.76954092e-04 4.50449483e-05 1.07192835e-02 5.64202138e-04 4.82370592e-05 2.01907204e-05 1.27519538e-05 -3.19211082e-06
2199             1.07390703e-02 5.76476603e-04 4.51688303e-05 1.07188784e-02 5.63724781e-04 4.83605431e-05 2.01919311e-05 1.27518221e-05 -3.19171279e-06
2200             1.07371237e-02 5.75735198e-04 4.52811498e-05 1.07169311e-02 5.62983765e-04 4.84719682e-05 2.01925707e-05 1.27514331e-05 -3.19081837e-06
2201             1.07334293e-02 5.74657655e-04 4.53783109e-05 1.07132372e-02 5.61906354e-04 4.85677582e-05 2.01920959e-05 1.27513009e-05 -3.18944728e-06
2202             1.07288512e-02 5.73350105e-04 4.54595966e-05 1.07086608e-02 5.60598178e-04 4.86472311e-05 2.01903745e-05 1.27519274e-05 -3.18763448e-06
2203             1.07244624e-02 5.71979569e-04 4.55421880e-05 1.07042746e-02 5.59226047e-04 4.87276389e-05 2.01878599e-05 1.27535219e-05 -3.18545097e-06
2204             1.07209335e-02 5.70759890e-04 4.56193226e-05 1.07007482e-02 5.58004020e-04 4.88023115e-05 2.01853179e-05 1.27558705e-05 -3.18298883e-06
2205             1.07185923e-02 5.69847872e-04 4.56940513e-05 1.06984089e-02 5.57089387e-04 4.88744207e-05 2.01833872e-05 1.27584851e-05 -3.18036946e-06
2206             1.07171747e-02 5.69245472e-04 4.57852760e-05 1.06969924e-02 5.56484738e-04 4.89629833e-05 2.01822871e-05 1.27607335e-05 -3.17770730e-06
2207             1.07167331e-02 5.68990494e-04 4.58886956e-05 1.06965513e-02 5.56228444e-04 4.90637969e-05 2.01818826e-05 1.27620495e-05 -3.17510126e-06
2208             1.07171976e-02 5.69094568e-04 4.59728520e-05 1.06970157e-02 5.56332330e-04 4.91455520e-05 2.01819307e-05 1.27622380e-05 -3.17270000e-06
2209             1.07179886e-02 5.69410811e-04 4.60422717e-05 1.06978064e-02 5.56649309e-04 4.92129419e-05 2.01821569e-05 1.27615025e-05 -3.17067019e-06
2210             1.07185574e-02 5.69785309e-04 4.61111755e-05 1.06983751e-02 5.57025167e-04 4.92802697e-05 2.01822675e-05 1.27601425e-05 -3.16909417e-06
2211             1.07189883e-02 5.70176561e-04 4.62006187e-05 1.06988062e-02 5.57418219e-04 4.93685767e-05 2.01820889e-05 1.27583419e-05 -3.16795805e-06
2212             1.07193114e-02 5.70537359e-04 4.63463773e-05 1.06991298e-02 5.57781339e-04 4.95135548e-05 2.01816471e-05 1.27560198e-05 -3.16717747e-06
2213             1.07197309e-02 5.70945360e-04 4.65303757e-05 1.06995498e-02 5.58192437e-04 4.96970123e-05 2.01810730e-05 1.27529232e-05 -3.16663667e-06
2214             1.07204713e-02 5.71482798e-04 4.67119450e-05 1.07002908e-02 5.58733800e-04 4.98782397e-05 2.01805012e-05 1.27489988e-05 -3.16629479e-06
2215             1.07218299e-02 5.72247137e-04 4.68137467e-05 1.07016499e-02 5.59502531e-04 4.99799888e-05 2.01800284e-05 1.27446069e-05 -3.16624206e-06
2216             1.07241093e-02 5.73266075e-04 4.67719309e-05 1.07039296e-02 5.60525493e-04 4.99386311e-05 2.01797404e-05 1.27405828e-05 -3.16670013e-06
2217             1.07271183e-02 5.74388127e-04 4.65897101e-05 1.07069386e-02 5.61650261e-04 4.97576129e-05 2.01797305e-05 1.27378665e-05 -3.16790276e-06
2218             1.07303626e-02 5.75429948e-04 4.63036070e-05 1.07101825e-02 5.62692937e-04 4.94735425e-05 2.01800573e-05 1.27370118e-05 -3.16993551e-06
2219             1.07332331e-02 5.76247138e-04 4.59707551e-05 1.07130524e-02 5.63509145e-04 4.91434419e-05 2.01807105e-05 1.27379928e-05 -3.17268674e-06
2220             1.07354075e-02 5.76836974e-04 4.56347995e-05 1.07152259e-02 5.64096679e-04 4.88106884e-05 2.01816289e-05 1.27402952e-05 -3.17588897e-06
2221             1.07368538e-02 5.77246781e-04 4.53351968e-05 1.07166711e-02 5.64503574e-04 4.85144299e-05 2.01827224e-05 1.27432068e-05 -3.17923304e-06
2222             1.07378690e-02 5.77533723e-04 4.51110554e-05 1.07176851e-02 5.64787706e-04 4.82934870e-05 2.01839191e-05 1.27460162e-05 -3.18243154e-06
2223             1.07382050e-02 5.77665874e-04 4.49768599e-05 1.07180199e-02 5.64917704e-04 4.81621164e-05 2.01851068e-05 1.27481704e-05 -3.18525650e-06
2224             1.07379411e-02 5.77667592e-04 4.49081981e-05 1.07177550e-02 5.64918090e-04 4.80957562e-05 2.01861023e-05 1.27495022e-05 -3.18755806e-06
2225             1.07377929e-02 5.77651635e-04 4.48663529e-05 1.07176061e-02 5.64901346e-04 4.80556757e-05 2.01868533e-05 1.27502893e-05 -3.18932282e-06
2226             1.07378977e-02 5.77605523e-04 4.48437278e-05 1.07177102e-02 5.64854533e-04 4.80343716e-05 2.01875036e-05 1.27509895e-05 -3.19064376e-06
2227             1.07383034e-02 5.77483384e-04 4.48623058e-05 1.07181152e-02 5.64731565e-04 4.80538814e-05 2.01882612e-05 1.27518199e-05 -3.19157561e-06
2228             1.07388091e-02 5.77246940e-04 4.49405103e-05 1.07186198e-02 5.64494349e-04 4.81326070e-05 2.01892624e-05 1.27525910e-05 -3.19209676e-06
2229             1.07390902e-02 5.76898875e-04 4.50599470e-05 1.07188997e-02 5.64145930e-04 4.82520888e-05 2.01904739e-05 1.27529442e-05 -3.19214179e-06
2230             1.07385750e-02 5.76391834e-04 4.51911707e-05 1.07183833e-02 5.63639081e-04 4.83828466e-05 2.01916059e-05 1.27527536e-05 -3.19167585e-06
2231             1.07365531e-02 5.75625639e-04 4.53070722e-05 1.07163610e-02 5.62873355e-04 4.84977819e-05 2.01921398e-05 1.27522840e-05 -3.19070969e-06
2232             1.07328331e-02 5.74528995e-04 4.54057071e-05 1.07126416e-02 5.61776917e-04 4.85949793e-05 2.01915634e-05 1.27520773e-05 -3.18927221e-06
2233             1.07282506e-02 5.73207505e-04 4.54877966e-05 1.07080609e-02 5.60454869e-04 4.86751987e-05 2.01897720e-05 1.27526357e-05 -3.18740210e-06
2234             1.07239181e-02 5.71838985e-04 4.55691171e-05 1.07037308e-02 5.59084830e-04 4.87542886e-05 2.01872362e-05 1.27541547e-05 -3.18517147e-06
2235             1.07204954e-02 5.70638613e-04 4.56425660e-05 1.07003107e-02 5.57882202e-04 4.88252429e-05 2.01847280e-05 1.27564107e-05 -3.18267691e-06
2236             1.07182638e-02 5.69752806e-04 4.57130120e-05 1.06980809e-02 5.56993893e-04 4.88930552e-05 2.01828722e-05 1.27589132e-05 -3.18004318e-06
2237             1.07169675e-02 5.69178866e-04 4.58007220e-05 1.06967857e-02 5.56417836e-04 4.89781052e-05 2.01818651e-05 1.27610295e-05 -3.17738314e-06
2238             1.07166617e-02 5.68952651e-04 4.59012051e-05 1.06964801e-02 5.56190451e-04 4.90759992e-05 2.01815586e-05 1.27621997e-05 -3.17479410e-06
2239             1.07172498e-02 5.69080920e-04 4.59832684e-05 1.06970681e-02 5.56318679e-04 4.91556916e-05 2.01817025e-05 1.27622407e-05 -3.17242318e-06
2240             1.07181339e-02 5.69409204e-04 4.60523754e-05 1.06979519e-02 5.56647840e-04 4.92228078e-05 2.01820150e-05 1.27613637e-05 -3.17043233e-06
2241             1.07187776e-02 5.69795365e-04 4.61202029e-05 1.06985954e-02 5.57035494e-04 4.92891008e-05 2.01822025e-05 1.27598713e-05 -3.16889786e-06
2242             1.07192745e-02 5.70201813e-04 4.62078278e-05 1.06990924e-02 5.57443860e-04 4.93756329e-05 2.01820946e-05 1.27579532e-05 -3.16780511e-06
2243             1.07196615e-02 5.70581147e-04 4.63519255e-05 1.06994797e-02 5.57825618e-04 4.95189951e-05 2.01817224e-05 1.27555286e-05 -3.16706960e-06
2244             1.07201582e-02 5.71014880e-04 4.65313593e-05 1.06999770e-02 5.58262530e-04 4.96979368e-05 2.01812199e-05 1.27523497e-05 -3.16657753e-06
2245             1.07209890e-02 5.71585861e-04 4.67028032e-05 1.07008082e-02 5.58837467e-04 4.98690992e-05 2.01807226e-05 1.27483932e-05 -3.16629596e-06
2246             1.07224395e-02 5.72384204e-04 4.67908120e-05 1.07022592e-02 5.59640150e-04 4.99571347e-05 2.01803249e-05 1.27440536e-05 -3.16632271e-06
2247             1.07247708e-02 5.73425491e-04 4.67361752e-05 1.07045907e-02 5.60685318e-04 4.99030534e-05 2.01801056e-05 1.27401727e-05 -3.16687821e-06
2248             1.07277462e-02 5.74545567e-04 4.65476057e-05 1.07075661e-02 5.61807911e-04 4.97157872e-05 2.01801424e-05 1.27376559e-05 -3.16818158e-06
2249             1.07308956e-02 5.75565741e-04 4.62628791e-05 1.07107151e-02 5.62828744e-04 4.94331752e-05 2.01804829e-05 1.27369979e-05 -3.17029610e-06
2250             1.07336319e-02 5.76355578e-04 4.59346407e-05 1.07134508e-02 5.63617448e-04 4.91077365e-05 2.01811172e-05 1.27381296e-05 -3.17309578e-06
2251             1.07356645e-02 5.76921063e-04 4.56042086e-05 1.07154825e-02 5.64180530e-04 4.87805205e-05 2.01819921e-05 1.27405328e-05 -3.17631184e-06
2252             1.07369498e-02 5.77303183e-04 4.53135020e-05 1.07167668e-02 5.64559678e-04 4.84931407e-05 2.01830213e-05 1.27435045e-05 -3.17963869e-06
2253             1.07378169e-02 5.77563272e-04 4.51000690e-05 1.07176328e-02 5.64816937e-04 4.82828603e-05 2.01841357e-05 1.27463357e-05 -3.18279135e-06
2254             1.07380255e-02 5.77677753e-04 4.49719186e-05 1.07178403e-02 5.64929256e-04 4.81574705e-05 2.01852293e-05 1.27484970e-05 -3.18555187e-06
2255             1.07376686e-02 5.77669341e-04 4.49052162e-05 1.07174824e-02 5.64919475e-04 4.80930024e-05 2.01861273e-05 1.27498654e-05 -3.18778621e-06
2256             1.07374745e-02 5.77649688e-04 4.48629835e-05 1.07172877e-02 5.64898951e-04 4.80524755e-05 2.01867903e-05 1.27507374e-05 -3.18949202e-06
2257             1.07375746e-02 5.77601545e-04 4.48401104e-05 1.07173872e-02 5.64849983e-04 4.80308770e-05 2.01873744e-05 1.27515618e-05 -3.19076657e-06
2258             1.07380023e-02 5.77472317e-04 4.48628408e-05 1.07178142e-02 5.64719800e-04 4.80545010e-05 2.01880928e-05 1.27525175e-05 -3.19166020e-06
2259             1.07384907e-02 5.77217858e-04 4.49495822e-05 1.07183016e-02 5.64464495e-04 4.81417221e-05 2.01890694e-05 1.27533632e-05 -3.19213981e-06
2260             1.07386968e-02 5.76841991e-04 4.50792805e-05 1.07185066e-02 5.64088275e-04 4.82714118e-05 2.01902421e-05 1.27537157e-05 -3.19213136e-06
2261             1.07380638e-02 5.76303630e-04 4.52181249e-05 1.07178725e-02 5.63550169e-04 4.84097244e-05 2.01912981e-05 1.27534615e-05 -3.19159946e-06
2262             1.07359612e-02 5.75510890e-04 4.53379367e-05 1.07157695e-02 5.62757984e-04 4.85284992e-05 2.01917259e-05 1.27529054e-05 -3.19056245e-06
2263             1.07322192e-02 5.74395172e-04 4.54379951e-05 1.07120281e-02 5.61642554e-04 4.86270541e-05 2.01910482e-05 1.27526177e-05 -3.18905895e-06
2264             1.07276433e-02 5.73060622e-04 4.55209036e-05 1.07074541e-02 5.60307520e-04 4.87080363e-05 2.01891912e-05 1.27531028e-05 -3.18713273e-06
2265             1.07233721e-02 5.71694436e-04 4.56011594e-05 1.07031855e-02 5.58939895e-04 4.87860160e-05 2.01866412e-05 1.27545402e-05 -3.18485665e-06
2266             1.07200515e-02 5.70513014e-04 4.56706916e-05 1.06998674e-02 5.57756317e-04 4.88530231e-05 2.01841725e-05 1.27566969e-05 -3.18233153e-06
2267             1.07179213e-02 5.69652195e-04 4.57367532e-05 1.06977389e-02 5.56893112e-04 4.89164384e-05 2.01823929e-05 1.27590826e-05 -3.17968514e-06
2268             1.07167463e-02 5.69106907e-04 4.58202946e-05 1.06965649e-02 5.56345842e-04 4.89973238e-05 2.01814771e-05 1.27610655e-05 -3.17702919e-06
2269             1.07165767e-02 5.68910033e-04 4.59168181e-05 1.06963954e-02 5.56147938e-04 4.90912786e-05 2.01812670e-05 1.27620957e-05 -3.17446050e-06
2270             1.07172964e-02 5.69061559e-04 4.59965360e-05 1.06971148e-02 5.56299558e-04 4.91686603e-05 2.01815076e-05 1.27620013e-05 -3.17212433e-06
2271             1.07182705e-02 5.69401546e-04 4.60651304e-05 1.06980886e-02 5.56640551e-04 4.92353069e-05 2.01819099e-05 1.27609949e-05 -3.17017649e-06
2272             1.07189856e-02 5.69799071e-04 4.61315473e-05 1.06988034e-02 5.57039691e-04 4.93002344e-05 2.01821758e-05 1.27593800e-05 -3.16868718e-06
2273             1.07195459e-02 5.70218939e-04 4.62175531e-05 1.06993638e-02 5.57461587e-04 4.93851936e-05 2.01821377e-05 1.27573520e-05 -3.16764046e-06
2274             1.07199932e-02 5.70616173e-04 4.63594728e-05 1.06998113e-02 5.57861343e-04 4.95264243e-05 2.01818330e-05 1.27548306e-05 -3.16695146e-06
2275             1.07205741e-02 5.71077242e-04 4.65334559e-05 1.07003927e-02 5.58325662e-04 4.96999658e-05 2.01814004e-05 1.27515796e-05 -3.16650992e-06
2276             1.07214981e-02 5.71682087e-04 4.66943489e-05 1.07013171e-02 5.58934483e-04 4.98606404e-05 2.01809774e-05 1.27476045e-05 -3.16629157e-06
2277             1.07230411e-02 5.72514906e-04 4.67680190e-05 1.07028605e-02 5.59771574e-04 4.99344201e-05 2.01806553e-05 1.27433318e-05 -3.16640112e-06
2278             1.07254209e-02 5.73577570e-04 4.67005868e-05 1.07052404e-02 5.60837962e-04 4.98676440e-05 2.01805042e-05 1.27396078e-05 -3.16705724e-06
2279             1.07283685e-02 5.74697218e-04 4.65051590e-05 1.07081879e-02 5.61959916e-04 4.96736229e-05 2.01805880e-05 1.27373020e-05 -3.16846396e-06
2280             1.07314314e-02 5.75698185e-04 4.62212656e-05 1.07112504e-02 5.62961332e-04 4.93919292e-05 2.01809445e-05 1.27368527e-05 -3.17066356e-06
2281             1.07340339e-02 5.76461408e-04 4.58978444e-05 1.07138524e-02 5.63723262e-04 4.90713596e-05 2.01815628e-05 1.27381462e-05 -3.17351527e-06
2282             1.07359249e-02 5.77002771e-04 4.55732099e-05 1.07157425e-02 5.64262113e-04 4.87499578e-05 2.01823946e-05 1.27406578e-05 -3.17674792e-06
2283             1.07370603e-02 5.77358970e-04 4.52914159e-05 1.07168769e-02 5.64615274e-04 4.84714757e-05 2.01833594e-05 1.27436957e-05 -3.18005977e-06
2284             1.07377766e-02 5.77591372e-04 4.50890650e-05 1.07175923e-02 5.64844818e-04 4.82722339e-05 2.01843916e-05 1.27465541e-05 -3.18316888e-06
2285             1.07378532e-02 5.77686769e-04 4.49676534e-05 1.07176678e-02 5.64938043e-04 4.81535193e-05 2.01853891e-05 1.27487263e-05 -3.18586585e-06
2286             1.07374109e-02 5.77672052e-04 4.49020180e-05 1.07172247e-02 5.64921916e-04 4.80900518e-05 2.01861877e-05 1.27501360e-05 -3.18803377e-06
2287             1.07371613e-02 5.77645686e-04 4.48602201e-05 1.07169745e-02 5.64894585e-04 4.80499025e-05 2.01867619e-05 1.27511013e-05 -3.18968242e-06
2288             1.07372585e-02 5.77595586e-04 4.48370726e-05 1.07170713e-02 5.64843532e-04 4.80279826e-05 2.01872783e-05 1.27520539e-05 -3.19091001e-06
2289             1.07377074e-02 5.77460767e-04 4.48633655e-05 1.07175194e-02 5.64707626e-04 4.80551307e-05 2.01879561e-05 1.27531412e-05 -3.19176523e-06
2290             1.07381937e-02 5.77193488e-04 4.49568552e-05 1.07180048e-02 5.64439411e-04 4.81490609e-05 2.01889102e-05 1.27540765e-05 -3.19220568e-06
2291             1.07383255e-02 5.76791128e-04 4.50965154e-05 1.07181354e-02 5.64036676e-04 4.82886640e-05 2.01900481e-05 1.27544516e-05 -3.19214858e-06
2292             1.07375681e-02 5.76221249e-04 4.52430790e-05 1.07173770e-02 5.63467094e-04 4.84346340e-05 2.01910307e-05 1.27541553e-05 -3.19155500e-06
2293             1.07353716e-02 5.75400284e-04 4.53675752e-05 1.07151802e-02 5.62646756e-04 4.85580245e-05 2.01913504e-05 1.27535277e-05 -3.19044923e-06
2294             1.07316050e-02 5.74265370e-04 4.54699476e-05 1.07114144e-02 5.61512206e-04 4.86588263e-05 2.01905670e-05 1.27531644e-05 -3.18887875e-06
2295             1.07270507e-02 5.72921184e-04 4.55539522e-05 1.07068621e-02 5.60167609e-04 4.87408466e-05 2.01886434e-05 1.27535752e-05 -3.18689433e-06
2296             1.07228347e-02 5.71557462e-04 4.56337839e-05 1.07026486e-02 5.58802535e-04 4.88183547e-05 2.01860806e-05 1.27549270e-05 -3.18457076e-06
2297             1.07196020e-02 5.70393152e-04 4.57001652e-05 1.06994183e-02 5.57636173e-04 4.88821778e-05 2.01836484e-05 1.27569791e-05 -3.18201253e-06
2298             1.07175701e-02 5.69556906e-04 4.57617977e-05 1.06973882e-02 5.56797664e-04 4.89411475e-05 2.01819375e-05 1.27592428e-05 -3.17934973e-06
2299             1.07165176e-02 5.69039122e-04 4.58415400e-05 1.06963365e-02 5.56278032e-04 4.90182346e-05 2.01811064e-05 1.27610905e-05 -3.17669459e-06
2300             1.07164871e-02 5.68871817e-04 4.59339495e-05 1.06963061e-02 5.56109837e-04 4.91080925e-05 2.01809887e-05 1.27619799e-05 -3.17414298e-06
2301             1.07173323e-02 5.69045336e-04 4.60114769e-05 1.06971510e-02 5.56283586e-04 4.91833158e-05 2.01813247e-05 1.27617501e-05 -3.17183891e-06
2302             1.07183965e-02 5.69397466e-04 4.60793154e-05 1.06982147e-02 5.56636853e-04 4.92492467e-05 2.01818169e-05 1.27606134e-05 -3.16993130e-06
2303             1.07191856e-02 5.69806197e-04 4.61445638e-05 1.06990034e-02 5.57047322e-04 4.93130485e-05 2.01821624e-05 1.27588742e-05 -3.16848465e-06
2304             1.07198064e-02 5.70237356e-04 4.62299642e-05 1.06996242e-02 5.57480627e-04 4.93974447e-05 2.01821959e-05 1.27567289e-05 -3.16748055e-06
2305             1.07203103e-02 5.70651688e-04 4.63698422e-05 1.07001284e-02 5.57897590e-04 4.95366756e-05 2.01819588e-05 1.27540982e-05 -3.16683338e-06
2306             1.07209724e-02 5.71138619e-04 4.65386238e-05 1.07007908e-02 5.58387857e-04 4.97050615e-05 2.01815951e-05 1.27507624e-05 -3.16643772e-06
2307             1.07219929e-02 5.71776253e-04 4.66892103e-05 1.07018116e-02 5.59029497e-04 4.98554882e-05 2.01812460e-05 1.27467563e-05 -3.16627793e-06
2308             1.07236311e-02 5.72642959e-04 4.67486091e-05 1.07034501e-02 5.59900421e-04 4.99150752e-05 2.01810009e-05 1.27425388e-05 -3.16646613e-06
2309             1.07260616e-02 5.73726817e-04 4.66683150e-05 1.07058806e-02 5.60987857e-04 4.98355343e-05 2.01809210e-05 1.27389604e-05 -3.16721927e-06
2310             1.07289913e-02 5.74848287e-04 4.64653665e-05 1.07088102e-02 5.62111431e-04 4.96340934e-05 2.01810571e-05 1.27368557e-05 -3.16872692e-06
2311             1.07319746e-02 5.75832176e-04 4.61815735e-05 1.07117931e-02 5.63095568e-04 4.93525848e-05 2.01814370e-05 1.27366079e-05 -3.17101126e-06
2312             1.07344382e-02 5.76567588e-04 4.58634253e-05 1.07142562e-02 5.63829531e-04 4.90373406e-05 2.01820454e-05 1.27380564e-05 -3.17391529e-06
2313             1.07361905e-02 5.77086215e-04 4.55443559e-05 1.07160077e-02 5.64345548e-04 4.87215199e-05 2.01828375e-05 1.27406671e-05 -3.17716407e-06
2314             1.07371889e-02 5.77419043e-04 4.52708482e-05 1.07170051e-02 5.64675279e-04 4.84513099e-05 2.01837416e-05 1.27437640e-05 -3.18046176e-06
2315             1.07377588e-02 5.77624508e-04 4.50792911e-05 1.07175741e-02 5.64877862e-04 4.82628211e-05 2.01846965e-05 1.27466463e-05 -3.18353000e-06
2316             1.07376971e-02 5.77698276e-04 4.49652640e-05 1.07175115e-02 5.64949450e-04 4.81514298e-05 2.01856011e-05 1.27488252e-05 -3.18616581e-06
2317             1.07371627e-02 5.77672792e-04 4.49019036e-05 1.07169764e-02 5.64922526e-04 4.80901705e-05 2.01863000e-05 1.27502659e-05 -3.18826689e-06
2318             1.07368647e-02 5.77643369e-04 4.48591091e-05 1.07166779e-02 5.64892055e-04 4.80489662e-05 2.01867840e-05 1.27513140e-05 -3.18985708e-06
2319             1.07369598e-02 5.77593134e-04 4.48347852e-05 1.07167725e-02 5.64840739e-04 4.80258249e-05 2.01872333e-05 1.27523953e-05 -3.19103970e-06
2320             1.07374225e-02 5.77451311e-04 4.48647795e-05 1.07172346e-02 5.64697692e-04 4.80566388e-05 2.01878716e-05 1.27536188e-05 -3.19185931e-06
2321             1.07378991e-02 5.77169389e-04 4.49652688e-05 1.07177103e-02 5.64414743e-04 4.81575306e-05 2.01888022e-05 1.27546457e-05 -3.19226183e-06
2322             1.07379630e-02 5.76742778e-04 4.51138791e-05 1.07177731e-02 5.63987732e-04 4.83060362e-05 2.01899046e-05 1.27550458e-05 -3.19215717e-06
2323             1.07370868e-02 5.76143168e-04 4.52676300e-05 1.07168960e-02 5.63388452e-04 4.84591349e-05 2.01908155e-05 1.27547157e-05 -3.19150484e-06
2324             1.07347941e-02 5.75294387e-04 4.53967659e-05 1.07146031e-02 5.62540361e-04 4.85870997e-05 2.01910295e-05 1.27540263e-05 -3.19033388e-06
2325             1.07310068e-02 5.74141250e-04 4.55013568e-05 1.07108167e-02 5.61387653e-04 4.86900563e-05 2.01901422e-05 1.27535961e-05 -3.18869954e-06
2326             1.07264300e-02 5.72775265e-04 4.55887167e-05 1.07062418e-02 5.60021329e-04 4.87753735e-05 2.01881448e-05 1.27539357e-05 -3.18665675e-06
2327             1.07222642e-02 5.71414211e-04 4.56680882e-05 1.07020787e-02 5.58659012e-04 4.88523680e-05 2.01855598e-05 1.27551995e-05 -3.18427978e-06
2328             1.07190685e-02 5.70258238e-04 4.57328819e-05 1.06988854e-02 5.57501091e-04 4.89145640e-05 2.01831460e-05 1.27571462e-05 -3.18168212e-06
2329             1.07171486e-02 5.69450664e-04 4.57896435e-05 1.06969671e-02 5.56691375e-04 4.89686369e-05 2.01814885e-05 1.27592887e-05 -3.17899340e-06
2330             1.07162502e-02 5.68967709e-04 4.58637901e-05 1.06960694e-02 5.56206697e-04 4.90401259e-05 2.01807393e-05 1.27610122e-05 -3.17633574e-06
2331             1.07163789e-02 5.68833491e-04 4.59506965e-05 1.06961982e-02 5.56071708e-04 4.91245013e-05 2.01807248e-05 1.27617827e-05 -3.17380477e-06
2332             1.07173442e-02 5.69027583e-04 4.60254125e-05 1.06971631e-02 5.56266142e-04 4.91969509e-05 2.01811667e-05 1.27614409e-05 -3.17153849e-06
2333             1.07184782e-02 5.69388241e-04 4.60926709e-05 1.06982964e-02 5.56628049e-04 4.92623457e-05 2.01817494e-05 1.27601923e-05 -3.16967480e-06
2334             1.07193329e-02 5.69806249e-04 4.61571893e-05 1.06991508e-02 5.57047909e-04 4.93254605e-05 2.01821667e-05 1.27583394e-05 -3.16827117e-06
2335             1.07200141e-02 5.70248759e-04 4.62419239e-05 1.06998319e-02 5.57492675e-04 4.94092328e-05 2.01822627e-05 1.27560836e-05 -3.16730895e-06
2336             1.07205787e-02 5.70681264e-04 4.63791052e-05 1.07003966e-02 5.57927912e-04 4.95458093e-05 2.01820873e-05 1.27533523e-05 -3.16670415e-06
2337             1.07213205e-02 5.71194093e-04 4.65419644e-05 1.07011387e-02 5.58444147e-04 4.97083213e-05 2.01817887e-05 1.27499456e-05 -3.16635690e-06
2338             1.07224339e-02 5.71862810e-04 4.66820611e-05 1.07022524e-02 5.59116885e-04 4.98483199e-05 2.01815095e-05 1.27459246e-05 -3.16625884e-06
2339             1.07241775e-02 5.72765256e-04 4.67259750e-05 1.07039961e-02 5.60023477e-04 4.98925042e-05 2.01813388e-05 1.27417791e-05 -3.16652913e-06
2340             1.07266719e-02 5.73873382e-04 4.66313452e-05 1.07064906e-02 5.61135015e-04 4.97987301e-05 2.01813313e-05 1.27383673e-05 -3.16738482e-06
2341             1.07295941e-02 5.74999504e-04 4.64194746e-05 1.07094125e-02 5.62263015e-04 4.95884757e-05 2.01815236e-05 1.27364885e-05 -3.16900116e-06
2342             1.07325015e-02 5.75968239e-04 4.61344431e-05 1.07123196e-02 5.63231768e-04 4.93058228e-05 2.01819296e-05 1.27364706e-05 -3.17137974e-06
2343             1.07348406e-02 5.76679086e-04 4.58199889e-05 1.07146581e-02 5.63940979e-04 4.89943361e-05 2.01825297e-05 1.27381068e-05 -3.17434721e-06
2344             1.07364603e-02 5.77175974e-04 4.55054825e-05 1.07162770e-02 5.64435120e-04 4.86831072e-05 2.01832820e-05 1.27408542e-05 -3.17762473e-06
2345             1.07373239e-02 5.77485673e-04 4.52395890e-05 1.07171398e-02 5.64741625e-04 4.84205094e-05 2.01841236e-05 1.27440484e-05 -3.18092047e-06
2346             1.07377387e-02 5.77663583e-04 4.50579999e-05 1.07175537e-02 5.64916592e-04 4.82419588e-05 2.01849958e-05 1.27469916e-05 -3.18395892e-06
2347             1.07375330e-02 5.77714590e-04 4.49513531e-05 1.07173472e-02 5.64965377e-04 4.81378956e-05 2.01857985e-05 1.27492128e-05 -3.18654252e-06
2348             1.07369064e-02 5.77678390e-04 4.48904377e-05 1.07167200e-02 5.64927675e-04 4.80790207e-05 2.01863882e-05 1.27507145e-05 -3.18858307e-06
2349             1.07365536e-02 5.77644840e-04 4.48471976e-05 1.07163668e-02 5.64892970e-04 4.80373163e-05 2.01867724e-05 1.27518697e-05 -3.19011870e-06
2350             1.07366296e-02 5.77591563e-04 4.48227212e-05 1.07164424e-02 5.64838465e-04 4.80139781e-05 2.01871415e-05 1.27530983e-05 -3.19125696e-06
2351             1.07370934e-02 5.77442497e-04 4.48561706e-05 1.07169057e-02 5.64688022e-04 4.80482095e-05 2.01877229e-05 1.27544750e-05 -3.19203890e-06
2352             1.07375563e-02 5.77146969e-04 4.49629317e-05 1.07173677e-02 5.64391350e-04 4.81553337e-05 2.01886106e-05 1.27556184e-05 -3.19240199e-06
2353             1.07375599e-02 5.76697507e-04 4.51200741e-05 1.07173702e-02 5.63941430e-04 4.83123236e-05 2.01896620e-05 1.27560769e-05 -3.19224954e-06
2354             1.07365603e-02 5.76066674e-04 4.52817322e-05 1.07163698e-02 5.63310926e-04 4.84732705e-05 2.01904891e-05 1.27557488e-05 -3.19153829e-06
2355             1.07341592e-02 5.75187585e-04 4.54166696e-05 1.07139686e-02 5.62432557e-04 4.86069692e-05 2.01905853e-05 1.27550275e-05 -3.19029964e-06
2356             1.07303457e-02 5.74015114e-04 4.55246450e-05 1.07101561e-02 5.61260561e-04 4.87132415e-05 2.01895800e-05 1.27545528e-05 -3.18859644e-06
2357             1.07258055e-02 5.72642030e-04 4.56136434e-05 1.07056180e-02 5.59887189e-04 4.88001352e-05 2.01875056e-05 1.27548411e-05 -3.18649174e-06
2358             1.07216917e-02 5.71284561e-04 4.56925856e-05 1.07015068e-02 5.58528520e-04 4.88766501e-05 2.01848981e-05 1.27560408e-05 -3.18406452e-06
2359             1.07185721e-02 5.70143716e-04 4.57553363e-05 1.06983896e-02 5.57385814e-04 4.89367661e-05 2.01825064e-05 1.27579021e-05 -3.18142985e-06
2360             1.07167419e-02 5.69357890e-04 4.58092748e-05 1.06965610e-02 5.56597955e-04 4.89879931e-05 2.01808986e-05 1.27599347e-05 -3.17871828e-06
2361             1.07159644e-02 5.68903032e-04 4.58795090e-05 1.06957842e-02 5.56141500e-04 4.90555632e-05 2.01802158e-05 1.27615318e-05 -3.17605419e-06
2362             1.07162389e-02 5.68799657e-04 4.59621977e-05 1.06960586e-02 5.56037484e-04 4.91357321e-05 2.01802816e-05 1.27621735e-05 -3.17353435e-06
2363             1.07173244e-02 5.69015914e-04 4.60347981e-05 1.06971436e-02 5.56254207e-04 4.92060929e-05 2.01808112e-05 1.27617076e-05 -3.17129477e-06
2364             1.07185356e-02 5.69387690e-04 4.61019498e-05 1.06983541e-02 5.56627355e-04 4.92714149e-05 2.01814746e-05 1.27603358e-05 -3.16946509e-06
2365             1.07194627e-02 5.69816677e-04 4.61660402e-05 1.06992807e-02 5.57058319e-04 4.93341366e-05 2.01819608e-05 1.27583588e-05 -3.16809635e-06
2366             1.07202071e-02 5.70269728e-04 4.62509331e-05 1.07000250e-02 5.57513746e-04 4.94181017e-05 2.01821196e-05 1.27559819e-05 -3.16716861e-06
2367             1.07208339e-02 5.70718948e-04 4.63863735e-05 1.07006519e-02 5.57965811e-04 4.95529714e-05 2.01820066e-05 1.27531363e-05 -3.16659792e-06
2368             1.07216490e-02 5.71255424e-04 4.65448794e-05 1.07014672e-02 5.58505784e-04 4.97111685e-05 2.01817728e-05 1.27496399e-05 -3.16628917e-06
2369             1.07228529e-02 5.71955283e-04 4.66756467e-05 1.07026714e-02 5.59209704e-04 4.98418882e-05 2.01815626e-05 1.27455790e-05 -3.16624146e-06
2370             1.07247078e-02 5.72895138e-04 4.67046851e-05 1.07045263e-02 5.60153662e-04 4.98712676e-05 2.01814669e-05 1.27414756e-05 -3.16658252e-06
2371             1.07272700e-02 5.74027498e-04 4.65969314e-05 1.07070885e-02 5.61289301e-04 4.97644614e-05 2.01815352e-05 1.27381973e-05 -3.16753004e-06
2372             1.07301932e-02 5.75159268e-04 4.63770152e-05 1.07100114e-02 5.62422761e-04 4.95462595e-05 2.01817898e-05 1.27365074e-05 -3.16924427e-06
2373             1.07330341e-02 5.76114765e-04 4.60912255e-05 1.07128519e-02 5.63378083e-04 4.92629330e-05 2.01822299e-05 1.27366821e-05 -3.17170749e-06
2374             1.07352614e-02 5.76803399e-04 4.57807769e-05 1.07150786e-02 5.64064928e-04 4.89555079e-05 2.01828311e-05 1.27384717e-05 -3.17473103e-06
2375             1.07367517e-02 5.77279048e-04 4.54713114e-05 1.07165681e-02 5.64537725e-04 4.86493435e-05 2.01835536e-05 1.27413236e-05 -3.17803205e-06
2376             1.07374885e-02 5.77567470e-04 4.52126770e-05 1.07173041e-02 5.64822885e-04 4.83939993e-05 2.01843421e-05 1.27445847e-05 -3.18132227e-06
2377             1.07377426e-02 5.77716154e-04 4.50412843e-05 1.07175574e-02 5.64968592e-04 4.82256135e-05 2.01851400e-05 1.27475625e-05 -3.18432914e-06
2378             1.07373927e-02 5.77742218e-04 4.49427504e-05 1.07172069e-02 5.64992420e-04 4.81296087e-05 2.01858484e-05 1.27497988e-05 -3.18685836e-06
2379             1.07366801e-02 5.77694400e-04 4.48847902e-05 1.07164938e-02 5.64943069e-04 4.80736258e-05 2.01863389e-05 1.27513308e-05 -3.18883563e-06
2380             1.07362743e-02 5.77655845e-04 4.48414943e-05 1.07160877e-02 5.64903286e-04 4.80318081e-05 2.01866364e-05 1.27525591e-05 -3.19031383e-06
2381             1.07363322e-02 5.77599067e-04 4.48171431e-05 1.07161453e-02 5.64845168e-04 4.80085479e-05 2.01869402e-05 1.27538985e-05 -3.19140485e-06
2382             1.07367941e-02 5.77441949e-04 4.48541300e-05 1.07166067e-02 5.64686558e-04 4.80462765e-05 2.01874784e-05 1.27553912e-05 -3.19214654e-06
2383             1.07372436e-02 5.77131397e-04 4.49675264e-05 1.07170552e-02 5.64374782e-04 4.81599945e-05 2.01883358e-05 1.27566152e-05 -3.19246801e-06
2384             1.07371882e-02 5.76658744e-04 4.51325883e-05 1.07169989e-02 5.63901644e-04 4.83248550e-05 2.01893481e-05 1.27571003e-05 -3.19226668e-06
2385             1.07360751e-02 5.75997224e-04 4.53012133e-05 1.07158850e-02 5.63240472e-04 4.84927114e-05 2.01901050e-05 1.27567518e-05 -3.19149816e-06
2386             1.07335681e-02 5.75086436e-04 4.54415699e-05 1.07133780e-02 5.62330453e-04 4.86317656e-05 2.01900995e-05 1.27559833e-05 -3.19019569e-06
2387             1.07297401e-02 5.73894976e-04 4.55525466e-05 1.07095511e-02 5.61139525e-04 4.87409748e-05 2.01889948e-05 1.27554510e-05 -3.18842824e-06
2388             1.07252394e-02 5.72513604e-04 4.56434619e-05 1.07050525e-02 5.59757931e-04 4.88297286e-05 2.01868636e-05 1.27556734e-05 -3.18626667e-06
2389             1.07211769e-02 5.71159490e-04 4.57217098e-05 1.07009927e-02 5.58402700e-04 4.89055034e-05 2.01842513e-05 1.27567901e-05 -3.18379360e-06
2390             1.07181380e-02 5.70034647e-04 4.57815768e-05 1.06979561e-02 5.57276099e-04 4.89627039e-05 2.01818965e-05 1.27585481e-05 -3.18112712e-06
2391             1.07164037e-02 5.69272122e-04 4.58313191e-05 1.06962234e-02 5.56511663e-04 4.90097182e-05 2.01803514e-05 1.27604586e-05 -3.17839914e-06
2392             1.07157444e-02 5.68843004e-04 4.58979520e-05 1.06955646e-02 5.56081083e-04 4.90736875e-05 2.01797461e-05 1.27619206e-05 -3.17573551e-06
2393             1.07161623e-02 5.68769077e-04 4.59762700e-05 1.06959824e-02 5.56006654e-04 4.91495023e-05 2.01799016e-05 1.27624224e-05 -3.17323226e-06
2394             1.07173679e-02 5.69007121e-04 4.60460243e-05 1.06971873e-02 5.56245299e-04 4.92170489e-05 2.01805273e-05 1.27618224e-05 -3.17102459e-06
2395             1.07186563e-02 5.69389348e-04 4.61124633e-05 1.06984750e-02 5.56629028e-04 4.92816978e-05 2.01812801e-05 1.27603201e-05 -3.16923449e-06
2396             1.07196481e-02 5.69825435e-04 4.61768009e-05 1.06994662e-02 5.57067223e-04 4.93447060e-05 2.01818429e-05 1.27582118e-05 -3.16790509e-06
2397             1.07204509e-02 5.70289973e-04 4.62603089e-05 1.07002689e-02 5.57534267e-04 4.94273238e-05 2.01820704e-05 1.27557066e-05 -3.16701495e-06
2398             1.07211429e-02 5.70755826e-04 4.63928121e-05 1.07009609e-02 5.58003078e-04 4.95592953e-05 2.01820217e-05 1.27527474e-05 -3.16648315e-06
2399             1.07220277e-02 5.71313088e-04 4.65467505e-05 1.07018458e-02 5.58563922e-04 4.97129688e-05 2.01818556e-05 1.27491658e-05 -3.16621835e-06
2400             1.07233179e-02 5.72041884e-04 4.66677842e-05 1.07031362e-02 5.59296814e-04 4.98340096e-05 2.01817183e-05 1.27450697e-05 -3.16622531e-06
2401             1.07252770e-02 5.73016523e-04 4.66820012e-05 1.07050953e-02 5.60275510e-04 4.98486414e-05 2.01817025e-05 1.27410136e-05 -3.16664014e-06
2402             1.07279063e-02 5.74172036e-04 4.65610461e-05 1.07077244e-02 5.61434164e-04 4.97287273e-05 2.01818521e-05 1.27378720e-05 -3.16768124e-06
2403             1.07308279e-02 5.75309413e-04 4.63328058e-05 1.07106457e-02 5.62573040e-04 4.95023006e-05 2.01821740e-05 1.27363730e-05 -3.16949482e-06
2404             1.07335897e-02 5.76251095e-04 4.60458943e-05 1.07134071e-02 5.63514352e-04 4.92179383e-05 2.01826497e-05 1.27367427e-05 -3.17204405e-06
2405             1.07357586e-02 5.76933452e-04 4.57350238e-05 1.07155754e-02 5.64194751e-04 4.89101530e-05 2.01832565e-05 1.27387007e-05 -3.17512926e-06
2406             1.07371096e-02 5.77385178e-04 4.54300500e-05 1.07169256e-02 5.64643488e-04 4.86085191e-05 2.01839570e-05 1.27416896e-05 -3.17846909e-06
2407             1.07376928e-02 5.77643850e-04 4.51795947e-05 1.07175081e-02 5.64898804e-04 4.83613593e-05 2.01846935e-05 1.27450456e-05 -3.18176463e-06
2408             1.07377698e-02 5.77758854e-04 4.50189619e-05 1.07175844e-02 5.65010778e-04 4.82037058e-05 2.01854116e-05 1.27480761e-05 -3.18474387e-06
2409             1.07372702e-02 5.77760068e-04 4.49292762e-05 1.07170841e-02 5.65009729e-04 4.81164948e-05 2.01860207e-05 1.27503392e-05 -3.18721864e-06
2410             1.07364749e-02 5.77704717e-04 4.48743599e-05 1.07162885e-02 5.64952809e-04 4.80634916e-05 2.01864099e-05 1.27519079e-05 -3.18913167e-06
2411             1.07360157e-02 5.77664727e-04 4.48306534e-05 1.07158290e-02 5.64911511e-04 4.80212064e-05 2.01866187e-05 1.27532158e-05 -3.19055303e-06
2412             1.07360382e-02 5.77602803e-04 4.48070514e-05 1.07158514e-02 5.64848130e-04 4.79986492e-05 2.01868503e-05 1.27546731e-05 -3.19159779e-06
2413             1.07364920e-02 5.77437661e-04 4.48471988e-05 1.07163047e-02 5.64681372e-04 4.80394975e-05 2.01873338e-05 1.27562887e-05 -3.19229872e-06
2414             1.07369331e-02 5.77114075e-04 4.49665185e-05 1.07167449e-02 5.64356469e-04 4.81590971e-05 2.01881505e-05 1.27576064e-05 -3.19257858e-06
2415             1.07368169e-02 5.76620154e-04 4.51387735e-05 1.07166278e-02 5.63862015e-04 4.83311035e-05 2.01891175e-05 1.27581386e-05 -3.19233001e-06
2416             1.07355800e-02 5.75927683e-04 4.53143857e-05 1.07153902e-02 5.63169889e-04 4.85058922e-05 2.01897979e-05 1.27577936e-05 -3.19150648e-06
2417             1.07329539e-02 5.74984225e-04 4.54603955e-05 1.07127643e-02 5.62227226e-04 4.86505367e-05 2.01896814e-05 1.27569989e-05 -3.19014115e-06
2418             1.07291035e-02 5.73773126e-04 4.55747694e-05 1.07089150e-02 5.61016699e-04 4.87630784e-05 2.01884656e-05 1.27564272e-05 -3.18830902e-06
2419             1.07246419e-02 5.72383203e-04 4.56681392e-05 1.07044557e-02 5.59626604e-04 4.88542280e-05 2.01862659e-05 1.27565983e-05 -3.18608886e-06
2420             1.07206288e-02 5.71032437e-04 4.57461254e-05 1.07004452e-02 5.58274793e-04 4.89296931e-05 2.01836392e-05 1.27576443e-05 -3.18356769e-06
2421             1.07176614e-02 5.69922512e-04 4.58038032e-05 1.06974801e-02 5.57163203e-04 4.89846695e-05 2.01813111e-05 1.27593088e-05 -3.18086631e-06
2422             1.07159616e-02 5.69171039e-04 4.58515384e-05 1.06957818e-02 5.56409937e-04 4.90296549e-05 2.01798079e-05 1.27611015e-05 -3.17811656e-06
2423             1.07154216e-02 5.68768904e-04 4.59147082e-05 1.06952423e-02 5.56006475e-04 4.90901495e-05 2.01792538e-05 1.27624287e-05 -3.17544129e-06
2424             1.07160102e-02 5.68731144e-04 4.59879157e-05 1.06958307e-02 5.55968348e-04 4.91608618e-05 2.01794839e-05 1.27627959e-05 -3.17294610e-06
2425             1.07173543e-02 5.68995095e-04 4.60545636e-05 1.06971741e-02 5.56233022e-04 4.92253314e-05 2.01802049e-05 1.27620725e-05 -3.17076780e-06
2426             1.07187166e-02 5.69387288e-04 4.61206626e-05 1.06985355e-02 5.56626839e-04 4.92896794e-05 2.01810494e-05 1.27604489e-05 -3.16901688e-06
2427             1.07197735e-02 5.69832685e-04 4.61843635e-05 1.06995918e-02 5.57074470e-04 4.93520896e-05 2.01816859e-05 1.27582152e-05 -3.16772617e-06
2428             1.07206317e-02 5.70306558e-04 4.62673399e-05 1.07004498e-02 5.57550971e-04 4.94342131e-05 2.01819731e-05 1.27555870e-05 -3.16687325e-06
2429             1.07213944e-02 5.70789881e-04 4.63967530e-05 1.07012124e-02 5.58037362e-04 4.95631320e-05 2.01819809e-05 1.27525182e-05 -3.16637903e-06
2430             1.07223531e-02 5.71368875e-04 4.65458279e-05 1.07021712e-02 5.58620016e-04 4.97119860e-05 2.01818758e-05 1.27488589e-05 -3.16615805e-06
2431             1.07237279e-02 5.72126395e-04 4.66570995e-05 1.07035461e-02 5.59381659e-04 4.98233201e-05 2.01818049e-05 1.27447361e-05 -3.16622063e-06
2432             1.07257861e-02 5.73134090e-04 4.66569406e-05 1.07056043e-02 5.60393358e-04 4.98236500e-05 2.01818606e-05 1.27407315e-05 -3.16670937e-06
2433             1.07284892e-02 5.74313271e-04 4.65228132e-05 1.07083071e-02 5.61575545e-04 4.96906565e-05 2.01820836e-05 1.27377268e-05 -3.16784322e-06
2434             1.07314227e-02 5.75458890e-04 4.62854529e-05 1.07112402e-02 5.62722471e-04 4.94552088e-05 2.01824682e-05 1.27364191e-05 -3.16975590e-06
2435             1.07341167e-02 5.76389141e-04 4.59966768e-05 1.07139337e-02 5.63652153e-04 4.91690695e-05 2.01829789e-05 1.27369884e-05 -3.17239265e-06
2436             1.07361720e-02 5.77050791e-04 4.56886970e-05 1.07159884e-02 5.64311678e-04 4.88642352e-05 2.01835839e-05 1.27391133e-05 -3.17553820e-06
2437             1.07373862e-02 5.77479541e-04 4.53889109e-05 1.07172019e-02 5.64737316e-04 4.85678172e-05 2.01842476e-05 1.27422249e-05 -3.17890628e-06
2438             1.07378594e-02 5.77718600e-04 4.51455239e-05 1.07176745e-02 5.64972934e-04 4.83277236e-05 2.01849254e-05 1.27456659e-05 -3.18219977e-06
2439             1.07377850e-02 5.77806301e-04 4.49945925e-05 1.07175994e-02 5.65057550e-04 4.81797445e-05 2.01855686e-05 1.27487507e-05 -3.18515200e-06
2440             1.07371384e-02 5.77782523e-04 4.49134631e-05 1.07169524e-02 5.65031475e-04 4.81010397e-05 2.01860832e-05 1.27510477e-05 -3.18757665e-06
2441             1.07362605e-02 5.77717335e-04 4.48616201e-05 1.07160741e-02 5.64964675e-04 4.80510489e-05 2.01863696e-05 1.27526600e-05 -3.18942880e-06
2442             1.07357387e-02 5.77671888e-04 4.48182037e-05 1.07155522e-02 5.64917837e-04 4.80089975e-05 2.01864830e-05 1.27540508e-05 -3.19079379e-06
2443             1.07357175e-02 5.77603014e-04 4.47958335e-05 1.07155309e-02 5.64847389e-04 4.79876234e-05 2.01866331e-05 1.27556256e-05 -3.19178984e-06
2444             1.07361672e-02 5.77431505e-04 4.48390923e-05 1.07159801e-02 5.64674143e-04 4.80315389e-05 2.01870542e-05 1.27573627e-05 -3.19244662e-06
2445             1.07366129e-02 5.77098272e-04 4.49637287e-05 1.07164250e-02 5.64339497e-04 4.81564121e-05 2.01878280e-05 1.27587756e-05 -3.19268341e-06
2446             1.07364548e-02 5.76586581e-04 4.51423667e-05 1.07162661e-02 5.63827222e-04 4.83347552e-05 2.01887527e-05 1.27593596e-05 -3.19238846e-06
2447             1.07350800e-02 5.75860667e-04 4.53258965e-05 1.07148907e-02 5.63101643e-04 4.85174076e-05 2.01893579e-05 1.27590239e-05 -3.19151104e-06
2448             1.07323167e-02 5.74881711e-04 4.54787378e-05 1.07121276e-02 5.62123510e-04 4.86688181e-05 2.01891231e-05 1.27582009e-05 -3.19008035e-06
2449             1.07284381e-02 5.73650181e-04 4.55974189e-05 1.07082503e-02 5.60892598e-04 4.87855978e-05 2.01877851e-05 1.27575827e-05 -3.18817887e-06
2450             1.07240242e-02 5.72252618e-04 4.56939017e-05 1.07038387e-02 5.59494925e-04 4.88797966e-05 2.01855099e-05 1.27576935e-05 -3.18589496e-06
2451             1.07200137e-02 5.70892980e-04 4.57745231e-05 1.06998309e-02 5.58134325e-04 4.89578413e-05 2.01828588e-05 1.27586549e-05 -3.18331820e-06
2452             1.07171135e-02 5.69797039e-04 4.58314287e-05 1.06969329e-02 5.57036835e-04 4.90119960e-05 2.01805471e-05 1.27602035e-05 -3.18056732e-06
2453             1.07155336e-02 5.69074465e-04 4.58753958e-05 1.06953545e-02 5.56312604e-04 4.90531816e-05 2.01790923e-05 1.27618610e-05 -3.17778580e-06
2454             1.07151270e-02 5.68703509e-04 4.59345045e-05 1.06949484e-02 5.55940462e-04 4.91096060e-05 2.01786119e-05 1.27630463e-05 -3.17510147e-06
2455             1.07158559e-02 5.68696103e-04 4.60031009e-05 1.06956770e-02 5.55932831e-04 4.91757184e-05 2.01789304e-05 1.27632724e-05 -3.17261751e-06
2456             1.07173097e-02 5.68979651e-04 4.60676337e-05 1.06971299e-02 5.56217237e-04 4.92381002e-05 2.01797424e-05 1.27624135e-05 -3.17046650e-06
2457             1.07187400e-02 5.69380781e-04 4.61339557e-05 1.06985594e-02 5.56620128e-04 4.93027044e-05 2.01806680e-05 1.27606528e-05 -3.16874873e-06
2458             1.07198699e-02 5.69836871e-04 4.61976549e-05 1.06996886e-02 5.57078593e-04 4.93651458e-05 2.01813741e-05 1.27582780e-05 -3.16749087e-06
2459             1.07207928e-02 5.70322069e-04 4.62802146e-05 1.07006111e-02 5.57566558e-04 4.94468860e-05 2.01817271e-05 1.27555111e-05 -3.16667138e-06
2460             1.07216290e-02 5.70823571e-04 4.64065569e-05 1.07014472e-02 5.58071253e-04 4.95727699e-05 2.01818022e-05 1.27523178e-05 -3.16621294e-06
2461             1.07226615e-02 5.71423941e-04 4.65508314e-05 1.07024797e-02 5.58675377e-04 4.97168660e-05 2.01817683e-05 1.27485649e-05 -3.16603457e-06
2462             1.07241271e-02 5.72210808e-04 4.66524443e-05 1.07039453e-02 5.59466411e-04 4.98185956e-05 2.01817734e-05 1.27443973e-05 -3.16615130e-06
2463             1.07262841e-02 5.73251466e-04 4.66382025e-05 1.07061022e-02 5.60511043e-04 4.98049147e-05 2.01819101e-05 1.27404232e-05 -3.16671222e-06
2464             1.07290678e-02 5.74456257e-04 4.64904216e-05 1.07088856e-02 5.61718724e-04 4.96583593e-05 2.01822165e-05 1.27375335e-05 -3.16793771e-06
2465             1.07320136e-02 5.75610477e-04 4.62434944e-05 1.07118310e-02 5.62874078e-04 4.94134446e-05 2.01826747e-05 1.27363988e-05 -3.16995016e-06
2466             1.07346472e-02 5.76530668e-04 4.59516251e-05 1.07144640e-02 5.63793513e-04 4.91243023e-05 2.01832323e-05 1.27371555e-05 -3.17267720e-06
2467             1.07366010e-02 5.77173422e-04 4.56453019e-05 1.07164172e-02 5.64433979e-04 4.88211903e-05 2.01838496e-05 1.27394433e-05 -3.17588839e-06
2468             1.07376721e-02 5.77576464e-04 4.53511456e-05 1.07174876e-02 5.64833789e-04 4.85304363e-05 2.01844912e-05 1.27426754e-05 -3.17929067e-06
2469             1.07380295e-02 5.77794341e-04 4.51150927e-05 1.07178443e-02 5.65048148e-04 4.82976787e-05 2.01851217e-05 1.27461931e-05 -3.18258597e-06
2470             1.07378085e-02 5.77855754e-04 4.49733917e-05 1.07176228e-02 5.65106433e-04 4.81589056e-05 2.01857000e-05 1.27493210e-05 -3.18551389e-06
2471             1.07370164e-02 5.77807031e-04 4.49005598e-05 1.07168302e-02 5.65055389e-04 4.80884517e-05 2.01861307e-05 1.27516423e-05 -3.18789191e-06
2472             1.07360472e-02 5.77729510e-04 4.48524234e-05 1.07158609e-02 5.64976222e-04 4.80421095e-05 2.01863232e-05 1.27532877e-05 -3.18968607e-06
2473             1.07354613e-02 5.77674043e-04 4.48111944e-05 1.07152750e-02 5.64919299e-04 4.80021891e-05 2.01863489e-05 1.27547442e-05 -3.19099466e-06
2474             1.07354098e-02 5.77600955e-04 4.47889892e-05 1.07152234e-02 5.64844539e-04 4.79809300e-05 2.01864267e-05 1.27564156e-05 -3.19194076e-06
2475             1.07358572e-02 5.77424244e-04 4.48342377e-05 1.07156704e-02 5.64665977e-04 4.80267934e-05 2.01867947e-05 1.27582669e-05 -3.19255567e-06
2476             1.07362921e-02 5.77078454e-04 4.49642540e-05 1.07161045e-02 5.64318678e-04 4.81570069e-05 2.01875313e-05 1.27597757e-05 -3.19275286e-06
2477             1.07360902e-02 5.76548143e-04 4.51490531e-05 1.07159018e-02 5.63787730e-04 4.83414671e-05 2.01884144e-05 1.27604131e-05 -3.19241402e-06
2478             1.07346859e-02 5.75802513e-04 4.53368467e-05 1.07144969e-02 5.63042430e-04 4.85283331e-05 2.01889637e-05 1.27600837e-05 -3.19148637e-06
2479             1.07317823e-02 5.74787296e-04 4.54966548e-05 1.07115936e-02 5.62028041e-04 4.86866603e-05 2.01886455e-05 1.27592556e-05 -3.19000548e-06
2480             1.07278230e-02 5.73528860e-04 4.56213760e-05 1.07076358e-02 5.60770260e-04 4.88094205e-05 2.01872016e-05 1.27585997e-05 -3.18804445e-06
2481             1.07234239e-02 5.72119850e-04 4.57220071e-05 1.07032391e-02 5.59361208e-04 4.89077067e-05 2.01848409e-05 1.27586421e-05 -3.18569962e-06
2482             1.07194838e-02 5.70765899e-04 4.58022662e-05 1.06993016e-02 5.58006388e-04 4.89853362e-05 2.01821600e-05 1.27595109e-05 -3.18307000e-06
2483             1.07166660e-02 5.69683706e-04 4.58577943e-05 1.06964861e-02 5.56922757e-04 4.90380749e-05 2.01798723e-05 1.27609491e-05 -3.18028058e-06
2484             1.07151726e-02 5.68980164e-04 4.58990996e-05 1.06949941e-02 5.56217687e-04 4.90765766e-05 2.01784725e-05 1.27624773e-05 -3.17747699e-06
2485             1.07148733e-02 5.68634896e-04 4.59544433e-05 1.06946953e-02 5.55871377e-04 4.91292281e-05 2.01780598e-05 1.27635188e-05 -3.17478485e-06
2486             1.07157281e-02 5.68656340e-04 4.60180970e-05 1.06955496e-02 5.55892738e-04 4.91904070e-05 2.01784542e-05 1.27636023e-05 -3.17230996e-06
2487             1.07172994e-02 5.68962273e-04 4.60793602e-05 1.06971200e-02 5.56199661e-04 4.92495449e-05 2.01793483e-05 1.27626124e-05 -3.17018471e-06
2488             1.07188103e-02 5.69374552e-04 4.61448146e-05 1.06986300e-02 5.56613825e-04 4.93133164e-05 2.01803541e-05 1.27607272e-05 -3.16850176e-06
2489             1.07200184e-02 5.69841310e-04 4.62076161e-05 1.06998372e-02 5.57083081e-04 4.93748965e-05 2.01811338e-05 1.27582288e-05 -3.16728039e-06
2490             1.07210011e-02 5.70335680e-04 4.62896513e-05 1.07008196e-02 5.57580339e-04 4.94561487e-05 2.01815552e-05 1.27553410e-05 -3.16649735e-06
2491             1.07218999e-02 5.70852146e-04 4.64136187e-05 1.07017182e-02 5.58100112e-04 4.95796934e-05 2.01816961e-05 1.27520339e-05 -3.16607477e-06
2492             1.07230027e-02 5.71473704e-04 4.65532004e-05 1.07028209e-02 5.58725514e-04 4.97191366e-05 2.01817288e-05 1.27481900e-05 -3.16593617e-06
2493             1.07245589e-02 5.72290776e-04 4.66450808e-05 1.07043771e-02 5.59546798e-04 4.98111845e-05 2.01818046e-05 1.27439779e-05 -3.16610373e-06
2494             1.07268079e-02 5.73363303e-04 4.66171326e-05 1.07066258e-02 5.60623268e-04 4.97838665e-05 2.01820165e-05 1.27400344e-05 -3.16673390e-06
2495             1.07296704e-02 5.74592802e-04 4.64558119e-05 1.07094880e-02 5.61855543e-04 4.96238594e-05 2.01824000e-05 1.27372593e-05 -3.16804741e-06
2496             1.07326233e-02 5.75754552e-04 4.61991468e-05 1.07124404e-02 5.63018252e-04 4.93693033e-05 2.01829255e-05 1.27362997e-05 -3.17015654e-06
2497             1.07352045e-02 5.76666723e-04 4.59035660e-05 1.07150209e-02 5.63929474e-04 4.90765376e-05 2.01835266e-05 1.27372499e-05 -3.17297163e-06
2498             1.07370661e-02 5.77292606e-04 4.55988325e-05 1.07168820e-02 5.64552897e-04 4.87750805e-05 2.01841581e-05 1.27397088e-05 -3.17624793e-06
2499             1.07379955e-02 5.77669587e-04 4.53114771e-05 1.07178107e-02 5.64926522e-04 4.84911608e-05 2.01847826e-05 1.27430649e-05 -3.17968371e-06
2500             1.07382298e-02 5.77866003e-04 4.50836484e-05 1.07180445e-02 5.65119349e-04 4.82666268e-05 2.01853692e-05 1.27466540e-05 -3.18297845e-06
2501             1.07378641e-02 5.77903274e-04 4.49510881e-05 1.07176783e-02 5.65153457e-04 4.81369675e-05 2.01858831e-05 1.27498172e-05 -3.18587940e-06
2502             1.07369251e-02 5.77830096e-04 4.48869302e-05 1.07167389e-02 5.65077938e-04 4.80751396e-05 2.01862291e-05 1.27521579e-05 -3.18820941e-06
2503             1.07358558e-02 5.77738233e-04 4.48437505e-05 1.07156695e-02 5.64984401e-04 4.80336943e-05 2.01863258e-05 1.27538314e-05 -3.18994384e-06
2504             1.07352110e-02 5.77679060e-04 4.48027527e-05 1.07150248e-02 5.64923707e-04 4.79939478e-05 2.01862611e-05 1.27553532e-05 -3.19119516e-06
2505             1.07351171e-02 5.77595932e-04 4.47839009e-05 1.07149308e-02 5.64838807e-04 4.79759926e-05 2.01862657e-05 1.27571253e-05 -3.19209171e-06
2506             1.07355588e-02 5.77412005e-04 4.48331771e-05 1.07153722e-02 5.64652933e-04 4.80258359e-05 2.01865835e-05 1.27590722e-05 -3.19265877e-06
2507             1.07359861e-02 5.77056796e-04 4.49685442e-05 1.07157988e-02 5.64296144e-04 4.81613534e-05 2.01872870e-05 1.27606518e-05 -3.19280919e-06
2508             1.07357471e-02 5.76512277e-04 4.51582849e-05 1.07155590e-02 5.63750948e-04 4.83507081e-05 2.01881352e-05 1.27613290e-05 -3.19242322e-06
2509             1.07342474e-02 5.75740140e-04 4.53522792e-05 1.07140588e-02 5.62979128e-04 4.85437249e-05 2.01886231e-05 1.27610121e-05 -3.19144577e-06
2510             1.07312069e-02 5.74689279e-04 4.55190085e-05 1.07110187e-02 5.61929107e-04 4.87089178e-05 2.01882058e-05 1.27601719e-05 -3.18990933e-06
2511             1.07272055e-02 5.73408156e-04 4.56487489e-05 1.07070189e-02 5.60648679e-04 4.88366348e-05 2.01866524e-05 1.27594767e-05 -3.18788588e-06
2512             1.07228494e-02 5.71991580e-04 4.57527039e-05 1.07026652e-02 5.59232122e-04 4.89381859e-05 2.01842220e-05 1.27594578e-05 -3.18548203e-06
2513             1.07189854e-02 5.70644934e-04 4.58328325e-05 1.06988039e-02 5.57884694e-04 4.90156356e-05 2.01815328e-05 1.27602402e-05 -3.18280312e-06
2514             1.07162419e-02 5.69577019e-04 4.58873535e-05 1.06960626e-02 5.56815451e-04 4.90673326e-05 2.01792850e-05 1.27615679e-05 -3.17997906e-06
2515             1.07148187e-02 5.68892027e-04 4.59260195e-05 1.06946408e-02 5.56129067e-04 4.91031751e-05 2.01779437e-05 1.27629607e-05 -3.17715563e-06
2516             1.07146144e-02 5.68571122e-04 4.59774724e-05 1.06944368e-02 5.55807271e-04 4.91519291e-05 2.01775930e-05 1.27638513e-05 -3.17445672e-06
2517             1.07155990e-02 5.68622091e-04 4.60353824e-05 1.06954209e-02 5.55858302e-04 4.92073751e-05 2.01780582e-05 1.27637894e-05 -3.17199272e-06
2518             1.07172932e-02 5.68951167e-04 4.60922328e-05 1.06971142e-02 5.56188494e-04 4.92621299e-05 2.01790336e-05 1.27626733e-05 -3.16989707e-06
2519             1.07188936e-02 5.69375383e-04 4.61558894e-05 1.06987135e-02 5.56614708e-04 4.93241439e-05 2.01801251e-05 1.27606745e-05 -3.16825454e-06
2520             1.07201792e-02 5.69850925e-04 4.62179314e-05 1.06999982e-02 5.57092862e-04 4.93850070e-05 2.01809866e-05 1.27580628e-05 -3.16707552e-06
2521             1.07212201e-02 5.70352970e-04 4.62994253e-05 1.07010386e-02 5.57597913e-04 4.94657582e-05 2.01814830e-05 1.27550576e-05 -3.16633296e-06
2522             1.07221842e-02 5.70882760e-04 4.64213883e-05 1.07020025e-02 5.58131126e-04 4.95873370e-05 2.01816946e-05 1.27516344e-05 -3.16594873e-06
2523             1.07233578e-02 5.71524515e-04 4.65562522e-05 1.07031760e-02 5.58776823e-04 4.97221035e-05 2.01817983e-05 1.27476927e-05 -3.16585132e-06
2524             1.07250034e-02 5.72370183e-04 4.66387654e-05 1.07048215e-02 5.59626755e-04 4.98048359e-05 2.01819484e-05 1.27434278e-05 -3.16607049e-06
2525             1.07273403e-02 5.73472704e-04 4.65974256e-05 1.07071581e-02 5.60733199e-04 4.97641956e-05 2.01822375e-05 1.27395058e-05 -3.16676999e-06
2526             1.07302835e-02 5.74726062e-04 4.64220422e-05 1.07101008e-02 5.61989225e-04 4.95902131e-05 2.01826990e-05 1.27368378e-05 -3.16817094e-06
2527             1.07332456e-02 5.75894461e-04 4.61550877e-05 1.07130623e-02 5.63158408e-04 4.93254654e-05 2.01832931e-05 1.27360527e-05 -3.17037770e-06
2528             1.07357780e-02 5.76798947e-04 4.58553282e-05 1.07155941e-02 5.64061747e-04 4.90286106e-05 2.01839406e-05 1.27371999e-05 -3.17328245e-06
2529             1.07375478e-02 5.77408097e-04 4.55523091e-05 1.07173632e-02 5.64668264e-04 4.87289345e-05 2.01845908e-05 1.27398329e-05 -3.17662536e-06
2530             1.07383425e-02 5.77760453e-04 4.52721448e-05 1.07181572e-02 5.65017142e-04 4.84522400e-05 2.01852040e-05 1.27433111e-05 -3.18009512e-06
2531             1.07384508e-02 5.77935231e-04 4.50534454e-05 1.07182651e-02 5.65188268e-04 4.82368343e-05 2.01857517e-05 1.27469636e-05 -3.18338893e-06
2532             1.07379443e-02 5.77950106e-04 4.49304511e-05 1.07177581e-02 5.65199956e-04 4.81167116e-05 2.01862032e-05 1.27501492e-05 -3.18626050e-06
2533             1.07368569e-02 5.77854296e-04 4.48746582e-05 1.07166705e-02 5.65101797e-04 4.80631992e-05 2.01864629e-05 1.27524989e-05 -3.18854102e-06
2534             1.07356841e-02 5.77747850e-04 4.48367020e-05 1.07154976e-02 5.64993655e-04 4.80269172e-05 2.01864590e-05 1.27541953e-05 -3.19021515e-06
2535             1.07349783e-02 5.77679054e-04 4.47990120e-05 1.07147920e-02 5.64923283e-04 4.79904181e-05 2.01863003e-05 1.27557706e-05 -3.19140608e-06
2536             1.07348400e-02 5.77588329e-04 4.47824377e-05 1.07146538e-02 5.64830708e-04 4.79746847e-05 2.01862302e-05 1.27576212e-05 -3.19224699e-06
2537             1.07352773e-02 5.77401463e-04 4.48338910e-05 1.07150908e-02 5.64641806e-04 4.80266548e-05 2.01864943e-05 1.27596576e-05 -3.19276382e-06
2538             1.07356882e-02 5.77037727e-04 4.49735600e-05 1.07155011e-02 5.64276409e-04 4.81664288e-05 2.01871576e-05 1.27613182e-05 -3.19286885e-06
2539             1.07354048e-02 5.76476651e-04 4.51688670e-05 1.07152169e-02 5.63714606e-04 4.83613034e-05 2.01879607e-05 1.27620448e-05 -3.19243635e-06
2540             1.07338102e-02 5.75676919e-04 4.53697840e-05 1.07136218e-02 5.62915179e-04 4.85611909e-05 2.01883783e-05 1.27617403e-05 -3.19140691e-06
2541             1.07306303e-02 5.74590514e-04 4.55439937e-05 1.07104424e-02 5.61829633e-04 4.87338052e-05 2.01878569e-05 1.27608809e-05 -3.18981145e-06
2542             1.07265820e-02 5.73287578e-04 4.56785931e-05 1.07063958e-02 5.60527440e-04 4.88663150e-05 2.01861912e-05 1.27601383e-05 -3.18772191e-06
2543             1.07222722e-02 5.71865268e-04 4.57850927e-05 1.07020885e-02 5.59105213e-04 4.89703496e-05 2.01836885e-05 1.27600553e-05 -3.18525687e-06
2544             1.07184870e-02 5.70525548e-04 4.58648072e-05 1.06983060e-02 5.57764793e-04 4.90473355e-05 2.01809893e-05 1.27607545e-05 -3.18252831e-06
2545             1.07158147e-02 5.69470340e-04 4.59182665e-05 1.06956359e-02 5.56708365e-04 4.90979364e-05 2.01787780e-05 1.27619757e-05 -3.17966995e-06
2546             1.07144566e-02 5.68802651e-04 4.59541549e-05 1.06942791e-02 5.56039417e-04 4.91309808e-05 2.01774905e-05 1.27632345e-05 -3.17682595e-06
2547             1.07142901e-02 5.68495668e-04 4.60028036e-05 1.06941129e-02 5.55731695e-04 4.91769216e-05 2.01771890e-05 1.27639727e-05 -3.17411798e-06
2548             1.07154081e-02 5.68576182e-04 4.60551874e-05 1.06952304e-02 5.55812421e-04 4.92268434e-05 2.01777055e-05 1.27637608e-05 -3.17165598e-06
2549             1.07172523e-02 5.68933549e-04 4.61067034e-05 1.06970735e-02 5.56171030e-04 4.92762882e-05 2.01787559e-05 1.27625185e-05 -3.16958476e-06
2550             1.07189596e-02 5.69375317e-04 4.61664814e-05 1.06987796e-02 5.56614902e-04 4.93344656e-05 2.01799404e-05 1.27604152e-05 -3.16798420e-06
2551             1.07203075e-02 5.69854327e-04 4.62285712e-05 1.07001266e-02 5.57096624e-04 4.93954234e-05 2.01808899e-05 1.27577029e-05 -3.16685222e-06
2552             1.07213977e-02 5.70360663e-04 4.63098671e-05 1.07012162e-02 5.57606076e-04 4.94760187e-05 2.01814624e-05 1.27545865e-05 -3.16615167e-06
2553             1.07224241e-02 5.70903216e-04 4.64295047e-05 1.07022423e-02 5.58152165e-04 4.95953102e-05 2.01817403e-05 1.27510509e-05 -3.16580553e-06
2554             1.07236652e-02 5.71564161e-04 4.65597150e-05 1.07034832e-02 5.58817146e-04 4.97254638e-05 2.01819101e-05 1.27470149e-05 -3.16574876e-06
2555             1.07254008e-02 5.72437875e-04 4.66332615e-05 1.07052186e-02 5.59695177e-04 4.97992803e-05 2.01821311e-05 1.27426986e-05 -3.16601877e-06
2556             1.07278367e-02 5.73571424e-04 4.65785542e-05 1.07076542e-02 5.60832627e-04 4.97453413e-05 2.01824973e-05 1.27387973e-05 -3.16678709e-06
2557             1.07308710e-02 5.74850915e-04 4.63882220e-05 1.07106879e-02 5.62114676e-04 4.95564991e-05 2.01830398e-05 1.27362391e-05 -3.16827701e-06
2558             1.07338578e-02 5.76028957e-04 4.61099527e-05 1.07136741e-02 5.63293319e-04 4.92805385e-05 2.01837072e-05 1.27356381e-05 -3.17058581e-06
2559             1.07363508e-02 5.76927748e-04 4.58050547e-05 1.07161664e-02 5.64190751e-04 4.89786415e-05 2.01844061e-05 1.27369970e-05 -3.17358680e-06
2560             1.07380366e-02 5.77521897e-04 4.55031329e-05 1.07178515e-02 5.64782076e-04 4.86801366e-05 2.01850789e-05 1.27398205e-05 -3.17700365e-06
2561             1.07387670e-02 5.77867298e-04 4.52253483e-05 1.07185813e-02 5.65123849e-04 4.84058675e-05 2.01856906e-05 1.27434483e-05 -3.18051919e-06
2562             1.07387418e-02 5.78019290e-04 4.50144735e-05 1.07185556e-02 5.65272081e-04 4.81983081e-05 2.01862104e-05 1.27472088e-05 -3.18383459e-06
2563             1.07380681e-02 5.78006018e-04 4.49003723e-05 1.07178815e-02 5.65255558e-04 4.80870676e-05 2.01865976e-05 1.27504605e-05 -3.18669539e-06
2564             1.07368135e-02 5.77882582e-04 4.48529632e-05 1.07166267e-02 5.65129724e-04 4.80419019e-05 2.01867581e-05 1.27528581e-05 -3.18893870e-06
2565             1.07355328e-02 5.77760104e-04 4.48206178e-05 1.07153461e-02 5.65005494e-04 4.80111773e-05 2.01866402e-05 1.27546102e-05 -3.19055951e-06
2566             1.07347774e-02 5.77686965e-04 4.47848849e-05 1.07145910e-02 5.64930696e-04 4.79765805e-05 2.01863787e-05 1.27562695e-05 -3.19169560e-06
2567             1.07345990e-02 5.77592679e-04 4.47695021e-05 1.07144128e-02 5.64834443e-04 4.79619908e-05 2.01862268e-05 1.27582361e-05 -3.19248864e-06
2568             1.07349955e-02 5.77399683e-04 4.48235251e-05 1.07148091e-02 5.64639283e-04 4.80164882e-05 2.01864217e-05 1.27603999e-05 -3.19296309e-06
2569             1.07353803e-02 5.77025487e-04 4.49671504e-05 1.07151933e-02 5.64263318e-04 4.81601748e-05 2.01870233e-05 1.27621691e-05 -3.19302442e-06
2570             1.07350578e-02 5.76446863e-04 4.51675239e-05 1.07148700e-02 5.63683887e-04 4.83600697e-05 2.01877624e-05 1.27629760e-05 -3.19254579e-06
2571             1.07333766e-02 5.75620898e-04 4.53742479e-05 1.07131885e-02 5.62858173e-04 4.85657138e-05 2.01880990e-05 1.27627248e-05 -3.19146596e-06
2572             1.07301542e-02 5.74513131e-04 4.55519425e-05 1.07099667e-02 5.61751246e-04 4.87417534e-05 2.01874817e-05 1.27618845e-05 -3.18981090e-06
2573             1.07260281e-02 5.73184419e-04 4.56917839e-05 1.07058424e-02 5.60423252e-04 4.88794550e-05 2.01857184e-05 1.27611672e-05 -3.18767115e-06
2574             1.07216958e-02 5.71747856e-04 4.58025666e-05 1.07015126e-02 5.58986783e-04 4.89877188e-05 2.01831308e-05 1.27610733e-05 -3.18515223e-06
2575             1.07179454e-02 5.70409550e-04 4.58834300e-05 1.06977651e-02 5.57647831e-04 4.90658015e-05 2.01803807e-05 1.27617194e-05 -3.18237144e-06
2576             1.07153447e-02 5.69367297e-04 4.59360876e-05 1.06951665e-02 5.56604443e-04 4.91155578e-05 2.01781624e-05 1.27628541e-05 -3.17947015e-06
2577             1.07140647e-02 5.68717309e-04 4.59694812e-05 1.06938878e-02 5.55953305e-04 4.91460793e-05 2.01769005e-05 1.27640039e-05 -3.17659804e-06
2578             1.07139983e-02 5.68434590e-04 4.60140766e-05 1.06938217e-02 5.55669967e-04 4.91879547e-05 2.01766444e-05 1.27646233e-05 -3.17387811e-06
2579             1.07152284e-02 5.68540876e-04 4.60616491e-05 1.06950512e-02 5.55776580e-04 4.92330712e-05 2.01772190e-05 1.27642961e-05 -3.17142217e-06
2580             1.07171827e-02 5.68921024e-04 4.61085443e-05 1.06970044e-02 5.56158074e-04 4.92779177e-05 2.01783360e-05 1.27629504e-05 -3.16937338e-06
2581             1.07189751e-02 5.69376411e-04 4.61657643e-05 1.06987955e-02 5.56615656e-04 4.93335707e-05 2.01795883e-05 1.27607548e-05 -3.16780633e-06
2582             1.07203924e-02 5.69863400e-04 4.62272280e-05 1.07002118e-02 5.57105448e-04 4.93939391e-05 2.01806009e-05 1.27579517e-05 -3.16671111e-06
2583             1.07215355e-02 5.70373756e-04 4.63096358e-05 1.07013542e-02 5.57619019e-04 4.94756808e-05 2.01812307e-05 1.27547374e-05 -3.16604501e-06
2584             1.07226352e-02 5.70930588e-04 4.64273584e-05 1.07024537e-02 5.58179487e-04 4.95930889e-05 2.01815673e-05 1.27511008e-05 -3.16573046e-06
2585             1.07239476e-02 5.71611197e-04 4.65531301e-05 1.07037658e-02 5.58864216e-04 4.97188395e-05 2.01817975e-05 1.27469804e-05 -3.16570942e-06
2586             1.07257600e-02 5.72510594e-04 4.66186926e-05 1.07055779e-02 5.59767974e-04 4.97847178e-05 2.01820830e-05 1.27426201e-05 -3.16602519e-06
2587             1.07282817e-02 5.73673174e-04 4.65522353e-05 1.07080992e-02 5.60934434e-04 4.97190904e-05 2.01825152e-05 1.27387399e-05 -3.16685509e-06
2588             1.07314016e-02 5.74978229e-04 4.63485530e-05 1.07112185e-02 5.62241947e-04 4.95169766e-05 2.01831254e-05 1.27362824e-05 -3.16842361e-06
2589             1.07344214e-02 5.76167771e-04 4.60597974e-05 1.07142375e-02 5.63431921e-04 4.92306207e-05 2.01838567e-05 1.27358506e-05 -3.17082335e-06
2590             1.07368916e-02 5.77063994e-04 4.57501697e-05 1.07167070e-02 5.64326588e-04 4.89240812e-05 2.01846045e-05 1.27374062e-05 -3.17391151e-06
2591             1.07385001e-02 5.77645293e-04 4.54498725e-05 1.07183148e-02 5.64904887e-04 4.86272681e-05 2.01853021e-05 1.27404061e-05 -3.17739553e-06
2592             1.07391117e-02 5.77970688e-04 4.51789140e-05 1.07189258e-02 5.65226530e-04 4.83598614e-05 2.01859076e-05 1.27441587e-05 -3.18094744e-06
2593             1.07389648e-02 5.78102836e-04 4.49771693e-05 1.07187784e-02 5.65354849e-04 4.81614358e-05 2.01863900e-05 1.27479870e-05 -3.18426646e-06
2594             1.07381636e-02 5.78070640e-04 4.48715881e-05 1.07179769e-02 5.65319372e-04 4.80586905e-05 2.01867131e-05 1.27512688e-05 -3.18710239e-06
2595             1.07367650e-02 5.77925066e-04 4.48321259e-05 1.07165782e-02 5.65171375e-04 4.80214291e-05 2.01867851e-05 1.27536909e-05 -3.18930317e-06
2596             1.07353756e-02 5.77785354e-04 4.48059073e-05 1.07151890e-02 5.65029872e-04 4.79967770e-05 2.01865635e-05 1.27554818e-05 -3.19086969e-06
2597             1.07345609e-02 5.77703458e-04 4.47733521e-05 1.07143747e-02 5.64946252e-04 4.79653011e-05 2.01862042e-05 1.27572059e-05 -3.19194896e-06
2598             1.07343322e-02 5.77600729e-04 4.47608124e-05 1.07141462e-02 5.64841467e-04 4.79535010e-05 2.01859733e-05 1.27592618e-05 -3.19268855e-06
2599             1.07346946e-02 5.77399114e-04 4.48189970e-05 1.07145085e-02 5.64637597e-04 4.80121081e-05 2.01861067e-05 1.27615173e-05 -3.19311110e-06
2600             1.07350627e-02 5.77017499e-04 4.49667665e-05 1.07148760e-02 5.64254139e-04 4.81598877e-05 2.01866587e-05 1.27633597e-05 -3.19312117e-06
2601             1.07347008e-02 5.76425091e-04 4.51717876e-05 1.07145134e-02 5.63660874e-04 4.83643796e-05 2.01873471e-05 1.27642170e-05 -3.19259203e-06
2602             1.07329421e-02 5.75575778e-04 4.53838504e-05 1.07127545e-02 5.62811784e-04 4.85753106e-05 2.01876139e-05 1.27639936e-05 -3.19146018e-06
2603             1.07296120e-02 5.74437229e-04 4.55673774e-05 1.07094251e-02 5.61674068e-04 4.87571268e-05 2.01869008e-05 1.27631605e-05 -3.18974943e-06
2604             1.07254147e-02 5.73082292e-04 4.57124236e-05 1.07052297e-02 5.60319862e-04 4.88999742e-05 2.01850311e-05 1.27624301e-05 -3.18755056e-06
2605             1.07211043e-02 5.71634669e-04 4.58270006e-05 1.07009220e-02 5.58872373e-04 4.90119730e-05 2.01823646e-05 1.27622957e-05 -3.18497232e-06
2606             1.07174185e-02 5.70299470e-04 4.59088500e-05 1.06972389e-02 5.57536601e-04 4.90909895e-05 2.01795894e-05 1.27628695e-05 -3.18213953e-06
2607             1.07148885e-02 5.69269951e-04 4.59607429e-05 1.06947111e-02 5.56506051e-04 4.91399407e-05 2.01773937e-05 1.27638997e-05 -3.17919780e-06
2608             1.07136703e-02 5.68634801e-04 4.59924064e-05 1.06934941e-02 5.55869884e-04 4.91687075e-05 2.01761762e-05 1.27649175e-05 -3.17630111e-06
2609             1.07137055e-02 5.68376612e-04 4.60326438e-05 1.06935295e-02 5.55611227e-04 4.92062124e-05 2.01759732e-05 1.27653851e-05 -3.17356861e-06
2610             1.07150530e-02 5.68508267e-04 4.60752075e-05 1.06948764e-02 5.55743358e-04 4.92463239e-05 2.01766109e-05 1.27649096e-05 -3.17111636e-06
2611             1.07171228e-02 5.68909587e-04 4.61175678e-05 1.06969450e-02 5.56146154e-04 4.92866572e-05 2.01778017e-05 1.27634332e-05 -3.16908938e-06
2612             1.07190022e-02 5.69376534e-04 4.61722344e-05 1.06988231e-02 5.56615411e-04 4.93397915e-05 2.01791329e-05 1.27611225e-05 -3.16755711e-06
2613             1.07204911e-02 5.69869730e-04 4.62331653e-05 1.07003109e-02 5.57111523e-04 4.93996658e-05 2.01802225e-05 1.27582066e-05 -3.16650049e-06
2614             1.07216950e-02 5.70385488e-04 4.63157258e-05 1.07015141e-02 5.57630618e-04 4.94815962e-05 2.01809257e-05 1.27548704e-05 -3.16587046e-06
2615             1.07228662e-02 5.70954700e-04 4.64318526e-05 1.07026848e-02 5.58203594e-04 4.95974417e-05 2.01813353e-05 1.27511059e-05 -3.16558910e-06
2616             1.07242521e-02 5.71654975e-04 4.65528669e-05 1.07040704e-02 5.58908101e-04 4.97184714e-05 2.01816409e-05 1.27468730e-05 -3.16560445e-06
2617             1.07261458e-02 5.72580121e-04 4.66099525e-05 1.07059638e-02 5.59837677e-04 4.97759197e-05 2.01820034e-05 1.27424440e-05 -3.16596720e-06
2618             1.07287627e-02 5.73772787e-04 4.65304632e-05 1.07085802e-02 5.61034219e-04 4.96973247e-05 2.01825143e-05 1.27385672e-05 -3.16686150e-06
2619             1.07319650e-02 5.75101882e-04 4.63128695e-05 1.07117818e-02 5.62365682e-04 4.94813826e-05 2.01832048e-05 1.27361997e-05 -3.16851307e-06
2620             1.07350106e-02 5.76301650e-04 4.60130779e-05 1.07148266e-02 5.63565720e-04 4.91840871e-05 2.01840106e-05 1.27359301e-05 -3.17100917e-06
2621             1.07374484e-02 5.77194473e-04 4.56980302e-05 1.07172636e-02 5.64456796e-04 4.88722198e-05 2.01848155e-05 1.27376767e-05 -3.17418959e-06
2622             1.07389789e-02 5.77763222e-04 4.53985731e-05 1.07187934e-02 5.65022372e-04 4.85763185e-05 2.01855460e-05 1.27408494e-05 -3.17774535e-06
2623             1.07394786e-02 5.78069156e-04 4.51343857e-05 1.07192924e-02 5.65324432e-04 4.83157237e-05 2.01861554e-05 1.27447240e-05 -3.18133796e-06
2624             1.07392022e-02 5.78179410e-04 4.49424212e-05 1.07190156e-02 5.65430796e-04 4.81270851e-05 2.01866107e-05 1.27486140e-05 -3.18466397e-06
2625             1.07382703e-02 5.78128973e-04 4.48449661e-05 1.07180834e-02 5.65377055e-04 4.80324425e-05 2.01868767e-05 1.27519178e-05 -3.18747633e-06
2626             1.07367237e-02 5.77960928e-04 4.48134270e-05 1.07165369e-02 5.65206567e-04 4.80030643e-05 2.01868640e-05 1.27543610e-05 -3.18963736e-06
2627             1.07352260e-02 5.77803636e-04 4.47933413e-05 1.07150395e-02 5.65047447e-04 4.79844938e-05 2.01865424e-05 1.27561893e-05 -3.19115251e-06
2628             1.07343447e-02 5.77711219e-04 4.47640850e-05 1.07141586e-02 5.64953241e-04 4.79562623e-05 2.01860885e-05 1.27579781e-05 -3.19217737e-06
2629             1.07340583e-02 5.77597855e-04 4.47549714e-05 1.07138725e-02 5.64837733e-04 4.79478358e-05 2.01857804e-05 1.27601217e-05 -3.19286435e-06
2630             1.07343800e-02 5.77386034e-04 4.48175313e-05 1.07141942e-02 5.64623569e-04 4.80107659e-05 2.01858533e-05 1.27624651e-05 -3.19323459e-06
2631             1.07347338e-02 5.76998770e-04 4.49685637e-05 1.07145474e-02 5.64234390e-04 4.81617569e-05 2.01863575e-05 1.27643796e-05 -3.19319317e-06
2632             1.07343434e-02 5.76394946e-04 4.51774527e-05 1.07141564e-02 5.63629653e-04 4.83700684e-05 2.01870001e-05 1.27652925e-05 -3.19261568e-06
2633             1.07325125e-02 5.75524042e-04 4.53941299e-05 1.07123253e-02 5.62758935e-04 4.85855661e-05 2.01872053e-05 1.27651073e-05 -3.19143623e-06
2634             1.07290667e-02 5.74352461e-04 4.55843282e-05 1.07088803e-02 5.61588170e-04 4.87740023e-05 2.01864025e-05 1.27642910e-05 -3.18967412e-06
2635             1.07247959e-02 5.72970773e-04 4.57351645e-05 1.07046115e-02 5.60207223e-04 4.89225824e-05 2.01844299e-05 1.27635493e-05 -3.18741791e-06
2636             1.07205147e-02 5.71513390e-04 4.58536813e-05 1.07003330e-02 5.58750018e-04 4.90384629e-05 2.01816880e-05 1.27633726e-05 -3.18478155e-06
2637             1.07168995e-02 5.70182552e-04 4.59367008e-05 1.06967206e-02 5.57418681e-04 4.91185991e-05 2.01788933e-05 1.27638713e-05 -3.18189828e-06
2638             1.07144488e-02 5.69167791e-04 4.59875504e-05 1.06942720e-02 5.56402997e-04 4.91664678e-05 2.01767267e-05 1.27647944e-05 -3.17891736e-06
2639             1.07132974e-02 5.68548444e-04 4.60182082e-05 1.06931218e-02 5.55782767e-04 4.91942040e-05 2.01755605e-05 1.27656775e-05 -3.17599584e-06
2640             1.07134271e-02 5.68312890e-04 4.60554181e-05 1.06932517e-02 5.55546901e-04 4.92286726e-05 2.01754160e-05 1.27659890e-05 -3.17325451e-06
2641             1.07148436e-02 5.68461740e-04 4.60945053e-05 1.06946675e-02 5.55696388e-04 4.92653115e-05 2.01761122e-05 1.27653513e-05 -3.17080617e-06
2642             1.07170275e-02 5.68884752e-04 4.61325456e-05 1.06968501e-02 5.56121027e-04 4.93013391e-05 2.01773617e-05 1.27637258e-05 -3.16879348e-06
2643             1.07190158e-02 5.69368501e-04 4.61840591e-05 1.06988370e-02 5.56607213e-04 4.93513495e-05 2.01787638e-05 1.27612881e-05 -3.16729036e-06
2644             1.07205944e-02 5.69871836e-04 4.62442290e-05 1.07004145e-02 5.57113579e-04 4.94105007e-05 2.01799344e-05 1.27582569e-05 -3.16627171e-06
2645             1.07218608e-02 5.70393256e-04 4.63272183e-05 1.07016801e-02 5.57638457e-04 4.94928981e-05 2.01807193e-05 1.27547989e-05 -3.16567982e-06
2646             1.07230966e-02 5.70973795e-04 4.64418288e-05 1.07029154e-02 5.58222890e-04 4.96072620e-05 2.01812072e-05 1.27509051e-05 -3.16543311e-06
2647             1.07245555e-02 5.71693082e-04 4.65584414e-05 1.07043739e-02 5.58946528e-04 4.97239257e-05 2.01815892e-05 1.27465547e-05 -3.16548427e-06
2648             1.07265364e-02 5.72645573e-04 4.66070738e-05 1.07063544e-02 5.59903526e-04 4.97729659e-05 2.01820287e-05 1.27420477e-05 -3.16589210e-06
2649             1.07292448e-02 5.73869586e-04 4.65144605e-05 1.07090622e-02 5.61131422e-04 4.96813100e-05 2.01826174e-05 1.27381636e-05 -3.16684952e-06
2650             1.07325149e-02 5.75220689e-04 4.62832922e-05 1.07123315e-02 5.62484814e-04 4.94518759e-05 2.01833829e-05 1.27358754e-05 -3.16858369e-06
2651             1.07356034e-02 5.76432212e-04 4.59720254e-05 1.07154191e-02 5.63696456e-04 4.91431983e-05 2.01842582e-05 1.27357556e-05 -3.17117291e-06
2652             1.07380174e-02 5.77321533e-04 4.56510674e-05 1.07178323e-02 5.64583848e-04 4.88255121e-05 2.01851208e-05 1.27376859e-05 -3.17444467e-06
2653             1.07394756e-02 5.77878821e-04 4.53512696e-05 1.07192897e-02 5.65137792e-04 4.85293424e-05 2.01858876e-05 1.27410293e-05 -3.17807275e-06
2654             1.07398743e-02 5.78167728e-04 4.50924630e-05 1.07196878e-02 5.65422699e-04 4.82741717e-05 2.01865058e-05 1.27450293e-05 -3.18170869e-06
2655             1.07394648e-02 5.78255013e-04 4.49102269e-05 1.07192779e-02 5.65506028e-04 4.80952720e-05 2.01869377e-05 1.27489850e-05 -3.18504505e-06
2656             1.07383993e-02 5.78185104e-04 4.48207820e-05 1.07182122e-02 5.65432794e-04 4.80086182e-05 2.01871471e-05 1.27523094e-05 -3.18783616e-06
2657             1.07367185e-02 5.77997261e-04 4.47958937e-05 1.07165315e-02 5.65242490e-04 4.79858526e-05 2.01870501e-05 1.27547707e-05 -3.18995884e-06
2658             1.07351178e-02 5.77822654e-04 4.47811353e-05 1.07149311e-02 5.65066016e-04 4.79725612e-05 2.01866306e-05 1.27566380e-05 -3.19142587e-06
2659             1.07341602e-02 5.77719585e-04 4.47538248e-05 1.07139741e-02 5.64961086e-04 4.79462253e-05 2.01860810e-05 1.27584980e-05 -3.19240050e-06
2660             1.07338072e-02 5.77589854e-04 4.47494967e-05 1.07136215e-02 5.64829118e-04 4.79425343e-05 2.01856909e-05 1.27607362e-05 -3.19303760e-06
2661             1.07340889e-02 5.77367917e-04 4.48154323e-05 1.07139032e-02 5.64604754e-04 4.80087872e-05 2.01856999e-05 1.27631630e-05 -3.19335496e-06
2662             1.07344213e-02 5.76975170e-04 4.49684051e-05 1.07142351e-02 5.64210016e-04 4.81616681e-05 2.01861513e-05 1.27651542e-05 -3.19326293e-06
2663             1.07339860e-02 5.76358178e-04 4.51805044e-05 1.07137993e-02 5.63592042e-04 4.83731433e-05 2.01867407e-05 1.27661360e-05 -3.19263893e-06
2664             1.07320789e-02 5.75465509e-04 4.54010261e-05 1.07118920e-02 5.62699504e-04 4.85924393e-05 2.01868742e-05 1.27660047e-05 -3.19141321e-06
2665             1.07285265e-02 5.74262351e-04 4.55973956e-05 1.07083406e-02 5.61497129e-04 4.87869971e-05 2.01859751e-05 1.27652221e-05 -3.18960152e-06
2666             1.07241749e-02 5.72853159e-04 4.57541238e-05 1.07039910e-02 5.60088674e-04 4.89414139e-05 2.01838953e-05 1.27644844e-05 -3.18729016e-06
2667             1.07199085e-02 5.71384317e-04 4.58770887e-05 1.06997274e-02 5.58620041e-04 4.90616845e-05 2.01810708e-05 1.27642757e-05 -3.18459582e-06
2668             1.07163592e-02 5.70056762e-04 4.59619494e-05 1.06961809e-02 5.57292055e-04 4.91436105e-05 2.01782458e-05 1.27647068e-05 -3.18166102e-06
2669             1.07139918e-02 5.69057510e-04 4.60118890e-05 1.06938157e-02 5.56291979e-04 4.91905290e-05 2.01760987e-05 1.27655302e-05 -3.17863997e-06
2670             1.07129012e-02 5.68452185e-04 4.60424132e-05 1.06927263e-02 5.55685900e-04 4.92181047e-05 2.01749758e-05 1.27662853e-05 -3.17569150e-06
2671             1.07131234e-02 5.68241352e-04 4.60780122e-05 1.06929485e-02 5.55474914e-04 4.92509366e-05 2.01748815e-05 1.27664383e-05 -3.17292436e-06
2672             1.07146499e-02 5.68413037e-04 4.61137521e-05 1.06944742e-02 5.55647385e-04 4.92842389e-05 2.01756349e-05 1.27656511e-05 -3.17048678e-06
2673             1.07169330e-02 5.68854171e-04 4.61472664e-05 1.06967560e-02 5.56090284e-04 4.93157634e-05 2.01769487e-05 1.27638870e-05 -3.16849695e-06
2674             1.07190078e-02 5.69352540e-04 4.61947585e-05 1.06988294e-02 5.56591211e-04 4.93617834e-05 2.01784189e-05 1.27613294e-05 -3.16702499e-06
2675             1.07206649e-02 5.69867068e-04 4.62538438e-05 1.07004853e-02 5.57108877e-04 4.94198857e-05 2.01796592e-05 1.27581908e-05 -3.16604191e-06
2676             1.07219934e-02 5.70395428e-04 4.63384711e-05 1.07018128e-02 5.57640808e-04 4.95039563e-05 2.01805138e-05 1.27546208e-05 -3.16548524e-06
2677             1.07233000e-02 5.70988903e-04 4.64525311e-05 1.07031189e-02 5.58238296e-04 4.96178029e-05 2.01810725e-05 1.27506071e-05 -3.16527184e-06
2678             1.07248342e-02 5.71722255e-04 4.65664398e-05 1.07046527e-02 5.58976107e-04 4.97317974e-05 2.01815287e-05 1.27461483e-05 -3.16535762e-06
2679             1.07269110e-02 5.72705230e-04 4.66055399e-05 1.07067290e-02 5.59963657e-04 4.97713497e-05 2.01820482e-05 1.27415730e-05 -3.16580983e-06
2680             1.07297117e-02 5.73964953e-04 4.64987071e-05 1.07095290e-02 5.61227256e-04 4.96655386e-05 2.01827171e-05 1.27376978e-05 -3.16683153e-06
2681             1.07330497e-02 5.75340413e-04 4.62542411e-05 1.07128662e-02 5.62604909e-04 4.94228906e-05 2.01835583e-05 1.27355036e-05 -3.16864952e-06
2682             1.07361934e-02 5.76565405e-04 4.59325071e-05 1.07160089e-02 5.63829866e-04 4.91038388e-05 2.01845036e-05 1.27355390e-05 -3.17133169e-06
2683             1.07385988e-02 5.77453752e-04 4.56059777e-05 1.07184134e-02 5.64716101e-04 4.87806725e-05 2.01854265e-05 1.27376509e-05 -3.17469480e-06
2684             1.07399976e-02 5.78002161e-04 4.53056181e-05 1.07198114e-02 5.65260999e-04 4.84840147e-05 2.01862346e-05 1.27411623e-05 -3.17839658e-06
2685             1.07402952e-02 5.78274974e-04 4.50518051e-05 1.07201084e-02 5.65529685e-04 4.82338840e-05 2.01868655e-05 1.27452891e-05 -3.18207886e-06
2686             1.07398110e-02 5.78353389e-04 4.48755958e-05 1.07196237e-02 5.65604064e-04 4.80610278e-05 2.01872827e-05 1.27493245e-05 -3.18543197e-06
2687             1.07386565e-02 5.78273598e-04 4.47911519e-05 1.07184691e-02 5.65520893e-04 4.79793717e-05 2.01874545e-05 1.27527043e-05 -3.18821983e-06
2688             1.07368017e-02 5.78057983e-04 4.47729473e-05 1.07166144e-02 5.65302761e-04 4.79632732e-05 2.01872866e-05 1.27552222e-05 -3.19032598e-06
2689             1.07350437e-02 5.77854782e-04 4.47648328e-05 1.07148570e-02 5.65097630e-04 4.79565889e-05 2.01867634e-05 1.27571521e-05 -3.19175612e-06
2690             1.07339888e-02 5.77733074e-04 4.47421698e-05 1.07138027e-02 5.64973987e-04 4.79348496e-05 2.01861058e-05 1.27590870e-05 -3.19267980e-06
2691             1.07335952e-02 5.77594914e-04 4.47412423e-05 1.07134096e-02 5.64833501e-04 4.79345047e-05 2.01856314e-05 1.27614135e-05 -3.19326238e-06
2692             1.07338423e-02 5.77365246e-04 4.48106572e-05 1.07136568e-02 5.64601316e-04 4.80041848e-05 2.01855827e-05 1.27639299e-05 -3.19352755e-06
2693             1.07341433e-02 5.76964749e-04 4.49663495e-05 1.07139573e-02 5.64198749e-04 4.81597351e-05 2.01859874e-05 1.27660001e-05 -3.19338557e-06
2694             1.07336539e-02 5.76332137e-04 4.51815710e-05 1.07134674e-02 5.63565088e-04 4.83742848e-05 2.01865218e-05 1.27670490e-05 -3.19271378e-06
2695             1.07316716e-02 5.75417250e-04 4.54050989e-05 1.07114851e-02 5.62650274e-04 4.85965390e-05 2.01865794e-05 1.27669754e-05 -3.19144011e-06
2696             1.07280213e-02 5.74183756e-04 4.56066683e-05 1.07078357e-02 5.61417517e-04 4.87962467e-05 2.01855830e-05 1.27662394e-05 -3.18957837e-06
2697             1.07235777e-02 5.72745245e-04 4.57689424e-05 1.07033943e-02 5.59979718e-04 4.89561557e-05 2.01833974e-05 1.27655261e-05 -3.18721326e-06
2698             1.07193139e-02 5.71262228e-04 4.58962684e-05 1.06991334e-02 5.58496923e-04 4.90807294e-05 2.01804886e-05 1.27653053e-05 -3.18446100e-06
2699             1.07158221e-02 5.69935947e-04 4.59828421e-05 1.06956444e-02 5.57170260e-04 4.91643160e-05 2.01776283e-05 1.27656873e-05 -3.18147394e-06
2700             1.07135368e-02 5.68951801e-04 4.60310848e-05 1.06933613e-02 5.56185372e-04 4.92094960e-05 2.01754934e-05 1.27664285e-05 -3.17841121e-06
2701             1.07125000e-02 5.68359794e-04 4.60606573e-05 1.06923256e-02 5.55592716e-04 4.92360947e-05 2.01744076e-05 1.27670779e-05 -3.17543741e-06
2702             1.07128022e-02 5.68168740e-04 4.60940826e-05 1.06926278e-02 5.55401642e-04 4.92667373e-05 2.01743547e-05 1.27670983e-05 -3.17265470e-06
2703             1.07144236e-02 5.68363408e-04 4.61256063e-05 1.06942485e-02 5.55597235e-04 4.92958242e-05 2.01751529e-05 1.27661723e-05 -3.17021791e-06
2704             1.07168039e-02 5.68825107e-04 4.61543384e-05 1.06966274e-02 5.56060823e-04 4.93225819e-05 2.01765175e-05 1.27642833e-05 -3.16824357e-06
2705             1.07189701e-02 5.69340221e-04 4.61975276e-05 1.06987921e-02 5.56578598e-04 4.93643285e-05 2.01780455e-05 1.27616228e-05 -3.16680090e-06
2706             1.07207122e-02 5.69866399e-04 4.62548945e-05 1.07005328e-02 5.57108004e-04 4.94207498e-05 2.01793488e-05 1.27583952e-05 -3.16585529e-06
2707             1.07221031e-02 5.70400778e-04 4.63402679e-05 1.07019229e-02 5.57646047e-04 4.95056043e-05 2.01802680e-05 1.27547307e-05 -3.16533642e-06
2708             1.07234813e-02 5.71007179e-04 4.64525046e-05 1.07033004e-02 5.58256565e-04 4.96176626e-05 2.01808902e-05 1.27506135e-05 -3.16515806e-06
2709             1.07250934e-02 5.71759406e-04 4.65616237e-05 1.07049120e-02 5.59013340e-04 4.97269060e-05 2.01814104e-05 1.27460665e-05 -3.16528238e-06
2710             1.07272757e-02 5.72772006e-04 4.65906794e-05 1.07070938e-02 5.60030557e-04 4.97564642e-05 2.01819982e-05 1.27414490e-05 -3.16578484e-06
2711             1.07301703e-02 5.74060774e-04 4.64710135e-05 1.07099876e-02 5.61323169e-04 4.96378899e-05 2.01827386e-05 1.27376059e-05 -3.16687642e-06
2712             1.07335626e-02 5.75454500e-04 4.62140628e-05 1.07133790e-02 5.62718979e-04 4.93828439e-05 2.01836461e-05 1.27355208e-05 -3.16878105e-06
2713             1.07367571e-02 5.76691439e-04 4.58816263e-05 1.07165725e-02 5.63955718e-04 4.90531815e-05 2.01846509e-05 1.27357214e-05 -3.17155519e-06
2714             1.07391541e-02 5.77579826e-04 4.55490417e-05 1.07189685e-02 5.64841799e-04 4.87240504e-05 2.01856252e-05 1.27380265e-05 -3.17500867e-06
2715             1.07404940e-02 5.78120590e-04 4.52481302e-05 1.07203076e-02 5.65378871e-04 4.84269137e-05 2.01864674e-05 1.27417193e-05 -3.17878350e-06
2716             1.07406922e-02 5.78377803e-04 4.50000897e-05 1.07205051e-02 5.65631819e-04 4.81826007e-05 2.01871049e-05 1.27459848e-05 -3.18251106e-06
2717             1.07400834e-02 5.78436857e-04 4.48332353e-05 1.07198959e-02 5.65686754e-04 4.80191121e-05 2.01874949e-05 1.27501027e-05 -3.18587673e-06
2718             1.07387898e-02 5.78336522e-04 4.47576544e-05 1.07186022e-02 5.65582997e-04 4.79463032e-05 2.01876044e-05 1.27535252e-05 -3.18864882e-06
2719             1.07368036e-02 5.78103030e-04 4.47464375e-05 1.07166163e-02 5.65346951e-04 4.79371547e-05 2.01873463e-05 1.27560798e-05 -3.19071721e-06
2720             1.07349411e-02 5.77883505e-04 4.47449122e-05 1.07147544e-02 5.65125439e-04 4.79370115e-05 2.01867201e-05 1.27580662e-05 -3.19209930e-06
2721             1.07338036e-02 5.77747633e-04 4.47276544e-05 1.07136176e-02 5.64987554e-04 4.79206242e-05 2.01859632e-05 1.27600784e-05 -3.19296973e-06
2722             1.07333694e-02 5.77600827e-04 4.47308774e-05 1.07131840e-02 5.64838330e-04 4.79243748e-05 2.01854062e-05 1.27624962e-05 -3.19349742e-06
2723             1.07335755e-02 5.77361077e-04 4.48045946e-05 1.07133902e-02 5.64595973e-04 4.79983027e-05 2.01852927e-05 1.27651039e-05 -3.19370804e-06
2724             1.07338383e-02 5.76951182e-04 4.49639338e-05 1.07136527e-02 5.64183929e-04 4.81574448e-05 2.01856396e-05 1.27672533e-05 -3.19351108e-06
2725             1.07332936e-02 5.76303956e-04 4.51828628e-05 1.07131075e-02 5.63535588e-04 4.83756479e-05 2.01861091e-05 1.27683679e-05 -3.19278512e-06
2726             1.07312326e-02 5.75367053e-04 4.54106256e-05 1.07110465e-02 5.62598703e-04 4.86020831e-05 2.01860834e-05 1.27683498e-05 -3.19145754e-06
2727             1.07274927e-02 5.74105799e-04 4.56180669e-05 1.07073077e-02 5.61338145e-04 4.88076068e-05 2.01849862e-05 1.27676539e-05 -3.18953994e-06
2728             1.07229664e-02 5.72639986e-04 4.57867098e-05 1.07027837e-02 5.59873033e-04 4.89738245e-05 2.01826954e-05 1.27669522e-05 -3.18711473e-06
2729             1.07187082e-02 5.71144400e-04 4.59192629e-05 1.06985285e-02 5.58377697e-04 4.91035623e-05 2.01797048e-05 1.27667036e-05 -3.18429931e-06
2730             1.07152845e-02 5.69822800e-04 4.60078767e-05 1.06951077e-02 5.57055785e-04 4.91891308e-05 2.01768126e-05 1.27670155e-05 -3.18125410e-06
2731             1.07130831e-02 5.68854958e-04 4.60551171e-05 1.06929084e-02 5.56087306e-04 4.92332632e-05 2.01746941e-05 1.27676524e-05 -3.17814612e-06
2732             1.07121105e-02 5.68277410e-04 4.60848182e-05 1.06919369e-02 5.55509244e-04 4.92599576e-05 2.01736491e-05 1.27681657e-05 -3.17513940e-06
2733             1.07125062e-02 5.68107213e-04 4.61167545e-05 1.06923326e-02 5.55339190e-04 4.92890923e-05 2.01736456e-05 1.27680232e-05 -3.17233780e-06
2734             1.07142308e-02 5.68325099e-04 4.61443839e-05 1.06940563e-02 5.55558172e-04 4.93142844e-05 2.01745005e-05 1.27669274e-05 -3.16990046e-06
2735             1.07166652e-02 5.68799931e-04 4.61694750e-05 1.06964893e-02 5.56035051e-04 4.93374138e-05 2.01759245e-05 1.27648797e-05 -3.16793873e-06
2736             1.07189202e-02 5.69330725e-04 4.62090857e-05 1.06987427e-02 5.56568646e-04 4.93756023e-05 2.01775069e-05 1.27620792e-05 -3.16651664e-06
2737             1.07207732e-02 5.69871285e-04 4.62652640e-05 1.07005943e-02 5.57112560e-04 4.94308654e-05 2.01788791e-05 1.27587253e-05 -3.16560139e-06
2738             1.07222446e-02 5.70411486e-04 4.63527677e-05 1.07020648e-02 5.57656559e-04 4.95178838e-05 2.01798824e-05 1.27549270e-05 -3.16511609e-06
2739             1.07236818e-02 5.71026506e-04 4.64645378e-05 1.07035012e-02 5.58275843e-04 4.96295062e-05 2.01805905e-05 1.27506623e-05 -3.16496841e-06
2740             1.07253737e-02 5.71803578e-04 4.65668590e-05 1.07051925e-02 5.59057593e-04 4.97319868e-05 2.01811940e-05 1.27459850e-05 -3.16512775e-06
2741             1.07276554e-02 5.72844484e-04 4.65853526e-05 1.07074736e-02 5.60103194e-04 4.97510321e-05 2.01818617e-05 1.27412910e-05 -3.16567941e-06
2742             1.07306411e-02 5.74157338e-04 4.64539794e-05 1.07104584e-02 5.61419894e-04 4.96208183e-05 2.01826863e-05 1.27374444e-05 -3.16683890e-06
2743             1.07340845e-02 5.75566014e-04 4.61853673e-05 1.07139008e-02 5.62830588e-04 4.93541931e-05 2.01836762e-05 1.27354263e-05 -3.16882579e-06
2744             1.07373250e-02 5.76813871e-04 4.58423045e-05 1.07171402e-02 5.64078122e-04 4.90139904e-05 2.01847594e-05 1.27357483e-05 -3.17168589e-06
2745             1.07397078e-02 5.77704162e-04 4.55022663e-05 1.07195220e-02 5.64965953e-04 4.86774931e-05 2.01858048e-05 1.27382093e-05 -3.17522674e-06
2746             1.07409865e-02 5.78239030e-04 4.51990582e-05 1.07207998e-02 5.65496973e-04 4.83781326e-05 2.01866996e-05 1.27420568e-05 -3.17907439e-06
2747             1.07410907e-02 5.78481815e-04 4.49557231e-05 1.07209033e-02 5.65735373e-04 4.81385721e-05 2.01873616e-05 1.27464418e-05 -3.18284904e-06
2748             1.07403636e-02 5.78521612e-04 4.47979144e-05 1.07201758e-02 5.65770988e-04 4.79841443e-05 2.01877428e-05 1.27506238e-05 -3.18622982e-06
2749             1.07389270e-02 5.78400286e-04 4.47306999e-05 1.07187392e-02 5.65646217e-04 4.79196880e-05 2.01878073e-05 1.27540690e-05 -3.18898814e-06
2750             1.07368547e-02 5.78157777e-04 4.47234492e-05 1.07166673e-02 5.65401128e-04 4.79144732e-05 2.01874794e-05 1.27566487e-05 -3.19102402e-06
2751             1.07348821e-02 5.77920382e-04 4.47271827e-05 1.07146953e-02 5.65161689e-04 4.79195545e-05 2.01867732e-05 1.27586930e-05 -3.19237183e-06
2752             1.07336240e-02 5.77762202e-04 4.47153175e-05 1.07134381e-02 5.65001418e-04 4.79085180e-05 2.01859270e-05 1.27607845e-05 -3.19320044e-06
2753             1.07331282e-02 5.77601410e-04 4.47224433e-05 1.07129429e-02 5.64838120e-04 4.79161223e-05 2.01852847e-05 1.27632904e-05 -3.19367901e-06
2754             1.07332853e-02 5.77348906e-04 4.48000493e-05 1.07131002e-02 5.64582920e-04 4.79938877e-05 2.01851022e-05 1.27659862e-05 -3.19383847e-06
2755             1.07335024e-02 5.76927176e-04 4.49626703e-05 1.07133170e-02 5.64158962e-04 4.81562605e-05 2.01853900e-05 1.27682142e-05 -3.19359018e-06
2756             1.07328914e-02 5.76262599e-04 4.51848147e-05 1.07127056e-02 5.63493201e-04 4.83776290e-05 2.01857941e-05 1.27693974e-05 -3.19281431e-06
2757             1.07307464e-02 5.75302341e-04 4.54157231e-05 1.07105607e-02 5.62532899e-04 4.86071609e-05 2.01856849e-05 1.27694417e-05 -3.19143776e-06
2758             1.07269306e-02 5.74014109e-04 4.56279057e-05 1.07067461e-02 5.61245310e-04 4.88173762e-05 2.01844888e-05 1.27687992e-05 -3.18947056e-06
2759             1.07223231e-02 5.72521077e-04 4.58020192e-05 1.07021410e-02 5.59752947e-04 4.89890142e-05 2.01820980e-05 1.27681300e-05 -3.18699501e-06
2760             1.07180662e-02 5.71011942e-04 4.59397226e-05 1.06978872e-02 5.58244073e-04 4.91238459e-05 2.01790294e-05 1.27678693e-05 -3.18412336e-06
2761             1.07147112e-02 5.69695258e-04 4.60303233e-05 1.06945351e-02 5.56927133e-04 4.92113499e-05 2.01761062e-05 1.27681245e-05 -3.18102661e-06
2762             1.07125966e-02 5.68743427e-04 4.60769434e-05 1.06924226e-02 5.55974758e-04 4.92548232e-05 2.01740033e-05 1.27686690e-05 -3.17787984e-06
2763             1.07116836e-02 5.68178777e-04 4.61071114e-05 1.06915106e-02 5.55409718e-04 4.92819599e-05 2.01729965e-05 1.27690586e-05 -3.17484855e-06
2764             1.07121648e-02 5.68029370e-04 4.61370130e-05 1.06919918e-02 5.55260606e-04 4.93090459e-05 2.01730354e-05 1.27687645e-05 -3.17203286e-06
2765             1.07139828e-02 5.68270808e-04 4.61601849e-05 1.06938088e-02 5.55503291e-04 4.93297850e-05 2.01739354e-05 1.27675167e-05 -3.16960002e-06
2766             1.07164956e-02 5.68761553e-04 4.61821621e-05 1.06963202e-02 5.55996222e-04 4.93498166e-05 2.01754076e-05 1.27653311e-05 -3.16765459e-06
2767             1.07188357e-02 5.69308014e-04 4.62185495e-05 1.06986587e-02 5.56545606e-04 4.93848087e-05 2.01770425e-05 1.27624081e-05 -3.16625918e-06
2768             1.07207909e-02 5.69864744e-04 4.62728315e-05 1.07006124e-02 5.57105801e-04 4.94382101e-05 2.01784779e-05 1.27589430e-05 -3.16537858e-06
2769             1.07223384e-02 5.70410491e-04 4.63632653e-05 1.07021589e-02 5.57655466e-04 4.95281946e-05 2.01795531e-05 1.27550248e-05 -3.16492925e-06
2770             1.07238452e-02 5.71037969e-04 4.64742780e-05 1.07036648e-02 5.58287344e-04 4.96390915e-05 2.01803366e-05 1.27506255e-05 -3.16481351e-06
2771             1.07256204e-02 5.71836731e-04 4.65711119e-05 1.07054394e-02 5.59090899e-04 4.97361203e-05 2.01810120e-05 1.27458322e-05 -3.16500835e-06
2772             1.07279988e-02 5.72907400e-04 4.65785180e-05 1.07078170e-02 5.60166322e-04 4.97441273e-05 2.01817505e-05 1.27410777e-05 -3.16560927e-06
2773             1.07310846e-02 5.74248893e-04 4.64345586e-05 1.07109019e-02 5.61511643e-04 4.96013963e-05 2.01826477e-05 1.27372499e-05 -3.16683767e-06
2774             1.07345873e-02 5.75674459e-04 4.61546189e-05 1.07144035e-02 5.62939137e-04 4.93235278e-05 2.01837100e-05 1.27353220e-05 -3.16890888e-06
2775             1.07378755e-02 5.76931953e-04 4.58024766e-05 1.07176907e-02 5.64196175e-04 4.89743307e-05 2.01848614e-05 1.27357780e-05 -3.17185408e-06
2776             1.07402423e-02 5.77822982e-04 4.54562814e-05 1.07200564e-02 5.65084586e-04 4.86317600e-05 2.01859681e-05 1.27383959e-05 -3.17547855e-06
2777             1.07414569e-02 5.78352578e-04 4.51511706e-05 1.07212700e-02 5.65610184e-04 4.83305643e-05 2.01869041e-05 1.27423939e-05 -3.17939374e-06
2778             1.07414677e-02 5.78582147e-04 4.49127865e-05 1.07212801e-02 5.65835250e-04 4.80959968e-05 2.01875786e-05 1.27468967e-05 -3.18321031e-06
2779             1.07406258e-02 5.78603166e-04 4.47647214e-05 1.07204378e-02 5.65852023e-04 4.79513228e-05 2.01879409e-05 1.27511438e-05 -3.18660143e-06
2780             1.07390451e-02 5.78460146e-04 4.47066632e-05 1.07188571e-02 5.65705532e-04 4.78960051e-05 2.01879528e-05 1.27546134e-05 -3.18934184e-06
2781             1.07368535e-02 5.78203027e-04 4.47049680e-05 1.07166660e-02 5.65445811e-04 4.78963064e-05 2.01875447e-05 1.27572158e-05 -3.19133837e-06
2782             1.07348192e-02 5.77956290e-04 4.47131044e-05 1.07146324e-02 5.65196973e-04 4.79057472e-05 2.01867526e-05 1.27593171e-05 -3.19264277e-06
2783             1.07334652e-02 5.77780490e-04 4.47062253e-05 1.07132793e-02 5.65018997e-04 4.78996539e-05 2.01858274e-05 1.27614934e-05 -3.19342854e-06
2784             1.07329016e-02 5.77605446e-04 4.47179100e-05 1.07127165e-02 5.64841354e-04 4.79117686e-05 2.01851109e-05 1.27640913e-05 -3.19385852e-06
2785             1.07329945e-02 5.77339119e-04 4.48001750e-05 1.07128096e-02 5.64572250e-04 4.79941395e-05 2.01848618e-05 1.27668688e-05 -3.19396452e-06
2786             1.07331594e-02 5.76905094e-04 4.49668030e-05 1.07129743e-02 5.64135932e-04 4.81604627e-05 2.01850867e-05 1.27691614e-05 -3.19365962e-06
2787             1.07324931e-02 5.76227087e-04 4.51912837e-05 1.07123077e-02 5.63456689e-04 4.83841121e-05 2.01854234e-05 1.27703985e-05 -3.19282838e-06
2788             1.07301950e-02 5.75238255e-04 4.54256356e-05 1.07100097e-02 5.62467744e-04 4.86170400e-05 2.01852196e-05 1.27705110e-05 -3.19140438e-06
2789             1.07263130e-02 5.73925574e-04 4.56413281e-05 1.07061291e-02 5.61155659e-04 4.88307088e-05 2.01839063e-05 1.27699149e-05 -3.18938068e-06
2790             1.07217489e-02 5.72418892e-04 4.58186838e-05 1.07015675e-02 5.59649630e-04 4.90055245e-05 2.01814266e-05 1.27692619e-05 -3.18684073e-06
2791             1.07175044e-02 5.70894613e-04 4.59627992e-05 1.06973261e-02 5.58125596e-04 4.91467268e-05 2.01783208e-05 1.27690168e-05 -3.18392763e-06
2792             1.07141760e-02 5.69578866e-04 4.60566508e-05 1.06940006e-02 5.56809645e-04 4.92374387e-05 2.01753957e-05 1.27692215e-05 -3.18078790e-06
2793             1.07121254e-02 5.68643894e-04 4.61028704e-05 1.06919521e-02 5.55874238e-04 4.92804727e-05 2.01733107e-05 1.27696566e-05 -3.17760228e-06
2794             1.07112731e-02 5.68094688e-04 4.61330948e-05 1.06911008e-02 5.55324790e-04 4.93076393e-05 2.01723319e-05 1.27698980e-05 -3.17454452e-06
2795             1.07118473e-02 5.67966513e-04 4.61609586e-05 1.06916749e-02 5.55197081e-04 4.93326724e-05 2.01724055e-05 1.27694323e-05 -3.17171377e-06
2796             1.07137711e-02 5.68235794e-04 4.61797958e-05 1.06935977e-02 5.55467777e-04 4.93490694e-05 2.01733526e-05 1.27680175e-05 -3.16927360e-06
2797             1.07163748e-02 5.68740946e-04 4.61994776e-05 1.06961999e-02 5.55975248e-04 4.93668340e-05 2.01748855e-05 1.27656979e-05 -3.16735642e-06
2798             1.07188109e-02 5.69302811e-04 4.62314150e-05 1.06986343e-02 5.56540157e-04 4.93974131e-05 2.01765922e-05 1.27626537e-05 -3.16599805e-06
2799             1.07208662e-02 5.69874775e-04 4.62830460e-05 1.07006881e-02 5.57115700e-04 4.94482043e-05 2.01781090e-05 1.27590758e-05 -3.16515832e-06
2800             1.07224892e-02 5.70430062e-04 4.63750137e-05 1.07023100e-02 5.57675030e-04 4.95397616e-05 2.01792692e-05 1.27550323e-05 -3.16474784e-06
2801             1.07240672e-02 5.71070882e-04 4.64861300e-05 1.07038871e-02 5.58320392e-04 4.96507967e-05 2.01801331e-05 1.27504892e-05 -3.16466662e-06
2802             1.07259355e-02 5.71891725e-04 4.65781871e-05 1.07057546e-02 5.59146158e-04 4.97430872e-05 2.01808861e-05 1.27455663e-05 -3.16490012e-06
2803             1.07284130e-02 5.72991273e-04 4.65743655e-05 1.07082313e-02 5.60250531e-04 4.97399207e-05 2.01817050e-05 1.27407415e-05 -3.16555513e-06
2804             1.07315985e-02 5.74359921e-04 4.64173784e-05 1.07114158e-02 5.61622990e-04 4.95842363e-05 2.01826873e-05 1.27369305e-05 -3.16685797e-06
2805             1.07351637e-02 5.75803232e-04 4.61249727e-05 1.07149799e-02 5.63068137e-04 4.92939913e-05 2.01838350e-05 1.27350953e-05 -3.16901861e-06
2806             1.07384117e-02 5.77055598e-04 4.57657336e-05 1.07182267e-02 5.64319901e-04 4.89378010e-05 2.01850551e-05 1.27356966e-05 -3.17206740e-06
2807             1.07407601e-02 5.77945635e-04 4.54147081e-05 1.07205738e-02 5.65207193e-04 4.85904669e-05 2.01862080e-05 1.27384421e-05 -3.17575881e-06
2808             1.07419408e-02 5.78474000e-04 4.51085086e-05 1.07217536e-02 5.65731440e-04 4.82882354e-05 2.01871810e-05 1.27425595e-05 -3.17972676e-06
2809             1.07418829e-02 5.78693138e-04 4.48756276e-05 1.07216951e-02 5.65945980e-04 4.80592058e-05 2.01878814e-05 1.27471583e-05 -3.18357817e-06
2810             1.07409265e-02 5.78694280e-04 4.47374372e-05 1.07207382e-02 5.65942823e-04 4.79244150e-05 2.01882444e-05 1.27514567e-05 -3.18697780e-06
2811             1.07391888e-02 5.78526709e-04 4.46883787e-05 1.07190006e-02 5.65771769e-04 4.78780783e-05 2.01882173e-05 1.27549400e-05 -3.18969968e-06
2812             1.07368811e-02 5.78256070e-04 4.46914509e-05 1.07166934e-02 5.65498517e-04 4.78831041e-05 2.01877355e-05 1.27575529e-05 -3.19165317e-06
2813             1.07347591e-02 5.77996027e-04 4.47047089e-05 1.07145723e-02 5.65236330e-04 4.78976197e-05 2.01868577e-05 1.27596972e-05 -3.19291079e-06
2814             1.07333113e-02 5.77800896e-04 4.47038424e-05 1.07131255e-02 5.65038956e-04 4.78974889e-05 2.01858495e-05 1.27619393e-05 -3.19364653e-06
2815             1.07326964e-02 5.77610620e-04 4.47215528e-05 1.07125114e-02 5.64846015e-04 4.79155739e-05 2.01850618e-05 1.27646050e-05 -3.19402110e-06
2816             1.07327314e-02 5.77329273e-04 4.48094489e-05 1.07125467e-02 5.64561839e-04 4.80035163e-05 2.01847568e-05 1.27674338e-05 -3.19406747e-06
2817             1.07328435e-02 5.76883053e-04 4.49798531e-05 1.07126585e-02 5.64113295e-04 4.81735533e-05 2.01849303e-05 1.27697575e-05 -3.19370018e-06
2818             1.07321273e-02 5.76193385e-04 4.52056649e-05 1.07119421e-02 5.63422366e-04 4.83984738e-05 2.01852089e-05 1.27710184e-05 -3.19280889e-06
2819             1.07297659e-02 5.75185875e-04 4.54412983e-05 1.07095810e-02 5.62414712e-04 4.86326296e-05 2.01849329e-05 1.27711630e-05 -3.19133125e-06
2820             1.07258209e-02 5.73849358e-04 4.56594262e-05 1.07056374e-02 5.61078751e-04 4.88486859e-05 2.01835351e-05 1.27706074e-05 -3.18925967e-06
2821             1.07211786e-02 5.72313259e-04 4.58421429e-05 1.07009977e-02 5.59543278e-04 4.90288155e-05 2.01809697e-05 1.27699809e-05 -3.18667261e-06
2822             1.07169156e-02 5.70770826e-04 4.59920941e-05 1.06967378e-02 5.58001107e-04 4.91758030e-05 2.01777981e-05 1.27697186e-05 -3.18370892e-06
2823             1.07136626e-02 5.69460949e-04 4.60880241e-05 1.06934877e-02 5.56691100e-04 4.92685428e-05 2.01748546e-05 1.27698488e-05 -3.18051868e-06
2824             1.07116618e-02 5.68533661e-04 4.61357960e-05 1.06914890e-02 5.55763499e-04 4.93130889e-05 2.01727963e-05 1.27701617e-05 -3.17729286e-06
2825             1.07108930e-02 5.68001938e-04 4.61663965e-05 1.06907211e-02 5.55231700e-04 4.93405993e-05 2.01718650e-05 1.27702382e-05 -3.17420273e-06
2826             1.07115640e-02 5.67896790e-04 4.61924368e-05 1.06913920e-02 5.55127207e-04 4.93637910e-05 2.01719962e-05 1.27695829e-05 -3.17135417e-06
2827             1.07135845e-02 5.68191151e-04 4.62060772e-05 1.06934115e-02 5.55423165e-04 4.93749939e-05 2.01730048e-05 1.27679858e-05 -3.16891674e-06
2828             1.07162615e-02 5.68709908e-04 4.62222328e-05 1.06960870e-02 5.55944397e-04 4.93892535e-05 2.01745988e-05 1.27655108e-05 -3.16702066e-06
2829             1.07187528e-02 5.69281123e-04 4.62510130e-05 1.06985765e-02 5.56518791e-04 4.94167065e-05 2.01763674e-05 1.27623320e-05 -3.16569349e-06
2830             1.07209086e-02 5.69866361e-04 4.63013614e-05 1.07007306e-02 5.57107731e-04 4.94662487e-05 2.01779481e-05 1.27586302e-05 -3.16488732e-06
2831             1.07226278e-02 5.70432359e-04 4.63951018e-05 1.07024486e-02 5.57677905e-04 4.95596138e-05 2.01791908e-05 1.27544541e-05 -3.16451191e-06
2832             1.07242888e-02 5.71091355e-04 4.65047729e-05 1.07041087e-02 5.58341590e-04 4.96692394e-05 2.01801486e-05 1.27497648e-05 -3.16446651e-06
2833             1.07262510e-02 5.71936127e-04 4.65903456e-05 1.07060700e-02 5.59191411e-04 4.97550876e-05 2.01809907e-05 1.27447161e-05 -3.16474198e-06
2834             1.07288239e-02 5.73062917e-04 4.65747790e-05 1.07086420e-02 5.60323089e-04 4.97402339e-05 2.01818951e-05 1.27398280e-05 -3.16545491e-06
2835             1.07321098e-02 5.74457514e-04 4.64044024e-05 1.07119269e-02 5.61721473e-04 4.95712379e-05 2.01829610e-05 1.27360406e-05 -3.16683545e-06
2836             1.07357314e-02 5.75915837e-04 4.60998186e-05 1.07155472e-02 5.63181532e-04 4.92689071e-05 2.01841900e-05 1.27343052e-05 -3.16908854e-06
2837             1.07391073e-02 5.77196323e-04 4.57268753e-05 1.07189218e-02 5.64461272e-04 4.88990980e-05 2.01854984e-05 1.27350517e-05 -3.17222271e-06
2838             1.07414301e-02 5.78084000e-04 4.53683742e-05 1.07212434e-02 5.65346006e-04 4.85443986e-05 2.01867429e-05 1.27379934e-05 -3.17602438e-06
2839             1.07424969e-02 5.78596539e-04 4.50598496e-05 1.07223091e-02 5.65854245e-04 4.82399307e-05 2.01877727e-05 1.27422935e-05 -3.18008117e-06
2840             1.07423265e-02 5.78799957e-04 4.48301567e-05 1.07221380e-02 5.66052926e-04 4.80141421e-05 2.01884832e-05 1.27470313e-05 -3.18398543e-06
2841             1.07412634e-02 5.78785332e-04 4.47002551e-05 1.07210746e-02 5.66033915e-04 4.78876575e-05 2.01888235e-05 1.27514164e-05 -3.18740243e-06
2842             1.07393859e-02 5.78597441e-04 4.46605727e-05 1.07191972e-02 5.65842495e-04 4.78506857e-05 2.01887460e-05 1.27549462e-05 -3.19011300e-06
2843             1.07369724e-02 5.78315183e-04 4.46685039e-05 1.07167842e-02 5.65557580e-04 4.78605388e-05 2.01881908e-05 1.27576030e-05 -3.19203497e-06
2844             1.07347648e-02 5.78044231e-04 4.46844229e-05 1.07145776e-02 5.65284401e-04 4.78776822e-05 2.01872302e-05 1.27598297e-05 -3.19325926e-06
2845             1.07332406e-02 5.77834272e-04 4.46860589e-05 1.07130545e-02 5.65072079e-04 4.78800192e-05 2.01861387e-05 1.27621933e-05 -3.19396021e-06
2846             1.07325636e-02 5.77627986e-04 4.47078896e-05 1.07123783e-02 5.64862993e-04 4.79021865e-05 2.01852772e-05 1.27649930e-05 -3.19429681e-06
2847             1.07325203e-02 5.77329654e-04 4.48005315e-05 1.07123354e-02 5.64561715e-04 4.79948288e-05 2.01849026e-05 1.27679387e-05 -3.19429726e-06
2848             1.07325668e-02 5.76869912e-04 4.49737972e-05 1.07123818e-02 5.64099557e-04 4.81676750e-05 2.01850044e-05 1.27703551e-05 -3.19387786e-06
2849             1.07317831e-02 5.76167365e-04 4.51997305e-05 1.07115979e-02 5.63395654e-04 4.83926671e-05 2.01851999e-05 1.27717102e-05 -3.19293666e-06
2850             1.07293383e-02 5.75139015e-04 4.54356814e-05 1.07091535e-02 5.62367051e-04 4.86270960e-05 2.01848236e-05 1.27719638e-05 -3.19141467e-06
2851             1.07253211e-02 5.73777685e-04 4.56554639e-05 1.07051378e-02 5.61006157e-04 4.88447671e-05 2.01833124e-05 1.27715279e-05 -3.18930319e-06
2852             1.07206020e-02 5.72213224e-04 4.58428402e-05 1.07004214e-02 5.59442219e-04 4.90295156e-05 2.01806357e-05 1.27710049e-05 -3.18667547e-06
2853             1.07163089e-02 5.70652474e-04 4.59983323e-05 1.06961315e-02 5.57881675e-04 4.91819991e-05 2.01773742e-05 1.27707991e-05 -3.18366680e-06
2854             1.07131109e-02 5.69344318e-04 4.60980173e-05 1.06929365e-02 5.56573399e-04 4.92784446e-05 2.01743846e-05 1.27709183e-05 -3.18042735e-06
2855             1.07111841e-02 5.68428911e-04 4.61479311e-05 1.06910118e-02 5.55657751e-04 4.93250909e-05 2.01723271e-05 1.27711608e-05 -3.17715979e-06
2856             1.07104950e-02 5.67914803e-04 4.61796451e-05 1.06903236e-02 5.55143688e-04 4.93536804e-05 2.01714232e-05 1.27711154e-05 -3.17403538e-06
2857             1.07112308e-02 5.67826716e-04 4.62058822e-05 1.06910592e-02 5.55056409e-04 4.93770480e-05 2.01715867e-05 1.27703074e-05 -3.17116581e-06
2858             1.07133201e-02 5.68140529e-04 4.62167474e-05 1.06931475e-02 5.55371975e-04 4.93854686e-05 2.01726214e-05 1.27685535e-05 -3.16872122e-06
2859             1.07160584e-02 5.68671877e-04 4.62305015e-05 1.06958842e-02 5.55905935e-04 4.93973342e-05 2.01742381e-05 1.27659419e-05 -3.16683274e-06
2860             1.07186343e-02 5.69256820e-04 4.62570300e-05 1.06984582e-02 5.56494173e-04 4.94225526e-05 2.01760375e-05 1.27626473e-05 -3.16552264e-06
2861             1.07208971e-02 5.69857081e-04 4.63068648e-05 1.07007194e-02 5.57098241e-04 4.94716054e-05 2.01776689e-05 1.27588405e-05 -3.16474059e-06
2862             1.07227122e-02 5.70436177e-04 4.64022858e-05 1.07025332e-02 5.57681627e-04 4.95666777e-05 2.01789826e-05 1.27545506e-05 -3.16439183e-06
2863             1.07244510e-02 5.71110677e-04 4.65120881e-05 1.07042710e-02 5.58360945e-04 4.96764606e-05 2.01800168e-05 1.27497325e-05 -3.16437246e-06
2864             1.07265016e-02 5.71980121e-04 4.65922590e-05 1.07063207e-02 5.59235553e-04 4.97569378e-05 2.01809291e-05 1.27445677e-05 -3.16467877e-06
2865             1.07291693e-02 5.73136943e-04 4.65657983e-05 1.07089874e-02 5.60397323e-04 4.97312361e-05 2.01818969e-05 1.27396206e-05 -3.16543780e-06
2866             1.07325584e-02 5.74559897e-04 4.63829269e-05 1.07123754e-02 5.61824040e-04 4.95498117e-05 2.01830254e-05 1.27358572e-05 -3.16688477e-06
2867             1.07362431e-02 5.76034083e-04 4.60677685e-05 1.07160588e-02 5.63299867e-04 4.92369873e-05 2.01843181e-05 1.27342160e-05 -3.16921889e-06
2868             1.07396373e-02 5.77318550e-04 4.56878185e-05 1.07194516e-02 5.64583457e-04 4.88602539e-05 2.01856858e-05 1.27350927e-05 -3.17243537e-06
2869             1.07420006e-02 5.78222263e-04 4.53199840e-05 1.07218136e-02 5.65484085e-04 4.84962956e-05 2.01869863e-05 1.27381780e-05 -3.17631152e-06
2870             1.07430108e-02 5.78731666e-04 4.50084661e-05 1.07228228e-02 5.65989036e-04 4.81889052e-05 2.01880615e-05 1.27426295e-05 -3.18043910e-06
2871             1.07427450e-02 5.78922150e-04 4.47819737e-05 1.07225562e-02 5.66174657e-04 4.79663639e-05 2.01887874e-05 1.27474933e-05 -3.18439015e-06
2872             1.07415711e-02 5.78889411e-04 4.46603857e-05 1.07213820e-02 5.66137451e-04 4.78482086e-05 2.01891076e-05 1.27519598e-05 -3.18782292e-06
2873             1.07395527e-02 5.78680907e-04 4.46295077e-05 1.07193637e-02 5.65925373e-04 4.78200281e-05 2.01889771e-05 1.27555340e-05 -3.19052037e-06
2874             1.07370300e-02 5.78385217e-04 4.46428397e-05 1.07168417e-02 5.65626986e-04 4.78352502e-05 2.01883441e-05 1.27582311e-05 -3.19241049e-06
2875             1.07347383e-02 5.78103241e-04 4.46626821e-05 1.07145510e-02 5.65342717e-04 4.78562777e-05 2.01872982e-05 1.27605243e-05 -3.19359559e-06
2876             1.07331176e-02 5.77875482e-04 4.46692591e-05 1.07129315e-02 5.65112502e-04 4.78635136e-05 2.01861217e-05 1.27629801e-05 -3.19425443e-06
2877             1.07323831e-02 5.77651277e-04 4.46977143e-05 1.07121979e-02 5.64885404e-04 4.78922555e-05 2.01851811e-05 1.27658732e-05 -3.19454118e-06
2878             1.07322773e-02 5.77337728e-04 4.47955801e-05 1.07120926e-02 5.64568835e-04 4.79900661e-05 2.01847405e-05 1.27688931e-05 -3.19448594e-06
2879             1.07322501e-02 5.76863045e-04 4.49722296e-05 1.07120654e-02 5.64091676e-04 4.81662370e-05 2.01847737e-05 1.27713695e-05 -3.19400741e-06
2880             1.07313783e-02 5.76143965e-04 4.51989383e-05 1.07111934e-02 5.63371179e-04 4.83919472e-05 2.01848854e-05 1.27727867e-05 -3.19300881e-06
2881             1.07288540e-02 5.75094504e-04 4.54353699e-05 1.07086696e-02 5.62321384e-04 4.86268046e-05 2.01844075e-05 1.27731201e-05 -3.19143468e-06
2882             1.07247776e-02 5.73708313e-04 4.56572475e-05 1.07045948e-02 5.60935535e-04 4.88465245e-05 2.01827898e-05 1.27727784e-05 -3.18927697e-06
2883             1.07200005e-02 5.72116761e-04 4.58495823e-05 1.06998205e-02 5.59344426e-04 4.90361864e-05 2.01800178e-05 1.27723355e-05 -3.18660412e-06
2884             1.07156800e-02 5.70537946e-04 4.60107712e-05 1.06955033e-02 5.57765781e-04 4.91943202e-05 2.01766855e-05 1.27721649e-05 -3.18354900e-06
2885             1.07125423e-02 5.69232397e-04 4.61144972e-05 1.06923686e-02 5.56460150e-04 4.92947557e-05 2.01736656e-05 1.27722479e-05 -3.18025855e-06
2886             1.07106980e-02 5.68329981e-04 4.61668510e-05 1.06905264e-02 5.55557590e-04 4.93437979e-05 2.01716219e-05 1.27723910e-05 -3.17694684e-06
2887             1.07100983e-02 5.67835187e-04 4.61990881e-05 1.06899275e-02 5.55062990e-04 4.93728778e-05 2.01707552e-05 1.27721976e-05 -3.17378968e-06
2888             1.07109095e-02 5.67765966e-04 4.62245851e-05 1.06907386e-02 5.54994750e-04 4.93954854e-05 2.01709620e-05 1.27712152e-05 -3.17090034e-06
2889             1.07130698e-02 5.68098313e-04 4.62324164e-05 1.06928977e-02 5.55329025e-04 4.94008681e-05 2.01720324e-05 1.27692884e-05 -3.16845165e-06
2890             1.07158650e-02 5.68638596e-04 4.62443869e-05 1.06956913e-02 5.55872073e-04 4.94109608e-05 2.01736800e-05 1.27665232e-05 -3.16657387e-06
2891             1.07185316e-02 5.69236797e-04 4.62686007e-05 1.06983561e-02 5.56473707e-04 4.94338828e-05 2.01755186e-05 1.27630906e-05 -3.16528208e-06
2892             1.07208856e-02 5.69851515e-04 4.63173680e-05 1.07007084e-02 5.57092361e-04 4.94818940e-05 2.01772112e-05 1.27591537e-05 -3.16452596e-06
2893             1.07228021e-02 5.70444942e-04 4.64139682e-05 1.07026235e-02 5.57690216e-04 4.95781721e-05 2.01785989e-05 1.27547258e-05 -3.16420391e-06
2894             1.07246392e-02 5.71136466e-04 4.65233759e-05 1.07044595e-02 5.58386710e-04 4.96875883e-05 2.01797177e-05 1.27497557e-05 -3.16421242e-06
2895             1.07267733e-02 5.72027582e-04 4.65980946e-05 1.07065926e-02 5.59283127e-04 4.97626480e-05 2.01807114e-05 1.27444543e-05 -3.16455338e-06
2896             1.07295303e-02 5.73211148e-04 4.65604452e-05 1.07093486e-02 5.60471714e-04 4.97258075e-05 2.01817535e-05 1.27394333e-05 -3.16536236e-06
2897             1.07330190e-02 5.74658983e-04 4.63649318e-05 1.07128360e-02 5.61923300e-04 4.95318106e-05 2.01829529e-05 1.27356823e-05 -3.16687883e-06
2898             1.07367565e-02 5.76144917e-04 4.60397278e-05 1.07165722e-02 5.63410795e-04 4.92090237e-05 2.01843172e-05 1.27341229e-05 -3.16929594e-06
2899             1.07401553e-02 5.77429703e-04 4.56535226e-05 1.07199696e-02 5.64694593e-04 4.88261176e-05 2.01857511e-05 1.27351107e-05 -3.17259500e-06
2900             1.07425192e-02 5.78337284e-04 4.52801741e-05 1.07223321e-02 5.65598981e-04 4.84567111e-05 2.01871103e-05 1.27383025e-05 -3.17653700e-06
2901             1.07434811e-02 5.78844909e-04 4.49669904e-05 1.07232929e-02 5.66102053e-04 4.81477098e-05 2.01882334e-05 1.27428553e-05 -3.18071940e-06
2902             1.07431493e-02 5.79029725e-04 4.47431981e-05 1.07229603e-02 5.66281923e-04 4.79279042e-05 2.01889871e-05 1.27478020e-05 -3.18470602e-06
2903             1.07418896e-02 5.78983068e-04 4.46298892e-05 1.07217003e-02 5.66230747e-04 4.78180404e-05 2.01893100e-05 1.27523213e-05 -3.18815116e-06
2904             1.07397394e-02 5.78754027e-04 4.46079472e-05 1.07195503e-02 5.65998109e-04 4.77987835e-05 2.01891506e-05 1.27559172e-05 -3.19083632e-06
2905             1.07371043e-02 5.78441661e-04 4.46273033e-05 1.07169159e-02 5.65683027e-04 4.78200001e-05 2.01884584e-05 1.27586336e-05 -3.19269674e-06
2906             1.07347335e-02 5.78149348e-04 4.46507934e-05 1.07145462e-02 5.65388377e-04 4.78446349e-05 2.01873411e-05 1.27609705e-05 -3.19384156e-06
2907             1.07330282e-02 5.77905020e-04 4.46629198e-05 1.07128421e-02 5.65141522e-04 4.78573781e-05 2.01860946e-05 1.27634981e-05 -3.19445828e-06
2908             1.07322226e-02 5.77663431e-04 4.46979838e-05 1.07120375e-02 5.64896967e-04 4.78926812e-05 2.01850895e-05 1.27664647e-05 -3.19469740e-06
2909             1.07320478e-02 5.77332896e-04 4.48015314e-05 1.07118632e-02 5.64563355e-04 4.79961192e-05 2.01845899e-05 1.27695410e-05 -3.19458782e-06
2910             1.07319474e-02 5.76841692e-04 4.49819760e-05 1.07117629e-02 5.64069641e-04 4.81760255e-05 2.01845645e-05 1.27720513e-05 -3.19404950e-06
2911             1.07309929e-02 5.76107290e-04 4.52092792e-05 1.07108083e-02 5.63333788e-04 4.84022715e-05 2.01846062e-05 1.27735023e-05 -3.19299222e-06
2912             1.07283919e-02 5.75037528e-04 4.54463840e-05 1.07082079e-02 5.62263641e-04 4.86377489e-05 2.01840432e-05 1.27738875e-05 -3.19136490e-06
2913             1.07241801e-02 5.73619704e-04 4.56713775e-05 1.07039978e-02 5.60846075e-04 4.88605455e-05 2.01823224e-05 1.27736289e-05 -3.18916793e-06
2914             1.07193596e-02 5.72005396e-04 4.58677711e-05 1.06991802e-02 5.59232165e-04 4.90542126e-05 2.01794485e-05 1.27732302e-05 -3.18644141e-06
2915             1.07150704e-02 5.70416673e-04 4.60332803e-05 1.06948944e-02 5.57643607e-04 4.92166141e-05 2.01760555e-05 1.27730662e-05 -3.18333382e-06
2916             1.07120167e-02 5.69115607e-04 4.61408615e-05 1.06918437e-02 5.56342504e-04 4.93208582e-05 2.01730349e-05 1.27731029e-05 -3.17999675e-06
2917             1.07102586e-02 5.68226776e-04 4.61952787e-05 1.06900876e-02 5.55453635e-04 4.93719269e-05 2.01710348e-05 1.27731409e-05 -3.17664823e-06
2918             1.07096786e-02 5.67739438e-04 4.62294945e-05 1.06895084e-02 5.54966648e-04 4.94029564e-05 2.01702177e-05 1.27727896e-05 -3.17346193e-06
2919             1.07105658e-02 5.67690458e-04 4.62534353e-05 1.06903954e-02 5.54918837e-04 4.94239878e-05 2.01704575e-05 1.27716216e-05 -3.17055251e-06
2920             1.07128283e-02 5.68047258e-04 4.62568691e-05 1.06926567e-02 5.55277742e-04 4.94249709e-05 2.01715620e-05 1.27695165e-05 -3.16810181e-06
2921             1.07157022e-02 5.68600945e-04 4.62656360e-05 1.06955289e-02 5.55834344e-04 4.94318784e-05 2.01732553e-05 1.27666006e-05 -3.16624234e-06
2922             1.07184492e-02 5.69209418e-04 4.62877016e-05 1.06982740e-02 5.56446383e-04 4.94526804e-05 2.01751519e-05 1.27630353e-05 -3.16497877e-06
2923             1.07208909e-02 5.69834069e-04 4.63362809e-05 1.07007140e-02 5.57075101e-04 4.95005354e-05 2.01769164e-05 1.27589675e-05 -3.16425447e-06
2924             1.07228965e-02 5.70443754e-04 4.64324595e-05 1.07027181e-02 5.57689357e-04 4.95964246e-05 2.01783904e-05 1.27543965e-05 -3.16396512e-06
2925             1.07248201e-02 5.71152017e-04 4.65408469e-05 1.07046405e-02 5.58402741e-04 4.97048532e-05 2.01795943e-05 1.27492759e-05 -3.16400626e-06
2926             1.07270464e-02 5.72065543e-04 4.66096577e-05 1.07068657e-02 5.59321702e-04 4.97740436e-05 2.01806707e-05 1.27438413e-05 -3.16438591e-06
2927             1.07298975e-02 5.73274377e-04 4.65611746e-05 1.07097158e-02 5.60535630e-04 4.97264234e-05 2.01817907e-05 1.27387472e-05 -3.16524881e-06
2928             1.07334751e-02 5.74743849e-04 4.63533936e-05 1.07132920e-02 5.62008842e-04 4.95202314e-05 2.01830660e-05 1.27350066e-05 -3.16683778e-06
2929             1.07372549e-02 5.76239714e-04 4.60180013e-05 1.07170704e-02 5.63506187e-04 4.91873405e-05 2.01845044e-05 1.27335271e-05 -3.16933926e-06
2930             1.07406648e-02 5.77526753e-04 4.56243962e-05 1.07204788e-02 5.64792123e-04 4.87971182e-05 2.01860073e-05 1.27346297e-05 -3.17272197e-06
2931             1.07430375e-02 5.78439904e-04 4.52448039e-05 1.07228501e-02 5.65701964e-04 4.84215372e-05 2.01874312e-05 1.27379395e-05 -3.17673332e-06
2932             1.07439558e-02 5.78946657e-04 4.49294941e-05 1.07237672e-02 5.66204051e-04 4.81104688e-05 2.01886089e-05 1.27426057e-05 -3.18097469e-06
2933             1.07435666e-02 5.79128093e-04 4.47076442e-05 1.07233772e-02 5.66380447e-04 4.78926455e-05 2.01893948e-05 1.27476462e-05 -3.18500136e-06
2934             1.07422217e-02 5.79069599e-04 4.46015317e-05 1.07220320e-02 5.66317369e-04 4.77899956e-05 2.01897213e-05 1.27522294e-05 -3.18846392e-06
2935             1.07399455e-02 5.78822203e-04 4.45874270e-05 1.07197559e-02 5.66066340e-04 4.77785697e-05 2.01895308e-05 1.27558626e-05 -3.19114275e-06
2936             1.07372049e-02 5.78495518e-04 4.46118969e-05 1.07170161e-02 5.65736900e-04 4.78048760e-05 2.01887764e-05 1.27586182e-05 -3.19297910e-06
2937             1.07347591e-02 5.78194142e-04 4.46379139e-05 1.07145716e-02 5.65433116e-04 4.78320072e-05 2.01875846e-05 1.27610258e-05 -3.19409327e-06
2938             1.07329670e-02 5.77932046e-04 4.46550621e-05 1.07127808e-02 5.65168392e-04 4.78497397e-05 2.01862637e-05 1.27636540e-05 -3.19467760e-06
2939             1.07320851e-02 5.77670296e-04 4.46971894e-05 1.07118999e-02 5.64903579e-04 4.78920651e-05 2.01851888e-05 1.27667169e-05 -3.19487569e-06
2940             1.07318375e-02 5.77320523e-04 4.48067753e-05 1.07116529e-02 5.64550661e-04 4.80014890e-05 2.01846234e-05 1.27698620e-05 -3.19471378e-06
2941             1.07316506e-02 5.76814037e-04 4.49903593e-05 1.07114660e-02 5.64041615e-04 4.81844769e-05 2.01845320e-05 1.27724224e-05 -3.19411761e-06
2942             1.07305982e-02 5.76064738e-04 4.52181647e-05 1.07104137e-02 5.63290810e-04 4.84111686e-05 2.01844903e-05 1.27739280e-05 -3.19300386e-06
2943             1.07279151e-02 5.74975817e-04 4.54556213e-05 1.07077313e-02 5.62201431e-04 4.86469464e-05 2.01838257e-05 1.27743863e-05 -3.19132504e-06
2944             1.07236642e-02 5.73539019e-04 4.56818576e-05 1.07034822e-02 5.60764804e-04 4.88709404e-05 2.01820048e-05 1.27742154e-05 -3.18908280e-06
2945             1.07188221e-02 5.71906148e-04 4.58818113e-05 1.06986431e-02 5.59132252e-04 4.90681274e-05 2.01790527e-05 1.27738966e-05 -3.18631612e-06
2946             1.07145181e-02 5.70304903e-04 4.60515091e-05 1.06943425e-02 5.57531129e-04 4.92346805e-05 2.01756108e-05 1.27737737e-05 -3.18317138e-06
2947             1.07115153e-02 5.69006755e-04 4.61629418e-05 1.06913427e-02 5.56232971e-04 4.93427351e-05 2.01725746e-05 1.27737835e-05 -3.17979327e-06
2948             1.07098407e-02 5.68130754e-04 4.62200216e-05 1.06896701e-02 5.55357024e-04 4.93964307e-05 2.01705933e-05 1.27737300e-05 -3.17640905e-06
2949             1.07093353e-02 5.67658911e-04 4.62554606e-05 1.06891655e-02 5.54885673e-04 4.94286569e-05 2.01698134e-05 1.27732380e-05 -3.17319632e-06
2950             1.07102996e-02 5.67628143e-04 4.62784660e-05 1.06901295e-02 5.54856238e-04 4.94487387e-05 2.01700921e-05 1.27719047e-05 -3.17027269e-06
2951             1.07126306e-02 5.68001488e-04 4.62790633e-05 1.06924593e-02 5.55231849e-04 4.94468865e-05 2.01712337e-05 1.27696387e-05 -3.16782322e-06
2952             1.07155534e-02 5.68565091e-04 4.62847504e-05 1.06953804e-02 5.55798510e-04 4.94507295e-05 2.01729605e-05 1.27665818e-05 -3.16597913e-06
2953             1.07183658e-02 5.69183481e-04 4.63046557e-05 1.06981909e-02 5.56420588e-04 4.94693932e-05 2.01748952e-05 1.27628933e-05 -3.16473756e-06
2954             1.07208953e-02 5.69819630e-04 4.63528497e-05 1.07007186e-02 5.57060924e-04 4.95168888e-05 2.01767148e-05 1.27587063e-05 -3.16403915e-06
2955             1.07229996e-02 5.70444150e-04 4.64493756e-05 1.07028214e-02 5.57690144e-04 4.96131525e-05 2.01782644e-05 1.27540058e-05 -3.16377686e-06
2956             1.07250040e-02 5.71168587e-04 4.65567049e-05 1.07048244e-02 5.58419838e-04 4.97205516e-05 2.01795533e-05 1.27487493e-05 -3.16384675e-06
2957             1.07273230e-02 5.72106546e-04 4.66185714e-05 1.07071423e-02 5.59363346e-04 4.97828333e-05 2.01807126e-05 1.27432002e-05 -3.16426185e-06
2958             1.07302716e-02 5.73341906e-04 4.65591139e-05 1.07100897e-02 5.60603855e-04 4.97242898e-05 2.01819072e-05 1.27380503e-05 -3.16517587e-06
2959             1.07339441e-02 5.74833728e-04 4.63398170e-05 1.07137608e-02 5.62099398e-04 4.95066510e-05 2.01832568e-05 1.27343295e-05 -3.16683398e-06
2960             1.07377729e-02 5.76340184e-04 4.59953144e-05 1.07175881e-02 5.63607255e-04 4.91647299e-05 2.01847697e-05 1.27329287e-05 -3.16941546e-06
2961             1.07411857e-02 5.77628004e-04 4.55953760e-05 1.07209994e-02 5.64893867e-04 4.87682526e-05 2.01863404e-05 1.27341371e-05 -3.17287662e-06
2962             1.07435562e-02 5.78543927e-04 4.52105286e-05 1.07233683e-02 5.65806374e-04 4.83874813e-05 2.01878230e-05 1.27375536e-05 -3.17695271e-06
2963             1.07444924e-02 5.79064491e-04 4.48888961e-05 1.07243033e-02 5.66322158e-04 4.80701475e-05 2.01890541e-05 1.27423331e-05 -3.18125137e-06
2964             1.07440464e-02 5.79241315e-04 4.46678689e-05 1.07238565e-02 5.66493827e-04 4.78531973e-05 2.01898785e-05 1.27474883e-05 -3.18532836e-06
2965             1.07425911e-02 5.79164184e-04 4.45690090e-05 1.07224009e-02 5.66412027e-04 4.77578258e-05 2.01902097e-05 1.27521567e-05 -3.18881682e-06
2966             1.07401728e-02 5.78893122e-04 4.45634698e-05 1.07199828e-02 5.66137282e-04 4.77549620e-05 2.01899823e-05 1.27558395e-05 -3.19149227e-06
2967             1.07373221e-02 5.78549417e-04 4.45940674e-05 1.07171330e-02 5.65790780e-04 4.77873715e-05 2.01891612e-05 1.27586369e-05 -3.19330409e-06
2968             1.07348148e-02 5.78241624e-04 4.46226989e-05 1.07146269e-02 5.65480515e-04 4.78170825e-05 2.01878965e-05 1.27611080e-05 -3.19438362e-06
2969             1.07329478e-02 5.77964464e-04 4.46450798e-05 1.07127612e-02 5.65200635e-04 4.78400135e-05 2.01865085e-05 1.27638283e-05 -3.19493367e-06
2970             1.07319892e-02 5.77682950e-04 4.46944677e-05 1.07118038e-02 5.64915972e-04 4.78895577e-05 2.01853703e-05 1.27669781e-05 -3.19509006e-06
2971             1.07316704e-02 5.77316927e-04 4.48091457e-05 1.07114856e-02 5.64546742e-04 4.80040224e-05 2.01847419e-05 1.27701859e-05 -3.19487663e-06
2972             1.07314033e-02 5.76795348e-04 4.49955446e-05 1.07112187e-02 5.64022551e-04 4.81897689e-05 2.01845818e-05 1.27727970e-05 -3.19422423e-06
2973             1.07302581e-02 5.76029031e-04 4.52243785e-05 1.07100736e-02 5.63254671e-04 4.84174337e-05 2.01844567e-05 1.27743592e-05 -3.19305519e-06
2974             1.07275071e-02 5.74921569e-04 4.54623653e-05 1.07073234e-02 5.62146680e-04 4.86536897e-05 2.01836956e-05 1.27748890e-05 -3.19132438e-06
2975             1.07232322e-02 5.73469487e-04 4.56894427e-05 1.07030504e-02 5.60694683e-04 4.88784796e-05 2.01817839e-05 1.27748037e-05 -3.18903693e-06
2976             1.07183701e-02 5.71820269e-04 4.58928498e-05 1.06981913e-02 5.59045706e-04 4.90790812e-05 2.01787615e-05 1.27745632e-05 -3.18623136e-06
2977             1.07141204e-02 5.70215613e-04 4.60665320e-05 1.06939451e-02 5.57441158e-04 4.92495646e-05 2.01752843e-05 1.27744545e-05 -3.18303256e-06
2978             1.07111474e-02 5.68916875e-04 4.61823503e-05 1.06909751e-02 5.56142421e-04 4.93619792e-05 2.01722477e-05 1.27744541e-05 -3.17962892e-06
2979             1.07094619e-02 5.68038370e-04 4.62432609e-05 1.06892916e-02 5.55264056e-04 4.94194766e-05 2.01702732e-05 1.27743149e-05 -3.17621565e-06
2980             1.07089450e-02 5.67568834e-04 4.62803523e-05 1.06887755e-02 5.54795158e-04 4.94533205e-05 2.01694864e-05 1.27736765e-05 -3.17296821e-06
2981             1.07099807e-02 5.67557335e-04 4.63018436e-05 1.06898110e-02 5.54785160e-04 4.94718581e-05 2.01697533e-05 1.27721752e-05 -3.17001445e-06
2982             1.07124315e-02 5.67954918e-04 4.62998439e-05 1.06922606e-02 5.55185164e-04 4.94673973e-05 2.01709065e-05 1.27697539e-05 -3.16755339e-06
2983             1.07154412e-02 5.68534242e-04 4.63020119e-05 1.06952686e-02 5.55767675e-04 4.94677328e-05 2.01726766e-05 1.27665673e-05 -3.16572093e-06
2984             1.07183144e-02 5.69161441e-04 4.63193324e-05 1.06981398e-02 5.56398672e-04 4.94838349e-05 2.01746698e-05 1.27627688e-05 -3.16450242e-06
2985             1.07209149e-02 5.69806968e-04 4.63659443e-05 1.07007384e-02 5.57048493e-04 4.95297749e-05 2.01765518e-05 1.27584745e-05 -3.16383062e-06
2986             1.07231058e-02 5.70444725e-04 4.64616984e-05 1.07029277e-02 5.57691068e-04 4.96252933e-05 2.01781677e-05 1.27536574e-05 -3.16359482e-06
2987             1.07251941e-02 5.71184796e-04 4.65676243e-05 1.07050146e-02 5.58436518e-04 4.97313167e-05 2.01795260e-05 1.27482780e-05 -3.16369243e-06
2988             1.07275885e-02 5.72142137e-04 4.66236915e-05 1.07074078e-02 5.59399513e-04 4.97878334e-05 2.01807517e-05 1.27426241e-05 -3.16414187e-06
2989             1.07306222e-02 5.73401399e-04 4.65531823e-05 1.07104402e-02 5.60663971e-04 4.97182876e-05 2.01820086e-05 1.27374280e-05 -3.16510531e-06
2990             1.07343805e-02 5.74913618e-04 4.63217714e-05 1.07141971e-02 5.62179877e-04 4.94886032e-05 2.01834218e-05 1.27337410e-05 -3.16683186e-06
2991             1.07382559e-02 5.76430167e-04 4.59675159e-05 1.07180709e-02 5.63697731e-04 4.91370090e-05 2.01850007e-05 1.27324361e-05 -3.16949312e-06
2992             1.07416732e-02 5.77721138e-04 4.55602139e-05 1.07214866e-02 5.64987371e-04 4.87332473e-05 2.01866326e-05 1.27337673e-05 -3.17303336e-06
2993             1.07440362e-02 5.78641511e-04 4.51693967e-05 1.07238481e-02 5.65904202e-04 4.83465739e-05 2.01881672e-05 1.27373084e-05 -3.17717727e-06
2994             1.07449529e-02 5.79169218e-04 4.48427063e-05 1.07247635e-02 5.66427006e-04 4.80242396e-05 2.01894381e-05 1.27422113e-05 -3.18153331e-06
2995             1.07444623e-02 5.79345964e-04 4.46216345e-05 1.07242720e-02 5.66598477e-04 4.78072914e-05 2.01902870e-05 1.27474877e-05 -3.18565689e-06
2996             1.07429261e-02 5.79258681e-04 4.45275482e-05 1.07227355e-02 5.66506423e-04 4.77167217e-05 2.01906185e-05 1.27522579e-05 -3.18917345e-06
2997             1.07403910e-02 5.78970679e-04 4.45284518e-05 1.07202007e-02 5.66214658e-04 4.77203069e-05 2.01903589e-05 1.27560210e-05 -3.19185502e-06
2998             1.07374261e-02 5.78609624e-04 4.45647654e-05 1.07172366e-02 5.65850731e-04 4.77584199e-05 2.01894746e-05 1.27588935e-05 -3.19365453e-06
2999             1.07348450e-02 5.78294039e-04 4.45957892e-05 1.07146569e-02 5.65532584e-04 4.77904978e-05 2.01881320e-05 1.27614545e-05 -3.19470860e-06
3000             1.07328920e-02 5.78000754e-04 4.46232679e-05 1.07127054e-02 5.65236465e-04 4.78184992e-05 2.01866648e-05 1.27642887e-05 -3.19523132e-06
