Time (s),PRESSURE_FORCE_X,PRESSURE_FORCE_Y,PRESSURE_FORCE_Z,TOTAL_FORCE_X,TOTAL_FORCE_Y,TOTAL_FORCE_Z,VISCOUS_FORCE_X,VISCOUS_FORCE_Y,VISCOUS_FORCE_Z
"                   1",-7.345294639629e-02,2.441551260761e-01,-7.038549284775e+01,-7.360529141796e-02,2.443204444440e-01,-7.582914524272e+01,-1.523450216755e-04,1.653183678750e-04,-5.443652394969e+00
"                   2",-6.467359149684e-02,2.048982697440e-01,-4.204172241594e+01,-6.479053906510e-02,2.052338525369e-01,-4.700488505984e+01,-1.169475682554e-04,3.355827928986e-04,-4.963162643897e+00
"                   3",5.770824252750e-03,1.548210694821e-02,2.185309110300e+01,5.644470723044e-03,1.582325644918e-02,1.736842756470e+01,-1.263535297058e-04,3.411495009676e-04,-4.484663538292e+00
"                   4",4.608704950405e-02,-5.388490207685e-02,6.975405692556e+01,4.595087712806e-02,-5.382759739796e-02,6.573633742820e+01,-1.361723759972e-04,5.730467888234e-05,-4.017719497352e+00
"                   5",1.506988460955e-02,7.849703920328e-03,3.145542000263e+01,1.502721263048e-02,7.627129017595e-03,2.759606262955e+01,-4.267197906499e-05,-2.225749027331e-04,-3.859357373076e+00
"                   6",-4.022179032273e-02,6.593602178401e-02,-2.347868884463e+01,-3.998488279250e-02,6.616881756563e-02,-2.729109569494e+01,2.369075302373e-04,2.327957816200e-04,-3.812406850307e+00
"                   7",-5.309356376517e-02,4.868500596007e-02,-4.898322760083e+01,-5.314613559417e-02,4.895152778686e-02,-5.260106883842e+01,-5.257182899875e-05,2.665218267965e-04,-3.617841237592e+00
"                   8",-1.317972294487e-02,4.174860022516e-03,-2.633398161071e+01,-1.317690740387e-02,4.441752388870e-03,-2.966646122527e+01,2.815541000802e-06,2.668923663533e-04,-3.332479614557e+00
"                   9",3.195937010116e-02,-7.688696545756e-03,5.228205774771e+00,3.208912620174e-02,-7.475303586885e-03,2.165775549961e+00,1.297561005803e-04,2.133929588712e-04,-3.062430224810e+00
"                  10",4.163640953362e-02,2.375262303448e-02,1.642404268450e+01,4.209775354436e-02,2.388493755167e-02,1.352838029828e+01,4.613440107326e-04,1.323145171869e-04,-2.895662386219e+00
"                  11",1.100113214568e-02,5.943805775385e-02,6.152882926096e+00,1.131038394183e-02,5.926099375468e-02,3.325927505765e+00,3.092517961468e-04,-1.770639991756e-04,-2.826955420331e+00
"                  12",-2.162218346439e-02,5.831087121419e-02,-8.451230863049e+00,-2.156376953389e-02,5.821942066047e-02,-1.123038657758e+01,5.841393049902e-05,-9.145055371798e-05,-2.779155714534e+00
"                  13",-3.040162312868e-02,1.981030936452e-02,-1.368052463163e+01,-3.052719003442e-02,1.992640971600e-02,-1.640371598748e+01,-1.255669057382e-04,1.161003514795e-04,-2.723191355844e+00
"                  14",-1.133166020787e-02,-1.154548445689e-02,-7.380662506233e+00,-1.133891587964e-02,-1.132464718588e-02,-1.002020999325e+01,-7.255671769537e-06,2.208372710087e-04,-2.639547487020e+00
"                  15",1.107893270864e-02,-2.147651610315e-02,1.634159879750e-01,1.085884697509e-02,-2.130548696462e-02,-2.389622948320e+00,-2.200857335556e-04,1.710291385275e-04,-2.553038936295e+00
"                  16",1.991264049229e-02,-8.105323766046e-03,1.985517590274e+00,1.953321478486e-02,-8.047387708441e-03,-5.035987024180e-01,-3.794257074348e-04,5.793605760480e-05,-2.489116292692e+00
"                  17",1.721552035417e-02,9.879065609709e-03,-1.321705139972e+00,1.673322691374e-02,9.881777147638e-03,-3.767443069375e+00,-4.822934404280e-04,2.711537928212e-06,-2.445737929403e+00
"                  18",8.516680259845e-03,1.382274466221e-02,-4.725773459858e+00,8.027273840439e-03,1.387761145412e-02,-7.133992682040e+00,-4.894064194060e-04,5.486679191041e-05,-2.408219222182e+00
"                  19",8.736076849232e-04,2.333795871408e-03,-5.164349711552e+00,4.655115020026e-04,2.431540762084e-03,-7.534280507504e+00,-4.080961829206e-04,9.774489067577e-05,-2.369930795952e+00
"                  20",9.491854217458e-04,-1.377923533860e-02,-3.121107426336e+00,5.467918217693e-04,-1.369992071083e-02,-5.455098494770e+00,-4.023935999765e-04,7.931462776996e-05,-2.333991068433e+00
"                  21",1.260259543596e-02,-2.478835559182e-02,-1.307467014045e+00,1.214783669736e-02,-2.477322299499e-02,-3.612396763925e+00,-4.547587386038e-04,1.513259682964e-05,-2.304929749880e+00
"                  22",2.753571208808e-02,-2.426246351840e-02,-1.274302276273e+00,2.705852392396e-02,-2.430173109747e-02,-3.558419890436e+00,-4.771881641220e-04,-3.926757907517e-05,-2.284117614163e+00
"                  23",3.672278785308e-02,-1.873888296240e-02,-2.445862093934e+00,3.623407080085e-02,-1.880044641272e-02,-4.713363276597e+00,-4.887170522294e-04,-6.156345032166e-05,-2.267501182663e+00
"                  24",3.797192228097e-02,-1.277107015400e-02,-3.356208287435e+00,3.750585101291e-02,-1.280257162056e-02,-5.607105910483e+00,-4.660712680605e-04,-3.150146655611e-05,-2.250897623047e+00
"                  25",3.093806879201e-02,-8.202150095883e-03,-3.272606468345e+00,3.051677825434e-02,-8.183672571265e-03,-5.506134624116e+00,-4.212905376665e-04,1.847752461802e-05,-2.233528155771e+00
"                  26",2.589744124037e-02,-2.522373055939e-03,-2.590861178008e+00,2.551499254044e-02,-2.485979460177e-03,-4.808188035209e+00,-3.824486999342e-04,3.639359576184e-05,-2.217326857201e+00
"                  27",2.452826951463e-02,4.039144246832e-03,-2.133282795055e+00,2.416949147083e-02,4.077153025799e-03,-4.337533860227e+00,-3.587780438030e-04,3.800877896719e-05,-2.204251065172e+00
"                  28",2.691833441122e-02,9.171539629421e-03,-2.250170478943e+00,2.658010790059e-02,9.225752242801e-03,-4.444642009074e+00,-3.382265106343e-04,5.421261337999e-05,-2.194471530131e+00
"                  29",2.924973181393e-02,1.350546940120e-02,-2.660122255865e+00,2.892294365048e-02,1.359220904407e-02,-4.846489734823e+00,-3.267881634552e-04,8.673964287562e-05,-2.186367478958e+00
"                  30",2.641240539305e-02,2.005295288382e-02,-2.908894500201e+00,2.607667117083e-02,2.018707352292e-02,-5.087352654270e+00,-3.357342222169e-04,1.341206391059e-04,-2.178458154069e+00
"                  31",2.128128034832e-02,2.773243314027e-02,-2.839240377626e+00,2.092599459677e-02,2.791923587114e-02,-5.009559171057e+00,-3.552857515513e-04,1.868027308710e-04,-2.170318793431e+00
"                  32",1.862048477255e-02,3.462468631159e-02,-2.634922934499e+00,1.824621853112e-02,3.484119767436e-02,-4.797302343538e+00,-3.742662414304e-04,2.165113627709e-04,-2.162379409039e+00
"                  33",2.003162302816e-02,3.907415727784e-02,-2.540098213046e+00,1.964800329308e-02,3.930163036618e-02,-4.695315978382e+00,-3.836197350795e-04,2.274730883394e-04,-2.155217765335e+00
"                  34",2.334851911439e-02,4.036653367248e-02,-2.620867848747e+00,2.296119367195e-02,4.059939610317e-02,-4.769869074377e+00,-3.873254424404e-04,2.328624306863e-04,-2.149001225630e+00
"                  35",2.747157892969e-02,3.912734355782e-02,-2.760751375212e+00,2.707125369588e-02,3.937469183544e-02,-4.904160185511e+00,-4.003252338112e-04,2.473482776193e-04,-2.143408810298e+00
"                  36",3.088947660547e-02,3.680465267155e-02,-2.827342670144e+00,3.045888977085e-02,3.707583610960e-02,-4.965401950234e+00,-4.305868346210e-04,2.711834380551e-04,-2.138059280090e+00
"                  37",3.385072808157e-02,3.360648612565e-02,-2.798508011463e+00,3.337948561118e-02,3.389834468985e-02,-4.931275588662e+00,-4.712424703933e-04,2.918585642050e-04,-2.132767577198e+00
"                  38",3.615063973626e-02,3.036823032971e-02,-2.746488619029e+00,3.563154320607e-02,3.066441941267e-02,-4.874060492512e+00,-5.190965301911e-04,2.961890829557e-04,-2.127571873483e+00
"                  39",3.676524648642e-02,2.817219502688e-02,-2.742644169108e+00,3.619830949399e-02,2.845788757285e-02,-4.865249199920e+00,-5.669369924337e-04,2.856925459686e-04,-2.122605030812e+00
"                  40",3.690605159494e-02,2.812383320799e-02,-2.793103709005e+00,3.629055293277e-02,2.839333409458e-02,-4.911045829793e+00,-6.154986621691e-04,2.695008865975e-04,-2.117942120789e+00
"                  41",3.639643478402e-02,2.896603439811e-02,-2.854238794599e+00,3.573650053795e-02,2.921692684764e-02,-4.967800195449e+00,-6.599342460772e-04,2.508924495319e-04,-2.113561400850e+00
"                  42",3.421379070033e-02,2.899309843787e-02,-2.885994012312e+00,3.351362869302e-02,2.922225369467e-02,-4.995392936927e+00,-7.001620073166e-04,2.291552568029e-04,-2.109398924615e+00
"                  43",3.260206530774e-02,2.816160362897e-02,-2.886502652243e+00,3.186823471976e-02,2.836738760093e-02,-4.991892983678e+00,-7.338305879833e-04,2.057839719610e-04,-2.105390331435e+00
"                  44",3.214304183427e-02,2.659398122370e-02,-2.881874080344e+00,3.137980474966e-02,2.677528306705e-02,-4.983380848788e+00,-7.632370846161e-04,1.813018433558e-04,-2.101506768444e+00
"                  45",3.300294290682e-02,2.494886018141e-02,-2.894372243699e+00,3.222193632019e-02,2.510335054494e-02,-4.992119605922e+00,-7.810065866247e-04,1.544903635283e-04,-2.097747362224e+00
"                  46",3.456267573529e-02,2.517871290866e-02,-2.924405952961e+00,3.377799005449e-02,2.530797879259e-02,-5.018527624488e+00,-7.846856808009e-04,1.292658839338e-04,-2.094121671527e+00
"                  47",3.575645909450e-02,2.781337817140e-02,-2.958269589281e+00,3.498215354805e-02,2.792745228019e-02,-5.048892142840e+00,-7.743055464539e-04,1.140741087875e-04,-2.090622553560e+00
"                  48",3.608926386897e-02,3.175846798445e-02,-2.984188448813e+00,3.533469353897e-02,3.186957437291e-02,-5.071439549945e+00,-7.545703300016e-04,1.111063884672e-04,-2.087251101132e+00
"                  49",3.517050034054e-02,3.605777186800e-02,-3.002198413253e+00,3.444138104952e-02,3.617791787636e-02,-5.086205222551e+00,-7.291192910182e-04,1.201460083605e-04,-2.084006809298e+00
"                  50",3.411885558148e-02,4.097671284501e-02,-3.019466616967e+00,3.342035959450e-02,4.111898998524e-02,-5.100358657740e+00,-6.984959869777e-04,1.422771402362e-04,-2.080892040773e+00
"                  51",3.492216129428e-02,4.704335186577e-02,-3.041747185570e+00,3.425637790638e-02,4.721975099269e-02,-5.119656980788e+00,-6.657833878913e-04,1.763991269197e-04,-2.077909795218e+00
"                  52",3.792027506108e-02,5.493221669735e-02,-3.068555503509e+00,3.728492448756e-02,5.515219127254e-02,-5.143622371535e+00,-6.353505735259e-04,2.199745751848e-04,-2.075066868026e+00
"                  53",4.177499411668e-02,6.407910729354e-02,-3.095500284278e+00,4.116653168271e-02,6.435075819689e-02,-5.167861543378e+00,-6.084624339648e-04,2.716509033575e-04,-2.072361259100e+00
"                  54",4.487846508431e-02,7.374761367976e-02,-3.119822337655e+00,4.429326504643e-02,7.407623130497e-02,-5.189614974499e+00,-5.852000378772e-04,3.286176252128e-04,-2.069792636844e+00
"                  55",4.636881410238e-02,8.362982503854e-02,-3.142487410003e+00,4.580387981118e-02,8.401776449679e-02,-5.209851563390e+00,-5.649342912018e-04,3.879394582524e-04,-2.067364153387e+00
"                  56",4.710713525623e-02,9.391714214757e-02,-3.166355235983e+00,4.655926489495e-02,9.436123153544e-02,-5.231442765334e+00,-5.478703612780e-04,4.440893878620e-04,-2.065087529350e+00
"                  57",4.849640310761e-02,1.040656790978e-01,-3.193252331926e+00,4.796391439808e-02,1.045603456243e-01,-5.256220479745e+00,-5.324887095248e-04,4.946665264858e-04,-2.062968147818e+00
"                  58",5.042467566750e-02,1.132446910784e-01,-3.223185136020e+00,4.990884758650e-02,1.137823662433e-01,-5.284209596702e+00,-5.158280810038e-04,5.376751648755e-04,-2.061024460682e+00
"                  59",5.257980642870e-02,1.206070720315e-01,-3.255018131885e+00,5.208330632946e-02,1.211774379485e-01,-5.314283246559e+00,-4.965000992323e-04,5.703659169727e-04,-2.059265114674e+00
"                  60",5.400144807589e-02,1.252246803269e-01,-3.287620245295e+00,5.352672824818e-02,1.258163430190e-01,-5.345323819853e+00,-4.747198277093e-04,5.916626921195e-04,-2.057703574558e+00
"                  61",5.405304131034e-02,1.266594176745e-01,-3.320900187121e+00,5.360314136062e-02,1.272602356552e-01,-5.377243394386e+00,-4.498999497148e-04,6.008179807033e-04,-2.056343207265e+00
"                  62",5.388840226442e-02,1.257473039554e-01,-3.355619636689e+00,5.346740234508e-02,1.263429502378e-01,-5.410812237734e+00,-4.209999193370e-04,5.956462823123e-04,-2.055192601044e+00
"                  63",5.441409680350e-02,1.229627143876e-01,-3.391988518668e+00,5.402922638908e-02,1.235398403977e-01,-5.446246793010e+00,-3.848704144221e-04,5.771260101058e-04,-2.054258274342e+00
"                  64",5.582358368781e-02,1.186972260085e-01,-3.429588525720e+00,5.548406561920e-02,1.192449881484e-01,-5.483133750942e+00,-3.395180686105e-04,5.477621398952e-04,-2.053545225222e+00
"                  65",5.749369386893e-02,1.133619407275e-01,-3.468164212032e+00,5.720813603734e-02,1.138723624285e-01,-5.521220381030e+00,-2.855578315918e-04,5.104217009930e-04,-2.053056168998e+00
"                  66",5.880101588173e-02,1.074230023443e-01,-3.507834026885e+00,5.857798426483e-02,1.078911714069e-01,-5.560633599006e+00,-2.230316168940e-04,4.681690625533e-04,-2.052799572121e+00
"                  67",5.967955648742e-02,1.015202187045e-01,-3.548513030170e+00,5.952795181330e-02,1.019451340991e-01,-5.601292204283e+00,-1.516046741199e-04,4.249153946112e-04,-2.052779174113e+00
"                  68",6.010470006100e-02,9.642323919016e-02,-3.589555885518e+00,6.003626409062e-02,9.680749021805e-02,-5.642552959771e+00,-6.843597038469e-05,3.842510278881e-04,-2.052997074254e+00
"                  69",6.035799867288e-02,9.312100384025e-02,-3.630752367791e+00,6.038076587195e-02,9.347066795678e-02,-5.684197464967e+00,2.276719906909e-05,3.496641165238e-04,-2.053445097176e+00
"                  70",6.076326701566e-02,9.202240491484e-02,-3.672847667491e+00,6.088012578808e-02,9.234880603730e-02,-5.726976367367e+00,1.168587724243e-04,3.264011224586e-04,-2.054128699875e+00
"                  71",6.162527645921e-02,9.291216574840e-02,-3.716055095858e+00,6.183548049058e-02,9.322851939736e-02,-5.771105774886e+00,2.102040313703e-04,3.163536489576e-04,-2.055050679027e+00
"                  72",6.269075809792e-02,9.568781156264e-02,-3.760305291317e+00,6.299119811505e-02,9.600685821893e-02,-5.816522327193e+00,3.004400171302e-04,3.190466562844e-04,-2.056217035876e+00
"                  73",6.365330314378e-02,1.000097129551e-01,-3.805676889867e+00,6.403695338158e-02,1.003421597394e-01,-5.863300729507e+00,3.836502377969e-04,3.324467842820e-04,-2.057623839640e+00
"                  74",6.422247970818e-02,1.054736127166e-01,-3.852181200462e+00,6.468074389623e-02,1.058269511649e-01,-5.911457118861e+00,4.582641880491e-04,3.533384482783e-04,-2.059275918399e+00
"                  75",6.421742251348e-02,1.120099255040e-01,-3.899435697275e+00,6.474041606759e-02,1.123892142980e-01,-5.960607914604e+00,5.229935541063e-04,3.792887940728e-04,-2.061172217329e+00
"                  76",6.388260043121e-02,1.193032703962e-01,-3.947204828934e+00,6.445923338962e-02,1.197109908041e-01,-6.010524464786e+00,5.766329584081e-04,4.077204078771e-04,-2.063319635851e+00
"                  77",6.336774175179e-02,1.264498172368e-01,-3.995539475580e+00,6.398585831394e-02,1.268856559096e-01,-6.061257451511e+00,6.181165621490e-04,4.358386728170e-04,-2.065717975931e+00
"                  78",6.264189249612e-02,1.322440774816e-01,-4.044577339107e+00,6.329013954815e-02,1.327050387582e-01,-6.112949399467e+00,6.482470520350e-04,4.609612766113e-04,-2.068372060360e+00
"                  79",6.184629105331e-02,1.360217387554e-01,-4.094358330617e+00,6.251519276997e-02,1.365024617481e-01,-6.165634938949e+00,6.689017166531e-04,4.807229926492e-04,-2.071276608332e+00
"                  80",6.085651553462e-02,1.381371449889e-01,-4.145034083873e+00,6.153857059827e-02,1.386301144512e-01,-6.219469204997e+00,6.820550636430e-04,4.929694622726e-04,-2.074435121125e+00
"                  81",5.892746034965e-02,1.390618802804e-01,-4.195531462978e+00,5.961811531419e-02,1.395607883130e-01,-6.273377976754e+00,6.906549645424e-04,4.989080326215e-04,-2.077846513776e+00
"                  82",5.670565671602e-02,1.387070124322e-01,-4.246011254427e+00,5.740243483559e-02,1.392020857816e-01,-6.327527839082e+00,6.967781195730e-04,4.950733494047e-04,-2.081516584655e+00
"                  83",5.478672956144e-02,1.366020606793e-01,-4.298866960964e+00,5.548633794753e-02,1.370831611525e-01,-6.384314028642e+00,6.996083860887e-04,4.811004732556e-04,-2.085447067678e+00
"                  84",5.268696589525e-02,1.331512255493e-01,-4.354334464340e+00,5.338838916257e-02,1.336099190255e-01,-6.443980953326e+00,7.014232673214e-04,4.586934761851e-04,-2.089646488986e+00
"                  85",4.955210641396e-02,1.290985328639e-01,-4.410676756738e+00,5.025486644715e-02,1.295277783590e-01,-6.504793485130e+00,7.027600331919e-04,4.292454951053e-04,-2.094116728393e+00
"                  86",4.550960700522e-02,1.250837116959e-01,-4.466476859205e+00,4.621628982769e-02,1.254811665838e-01,-6.565336670679e+00,7.066828224700e-04,3.974548878934e-04,-2.098859811474e+00
"                  87",4.145516370693e-02,1.215445846017e-01,-4.521827609055e+00,4.217112167388e-02,1.219108539092e-01,-6.625697910452e+00,7.159579669567e-04,3.662693075161e-04,-2.103870301397e+00
"                  88",3.798545696964e-02,1.187241834171e-01,-4.577762122574e+00,3.871794339436e-02,1.190635678752e-01,-6.686907147173e+00,7.324864247281e-04,3.393844581129e-04,-2.109145024599e+00
"                  89",3.505429490508e-02,1.171153763747e-01,-4.635040289693e+00,3.580855296095e-02,1.174352013598e-01,-6.749715835486e+00,7.542580558687e-04,3.198249851029e-04,-2.114675545793e+00
"                  90",3.194899407367e-02,1.173395283330e-01,-4.693592188478e+00,3.272890230838e-02,1.176486907690e-01,-6.814055998288e+00,7.799082347049e-04,3.091624360506e-04,-2.120463809810e+00
"                  91",2.799386842912e-02,1.196725836074e-01,-4.752818291155e+00,2.879939317101e-02,1.199823594858e-01,-6.879329898870e+00,8.055247418921e-04,3.097758784370e-04,-2.126511607715e+00
"                  92",2.299371076822e-02,1.241294721328e-01,-4.812286485045e+00,2.382371492087e-02,1.244532724754e-01,-6.945111534201e+00,8.300041526540e-04,3.238003425569e-04,-2.132825049156e+00
"                  93",1.705109071969e-02,1.306769362019e-01,-4.872041991630e+00,1.790394187312e-02,1.310260082534e-01,-7.011449663619e+00,8.528511534255e-04,3.490720515283e-04,-2.139407671988e+00
"                  94",1.025387685524e-02,1.388076131643e-01,-4.932331250012e+00,1.112901401640e-02,1.391899412737e-01,-7.078592829589e+00,8.751371611501e-04,3.823281094301e-04,-2.146261579577e+00
"                  95",2.829955409538e-03,1.474184720481e-01,-4.993318515171e+00,3.727287014102e-03,1.478399572013e-01,-7.146704438216e+00,8.973316045640e-04,4.214851531488e-04,-2.153385923046e+00
"                  96",-4.783487219981e-03,1.553959114862e-01,-5.055043795856e+00,-3.864702256514e-03,1.558608826349e-01,-7.215822725591e+00,9.187849634677e-04,4.649711487803e-04,-2.160778929735e+00
"                  97",-1.222245346634e-02,1.622380961985e-01,-5.117706714288e+00,-1.128354732527e-02,1.627481592804e-01,-7.286147902209e+00,9.389061410683e-04,5.100630818749e-04,-2.168441187921e+00
"                  98",-1.901331937631e-02,1.675029096788e-01,-5.181613479259e+00,-1.805511856289e-02,1.680556445368e-01,-7.357990823288e+00,9.582008134218e-04,5.527348579740e-04,-2.176377344029e+00
"                  99",-2.479691055794e-02,1.710936764769e-01,-5.246859056248e+00,-2.381773319193e-02,1.716831573017e-01,-7.431447766123e+00,9.791773660123e-04,5.894808248351e-04,-2.184588709875e+00
"                 100",-2.955198078371e-02,1.729681560192e-01,-5.313434010264e+00,-2.854630956651e-02,1.735864577953e-01,-7.506517554531e+00,1.005671217201e-03,6.183017761106e-04,-2.193083544267e+00
"                 101",-3.315502932082e-02,1.734285014983e-01,-5.381201668876e+00,-3.211834999300e-02,1.740688157180e-01,-7.583067438950e+00,1.036679327819e-03,6.403142197668e-04,-2.201865770074e+00
"                 102",-3.559453760340e-02,1.727277057875e-01,-5.449986995911e+00,-3.452108096190e-02,1.733844817944e-01,-7.660927434293e+00,1.073456641500e-03,6.567760068719e-04,-2.210940438382e+00
"                 103",-3.693712494925e-02,1.710974603248e-01,-5.519848451896e+00,-3.582226672810e-02,1.717667138133e-01,-7.740160785570e+00,1.114858221150e-03,6.692534885054e-04,-2.220312333674e+00
"                 104",-3.704801204066e-02,1.691508481325e-01,-5.590882388850e+00,-3.589025962000e-02,1.698308052307e-01,-7.820868662000e+00,1.157752420657e-03,6.799570981395e-04,-2.229986273151e+00
"                 105",-3.565330335005e-02,1.674341990751e-01,-5.663205261670e+00,-3.445391965964e-02,1.681265215310e-01,-7.903166667451e+00,1.199383690403e-03,6.923224558790e-04,-2.239961405781e+00
"                 106",-3.290251088032e-02,1.664246233272e-01,-5.736823219419e+00,-3.166519794970e-02,1.671320596769e-01,-7.987062245986e+00,1.237312930615e-03,7.074363496292e-04,-2.250239026568e+00
"                 107",-2.905495156091e-02,1.666393909714e-01,-5.811730258759e+00,-2.778543366270e-02,1.673636929444e-01,-8.072545826137e+00,1.269517898207e-03,7.243019730731e-04,-2.260815567378e+00
"                 108",-2.450655034045e-02,1.681149781829e-01,-5.887812270123e+00,-2.321086294616e-02,1.688556100111e-01,-8.159507523189e+00,1.295687394290e-03,7.406318282507e-04,-2.271695253066e+00
"                 109",-1.963353924242e-02,1.707508189310e-01,-5.964946111159e+00,-1.831661114497e-02,1.715083895165e-01,-8.247823425496e+00,1.316928097454e-03,7.575705854510e-04,-2.282877314338e+00
"                 110",-1.468925984011e-02,1.744831074734e-01,-6.043210506039e+00,-1.335371958698e-02,1.752578545721e-01,-8.337577635805e+00,1.335540253134e-03,7.747470986171e-04,-2.294367129766e+00
"                 111",-9.721608052985e-03,1.790440844263e-01,-6.122868615584e+00,-8.369068227117e-03,1.798359121701e-01,-8.429037833928e+00,1.352539825868e-03,7.918277438639e-04,-2.306169218344e+00
"                 112",-4.807416912911e-03,1.842878008270e-01,-6.204013614203e+00,-3.438799049267e-03,1.850965461738e-01,-8.522301930814e+00,1.368617863644e-03,8.087453467222e-04,-2.318288316610e+00
"                 113",-2.998138305088e-04,1.898759617291e-01,-6.286564066536e+00,1.085487092205e-03,1.907029807477e-01,-8.617291150148e+00,1.385300922714e-03,8.270190186675e-04,-2.330727083612e+00
"                 114",3.708142296432e-03,1.949784770825e-01,-6.370486808731e+00,5.111376287022e-03,1.958236069994e-01,-8.713977160108e+00,1.403233990590e-03,8.451299168351e-04,-2.343490351378e+00
"                 115",6.934147387938e-03,1.989398546093e-01,-6.455680792507e+00,8.358890240928e-03,1.998012162436e-01,-8.812262309876e+00,1.424742852991e-03,8.613616343045e-04,-2.356581517369e+00
"                 116",9.598944004892e-03,2.018643780175e-01,-6.542240776430e+00,1.104573811949e-02,2.027402314605e-01,-8.912245894906e+00,1.446794114598e-03,8.758534429566e-04,-2.370005118476e+00
"                 117",1.148179868369e-02,2.038323269884e-01,-6.630317222123e+00,1.295340304023e-02,2.047199641979e-01,-9.014083643284e+00,1.471604356544e-03,8.876372094502e-04,-2.383766421161e+00
"                 118",1.221577732770e-02,2.048446538935e-01,-6.719695996775e+00,1.371640944155e-02,2.057404340766e-01,-9.117569432969e+00,1.500632113857e-03,8.957801830505e-04,-2.397873436194e+00
"                 119",1.164514012413e-02,2.047945120560e-01,-6.810378980709e+00,1.317732472004e-02,2.056945767559e-01,-9.222705908580e+00,1.532184595905e-03,9.000646998588e-04,-2.412326927872e+00
"                 120",1.003908421609e-02,2.039666707650e-01,-6.902747069606e+00,1.160390062017e-02,2.048688930066e-01,-9.329879524907e+00,1.564816404076e-03,9.022222416378e-04,-2.427132455301e+00
"                 121",7.537931287914e-03,2.026427042117e-01,-6.996805108013e+00,9.137040800843e-03,2.035449337809e-01,-9.439099771419e+00,1.599109512929e-03,9.022295691538e-04,-2.442294663406e+00
"                 122",3.914049887157e-03,2.012955199332e-01,-7.091734331576e+00,5.548766750172e-03,2.021955987372e-01,-9.549553448301e+00,1.634716863014e-03,9.000788039775e-04,-2.457819116726e+00
"                 123",-4.743192970977e-04,2.004819366658e-01,-7.186994279399e+00,1.197851872188e-03,2.013787858829e-01,-9.660704552155e+00,1.672171169286e-03,8.968492170698e-04,-2.473710272756e+00
"                 124",-4.843510546266e-03,1.998149506729e-01,-7.282567690239e+00,-3.135347090957e-03,2.007090650336e-01,-9.772533729973e+00,1.708163455309e-03,8.941143606796e-04,-2.489966039735e+00
"                 125",-9.564937839741e-03,1.988922397437e-01,-7.379123353217e+00,-7.824083244199e-03,1.997842360004e-01,-9.885709029457e+00,1.740854595542e-03,8.919962567244e-04,-2.506585676240e+00
"                 126",-1.525898196644e-02,1.979369434392e-01,-7.476966155221e+00,-1.348920248728e-02,1.988249191344e-01,-1.000053561282e+01,1.769779479161e-03,8.879756951765e-04,-2.523569457595e+00
"                 127",-2.229706799858e-02,1.976104923081e-01,-7.575622015168e+00,-2.050196670381e-02,1.984922379112e-01,-1.011653547048e+01,1.795101294770e-03,8.817456031032e-04,-2.540913455307e+00
"                 128",-3.039852673248e-02,1.978693841933e-01,-7.674518341648e+00,-2.858479879602e-02,1.987423459332e-01,-1.023312938348e+01,1.813727936462e-03,8.729617399620e-04,-2.558611041836e+00
"                 129",-3.879292614346e-02,1.987096139235e-01,-7.773329147148e+00,-3.696519270020e-02,1.995739645938e-01,-1.034998439724e+01,1.827733443253e-03,8.643506702774e-04,-2.576655250094e+00
"                 130",-4.652438919237e-02,2.002717482731e-01,-7.872219664874e+00,-4.468626056441e-02,2.011276954104e-01,-1.046726037400e+01,1.838128627963e-03,8.559471372656e-04,-2.595040709125e+00
"                 131",-5.365830974989e-02,2.024768598735e-01,-7.971505409776e+00,-5.181281162729e-02,2.033273398289e-01,-1.058526759034e+01,1.845498122606e-03,8.504799554441e-04,-2.613762180564e+00
"                 132",-6.049585137202e-02,2.047367880187e-01,-8.071638033016e+00,-5.864401474763e-02,2.055857169156e-01,-1.070445797698e+01,1.851836624397e-03,8.489288968672e-04,-2.632819943960e+00
"                 133",-6.697450975128e-02,2.065222675886e-01,-8.173029323507e+00,-6.511490037985e-02,2.073736218717e-01,-1.082525026944e+01,1.859609371423e-03,8.513542830413e-04,-2.652220945934e+00
"                 134",-7.230194091517e-02,2.083919500097e-01,-8.275955582291e+00,-7.042985829215e-02,2.092482547003e-01,-1.094792901775e+01,1.872082623013e-03,8.563046905315e-04,-2.671973435459e+00
"                 135",-7.585420549668e-02,2.111455761585e-01,-8.380588248348e+00,-7.396594442016e-02,2.120091609714e-01,-1.107268040340e+01,1.888261076519e-03,8.635848128948e-04,-2.692092155053e+00
"                 136",-7.746041374560e-02,2.146550624272e-01,-8.487000827813e+00,-7.555683611661e-02,2.155308204535e-01,-1.119959361092e+01,1.903577628987e-03,8.757580262280e-04,-2.712592783103e+00
"                 137",-7.679288144203e-02,2.180359993658e-01,-8.595012828536e+00,-7.487644927426e-02,2.189282260066e-01,-1.132850127514e+01,1.916432167769e-03,8.922266407775e-04,-2.733488446604e+00
"                 138",-7.421945733239e-02,2.200737534129e-01,-8.704103334812e+00,-7.229222762377e-02,2.209816480089e-01,-1.145889059383e+01,1.927229708621e-03,9.078945960121e-04,-2.754787259015e+00
"                 139",-6.985510379639e-02,2.213394936844e-01,-8.814127761602e+00,-6.791911600140e-02,2.222592431325e-01,-1.159062099052e+01,1.935987794982e-03,9.197494481088e-04,-2.776493228921e+00
"                 140",-6.394914097950e-02,2.230548788957e-01,-8.925209982292e+00,-6.200429012004e-02,2.239855108702e-01,-1.172382195192e+01,1.944850859467e-03,9.306319745765e-04,-2.798611969631e+00
"                 141",-5.613593235057e-02,2.253883787793e-01,-9.037444996983e+00,-5.418594865325e-02,2.263326883949e-01,-1.185859201956e+01,1.949983697319e-03,9.443096155474e-04,-2.821147022581e+00
"                 142",-4.596615833435e-02,2.276996500489e-01,-9.150771495460e+00,-4.401377200302e-02,2.286599060131e-01,-1.199487194622e+01,1.952386331336e-03,9.602559641653e-04,-2.844100450758e+00
"                 143",-3.320946906047e-02,2.297707595144e-01,-9.264865503736e+00,-3.125456855776e-02,2.307468705327e-01,-1.213233598715e+01,1.954900502711e-03,9.761110183452e-04,-2.867470483415e+00
"                 144",-1.806527344695e-02,2.315978940737e-01,-9.379702744556e+00,-1.610743378787e-02,2.325880910168e-01,-1.227095425541e+01,1.957839659078e-03,9.901969431004e-04,-2.891251510857e+00
"                 145",-1.624823552788e-03,2.331935969848e-01,-9.495320467256e+00,3.312732913535e-04,2.341936373535e-01,-1.241076241934e+01,1.956096844142e-03,1.000040368684e-03,-2.915441952086e+00
"                 146",1.552074996329e-02,2.342902573147e-01,-9.612805273418e+00,1.747187509684e-02,2.352901676973e-01,-1.255284347118e+01,1.951125133550e-03,9.999103826191e-04,-2.940038197761e+00
"                 147",3.168406664787e-02,2.340752246404e-01,-9.730139841139e+00,3.362892308167e-02,2.350684765300e-01,-1.269518278534e+01,1.944856433805e-03,9.932518896333e-04,-2.965042944206e+00
"                 148",4.641162423536e-02,2.336251739070e-01,-9.847701419512e+00,4.835126219746e-02,2.346074589357e-01,-1.283816016194e+01,1.939637962096e-03,9.822850286548e-04,-2.990458742431e+00
"                 149",5.971596277277e-02,2.332056659936e-01,-9.966000920239e+00,6.164904506639e-02,2.341749424371e-01,-1.298229340576e+01,1.933082293623e-03,9.692764435424e-04,-3.016292485521e+00
"                 150",7.139858331101e-02,2.331236064615e-01,-1.008537446319e+01,7.332484271830e-02,2.340810557884e-01,-1.312792851257e+01,1.926259407287e-03,9.574493269419e-04,-3.042554049381e+00
"                 151",8.091550243830e-02,2.337188538864e-01,-1.020736516125e+01,8.283560717421e-02,2.346627657300e-01,-1.327661733462e+01,1.920104735912e-03,9.439118435395e-04,-3.069252173377e+00
"                 152",8.625255732017e-02,2.341772872782e-01,-1.033029788725e+01,8.816870067971e-02,2.351066585666e-01,-1.342670317267e+01,1.916143359541e-03,9.293712884519e-04,-3.096405285422e+00
"                 153",8.758206846721e-02,2.335902833772e-01,-1.045474224901e+01,8.949750833674e-02,2.345059982718e-01,-1.357876077516e+01,1.915439869523e-03,9.157148946056e-04,-3.124018526156e+00
"                 154",8.600797482916e-02,2.324525457589e-01,-1.058077489380e+01,8.792537545322e-02,2.333548877379e-01,-1.373287957301e+01,1.917400624065e-03,9.023419789352e-04,-3.152104679203e+00
"                 155",8.249486293755e-02,2.319631643275e-01,-1.070825035062e+01,8.441108584472e-02,2.328467900878e-01,-1.388892650623e+01,1.916222907172e-03,8.836257603477e-04,-3.180676155605e+00
"                 156",7.772956920485e-02,2.327216323200e-01,-1.083709149609e+01,7.964102408336e-02,2.335803714524e-01,-1.404683309418e+01,1.911454878511e-03,8.587391323714e-04,-3.209741598091e+00
"                 157",7.069319288465e-02,2.346109724592e-01,-1.096736351853e+01,7.260096727286e-02,2.354387015476e-01,-1.420667448210e+01,1.907774388217e-03,8.277290884328e-04,-3.239310963576e+00
"                 158",6.071945443705e-02,2.370355242221e-01,-1.110124775611e+01,6.262743862272e-02,2.378277677056e-01,-1.437063562991e+01,1.907984185668e-03,7.922434835085e-04,-3.269387873798e+00
"                 159",4.772195607447e-02,2.400942119346e-01,-1.123417744271e+01,4.963502941388e-02,2.408446024826e-01,-1.453415982786e+01,1.913073339410e-03,7.503905480042e-04,-3.299982385152e+00
"                 160",3.372977832433e-02,2.434463810439e-01,-1.136927463584e+01,3.565297076921e-02,2.441551663913e-01,-1.470037260682e+01,1.923192444880e-03,7.087853473710e-04,-3.331097970985e+00
"                 161",1.935110038750e-02,2.469422280995e-01,-1.150552608602e+01,2.128784610553e-02,2.476112900266e-01,-1.486825722791e+01,1.936745718034e-03,6.690619271353e-04,-3.362731141891e+00
"                 162",3.148033539787e-03,2.507553265390e-01,-1.164173274712e+01,5.101355495970e-03,2.513873202022e-01,-1.503660189052e+01,1.953321956183e-03,6.319936632527e-04,-3.394869143392e+00
"                 163",-1.548434943808e-02,2.559076472555e-01,-1.177815512462e+01,-1.351262041749e-02,2.565098679038e-01,-1.520565925778e+01,1.971729020590e-03,6.022206482955e-04,-3.427504133160e+00
"                 164",-3.592383363642e-02,2.641541580639e-01,-1.191565181351e+01,-3.392822406903e-02,2.647436344655e-01,-1.537627625710e+01,1.995609567384e-03,5.894764015446e-04,-3.460624443589e+00
"                 165",-5.589000263785e-02,2.753061788370e-01,-1.205450290178e+01,-5.386761162009e-02,2.759018178397e-01,-1.554872636491e+01,2.022391017766e-03,5.956390026331e-04,-3.494223463121e+00
"                 166",-7.347721814776e-02,2.873761057939e-01,-1.219431566108e+01,-7.142431431363e-02,2.879950228319e-01,-1.572261099146e+01,2.052903834127e-03,6.189170380238e-04,-3.528295330384e+00
"                 167",-8.749854979988e-02,2.988057277444e-01,-1.233724258948e+01,-8.540921391061e-02,2.994662754923e-01,-1.590007852919e+01,2.089335889269e-03,6.605477479017e-04,-3.562835939713e+00
"                 168",-1.010760330439e-01,3.104933135345e-01,-1.247910908663e+01,-9.893956190702e-02,3.112054892514e-01,-1.607695636052e+01,2.136471136922e-03,7.121757169158e-04,-3.597847273884e+00
"                 169",-1.130585689161e-01,3.222709909890e-01,-1.262346471279e+01,-1.108683795931e-01,3.230427974342e-01,-1.625680535818e+01,2.190189323050e-03,7.718064451424e-04,-3.633340645391e+00
"                 170",-1.222874110376e-01,3.335878391324e-01,-1.276826421671e+01,-1.200404981133e-01,3.344260842159e-01,-1.643760557732e+01,2.246912924304e-03,8.382450834851e-04,-3.669341360615e+00
"                 171",-1.273868534850e-01,3.451695554820e-01,-1.291759309434e+01,-1.250853361960e-01,3.460749619459e-01,-1.662347296509e+01,2.301517289028e-03,9.054064639234e-04,-3.705879870744e+00
"                 172",-1.287096120294e-01,3.572735923442e-01,-1.306779082663e+01,-1.263604604596e-01,3.582399457427e-01,-1.681077220772e+01,2.349151569740e-03,9.663533984889e-04,-3.742981381085e+00
"                 173",-1.283337073329e-01,3.691297164666e-01,-1.322143903089e+01,-1.259547729164e-01,3.701460449199e-01,-1.700210120269e+01,2.378934416509e-03,1.016328453358e-03,-3.780662171809e+00
"                 174",-1.253863992457e-01,3.780223255945e-01,-1.337454641854e+01,-1.229955211924e-01,3.790745661084e-01,-1.719347945199e+01,2.390878053275e-03,1.052240513871e-03,-3.818933033452e+00
"                 175",-1.182047451326e-01,3.829587761394e-01,-1.353059329702e+01,-1.158117795534e-01,3.840322046360e-01,-1.738838815036e+01,2.392965579198e-03,1.073428496606e-03,-3.857794853339e+00
"                 176",-1.060170092694e-01,3.863481131503e-01,-1.368800990373e+01,-1.036248544489e-01,3.874291894950e-01,-1.758526880548e+01,2.392154820522e-03,1.081076344660e-03,-3.897258901748e+00
"                 177",-9.025920356629e-02,3.909199714058e-01,-1.384605495400e+01,-8.787308447898e-02,3.919959746385e-01,-1.778339023844e+01,2.386119087314e-03,1.076003232673e-03,-3.937335284442e+00
"                 178",-7.197799160301e-02,3.950768520093e-01,-1.400540706348e+01,-6.960701781820e-02,3.961363647929e-01,-1.798343326780e+01,2.370973784803e-03,1.059512783552e-03,-3.978026204323e+00
"                 179",-4.927007350130e-02,3.982407272978e-01,-1.416643566861e+01,-4.692486174217e-02,3.992739094451e-01,-1.818576762412e+01,2.345211759132e-03,1.033182147253e-03,-4.019331955516e+00
"                 180",-2.015547902539e-02,4.007383529495e-01,-1.432915407052e+01,-1.784776185101e-02,4.017371891153e-01,-1.839040421360e+01,2.307717174384e-03,9.988361657240e-04,-4.061250143071e+00
"                 181",1.541745983914e-02,4.037037150413e-01,-1.449309703453e+01,1.767843914738e-02,4.046652639162e-01,-1.859688551072e+01,2.260979308238e-03,9.615488749418e-04,-4.103788476198e+00
"                 182",5.394426604602e-02,4.075235917644e-01,-1.465831148356e+01,5.615418748165e-02,4.084456334052e-01,-1.880526218550e+01,2.209921435629e-03,9.220416408249e-04,-4.146950701939e+00
"                 183",8.967870583629e-02,4.117059278606e-01,-1.482469312395e+01,9.183831022535e-02,4.125940843106e-01,-1.901541880619e+01,2.159604389058e-03,8.881564500634e-04,-4.190725682240e+00
"                 184",1.195654034147e-01,4.155867911841e-01,-1.499176894086e+01,1.216735037835e-01,4.164502923731e-01,-1.922687011310e+01,2.108100368879e-03,8.635011889821e-04,-4.235101172247e+00
"                 185",1.442105320097e-01,4.200941417726e-01,-1.515934706067e+01,1.462622687180e-01,4.209410277357e-01,-1.943942821571e+01,2.051736708296e-03,8.468859630846e-04,-4.280081155039e+00
"                 186",1.647204067144e-01,4.254610697722e-01,-1.532820815045e+01,1.667084538908e-01,4.262962180174e-01,-1.965388801672e+01,1.988047176446e-03,8.351482451814e-04,-4.325679866274e+00
"                 187",1.795058337725e-01,4.301079366317e-01,-1.549834484142e+01,1.814174416813e-01,4.309336353593e-01,-1.987026831187e+01,1.911607908771e-03,8.256987275451e-04,-4.371923470446e+00
"                 188",1.864477695387e-01,4.332693808310e-01,-1.567218794886e+01,1.882701087332e-01,4.340923402301e-01,-2.009103374599e+01,1.822339194498e-03,8.229593990455e-04,-4.418845797133e+00
"                 189",1.843880953833e-01,4.349298700983e-01,-1.584423233620e+01,1.861155152180e-01,4.357583160167e-01,-2.031071308928e+01,1.727419834739e-03,8.284459183717e-04,-4.466480753084e+00
"                 190",1.751765051655e-01,4.346389360830e-01,-1.601870401330e+01,1.768105660577e-01,4.354822884301e-01,-2.053356925279e+01,1.634060892192e-03,8.433523471470e-04,-4.514865239491e+00
"                 191",1.600661699618e-01,4.339048720911e-01,-1.619626284661e+01,1.616202205491e-01,4.347740972208e-01,-2.076030226754e+01,1.554050587277e-03,8.692251297008e-04,-4.564039420935e+00
"                 192",1.421868908263e-01,4.313123894221e-01,-1.637914669305e+01,1.436760033657e-01,4.322132336627e-01,-2.099318848026e+01,1.489112539423e-03,9.008442406702e-04,-4.614041787209e+00
"                 193",1.201985036771e-01,4.254555993159e-01,-1.656370699981e+01,1.216333444599e-01,4.263914720249e-01,-2.122859822685e+01,1.434840782825e-03,9.358727090120e-04,-4.664891227039e+00
"                 194",9.243673069923e-02,4.168456036827e-01,-1.674673249189e+01,9.382510123884e-02,4.178172640873e-01,-2.146334339663e+01,1.388370539605e-03,9.716604045987e-04,-4.716610904744e+00
"                 195",5.861309457589e-02,4.072851452334e-01,-1.692825752058e+01,5.996660808634e-02,4.082913418860e-01,-2.169746563322e+01,1.353513510453e-03,1.006196652620e-03,-4.769208112640e+00
"                 196",2.259250337843e-02,3.972561844243e-01,-1.711148278554e+01,2.393422645480e-02,3.983027326599e-01,-2.193413189330e+01,1.341723076368e-03,1.046548235628e-03,-4.822649107758e+00
"                 197",-1.744327485065e-02,3.865606155156e-01,-1.729572682051e+01,-1.608521306697e-02,3.876479704594e-01,-2.217263951538e+01,1.358061783677e-03,1.087354943748e-03,-4.876912694864e+00
"                 198",-6.098268993031e-02,3.770426883580e-01,-1.748385209348e+01,-5.957425093682e-02,3.781671232999e-01,-2.241581162166e+01,1.408438993495e-03,1.124434941919e-03,-4.931959528187e+00
"                 199",-1.047262917537e-01,3.702161477287e-01,-1.767316947561e+01,-1.032386087868e-01,3.713757233426e-01,-2.266093186919e+01,1.487682966894e-03,1.159575613861e-03,-4.987762393574e+00
"                 200",-1.486634013020e-01,3.655737512728e-01,-1.786803932556e+01,-1.470809046811e-01,3.667630084536e-01,-2.291233659914e+01,1.582496620827e-03,1.189257180812e-03,-5.044297273573e+00
"                 201",-1.897636501110e-01,3.637622615050e-01,-1.806569151325e+01,-1.880701604625e-01,3.649811415966e-01,-2.316723953365e+01,1.693489648503e-03,1.218880091581e-03,-5.101548020403e+00
"                 202",-2.237477653912e-01,3.643974100561e-01,-1.826390259943e+01,-2.219267961161e-01,3.656453092313e-01,-2.342338467859e+01,1.820969275074e-03,1.247899175155e-03,-5.159482079158e+00
"                 203",-2.457718886896e-01,3.662574650803e-01,-1.846141110987e+01,-2.438021427895e-01,3.675351594375e-01,-2.367945644024e+01,1.969745900141e-03,1.277694357255e-03,-5.218045330364e+00
"                 204",-2.539917930565e-01,3.690210304584e-01,-1.865818695358e+01,-2.518454744491e-01,3.703311662951e-01,-2.393537252665e+01,2.146318607346e-03,1.310135836686e-03,-5.277185573064e+00
"                 205",-2.495974906766e-01,3.743672721737e-01,-1.885572527982e+01,-2.472524254999e-01,3.757148464569e-01,-2.419254961846e+01,2.345065176733e-03,1.347574283171e-03,-5.336824338635e+00
"                 206",-2.362926561852e-01,3.837192987428e-01,-1.905551389251e+01,-2.337348052475e-01,3.851041309742e-01,-2.445239262590e+01,2.557850937704e-03,1.384832231325e-03,-5.396878733395e+00
"                 207",-2.170855508397e-01,3.956203370590e-01,-1.925793666402e+01,-2.143109852559e-01,3.970392706395e-01,-2.471523041512e+01,2.774565583810e-03,1.418933580480e-03,-5.457293751105e+00
"                 208",-1.924192978016e-01,4.092521145620e-01,-1.946252329081e+01,-1.894297960197e-01,4.107025862566e-01,-2.498054304823e+01,2.989501781899e-03,1.450471694610e-03,-5.518019757422e+00
"                 209",-1.652151667824e-01,4.226354538230e-01,-1.966914380004e+01,-1.620183506009e-01,4.241084461872e-01,-2.524820587756e+01,3.196816181561e-03,1.472992364117e-03,-5.579062077518e+00
"                 210",-1.378708022706e-01,4.372443310278e-01,-1.987721176267e+01,-1.344877720217e-01,4.387339506250e-01,-2.551762324163e+01,3.383030248870e-03,1.489619597166e-03,-5.640411478956e+00
"                 211",-1.131184812660e-01,4.555007398559e-01,-2.008492066048e+01,-1.095825007378e-01,4.570073347879e-01,-2.578699768234e+01,3.535980528195e-03,1.506594931964e-03,-5.702077021859e+00
"                 212",-8.911157202277e-02,4.752641901790e-01,-2.029099059933e+01,-8.546480815270e-02,4.767952522256e-01,-2.605504884571e+01,3.646763870069e-03,1.531062046506e-03,-5.764058246388e+00
"                 213",-6.278412976124e-02,4.952285221243e-01,-2.049655244828e+01,-5.906676250217e-02,4.967935440672e-01,-2.632291831656e+01,3.717367259074e-03,1.565021942882e-03,-5.826365868285e+00
"                 214",-3.446316465494e-02,5.148890261782e-01,-2.070621580087e+01,-3.070377176842e-02,5.164992030311e-01,-2.659522302682e+01,3.759392886514e-03,1.610176852972e-03,-5.889007225954e+00
"                 215",-2.342888096109e-03,5.344432698560e-01,-2.091781292414e+01,1.420965607361e-03,5.361061673021e-01,-2.686979587565e+01,3.763853703471e-03,1.662897446101e-03,-5.951982951509e+00
"                 216",3.365749678375e-02,5.539610632365e-01,-2.112987648174e+01,3.737614486909e-02,5.556756127655e-01,-2.714517571434e+01,3.718648085346e-03,1.714549529039e-03,-6.015299232602e+00
"                 217",7.483447020036e-02,5.735385389556e-01,-2.133979273972e+01,7.846004020771e-02,5.752973460417e-01,-2.741876137599e+01,3.625570007350e-03,1.758807086055e-03,-6.078968636262e+00
"                 218",1.150509307154e-01,5.909248898824e-01,-2.155570753164e+01,1.185576873689e-01,5.927144628414e-01,-2.769872287891e+01,3.506756653459e-03,1.789572958906e-03,-6.143015347269e+00
"                 219",1.553401976194e-01,6.055697001279e-01,-2.177324634696e+01,1.587030402340e-01,6.073787122403e-01,-2.798069444522e+01,3.362842614649e-03,1.809012112433e-03,-6.207448098258e+00
"                 220",1.923369022640e-01,6.155117142560e-01,-2.199609367629e+01,1.955502607142e-01,6.173348678700e-01,-2.826836249902e+01,3.213358450178e-03,1.823153614024e-03,-6.272268822729e+00
"                 221",2.289585227704e-01,6.188266646869e-01,-2.221665912269e+01,2.320089978264e-01,6.206446676456e-01,-2.855413827124e+01,3.050475055995e-03,1.818002958649e-03,-6.337479148544e+00
"                 222",2.602505168787e-01,6.133436424273e-01,-2.243633688797e+01,2.631428997459e-01,6.151340482036e-01,-2.883941566704e+01,2.892382867243e-03,1.790405776236e-03,-6.403078779077e+00
"                 223",2.811896965669e-01,5.988565770587e-01,-2.265649404589e+01,2.839335771897e-01,6.006026844239e-01,-2.912556508072e+01,2.743880622818e-03,1.746107365161e-03,-6.469071034830e+00
"                 224",2.898783417720e-01,5.795008101933e-01,-2.287970181305e+01,2.924825926883e-01,5.811984706081e-01,-2.941515336012e+01,2.604250916271e-03,1.697660414722e-03,-6.535451547071e+00
"                 225",2.881751177945e-01,5.579920213034e-01,-2.311082228499e+01,2.906577447152e-01,5.596374380764e-01,-2.971304803360e+01,2.482626920757e-03,1.645416772974e-03,-6.602225748609e+00
"                 226",2.746267092596e-01,5.367092400797e-01,-2.334032971784e+01,2.769946611671e-01,5.383066389202e-01,-3.000971642304e+01,2.367951907499e-03,1.597398840525e-03,-6.669386705193e+00
"                 227",2.533044793462e-01,5.116694069389e-01,-2.357021665038e+01,2.555678868730e-01,5.132120129748e-01,-3.030713393971e+01,2.263407526749e-03,1.542606035865e-03,-6.736917289323e+00
"                 228",2.244712812871e-01,4.811745260512e-01,-2.380061093514e+01,2.266454752499e-01,4.826577625575e-01,-3.060544107925e+01,2.174193962859e-03,1.483236506354e-03,-6.804830144114e+00
"                 229",1.900859350416e-01,4.478281067977e-01,-2.402978986141e+01,1.921742516638e-01,4.492502572833e-01,-3.090295187873e+01,2.088316622244e-03,1.422150485537e-03,-6.873162017325e+00
"                 230",1.552948979066e-01,4.135557287977e-01,-2.426045308846e+01,1.572971508067e-01,4.149133998328e-01,-3.120237007251e+01,2.002252900060e-03,1.357671035145e-03,-6.941916984046e+00
"                 231",1.220078551322e-01,3.824556037221e-01,-2.449498354915e+01,1.239286680135e-01,3.837569485461e-01,-3.150607717174e+01,1.920812881258e-03,1.301344823994e-03,-7.011093622594e+00
"                 232",8.677718612876e-02,3.528946889881e-01,-2.473261220495e+01,8.863406827797e-02,3.541524737065e-01,-3.181329904556e+01,1.856882149211e-03,1.257784718383e-03,-7.080686840611e+00
"                 233",4.614855807279e-02,3.250005730068e-01,-2.497173889941e+01,4.796406108764e-02,3.262266003539e-01,-3.212241699177e+01,1.815503014851e-03,1.226027347081e-03,-7.150678092361e+00
"                 234",1.773965244496e-03,2.979702647141e-01,-2.520960639135e+01,3.577835080324e-03,2.991734826672e-01,-3.243065057022e+01,1.803869835828e-03,1.203217953139e-03,-7.221044178866e+00
"                 235",-4.524315308362e-02,2.756943146324e-01,-2.544724989368e+01,-4.342635416632e-02,2.768818724082e-01,-3.273899869586e+01,1.816798917293e-03,1.187557775785e-03,-7.291748802179e+00
"                 236",-9.084825984593e-02,2.615641794777e-01,-2.568805428055e+01,-8.899536602746e-02,2.627431456806e-01,-3.305082055693e+01,1.852893818466e-03,1.178966202911e-03,-7.362766276377e+00
"                 237",-1.342211372589e-01,2.598260692624e-01,-2.593843940488e+01,-1.323124638458e-01,2.610211621439e-01,-3.337251337319e+01,1.908673413078e-03,1.195092881501e-03,-7.434073968301e+00
"                 238",-1.742849370016e-01,2.737175036145e-01,-2.618782618451e+01,-1.722899414074e-01,2.749645298430e-01,-3.369347801701e+01,1.994995594272e-03,1.247026228429e-03,-7.505651832509e+00
"                 239",-2.070903133962e-01,3.023286988241e-01,-2.644054093087e+01,-2.049902873008e-01,3.036739323127e-01,-3.401801222189e+01,2.100026095324e-03,1.345233488612e-03,-7.577471291022e+00
"                 240",-2.307836827521e-01,3.439580574915e-01,-2.668892131000e+01,-2.285503277009e-01,3.454462983864e-01,-3.433846442974e+01,2.233355051183e-03,1.488240894851e-03,-7.649543119736e+00
"                 241",-2.457570547150e-01,3.942431207547e-01,-2.694229630584e+01,-2.433752391726e-01,3.959067316052e-01,-3.466418429971e+01,2.381815542405e-03,1.663610850585e-03,-7.721887993866e+00
"                 242",-2.491800849454e-01,4.531907707958e-01,-2.719351352938e+01,-2.466375550231e-01,4.550558592726e-01,-3.498802738282e+01,2.542529922352e-03,1.865088476799e-03,-7.794513853443e+00
"                 243",-2.429491931031e-01,5.179152625026e-01,-2.745019039138e+01,-2.402344199259e-01,5.199972384202e-01,-3.531765260553e+01,2.714773177176e-03,2.081975917597e-03,-7.867462214150e+00
"                 244",-2.224607570268e-01,5.825788444817e-01,-2.771049499878e+01,-2.195508919672e-01,5.848846308734e-01,-3.565125638066e+01,2.909865059573e-03,2.305786391732e-03,-7.940761381882e+00
"                 245",-1.860718634789e-01,6.436470123419e-01,-2.797240637509e+01,-1.829401327928e-01,6.461745178876e-01,-3.598685222799e+01,3.131730686101e-03,2.527505545721e-03,-8.014445852896e+00
"                 246",-1.325739465953e-01,6.997240507628e-01,-2.823335170164e+01,-1.291785050263e-01,7.024562278951e-01,-3.632188967410e+01,3.395441569000e-03,2.732177132372e-03,-8.088537972453e+00
"                 247",-6.452673905292e-02,7.485751275495e-01,-2.849228349666e+01,-6.084206737950e-02,7.514891728913e-01,-3.665535421476e+01,3.684671673422e-03,2.914045341808e-03,-8.163070718106e+00
"                 248",1.139791577302e-02,7.862700257882e-01,-2.875241381384e+01,1.538222667998e-02,7.893525785397e-01,-3.699046692525e+01,3.984310906961e-03,3.082552751509e-03,-8.238053111411e+00
"                 249",9.273587986769e-02,8.153311777890e-01,-2.901528612381e+01,9.701023710222e-02,8.185666627858e-01,-3.732878593719e+01,4.274357234531e-03,3.235484996834e-03,-8.313499813379e+00
"                 250",1.813374722494e-01,8.396374401744e-01,-2.928004711571e+01,1.858975065251e-01,8.430104663966e-01,-3.766943739490e+01,4.560034275752e-03,3.373026222222e-03,-8.389390279186e+00
"                 251",2.782166029655e-01,8.571476913093e-01,-2.954491211012e+01,2.830469791543e-01,8.606323419762e-01,-3.801060897298e+01,4.830376188797e-03,3.484650666876e-03,-8.465696862858e+00
"                 252",3.790528225753e-01,8.676780301180e-01,-2.981015518463e+01,3.841192691225e-01,8.712439067398e-01,-3.835256742424e+01,5.066446547170e-03,3.565876621766e-03,-8.542412239612e+00
"                 253",4.804391807353e-01,8.706039497890e-01,-3.007885669535e+01,4.856928273246e-01,8.742151751126e-01,-3.869837535246e+01,5.253646589375e-03,3.611225323636e-03,-8.619518657105e+00
"                 254",5.790017429235e-01,8.651644895286e-01,-3.035184336926e+01,5.844046681601e-01,8.687821228066e-01,-3.904884952227e+01,5.402925236579e-03,3.617633277989e-03,-8.697006153007e+00
"                 255",6.742887399566e-01,8.511410249519e-01,-3.062856720751e+01,6.798038704697e-01,8.547289481807e-01,-3.940345563082e+01,5.515130513061e-03,3.587923228831e-03,-8.774888423309e+00
"                 256",7.628196847488e-01,8.296916224965e-01,-3.090795780658e+01,7.684349587017e-01,8.332143781903e-01,-3.976111935116e+01,5.615273952918e-03,3.522755693739e-03,-8.853161544577e+00
"                 257",8.407830027356e-01,7.997027471886e-01,-3.118984052573e+01,8.464876166892e-01,8.031348963958e-01,-4.012165503479e+01,5.704613953586e-03,3.432149207209e-03,-8.931814509058e+00
"                 258",9.096626932030e-01,7.612872521074e-01,-3.147329319798e+01,9.154456575776e-01,7.646112393935e-01,-4.048413061180e+01,5.782964374628e-03,3.323987286118e-03,-9.010837413819e+00
"                 259",9.729984822882e-01,7.162898710849e-01,-3.175705699172e+01,9.788466506202e-01,7.194853680922e-01,-4.084725179825e+01,5.848168332017e-03,3.195497007258e-03,-9.090194806529e+00
"                 260",1.030137067876e+00,6.675185986433e-01,-3.204187679913e+01,1.036038051813e+00,6.705749531916e-01,-4.121177045833e+01,5.900983937272e-03,3.056354548344e-03,-9.169893659205e+00
"                 261",1.078996666432e+00,6.159961913151e-01,-3.232765726009e+01,1.084932290713e+00,6.189148335273e-01,-4.157758420467e+01,5.935624281168e-03,2.918642212192e-03,-9.249926944586e+00
"                 262",1.114540570305e+00,5.636735427910e-01,-3.261478632238e+01,1.120503999601e+00,5.664892703637e-01,-4.194508055766e+01,5.963429296091e-03,2.815727572752e-03,-9.330294235279e+00
"                 263",1.131920871810e+00,5.171961296267e-01,-3.290299277535e+01,1.137897710587e+00,5.199400309938e-01,-4.231397367490e+01,5.976838776849e-03,2.743901367045e-03,-9.410980899554e+00
"                 264",1.135135132660e+00,4.790709015790e-01,-3.319299662792e+01,1.141092378318e+00,4.817621489553e-01,-4.268498772426e+01,5.957245658243e-03,2.691247376382e-03,-9.491991096343e+00
"                 265",1.130964996923e+00,4.509423560379e-01,-3.348422434753e+01,1.136861988411e+00,4.535993605150e-01,-4.305756978030e+01,5.896991488118e-03,2.657004477116e-03,-9.573345432771e+00
"                 266",1.117064279350e+00,4.260838431168e-01,-3.377553755415e+01,1.122873218504e+00,4.287178645364e-01,-4.343062282519e+01,5.808939153082e-03,2.634021419624e-03,-9.655085271034e+00
"                 267",1.090107997470e+00,4.018531476784e-01,-3.406728716749e+01,1.095780346956e+00,4.044801156944e-01,-4.380450555913e+01,5.672349486459e-03,2.626968016003e-03,-9.737218391642e+00
"                 268",1.050200311170e+00,3.735365015519e-01,-3.436062853844e+01,1.055682506850e+00,3.761863320353e-01,-4.418036365186e+01,5.482195679949e-03,2.649830483436e-03,-9.819735113420e+00
"                 269",9.993515227946e-01,3.422432969300e-01,-3.465631008102e+01,1.004594780463e+00,3.449520734351e-01,-4.455895356040e+01,5.243257668464e-03,2.708776505131e-03,-9.902643479381e+00
"                 270",9.417447437383e-01,3.123267475969e-01,-3.495429434559e+01,9.467274401196e-01,3.151340304255e-01,-4.494025345324e+01,4.982696381329e-03,2.807282828562e-03,-9.985959107651e+00
"                 271",8.819780269998e-01,2.854304442052e-01,-3.525257589620e+01,8.867095301158e-01,2.883611965607e-01,-4.532225842549e+01,4.731503115987e-03,2.930752355424e-03,-1.006968252929e+01
"                 272",8.210157160421e-01,2.625852700443e-01,-3.555107142796e+01,8.255253971545e-01,2.656337090005e-01,-4.570487122070e+01,4.509681112391e-03,3.048438956187e-03,-1.015379979273e+01
"                 273",7.555643077382e-01,2.423259961946e-01,-3.585141685389e+01,7.598968111422e-01,2.454693284914e-01,-4.608970967854e+01,4.332503403925e-03,3.143332296795e-03,-1.023829282465e+01
"                 274",6.855226802625e-01,2.221110878727e-01,-3.615547036703e+01,6.897221178302e-01,2.253131933908e-01,-4.647861388317e+01,4.199437567706e-03,3.202105518091e-03,-1.032314351614e+01
"                 275",6.131263083831e-01,2.039954839455e-01,-3.646398653776e+01,6.172443433335e-01,2.072102050783e-01,-4.687230861956e+01,4.118034950408e-03,3.214721132827e-03,-1.040832208180e+01
"                 276",5.403205137596e-01,1.939435651997e-01,-3.677854301868e+01,5.444159507741e-01,1.971430061644e-01,-4.727236065241e+01,4.095437014532e-03,3.199440964704e-03,-1.049381763373e+01
"                 277",4.691530969669e-01,1.960575473835e-01,-3.709677688086e+01,4.732821192693e-01,1.992276524367e-01,-4.767641219178e+01,4.129022302366e-03,3.170105053151e-03,-1.057963531092e+01
"                 278",3.974542416643e-01,2.121122890970e-01,-3.741557421640e+01,4.016618919956e-01,2.152525293501e-01,-4.808133383331e+01,4.207650331327e-03,3.140240253087e-03,-1.066575961691e+01
"                 279",3.272867452905e-01,2.412207629806e-01,-3.773498655922e+01,3.315906345348e-01,2.443250447526e-01,-4.848717546652e+01,4.303889244347e-03,3.104281771940e-03,-1.075218890731e+01
"                 280",2.600308197427e-01,2.799768352584e-01,-3.805699036072e+01,2.644655336811e-01,2.830459277610e-01,-4.889591550280e+01,4.434713938363e-03,3.069092502538e-03,-1.083892514208e+01
"                 281",1.970704738722e-01,3.247206283544e-01,-3.838202397922e+01,2.016622362989e-01,3.277500099926e-01,-4.930800167370e+01,4.591762426730e-03,3.029381638202e-03,-1.092597769447e+01
"                 282",1.356826260092e-01,3.697021119773e-01,-3.871399904188e+01,1.404530728022e-01,3.727120898258e-01,-4.972735992123e+01,4.770446793020e-03,3.009977848449e-03,-1.101336087935e+01
"                 283",8.267252594356e-02,4.156527006649e-01,-3.905055128436e+01,8.764008798646e-02,4.186660976000e-01,-5.015161730865e+01,4.967562042896e-03,3.013396935125e-03,-1.110106602429e+01
"                 284",4.278561285946e-02,4.680465027095e-01,-3.938866655459e+01,4.798626466634e-02,4.710848959545e-01,-5.057777273645e+01,5.200651806878e-03,3.038393245009e-03,-1.118910618186e+01
"                 285",1.622956146986e-02,5.284078168227e-01,-3.972617029642e+01,2.167711845637e-02,5.314949773729e-01,-5.100369068115e+01,5.447556986517e-03,3.087160550103e-03,-1.127752038473e+01
"                 286",3.259822387861e-03,5.864787086573e-01,-4.006909047277e+01,8.980615597765e-03,5.896366671491e-01,-5.143540745828e+01,5.720793209905e-03,3.157958491870e-03,-1.136631698550e+01
"                 287",9.943754960773e-03,6.350772424279e-01,-4.040487081508e+01,1.593640369530e-02,6.383307508252e-01,-5.186038190056e+01,5.992648734527e-03,3.253508397243e-03,-1.145551108548e+01
"                 288",3.621681663012e-02,6.720851563985e-01,-4.074434515130e+01,4.251673654902e-02,6.754526091014e-01,-5.228943170384e+01,6.299919918904e-03,3.367452702845e-03,-1.154508655254e+01
"                 289",8.162400365509e-02,7.019688981612e-01,-4.108962101592e+01,8.825206791443e-02,7.054616739215e-01,-5.272467574345e+01,6.628064259340e-03,3.492775760299e-03,-1.163505472754e+01
"                 290",1.512665930822e-01,7.297464600271e-01,-4.143827112072e+01,1.582453439846e-01,7.333741160029e-01,-5.316369419123e+01,6.978750902380e-03,3.627655975806e-03,-1.172542307050e+01
"                 291",2.405869857600e-01,7.544899506738e-01,-4.179059121469e+01,2.479316386864e-01,7.582655384818e-01,-5.360678555214e+01,7.344652926416e-03,3.775587807976e-03,-1.181619433745e+01
"                 292",3.455350008902e-01,7.751456034563e-01,-4.214498402396e+01,3.532378811262e-01,7.790864601095e-01,-5.405235810929e+01,7.702880236004e-03,3.940856653176e-03,-1.190737408534e+01
"                 293",4.595734038476e-01,7.867158833334e-01,-4.250086941254e+01,4.676145121907e-01,7.908197914522e-01,-5.449982735422e+01,8.041108343029e-03,4.103908118763e-03,-1.199895794167e+01
"                 294",5.792204624782e-01,7.858051800598e-01,-4.285904383542e+01,5.875654040644e-01,7.900477909707e-01,-5.494996421496e+01,8.344941586188e-03,4.242610910851e-03,-1.209092037954e+01
"                 295",6.991033336562e-01,7.701117171780e-01,-4.321936578022e+01,7.077149479176e-01,7.744382691481e-01,-5.540261014262e+01,8.611614261396e-03,4.326551970153e-03,-1.218324436240e+01
"                 296",8.175699850568e-01,7.430006260483e-01,-4.358194850812e+01,8.264112552772e-01,7.473510121705e-01,-5.585787874665e+01,8.841270220420e-03,4.350386122211e-03,-1.227593023853e+01
"                 297",9.346900825432e-01,7.106717677260e-01,-4.394788885687e+01,9.437294773276e-01,7.149842445113e-01,-5.631682728292e+01,9.039394784372e-03,4.312476785302e-03,-1.236893842606e+01
"                 298",1.045610565464e+00,6.724686512196e-01,-4.431511380657e+01,1.054807161533e+00,6.767022176627e-01,-5.677735597925e+01,9.196596068350e-03,4.233566443122e-03,-1.246224217268e+01
"                 299",1.151385197435e+00,6.273346102608e-01,-4.468298684243e+01,1.160732506133e+00,6.314566326920e-01,-5.723879161344e+01,9.347308698859e-03,4.122022431179e-03,-1.255580477101e+01
"                 300",1.243293243777e+00,5.782379013729e-01,-4.505462489931e+01,1.252797264731e+00,5.822159903890e-01,-5.770426843913e+01,9.504020953707e-03,3.978089016120e-03,-1.264964353982e+01
"                 301",1.316415365198e+00,5.251796492050e-01,-4.519179040008e+01,1.326073466085e+00,5.289662440729e-01,-5.793532410743e+01,9.658100887307e-03,3.786594867916e-03,-1.274353370736e+01
"                 302",1.378648601143e+00,4.727851928132e-01,-4.540116847935e+01,1.388431693935e+00,4.763331778864e-01,-5.823844518496e+01,9.783092792101e-03,3.547985073225e-03,-1.283727670561e+01
"                 303",1.430571692280e+00,4.244361425222e-01,-4.580765450364e+01,1.440453520664e+00,4.277170010195e-01,-5.873880579727e+01,9.881828384358e-03,3.280858497346e-03,-1.293115129362e+01
"                 304",1.469464572643e+00,3.835591300512e-01,-4.635898965811e+01,1.479412839194e+00,3.865790623253e-01,-5.938451056260e+01,9.948266550469e-03,3.019932274082e-03,-1.302552090449e+01
"                 305",1.494237259404e+00,3.508194091893e-01,-4.688305171085e+01,1.504213532416e+00,3.535984458394e-01,-6.000356801797e+01,9.976273012084e-03,2.779036650152e-03,-1.312051630712e+01
"                 306",1.501616117974e+00,3.276080385188e-01,-4.722540482255e+01,1.511554687760e+00,3.301521739519e-01,-6.044132034887e+01,9.938569785750e-03,2.544135433111e-03,-1.321591552631e+01
"                 307",1.497331054948e+00,3.060216645053e-01,-4.747725078130e+01,1.507163540071e+00,3.083570371194e-01,-6.078872232477e+01,9.832485122793e-03,2.335372614098e-03,-1.331147154347e+01
"                 308",1.478173179766e+00,2.795570333022e-01,-4.780969333970e+01,1.487839379586e+00,2.817395191834e-01,-6.121685050626e+01,9.666199819940e-03,2.182485881229e-03,-1.340715716656e+01
"                 309",1.449053018466e+00,2.492058703178e-01,-4.828237949429e+01,1.458484888930e+00,2.513182516343e-01,-6.178556459532e+01,9.431870464420e-03,2.112381316496e-03,-1.350318510102e+01
"                 310",1.412190692116e+00,2.204067160948e-01,-4.877103262669e+01,1.421359665293e+00,2.225395989010e-01,-6.237071331787e+01,9.168973177088e-03,2.132882806214e-03,-1.359968069117e+01
"                 311",1.364684073763e+00,2.083857733854e-01,-4.915531534736e+01,1.373573920114e+00,2.106139217914e-01,-6.285188528118e+01,8.889846350911e-03,2.228148405961e-03,-1.369656993382e+01
"                 312",1.305024647142e+00,2.192979691671e-01,-4.944213292795e+01,1.313642155240e+00,2.216725133748e-01,-6.323575559065e+01,8.617508098200e-03,2.374544207715e-03,-1.379362266271e+01
"                 313",1.234451538803e+00,2.474999087543e-01,-4.973625537180e+01,1.242774286716e+00,2.500690185223e-01,-6.362705594425e+01,8.322747912830e-03,2.569109767988e-03,-1.389080057245e+01
"                 314",1.149859584603e+00,2.814914365090e-01,-5.011444663020e+01,1.157884805369e+00,2.842947674335e-01,-6.410266943331e+01,8.025220766238e-03,2.803330924429e-03,-1.398822280312e+01
"                 315",1.057210030634e+00,3.175257892793e-01,-5.055358683950e+01,1.064932826863e+00,3.205973023965e-01,-6.463962249879e+01,7.722796228409e-03,3.071513117194e-03,-1.408603565929e+01
"                 316",9.614103028087e-01,3.550993573807e-01,-5.097022893221e+01,9.688911976774e-01,3.584377170329e-01,-6.515448416385e+01,7.480894868704e-03,3.338359652241e-03,-1.418425523163e+01
"                 317",8.660891820607e-01,4.014320775678e-01,-5.130147003402e+01,8.733734373684e-01,4.050145743541e-01,-6.558427979346e+01,7.284255307681e-03,3.582496786277e-03,-1.428280975944e+01
"                 318",7.649298776334e-01,4.568180986867e-01,-5.158236145370e+01,7.720999741639e-01,4.606295537073e-01,-6.596391479715e+01,7.170096530422e-03,3.811455020572e-03,-1.438155334345e+01
"                 319",6.553752060343e-01,5.208600441850e-01,-5.187049498373e+01,6.625127785258e-01,5.248616581784e-01,-6.635100851932e+01,7.137572491553e-03,4.001613993453e-03,-1.448051353558e+01
"                 320",5.419901748581e-01,5.852427939170e-01,-5.219642746931e+01,5.491707087287e-01,5.893948369260e-01,-6.677619759399e+01,7.180533870604e-03,4.152043008955e-03,-1.457977012468e+01
"                 321",4.359778567851e-01,6.430531889274e-01,-5.254804756985e+01,4.432727073221e-01,6.473249115534e-01,-6.722746564080e+01,7.294850536924e-03,4.271722625969e-03,-1.467941807095e+01
"                 322",3.393362713732e-01,6.898546452800e-01,-5.290026615385e+01,3.468165235999e-01,6.942282648240e-01,-6.767973351910e+01,7.480252226682e-03,4.373619544006e-03,-1.477946736525e+01
"                 323",2.532531937586e-01,7.256940925726e-01,-5.323739010463e+01,2.609557970652e-01,7.301359107108e-01,-6.811722112271e+01,7.702603306621e-03,4.441818138201e-03,-1.487983101808e+01
"                 324",1.691417924296e-01,7.476219752998e-01,-5.357275811773e+01,1.770689777743e-01,7.520884151315e-01,-6.855320659531e+01,7.927185344717e-03,4.466439831728e-03,-1.498044847759e+01
"                 325",9.755258321022e-02,7.589693885608e-01,-5.390365845089e+01,1.056948700131e-01,7.634156591729e-01,-6.898495579234e+01,8.142286802878e-03,4.446270612026e-03,-1.508129734145e+01
"                 326",3.670017004740e-02,7.626908436859e-01,-5.423102973155e+01,4.504186986966e-02,7.670665904577e-01,-6.941339917968e+01,8.341699822266e-03,4.375746771873e-03,-1.518236944813e+01
"                 327",-1.891433554277e-02,7.636922270348e-01,-5.456245411295e+01,-1.038428134683e-02,7.679589840289e-01,-6.984613754218e+01,8.530054195946e-03,4.266756994120e-03,-1.528368342924e+01
"                 328",-7.240774361111e-02,7.613172934718e-01,-5.490064371625e+01,-6.373497912646e-02,7.654075436692e-01,-7.028592788889e+01,8.672764484652e-03,4.090250197368e-03,-1.538528417264e+01
"                 329",-1.244130180676e-01,7.562258762225e-01,-5.524261301863e+01,-1.155855045630e-01,7.600629344892e-01,-7.072973568119e+01,8.827513504569e-03,3.837058266622e-03,-1.548712266256e+01
"                 330",-1.691399816361e-01,7.499613197434e-01,-5.558360787317e+01,-1.601464019820e-01,7.534915198581e-01,-7.117281047621e+01,8.993579654090e-03,3.530200114709e-03,-1.558920260304e+01
"                 331",-1.973809748506e-01,7.474989142573e-01,-5.592235287033e+01,-1.881581111646e-01,7.507178282271e-01,-7.161387055792e+01,9.222863686049e-03,3.218913969812e-03,-1.569151768759e+01
"                 332",-2.057556541645e-01,7.529830111709e-01,-5.625725923018e+01,-1.962770514209e-01,7.559264588359e-01,-7.205136867907e+01,9.478602743593e-03,2.943447665068e-03,-1.579410944889e+01
"                 333",-1.954256548090e-01,7.712056806808e-01,-5.659291419129e+01,-1.856352617562e-01,7.739228638790e-01,-7.248991877241e+01,9.790393052839e-03,2.717183198235e-03,-1.589700458112e+01
"                 334",-1.668625272335e-01,7.991614878788e-01,-5.692951220779e+01,-1.567948562235e-01,8.017181086173e-01,-7.292971031296e+01,1.006767101008e-02,2.556620738557e-03,-1.600019810516e+01
"                 335",-1.212016502714e-01,8.286377994737e-01,-5.726033037503e+01,-1.108420651722e-01,8.311051010091e-01,-7.336397354316e+01,1.035958509923e-02,2.467301535399e-03,-1.610364316813e+01
"                 336",-5.218857123214e-02,8.554862728165e-01,-5.758425289971e+01,-4.153677522802e-02,8.579146840958e-01,-7.379154347174e+01,1.065179600412e-02,2.428411279306e-03,-1.620729057203e+01
"                 337",4.186748299531e-02,8.842729737925e-01,-5.790312614816e+01,5.283177771177e-02,8.867362190137e-01,-7.421422060037e+01,1.096429471645e-02,2.463245221191e-03,-1.631109445221e+01
"                 338",1.541660569476e-01,9.123446679476e-01,-5.822020338722e+01,1.654234333578e-01,9.148899095187e-01,-7.463519152563e+01,1.125737641021e-02,2.545241571097e-03,-1.641498813840e+01
"                 339",2.781082953661e-01,9.365778161753e-01,-5.853552239218e+01,2.896292289499e-01,9.392415586413e-01,-7.505449649341e+01,1.152093358379e-02,2.663742465951e-03,-1.651897410123e+01
"                 340",4.058343023234e-01,9.543415342590e-01,-5.885277411943e+01,4.175473891809e-01,9.571557061286e-01,-7.547578992398e+01,1.171308685755e-02,2.814171869573e-03,-1.662301580455e+01
"                 341",5.378381862390e-01,9.635159238550e-01,-5.917004830397e+01,5.497207405489e-01,9.664668652649e-01,-7.589720691152e+01,1.188255430989e-02,2.950941409831e-03,-1.672715860755e+01
"                 342",6.728907421719e-01,9.689604533676e-01,-5.948749650943e+01,6.849109778361e-01,9.720407145040e-01,-7.631889349767e+01,1.202023566424e-02,3.080261136358e-03,-1.683139698824e+01
"                 343",8.116962786242e-01,9.766544793535e-01,-5.980243160478e+01,8.238411049710e-01,9.798064130513e-01,-7.673815287081e+01,1.214482634686e-02,3.151933697862e-03,-1.693572126603e+01
"                 344",9.463045049989e-01,9.900724772695e-01,-6.011023233933e+01,9.585582492278e-01,9.932957547149e-01,-7.715033173031e+01,1.225374422886e-02,3.223277445409e-03,-1.704009939098e+01
"                 345",1.076182462922e+00,9.954609229786e-01,-6.041569489840e+01,1.088507699609e+00,9.987195653190e-01,-7.756023862081e+01,1.232523668704e-02,3.258642340417e-03,-1.714454372241e+01
"                 346",1.192931680639e+00,9.851958116491e-01,-6.072377849252e+01,1.205285946730e+00,9.884885743266e-01,-7.797275369398e+01,1.235426609080e-02,3.292762677454e-03,-1.724897520147e+01
"                 347",1.285369826394e+00,9.575379134330e-01,-6.103509421597e+01,1.297699906867e+00,9.608421848131e-01,-7.838850828024e+01,1.233008047346e-02,3.304271380130e-03,-1.735341406428e+01
"                 348",1.354587804466e+00,9.235881501767e-01,-6.134211283593e+01,1.366821910729e+00,9.269301021318e-01,-7.879994026310e+01,1.223410626300e-02,3.341951955091e-03,-1.745782742717e+01
"                 349",1.410039657462e+00,8.821449141464e-01,-6.164663882686e+01,1.422093152447e+00,8.855497931624e-01,-7.920884451485e+01,1.205349498528e-02,3.404879015981e-03,-1.756220568799e+01
"                 350",1.457969637903e+00,8.343924726442e-01,-6.195057882326e+01,1.469794891354e+00,8.378697338379e-01,-7.961710488792e+01,1.182525345063e-02,3.477261193704e-03,-1.766652606467e+01
"                 351",1.486269018988e+00,7.687053594367e-01,-6.225483916090e+01,1.497815887354e+00,7.722459567695e-01,-8.002562313869e+01,1.154686836614e-02,3.540597332790e-03,-1.777078397779e+01
"                 352",1.489451830790e+00,6.910306669682e-01,-6.256000695351e+01,1.500670978083e+00,6.946197956706e-01,-8.043503127155e+01,1.121914729339e-02,3.589128702333e-03,-1.787502431805e+01
"                 353",1.470199738437e+00,6.163155795337e-01,-6.287222459167e+01,1.481067465027e+00,6.199181380490e-01,-8.085151663992e+01,1.086772658926e-02,3.602558515305e-03,-1.797929204824e+01
"                 354",1.440333904573e+00,5.522966607094e-01,-6.319542636375e+01,1.450781306027e+00,5.559237048500e-01,-8.127910224016e+01,1.044740145445e-02,3.627044140651e-03,-1.808367587641e+01
"                 355",1.399670398137e+00,5.060249769086e-01,-6.352232380771e+01,1.409747411372e+00,5.096797505169e-01,-8.171055153431e+01,1.007701323503e-02,3.654773608311e-03,-1.818822772660e+01
"                 356",1.346994492569e+00,4.837809439899e-01,-6.384393228788e+01,1.356741989998e+00,4.874902042522e-01,-8.213691151309e+01,9.747497428735e-03,3.709260262307e-03,-1.829297922521e+01
"                 357",1.279212443828e+00,4.878518838001e-01,-6.416267367824e+01,1.288679769581e+00,4.916456824096e-01,-8.256060106479e+01,9.467325753449e-03,3.793798609406e-03,-1.839792738655e+01
"                 358",1.188960455025e+00,5.142266393646e-01,-6.448109425872e+01,1.198152653680e+00,5.181670567950e-01,-8.298415203139e+01,9.192198654688e-03,3.940417430415e-03,-1.850305777267e+01
"                 359",1.070400495840e+00,5.647515676867e-01,-6.479856458821e+01,1.079325528381e+00,5.688950587482e-01,-8.340688670085e+01,8.925032541466e-03,4.143491061576e-03,-1.860832211264e+01
"                 360",9.262739013121e-01,6.356321139499e-01,-6.511203209956e+01,9.349629983436e-01,6.400422277758e-01,-8.382573680474e+01,8.689097031469e-03,4.410113825862e-03,-1.871370470518e+01
"                 361",7.573087348393e-01,7.162100640676e-01,-6.542090686063e+01,7.658242227028e-01,7.209491668683e-01,-8.424009832507e+01,8.515487863559e-03,4.739102800707e-03,-1.881919146444e+01
"                 362",5.763778834137e-01,7.939173286646e-01,-6.572716574865e+01,5.848264724081e-01,7.990268259433e-01,-8.465189071498e+01,8.448588994431e-03,5.109497278618e-03,-1.892472496633e+01
"                 363",3.895534897155e-01,8.642756488503e-01,-6.602951899531e+01,3.980471101387e-01,8.697819071174e-01,-8.505975326388e+01,8.493620423174e-03,5.506258267140e-03,-1.903023426856e+01
"                 364",2.122822789453e-01,9.251580738506e-01,-6.632638425280e+01,2.209119857375e-01,9.310811027054e-01,-8.546204005657e+01,8.629706792189e-03,5.923028854896e-03,-1.913565580376e+01
"                 365",4.636551616588e-02,9.763570411657e-01,-6.661948188948e+01,5.517336604758e-02,9.826769329060e-01,-8.586045506209e+01,8.807849881702e-03,6.319891740348e-03,-1.924097317260e+01
"                 366",-1.109328370495e-01,1.023741910519e+00,-6.691108511538e+01,-1.018975054564e-01,1.030422633477e+00,-8.625728816019e+01,9.035331593148e-03,6.680722958492e-03,-1.934620304481e+01
"                 367",-2.555175801937e-01,1.080567858541e+00,-6.719859327362e+01,-2.462470093865e-01,1.087548193209e+00,-8.664991351599e+01,9.270570807183e-03,6.980334667667e-03,-1.945132024236e+01
"                 368",-3.856300419071e-01,1.140313625461e+00,-6.748001540316e+01,-3.761355679668e-01,1.147524943108e+00,-8.703630571839e+01,9.494473940335e-03,7.211317646897e-03,-1.955629031523e+01
"                 369",-4.976181215028e-01,1.200566450733e+00,-6.775367505427e+01,-4.879198524298e-01,1.207882827285e+00,-8.741476436104e+01,9.698269073011e-03,7.316376551504e-03,-1.966108930677e+01
"                 370",-5.764938529329e-01,1.265959914868e+00,-6.804794368128e+01,-5.666327167442e-01,1.273266429718e+00,-8.781573021521e+01,9.861136188672e-03,7.306514850358e-03,-1.976778653393e+01
"                 371",-6.417319663735e-01,1.340365429171e+00,-6.833945131032e+01,-6.317444537650e-01,1.347561414751e+00,-8.821370097194e+01,9.987512608438e-03,7.195985580091e-03,-1.987424966162e+01
"                 372",-7.091830929600e-01,1.417555786736e+00,-6.860802800584e+01,-6.990676793204e-01,1.424578320315e+00,-8.858852887444e+01,1.011541363961e-02,7.022533578466e-03,-1.998050086860e+01
"                 373",-7.686656669118e-01,1.492129485938e+00,-6.885572826324e+01,-7.583898644803e-01,1.498943016806e+00,-8.894224847677e+01,1.027580243144e-02,6.813530867733e-03,-2.008652021353e+01
"                 374",-8.152470112766e-01,1.562277483641e+00,-6.909887804641e+01,-8.048194285138e-01,1.568824835067e+00,-8.929124412714e+01,1.042758276276e-02,6.547351426030e-03,-2.019236608073e+01
"                 375",-8.404103978384e-01,1.616119340872e+00,-6.935704738694e+01,-8.298279279779e-01,1.622327596396e+00,-8.965508111067e+01,1.058246986057e-02,6.208255523806e-03,-2.029803372373e+01
"                 376",-8.438268345465e-01,1.638917764482e+00,-6.962892361673e+01,-8.330617896553e-01,1.644751126371e+00,-9.003249727588e+01,1.076504489122e-02,5.833361888327e-03,-2.040357365914e+01
"                 377",-8.330562630536e-01,1.616921971500e+00,-6.990586554085e+01,-8.220746496670e-01,1.622354665445e+00,-9.041492867242e+01,1.098161338660e-02,5.432693944927e-03,-2.050906313157e+01
"                 378",-8.101038241259e-01,1.562859027102e+00,-7.017660306161e+01,-7.988514676870e-01,1.567870741970e+00,-9.079113658244e+01,1.125235643892e-02,5.011714868447e-03,-2.061453352083e+01
"                 379",-7.722904094263e-01,1.496590421085e+00,-7.043732465667e+01,-7.607392523661e-01,1.501148587167e+00,-9.115732255196e+01,1.155115706018e-02,4.558166081372e-03,-2.071999789529e+01
"                 380",-7.092995596265e-01,1.422972943908e+00,-7.069279606050e+01,-6.974163135669e-01,1.427098575174e+00,-9.151824546510e+01,1.188324605963e-02,4.125631266548e-03,-2.082544940461e+01
"                 381",-6.237880234499e-01,1.341034184705e+00,-7.094847479148e+01,-6.115194624136e-01,1.344728653040e+00,-9.187935234745e+01,1.226856103622e-02,3.694468334824e-03,-2.093087755597e+01
"                 382",-5.261770019848e-01,1.254426494458e+00,-7.120155492440e+01,-5.135110621487e-01,1.257730641976e+00,-9.223779597763e+01,1.266593983606e-02,3.304147518577e-03,-2.103624105323e+01
"                 383",-4.153103012073e-01,1.168365056792e+00,-7.145404004213e+01,-4.023012431820e-01,1.171325417176e+00,-9.259553757696e+01,1.300905802529e-02,2.960360384352e-03,-2.114149753482e+01
"                 384",-2.760209573731e-01,1.096953834113e+00,-7.170622118223e+01,-2.627956546518e-01,1.099669051032e+00,-9.295277353621e+01,1.322530272128e-02,2.715216918621e-03,-2.124655235398e+01
"                 385",-1.245889962059e-01,1.041439977487e+00,-7.195581355121e+01,-1.112514184949e-01,1.044000642281e+00,-9.330715308806e+01,1.333757771106e-02,2.560664794068e-03,-2.135133953685e+01
"                 386",3.591574020984e-02,9.949536138012e-01,-7.220039057310e+01,4.926511520325e-02,9.974770455683e-01,-9.365619546912e+01,1.334937499340e-02,2.523431767129e-03,-2.145580489602e+01
"                 387",1.938529177200e-01,9.513956312211e-01,-7.243881387244e+01,2.071821459648e-01,9.539881446562e-01,-9.399867765596e+01,1.332922824473e-02,2.592513435172e-03,-2.155986378352e+01
"                 388",3.383470085791e-01,8.968664154035e-01,-7.267343692914e+01,3.516403101299e-01,8.996323338317e-01,-9.433684522833e+01,1.329330155074e-02,2.765918428171e-03,-2.166340829918e+01
"                 389",4.694905548359e-01,8.275146495598e-01,-7.291302726442e+01,4.827072481012e-01,8.305733910570e-01,-9.467942159365e+01,1.321669326531e-02,3.058741497201e-03,-2.176639432923e+01
"                 390",5.911675231582e-01,7.381741311667e-01,-7.315943043321e+01,6.042502197590e-01,7.416688775345e-01,-9.502823003123e+01,1.308269660086e-02,3.494746367818e-03,-2.186879959802e+01
"                 391",6.971085458987e-01,6.481293941522e-01,-7.340040939502e+01,7.099931164047e-01,6.521313841534e-01,-9.537101244011e+01,1.288457050599e-02,4.001990001174e-03,-2.197060304510e+01
"                 392",7.737440307794e-01,5.662366739481e-01,-7.363387372723e+01,7.863652556508e-01,5.707558835009e-01,-9.570574738022e+01,1.262122487146e-02,4.519209552790e-03,-2.207187365299e+01
"                 393",8.209548321938e-01,4.952691609441e-01,-7.386410806233e+01,8.332351643661e-01,5.002931600872e-01,-9.603674825402e+01,1.228033217237e-02,5.023999143020e-03,-2.217264019169e+01
"                 394",8.465373701190e-01,4.320823562113e-01,-7.409337604374e+01,8.583432552353e-01,4.375646709701e-01,-9.636635397958e+01,1.180588511633e-02,5.482314758813e-03,-2.227297793583e+01
"                 395",8.452275671610e-01,3.755139593369e-01,-7.431859063706e+01,8.564943836278e-01,3.814028853564e-01,-9.669158559422e+01,1.126681646676e-02,5.888926019524e-03,-2.237299495716e+01
"                 396",8.124664435879e-01,3.255622610545e-01,-7.451665433831e+01,8.231336526120e-01,3.318389217071e-01,-9.698941930329e+01,1.066720902411e-02,6.276660652524e-03,-2.247276496498e+01
"                 397",7.715313710640e-01,2.873950904040e-01,-7.471671164679e+01,7.815872395794e-01,2.940007473757e-01,-9.728905230537e+01,1.005586851541e-02,6.605656971724e-03,-2.257234065858e+01
"                 398",7.422197872563e-01,2.704255518216e-01,-7.493840057332e+01,7.516652751884e-01,2.773392714663e-01,-9.761013188965e+01,9.445487932125e-03,6.913719644683e-03,-2.267173131634e+01
"                 399",7.265303462696e-01,2.873604371806e-01,-7.516648585752e+01,7.354042841589e-01,2.945430133170e-01,-9.793750394369e+01,8.873937889254e-03,7.182576136376e-03,-2.277101808617e+01
"                 400",7.155227086591e-01,3.284429423724e-01,-7.538501203125e+01,7.238963714244e-01,3.358638608187e-01,-9.825522678441e+01,8.373662765365e-03,7.420918446292e-03,-2.287021475316e+01
"                 401",6.906367993229e-01,3.783810847665e-01,-7.559240999040e+01,6.985920729618e-01,3.859398486787e-01,-9.856170611216e+01,7.955273638936e-03,7.558763912166e-03,-2.296929612176e+01
"                 402",6.363421013446e-01,4.468951064314e-01,-7.580315979253e+01,6.439732000284e-01,4.545011608019e-01,-9.887140302451e+01,7.631098683805e-03,7.606054370499e-03,-2.306824323198e+01
"                 403",5.582983579638e-01,5.289293557151e-01,-7.601934992667e+01,5.656511355266e-01,5.365066702108e-01,-9.918636208503e+01,7.352777562791e-03,7.577314495720e-03,-2.316701215836e+01
"                 404",4.734546592742e-01,6.255781110237e-01,-7.623703159467e+01,4.805815705835e-01,6.330550475414e-01,-9.950259983668e+01,7.126911309284e-03,7.476936517714e-03,-2.326556824201e+01
"                 405",3.759615132057e-01,7.266065344137e-01,-7.645076926228e+01,3.829721331925e-01,7.339316157213e-01,-9.981456382222e+01,7.010619986777e-03,7.325081307517e-03,-2.336379455994e+01
"                 406",2.467134477122e-01,8.416907376351e-01,-7.665351707207e+01,2.537452569666e-01,8.488276090418e-01,-1.001151472470e+02,7.031809254344e-03,7.136871406740e-03,-2.346163017488e+01
"                 407",8.636989578093e-02,9.861593966735e-01,-7.684534511809e+01,9.352100063699e-02,9.930666376344e-01,-1.004043081178e+02,7.151104856059e-03,6.907240960816e-03,-2.355896299966e+01
"                 408",-8.802081310586e-02,1.139358533820e+00,-7.703470281681e+01,-8.062867320772e-02,1.146003305942e+00,-1.006903979446e+02,7.392139898139e-03,6.644772122064e-03,-2.365569512777e+01
"                 409",-2.593602716020e-01,1.297914389721e+00,-7.722774173220e+01,-2.516532698685e-01,1.304229536645e+00,-1.009794234776e+02,7.707001733546e-03,6.315146923064e-03,-2.375168174536e+01
"                 410",-4.071972461954e-01,1.465280185920e+00,-7.742292022556e+01,-3.991481366336e-01,1.471269764760e+00,-1.012698582586e+02,8.049109561839e-03,5.989578840089e-03,-2.384693803306e+01
"                 411",-5.310707891554e-01,1.640536634175e+00,-7.762178693032e+01,-5.226299081027e-01,1.646235486872e+00,-1.015632016634e+02,8.440881052740e-03,5.698852697435e-03,-2.394141473305e+01
"                 412",-6.285003075649e-01,1.799713043406e+00,-7.782344693612e+01,-6.196156100219e-01,1.805125002849e+00,-1.018585480434e+02,8.884697542935e-03,5.411959442911e-03,-2.403510110731e+01
"                 413",-6.994130488626e-01,1.934918149950e+00,-7.802507483187e+01,-6.900757125285e-01,1.940097988875e+00,-1.021530941170e+02,9.337336334107e-03,5.179838924985e-03,-2.412801928517e+01
"                 414",-7.330922678570e-01,2.048441711372e+00,-7.822990954224e+01,-7.233288164123e-01,2.053444955373e+00,-1.024501248384e+02,9.763451444665e-03,5.003244000372e-03,-2.422021529615e+01
"                 415",-7.194121927595e-01,2.143057355846e+00,-7.843242793695e+01,-7.092129311963e-01,2.147940141737e+00,-1.027441419383e+02,1.019926156318e-02,4.882785891306e-03,-2.431171400132e+01
"                 416",-6.643439342169e-01,2.217381729469e+00,-7.862637446540e+01,-6.536633181157e-01,2.222172372285e+00,-1.030289768740e+02,1.068061610120e-02,4.790642816189e-03,-2.440260240860e+01
"                 417",-5.839668895711e-01,2.265473973246e+00,-7.881472420098e+01,-5.727379185292e-01,2.270204800598e+00,-1.033077311453e+02,1.122897104192e-02,4.730827352287e-03,-2.449300694436e+01
"                 418",-4.923276373740e-01,2.289605364817e+00,-7.900457872548e+01,-4.805198644565e-01,2.294177222013e+00,-1.035876198669e+02,1.180777291752e-02,4.571857195720e-03,-2.458304114143e+01
"                 419",-4.160445864505e-01,2.280681293248e+00,-7.919623176881e+01,-4.035571175481e-01,2.285043925665e+00,-1.038691367563e+02,1.248746890237e-02,4.362632417040e-03,-2.467290498747e+01
"                 420",-3.578033271256e-01,2.237902409356e+00,-7.937317592514e+01,-3.446811382829e-01,2.241965439840e+00,-1.041358608762e+02,1.312218884273e-02,4.063030483876e-03,-2.476268495102e+01
"                 421",-3.034937074885e-01,2.180152362320e+00,-7.954276430743e+01,-2.897505442941e-01,2.183887803519e+00,-1.043952432823e+02,1.374316319432e-02,3.735441198137e-03,-2.485247897486e+01
"                 422",-2.323161708911e-01,2.111557023482e+00,-7.970843606996e+01,-2.180199040917e-01,2.114959859743e+00,-1.046506908989e+02,1.429626679941e-02,3.402836260626e-03,-2.494225482897e+01
"                 423",-1.500683810314e-01,2.026557439911e+00,-7.987204711709e+01,-1.352840045557e-01,2.029682626231e+00,-1.049039896754e+02,1.478437647566e-02,3.125186319634e-03,-2.503194255831e+01
"                 424",-6.121321346819e-02,1.918082989517e+00,-8.002671607299e+01,-4.609715395952e-02,1.920981325976e+00,-1.051480691648e+02,1.511605950867e-02,2.898336458529e-03,-2.512135309184e+01
"                 425",2.760334094961e-02,1.790207617561e+00,-8.017605668083e+01,4.282866124699e-02,1.792905730635e+00,-1.053864252954e+02,1.522532029738e-02,2.698113074180e-03,-2.521036861457e+01
"                 426",1.358559178854e-01,1.640530735746e+00,-8.032874083399e+01,1.509231035799e-01,1.643022197614e+00,-1.056274803355e+02,1.506718569455e-02,2.491461868132e-03,-2.529873950155e+01
"                 427",2.699408773978e-01,1.489468007530e+00,-8.048618708415e+01,2.847370424718e-01,1.491752434795e+00,-1.058724814306e+02,1.479616507401e-02,2.284427265361e-03,-2.538629434644e+01
"                 428",4.242766147698e-01,1.348120738390e+00,-8.064769186283e+01,4.387807253705e-01,1.350242321004e+00,-1.061206165538e+02,1.450411060073e-02,2.121582613610e-03,-2.547292469093e+01
"                 429",5.760313937726e-01,1.227709339803e+00,-8.082144201835e+01,5.902383761131e-01,1.229798056835e+00,-1.063800437512e+02,1.420698234051e-02,2.088717031802e-03,-2.555860173280e+01
"                 430",7.007791520838e-01,1.123664732668e+00,-8.100853287068e+01,7.146997219189e-01,1.125785505977e+00,-1.066518605883e+02,1.392056983510e-02,2.120773309677e-03,-2.564332771761e+01
"                 431",7.895214493545e-01,1.036428529038e+00,-8.119723577856e+01,8.030938611853e-01,1.038596497850e+00,-1.069243913221e+02,1.357241183081e-02,2.167968812679e-03,-2.572715554350e+01
"                 432",8.397069574607e-01,9.756956147254e-01,-8.138049319747e+01,8.528375909880e-01,9.779465602528e-01,-1.071905411534e+02,1.313063352722e-02,2.250945527439e-03,-2.581004795591e+01
"                 433",8.470841555932e-01,9.562805855163e-01,-8.155609491463e+01,8.596346993959e-01,9.586905063819e-01,-1.074481662986e+02,1.255054380270e-02,2.409920865572e-03,-2.589207138397e+01
"                 434",8.171684751647e-01,9.916588240416e-01,-8.172488167331e+01,8.289952432988e-01,9.942964337792e-01,-1.076983002888e+02,1.182676813413e-02,2.637609737532e-03,-2.597341861550e+01
"                 435",7.560953386486e-01,1.058917904678e+00,-8.188720782343e+01,7.671217538799e-01,1.061894019818e+00,-1.079414298201e+02,1.102641523129e-02,2.976115139965e-03,-2.605422199667e+01
"                 436",6.644803733431e-01,1.131133288513e+00,-8.204504272322e+01,6.746259671995e-01,1.134505585250e+00,-1.081796734141e+02,1.014559385642e-02,3.372296737293e-03,-2.613463069085e+01
"                 437",5.545941386330e-01,1.201398765832e+00,-8.220542165045e+01,5.638711397278e-01,1.205276100092e+00,-1.084201787166e+02,9.277001094808e-03,3.877334260137e-03,-2.621475706620e+01
"                 438",4.465661970245e-01,1.277102775132e+00,-8.237545013704e+01,4.549215823166e-01,1.281572045401e+00,-1.086702556739e+02,8.355385292073e-03,4.469270269579e-03,-2.629480553690e+01
"                 439",3.568067256971e-01,1.367193374152e+00,-8.254793237876e+01,3.643538808042e-01,1.372407301949e+00,-1.089227449500e+02,7.547155107062e-03,5.213927796857e-03,-2.637481257123e+01
"                 440",2.906480771944e-01,1.469133133158e+00,-8.271585098859e+01,2.974192994931e-01,1.475198710708e+00,-1.091706393683e+02,6.771222298717e-03,6.065577549773e-03,-2.645478837967e+01
"                 441",2.669408630387e-01,1.578391830215e+00,-8.287740769794e+01,2.730377582559e-01,1.585370724438e+00,-1.094121440408e+02,6.096895217226e-03,6.978894222547e-03,-2.653473634289e+01
"                 442",2.570404115846e-01,1.692497216952e+00,-8.302376146845e+01,2.624957644259e-01,1.700354679333e+00,-1.096383613529e+02,5.455352841261e-03,7.857462381106e-03,-2.661459988441e+01
"                 443",2.292904760489e-01,1.826800758090e+00,-8.315257954812e+01,2.341716759408e-01,1.835459133742e+00,-1.098468741553e+02,4.881199891935e-03,8.658375652374e-03,-2.669429460715e+01
"                 444",1.653193657720e-01,1.981679168915e+00,-8.326913736631e+01,1.696268121039e-01,1.991040724335e+00,-1.100427818654e+02,4.307446331910e-03,9.361555419450e-03,-2.677364449909e+01
"                 445",6.587665240247e-02,2.157992468869e+00,-8.337851556186e+01,6.967290001072e-02,2.167944554212e+00,-1.102309971011e+02,3.796247608254e-03,9.952085343249e-03,-2.685248153926e+01
"                 446",-7.464142622553e-02,2.342330155489e+00,-8.349045424683e+01,-7.120310765122e-02,2.352705359849e+00,-1.104211231213e+02,3.438318574303e-03,1.037520435957e-02,-2.693066887450e+01
"                 447",-2.276722230155e-01,2.522696869577e+00,-8.361557784716e+01,-2.243562207587e-01,2.533340502939e+00,-1.106236422314e+02,3.316002256800e-03,1.064363336235e-02,-2.700806438421e+01
"                 448",-3.954205720752e-01,2.683885331384e+00,-8.375067039903e+01,-3.920394582693e-01,2.694630416440e+00,-1.108352068773e+02,3.381113805878e-03,1.074508505586e-02,-2.708453647825e+01
"                 449",-5.746027691625e-01,2.806489491265e+00,-8.388490080526e+01,-5.709813893560e-01,2.817175002046e+00,-1.110447889596e+02,3.621379806541e-03,1.068551078036e-02,-2.715988815431e+01
"                 450",-7.461756491681e-01,2.880397573917e+00,-8.401952370651e+01,-7.422575167346e-01,2.890824806247e+00,-1.112536661073e+02,3.918132433532e-03,1.042723233039e-02,-2.723414240083e+01
"                 451",-8.831849893093e-01,2.909174297416e+00,-8.415748864346e+01,-8.789518478099e-01,2.919195846348e+00,-1.114648064101e+02,4.233141499413e-03,1.002154893222e-02,-2.730731776659e+01
"                 452",-9.659490954290e-01,2.880195831117e+00,-8.429779374317e+01,-9.613470535250e-01,2.889617764333e+00,-1.116772707046e+02,4.602041904057e-03,9.421933216420e-03,-2.737947696146e+01
"                 453",-9.778999765217e-01,2.783498424499e+00,-8.443815344553e+01,-9.728327934417e-01,2.792130327104e+00,-1.118888239593e+02,5.067183079971e-03,8.631902604619e-03,-2.745067051381e+01
"                 454",-9.087647933032e-01,2.635682531323e+00,-8.458505178408e+01,-9.031838349657e-01,2.643349007495e+00,-1.121061761463e+02,5.580958337571e-03,7.666476172577e-03,-2.752112436221e+01
"                 455",-7.803775616851e-01,2.459902459081e+00,-8.473503663604e+01,-7.742353535803e-01,2.466465393204e+00,-1.123260238085e+02,6.142208104840e-03,6.562934123053e-03,-2.759098717243e+01
"                 456",-6.288142557610e-01,2.276550672850e+00,-8.488057799943e+01,-6.220005442195e-01,2.281831741577e+00,-1.125409451604e+02,6.813711541496e-03,5.281068727163e-03,-2.766036716093e+01
"                 457",-4.902803394374e-01,2.096648102655e+00,-8.501923464036e+01,-4.828085526968e-01,2.100566869150e+00,-1.127487178514e+02,7.471786740611e-03,3.918766494879e-03,-2.772948321107e+01
"                 458",-3.930260163741e-01,1.925090593143e+00,-8.516044827092e+01,-3.847860609065e-01,1.927623425944e+00,-1.129589004857e+02,8.239955467601e-03,2.532832801129e-03,-2.779845221476e+01
"                 459",-3.191207202004e-01,1.752953007013e+00,-8.529684774340e+01,-3.101754622929e-01,1.754151528276e+00,-1.131643050117e+02,8.945257907510e-03,1.198521262532e-03,-2.786745726828e+01
"                 460",-2.550114593048e-01,1.599961737222e+00,-8.542186693239e+01,-2.453703256513e-01,1.599883954038e+00,-1.133584063902e+02,9.641133653472e-03,-7.778318412992e-05,-2.793653945777e+01
"                 461",-1.951726357194e-01,1.473482785574e+00,-8.553080491790e+01,-1.849567768266e-01,1.472306328767e+00,-1.135364698205e+02,1.021585889276e-02,-1.176456806675e-03,-2.800566490259e+01
"                 462",-1.494498266912e-01,1.351243084870e+00,-8.561997710152e+01,-1.387059591411e-01,1.349187309698e+00,-1.136947714321e+02,1.074386755009e-02,-2.055775171914e-03,-2.807479433060e+01
"                 463",-1.053830985588e-01,1.216507951195e+00,-8.568830129627e+01,-9.427883397002e-02,1.213841474767e+00,-1.138321015120e+02,1.110426458876e-02,-2.666476427963e-03,-2.814380021577e+01
"                 464",-5.035786755073e-02,1.060829322123e+00,-8.576110695889e+01,-3.911209134202e-02,1.057800620188e+00,-1.139735677832e+02,1.124577620871e-02,-3.028701934647e-03,-2.821246082433e+01
"                 465",4.140534152631e-02,9.063445936559e-01,-8.585684959933e+01,5.249395280648e-02,9.031849195468e-01,-1.141374140946e+02,1.108861128017e-02,-3.159674109138e-03,-2.828056449523e+01
"                 466",1.837701567824e-01,7.731786906380e-01,-8.597689523956e+01,1.944228768470e-01,7.700646403337e-01,-1.143247720516e+02,1.065272006458e-02,-3.114050304330e-03,-2.834787681202e+01
"                 467",3.496184480123e-01,6.745036958480e-01,-8.609815275539e+01,3.597303181828e-01,6.717416676370e-01,-1.145123232766e+02,1.011187017044e-02,-2.762028211009e-03,-2.841417052118e+01
"                 468",5.139096655995e-01,6.279211253240e-01,-8.621482188921e+01,5.234462446412e-01,6.257981655527e-01,-1.146941184081e+02,9.536579041759e-03,-2.122959771322e-03,-2.847929651893e+01
"                 469",6.587921161540e-01,6.516274558967e-01,-8.633686703827e+01,6.677678545124e-01,6.504714994389e-01,-1.148800817461e+02,8.975738358427e-03,-1.155956457831e-03,-2.854321470780e+01
"                 470",7.772952372486e-01,7.349944383694e-01,-8.647260906475e+01,7.856495383744e-01,7.350073600008e-01,-1.150786102501e+02,8.354301125812e-03,1.292163137850e-05,-2.860600118532e+01
"                 471",8.547988391840e-01,8.706486321773e-01,-8.660649135874e+01,8.624501000974e-01,8.720101027469e-01,-1.152741647281e+02,7.651260913347e-03,1.361470569527e-03,-2.866767336937e+01
"                 472",8.841023721154e-01,1.055223947557e+00,-8.671974679836e+01,8.909461916856e-01,1.058084401463e+00,-1.154481330531e+02,6.843819570165e-03,2.860453906274e-03,-2.872838625471e+01
"                 473",8.622575544947e-01,1.265157890201e+00,-8.682657931470e+01,8.681433187049e-01,1.269561285381e+00,-1.156149822518e+02,5.885764210208e-03,4.403395180080e-03,-2.878840293715e+01
"                 474",7.730203415096e-01,1.491953284176e+00,-8.694171865555e+01,7.778170672106e-01,1.497971185641e+00,-1.157897281672e+02,4.796725701022e-03,6.017901465334e-03,-2.884800951169e+01
"                 475",6.265356496163e-01,1.726130994126e+00,-8.705944025368e+01,6.301407179837e-01,1.733744245703e+00,-1.159668745663e+02,3.605068367411e-03,7.613251577383e-03,-2.890743431266e+01
"                 476",4.488034065847e-01,1.941281824848e+00,-8.717950573043e+01,4.511335536878e-01,1.950422860879e+00,-1.161463247882e+02,2.330147103083e-03,9.141036030923e-03,-2.896681905781e+01
"                 477",2.723752663355e-01,2.130393958399e+00,-8.729519348394e+01,2.734286314129e-01,2.140949550788e+00,-1.163214623551e+02,1.053365077370e-03,1.055559238937e-02,-2.902626887117e+01
"                 478",1.310792520760e-01,2.289648555780e+00,-8.740247170516e+01,1.308921294039e-01,2.301515374185e+00,-1.164883206747e+02,-1.871226720649e-04,1.186681840551e-02,-2.908584896951e+01
"                 479",5.066826643767e-02,2.419683379642e+00,-8.750475259375e+01,4.934792983384e-02,2.432688875787e+00,-1.166502807726e+02,-1.320336603823e-03,1.300549614506e-02,-2.914552817885e+01
"                 480",7.049975812237e-03,2.538190854303e+00,-8.759260007374e+01,4.677328179523e-03,2.552039660508e+00,-1.167979217964e+02,-2.372647632713e-03,1.384880620543e-02,-2.920532172263e+01
"                 481",-3.907627967709e-02,2.667986617035e+00,-8.765780825440e+01,-4.240443162953e-02,2.682356759429e+00,-1.169230225002e+02,-3.328151952442e-03,1.437014239400e-02,-2.926521424580e+01
"                 482",-1.213408199027e-01,2.811570718252e+00,-8.771240321659e+01,-1.255732199794e-01,2.826119979275e+00,-1.170373723870e+02,-4.232400076700e-03,1.454926102280e-02,-2.932496917042e+01
"                 483",-2.298205705707e-01,2.969522229510e+00,-8.777404687811e+01,-2.347978062285e-01,2.983910302921e+00,-1.171583422013e+02,-4.977235657792e-03,1.438807341131e-02,-2.938429532316e+01
"                 484",-3.687153503048e-01,3.132100240105e+00,-8.785772450345e+01,-3.741879957488e-01,3.146028833958e+00,-1.173005825533e+02,-5.472645443977e-03,1.392859385280e-02,-2.944285804990e+01
"                 485",-5.243917751965e-01,3.270530134256e+00,-8.796869615401e+01,-5.300232289783e-01,3.283787355760e+00,-1.174691367364e+02,-5.631453781807e-03,1.325722150404e-02,-2.950044058234e+01
"                 486",-6.845708993825e-01,3.370215510587e+00,-8.809866504521e+01,-6.900321254601e-01,3.382590170372e+00,-1.176554123969e+02,-5.461226077556e-03,1.237465978495e-02,-2.955674735174e+01
"                 487",-8.264826268584e-01,3.413374287158e+00,-8.823846839362e+01,-8.315584327911e-01,3.424726499100e+00,-1.178501012455e+02,-5.075805932650e-03,1.135221194234e-02,-2.961163285191e+01
"                 488",-9.456753299419e-01,3.401695044914e+00,-8.838509929870e+01,-9.502648421697e-01,3.411923106967e+00,-1.180502924927e+02,-4.589512227848e-03,1.022806205370e-02,-2.966519319397e+01
"                 489",-9.893688275999e-01,3.345134470930e+00,-8.852997323380e+01,-9.933616633436e-01,3.354156508694e+00,-1.182476074034e+02,-3.992835743656e-03,9.022037763490e-03,-2.971763416961e+01
"                 490",-9.482144473110e-01,3.244028887235e+00,-8.865925969983e+01,-9.514239002779e-01,3.251730642188e+00,-1.184282524243e+02,-3.209452966860e-03,7.701754952827e-03,-2.976899272446e+01
"                 491",-8.481980074506e-01,3.113661785589e+00,-8.879745020159e+01,-8.503969973437e-01,3.119993621120e+00,-1.186170066191e+02,-2.198989893168e-03,6.331835530948e-03,-2.981955641754e+01
"                 492",-7.164570337872e-01,2.966968628618e+00,-8.895098378473e+01,-7.175359070475e-01,2.971912907815e+00,-1.188206239016e+02,-1.078873260294e-03,4.944279197326e-03,-2.986964011687e+01
"                 493",-5.562547824261e-01,2.816208883379e+00,-8.909548375033e+01,-5.561199426116e-01,2.819793163604e+00,-1.190149645343e+02,1.348398144221e-04,3.584280225635e-03,-2.991948078398e+01
"                 494",-3.741985494948e-01,2.685424203865e+00,-8.922922864574e+01,-3.727574390909e-01,2.687685277374e+00,-1.191985987909e+02,1.441110403924e-03,2.261073509120e-03,-2.996937014514e+01
"                 495",-1.898027789143e-01,2.565155755080e+00,-8.935270173476e+01,-1.870538399110e-01,2.566270855202e+00,-1.193721712089e+02,2.748939003318e-03,1.115100121668e-03,-3.001946947417e+01
"                 496",-2.725071326427e-02,2.449710407019e+00,-8.946086086943e+01,-2.317528539303e-02,2.449856396159e+00,-1.195307262919e+02,4.075427871237e-03,1.459891404154e-04,-3.006986542244e+01
"                 497",1.196380779470e-01,2.348827657025e+00,-8.954962760243e+01,1.249971260879e-01,2.348284643814e+00,-1.196702490200e+02,5.359048140907e-03,-5.430132115498e-04,-3.012062141754e+01
"                 498",2.646208916669e-01,2.245282579996e+00,-8.960739353937e+01,2.711669787091e-01,2.244313428499e+00,-1.197790526005e+02,6.546087042258e-03,-9.691514969591e-04,-3.017165906108e+01
"                 499",4.149975730268e-01,2.118891036979e+00,-8.963351503872e+01,4.225952215038e-01,2.117863761797e+00,-1.198563662824e+02,7.597648476942e-03,-1.027275182350e-03,-3.022285124368e+01
"                 500",5.497104165362e-01,1.965459067450e+00,-8.965587519941e+01,5.581820881914e-01,1.964645270828e+00,-1.199299360398e+02,8.471671655238e-03,-8.137966225391e-04,-3.027406084038e+01
"                 501",6.711695510063e-01,1.788579937789e+00,-8.970529965288e+01,6.803063105589e-01,1.788275879793e+00,-1.200303319227e+02,9.136759552612e-03,-3.040579960190e-04,-3.032503226982e+01
"                 502",8.106741357069e-01,1.612284476489e+00,-8.978173827684e+01,8.201415846534e-01,1.612705166381e+00,-1.201571386826e+02,9.467448946493e-03,4.206898917342e-04,-3.037540040579e+01
"                 503",9.847838089030e-01,1.469078227743e+00,-8.987140385285e+01,9.942000539833e-01,1.470354854307e+00,-1.202963391979e+02,9.416245080293e-03,1.276626564105e-03,-3.042493534500e+01
"                 504",1.164725762232e+00,1.374058910863e+00,-8.996197766328e+01,1.173761389283e+00,1.376321429381e+00,-1.204353984282e+02,9.035627050756e-03,2.262518518395e-03,-3.047342076491e+01
"                 505",1.306576465741e+00,1.322178914000e+00,-9.005563084971e+01,1.315090392963e+00,1.325458869620e+00,-1.205763518325e+02,8.513927222196e-03,3.279955620578e-03,-3.052072098282e+01
"                 506",1.391709170281e+00,1.316807246898e+00,-9.016242151579e+01,1.399620916398e+00,1.321181482053e+00,-1.207292268075e+02,7.911746116200e-03,4.374235155463e-03,-3.056680529172e+01
"                 507",1.429055046306e+00,1.358378675687e+00,-9.027914569157e+01,1.436295093847e+00,1.363871893491e+00,-1.208909718631e+02,7.240047541820e-03,5.493217803934e-03,-3.061182617156e+01
"                 508",1.409881761512e+00,1.448100841036e+00,-9.039453160311e+01,1.416280944694e+00,1.454722864584e+00,-1.210504049330e+02,6.399183181543e-03,6.622023548360e-03,-3.065587332988e+01
"                 509",1.319243511406e+00,1.577922996988e+00,-9.050617033933e+01,1.324676891763e+00,1.585648548461e+00,-1.212054783676e+02,5.433380357054e-03,7.725551473045e-03,-3.069930802831e+01
"                 510",1.164663525811e+00,1.736919192678e+00,-9.061797819716e+01,1.168955823427e+00,1.745782573925e+00,-1.213603060060e+02,4.292297616684e-03,8.863381247615e-03,-3.074232780880e+01
"                 511",9.564210882474e-01,1.895219458843e+00,-9.072704240990e+01,9.593704633402e-01,1.905241207596e+00,-1.215123084736e+02,2.949375092807e-03,1.002174875280e-02,-3.078526606366e+01
"                 512",7.151230344060e-01,2.050913771771e+00,-9.083418977968e+01,7.166056688264e-01,2.062032651166e+00,-1.216624460443e+02,1.482634420426e-03,1.111887939578e-02,-3.082825626463e+01
"                 513",4.732271693773e-01,2.199361548564e+00,-9.093864764871e+01,4.731457392439e-01,2.211518545057e+00,-1.218100149936e+02,-8.143013333284e-05,1.215699649242e-02,-3.087136734489e+01
"                 514",2.694073192525e-01,2.339015556643e+00,-9.103798786849e+01,2.677144893288e-01,2.352120768295e+00,-1.219527587637e+02,-1.692829923710e-03,1.310521165142e-02,-3.091477089519e+01
"                 515",1.361102914648e-01,2.484359281459e+00,-9.112782555548e+01,1.328881748868e-01,2.498289151406e+00,-1.220862834966e+02,-3.222116578008e-03,1.392986994673e-02,-3.095845794117e+01
"                 516",5.923599066378e-02,2.643290462791e+00,-9.119198759339e+01,5.458260576887e-02,2.657878599406e+00,-1.221943904118e+02,-4.653384894914e-03,1.458813661568e-02,-3.100240281843e+01
"                 517",-1.674638583998e-02,2.827617620516e+00,-9.123053848863e+01,-2.271547328201e-02,2.842622601688e+00,-1.222771006232e+02,-5.969087442029e-03,1.500498117216e-02,-3.104656213456e+01
"                 518",-1.240415508158e-01,3.045831565182e+00,-9.126807984583e+01,-1.312329202819e-01,3.060961444327e+00,-1.223588401269e+02,-7.191369466073e-03,1.512987914506e-02,-3.109076028108e+01
"                 519",-2.777581671202e-01,3.273776788604e+00,-9.132497100237e+01,-2.859986268845e-01,3.288717538840e+00,-1.224597275059e+02,-8.240459764303e-03,1.494075023592e-02,-3.113475650353e+01
"                 520",-4.566808082463e-01,3.486060443645e+00,-9.141457784570e+01,-4.656775678589e-01,3.500555169484e+00,-1.225927427018e+02,-8.996759612583e-03,1.449472583852e-02,-3.117816485610e+01
"                 521",-6.229867340882e-01,3.641219277078e+00,-9.152939765860e+01,-6.323721840131e-01,3.655149555601e+00,-1.227501425494e+02,-9.385449924909e-03,1.393027852385e-02,-3.122074489081e+01
"                 522",-7.547747366561e-01,3.735574659346e+00,-9.165304549416e+01,-7.640310324951e-01,3.748894712110e+00,-1.229152636151e+02,-9.256295839085e-03,1.332005276350e-02,-3.126221812096e+01
"                 523",-8.444737576001e-01,3.762809986062e+00,-9.177551044630e+01,-8.532223930005e-01,3.775483027824e+00,-1.230779950747e+02,-8.748635400420e-03,1.267304176125e-02,-3.130248462842e+01
"                 524",-8.719405542080e-01,3.724027860024e+00,-9.190681167679e+01,-8.799085566355e-01,3.735989523002e+00,-1.232483116141e+02,-7.968002427596e-03,1.196166297849e-02,-3.134149993733e+01
"                 525",-8.314351922686e-01,3.626911129593e+00,-9.203922978187e+01,-8.384079746684e-01,3.638139186768e+00,-1.234186762232e+02,-6.972782399752e-03,1.122805717531e-02,-3.137944644134e+01
"                 526",-7.264170143916e-01,3.483804789898e+00,-9.216825352360e+01,-7.322257510735e-01,3.494331328003e+00,-1.235847488290e+02,-5.808736681914e-03,1.052653810520e-02,-3.141649530542e+01
"                 527",-5.634918222406e-01,3.296061039924e+00,-9.229271155525e+01,-5.678731197640e-01,3.305762789405e+00,-1.237455250115e+02,-4.381297523403e-03,9.701749480342e-03,-3.145281345621e+01
"                 528",-3.649637727470e-01,3.065420845891e+00,-9.241234379803e+01,-3.676948033484e-01,3.074192324235e+00,-1.239011314642e+02,-2.731030601426e-03,8.771478343863e-03,-3.148878766617e+01
"                 529",-1.431892983080e-01,2.815072792720e+00,-9.252258264109e+01,-1.441802510558e-01,2.822735627217e+00,-1.240472714856e+02,-9.909527477072e-04,7.662834496810e-03,-3.152468884456e+01
"                 530",7.797120104939e-02,2.577346412886e+00,-9.261849302262e+01,7.882297607706e-02,2.583816912125e+00,-1.241792744205e+02,8.517750276703e-04,6.470499238576e-03,-3.156078139791e+01
"                 531",2.915377498012e-01,2.365404631773e+00,-9.269074569341e+01,2.942512115004e-01,2.370573921374e+00,-1.242880861511e+02,2.713461699179e-03,5.169289601238e-03,-3.159734045766e+01
"                 532",4.830228500455e-01,2.152978404249e+00,-9.274274979385e+01,4.875428400502e-01,2.156935815784e+00,-1.243772576999e+02,4.519990004711e-03,3.957411535069e-03,-3.163450790609e+01
"                 533",6.633635220590e-01,1.921193994994e+00,-9.277729118249e+01,6.695511455476e-01,1.924059455472e+00,-1.244495889981e+02,6.187623488553e-03,2.865460478171e-03,-3.167229781563e+01
"                 534",8.252749929639e-01,1.661505593426e+00,-9.279482187867e+01,8.329782448123e-01,1.663484523023e+00,-1.245053683845e+02,7.703251848458e-03,1.978929596635e-03,-3.171054650582e+01
"                 535",9.593611065193e-01,1.397559796173e+00,-9.281490802485e+01,9.683195850755e-01,1.398905657896e+00,-1.245639231583e+02,8.958478556280e-03,1.345861723268e-03,-3.174901513342e+01
"                 536",1.085296397313e+00,1.152958983071e+00,-9.285505841471e+01,1.095258448698e+00,1.153935955918e+00,-1.246424269697e+02,9.962051385126e-03,9.769728470065e-04,-3.178736855496e+01
"                 537",1.226992879654e+00,9.517256917314e-01,-9.292288678506e+01,1.237600140536e+00,9.525551092030e-01,-1.247480940341e+02,1.060726088202e-02,8.294174716789e-04,-3.182520724904e+01
"                 538",1.378772742644e+00,8.140334387379e-01,-9.300652513247e+01,1.389587208355e+00,8.149000720461e-01,-1.248686453468e+02,1.081446571125e-02,8.666333081868e-04,-3.186212021433e+01
"                 539",1.529138194822e+00,7.505068747115e-01,-9.308774202418e+01,1.539688489228e+00,7.514774181515e-01,-1.249856003553e+02,1.055029440565e-02,9.705434399298e-04,-3.189785833114e+01
"                 540",1.640237120098e+00,7.676759851215e-01,-9.317561885248e+01,1.650328758482e+00,7.689101234937e-01,-1.251079937329e+02,1.009163838349e-02,1.234138372200e-03,-3.193237488043e+01
"                 541",1.687901359628e+00,8.711289131934e-01,-9.328188552918e+01,1.697449461199e+00,8.728674325602e-01,-1.252476333002e+02,9.548101571554e-03,1.738519366797e-03,-3.196574777102e+01
"                 542",1.677986869990e+00,1.051782909320e+00,-9.340029184841e+01,1.686832367836e+00,1.054275886771e+00,-1.253983761144e+02,8.845497845877e-03,2.492977451194e-03,-3.199808426602e+01
"                 543",1.621437933227e+00,1.283849003424e+00,-9.351424575997e+01,1.629343451193e+00,1.287289496087e+00,-1.255438602414e+02,7.905517965960e-03,3.440492663419e-03,-3.202961448140e+01
"                 544",1.520680153055e+00,1.549870455190e+00,-9.362912181273e+01,1.527471698173e+00,1.554554016592e+00,-1.256896471797e+02,6.791545117775e-03,4.683561402369e-03,-3.206052536697e+01
"                 545",1.346329245140e+00,1.837009169871e+00,-9.374861641118e+01,1.351885883508e+00,1.843108193830e+00,-1.258399458381e+02,5.556638367897e-03,6.099023959060e-03,-3.209132942688e+01
"                 546",1.126418093429e+00,2.134035807596e+00,-9.386079375464e+01,1.130454731526e+00,2.141688698557e+00,-1.259830475372e+02,4.036638097050e-03,7.652890961250e-03,-3.212225378261e+01
"                 547",8.805482720218e-01,2.420205991070e+00,-9.396115024702e+01,8.829475818810e-01,2.429518820974e+00,-1.261147813963e+02,2.399309859269e-03,9.312829904124e-03,-3.215363114929e+01
"                 548",6.220225306425e-01,2.687417674778e+00,-9.404437485164e+01,6.226410751226e-01,2.698430904633e+00,-1.262298792825e+02,6.185444801400e-04,1.101322985443e-02,-3.218550443081e+01
"                 549",3.923879384625e-01,2.934446567583e+00,-9.411745123842e+01,3.912122071863e-01,2.947080825790e+00,-1.263354506290e+02,-1.175731276217e-03,1.263425820763e-02,-3.221799939054e+01
"                 550",2.082688840437e-01,3.181657880690e+00,-9.417474819521e+01,2.052686407700e-01,3.195810940300e+00,-1.264258555047e+02,-3.000243273767e-03,1.415305960989e-02,-3.225110730944e+01
"                 551",5.066894131329e-02,3.444355040425e+00,-9.421876674895e+01,4.597631106143e-02,3.459849571230e+00,-1.265034732932e+02,-4.692630251865e-03,1.549453080496e-02,-3.228470654426e+01
"                 552",-1.115221961751e-01,3.704815574158e+00,-9.426371623608e+01,-1.177930049470e-01,3.721389504805e+00,-1.265822889049e+02,-6.270808771834e-03,1.657393064757e-02,-3.231857266883e+01
"                 553",-2.864988745332e-01,3.939857625243e+00,-9.431775245955e+01,-2.942183380107e-01,3.957210608038e+00,-1.266701830433e+02,-7.719463477508e-03,1.735298279521e-02,-3.235243058379e+01
"                 554",-4.910524370749e-01,4.110230658540e+00,-9.439607578891e+01,-4.999497644633e-01,4.128138404641e+00,-1.267819296217e+02,-8.897327388458e-03,1.790774610147e-02,-3.238585383274e+01
"                 555",-6.803142412136e-01,4.198704236278e+00,-9.448738647684e+01,-6.899933823874e-01,4.216981368954e+00,-1.269059038393e+02,-9.679141173809e-03,1.827713267565e-02,-3.241851736243e+01
"                 556",-8.354677655959e-01,4.205661922664e+00,-9.458453790937e+01,-8.454619854972e-01,4.224117322188e+00,-1.270346431680e+02,-9.994219901254e-03,1.845539952343e-02,-3.245010525858e+01
"                 557",-9.485440340968e-01,4.137797217547e+00,-9.469569823487e+01,-9.582799511241e-01,4.156060004614e+00,-1.271761406599e+02,-9.735917027324e-03,1.826278706713e-02,-3.248044242506e+01
"                 558",-9.983351747552e-01,4.011744328614e+00,-9.481691749011e+01,-1.007390248765e+00,4.029425292683e+00,-1.273263337652e+02,-9.055074009703e-03,1.768096406953e-02,-3.250941627509e+01
"                 559",-9.751805624649e-01,3.821689890712e+00,-9.493356048044e+01,-9.832462972198e-01,3.838387087040e+00,-1.274708147378e+02,-8.065734754903e-03,1.669719632865e-02,-3.253725425731e+01
"                 560",-8.787116953226e-01,3.561324586885e+00,-9.504355851222e+01,-8.855948348082e-01,3.576735872590e+00,-1.276079378257e+02,-6.883139485609e-03,1.541128570514e-02,-3.256437931350e+01
"                 561",-7.225142361991e-01,3.254159501008e+00,-9.515205309710e+01,-7.279080214835e-01,3.267976536870e+00,-1.277430583542e+02,-5.393785284400e-03,1.381703586238e-02,-3.259100525713e+01
"                 562",-5.128262399821e-01,2.933144109848e+00,-9.526607856711e+01,-5.164153528978e-01,2.945121805401e+00,-1.278835380947e+02,-3.589112915716e-03,1.197769555301e-02,-3.261745952763e+01
"                 563",-2.432589101426e-01,2.623446022479e+00,-9.536666065471e+01,-2.448438391437e-01,2.633401529074e+00,-1.280108821851e+02,-1.584929001117e-03,9.955506594761e-03,-3.264422153038e+01
"                 564",4.284948223315e-02,2.336512551146e+00,-9.544957764931e+01,4.350421444209e-02,2.344314878059e+00,-1.281209103105e+02,6.547322089335e-04,7.802326912562e-03,-3.267133266117e+01
"                 565",3.301669155150e-01,2.076944476743e+00,-9.551173816174e+01,3.331720068526e-01,2.082566880201e+00,-1.282107932022e+02,3.005091337588e-03,5.622403457677e-03,-3.269905504046e+01
"                 566",6.033829569617e-01,1.831948905368e+00,-9.555508495255e+01,6.087362048791e-01,1.835478312595e+00,-1.282824789079e+02,5.353247917426e-03,3.529407226694e-03,-3.272739395530e+01
"                 567",8.447947078452e-01,1.582593458211e+00,-9.558570478802e+01,8.523859444467e-01,1.584216500985e+00,-1.283420118355e+02,7.591236601505e-03,1.623042774403e-03,-3.275630704751e+01
"                 568",1.037294029848e+00,1.338832119061e+00,-9.561299531180e+01,1.046887033275e+00,1.338861937473e+00,-1.283985894175e+02,9.593003426800e-03,2.981841116279e-05,-3.278559410570e+01
"                 569",1.197206919174e+00,1.126379107681e+00,-9.563901817777e+01,1.208463758670e+00,1.125173906765e+00,-1.284540913805e+02,1.125683949614e-02,-1.205200916082e-03,-3.281507320274e+01
"                 570",1.351857744461e+00,9.880705632171e-01,-9.567999446894e+01,1.364360812262e+00,9.860865057228e-01,-1.285242807395e+02,1.250306780117e-02,-1.984057494377e-03,-3.284428627053e+01
"                 571",1.510940918124e+00,9.222479903306e-01,-9.574725000697e+01,1.524250674777e+00,9.199172207725e-01,-1.286201050067e+02,1.330975665253e-02,-2.330769558081e-03,-3.287285499971e+01
"                 572",1.666288065832e+00,9.324217828058e-01,-9.583211304437e+01,1.679890667496e+00,9.301250828132e-01,-1.287324811614e+02,1.360260166448e-02,-2.296699992683e-03,-3.290036811707e+01
"                 573",1.775264571959e+00,1.011287705693e+00,-9.593191632575e+01,1.788730627995e+00,1.009337128332e+00,-1.288586157102e+02,1.346605603575e-02,-1.950577361452e-03,-3.292669938442e+01
"                 574",1.812104712574e+00,1.159914213889e+00,-9.603967643866e+01,1.825179752339e+00,1.158705568784e+00,-1.289915891318e+02,1.307503976491e-02,-1.208645105156e-03,-3.295191269312e+01
"                 575",1.779424229679e+00,1.386440089874e+00,-9.614154540686e+01,1.791963110720e+00,1.386361682941e+00,-1.291177430909e+02,1.253888104153e-02,-7.840693246766e-05,-3.297619768407e+01
"                 576",1.691642597782e+00,1.680279226741e+00,-9.624045468771e+01,1.703432993762e+00,1.681748661279e+00,-1.292402264373e+02,1.179039598001e-02,1.469434538496e-03,-3.299977174957e+01
"                 577",1.564657032602e+00,2.010563910578e+00,-9.634776936773e+01,1.575346780633e+00,2.013911400872e+00,-1.293707369921e+02,1.068974803095e-02,3.347490294024e-03,-3.302296762441e+01
"                 578",1.387502577394e+00,2.353625177372e+00,-9.646516088267e+01,1.396741798896e+00,2.359177027982e+00,-1.295111279300e+02,9.239221501514e-03,5.551850609865e-03,-3.304596704729e+01
"                 579",1.147247929552e+00,2.678591217746e+00,-9.657066651260e+01,1.154900270063e+00,2.686569515153e+00,-1.296399521408e+02,7.652340510429e-03,7.978297407036e-03,-3.306928562817e+01
"                 580",8.817611552629e-01,2.977769299366e+00,-9.666302272060e+01,8.875511087103e-01,2.988311334538e+00,-1.297560615490e+02,5.789953447412e-03,1.054203517217e-02,-3.309303882842e+01
"                 581",6.037749670642e-01,3.242443425676e+00,-9.673433048425e+01,6.075251117618e-01,3.255621226937e+00,-1.298518216172e+02,3.750144697647e-03,1.317780126039e-02,-3.311749113299e+01
"                 582",3.720411501953e-01,3.475854681269e+00,-9.678587654745e+01,3.736577971506e-01,3.491652141551e+00,-1.299284793632e+02,1.616646955292e-03,1.579746028232e-02,-3.314260281578e+01
"                 583",1.825192300717e-01,3.699757690020e+00,-9.682740142142e+01,1.819522113426e-01,3.718006806739e+00,-1.299957018667e+02,-5.670187291336e-04,1.824911671940e-02,-3.316830044531e+01
"                 584",2.313874740122e-02,3.905653142380e+00,-9.685683023318e+01,2.048076956758e-02,3.926053219824e+00,-1.300512825807e+02,-2.657977833637e-03,2.040007744401e-02,-3.319445234754e+01
"                 585",-1.221344566434e-01,4.080016167679e+00,-9.687156628566e+01,-1.267204159184e-01,4.102075846137e+00,-1.300923022357e+02,-4.585959274949e-03,2.205967845726e-02,-3.322073595002e+01
"                 586",-2.892607003514e-01,4.202089682587e+00,-9.689188707916e+01,-2.956034695672e-01,4.225282234593e+00,-1.301388341227e+02,-6.342769215814e-03,2.319255200662e-02,-3.324694704352e+01
"                 587",-4.856393648579e-01,4.255963206280e+00,-9.694257196582e+01,-4.934985761438e-01,4.279688062884e+00,-1.302153979448e+02,-7.859211285878e-03,2.372485660371e-02,-3.327282597901e+01
"                 588",-6.754305385167e-01,4.225184631908e+00,-9.702056190540e+01,-6.844211931557e-01,4.248950054336e+00,-1.303187469435e+02,-8.990654639042e-03,2.376542242760e-02,-3.329818503809e+01
"                 589",-8.354575303122e-01,4.115674293853e+00,-9.711762335023e+01,-8.451475988783e-01,4.139025860010e+00,-1.304404595900e+02,-9.690068566090e-03,2.335156615630e-02,-3.332283623976e+01
"                 590",-9.411601157454e-01,3.940948235255e+00,-9.722326361270e+01,-9.509530172936e-01,3.963416605798e+00,-1.305697785501e+02,-9.792901548124e-03,2.246837054281e-02,-3.334651493745e+01
"                 591",-9.808765031634e-01,3.700141947509e+00,-9.732278949723e+01,-9.901981385870e-01,3.721326046531e+00,-1.306919333877e+02,-9.321635423609e-03,2.118409902202e-02,-3.336914389046e+01
"                 592",-9.518971551929e-01,3.399471879897e+00,-9.742106151804e+01,-9.602702967041e-01,3.418860687521e+00,-1.308118824369e+02,-8.373141511246e-03,1.938880762436e-02,-3.339082091887e+01
"                 593",-8.672738740712e-01,3.061064658437e+00,-9.752213932562e+01,-8.743732117249e-01,3.078224383637e+00,-1.309338960129e+02,-7.099337653680e-03,1.715972520001e-02,-3.341175668726e+01
"                 594",-7.070156950284e-01,2.716582606532e+00,-9.762240019214e+01,-7.125306536621e-01,2.731152128254e+00,-1.310546438022e+02,-5.514958633720e-03,1.456952172120e-02,-3.343224361007e+01
"                 595",-4.835710760097e-01,2.384169674477e+00,-9.772178917334e+01,-4.871553904296e-01,2.395890106287e+00,-1.311743704464e+02,-3.584314419836e-03,1.172043181071e-02,-3.345258127306e+01
"                 596",-2.064733871315e-01,2.081984824758e+00,-9.780445896153e+01,-2.079271331739e-01,2.090792657453e+00,-1.312776341541e+02,-1.453746042423e-03,8.807832694513e-03,-3.347317519261e+01
"                 597",7.803654390909e-02,1.815410499903e+00,-9.787650839409e+01,7.893015710693e-02,1.821298597230e+00,-1.313706636023e+02,8.936131978404e-04,5.888097327604e-03,-3.349415520822e+01
"                 598",3.624416608083e-01,1.581257956770e+00,-9.793711011339e+01,3.658200396135e-01,1.584376839690e+00,-1.314527718460e+02,3.378378805201e-03,3.118882919898e-03,-3.351566173265e+01
"                 599",6.307876827125e-01,1.362471112223e+00,-9.798791926583e+01,6.366341565249e-01,1.363103708404e+00,-1.315256755175e+02,5.846473812315e-03,6.325961811742e-04,-3.353775625171e+01
"                 600",8.732316209354e-01,1.166069189494e+00,-9.802792508005e+01,8.814982064991e-01,1.164688986045e+00,-1.315882232445e+02,8.266585563665e-03,-1.380203448485e-03,-3.356029816441e+01
"                 601",1.078529877298e+00,1.005655078554e+00,-9.805265000844e+01,1.089015035226e+00,1.002682761293e+00,-1.316357652235e+02,1.048515792766e-02,-2.972317261753e-03,-3.358311521509e+01
"                 602",1.246022521378e+00,9.146336171888e-01,-9.807473101903e+01,1.258372422547e+00,9.105818072759e-01,-1.316807389943e+02,1.234990116890e-02,-4.051809912918e-03,-3.360600797524e+01
"                 603",1.399662603574e+00,9.048447913510e-01,-9.811102113766e+01,1.413403654660e+00,9.002078528996e-01,-1.317397095473e+02,1.374105108638e-02,-4.636938451455e-03,-3.362868840961e+01
"                 604",1.551017877548e+00,9.646867330466e-01,-9.817129477973e+01,1.565648072644e+00,9.600163589021e-01,-1.318221684413e+02,1.463019509580e-02,-4.670374144442e-03,-3.365087366161e+01
"                 605",1.678765737787e+00,1.086603987469e+00,-9.825137099989e+01,1.693739808577e+00,1.082463471526e+00,-1.319236442506e+02,1.497407079004e-02,-4.140515943118e-03,-3.367227325075e+01
"                 606",1.736418013907e+00,1.273129424336e+00,-9.834642322503e+01,1.751245147336e+00,1.270105243278e+00,-1.320391380644e+02,1.482713342913e-02,-3.024181058103e-03,-3.369271483932e+01
"                 607",1.727707986342e+00,1.515260996016e+00,-9.844365244155e+01,1.742131677230e+00,1.513782420643e+00,-1.321560210286e+02,1.442369088710e-02,-1.478575373287e-03,-3.371236858710e+01
"                 608",1.672379390611e+00,1.810044638703e+00,-9.853546703041e+01,1.686246241503e+00,1.810657949592e+00,-1.322668089513e+02,1.386685089231e-02,6.133108891261e-04,-3.373134192088e+01
"                 609",1.590459701978e+00,2.139252507031e+00,-9.862722727329e+01,1.603490322712e+00,2.142435109910e+00,-1.323771280710e+02,1.303062073454e-02,3.182602878354e-03,-3.374990079766e+01
"                 610",1.495354649692e+00,2.471442587161e+00,-9.872161525857e+01,1.507094491956e+00,2.477583619925e+00,-1.324898573353e+02,1.173984226416e-02,6.141032764249e-03,-3.376824207675e+01
"                 611",1.328393315136e+00,2.786117302077e+00,-9.881166406980e+01,1.338486937319e+00,2.795504400921e+00,-1.325981182581e+02,1.009362218288e-02,9.387098844193e-03,-3.378645418830e+01
"                 612",1.084069393987e+00,3.063652043867e+00,-9.888142946845e+01,1.092330758918e+00,3.076370833337e+00,-1.326863002368e+02,8.261364931206e-03,1.271878946933e-02,-3.380487076834e+01
"                 613",7.883091555978e-01,3.300363833938e+00,-9.893348362444e+01,7.944368648214e-01,3.316270782037e+00,-1.327571426999e+02,6.127709223604e-03,1.590694809888e-02,-3.382365907544e+01
"                 614",4.807407548555e-01,3.506938019387e+00,-9.897224713953e+01,4.845899028550e-01,3.525761443415e+00,-1.328151063080e+02,3.849147999525e-03,1.882342402792e-02,-3.384285916843e+01
"                 615",2.078543222640e-01,3.703754554612e+00,-9.900355542780e+01,2.093039360896e-01,3.725066834632e+00,-1.328661673764e+02,1.449613825680e-03,2.131228002027e-02,-3.386261194865e+01
"                 616",-1.168956948493e-02,3.880858963538e+00,-9.902602220318e+01,-1.268738421763e-02,3.904144059061e+00,-1.329089639954e+02,-9.978147327017e-04,2.328509552359e-02,-3.388294179220e+01
"                 617",-1.889792992489e-01,4.011888341853e+00,-9.904309867092e+01,-1.924004543594e-01,4.036684246651e+00,-1.329467790140e+02,-3.421155110488e-03,2.479590479868e-02,-3.390368034307e+01
"                 618",-3.779366805576e-01,4.065107143406e+00,-9.906703510555e+01,-3.835937055070e-01,4.090942566759e+00,-1.329916706020e+02,-5.657024949345e-03,2.583542335331e-02,-3.392463549649e+01
"                 619",-5.794182244269e-01,4.036904856900e+00,-9.910679899314e+01,-5.870953296189e-01,4.063201300658e+00,-1.330524050660e+02,-7.677105191998e-03,2.629644375874e-02,-3.394560607290e+01
"                 620",-7.906083691859e-01,3.941115199566e+00,-9.917096650938e+01,-7.998795438381e-01,3.967201400048e+00,-1.331371976477e+02,-9.271174652282e-03,2.608620048175e-02,-3.396623113837e+01
"                 621",-9.645560944934e-01,3.794634458469e+00,-9.925337954246e+01,-9.748834407538e-01,3.819789500925e+00,-1.332395612522e+02,-1.032734626046e-02,2.515504245564e-02,-3.398618170976e+01
"                 622",-1.078340751577e+00,3.604268451701e+00,-9.934120133864e+01,-1.089187680130e+00,3.627886896151e+00,-1.333464775346e+02,-1.084692855279e-02,2.361844444939e-02,-3.400527619599e+01
"                 623",-1.135643813118e+00,3.380263296671e+00,-9.943021283722e+01,-1.146358868095e+00,3.401841753008e+00,-1.334535478804e+02,-1.071505497681e-02,2.157845633695e-02,-3.402333504318e+01
"                 624",-1.117253809390e+00,3.113961117342e+00,-9.952823494875e+01,-1.127304380696e+00,3.133071299852e+00,-1.335686760627e+02,-1.005057130645e-02,1.911018250987e-02,-3.404044111398e+01
"                 625",-1.034098685527e+00,2.819671047454e+00,-9.963335393041e+01,-1.043056394716e+00,2.835932235461e+00,-1.336901991615e+02,-8.957709188549e-03,1.626118800725e-02,-3.405684523111e+01
"                 626",-8.714508845167e-01,2.532900123135e+00,-9.973994321357e+01,-8.790499233796e-01,2.546083798960e+00,-1.338127869795e+02,-7.599038862859e-03,1.318367582487e-02,-3.407284376593e+01
"                 627",-6.237078700182e-01,2.262077692151e+00,-9.983757586721e+01,-6.294961145126e-01,2.272059022028e+00,-1.339261694966e+02,-5.788244494379e-03,9.981329876812e-03,-3.408859362937e+01
"                 628",-3.514682842607e-01,2.013137114168e+00,-9.991845504266e+01,-3.550840676563e-01,2.019996634364e+00,-1.340228861783e+02,-3.615783395578e-03,6.859520196147e-03,-3.410443113566e+01
"                 629",-8.010987545455e-02,1.795980200294e+00,-9.999026260691e+01,-8.125575543915e-02,1.799898558334e+00,-1.341107106033e+02,-1.145879984598e-03,3.918358040392e-03,-3.412044799639e+01
"                 630",1.847184629186e-01,1.608841021652e+00,-1.000510940868e+02,1.862927774791e-01,1.610084804135e+00,-1.341880694799e+02,1.574314560522e-03,1.243782482476e-03,-3.413697539313e+01
"                 631",4.651464171270e-01,1.461524593579e+00,-1.000953697384e+02,4.694993160306e-01,1.460485318332e+00,-1.342493954077e+02,4.352898903574e-03,-1.039275247042e-03,-3.415402566930e+01
"                 632",7.351612532942e-01,1.343382766708e+00,-1.001220475082e+02,7.422181974073e-01,1.340562417423e+00,-1.342937770217e+02,7.056944113182e-03,-2.820349284685e-03,-3.417172951359e+01
"                 633",9.584020160611e-01,1.263407531829e+00,-1.001400049377e+02,9.679585093867e-01,1.259306697497e+00,-1.343299052072e+02,9.556493325560e-03,-4.100834331625e-03,-3.418990026945e+01
"                 634",1.133860518770e+00,1.246818353146e+00,-1.001640257663e+02,1.145570061243e+00,1.241926574267e+00,-1.343724621415e+02,1.170954247255e-02,-4.891778879286e-03,-3.420843637525e+01
"                 635",1.302486272154e+00,1.294222685142e+00,-1.002013138725e+02,1.315903357606e+00,1.289198870631e+00,-1.344282354784e+02,1.341708545193e-02,-5.023814510409e-03,-3.422692160592e+01
"                 636",1.471348611195e+00,1.397468849274e+00,-1.002659707257e+02,1.486008796840e+00,1.393061513960e+00,-1.345110385699e+02,1.466018564488e-02,-4.407335313664e-03,-3.424506784413e+01
"                 637",1.621169103220e+00,1.559853453509e+00,-1.003435093981e+02,1.636509009808e+00,1.556730352967e+00,-1.346061425571e+02,1.533990658805e-02,-3.123100542092e-03,-3.426263315894e+01
"                 638",1.717741863588e+00,1.760832341864e+00,-1.004211616989e+02,1.733228242252e+00,1.759635634577e+00,-1.347005705532e+02,1.548637866368e-02,-1.196707286238e-03,-3.427940885426e+01
"                 639",1.735465427954e+00,1.986930246304e+00,-1.004979264375e+02,1.750709916654e+00,1.988212171915e+00,-1.347932980177e+02,1.524448869974e-02,1.281925611512e-03,-3.429537158019e+01
"                 640",1.681277418199e+00,2.237361217109e+00,-1.005736625880e+02,1.696094975723e+00,2.241568199799e+00,-1.348843356825e+02,1.481755752475e-02,4.206982690419e-03,-3.431067309444e+01
"                 641",1.594540919450e+00,2.504042546837e+00,-1.006463741148e+02,1.608611836156e+00,2.511478859473e+00,-1.349717736947e+02,1.407091670566e-02,7.436312635899e-03,-3.432539957997e+01
"                 642",1.490006812479e+00,2.763156740806e+00,-1.007225164650e+02,1.502848693825e+00,2.773907765651e+00,-1.350623006935e+02,1.284188134614e-02,1.075102484542e-02,-3.433978422853e+01
"                 643",1.304743451843e+00,3.011625017161e+00,-1.007922086469e+02,1.315909371055e+00,3.025589328331e+00,-1.351461369607e+02,1.116591921206e-02,1.396431116996e-02,-3.435392831386e+01
"                 644",1.028813175382e+00,3.244958194903e+00,-1.008488782311e+02,1.038005706114e+00,3.261952549788e+00,-1.352171465500e+02,9.192530731461e-03,1.699435488543e-02,-3.436826831885e+01
"                 645",6.826441338188e-01,3.448076582496e+00,-1.008967622195e+02,6.894324414913e-01,3.467829886826e+00,-1.352798029134e+02,6.788307672531e-03,1.975330433058e-02,-3.438304069393e+01
"                 646",3.480291538585e-01,3.606516975582e+00,-1.009345292159e+02,3.522399429749e-01,3.628683505308e+00,-1.353329565237e+02,4.210789116458e-03,2.216652972565e-02,-3.439842730782e+01
"                 647",9.431283890629e-02,3.714758425457e+00,-1.009606870014e+02,9.581473470940e-02,3.738923144255e+00,-1.353751060540e+02,1.501895803106e-03,2.416471879728e-02,-3.441441905253e+01
"                 648",-9.140221590667e-02,3.779724426205e+00,-1.009782293332e+02,-9.259983830233e-02,3.805357775535e+00,-1.354091802022e+02,-1.197622395660e-03,2.563334933000e-02,-3.443095086902e+01
"                 649",-2.506843675951e-01,3.801626978965e+00,-1.009928842338e+02,-2.544518277162e-01,3.828229733152e+00,-1.354407422950e+02,-3.767460121135e-03,2.660275418711e-02,-3.444785806129e+01
"                 650",-4.440169813976e-01,3.780912578565e+00,-1.010139631725e+02,-4.501213272274e-01,3.807854855681e+00,-1.354788480976e+02,-6.104345829769e-03,2.694227711677e-02,-3.446488492508e+01
"                 651",-6.741613909508e-01,3.716295942945e+00,-1.010575860388e+02,-6.823570537219e-01,3.742849298599e+00,-1.355394316095e+02,-8.195662771069e-03,2.655335565456e-02,-3.448184557073e+01
"                 652",-9.101145391266e-01,3.598361592088e+00,-1.011200898920e+02,-9.199314213257e-01,3.623817469654e+00,-1.356184334811e+02,-9.816882199060e-03,2.545587756536e-02,-3.449834358914e+01
"                 653",-1.082235961303e+00,3.436909483604e+00,-1.011921456373e+02,-1.093150987445e+00,3.460710996756e+00,-1.357064202778e+02,-1.091502614225e-02,2.380151315149e-02,-3.451427464049e+01
"                 654",-1.168356324648e+00,3.247583693004e+00,-1.012692601486e+02,-1.179787959597e+00,3.269179597829e+00,-1.357986835235e+02,-1.143163494858e-02,2.159590482499e-02,-3.452942337493e+01
"                 655",-1.179882842394e+00,3.047828402042e+00,-1.013624936314e+02,-1.191207506566e+00,3.066810390126e+00,-1.359062289620e+02,-1.132466417202e-02,1.898198808377e-02,-3.454373533056e+01
"                 656",-1.105163391171e+00,2.822083153930e+00,-1.014634000929e+02,-1.115811075474e+00,2.838239957956e+00,-1.360206051971e+02,-1.064768430231e-02,1.615680402551e-02,-3.455720510422e+01
"                 657",-9.730835178962e-01,2.580933265286e+00,-1.015566781825e+02,-9.825203403541e-01,2.594079205172e+00,-1.361266912200e+02,-9.436822457929e-03,1.314593988510e-02,-3.457001303751e+01
"                 658",-7.762271972003e-01,2.357163103551e+00,-1.016430232193e+02,-7.839849635958e-01,2.367296977894e+00,-1.362254060127e+02,-7.757766395459e-03,1.013387434313e-02,-3.458238279335e+01
"                 659",-5.398816924285e-01,2.156952468479e+00,-1.017113605742e+02,-5.454877113693e-01,2.164120752582e+00,-1.363059725533e+02,-5.606018940773e-03,7.168284103213e-03,-3.459461197909e+01
"                 660",-3.078554774978e-01,1.972190693052e+00,-1.017716890737e+02,-3.110526893648e-01,1.976597968536e+00,-1.363788195479e+02,-3.197211866950e-03,4.407275483597e-03,-3.460713047414e+01
"                 661",-6.316419014749e-02,1.808712249606e+00,-1.018312343107e+02,-6.366115991385e-02,1.810656889892e+00,-1.364512972599e+02,-4.969697663587e-04,1.944640285121e-03,-3.462006294919e+01
"                 662",1.988927629007e-01,1.684123974970e+00,-1.018813317139e+02,2.012663284393e-01,1.684045217573e+00,-1.365148435652e+02,2.373565538612e-03,-7.875739703106e-05,-3.463351185124e+01
"                 663",4.633166157084e-01,1.605814169270e+00,-1.019183368824e+02,4.685753894470e-01,1.604138688272e+00,-1.365659671085e+02,5.258773738602e-03,-1.675480998767e-03,-3.464763022611e+01
"                 664",7.002374843838e-01,1.572305613979e+00,-1.019405308907e+02,7.082474253378e-01,1.569548150993e+00,-1.366028197449e+02,8.009940954031e-03,-2.757462985530e-03,-3.466228885422e+01
"                 665",8.899374145809e-01,1.566702614355e+00,-1.019558437718e+02,9.004567748970e-01,1.563399527797e+00,-1.366333236376e+02,1.051936031607e-02,-3.303086557820e-03,-3.467747986574e+01
"                 666",1.053537064325e+00,1.594135457782e+00,-1.019791072558e+02,1.066102406085e+00,1.591020602905e+00,-1.366719964683e+02,1.256534176031e-02,-3.114854876532e-03,-3.469288921252e+01
"                 667",1.216203549233e+00,1.671375719163e+00,-1.020131411632e+02,1.230340675003e+00,1.669184121669e+00,-1.367212864527e+02,1.413712577046e-02,-2.191597494805e-03,-3.470814528955e+01
"                 668",1.376157386545e+00,1.791440616156e+00,-1.020634542793e+02,1.391366066752e+00,1.790901528363e+00,-1.367863678216e+02,1.520868020760e-02,-5.390877928671e-04,-3.472291354230e+01
"                 669",1.523193072706e+00,1.943063650658e+00,-1.021169890326e+02,1.538981782762e+00,1.944722886271e+00,-1.368539174226e+02,1.578871005621e-02,1.659235612750e-03,-3.473692838993e+01
"                 670",1.597375694662e+00,2.109452795230e+00,-1.021727808957e+02,1.613267954767e+00,2.113709508941e+00,-1.369228564447e+02,1.589226010574e-02,4.256713710888e-03,-3.475007554903e+01
"                 671",1.590628552609e+00,2.285567127920e+00,-1.022281918296e+02,1.606337840856e+00,2.292610171881e+00,-1.369907402197e+02,1.570928824693e-02,7.043043960891e-03,-3.476254839007e+01
"                 672",1.541547543169e+00,2.484614614953e+00,-1.022830090537e+02,1.556725428947e+00,2.494522390653e+00,-1.370574513478e+02,1.517788577847e-02,9.907775700244e-03,-3.477444229405e+01
"                 673",1.460129946070e+00,2.688320592844e+00,-1.023430150907e+02,1.474274515565e+00,2.701137144644e+00,-1.371289457774e+02,1.414456949596e-02,1.281655180004e-02,-3.478593068668e+01
"                 674",1.307467056608e+00,2.885908317221e+00,-1.024101332600e+02,1.320000268752e+00,2.901560455699e+00,-1.372073709171e+02,1.253321214391e-02,1.565213847849e-02,-3.479723765702e+01
"                 675",1.056204241088e+00,3.065205864659e+00,-1.024695165941e+02,1.066727347691e+00,3.083542866225e+00,-1.372781349709e+02,1.052310660294e-02,1.833700156588e-02,-3.480861837681e+01
"                 676",7.367340211582e-01,3.225752102879e+00,-1.025207183291e+02,7.449060769439e-01,3.246477102314e+00,-1.373410092836e+02,8.172055785707e-03,2.072499943535e-02,-3.482029095448e+01
"                 677",4.202876077683e-01,3.347204399605e+00,-1.025618173220e+02,4.258146530066e-01,3.369899570574e+00,-1.373942067430e+02,5.527045238237e-03,2.269517096936e-02,-3.483238942093e+01
"                 678",1.504532478584e-01,3.417210318047e+00,-1.025849959084e+02,1.532144650038e-01,3.441434909734e+00,-1.374299839693e+02,2.761217145456e-03,2.422459168663e-02,-3.484498806092e+01
"                 679",-5.463744429059e-02,3.436258984683e+00,-1.025954560361e+02,-5.473414945382e-02,3.461548805407e+00,-1.374535371454e+02,-9.670516322846e-05,2.528982072377e-02,-3.485808110928e+01
"                 680",-2.217809344424e-01,3.421667989932e+00,-1.026036241947e+02,-2.246611978233e-01,3.447486484684e+00,-1.374751590972e+02,-2.880263380928e-03,2.581849475179e-02,-3.487153490244e+01
"                 681",-4.080929866957e-01,3.397189781686e+00,-1.026243492589e+02,-4.135813095710e-01,3.422968830444e+00,-1.375095588427e+02,-5.488322875293e-03,2.577904875740e-02,-3.488520958382e+01
"                 682",-6.427808357751e-01,3.346735664368e+00,-1.026592027542e+02,-6.506881340559e-01,3.371820830155e+00,-1.375581732408e+02,-7.907298280805e-03,2.508516578675e-02,-3.489897048661e+01
"                 683",-9.020865002314e-01,3.265526188340e+00,-1.027087075016e+02,-9.119655423648e-01,3.289297590732e+00,-1.376212706500e+02,-9.879042133401e-03,2.377140239273e-02,-3.491256314840e+01
"                 684",-1.091880680913e+00,3.147050317035e+00,-1.027741474217e+02,-1.103209874159e+00,3.169003888087e+00,-1.376998195265e+02,-1.132919324641e-02,2.195357105252e-02,-3.492567210488e+01
"                 685",-1.179024727190e+00,2.999850383538e+00,-1.028433257990e+02,-1.191126533955e+00,3.019569379843e+00,-1.377813909989e+02,-1.210180676424e-02,1.971899630490e-02,-3.493806519984e+01
"                 686",-1.179763659856e+00,2.857924154306e+00,-1.029204006930e+02,-1.191915925526e+00,2.875109828615e+00,-1.378700564336e+02,-1.215226566986e-02,1.718567430891e-02,-3.494965574061e+01
"                 687",-1.109752458550e+00,2.728351962792e+00,-1.030028215651e+02,-1.121311254114e+00,2.742838527480e+00,-1.379632980572e+02,-1.155879556396e-02,1.448656468859e-02,-3.496047649214e+01
"                 688",-1.014430083307e+00,2.596116722777e+00,-1.030808682203e+02,-1.024836043017e+00,2.607857022711e+00,-1.380515184010e+02,-1.040595970997e-02,1.174029993437e-02,-3.497065018072e+01
"                 689",-8.794473113731e-01,2.446664011802e+00,-1.031590855343e+02,-8.882447076529e-01,2.455667435134e+00,-1.381394720539e+02,-8.797396279839e-03,9.003423332339e-03,-3.498038651963e+01
"                 690",-6.979614205108e-01,2.280004565108e+00,-1.032275021125e+02,-7.045882875241e-01,2.286479154383e+00,-1.382174524362e+02,-6.626867013300e-03,6.474589275307e-03,-3.498995032362e+01
"                 691",-4.768592683010e-01,2.117242223572e+00,-1.032881085691e+02,-4.809938356305e-01,2.121443500850e+00,-1.382878207329e+02,-4.134567329535e-03,4.201277277905e-03,-3.499971216379e+01
"                 692",-2.241497477475e-01,1.995562429825e+00,-1.033444045277e+02,-2.254839465314e-01,1.997827174003e+00,-1.383542205312e+02,-1.334198783875e-03,2.264744178577e-03,-3.500981600345e+01
"                 693",2.840847688583e-02,1.932452519684e+00,-1.033978164142e+02,3.006811157785e-02,1.933173332026e+00,-1.384182938817e+02,1.659634692022e-03,7.208123415048e-04,-3.502047746747e+01
"                 694",2.799861292476e-01,1.921208143520e+00,-1.034338725294e+02,2.846483960799e-01,1.920836118869e+00,-1.384656473106e+02,4.662266832305e-03,-3.720246505003e-04,-3.503177478119e+01
"                 695",4.956669082319e-01,1.930331510607e+00,-1.034498580749e+02,5.032118029880e-01,1.929450401076e+00,-1.384935239835e+02,7.544894756091e-03,-8.811095311975e-04,-3.504366590854e+01
"                 696",6.884414928859e-01,1.941560597757e+00,-1.034529589587e+02,6.985966302110e-01,1.940847907488e+00,-1.385088783214e+02,1.015513732511e-02,-7.126902691581e-04,-3.505591936275e+01
"                 697",8.567169380027e-01,1.957439539731e+00,-1.034500242991e+02,8.691278830413e-01,1.957418298039e+00,-1.385184776595e+02,1.241094503858e-02,-2.124169177289e-05,-3.506845336043e+01
"                 698",1.028867596484e+00,2.000369229509e+00,-1.034567311530e+02,1.043077152206e+00,2.001605253111e+00,-1.385375479509e+02,1.420955572242e-02,1.236023602157e-03,-3.508081679786e+01
"                 699",1.202557365744e+00,2.080395461718e+00,-1.034910425701e+02,1.218126924526e+00,2.083416087945e+00,-1.385839019976e+02,1.556955878167e-02,3.020626226680e-03,-3.509285942754e+01
"                 700",1.372340679086e+00,2.207837734419e+00,-1.035370295582e+02,1.388668588232e+00,2.212943815951e+00,-1.386412915198e+02,1.632790914591e-02,5.106081531700e-03,-3.510426196158e+01
"                 701",1.491788379485e+00,2.346934252918e+00,-1.035840140660e+02,1.508374883017e+00,2.354362995693e+00,-1.386990635159e+02,1.658650353174e-02,7.428742775123e-03,-3.511504944991e+01
"                 702",1.514981406446e+00,2.463189475136e+00,-1.036290212134e+02,1.531417451061e+00,2.473089320935e+00,-1.387543209267e+02,1.643604461546e-02,9.899845799226e-03,-3.512529971330e+01
"                 703",1.453468492789e+00,2.565863473658e+00,-1.036774077470e+02,1.469359067660e+00,2.578272194723e+00,-1.388124410245e+02,1.589057487108e-02,1.240872106470e-02,-3.513503327752e+01
"                 704",1.344441675442e+00,2.687532534585e+00,-1.037345580306e+02,1.359299740344e+00,2.702452179374e+00,-1.388788416258e+02,1.485806490217e-02,1.491964478831e-02,-3.514428359522e+01
"                 705",1.186285734651e+00,2.838952897255e+00,-1.037981538280e+02,1.199563550363e+00,2.856164090002e+00,-1.389513687132e+02,1.327781571211e-02,1.721119274762e-02,-3.515321488520e+01
"                 706",9.763917217142e-01,2.996365835275e+00,-1.038594255160e+02,9.876742624787e-01,3.015618531073e+00,-1.390214615130e+02,1.128254076452e-02,1.925269579849e-02,-3.516203599704e+01
"                 707",7.015837015941e-01,3.124266931809e+00,-1.039136774584e+02,7.104318755646e-01,3.145222512205e+00,-1.390846761506e+02,8.848173970486e-03,2.095558039558e-02,-3.517099869222e+01
"                 708",3.994941466691e-01,3.189940429537e+00,-1.039577753546e+02,4.055393708100e-01,3.212283135476e+00,-1.391380899169e+02,6.045224140866e-03,2.234270593876e-02,-3.518031456229e+01
"                 709",1.321910204011e-01,3.189999676356e+00,-1.039756610543e+02,1.352572481401e-01,3.213364380821e+00,-1.391657731270e+02,3.066227738980e-03,2.336470446489e-02,-3.519011207275e+01
"                 710",-7.374023562377e-02,3.151315874560e+00,-1.039849821173e+02,-7.376151228543e-02,3.175240396372e+00,-1.391854212180e+02,-2.127666165358e-05,2.392452181157e-02,-3.520043910067e+01
"                 711",-2.310914657991e-01,3.108897781521e+00,-1.039912520892e+02,-2.341379798237e-01,3.132790193764e+00,-1.392025109280e+02,-3.046514024593e-03,2.389241224257e-02,-3.521125883881e+01
"                 712",-4.035790768937e-01,3.079915484358e+00,-1.040078263831e+02,-4.094359732867e-01,3.103321737954e+00,-1.392302464029e+02,-5.856896392926e-03,2.340625359639e-02,-3.522242001977e+01
"                 713",-6.012107956398e-01,3.042887320516e+00,-1.040338553851e+02,-6.095719803070e-01,3.065349234873e+00,-1.392675860950e+02,-8.361184667247e-03,2.246191435719e-02,-3.523373070997e+01
"                 714",-8.285860814113e-01,2.992424112562e+00,-1.040710586808e+02,-8.388692158877e-01,3.013422464682e+00,-1.393158923893e+02,-1.028313447636e-02,2.099835211987e-02,-3.524483370848e+01
"                 715",-9.951316977549e-01,2.925984815785e+00,-1.041129154253e+02,-1.006742929182e+00,2.945118089747e+00,-1.393685424722e+02,-1.161123142729e-02,1.913327396186e-02,-3.525562704696e+01
"                 716",-1.071547179788e+00,2.847612234770e+00,-1.041624364963e+02,-1.083824856281e+00,2.864619567271e+00,-1.394283820040e+02,-1.227767649239e-02,1.700733250165e-02,-3.526594550770e+01
"                 717",-1.072565863105e+00,2.779611088364e+00,-1.042276265698e+02,-1.084810686489e+00,2.794315790804e+00,-1.395032315825e+02,-1.224482338401e-02,1.470470244037e-02,-3.527560501271e+01
"                 718",-1.030350250202e+00,2.712352889763e+00,-1.043023118460e+02,-1.041910322162e+00,2.724768040857e+00,-1.395867943298e+02,-1.156007195972e-02,1.241515109443e-02,-3.528448248388e+01
"                 719",-9.699892018257e-01,2.615647586125e+00,-1.043742573227e+02,-9.802712602875e-01,2.625820272761e+00,-1.396669857006e+02,-1.028205846175e-02,1.017268663559e-02,-3.529272837791e+01
"                 720",-8.479838058276e-01,2.480063198998e+00,-1.044420176909e+02,-8.564518805936e-01,2.488126912967e+00,-1.397424922815e+02,-8.468074765966e-03,8.063713968272e-03,-3.530047459059e+01
"                 721",-6.544993997114e-01,2.329201368259e+00,-1.045028600574e+02,-6.605873869224e-01,2.335386019526e+00,-1.398109074645e+02,-6.087987210954e-03,6.184651266641e-03,-3.530804740711e+01
"                 722",-4.228015726841e-01,2.210519657765e+00,-1.045620751892e+02,-4.262499527966e-01,2.215099406648e+00,-1.398778946461e+02,-3.448380112523e-03,4.579748883074e-03,-3.531581945696e+01
"                 723",-1.860482136944e-01,2.153682573718e+00,-1.046215143692e+02,-1.866270662238e-01,2.156971982853e+00,-1.399453926290e+02,-5.788525294338e-04,3.289409134878e-03,-3.532387825988e+01
"                 724",4.145331563282e-02,2.155172739848e+00,-1.046650917913e+02,4.391591936497e-02,2.157648808411e+00,-1.399974418876e+02,2.462603732152e-03,2.476068563183e-03,-3.533235009633e+01
"                 725",2.426811563514e-01,2.180570907164e+00,-1.046862769042e+02,2.482089955352e-01,2.182727724093e+00,-1.400276140311e+02,5.527839183805e-03,2.156816928763e-03,-3.534133712688e+01
"                 726",4.163107888245e-01,2.198903866206e+00,-1.046755563907e+02,4.247858091478e-01,2.201220767116e+00,-1.400264235760e+02,8.475020323320e-03,2.316900910718e-03,-3.535086718530e+01
"                 727",5.842622325951e-01,2.206342180864e+00,-1.046520489163e+02,5.953778485344e-01,2.209184450734e+00,-1.400128503215e+02,1.111561593932e-02,2.842269870090e-03,-3.536080140521e+01
"                 728",7.563380188977e-01,2.227693649740e+00,-1.046380945373e+02,7.697141907541e-01,2.231446685217e+00,-1.400091009482e+02,1.337617185640e-02,3.753035477416e-03,-3.537100641093e+01
"                 729",9.408131768348e-01,2.283437728273e+00,-1.046431458554e+02,9.559347993280e-01,2.288457303440e+00,-1.400243517234e+02,1.512162249324e-02,5.019575167022e-03,-3.538120586798e+01
"                 730",1.113211938320e+00,2.342021553956e+00,-1.046679477483e+02,1.129565070418e+00,2.348691255080e+00,-1.400593063128e+02,1.635313209878e-02,6.669701123948e-03,-3.539135856452e+01
"                 731",1.265805053550e+00,2.399036492937e+00,-1.046955254779e+02,1.282805339031e+00,2.407596690964e+00,-1.400965029946e+02,1.700028548103e-02,8.560198026109e-03,-3.540097751672e+01
"                 732",1.360164253986e+00,2.447787290692e+00,-1.047332146641e+02,1.377395659099e+00,2.458394862299e+00,-1.401431801585e+02,1.723140511237e-02,1.060757160769e-02,-3.540996549441e+01
"                 733",1.359756979412e+00,2.496896039082e+00,-1.047785739075e+02,1.376855330794e+00,2.509519900279e+00,-1.401968864180e+02,1.709835138224e-02,1.262386119775e-02,-3.541831251057e+01
"                 734",1.294991418930e+00,2.573107038499e+00,-1.048254045505e+02,1.311512757084e+00,2.587625826233e+00,-1.402514069257e+02,1.652133815483e-02,1.451878773405e-02,-3.542600237515e+01
"                 735",1.188898615033e+00,2.678321751615e+00,-1.048786391817e+02,1.204284138963e+00,2.694571356164e+00,-1.403116913248e+02,1.538552393019e-02,1.624960454872e-02,-3.543305214309e+01
"                 736",1.033943722432e+00,2.799045710537e+00,-1.049349536578e+02,1.047550414087e+00,2.816851165700e+00,-1.403746220190e+02,1.360669165562e-02,1.780545516288e-02,-3.543966836119e+01
"                 737",8.208680160687e-01,2.894481744559e+00,-1.049990913893e+02,8.322186009363e-01,2.913652085936e+00,-1.404452755835e+02,1.135058486761e-02,1.917034137674e-02,-3.544618419418e+01
"                 738",5.538978684172e-01,2.934724637493e+00,-1.050617226728e+02,5.624843204412e-01,2.955037634850e+00,-1.405145938059e+02,8.586452024028e-03,2.031299735713e-02,-3.545287113306e+01
"                 739",2.757748067214e-01,2.920193225971e+00,-1.051034777080e+02,2.812714974439e-01,2.941243726419e+00,-1.405634917658e+02,5.496690722428e-03,2.105050044805e-02,-3.546001405784e+01
"                 740",4.297498091114e-02,2.869196169237e+00,-1.051212018127e+02,4.520899199920e-02,2.890578507910e+00,-1.405889577058e+02,2.234011088064e-03,2.138233867336e-02,-3.546775589306e+01
"                 741",-1.385543875394e-01,2.811482215330e+00,-1.051186686470e+02,-1.395581259233e-01,2.832815714914e+00,-1.405947125627e+02,-1.003738383883e-03,2.133349958405e-02,-3.547604391575e+01
"                 742",-2.644577721355e-01,2.766728823303e+00,-1.051067652513e+02,-2.684852744809e-01,2.787669447876e+00,-1.405916249131e+02,-4.027502345410e-03,2.094062457308e-02,-3.548485966185e+01
"                 743",-4.030329649657e-01,2.756678259809e+00,-1.051016864908e+02,-4.097441689848e-01,2.776821969789e+00,-1.405957539587e+02,-6.711204019101e-03,2.014370997984e-02,-3.549406746790e+01
"                 744",-5.873394878538e-01,2.762457274933e+00,-1.051088256493e+02,-5.963270427266e-01,2.781470075306e+00,-1.406124510352e+02,-8.987554872790e-03,1.901280037227e-02,-3.550362538588e+01
"                 745",-7.865675798364e-01,2.772931693616e+00,-1.051315036333e+02,-7.972708081585e-01,2.790470457850e+00,-1.406446767179e+02,-1.070322832208e-02,1.753876423452e-02,-3.551317308457e+01
"                 746",-9.246191174472e-01,2.765878960976e+00,-1.051635499764e+02,-9.364292055866e-01,2.781760997675e+00,-1.406860282619e+02,-1.181008813937e-02,1.588203669865e-02,-3.552247828553e+01
"                 747",-9.945035340365e-01,2.732598948174e+00,-1.052115781591e+02,-1.006680079265e+00,2.746701526093e+00,-1.407427677797e+02,-1.217654522870e-02,1.410257791864e-02,-3.553118962056e+01
"                 748",-1.004561203863e+00,2.694647275555e+00,-1.052751628537e+02,-1.016417203157e+00,2.706961526790e+00,-1.408142540832e+02,-1.185599929450e-02,1.231425123555e-02,-3.553909122953e+01
"                 749",-9.570585361133e-01,2.645045029707e+00,-1.053437197458e+02,-9.679306519819e-01,2.655690371278e+00,-1.408898117890e+02,-1.087211586858e-02,1.064534157060e-02,-3.554609204324e+01
"                 750",-8.677296405524e-01,2.564451083867e+00,-1.054124319650e+02,-8.770501091679e-01,2.573556525834e+00,-1.409648210983e+02,-9.320468615503e-03,9.105441967340e-03,-3.555238913326e+01
"                 751",-7.133484720120e-01,2.475291731293e+00,-1.054761910918e+02,-7.205939380586e-01,2.483043677173e+00,-1.410343879918e+02,-7.245466046645e-03,7.751945879631e-03,-3.555819690004e+01
"                 752",-5.226744460882e-01,2.401571494739e+00,-1.055472704168e+02,-5.274368267879e-01,2.408193006275e+00,-1.411111080702e+02,-4.762380699703e-03,6.621511536620e-03,-3.556383765342e+01
"                 753",-3.089964903731e-01,2.374706381546e+00,-1.056063360332e+02,-3.110023230276e-01,2.380468257530e+00,-1.411758319524e+02,-2.005832654524e-03,5.761875984837e-03,-3.556949591912e+01
"                 754",-9.734063838556e-02,2.389770215235e+00,-1.056492987434e+02,-9.629194321366e-02,2.395019023774e+00,-1.412247088199e+02,1.048695171901e-03,5.248808539626e-03,-3.557541007650e+01
"                 755",8.830040550777e-02,2.421024815315e+00,-1.056632225723e+02,9.254508011683e-02,2.426127178859e+00,-1.412450585756e+02,4.244674609060e-03,5.102363544143e-03,-3.558183600328e+01
"                 756",2.560998726891e-01,2.474175713564e+00,-1.056505805502e+02,2.634914158607e-01,2.479384363009e+00,-1.412394491946e+02,7.391543171600e-03,5.208649444982e-03,-3.558886864433e+01
"                 757",4.215349039647e-01,2.522008721316e+00,-1.056187641434e+02,4.318288147850e-01,2.527606552835e+00,-1.412153529178e+02,1.029391082024e-02,5.597831518392e-03,-3.559658877440e+01
"                 758",5.926768165783e-01,2.552210207709e+00,-1.055827241039e+02,6.054815391749e-01,2.558494224817e+00,-1.411876535556e+02,1.280472259667e-02,6.284017107360e-03,-3.560492945173e+01
"                 759",7.713598639007e-01,2.552993000776e+00,-1.055647573894e+02,7.862406172145e-01,2.560226321893e+00,-1.411785179628e+02,1.488075331381e-02,7.233321116510e-03,-3.561376057341e+01
"                 760",9.470298076006e-01,2.542634272368e+00,-1.055724386123e+02,9.635294018129e-01,2.551105056616e+00,-1.411951407543e+02,1.649959421234e-02,8.470784248560e-03,-3.562270214205e+01
"                 761",1.114459891494e+00,2.539845710192e+00,-1.055943647653e+02,1.132064614668e+00,2.549678359678e+00,-1.412256938714e+02,1.760472317384e-02,9.832649485954e-03,-3.563132910612e+01
"                 762",1.236829351150e+00,2.548665738592e+00,-1.056256578912e+02,1.255025418203e+00,2.559927334050e+00,-1.412648720237e+02,1.819606705328e-02,1.126159545764e-02,-3.563921413245e+01
"                 763",1.267364245830e+00,2.586708929936e+00,-1.056608240002e+02,1.285734228668e+00,2.599348270962e+00,-1.413070902571e+02,1.836998283808e-02,1.263934102612e-02,-3.564626625689e+01
"                 764",1.205277760895e+00,2.632796656843e+00,-1.057000924604e+02,1.223335304844e+00,2.646744371192e+00,-1.413526007830e+02,1.805754394951e-02,1.394771434903e-02,-3.565250832257e+01
"                 765",1.114926237123e+00,2.682279419540e+00,-1.057553312687e+02,1.132061712011e+00,2.697420145085e+00,-1.414132828855e+02,1.713547488761e-02,1.514072554508e-02,-3.565795161685e+01
"                 766",9.925797095763e-01,2.737133358359e+00,-1.058201437301e+02,1.008095963417e+00,2.753400531782e+00,-1.414828739123e+02,1.551625384072e-02,1.626717342217e-02,-3.566273018222e+01
"                 767",8.203114642184e-01,2.776469319988e+00,-1.058895480420e+02,8.335814351273e-01,2.793687882507e+00,-1.415568210137e+02,1.326997090886e-02,1.721856251876e-02,-3.566727297168e+01
"                 768",5.875577356522e-01,2.792804629363e+00,-1.059603578895e+02,5.980910202499e-01,2.810755054752e+00,-1.416322208817e+02,1.053328459770e-02,1.795042538851e-02,-3.567186299215e+01
"                 769",3.174827621418e-01,2.767801883668e+00,-1.060125580045e+02,3.248951276524e-01,2.786203820395e+00,-1.416893292255e+02,7.412365510608e-03,1.840193672760e-02,-3.567677122094e+01
"                 770",7.239893189501e-02,2.716491444464e+00,-1.060293161097e+02,7.655013479527e-02,2.735048894356e+00,-1.417115286360e+02,4.151202900266e-03,1.855744989214e-02,-3.568221252625e+01
"                 771",-9.444901919613e-02,2.656908725491e+00,-1.060145077812e+02,-9.356204898823e-02,2.675354757301e+00,-1.417028611126e+02,8.869702079086e-04,1.844603180994e-02,-3.568835333135e+01
"                 772",-1.979823702542e-01,2.619059027766e+00,-1.059845659705e+02,-2.002386727902e-01,2.637107149636e+00,-1.416798601129e+02,-2.256302535987e-03,1.804812187067e-02,-3.569529414245e+01
"                 773",-2.951899382500e-01,2.619387137954e+00,-1.059546355667e+02,-3.003392791842e-01,2.636778619974e+00,-1.416575966594e+02,-5.149340934190e-03,1.739148201944e-02,-3.570296109272e+01
"                 774",-4.379974770721e-01,2.656083085552e+00,-1.059379547517e+02,-4.457029966876e-01,2.672666378676e+00,-1.416492447929e+02,-7.705519615501e-03,1.658329312377e-02,-3.571129004124e+01
"                 775",-6.405377699027e-01,2.703928245392e+00,-1.059395210626e+02,-6.501850977904e-01,2.719564052698e+00,-1.416593380183e+02,-9.647327887703e-03,1.563580730656e-02,-3.571981695574e+01
"                 776",-8.243553781953e-01,2.740852105001e+00,-1.059561007740e+02,-8.353387445132e-01,2.755412439818e+00,-1.416842645643e+02,-1.098336631795e-02,1.456033481707e-02,-3.572816379033e+01
"                 777",-9.351769946385e-01,2.737533268517e+00,-1.059939663589e+02,-9.468198739339e-01,2.750968025744e+00,-1.417299545145e+02,-1.164287929546e-02,1.343475722631e-02,-3.573598815557e+01
"                 778",-9.599177484415e-01,2.697089280894e+00,-1.060491833051e+02,-9.715053136684e-01,2.709426583348e+00,-1.417921635343e+02,-1.158756522690e-02,1.233730245391e-02,-3.574298022913e+01
"                 779",-9.292724796289e-01,2.655121162781e+00,-1.061169385053e+02,-9.402042714307e-01,2.666425626013e+00,-1.418659249588e+02,-1.093179180184e-02,1.130446323209e-02,-3.574898645352e+01
"                 780",-8.643420989341e-01,2.629943321896e+00,-1.061945373058e+02,-8.740533380636e-01,2.640392756128e+00,-1.419486111341e+02,-9.711239129494e-03,1.044943423242e-02,-3.575407382833e+01
"                 781",-7.552031195471e-01,2.610322917593e+00,-1.062642235767e+02,-7.631455064528e-01,2.619993881327e+00,-1.420225682534e+02,-7.942386905731e-03,9.670963733809e-03,-3.575834467676e+01
"                 782",-5.890207470893e-01,2.594569517106e+00,-1.063222029738e+02,-5.946248562395e-01,2.603625709546e+00,-1.420842903084e+02,-5.604109150160e-03,9.056192440452e-03,-3.576208733467e+01
"                 783",-3.814762101178e-01,2.596179051381e+00,-1.063766334123e+02,-3.843915250587e-01,2.604787041701e+00,-1.421423626307e+02,-2.915314940945e-03,8.607990319504e-03,-3.576572921839e+01
"                 784",-1.714560485174e-01,2.625936873850e+00,-1.064163755511e+02,-1.713731061393e-01,2.634313678349e+00,-1.421858773627e+02,8.294237810091e-05,8.376804498894e-03,-3.576950181155e+01
"                 785",1.831494034454e-02,2.694255568621e+00,-1.064346315791e+02,2.160628589696e-02,2.702506344222e+00,-1.422085181070e+02,3.291345552420e-03,8.250775600750e-03,-3.577388652786e+01
"                 786",1.748854877937e-01,2.769302066470e+00,-1.064232608376e+02,1.813730615077e-01,2.777672264981e+00,-1.422023698508e+02,6.487573713998e-03,8.370198511014e-03,-3.577910901318e+01
"                 787",3.220394151417e-01,2.822893736609e+00,-1.063861628476e+02,3.315231464070e-01,2.831605724005e+00,-1.421714709446e+02,9.483731265299e-03,8.711987396421e-03,-3.578530809698e+01
"                 788",4.751193523885e-01,2.827934944222e+00,-1.063405817127e+02,4.872635804668e-01,2.837183206391e+00,-1.421329057599e+02,1.214422807830e-02,9.248262168618e-03,-3.579232404722e+01
"                 789",6.474923989427e-01,2.790243110869e+00,-1.063079894779e+02,6.619711028001e-01,2.800120299448e+00,-1.421079419622e+02,1.447870385741e-02,9.877188578594e-03,-3.579995248432e+01
"                 790",8.367435682713e-01,2.737543699578e+00,-1.063020213045e+02,8.531585036664e-01,2.748086074893e+00,-1.421098328580e+02,1.641493539516e-02,1.054237531489e-02,-3.580781155357e+01
"                 791",1.001446320944e+00,2.700625683932e+00,-1.063104304548e+02,1.019306647777e+00,2.711882374486e+00,-1.421258475239e+02,1.786032683251e-02,1.125669055466e-02,-3.581541706902e+01
"                 792",1.123320236436e+00,2.695435262636e+00,-1.063271584150e+02,1.142020387301e+00,2.707390963497e+00,-1.421494200984e+02,1.870015086560e-02,1.195570086117e-02,-3.582226168338e+01
"                 793",1.168291393743e+00,2.711890113214e+00,-1.063627786957e+02,1.187365049195e+00,2.724565607540e+00,-1.421908911132e+02,1.907365545259e-02,1.267549432666e-02,-3.582811241750e+01
"                 794",1.117002039053e+00,2.718846123025e+00,-1.064140774357e+02,1.135901045590e+00,2.732253260897e+00,-1.422471316617e+02,1.889900653717e-02,1.340713787142e-02,-3.583305422601e+01
"                 795",1.020814784011e+00,2.709322373717e+00,-1.064841053958e+02,1.038854267580e+00,2.723403622449e+00,-1.423212444748e+02,1.803948356931e-02,1.408124873194e-02,-3.583713907907e+01
"                 796",9.102001720851e-01,2.698819270488e+00,-1.065562375084e+02,9.266756174883e-01,2.713495419268e+00,-1.423967081408e+02,1.647544540322e-02,1.467614878050e-02,-3.584047063240e+01
"                 797",7.598412568189e-01,2.690458809052e+00,-1.066201070881e+02,7.740826901077e-01,2.705611752842e+00,-1.424633793830e+02,1.424143328884e-02,1.515294379039e-02,-3.584327229490e+01
"                 798",5.505751585908e-01,2.685280295438e+00,-1.066799923918e+02,5.621824305747e-01,2.700727281657e+00,-1.425259697772e+02,1.160727198388e-02,1.544698621919e-02,-3.584597738535e+01
"                 799",2.992815540319e-01,2.669586908941e+00,-1.067271428583e+02,3.078780970482e-01,2.685176660962e+00,-1.425760396035e+02,8.596543016310e-03,1.558975202141e-02,-3.584889674525e+01
"                 800",7.499645324833e-02,2.643899624872e+00,-1.067390823023e+02,8.040285762716e-02,2.659494412428e+00,-1.425915731064e+02,5.406404378832e-03,1.559478755613e-02,-3.585249080411e+01
"                 801",-8.574202075278e-02,2.615021078545e+00,-1.067209008345e+02,-8.363651482659e-02,2.630414955291e+00,-1.425779272971e+02,2.105505926184e-03,1.539387674619e-02,-3.585702646256e+01
"                 802",-1.774592667714e-01,2.579534056601e+00,-1.066817737855e+02,-1.786049038833e-01,2.594606009126e+00,-1.425443982477e+02,-1.145637111926e-03,1.507195252578e-02,-3.586262446217e+01
"                 803",-2.608110115844e-01,2.581027184862e+00,-1.066378374463e+02,-2.649391585107e-01,2.595700733397e+00,-1.425069589300e+02,-4.128146926354e-03,1.467354853515e-02,-3.586912148375e+01
"                 804",-3.754807369372e-01,2.625027408258e+00,-1.065999416866e+02,-3.822457906710e-01,2.639348222182e+00,-1.424762711516e+02,-6.765053733797e-03,1.432081392435e-02,-3.587632946500e+01
"                 805",-5.554091499875e-01,2.690797061568e+00,-1.065819293276e+02,-5.642389505767e-01,2.704768915602e+00,-1.424657673031e+02,-8.829800589220e-03,1.397185403416e-02,-3.588383797547e+01
"                 806",-7.601532895003e-01,2.741572524274e+00,-1.065825088618e+02,-7.704761833906e-01,2.755159326065e+00,-1.424737660812e+02,-1.032289389028e-02,1.358680179153e-02,-3.589125721945e+01
"                 807",-8.948952273136e-01,2.745455169316e+00,-1.066100349708e+02,-9.061231914580e-01,2.758670629851e+00,-1.425082217211e+02,-1.122796414434e-02,1.321546053495e-02,-3.589818675028e+01
"                 808",-9.454759084332e-01,2.726185801733e+00,-1.066723058687e+02,-9.569532746657e-01,2.739051479906e+00,-1.425765690114e+02,-1.147736623255e-02,1.286567817311e-02,-3.590426314271e+01
"                 809",-9.301552100328e-01,2.735363616012e+00,-1.067520219493e+02,-9.412598358111e-01,2.747931756437e+00,-1.426611245658e+02,-1.110462577834e-02,1.256814042435e-02,-3.590910261651e+01
"                 810",-8.892490033205e-01,2.778905324238e+00,-1.068347363211e+02,-8.993636416026e-01,2.791176151231e+00,-1.427475130973e+02,-1.011463828209e-02,1.227082699318e-02,-3.591277677623e+01
"                 811",-7.953804135602e-01,2.826897481021e+00,-1.068990219016e+02,-8.038908505085e-01,2.838906227051e+00,-1.428144439911e+02,-8.510436948318e-03,1.200874603012e-02,-3.591542208955e+01
"                 812",-6.400228155523e-01,2.861366360878e+00,-1.069448678973e+02,-6.463166128222e-01,2.873237315969e+00,-1.428622105590e+02,-6.293797269914e-03,1.187095509136e-02,-3.591734266174e+01
"                 813",-4.504414035067e-01,2.903252074242e+00,-1.069916501313e+02,-4.541314817463e-01,2.915013413821e+00,-1.429107962291e+02,-3.690078239595e-03,1.176133957902e-02,-3.591914609784e+01
"                 814",-2.433333998568e-01,2.964135181555e+00,-1.070330600757e+02,-2.441062759131e-01,2.975770486514e+00,-1.429542617444e+02,-7.728760563545e-04,1.163530495880e-02,-3.592120166875e+01
"                 815",-4.513338650352e-02,3.037121447483e+00,-1.070518110845e+02,-4.274484451527e-02,3.048804523753e+00,-1.429758154823e+02,2.388541988253e-03,1.168307626974e-02,-3.592400439781e+01
"                 816",1.170336863696e-01,3.094320224982e+00,-1.070396035723e+02,1.226533409171e-01,3.106211941613e+00,-1.429674400020e+02,5.619654547453e-03,1.189171663101e-02,-3.592783642971e+01
"                 817",2.650011354051e-01,3.117530944770e+00,-1.070014133962e+02,2.737429664464e-01,3.129693832287e+00,-1.429341717109e+02,8.741831041309e-03,1.216288751728e-02,-3.593275831468e+01
"                 818",4.109213094606e-01,3.104321062017e+00,-1.069509409424e+02,4.225329554143e-01,3.116700791520e+00,-1.428895110653e+02,1.161164595365e-02,1.237972950314e-02,-3.593857012294e+01
"                 819",5.725615793546e-01,3.060615022269e+00,-1.069075973702e+02,5.867187078989e-01,3.073101876802e+00,-1.428525438130e+02,1.415712854429e-02,1.248685453341e-02,-3.594494644275e+01
"                 820",7.474284916878e-01,3.010296368791e+00,-1.068832865317e+02,7.637428653257e-01,3.022817477015e+00,-1.428348467144e+02,1.631437363792e-02,1.252110822363e-02,-3.595156018275e+01
"                 821",9.077138396681e-01,2.974748504423e+00,-1.068765781134e+02,9.256643598873e-01,2.987293422331e+00,-1.428345436678e+02,1.795052021920e-02,1.254491790798e-02,-3.595796555439e+01
"                 822",1.029170969415e+00,2.942793569444e+00,-1.068928653521e+02,1.048135852960e+00,2.955433302118e+00,-1.428564706644e+02,1.896488354504e-02,1.263973267397e-02,-3.596360531227e+01
"                 823",1.081625063319e+00,2.909754747359e+00,-1.069448328900e+02,1.101022084684e+00,2.922505771940e+00,-1.429130918820e+02,1.939702136473e-02,1.275102458055e-02,-3.596825899195e+01
"                 824",1.038771419080e+00,2.870553781119e+00,-1.070117443134e+02,1.058014156835e+00,2.883446272990e+00,-1.429836661639e+02,1.924273775490e-02,1.289249187037e-02,-3.597192185041e+01
"                 825",9.352722238174e-01,2.813623805752e+00,-1.070833745227e+02,9.536770140617e-01,2.826653836413e+00,-1.430579652942e+02,1.840479024436e-02,1.303003066079e-02,-3.597459077150e+01
"                 826",8.205244776604e-01,2.748558176035e+00,-1.071471936843e+02,8.374427390720e-01,2.761637554061e+00,-1.431235108001e+02,1.691826141161e-02,1.307937802604e-02,-3.597631711583e+01
"                 827",6.686321572615e-01,2.712355808214e+00,-1.071920191330e+02,6.834635428260e-01,2.725426518310e+00,-1.431693848465e+02,1.483138556448e-02,1.307071009586e-02,-3.597736571359e+01
"                 828",4.730254784337e-01,2.712161288087e+00,-1.072335020677e+02,4.853739852669e-01,2.725176928615e+00,-1.432118498360e+02,1.234850683313e-02,1.301564052868e-02,-3.597834776821e+01
"                 829",2.530420660127e-01,2.728354395681e+00,-1.072740271535e+02,2.624466335221e-01,2.741273282592e+00,-1.432537037265e+02,9.404567509398e-03,1.291888691154e-02,-3.597967657303e+01
"                 830",4.898534736674e-02,2.730069934353e+00,-1.072846120443e+02,5.521248560584e-02,2.742862796521e+00,-1.432664776729e+02,6.227138239106e-03,1.279286216757e-02,-3.598186562863e+01
"                 831",-9.795902336430e-02,2.716923265692e+00,-1.072661231185e+02,-9.501138315677e-02,2.729593443858e+00,-1.432512872133e+02,2.947640207529e-03,1.267017816663e-02,-3.598516409478e+01
"                 832",-1.914483916198e-01,2.690807660128e+00,-1.072218604763e+02,-1.917252346043e-01,2.703444063640e+00,-1.432114604994e+02,-2.768429845224e-04,1.263640351211e-02,-3.598960002309e+01
"                 833",-2.679175028137e-01,2.694826219155e+00,-1.071656414505e+02,-2.711729093059e-01,2.707522191577e+00,-1.431606132081e+02,-3.255406492213e-03,1.269597242108e-02,-3.599497175757e+01
"                 834",-3.743012129978e-01,2.728704198311e+00,-1.071109194301e+02,-3.802279546680e-01,2.741584251673e+00,-1.431119665085e+02,-5.926741670218e-03,1.288005336270e-02,-3.600104707839e+01
"                 835",-5.525992136865e-01,2.782783052738e+00,-1.070759170169e+02,-5.607323512491e-01,2.795989123840e+00,-1.430833818503e+02,-8.133137562573e-03,1.320607110217e-02,-3.600746483342e+01
"                 836",-7.576789832346e-01,2.830468320619e+00,-1.070726112505e+02,-7.675165884396e-01,2.844089130677e+00,-1.430864561459e+02,-9.837605205001e-03,1.362081005825e-02,-3.601384489545e+01
"                 837",-9.141923592372e-01,2.871288584550e+00,-1.071080897455e+02,-9.251615965334e-01,2.885321055373e+00,-1.431277043134e+02,-1.096923729615e-02,1.403247082300e-02,-3.601961456791e+01
"                 838",-9.790020321678e-01,2.910215251530e+00,-1.071818849211e+02,-9.904486682723e-01,2.924614279522e+00,-1.432062809398e+02,-1.144663610450e-02,1.439902799248e-02,-3.602439601867e+01
"                 839",-9.677983359233e-01,2.978656353936e+00,-1.072640074499e+02,-9.790392472531e-01,2.993318336974e+00,-1.432917870334e+02,-1.124091132978e-02,1.466198303828e-02,-3.602777958343e+01
"                 840",-9.257838242029e-01,3.076717248738e+00,-1.073410726035e+02,-9.361603474663e-01,3.091629409134e+00,-1.433709175722e+02,-1.037652326334e-02,1.491216039568e-02,-3.602984496871e+01
"                 841",-8.374606538026e-01,3.180050208875e+00,-1.073954382140e+02,-8.463455099446e-01,3.195255128410e+00,-1.434262478860e+02,-8.884856141987e-03,1.520491953505e-02,-3.603080967201e+01
"                 842",-7.007058405752e-01,3.271137694937e+00,-1.074334692295e+02,-7.074835092147e-01,3.286514963903e+00,-1.434646453618e+02,-6.777668639469e-03,1.537726896595e-02,-3.603117613228e+01
"                 843",-5.077344328619e-01,3.342600632987e+00,-1.074730844418e+02,-5.120092877197e-01,3.358144386127e+00,-1.435046804905e+02,-4.274854857790e-03,1.554375314020e-02,-3.603159604872e+01
"                 844",-2.837183895953e-01,3.392560598853e+00,-1.075169138372e+02,-2.851435723694e-01,3.408288248550e+00,-1.435493844828e+02,-1.425182774106e-03,1.572764969786e-02,-3.603247064564e+01
"                 845",-6.706335609888e-02,3.425555250957e+00,-1.075364895923e+02,-6.532452466364e-02,3.441470033580e+00,-1.435706642473e+02,1.738831435242e-03,1.591478262263e-02,-3.603417465504e+01
"                 846",1.052725344632e-01,3.436248828120e+00,-1.075233692568e+02,1.103398702128e-01,3.452256789624e+00,-1.435603663027e+02,5.067335749560e-03,1.600796150385e-02,-3.603699704589e+01
"                 847",2.386005473666e-01,3.434272034527e+00,-1.074821456906e+02,2.469369443210e-01,3.450194548749e+00,-1.435230053693e+02,8.336396954467e-03,1.592251422194e-02,-3.604085967867e+01
"                 848",3.690379372016e-01,3.422099350561e+00,-1.074261920514e+02,3.803800439350e-01,3.437727470822e+00,-1.434717183836e+02,1.134210673336e-02,1.562812026052e-02,-3.604552633220e+01
"                 849",5.163977257945e-01,3.394792713134e+00,-1.073671257379e+02,5.303752023477e-01,3.409960812616e+00,-1.434178506657e+02,1.397747655321e-02,1.516809948200e-02,-3.605072492779e+01
"                 850",6.885472538034e-01,3.344069462577e+00,-1.073267488021e+02,7.047558136138e-01,3.358671729209e+00,-1.433828448686e+02,1.620855981040e-02,1.460226663248e-02,-3.605609606643e+01
"                 851",8.436838728106e-01,3.269135313404e+00,-1.073263865157e+02,8.615726033671e-01,3.283180528985e+00,-1.433877018072e+02,1.788873055651e-02,1.404521558049e-02,-3.606131529153e+01
"                 852",9.555869245957e-01,3.188879871311e+00,-1.073563854338e+02,9.744576677915e-01,3.202378359069e+00,-1.434222124579e+02,1.887074319584e-02,1.349848775818e-02,-3.606582702413e+01
"                 853",1.011531764931e+00,3.108107676934e+00,-1.074183574325e+02,1.030770984146e+00,3.121118515559e+00,-1.434876995430e+02,1.923921921461e-02,1.301083862449e-02,-3.606934211051e+01
"                 854",9.665039203404e-01,3.022783852789e+00,-1.074849111415e+02,9.855891554282e-01,3.035366635766e+00,-1.435565805112e+02,1.908523508778e-02,1.258278297687e-02,-3.607166936974e+01
"                 855",8.547330885573e-01,2.925751835093e+00,-1.075452980918e+02,8.730508261833e-01,2.937885439238e+00,-1.436181727035e+02,1.831773762596e-02,1.213360414464e-02,-3.607287461179e+01
"                 856",7.182064462038e-01,2.845494824266e+00,-1.075903392419e+02,7.351271902772e-01,2.857129353426e+00,-1.436635074471e+02,1.692074407345e-02,1.163452915974e-02,-3.607316820517e+01
"                 857",5.741682962081e-01,2.808825781544e+00,-1.076182852697e+02,5.891067281473e-01,2.820076108572e+00,-1.436912590183e+02,1.493843193922e-02,1.125032702807e-02,-3.607297374858e+01
"                 858",4.113577411376e-01,2.825621653235e+00,-1.076475243653e+02,4.238495856274e-01,2.836550002699e+00,-1.437203632090e+02,1.249184448978e-02,1.092834946409e-02,-3.607283884373e+01
"                 859",2.288683454053e-01,2.864407306839e+00,-1.076887101600e+02,2.384712697000e-01,2.875097220610e+00,-1.437619762653e+02,9.602924294769e-03,1.068991377123e-02,-3.607326610532e+01
"                 860",4.352181632947e-02,2.898940527247e+00,-1.077002433508e+02,5.001767430281e-02,2.909603590456e+00,-1.437748307452e+02,6.495857973341e-03,1.066306320882e-02,-3.607458739435e+01
"                 861",-1.078060797284e-01,2.901242119280e+00,-1.076741027857e+02,-1.045162474610e-01,2.912102076426e+00,-1.437511221577e+02,3.289832267422e-03,1.085995714628e-02,-3.607701937204e+01
"                 862",-2.144317871550e-01,2.876543371202e+00,-1.076188694889e+02,-2.143109205882e-01,2.887805821099e+00,-1.436994097385e+02,1.208665667085e-04,1.126244989677e-02,-3.608054024962e+01
"                 863",-2.878040617960e-01,2.860871596834e+00,-1.075527891478e+02,-2.906929508337e-01,2.872765234690e+00,-1.436377782850e+02,-2.888889037787e-03,1.189363785553e-02,-3.608498913722e+01
"                 864",-3.964515495715e-01,2.879751360880e+00,-1.074901316895e+02,-4.021407205429e-01,2.892518524728e+00,-1.435802967133e+02,-5.689170971438e-03,1.276716384837e-02,-3.609016502379e+01
"                 865",-5.723031463742e-01,2.942221955454e+00,-1.074542783428e+02,-5.803599156649e-01,2.956062438202e+00,-1.435498616759e+02,-8.056769290681e-03,1.384048274804e-02,-3.609558333318e+01
"                 866",-7.737100749116e-01,3.035616197574e+00,-1.074574602948e+02,-7.836347141116e-01,3.050623199404e+00,-1.435582783873e+02,-9.924639200016e-03,1.500700182961e-02,-3.610081809250e+01
"                 867",-9.399877189933e-01,3.133475545064e+00,-1.074947895139e+02,-9.511760595189e-01,3.149522592773e+00,-1.436001166518e+02,-1.118834052560e-02,1.604704770926e-02,-3.610532713785e+01
"                 868",-1.012162852455e+00,3.237492830305e+00,-1.075643723689e+02,-1.023925324590e+00,3.254452955002e+00,-1.436730699186e+02,-1.176247213481e-02,1.696012469745e-02,-3.610869754972e+01
"                 869",-1.001982728858e+00,3.365999940086e+00,-1.076402213663e+02,-1.013625793798e+00,3.383833139678e+00,-1.437508569475e+02,-1.164306493911e-02,1.783319959126e-02,-3.611063558114e+01
"                 870",-9.545737574287e-01,3.516029654423e+00,-1.077046385278e+02,-9.654513589687e-01,3.534627928733e+00,-1.438160195968e+02,-1.087760154000e-02,1.859827431024e-02,-3.611138106897e+01
"                 871",-8.727583705134e-01,3.658247287451e+00,-1.077525749312e+02,-8.822702965922e-01,3.677449235466e+00,-1.438638752975e+02,-9.511926078808e-03,1.920194801516e-02,-3.611130036632e+01
"                 872",-7.246880574303e-01,3.762508130906e+00,-1.077880513584e+02,-7.321998729512e-01,3.782289744691e+00,-1.438988692204e+02,-7.511815520943e-03,1.978161378447e-02,-3.611081786195e+01
"                 873",-5.146983936373e-01,3.822772984746e+00,-1.078216284276e+02,-5.197287852847e-01,3.843012323158e+00,-1.439320902365e+02,-5.030391647396e-03,2.023933841244e-02,-3.611046180893e+01
"                 874",-2.771403809123e-01,3.835921196996e+00,-1.078674368307e+02,-2.792733684327e-01,3.856456434615e+00,-1.439781056551e+02,-2.132987520448e-03,2.053523761847e-02,-3.611066882432e+01
"                 875",-6.127375334682e-02,3.830342222940e+00,-1.078910986680e+02,-6.015495373381e-02,3.850897530750e+00,-1.440028107269e+02,1.118799613012e-03,2.055530781046e-02,-3.611171205890e+01
"                 876",1.005450944827e-01,3.817799755092e+00,-1.078773425161e+02,1.050966589285e-01,3.838077727627e+00,-1.439911208496e+02,4.551564445851e-03,2.027797253486e-02,-3.611377833350e+01
"                 877",2.158788321759e-01,3.809791123885e+00,-1.078230680722e+02,2.237712965879e-01,3.829520650314e+00,-1.439398435710e+02,7.892464412003e-03,1.972952642846e-02,-3.611677549884e+01
"                 878",3.419785759823e-01,3.809935866953e+00,-1.077488844821e+02,3.529177038120e-01,3.828860062347e+00,-1.438693439981e+02,1.093912782971e-02,1.892419539367e-02,-3.612045951593e+01
"                 879",4.845872099326e-01,3.779158790372e+00,-1.076845503716e+02,4.981797412657e-01,3.797113924923e+00,-1.438091514653e+02,1.359253133314e-02,1.795513455128e-02,-3.612460109371e+01
"                 880",6.435509438076e-01,3.706520077938e+00,-1.076571082432e+02,6.593254118418e-01,3.723362135159e+00,-1.437860403471e+02,1.577446803412e-02,1.684205722084e-02,-3.612893210389e+01
"                 881",7.891851927480e-01,3.598399142351e+00,-1.076732608935e+02,8.065319497860e-01,3.614063803983e+00,-1.438063839229e+02,1.734675703801e-02,1.566466163226e-02,-3.613312302937e+01
"                 882",8.949013938183e-01,3.465745960316e+00,-1.077113978082e+02,9.131641754279e-01,3.480291618801e+00,-1.438479278564e+02,1.826278160956e-02,1.454565848509e-02,-3.613653004818e+01
"                 883",9.339386689827e-01,3.331229834381e+00,-1.077612079373e+02,9.526107353769e-01,3.344668078089e+00,-1.439000047884e+02,1.867206639421e-02,1.343824370780e-02,-3.613879685107e+01
"                 884",8.793589055190e-01,3.224043304025e+00,-1.078096238498e+02,8.979482950935e-01,3.236392887000e+00,-1.439495195227e+02,1.858938957452e-02,1.234958297500e-02,-3.613989567292e+01
"                 885",7.702577021848e-01,3.133622437194e+00,-1.078578896362e+02,7.881650503306e-01,3.145018808896e+00,-1.439979477394e+02,1.790734814574e-02,1.139637170185e-02,-3.614005810315e+01
"                 886",6.519940829746e-01,3.067859459747e+00,-1.078975441031e+02,6.685558710659e-01,3.078420274135e+00,-1.440370749787e+02,1.656178809131e-02,1.056081438829e-02,-3.613953087559e+01
"                 887",5.325445373679e-01,3.050723532473e+00,-1.079225990850e+02,5.471738755863e-01,3.060604289148e+00,-1.440613324145e+02,1.462933821844e-02,9.880756675459e-03,-3.613873332946e+01
"                 888",3.877877428778e-01,3.085451929318e+00,-1.079441309975e+02,4.000535198544e-01,3.094914575064e+00,-1.440822417824e+02,1.226577697659e-02,9.462645746869e-03,-3.613811078491e+01
"                 889",2.082765056309e-01,3.134757292835e+00,-1.079767522663e+02,2.177413268942e-01,3.144137993670e+00,-1.441148286540e+02,9.464821263217e-03,9.380700835738e-03,-3.613807638773e+01
"                 890",2.932863930533e-02,3.173883167006e+00,-1.079862731148e+02,3.579572362352e-02,3.183581246829e+00,-1.441252092025e+02,6.467084318182e-03,9.698079822870e-03,-3.613893608771e+01
"                 891",-1.158051065315e-01,3.168548354666e+00,-1.079572822028e+02,-1.124796097210e-01,3.178922939620e+00,-1.440981038719e+02,3.325496810453e-03,1.037458495421e-02,-3.614082166909e+01
"                 892",-2.246567441690e-01,3.135397177771e+00,-1.078982285820e+02,-2.245484249998e-01,3.146775621912e+00,-1.440419840664e+02,1.083191691822e-04,1.137844414158e-02,-3.614375548437e+01
"                 893",-3.065027534980e-01,3.119003891375e+00,-1.078319630156e+02,-3.095247922787e-01,3.131719756205e+00,-1.439794537657e+02,-3.022038780630e-03,1.271586482998e-02,-3.614749075016e+01
"                 894",-4.285861249584e-01,3.158597972686e+00,-1.077762419020e+02,-4.345590743675e-01,3.172882262643e+00,-1.439279973273e+02,-5.972949409100e-03,1.428428995710e-02,-3.615175542528e+01
"                 895",-6.129880965009e-01,3.253486556047e+00,-1.077489986006e+02,-6.214643325577e-01,3.269460090087e+00,-1.439050950507e+02,-8.476236056815e-03,1.597353404000e-02,-3.615609645011e+01
"                 896",-8.168731923151e-01,3.392003643499e+00,-1.077553358426e+02,-8.273157209170e-01,3.409636442131e+00,-1.439154735776e+02,-1.044252860196e-02,1.763279863132e-02,-3.616013773500e+01
"                 897",-9.828614903213e-01,3.545432122867e+00,-1.077959476775e+02,-9.946187464290e-01,3.564692313147e+00,-1.439593391842e+02,-1.175725610767e-02,1.926019027956e-02,-3.616339150667e+01
"                 898",-1.048486891214e+00,3.713858222159e+00,-1.078563424940e+02,-1.060881642008e+00,3.734611861769e+00,-1.440219578491e+02,-1.239475079467e-02,2.075363961025e-02,-3.616561535503e+01
"                 899",-1.032065755900e+00,3.887777436641e+00,-1.079156633103e+02,-1.044437105729e+00,3.909826725459e+00,-1.440823390686e+02,-1.237134982885e-02,2.204928881873e-02,-3.616667575828e+01
"                 900",-9.796367141397e-01,4.052501209139e+00,-1.079718605394e+02,-9.913377215067e-01,4.075707714133e+00,-1.441386421190e+02,-1.170100736699e-02,2.320650499404e-02,-3.616678157966e+01
"                 901",-8.909131179364e-01,4.174930386396e+00,-1.080185716651e+02,-9.012939775068e-01,4.199148358658e+00,-1.441848112521e+02,-1.038085957036e-02,2.421797226234e-02,-3.616623958703e+01
"                 902",-7.307549502181e-01,4.249814455240e+00,-1.080571502702e+02,-7.390853205476e-01,4.274861973752e+00,-1.442225902087e+02,-8.330370329452e-03,2.504751851190e-02,-3.616543993849e+01
"                 903",-5.126725048618e-01,4.279779405600e+00,-1.080957402516e+02,-5.183929395893e-01,4.305274428480e+00,-1.442605846978e+02,-5.720434727463e-03,2.549502288036e-02,-3.616484444616e+01
"                 904",-2.692026093136e-01,4.268052878189e+00,-1.081403303190e+02,-2.718692423174e-01,4.293579860732e+00,-1.443050567299e+02,-2.666633003815e-03,2.552698254277e-02,-3.616472641090e+01
"                 905",-5.558700501356e-02,4.249310932953e+00,-1.081554629169e+02,-5.486881860297e-02,4.274450968985e+00,-1.443208034708e+02,7.181864105987e-04,2.514003603180e-02,-3.616534055393e+01
"                 906",9.088938639127e-02,4.234511921390e+00,-1.081230108516e+02,9.513242986930e-02,4.258922981835e+00,-1.442898259728e+02,4.243043478031e-03,2.441106044455e-02,-3.616681512117e+01
"                 907",1.911177729373e-01,4.218919072344e+00,-1.080627805223e+02,1.987628595951e-01,4.242285886868e+00,-1.442318969757e+02,7.645086657779e-03,2.336681452491e-02,-3.616911645342e+01
"                 908",2.953526446452e-01,4.197976263390e+00,-1.080043323878e+02,3.060268959952e-01,4.220030927619e+00,-1.441764410209e+02,1.067425135002e-02,2.205466422892e-02,-3.617210863308e+01
"                 909",4.298143710811e-01,4.139248615031e+00,-1.079577911852e+02,4.430495481370e-01,4.159749299295e+00,-1.441333283807e+02,1.323517705596e-02,2.050068426361e-02,-3.617553719551e+01
"                 910",5.923518217475e-01,4.022507046167e+00,-1.079344184417e+02,6.076543958942e-01,4.041349477588e+00,-1.441134750098e+02,1.530257414677e-02,1.884243142143e-02,-3.617905656808e+01
"                 911",7.414915875920e-01,3.858017836239e+00,-1.079451558822e+02,7.583348170881e-01,3.875089399336e+00,-1.441273994752e+02,1.684322949610e-02,1.707156309675e-02,-3.618224359304e+01
"                 912",8.371194872795e-01,3.690800567883e+00,-1.079674233612e+02,8.549574740097e-01,3.706031141569e+00,-1.441520638146e+02,1.783798673024e-02,1.523057368630e-02,-3.618464045341e+01
"                 913",8.565942346686e-01,3.551197655158e+00,-1.080046555329e+02,8.749585946692e-01,3.564676639158e+00,-1.441907015572e+02,1.836436000056e-02,1.347898400023e-02,-3.618604602436e+01
"                 914",8.105429332865e-01,3.451269370145e+00,-1.080428466985e+02,8.289001288175e-01,3.463210708265e+00,-1.442294201801e+02,1.835719553103e-02,1.194133811975e-02,-3.618657348154e+01
"                 915",7.392087371483e-01,3.374668386810e+00,-1.080873721396e+02,7.569181568733e-01,3.385304621386e+00,-1.442737236293e+02,1.770941972502e-02,1.063623457610e-02,-3.618635148970e+01
"                 916",6.524535900089e-01,3.321953145170e+00,-1.081214111133e+02,6.688483428960e-01,3.331551286553e+00,-1.443070363676e+02,1.639475288718e-02,9.598141383328e-03,-3.618562525430e+01
"                 917",5.473364061032e-01,3.323471885210e+00,-1.081404181629e+02,5.618267527103e-01,3.332400918216e+00,-1.443251308765e+02,1.449034660709e-02,8.929033005951e-03,-3.618471271362e+01
"                 918",3.979753411979e-01,3.365483599458e+00,-1.081583065200e+02,4.101663279382e-01,3.374220300021e+00,-1.443423066515e+02,1.219098674025e-02,8.736700562884e-03,-3.618400013147e+01
"                 919",2.191734955038e-01,3.407379621249e+00,-1.081853501959e+02,2.286477948614e-01,3.416409653574e+00,-1.443691607898e+02,9.474299357605e-03,9.030032324913e-03,-3.618381059391e+01
"                 920",4.975132312964e-02,3.435835897205e+00,-1.081847163885e+02,5.620801454595e-02,3.445693457271e+00,-1.443691498422e+02,6.456691416314e-03,9.857560066482e-03,-3.618443345368e+01
"                 921",-9.177470480222e-02,3.433786492416e+00,-1.081494165660e+02,-8.856036761365e-02,3.444966611741e+00,-1.443353574083e+02,3.214337188564e-03,1.118011932486e-02,-3.618594084229e+01
"                 922",-2.005274610267e-01,3.418575092324e+00,-1.080993122132e+02,-2.006328185414e-01,3.431441226778e+00,-1.442875867728e+02,-1.053575146708e-04,1.286613445405e-02,-3.618827455961e+01
"                 923",-2.986056340667e-01,3.441972158714e+00,-1.080503479266e+02,-3.019319962454e-01,3.456788036906e+00,-1.442415861311e+02,-3.326362178745e-03,1.481587819239e-02,-3.619123820448e+01
"                 924",-4.418999780556e-01,3.524161745512e+00,-1.080064983277e+02,-4.482432550358e-01,3.541039687127e+00,-1.442010803148e+02,-6.343276980202e-03,1.687794161508e-02,-3.619458198715e+01
"                 925",-6.376785707468e-01,3.664405466870e+00,-1.079850136832e+02,-6.465395091135e-01,3.683432169603e+00,-1.441828157653e+02,-8.860938366700e-03,1.902670273321e-02,-3.619780208208e+01
"                 926",-8.479940760348e-01,3.852202898373e+00,-1.079870245719e+02,-8.588210542917e-01,3.873451351290e+00,-1.441877305071e+02,-1.082697825696e-02,2.124845291634e-02,-3.620070593521e+01
"                 927",-1.013747077605e+00,4.052667941986e+00,-1.080154296311e+02,-1.025924336124e+00,4.076042123092e+00,-1.442185003420e+02,-1.217725851984e-02,2.337418110633e-02,-3.620307071091e+01
"                 928",-1.088951646213e+00,4.245381786463e+00,-1.080683404811e+02,-1.101832496363e+00,4.270640433499e+00,-1.442730432965e+02,-1.288085015033e-02,2.525864703636e-02,-3.620470281543e+01
"                 929",-1.067227305740e+00,4.406890323525e+00,-1.081273304248e+02,-1.080108000852e+00,4.433907576085e+00,-1.443327260928e+02,-1.288069511201e-02,2.701725256036e-02,-3.620539566793e+01
"                 930",-1.003129607024e+00,4.535797314671e+00,-1.081822383034e+02,-1.015270106950e+00,4.564323039450e+00,-1.443875139885e+02,-1.214049992559e-02,2.852572477875e-02,-3.620527568502e+01
"                 931",-9.031886280820e-01,4.624214993908e+00,-1.082306912946e+02,-9.138618173002e-01,4.653856832094e+00,-1.444353008085e+02,-1.067318921818e-02,2.964183818562e-02,-3.620460951392e+01
"                 932",-7.474485678337e-01,4.681327053476e+00,-1.082675317716e+02,-7.558790968689e-01,4.711674514990e+00,-1.444711996853e+02,-8.430529035224e-03,3.034746151400e-02,-3.620366791369e+01
"                 933",-5.361945413492e-01,4.709669944281e+00,-1.082959808675e+02,-5.418485817694e-01,4.740151724391e+00,-1.444988438812e+02,-5.654040420148e-03,3.048178011002e-02,-3.620286301366e+01
"                 934",-3.007541251331e-01,4.705639660760e+00,-1.083167762584e+02,-3.032337626655e-01,4.735768789442e+00,-1.445192097794e+02,-2.479637532463e-03,3.012912868216e-02,-3.620243352099e+01
"                 935",-9.755833486969e-02,4.690512603488e+00,-1.083159712250e+02,-9.656234477892e-02,4.719822028902e+00,-1.445186122227e+02,9.959900907685e-04,2.930942541385e-02,-3.620264099768e+01
"                 936",3.236952240454e-02,4.669022804626e+00,-1.082920695574e+02,3.689995719435e-02,4.697160805083e+00,-1.444957213272e+02,4.530434789812e-03,2.813800045706e-02,-3.620365176989e+01
"                 937",1.256334141910e-01,4.623475983511e+00,-1.082544742996e+02,1.334763867801e-01,4.650045088949e+00,-1.444599214560e+02,7.842972589080e-03,2.656910543783e-02,-3.620544715636e+01
"                 938",2.336602942566e-01,4.563322232254e+00,-1.082119345011e+02,2.443926457990e-01,4.588034659318e+00,-1.444197838313e+02,1.073235154235e-02,2.471242706410e-02,-3.620784933023e+01
"                 939",3.811066187521e-01,4.452871331893e+00,-1.081695000108e+02,3.943120647400e-01,4.475514586742e+00,-1.443799847858e+02,1.320544598794e-02,2.264325484909e-02,-3.621048477490e+01
"                 940",5.564891224483e-01,4.301983453681e+00,-1.081428811060e+02,5.717882730898e-01,4.322358882390e+00,-1.443559825704e+02,1.529915064156e-02,2.037542870870e-02,-3.621310146439e+01
"                 941",7.019452106618e-01,4.132942295442e+00,-1.081382160646e+02,7.188400436642e-01,4.150869560368e+00,-1.443536776374e+02,1.689483300242e-02,1.792726492634e-02,-3.621546157281e+01
"                 942",8.060902664430e-01,3.962719579824e+00,-1.081572990302e+02,8.240171433873e-01,3.978312476395e+00,-1.443746017321e+02,1.792687694431e-02,1.559289657106e-02,-3.621730270191e+01
"                 943",8.583192149360e-01,3.818386331419e+00,-1.081970363707e+02,8.767821983840e-01,3.831865371379e+00,-1.444154302951e+02,1.846298344794e-02,1.347903995992e-02,-3.621839392440e+01
"                 944",8.550327886136e-01,3.709382925385e+00,-1.082465387680e+02,8.734845228700e-01,3.721026862641e+00,-1.444653435448e+02,1.845173425639e-02,1.164393725587e-02,-3.621880477689e+01
"                 945",8.047721410371e-01,3.642008097298e+00,-1.082810332942e+02,8.225778342272e-01,3.652224451962e+00,-1.444996892476e+02,1.780569319010e-02,1.021635466336e-02,-3.621865595334e+01
"                 946",7.163750392725e-01,3.597564440189e+00,-1.083021974146e+02,7.328710739813e-01,3.606850490457e+00,-1.445202331140e+02,1.649603470875e-02,9.286050267997e-03,-3.621803569940e+01
"                 947",5.935781030631e-01,3.579288978467e+00,-1.083192856893e+02,6.081978836184e-01,3.588192230586e+00,-1.445364751969e+02,1.461978055529e-02,8.903252119415e-03,-3.621718950753e+01
"                 948",4.408235351088e-01,3.587343508222e+00,-1.083396237428e+02,4.531148239403e-01,3.596471928945e+00,-1.445560921725e+02,1.229128883145e-02,9.128420722740e-03,-3.621646842966e+01
"                 949",2.714566260615e-01,3.619533015618e+00,-1.083602417377e+02,2.808952225210e-01,3.629532386056e+00,-1.445764308875e+02,9.438596459535e-03,9.999370437448e-03,-3.621618914984e+01
"                 950",1.176488983130e-01,3.653738931642e+00,-1.083576336148e+02,1.239061473844e-01,3.665185441503e+00,-1.445741744085e+02,6.257249071417e-03,1.144650986112e-02,-3.621654079364e+01
"                 951",-2.045414345105e-02,3.682468228435e+00,-1.083299600254e+02,-1.757083171657e-02,3.695824294978e+00,-1.445475219728e+02,2.883311734478e-03,1.335606654253e-02,-3.621756194739e+01
"                 952",-1.357702661638e-01,3.705498843939e+00,-1.082907470973e+02,-1.362703392445e-01,3.721017700680e+00,-1.445099962484e+02,-5.000730806614e-04,1.551885674086e-02,-3.621924915111e+01
"                 953",-2.501543519266e-01,3.771160222360e+00,-1.082493120675e+02,-2.538936301704e-01,3.789004606668e+00,-1.444706738400e+02,-3.739278243744e-03,1.784438430856e-02,-3.622136177254e+01
"                 954",-4.150938145275e-01,3.891215989356e+00,-1.082171059103e+02,-4.218377142521e-01,3.911603314673e+00,-1.444408573305e+02,-6.743899724589e-03,2.038732531643e-02,-3.622375142019e+01
"                 955",-6.296945625572e-01,4.072126676354e+00,-1.081938707208e+02,-6.389414139518e-01,4.095132375902e+00,-1.444200444269e+02,-9.246851394578e-03,2.300569954815e-02,-3.622617370611e+01
"                 956",-8.533212760515e-01,4.282284049186e+00,-1.081914046618e+02,-8.645433957033e-01,4.307906419427e+00,-1.444199923470e+02,-1.122211965177e-02,2.562237024165e-02,-3.622858768517e+01
"                 957",-1.004946821369e+00,4.476315864921e+00,-1.082114542638e+02,-1.017514667353e+00,4.504460990509e+00,-1.444421969425e+02,-1.256784598427e-02,2.814512558748e-02,-3.623074267869e+01
"                 958",-1.059522327847e+00,4.645559052323e+00,-1.082500153042e+02,-1.072680804623e+00,4.676003553683e+00,-1.444822722770e+02,-1.315847677592e-02,3.044450136027e-02,-3.623225697276e+01
"                 959",-1.032121749693e+00,4.766355761610e+00,-1.083042450939e+02,-1.045086538571e+00,4.798742703430e+00,-1.445372164907e+02,-1.296478887786e-02,3.238694182058e-02,-3.623297139675e+01
"                 960",-9.764461294667e-01,4.856381703292e+00,-1.083623558482e+02,-9.884498037735e-01,4.890200227590e+00,-1.445953069990e+02,-1.200367430685e-02,3.381852429873e-02,-3.623295115076e+01
"                 961",-8.744682090478e-01,4.929387118801e+00,-1.084058472578e+02,-8.847632774666e-01,4.964042205151e+00,-1.446381794050e+02,-1.029506841881e-02,3.465508635034e-02,-3.623233214723e+01
"                 962",-7.101364517091e-01,4.992030417732e+00,-1.084231094151e+02,-7.180268854062e-01,5.027006074206e+00,-1.446544981146e+02,-7.890433697088e-03,3.497565647428e-02,-3.623138869952e+01
"                 963",-4.905430554626e-01,5.028516838922e+00,-1.084287307720e+02,-4.955409757253e-01,5.063185080498e+00,-1.446591904314e+02,-4.997920262641e-03,3.466824157642e-02,-3.623045965937e+01
"                 964",-2.556972856426e-01,5.017192469732e+00,-1.084381256472e+02,-2.574656145073e-01,5.051030146350e+00,-1.446679183106e+02,-1.768328864665e-03,3.383767661729e-02,-3.622979266343e+01
"                 965",-6.132661851311e-02,4.971387010870e+00,-1.084483906124e+02,-5.965620348761e-02,5.003896855492e+00,-1.446781417545e+02,1.670415025498e-03,3.250984462192e-02,-3.622975114207e+01
"                 966",7.392229947521e-02,4.905664370845e+00,-1.084377033700e+02,7.900445754788e-02,4.936441769533e+00,-1.446681108611e+02,5.082158072661e-03,3.077739868792e-02,-3.623040749113e+01
"                 967",1.854080610899e-01,4.805252582476e+00,-1.084039236055e+02,1.937031575678e-01,4.833973000963e+00,-1.446355485682e+02,8.295096477855e-03,2.872041848698e-02,-3.623162496273e+01
"                 968",3.179664065501e-01,4.692281992382e+00,-1.083566939774e+02,3.291503880508e-01,4.718604008030e+00,-1.445898901182e+02,1.118398150062e-02,2.632201564823e-02,-3.623319614083e+01
"                 969",4.896741030370e-01,4.567891531931e+00,-1.083048846506e+02,5.033916420506e-01,4.591492909773e+00,-1.445398621074e+02,1.371753901364e-02,2.360137784131e-02,-3.623497745679e+01
"                 970",6.814298723467e-01,4.425314614565e+00,-1.082786634805e+02,6.972595724505e-01,4.446117308552e+00,-1.445156045598e+02,1.582970010383e-02,2.080269398705e-02,-3.623694107929e+01
"                 971",8.565576235456e-01,4.263081546131e+00,-1.082722717078e+02,8.739426320053e-01,4.281102335750e+00,-1.445111620963e+02,1.738500845974e-02,1.802078961866e-02,-3.623889038857e+01
"                 972",9.933460845267e-01,4.086269183132e+00,-1.082823867052e+02,1.011743208420e+00,4.101613139196e+00,-1.445228960173e+02,1.839712389308e-02,1.534395606419e-02,-3.624050931211e+01
"                 973",1.069055360887e+00,3.934952156839e+00,-1.083210186850e+02,1.088000559294e+00,3.947966805804e+00,-1.445625501148e+02,1.894519840664e-02,1.301464896484e-02,-3.624153142986e+01
"                 974",1.058402102926e+00,3.822036642143e+00,-1.083584122013e+02,1.077343147836e+00,3.833267506178e+00,-1.446004310835e+02,1.894104490967e-02,1.123086403536e-02,-3.624201888225e+01
"                 975",9.871284399528e-01,3.739839801292e+00,-1.083887411167e+02,1.005413178828e+00,3.749863389715e+00,-1.446306747852e+02,1.828473887525e-02,1.002358842352e-02,-3.624193366845e+01
"                 976",8.849996726505e-01,3.666946037089e+00,-1.084136214834e+02,9.019207369045e-01,3.676379357312e+00,-1.446549652098e+02,1.692106425407e-02,9.433320223545e-03,-3.624134372641e+01
"                 977",7.518449066878e-01,3.616731765333e+00,-1.084322644810e+02,7.667892222493e-01,3.626246522991e+00,-1.446727915053e+02,1.494431556144e-02,9.514757657695e-03,-3.624052702426e+01
"                 978",5.883068550622e-01,3.600096714449e+00,-1.084548377783e+02,6.007640015670e-01,3.610412327300e+00,-1.446945322115e+02,1.245714650479e-02,1.031561285176e-02,-3.623969443317e+01
"                 979",4.046117334124e-01,3.633325364268e+00,-1.084788608968e+02,4.140913351350e-01,3.645055744417e+00,-1.447179601930e+02,9.479601722603e-03,1.173038014804e-02,-3.623909929619e+01
"                 980",2.336591668382e-01,3.686726870749e+00,-1.084841376753e+02,2.398881571221e-01,3.700325534054e+00,-1.447231212335e+02,6.228990283893e-03,1.359866330513e-02,-3.623898355824e+01
"                 981",8.022820095417e-02,3.752950819265e+00,-1.084600888218e+02,8.305427477435e-02,3.768733715046e+00,-1.446994422409e+02,2.826073820178e-03,1.578289578020e-02,-3.623935341901e+01
"                 982",-5.287835064482e-02,3.823918308812e+00,-1.084224049343e+02,-5.343082565403e-02,3.842211506014e+00,-1.446626682268e+02,-5.524750092111e-04,1.829319720212e-02,-3.624026329257e+01
"                 983",-2.007663577413e-01,3.938719613085e+00,-1.083746912800e+02,-2.045580246307e-01,3.959763124261e+00,-1.446163105923e+02,-3.791666889337e-03,2.104351117625e-02,-3.624161931226e+01
"                 984",-3.996803115413e-01,4.083326619389e+00,-1.083310618705e+02,-4.064724215192e-01,4.107252743606e+00,-1.445745477591e+02,-6.792109977825e-03,2.392612421728e-02,-3.624348588861e+01
"                 985",-6.359837721148e-01,4.253245940642e+00,-1.083029510300e+02,-6.452678681565e-01,4.280111231581e+00,-1.445486237827e+02,-9.284096041649e-03,2.686529093911e-02,-3.624567275269e+01
"                 986",-8.449944338312e-01,4.431468627362e+00,-1.082940666267e+02,-8.561871617698e-01,4.461274567791e+00,-1.445420519213e+02,-1.119272793862e-02,2.980594042906e-02,-3.624798529461e+01
"                 987",-9.732084730731e-01,4.589573387070e+00,-1.083112510583e+02,-9.855635434098e-01,4.622115893690e+00,-1.445614157685e+02,-1.235507033673e-02,3.254250662015e-02,-3.625016471015e+01
"                 988",-1.020564621155e+00,4.727628510033e+00,-1.083511465343e+02,-1.033288987652e+00,4.762448775493e+00,-1.446029626821e+02,-1.272436649655e-02,3.482026546016e-02,-3.625181614782e+01
"                 989",-9.995574306542e-01,4.835056794485e+00,-1.084010558698e+02,-1.011861580688e+00,4.871572857222e+00,-1.446536984331e+02,-1.230415003369e-02,3.651606273654e-02,-3.625264256335e+01
"                 990",-9.417655482916e-01,4.929874104233e+00,-1.084412468082e+02,-9.529327880936e-01,4.967430029532e+00,-1.446939075231e+02,-1.116723980202e-02,3.755592529946e-02,-3.625266071489e+01
"                 991",-8.243438497182e-01,5.011447989657e+00,-1.084588438254e+02,-8.336623964296e-01,5.049430072744e+00,-1.447108095382e+02,-9.318546711343e-03,3.798208308637e-02,-3.625196571289e+01
"                 992",-6.476261160834e-01,5.075624010204e+00,-1.084675609794e+02,-6.544519636293e-01,5.113464574567e+00,-1.447184326936e+02,-6.825847545917e-03,3.784056436334e-02,-3.625087171414e+01
"                 993",-4.175837289583e-01,5.091568896732e+00,-1.084872095533e+02,-4.215042530560e-01,5.128659225123e+00,-1.447369747296e+02,-3.920524097629e-03,3.709032839123e-02,-3.624976517626e+01
"                 994",-1.690077406827e-01,5.048961217231e+00,-1.085119064873e+02,-1.697403388136e-01,5.084696844362e+00,-1.447607432389e+02,-7.325981308952e-04,3.573562713073e-02,-3.624883675156e+01
"                 995",5.059058163221e-02,4.953267942990e+00,-1.085278217225e+02,5.322879276153e-02,4.987207416246e+00,-1.447761841134e+02,2.638211129325e-03,3.393947325643e-02,-3.624836239088e+01
"                 996",2.091683890498e-01,4.824711444639e+00,-1.085184152693e+02,2.152004558782e-01,4.856435550341e+00,-1.447667215310e+02,6.032066828441e-03,3.172410570208e-02,-3.624830626162e+01
"                 997",3.328529698032e-01,4.684429337168e+00,-1.084807395370e+02,3.421326213048e-01,4.713473372376e+00,-1.447294467458e+02,9.279651501634e-03,2.904403520860e-02,-3.624870720875e+01
"                 998",4.708396734987e-01,4.556364960236e+00,-1.084263969018e+02,4.830317103101e-01,4.582421388824e+00,-1.446759847826e+02,1.219203681134e-02,2.605642858805e-02,-3.624958788078e+01
"                 999",6.754339217230e-01,4.432473163953e+00,-1.083752864913e+02,6.901336103063e-01,4.455418483802e+00,-1.446262297705e+02,1.469968858333e-02,2.294531984897e-02,-3.625094327920e+01
"                1000",9.100391315198e-01,4.287173751164e+00,-1.083432120472e+02,9.267833648244e-01,4.306988831762e+00,-1.445959179914e+02,1.674423330459e-02,1.981508059766e-02,-3.625270594427e+01
"                1001",1.118196660434e+00,4.120546754978e+00,-1.083321610767e+02,1.136458147792e+00,4.137312627372e+00,-1.445867139786e+02,1.826148735825e-02,1.676587239368e-02,-3.625455290190e+01
"                1002",1.255300345166e+00,3.937609081767e+00,-1.083448667778e+02,1.274543531626e+00,3.951640791210e+00,-1.446010532495e+02,1.924318645948e-02,1.403170944360e-02,-3.625618647162e+01
"                1003",1.280410921573e+00,3.773537800456e+00,-1.083724259593e+02,1.300189436714e+00,3.785357460660e+00,-1.446297984189e+02,1.977851514117e-02,1.181966020428e-02,-3.625737245964e+01
"                1004",1.222589780350e+00,3.628095447357e+00,-1.084040045473e+02,1.242311297900e+00,3.638359601659e+00,-1.446619966675e+02,1.972151754978e-02,1.026415430204e-02,-3.625799212027e+01
"                1005",1.138075235491e+00,3.503174686449e+00,-1.084333659500e+02,1.156984550787e+00,3.512552264524e+00,-1.446913778274e+02,1.890931529618e-02,9.377578075426e-03,-3.625801187740e+01
"                1006",1.031735817882e+00,3.404272073592e+00,-1.084585164726e+02,1.049077156722e+00,3.413533985278e+00,-1.447159668080e+02,1.734133883995e-02,9.261911686247e-03,-3.625745033536e+01
"                1007",8.739750394275e-01,3.350214885225e+00,-1.084855707208e+02,8.891503417931e-01,3.360066247638e+00,-1.447420447936e+02,1.517530236560e-02,9.851362412543e-03,-3.625647407276e+01
"                1008",6.714876866778e-01,3.347094975124e+00,-1.085216393232e+02,6.839898336892e-01,3.358172676526e+00,-1.447769833458e+02,1.250214701135e-02,1.107770140163e-02,-3.625534402258e+01
"                1009",4.597964589762e-01,3.410338367317e+00,-1.085479132965e+02,4.691945499831e-01,3.423132896793e+00,-1.448022216502e+02,9.398091006888e-03,1.279452947636e-02,-3.625430835371e+01
"                1010",2.804236990737e-01,3.503590303655e+00,-1.085532785932e+02,2.864917887842e-01,3.518533268680e+00,-1.448068803469e+02,6.068089710597e-03,1.494296502471e-02,-3.625360175374e+01
"                1011",1.096141299053e-01,3.622670054151e+00,-1.085289289574e+02,1.122341595017e-01,3.640198353663e+00,-1.447822682325e+02,2.620029596363e-03,1.752829951238e-02,-3.625333927510e+01
"                1012",-5.917116695292e-02,3.746620089932e+00,-1.084840863050e+02,-5.998500763548e-02,3.767030281575e+00,-1.447378696544e+02,-8.138406825557e-04,2.041019164294e-02,-3.625378334938e+01
"                1013",-2.379385670803e-01,3.880455771100e+00,-1.084336447910e+02,-2.420531149517e-01,3.903899889985e+00,-1.446886320470e+02,-4.114547871399e-03,2.344411888548e-02,-3.625498725599e+01
"                1014",-4.447260482658e-01,4.011805518141e+00,-1.083836808198e+02,-4.518005262765e-01,4.038455447275e+00,-1.446405381486e+02,-7.074478010677e-03,2.664992913362e-02,-3.625685732878e+01
"                1015",-6.675301047746e-01,4.150571060361e+00,-1.083442240367e+02,-6.769618928981e-01,4.180404834326e+00,-1.446033901265e+02,-9.431788123467e-03,2.983377396510e-02,-3.625916608979e+01
"                1016",-8.583252526982e-01,4.294526195769e+00,-1.083309982317e+02,-8.694659301389e-01,4.327338770409e+00,-1.445927044623e+02,-1.114067744067e-02,3.281257463987e-02,-3.626170623055e+01
"                1017",-9.840835952175e-01,4.432334025899e+00,-1.083507149275e+02,-9.961386838961e-01,4.467684946741e+00,-1.446147908733e+02,-1.205508867860e-02,3.535092084223e-02,-3.626407594577e+01
"                1018",-1.023004450049e+00,4.577996505004e+00,-1.083852685312e+02,-1.035193035310e+00,4.615299364310e+00,-1.446510950523e+02,-1.218858526124e-02,3.730285930559e-02,-3.626582652101e+01
"                1019",-9.984177837449e-01,4.710015787731e+00,-1.084228210961e+02,-1.010007375985e+00,4.748629539451e+00,-1.446894882386e+02,-1.158959223974e-02,3.861375172003e-02,-3.626666714245e+01
"                1020",-9.277815558890e-01,4.812079926470e+00,-1.084505488785e+02,-9.381057150154e-01,4.851317963974e+00,-1.447171366695e+02,-1.032415912633e-02,3.923803750332e-02,-3.626658779107e+01
"                1021",-7.981463182868e-01,4.877516903494e+00,-1.084718646178e+02,-8.065346299883e-01,4.916768000914e+00,-1.447376257000e+02,-8.388311701520e-03,3.925109742041e-02,-3.626576108219e+01
"                1022",-6.021782614780e-01,4.907705107101e+00,-1.084968985053e+02,-6.081046479090e-01,4.946325983824e+00,-1.447614286258e+02,-5.926386430995e-03,3.862087672343e-02,-3.626453012054e+01
"                1023",-3.433451199010e-01,4.886800129239e+00,-1.085301045317e+02,-3.464272779137e-01,4.924193426627e+00,-1.447932335873e+02,-3.082158012714e-03,3.739329738785e-02,-3.626312905560e+01
"                1024",-7.196344116264e-02,4.797404558775e+00,-1.085579746515e+02,-7.184677881416e-02,4.833010563302e+00,-1.448196319363e+02,1.166623484800e-04,3.560600452664e-02,-3.626165728477e+01
"                1025",1.567976280784e-01,4.653997307246e+00,-1.085721566678e+02,1.603480386287e-01,4.687285915020e+00,-1.448326660299e+02,3.550410550319e-03,3.328860777398e-02,-3.626050936208e+01
"                1026",3.124745292438e-01,4.498878994223e+00,-1.085561674823e+02,3.194731717879e-01,4.529359754810e+00,-1.448160201622e+02,6.998642544111e-03,3.048076058773e-02,-3.625985267992e+01
"                1027",4.508336847669e-01,4.352475987627e+00,-1.085120356411e+02,4.610755324024e-01,4.379855715668e+00,-1.447719359751e+02,1.024184763549e-02,2.737972804116e-02,-3.625990033401e+01
"                1028",6.339943668041e-01,4.220836253444e+00,-1.084554700257e+02,6.470988174124e-01,4.244920413336e+00,-1.447160981371e+02,1.310445060829e-02,2.408415989204e-02,-3.626062811137e+01
"                1029",8.748835581120e-01,4.095507240117e+00,-1.084041000641e+02,8.904599030825e-01,4.116200819001e+00,-1.446660973724e+02,1.557634497048e-02,2.069357888398e-02,-3.626199730826e+01
"                1030",1.115618171363e+00,3.953128102618e+00,-1.083702217813e+02,1.133203652210e+00,3.970576783481e+00,-1.446341262179e+02,1.758548084744e-02,1.744868086322e-02,-3.626390443659e+01
"                1031",1.305249815419e+00,3.792784928370e+00,-1.083516357729e+02,1.324311998339e+00,3.807282536952e+00,-1.446175638099e+02,1.906218292013e-02,1.449760858235e-02,-3.626592803708e+01
"                1032",1.398398968915e+00,3.597200681121e+00,-1.083592482460e+02,1.418420095883e+00,3.609206795946e+00,-1.446269657941e+02,2.002112696836e-02,1.200611482469e-02,-3.626771754814e+01
"                1033",1.386444032445e+00,3.407767831245e+00,-1.083845828840e+02,1.406899217420e+00,3.417883186448e+00,-1.446536379515e+02,2.045518497435e-02,1.011535520326e-02,-3.626905506750e+01
"                1034",1.317791323357e+00,3.231547214078e+00,-1.084177980711e+02,1.337979705942e+00,3.240562128252e+00,-1.446875800521e+02,2.018838258483e-02,9.014914174406e-03,-3.626978198094e+01
"                1035",1.227282633971e+00,3.096041687629e+00,-1.084509306214e+02,1.246414789746e+00,3.104683484306e+00,-1.447206699140e+02,1.913215577582e-02,8.641796677595e-03,-3.626973929254e+01
"                1036",1.088288645303e+00,3.027790445898e+00,-1.084828559087e+02,1.105619640372e+00,3.036793186015e+00,-1.447517900209e+02,1.733099506919e-02,9.002740117663e-03,-3.626893411229e+01
"                1037",8.846492171351e-01,3.020627775158e+00,-1.085137776771e+02,8.996458612791e-01,3.030559738044e+00,-1.447813632140e+02,1.499664414393e-02,9.931962886726e-03,-3.626758553693e+01
"                1038",6.595394470198e-01,3.067340238273e+00,-1.085514777130e+02,6.717111946399e-01,3.078785065703e+00,-1.448174033621e+02,1.217174762013e-02,1.144482743015e-02,-3.626592564912e+01
"                1039",4.383160392885e-01,3.184242349054e+00,-1.085756954932e+02,4.473049784588e-01,3.197788213999e+00,-1.448399778967e+02,8.988939170339e-03,1.354586494458e-02,-3.626428240357e+01
"                1040",2.504643949845e-01,3.331315396900e+00,-1.085739653637e+02,2.560221086922e-01,3.347409896051e+00,-1.448370551553e+02,5.557713707634e-03,1.609449915090e-02,-3.626308979159e+01
"                1041",7.586230998669e-02,3.480687007632e+00,-1.085449925676e+02,7.789434350645e-02,3.499673917517e+00,-1.448076716447e+02,2.032033519756e-03,1.898690988463e-02,-3.626267907702e+01
"                1042",-9.661781207512e-02,3.612361322434e+00,-1.084974687527e+02,-9.805331625802e-02,3.634528309284e+00,-1.447606292802e+02,-1.435504182895e-03,2.216698685024e-02,-3.626316052748e+01
"                1043",-2.784808747638e-01,3.729432191318e+00,-1.084377293372e+02,-2.831412384922e-01,3.754938825468e+00,-1.447022544702e+02,-4.660363728405e-03,2.550663414946e-02,-3.626452513300e+01
"                1044",-4.901666124892e-01,3.830103474247e+00,-1.083860637428e+02,-4.975904109308e-01,3.858911233829e+00,-1.446527089572e+02,-7.423798441597e-03,2.880775958222e-02,-3.626664521433e+01
"                1045",-7.139603486074e-01,3.944810758595e+00,-1.083511470077e+02,-7.235226238613e-01,3.976661773764e+00,-1.446204023183e+02,-9.562275253909e-03,3.185101516835e-02,-3.626925531057e+01
"                1046",-8.960142564536e-01,4.083704535425e+00,-1.083375949813e+02,-9.070389111716e-01,4.118229464061e+00,-1.446095716179e+02,-1.102465471796e-02,3.452492863606e-02,-3.627197663659e+01
"                1047",-1.005296268745e+00,4.247541168298e+00,-1.083443736146e+02,-1.017037873958e+00,4.284215076250e+00,-1.446187717264e+02,-1.174160521259e-02,3.667390795215e-02,-3.627439811186e+01
"                1048",-1.036965840545e+00,4.412234963530e+00,-1.083656172418e+02,-1.048677906908e+00,4.450461944671e+00,-1.446416398290e+02,-1.171206636325e-02,3.822698114083e-02,-3.627602258719e+01
"                1049",-1.020053160499e+00,4.543847702666e+00,-1.084053025278e+02,-1.031056683233e+00,4.582982209257e+00,-1.446819803403e+02,-1.100352273365e-02,3.913450659162e-02,-3.627667781254e+01
"                1050",-9.516368498441e-01,4.613429780624e+00,-1.084502744951e+02,-9.613542363658e-01,4.652751759888e+00,-1.447266794243e+02,-9.717386521653e-03,3.932197926344e-02,-3.627640492925e+01
"                1051",-8.027459951149e-01,4.639338208919e+00,-1.084875715078e+02,-8.105525954114e-01,4.678225473557e+00,-1.447628888147e+02,-7.806600296502e-03,3.888726463806e-02,-3.627531730692e+01
"                1052",-5.769874877749e-01,4.623559945704e+00,-1.085215898865e+02,-5.823523141680e-01,4.661434401827e+00,-1.447952292080e+02,-5.364826393087e-03,3.787445612315e-02,-3.627363932151e+01
"                1053",-2.935551786388e-01,4.557598516207e+00,-1.085557529154e+02,-2.959970174173e-01,4.593778666453e+00,-1.448273569923e+02,-2.441838778512e-03,3.618015024583e-02,-3.627160407685e+01
"                1054",-1.380748863784e-02,4.445432139913e+00,-1.085746349202e+02,-1.293612156887e-02,4.479272134405e+00,-1.448441897379e+02,8.713670689648e-04,3.383999449160e-02,-3.626955481771e+01
"                1055",2.088204413993e-01,4.299612691587e+00,-1.085801366630e+02,2.131873101004e-01,4.330703193947e+00,-1.448481792579e+02,4.366868701094e-03,3.109050236035e-02,-3.626804259485e+01
"                1056",3.832105938207e-01,4.143150218713e+00,-1.085625686256e+02,3.910116213604e-01,4.171149433547e+00,-1.448298352258e+02,7.801027539659e-03,2.799921483404e-02,-3.626726660011e+01
"                1057",5.584727106943e-01,3.998648775595e+00,-1.085160930997e+02,5.694800646295e-01,4.023266527362e+00,-1.447834437343e+02,1.100735393522e-02,2.461775176729e-02,-3.626735063469e+01
"                1058",7.700929907296e-01,3.866470358849e+00,-1.084559735851e+02,7.839541330972e-01,3.887645367921e+00,-1.447242201636e+02,1.386114236757e-02,2.117500907271e-02,-3.626824657855e+01
"                1059",1.016051608512e+00,3.742533996838e+00,-1.084031417753e+02,1.032375680868e+00,3.760397567967e+00,-1.446730188028e+02,1.632407235590e-02,1.786357112884e-02,-3.626987702751e+01
"                1060",1.229663356680e+00,3.594865508153e+00,-1.083732961430e+02,1.247962465822e+00,3.609727105026e+00,-1.446453165466e+02,1.829910914187e-02,1.486159687335e-02,-3.627202040360e+01
"                1061",1.380286085105e+00,3.419357073777e+00,-1.083615362171e+02,1.399971591276e+00,3.431630208093e+00,-1.446357285997e+02,1.968550617134e-02,1.227313431623e-02,-3.627419238264e+01
"                1062",1.451410081298e+00,3.214897931055e+00,-1.083685986137e+02,1.471880294989e+00,3.225163864449e+00,-1.446446771546e+02,2.047021369103e-02,1.026593339349e-02,-3.627607854089e+01
"                1063",1.428548907810e+00,3.021023032751e+00,-1.083888632602e+02,1.449223888220e+00,3.029956796617e+00,-1.446662498367e+02,2.067498041083e-02,8.933763866382e-03,-3.627738657657e+01
"                1064",1.336893881383e+00,2.863942943895e+00,-1.084220471643e+02,1.357045233613e+00,2.872274160658e+00,-1.446999375607e+02,2.015135222942e-02,8.331216763499e-03,-3.627789039644e+01
"                1065",1.214287191696e+00,2.773637059277e+00,-1.084622317559e+02,1.233154872586e+00,2.781996346404e+00,-1.447396997328e+02,1.886768089093e-02,8.359287127035e-03,-3.627746797695e+01
"                1066",1.051403454400e+00,2.761088900197e+00,-1.084985513282e+02,1.068294798855e+00,2.770095307135e+00,-1.447746864520e+02,1.689134445536e-02,9.006406937380e-03,-3.627613512385e+01
"                1067",8.219938492277e-01,2.814006040373e+00,-1.085368082608e+02,8.363930786935e-01,2.824309683317e+00,-1.448109833124e+02,1.439922946582e-02,1.030364294419e-02,-3.627417505169e+01
"                1068",5.780688182623e-01,2.923979714690e+00,-1.085698728858e+02,5.894756510142e-01,2.936211476205e+00,-1.448418735982e+02,1.140683275184e-02,1.223176151514e-02,-3.627200071242e+01
"                1069",3.523534847814e-01,3.080078339844e+00,-1.085781779619e+02,3.604425982018e-01,3.094762141988e+00,-1.448483446418e+02,8.089113420467e-03,1.468380214436e-02,-3.627016667994e+01
"                1070",1.658258480890e-01,3.233058459341e+00,-1.085669389468e+02,1.703880045048e-01,3.250595945771e+00,-1.448359853049e+02,4.562156415802e-03,1.753748643063e-02,-3.626904635808e+01
"                1071",1.111492718258e-02,3.358792738386e+00,-1.085332696195e+02,1.215865177550e-02,3.379527008272e+00,-1.448021237716e+02,1.043724592927e-03,2.073426988588e-02,-3.626885415210e+01
"                1072",-1.463220511232e-01,3.467810318112e+00,-1.084838313473e+02,-1.486099509033e-01,3.491879247277e+00,-1.447534945549e+02,-2.287899780040e-03,2.406892916481e-02,-3.626966320759e+01
"                1073",-3.369800557816e-01,3.564584476582e+00,-1.084306824129e+02,-3.422999546315e-01,3.591922170239e+00,-1.447021245353e+02,-5.319898849856e-03,2.733769365654e-02,-3.627144212234e+01
"                1074",-5.559643493069e-01,3.662922047665e+00,-1.083837225335e+02,-5.637984901344e-01,3.693274708755e+00,-1.446575835031e+02,-7.834140827569e-03,3.035266109033e-02,-3.627386096962e+01
"                1075",-7.692481013494e-01,3.792806088257e+00,-1.083428290068e+02,-7.790285074614e-01,3.825809360202e+00,-1.446194634217e+02,-9.780406112071e-03,3.300327194573e-02,-3.627663441485e+01
"                1076",-9.424854620776e-01,3.946832605654e+00,-1.083159691754e+02,-9.535403079561e-01,3.982070513469e+00,-1.445952750980e+02,-1.105484587853e-02,3.523790781462e-02,-3.627930592259e+01
"                1077",-1.051636525857e+00,4.110893551198e+00,-1.083224400916e+02,-1.063264305510e+00,4.147839318885e+00,-1.446039653328e+02,-1.162777965360e-02,3.694576768679e-02,-3.628152524114e+01
"                1078",-1.093705232051e+00,4.247583375939e+00,-1.083624277542e+02,-1.105248893750e+00,4.285653388323e+00,-1.446453259001e+02,-1.154366169932e-02,3.807001238347e-02,-3.628289814594e+01
"                1079",-1.079812719425e+00,4.342181478865e+00,-1.084217691611e+02,-1.090660994570e+00,4.380692693040e+00,-1.447050075417e+02,-1.084827514494e-02,3.851121417564e-02,-3.628323838060e+01
"                1080",-9.809654089185e-01,4.368866164287e+00,-1.084743947733e+02,-9.905197199629e-01,4.407166003865e+00,-1.447569080522e+02,-9.554311044383e-03,3.829983957753e-02,-3.628251327887e+01
"                1081",-7.994451003652e-01,4.338972973023e+00,-1.085116685809e+02,-8.069909519332e-01,4.376420374482e+00,-1.447924637852e+02,-7.545851567981e-03,3.744740145892e-02,-3.628079520423e+01
"                1082",-5.583108146069e-01,4.289226527824e+00,-1.085391436436e+02,-5.632854663377e-01,4.325107131659e+00,-1.448176252739e+02,-4.974651730822e-03,3.588060383426e-02,-3.627848163025e+01
"                1083",-2.779865031746e-01,4.220361162212e+00,-1.085623025758e+02,-2.799174209645e-01,4.254056185368e+00,-1.448383101970e+02,-1.930917789896e-03,3.369502315614e-02,-3.627600762126e+01
"                1084",9.990958307668e-03,4.111227223296e+00,-1.085790490572e+02,1.142684500358e-02,4.142281947897e+00,-1.448529147780e+02,1.435886695916e-03,3.105472460134e-02,-3.627386572075e+01
"                1085",2.585895019302e-01,3.965880480374e+00,-1.085849879119e+02,2.635290595785e-01,3.993922131806e+00,-1.448574630319e+02,4.939557648275e-03,2.804165143197e-02,-3.627247511995e+01
"                1086",4.672630017396e-01,3.803998906271e+00,-1.085631544132e+02,4.756629345574e-01,3.828776480366e+00,-1.448351051664e+02,8.399932817776e-03,2.477757409543e-02,-3.627195075327e+01
"                1087",6.580208710550e-01,3.664740092324e+00,-1.085113532096e+02,6.696209558765e-01,3.686189986968e+00,-1.447837185897e+02,1.160008482145e-02,2.144989464422e-02,-3.627236538011e+01
"                1088",8.561176677134e-01,3.537934565423e+00,-1.084517403113e+02,8.705768703241e-01,3.556162875692e+00,-1.447253636771e+02,1.445920261076e-02,1.822831026940e-02,-3.627362336574e+01
"                1089",1.071064912701e+00,3.408864480050e+00,-1.084061060878e+02,1.087949971402e+00,3.424125621523e+00,-1.446816523113e+02,1.688505870184e-02,1.526114147334e-02,-3.627554622348e+01
"                1090",1.258795735384e+00,3.247230749585e+00,-1.083775312483e+02,1.277484821359e+00,3.259937724396e+00,-1.446553899145e+02,1.868908597504e-02,1.270697481150e-02,-3.627785866624e+01
"                1091",1.407931717661e+00,3.060358957716e+00,-1.083626261401e+02,1.427770276574e+00,3.071033939465e+00,-1.446426716098e+02,1.983855891311e-02,1.067498174882e-02,-3.628004546965e+01
"                1092",1.463148712304e+00,2.874813594833e+00,-1.083734394210e+02,1.483564778088e+00,2.884016967332e+00,-1.446551580485e+02,2.041606578315e-02,9.203372499251e-03,-3.628171862745e+01
"                1093",1.405298680134e+00,2.719854155708e+00,-1.084008567373e+02,1.425690394726e+00,2.728188341062e+00,-1.446835144975e+02,2.039171459204e-02,8.334185354030e-03,-3.628265776019e+01
"                1094",1.281569424372e+00,2.613268132006e+00,-1.084349762464e+02,1.301221789459e+00,2.621308924798e+00,-1.447176401139e+02,1.965236508692e-02,8.040792792395e-03,-3.628266386758e+01
"                1095",1.130021137010e+00,2.583785982020e+00,-1.084745738344e+02,1.148177765453e+00,2.592178584878e+00,-1.447562120540e+02,1.815662844359e-02,8.392602857314e-03,-3.628163821966e+01
"                1096",9.349754896807e-01,2.639734583948e+00,-1.085076136478e+02,9.509630473426e-01,2.649214430176e+00,-1.447873523357e+02,1.598755766191e-02,9.479846228289e-03,-3.627973868795e+01
"                1097",6.907506697691e-01,2.738483255382e+00,-1.085378003295e+02,7.040273581106e-01,2.749637736143e+00,-1.448152896966e+02,1.327668834148e-02,1.115448076123e-02,-3.627748936717e+01
"                1098",4.435190432843e-01,2.862879847194e+00,-1.085629018959e+02,4.536344997292e-01,2.876247062650e+00,-1.448382821212e+02,1.011545644495e-02,1.336721545608e-02,-3.627538022528e+01
"                1099",2.373720447134e-01,2.997530735358e+00,-1.085663353518e+02,2.440948525244e-01,3.013648110453e+00,-1.448401209409e+02,6.722807811042e-03,1.611737509491e-02,-3.627378558918e+01
"                1100",8.872012424183e-02,3.125119215558e+00,-1.085510119802e+02,9.198881509405e-02,3.144310995637e+00,-1.448240678112e+02,3.268690852220e-03,1.919178007816e-02,-3.627305583100e+01
"                1101",-4.138056802483e-02,3.223005443244e+00,-1.085184658973e+02,-4.147424375296e-02,3.245367245773e+00,-1.447918161481e+02,-9.367572813046e-05,2.236180252903e-02,-3.627335025075e+01
"                1102",-2.074023671069e-01,3.324784561618e+00,-1.084679064476e+02,-2.106123017781e-01,3.350235094463e+00,-1.447424634453e+02,-3.209934671179e-03,2.545053284566e-02,-3.627455699762e+01
"                1103",-4.157434415853e-01,3.434478729374e+00,-1.084090287107e+02,-4.217731854260e-01,3.462793960422e+00,-1.446856369741e+02,-6.029743840687e-03,2.831523104763e-02,-3.627660826337e+01
"                1104",-6.386297080022e-01,3.553475553777e+00,-1.083541131160e+02,-6.469762113271e-01,3.584368601057e+00,-1.446332078353e+02,-8.346503324911e-03,3.089304727945e-02,-3.627909471938e+01
"                1105",-8.543002800161e-01,3.682816357431e+00,-1.083140576380e+02,-8.644216182089e-01,3.715904467005e+00,-1.445958160048e+02,-1.012133819278e-02,3.308810957382e-02,-3.628175836678e+01
"                1106",-1.020523219534e+00,3.809420414839e+00,-1.083072240499e+02,-1.031803115268e+00,3.844288634930e+00,-1.445914668330e+02,-1.127989573435e-02,3.486822009133e-02,-3.628424278309e+01
"                1107",-1.116161650353e+00,3.933350273626e+00,-1.083370315029e+02,-1.127987670701e+00,3.969440496291e+00,-1.446231844191e+02,-1.182602034805e-02,3.609022266511e-02,-3.628615291618e+01
"                1108",-1.136764919941e+00,4.017786242651e+00,-1.083914873420e+02,-1.148499783786e+00,4.054571791065e+00,-1.446785518786e+02,-1.173486384525e-02,3.678554841421e-02,-3.628706453666e+01
"                1109",-1.102259318389e+00,4.055295719838e+00,-1.084528403817e+02,-1.113223648086e+00,4.092100687412e+00,-1.447395692942e+02,-1.096432969663e-02,3.680496757422e-02,-3.628672891252e+01
"                1110",-9.828475355409e-01,4.037876811703e+00,-1.084978458041e+02,-9.923270586084e-01,4.073946640692e+00,-1.447831066425e+02,-9.479523067511e-03,3.606982898930e-02,-3.628526083841e+01
"                1111",-7.935962522786e-01,3.990098084610e+00,-1.085238467054e+02,-8.008950881399e-01,4.024783516925e+00,-1.448068458053e+02,-7.298835861317e-03,3.468543231485e-02,-3.628299909988e+01
"                1112",-5.314848243207e-01,3.935748266316e+00,-1.085490338334e+02,-5.361047198995e-01,3.968511401595e+00,-1.448295193338e+02,-4.619895578765e-03,3.276313527818e-02,-3.628048550037e+01
"                1113",-2.112087436496e-01,3.864789971602e+00,-1.085735473520e+02,-2.127160578663e-01,3.895108100957e+00,-1.448516151903e+02,-1.507314216723e-03,3.031812935501e-02,-3.627806783830e+01
"                1114",9.556220650913e-02,3.768266323065e+00,-1.085909897953e+02,9.752760075732e-02,3.795754194125e+00,-1.448671872789e+02,1.965394248195e-03,2.748787106046e-02,-3.627619748353e+01
"                1115",3.527939441903e-01,3.637337571235e+00,-1.085919835786e+02,3.583426364235e-01,3.661829708723e+00,-1.448671732224e+02,5.548692233187e-03,2.449213748820e-02,-3.627518964377e+01
"                1116",5.482593191867e-01,3.475303660436e+00,-1.085640426684e+02,5.573159815904e-01,3.496728044944e+00,-1.448391478483e+02,9.056662403729e-03,2.142438450786e-02,-3.627510517995e+01
"                1117",7.182714694782e-01,3.328164945079e+00,-1.085115138130e+02,7.305450721419e-01,3.346581575622e+00,-1.447874054683e+02,1.227360266375e-02,1.841663054277e-02,-3.627589165532e+01
"                1118",9.082532604381e-01,3.190598452252e+00,-1.084528812212e+02,9.233146666728e-01,3.206225942782e+00,-1.447303237249e+02,1.506140623465e-02,1.562749053071e-02,-3.627744250378e+01
"                1119",1.118249531761e+00,3.054565208487e+00,-1.084091960195e+02,1.135559053908e+00,3.067809846563e+00,-1.446887180559e+02,1.730952214728e-02,1.324463807645e-02,-3.627952203642e+01
"                1120",1.307590243488e+00,2.922738442367e+00,-1.083839828435e+02,1.326476277582e+00,2.934027388855e+00,-1.446656956696e+02,1.888603409481e-02,1.128894648802e-02,-3.628171282609e+01
"                1121",1.419142392485e+00,2.780206572513e+00,-1.083790037968e+02,1.438966070578e+00,2.789982325530e+00,-1.446625752729e+02,1.982367809337e-02,9.775753016761e-03,-3.628357147618e+01
"                1122",1.420580740136e+00,2.647787009062e+00,-1.083958776121e+02,1.440786229766e+00,2.656476953623e+00,-1.446806449634e+02,2.020548963067e-02,8.689944561150e-03,-3.628476735130e+01
"                1123",1.326728029287e+00,2.546284758648e+00,-1.084237761017e+02,1.346703343242e+00,2.554445458238e+00,-1.447088621299e+02,1.997531395539e-02,8.160699590245e-03,-3.628508602829e+01
"                1124",1.173488442093e+00,2.501084242113e+00,-1.084549884440e+02,1.192510157715e+00,2.509362035497e+00,-1.447393995098e+02,1.902171562164e-02,8.277793384126e-03,-3.628441106576e+01
"                1125",9.979151685665e-01,2.530845557814e+00,-1.084824600978e+02,1.015170092220e+00,2.539921173022e+00,-1.447653601419e+02,1.725492365336e-02,9.075615207705e-03,-3.628290004409e+01
"                1126",7.908439968369e-01,2.625367376492e+00,-1.085048667757e+02,8.057058959972e-01,2.635855859859e+00,-1.447857823295e+02,1.486189916029e-02,1.048848336749e-02,-3.628091555374e+01
"                1127",5.526724589765e-01,2.718854455776e+00,-1.085339512399e+02,5.646629270809e-01,2.731343507983e+00,-1.448127890211e+02,1.199046810442e-02,1.248905220692e-02,-3.627883778118e+01
"                1128",3.281265177873e-01,2.806132536625e+00,-1.085552678489e+02,3.369123008382e-01,2.821120613663e+00,-1.448323515254e+02,8.785783050879e-03,1.498807703793e-02,-3.627708367645e+01
"                1129",1.584406072663e-01,2.887926096007e+00,-1.085594733112e+02,1.639252415101e-01,2.905700990375e+00,-1.448355034549e+02,5.484634243852e-03,1.777489436863e-02,-3.627603014365e+01
"                1130",2.750049802484e-02,2.989526530290e+00,-1.085449870470e+02,2.968435318266e-02,3.010154305383e+00,-1.448208173427e+02,2.183855157825e-03,2.062777509289e-02,-3.627583029568e+01
"                1131",-9.816673258572e-02,3.101108082026e+00,-1.085073330467e+02,-9.916395038507e-02,3.124514161991e+00,-1.447838915240e+02,-9.972177993419e-04,2.340607996513e-02,-3.627655847733e+01
"                1132",-2.675423874179e-01,3.224971030993e+00,-1.084448458569e+02,-2.715245871859e-01,3.251012902199e+00,-1.447228998919e+02,-3.982199767961e-03,2.604187120520e-02,-3.627805403497e+01
"                1133",-4.763802032206e-01,3.353265089211e+00,-1.083768259166e+02,-4.830392029987e-01,3.381692967818e+00,-1.446569559853e+02,-6.658999778092e-03,2.842787860723e-02,-3.628013006862e+01
"                1134",-7.091146273809e-01,3.456492290110e+00,-1.083321894697e+02,-7.179715638639e-01,3.487015645454e+00,-1.446147089716e+02,-8.856936482991e-03,3.052335534415e-02,-3.628251950183e+01
"                1135",-9.282534925450e-01,3.535381531065e+00,-1.083187295862e+02,-9.388445164943e-01,3.567609779124e+00,-1.446037218832e+02,-1.059102394936e-02,3.222824805884e-02,-3.628499229702e+01
"                1136",-1.075457412206e+00,3.597407021292e+00,-1.083378637431e+02,-1.087203510797e+00,3.630916328169e+00,-1.446249913592e+02,-1.174609859067e-02,3.350930687737e-02,-3.628712761619e+01
"                1137",-1.143877715849e+00,3.654342686008e+00,-1.083817518854e+02,-1.156108631812e+00,3.688665711938e+00,-1.446701670663e+02,-1.223091596289e-02,3.432302592961e-02,-3.628841518084e+01
"                1138",-1.138007410740e+00,3.691873010256e+00,-1.084339292037e+02,-1.149964066859e+00,3.726393385877e+00,-1.447224733615e+02,-1.195665611858e-02,3.452037562094e-02,-3.628854415776e+01
"                1139",-1.084935532529e+00,3.705995163002e+00,-1.084758938869e+02,-1.095920215267e+00,3.739972866328e+00,-1.447634544550e+02,-1.098468273858e-02,3.397770332627e-02,-3.628756056807e+01
"                1140",-9.464434673295e-01,3.676719348246e+00,-1.085065662628e+02,-9.557614718775e-01,3.709585422679e+00,-1.447923236419e+02,-9.318004548054e-03,3.286607443351e-02,-3.628575737911e+01
"                1141",-7.135584290728e-01,3.618886490145e+00,-1.085341728802e+02,-7.205739546249e-01,3.650101423722e+00,-1.448176533187e+02,-7.015525552108e-03,3.121493357620e-02,-3.628348043852e+01
"                1142",-4.099354605265e-01,3.561419776527e+00,-1.085677305913e+02,-4.141537938994e-01,3.590465349094e+00,-1.448489123149e+02,-4.218333372892e-03,2.904557256791e-02,-3.628118172357e+01
"                1143",-7.874786009734e-02,3.514910271171e+00,-1.085946379442e+02,-7.970040149583e-02,3.541465498603e+00,-1.448738035011e+02,-9.525413984902e-04,2.655522743205e-02,-3.627916555689e+01
"                1144",2.146145363871e-01,3.434961450598e+00,-1.086033612561e+02,2.172653407174e-01,3.458859028832e+00,-1.448811791291e+02,2.650804330248e-03,2.389757823392e-02,-3.627781787297e+01
"                1145",4.408849839977e-01,3.298443230558e+00,-1.085923926682e+02,4.472006822165e-01,3.319652821133e+00,-1.448696977793e+02,6.315698218806e-03,2.120959057503e-02,-3.627730511109e+01
"                1146",6.212203918934e-01,3.132700213017e+00,-1.085612972893e+02,6.310236884210e-01,3.151269930986e+00,-1.448389551674e+02,9.803296527553e-03,1.856971796901e-02,-3.627765787815e+01
"                1147",7.857871055273e-01,2.975787190207e+00,-1.085066176943e+02,7.986690259599e-01,2.991927982204e+00,-1.447853783457e+02,1.288192043255e-02,1.614079199706e-02,-3.627876065143e+01
"                1148",9.684701553876e-01,2.848062425804e+00,-1.084515453404e+02,9.839614667792e-01,2.862057477017e+00,-1.447319452309e+02,1.549131139161e-02,1.399505121307e-02,-3.628039989047e+01
"                1149",1.157868130984e+00,2.759730136020e+00,-1.084160098800e+02,1.175399490628e+00,2.771921328355e+00,-1.446983073604e+02,1.753135964447e-02,1.219119233503e-02,-3.628229748032e+01
"                1150",1.307638938998e+00,2.689111482408e+00,-1.083982569189e+02,1.326563455658e+00,2.699814203014e+00,-1.446823150453e+02,1.892451665982e-02,1.070272060576e-02,-3.628405812635e+01
"                1151",1.390725568415e+00,2.603634602417e+00,-1.083969821279e+02,1.410425399687e+00,2.613195989294e+00,-1.446822592926e+02,1.969983127207e-02,9.561386877710e-03,-3.628527716469e+01
"                1152",1.355919316230e+00,2.536599210469e+00,-1.084143063327e+02,1.375842084836e+00,2.545490390917e+00,-1.447000444155e+02,1.992276860563e-02,8.891180448574e-03,-3.628573808284e+01
"                1153",1.230826781763e+00,2.495584224370e+00,-1.084352149236e+02,1.250291728790e+00,2.504390858468e+00,-1.447206732067e+02,1.946494702719e-02,8.806634098178e-03,-3.628545828316e+01
"                1154",1.062295890941e+00,2.491615044072e+00,-1.084565553387e+02,1.080527845467e+00,2.500890037733e+00,-1.447410805471e+02,1.823195452552e-02,9.274993661338e-03,-3.628452520841e+01
"                1155",8.827446751139e-01,2.527772148634e+00,-1.084791861647e+02,8.989943252819e-01,2.538169772846e+00,-1.447622426062e+02,1.624965016804e-02,1.039762421197e-02,-3.628305644151e+01
"                1156",6.859433320121e-01,2.594942885162e+00,-1.084986278834e+02,6.997155222239e-01,2.607051589258e+00,-1.447799432669e+02,1.377219021175e-02,1.210870409634e-02,-3.628131538357e+01
"                1157",4.717706110100e-01,2.645351852904e+00,-1.085298348916e+02,4.826778661805e-01,2.659578474472e+00,-1.448095363662e+02,1.090725517055e-02,1.422662156774e-02,-3.627970147459e+01
"                1158",2.716252523540e-01,2.696839185435e+00,-1.085529981749e+02,2.794122453729e-01,2.713423168287e+00,-1.448315044703e+02,7.786993018881e-03,1.658398285272e-02,-3.627850629542e+01
"                1159",1.270404404762e-01,2.766882879175e+00,-1.085484440884e+02,1.316612362238e-01,2.785903706877e+00,-1.448263937234e+02,4.620795747633e-03,1.902082770225e-02,-3.627794963505e+01
"                1160",1.279592785653e-02,2.879442141009e+00,-1.085148061434e+02,1.422171592784e-02,2.900869001331e+00,-1.447929282266e+02,1.425788071310e-03,2.142686032208e-02,-3.627812208318e+01
"                1161",-1.135236749386e-01,3.007067443208e+00,-1.084658266410e+02,-1.151917593284e-01,3.030757288972e+00,-1.447448432128e+02,-1.668084389736e-03,2.368984576381e-02,-3.627901657178e+01
"                1162",-2.989431429397e-01,3.123893851078e+00,-1.084118426190e+02,-3.035464307217e-01,3.149710949076e+00,-1.446923648450e+02,-4.603287782026e-03,2.581709799816e-02,-3.628052222600e+01
"                1163",-5.312094134280e-01,3.213904039384e+00,-1.083680804860e+02,-5.384601233590e-01,3.241592632180e+00,-1.446505716776e+02,-7.250709930967e-03,2.768859279549e-02,-3.628249119164e+01
"                1164",-7.599232149502e-01,3.269991428396e+00,-1.083463480313e+02,-7.693946115015e-01,3.299244315800e+00,-1.446309917612e+02,-9.471396551233e-03,2.925288740459e-02,-3.628464372987e+01
"                1165",-9.362455461732e-01,3.295591842834e+00,-1.083482659710e+02,-9.474321149884e-01,3.326112321018e+00,-1.446348789149e+02,-1.118656881529e-02,3.052047818408e-02,-3.628661294383e+01
"                1166",-1.053259975219e+00,3.297904104164e+00,-1.083779279460e+02,-1.065458258050e+00,3.329204867470e+00,-1.446659436496e+02,-1.219828283148e-02,3.130076330542e-02,-3.628801570360e+01
"                1167",-1.109894548724e+00,3.318521564794e+00,-1.084141781626e+02,-1.122347724063e+00,3.350045454820e+00,-1.447026707864e+02,-1.245317533906e-02,3.152389002565e-02,-3.628849262379e+01
"                1168",-1.105271277523e+00,3.344296762047e+00,-1.084520570590e+02,-1.117256958197e+00,3.375542349935e+00,-1.447401452129e+02,-1.198568067361e-02,3.124558788737e-02,-3.628808815386e+01
"                1169",-1.021848303244e+00,3.346439789927e+00,-1.084858491205e+02,-1.032700000894e+00,3.376859013881e+00,-1.447727651342e+02,-1.085169764945e-02,3.041922395439e-02,-3.628691601375e+01
"                1170",-8.311125551217e-01,3.319961153165e+00,-1.085154800398e+02,-8.401306446472e-01,3.349017561504e+00,-1.448006807538e+02,-9.018089525504e-03,2.905640833896e-02,-3.628520071397e+01
"                1171",-5.633057485702e-01,3.290440186790e+00,-1.085476811104e+02,-5.698606400601e-01,3.317733714124e+00,-1.448309688283e+02,-6.554891489879e-03,2.729352733407e-02,-3.628328771792e+01
"                1172",-2.579664963493e-01,3.257887632774e+00,-1.085847560371e+02,-2.615612059899e-01,3.283138977851e+00,-1.448662561236e+02,-3.594709640602e-03,2.525134507717e-02,-3.628150008658e+01
"                1173",3.546137636147e-02,3.220438620634e+00,-1.086110844516e+02,3.528354390674e-02,3.243497951678e+00,-1.448911477430e+02,-1.778324547279e-04,2.305933104366e-02,-3.628006329140e+01
"                1174",2.994622396868e-01,3.131074004037e+00,-1.086123275758e+02,3.029635262382e-01,3.151908117154e+00,-1.448915622952e+02,3.501286551432e-03,2.083411311744e-02,-3.627923471943e+01
"                1175",5.154825063948e-01,2.988518430719e+00,-1.085895518540e+02,5.226003999757e-01,3.007202029388e+00,-1.448687128849e+02,7.117893580844e-03,1.868359866901e-02,-3.627916103091e+01
"                1176",6.977640405617e-01,2.838460064088e+00,-1.085566661937e+02,7.082306361461e-01,2.855164335648e+00,-1.448364527272e+02,1.046659558431e-02,1.670427155989e-02,-3.627978653344e+01
"                1177",8.482594906026e-01,2.713208477752e+00,-1.085107408001e+02,8.616574979419e-01,2.728087825953e+00,-1.447916217657e+02,1.339800733926e-02,1.487934820109e-02,-3.628088096565e+01
"                1178",1.014117011207e+00,2.641748530753e+00,-1.084628988421e+02,1.029978083655e+00,2.655001931704e+00,-1.447451767583e+02,1.586107244766e-02,1.325340095037e-02,-3.628227791620e+01
"                1179",1.185632848085e+00,2.612941915405e+00,-1.084289474757e+02,1.203388635128e+00,2.624775093805e+00,-1.447126406766e+02,1.775578704289e-02,1.183317840050e-02,-3.628369320090e+01
"                1180",1.319572774303e+00,2.607262240191e+00,-1.084177386233e+02,1.338556282487e+00,2.618023969001e+00,-1.447025202003e+02,1.898350818366e-02,1.076172880998e-02,-3.628478157692e+01
"                1181",1.366302310083e+00,2.589462700887e+00,-1.084228233528e+02,1.385886359521e+00,2.599563999044e+00,-1.447081943662e+02,1.958404943728e-02,1.010129815628e-02,-3.628537101345e+01
"                1182",1.294079444110e+00,2.563795766897e+00,-1.084371262662e+02,1.313656568990e+00,2.573628243321e+00,-1.447226014955e+02,1.957712487998e-02,9.832476424056e-03,-3.628547522935e+01
"                1183",1.151872217513e+00,2.529087814153e+00,-1.084549368957e+02,1.170752033255e+00,2.539142212521e+00,-1.447401106254e+02,1.887981574195e-02,1.005439836781e-02,-3.628517372971e+01
"                1184",9.873524122816e-01,2.497219800232e+00,-1.084676911690e+02,1.004845893458e+00,2.508044153583e+00,-1.447521259317e+02,1.749348117650e-02,1.082435335136e-02,-3.628443476275e+01
"                1185",8.298838831409e-01,2.492335427510e+00,-1.084804859526e+02,8.453803714982e-01,2.504450610612e+00,-1.447638521893e+02,1.549648835728e-02,1.211518310233e-02,-3.628336623673e+01
"                1186",6.570397717355e-01,2.523669807694e+00,-1.085033093099e+02,6.700948381987e-01,2.537408022313e+00,-1.447855066875e+02,1.305506646321e-02,1.373821461911e-02,-3.628219737765e+01
"                1187",4.611133112650e-01,2.564397333285e+00,-1.085340529337e+02,4.713713307226e-01,2.579961889279e+00,-1.448151935088e+02,1.025801945760e-02,1.556455599357e-02,-3.628114057510e+01
"                1188",2.772428773324e-01,2.624982610256e+00,-1.085401313449e+02,2.844574823981e-01,2.642459699817e+00,-1.448205613334e+02,7.214605065740e-03,1.747708956106e-02,-3.628042998844e+01
"                1189",1.329149389519e-01,2.695506929254e+00,-1.085133477085e+02,1.369891584330e-01,2.714925843757e+00,-1.447935170703e+02,4.074219481094e-03,1.941891450244e-02,-3.628016936181e+01
"                1190",1.511409082548e-02,2.789651972636e+00,-1.084738391195e+02,1.601295120672e-02,2.810947542250e+00,-1.447543209818e+02,8.988603812464e-04,2.129556961404e-02,-3.628048186228e+01
"                1191",-1.141095022566e-01,2.893755332990e+00,-1.084443859123e+02,-1.163296402014e-01,2.916795226603e+00,-1.447257860578e+02,-2.220137944862e-03,2.303989361335e-02,-3.628140014547e+01
"                1192",-2.975956299230e-01,2.978491325350e+00,-1.084144556139e+02,-3.028141991764e-01,3.003098846682e+00,-1.446972548650e+02,-5.218569253344e-03,2.460752133164e-02,-3.628279925110e+01
"                1193",-5.281771399944e-01,3.019538343022e+00,-1.083879717569e+02,-5.360324210368e-01,3.045525301255e+00,-1.446723880003e+02,-7.855281042372e-03,2.598695823255e-02,-3.628441624345e+01
"                1194",-7.549299749382e-01,3.016037342916e+00,-1.083766003703e+02,-7.649169997658e-01,3.043098990915e+00,-1.446625525666e+02,-9.987024827684e-03,2.706164799862e-02,-3.628595219631e+01
"                1195",-9.226671886716e-01,3.000467536336e+00,-1.083775953035e+02,-9.341767013226e-01,3.028205920920e+00,-1.446647519205e+02,-1.150951265102e-02,2.773838458418e-02,-3.628715661696e+01
"                1196",-1.022967412294e+00,2.996935555394e+00,-1.083966554946e+02,-1.035286173308e+00,3.024894472107e+00,-1.446845740565e+02,-1.231876101420e-02,2.795891671299e-02,-3.628791856191e+01
"                1197",-1.041698527083e+00,3.017971985999e+00,-1.084303966320e+02,-1.054109221155e+00,3.045817339935e+00,-1.447184580968e+02,-1.241069407169e-02,2.784535393665e-02,-3.628806146480e+01
"                1198",-9.948269811822e-01,3.049437070399e+00,-1.084689613286e+02,-1.006626854207e+00,3.076752667816e+00,-1.447565776337e+02,-1.179987302509e-02,2.731559741666e-02,-3.628761630513e+01
"                1199",-8.857948617553e-01,3.061381883608e+00,-1.085011720025e+02,-8.962588296975e-01,3.087728058862e+00,-1.447878121957e+02,-1.046396794219e-02,2.634617525431e-02,-3.628664019322e+01
"                1200",-6.943662461800e-01,3.063343522676e+00,-1.085283786156e+02,-7.027997856325e-01,3.088437253593e+00,-1.448137198384e+02,-8.433539452497e-03,2.509373091739e-02,-3.628534122274e+01
"                1201",-4.431607380310e-01,3.058445795210e+00,-1.085570061087e+02,-4.489701940572e-01,3.082063392496e+00,-1.448409634092e+02,-5.809456026220e-03,2.361759728627e-02,-3.628395730046e+01
"                1202",-1.521122415750e-01,3.032517009429e+00,-1.085871906831e+02,-1.548054838604e-01,3.054507539258e+00,-1.448698636958e+02,-2.693242285331e-03,2.199052982992e-02,-3.628267301266e+01
"                1203",1.328520440711e-01,2.986664599623e+00,-1.086062497254e+02,1.336382428880e-01,3.006984025298e+00,-1.448879667204e+02,7.861988168561e-04,2.031942567465e-02,-3.628171699498e+01
"                1204",3.833764521870e-01,2.899447119904e+00,-1.086044440088e+02,3.877874568989e-01,2.918203348688e+00,-1.448857158409e+02,4.411004711944e-03,1.875622878407e-02,-3.628127183216e+01
"                1205",5.810205875529e-01,2.777369696440e+00,-1.085833625097e+02,5.889351526261e-01,2.794642276435e+00,-1.448646820900e+02,7.914565073221e-03,1.727257999420e-02,-3.628131958028e+01
"                1206",7.432321462907e-01,2.673157346170e+00,-1.085514389664e+02,7.543512033412e-01,2.689010282297e+00,-1.448332847554e+02,1.111905705049e-02,1.585293612655e-02,-3.628184578906e+01
"                1207",9.017391299563e-01,2.609134464672e+00,-1.085014275604e+02,9.156428806945e-01,2.623616741227e+00,-1.447840385284e+02,1.390375073813e-02,1.448227655530e-02,-3.628261096803e+01
"                1208",1.063240676125e+00,2.596870376585e+00,-1.084582854913e+02,1.079466920437e+00,2.610172480382e+00,-1.447417603137e+02,1.622624431211e-02,1.330210379698e-02,-3.628347482233e+01
"                1209",1.198712863933e+00,2.619134126112e+00,-1.084350514910e+02,1.216664622010e+00,2.631520554447e+00,-1.447193185950e+02,1.795175807643e-02,1.238642833557e-02,-3.628426710403e+01
"                1210",1.292681843570e+00,2.649861610224e+00,-1.084286768358e+02,1.311655675531e+00,2.661615088429e+00,-1.447135500919e+02,1.897383196056e-02,1.175347820484e-02,-3.628487325612e+01
"                1211",1.319805055898e+00,2.646951250392e+00,-1.084341573076e+02,1.339171536633e+00,2.658386117027e+00,-1.447194381359e+02,1.936648073429e-02,1.143486663526e-02,-3.628528082831e+01
"                1212",1.252184751253e+00,2.607668219052e+00,-1.084442384512e+02,1.271382571152e+00,2.619180948792e+00,-1.447296742720e+02,1.919781989860e-02,1.151272974052e-02,-3.628543582080e+01
"                1213",1.126421820742e+00,2.541110921928e+00,-1.084512147394e+02,1.144853824569e+00,2.553073726304e+00,-1.447365813078e+02,1.843200382672e-02,1.196280437569e-02,-3.628536656842e+01
"                1214",9.806934254869e-01,2.472998436053e+00,-1.084584098081e+02,9.977214062529e-01,2.485704941483e+00,-1.447434372246e+02,1.702798076594e-02,1.270650542915e-02,-3.628502741651e+01
"                1215",8.226683286050e-01,2.445404557932e+00,-1.084698411236e+02,8.377543634427e-01,2.459135231083e+00,-1.447542627142e+02,1.508603483770e-02,1.373067315129e-02,-3.628442159061e+01
"                1216",6.477457926670e-01,2.467728342801e+00,-1.084875691855e+02,6.604203605359e-01,2.482644842901e+00,-1.447712467934e+02,1.267456786890e-02,1.491650010055e-02,-3.628367760791e+01
"                1217",4.589185672875e-01,2.515259069419e+00,-1.085053881514e+02,4.687876003748e-01,2.531501888644e+00,-1.447883378224e+02,9.869033087314e-03,1.624281922562e-02,-3.628294967100e+01
"                1218",2.819599289745e-01,2.574447412692e+00,-1.085032008253e+02,2.887629279149e-01,2.592066504044e+00,-1.447856213420e+02,6.802998940368e-03,1.761909135249e-02,-3.628242051678e+01
"                1219",1.377531287057e-01,2.628732320859e+00,-1.084835899518e+02,1.413781066287e-01,2.647758802260e+00,-1.447658472972e+02,3.624977923016e-03,1.902648140095e-02,-3.628225734540e+01
"                1220",1.899158934884e-02,2.679859198367e+00,-1.084593469230e+02,1.935348967043e-02,2.700202532189e+00,-1.447419180119e+02,3.619003215823e-04,2.034333382181e-02,-3.628257108895e+01
"                1221",-1.093181785838e-01,2.737084120682e+00,-1.084435996952e+02,-1.121635610074e-01,2.758633179598e+00,-1.447268818940e+02,-2.845382423595e-03,2.154905891640e-02,-3.628328219880e+01
"                1222",-3.008775377880e-01,2.764421169989e+00,-1.084268480975e+02,-3.066796291140e-01,2.787034880286e+00,-1.447110057514e+02,-5.802091325939e-03,2.261371029638e-02,-3.628415765397e+01
"                1223",-5.384987113015e-01,2.768514702832e+00,-1.084051910593e+02,-5.467722639296e-01,2.791934147782e+00,-1.446902329687e+02,-8.273552628114e-03,2.341944494972e-02,-3.628504190939e+01
"                1224",-7.684158926714e-01,2.762448027928e+00,-1.083886507894e+02,-7.786429232024e-01,2.786355663249e+00,-1.446745741588e+02,-1.022703053104e-02,2.390763532104e-02,-3.628592336947e+01
"                1225",-9.187546088658e-01,2.744803812041e+00,-1.083877850243e+02,-9.303254210645e-01,2.769005062313e+00,-1.446745077669e+02,-1.157081219867e-02,2.420125027177e-02,-3.628672274254e+01
"                1226",-9.772261842767e-01,2.744623036016e+00,-1.084081694416e+02,-9.894601180505e-01,2.768765902604e+00,-1.446954674444e+02,-1.223393377382e-02,2.414286658839e-02,-3.628729800274e+01
"                1227",-9.673237959086e-01,2.769963623027e+00,-1.084415254897e+02,-9.794707471685e-01,2.793777308039e+00,-1.447289619242e+02,-1.214695125996e-02,2.381368501209e-02,-3.628743643452e+01
"                1228",-9.214705875310e-01,2.820545552803e+00,-1.084789500980e+02,-9.328143045752e-01,2.843831795934e+00,-1.447661554538e+02,-1.134371704421e-02,2.328624313106e-02,-3.628720535580e+01
"                1229",-8.273617029102e-01,2.863179223868e+00,-1.085084900758e+02,-8.371512136615e-01,2.885719010021e+00,-1.447951103656e+02,-9.789510751339e-03,2.253978615333e-02,-3.628662028982e+01
"                1230",-6.440303106245e-01,2.882145285968e+00,-1.085304591981e+02,-6.515738457030e-01,2.903835151250e+00,-1.448162240355e+02,-7.543535078487e-03,2.168986528177e-02,-3.628576483741e+01
"                1231",-3.879878283475e-01,2.875237168010e+00,-1.085544549564e+02,-3.927936597171e-01,2.895929048507e+00,-1.448392865526e+02,-4.805831369568e-03,2.069188049625e-02,-3.628483159620e+01
"                1232",-9.639101627658e-02,2.845087630844e+00,-1.085776212847e+02,-9.806802783189e-02,2.864781521537e+00,-1.448615817627e+02,-1.677011555301e-03,1.969389069300e-02,-3.628396047795e+01
"                1233",1.762389015940e-01,2.807646260388e+00,-1.085903285896e+02,1.779985220971e-01,2.826359381018e+00,-1.448735771536e+02,1.759620503112e-03,1.871312062919e-02,-3.628324856398e+01
"                1234",3.975221131135e-01,2.757255013720e+00,-1.085860958969e+02,4.028102917461e-01,2.775026728752e+00,-1.448689639201e+02,5.288178632538e-03,1.777171503252e-02,-3.628286802328e+01
"                1235",5.747414734888e-01,2.687241480087e+00,-1.085636313218e+02,5.834217922244e-01,2.704001246361e+00,-1.448463972518e+02,8.680318735595e-03,1.675976627387e-02,-3.628276593004e+01
"                1236",7.446201394376e-01,2.635208200440e+00,-1.085327724718e+02,7.563862813580e-01,2.650978958482e+00,-1.448156628801e+02,1.176614192042e-02,1.577075804178e-02,-3.628289040827e+01
"                1237",9.054162519666e-01,2.620821477238e+00,-1.084980393088e+02,9.198649414265e-01,2.635719298642e+00,-1.447811622733e+02,1.444868945996e-02,1.489782140423e-02,-3.628312296450e+01
"                1238",1.056174294824e+00,2.648605466224e+00,-1.084658433864e+02,1.072775882084e+00,2.662809038255e+00,-1.447493820968e+02,1.660158726040e-02,1.420357203184e-02,-3.628353871039e+01
"                1239",1.188613978197e+00,2.699374189371e+00,-1.084489933401e+02,1.206734331054e+00,2.713030992649e+00,-1.447331414683e+02,1.812035285729e-02,1.365680327717e-02,-3.628414812816e+01
"                1240",1.288782169963e+00,2.724974128198e+00,-1.084442917300e+02,1.307761634161e+00,2.738342807560e+00,-1.447290537219e+02,1.897946419859e-02,1.336867936223e-02,-3.628476199189e+01
"                1241",1.323020617442e+00,2.694854369165e+00,-1.084413389037e+02,1.342322743069e+00,2.708209855323e+00,-1.447266310874e+02,1.930212562663e-02,1.335548615881e-02,-3.628529218371e+01
"                1242",1.267717218356e+00,2.615365423728e+00,-1.084428500571e+02,1.286842193339e+00,2.628883263211e+00,-1.447285574643e+02,1.912497498298e-02,1.351783948291e-02,-3.628570740719e+01
"                1243",1.150274243276e+00,2.513429487861e+00,-1.084492952517e+02,1.168636788030e+00,2.527187092880e+00,-1.447352537660e+02,1.836254475365e-02,1.375760501871e-02,-3.628595851432e+01
"                1244",1.007732813596e+00,2.440212710215e+00,-1.084577545973e+02,1.024673046012e+00,2.454339927664e+00,-1.447436787604e+02,1.694023241668e-02,1.412721744864e-02,-3.628592416305e+01
"                1245",8.473518555354e-01,2.426109569867e+00,-1.084638058044e+02,8.622975550779e-01,2.440774626335e+00,-1.447493821478e+02,1.494569954251e-02,1.466505646861e-02,-3.628557634337e+01
"                1246",6.639709764647e-01,2.451128849802e+00,-1.084745723267e+02,6.764363898203e-01,2.466443694316e+00,-1.447595526066e+02,1.246541335561e-02,1.531484451355e-02,-3.628498027984e+01
"                1247",4.667707400356e-01,2.486817226369e+00,-1.084920856856e+02,4.763295667365e-01,2.502924479975e+00,-1.447764148775e+02,9.558826700929e-03,1.610725360629e-02,-3.628432919183e+01
"                1248",2.800899988497e-01,2.503779194377e+00,-1.085023386755e+02,2.864389218022e-01,2.520711322877e+00,-1.447862008044e+02,6.348922952552e-03,1.693212849976e-02,-3.628386212889e+01
"                1249",1.402553270470e-01,2.509085606079e+00,-1.085003233676e+02,1.432765982259e-01,2.526860301240e+00,-1.447839813056e+02,3.021271178838e-03,1.777469516038e-02,-3.628365793808e+01
"                1250",3.021285497346e-02,2.501927081394e+00,-1.084879223950e+02,2.989988036609e-02,2.520523161951e+00,-1.447715883147e+02,-3.129746073623e-04,1.859608055728e-02,-3.628366591974e+01
"                1251",-9.820116934239e-02,2.510024524750e+00,-1.084749335761e+02,-1.016677902892e-01,2.529263883950e+00,-1.447587729453e+02,-3.466620946809e-03,1.923935919950e-02,-3.628383936917e+01
"                1252",-3.078212591647e-01,2.528006486309e+00,-1.084519336720e+02,-3.140954978091e-01,2.547692977075e+00,-1.447360867563e+02,-6.274238644384e-03,1.968649076581e-02,-3.628415308428e+01
"                1253",-5.689240336865e-01,2.539152886863e+00,-1.084244369901e+02,-5.775247191873e-01,2.559165280041e+00,-1.447091170270e+02,-8.600685500841e-03,2.001239317787e-02,-3.628468003690e+01
"                1254",-7.849279972378e-01,2.536400359293e+00,-1.084081435226e+02,-7.953483165281e-01,2.556609066688e+00,-1.446935700715e+02,-1.042031929032e-02,2.020870739440e-02,-3.628542654890e+01
"                1255",-8.900693854329e-01,2.519471004509e+00,-1.084074614448e+02,-9.016537387289e-01,2.539673015320e+00,-1.446937139755e+02,-1.158435329604e-02,2.020201081041e-02,-3.628625253069e+01
"                1256",-9.116004876269e-01,2.537602694932e+00,-1.084221973814e+02,-9.236391035205e-01,2.557651594762e+00,-1.447091899906e+02,-1.203861589358e-02,2.004889982978e-02,-3.628699260920e+01
"                1257",-9.074994743108e-01,2.577794410348e+00,-1.084506201832e+02,-9.192274128476e-01,2.597669966659e+00,-1.447380564656e+02,-1.172793853685e-02,1.987555631120e-02,-3.628743628234e+01
"                1258",-8.847962586582e-01,2.636537663901e+00,-1.084850744193e+02,-8.954938194627e-01,2.656206735690e+00,-1.447726449691e+02,-1.069756080446e-02,1.966907178958e-02,-3.628757054973e+01
"                1259",-7.939090436991e-01,2.680313252307e+00,-1.085091912909e+02,-8.028914470842e-01,2.699721145918e+00,-1.447965631609e+02,-8.982403385101e-03,1.940789361104e-02,-3.628737187000e+01
"                1260",-6.073602077283e-01,2.699312552464e+00,-1.085255262119e+02,-6.140386380403e-01,2.718468771182e+00,-1.448124597106e+02,-6.678430311996e-03,1.915621871803e-02,-3.628693349867e+01
"                1261",-3.402048786459e-01,2.698722671584e+00,-1.085456478646e+02,-3.441439791311e-01,2.717558163994e+00,-1.448319278899e+02,-3.939100485197e-03,1.883549240966e-02,-3.628628002529e+01
"                1262",-5.896681410954e-02,2.697584255466e+00,-1.085692109682e+02,-5.978519906182e-02,2.716046141256e+00,-1.448547084771e+02,-8.183849522818e-04,1.846188579031e-02,-3.628549750888e+01
"                1263",1.883480250053e-01,2.701651711804e+00,-1.085827682745e+02,1.909302943073e-01,2.719678939049e+00,-1.448675062721e+02,2.582269302013e-03,1.802722724532e-02,-3.628473799761e+01
"                1264",3.953921971163e-01,2.706846400806e+00,-1.085763808004e+02,4.014388559111e-01,2.724343656059e+00,-1.448604796030e+02,6.046658794831e-03,1.749725525357e-02,-3.628409880267e+01
"                1265",5.710450077667e-01,2.699952209518e+00,-1.085603072155e+02,5.803845670676e-01,2.716923749430e+00,-1.448438748914e+02,9.339559300905e-03,1.697153991184e-02,-3.628356767580e+01
"                1266",7.464731236473e-01,2.709055036260e+00,-1.085346459331e+02,7.587609898697e-01,2.725555523255e+00,-1.448179253161e+02,1.228786622246e-02,1.650048699480e-02,-3.628327938295e+01
"                1267",9.219132804705e-01,2.730457916368e+00,-1.085012795731e+02,9.367049535011e-01,2.746499691712e+00,-1.447846195016e+02,1.479167303059e-02,1.604177534421e-02,-3.628333992847e+01
"                1268",1.088016718820e+00,2.756333730096e+00,-1.084699151958e+02,1.104783603775e+00,2.772030399626e+00,-1.447536795341e+02,1.676688495564e-02,1.569666952998e-02,-3.628376433832e+01
"                1269",1.230846774146e+00,2.781015273979e+00,-1.084500381674e+02,1.249010639929e+00,2.796503285792e+00,-1.447344700956e+02,1.816386578339e-02,1.548801181360e-02,-3.628443192816e+01
"                1270",1.341754071699e+00,2.760945310215e+00,-1.084453836168e+02,1.360759758499e+00,2.776303778884e+00,-1.447305982271e+02,1.900568679920e-02,1.535846866887e-02,-3.628521461038e+01
"                1271",1.372570683635e+00,2.697075727336e+00,-1.084454926465e+02,1.391924035404e+00,2.712331770811e+00,-1.447314862549e+02,1.935335176977e-02,1.525604347540e-02,-3.628599360834e+01
"                1272",1.313836291111e+00,2.610321004979e+00,-1.084456072907e+02,1.333018523206e+00,2.625431344636e+00,-1.447322450612e+02,1.918223209461e-02,1.511033965665e-02,-3.628663777048e+01
"                1273",1.198098305288e+00,2.524031614761e+00,-1.084421164949e+02,1.216437912106e+00,2.538933791975e+00,-1.447291574907e+02,1.833960681780e-02,1.490217721371e-02,-3.628704099586e+01
"                1274",1.048854486252e+00,2.460275526016e+00,-1.084362115131e+02,1.065671804827e+00,2.475045347726e+00,-1.447232657042e+02,1.681731857497e-02,1.476982170980e-02,-3.628705419115e+01
"                1275",8.609444080853e-01,2.434134358675e+00,-1.084383306190e+02,8.756461802558e-01,2.448913635199e+00,-1.447250055458e+02,1.470177217046e-02,1.477927652389e-02,-3.628667492681e+01
"                1276",6.463420448062e-01,2.420345864875e+00,-1.084644227870e+02,6.583728951862e-01,2.435238802388e+00,-1.447505069899e+02,1.203085038001e-02,1.489293751239e-02,-3.628608420282e+01
"                1277",4.444849187356e-01,2.415526827370e+00,-1.084999052500e+02,4.534118047688e-01,2.430654087934e+00,-1.447853012784e+02,8.926886033189e-03,1.512726056420e-02,-3.628539602838e+01
"                1278",2.767043219758e-01,2.377724666318e+00,-1.085204627926e+02,2.822701304733e-01,2.393173885260e+00,-1.448051753794e+02,5.565808497467e-03,1.544921894182e-02,-3.628471258672e+01
"                1279",1.583286901286e-01,2.325420711035e+00,-1.085224428814e+02,1.605610194239e-01,2.341170481697e+00,-1.448065301053e+02,2.232329295267e-03,1.574977066150e-02,-3.628408722398e+01
"                1280",3.786151231881e-02,2.294552019501e+00,-1.085017852186e+02,3.686212603929e-02,2.310497470054e+00,-1.447853706984e+02,-9.993862795267e-04,1.594545055285e-02,-3.628358547984e+01
"                1281",-1.241174136485e-01,2.306317265791e+00,-1.084740675313e+02,-1.281409553829e-01,2.322353689801e+00,-1.447574877294e+02,-4.023541734448e-03,1.603642400986e-02,-3.628342019819e+01
"                1282",-3.385600829119e-01,2.333349378758e+00,-1.084457484461e+02,-3.452611686738e-01,2.349482299985e+00,-1.447293761046e+02,-6.701085761855e-03,1.613292122759e-02,-3.628362765848e+01
"                1283",-5.726670130370e-01,2.353404885365e+00,-1.084202375718e+02,-5.815584692600e-01,2.369555488443e+00,-1.447044529346e+02,-8.891456222959e-03,1.615060307867e-02,-3.628421536280e+01
"                1284",-7.526823391584e-01,2.366705410410e+00,-1.084056713697e+02,-7.631708101975e-01,2.382897827792e+00,-1.446908068263e+02,-1.048847103902e-02,1.619241738231e-02,-3.628513545667e+01
"                1285",-8.473584920157e-01,2.368105468388e+00,-1.084064266678e+02,-8.587736726183e-01,2.384367772149e+00,-1.446926640388e+02,-1.141518060260e-02,1.626230376127e-02,-3.628623737102e+01
"                1286",-8.967571021120e-01,2.393050464335e+00,-1.084198821125e+02,-9.083844483256e-01,2.409450101804e+00,-1.447071413355e+02,-1.162734621359e-02,1.639963746948e-02,-3.628725922294e+01
"                1287",-9.104684622503e-01,2.429449333853e+00,-1.084402608710e+02,-9.215810341992e-01,2.446073303466e+00,-1.447282077724e+02,-1.111257194888e-02,1.662396961317e-02,-3.628794690139e+01
"                1288",-8.821879882123e-01,2.479282859057e+00,-1.084633827137e+02,-8.921523983256e-01,2.496225058870e+00,-1.447517044564e+02,-9.964410113284e-03,1.694219981231e-02,-3.628832174264e+01
"                1289",-7.758305995559e-01,2.515600010773e+00,-1.084850468787e+02,-7.840413678556e-01,2.532958402624e+00,-1.447733549700e+02,-8.210768299606e-03,1.735839185080e-02,-3.628830809134e+01
"                1290",-5.764976971215e-01,2.561668202684e+00,-1.085091906775e+02,-5.823846865772e-01,2.579425473673e+00,-1.447970662872e+02,-5.886989455690e-03,1.775727098910e-02,-3.628787560975e+01
"                1291",-3.094775905484e-01,2.613522749313e+00,-1.085402597166e+02,-3.125982275457e-01,2.631525039069e+00,-1.448273775362e+02,-3.120636997239e-03,1.800228975646e-02,-3.628711781957e+01
"                1292",-3.949098752710e-02,2.673528260694e+00,-1.085682621053e+02,-3.947074469986e-02,2.691609455815e+00,-1.448543538819e+02,2.024282724500e-05,1.808119512019e-02,-3.628609177660e+01
"                1293",1.870890079009e-01,2.734361458305e+00,-1.085865832526e+02,1.904676954575e-01,2.752485087539e+00,-1.448715415241e+02,3.378687556642e-03,1.812362923405e-02,-3.628495827155e+01
"                1294",3.776400523825e-01,2.795512627750e+00,-1.085813451665e+02,3.843982074339e-01,2.813661888314e+00,-1.448652716692e+02,6.758155051352e-03,1.814926056445e-02,-3.628392650267e+01
"                1295",5.560541093865e-01,2.836572791082e+00,-1.085543209600e+02,5.659648602504e-01,2.854643754032e+00,-1.448374968296e+02,9.910750863997e-03,1.807096294994e-02,-3.628317586953e+01
"                1296",7.533997653700e-01,2.861894010982e+00,-1.085209538412e+02,7.660962660615e-01,2.879854428729e+00,-1.448038319861e+02,1.269650069142e-02,1.796041774749e-02,-3.628287814489e+01
"                1297",9.583779871887e-01,2.866640941076e+00,-1.084904945945e+02,9.734563297424e-01,2.884525599497e+00,-1.447735426775e+02,1.507834255368e-02,1.788465842117e-02,-3.628304808307e+01
"                1298",1.148392839962e+00,2.860489763062e+00,-1.084693321281e+02,1.165397796145e+00,2.878299606643e+00,-1.447530068661e+02,1.700495618270e-02,1.780984358052e-02,-3.628367473795e+01
"                1299",1.298299764285e+00,2.847080482587e+00,-1.084603190499e+02,1.316696835390e+00,2.864694617332e+00,-1.447449191169e+02,1.839707110499e-02,1.761413474527e-02,-3.628460006699e+01
"                1300",1.396170462829e+00,2.803049719926e+00,-1.084564286189e+02,1.415437905351e+00,2.820302929203e+00,-1.447420169776e+02,1.926744252187e-02,1.725320927733e-02,-3.628558835865e+01
"                1301",1.409809477415e+00,2.745781627522e+00,-1.084454129993e+02,1.429401398770e+00,2.762526619033e+00,-1.447318922207e+02,1.959192135501e-02,1.674499151092e-02,-3.628647922134e+01
"                1302",1.339850794145e+00,2.669020084401e+00,-1.084293156943e+02,1.359156254205e+00,2.685171501146e+00,-1.447164551433e+02,1.930546005996e-02,1.615141674494e-02,-3.628713944902e+01
"                1303",1.203344606443e+00,2.578070301157e+00,-1.084161274182e+02,1.221649100133e+00,2.593501591607e+00,-1.447035478894e+02,1.830449369035e-02,1.543129045000e-02,-3.628742047117e+01
"                1304",1.038461934560e+00,2.497699410710e+00,-1.084268932383e+02,1.055053504757e+00,2.512498176959e+00,-1.447142130090e+02,1.659157019657e-02,1.479876624944e-02,-3.628731977071e+01
"                1305",8.418498864677e-01,2.437308516697e+00,-1.084579523858e+02,8.560799692738e-01,2.451562642063e+00,-1.447447947309e+02,1.423008280612e-02,1.425412536593e-02,-3.628684234510e+01
"                1306",6.341102999780e-01,2.376733611490e+00,-1.084981494294e+02,6.454578385908e-01,2.390592798595e+00,-1.447842315178e+02,1.134753861283e-02,1.385918710534e-02,-3.628608208844e+01
"                1307",4.391807341590e-01,2.313704613694e+00,-1.085306453202e+02,4.473206643978e-01,2.327299067094e+00,-1.448156718005e+02,8.139930238822e-03,1.359445339987e-02,-3.628502648030e+01
"                1308",2.678702004758e-01,2.229180489313e+00,-1.085390675737e+02,2.726782155921e-01,2.242502978385e+00,-1.448229645456e+02,4.808015116294e-03,1.332248907186e-02,-3.628389697187e+01
"                1309",1.297994773325e-01,2.157154798582e+00,-1.085268720470e+02,1.313152869161e-01,2.170162819990e+00,-1.448098191622e+02,1.515809583661e-03,1.300802140868e-02,-3.628294711518e+01
"                1310",1.645463886086e-02,2.131664691556e+00,-1.085011198925e+02,1.481880144467e-02,2.144458684822e+00,-1.447835154042e+02,-1.635837416199e-03,1.279399326664e-02,-3.628239551171e+01
"                1311",-1.221098833381e-01,2.151961066993e+00,-1.084743545203e+02,-1.266886328254e-01,2.164540266432e+00,-1.447567421794e+02,-4.578749487252e-03,1.257919943897e-02,-3.628238765915e+01
"                1312",-3.122087535099e-01,2.191861108994e+00,-1.084451866441e+02,-3.192909405919e-01,2.204301580538e+00,-1.447280437511e+02,-7.082187082007e-03,1.244047154400e-02,-3.628285710695e+01
"                1313",-5.370095806819e-01,2.228359381284e+00,-1.084180246282e+02,-5.460793199286e-01,2.240809821620e+00,-1.447018432382e+02,-9.069739246767e-03,1.245044033624e-02,-3.628381861001e+01
"                1314",-7.264535119364e-01,2.251448099901e+00,-1.084010027986e+02,-7.368911839430e-01,2.264157342101e+00,-1.446861182884e+02,-1.043767200658e-02,1.270924220009e-02,-3.628511548975e+01
"                1315",-8.422574792599e-01,2.242525991372e+00,-1.084035405431e+02,-8.533938110888e-01,2.255651227156e+00,-1.446900578050e+02,-1.113633182885e-02,1.312523578420e-02,-3.628651726197e+01
"                1316",-8.978798058705e-01,2.246292370539e+00,-1.084183757724e+02,-9.090473113580e-01,2.260012950336e+00,-1.447061329670e+02,-1.116750548746e-02,1.372057979636e-02,-3.628775719458e+01
"                1317",-8.985912705748e-01,2.276319602915e+00,-1.084348798116e+02,-9.091685239010e-01,2.290882516497e+00,-1.447234709029e+02,-1.057725332623e-02,1.456291358234e-02,-3.628859109135e+01
"                1318",-8.535192200536e-01,2.334892956679e+00,-1.084553137219e+02,-8.628733573196e-01,2.350436058787e+00,-1.447442461107e+02,-9.354137266004e-03,1.554310210835e-02,-3.628893238874e+01
"                1319",-7.360613547760e-01,2.420303433284e+00,-1.084830295982e+02,-7.436066290889e-01,2.436882611062e+00,-1.447718087975e+02,-7.545274312977e-03,1.657917777834e-02,-3.628877919927e+01
"                1320",-5.442170775868e-01,2.534960363993e+00,-1.085197790662e+02,-5.494247788423e-01,2.552427889198e+00,-1.448078871669e+02,-5.207701255483e-03,1.746752520535e-02,-3.628810810066e+01
"                1321",-2.873761426129e-01,2.651750726645e+00,-1.085613961793e+02,-2.898048072873e-01,2.669923655393e+00,-1.448483890902e+02,-2.428664674429e-03,1.817292874803e-02,-3.628699291084e+01
"                1322",-3.811449087357e-02,2.773633510801e+00,-1.085944565898e+02,-3.739240351322e-02,2.792441374000e+00,-1.448800222553e+02,7.220873603464e-04,1.880786319892e-02,-3.628556566548e+01
"                1323",1.706311011265e-01,2.890493034061e+00,-1.086028559734e+02,1.746429872160e-01,2.909859776161e+00,-1.448870550096e+02,4.011886089502e-03,1.936674210020e-02,-3.628419903623e+01
"                1324",3.663415760514e-01,2.985298582965e+00,-1.085849333040e+02,3.735949351336e-01,3.005097343964e+00,-1.448681372543e+02,7.253359082235e-03,1.979876099884e-02,-3.628320395036e+01
"                1325",5.731544964955e-01,3.029007542795e+00,-1.085494548117e+02,5.834411920086e-01,3.049130732445e+00,-1.448320916019e+02,1.028669551311e-02,2.012318964980e-02,-3.628263679017e+01
"                1326",8.020876542137e-01,3.026782387130e+00,-1.085144137197e+02,8.151180696991e-01,3.047132799765e+00,-1.447970153193e+02,1.303041548548e-02,2.035041263455e-02,-3.628260159970e+01
"                1327",1.020615797517e+00,2.995194109186e+00,-1.084947272633e+02,1.036045648646e+00,3.015564010938e+00,-1.447778652708e+02,1.542985112964e-02,2.036990175185e-02,-3.628313800743e+01
"                1328",1.201850820028e+00,2.964336942034e+00,-1.084830060577e+02,1.219243548477e+00,2.984459080743e+00,-1.447670933285e+02,1.739272844869e-02,2.012213870840e-02,-3.628408727080e+01
"                1329",1.342290717633e+00,2.943340888628e+00,-1.084709630335e+02,1.361076560205e+00,2.962896024726e+00,-1.447561865656e+02,1.878584257154e-02,1.955513609740e-02,-3.628522353210e+01
"                1330",1.427976849019e+00,2.910086697204e+00,-1.084536192319e+02,1.447562813155e+00,2.928845473709e+00,-1.447399067702e+02,1.958596413602e-02,1.875877650565e-02,-3.628628753828e+01
"                1331",1.424517089711e+00,2.862926150659e+00,-1.084326874731e+02,1.444319444283e+00,2.880701046186e+00,-1.447197834465e+02,1.980235457192e-02,1.777489552669e-02,-3.628709597336e+01
"                1332",1.327480858472e+00,2.775832495455e+00,-1.084163001995e+02,1.346810242493e+00,2.792501874298e+00,-1.447038943514e+02,1.932938402023e-02,1.666937884355e-02,-3.628759415188e+01
"                1333",1.181045350952e+00,2.650536565438e+00,-1.084241158779e+02,1.199098426676e+00,2.665940519996e+00,-1.447118617190e+02,1.805307572385e-02,1.540395455824e-02,-3.628774584114e+01
"                1334",1.006374946098e+00,2.528624517051e+00,-1.084527901435e+02,1.022456742142e+00,2.542855204714e+00,-1.447402582616e+02,1.608179604358e-02,1.423068766369e-02,-3.628746811811e+01
"                1335",8.034312863241e-01,2.408576198389e+00,-1.084910320448e+02,8.169441157824e-01,2.421753404753e+00,-1.447776666068e+02,1.351282945831e-02,1.317720636434e-02,-3.628663456201e+01
"                1336",5.875319150474e-01,2.298497300751e+00,-1.085261496049e+02,5.981004674906e-01,2.310730857396e+00,-1.448115740299e+02,1.056855244322e-02,1.223355664477e-02,-3.628542442507e+01
"                1337",3.871717265168e-01,2.214109545944e+00,-1.085427105169e+02,3.945315521516e-01,2.225452567577e+00,-1.448267407988e+02,7.359825634864e-03,1.134302163291e-02,-3.628403028187e+01
"                1338",2.253988546801e-01,2.124245590285e+00,-1.085383252778e+02,2.294522686918e-01,2.134849152480e+00,-1.448211620925e+02,4.053414011718e-03,1.060356219575e-02,-3.628283681467e+01
"                1339",1.149536573099e-01,2.051872652911e+00,-1.085211074090e+02,1.157367784921e-01,2.061817543350e+00,-1.448031834134e+02,7.831211821996e-04,9.944890439388e-03,-3.628207600432e+01
"                1340",1.635160069358e-02,2.033785598169e+00,-1.084915655041e+02,1.406771782463e-02,2.043222537660e+00,-1.447734172860e+02,-2.283882868950e-03,9.436939490855e-03,-3.628185178189e+01
"                1341",-1.153455461271e-01,2.067364268458e+00,-1.084601166182e+02,-1.204215736333e-01,2.076481864142e+00,-1.447423664278e+02,-5.076027506240e-03,9.117595683617e-03,-3.628224980964e+01
"                1342",-3.030711419649e-01,2.118812723887e+00,-1.084272562741e+02,-3.104373297221e-01,2.127912128117e+00,-1.447104221613e+02,-7.366187757184e-03,9.099404230433e-03,-3.628316588718e+01
"                1343",-5.274634753241e-01,2.148990468757e+00,-1.084000345426e+02,-5.365699785769e-01,2.158430442848e+00,-1.446845308172e+02,-9.106503252771e-03,9.439974091601e-03,-3.628449627459e+01
"                1344",-7.239565523644e-01,2.150006133233e+00,-1.083885911774e+02,-7.342251070111e-01,2.160124769387e+00,-1.446746573086e+02,-1.026855464672e-02,1.011863615480e-02,-3.628606613125e+01
"                1345",-8.430518576009e-01,2.130074685492e+00,-1.083922025097e+02,-8.539259073346e-01,2.141170266511e+00,-1.446798206119e+02,-1.087404973368e-02,1.109558101920e-02,-3.628761810219e+01
"                1346",-8.930345832364e-01,2.138668971865e+00,-1.084072263168e+02,-9.038788535567e-01,2.151031533451e+00,-1.446960048341e+02,-1.084427032035e-02,1.236256158643e-02,-3.628877851729e+01
"                1347",-8.909888835035e-01,2.205557972764e+00,-1.084301166738e+02,-9.012081874945e-01,2.219377083429e+00,-1.447194772076e+02,-1.021930399100e-02,1.381911066439e-02,-3.628936053377e+01
"                1348",-8.455291438672e-01,2.318829966735e+00,-1.084618996756e+02,-8.544557350838e-01,2.334157071051e+00,-1.447512171352e+02,-8.926591216529e-03,1.532710431552e-02,-3.628931745956e+01
"                1349",-7.203634869358e-01,2.472281579897e+00,-1.084979350611e+02,-7.274054924374e-01,2.489113340000e+00,-1.447866037205e+02,-7.042005501603e-03,1.683176010325e-02,-3.628866865942e+01
"                1350",-5.304789429286e-01,2.660285206158e+00,-1.085394539948e+02,-5.351349410331e-01,2.678529649065e+00,-1.448269065816e+02,-4.655998104491e-03,1.824444290687e-02,-3.628745258672e+01
"                1351",-2.851483813944e-01,2.847954508637e+00,-1.085744694542e+02,-2.870317894116e-01,2.867450017474e+00,-1.448604429526e+02,-1.883408017201e-03,1.949550883697e-02,-3.628597349840e+01
"                1352",-3.984003376999e-02,3.012814962046e+00,-1.085916095910e+02,-3.863266654588e-02,3.033379479911e+00,-1.448761274025e+02,1.207367224107e-03,2.056451786469e-02,-3.628451781157e+01
"                1353",1.770780676537e-01,3.132536474137e+00,-1.085913569896e+02,1.814878263378e-01,3.154074571944e+00,-1.448747214227e+02,4.409758684099e-03,2.153809780619e-02,-3.628336443316e+01
"                1354",3.932679606918e-01,3.202588705456e+00,-1.085683730058e+02,4.008849942886e-01,3.224944208957e+00,-1.448510306312e+02,7.617033596842e-03,2.235550350074e-02,-3.628265762540e+01
"                1355",6.211258056699e-01,3.219439809082e+00,-1.085355520786e+02,6.318111599112e-01,3.242297761259e+00,-1.448180542474e+02,1.068535424134e-02,2.285795217699e-02,-3.628250216886e+01
"                1356",8.590739401785e-01,3.190930693264e+00,-1.085077930655e+02,8.725689083424e-01,3.213924167964e+00,-1.447906970931e+02,1.349496816395e-02,2.299347470092e-02,-3.628290402764e+01
"                1357",1.080943259502e+00,3.150075306828e+00,-1.084896773507e+02,1.096886984594e+00,3.172790356570e+00,-1.447734463898e+02,1.594372509209e-02,2.271504974278e-02,-3.628376903906e+01
"                1358",1.259175543308e+00,3.127775376736e+00,-1.084691022672e+02,1.277019570166e+00,3.149818230606e+00,-1.447539699885e+02,1.784402685773e-02,2.204285386930e-02,-3.628486772124e+01
"                1359",1.392341069095e+00,3.108164130255e+00,-1.084458621608e+02,1.411483573677e+00,3.129178280823e+00,-1.447317950969e+02,1.914250458162e-02,2.101415056773e-02,-3.628593293613e+01
"                1360",1.447864378089e+00,3.061801642530e+00,-1.084276438121e+02,1.467670440632e+00,3.081530456971e+00,-1.447144227913e+02,1.980606254294e-02,1.972881444133e-02,-3.628677897921e+01
"                1361",1.405689042425e+00,2.984034773443e+00,-1.084251618542e+02,1.425466945825e+00,3.002245140184e+00,-1.447125113364e+02,1.977790340055e-02,1.821036674087e-02,-3.628734948216e+01
"                1362",1.305050978080e+00,2.857340386000e+00,-1.084347435950e+02,1.324048747325e+00,2.873901909684e+00,-1.447223340714e+02,1.899776924497e-02,1.656152368396e-02,-3.628759047639e+01
"                1363",1.158492981548e+00,2.681019819295e+00,-1.084533224008e+02,1.175952966600e+00,2.695846747943e+00,-1.447406454639e+02,1.745998505244e-02,1.482692864795e-02,-3.628732306311e+01
"                1364",9.704417912643e-01,2.508351603612e+00,-1.084763534877e+02,9.857899394988e-01,2.521464198233e+00,-1.447628590072e+02,1.534814823453e-02,1.311259462038e-02,-3.628650551944e+01
"                1365",7.395964186331e-01,2.358666727000e+00,-1.084996662806e+02,7.523091813387e-01,2.370095486996e+00,-1.447848650232e+02,1.271276270564e-02,1.142875999599e-02,-3.628519874262e+01
"                1366",5.101177227726e-01,2.245246744860e+00,-1.085228515456e+02,5.198448493190e-01,2.255202262257e+00,-1.448066265362e+02,9.727126546448e-03,9.955517397270e-03,-3.628377499057e+01
"                1367",3.364179147313e-01,2.154698491241e+00,-1.085351975781e+02,3.429076832973e-01,2.163395267948e+00,-1.448177069551e+02,6.489768565941e-03,8.696776707592e-03,-3.628250937701e+01
"                1368",2.222458091907e-01,2.072221626279e+00,-1.085305188108e+02,2.254408350117e-01,2.079842065577e+00,-1.448121869747e+02,3.195025821018e-03,7.620439297711e-03,-3.628166816392e+01
"                1369",1.334759760784e-01,2.007206444889e+00,-1.085057047879e+02,1.334979897902e-01,2.013991368895e+00,-1.447870917825e+02,2.201371178140e-05,6.784924006289e-03,-3.628138699452e+01
"                1370",2.867994270287e-02,1.995758378214e+00,-1.084689032944e+02,2.576417170548e-02,2.002102148821e+00,-1.447506222033e+02,-2.915770997384e-03,6.343770606501e-03,-3.628171890892e+01
"                1371",-1.368973108374e-01,2.026684030664e+00,-1.084360145564e+02,-1.424029847445e-01,2.032970170655e+00,-1.447186271724e+02,-5.505673907079e-03,6.286139991108e-03,-3.628261261601e+01
"                1372",-3.486552121961e-01,2.065051017179e+00,-1.084064542076e+02,-3.562641590774e-01,2.071702697934e+00,-1.446903753459e+02,-7.608946881286e-03,6.651680755588e-03,-3.628392113827e+01
"                1373",-5.703444229126e-01,2.089306316483e+00,-1.083813522778e+02,-5.795892493627e-01,2.096811407123e+00,-1.446668818271e+02,-9.244826450110e-03,7.505090640009e-03,-3.628552954924e+01
"                1374",-7.416774732602e-01,2.088470234151e+00,-1.083755506226e+02,-7.520185701850e-01,2.097281440849e+00,-1.446626916729e+02,-1.034109692478e-02,8.811206698328e-03,-3.628714105035e+01
"                1375",-8.528593990255e-01,2.101722715214e+00,-1.083933441335e+02,-8.637266272949e-01,2.112113868150e+00,-1.446817923950e+02,-1.086722826934e-02,1.039115293679e-02,-3.628844826141e+01
"                1376",-9.082230414303e-01,2.162653565949e+00,-1.084278405595e+02,-9.189891307784e-01,2.174851603331e+00,-1.447170187686e+02,-1.076608934807e-02,1.219803738145e-02,-3.628917820906e+01
"                1377",-9.052634492304e-01,2.287862424944e+00,-1.084622477301e+02,-9.153096762114e-01,2.301935005491e+00,-1.447514385388e+02,-1.004622698106e-02,1.407258054683e-02,-3.628919080863e+01
"                1378",-8.498141622834e-01,2.469567804948e+00,-1.084966018005e+02,-8.584847143509e-01,2.485643623021e+00,-1.447851037608e+02,-8.670552067490e-03,1.607581807329e-02,-3.628850196028e+01
"                1379",-7.133182334269e-01,2.700262582673e+00,-1.085233353619e+02,-7.200396168008e-01,2.718414230154e+00,-1.448106929969e+02,-6.721383373852e-03,1.815164748157e-02,-3.628735763497e+01
"                1380",-5.185526468526e-01,2.944041099890e+00,-1.085478929447e+02,-5.228729154658e-01,2.964055592531e+00,-1.448338536236e+02,-4.320268613139e-03,2.001449264099e-02,-3.628596067888e+01
"                1381",-2.710449944125e-01,3.152158337485e+00,-1.085726874932e+02,-2.726092956163e-01,3.173833093735e+00,-1.448573054728e+02,-1.564301203833e-03,2.167475625028e-02,-3.628461797961e+01
"                1382",-8.297516742317e-03,3.295709825667e+00,-1.085846245317e+02,-6.768805906610e-03,3.318892340506e+00,-1.448681178400e+02,1.528710835707e-03,2.318251483892e-02,-3.628349330827e+01
"                1383",2.270151369569e-01,3.380984997587e+00,-1.085850078156e+02,2.318269019037e-01,3.405408353052e+00,-1.448678526352e+02,4.811764946897e-03,2.442335546454e-02,-3.628284481964e+01
"                1384",4.466501261228e-01,3.420364642157e+00,-1.085670270123e+02,4.547586449945e-01,3.445603392541e+00,-1.448497447381e+02,8.108518871715e-03,2.523875038430e-02,-3.628271772578e+01
"                1385",6.774871746706e-01,3.429557931545e+00,-1.085342453991e+02,6.887527218324e-01,3.455065153773e+00,-1.448173053803e+02,1.126554716181e-02,2.550722222815e-02,-3.628305998117e+01
"                1386",9.200550339162e-01,3.410386524511e+00,-1.084962013540e+02,9.341417576803e-01,3.435637786101e+00,-1.447799918415e+02,1.408672376404e-02,2.525126158973e-02,-3.628379048755e+01
"                1387",1.154906037834e+00,3.373683275546e+00,-1.084641555885e+02,1.171362106256e+00,3.398222521800e+00,-1.447489169487e+02,1.645606842240e-02,2.453924625325e-02,-3.628476136028e+01
"                1388",1.324790516853e+00,3.337491801343e+00,-1.084394899917e+02,1.343027704431e+00,3.360880721914e+00,-1.447252372125e+02,1.823718757862e-02,2.338892057024e-02,-3.628574722074e+01
"                1389",1.408835775921e+00,3.279545005368e+00,-1.084331695851e+02,1.428179808665e+00,3.301399062896e+00,-1.447197659373e+02,1.934403274368e-02,2.185405752828e-02,-3.628659635225e+01
"                1390",1.428006717741e+00,3.192537189118e+00,-1.084414688061e+02,1.447747583009e+00,3.212574199492e+00,-1.447286238202e+02,1.974086526807e-02,2.003701037482e-02,-3.628715501411e+01
"                1391",1.395612952407e+00,3.061294056141e+00,-1.084584254436e+02,1.415056401709e+00,3.079346326789e+00,-1.447457325120e+02,1.944344930214e-02,1.805227064817e-02,-3.628730706840e+01
"                1392",1.295266688388e+00,2.879342446314e+00,-1.084719064848e+02,1.313740803051e+00,2.895242327653e+00,-1.447588257944e+02,1.847411466226e-02,1.589988133901e-02,-3.628691930964e+01
"                1393",1.119407566004e+00,2.672621694688e+00,-1.084738673150e+02,1.136241715689e+00,2.686191595354e+00,-1.447598630597e+02,1.683414968452e-02,1.356990066633e-02,-3.628599574467e+01
"                1394",8.961766469353e-01,2.493722479160e+00,-1.084767743746e+02,9.108083381363e-01,2.504999454771e+00,-1.447615422950e+02,1.463169120096e-02,1.127697561110e-02,-3.628476792044e+01
"                1395",6.719907708079e-01,2.340367532375e+00,-1.084926564087e+02,6.839213812098e-01,2.349575278188e+00,-1.447761155179e+02,1.193061040189e-02,9.207745813080e-03,-3.628345910920e+01
"                1396",4.906381099378e-01,2.230650609662e+00,-1.085160347487e+02,4.995397769204e-01,2.238065217177e+00,-1.447983357999e+02,8.901666982580e-03,7.414607514659e-03,-3.628230105122e+01
"                1397",3.571997073698e-01,2.153791071425e+00,-1.085278365046e+02,3.629004368261e-01,2.159736451066e+00,-1.448093523501e+02,5.700729456318e-03,5.945379641109e-03,-3.628151584554e+01
"                1398",2.519184840238e-01,2.080556945657e+00,-1.085176784361e+02,2.544199109529e-01,2.085449464619e+00,-1.447989573723e+02,2.501426929032e-03,4.892518962750e-03,-3.628127893617e+01
"                1399",1.297039725713e-01,2.014683145435e+00,-1.084841874360e+02,1.291460969779e-01,2.018945516360e+00,-1.447657954331e+02,-5.578755933785e-04,4.262370924535e-03,-3.628160799716e+01
"                1400",-6.948541280195e-03,1.985259050263e+00,-1.084407075796e+02,-1.030695024539e-02,1.989397029509e+00,-1.447231694357e+02,-3.358408965198e-03,4.137979246204e-03,-3.628246185606e+01
"                1401",-1.739475900524e-01,2.000469636644e+00,-1.084011252904e+02,-1.797824065344e-01,2.005004519869e+00,-1.446848325481e+02,-5.834816481991e-03,4.534883225136e-03,-3.628370725769e+01
"                1402",-3.864952366566e-01,2.040351842557e+00,-1.083772898714e+02,-3.943953216468e-01,2.045826567904e+00,-1.446625047489e+02,-7.900084990164e-03,5.474725346401e-03,-3.628521487749e+01
"                1403",-6.107980534746e-01,2.090823276775e+00,-1.083709913785e+02,-6.202737930920e-01,2.097767727766e+00,-1.446576939500e+02,-9.475739617383e-03,6.944450991931e-03,-3.628670257149e+01
"                1404",-7.863958814918e-01,2.139604586958e+00,-1.083876445047e+02,-7.968807419856e-01,2.148389654138e+00,-1.446756091198e+02,-1.048486049383e-02,8.785067180586e-03,-3.628796461509e+01
"                1405",-8.927922443591e-01,2.215945659255e+00,-1.084245762120e+02,-9.037174463368e-01,2.226753719734e+00,-1.447132839863e+02,-1.092520197767e-02,1.080806047831e-02,-3.628870777428e+01
"                1406",-9.335334667010e-01,2.342712031021e+00,-1.084701139433e+02,-9.442706739112e-01,2.355789457887e+00,-1.447587978832e+02,-1.073720721020e-02,1.307742686558e-02,-3.628868393987e+01
"                1407",-9.162026010144e-01,2.536069152893e+00,-1.084973831506e+02,-9.261040249364e-01,2.551567787111e+00,-1.447853688692e+02,-9.901423922072e-03,1.549863421788e-02,-3.628798571860e+01
"                1408",-8.465941489924e-01,2.773780942884e+00,-1.085104796599e+02,-8.550710887058e-01,2.791778985237e+00,-1.447973331917e+02,-8.476939713402e-03,1.799804235234e-02,-3.628685353177e+01
"                1409",-6.949291384767e-01,3.037575500534e+00,-1.085253389520e+02,-7.014485318329e-01,3.058050540736e+00,-1.448109898547e+02,-6.519393356122e-03,2.047504020152e-02,-3.628565090273e+01
"                1410",-4.740276948797e-01,3.277597798614e+00,-1.085469591652e+02,-4.781002126288e-01,3.300374796666e+00,-1.448314328331e+02,-4.072517749087e-03,2.277699805210e-02,-3.628447366797e+01
"                1411",-2.094080563929e-01,3.460108911990e+00,-1.085720092744e+02,-2.105965970534e-01,3.484884432330e+00,-1.448555460590e+02,-1.188540660535e-03,2.477552034046e-02,-3.628353678459e+01
"                1412",5.745701808294e-02,3.568562169109e+00,-1.085862419172e+02,5.951556067166e-02,3.594941977853e+00,-1.448692080150e+02,2.058542588715e-03,2.637980874375e-02,-3.628296609773e+01
"                1413",2.932179481689e-01,3.625995898483e+00,-1.085812564978e+02,2.987121598180e-01,3.653437179206e+00,-1.448641207184e+02,5.494211649126e-03,2.744128072334e-02,-3.628286422064e+01
"                1414",5.197384593923e-01,3.664924281599e+00,-1.085494228639e+02,5.286099883403e-01,3.692829888983e+00,-1.448325821791e+02,8.871528948019e-03,2.790560738367e-02,-3.628315931518e+01
"                1415",7.585083107955e-01,3.686398359097e+00,-1.085004494672e+02,7.705195521011e-01,3.714149720398e+00,-1.447841933717e+02,1.201124130560e-02,2.775136130098e-02,-3.628374390450e+01
"                1416",9.963854622093e-01,3.667685915540e+00,-1.084583457878e+02,1.011133717412e+00,3.694732635244e+00,-1.447428725187e+02,1.474825520260e-02,2.704671970410e-02,-3.628452673090e+01
"                1417",1.210655816259e+00,3.609606598917e+00,-1.084442383957e+02,1.227604794858e+00,3.635483654593e+00,-1.447296634194e+02,1.694897859945e-02,2.587705567624e-02,-3.628542502370e+01
"                1418",1.364719589427e+00,3.527308387682e+00,-1.084473195238e+02,1.383181171293e+00,3.551533588952e+00,-1.447335263784e+02,1.846158186623e-02,2.422520126984e-02,-3.628620685460e+01
"                1419",1.444229168533e+00,3.407598550922e+00,-1.084600218860e+02,1.463543008226e+00,3.429800015095e+00,-1.447466956774e+02,1.931383969304e-02,2.220146417335e-02,-3.628667379144e+01
"                1420",1.443489467272e+00,3.258179080140e+00,-1.084745852287e+02,1.463021671338e+00,3.278101069958e+00,-1.447611737282e+02,1.953220406602e-02,1.992198981791e-02,-3.628658849953e+01
"                1421",1.380759844011e+00,3.087012714272e+00,-1.084873906551e+02,1.399870240998e+00,3.104384856300e+00,-1.447733764254e+02,1.911039698732e-02,1.737214202833e-02,-3.628598577027e+01
"                1422",1.249884562494e+00,2.892009762287e+00,-1.084884687399e+02,1.267901771486e+00,2.906607329869e+00,-1.447734316680e+02,1.801720899110e-02,1.459756758182e-02,-3.628496292810e+01
"                1423",1.075333020335e+00,2.687624856064e+00,-1.084819965291e+02,1.091603731591e+00,2.699486679773e+00,-1.447657475837e+02,1.627071125667e-02,1.186182370828e-02,-3.628375105456e+01
"                1424",8.822017889900e-01,2.509864830807e+00,-1.084825648700e+02,8.961390372968e-01,2.519113726373e+00,-1.447651236257e+02,1.393724830685e-02,9.248895566723e-03,-3.628255875573e+01
"                1425",6.877552553590e-01,2.365000595005e+00,-1.084903434086e+02,6.989655981392e-01,2.371907389682e+00,-1.447719117730e+02,1.121034278022e-02,6.906794676331e-03,-3.628156836437e+01
"                1426",5.205401394070e-01,2.277478879414e+00,-1.085068296901e+02,5.287441755595e-01,2.282516708377e+00,-1.447877902658e+02,8.204036152446e-03,5.037828963368e-03,-3.628096057566e+01
"                1427",3.753217390084e-01,2.201136986115e+00,-1.085096595805e+02,3.803810397927e-01,2.204846826678e+00,-1.447905116284e+02,5.059300784280e-03,3.709840563092e-03,-3.628085204787e+01
"                1428",2.542261545150e-01,2.102031436607e+00,-1.084951535695e+02,2.561767135614e-01,2.104992203842e+00,-1.447763914188e+02,1.950559046456e-03,2.960767235356e-03,-3.628123784925e+01
"                1429",1.257662129353e-01,2.015049993503e+00,-1.084610828583e+02,1.247231638506e-01,2.017788853039e+00,-1.447431508010e+02,-1.043049084670e-03,2.738859536283e-03,-3.628206794269e+01
"                1430",-1.063567742628e-02,1.980110878938e+00,-1.084176270224e+02,-1.446054250846e-02,1.983285467700e+00,-1.447009169031e+02,-3.824865082183e-03,3.174588761755e-03,-3.628328988072e+01
"                1431",-1.935473984703e-01,2.021276481793e+00,-1.083842794592e+02,-1.998214330006e-01,2.025456057209e+00,-1.446688963304e+02,-6.274034530290e-03,4.179575415602e-03,-3.628461687127e+01
"                1432",-4.118073608606e-01,2.112104031100e+00,-1.083783788298e+02,-4.201256904036e-01,2.117797238358e+00,-1.446643424812e+02,-8.318329542980e-03,5.693207258386e-03,-3.628596365141e+01
"                1433",-6.349028856223e-01,2.216750942634e+00,-1.083935047794e+02,-6.447151624757e-01,2.224398093398e+00,-1.446805300631e+02,-9.812276853367e-03,7.647150763419e-03,-3.628702528368e+01
"                1434",-7.993478089215e-01,2.322271088348e+00,-1.084259489426e+02,-8.100628115853e-01,2.332184180786e+00,-1.447135392280e+02,-1.071500266389e-02,9.913092438295e-03,-3.628759028536e+01
"                1435",-8.900665168578e-01,2.470258355630e+00,-1.084685164714e+02,-9.010698948277e-01,2.482728486228e+00,-1.447560356667e+02,-1.100337796990e-02,1.247013059801e-02,-3.628751919526e+01
"                1436",-9.158663802496e-01,2.666728696212e+00,-1.084984427641e+02,-9.265934085027e-01,2.681985406283e+00,-1.447852844489e+02,-1.072702825309e-02,1.525671007138e-02,-3.628684168478e+01
"                1437",-8.836514773128e-01,2.900569772851e+00,-1.085109152626e+02,-8.934733136029e-01,2.918643416505e+00,-1.447968047724e+02,-9.821836290115e-03,1.807364365423e-02,-3.628588950988e+01
"                1438",-7.811675609063e-01,3.140420797831e+00,-1.085188615306e+02,-7.895035243945e-01,3.161426056471e+00,-1.448036890902e+02,-8.335963488183e-03,2.100525863984e-02,-3.628482755953e+01
"                1439",-5.978939448940e-01,3.382469312558e+00,-1.085329028869e+02,-6.041386602369e-01,3.406332359325e+00,-1.448167827599e+02,-6.244715342859e-03,2.386304676749e-02,-3.628387987296e+01
"                1440",-3.555054553024e-01,3.591567611884e+00,-1.085556319119e+02,-3.590870503836e-01,3.617887160656e+00,-1.448388345052e+02,-3.581595081106e-03,2.631954877214e-02,-3.628320259326e+01
"                1441",-9.743163299601e-02,3.748706474177e+00,-1.085826936678e+02,-9.788772995536e-02,3.776929630486e+00,-1.448655453548e+02,-4.560969593544e-04,2.822315630942e-02,-3.628285168699e+01
"                1442",1.601677173166e-01,3.845044476481e+00,-1.085881743235e+02,1.631215409348e-01,3.874581038406e+00,-1.448710171577e+02,2.953823618136e-03,2.953656192467e-02,-3.628284283417e+01
"                1443",3.955865873301e-01,3.902956511871e+00,-1.085646489556e+02,4.020193498749e-01,3.933176813339e+00,-1.448478436719e+02,6.432762544846e-03,3.022030146771e-02,-3.628319471626e+01
"                1444",6.141498241601e-01,3.945695242034e+00,-1.085189237344e+02,6.239187689619e-01,3.975931799212e+00,-1.448026398983e+02,9.768944801734e-03,3.023655717851e-02,-3.628371616389e+01
"                1445",8.419692085402e-01,3.955270030124e+00,-1.084769105271e+02,8.547709656662e-01,3.984897942622e+00,-1.447612939847e+02,1.280175712603e-02,2.962791249802e-02,-3.628438345760e+01
"                1446",1.066647188607e+00,3.899985518258e+00,-1.084586172301e+02,1.081988681694e+00,3.928427128515e+00,-1.447437553704e+02,1.534149308761e-02,2.844161025645e-02,-3.628513814032e+01
"                1447",1.278606954593e+00,3.791472976730e+00,-1.084691339543e+02,1.295876361926e+00,3.818242209445e+00,-1.447549537215e+02,1.726940733318e-02,2.676923271499e-02,-3.628581976723e+01
"                1448",1.420885591622e+00,3.643022983238e+00,-1.084866566110e+02,1.439452604301e+00,3.667660028953e+00,-1.447727515787e+02,1.856701267976e-02,2.463704571552e-02,-3.628609496766e+01
"                1449",1.478276985109e+00,3.465113448782e+00,-1.085047486978e+02,1.497577616659e+00,3.487183072102e+00,-1.447905480392e+02,1.930063154925e-02,2.206962331985e-02,-3.628579934147e+01
"                1450",1.453716593244e+00,3.284624097304e+00,-1.085085315362e+02,1.473151525566e+00,3.303808370322e+00,-1.447935422952e+02,1.943493232227e-02,1.918427301759e-02,-3.628501075894e+01
"                1451",1.373933922182e+00,3.102769293558e+00,-1.085002339654e+02,1.392843586566e+00,3.118912941868e+00,-1.447842124791e+02,1.890966438385e-02,1.614364831068e-02,-3.628397851374e+01
"                1452",1.265203530855e+00,2.911494111243e+00,-1.084940833968e+02,1.282872757938e+00,2.924525070680e+00,-1.447769048356e+02,1.766922708284e-02,1.303095943724e-02,-3.628282143885e+01
"                1453",1.115053295751e+00,2.727747767953e+00,-1.084828460300e+02,1.130872597848e+00,2.737753382161e+00,-1.447646118235e+02,1.581930209649e-02,1.000561420769e-02,-3.628176579352e+01
"                1454",9.266634756066e-01,2.576473464310e+00,-1.084815008201e+02,9.400823053984e-01,2.583733511853e+00,-1.447624432548e+02,1.341882979181e-02,7.260047543917e-03,-3.628094243472e+01
"                1455",7.245845493990e-01,2.446932982426e+00,-1.084858928039e+02,7.352928617493e-01,2.451968767599e+00,-1.447664008388e+02,1.070831235037e-02,5.035785172994e-03,-3.628050803494e+01
"                1456",5.473686537014e-01,2.333185281762e+00,-1.084951319595e+02,5.551153786322e-01,2.336632382933e+00,-1.447756553071e+02,7.746724930809e-03,3.447101171033e-03,-3.628052334766e+01
"                1457",4.079791095586e-01,2.220462761949e+00,-1.084879202241e+02,4.126186488928e-01,2.222972238520e+00,-1.447688921401e+02,4.639539334233e-03,2.509476570814e-03,-3.628097191599e+01
"                1458",2.928480669837e-01,2.118476839662e+00,-1.084672970930e+02,2.943373088311e-01,2.120733480502e+00,-1.447491494920e+02,1.489241847349e-03,2.256640840213e-03,-3.628185239901e+01
"                1459",1.698931781645e-01,2.049717397081e+00,-1.084360272196e+02,1.683490800054e-01,2.052376313334e+00,-1.447189833286e+02,-1.544098159177e-03,2.658916253515e-03,-3.628295610898e+01
"                1460",1.075864487441e-02,2.056688989706e+00,-1.084076469094e+02,6.415550694842e-03,2.060345235628e+00,-1.446917992097e+02,-4.343094179572e-03,3.656245921438e-03,-3.628415230032e+01
"                1461",-1.932078234261e-01,2.148191327777e+00,-1.083927513967e+02,-1.999717669927e-01,2.153349453248e+00,-1.446779628082e+02,-6.763943566622e-03,5.158125471593e-03,-3.628521141153e+01
"                1462",-4.057198915392e-01,2.291918669897e+00,-1.084017437451e+02,-4.144276496695e-01,2.298995891686e+00,-1.446877515399e+02,-8.707758130294e-03,7.077221789209e-03,-3.628600779479e+01
"                1463",-5.992615107619e-01,2.463831081214e+00,-1.084237951104e+02,-6.093390124262e-01,2.473340791392e+00,-1.447101681089e+02,-1.007750166425e-02,9.509710178766e-03,-3.628637299854e+01
"                1464",-7.420620283313e-01,2.645380327806e+00,-1.084487431651e+02,-7.529509588262e-01,2.657663432046e+00,-1.447350238740e+02,-1.088893049490e-02,1.228310424009e-02,-3.628628070889e+01
"                1465",-8.368016073370e-01,2.845912104291e+00,-1.084935267538e+02,-8.478993757662e-01,2.861159646726e+00,-1.447792810647e+02,-1.109776842921e-02,1.524754243549e-02,-3.628575431087e+01
"                1466",-8.406443113258e-01,3.049535851627e+00,-1.085222702226e+02,-8.514019385201e-01,3.067954937045e+00,-1.448072623430e+02,-1.075762719433e-02,1.841908541860e-02,-3.628499212043e+01
"                1467",-7.663282684023e-01,3.260023302466e+00,-1.085275702501e+02,-7.760326376736e-01,3.281663486488e+00,-1.448117017240e+02,-9.704369271333e-03,2.164018402182e-02,-3.628413147384e+01
"                1468",-6.237557598438e-01,3.465799878081e+00,-1.085256782828e+02,-6.317319380592e-01,3.490598367783e+00,-1.448090653849e+02,-7.976178215361e-03,2.479848970220e-02,-3.628338710204e+01
"                1469",-4.325247943242e-01,3.681320150352e+00,-1.085409599440e+02,-4.381390938942e-01,3.708944810555e+00,-1.448238589423e+02,-5.614299569995e-03,2.762466020265e-02,-3.628289899834e+01
"                1470",-1.939888329308e-01,3.880599976485e+00,-1.085664199494e+02,-1.967036359469e-01,3.910424976986e+00,-1.448491510872e+02,-2.714803016045e-03,2.982500050075e-02,-3.628273113773e+01
"                1471",5.821915221244e-02,4.043074963251e+00,-1.085832030905e+02,5.878594683299e-02,4.074449692728e+00,-1.448660369848e+02,5.667946205423e-04,3.137472947609e-02,-3.628283389429e+01
"                1472",3.050776420605e-01,4.138404544318e+00,-1.085728206093e+02,3.090990736694e-01,4.170671543457e+00,-1.448559698651e+02,4.021431608864e-03,3.226699913945e-02,-3.628314925587e+01
"                1473",5.251910303477e-01,4.179793185083e+00,-1.085440790355e+02,5.326527215625e-01,4.212292523460e+00,-1.448277226007e+02,7.461691214806e-03,3.249933837631e-02,-3.628364356514e+01
"                1474",7.296604409244e-01,4.185361732408e+00,-1.085124750722e+02,7.403140856072e-01,4.217412631703e+00,-1.447967211876e+02,1.065364468286e-02,3.205089929455e-02,-3.628424611538e+01
"                1475",9.580967145195e-01,4.155296462550e+00,-1.084928620600e+02,9.715692648779e-01,4.186252625855e+00,-1.447777296497e+02,1.347255035839e-02,3.095616330453e-02,-3.628486758964e+01
"                1476",1.195104401789e+00,4.050287841465e+00,-1.084952321607e+02,1.210913373546e+00,4.079606843562e+00,-1.447805398057e+02,1.580897175741e-02,2.931900209676e-02,-3.628530764504e+01
"                1477",1.401876865704e+00,3.892531901895e+00,-1.085213504406e+02,1.419492148678e+00,3.919669129678e+00,-1.448067170834e+02,1.761528297392e-02,2.713722778324e-02,-3.628536664282e+01
"                1478",1.519882913046e+00,3.694745968383e+00,-1.085311061104e+02,1.538753159497e+00,3.719158714660e+00,-1.448160805753e+02,1.887024645129e-02,2.441274627696e-02,-3.628497446492e+01
"                1479",1.545843032865e+00,3.492668473237e+00,-1.085214799186e+02,1.565383474149e+00,3.513989643519e+00,-1.448056774491e+02,1.954044128451e-02,2.132117028125e-02,-3.628419753049e+01
"                1480",1.524655896532e+00,3.316398738343e+00,-1.085155989077e+02,1.544236234416e+00,3.334468906283e+00,-1.447988133826e+02,1.958033788454e-02,1.807016793958e-02,-3.628321447494e+01
"                1481",1.467951094855e+00,3.147711773619e+00,-1.085124416341e+02,1.486892031162e+00,3.162402417898e+00,-1.447946435479e+02,1.894093630689e-02,1.469064427978e-02,-3.628220191375e+01
"                1482",1.367165549376e+00,2.974020493826e+00,-1.085038697989e+02,1.384782495503e+00,2.985440344960e+00,-1.447851967318e+02,1.761694612693e-02,1.141985113446e-02,-3.628132693291e+01
"                1483",1.209692035198e+00,2.818459015462e+00,-1.084898683060e+02,1.225409442946e+00,2.826923621213e+00,-1.447705515184e+02,1.571740774795e-02,8.464605750919e-03,-3.628068321241e+01
"                1484",9.999560811330e-01,2.669901125617e+00,-1.084855743364e+02,1.013246731277e+00,2.675869924898e+00,-1.447659787796e+02,1.329065014385e-02,5.968799280798e-03,-3.628040444319e+01
"                1485",7.879273460960e-01,2.524940742636e+00,-1.084865898889e+02,7.984791731817e-01,2.529049821280e+00,-1.447671138491e+02,1.055182708568e-02,4.109078643755e-03,-3.628052396027e+01
"                1486",6.157127892914e-01,2.394185345548e+00,-1.084880905782e+02,6.232049445759e-01,2.397180400511e+00,-1.447691577623e+02,7.492155284525e-03,2.995054962841e-03,-3.628106718411e+01
"                1487",4.911621981877e-01,2.267517776758e+00,-1.084748971257e+02,4.954432704502e-01,2.270163574469e+00,-1.447568056694e+02,4.281072262556e-03,2.645797711272e-03,-3.628190854375e+01
"                1488",3.728148749217e-01,2.187794678090e+00,-1.084586771037e+02,3.738695972785e-01,2.190761414760e+00,-1.447416031662e+02,1.054722356707e-03,2.966736670517e-03,-3.628292606251e+01
"                1489",2.314176263430e-01,2.185385836662e+00,-1.084439554252e+02,2.293892714083e-01,2.189252284913e+00,-1.447279139920e+02,-2.028354934794e-03,3.866448250635e-03,-3.628395856687e+01
"                1490",5.957228611172e-02,2.258676150742e+00,-1.084282891576e+02,5.476469006286e-02,2.263930941832e+00,-1.447131198374e+02,-4.807596048854e-03,5.254791090534e-03,-3.628483067980e+01
"                1491",-1.447820047451e-01,2.400983628696e+00,-1.084265851228e+02,-1.519435644637e-01,2.408178628136e+00,-1.447119170701e+02,-7.161559718629e-03,7.194999439927e-03,-3.628533194730e+01
"                1492",-3.504871496082e-01,2.602537188390e+00,-1.084405323583e+02,-3.594965144917e-01,2.612185758880e+00,-1.447260499288e+02,-9.009364883496e-03,9.648570489386e-03,-3.628551757050e+01
"                1493",-5.358718613021e-01,2.814291623225e+00,-1.084564749743e+02,-5.461774992804e-01,2.826767268784e+00,-1.447419344595e+02,-1.030563797824e-02,1.247564555837e-02,-3.628545948519e+01
"                1494",-6.605519815445e-01,3.016385583203e+00,-1.084834016623e+02,-6.716101732602e-01,3.031977024377e+00,-1.447685410382e+02,-1.105819171566e-02,1.559144117422e-02,-3.628513937588e+01
"                1495",-7.072352866349e-01,3.208714872685e+00,-1.085141950112e+02,-7.183692834898e-01,3.227674117481e+00,-1.447988356175e+02,-1.113399685494e-02,1.895924479623e-02,-3.628464060632e+01
"                1496",-6.657978152076e-01,3.378884133114e+00,-1.085339277704e+02,-6.763392665111e-01,3.401273023631e+00,-1.448179544763e+02,-1.054145130342e-02,2.238889051652e-02,-3.628402670590e+01
"                1497",-5.793496347871e-01,3.541110177752e+00,-1.085473816298e+02,-5.885408550768e-01,3.566725183399e+00,-1.448308460608e+02,-9.191220289772e-03,2.561500564756e-02,-3.628346443099e+01
"                1498",-4.356995010384e-01,3.723646433975e+00,-1.085564022511e+02,-4.428660951161e-01,3.752184864367e+00,-1.448394788096e+02,-7.166594077730e-03,2.853843039182e-02,-3.628307655845e+01
"                1499",-2.407189693756e-01,3.939497621466e+00,-1.085633328338e+02,-2.452821891208e-01,3.970462031605e+00,-1.448462461908e+02,-4.563219745140e-03,3.096441013823e-02,-3.628291335700e+01
"                1500",-1.679068506945e-03,4.146149585030e+00,-1.085658636255e+02,-3.198302294227e-03,4.178905276659e+00,-1.448488708855e+02,-1.519233787282e-03,3.275569162879e-02,-3.628300726006e+01
"                1501",2.426054924185e-01,4.299520849537e+00,-1.085696328648e+02,2.444311051018e-01,4.333401721390e+00,-1.448529148472e+02,1.825612683315e-03,3.388087185344e-02,-3.628328198247e+01
"                1502",4.645076504933e-01,4.362003826146e+00,-1.085716625700e+02,4.697559367254e-01,4.396342441001e+00,-1.448553956996e+02,5.248286232111e-03,3.433861485545e-02,-3.628373312958e+01
"                1503",6.746752631961e-01,4.357097203905e+00,-1.085646694434e+02,6.832284125943e-01,4.391151972223e+00,-1.448489429283e+02,8.553149398154e-03,3.405476831765e-02,-3.628427348482e+01
"                1504",8.882368856733e-01,4.318493811876e+00,-1.085511135772e+02,8.998130125897e-01,4.351605739284e+00,-1.448358526518e+02,1.157612691643e-02,3.311192740878e-02,-3.628473907461e+01
"                1505",1.125464410155e+00,4.235721045694e+00,-1.085417158172e+02,1.139755286293e+00,4.267247314410e+00,-1.448266590054e+02,1.429087613851e-02,3.152626871554e-02,-3.628494318821e+01
"                1506",1.361158850990e+00,4.098290486629e+00,-1.085366965901e+02,1.377757580942e+00,4.127583796419e+00,-1.448214872898e+02,1.659872995223e-02,2.929330979037e-02,-3.628479069972e+01
"                1507",1.550224898628e+00,3.917764165965e+00,-1.085331695576e+02,1.568601477834e+00,3.944322497199e+00,-1.448175544353e+02,1.837657920592e-02,2.655833123431e-02,-3.628438487764e+01
"                1508",1.673771076302e+00,3.708515431191e+00,-1.085303299660e+02,1.693338483596e+00,3.731972704608e+00,-1.448140526048e+02,1.956740729401e-02,2.345727341729e-02,-3.628372263885e+01
"                1509",1.724852097840e+00,3.516599610935e+00,-1.085288682503e+02,1.744983631764e+00,3.536674685189e+00,-1.448117696698e+02,2.013153392360e-02,2.007507425390e-02,-3.628290141955e+01
"                1510",1.712088018095e+00,3.352298549738e+00,-1.085359463556e+02,1.732184232030e+00,3.368910159053e+00,-1.448180004436e+02,2.009621393497e-02,1.661160931545e-02,-3.628205408800e+01
"                1511",1.650074495719e+00,3.206521658131e+00,-1.085319961411e+02,1.669449493896e+00,3.219759531638e+00,-1.448133320783e+02,1.937499817653e-02,1.323787350644e-02,-3.628133593716e+01
"                1512",1.523424643336e+00,3.048707401246e+00,-1.085144585543e+02,1.541406601974e+00,3.058881538383e+00,-1.447953100751e+02,1.798195863736e-02,1.017413713730e-02,-3.628085152083e+01
"                1513",1.339285866596e+00,2.895125463090e+00,-1.084962561090e+02,1.355297659447e+00,2.902692771964e+00,-1.447768638919e+02,1.601179285089e-02,7.567308873568e-03,-3.628060778294e+01
"                1514",1.126662021737e+00,2.738229234861e+00,-1.084925639688e+02,1.140149957358e+00,2.743745667721e+00,-1.447733043173e+02,1.348793562120e-02,5.516432860041e-03,-3.628074034850e+01
"                1515",9.254214842237e-01,2.583908834039e+00,-1.084969134714e+02,9.360184016525e-01,2.588151992977e+00,-1.447781361501e+02,1.059691742878e-02,4.243158938095e-03,-3.628122267865e+01
"                1516",7.517115754649e-01,2.452341642690e+00,-1.085023858337e+02,7.591110787046e-01,2.456058465157e+00,-1.447843622784e+02,7.399503239718e-03,3.716822466553e-03,-3.628197644473e+01
"                1517",6.180876089949e-01,2.370726178011e+00,-1.085002602057e+02,6.221627090025e-01,2.374615048944e+00,-1.447831176103e+02,4.075100007592e-03,3.888870932398e-03,-3.628285740463e+01
"                1518",4.828000902000e-01,2.352404287030e+00,-1.084898993234e+02,4.835949746482e-01,2.357034386432e+00,-1.447735778715e+02,7.948844481870e-04,4.630099401998e-03,-3.628367854811e+01
"                1519",3.282823321724e-01,2.407036668448e+00,-1.084779758140e+02,3.259730063660e-01,2.412972801091e+00,-1.447622786589e+02,-2.309325806381e-03,5.936132642866e-03,-3.628430284489e+01
"                1520",1.351918305184e-01,2.527489766876e+00,-1.084688737607e+02,1.301652389481e-01,2.535311003640e+00,-1.447534716711e+02,-5.026591570335e-03,7.821236763925e-03,-3.628459791038e+01
"                1521",-9.108943843125e-02,2.703915144522e+00,-1.084709964791e+02,-9.843277346723e-02,2.714108501122e+00,-1.447556859936e+02,-7.343335035976e-03,1.019335660006e-02,-3.628468951448e+01
"                1522",-2.890903543394e-01,2.927410386402e+00,-1.084832026606e+02,-2.982299608595e-01,2.940382778562e+00,-1.447679379064e+02,-9.139606520189e-03,1.297239216005e-02,-3.628473524579e+01
"                1523",-4.370816685395e-01,3.132255938991e+00,-1.084987737203e+02,-4.474051334255e-01,3.148412363620e+00,-1.447834241541e+02,-1.032346488594e-02,1.615642462937e-02,-3.628465043385e+01
"                1524",-5.207849188282e-01,3.306168828912e+00,-1.085149599049e+02,-5.316178020541e-01,3.325725753361e+00,-1.447994378110e+02,-1.083288322589e-02,1.955692444896e-02,-3.628447790611e+01
"                1525",-5.462482566800e-01,3.455045401003e+00,-1.085416743377e+02,-5.568540415286e-01,3.478021185621e+00,-1.448258640259e+02,-1.060578484860e-02,2.297578461822e-02,-3.628418968830e+01
"                1526",-5.056489178124e-01,3.587842578107e+00,-1.085682656239e+02,-5.153046579721e-01,3.614030087671e+00,-1.448521095548e+02,-9.655740159765e-03,2.618750956328e-02,-3.628384393082e+01
"                1527",-4.114877021322e-01,3.740235758539e+00,-1.085802605565e+02,-4.195061628728e-01,3.769290737475e+00,-1.448638018009e+02,-8.018460740577e-03,2.905497893579e-02,-3.628354124446e+01
"                1528",-2.499341223694e-01,3.933005060668e+00,-1.085727898337e+02,-2.557213204751e-01,3.964544032007e+00,-1.448561693914e+02,-5.787198105736e-03,3.153897133930e-02,-3.628337955769e+01
"                1529",-4.368202903620e-02,4.153245314705e+00,-1.085626499662e+02,-4.672206599031e-02,4.186721892400e+00,-1.448459952428e+02,-3.040036954108e-03,3.347657769495e-02,-3.628334527655e+01
"                1530",1.787941285563e-01,4.338245938397e+00,-1.085701578031e+02,1.788614388024e-01,4.373049380114e+00,-1.448537055792e+02,6.731024613033e-05,3.480344171687e-02,-3.628354777613e+01
"                1531",4.094815714991e-01,4.443219541296e+00,-1.085897503834e+02,4.128465194512e-01,4.478639251577e+00,-1.448736426959e+02,3.364947952102e-03,3.541971028025e-02,-3.628389231250e+01
"                1532",6.334242535662e-01,4.457976105313e+00,-1.086103469897e+02,6.400890277878e-01,4.493332901982e+00,-1.448946916206e+02,6.664774221641e-03,3.535679666952e-02,-3.628434463085e+01
"                1533",8.453354604072e-01,4.407727503415e+00,-1.086100994726e+02,8.551756579063e-01,4.442309289745e+00,-1.448947142782e+02,9.840197499116e-03,3.458178632984e-02,-3.628461480562e+01
"                1534",1.062237826192e+00,4.329497728671e+00,-1.085870210546e+02,1.075056794253e+00,4.362578539717e+00,-1.448716416830e+02,1.281896806074e-02,3.308081104582e-02,-3.628462062842e+01
"                1535",1.301148349415e+00,4.231345650905e+00,-1.085565319521e+02,1.316644997280e+00,4.262271072057e+00,-1.448409311269e+02,1.549664786472e-02,3.092542115130e-02,-3.628439917482e+01
"                1536",1.553278355965e+00,4.088732829927e+00,-1.085372021169e+02,1.571016813102e+00,4.117023737446e+00,-1.448211904695e+02,1.773845713725e-02,2.829090751926e-02,-3.628398835262e+01
"                1537",1.776360140804e+00,3.908795217229e+00,-1.085371679097e+02,1.795745909627e+00,3.934056989314e+00,-1.448206505689e+02,1.938576882285e-02,2.526177208591e-02,-3.628348265917e+01
"                1538",1.916603817539e+00,3.704881694007e+00,-1.085492771909e+02,1.937088207758e+00,3.726781605161e+00,-1.448321786434e+02,2.048439021932e-02,2.189991115418e-02,-3.628290145249e+01
"                1539",1.951067122291e+00,3.530408246691e+00,-1.085548623119e+02,1.972044965228e+00,3.548884029031e+00,-1.448371253695e+02,2.097784293696e-02,1.847578234031e-02,-3.628226305767e+01
"                1540",1.900001993684e+00,3.372688410237e+00,-1.085526856796e+02,1.920858913807e+00,3.387875045462e+00,-1.448344107556e+02,2.085692012296e-02,1.518663522521e-02,-3.628172507600e+01
"                1541",1.802387331181e+00,3.220363700548e+00,-1.085427398313e+02,1.822428623660e+00,3.232482195551e+00,-1.448240626756e+02,2.004129247821e-02,1.211849500224e-02,-3.628132284426e+01
"                1542",1.656606582910e+00,3.052624595331e+00,-1.085242712021e+02,1.675126917080e+00,3.062115629963e+00,-1.448053966879e+02,1.852033417069e-02,9.491034631807e-03,-3.628112548576e+01
"                1543",1.466512925306e+00,2.879945180992e+00,-1.085077941866e+02,1.482839172482e+00,2.887410828499e+00,-1.447889519795e+02,1.632624717618e-02,7.465647507064e-03,-3.628115779291e+01
"                1544",1.247592462935e+00,2.719093022725e+00,-1.085069431947e+02,1.261211837927e+00,2.725147800533e+00,-1.447884093785e+02,1.361937499183e-02,6.054777807552e-03,-3.628146618388e+01
"                1545",1.031397818312e+00,2.606441340719e+00,-1.085242578138e+02,1.041926904818e+00,2.611778517515e+00,-1.448062235109e+02,1.052908650609e-02,5.337176795789e-03,-3.628196569714e+01
"                1546",8.415923865684e-01,2.529536408868e+00,-1.085391449559e+02,8.488054524058e-01,2.534809444848e+00,-1.448217169943e+02,7.213065837379e-03,5.273035980095e-03,-3.628257203838e+01
"                1547",7.000243469185e-01,2.497257067270e+00,-1.085413802374e+02,7.038633432267e-01,2.503065771412e+00,-1.448245052485e+02,3.838996308207e-03,5.808704141770e-03,-3.628312501105e+01
"                1548",5.454621499090e-01,2.533158667090e+00,-1.085318209866e+02,5.460232649159e-01,2.540166918418e+00,-1.448153094469e+02,5.611150069731e-04,7.008251327530e-03,-3.628348846034e+01
"                1549",3.612711914106e-01,2.631110067596e+00,-1.085131148964e+02,3.587215321785e-01,2.639866041034e+00,-1.447968645058e+02,-2.549659232114e-03,8.755973437899e-03,-3.628374960934e+01
"                1550",1.522364064919e-01,2.774753638464e+00,-1.084975592414e+02,1.469878336892e-01,2.785685128476e+00,-1.447815021570e+02,-5.248572802658e-03,1.093149001167e-02,-3.628394291566e+01
"                1551",-5.182227405547e-02,2.950088356825e+00,-1.084941306523e+02,-5.931310211753e-02,2.963711388221e+00,-1.447782781082e+02,-7.490828062057e-03,1.362303139650e-02,-3.628414745599e+01
"                1552",-2.159740275233e-01,3.135704539098e+00,-1.085057992074e+02,-2.250773854430e-01,3.152415486854e+00,-1.447901636043e+02,-9.103357919722e-03,1.671094775537e-02,-3.628436439692e+01
"                1553",-3.330777884099e-01,3.293964153223e+00,-1.085278564523e+02,-3.430852196927e-01,3.313934929843e+00,-1.448124152568e+02,-1.000743128279e-02,1.997077662096e-02,-3.628455880450e+01
"                1554",-4.105627890883e-01,3.430295287863e+00,-1.085546281045e+02,-4.207381010210e-01,3.453486220246e+00,-1.448392879699e+02,-1.017531193266e-02,2.319093238285e-02,-3.628465986540e+01
"                1555",-4.288162294262e-01,3.570989017734e+00,-1.085761314101e+02,-4.384626532347e-01,3.597231101653e+00,-1.448607144371e+02,-9.646423808491e-03,2.624208391859e-02,-3.628458302699e+01
"                1556",-3.777468984047e-01,3.713613905248e+00,-1.085852859101e+02,-3.861774418989e-01,3.742621985266e+00,-1.448696824628e+02,-8.430543494206e-03,2.900808001823e-02,-3.628439655263e+01
"                1557",-2.693066013183e-01,3.872636654076e+00,-1.085804769791e+02,-2.759284690185e-01,3.904035483730e+00,-1.448646196629e+02,-6.621867700197e-03,3.139882965463e-02,-3.628414268387e+01
"                1558",-1.057428192130e-01,4.052426882926e+00,-1.085780026626e+02,-1.100067246076e-01,4.085810815082e+00,-1.448619663362e+02,-4.263905394601e-03,3.338393215535e-02,-3.628396367359e+01
"                1559",9.033004989740e-02,4.233382105097e+00,-1.085891189515e+02,8.882272927385e-02,4.268181183559e+00,-1.448730959915e+02,-1.507320623555e-03,3.479907846173e-02,-3.628397703994e+01
"                1560",3.069239542673e-01,4.370976761285e+00,-1.086154857396e+02,3.084544947208e-01,4.406592953072e+00,-1.448996563034e+02,1.530540453474e-03,3.561619178702e-02,-3.628417056379e+01
"                1561",5.366657246172e-01,4.419750698639e+00,-1.086361257192e+02,5.413943890962e-01,4.455523288426e+00,-1.449204593960e+02,4.728664479045e-03,3.577258978714e-02,-3.628433367681e+01
"                1562",7.653445563723e-01,4.383513946082e+00,-1.086396180018e+02,7.733431680759e-01,4.418684340475e+00,-1.449240178612e+02,7.998611703626e-03,3.517039439284e-02,-3.628439985943e+01
"                1563",9.795335357237e-01,4.311149374871e+00,-1.086157279079e+02,9.907086527317e-01,4.344947310360e+00,-1.448999822404e+02,1.117511700800e-02,3.379793548901e-02,-3.628425433250e+01
"                1564",1.203363793200e+00,4.236609160535e+00,-1.085784897904e+02,1.217482173225e+00,4.268436972784e+00,-1.448625017902e+02,1.411838002530e-02,3.182781224930e-02,-3.628401199976e+01
"                1565",1.471657824539e+00,4.145197397065e+00,-1.085489452244e+02,1.488349952308e+00,4.174575420928e+00,-1.448326822173e+02,1.669212776965e-02,2.937802386256e-02,-3.628373699289e+01
"                1566",1.748453428839e+00,4.005749261754e+00,-1.085328683392e+02,1.767260749245e+00,4.032204762525e+00,-1.448163101749e+02,1.880732040633e-02,2.645550077143e-02,-3.628344183577e+01
"                1567",1.973832502760e+00,3.832979188448e+00,-1.085413580361e+02,1.994219125092e+00,3.856265796671e+00,-1.448245087957e+02,2.038662233219e-02,2.328660822353e-02,-3.628315075965e+01
"                1568",2.088489135741e+00,3.634038342514e+00,-1.085561380340e+02,2.109908648509e+00,3.654097971707e+00,-1.448389601629e+02,2.141951276802e-02,2.005962919340e-02,-3.628282212889e+01
"                1569",2.079772140933e+00,3.449407752712e+00,-1.085620796853e+02,2.101623767410e+00,3.466344549817e+00,-1.448445332840e+02,2.185162647675e-02,1.693679710528e-02,-3.628245359862e+01
"                1570",1.994330077126e+00,3.274796277828e+00,-1.085555866114e+02,2.015929713012e+00,3.288839895240e+00,-1.448377357867e+02,2.159963588579e-02,1.404361741173e-02,-3.628214917524e+01
"                1571",1.871331111293e+00,3.104812540541e+00,-1.085390771402e+02,1.891876233754e+00,3.116315818268e+00,-1.448210341896e+02,2.054512246107e-02,1.150327772722e-02,-3.628195704942e+01
"                1572",1.714135404043e+00,2.947502715569e+00,-1.085223366554e+02,1.732903454567e+00,2.957012364893e+00,-1.448041947358e+02,1.876805052427e-02,9.509649324127e-03,-3.628185808037e+01
"                1573",1.508279226999e+00,2.818984130135e+00,-1.085242459992e+02,1.524591866098e+00,2.827049763712e+00,-1.448060855119e+02,1.631263909883e-02,8.065633576810e-03,-3.628183951263e+01
"                1574",1.261580567652e+00,2.703249375692e+00,-1.085371554370e+02,1.275014843446e+00,2.710401850332e+00,-1.448191236517e+02,1.343427579413e-02,7.152474639868e-03,-3.628196821466e+01
"                1575",1.026651667385e+00,2.629203688883e+00,-1.085559044388e+02,1.036872451940e+00,2.636003506281e+00,-1.448380946760e+02,1.022078455588e-02,6.799817398274e-03,-3.628219023723e+01
"                1576",8.208168837825e-01,2.596257882364e+00,-1.085682106300e+02,8.276378356806e-01,2.603397640372e+00,-1.448506312224e+02,6.820951898069e-03,7.139758007637e-03,-3.628242059239e+01
"                1577",6.610610411621e-01,2.613153940931e+00,-1.085644364541e+02,6.644388334722e-01,2.621288360238e+00,-1.448470746140e+02,3.377792310117e-03,8.134419307671e-03,-3.628263815988e+01
"                1578",4.896485217183e-01,2.678559002127e+00,-1.085449977081e+02,4.896910532179e-01,2.688195999538e+00,-1.448278983478e+02,4.253149959021e-05,9.636997411007e-03,-3.628290063967e+01
"                1579",2.960799525799e-01,2.775860013005e+00,-1.085219906523e+02,2.930015963684e-01,2.787520003241e+00,-1.448052679750e+02,-3.078356211467e-03,1.165999023603e-02,-3.628327732269e+01
"                1580",1.015139440984e-01,2.889306446940e+00,-1.085033795739e+02,9.580983046912e-02,2.903437023300e+00,-1.447871014263e+02,-5.704113629275e-03,1.413057636013e-02,-3.628372185238e+01
"                1581",-7.568796836176e-02,3.022577356783e+00,-1.085012578237e+02,-8.341006547260e-02,3.039554564465e+00,-1.447855492766e+02,-7.722097110839e-03,1.697720768183e-02,-3.628429145289e+01
"                1582",-2.221604916307e-01,3.166252150084e+00,-1.085210155406e+02,-2.311892720801e-01,3.186214987302e+00,-1.448059084012e+02,-9.028780449413e-03,1.996283721786e-02,-3.628489286058e+01
"                1583",-3.208786699087e-01,3.311828303975e+00,-1.085458362651e+02,-3.304989958718e-01,3.334720508207e+00,-1.448311832335e+02,-9.620325963140e-03,2.289220423143e-02,-3.628534696838e+01
"                1584",-3.861426227210e-01,3.459234841572e+00,-1.085652662974e+02,-3.956553013154e-01,3.484902641103e+00,-1.448508348041e+02,-9.512678594390e-03,2.566779953097e-02,-3.628556850671e+01
"                1585",-3.954349843645e-01,3.604821407268e+00,-1.085729761110e+02,-4.042251604929e-01,3.633043273393e+00,-1.448584315877e+02,-8.790176128368e-03,2.822186612441e-02,-3.628545547672e+01
"                1586",-3.443764651480e-01,3.734812902614e+00,-1.085816639201e+02,-3.517869908133e-01,3.765285775907e+00,-1.448668050511e+02,-7.410525665299e-03,3.047287329324e-02,-3.628514113098e+01
"                1587",-2.374790385974e-01,3.859429370062e+00,-1.085909912296e+02,-2.430247546123e-01,3.891810842953e+00,-1.448757993707e+02,-5.545716014851e-03,3.238147289062e-02,-3.628480814108e+01
"                1588",-6.550840355561e-02,3.998272876276e+00,-1.086063873527e+02,-6.871079642320e-02,4.032100385252e+00,-1.448909028312e+02,-3.202392867593e-03,3.382750897576e-02,-3.628451547848e+01
"                1589",1.514135793545e-01,4.127116684000e+00,-1.086249372917e+02,1.509244575598e-01,4.161887742541e+00,-1.449092555779e+02,-4.891217947404e-04,3.477105854045e-02,-3.628431828612e+01
"                1590",3.809659116049e-01,4.206377785547e+00,-1.086455948970e+02,3.835461992548e-01,4.241465640968e+00,-1.449296952850e+02,2.580287649899e-03,3.508785542140e-02,-3.628410038804e+01
"                1591",6.043355868306e-01,4.219478972923e+00,-1.086480918542e+02,6.101996631248e-01,4.254148180670e+00,-1.449319148448e+02,5.864076294223e-03,3.466920774689e-02,-3.628382299065e+01
"                1592",8.227554780782e-01,4.180856807769e+00,-1.086317803788e+02,8.319253786095e-01,4.214422863605e+00,-1.449154006120e+02,9.169900531328e-03,3.356605583640e-02,-3.628362023321e+01
"                1593",1.058289547792e+00,4.118856480341e+00,-1.086005853229e+02,1.070591630008e+00,4.150725593656e+00,-1.448840407240e+02,1.230208221598e-02,3.186911331457e-02,-3.628345540114e+01
"                1594",1.330064165475e+00,4.053338403526e+00,-1.085682978438e+02,1.345221450697e+00,4.082956579159e+00,-1.448516677799e+02,1.515728522196e-02,2.961817563286e-02,-3.628336993612e+01
"                1595",1.621528692842e+00,3.966034348063e+00,-1.085445867578e+02,1.639200811807e+00,3.993035019279e+00,-1.448279755001e+02,1.767211896482e-02,2.700067121625e-02,-3.628338874221e+01
"                1596",1.890554413952e+00,3.844006033346e+00,-1.085348601335e+02,1.910290411360e+00,3.868158955971e+00,-1.448183010064e+02,1.973599740822e-02,2.415292262545e-02,-3.628344087289e+01
"                1597",2.070595651546e+00,3.674066284408e+00,-1.085437195437e+02,2.091858016220e+00,3.695305681410e+00,-1.448272112729e+02,2.126236467393e-02,2.123939700161e-02,-3.628349172920e+01
"                1598",2.138039677580e+00,3.465504064207e+00,-1.085531544853e+02,2.160235039253e+00,3.483873738932e+00,-1.448365621575e+02,2.219536167262e-02,1.836967472501e-02,-3.628340767220e+01
"                1599",2.099786528279e+00,3.261121912582e+00,-1.085556109098e+02,2.122230931802e+00,3.276844471948e+00,-1.448388357367e+02,2.244440352315e-02,1.572255936538e-02,-3.628322482699e+01
"                1600",1.999338188736e+00,3.078793644080e+00,-1.085478337161e+02,2.021265715458e+00,3.092210686260e+00,-1.448308306027e+02,2.192752672198e-02,1.341704218038e-02,-3.628299688657e+01
"                1601",1.857671875858e+00,2.935082278091e+00,-1.085446325051e+02,1.878270326893e+00,2.946571815815e+00,-1.448273291260e+02,2.059845103446e-02,1.148953772471e-02,-3.628269662093e+01
"                1602",1.669480747998e+00,2.838875868098e+00,-1.085443385880e+02,1.688059317057e+00,2.848906946054e+00,-1.448266910555e+02,1.857856905819e-02,1.003107795506e-02,-3.628235246744e+01
"                1603",1.437244869749e+00,2.767816868039e+00,-1.085519459641e+02,1.453175667384e+00,2.776830621729e+00,-1.448339499363e+02,1.593079763520e-02,9.013753690263e-03,-3.628200397220e+01
"                1604",1.171913205177e+00,2.707487305068e+00,-1.085658212003e+02,1.184811394611e+00,2.715999983134e+00,-1.448475312705e+02,1.289818943349e-02,8.512678065510e-03,-3.628171007017e+01
"                1605",9.190600431252e-01,2.678126840830e+00,-1.085801176108e+02,9.286030297102e-01,2.686766349454e+00,-1.448616642704e+02,9.542986585017e-03,8.639508623451e-03,-3.628154665962e+01
"                1606",7.003818842568e-01,2.667789655071e+00,-1.085743156235e+02,7.064172591654e-01,2.677131614021e+00,-1.448559177444e+02,6.035374908533e-03,9.341958950292e-03,-3.628160212100e+01
"                1607",5.306432856988e-01,2.690459511678e+00,-1.085552806383e+02,5.331485908934e-01,2.701045128245e+00,-1.448372443898e+02,2.505305194606e-03,1.058561656739e-02,-3.628196375143e+01
"                1608",3.758475425906e-01,2.741733045143e+00,-1.085279631478e+02,3.750040388254e-01,2.754123278543e+00,-1.448105388429e+02,-8.435037651797e-04,1.239023340077e-02,-3.628257569501e+01
"                1609",2.039212274098e-01,2.803840295167e+00,-1.085060914879e+02,2.001090978029e-01,2.818433961653e+00,-1.447895002754e+02,-3.812129606884e-03,1.459366648621e-02,-3.628340878753e+01
"                1610",1.907234500143e-02,2.875832336545e+00,-1.084956135724e+02,1.286268862692e-02,2.892844212264e+00,-1.447799943547e+02,-6.209656374513e-03,1.701187571810e-02,-3.628438078225e+01
"                1611",-1.564301381648e-01,2.977647797421e+00,-1.084988392007e+02,-1.643543089856e-01,2.997216852299e+00,-1.447842258076e+02,-7.924170820843e-03,1.956905487797e-02,-3.628538660684e+01
"                1612",-2.864557256933e-01,3.114794889190e+00,-1.085115730191e+02,-2.953969900066e-01,3.136919271807e+00,-1.447977773187e+02,-8.941264313272e-03,2.212438261749e-02,-3.628620429959e+01
"                1613",-3.631717984696e-01,3.272758084270e+00,-1.085233369908e+02,-3.724885208172e-01,3.297295373286e+00,-1.448100723263e+02,-9.316722347564e-03,2.453728901650e-02,-3.628673533548e+01
"                1614",-4.202222489517e-01,3.419967598731e+00,-1.085393743535e+02,-4.292430746798e-01,3.446777368721e+00,-1.448262102457e+02,-9.020825728036e-03,2.680976998905e-02,-3.628683589214e+01
"                1615",-4.351198339714e-01,3.533330664372e+00,-1.085616675639e+02,-4.432818465108e-01,3.562195908478e+00,-1.448482140472e+02,-8.162012539349e-03,2.886524410600e-02,-3.628654648331e+01
"                1616",-3.846807974617e-01,3.614492575734e+00,-1.085901294995e+02,-3.914359379230e-01,3.645082678843e+00,-1.448761534828e+02,-6.755140461268e-03,3.059010310991e-02,-3.628602398328e+01
"                1617",-2.416782817778e-01,3.693685792871e+00,-1.086099809686e+02,-2.465692272033e-01,3.725686668279e+00,-1.448953883109e+02,-4.890945425520e-03,3.200087540709e-02,-3.628540734230e+01
"                1618",-4.468598099234e-02,3.778355773720e+00,-1.086298151879e+02,-4.719420330346e-02,3.811294325801e+00,-1.449144693649e+02,-2.508222311119e-03,3.293855208132e-02,-3.628465417699e+01
"                1619",1.776048286473e-01,3.859075587232e+00,-1.086383151736e+02,1.779218396310e-01,3.892372580104e+00,-1.449222420762e+02,3.170109836573e-04,3.329699287198e-02,-3.628392690259e+01
"                1620",3.976339986952e-01,3.917790632772e+00,-1.086388265985e+02,4.011229285327e-01,3.950866839083e+00,-1.449221682069e+02,3.488929837579e-03,3.307620631108e-02,-3.628334160844e+01
"                1621",6.214958544675e-01,3.929304276518e+00,-1.086268424547e+02,6.283027864243e-01,3.961615074060e+00,-1.449098556474e+02,6.806931956878e-03,3.231079754204e-02,-3.628301319272e+01
"                1622",8.699392758440e-01,3.899047713949e+00,-1.086057806862e+02,8.800005293895e-01,3.929990219279e+00,-1.448887467349e+02,1.006125354546e-02,3.094250532998e-02,-3.628296604873e+01
"                1623",1.139219934918e+00,3.847707179942e+00,-1.085768990571e+02,1.152379952409e+00,3.876741140310e+00,-1.448600310399e+02,1.316001749019e-02,2.903396036810e-02,-3.628313198273e+01
"                1624",1.416144308352e+00,3.793748441162e+00,-1.085509074231e+02,1.432127753854e+00,3.820539429936e+00,-1.448344021108e+02,1.598344550242e-02,2.679098877389e-02,-3.628349468766e+01
"                1625",1.680027433959e+00,3.719543390053e+00,-1.085298610714e+02,1.698477495795e+00,3.743927169171e+00,-1.448138364920e+02,1.845006183516e-02,2.438377911878e-02,-3.628397542069e+01
"                1626",1.903431673802e+00,3.599895354558e+00,-1.085188068864e+02,1.923879164093e+00,3.621781344864e+00,-1.448031848535e+02,2.044749029085e-02,2.188599030581e-02,-3.628437796715e+01
"                1627",2.049622280937e+00,3.411943071123e+00,-1.085212214566e+02,2.071455544438e+00,3.431372247828e+00,-1.448058501045e+02,2.183326350154e-02,1.942917670452e-02,-3.628462864788e+01
"                1628",2.107774193702e+00,3.191666449166e+00,-1.085298643737e+02,2.130304229653e+00,3.208827141973e+00,-1.448145143166e+02,2.253003595047e-02,1.716069280669e-02,-3.628464994286e+01
"                1629",2.063247145523e+00,3.003375329490e+00,-1.085418319172e+02,2.085759272458e+00,3.018512179394e+00,-1.448262198611e+02,2.251212693526e-02,1.513684990438e-02,-3.628438794382e+01
"                1630",1.929480155123e+00,2.868202795116e+00,-1.085504718146e+02,1.951197612743e+00,2.881600367970e+00,-1.448343516777e+02,2.171745762024e-02,1.339757285461e-02,-3.628387986315e+01
"                1631",1.743873214038e+00,2.782985865843e+00,-1.085558349976e+02,1.764030776041e+00,2.794931026634e+00,-1.448389875409e+02,2.015756200325e-02,1.194516079080e-02,-3.628315254326e+01
"                1632",1.521428588675e+00,2.747560027360e+00,-1.085571993767e+02,1.539364364457e+00,2.758465983627e+00,-1.448394359103e+02,1.793577578231e-02,1.090595626713e-02,-3.628223653356e+01
"                1633",1.269489534305e+00,2.736671788968e+00,-1.085640317224e+02,1.284604843298e+00,2.747064038272e+00,-1.448453556148e+02,1.511530899364e-02,1.039224930418e-02,-3.628132389236e+01
"                1634",9.972939737425e-01,2.732801165734e+00,-1.085667365306e+02,1.009206380160e+00,2.743147090373e+00,-1.448474017275e+02,1.191240641767e-02,1.034592463877e-02,-3.628066519688e+01
"                1635",7.465837003446e-01,2.723356541058e+00,-1.085637796992e+02,7.549938551294e-01,2.734124219947e+00,-1.448443157951e+02,8.410154784860e-03,1.076767888863e-02,-3.628053609592e+01
"                1636",5.483865431703e-01,2.692868192218e+00,-1.085435801422e+02,5.532144563455e-01,2.704631524358e+00,-1.448244830639e+02,4.827913175162e-03,1.176333213977e-02,-3.628090292170e+01
"                1637",3.933708091221e-01,2.674538341329e+00,-1.085161689993e+02,3.947208900431e-01,2.687780189473e+00,-1.447978771245e+02,1.350080920978e-03,1.324184814466e-02,-3.628170812515e+01
"                1638",2.513902060640e-01,2.686543010002e+00,-1.084921677611e+02,2.495364453622e-01,2.701595890860e+00,-1.447750765028e+02,-1.853760701877e-03,1.505288085797e-02,-3.628290874170e+01
"                1639",7.938765886016e-02,2.723944276688e+00,-1.084781925860e+02,7.482780860649e-02,2.740956184033e+00,-1.447624473647e+02,-4.559850253671e-03,1.701190734525e-02,-3.628425477868e+01
"                1640",-1.024369749405e-01,2.794218105625e+00,-1.084681725023e+02,-1.091439251073e-01,2.813224329466e+00,-1.447538124687e+02,-6.706950166778e-03,1.900622384079e-02,-3.628563996643e+01
"                1641",-2.640228643178e-01,2.902200048559e+00,-1.084605597965e+02,-2.722017285774e-01,2.923281092956e+00,-1.447474001263e+02,-8.178864259550e-03,2.108104439784e-02,-3.628684032978e+01
"                1642",-3.824180460249e-01,3.035001536074e+00,-1.084647666483e+02,-3.914254573763e-01,3.058098962674e+00,-1.447523982822e+02,-9.007411351394e-03,2.309742659996e-02,-3.628763163386e+01
"                1643",-4.609547345150e-01,3.161271646797e+00,-1.084904682897e+02,-4.701814361671e-01,3.186252302485e+00,-1.447784527095e+02,-9.226701652126e-03,2.498065568737e-02,-3.628798441976e+01
"                1644",-5.112764926166e-01,3.266029134814e+00,-1.085289860769e+02,-5.201528923909e-01,3.292735133697e+00,-1.448167906163e+02,-8.876399774238e-03,2.670599888321e-02,-3.628780453937e+01
"                1645",-5.020337786192e-01,3.339125294728e+00,-1.085686794916e+02,-5.100165981008e-01,3.367344466029e+00,-1.448558345522e+02,-7.982819481626e-03,2.821917130119e-02,-3.628715506066e+01
"                1646",-4.215265623166e-01,3.367153199541e+00,-1.086044538264e+02,-4.280543173304e-01,3.396604260114e+00,-1.448905410205e+02,-6.527755013778e-03,2.945106057332e-02,-3.628608719413e+01
"                1647",-2.651226558626e-01,3.389487784973e+00,-1.086277359321e+02,-2.696460952044e-01,3.419778375132e+00,-1.449125562107e+02,-4.523439341762e-03,3.029059015912e-02,-3.628482027866e+01
"                1648",-5.951929534353e-02,3.439997367421e+00,-1.086332233899e+02,-6.149607844974e-02,3.470610036794e+00,-1.449167524776e+02,-1.976783106207e-03,3.061266937262e-02,-3.628352908773e+01
"                1649",1.679970599274e-01,3.507370241856e+00,-1.086272954213e+02,1.689652732389e-01,3.537919655830e+00,-1.449098753229e+02,9.682133114463e-04,3.054941397424e-02,-3.628257990166e+01
"                1650",4.189066511620e-01,3.566411008190e+00,-1.086189583522e+02,4.230959396695e-01,3.596474714901e+00,-1.449010187396e+02,4.189288507507e-03,3.006370671146e-02,-3.628206038740e+01
"                1651",6.669903349744e-01,3.585601496744e+00,-1.086032694052e+02,6.745194598481e-01,3.614660325522e+00,-1.448853283767e+02,7.529124873759e-03,2.905882877818e-02,-3.628205897150e+01
"                1652",9.178884026373e-01,3.576111456867e+00,-1.085818673673e+02,9.286874885128e-01,3.603732147285e+00,-1.448643460102e+02,1.079908587552e-02,2.762069041759e-02,-3.628247864292e+01
"                1653",1.171682572725e+00,3.542862102038e+00,-1.085541631303e+02,1.185591564185e+00,3.568749160853e+00,-1.448373357620e+02,1.390899146045e-02,2.588705881499e-02,-3.628317263174e+01
"                1654",1.419947388322e+00,3.489411792336e+00,-1.085306489673e+02,1.436667894801e+00,3.513391726798e+00,-1.448147000060e+02,1.672050647929e-02,2.397993446239e-02,-3.628405103872e+01
"                1655",1.658236942868e+00,3.404611603784e+00,-1.085098170089e+02,1.677320852166e+00,3.426630160526e+00,-1.447947116386e+02,1.908390929764e-02,2.201855674235e-02,-3.628489462962e+01
"                1656",1.864576247259e+00,3.277019834500e+00,-1.084986105376e+02,1.885440394029e+00,3.297112916574e+00,-1.447841635891e+02,2.086414676965e-02,2.009308207336e-02,-3.628555305149e+01
"                1657",1.996946530313e+00,3.098566352399e+00,-1.085041484782e+02,2.018944924309e+00,3.116845263910e+00,-1.447899818173e+02,2.199839399616e-02,1.827891151135e-02,-3.628583333913e+01
"                1658",2.019427204882e+00,2.920992237614e+00,-1.085265993171e+02,2.041849955708e+00,2.937627438605e+00,-1.448122318309e+02,2.242275082582e-02,1.663520099095e-02,-3.628563251377e+01
"                1659",1.929821138530e+00,2.786943281085e+00,-1.085493099495e+02,1.951968450053e+00,2.802081211441e+00,-1.448342612299e+02,2.214731152283e-02,1.513793035632e-02,-3.628495128039e+01
"                1660",1.769486204092e+00,2.708591302926e+00,-1.085582870101e+02,1.790628060974e+00,2.722385078626e+00,-1.448421444031e+02,2.114185688104e-02,1.379377570016e-02,-3.628385739305e+01
"                1661",1.560787482533e+00,2.688491725130e+00,-1.085645599985e+02,1.580178066396e+00,2.701346149791e+00,-1.448470472618e+02,1.939058386304e-02,1.285442466087e-02,-3.628248726336e+01
"                1662",1.324717614821e+00,2.726792181561e+00,-1.085673872052e+02,1.341649483822e+00,2.739111242300e+00,-1.448484750635e+02,1.693186900128e-02,1.231906073874e-02,-3.628108785827e+01
"                1663",1.056429488854e+00,2.761011796073e+00,-1.085602466346e+02,1.070356160884e+00,2.773151386992e+00,-1.448403246182e+02,1.392667202939e-02,1.213959091906e-02,-3.628007798353e+01
"                1664",7.872800998220e-01,2.758849143173e+00,-1.085460498123e+02,7.978295921443e-01,2.771255653716e+00,-1.448256647596e+02,1.054949232225e-02,1.240651054296e-02,-3.627961494729e+01
"                1665",5.631747766627e-01,2.710420288963e+00,-1.085272204543e+02,5.701770156566e-01,2.723526373888e+00,-1.448071040385e+02,7.002238993831e-03,1.310608492494e-02,-3.627988358415e+01
"                1666",3.954025103572e-01,2.628925845272e+00,-1.085054313376e+02,3.989020130476e-01,2.643120113235e+00,-1.447862725873e+02,3.499502690337e-03,1.419426796310e-02,-3.628084124969e+01
"                1667",2.524803896005e-01,2.575562831633e+00,-1.084834707432e+02,2.526814026900e-01,2.591066961507e+00,-1.447657664006e+02,2.010130895502e-04,1.550412987465e-02,-3.628229565746e+01
"                1668",1.130579862061e-01,2.582622945368e+00,-1.084587900389e+02,1.102846985869e-01,2.599551497421e+00,-1.447428270115e+02,-2.773287619171e-03,1.692855205225e-02,-3.628403697262e+01
"                1669",-5.978081521147e-02,2.629874241088e+00,-1.084347741540e+02,-6.504512228826e-02,2.648270138243e+00,-1.447205323572e+02,-5.264307076790e-03,1.839589715441e-02,-3.628575820321e+01
"                1670",-2.299671276274e-01,2.705080782365e+00,-1.084126835880e+02,-2.372146656739e-01,2.724930827169e+00,-1.446999486411e+02,-7.247538046497e-03,1.985004480359e-02,-3.628726505307e+01
"                1671",-3.824912174846e-01,2.783945578127e+00,-1.084109467041e+02,-3.910416763881e-01,2.805319661479e+00,-1.446993294966e+02,-8.550458903479e-03,2.137408335257e-02,-3.628838279245e+01
"                1672",-4.983722382225e-01,2.861484617321e+00,-1.084373674829e+02,-5.076769688235e-01,2.884331280283e+00,-1.447263503787e+02,-9.304730600964e-03,2.284666296188e-02,-3.628898289574e+01
"                1673",-5.591854395844e-01,2.937580821617e+00,-1.084912679882e+02,-5.686843581540e-01,2.961746885092e+00,-1.447802865355e+02,-9.498918569583e-03,2.416606347546e-02,-3.628901854724e+01
"                1674",-5.749012289591e-01,2.992504981914e+00,-1.085434589732e+02,-5.840201452593e-01,3.017881954578e+00,-1.448317540517e+02,-9.118916300186e-03,2.537697266407e-02,-3.628829507855e+01
"                1675",-5.338989551311e-01,3.004210864728e+00,-1.085836783249e+02,-5.419580911374e-01,3.030534422829e+00,-1.448705915760e+02,-8.059136006288e-03,2.632355810083e-02,-3.628691325103e+01
"                1676",-4.408758226460e-01,2.991639120811e+00,-1.086092415585e+02,-4.472870831379e-01,3.018563979564e+00,-1.448944077880e+02,-6.411260491832e-03,2.692485875285e-02,-3.628516622954e+01
"                1677",-2.707352976402e-01,2.996431650903e+00,-1.086184673847e+02,-2.749466470025e-01,3.023698090870e+00,-1.449019092720e+02,-4.211349362330e-03,2.726643996703e-02,-3.628344188730e+01
"                1678",-3.052439846061e-02,3.042615830536e+00,-1.086157437215e+02,-3.207396666497e-02,3.069864913050e+00,-1.448978096596e+02,-1.549568204358e-03,2.724908251419e-02,-3.628206593814e+01
"                1679",2.310924988171e-01,3.111029710164e+00,-1.086078892651e+02,2.325798508919e-01,3.137922182455e+00,-1.448891862168e+02,1.487352074722e-03,2.689247229142e-02,-3.628129695174e+01
"                1680",4.949864512088e-01,3.182311027645e+00,-1.085977674683e+02,4.997785595860e-01,3.208617061292e+00,-1.448789626777e+02,4.792108377147e-03,2.630603364730e-02,-3.628119520942e+01
"                1681",7.321202633940e-01,3.218160697930e+00,-1.085813826717e+02,7.403289059840e-01,3.243597192059e+00,-1.448631128950e+02,8.208642590028e-03,2.543649412880e-02,-3.628173022329e+01
"                1682",9.482753422708e-01,3.216594082808e+00,-1.085573562737e+02,9.597852811986e-01,3.240904789528e+00,-1.448400738501e+02,1.150993892781e-02,2.431070671974e-02,-3.628271757645e+01
"                1683",1.170180647479e+00,3.181690563036e+00,-1.085304168086e+02,1.184757759339e+00,3.204688644688e+00,-1.448143385927e+02,1.457711186029e-02,2.299808165215e-02,-3.628392178405e+01
"                1684",1.404824685425e+00,3.121737355923e+00,-1.085040072407e+02,1.422053943257e+00,3.143380363916e+00,-1.447891897065e+02,1.722925783211e-02,2.164300799372e-02,-3.628518246582e+01
"                1685",1.634494133380e+00,3.049931067886e+00,-1.084842126632e+02,1.653852736328e+00,3.070253235783e+00,-1.447704146039e+02,1.935860294856e-02,2.032216789687e-02,-3.628620194067e+01
"                1686",1.819514064466e+00,2.961475977858e+00,-1.084836189323e+02,1.840411389024e+00,2.980504657084e+00,-1.447703723527e+02,2.089732455738e-02,1.902867922646e-02,-3.628675342038e+01
"                1687",1.908299483726e+00,2.840076191214e+00,-1.084989569761e+02,1.930106638197e+00,2.857850643683e+00,-1.447856370875e+02,2.180715447121e-02,1.777445246926e-02,-3.628668011138e+01
"                1688",1.904711542764e+00,2.722661582106e+00,-1.085267189261e+02,1.926749595140e+00,2.739258366125e+00,-1.448126689907e+02,2.203805237601e-02,1.659678401825e-02,-3.628595006461e+01
"                1689",1.789654171611e+00,2.641088050112e+00,-1.085542519033e+02,1.811232843477e+00,2.656672083893e+00,-1.448388536135e+02,2.157867186586e-02,1.558403378110e-02,-3.628460171021e+01
"                1690",1.597759461983e+00,2.621651868121e+00,-1.085623511961e+02,1.618109577649e+00,2.636462742113e+00,-1.448452067069e+02,2.035011566651e-02,1.481087399228e-02,-3.628285551081e+01
"                1691",1.366780604425e+00,2.668208028174e+00,-1.085589179532e+02,1.385170092719e+00,2.682499338985e+00,-1.448400349744e+02,1.838948829430e-02,1.429131081154e-02,-3.628111702120e+01
"                1692",1.125365793652e+00,2.732285208928e+00,-1.085503753189e+02,1.141071510562e+00,2.746383221955e+00,-1.448300604200e+02,1.570571690962e-02,1.409801302768e-02,-3.627968510108e+01
"                1693",8.729168559583e-01,2.740413478310e+00,-1.085313932452e+02,8.855019945831e-01,2.754690605614e+00,-1.448102966600e+02,1.258513862484e-02,1.427712730339e-02,-3.627890341483e+01
"                1694",6.331850873001e-01,2.685270984144e+00,-1.085130462873e+02,6.423995824963e-01,2.700017865271e+00,-1.447919370217e+02,9.214495196174e-03,1.474688112704e-02,-3.627889073449e+01
"                1695",4.332340767080e-01,2.589677669773e+00,-1.084950780334e+02,4.390042740882e-01,2.605040984513e+00,-1.447748190693e+02,5.770197380243e-03,1.536331474020e-02,-3.627974103592e+01
"                1696",2.804799982883e-01,2.497717816103e+00,-1.084725747707e+02,2.829141932989e-01,2.513831539906e+00,-1.447538171005e+02,2.434195010663e-03,1.611372380294e-02,-3.628124232978e+01
"                1697",1.442901057743e-01,2.454064193265e+00,-1.084402478189e+02,1.435824583927e-01,2.470990998825e+00,-1.447233729539e+02,-7.076473815976e-04,1.692680556021e-02,-3.628312513505e+01
"                1698",-6.228441058909e-04,2.469958148601e+00,-1.084020448442e+02,-4.181495352136e-03,2.487755417288e+00,-1.446871485382e+02,-3.558651246246e-03,1.779726868655e-02,-3.628510369397e+01
"                1699",-1.737328740311e-01,2.505207928026e+00,-1.083765603202e+02,-1.796847118029e-01,2.523894939569e+00,-1.446634352910e+02,-5.951837771771e-03,1.868701154319e-02,-3.628687497078e+01
"                1700",-3.513038180920e-01,2.532545363705e+00,-1.083746405188e+02,-3.591553977431e-01,2.552155713896e+00,-1.446629548162e+02,-7.851579651149e-03,1.961035019083e-02,-3.628831429740e+01
"                1701",-4.887440494004e-01,2.545474072633e+00,-1.084010997615e+02,-4.978827318166e-01,2.566021366666e+00,-1.446903320390e+02,-9.138682416209e-03,2.054729403300e-02,-3.628923227744e+01
"                1702",-5.625637534591e-01,2.566872458682e+00,-1.084473644631e+02,-5.724416096434e-01,2.588334387153e+00,-1.447367751594e+02,-9.877856184278e-03,2.146192847076e-02,-3.628941069627e+01
"                1703",-5.908810074144e-01,2.586888989605e+00,-1.085127587587e+02,-6.008301779101e-01,2.609106156498e+00,-1.448015115799e+02,-9.949170495747e-03,2.221716689371e-02,-3.628875282127e+01
"                1704",-5.836720566473e-01,2.594049795507e+00,-1.085583119224e+02,-5.930375267668e-01,2.616832337230e+00,-1.448455550195e+02,-9.365470119523e-03,2.278254172303e-02,-3.628724309707e+01
"                1705",-5.310269616211e-01,2.582104561868e+00,-1.085833193072e+02,-5.390971284370e-01,2.605251041975e+00,-1.448685895813e+02,-8.070166815937e-03,2.314648010652e-02,-3.628527027411e+01
"                1706",-3.980963558588e-01,2.568453373417e+00,-1.086009363270e+02,-4.043517350446e-01,2.591828197602e+00,-1.448842304370e+02,-6.255379185851e-03,2.337482418481e-02,-3.628329411004e+01
"                1707",-1.721153795688e-01,2.574700579307e+00,-1.086105355069e+02,-1.760279516163e-01,2.598079287055e+00,-1.448921315373e+02,-3.912572047528e-03,2.337870774747e-02,-3.628159603040e+01
"                1708",1.026046314273e-01,2.627360793998e+00,-1.086100901754e+02,1.015031432130e-01,2.650519886259e+00,-1.448906245344e+02,-1.101488214269e-03,2.315909226170e-02,-3.628053435899e+01
"                1709",3.614792249223e-01,2.711828987395e+00,-1.086060075717e+02,3.635591450373e-01,2.734669772001e+00,-1.448862394504e+02,2.079920115044e-03,2.284078460542e-02,-3.628023187863e+01
"                1710",5.778048946785e-01,2.794889700662e+00,-1.085942216317e+02,5.832838851559e-01,2.817377347818e+00,-1.448749354957e+02,5.478990477431e-03,2.248764715588e-02,-3.628071386397e+01
"                1711",7.686299524091e-01,2.827299050947e+00,-1.085687667717e+02,7.775579955642e-01,2.849293466138e+00,-1.448505733966e+02,8.928043155108e-03,2.199441519147e-02,-3.628180662491e+01
"                1712",9.684503034423e-01,2.821467406961e+00,-1.085357090508e+02,9.806231962586e-01,2.842836793095e+00,-1.448189944751e+02,1.217289281638e-02,2.136938613397e-02,-3.628328542429e+01
"                1713",1.206724460211e+00,2.796419230627e+00,-1.085018383846e+02,1.221803028141e+00,2.817105013204e+00,-1.447866877055e+02,1.507856792997e-02,2.068578257726e-02,-3.628484932086e+01
"                1714",1.437774950874e+00,2.775563350588e+00,-1.084803029590e+02,1.455310116966e+00,2.795528804057e+00,-1.447665282106e+02,1.753516609206e-02,1.996545346834e-02,-3.628622525163e+01
"                1715",1.632223879329e+00,2.765893877682e+00,-1.084778654421e+02,1.651684692680e+00,2.785145286969e+00,-1.447649702561e+02,1.946081335111e-02,1.925140928707e-02,-3.628710481402e+01
"                1716",1.776320161051e+00,2.738486138494e+00,-1.084927506149e+02,1.797137638257e+00,2.756950790627e+00,-1.447800524898e+02,2.081747720598e-02,1.846465213265e-02,-3.628730187488e+01
"                1717",1.834559194785e+00,2.670718378266e+00,-1.085168504343e+02,1.856121238854e+00,2.688396240942e+00,-1.448035004025e+02,2.156204406880e-02,1.767786267569e-02,-3.628664996818e+01
"                1718",1.802282966422e+00,2.609342616423e+00,-1.085525558125e+02,1.823910191845e+00,2.626418400788e+00,-1.448378049567e+02,2.162722542208e-02,1.707578436520e-02,-3.628524914417e+01
"                1719",1.664901528531e+00,2.580622495921e+00,-1.085764283838e+02,1.685845279524e+00,2.597159301954e+00,-1.448598244020e+02,2.094375099267e-02,1.653680603249e-02,-3.628339601823e+01
"                1720",1.460473436685e+00,2.600955812526e+00,-1.085709257932e+02,1.479962028680e+00,2.617077688012e+00,-1.448524659569e+02,1.948859199468e-02,1.612187548593e-02,-3.628154016365e+01
"                1721",1.224851733327e+00,2.639571700907e+00,-1.085484812181e+02,1.242221872974e+00,2.655558768799e+00,-1.448284274233e+02,1.737013964641e-02,1.598706789250e-02,-3.627994620516e+01
"                1722",1.000444730103e+00,2.660191464441e+00,-1.085276216047e+02,1.015067505022e+00,2.676262576757e+00,-1.448064956138e+02,1.462277491957e-02,1.607111231575e-02,-3.627887400905e+01
"                1723",7.789630480763e-01,2.624124017478e+00,-1.085107934193e+02,7.905339193082e-01,2.640401189179e+00,-1.447894072290e+02,1.157087123187e-02,1.627717170117e-02,-3.627861380970e+01
"                1724",5.685585953126e-01,2.546609154891e+00,-1.085011310973e+02,5.768695141578e-01,2.563120493589e+00,-1.447803067927e+02,8.310918845247e-03,1.651133869869e-02,-3.627917569532e+01
"                1725",3.920092245686e-01,2.449334729283e+00,-1.084782136568e+02,3.970096194040e-01,2.466021868327e+00,-1.447587353982e+02,5.000394835385e-03,1.668713904365e-02,-3.628052174141e+01
"                1726",2.363156224949e-01,2.361635673665e+00,-1.084373858942e+02,2.380560812819e-01,2.378525774062e+00,-1.447197854450e+02,1.740458786963e-03,1.689010039732e-02,-3.628239955074e+01
"                1727",8.711457688850e-02,2.307778872343e+00,-1.083928567056e+02,8.576207995930e-02,2.324883795466e+00,-1.446773361340e+02,-1.352496929197e-03,1.710492312288e-02,-3.628447942847e+01
"                1728",-7.173994894663e-02,2.290604767194e+00,-1.083677003770e+02,-7.589366950327e-02,2.308007733342e+00,-1.446542070687e+02,-4.153720556638e-03,1.740296614827e-02,-3.628650669162e+01
"                1729",-2.387996291296e-01,2.273887865605e+00,-1.083658808769e+02,-2.453628617430e-01,2.291584499804e+00,-1.446541102573e+02,-6.563232613393e-03,1.769663419912e-02,-3.628822938040e+01
"                1730",-3.849298046123e-01,2.249228810370e+00,-1.083882696737e+02,-3.934137071863e-01,2.267278546921e+00,-1.446777322885e+02,-8.483902573965e-03,1.804973655032e-02,-3.628946261476e+01
"                1731",-4.919453732448e-01,2.200539584799e+00,-1.084308287860e+02,-5.016549005871e-01,2.218963560678e+00,-1.447206842999e+02,-9.709527342366e-03,1.842397587839e-02,-3.628985551390e+01
"                1732",-5.455143850043e-01,2.170456001467e+00,-1.084766311272e+02,-5.557947948454e-01,2.189147038597e+00,-1.447659149785e+02,-1.028040984119e-02,1.869103713046e-02,-3.628928385139e+01
"                1733",-5.611827226830e-01,2.169582166789e+00,-1.085271525957e+02,-5.713246977891e-01,2.188379594572e+00,-1.448151042132e+02,-1.014197510611e-02,1.879742778365e-02,-3.628795161746e+01
"                1734",-5.191173234009e-01,2.166442105569e+00,-1.085584480372e+02,-5.284638648881e-01,2.185346954006e+00,-1.448445012368e+02,-9.346541487209e-03,1.890484843680e-02,-3.628605319959e+01
"                1735",-4.241227079674e-01,2.156885950883e+00,-1.085813223545e+02,-4.320253212603e-01,2.175813076582e+00,-1.448653144120e+02,-7.902613292877e-03,1.892712569910e-02,-3.628399205749e+01
"                1736",-2.555278173668e-01,2.161589240670e+00,-1.085986646925e+02,-2.614530773228e-01,2.180498387284e+00,-1.448808561286e+02,-5.925259955970e-03,1.890914661380e-02,-3.628219143609e+01
"                1737",-2.302522950544e-02,2.201690375078e+00,-1.086115039399e+02,-2.642878840442e-02,2.220560764372e+00,-1.448923831797e+02,-3.403558898981e-03,1.887038929363e-02,-3.628087923986e+01
"                1738",2.261874791993e-01,2.276287969617e+00,-1.086090623375e+02,2.257502360148e-01,2.295135257777e+00,-1.448894024863e+02,-4.372431845012e-04,1.884728815993e-02,-3.628034014878e+01
"                1739",4.563864675705e-01,2.360814899060e+00,-1.085928002769e+02,4.592536003760e-01,2.379715285229e+00,-1.448733574953e+02,2.867132805531e-03,1.890038616822e-02,-3.628055721837e+01
"                1740",6.591422643547e-01,2.420250429640e+00,-1.085606379290e+02,6.654560788852e-01,2.439272607944e+00,-1.448421346204e+02,6.313814530466e-03,1.902217830344e-02,-3.628149669135e+01
"                1741",8.481458842959e-01,2.449816835536e+00,-1.085220574282e+02,8.578191251141e-01,2.468972052991e+00,-1.448050803578e+02,9.673240818243e-03,1.915521745481e-02,-3.628302292962e+01
"                1742",1.049372607845e+00,2.474288877201e+00,-1.084919073620e+02,1.062154355417e+00,2.493495732233e+00,-1.447766329823e+02,1.278174757271e-02,1.920685503245e-02,-3.628472562038e+01
"                1743",1.263650370233e+00,2.508933089926e+00,-1.084767987661e+02,1.279150079639e+00,2.528094511114e+00,-1.447630855032e+02,1.549970940553e-02,1.916142118790e-02,-3.628628673703e+01
"                1744",1.458315642954e+00,2.546479967852e+00,-1.084708903928e+02,1.476093061776e+00,2.565486289190e+00,-1.447582836456e+02,1.777741882227e-02,1.900632133820e-02,-3.628739325281e+01
"                1745",1.634204989235e+00,2.591515493187e+00,-1.084754173155e+02,1.653743367474e+00,2.610283782690e+00,-1.447631604984e+02,1.953837823946e-02,1.876828950289e-02,-3.628774318293e+01
"                1746",1.749870441497e+00,2.614078204537e+00,-1.085004310373e+02,1.770623320380e+00,2.632621182796e+00,-1.447877177484e+02,2.075287888298e-02,1.854297825911e-02,-3.628728671117e+01
"                1747",1.775550856031e+00,2.600809482241e+00,-1.085220120583e+02,1.796863934835e+00,2.619116203324e+00,-1.448080991821e+02,2.131307880335e-02,1.830672108307e-02,-3.628608712381e+01
"                1748",1.713736857377e+00,2.584142669379e+00,-1.085383574231e+02,1.734917981915e+00,2.602227883831e+00,-1.448228526205e+02,2.118112453819e-02,1.808521445241e-02,-3.628449519733e+01
"                1749",1.570648121796e+00,2.557413294937e+00,-1.085482286679e+02,1.590967073055e+00,2.575328029521e+00,-1.448309224750e+02,2.031895125827e-02,1.791473458424e-02,-3.628269380718e+01
"                1750",1.376188199338e+00,2.544080664471e+00,-1.085432912819e+02,1.394958604102e+00,2.561930226056e+00,-1.448243410242e+02,1.877040476355e-02,1.784956158502e-02,-3.628104974222e+01
"                1751",1.158680937537e+00,2.540055067924e+00,-1.085319523409e+02,1.175304970775e+00,2.557893785592e+00,-1.448117775341e+02,1.662403323770e-02,1.783871766838e-02,-3.627982519325e+01
"                1752",9.475301753139e-01,2.527434150614e+00,-1.085190685866e+02,9.614717507543e-01,2.545208254072e+00,-1.447982874229e+02,1.394157544048e-02,1.777410345743e-02,-3.627921883635e+01
"                1753",7.392929242586e-01,2.489715859525e+00,-1.084967241242e+02,7.502834413207e-01,2.507319982361e+00,-1.447760963137e+02,1.099051706205e-02,1.760412283578e-02,-3.627937218955e+01
"                1754",5.445785977396e-01,2.422874167570e+00,-1.084675121489e+02,5.523608295156e-01,2.440211991674e+00,-1.447478033043e+02,7.782231775966e-03,1.733782410364e-02,-3.628029115541e+01
"                1755",3.659715040217e-01,2.318569122781e+00,-1.084270817800e+02,3.704802542764e-01,2.335512124105e+00,-1.447089048483e+02,4.508750254667e-03,1.694300132395e-02,-3.628182306833e+01
"                1756",1.997348490623e-01,2.205081232128e+00,-1.083910939983e+02,2.010073766908e-01,2.221636640089e+00,-1.446748374177e+02,1.272527628528e-03,1.655540796098e-02,-3.628374341935e+01
"                1757",4.310376543938e-02,2.100758773594e+00,-1.083693249538e+02,4.123425910446e-02,2.116939521188e+00,-1.446551616388e+02,-1.869506334922e-03,1.618074759366e-02,-3.628583668502e+01
"                1758",-1.147328155526e-01,2.029231000075e+00,-1.083688998444e+02,-1.194428822664e-01,2.045085006096e+00,-1.446565955372e+02,-4.710066713828e-03,1.585400602154e-02,-3.628769569276e+01
"                1759",-2.600923369430e-01,1.961073588799e+00,-1.083813004646e+02,-2.672404314396e-01,1.976646708777e+00,-1.446703361380e+02,-7.148094496616e-03,1.557311997780e-02,-3.628903567344e+01
"                1760",-4.051722611976e-01,1.885105472739e+00,-1.084103357228e+02,-4.141021800702e-01,1.900418261899e+00,-1.446999127638e+02,-8.929918872556e-03,1.531278915970e-02,-3.628957704095e+01
"                1761",-5.123958326385e-01,1.806792594321e+00,-1.084493495536e+02,-5.223742686906e-01,1.821795011635e+00,-1.447385871024e+02,-9.978436052079e-03,1.500241731388e-02,-3.628923754877e+01
"                1762",-5.617895574352e-01,1.761125564374e+00,-1.084873572188e+02,-5.721423026019e-01,1.775875299900e+00,-1.447755274471e+02,-1.035274516671e-02,1.474973552526e-02,-3.628817022833e+01
"                1763",-5.388178092996e-01,1.765334403178e+00,-1.085297994364e+02,-5.488806041351e-01,1.779831537935e+00,-1.448163877762e+02,-1.006279483554e-02,1.449713475721e-02,-3.628658833975e+01
"                1764",-4.521942528799e-01,1.784504014919e+00,-1.085565744923e+02,-4.612849916186e-01,1.798794674994e+00,-1.448412667328e+02,-9.090738738648e-03,1.429066007563e-02,-3.628469224048e+01
"                1765",-3.393540761919e-01,1.807543444233e+00,-1.085787833932e+02,-3.468022182187e-01,1.821743315718e+00,-1.448616380086e+02,-7.448142026754e-03,1.419987148470e-02,-3.628285461537e+01
"                1766",-1.775641514929e-01,1.847211534271e+00,-1.085952562526e+02,-1.828291230876e-01,1.861540937170e+00,-1.448766630973e+02,-5.264971594722e-03,1.432940289981e-02,-3.628140684472e+01
"                1767",4.205358130582e-02,1.900545100757e+00,-1.086018140885e+02,3.950716130121e-02,1.915162408582e+00,-1.448823533934e+02,-2.546420004609e-03,1.461730782549e-02,-3.628053930486e+01
"                1768",2.768432218886e-01,1.960999973200e+00,-1.085885129312e+02,2.773777134602e-01,1.976049256407e+00,-1.448689631040e+02,5.344915715678e-04,1.504928320692e-02,-3.628045017283e+01
"                1769",4.995908216349e-01,2.026523510284e+00,-1.085579201686e+02,5.034376066162e-01,2.042213692410e+00,-1.448389830803e+02,3.846784981340e-03,1.569018212536e-02,-3.628106291164e+01
"                1770",6.912252271026e-01,2.090594563125e+00,-1.085236589314e+02,6.984256358779e-01,2.107088819758e+00,-1.448059742039e+02,7.200408775303e-03,1.649425663243e-02,-3.628231527247e+01
"                1771",8.703784666606e-01,2.166807101430e+00,-1.084972232229e+02,8.807954234346e-01,2.184086966614e+00,-1.447811437161e+02,1.041695677398e-02,1.727986518409e-02,-3.628392049314e+01
"                1772",1.054681061100e+00,2.249060825867e+00,-1.084828155222e+02,1.068065265685e+00,2.266971227207e+00,-1.447682956143e+02,1.338420458421e-02,1.791040134027e-02,-3.628548009206e+01
"                1773",1.258034415551e+00,2.333269515204e+00,-1.084786172333e+02,1.274008732880e+00,2.351627940269e+00,-1.447653330382e+02,1.597431732892e-02,1.835842506545e-02,-3.628671580486e+01
"                1774",1.446989210661e+00,2.418280684442e+00,-1.084854976164e+02,1.465100002187e+00,2.437028554510e+00,-1.447728285134e+02,1.811079152639e-02,1.874787006821e-02,-3.628733089697e+01
"                1775",1.602706231861e+00,2.509851684734e+00,-1.084973324939e+02,1.622411673925e+00,2.528935193726e+00,-1.447845338934e+02,1.970544206386e-02,1.908350899222e-02,-3.628720139949e+01
"                1776",1.699985814835e+00,2.573631251729e+00,-1.085148319342e+02,1.720715572526e+00,2.592906023193e+00,-1.448012896552e+02,2.072975769039e-02,1.927477146361e-02,-3.628645772100e+01
"                1777",1.716991968360e+00,2.570337333124e+00,-1.085290430115e+02,1.738082058037e+00,2.589746441294e+00,-1.448142674675e+02,2.109008967691e-02,1.940910817041e-02,-3.628522445598e+01
"                1778",1.664290987170e+00,2.525420738405e+00,-1.085484927945e+02,1.685104201678e+00,2.544961475762e+00,-1.448322337660e+02,2.081321450763e-02,1.954073735676e-02,-3.628374097155e+01
"                1779",1.532877881077e+00,2.454395300147e+00,-1.085543058533e+02,1.552764852148e+00,2.473962784556e+00,-1.448365723298e+02,1.988697107038e-02,1.956748440838e-02,-3.628226647655e+01
"                1780",1.346316766740e+00,2.406051588974e+00,-1.085500844428e+02,1.364672489150e+00,2.425493878615e+00,-1.448311051240e+02,1.835572241028e-02,1.944228964132e-02,-3.628102068123e+01
"                1781",1.139822659506e+00,2.393297296011e+00,-1.085443144134e+02,1.156049102392e+00,2.412422955019e+00,-1.448244641339e+02,1.622644288612e-02,1.912565900833e-02,-3.628014972046e+01
"                1782",9.357243244759e-01,2.397901388218e+00,-1.085281074913e+02,9.492853417695e-01,2.416503956682e+00,-1.448079692096e+02,1.356101729356e-02,1.860256846399e-02,-3.627986171831e+01
"                1783",7.338193695149e-01,2.372020173857e+00,-1.084964073068e+02,7.443822041490e-01,2.389940329784e+00,-1.447766067290e+02,1.056283463407e-02,1.792015592693e-02,-3.628019942220e+01
"                1784",5.333546857682e-01,2.287007769490e+00,-1.084597609311e+02,5.406564972249e-01,2.304110256045e+00,-1.447409479953e+02,7.301811456653e-03,1.710248655535e-02,-3.628118706416e+01
"                1785",3.527076863377e-01,2.128316921942e+00,-1.084285820199e+02,3.566491206002e-01,2.144487623263e+00,-1.447113398863e+02,3.941434262439e-03,1.617070132162e-02,-3.628275786636e+01
"                1786",1.898849069329e-01,1.966149546021e+00,-1.084111382323e+02,1.904755120142e-01,1.981335142567e+00,-1.446957835728e+02,5.906050812984e-04,1.518559654630e-02,-3.628464534052e+01
"                1787",3.943985025742e-02,1.818902833126e+00,-1.084098868468e+02,3.682792205886e-02,1.833140621705e+00,-1.446964022030e+02,-2.611928198564e-03,1.423778857835e-02,-3.628651535630e+01
"                1788",-1.046529358788e-01,1.693442946575e+00,-1.084211883313e+02,-1.100313629757e-01,1.706739486494e+00,-1.447090909679e+02,-5.378427096884e-03,1.329653991888e-02,-3.628790263664e+01
"                1789",-2.617017818037e-01,1.590036918691e+00,-1.084309195997e+02,-2.693454127565e-01,1.602395471983e+00,-1.447195879563e+02,-7.643630952850e-03,1.235855329231e-02,-3.628866835655e+01
"                1790",-4.204199644351e-01,1.496262052825e+00,-1.084490217975e+02,-4.296493948652e-01,1.507815445934e+00,-1.447377758378e+02,-9.229430430151e-03,1.155339310949e-02,-3.628875404024e+01
"                1791",-5.101172748158e-01,1.418228633021e+00,-1.084793105560e+02,-5.202472582146e-01,1.429059013836e+00,-1.447675176360e+02,-1.012998339875e-02,1.083038081493e-02,-3.628820708002e+01
"                1792",-5.093733159068e-01,1.385433514319e+00,-1.085142808197e+02,-5.197037475332e-01,1.395652118264e+00,-1.448014156961e+02,-1.033043162639e-02,1.021860394495e-02,-3.628713487636e+01
"                1793",-4.410553679298e-01,1.406143874649e+00,-1.085544515288e+02,-4.508832423736e-01,1.415937770555e+00,-1.448401463095e+02,-9.827874443779e-03,9.793895906365e-03,-3.628569478071e+01
"                1794",-3.518346971880e-01,1.447115190740e+00,-1.085847937612e+02,-3.604261941258e-01,1.456756556569e+00,-1.448688831756e+02,-8.591496937852e-03,9.641365829805e-03,-3.628408941435e+01
"                1795",-2.643429843507e-01,1.483083650315e+00,-1.086033563953e+02,-2.710762158329e-01,1.492891496081e+00,-1.448860082807e+02,-6.733231482133e-03,9.807845765893e-03,-3.628265188545e+01
"                1796",-1.168456687583e-01,1.524363313178e+00,-1.086091886990e+02,-1.212070116193e-01,1.534701294166e+00,-1.448907677004e+02,-4.361342861030e-03,1.033798098833e-02,-3.628157900142e+01
"                1797",1.021500976304e-01,1.572518289321e+00,-1.086002738731e+02,1.005747912304e-01,1.583653824277e+00,-1.448813643545e+02,-1.575306399986e-03,1.113553495560e-02,-3.628109048145e+01
"                1798",3.333404236573e-01,1.636581450383e+00,-1.085792499601e+02,3.348342864670e-01,1.648794516241e+00,-1.448605604395e+02,1.493862809674e-03,1.221306585772e-02,-3.628131047940e+01
"                1799",5.422899080661e-01,1.720060697869e+00,-1.085540984813e+02,5.470261712494e-01,1.733560304776e+00,-1.448361976281e+02,4.736263183299e-03,1.349960690711e-02,-3.628209914684e+01
"                1800",7.056414511103e-01,1.825794659764e+00,-1.085345772763e+02,7.136300730358e-01,1.840681728997e+00,-1.448179389483e+02,7.988621925492e-03,1.488706923352e-02,-3.628336167195e+01
"                1801",8.605898988440e-01,1.957186205335e+00,-1.085172322733e+02,8.716691834996e-01,1.973348972253e+00,-1.448020372816e+02,1.107928465553e-02,1.616276691734e-02,-3.628480500831e+01
"                1802",1.045727880778e+00,2.102363427196e+00,-1.085067925819e+02,1.059649795383e+00,2.119667709335e+00,-1.447928167114e+02,1.392191460492e-02,1.730428213860e-02,-3.628602412948e+01
"                1803",1.248189056584e+00,2.242409115529e+00,-1.085034579924e+02,1.264555780233e+00,2.260750878770e+00,-1.447902981071e+02,1.636672364904e-02,1.834176324126e-02,-3.628684011468e+01
"                1804",1.431890307491e+00,2.370219223966e+00,-1.085015280987e+02,1.450218179646e+00,2.389415241793e+00,-1.447886680543e+02,1.832787215542e-02,1.919601782704e-02,-3.628713995566e+01
"                1805",1.573742119974e+00,2.471065813391e+00,-1.085122580190e+02,1.593456777141e+00,2.490944885483e+00,-1.447992327057e+02,1.971465716773e-02,1.987907209158e-02,-3.628697468669e+01
"                1806",1.663121686871e+00,2.515726043370e+00,-1.085260080461e+02,1.683681682826e+00,2.536192655745e+00,-1.448123500873e+02,2.055999595441e-02,2.046661237504e-02,-3.628634204116e+01
"                1807",1.699442483698e+00,2.479634031168e+00,-1.085367554880e+02,1.720276242995e+00,2.500500074895e+00,-1.448220760100e+02,2.083375929695e-02,2.086604372651e-02,-3.628532052201e+01
"                1808",1.657435341337e+00,2.396943534001e+00,-1.085541647112e+02,1.677974588714e+00,2.417950304182e+00,-1.448382976803e+02,2.053924737727e-02,2.100677018124e-02,-3.628413296910e+01
"                1809",1.530576563592e+00,2.314404246863e+00,-1.085669865292e+02,1.550193078988e+00,2.335194678280e+00,-1.448499092072e+02,1.961651539619e-02,2.079043141728e-02,-3.628292267803e+01
"                1810",1.344668281724e+00,2.281507818669e+00,-1.085652284805e+02,1.362754761481e+00,2.301784204875e+00,-1.448470895442e+02,1.808647975647e-02,2.027638620622e-02,-3.628186106369e+01
"                1811",1.138852421149e+00,2.285402753193e+00,-1.085523846578e+02,1.154717711210e+00,2.304892878839e+00,-1.448334882176e+02,1.586529006061e-02,1.949012564551e-02,-3.628110355978e+01
"                1812",9.284401915124e-01,2.284111143946e+00,-1.085302480576e+02,9.415794353642e-01,2.302589975580e+00,-1.448110757909e+02,1.313924385183e-02,1.847883163487e-02,-3.628082773327e+01
"                1813",7.052911352205e-01,2.224989527965e+00,-1.085094237527e+02,7.153103071780e-01,2.242289802939e+00,-1.447905620253e+02,1.001917195747e-02,1.730027497417e-02,-3.628113827254e+01
"                1814",5.012986452379e-01,2.096610688618e+00,-1.084886781873e+02,5.079351826719e-01,2.112539621701e+00,-1.447707682553e+02,6.636537434037e-03,1.592893308283e-02,-3.628209006799e+01
"                1815",3.334448944279e-01,1.900965021821e+00,-1.084703011934e+02,3.365970902307e-01,1.915384418084e+00,-1.447538125182e+02,3.152195802879e-03,1.441939626319e-02,-3.628351132485e+01
"                1816",1.886633042298e-01,1.684200003206e+00,-1.084615705355e+02,1.884388568028e-01,1.697065901504e+00,-1.447466130123e+02,-2.244474269942e-04,1.286589829800e-02,-3.628504247684e+01
"                1817",3.446646394042e-02,1.496819437802e+00,-1.084549306808e+02,3.116596155337e-02,1.508090716311e+00,-1.447413128809e+02,-3.300502387045e-03,1.127127850859e-02,-3.628638220006e+01
"                1818",-1.414500532128e-01,1.362233852267e+00,-1.084520778468e+02,-1.473476393430e-01,1.371939284290e+00,-1.447394165449e+02,-5.897586130245e-03,9.705432022625e-03,-3.628733869811e+01
"                1819",-3.078579974401e-01,1.267786137309e+00,-1.084568908761e+02,-3.158635921363e-01,1.276140578628e+00,-1.447447958344e+02,-8.005594696200e-03,8.354441318936e-03,-3.628790495825e+01
"                1820",-4.287205571372e-01,1.182633165471e+00,-1.084783998431e+02,-4.381586095323e-01,1.189839130922e+00,-1.447663758998e+02,-9.438052395133e-03,7.205965450592e-03,-3.628797605665e+01
"                1821",-4.615054697768e-01,1.119035268364e+00,-1.085081900211e+02,-4.716615534129e-01,1.125267178400e+00,-1.447957555064e+02,-1.015608363604e-02,6.231910036038e-03,-3.628756548528e+01
"                1822",-4.402993656751e-01,1.104609171007e+00,-1.085456730799e+02,-4.504294423888e-01,1.110205277874e+00,-1.448324405234e+02,-1.013007671366e-02,5.596106866896e-03,-3.628676744349e+01
"                1823",-3.932923661912e-01,1.134441308628e+00,-1.085827098512e+02,-4.026985743027e-01,1.139804758832e+00,-1.448683426463e+02,-9.406208111416e-03,5.363450203712e-03,-3.628563279513e+01
"                1824",-3.275024218159e-01,1.176832558152e+00,-1.086095667166e+02,-3.354515500222e-01,1.182404674983e+00,-1.448938948246e+02,-7.949128206327e-03,5.572116831637e-03,-3.628432810808e+01
"                1825",-2.333641491714e-01,1.211438762988e+00,-1.086210650638e+02,-2.393231766982e-01,1.217673258386e+00,-1.449042433381e+02,-5.959027526808e-03,6.234495398204e-03,-3.628317827430e+01
"                1826",-6.996228345332e-02,1.253182269329e+00,-1.086218918938e+02,-7.348417734166e-02,1.260543842575e+00,-1.449042350264e+02,-3.521893888336e-03,7.361573246304e-03,-3.628234313269e+01
"                1827",1.445438691802e-01,1.319362683279e+00,-1.086171423143e+02,1.438248951253e-01,1.328152953687e+00,-1.448991235342e+02,-7.189740548720e-04,8.790270408077e-03,-3.628198121987e+01
"                1828",3.549363271406e-01,1.418499035343e+00,-1.086085324308e+02,3.572486956457e-01,1.428988852165e+00,-1.448907008356e+02,2.312368505157e-03,1.048981682169e-02,-3.628216840475e+01
"                1829",5.423090662919e-01,1.549861743028e+00,-1.085927604593e+02,5.477953555335e-01,1.562149040902e+00,-1.448755594969e+02,5.486289241595e-03,1.228729787331e-02,-3.628279903761e+01
"                1830",7.048546580249e-01,1.706823678938e+00,-1.085732323465e+02,7.135177824880e-01,1.720983933591e+00,-1.448569475472e+02,8.663124463116e-03,1.416025465295e-02,-3.628371520073e+01
"                1831",8.620580344478e-01,1.892626216228e+00,-1.085522302034e+02,8.737316002407e-01,1.908657574188e+00,-1.448369498044e+02,1.167356579291e-02,1.603135795970e-02,-3.628471960098e+01
"                1832",1.036348417165e+00,2.091023234210e+00,-1.085335850532e+02,1.050730692666e+00,2.108718872627e+00,-1.448192250312e+02,1.438227550076e-02,1.769563841656e-02,-3.628563997805e+01
"                1833",1.228251741411e+00,2.261815402452e+00,-1.085239197258e+02,1.244901224218e+00,2.280925290987e+00,-1.448103654871e+02,1.664948280699e-02,1.910988853466e-02,-3.628644576138e+01
"                1834",1.422814405321e+00,2.384902644732e+00,-1.085172394439e+02,1.441244976549e+00,2.405285020828e+00,-1.448041322797e+02,1.843057122745e-02,2.038237609588e-02,-3.628689283581e+01
"                1835",1.584107892641e+00,2.452788068898e+00,-1.085256576510e+02,1.603824093288e+00,2.474195170813e+00,-1.448126006047e+02,1.971620064707e-02,2.140710191475e-02,-3.628694295375e+01
"                1836",1.677706634136e+00,2.460558887113e+00,-1.085397627236e+02,1.698227230281e+00,2.482656919238e+00,-1.448263665652e+02,2.052059614564e-02,2.209803212568e-02,-3.628660384160e+01
"                1837",1.703204531763e+00,2.409958129329e+00,-1.085585703610e+02,1.724004963842e+00,2.432308988630e+00,-1.448444423194e+02,2.080043207921e-02,2.235085930051e-02,-3.628587195844e+01
"                1838",1.650608622950e+00,2.332301131248e+00,-1.085785849060e+02,1.671098068715e+00,2.354449701879e+00,-1.448634521851e+02,2.048944576531e-02,2.214857063109e-02,-3.628486727917e+01
"                1839",1.524932611337e+00,2.267692589699e+00,-1.085855275225e+02,1.544423977353e+00,2.289207796836e+00,-1.448692968753e+02,1.949136601542e-02,2.151520713704e-02,-3.628376935288e+01
"                1840",1.334567037362e+00,2.249459559175e+00,-1.085768239170e+02,1.352419187968e+00,2.269994101801e+00,-1.448595079226e+02,1.785215060615e-02,2.053454262636e-02,-3.628268400559e+01
"                1841",1.109281292291e+00,2.238066681780e+00,-1.085723926900e+02,1.124764806987e+00,2.257345753594e+00,-1.448542414742e+02,1.548351469614e-02,1.927907181458e-02,-3.628184878416e+01
"                1842",8.736146140463e-01,2.197672281724e+00,-1.085674294684e+02,8.862036474047e-01,2.215428828609e+00,-1.448489129331e+02,1.258903335837e-02,1.775654688533e-02,-3.628148346468e+01
"                1843",6.558115708795e-01,2.099728486496e+00,-1.085652127851e+02,6.650809863238e-01,2.115762540035e+00,-1.448468730254e+02,9.269415444340e-03,1.603405353879e-02,-3.628166024025e+01
"                1844",4.720363840769e-01,1.920263770527e+00,-1.085544075824e+02,4.778081594905e-01,1.934401637416e+00,-1.448367112145e+02,5.771775413565e-03,1.413786688825e-02,-3.628230363212e+01
"                1845",3.112934228848e-01,1.688036829425e+00,-1.085330330340e+02,3.136172355699e-01,1.700072850340e+00,-1.448162803215e+02,2.323812685046e-03,1.203602091583e-02,-3.628324728755e+01
"                1846",1.447935193836e-01,1.457215043960e+00,-1.085065836170e+02,1.438406841876e-01,1.467048595634e+00,-1.447909511733e+02,-9.528351959885e-04,9.833551673539e-03,-3.628436755631e+01
"                1847",-2.915093497990e-02,1.270075102292e+00,-1.084836680666e+02,-3.303388170350e-02,1.277830263202e+00,-1.447691782019e+02,-3.882946723605e-03,7.755160909770e-03,-3.628551013533e+01
"                1848",-1.954569694057e-01,1.140780910614e+00,-1.084757768446e+02,-2.018463689494e-01,1.146618784816e+00,-1.447622994078e+02,-6.389399543648e-03,5.837874202192e-03,-3.628652256318e+01
"                1849",-3.294878372415e-01,1.057851988496e+00,-1.084832175995e+02,-3.378062447358e-01,1.062049394234e+00,-1.447705134719e+02,-8.318407494281e-03,4.197405738291e-03,-3.628729587244e+01
"                1850",-4.165812604610e-01,9.911416053852e-01,-1.085075672971e+02,-4.260940843868e-01,9.940778757143e-01,-1.447952591742e+02,-9.512823925805e-03,2.936270329118e-03,-3.628769187709e+01
"                1851",-4.443993475199e-01,9.359642991438e-01,-1.085379055545e+02,-4.544017457961e-01,9.380697723315e-01,-1.448255559862e+02,-1.000239827619e-02,2.105473187672e-03,-3.628765043163e+01
"                1852",-4.383594727516e-01,9.160961133825e-01,-1.085720373611e+02,-4.480853619712e-01,9.178766535622e-01,-1.448592257756e+02,-9.725889219634e-03,1.780540179687e-03,-3.628718841451e+01
"                1853",-3.926304580060e-01,9.352198997024e-01,-1.085980305686e+02,-4.014195545756e-01,9.371970681801e-01,-1.448843500832e+02,-8.789096569619e-03,1.977168477766e-03,-3.628631951462e+01
"                1854",-3.131075882024e-01,9.718637553169e-01,-1.086187620593e+02,-3.203373239883e-01,9.746121105902e-01,-1.449040354299e+02,-7.229735785899e-03,2.748355273333e-03,-3.628527337067e+01
"                1855",-1.989248234866e-01,1.024540044858e+00,-1.086326422056e+02,-2.041458905449e-01,1.028606009063e+00,-1.449168942866e+02,-5.221067058222e-03,4.065964204751e-03,-3.628425208098e+01
"                1856",-3.853451326739e-02,1.113096212046e+00,-1.086460940559e+02,-4.128743931356e-02,1.118896515717e+00,-1.449294423884e+02,-2.752926046166e-03,5.800303671086e-03,-3.628334833251e+01
"                1857",1.556833732232e-01,1.234931355003e+00,-1.086525625531e+02,1.557463768994e-01,1.242702986168e+00,-1.449353429485e+02,6.300367624557e-05,7.771631164689e-03,-3.628278039540e+01
"                1858",3.553992419217e-01,1.381847824126e+00,-1.086474663849e+02,3.584987227978e-01,1.391780475255e+00,-1.449300593838e+02,3.099480876114e-03,9.932651128875e-03,-3.628259299890e+01
"                1859",5.351094857659e-01,1.554141064156e+00,-1.086303702137e+02,5.413581106543e-01,1.566428271039e+00,-1.449131600481e+02,6.248624888381e-03,1.228720688282e-02,-3.628278983445e+01
"                1860",6.843040645441e-01,1.765331429266e+00,-1.085985754196e+02,6.936348823950e-01,1.780035467709e+00,-1.448819637813e+02,9.330817850984e-03,1.470403844315e-02,-3.628338836172e+01
"                1861",8.381250737761e-01,1.995603789985e+00,-1.085628287888e+02,8.503337604077e-01,2.012547728754e+00,-1.448471576327e+02,1.220868663164e-02,1.694393876912e-02,-3.628432884391e+01
"                1862",1.012349578330e+00,2.205200522143e+00,-1.085362322275e+02,1.027085527218e+00,2.224198837869e+00,-1.448216583381e+02,1.473594888793e-02,1.899831572603e-02,-3.628542611056e+01
"                1863",1.223841896316e+00,2.356711215939e+00,-1.085217585823e+02,1.240694934059e+00,2.377524199979e+00,-1.448082421896e+02,1.685303774289e-02,2.081298404049e-02,-3.628648360724e+01
"                1864",1.433655006035e+00,2.443006150749e+00,-1.085192165452e+02,1.452223246945e+00,2.465286547832e+00,-1.448064887565e+02,1.856824091006e-02,2.228039708286e-02,-3.628727221131e+01
"                1865",1.586152153026e+00,2.478908700779e+00,-1.085352352342e+02,1.606025130711e+00,2.502156697541e+00,-1.448229302735e+02,1.987297768538e-02,2.324799676189e-02,-3.628769503936e+01
"                1866",1.658167331217e+00,2.477857055842e+00,-1.085510486267e+02,1.678846055544e+00,2.501511572439e+00,-1.448386551094e+02,2.067872432736e-02,2.365451659735e-02,-3.628760648265e+01
"                1867",1.666876502065e+00,2.446690056636e+00,-1.085641294553e+02,1.687766823781e+00,2.470201425482e+00,-1.448511394598e+02,2.089032171604e-02,2.351136884593e-02,-3.628701000450e+01
"                1868",1.601991235335e+00,2.386556780432e+00,-1.085694523253e+02,1.622439639800e+00,2.409390434158e+00,-1.448554143581e+02,2.044840446471e-02,2.283365372605e-02,-3.628596203288e+01
"                1869",1.463450763246e+00,2.319995140249e+00,-1.085796039999e+02,1.482766836347e+00,2.341739635403e+00,-1.448643108178e+02,1.931607310097e-02,2.174449515375e-02,-3.628470681785e+01
"                1870",1.252426987549e+00,2.266901883200e+00,-1.085940400137e+02,1.269870303238e+00,2.287198858739e+00,-1.448774938815e+02,1.744331568896e-02,2.029697553919e-02,-3.628345386784e+01
"                1871",1.016119730390e+00,2.214327109323e+00,-1.086090296776e+02,1.030939424969e+00,2.232875253508e+00,-1.448914510232e+02,1.481969457890e-02,1.854814418524e-02,-3.628242134562e+01
"                1872",7.914885624542e-01,2.127093406618e+00,-1.086118848437e+02,8.032568259494e-01,2.143633127672e+00,-1.448936041430e+02,1.176826349517e-02,1.653972105454e-02,-3.628171929929e+01
"                1873",5.858216014020e-01,1.981982062496e+00,-1.086090832342e+02,5.942264206238e-01,1.996258288754e+00,-1.448904882148e+02,8.404819221807e-03,1.427622625832e-02,-3.628140498056e+01
"                1874",4.103931925997e-01,1.773674733330e+00,-1.085878952861e+02,4.153572978812e-01,1.785451227022e+00,-1.448694769509e+02,4.964105281512e-03,1.177649369144e-02,-3.628158166480e+01
"                1875",2.353779313580e-01,1.543203422869e+00,-1.085515131214e+02,2.369801015714e-01,1.552372999288e+00,-1.448337589433e+02,1.602170213390e-03,9.169576419191e-03,-3.628224582195e+01
"                1876",6.188278318271e-02,1.322583154590e+00,-1.085136359460e+02,6.028933333781e-02,1.329175021676e+00,-1.447970082540e+02,-1.593449844900e-03,6.591867085235e-03,-3.628337230807e+01
"                1877",-1.012010538950e-01,1.150845107786e+00,-1.084820259165e+02,-1.056045999927e-01,1.155021214248e+00,-1.447667239777e+02,-4.403546097770e-03,4.176106462817e-03,-3.628469806120e+01
"                1878",-2.361094784409e-01,1.041005537074e+00,-1.084719401804e+02,-2.428638655470e-01,1.043096904537e+00,-1.447580218461e+02,-6.754387106171e-03,2.091367463001e-03,-3.628608166571e+01
"                1879",-3.529790907398e-01,9.702913708280e-01,-1.084814228190e+02,-3.614094196137e-01,9.708363488300e-01,-1.447686633343e+02,-8.430328873863e-03,5.449780020336e-04,-3.628724051534e+01
"                1880",-4.406961743632e-01,8.976520441193e-01,-1.085093765529e+02,-4.500965351160e-01,8.972120011246e-01,-1.447974126936e+02,-9.400360752737e-03,-4.400429947694e-04,-3.628803614067e+01
"                1881",-4.828678651069e-01,8.249377330509e-01,-1.085365980858e+02,-4.925339712514e-01,8.240365217843e-01,-1.448248910057e+02,-9.666106144549e-03,-9.012112665822e-04,-3.628829291991e+01
"                1882",-4.817889046819e-01,7.989627514335e-01,-1.085618239033e+02,-4.910573712729e-01,7.982394842220e-01,-1.448498666865e+02,-9.268466591008e-03,-7.232672114406e-04,-3.628804278314e+01
"                1883",-4.278337917698e-01,8.233991245226e-01,-1.085837174416e+02,-4.360939708317e-01,8.234968467237e-01,-1.448709612554e+02,-8.260179061899e-03,9.772220102422e-05,-3.628724381378e+01
"                1884",-3.429643031759e-01,8.920519377109e-01,-1.086195652710e+02,-3.496486098067e-01,8.935545588944e-01,-1.449056760692e+02,-6.684306630764e-03,1.502621183548e-03,-3.628611079823e+01
"                1885",-2.262238326189e-01,1.005243729107e+00,-1.086527040147e+02,-2.308922967913e-01,1.008621194398e+00,-1.449375359014e+02,-4.668464172409e-03,3.377465290987e-03,-3.628483188666e+01
"                1886",-5.788819752388e-02,1.161818758347e+00,-1.086699099663e+02,-6.004306756933e-02,1.167398602190e+00,-1.449534590756e+02,-2.154870045450e-03,5.579843842396e-03,-3.628354910932e+01
"                1887",1.199293010340e-01,1.338436268804e+00,-1.086797521792e+02,1.206076246800e-01,1.346503171776e+00,-1.449622950278e+02,6.783236459811e-04,8.066902972486e-03,-3.628254284863e+01
"                1888",2.934632571604e-01,1.532897066304e+00,-1.086691371809e+02,2.971445496604e-01,1.543711673020e+00,-1.449510745072e+02,3.681292499990e-03,1.081460671578e-02,-3.628193732632e+01
"                1889",4.562759029220e-01,1.742801039522e+00,-1.086344799854e+02,4.630136964988e-01,1.756386263463e+00,-1.449164385720e+02,6.737793576803e-03,1.358522394090e-02,-3.628195858657e+01
"                1890",6.172312737226e-01,1.971487047848e+00,-1.085859616790e+02,6.269030098641e-01,1.987850634037e+00,-1.448686124521e+02,9.671736141499e-03,1.636358618843e-02,-3.628265077303e+01
"                1891",7.973106005981e-01,2.188849932040e+00,-1.085425339609e+02,8.097390295685e-01,2.207873181614e+00,-1.448263821381e+02,1.242842897040e-02,1.902324957484e-02,-3.628384817719e+01
"                1892",9.958673481829e-01,2.366074951745e+00,-1.085174925634e+02,1.010774767219e+00,2.387434720332e+00,-1.448028333029e+02,1.490741903626e-02,2.135976858732e-02,-3.628534073949e+01
"                1893",1.201225542496e+00,2.489743386801e+00,-1.085155620526e+02,1.218263184603e+00,2.512927202953e+00,-1.448024035773e+02,1.703764210731e-02,2.318381615277e-02,-3.628684152471e+01
"                1894",1.392218873367e+00,2.563551348849e+00,-1.085266743308e+02,1.410995518098e+00,2.587965503690e+00,-1.448146760444e+02,1.877664473053e-02,2.441415484117e-02,-3.628800171360e+01
"                1895",1.522686331022e+00,2.607604736733e+00,-1.085398516851e+02,1.542728245821e+00,2.632600571652e+00,-1.448285097254e+02,2.004191479870e-02,2.499583491869e-02,-3.628865804029e+01
"                1896",1.585394836619e+00,2.613523234189e+00,-1.085394352953e+02,1.606114523608e+00,2.638487168458e+00,-1.448280636646e+02,2.071968698852e-02,2.496393426945e-02,-3.628862836926e+01
"                1897",1.582230054760e+00,2.576929939177e+00,-1.085426607064e+02,1.603021322470e+00,2.601283621384e+00,-1.448305989538e+02,2.079126771001e-02,2.435368220661e-02,-3.628793824735e+01
"                1898",1.483098249781e+00,2.487149682361e+00,-1.085588496255e+02,1.503220321635e+00,2.510371605025e+00,-1.448455863832e+02,2.012207185350e-02,2.322192266408e-02,-3.628673675769e+01
"                1899",1.323847006257e+00,2.386238239388e+00,-1.085929717935e+02,1.342574015678e+00,2.407872593515e+00,-1.448782699426e+02,1.872700942106e-02,2.163435412701e-02,-3.628529814905e+01
"                1900",1.125266734793e+00,2.294711568192e+00,-1.086321723016e+02,1.141852527289e+00,2.314431893880e+00,-1.449159176536e+02,1.658579249594e-02,1.972032568855e-02,-3.628374535201e+01
"                1901",8.996653772804e-01,2.189664789544e+00,-1.086537583705e+02,9.135308672720e-01,2.207141564760e+00,-1.449360096635e+02,1.386548999163e-02,1.747677521623e-02,-3.628225129300e+01
"                1902",6.669940208777e-01,2.060110659047e+00,-1.086435437928e+02,6.778102405963e-01,2.075013037614e+00,-1.449245816013e+02,1.081621971857e-02,1.490237856674e-02,-3.628103780850e+01
"                1903",4.514144136649e-01,1.905572966877e+00,-1.086186564857e+02,4.589237452769e-01,1.917667144986e+00,-1.448990586422e+02,7.509331611979e-03,1.209417810934e-02,-3.628040215650e+01
"                1904",2.751890638932e-01,1.697325513049e+00,-1.085811306555e+02,2.792839040558e-01,1.706536459269e+00,-1.448616667483e+02,4.094840162632e-03,9.210946219799e-03,-3.628053609274e+01
"                1905",1.212356351843e-01,1.490420895023e+00,-1.085399723322e+02,1.220073900377e-01,1.496690875656e+00,-1.448213507759e+02,7.717548533450e-04,6.269980633317e-03,-3.628137844369e+01
"                1906",-2.063202431773e-02,1.296902851657e+00,-1.085028446128e+02,-2.293272550572e-02,1.300380312952e+00,-1.447857191737e+02,-2.300701187987e-03,3.477461294943e-03,-3.628287456093e+01
"                1907",-1.708968585528e-01,1.147275966476e+00,-1.084705643365e+02,-1.758300582732e-01,1.148336309377e+00,-1.447552358598e+02,-4.933199720475e-03,1.060342901458e-03,-3.628467152321e+01
"                1908",-3.182633969965e-01,1.038414924677e+00,-1.084537969234e+02,-3.253436831403e-01,1.037591250477e+00,-1.447403402801e+02,-7.080286143806e-03,-8.236741999880e-04,-3.628654335666e+01
"                1909",-4.436060832554e-01,9.412078006467e-01,-1.084576302843e+02,-4.521603305196e-01,9.391780883109e-01,-1.447457177230e+02,-8.554247264167e-03,-2.029712335834e-03,-3.628808743870e+01
"                1910",-5.338162781118e-01,8.518955501790e-01,-1.084787740954e+02,-5.432121991551e-01,8.493236751927e-01,-1.447678966767e+02,-9.395921043283e-03,-2.571874986371e-03,-3.628912258135e+01
"                1911",-5.758654563858e-01,7.760730738988e-01,-1.085072963391e+02,-5.854695447660e-01,7.736371539670e-01,-1.447968067909e+02,-9.604088380234e-03,-2.435919931865e-03,-3.628951045178e+01
"                1912",-5.719614244737e-01,7.702837875675e-01,-1.085472780114e+02,-5.811290714712e-01,7.686269823145e-01,-1.448364706336e+02,-9.167646997545e-03,-1.656805253054e-03,-3.628919262222e+01
"                1913",-5.143051147331e-01,8.442068033153e-01,-1.085878275954e+02,-5.224170285041e-01,8.439525110818e-01,-1.448759470474e+02,-8.111913770963e-03,-2.542922334455e-04,-3.628811945198e+01
"                1914",-4.190926910615e-01,9.797536338715e-01,-1.086325368786e+02,-4.255973042491e-01,9.813788120615e-01,-1.449191370828e+02,-6.504613187579e-03,1.625178190001e-03,-3.628660020423e+01
"                1915",-2.937692184194e-01,1.164893243901e+00,-1.086661485005e+02,-2.982118093638e-01,1.168874013367e+00,-1.449509171555e+02,-4.442590944390e-03,3.980769466427e-03,-3.628476865500e+01
"                1916",-1.374907058478e-01,1.383365597248e+00,-1.086798873479e+02,-1.393879983123e-01,1.390116255512e+00,-1.449628370894e+02,-1.897292464501e-03,6.750658263636e-03,-3.628294974147e+01
"                1917",2.564956956323e-02,1.609949637433e+00,-1.086740104257e+02,2.656675098353e-02,1.619654796686e+00,-1.449556417132e+02,9.171814202972e-04,9.705159252884e-03,-3.628163128746e+01
"                1918",2.069464007971e-01,1.825917335060e+00,-1.086488680070e+02,2.107940594633e-01,1.838715184881e+00,-1.449298941981e+02,3.847658666245e-03,1.279784982082e-02,-3.628102619112e+01
"                1919",3.929322617582e-01,2.021830011267e+00,-1.086091908186e+02,3.997573007283e-01,2.037795564871e+00,-1.448904770045e+02,6.825038970132e-03,1.596555360394e-02,-3.628128618592e+01
"                1920",5.781707615093e-01,2.215512950610e+00,-1.085617213366e+02,5.879131678693e-01,2.234552487970e+00,-1.448440695301e+02,9.742406360037e-03,1.903953736042e-02,-3.628234819350e+01
"                1921",7.687607406279e-01,2.398304196573e+00,-1.085274963105e+02,7.812974314321e-01,2.420079690761e+00,-1.448115167340e+02,1.253669080425e-02,2.177549418790e-02,-3.628402042344e+01
"                1922",9.585465888862e-01,2.554965650111e+00,-1.085093530869e+02,9.736080142456e-01,2.578901904452e+00,-1.447953265398e+02,1.506142535932e-02,2.393625434124e-02,-3.628597345294e+01
"                1923",1.155725918678e+00,2.684280191579e+00,-1.085023116607e+02,1.172921041236e+00,2.709696389818e+00,-1.447900958951e+02,1.719512255804e-02,2.541619823898e-02,-3.628778423438e+01
"                1924",1.336351083753e+00,2.765717090796e+00,-1.084997579397e+02,1.355208780904e+00,2.791944530527e+00,-1.447888860756e+02,1.885769715085e-02,2.622743973085e-02,-3.628912813590e+01
"                1925",1.450179227788e+00,2.803117588267e+00,-1.085021055707e+02,1.470178269275e+00,2.829471299527e+00,-1.447918839688e+02,1.999904148740e-02,2.635371125972e-02,-3.628977839807e+01
"                1926",1.494443960759e+00,2.780283429780e+00,-1.085142370375e+02,1.514932463670e+00,2.806186759370e+00,-1.448038593251e+02,2.048850291098e-02,2.590332959044e-02,-3.628962228757e+01
"                1927",1.458639243393e+00,2.705074774029e+00,-1.085370345210e+02,1.478932532293e+00,2.729859958614e+00,-1.448257540118e+02,2.029328889929e-02,2.478518458564e-02,-3.628871949084e+01
"                1928",1.353236733578e+00,2.574430237829e+00,-1.085716281399e+02,1.372566359400e+00,2.597604874764e+00,-1.448588725469e+02,1.932962582164e-02,2.317463693569e-02,-3.628724440702e+01
"                1929",1.191311881915e+00,2.427647824196e+00,-1.086198198517e+02,1.209040133017e+00,2.448788160797e+00,-1.449051731415e+02,1.772825110215e-02,2.114033660093e-02,-3.628535328985e+01
"                1930",9.743557381568e-01,2.289354968391e+00,-1.086531853815e+02,9.898288813458e-01,2.308037350921e+00,-1.449363997906e+02,1.547314318895e-02,1.868238252978e-02,-3.628321440906e+01
"                1931",7.287207860367e-01,2.166091717917e+00,-1.086523626784e+02,7.414544438336e-01,2.181947043276e+00,-1.449336043076e+02,1.273365779691e-02,1.585532535964e-02,-3.628124162918e+01
"                1932",5.030707292223e-01,2.029518317411e+00,-1.086309280092e+02,5.127609481363e-01,2.042406134179e+00,-1.449107865584e+02,9.690218913977e-03,1.288781676872e-02,-3.627985854917e+01
"                1933",3.215527039473e-01,1.887416097038e+00,-1.086046822302e+02,3.279172697546e-01,1.897192832268e+00,-1.448840145900e+02,6.364565807245e-03,9.776735230509e-03,-3.627933235976e+01
"                1934",1.786641845236e-01,1.702487723455e+00,-1.085660715638e+02,1.816763658226e-01,1.709123679814e+00,-1.448458628772e+02,3.012181299008e-03,6.635956358778e-03,-3.627979131336e+01
"                1935",3.501114211571e-02,1.510426592528e+00,-1.085182053833e+02,3.480763746949e-02,1.514061211112e+00,-1.447993183385e+02,-2.035046462189e-04,3.634618583980e-03,-3.628111295523e+01
"                1936",-1.296355493541e-01,1.327113284185e+00,-1.084717857827e+02,-1.327480798305e-01,1.328100450253e+00,-1.447548998403e+02,-3.112530476402e-03,9.871660679588e-04,-3.628311405763e+01
"                1937",-2.973624449934e-01,1.162486274505e+00,-1.084346411017e+02,-3.029182326225e-01,1.161342552244e+00,-1.447200023287e+02,-5.555787629035e-03,-1.143722261025e-03,-3.628536122700e+01
"                1938",-4.434011827815e-01,1.029982768884e+00,-1.084165269813e+02,-4.509431046574e-01,1.027374244868e+00,-1.447041242061e+02,-7.541921875932e-03,-2.608524015793e-03,-3.628759722481e+01
"                1939",-5.658010836852e-01,9.219128683919e-01,-1.084225851139e+02,-5.747228188021e-01,9.186356503590e-01,-1.447119702108e+02,-8.921735116910e-03,-3.277218032928e-03,-3.628938509690e+01
"                1940",-6.534518114065e-01,8.482888212764e-01,-1.084517095551e+02,-6.631825977641e-01,8.450730943791e-01,-1.447421523919e+02,-9.730786357642e-03,-3.215726897330e-03,-3.629044283677e+01
"                1941",-7.081002908982e-01,8.263926677112e-01,-1.084957322068e+02,-7.180024709949e-01,8.238804835274e-01,-1.447863481915e+02,-9.902180096729e-03,-2.512184183833e-03,-3.629061598468e+01
"                1942",-6.964459601294e-01,8.790443722678e-01,-1.085454185319e+02,-7.058492083611e-01,8.778020158378e-01,-1.448352596610e+02,-9.403248231680e-03,-1.242356430046e-03,-3.628984112912e+01
"                1943",-6.256775480466e-01,1.011253813580e+00,-1.085904426118e+02,-6.339223477057e-01,1.011839966717e+00,-1.448785757944e+02,-8.244799659120e-03,5.861531369068e-04,-3.628813318264e+01
"                1944",-5.157476637214e-01,1.205487062516e+00,-1.086370600190e+02,-5.223010952650e-01,1.208486696104e+00,-1.449230203233e+02,-6.553431543641e-03,2.999633587814e-03,-3.628596030425e+01
"                1945",-3.844640482803e-01,1.451342584137e+00,-1.086627915343e+02,-3.888759940520e-01,1.457187240922e+00,-1.449464322309e+02,-4.411945771710e-03,5.844656785276e-03,-3.628364069658e+01
"                1946",-2.264781784618e-01,1.723528918861e+00,-1.086650330429e+02,-2.283353834741e-01,1.732471903939e+00,-1.449467405038e+02,-1.857205012303e-03,8.942985077410e-03,-3.628170746085e+01
"                1947",-5.091851433474e-02,1.958771505374e+00,-1.086517976369e+02,-4.999420413735e-02,1.971045722178e+00,-1.449323527363e+02,9.243101973858e-04,1.227421680366e-02,-3.628055509944e+01
"                1948",1.500302706400e-01,2.141756347909e+00,-1.086244996202e+02,1.539017571852e-01,2.157464272662e+00,-1.449047727364e+02,3.871486545223e-03,1.570792475325e-02,-3.628027311625e+01
"                1949",3.495202267470e-01,2.291710520545e+00,-1.085882433397e+02,3.564296805019e-01,2.310724646848e+00,-1.448692512676e+02,6.909453754936e-03,1.901412630218e-02,-3.628100792788e+01
"                1950",5.372411736211e-01,2.445335816022e+00,-1.085472019034e+02,5.471627801928e-01,2.467290583275e+00,-1.448297716139e+02,9.921606571662e-03,2.195476725298e-02,-3.628256971047e+01
"                1951",7.253204305386e-01,2.620649040322e+00,-1.085122858275e+02,7.380949479642e-01,2.645000966800e+00,-1.447969626863e+02,1.277451742560e-02,2.435192647707e-02,-3.628467685876e+01
"                1952",9.224478047360e-01,2.788121362183e+00,-1.084798550126e+02,9.377124261309e-01,2.814224499187e+00,-1.447667824173e+02,1.526462139499e-02,2.610313700393e-02,-3.628692740466e+01
"                1953",1.117873724834e+00,2.927831591119e+00,-1.084560294678e+02,1.135179406467e+00,2.954966229715e+00,-1.447448270822e+02,1.730568163378e-02,2.713463859639e-02,-3.628879761441e+01
"                1954",1.274131494377e+00,2.988369521125e+00,-1.084571799315e+02,1.292958050605e+00,3.015858601479e+00,-1.447472388949e+02,1.882655622725e-02,2.748908035398e-02,-3.629005896337e+01
"                1955",1.357416679597e+00,2.974509840347e+00,-1.084785950119e+02,1.377129335659e+00,3.001656471959e+00,-1.447691549011e+02,1.971265606113e-02,2.714663161260e-02,-3.629055988918e+01
"                1956",1.380921804232e+00,2.899732202897e+00,-1.085127552526e+02,1.400802998891e+00,2.925914794147e+00,-1.448029080070e+02,1.988119465936e-02,2.618259124982e-02,-3.629015275434e+01
"                1957",1.339085022493e+00,2.771274470736e+00,-1.085513472074e+02,1.358498542646e+00,2.795880781667e+00,-1.448401671632e+02,1.941352015322e-02,2.460631093059e-02,-3.628881995576e+01
"                1958",1.218813796129e+00,2.596382308111e+00,-1.085869239237e+02,1.237126892663e+00,2.618870887834e+00,-1.448736420350e+02,1.831309653412e-02,2.248857972307e-02,-3.628671811133e+01
"                1959",1.033942313378e+00,2.429918565594e+00,-1.086206262065e+02,1.050575342121e+00,2.449799089037e+00,-1.449048720933e+02,1.663302874310e-02,1.988052344333e-02,-3.628424588672e+01
"                1960",8.093067606598e-01,2.279074510554e+00,-1.086360481767e+02,8.236090295467e-01,2.296078519148e+00,-1.449178299898e+02,1.430226888687e-02,1.700400859420e-02,-3.628178181314e+01
"                1961",5.920394229867e-01,2.158518586071e+00,-1.086285480999e+02,6.035772423838e-01,2.172402731324e+00,-1.449083428870e+02,1.153781939707e-02,1.388414525286e-02,-3.627979478708e+01
"                1962",3.946951971443e-01,2.044368097674e+00,-1.086115063827e+02,4.031587591628e-01,2.055023604831e+00,-1.448901612909e+02,8.463562018569e-03,1.065550715788e-02,-3.627865490815e+01
"                1963",2.342767041131e-01,1.916556905188e+00,-1.085842548545e+02,2.394868764719e-01,1.923987098677e+00,-1.448628297819e+02,5.210172358752e-03,7.430193488757e-03,-3.627857492745e+01
"                1964",9.147970212720e-02,1.740457640766e+00,-1.085366806287e+02,9.346247392821e-02,1.744884791114e+00,-1.448162230530e+02,1.982771801009e-03,4.427150347981e-03,-3.627954242432e+01
"                1965",-6.564004005648e-02,1.542716481327e+00,-1.084774891297e+02,-6.671980727613e-02,1.544436462402e+00,-1.447588899253e+02,-1.079767219649e-03,1.719981074896e-03,-3.628140079557e+01
"                1966",-2.405016831129e-01,1.345977871211e+00,-1.084239007808e+02,-2.443295399391e-01,1.345426441762e+00,-1.447077121239e+02,-3.827856826198e-03,-5.514294488045e-04,-3.628381134307e+01
"                1967",-4.168284614993e-01,1.172066896643e+00,-1.083867760760e+02,-4.230472974478e-01,1.169885429274e+00,-1.446731925226e+02,-6.218835948500e-03,-2.181467369319e-03,-3.628641644659e+01
"                1968",-5.778637607257e-01,1.054215403438e+00,-1.083789796243e+02,-5.860161723291e-01,1.051171037518e+00,-1.446677778306e+02,-8.152411603390e-03,-3.044365920260e-03,-3.628879820629e+01
"                1969",-7.087387539363e-01,9.850643095676e-01,-1.084039818992e+02,-7.182310881221e-01,9.819164810482e-01,-1.446944306884e+02,-9.492334185721e-03,-3.147828519406e-03,-3.629044878923e+01
"                1970",-7.950693395394e-01,9.580992930784e-01,-1.084478960193e+02,-8.053039054930e-01,9.555215995655e-01,-1.447389990821e+02,-1.023456595360e-02,-2.577693512882e-03,-3.629110306277e+01
"                1971",-8.393989997886e-01,9.905964688327e-01,-1.084986633702e+02,-8.497126699240e-01,9.891290505272e-01,-1.447893698790e+02,-1.031367013548e-02,-1.467418305497e-03,-3.629070650880e+01
"                1972",-8.111123040356e-01,1.098004778705e+00,-1.085480553172e+02,-8.208081439186e-01,1.098288157767e+00,-1.448372908047e+02,-9.695839882917e-03,2.833790622846e-04,-3.628923548746e+01
"                1973",-7.269402025015e-01,1.294278770191e+00,-1.085858659700e+02,-7.353755906459e-01,1.296920512265e+00,-1.448727982946e+02,-8.435388144431e-03,2.641742074743e-03,-3.628693232460e+01
"                1974",-6.067775691862e-01,1.553451860110e+00,-1.086230500495e+02,-6.134835723769e-01,1.558828137340e+00,-1.449075018813e+02,-6.706003190718e-03,5.376277230011e-03,-3.628445183186e+01
"                1975",-4.543782190239e-01,1.828483865355e+00,-1.086432915188e+02,-4.589047625850e-01,1.837038895174e+00,-1.449254260105e+02,-4.526543561018e-03,8.555029818914e-03,-3.628213449167e+01
"                1976",-2.798744312966e-01,2.079082865190e+00,-1.086439443131e+02,-2.818020436699e-01,2.091091512386e+00,-1.449243720157e+02,-1.927612373314e-03,1.200864719672e-02,-3.628042770251e+01
"                1977",-9.303305220200e-02,2.266895879827e+00,-1.086337220790e+02,-9.206522528277e-02,2.282452478676e+00,-1.449133831808e+02,9.678269192366e-04,1.555659884898e-02,-3.627966110175e+01
"                1978",1.129270734412e-01,2.398933285082e+00,-1.086108427372e+02,1.170044844840e-01,2.417869410815e+00,-1.448907400311e+02,4.077411042792e-03,1.893612573337e-02,-3.627989729389e+01
"                1979",3.128791526412e-01,2.530271565914e+00,-1.085735157174e+02,3.201325704569e-01,2.552199487256e+00,-1.448546150340e+02,7.253417815784e-03,2.192792134152e-02,-3.628109931659e+01
"                1980",5.052019075488e-01,2.688500690371e+00,-1.085204291581e+02,5.155156727191e-01,2.712921138335e+00,-1.448034244351e+02,1.031376517024e-02,2.442044796383e-02,-3.628299527697e+01
"                1981",6.952375194990e-01,2.868612246703e+00,-1.084669887754e+02,7.083460670513e-01,2.894963052554e+00,-1.447522576462e+02,1.310854755233e-02,2.635080585128e-02,-3.628526887080e+01
"                1982",8.763329887338e-01,3.023420704696e+00,-1.084270234144e+02,8.917937135002e-01,3.051042426713e+00,-1.447145371193e+02,1.546072476642e-02,2.762172201667e-02,-3.628751370493e+01
"                1983",1.042803462627e+00,3.115224165547e+00,-1.084176515815e+02,1.060088184776e+00,3.143433229211e+00,-1.447069513351e+02,1.728472214921e-02,2.820906366417e-02,-3.628929975363e+01
"                1984",1.176164117798e+00,3.117291810043e+00,-1.084432966672e+02,1.194694153267e+00,3.145355708640e+00,-1.447336706185e+02,1.853003546864e-02,2.806389859712e-02,-3.629037395128e+01
"                1985",1.248608057084e+00,3.046351145827e+00,-1.084825804666e+02,1.267742818893e+00,3.073584442206e+00,-1.447730478295e+02,1.913476180935e-02,2.723329637899e-02,-3.629046736287e+01
"                1986",1.257294873008e+00,2.918634193524e+00,-1.085264666660e+02,1.276398254393e+00,2.944397400292e+00,-1.448159101978e+02,1.910338138431e-02,2.576320676821e-02,-3.628944353181e+01
"                1987",1.195082247797e+00,2.760038879088e+00,-1.085599393494e+02,1.213602083298e+00,2.783672931857e+00,-1.448473856461e+02,1.851983550160e-02,2.363405276879e-02,-3.628744629670e+01
"                1988",1.056991349421e+00,2.583507150671e+00,-1.085800522486e+02,1.074341760798e+00,2.604552480999e+00,-1.448649261970e+02,1.735041137679e-02,2.104533032863e-02,-3.628487394842e+01
"                1989",8.872378371131e-01,2.421579767015e+00,-1.086052806796e+02,9.027990961329e-01,2.439721675932e+00,-1.448875081475e+02,1.556125901980e-02,1.814190891701e-02,-3.628222746786e+01
"                1990",6.999997305839e-01,2.285835664506e+00,-1.086181487542e+02,7.131691350951e-01,2.300844269301e+00,-1.448980382128e+02,1.316940451117e-02,1.500860479460e-02,-3.627988945858e+01
"                1991",5.040239886806e-01,2.186883795141e+00,-1.086110710405e+02,5.144538261264e-01,2.198665531985e+00,-1.448893337703e+02,1.042983744574e-02,1.178173684390e-02,-3.627826272975e+01
"                1992",3.110081400920e-01,2.086781126833e+00,-1.085934131946e+02,3.184267261117e-01,2.095421830649e+00,-1.448710409934e+02,7.418586019705e-03,8.640703815761e-03,-3.627762779884e+01
"                1993",1.447371255205e-01,1.949819508905e+00,-1.085599011719e+02,1.490078751130e-01,1.955503367085e+00,-1.448380256225e+02,4.270749592502e-03,5.683858179313e-03,-3.627812445059e+01
"                1994",-1.627461667616e-02,1.760283702704e+00,-1.085020131248e+02,-1.513101859747e-02,1.763337830112e+00,-1.447815724955e+02,1.143598078685e-03,3.054127407536e-03,-3.627955937073e+01
"                1995",-1.877406924773e-01,1.552549004519e+00,-1.084342609360e+02,-1.896398043096e-01,1.553367385142e+00,-1.447160621936e+02,-1.899111832306e-03,8.183806237691e-04,-3.628180125763e+01
"                1996",-3.623642044498e-01,1.364433533486e+00,-1.083805456875e+02,-3.670056724360e-01,1.363568506411e+00,-1.446649709507e+02,-4.641467986215e-03,-8.650270743281e-04,-3.628442526321e+01
"                1997",-5.404878051059e-01,1.230785580013e+00,-1.083630168141e+02,-5.475368312380e-01,1.228858176211e+00,-1.446500868026e+02,-7.049026132062e-03,-1.927403802208e-03,-3.628706998847e+01
"                1998",-7.104230994533e-01,1.162332854681e+00,-1.083791260854e+02,-7.193644629571e-01,1.160074080539e+00,-1.446683370384e+02,-8.941363503781e-03,-2.258774142463e-03,-3.628921095297e+01
"                1999",-8.378078231842e-01,1.145674205946e+00,-1.084165232585e+02,-8.480250588922e-01,1.143741452702e+00,-1.447069492803e+02,-1.021723570800e-02,-1.932753243216e-03,-3.629042602179e+01
"                2000",-9.195411802234e-01,1.174714296453e+00,-1.084657987602e+02,-9.303930814515e-01,1.173785950152e+00,-1.447562841231e+02,-1.085190122809e-02,-9.283463011693e-04,-3.629048536282e+01
"                2001",-9.457675870619e-01,1.274555700347e+00,-1.085087071579e+02,-9.566093078971e-01,1.275268242994e+00,-1.447981455036e+02,-1.084172083514e-02,7.125426477219e-04,-3.628943834569e+01
"                2002",-9.002431849360e-01,1.439457156470e+00,-1.085404727902e+02,-9.103680680111e-01,1.442289451209e+00,-1.448279863448e+02,-1.012488307504e-02,2.832294739086e-03,-3.628751355454e+01
"                2003",-7.929527369761e-01,1.656369869117e+00,-1.085742744601e+02,-8.017691606236e-01,1.661869024581e+00,-1.448594051930e+02,-8.816423647566e-03,5.499155464173e-03,-3.628513073294e+01
"                2004",-6.386214915985e-01,1.901160733602e+00,-1.086142510525e+02,-6.456559215816e-01,1.909774730393e+00,-1.448970431241e+02,-7.034429983094e-03,8.613996791302e-03,-3.628279207163e+01
"                2005",-4.517528407461e-01,2.140286452422e+00,-1.086393710408e+02,-4.564340855753e-01,2.152313581973e+00,-1.449202051073e+02,-4.681244829211e-03,1.202712955103e-02,-3.628083406656e+01
"                2006",-2.721807145047e-01,2.350706913835e+00,-1.086473416536e+02,-2.740368137499e-01,2.366174298944e+00,-1.449269800063e+02,-1.856099245213e-03,1.546738510823e-02,-3.627963835272e+01
"                2007",-9.374563279525e-02,2.512391515538e+00,-1.086393617422e+02,-9.250234383551e-02,2.531136954014e+00,-1.449187266467e+02,1.243288959741e-03,1.874543847633e-02,-3.627936490453e+01
"                2008",1.137967067424e-01,2.631760212167e+00,-1.086052250109e+02,1.182763190125e-01,2.653464693870e+00,-1.448852301997e+02,4.479612270006e-03,2.170448170319e-02,-3.628000518881e+01
"                2009",3.153564157962e-01,2.759862471868e+00,-1.085430261747e+02,3.230247253516e-01,2.784085599400e+00,-1.448245199084e+02,7.668309555408e-03,2.422312753255e-02,-3.628149373376e+01
"                2010",5.102630221106e-01,2.897394785161e+00,-1.084753404515e+02,5.209405023729e-01,2.923617967620e+00,-1.447588397197e+02,1.067748026228e-02,2.622318245896e-02,-3.628349926820e+01
"                2011",6.731321867360e-01,3.040511844058e+00,-1.084272719848e+02,6.864472444202e-01,3.068195339691e+00,-1.447130546414e+02,1.331505768420e-02,2.768349563350e-02,-3.628578265659e+01
"                2012",8.291020816633e-01,3.148219428266e+00,-1.084083774232e+02,8.445314129883e-01,3.176695811912e+00,-1.446963034080e+02,1.542933132501e-02,2.847638364612e-02,-3.628792598477e+01
"                2013",9.939246370738e-01,3.186215067326e+00,-1.084209415490e+02,1.010919359500e+00,3.214767644037e+00,-1.447103857721e+02,1.699472242603e-02,2.855257671070e-02,-3.628944422306e+01
"                2014",1.116968566571e+00,3.127217983196e+00,-1.084584512985e+02,1.135015260662e+00,3.155124156497e+00,-1.447484778910e+02,1.804669409062e-02,2.790617330078e-02,-3.629002659246e+01
"                2015",1.166741739833e+00,3.004097412973e+00,-1.084959061903e+02,1.185271113578e+00,3.030613062708e+00,-1.447853886627e+02,1.852937374528e-02,2.651564973475e-02,-3.628948247243e+01
"                2016",1.145560076551e+00,2.863993366392e+00,-1.085298662780e+02,1.163981384297e+00,2.888498236862e+00,-1.448177945754e+02,1.842130774626e-02,2.450487046955e-02,-3.628792829737e+01
"                2017",1.073589104053e+00,2.711620524592e+00,-1.085538303588e+02,1.091320870490e+00,2.733656595264e+00,-1.448395239543e+02,1.773176643688e-02,2.203607067251e-02,-3.628569359556e+01
"                2018",9.628730852263e-01,2.559145029173e+00,-1.085723988650e+02,9.793490585935e-01,2.578331361435e+00,-1.448555690489e+02,1.647597336718e-02,1.918633226198e-02,-3.628317018388e+01
"                2019",8.221101426914e-01,2.422082534390e+00,-1.085961624669e+02,8.367206806299e-01,2.438218894538e+00,-1.448769216488e+02,1.461053793848e-02,1.613636014820e-02,-3.628075918182e+01
"                2020",6.410759497452e-01,2.309507560185e+00,-1.086049356869e+02,6.532900142827e-01,2.322554255009e+00,-1.448837580355e+02,1.221406453754e-02,1.304669482450e-02,-3.627882234855e+01
"                2021",4.262277112492e-01,2.212572580956e+00,-1.085915220974e+02,4.357496131571e-01,2.222616292781e+00,-1.448692197835e+02,9.521901907874e-03,1.004371182551e-02,-3.627769768616e+01
"                2022",2.164021744912e-01,2.098418436918e+00,-1.085689690204e+02,2.229653026163e-01,2.105683417553e+00,-1.448465072513e+02,6.563128125037e-03,7.264980634655e-03,-3.627753823090e+01
"                2023",4.898367145398e-02,1.932517914520e+00,-1.085267090093e+02,5.241563690090e-02,1.937298962344e+00,-1.448051192090e+02,3.431965446922e-03,4.781047824843e-03,-3.627841019970e+01
"                2024",-1.046020318875e-01,1.745318103579e+00,-1.084676398487e+02,-1.043415199444e-01,1.748042745807e+00,-1.447477864796e+02,2.605119431328e-04,2.724642228476e-03,-3.628014663089e+01
"                2025",-2.744607543333e-01,1.574876200792e+00,-1.084108739760e+02,-2.772649400408e-01,1.575958441814e+00,-1.446933538470e+02,-2.804185707437e-03,1.082241021250e-03,-3.628247987096e+01
"                2026",-4.685432717466e-01,1.453610719166e+00,-1.083726970126e+02,-4.740939612358e-01,1.453569007948e+00,-1.446576497852e+02,-5.550689489185e-03,-4.171121771460e-05,-3.628495277252e+01
"                2027",-6.591054052870e-01,1.380268180335e+00,-1.083656930884e+02,-6.670299096303e-01,1.379645253276e+00,-1.446529226933e+02,-7.924504343305e-03,-6.229270592692e-04,-3.628722960488e+01
"                2028",-8.243854260637e-01,1.347880236002e+00,-1.083906829522e+02,-8.340955568877e-01,1.347352031588e+00,-1.446794632037e+02,-9.710130823998e-03,-5.282044136540e-04,-3.628878025151e+01
"                2029",-9.374498461513e-01,1.372620276841e+00,-1.084289019876e+02,-9.483242441706e-01,1.372924228945e+00,-1.447182144099e+02,-1.087439801931e-02,3.039521044796e-04,-3.628931242233e+01
"                2030",-1.005637411762e+00,1.458202918870e+00,-1.084662342547e+02,-1.017051736127e+00,1.459928931943e+00,-1.447550899762e+02,-1.141432436455e-02,1.726013073396e-03,-3.628885572142e+01
"                2031",-1.013657948970e+00,1.601786143080e+00,-1.085005312181e+02,-1.024998686307e+00,1.605438810640e+00,-1.447881550549e+02,-1.134073733656e-02,3.652667559993e-03,-3.628762383674e+01
"                2032",-9.310383047869e-01,1.762006755993e+00,-1.085309010795e+02,-9.415752264989e-01,1.768134427688e+00,-1.448166539390e+02,-1.053692171201e-02,6.127671695237e-03,-3.628575285959e+01
"                2033",-7.872857619298e-01,1.942834182537e+00,-1.085679598949e+02,-7.963568566293e-01,1.951894146666e+00,-1.448516037192e+02,-9.071094699528e-03,9.059964128314e-03,-3.628364382432e+01
"                2034",-6.096599170670e-01,2.146585132247e+00,-1.086132110250e+02,-6.167151251521e-01,2.158808728646e+00,-1.448949146739e+02,-7.055208085053e-03,1.222359639930e-02,-3.628170364886e+01
"                2035",-4.255994785940e-01,2.362116631052e+00,-1.086448266694e+02,-4.300401630729e-01,2.377543525869e+00,-1.449250272056e+02,-4.440684478865e-03,1.542689481651e-02,-3.628020053623e+01
"                2036",-2.500483665560e-01,2.562581895150e+00,-1.086483151644e+02,-2.514674334331e-01,2.581050055630e+00,-1.449277332767e+02,-1.419066877104e-03,1.846816047988e-02,-3.627941811230e+01
"                2037",-6.807034251975e-02,2.721582031485e+00,-1.086230760272e+02,-6.628604897154e-02,2.742872790728e+00,-1.449025288084e+02,1.784293548204e-03,2.129075924257e-02,-3.627945278118e+01
"                2038",1.324443452605e-01,2.831449878520e+00,-1.085743656319e+02,1.374760643050e-01,2.855213376503e+00,-1.448546179321e+02,5.031719044562e-03,2.376349798334e-02,-3.628025230018e+01
"                2039",3.218372960205e-01,2.922942248920e+00,-1.085127794829e+02,3.299881376695e-01,2.948738780240e+00,-1.447945468040e+02,8.150841649033e-03,2.579653132052e-02,-3.628176732105e+01
"                2040",5.032232017214e-01,3.013596565140e+00,-1.084567381716e+02,5.142122673902e-01,3.040884761689e+00,-1.447404850152e+02,1.098906566875e-02,2.728819654932e-02,-3.628374684359e+01
"                2041",6.652693061490e-01,3.106912386694e+00,-1.084235377022e+02,6.786476134435e-01,3.135147026963e+00,-1.447094095662e+02,1.337830729453e-02,2.823464026912e-02,-3.628587186409e+01
"                2042",8.225058185207e-01,3.158833868578e+00,-1.084181349698e+02,8.377848516961e-01,3.187378261257e+00,-1.447057429944e+02,1.527903317536e-02,2.854439267931e-02,-3.628760802463e+01
"                2043",9.673777496687e-01,3.137698855321e+00,-1.084390713932e+02,9.841319417277e-01,3.165778580975e+00,-1.447276245446e+02,1.675419205901e-02,2.807972565392e-02,-3.628855315135e+01
"                2044",1.056751908602e+00,3.056285379933e+00,-1.084726082564e+02,1.074495296551e+00,3.083132947213e+00,-1.447612112168e+02,1.774338794916e-02,2.684756727983e-02,-3.628860296036e+01
"                2045",1.098698557108e+00,2.925042330091e+00,-1.085041120589e+02,1.116841574945e+00,2.950097241955e+00,-1.447918580266e+02,1.814301783726e-02,2.505491186389e-02,-3.628774596764e+01
"                2046",1.095951051357e+00,2.795017300542e+00,-1.085358035388e+02,1.113869036026e+00,2.817766728822e+00,-1.448219268688e+02,1.791798466913e-02,2.274942827984e-02,-3.628612332999e+01
"                2047",1.036315994336e+00,2.668960032721e+00,-1.085585085168e+02,1.053445664329e+00,2.689033494066e+00,-1.448425895859e+02,1.712966999230e-02,2.007346134511e-02,-3.628408106904e+01
"                2048",9.269874627924e-01,2.552556525006e+00,-1.085739958857e+02,9.428139823297e-01,2.569746998847e+00,-1.448559027949e+02,1.582651953728e-02,1.719047384198e-02,-3.628190690919e+01
"                2049",7.722398445905e-01,2.435442418729e+00,-1.085913061416e+02,7.861581595165e-01,2.449808801015e+00,-1.448712411026e+02,1.391831492595e-02,1.436638228655e-02,-3.627993496097e+01
"                2050",5.740261345573e-01,2.311158814774e+00,-1.085915924069e+02,5.855665975076e-01,2.322799948971e+00,-1.448700437295e+02,1.154046295029e-02,1.164113419790e-02,-3.627845132263e+01
"                2051",3.528463430417e-01,2.179402255118e+00,-1.085719183646e+02,3.616827561289e-01,2.188509935649e+00,-1.448496398346e+02,8.836413087207e-03,9.107680531456e-03,-3.627772146999e+01
"                2052",1.572577840751e-01,2.042562601362e+00,-1.085476915202e+02,1.630550453426e-01,2.049469647627e+00,-1.448256096566e+02,5.797261267556e-03,6.907046264736e-03,-3.627791813646e+01
"                2053",-1.895806342816e-03,1.899058724940e+00,-1.085142590134e+02,6.764859036170e-04,1.904111723035e+00,-1.447932542248e+02,2.572292246433e-03,5.052998094997e-03,-3.627899521139e+01
"                2054",-1.716191831970e-01,1.783157159760e+00,-1.084694397441e+02,-1.723204445347e-01,1.786726848387e+00,-1.447501482276e+02,-7.012613377300e-04,3.569688627072e-03,-3.628070848347e+01
"                2055",-3.655808798289e-01,1.685077502735e+00,-1.084218033273e+02,-3.693558601974e-01,1.687512971336e+00,-1.447045807459e+02,-3.774980368488e-03,2.435468601119e-03,-3.628277741858e+01
"                2056",-5.624641035982e-01,1.609380689359e+00,-1.083868722997e+02,-5.689395789110e-01,1.611085129711e+00,-1.446716536359e+02,-6.475475312806e-03,1.704440352148e-03,-3.628478133627e+01
"                2057",-7.411003768636e-01,1.576861739067e+00,-1.083829012124e+02,-7.498631318750e-01,1.578474364600e+00,-1.446693921203e+02,-8.762755011392e-03,1.612625532629e-03,-3.628649090791e+01
"                2058",-9.000394706906e-01,1.591053553602e+00,-1.084048073566e+02,-9.104835053849e-01,1.593226944387e+00,-1.446923521850e+02,-1.044403469427e-02,2.173390785382e-03,-3.628754482841e+01
"                2059",-9.981508022975e-01,1.669512229426e+00,-1.084351807756e+02,-1.009701993776e+00,1.672791732091e+00,-1.447230476233e+02,-1.155119147814e-02,3.279502664826e-03,-3.628786684775e+01
"                2060",-1.036934142512e+00,1.772777161134e+00,-1.084659358783e+02,-1.048951827558e+00,1.777783050599e+00,-1.447533936086e+02,-1.201768504598e-02,5.005889464309e-03,-3.628745773025e+01
"                2061",-9.994505657699e-01,1.882135965260e+00,-1.084971876531e+02,-1.011235460879e+00,1.889358916847e+00,-1.447836056628e+02,-1.178489510952e-02,7.222951587070e-03,-3.628641800968e+01
"                2062",-8.896348938359e-01,1.984503265110e+00,-1.085322225811e+02,-9.003792363117e-01,1.994295131690e+00,-1.448171186337e+02,-1.074434247578e-02,9.791866579719e-03,-3.628489605260e+01
"                2063",-7.391922469824e-01,2.123769800700e+00,-1.085773786319e+02,-7.481915581801e-01,2.136329833004e+00,-1.448606197875e+02,-8.999311197728e-03,1.256003230458e-02,-3.628324115566e+01
"                2064",-5.588208552666e-01,2.315135010897e+00,-1.086227270493e+02,-5.655118150023e-01,2.330495622622e+00,-1.449044024313e+02,-6.690959735735e-03,1.536061172449e-02,-3.628167538193e+01
"                2065",-3.691042797118e-01,2.540427090723e+00,-1.086413316462e+02,-3.729739454536e-01,2.558505822634e+00,-1.449218266175e+02,-3.869665741795e-03,1.807873191071e-02,-3.628049497124e+01
"                2066",-1.920891529690e-01,2.735647535372e+00,-1.086260009661e+02,-1.928373218899e-01,2.756268450628e+00,-1.449058904487e+02,-7.481689208779e-04,2.062091525573e-02,-3.627988948260e+01
"                2067",-2.102161585617e-02,2.861396337343e+00,-1.085948216526e+02,-1.851868347718e-02,2.884305753924e+00,-1.448747717266e+02,2.502932378991e-03,2.290941658140e-02,-3.627995007399e+01
"                2068",1.585896498306e-01,2.918697206278e+00,-1.085505563748e+02,1.642631425031e-01,2.943553186085e+00,-1.448313047734e+02,5.673492672468e-03,2.485597980682e-02,-3.628074839859e+01
"                2069",3.411443564770e-01,2.957217455656e+00,-1.084972437353e+02,3.497582810026e-01,2.983552373152e+00,-1.447794044461e+02,8.613924525570e-03,2.633491749568e-02,-3.628216071080e+01
"                2070",5.183078106991e-01,2.993996707678e+00,-1.084521780849e+02,5.295855017844e-01,3.021299794798e+00,-1.447360339564e+02,1.127769108526e-02,2.730308711935e-02,-3.628385587150e+01
"                2071",6.785916295460e-01,3.031343024874e+00,-1.084264269521e+02,6.921461101340e-01,3.059029734950e+00,-1.447118887398e+02,1.355448058803e-02,2.768671007609e-02,-3.628546178768e+01
"                2072",8.235716217627e-01,3.056939024010e+00,-1.084224189503e+02,8.389775667110e-01,3.084347858493e+00,-1.447090496758e+02,1.540594494831e-02,2.740883448261e-02,-3.628663072557e+01
"                2073",9.466844576813e-01,3.031940359260e+00,-1.084418144821e+02,9.635341178253e-01,3.058447752451e+00,-1.447290412107e+02,1.684966014402e-02,2.650739319152e-02,-3.628722672857e+01
"                2074",1.044635335674e+00,2.960017169428e+00,-1.084729345708e+02,1.062362732561e+00,2.985004692011e+00,-1.447601247378e+02,1.772739688687e-02,2.498752258279e-02,-3.628719016694e+01
"                2075",1.112450862493e+00,2.843047254428e+00,-1.085021967861e+02,1.130448261682e+00,2.866009702728e+00,-1.447886654943e+02,1.799739918858e-02,2.296244829987e-02,-3.628646870820e+01
"                2076",1.112090014388e+00,2.736044211733e+00,-1.085278540063e+02,1.129802561343e+00,2.756645087099e+00,-1.448130088969e+02,1.771254695455e-02,2.060087536596e-02,-3.628515489064e+01
"                2077",1.031247706169e+00,2.635216926439e+00,-1.085395191173e+02,1.048132403373e+00,2.653330314488e+00,-1.448230052640e+02,1.688469720409e-02,1.811338804930e-02,-3.628348614667e+01
"                2078",8.957376568648e-01,2.533282612509e+00,-1.085509482081e+02,9.112779034502e-01,2.548874690971e+00,-1.448326824057e+02,1.554024658546e-02,1.559207846190e-02,-3.628173419752e+01
"                2079",7.305651045289e-01,2.411301832586e+00,-1.085653713244e+02,7.441286399441e-01,2.424522693073e+00,-1.448454945754e+02,1.356353541525e-02,1.322086048725e-02,-3.628012325109e+01
"                2080",5.437340255536e-01,2.286486922809e+00,-1.085665504038e+02,5.548168102851e-01,2.297569750111e+00,-1.448455211000e+02,1.108278473153e-02,1.108282730246e-02,-3.627897069622e+01
"                2081",3.371091050252e-01,2.156604146535e+00,-1.085531082923e+02,3.453382105390e-01,2.165826246309e+00,-1.448315690098e+02,8.229105513784e-03,9.222099774484e-03,-3.627846071750e+01
"                2082",1.318180637845e-01,2.043846281321e+00,-1.085378013337e+02,1.368565731561e-01,2.051510332463e+00,-1.448164693874e+02,5.038509371656e-03,7.664051142004e-03,-3.627866805361e+01
"                2083",-5.900766179138e-02,1.945974466310e+00,-1.085119249204e+02,-5.727585989479e-02,1.952333664085e+00,-1.447914219920e+02,1.731801896598e-03,6.359197775128e-03,-3.627949707160e+01
"                2084",-2.402609077203e-01,1.881987568938e+00,-1.084714486185e+02,-2.418163421301e-01,1.887297801942e+00,-1.447522559051e+02,-1.555434409711e-03,5.310233003350e-03,-3.628080728655e+01
"                2085",-4.323556039582e-01,1.842084747285e+00,-1.084339413808e+02,-4.369280693633e-01,1.846727047489e+00,-1.447162528093e+02,-4.572465405169e-03,4.642300203848e-03,-3.628231142852e+01
"                2086",-6.272504657072e-01,1.823809419483e+00,-1.084025107073e+02,-6.345012681062e-01,1.828219662289e+00,-1.446863112799e+02,-7.250802398963e-03,4.410242805784e-03,-3.628380057266e+01
"                2087",-8.080748535039e-01,1.836052991984e+00,-1.083902368969e+02,-8.175430255265e-01,1.840690703007e+00,-1.446754171629e+02,-9.468172022633e-03,4.637711023047e-03,-3.628518026600e+01
"                2088",-9.540655011677e-01,1.858340402598e+00,-1.084011534712e+02,-9.651595076592e-01,1.863811042591e+00,-1.446873196833e+02,-1.109400649146e-02,5.470639993635e-03,-3.628616621216e+01
"                2089",-1.032856550065e+00,1.898490197171e+00,-1.084294381540e+02,-1.044943495796e+00,1.905371990951e+00,-1.447160516786e+02,-1.208694573075e-02,6.881793779479e-03,-3.628661352461e+01
"                2090",-1.045140634645e+00,1.943731469206e+00,-1.084685678670e+02,-1.057492014955e+00,1.952481564763e+00,-1.447550870815e+02,-1.235138030982e-02,8.750095556426e-03,-3.628651921443e+01
"                2091",-9.867972802031e-01,2.004356056926e+00,-1.085111940693e+02,-9.986014053058e-01,2.015202044969e+00,-1.447970592225e+02,-1.180412510268e-02,1.084598804331e-02,-3.628586515327e+01
"                2092",-8.741026037827e-01,2.089969615458e+00,-1.085505686938e+02,-8.845517027734e-01,2.103037112921e+00,-1.448352664762e+02,-1.044909899076e-02,1.306749746283e-02,-3.628469778242e+01
"                2093",-7.183331633472e-01,2.229097017674e+00,-1.085839365115e+02,-7.267873686685e-01,2.244464797194e+00,-1.448672454842e+02,-8.454205321389e-03,1.536777951979e-02,-3.628330897276e+01
"                2094",-5.293392204036e-01,2.425879404425e+00,-1.086037614056e+02,-5.352976430711e-01,2.443511301208e+00,-1.448856491897e+02,-5.958422667482e-03,1.763189678250e-02,-3.628188778413e+01
"                2095",-3.446295654923e-01,2.635939938015e+00,-1.086147505377e+02,-3.476706802722e-01,2.655727872269e+00,-1.448955099381e+02,-3.041114779909e-03,1.978793425336e-02,-3.628075940039e+01
"                2096",-1.833499655611e-01,2.787085022197e+00,-1.086079424092e+02,-1.832821034229e-01,2.808892613457e+00,-1.448881068049e+02,6.786213813659e-05,2.180759125970e-02,-3.628016439572e+01
"                2097",-9.656993690555e-03,2.858918760216e+00,-1.085838164355e+02,-6.431876005550e-03,2.882463350727e+00,-1.448639825559e+02,3.225117685006e-03,2.354459051162e-02,-3.628016612035e+01
"                2098",1.768926353410e-01,2.870393090076e+00,-1.085471631793e+02,1.831545816802e-01,2.895325741747e+00,-1.448279123844e+02,6.261946339174e-03,2.493265167166e-02,-3.628074920510e+01
"                2099",3.687527405267e-01,2.857940381364e+00,-1.085058421622e+02,3.778734626187e-01,2.883784330613e+00,-1.447875428214e+02,9.120722092015e-03,2.584394924922e-02,-3.628170065921e+01
"                2100",5.449894128220e-01,2.865567967932e+00,-1.084662213857e+02,5.567335029066e-01,2.891773782199e+00,-1.447490982765e+02,1.174409008454e-02,2.620581426627e-02,-3.628287689078e+01
"                2101",6.943031920352e-01,2.895507316291e+00,-1.084350751356e+02,7.082818676413e-01,2.921583598530e+00,-1.447191591163e+02,1.397867560615e-02,2.607628223868e-02,-3.628408398073e+01
"                2102",8.515199645162e-01,2.923428374330e+00,-1.084255406664e+02,8.672717580391e-01,2.948913121239e+00,-1.447106427947e+02,1.575179352287e-02,2.548474690887e-02,-3.628510212831e+01
"                2103",1.001141552596e+00,2.904620206433e+00,-1.084397203423e+02,1.018235629636e+00,2.928945329954e+00,-1.447255030087e+02,1.709407703979e-02,2.432512352092e-02,-3.628578266639e+01
"                2104",1.116129167907e+00,2.848895649800e+00,-1.084661786248e+02,1.134019598589e+00,2.871588438750e+00,-1.447521935437e+02,1.789043068246e-02,2.269278894984e-02,-3.628601491892e+01
"                2105",1.168943940352e+00,2.761965572129e+00,-1.084943916583e+02,1.187030654168e+00,2.782739277560e+00,-1.447800626393e+02,1.808671381623e-02,2.077370543127e-02,-3.628567098103e+01
"                2106",1.135121457320e+00,2.675778077116e+00,-1.085188608322e+02,1.152853174556e+00,2.694488363253e+00,-1.448036536664e+02,1.773171723633e-02,1.871028613665e-02,-3.628479283416e+01
"                2107",1.027032990762e+00,2.583017754088e+00,-1.085309092828e+02,1.043864683132e+00,2.599668069889e+00,-1.448144204665e+02,1.683169236954e-02,1.665031580124e-02,-3.628351118365e+01
"                2108",8.847202865777e-01,2.477957067387e+00,-1.085426882542e+02,9.000508625322e-01,2.492645159196e+00,-1.448247605246e+02,1.533057595447e-02,1.468809180917e-02,-3.628207227039e+01
"                2109",7.181420205325e-01,2.353744091336e+00,-1.085503540441e+02,7.312934840252e-01,2.366736856348e+00,-1.448310373866e+02,1.315146349271e-02,1.299276501242e-02,-3.628068334254e+01
"                2110",5.242052802703e-01,2.249258185868e+00,-1.085615870080e+02,5.346871318423e-01,2.260760509128e+00,-1.448411964261e+02,1.048185157200e-02,1.150232325972e-02,-3.627960941804e+01
"                2111",3.000928737256e-01,2.166076121409e+00,-1.085675979474e+02,3.075506360896e-01,2.176325843384e+00,-1.448465582161e+02,7.457762363994e-03,1.024972197566e-02,-3.627896026869e+01
"                2112",8.776148302809e-02,2.093630063201e+00,-1.085599050715e+02,9.195638542747e-02,2.102796855013e+00,-1.448387839826e+02,4.194902399380e-03,9.166791811295e-03,-3.627887891117e+01
"                2113",-1.090385593842e-01,2.039277749522e+00,-1.085333157386e+02,-1.081614221535e-01,2.047601065763e+00,-1.448125286073e+02,8.771372307265e-04,8.323316241856e-03,-3.627921286866e+01
"                2114",-3.037980413751e-01,2.019652948958e+00,-1.084878088458e+02,-3.061753413421e-01,2.027460356648e+00,-1.447677825868e+02,-2.377299967069e-03,7.807407690246e-03,-3.627997374106e+01
"                2115",-5.060085795169e-01,2.030418193310e+00,-1.084389373369e+02,-5.113743553587e-01,2.037944225410e+00,-1.447200436594e+02,-5.365775841846e-03,7.526032099950e-03,-3.628110632250e+01
"                2116",-7.015520619815e-01,2.037955727175e+00,-1.084030153109e+02,-7.095704118263e-01,2.045515607496e+00,-1.446855657075e+02,-8.018349844831e-03,7.559880321312e-03,-3.628255039664e+01
"                2117",-8.704431802371e-01,2.024939217194e+00,-1.083930834593e+02,-8.805769042210e-01,2.033046487333e+00,-1.446771620870e+02,-1.013372398386e-02,8.107270138561e-03,-3.628407862776e+01
"                2118",-9.931887347248e-01,1.992667891027e+00,-1.084050132497e+02,-1.004753250389e+00,2.001776626319e+00,-1.446903723666e+02,-1.156451566421e-02,9.108735291779e-03,-3.628535911697e+01
"                2119",-1.058021357872e+00,1.974192632463e+00,-1.084375033521e+02,-1.070287676038e+00,1.984656219919e+00,-1.447237107036e+02,-1.226631816550e-02,1.046358745582e-02,-3.628620735153e+01
"                2120",-1.066884511800e+00,1.992572901181e+00,-1.084767908697e+02,-1.079107516832e+00,2.004574983892e+00,-1.447632839955e+02,-1.222300503253e-02,1.200208271084e-02,-3.628649312586e+01
"                2121",-1.001891101033e+00,2.052431934647e+00,-1.085120655846e+02,-1.013254347348e+00,2.066063656642e+00,-1.447981484970e+02,-1.136324631453e-02,1.363172199574e-02,-3.628608291242e+01
"                2122",-8.800604928118e-01,2.146607794571e+00,-1.085386595835e+02,-8.898633805860e-01,2.161942435469e+00,-1.448237753682e+02,-9.802887774273e-03,1.533464089730e-02,-3.628511578468e+01
"                2123",-7.150298897273e-01,2.280812662321e+00,-1.085625130124e+02,-7.227051848205e-01,2.297882056988e+00,-1.448462940723e+02,-7.675295093165e-03,1.706939466631e-02,-3.628378105985e+01
"                2124",-5.274021573228e-01,2.450254400585e+00,-1.085823839725e+02,-5.324944904335e-01,2.469061855041e+00,-1.448647319267e+02,-5.092333110654e-03,1.880745445611e-02,-3.628234795421e+01
"                2125",-3.459505464519e-01,2.616609538362e+00,-1.086030315227e+02,-3.481424710002e-01,2.637007221230e+00,-1.448842179097e+02,-2.191924548257e-03,2.039768286844e-02,-3.628118638706e+01
"                2126",-1.738516365094e-01,2.719551370491e+00,-1.086080110330e+02,-1.730452522037e-01,2.741397283218e+00,-1.448884440652e+02,8.063843056814e-04,2.184591272671e-02,-3.628043303213e+01
"                2127",8.254451140544e-03,2.736776891209e+00,-1.085952717297e+02,1.213259707491e-02,2.759802381220e+00,-1.448753306657e+02,3.878145934365e-03,2.302549001056e-02,-3.628005893601e+01
"                2128",1.955920545499e-01,2.711996619506e+00,-1.085627822746e+02,2.024981728176e-01,2.735793950731e+00,-1.448429137258e+02,6.906118267622e-03,2.379733122470e-02,-3.628013145114e+01
"                2129",3.891743682313e-01,2.689926462314e+00,-1.085149843563e+02,3.989544012773e-01,2.714042215866e+00,-1.447956315379e+02,9.780033046021e-03,2.411575355191e-02,-3.628064718155e+01
"                2130",5.844673794441e-01,2.700301910339e+00,-1.084688777739e+02,5.968227247686e-01,2.724390057903e+00,-1.447505039163e+02,1.235534532457e-02,2.408814756393e-02,-3.628162614240e+01
"                2131",7.701513566407e-01,2.738108367587e+00,-1.084340498641e+02,7.846185464452e-01,2.761774957354e+00,-1.447168751230e+02,1.446718980451e-02,2.366658976682e-02,-3.628282525883e+01
"                2132",9.504155154135e-01,2.770899033526e+00,-1.084240639190e+02,9.665794933557e-01,2.793767132850e+00,-1.447081126188e+02,1.616397794215e-02,2.286809932367e-02,-3.628404869984e+01
"                2133",1.085410312788e+00,2.772665459107e+00,-1.084382904597e+02,1.102840046271e+00,2.794390287996e+00,-1.447233721333e+02,1.742973348250e-02,2.172482888918e-02,-3.628508167361e+01
"                2134",1.157346888644e+00,2.733096309507e+00,-1.084661263645e+02,1.175484874635e+00,2.753460351519e+00,-1.447518402358e+02,1.813798599046e-02,2.036404201142e-02,-3.628571387139e+01
"                2135",1.176794102080e+00,2.647350668610e+00,-1.084911267861e+02,1.195035765222e+00,2.666200374184e+00,-1.447768439620e+02,1.824166314249e-02,1.884970557359e-02,-3.628571717590e+01
"                2136",1.126117102460e+00,2.549329933616e+00,-1.085085281752e+02,1.143863330778e+00,2.566648952448e+00,-1.447936637279e+02,1.774622831833e-02,1.731901883166e-02,-3.628513555267e+01
"                2137",1.016910385291e+00,2.459072170307e+00,-1.085189681664e+02,1.033560545628e+00,2.474961882813e+00,-1.448030820662e+02,1.665016033685e-02,1.588971250620e-02,-3.628411389983e+01
"                2138",8.582447936693e-01,2.367559717920e+00,-1.085351260387e+02,8.731268501344e-01,2.382184980873e+00,-1.448178915423e+02,1.488205646515e-02,1.462526295289e-02,-3.628276550361e+01
"                2139",6.674146081925e-01,2.289234297821e+00,-1.085569257338e+02,6.798938025234e-01,2.302797351189e+00,-1.448382050065e+02,1.247919433087e-02,1.356305336800e-02,-3.628127927264e+01
"                2140",4.555608838724e-01,2.230527357955e+00,-1.085835990728e+02,4.652388756727e-01,2.243154829162e+00,-1.448635433158e+02,9.677991800337e-03,1.262747120668e-02,-3.627994424301e+01
"                2141",2.255048137683e-01,2.191461818384e+00,-1.085969871209e+02,2.320711242951e-01,2.203294779489e+00,-1.448758365319e+02,6.566310526746e-03,1.183296110450e-02,-3.627884941102e+01
"                2142",-1.356402985294e-03,2.157032168201e+00,-1.085835328627e+02,1.914884113680e-03,2.168324018792e+00,-1.448617910408e+02,3.271287098974e-03,1.129185059077e-02,-3.627825817807e+01
"                2143",-2.185921449352e-01,2.141131979626e+00,-1.085428831870e+02,-2.186580111222e-01,2.152046538214e+00,-1.448211121087e+02,-6.586618705551e-05,1.091455858829e-02,-3.627822892177e+01
"                2144",-4.241651186917e-01,2.155533231896e+00,-1.084900071013e+02,-4.274894295406e-01,2.166193016814e+00,-1.447689240424e+02,-3.324310848909e-03,1.065978491860e-02,-3.627891694113e+01
"                2145",-6.130870464313e-01,2.165739055964e+00,-1.084393865107e+02,-6.193765826173e-01,2.176415997499e+00,-1.447196097051e+02,-6.289536185951e-03,1.067694153521e-02,-3.628022319441e+01
"                2146",-7.854444158276e-01,2.140055302582e+00,-1.084036898044e+02,-7.942649948075e-01,2.151023410586e+00,-1.446856646511e+02,-8.820578979851e-03,1.096810800350e-02,-3.628197484663e+01
"                2147",-9.384722515626e-01,2.072938726511e+00,-1.083959900147e+02,-9.491656980638e-01,2.084471736756e+00,-1.446799132610e+02,-1.069344650126e-02,1.153301024510e-02,-3.628392324626e+01
"                2148",-1.054635573868e+00,2.003899509711e+00,-1.084075830445e+02,-1.066474993722e+00,2.016200991808e+00,-1.446932154590e+02,-1.183941985348e-02,1.230148209706e-02,-3.628563241453e+01
"                2149",-1.110367953464e+00,1.974167538372e+00,-1.084358293438e+02,-1.122601401506e+00,1.987369387807e+00,-1.447226535013e+02,-1.223344804224e-02,1.320184943419e-02,-3.628682415755e+01
"                2150",-1.100058730642e+00,2.003390051503e+00,-1.084641585040e+02,-1.112010120220e+00,2.017594176928e+00,-1.447515041450e+02,-1.195138957858e-02,1.420412542451e-02,-3.628734564093e+01
"                2151",-1.023440221289e+00,2.066611624219e+00,-1.084907616357e+02,-1.034354054689e+00,2.081879104761e+00,-1.447777580360e+02,-1.091383339979e-02,1.526748054192e-02,-3.628699640028e+01
"                2152",-8.925862333661e-01,2.143204629980e+00,-1.085223717613e+02,-9.018214959433e-01,2.159636486434e+00,-1.448083693577e+02,-9.235262577214e-03,1.643185645386e-02,-3.628599759643e+01
"                2153",-7.204500915359e-01,2.234391414250e+00,-1.085602341486e+02,-7.275354456939e-01,2.251983779731e+00,-1.448448290698e+02,-7.085354158028e-03,1.759236548015e-02,-3.628459492118e+01
"                2154",-5.270075782461e-01,2.354311247263e+00,-1.085924867122e+02,-5.315394573246e-01,2.373067831615e+00,-1.448754925439e+02,-4.531879078555e-03,1.875658435257e-02,-3.628300583170e+01
"                2155",-3.375120227562e-01,2.461217448704e+00,-1.086186852327e+02,-3.392001454354e-01,2.480995506988e+00,-1.449001946996e+02,-1.688122679166e-03,1.977805828357e-02,-3.628150946692e+01
"                2156",-1.564969627468e-01,2.507186715788e+00,-1.086231455686e+02,-1.551536776037e-01,2.527798195792e+00,-1.449033751672e+02,1.343285143060e-03,2.061148000360e-02,-3.628022959854e+01
"                2157",2.971366558023e-02,2.500142503304e+00,-1.085995690056e+02,3.418185342041e-02,2.521308581634e+00,-1.448789329828e+02,4.468187840181e-03,2.116607833004e-02,-3.627936397722e+01
"                2158",2.272817269365e-01,2.472837661906e+00,-1.085558072743e+02,2.348132821319e-01,2.494328321737e+00,-1.448349681824e+02,7.531555195419e-03,2.149065983105e-02,-3.627916090808e+01
"                2159",4.542995452920e-01,2.459369359444e+00,-1.085068005983e+02,4.646553161443e-01,2.480853885439e+00,-1.447864346333e+02,1.035577085223e-02,2.148452599551e-02,-3.627963403497e+01
"                2160",6.753118538871e-01,2.480083460153e+00,-1.084620948865e+02,6.881568408243e-01,2.501261915961e+00,-1.447428691227e+02,1.284498693722e-02,2.117845580781e-02,-3.628077423615e+01
"                2161",8.656260365257e-01,2.533608959627e+00,-1.084280432147e+02,8.805339785595e-01,2.554285967649e+00,-1.447102916930e+02,1.490794203375e-02,2.067700802201e-02,-3.628224847836e+01
"                2162",1.013986980140e+00,2.574335742011e+00,-1.084147395292e+02,1.030551117837e+00,2.594402208805e+00,-1.446985489726e+02,1.656413769621e-02,2.006646679414e-02,-3.628380944340e+01
"                2163",1.102476050137e+00,2.575209599279e+00,-1.084212072236e+02,1.120243829117e+00,2.594483384966e+00,-1.447064099884e+02,1.776777898053e-02,1.927378568741e-02,-3.628520276480e+01
"                2164",1.156855545367e+00,2.522865098446e+00,-1.084470703833e+02,1.175209795100e+00,2.541243572313e+00,-1.447332167981e+02,1.835424973288e-02,1.837847386784e-02,-3.628614641479e+01
"                2165",1.168905270013e+00,2.433923282652e+00,-1.084724748474e+02,1.187154512668e+00,2.451381946840e+00,-1.447588681209e+02,1.824924265489e-02,1.745866418824e-02,-3.628639327354e+01
"                2166",1.099491587280e+00,2.345926463160e+00,-1.084915197313e+02,1.116988608544e+00,2.362547496188e+00,-1.447774545455e+02,1.749702126390e-02,1.662103302808e-02,-3.628593481415e+01
"                2167",9.402480060998e-01,2.291817313986e+00,-1.085086939012e+02,9.563750739418e-01,2.307689359318e+00,-1.447935202776e+02,1.612706784200e-02,1.587204533293e-02,-3.628482637635e+01
"                2168",7.500886685165e-01,2.264740656794e+00,-1.085397201586e+02,7.641936510611e-01,2.279949720926e+00,-1.448229426872e+02,1.410498254456e-02,1.520906413169e-02,-3.628322252858e+01
"                2169",5.530502049759e-01,2.259178037896e+00,-1.085719710965e+02,5.646077411612e-01,2.273819859397e+00,-1.448533074360e+02,1.155753618532e-02,1.464182150072e-02,-3.628133633952e+01
"                2170",3.376327709738e-01,2.242852944123e+00,-1.085992292087e+02,3.462968417995e-01,2.257114883876e+00,-1.448787628767e+02,8.664070825652e-03,1.426193975243e-02,-3.627953366793e+01
"                2171",9.752875224325e-02,2.229938924681e+00,-1.086023691613e+02,1.029965457960e-01,2.243957133609e+00,-1.448804201140e+02,5.467793552787e-03,1.401820892872e-02,-3.627805095277e+01
"                2172",-1.502840293872e-01,2.226585324765e+00,-1.085738975040e+02,-1.481727716743e-01,2.240361653653e+00,-1.448511904839e+02,2.111257712889e-03,1.377632888738e-02,-3.627729297982e+01
"                2173",-3.732773982593e-01,2.227776628853e+00,-1.085271135915e+02,-3.745473625327e-01,2.241469078954e+00,-1.448044888466e+02,-1.269964273414e-03,1.369245010078e-02,-3.627737525507e+01
"                2174",-5.595126285411e-01,2.222767951759e+00,-1.084745784870e+02,-5.639795287152e-01,2.236509239194e+00,-1.447529058348e+02,-4.466900174051e-03,1.374128743557e-02,-3.627832734785e+01
"                2175",-7.257838254959e-01,2.186038175123e+00,-1.084276385980e+02,-7.330568571095e-01,2.199921256812e+00,-1.447076870188e+02,-7.273031613573e-03,1.388308168895e-02,-3.628004842081e+01
"                2176",-8.843135914368e-01,2.123236650368e+00,-1.083949516115e+02,-8.938607826309e-01,2.137271488294e+00,-1.446772249343e+02,-9.547191194107e-03,1.403483792570e-02,-3.628227332279e+01
"                2177",-1.032388916087e+00,2.040498691545e+00,-1.083860096466e+02,-1.043488495460e+00,2.054718278693e+00,-1.446705628568e+02,-1.109957937354e-02,1.421958714831e-02,-3.628455321024e+01
"                2178",-1.139450771695e+00,1.984151329987e+00,-1.083883623949e+02,-1.151427793830e+00,1.998634046694e+00,-1.446748474288e+02,-1.197702213492e-02,1.448271670684e-02,-3.628648503389e+01
"                2179",-1.185179756417e+00,1.963938283448e+00,-1.084044846422e+02,-1.197346095455e+00,1.978753448886e+00,-1.446922352126e+02,-1.216633903737e-02,1.481516543755e-02,-3.628775057040e+01
"                2180",-1.159482044867e+00,1.974724628634e+00,-1.084359083242e+02,-1.171190389730e+00,1.989954211342e+00,-1.447241023011e+02,-1.170834486335e-02,1.522958270742e-02,-3.628819397688e+01
"                2181",-1.071225473688e+00,1.988175507407e+00,-1.084790624184e+02,-1.081819094710e+00,2.003922986025e+00,-1.447667937226e+02,-1.059362102240e-02,1.574747861820e-02,-3.628773130428e+01
"                2182",-9.274922470570e-01,2.014201005461e+00,-1.085301845612e+02,-9.364221893705e-01,2.030531042819e+00,-1.448167546371e+02,-8.929942313418e-03,1.633003735796e-02,-3.628657007595e+01
"                2183",-7.387873699220e-01,2.055642967830e+00,-1.085835746104e+02,-7.455725374734e-01,2.072561147558e+00,-1.448683976072e+02,-6.785167551371e-03,1.691817972824e-02,-3.628482299675e+01
"                2184",-5.269572686156e-01,2.118758028168e+00,-1.086196597251e+02,-5.311149175565e-01,2.136209140970e+00,-1.449023844451e+02,-4.157648940901e-03,1.745111280234e-02,-3.628272471994e+01
"                2185",-3.201165843828e-01,2.177780924872e+00,-1.086340455454e+02,-3.213219171165e-01,2.195613125503e+00,-1.449147436054e+02,-1.205332733616e-03,1.783220063097e-02,-3.628069806004e+01
"                2186",-1.307212404848e-01,2.202811834863e+00,-1.086224571114e+02,-1.287827224825e-01,2.220969060417e+00,-1.449015079880e+02,1.938518002299e-03,1.815722555458e-02,-3.627905087656e+01
"                2187",7.714918206969e-02,2.197635948662e+00,-1.085871809712e+02,8.223764667681e-02,2.215967380747e+00,-1.448652520296e+02,5.088464607124e-03,1.833143208507e-02,-3.627807105845e+01
"                2188",3.013078488866e-01,2.181950746326e+00,-1.085407621543e+02,3.094398742564e-01,2.200272799151e+00,-1.448187351513e+02,8.132025369796e-03,1.832205282509e-02,-3.627797299697e+01
"                2189",5.379759653996e-01,2.180384287307e+00,-1.084965976210e+02,5.489230633897e-01,2.198554611525e+00,-1.447753478230e+02,1.094709799013e-02,1.817032421798e-02,-3.627875020197e+01
"                2190",7.472303616556e-01,2.215489485117e+00,-1.084542435320e+02,7.606327720306e-01,2.233442018440e+00,-1.447344888139e+02,1.340241037506e-02,1.795253332266e-02,-3.628024528191e+01
"                2191",9.083783103850e-01,2.272981602592e+00,-1.084177979182e+02,9.237982565525e-01,2.290714186595e+00,-1.446998878018e+02,1.541994616759e-02,1.773258400352e-02,-3.628208988362e+01
"                2192",1.019296430082e+00,2.299980571547e+00,-1.083998332052e+02,1.036299755460e+00,2.317526658838e+00,-1.446837910215e+02,1.700332537796e-02,1.754608729087e-02,-3.628395781636e+01
"                2193",1.078049300184e+00,2.288892326908e+00,-1.084001871821e+02,1.096065585185e+00,2.306195925578e+00,-1.446857792333e+02,1.801628500074e-02,1.730359866996e-02,-3.628559205120e+01
"                2194",1.116259316113e+00,2.236840619707e+00,-1.084215600433e+02,1.134578123982e+00,2.253911796821e+00,-1.447081927371e+02,1.831880786873e-02,1.707117711455e-02,-3.628663269378e+01
"                2195",1.098279390844e+00,2.179531401731e+00,-1.084585998866e+02,1.116198784638e+00,2.196344280416e+00,-1.447454098456e+02,1.791939379344e-02,1.681287868454e-02,-3.628680995905e+01
"                2196",9.874037810227e-01,2.149132169196e+00,-1.085017249532e+02,1.004318369796e+00,2.165736587988e+00,-1.447878172656e+02,1.691458877286e-02,1.660441879245e-02,-3.628609231244e+01
"                2197",8.066873032501e-01,2.169713580197e+00,-1.085436605137e+02,8.220054866945e-01,2.186097250008e+00,-1.448282475264e+02,1.531818344443e-02,1.638366981023e-02,-3.628458701266e+01
"                2198",6.007966623564e-01,2.210896145954e+00,-1.085766509513e+02,6.139034047086e-01,2.227183261504e+00,-1.448591476545e+02,1.310674235220e-02,1.628711555061e-02,-3.628249670321e+01
"                2199",3.924017842124e-01,2.249884914275e+00,-1.085797953684e+02,4.028305845667e-01,2.266211367642e+00,-1.448599294523e+02,1.042880035431e-02,1.632645336741e-02,-3.628013408386e+01
"                2200",1.641899661390e-01,2.267575742981e+00,-1.085760830459e+02,1.715977000182e-01,2.283935678949e+00,-1.448541711224e+02,7.407733879265e-03,1.635993596822e-02,-3.627808807651e+01
"                2201",-6.853426448350e-02,2.266389474693e+00,-1.085742983264e+02,-6.443224652054e-02,2.282820392233e+00,-1.448510034708e+02,4.102017962963e-03,1.643091753928e-02,-3.627670514439e+01
"                2202",-2.941842289362e-01,2.243211596330e+00,-1.085533008352e+02,-2.934505394249e-01,2.259756584993e+00,-1.448295236940e+02,7.336895113940e-04,1.654498866320e-02,-3.627622285878e+01
"                2203",-4.958881044676e-01,2.202287003729e+00,-1.085146223176e+02,-4.984417970144e-01,2.218948825524e+00,-1.447913955148e+02,-2.553692546761e-03,1.666182179587e-02,-3.627677319717e+01
"                2204",-6.676199169797e-01,2.162457299137e+00,-1.084649501291e+02,-6.731333922454e-01,2.179098208093e+00,-1.447431732044e+02,-5.513475265692e-03,1.664090895619e-02,-3.627822307534e+01
"                2205",-8.160760424277e-01,2.114323396397e+00,-1.084167725252e+02,-8.241385397531e-01,2.130783519470e+00,-1.446971732277e+02,-8.062497325377e-03,1.646012307337e-02,-3.628040070252e+01
"                2206",-9.662550461122e-01,2.061743024537e+00,-1.083767197137e+02,-9.763095135271e-01,2.077909106405e+00,-1.446596067541e+02,-1.005446741491e-02,1.616608186746e-02,-3.628288704046e+01
"                2207",-1.107141844831e+00,1.990876284831e+00,-1.083528639322e+02,-1.118534511768e+00,2.006682568233e+00,-1.446381338940e+02,-1.139266693705e-02,1.580628340277e-02,-3.628526996181e+01
"                2208",-1.207908618152e+00,1.921899974640e+00,-1.083570495669e+02,-1.219986524110e+00,1.937388976469e+00,-1.446441840665e+02,-1.207790595811e-02,1.548900182882e-02,-3.628713449951e+01
"                2209",-1.248468593949e+00,1.857954745042e+00,-1.083920417347e+02,-1.260625631860e+00,1.873222726164e+00,-1.446803068845e+02,-1.215703791165e-02,1.526798112239e-02,-3.628826514978e+01
"                2210",-1.201786905892e+00,1.811821212913e+00,-1.084500294383e+02,-1.213403746604e+00,1.826926634028e+00,-1.447385024214e+02,-1.161684071183e-02,1.510542111569e-02,-3.628847298310e+01
"                2211",-1.083457713717e+00,1.770285714245e+00,-1.085147909135e+02,-1.093931167514e+00,1.785333404863e+00,-1.448024633507e+02,-1.047345379653e-02,1.504769061765e-02,-3.628767243719e+01
"                2212",-9.249346682222e-01,1.738826065948e+00,-1.085754055564e+02,-9.336908766537e-01,1.753843223683e+00,-1.448614191811e+02,-8.756208431516e-03,1.501715773536e-02,-3.628601362463e+01
"                2213",-7.171789552189e-01,1.729828231109e+00,-1.086081776245e+02,-7.236426609210e-01,1.744757936425e+00,-1.448918738729e+02,-6.463705702012e-03,1.492970531576e-02,-3.628369624843e+01
"                2214",-4.998629587096e-01,1.763017267036e+00,-1.086186972430e+02,-5.035264263950e-01,1.777885310053e+00,-1.448998861834e+02,-3.663467685405e-03,1.486804301736e-02,-3.628118894038e+01
"                2215",-2.704634296663e-01,1.806209356229e+00,-1.086232067486e+02,-2.710869844978e-01,1.821043818179e+00,-1.449022093705e+02,-6.235548315157e-04,1.483446194910e-02,-3.627900262192e+01
"                2216",-4.008132782019e-02,1.834416277610e+00,-1.086161040699e+02,-3.752669815433e-02,1.849218911450e+00,-1.448935273113e+02,2.554629665855e-03,1.480263384057e-02,-3.627742324142e+01
"                2217",1.820579093611e-01,1.842362058287e+00,-1.085869192968e+02,1.877875387739e-01,1.857105932973e+00,-1.448636709381e+02,5.729629412807e-03,1.474387468659e-02,-3.627675164126e+01
"                2218",3.906754565596e-01,1.847443200150e+00,-1.085409855718e+02,3.994641496232e-01,1.862167758887e+00,-1.448180608989e+02,8.788693063643e-03,1.472455873703e-02,-3.627707532717e+01
"                2219",5.820389992217e-01,1.861364088166e+00,-1.084917912348e+02,5.936294327402e-01,1.876153188962e+00,-1.447700932108e+02,1.159043351857e-02,1.478910079541e-02,-3.627830197598e+01
"                2220",7.576310326940e-01,1.889476444908e+00,-1.084392480183e+02,7.716061831606e-01,1.904419155176e+00,-1.447193774948e+02,1.397515046669e-02,1.494271026770e-02,-3.628012947656e+01
"                2221",9.013429916677e-01,1.925887078173e+00,-1.083974997176e+02,9.172073534174e-01,1.941101108784e+00,-1.446796911351e+02,1.586436174968e-02,1.521403061117e-02,-3.628219141751e+01
"                2222",9.913349862839e-01,1.947966066073e+00,-1.083840176402e+02,1.008573265638e+00,1.963594562034e+00,-1.446682386585e+02,1.723827935437e-02,1.562849596053e-02,-3.628422101834e+01
"                2223",1.020270867559e+00,1.961211761137e+00,-1.083983546192e+02,1.038245672988e+00,1.977269338468e+00,-1.446842075552e+02,1.797480542900e-02,1.605757733069e-02,-3.628585293602e+01
"                2224",1.018165838699e+00,1.965723183732e+00,-1.084338992021e+02,1.036170897310e+00,1.982174136851e+00,-1.447205789698e+02,1.800505861073e-02,1.645095311947e-02,-3.628667976763e+01
"                2225",9.704183235777e-01,1.976932915001e+00,-1.084815353015e+02,9.877992515773e-01,1.993688814394e+00,-1.447680372101e+02,1.738092799956e-02,1.675589939258e-02,-3.628650190855e+01
"                2226",8.253665850729e-01,2.010796663772e+00,-1.085191767593e+02,8.415669370283e-01,2.027875641264e+00,-1.448044915023e+02,1.620035195535e-02,1.707897749221e-02,-3.628531474297e+01
"                2227",6.124326184085e-01,2.084239323114e+00,-1.085511023713e+02,6.268292226010e-01,2.101729727972e+00,-1.448344234002e+02,1.439660419242e-02,1.749040485787e-02,-3.628332102885e+01
"                2228",3.844132167123e-01,2.178736256734e+00,-1.085632528299e+02,3.964245943082e-01,2.196654005184e+00,-1.448442104215e+02,1.201137759593e-02,1.791774844981e-02,-3.628095759160e+01
"                2229",1.774081229813e-01,2.253250921402e+00,-1.085700430282e+02,1.865834211263e-01,2.271549051892e+00,-1.448486442628e+02,9.175298145051e-03,1.829813048914e-02,-3.627860123464e+01
"                2230",-2.595191045177e-02,2.265693244272e+00,-1.085773829699e+02,-1.988926224782e-02,2.284424116002e+00,-1.448542012751e+02,6.062648203945e-03,1.873087173077e-02,-3.627681830511e+01
"                2231",-2.209031650352e-01,2.218576125991e+00,-1.085749307982e+02,-2.181290279054e-01,2.237648660131e+00,-1.448508095586e+02,2.774137129791e-03,1.907253414025e-02,-3.627587876040e+01
"                2232",-4.214941293599e-01,2.146376586145e+00,-1.085459072849e+02,-4.219490364344e-01,2.165614572456e+00,-1.448218218296e+02,-4.549070745228e-04,1.923798631040e-02,-3.627591454467e+01
"                2233",-6.114911072357e-01,2.082637547281e+00,-1.085006198964e+02,-6.150135861419e-01,2.101746387399e+00,-1.447775852214e+02,-3.522478906287e-03,1.910884011801e-02,-3.627696532497e+01
"                2234",-7.670032416023e-01,2.053097261264e+00,-1.084489454193e+02,-7.732479243046e-01,2.071754160469e+00,-1.447277345166e+02,-6.244682702272e-03,1.865689920549e-02,-3.627878909731e+01
"                2235",-9.053386919943e-01,2.028106392189e+00,-1.083916719832e+02,-9.139404899597e-01,2.046052544304e+00,-1.446728462563e+02,-8.601797965362e-03,1.794615211466e-02,-3.628117427308e+01
"                2236",-1.045232285429e+00,1.973542002459e+00,-1.083480278762e+02,-1.055660517795e+00,1.990647340381e+00,-1.446316713852e+02,-1.042823236595e-02,1.710533792143e-02,-3.628364350907e+01
"                2237",-1.182664167901e+00,1.862725862314e+00,-1.083410661162e+02,-1.194326462171e+00,1.878916910850e+00,-1.446269209507e+02,-1.166229427000e-02,1.619104853650e-02,-3.628585483454e+01
"                2238",-1.271282259555e+00,1.731853424676e+00,-1.083724126099e+02,-1.283594755497e+00,1.747138646648e+00,-1.446599157595e+02,-1.231249594187e-02,1.528522197183e-02,-3.628750314964e+01
"                2239",-1.282076052450e+00,1.606991210720e+00,-1.084266074201e+02,-1.294487156795e+00,1.621439569663e+00,-1.447149622752e+02,-1.241110434530e-02,1.444835894290e-02,-3.628835485515e+01
"                2240",-1.203589433798e+00,1.501475619015e+00,-1.084910119579e+02,-1.215409531072e+00,1.515140041458e+00,-1.447791024474e+02,-1.182009727386e-02,1.366442244347e-02,-3.628809048949e+01
"                2241",-1.060222902774e+00,1.405764326796e+00,-1.085431789365e+02,-1.070768637847e+00,1.418680835133e+00,-1.448298917530e+02,-1.054573507296e-02,1.291650833734e-02,-3.628671281642e+01
"                2242",-8.903305003233e-01,1.341475994227e+00,-1.085925967963e+02,-8.989769905398e-01,1.353692974937e+00,-1.448770911764e+02,-8.646490216516e-03,1.221698071000e-02,-3.628449438014e+01
"                2243",-6.566956718032e-01,1.316669147276e+00,-1.086207693238e+02,-6.628725946954e-01,1.328316557378e+00,-1.449026931988e+02,-6.176922892168e-03,1.164741010216e-02,-3.628192387502e+01
"                2244",-3.971354034525e-01,1.347560757870e+00,-1.086313435267e+02,-4.004069900674e-01,1.358771457789e+00,-1.449107863997e+02,-3.271586614876e-03,1.121069991841e-02,-3.627944287302e+01
"                2245",-1.378145591832e-01,1.396304140848e+00,-1.086323897736e+02,-1.379709811735e-01,1.407196116906e+00,-1.449099170632e+02,-1.564219903181e-04,1.089197605759e-02,-3.627752728963e+01
"                2246",9.651517750606e-02,1.440176299145e+00,-1.086232595518e+02,9.962261531859e-02,1.450942834070e+00,-1.448996348326e+02,3.107437812529e-03,1.076653492435e-02,-3.627637528076e+01
"                2247",2.927545797452e-01,1.461093375344e+00,-1.085931420773e+02,2.991083103907e-01,1.471960922997e+00,-1.448693122968e+02,6.353730645478e-03,1.086754765356e-02,-3.627617021942e+01
"                2248",4.816569546300e-01,1.468698003258e+00,-1.085474603699e+02,4.911226529494e-01,1.479857226132e+00,-1.448243764965e+02,9.465698319412e-03,1.115922287402e-02,-3.627691612659e+01
"                2249",6.564105734857e-01,1.470359265956e+00,-1.084937404522e+02,6.686357377416e-01,1.482021825453e+00,-1.447722178669e+02,1.222516425592e-02,1.166255949734e-02,-3.627847741471e+01
"                2250",8.141292305736e-01,1.490521195251e+00,-1.084357806901e+02,8.285868940146e-01,1.502906238594e+00,-1.447162939803e+02,1.445766344098e-02,1.238504334351e-02,-3.628051329027e+01
"                2251",9.356995519007e-01,1.536791173859e+00,-1.084029993874e+02,9.518641121668e-01,1.550077933779e+00,-1.446856371117e+02,1.616456026615e-02,1.328675991982e-02,-3.628263772434e+01
"                2252",9.835110981187e-01,1.607899127084e+00,-1.084082086430e+02,1.000826226266e+00,1.622225397831e+00,-1.446927251171e+02,1.731512814754e-02,1.432627074613e-02,-3.628451647408e+01
"                2253",9.816056583532e-01,1.682192920856e+00,-1.084401739229e+02,9.994269162610e-01,1.697525387288e+00,-1.447259876893e+02,1.782125790775e-02,1.533246643262e-02,-3.628581376634e+01
"                2254",9.467214394962e-01,1.748578529843e+00,-1.084833038656e+02,9.643824600818e-01,1.764822063594e+00,-1.447694212348e+02,1.766102058566e-02,1.624353375148e-02,-3.628611736911e+01
"                2255",8.502331062643e-01,1.819895218092e+00,-1.085250394130e+02,8.670857044272e-01,1.837075576119e+00,-1.448104250354e+02,1.685259816297e-02,1.718035802687e-02,-3.628538562241e+01
"                2256",6.675271643665e-01,1.917592598049e+00,-1.085501585863e+02,6.830128487497e-01,1.935694291678e+00,-1.448339322025e+02,1.548568438318e-02,1.810169362937e-02,-3.628377361620e+01
"                2257",4.458874005837e-01,2.042650182375e+00,-1.085753818208e+02,4.593437690145e-01,2.061541468138e+00,-1.448570547813e+02,1.345636843080e-02,1.889128576322e-02,-3.628167296049e+01
"                2258",2.375912608467e-01,2.152416322941e+00,-1.085838307639e+02,2.484741450861e-01,2.172147122392e+00,-1.448633135916e+02,1.088288423935e-02,1.973079945104e-02,-3.627948282769e+01
"                2259",5.862412160309e-02,2.193736968541e+00,-1.085866701237e+02,6.659919817033e-02,2.214190644945e+00,-1.448642038217e+02,7.975076567242e-03,2.045367640382e-02,-3.627753369793e+01
"                2260",-1.170982640091e-01,2.155062340473e+00,-1.085943067727e+02,-1.122076515832e-01,2.176096194646e+00,-1.448705881778e+02,4.890612425928e-03,2.103385417210e-02,-3.627628140511e+01
"                2261",-2.931242724619e-01,2.071404661175e+00,-1.085921630874e+02,-2.913831838581e-01,2.092644405472e+00,-1.448680822294e+02,1.741088603806e-03,2.123974429672e-02,-3.627591914194e+01
"                2262",-4.751232096884e-01,1.992678618363e+00,-1.085598464573e+02,-4.764372861647e-01,2.013697287939e+00,-1.448362689132e+02,-1.314076476285e-03,2.101866957657e-02,-3.627642245586e+01
"                2263",-6.595671847487e-01,1.942491135601e+00,-1.085022714694e+02,-6.637884098393e-01,1.962864164403e+00,-1.447800658183e+02,-4.221225090581e-03,2.037302880229e-02,-3.627779434894e+01
"                2264",-8.201115317077e-01,1.920896581264e+00,-1.084399538631e+02,-8.269455987486e-01,1.940244970086e+00,-1.447196567615e+02,-6.834067040945e-03,1.934838882256e-02,-3.627970289839e+01
"                2265",-9.601704275225e-01,1.875696220266e+00,-1.083931938211e+02,-9.692693100517e-01,1.893749890933e+00,-1.446751819886e+02,-9.098882529260e-03,1.805367066633e-02,-3.628198816755e+01
"                2266",-1.077944416668e+00,1.765472355477e+00,-1.083779126036e+02,-1.088820704946e+00,1.782111928409e+00,-1.446622123794e+02,-1.087628827826e-02,1.663957293135e-02,-3.628429977580e+01
"                2267",-1.183806267127e+00,1.600000355526e+00,-1.083955192080e+02,-1.195914369971e+00,1.615117395101e+00,-1.446817530052e+02,-1.210810284444e-02,1.511703957514e-02,-3.628623379723e+01
"                2268",-1.248672952355e+00,1.412340128697e+00,-1.084394311771e+02,-1.261408104505e+00,1.425929144652e+00,-1.447268801751e+02,-1.273515214976e-02,1.358901595457e-02,-3.628744899796e+01
"                2269",-1.243977052601e+00,1.230299774475e+00,-1.084913511520e+02,-1.256665763751e+00,1.242351054694e+00,-1.447790140024e+02,-1.268871114966e-02,1.205128021893e-02,-3.628766285040e+01
"                2270",-1.147694307630e+00,1.085573879167e+00,-1.085405251465e+02,-1.159580354731e+00,1.096141256615e+00,-1.448273153424e+02,-1.188604710074e-02,1.056737744841e-02,-3.628679019583e+01
"                2271",-9.776652661461e-01,9.793021151040e-01,-1.085790495018e+02,-9.880690894066e-01,9.886051292070e-01,-1.448641363837e+02,-1.040382326046e-02,9.303014103021e-03,-3.628508688194e+01
"                2272",-7.618238113243e-01,9.159164500970e-01,-1.086219307167e+02,-7.701723147276e-01,9.241035913181e-01,-1.449047399467e+02,-8.348503403315e-03,8.187141221080e-03,-3.628280922992e+01
"                2273",-5.006806900521e-01,9.050316155646e-01,-1.086467178213e+02,-5.064083171089e-01,9.123185710667e-01,-1.449271806456e+02,-5.727627056831e-03,7.286955502079e-03,-3.628046282429e+01
"                2274",-2.331944543299e-01,9.525133482310e-01,-1.086554334059e+02,-2.358819900690e-01,9.592317116888e-01,-1.449338476033e+02,-2.687535739074e-03,6.718363457837e-03,-3.627841419738e+01
"                2275",6.994174247410e-03,1.020369697703e+00,-1.086556202369e+02,7.544564304314e-03,1.026876620474e+00,-1.449326170448e+02,5.503900569035e-04,6.506922771365e-03,-3.627699680799e+01
"                2276",2.201873382793e-01,1.071008078674e+00,-1.086398420580e+02,2.240977514893e-01,1.077668133450e+00,-1.449161989890e+02,3.910413209918e-03,6.660054776235e-03,-3.627635693099e+01
"                2277",4.022326091766e-01,1.082170803061e+00,-1.086022745169e+02,4.094338198845e-01,1.089329196324e+00,-1.448788636226e+02,7.201210707967e-03,7.158393263110e-03,-3.627658910565e+01
"                2278",5.748524075453e-01,1.077753163806e+00,-1.085530843443e+02,5.850892032578e-01,1.085728247635e+00,-1.448307771387e+02,1.023679571251e-02,7.975083829630e-03,-3.627769279442e+01
"                2279",7.339059548703e-01,1.094421270070e+00,-1.085036341177e+02,7.467356823334e-01,1.103517819677e+00,-1.447830823199e+02,1.282972746308e-02,9.096549607112e-03,-3.627944820215e+01
"                2280",8.458836518481e-01,1.160661551283e+00,-1.084667236157e+02,8.607246390533e-01,1.171122114471e+00,-1.447481576139e+02,1.484098720525e-02,1.046056318817e-02,-3.628143399817e+01
"                2281",9.170444961929e-01,1.259191301119e+00,-1.084524690496e+02,9.333936520175e-01,1.271134631344e+00,-1.447357616472e+02,1.634915582458e-02,1.194333022450e-02,-3.628329259759e+01
"                2282",9.386107297229e-01,1.385077533825e+00,-1.084579961675e+02,9.559207764647e-01,1.398569097608e+00,-1.447427333635e+02,1.731004674187e-02,1.349156378359e-02,-3.628473719600e+01
"                2283",9.245991280359e-01,1.511761793844e+00,-1.084978504873e+02,9.422141064048e-01,1.526863348421e+00,-1.447833211513e+02,1.761497836884e-02,1.510155457684e-02,-3.628547066398e+01
"                2284",8.539536720686e-01,1.635552839443e+00,-1.085309670419e+02,8.711938726558e-01,1.652196778171e+00,-1.448162208891e+02,1.724020058722e-02,1.664393872734e-02,-3.628525384720e+01
"                2285",7.153947140207e-01,1.765687336774e+00,-1.085521287595e+02,7.316448679393e-01,1.783695801965e+00,-1.448363955609e+02,1.625015391858e-02,1.800846519149e-02,-3.628426680134e+01
"                2286",5.234945674964e-01,1.894184803913e+00,-1.085660824105e+02,5.381705343646e-01,1.913503534376e+00,-1.448488054338e+02,1.467596686817e-02,1.931873046303e-02,-3.628272302326e+01
"                2287",3.268450761187e-01,2.004140763609e+00,-1.085873812947e+02,3.393308142565e-01,2.024694249584e+00,-1.448683152743e+02,1.248573813784e-02,2.055348597442e-02,-3.628093397961e+01
"                2288",1.535227824853e-01,2.078249654970e+00,-1.086049982593e+02,1.634112954388e-01,2.099883616393e+00,-1.448841817810e+02,9.888512953465e-03,2.163396142387e-02,-3.627918352168e+01
"                2289",-1.658950414196e-03,2.084100333113e+00,-1.086100074077e+02,5.428476115787e-03,2.106423587605e+00,-1.448878558486e+02,7.087426529983e-03,2.232325449235e-02,-3.627784844090e+01
"                2290",-1.556940364936e-01,2.032919432117e+00,-1.086113457928e+02,-1.515443758011e-01,2.055516531133e+00,-1.448884559882e+02,4.149660692517e-03,2.259709901637e-02,-3.627711019541e+01
"                2291",-3.285730970532e-01,1.958561574613e+00,-1.085937753712e+02,-3.274297691486e-01,1.980907993682e+00,-1.448708935695e+02,1.143327904605e-03,2.234641906835e-02,-3.627711819831e+01
"                2292",-5.143312839879e-01,1.889202777699e+00,-1.085440454123e+02,-5.161742753664e-01,1.910789236636e+00,-1.448218852752e+02,-1.842991378455e-03,2.158645893692e-02,-3.627783986289e+01
"                2293",-7.075715547301e-01,1.823875537162e+00,-1.084876013540e+02,-7.122490560607e-01,1.844252162218e+00,-1.447667541641e+02,-4.677501330642e-03,2.037662505647e-02,-3.627915281011e+01
"                2294",-8.627414214571e-01,1.758693722221e+00,-1.084520685302e+02,-8.700306044340e-01,1.777518643576e+00,-1.447330418984e+02,-7.289182976934e-03,1.882492135475e-02,-3.628097336824e+01
"                2295",-9.789238909136e-01,1.667099032837e+00,-1.084319567417e+02,-9.884942970269e-01,1.684091838887e+00,-1.447149695741e+02,-9.570406113356e-03,1.699280604925e-02,-3.628301283236e+01
"                2296",-1.081966212842e+00,1.511195603173e+00,-1.084331834285e+02,-1.093289103415e+00,1.526203498709e+00,-1.447180557018e+02,-1.132289057348e-02,1.500789553591e-02,-3.628487227331e+01
"                2297",-1.169569095082e+00,1.300412141331e+00,-1.084520408425e+02,-1.182019391278e+00,1.313259124341e+00,-1.447381691660e+02,-1.245029619647e-02,1.284698300996e-02,-3.628612832346e+01
"                2298",-1.225209465464e+00,1.080880186205e+00,-1.084873301564e+02,-1.238098889933e+00,1.091508225902e+00,-1.447739588037e+02,-1.288942446855e-02,1.062803969737e-02,-3.628662864736e+01
"                2299",-1.208880776840e+00,8.844942762165e-01,-1.085263889780e+02,-1.221489810165e+00,8.929956552497e-01,-1.448127289087e+02,-1.260903332538e-02,8.501379033206e-03,-3.628633993072e+01
"                2300",-1.086731097626e+00,7.358892887378e-01,-1.085720486343e+02,-1.098360143457e+00,7.424966724250e-01,-1.448572765965e+02,-1.162904583100e-02,6.607383687198e-03,-3.628522796221e+01
"                2301",-8.801915181899e-01,6.524427909835e-01,-1.086175130968e+02,-8.901931064978e-01,6.574333353916e-01,-1.449010578992e+02,-1.000158830788e-02,4.990544408087e-03,-3.628354480243e+01
"                2302",-6.335869820607e-01,6.216347324428e-01,-1.086556044122e+02,-6.413700656629e-01,6.253296124183e-01,-1.449372330779e+02,-7.783083602138e-03,3.694879975527e-03,-3.628162866571e+01
"                2303",-3.785547785701e-01,6.377281959588e-01,-1.086721638315e+02,-3.835293911120e-01,6.405634031699e-01,-1.449519359668e+02,-4.974612541958e-03,2.835207211064e-03,-3.627977213528e+01
"                2304",-1.375973103851e-01,6.901059859984e-01,-1.086729361996e+02,-1.393825165565e-01,6.926165423738e-01,-1.449511985641e+02,-1.785206171378e-03,2.510556375443e-03,-3.627826236447e+01
"                2305",7.982778944265e-02,7.445076623924e-01,-1.086654778086e+02,8.137896573510e-02,7.471892933760e-01,-1.449427818848e+02,1.551176292452e-03,2.681630983607e-03,-3.627730407619e+01
"                2306",2.847329155910e-01,7.742141909187e-01,-1.086404538703e+02,2.896236715985e-01,7.775577314266e-01,-1.449175106552e+02,4.890756007518e-03,3.343540507966e-03,-3.627705678485e+01
"                2307",4.630934399477e-01,7.851565611999e-01,-1.085975475502e+02,4.711744655122e-01,7.896040305062e-01,-1.448751195652e+02,8.081025564561e-03,4.447469306348e-03,-3.627757201496e+01
"                2308",6.140962499982e-01,8.171694138533e-01,-1.085552500284e+02,6.250437049191e-01,8.230650539254e-01,-1.448339850599e+02,1.094745492090e-02,5.895640072080e-03,-3.627873503151e+01
"                2309",7.318044429609e-01,8.971093348209e-01,-1.085295851281e+02,7.451506683640e-01,9.047232634480e-01,-1.448098692825e+02,1.334622540309e-02,7.613928627092e-03,-3.628028415437e+01
"                2310",8.273217295083e-01,1.019191271436e+00,-1.085080194977e+02,8.425068149291e-01,1.028680762211e+00,-1.447898772281e+02,1.518508542084e-02,9.489490774965e-03,-3.628185773035e+01
"                2311",8.802020227574e-01,1.157321466427e+00,-1.084990992499e+02,8.967480021574e-01,1.168843602018e+00,-1.447822630326e+02,1.654597939999e-02,1.152213559033e-02,-3.628316378267e+01
"                2312",8.759787163393e-01,1.319085347448e+00,-1.084963201095e+02,8.933138505039e-01,1.332798974075e+00,-1.447803333595e+02,1.733513416465e-02,1.371362662709e-02,-3.628401324998e+01
"                2313",8.268124036906e-01,1.491515729009e+00,-1.085100269571e+02,8.442511931057e-01,1.507327304971e+00,-1.447943790402e+02,1.743878941512e-02,1.581157596171e-02,-3.628435208315e+01
"                2314",7.405028510654e-01,1.655815253593e+00,-1.085319512671e+02,7.573531817187e-01,1.673561001985e+00,-1.448160226778e+02,1.685033065329e-02,1.774574839191e-02,-3.628407141072e+01
"                2315",6.062353641819e-01,1.785601318203e+00,-1.085593467904e+02,6.219325211034e-01,1.805175050511e+00,-1.448426620852e+02,1.569715692158e-02,1.957373230825e-02,-3.628331529479e+01
"                2316",4.381114277209e-01,1.880265572614e+00,-1.085857315772e+02,4.521411679959e-01,1.901460461569e+00,-1.448679485385e+02,1.402974027500e-02,2.119488895500e-02,-3.628221696132e+01
"                2317",2.621352276521e-01,1.961203471969e+00,-1.086147366961e+02,2.739857918428e-01,1.983697961730e+00,-1.448957040844e+02,1.185056419077e-02,2.249448976112e-02,-3.628096738828e+01
"                2318",9.621637278374e-02,2.022719748712e+00,-1.086230653669e+02,1.055284728069e-01,2.046068551866e+00,-1.449028452328e+02,9.312100023183e-03,2.334880315382e-02,-3.627977986593e+01
"                2319",-6.021621324470e-02,2.034425054018e+00,-1.086136463464e+02,-5.362672142311e-02,2.058065023380e+00,-1.448924861190e+02,6.589491821591e-03,2.363996936257e-02,-3.627883977262e+01
"                2320",-2.092567782157e-01,1.987438695744e+00,-1.086015472714e+02,-2.055783168780e-01,2.010844020295e+00,-1.448799075322e+02,3.678461337733e-03,2.340532455129e-02,-3.627836026074e+01
"                2321",-3.802052812075e-01,1.908256070484e+00,-1.085832034819e+02,-3.795130505654e-01,1.930892832324e+00,-1.448616315090e+02,6.922306420704e-04,2.263676183934e-02,-3.627842802719e+01
"                2322",-5.876507000285e-01,1.803117345401e+00,-1.085500058522e+02,-5.899761748384e-01,1.824500970981e+00,-1.448290776183e+02,-2.325474809883e-03,2.138362558037e-02,-3.627907176613e+01
"                2323",-7.797844978870e-01,1.690998313437e+00,-1.085155673608e+02,-7.849671079661e-01,1.710617950573e+00,-1.447957581602e+02,-5.182610079126e-03,1.961963713574e-02,-3.628019079943e+01
"                2324",-9.064236038284e-01,1.584402337755e+00,-1.084952005706e+02,-9.142532476259e-01,1.601889892623e+00,-1.447768745624e+02,-7.829643797436e-03,1.748755486797e-02,-3.628167399185e+01
"                2325",-1.011951038260e+00,1.443280240063e+00,-1.084907736109e+02,-1.022000443344e+00,1.458361305165e+00,-1.447738902657e+02,-1.004940508436e-02,1.508106510123e-02,-3.628311665483e+01
"                2326",-1.110023524091e+00,1.252665864489e+00,-1.085011016218e+02,-1.121691585611e+00,1.265113259313e+00,-1.447853048867e+02,-1.166806152018e-02,1.244739482394e-02,-3.628420326487e+01
"                2327",-1.206328275638e+00,1.036709213435e+00,-1.085110896417e+02,-1.218893469556e+00,1.046406609743e+00,-1.447959369148e+02,-1.256519391825e-02,9.697396308329e-03,-3.628484727310e+01
"                2328",-1.240538182374e+00,8.198692595532e-01,-1.085285577240e+02,-1.253348968129e+00,8.269084321110e-01,-1.448135818915e+02,-1.281078575504e-02,7.039172557723e-03,-3.628502416759e+01
"                2329",-1.176901329169e+00,6.360891031147e-01,-1.085558085276e+02,-1.189247585384e+00,6.406320925383e-01,-1.448404760313e+02,-1.234625621526e-02,4.542989423596e-03,-3.628466750377e+01
"                2330",-1.016634591260e+00,5.065930803096e-01,-1.085986920698e+02,-1.027810529228e+00,5.089991695448e-01,-1.448824961820e+02,-1.117593796770e-02,2.406089235243e-03,-3.628380411217e+01
"                2331",-8.073419055905e-01,4.533134925371e-01,-1.086454286187e+02,-8.167015777893e-01,4.540611253160e-01,-1.449280157421e+02,-9.359672198826e-03,7.476327788594e-04,-3.628258712344e+01
"                2332",-5.814208799651e-01,4.460290561511e-01,-1.086796110406e+02,-5.883756385236e-01,4.457051262968e-01,-1.449608013775e+02,-6.954758558535e-03,-3.239298543089e-04,-3.628119033697e+01
"                2333",-3.540783098532e-01,4.664503413027e-01,-1.086877022325e+02,-3.580523174495e-01,4.656392795513e-01,-1.449675382453e+02,-3.974007596278e-03,-8.110617513555e-04,-3.627983601278e+01
"                2334",-1.286477445604e-01,4.987351872452e-01,-1.086771179375e+02,-1.293686358490e-01,4.980812993014e-01,-1.449559220202e+02,-7.208912886076e-04,-6.538879438241e-04,-3.627880408269e+01
"                2335",8.855309403771e-02,5.281197237862e-01,-1.086576301468e+02,9.112998155438e-02,5.282251780442e-01,-1.449358560120e+02,2.576887516670e-03,1.054542579277e-04,-3.627822586520e+01
"                2336",2.891152137624e-01,5.713099479084e-01,-1.086368855714e+02,2.949189535625e-01,5.726858710882e-01,-1.449151079017e+02,5.803739800063e-03,1.375923179838e-03,-3.627822233025e+01
"                2337",4.600590096391e-01,6.444281996647e-01,-1.086078616301e+02,4.689139876492e-01,6.475038888875e-01,-1.448865709306e+02,8.854978010037e-03,3.075689222746e-03,-3.627870930047e+01
"                2338",5.953876923573e-01,7.500590940550e-01,-1.085826811633e+02,6.069592691907e-01,7.551100327717e-01,-1.448623227306e+02,1.157157683340e-02,5.050938716769e-03,-3.627964156731e+01
"                2339",6.947914775753e-01,8.842120796636e-01,-1.085610408126e+02,7.086086462051e-01,8.914749190940e-01,-1.448417579346e+02,1.381716862981e-02,7.262839430371e-03,-3.628071712200e+01
"                2340",7.667485721809e-01,1.030364488910e+00,-1.085371349838e+02,7.822583097954e-01,1.040122390655e+00,-1.448188597522e+02,1.550973761441e-02,9.757901745193e-03,-3.628172476838e+01
"                2341",8.000471161428e-01,1.196141529168e+00,-1.085152651419e+02,8.167396826334e-01,1.208443201519e+00,-1.447978809441e+02,1.669256649065e-02,1.230167235192e-02,-3.628261580218e+01
"                2342",7.901945550453e-01,1.392100261481e+00,-1.085035215932e+02,8.074524608270e-01,1.406932796205e+00,-1.447868714136e+02,1.725790578170e-02,1.483253472374e-02,-3.628334982037e+01
"                2343",7.439361328111e-01,1.569741105262e+00,-1.085090752050e+02,7.610742234041e-01,1.587054966500e+00,-1.447928884631e+02,1.713809059291e-02,1.731386123759e-02,-3.628381325803e+01
"                2344",6.594105153862e-01,1.712972490487e+00,-1.085304196291e+02,6.758140826717e-01,1.732573382356e+00,-1.448142772943e+02,1.640356728548e-02,1.960089186885e-02,-3.628385766518e+01
"                2345",5.203451465177e-01,1.815589102165e+00,-1.085599026979e+02,5.355648361025e-01,1.837177844828e+00,-1.448434896912e+02,1.521968958472e-02,2.158874266337e-02,-3.628358699334e+01
"                2346",3.517454188072e-01,1.903475209778e+00,-1.085992283953e+02,3.652679888391e-01,1.926585875338e+00,-1.448821960391e+02,1.352257003189e-02,2.311066556011e-02,-3.628296764376e+01
"                2347",1.804854007057e-01,1.991791054733e+00,-1.086243488658e+02,1.918361008566e-01,2.015897357197e+00,-1.449064832425e+02,1.135070015092e-02,2.410630246379e-02,-3.628213437664e+01
"                2348",1.859110955129e-02,2.066689326239e+00,-1.086206760047e+02,2.737907793379e-02,2.091214831859e+00,-1.449019213715e+02,8.787968382494e-03,2.452550561979e-02,-3.628124536673e+01
"                2349",-1.412147508904e-01,2.084498418992e+00,-1.086053160525e+02,-1.351648247339e-01,2.108840684742e+00,-1.448857741650e+02,6.049926156552e-03,2.434226574924e-02,-3.628045811257e+01
"                2350",-3.050452345379e-01,2.011463596605e+00,-1.086020498044e+02,-3.019450118087e-01,2.035095710838e+00,-1.448820415082e+02,3.100222729210e-03,2.363211423283e-02,-3.627999170382e+01
"                2351",-4.913867558982e-01,1.873246124672e+00,-1.085974658271e+02,-4.913690415291e-01,1.895606601984e+00,-1.448774510084e+02,1.771436916709e-05,2.236047731274e-02,-3.627998518133e+01
"                2352",-6.890658269294e-01,1.720058124826e+00,-1.085790655647e+02,-6.921392339510e-01,1.740608656466e+00,-1.448594740020e+02,-3.073407021630e-03,2.055053164001e-02,-3.628040843728e+01
"                2353",-8.709134290550e-01,1.564160169625e+00,-1.085571445723e+02,-8.768522581686e-01,1.582382431980e+00,-1.448382340155e+02,-5.938829113676e-03,1.822226235471e-02,-3.628108944322e+01
"                2354",-1.004549294864e+00,1.414644063116e+00,-1.085408294114e+02,-1.013010685946e+00,1.430128500281e+00,-1.448227366026e+02,-8.461391081461e-03,1.548443716449e-02,-3.628190719120e+01
"                2355",-1.102715000267e+00,1.257938287822e+00,-1.085322553275e+02,-1.113199608746e+00,1.270399792179e+00,-1.448149569462e+02,-1.048460847976e-02,1.246150435716e-02,-3.628270161878e+01
"                2356",-1.188151151504e+00,1.075877478499e+00,-1.085309882686e+02,-1.200034313388e+00,1.085265233280e+00,-1.448143522956e+02,-1.188316188355e-02,9.387754780507e-03,-3.628336402703e+01
"                2357",-1.259685435137e+00,8.773320763351e-01,-1.085412146734e+02,-1.272290355095e+00,8.836218292293e-01,-1.448250284855e+02,-1.260491995760e-02,6.289752894241e-03,-3.628381381213e+01
"                2358",-1.262899316408e+00,6.763759316557e-01,-1.085569225473e+02,-1.275577097701e+00,6.797114153848e-01,-1.448410295799e+02,-1.267778129236e-02,3.335483729189e-03,-3.628410703255e+01
"                2359",-1.180744617544e+00,5.175235850119e-01,-1.085778118119e+02,-1.192719500095e+00,5.182809539249e-01,-1.448618977640e+02,-1.197488255056e-02,7.573689130560e-04,-3.628408595209e+01
"                2360",-1.026134073624e+00,4.111259589787e-01,-1.086065067629e+02,-1.036722462616e+00,4.099150045466e-01,-1.448901613212e+02,-1.058838899141e-02,-1.210954432136e-03,-3.628365455825e+01
"                2361",-8.352457867381e-01,3.644272531402e-01,-1.086411617960e+02,-8.438134144638e-01,3.618809733491e-01,-1.449240368874e+02,-8.567627725679e-03,-2.546279791104e-03,-3.628287509146e+01
"                2362",-6.182766660889e-01,3.515573600425e-01,-1.086664153496e+02,-6.243058206751e-01,3.483670788927e-01,-1.449483505135e+02,-6.029154586244e-03,-3.190281149800e-03,-3.628193516392e+01
"                2363",-3.929011222442e-01,3.665810227702e-01,-1.086681773941e+02,-3.959330391454e-01,3.634675057734e-01,-1.449491795397e+02,-3.031916901284e-03,-3.113516996741e-03,-3.628100214560e+01
"                2364",-1.655232418879e-01,3.979005693271e-01,-1.086540744683e+02,-1.653600241821e-01,3.955656598859e-01,-1.449343479268e+02,1.632177058576e-04,-2.334909441216e-03,-3.628027345853e+01
"                2365",4.616822134659e-02,4.621440173006e-01,-1.086419191667e+02,4.952887896918e-02,4.611766860386e-01,-1.449216663050e+02,3.360657622587e-03,-9.673312620569e-04,-3.627974713835e+01
"                2366",2.412752750652e-01,5.646832485165e-01,-1.086337015452e+02,2.477353881736e-01,5.655060413411e-01,-1.449132842865e+02,6.460113108332e-03,8.227928246600e-04,-3.627958274132e+01
"                2367",4.037946524019e-01,6.992629390476e-01,-1.086140213362e+02,4.131853538379e-01,7.022503022663e-01,-1.448937686527e+02,9.390701435982e-03,2.987363218670e-03,-3.627974731643e+01
"                2368",5.191862476138e-01,8.479383516777e-01,-1.085857801466e+02,5.311633523727e-01,8.534800974591e-01,-1.448659702179e+02,1.197710475886e-02,5.541745781397e-03,-3.628019007132e+01
"                2369",6.036277908020e-01,1.020910878640e+00,-1.085509128692e+02,6.176715231713e-01,1.029222311644e+00,-1.448316852123e+02,1.404373236934e-02,8.311433004934e-03,-3.628077234304e+01
"                2370",6.714198342000e-01,1.205072255848e+00,-1.085202925240e+02,6.869854371381e-01,1.216205884996e+00,-1.448017960124e+02,1.556560293813e-02,1.113362914781e-02,-3.628150348845e+01
"                2371",7.030831228123e-01,1.384887493648e+00,-1.085009519806e+02,7.196223776008e-01,1.398915073419e+00,-1.447833520492e+02,1.653925478843e-02,1.402757977066e-02,-3.628240006864e+01
"                2372",6.934688639774e-01,1.556505865187e+00,-1.084944934668e+02,7.103732945306e-01,1.573418296628e+00,-1.447778094595e+02,1.690443055315e-02,1.691243144135e-02,-3.628331599279e+01
"                2373",6.508939991803e-01,1.694252814640e+00,-1.085047984868e+02,6.675515628229e-01,1.713836775237e+00,-1.447888649449e+02,1.665756364254e-02,1.958396059614e-02,-3.628406645817e+01
"                2374",5.602424945460e-01,1.812598668058e+00,-1.085278944485e+02,5.761543157716e-01,1.834424151800e+00,-1.448123855793e+02,1.591182122557e-02,2.182548374273e-02,-3.628449113081e+01
"                2375",4.101371298630e-01,1.923013787020e+00,-1.085540159378e+02,4.248799111392e-01,1.946563427664e+00,-1.448385598177e+02,1.474278127618e-02,2.354964064378e-02,-3.628454387982e+01
"                2376",2.409174383712e-01,2.025842313933e+00,-1.085776889790e+02,2.538979294140e-01,2.050521805015e+00,-1.448619121572e+02,1.298049104281e-02,2.467949108183e-02,-3.628422317824e+01
"                2377",7.240960256780e-02,2.128539984932e+00,-1.085875700365e+02,8.314512542925e-02,2.153768643117e+00,-1.448711186135e+02,1.073552286145e-02,2.522865818494e-02,-3.628354857701e+01
"                2378",-9.982083832281e-02,2.192341316972e+00,-1.085930516805e+02,-9.172094263482e-02,2.217522662820e+00,-1.448757422819e+02,8.099895687992e-03,2.518134584812e-02,-3.628269060138e+01
"                2379",-2.738374444717e-01,2.166980052072e+00,-1.086003725028e+02,-2.685849420224e-01,2.191527577345e+00,-1.448822686580e+02,5.252502449219e-03,2.454752527316e-02,-3.628189615520e+01
"                2380",-4.515818658224e-01,2.045124024752e+00,-1.086074443668e+02,-4.494410006223e-01,2.068448160512e+00,-1.448887457069e+02,2.140865200103e-03,2.332413575999e-02,-3.628130134007e+01
"                2381",-6.177944595211e-01,1.858133941747e+00,-1.086064606548e+02,-6.188217837910e-01,1.879648766194e+00,-1.448874630713e+02,-1.027324269884e-03,2.151482444695e-02,-3.628100241650e+01
"                2382",-8.030632485525e-01,1.653847951277e+00,-1.085936919002e+02,-8.071019921703e-01,1.672960425901e+00,-1.448745709371e+02,-4.038743617834e-03,1.911247462454e-02,-3.628087903691e+01
"                2383",-9.973962516312e-01,1.468257422648e+00,-1.085717341725e+02,-1.004155810171e+00,1.484424663671e+00,-1.448527013641e+02,-6.759558540257e-03,1.616724102377e-02,-3.628096719163e+01
"                2384",-1.148837912630e+00,1.310330977733e+00,-1.085506467457e+02,-1.157930093997e+00,1.323307343805e+00,-1.448319990618e+02,-9.092181367380e-03,1.297636607240e-02,-3.628135231611e+01
"                2385",-1.228213675559e+00,1.166296957291e+00,-1.085377754991e+02,-1.239146283297e+00,1.175891254800e+00,-1.448197161858e+02,-1.093260773781e-02,9.594297509122e-03,-3.628194068669e+01
"                2386",-1.284949147224e+00,1.009254073961e+00,-1.085264080670e+02,-1.297100786468e+00,1.015474152857e+00,-1.448090274253e+02,-1.215163924433e-02,6.220078896047e-03,-3.628261935832e+01
"                2387",-1.326979880713e+00,8.366815178887e-01,-1.085274025154e+02,-1.339662708094e+00,8.396779619215e-01,-1.448107314391e+02,-1.268282738055e-02,2.996444032799e-03,-3.628332892373e+01
"                2388",-1.326571396989e+00,6.490755114055e-01,-1.085378494000e+02,-1.339084394601e+00,6.491840154319e-01,-1.448218155519e+02,-1.251299761244e-02,1.085040263344e-04,-3.628396615185e+01
"                2389",-1.257555547740e+00,4.891701605791e-01,-1.085607486103e+02,-1.269121439698e+00,4.869696286934e-01,-1.448450843333e+02,-1.156589195843e-02,-2.200531885695e-03,-3.628433572308e+01
"                2390",-1.113178767530e+00,3.796142847231e-01,-1.085880295871e+02,-1.123182799924e+00,3.758220075713e-01,-1.448723613212e+02,-1.000403239334e-02,-3.792277151820e-03,-3.628433173416e+01
"                2391",-9.209264166931e-01,3.279082662143e-01,-1.086142663716e+02,-9.288272717513e-01,3.232668360995e-01,-1.448982089350e+02,-7.900855058179e-03,-4.641430114851e-03,-3.628394256347e+01
"                2392",-6.985111815797e-01,3.235167629731e-01,-1.086276101717e+02,-7.038400804877e-01,3.188422600652e-01,-1.449109031471e+02,-5.328898907961e-03,-4.674502907886e-03,-3.628329297538e+01
"                2393",-4.833632588552e-01,3.632079571449e-01,-1.086329400852e+02,-4.857710764227e-01,3.592266382249e-01,-1.449154275043e+02,-2.407817567454e-03,-3.981318920005e-03,-3.628248741904e+01
"                2394",-2.743292916496e-01,4.399514170200e-01,-1.086359749972e+02,-2.736464073854e-01,4.372726263064e-01,-1.449176653041e+02,6.828842642012e-04,-2.678790713587e-03,-3.628169030692e+01
"                2395",-6.428930821195e-02,5.659357896906e-01,-1.086324825889e+02,-6.049381571686e-02,5.650803982833e-01,-1.449133768368e+02,3.795492495098e-03,-8.553914072865e-04,-3.628089424798e+01
"                2396",1.282791009482e-01,7.146662556358e-01,-1.086259855419e+02,1.351001647515e-01,7.161228977278e-01,-1.449062769858e+02,6.821063803381e-03,1.456642091965e-03,-3.628029144382e+01
"                2397",2.818402872406e-01,8.929789150200e-01,-1.086016896003e+02,2.914837536754e-01,8.971719543791e-01,-1.448816623712e+02,9.643466434793e-03,4.193039359177e-03,-3.627997277089e+01
"                2398",3.825432986567e-01,1.090136360384e+00,-1.085666232298e+02,3.946214420589e-01,1.097229135322e+00,-1.448467087286e+02,1.207814340221e-02,7.092774937661e-03,-3.628008549880e+01
"                2399",4.659359970586e-01,1.290305964903e+00,-1.085291959833e+02,4.798852121573e-01,1.300491806409e+00,-1.448097605517e+02,1.394921509871e-02,1.018584150608e-02,-3.628056456848e+01
"                2400",5.419120945906e-01,1.454537568156e+00,-1.084998479101e+02,5.572237414525e-01,1.467934702837e+00,-1.447812123091e+02,1.531164686190e-02,1.339713468102e-02,-3.628136439899e+01
"                2401",5.789305793960e-01,1.592826733348e+00,-1.084837647413e+02,5.951178944722e-01,1.609356349814e+00,-1.447662390539e+02,1.618731507621e-02,1.652961646603e-02,-3.628247431260e+01
"                2402",5.720732126069e-01,1.719395190321e+00,-1.084839780641e+02,5.885875871602e-01,1.738790070319e+00,-1.447676527205e+02,1.651437455327e-02,1.939487999812e-02,-3.628367465640e+01
"                2403",5.217060855437e-01,1.839980454693e+00,-1.084953354910e+02,5.379604816884e-01,1.861797152478e+00,-1.447800136779e+02,1.625439614467e-02,2.181669778500e-02,-3.628467818696e+01
"                2404",4.176936270284e-01,1.972417765942e+00,-1.085107776615e+02,4.331773769620e-01,1.996106842295e+00,-1.447960842667e+02,1.548374993358e-02,2.368907635294e-02,-3.628530660520e+01
"                2405",2.573591379338e-01,2.109613415227e+00,-1.085247143431e+02,2.715640342808e-01,2.134585400699e+00,-1.448101909253e+02,1.420489634701e-02,2.497198547157e-02,-3.628547658221e+01
"                2406",7.634239277010e-02,2.215027498830e+00,-1.085494871520e+02,8.865598930474e-02,2.240699542418e+00,-1.448346514286e+02,1.231359653464e-02,2.567204358777e-02,-3.628516427668e+01
"                2407",-1.118543616175e-01,2.284253948853e+00,-1.085744609839e+02,-1.019432667725e-01,2.310063268538e+00,-1.448589141019e+02,9.911094844993e-03,2.580931968455e-02,-3.628445311806e+01
"                2408",-2.985246698361e-01,2.289714955786e+00,-1.085939294826e+02,-2.914362328189e-01,2.315024546427e+00,-1.448774277828e+02,7.088437017172e-03,2.530959064091e-02,-3.628349830021e+01
"                2409",-4.675336378989e-01,2.204715891366e+00,-1.086105238146e+02,-4.634841030904e-01,2.228901372621e+00,-1.448930169490e+02,4.049534808446e-03,2.418548125511e-02,-3.628249313437e+01
"                2410",-6.403532300085e-01,2.034933177787e+00,-1.086219888506e+02,-6.394860107854e-01,2.057350654823e+00,-1.449034579643e+02,8.672192231129e-04,2.241747703663e-02,-3.628146911375e+01
"                2411",-8.165850342614e-01,1.816266354655e+00,-1.086180142973e+02,-8.188242859991e-01,1.836291116470e+00,-1.448986592872e+02,-2.239251737770e-03,2.002476181535e-02,-3.628064498981e+01
"                2412",-1.018066306553e+00,1.604793541747e+00,-1.085984086221e+02,-1.023160068896e+00,1.621898149104e+00,-1.448784975696e+02,-5.093762343174e-03,1.710460735722e-02,-3.628008894744e+01
"                2413",-1.194908794207e+00,1.433423228551e+00,-1.085742098760e+02,-1.202609914024e+00,1.447220282182e+00,-1.448542204550e+02,-7.701119816785e-03,1.379705363079e-02,-3.628001057901e+01
"                2414",-1.311441037595e+00,1.293427134593e+00,-1.085527042017e+02,-1.321321882961e+00,1.303713956433e+00,-1.448331003706e+02,-9.880845366050e-03,1.028682183983e-02,-3.628039616890e+01
"                2415",-1.373583778027e+00,1.168914206224e+00,-1.085367918818e+02,-1.385112183567e+00,1.175641150309e+00,-1.448179735822e+02,-1.152840554020e-02,6.726944084914e-03,-3.628118170038e+01
"                2416",-1.432885333266e+00,1.027010343075e+00,-1.085237953391e+02,-1.445414842913e+00,1.030394978224e+00,-1.448059563788e+02,-1.252950964655e-02,3.384635148635e-03,-3.628216103972e+01
"                2417",-1.488537616055e+00,8.624842690387e-01,-1.085181793021e+02,-1.501391394335e+00,8.628857546075e-01,-1.448013863852e+02,-1.285377827942e-02,4.014855688395e-04,-3.628320708306e+01
"                2418",-1.495017590940e+00,6.735194469331e-01,-1.085197311396e+02,-1.507484112195e+00,6.713828747614e-01,-1.448039000103e+02,-1.246652125516e-02,-2.136572171754e-03,-3.628416887070e+01
"                2419",-1.418847776834e+00,5.085558561269e-01,-1.085358369922e+02,-1.430243026490e+00,5.045869440206e-01,-1.448206831625e+02,-1.139524965519e-02,-3.968912106299e-03,-3.628484617031e+01
"                2420",-1.267607674551e+00,4.053890684820e-01,-1.085653029600e+02,-1.277406041180e+00,4.003924573730e-01,-1.448504075513e+02,-9.798366628634e-03,-4.996611109001e-03,-3.628510459133e+01
"                2421",-1.072749908163e+00,3.757138868788e-01,-1.085992327358e+02,-1.080449179960e+00,3.704612078721e-01,-1.448840959948e+02,-7.699271797550e-03,-5.252679006763e-03,-3.628486325897e+01
"                2422",-8.668266055520e-01,4.193400940401e-01,-1.086237717387e+02,-8.719718211612e-01,4.146262527889e-01,-1.449079581742e+02,-5.145215609251e-03,-4.713841251157e-03,-3.628418643547e+01
"                2423",-6.680918501037e-01,5.159867640706e-01,-1.086336253313e+02,-6.703629879711e-01,5.124467583172e-01,-1.449168091519e+02,-2.271137867472e-03,-3.540005753392e-03,-3.628318382060e+01
"                2424",-4.655810878135e-01,6.359502688950e-01,-1.086362811649e+02,-4.648196444499e-01,6.341751756363e-01,-1.449182925015e+02,7.614433636449e-04,-1.775093258650e-03,-3.628201133660e+01
"                2425",-2.553359893334e-01,7.966348103023e-01,-1.086252936854e+02,-2.515245171597e-01,7.972419996114e-01,-1.449060838919e+02,3.811472173694e-03,6.071893091019e-04,-3.628079020644e+01
"                2426",-7.150138293150e-02,9.917171247429e-01,-1.086118937973e+02,-6.475244078245e-02,9.950408925914e-01,-1.448918185994e+02,6.748942149051e-03,3.323767848436e-03,-3.627992480213e+01
"                2427",8.054605926529e-02,1.208658953761e+00,-1.085889013106e+02,8.997084744122e-02,1.214996776219e+00,-1.448685146048e+02,9.424788175936e-03,6.337822457502e-03,-3.627961329421e+01
"                2428",2.009891540182e-01,1.408150156837e+00,-1.085516742279e+02,2.126651241063e-01,1.417756701890e+00,-1.448315540962e+02,1.167597008812e-02,9.606545053383e-03,-3.627987986830e+01
"                2429",2.982560716627e-01,1.567040807889e+00,-1.085143079018e+02,3.116880156472e-01,1.579988851622e+00,-1.447949376278e+02,1.343194398444e-02,1.294804373301e-02,-3.628062972603e+01
"                2430",3.684806825950e-01,1.677499721359e+00,-1.084933770632e+02,3.832620699041e-01,1.693695697575e+00,-1.447751757488e+02,1.478138730905e-02,1.619597621533e-02,-3.628179868557e+01
"                2431",3.949601527081e-01,1.780800956126e+00,-1.084865403444e+02,4.105980477555e-01,1.799916718282e+00,-1.447697828733e+02,1.563789504743e-02,1.911576215516e-02,-3.628324252892e+01
"                2432",3.828183521317e-01,1.898773176346e+00,-1.084840883647e+02,3.987269931388e-01,1.920360831705e+00,-1.447687414809e+02,1.590864100711e-02,2.158765535897e-02,-3.628465311622e+01
"                2433",3.240989276728e-01,2.028655597949e+00,-1.084781446546e+02,3.396084300647e-01,2.052202788945e+00,-1.447639185848e+02,1.550950239183e-02,2.354719099564e-02,-3.628577393013e+01
"                2434",1.990678330253e-01,2.167100029635e+00,-1.084850123981e+02,2.136913745758e-01,2.192086607590e+00,-1.447714393582e+02,1.462354155059e-02,2.498657795482e-02,-3.628642696011e+01
"                2435",1.231782251281e-02,2.279674006366e+00,-1.085172495023e+02,2.546351338332e-02,2.305528623462e+00,-1.448037902313e+02,1.314569087050e-02,2.585461709565e-02,-3.628654072905e+01
"                2436",-1.809475670312e-01,2.339397629068e+00,-1.085583522647e+02,-1.699106018359e-01,2.365514387866e+00,-1.448445407725e+02,1.103696519530e-02,2.611675879795e-02,-3.628618850783e+01
"                2437",-3.610589702415e-01,2.353896433747e+00,-1.085851148746e+02,-3.526641648337e-01,2.379670805508e+00,-1.448704563306e+02,8.394805407797e-03,2.577437176128e-02,-3.628534145594e+01
"                2438",-5.435321885518e-01,2.301101840420e+00,-1.086029464555e+02,-5.380961224035e-01,2.325863925147e+00,-1.448870349340e+02,5.436066148357e-03,2.476208472693e-02,-3.628408847847e+01
"                2439",-7.169390055710e-01,2.171486053492e+00,-1.086167637293e+02,-7.145853752462e-01,2.194553136683e+00,-1.448993909258e+02,2.353630324765e-03,2.306708319111e-02,-3.628262719652e+01
"                2440",-8.968806301213e-01,1.994159003787e+00,-1.086212075654e+02,-8.975903100986e-01,2.014908433291e+00,-1.449024233519e+02,-7.096799772486e-04,2.074942950398e-02,-3.628121578649e+01
"                2441",-1.073260960511e+00,1.777902505418e+00,-1.086148415149e+02,-1.076954445472e+00,1.795883755332e+00,-1.448950508705e+02,-3.693484960587e-03,1.798124991404e-02,-3.628020935560e+01
"                2442",-1.245553359725e+00,1.576161873582e+00,-1.085930850179e+02,-1.251998442954e+00,1.590904218063e+00,-1.448727871319e+02,-6.445083228888e-03,1.474234448081e-02,-3.627970211400e+01
"                2443",-1.380796263151e+00,1.426784027052e+00,-1.085654749886e+02,-1.389696797485e+00,1.437997609051e+00,-1.448453396974e+02,-8.900534333759e-03,1.121358199852e-02,-3.627986470884e+01
"                2444",-1.479446004722e+00,1.303727368317e+00,-1.085450713098e+02,-1.490326955603e+00,1.311411417109e+00,-1.448256481919e+02,-1.088095088145e-02,7.684048792192e-03,-3.628057688209e+01
"                2445",-1.563395741376e+00,1.188137365720e+00,-1.085275296023e+02,-1.575711116045e+00,1.192486840440e+00,-1.448091801500e+02,-1.231537466895e-02,4.349474720238e-03,-3.628165054764e+01
"                2446",-1.647024382897e+00,1.042656123385e+00,-1.085099052710e+02,-1.660096914187e+00,1.044006082576e+00,-1.447927847502e+02,-1.307253128922e-02,1.349959190806e-03,-3.628287947921e+01
"                2447",-1.694293829685e+00,8.641318961476e-01,-1.084971208063e+02,-1.707543100536e+00,8.629533992203e-01,-1.447812552669e+02,-1.324927085107e-02,-1.178496927315e-03,-3.628413446057e+01
"                2448",-1.688369020208e+00,6.765516878611e-01,-1.084976722483e+02,-1.701142327957e+00,6.733846874831e-01,-1.447829366952e+02,-1.277330774976e-02,-3.167000377924e-03,-3.628526444695e+01
"                2449",-1.606048769921e+00,5.369159032713e-01,-1.085221057078e+02,-1.617723578277e+00,5.325090915902e-01,-1.448081163847e+02,-1.167480835603e-02,-4.406811681046e-03,-3.628601067685e+01
"                2450",-1.458468807350e+00,4.812996093713e-01,-1.085611840350e+02,-1.468540091689e+00,4.764533995897e-01,-1.448473230472e+02,-1.007128433923e-02,-4.846209781615e-03,-3.628613901220e+01
"                2451",-1.273462679200e+00,5.055467009845e-01,-1.085983414969e+02,-1.281456135047e+00,5.009467119337e-01,-1.448839718128e+02,-7.993455846525e-03,-4.599989050795e-03,-3.628563031589e+01
"                2452",-1.084615201366e+00,6.026550949306e-01,-1.086181155014e+02,-1.090044969119e+00,5.990420433237e-01,-1.449026529439e+02,-5.429767752882e-03,-3.613051606954e-03,-3.628453744250e+01
"                2453",-9.031025126485e-01,7.394257808863e-01,-1.086214956648e+02,-9.056914127048e-01,7.375142594991e-01,-1.449045865798e+02,-2.588900056253e-03,-1.911521387200e-03,-3.628309091500e+01
"                2454",-7.065695447125e-01,8.985578792649e-01,-1.086159298153e+02,-7.061922859928e-01,8.988593978312e-01,-1.448975133541e+02,3.772587197433e-04,3.015185663074e-04,-3.628158353885e+01
"                2455",-4.849098737361e-01,1.095511785619e+00,-1.086034579558e+02,-4.815868907447e-01,1.098436094365e+00,-1.448837686739e+02,3.322982991475e-03,2.924308746027e-03,-3.628031071809e+01
"                2456",-2.683770593119e-01,1.300946383480e+00,-1.085904368587e+02,-2.622369319656e-01,1.306899577664e+00,-1.448700431522e+02,6.140127346378e-03,5.953194184432e-03,-3.627960629342e+01
"                2457",-9.402414451574e-02,1.491122043693e+00,-1.085712751339e+02,-8.530950378967e-02,1.500346335076e+00,-1.448508535941e+02,8.714640726073e-03,9.224291383066e-03,-3.627957846011e+01
"                2458",2.688276404353e-02,1.648476699475e+00,-1.085427750650e+02,3.781906552802e-02,1.661039944271e+00,-1.448229502108e+02,1.093630148448e-02,1.256324479525e-02,-3.628017514583e+01
"                2459",1.094382273337e-01,1.765186773938e+00,-1.085140613014e+02,1.221616150279e-01,1.780907919907e+00,-1.447953228250e+02,1.272338769415e-02,1.572114596937e-02,-3.628126152357e+01
"                2460",1.678279560221e-01,1.859098285625e+00,-1.084912266221e+02,1.819135173626e-01,1.877673551131e+00,-1.447738782116e+02,1.408556134045e-02,1.857526550658e-02,-3.628265158952e+01
"                2461",1.904862434459e-01,1.961490539853e+00,-1.084714059103e+02,2.053498100401e-01,1.982510190934e+00,-1.447556045219e+02,1.486356659424e-02,2.101965108069e-02,-3.628419861158e+01
"                2462",1.720835605080e-01,2.072443146743e+00,-1.084576775785e+02,1.870718273464e-01,2.095433210843e+00,-1.447432276204e+02,1.498826683840e-02,2.299006409957e-02,-3.628555004186e+01
"                2463",8.611973847067e-02,2.180191563004e+00,-1.084620917872e+02,1.005476157701e-01,2.204695558624e+00,-1.447486001576e+02,1.442787729938e-02,2.450399561992e-02,-3.628650837040e+01
"                2464",-6.995349930827e-02,2.276913373026e+00,-1.084886948010e+02,-5.662877695116e-02,2.302417054256e+00,-1.447757098542e+02,1.332472235711e-02,2.550368123011e-02,-3.628701505320e+01
"                2465",-2.623110317871e-01,2.340369508496e+00,-1.085331756775e+02,-2.507503728396e-01,2.366259352687e+00,-1.448201231402e+02,1.156065894747e-02,2.588984419145e-02,-3.628694746264e+01
"                2466",-4.497316485473e-01,2.350764454176e+00,-1.085744412311e+02,-4.405060032863e-01,2.376441455693e+00,-1.448607083956e+02,9.225645260928e-03,2.567700151670e-02,-3.628626716450e+01
"                2467",-6.319613032870e-01,2.315297252358e+00,-1.085970438033e+02,-6.254812195452e-01,2.340087650253e+00,-1.448819976762e+02,6.480083741814e-03,2.479039789530e-02,-3.628495387290e+01
"                2468",-8.268234518973e-01,2.237697868943e+00,-1.086069272614e+02,-8.232764582609e-01,2.260918706490e+00,-1.448901945535e+02,3.546993636462e-03,2.322083754698e-02,-3.628326729208e+01
"                2469",-1.008947814613e+00,2.106550997730e+00,-1.086147058428e+02,-1.008416421662e+00,2.127703142444e+00,-1.448962879148e+02,5.313929509203e-04,2.115214471423e-02,-3.628158207201e+01
"                2470",-1.165603343913e+00,1.937827031904e+00,-1.086161742211e+02,-1.168083593899e+00,1.956352391357e+00,-1.448963921208e+02,-2.480249986019e-03,1.852535945317e-02,-3.628021789972e+01
"                2471",-1.320879076544e+00,1.744379491905e+00,-1.086110963757e+02,-1.326241106538e+00,1.759892542425e+00,-1.448905377681e+02,-5.362029994892e-03,1.551305052030e-02,-3.627944139244e+01
"                2472",-1.476751209586e+00,1.564362813312e+00,-1.085919755615e+02,-1.484714819177e+00,1.576581898284e+00,-1.448712755409e+02,-7.963609590956e-03,1.221908497179e-02,-3.627929997941e+01
"                2473",-1.616715889721e+00,1.425116060477e+00,-1.085642474421e+02,-1.626935033000e+00,1.434003988543e+00,-1.448440554022e+02,-1.021914327921e-02,8.887928065314e-03,-3.627980796012e+01
"                2474",-1.729769551703e+00,1.291644154100e+00,-1.085398435628e+02,-1.741730895991e+00,1.297330630121e+00,-1.448206413240e+02,-1.196134428849e-02,5.686476020578e-03,-3.628079776122e+01
"                2475",-1.818435452196e+00,1.161006186488e+00,-1.085207838423e+02,-1.831639195240e+00,1.163765627945e+00,-1.448028488747e+02,-1.320374304387e-02,2.759441457054e-03,-3.628206503238e+01
"                2476",-1.899197286917e+00,1.010399064390e+00,-1.085078501693e+02,-1.913075791787e+00,1.010695077608e+00,-1.447912910080e+02,-1.387850486968e-02,2.960132185998e-04,-3.628344083874e+01
"                2477",-1.939771988159e+00,8.473101306120e-01,-1.085021416662e+02,-1.953781434399e+00,8.456823812909e-01,-1.447868859525e+02,-1.400944623939e-02,-1.627749321102e-03,-3.628474428633e+01
"                2478",-1.929873773740e+00,7.044846401172e-01,-1.085117267214e+02,-1.943385480840e+00,7.014800797353e-01,-1.447974622554e+02,-1.351170710048e-02,-3.004560381879e-03,-3.628573553405e+01
"                2479",-1.848269978142e+00,6.198637988064e-01,-1.085387743539e+02,-1.860696544087e+00,6.161396646231e-01,-1.448249777572e+02,-1.242656594498e-02,-3.724134183296e-03,-3.628620340327e+01
"                2480",-1.710053009720e+00,6.177535000303e-01,-1.085748879827e+02,-1.720833375421e+00,6.140160731686e-01,-1.448608050850e+02,-1.078036570067e-02,-3.737426861754e-03,-3.628591710224e+01
"                2481",-1.538301449112e+00,6.984227008563e-01,-1.086083043576e+02,-1.546956229931e+00,6.954376891470e-01,-1.448932557514e+02,-8.654780819747e-03,-2.985011709333e-03,-3.628495139383e+01
"                2482",-1.355843540166e+00,8.458537620101e-01,-1.086203305947e+02,-1.361936735200e+00,8.443710562077e-01,-1.449038212603e+02,-6.093195033757e-03,-1.482705802416e-03,-3.628349066556e+01
"                2483",-1.167639431418e+00,1.029194762019e+00,-1.086188355120e+02,-1.170934216909e+00,1.029687312022e+00,-1.449007618158e+02,-3.294785490719e-03,4.925500026055e-04,-3.628192630372e+01
"                2484",-9.467714982594e-01,1.202034099354e+00,-1.086111508267e+02,-9.471971942163e-01,1.205012747885e+00,-1.448917063416e+02,-4.256959569319e-04,2.978648530281e-03,-3.628055551494e+01
"                2485",-6.979306726141e-01,1.364450688171e+00,-1.085967138446e+02,-6.954804654021e-01,1.370351335491e+00,-1.448763182995e+02,2.450207211927e-03,5.900647320271e-03,-3.627960445487e+01
"                2486",-4.696493257609e-01,1.518436210299e+00,-1.085871281735e+02,-4.643728768509e-01,1.527481086915e+00,-1.448664689725e+02,5.276448910018e-03,9.044876615451e-03,-3.627934079899e+01
"                2487",-2.972886399550e-01,1.666453341808e+00,-1.085767340710e+02,-2.893809033725e-01,1.678617310192e+00,-1.448564902258e+02,7.907736582538e-03,1.216396838338e-02,-3.627975615476e+01
"                2488",-1.815770825721e-01,1.815020266090e+00,-1.085547285972e+02,-1.714063375696e-01,1.830147535795e+00,-1.448353859608e+02,1.017074500252e-02,1.512726970543e-02,-3.628065736367e+01
"                2489",-1.051072902368e-01,1.936906826931e+00,-1.085229317893e+02,-9.315435860090e-02,1.954707982580e+00,-1.448048463042e+02,1.195293163594e-02,1.780115564822e-02,-3.628191451491e+01
"                2490",-6.347435209165e-02,2.034050738622e+00,-1.084860124842e+02,-5.024617750866e-02,2.054178882109e+00,-1.447693312150e+02,1.322817458299e-02,2.012814348707e-02,-3.628331873080e+01
"                2491",-5.904911385912e-02,2.102802832631e+00,-1.084671537630e+02,-4.519131493325e-02,2.124859038025e+00,-1.447518811059e+02,1.385779892587e-02,2.205620539483e-02,-3.628472734283e+01
"                2492",-9.448644547720e-02,2.144773701090e+00,-1.084710077215e+02,-8.074993162855e-02,2.168319670659e+00,-1.447569215684e+02,1.373651384865e-02,2.354596956951e-02,-3.628591384690e+01
"                2493",-1.934059316631e-01,2.197238600129e+00,-1.084889910865e+02,-1.804966078951e-01,2.221804790495e+00,-1.447756440005e+02,1.290932376797e-02,2.456619036633e-02,-3.628665291398e+01
"                2494",-3.625537716660e-01,2.250171621878e+00,-1.085195425641e+02,-3.509986713910e-01,2.275242911711e+00,-1.448064186925e+02,1.155510027507e-02,2.507128983281e-02,-3.628687612843e+01
"                2495",-5.675776183057e-01,2.267725769028e+00,-1.085591419344e+02,-5.579603440803e-01,2.292677123198e+00,-1.448455325762e+02,9.617274225412e-03,2.495135417010e-02,-3.628639064176e+01
"                2496",-7.630658823029e-01,2.253680736284e+00,-1.085894937708e+02,-7.558404589288e-01,2.277888251794e+00,-1.448747502327e+02,7.225423374170e-03,2.420751551086e-02,-3.628525646189e+01
"                2497",-9.449072412389e-01,2.203605182413e+00,-1.086062095389e+02,-9.404287924313e-01,2.226498716562e+00,-1.448899107824e+02,4.478448807610e-03,2.289353414847e-02,-3.628370124344e+01
"                2498",-1.115531525593e+00,2.121539477132e+00,-1.086167684885e+02,-1.113942412789e+00,2.142569104008e+00,-1.448988304314e+02,1.589112803620e-03,2.102962687581e-02,-3.628206194288e+01
"                2499",-1.282161996788e+00,2.012675657626e+00,-1.086247190066e+02,-1.283552600706e+00,2.031375061190e+00,-1.449053431507e+02,-1.390603918402e-03,1.869940356370e-02,-3.628062414415e+01
"                2500",-1.433319332820e+00,1.868124482595e+00,-1.086206793807e+02,-1.437640060656e+00,1.884106673825e+00,-1.449003785096e+02,-4.320727835910e-03,1.598219122999e-02,-3.627969912886e+01
"                2501",-1.586231246744e+00,1.688342118349e+00,-1.086064800872e+02,-1.593268974283e+00,1.701420196959e+00,-1.448858165344e+02,-7.037727539181e-03,1.307807860948e-02,-3.627933644715e+01
"                2502",-1.745319170450e+00,1.506384564843e+00,-1.085872715983e+02,-1.754788064875e+00,1.516466333263e+00,-1.448668883812e+02,-9.468894425053e-03,1.008176841928e-02,-3.627961678288e+01
"                2503",-1.885116139035e+00,1.354533139551e+00,-1.085617487314e+02,-1.896633874087e+00,1.361687775216e+00,-1.448421486483e+02,-1.151773505177e-02,7.154635665021e-03,-3.628039991687e+01
"                2504",-2.003445892493e+00,1.211705255242e+00,-1.085422377108e+02,-2.016585824655e+00,1.216186065814e+00,-1.448237930519e+02,-1.313993216252e-02,4.480810571719e-03,-3.628155534107e+01
"                2505",-2.097902704133e+00,1.081636703330e+00,-1.085303329936e+02,-2.112229176117e+00,1.083830120711e+00,-1.448131632536e+02,-1.432647198359e-02,2.193417381575e-03,-3.628283025997e+01
"                2506",-2.184137907790e+00,9.676746362813e-01,-1.085313247343e+02,-2.199125733350e+00,9.680239345920e-01,-1.448153770279e+02,-1.498782555910e-02,3.492983106987e-04,-3.628405229360e+01
"                2507",-2.224763986137e+00,8.676838157155e-01,-1.085314484613e+02,-2.239833800145e+00,8.666654937139e-01,-1.448164530781e+02,-1.506981400865e-02,-1.018322001535e-03,-3.628500461678e+01
"                2508",-2.198916231346e+00,7.963453025381e-01,-1.085373801901e+02,-2.213434503256e+00,7.944234283488e-01,-1.448228755693e+02,-1.451827190982e-02,-1.921874189282e-03,-3.628549537915e+01
"                2509",-2.106221941018e+00,7.762212645350e-01,-1.085609897328e+02,-2.119590274848e+00,7.740602415621e-01,-1.448463464738e+02,-1.336833383092e-02,-2.161022972943e-03,-3.628535674094e+01
"                2510",-1.970552555867e+00,8.273101253938e-01,-1.085909190663e+02,-1.982187552804e+00,8.256373295296e-01,-1.448754363960e+02,-1.163499693680e-02,-1.672795864160e-03,-3.628451732967e+01
"                2511",-1.808452542241e+00,9.610471004804e-01,-1.086139906047e+02,-1.817930065788e+00,9.604458237003e-01,-1.448972680193e+02,-9.477523546954e-03,-6.012767801095e-04,-3.628327741461e+01
"                2512",-1.620452345462e+00,1.140196526950e+00,-1.086205835874e+02,-1.627406291364e+00,1.141355479050e+00,-1.449024385679e+02,-6.953945901070e-03,1.158952099591e-03,-3.628185498053e+01
"                2513",-1.405396110335e+00,1.301615492512e+00,-1.086183050007e+02,-1.409601270515e+00,1.305066871445e+00,-1.448988917805e+02,-4.205160179639e-03,3.451378932685e-03,-3.628058677976e+01
"                2514",-1.162681382478e+00,1.420959214606e+00,-1.086160947261e+02,-1.164006843599e+00,1.427050059676e+00,-1.448957417161e+02,-1.325461121610e-03,6.090845070550e-03,-3.627964699002e+01
"                2515",-9.034999396895e-01,1.525219034720e+00,-1.086093793257e+02,-9.018255280795e-01,1.534135014836e+00,-1.448885753335e+02,1.674411610015e-03,8.915980116058e-03,-3.627919600779e+01
"                2516",-6.754923529390e-01,1.656067301833e+00,-1.086032218063e+02,-6.708859438131e-01,1.667772853887e+00,-1.448825695981e+02,4.606409125977e-03,1.170555205469e-02,-3.627934779184e+01
"                2517",-4.992060510744e-01,1.807398791974e+00,-1.085883630265e+02,-4.919544172418e-01,1.821723974499e+00,-1.448683588722e+02,7.251633832547e-03,1.432518252533e-02,-3.627999584566e+01
"                2518",-3.817462801647e-01,1.964690303856e+00,-1.085546633744e+02,-3.723178310806e-01,1.981420653184e+00,-1.448356062958e+02,9.428449084131e-03,1.673034932851e-02,-3.628094292131e+01
"                2519",-3.160086423009e-01,2.065827804723e+00,-1.085244323601e+02,-3.048899095082e-01,2.084690636022e+00,-1.448064997173e+02,1.111873279268e-02,1.886283129922e-02,-3.628206735725e+01
"                2520",-3.088072017464e-01,2.111226752772e+00,-1.085062669192e+02,-2.965934528381e-01,2.131904534502e+00,-1.447895189774e+02,1.221374890835e-02,2.067778173026e-02,-3.628325205815e+01
"                2521",-3.124830900750e-01,2.114050901844e+00,-1.085082087580e+02,-2.999071582766e-01,2.136138382602e+00,-1.447925949670e+02,1.257593179836e-02,2.208748075810e-02,-3.628438620906e+01
"                2522",-3.437089053118e-01,2.094505947944e+00,-1.085217313614e+02,-3.315303573088e-01,2.117533879485e+00,-1.448069399221e+02,1.217854800298e-02,2.302793154064e-02,-3.628520856071e+01
"                2523",-4.523949084441e-01,2.090275288574e+00,-1.085434585672e+02,-4.412171208545e-01,2.113808416382e+00,-1.448289103686e+02,1.117778758955e-02,2.353312780779e-02,-3.628545180140e+01
"                2524",-6.465371525483e-01,2.102606634701e+00,-1.085667514613e+02,-6.368372954293e-01,2.126115900842e+00,-1.448518761590e+02,9.699857118980e-03,2.350926614076e-02,-3.628512469769e+01
"                2525",-8.717795147664e-01,2.107841715955e+00,-1.085859481078e+02,-8.640548149842e-01,2.130772897262e+00,-1.448702220422e+02,7.724699782241e-03,2.293118130710e-02,-3.628427393439e+01
"                2526",-1.051393306804e+00,2.098797248851e+00,-1.086046654856e+02,-1.046084337916e+00,2.120682305372e+00,-1.448877201574e+02,5.308968887179e-03,2.188505652162e-02,-3.628305467183e+01
"                2527",-1.197125843214e+00,2.063733760642e+00,-1.086207442123e+02,-1.194571416275e+00,2.084050082412e+00,-1.449024343762e+02,2.554426939196e-03,2.031632176988e-02,-3.628169016398e+01
"                2528",-1.341728811038e+00,1.992958831981e+00,-1.086383137163e+02,-1.342022954192e+00,2.011288730920e+00,-1.449188222922e+02,-2.941431545522e-04,1.832989893894e-02,-3.628050857585e+01
"                2529",-1.505440270788e+00,1.900864490255e+00,-1.086496941204e+02,-1.508621111648e+00,1.916934431472e+00,-1.449293234549e+02,-3.180840860184e-03,1.606994121707e-02,-3.627962933453e+01
"                2530",-1.681202229946e+00,1.756179518283e+00,-1.086389162780e+02,-1.687173741472e+00,1.769828523442e+00,-1.449181577759e+02,-5.971511525674e-03,1.364900515860e-02,-3.627924149787e+01
"                2531",-1.854279905083e+00,1.568315335521e+00,-1.086144646425e+02,-1.862808085736e+00,1.579433320160e+00,-1.448937539428e+02,-8.528180653163e-03,1.111798463845e-02,-3.627928930033e+01
"                2532",-2.004950350968e+00,1.375939620137e+00,-1.085918870110e+02,-2.015796893540e+00,1.384561065534e+00,-1.448717377068e+02,-1.084654257158e-02,8.621445397043e-03,-3.627985069586e+01
"                2533",-2.137050293856e+00,1.217463951860e+00,-1.085762908671e+02,-2.149897911600e+00,1.223763103149e+00,-1.448570529589e+02,-1.284761774361e-02,6.299151288982e-03,-3.628076209185e+01
"                2534",-2.259291341038e+00,1.100244962863e+00,-1.085784887448e+02,-2.273765724483e+00,1.104493328986e+00,-1.448603566813e+02,-1.447438344519e-02,4.248366123295e-03,-3.628186793655e+01
"                2535",-2.371220571989e+00,1.026309171757e+00,-1.085889924681e+02,-2.386828382314e+00,1.028871606472e+00,-1.448718350358e+02,-1.560781032499e-02,2.562434714444e-03,-3.628284256768e+01
"                2536",-2.454034745438e+00,9.905623692311e-01,-1.085903242391e+02,-2.470238572931e+00,9.918003354535e-01,-1.448738675402e+02,-1.620382749295e-02,1.237966222449e-03,-3.628354330107e+01
"                2537",-2.472923143231e+00,9.564959395865e-01,-1.085850106823e+02,-2.489131893590e+00,9.568203213258e-01,-1.448688786397e+02,-1.620875035961e-02,3.243817392347e-04,-3.628386795739e+01
"                2538",-2.429585870308e+00,9.490339397346e-01,-1.085831740486e+02,-2.445140523453e+00,9.490225749017e-01,-1.448669053394e+02,-1.555465314499e-02,-1.136483288006e-05,-3.628373129079e+01
"                2539",-2.333740153411e+00,9.914340288776e-01,-1.085938857106e+02,-2.348072481344e+00,9.915771487253e-01,-1.448770598692e+02,-1.433232793323e-02,1.431198476884e-04,-3.628317415853e+01
"                2540",-2.191906985222e+00,1.093340118059e+00,-1.086125265877e+02,-2.204482165764e+00,1.094203708703e+00,-1.448948320415e+02,-1.257518054180e-02,8.635906442098e-04,-3.628230545384e+01
"                2541",-2.014744009899e+00,1.230019687727e+00,-1.086290318245e+02,-2.025139307674e+00,1.232278321420e+00,-1.449103719149e+02,-1.039529777414e-02,2.258633692867e-03,-3.628134009044e+01
"                2542",-1.804015476523e+00,1.370937339212e+00,-1.086353218981e+02,-1.811829170959e+00,1.375156239865e+00,-1.449157176221e+02,-7.813694435980e-03,4.218900653729e-03,-3.628039572402e+01
"                2543",-1.568810893816e+00,1.475867542490e+00,-1.086408772744e+02,-1.573771134481e+00,1.482353581114e+00,-1.449206016358e+02,-4.960240664634e-03,6.486038623392e-03,-3.627972436135e+01
"                2544",-1.315170223004e+00,1.558801660760e+00,-1.086433081973e+02,-1.317110675222e+00,1.567652628771e+00,-1.449226478360e+02,-1.940452218157e-03,8.850968010302e-03,-3.627933963867e+01
"                2545",-1.048007400223e+00,1.651333342529e+00,-1.086337984200e+02,-1.046838939639e+00,1.662521926017e+00,-1.449131050280e+02,1.168460584080e-03,1.118858348752e-02,-3.627930660805e+01
"                2546",-8.193293911504e-01,1.791327300458e+00,-1.086116420731e+02,-8.152360637183e-01,1.804761116471e+00,-1.448913489945e+02,4.093327432112e-03,1.343381601309e-02,-3.627970692145e+01
"                2547",-6.533694161740e-01,1.943107136266e+00,-1.085879959141e+02,-6.467209427374e-01,1.958596652449e+00,-1.448683685313e+02,6.648473436615e-03,1.548951618309e-02,-3.628037261726e+01
"                2548",-5.563798124140e-01,2.054687749632e+00,-1.085690596141e+02,-5.476892765712e-01,2.072043733019e+00,-1.448502347520e+02,8.690535842850e-03,1.735598338622e-02,-3.628117513792e+01
"                2549",-5.102446609623e-01,2.089580984938e+00,-1.085638946679e+02,-5.000449495001e-01,2.108526202672e+00,-1.448459629773e+02,1.019971146222e-02,1.894521773336e-02,-3.628206830947e+01
"                2550",-4.871636708296e-01,2.065693488411e+00,-1.085678669250e+02,-4.761177048899e-01,2.085890218914e+00,-1.448507844024e+02,1.104596593969e-02,2.019673050328e-02,-3.628291747736e+01
"                2551",-4.950188814044e-01,2.001226401191e+00,-1.085781914531e+02,-4.838426830754e-01,2.022262767291e+00,-1.448617333061e+02,1.117619832901e-02,2.103636609993e-02,-3.628354185302e+01
"                2552",-5.544900848128e-01,1.929339811341e+00,-1.085826058662e+02,-5.438695989305e-01,1.950723615429e+00,-1.448663331896e+02,1.062048588235e-02,2.138380408770e-02,-3.628372732335e+01
"                2553",-6.953586024189e-01,1.903631203082e+00,-1.085827653484e+02,-6.857770541978e-01,1.924964492823e+00,-1.448662099055e+02,9.581548221089e-03,2.133328974124e-02,-3.628344455714e+01
"                2554",-8.873798806447e-01,1.906388581695e+00,-1.085900144149e+02,-8.793338273787e-01,1.927362604764e+00,-1.448728977325e+02,8.046053265996e-03,2.097402306897e-02,-3.628288331760e+01
"                2555",-1.071130118503e+00,1.920770248616e+00,-1.086032642257e+02,-1.065105308289e+00,1.940935858341e+00,-1.448853955032e+02,6.024810213376e-03,2.016560972471e-02,-3.628213127753e+01
"                2556",-1.215496894628e+00,1.936771368399e+00,-1.086253039445e+02,-1.211902906843e+00,1.955741629786e+00,-1.449066007754e+02,3.593987784359e-03,1.897026138656e-02,-3.628129683093e+01
"                2557",-1.358013683941e+00,1.925232449067e+00,-1.086478614275e+02,-1.357119025872e+00,1.942686195197e+00,-1.449283572692e+02,8.946580685935e-04,1.745374613020e-02,-3.628049584167e+01
"                2558",-1.525749197528e+00,1.853168670287e+00,-1.086635201506e+02,-1.527612832817e+00,1.868915224827e+00,-1.449434100587e+02,-1.863635288576e-03,1.574655454065e-02,-3.627988990809e+01
"                2559",-1.716420585427e+00,1.740321451011e+00,-1.086642542487e+02,-1.721057558834e+00,1.754207079650e+00,-1.449437825334e+02,-4.636973406809e-03,1.388562863934e-02,-3.627952828468e+01
"                2560",-1.902732248984e+00,1.581406281442e+00,-1.086449732620e+02,-1.910054327891e+00,1.593350719458e+00,-1.449245119866e+02,-7.322078907350e-03,1.194443801648e-02,-3.627953872461e+01
"                2561",-2.064326449308e+00,1.396177688278e+00,-1.086203822792e+02,-2.074164848159e+00,1.406165272832e+00,-1.449002132290e+02,-9.838398850134e-03,9.987584553436e-03,-3.627983094983e+01
"                2562",-2.200493160654e+00,1.234537936741e+00,-1.086167669722e+02,-2.212640109501e+00,1.242671567877e+00,-1.448972503377e+02,-1.214694884655e-02,8.133631135824e-03,-3.628048336552e+01
"                2563",-2.333989279391e+00,1.121530401943e+00,-1.086289894148e+02,-2.348137507037e+00,1.127971874294e+00,-1.449101995195e+02,-1.414822764660e-02,6.441472351543e-03,-3.628121010468e+01
"                2564",-2.467720565295e+00,1.067109785303e+00,-1.086393258423e+02,-2.483463881523e+00,1.072050886454e+00,-1.449211590805e+02,-1.574331622856e-02,4.941101151077e-03,-3.628183323820e+01
"                2565",-2.588922760187e+00,1.056712033249e+00,-1.086450428276e+02,-2.605691957823e+00,1.060473649232e+00,-1.449271927926e+02,-1.676919763578e-02,3.761615983013e-03,-3.628214996499e+01
"                2566",-2.654590916604e+00,1.073824186578e+00,-1.086426099428e+02,-2.671888235154e+00,1.076827794496e+00,-1.449247796513e+02,-1.729731855030e-02,3.003607917637e-03,-3.628216970848e+01
"                2567",-2.658615319306e+00,1.104530331356e+00,-1.086275753623e+02,-2.675816511428e+00,1.107119203333e+00,-1.449095342545e+02,-1.720119212212e-02,2.588871976360e-03,-3.628195889224e+01
"                2568",-2.590639994268e+00,1.167877030052e+00,-1.086147359050e+02,-2.607124184458e+00,1.170396830805e+00,-1.448963359183e+02,-1.648419019066e-02,2.519800753047e-03,-3.628160001332e+01
"                2569",-2.467389543918e+00,1.243096745964e+00,-1.086135372955e+02,-2.482614553495e+00,1.246064175995e+00,-1.448946567042e+02,-1.522500957648e-02,2.967430031079e-03,-3.628111940869e+01
"                2570",-2.304652254132e+00,1.326969880224e+00,-1.086248003869e+02,-2.318039744920e+00,1.330924611217e+00,-1.449053959611e+02,-1.338749078863e-02,3.954730992998e-03,-3.628059557421e+01
"                2571",-2.112811221530e+00,1.418483767098e+00,-1.086435936889e+02,-2.123847822285e+00,1.423915273766e+00,-1.449237567789e+02,-1.103660075537e-02,5.431506667294e-03,-3.628016309004e+01
"                2572",-1.898824560460e+00,1.519513757454e+00,-1.086585750226e+02,-1.907105115741e+00,1.526683712777e+00,-1.449384032764e+02,-8.280555281158e-03,7.169955322937e-03,-3.627982825374e+01
"                2573",-1.651940222083e+00,1.606105120079e+00,-1.086661494991e+02,-1.657223663602e+00,1.615099890110e+00,-1.449458140103e+02,-5.283441518414e-03,8.994770031281e-03,-3.627966451120e+01
"                2574",-1.380860657849e+00,1.689667896751e+00,-1.086540941387e+02,-1.383038132676e+00,1.700488946183e+00,-1.449337496815e+02,-2.177474826861e-03,1.082104943216e-02,-3.627965554281e+01
"                2575",-1.109448975446e+00,1.783427436985e+00,-1.086287681837e+02,-1.108514978564e+00,1.796016947670e+00,-1.449085914541e+02,9.339968822599e-04,1.258951068496e-02,-3.627982327038e+01
"                2576",-8.947458076912e-01,1.893261520518e+00,-1.086090914039e+02,-8.909502623780e-01,1.907510585109e+00,-1.448892918991e+02,3.795545313206e-03,1.424906459159e-02,-3.628020049515e+01
"                2577",-7.462757190354e-01,1.987531770429e+00,-1.086042967260e+02,-7.400844975034e-01,2.003267330037e+00,-1.448850251713e+02,6.191221532043e-03,1.573555960820e-02,-3.628072844531e+01
"                2578",-6.512669911031e-01,2.028832289625e+00,-1.086065611040e+02,-6.432448825714e-01,2.045835278560e+00,-1.448878176869e+02,8.022108531703e-03,1.700298893549e-02,-3.628125658290e+01
"                2579",-6.079991555363e-01,1.998823959267e+00,-1.086139480366e+02,-5.986845509046e-01,2.016803349674e+00,-1.448956145308e+02,9.314604631727e-03,1.797939040685e-02,-3.628166649419e+01
"                2580",-5.997308246257e-01,1.913884723457e+00,-1.086268282445e+02,-5.897239915602e-01,1.932493326633e+00,-1.449087263254e+02,1.000683306546e-02,1.860860317601e-02,-3.628189808081e+01
"                2581",-6.230223578646e-01,1.806294014995e+00,-1.086275872552e+02,-6.129818687964e-01,1.825115910809e+00,-1.449094633699e+02,1.004048906820e-02,1.882189581331e-02,-3.628187611465e+01
"                2582",-6.884701346443e-01,1.714448927531e+00,-1.086131391004e+02,-6.790395965889e-01,1.733203144225e+00,-1.448947609007e+02,9.430538055344e-03,1.875421669393e-02,-3.628162180035e+01
"                2583",-8.096995712176e-01,1.692488727066e+00,-1.086004145517e+02,-8.013635369469e-01,1.710887006010e+00,-1.448816159725e+02,8.336034270685e-03,1.839827894399e-02,-3.628120142072e+01
"                2584",-9.799605165540e-01,1.713564795242e+00,-1.086059992631e+02,-9.732352950593e-01,1.731383306686e+00,-1.448868011707e+02,6.725221494726e-03,1.781851144443e-02,-3.628080190759e+01
"                2585",-1.154153447990e+00,1.754983689828e+00,-1.086252219637e+02,-1.149461112258e+00,1.771986532018e+00,-1.449057010324e+02,4.692335732002e-03,1.700284219090e-02,-3.628047906875e+01
"                2586",-1.315111938144e+00,1.785129246213e+00,-1.086477639073e+02,-1.312824602881e+00,1.801165541380e+00,-1.449279455923e+02,2.287335263709e-03,1.603629516672e-02,-3.628018168504e+01
"                2587",-1.471724659579e+00,1.764058392287e+00,-1.086641634751e+02,-1.472050037033e+00,1.778968920456e+00,-1.449441299674e+02,-3.253774540662e-04,1.491052816907e-02,-3.627996649233e+01
"                2588",-1.652835056403e+00,1.676102053700e+00,-1.086718940455e+02,-1.655860709181e+00,1.689795115438e+00,-1.449517412000e+02,-3.025652778124e-03,1.369306173724e-02,-3.627984715454e+01
"                2589",-1.848209800807e+00,1.548800807087e+00,-1.086640479874e+02,-1.854026883944e+00,1.561219935265e+00,-1.449439425237e+02,-5.817083136880e-03,1.241912817876e-02,-3.627989453631e+01
"                2590",-2.032652796980e+00,1.403902037489e+00,-1.086484840514e+02,-2.041207969986e+00,1.415048956966e+00,-1.449286189958e+02,-8.555173005509e-03,1.114691947703e-02,-3.628013494437e+01
"                2591",-2.202571584219e+00,1.270727030575e+00,-1.086448974651e+02,-2.213694474097e+00,1.280563645290e+00,-1.449253291914e+02,-1.112288987726e-02,9.836614714843e-03,-3.628043172628e+01
"                2592",-2.338251074755e+00,1.178788966840e+00,-1.086633360064e+02,-2.351703862693e+00,1.187398058354e+00,-1.449441403539e+02,-1.345278793802e-02,8.609091513395e-03,-3.628080434749e+01
"                2593",-2.463065289929e+00,1.126523631946e+00,-1.086830203422e+02,-2.478446535914e+00,1.133980465951e+00,-1.449640306080e+02,-1.538124598490e-02,7.456834004993e-03,-3.628101026578e+01
"                2594",-2.585930389697e+00,1.124373932717e+00,-1.086890565049e+02,-2.602806392477e+00,1.130939352264e+00,-1.449700000127e+02,-1.687600277955e-02,6.565419546747e-03,-3.628094350784e+01
"                2595",-2.700163599267e+00,1.166131614622e+00,-1.086833058244e+02,-2.717977271874e+00,1.172088307005e+00,-1.449639201875e+02,-1.781367260699e-02,5.956692383007e-03,-3.628061436306e+01
"                2596",-2.753325496466e+00,1.253560271544e+00,-1.086636308615e+02,-2.771571441956e+00,1.259074260922e+00,-1.449438686103e+02,-1.824594548997e-02,5.513989378343e-03,-3.628023774880e+01
"                2597",-2.729304785693e+00,1.328635633509e+00,-1.086369145290e+02,-2.747384764548e+00,1.334044508562e+00,-1.449168642807e+02,-1.807997885487e-02,5.408875053717e-03,-3.627994975176e+01
"                2598",-2.624837818339e+00,1.392949826507e+00,-1.086171268887e+02,-2.642104240480e+00,1.398648214829e+00,-1.448968943136e+02,-1.726642214037e-02,5.698388322120e-03,-3.627976742493e+01
"                2599",-2.479437780262e+00,1.428791697413e+00,-1.086200803672e+02,-2.495243169112e+00,1.435081737380e+00,-1.448997627681e+02,-1.580538885012e-02,6.290039967690e-03,-3.627968240088e+01
"                2600",-2.313143305195e+00,1.468681857313e+00,-1.086404400777e+02,-2.326854911507e+00,1.475827741774e+00,-1.449201517478e+02,-1.371160631249e-02,7.145884461349e-03,-3.627971167012e+01
"                2601",-2.118875020542e+00,1.537219606222e+00,-1.086621155530e+02,-2.130008227889e+00,1.545460256166e+00,-1.449419266431e+02,-1.113320734659e-02,8.240649943392e-03,-3.627981109011e+01
"                2602",-1.892627086161e+00,1.635978451698e+00,-1.086695118581e+02,-1.900863178188e+00,1.645447343108e+00,-1.449494374661e+02,-8.236092027436e-03,9.468891409357e-03,-3.627992560796e+01
"                2603",-1.634768250979e+00,1.730756406314e+00,-1.086596889915e+02,-1.639967149555e+00,1.741474497413e+00,-1.449397338976e+02,-5.198898575996e-03,1.071809109877e-02,-3.628004490611e+01
"                2604",-1.369075497961e+00,1.795438013961e+00,-1.086407528459e+02,-1.371183419750e+00,1.807399167369e+00,-1.449208758014e+02,-2.107921789227e-03,1.196115340851e-02,-3.628012295547e+01
"                2605",-1.116724942293e+00,1.829340952429e+00,-1.086275014377e+02,-1.115820484401e+00,1.842491585347e+00,-1.449078174464e+02,9.044578918869e-04,1.315063291765e-02,-3.628031600868e+01
"                2606",-9.069114444796e-01,1.865081051812e+00,-1.086250611696e+02,-9.033337715272e-01,1.879300235775e+00,-1.449056172164e+02,3.577672952450e-03,1.421918396260e-02,-3.628055604683e+01
"                2607",-7.537320565674e-01,1.896826460709e+00,-1.086343155914e+02,-7.479716957118e-01,1.911909586234e+00,-1.449150549489e+02,5.760360855618e-03,1.508312552483e-02,-3.628073935752e+01
"                2608",-6.707453368021e-01,1.876278517007e+00,-1.086447195692e+02,-6.632864547052e-01,1.891997785279e+00,-1.449254273557e+02,7.458882096929e-03,1.571926827231e-02,-3.628070778652e+01
"                2609",-6.518613734146e-01,1.805220476875e+00,-1.086446657451e+02,-6.431933816335e-01,1.821260328990e+00,-1.449251334858e+02,8.667991781102e-03,1.603985211461e-02,-3.628046774069e+01
"                2610",-6.581772133070e-01,1.696687246785e+00,-1.086450262451e+02,-6.488740354252e-01,1.712832479209e+00,-1.449252208182e+02,9.303177881802e-03,1.614523242357e-02,-3.628019457317e+01
"                2611",-6.632637954326e-01,1.581581969578e+00,-1.086388243990e+02,-6.540149517433e-01,1.597573378592e+00,-1.449187195974e+02,9.248843689318e-03,1.599140901427e-02,-3.627989519842e+01
"                2612",-7.042002117862e-01,1.504094751153e+00,-1.086227604737e+02,-6.956428295491e-01,1.519733488112e+00,-1.449023841409e+02,8.557382237026e-03,1.563873695875e-02,-3.627962366727e+01
"                2613",-8.201041562509e-01,1.508446365128e+00,-1.086141869462e+02,-8.126766470640e-01,1.523619021687e+00,-1.448936794633e+02,7.427509186918e-03,1.517265655945e-02,-3.627949251708e+01
"                2614",-1.002961837004e+00,1.550234249494e+00,-1.086180585692e+02,-9.971548382170e-01,1.564970532994e+00,-1.448975825968e+02,5.806998787343e-03,1.473628350005e-02,-3.627952402763e+01
"                2615",-1.190711869186e+00,1.601212171542e+00,-1.086302879553e+02,-1.186907838626e+00,1.615509645118e+00,-1.449100057259e+02,3.804030559944e-03,1.429747357549e-02,-3.627971777060e+01
"                2616",-1.362692055787e+00,1.626874716329e+00,-1.086447513972e+02,-1.361280560897e+00,1.640700622500e+00,-1.449246536987e+02,1.411494889688e-03,1.382590617099e-02,-3.627990230149e+01
"                2617",-1.527797231091e+00,1.581181440015e+00,-1.086546368641e+02,-1.529017629847e+00,1.594486002317e+00,-1.449347349364e+02,-1.220398755882e-03,1.330456230158e-02,-3.628009807228e+01
"                2618",-1.715993459092e+00,1.491005827346e+00,-1.086608025469e+02,-1.720007424479e+00,1.503770813804e+00,-1.449410788842e+02,-4.013965387730e-03,1.276498645850e-02,-3.628027633737e+01
"                2619",-1.928043446777e+00,1.405256290529e+00,-1.086655596564e+02,-1.934971273684e+00,1.417425768148e+00,-1.449460520552e+02,-6.927826906378e-03,1.216947761902e-02,-3.628049239879e+01
"                2620",-2.127884222655e+00,1.331745896505e+00,-1.086683170970e+02,-2.137589519819e+00,1.343294669483e+00,-1.449488818617e+02,-9.705297164665e-03,1.154877297772e-02,-3.628056476472e+01
"                2621",-2.291838648808e+00,1.269676401799e+00,-1.086730381413e+02,-2.304098315838e+00,1.280499193546e+00,-1.449535177922e+02,-1.225966703022e-02,1.082279174677e-02,-3.628047965089e+01
"                2622",-2.409926802628e+00,1.236165311291e+00,-1.086934459999e+02,-2.424427390801e+00,1.246335065926e+00,-1.449736961908e+02,-1.450058817273e-02,1.016975463501e-02,-3.628025019083e+01
"                2623",-2.520637689444e+00,1.230047896972e+00,-1.087057361967e+02,-2.536938732550e+00,1.239696596714e+00,-1.449855220642e+02,-1.630104310565e-02,9.648699741976e-03,-3.627978586749e+01
"                2624",-2.644335727200e+00,1.284118911994e+00,-1.086974430157e+02,-2.662013533714e+00,1.293291501393e+00,-1.449766659178e+02,-1.767780651408e-02,9.172589399923e-03,-3.627922290212e+01
"                2625",-2.746131847217e+00,1.372757166920e+00,-1.086789379809e+02,-2.764656371254e+00,1.381638743438e+00,-1.449576516238e+02,-1.852452403671e-02,8.881576518044e-03,-3.627871364290e+01
"                2626",-2.763368668629e+00,1.456648849765e+00,-1.086491375524e+02,-2.782196638477e+00,1.465453113094e+00,-1.449275572720e+02,-1.882796984874e-02,8.804263329430e-03,-3.627841971966e+01
"                2627",-2.707563737551e+00,1.497717241160e+00,-1.086230566097e+02,-2.726025396186e+00,1.506627076836e+00,-1.449014752032e+02,-1.846165863478e-02,8.909835676233e-03,-3.627841859345e+01
"                2628",-2.588353941594e+00,1.522260646037e+00,-1.086166256503e+02,-2.605747803659e+00,1.531433937420e+00,-1.448952833112e+02,-1.739386206440e-02,9.173291382337e-03,-3.627865766095e+01
"                2629",-2.438982413699e+00,1.539728687430e+00,-1.086306574553e+02,-2.454640689688e+00,1.549196535582e+00,-1.449096669485e+02,-1.565827598924e-02,9.467848151831e-03,-3.627900949320e+01
"                2630",-2.273946503929e+00,1.577438048908e+00,-1.086473015258e+02,-2.287309523323e+00,1.587273320279e+00,-1.449267301290e+02,-1.336301939388e-02,9.835271371092e-03,-3.627942860312e+01
"                2631",-2.081313787609e+00,1.647165215453e+00,-1.086459697394e+02,-2.091976135396e+00,1.657546552432e+00,-1.449257755120e+02,-1.066234778706e-02,1.038133697866e-02,-3.627980577265e+01
"                2632",-1.858427193461e+00,1.729531610378e+00,-1.086463721629e+02,-1.866153494813e+00,1.740537102661e+00,-1.449263961723e+02,-7.726301352296e-03,1.100549228321e-02,-3.628002400945e+01
"                2633",-1.617648095657e+00,1.777116839657e+00,-1.086490524469e+02,-1.622397653650e+00,1.788797060953e+00,-1.449292280154e+02,-4.749557993075e-03,1.168022129532e-02,-3.628017556851e+01
"                2634",-1.357828851209e+00,1.771732293630e+00,-1.086447508701e+02,-1.359609800877e+00,1.784055628561e+00,-1.449249815249e+02,-1.780949668094e-03,1.232333493135e-02,-3.628023065478e+01
"                2635",-1.106158104230e+00,1.738925821479e+00,-1.086437277597e+02,-1.105103196534e+00,1.751787495502e+00,-1.449239712492e+02,1.054907696524e-03,1.286167402312e-02,-3.628024348944e+01
"                2636",-8.963767962738e-01,1.708935359461e+00,-1.086482898257e+02,-8.928154153888e-01,1.722195813552e+00,-1.449283489366e+02,3.561380884962e-03,1.326045409034e-02,-3.628005911087e+01
"                2637",-7.552656139042e-01,1.693836224086e+00,-1.086539296734e+02,-7.496109298686e-01,1.707260717314e+00,-1.449335720516e+02,5.654684035593e-03,1.342449322855e-02,-3.627964237813e+01
"                2638",-6.918429781968e-01,1.653212530210e+00,-1.086555344766e+02,-6.845078324091e-01,1.666663260803e+00,-1.449346110716e+02,7.335145787731e-03,1.345073059266e-02,-3.627907659497e+01
"                2639",-6.639024731901e-01,1.577565976229e+00,-1.086498526981e+02,-6.554065274898e-01,1.590923974153e+00,-1.449283591903e+02,8.495945700379e-03,1.335799792433e-02,-3.627850649224e+01
"                2640",-6.356654597286e-01,1.476655187172e+00,-1.086456162678e+02,-6.266394953160e-01,1.489776735734e+00,-1.449237689068e+02,9.025964412591e-03,1.312154856272e-02,-3.627815263899e+01
"                2641",-6.220954146387e-01,1.379013064213e+00,-1.086378819035e+02,-6.132184759183e-01,1.391780260000e+00,-1.449159362213e+02,8.876938720435e-03,1.276719578629e-02,-3.627805431781e+01
"                2642",-6.743100018740e-01,1.333252495593e+00,-1.086277129313e+02,-6.661605214606e-01,1.345722239289e+00,-1.449058649840e+02,8.149480413396e-03,1.246974369692e-02,-3.627815205271e+01
"                2643",-8.191026776403e-01,1.348476781819e+00,-1.086246953309e+02,-8.121209207258e-01,1.360796770738e+00,-1.449031557059e+02,6.981756914564e-03,1.231998891888e-02,-3.627846037500e+01
"                2644",-1.020886472295e+00,1.390634940008e+00,-1.086211996480e+02,-1.015539629674e+00,1.402978878480e+00,-1.449001395156e+02,5.346842620083e-03,1.234393847239e-02,-3.627893986756e+01
"                2645",-1.210807673062e+00,1.435701684644e+00,-1.086195524136e+02,-1.207543370200e+00,1.448192452543e+00,-1.448990767946e+02,3.264302861709e-03,1.249076789904e-02,-3.627952438099e+01
"                2646",-1.381908066065e+00,1.459125064958e+00,-1.086251314465e+02,-1.381166336401e+00,1.471812193553e+00,-1.449051921132e+02,7.417296637516e-04,1.268712859459e-02,-3.628006066668e+01
"                2647",-1.550292733655e+00,1.439648050317e+00,-1.086467348744e+02,-1.552320432919e+00,1.452501930594e+00,-1.449272640662e+02,-2.027699264330e-03,1.285388027643e-02,-3.628052919178e+01
"                2648",-1.753211547942e+00,1.414186614250e+00,-1.086742250423e+02,-1.758158415378e+00,1.427178383827e+00,-1.449549518564e+02,-4.946867436198e-03,1.299176957692e-02,-3.628072681416e+01
"                2649",-1.972911243344e+00,1.396597865391e+00,-1.086901111698e+02,-1.980823939241e+00,1.409607624651e+00,-1.449708261660e+02,-7.912695897100e-03,1.300975926022e-02,-3.628071499615e+01
"                2650",-2.172933267859e+00,1.383987165037e+00,-1.086921680813e+02,-2.183584759972e+00,1.396945371632e+00,-1.449725117601e+02,-1.065149211274e-02,1.295820659470e-02,-3.628034367878e+01
"                2651",-2.326283453002e+00,1.372434203019e+00,-1.086905884648e+02,-2.339450253933e+00,1.385305142820e+00,-1.449703518043e+02,-1.316680093078e-02,1.287093980031e-02,-3.627976333955e+01
"                2652",-2.440110904920e+00,1.390709117033e+00,-1.086972070203e+02,-2.455437519181e+00,1.403439426525e+00,-1.449763018180e+02,-1.532661426096e-02,1.273030949138e-02,-3.627909479774e+01
"                2653",-2.537070257265e+00,1.433540572926e+00,-1.086996492509e+02,-2.554134724452e+00,1.446050619846e+00,-1.449780867668e+02,-1.706446718716e-02,1.251004692033e-02,-3.627843751587e+01
"                2654",-2.638326662946e+00,1.489036777672e+00,-1.086874468208e+02,-2.656653524899e+00,1.501436719624e+00,-1.449653509068e+02,-1.832686195288e-02,1.239994195198e-02,-3.627790408606e+01
"                2655",-2.710638866175e+00,1.535094573295e+00,-1.086688180520e+02,-2.729657481352e+00,1.547460463416e+00,-1.449464548883e+02,-1.901861517719e-02,1.236589012153e-02,-3.627763683628e+01
"                2656",-2.711761059598e+00,1.562508626468e+00,-1.086465772104e+02,-2.730816792562e+00,1.574854720418e+00,-1.449243093407e+02,-1.905573296382e-02,1.234609395021e-02,-3.627773213033e+01
"                2657",-2.649837551412e+00,1.579410304757e+00,-1.086291387934e+02,-2.668232698810e+00,1.591657502451e+00,-1.449072900372e+02,-1.839514739783e-02,1.224719769439e-02,-3.627815124382e+01
"                2658",-2.520767484368e+00,1.604077907379e+00,-1.086212115025e+02,-2.537834443066e+00,1.616165123962e+00,-1.448999096341e+02,-1.706695869798e-02,1.208721658228e-02,-3.627869813163e+01
"                2659",-2.360509642219e+00,1.633528937683e+00,-1.086178351568e+02,-2.375639124331e+00,1.645347699122e+00,-1.448971409532e+02,-1.512948211245e-02,1.181876143899e-02,-3.627930579642e+01
"                2660",-2.201059835512e+00,1.671401808885e+00,-1.086215882613e+02,-2.213778726301e+00,1.683004837383e+00,-1.449014673572e+02,-1.271889078843e-02,1.160302849801e-02,-3.627987909588e+01
"                2661",-2.031263127422e+00,1.704638898468e+00,-1.086335135256e+02,-2.041240861919e+00,1.716186152694e+00,-1.449138067033e+02,-9.977734497594e-03,1.154725422533e-02,-3.628029317770e+01
"                2662",-1.813645121643e+00,1.710383649986e+00,-1.086438516537e+02,-1.820752527964e+00,1.721946265297e+00,-1.449244482185e+02,-7.107406321463e-03,1.156261531090e-02,-3.628059656480e+01
"                2663",-1.554020598899e+00,1.688115322472e+00,-1.086541410088e+02,-1.558286848741e+00,1.699697724962e+00,-1.449348024725e+02,-4.266249841813e-03,1.158240248975e-02,-3.628066146372e+01
"                2664",-1.282463959967e+00,1.625758853365e+00,-1.086601529939e+02,-1.283906876308e+00,1.637310302125e+00,-1.449406005869e+02,-1.442916340970e-03,1.155144876010e-02,-3.628044759295e+01
"                2665",-1.046178839914e+00,1.547781326001e+00,-1.086611846315e+02,-1.044877533995e+00,1.559154594597e+00,-1.449411931022e+02,1.301305918861e-03,1.137326859535e-02,-3.628000847062e+01
"                2666",-8.634467935070e-01,1.492096830078e+00,-1.086564519059e+02,-8.596650897504e-01,1.503211066144e+00,-1.449357879131e+02,3.781703756563e-03,1.111423606600e-02,-3.627933600719e+01
"                2667",-7.214315852731e-01,1.459502283319e+00,-1.086527626596e+02,-7.155689906563e-01,1.470328784000e+00,-1.449313342464e+02,5.862594616792e-03,1.082650068173e-02,-3.627857158682e+01
"                2668",-6.227006571559e-01,1.424693621025e+00,-1.086502846291e+02,-6.152173041850e-01,1.435157864528e+00,-1.449281740175e+02,7.483352970993e-03,1.046424350346e-02,-3.627788938840e+01
"                2669",-5.531605523440e-01,1.371206659356e+00,-1.086454338244e+02,-5.445893330243e-01,1.381324148438e+00,-1.449228687830e+02,8.571219319741e-03,1.011748908182e-02,-3.627743495858e+01
"                2670",-5.216500937109e-01,1.299895552884e+00,-1.086440362733e+02,-5.126125091791e-01,1.309729083583e+00,-1.449213907188e+02,9.037584531774e-03,9.833530699860e-03,-3.627735444547e+01
"                2671",-5.499557708792e-01,1.226078991126e+00,-1.086362838292e+02,-5.411241145867e-01,1.235780006474e+00,-1.449138382894e+02,8.831656292555e-03,9.701015348125e-03,-3.627755446016e+01
"                2672",-6.454447001722e-01,1.190957576346e+00,-1.086240164553e+02,-6.373339697640e-01,1.200766346710e+00,-1.449020017047e+02,8.110730408126e-03,9.808770364468e-03,-3.627798524939e+01
"                2673",-8.028802174709e-01,1.197891136561e+00,-1.086143830959e+02,-7.960079360479e-01,1.208077405852e+00,-1.448929793467e+02,6.872281423007e-03,1.018626929049e-02,-3.627859625075e+01
"                2674",-9.909963802952e-01,1.235232664527e+00,-1.086050229810e+02,-9.858853866737e-01,1.246089904415e+00,-1.448843682079e+02,5.110993621463e-03,1.085723988792e-02,-3.627934522688e+01
"                2675",-1.177384670487e+00,1.297793665839e+00,-1.086106943007e+02,-1.174538087102e+00,1.309517277486e+00,-1.448908460347e+02,2.846583384824e-03,1.172361164748e-02,-3.628015173398e+01
"                2676",-1.370203688085e+00,1.374618413443e+00,-1.086302068564e+02,-1.370054377803e+00,1.387250491779e+00,-1.449109629941e+02,1.493102824350e-04,1.263207833581e-02,-3.628075613772e+01
"                2677",-1.570370842387e+00,1.420008526278e+00,-1.086598589050e+02,-1.573104575646e+00,1.433453736423e+00,-1.449409477933e+02,-2.733733259409e-03,1.344521014522e-02,-3.628108888833e+01
"                2678",-1.789845124684e+00,1.454659078425e+00,-1.086861361204e+02,-1.795548692657e+00,1.468833801878e+00,-1.449671129386e+02,-5.703567973399e-03,1.417472345317e-02,-3.628097681821e+01
"                2679",-2.018131072241e+00,1.482385737942e+00,-1.086953026629e+02,-2.026789035446e+00,1.497241203791e+00,-1.449758252461e+02,-8.657963205745e-03,1.485546584894e-02,-3.628052258328e+01
"                2680",-2.224892094783e+00,1.516634558174e+00,-1.086879645295e+02,-2.236276378434e+00,1.532021900095e+00,-1.449677299282e+02,-1.138428365121e-02,1.538734192093e-02,-3.627976539864e+01
"                2681",-2.372504720087e+00,1.561932487281e+00,-1.086785767202e+02,-2.386355705550e+00,1.577565407196e+00,-1.449575909703e+02,-1.385098546223e-02,1.563291991540e-02,-3.627901425017e+01
"                2682",-2.465901400973e+00,1.592490370953e+00,-1.086778921016e+02,-2.481843734284e+00,1.608321148677e+00,-1.449562709278e+02,-1.594233331118e-02,1.583077772420e-02,-3.627837882626e+01
"                2683",-2.539593979244e+00,1.602939796352e+00,-1.086785873486e+02,-2.557178048439e+00,1.618898260872e+00,-1.449565259560e+02,-1.758406919440e-02,1.595846452055e-02,-3.627793860740e+01
"                2684",-2.631101325620e+00,1.600425453400e+00,-1.086729843090e+02,-2.649734043300e+00,1.616408166709e+00,-1.449507426532e+02,-1.863271768007e-02,1.598271330893e-02,-3.627775834419e+01
"                2685",-2.701574311286e+00,1.600471586493e+00,-1.086586925546e+02,-2.720619732239e+00,1.616292895121e+00,-1.449365814134e+02,-1.904542095269e-02,1.582130862823e-02,-3.627788885878e+01
"                2686",-2.702801648622e+00,1.608157674914e+00,-1.086364989050e+02,-2.721546016143e+00,1.623580400320e+00,-1.449147847182e+02,-1.874436752088e-02,1.542272540563e-02,-3.627828581319e+01
"                2687",-2.621055560968e+00,1.636925680961e+00,-1.086144195109e+02,-2.638885790715e+00,1.651749790865e+00,-1.448933627801e+02,-1.783022974686e-02,1.482410990369e-02,-3.627894326926e+01
"                2688",-2.473552771327e+00,1.672839082139e+00,-1.085963474693e+02,-2.489888940881e+00,1.686915481554e+00,-1.448759281534e+02,-1.633616955368e-02,1.407639941496e-02,-3.627958068416e+01
"                2689",-2.320063290835e+00,1.689773907254e+00,-1.085982035132e+02,-2.334365699603e+00,1.702990336267e+00,-1.448783872493e+02,-1.430240876759e-02,1.321642901369e-02,-3.628018373616e+01
"                2690",-2.169732129723e+00,1.677520508836e+00,-1.086177518191e+02,-2.181632118378e+00,1.689943028414e+00,-1.448984971444e+02,-1.189998865485e-02,1.242251957787e-02,-3.628074532524e+01
"                2691",-1.996372969345e+00,1.642707246635e+00,-1.086353427303e+02,-2.005636455130e+00,1.654459671317e+00,-1.449164506561e+02,-9.263485785137e-03,1.175242468209e-02,-3.628110792580e+01
"                2692",-1.770584184219e+00,1.586773174368e+00,-1.086545008106e+02,-1.777126853756e+00,1.597854148282e+00,-1.449356900991e+02,-6.542669537076e-03,1.108097391458e-02,-3.628118928852e+01
"                2693",-1.503318852279e+00,1.505525745428e+00,-1.086641574699e+02,-1.507089681019e+00,1.515918172616e+00,-1.449450247617e+02,-3.770828739716e-03,1.039242718864e-02,-3.628086729180e+01
"                2694",-1.225886692828e+00,1.409382051832e+00,-1.086639696951e+02,-1.226822631886e+00,1.419052897120e+00,-1.449441918654e+02,-9.359390576748e-04,9.670845287134e-03,-3.628022217027e+01
"                2695",-9.804668599460e-01,1.318035109299e+00,-1.086567803913e+02,-9.786526580081e-01,1.327013043301e+00,-1.449362434283e+02,1.814201937878e-03,8.977934002158e-03,-3.627946303697e+01
"                2696",-7.752510341178e-01,1.267926550434e+00,-1.086475320747e+02,-7.709982803919e-01,1.276228455028e+00,-1.449261667473e+02,4.252753725924e-03,8.301904594191e-03,-3.627863467258e+01
"                2697",-6.174084123323e-01,1.248251841621e+00,-1.086434886116e+02,-6.111327859410e-01,1.255932096315e+00,-1.449213809606e+02,6.275626391319e-03,7.680254694320e-03,-3.627789234901e+01
"                2698",-5.152668519284e-01,1.237206073025e+00,-1.086459558280e+02,-5.074290591432e-01,1.244385757353e+00,-1.449233965377e+02,7.837792785218e-03,7.179684327869e-03,-3.627744070973e+01
"                2699",-4.598314473106e-01,1.204643397177e+00,-1.086460963889e+02,-4.509626851439e-01,1.211586981230e+00,-1.449233868432e+02,8.868762166678e-03,6.943584052640e-03,-3.627729045425e+01
"                2700",-4.504551564399e-01,1.146638802254e+00,-1.086411637696e+02,-4.411738591651e-01,1.153598712478e+00,-1.449186481651e+02,9.281297274800e-03,6.959910223689e-03,-3.627748439551e+01
"                2701",-5.008108101308e-01,1.073358549075e+00,-1.086244318144e+02,-4.917997172439e-01,1.080638981585e+00,-1.449023163535e+02,9.011092886835e-03,7.280432509563e-03,-3.627788453910e+01
"                2702",-6.079840851836e-01,1.035183348985e+00,-1.086071013258e+02,-5.998166243748e-01,1.043174161044e+00,-1.448855503892e+02,8.167460808798e-03,7.990812059001e-03,-3.627844906348e+01
"                2703",-7.815369328465e-01,1.043626718144e+00,-1.086025890139e+02,-7.748267123458e-01,1.052691237895e+00,-1.448817764474e+02,6.710220500715e-03,9.064519750941e-03,-3.627918743347e+01
"                2704",-9.867630665292e-01,1.123899528199e+00,-1.086105729974e+02,-9.820476543269e-01,1.134323513048e+00,-1.448905333253e+02,4.715412202304e-03,1.042398484900e-02,-3.627996032796e+01
"                2705",-1.189239219663e+00,1.254324846449e+00,-1.086306767793e+02,-1.186994881858e+00,1.266299009907e+00,-1.449112652150e+02,2.244337804905e-03,1.197416345839e-02,-3.628058843571e+01
"                2706",-1.390849025296e+00,1.398473888338e+00,-1.086495724502e+02,-1.391392553670e+00,1.411978988199e+00,-1.449304409253e+02,-5.435283737316e-04,1.350509986082e-02,-3.628086847508e+01
"                2707",-1.610785764114e+00,1.502642227768e+00,-1.086677159881e+02,-1.614247202826e+00,1.517612908083e+00,-1.449484702259e+02,-3.461438711979e-03,1.497068031523e-02,-3.628075423781e+01
"                2708",-1.846203275004e+00,1.579997132747e+00,-1.086786766271e+02,-1.852693537219e+00,1.596342789056e+00,-1.449589419652e+02,-6.490262215369e-03,1.634565630872e-02,-3.628026533805e+01
"                2709",-2.083564848409e+00,1.654234529174e+00,-1.086769287260e+02,-2.093001803986e+00,1.671646820588e+00,-1.449565531593e+02,-9.436955577330e-03,1.741229141363e-02,-3.627962443329e+01
"                2710",-2.277733825804e+00,1.712179907786e+00,-1.086698258370e+02,-2.289901030130e+00,1.730441306993e+00,-1.449488109554e+02,-1.216720432585e-02,1.826139920672e-02,-3.627898511840e+01
"                2711",-2.399547022526e+00,1.740207315230e+00,-1.086591538924e+02,-2.414113530082e+00,1.759097261604e+00,-1.449376922381e+02,-1.456650755634e-02,1.888994637412e-02,-3.627853834566e+01
"                2712",-2.471425421171e+00,1.725628467576e+00,-1.086545991910e+02,-2.487911697758e+00,1.744909056259e+00,-1.449328827477e+02,-1.648627658724e-02,1.928058868298e-02,-3.627828355665e+01
"                2713",-2.535391923897e+00,1.696249024205e+00,-1.086572182145e+02,-2.553271323970e+00,1.715616204378e+00,-1.449354932596e+02,-1.787940007260e-02,1.936718017356e-02,-3.627827504512e+01
"                2714",-2.624697705945e+00,1.674222584356e+00,-1.086580797347e+02,-2.643329855524e+00,1.693324865824e+00,-1.449365271966e+02,-1.863214957898e-02,1.910228146722e-02,-3.627844746190e+01
"                2715",-2.690433062733e+00,1.669962084270e+00,-1.086407268920e+02,-2.709173080974e+00,1.688449516920e+00,-1.449195202143e+02,-1.874001824082e-02,1.848743264981e-02,-3.627879332232e+01
"                2716",-2.675713921313e+00,1.678233252595e+00,-1.086090791514e+02,-2.693937256738e+00,1.695771857737e+00,-1.448883638369e+02,-1.822333542468e-02,1.753860514133e-02,-3.627928468552e+01
"                2717",-2.571231009666e+00,1.701469525681e+00,-1.085892408533e+02,-2.588396856041e+00,1.717831051851e+00,-1.448691214057e+02,-1.716584637570e-02,1.636152616942e-02,-3.627988055233e+01
"                2718",-2.425676987720e+00,1.693252344109e+00,-1.085906409850e+02,-2.441289224496e+00,1.708311193858e+00,-1.448710578754e+02,-1.561223677616e-02,1.505884974834e-02,-3.628041689031e+01
"                2719",-2.279614269159e+00,1.658771177813e+00,-1.086138634350e+02,-2.293225966982e+00,1.672406674445e+00,-1.448947467513e+02,-1.361169782215e-02,1.363549663221e-02,-3.628088331623e+01
"                2720",-2.120360220388e+00,1.586198335780e+00,-1.086376367234e+02,-2.131663079560e+00,1.598433658376e+00,-1.449188708362e+02,-1.130285917182e-02,1.223532259683e-02,-3.628123411281e+01
"                2721",-1.932460469534e+00,1.491264401292e+00,-1.086569219825e+02,-1.941161066292e+00,1.502131569459e+00,-1.449381328851e+02,-8.700596758063e-03,1.086716816665e-02,-3.628121090257e+01
"                2722",-1.697383283394e+00,1.384899987286e+00,-1.086651718265e+02,-1.703355133118e+00,1.394391267017e+00,-1.449460423463e+02,-5.971849723795e-03,9.491279731443e-03,-3.628087051982e+01
"                2723",-1.425662728186e+00,1.278684936638e+00,-1.086621481135e+02,-1.428794206009e+00,1.286915617321e+00,-1.449423500959e+02,-3.131477822562e-03,8.230680682993e-03,-3.628020198231e+01
"                2724",-1.134534200603e+00,1.181298794505e+00,-1.086587538693e+02,-1.134810650492e+00,1.188363611045e+00,-1.449381662268e+02,-2.764498892333e-04,7.064816539545e-03,-3.627941235749e+01
"                2725",-8.682346092113e-01,1.106517151598e+00,-1.086526606800e+02,-8.658187306264e-01,1.112500957359e+00,-1.449313636069e+02,2.415878584886e-03,5.983805761393e-03,-3.627870292683e+01
"                2726",-6.520992526803e-01,1.074681922367e+00,-1.086454789063e+02,-6.472916397956e-01,1.079772373526e+00,-1.449236042622e+02,4.807612884680e-03,5.090451159567e-03,-3.627812535587e+01
"                2727",-5.073679966017e-01,1.068400290311e+00,-1.086416474955e+02,-5.005518800516e-01,1.072873173356e+00,-1.449193595490e+02,6.816116550029e-03,4.472883044951e-03,-3.627771205356e+01
"                2728",-4.350061490331e-01,1.065092404839e+00,-1.086432576590e+02,-4.266502979344e-01,1.069315298613e+00,-1.449208256054e+02,8.355851098661e-03,4.222893774542e-03,-3.627756794635e+01
"                2729",-4.027904596316e-01,1.034058133693e+00,-1.086424075799e+02,-3.934726854374e-01,1.038424452432e+00,-1.449200753066e+02,9.317774194206e-03,4.366318739741e-03,-3.627766772666e+01
"                2730",-4.133713517590e-01,9.693176845353e-01,-1.086303906084e+02,-4.037850238491e-01,9.742191162082e-01,-1.449083899357e+02,9.586327909820e-03,4.901431672866e-03,-3.627799932737e+01
"                2731",-4.763541824235e-01,9.024976710859e-01,-1.086130513586e+02,-4.672256747617e-01,9.083450033154e-01,-1.448914948824e+02,9.128507661873e-03,5.847332229510e-03,-3.627844352383e+01
"                2732",-6.103680084622e-01,9.003424349008e-01,-1.086126964019e+02,-6.023254897106e-01,9.075675630078e-01,-1.448916700085e+02,8.042518751608e-03,7.225128107012e-03,-3.627897360666e+01
"                2733",-8.160111189689e-01,9.714593446338e-01,-1.086244965539e+02,-8.096574596194e-01,9.804242361997e-01,-1.449040086619e+02,6.353659349428e-03,8.964891565934e-03,-3.627951210797e+01
"                2734",-1.031044575201e+00,1.125428886212e+00,-1.086379708857e+02,-1.026851424822e+00,1.136380226704e+00,-1.449178770513e+02,4.193150378556e-03,1.095134049139e-02,-3.627990616553e+01
"                2735",-1.243714126700e+00,1.321415165965e+00,-1.086528375083e+02,-1.242100012534e+00,1.334537388886e+00,-1.449329011811e+02,1.614114165995e-03,1.312222292173e-02,-3.628006367282e+01
"                2736",-1.453322209588e+00,1.501693898126e+00,-1.086577925637e+02,-1.454571377532e+00,1.517044141011e+00,-1.449377278323e+02,-1.249167944317e-03,1.535024288502e-02,-3.627993526854e+01
"                2737",-1.688485804502e+00,1.651941447931e+00,-1.086585286372e+02,-1.692710874342e+00,1.669247694938e+00,-1.449381289593e+02,-4.225069840114e-03,1.730624700690e-02,-3.627960032212e+01
"                2738",-1.927624358467e+00,1.767978940977e+00,-1.086588283609e+02,-1.934936161375e+00,1.786991566607e+00,-1.449380416170e+02,-7.311802908574e-03,1.901262563042e-02,-3.627921325614e+01
"                2739",-2.141379368625e+00,1.834438017988e+00,-1.086520024260e+02,-2.151604469384e+00,1.854891924300e+00,-1.449308961553e+02,-1.022510075882e-02,2.045390631193e-02,-3.627889372934e+01
"                2740",-2.308057549431e+00,1.855917784493e+00,-1.086445309728e+02,-2.320936684756e+00,1.877472164852e+00,-1.449232970559e+02,-1.287913532418e-02,2.155438035939e-02,-3.627876608306e+01
"                2741",-2.411340113413e+00,1.855339100832e+00,-1.086399752696e+02,-2.426409417446e+00,1.877576045999e+00,-1.449188356315e+02,-1.506930403263e-02,2.223694516669e-02,-3.627886036187e+01
"                2742",-2.475937076674e+00,1.822071790013e+00,-1.086419691788e+02,-2.492662528981e+00,1.844490661089e+00,-1.449210383536e+02,-1.672545230622e-02,2.241887107588e-02,-3.627906917477e+01
"                2743",-2.529998176225e+00,1.787291890327e+00,-1.086450541837e+02,-2.547837335182e+00,1.809408058391e+00,-1.449244037685e+02,-1.783915895722e-02,2.211616806401e-02,-3.627934958476e+01
"                2744",-2.615739746982e+00,1.759571633812e+00,-1.086329789194e+02,-2.634105430168e+00,1.780923242881e+00,-1.449126205466e+02,-1.836568318519e-02,2.135160906910e-02,-3.627964162721e+01
"                2745",-2.664953750370e+00,1.739691118910e+00,-1.086091066062e+02,-2.683262176160e+00,1.759857787191e+00,-1.448890352921e+02,-1.830842579005e-02,2.016666828103e-02,-3.627992868591e+01
"                2746",-2.638803130974e+00,1.703560298145e+00,-1.085967280038e+02,-2.656506773631e+00,1.722248384313e+00,-1.448770262622e+02,-1.770364265768e-02,1.868808616791e-02,-3.628029825838e+01
"                2747",-2.517049152595e+00,1.672790395658e+00,-1.086070971415e+02,-2.533661963894e+00,1.689770468576e+00,-1.448877811661e+02,-1.661281129925e-02,1.698007291815e-02,-3.628068402468e+01
"                2748",-2.351679105210e+00,1.615150102260e+00,-1.086315926192e+02,-2.366756420649e+00,1.630240722467e+00,-1.449125214156e+02,-1.507731543844e-02,1.509062020762e-02,-3.628092879642e+01
"                2749",-2.199022981100e+00,1.519013990065e+00,-1.086611447288e+02,-2.212123346606e+00,1.532034182994e+00,-1.449421154348e+02,-1.310036550599e-02,1.302019292884e-02,-3.628097070608e+01
"                2750",-2.040843957018e+00,1.394816196239e+00,-1.086744127552e+02,-2.051576331101e+00,1.405744727113e+00,-1.449551742995e+02,-1.073237408242e-02,1.092853087443e-02,-3.628076154433e+01
"                2751",-1.848278630391e+00,1.262863397148e+00,-1.086674942468e+02,-1.856313161829e+00,1.271796977972e+00,-1.449478337500e+02,-8.034531437354e-03,8.933580823980e-03,-3.628033950318e+01
"                2752",-1.588819134951e+00,1.134056720128e+00,-1.086571641407e+02,-1.594054878646e+00,1.141132216827e+00,-1.449369606341e+02,-5.235743695240e-03,7.075496698840e-03,-3.627979649347e+01
"                2753",-1.276047173916e+00,1.034327297335e+00,-1.086511142970e+02,-1.278419307760e+00,1.039688544367e+00,-1.449302818438e+02,-2.372133844570e-03,5.361247031686e-03,-3.627916754676e+01
"                2754",-9.697541476612e-01,9.593121890236e-01,-1.086549309420e+02,-9.692780273126e-01,9.632202907092e-01,-1.449336267039e+02,4.761203486124e-04,3.908101685510e-03,-3.627869576182e+01
"                2755",-7.193741998614e-01,9.118658743035e-01,-1.086578657286e+02,-7.162448288243e-01,9.146314772950e-01,-1.449362565580e+02,3.129371037063e-03,2.765602991504e-03,-3.627839082940e+01
"                2756",-5.434997954791e-01,8.894000845523e-01,-1.086509501571e+02,-5.380088879631e-01,8.914431847820e-01,-1.449291380158e+02,5.490907516054e-03,2.043100229731e-03,-3.627818785874e+01
"                2757",-4.357811845695e-01,8.766659560121e-01,-1.086389062785e+02,-4.283058316328e-01,8.784199345101e-01,-1.449169836490e+02,7.475352936653e-03,1.753978497975e-03,-3.627807737047e+01
"                2758",-3.744327507756e-01,8.651021956233e-01,-1.086317399984e+02,-3.655043883592e-01,8.670446142576e-01,-1.449098611500e+02,8.928362416387e-03,1.942418634338e-03,-3.627812115158e+01
"                2759",-3.581029676802e-01,8.342475880025e-01,-1.086269019514e+02,-3.484111112101e-01,8.368874598768e-01,-1.449052138906e+02,9.691856470060e-03,2.639871874282e-03,-3.627831193928e+01
"                2760",-4.016986009983e-01,7.952865511232e-01,-1.086260639317e+02,-3.920031971764e-01,7.990820905662e-01,-1.449046815979e+02,9.695403821903e-03,3.795539442989e-03,-3.627861766612e+01
"                2761",-5.011603376146e-01,7.981922872788e-01,-1.086308315846e+02,-4.921557436818e-01,8.036024936364e-01,-1.449097023457e+02,9.004593932830e-03,5.410206357596e-03,-3.627887076110e+01
"                2762",-6.551261066410e-01,8.721198549000e-01,-1.086461130472e+02,-6.474262200092e-01,8.795394678140e-01,-1.449251439013e+02,7.699886631784e-03,7.419612914060e-03,-3.627903085415e+01
"                2763",-8.701126314701e-01,1.013276202375e+00,-1.086563089146e+02,-8.642380799555e-01,1.023043649731e+00,-1.449354141169e+02,5.874551514575e-03,9.767447355897e-03,-3.627910520235e+01
"                2764",-1.095899859274e+00,1.211703632904e+00,-1.086574811260e+02,-1.092317364112e+00,1.224138850157e+00,-1.449365109195e+02,3.582495162715e-03,1.243521725304e-02,-3.627902979354e+01
"                2765",-1.325087915245e+00,1.448711419828e+00,-1.086523214369e+02,-1.324201735291e+00,1.463894873258e+00,-1.449311747496e+02,8.861799545057e-04,1.518345342973e-02,-3.627885331277e+01
"                2766",-1.541898795340e+00,1.669553582846e+00,-1.086456429343e+02,-1.543960601979e+00,1.687287319871e+00,-1.449243413912e+02,-2.061806639269e-03,1.773373702511e-02,-3.627869845687e+01
"                2767",-1.766149128097e+00,1.831660056037e+00,-1.086405876597e+02,-1.771251742141e+00,1.851757572204e+00,-1.449191905674e+02,-5.102614044206e-03,2.009751616663e-02,-3.627860290768e+01
"                2768",-1.983515138552e+00,1.914157423536e+00,-1.086385018243e+02,-1.991689184436e+00,1.936285796381e+00,-1.449172144269e+02,-8.174045884439e-03,2.212837284543e-02,-3.627871260256e+01
"                2769",-2.172708746183e+00,1.935076798051e+00,-1.086330318645e+02,-2.183658949591e+00,1.958785184150e+00,-1.449120124755e+02,-1.095020340819e-02,2.370838609890e-02,-3.627898061096e+01
"                2770",-2.323835007743e+00,1.939255656875e+00,-1.086263963668e+02,-2.337233573094e+00,1.963912952568e+00,-1.449058009536e+02,-1.339856535090e-02,2.465729569332e-02,-3.627940458676e+01
"                2771",-2.406677591473e+00,1.940958011739e+00,-1.086226744427e+02,-2.422024364703e+00,1.965951689345e+00,-1.449025497859e+02,-1.534677322998e-02,2.499367760570e-02,-3.627987534321e+01
"                2772",-2.464860478025e+00,1.918107325764e+00,-1.086145651362e+02,-2.481661182134e+00,1.942802058909e+00,-1.448948276159e+02,-1.680070410909e-02,2.469473314495e-02,-3.628026247970e+01
"                2773",-2.523896236396e+00,1.871621007763e+00,-1.086124730873e+02,-2.541643684316e+00,1.895514678759e+00,-1.448930154808e+02,-1.774744792024e-02,2.389367099584e-02,-3.628054239344e+01
"                2774",-2.589671248162e+00,1.805663453740e+00,-1.086138182012e+02,-2.607836665852e+00,1.828253937872e+00,-1.448944928150e+02,-1.816541769027e-02,2.259048413166e-02,-3.628067461385e+01
"                2775",-2.613397854467e+00,1.724269376852e+00,-1.086132821979e+02,-2.631428006392e+00,1.745163860832e+00,-1.448940369693e+02,-1.803015192508e-02,2.089448398036e-02,-3.628075477142e+01
"                2776",-2.561505750332e+00,1.631651100227e+00,-1.086227051715e+02,-2.578921024394e+00,1.650503864113e+00,-1.449035394422e+02,-1.741527406154e-02,1.885276388567e-02,-3.628083427080e+01
"                2777",-2.426057321028e+00,1.547773719860e+00,-1.086488378994e+02,-2.442378510742e+00,1.564277098638e+00,-1.449295901745e+02,-1.632118971447e-02,1.650337877768e-02,-3.628075227511e+01
"                2778",-2.258393573169e+00,1.443144997725e+00,-1.086715397213e+02,-2.273109582548e+00,1.457053498397e+00,-1.449519369737e+02,-1.471600937942e-02,1.390850067142e-02,-3.628039725248e+01
"                2779",-2.102521643459e+00,1.315823483915e+00,-1.086816749180e+02,-2.115112018519e+00,1.327026925691e+00,-1.449615760900e+02,-1.259037506023e-02,1.120344177630e-02,-3.627990117203e+01
"                2780",-1.921587422905e+00,1.165043818262e+00,-1.086685118737e+02,-1.931668394741e+00,1.173671520487e+00,-1.449479284556e+02,-1.008097183616e-02,8.627702224988e-03,-3.627941658186e+01
"                2781",-1.685548103289e+00,1.025518529849e+00,-1.086511242272e+02,-1.692868278638e+00,1.031688326053e+00,-1.449301126184e+02,-7.320175349272e-03,6.169796203912e-03,-3.627898839118e+01
"                2782",-1.396093628998e+00,9.103708340050e-01,-1.086465512506e+02,-1.400574865522e+00,9.143328450061e-01,-1.449252512576e+02,-4.481236523657e-03,3.962011001110e-03,-3.627870000695e+01
"                2783",-1.074885603516e+00,8.413394476080e-01,-1.086555876269e+02,-1.076459679567e+00,8.434459770461e-01,-1.449341441916e+02,-1.574076051118e-03,2.106529438141e-03,-3.627855656469e+01
"                2784",-8.002021887461e-01,7.933962819403e-01,-1.086637963769e+02,-7.989095567281e-01,7.941454357716e-01,-1.449423813910e+02,1.292632017972e-03,7.491538313660e-04,-3.627858501409e+01
"                2785",-5.990062040909e-01,7.421846790691e-01,-1.086550969424e+02,-5.950700302672e-01,7.420582459575e-01,-1.449337728478e+02,3.936173823736e-03,-1.264331115718e-04,-3.627867590547e+01
"                2786",-4.538844194471e-01,6.937048778244e-01,-1.086380531054e+02,-4.476312283127e-01,6.932125413374e-01,-1.449168293197e+02,6.253191134362e-03,-4.923364870653e-04,-3.627877621429e+01
"                2787",-3.565756672201e-01,6.705554610314e-01,-1.086244664256e+02,-3.484599510547e-01,6.702408103124e-01,-1.449033292850e+02,8.115716165327e-03,-3.146507189535e-04,-3.627886285943e+01
"                2788",-3.111463829176e-01,6.716147438389e-01,-1.086267100322e+02,-3.017999233464e-01,6.720718741686e-01,-1.449056838896e+02,9.346459571222e-03,4.571303296851e-04,-3.627897385738e+01
"                2789",-3.254943687836e-01,6.948864470173e-01,-1.086399109494e+02,-3.156387528581e-01,6.966304888944e-01,-1.449189763326e+02,9.855615925527e-03,1.744041877100e-03,-3.627906538316e+01
"                2790",-4.008372472736e-01,7.346937855246e-01,-1.086525003096e+02,-3.912316119684e-01,7.382085524852e-01,-1.449315185623e+02,9.605635305233e-03,3.514766960613e-03,-3.627901825276e+01
"                2791",-5.354131278117e-01,8.165930516343e-01,-1.086621837546e+02,-5.266694371787e-01,8.223330915244e-01,-1.449409368529e+02,8.743690633006e-03,5.740039890139e-03,-3.627875309833e+01
"                2792",-7.209599384682e-01,9.425691828557e-01,-1.086754644954e+02,-7.136665904438e-01,9.509952120644e-01,-1.449538199643e+02,7.293348024427e-03,8.426029208682e-03,-3.627835546888e+01
"                2793",-9.478901543936e-01,1.124800555130e+00,-1.086749910060e+02,-9.425539745945e-01,1.136218260548e+00,-1.449529327037e+02,5.336179799121e-03,1.141770541858e-02,-3.627794169778e+01
"                2794",-1.168427773484e+00,1.370726235747e+00,-1.086656672733e+02,-1.165515955023e+00,1.385185331657e+00,-1.449433405767e+02,2.911818460994e-03,1.445909591056e-02,-3.627767330338e+01
"                2795",-1.380054708995e+00,1.634147108931e+00,-1.086487040376e+02,-1.379955015929e+00,1.651716146542e+00,-1.449263540896e+02,9.969306579305e-05,1.756903761072e-02,-3.627765005193e+01
"                2796",-1.587384454162e+00,1.833135430647e+00,-1.086309466436e+02,-1.590277777283e+00,1.853651355445e+00,-1.449088709793e+02,-2.893323121108e-03,2.051592479782e-02,-3.627792433572e+01
"                2797",-1.801487189036e+00,1.954626503628e+00,-1.086227895500e+02,-1.807407259346e+00,1.977710471530e+00,-1.449012184417e+02,-5.920070309641e-03,2.308396790231e-02,-3.627842889177e+01
"                2798",-2.008326175544e+00,2.012092548208e+00,-1.086227545269e+02,-2.017151914802e+00,2.037155518380e+00,-1.449019417347e+02,-8.825739258188e-03,2.506297017224e-02,-3.627918720782e+01
"                2799",-2.187280177398e+00,2.027412649921e+00,-1.086186459471e+02,-2.198683038526e+00,2.053718808649e+00,-1.448986163715e+02,-1.140286112756e-02,2.630615872861e-02,-3.627997042438e+01
"                2800",-2.320550309878e+00,2.040177202500e+00,-1.086073719187e+02,-2.334207501499e+00,2.066988447895e+00,-1.448881378160e+02,-1.365719162092e-02,2.681124539414e-02,-3.628076589726e+01
"                2801",-2.398968580965e+00,2.041090395693e+00,-1.085950489288e+02,-2.414424959383e+00,2.067724758547e+00,-1.448764396986e+02,-1.545637841792e-02,2.663436285382e-02,-3.628139076978e+01
"                2802",-2.444181393761e+00,2.003273031973e+00,-1.085897635197e+02,-2.460979356858e+00,2.029074288209e+00,-1.448714556466e+02,-1.679796309769e-02,2.580125623631e-02,-3.628169212682e+01
"                2803",-2.489525439439e+00,1.911947469590e+00,-1.086049793822e+02,-2.507188876297e+00,1.936413590866e+00,-1.448867447688e+02,-1.766343685857e-02,2.446612127626e-02,-3.628176538663e+01
"                2804",-2.534303883559e+00,1.782355667712e+00,-1.086261053029e+02,-2.552344247867e+00,1.804986145255e+00,-1.449077079965e+02,-1.804036430727e-02,2.263047754311e-02,-3.628160269364e+01
"                2805",-2.545061462043e+00,1.635102289657e+00,-1.086448014251e+02,-2.562947380029e+00,1.655427251171e+00,-1.449260447744e+02,-1.788591798650e-02,2.032496151435e-02,-3.628124334937e+01
"                2806",-2.485997569255e+00,1.489171558306e+00,-1.086642991014e+02,-2.503202828348e+00,1.506791567388e+00,-1.449450634328e+02,-1.720525909355e-02,1.762000908181e-02,-3.628076433142e+01
"                2807",-2.345470610908e+00,1.373287030419e+00,-1.086798703100e+02,-2.361435287422e+00,1.387889084189e+00,-1.449599443823e+02,-1.596467651405e-02,1.460205376988e-02,-3.628007407224e+01
"                2808",-2.162144826678e+00,1.262081150334e+00,-1.086818394268e+02,-2.176301373524e+00,1.273578712951e+00,-1.449611561468e+02,-1.415654684623e-02,1.149756261709e-02,-3.627931671992e+01
"                2809",-1.969593684200e+00,1.140863376090e+00,-1.086713368900e+02,-1.981507245186e+00,1.149260052975e+00,-1.449500306141e+02,-1.191356098576e-02,8.396676884774e-03,-3.627869372404e+01
"                2810",-1.766550469949e+00,1.010214467394e+00,-1.086531698417e+02,-1.775872199327e+00,1.015687239361e+00,-1.449315094650e+02,-9.321729377560e-03,5.472771967431e-03,-3.627833962333e+01
"                2811",-1.529881508346e+00,8.940880669584e-01,-1.086445860858e+02,-1.536393548305e+00,8.969065426483e-01,-1.449229405752e+02,-6.512039958947e-03,2.818475689887e-03,-3.627835448940e+01
"                2812",-1.256674868188e+00,8.040100973103e-01,-1.086459119111e+02,-1.260282956837e+00,8.046544310666e-01,-1.449245209088e+02,-3.608088649041e-03,6.443337563039e-04,-3.627860899768e+01
"                2813",-9.641312965774e-01,7.332269463203e-01,-1.086507396221e+02,-9.647820561356e-01,7.322678342475e-01,-1.449297443804e+02,-6.507595581430e-04,-9.591120728530e-04,-3.627900475824e+01
"                2814",-7.211692463262e-01,6.537054653956e-01,-1.086434927072e+02,-7.189555041166e-01,6.517529274468e-01,-1.449229757056e+02,2.213742209535e-03,-1.952537948852e-03,-3.627948299841e+01
"                2815",-5.335182809268e-01,5.901193640989e-01,-1.086246342793e+02,-5.287471041217e-01,5.877628939916e-01,-1.449045157641e+02,4.771176805155e-03,-2.356470107278e-03,-3.627988148484e+01
"                2816",-4.000812567674e-01,5.582184889832e-01,-1.086147156302e+02,-3.931493952706e-01,5.560333835929e-01,-1.448948806889e+02,6.931861496753e-03,-2.185105390281e-03,-3.628016505868e+01
"                2817",-3.362204758707e-01,5.734160769265e-01,-1.086174687240e+02,-3.276687469336e-01,5.720156935052e-01,-1.448977315540e+02,8.551728937130e-03,-1.400383421278e-03,-3.628026282999e+01
"                2818",-3.209534474907e-01,6.274305298000e-01,-1.086366004993e+02,-3.114139880298e-01,6.273813324867e-01,-1.449167264606e+02,9.539459460819e-03,-4.919731328751e-05,-3.628012596128e+01
"                2819",-3.535175261765e-01,7.095014439536e-01,-1.086563514298e+02,-3.436769792922e-01,7.113107877360e-01,-1.449360741030e+02,9.840546884224e-03,1.809343782384e-03,-3.627972267314e+01
"                2820",-4.499817701551e-01,8.081061207525e-01,-1.086664815992e+02,-4.405400537852e-01,8.122981100214e-01,-1.449455231600e+02,9.441716369920e-03,4.191989268824e-03,-3.627904156078e+01
"                2821",-6.038837060223e-01,9.447060952193e-01,-1.086704136015e+02,-5.954446425422e-01,9.517778651170e-01,-1.449486319031e+02,8.439063480044e-03,7.071769897653e-03,-3.627821830162e+01
"                2822",-8.083869604750e-01,1.126987923028e+00,-1.086786193466e+02,-8.015335666903e-01,1.137173800716e+00,-1.449561266881e+02,6.853393784697e-03,1.018587768814e-02,-3.627750734152e+01
"                2823",-1.023885525354e+00,1.347416775121e+00,-1.086732230463e+02,-1.019117480789e+00,1.360932594044e+00,-1.449503377594e+02,4.768044565045e-03,1.351581892324e-02,-3.627711471311e+01
"                2824",-1.219330821720e+00,1.579372628162e+00,-1.086535268465e+02,-1.217098142441e+00,1.596329566744e+00,-1.449306970896e+02,2.232679279583e-03,1.695693858240e-02,-3.627717024307e+01
"                2825",-1.411084860448e+00,1.788883608112e+00,-1.086282518311e+02,-1.411696421294e+00,1.809196790498e+00,-1.449059306749e+02,-6.115608466183e-04,2.031318238664e-02,-3.627767884388e+01
"                2826",-1.618496981687e+00,1.949141538382e+00,-1.086084474816e+02,-1.621995386414e+00,1.972416192994e+00,-1.448870262005e+02,-3.498404727229e-03,2.327465461240e-02,-3.627857871887e+01
"                2827",-1.830769019723e+00,2.065711545200e+00,-1.086026430071e+02,-1.837155912639e+00,2.091312834298e+00,-1.448823380848e+02,-6.386892915596e-03,2.560128909766e-02,-3.627969507778e+01
"                2828",-2.032020531568e+00,2.133070645100e+00,-1.085994870550e+02,-2.041131227802e+00,2.160223334303e+00,-1.448803562117e+02,-9.110696233822e-03,2.715268920288e-02,-3.628086915672e+01
"                2829",-2.203338307103e+00,2.157764157323e+00,-1.085844879348e+02,-2.214924773894e+00,2.185644917116e+00,-1.448664306308e+02,-1.158646679175e-02,2.788075979333e-02,-3.628194269599e+01
"                2830",-2.330147323848e+00,2.157483132304e+00,-1.085758680247e+02,-2.343907150827e+00,2.185354219490e+00,-1.448586496539e+02,-1.375982697891e-02,2.787108718582e-02,-3.628278162922e+01
"                2831",-2.408189272668e+00,2.117964787376e+00,-1.085818320632e+02,-2.423694666089e+00,2.145161059809e+00,-1.448650993988e+02,-1.550539342148e-02,2.719627243266e-02,-3.628326733562e+01
"                2832",-2.446163047753e+00,2.025734983179e+00,-1.085975898342e+02,-2.463000448634e+00,2.051599052876e+00,-1.448808945780e+02,-1.683740088132e-02,2.586406969744e-02,-3.628330474381e+01
"                2833",-2.487728359637e+00,1.876978309239e+00,-1.086292908979e+02,-2.505435885649e+00,1.900955317147e+00,-1.449122388760e+02,-1.770752601212e-02,2.397700790807e-02,-3.628294797810e+01
"                2834",-2.522432532712e+00,1.687512083958e+00,-1.086605084269e+02,-2.540456665366e+00,1.709011117492e+00,-1.449427220606e+02,-1.802413265414e-02,2.149903353394e-02,-3.628221363374e+01
"                2835",-2.522602654916e+00,1.495822889020e+00,-1.086758076160e+02,-2.540339372630e+00,1.514364163082e+00,-1.449570108602e+02,-1.773671771381e-02,1.854127406233e-02,-3.628120324422e+01
"                2836",-2.445580443103e+00,1.340382516712e+00,-1.086824539639e+02,-2.462442933658e+00,1.355679901407e+00,-1.449626365635e+02,-1.686249055412e-02,1.529738469528e-02,-3.628018259958e+01
"                2837",-2.278098821248e+00,1.230281135058e+00,-1.086860454655e+02,-2.293523294421e+00,1.242152357929e+00,-1.449652134426e+02,-1.542447317212e-02,1.187122287101e-02,-3.627916797706e+01
"                2838",-2.076341151766e+00,1.142725141502e+00,-1.086837421081e+02,-2.089831844779e+00,1.151134119989e+00,-1.449621758997e+02,-1.349069301297e-02,8.408978487249e-03,-3.627843379162e+01
"                2839",-1.879401420956e+00,1.057177690290e+00,-1.086743958817e+02,-1.890561633496e+00,1.062310950687e+00,-1.449525411375e+02,-1.116021253949e-02,5.133260397169e-03,-3.627814525583e+01
"                2840",-1.692388304736e+00,9.549691445837e-01,-1.086553926709e+02,-1.700841214414e+00,9.571901194870e-01,-1.449336678913e+02,-8.452909678309e-03,2.220974903269e-03,-3.627827522049e+01
"                2841",-1.480257721131e+00,8.559958568006e-01,-1.086403704295e+02,-1.485818716218e+00,8.557844649759e-01,-1.449191845106e+02,-5.560995087347e-03,-2.113918246309e-04,-3.627881408109e+01
"                2842",-1.226890773728e+00,7.516247986549e-01,-1.086277561040e+02,-1.229489973497e+00,7.495827390748e-01,-1.449072921075e+02,-2.599199769111e-03,-2.042059580174e-03,-3.627953600345e+01
"                2843",-9.535284369886e-01,6.462558450734e-01,-1.086153819050e+02,-9.531956724878e-01,6.430691085783e-01,-1.448957279497e+02,3.327645008886e-04,-3.186736495134e-03,-3.628034604467e+01
"                2844",-7.171002361221e-01,5.659688165420e-01,-1.086043259524e+02,-7.140381772760e-01,5.623028654568e-01,-1.448854515395e+02,3.062058846111e-03,-3.665951085134e-03,-3.628112558713e+01
"                2845",-5.482311815726e-01,5.414952600202e-01,-1.086060269342e+02,-5.428267224179e-01,5.379853597599e-01,-1.448876895371e+02,5.404459154732e-03,-3.509900260348e-03,-3.628166260294e+01
"                2846",-4.521774902714e-01,5.529581178124e-01,-1.086169249795e+02,-4.448256100037e-01,5.502042373046e-01,-1.448987521282e+02,7.351880267760e-03,-2.753880507790e-03,-3.628182714868e+01
"                2847",-4.125228036654e-01,6.136326607741e-01,-1.086264496554e+02,-4.037326629963e-01,6.122011215458e-01,-1.449080279105e+02,8.790140669077e-03,-1.431539228320e-03,-3.628157825504e+01
"                2848",-4.065778034604e-01,7.164950332071e-01,-1.086427859124e+02,-3.969662889641e-01,7.169918227850e-01,-1.449237164158e+02,9.611514496301e-03,4.967895779493e-04,-3.628093050336e+01
"                2849",-4.361596794612e-01,8.419341288953e-01,-1.086572001988e+02,-4.264190187535e-01,8.449166507571e-01,-1.449372007533e+02,9.740660707653e-03,2.982521861769e-03,-3.628000055446e+01
"                2850",-5.430541542308e-01,9.954099465018e-01,-1.086585172961e+02,-5.338512433257e-01,1.001260128275e+00,-1.449374328411e+02,9.202910905126e-03,5.850181773443e-03,-3.627891554494e+01
"                2851",-7.084018237768e-01,1.184885803485e+00,-1.086626437593e+02,-7.003629641198e-01,1.193915911114e+00,-1.449405964652e+02,8.038859657041e-03,9.030107628674e-03,-3.627795270583e+01
"                2852",-9.065939129249e-01,1.372004013583e+00,-1.086666954942e+02,-9.002626004211e-01,1.384530394391e+00,-1.449441049674e+02,6.331312503825e-03,1.252638080753e-02,-3.627740947318e+01
"                2853",-1.090304125356e+00,1.551423930565e+00,-1.086585781848e+02,-1.086124795457e+00,1.567558785378e+00,-1.449360007637e+02,4.179329898633e-03,1.613485481237e-02,-3.627742257892e+01
"                2854",-1.262095797505e+00,1.732374069221e+00,-1.086396607024e+02,-1.260434198957e+00,1.752029354441e+00,-1.449176762780e+02,1.661598547420e-03,1.965528522042e-02,-3.627801557552e+01
"                2855",-1.437129707154e+00,1.911890330044e+00,-1.086149239903e+02,-1.438213478441e+00,1.934714089716e+00,-1.448939802132e+02,-1.083771286638e-03,2.282375967165e-02,-3.627905622283e+01
"                2856",-1.641605298971e+00,2.073509388514e+00,-1.085912673971e+02,-1.645446397778e+00,2.098921005681e+00,-1.448716352674e+02,-3.841098807322e-03,2.541161716725e-02,-3.628036787028e+01
"                2857",-1.868087692125e+00,2.199681473582e+00,-1.085700471670e+02,-1.874741142082e+00,2.226931899979e+00,-1.448518380213e+02,-6.653449957708e-03,2.725042639660e-02,-3.628179085433e+01
"                2858",-2.078324126799e+00,2.259259427174e+00,-1.085575785349e+02,-2.087630248733e+00,2.287557908026e+00,-1.448406500383e+02,-9.306121934073e-03,2.829848085210e-02,-3.628307150333e+01
"                2859",-2.259228158562e+00,2.242101279434e+00,-1.085608478578e+02,-2.271010497137e+00,2.270635985708e+00,-1.448449633680e+02,-1.178233857440e-02,2.853470627362e-02,-3.628411551027e+01
"                2860",-2.376569233895e+00,2.186221380739e+00,-1.085804844772e+02,-2.390534905211e+00,2.214278377910e+00,-1.448652707410e+02,-1.396567131614e-02,2.805699717057e-02,-3.628478626382e+01
"                2861",-2.429481437008e+00,2.101753527080e+00,-1.086069320078e+02,-2.445232344126e+00,2.128597557300e+00,-1.448918762927e+02,-1.575090711820e-02,2.684403022014e-02,-3.628494428488e+01
"                2862",-2.461140802501e+00,1.965328024222e+00,-1.086343618390e+02,-2.478202099069e+00,1.990246724546e+00,-1.449188557256e+02,-1.706129656823e-02,2.491870032468e-02,-3.628449388660e+01
"                2863",-2.506508309199e+00,1.772354143702e+00,-1.086577717674e+02,-2.524333724024e+00,1.794731207605e+00,-1.449412564770e+02,-1.782541482540e-02,2.237706390289e-02,-3.628348470961e+01
"                2864",-2.538887163253e+00,1.554740986102e+00,-1.086745321678e+02,-2.556816642750e+00,1.574100785518e+00,-1.449566984063e+02,-1.792947949683e-02,1.935979941533e-02,-3.628216623858e+01
"                2865",-2.513648047710e+00,1.355822108492e+00,-1.086811851644e+02,-2.531078987221e+00,1.371828944752e+00,-1.449619797674e+02,-1.743093951119e-02,1.600683625995e-02,-3.628079460302e+01
"                2866",-2.393218570735e+00,1.224870841011e+00,-1.086867504398e+02,-2.409614896057e+00,1.237278832957e+00,-1.449664167153e+02,-1.639632532204e-02,1.240799194567e-02,-3.627966627548e+01
"                2867",-2.201427218720e+00,1.145051536240e+00,-1.086882007436e+02,-2.216221026697e+00,1.153828614466e+00,-1.449670343026e+02,-1.479380797674e-02,8.777078226028e-03,-3.627883355901e+01
"                2868",-2.015412519158e+00,1.092585418326e+00,-1.086861344260e+02,-2.028103171979e+00,1.097901990731e+00,-1.449646247703e+02,-1.269065282084e-02,5.316572404735e-03,-3.627849034433e+01
"                2869",-1.854618438260e+00,1.029117056072e+00,-1.086684504250e+02,-1.864842583393e+00,1.031390380137e+00,-1.449470832604e+02,-1.022414513337e-02,2.273324064265e-03,-3.627863283538e+01
"                2870",-1.689508866148e+00,9.272004369163e-01,-1.086356426757e+02,-1.696931035292e+00,9.268984797860e-01,-1.449148384900e+02,-7.422169143748e-03,-3.019571302990e-04,-3.627919581425e+01
"                2871",-1.480420605345e+00,7.992625950001e-01,-1.086027031390e+02,-1.484936752833e+00,7.969604358594e-01,-1.448828351795e+02,-4.516147488482e-03,-2.302159140714e-03,-3.628013204049e+01
"                2872",-1.224904341387e+00,6.709669977276e-01,-1.085803189244e+02,-1.226517269148e+00,6.673263550559e-01,-1.448614976458e+02,-1.612927760141e-03,-3.640642671620e-03,-3.628117872133e+01
"                2873",-9.657868109620e-01,5.892267305559e-01,-1.085809358182e+02,-9.646109711609e-01,5.849651648148e-01,-1.448631757594e+02,1.175839801092e-03,-4.261565741168e-03,-3.628223994113e+01
"                2874",-7.475357981315e-01,5.765182619486e-01,-1.085929805842e+02,-7.438366577114e-01,5.723351009227e-01,-1.448760228759e+02,3.699140420076e-03,-4.183161025843e-03,-3.628304229170e+01
"                2875",-6.012429544574e-01,6.018231030008e-01,-1.086129249768e+02,-5.953975537247e-01,5.983311775999e-01,-1.448962898757e+02,5.845400732683e-03,-3.491925400907e-03,-3.628336489889e+01
"                2876",-5.341657720053e-01,6.533245672798e-01,-1.086286561381e+02,-5.265345362747e-01,6.511090103931e-01,-1.449117823861e+02,7.631235730585e-03,-2.215556886688e-03,-3.628312624798e+01
"                2877",-5.053509570698e-01,7.398922480315e-01,-1.086319787669e+02,-4.964511880095e-01,7.396118851832e-01,-1.449143442684e+02,8.899769060354e-03,-2.803628483313e-04,-3.628236550148e+01
"                2878",-5.016114448156e-01,8.792662661304e-01,-1.086322722126e+02,-4.920606231236e-01,8.814098115583e-01,-1.449135159392e+02,9.550821692058e-03,2.143545427890e-03,-3.628124372668e+01
"                2879",-5.324204429328e-01,1.060077701480e+00,-1.086366241017e+02,-5.229320468219e-01,1.064964192835e+00,-1.449166882309e+02,9.488396110882e-03,4.886491355005e-03,-3.628006412914e+01
"                2880",-6.343113117439e-01,1.238823628114e+00,-1.086389787979e+02,-6.255198232192e-01,1.246892896478e+00,-1.449179757833e+02,8.791488524651e-03,8.069268364297e-03,-3.627899698549e+01
"                2881",-7.828483594655e-01,1.403244756293e+00,-1.086509766434e+02,-7.753402726882e-01,1.414799997111e+00,-1.449292405996e+02,7.508086777378e-03,1.155524081796e-02,-3.627826395624e+01
"                2882",-9.668359455305e-01,1.546530722363e+00,-1.086592423840e+02,-9.610507070885e-01,1.561711970127e+00,-1.449373382758e+02,5.785238441956e-03,1.518124776462e-02,-3.627809589184e+01
"                2883",-1.141646940209e+00,1.696280455246e+00,-1.086534590013e+02,-1.137979059074e+00,1.714952163975e+00,-1.449319779231e+02,3.667881135001e-03,1.867170872949e-02,-3.627851892188e+01
"                2884",-1.304651392959e+00,1.872535463751e+00,-1.086294758625e+02,-1.303429861581e+00,1.894379909639e+00,-1.449088995208e+02,1.221531377806e-03,2.184444588822e-02,-3.627942365829e+01
"                2885",-1.475160989584e+00,2.056078229051e+00,-1.085909821831e+02,-1.476619261833e+00,2.080627613679e+00,-1.448716638888e+02,-1.458272248165e-03,2.454938462814e-02,-3.628068170563e+01
"                2886",-1.685249327960e+00,2.218609913642e+00,-1.085564371913e+02,-1.689449279738e+00,2.245263020862e+00,-1.448385480633e+02,-4.199951778156e-03,2.665310722041e-02,-3.628211087200e+01
"                2887",-1.936531286484e+00,2.313828673833e+00,-1.085453153523e+02,-1.943545248192e+00,2.341850352404e+00,-1.448288091201e+02,-7.013961707890e-03,2.802167857082e-02,-3.628349376776e+01
"                2888",-2.159888410051e+00,2.322067422249e+00,-1.085546676885e+02,-2.169578319771e+00,2.350659499945e+00,-1.448393394711e+02,-9.689909719537e-03,2.859207769552e-02,-3.628467178265e+01
"                2889",-2.314892061993e+00,2.266232746619e+00,-1.085770074446e+02,-2.327118771671e+00,2.294559381387e+00,-1.448625162666e+02,-1.222670967800e-02,2.832663476786e-02,-3.628550882201e+01
"                2890",-2.408400968443e+00,2.166804543233e+00,-1.086104341556e+02,-2.422824064441e+00,2.194078863410e+00,-1.448962495191e+02,-1.442309599725e-02,2.727432017616e-02,-3.628581536347e+01
"                2891",-2.464996368095e+00,2.036121149894e+00,-1.086360380882e+02,-2.481149671641e+00,2.061561788197e+00,-1.449214465693e+02,-1.615330354567e-02,2.544063830251e-02,-3.628540848106e+01
"                2892",-2.516412411678e+00,1.870195254222e+00,-1.086537716528e+02,-2.533715270197e+00,1.893148903646e+00,-1.449381668217e+02,-1.730285851904e-02,2.295364942377e-02,-3.628439516882e+01
"                2893",-2.557241773538e+00,1.664170613626e+00,-1.086671385019e+02,-2.575099161376e+00,1.684179643816e+00,-1.449501248585e+02,-1.785738783814e-02,2.000903018996e-02,-3.628298635664e+01
"                2894",-2.547063462216e+00,1.462050363496e+00,-1.086816708609e+02,-2.564834738173e+00,1.478712209640e+00,-1.449631900814e+02,-1.777127595615e-02,1.666184614402e-02,-3.628151922045e+01
"                2895",-2.480140576828e+00,1.289508226420e+00,-1.086879736785e+02,-2.497248619795e+00,1.302576176723e+00,-1.449682618844e+02,-1.710804296781e-02,1.306795030238e-02,-3.628028820598e+01
"                2896",-2.358227994355e+00,1.184936356975e+00,-1.086931786823e+02,-2.374102855214e+00,1.194352683024e+00,-1.449726649267e+02,-1.587486085870e-02,9.416326049304e-03,-3.627948624442e+01
"                2897",-2.202121233050e+00,1.121190562020e+00,-1.086877866010e+02,-2.216206474486e+00,1.127149785730e+00,-1.449668338425e+02,-1.408524143587e-02,5.959223709826e-03,-3.627904724144e+01
"                2898",-2.046857351002e+00,1.074426589756e+00,-1.086742633607e+02,-2.058672115310e+00,1.077267139439e+00,-1.449533601385e+02,-1.181476430773e-02,2.840549682719e-03,-3.627909677785e+01
"                2899",-1.893836864161e+00,1.001822629284e+00,-1.086434936478e+02,-1.903096997604e+00,1.002061872055e+00,-1.449231150743e+02,-9.260133443656e-03,2.392427716181e-04,-3.627962142656e+01
"                2900",-1.717996063493e+00,8.857022085038e-01,-1.086015487177e+02,-1.724472386318e+00,8.838898527825e-01,-1.448820588980e+02,-6.476322825583e-03,-1.812355721370e-03,-3.628051018027e+01
"                2901",-1.502981041670e+00,7.600024457706e-01,-1.085724225152e+02,-1.506658579817e+00,7.567263779401e-01,-1.448541473475e+02,-3.677538147571e-03,-3.276067830492e-03,-3.628172483230e+01
"                2902",-1.248220234058e+00,6.808129215007e-01,-1.085682858222e+02,-1.249137111935e+00,6.767483615167e-01,-1.448511934076e+02,-9.168778767354e-04,-4.064559983941e-03,-3.628290758535e+01
"                2903",-1.004030598211e+00,6.526224548433e-01,-1.085855959133e+02,-1.002333318382e+00,6.484718922603e-01,-1.448694473890e+02,1.697279828740e-03,-4.150562583019e-03,-3.628385147575e+01
"                2904",-8.164248804176e-01,6.869958034132e-01,-1.086061144246e+02,-8.123624598705e-01,6.834376936277e-01,-1.448904297151e+02,4.062420547113e-03,-3.558109785486e-03,-3.628431529053e+01
"                2905",-7.024521305017e-01,7.432038827502e-01,-1.086258525152e+02,-6.963551740613e-01,7.408869245259e-01,-1.449100113839e+02,6.096956440442e-03,-2.316958224356e-03,-3.628415886873e+01
"                2906",-6.465655160083e-01,8.235125002506e-01,-1.086300099665e+02,-6.388412455910e-01,8.230028009551e-01,-1.449134602272e+02,7.724270417231e-03,-5.096992955113e-04,-3.628345026067e+01
"                2907",-6.106102293577e-01,9.595928849568e-01,-1.086227919225e+02,-6.017810786487e-01,9.612931803364e-01,-1.449052067925e+02,8.829150708958e-03,1.700295379635e-03,-3.628241487005e+01
"                2908",-5.933884127265e-01,1.122425823674e+00,-1.086184202982e+02,-5.841011305699e-01,1.126805168963e+00,-1.448997015889e+02,9.287282156664e-03,4.379345288974e-03,-3.628128129068e+01
"                2909",-6.160777481116e-01,1.285827716641e+00,-1.086243863041e+02,-6.070264430686e-01,1.293260104163e+00,-1.449046807914e+02,9.051305042955e-03,7.432387521954e-03,-3.628029448732e+01
"                2910",-7.064027012566e-01,1.431131773595e+00,-1.086334920643e+02,-6.981354193792e-01,1.441901291478e+00,-1.449130261788e+02,8.267281877412e-03,1.076951788269e-02,-3.627953411456e+01
"                2911",-8.572116304271e-01,1.566574590695e+00,-1.086511242226e+02,-8.502113295172e-01,1.580757890978e+00,-1.449303116281e+02,7.000300909934e-03,1.418330028325e-02,-3.627918740549e+01
"                2912",-1.037035714199e+00,1.704883284318e+00,-1.086564717911e+02,-1.031710396570e+00,1.722375037548e+00,-1.449358197801e+02,5.325317628087e-03,1.749175323009e-02,-3.627934798896e+01
"                2913",-1.194205022188e+00,1.858317187418e+00,-1.086422317158e+02,-1.190973217525e+00,1.878850108140e+00,-1.449222250268e+02,3.231804663115e-03,2.053292072183e-02,-3.627999331102e+01
"                2914",-1.346862918824e+00,2.037911154467e+00,-1.086057695063e+02,-1.346070257818e+00,2.061098271717e+00,-1.448867882623e+02,7.926610060502e-04,2.318711725056e-02,-3.628101875606e+01
"                2915",-1.535830761649e+00,2.201020602682e+00,-1.085686820041e+02,-1.537738300943e+00,2.226393096479e+00,-1.448509027482e+02,-1.907539293981e-03,2.537249379720e-02,-3.628222074408e+01
"                2916",-1.777017983129e+00,2.304931910699e+00,-1.085499863947e+02,-1.781765768656e+00,2.331921143804e+00,-1.448335294991e+02,-4.747785526960e-03,2.698923310541e-02,-3.628354310445e+01
"                2917",-2.031053307523e+00,2.344069019565e+00,-1.085560069579e+02,-2.038696802271e+00,2.371924228697e+00,-1.448407769418e+02,-7.643494748566e-03,2.785520913128e-02,-3.628476998393e+01
"                2918",-2.239438633626e+00,2.301991980208e+00,-1.085777960979e+02,-2.249834592836e+00,2.329852010627e+00,-1.448634800882e+02,-1.039595920976e-02,2.786003041953e-02,-3.628568399031e+01
"                2919",-2.381674439738e+00,2.199846921224e+00,-1.086049286513e+02,-2.394595445790e+00,2.226845193510e+00,-1.448910219268e+02,-1.292100605166e-02,2.699827228602e-02,-3.628609327553e+01
"                2920",-2.473958999205e+00,2.065663507689e+00,-1.086310150655e+02,-2.488938596546e+00,2.091009733178e+00,-1.449168869596e+02,-1.497959734028e-02,2.534622548859e-02,-3.628587189414e+01
"                2921",-2.532343260930e+00,1.922612547061e+00,-1.086455939813e+02,-2.548851930158e+00,1.945690708500e+00,-1.449306350439e+02,-1.650866922815e-02,2.307816143872e-02,-3.628504106258e+01
"                2922",-2.560167771884e+00,1.768125471834e+00,-1.086577007379e+02,-2.577652501010e+00,1.788396948960e+00,-1.449415307122e+02,-1.748472912605e-02,2.027147712570e-02,-3.628382997429e+01
"                2923",-2.565446025796e+00,1.587292496172e+00,-1.086662332293e+02,-2.583307320921e+00,1.604334977709e+00,-1.449486964794e+02,-1.786129512554e-02,1.704248153720e-02,-3.628246325008e+01
"                2924",-2.535099664861e+00,1.406435936018e+00,-1.086798732421e+02,-2.552688159471e+00,1.420039153140e+00,-1.449611644550e+02,-1.758849461042e-02,1.360321712241e-02,-3.628129121292e+01
"                2925",-2.469364748325e+00,1.248491709699e+00,-1.086859441723e+02,-2.486092739099e+00,1.258619003699e+00,-1.449664015849e+02,-1.672799077353e-02,1.012729400049e-02,-3.628045741252e+01
"                2926",-2.363619927996e+00,1.145221375423e+00,-1.086864620526e+02,-2.378887659217e+00,1.152035336891e+00,-1.449664459628e+02,-1.526773122068e-02,6.813961467658e-03,-3.627998391020e+01
"                2927",-2.226445576879e+00,1.081116590801e+00,-1.086730974508e+02,-2.239740423772e+00,1.084898576680e+00,-1.449529779605e+02,-1.329484689352e-02,3.781985878869e-03,-3.627988050967e+01
"                2928",-2.075516799165e+00,1.024107890409e+00,-1.086486553487e+02,-2.086484347937e+00,1.025334735943e+00,-1.449288716892e+02,-1.096754877261e-02,1.226845534095e-03,-3.628021634050e+01
"                2929",-1.917218393574e+00,9.525076655113e-01,-1.086135757122e+02,-1.925662009999e+00,9.517318646251e-01,-1.448945379327e+02,-8.443616425223e-03,-7.758008862394e-04,-3.628096222044e+01
"                2930",-1.746742498779e+00,8.771771982412e-01,-1.085849073019e+02,-1.752551821889e+00,8.749357876758e-01,-1.448668909916e+02,-5.809323109235e-03,-2.241410565361e-03,-3.628198368967e+01
"                2931",-1.539411242389e+00,8.101852043653e-01,-1.085728871988e+02,-1.542576071084e+00,8.070365101376e-01,-1.448559751842e+02,-3.164828695000e-03,-3.148694227758e-03,-3.628308798537e+01
"                2932",-1.294158354511e+00,7.861330673555e-01,-1.085805260579e+02,-1.294674477695e+00,7.827151861902e-01,-1.448645123469e+02,-5.161231838905e-04,-3.417881165339e-03,-3.628398628900e+01
"                2933",-1.078971622888e+00,7.979130749172e-01,-1.086026405884e+02,-1.076965107038e+00,7.949227745655e-01,-1.448871819255e+02,2.006515850421e-03,-2.990300351732e-03,-3.628454133707e+01
"                2934",-9.142083277873e-01,8.630244068572e-01,-1.086175037276e+02,-9.099734320813e-01,8.611478056767e-01,-1.449020800240e+02,4.234895706001e-03,-1.876601180518e-03,-3.628457629639e+01
"                2935",-8.139303347081e-01,9.664042433504e-01,-1.086234055196e+02,-8.077902933849e-01,9.660836021918e-01,-1.449075462856e+02,6.140041323115e-03,-3.206411586215e-04,-3.628414076601e+01
"                2936",-7.564828904556e-01,1.091772498421e+00,-1.086161937882e+02,-7.488898394884e-01,1.093475116860e+00,-1.448995887644e+02,7.593050967273e-03,1.702618438833e-03,-3.628339497615e+01
"                2937",-7.008017389061e-01,1.220130338183e+00,-1.086046702461e+02,-6.922840024893e-01,1.224335544523e+00,-1.448872094856e+02,8.517736416761e-03,4.205206339878e-03,-3.628253923946e+01
"                2938",-6.666260660136e-01,1.341717728664e+00,-1.086041844310e+02,-6.577845718978e-01,1.348758651194e+00,-1.448858933682e+02,8.841494115884e-03,7.040922530413e-03,-3.628170893721e+01
"                2939",-6.840803179639e-01,1.463794747228e+00,-1.086195360865e+02,-6.754750071282e-01,1.473857371775e+00,-1.449006148908e+02,8.605310835673e-03,1.006262454669e-02,-3.628107880437e+01
"                2940",-7.725839889627e-01,1.597169178300e+00,-1.086388260857e+02,-7.647271703411e-01,1.610297291386e+00,-1.449194779301e+02,7.856818621595e-03,1.312811308626e-02,-3.628065184442e+01
"                2941",-9.181105987674e-01,1.744603197467e+00,-1.086522836353e+02,-9.115001437589e-01,1.760710864134e+00,-1.449328037738e+02,6.610455008481e-03,1.610766666713e-02,-3.628052013848e+01
"                2942",-1.089116942821e+00,1.903271515461e+00,-1.086399035498e+02,-1.084177799045e+00,1.922171335982e+00,-1.449206810985e+02,4.939143776459e-03,1.889982052168e-02,-3.628077754870e+01
"                2943",-1.248351914023e+00,2.044177334507e+00,-1.086202671226e+02,-1.245546763159e+00,2.065613859406e+00,-1.449016489076e+02,2.805150864245e-03,2.143652489931e-02,-3.628138178502e+01
"                2944",-1.419442198557e+00,2.163557062708e+00,-1.085996503918e+02,-1.419175067550e+00,2.187163060880e+00,-1.448819409411e+02,2.671310074527e-04,2.360599817166e-02,-3.628229054930e+01
"                2945",-1.624099066170e+00,2.252636879181e+00,-1.085812836317e+02,-1.626659442557e+00,2.277941024173e+00,-1.448646033341e+02,-2.560376386655e-03,2.530414499252e-02,-3.628331970232e+01
"                2946",-1.865153358782e+00,2.299556920289e+00,-1.085751586365e+02,-1.870680274210e+00,2.325926040416e+00,-1.448595601913e+02,-5.526915428032e-03,2.636912012724e-02,-3.628440155482e+01
"                2947",-2.115172506959e+00,2.287850539977e+00,-1.085854934161e+02,-2.123627866425e+00,2.314477886610e+00,-1.448707533772e+02,-8.455359466668e-03,2.662734663235e-02,-3.628525996111e+01
"                2948",-2.326569404419e+00,2.207545857480e+00,-1.086006504076e+02,-2.337746143526e+00,2.233576797687e+00,-1.448863831689e+02,-1.117673910729e-02,2.603094020718e-02,-3.628573276125e+01
"                2949",-2.469504210466e+00,2.088926979933e+00,-1.086179664335e+02,-2.483044642966e+00,2.113630776840e+00,-1.449037179185e+02,-1.354043250058e-02,2.470379690713e-02,-3.628575148495e+01
"                2950",-2.534497069712e+00,1.958191029880e+00,-1.086361512804e+02,-2.549916813141e+00,1.980909500747e+00,-1.449214601701e+02,-1.541974342873e-02,2.271847086746e-02,-3.628530888972e+01
"                2951",-2.557136772305e+00,1.832596629271e+00,-1.086470547173e+02,-2.573932277439e+00,1.852742819414e+00,-1.449315470496e+02,-1.679550513454e-02,2.014619014263e-02,-3.628449233227e+01
"                2952",-2.573463583523e+00,1.701786689654e+00,-1.086574362246e+02,-2.591055611933e+00,1.719003234671e+00,-1.449409928335e+02,-1.759202840905e-02,1.721654501662e-02,-3.628355660889e+01
"                2953",-2.579944749087e+00,1.540945544548e+00,-1.086639623389e+02,-2.597683959593e+00,1.555009744389e+00,-1.449465320469e+02,-1.773921050599e-02,1.406419984142e-02,-3.628256970793e+01
"                2954",-2.551085850391e+00,1.366701991381e+00,-1.086723902177e+02,-2.568344247421e+00,1.377649859571e+00,-1.449541542516e+02,-1.725839702973e-02,1.094786819000e-02,-3.628176403391e+01
"                2955",-2.478813291377e+00,1.207416670375e+00,-1.086733433430e+02,-2.495029505141e+00,1.215304674859e+00,-1.449546180556e+02,-1.621621376390e-02,7.888004484223e-03,-3.628127471266e+01
"                2956",-2.369625331779e+00,1.100372949035e+00,-1.086665278534e+02,-2.384248380492e+00,1.105459696595e+00,-1.449475732505e+02,-1.462304871314e-02,5.086747559425e-03,-3.628104539703e+01
"                2957",-2.244177167232e+00,1.037967832417e+00,-1.086549138384e+02,-2.256796055486e+00,1.040621131044e+00,-1.449360557987e+02,-1.261888825320e-02,2.653298626993e-03,-3.628114196024e+01
"                2958",-2.110925953428e+00,1.010521078968e+00,-1.086431788272e+02,-2.121282593276e+00,1.011230342754e+00,-1.449247722345e+02,-1.035663984834e-02,7.092637867345e-04,-3.628159340733e+01
"                2959",-1.963499591511e+00,9.904239217485e-01,-1.086228830130e+02,-1.971432443589e+00,9.897391869828e-01,-1.449051371018e+02,-7.932852077202e-03,-6.847347656810e-04,-3.628225408881e+01
"                2960",-1.787974103847e+00,9.812248527475e-01,-1.085998508927e+02,-1.793388616551e+00,9.796180283075e-01,-1.448828444459e+02,-5.414512703307e-03,-1.606824440008e-03,-3.628299355316e+01
"                2961",-1.584917920322e+00,9.757829368525e-01,-1.085907128361e+02,-1.587766118816e+00,9.737898653902e-01,-1.448744149912e+02,-2.848198494211e-03,-1.993071462302e-03,-3.628370215514e+01
"                2962",-1.357378385815e+00,9.872969396833e-01,-1.085937809135e+02,-1.357667191274e+00,9.856082884468e-01,-1.448779851046e+02,-2.888054598695e-04,-1.688651236508e-03,-3.628420419110e+01
"                2963",-1.155150256307e+00,1.040696811699e+00,-1.086041208361e+02,-1.153034719696e+00,1.039832073297e+00,-1.448885657145e+02,2.115536611074e-03,-8.647384027677e-04,-3.628444487834e+01
"                2964",-9.865554119970e-01,1.150864688348e+00,-1.086112125825e+02,-9.823506014178e-01,1.151306100193e+00,-1.448955792443e+02,4.204810579216e-03,4.414118454104e-04,-3.628436666187e+01
"                2965",-8.726593282652e-01,1.266741389306e+00,-1.086106483532e+02,-8.666936675982e-01,1.269006010148e+00,-1.448947146665e+02,5.965660667045e-03,2.264620842116e-03,-3.628406631322e+01
"                2966",-8.024489079240e-01,1.357512792880e+00,-1.086045685173e+02,-7.951578404728e-01,1.361995958366e+00,-1.448882315525e+02,7.291067451168e-03,4.483165485650e-03,-3.628366303518e+01
"                2967",-7.500368720340e-01,1.429296735080e+00,-1.085965372156e+02,-7.418721771461e-01,1.436270540641e+00,-1.448797744460e+02,8.164694887892e-03,6.973805560495e-03,-3.628323723043e+01
"                2968",-7.202101194080e-01,1.515358873870e+00,-1.085984980783e+02,-7.117234280124e-01,1.524927517324e+00,-1.448813072395e+02,8.486691395643e-03,9.568643453425e-03,-3.628280916121e+01
"                2969",-7.314779444490e-01,1.640273823636e+00,-1.086135204265e+02,-7.232064477626e-01,1.652433481886e+00,-1.448959340962e+02,8.271496686421e-03,1.215965824944e-02,-3.628241366971e+01
"                2970",-8.061183641519e-01,1.793925095688e+00,-1.086278428230e+02,-7.986381684001e-01,1.808628765493e+00,-1.449099334006e+02,7.480195751814e-03,1.470366980483e-02,-3.628209057761e+01
"                2971",-9.553349205622e-01,1.946165805931e+00,-1.086346600465e+02,-9.491409838065e-01,1.963326772695e+00,-1.449166023521e+02,6.193936755740e-03,1.716096676402e-02,-3.628194230551e+01
"                2972",-1.144978276285e+00,2.068757831777e+00,-1.086325234633e+02,-1.140558298292e+00,2.088219130940e+00,-1.449145860041e+02,4.419977993158e-03,1.946129916266e-02,-3.628206254082e+01
"                2973",-1.316214116999e+00,2.148270706489e+00,-1.086264081349e+02,-1.314065980390e+00,2.169777029135e+00,-1.449089081148e+02,2.148136608381e-03,2.150632264673e-02,-3.628249997993e+01
"                2974",-1.476645331838e+00,2.194941188810e+00,-1.086132403542e+02,-1.477218684585e+00,2.218090114668e+00,-1.448963962372e+02,-5.733527472855e-04,2.314892585791e-02,-3.628315588294e+01
"                2975",-1.674666696354e+00,2.225333947088e+00,-1.086018501571e+02,-1.678154847750e+00,2.249555853657e+00,-1.448856731630e+02,-3.488151396683e-03,2.422190656876e-02,-3.628382300589e+01
"                2976",-1.931000035545e+00,2.229158688393e+00,-1.085973026246e+02,-1.937473043529e+00,2.253812091182e+00,-1.448817231994e+02,-6.473007984048e-03,2.465340278852e-02,-3.628442057480e+01
"                2977",-2.196092941893e+00,2.192716246295e+00,-1.085966091333e+02,-2.205366362479e+00,2.217105999436e+00,-1.448814782152e+02,-9.273420585727e-03,2.438975314030e-02,-3.628486908184e+01
"                2978",-2.389838053544e+00,2.107021512331e+00,-1.085987072682e+02,-2.401672144363e+00,2.130471648686e+00,-1.448838267453e+02,-1.183409081884e-02,2.345013635520e-02,-3.628511947711e+01
"                2979",-2.489036511055e+00,1.995839542726e+00,-1.086082068820e+02,-2.503083062054e+00,2.017661685553e+00,-1.448933561021e+02,-1.404655099846e-02,2.182214282659e-02,-3.628514922006e+01
"                2980",-2.514682356599e+00,1.888547439765e+00,-1.086272129046e+02,-2.530463459042e+00,1.908207917138e+00,-1.449121687729e+02,-1.578110244274e-02,1.966047737361e-02,-3.628495586825e+01
"                2981",-2.535692618232e+00,1.783959372632e+00,-1.086453866923e+02,-2.552650225259e+00,1.801084268137e+00,-1.449299219127e+02,-1.695760702621e-02,1.712489550550e-02,-3.628453522044e+01
"                2982",-2.570183936380e+00,1.666417491590e+00,-1.086505850312e+02,-2.587741202635e+00,1.680870908578e+00,-1.449345404039e+02,-1.755726625483e-02,1.445341698805e-02,-3.628395537267e+01
"                2983",-2.586120075840e+00,1.504283044249e+00,-1.086436370237e+02,-2.603598845994e+00,1.515981211451e+00,-1.449269345310e+02,-1.747877015426e-02,1.169816720167e-02,-3.628329750730e+01
"                2984",-2.550203237131e+00,1.319758822241e+00,-1.086410131802e+02,-2.567037704431e+00,1.328848241251e+00,-1.449237477075e+02,-1.683446730001e-02,9.089419009784e-03,-3.628273452732e+01
"                2985",-2.469019791420e+00,1.160916508897e+00,-1.086482623953e+02,-2.484725916602e+00,1.167526576404e+00,-1.449306551706e+02,-1.570612518217e-02,6.610067506981e-03,-3.628239277527e+01
"                2986",-2.363739823731e+00,1.074276634860e+00,-1.086590338810e+02,-2.377849734404e+00,1.078722398022e+00,-1.449412758844e+02,-1.410991067293e-02,4.445763162475e-03,-3.628224200336e+01
"                2987",-2.254937174262e+00,1.059665285484e+00,-1.086667119661e+02,-2.267078991473e+00,1.062319660853e+00,-1.449489725034e+02,-1.214181721137e-02,2.654375368855e-03,-3.628226053731e+01
"                2988",-2.135002655185e+00,1.092017774037e+00,-1.086611772469e+02,-2.144972665467e+00,1.093336233308e+00,-1.449435992173e+02,-9.970010282136e-03,1.318459271361e-03,-3.628242197044e+01
"                2989",-1.993419994812e+00,1.133273480514e+00,-1.086368335657e+02,-2.001019308190e+00,1.133757011259e+00,-1.449194688035e+02,-7.599313378327e-03,4.835307450100e-04,-3.628263523780e+01
"                2990",-1.811320821988e+00,1.177002542860e+00,-1.086023117257e+02,-1.816445861717e+00,1.177184567046e+00,-1.448851766175e+02,-5.125039728949e-03,1.820241859311e-04,-3.628286489179e+01
"                2991",-1.599670937321e+00,1.221570136606e+00,-1.085836770260e+02,-1.602270334214e+00,1.221881410450e+00,-1.448667959396e+02,-2.599396892464e-03,3.112738434885e-04,-3.628311891360e+01
"                2992",-1.367800588865e+00,1.289068590556e+00,-1.085827068188e+02,-1.367933713360e+00,1.289920796381e+00,-1.448661333058e+02,-1.331244948861e-04,8.522058248083e-04,-3.628342648705e+01
"                2993",-1.157678664403e+00,1.360003947933e+00,-1.085858084079e+02,-1.155546527671e+00,1.361952367081e+00,-1.448695543439e+02,2.132136731474e-03,1.948419147386e-03,-3.628374593599e+01
"                2994",-9.894452282975e-01,1.430863092341e+00,-1.085930313598e+02,-9.853475043567e-01,1.434327855994e+00,-1.448770354692e+02,4.097723940864e-03,3.464763652930e-03,-3.628400410940e+01
"                2995",-8.823190185666e-01,1.493185831790e+00,-1.085982192077e+02,-8.765105045880e-01,1.498508310343e+00,-1.448823759208e+02,5.808513978634e-03,5.322478552945e-03,-3.628415671310e+01
"                2996",-8.160632322874e-01,1.547757298910e+00,-1.085960985857e+02,-8.089331795432e-01,1.555111475238e+00,-1.448802904877e+02,7.130052744180e-03,7.354176328019e-03,-3.628419190198e+01
"                2997",-7.575621208435e-01,1.608514839958e+00,-1.085867409945e+02,-7.495682926586e-01,1.617925300349e+00,-1.448707931645e+02,7.993828184939e-03,9.410460391239e-03,-3.628405217000e+01
"                2998",-7.178956484468e-01,1.703000278397e+00,-1.085793533272e+02,-7.096270817748e-01,1.714488903502e+00,-1.448631212153e+02,8.268566672037e-03,1.148862510475e-02,-3.628376788810e+01
"                2999",-7.319030591276e-01,1.837720751323e+00,-1.085857430924e+02,-7.239188944694e-01,1.851252902230e+00,-1.448691197719e+02,7.984164658222e-03,1.353215090640e-02,-3.628337667943e+01
"                3000",-8.208515041839e-01,1.970260304360e+00,-1.086160921912e+02,-8.137711629304e-01,1.985817987222e+00,-1.448990087322e+02,7.080341253521e-03,1.555768286121e-02,-3.628291654101e+01
