Time (s),PRESSURE_MOMENT_X,PRESSURE_MOMENT_Y,PRESSURE_MOMENT_Z,TOTAL_MOMENT_X,TOTAL_MOMENT_Y,TOTAL_MOMENT_Z,VISCOUS_MOMENT_X,VISCOUS_MOMENT_Y,VISCOUS_MOMENT_Z
"                   1",1.060686288333e-01,-3.571676453987e-03,-1.881088362351e-02,1.061546842694e-01,-6.046160781922e-03,-1.882600949299e-02,8.605543609683e-05,-2.474484327935e-03,-1.512586948807e-05
"                   2",8.969595288705e-02,-2.993984627567e-02,-1.665817921487e-02,8.985743439039e-02,-3.195375625538e-02,-1.668524783943e-02,1.614815033395e-04,-2.013909979712e-03,-2.706862456531e-05
"                   3",7.664046398336e-03,-5.808400368791e-02,-3.085173937668e-03,7.831829144819e-03,-5.961264519841e-02,-3.111117643619e-03,1.677827464826e-04,-1.528641510501e-03,-2.594370595084e-05
"                   4",-3.526940715292e-02,-7.138940105402e-02,5.782691594767e-03,-3.522616024127e-02,-7.259263369005e-02,5.778812794857e-03,4.324691165164e-05,-1.203232636031e-03,-3.878799909874e-06
"                   5",-1.510559691785e-02,9.004425296041e-03,4.295978107772e-03,-1.517688594973e-02,8.312888329295e-03,4.307135171039e-03,-7.128903187821e-05,-6.915369667461e-04,1.115706326757e-05
"                   6",2.084715142117e-02,6.339727978707e-02,-2.557752682918e-03,2.097693842403e-02,6.278649651019e-02,-2.560021259642e-03,1.297870028580e-04,-6.107832768801e-04,-2.268576723415e-06
"                   7",3.220663605375e-02,6.045181945289e-02,-6.321821233962e-03,3.231551020148e-02,5.966767375894e-02,-6.345725258040e-03,1.088741477336e-04,-7.841456939514e-04,-2.390402407780e-05
"                   8",1.451219050584e-02,5.757933862512e-03,-4.058874540604e-03,1.461249940510e-02,4.613134698913e-03,-4.096998438355e-03,1.003088992642e-04,-1.144799163599e-03,-3.812389775106e-05
"                   9",-4.989720692265e-03,-3.034456867853e-02,-3.060157203194e-05,-4.926024032001e-03,-3.178617060464e-02,-6.898112284744e-05,6.369666026412e-05,-1.441601926106e-03,-3.837955081550e-05
"                  10",-5.576519758495e-03,-2.412957273555e-02,1.916151204211e-03,-5.540430213596e-03,-2.556783790615e-02,1.895487926074e-03,3.608954489901e-05,-1.438265170605e-03,-2.066327813746e-05
"                  11",9.569994354877e-03,4.108349296672e-03,5.216599647717e-04,9.475191868141e-03,3.001670252618e-03,5.104561078635e-04,-9.480248673571e-05,-1.106679044054e-03,-1.120385690819e-05
"                  12",2.095020160953e-02,2.152084966417e-02,-1.703672427560e-03,2.088956118151e-02,2.066277253674e-02,-1.721413751556e-03,-6.064042802074e-05,-8.580771274317e-04,-1.774132399658e-05
"                  13",1.591483716491e-02,1.611401285430e-02,-2.082474029553e-03,1.594612642431e-02,1.538582750334e-02,-2.110797482646e-03,3.128925939868e-05,-7.281853509666e-04,-2.832345309334e-05
"                  14",1.022126210501e-03,5.654456353739e-04,-4.158618159948e-04,1.109501007494e-03,-2.234902904081e-04,-4.476006091902e-04,8.737479699311e-05,-7.889359257820e-04,-3.173879319539e-05
"                  15",-1.000112999585e-02,-9.758838443162e-03,1.395985725070e-03,-9.928694418650e-03,-1.046880112636e-02,1.373745050206e-03,7.243557719964e-05,-7.099626831946e-04,-2.224067486444e-05
"                  16",-9.982973054615e-03,-7.320299919726e-03,1.960315124887e-03,-9.963445399805e-03,-7.955403312242e-03,1.947618269368e-03,1.952765481050e-05,-6.351033925156e-04,-1.269685551826e-05
"                  17",-1.342516067805e-03,2.310528545308e-04,1.237872888877e-03,-1.355292428469e-03,-3.426518144478e-04,1.228072793976e-03,-1.277636066478e-05,-5.737046689787e-04,-9.800094901604e-06
"                  18",5.502615427691e-03,3.918312692221e-03,4.247206618260e-04,5.506948667553e-03,3.352672020617e-03,4.124979527304e-04,4.333239861722e-06,-5.656406716044e-04,-1.222270909559e-05
"                  19",5.515896577467e-03,5.122962127189e-04,3.629642721776e-04,5.541391547440e-03,-9.118140624898e-05,3.488751458711e-04,2.549496997310e-05,-6.034776189678e-04,-1.408912630653e-05
"                  20",-5.215650058723e-04,-6.795835218924e-03,1.022692782264e-03,-4.958892912155e-04,-7.391934610681e-03,1.009601415543e-03,2.567571465681e-05,-5.960993917569e-04,-1.309136672108e-05
"                  21",-7.273688613189e-03,-1.118773224186e-02,1.647439622433e-03,-7.266510229502e-03,-1.173356948653e-02,1.637943378092e-03,7.178383687364e-06,-5.458372446700e-04,-9.496244340678e-06
"                  22",-1.041448126386e-02,-1.020092768337e-02,1.724637380510e-03,-1.042435909819e-02,-1.070393434148e-02,1.719515935567e-03,-9.877834335975e-06,-5.030066581106e-04,-5.121444943167e-06
"                  23",-7.980834621019e-03,-8.839685872800e-03,1.299628898822e-03,-7.998743664895e-03,-9.317418287290e-03,1.296986812387e-03,-1.790904387562e-05,-4.777324144893e-04,-2.642086435436e-06
"                  24",-2.502252137507e-03,-8.388764489823e-03,8.145120138963e-04,-2.507695552219e-03,-8.871189136684e-03,8.116266801218e-04,-5.443414711523e-06,-4.824246468617e-04,-2.885333774476e-06
"                  25",1.757107014161e-03,-8.759258696330e-03,5.775662476299e-04,1.774490373873e-03,-9.259791919106e-03,5.734584432224e-04,1.738335971270e-05,-5.005332227763e-04,-4.107804407557e-06
"                  26",3.320730354055e-03,-8.356082345543e-03,4.629257702806e-04,3.349407771073e-03,-8.868968397503e-03,4.583562806355e-04,2.867741701768e-05,-5.128860519599e-04,-4.569489645132e-06
"                  27",3.782867737669e-03,-7.031153422730e-03,2.073400526381e-04,3.815803618498e-03,-7.541259676144e-03,2.021643722266e-04,3.293588082814e-05,-5.101062534136e-04,-5.175680411471e-06
"                  28",5.309208556167e-03,-4.400776445621e-03,-2.935046855388e-04,5.351676928892e-03,-4.901804634513e-03,-3.005909903686e-04,4.246837272511e-05,-5.010281888919e-04,-7.086304829801e-06
"                  29",7.789071208560e-03,-2.452711709509e-03,-8.936618404736e-04,7.846319072257e-03,-2.942071526015e-03,-9.040695803057e-04,5.724786369689e-05,-4.893598165060e-04,-1.040773983208e-05
"                  30",1.035028217404e-02,-3.038565507751e-03,-1.435723433609e-03,1.042749784492e-02,-3.510862361250e-03,-1.449944123037e-03,7.721567087837e-05,-4.722968534987e-04,-1.422068942832e-05
"                  31",1.251444909824e-02,-5.729697508087e-03,-1.789733935208e-03,1.261308428855e-02,-6.184240744584e-03,-1.807917509844e-03,9.863519030448e-05,-4.545432364966e-04,-1.818357463567e-05
"                  32",1.431904951572e-02,-7.722018131403e-03,-1.961400484852e-03,1.442909819242e-02,-8.162107293084e-03,-1.983176281386e-03,1.100486766946e-04,-4.400891616807e-04,-2.177579653352e-05
"                  33",1.563720481536e-02,-7.207483770230e-03,-2.059111319848e-03,1.575173979431e-02,-7.637142157256e-03,-2.083880319185e-03,1.145349789512e-04,-4.296583870257e-04,-2.476899933689e-05
"                  34",1.633315481740e-02,-5.727786425936e-03,-2.151209740092e-03,1.645129091385e-02,-6.149654270559e-03,-2.178313757428e-03,1.181360964498e-04,-4.218678446230e-04,-2.710401733637e-05
"                  35",1.642295074761e-02,-4.746875861130e-03,-2.206894415611e-03,1.654957495191e-02,-5.156028147910e-03,-2.235927459527e-03,1.266242042924e-04,-4.091522867797e-04,-2.903304391626e-05
"                  36",1.638989522732e-02,-5.897087729281e-03,-2.150609251588e-03,1.652933006658e-02,-6.285294983382e-03,-2.181398089319e-03,1.394348392644e-04,-3.882072541016e-04,-3.078883773080e-05
"                  37",1.623536913321e-02,-8.928156663629e-03,-1.926160019870e-03,1.638636475506e-02,-9.290839608307e-03,-1.958224365585e-03,1.509956218428e-04,-3.626829446784e-04,-3.206434571485e-05
"                  38",1.551729275967e-02,-1.130624502601e-02,-1.575339564914e-03,1.567309529394e-02,-1.164160429005e-02,-1.607789898991e-03,1.558025342655e-04,-3.353592640473e-04,-3.245033407741e-05
"                  39",1.448641044025e-02,-1.188696228725e-02,-1.213999899537e-03,1.464092181341e-02,-1.219661074950e-02,-1.245784345890e-03,1.545113731622e-04,-3.096484622477e-04,-3.178444635268e-05
"                  40",1.330889010214e-02,-1.099849358684e-02,-9.107003513655e-04,1.345995141506e-02,-1.128370821187e-02,-9.410331139538e-04,1.510613129195e-04,-2.852146250265e-04,-3.033276258823e-05
"                  41",1.250960698493e-02,-9.984776417582e-03,-6.708715085395e-04,1.265615176103e-02,-1.024826084557e-02,-6.994581239522e-04,1.465447761034e-04,-2.634844279851e-04,-2.858661541265e-05
"                  42",1.221535791192e-02,-9.516834622659e-03,-4.681502137291e-04,1.235577669095e-02,-9.759927292086e-03,-4.948614921623e-04,1.404187790305e-04,-2.430926694275e-04,-2.671127843318e-05
"                  43",1.251625666286e-02,-9.779662016101e-03,-2.879841748005e-04,1.264986851415e-02,-1.000449254251e-02,-3.127448062711e-04,1.336118512845e-04,-2.248305264065e-04,-2.476063147062e-05
"                  44",1.327545922274e-02,-1.030981140606e-02,-1.473243003840e-04,1.340202356634e-02,-1.051830090486e-02,-1.699534415950e-04,1.265643436071e-04,-2.084894988002e-04,-2.262914121095e-05
"                  45",1.422480700592e-02,-1.031513845041e-02,-8.186159541701e-05,1.434425820192e-02,-1.051194934331e-02,-1.021717810432e-04,1.194511959945e-04,-1.968108929033e-04,-2.031018562615e-05
"                  46",1.487464510586e-02,-9.322282755306e-03,-1.045682465932e-04,1.498810367965e-02,-9.513205228345e-03,-1.227451683370e-04,1.134585737904e-04,-1.909224730384e-04,-1.817692174379e-05
"                  47",1.528849372189e-02,-7.889073966211e-03,-1.853899049227e-04,1.539955428287e-02,-8.079133165502e-03,-2.022954284094e-04,1.110605609774e-04,-1.900591992910e-04,-1.690552348670e-05
"                  48",1.597421703553e-02,-7.058516081202e-03,-2.884692689911e-04,1.608714330320e-02,-7.251028668518e-03,-3.050860961979e-04,1.129262676704e-04,-1.925125873162e-04,-1.661682720686e-05
"                  49",1.722025528565e-02,-7.201798934332e-03,-4.219946383408e-04,1.733936478221e-02,-7.399136375186e-03,-4.392706201640e-04,1.191094965561e-04,-1.973374408539e-04,-1.727598182319e-05
"                  50",1.914858574141e-02,-8.052801630413e-03,-6.253896077517e-04,1.927889878970e-02,-8.257816425844e-03,-6.442933716448e-04,1.303130482903e-04,-2.050147954309e-04,-1.890376389305e-05
"                  51",2.165022795158e-02,-9.205205409444e-03,-9.223573995225e-04,2.179667219675e-02,-9.419721566045e-03,-9.437348766010e-04,1.464442451640e-04,-2.145161566012e-04,-2.137747707852e-05
"                  52",2.449955478895e-02,-1.020459757905e-02,-1.297249437494e-03,2.466598709423e-02,-1.042848047616e-02,-1.321892016754e-03,1.664323052851e-04,-2.238828971109e-04,-2.464257925999e-05
"                  53",2.748198894644e-02,-1.097346374320e-02,-1.700031580961e-03,2.767170125317e-02,-1.120513641477e-02,-1.728668975184e-03,1.897123067335e-04,-2.316726715708e-04,-2.863739422278e-05
"                  54",3.066300493159e-02,-1.152245227702e-02,-2.082519525036e-03,3.087803798606e-02,-1.176066560849e-02,-2.115580180560e-03,2.150330544721e-04,-2.382133314678e-04,-3.306065552376e-05
"                  55",3.407013491947e-02,-1.187655184617e-02,-2.415362505490e-03,3.431155479075e-02,-1.212087448591e-02,-2.453101251707e-03,2.414198712765e-04,-2.443226397384e-04,-3.773874621739e-05
"                  56",3.762253153788e-02,-1.211907443721e-02,-2.689049382807e-03,3.788919508766e-02,-1.236904065821e-02,-2.731342798840e-03,2.666635497794e-04,-2.499662210016e-04,-4.229341603247e-05
"                  57",4.092570616741e-02,-1.245171469922e-02,-2.894526903601e-03,4.121565983863e-02,-1.270663733766e-02,-2.940942288052e-03,2.899536712243e-04,-2.549226384382e-04,-4.641538445116e-05
"                  58",4.363789343150e-02,-1.287359104512e-02,-3.011837484790e-03,4.394832119514e-02,-1.313407821235e-02,-3.061653673386e-03,3.104277636402e-04,-2.604871672259e-04,-4.981618859665e-05
"                  59",4.567222684219e-02,-1.324545818781e-02,-3.021546222532e-03,4.599928737098e-02,-1.351252428580e-02,-3.073887071916e-03,3.270605287911e-04,-2.670660979887e-04,-5.234084938360e-05
"                  60",4.703051453003e-02,-1.337830024745e-02,-2.906408142485e-03,4.737001422637e-02,-1.365324641217e-02,-2.960371633372e-03,3.394996963424e-04,-2.749461647134e-04,-5.396349088782e-05
"                  61",4.762240610108e-02,-1.325402319266e-02,-2.677042802826e-03,4.797019329968e-02,-1.353842652465e-02,-2.731594044443e-03,3.477871986035e-04,-2.844033319871e-04,-5.455124161700e-05
"                  62",4.748825982180e-02,-1.316426491466e-02,-2.361081721121e-03,4.783946458843e-02,-1.346048737979e-02,-2.415068682112e-03,3.512047666299e-04,-2.962224651286e-04,-5.398696099057e-05
"                  63",4.658320732308e-02,-1.323542770251e-02,-1.993774610076e-03,4.693332126252e-02,-1.354709125397e-02,-2.046184588255e-03,3.501139394326e-04,-3.116635514593e-04,-5.240997817862e-05
"                  64",4.500401220756e-02,-1.347620834582e-02,-1.613850990074e-03,4.534912520671e-02,-1.380772374764e-02,-1.663841339499e-03,3.451129991476e-04,-3.315154018213e-04,-4.999034942478e-05
"                  65",4.299260715477e-02,-1.376199962063e-02,-1.249678552458e-03,4.332983335563e-02,-1.411720712621e-02,-1.296787407032e-03,3.372262008682e-04,-3.552075055856e-04,-4.710885457328e-05
"                  66",4.085998319304e-02,-1.395861696317e-02,-9.251862352873e-04,4.118733203328e-02,-1.434113998353e-02,-9.692821895064e-04,3.273488402420e-04,-3.825230203607e-04,-4.409595421918e-05
"                  67",3.889801736646e-02,-1.403115268650e-02,-6.622808894416e-04,3.921512058065e-02,-1.444439655559e-02,-7.035188641965e-04,3.171032141854e-04,-4.132438690951e-04,-4.123797475489e-05
"                  68",3.732001941942e-02,-1.393035548324e-02,-4.854195857806e-04,3.762787687620e-02,-1.437841053048e-02,-5.241948001234e-04,3.078574567819e-04,-4.480550472411e-04,-3.877521434276e-05
"                  69",3.638568253458e-02,-1.376078336989e-02,-4.266933739405e-04,3.668672316255e-02,-1.424581780234e-02,-4.636775818245e-04,3.010406279682e-04,-4.850344324507e-04,-3.698420788399e-05
"                  70",3.620711680838e-02,-1.367893774804e-02,-5.041999393320e-04,3.650551698572e-02,-1.420171811895e-02,-5.403860009223e-04,2.984001773335e-04,-5.227803709111e-04,-3.618606159022e-05
"                  71",3.672087536861e-02,-1.384799034946e-02,-7.149677337921e-04,3.702154971315e-02,-1.440809865217e-02,-7.515160840115e-04,3.006743445383e-04,-5.601083027097e-04,-3.654835021945e-05
"                  72",3.789655386937e-02,-1.411467886489e-02,-1.028127715907e-03,3.820425672973e-02,-1.471114900316e-02,-1.066173788954e-03,3.077028603605e-04,-5.964701382756e-04,-3.804607304656e-05
"                  73",3.960260247262e-02,-1.427241992936e-02,-1.405991535655e-03,3.992142503396e-02,-1.490266329799e-02,-1.446491224209e-03,3.188225613378e-04,-6.302433686394e-04,-4.049968855372e-05
"                  74",4.166573858511e-02,-1.424799557856e-02,-1.816093903871e-03,4.199842813266e-02,-1.490896745637e-02,-1.859679617384e-03,3.326895475539e-04,-6.609718778141e-04,-4.358571351306e-05
"                  75",4.405035205713e-02,-1.404307058394e-02,-2.231292582742e-03,4.439876513337e-02,-1.473104371352e-02,-2.278423732273e-03,3.484130762351e-04,-6.879731295840e-04,-4.713114953084e-05
"                  76",4.666466253967e-02,-1.377310760512e-02,-2.624486072349e-03,4.702966532209e-02,-1.448396120036e-02,-2.675303805966e-03,3.650027824281e-04,-7.108535952375e-04,-5.081773361623e-05
"                  77",4.920961167578e-02,-1.349900196966e-02,-2.964862584486e-03,4.959118013886e-02,-1.422777887788e-02,-3.019252117917e-03,3.815684630770e-04,-7.287769082144e-04,-5.438953343113e-05
"                  78",5.129841814125e-02,-1.316762375474e-02,-3.219979462806e-03,5.169538839849e-02,-1.390971687510e-02,-3.277562291580e-03,3.969702572476e-04,-7.420931203603e-04,-5.758282877476e-05
"                  79",5.268961888226e-02,-1.281076003950e-02,-3.374336330452e-03,5.310004618008e-02,-1.356203028629e-02,-3.434516892799e-03,4.104272978230e-04,-7.512702467877e-04,-6.018056234711e-05
"                  80",5.349888680583e-02,-1.238785108841e-02,-3.431847390145e-03,5.391997149358e-02,-1.314536325160e-02,-3.493885996802e-03,4.210846877501e-04,-7.575121631958e-04,-6.203860665697e-05
"                  81",5.376411955029e-02,-1.170129330394e-02,-3.363884702125e-03,5.419351008965e-02,-1.246338702685e-02,-3.427083073947e-03,4.293905393581e-04,-7.620937229083e-04,-6.319837182154e-05
"                  82",5.313917170304e-02,-1.084652725044e-02,-3.230250182034e-03,5.357337222402e-02,-1.161285272430e-02,-3.293709206585e-03,4.342005209814e-04,-7.663254738607e-04,-6.345902455143e-05
"                  83",5.209354013610e-02,-1.010730954607e-02,-3.087200893541e-03,5.252842928331e-02,-1.087722436516e-02,-3.149983166611e-03,4.348891472053e-04,-7.699148190907e-04,-6.278227307008e-05
"                  84",5.107937474650e-02,-9.352449237753e-03,-2.945693890043e-03,5.151172063682e-02,-1.012656608054e-02,-3.006975405134e-03,4.323458903247e-04,-7.741168427867e-04,-6.128151509127e-05
"                  85",5.012201542023e-02,-8.228948355935e-03,-2.794129980959e-03,5.054931884402e-02,-9.007806494566e-03,-2.853222354004e-03,4.273034237918e-04,-7.788581386308e-04,-5.909237304446e-05
"                  86",4.899776146939e-02,-6.730608108768e-03,-2.640280014489e-03,4.941934139160e-02,-7.515876043614e-03,-2.696791339582e-03,4.215799222156e-04,-7.852679348458e-04,-5.651132509227e-05
"                  87",4.769288775670e-02,-5.184007158263e-03,-2.515306928041e-03,4.810898219855e-02,-5.977882704740e-03,-2.569101341716e-03,4.160944418458e-04,-7.938755464770e-04,-5.379441367537e-05
"                  88",4.650642263423e-02,-3.805348034604e-03,-2.455433452479e-03,4.691845168956e-02,-4.610572616666e-03,-2.506572611004e-03,4.120290553283e-04,-8.052245820627e-04,-5.113915852532e-05
"                  89",4.593236840606e-02,-2.585516904190e-03,-2.493625893177e-03,4.634283463132e-02,-3.403617869994e-03,-2.542345321976e-03,4.104662252563e-04,-8.181009658035e-04,-4.871942879909e-05
"                  90",4.628866787571e-02,-1.279854861352e-03,-2.642426350834e-03,4.670083528328e-02,-2.112063030053e-03,-2.689304996016e-03,4.121674075693e-04,-8.322081687011e-04,-4.687864518207e-05
"                  91",4.749067258365e-02,3.512927880678e-04,-2.897799250846e-03,4.790892674309e-02,-4.947312390118e-04,-2.943607305060e-03,4.182541594354e-04,-8.460240270796e-04,-4.580805421443e-05
"                  92",4.930577243136e-02,2.367388402462e-03,-3.233979539688e-03,4.973529784405e-02,1.508285599815e-03,-3.279577191690e-03,4.295254126868e-04,-8.591028026471e-04,-4.559765200130e-05
"                  93",5.164535389281e-02,4.707243213232e-03,-3.619030180564e-03,5.209047277328e-02,3.836114848746e-03,-3.665160577341e-03,4.451188804710e-04,-8.711283644869e-04,-4.613039677632e-05
"                  94",5.445931951675e-02,7.328772728982e-03,-4.025526214566e-03,5.492299589699e-02,6.446110266161e-03,-4.072774379568e-03,4.636763802415e-04,-8.826624628216e-04,-4.724816500285e-05
"                  95",5.750918728570e-02,1.016569249889e-02,-4.427877195765e-03,5.799359157134e-02,9.271761865265e-03,-4.476650622331e-03,4.844042856477e-04,-8.939306336220e-04,-4.877342656593e-05
"                  96",6.041487921836e-02,1.308260131719e-02,-4.788408188031e-03,6.092171225331e-02,1.217797088409e-02,-4.838955088908e-03,5.068330349486e-04,-9.046304331027e-04,-5.054690087757e-05
"                  97",6.291192773103e-02,1.596156594005e-02,-5.077852720909e-03,6.344197327283e-02,1.504714699876e-02,-5.130234898885e-03,5.300455417999e-04,-9.144189412892e-04,-5.238217797553e-05
"                  98",6.476031628322e-02,1.862749983006e-02,-5.282472354065e-03,6.531286982931e-02,1.770366964114e-02,-5.336625221041e-03,5.525535460834e-04,-9.238301889211e-04,-5.415286697679e-05
"                  99",6.593300837083e-02,2.090408149117e-02,-5.390831545380e-03,6.650600242064e-02,1.997021823734e-02,-5.446513775747e-03,5.729940498107e-04,-9.338632538236e-04,-5.568223036643e-05
"                 100",6.649735588614e-02,2.275705690820e-02,-5.407909038489e-03,6.708790022231e-02,2.181071077189e-02,-5.464728233846e-03,5.905443361657e-04,-9.463461363109e-04,-5.681919535675e-05
"                 101",6.664844462151e-02,2.416523249735e-02,-5.355329474588e-03,6.725401986381e-02,2.320438962944e-02,-5.412892203243e-03,6.055752422925e-04,-9.608428679157e-04,-5.756272865492e-05
"                 102",6.647907484512e-02,2.516293318702e-02,-5.259108055549e-03,6.709762569588e-02,2.418489482773e-02,-5.317063354609e-03,6.185508507590e-04,-9.780383592856e-04,-5.795529905942e-05
"                 103",6.600574744964e-02,2.578286526523e-02,-5.151360894409e-03,6.663575856190e-02,2.478541335236e-02,-5.209545430763e-03,6.300111122628e-04,-9.974519128687e-04,-5.818453635339e-05
"                 104",6.538247711856e-02,2.595892562768e-02,-5.064580362030e-03,6.602304119675e-02,2.494083666191e-02,-5.122951706663e-03,6.405640781810e-04,-1.018088965767e-03,-5.837134463301e-05
"                 105",6.481498928278e-02,2.559277819297e-02,-5.024396304018e-03,6.546643540206e-02,2.455402617537e-02,-5.083101857311e-03,6.514461192771e-04,-1.038752017607e-03,-5.870555329307e-05
"                 106",6.452173084630e-02,2.474518566282e-02,-5.041602754982e-03,6.518484824333e-02,2.368652150438e-02,-5.100842316175e-03,6.631173970304e-04,-1.058664158448e-03,-5.923956119230e-05
"                 107",6.471734238704e-02,2.351436634929e-02,-5.123047410748e-03,6.539269085883e-02,2.243766517580e-02,-5.183101144292e-03,6.753484717918e-04,-1.076701173491e-03,-6.005373354397e-05
"                 108",6.539358804472e-02,2.203379205336e-02,-5.267385372015e-03,6.608102987573e-02,2.094092364157e-02,-5.328528688726e-03,6.874418310079e-04,-1.092868411796e-03,-6.114331671042e-05
"                 109",6.646938491055e-02,2.043680712242e-02,-5.471829494653e-03,6.716930785282e-02,1.932952467894e-02,-5.534365914925e-03,6.999229422670e-04,-1.107282443478e-03,-6.253642027206e-05
"                 110",6.789295497160e-02,1.881539605856e-02,-5.731341247824e-03,6.860572983272e-02,1.769434126461e-02,-5.795372868544e-03,7.127748611135e-04,-1.121054793949e-03,-6.403162072067e-05
"                 111",6.956698892815e-02,1.718256561182e-02,-6.030359769367e-03,7.029286102635e-02,1.604803509381e-02,-6.095872121542e-03,7.258720981951e-04,-1.134530518008e-03,-6.551235217516e-05
"                 112",7.148058513989e-02,1.557962201569e-02,-6.348202323231e-03,7.221973382363e-02,1.443159363606e-02,-6.415081331300e-03,7.391486837400e-04,-1.148028379631e-03,-6.687900806872e-05
"                 113",7.353399817920e-02,1.413432710036e-02,-6.653332618631e-03,7.428714018149e-02,1.297252005700e-02,-6.721540776531e-03,7.531420022910e-04,-1.161807043369e-03,-6.820815789983e-05
"                 114",7.541417782824e-02,1.285791670341e-02,-6.918688177910e-03,7.618138515136e-02,1.168176734332e-02,-6.988141229982e-03,7.672073231204e-04,-1.176149360092e-03,-6.945305207189e-05
"                 115",7.686940799537e-02,1.182485043361e-02,-7.119236554541e-03,7.765005579865e-02,1.063308757476e-02,-7.189708030074e-03,7.806478032823e-04,-1.191762858849e-03,-7.047147553305e-05
"                 116",7.793418718666e-02,1.095095801031e-02,-7.250695597177e-03,7.872766232267e-02,9.743315416729e-03,-7.321941949252e-03,7.934751360101e-04,-1.207642593583e-03,-7.124635207501e-05
"                 117",7.866358758641e-02,1.031257686763e-02,-7.309366749125e-03,7.946893329629e-02,9.088022293783e-03,-7.381032249340e-03,8.053457098880e-04,-1.224554573850e-03,-7.166550021566e-05
"                 118",7.909022842430e-02,1.005872673430e-02,-7.300934529221e-03,7.990616742127e-02,8.815636861631e-03,-7.372456221784e-03,8.159389969720e-04,-1.243089872669e-03,-7.152169256330e-05
"                 119",7.917961128785e-02,1.027201607891e-02,-7.233767612240e-03,8.000480041003e-02,9.009592631244e-03,-7.304520070190e-03,8.251891221781e-04,-1.262423447670e-03,-7.075245795068e-05
"                 120",7.901874491568e-02,1.085637991153e-02,-7.107569060285e-03,7.985246503993e-02,9.574178631179e-03,-7.176990774990e-03,8.337201242509e-04,-1.282201280352e-03,-6.942171470509e-05
"                 121",7.869135734784e-02,1.174885383065e-02,-6.923373535447e-03,7.953280055439e-02,1.044622909973e-02,-6.990938770737e-03,8.414432065468e-04,-1.302624730927e-03,-6.756523529064e-05
"                 122",7.835015398702e-02,1.301845082411e-02,-6.703919528535e-03,7.919841341722e-02,1.169458352517e-02,-6.769157028390e-03,8.482594301939e-04,-1.323867298931e-03,-6.523749985482e-05
"                 123",7.820179182067e-02,1.453754917017e-02,-6.475054338377e-03,7.905638233400e-02,1.319128164412e-02,-6.537690635775e-03,8.545905133300e-04,-1.346267526053e-03,-6.263629739775e-05
"                 124",7.811618801354e-02,1.603171750681e-02,-6.240283418443e-03,7.897720821885e-02,1.466318001834e-02,-6.300304508512e-03,8.610202053108e-04,-1.368537488467e-03,-6.002109006955e-05
"                 125",7.792849825449e-02,1.764461355424e-02,-5.992193044305e-03,7.879605774378e-02,1.625456468284e-02,-6.049659421579e-03,8.675594892930e-04,-1.390048871396e-03,-5.746637727405e-05
"                 126",7.770832699252e-02,1.961961518994e-02,-5.738522266425e-03,7.858153028447e-02,1.820875548735e-02,-5.793400891414e-03,8.732032919448e-04,-1.410859702586e-03,-5.487862498943e-05
"                 127",7.767506930398e-02,2.210953988867e-02,-5.506825435482e-03,7.855279764250e-02,2.067851476709e-02,-5.559194701837e-03,8.777283385198e-04,-1.431025121580e-03,-5.236926635451e-05
"                 128",7.784172641204e-02,2.501465412112e-02,-5.310085195614e-03,7.872284456727e-02,2.356533491389e-02,-5.360210814409e-03,8.811181552363e-04,-1.449319207235e-03,-5.012561879560e-05
"                 129",7.822160303128e-02,2.804172318507e-02,-5.161877684342e-03,7.910594454919e-02,2.657558098914e-02,-5.210231730064e-03,8.843415179111e-04,-1.466142195928e-03,-4.835404572207e-05
"                 130",7.886414006185e-02,3.080946756423e-02,-5.075871779729e-03,7.975175543290e-02,2.932780950380e-02,-5.122843531249e-03,8.876153710439e-04,-1.481658060428e-03,-4.697175151955e-05
"                 131",7.973703870852e-02,3.332465623284e-02,-5.058138091862e-03,8.062911150458e-02,3.182890440952e-02,-5.104151677811e-03,8.920727960633e-04,-1.495751823319e-03,-4.601358594945e-05
"                 132",8.061118903573e-02,3.573225645970e-02,-5.104130598649e-03,8.150930778212e-02,3.422318280432e-02,-5.149682806182e-03,8.981187463948e-04,-1.509073655375e-03,-4.555220753293e-05
"                 133",8.128515288008e-02,3.806026533680e-02,-5.201695889856e-03,8.219097280379e-02,3.653769518737e-02,-5.247261977613e-03,9.058199237076e-04,-1.522570149428e-03,-4.556608775790e-05
"                 134",8.199560014781e-02,4.002240982352e-02,-5.343692581750e-03,8.291031802018e-02,3.848500376159e-02,-5.389733174688e-03,9.147178723778e-04,-1.537406061936e-03,-4.604059293810e-05
"                 135",8.302052918572e-02,4.137489964721e-02,-5.526566164756e-03,8.394522919521e-02,3.982165452086e-02,-5.573456883516e-03,9.247000094885e-04,-1.553245126346e-03,-4.689071876063e-05
"                 136",8.428384364908e-02,4.203253782198e-02,-5.753887622774e-03,8.522038047740e-02,4.046434183201e-02,-5.801795387962e-03,9.365368283131e-04,-1.568195989976e-03,-4.790776518798e-05
"                 137",8.547279117107e-02,4.188624091894e-02,-6.017367393920e-03,8.642274351060e-02,4.030453281456e-02,-6.066514293061e-03,9.499523395265e-04,-1.581708104384e-03,-4.914689914102e-05
"                 138",8.614358729239e-02,4.109478949248e-02,-6.294735947073e-03,8.710648942368e-02,3.950065137975e-02,-6.345324033118e-03,9.629021312868e-04,-1.594138112724e-03,-5.058808604513e-05
"                 139",8.650863426341e-02,3.970021789732e-02,-6.568347974405e-03,8.748293875851e-02,3.809454664179e-02,-6.620361388935e-03,9.743044951008e-04,-1.605671255531e-03,-5.201341453065e-05
"                 140",8.704170345042e-02,3.779204523529e-02,-6.828915587912e-03,8.802691227698e-02,3.617511227550e-02,-6.882408797718e-03,9.852088265550e-04,-1.616932959797e-03,-5.349320980587e-05
"                 141",8.784695219669e-02,3.521762754762e-02,-7.066332684376e-03,8.884390089654e-02,3.359106263238e-02,-7.121437125559e-03,9.969486998500e-04,-1.626564915240e-03,-5.510444118297e-05
"                 142",8.867996467639e-02,3.178761426615e-02,-7.270618950516e-03,8.968915715859e-02,3.015263914725e-02,-7.327487201765e-03,1.009192482202e-03,-1.634975118897e-03,-5.686825124943e-05
"                 143",8.939082747442e-02,2.741695984551e-02,-7.448036830480e-03,9.041179515850e-02,2.577380246357e-02,-7.506507954429e-03,1.020967684079e-03,-1.643157381945e-03,-5.847112394912e-05
"                 144",8.993729250994e-02,2.219460450917e-02,-7.622122354894e-03,9.096913726046e-02,2.054302902133e-02,-7.681872312382e-03,1.031844750523e-03,-1.651575487833e-03,-5.974995748843e-05
"                 145",9.035431196826e-02,1.654331995830e-02,-7.804211989795e-03,9.139534836569e-02,1.488487760339e-02,-7.864826720873e-03,1.041036397429e-03,-1.658442354907e-03,-6.061473107814e-05
"                 146",9.037618861971e-02,1.074750532925e-02,-7.995799489603e-03,9.142266521090e-02,9.083333281727e-03,-8.056789738534e-03,1.046476591190e-03,-1.664172047522e-03,-6.099024893147e-05
"                 147",9.033088391185e-02,5.126708467643e-03,-8.192466387973e-03,9.138031753664e-02,3.457156302314e-03,-8.253646178930e-03,1.049433624789e-03,-1.669552165329e-03,-6.117979095680e-05
"                 148",9.016818899192e-02,1.040108275134e-04,-8.372743097972e-03,9.121902629366e-02,-1.571162306913e-03,-8.433958396246e-03,1.050837301747e-03,-1.675173134427e-03,-6.121529827350e-05
"                 149",9.001533180344e-02,-4.353815969495e-03,-8.527360365070e-03,9.106665129824e-02,-6.034176855024e-03,-8.588295201508e-03,1.051319494799e-03,-1.680360885529e-03,-6.093483643779e-05
"                 150",8.998727622174e-02,-8.282290051412e-03,-8.654240963041e-03,9.103939835594e-02,-9.967773905399e-03,-8.714754344429e-03,1.052122134194e-03,-1.685483853988e-03,-6.051338138709e-05
"                 151",9.014957658466e-02,-1.135498189350e-02,-8.765591432534e-03,9.120200898615e-02,-1.304639266892e-02,-8.825323365777e-03,1.052432401482e-03,-1.691410775417e-03,-5.973193324362e-05
"                 152",9.040085365806e-02,-1.328930646267e-02,-8.835220775065e-03,9.145326958294e-02,-1.498840662794e-02,-8.893880642154e-03,1.052415924879e-03,-1.699100165269e-03,-5.865986708842e-05
"                 153",9.029263271619e-02,-1.374184854814e-02,-8.833428690547e-03,9.134531840305e-02,-1.545058563207e-02,-8.890851336902e-03,1.052685686860e-03,-1.708737083935e-03,-5.742264635486e-05
"                 154",8.999126398937e-02,-1.313140699716e-02,-8.742991143617e-03,9.104410566972e-02,-1.485137105919e-02,-8.798881366430e-03,1.052841680352e-03,-1.719964062024e-03,-5.589022281290e-05
"                 155",8.992291539692e-02,-1.189403785696e-02,-8.567426945067e-03,9.097369343458e-02,-1.362429125202e-02,-8.621339903492e-03,1.050778037656e-03,-1.730253395057e-03,-5.391295842469e-05
"                 156",9.030662375407e-02,-1.033284482089e-02,-8.327473432296e-03,9.135271751275e-02,-1.207252599935e-02,-8.378787152814e-03,1.046093758677e-03,-1.739681178459e-03,-5.131372051846e-05
"                 157",9.109742536386e-02,-8.052279548281e-03,-8.047037963621e-03,9.213632340156e-02,-9.802001652682e-03,-8.095383470230e-03,1.038898037697e-03,-1.749722104401e-03,-4.834550660916e-05
"                 158",9.242968423197e-02,-4.965547416504e-03,-7.763855632936e-03,9.345985077737e-02,-6.727508905212e-03,-7.808863145088e-03,1.030166545399e-03,-1.761961488708e-03,-4.500751215231e-05
"                 159",9.370104725881e-02,-6.161953827473e-04,-7.467879002059e-03,9.472049878023e-02,-2.392844122387e-03,-7.509332337172e-03,1.019451521427e-03,-1.776648739640e-03,-4.145333511331e-05
"                 160",9.522271282184e-02,4.027329592304e-03,-7.208723012493e-03,9.623153571025e-02,2.233208245168e-03,-7.246828575152e-03,1.008822888407e-03,-1.794121347137e-03,-3.810556265954e-05
"                 161",9.675499112749e-02,8.755710430023e-03,-7.004479816846e-03,9.775404993618e-02,6.942313526882e-03,-7.039654532415e-03,9.990588086967e-04,-1.813396903141e-03,-3.517471556882e-05
"                 162",9.818923705590e-02,1.409265219419e-02,-6.865780726804e-03,9.917965757162e-02,1.225842798032e-02,-6.898820185154e-03,9.904205157178e-04,-1.834224213870e-03,-3.303945835000e-05
"                 163",9.996537491610e-02,2.026866362745e-02,-6.787656958858e-03,1.009498688066e-01,1.841272164582e-02,-6.819466442925e-03,9.844938905411e-04,-1.855941981627e-03,-3.180948406690e-05
"                 164",1.029033346313e-01,2.709964273532e-02,-6.792475128593e-03,1.038883156146e-01,2.522001725628e-02,-6.823996117349e-03,9.849809832879e-04,-1.879625479042e-03,-3.152098875541e-05
"                 165",1.069521798862e-01,3.380846641593e-02,-6.902617826185e-03,1.079448288914e-01,3.190420773886e-02,-6.935150201374e-03,9.926490052019e-04,-1.904258677075e-03,-3.253237518918e-05
"                 166",1.112788622834e-01,3.972369606707e-02,-7.111077796354e-03,1.122856719552e-01,3.779346572498e-02,-7.146151417472e-03,1.006809671839e-03,-1.930230342089e-03,-3.507362111745e-05
"                 167",1.153380774952e-01,4.438589188346e-02,-7.440927866982e-03,1.163656204187e-01,4.242747184348e-02,-7.480229845453e-03,1.027542923548e-03,-1.958420039981e-03,-3.930197847047e-05
"                 168",1.192868862999e-01,4.899027557859e-02,-7.768407916544e-03,1.203387413550e-01,4.700025114200e-02,-7.813116003575e-03,1.051855055105e-03,-1.990024436587e-03,-4.470808703179e-05
"                 169",1.232906117794e-01,5.314869822743e-02,-8.170530234322e-03,1.243697622796e-01,5.112473097671e-02,-8.221512657582e-03,1.079150500202e-03,-2.023967250726e-03,-5.098242326000e-05
"                 170",1.270976654625e-01,5.646187473249e-02,-8.591629954120e-03,1.282071416130e-01,5.440311210567e-02,-8.649166412843e-03,1.109476150563e-03,-2.058762626825e-03,-5.753645872292e-05
"                 171",1.310963620805e-01,5.832516126314e-02,-9.091398797212e-03,1.322368547579e-01,5.623211418204e-02,-9.155224535367e-03,1.140492677351e-03,-2.093047081105e-03,-6.382573815518e-05
"                 172",1.352006705362e-01,5.885646667060e-02,-9.596419357729e-03,1.363703177574e-01,5.673161527595e-02,-9.666255385516e-03,1.169647221224e-03,-2.124851394658e-03,-6.983602778642e-05
"                 173",1.392461428286e-01,5.881397650369e-02,-1.013063636200e-02,1.404408898964e-01,5.666346068529e-02,-1.020581425860e-02,1.194747067818e-03,-2.150515818400e-03,-7.517789659196e-05
"                 174",1.420927911248e-01,5.800447260465e-02,-1.060112715077e-02,1.433074769992e-01,5.583501051310e-02,-1.068069076909e-02,1.214685874465e-03,-2.169462091554e-03,-7.956361831857e-05
"                 175",1.436093894885e-01,5.571962487903e-02,-1.107021817461e-02,1.448385356019e-01,5.353469070905e-02,-1.115338181118e-02,1.229146113367e-03,-2.184934169984e-03,-8.316363656499e-05
"                 176",1.446686382353e-01,5.163189964387e-02,-1.151505678959e-02,1.459071781744e-01,4.943277407560e-02,-1.160094463963e-02,1.238539939062e-03,-2.199125568268e-03,-8.588785004171e-05
"                 177",1.461851941979e-01,4.625913595767e-02,-1.191325081712e-02,1.474283906319e-01,4.404772388425e-02,-1.200067994030e-02,1.243196434005e-03,-2.211412073423e-03,-8.742912317898e-05
"                 178",1.475073513086e-01,4.003075731613e-02,-1.227861490491e-02,1.487508730315e-01,3.781047686604e-02,-1.236603992868e-02,1.243521722874e-03,-2.220280450089e-03,-8.742502377433e-05
"                 179",1.484410870764e-01,3.224155779426e-02,-1.263355172387e-02,1.496812453628e-01,3.001654163714e-02,-1.271959394999e-02,1.240158286392e-03,-2.225016157127e-03,-8.604222612246e-05
"                 180",1.491522522791e-01,2.211396482721e-02,-1.299620419639e-02,1.503862585994e-01,1.988850080799e-02,-1.307973319676e-02,1.234006320315e-03,-2.225464019224e-03,-8.352900037311e-05
"                 181",1.500743505714e-01,9.652763486528e-03,-1.336241190584e-02,1.513011982466e-01,7.430342198452e-03,-1.344265612374e-02,1.226847675232e-03,-2.222421288076e-03,-8.024421790355e-05
"                 182",1.513297674490e-01,-3.840767583355e-03,-1.369760311594e-02,1.525488593903e-01,-6.058577837511e-03,-1.377381849257e-02,1.219091941277e-03,-2.217810254156e-03,-7.621537662831e-05
"                 183",1.527579162875e-01,-1.625960240486e-02,-1.396545965818e-02,1.539714861797e-01,-1.847276908213e-02,-1.403719539677e-02,1.213569892260e-03,-2.213166677275e-03,-7.173573859203e-05
"                 184",1.540547043731e-01,-2.648522291395e-02,-1.413516891638e-02,1.552663115714e-01,-2.869281697630e-02,-1.420219807005e-02,1.211607198298e-03,-2.207594062355e-03,-6.702915367041e-05
"                 185",1.554666853757e-01,-3.482488983514e-02,-1.423244420742e-02,1.566792323148e-01,-3.702458345496e-02,-1.429451112038e-02,1.212546939160e-03,-2.199693619828e-03,-6.206691296379e-05
"                 186",1.571312252345e-01,-4.178568197503e-02,-1.425949958275e-02,1.583467542341e-01,-4.397459848291e-02,-1.431623926446e-02,1.215528999629e-03,-2.188916507884e-03,-5.673968171549e-05
"                 187",1.586499730946e-01,-4.681556689850e-02,-1.417688531462e-02,1.598693226617e-01,-4.898885065290e-02,-1.422830028088e-02,1.219349567082e-03,-2.173283754400e-03,-5.141496626339e-05
"                 188",1.605427352458e-01,-4.942941725342e-02,-1.402467141337e-02,1.617682486253e-01,-5.158279913167e-02,-1.407103064880e-02,1.225513379509e-03,-2.153381878253e-03,-4.635923542947e-05
"                 189",1.609491598831e-01,-4.853922729751e-02,-1.378581059865e-02,1.621842863290e-01,-5.067072911315e-02,-1.382812509305e-02,1.235126445942e-03,-2.131501815635e-03,-4.231449439733e-05
"                 190",1.606746821482e-01,-4.515288298255e-02,-1.355049856518e-02,1.619225492937e-01,-4.726359325089e-02,-1.359067878464e-02,1.247867145530e-03,-2.110710268343e-03,-4.018021945972e-05
"                 191",1.603366417116e-01,-3.973856347035e-02,-1.331411212270e-02,1.616012376559e-01,-4.183362241908e-02,-1.335444070383e-02,1.264595944277e-03,-2.095058948725e-03,-4.032858112690e-05
"                 192",1.595908115567e-01,-3.391252816670e-02,-1.310568181116e-02,1.608742039694e-01,-3.599805487212e-02,-1.314797845314e-02,1.283392412774e-03,-2.085526705424e-03,-4.229664197408e-05
"                 193",1.578204043006e-01,-2.665850722332e-02,-1.285268148974e-02,1.591239879054e-01,-2.873846154746e-02,-1.289754742841e-02,1.303583604871e-03,-2.079954324142e-03,-4.486593866558e-05
"                 194",1.551139279882e-01,-1.702416977859e-02,-1.252560208994e-02,1.564386126431e-01,-1.910162856671e-02,-1.257311346088e-02,1.324684654899e-03,-2.077458788119e-03,-4.751137093868e-05
"                 195",1.520857568690e-01,-5.139622565878e-03,-1.214887299075e-02,1.534313379027e-01,-7.218851222514e-03,-1.219933147575e-02,1.345581033639e-03,-2.079228656636e-03,-5.045848499381e-05
"                 196",1.488910657216e-01,7.089616586939e-03,-1.176838976814e-02,1.502600784264e-01,5.000051341091e-03,-1.182224749080e-02,1.369012704847e-03,-2.089565245847e-03,-5.385772266491e-05
"                 197",1.453773340762e-01,2.076440845609e-02,-1.128524954051e-02,1.467706018377e-01,1.865453510990e-02,-1.134260452033e-02,1.393267761475e-03,-2.109873346184e-03,-5.735497981822e-05
"                 198",1.425029316407e-01,3.538965038638e-02,-1.077761628070e-02,1.439200463783e-01,3.324686406066e-02,-1.083841299678e-02,1.417114737569e-03,-2.142786325715e-03,-6.079671607675e-05
"                 199",1.401538349735e-01,5.013127653768e-02,-1.029800555511e-02,1.415954991703e-01,4.794517914028e-02,-1.036242064556e-02,1.441664196834e-03,-2.186097397405e-03,-6.441509045225e-05
"                 200",1.394435785670e-01,6.443070399467e-02,-9.928756194626e-03,1.409097752688e-01,6.219523222170e-02,-9.996669500491e-03,1.466196701750e-03,-2.235471772969e-03,-6.791330586544e-05
"                 201",1.400131483224e-01,7.756801388200e-02,-9.708928356375e-03,1.415051411191e-01,7.527754274019e-02,-9.780343899933e-03,1.491992796685e-03,-2.290471141814e-03,-7.141554355836e-05
"                 202",1.409893370843e-01,8.836602886042e-02,-9.655759559152e-03,1.425073933080e-01,8.601473527674e-02,-9.730341083005e-03,1.518056223783e-03,-2.351293583679e-03,-7.458152385331e-05
"                 203",1.417726086932e-01,9.511961026602e-02,-9.767130611307e-03,1.433170423050e-01,9.270006518349e-02,-9.844584573531e-03,1.544433611791e-03,-2.419545082538e-03,-7.745396222450e-05
"                 204",1.426968604978e-01,9.704545448169e-02,-1.007515164495e-02,1.442671622322e-01,9.454763762770e-02,-1.015540719439e-02,1.570301734472e-03,-2.497816853992e-03,-8.025554944439e-05
"                 205",1.448153022313e-01,9.448396583792e-02,-1.061861565479e-02,1.464110046065e-01,9.189918422532e-02,-1.070179384978e-02,1.595702375213e-03,-2.584781612608e-03,-8.317819499234e-05
"                 206",1.486682526456e-01,8.882560809526e-02,-1.139994906009e-02,1.502863328591e-01,8.614840538544e-02,-1.148550051394e-02,1.618080213593e-03,-2.677202709824e-03,-8.555145384904e-05
"                 207",1.534084999040e-01,8.135960390311e-02,-1.239721774896e-02,1.550456767976e-01,7.858793089899e-02,-1.248438454548e-02,1.637176893614e-03,-2.771673004116e-03,-8.716679651546e-05
"                 208",1.583785794232e-01,7.238437555836e-02,-1.349664203561e-02,1.600325745252e-01,6.951860070208e-02,-1.358465599982e-02,1.653995101993e-03,-2.865774856281e-03,-8.801396421632e-05
"                 209",1.627758170299e-01,6.286657695595e-02,-1.461765953324e-02,1.644418625952e-01,5.990881055456e-02,-1.470575514739e-02,1.666045565312e-03,-2.957766401391e-03,-8.809561415449e-05
"                 210",1.674066355007e-01,5.349085780014e-02,-1.574587118589e-02,1.690813505557e-01,5.044786041201e-02,-1.583351244322e-02,1.674715055008e-03,-3.042997388134e-03,-8.764125733174e-05
"                 211",1.734198959014e-01,4.514480114157e-02,-1.690660629243e-02,1.751026066153e-01,4.202832714603e-02,-1.699352032576e-02,1.682710713864e-03,-3.116473995546e-03,-8.691403332136e-05
"                 212",1.800209065379e-01,3.719591091911e-02,-1.809491035272e-02,1.817134191900e-01,3.402125841157e-02,-1.818115930312e-02,1.692512652034e-03,-3.174652507538e-03,-8.624895039982e-05
"                 213",1.865779632011e-01,2.856201905513e-02,-1.929682470066e-02,1.882830048121e-01,2.534388032213e-02,-1.938281416898e-02,1.705041611052e-03,-3.218138732996e-03,-8.598946832027e-05
"                 214",1.929344228942e-01,1.873456915052e-02,-2.051682497726e-02,1.946554064221e-01,1.548293572408e-02,-2.060378112503e-02,1.720983527884e-03,-3.251633426445e-03,-8.695614776759e-05
"                 215",1.990286430946e-01,7.655279291512e-03,-2.167197240819e-02,2.007679943499e-01,4.384570976723e-03,-2.176071088754e-02,1.739351255285e-03,-3.270708314790e-03,-8.873847934894e-05
"                 216",2.049681547901e-01,-4.403013901779e-03,-2.271202071781e-02,2.067257047676e-01,-7.674212885621e-03,-2.280268272571e-02,1.757549977531e-03,-3.271198983841e-03,-9.066200789698e-05
"                 217",2.107883878359e-01,-1.740523042129e-02,-2.355884799837e-02,2.125620844425e-01,-2.065784411637e-02,-2.365128104137e-02,1.773696606603e-03,-3.252613695083e-03,-9.243304299234e-05
"                 218",2.162177585793e-01,-3.094709906063e-02,-2.429400690728e-02,2.180034516985e-01,-3.417096787120e-02,-2.438798401128e-02,1.785693119145e-03,-3.223868810573e-03,-9.397710399857e-05
"                 219",2.207951142720e-01,-4.463579106735e-02,-2.474831362983e-02,2.225902173762e-01,-4.782090630351e-02,-2.484325355829e-02,1.795103104218e-03,-3.185115236160e-03,-9.493992845579e-05
"                 220",2.239282454391e-01,-5.793117794190e-02,-2.493087682453e-02,2.257316750281e-01,-6.107501168513e-02,-2.502665532121e-02,1.803429589062e-03,-3.143833743231e-03,-9.577849668762e-05
"                 221",2.245128133629e-01,-7.037415231738e-02,-2.469596499889e-02,2.263182237057e-01,-7.347074676773e-02,-2.479127730913e-02,1.805410342795e-03,-3.096594450342e-03,-9.531231023207e-05
"                 222",2.218705529021e-01,-8.054509903329e-02,-2.408340194257e-02,2.236696579242e-01,-8.359538293470e-02,-2.417664603216e-02,1.799105022141e-03,-3.050283901415e-03,-9.324408958724e-05
"                 223",2.161514230688e-01,-8.728037557873e-02,-2.314178972190e-02,2.179373770744e-01,-9.028745024967e-02,-2.323155026325e-02,1.785954005559e-03,-3.007074670938e-03,-8.976054134406e-05
"                 224",2.090106859781e-01,-9.019636288238e-02,-2.193014421294e-02,2.107812227759e-01,-9.316297727200e-02,-2.201519246131e-02,1.770536797795e-03,-2.966614389618e-03,-8.504824837173e-05
"                 225",2.015958430495e-01,-9.032181258080e-02,-2.061238393487e-02,2.033484564133e-01,-9.325524951678e-02,-2.069206433370e-02,1.752613363845e-03,-2.933436935987e-03,-7.968039883429e-05
"                 226",1.942499775197e-01,-8.515327503777e-02,-1.913022687709e-02,1.959858978184e-01,-8.805567945186e-02,-1.920397416631e-02,1.735920298712e-03,-2.902404414093e-03,-7.374728922173e-05
"                 227",1.854749771752e-01,-7.716069433947e-02,-1.774916059690e-02,1.871913756427e-01,-8.003561186199e-02,-1.781619534340e-02,1.716398467518e-03,-2.874917522522e-03,-6.703474649577e-05
"                 228",1.746464278942e-01,-6.671361330757e-02,-1.654868270309e-02,1.763412568706e-01,-6.956675308424e-02,-1.660881403276e-02,1.694828976420e-03,-2.853139776669e-03,-6.013132967736e-05
"                 229",1.628034218357e-01,-5.399772324984e-02,-1.548040666005e-02,1.644755904448e-01,-5.683082820421e-02,-1.553363978069e-02,1.672168609128e-03,-2.833104954374e-03,-5.323312064375e-05
"                 230",1.509310242868e-01,-4.140025532101e-02,-1.463299818049e-02,1.525788368595e-01,-4.421461182837e-02,-1.467917133298e-02,1.647812572729e-03,-2.814356507366e-03,-4.617315248704e-05
"                 231",1.406049167382e-01,-2.987014393725e-02,-1.407770716390e-02,1.422314574152e-01,-3.266875895933e-02,-1.411727083616e-02,1.626540677028e-03,-2.798615022086e-03,-3.956367225251e-05
"                 232",1.310095088782e-01,-1.784307095173e-02,-1.376081842362e-02,1.326198857566e-01,-2.063445889104e-02,-1.379457002915e-02,1.610376878395e-03,-2.791387939310e-03,-3.375160553287e-05
"                 233",1.219176070111e-01,-3.637450166195e-03,-1.355549988539e-02,1.235170114135e-01,-6.432083588114e-03,-1.358449042209e-02,1.599404402398e-03,-2.794633421918e-03,-2.899053670177e-05
"                 234",1.129365702700e-01,1.224333003094e-02,-1.344555063695e-02,1.145290979660e-01,9.432781749413e-03,-1.347134489969e-02,1.592527696021e-03,-2.810548281528e-03,-2.579426273654e-05
"                 235",1.056313391428e-01,2.903487792739e-02,-1.354779753160e-02,1.072205318864e-01,2.619904069212e-02,-1.357157206292e-02,1.589192743646e-03,-2.835837235268e-03,-2.377453131303e-05
"                 236",1.014279831112e-01,4.489981744740e-02,-1.395238441824e-02,1.030174352992e-01,4.203029071377e-02,-1.397556787086e-02,1.589452187996e-03,-2.869526733630e-03,-2.318345261499e-05
"                 237",1.020723140265e-01,5.891906912434e-02,-1.473133154125e-02,1.036724660717e-01,5.600827337430e-02,-1.475621778825e-02,1.600152045195e-03,-2.910795750043e-03,-2.488624700413e-05
"                 238",1.082428190093e-01,7.241923327828e-02,-1.572148273154e-02,1.098683258839e-01,6.945611405682e-02,-1.575060781822e-02,1.625506874531e-03,-2.963119221464e-03,-2.912508668078e-05
"                 239",1.196252844642e-01,8.307687053090e-02,-1.702908912530e-02,1.212955252601e-01,8.005463826539e-02,-1.706499862468e-02,1.670240795856e-03,-3.022232265510e-03,-3.590949938333e-05
"                 240",1.350891506463e-01,9.105440458181e-02,-1.846834750745e-02,1.368231724472e-01,8.796275296983e-02,-1.851419323661e-02,1.734021800874e-03,-3.091651611978e-03,-4.584572916525e-05
"                 241",1.534332068731e-01,9.495591501855e-02,-1.999955907538e-02,1.552446516844e-01,9.178816363193e-02,-2.005739309399e-02,1.811444811379e-03,-3.167751386615e-03,-5.783401861270e-05
"                 242",1.745073414434e-01,9.482553611132e-02,-2.146603641718e-02,1.764075645479e-01,9.157621873646e-02,-2.153676035864e-02,1.900223104506e-03,-3.249317374855e-03,-7.072394145550e-05
"                 243",1.977442405374e-01,9.050388409602e-02,-2.290508490710e-02,1.997396250070e-01,8.716622385666e-02,-2.298892659190e-02,1.995384469530e-03,-3.337660239360e-03,-8.384168479930e-05
"                 244",2.208361712624e-01,8.103691113759e-02,-2.415179367351e-02,2.229293339290e-01,7.759986307311e-02,-2.424832447450e-02,2.093162666550e-03,-3.437048064480e-03,-9.653080099549e-05
"                 245",2.423237296468e-01,6.644025437140e-02,-2.521841989095e-02,2.445135424107e-01,6.289119727647e-02,-2.532698512936e-02,2.189812763910e-03,-3.549057094928e-03,-1.085652384148e-04
"                 246",2.616591150463e-01,4.625936659212e-02,-2.614562540933e-02,2.639378414104e-01,4.258005306808e-02,-2.626529427112e-02,2.278726364091e-03,-3.679313524040e-03,-1.196688617864e-04
"                 247",2.780652180733e-01,2.110428791686e-02,-2.693001074364e-02,2.804225397070e-01,1.728289250222e-02,-2.705896600556e-02,2.357321633778e-03,-3.821395414639e-03,-1.289552619226e-04
"                 248",2.903257131583e-01,-6.905347643411e-03,-2.764614169980e-02,2.927545398601e-01,-1.087427030806e-02,-2.778218714637e-02,2.428826701872e-03,-3.968922664647e-03,-1.360454465628e-04
"                 249",2.994698605164e-01,-3.677175129388e-02,-2.839155771215e-02,3.019626742101e-01,-4.088603207392e-02,-2.853287499266e-02,2.492813693716e-03,-4.114280780041e-03,-1.413172805073e-04
"                 250",3.069095272923e-01,-6.897473072928e-02,-2.920964182247e-02,3.094591837011e-01,-7.323257243910e-02,-2.935392376959e-02,2.549656408828e-03,-4.257841709821e-03,-1.442819471204e-04
"                 251",3.119326469480e-01,-1.037502538121e-01,-3.003723207679e-02,3.145287050960e-01,-1.081443049830e-01,-3.018158756588e-02,2.596058147941e-03,-4.394051170872e-03,-1.443554890904e-04
"                 252",3.143389032241e-01,-1.395717761601e-01,-3.074738561681e-02,3.169695762193e-01,-1.440875216067e-01,-3.088909048999e-02,2.630672995183e-03,-4.515745446561e-03,-1.417048731773e-04
"                 253",3.139217860768e-01,-1.753497399945e-01,-3.125544737567e-02,3.165734415923e-01,-1.799671011387e-01,-3.139163071662e-02,2.651655515497e-03,-4.617361144261e-03,-1.361833409504e-04
"                 254",3.105351060353e-01,-2.099666303172e-01,-3.149868813494e-02,3.131930496423e-01,-2.146695785637e-01,-3.162633972874e-02,2.657943606947e-03,-4.702948246411e-03,-1.276515938000e-04
"                 255",3.042305416606e-01,-2.432270801397e-01,-3.147495080490e-02,3.068807038913e-01,-2.480002708952e-01,-3.159229013627e-02,2.650162230685e-03,-4.773190755532e-03,-1.173393313740e-04
"                 256",2.955905954521e-01,-2.738284052573e-01,-3.114005528453e-02,2.982195300814e-01,-2.786661623974e-01,-3.124579490094e-02,2.628934629286e-03,-4.837757140147e-03,-1.057396164118e-04
"                 257",2.842088542400e-01,-3.003818726721e-01,-3.052476685924e-02,2.868073132705e-01,-3.052800444354e-01,-3.061788779630e-02,2.598459030503e-03,-4.898171763271e-03,-9.312093705632e-05
"                 258",2.700163990678e-01,-3.235677094545e-01,-2.966914419963e-02,2.725781112063e-01,-3.285225479468e-01,-2.974918374677e-02,2.561712138500e-03,-4.954838492364e-03,-8.003954714403e-05
"                 259",2.536658059547e-01,-3.447040622901e-01,-2.873525856059e-02,2.561835393200e-01,-3.497102159968e-01,-2.880261365387e-02,2.517733365306e-03,-5.006153706625e-03,-6.735509328234e-05
"                 260",2.362484047518e-01,-3.634056449707e-01,-2.796097484192e-02,2.387183072251e-01,-3.684575972358e-01,-2.801658375998e-02,2.469902473363e-03,-5.051952265033e-03,-5.560891805436e-05
"                 261",2.181270333071e-01,-3.789282648559e-01,-2.754826523561e-02,2.205490299350e-01,-3.840177624937e-01,-2.759391961641e-02,2.421996627935e-03,-5.089497637814e-03,-4.565438079899e-05
"                 262",2.000056617065e-01,-3.895664761200e-01,-2.751436488281e-02,2.023921901274e-01,-3.946899791850e-01,-2.755283568951e-02,2.386528420892e-03,-5.123503064994e-03,-3.847080669951e-05
"                 263",1.842109055304e-01,-3.937467137241e-01,-2.777988338813e-02,1.865731215318e-01,-3.988977533667e-01,-2.781343395198e-02,2.362216001406e-03,-5.151039642652e-03,-3.355056385153e-05
"                 264",1.715605444300e-01,-3.929758992386e-01,-2.826846584390e-02,1.739045924142e-01,-3.981415479802e-01,-2.829948769937e-02,2.344047984197e-03,-5.165648741596e-03,-3.102185547161e-05
"                 265",1.626360336788e-01,-3.897133044506e-01,-2.879609574046e-02,1.649677558332e-01,-3.948780299195e-01,-2.882669269473e-02,2.331722154450e-03,-5.164725468940e-03,-3.059695426848e-05
"                 266",1.547198831323e-01,-3.831492558351e-01,-2.932627403955e-02,1.570420495052e-01,-3.883027408218e-01,-2.935823104510e-02,2.322166372916e-03,-5.153484986631e-03,-3.195700555838e-05
"                 267",1.466493586344e-01,-3.720429107291e-01,-2.978543100507e-02,1.489666664680e-01,-3.771679045655e-01,-2.981976520642e-02,2.317307833563e-03,-5.124993836476e-03,-3.433420134619e-05
"                 268",1.367097783158e-01,-3.566186106559e-01,-2.998274363360e-02,1.390327643708e-01,-3.616956897207e-01,-3.002038931661e-02,2.322986055028e-03,-5.077079064722e-03,-3.764568301210e-05
"                 269",1.254007824245e-01,-3.377247691429e-01,-2.983069874776e-02,1.277428670633e-01,-3.427361519084e-01,-2.987220676511e-02,2.342084638726e-03,-5.011382765486e-03,-4.150801734799e-05
"                 270",1.145953141014e-01,-3.168554910297e-01,-2.935026835314e-02,1.169719046865e-01,-3.217931903891e-01,-2.939564278251e-02,2.376590585122e-03,-4.937699359434e-03,-4.537442937102e-05
"                 271",1.048625280632e-01,-2.955980653517e-01,-2.857169551115e-02,1.072840993976e-01,-3.004661689406e-01,-2.862116693480e-02,2.421571334423e-03,-4.868103588976e-03,-4.947142364896e-05
"                 272",9.643010584547e-02,-2.740233125816e-01,-2.759311626400e-02,9.889549411185e-02,-2.788328579895e-01,-2.764692948932e-02,2.465388266380e-03,-4.809545407863e-03,-5.381322531934e-05
"                 273",8.862589022979e-02,-2.508761607415e-01,-2.659610819851e-02,9.112758789611e-02,-2.556428293488e-01,-2.665443148030e-02,2.501697666318e-03,-4.766668607351e-03,-5.832328179469e-05
"                 274",8.055218468367e-02,-2.262590120024e-01,-2.569518008451e-02,8.307749084818e-02,-2.309973676582e-01,-2.575806907700e-02,2.525306164511e-03,-4.738355655792e-03,-6.288899249245e-05
"                 275",7.312962330272e-02,-2.010774747762e-01,-2.501139675159e-02,7.566218399063e-02,-2.058041754531e-01,-2.507851243797e-02,2.532560687907e-03,-4.726700676892e-03,-6.711568638010e-05
"                 276",6.875502287657e-02,-1.760450991875e-01,-2.471305402948e-02,7.128505000229e-02,-1.807795601145e-01,-2.478397409783e-02,2.530027125718e-03,-4.734460927005e-03,-7.092006835290e-05
"                 277",6.897731045546e-02,-1.517146753722e-01,-2.483099765171e-02,7.150044336240e-02,-1.564772262361e-01,-2.490493392453e-02,2.523132906936e-03,-4.762550863911e-03,-7.393627281384e-05
"                 278",7.434873625770e-02,-1.271218001761e-01,-2.523697126655e-02,7.686606383588e-02,-1.319299782496e-01,-2.531334784356e-02,2.517327578177e-03,-4.808178073527e-03,-7.637657700960e-05
"                 279",8.434358265826e-02,-1.029612182383e-01,-2.582169721244e-02,8.685444236463e-02,-1.078236925465e-01,-2.589973807975e-02,2.510859706373e-03,-4.862474308142e-03,-7.804086730309e-05
"                 280",9.781884117744e-02,-7.974925572967e-02,-2.647414279790e-02,1.003249391894e-01,-8.468282757027e-02,-2.655435020369e-02,2.506098011914e-03,-4.933571840604e-03,-8.020740579447e-05
"                 281",1.134873653682e-01,-5.806644796417e-02,-2.718453204101e-02,1.159882129331e-01,-6.308559335604e-02,-2.726683296536e-02,2.500847564851e-03,-5.019145391872e-03,-8.230092434248e-05
"                 282",1.292096417019e-01,-3.707227830868e-02,-2.785783610218e-02,1.317132813394e-01,-4.218973099740e-02,-2.794303486694e-02,2.503639637514e-03,-5.117452688713e-03,-8.519876476623e-05
"                 283",1.452911917585e-01,-1.917580299762e-02,-2.855844046842e-02,1.478055954668e-01,-2.440249303435e-02,-2.864788644612e-02,2.514403708333e-03,-5.226690036729e-03,-8.944597770845e-05
"                 284",1.640588570800e-01,-5.819775835747e-03,-2.954242489574e-02,1.665910607814e-01,-1.117223580936e-02,-2.963719948722e-02,2.532203701337e-03,-5.352459973617e-03,-9.477459147734e-05
"                 285",1.860641902197e-01,3.082631066661e-03,-3.104762942755e-02,1.886224458726e-01,-2.403326363995e-03,-3.115000542062e-02,2.558255652925e-03,-5.485957430656e-03,-1.023759930736e-04
"                 286",2.071782325841e-01,6.919217307029e-03,-3.313364064060e-02,2.097692068620e-01,1.288489625576e-03,-3.324603900813e-02,2.590974277835e-03,-5.630727681453e-03,-1.123983675268e-04
"                 287",2.241583724948e-01,4.033536787134e-03,-3.556281044177e-02,2.267900088672e-01,-1.741214927659e-03,-3.568862585583e-02,2.631636372397e-03,-5.774751714793e-03,-1.258154140657e-04
"                 288",2.366355869187e-01,-6.234490949183e-03,-3.828124071814e-02,2.393121892502e-01,-1.216706404688e-02,-3.842208907195e-02,2.676602331443e-03,-5.932573097699e-03,-1.408483538071e-04
"                 289",2.465652244362e-01,-2.341722927541e-02,-4.110301831171e-02,2.492892507773e-01,-2.951444490542e-02,-4.126020010655e-02,2.724026341109e-03,-6.097215630008e-03,-1.571817948467e-04
"                 290",2.558941003052e-01,-4.913348091674e-02,-4.387965763676e-02,2.586686563041e-01,-5.540276919548e-02,-4.405253303388e-02,2.774555998917e-03,-6.269288278745e-03,-1.728753971227e-04
"                 291",2.640567786936e-01,-8.154075756769e-02,-4.656103978787e-02,2.668873775983e-01,-8.798661514125e-02,-4.674791174618e-02,2.830598904736e-03,-6.445857573557e-03,-1.868719583066e-04
"                 292",2.704199882249e-01,-1.194033189559e-01,-4.899985981965e-02,2.733145168431e-01,-1.260212045393e-01,-4.919891956562e-02,2.894528618266e-03,-6.617885583390e-03,-1.990597459743e-04
"                 293",2.731930341590e-01,-1.605268924383e-01,-5.087145614401e-02,2.761520420579e-01,-1.673079900579e-01,-5.108031235269e-02,2.959007898878e-03,-6.781097619603e-03,-2.088562086846e-04
"                 294",2.713852426967e-01,-2.034991275361e-01,-5.200424543171e-02,2.744010000021e-01,-2.104296610329e-01,-5.221987044574e-02,3.015757305396e-03,-6.930533496790e-03,-2.156250140316e-04
"                 295",2.642671162278e-01,-2.462905271000e-01,-5.229262169659e-02,2.673201124372e-01,-2.533565033454e-01,-5.251140315874e-02,3.052996209376e-03,-7.065976245398e-03,-2.187814621473e-04
"                 296",2.531460481907e-01,-2.882576220683e-01,-5.186751029712e-02,2.562143462064e-01,-2.954456582061e-01,-5.208614002692e-02,3.068298015694e-03,-7.188036137821e-03,-2.186297297976e-04
"                 297",2.402338592018e-01,-3.294772940022e-01,-5.086214002438e-02,2.432947052378e-01,-3.367761209372e-01,-5.107802340345e-02,3.060846035983e-03,-7.298826935021e-03,-2.158833790729e-04
"                 298",2.253174639817e-01,-3.680871425881e-01,-4.937266509708e-02,2.283553055067e-01,-3.754812462440e-01,-4.958443527005e-02,3.037841525057e-03,-7.394103655951e-03,-2.117701729621e-04
"                 299",2.080550443881e-01,-4.044879385788e-01,-4.759044504974e-02,2.110572893213e-01,-4.119744518246e-01,-4.779592659361e-02,3.002244933193e-03,-7.486513245841e-03,-2.054815438673e-04
"                 300",1.895014617067e-01,-4.355704025184e-01,-4.583772065061e-02,1.924555376799e-01,-4.431509263329e-01,-4.603478393155e-02,2.954075973224e-03,-7.580523814446e-03,-1.970632809415e-04
"                 301",1.703958304730e-01,-4.583509435199e-01,-4.417554205573e-02,1.732830678412e-01,-4.660244567944e-01,-4.436219645318e-02,2.887237368218e-03,-7.673513274477e-03,-1.866543974498e-04
"                 302",1.519303621494e-01,-4.801684602958e-01,-4.299022946432e-02,1.547319814842e-01,-4.879242353122e-01,-4.316543933303e-02,2.801619334794e-03,-7.755775016408e-03,-1.752098687167e-04
"                 303",1.355860481715e-01,-4.996676531681e-01,-4.219837938126e-02,1.382905284648e-01,-5.074984974836e-01,-4.236122948063e-02,2.704480293301e-03,-7.830844315495e-03,-1.628500993672e-04
"                 304",1.228025119700e-01,-5.129221643314e-01,-4.172637822715e-02,1.254115558161e-01,-5.208209049933e-01,-4.187708944698e-02,2.609043846070e-03,-7.898740661942e-03,-1.507112198307e-04
"                 305",1.137479461954e-01,-5.186879386161e-01,-4.140409212087e-02,1.162680333519e-01,-5.266456073590e-01,-4.154414348650e-02,2.520087156544e-03,-7.957668742860e-03,-1.400513656369e-04
"                 306",1.054716419981e-01,-5.163512509638e-01,-4.096316594085e-02,1.079043719836e-01,-5.243469615474e-01,-4.109353288269e-02,2.432729985508e-03,-7.995710583684e-03,-1.303669418402e-04
"                 307",9.709749274621e-02,-5.114070839054e-01,-4.064031381814e-02,9.945085641465e-02,-5.194163032370e-01,-4.076298215103e-02,2.353363668444e-03,-8.009219331602e-03,-1.226683328935e-04
"                 308",8.755160740005e-02,-5.039687759592e-01,-4.074397906672e-02,8.984394198707e-02,-5.119676015932e-01,-4.086244440501e-02,2.292334587019e-03,-7.998825634038e-03,-1.184653382879e-04
"                 309",8.211859439745e-02,-4.956121324580e-01,-4.122090931492e-02,8.437874640855e-02,-5.035719378983e-01,-4.133974097721e-02,2.260152011099e-03,-7.959805440252e-03,-1.188316622907e-04
"                 310",7.965053372423e-02,-4.830883427647e-01,-4.163058799483e-02,8.191249453369e-02,-4.909940966663e-01,-4.175500348424e-02,2.261960809464e-03,-7.905753901569e-03,-1.244154894058e-04
"                 311",7.975946346697e-02,-4.642774761025e-01,-4.176902474156e-02,8.205201132815e-02,-4.721186418482e-01,-4.190341841345e-02,2.292547861186e-03,-7.841165745703e-03,-1.343936718892e-04
"                 312",8.368910153891e-02,-4.396793167717e-01,-4.167165588734e-02,8.603153195283e-02,-4.474515040574e-01,-4.181915633093e-02,2.342430413916e-03,-7.772187285655e-03,-1.475004435910e-04
"                 313",9.096698371066e-02,-4.111755179288e-01,-4.143496879192e-02,9.337611137728e-02,-4.188628510620e-01,-4.159920184547e-02,2.409127666618e-03,-7.687333133178e-03,-1.642330535517e-04
"                 314",1.011218701907e-01,-3.795280722414e-01,-4.119363052603e-02,1.036108547485e-01,-3.871224649090e-01,-4.137755933530e-02,2.488984557826e-03,-7.594392667569e-03,-1.839288092719e-04
"                 315",1.145852365262e-01,-3.465048036059e-01,-4.109339883322e-02,1.171660499422e-01,-3.539999367084e-01,-4.129964127682e-02,2.580813415943e-03,-7.495133102483e-03,-2.062424436003e-04
"                 316",1.297840899785e-01,-3.123738868266e-01,-4.126086365098e-02,1.324568607595e-01,-3.197903625319e-01,-4.149066125842e-02,2.672770781000e-03,-7.416475705317e-03,-2.297976074470e-04
"                 317",1.468949309736e-01,-2.762301325701e-01,-4.138179293354e-02,1.496523889691e-01,-2.835843676174e-01,-4.163582609765e-02,2.757457995527e-03,-7.354235047271e-03,-2.540331641083e-04
"                 318",1.664264555288e-01,-2.386051788187e-01,-4.156285664926e-02,1.692641097147e-01,-2.459276391642e-01,-4.184048864908e-02,2.837654185946e-03,-7.322460345502e-03,-2.776319998150e-04
"                 319",1.882633319030e-01,-1.993575446012e-01,-4.182884244178e-02,1.911676257705e-01,-2.066807938830e-01,-4.212777518864e-02,2.904293867434e-03,-7.323249281746e-03,-2.989327468540e-04
"                 320",2.098627663150e-01,-1.598132604742e-01,-4.211931838378e-02,2.128191276075e-01,-1.671701797655e-01,-4.243703105550e-02,2.956361292524e-03,-7.356919291277e-03,-3.177126717183e-04
"                 321",2.286623721671e-01,-1.229512616377e-01,-4.226532533720e-02,2.316589118813e-01,-1.303738472458e-01,-4.259961965507e-02,2.996539714165e-03,-7.422585608110e-03,-3.342943178689e-04
"                 322",2.425609686731e-01,-8.991449017792e-02,-4.218958748864e-02,2.455904867282e-01,-9.743488023326e-02,-4.253838903464e-02,3.029518055053e-03,-7.520390055344e-03,-3.488015459998e-04
"                 323",2.521894869734e-01,-6.135564465862e-02,-4.197288150652e-02,2.552386816480e-01,-6.899086593584e-02,-4.233348985249e-02,3.049194674660e-03,-7.635221277226e-03,-3.606083459703e-04
"                 324",2.571406174268e-01,-3.424980668279e-02,-4.189627518956e-02,2.601927727451e-01,-4.200283346909e-02,-4.226509164362e-02,3.052155318295e-03,-7.753026786299e-03,-3.688164540586e-04
"                 325",2.582882210324e-01,-1.169964498006e-02,-4.194105140310e-02,2.613264753055e-01,-1.956903644895e-02,-4.231581653271e-02,3.038254273082e-03,-7.869391468891e-03,-3.747651296022e-04
"                 326",2.570880715519e-01,8.086708445504e-03,-4.214174243323e-02,2.600925648370e-01,1.044546428084e-04,-4.251987647404e-02,3.004493285067e-03,-7.982253802695e-03,-3.781340408109e-04
"                 327",2.556683429704e-01,2.734003102043e-02,-4.279806837017e-02,2.586242009005e-01,1.924715014754e-02,-4.317795229856e-02,2.955857930101e-03,-8.092880872887e-03,-3.798839283889e-04
"                 328",2.526765555709e-01,4.578680213223e-02,-4.423847214989e-02,2.555582960863e-01,3.759928726247e-02,-4.461824218646e-02,2.881740515357e-03,-8.187514869756e-03,-3.797700365683e-04
"                 329",2.483419979054e-01,6.301515697508e-02,-4.665896056655e-02,2.511196309803e-01,5.472676974293e-02,-4.703687186016e-02,2.777633074826e-03,-8.288387232157e-03,-3.779112936090e-04
"                 330",2.432428071526e-01,7.708693657921e-02,-4.983651227291e-02,2.458950500020e-01,6.869087865643e-02,-5.021241411228e-02,2.652242849416e-03,-8.396057922779e-03,-3.759018393667e-04
"                 331",2.394476685129e-01,8.462175240167e-02,-5.356185970085e-02,2.419718319380e-01,7.609257760450e-02,-5.393550292896e-02,2.524163425060e-03,-8.529174797177e-03,-3.736432281056e-04
"                 332",2.385460561018e-01,8.422720548346e-02,-5.755424147326e-02,2.409541308160e-01,7.555502459124e-02,-5.792729783820e-02,2.408074714169e-03,-8.672180892222e-03,-3.730563649350e-04
"                 333",2.427060582579e-01,7.733991326845e-02,-6.159123342212e-02,2.450149183489e-01,6.850449450632e-02,-6.196560648521e-02,2.308860091002e-03,-8.835418762126e-03,-3.743730630904e-04
"                 334",2.511147600769e-01,6.539784283629e-02,-6.555819268249e-02,2.533484949625e-01,5.641581248872e-02,-6.593544825851e-02,2.233734885609e-03,-8.982030347572e-03,-3.772555760211e-04
"                 335",2.607253193867e-01,4.837541250961e-02,-6.923728717966e-02,2.629106396957e-01,3.924647606777e-02,-6.961966889154e-02,2.185320308932e-03,-9.128936441844e-03,-3.823817118731e-04
"                 336",2.698557537583e-01,2.329816073758e-02,-7.228173417715e-02,2.720120901142e-01,1.402771458134e-02,-7.267143097804e-02,2.156336355965e-03,-9.270446156240e-03,-3.896968008969e-04
"                 337",2.798030063393e-01,-1.070458960012e-02,-7.451999383327e-02,2.819583728244e-01,-2.011951235810e-02,-7.491867505560e-02,2.155366485026e-03,-9.414922757973e-03,-3.986812223350e-04
"                 338",2.891392266450e-01,-5.072953608183e-02,-7.578948386636e-02,2.913116553605e-01,-6.027581934495e-02,-7.619784603960e-02,2.172428715480e-03,-9.546283263120e-03,-4.083621732462e-04
"                 339",2.970664258059e-01,-9.388872096628e-02,-7.616634397440e-02,2.992696753311e-01,-1.035517283104e-01,-7.658485078173e-02,2.203249525161e-03,-9.663007344167e-03,-4.185068073261e-04
"                 340",3.035417076161e-01,-1.371904182520e-01,-7.573133056212e-02,3.057867269227e-01,-1.469410503551e-01,-7.616103920323e-02,2.245019306577e-03,-9.750632103023e-03,-4.297086411077e-04
"                 341",3.084223296497e-01,-1.815784961145e-01,-7.495114107276e-02,3.107032270049e-01,-1.914102219449e-01,-7.539089881970e-02,2.280897355142e-03,-9.831725830483e-03,-4.397577469426e-04
"                 342",3.127569539243e-01,-2.274448547751e-01,-7.404398233975e-02,3.150703016812e-01,-2.373492166654e-01,-7.449221911507e-02,2.313347756874e-03,-9.904361890294e-03,-4.482367753200e-04
"                 343",3.174745586257e-01,-2.752758716485e-01,-7.303388614539e-02,3.197980140374e-01,-2.852541159961e-01,-7.348651921889e-02,2.323455411683e-03,-9.978244347529e-03,-4.526330735023e-04
"                 344",3.240234938517e-01,-3.215927436991e-01,-7.194580233813e-02,3.263553557240e-01,-3.316454023438e-01,-7.240029572351e-02,2.331861872331e-03,-1.005265864471e-02,-4.544933853726e-04
"                 345",3.281959566398e-01,-3.655699299042e-01,-7.068881377407e-02,3.305215199285e-01,-3.756909576535e-01,-7.114175485622e-02,2.325563288689e-03,-1.012102774932e-02,-4.529410821522e-04
"                 346",3.273758327860e-01,-4.042365530272e-01,-6.913912517368e-02,3.296957534203e-01,-4.144159152162e-01,-6.958748279837e-02,2.319920634335e-03,-1.017936218903e-02,-4.483576246909e-04
"                 347",3.202320482436e-01,-4.340457767883e-01,-6.723446541624e-02,3.225396608771e-01,-4.442683987257e-01,-6.767400539936e-02,2.307612633470e-03,-1.022262193740e-02,-4.395399831196e-04
"                 348",3.102628888504e-01,-4.561691361477e-01,-6.519694206066e-02,3.125691436457e-01,-4.664090044825e-01,-6.562521463120e-02,2.306254795304e-03,-1.023986833473e-02,-4.282725705359e-04
"                 349",2.972050514587e-01,-4.741271899540e-01,-6.297148908567e-02,2.995209004231e-01,-4.843510060861e-01,-6.338610874140e-02,2.315848964345e-03,-1.022381613213e-02,-4.146196557234e-04
"                 350",2.819644711670e-01,-4.899608084031e-01,-6.045109093654e-02,2.842952192705e-01,-5.001444450420e-01,-6.084994450944e-02,2.330748103523e-03,-1.018363663893e-02,-3.988535728982e-04
"                 351",2.606496751991e-01,-4.989873296491e-01,-5.767014884957e-02,2.629920007695e-01,-5.091056470585e-01,-5.805162364728e-02,2.342325570436e-03,-1.011831740945e-02,-3.814747977093e-04
"                 352",2.347025735442e-01,-4.992592970969e-01,-5.498110429945e-02,2.370515515955e-01,-5.092888358722e-01,-5.534421729056e-02,2.348978051322e-03,-1.002953877531e-02,-3.631129911176e-04
"                 353",2.095601089881e-01,-4.919004829567e-01,-5.264238807702e-02,2.119028605447e-01,-5.018299245505e-01,-5.298533083871e-02,2.342751556619e-03,-9.929441593764e-03,-3.429427616909e-04
"                 354",1.880609862975e-01,-4.813316268772e-01,-5.064406923128e-02,1.904020793573e-01,-4.911321330885e-01,-5.096958857925e-02,2.341093059746e-03,-9.800506211351e-03,-3.255193479619e-04
"                 355",1.724195685574e-01,-4.673706463740e-01,-4.931385753602e-02,1.747605805539e-01,-4.770607713793e-01,-4.962294856415e-02,2.341011996525e-03,-9.690125005353e-03,-3.090910281299e-04
"                 356",1.649723799177e-01,-4.493562052913e-01,-4.881424143516e-02,1.673245665979e-01,-4.589487042273e-01,-4.910921717763e-02,2.352186680154e-03,-9.592498936006e-03,-2.949757424674e-04
"                 357",1.668326926070e-01,-4.256330328932e-01,-4.893604485819e-02,1.692084596792e-01,-4.351448690420e-01,-4.922134820946e-02,2.375767072195e-03,-9.511836148834e-03,-2.853033512703e-04
"                 358",1.762114855915e-01,-3.935977371716e-01,-4.969027983196e-02,1.786353153823e-01,-4.030283636301e-01,-4.997149295554e-02,2.423829790769e-03,-9.430626458461e-03,-2.812131235798e-04
"                 359",1.936927884480e-01,-3.513351151384e-01,-5.122233663544e-02,1.961869189551e-01,-3.606852563163e-01,-5.150502508517e-02,2.494130507084e-03,-9.350141177886e-03,-2.826884497277e-04
"                 360",2.177258679568e-01,-3.000524766832e-01,-5.343824475689e-02,2.203152073953e-01,-3.093330536234e-01,-5.373054702517e-02,2.589339438566e-03,-9.280576940240e-03,-2.923022682784e-04
"                 361",2.445811415470e-01,-2.402281870845e-01,-5.592579108597e-02,2.472903344918e-01,-2.494615577302e-01,-5.623587055225e-02,2.709192944781e-03,-9.233370645751e-03,-3.100794662847e-04
"                 362",2.697163774596e-01,-1.766868241173e-01,-5.829176203208e-02,2.725624271398e-01,-1.859113663117e-01,-5.862678574370e-02,2.846049680278e-03,-9.224542194341e-03,-3.350237116179e-04
"                 363",2.916434339555e-01,-1.112300723886e-01,-6.046249454816e-02,2.946379118045e-01,-1.204862995137e-01,-6.082697670530e-02,2.994477849019e-03,-9.256227125092e-03,-3.644821571447e-04
"                 364",3.097971859274e-01,-4.919306024942e-02,-6.249706333022e-02,3.129491004304e-01,-5.851368252317e-02,-6.289472606317e-02,3.151914502949e-03,-9.320622273751e-03,-3.976627329486e-04
"                 365",3.246674180052e-01,8.428891129029e-03,-6.436919972900e-02,3.279708285946e-01,-9.729696167014e-04,-6.480091261344e-02,3.303410589401e-03,-9.401860745730e-03,-4.317128844485e-04
"                 366",3.385993927034e-01,6.236075402147e-02,-6.613256575774e-02,3.420420414422e-01,5.285645074727e-02,-6.659720236301e-02,3.442648738835e-03,-9.504303274202e-03,-4.646366052713e-04
"                 367",3.562856565716e-01,1.118029734936e-01,-6.802194998625e-02,3.598446104117e-01,1.021873276245e-01,-6.851629267055e-02,3.558953840097e-03,-9.615645869091e-03,-4.943426842993e-04
"                 368",3.751681043107e-01,1.564444272364e-01,-7.020724479404e-02,3.788162188384e-01,1.467177374570e-01,-7.072747019650e-02,3.648114527761e-03,-9.726689779402e-03,-5.202254024540e-04
"                 369",3.940661680119e-01,1.951001004687e-01,-7.250534120852e-02,3.977548631700e-01,1.852653239994e-01,-7.304564225783e-02,3.688695158096e-03,-9.834776469289e-03,-5.403010493136e-04
"                 370",4.137196782624e-01,2.235036352863e-01,-7.461023242781e-02,4.174050329958e-01,2.135730268443e-01,-7.516542681505e-02,3.685354733443e-03,-9.930608442042e-03,-5.551943872410e-04
"                 371",4.369376719458e-01,2.456655174687e-01,-7.644568388993e-02,4.405795250673e-01,2.356520969480e-01,-7.701051217462e-02,3.641853121532e-03,-1.001342052067e-02,-5.648282846875e-04
"                 372",4.624944324534e-01,2.665685038188e-01,-7.801110472622e-02,4.660668917142e-01,2.564739829598e-01,-7.858144664515e-02,3.572459260889e-03,-1.009452085897e-02,-5.703419189274e-04
"                 373",4.888002495168e-01,2.845056641409e-01,-7.895778222747e-02,4.922882382091e-01,2.743209846072e-01,-7.953013379666e-02,3.487988692320e-03,-1.018467953372e-02,-5.723515691886e-04
"                 374",5.139129182222e-01,3.002998723904e-01,-7.919915470496e-02,5.172923458668e-01,2.900333662817e-01,-7.977055849709e-02,3.379427644607e-03,-1.026650610873e-02,-5.714037921321e-04
"                 375",5.325999557289e-01,3.100335316703e-01,-7.883603195741e-02,5.358394021415e-01,2.996914206257e-01,-7.940074704062e-02,3.239446412514e-03,-1.034211104460e-02,-5.647150832155e-04
"                 376",5.398337709248e-01,3.116758889000e-01,-7.816843251829e-02,5.429146458203e-01,3.012572151974e-01,-7.872346201897e-02,3.080874895539e-03,-1.041867370260e-02,-5.550295006777e-04
"                 377",5.317119753067e-01,3.069229883281e-01,-7.751900355504e-02,5.346199453678e-01,2.964206198141e-01,-7.806181700759e-02,2.907970061072e-03,-1.050236851405e-02,-5.428134525510e-04
"                 378",5.135835534597e-01,2.968594589061e-01,-7.716943154443e-02,5.163070795632e-01,2.862557184475e-01,-7.769928697923e-02,2.723526103466e-03,-1.060374045860e-02,-5.298554348036e-04
"                 379",4.922731938496e-01,2.822213647298e-01,-7.725648829959e-02,4.947983591372e-01,2.715072377638e-01,-7.777345262581e-02,2.525165287508e-03,-1.071412696606e-02,-5.169643262257e-04
"                 380",4.681596130548e-01,2.603540983574e-01,-7.798316975128e-02,4.704949276474e-01,2.495165549412e-01,-7.848822138118e-02,2.335314592646e-03,-1.083754341618e-02,-5.050516299023e-04
"                 381",4.406077208453e-01,2.317533581773e-01,-7.969862100501e-02,4.427535459434e-01,2.207705935793e-01,-8.019303846868e-02,2.145825098096e-03,-1.098276459804e-02,-4.944174636655e-04
"                 382",4.115940602687e-01,1.990167478920e-01,-8.241721078453e-02,4.135657152061e-01,1.878798194323e-01,-8.290244653220e-02,1.971654937482e-03,-1.113692845971e-02,-4.852357476619e-04
"                 383",3.833630371806e-01,1.607978453811e-01,-8.587276618720e-02,3.851778417983e-01,1.495196642270e-01,-8.635216366820e-02,1.814804617698e-03,-1.127818115404e-02,-4.793974809994e-04
"                 384",3.611498743826e-01,1.122782923965e-01,-8.937265183295e-02,3.628447456933e-01,1.008977372616e-01,-8.985162856511e-02,1.694871310628e-03,-1.138055513484e-02,-4.789767321533e-04
"                 385",3.452514177359e-01,6.048227912875e-02,-9.248678544779e-02,3.468610368462e-01,4.903020737318e-02,-9.296866086999e-02,1.609619110246e-03,-1.145207175557e-02,-4.818754222003e-04
"                 386",3.326958188045e-01,6.752148125216e-03,-9.481703162224e-02,3.342647553798e-01,-4.742384412142e-03,-9.530596547084e-02,1.568936575373e-03,-1.149453253736e-02,-4.889338486048e-04
"                 387",3.210354206576e-01,-4.533281909335e-02,-9.592089207744e-02,3.226048667601e-01,-5.686237094812e-02,-9.642136500799e-02,1.569446102534e-03,-1.152955185477e-02,-5.004729305543e-04
"                 388",3.051834570103e-01,-9.290618224985e-02,-9.561503481390e-02,3.067941117425e-01,-1.044660726499e-01,-9.613209085608e-02,1.610654732224e-03,-1.155989040004e-02,-5.170560421819e-04
"                 389",2.836330361564e-01,-1.365215486759e-01,-9.407335366503e-02,2.853318719132e-01,-1.480951041475e-01,-9.461190654739e-02,1.698835756845e-03,-1.157355547158e-02,-5.385528823509e-04
"                 390",2.546644478175e-01,-1.774157360130e-01,-9.122035415400e-02,2.565072721967e-01,-1.889781755464e-01,-9.178464958142e-02,1.842824379118e-03,-1.156243953339e-02,-5.642954274150e-04
"                 391",2.249884155958e-01,-2.127191052364e-01,-8.753462343489e-02,2.270041731369e-01,-2.242427362231e-01,-8.812484268948e-02,2.015757541158e-03,-1.152363098666e-02,-5.902192545898e-04
"                 392",1.975016014837e-01,-2.372959972975e-01,-8.347701177585e-02,1.996947615275e-01,-2.487529030726e-01,-8.409188450902e-02,2.193160043822e-03,-1.145690577505e-02,-6.148727331706e-04
"                 393",1.733034222804e-01,-2.514520497168e-01,-7.942771352637e-02,1.756705764571e-01,-2.628111732488e-01,-8.006419604571e-02,2.367154176702e-03,-1.135912353195e-02,-6.364825193394e-04
"                 394",1.511939546093e-01,-2.584598400642e-01,-7.547328996069e-02,1.537166666045e-01,-2.696688072320e-01,-7.612908956924e-02,2.522711995159e-03,-1.120896716777e-02,-6.557996085519e-04
"                 395",1.305477124663e-01,-2.565777544716e-01,-7.201067847430e-02,1.332074545832e-01,-2.676105277969e-01,-7.268119690483e-02,2.659742116960e-03,-1.103277332532e-02,-6.705184305328e-04
"                 396",1.131128829789e-01,-2.435494719433e-01,-6.961193811222e-02,1.159028268570e-01,-2.543811710297e-01,-7.029309840527e-02,2.789943878101e-03,-1.083169908644e-02,-6.811602930541e-04
"                 397",9.900009265147e-02,-2.287987311965e-01,-6.783211163729e-02,1.018992212760e-01,-2.394214612535e-01,-6.852074903363e-02,2.899128624575e-03,-1.062273005705e-02,-6.886373963382e-04
"                 398",9.026356317732e-02,-2.194312528016e-01,-6.648755301142e-02,9.326554613402e-02,-2.298392396806e-01,-6.717886312070e-02,3.001982956708e-03,-1.040798687897e-02,-6.913101092835e-04
"                 399",9.227374038915e-02,-2.152736332614e-01,-6.541681224788e-02,9.536364733863e-02,-2.254754298048e-01,-6.610679763845e-02,3.089906949483e-03,-1.020179654347e-02,-6.899853905725e-04
"                 400",1.030195865569e-01,-2.126794626632e-01,-6.446067298496e-02,1.061853637429e-01,-2.226938899479e-01,-6.514619570248e-02,3.165777185986e-03,-1.001442728474e-02,-6.855227175198e-04
"                 401",1.175332088977e-01,-2.053014062218e-01,-6.372258603306e-02,1.207367621098e-01,-2.151520309039e-01,-6.440200115425e-02,3.203553212071e-03,-9.850624682105e-03,-6.794151211886e-04
"                 402",1.387443122476e-01,-1.879683724760e-01,-6.312083855522e-02,1.419511535968e-01,-1.976854012819e-01,-6.379259528853e-02,3.206841349213e-03,-9.717028805895e-03,-6.717567333137e-04
"                 403",1.639331449885e-01,-1.629666472780e-01,-6.265785120858e-02,1.671137306504e-01,-1.725676715675e-01,-6.332335809860e-02,3.180585661860e-03,-9.601024289456e-03,-6.655068900160e-04
"                 404",1.935636911294e-01,-1.360801009018e-01,-6.255822489524e-02,1.966909159065e-01,-1.455888386724e-01,-6.321920643818e-02,3.127224777094e-03,-9.508737770614e-03,-6.609815429378e-04
"                 405",2.245457203363e-01,-1.048744564384e-01,-6.302067010359e-02,2.275998714244e-01,-1.143377867744e-01,-6.368039789588e-02,3.054151088084e-03,-9.463330336029e-03,-6.597277922873e-04
"                 406",2.607886387530e-01,-6.237348636735e-02,-6.466901702764e-02,2.637570239324e-01,-7.185121220634e-02,-6.532989429514e-02,2.968385179364e-03,-9.477725838995e-03,-6.608772675043e-04
"                 407",3.077009779922e-01,-8.967597506910e-03,-6.781159037934e-02,3.105690248675e-01,-1.850572508207e-02,-6.847505213972e-02,2.868046875274e-03,-9.538127575165e-03,-6.634617603753e-04
"                 408",3.577057658546e-01,4.875722704514e-02,-7.249122761498e-02,3.604621692051e-01,3.910421197780e-02,-7.316094783318e-02,2.756403350585e-03,-9.653015067348e-03,-6.697202182024e-04
"                 409",4.098873673562e-01,1.046812895006e-01,-7.843178341905e-02,4.125061126741e-01,9.487866933110e-02,-7.910986990427e-02,2.618745317930e-03,-9.802620169491e-03,-6.780864852211e-04
"                 410",4.659159981013e-01,1.520534144991e-01,-8.494800109582e-02,4.683969631586e-01,1.420829013066e-01,-8.564081782098e-02,2.480965057253e-03,-9.970513192481e-03,-6.928167251615e-04
"                 411",5.256649128557e-01,1.913097574925e-01,-9.145293395495e-02,5.280209545610e-01,1.811492949407e-01,-9.216615177333e-02,2.356041705272e-03,-1.016046255183e-02,-7.132178183819e-04
"                 412",5.800457653278e-01,2.212861715074e-01,-9.768010240535e-02,5.822781421756e-01,2.109123829716e-01,-9.842067181112e-02,2.232376847817e-03,-1.037378853580e-02,-7.405694057648e-04
"                 413",6.260362104240e-01,2.418339718487e-01,-1.029358292071e-01,6.281641030024e-01,2.312453432315e-01,-1.037112047723e-01,2.127892578396e-03,-1.058862861729e-02,-7.753755651851e-04
"                 414",6.649207086932e-01,2.494981388594e-01,-1.066617168884e-01,6.669638588046e-01,2.387119051393e-01,-1.074775487505e-01,2.043150111478e-03,-1.078623372003e-02,-8.158318620875e-04
"                 415",6.982743625054e-01,2.408652538739e-01,-1.084109168500e-01,7.002529216169e-01,2.298872277907e-01,-1.092714370768e-01,1.978559111464e-03,-1.097802608322e-02,-8.605202267912e-04
"                 416",7.254165432450e-01,2.185460913244e-01,-1.078629304955e-01,7.273393441365e-01,2.073714970723e-01,-1.087718683258e-01,1.922800891449e-03,-1.117459425206e-02,-9.089378303228e-04
"                 417",7.435690381520e-01,1.883192293402e-01,-1.054273371927e-01,7.454477591106e-01,1.769335476420e-01,-1.063844944890e-01,1.878720958606e-03,-1.138568169822e-02,-9.571572962755e-04
"                 418",7.533107075368e-01,1.557965168908e-01,-1.021131821185e-01,7.551064354430e-01,1.441976317949e-01,-1.031130906717e-01,1.795727906112e-03,-1.159888509597e-02,-9.999085531501e-04
"                 419",7.517998915807e-01,1.305566730296e-01,-9.882575753640e-02,7.534928399717e-01,1.187118124763e-01,-9.986323495692e-02,1.692948391083e-03,-1.184486055324e-02,-1.037477420527e-03
"                 420",7.387835294377e-01,1.130489625088e-01,-9.625124910250e-02,7.403388711616e-01,1.009779672249e-01,-9.731918231340e-02,1.555341723931e-03,-1.207099528386e-02,-1.067933210903e-03
"                 421",7.209310090458e-01,9.777436265030e-02,-9.446272108544e-02,7.223373738142e-01,8.547874310372e-02,-9.555594313750e-02,1.406364768359e-03,-1.229561954658e-02,-1.093222052066e-03
"                 422",6.995708023445e-01,7.705110824355e-02,-9.365618423763e-02,7.008272079763e-01,6.454916193571e-02,-9.476747160906e-02,1.256405631729e-03,-1.250194630785e-02,-1.111287371428e-03
"                 423",6.726006316385e-01,5.329547861848e-02,-9.384548378374e-02,6.737286217216e-01,4.060135496748e-02,-9.496550695719e-02,1.127990083072e-03,-1.269412365100e-02,-1.120023173452e-03
"                 424",6.374049442460e-01,2.801942951238e-02,-9.464015700054e-02,6.384265598560e-01,1.518565945139e-02,-9.575855117265e-02,1.021615610039e-03,-1.283377006099e-02,-1.118394172112e-03
"                 425",5.954572074609e-01,3.070798767553e-03,-9.540056309436e-02,5.963853933283e-01,-9.827106251889e-03,-9.650934478153e-02,9.281858674535e-04,-1.289790501944e-02,-1.108781687165e-03
"                 426",5.460580071707e-01,-2.893519597644e-02,-9.540160205910e-02,5.468936547964e-01,-4.180343739544e-02,-9.649319135789e-02,8.356476256807e-04,-1.286824141900e-02,-1.091589298796e-03
"                 427",4.967107295185e-01,-7.060240213174e-02,-9.441044267946e-02,4.974554799701e-01,-8.340115101408e-02,-9.548025886081e-02,7.447504516064e-04,-1.279874888234e-02,-1.069816181349e-03
"                 428",4.509234443982e-01,-1.198389792528e-01,-9.224145033702e-02,4.515948184753e-01,-1.325603872844e-01,-9.328598523113e-02,6.713740771012e-04,-1.272140803160e-02,-1.044534894109e-03
"                 429",4.120965307316e-01,-1.679631389295e-01,-8.894789701992e-02,4.127440769438e-01,-1.806052699172e-01,-8.996443513319e-02,6.475462121338e-04,-1.264213098768e-02,-1.016538113262e-03
"                 430",3.783791910383e-01,-2.062347633828e-01,-8.485434163814e-02,3.790273315091e-01,-2.188001004530e-01,-8.583827132957e-02,6.481404708728e-04,-1.256533707024e-02,-9.839296914306e-04
"                 431",3.501587085010e-01,-2.320614999331e-01,-8.013502233337e-02,3.508134297039e-01,-2.445241181196e-01,-8.108339177582e-02,6.547212029303e-04,-1.246261818651e-02,-9.483694424568e-04
"                 432",3.309805132952e-01,-2.455722870660e-01,-7.540923618381e-02,3.316559372297e-01,-2.578910250005e-01,-7.632250460682e-02,6.754239345573e-04,-1.231873793450e-02,-9.132684230189e-04
"                 433",3.262842083921e-01,-2.453038127571e-01,-7.180549597417e-02,3.270106759471e-01,-2.574200501962e-01,-7.268411438979e-02,7.264675549303e-04,-1.211623743913e-02,-8.786184156190e-04
"                 434",3.408854381051e-01,-2.328447572688e-01,-7.029888066996e-02,3.416897880883e-01,-2.446988823005e-01,-7.114714843947e-02,8.043499831820e-04,-1.185412503176e-02,-8.482677695152e-04
"                 435",3.658332254471e-01,-2.098552530111e-01,-7.129160809694e-02,3.667589886670e-01,-2.214140483618e-01,-7.211624605883e-02,9.257632198353e-04,-1.155879535070e-02,-8.246379618974e-04
"                 436",3.910373465733e-01,-1.764653693182e-01,-7.443162876311e-02,3.921067088480e-01,-1.876916212376e-01,-7.524345232312e-02,1.069362274730e-03,-1.122625191948e-02,-8.118235600104e-04
"                 437",4.143648264137e-01,-1.375274099152e-01,-7.899769229547e-02,4.156188812719e-01,-1.484218177498e-01,-7.980469599525e-02,1.254054858246e-03,-1.089440783464e-02,-8.070036997859e-04
"                 438",4.391659670911e-01,-1.004750334344e-01,-8.429889446011e-02,4.406391567771e-01,-1.110177408990e-01,-8.511321531640e-02,1.473189685954e-03,-1.054270746455e-02,-8.143208562906e-04
"                 439",4.688354069078e-01,-7.129576299216e-02,-8.961560389976e-02,4.705851720500e-01,-8.152958596429e-02,-9.044798069916e-02,1.749765142184e-03,-1.023382297212e-02,-8.323767994003e-04
"                 440",5.026889460150e-01,-5.178727027099e-02,-9.410780469000e-02,5.047563148918e-01,-6.172266285218e-02,-9.496744680891e-02,2.067368876751e-03,-9.935392581190e-03,-8.596421189110e-04
"                 441",5.387779392467e-01,-4.808958321337e-02,-9.751550950097e-02,5.411856674518e-01,-5.776060336373e-02,-9.841007815170e-02,2.407728205104e-03,-9.671020150361e-03,-8.945686507258e-04
"                 442",5.760115764625e-01,-4.949417420030e-02,-9.955673868363e-02,5.787450617337e-01,-5.890989431895e-02,-1.004958387119e-01,2.733485271226e-03,-9.415720118647e-03,-9.391000282762e-04
"                 443",6.202474993824e-01,-4.430471463087e-02,-1.001156590706e-01,6.232756900423e-01,-5.348586765238e-02,-1.011063578153e-01,3.028190659866e-03,-9.181153021513e-03,-9.906987447828e-04
"                 444",6.717372460996e-01,-2.593636463827e-02,-9.938763988122e-02,6.750212725073e-01,-3.488189175482e-02,-1.004359132821e-01,3.284026407702e-03,-8.945527116550e-03,-1.048273400843e-03
"                 445",7.308219949205e-01,4.831894758368e-03,-9.797492947951e-02,7.343175232153e-01,-3.901206730359e-03,-9.907886231063e-02,3.495528294769e-03,-8.733101488727e-03,-1.103932831125e-03
"                 446",7.926739513317e-01,4.961158667842e-02,-9.693254597691e-02,7.963167122751e-01,4.102652836280e-02,-9.808545066766e-02,3.642760943344e-03,-8.585058315624e-03,-1.152904690755e-03
"                 447",8.530259063828e-01,9.780786428416e-02,-9.683576891342e-02,8.567559533065e-01,8.927176578896e-02,-9.803000073274e-02,3.730046923728e-03,-8.536098495209e-03,-1.194231819322e-03
"                 448",9.064905164001e-01,1.508734021483e-01,-9.728932219934e-02,9.102436173951e-01,1.423026322938e-01,-9.852064664228e-02,3.753100995051e-03,-8.570769854559e-03,-1.231324442938e-03
"                 449",9.465435798795e-01,2.085112242430e-01,-9.778645608741e-02,9.502572331103e-01,1.998323748334e-01,-9.905055926054e-02,3.713653230806e-03,-8.678849409557e-03,-1.264103173133e-03
"                 450",9.695021367005e-01,2.641340133678e-01,-9.846903564785e-02,9.731005536309e-01,2.553240449922e-01,-9.975726566916e-02,3.598416930398e-03,-8.809968375618e-03,-1.288230021313e-03
"                 451",9.767163973891e-01,3.076811579447e-01,-9.962703803159e-02,9.801436403819e-01,2.987361345511e-01,-1.009304730475e-01,3.427242992751e-03,-8.945023393593e-03,-1.303435015953e-03
"                 452",9.635237392973e-01,3.323522010808e-01,-1.008885285115e-01,9.667064324561e-01,3.232544115007e-01,-1.021966316247e-01,3.182693158810e-03,-9.097789580149e-03,-1.308103113214e-03
"                 453",9.264690398235e-01,3.325146713128e-01,-1.015632250846e-01,9.293343499155e-01,3.232325171335e-01,-1.028656904051e-01,2.865310092031e-03,-9.282154179355e-03,-1.302465320541e-03
"                 454",8.717320668562e-01,3.048100295527e-01,-1.013534636822e-01,8.742117124115e-01,2.953301118704e-01,-1.026382542929e-01,2.479645555361e-03,-9.479917682301e-03,-1.284790610658e-03
"                 455",8.076321650302e-01,2.574584557446e-01,-1.005284690205e-01,8.096730322674e-01,2.477690665456e-01,-1.017884982486e-01,2.040867237203e-03,-9.689389198949e-03,-1.260029228073e-03
"                 456",7.413991379924e-01,2.037285156233e-01,-9.946581073459e-02,7.429321549885e-01,1.937959395594e-01,-1.006908968001e-01,1.533016996051e-03,-9.932576063851e-03,-1.225086065476e-03
"                 457",6.769978944107e-01,1.564404542919e-01,-9.828855805381e-02,6.779920324174e-01,1.462749813583e-01,-9.947444936854e-02,9.941380066368e-04,-1.016547293358e-02,-1.185891314725e-03
"                 458",6.161976738841e-01,1.251503450595e-01,-9.732707154642e-02,6.166448635859e-01,1.147155498582e-01,-9.846868905587e-02,4.471897018081e-04,-1.043479520128e-02,-1.141617509451e-03
"                 459",5.559373851186e-01,1.026720532316e-01,-9.663298470037e-02,5.558564316116e-01,9.199292411714e-02,-9.773148605693e-02,-8.095350708820e-05,-1.067912911449e-02,-1.098501356568e-03
"                 460",5.032505335618e-01,8.424610254737e-02,-9.676161316598e-02,5.026645272578e-01,7.332432543242e-02,-9.781590773679e-02,-5.860063039343e-04,-1.092177711495e-02,-1.054294570811e-03
"                 461",4.606462799847e-01,6.791201930392e-02,-9.816071712963e-02,4.596221267263e-01,5.678903556390e-02,-9.917251007928e-02,-1.024153258403e-03,-1.112298374002e-02,-1.011792949647e-03
"                 462",4.198873839462e-01,5.766357111976e-02,-1.007990090041e-01,4.185097494852e-01,4.634984940135e-02,-1.017695071835e-01,-1.377634460979e-03,-1.131372171842e-02,-9.704981794239e-04
"                 463",3.747083673263e-01,4.911546865785e-02,-1.039232132465e-01,3.730809871944e-01,3.766410639221e-02,-1.048595500072e-01,-1.627380131834e-03,-1.145136226564e-02,-9.363367606860e-04
"                 464",3.219848019120e-01,3.683801237707e-02,-1.068256920237e-01,3.202048416015e-01,2.532180957650e-02,-1.077344570807e-01,-1.779960310452e-03,-1.151620280058e-02,-9.087650570471e-04
"                 465",2.700535045806e-01,1.085288103532e-02,-1.091860957147e-01,2.682119992966e-01,-6.288551217212e-04,-1.100750434403e-01,-1.841505284010e-03,-1.148173615704e-02,-8.889477256029e-04
"                 466",2.265665151325e-01,-3.393087496684e-02,-1.107685772136e-01,2.247336398825e-01,-4.528659949877e-02,-1.116467726990e-01,-1.832875250044e-03,-1.135572453192e-02,-8.781954853802e-04
"                 467",1.957761906786e-01,-8.686943813852e-02,-1.109951623627e-01,1.940685259011e-01,-9.806612319496e-02,-1.118787715621e-01,-1.707664777548e-03,-1.119668505644e-02,-8.836091993907e-04
"                 468",1.837469967858e-01,-1.386700087189e-01,-1.099237171740e-01,1.822735160202e-01,-1.496945684878e-01,-1.108250135481e-01,-1.473480765614e-03,-1.102455976894e-02,-9.012963740173e-04
"                 469",1.971888219979e-01,-1.834794025612e-01,-1.081489540707e-01,1.960729116914e-01,-1.943311124917e-01,-1.090782669162e-01,-1.115910306487e-03,-1.085170993050e-02,-9.293128455183e-04
"                 470",2.320052685133e-01,-2.196925838707e-01,-1.061907648116e-01,2.313230873141e-01,-2.303359634589e-01,-1.071560859370e-01,-6.821811992062e-04,-1.064337958825e-02,-9.653211254629e-04
"                 471",2.851226565479e-01,-2.424920078963e-01,-1.041614943444e-01,2.849427396575e-01,-2.528836206004e-01,-1.051687605498e-01,-1.799168903927e-04,-1.039161270406e-02,-1.007266205320e-03
"                 472",3.548403660637e-01,-2.491833520483e-01,-1.024670630263e-01,3.552215345454e-01,-2.592682475948e-01,-1.035180904745e-01,3.811684817328e-04,-1.008489554647e-02,-1.051027448206e-03
"                 473",4.329533810990e-01,-2.382726399332e-01,-1.012734051899e-01,4.339147559716e-01,-2.479802120489e-01,-1.023674889537e-01,9.613748725249e-04,-9.707572115731e-03,-1.094083763759e-03
"                 474",5.166638879835e-01,-2.036129154510e-01,-1.006170325118e-01,5.182361197675e-01,-2.128848234312e-01,-1.017542825004e-01,1.572231784081e-03,-9.271907980210e-03,-1.137249988598e-03
"                 475",6.024058013366e-01,-1.492331108179e-01,-1.006503323564e-01,6.045852225781e-01,-1.580303403452e-01,-1.018272562966e-01,2.179421241501e-03,-8.797229527308e-03,-1.176923940188e-03
"                 476",6.803081877214e-01,-8.490293313830e-02,-1.003837020428e-01,6.830717998008e-01,-9.319514641101e-02,-1.015957166705e-01,2.763612079431e-03,-8.292213272717e-03,-1.212014627688e-03
"                 477",7.479976290728e-01,-2.320941968135e-02,-9.892566217785e-02,7.513041516397e-01,-3.099537505791e-02,-1.001660587000e-01,3.306522566914e-03,-7.785955376558e-03,-1.240396522178e-03
"                 478",8.039836055193e-01,2.369169659933e-02,-9.638062395763e-02,8.077958129892e-01,1.640146261509e-02,-9.763933539564e-02,3.812207469840e-03,-7.290233984244e-03,-1.258711438010e-03
"                 479",8.486231280274e-01,4.729862301541e-02,-9.340657457291e-02,8.528780585081e-01,4.046796008000e-02,-9.467154539718e-02,4.254930480750e-03,-6.830662935408e-03,-1.264970824277e-03
"                 480",8.880593915517e-01,5.725139126282e-02,-9.054872493751e-02,8.926473763779e-01,5.084877206668e-02,-9.181033435318e-02,4.587984826243e-03,-6.402619196141e-03,-1.261609415672e-03
"                 481",9.306763533290e-01,6.831409306912e-02,-8.782870002664e-02,9.354758714659e-01,6.229809405404e-02,-8.907993528426e-02,4.799518136842e-03,-6.015999015076e-03,-1.251235257617e-03
"                 482",9.774272728143e-01,9.212222887419e-02,-8.542721830551e-02,9.823079085180e-01,8.646668817186e-02,-8.666257917523e-02,4.880635703699e-03,-5.655540702331e-03,-1.235360869728e-03
"                 483",1.028851374163e+00,1.240599260390e-01,-8.367100224268e-02,1.033682257634e+00,1.186979430731e-01,-8.488483918143e-02,4.830883470614e-03,-5.361982965969e-03,-1.213836938751e-03
"                 484",1.081515182512e+00,1.657173562815e-01,-8.293904930558e-02,1.086180853395e+00,1.605489186962e-01,-8.412662574337e-02,4.665670882787e-03,-5.168437585314e-03,-1.187576437787e-03
"                 485",1.124995699129e+00,2.126874787281e-01,-8.348111844647e-02,1.129412732300e+00,2.075812304059e-01,-8.463760504198e-02,4.417033170904e-03,-5.106248322133e-03,-1.156486595503e-03
"                 486",1.154113159102e+00,2.611194119967e-01,-8.525235581321e-02,1.158198330735e+00,2.559479120221e-01,-8.637374621736e-02,4.085171632317e-03,-5.171499974594e-03,-1.121390404147e-03
"                 487",1.162805960876e+00,3.027770620305e-01,-8.816474210094e-02,1.166502071786e+00,2.974598366143e-01,-8.925151113453e-02,3.696110910204e-03,-5.317225416208e-03,-1.086769033585e-03
"                 488",1.152173584958e+00,3.367896844464e-01,-9.217743987827e-02,1.155439213567e+00,3.312902381448e-01,-9.323287331111e-02,3.265628608719e-03,-5.499446301597e-03,-1.055433432833e-03
"                 489",1.126329786731e+00,3.446995218638e-01,-9.689769296033e-02,1.129131681344e+00,3.389797843016e-01,-9.792380290618e-02,2.801894613158e-03,-5.719737562174e-03,-1.026109945847e-03
"                 490",1.085548553966e+00,3.234820661982e-01,-1.020084891867e-01,1.087842493584e+00,3.174729872460e-01,-1.030117046478e-01,2.293939618025e-03,-6.009078952253e-03,-1.003215461150e-03
"                 491",1.035144059710e+00,2.824900472853e-01,-1.071356257066e-01,1.036909898265e+00,2.761049749358e-01,-1.081227031590e-01,1.765838554126e-03,-6.385072349515e-03,-9.870774524610e-04
"                 492",9.797717330584e-01,2.320469738169e-01,-1.118602105466e-01,9.809991754244e-01,2.252424751599e-01,-1.128374030113e-01,1.227442365927e-03,-6.804498657067e-03,-9.771924647374e-04
"                 493",9.240133757931e-01,1.732604571104e-01,-1.159582147430e-01,9.247122515794e-01,1.659957973254e-01,-1.169335154991e-01,6.988757862496e-04,-7.264659784960e-03,-9.753007560648e-04
"                 494",8.766186878517e-01,1.077186917323e-01,-1.194977232869e-01,8.768015482206e-01,9.994835071715e-02,-1.204758584407e-01,1.828603688955e-04,-7.770341015142e-03,-9.781351537613e-04
"                 495",8.340356248382e-01,4.165310545351e-02,-1.223776493118e-01,8.337674317521e-01,3.336775353578e-02,-1.233690028480e-01,-2.681930860863e-04,-8.285351917725e-03,-9.913535361784e-04
"                 496",7.940852812152e-01,-1.605583634385e-02,-1.249604703835e-01,7.934310363576e-01,-2.486895699959e-02,-1.259780802274e-01,-6.542448576521e-04,-8.813120655736e-03,-1.017609843947e-03
"                 497",7.606291813304e-01,-6.650474961263e-02,-1.275685907102e-01,7.596927877323e-01,-7.583093614097e-02,-1.286272366319e-01,-9.363935980676e-04,-9.326186528333e-03,-1.058645921656e-03
"                 498",7.273595408418e-01,-1.138797479869e-01,-1.299133433998e-01,7.262395796664e-01,-1.236784117413e-01,-1.310253555798e-01,-1.119961175388e-03,-9.798663754393e-03,-1.112012179977e-03
"                 499",6.871062517792e-01,-1.614277120584e-01,-1.315047420446e-01,6.859419570176e-01,-1.716444675958e-01,-1.326728288216e-01,-1.164294761537e-03,-1.021675553743e-02,-1.168086777027e-03
"                 500",6.383468868753e-01,-2.022696341254e-01,-1.316519429269e-01,6.372424727552e-01,-2.128357954373e-01,-1.328746478020e-01,-1.104414120085e-03,-1.056616131187e-02,-1.222704875096e-03
"                 501",5.823763446038e-01,-2.380812821386e-01,-1.300351743969e-01,5.814483275218e-01,-2.489170083819e-01,-1.313051482785e-01,-9.280170819573e-04,-1.083572624327e-02,-1.269973881653e-03
"                 502",5.271102112795e-01,-2.804599569436e-01,-1.271952690373e-01,5.264458220897e-01,-2.914395412217e-01,-1.285040763482e-01,-6.643891897832e-04,-1.097958427814e-02,-1.308807310950e-03
"                 503",4.841409807803e-01,-3.352065513449e-01,-1.233176587255e-01,4.837950831920e-01,-3.461925403388e-01,-1.246567434612e-01,-3.458975882983e-04,-1.098598899396e-02,-1.339084735728e-03
"                 504",4.588422200543e-01,-3.916464059124e-01,-1.177942760178e-01,4.588664401423e-01,-4.025199592491e-01,-1.191568482455e-01,2.422008807729e-05,-1.087355333673e-02,-1.362572227746e-03
"                 505",4.490418314966e-01,-4.336927551919e-01,-1.105756117644e-01,4.494505881547e-01,-4.444021264789e-01,-1.119502690740e-01,4.087566581328e-04,-1.070937128699e-02,-1.374657309572e-03
"                 506",4.552668784921e-01,-4.550337942136e-01,-1.028262439299e-01,4.560915992310e-01,-4.655464783497e-01,-1.042044308552e-01,8.247207389702e-04,-1.051268413610e-02,-1.378186925297e-03
"                 507",4.771489844374e-01,-4.602082836607e-01,-9.584788394486e-02,4.784031426672e-01,-4.704888861691e-01,-9.721623901343e-02,1.254158229850e-03,-1.028060250841e-02,-1.368355068568e-03
"                 508",5.151330691147e-01,-4.468865310745e-01,-9.032335796048e-02,5.168248194273e-01,-4.568603077902e-01,-9.167112540947e-02,1.691750312677e-03,-9.973776715626e-03,-1.347767448997e-03
"                 509",5.666552745648e-01,-4.088795056442e-01,-8.620684690614e-02,5.687792042176e-01,-4.184924008517e-01,-8.752082833535e-02,2.123929652779e-03,-9.612895207465e-03,-1.313981429207e-03
"                 510",6.276900319070e-01,-3.480806797707e-01,-8.332389147211e-02,6.302617136318e-01,-3.572552780160e-01,-8.460115549134e-02,2.571681724755e-03,-9.174598245292e-03,-1.277264019223e-03
"                 511",6.869435329017e-01,-2.688856588109e-01,-8.149475267837e-02,6.899741024379e-01,-2.775380942743e-01,-8.272910989181e-02,3.030569536241e-03,-8.652435463394e-03,-1.234357213448e-03
"                 512",7.436034532313e-01,-1.800142044745e-01,-8.100299931863e-02,7.470722212356e-01,-1.880896757392e-01,-8.219422242383e-02,3.468768004339e-03,-8.075471264623e-03,-1.191223105200e-03
"                 513",7.960181956580e-01,-9.386425733187e-02,-8.157034701038e-02,7.999042888795e-01,-1.013182544497e-01,-8.271672686919e-02,3.886093221484e-03,-7.453997117799e-03,-1.146379858810e-03
"                 514",8.437881850108e-01,-2.358736795624e-02,-8.275077188689e-02,8.480584373145e-01,-3.039479921645e-02,-8.385315683193e-02,4.270252303667e-03,-6.807431260209e-03,-1.102384945037e-03
"                 515",8.922835385948e-01,2.039831733299e-02,-8.434790709207e-02,8.968906631103e-01,1.421534690686e-02,-8.540662116922e-02,4.607124515540e-03,-6.182970426129e-03,-1.058714077158e-03
"                 516",9.444836877939e-01,4.305389885390e-02,-8.664394723894e-02,9.493636145842e-01,3.746575640002e-02,-8.766152212789e-02,4.879926790355e-03,-5.588142453875e-03,-1.017574888955e-03
"                 517",1.004450577026e+00,6.466255210172e-02,-9.035921261865e-02,1.009510449224e+00,5.962384433150e-02,-9.134124447159e-02,5.059872197708e-03,-5.038707770224e-03,-9.820318529343e-04
"                 518",1.075344548404e+00,9.633565254805e-02,-9.534532995542e-02,1.080471165722e+00,9.180470670238e-02,-9.630249995819e-02,5.126617317189e-03,-4.530945845666e-03,-9.571700027711e-04
"                 519",1.148464475238e+00,1.429674412149e-01,-1.007975634866e-01,1.153535492090e+00,1.388682366656e-01,-1.017386469604e-01,5.071016852169e-03,-4.099204549276e-03,-9.410834738642e-04
"                 520",1.214937649461e+00,1.971245311982e-01,-1.065668962100e-01,1.219850937561e+00,1.933339345709e-01,-1.075019086594e-01,4.913288100023e-03,-3.790596627291e-03,-9.350124494124e-04
"                 521",1.260618241347e+00,2.457903461066e-01,-1.125533357925e-01,1.265324962750e+00,2.421566893969e-01,-1.134914498841e-01,4.706721402992e-03,-3.633656709700e-03,-9.381140915980e-04
"                 522",1.284871439754e+00,2.818917275173e-01,-1.187055005411e-01,1.289350304089e+00,2.782057113740e-01,-1.196573859083e-01,4.478864335095e-03,-3.686016143277e-03,-9.518853671736e-04
"                 523",1.285766630580e+00,3.033305523379e-01,-1.245852038323e-01,1.289999880331e+00,2.994352684310e-01,-1.255624916556e-01,4.233249750717e-03,-3.895283906922e-03,-9.772878233909e-04
"                 524",1.264510028684e+00,3.028676543678e-01,-1.294737395246e-01,1.268467719556e+00,2.986492080960e-01,-1.304920347100e-01,3.957690871536e-03,-4.218446271773e-03,-1.018295185422e-03
"                 525",1.223647385951e+00,2.786802863567e-01,-1.331139387240e-01,1.227315003237e+00,2.740539702701e-01,-1.341850506469e-01,3.667617286654e-03,-4.626316086682e-03,-1.071111922900e-03
"                 526",1.167119739911e+00,2.332232384341e-01,-1.354101153055e-01,1.170502247199e+00,2.281261335297e-01,-1.365487745543e-01,3.382507287665e-03,-5.097104904360e-03,-1.138659248729e-03
"                 527",1.095369624406e+00,1.695627091730e-01,-1.359224808827e-01,1.098413034017e+00,1.639014620182e-01,-1.371334556325e-01,3.043409611388e-03,-5.661247154786e-03,-1.210974749793e-03
"                 528",1.009175987247e+00,9.558051676703e-02,-1.345301975725e-01,1.011834853480e+00,8.927629486964e-02,-1.358088632391e-01,2.658866232452e-03,-6.304221897394e-03,-1.278665666591e-03
"                 529",9.177090436853e-01,1.452304598273e-02,-1.313635456953e-01,9.199128876028e-01,7.548936856235e-03,-1.327015611954e-01,2.203843917565e-03,-6.974109126492e-03,-1.338015500113e-03
"                 530",8.328345223588e-01,-6.537036598858e-02,-1.277784422688e-01,8.345487212496e-01,-7.305042005948e-02,-1.291650816452e-01,1.714198890874e-03,-7.680054070898e-03,-1.386639376392e-03
"                 531",7.592514808682e-01,-1.413019505905e-01,-1.242405353389e-01,7.604337825906e-01,-1.497004730929e-01,-1.256626884311e-01,1.182301722389e-03,-8.398522502431e-03,-1.422153092163e-03
"                 532",6.871794889352e-01,-2.074892398110e-01,-1.201904604527e-01,6.878627728179e-01,-2.165954837871e-01,-1.216412659022e-01,6.832838827050e-04,-9.106243976124e-03,-1.450805449441e-03
"                 533",6.094830609993e-01,-2.683622779324e-01,-1.155279063404e-01,6.097129687538e-01,-2.781328628379e-01,-1.169977464518e-01,2.299077545059e-04,-9.770584905521e-03,-1.469840111401e-03
"                 534",5.227796128308e-01,-3.208686182567e-01,-1.105692733631e-01,5.226342729582e-01,-3.312500385303e-01,-1.120527803498e-01,-1.453398725898e-04,-1.038142027356e-02,-1.483506986642e-03
"                 535",4.357736940949e-01,-3.617378311708e-01,-1.058406732699e-01,4.353528627096e-01,-3.726355501771e-01,-1.073228087400e-01,-4.208313853379e-04,-1.089771900629e-02,-1.482135470118e-03
"                 536",3.571965757051e-01,-3.992074233583e-01,-1.017859422594e-01,3.566059422905e-01,-4.105255729246e-01,-1.032520037157e-01,-5.906334145580e-04,-1.131814956625e-02,-1.466061456353e-03
"                 537",2.953198541417e-01,-4.421334173530e-01,-9.828586812608e-02,2.946521890061e-01,-4.537372382895e-01,-9.971841897486e-02,-6.676651356167e-04,-1.160382093641e-02,-1.432550848786e-03
"                 538",2.567188813888e-01,-4.880918543630e-01,-9.495540085534e-02,2.560505029141e-01,-4.998120877123e-01,-9.634476135590e-02,-6.683784747126e-04,-1.172023334925e-02,-1.389360500565e-03
"                 539",2.445653051911e-01,-5.323260246277e-01,-9.172761487128e-02,2.439281177597e-01,-5.439794645420e-01,-9.306384297939e-02,-6.371874313777e-04,-1.165343991429e-02,-1.336228108107e-03
"                 540",2.605230867454e-01,-5.614785146499e-01,-8.914672319470e-02,2.599810652472e-01,-5.729842776212e-01,-9.042555569665e-02,-5.420214982548e-04,-1.150576297131e-02,-1.278832501945e-03
"                 541",3.061218445914e-01,-5.683766207726e-01,-8.773947411125e-02,3.057715470880e-01,-5.796964439771e-01,-8.895714603762e-02,-3.502975033225e-04,-1.131982320455e-02,-1.217671926364e-03
"                 542",3.778641275512e-01,-5.566335425612e-01,-8.737050862316e-02,3.778049110897e-01,-5.676985634646e-01,-8.852773065989e-02,-5.921646148662e-05,-1.106502090335e-02,-1.157222036727e-03
"                 543",4.665392429218e-01,-5.303218057981e-01,-8.772254820334e-02,4.668493470479e-01,-5.410265724077e-01,-8.882224232006e-02,3.101041261546e-04,-1.070476660962e-02,-1.099694116713e-03
"                 544",5.657970645672e-01,-4.896248962657e-01,-8.916807169434e-02,5.665929303439e-01,-4.998886716274e-01,-9.021760999999e-02,7.958657766875e-04,-1.026377536170e-02,-1.049538305650e-03
"                 545",6.709728179791e-01,-4.226956660947e-01,-9.217558466550e-02,6.723243132499e-01,-4.324620345417e-01,-9.317934224135e-02,1.351495270839e-03,-9.766368447038e-03,-1.003757575847e-03
"                 546",7.779377176109e-01,-3.399271164704e-01,-9.666704507886e-02,7.799022974531e-01,-3.490823922065e-01,-9.763413225941e-02,1.964579842102e-03,-9.155275736152e-03,-9.670871805517e-04
"                 547",8.789352723447e-01,-2.490245030566e-01,-1.015839049400e-01,8.815585792510e-01,-2.575231997669e-01,-1.025217227917e-01,2.623306906255e-03,-8.498696710265e-03,-9.378178517678e-04
"                 548",9.709714543794e-01,-1.553633977279e-01,-1.065518358138e-01,9.742722075793e-01,-1.631504693002e-01,-1.074732427824e-01,3.300753199952e-03,-7.787071572277e-03,-9.214069685368e-04
"                 549",1.053626421156e+00,-7.443645528539e-02,-1.114050587202e-01,1.057575957385e+00,-8.150574287451e-02,-1.123171319698e-01,3.949536229107e-03,-7.069287589115e-03,-9.120732495454e-04
"                 550",1.134663327062e+00,-1.192477642151e-02,-1.158722166955e-01,1.139223439340e+00,-1.826919180791e-02,-1.167882125631e-01,4.560112278259e-03,-6.344415386400e-03,-9.159958675117e-04
"                 551",1.220254930725e+00,4.003777348399e-02,-1.199829840475e-01,1.225357346582e+00,3.436186797872e-02,-1.209107801830e-01,5.102415857531e-03,-5.675905505263e-03,-9.277961354361e-04
"                 552",1.304417188082e+00,9.288130232935e-02,-1.236002347146e-01,1.309959275186e+00,8.782080240656e-02,-1.245556446902e-01,5.542087104611e-03,-5.060499922783e-03,-9.554099755763e-04
"                 553",1.378454031918e+00,1.486522289874e-01,-1.266394059904e-01,1.384316283472e+00,1.441483971322e-01,-1.276387684715e-01,5.862251554198e-03,-4.503831855161e-03,-9.993624811051e-04
"                 554",1.428303625238e+00,2.136407890342e-01,-1.289984117734e-01,1.434392732420e+00,2.095874718470e-01,-1.300600976701e-01,6.089107182286e-03,-4.053317187237e-03,-1.061685896685e-03
"                 555",1.448448650358e+00,2.720600103121e-01,-1.305367020015e-01,1.454686881312e+00,2.683079654066e-01,-1.316748264561e-01,6.238230953618e-03,-3.752044905549e-03,-1.138124454626e-03
"                 556",1.440272169862e+00,3.174000439315e-01,-1.309248536368e-01,1.446580599919e+00,3.137727381548e-01,-1.321424862601e-01,6.308430056992e-03,-3.627305776650e-03,-1.217632623318e-03
"                 557",1.407027545282e+00,3.474220239766e-01,-1.298503247422e-01,1.413261018086e+00,3.437051904038e-01,-1.311409651011e-01,6.233472803164e-03,-3.716833572850e-03,-1.290640358896e-03
"                 558",1.354733487049e+00,3.544954222753e-01,-1.284994261586e-01,1.360739051909e+00,3.505324046793e-01,-1.298539970253e-01,6.005564860203e-03,-3.963017596010e-03,-1.354570866708e-03
"                 559",1.280929762086e+00,3.361800329249e-01,-1.270819478073e-01,1.286551563544e+00,3.318491656753e-01,-1.284882013348e-01,5.621801457515e-03,-4.330867249643e-03,-1.406253527472e-03
"                 560",1.183190310938e+00,2.931345590438e-01,-1.248090399122e-01,1.188307734661e+00,2.883530992292e-01,-1.262576104789e-01,5.117423722980e-03,-4.781459814572e-03,-1.448570566710e-03
"                 561",1.070106224287e+00,2.303601279985e-01,-1.209787210286e-01,1.074596339767e+00,2.249970468441e-01,-1.224614260426e-01,4.490115480138e-03,-5.363081154370e-03,-1.482705013965e-03
"                 562",9.539722117628e-01,1.502661728190e-01,-1.159692099693e-01,9.577366711823e-01,1.441916045076e-01,-1.174769150481e-01,3.764459419512e-03,-6.074568311488e-03,-1.507705078786e-03
"                 563",8.441076761382e-01,4.992504594276e-02,-1.106679413981e-01,8.470731023300e-01,4.305580367593e-02,-1.121866747333e-01,2.965426191782e-03,-6.869242266823e-03,-1.518733335149e-03
"                 564",7.447163446849e-01,-5.499481244173e-02,-1.057816516392e-01,7.468312846199e-01,-6.275271497685e-02,-1.072965631181e-01,2.114939934993e-03,-7.757902535119e-03,-1.514911478926e-03
"                 565",6.568375006175e-01,-1.586639406853e-01,-1.015824550143e-01,6.580921105764e-01,-1.673561855049e-01,-1.030785704176e-01,1.254609958856e-03,-8.692244819648e-03,-1.496115403275e-03
"                 566",5.755288721041e-01,-2.550768465791e-01,-9.780478905359e-02,5.759564940239e-01,-2.647029135969e-01,-9.927107772939e-02,4.276219198523e-04,-9.626067017810e-03,-1.466288675804e-03
"                 567",4.938973148605e-01,-3.376501633224e-01,-9.439185958515e-02,4.935695862608e-01,-3.481664487819e-01,-9.581959681962e-02,-3.277285996196e-04,-1.051628545956e-02,-1.427737234467e-03
"                 568",4.155673994306e-01,-4.004157775868e-01,-9.174342506408e-02,4.146045493592e-01,-4.117285687639e-01,-9.312955866055e-02,-9.628500714017e-04,-1.131279117708e-02,-1.386133596464e-03
"                 569",3.498129912531e-01,-4.501874206426e-01,-9.032576365761e-02,3.483548411315e-01,-4.621659579434e-01,-9.166304439325e-02,-1.458150121586e-03,-1.197853730083e-02,-1.337280735645e-03
"                 570",3.120030924454e-01,-4.975856221283e-01,-9.034109496548e-02,3.102280532246e-01,-5.100697795166e-01,-9.162418974233e-02,-1.775039220746e-03,-1.248415738832e-02,-1.283094776848e-03
"                 571",3.008241654671e-01,-5.466373398654e-01,-9.090936207877e-02,2.989019087034e-01,-5.594506910503e-01,-9.213636698408e-02,-1.922256763695e-03,-1.281335118486e-02,-1.227004905311e-03
"                 572",3.163223606261e-01,-5.940219178145e-01,-9.213446872256e-02,3.144024349873e-01,-6.069576029244e-01,-9.330760585267e-02,-1.919925638809e-03,-1.293568510996e-02,-1.173137130110e-03
"                 573",3.549152968311e-01,-6.232665871507e-01,-9.458730491693e-02,3.531235484645e-01,-6.361500930112e-01,-9.570719081916e-02,-1.791748366606e-03,-1.288350586048e-02,-1.119885902233e-03
"                 574",4.167219508811e-01,-6.257931343874e-01,-9.853360279132e-02,4.152156062044e-01,-6.385221363600e-01,-9.960978872737e-02,-1.506344676781e-03,-1.272900197258e-02,-1.076185936048e-03
"                 575",5.049272099116e-01,-6.036942147912e-01,-1.031145540172e-01,5.038604885810e-01,-6.162143938790e-01,-1.041547372414e-01,-1.066721330660e-03,-1.252017908781e-02,-1.040183224257e-03
"                 576",6.160776367345e-01,-5.631125843589e-01,-1.077143651738e-01,6.156173126129e-01,-5.753457321532e-01,-1.087277837700e-01,-4.603241216122e-04,-1.223314779437e-02,-1.013418596207e-03
"                 577",7.389431772219e-01,-5.100090189233e-01,-1.122564211826e-01,7.392215934151e-01,-5.218207804315e-01,-1.132551990466e-01,2.784161932214e-04,-1.181176150818e-02,-9.987778640543e-04
"                 578",8.643910122278e-01,-4.399967009952e-01,-1.167177350209e-01,8.655376299196e-01,-4.512558679164e-01,-1.177129114141e-01,1.146617691782e-03,-1.125916692115e-02,-9.951763932045e-04
"                 579",9.808918491681e-01,-3.475880579932e-01,-1.210946112708e-01,9.829959691620e-01,-3.582438181370e-01,-1.220986220878e-01,2.104119993919e-03,-1.065576014380e-02,-1.004010817090e-03
"                 580",1.085678537795e+00,-2.473461180816e-01,-1.251546752580e-01,1.088794443436e+00,-2.572963502327e-01,-1.261833594472e-01,3.115905640655e-03,-9.950232151155e-03,-1.028684189198e-03
"                 581",1.175939017211e+00,-1.447483409600e-01,-1.288415317952e-01,1.180094037163e+00,-1.539289253739e-01,-1.299084106389e-01,4.155019952474e-03,-9.180584413862e-03,-1.066878843673e-03
"                 582",1.253301752380e+00,-6.149548197776e-02,-1.321626480559e-01,1.258487888496e+00,-6.986898410007e-02,-1.332837822242e-01,5.186136116688e-03,-8.373502122312e-03,-1.121134168271e-03
"                 583",1.325914294969e+00,4.570699768749e-03,-1.348584380923e-01,1.332064412030e+00,-2.966008563627e-03,-1.360460143429e-01,6.150117060607e-03,-7.536708332376e-03,-1.187576250566e-03
"                 584",1.390725231648e+00,5.880498768791e-02,-1.361143012089e-01,1.397721815050e+00,5.208528694270e-02,-1.373707022146e-01,6.996583401898e-03,-6.719700745209e-03,-1.256401005680e-03
"                 585",1.443002741711e+00,1.073444929151e-01,-1.355006419138e-01,1.450655542905e+00,1.013973175627e-01,-1.368206262474e-01,7.652801194199e-03,-5.947175352425e-03,-1.319984333680e-03
"                 586",1.475330746150e+00,1.628415877296e-01,-1.337109353985e-01,1.483435003330e+00,1.576153222359e-01,-1.350907260488e-01,8.104257179772e-03,-5.226265493696e-03,-1.379790650203e-03
"                 587",1.482428352778e+00,2.265583181369e-01,-1.314712883077e-01,1.490751716327e+00,2.219655440386e-01,-1.329022674884e-01,8.323363549387e-03,-4.592774098329e-03,-1.430979180684e-03
"                 588",1.459253360406e+00,2.847225231333e-01,-1.282614158675e-01,1.467602882330e+00,2.806120027034e-01,-1.297389742071e-01,8.349521924344e-03,-4.110520429922e-03,-1.477558339611e-03
"                 589",1.409271314664e+00,3.298705361437e-01,-1.235584247044e-01,1.417467270025e+00,3.260627035742e-01,-1.250753447675e-01,8.195955360655e-03,-3.807832569419e-03,-1.516920063043e-03
"                 590",1.337886775203e+00,3.546612645803e-01,-1.176005058591e-01,1.345742551503e+00,3.509152913239e-01,-1.191466603377e-01,7.855776300136e-03,-3.745973256426e-03,-1.546154478670e-03
"                 591",1.244635184259e+00,3.561889153377e-01,-1.114794746779e-01,1.251991258010e+00,3.522735332146e-01,-1.130428625805e-01,7.356073751143e-03,-3.915382123045e-03,-1.563387902558e-03
"                 592",1.131475675228e+00,3.340662818892e-01,-1.061545117648e-01,1.138130714317e+00,3.297881718122e-01,-1.077191473991e-01,6.655039088211e-03,-4.278110077017e-03,-1.564635634372e-03
"                 593",1.006288814470e+00,2.936570382961e-01,-1.019357332333e-01,1.012073019581e+00,2.888845735241e-01,-1.034858402891e-01,5.784205111274e-03,-4.772464771983e-03,-1.550107055850e-03
"                 594",8.804260312594e-01,2.278965043859e-01,-9.850197999031e-02,8.851966517602e-01,2.225034675055e-01,-1.000236774211e-01,4.770620500798e-03,-5.393036880394e-03,-1.521697430805e-03
"                 595",7.609847989155e-01,1.416124828501e-01,-9.535259238054e-02,7.646374036685e-01,1.354616416725e-01,-9.683633526075e-02,3.652604753008e-03,-6.150841177581e-03,-1.483742880213e-03
"                 596",6.549003367495e-01,3.773628162331e-02,-9.239773232226e-02,6.574055486488e-01,3.074638546167e-02,-9.383640470968e-02,2.505211899227e-03,-6.989896161644e-03,-1.438672387418e-03
"                 597",5.637652234021e-01,-6.730085103315e-02,-8.999040183099e-02,5.651173149208e-01,-7.521985677811e-02,-9.137921935442e-02,1.352091518747e-03,-7.919005744961e-03,-1.388817523428e-03
"                 598",4.857846744510e-01,-1.710422362918e-01,-8.851713648472e-02,4.860398645037e-01,-1.799458702332e-01,-8.985324835509e-02,2.551900526641e-04,-8.903633941386e-03,-1.336111870374e-03
"                 599",4.145989207089e-01,-2.673890121744e-01,-8.732008697874e-02,4.138638191640e-01,-2.772668412895e-01,-8.860574787679e-02,-7.351015448664e-04,-9.877829115112e-03,-1.285660898055e-03
"                 600",3.526941014757e-01,-3.519992425490e-01,-8.686838056080e-02,3.511491099214e-01,-3.628195832003e-01,-8.811037452383e-02,-1.544991554315e-03,-1.082034065125e-02,-1.241993963033e-03
"                 601",3.048713958005e-01,-4.203945467415e-01,-8.798140600515e-02,3.026809547081e-01,-4.320649182710e-01,-8.918336190418e-02,-2.190441092443e-03,-1.167037152946e-02,-1.201955899026e-03
"                 602",2.829838630186e-01,-4.727354393259e-01,-9.139301416441e-02,2.803473864854e-01,-4.851132225150e-01,-9.255926898845e-02,-2.636476533199e-03,-1.237778318913e-02,-1.166254824040e-03
"                 603",2.909302681231e-01,-5.190191341334e-01,-9.680915314808e-02,2.880431536390e-01,-5.319249556632e-01,-9.793996329036e-02,-2.887114484118e-03,-1.290582152972e-02,-1.130810142278e-03
"                 604",3.236664482163e-01,-5.639336732770e-01,-1.032201385218e-01,3.207439491395e-01,-5.771819157044e-01,-1.043224569628e-01,-2.922499076786e-03,-1.324824242739e-02,-1.102318440957e-03
"                 605",3.776882068067e-01,-5.997245158106e-01,-1.100103897351e-01,3.749530429102e-01,-6.131121886037e-01,-1.110942628127e-01,-2.735163896486e-03,-1.338767279309e-02,-1.083873077679e-03
"                 606",4.532191173145e-01,-6.088580607282e-01,-1.170085801053e-01,4.509005730060e-01,-6.222031022062e-01,-1.180914569471e-01,-2.318544308499e-03,-1.334504147791e-02,-1.082876841865e-03
"                 607",5.469258485326e-01,-5.934654033506e-01,-1.236235512720e-01,5.451954246403e-01,-6.066765235089e-01,-1.247185833838e-01,-1.730423892308e-03,-1.321112015821e-02,-1.095032111819e-03
"                 608",6.580378270752e-01,-5.622969791524e-01,-1.290807139630e-01,6.571105673871e-01,-5.753256774737e-01,-1.302048395900e-01,-9.272596881389e-04,-1.302869832124e-02,-1.124125626977e-03
"                 609",7.800511109606e-01,-5.234456078708e-01,-1.331296302031e-01,7.801156571745e-01,-5.361983311503e-01,-1.342953674312e-01,6.454621392994e-05,-1.275272327941e-02,-1.165737228120e-03
"                 610",9.013401777645e-01,-4.816006676690e-01,-1.358514133164e-01,9.025495152643e-01,-4.939076633196e-01,-1.370769240413e-01,1.209337499739e-03,-1.230699565058e-02,-1.225510724869e-03
"                 611",1.014025396862e+00,-4.144962440311e-01,-1.375659017273e-01,1.016492481505e+00,-4.262170617669e-01,-1.388618308716e-01,2.467084643194e-03,-1.172081773579e-02,-1.295929144233e-03
"                 612",1.110963499947e+00,-3.196038991939e-01,-1.382402337918e-01,1.114724087866e+00,-3.306548711012e-01,-1.396108377934e-01,3.760587918622e-03,-1.105097190738e-02,-1.370604001564e-03
"                 613",1.191071845049e+00,-2.068672679258e-01,-1.378259310389e-01,1.196075937245e+00,-2.171167386426e-01,-1.392665713830e-01,5.004092196256e-03,-1.024947071671e-02,-1.440640344110e-03
"                 614",1.258744821121e+00,-9.187689226194e-02,-1.365761416019e-01,1.264889849304e+00,-1.012504363983e-01,-1.380786668532e-01,6.145028183569e-03,-9.373544136336e-03,-1.502525251293e-03
"                 615",1.321774890592e+00,6.955022301099e-03,-1.355837610710e-01,1.328901158018e+00,-1.476741802100e-03,-1.371335246916e-01,7.126267426253e-03,-8.431764103199e-03,-1.549763620635e-03
"                 616",1.376699217111e+00,8.313123177795e-02,-1.340939187344e-01,1.384610788168e+00,7.567479912417e-02,-1.356764056255e-01,7.911571057174e-03,-7.456432653789e-03,-1.582486891078e-03
"                 617",1.414111231367e+00,1.420603700589e-01,-1.309758754557e-01,1.422629460176e+00,1.355764635451e-01,-1.325821416868e-01,8.518228808958e-03,-6.483906513757e-03,-1.606266231066e-03
"                 618",1.422550905507e+00,2.043895177007e-01,-1.258789207625e-01,1.431491174087e+00,1.988116119670e-01,-1.275027261211e-01,8.940268580557e-03,-5.577905733691e-03,-1.623805358605e-03
"                 619",1.401082002880e+00,2.699940664642e-01,-1.194660585257e-01,1.410219283482e+00,2.652385796563e-01,-1.211026446149e-01,9.137280601184e-03,-4.755486807887e-03,-1.636586089163e-03
"                 620",1.355565431612e+00,3.370222599480e-01,-1.126602985091e-01,1.364639635530e+00,3.329245186052e-01,-1.142973083874e-01,9.074203918177e-03,-4.097741342841e-03,-1.637009878332e-03
"                 621",1.293318407415e+00,3.881982125001e-01,-1.062755127686e-01,1.302049639221e+00,3.845495429383e-01,-1.078960742365e-01,8.731231806264e-03,-3.648669561889e-03,-1.620561467911e-03
"                 622",1.217313247501e+00,4.166273572132e-01,-1.004191195483e-01,1.225465789108e+00,4.132137646130e-01,-1.020072041777e-01,8.152541607354e-03,-3.413592600185e-03,-1.588084629457e-03
"                 623",1.131031459585e+00,4.246479435666e-01,-9.529930180091e-02,1.138406530800e+00,4.212127342232e-01,-9.684197053450e-02,7.375071215580e-03,-3.435209343446e-03,-1.542668733587e-03
"                 624",1.030826735361e+00,4.055867193634e-01,-9.123258484885e-02,1.037253791795e+00,4.019142067794e-01,-9.272107562060e-02,6.427056434187e-03,-3.672512584024e-03,-1.488490771748e-03
"                 625",9.217792051718e-01,3.639596616907e-01,-8.864308659407e-02,9.271057552569e-01,3.598704613388e-01,-9.007253285225e-02,5.326550085131e-03,-4.089200351860e-03,-1.429446258186e-03
"                 626",8.170880025252e-01,2.951320374404e-01,-8.745689969175e-02,8.212206357225e-01,2.905105956715e-01,-8.882370061086e-02,4.132633197278e-03,-4.621441768938e-03,-1.366800919111e-03
"                 627",7.204342650884e-01,1.969310402835e-01,-8.688429057294e-02,7.233194323922e-01,1.915957905740e-01,-8.819082609185e-02,2.885167303837e-03,-5.335249709566e-03,-1.306535518908e-03
"                 628",6.340518707594e-01,9.217602712465e-02,-8.645642661511e-02,6.357139652967e-01,8.599036302469e-02,-8.771198509602e-02,1.662094537370e-03,-6.185664099966e-03,-1.255558480908e-03
"                 629",5.612688752564e-01,-9.735621033570e-03,-8.662634755824e-02,5.617735292658e-01,-1.687878945174e-02,-8.783772775176e-02,5.046540094495e-04,-7.143168418173e-03,-1.211380193519e-03
"                 630",5.006400143644e-01,-1.067320772374e-01,-8.819293667040e-02,5.000869536768e-01,-1.149271883435e-01,-8.936909188524e-02,-5.530606876077e-04,-8.195111106144e-03,-1.176155214842e-03
"                 631",4.552416719071e-01,-2.075216583919e-01,-9.142254121364e-02,4.537801358668e-01,-2.167912088448e-01,-9.257332612630e-02,-1.461536040290e-03,-9.269550452858e-03,-1.150784912660e-03
"                 632",4.212352638169e-01,-3.024070399643e-01,-9.583446464898e-02,4.190587530702e-01,-3.127226113991e-01,-9.697221141394e-02,-2.176510746667e-03,-1.031557143482e-02,-1.137746764960e-03
"                 633",4.019450932682e-01,-3.776200509990e-01,-1.012858254813e-01,3.992467713358e-01,-3.889016402669e-01,-1.024219867277e-01,-2.698321932360e-03,-1.128158926788e-02,-1.136161246346e-03
"                 634",4.063112987109e-01,-4.331413459203e-01,-1.078328309470e-01,4.032820369810e-01,-4.452560611384e-01,-1.089797747636e-01,-3.029261729901e-03,-1.211471521814e-02,-1.146943816687e-03
"                 635",4.339417835613e-01,-4.848239027368e-01,-1.151105991904e-01,4.308369029647e-01,-4.976072406471e-01,-1.162767868023e-01,-3.104880596632e-03,-1.278333791031e-02,-1.166187611870e-03
"                 636",4.810612906871e-01,-5.360325555637e-01,-1.224757503289e-01,4.781720855970e-01,-5.493165163359e-01,-1.236749436981e-01,-2.889205090071e-03,-1.328396077225e-02,-1.199193369256e-03
"                 637",5.481553799999e-01,-5.794579545986e-01,-1.292596929876e-01,5.457409785938e-01,-5.930421184762e-01,-1.305048135307e-01,-2.414401406109e-03,-1.358416387762e-02,-1.245120543075e-03
"                 638",6.277121055888e-01,-6.023057112031e-01,-1.347468076416e-01,6.260220134439e-01,-6.159991182704e-01,-1.360558242920e-01,-1.690092144930e-03,-1.369340706730e-02,-1.309016650433e-03
"                 639",7.146186215969e-01,-5.959601390268e-01,-1.387651165955e-01,7.138681762222e-01,-6.096162384979e-01,-1.401527462108e-01,-7.504453747526e-04,-1.365609947112e-02,-1.387629615264e-03
"                 640",8.086609483782e-01,-5.640350261370e-01,-1.407993994690e-01,8.090261210979e-01,-5.775827042555e-01,-1.422763797685e-01,3.651727197816e-04,-1.354767811855e-02,-1.476980299493e-03
"                 641",9.071107560558e-01,-5.218872947156e-01,-1.406579353291e-01,9.087160205275e-01,-5.352011622553e-01,-1.422203069114e-01,1.605264471698e-03,-1.331386753975e-02,-1.562371582246e-03
"                 642",1.001196301623e+00,-4.752562355176e-01,-1.388994250854e-01,1.004081811780e+00,-4.881415126156e-01,-1.405393312519e-01,2.885510156510e-03,-1.288527709802e-02,-1.639906166576e-03
"                 643",1.089386853102e+00,-4.007070032925e-01,-1.371663105294e-01,1.093522888247e+00,-4.129752115541e-01,-1.388661833848e-01,4.136035144644e-03,-1.226820826162e-02,-1.699872855418e-03
"                 644",1.170064912460e+00,-2.939301053393e-01,-1.358970446409e-01,1.175388612846e+00,-3.054545643607e-01,-1.376394601800e-01,5.323700386825e-03,-1.152445902147e-02,-1.742415539033e-03
"                 645",1.237983404915e+00,-1.626678814326e-01,-1.344465623194e-01,1.244394529404e+00,-1.732779864110e-01,-1.362177614708e-01,6.411124489306e-03,-1.061010497842e-02,-1.771199151353e-03
"                 646",1.288371831185e+00,-3.869152030850e-02,-1.317636085832e-01,1.295739510541e+00,-4.831236204901e-02,-1.335513805678e-01,7.367679356374e-03,-9.620841740505e-03,-1.787771984612e-03
"                 647",1.319470886107e+00,5.162746347455e-02,-1.279349620194e-01,1.327636052052e+00,4.305972936215e-02,-1.297266356978e-01,8.165165945227e-03,-8.567734112397e-03,-1.791673678429e-03
"                 648",1.334100252734e+00,1.137738755349e-01,-1.233004430213e-01,1.342861323176e+00,1.062724971944e-01,-1.250801450040e-01,8.761070442354e-03,-7.501378340484e-03,-1.779701982673e-03
"                 649",1.332577299863e+00,1.650248958657e-01,-1.180672663368e-01,1.341743058419e+00,1.585573126370e-01,-1.198190898397e-01,9.165758555408e-03,-6.467583228675e-03,-1.751823502903e-03
"                 650",1.315327095098e+00,2.287519347021e-01,-1.123911563211e-01,1.324655317419e+00,2.232424477428e-01,-1.140991214250e-01,9.328222320662e-03,-5.509486959290e-03,-1.707965103936e-03
"                 651",1.282362602894e+00,3.049216128377e-01,-1.061946579603e-01,1.291572312025e+00,3.002845412827e-01,-1.078453829586e-01,9.209709131382e-03,-4.637071554994e-03,-1.650724998264e-03
"                 652",1.230808903789e+00,3.810726989432e-01,-9.978889309015e-02,1.239621855049e+00,3.771293234935e-01,-1.013734999201e-01,8.812951260016e-03,-3.943375449686e-03,-1.584606829979e-03
"                 653",1.164766376973e+00,4.311003725674e-01,-9.402620599649e-02,1.172962551965e+00,4.276427058511e-01,-9.553927859782e-02,8.196174991935e-03,-3.457666716302e-03,-1.513072601331e-03
"                 654",1.090081734909e+00,4.474649472404e-01,-8.977212912153e-02,1.097442023468e+00,4.442541866924e-01,-9.120624264011e-02,7.360288558361e-03,-3.210760548020e-03,-1.434113518582e-03
"                 655",1.013044776987e+00,4.361721125711e-01,-8.726591191321e-02,1.019405140136e+00,4.329532465370e-01,-8.861961065152e-02,6.360363148828e-03,-3.218866034052e-03,-1.353698738307e-03
"                 656",9.283356692796e-01,3.944658807558e-01,-8.585713027983e-02,9.336042437538e-01,3.910105981241e-01,-8.713848814596e-02,5.268574474187e-03,-3.455282631769e-03,-1.281357866127e-03
"                 657",8.400367676163e-01,3.341810406457e-01,-8.576108045289e-02,8.441344873019e-01,3.302776433153e-01,-8.697988647950e-02,4.097719685557e-03,-3.903397330396e-03,-1.218806026612e-03
"                 658",7.600659923440e-01,2.532633357765e-01,-8.724548435315e-02,7.629853966244e-01,2.487271801806e-01,-8.841201639006e-02,2.919404280447e-03,-4.536155595870e-03,-1.166532036909e-03
"                 659",6.904187245791e-01,1.611409801594e-01,-9.021287046133e-02,6.921721226696e-01,1.557812371539e-01,-9.133880594648e-02,1.753398090507e-03,-5.359743005523e-03,-1.125935485145e-03
"                 660",6.280379858222e-01,7.317420670506e-02,-9.372975456146e-02,6.286986175146e-01,6.688141030779e-02,-9.483083654988e-02,6.606316924063e-04,-6.292796397276e-03,-1.101081988417e-03
"                 661",5.748822642137e-01,-1.752299147401e-02,-9.745059364339e-02,5.745613071191e-01,-2.486883533009e-02,-9.854141418877e-02,-3.209570945319e-04,-7.345843856084e-03,-1.090820545384e-03
"                 662",5.373584729257e-01,-1.132196915451e-01,-1.014644838722e-01,5.362225453352e-01,-1.216873283617e-01,-1.025648566588e-01,-1.135927590431e-03,-8.467636816651e-03,-1.100372786652e-03
"                 663",5.176266451449e-01,-2.080206767054e-01,-1.060788655541e-01,5.158391257849e-01,-2.176174042257e-01,-1.072044542428e-01,-1.787519359933e-03,-9.596727520212e-03,-1.125588688616e-03
"                 664",5.146086929228e-01,-2.900091432608e-01,-1.114323081668e-01,5.123682853109e-01,-3.006850755459e-01,-1.125976339312e-01,-2.240407611849e-03,-1.067593228508e-02,-1.165325764477e-03
"                 665",5.218095785371e-01,-3.513729865623e-01,-1.172966551193e-01,5.193240450589e-01,-3.630386868222e-01,-1.185164796437e-01,-2.485533478186e-03,-1.166570025983e-02,-1.219824524425e-03
"                 666",5.408381445011e-01,-4.007014570740e-01,-1.232267843055e-01,5.383893074219e-01,-4.131859478372e-01,-1.245205019441e-01,-2.448837079218e-03,-1.248449076321e-02,-1.293717638611e-03
"                 667",5.775261333350e-01,-4.482497436175e-01,-1.290852385913e-01,5.753974444693e-01,-4.613761941165e-01,-1.304659845647e-01,-2.128688865648e-03,-1.312645049900e-02,-1.380745973475e-03
"                 668",6.290070500838e-01,-4.939214612031e-01,-1.342480419981e-01,6.274808400694e-01,-5.075015825629e-01,-1.357293270124e-01,-1.526210014403e-03,-1.358012135982e-02,-1.481285014390e-03
"                 669",6.907072834571e-01,-5.347247954283e-01,-1.378600038971e-01,6.899988997036e-01,-5.485711184752e-01,-1.394437546337e-01,-7.083837534843e-04,-1.384632304685e-02,-1.583750736597e-03
"                 670",7.563986055830e-01,-5.484425023614e-01,-1.393135291890e-01,7.566689946463e-01,-5.623720804782e-01,-1.409955910707e-01,2.703890632995e-04,-1.392957811675e-02,-1.682061881713e-03
"                 671",8.236497053439e-01,-5.325459703964e-01,-1.395383273881e-01,8.249811942596e-01,-5.464444585515e-01,-1.413059835398e-01,1.331488915702e-03,-1.389848815505e-02,-1.767656151683e-03
"                 672",8.969757810504e-01,-5.027654154641e-01,-1.393165328881e-01,8.994088379614e-01,-5.165017136805e-01,-1.411519266200e-01,2.433056911018e-03,-1.373629821641e-02,-1.835393731897e-03
"                 673",9.699590481950e-01,-4.639729854517e-01,-1.381679879119e-01,9.735191508003e-01,-4.773616244287e-01,-1.400526653269e-01,3.560102605334e-03,-1.338863897706e-02,-1.884677415026e-03
"                 674",1.039218862812e+00,-4.014435507601e-01,-1.358535192316e-01,1.043883841287e+00,-4.142645348220e-01,-1.377744398922e-01,4.664978474631e-03,-1.282098406189e-02,-1.920920660555e-03
"                 675",1.100513192232e+00,-3.041481951916e-01,-1.327821707689e-01,1.106231420828e+00,-3.162431997074e-01,-1.347215302731e-01,5.718228596053e-03,-1.209500451580e-02,-1.939359504167e-03
"                 676",1.153491700184e+00,-1.832720116189e-01,-1.295997118082e-01,1.160154647345e+00,-1.944972924150e-01,-1.315396356315e-01,6.662947161113e-03,-1.122528079615e-02,-1.939923823276e-03
"                 677",1.190545287713e+00,-6.598996142917e-02,-1.264304141287e-01,1.197998438950e+00,-7.621373119718e-02,-1.283476329085e-01,7.453151237164e-03,-1.022376976801e-02,-1.917218779803e-03
"                 678",1.207509669400e+00,3.058976931531e-02,-1.231344102783e-01,1.215588488575e+00,2.143812720541e-02,-1.250093141120e-01,8.078819175140e-03,-9.151642109905e-03,-1.874903833650e-03
"                 679",1.205330744837e+00,1.003297051418e-01,-1.190502251080e-01,1.213857588023e+00,9.230910223708e-02,-1.208645761296e-01,8.526843185156e-03,-8.020602904684e-03,-1.814351021577e-03
"                 680",1.191095852598e+00,1.545621536776e-01,-1.138820587926e-01,1.199865224386e+00,1.476673931607e-01,-1.156235369105e-01,8.769371788705e-03,-6.894760516871e-03,-1.741478117812e-03
"                 681",1.173722318977e+00,2.148703402063e-01,-1.080778842407e-01,1.182514709784e+00,2.090527145107e-01,-1.097317196407e-01,8.792390806839e-03,-5.817625695596e-03,-1.653835399946e-03
"                 682",1.147292023895e+00,2.922235830773e-01,-1.022752875856e-01,1.155852927281e+00,2.874170362276e-01,-1.038331463160e-01,8.560903386732e-03,-4.806546849743e-03,-1.557858730333e-03
"                 683",1.109872102221e+00,3.762853632136e-01,-9.726137205452e-02,1.117958226422e+00,3.723141932339e-01,-9.871853806396e-02,8.086124201531e-03,-3.971169979728e-03,-1.457166009440e-03
"                 684",1.059802792510e+00,4.318727574278e-01,-9.280638219022e-02,1.067212470412e+00,4.285333692787e-01,-9.416918101773e-02,7.409677902351e-03,-3.339388149073e-03,-1.362798827510e-03
"                 685",1.000689057442e+00,4.477827563708e-01,-8.963322734699e-02,1.007252683953e+00,4.448076858313e-01,-9.090693010976e-02,6.563626510758e-03,-2.975070539541e-03,-1.273702762766e-03
"                 686",9.452850417132e-01,4.321078203327e-01,-8.856054861909e-02,9.508798346499e-01,4.292088576578e-01,-8.975485967387e-02,5.594792936667e-03,-2.898962674953e-03,-1.194311054776e-03
"                 687",8.964655912318e-01,3.926924232382e-01,-8.978378378943e-02,9.010197246020e-01,3.896061307493e-01,-9.091044343578e-02,4.554133370225e-03,-3.086292488896e-03,-1.126659646348e-03
"                 688",8.489276194252e-01,3.469629753589e-01,-9.263113122395e-02,8.524158857979e-01,3.434534765956e-01,-9.370801520409e-02,3.488266372696e-03,-3.509498763318e-03,-1.076883980136e-03
"                 689",7.969383103920e-01,2.896114188552e-01,-9.608953274149e-02,7.993576430644e-01,2.854829588626e-01,-9.713385343466e-02,2.419332672426e-03,-4.128459992590e-03,-1.044320693174e-03
"                 690",7.400314071605e-01,2.177005171084e-01,-9.961496042255e-02,7.414558114034e-01,2.127241080164e-01,-1.006485260883e-01,1.424404242957e-03,-4.976409092061e-03,-1.033565665788e-03
"                 691",6.857117217707e-01,1.331650969794e-01,-1.030932488042e-01,6.862344171568e-01,1.272052420361e-01,-1.041386726890e-01,5.226953860509e-04,-5.959854943303e-03,-1.045423884814e-03
"                 692",6.479966071682e-01,3.889974955651e-02,-1.064863306989e-01,6.477431798691e-01,3.183115927363e-02,-1.075649985926e-01,-2.534272991427e-04,-7.068590282880e-03,-1.078667893680e-03
"                 693",6.332573685145e-01,-5.345482152727e-02,-1.099051159780e-01,6.323765946366e-01,-6.171177233406e-02,-1.110356664127e-01,-8.807738778932e-04,-8.256950806795e-03,-1.130550434700e-03
"                 694",6.381861694196e-01,-1.426700167274e-01,-1.136342234099e-01,6.368491644279e-01,-1.521242231474e-01,-1.148371918052e-01,-1.337004991682e-03,-9.454206420007e-03,-1.202968395264e-03
"                 695",6.502547064080e-01,-2.154728175282e-01,-1.178937742832e-01,6.486837517200e-01,-2.260748870656e-01,-1.191892467688e-01,-1.570954688017e-03,-1.060206953737e-02,-1.295472485600e-03
"                 696",6.621740756217e-01,-2.771726750584e-01,-1.225502040997e-01,6.606276197635e-01,-2.888088651124e-01,-1.239593674666e-01,-1.546455858218e-03,-1.163619005397e-02,-1.409163366894e-03
"                 697",6.752504618275e-01,-3.269683040630e-01,-1.270191869150e-01,6.739313643992e-01,-3.394944646895e-01,-1.285501330188e-01,-1.319097428266e-03,-1.252616062647e-02,-1.530946103764e-03
"                 698",6.982064140050e-01,-3.765452681741e-01,-1.307169493520e-01,6.973369062348e-01,-3.897827585267e-01,-1.323677832815e-01,-8.695077701689e-04,-1.323749035267e-02,-1.650833929441e-03
"                 699",7.343392911157e-01,-4.261902055084e-01,-1.337497871390e-01,7.341282528315e-01,-4.399711426883e-01,-1.355126658745e-01,-2.110382842113e-04,-1.378093717993e-02,-1.762878735511e-03
"                 700",7.865649641568e-01,-4.744725648696e-01,-1.363941154836e-01,7.871366601016e-01,-4.885719946200e-01,-1.382532874622e-01,5.716959448346e-04,-1.409942975041e-02,-1.859171978543e-03
"                 701",8.412281322797e-01,-5.047543059571e-01,-1.379875260555e-01,8.426825180597e-01,-5.189953347516e-01,-1.399245538061e-01,1.454385779970e-03,-1.424102879443e-02,-1.937027750553e-03
"                 702",8.849664941714e-01,-5.005570438892e-01,-1.379519890741e-01,8.873675788299e-01,-5.147973371786e-01,-1.399521851762e-01,2.401084658528e-03,-1.424029328937e-02,-2.000196102040e-03
"                 703",9.213792029621e-01,-4.669666699853e-01,-1.362074669040e-01,9.247479635111e-01,-4.810635448080e-01,-1.382541659994e-01,3.368760548995e-03,-1.409687482275e-02,-2.046699095379e-03
"                 704",9.632069462638e-01,-4.185034618835e-01,-1.335425258460e-01,9.675514261389e-01,-4.322750391865e-01,-1.356157261623e-01,4.344479875019e-03,-1.377157730299e-02,-2.073200316375e-03
"                 705",1.014866696250e+00,-3.546147776864e-01,-1.307542253809e-01,1.020111321491e+00,-3.678434946446e-01,-1.328277896319e-01,5.244625240519e-03,-1.322871695822e-02,-2.073564251042e-03
"                 706",1.067640214419e+00,-2.739124825264e-01,-1.284202777328e-01,1.073697407819e+00,-2.864216163918e-01,-1.304680699624e-01,6.057193400473e-03,-1.250913386542e-02,-2.047792229652e-03
"                 707",1.108256726100e+00,-1.713043955504e-01,-1.262445043903e-01,1.115002534257e+00,-1.829039970285e-01,-1.282417961762e-01,6.745808156938e-03,-1.159960147803e-02,-1.997291785899e-03
"                 708",1.124573102287e+00,-6.046305567169e-02,-1.235405339311e-01,1.131889489028e+00,-7.098349631790e-02,-1.254702635665e-01,7.316386740973e-03,-1.052044064621e-02,-1.929729635413e-03
"                 709",1.115918744223e+00,3.497082054604e-02,-1.199645405468e-01,1.123666776626e+00,2.562444513909e-02,-1.218114030814e-01,7.748032402257e-03,-9.346375406944e-03,-1.846862534640e-03
"                 710",1.093028913952e+00,1.042351491598e-01,-1.157470401508e-01,1.101030592316e+00,9.612853003910e-02,-1.174967830640e-01,8.001678363420e-03,-8.106619120666e-03,-1.749742913209e-03
"                 711",1.069412786021e+00,1.528494997163e-01,-1.113543829263e-01,1.077440547467e+00,1.459778818275e-01,-1.129920954681e-01,8.027761445667e-03,-6.871617888865e-03,-1.637712541727e-03
"                 712",1.051571126256e+00,2.055223742478e-01,-1.065780139066e-01,1.059446916565e+00,1.998196412919e-01,-1.080994371130e-01,7.875790308375e-03,-5.702732955958e-03,-1.521423206369e-03
"                 713",1.031494911209e+00,2.667962197334e-01,-1.015908925608e-01,1.039037226440e+00,2.621602167437e-01,-1.029975994735e-01,7.542315230412e-03,-4.636002989737e-03,-1.406706912746e-03
"                 714",1.006807319786e+00,3.384275760070e-01,-9.745248795801e-02,1.013809433578e+00,3.346392910145e-01,-9.875151567804e-02,7.002113792297e-03,-3.788284992444e-03,-1.299027720032e-03
"                 715",9.768605284333e-01,3.863885673130e-01,-9.528573763094e-02,9.831601964119e-01,3.832110196145e-01,-9.648685699300e-02,6.299667978545e-03,-3.177547698472e-03,-1.201119362061e-03
"                 716",9.437676102716e-01,3.997485264136e-01,-9.541597500089e-02,9.492556733420e-01,3.969046648103e-01,-9.653338671492e-02,5.488063070356e-03,-2.843861603343e-03,-1.117411714031e-03
"                 717",9.167463120440e-01,3.850281936889e-01,-9.685163972744e-02,9.213465811493e-01,3.822228359984e-01,-9.790404405857e-02,4.600269105314e-03,-2.805357690489e-03,-1.052404331126e-03
"                 718",8.927681100332e-01,3.564513013779e-01,-9.889219644276e-02,8.964765921527e-01,3.534111878605e-01,-9.990319887535e-02,3.708482119466e-03,-3.040113517473e-03,-1.011002432582e-03
"                 719",8.601595612790e-01,3.245982721781e-01,-1.014737711370e-01,8.629872921737e-01,3.210723466495e-01,-1.024675986168e-01,2.827730894695e-03,-3.525925528618e-03,-9.938274797981e-04
"                 720",8.145755039512e-01,2.732266371497e-01,-1.042067712576e-01,8.165672308416e-01,2.689895239586e-01,-1.052095325744e-01,1.991726890431e-03,-4.237113191080e-03,-1.002761316743e-03
"                 721",7.645842264150e-01,1.977145683869e-01,-1.067027215035e-01,7.658232445899e-01,1.925345853523e-01,-1.077384297723e-01,1.239018174877e-03,-5.179983034593e-03,-1.035708268818e-03
"                 722",7.276724172383e-01,1.097257092963e-01,-1.088218343389e-01,7.282583737056e-01,1.034892164855e-01,-1.099161516465e-01,5.859564672677e-04,-6.236492810739e-03,-1.094317307631e-03
"                 723",7.147691527234e-01,2.227426224384e-02,-1.107986901295e-01,7.148185521920e-01,1.488897681675e-02,-1.119741837932e-01,4.939946862607e-05,-7.385285427094e-03,-1.175493663735e-03
"                 724",7.240285380818e-01,-5.871643068505e-02,-1.131796243779e-01,7.237216611080e-01,-6.731036014509e-02,-1.144605527315e-01,-3.068769738391e-04,-8.593929460040e-03,-1.280928353608e-03
"                 725",7.416914145412e-01,-1.269033358302e-01,-1.158482779062e-01,7.412168761082e-01,-1.367044504785e-01,-1.172514395835e-01,-4.745384329708e-04,-9.801114648247e-03,-1.403161677297e-03
"                 726",7.559275024243e-01,-1.818578366604e-01,-1.186729943006e-01,7.554717769991e-01,-1.928088563614e-01,-1.202071833585e-01,-4.557254252409e-04,-1.095101970096e-02,-1.534189057835e-03
"                 727",7.654195575299e-01,-2.324691032645e-01,-1.214621262661e-01,7.651267845454e-01,-2.444422673557e-01,-1.231255632548e-01,-2.927729845872e-04,-1.197316409119e-02,-1.663436988720e-03
"                 728",7.794629887578e-01,-2.828153176412e-01,-1.249702851171e-01,7.794882238558e-01,-2.956574329447e-01,-1.267558943486e-01,2.523509794791e-05,-1.284211530346e-02,-1.785609231523e-03
"                 729",8.060024617969e-01,-3.361190240424e-01,-1.288430177718e-01,8.064898705731e-01,-3.496407064976e-01,-1.307351289091e-01,4.874087761907e-04,-1.352168245527e-02,-1.892111137379e-03
"                 730",8.328374013143e-01,-3.844063119518e-01,-1.317841301783e-01,8.339395643642e-01,-3.984326159206e-01,-1.337696156478e-01,1.102163049929e-03,-1.402630396876e-02,-1.985485469470e-03
"                 731",8.576405774130e-01,-4.257901133505e-01,-1.330360275525e-01,8.594548055523e-01,-4.401168479346e-01,-1.350985556967e-01,1.814228139233e-03,-1.432673458411e-02,-2.062528144210e-03
"                 732",8.770324832579e-01,-4.471497271883e-01,-1.329970331012e-01,8.796247946587e-01,-4.616332988118e-01,-1.351176830893e-01,2.592311400801e-03,-1.448357162352e-02,-2.120649988151e-03
"                 733",8.939700631976e-01,-4.351476671109e-01,-1.324903552137e-01,8.973368552635e-01,-4.496546927922e-01,-1.346429458562e-01,3.366792065949e-03,-1.450702568129e-02,-2.152590642455e-03
"                 734",9.189478717328e-01,-4.014145812271e-01,-1.318800604400e-01,9.230512009422e-01,-4.157751211619e-01,-1.340386432769e-01,4.103329209472e-03,-1.436053993483e-02,-2.158582836928e-03
"                 735",9.531003915589e-01,-3.551253803888e-01,-1.310420038975e-01,9.578861657695e-01,-3.691185901562e-01,-1.331768373663e-01,4.785774210559e-03,-1.399320976744e-02,-2.134833468801e-03
"                 736",9.922348928227e-01,-2.941195223305e-01,-1.296330728431e-01,9.976434084499e-01,-3.074809372834e-01,-1.317210331109e-01,5.408515627186e-03,-1.336141495292e-02,-2.087960267810e-03
"                 737",1.021164846636e+00,-2.144571698826e-01,-1.276064058036e-01,1.027128495904e+00,-2.269807265029e-01,-1.296258974524e-01,5.963649268198e-03,-1.252355662029e-02,-2.019491648743e-03
"                 738",1.028760855945e+00,-1.169625217647e-01,-1.249579266225e-01,1.035197225338e+00,-1.284296509237e-01,-1.268934084737e-01,6.436369392680e-03,-1.146712915908e-02,-1.935481851186e-03
"                 739",1.015211704626e+00,-1.763115250779e-02,-1.220812787653e-01,1.021968122812e+00,-2.789233331843e-02,-1.239131790137e-01,6.756418185586e-03,-1.026118081064e-02,-1.831900248410e-03
"                 740",9.881972382872e-01,6.214382901004e-02,-1.190012278800e-01,9.951180857644e-01,5.317930809276e-02,-1.207176773994e-01,6.920847477221e-03,-8.964520917276e-03,-1.716449519406e-03
"                 741",9.597208604788e-01,1.201701685235e-01,-1.151890812573e-01,9.666567232490e-01,1.125216978969e-01,-1.167842790431e-01,6.935862770198e-03,-7.648470626649e-03,-1.595197785807e-03
"                 742",9.370775211674e-01,1.555337749518e-01,-1.110005391197e-01,9.438943385958e-01,1.491455664324e-01,-1.124742528679e-01,6.816817428403e-03,-6.388208519384e-03,-1.473713748161e-03
"                 743",9.276914348935e-01,1.949919040699e-01,-1.075845579451e-01,9.342305917866e-01,1.897481061946e-01,-1.089355758747e-01,6.539156893195e-03,-5.243797875368e-03,-1.351017929589e-03
"                 744",9.241550083623e-01,2.514373629970e-01,-1.055935188104e-01,9.302830831901e-01,2.471805562167e-01,-1.068294178173e-01,6.128074827825e-03,-4.256806780302e-03,-1.235899006942e-03
"                 745",9.228051285131e-01,3.124917828268e-01,-1.045314396101e-01,9.283825276535e-01,3.089900597807e-01,-1.056669235603e-01,5.577399140342e-03,-3.501723046105e-03,-1.135483950139e-03
"                 746",9.163997812798e-01,3.493241500005e-01,-1.042128442582e-01,9.213492609060e-01,3.463218847397e-01,-1.052702838733e-01,4.949479626148e-03,-3.002265260780e-03,-1.057439615051e-03
"                 747",9.024660930131e-01,3.605110596537e-01,-1.045338320168e-01,9.067315796567e-01,3.576989962422e-01,-1.055371364001e-01,4.265486643665e-03,-2.812063411471e-03,-1.003304383287e-03
"                 748",8.893676666134e-01,3.505748056075e-01,-1.051399752438e-01,8.929377853321e-01,3.476639575793e-01,-1.061169210215e-01,3.570118718765e-03,-2.910848028112e-03,-9.769457777573e-04
"                 749",8.743335321687e-01,3.218375181360e-01,-1.055964848600e-01,8.772471877602e-01,3.185508280649e-01,-1.065750561040e-01,2.913655591515e-03,-3.286690071044e-03,-9.785712439923e-04
"                 750",8.496858920652e-01,2.809035479923e-01,-1.059662725867e-01,8.519858739771e-01,2.770012936363e-01,-1.069747202006e-01,2.299981911906e-03,-3.902254355914e-03,-1.008447613869e-03
"                 751",8.230224712587e-01,2.185201777087e-01,-1.065119727342e-01,8.247736419341e-01,2.137837949506e-01,-1.075783313742e-01,1.751170675386e-03,-4.736382758097e-03,-1.066358640061e-03
"                 752",8.026133844651e-01,1.452581727929e-01,-1.075200307864e-01,8.038962186278e-01,1.395258109545e-01,-1.086712013877e-01,1.282834162678e-03,-5.732361838381e-03,-1.151170601280e-03
"                 753",7.999840201046e-01,6.621041241139e-02,-1.089403996572e-01,8.008979327853e-01,5.938106204820e-02,-1.101999296349e-01,9.139126806395e-04,-6.829350363195e-03,-1.259529977667e-03
"                 754",8.131501648517e-01,-9.305407994873e-03,-1.103061333711e-01,8.138274547797e-01,-1.733586581797e-02,-1.116900379918e-01,6.772899279908e-04,-8.030457823095e-03,-1.383904620702e-03
"                 755",8.322863480948e-01,-7.211189166566e-02,-1.116067317644e-01,8.328699066843e-01,-8.138561832006e-02,-1.131223018527e-01,5.835585894403e-04,-9.273726654404e-03,-1.515570088287e-03
"                 756",8.587180944490e-01,-1.254475722790e-01,-1.137934058566e-01,8.593096234318e-01,-1.359334610056e-01,-1.154401272363e-01,5.915289828314e-04,-1.048588872661e-02,-1.646721379783e-03
"                 757",8.819626833971e-01,-1.755553578411e-01,-1.172173327863e-01,8.826765880596e-01,-1.871570199649e-01,-1.189880765950e-01,7.139046624596e-04,-1.160166212372e-02,-1.770743808728e-03
"                 758",8.982148994578e-01,-2.256703256606e-01,-1.208160843904e-01,8.991692939543e-01,-2.382474370568e-01,-1.227063612698e-01,9.543944964811e-04,-1.257711139618e-02,-1.890276879421e-03
"                 759",9.035962701818e-01,-2.769346658083e-01,-1.234758924163e-01,9.048960900321e-01,-2.903367918424e-01,-1.254750832633e-01,1.299819850304e-03,-1.340212603408e-02,-1.999190846921e-03
"                 760",9.045582030460e-01,-3.262518099028e-01,-1.253880451039e-01,9.063176808636e-01,-3.403201161876e-01,-1.274811945701e-01,1.759477817667e-03,-1.406830628471e-02,-2.093149466232e-03
"                 761",9.067735317667e-01,-3.727097155243e-01,-1.271214427732e-01,9.090445829827e-01,-3.872633838987e-01,-1.292842237015e-01,2.271051215983e-03,-1.455366837437e-02,-2.162780928349e-03
"                 762",9.111353996021e-01,-4.031240516985e-01,-1.288331261795e-01,9.139507330645e-01,-4.179774884551e-01,-1.310385365954e-01,2.815333462432e-03,-1.485343675660e-02,-2.205410415908e-03
"                 763",9.240043887470e-01,-4.009737848150e-01,-1.305508823739e-01,9.273526971936e-01,-4.159712580173e-01,-1.327681510535e-01,3.348308446602e-03,-1.499747320229e-02,-2.217268679564e-03
"                 764",9.377471681828e-01,-3.667255357128e-01,-1.316577033841e-01,9.416084245589e-01,-3.816786055786e-01,-1.338603351484e-01,3.861256376177e-03,-1.495306986575e-02,-2.202631764271e-03
"                 765",9.514229773791e-01,-3.257947678046e-01,-1.315748368792e-01,9.557578977042e-01,-3.404622111488e-01,-1.337390662609e-01,4.334920325083e-03,-1.466744334420e-02,-2.164229381762e-03
"                 766",9.662052656849e-01,-2.771422095622e-01,-1.304565242222e-01,9.709926925982e-01,-2.912434882214e-01,-1.325607186731e-01,4.787426913349e-03,-1.410127865924e-02,-2.104194450950e-03
"                 767",9.745945869419e-01,-2.129061972402e-01,-1.286053314905e-01,9.797723931434e-01,-2.261825644723e-01,-1.306267496905e-01,5.177806201451e-03,-1.327636723208e-02,-2.021418200007e-03
"                 768",9.740602274471e-01,-1.285740757279e-01,-1.265368665150e-01,9.795470988467e-01,-1.408164334060e-01,-1.284568551974e-01,5.486871399637e-03,-1.224235767803e-02,-1.919988682433e-03
"                 769",9.578348191115e-01,-3.222865956559e-02,-1.238178632158e-01,9.635239178554e-01,-4.325899429557e-02,-1.256235373928e-01,5.689098743910e-03,-1.103033472999e-02,-1.805674176935e-03
"                 770",9.320375165709e-01,5.278149961470e-02,-1.208036911327e-01,9.378142086597e-01,4.305151731580e-02,-1.224869717699e-01,5.776692088756e-03,-9.729982298894e-03,-1.683280637192e-03
"                 771",9.037277021931e-01,1.060890886433e-01,-1.182659319010e-01,9.094890602373e-01,9.768982333578e-02,-1.198211316344e-01,5.761358044164e-03,-8.399265307523e-03,-1.555199733442e-03
"                 772",8.839919836267e-01,1.338188571461e-01,-1.167910584142e-01,8.896266950583e-01,1.267215297278e-01,-1.182176743737e-01,5.634711431596e-03,-7.097327418239e-03,-1.426615959515e-03
"                 773",8.786557903551e-01,1.578725358198e-01,-1.157387269809e-01,8.840606614765e-01,1.519865364938e-01,-1.170416883332e-01,5.404871121396e-03,-5.885999326096e-03,-1.302961352316e-03
"                 774",8.870217284676e-01,1.982539602288e-01,-1.147223225342e-01,8.921347201252e-01,1.934444276265e-01,-1.159135272517e-01,5.112991657616e-03,-4.809532602278e-03,-1.191204717566e-03
"                 775",9.004141186655e-01,2.604714662898e-01,-1.134905903440e-01,9.051754417272e-01,2.564943033985e-01,-1.145901857215e-01,4.761323061679e-03,-3.977162891321e-03,-1.099595377507e-03
"                 776",9.114537497592e-01,3.150134114039e-01,-1.119805036661e-01,9.158069107083e-01,3.116185614095e-01,-1.130166585680e-01,4.353160949143e-03,-3.394849994365e-03,-1.036154901906e-03
"                 777",9.094784537607e-01,3.417516593879e-01,-1.103264867642e-01,9.133959437857e-01,3.386575908382e-01,-1.113256394432e-01,3.917490024976e-03,-3.094068549725e-03,-9.991526790169e-04
"                 778",8.957146859841e-01,3.368454248576e-01,-1.084484303061e-01,8.991985601459e-01,3.337530957715e-01,-1.094424427271e-01,3.483874161825e-03,-3.092329086077e-03,-9.940124210512e-04
"                 779",8.836658201161e-01,3.134462816507e-01,-1.065144199134e-01,8.867333659267e-01,3.101002588616e-01,-1.075336655026e-01,3.067545810652e-03,-3.346022789164e-03,-1.019245589264e-03
"                 780",8.797425239451e-01,2.800640921740e-01,-1.051161069481e-01,8.824552921436e-01,2.762316017318e-01,-1.061916949687e-01,2.712768198512e-03,-3.832490442219e-03,-1.075588020583e-03
"                 781",8.789162641952e-01,2.337106194203e-01,-1.047087187182e-01,8.812975864573e-01,2.291756656658e-01,-1.058673185743e-01,2.381322262101e-03,-4.534953754495e-03,-1.158599856055e-03
"                 782",8.799697790782e-01,1.695684814173e-01,-1.050517321497e-01,8.820804951729e-01,1.641151268018e-01,-1.063136899174e-01,2.110716094758e-03,-5.453354615438e-03,-1.261957767723e-03
"                 783",8.871777185373e-01,9.293535222554e-02,-1.053220437558e-01,8.890812401139e-01,8.643554876930e-02,-1.067018280462e-01,1.903521576610e-03,-6.499803456239e-03,-1.379784290383e-03
"                 784",9.043318459680e-01,1.785119323944e-02,-1.060392407143e-01,9.061133692899e-01,1.019444928341e-02,-1.075462306822e-01,1.781523321886e-03,-7.656743956030e-03,-1.506989967943e-03
"                 785",9.352816818532e-01,-4.705545705967e-02,-1.080530650557e-01,9.369877694550e-01,-5.594745635434e-02,-1.096842711972e-01,1.706087601823e-03,-8.891999294673e-03,-1.631206141441e-03
"                 786",9.682404305734e-01,-9.661550465363e-02,-1.105835752308e-01,9.699687459132e-01,-1.067437304783e-01,-1.123392690311e-01,1.728315339817e-03,-1.012822582466e-02,-1.755693800390e-03
"                 787",9.930008150191e-01,-1.398276562366e-01,-1.128156003729e-01,9.948403454812e-01,-1.511264877317e-01,-1.146946024734e-01,1.839530462111e-03,-1.129883149514e-02,-1.879002100463e-03
"                 788",9.996347562127e-01,-1.832112328360e-01,-1.144589398877e-01,1.001662385169e+00,-1.955630741673e-01,-1.164550773333e-01,2.027628955785e-03,-1.235184133129e-02,-1.996137445698e-03
"                 789",9.897777175062e-01,-2.324223584364e-01,-1.163463046057e-01,9.920323657031e-01,-2.457142927302e-01,-1.184453457859e-01,2.254648196839e-03,-1.329193429381e-02,-2.099041180179e-03
"                 790",9.735722839851e-01,-2.871951581049e-01,-1.189779895025e-01,9.760719260560e-01,-3.012841581931e-01,-1.211569496507e-01,2.499642070876e-03,-1.408900008816e-02,-2.178960148250e-03
"                 791",9.618289055338e-01,-3.322088760127e-01,-1.225514035478e-01,9.645966291950e-01,-3.469158398349e-01,-1.247808589651e-01,2.767723661126e-03,-1.470696382227e-02,-2.229455417234e-03
"                 792",9.603094240416e-01,-3.612857938935e-01,-1.263834737950e-01,9.633433586215e-01,-3.763859355641e-01,-1.286349682513e-01,3.033934579957e-03,-1.510014167058e-02,-2.251494456240e-03
"                 793",9.651336473162e-01,-3.632148096381e-01,-1.295676053055e-01,9.684463987517e-01,-3.785311143234e-01,-1.318140336272e-01,3.312751435501e-03,-1.531630468529e-02,-2.246428321677e-03
"                 794",9.647829121720e-01,-3.325248954888e-01,-1.315240071291e-01,9.683819298964e-01,-3.478462170779e-01,-1.337427973827e-01,3.599017724324e-03,-1.532132158906e-02,-2.218790253592e-03
"                 795",9.571762907746e-01,-2.893553706555e-01,-1.322210485596e-01,9.610431562089e-01,-3.044145060217e-01,-1.343898311120e-01,3.866865434346e-03,-1.505913536619e-02,-2.168782552393e-03
"                 796",9.480891687733e-01,-2.450484510567e-01,-1.319127799336e-01,9.521968187997e-01,-2.595666094685e-01,-1.340090951705e-01,4.107650026351e-03,-1.451815841173e-02,-2.096315236856e-03
"                 797",9.396153900162e-01,-1.892617221250e-01,-1.303002995171e-01,9.439217456972e-01,-2.029612330909e-01,-1.323042113676e-01,4.306355681017e-03,-1.369951096588e-02,-2.003911850456e-03
"                 798",9.326019407763e-01,-1.131641759736e-01,-1.278465560410e-01,9.370381315172e-01,-1.258586101673e-01,-1.297434528306e-01,4.436190740911e-03,-1.269443419369e-02,-1.896896789532e-03
"                 799",9.215818324693e-01,-2.298628202902e-02,-1.255784449080e-01,9.260914415229e-01,-3.450033466840e-02,-1.273560829279e-01,4.509609053632e-03,-1.151405263938e-02,-1.777638019911e-03
"                 800",9.066782322675e-01,5.481321235257e-02,-1.243512344183e-01,9.112090729456e-01,4.457454554414e-02,-1.260030196399e-01,4.530840678173e-03,-1.023866680843e-02,-1.651785221594e-03
"                 801",8.904654939160e-01,1.064167654955e-01,-1.242600979070e-01,8.949380178248e-01,9.751130449718e-02,-1.257835377161e-01,4.472523908745e-03,-8.905460998356e-03,-1.523439809143e-03
"                 802",8.719234978322e-01,1.296975396946e-01,-1.243346936935e-01,8.762905452470e-01,1.221154098072e-01,-1.257338190057e-01,4.367047414782e-03,-7.582129887467e-03,-1.399125312184e-03
"                 803",8.677621911315e-01,1.482164324825e-01,-1.238665052742e-01,8.719915819986e-01,1.418615929936e-01,-1.251528777066e-01,4.229390867062e-03,-6.354839488920e-03,-1.286372432412e-03
"                 804",8.803130507475e-01,1.776178838644e-01,-1.224851558321e-01,8.844199583705e-01,1.723579525649e-01,-1.236776105106e-01,4.106907623075e-03,-5.259931299432e-03,-1.192454678417e-03
"                 805",9.021971565910e-01,2.309553533057e-01,-1.201033729680e-01,9.061784044348e-01,2.265656257310e-01,-1.212218841028e-01,3.981247843774e-03,-4.389727574717e-03,-1.118511134842e-03
"                 806",9.198832753196e-01,2.934304572281e-01,-1.166683729033e-01,9.237187280457e-01,2.896780110257e-01,-1.177422721108e-01,3.835452726020e-03,-3.752446202450e-03,-1.073899207463e-03
"                 807",9.214270563251e-01,3.295237760866e-01,-1.124517066954e-01,9.251142664971e-01,3.261616756038e-01,-1.135107196845e-01,3.687210171978e-03,-3.362100482798e-03,-1.059012989102e-03
"                 808",9.156884775217e-01,3.342344291860e-01,-1.081937506086e-01,9.192262699291e-01,3.309911221801e-01,-1.092712898273e-01,3.537792407329e-03,-3.243307005896e-03,-1.077539218777e-03
"                 809",9.221977358848e-01,3.152697212358e-01,-1.047349425626e-01,9.255984530735e-01,3.118954027471e-01,-1.058634398078e-01,3.400717188646e-03,-3.374318488706e-03,-1.128497245243e-03
"                 810",9.431003393832e-01,2.900012359044e-01,-1.023707031969e-01,9.463608406492e-01,2.862533227509e-01,-1.035732976772e-01,3.260501266002e-03,-3.747913153505e-03,-1.202594480272e-03
"                 811",9.665706677196e-01,2.491643678797e-01,-1.010706001850e-01,9.697035934426e-01,2.448061437056e-01,-1.023637441096e-01,3.132925723059e-03,-4.358224174131e-03,-1.293143924639e-03
"                 812",9.853362583060e-01,1.890078337675e-01,-1.007883429695e-01,9.883894988721e-01,1.838064516557e-01,-1.021894783071e-01,3.053240566038e-03,-5.201382111800e-03,-1.401135337578e-03
"                 813",1.005974696942e+00,1.190093279803e-01,-1.019282320263e-01,1.008964050175e+00,1.128196223381e-01,-1.034429742630e-01,2.989353233475e-03,-6.189705642223e-03,-1.514742236722e-03
"                 814",1.032576451155e+00,4.473723827337e-02,-1.039671217060e-01,1.035498950535e+00,3.743042483687e-02,-1.055970320346e-01,2.922499379578e-03,-7.306813436504e-03,-1.629910328682e-03
"                 815",1.063469026868e+00,-2.357153525986e-02,-1.057344393086e-01,1.066394803879e+00,-3.210315077765e-02,-1.074846187879e-01,2.925777010911e-03,-8.531615517786e-03,-1.750179479335e-03
"                 816",1.088940897596e+00,-7.542293827592e-02,-1.067580026855e-01,1.091933564889e+00,-8.522054620480e-02,-1.086304819468e-01,2.992667293011e-03,-9.797607928878e-03,-1.872479261384e-03
"                 817",1.101869350125e+00,-1.192992900804e-01,-1.075154297999e-01,1.104956538048e+00,-1.303329875226e-01,-1.095053085897e-01,3.087187922982e-03,-1.103369744226e-02,-1.989878789768e-03
"                 818",1.100586396027e+00,-1.602584354671e-01,-1.090948232201e-01,1.103750397671e+00,-1.724380090472e-01,-1.111865759102e-01,3.164001644108e-03,-1.217957358017e-02,-2.091752690057e-03
"                 819",1.086804284920e+00,-2.056258967748e-01,-1.121281453282e-01,1.090005844243e+00,-2.188319647983e-01,-1.142999779602e-01,3.201559323042e-03,-1.320606802349e-02,-2.171832632087e-03
"                 820",1.069848956985e+00,-2.546082093980e-01,-1.165040877648e-01,1.073062874800e+00,-2.686969423862e-01,-1.187325652797e-01,3.213917814404e-03,-1.408873298819e-02,-2.228477514871e-03
"                 821",1.057399519070e+00,-2.971238766682e-01,-1.214643330066e-01,1.060622721171e+00,-3.118992253288e-01,-1.237235221842e-01,3.223202100868e-03,-1.477534866064e-02,-2.259189177514e-03
"                 822",1.045487754375e+00,-3.256701989780e-01,-1.261259934038e-01,1.048746895285e+00,-3.408982803623e-01,-1.283923117753e-01,3.259140909524e-03,-1.522808138436e-02,-2.266318371512e-03
"                 823",1.032069760028e+00,-3.308687900944e-01,-1.299723466803e-01,1.035372315607e+00,-3.463300648301e-01,-1.322207053064e-01,3.302555579098e-03,-1.546127473571e-02,-2.248358626142e-03
"                 824",1.015212452089e+00,-3.039580154605e-01,-1.327967508703e-01,1.018572282138e+00,-3.194292942072e-01,-1.350038531911e-01,3.359830049051e-03,-1.547127874669e-02,-2.207102320841e-03
"                 825",9.910281671377e-01,-2.575762343628e-01,-1.341387316337e-01,9.944447933149e-01,-2.727880260247e-01,-1.362835984230e-01,3.416626177249e-03,-1.521179166192e-02,-2.144866789255e-03
"                 826",9.633750307815e-01,-2.106326759597e-01,-1.336203223977e-01,9.668142099469e-01,-2.253169106296e-01,-1.356857439616e-01,3.439179165423e-03,-1.468423466994e-02,-2.065421563898e-03
"                 827",9.465192236737e-01,-1.528881191198e-01,-1.320831175899e-01,9.499611674915e-01,-1.667894714783e-01,-1.340496600935e-01,3.441943817803e-03,-1.390135235845e-02,-1.966542503613e-03
"                 828",9.430302261462e-01,-8.110036099319e-02,-1.308714824909e-01,9.464587580368e-01,-9.404228847267e-02,-1.327276295750e-01,3.428531890582e-03,-1.294192747948e-02,-1.856147084102e-03
"                 829",9.453275472858e-01,-2.314542427541e-03,-1.307165854013e-01,9.487289360653e-01,-1.410334448048e-02,-1.324526549541e-01,3.401388779484e-03,-1.178880205294e-02,-1.736069552812e-03
"                 830",9.419252990741e-01,6.830239968637e-02,-1.312262798080e-01,9.452892116079e-01,5.776894549695e-02,-1.328394149718e-01,3.363912533842e-03,-1.053345418942e-02,-1.613135163785e-03
"                 831",9.328171238325e-01,1.148036491202e-01,-1.318718010591e-01,9.361449810532e-01,1.055751302767e-01,-1.333661907222e-01,3.327857220712e-03,-9.228518843470e-03,-1.494389663140e-03
"                 832",9.192322088535e-01,1.388878186210e-01,-1.319455438611e-01,9.225586477577e-01,1.309535930809e-01,-1.333319305143e-01,3.326438904212e-03,-7.934225540009e-03,-1.386386653212e-03
"                 833",9.177401048467e-01,1.545256253612e-01,-1.309308708190e-01,9.211001980832e-01,1.477983063878e-01,-1.322240100839e-01,3.360093236585e-03,-6.727318973434e-03,-1.293139264829e-03
"                 834",9.287801298627e-01,1.803282191325e-01,-1.280885807160e-01,9.322199938624e-01,1.746932482586e-01,-1.293099419934e-01,3.439863999667e-03,-5.634970873924e-03,-1.221361277415e-03
"                 835",9.485149747992e-01,2.327981498530e-01,-1.234806921654e-01,9.520850623003e-01,2.280732400665e-01,-1.246510001282e-01,3.570087501129e-03,-4.724909786500e-03,-1.170307962734e-03
"                 836",9.665093422847e-01,2.952619122030e-01,-1.176804479188e-01,9.702370290415e-01,2.912463946067e-01,-1.188312501677e-01,3.727686756838e-03,-4.015517596264e-03,-1.150802248855e-03
"                 837",9.822797342616e-01,3.390189251338e-01,-1.118008731024e-01,9.861565986083e-01,3.354850115287e-01,-1.129627761139e-01,3.876864346703e-03,-3.533913605170e-03,-1.161903011508e-03
"                 838",9.978373824106e-01,3.483461285153e-01,-1.066116501852e-01,1.001838500796e+00,3.450375179199e-01,-1.078120495802e-01,4.001118385346e-03,-3.308610595428e-03,-1.200399394943e-03
"                 839",1.025342696344e+00,3.308728626940e-01,-1.024741013114e-01,1.029425349212e+00,3.275241565406e-01,-1.037343874103e-01,4.082652867736e-03,-3.348706153376e-03,-1.260286098903e-03
"                 840",1.065309850683e+00,3.052534662927e-01,-9.938736448964e-02,1.069470016754e+00,3.016110724891e-01,-1.007253211629e-01,4.160166071113e-03,-3.642393803600e-03,-1.337956673222e-03
"                 841",1.107556488377e+00,2.665902790681e-01,-9.827528449969e-02,1.111813007727e+00,2.624133222268e-01,-9.970290056409e-02,4.256519349326e-03,-4.176956841326e-03,-1.427616064400e-03
"                 842",1.145209347580e+00,2.136108004467e-01,-9.925896497104e-02,1.149520407244e+00,2.086521263793e-01,-1.007823873468e-01,4.311059664490e-03,-4.958674067359e-03,-1.523422375730e-03
"                 843",1.175122804871e+00,1.423898326514e-01,-1.008371673901e-01,1.179489713352e+00,1.364799360273e-01,-1.024665325775e-01,4.366908481441e-03,-5.909896624072e-03,-1.629365187365e-03
"                 844",1.196370778389e+00,6.193314600466e-02,-1.017010668179e-01,1.200802003556e+00,5.491866881944e-02,-1.034432643366e-01,4.431225166629e-03,-7.014477185222e-03,-1.742197518719e-03
"                 845",1.211249900456e+00,-1.320355161710e-02,-1.018854821206e-01,1.215750118152e+00,-2.146104977891e-02,-1.037429139295e-01,4.500217695391e-03,-8.257498161815e-03,-1.857431808918e-03
"                 846",1.217892968820e+00,-6.896064563117e-02,-1.023684391811e-01,1.222429550157e+00,-7.853785794197e-02,-1.043337401342e-01,4.536581336844e-03,-9.577212310806e-03,-1.965300953124e-03
"                 847",1.219668534946e+00,-1.075983080243e-01,-1.039953164073e-01,1.224176297360e+00,-1.184803848000e-01,-1.060541688711e-01,4.507762413880e-03,-1.088207677569e-02,-2.058852463804e-03
"                 848",1.216759293567e+00,-1.427429546621e-01,-1.071125195947e-01,1.221159854912e+00,-1.548313236943e-01,-1.092465728252e-01,4.400561344825e-03,-1.208836903219e-02,-2.134053230502e-03
"                 849",1.207323818293e+00,-1.823648047098e-01,-1.113925387956e-01,1.211552943351e+00,-1.955199986851e-01,-1.135824301043e-01,4.229125058768e-03,-1.315519397534e-02,-2.189891308775e-03
"                 850",1.188847917978e+00,-2.299477048212e-01,-1.164898466221e-01,1.192864016167e+00,-2.440151501401e-01,-1.187168569618e-01,4.016098189928e-03,-1.406744531884e-02,-2.227010339698e-03
"                 851",1.160912700831e+00,-2.713262839708e-01,-1.218059826737e-01,1.164716178552e+00,-2.860960456574e-01,-1.240510173090e-01,3.803477720319e-03,-1.476976168663e-02,-2.245034635285e-03
"                 852",1.131115495079e+00,-2.975918923041e-01,-1.270397068136e-01,1.134706977423e+00,-3.128007347270e-01,-1.292773551051e-01,3.591482344392e-03,-1.520884242293e-02,-2.237648291463e-03
"                 853",1.100854280700e+00,-3.044032743730e-01,-1.316201161053e-01,1.104255530207e+00,-3.198178181965e-01,-1.338276382210e-01,3.401249506444e-03,-1.541454382347e-02,-2.207522115643e-03
"                 854",1.068526300815e+00,-2.756012676008e-01,-1.343349282074e-01,1.071758202468e+00,-2.910113624774e-01,-1.364935502742e-01,3.231901652968e-03,-1.541009487665e-02,-2.158622066816e-03
"                 855",1.031471936405e+00,-2.245621452279e-01,-1.355180633857e-01,1.034525478364e+00,-2.397159379234e-01,-1.376080763074e-01,3.053541959063e-03,-1.515379269549e-02,-2.090012921734e-03
"                 856",1.000144436427e+00,-1.680422913499e-01,-1.360649257656e-01,1.002999440065e+00,-1.826822987739e-01,-1.380699754943e-01,2.855003637147e-03,-1.464000742402e-02,-2.005049728735e-03
"                 857",9.848575905966e-01,-1.126864332096e-01,-1.366064071162e-01,9.875599181344e-01,-1.265774446608e-01,-1.385132049938e-01,2.702327537719e-03,-1.389101145126e-02,-1.906797877523e-03
"                 858",9.894150234648e-01,-5.350021244320e-02,-1.372517776482e-01,9.919906261689e-01,-6.645513839736e-02,-1.390511300400e-01,2.575602704032e-03,-1.295492595416e-02,-1.799352391817e-03
"                 859",1.001865914596e+00,1.141700253069e-02,-1.379997059922e-01,1.004348837573e+00,-4.248216131750e-04,-1.396874183661e-01,2.482922976886e-03,-1.184182414387e-02,-1.687712373892e-03
"                 860",1.012408489867e+00,7.527521126279e-02,-1.385371976094e-01,1.014881042880e+00,6.463987040269e-02,-1.401168120380e-01,2.472553012483e-03,-1.063534086010e-02,-1.579614428563e-03
"                 861",1.010964339086e+00,1.238408188236e-01,-1.385125830517e-01,1.013514683611e+00,1.144614629068e-01,-1.399946935546e-01,2.550344524773e-03,-9.379355916823e-03,-1.482110502944e-03
"                 862",1.000081300432e+00,1.525627627778e-01,-1.370330034349e-01,1.002789408405e+00,1.444358382607e-01,-1.384320732443e-01,2.708107972740e-03,-8.126924517101e-03,-1.399069809469e-03
"                 863",9.936870626423e-01,1.664767752278e-01,-1.339566643081e-01,9.966404852379e-01,1.595485058500e-01,-1.352890668696e-01,2.953422595617e-03,-6.928269377790e-03,-1.332402561547e-03
"                 864",1.001317013365e+00,1.926008898871e-01,-1.291584842075e-01,1.004607778104e+00,1.867955352553e-01,-1.304478973173e-01,3.290764739276e-03,-5.805354631817e-03,-1.289413109834e-03
"                 865",1.025460275474e+00,2.434963434785e-01,-1.232217952752e-01,1.029161281650e+00,2.386543966428e-01,-1.244890002683e-01,3.701006176796e-03,-4.841946835732e-03,-1.267204993057e-03
"                 866",1.060801212851e+00,3.033382042923e-01,-1.167684598998e-01,1.064944060141e+00,2.992778544455e-01,-1.180412981268e-01,4.142847290177e-03,-4.060349846788e-03,-1.272838227023e-03
"                 867",1.097444191485e+00,3.502502712199e-01,-1.102381186077e-01,1.101977648707e+00,3.467454902108e-01,-1.115356734299e-01,4.533457221557e-03,-3.504781009066e-03,-1.297554822114e-03
"                 868",1.136501817700e+00,3.627133640941e-01,-1.041927984530e-01,1.141375854005e+00,3.595038549769e-01,-1.055321201670e-01,4.874036305059e-03,-3.209509117251e-03,-1.339321713974e-03
"                 869",1.184897722896e+00,3.458910173388e-01,-9.986348697636e-02,1.190097527726e+00,3.427107535358e-01,-1.012629258397e-01,5.199804829518e-03,-3.180263802973e-03,-1.399438863340e-03
"                 870",1.241947709989e+00,3.182197680720e-01,-9.806360243356e-02,1.247437329917e+00,3.148102826777e-01,-9.953425249164e-02,5.489619927646e-03,-3.409485394321e-03,-1.470650058074e-03
"                 871",1.296263102189e+00,2.821419839161e-01,-9.773435382094e-02,1.301984185714e+00,2.782520950076e-01,-9.928354542247e-02,5.721083524845e-03,-3.889888908480e-03,-1.549191601529e-03
"                 872",1.337121395553e+00,2.249276785139e-01,-9.770958921379e-02,1.343066903904e+00,2.202884610912e-01,-9.935053634301e-02,5.945508350190e-03,-4.639217422686e-03,-1.640947129222e-03
"                 873",1.361742200582e+00,1.474936074666e-01,-9.757385240432e-02,1.367869003491e+00,1.418968516484e-01,-9.931628215018e-02,6.126802908720e-03,-5.596755818174e-03,-1.742429745858e-03
"                 874",1.367924791188e+00,6.250664670601e-02,-9.771450388877e-02,1.374173704578e+00,5.577276901264e-02,-9.955789531451e-02,6.248913390536e-03,-6.733877693376e-03,-1.843391425743e-03
"                 875",1.366434931019e+00,-1.211233303698e-02,-9.856214922714e-02,1.372704655690e+00,-2.013672487603e-02,-1.004987325302e-01,6.269724670341e-03,-8.024391839044e-03,-1.936583303087e-03
"                 876",1.361866697825e+00,-6.410004745928e-02,-1.006315451929e-01,1.368045597576e+00,-7.349373053340e-02,-1.026489878428e-01,6.178899751549e-03,-9.393683074118e-03,-2.017442649837e-03
"                 877",1.358775082511e+00,-9.573014417627e-02,-1.039454956849e-01,1.364760253191e+00,-1.064642899464e-01,-1.060283442980e-01,5.985170679276e-03,-1.073414577008e-02,-2.082848613070e-03
"                 878",1.358417232850e+00,-1.290655506835e-01,-1.080673233223e-01,1.364107330375e+00,-1.410260806583e-01,-1.102019084330e-01,5.690097524567e-03,-1.196052997479e-02,-2.134585110656e-03
"                 879",1.346492207235e+00,-1.673141727459e-01,-1.127200742147e-01,1.351819679863e+00,-1.803490741023e-01,-1.148912975636e-01,5.327472628575e-03,-1.303490135647e-02,-2.171223348871e-03
"                 880",1.319401199317e+00,-2.112113830075e-01,-1.179269234748e-01,1.324306604943e+00,-2.251414017179e-01,-1.201175374423e-01,4.905405625807e-03,-1.393001871047e-02,-2.190613967478e-03
"                 881",1.279295236455e+00,-2.501880590301e-01,-1.236512259734e-01,1.283748892591e+00,-2.647788224224e-01,-1.258427065542e-01,4.453656135633e-03,-1.459076339227e-02,-2.191480580748e-03
"                 882",1.230911573688e+00,-2.739429296474e-01,-1.285795338118e-01,1.234927831655e+00,-2.889349207838e-01,-1.307542966888e-01,4.016257966698e-03,-1.499199113645e-02,-2.174762876968e-03
"                 883",1.182216538017e+00,-2.734667754458e-01,-1.324169169729e-01,1.185795636852e+00,-2.886529336337e-01,-1.345535067754e-01,3.579098835481e-03,-1.518615818789e-02,-2.136589802538e-03
"                 884",1.143801638845e+00,-2.399454979375e-01,-1.356910349492e-01,1.146948458689e+00,-2.551247040413e-01,-1.377701650677e-01,3.146819843995e-03,-1.517920610381e-02,-2.079130118504e-03
"                 885",1.111411495757e+00,-1.893857438030e-01,-1.388088219435e-01,1.114176223869e+00,-2.043242444183e-01,-1.408165833127e-01,2.764728112254e-03,-1.493850061539e-02,-2.007761369188e-03
"                 886",1.087616692789e+00,-1.397949919353e-01,-1.414765094673e-01,1.090042485368e+00,-1.542392537069e-01,-1.434018451494e-01,2.425792579695e-03,-1.444426177157e-02,-1.925335682109e-03
"                 887",1.081756818280e+00,-9.345403847318e-02,-1.433561589676e-01,1.083905393929e+00,-1.071808682792e-01,-1.451890922438e-01,2.148575649179e-03,-1.372682980605e-02,-1.832933276215e-03
"                 888",1.094846669301e+00,-4.063191014716e-02,-1.443698976699e-01,1.096820524047e+00,-5.347133968542e-02,-1.461075978313e-01,1.973854745874e-03,-1.283942953827e-02,-1.737700161322e-03
"                 889",1.112947836435e+00,2.370210478449e-02,-1.445084757927e-01,1.114878975830e+00,1.192514121923e-02,-1.461565488461e-01,1.931139394918e-03,-1.177696356526e-02,-1.648073053393e-03
"                 890",1.127266058985e+00,8.515994012195e-02,-1.437000591094e-01,1.129311127280e+00,7.452810415810e-02,-1.452659593494e-01,2.045068295439e-03,-1.063183596385e-02,-1.565900240040e-03
"                 891",1.125812743073e+00,1.306953690977e-01,-1.415216591304e-01,1.128112946280e+00,1.212741529515e-01,-1.430183830102e-01,2.300203207417e-03,-9.421216146185e-03,-1.496723879746e-03
"                 892",1.114529245283e+00,1.597963604046e-01,-1.378158082176e-01,1.117211735625e+00,1.516235690543e-01,-1.392587624314e-01,2.682490342275e-03,-8.172791350304e-03,-1.442954213845e-03
"                 893",1.109886069780e+00,1.767248431103e-01,-1.330710568384e-01,1.113078330000e+00,1.697819318190e-01,-1.344792907730e-01,3.192260219745e-03,-6.942911291335e-03,-1.408233934541e-03
"                 894",1.126105501159e+00,2.070836904272e-01,-1.273001631948e-01,1.129896384674e+00,2.013235508346e-01,-1.286952035985e-01,3.790883515169e-03,-5.760139592579e-03,-1.395040403681e-03
"                 895",1.162436629359e+00,2.599332142893e-01,-1.208635216809e-01,1.166872251906e+00,2.552056636882e-01,-1.222588301081e-01,4.435622547360e-03,-4.727550601109e-03,-1.395308427142e-03
"                 896",1.214231901865e+00,3.201287821986e-01,-1.139272765103e-01,1.219303605047e+00,3.162478831539e-01,-1.153346206279e-01,5.071703181834e-03,-3.880899044618e-03,-1.407344117546e-03
"                 897",1.270635194310e+00,3.663205682603e-01,-1.072556111674e-01,1.276331881751e+00,3.630491593556e-01,-1.086908616554e-01,5.696687441277e-03,-3.271408904628e-03,-1.435250488044e-03
"                 898",1.331661672224e+00,3.760242795967e-01,-1.024847925951e-01,1.337934216990e+00,3.731036042358e-01,-1.039589506048e-01,6.272544766313e-03,-2.920675360841e-03,-1.474158009791e-03
"                 899",1.394656164386e+00,3.574360095801e-01,-9.953776850417e-02,1.401432380582e+00,3.545971629478e-01,-1.010612212808e-01,6.776216195428e-03,-2.838846632292e-03,-1.523452776650e-03
"                 900",1.454999850476e+00,3.286987996797e-01,-9.743593467702e-02,1.462230219149e+00,3.256659949866e-01,-9.902355571123e-02,7.230368672075e-03,-3.032804693084e-03,-1.587621034217e-03
"                 901",1.500199757705e+00,2.905693686037e-01,-9.542627073630e-02,1.507831409068e+00,2.870643591607e-01,-9.708984145324e-02,7.631651362373e-03,-3.505009443024e-03,-1.663570716940e-03
"                 902",1.528657273267e+00,2.291871548637e-01,-9.413606174051e-02,1.536624213230e+00,2.249016277470e-01,-9.588302461791e-02,7.966939963136e-03,-4.285527116619e-03,-1.746962877403e-03
"                 903",1.540277410761e+00,1.489552694864e-01,-9.399813612429e-02,1.548438437254e+00,1.436487970223e-01,-9.582802360712e-02,8.161026492416e-03,-5.306472464167e-03,-1.829887482835e-03
"                 904",1.535079847188e+00,6.184166613960e-02,-9.537971862032e-02,1.543277924881e+00,5.532748737071e-02,-9.728211614478e-02,8.198077693451e-03,-6.514178768890e-03,-1.902397524468e-03
"                 905",1.526051910103e+00,-1.119776455288e-02,-9.816675038833e-02,1.534129809081e+00,-1.906147773105e-02,-1.001321896747e-01,8.077898977631e-03,-7.863713178171e-03,-1.965439286318e-03
"                 906",1.517930187141e+00,-5.638512710837e-02,-1.016336864321e-01,1.525755260272e+00,-6.565983466417e-02,-1.036524893645e-01,7.825073131911e-03,-9.274707555799e-03,-2.018802932428e-03
"                 907",1.509992064847e+00,-8.211735054293e-02,-1.054439296703e-01,1.517439974937e+00,-9.275858401329e-02,-1.075053146557e-01,7.447910090465e-03,-1.064123347036e-02,-2.061384985402e-03
"                 908",1.500770511295e+00,-1.082687734007e-01,-1.095435479673e-01,1.507732001555e+00,-1.201345001341e-01,-1.116372906326e-01,6.961490259901e-03,-1.186572673346e-02,-2.093742665322e-03
"                 909",1.478208368556e+00,-1.449559144593e-01,-1.143384753964e-01,1.484584141415e+00,-1.578654576290e-01,-1.164479411200e-01,6.375772859298e-03,-1.290954316964e-02,-2.109465723640e-03
"                 910",1.435168842820e+00,-1.906604588075e-01,-1.192959762284e-01,1.440911278489e+00,-2.044173231182e-01,-1.214089770272e-01,5.742435668944e-03,-1.375686431069e-02,-2.113000798880e-03
"                 911",1.375340181482e+00,-2.304053437651e-01,-1.241105243941e-01,1.380395696812e+00,-2.447899996780e-01,-1.262139383511e-01,5.055515329060e-03,-1.438465591292e-02,-2.103413956985e-03
"                 912",1.315760000835e+00,-2.496904741587e-01,-1.287740651700e-01,1.320092147971e+00,-2.644773447763e-01,-1.308503951368e-01,4.332147135751e-03,-1.478687061756e-02,-2.076329966797e-03
"                 913",1.266946925925e+00,-2.413922446797e-01,-1.339443202932e-01,1.270584398470e+00,-2.563961182058e-01,-1.359748344809e-01,3.637472544196e-03,-1.500387352611e-02,-2.030514187758e-03
"                 914",1.233213133080e+00,-2.112500648159e-01,-1.392003882652e-01,1.236234852407e+00,-2.262708018608e-01,-1.411738779645e-01,3.021719326928e-03,-1.502073704493e-02,-1.973489699359e-03
"                 915",1.208274344392e+00,-1.756208320046e-01,-1.437859704413e-01,1.210768251317e+00,-1.904214201148e-01,-1.456929416398e-01,2.493906925153e-03,-1.480058811027e-02,-1.906971198487e-03
"                 916",1.191591621606e+00,-1.380967640448e-01,-1.470036255808e-01,1.193657855956e+00,-1.524282981104e-01,-1.488390736217e-01,2.066234350234e-03,-1.433153406557e-02,-1.835448040886e-03
"                 917",1.194867718390e+00,-9.723222707346e-02,-1.488630127254e-01,1.196650207833e+00,-1.108710157325e-01,-1.506256910642e-01,1.782489442772e-03,-1.363878865903e-02,-1.762678338745e-03
"                 918",1.212959630864e+00,-4.261403276601e-02,-1.491455021585e-01,1.214645045356e+00,-5.540800519120e-02,-1.508383068616e-01,1.685414491523e-03,-1.279397242519e-02,-1.692804703099e-03
"                 919",1.230925800031e+00,2.084713241311e-02,-1.474582382277e-01,1.232705271513e+00,9.063401299577e-03,-1.490895516366e-01,1.779471481541e-03,-1.178373111353e-02,-1.631313408837e-03
"                 920",1.244348972582e+00,7.801433866756e-02,-1.441631845807e-01,1.246431397423e+00,6.736240832704e-02,-1.457421743738e-01,2.082424840979e-03,-1.065193034052e-02,-1.578989793047e-03
"                 921",1.246900655506e+00,1.215756303000e-01,-1.397329594014e-01,1.249479377760e+00,1.121545659136e-01,-1.412766493447e-01,2.578722254597e-03,-9.421064386357e-03,-1.543689943270e-03
"                 922",1.244023526028e+00,1.500477788277e-01,-1.346296447091e-01,1.247240289250e+00,1.419103514526e-01,-1.361534338923e-01,3.216763222651e-03,-8.137427375127e-03,-1.523789183169e-03
"                 923",1.254759405929e+00,1.720183738764e-01,-1.294055687903e-01,1.258717485250e+00,1.651555626020e-01,-1.309216527930e-01,3.958079321269e-03,-6.862811274416e-03,-1.516084002698e-03
"                 924",1.286479933895e+00,2.097538881448e-01,-1.236584487656e-01,1.291227818070e+00,2.041183646925e-01,-1.251754472356e-01,4.747884175053e-03,-5.635523452281e-03,-1.516998469972e-03
"                 925",1.338906949231e+00,2.666579291887e-01,-1.172385941357e-01,1.344482639834e+00,2.620882988132e-01,-1.187626109672e-01,5.575690603320e-03,-4.569630375494e-03,-1.524016831523e-03
"                 926",1.407482035769e+00,3.293914705824e-01,-1.113115719943e-01,1.413920158249e+00,3.256986671095e-01,-1.128510442770e-01,6.438122479854e-03,-3.692803472904e-03,-1.539472282694e-03
"                 927",1.479183238094e+00,3.762673157278e-01,-1.064042508408e-01,1.486452187048e+00,3.732183871777e-01,-1.079653579998e-01,7.268948954019e-03,-3.048928550094e-03,-1.561107158933e-03
"                 928",1.547084756606e+00,3.905692576427e-01,-1.020202195881e-01,1.555093373135e+00,3.878977259748e-01,-1.036142192396e-01,8.008616528679e-03,-2.671531667901e-03,-1.593999651496e-03
"                 929",1.603706523498e+00,3.707087123828e-01,-9.777724495212e-02,1.612410289846e+00,3.681185182461e-01,-9.941839617403e-02,8.703766347715e-03,-2.590194136668e-03,-1.641151221905e-03
"                 930",1.649006172260e+00,3.383728554039e-01,-9.414584854349e-02,1.658312891167e+00,3.355500789207e-01,-9.584649955821e-02,9.306718907409e-03,-2.822776483187e-03,-1.700651014720e-03
"                 931",1.679678403693e+00,2.968265480767e-01,-9.170318064193e-02,1.689443411615e+00,2.934620570441e-01,-9.346381814056e-02,9.765007921854e-03,-3.364491032605e-03,-1.760637498630e-03
"                 932",1.699274184910e+00,2.377521396963e-01,-9.125221779672e-02,1.709345294926e+00,2.335222076748e-01,-9.306973174044e-02,1.007111001675e-02,-4.229932021496e-03,-1.817513943723e-03
"                 933",1.707751212847e+00,1.608179716561e-01,-9.283409892598e-02,1.717912167327e+00,1.554946023888e-01,-9.470316611786e-02,1.016095448003e-02,-5.323369267225e-03,-1.869067191875e-03
"                 934",1.702703778691e+00,7.776295312192e-02,-9.586583618366e-02,1.712767935108e+00,7.117640282311e-02,-9.777867422484e-02,1.006415641703e-02,-6.586550298804e-03,-1.912838041177e-03
"                 935",1.693014365803e+00,9.057594199845e-03,-9.965419851405e-02,1.702802440543e+00,1.082291115693e-03,-1.016044466107e-01,9.788074740053e-03,-7.975303084152e-03,-1.950248096666e-03
"                 936",1.681331633264e+00,-3.077092546022e-02,-1.035410817239e-01,1.690703303365e+00,-4.016641206933e-02,-1.055237361252e-01,9.371670100771e-03,-9.395486609115e-03,-1.982654401313e-03
"                 937",1.661518445646e+00,-5.558007364004e-02,-1.076229671859e-01,1.670315376149e+00,-6.631458904511e-02,-1.096258026279e-01,8.796930502611e-03,-1.073451540506e-02,-2.002835442011e-03
"                 938",1.637682719843e+00,-8.422266967868e-02,-1.117764777058e-01,1.645785511077e+00,-9.612996528019e-02,-1.137903077469e-01,8.102791233625e-03,-1.190729560151e-02,-2.013830041143e-03
"                 939",1.596727706413e+00,-1.255583767052e-01,-1.154270965098e-01,1.604043336740e+00,-1.384618605342e-01,-1.174429962543e-01,7.315630326831e-03,-1.290348382896e-02,-2.015899744524e-03
"                 940",1.542480312201e+00,-1.756949040158e-01,-1.195522319667e-01,1.548922412042e+00,-1.894297192683e-01,-1.215590617278e-01,6.442099840146e-03,-1.373481525257e-02,-2.006829761116e-03
"                 941",1.482713557694e+00,-2.138092381650e-01,-1.248701735550e-01,1.488200970248e+00,-2.281702471670e-01,-1.268555758499e-01,5.487412553472e-03,-1.436100900199e-02,-1.985402294830e-03
"                 942",1.423513419197e+00,-2.367417694770e-01,-1.314114125633e-01,1.428079365080e+00,-2.515103651103e-01,-1.333662780071e-01,4.565945882517e-03,-1.476859563327e-02,-1.954865443768e-03
"                 943",1.374678684650e+00,-2.417954078301e-01,-1.382280481679e-01,1.378401185659e+00,-2.567884056322e-01,-1.401409250033e-01,3.722501009726e-03,-1.499299780217e-02,-1.912876835438e-03
"                 944",1.339447330455e+00,-2.284294628708e-01,-1.443107193385e-01,1.342429271862e+00,-2.434477814429e-01,-1.461742209462e-01,2.981941406762e-03,-1.501831857205e-02,-1.863501607731e-03
"                 945",1.319983384418e+00,-2.009489267518e-01,-1.488691887114e-01,1.322378874479e+00,-2.157612444792e-01,-1.506814796717e-01,2.395490060751e-03,-1.481231772739e-02,-1.812290960285e-03
"                 946",1.308516129687e+00,-1.630306610616e-01,-1.515232716060e-01,1.310515878166e+00,-1.773918771067e-01,-1.532858948914e-01,1.999748478502e-03,-1.436121604516e-02,-1.762623285403e-03
"                 947",1.306994278719e+00,-1.161430035218e-01,-1.518183359393e-01,1.308812008949e+00,-1.298397502627e-01,-1.535352623625e-01,1.817730230438e-03,-1.369674674086e-02,-1.716926423190e-03
"                 948",1.315535135493e+00,-6.142245925182e-02,-1.496288397705e-01,1.317408120336e+00,-7.428129396566e-02,-1.513059797114e-01,1.872984843031e-03,-1.285883471384e-02,-1.677139940894e-03
"                 949",1.332601329708e+00,-2.672825741797e-03,-1.454648979703e-01,1.334782466887e+00,-1.448746910343e-02,-1.471134809203e-01,2.181137179001e-03,-1.181464336163e-02,-1.648582950032e-03
"                 950",1.350111542808e+00,4.828270344022e-02,-1.404895827193e-01,1.352825885992e+00,3.765588484891e-02,-1.421210937479e-01,2.714343183771e-03,-1.062681859132e-02,-1.631511028618e-03
"                 951",1.365056049080e+00,9.034957881840e-02,-1.354569585562e-01,1.368485539251e+00,8.101136625769e-02,-1.370832276435e-01,3.429490170722e-03,-9.338212560716e-03,-1.626269087296e-03
"                 952",1.376434520295e+00,1.208998834429e-01,-1.302426533460e-01,1.380683380165e+00,1.128867946589e-01,-1.318687687280e-01,4.248859870251e-03,-8.013088784047e-03,-1.626115382001e-03
"                 953",1.402168563617e+00,1.489471168060e-01,-1.248626492972e-01,1.407307204495e+00,1.422411191883e-01,-1.264895387600e-01,5.138640877848e-03,-6.705997617623e-03,-1.626889462769e-03
"                 954",1.446599212760e+00,1.948346133819e-01,-1.198014858020e-01,1.452719952923e+00,1.893823289923e-01,-1.214346249681e-01,6.120740163235e-03,-5.452284389631e-03,-1.633139166124e-03
"                 955",1.511828792084e+00,2.591699561952e-01,-1.155862980662e-01,1.518969772211e+00,2.548004271994e-01,-1.172251408099e-01,7.140980127375e-03,-4.369528995854e-03,-1.638842743742e-03
"                 956",1.586381620331e+00,3.273960970756e-01,-1.109947527718e-01,1.594549554879e+00,3.239091647340e-01,-1.126451515828e-01,8.167934547814e-03,-3.486932341592e-03,-1.650398811000e-03
"                 957",1.653857905434e+00,3.693418685466e-01,-1.055038311646e-01,1.663019648506e+00,3.664860351978e-01,-1.071742849390e-01,9.161743071883e-03,-2.855833348832e-03,-1.670453774367e-03
"                 958",1.711369745505e+00,3.765879259366e-01,-9.967391628478e-02,1.721442744996e+00,3.740531207307e-01,-1.013762562358e-01,1.007299949087e-02,-2.534805205956e-03,-1.702339951069e-03
"                 959",1.750889405871e+00,3.555598733585e-01,-9.476505416454e-02,1.761743383825e+00,3.530166219843e-01,-9.650313639576e-02,1.085397795380e-02,-2.543251374290e-03,-1.738082231224e-03
"                 960",1.779333123386e+00,3.271503985477e-01,-9.154596034200e-02,1.790777130645e+00,3.242742595208e-01,-9.332142032715e-02,1.144400725896e-02,-2.876139026951e-03,-1.775459985143e-03
"                 961",1.801418480909e+00,2.854812362804e-01,-9.048332443105e-02,1.813229747197e+00,2.819582657551e-01,-9.228903657869e-02,1.181126628868e-02,-3.522970525324e-03,-1.805712147645e-03
"                 962",1.819960604990e+00,2.241395267961e-01,-9.158672247419e-02,1.831944651799e+00,2.196765239298e-01,-9.341989758944e-02,1.198404680913e-02,-4.463002866304e-03,-1.833175115250e-03
"                 963",1.828724727039e+00,1.444761375717e-01,-9.424445699173e-02,1.840639395365e+00,1.388676097159e-01,-9.610076845971e-02,1.191466832664e-02,-5.608527855794e-03,-1.856311467977e-03
"                 964",1.819224285784e+00,6.081530884086e-02,-9.777028050019e-02,1.830865803794e+00,5.391705429410e-02,-9.964737687313e-02,1.164151801033e-02,-6.898254546756e-03,-1.877096372948e-03
"                 965",1.797103222682e+00,-6.137601749231e-03,-1.018352882816e-01,1.808277643413e+00,-1.441863481248e-02,-1.037256931739e-01,1.117442073034e-02,-8.281033063248e-03,-1.890404892280e-03
"                 966",1.768541310240e+00,-4.946426437046e-02,-1.060296848790e-01,1.779085624956e+00,-5.912501725733e-02,-1.079283599959e-01,1.054431471634e-02,-9.660752886878e-03,-1.898675116923e-03
"                 967",1.728926062835e+00,-8.150540688294e-02,-1.092459179908e-01,1.738705245615e+00,-9.245997112499e-02,-1.111484429950e-01,9.779182780671e-03,-1.095456424205e-02,-1.902525004277e-03
"                 968",1.686722104516e+00,-1.191783110390e-01,-1.121418667688e-01,1.695592449576e+00,-1.312835442097e-01,-1.140420748743e-01,8.870345060632e-03,-1.210523317075e-02,-1.900208105504e-03
"                 969",1.642061331623e+00,-1.694732366422e-01,-1.158143431391e-01,1.649886304744e+00,-1.825731055613e-01,-1.177024019779e-01,7.824973120652e-03,-1.309986891912e-02,-1.888058838844e-03
"                 970",1.592226853019e+00,-2.257412961847e-01,-1.215263175624e-01,1.598963896462e+00,-2.396649361959e-01,-1.233978839378e-01,6.737043442741e-03,-1.392364001114e-02,-1.871566375439e-03
"                 971",1.536355527008e+00,-2.756622219198e-01,-1.284137107849e-01,1.541998163031e+00,-2.901964291105e-01,-1.302664281229e-01,5.642636022927e-03,-1.453420719070e-02,-1.852717337994e-03
"                 972",1.476008235067e+00,-3.114764762992e-01,-1.356249306219e-01,1.480585809355e+00,-3.264204868252e-01,-1.374525717184e-01,4.577574287861e-03,-1.494401052600e-02,-1.827641096410e-03
"                 973",1.425746979452e+00,-3.256260773273e-01,-1.426969061776e-01,1.429385099513e+00,-3.408099342300e-01,-1.444947921068e-01,3.638120061081e-03,-1.518385690268e-02,-1.797885929226e-03
"                 974",1.390464208157e+00,-3.094547224775e-01,-1.483106127191e-01,1.393368206682e+00,-3.246800501709e-01,-1.500822238508e-01,2.903998524738e-03,-1.522532769336e-02,-1.771611131711e-03
"                 975",1.367351351482e+00,-2.743134288627e-01,-1.516242885139e-01,1.369742223442e+00,-2.893431489971e-01,-1.533723855013e-01,2.390871960713e-03,-1.502972013439e-02,-1.748096987408e-03
"                 976",1.347847784385e+00,-2.320190119134e-01,-1.522318580960e-01,1.349963068283e+00,-2.465915247338e-01,-1.539613077707e-01,2.115283898708e-03,-1.457251282044e-02,-1.729449674706e-03
"                 977",1.336917684938e+00,-1.818984699123e-01,-1.502711284247e-01,1.339019202035e+00,-1.957849128439e-01,-1.519869544601e-01,2.101517097371e-03,-1.388644293160e-02,-1.715826035458e-03
"                 978",1.338041891060e+00,-1.230171922026e-01,-1.461872775841e-01,1.340409750855e+00,-1.360155189488e-01,-1.479003099548e-01,2.367859794729e-03,-1.299832674616e-02,-1.713032370620e-03
"                 979",1.356200392194e+00,-5.863430486278e-02,-1.411139815613e-01,1.359076233315e+00,-7.053653761488e-02,-1.428308049692e-01,2.875841120380e-03,-1.190223275210e-02,-1.716823407877e-03
"                 980",1.380718424598e+00,-1.274413354793e-03,-1.357387630764e-01,1.384283572236e+00,-1.194620415177e-02,-1.374627591185e-01,3.565147638332e-03,-1.067179079697e-02,-1.723996042071e-03
"                 981",1.408780348240e+00,4.667090474936e-02,-1.304785709397e-01,1.413166966428e+00,3.732246404607e-02,-1.322070864049e-01,4.386618188065e-03,-9.348440703288e-03,-1.728515465221e-03
"                 982",1.436804742195e+00,8.411127021783e-02,-1.256976166890e-01,1.442148950779e+00,7.611438082635e-02,-1.274319151586e-01,5.344208584254e-03,-7.996889391486e-03,-1.734298469615e-03
"                 983",1.478920956728e+00,1.252674027505e-01,-1.222374427695e-01,1.485327069489e+00,1.186011851690e-01,-1.239753863552e-01,6.406112760652e-03,-6.666217581530e-03,-1.737943585667e-03
"                 984",1.530036636090e+00,1.847453939406e-01,-1.191345985855e-01,1.537566144283e+00,1.793367507291e-01,-1.208744029228e-01,7.529508193088e-03,-5.408643211451e-03,-1.739804337283e-03
"                 985",1.588972289172e+00,2.577425764020e-01,-1.148768607617e-01,1.597654796468e+00,2.534017070537e-01,-1.166220745436e-01,8.682507296571e-03,-4.340869348298e-03,-1.745213781945e-03
"                 986",1.649995347425e+00,3.206578067120e-01,-1.090448180727e-01,1.659837622862e+00,3.171593476763e-01,-1.108005872798e-01,9.842275436784e-03,-3.498459035754e-03,-1.755769207035e-03
"                 987",1.702529054379e+00,3.541883896242e-01,-1.027759280054e-01,1.713458115827e+00,3.512337792828e-01,-1.045458485306e-01,1.092906144753e-02,-2.954610341461e-03,-1.769920525190e-03
"                 988",1.746627166259e+00,3.592579720735e-01,-9.714294067591e-02,1.758473235806e+00,3.565216510812e-01,-9.892701469609e-02,1.184606954677e-02,-2.736320992321e-03,-1.784074020176e-03
"                 989",1.779009339338e+00,3.412337277011e-01,-9.340336973474e-02,1.791556121498e+00,3.383897442525e-01,-9.519741957131e-02,1.254678215989e-02,-2.843983448643e-03,-1.794049836569e-03
"                 990",1.806217363183e+00,3.129857228526e-01,-9.185469140962e-02,1.819217326913e+00,3.097316457008e-01,-9.365567336820e-02,1.299996373009e-02,-3.254077151766e-03,-1.800981958578e-03
"                 991",1.828589253359e+00,2.660066601509e-01,-9.208678205377e-02,1.841809692279e+00,2.620463245247e-01,-9.389079877694e-02,1.322043892078e-02,-3.960335626125e-03,-1.804016723164e-03
"                 992",1.845443899301e+00,1.995217955105e-01,-9.371856566732e-02,1.858667451602e+00,1.945855606698e-01,-9.552477659099e-02,1.322355230066e-02,-4.936234840719e-03,-1.806210923678e-03
"                 993",1.844894675304e+00,1.144032132021e-01,-9.659465971101e-02,1.857883282667e+00,1.083119783805e-01,-9.840119833261e-02,1.298860736328e-02,-6.091234821572e-03,-1.806538621599e-03
"                 994",1.822832830028e+00,2.361216283659e-02,-1.004748143174e-01,1.835350461851e+00,1.624193801641e-02,-1.022773836151e-01,1.251763182315e-02,-7.370224820177e-03,-1.802569297765e-03
"                 995",1.782273406676e+00,-5.369041724610e-02,-1.041571096531e-01,1.794142703198e+00,-6.241219646321e-02,-1.059546863523e-01,1.186929652216e-02,-8.721779217110e-03,-1.797576699246e-03
"                 996",1.731376695991e+00,-1.053380782394e-01,-1.071196406430e-01,1.742424378294e+00,-1.154103333069e-01,-1.089120271459e-01,1.104768230336e-02,-1.007225506752e-02,-1.792386502928e-03
"                 997",1.677869851901e+00,-1.413285483217e-01,-1.099953065121e-01,1.687905048875e+00,-1.526787570610e-01,-1.117772197117e-01,1.003519697476e-02,-1.135020873934e-02,-1.781913199559e-03
"                 998",1.630934346006e+00,-1.805094617007e-01,-1.139617220108e-01,1.639824112563e+00,-1.929991519741e-01,-1.157301209962e-01,8.889766557133e-03,-1.248969027334e-02,-1.768398985456e-03
"                 999",1.587487563092e+00,-2.432955009327e-01,-1.192302822251e-01,1.595170297292e+00,-2.567675929495e-01,-1.209848403626e-01,7.682734200352e-03,-1.347209201678e-02,-1.754558137476e-03
"                1000",1.537777977584e+00,-3.162171119031e-01,-1.256607188280e-01,1.544232416594e+00,-3.304963388294e-01,-1.274021493165e-01,6.454439009604e-03,-1.427922692622e-02,-1.741430488483e-03
"                1001",1.481476576628e+00,-3.781399465591e-01,-1.326343589544e-01,1.486718469873e+00,-3.930268350671e-01,-1.343647720957e-01,5.241893244817e-03,-1.488688850792e-02,-1.730413141247e-03
"                1002",1.419912236984e+00,-4.134353906564e-01,-1.396600820700e-01,1.424051316862e+00,-4.287315389375e-01,-1.413834196748e-01,4.139079877605e-03,-1.529614828107e-02,-1.723337604830e-03
"                1003",1.366404479018e+00,-4.078135919579e-01,-1.456310321676e-01,1.369635783086e+00,-4.233595400700e-01,-1.473504424453e-01,3.231304067611e-03,-1.554594811211e-02,-1.719410277700e-03
"                1004",1.321150416637e+00,-3.740729262744e-01,-1.492702639224e-01,1.323723525124e+00,-3.896544355364e-01,-1.509910158495e-01,2.573108487255e-03,-1.558150926204e-02,-1.720751927116e-03
"                1005",1.284435205865e+00,-3.349029379969e-01,-1.502977884913e-01,1.286605874640e+00,-3.502445770748e-01,-1.520251451968e-01,2.170668775767e-03,-1.534163907782e-02,-1.727356705534e-03
"                1006",1.257429010255e+00,-2.917276220509e-01,-1.488532655038e-01,1.259494349614e+00,-3.065458430666e-01,-1.505964420931e-01,2.065339359083e-03,-1.481822101570e-02,-1.743176589258e-03
"                1007",1.246394566561e+00,-2.321720452811e-01,-1.456676025410e-01,1.248629087388e+00,-2.462284036100e-01,-1.474317892077e-01,2.234520826942e-03,-1.405635832887e-02,-1.764186666683e-03
"                1008",1.252834956338e+00,-1.583239825943e-01,-1.411389606242e-01,1.255490703103e+00,-1.714053942557e-01,-1.429266886842e-01,2.655746765092e-03,-1.308141166137e-02,-1.787728060047e-03
"                1009",1.281802036772e+00,-8.303109206504e-02,-1.358733607189e-01,1.285078775375e+00,-9.494520141358e-02,-1.376788787121e-01,3.276738603547e-03,-1.191410934854e-02,-1.805517993165e-03
"                1010",1.320304111360e+00,-2.204662010796e-02,-1.306701641586e-01,1.324379771123e+00,-3.267132379922e-02,-1.324909747288e-01,4.075659762967e-03,-1.062470369126e-02,-1.820810570266e-03
"                1011",1.366668758951e+00,3.305179537060e-02,-1.268789009317e-01,1.371726114147e+00,2.379643834137e-02,-1.287097497273e-01,5.057355196800e-03,-9.255357029224e-03,-1.830848795540e-03
"                1012",1.412429415281e+00,8.483235705873e-02,-1.242869246518e-01,1.418596640768e+00,7.696619707902e-02,-1.261224459275e-01,6.167225487766e-03,-7.866159979714e-03,-1.835521275747e-03
"                1013",1.459600659939e+00,1.384260230343e-01,-1.215492679149e-01,1.466947597078e+00,1.319112164204e-01,-1.233875033247e-01,7.346937138210e-03,-6.514806613892e-03,-1.838235409819e-03
"                1014",1.504355836676e+00,2.008988614381e-01,-1.175413889198e-01,1.512957806256e+00,1.956131441141e-01,-1.193832175540e-01,8.601969579531e-03,-5.285717324039e-03,-1.841828634171e-03
"                1015",1.550546015247e+00,2.688420945674e-01,-1.122357666111e-01,1.560403451501e+00,2.645577932401e-01,-1.140815239618e-01,9.857436254280e-03,-4.284301327363e-03,-1.845757350726e-03
"                1016",1.597569842059e+00,3.250532301197e-01,-1.064388557623e-01,1.608613899165e+00,3.215174252093e-01,-1.082829913451e-01,1.104405710549e-02,-3.535804910452e-03,-1.844135582813e-03
"                1017",1.640836348663e+00,3.577841217691e-01,-1.012082392900e-01,1.652904021600e+00,3.546831224928e-01,-1.030424686899e-01,1.206767293632e-02,-3.100999276339e-03,-1.834229399837e-03
"                1018",1.685492149405e+00,3.599211483327e-01,-9.733011935812e-02,1.698364335106e+00,3.569377991445e-01,-9.914976563549e-02,1.287218570047e-02,-2.983349188119e-03,-1.819646277369e-03
"                1019",1.724451296311e+00,3.411055741373e-01,-9.500087476127e-02,1.737887126546e+00,3.379387734870e-01,-9.680281374457e-02,1.343583023541e-02,-3.166800650350e-03,-1.801938983301e-03
"                1020",1.751766064980e+00,3.080783588743e-01,-9.403507838925e-02,1.765503199352e+00,3.044505696154e-01,-9.581848673809e-02,1.373713437231e-02,-3.627789258884e-03,-1.783408348846e-03
"                1021",1.766172486314e+00,2.555229627412e-01,-9.457944784347e-02,1.779976271479e+00,2.511525654702e-01,-9.634290290028e-02,1.380378516494e-02,-4.370397270973e-03,-1.763455056808e-03
"                1022",1.769096276808e+00,1.800673757393e-01,-9.656806127188e-02,1.782719277568e+00,1.747286735914e-01,-9.830933692501e-02,1.362300076001e-02,-5.338702147969e-03,-1.741275653131e-03
"                1023",1.754295671424e+00,8.274369569195e-02,-9.938038295221e-02,1.767500888085e+00,7.627668530703e-02,-1.011000060182e-01,1.320521666150e-02,-6.467010384915e-03,-1.719623066031e-03
"                1024",1.715618867854e+00,-1.655388340605e-02,-1.021332814637e-01,1.728182118566e+00,-2.428457033265e-02,-1.038347860177e-01,1.256325071186e-02,-7.730686926599e-03,-1.701504553991e-03
"                1025",1.658393003210e+00,-9.652337804683e-02,-1.050501163759e-01,1.670100485455e+00,-1.056003080362e-01,-1.067328580353e-01,1.170748224565e-02,-9.076929989414e-03,-1.682741659380e-03
"                1026",1.598534220677e+00,-1.463602542126e-01,-1.086771371196e-01,1.609184053113e+00,-1.567850255926e-01,-1.103413376872e-01,1.064983243551e-02,-1.042477138000e-02,-1.664200567591e-03
"                1027",1.543738582677e+00,-1.874409139094e-01,-1.132180732871e-01,1.553203045659e+00,-1.991356555237e-01,-1.148672475102e-01,9.464462981481e-03,-1.169474161430e-02,-1.649174223150e-03
"                1028",1.496747239706e+00,-2.435892960282e-01,-1.183025855472e-01,1.504935665011e+00,-2.564115760744e-01,-1.199403791000e-01,8.188425304782e-03,-1.282228004618e-02,-1.637793552748e-03
"                1029",1.454235881670e+00,-3.196660992028e-01,-1.236400646952e-01,1.461096134558e+00,-3.334696463921e-01,-1.252693868438e-01,6.860252887451e-03,-1.380354718930e-02,-1.629322148569e-03
"                1030",1.406712234002e+00,-3.943446690299e-01,-1.296452587561e-01,1.412284583838e+00,-4.089565197706e-01,-1.312742683920e-01,5.572349836534e-03,-1.461185074074e-02,-1.629009635843e-03
"                1031",1.354184782151e+00,-4.485567615254e-01,-1.358011141768e-01,1.358568650148e+00,-4.637801863878e-01,-1.374384726084e-01,4.383867997328e-03,-1.522342486239e-02,-1.637358431636e-03
"                1032",1.290047447891e+00,-4.669295060657e-01,-1.411472678531e-01,1.293410292931e+00,-4.825719128112e-01,-1.428024029276e-01,3.362845039541e-03,-1.564240674549e-02,-1.655135074512e-03
"                1033",1.229712003585e+00,-4.479713314560e-01,-1.447666041292e-01,1.232278968927e+00,-4.638413570006e-01,-1.464463448499e-01,2.566965341794e-03,-1.587002554466e-02,-1.679740720704e-03
"                1034",1.175426741454e+00,-4.111762379053e-01,-1.461283248525e-01,1.177497295279e+00,-4.270165491407e-01,-1.478436281705e-01,2.070553824571e-03,-1.584031123545e-02,-1.715303317990e-03
"                1035",1.136412546415e+00,-3.702156415513e-01,-1.456452241998e-01,1.138265250001e+00,-3.857247589629e-01,-1.474029293438e-01,1.852703585422e-03,-1.550911741155e-02,-1.757705143975e-03
"                1036",1.121791770314e+00,-3.147855738677e-01,-1.436933763446e-01,1.123711890447e+00,-3.296696596400e-01,-1.454973415693e-01,1.920120132821e-03,-1.488408577224e-02,-1.803965224684e-03
"                1037",1.128250548950e+00,-2.380235669130e-01,-1.403907456572e-01,1.130464978079e+00,-2.520601333170e-01,-1.422344055022e-01,2.214429129334e-03,-1.403656640396e-02,-1.843659845004e-03
"                1038",1.152587787975e+00,-1.554465122239e-01,-1.358613233153e-01,1.155334491741e+00,-1.684199556796e-01,-1.377383978947e-01,2.746703766064e-03,-1.297344345563e-02,-1.877074579464e-03
"                1039",1.200558304540e+00,-7.622144406321e-02,-1.316361996800e-01,1.204078032942e+00,-8.796246716831e-02,-1.335379961645e-01,3.519728402564e-03,-1.174102310510e-02,-1.901796484491e-03
"                1040",1.257362030332e+00,-1.136066217080e-02,-1.287252681236e-01,1.261843586927e+00,-2.174854166155e-02,-1.306439274553e-01,4.481556595101e-03,-1.038787949075e-02,-1.918659331735e-03
"                1041",1.313013071876e+00,4.591635157269e-02,-1.262760629350e-01,1.318603797225e+00,3.693064232721e-02,-1.282049433009e-01,5.590725349147e-03,-8.985709245480e-03,-1.928880365881e-03
"                1042",1.360266860286e+00,9.937717547541e-02,-1.231924348030e-01,1.367089112792e+00,9.178333726602e-02,-1.251288131780e-01,6.822252506006e-03,-7.593838209392e-03,-1.936378374947e-03
"                1043",1.400209097616e+00,1.541251260381e-01,-1.192778198635e-01,1.408337170704e+00,1.478403895269e-01,-1.212191904582e-01,8.128073088070e-03,-6.284736511273e-03,-1.941370594666e-03
"                1044",1.432423901970e+00,2.182949598957e-01,-1.149900529320e-01,1.441854316890e+00,2.131481831252e-01,-1.169262693763e-01,9.430414919694e-03,-5.146776770459e-03,-1.936216444328e-03
"                1045",1.468295451003e+00,2.861388767259e-01,-1.106158754026e-01,1.478940940662e+00,2.818945736212e-01,-1.125363113733e-01,1.064548965899e-02,-4.244303104747e-03,-1.920435970669e-03
"                1046",1.511570669450e+00,3.388331848730e-01,-1.066009658101e-01,1.523297869792e+00,3.352304652495e-01,-1.084931697854e-01,1.172720034263e-02,-3.602719623538e-03,-1.892203975275e-03
"                1047",1.562298741583e+00,3.657587463192e-01,-1.030278821095e-01,1.574910146984e+00,3.625048910535e-01,-1.048818115503e-01,1.261140540141e-02,-3.253855265693e-03,-1.853929440769e-03
"                1048",1.611711093329e+00,3.655102594628e-01,-1.000829709653e-01,1.624981595530e+00,3.623084909243e-01,-1.018954429624e-01,1.327050220064e-02,-3.201768538509e-03,-1.812471997081e-03
"                1049",1.648465866590e+00,3.492980170033e-01,-9.809076303778e-02,1.662150649900e+00,3.458699596461e-01,-9.986216474231e-02,1.368478330995e-02,-3.428057357242e-03,-1.771401704530e-03
"                1050",1.662147402373e+00,3.162522338801e-01,-9.728832035986e-02,1.675969684868e+00,3.123535265722e-01,-9.901604650320e-02,1.382228249527e-02,-3.898707307822e-03,-1.727726143341e-03
"                1051",1.661165928203e+00,2.551289005488e-01,-9.793230812995e-02,1.674885305188e+00,2.504985839613e-01,-9.961637994809e-02,1.371937698528e-02,-4.630316587509e-03,-1.684071818140e-03
"                1052",1.647346364340e+00,1.681166483017e-01,-9.888067332845e-02,1.660735650787e+00,1.625414000221e-01,-1.005272119590e-01,1.338928644755e-02,-5.575248279696e-03,-1.646538630574e-03
"                1053",1.616682608043e+00,6.217448446185e-02,-1.005707654769e-01,1.629468766624e+00,5.546920760266e-02,-1.021811064799e-01,1.278615858147e-02,-6.705276859187e-03,-1.610341003049e-03
"                1054",1.570751974772e+00,-3.935918356196e-02,-1.036840314376e-01,1.582677504075e+00,-4.734416574638e-02,-1.052607116041e-01,1.192552930381e-02,-7.984982184421e-03,-1.576680166448e-03
"                1055",1.513851242512e+00,-1.162484916982e-01,-1.080787586258e-01,1.524746199381e+00,-1.255903024220e-01,-1.096277917314e-01,1.089495686979e-02,-9.341810723835e-03,-1.549033105541e-03
"                1056",1.454770420988e+00,-1.729593069886e-01,-1.129824910798e-01,1.464488352428e+00,-1.836454735645e-01,-1.145128949493e-01,9.717931439889e-03,-1.068616657593e-02,-1.530403869428e-03
"                1057",1.402105831186e+00,-2.276676625457e-01,-1.178421346526e-01,1.410518716776e+00,-2.396220714941e-01,-1.193598655591e-01,8.412885590006e-03,-1.195440894836e-02,-1.517730906499e-03
"                1058",1.356197593023e+00,-2.937175403248e-01,-1.226513030232e-01,1.363264063403e+00,-3.068122406122e-01,-1.241665101209e-01,7.066470380311e-03,-1.309470028741e-02,-1.515207097633e-03
"                1059",1.315629664013e+00,-3.707394373601e-01,-1.274068292933e-01,1.321385319448e+00,-3.848317301718e-01,-1.289316497753e-01,5.755655435319e-03,-1.409229281171e-02,-1.524820482070e-03
"                1060",1.268210364047e+00,-4.345140035020e-01,-1.318178825119e-01,1.272759698117e+00,-4.494230327737e-01,-1.333664826728e-01,4.549334069651e-03,-1.490902927175e-02,-1.548600160917e-03
"                1061",1.212729725068e+00,-4.743349755027e-01,-1.354239325297e-01,1.216218712656e+00,-4.898398629959e-01,-1.370086095819e-01,3.488987588762e-03,-1.550488749316e-02,-1.584677052218e-03
"                1062",1.148164748956e+00,-4.852986461043e-01,-1.382796925487e-01,1.150808140915e+00,-5.011746494961e-01,-1.399130614571e-01,2.643391959649e-03,-1.587600339176e-02,-1.633368908401e-03
"                1063",1.088266229446e+00,-4.628784587090e-01,-1.401275833813e-01,1.090316907334e+00,-4.789032756377e-01,-1.418215493033e-01,2.050677888616e-03,-1.602481692872e-02,-1.693965921967e-03
"                1064",1.042239363371e+00,-4.178053364005e-01,-1.408905490593e-01,1.043975142069e+00,-4.336944661772e-01,-1.426523075673e-01,1.735778698517e-03,-1.588912977673e-02,-1.761758507978e-03
"                1065",1.020217802668e+00,-3.651591172207e-01,-1.402119458425e-01,1.021884190980e+00,-3.806091835931e-01,-1.420401980827e-01,1.666388311972e-03,-1.545006637246e-02,-1.828252240186e-03
"                1066",1.026048089098e+00,-3.010471788047e-01,-1.381191174059e-01,1.027892973903e+00,-3.157745327326e-01,-1.400035066475e-01,1.844884804870e-03,-1.472735392795e-02,-1.884389241535e-03
"                1067",1.054184981470e+00,-2.144209729935e-01,-1.354810801268e-01,1.056470704069e+00,-2.282039394562e-01,-1.374138929589e-01,2.285722599434e-03,-1.378296646265e-02,-1.932812832141e-03
"                1068",1.100294951166e+00,-1.239551379628e-01,-1.332133650349e-01,1.103282829307e+00,-1.365805420567e-01,-1.351832061250e-01,2.987878141108e-03,-1.262540409397e-02,-1.969841090128e-03
"                1069",1.160806890240e+00,-4.220595269035e-02,-1.308072904286e-01,1.164714520788e+00,-5.353774021010e-02,-1.328026156609e-01,3.907630548066e-03,-1.133178751975e-02,-1.995325232307e-03
"                1070",1.218143747425e+00,2.234553793687e-02,-1.277396158918e-01,1.223140643631e+00,1.239576992206e-02,-1.297545289926e-01,4.996896206716e-03,-9.949768014810e-03,-2.014913100838e-03
"                1071",1.263856468986e+00,7.187711995149e-02,-1.239966700880e-01,1.270089230679e+00,6.331485654808e-02,-1.260243223164e-01,6.232761692700e-03,-8.562263403416e-03,-2.027652228387e-03
"                1072",1.301752291925e+00,1.192841349701e-01,-1.204442525830e-01,1.309287633004e+00,1.120456595418e-01,-1.224752070204e-01,7.535341078805e-03,-7.238475428263e-03,-2.030954437443e-03
"                1073",1.333140443331e+00,1.767848364606e-01,-1.171802384535e-01,1.341968435365e+00,1.707639767741e-01,-1.192007345294e-01,8.827992034177e-03,-6.020859686524e-03,-2.020496075932e-03
"                1074",1.362996759010e+00,2.434209977133e-01,-1.145351569360e-01,1.373030270617e+00,2.384287996124e-01,-1.165260364058e-01,1.003351160696e-02,-4.992198100972e-03,-1.990879469747e-03
"                1075",1.402405762100e+00,3.077076405318e-01,-1.121393576468e-01,1.413515663301e+00,3.035326309754e-01,-1.140872887972e-01,1.110990120164e-02,-4.175009556431e-03,-1.947931150454e-03
"                1076",1.448776412685e+00,3.571879356316e-01,-1.094938386730e-01,1.460807575219e+00,3.535771722804e-01,-1.113872045890e-01,1.203116253392e-02,-3.610763351186e-03,-1.893365915995e-03
"                1077",1.497355876814e+00,3.834688480671e-01,-1.064846844232e-01,1.510107308083e+00,3.801505414257e-01,-1.083165067341e-01,1.275143126917e-02,-3.318306641351e-03,-1.831822310860e-03
"                1078",1.534795739170e+00,3.860310613864e-01,-1.038658054276e-01,1.548046322457e+00,3.827419135783e-01,-1.056321541496e-01,1.325058328714e-02,-3.289147808091e-03,-1.766348722028e-03
"                1079",1.556857707862e+00,3.698877737954e-01,-1.021351719096e-01,1.570346440549e+00,3.663777582840e-01,-1.038365321959e-01,1.348873268688e-02,-3.510015511382e-03,-1.701360286291e-03
"                1080",1.554670356441e+00,3.250096715530e-01,-1.006451076561e-01,1.568142636492e+00,3.210378781044e-01,-1.022845267604e-01,1.347228005141e-02,-3.971793448612e-03,-1.639419104271e-03
"                1081",1.533820244636e+00,2.521736572071e-01,-9.994335474626e-02,1.547024782608e+00,2.474605693220e-01,-1.015258898386e-01,1.320453797196e-02,-4.713087885104e-03,-1.582535092390e-03
"                1082",1.508234226348e+00,1.603062309168e-01,-1.006607013877e-01,1.520890386895e+00,1.546306082445e-01,-1.021902717173e-01,1.265616054646e-02,-5.675622672303e-03,-1.529570329653e-03
"                1083",1.477423894548e+00,5.660006096504e-02,-1.034022214137e-01,1.489282420289e+00,4.976795844819e-02,-1.048832207583e-01,1.185852574047e-02,-6.832102516848e-03,-1.480999344554e-03
"                1084",1.433945171520e+00,-4.759837966577e-02,-1.079658752304e-01,1.444820308502e+00,-5.572967973358e-02,-1.094104980309e-01,1.087513698211e-02,-8.131300067804e-03,-1.444622800486e-03
"                1085",1.378813375079e+00,-1.343216571426e-01,-1.130314270874e-01,1.388547700754e+00,-1.438248351063e-01,-1.144497323529e-01,9.734325674749e-03,-9.503177963631e-03,-1.418305265506e-03
"                1086",1.319427432478e+00,-2.029105255255e-01,-1.177305622425e-01,1.327908127683e+00,-2.137840826343e-01,-1.191366837332e-01,8.480695204126e-03,-1.087355710873e-02,-1.406121490684e-03
"                1087",1.270416209282e+00,-2.621003311317e-01,-1.218752584567e-01,1.277601280803e+00,-2.742583094799e-01,-1.232857287004e-01,7.185071520983e-03,-1.215797834820e-02,-1.410470243694e-03
"                1088",1.228495959947e+00,-3.219128161041e-01,-1.253182273994e-01,1.234409938656e+00,-3.352350597974e-01,-1.267483201626e-01,5.913978709197e-03,-1.332224369331e-02,-1.430092763172e-03
"                1089",1.188827565507e+00,-3.867190285692e-01,-1.278547255581e-01,1.193554113047e+00,-4.010463937204e-01,-1.293208471513e-01,4.726547540291e-03,-1.432736515120e-02,-1.466121593143e-03
"                1090",1.139234110667e+00,-4.409332409880e-01,-1.295911919765e-01,1.142917061113e+00,-4.560331057178e-01,-1.311110412115e-01,3.682950445256e-03,-1.509986472980e-02,-1.519849235045e-03
"                1091",1.081877302769e+00,-4.807472541968e-01,-1.310569721227e-01,1.084704899658e+00,-4.963670724548e-01,-1.326467941677e-01,2.827596889119e-03,-1.561981825794e-02,-1.589822044968e-03
"                1092",1.025607363212e+00,-4.864088003000e-01,-1.328223078742e-01,1.027786595783e+00,-5.023182491622e-01,-1.344946414542e-01,2.179232570717e-03,-1.590944886221e-02,-1.672333579981e-03
"                1093",9.804921003304e-01,-4.514375052252e-01,-1.342676167771e-01,9.822513146101e-01,-4.673918761275e-01,-1.360275581607e-01,1.759214279718e-03,-1.595437090225e-02,-1.759941383557e-03
"                1094",9.530102433779e-01,-3.946608913307e-01,-1.349141289278e-01,9.545740457072e-01,-4.103710849392e-01,-1.367563767380e-01,1.563802329397e-03,-1.571019360845e-02,-1.842247810209e-03
"                1095",9.529317779798e-01,-3.310596766679e-01,-1.346541169363e-01,9.545561758892e-01,-3.462170824156e-01,-1.365718573260e-01,1.624397909391e-03,-1.515740574766e-02,-1.917740389703e-03
"                1096",9.829237268294e-01,-2.545265541711e-01,-1.345275838529e-01,9.849064507110e-01,-2.688553688367e-01,-1.365076309801e-01,1.982723881592e-03,-1.432881466561e-02,-1.980047127187e-03
"                1097",1.026168491529e+00,-1.619437675808e-01,-1.340238794653e-01,1.028750768504e+00,-1.752269248834e-01,-1.360537199852e-01,2.582276975308e-03,-1.328315730254e-02,-2.029840519869e-03
"                1098",1.075572527049e+00,-7.025696344046e-02,-1.322764290940e-01,1.078978329487e+00,-8.232040495866e-02,-1.343455099791e-01,3.405802437658e-03,-1.206344151820e-02,-2.069080885128e-03
"                1099",1.126641726819e+00,3.967971016507e-03,-1.288390559695e-01,1.131092993309e+00,-6.783235096754e-03,-1.309371953738e-01,4.451266489628e-03,-1.075120611326e-02,-2.098139404308e-03
"                1100",1.173553893091e+00,5.401658063852e-02,-1.248743040765e-01,1.179191416649e+00,4.460490835675e-02,-1.269922613152e-01,5.637523557990e-03,-9.411672281770e-03,-2.117957238633e-03
"                1101",1.207763201511e+00,9.369698373290e-02,-1.213340687280e-01,1.214640925790e+00,8.559585676773e-02,-1.234535554827e-01,6.877724278813e-03,-8.101126965165e-03,-2.119486754769e-03
"                1102",1.241495654955e+00,1.434533663811e-01,-1.191635155940e-01,1.249596130993e+00,1.365791676333e-01,-1.212650082011e-01,8.100476038053e-03,-6.874198747776e-03,-2.101492607040e-03
"                1103",1.275675428262e+00,2.071206280965e-01,-1.179551459009e-01,1.284925490862e+00,2.013707102444e-01,-1.200186920412e-01,9.250062599729e-03,-5.749917852086e-03,-2.063546140323e-03
"                1104",1.310895565739e+00,2.749049373428e-01,-1.169578524641e-01,1.321192889348e+00,2.701001894616e-01,-1.189663247332e-01,1.029732360916e-02,-4.804747881252e-03,-2.008472269181e-03
"                1105",1.347905947983e+00,3.392256990971e-01,-1.153408862907e-01,1.359110508965e+00,3.351696072914e-01,-1.172821073814e-01,1.120456098185e-02,-4.056091805656e-03,-1.941221090711e-03
"                1106",1.382362569230e+00,3.849049025394e-01,-1.131045910305e-01,1.394316839256e+00,3.813651432509e-01,-1.149693590289e-01,1.195427002577e-02,-3.539759288537e-03,-1.864767998498e-03
"                1107",1.414773736571e+00,4.048202766430e-01,-1.105368281194e-01,1.427263676698e+00,4.015602135833e-01,-1.123156787509e-01,1.248994012671e-02,-3.260063059695e-03,-1.778850631496e-03
"                1108",1.432745890892e+00,3.985969774886e-01,-1.077204942539e-01,1.445569458383e+00,3.953715702710e-01,-1.094140343900e-01,1.282356749101e-02,-3.225407217554e-03,-1.693540136065e-03
"                1109",1.434165746160e+00,3.749961420624e-01,-1.046534489167e-01,1.447060035658e+00,3.715463295200e-01,-1.062675234413e-01,1.289428949812e-02,-3.449812542426e-03,-1.614074524663e-03
"                1110",1.416504350776e+00,3.234116931545e-01,-1.024745689409e-01,1.429174099739e+00,3.194601631413e-01,-1.040105788240e-01,1.266974896327e-02,-3.951530013216e-03,-1.536009883182e-03
"                1111",1.389821615967e+00,2.489358282099e-01,-1.024365291725e-01,1.402012423214e+00,2.442022630303e-01,-1.039018997401e-01,1.219080724660e-02,-4.733565179651e-03,-1.465370567668e-03
"                1112",1.363432323529e+00,1.498547072389e-01,-1.045916065224e-01,1.374929318978e+00,1.441234546715e-01,-1.059978768348e-01,1.149699544880e-02,-5.731252567326e-03,-1.406270312370e-03
"                1113",1.333251375282e+00,3.132894094244e-02,-1.081683337351e-01,1.343842420531e+00,2.440643401504e-02,-1.095261013011e-01,1.059104524836e-02,-6.922506927399e-03,-1.357767565951e-03
"                1114",1.296367595367e+00,-7.930838900866e-02,-1.127208484641e-01,1.305892209740e+00,-8.758556823691e-02,-1.140464599665e-01,9.524614372844e-03,-8.277179228252e-03,-1.325611502408e-03
"                1115",1.248875103568e+00,-1.678093394139e-01,-1.174209132811e-01,1.257254633002e+00,-1.775064390624e-01,-1.187339310540e-01,8.379529434005e-03,-9.697099648405e-03,-1.313017772873e-03
"                1116",1.191445368146e+00,-2.296830090753e-01,-1.210855962703e-01,1.198636703534e+00,-2.407910394196e-01,-1.224067028796e-01,7.191335387958e-03,-1.110803034427e-02,-1.321106609243e-03
"                1117",1.142040539344e+00,-2.800608209072e-01,-1.232481529012e-01,1.148050823966e+00,-2.924827297408e-01,-1.245973600947e-01,6.010284622040e-03,-1.242190883368e-02,-1.349207193492e-03
"                1118",1.099209228222e+00,-3.366959140723e-01,-1.239765679409e-01,1.104106295357e+00,-3.502784115673e-01,-1.253721822803e-01,4.897067135093e-03,-1.358249749501e-02,-1.395614339406e-03
"                1119",1.059708363700e+00,-3.999437211028e-01,-1.240696843720e-01,1.063633122176e+00,-4.144839875170e-01,-1.255352428486e-01,3.924758475794e-03,-1.454026641422e-02,-1.465558476607e-03
"                1120",1.023439657523e+00,-4.547983495273e-01,-1.243516605163e-01,1.026541050372e+00,-4.700300744200e-01,-1.259054063347e-01,3.101392848698e-03,-1.523172489273e-02,-1.553745818458e-03
"                1121",9.832275390293e-01,-4.804808646269e-01,-1.253655670949e-01,9.856656869308e-01,-4.961424352609e-01,-1.270177990145e-01,2.438147901479e-03,-1.566157063405e-02,-1.652231919635e-03
"                1122",9.461616352820e-01,-4.660970887859e-01,-1.269643297263e-01,9.480986204605e-01,-4.819544204900e-01,-1.287175612240e-01,1.936985178522e-03,-1.585733170407e-02,-1.753231497770e-03
"                1123",9.199411494591e-01,-4.179592025597e-01,-1.284508127002e-01,9.215928916139e-01,-4.337541673532e-01,-1.303027274382e-01,1.651742154791e-03,-1.579496479347e-02,-1.851914738067e-03
"                1124",9.140082044988e-01,-3.502001345583e-01,-1.303929990329e-01,9.156298465817e-01,-3.656351725933e-01,-1.323357853072e-01,1.621642082924e-03,-1.543503803501e-02,-1.942786274344e-03
"                1125",9.342792863039e-01,-2.775299141886e-01,-1.324270316838e-01,9.361465035432e-01,-2.922828863677e-01,-1.344487342362e-01,1.867217239295e-03,-1.475297217913e-02,-2.021702552423e-03
"                1126",9.768513688178e-01,-1.967147568080e-01,-1.333827818240e-01,9.792152091771e-01,-2.105491780012e-01,-1.354684622434e-01,2.363840359301e-03,-1.383442119320e-02,-2.085680419416e-03
"                1127",1.016615392257e+00,-1.067535231856e-01,-1.321245861906e-01,1.019714897062e+00,-1.194882781470e-01,-1.342651362531e-01,3.099504804927e-03,-1.273475496139e-02,-2.140550062502e-03
"                1128",1.050588467305e+00,-2.371966476331e-02,-1.292747209729e-01,1.054632496828e+00,-3.522839445575e-02,-1.314575626739e-01,4.044029522762e-03,-1.150872969245e-02,-2.182841700982e-03
"                1129",1.080360524405e+00,3.625461863176e-02,-1.258215936814e-01,1.085477760749e+00,2.600870885918e-02,-1.280262891712e-01,5.117236343929e-03,-1.024590977257e-02,-2.204695489772e-03
"                1130",1.116175552688e+00,7.843246377188e-02,-1.229892908193e-01,1.122407890687e+00,6.945437871084e-02,-1.251940059928e-01,6.232337999031e-03,-8.978085061032e-03,-2.204715173547e-03
"                1131",1.153806442550e+00,1.152342606372e-01,-1.215826019649e-01,1.161140263395e+00,1.074864925494e-01,-1.237634917381e-01,7.333820845812e-03,-7.747768087765e-03,-2.180889773280e-03
"                1132",1.193587540901e+00,1.657952547381e-01,-1.212619809303e-01,1.201979416880e+00,1.592143553175e-01,-1.233987170013e-01,8.391875978700e-03,-6.580899420606e-03,-2.136736071031e-03
"                1133",1.232371465980e+00,2.288449088543e-01,-1.212544695188e-01,1.241734550457e+00,2.233301469491e-01,-1.233273074181e-01,9.363084477575e-03,-5.514761905243e-03,-2.072837899211e-03
"                1134",1.259570884400e+00,2.991296717246e-01,-1.207790160408e-01,1.269798246524e+00,2.945113765465e-01,-1.227747824225e-01,1.022736212468e-02,-4.618295178045e-03,-1.995766381664e-03
"                1135",1.276310422066e+00,3.632114045372e-01,-1.195068659992e-01,1.287256615655e+00,3.593233430585e-01,-1.214122872228e-01,1.094619358934e-02,-3.888061478719e-03,-1.905421223632e-03
"                1136",1.286272950676e+00,4.002721606210e-01,-1.173327146694e-01,1.297774676826e+00,3.969030412073e-01,-1.191394070959e-01,1.150172614972e-02,-3.369119413610e-03,-1.806692426489e-03
"                1137",1.294384692898e+00,4.096176170372e-01,-1.136772115023e-01,1.306257649833e+00,4.065243856110e-01,-1.153838355087e-01,1.187295693484e-02,-3.093231426132e-03,-1.706624006391e-03
"                1138",1.296185162270e+00,3.938249852064e-01,-1.097988424403e-01,1.308190885391e+00,3.907274048541e-01,-1.114051288234e-01,1.200572312152e-02,-3.097580352298e-03,-1.606286383024e-03
"                1139",1.289782934491e+00,3.642223815666e-01,-1.069036251517e-01,1.301633932205e+00,3.608509904382e-01,-1.084136057526e-01,1.185099771442e-02,-3.371391128386e-03,-1.509980600896e-03
"                1140",1.268635353529e+00,3.065827258590e-01,-1.060862926519e-01,1.280107050011e+00,3.026517255999e-01,-1.075088910721e-01,1.147169648238e-02,-3.931000259052e-03,-1.422598420230e-03
"                1141",1.239328853043e+00,2.162623552533e-01,-1.071397320214e-01,1.250208240536e+00,2.114992881075e-01,-1.084893255028e-01,1.087938749352e-02,-4.763067145779e-03,-1.349593481369e-03
"                1142",1.213169070762e+00,1.024279184210e-01,-1.095981768327e-01,1.223246998111e+00,9.660926948755e-02,-1.108884493962e-01,1.007792734862e-02,-5.818648933424e-03,-1.290272563460e-03
"                1143",1.194095642881e+00,-1.872381233834e-02,-1.129394149841e-01,1.203238434903e+00,-2.580939947558e-02,-1.141897475125e-01,9.142792021827e-03,-7.085587137241e-03,-1.250332528376e-03
"                1144",1.165498432952e+00,-1.228231532836e-01,-1.165485918115e-01,1.173629867674e+00,-1.313351572011e-01,-1.177835609935e-01,8.131434722035e-03,-8.512003917453e-03,-1.234969181956e-03
"                1145",1.118534912521e+00,-1.985076097458e-01,-1.192365151908e-01,1.125628820621e+00,-2.084942199766e-01,-1.204817799468e-01,7.093908100246e-03,-9.986610230805e-03,-1.245264756060e-03
"                1146",1.062929503404e+00,-2.540686868317e-01,-1.203142159114e-01,1.068989513384e+00,-2.654813004838e-01,-1.215934419215e-01,6.060009979973e-03,-1.141261365211e-02,-1.279226010057e-03
"                1147",1.012895705687e+00,-3.019682843883e-01,-1.198690186026e-01,1.017986815314e+00,-3.146649781831e-01,-1.212079166902e-01,5.091109627468e-03,-1.269669379485e-02,-1.338898087640e-03
"                1148",9.760479049093e-01,-3.553546939416e-01,-1.187405992799e-01,9.802631030107e-01,-3.691558571697e-01,-1.201609287712e-01,4.215198101415e-03,-1.380116322812e-02,-1.420329491219e-03
"                1149",9.555501834720e-01,-4.105191466175e-01,-1.181700982663e-01,9.590063097513e-01,-4.251953867386e-01,-1.196910259212e-01,3.456126279336e-03,-1.467624012111e-02,-1.520927654893e-03
"                1150",9.421114520010e-01,-4.505327290414e-01,-1.182200168833e-01,9.449190057839e-01,-4.658151403755e-01,-1.198503706885e-01,2.807553782879e-03,-1.528241133408e-02,-1.630353805224e-03
"                1151",9.221878152563e-01,-4.658055310956e-01,-1.191079710531e-01,9.244775785078e-01,-4.814294490713e-01,-1.208468054224e-01,2.289763251480e-03,-1.562391797565e-02,-1.738834369318e-03
"                1152",9.079940014195e-01,-4.378464709415e-01,-1.215388052674e-01,9.099484563817e-01,-4.535721700270e-01,-1.233867023377e-01,1.954454962181e-03,-1.572569908552e-02,-1.847897070276e-03
"                1153",9.024247743040e-01,-3.779143492262e-01,-1.252970060213e-01,9.042764942565e-01,-3.934630554642e-01,-1.272476768558e-01,1.851719952423e-03,-1.554870623794e-02,-1.950670834549e-03
"                1154",9.097359686888e-01,-3.047987210448e-01,-1.288632267758e-01,9.117057615305e-01,-3.198724802750e-01,-1.309073378361e-01,1.969792841629e-03,-1.507375923018e-02,-2.044111060322e-03
"                1155",9.306918842027e-01,-2.313917775448e-01,-1.305699078842e-01,9.330433326478e-01,-2.457075491645e-01,-1.326972005196e-01,2.351448445028e-03,-1.431577161964e-02,-2.127292635315e-03
"                1156",9.613005979480e-01,-1.550775021422e-01,-1.303854648164e-01,9.642739806676e-01,-1.684515495289e-01,-1.325806909144e-01,2.973382719670e-03,-1.337404738668e-02,-2.195226097914e-03
"                1157",9.831652225393e-01,-7.473464590170e-02,-1.287165763896e-01,9.869333311040e-01,-8.702407794221e-02,-1.309627965584e-01,3.768108564681e-03,-1.228943204051e-02,-2.246220168734e-03
"                1158",1.002226223741e+00,-1.730720246016e-03,-1.266905933999e-01,1.006899077571e+00,-1.283919575465e-02,-1.289625617476e-01,4.672853830802e-03,-1.110847550863e-02,-2.271968347675e-03
"                1159",1.026001360144e+00,4.762995157827e-02,-1.252552316637e-01,1.031626345672e+00,3.772302279079e-02,-1.275256125577e-01,5.624985527276e-03,-9.906928787487e-03,-2.270380894018e-03
"                1160",1.063829233568e+00,8.271764575554e-02,-1.245765989525e-01,1.070408727272e+00,7.402933691596e-02,-1.268201829076e-01,6.579493704644e-03,-8.688308839573e-03,-2.243583955170e-03
"                1161",1.104880638844e+00,1.193353558796e-01,-1.246364181702e-01,1.112369514603e+00,1.118417615010e-01,-1.268311270126e-01,7.488875758843e-03,-7.493594378609e-03,-2.194708842395e-03
"                1162",1.139821023931e+00,1.749591497063e-01,-1.249322420027e-01,1.148175410392e+00,1.686141182604e-01,-1.270616609505e-01,8.354386460706e-03,-6.345031445931e-03,-2.129418947839e-03
"                1163",1.162877440473e+00,2.450439832377e-01,-1.252928523330e-01,1.172005199098e+00,2.397527087123e-01,-1.273355003961e-01,9.127758624969e-03,-5.291274525446e-03,-2.042648063142e-03
"                1164",1.172228274471e+00,3.116596229134e-01,-1.251218625298e-01,1.182014997922e+00,3.072746124638e-01,-1.270645413738e-01,9.786723450650e-03,-4.385010449585e-03,-1.942678844067e-03
"                1165",1.170189395696e+00,3.586247965888e-01,-1.231345979374e-01,1.180520273539e+00,3.549767378520e-01,-1.249696947705e-01,1.033087784226e-02,-3.648058736777e-03,-1.835096833162e-03
"                1166",1.159238530924e+00,3.848739778103e-01,-1.198786987140e-01,1.169921113466e+00,3.817186226004e-01,-1.216003512689e-01,1.068258254175e-02,-3.155355209897e-03,-1.721652554915e-03
"                1167",1.154646140968e+00,3.906400783421e-01,-1.162489571750e-01,1.165461744693e+00,3.877035318633e-01,-1.178539149211e-01,1.081560372459e-02,-2.936546478793e-03,-1.604957746019e-03
"                1168",1.152926091431e+00,3.763494175332e-01,-1.134684924586e-01,1.163679580747e+00,3.733521624709e-01,-1.149611841431e-01,1.075348931543e-02,-2.997255062309e-03,-1.492691684507e-03
"                1169",1.143361892936e+00,3.361765030312e-01,-1.117151127219e-01,1.153838923522e+00,3.328439458791e-01,-1.131070561292e-01,1.047703058652e-02,-3.332557152111e-03,-1.391943407365e-03
"                1170",1.125275242216e+00,2.597515014763e-01,-1.112960436934e-01,1.135263742758e+00,2.557837125862e-01,-1.125992613933e-01,9.988500541296e-03,-3.967788890084e-03,-1.303217699866e-03
"                1171",1.108789480183e+00,1.577716987477e-01,-1.121354334650e-01,1.118130243110e+00,1.528936011193e-01,-1.133702519292e-01,9.340762926602e-03,-4.878097628320e-03,-1.234818464223e-03
"                1172",1.093859605752e+00,4.479530562656e-02,-1.137500348924e-01,1.102434615608e+00,3.877956145363e-02,-1.149405153857e-01,8.575009856231e-03,-6.015744172936e-03,-1.190480493359e-03
"                1173",1.080537427651e+00,-6.092553733968e-02,-1.154492960655e-01,1.088281547587e+00,-6.828871726481e-02,-1.166206922581e-01,7.744119936368e-03,-7.363179925124e-03,-1.171396192616e-03
"                1174",1.051410031779e+00,-1.529218925623e-01,-1.164442827613e-01,1.058298141219e+00,-1.617636285174e-01,-1.176258298671e-01,6.888109440634e-03,-8.841735955051e-03,-1.181547105778e-03
"                1175",1.005282315038e+00,-2.242692427107e-01,-1.165326759169e-01,1.011329242638e+00,-2.345922282293e-01,-1.177530626240e-01,6.046927600252e-03,-1.032298551855e-02,-1.220386707126e-03
"                1176",9.580174355019e-01,-2.801724239474e-01,-1.156815399153e-01,9.632745248568e-01,-2.918863340025e-01,-1.169695188107e-01,5.257089354897e-03,-1.171391005511e-02,-1.287978895394e-03
"                1177",9.211244718170e-01,-3.223317330586e-01,-1.142697775275e-01,9.256354658925e-01,-3.352752856240e-01,-1.156483889708e-01,4.510994075499e-03,-1.294355256541e-02,-1.378611443262e-03
"                1178",9.056586584879e-01,-3.689863009049e-01,-1.128758247746e-01,9.094884088008e-01,-3.829677786471e-01,-1.143596955626e-01,3.829750312894e-03,-1.398147774216e-02,-1.483870787943e-03
"                1179",9.066902001892e-01,-4.170622182927e-01,-1.120855951392e-01,9.099097159037e-01,-4.318419199912e-01,-1.136809244599e-01,3.219515714527e-03,-1.477970169855e-02,-1.595329320737e-03
"                1180",9.160522444225e-01,-4.508998276764e-01,-1.125891340463e-01,9.187891080010e-01,-4.661950702802e-01,-1.143013262108e-01,2.736863578523e-03,-1.529524260385e-02,-1.712192164481e-03
"                1181",9.192769400398e-01,-4.520830581910e-01,-1.154862195102e-01,9.216908124189e-01,-4.676281366006e-01,-1.173112488147e-01,2.413872379053e-03,-1.554507840954e-02,-1.825029304554e-03
"                1182",9.180507748116e-01,-4.098728108599e-01,-1.197463090748e-01,9.202966012336e-01,-4.254223716812e-01,-1.216813087755e-01,2.245826421988e-03,-1.554956082135e-02,-1.934999700743e-03
"                1183",9.128282478746e-01,-3.442083226278e-01,-1.235144654389e-01,9.151009347080e-01,-3.594966026118e-01,-1.255560140124e-01,2.272686833370e-03,-1.528827998391e-02,-2.041548573497e-03
"                1184",9.079096019349e-01,-2.737199892043e-01,-1.258796257568e-01,9.104269057911e-01,-2.884863606412e-01,-1.280194037397e-01,2.517303856203e-03,-1.476637143689e-02,-2.139777982906e-03
"                1185",9.119013161313e-01,-2.096136602523e-01,-1.269824912245e-01,9.148771597150e-01,-2.236306477610e-01,-1.292045465014e-01,2.975843583732e-03,-1.401698750865e-02,-2.222055276907e-03
"                1186",9.275998618668e-01,-1.432541524493e-01,-1.271998881928e-01,9.311780348807e-01,-1.563581155185e-01,-1.294787354525e-01,3.578173013880e-03,-1.310396306922e-02,-2.278847259730e-03
"                1187",9.438522355448e-01,-7.060812644745e-02,-1.271721503944e-01,9.481275140232e-01,-8.266366432031e-02,-1.294808980267e-01,4.275278478411e-03,-1.205553787286e-02,-2.308747632229e-03
"                1188",9.642752510661e-01,-4.082790698902e-03,-1.273084175545e-01,9.692955164120e-01,-1.499487630588e-02,-1.296169074297e-01,5.020265345870e-03,-1.091208560697e-02,-2.308489875143e-03
"                1189",9.858674125996e-01,4.466749170163e-02,-1.276129663885e-01,9.916578443508e-01,3.494471723131e-02,-1.298951251476e-01,5.790431751257e-03,-9.722774470321e-03,-2.282158759072e-03
"                1190",1.014506468042e+00,7.971134833015e-02,-1.277705616753e-01,1.021052105209e+00,7.120176443917e-02,-1.300027572615e-01,6.545637167397e-03,-8.509583890980e-03,-2.232195586182e-03
"                1191",1.045386318342e+00,1.155084032012e-01,-1.282760715485e-01,1.052643300814e+00,1.082044381913e-01,-1.304385518041e-01,7.256982471662e-03,-7.303965009969e-03,-2.162480255647e-03
"                1192",1.067975296265e+00,1.681471648373e-01,-1.290677663471e-01,1.075883319412e+00,1.620180365594e-01,-1.311410242515e-01,7.908023147060e-03,-6.129128277845e-03,-2.073257904400e-03
"                1193",1.073634531024e+00,2.365534993317e-01,-1.290844300351e-01,1.082121104456e+00,2.314850601023e-01,-1.310532495998e-01,8.486573431671e-03,-5.068439229454e-03,-1.968819564752e-03
"                1194",1.062345005848e+00,3.026109874847e-01,-1.276251554961e-01,1.071292984323e+00,2.984430950586e-01,-1.294815359539e-01,8.947978474892e-03,-4.167892426051e-03,-1.856380457764e-03
"                1195",1.046535184104e+00,3.470400321136e-01,-1.253055630062e-01,1.055788518299e+00,3.435693861759e-01,-1.270388795098e-01,9.253334195334e-03,-3.470645937633e-03,-1.733316503524e-03
"                1196",1.034852552438e+00,3.675890859077e-01,-1.229094439238e-01,1.044230360310e+00,3.645572081965e-01,-1.245162158087e-01,9.377807872065e-03,-3.031877711230e-03,-1.606771884957e-03
"                1197",1.032351787400e+00,3.597722328426e-01,-1.207972520951e-01,1.041721180358e+00,3.569008678671e-01,-1.222819674011e-01,9.369392958437e-03,-2.871364975518e-03,-1.484715305954e-03
"                1198",1.034671726347e+00,3.305348126109e-01,-1.188310727516e-01,1.043869792556e+00,3.275390952319e-01,-1.202028600739e-01,9.198066209001e-03,-2.995717378962e-03,-1.371787322274e-03
"                1199",1.030779413263e+00,2.824297337272e-01,-1.170855366380e-01,1.039633526188e+00,2.790078880280e-01,-1.183591825106e-01,8.854112925248e-03,-3.421845699171e-03,-1.273645872636e-03
"                1200",1.025604301465e+00,2.075920703346e-01,-1.161533288254e-01,1.033999681933e+00,2.034432110824e-01,-1.173519247731e-01,8.395380467597e-03,-4.148859252140e-03,-1.198595947733e-03
"                1201",1.020656150861e+00,1.132483715509e-01,-1.156415629096e-01,1.028502888179e+00,1.081065781173e-01,-1.167917328111e-01,7.846737317954e-03,-5.141793433600e-03,-1.150169901591e-03
"                1202",1.010611846342e+00,6.188212442950e-03,-1.148212959587e-01,1.017843803910e+00,-1.731789135056e-04,-1.159498842881e-01,7.231957567731e-03,-6.361391356456e-03,-1.128588329447e-03
"                1203",9.970001631914e-01,-9.597053989027e-02,-1.138464478406e-01,1.003592860335e+00,-1.037281284511e-01,-1.149826434773e-01,6.592697143336e-03,-7.757588560818e-03,-1.136195636686e-03
"                1204",9.711238021514e-01,-1.824686760271e-01,-1.125416869825e-01,9.771061668487e-01,-1.917046611598e-01,-1.137199943645e-01,5.982364697323e-03,-9.235985132766e-03,-1.178307382031e-03
"                1205",9.340945466082e-01,-2.463444844758e-01,-1.111614857926e-01,9.394839186030e-01,-2.570236917599e-01,-1.124120395213e-01,5.389371994758e-03,-1.067920728413e-02,-1.250553728747e-03
"                1206",9.041749679043e-01,-2.942558544888e-01,-1.096773938932e-01,9.089836299093e-01,-3.062638248568e-01,-1.110213967746e-01,4.808662005010e-03,-1.200797036798e-02,-1.344002881407e-03
"                1207",8.895832556378e-01,-3.388655045629e-01,-1.081151502721e-01,8.938214951473e-01,-3.520315931943e-01,-1.095631606058e-01,4.238239509513e-03,-1.316608863138e-02,-1.448010333708e-03
"                1208",8.950287690133e-01,-3.835566892867e-01,-1.069640356958e-01,8.987633036767e-01,-3.976840461881e-01,-1.085258612853e-01,3.734534663485e-03,-1.412735690139e-02,-1.561825589443e-03
"                1209",9.129441119587e-01,-4.174033568195e-01,-1.076143771818e-01,9.162706937474e-01,-4.322398494571e-01,-1.092947099374e-01,3.326581788733e-03,-1.483649263753e-02,-1.680332755616e-03
"                1210",9.330761671098e-01,-4.357310969895e-01,-1.101365072134e-01,9.361013704466e-01,-4.509907913998e-01,-1.119345671798e-01,3.025203336820e-03,-1.525969441036e-02,-1.798059966380e-03
"                1211",9.393877150803e-01,-4.300205167044e-01,-1.136625113277e-01,9.422337167230e-01,-4.454546219890e-01,-1.155746610003e-01,2.846001642743e-03,-1.543410528459e-02,-1.912149672667e-03
"                1212",9.311876440280e-01,-3.908127821170e-01,-1.168957955805e-01,9.340098351815e-01,-4.062030225327e-01,-1.189228231094e-01,2.822191153472e-03,-1.539024041570e-02,-2.027027528982e-03
"                1213",9.125387056438e-01,-3.323994986307e-01,-1.197067072566e-01,9.154875630559e-01,-3.475175836378e-01,-1.218427320736e-01,2.948857412101e-03,-1.511808500706e-02,-2.136024816997e-03
"                1214",8.922763944571e-01,-2.699092623831e-01,-1.222922086296e-01,8.954745262164e-01,-2.845137202066e-01,-1.245181736818e-01,3.198131759301e-03,-1.460445782358e-02,-2.225965052196e-03
"                1215",8.857215195341e-01,-2.065911666649e-01,-1.248153048807e-01,8.892912410747e-01,-2.204781314015e-01,-1.271031095825e-01,3.569721540629e-03,-1.388696473658e-02,-2.287804701792e-03
"                1216",8.956756163088e-01,-1.401010981518e-01,-1.271356411729e-01,8.996926661869e-01,-1.530933177054e-01,-1.294559460385e-01,4.017049878134e-03,-1.299221955366e-02,-2.320304865653e-03
"                1217",9.118247191087e-01,-7.061107797233e-02,-1.289342671548e-01,9.163574527875e-01,-8.255485704383e-02,-1.312587290099e-01,4.532733678852e-03,-1.194377907150e-02,-2.324461855101e-03
"                1218",9.296784955942e-01,-7.647218573609e-03,-1.301324027039e-01,9.347567310182e-01,-1.843551123986e-02,-1.324336088387e-01,5.078235424011e-03,-1.078829266625e-02,-2.301206134774e-03
"                1219",9.439601348110e-01,3.954613272997e-02,-1.310427337027e-01,9.496067957828e-01,2.996449725343e-02,-1.332970242880e-01,5.646660971757e-03,-9.581635476542e-03,-2.254290585334e-03
"                1220",9.558151113587e-01,7.310826961111e-02,-1.317715166527e-01,9.620041454908e-01,6.477632538757e-02,-1.339539008200e-01,6.189034132147e-03,-8.331944223537e-03,-2.182384167302e-03
"                1221",9.695528929850e-01,1.071239726763e-01,-1.323779620956e-01,9.762450959898e-01,1.000416910565e-01,-1.344709385601e-01,6.692203004748e-03,-7.082281619875e-03,-2.092976464584e-03
"                1222",9.722134981412e-01,1.625820659089e-01,-1.320658312494e-01,9.793552234034e-01,1.566840506756e-01,-1.340560506008e-01,7.141725262153e-03,-5.898015233329e-03,-1.990219351395e-03
"                1223",9.661766404002e-01,2.340023393017e-01,-1.311878012395e-01,9.736671426530e-01,2.291368464522e-01,-1.330591971681e-01,7.490502252720e-03,-4.865492849462e-03,-1.871395928638e-03
"                1224",9.559542539739e-01,3.020617589236e-01,-1.302024850759e-01,9.636699107295e-01,2.980570464920e-01,-1.319474258125e-01,7.715656755625e-03,-4.004712431575e-03,-1.744940736574e-03
"                1225",9.410150403260e-01,3.405232182880e-01,-1.293565338026e-01,9.488764497894e-01,3.371569323984e-01,-1.309720078911e-01,7.861409463316e-03,-3.366285889582e-03,-1.615474088462e-03
"                1226",9.323375157351e-01,3.458522623933e-01,-1.279788776393e-01,9.402023034904e-01,3.428631447445e-01,-1.294675474090e-01,7.864787755285e-03,-2.989117648809e-03,-1.488669769662e-03
"                1227",9.337879094202e-01,3.284151373931e-01,-1.259939528168e-01,9.415484861427e-01,3.255046633202e-01,-1.273629636503e-01,7.760576722538e-03,-2.910474072903e-03,-1.369010833521e-03
"                1228",9.455059798625e-01,3.015061521723e-01,-1.237419713919e-01,9.530828054653e-01,2.983806163845e-01,-1.250083726645e-01,7.576825602814e-03,-3.125535787813e-03,-1.266401272658e-03
"                1229",9.554741391449e-01,2.608419735511e-01,-1.211366551252e-01,9.627808436290e-01,2.571842881654e-01,-1.223208709481e-01,7.306704484155e-03,-3.657685385613e-03,-1.184215822953e-03
"                1230",9.593271673600e-01,1.898005360757e-01,-1.181392480349e-01,9.663211872376e-01,1.853104489567e-01,-1.192715236458e-01,6.994019877557e-03,-4.490087119021e-03,-1.132275610874e-03
"                1231",9.564527183439e-01,9.367825756989e-02,-1.148018831536e-01,9.630725749339e-01,8.812851768254e-02,-1.159107773162e-01,6.619856590045e-03,-5.549739887352e-03,-1.108894162618e-03
"                1232",9.474630752131e-01,-1.328829120338e-02,-1.114193833441e-01,9.537010055512e-01,-2.008491523973e-02,-1.125376235520e-01,6.237930338087e-03,-6.796624036351e-03,-1.118240207849e-03
"                1233",9.386393337500e-01,-1.101212912627e-01,-1.087864560727e-01,9.444956696128e-01,-1.183078708731e-01,-1.099452465982e-01,5.856335862784e-03,-8.186579610374e-03,-1.158790525504e-03
"                1234",9.269537908838e-01,-1.850146871928e-01,-1.067795967854e-01,9.324322369828e-01,-1.946394313931e-01,-1.080101920646e-01,5.478446099018e-03,-9.624744200326e-03,-1.230595279184e-03
"                1235",9.086504955584e-01,-2.407126624361e-01,-1.050632616626e-01,9.137154266253e-01,-2.517256296260e-01,-1.063836510897e-01,5.064931066891e-03,-1.101296718993e-02,-1.320389427084e-03
"                1236",8.970799787859e-01,-2.911678693907e-01,-1.033044470598e-01,9.017341064132e-01,-3.034421194981e-01,-1.047279244770e-01,4.654127627308e-03,-1.227425010737e-02,-1.423477417208e-03
"                1237",8.992837790905e-01,-3.363272180337e-01,-1.025514989683e-01,9.035670234435e-01,-3.496928948410e-01,-1.040867000114e-01,4.283244353050e-03,-1.336567680738e-02,-1.535201043094e-03
"                1238",9.169654414106e-01,-3.765043962689e-01,-1.036338839272e-01,9.209439306100e-01,-3.907476039947e-01,-1.052857269991e-01,3.978489199440e-03,-1.424320772580e-02,-1.651843071942e-03
"                1239",9.429863781882e-01,-4.093205803121e-01,-1.056562393317e-01,9.467113861964e-01,-4.241953148093e-01,-1.074272496542e-01,3.725008008232e-03,-1.487473449721e-02,-1.771010322467e-03
"                1240",9.591958967750e-01,-4.305065471653e-01,-1.076967984019e-01,9.627630968730e-01,-4.457554348619e-01,-1.095892364648e-01,3.567200098009e-03,-1.524888769669e-02,-1.892438062849e-03
"                1241",9.534032092098e-01,-4.280145547486e-01,-1.101773426089e-01,9.569206948018e-01,-4.434263586380e-01,-1.121875848277e-01,3.517485591945e-03,-1.541180388938e-02,-2.010242218741e-03
"                1242",9.283097397567e-01,-3.940932481330e-01,-1.132264484125e-01,9.318505622016e-01,-4.094748286009e-01,-1.153458079727e-01,3.540822444925e-03,-1.538158046791e-02,-2.119359560189e-03
"                1243",8.944516367974e-01,-3.400845080259e-01,-1.170768383021e-01,8.980539889257e-01,-3.552091642219e-01,-1.192879608209e-01,3.602352128306e-03,-1.512465619601e-02,-2.211122518852e-03
"                1244",8.699365359397e-01,-2.800529808757e-01,-1.215584126247e-01,8.736595274182e-01,-2.946653910706e-01,-1.238361908744e-01,3.722991478537e-03,-1.461241019486e-02,-2.277778249697e-03
"                1245",8.659530071266e-01,-2.164832848807e-01,-1.259821036940e-01,8.698735300532e-01,-2.303628899763e-01,-1.282961347465e-01,3.920522926604e-03,-1.387960509566e-02,-2.314031052448e-03
"                1246",8.747162161769e-01,-1.472344755996e-01,-1.294444434059e-01,8.788867584459e-01,-1.601897381503e-01,-1.317684506368e-01,4.170542269018e-03,-1.295526255065e-02,-2.324007230978e-03
"                1247",8.847473314658e-01,-7.565740716505e-02,-1.318907905488e-01,8.892340852116e-01,-8.751998599060e-02,-1.341982969608e-01,4.486753745762e-03,-1.186257882554e-02,-2.307506411930e-03
"                1248",8.860229082587e-01,-1.080720124699e-02,-1.336431988998e-01,8.908472234958e-01,-2.145537760701e-02,-1.359063163608e-01,4.824315237071e-03,-1.064817636002e-02,-2.263117460999e-03
"                1249",8.822611149741e-01,3.288736191472e-02,-1.349575342142e-01,8.874381057277e-01,2.351006954163e-02,-1.371526750084e-01,5.176990753611e-03,-9.377292373089e-03,-2.195140794205e-03
"                1250",8.736792700510e-01,6.220105697027e-02,-1.349257955384e-01,8.792036008699e-01,5.412227881570e-02,-1.370351203670e-01,5.524330818884e-03,-8.078778154563e-03,-2.109324828670e-03
"                1251",8.709120861294e-01,9.636640516520e-02,-1.345043332954e-01,8.767154985553e-01,8.955046468363e-02,-1.365112508700e-01,5.803412425909e-03,-6.815940481564e-03,-2.006917574615e-03
"                1252",8.719609067104e-01,1.593733046845e-01,-1.344403640311e-01,8.779670445677e-01,1.537169815917e-01,-1.363286458648e-01,6.006137857393e-03,-5.656323092774e-03,-1.888281833734e-03
"                1253",8.704641466239e-01,2.404619011713e-01,-1.349930757471e-01,8.766238594911e-01,2.357995541676e-01,-1.367540060885e-01,6.159712867217e-03,-4.662347003645e-03,-1.760930341373e-03
"                1254",8.634219808435e-01,3.036766412456e-01,-1.353408181037e-01,8.696819072247e-01,2.998237654440e-01,-1.369738815985e-01,6.259926381200e-03,-3.852875801586e-03,-1.633063494854e-03
"                1255",8.509036924809e-01,3.255041365184e-01,-1.348328951062e-01,8.571793938707e-01,3.222086448248e-01,-1.363366306378e-01,6.275701389782e-03,-3.295491693612e-03,-1.503735531671e-03
"                1256",8.511672570764e-01,3.178199439210e-01,-1.331223951340e-01,8.573952092222e-01,3.148041920173e-01,-1.345071795905e-01,6.227952145840e-03,-3.015751903705e-03,-1.384784456511e-03
"                1257",8.603736094707e-01,3.040972793938e-01,-1.305540736084e-01,8.665441032199e-01,3.010529410007e-01,-1.318356482820e-01,6.170493749232e-03,-3.044338393056e-03,-1.281574673639e-03
"                1258",8.776776893468e-01,2.872196486746e-01,-1.266357435655e-01,8.837765267182e-01,2.838497261608e-01,-1.278362130533e-01,6.098837371432e-03,-3.369922513789e-03,-1.200469487729e-03
"                1259",8.912787229033e-01,2.483958011780e-01,-1.213620703915e-01,8.972837166377e-01,2.444096384959e-01,-1.225056337174e-01,6.004993734431e-03,-3.986162682093e-03,-1.143563325960e-03
"                1260",8.980401893022e-01,1.764741673174e-01,-1.156194622781e-01,9.039534390430e-01,1.716095299847e-01,-1.167396208753e-01,5.913249740867e-03,-4.864637332711e-03,-1.120158597151e-03
"                1261",8.993652979162e-01,7.665405838709e-02,-1.103366662518e-01,9.051543788808e-01,7.071410974131e-02,-1.114662272896e-01,5.789080964666e-03,-5.939948645782e-03,-1.129561037853e-03
"                1262",9.017830495722e-01,-2.617850571694e-02,-1.061219197760e-01,9.074229001349e-01,-3.336200441159e-02,-1.072901490055e-01,5.639850562690e-03,-7.183498694648e-03,-1.168229229510e-03
"                1263",9.080225678051e-01,-1.132634866324e-01,-1.030099334801e-01,9.134870313332e-01,-1.218117281396e-01,-1.042408571233e-01,5.464463528069e-03,-8.548241507163e-03,-1.230923643196e-03
"                1264",9.161168091147e-01,-1.822394205835e-01,-1.005725371302e-01,9.213641674497e-01,-1.921794820582e-01,-1.018839600854e-01,5.247358335051e-03,-9.940061474698e-03,-1.311422955129e-03
"                1265",9.199049035532e-01,-2.368004321453e-01,-9.924790996534e-02,9.249327942549e-01,-2.480634227922e-01,-1.006569594688e-01,5.027890701776e-03,-1.126299064693e-02,-1.409049503476e-03
"                1266",9.288811829388e-01,-2.885305690993e-01,-9.954412780986e-02,9.337095524423e-01,-3.009808785965e-01,-1.010587284442e-01,4.828369503499e-03,-1.245030949722e-02,-1.514600634361e-03
"                1267",9.418726568325e-01,-3.385790570104e-01,-1.005575588555e-01,9.465035548828e-01,-3.520495852383e-01,-1.021833127996e-01,4.630898050224e-03,-1.347052822787e-02,-1.625753944080e-03
"                1268",9.564120289354e-01,-3.845695757381e-01,-1.015149623383e-01,9.608839877544e-01,-3.988616533556e-01,-1.032587444540e-01,4.471958818996e-03,-1.429207761752e-02,-1.743782115673e-03
"                1269",9.707802708336e-01,-4.216226114267e-01,-1.023567078108e-01,9.751396372294e-01,-4.365141020024e-01,-1.042225291650e-01,4.359366395819e-03,-1.489149057567e-02,-1.865821354243e-03
"                1270",9.680077802187e-01,-4.473295161830e-01,-1.039510494100e-01,9.722842182413e-01,-4.626045345147e-01,-1.059342833424e-01,4.276438022624e-03,-1.527501833174e-02,-1.983233932431e-03
"                1271",9.476701672996e-01,-4.445325960179e-01,-1.070765057959e-01,9.518792104912e-01,-4.599963926088e-01,-1.091639652509e-01,4.209043191581e-03,-1.546379659089e-02,-2.087459455082e-03
"                1272",9.178163786611e-01,-4.104717974129e-01,-1.117251247719e-01,9.219467696070e-01,-4.259185451858e-01,-1.138991433617e-01,4.130390945844e-03,-1.544674777292e-02,-2.174018589896e-03
"                1273",8.873481841976e-01,-3.577513154628e-01,-1.174535062392e-01,8.913815200974e-01,-3.729169759572e-01,-1.196949207412e-01,4.033335899787e-03,-1.516566049439e-02,-2.241414502030e-03
"                1274",8.638307807434e-01,-2.958896877198e-01,-1.232551260239e-01,8.678022971011e-01,-3.105044273768e-01,-1.255393752080e-01,3.971516357726e-03,-1.461473965697e-02,-2.284249184020e-03
"                1275",8.534010030062e-01,-2.230883534534e-01,-1.283923042898e-01,8.573737811967e-01,-2.369186505822e-01,-1.306917657102e-01,3.972778190495e-03,-1.383029712876e-02,-2.299461420430e-03
"                1276",8.465552300496e-01,-1.434607466562e-01,-1.322454311382e-01,8.505773966497e-01,-1.562891796261e-01,-1.345353651944e-01,4.022166600166e-03,-1.282843296995e-02,-2.289934056235e-03
"                1277",8.413446393765e-01,-7.202957963020e-02,-1.352037610062e-01,8.454714407627e-01,-8.368337612499e-02,-1.374555176611e-01,4.126801386218e-03,-1.165379649480e-02,-2.251756654876e-03
"                1278",8.233722467412e-01,-1.566707144400e-02,-1.366526334986e-01,8.276417443016e-01,-2.603099482077e-02,-1.388442776213e-01,4.269497560390e-03,-1.036392337677e-02,-2.191644122748e-03
"                1279",8.000869879575e-01,1.987274631945e-02,-1.369688727919e-01,8.044945531135e-01,1.081455025127e-02,-1.390804268306e-01,4.407565155984e-03,-9.058196068176e-03,-2.111554038688e-03
"                1280",7.846487789442e-01,5.397178804054e-02,-1.370281720116e-01,7.891552111736e-01,4.620907353484e-02,-1.390398565193e-01,4.506432229482e-03,-7.762714505703e-03,-2.011684507638e-03
"                1281",7.852284133496e-01,1.017980264936e-01,-1.378555754359e-01,7.897921928330e-01,9.527145432041e-02,-1.397544765393e-01,4.563779483426e-03,-6.526572173173e-03,-1.898901103378e-03
"                1282",7.916134217876e-01,1.667808514326e-01,-1.393429163759e-01,7.962326129493e-01,1.613677981784e-01,-1.411201596076e-01,4.619191161687e-03,-5.413053254269e-03,-1.777243231654e-03
"                1283",7.956165095687e-01,2.374440053809e-01,-1.406085671717e-01,8.002578877128e-01,2.329626422568e-01,-1.422597808354e-01,4.641378144088e-03,-4.481363124120e-03,-1.651213663738e-03
"                1284",7.969473543929e-01,2.875431207418e-01,-1.407205807379e-01,8.016144890687e-01,2.837696193983e-01,-1.422492634234e-01,4.667134675817e-03,-3.773501343574e-03,-1.528682685570e-03
"                1285",7.934997872035e-01,3.065422631802e-01,-1.395118474858e-01,7.981961597874e-01,3.032158705693e-01,-1.409265964901e-01,4.696372583903e-03,-3.326392610909e-03,-1.414749004338e-03
"                1286",7.985223165449e-01,3.108825901218e-01,-1.365344208429e-01,8.032690463490e-01,3.077197058714e-01,-1.378515841455e-01,4.746729804108e-03,-3.162884250306e-03,-1.317163302656e-03
"                1287",8.092383537747e-01,3.047130174092e-01,-1.316737646690e-01,8.140685097782e-01,3.014193595146e-01,-1.329123655433e-01,4.830156003521e-03,-3.293657894571e-03,-1.238600874314e-03
"                1288",8.261579595704e-01,2.860118228221e-01,-1.249644456352e-01,8.311069595686e-01,2.823226814484e-01,-1.261489797633e-01,4.948999998175e-03,-3.689141373708e-03,-1.184534128145e-03
"                1289",8.392534063182e-01,2.416777873516e-01,-1.175221351696e-01,8.443591748850e-01,2.373389546877e-01,-1.186808151093e-01,5.105768566810e-03,-4.338832663848e-03,-1.158679939653e-03
"                1290",8.574177343117e-01,1.652357066518e-01,-1.104963080651e-01,8.626732017880e-01,1.600081167882e-01,-1.116628786432e-01,5.255467476242e-03,-5.227589863625e-03,-1.166570578152e-03
"                1291",8.785212863942e-01,6.576896677649e-02,-1.046442886698e-01,8.838641178780e-01,5.946509799522e-02,-1.058426007563e-01,5.342831483705e-03,-6.303868781271e-03,-1.198312086472e-03
"                1292",9.031725031542e-01,-3.203503412253e-02,-1.001457786019e-01,9.085418895563e-01,-3.957214400809e-02,-1.013936834648e-01,5.369386402065e-03,-7.537109885561e-03,-1.247904862867e-03
"                1293",9.292037878375e-01,-1.103257350888e-01,-9.710087763457e-02,9.345870996762e-01,-1.191865083042e-01,-9.841896987867e-02,5.383311838710e-03,-8.860773215402e-03,-1.318092244106e-03
"                1294",9.559373512320e-01,-1.720989124543e-01,-9.620228680678e-02,9.613277478727e-01,-1.822956184606e-01,-9.760525948142e-02,5.390396640723e-03,-1.019670600624e-02,-1.402972674641e-03
"                1295",9.749271662949e-01,-2.269180814278e-01,-9.678017970482e-02,9.802851235250e-01,-2.383743936115e-01,-9.827858265825e-02,5.357957230085e-03,-1.145631218372e-02,-1.498402953431e-03
"                1296",9.877710450867e-01,-2.867294376247e-01,-9.740056911060e-02,9.930805950943e-01,-2.993185365960e-01,-9.900388826278e-02,5.309550007605e-03,-1.258909897128e-02,-1.603319152177e-03
"                1297",9.930338342148e-01,-3.479569145217e-01,-9.737310184368e-02,9.983053306203e-01,-3.615337567502e-01,-9.909015617942e-02,5.271496405540e-03,-1.357684222851e-02,-1.717054335746e-03
"                1298",9.940702042321e-01,-4.028549959345e-01,-9.742614325106e-02,9.992999214714e-01,-4.172517911373e-01,-9.926112444160e-02,5.229717239332e-03,-1.439679520280e-02,-1.834981190533e-03
"                1299",9.924998713157e-01,-4.426124915838e-01,-9.860793336058e-02,9.976376092553e-01,-4.576239476011e-01,-1.005537143565e-01,5.137737939545e-03,-1.501145601728e-02,-1.945780995899e-03
"                1300",9.783476612641e-01,-4.641962250130e-01,-1.018005303223e-01,9.833302900549e-01,-4.796147255440e-01,-1.038421484095e-01,4.982628790763e-03,-1.541850053105e-02,-2.041618087176e-03
"                1301",9.576579270682e-01,-4.557763891454e-01,-1.070214541690e-01,9.624322099757e-01,-4.713833908546e-01,-1.091417692667e-01,4.774282907499e-03,-1.560700170921e-02,-2.120315097671e-03
"                1302",9.288695852040e-01,-4.183116508370e-01,-1.132165541342e-01,9.334051981680e-01,-4.338603478362e-01,-1.154006031180e-01,4.535612963961e-03,-1.554869699914e-02,-2.184048983765e-03
"                1303",8.943221503933e-01,-3.588973799916e-01,-1.199294322572e-01,8.985722888381e-01,-3.741011819766e-01,-1.221583998519e-01,4.250138444866e-03,-1.520380198501e-02,-2.228967594681e-03
"                1304",8.633222800603e-01,-2.929264824375e-01,-1.262007465895e-01,8.673241411129e-01,-3.075028900191e-01,-1.284536857209e-01,4.001861052608e-03,-1.457640758160e-02,-2.252939131378e-03
"                1305",8.397286221701e-01,-2.189151902779e-01,-1.317645555157e-01,8.435231259894e-01,-2.326080157871e-01,-1.340116809547e-01,3.794503819292e-03,-1.369282550917e-02,-2.247125439000e-03
"                1306",8.157309165153e-01,-1.433890120538e-01,-1.355457251452e-01,8.193806086356e-01,-1.559846111229e-01,-1.377662280756e-01,3.649692120277e-03,-1.259559906901e-02,-2.220502930364e-03
"                1307",7.903123390907e-01,-7.469652328551e-02,-1.374746579576e-01,7.938702086088e-01,-8.604751083555e-02,-1.396442537240e-01,3.557869518156e-03,-1.135098755004e-02,-2.169595766459e-03
"                1308",7.567790039438e-01,-1.639120868180e-02,-1.385498654465e-01,7.602448795823e-01,-2.642558926199e-02,-1.406467269827e-01,3.465875638493e-03,-1.003438058019e-02,-2.096861536204e-03
"                1309",7.280186468587e-01,2.717116514539e-02,-1.398194239254e-01,7.313778207670e-01,1.845646987930e-02,-1.418248460866e-01,3.359173908330e-03,-8.714695266089e-03,-2.005422161179e-03
"                1310",7.165953389152e-01,5.846884000078e-02,-1.417013711865e-01,7.198846123469e-01,5.102863677925e-02,-1.436026458351e-01,3.289273431624e-03,-7.440203221537e-03,-1.901274648611e-03
"                1311",7.224815899393e-01,9.689983594605e-02,-1.436521629638e-01,7.256988033226e-01,9.065907597660e-02,-1.454416207639e-01,3.217213383260e-03,-6.240759969448e-03,-1.789457800156e-03
"                1312",7.359163369953e-01,1.526924324041e-01,-1.451510702861e-01,7.390837868779e-01,1.474857615393e-01,-1.468229037461e-01,3.167449882673e-03,-5.206670864755e-03,-1.671833459918e-03
"                1313",7.482712655471e-01,2.203968657547e-01,-1.457622421718e-01,7.514423999326e-01,2.160268675955e-01,-1.473213341719e-01,3.171134385560e-03,-4.369998159189e-03,-1.559092000133e-03
"                1314",7.554839347469e-01,2.748649433555e-01,-1.446631016486e-01,7.587495081867e-01,2.710922764426e-01,-1.461181319644e-01,3.265573439809e-03,-3.772666912810e-03,-1.455030315842e-03
"                1315",7.505358575169e-01,3.025018420346e-01,-1.415011609335e-01,7.539503709493e-01,2.990653036602e-01,-1.428652032704e-01,3.414513432411e-03,-3.436538374408e-03,-1.364042336865e-03
"                1316",7.506378577505e-01,3.093433334954e-01,-1.360752148237e-01,7.542663657507e-01,3.059762039672e-01,-1.373665100047e-01,3.628508000227e-03,-3.367129528170e-03,-1.291295180960e-03
"                1317",7.617798462055e-01,2.983338391069e-01,-1.288298471587e-01,7.657175600425e-01,2.947857842487e-01,-1.300742827514e-01,3.937713836969e-03,-3.548054858243e-03,-1.244435592727e-03
"                1318",7.836116048298e-01,2.736617952010e-01,-1.204139267402e-01,7.879122999878e-01,2.696816656646e-01,-1.216359505132e-01,4.300695158028e-03,-3.980129536437e-03,-1.222023773017e-03
"                1319",8.157386268009e-01,2.254443601865e-01,-1.122983247444e-01,8.204272017226e-01,2.207981733335e-01,-1.135208419497e-01,4.688574921650e-03,-4.646186852986e-03,-1.222517205303e-03
"                1320",8.592112282528e-01,1.527055199620e-01,-1.050254239447e-01,8.642363658425e-01,1.471796535952e-01,-1.062707466556e-01,5.025137589707e-03,-5.525866366732e-03,-1.245322710878e-03
"                1321",9.034081197005e-01,5.835577759584e-02,-9.911290152608e-02,9.087024537461e-01,5.177256692453e-02,-1.003970008177e-01,5.294334045653e-03,-6.583210671310e-03,-1.284099291642e-03
"                1322",9.494762787572e-01,-3.043085423457e-02,-9.573190077962e-02,9.550205386390e-01,-3.822307519992e-02,-9.707172061955e-02,5.544259881836e-03,-7.792220965356e-03,-1.339819839932e-03
"                1323",9.940332361371e-01,-1.009961208480e-01,-9.472233698358e-02,9.998042001430e-01,-1.100678388750e-01,-9.613231624335e-02,5.770964005887e-03,-9.071718026983e-03,-1.409979259775e-03
"                1324",1.030980919978e+00,-1.641512058329e-01,-9.461431157274e-02,1.036929222518e+00,-1.745088752977e-01,-9.610807262836e-02,5.948302540226e-03,-1.035766946484e-02,-1.493761055620e-03
"                1325",1.049197562850e+00,-2.293277495825e-01,-9.416531314002e-02,1.055279938318e+00,-2.409128876953e-01,-9.575781857196e-02,6.082375467696e-03,-1.158513811280e-02,-1.592505431945e-03
"                1326",1.050339079580e+00,-3.004616699716e-01,-9.348220475183e-02,1.056515069987e+00,-3.131793392350e-01,-9.518125616833e-02,6.175990407459e-03,-1.271766926338e-02,-1.699051416493e-03
"                1327",1.040455738577e+00,-3.663165878247e-01,-9.342011446662e-02,1.046645772669e+00,-3.800464422308e-01,-9.522386240288e-02,6.190034092038e-03,-1.372985440604e-02,-1.803747936252e-03
"                1328",1.030193783491e+00,-4.179472036281e-01,-9.481559566020e-02,1.036291240056e+00,-4.325260213889e-01,-9.671784568219e-02,6.097456565135e-03,-1.457881776084e-02,-1.902250021991e-03
"                1329",1.023038044401e+00,-4.547273451397e-01,-9.814825714006e-02,1.028914950546e+00,-4.699321875048e-01,-1.001354741863e-01,5.876906145408e-03,-1.520484236501e-02,-1.987217046277e-03
"                1330",1.009851257606e+00,-4.722404864611e-01,-1.031825290487e-01,1.015417883090e+00,-4.878332873954e-01,-1.052399933824e-01,5.566625484353e-03,-1.559280093432e-02,-2.057464333701e-03
"                1331",9.903984906448e-01,-4.584236376875e-01,-1.093122797389e-01,9.955826251755e-01,-4.741641850462e-01,-1.114262590491e-01,5.184134530682e-03,-1.574054735872e-02,-2.113979310191e-03
"                1332",9.560651647645e-01,-4.121599870206e-01,-1.160753038000e-01,9.608196665503e-01,-4.277693186396e-01,-1.182327676204e-01,4.754501785812e-03,-1.560933161898e-02,-2.157463820388e-03
"                1333",9.076759200535e-01,-3.512913828457e-01,-1.230497448431e-01,9.119394355204e-01,-3.664479200969e-01,-1.252328840691e-01,4.263515466916e-03,-1.515653725119e-02,-2.183139225995e-03
"                1334",8.613015371927e-01,-2.838225968254e-01,-1.295299410498e-01,8.651121634926e-01,-2.982436894857e-01,-1.317165536774e-01,3.810626299858e-03,-1.442109266026e-02,-2.186612627648e-03
"                1335",8.166351811483e-01,-2.081370539403e-01,-1.341523640503e-01,8.200392568666e-01,-2.215695659689e-01,-1.363209791359e-01,3.404075718249e-03,-1.343251202853e-02,-2.168615085566e-03
"                1336",7.756124773519e-01,-1.291376673958e-01,-1.371444343632e-01,7.786555666302e-01,-1.414118987138e-01,-1.392742745383e-01,3.043089278224e-03,-1.227423131799e-02,-2.129840175131e-03
"                1337",7.440647295174e-01,-5.758937093084e-02,-1.396965041584e-01,7.467686543224e-01,-6.858470535165e-02,-1.417623979308e-01,2.703924805013e-03,-1.099533442081e-02,-2.065893772383e-03
"                1338",7.106263581106e-01,-2.729445554777e-03,-1.425793319150e-01,7.130494134695e-01,-1.240080451932e-02,-1.445663271090e-01,2.423055358943e-03,-9.671358964546e-03,-1.986995193997e-03
"                1339",6.837360514061e-01,2.981608463567e-02,-1.454647571536e-01,6.859089249106e-01,2.145664330081e-02,-1.473614991491e-01,2.172873504582e-03,-8.359441334863e-03,-1.896741995493e-03
"                1340",6.771279600421e-01,5.514882688065e-02,-1.479121898780e-01,6.791050231261e-01,4.802205367096e-02,-1.497081070301e-01,1.977063084003e-03,-7.126773209694e-03,-1.795917152106e-03
"                1341",6.900803315780e-01,9.088460513414e-02,-1.495305290915e-01,6.919300016236e-01,8.488524285707e-02,-1.512247355460e-01,1.849670045568e-03,-5.999362277061e-03,-1.694206454495e-03
"                1342",7.101781476949e-01,1.460662187431e-01,-1.499602646647e-01,7.120099092301e-01,1.409989696323e-01,-1.515541408499e-01,1.831761535186e-03,-5.067249110863e-03,-1.593876185210e-03
"                1343",7.227895722295e-01,2.137937804118e-01,-1.484154953524e-01,7.247395597781e-01,2.094455095038e-01,-1.499194671569e-01,1.949987548547e-03,-4.348270907996e-03,-1.503971804452e-03
"                1344",7.246280436562e-01,2.709603606966e-01,-1.447124781944e-01,7.268209712809e-01,2.671071456553e-01,-1.461371560917e-01,2.192927624696e-03,-3.853215041316e-03,-1.424677897390e-03
"                1345",7.182615565347e-01,3.000208797046e-01,-1.390584835024e-01,7.208057582175e-01,2.964442833662e-01,-1.404228632177e-01,2.544201682757e-03,-3.576596338331e-03,-1.364379715322e-03
"                1346",7.224278987484e-01,3.050642868779e-01,-1.318900861274e-01,7.254333120332e-01,3.015210408774e-01,-1.332158616159e-01,3.005413284824e-03,-3.543246000555e-03,-1.325775488537e-03
"                1347",7.484703714410e-01,2.932559908420e-01,-1.238557900774e-01,7.520121321050e-01,2.895210085190e-01,-1.251649570999e-01,3.541760663954e-03,-3.734982323007e-03,-1.309167022523e-03
"                1348",7.907980591317e-01,2.689502118619e-01,-1.151643146247e-01,7.949020046422e-01,2.647699449020e-01,-1.164694538278e-01,4.103945510551e-03,-4.180266959950e-03,-1.305139203118e-03
"                1349",8.478610223521e-01,2.187249949840e-01,-1.068960498733e-01,8.525371804403e-01,2.138740111508e-01,-1.082097378670e-01,4.676158088140e-03,-4.850983833143e-03,-1.313687993636e-03
"                1350",9.174132135506e-01,1.477064180836e-01,-1.004172974693e-01,9.226354343786e-01,1.419880277924e-01,-1.017587972171e-01,5.222220828037e-03,-5.718390291188e-03,-1.341499747749e-03
"                1351",9.856777571574e-01,5.908257521520e-02,-9.664023217247e-02,9.913923425275e-01,5.233226186363e-02,-9.802108169876e-02,5.714585370066e-03,-6.750313351571e-03,-1.380849526292e-03
"                1352",1.045358061315e+00,-2.716019984334e-02,-9.469029911223e-02,1.051504434038e+00,-3.509411749588e-02,-9.612490311970e-02,6.146372722600e-03,-7.933917652547e-03,-1.434604007473e-03
"                1353",1.089086201185e+00,-1.001681563447e-01,-9.297438590250e-02,1.095631015670e+00,-1.093600963370e-01,-9.448112493682e-02,6.544814485250e-03,-9.191939992326e-03,-1.506739034312e-03
"                1354",1.115181783260e+00,-1.703629120441e-01,-9.126342227342e-02,1.122064967731e+00,-1.808426574628e-01,-9.285573556594e-02,6.883184470480e-03,-1.047974541870e-02,-1.592313292524e-03
"                1355",1.121822470452e+00,-2.428240742921e-01,-9.013135797360e-02,1.128923098251e+00,-2.545622301758e-01,-9.181563164212e-02,7.100627798780e-03,-1.173815588368e-02,-1.684273668522e-03
"                1356",1.111246371249e+00,-3.171765243788e-01,-9.016005454774e-02,1.118422063069e+00,-3.300902530871e-01,-9.193287731622e-02,7.175691819914e-03,-1.291372870833e-02,-1.772822768479e-03
"                1357",1.095323902640e+00,-3.842679818255e-01,-9.195118376541e-02,1.102413807777e+00,-3.982261062610e-01,-9.380402468777e-02,7.089905137419e-03,-1.395812443552e-02,-1.852840922358e-03
"                1358",1.085385700919e+00,-4.346565649680e-01,-9.533830412883e-02,1.092231109784e+00,-4.494495866791e-01,-9.726333695138e-02,6.845408864562e-03,-1.479302171117e-02,-1.925032822550e-03
"                1359",1.075977323078e+00,-4.689003670150e-01,-1.000954307728e-01,1.082433504376e+00,-4.842863693652e-01,-1.020808751533e-01,6.456181297746e-03,-1.538600235021e-02,-1.985444380529e-03
"                1360",1.055592326617e+00,-4.759855289251e-01,-1.059016378024e-01,1.061556458671e+00,-4.917066260961e-01,-1.079356528499e-01,5.964132053833e-03,-1.572109717099e-02,-2.034015047502e-03
"                1361",1.023450417488e+00,-4.492747550852e-01,-1.125010503360e-01,1.028830914889e+00,-4.650497007867e-01,-1.145701695836e-01,5.380497401635e-03,-1.577494570157e-02,-2.069119247582e-03
"                1362",9.741126053225e-01,-4.043217900773e-01,-1.194724109094e-01,9.788574915897e-01,-4.198441821775e-01,-1.215650549420e-01,4.744886267196e-03,-1.552239210017e-02,-2.092644032599e-03
"                1363",9.075155147141e-01,-3.451323521698e-01,-1.256660048746e-01,9.115877332990e-01,-3.600837656250e-01,-1.277704034507e-01,4.072218584940e-03,-1.495141345525e-02,-2.104398576150e-03
"                1364",8.436769978880e-01,-2.728042672653e-01,-1.310019044373e-01,8.470832239397e-01,-2.869319667927e-01,-1.330978396515e-01,3.406226051720e-03,-1.412769952745e-02,-2.095935214229e-03
"                1365",7.895599544842e-01,-1.858228258069e-01,-1.357083034221e-01,7.923112604026e-01,-1.988989882060e-01,-1.377740217905e-01,2.751305918484e-03,-1.307616239905e-02,-2.065718368471e-03
"                1366",7.488735967547e-01,-1.008737874594e-01,-1.401511270718e-01,7.510525216826e-01,-1.127521609243e-01,-1.421695451167e-01,2.178924927865e-03,-1.187837346487e-02,-2.018418044892e-03
"                1367",7.170930248965e-01,-3.987193809138e-02,-1.443559732040e-01,7.187812144014e-01,-5.045478398152e-02,-1.463104843579e-01,1.688189504859e-03,-1.058284589014e-02,-1.954511153886e-03
"                1368",6.887645691122e-01,-3.861998526716e-03,-1.481906938862e-01,6.900314876288e-01,-1.313260726763e-02,-1.500685402902e-01,1.266918516648e-03,-9.270608740911e-03,-1.877846404034e-03
"                1369",6.668251345791e-01,2.011023001751e-02,-1.511728673360e-01,6.677609948242e-01,1.210165681128e-02,-1.529681112966e-01,9.358602450929e-04,-8.008573206229e-03,-1.795243960656e-03
"                1370",6.648542868500e-01,4.781341351757e-02,-1.530470706091e-01,6.656064277510e-01,4.097195787057e-02,-1.547599054904e-01,7.521409010238e-04,-6.841455647005e-03,-1.712834881350e-03
"                1371",6.790169992887e-01,9.646333882419e-02,-1.532191254861e-01,6.797302846194e-01,9.065138810311e-02,-1.548525665182e-01,7.132853307098e-04,-5.811950721084e-03,-1.633441032127e-03
"                1372",6.970725007682e-01,1.607100357359e-01,-1.512692076532e-01,6.979038543267e-01,1.557370270010e-01,-1.528291140072e-01,8.313535585034e-04,-4.973008734972e-03,-1.559906354051e-03
"                1373",7.106641553137e-01,2.271544622598e-01,-1.471472038616e-01,7.117982529296e-01,2.228374567803e-01,-1.486460218158e-01,1.134097615919e-03,-4.317005479516e-03,-1.498817954239e-03
"                1374",7.143698181230e-01,2.747124969533e-01,-1.412930456752e-01,7.159754472085e-01,2.708485775847e-01,-1.427456491481e-01,1.605629085507e-03,-3.863919368616e-03,-1.452603472896e-03
"                1375",7.218593235230e-01,3.005393574564e-01,-1.343572750593e-01,7.240370346109e-01,2.969200704846e-01,-1.357813661611e-01,2.177711087866e-03,-3.619286971713e-03,-1.424091101823e-03
"                1376",7.461415331380e-01,3.076654147249e-01,-1.266829856297e-01,7.489821866729e-01,3.040629573951e-01,-1.280910600670e-01,2.840653534926e-03,-3.602457329713e-03,-1.408074437297e-03
"                1377",7.933984476084e-01,2.965776873244e-01,-1.183842582330e-01,7.969380858627e-01,2.927684985251e-01,-1.197853436935e-01,3.539638254229e-03,-3.809188799330e-03,-1.401085460504e-03
"                1378",8.605313112846e-01,2.696700940459e-01,-1.102001286576e-01,8.648308474656e-01,2.654103027382e-01,-1.116028789620e-01,4.299536181013e-03,-4.259791307705e-03,-1.402750304450e-03
"                1379",9.449688550413e-01,2.163718003765e-01,-1.039567323723e-01,9.500727506022e-01,2.114392961659e-01,-1.053714111469e-01,5.103895560884e-03,-4.932504210638e-03,-1.414678774508e-03
"                1380",1.033054495719e+00,1.446171261360e-01,-9.933837110251e-02,1.038892434561e+00,1.388175736243e-01,-1.007769901984e-01,5.837938842950e-03,-5.799552511760e-03,-1.438619095878e-03
"                1381",1.106789245831e+00,5.599330297110e-02,-9.545465485450e-02,1.113291058632e+00,4.915816085253e-02,-9.693167530203e-02,6.501812800780e-03,-6.835142118575e-03,-1.477020447533e-03
"                1382",1.156728744383e+00,-3.605585438085e-02,-9.201144720378e-02,1.163844438115e+00,-4.409070555245e-02,-9.354399733494e-02,7.115693732033e-03,-8.034851171600e-03,-1.532550131163e-03
"                1383",1.185937330454e+00,-1.153131474220e-01,-8.923316607485e-02,1.193568575240e+00,-1.246551786177e-01,-9.083462555406e-02,7.631244785480e-03,-9.342031195700e-03,-1.601459479210e-03
"                1384",1.198654064309e+00,-1.862862573057e-01,-8.768167417984e-02,1.206639861550e+00,-1.969700227075e-01,-8.935409097152e-02,7.985797241486e-03,-1.068376540181e-02,-1.672416791681e-03
"                1385",1.200058075284e+00,-2.595991214693e-01,-8.792872816018e-02,1.208187283827e+00,-2.715899402084e-01,-8.966924530449e-02,8.129208543513e-03,-1.199081873909e-02,-1.740517144314e-03
"                1386",1.190221833443e+00,-3.352193039452e-01,-8.999622236247e-02,1.198289502231e+00,-3.484014708976e-01,-9.179719768106e-02,8.067668788170e-03,-1.318216695233e-02,-1.800975318590e-03
"                1387",1.172918045651e+00,-4.067553949903e-01,-9.337149721108e-02,1.180742639974e+00,-4.209564860032e-01,-9.522746907227e-02,7.824594323094e-03,-1.420109101282e-02,-1.855971861190e-03
"                1388",1.155252950770e+00,-4.544720590722e-01,-9.759756851840e-02,1.162655030955e+00,-4.694625106430e-01,-9.950254470682e-02,7.402080184928e-03,-1.499045157081e-02,-1.904976188426e-03
"                1389",1.129519801125e+00,-4.716159101636e-01,-1.028342461322e-01,1.136341603171e+00,-4.871259834132e-01,-1.047778903488e-01,6.821802045517e-03,-1.551007324965e-02,-1.943644216606e-03
"                1390",1.093187913570e+00,-4.671756416361e-01,-1.091397811790e-01,1.099316107212e+00,-4.829176202881e-01,-1.111094157052e-01,6.128193642716e-03,-1.574197865199e-02,-1.969634526187e-03
"                1391",1.041770558919e+00,-4.462187258320e-01,-1.153403586354e-01,1.047135600895e+00,-4.618998704434e-01,-1.173301479744e-01,5.365041976638e-03,-1.568114461145e-02,-1.989789338972e-03
"                1392",9.732113316806e-01,-4.020768887987e-01,-1.211182577796e-01,9.777416104493e-01,-4.174035267857e-01,-1.231203355626e-01,4.530278768678e-03,-1.532663798696e-02,-2.002077783042e-03
"                1393",8.965638409349e-01,-3.314550128789e-01,-1.269317665796e-01,9.001861151577e-01,-3.461342810343e-01,-1.289325231401e-01,3.622274222734e-03,-1.467926815541e-02,-2.000756560482e-03
"                1394",8.319112467036e-01,-2.452707176487e-01,-1.332451088184e-01,8.346374625330e-01,-2.590629124849e-01,-1.352274769048e-01,2.726215829408e-03,-1.379219483619e-02,-1.982368086395e-03
"                1395",7.781802876841e-01,-1.610578542479e-01,-1.395205334663e-01,7.800949705051e-01,-1.737639740902e-01,-1.414717496552e-01,1.914682821009e-03,-1.270611984228e-02,-1.951216188855e-03
"                1396",7.409913413830e-01,-9.526358332795e-02,-1.449978899433e-01,7.422009847795e-01,-1.067593903464e-01,-1.469034105659e-01,1.209643396504e-03,-1.149580701841e-02,-1.905520622604e-03
"                1397",7.166724251194e-01,-4.982788273217e-02,-1.494651714236e-01,7.172995415982e-01,-6.005173191318e-02,-1.513145709557e-01,6.271164788854e-04,-1.022384918101e-02,-1.849399532126e-03
"                1398",6.941920786639e-01,-1.714410249826e-02,-1.529574586013e-01,6.943948370975e-01,-2.610514537466e-02,-1.547472666997e-01,2.027584335929e-04,-8.961042876400e-03,-1.789808098304e-03
"                1399",6.741872213749e-01,1.967464591938e-02,-1.549963322818e-01,6.741262257776e-01,1.191433281951e-02,-1.567254468393e-01,-6.099559732907e-05,-7.760313099871e-03,-1.729114557472e-03
"                1400",6.681641097531e-01,5.906386858176e-02,-1.549762244253e-01,6.680311870388e-01,5.239901921223e-02,-1.566479552678e-01,-1.329227142065e-04,-6.664849369525e-03,-1.671730842589e-03
"                1401",6.798091630430e-01,1.070774615962e-01,-1.525427429271e-01,6.798001403500e-01,1.013772257989e-01,-1.541617946297e-01,-9.022692947552e-06,-5.700235797307e-03,-1.619051702526e-03
"                1402",7.014914302685e-01,1.709033514346e-01,-1.482262904978e-01,7.018101119711e-01,1.660107410360e-01,-1.498046303031e-01,3.186817025621e-04,-4.892610398602e-03,-1.578339805332e-03
"                1403",7.268060124697e-01,2.382064329995e-01,-1.425744758361e-01,7.276525881942e-01,2.339440475235e-01,-1.441246635535e-01,8.465757245118e-04,-4.262385475990e-03,-1.550187717383e-03
"                1404",7.496390008224e-01,2.872568476493e-01,-1.361175256871e-01,7.511538847021e-01,2.834226240564e-01,-1.376471397617e-01,1.514883879669e-03,-3.834223592939e-03,-1.529614074613e-03
"                1405",7.802720162333e-01,3.117677778993e-01,-1.289467793030e-01,7.825270817608e-01,3.081623891806e-01,-1.304619831235e-01,2.255065527430e-03,-3.605388718675e-03,-1.515203820491e-03
"                1406",8.284858605874e-01,3.141264148610e-01,-1.213703333088e-01,8.315862123800e-01,3.105289975396e-01,-1.228776983896e-01,3.100351792536e-03,-3.597417321449e-03,-1.507365080810e-03
"                1407",8.998402421635e-01,2.986503281287e-01,-1.144484942190e-01,9.038598238848e-01,2.948271732589e-01,-1.159538294869e-01,4.019581721360e-03,-3.823154869816e-03,-1.505335267910e-03
"                1408",9.862122140347e-01,2.677853832018e-01,-1.084616396191e-01,9.911975604022e-01,2.635064375358e-01,-1.099669763717e-01,4.985346367597e-03,-4.278945666045e-03,-1.505336752580e-03
"                1409",1.081330288969e+00,2.099016713020e-01,-1.028261809255e-01,1.087288853159e+00,2.049415369820e-01,-1.043424645498e-01,5.958564189930e-03,-4.960134320074e-03,-1.516283624337e-03
"                1410",1.166400295907e+00,1.291170806394e-01,-9.701204135559e-02,1.173274670586e+00,1.232578312713e-01,-9.855388699376e-02,6.874374679444e-03,-5.859249368156e-03,-1.541845638169e-03
"                1411",1.229049347145e+00,3.479180822717e-02,-9.181779954919e-02,1.236732898687e+00,2.783057372131e-02,-9.339663525781e-02,7.683551542700e-03,-6.961234505859e-03,-1.578835708613e-03
"                1412",1.264005118826e+00,-5.792261429394e-02,-8.829249344062e-02,1.272356787618e+00,-6.616123333724e-02,-8.991516941302e-02,8.351668791724e-03,-8.238619043302e-03,-1.622675972400e-03
"                1413",1.280215463404e+00,-1.367049528444e-01,-8.670956483479e-02,1.289030724463e+00,-1.463243237335e-01,-8.837825089413e-02,8.815261058869e-03,-9.619370889116e-03,-1.668686059340e-03
"                1414",1.289649667399e+00,-2.094449102858e-01,-8.706531904599e-02,1.298699437642e+00,-2.204486333167e-01,-8.877779434697e-02,9.049770243163e-03,-1.100372303088e-02,-1.712475300986e-03
"                1415",1.292387980992e+00,-2.847744577542e-01,-8.891511021353e-02,1.301430157921e+00,-2.970860983249e-01,-9.066818729942e-02,9.042176928264e-03,-1.231164057074e-02,-1.753077085895e-03
"                1416",1.280123936838e+00,-3.586689155130e-01,-9.194723061742e-02,1.288939635694e+00,-3.721415767550e-01,-9.373708130623e-02,8.815698855328e-03,-1.347266124200e-02,-1.789850688814e-03
"                1417",1.253079527469e+00,-4.234570454928e-01,-9.594981644749e-02,1.261480296972e+00,-4.378853940714e-01,-9.777397861153e-02,8.400769503303e-03,-1.442834857861e-02,-1.824162164044e-03
"                1418",1.217390067336e+00,-4.669876094933e-01,-1.007837939368e-01,1.225177350547e+00,-4.821029557556e-01,-1.026351917672e-01,7.787283211240e-03,-1.511534626229e-02,-1.851397830377e-03
"                1419",1.168409769128e+00,-4.841671018619e-01,-1.062608972007e-01,1.175428945310e+00,-4.996977896398e-01,-1.081311586003e-01,7.019176181552e-03,-1.553068777792e-02,-1.870261399554e-03
"                1420",1.109461227666e+00,-4.727628139656e-01,-1.115802614059e-01,1.115603557181e+00,-4.884337075632e-01,-1.134648061298e-01,6.142329515203e-03,-1.567089359756e-02,-1.884544723911e-03
"                1421",1.044496735218e+00,-4.403102272206e-01,-1.169166533542e-01,1.049651113526e+00,-4.558381390972e-01,-1.188099959545e-01,5.154378307913e-03,-1.552791187657e-02,-1.893342600259e-03
"                1422",9.725212694893e-01,-3.844408998374e-01,-1.232298833863e-01,9.765921876003e-01,-3.995360303858e-01,-1.251235754374e-01,4.070918111050e-03,-1.509513054839e-02,-1.893692051057e-03
"                1423",8.984703033216e-01,-3.149853446484e-01,-1.304996698422e-01,9.014672018828e-01,-3.293789196497e-01,-1.323871384306e-01,2.996898561256e-03,-1.439357500130e-02,-1.887468588408e-03
"                1424",8.363966194919e-01,-2.412721763277e-01,-1.377285989933e-01,8.383642165448e-01,-2.547294845587e-01,-1.395996967755e-01,1.967597052920e-03,-1.345730823092e-02,-1.871097782127e-03
"                1425",7.879724999195e-01,-1.688504694893e-01,-1.440613408835e-01,7.890126620736e-01,-1.812200325076e-01,-1.459068846436e-01,1.040162154066e-03,-1.236956301829e-02,-1.845543760090e-03
"                1426",7.610037350187e-01,-1.082128038236e-01,-1.493697358429e-01,7.612975333569e-01,-1.193924015151e-01,-1.511824361075e-01,2.937983382035e-04,-1.117959769148e-02,-1.812700264630e-03
"                1427",7.390127443297e-01,-5.815639022310e-02,-1.532571828393e-01,7.387682949125e-01,-6.810230249743e-02,-1.550335994313e-01,-2.444494171948e-04,-9.945912274323e-03,-1.776416592016e-03
"                1428",7.095987551964e-01,-2.013754435376e-02,-1.550486140365e-01,7.090377464643e-01,-2.887280778705e-02,-1.567904468817e-01,-5.610087320490e-04,-8.735263433288e-03,-1.741832845245e-03
"                1429",6.850635246012e-01,1.770675767558e-02,-1.546987287483e-01,6.843858126907e-01,1.012925342294e-02,-1.564070330408e-01,-6.777119105262e-04,-7.577504252647e-03,-1.708304292515e-03
"                1430",6.803669726136e-01,5.580798331832e-02,-1.522593141538e-01,6.798227534449e-01,4.930090729344e-02,-1.539429380406e-01,-5.442191687071e-04,-6.507076024880e-03,-1.683623886736e-03
"                1431",7.040405576229e-01,1.094841529329e-01,-1.483235910420e-01,7.038437533359e-01,1.039249353617e-01,-1.499864816286e-01,-1.968042869412e-04,-5.559217571133e-03,-1.662890586549e-03
"                1432",7.457657050755e-01,1.752708889624e-01,-1.433968652363e-01,7.461089708888e-01,1.705188316283e-01,-1.450491307717e-01,3.432658133191e-04,-4.752057334144e-03,-1.652265535379e-03
"                1433",7.910272553223e-01,2.421587963961e-01,-1.374573817568e-01,7.920806032932e-01,2.380217200986e-01,-1.390995122276e-01,1.053347970962e-03,-4.137076297498e-03,-1.642130470812e-03
"                1434",8.340538375364e-01,2.872334989814e-01,-1.306498953950e-01,8.359409105423e-01,2.835088057176e-01,-1.322812576408e-01,1.887073005880e-03,-3.724693263772e-03,-1.631362245881e-03
"                1435",8.903710343320e-01,3.063260693529e-01,-1.242819265907e-01,8.932110704138e-01,3.028015299852e-01,-1.259060125989e-01,2.840036081805e-03,-3.524539367701e-03,-1.624086008264e-03
"                1436",9.632097138101e-01,3.043001582978e-01,-1.189267784623e-01,9.671075097130e-01,3.007688621850e-01,-1.205439586350e-01,3.897795902912e-03,-3.531296112828e-03,-1.617180172670e-03
"                1437",1.047885961953e+00,2.847366354289e-01,-1.133188264985e-01,1.052869834171e+00,2.809505967841e-01,-1.149317719740e-01,4.983872217998e-03,-3.786038644820e-03,-1.612945475514e-03
"                1438",1.133586543473e+00,2.425865398693e-01,-1.067136728803e-01,1.139716217379e+00,2.383052490191e-01,-1.083290514086e-01,6.129673905069e-03,-4.281290850242e-03,-1.615378528252e-03
"                1439",1.219205083859e+00,1.736406551265e-01,-9.974344694024e-02,1.226468359806e+00,1.686093365799e-01,-1.013709288536e-01,7.263275947108e-03,-5.031318546604e-03,-1.627481913398e-03
"                1440",1.290985531555e+00,8.567450008418e-02,-9.357608518775e-02,1.299240868126e+00,7.964120763864e-02,-9.521976425898e-02,8.255336570600e-03,-6.033292445544e-03,-1.643679071234e-03
"                1441",1.342025985222e+00,-5.454459722912e-03,-8.941085700315e-02,1.351073355125e+00,-1.270053666313e-02,-9.107134900091e-02,9.047369903147e-03,-7.246076940216e-03,-1.660491997760e-03
"                1442",1.369591627243e+00,-9.396815119469e-02,-8.769738634635e-02,1.379211629816e+00,-1.025674154235e-01,-8.937567748276e-02,9.620002572974e-03,-8.599264228784e-03,-1.678291136413e-03
"                1443",1.382740444741e+00,-1.717552149805e-01,-8.775161932221e-02,1.392692890394e+00,-1.817628663303e-01,-8.944873937200e-02,9.952445652547e-03,-1.000765134978e-02,-1.697120049794e-03
"                1444",1.390614781389e+00,-2.410311846117e-01,-8.898488563761e-02,1.400639585707e+00,-2.524108691350e-01,-9.070047553000e-02,1.002480431862e-02,-1.137968452328e-02,-1.715589892390e-03
"                1445",1.386910115275e+00,-3.126519948544e-01,-9.116893795682e-02,1.396758442335e+00,-3.253001264509e-01,-9.290239518327e-02,9.848327060225e-03,-1.264813159645e-02,-1.733457226448e-03
"                1446",1.359971409071e+00,-3.827373315470e-01,-9.460780457514e-02,1.369411729396e+00,-3.964737985654e-01,-9.635556476666e-02,9.440320324905e-03,-1.373646701846e-02,-1.747760191518e-03
"                1447",1.313719748609e+00,-4.478299330822e-01,-9.908159548104e-02,1.322551973176e+00,-4.624160297555e-01,-1.008420967917e-01,8.832224566955e-03,-1.458609667332e-02,-1.760501310714e-03
"                1448",1.253861990079e+00,-4.871070291766e-01,-1.033428650032e-01,1.261890677746e+00,-5.022805832727e-01,-1.051154951146e-01,8.028687666615e-03,-1.517355409607e-02,-1.772630111450e-03
"                1449",1.184042952421e+00,-4.957102853169e-01,-1.080392616232e-01,1.191086778670e+00,-5.112226664674e-01,-1.098181898736e-01,7.043826248684e-03,-1.551238115053e-02,-1.778928250473e-03
"                1450",1.114751243378e+00,-4.753104192826e-01,-1.135817422377e-01,1.120676797503e+00,-4.908988938006e-01,-1.153625343299e-01,5.925554124468e-03,-1.558847451804e-02,-1.780792092256e-03
"                1451",1.047471044495e+00,-4.368494271522e-01,-1.201454918915e-01,1.052209364350e+00,-4.522384905762e-01,-1.219280536651e-01,4.738319855274e-03,-1.538906342399e-02,-1.782561773620e-03
"                1452",9.787628249329e-01,-3.905570839888e-01,-1.277228897835e-01,9.822766420824e-01,-4.054560246340e-01,-1.295066195302e-01,3.513817149485e-03,-1.489894064522e-02,-1.783729746689e-03
"                1453",9.146428035301e-01,-3.310181693387e-01,-1.352922248819e-01,9.169614720215e-01,-3.451855170229e-01,-1.370712485031e-01,2.318668491306e-03,-1.416734768421e-02,-1.779023621193e-03
"                1454",8.646208892830e-01,-2.590720291179e-01,-1.422655107629e-01,8.658478338073e-01,-2.722895850255e-01,-1.440380430206e-01,1.226944524345e-03,-1.321755590762e-02,-1.772532257743e-03
"                1455",8.236538180909e-01,-1.839122011106e-01,-1.478407046520e-01,8.239878538744e-01,-1.960628545651e-01,-1.496070355837e-01,3.340357834871e-04,-1.215065345454e-02,-1.766330931732e-03
"                1456",7.891702633921e-01,-1.202520878920e-01,-1.515466730115e-01,7.888566861591e-01,-1.312465101073e-01,-1.533042465176e-01,-3.135772330196e-04,-1.099442221530e-02,-1.757573506043e-03
"                1457",7.567469089130e-01,-7.359406117322e-02,-1.531354202905e-01,7.560363405085e-01,-8.338482952431e-02,-1.548848698420e-01,-7.105684044615e-04,-9.790768351082e-03,-1.749449551573e-03
"                1458",7.295116960401e-01,-3.880740309836e-02,-1.527390204741e-01,7.286663580596e-01,-4.738841639701e-02,-1.544840812831e-01,-8.453379804671e-04,-8.581013298652e-03,-1.745060809004e-03
"                1459",7.145774804735e-01,-3.592115943235e-03,-1.507368735040e-01,7.138454540793e-01,-1.100971053453e-02,-1.524832607645e-01,-7.320263942506e-04,-7.417594591298e-03,-1.746387260424e-03
"                1460",7.269722687569e-01,4.252689632510e-02,-1.477259284235e-01,7.265808313215e-01,3.619255574794e-02,-1.494780393145e-01,-3.914374354884e-04,-6.334340577164e-03,-1.752110891015e-03
"                1461",7.696067994649e-01,1.035322697326e-01,-1.434844385213e-01,7.697483842102e-01,9.815261922568e-02,-1.452385427355e-01,1.415847453379e-04,-5.379650506903e-03,-1.754104214157e-03
"                1462",8.304703476054e-01,1.668397840615e-01,-1.380331399018e-01,8.313098032010e-01,1.622547593699e-01,-1.397864053837e-01,8.394555955311e-04,-4.585024691592e-03,-1.753265481962e-03
"                1463",8.998109306636e-01,2.225975936835e-01,-1.324048036092e-01,9.015497432946e-01,2.186098127343e-01,-1.341549375188e-01,1.738812631039e-03,-3.987780949240e-03,-1.750133909580e-03
"                1464",9.695283736849e-01,2.602379337724e-01,-1.276058441575e-01,9.723058035167e-01,2.566502170412e-01,-1.293483038816e-01,2.777429831814e-03,-3.587716731216e-03,-1.742459724144e-03
"                1465",1.043502132499e+00,2.820244933396e-01,-1.228190172412e-01,1.047403068220e+00,2.786093876144e-01,-1.245521373370e-01,3.900935721563e-03,-3.415105725292e-03,-1.733120095788e-03
"                1466",1.117530539291e+00,2.729818000493e-01,-1.173054233800e-01,1.122650605465e+00,2.695216726418e-01,-1.190329044880e-01,5.120066174429e-03,-3.460127407541e-03,-1.727481107967e-03
"                1467",1.192166988990e+00,2.383899951514e-01,-1.105443247904e-01,1.198541501539e+00,2.345999229716e-01,-1.122690566472e-01,6.374512548187e-03,-3.790072179856e-03,-1.724731856730e-03
"                1468",1.263793535508e+00,1.818749833159e-01,-1.035021323829e-01,1.271416886461e+00,1.774755450487e-01,-1.052246275003e-01,7.623350953103e-03,-4.399438267193e-03,-1.722495117340e-03
"                1469",1.337519539632e+00,1.106652584105e-01,-9.715628604072e-02,1.346281838950e+00,1.053901331204e-01,-9.887480769289e-02,8.762299318461e-03,-5.275125290070e-03,-1.718521652167e-03
"                1470",1.402973371335e+00,2.497540544870e-02,-9.261593984347e-02,1.412646019881e+00,1.859189635669e-02,-9.432456765982e-02,9.672648546860e-03,-6.383509092012e-03,-1.708627816357e-03
"                1471",1.452952040626e+00,-6.270383021698e-02,-9.033654181047e-02,1.463296063295e+00,-7.037212350181e-02,-9.203474037236e-02,1.034402266841e-02,-7.668293284839e-03,-1.698198561883e-03
"                1472",1.477353050620e+00,-1.463823052812e-01,-8.973852133615e-02,1.488118820755e+00,-1.554260969649e-01,-9.142894203146e-02,1.076577013515e-02,-9.043791683776e-03,-1.690420695310e-03
"                1473",1.482130143609e+00,-2.185324612371e-01,-9.007938921696e-02,1.493061747034e+00,-2.289699288636e-01,-9.176540985414e-02,1.093160342451e-02,-1.043746762645e-02,-1.686020637173e-03
"                1474",1.474741022610e+00,-2.831292230433e-01,-9.138176710789e-02,1.485570350372e+00,-2.948860024123e-01,-9.306391066884e-02,1.082932776249e-02,-1.175677936902e-02,-1.682143560949e-03
"                1475",1.455883056431e+00,-3.558024339693e-01,-9.376787117851e-02,1.466351224363e+00,-3.687461808464e-01,-9.544500731941e-02,1.046816793172e-02,-1.294374687703e-02,-1.677136140906e-03
"                1476",1.411122239760e+00,-4.308888388587e-01,-9.679755799833e-02,1.421005894851e+00,-4.448317867150e-01,-9.847239701018e-02,9.883655091649e-03,-1.394294785627e-02,-1.674839011848e-03
"                1477",1.347763353785e+00,-4.934747060266e-01,-1.003608395661e-01,1.356833904376e+00,-5.081926667062e-01,-1.020352476746e-01,9.070550591501e-03,-1.471796067956e-02,-1.674408108479e-03
"                1478",1.270467939983e+00,-5.228687226021e-01,-1.046569924592e-01,1.278498041493e+00,-5.381249868539e-01,-1.063289049450e-01,8.030101509822e-03,-1.525626425180e-02,-1.671912485801e-03
"                1479",1.192559147688e+00,-5.193331839156e-01,-1.104863226114e-01,1.199392890909e+00,-5.348830646334e-01,-1.121540717568e-01,6.833743220043e-03,-1.554988071779e-02,-1.667749145404e-03
"                1480",1.126542664737e+00,-5.010545951611e-01,-1.176593812347e-01,1.132107046217e+00,-5.166419415537e-01,-1.193271936994e-01,5.564381479600e-03,-1.558734639263e-02,-1.667812464705e-03
"                1481",1.066265822863e+00,-4.724558961503e-01,-1.250733547925e-01,1.070501633326e+00,-4.878096405702e-01,-1.267445102386e-01,4.235810462624e-03,-1.535374441999e-02,-1.671155446111e-03
"                1482",1.006105432333e+00,-4.296934487669e-01,-1.323702472017e-01,1.009044929475e+00,-4.445388232551e-01,-1.340502255772e-01,2.939497141953e-03,-1.484537448822e-02,-1.679978375480e-03
"                1483",9.545567822530e-01,-3.677966321667e-01,-1.392157199083e-01,9.563168477134e-01,-3.819057741908e-01,-1.409075195626e-01,1.760065460398e-03,-1.410914202417e-02,-1.691799654381e-03
"                1484",9.076104707535e-01,-2.881821620672e-01,-1.448245144194e-01,9.083659097381e-01,-3.013486488708e-01,-1.465334357904e-01,7.554389846784e-04,-1.316648680357e-02,-1.708921371021e-03
"                1485",8.633157702085e-01,-2.100421614687e-01,-1.483577232178e-01,8.633111043240e-01,-2.221474746793e-01,-1.500865188727e-01,-4.665884472182e-06,-1.210531321065e-02,-1.728795654924e-03
"                1486",8.255943818503e-01,-1.493897985055e-01,-1.498585913628e-01,8.251170519948e-01,-1.603176793273e-01,-1.516083232504e-01,-4.773298555682e-04,-1.092788082182e-02,-1.749731887512e-03
"                1487",7.908217839949e-01,-1.092180282102e-01,-1.495534049829e-01,7.901654562016e-01,-1.189131930252e-01,-1.513291059815e-01,-6.563277932379e-04,-9.695164814930e-03,-1.775700998629e-03
"                1488",7.737820638917e-01,-7.412666546414e-02,-1.481844323951e-01,7.732026718699e-01,-8.257881404076e-02,-1.499891448096e-01,-5.793920218307e-04,-8.452148576627e-03,-1.804712414577e-03
"                1489",7.841828752231e-01,-3.272349629125e-02,-1.461060790089e-01,7.839027350132e-01,-3.997682511032e-02,-1.479381000334e-01,-2.801402099480e-04,-7.253328819070e-03,-1.832021024518e-03
"                1490",8.207938102914e-01,1.780898881728e-02,-1.430799287112e-01,8.210042493185e-01,1.165600938907e-02,-1.449312424350e-01,2.104390270673e-04,-6.152979428209e-03,-1.851313723837e-03
"                1491",8.812677472321e-01,7.867910730050e-02,-1.388853468566e-01,8.821838848138e-01,7.348456684765e-02,-1.407478715833e-01,9.161375816534e-04,-5.194540452856e-03,-1.862524726708e-03
"                1492",9.619690626081e-01,1.396229336551e-01,-1.348232189268e-01,9.637974912398e-01,1.352132018052e-01,-1.366910626504e-01,1.828428631710e-03,-4.409731849957e-03,-1.867843723539e-03
"                1493",1.043979044704e+00,1.931102974763e-01,-1.310039666510e-01,1.046870610698e+00,1.892815115367e-01,-1.328658868232e-01,2.891565994496e-03,-3.828785939655e-03,-1.861920172172e-03
"                1494",1.119500833490e+00,2.247374441078e-01,-1.263406625427e-01,1.123573385610e+00,2.212784659903e-01,-1.281948626736e-01,4.072552120358e-03,-3.458978117505e-03,-1.854200130856e-03
"                1495",1.189582049158e+00,2.292862497214e-01,-1.205299265251e-01,1.194945455832e+00,2.259319234752e-01,-1.223777717279e-01,5.363406673985e-03,-3.354326246201e-03,-1.847845202839e-03
"                1496",1.249756506525e+00,2.038702080843e-01,-1.139213397390e-01,1.256451912331e+00,2.003536302903e-01,-1.157620408145e-01,6.695405805818e-03,-3.516577793934e-03,-1.840701075493e-03
"                1497",1.304490948933e+00,1.654299967988e-01,-1.072358953485e-01,1.312458993620e+00,1.614478514091e-01,-1.090600219763e-01,7.968044687263e-03,-3.982145389723e-03,-1.824126627850e-03
"                1498",1.365225931982e+00,1.094820096408e-01,-1.016083272452e-01,1.374369789726e+00,1.047592146224e-01,-1.034075203499e-01,9.143857744010e-03,-4.722795018453e-03,-1.799193104748e-03
"                1499",1.436120452818e+00,3.811815392561e-02,-9.738817437344e-02,1.446263937799e+00,3.241295960614e-02,-9.915420782210e-02,1.014348498157e-02,-5.705194319471e-03,-1.766033448658e-03
"                1500",1.501352675184e+00,-4.684756994111e-02,-9.448927889548e-02,1.512261340715e+00,-5.372529344076e-02,-9.621831751597e-02,1.090866553034e-02,-6.877723499655e-03,-1.729038620494e-03
"                1501",1.546000421657e+00,-1.316386591529e-01,-9.283106036306e-02,1.557426009467e+00,-1.398285759215e-01,-9.452566747211e-02,1.142558780981e-02,-8.189916768566e-03,-1.694607109044e-03
"                1502",1.556551840470e+00,-2.065901162863e-01,-9.233865623717e-02,1.568236784448e+00,-2.161470202741e-01,-9.400387193722e-02,1.168494397800e-02,-9.556903987800e-03,-1.665215700049e-03
"                1503",1.542932845394e+00,-2.759159440899e-01,-9.286293655563e-02,1.554587739389e+00,-2.868183784006e-01,-9.449971647204e-02,1.165489399521e-02,-1.090243431063e-02,-1.636779916411e-03
"                1504",1.519281025462e+00,-3.443082308470e-01,-9.389121458874e-02,1.530642059736e+00,-3.564594334807e-01,-9.550388109109e-02,1.136103427327e-02,-1.215120263370e-02,-1.612666502352e-03
"                1505",1.482033807907e+00,-4.197614057214e-01,-9.519229832343e-02,1.492837971781e+00,-4.330376872430e-01,-9.678397336338e-02,1.080416387451e-02,-1.327628152155e-02,-1.591675039951e-03
"                1506",1.426618063779e+00,-4.932224117564e-01,-9.780275199297e-02,1.436599469293e+00,-5.074556147802e-01,-9.937754223302e-02,9.981405514038e-03,-1.423320302372e-02,-1.574790240052e-03
"                1507",1.356064376959e+00,-5.486080438861e-01,-1.020596261382e-01,1.365009283646e+00,-5.635820237853e-01,-1.036215643629e-01,8.944906687396e-03,-1.497397989923e-02,-1.561938224656e-03
"                1508",1.275896793992e+00,-5.805759442445e-01,-1.081009082667e-01,1.283645517718e+00,-5.960579353177e-01,-1.096548437803e-01,7.748723726897e-03,-1.548199107319e-02,-1.553935513524e-03
"                1509",1.203537062665e+00,-5.878338347557e-01,-1.152838729967e-01,1.209967076952e+00,-6.035768856541e-01,-1.168338863549e-01,6.430014287657e-03,-1.574305089839e-02,-1.550013358177e-03
"                1510",1.144094949926e+00,-5.734069533414e-01,-1.225611565728e-01,1.149162424396e+00,-5.891722333715e-01,-1.241179043770e-01,5.067474469460e-03,-1.576528003011e-02,-1.556747804136e-03
"                1511",1.094393339633e+00,-5.429879234755e-01,-1.294598932860e-01,1.098122198696e+00,-5.585033745512e-01,-1.310354215926e-01,3.728859063502e-03,-1.551545107564e-02,-1.575528306611e-03
"                1512",1.042134887067e+00,-4.907460116634e-01,-1.356866589993e-01,1.044637155628e+00,-5.057455105771e-01,-1.372914113014e-01,2.502268560581e-03,-1.499949891369e-02,-1.604752302169e-03
"                1513",9.937474643291e-01,-4.195734774590e-01,-1.405800239443e-01,9.951965296375e-01,-4.338271819186e-01,-1.422210530018e-01,1.449065308464e-03,-1.425370445953e-02,-1.641029057499e-03
"                1514",9.462903658842e-01,-3.401704269633e-01,-1.436433384541e-01,9.468987711773e-01,-3.534611071716e-01,-1.453291880528e-01,6.084052930413e-04,-1.329068020833e-02,-1.685849598745e-03
"                1515",9.009070701925e-01,-2.670535037800e-01,-1.448419948011e-01,9.009732403415e-01,-2.792376811367e-01,-1.465802559847e-01,6.617014896933e-05,-1.218417735675e-02,-1.738261183608e-03
"                1516",8.649013540654e-01,-2.063149477546e-01,-1.449740040905e-01,8.647125508172e-01,-2.172688996973e-01,-1.467671140685e-01,-1.888032482083e-04,-1.095395194266e-02,-1.793109978035e-03
"                1517",8.477874307114e-01,-1.631585334094e-01,-1.444763490086e-01,8.476140254407e-01,-1.728231041768e-01,-1.463242887784e-01,-1.734052707515e-04,-9.664570767439e-03,-1.847939769778e-03
"                1518",8.532184269246e-01,-1.220715830379e-01,-1.433485860024e-01,8.532823560619e-01,-1.304503646386e-01,-1.452433694020e-01,6.392913730031e-05,-8.378781600713e-03,-1.894783399570e-03
"                1519",8.839259913382e-01,-7.597005717754e-02,-1.414013187173e-01,8.844494247338e-01,-8.311122657609e-02,-1.433343677984e-01,5.234333956155e-04,-7.141169398546e-03,-1.933049081111e-03
"                1520",9.365770871677e-01,-1.733300575920e-02,-1.393697069570e-01,9.377888410842e-01,-2.336391733136e-02,-1.413299136038e-01,1.211753916474e-03,-6.030911572160e-03,-1.960206646735e-03
"                1521",1.007326338224e+00,5.252015805172e-02,-1.371239986596e-01,1.009422856800e+00,4.745456308791e-02,-1.390967766571e-01,2.096518576662e-03,-5.065594963811e-03,-1.972777997465e-03
"                1522",1.093926238829e+00,1.110582096235e-01,-1.339006400550e-01,1.097070537310e+00,1.067562180138e-01,-1.358778897487e-01,3.144298481466e-03,-4.301991609685e-03,-1.977249693673e-03
"                1523",1.171727076298e+00,1.507483798556e-01,-1.289726413043e-01,1.176080041609e+00,1.469701381870e-01,-1.309472422921e-01,4.352965311615e-03,-3.778241668556e-03,-1.974600987772e-03
"                1524",1.235702365612e+00,1.673538724289e-01,-1.229864273900e-01,1.241356035068e+00,1.638332960617e-01,-1.249549026893e-01,5.653669456011e-03,-3.520576367180e-03,-1.968475299328e-03
"                1525",1.287976083231e+00,1.647101881610e-01,-1.169340427027e-01,1.294955158203e+00,1.611565486782e-01,-1.188865210924e-01,6.979074972470e-03,-3.553639482743e-03,-1.952478389680e-03
"                1526",1.331649381090e+00,1.406435755326e-01,-1.113775704504e-01,1.339892627216e+00,1.367718673954e-01,-1.133006193529e-01,8.243246125913e-03,-3.871708137263e-03,-1.923048902508e-03
"                1527",1.380195594129e+00,1.005097533773e-01,-1.067377069931e-01,1.389588999995e+00,9.604653403642e-02,-1.086170182280e-01,9.393405866416e-03,-4.463219340877e-03,-1.879311234892e-03
"                1528",1.442163809632e+00,3.894986822986e-02,-1.030123698899e-01,1.452577106352e+00,3.365371046985e-02,-1.048405298324e-01,1.041329672047e-02,-5.296157760011e-03,-1.828159942497e-03
"                1529",1.512320838989e+00,-3.641950628634e-02,-9.983030228255e-02,1.523554598638e+00,-4.275872560656e-02,-1.015996322316e-01,1.123375964870e-02,-6.339219320229e-03,-1.769329949086e-03
"                1530",1.567671125622e+00,-1.157301281261e-01,-9.742113762532e-02,1.579497851407e+00,-1.232703508176e-01,-9.913060357033e-02,1.182672578475e-02,-7.540222691539e-03,-1.709465945015e-03
"                1531",1.592903624052e+00,-1.964013824584e-01,-9.608185987111e-02,1.605054513273e+00,-2.052392185889e-01,-9.773307853637e-02,1.215088922111e-02,-8.837836130488e-03,-1.651218665254e-03
"                1532",1.585816357472e+00,-2.727676440874e-01,-9.553517288636e-02,1.598025672782e+00,-2.829233201492e-01,-9.713487358685e-02,1.220931531027e-02,-1.015567606178e-02,-1.599700700490e-03
"                1533",1.556703602682e+00,-3.422093670259e-01,-9.488540023521e-02,1.568687462599e+00,-3.536427284088e-01,-9.644111382196e-02,1.198385991628e-02,-1.143336138288e-02,-1.555713586748e-03
"                1534",1.519773966447e+00,-4.108717634101e-01,-9.482191334149e-02,1.531239915144e+00,-4.235066044267e-01,-9.633895485349e-02,1.146594869687e-02,-1.263484101659e-02,-1.517041511995e-03
"                1535",1.478156536167e+00,-4.863057633926e-01,-9.666387345505e-02,1.488836828449e+00,-5.000245427678e-01,-9.814533569760e-02,1.068029228181e-02,-1.371877937521e-02,-1.481462242554e-03
"                1536",1.422136662906e+00,-5.658638475600e-01,-1.009003847397e-01,1.431827728261e+00,-5.805026537193e-01,-1.023592340940e-01,9.691065355044e-03,-1.463880615937e-02,-1.458849354249e-03
"                1537",1.353644605250e+00,-6.345837131053e-01,-1.066290885273e-01,1.362173004707e+00,-6.499160770465e-01,-1.080755029596e-01,8.528399457573e-03,-1.533236394120e-02,-1.446414432360e-03
"                1538",1.277213708988e+00,-6.733970369597e-01,-1.133212767267e-01,1.284432511894e+00,-6.892147730196e-01,-1.147616836340e-01,7.218802905576e-03,-1.581773605990e-02,-1.440406907340e-03
"                1539",1.212910882764e+00,-6.742762045947e-01,-1.203157074024e-01,1.218781746851e+00,-6.903434222051e-01,-1.217640462122e-01,5.870864086916e-03,-1.606721761042e-02,-1.448338809771e-03
"                1540",1.157788192219e+00,-6.453180776258e-01,-1.267168691472e-01,1.162352832415e+00,-6.613928181292e-01,-1.281920924440e-01,4.564640196140e-03,-1.607474050345e-02,-1.475223296761e-03
"                1541",1.107836046095e+00,-6.020020019866e-01,-1.318121171829e-01,1.111170462612e+00,-6.178090374786e-01,-1.333307471479e-01,3.334416516272e-03,-1.580703549205e-02,-1.518629965031e-03
"                1542",1.054588866116e+00,-5.439144957624e-01,-1.353628653718e-01,1.056856491028e+00,-5.591734812914e-01,-1.369376971168e-01,2.267624911684e-03,-1.525898552895e-02,-1.574831745016e-03
"                1543",1.001802178789e+00,-4.716989834443e-01,-1.374308633005e-01,1.003232171507e+00,-4.861424270645e-01,-1.390738326426e-01,1.429992718898e-03,-1.444344362021e-02,-1.642969342053e-03
"                1544",9.544007785913e-01,-3.905492949045e-01,-1.386194632192e-01,9.552288159603e-01,-4.039657610038e-01,-1.403423581988e-01,8.280373689807e-04,-1.341646609930e-02,-1.722894979599e-03
"                1545",9.249962237486e-01,-3.121214648077e-01,-1.394100412350e-01,9.254898353319e-01,-3.243451190630e-01,-1.412156233623e-01,4.936115832152e-04,-1.222365425524e-02,-1.805582127332e-03
"                1546",9.091581425974e-01,-2.456644703671e-01,-1.396873428258e-01,9.095727176997e-01,-2.565909010549e-01,-1.415694939126e-01,4.145751022511e-04,-1.092643068779e-02,-1.882151086785e-03
"                1547",9.096436717546e-01,-1.996319409959e-01,-1.392789807400e-01,9.102180494330e-01,-2.092186774062e-01,-1.412263993879e-01,5.743776783434e-04,-9.586736410257e-03,-1.947418647921e-03
"                1548",9.339313386415e-01,-1.512538651566e-01,-1.389882422561e-01,9.349261324812e-01,-1.595199536474e-01,-1.409912598166e-01,9.947938396780e-04,-8.266088490778e-03,-2.003017560489e-03
"                1549",9.785156060751e-01,-9.368085331633e-02,-1.392608268714e-01,9.801509242273e-01,-1.006796761706e-01,-1.413045678849e-01,1.635318152213e-03,-6.998822854308e-03,-2.043741013544e-03
"                1550",1.037215946735e+00,-2.876766580907e-02,-1.387706666479e-01,1.039661819382e+00,-3.465929469544e-02,-1.408393418746e-01,2.445872647182e-03,-5.891628886365e-03,-2.068675226749e-03
"                1551",1.105950202144e+00,3.269694461369e-02,-1.359745598335e-01,1.109412641637e+00,2.772991978565e-02,-1.380588012456e-01,3.462439493185e-03,-4.967024828041e-03,-2.084241412097e-03
"                1552",1.176964520872e+00,7.868665065560e-02,-1.311591331843e-01,1.181601376197e+00,7.439649845905e-02,-1.332491409493e-01,4.636855325239e-03,-4.290152196550e-03,-2.090007765024e-03
"                1553",1.235641578580e+00,1.072387041472e-01,-1.255178256551e-01,1.241526745813e+00,1.033445363560e-01,-1.275993730905e-01,5.885167232180e-03,-3.894167791206e-03,-2.081547435361e-03
"                1554",1.283576346420e+00,1.221185793497e-01,-1.202069686091e-01,1.290706287649e+00,1.183303699677e-01,-1.222642895188e-01,7.129941229798e-03,-3.788209381946e-03,-2.057320909686e-03
"                1555",1.330694553105e+00,1.174973806113e-01,-1.159537457536e-01,1.339022412400e+00,1.135435700354e-01,-1.179687400994e-01,8.327859295580e-03,-3.953810575840e-03,-2.014994345868e-03
"                1556",1.375380101264e+00,9.074384842641e-02,-1.123750792135e-01,1.384813693594e+00,8.635486435616e-02,-1.143328839456e-01,9.433592329612e-03,-4.388984070254e-03,-1.957804732028e-03
"                1557",1.423967855060e+00,4.606273071140e-02,-1.090933160271e-01,1.434378434788e+00,4.100848246443e-02,-1.109809415158e-01,1.041057972739e-02,-5.054248246971e-03,-1.887625488749e-03
"                1558",1.479345737106e+00,-1.639672859652e-02,-1.059327394522e-01,1.490590725232e+00,-2.233612439204e-02,-1.077461546984e-01,1.124498812589e-02,-5.939395795519e-03,-1.813415246215e-03
"                1559",1.533779210135e+00,-8.876993861988e-02,-1.030037782432e-01,1.545647561265e+00,-9.576162870089e-02,-1.047345257959e-01,1.186835113046e-02,-6.991690081018e-03,-1.730747552647e-03
"                1560",1.571318476019e+00,-1.669527578535e-01,-1.008422435179e-01,1.583586454995e+00,-1.751202536553e-01,-1.024896625731e-01,1.226797897577e-02,-8.167495801804e-03,-1.647419055209e-03
"                1561",1.576581975541e+00,-2.472677495050e-01,-9.869001512493e-02,1.588993950512e+00,-2.566822557234e-01,-1.002624581647e-01,1.241197497144e-02,-9.414506218346e-03,-1.572443039806e-03
"                1562",1.551891015679e+00,-3.245086134289e-01,-9.676834326224e-02,1.564145972426e+00,-3.352017373652e-01,-9.827419106643e-02,1.225495674637e-02,-1.069312393629e-02,-1.505847804182e-03
"                1563",1.515989087926e+00,-3.938178641524e-01,-9.593275932429e-02,1.527780036728e+00,-4.057591265327e-01,-9.737906141690e-02,1.179094880164e-02,-1.194126238038e-02,-1.446302092608e-03
"                1564",1.482054349284e+00,-4.644291435840e-01,-9.706784213942e-02,1.493135913341e+00,-4.775407653811e-01,-9.846528883239e-02,1.108156405778e-02,-1.311162179714e-02,-1.397446692970e-03
"                1565",1.444706648926e+00,-5.509504794761e-01,-1.004862895858e-01,1.454876983357e+00,-5.651057994505e-01,-1.018465866266e-01,1.017033443080e-02,-1.415531997435e-02,-1.360297040782e-03
"                1566",1.391315235941e+00,-6.398817822338e-01,-1.055278376198e-01,1.400371464102e+00,-6.549199532538e-01,-1.068666065467e-01,9.056228161181e-03,-1.503817102001e-02,-1.338768926914e-03
"                1567",1.326955646778e+00,-7.092389249989e-01,-1.115224845551e-01,1.334780520563e+00,-7.249600528369e-01,-1.128553602529e-01,7.824873785389e-03,-1.572112783804e-02,-1.332875697816e-03
"                1568",1.253861113007e+00,-7.378968774306e-01,-1.177709684166e-01,1.260414875048e+00,-7.540942011456e-01,-1.191170668264e-01,6.553762040522e-03,-1.619732371504e-02,-1.346098409857e-03
"                1569",1.187834615211e+00,-7.222557208564e-01,-1.232518296193e-01,1.193146123825e+00,-7.386970056531e-01,-1.246306724381e-01,5.311508614381e-03,-1.644128479677e-02,-1.378842818743e-03
"                1570",1.129170464397e+00,-6.811622986910e-01,-1.272162805104e-01,1.133318139931e+00,-6.975787689022e-01,-1.286495517312e-01,4.147675534779e-03,-1.641647021117e-02,-1.433271220842e-03
"                1571",1.075243837353e+00,-6.294957573192e-01,-1.295899962706e-01,1.078354703481e+00,-6.455709791436e-01,-1.310977364380e-01,3.110866128316e-03,-1.607522182432e-02,-1.507740167394e-03
"                1572",1.027730162957e+00,-5.680646814102e-01,-1.310793508653e-01,1.030010881538e+00,-5.835046706156e-01,-1.326764496451e-01,2.280718580941e-03,-1.543998920539e-02,-1.597098779775e-03
"                1573",9.920960873687e-01,-4.904742317484e-01,-1.322783389341e-01,9.937570669570e-01,-5.049927369644e-01,-1.339753766324e-01,1.660979588279e-03,-1.451850521601e-02,-1.697037698315e-03
"                1574",9.611134908047e-01,-3.992266500807e-01,-1.331571098787e-01,9.623614771420e-01,-4.126331258488e-01,-1.349588139578e-01,1.247986337321e-03,-1.340647576810e-02,-1.801704079051e-03
"                1575",9.450334331052e-01,-3.137094308137e-01,-1.339152928880e-01,9.460912423157e-01,-3.258465869618e-01,-1.358122308251e-01,1.057809210500e-03,-1.213715614812e-02,-1.896937937149e-03
"                1576",9.443164017064e-01,-2.411049799498e-01,-1.347322286692e-01,9.454576063867e-01,-2.518789762987e-01,-1.367149387765e-01,1.141204680336e-03,-1.077399634895e-02,-1.982710107260e-03
"                1577",9.611562697692e-01,-1.879672821951e-01,-1.363747351871e-01,9.626441356598e-01,-1.973446496297e-01,-1.384286198335e-01,1.487865890575e-03,-9.377367434541e-03,-2.053884646388e-03
"                1578",9.939269633445e-01,-1.329271533721e-01,-1.381893382641e-01,9.959644434290e-01,-1.409488777727e-01,-1.402965487795e-01,2.037480084524e-03,-8.021724400587e-03,-2.107210515339e-03
"                1579",1.036234254550e+00,-7.194306911254e-02,-1.386407758297e-01,1.039027323188e+00,-7.869906041549e-02,-1.407890891814e-01,2.793068637539e-03,-6.755991302954e-03,-2.148313351676e-03
"                1580",1.082221933854e+00,-1.268305817844e-02,-1.368055384627e-01,1.085947282713e+00,-1.837338264695e-02,-1.389815135759e-01,3.725348858920e-03,-5.690324468509e-03,-2.175975113248e-03
"                1581",1.133956818680e+00,3.851412955126e-02,-1.329323865856e-01,1.138767590174e+00,3.364471823927e-02,-1.351216705672e-01,4.810771493395e-03,-4.869411311987e-03,-2.189283981592e-03
"                1582",1.187687626550e+00,7.778056112063e-02,-1.281869686249e-01,1.193644956981e+00,7.345026660084e-02,-1.303674402011e-01,5.957330430805e-03,-4.330294519793e-03,-2.180471576181e-03
"                1583",1.239469265502e+00,9.949932480677e-02,-1.238569907847e-01,1.246559594926e+00,9.542896691202e-02,-1.260059723023e-01,7.090329424149e-03,-4.070357894755e-03,-2.148981517575e-03
"                1584",1.289016218917e+00,1.108256473129e-01,-1.205665778064e-01,1.297192166744e+00,1.067418144516e-01,-1.226631885336e-01,8.175947827391e-03,-4.083832861274e-03,-2.096610727242e-03
"                1585",1.335464043175e+00,1.040104531010e-01,-1.177683083497e-01,1.344656587185e+00,9.967821157989e-02,-1.197967524510e-01,9.192544010559e-03,-4.332241521063e-03,-2.028444101263e-03
"                1586",1.373522077745e+00,7.742281075221e-02,-1.147930584717e-01,1.383628903575e+00,7.258911216787e-02,-1.167394408279e-01,1.010682582973e-02,-4.833698584340e-03,-1.946382356203e-03
"                1587",1.408222609716e+00,3.258479924368e-02,-1.118487749794e-01,1.419125638216e+00,2.705911988753e-02,-1.137033607169e-01,1.090302849987e-02,-5.525679356153e-03,-1.854585737514e-03
"                1588",1.447780236773e+00,-3.425492272515e-02,-1.091340901490e-01,1.459312747430e+00,-4.066352462408e-02,-1.108908545112e-01,1.153251065757e-02,-6.408601898928e-03,-1.756764362197e-03
"                1589",1.483187400630e+00,-1.149604447264e-01,-1.060156052964e-01,1.495160577976e+00,-1.223974161997e-01,-1.076706453978e-01,1.197317734572e-02,-7.436971473313e-03,-1.655040101420e-03
"                1590",1.500178891963e+00,-1.974175100587e-01,-1.026729896066e-01,1.512353099320e+00,-2.060178545037e-01,-1.042297442130e-01,1.217420735675e-02,-8.600344444996e-03,-1.556754606394e-03
"                1591",1.493817458138e+00,-2.741899764980e-01,-9.996240266246e-02,1.505906381599e+00,-2.840389100116e-01,-1.014294395445e-01,1.208892346167e-02,-9.848933513577e-03,-1.467036882014e-03
"                1592",1.470084203689e+00,-3.462583621218e-01,-9.883502573622e-02,1.481813389558e+00,-3.573774905939e-01,-1.002243916566e-01,1.172918586935e-02,-1.111912847207e-02,-1.389365920345e-03
"                1593",1.439740810322e+00,-4.231193080545e-01,-9.953456472122e-02,1.450869611765e+00,-4.354645146200e-01,-1.008608894537e-01,1.112880144262e-02,-1.234520656554e-02,-1.326324732466e-03
"                1594",1.410827633060e+00,-5.116349685540e-01,-1.015479397585e-01,1.421126255680e+00,-5.251246291095e-01,-1.028258599754e-01,1.029862261978e-02,-1.348966055547e-02,-1.277920216924e-03
"                1595",1.376413704308e+00,-6.060979333657e-01,-1.049458636268e-01,1.385721971451e+00,-6.206225290271e-01,-1.061931751880e-01,9.308267143497e-03,-1.452459566139e-02,-1.247311561275e-03
"                1596",1.331207074530e+00,-6.912941807093e-01,-1.096506978213e-01,1.339414542906e+00,-7.066970550656e-01,-1.108923970451e-01,8.207468376405e-03,-1.540287435630e-02,-1.241699223870e-03
"                1597",1.269866251017e+00,-7.429252975775e-01,-1.148614608932e-01,1.276928032972e+00,-7.590096055959e-01,-1.161186497195e-01,7.061781954909e-03,-1.608430801836e-02,-1.257188826290e-03
"                1598",1.195386113281e+00,-7.537161041739e-01,-1.193392602336e-01,1.201304234645e+00,-7.702561576794e-01,-1.206342099627e-01,5.918121363604e-03,-1.654005350550e-02,-1.294949729157e-03
"                1599",1.124542788481e+00,-7.280606749835e-01,-1.222946160658e-01,1.129392397650e+00,-7.447926090148e-01,-1.236511052621e-01,4.849609168556e-03,-1.673193403127e-02,-1.356489196237e-03
"                1600",1.065372701516e+00,-6.824215066581e-01,-1.239730532539e-01,1.069274947002e+00,-6.990424242102e-01,-1.254170438317e-01,3.902245485407e-03,-1.662091755215e-02,-1.443990577822e-03
"                1601",1.022440886983e+00,-6.245022228535e-01,-1.250591390685e-01,1.025534031257e+00,-6.406772641131e-01,-1.266105445084e-01,3.093144274391e-03,-1.617504125962e-02,-1.551405439878e-03
"                1602",9.978440708460e-01,-5.521010118348e-01,-1.261327875602e-01,1.000308506690e+00,-5.675348201674e-01,-1.277999848156e-01,2.464435843763e-03,-1.543380833257e-02,-1.667197255442e-03
"                1603",9.827125297178e-01,-4.648192850755e-01,-1.271061845114e-01,9.847233239133e-01,-4.792351892118e-01,-1.288896366520e-01,2.010794195467e-03,-1.441590413627e-02,-1.783452140523e-03
"                1604",9.709223965446e-01,-3.664880222144e-01,-1.279761961428e-01,9.726853363654e-01,-3.797022515102e-01,-1.298740918679e-01,1.762939820744e-03,-1.321422929580e-02,-1.897895725164e-03
"                1605",9.697110698992e-01,-2.738913799856e-01,-1.299622189402e-01,9.714779617322e-01,-2.857488935518e-01,-1.319631404865e-01,1.766891832977e-03,-1.185751356620e-02,-2.000921546239e-03
"                1606",9.750470418545e-01,-1.959589631718e-01,-1.330015814046e-01,9.770504223907e-01,-2.063899500233e-01,-1.350884831807e-01,2.003380536253e-03,-1.043098685145e-02,-2.086901776050e-03
"                1607",9.918138053295e-01,-1.390889524912e-01,-1.356049280771e-01,9.942705648253e-01,-1.480891543314e-01,-1.377630465263e-01,2.456759495775e-03,-9.000201840163e-03,-2.158118449241e-03
"                1608",1.017870857258e+00,-9.089330280507e-02,-1.365701717822e-01,1.021002090220e+00,-9.854287490534e-02,-1.387863215772e-01,3.131232961457e-03,-7.649572100269e-03,-2.216149794962e-03
"                1609",1.045845523560e+00,-3.866496205987e-02,-1.359069433159e-01,1.049810942540e+00,-4.512192403194e-02,-1.381640923202e-01,3.965418979865e-03,-6.456961972070e-03,-2.257149004217e-03
"                1610",1.075099953127e+00,1.660515715821e-02,-1.340183933708e-01,1.079988439702e+00,1.110909763430e-02,-1.362926623458e-01,4.888486575025e-03,-5.496059523915e-03,-2.274268975019e-03
"                1611",1.113205384584e+00,6.687240584506e-02,-1.312529184009e-01,1.119079455514e+00,6.206617391987e-02,-1.335185327307e-01,5.874070930106e-03,-4.806231925194e-03,-2.265614329815e-03
"                1612",1.161967786008e+00,1.000121764544e-01,-1.283586814499e-01,1.168833169433e+00,9.562205626180e-02,-1.305878715358e-01,6.865383425303e-03,-4.390120192580e-03,-2.229190085880e-03
"                1613",1.215620207862e+00,1.142475903413e-01,-1.256400973059e-01,1.223427714413e+00,1.100244757271e-01,-1.278105183952e-01,7.807506551232e-03,-4.223114614289e-03,-2.170421089325e-03
"                1614",1.262925699702e+00,1.228460887315e-01,-1.230477234024e-01,1.271631395596e+00,1.185327630180e-01,-1.251421823520e-01,8.705695893960e-03,-4.313325713547e-03,-2.094458949657e-03
"                1615",1.295661658802e+00,1.177696938925e-01,-1.203418526287e-01,1.305196096849e+00,1.131506684744e-01,-1.223468070027e-01,9.534438046338e-03,-4.619025418072e-03,-2.004954374001e-03
"                1616",1.314781219254e+00,9.049169961887e-02,-1.176480889400e-01,1.325030016514e+00,8.535624719636e-02,-1.195481964336e-01,1.024879725984e-02,-5.135452422506e-03,-1.900107493579e-03
"                1617",1.333064165034e+00,3.144710956661e-02,-1.148408949189e-01,1.343918866455e+00,2.562170697075e-02,-1.166285004058e-01,1.085470142142e-02,-5.825402595863e-03,-1.787605486827e-03
"                1618",1.353544864602e+00,-4.449408678693e-02,-1.112816258024e-01,1.364827770756e+00,-5.119955137857e-02,-1.129553341312e-01,1.128290615357e-02,-6.705464591648e-03,-1.673708328776e-03
"                1619",1.372218653328e+00,-1.263504117691e-01,-1.074791541121e-01,1.383709084533e+00,-1.340984367467e-01,-1.090353951235e-01,1.149043120509e-02,-7.748024977600e-03,-1.556241011344e-03
"                1620",1.383103362124e+00,-2.039830612917e-01,-1.047011036556e-01,1.394579841541e+00,-2.129094282802e-01,-1.061460017696e-01,1.147647941702e-02,-8.926366988493e-03,-1.444898114022e-03
"                1621",1.377894697962e+00,-2.801664366302e-01,-1.034328961549e-01,1.389141979423e+00,-2.903457794786e-01,-1.047826140963e-01,1.124728146110e-02,-1.017934284848e-02,-1.349717941371e-03
"                1622",1.359018978321e+00,-3.630916821476e-01,-1.033458971466e-01,1.369792953863e+00,-3.745262096396e-01,-1.046181553513e-01,1.077397554129e-02,-1.143452749200e-02,-1.272258204635e-03
"                1623",1.334471603679e+00,-4.517466490660e-01,-1.041642104007e-01,1.344550041249e+00,-4.644072163795e-01,-1.053769558456e-01,1.007843757021e-02,-1.266056731354e-02,-1.212745444834e-03
"                1624",1.311579567046e+00,-5.410184663946e-01,-1.058600768116e-01,1.320816866606e+00,-5.548271237928e-01,-1.070360163123e-01,9.237299559188e-03,-1.380865739818e-02,-1.175939500673e-03
"                1625",1.283920640016e+00,-6.240083746145e-01,-1.085715680950e-01,1.292236101920e+00,-6.388524051093e-01,-1.097359462808e-01,8.315461903865e-03,-1.484403049482e-02,-1.164378185834e-03
"                1626",1.242017526505e+00,-6.915435452104e-01,-1.114718423154e-01,1.249354728531e+00,-7.072587584235e-01,-1.126545833380e-01,7.337202026257e-03,-1.571521321309e-02,-1.182741022542e-03
"                1627",1.176585673299e+00,-7.309805898086e-01,-1.141596096528e-01,1.182942311877e+00,-7.473407222123e-01,-1.153845488912e-01,6.356638578726e-03,-1.636013240363e-02,-1.224939238440e-03
"                1628",1.099999016571e+00,-7.392939131859e-01,-1.163779153893e-01,1.105433416224e+00,-7.560360770350e-01,-1.176719420762e-01,5.434399652636e-03,-1.674216384913e-02,-1.294026686897e-03
"                1629",1.037069400598e+00,-7.119543012097e-01,-1.180112246037e-01,1.041666257123e+00,-7.287922544957e-01,-1.194005888667e-01,4.596856524141e-03,-1.683795328603e-02,-1.389364263000e-03
"                1630",9.958617994891e-01,-6.544046807222e-01,-1.193247213729e-01,9.997220835271e-01,-6.710151970609e-01,-1.208319028549e-01,3.860284038059e-03,-1.661051633871e-02,-1.507181481981e-03
"                1631",9.738884026729e-01,-5.804467665182e-01,-1.202736438757e-01,9.771207426022e-01,-5.965027254246e-01,-1.219071823079e-01,3.232339929315e-03,-1.605595890648e-02,-1.633538432244e-03
"                1632",9.708046484126e-01,-4.951644395498e-01,-1.209751709536e-01,9.735750758743e-01,-5.103715895586e-01,-1.227346952170e-01,2.770427461725e-03,-1.520715000886e-02,-1.759524263415e-03
"                1633",9.763904874365e-01,-4.002528545871e-01,-1.224226163302e-01,9.789101035866e-01,-4.143399577443e-01,-1.243073409184e-01,2.519616150167e-03,-1.408710315712e-02,-1.884724588125e-03
"                1634",9.831709586717e-01,-2.989359171265e-01,-1.253020798891e-01,9.856316664724e-01,-3.117292692874e-01,-1.273016581790e-01,2.460707800686e-03,-1.279335216092e-02,-1.999578289934e-03
"                1635",9.871679168472e-01,-2.072637057329e-01,-1.287343280389e-01,9.897597360353e-01,-2.186388246898e-01,-1.308358198631e-01,2.591819188094e-03,-1.137511895688e-02,-2.101491824152e-03
"                1636",9.833970274204e-01,-1.375274627037e-01,-1.313307991586e-01,9.863494114825e-01,-1.474564402846e-01,-1.335213667805e-01,2.952384062146e-03,-9.928977580925e-03,-2.190567621876e-03
"                1637",9.835048800047e-01,-8.674075283972e-02,-1.328261026890e-01,9.870105010421e-01,-9.527129753285e-02,-1.350901563301e-01,3.505621037418e-03,-8.530544693131e-03,-2.264053641125e-03
"                1638",9.934623157705e-01,-4.393002176329e-02,-1.336356911220e-01,9.976571193141e-01,-5.118086027486e-02,-1.359503602402e-01,4.194803543540e-03,-7.250838511576e-03,-2.314669118214e-03
"                1639",1.010626758831e+00,7.489017745243e-03,-1.340082704367e-01,1.015572999828e+00,1.315428103426e-03,-1.363445244196e-01,4.946240997004e-03,-6.173589641817e-03,-2.336253982933e-03
"                1640",1.037290659372e+00,6.104018757462e-02,-1.339724439832e-01,1.043008426106e+00,5.571990276961e-02,-1.363000149924e-01,5.717766733618e-03,-5.320284805013e-03,-2.327571009106e-03
"                1641",1.075098177818e+00,1.062786357648e-01,-1.330376472194e-01,1.081624664905e+00,1.015451800005e-01,-1.353290118099e-01,6.526487086811e-03,-4.733455764241e-03,-2.291364590530e-03
"                1642",1.119461986714e+00,1.353118551843e-01,-1.310923581430e-01,1.126777631597e+00,1.309181568410e-01,-1.333211003343e-01,7.315644882981e-03,-4.393698343262e-03,-2.228742191282e-03
"                1643",1.159238046215e+00,1.498892665424e-01,-1.285512960589e-01,1.167293983094e+00,1.456013279965e-01,-1.307000784752e-01,8.055936878392e-03,-4.287938545899e-03,-2.148782416260e-03
"                1644",1.189710763719e+00,1.548799687371e-01,-1.260480731296e-01,1.198456505085e+00,1.504779005369e-01,-1.280986787842e-01,8.745741366480e-03,-4.402068200247e-03,-2.050605654603e-03
"                1645",1.207393375729e+00,1.397243506965e-01,-1.234680432764e-01,1.216760213556e+00,1.350032333642e-01,-1.254062206344e-01,9.366837827240e-03,-4.721117332273e-03,-1.938177358079e-03
"                1646",1.207768043975e+00,1.013804543929e-01,-1.199903132430e-01,1.217656504758e+00,9.613770062874e-02,-1.218072891164e-01,9.888460782917e-03,-5.242753764168e-03,-1.816975873413e-03
"                1647",1.206229413755e+00,3.834039317695e-02,-1.163428055405e-01,1.216496229429e+00,3.238055319348e-02,-1.180338648168e-01,1.026681567352e-02,-5.959839983471e-03,-1.691059276225e-03
"                1648",1.215046191221e+00,-3.954300349557e-02,-1.130809001079e-01,1.225496312219e+00,-4.641851476602e-02,-1.146432468332e-01,1.045012099859e-02,-6.875511270451e-03,-1.562346725305e-03
"                1649",1.230078954918e+00,-1.224282127576e-01,-1.108143893976e-01,1.240565900869e+00,-1.303790037576e-01,-1.122515918183e-01,1.048694595150e-02,-7.950791000052e-03,-1.437202420748e-03
"                1650",1.243012731009e+00,-2.111572073037e-01,-1.095313781725e-01,1.253373094479e+00,-2.203074505883e-01,-1.108568171006e-01,1.036036346937e-02,-9.150243284630e-03,-1.325438928070e-03
"                1651",1.242787122116e+00,-2.955857050315e-01,-1.086555888565e-01,1.252814073862e+00,-3.060105834734e-01,-1.098873921817e-01,1.002695174540e-02,-1.042487844195e-02,-1.231803325226e-03
"                1652",1.233659814393e+00,-3.780025074715e-01,-1.081767404322e-01,1.243173745027e+00,-3.897049752643e-01,-1.093395519212e-01,9.513930634663e-03,-1.170246779281e-02,-1.162811489048e-03
"                1653",1.217882390060e+00,-4.593426919633e-01,-1.080306440974e-01,1.226754524056e+00,-4.722931233609e-01,-1.091526446964e-01,8.872133995427e-03,-1.295043139758e-02,-1.122000599001e-03
"                1654",1.197572198231e+00,-5.370279471555e-01,-1.081181187460e-01,1.205721115135e+00,-5.511413662790e-01,-1.092263397671e-01,8.148916903983e-03,-1.411341912352e-02,-1.108221021048e-03
"                1655",1.168760700654e+00,-6.101003067630e-01,-1.083690689627e-01,1.176148161509e+00,-6.252279492523e-01,-1.094936127709e-01,7.387460855255e-03,-1.512764248923e-02,-1.124543808148e-03
"                1656",1.126534367977e+00,-6.715273126894e-01,-1.088150708373e-01,1.133152606291e+00,-6.874612629551e-01,-1.099882605520e-01,6.618238313694e-03,-1.593395026568e-02,-1.173189714655e-03
"                1657",1.066453902907e+00,-7.063140318351e-01,-1.099720634051e-01,1.072328415303e+00,-7.228077061199e-01,-1.112202272165e-01,5.874512396730e-03,-1.649367428485e-02,-1.248163811357e-03
"                1658",1.006536766525e+00,-7.016089405263e-01,-1.116937727249e-01,1.011721800504e+00,-7.183747568918e-01,-1.130422460210e-01,5.185033978951e-03,-1.676581636545e-02,-1.348473296025e-03
"                1659",9.636998145508e-01,-6.577691533900e-01,-1.132054797777e-01,9.682467929816e-01,-6.745138604929e-01,-1.146737265808e-01,4.546978430786e-03,-1.674470710289e-02,-1.468246803067e-03
"                1660",9.425568902470e-01,-5.904638352225e-01,-1.143593219439e-01,9.465235618609e-01,-6.068730572932e-01,-1.159567684004e-01,3.966671613979e-03,-1.640922207074e-02,-1.597446456552e-03
"                1661",9.434291109447e-01,-5.079054896812e-01,-1.156514842029e-01,9.469743980909e-01,-5.236541495220e-01,-1.173837986857e-01,3.545287146172e-03,-1.574865984080e-02,-1.732314482876e-03
"                1662",9.657698504400e-01,-4.174040647443e-01,-1.180854040321e-01,9.690603564967e-01,-4.321854275638e-01,-1.199472005268e-01,3.290506056710e-03,-1.478136281944e-02,-1.861796494657e-03
"                1663",9.853241711885e-01,-3.162466467109e-01,-1.211682055618e-01,9.885078257370e-01,-3.298281522287e-01,-1.231519383732e-01,3.183654548488e-03,-1.358150551784e-02,-1.983732811434e-03
"                1664",9.904062378628e-01,-2.162189249335e-01,-1.238382219582e-01,9.936646649885e-01,-2.284467629224e-01,-1.259372676568e-01,3.258427125755e-03,-1.222783798889e-02,-2.099045698687e-03
"                1665",9.783446991769e-01,-1.351636804579e-01,-1.259918956262e-01,9.818525785640e-01,-1.459679804829e-01,-1.281956065316e-01,3.507879387056e-03,-1.080430002505e-02,-2.203710905381e-03
"                1666",9.542515883374e-01,-7.781862346577e-02,-1.280190536728e-01,9.581680296637e-01,-8.722217842846e-02,-1.303086208992e-01,3.916441326263e-03,-9.403554962684e-03,-2.289567226403e-03
"                1667",9.398260617366e-01,-3.284641875936e-02,-1.302614234193e-01,9.442438150905e-01,-4.093595171044e-02,-1.326094182184e-01,4.417753353819e-03,-8.089532951081e-03,-2.347994799070e-03
"                1668",9.461137600576e-01,7.780484550480e-03,-1.328784824610e-01,9.510840049536e-01,8.719430367876e-04,-1.352530911027e-01,4.970244895969e-03,-6.908541513692e-03,-2.374608641633e-03
"                1669",9.644210503882e-01,5.939784776928e-02,-1.352942072980e-01,9.699634454822e-01,5.347547942218e-02,-1.376628824109e-01,5.542395093972e-03,-5.922368347094e-03,-2.368675112899e-03
"                1670",9.905107997304e-01,1.085624504887e-01,-1.365723899756e-01,9.966235038475e-01,1.034278594780e-01,-1.389058240627e-01,6.112704117124e-03,-5.134591010652e-03,-2.333434087088e-03
"                1671",1.015474762499e+00,1.497655788122e-01,-1.359350065676e-01,1.022186237685e+00,1.451544717013e-01,-1.382088732230e-01,6.711475186063e-03,-4.611107110933e-03,-2.273866655335e-03
"                1672",1.037803735783e+00,1.765395059896e-01,-1.338440444129e-01,1.045094729476e+00,1.722383568203e-01,-1.360343167291e-01,7.290993693689e-03,-4.301149169345e-03,-2.190272316275e-03
"                1673",1.058483151180e+00,1.831254477452e-01,-1.314064048772e-01,1.066297005890e+00,1.789207892547e-01,-1.334939053629e-01,7.813854710530e-03,-4.204658490460e-03,-2.087500485765e-03
"                1674",1.071104815615e+00,1.747659739703e-01,-1.283103888470e-01,1.079406805849e+00,1.704459397029e-01,-1.302820075626e-01,8.301990233793e-03,-4.320034267368e-03,-1.971618715543e-03
"                1675",1.066925519494e+00,1.483842421619e-01,-1.245030987871e-01,1.075622590608e+00,1.437065808446e-01,-1.263466831981e-01,8.697071114081e-03,-4.677661317305e-03,-1.843584411012e-03
"                1676",1.053309602216e+00,1.065825918152e-01,-1.209775318861e-01,1.062276725514e+00,1.013382998184e-01,-1.226848736909e-01,8.967123297560e-03,-5.244291996760e-03,-1.707341804794e-03
"                1677",1.046721193635e+00,3.966153009219e-02,-1.186098201069e-01,1.055865733918e+00,3.364285874324e-02,-1.201817567851e-01,9.144540282387e-03,-6.018671348948e-03,-1.571936678251e-03
"                1678",1.055547790769e+00,-5.058964156406e-02,-1.171132690261e-01,1.064734597694e+00,-5.756803744557e-02,-1.185537182091e-01,9.186806925329e-03,-6.978395881511e-03,-1.440449183013e-03
"                1679",1.072861879031e+00,-1.457759769769e-01,-1.158875176881e-01,1.081961639367e+00,-1.538772462911e-01,-1.172033042156e-01,9.099760336494e-03,-8.101269314144e-03,-1.315786527536e-03
"                1680",1.092615699959e+00,-2.383277280830e-01,-1.147208570316e-01,1.101537712864e+00,-2.476769936385e-01,-1.159323752951e-01,8.922012905453e-03,-9.349265555466e-03,-1.211518263493e-03
"                1681",1.100924042100e+00,-3.172741400818e-01,-1.132675870568e-01,1.109551290100e+00,-3.279439836417e-01,-1.144026099508e-01,8.627248000222e-03,-1.066984355996e-02,-1.135022894025e-03
"                1682",1.097168589032e+00,-3.849818454563e-01,-1.112584490074e-01,1.105391187426e+00,-3.969605183854e-01,-1.123472084040e-01,8.222598393223e-03,-1.197867292910e-02,-1.088759396564e-03
"                1683",1.083571779578e+00,-4.533961487932e-01,-1.087805316950e-01,1.091303890447e+00,-4.666247308092e-01,-1.098524984118e-01,7.732110868995e-03,-1.322858201604e-02,-1.071966716759e-03
"                1684",1.063593824830e+00,-5.257353608656e-01,-1.063636221813e-01,1.070804687612e+00,-5.400854014725e-01,-1.074502145734e-01,7.210862781700e-03,-1.435004060683e-02,-1.086592392050e-03
"                1685",1.042030945103e+00,-5.955139142230e-01,-1.046456353271e-01,1.048715334775e+00,-6.108030915359e-01,-1.057824030093e-01,6.684389671787e-03,-1.528917731290e-02,-1.136767682225e-03
"                1686",1.015727737719e+00,-6.492527839726e-01,-1.042312019902e-01,1.021875417405e+00,-6.652550652341e-01,-1.054489375451e-01,6.147679685969e-03,-1.600228126142e-02,-1.217735554947e-03
"                1687",9.767707173712e-01,-6.679331573855e-01,-1.052903973813e-01,9.823845573517e-01,-6.843960315316e-01,-1.066091989158e-01,5.613839980478e-03,-1.646287414617e-02,-1.318801534565e-03
"                1688",9.381781360371e-01,-6.533705203066e-01,-1.070781157683e-01,9.432832407132e-01,-6.700100485989e-01,-1.085125529484e-01,5.105104676147e-03,-1.663952829230e-02,-1.434437180190e-03
"                1689",9.134592192782e-01,-5.998133218320e-01,-1.087744477639e-01,9.181187546862e-01,-6.163337823098e-01,-1.103391062275e-01,4.659535408045e-03,-1.652046047772e-02,-1.564658463573e-03
"                1690",9.123277174756e-01,-5.204333727928e-01,-1.112604671465e-01,9.166384116627e-01,-5.365037011553e-01,-1.129627535627e-01,4.310694187111e-03,-1.607032836255e-02,-1.702286416236e-03
"                1691",9.358059084356e-01,-4.295802336994e-01,-1.143734550404e-01,9.398739849308e-01,-4.448940764617e-01,-1.162076762107e-01,4.068076495165e-03,-1.531384276229e-02,-1.834221170305e-03
"                1692",9.656330807191e-01,-3.373750206334e-01,-1.170130789923e-01,9.695930054824e-01,-3.516379885464e-01,-1.189768050848e-01,3.959924763212e-03,-1.426296791302e-02,-1.963726092545e-03
"                1693",9.733649061644e-01,-2.427736683608e-01,-1.187194903345e-01,9.773695199340e-01,-2.558034637640e-01,-1.208086670185e-01,4.004613769679e-03,-1.302979540320e-02,-2.089176683989e-03
"                1694",9.566377665687e-01,-1.547816758043e-01,-1.202722425904e-01,9.608094788455e-01,-1.664747825858e-01,-1.224752898544e-01,4.171712276718e-03,-1.169310678148e-02,-2.203047264040e-03
"                1695",9.253859006367e-01,-8.403110841763e-02,-1.226578181550e-01,9.297907398347e-01,-9.435488370270e-02,-1.249523195260e-01,4.404839198058e-03,-1.032377528507e-02,-2.294501371014e-03
"                1696",8.956541264144e-01,-3.379686785071e-02,-1.262704742069e-01,9.003518240772e-01,-4.279336615700e-02,-1.286285718012e-01,4.697697662782e-03,-8.996498306287e-03,-2.358097594340e-03
"                1697",8.825711199070e-01,7.863774323042e-03,-1.307851788495e-01,8.875906458848e-01,1.152852110764e-04,-1.331742749983e-01,5.019525977798e-03,-7.748489111965e-03,-2.389096148798e-03
"                1698",8.895503259448e-01,5.033267745513e-02,-1.351149618425e-01,8.949166039067e-01,4.371638891451e-02,-1.375044071742e-01,5.366277961876e-03,-6.616288540621e-03,-2.389445331658e-03
"                1699",9.012818898470e-01,1.010244058828e-01,-1.381808277372e-01,9.070015689183e-01,9.536044877290e-02,-1.405392047449e-01,5.719679071351e-03,-5.663957109927e-03,-2.358377007710e-03
"                1700",9.080053131491e-01,1.512628229490e-01,-1.394139497015e-01,9.140907856700e-01,1.463563264192e-01,-1.417165698859e-01,6.085472520959e-03,-4.906496529862e-03,-2.302620184408e-03
"                1701",9.075909057025e-01,1.848796655988e-01,-1.388829249001e-01,9.140471986309e-01,1.804919332308e-01,-1.411022249784e-01,6.456292928411e-03,-4.387732368006e-03,-2.219300078364e-03
"                1702",9.091958004167e-01,1.947663982416e-01,-1.365839145502e-01,9.160120119498e-01,1.906909293611e-01,-1.387001655861e-01,6.816211533142e-03,-4.075468880528e-03,-2.116251035910e-03
"                1703",9.100707658729e-01,1.893931453406e-01,-1.329778685887e-01,9.171832937143e-01,1.853897642245e-01,-1.349761641590e-01,7.112527841381e-03,-4.003381116120e-03,-1.998295570321e-03
"                1704",9.062043791754e-01,1.734848517693e-01,-1.291156317974e-01,9.135462238131e-01,1.693181682586e-01,-1.309837004888e-01,7.341844637723e-03,-4.166683510744e-03,-1.868068691421e-03
"                1705",8.945791132177e-01,1.440104419507e-01,-1.260066834023e-01,9.020808857523e-01,1.394174175655e-01,-1.277347137555e-01,7.501772534648e-03,-4.593024385177e-03,-1.728030353231e-03
"                1706",8.821601946402e-01,8.808743741194e-02,-1.242897367034e-01,8.897782013400e-01,8.286721006206e-02,-1.258767994506e-01,7.618006699809e-03,-5.220227349882e-03,-1.587062747223e-03
"                1707",8.776130948622e-01,5.388227905456e-04,-1.233085865031e-01,8.852662741165e-01,-5.521527380577e-03,-1.247597321649e-01,7.653179254315e-03,-6.060350171123e-03,-1.451145661803e-03
"                1708",8.907006601383e-01,-1.017565689963e-01,-1.221680785894e-01,8.983053948439e-01,-1.088520574804e-01,-1.234925517562e-01,7.604734705552e-03,-7.095488484181e-03,-1.324473166829e-03
"                1709",9.163521419199e-01,-1.944606706300e-01,-1.207604013608e-01,9.238717543298e-01,-2.027541458702e-01,-1.219746573353e-01,7.519612409877e-03,-8.293475240160e-03,-1.214255974488e-03
"                1710",9.433660299045e-01,-2.673513788181e-01,-1.186278232542e-01,9.507856157222e-01,-2.769510952551e-01,-1.197584552679e-01,7.419585817707e-03,-9.599716436996e-03,-1.130632013686e-03
"                1711",9.534266376748e-01,-3.274853139268e-01,-1.150157975177e-01,9.606845916699e-01,-3.384385636602e-01,-1.160947224233e-01,7.257953995025e-03,-1.095324973344e-02,-1.078924905640e-03
"                1712",9.511330667005e-01,-3.887953490697e-01,-1.103263762176e-01,9.581684626373e-01,-4.010559981358e-01,-1.113852905373e-01,7.035395936869e-03,-1.226064906611e-02,-1.058914319656e-03
"                1713",9.438495166351e-01,-4.629640725550e-01,-1.053867613095e-01,9.506255595695e-01,-4.764312759121e-01,-1.064605479879e-01,6.776042934409e-03,-1.346720335719e-02,-1.073786678372e-03
"                1714",9.402774965727e-01,-5.336118090663e-01,-1.016160259171e-01,9.467655035865e-01,-5.481320261154e-01,-1.027369970538e-01,6.488007013796e-03,-1.452021704909e-02,-1.120971136712e-03
"                1715",9.422825683038e-01,-5.901291669209e-01,-9.975161439403e-02,9.484682559220e-01,-6.055025493528e-01,-1.009513986300e-01,6.185687618225e-03,-1.537338243189e-02,-1.199784235945e-03
"                1716",9.378257008221e-01,-6.280640592343e-01,-9.962701979167e-02,9.436671647753e-01,-6.440627297139e-01,-1.009250876037e-01,5.841463953173e-03,-1.599867047958e-02,-1.298067812041e-03
"                1717",9.172505531973e-01,-6.347628587790e-01,-1.008776068509e-01,9.227422573580e-01,-6.511326377596e-01,-1.022867566096e-01,5.491704160787e-03,-1.636977898058e-02,-1.409149758666e-03
"                1718",8.978931425616e-01,-6.089104516698e-01,-1.035476190234e-01,9.031071385230e-01,-6.253624607671e-01,-1.050821126244e-01,5.213995961480e-03,-1.645200909726e-02,-1.534493601045e-03
"                1719",8.906218738527e-01,-5.470204855490e-01,-1.071740581937e-01,8.955878599218e-01,-5.632463662040e-01,-1.088402583888e-01,4.965986069141e-03,-1.622588065498e-02,-1.666200195085e-03
"                1720",9.020687510151e-01,-4.636272927554e-01,-1.106253377093e-01,9.068386926630e-01,-4.793174567021e-01,-1.124278314993e-01,4.769941647957e-03,-1.569016394666e-02,-1.802493789986e-03
"                1721",9.204807386053e-01,-3.717415057439e-01,-1.128419024125e-01,9.251695110828e-01,-3.866278105961e-01,-1.147793700002e-01,4.688772477524e-03,-1.488630485219e-02,-1.937467587683e-03
"                1722",9.320918587216e-01,-2.865432627322e-01,-1.139965283196e-01,9.367932490766e-01,-3.003699073062e-01,-1.160648008326e-01,4.701390355026e-03,-1.382664457396e-02,-2.068272512927e-03
"                1723",9.214256394109e-01,-2.046845982773e-01,-1.152722221413e-01,9.261980484854e-01,-2.173213344397e-01,-1.174563768270e-01,4.772409074492e-03,-1.263673616240e-02,-2.184154685652e-03
"                1724",8.944220554603e-01,-1.292218756717e-01,-1.178842239311e-01,8.992866611065e-01,-1.405776421366e-01,-1.201612331057e-01,4.864605646201e-03,-1.135576646488e-02,-2.277009174551e-03
"                1725",8.602985698522e-01,-6.856667743254e-02,-1.223741481508e-01,8.652402795447e-01,-7.861303337682e-02,-1.247159059279e-01,4.941709692551e-03,-1.004635594428e-02,-2.341757777141e-03
"                1726",8.293276215812e-01,-1.773661444653e-02,-1.279515775969e-01,8.343605144150e-01,-2.648966804934e-02,-1.303296956112e-01,5.032892833792e-03,-8.753053602803e-03,-2.378118014312e-03
"                1727",8.098859913729e-01,2.793479691859e-02,-1.335667528688e-01,8.150153477523e-01,2.041368723488e-02,-1.359510913360e-01,5.129356379395e-03,-7.521109683703e-03,-2.384338467226e-03
"                1728",8.028034166330e-01,7.385113587502e-02,-1.382563977819e-01,8.080601946225e-01,6.744768914567e-02,-1.406198383270e-01,5.256777989498e-03,-6.403446729344e-03,-2.363440545096e-03
"                1729",7.945048227471e-01,1.199536697591e-01,-1.414813276212e-01,7.998841973456e-01,1.145121028314e-01,-1.437913232380e-01,5.379374598458e-03,-5.441566927681e-03,-2.309995616825e-03
"                1730",7.823046435454e-01,1.569059834048e-01,-1.426483330572e-01,7.878267843298e-01,1.522362820250e-01,-1.448807588190e-01,5.522140784407e-03,-4.669701379811e-03,-2.232425761767e-03
"                1731",7.602302165607e-01,1.791590095189e-01,-1.410569934304e-01,7.658966341406e-01,1.750053724453e-01,-1.431900344004e-01,5.666417579902e-03,-4.153637073606e-03,-2.133040970009e-03
"                1732",7.440016822532e-01,1.820944576285e-01,-1.376313737449e-01,7.497657796857e-01,1.782204735300e-01,-1.396462455051e-01,5.764097432456e-03,-3.873984098514e-03,-2.014871760187e-03
"                1733",7.384657204012e-01,1.730812727502e-01,-1.343560700865e-01,7.442645011527e-01,1.692272580464e-01,-1.362389108877e-01,5.798780751547e-03,-3.854014703794e-03,-1.882840801150e-03
"                1734",7.322596677949e-01,1.452218132839e-01,-1.319169767224e-01,7.380995752289e-01,1.411346192845e-01,-1.336623623730e-01,5.839907434002e-03,-4.087193999407e-03,-1.745385650653e-03
"                1735",7.234784926139e-01,1.008179286241e-01,-1.302552181265e-01,7.293344247149e-01,9.624230669925e-02,-1.318597701809e-01,5.855932100987e-03,-4.575621924855e-03,-1.604552054375e-03
"                1736",7.203393098474e-01,3.269035983980e-02,-1.290754887334e-01,7.262048109438e-01,2.740839048269e-02,-1.305421473417e-01,5.865501096354e-03,-5.281969357111e-03,-1.466658608287e-03
"                1737",7.307481882156e-01,-5.585231687819e-02,-1.281337762382e-01,7.366196959515e-01,-6.206333021040e-02,-1.294750067473e-01,5.871507735912e-03,-6.211013332213e-03,-1.341230509138e-03
"                1738",7.544236511077e-01,-1.471712724613e-01,-1.265096426793e-01,7.603102424817e-01,-1.544993974837e-01,-1.277431133571e-01,5.886591373986e-03,-7.328125022405e-03,-1.233470677817e-03
"                1739",7.831243024116e-01,-2.281264471631e-01,-1.234671712166e-01,7.890588249541e-01,-2.367231696060e-01,-1.246159715807e-01,5.934522542542e-03,-8.596722442900e-03,-1.148800364138e-03
"                1740",8.044391002347e-01,-2.954115660570e-01,-1.186183699780e-01,8.104454596127e-01,-3.053553356800e-01,-1.197116578881e-01,6.006359378040e-03,-9.943769623010e-03,-1.093287910137e-03
"                1741",8.161376702863e-01,-3.545298236132e-01,-1.124230804342e-01,8.222132429147e-01,-3.658156033551e-01,-1.134957204756e-01,6.075572628389e-03,-1.128577974185e-02,-1.072640041362e-03
"                1742",8.271189818472e-01,-4.158356144039e-01,-1.060874391943e-01,8.332221086272e-01,-4.283902079857e-01,-1.071735494611e-01,6.103126779931e-03,-1.255459358174e-02,-1.086110266734e-03
"                1743",8.429497534343e-01,-4.805763113659e-01,-1.008178073144e-01,8.490305714714e-01,-4.942623764321e-01,-1.019487472606e-01,6.080818037082e-03,-1.368606506621e-02,-1.130939946203e-03
"                1744",8.605126281526e-01,-5.371083689318e-01,-9.694585769881e-02,8.665187633044e-01,-5.517625255304e-01,-9.814675716854e-02,6.006135151866e-03,-1.465415659857e-02,-1.200899469732e-03
"                1745",8.815727275016e-01,-5.858973513391e-01,-9.493925199433e-02,8.874623638242e-01,-6.013154270862e-01,-9.622946301372e-02,5.889636322618e-03,-1.541807574703e-02,-1.290211019391e-03
"                1746",8.939427512209e-01,-6.126135869289e-01,-9.537300148049e-02,8.997103401525e-01,-6.285713135195e-01,-9.676959950982e-02,5.767588931548e-03,-1.595772659066e-02,-1.396598029328e-03
"                1747",8.911310461266e-01,-6.070076917000e-01,-9.876081506980e-02,8.967741965805e-01,-6.232421341553e-01,-1.002719411354e-01,5.643150453904e-03,-1.623444245522e-02,-1.511126065560e-03
"                1748",8.860496360635e-01,-5.705635120498e-01,-1.031948445269e-01,8.915777132693e-01,-5.868017522002e-01,-1.048298373713e-01,5.528077205798e-03,-1.623824015046e-02,-1.634992844364e-03
"                1749",8.774442175004e-01,-5.073298534646e-01,-1.063011617450e-01,8.828788637701e-01,-5.232866105265e-01,-1.080708878243e-01,5.434646269739e-03,-1.595675706185e-02,-1.769726079290e-03
"                1750",8.742460451059e-01,-4.283893846098e-01,-1.080855740576e-01,8.796325644656e-01,-4.437910807804e-01,-1.099928033255e-01,5.386519359699e-03,-1.540169617063e-02,-1.907229267983e-03
"                1751",8.749032919012e-01,-3.441746465472e-01,-1.095155236087e-01,8.802720461584e-01,-3.587799720931e-01,-1.115515207176e-01,5.368754257224e-03,-1.460532554589e-02,-2.035997108910e-03
"                1752",8.719991831780e-01,-2.652404491296e-01,-1.112272193539e-01,8.773402255796e-01,-2.788277856279e-01,-1.133765974848e-01,5.341042401596e-03,-1.358733649821e-02,-2.149378130871e-03
"                1753",8.584818984514e-01,-1.897047812097e-01,-1.141850263120e-01,8.637642480683e-01,-2.021522773178e-01,-1.164237882611e-01,5.282349616860e-03,-1.244749610812e-02,-2.238761949035e-03
"                1754",8.329365425296e-01,-1.207757351147e-01,-1.188053867636e-01,8.381304355243e-01,-1.319704690818e-01,-1.211082469275e-01,5.193892994740e-03,-1.119473396705e-02,-2.302860163887e-03
"                1755",7.936914189679e-01,-5.992480843994e-02,-1.245901405993e-01,7.987510936919e-01,-6.982450356432e-02,-1.269314493071e-01,5.059674724048e-03,-9.899695124374e-03,-2.341308707777e-03
"                1756",7.511651317571e-01,-6.672595414358e-03,-1.307276081468e-01,7.560920816187e-01,-1.528287704652e-02,-1.330821840024e-01,4.926949861602e-03,-8.610281632161e-03,-2.354575855600e-03
"                1757",7.118836045861e-01,3.969856686558e-02,-1.365943064486e-01,7.166814165924e-01,3.234295630764e-02,-1.389334354703e-01,4.797812006266e-03,-7.355610557937e-03,-2.339129021654e-03
"                1758",6.845894136297e-01,8.337704165139e-02,-1.415142896385e-01,6.892714821306e-01,7.716031704154e-02,-1.438089614637e-01,4.682068500844e-03,-6.216724609846e-03,-2.294671825180e-03
"                1759",6.586781971862e-01,1.207420549462e-01,-1.440399330877e-01,6.632555364922e-01,1.155161845709e-01,-1.462635663051e-01,4.577339305999e-03,-5.225870375329e-03,-2.223633217356e-03
"                1760",6.293387846265e-01,1.577658074659e-01,-1.439722474734e-01,6.338110226382e-01,1.532917050391e-01,-1.461024613124e-01,4.472238011704e-03,-4.474102426783e-03,-2.130213839002e-03
"                1761",5.978693959527e-01,1.810368965872e-01,-1.421924342565e-01,6.022095666785e-01,1.770456243426e-01,-1.442080075298e-01,4.340170725860e-03,-3.991272244629e-03,-2.015573273367e-03
"                1762",5.772223369603e-01,1.838021370136e-01,-1.400102577971e-01,5.814460222954e-01,1.800350354788e-01,-1.418992818423e-01,4.223685335108e-03,-3.767101534859e-03,-1.889024045200e-03
"                1763",5.752400938554e-01,1.613820612262e-01,-1.382214742527e-01,5.793472940803e-01,1.575779111681e-01,-1.399773293902e-01,4.107200224953e-03,-3.804150058055e-03,-1.755855137569e-03
"                1764",5.795546970231e-01,1.179393590040e-01,-1.364699992149e-01,5.835699804916e-01,1.138218156280e-01,-1.380890958095e-01,4.015283468496e-03,-4.117543376015e-03,-1.619096594664e-03
"                1765",5.854110276648e-01,6.835401027315e-02,-1.349353040720e-01,5.893864263617e-01,6.365358217518e-02,-1.364217373913e-01,3.975398696949e-03,-4.700428097974e-03,-1.486433319277e-03
"                1766",5.980831317293e-01,4.385534677581e-03,-1.333594747810e-01,6.021120140524e-01,-1.120465848735e-03,-1.347277081121e-01,4.028882323064e-03,-5.506000526317e-03,-1.368233331118e-03
"                1767",6.160947273731e-01,-7.818022579265e-02,-1.310039400118e-01,6.202452233981e-01,-8.471370744301e-02,-1.322707513464e-01,4.150496024979e-03,-6.533481650356e-03,-1.266811334590e-03
"                1768",6.374503253977e-01,-1.636036515519e-01,-1.270373453863e-01,6.417817905643e-01,-1.713218325298e-01,-1.282232214967e-01,4.331465166584e-03,-7.718180977932e-03,-1.185876110349e-03
"                1769",6.619889598340e-01,-2.413289125901e-01,-1.214531740432e-01,6.665854554555e-01,-2.503429884895e-01,-1.225856077749e-01,4.596495621566e-03,-9.014075899447e-03,-1.132433731682e-03
"                1770",6.870481252585e-01,-3.039631374269e-01,-1.146498057045e-01,6.919701383039e-01,-3.143064978652e-01,-1.157616588436e-01,4.922013045420e-03,-1.034336043832e-02,-1.111853139120e-03
"                1771",7.170831215783e-01,-3.590017931457e-01,-1.075692337820e-01,7.223169704669e-01,-3.706339324450e-01,-1.086928723415e-01,5.233848888620e-03,-1.163213929937e-02,-1.123638559483e-03
"                1772",7.493533147878e-01,-4.136439658730e-01,-1.008236112724e-01,7.548319260643e-01,-4.264778731080e-01,-1.019860871291e-01,5.478611276526e-03,-1.283390723497e-02,-1.162475856721e-03
"                1773",7.825017602473e-01,-4.737705965974e-01,-9.540224739887e-02,7.881493733957e-01,-4.876647516482e-01,-9.662309315979e-02,5.647613148372e-03,-1.389415505075e-02,-1.220845760914e-03
"                1774",8.163395858252e-01,-5.277866459704e-01,-9.195043943900e-02,8.221271183610e-01,-5.425681409213e-01,-9.325143938229e-02,5.787532535791e-03,-1.478149495091e-02,-1.300999943286e-03
"                1775",8.523156149359e-01,-5.687057512713e-01,-9.175026092653e-02,8.582165883936e-01,-5.841632429979e-01,-9.314690892021e-02,5.900973457652e-03,-1.545749172657e-02,-1.396647993680e-03
"                1776",8.769467166645e-01,-5.883925977507e-01,-9.429657837493e-02,8.829012565732e-01,-6.043088661602e-01,-9.579568550130e-02,5.954539908685e-03,-1.591626840954e-02,-1.499107126368e-03
"                1777",8.751169151997e-01,-5.800101125335e-01,-9.791509683372e-02,8.811026269314e-01,-5.961355363035e-01,-9.952925969999e-02,5.985711731662e-03,-1.612542377003e-02,-1.614162866274e-03
"                1778",8.575447468427e-01,-5.479548117498e-01,-1.009558283829e-01,8.635628939790e-01,-5.640446365571e-01,-1.026971832875e-01,6.018147136267e-03,-1.608982480728e-02,-1.741354904643e-03
"                1779",8.308939711209e-01,-4.900269325488e-01,-1.031939298242e-01,8.369088441897e-01,-5.058282339367e-01,-1.050682833681e-01,6.014873068773e-03,-1.580130138787e-02,-1.874353543941e-03
"                1780",8.130140520513e-01,-4.154452280137e-01,-1.052996606185e-01,8.189748375632e-01,-4.307156887844e-01,-1.072960438627e-01,5.960785511823e-03,-1.527046077073e-02,-1.996383244191e-03
"                1781",8.084529809174e-01,-3.369279249339e-01,-1.080354638275e-01,8.142952590158e-01,-3.514198418829e-01,-1.101362149951e-01,5.842278098400e-03,-1.449191694895e-02,-2.100751167619e-03
"                1782",8.091089906449e-01,-2.614919414070e-01,-1.115894742769e-01,8.147624116786e-01,-2.749794441745e-01,-1.137738293360e-01,5.653421033709e-03,-1.348750276753e-02,-2.184355059080e-03
"                1783",7.971386333889e-01,-1.888240906306e-01,-1.158954731803e-01,8.025479815718e-01,-2.011547367334e-01,-1.181417982269e-01,5.409348182881e-03,-1.233064610274e-02,-2.246325046633e-03
"                1784",7.631023061663e-01,-1.189747557490e-01,-1.210247156469e-01,7.682180632140e-01,-1.300271185495e-01,-1.233095070899e-01,5.115757047678e-03,-1.105236280054e-02,-2.284791442954e-03
"                1785",7.025555340199e-01,-5.928301286568e-02,-1.270268354610e-01,7.073339143999e-01,-6.900292172594e-02,-1.293286867365e-01,4.778380380087e-03,-9.719908860258e-03,-2.301851275536e-03
"                1786",6.417795942080e-01,-9.515568466668e-03,-1.336432902451e-01,6.461959025841e-01,-1.789624865305e-02,-1.359350555590e-01,4.416308376143e-03,-8.380680186381e-03,-2.291765313852e-03
"                1787",5.873616513475e-01,3.330252822919e-02,-1.394459688482e-01,5.914237227570e-01,2.621477699470e-02,-1.417031017835e-01,4.062071409475e-03,-7.087751234489e-03,-2.257132935278e-03
"                1788",5.416132617618e-01,7.202932670501e-02,-1.432781121973e-01,5.453132768971e-01,6.608233018686e-02,-1.454739938033e-01,3.700015135353e-03,-5.946996518143e-03,-2.195881605991e-03
"                1789",5.043929685885e-01,1.146682641195e-01,-1.451429182211e-01,5.077233672209e-01,1.096826882572e-01,-1.472531556779e-01,3.330398632417e-03,-4.985575862295e-03,-2.110237456798e-03
"                1790",4.701257806008e-01,1.578545980357e-01,-1.457679226131e-01,4.731276630286e-01,1.535724498992e-01,-1.477744701919e-01,3.001882427804e-03,-4.282148136493e-03,-2.006547578854e-03
"                1791",4.401003780545e-01,1.752893523303e-01,-1.456360597848e-01,4.427957913197e-01,1.714400912953e-01,-1.475251315328e-01,2.695413265205e-03,-3.849261034956e-03,-1.889071748016e-03
"                1792",4.263732373476e-01,1.596967171182e-01,-1.444462989161e-01,4.287987146071e-01,1.559967268316e-01,-1.462091018085e-01,2.425477259541e-03,-3.699990286623e-03,-1.762802892435e-03
"                1793",4.329105636349e-01,1.213805853306e-01,-1.426183580550e-01,4.351397392020e-01,1.175454428461e-01,-1.442550604555e-01,2.229175567137e-03,-3.835142484461e-03,-1.636702400510e-03
"                1794",4.473778340586e-01,7.877564307456e-02,-1.404371291135e-01,4.495218319884e-01,7.450659038769e-02,-1.419523958556e-01,2.143997929770e-03,-4.269052686871e-03,-1.515266742008e-03
"                1795",4.603817197474e-01,4.038175865848e-02,-1.380058323490e-01,4.625737375204e-01,3.542314412592e-02,-1.394106443432e-01,2.192017772961e-03,-4.958614532565e-03,-1.404811994197e-03
"                1796",4.766819054763e-01,-1.729537391171e-02,-1.346253723393e-01,4.790721659480e-01,-2.315640975248e-02,-1.359377688990e-01,2.390260471738e-03,-5.861035840774e-03,-1.312396559717e-03
"                1797",4.958694161012e-01,-9.931689643398e-02,-1.298592090847e-01,4.985681060903e-01,-1.062563011800e-01,-1.310986635976e-01,2.698689989180e-03,-6.939404746053e-03,-1.239454512924e-03
"                1798",5.208853459151e-01,-1.830986606357e-01,-1.239693462158e-01,5.240041582504e-01,-1.912402936237e-01,-1.251615736162e-01,3.118812335278e-03,-8.141632987995e-03,-1.192227400388e-03
"                1799",5.533710051396e-01,-2.552986172803e-01,-1.173705962994e-01,5.569942343070e-01,-2.647174697149e-01,-1.185448705623e-01,3.623229167317e-03,-9.418852434614e-03,-1.174274262874e-03
"                1800",5.939321087397e-01,-3.068850687619e-01,-1.102564899729e-01,5.980975268207e-01,-3.175892878425e-01,-1.114391469345e-01,4.165418081069e-03,-1.070421908063e-02,-1.182656961534e-03
"                1801",6.436835987702e-01,-3.521317850294e-01,-1.030091696101e-01,6.483480580444e-01,-3.640608620624e-01,-1.042206490657e-01,4.664459274192e-03,-1.192907703297e-02,-1.211479455587e-03
"                1802",6.982653160316e-01,-4.064229542817e-01,-9.616835636350e-02,7.033751676166e-01,-4.194826163745e-01,-9.742944410379e-02,5.109851585024e-03,-1.305966209283e-02,-1.261087740296e-03
"                1803",7.503374996727e-01,-4.656345707434e-01,-9.177980577684e-02,7.558510745389e-01,-4.796721974884e-01,-9.310751008548e-02,5.513574866157e-03,-1.403762674495e-02,-1.327704308643e-03
"                1804",7.973068705320e-01,-5.171475164834e-01,-9.040110448561e-02,8.031512603312e-01,-5.319891757281e-01,-9.180855074100e-02,5.844389799183e-03,-1.484165924467e-02,-1.407446255397e-03
"                1805",8.338023307816e-01,-5.532326911165e-01,-9.093103078921e-02,8.399047800700e-01,-5.686736840482e-01,-9.243228167279e-02,6.102449288394e-03,-1.544099293168e-02,-1.501250883588e-03
"                1806",8.490385563071e-01,-5.706328010757e-01,-9.254527264329e-02,8.553577400661e-01,-5.864773333211e-01,-9.415178572905e-02,6.319183758928e-03,-1.584453224539e-02,-1.606513085759e-03
"                1807",8.333753661228e-01,-5.699576550901e-01,-9.496339372501e-02,8.398407998512e-01,-5.859947043525e-01,-9.668429999111e-02,6.465433728433e-03,-1.603704926246e-02,-1.720906266105e-03
"                1808",8.005640511427e-01,-5.429102571254e-01,-9.796756335101e-02,8.070814344124e-01,-5.589205874294e-01,-9.980447275551e-02,6.517383269685e-03,-1.601033030398e-02,-1.836909404502e-03
"                1809",7.680504482914e-01,-4.881430988544e-01,-1.014265659861e-01,7.744883282221e-01,-5.038774208484e-01,-1.033735080666e-01,6.437879930702e-03,-1.573432199402e-02,-1.946942080504e-03
"                1810",7.535256597435e-01,-4.148816863294e-01,-1.054357228253e-01,7.597764541833e-01,-4.300927559044e-01,-1.074759516808e-01,6.250794439788e-03,-1.521106957502e-02,-2.040228855420e-03
"                1811",7.524288726771e-01,-3.370734619214e-01,-1.096226169633e-01,7.583942031747e-01,-3.514742260066e-01,-1.117391791910e-01,5.965330497564e-03,-1.440076408522e-02,-2.116562227682e-03
"                1812",7.484608502214e-01,-2.600576833996e-01,-1.137284246460e-01,7.540591576295e-01,-2.734274186130e-01,-1.159039878864e-01,5.598307408169e-03,-1.336973521342e-02,-2.175563240361e-03
"                1813",7.225911402345e-01,-1.808579659670e-01,-1.182332417855e-01,7.277609375791e-01,-1.930205474356e-01,-1.204485925553e-01,5.169797344522e-03,-1.216258146867e-02,-2.215350769848e-03
"                1814",6.722629816974e-01,-1.117339989953e-01,-1.236792277923e-01,6.769292791377e-01,-1.225675527548e-01,-1.259099493883e-01,4.666297440313e-03,-1.083355375947e-02,-2.230721595988e-03
"                1815",5.988845119207e-01,-5.875023632284e-02,-1.298782605684e-01,6.029909762657e-01,-6.819376530598e-02,-1.321040256983e-01,4.106464345016e-03,-9.443528983142e-03,-2.225765129874e-03
"                1816",5.193145237428e-01,-1.630060355319e-02,-1.356248735106e-01,5.228341941063e-01,-2.437012591989e-02,-1.378250410478e-01,3.519670363552e-03,-8.069522366695e-03,-2.200167537169e-03
"                1817",4.517226080573e-01,2.847364790193e-02,-1.407617209622e-01,4.546294275785e-01,2.168362911482e-02,-1.429111559799e-01,2.906819521198e-03,-6.790018787110e-03,-2.149435017725e-03
"                1818",4.044683719045e-01,8.009210003132e-02,-1.452010220741e-01,4.067617551670e-01,7.440850684349e-02,-1.472763409085e-01,2.293383262416e-03,-5.683593187831e-03,-2.075318834384e-03
"                1819",3.724422447037e-01,1.269234032352e-01,-1.486779669253e-01,3.741945535857e-01,1.221541549729e-01,-1.506625902067e-01,1.752308882014e-03,-4.769248262274e-03,-1.984623281423e-03
"                1820",3.433737331194e-01,1.561083601507e-01,-1.504898951425e-01,3.446503622510e-01,1.519805190122e-01,-1.523704298801e-01,1.276629131610e-03,-4.127841138488e-03,-1.880534737581e-03
"                1821",3.209020945292e-01,1.525622550787e-01,-1.504628314048e-01,3.217598510252e-01,1.487827432102e-01,-1.522308027114e-01,8.577564959473e-04,-3.779511868489e-03,-1.767971306599e-03
"                1822",3.160458796281e-01,1.304538720965e-01,-1.489558117394e-01,3.166091543997e-01,1.267184294470e-01,-1.506103086399e-01,5.632747715189e-04,-3.735442649513e-03,-1.654496900565e-03
"                1823",3.279324464869e-01,1.018839510739e-01,-1.462743096696e-01,3.283611475140e-01,9.790606306351e-02,-1.478224123323e-01,4.287010271581e-04,-3.977888010388e-03,-1.548102662714e-03
"                1824",3.455668696966e-01,6.931065953094e-02,-1.422957870362e-01,3.460388807864e-01,6.479123752706e-02,-1.437473758788e-01,4.720110897698e-04,-4.519422003879e-03,-1.451588842571e-03
"                1825",3.614779715325e-01,2.890490020967e-02,-1.372688938573e-01,3.621798342832e-01,2.362182543334e-02,-1.386378210138e-01,7.018627507107e-04,-5.283074776332e-03,-1.368927156550e-03
"                1826",3.806512386706e-01,-3.462200295904e-02,-1.315402738560e-01,3.817708690310e-01,-4.085617534542e-02,-1.328494537143e-01,1.119630360407e-03,-6.234172386378e-03,-1.309179858266e-03
"                1827",4.080779927421e-01,-1.146614652469e-01,-1.254571447404e-01,4.097397280557e-01,-1.219944263207e-01,-1.267273593679e-01,1.661735313613e-03,-7.332961073832e-03,-1.270214627497e-03
"                1828",4.464287964985e-01,-1.902575373433e-01,-1.193248708545e-01,4.487429485421e-01,-1.987770943930e-01,-1.205793416778e-01,2.314152043645e-03,-8.519557049680e-03,-1.254470823321e-03
"                1829",4.962334125775e-01,-2.535374308718e-01,-1.127820794793e-01,4.992453806342e-01,-2.632946278128e-01,-1.140396123527e-01,3.011968056774e-03,-9.757196940945e-03,-1.257532873344e-03
"                1830",5.550201334188e-01,-3.038814812180e-01,-1.054330765905e-01,5.587644414115e-01,-3.148717679464e-01,-1.067106890840e-01,3.744307992662e-03,-1.099028672837e-02,-1.277612493486e-03
"                1831",6.235984031549e-01,-3.490590812238e-01,-9.865805096728e-02,6.280783836112e-01,-3.612142884692e-01,-9.997382580685e-02,4.479980456316e-03,-1.215520724535e-02,-1.315774839574e-03
"                1832",6.956567842576e-01,-3.983399526245e-01,-9.372816246455e-02,7.007958301064e-01,-4.115532171615e-01,-9.509486515266e-02,5.139045848825e-03,-1.321326453705e-02,-1.366702688116e-03
"                1833",7.565862418983e-01,-4.533099732238e-01,-9.062902087406e-02,7.622866841214e-01,-4.674330272387e-01,-9.206009598007e-02,5.700442223167e-03,-1.412305401490e-02,-1.431075106009e-03
"                1834",7.998049005241e-01,-5.091796285954e-01,-8.871595155025e-02,8.060071505549e-01,-5.240503179657e-01,-9.022949173615e-02,6.202250030810e-03,-1.487068937022e-02,-1.513540185904e-03
"                1835",8.225061918780e-01,-5.526963246633e-01,-8.815355317753e-02,8.291094998703e-01,-5.681420649216e-01,-8.976119657252e-02,6.603307992290e-03,-1.544574025837e-02,-1.607643394983e-03
"                1836",8.222643360989e-01,-5.720545527917e-01,-8.958332924258e-02,8.291392266436e-01,-5.879043421386e-01,-9.128751388832e-02,6.874890544685e-03,-1.584978934690e-02,-1.704184645738e-03
"                1837",7.995642368715e-01,-5.685655466051e-01,-9.296005000559e-02,8.065463222021e-01,-5.846232793095e-01,-9.475974754531e-02,6.982085330537e-03,-1.605773270441e-02,-1.799697539713e-03
"                1838",7.665217839495e-01,-5.387888770572e-01,-9.775804071864e-02,7.734399609129e-01,-5.548225741641e-01,-9.964840958142e-02,6.918176963432e-03,-1.603369710692e-02,-1.890368862781e-03
"                1839",7.380577295781e-01,-4.848427336373e-01,-1.029856778285e-01,7.447502358067e-01,-5.005778713278e-01,-1.049585241136e-01,6.692506228510e-03,-1.573513769049e-02,-1.972846285076e-03
"                1840",7.265691061979e-01,-4.105706172001e-01,-1.079893738178e-01,7.329061108253e-01,-4.257402976070e-01,-1.100299563680e-01,6.337004627447e-03,-1.516968040686e-02,-2.040582550130e-03
"                1841",7.180383840928e-01,-3.266530230272e-01,-1.123318160801e-01,7.239173209254e-01,-3.409520182490e-01,-1.144266531309e-01,5.878936832645e-03,-1.429899522177e-02,-2.094837050795e-03
"                1842",6.987596644251e-01,-2.419880528253e-01,-1.164394746181e-01,7.040802824890e-01,-2.551885835403e-01,-1.185702179185e-01,5.320618063935e-03,-1.320053071505e-02,-2.130743300400e-03
"                1843",6.588442980175e-01,-1.667693760639e-01,-1.210308192938e-01,6.635305771492e-01,-1.786805768168e-01,-1.231774829569e-01,4.686279131662e-03,-1.191120075285e-02,-2.146663663162e-03
"                1844",5.909206033460e-01,-1.061652764090e-01,-1.256908432223e-01,5.948993799322e-01,-1.166834878985e-01,-1.278351769997e-01,3.978776586183e-03,-1.051821148947e-02,-2.144333777369e-03
"                1845",5.057688160553e-01,-5.580213068421e-02,-1.309635008792e-01,5.089529319110e-01,-6.491121136995e-02,-1.330885724919e-01,3.184115855768e-03,-9.109080685735e-03,-2.125071612738e-03
"                1846",4.227664775864e-01,-4.650775554637e-03,-1.370675728236e-01,4.251059298724e-01,-1.239047513058e-02,-1.391531370263e-01,2.339452286008e-03,-7.739699575947e-03,-2.085564202669e-03
"                1847",3.571595986902e-01,4.795580628442e-02,-1.437762565860e-01,3.586883839066e-01,4.145877137994e-02,-1.458031836786e-01,1.528785216450e-03,-6.497034904476e-03,-2.026927092605e-03
"                1848",3.139029713861e-01,9.579871778831e-02,-1.497351187762e-01,3.146701527112e-01,9.037588870927e-02,-1.516874862057e-01,7.671813251669e-04,-5.422829079040e-03,-1.952367429560e-03
"                1849",2.883967940610e-01,1.302259105749e-01,-1.536557124846e-01,2.884968947160e-01,1.256375221607e-01,-1.555193261712e-01,1.001006549846e-04,-4.588388414204e-03,-1.863613686566e-03
"                1850",2.683278228728e-01,1.468936639327e-01,-1.551560166137e-01,2.678926632267e-01,1.428387627793e-01,-1.569237757092e-01,-4.351596460632e-04,-4.054901153374e-03,-1.767759095558e-03
"                1851",2.507569721160e-01,1.426179301574e-01,-1.543754294366e-01,2.499421665392e-01,1.388049370869e-01,-1.560501809948e-01,-8.148055767819e-04,-3.812993070469e-03,-1.674751558209e-03
"                1852",2.460595630797e-01,1.275349962347e-01,-1.513260673951e-01,2.450576175999e-01,1.236483041467e-01,-1.529123443299e-01,-1.001945479871e-03,-3.886692088048e-03,-1.586276934817e-03
"                1853",2.571204341565e-01,1.001455949603e-01,-1.461708287826e-01,2.561383131117e-01,9.591158993327e-02,-1.476776188752e-01,-9.821210448243e-04,-4.234005026980e-03,-1.506790092576e-03
"                1854",2.757868560131e-01,6.280978231320e-02,-1.397118492375e-01,2.750549912245e-01,5.797097413163e-02,-1.411533306284e-01,-7.318647886854e-04,-4.838808181562e-03,-1.441481390860e-03
"                1855",3.005676602155e-01,1.535233191946e-02,-1.329612990657e-01,3.003090443126e-01,9.725100456163e-03,-1.343553459366e-01,-2.586159028807e-04,-5.627231463296e-03,-1.394046870944e-03
"                1856",3.379703411715e-01,-4.677143240528e-02,-1.267415601585e-01,3.383555607581e-01,-5.336401297127e-02,-1.281078667260e-01,3.852195866036e-04,-6.592580565991e-03,-1.366306567499e-03
"                1857",3.859363879681e-01,-1.186277608999e-01,-1.206668674840e-01,3.870687761204e-01,-1.263141342004e-01,-1.220184022655e-01,1.132388152292e-03,-7.686373300464e-03,-1.351534781501e-03
"                1858",4.413413732431e-01,-1.890156164468e-01,-1.144773452913e-01,4.433079377544e-01,-1.978703402629e-01,-1.158256084537e-01,1.966564511291e-03,-8.854723816123e-03,-1.348263162320e-03
"                1859",5.052273371376e-01,-2.481569844944e-01,-1.082993857468e-01,5.081133431414e-01,-2.582143025206e-01,-1.096617809857e-01,2.886006003825e-03,-1.005731802617e-02,-1.362395238983e-03
"                1860",5.822658518530e-01,-2.924936810045e-01,-1.027725023416e-01,5.861052425224e-01,-3.037270049024e-01,-1.041596505347e-01,3.839390669396e-03,-1.123332389794e-02,-1.387148193099e-03
"                1861",6.649759123607e-01,-3.357416487615e-01,-9.767189469603e-02,6.697065112388e-01,-3.480856306702e-01,-9.909330464759e-02,4.730598878065e-03,-1.234398190878e-02,-1.421409951568e-03
"                1862",7.393461465507e-01,-3.849091574862e-01,-9.250534944403e-02,7.448975052569e-01,-3.982528712993e-01,-9.397752289863e-02,5.551358706229e-03,-1.334371381309e-02,-1.472173454595e-03
"                1863",7.917486482475e-01,-4.470087709498e-01,-8.802441748833e-02,7.980265503504e-01,-4.612198788647e-01,-8.956300763240e-02,6.277902102940e-03,-1.421110791489e-02,-1.538590144067e-03
"                1864",8.198299769288e-01,-5.085424300515e-01,-8.548666589387e-02,8.266969702793e-01,-5.234918716937e-01,-8.710270728178e-02,6.866993350513e-03,-1.494944164219e-02,-1.616041387908e-03
"                1865",8.286379888619e-01,-5.494480556109e-01,-8.562484236464e-02,8.358986842326e-01,-5.649955237976e-01,-8.731822262614e-02,7.260695370726e-03,-1.554746818666e-02,-1.693380261498e-03
"                1866",8.225141615662e-01,-5.616167694872e-01,-8.878121354157e-02,8.299525551833e-01,-5.775787943495e-01,-9.054581174196e-02,7.438393617079e-03,-1.596202486230e-02,-1.764598200390e-03
"                1867",8.044154443370e-01,-5.522368646320e-01,-9.408284205566e-02,8.118233611495e-01,-5.683872135709e-01,-9.591565545560e-02,7.407916812577e-03,-1.615034893891e-02,-1.832813399941e-03
"                1868",7.753920794149e-01,-5.183957451372e-01,-1.001587749350e-01,7.825642873863e-01,-5.344724586729e-01,-1.020559722221e-01,7.172207971414e-03,-1.607671353566e-02,-1.897197287113e-03
"                1869",7.443518939672e-01,-4.609477291082e-01,-1.057529098182e-01,7.511311474529e-01,-4.766696322904e-01,-1.077083828905e-01,6.779253485634e-03,-1.572190318225e-02,-1.955473072234e-03
"                1870",7.189686361385e-01,-3.805482001386e-01,-1.106141287474e-01,7.252189655847e-01,-3.956123945200e-01,-1.126147423212e-01,6.250329446242e-03,-1.506419438147e-02,-2.000613573735e-03
"                1871",6.946422776546e-01,-2.944020310956e-01,-1.150334005066e-01,7.002500260319e-01,-3.084935227933e-01,-1.170647087464e-01,5.607748377309e-03,-1.409149169765e-02,-2.031308239791e-03
"                1872",6.587541449163e-01,-2.151382390518e-01,-1.185117254638e-01,6.636168073338e-01,-2.280569503707e-01,-1.205594167451e-01,4.862662417524e-03,-1.291871131895e-02,-2.047691281306e-03
"                1873",6.029356440269e-01,-1.447245274926e-01,-1.218977848675e-01,6.069509220056e-01,-1.563069117006e-01,-1.239455308567e-01,4.015277978692e-03,-1.158238420794e-02,-2.047745989166e-03
"                1874",5.261768619684e-01,-8.684207222232e-02,-1.264348060975e-01,5.292465323517e-01,-9.701831550767e-02,-1.284653956120e-01,3.069670383288e-03,-1.017624328535e-02,-2.030589514501e-03
"                1875",4.435879930092e-01,-3.045466359366e-02,-1.330671872793e-01,4.456594736198e-01,-3.923102310640e-02,-1.350685111473e-01,2.071480610580e-03,-8.776359512739e-03,-2.001323867990e-03
"                1876",3.662638511903e-01,2.314026561038e-02,-1.410887720005e-01,3.673354478494e-01,1.570805776562e-02,-1.430479893954e-01,1.071596659071e-03,-7.432207844762e-03,-1.959217394973e-03
"                1877",3.085153271015e-01,7.103993562853e-02,-1.488419581802e-01,3.086334675951e-01,6.479767921100e-02,-1.507431974993e-01,1.181404935962e-04,-6.242256417536e-03,-1.901239319036e-03
"                1878",2.747226589750e-01,1.069248125596e-01,-1.547347973668e-01,2.740001898116e-01,1.016838695915e-01,-1.565697726141e-01,-7.224691633421e-04,-5.240942968120e-03,-1.834975247280e-03
"                1879",2.558338278423e-01,1.352221473392e-01,-1.579215177803e-01,2.544646726209e-01,1.307028851814e-01,-1.596855950334e-01,-1.369155221417e-03,-4.519262157764e-03,-1.764077253066e-03
"                1880",2.353863457447e-01,1.531028871546e-01,-1.581252627183e-01,2.335746822905e-01,1.490110220723e-01,-1.598175124778e-01,-1.811663454194e-03,-4.091865082281e-03,-1.692249759484e-03
"                1881",2.142230137288e-01,1.549312510773e-01,-1.551655743747e-01,2.121616075341e-01,1.509745084132e-01,-1.567902163202e-01,-2.061406194701e-03,-3.956742664125e-03,-1.624641945515e-03
"                1882",2.106152514382e-01,1.421893342479e-01,-1.496466015301e-01,2.085491410266e-01,1.380901066600e-01,-1.512124721023e-01,-2.066110411592e-03,-4.099227587830e-03,-1.565870572144e-03
"                1883",2.260401658994e-01,1.122309058771e-01,-1.423846322120e-01,2.242251301779e-01,1.077383938133e-01,-1.439046232164e-01,-1.815035721421e-03,-4.492512063803e-03,-1.519991004343e-03
"                1884",2.578283676831e-01,7.332596324578e-02,-1.348168966578e-01,2.564998118028e-01,6.821798412710e-02,-1.363062482009e-01,-1.328555880330e-03,-5.107979118682e-03,-1.489351543076e-03
"                1885",3.056040223437e-01,2.526336817527e-02,-1.279028564461e-01,3.049585959227e-01,1.937190830415e-02,-1.293715232609e-01,-6.454264210234e-04,-5.891459871120e-03,-1.468666814827e-03
"                1886",3.677547097108e-01,-3.896629280084e-02,-1.216610467211e-01,3.679360934861e-01,-4.582467686209e-02,-1.231169263299e-01,1.813837753310e-04,-6.858384061249e-03,-1.455879608849e-03
"                1887",4.350087654480e-01,-1.034191569426e-01,-1.158855272052e-01,4.361433076023e-01,-1.113555901202e-01,-1.173376735304e-01,1.134542154310e-03,-7.936433177591e-03,-1.452146325258e-03
"                1888",5.064564806133e-01,-1.626744991935e-01,-1.112247457647e-01,5.086624918219e-01,-1.717436166291e-01,-1.126823383695e-01,2.206011208549e-03,-9.069117435536e-03,-1.457592604760e-03
"                1889",5.820937036915e-01,-2.144694526110e-01,-1.070084524466e-01,5.853949951494e-01,-2.246952929703e-01,-1.084786258851e-01,3.301291457972e-03,-1.022584035927e-02,-1.470173438482e-03
"                1890",6.637058863983e-01,-2.628752759787e-01,-1.018125705996e-01,6.681123372190e-01,-2.742274712916e-01,-1.033076208280e-01,4.406450820710e-03,-1.135219531293e-02,-1.495050228313e-03
"                1891",7.401624478505e-01,-3.159320541231e-01,-9.536779244086e-02,7.456328100704e-01,-3.283631443570e-01,-9.689994499230e-02,5.470362219921e-03,-1.243109023385e-02,-1.532152551438e-03
"                1892",8.012274140065e-01,-3.740504023877e-01,-8.907389917244e-02,8.076395416760e-01,-3.874792060667e-01,-9.065492069078e-02,6.412127669532e-03,-1.342880367893e-02,-1.581021518344e-03
"                1893",8.417288599943e-01,-4.336159937849e-01,-8.483025035688e-02,8.488847185874e-01,-4.479332081368e-01,-8.646411849724e-02,7.155858593101e-03,-1.431721435184e-02,-1.633868140354e-03
"                1894",8.628540318704e-01,-4.882363485338e-01,-8.386756049430e-02,8.705211441295e-01,-5.033108654230e-01,-8.555539158725e-02,7.667112259114e-03,-1.507451688926e-02,-1.687831092950e-03
"                1895",8.716802177152e-01,-5.207990946730e-01,-8.621079406967e-02,8.796053320804e-01,-5.364619860377e-01,-8.794727949296e-02,7.925114365208e-03,-1.566289136468e-02,-1.736485423289e-03
"                1896",8.650755010977e-01,-5.294881645367e-01,-9.097739588945e-02,8.730205955225e-01,-5.455182287853e-01,-9.275890660103e-02,7.945094424766e-03,-1.603006424859e-02,-1.781510711577e-03
"                1897",8.427093088394e-01,-5.167586112123e-01,-9.686071410359e-02,8.504523456386e-01,-5.329191892914e-01,-9.868675321974e-02,7.743036799161e-03,-1.616057807916e-02,-1.826039116147e-03
"                1898",8.013091781650e-01,-4.719004385658e-01,-1.029592497126e-01,8.086477549803e-01,-4.878969258549e-01,-1.048293989769e-01,7.338576815317e-03,-1.599648728914e-02,-1.870149264330e-03
"                1899",7.571031040860e-01,-4.084472958643e-01,-1.087364216990e-01,7.638621568383e-01,-4.239851691533e-01,-1.106402330144e-01,6.759052752210e-03,-1.553787328892e-02,-1.903811315367e-03
"                1900",7.181152855136e-01,-3.343334309506e-01,-1.133660518841e-01,7.241684098936e-01,-3.490998170974e-01,-1.152948383889e-01,6.053124379982e-03,-1.476638614676e-02,-1.928786504769e-03
"                1901",6.753641459562e-01,-2.527277616863e-01,-1.164879495077e-01,6.805819731742e-01,-2.664581436102e-01,-1.184309497690e-01,5.217827217989e-03,-1.373038192390e-02,-1.943000261331e-03
"                1902",6.250864570118e-01,-1.699381373078e-01,-1.191680760990e-01,6.293367928545e-01,-1.824617591934e-01,-1.211126252136e-01,4.250335842729e-03,-1.252362188566e-02,-1.944549114672e-03
"                1903",5.675328670215e-01,-9.491964490026e-02,-1.233472789693e-01,5.707195012439e-01,-1.061022364681e-01,-1.252794801929e-01,3.186634222354e-03,-1.118259156784e-02,-1.932201223614e-03
"                1904",4.926458260105e-01,-3.685518706840e-02,-1.297350551551e-01,4.947306497013e-01,-4.663157003653e-02,-1.316456232113e-01,2.084823690791e-03,-9.776382968129e-03,-1.910568056222e-03
"                1905",4.209162661892e-01,1.063104634217e-02,-1.377961128302e-01,4.218636572462e-01,2.235416106504e-03,-1.396768206242e-01,9.473910570518e-04,-8.395630235665e-03,-1.880707793953e-03
"                1906",3.557575339252e-01,5.172425018255e-02,-1.462135906718e-01,3.556095221319e-01,4.461368532904e-02,-1.480579315161e-01,-1.480117933494e-04,-7.110564853504e-03,-1.844340844279e-03
"                1907",3.082516992103e-01,9.478603896002e-02,-1.535885887169e-01,3.071357170870e-01,8.878303112841e-02,-1.553893986911e-01,-1.115982123374e-03,-6.003007831618e-03,-1.800809974248e-03
"                1908",2.769213379651e-01,1.359458754616e-01,-1.583663343198e-01,2.750286356926e-01,1.308473780971e-01,-1.601212310987e-01,-1.892702272556e-03,-5.098497364560e-03,-1.754896778895e-03
"                1909",2.506243149713e-01,1.678918083136e-01,-1.595144528256e-01,2.482033771351e-01,1.634182039235e-01,-1.612229452985e-01,-2.420937836132e-03,-4.473604390075e-03,-1.708492472915e-03
"                1910",2.271250478753e-01,1.866823514337e-01,-1.570465124201e-01,2.244190774853e-01,1.825678141716e-01,-1.587105798704e-01,-2.705970389994e-03,-4.114537262013e-03,-1.664067450256e-03
"                1911",2.078953642374e-01,1.887572811254e-01,-1.516782958751e-01,2.051567787836e-01,1.847375343970e-01,-1.533078809936e-01,-2.738585453849e-03,-4.019746728342e-03,-1.629585118520e-03
"                1912",2.135702784906e-01,1.754536683974e-01,-1.448508432966e-01,2.110487722683e-01,1.712693440396e-01,-1.464563243313e-01,-2.521506222302e-03,-4.184324357803e-03,-1.605481034743e-03
"                1913",2.479118884935e-01,1.442773024199e-01,-1.373931760912e-01,2.458585490724e-01,1.396871078815e-01,-1.389824359355e-01,-2.053339421078e-03,-4.590194538353e-03,-1.589259844370e-03
"                1914",3.042536612229e-01,1.021658051278e-01,-1.300145688179e-01,3.028693701761e-01,9.696318482487e-02,-1.315917183348e-01,-1.384291046733e-03,-5.202620302902e-03,-1.577149516889e-03
"                1915",3.782234702244e-01,5.189467216144e-02,-1.231791428421e-01,3.777129733810e-01,4.591406384380e-02,-1.247474447877e-01,-5.104968433582e-04,-5.980608317638e-03,-1.568301945512e-03
"                1916",4.620498079703e-01,-6.598546844415e-03,-1.178681606950e-01,4.625941895886e-01,-1.353122637348e-02,-1.194334741689e-01,5.443816182590e-04,-6.932679529060e-03,-1.565313473906e-03
"                1917",5.456605321492e-01,-6.429778353015e-02,-1.142354371020e-01,5.473527185577e-01,-7.228558148443e-02,-1.157973588481e-01,1.692186408548e-03,-7.987797954278e-03,-1.561921746023e-03
"                1918",6.230811872065e-01,-1.257983336498e-01,-1.106658861471e-01,6.259914720035e-01,-1.348963542443e-01,-1.122325700373e-01,2.910284796966e-03,-9.098020594513e-03,-1.566683890218e-03
"                1919",6.922700195015e-01,-1.860053491345e-01,-1.054395416060e-01,6.964390782347e-01,-1.962463220473e-01,-1.070232694007e-01,4.169058733127e-03,-1.024097291279e-02,-1.583727794644e-03
"                1920",7.597487542529e-01,-2.428805054331e-01,-9.872763829690e-02,7.651480094443e-01,-2.542598826802e-01,-1.003370368762e-01,5.399255191386e-03,-1.137937724708e-02,-1.609398579340e-03
"                1921",8.219697614746e-01,-2.992687882150e-01,-9.189017916917e-02,8.284760544502e-01,-3.117589161321e-01,-9.352641389063e-02,6.506292975597e-03,-1.249012791708e-02,-1.636234721456e-03
"                1922",8.732613109608e-01,-3.539240420370e-01,-8.677374858579e-02,8.806556576933e-01,-3.674426373305e-01,-8.843706364239e-02,7.394346732505e-03,-1.351859529355e-02,-1.663315056603e-03
"                1923",9.132658029748e-01,-4.103484012874e-01,-8.462863960927e-02,9.212837064591e-01,-4.247647825020e-01,-8.631727863633e-02,8.017903484293e-03,-1.441638121465e-02,-1.688639027064e-03
"                1924",9.342526494307e-01,-4.609284245722e-01,-8.555261773153e-02,9.426299622073e-01,-4.760774051105e-01,-8.726728366657e-02,8.377312776649e-03,-1.514898053831e-02,-1.714665935039e-03
"                1925",9.378642728288e-01,-4.879003229840e-01,-8.890700481018e-02,9.463313415569e-01,-5.035882784314e-01,-9.064465272664e-02,8.467068728071e-03,-1.568795544746e-02,-1.737647916467e-03
"                1926",9.186385969747e-01,-4.910008636238e-01,-9.402080654891e-02,9.269705463029e-01,-5.069805399468e-01,-9.578274060825e-02,8.331949328186e-03,-1.597967632301e-02,-1.761934059337e-03
"                1927",8.808296729798e-01,-4.675100685498e-01,-1.000747106181e-01,8.887678820955e-01,-4.835141378685e-01,-1.018588167188e-01,7.938209115639e-03,-1.600406931872e-02,-1.784106100785e-03
"                1928",8.244931767383e-01,-4.219963761850e-01,-1.061341815426e-01,8.318452567960e-01,-4.377170059935e-01,-1.079409695280e-01,7.352080057730e-03,-1.572062980855e-02,-1.806787985421e-03
"                1929",7.643456996416e-01,-3.585436274310e-01,-1.108560624119e-01,7.709448977837e-01,-3.737050973016e-01,-1.126798902486e-01,6.599198142064e-03,-1.516146987058e-02,-1.823827836648e-03
"                1930",7.092645509765e-01,-2.772878627997e-01,-1.143045817477e-01,7.149445844134e-01,-2.916004288720e-01,-1.161381709682e-01,5.680033436886e-03,-1.431256607224e-02,-1.833589220461e-03
"                1931",6.610745461987e-01,-1.873741846176e-01,-1.176615658257e-01,6.656891984824e-01,-2.006124526803e-01,-1.194943698170e-01,4.614652283691e-03,-1.323826806269e-02,-1.832803991229e-03
"                1932",6.096505410704e-01,-1.070063857688e-01,-1.219309670101e-01,6.131400487627e-01,-1.190260938070e-01,-1.237578020429e-01,3.489507692287e-03,-1.201970803820e-02,-1.826835032875e-03
"                1933",5.588389069159e-01,-4.564152115644e-02,-1.277617261026e-01,5.611401005142e-01,-5.631408047341e-02,-1.295747278794e-01,2.301193598256e-03,-1.067255931697e-02,-1.813001776855e-03
"                1934",4.947879234244e-01,-7.523448370961e-04,-1.349295390044e-01,4.958779192763e-01,-1.005441870989e-02,-1.367232948962e-01,1.089995851965e-03,-9.302073872792e-03,-1.793755891828e-03
"                1935",4.304066570607e-01,4.261000389579e-02,-1.428143340923e-01,4.303238953183e-01,3.463183424240e-02,-1.445893284770e-01,-8.276174240881e-05,-7.978169653389e-03,-1.774994384673e-03
"                1936",3.709215802667e-01,9.246339014477e-02,-1.504117594187e-01,3.697866704286e-01,8.569007890002e-02,-1.521696016263e-01,-1.134909838107e-03,-6.773311244756e-03,-1.757842207627e-03
"                1937",3.200627310638e-01,1.421469475756e-01,-1.559446650808e-01,3.180581213190e-01,1.363897361571e-01,-1.576836227042e-01,-2.004609744806e-03,-5.757211418522e-03,-1.738957623433e-03
"                1938",2.830445847573e-01,1.824352771751e-01,-1.581632132438e-01,2.804125220784e-01,1.775024758923e-01,-1.598837025597e-01,-2.632062678920e-03,-4.932801282805e-03,-1.720489315914e-03
"                1939",2.557979468063e-01,2.130220108657e-01,-1.568027339126e-01,2.528321631143e-01,2.086593291889e-01,-1.585081904941e-01,-2.965783692033e-03,-4.362681676832e-03,-1.705456581505e-03
"                1940",2.401585293062e-01,2.309682651057e-01,-1.526121373527e-01,2.371276279859e-01,2.269413999447e-01,-1.543083816680e-01,-3.030901320293e-03,-4.026865160926e-03,-1.696244315254e-03
"                1941",2.419769757611e-01,2.377464785659e-01,-1.467331877717e-01,2.391227749694e-01,2.338048898509e-01,-1.484262194543e-01,-2.854200791707e-03,-3.941588714955e-03,-1.693031682622e-03
"                1942",2.693699106117e-01,2.217504746299e-01,-1.396888284164e-01,2.669182063450e-01,2.176365935222e-01,-1.413808224622e-01,-2.451704266676e-03,-4.113881107689e-03,-1.691994045798e-03
"                1943",3.249162386990e-01,1.864889092033e-01,-1.319958092805e-01,3.231012431669e-01,1.819546394342e-01,-1.336828556220e-01,-1.814995532102e-03,-4.534269769136e-03,-1.687046341541e-03
"                1944",4.019896014376e-01,1.400686855020e-01,-1.252067891762e-01,4.010584622174e-01,1.349179399037e-01,-1.268923158251e-01,-9.311392202293e-04,-5.150745598332e-03,-1.685526648922e-03
"                1945",4.964679464851e-01,8.899488393116e-02,-1.205565478298e-01,4.966122293863e-01,8.305497630268e-02,-1.222366388420e-01,1.442829011805e-04,-5.939907628488e-03,-1.680091012193e-03
"                1946",5.982311829912e-01,3.082041283639e-02,-1.169731557018e-01,5.995717732769e-01,2.392350830930e-02,-1.186471562865e-01,1.340590285731e-03,-6.896904527091e-03,-1.674000584663e-03
"                1947",6.836117580360e-01,-3.083132575470e-02,-1.128995067531e-01,6.862577078744e-01,-3.878682033883e-02,-1.145726804871e-01,2.645949838449e-03,-7.955494584129e-03,-1.673173733991e-03
"                1948",7.478855257510e-01,-9.896770128798e-02,-1.078782146806e-01,7.518929077551e-01,-1.080592149113e-01,-1.095582929284e-01,4.007382004168e-03,-9.091513623351e-03,-1.680078247780e-03
"                1949",7.983005126392e-01,-1.635658230635e-01,-1.020785280637e-01,8.036334188306e-01,-1.738437052775e-01,-1.037700489505e-01,5.332906191440e-03,-1.027788221400e-02,-1.691520886820e-03
"                1950",8.486747777189e-01,-2.211288130800e-01,-9.607553552520e-02,8.552009283882e-01,-2.325996807748e-01,-9.777542550438e-02,6.526150669316e-03,-1.147086769474e-02,-1.699889979181e-03
"                1951",9.057358851852e-01,-2.765292499052e-01,-9.101764141221e-02,9.132514586261e-01,-2.891457453208e-01,-9.271806975713e-02,7.515573440849e-03,-1.261649541563e-02,-1.700428344920e-03
"                1952",9.583752393274e-01,-3.333927160516e-01,-8.796543434878e-02,9.666317311578e-01,-3.470326774085e-01,-8.966457022512e-02,8.256491830455e-03,-1.363996135686e-02,-1.699135876339e-03
"                1953",9.997284400108e-01,-3.890073371845e-01,-8.718045807908e-02,1.008442015801e+00,-4.035093613469e-01,-8.887858944261e-02,8.713575790410e-03,-1.450202416244e-02,-1.698131363531e-03
"                1954",1.010618767604e+00,-4.311975198826e-01,-8.860083906862e-02,1.019518931240e+00,-4.463725562237e-01,-9.030079457173e-02,8.900163636200e-03,-1.517503634103e-02,-1.699955503112e-03
"                1955",9.935693293164e-01,-4.482835766593e-01,-9.218289244898e-02,1.002381129411e+00,-4.638964517772e-01,-9.388294358737e-02,8.811800094441e-03,-1.561287511796e-02,-1.700051138392e-03
"                1956",9.545848991299e-01,-4.455443801803e-01,-9.740303237973e-02,9.630658102123e-01,-4.613192885941e-01,-9.910425902918e-02,8.480911082404e-03,-1.577490841379e-02,-1.701226649452e-03
"                1957",8.978256419344e-01,-4.210188344118e-01,-1.026222799171e-01,9.057341895038e-01,-4.366959875559e-01,-1.043293000926e-01,7.908547569369e-03,-1.567715314414e-02,-1.707020175472e-03
"                1958",8.263874774344e-01,-3.700559475547e-01,-1.073858064749e-01,8.335101804865e-01,-3.853649518417e-01,-1.091004276483e-01,7.122703052117e-03,-1.530900428705e-02,-1.714621173411e-03
"                1959",7.602301972228e-01,-2.976787118370e-01,-1.119428036891e-01,7.663738688406e-01,-3.123635703018e-01,-1.136582949012e-01,6.143671617774e-03,-1.468485846480e-02,-1.715491212067e-03
"                1960",7.016594966711e-01,-2.131020325857e-01,-1.165917412143e-01,7.067168506868e-01,-2.268878907872e-01,-1.183077310979e-01,5.057354015743e-03,-1.378585820151e-02,-1.715989883610e-03
"                1961",6.560053779219e-01,-1.342819451639e-01,-1.214921468292e-01,6.598774416671e-01,-1.469813037200e-01,-1.232046868520e-01,3.872063745228e-03,-1.269935855614e-02,-1.712540022760e-03
"                1962",6.150406488305e-01,-6.520202607913e-02,-1.267727530846e-01,6.176795113882e-01,-7.668113876506e-02,-1.284795969997e-01,2.638862557656e-03,-1.147911268592e-02,-1.706843915162e-03
"                1963",5.717802295922e-01,-1.203728214706e-02,-1.326065451483e-01,5.731768512252e-01,-2.221137600443e-02,-1.343073357914e-01,1.396621632918e-03,-1.017409385736e-02,-1.700790643186e-03
"                1964",5.129663069297e-01,3.267796000802e-02,-1.391767394040e-01,5.131936225025e-01,2.380919299137e-02,-1.408772078847e-01,2.273155728361e-04,-8.868767016648e-03,-1.700468480753e-03
"                1965",4.484359516537e-01,8.085031556854e-02,-1.456836570664e-01,4.475948474251e-01,7.322650439711e-02,-1.473893981255e-01,-8.411042285384e-04,-7.623811171434e-03,-1.705741059107e-03
"                1966",3.868152386413e-01,1.338633463448e-01,-1.510371148336e-01,3.850563420531e-01,1.273625177910e-01,-1.527515031845e-01,-1.758896588188e-03,-6.500828553807e-03,-1.714388350953e-03
"                1967",3.359235677791e-01,1.860376987862e-01,-1.540181825752e-01,3.334780725226e-01,1.805134617383e-01,-1.557440496875e-01,-2.445495256514e-03,-5.524237047972e-03,-1.725867112309e-03
"                1968",3.070029606240e-01,2.316599448538e-01,-1.542024742727e-01,3.041507400913e-01,2.269267171966e-01,-1.559436510039e-01,-2.852220532766e-03,-4.733227657161e-03,-1.741176731181e-03
"                1969",2.954130568163e-01,2.651738723982e-01,-1.517626891928e-01,2.924334832626e-01,2.609984352818e-01,-1.535215299618e-01,-2.979573553687e-03,-4.175437116388e-03,-1.758840768982e-03
"                1970",2.971576779735e-01,2.823826592126e-01,-1.471996076522e-01,2.943018576481e-01,2.785326173316e-01,-1.489745915293e-01,-2.855820325362e-03,-3.850041881003e-03,-1.774983877175e-03
"                1971",3.182399318168e-01,2.860278528234e-01,-1.413069904878e-01,3.157185827779e-01,2.822507157209e-01,-1.430927684438e-01,-2.521349038855e-03,-3.777137102410e-03,-1.785777955948e-03
"                1972",3.650124393000e-01,2.648417688359e-01,-1.345551476172e-01,3.630862158759e-01,2.608736785208e-01,-1.363501818407e-01,-1.926223424150e-03,-3.968090315031e-03,-1.795034223586e-03
"                1973",4.429980982543e-01,2.256346575041e-01,-1.285807688198e-01,4.419253961708e-01,2.212295070590e-01,-1.303776758840e-01,-1.072702083542e-03,-4.405150445040e-03,-1.796907064157e-03
"                1974",5.425822586807e-01,1.767494666225e-01,-1.237343836244e-01,5.425339159714e-01,1.717189569162e-01,-1.255258242217e-01,-4.834270925271e-05,-5.030509706257e-03,-1.791440597348e-03
"                1975",6.463366928854e-01,1.189240544162e-01,-1.192494675487e-01,6.475060029879e-01,1.130788675477e-01,-1.210360751881e-01,1.169310102512e-03,-5.845186868529e-03,-1.786607639478e-03
"                1976",7.385175618271e-01,5.554588131984e-02,-1.144856334065e-01,7.410329661446e-01,4.870834567482e-02,-1.162691639370e-01,2.515404317523e-03,-6.837535645026e-03,-1.783530530542e-03
"                1977",8.045723424161e-01,-9.516361513477e-03,-1.095270480628e-01,8.084909168038e-01,-1.747778749344e-02,-1.113078316211e-01,3.918574387673e-03,-7.961425979962e-03,-1.780783558310e-03
"                1978",8.478019151290e-01,-7.899305686772e-02,-1.048716200314e-01,8.530769276776e-01,-8.817436139958e-02,-1.066455931813e-01,5.275012548538e-03,-9.181304531867e-03,-1.773973149939e-03
"                1979",8.890019770620e-01,-1.437083147769e-01,-1.005135381733e-01,8.954952722375e-01,-1.541445032118e-01,-1.022752471070e-01,6.493295175559e-03,-1.043618843493e-02,-1.761708933714e-03
"                1980",9.385671397887e-01,-2.025516346384e-01,-9.652845997060e-02,9.460927332136e-01,-2.142096773113e-01,-9.826988903441e-02,7.525593424921e-03,-1.165804267292e-02,-1.741429063813e-03
"                1981",9.950094612680e-01,-2.581490718917e-01,-9.306844008813e-02,1.003352148460e+00,-2.709339906909e-01,-9.478431275123e-02,8.342687192181e-03,-1.278491879918e-02,-1.715872663104e-03
"                1982",1.041045959606e+00,-3.092829243696e-01,-9.062974606155e-02,1.049947652994e+00,-3.230349096279e-01,-9.231956608184e-02,8.901693387633e-03,-1.375198525824e-02,-1.689820020294e-03
"                1983",1.063124594807e+00,-3.552834026481e-01,-9.001223515237e-02,1.072312699726e+00,-3.698118849647e-01,-9.168034162687e-02,9.188104918711e-03,-1.452848231665e-02,-1.668106474498e-03
"                1984",1.051266297183e+00,-3.904872661092e-01,-9.179357638878e-02,1.060447717124e+00,-4.055786247062e-01,-9.343922676879e-02,9.181419941140e-03,-1.509135859703e-02,-1.645650380010e-03
"                1985",1.012812843872e+00,-4.045541002200e-01,-9.515617791324e-02,1.021714292273e+00,-4.199613573031e-01,-9.678212372280e-02,8.901448400910e-03,-1.540725708318e-02,-1.625945809558e-03
"                1986",9.552030998941e-01,-3.965193188964e-01,-9.923481853278e-02,9.635724893429e-01,-4.119825975818e-01,-1.008468669770e-01,8.369389448728e-03,-1.546327868544e-02,-1.612048444241e-03
"                1987",8.888732570140e-01,-3.643088021839e-01,-1.039545973860e-01,8.964500437454e-01,-3.795934145368e-01,-1.055583826894e-01,7.576786731434e-03,-1.528461235287e-02,-1.603785303420e-03
"                1988",8.185581205970e-01,-3.063824290066e-01,-1.095269182846e-01,8.251593781234e-01,-3.212453789295e-01,-1.111274725555e-01,6.601257526369e-03,-1.486294992289e-02,-1.600554270922e-03
"                1989",7.556111577565e-01,-2.399061621621e-01,-1.156023864510e-01,7.611116072914e-01,-2.540950941516e-01,-1.172001337462e-01,5.500449534899e-03,-1.418893198951e-02,-1.597747295202e-03
"                1990",7.041632091986e-01,-1.700315266914e-01,-1.211990057648e-01,7.084709536170e-01,-1.833041109359e-01,-1.227966042331e-01,4.307744418324e-03,-1.327258424445e-02,-1.597598468311e-03
"                1991",6.683123410553e-01,-9.942327683443e-02,-1.261937530197e-01,6.713850773878e-01,-1.116325792466e-01,-1.277944617162e-01,3.072736332518e-03,-1.220930241215e-02,-1.600708696521e-03
"                1992",6.345289392776e-01,-3.204787502938e-02,-1.310688192248e-01,6.363929406693e-01,-4.307650260636e-02,-1.326788562024e-01,1.864001391664e-03,-1.102862757699e-02,-1.610036977650e-03
"                1993",5.899731368190e-01,2.306270915859e-02,-1.358763445570e-01,5.906903338646e-01,1.327864766394e-02,-1.375023268742e-01,7.171970456258e-04,-9.784061494657e-03,-1.625982317190e-03
"                1994",5.289443142426e-01,7.379275021690e-02,-1.404801818060e-01,5.286278736113e-01,6.525598955020e-02,-1.421308213369e-01,-3.164406313385e-04,-8.536760666692e-03,-1.650639530908e-03
"                1995",4.638306634538e-01,1.262244925996e-01,-1.445183234399e-01,4.626187388088e-01,1.189064328118e-01,-1.462011687267e-01,-1.211924644957e-03,-7.318059787878e-03,-1.682845286771e-03
"                1996",4.082749196827e-01,1.783915238474e-01,-1.476635636525e-01,4.063612772470e-01,1.721785937968e-01,-1.493872380980e-01,-1.913642435621e-03,-6.212930050630e-03,-1.723674445501e-03
"                1997",3.739113154181e-01,2.307970470764e-01,-1.494499801387e-01,3.715199658643e-01,2.255653889210e-01,-1.512181337626e-01,-2.391349553719e-03,-5.231658155424e-03,-1.768153623931e-03
"                1998",3.636184704948e-01,2.793039699437e-01,-1.492932428294e-01,3.610165305905e-01,2.748596909558e-01,-1.511042612315e-01,-2.601939904377e-03,-4.444278987893e-03,-1.811018402103e-03
"                1999",3.707632846199e-01,3.118290289790e-01,-1.467897787468e-01,3.681969137030e-01,3.079384680921e-01,-1.486364912700e-01,-2.566370916930e-03,-3.890560886888e-03,-1.846712523216e-03
"                2000",3.922427224981e-01,3.279687601699e-01,-1.422543499581e-01,3.899712809243e-01,3.243894430713e-01,-1.441287369499e-01,-2.271441573744e-03,-3.579317098585e-03,-1.874386991794e-03
"                2001",4.373559027763e-01,3.254560982976e-01,-1.373521124205e-01,4.356322430206e-01,3.219443775057e-01,-1.392464761847e-01,-1.723659755672e-03,-3.511720791959e-03,-1.894363764195e-03
"                2002",5.038748396003e-01,2.989963093115e-01,-1.326188211373e-01,5.029039078148e-01,2.952706319531e-01,-1.345206549144e-01,-9.709317855366e-04,-3.725677358484e-03,-1.901833777144e-03
"                2003",5.874677330529e-01,2.523744963591e-01,-1.275026276915e-01,5.874840692498e-01,2.481871355188e-01,-1.294060795603e-01,1.633619689671e-05,-4.187360840315e-03,-1.903451868823e-03
"                2004",6.800613829207e-01,1.914836750133e-01,-1.216951176337e-01,6.812612878267e-01,1.866337243580e-01,-1.235980207105e-01,1.199904905973e-03,-4.849950655344e-03,-1.902903076801e-03
"                2005",7.689446943588e-01,1.215011739686e-01,-1.159236135362e-01,7.714669266926e-01,1.157489309098e-01,-1.178222105090e-01,2.522232333763e-03,-5.752243058829e-03,-1.898596972845e-03
"                2006",8.446665193889e-01,5.698252972998e-02,-1.111745080721e-01,8.485467496807e-01,5.012841030228e-02,-1.130590705152e-01,3.880230291850e-03,-6.854119427695e-03,-1.884562443121e-03
"                2007",8.990445960366e-01,-4.347501384018e-03,-1.076133075200e-01,9.042410695162e-01,-1.242151915399e-02,-1.094733303909e-01,5.196473479584e-03,-8.074017769974e-03,-1.860022870907e-03
"                2008",9.348198852603e-01,-7.379134006558e-02,-1.050208004538e-01,9.412249084298e-01,-8.314657171566e-02,-1.068472534256e-01,6.405023169443e-03,-9.355231650076e-03,-1.826452971850e-03
"                2009",9.720606689408e-01,-1.384509361911e-01,-1.022571487627e-01,9.795123188159e-01,-1.490756512521e-01,-1.040451248829e-01,7.451649875056e-03,-1.062471506103e-02,-1.787976120162e-03
"                2010",1.011637293957e+00,-1.982880494880e-01,-9.889989857280e-02,1.019937433286e+00,-2.101173525229e-01,-1.006434726369e-01,8.300139328468e-03,-1.182930303490e-02,-1.743574064129e-03
"                2011",1.052791907155e+00,-2.443918982291e-01,-9.565104026461e-02,1.061730600955e+00,-2.572887090367e-01,-9.734764424636e-02,8.938693800587e-03,-1.289681080760e-02,-1.696603981749e-03
"                2012",1.080766567786e+00,-2.872465793304e-01,-9.353150628136e-02,1.090079806322e+00,-3.010183210874e-01,-9.517980734456e-02,9.313238535725e-03,-1.377174175697e-02,-1.648301063201e-03
"                2013",1.082976984144e+00,-3.336945172832e-01,-9.313898705835e-02,1.092376563680e+00,-3.481351980540e-01,-9.474312141283e-02,9.399579535773e-03,-1.444068077083e-02,-1.604134354479e-03
"                2014",1.049054246853e+00,-3.651834559872e-01,-9.410519307919e-02,1.058246211748e+00,-3.800891061877e-01,-9.567009314606e-02,9.191964895903e-03,-1.490565020057e-02,-1.564900066868e-03
"                2015",9.920810011556e-01,-3.703238165898e-01,-9.669645379569e-02,1.000768530748e+00,-3.854640409407e-01,-9.822704845205e-02,8.687529592683e-03,-1.514022435088e-02,-1.530594656359e-03
"                2016",9.313594383699e-01,-3.507181557129e-01,-1.013207946055e-01,9.392973606467e-01,-3.658546085999e-01,-1.028250082468e-01,7.937922276867e-03,-1.513645288700e-02,-1.504213641288e-03
"                2017",8.688928386264e-01,-3.151309042344e-01,-1.074498958997e-01,8.758975693584e-01,-3.300344779034e-01,-1.089404768065e-01,7.004730731973e-03,-1.490357366908e-02,-1.490580906761e-03
"                2018",8.094444895297e-01,-2.684682921173e-01,-1.141336334733e-01,8.153638480477e-01,-2.829187596284e-01,-1.156196196485e-01,5.919358517982e-03,-1.445046751110e-02,-1.485986175260e-03
"                2019",7.577898398712e-01,-2.132902292704e-01,-1.204349504612e-01,7.625425829459e-01,-2.270495947563e-01,-1.219221784345e-01,4.752743074698e-03,-1.375936548591e-02,-1.487227973265e-03
"                2020",7.166997493144e-01,-1.456439019634e-01,-1.257156730092e-01,7.202668690494e-01,-1.585000345559e-01,-1.272140276662e-01,3.567119735006e-03,-1.285613259244e-02,-1.498354657033e-03
"                2021",6.832837143391e-01,-6.801931567099e-02,-1.298582569057e-01,6.856940288754e-01,-7.984866044504e-02,-1.313787177022e-01,2.410314536298e-03,-1.182934477405e-02,-1.520460796546e-03
"                2022",6.465013062742e-01,4.952695944539e-03,-1.330239508740e-01,6.478350544301e-01,-5.734559945569e-03,-1.345773477640e-01,1.333748155849e-03,-1.068725589011e-02,-1.553396890020e-03
"                2023",5.939473946966e-01,5.912792985255e-02,-1.353820312937e-01,5.943090541952e-01,4.966221215602e-02,-1.369788750624e-01,3.616594986245e-04,-9.465717696532e-03,-1.596843768664e-03
"                2024",5.366707407707e-01,1.058939820952e-01,-1.377135195128e-01,5.362113093281e-01,9.767571745784e-02,-1.393662829562e-01,-4.594314425569e-04,-8.218264637368e-03,-1.652763443365e-03
"                2025",4.875446873207e-01,1.568920639724e-01,-1.403147666624e-01,4.864084102644e-01,1.498941774335e-01,-1.420327863486e-01,-1.136277056365e-03,-6.997886538831e-03,-1.718019686213e-03
"                2026",4.576983423417e-01,2.154843531563e-01,-1.430399917377e-01,4.560679218738e-01,2.096021957636e-01,-1.448288858052e-01,-1.630420467936e-03,-5.882157392723e-03,-1.788894067494e-03
"                2027",4.453985281820e-01,2.721736525449e-01,-1.446027510351e-01,4.434719760087e-01,2.672809302021e-01,-1.464567342589e-01,-1.926552173329e-03,-4.892722342822e-03,-1.853983223798e-03
"                2028",4.472774520702e-01,3.191791714456e-01,-1.440793888009e-01,4.453069714939e-01,3.150617153669e-01,-1.459881104316e-01,-1.970480576385e-03,-4.117456078732e-03,-1.908721630766e-03
"                2029",4.681742478344e-01,3.469122825618e-01,-1.420350496992e-01,4.664397444858e-01,3.433385813944e-01,-1.439896792318e-01,-1.734503348570e-03,-3.573701167419e-03,-1.954629532528e-03
"                2030",5.090753111639e-01,3.588184688834e-01,-1.395071603171e-01,5.078078803821e-01,3.555418746446e-01,-1.414912681881e-01,-1.267430781789e-03,-3.276594238796e-03,-1.984107870969e-03
"                2031",5.688011541566e-01,3.504492082233e-01,-1.359599864915e-01,5.682054131899e-01,3.472149061555e-01,-1.379627080529e-01,-5.957409666714e-04,-3.234302067813e-03,-2.002721561409e-03
"                2032",6.320952937637e-01,3.109773990769e-01,-1.307075650474e-01,6.324022482788e-01,3.074793749988e-01,-1.327220311988e-01,3.069545150967e-04,-3.498024078082e-03,-2.014466151386e-03
"                2033",7.009282937511e-01,2.516697514647e-01,-1.242708862558e-01,7.023387163668e-01,2.476300717889e-01,-1.262886590335e-01,1.410422615648e-03,-4.039679675725e-03,-2.017772777705e-03
"                2034",7.767152590955e-01,1.830311795382e-01,-1.181654373498e-01,7.793441973323e-01,1.782166750329e-01,-1.201751803815e-01,2.628938236820e-03,-4.814504505311e-03,-2.009743031663e-03
"                2035",8.547288340125e-01,1.149122474753e-01,-1.134250254040e-01,8.586171905586e-01,1.090746496141e-01,-1.154118918587e-01,3.888356546146e-03,-5.837597861153e-03,-1.986866454686e-03
"                2036",9.240734636108e-01,5.269388184900e-02,-1.106483486077e-01,9.291813136723e-01,4.566339898856e-02,-1.125956376983e-01,5.107850061535e-03,-7.030482860435e-03,-1.947289090523e-03
"                2037",9.747115506265e-01,-9.116569282625e-03,-1.090332538349e-01,9.809738488399e-01,-1.741993756168e-02,-1.109299784589e-01,6.262298213339e-03,-8.303368279059e-03,-1.896724623968e-03
"                2038",1.004837130492e+00,-7.561734268072e-02,-1.074373369061e-01,1.012129472950e+00,-8.521197183943e-02,-1.092773293962e-01,7.292342458179e-03,-9.594629158711e-03,-1.839992490094e-03
"                2039",1.026907541285e+00,-1.359785274932e-01,-1.049016569095e-01,1.035063331773e+00,-1.468179815296e-01,-1.066817138669e-01,8.155790487539e-03,-1.083945403636e-02,-1.780056957470e-03
"                2040",1.048361482622e+00,-1.914923634759e-01,-1.016574899498e-01,1.057171606098e+00,-2.034724260770e-01,-1.033709409247e-01,8.810123475586e-03,-1.198006260115e-02,-1.713450974849e-03
"                2041",1.071179581228e+00,-2.380513049767e-01,-9.862323148555e-02,1.080429319112e+00,-2.510012097957e-01,-1.002667576007e-01,9.249737884281e-03,-1.294990481896e-02,-1.643526115187e-03
"                2042",1.079231317634e+00,-2.815994549397e-01,-9.592296612819e-02,1.088662156701e+00,-2.953250512230e-01,-9.750055330723e-02,9.430839067098e-03,-1.372559628323e-02,-1.577587179044e-03
"                2043",1.060364129544e+00,-3.200650448709e-01,-9.476017081627e-02,1.069662401760e+00,-3.343935452281e-01,-9.627749822394e-02,9.298272216803e-03,-1.432850035716e-02,-1.517327407667e-03
"                2044",1.019236611163e+00,-3.381397553975e-01,-9.612011842408e-02,1.028090793110e+00,-3.528762793767e-01,-9.758270797413e-02,8.854181946452e-03,-1.473652397921e-02,-1.462589550048e-03
"                2045",9.605026807985e-01,-3.402690796154e-01,-1.001885356373e-01,9.686872208470e-01,-3.551892750242e-01,-1.016086205445e-01,8.184540048450e-03,-1.492019540886e-02,-1.420084907129e-03
"                2046",9.050296203944e-01,-3.283534951216e-01,-1.062412642915e-01,9.123406199754e-01,-3.432231472642e-01,-1.076337640157e-01,7.310999580962e-03,-1.486965214265e-02,-1.392499724149e-03
"                2047",8.544680175239e-01,-2.981740297737e-01,-1.127870546539e-01,8.607558797334e-01,-3.127836776844e-01,-1.141672305019e-01,6.287862209496e-03,-1.460964791068e-02,-1.380175847959e-03
"                2048",8.104215988216e-01,-2.523739123947e-01,-1.191981231520e-01,8.156009592916e-01,-2.665271383389e-01,-1.205815782765e-01,5.179360469973e-03,-1.415322594420e-02,-1.383455124566e-03
"                2049",7.680695934693e-01,-1.920540631994e-01,-1.246951110693e-01,7.721607216013e-01,-2.055160722166e-01,-1.260984226670e-01,4.091128132044e-03,-1.346200901719e-02,-1.403311597660e-03
"                2050",7.245525562106e-01,-1.183379950842e-01,-1.282152250730e-01,7.275919988061e-01,-1.309215694051e-01,-1.296528768028e-01,3.039442595470e-03,-1.258357432090e-02,-1.437651729769e-03
"                2051",6.806351833707e-01,-3.945920519178e-02,-1.297425111975e-01,6.826924972403e-01,-5.102948205755e-02,-1.312297425238e-01,2.057313869593e-03,-1.157027686578e-02,-1.487231326337e-03
"                2052",6.380954352036e-01,2.681426366742e-02,-1.304182359348e-01,6.392922737805e-01,1.639840048281e-02,-1.319681205901e-01,1.196838576862e-03,-1.041586318461e-02,-1.549884655273e-03
"                2053",5.961630124543e-01,7.685819817252e-02,-1.313290872515e-01,5.966227759560e-01,6.768799154981e-02,-1.329549691462e-01,4.597635016521e-04,-9.170206622703e-03,-1.625881894670e-03
"                2054",5.667543667005e-01,1.286175437433e-01,-1.333123785458e-01,5.666067808123e-01,1.207383578204e-01,-1.350249896777e-01,-1.475858882621e-04,-7.879185922922e-03,-1.712611131967e-03
"                2055",5.444601561750e-01,1.878244882891e-01,-1.359078588764e-01,5.438271620514e-01,1.811872623806e-01,-1.377093125981e-01,-6.329941235813e-04,-6.637225908458e-03,-1.801453721676e-03
"                2056",5.302026709891e-01,2.472002749638e-01,-1.384066804726e-01,5.292285831809e-01,2.416885794112e-01,-1.402915581986e-01,-9.740878082058e-04,-5.511695552566e-03,-1.884877726042e-03
"                2057",5.315400074086e-01,2.993714595407e-01,-1.400723681775e-01,5.304630464535e-01,2.948468179014e-01,-1.420326124532e-01,-1.076960955073e-03,-4.524641639387e-03,-1.960244275671e-03
"                2058",5.488635291372e-01,3.442766649800e-01,-1.410659273805e-01,5.479313688849e-01,3.405114050955e-01,-1.430860497820e-01,-9.321602523458e-04,-3.765259884433e-03,-2.020122401491e-03
"                2059",5.878983129821e-01,3.669931516041e-01,-1.406140940812e-01,5.873196229946e-01,3.637556006965e-01,-1.426763064531e-01,-5.786899875017e-04,-3.237550907636e-03,-2.062212371880e-03
"                2060",6.340304375916e-01,3.686024842535e-01,-1.378575768698e-01,6.340469141388e-01,3.656225603430e-01,-1.399511817355e-01,1.647654724721e-05,-2.979923910500e-03,-2.093604865777e-03
"                2061",6.793862792366e-01,3.442042038862e-01,-1.329269553117e-01,6.801985952910e-01,3.411871707855e-01,-1.350418879412e-01,8.123160543696e-04,-3.017033100690e-03,-2.114932629481e-03
"                2062",7.196431110903e-01,2.954615911064e-01,-1.269812589231e-01,7.214086114440e-01,2.920686729910e-01,-1.291046133146e-01,1.765500353742e-03,-3.392918115361e-03,-2.123354391544e-03
"                2063",7.713603159867e-01,2.343622702935e-01,-1.211252966666e-01,7.741828998949e-01,2.302988307662e-01,-1.232368573626e-01,2.822583908217e-03,-4.063439527299e-03,-2.111560695976e-03
"                2064",8.403215847706e-01,1.654333206837e-01,-1.167536393690e-01,8.442389005234e-01,1.604655471985e-01,-1.188330624538e-01,3.917315752806e-03,-4.967773485228e-03,-2.079423084864e-03
"                2065",9.191663249169e-01,9.637874171706e-02,-1.141295214825e-01,9.241708219969e-01,9.029385388226e-02,-1.161578855678e-01,5.004497079937e-03,-6.084887834801e-03,-2.028364085254e-03
"                2066",9.838299446644e-01,3.470101193280e-02,-1.126960294661e-01,9.898723140732e-01,2.737583005210e-02,-1.146593495942e-01,6.042369408846e-03,-7.325181880700e-03,-1.963320128183e-03
"                2067",1.020342054926e+00,-2.285182651671e-02,-1.114124609087e-01,1.027339118437e+00,-3.147187695990e-02,-1.133026474954e-01,6.997063511342e-03,-8.620050443181e-03,-1.890186586694e-03
"                2068",1.030092865452e+00,-8.220037104130e-02,-1.097318106871e-01,1.037919251702e+00,-9.208731895886e-02,-1.115448099434e-01,7.826386250239e-03,-9.886947917567e-03,-1.812999256312e-03
"                2069",1.032520389080e+00,-1.409402489029e-01,-1.073576482781e-01,1.040996616625e+00,-1.520055470086e-01,-1.090871284925e-01,8.476227545218e-03,-1.106529810575e-02,-1.729480214414e-03
"                2070",1.034852689190e+00,-1.949930623444e-01,-1.038055818650e-01,1.043777071550e+00,-2.071224678692e-01,-1.054491589839e-01,8.924382360397e-03,-1.212940552488e-02,-1.643577118867e-03
"                2071",1.038220383553e+00,-2.404702618116e-01,-9.983768217229e-02,1.047357640523e+00,-2.534998224285e-01,-1.013946700152e-01,9.137256969488e-03,-1.302956061684e-02,-1.556987842878e-03
"                2072",1.038202822538e+00,-2.788777902256e-01,-9.719047424110e-02,1.047283091501e+00,-2.926312036412e-01,-9.866570315667e-02,9.080268963014e-03,-1.375341341557e-02,-1.475228915571e-03
"                2073",1.019366932851e+00,-3.088013061882e-01,-9.743716618568e-02,1.028133432972e+00,-3.231227535421e-01,-9.884135101250e-02,8.766500121228e-03,-1.432144735398e-02,-1.404184826824e-03
"                2074",9.831887296578e-01,-3.303457900284e-01,-1.008475315605e-01,9.913878055086e-01,-3.450266688293e-01,-1.021934309816e-01,8.199075850769e-03,-1.468087880085e-02,-1.345899421115e-03
"                2075",9.315160701027e-01,-3.428608321320e-01,-1.060243604613e-01,9.389450818103e-01,-3.576823762839e-01,-1.073287023619e-01,7.429011707605e-03,-1.482154415194e-02,-1.304341900609e-03
"                2076",8.864031226073e-01,-3.324864098666e-01,-1.117452524750e-01,8.929254688792e-01,-3.472461751769e-01,-1.130311971308e-01,6.522346271906e-03,-1.475976531022e-02,-1.285944655817e-03
"                2077",8.471105585264e-01,-2.946782434214e-01,-1.173065744368e-01,8.526720670364e-01,-3.091758325701e-01,-1.185976300813e-01,5.561508509992e-03,-1.449758914868e-02,-1.291055644528e-03
"                2078",8.104695407711e-01,-2.394980466873e-01,-1.221908395571e-01,8.150545826178e-01,-2.535398283423e-01,-1.235076371907e-01,4.585041846644e-03,-1.404178165499e-02,-1.316797633667e-03
"                2079",7.687936496843e-01,-1.760931537972e-01,-1.253846079485e-01,7.724598532666e-01,-1.894341303190e-01,-1.267457945001e-01,3.666203582249e-03,-1.334097652176e-02,-1.361186551666e-03
"                2080",7.278216569319e-01,-1.076037776855e-01,-1.265095774694e-01,7.306575160392e-01,-1.200439987669e-01,-1.279323316537e-01,2.835859107273e-03,-1.244022108132e-02,-1.422754184273e-03
"                2081",6.865965500984e-01,-3.500831277911e-02,-1.262183036067e-01,6.887044038156e-01,-4.639125223875e-02,-1.277225482520e-01,2.107853717156e-03,-1.138293945964e-02,-1.504244645279e-03
"                2082",6.541458544668e-01,3.402985481259e-02,-1.260082603977e-01,6.556353806040e-01,2.386099142517e-02,-1.276069876125e-01,1.489526137136e-03,-1.016886338741e-02,-1.598727214871e-03
"                2083",6.291284048081e-01,9.504661804682e-02,-1.268900260807e-01,6.300887539732e-01,8.616911750404e-02,-1.285901578325e-01,9.603491651500e-04,-8.877500542787e-03,-1.700131751865e-03
"                2084",6.177674093968e-01,1.507431628130e-01,-1.289277859363e-01,6.182897540220e-01,1.431844262964e-01,-1.307301770343e-01,5.223446251905e-04,-7.558736516570e-03,-1.802391098004e-03
"                2085",6.155238549945e-01,2.092500362893e-01,-1.316019449684e-01,6.157440315464e-01,2.029402326528e-01,-1.335029235897e-01,2.201765519612e-04,-6.309803636485e-03,-1.900978621293e-03
"                2086",6.207636486733e-01,2.680704144040e-01,-1.351567233554e-01,6.208438820137e-01,2.629065736232e-01,-1.371484902225e-01,8.023334038926e-05,-5.163840780783e-03,-1.991766867194e-03
"                2087",6.364129800273e-01,3.215412452910e-01,-1.384695640095e-01,6.365252249791e-01,3.173523388290e-01,-1.405338803145e-01,1.122449517506e-04,-4.188906461938e-03,-2.064316304996e-03
"                2088",6.546363070724e-01,3.620344627619e-01,-1.396560060203e-01,6.550074821526e-01,3.585797786939e-01,-1.417797238666e-01,3.711750802310e-04,-3.454684068046e-03,-2.123717846373e-03
"                2089",6.775733606944e-01,3.781904151595e-01,-1.378978902026e-01,6.784235236680e-01,3.752052437186e-01,-1.400678219857e-01,8.501629735974e-04,-2.985171440946e-03,-2.169931783108e-03
"                2090",7.001512928177e-01,3.708913484512e-01,-1.339663287214e-01,7.016621815289e-01,3.680676588253e-01,-1.361672054203e-01,1.510888711213e-03,-2.823689625896e-03,-2.200876698980e-03
"                2091",7.255271774757e-01,3.394557036422e-01,-1.291961704149e-01,7.278019312617e-01,3.364548186491e-01,-1.314060959922e-01,2.274753785974e-03,-3.000884993077e-03,-2.209925577302e-03
"                2092",7.579157044642e-01,2.901712326119e-01,-1.246504487486e-01,7.610258610061e-01,2.866582031331e-01,-1.268457891453e-01,3.110156541854e-03,-3.513029478867e-03,-2.195340396759e-03
"                2093",8.074224232097e-01,2.281610396584e-01,-1.209086014564e-01,8.114248885591e-01,2.238687017753e-01,-1.230659090881e-01,4.002465349341e-03,-4.292337883117e-03,-2.157307631658e-03
"                2094",8.756887481041e-01,1.572329973486e-01,-1.181445297937e-01,8.805909846571e-01,1.519544421099e-01,-1.202431261104e-01,4.902236552990e-03,-5.278555238740e-03,-2.098596316708e-03
"                2095",9.468851557505e-01,9.059938301704e-02,-1.162568486817e-01,9.526660602347e-01,8.416343602497e-02,-1.182810437621e-01,5.780904484158e-03,-6.435946992065e-03,-2.024195080438e-03
"                2096",9.940462613354e-01,3.423215961276e-02,-1.149842987094e-01,1.000667713361e+00,2.655499805971e-02,-1.169229713701e-01,6.621452025806e-03,-7.677161553043e-03,-1.938672660653e-03
"                2097",1.010350046142e+00,-2.562579118596e-02,-1.138643969380e-01,1.017715457028e+00,-3.456618602920e-02,-1.157083315478e-01,7.365410885834e-03,-8.940394843244e-03,-1.843934609821e-03
"                2098",1.003863273991e+00,-8.828089367451e-02,-1.119407606735e-01,1.011840509593e+00,-9.843334212577e-02,-1.136872672494e-01,7.977235602012e-03,-1.015244845127e-02,-1.746506575872e-03
"                2099",9.889853626946e-01,-1.500428882755e-01,-1.084938615252e-01,9.973859378514e-01,-1.613222133910e-01,-1.101402105211e-01,8.400575156861e-03,-1.127932511547e-02,-1.646348995824e-03
"                2100",9.827379958915e-01,-2.028500424798e-01,-1.045026919792e-01,9.913426260461e-01,-2.151479394245e-01,-1.060483132855e-01,8.604630154577e-03,-1.229789694464e-02,-1.545621306337e-03
"                2101",9.854308733516e-01,-2.434621090517e-01,-1.015752836205e-01,9.940377126293e-01,-2.566203752426e-01,-1.030236090166e-01,8.606839277710e-03,-1.315826619092e-02,-1.448325396156e-03
"                2102",9.878996090038e-01,-2.865678070985e-01,-1.009813655634e-01,9.963150003760e-01,-3.004114642860e-01,-1.023444374998e-01,8.415391372267e-03,-1.384365718753e-02,-1.363071936417e-03
"                2103",9.727709125902e-01,-3.271003730954e-01,-1.027383397323e-01,9.807589634243e-01,-3.414774583555e-01,-1.040297874152e-01,7.988050834158e-03,-1.437708526007e-02,-1.291447682893e-03
"                2104",9.442522765487e-01,-3.554899543211e-01,-1.064113932722e-01,9.516161645989e-01,-3.702076309374e-01,-1.076499800408e-01,7.363888050201e-03,-1.471767661629e-02,-1.238586768546e-03
"                2105",9.058105459195e-01,-3.627981809949e-01,-1.110823360672e-01,9.124328484560e-01,-3.776410927097e-01,-1.122940314877e-01,6.622302536455e-03,-1.484291171480e-02,-1.211695420529e-03
"                2106",8.705799023585e-01,-3.400665093119e-01,-1.157506578243e-01,8.764009645547e-01,-3.548370067368e-01,-1.169650386318e-01,5.821062196201e-03,-1.477049742496e-02,-1.214380807474e-03
"                2107",8.368302913955e-01,-2.923237428715e-01,-1.193983283013e-01,8.418479949340e-01,-3.068202594850e-01,-1.206417464671e-01,5.017703538500e-03,-1.449651661346e-02,-1.243418165763e-03
"                2108",8.015998083509e-01,-2.353748919046e-01,-1.216853178482e-01,8.058501831065e-01,-2.493704859616e-01,-1.229810736487e-01,4.250374755613e-03,-1.399559405706e-02,-1.295755800507e-03
"                2109",7.608191828261e-01,-1.723376816884e-01,-1.224621311731e-01,7.644057659441e-01,-1.855686570713e-01,-1.238334457040e-01,3.586583118015e-03,-1.323097538290e-02,-1.371314530897e-03
"                2110",7.281212611903e-01,-1.020017026013e-01,-1.222240244046e-01,7.311217017854e-01,-1.142624438958e-01,-1.236879209130e-01,3.000440595173e-03,-1.226074129445e-02,-1.463896508375e-03
"                2111",7.042454720609e-01,-2.362612027032e-02,-1.217851971586e-01,7.067482719396e-01,-3.475240414250e-02,-1.233582022366e-01,2.502799878650e-03,-1.112628387218e-02,-1.573005077956e-03
"                2112",6.858182225656e-01,4.773387863654e-02,-1.218290603094e-01,6.878859616351e-01,3.787051403162e-02,-1.235145084252e-01,2.067739069484e-03,-9.863364604917e-03,-1.685448115859e-03
"                2113",6.756437044887e-01,1.109964503071e-01,-1.227645258461e-01,6.773641975214e-01,1.024577344212e-01,-1.245619411333e-01,1.720493032679e-03,-8.538715885884e-03,-1.797415287203e-03
"                2114",6.788984894995e-01,1.720205299016e-01,-1.255163326707e-01,6.803934725273e-01,1.648200815342e-01,-1.274249320190e-01,1.494983027799e-03,-7.200448367461e-03,-1.908599348252e-03
"                2115",6.929982205707e-01,2.349062125702e-01,-1.301096379409e-01,6.943512102916e-01,2.289647687534e-01,-1.321149889024e-01,1.352989720812e-03,-5.941443816789e-03,-2.005350961507e-03
"                2116",7.053271189671e-01,2.943724156011e-01,-1.344435835730e-01,7.066530569607e-01,2.895658340127e-01,-1.365370723971e-01,1.325937993521e-03,-4.806581588395e-03,-2.093488824084e-03
"                2117",7.096374545589e-01,3.435796252462e-01,-1.365195026408e-01,7.111260988695e-01,3.396943558042e-01,-1.386888643620e-01,1.488644310654e-03,-3.885269441918e-03,-2.169361721107e-03
"                2118",7.056343680200e-01,3.757242608743e-01,-1.359475278194e-01,7.074541957363e-01,3.724805624083e-01,-1.381770622199e-01,1.819827716313e-03,-3.243698466004e-03,-2.229534400535e-03
"                2119",7.050096202544e-01,3.871601800034e-01,-1.337208635410e-01,7.072978956145e-01,3.842550196359e-01,-1.359873141877e-01,2.288275360154e-03,-2.905160367551e-03,-2.266450646659e-03
"                2120",7.158194451819e-01,3.789265776158e-01,-1.308197587880e-01,7.186544447538e-01,3.760487030951e-01,-1.330964930050e-01,2.834999571862e-03,-2.877874520681e-03,-2.276734217009e-03
"                2121",7.388133867584e-01,3.457578604883e-01,-1.280737760590e-01,7.422474875150e-01,3.425699987359e-01,-1.303324836840e-01,3.434100756575e-03,-3.187861752447e-03,-2.258707624999e-03
"                2122",7.718456353696e-01,2.944411078189e-01,-1.254355859034e-01,7.759286022827e-01,2.906508014980e-01,-1.276531733448e-01,4.082966913053e-03,-3.790306320850e-03,-2.217587441389e-03
"                2123",8.175538728029e-01,2.295369565091e-01,-1.228268380108e-01,8.223204410047e-01,2.249121340066e-01,-1.249813732269e-01,4.766568201788e-03,-4.624822502440e-03,-2.154535216129e-03
"                2124",8.745775072899e-01,1.584818370123e-01,-1.204620710379e-01,8.800478472363e-01,1.528338269006e-01,-1.225370151013e-01,5.470339946418e-03,-5.648010111671e-03,-2.074944063435e-03
"                2125",9.290394535325e-01,9.174612623347e-02,-1.188257425590e-01,9.351745960374e-01,8.494276977234e-02,-1.208043316024e-01,6.135142504846e-03,-6.803356461129e-03,-1.978589043410e-03
"                2126",9.585101137580e-01,3.051602291033e-02,-1.176455421986e-01,9.652672345609e-01,2.251427455506e-02,-1.195172887587e-01,6.757120802916e-03,-8.001748355276e-03,-1.871746560020e-03
"                2127",9.559831653186e-01,-3.206609665436e-02,-1.156469210286e-01,9.632638814433e-01,-4.128298141559e-02,-1.174084616349e-01,7.280716124613e-03,-9.216884761233e-03,-1.761540606210e-03
"                2128",9.382838191177e-01,-9.391529078091e-02,-1.126920325620e-01,9.459293733277e-01,-1.043135183162e-01,-1.143426753275e-01,7.645554209987e-03,-1.039822753531e-02,-1.650642765535e-03
"                2129",9.221609117892e-01,-1.553712343390e-01,-1.096412342539e-01,9.299899748231e-01,-1.668761134207e-01,-1.111789733845e-01,7.829063033953e-03,-1.150487908163e-02,-1.537739130626e-03
"                2130",9.189427895399e-01,-2.151999078194e-01,-1.074369928586e-01,9.268125324854e-01,-2.276925611870e-01,-1.088693122982e-01,7.869742945542e-03,-1.249265336763e-02,-1.432319439635e-03
"                2131",9.264371214179e-01,-2.696237459607e-01,-1.063941301000e-01,9.341809102827e-01,-2.829319226287e-01,-1.077300960618e-01,7.743788864832e-03,-1.330817666799e-02,-1.335965961787e-03
"                2132",9.322928685785e-01,-3.212972878409e-01,-1.067277853233e-01,9.397488986637e-01,-3.352744092379e-01,-1.079817388741e-01,7.456030085182e-03,-1.397712139705e-02,-1.253953550833e-03
"                2133",9.262934944677e-01,-3.560889595488e-01,-1.084630062045e-01,9.333126646220e-01,-3.705844188601e-01,-1.096561612783e-01,7.019170154234e-03,-1.449545931128e-02,-1.193155073871e-03
"                2134",9.056415257407e-01,-3.682826750879e-01,-1.112266550116e-01,9.121282200077e-01,-3.830993598448e-01,-1.123876531271e-01,6.486694267025e-03,-1.481668475688e-02,-1.160998115545e-03
"                2135",8.701239756158e-01,-3.633434279332e-01,-1.140985933829e-01,8.760147920585e-01,-3.782648926733e-01,-1.152569429751e-01,5.890816442732e-03,-1.492146474017e-02,-1.158349592130e-03
"                2136",8.332627537447e-01,-3.351455023383e-01,-1.161980813886e-01,8.385486389657e-01,-3.499546593891e-01,-1.173867265150e-01,5.285885220980e-03,-1.480915705086e-02,-1.188645126391e-03
"                2137",8.026660641340e-01,-2.880129694807e-01,-1.174593004701e-01,8.073846852501e-01,-3.024878396932e-01,-1.187056485851e-01,4.718621116092e-03,-1.447487021247e-02,-1.246348115004e-03
"                2138",7.733622253177e-01,-2.253393180945e-01,-1.177895424310e-01,7.775755348568e-01,-2.392179339081e-01,-1.191217473831e-01,4.213309539110e-03,-1.387861581355e-02,-1.332204952082e-03
"                2139",7.494501223414e-01,-1.537918754966e-01,-1.178304462371e-01,7.532390112408e-01,-1.668114761192e-01,-1.192670242784e-01,3.788888899470e-03,-1.301960062262e-02,-1.436578041271e-03
"                2140",7.328913448758e-01,-7.722118617517e-02,-1.175171772976e-01,7.363074809384e-01,-8.919920007348e-02,-1.190685650196e-01,3.416136062575e-03,-1.197801389831e-02,-1.551387722031e-03
"                2141",7.242995732842e-01,3.311343499732e-03,-1.171600336319e-01,7.274005857377e-01,-7.468849325940e-03,-1.188295496122e-01,3.101012453500e-03,-1.078019282567e-02,-1.669515980336e-03
"                2142",7.185052821723e-01,8.039465674753e-02,-1.178141440209e-01,7.213876584946e-01,7.092204137141e-02,-1.196053604381e-01,2.882376322294e-03,-9.472615376117e-03,-1.791216417138e-03
"                2143",7.201240089451e-01,1.518547855315e-01,-1.207628596521e-01,7.228508716774e-01,1.437372059258e-01,-1.226678798005e-01,2.726862732319e-03,-8.117579605700e-03,-1.905020148381e-03
"                2144",7.331564527648e-01,2.170698855629e-01,-1.250758977013e-01,7.357704198848e-01,2.102943781150e-01,-1.270863112617e-01,2.613967119997e-03,-6.775507447884e-03,-2.010413560356e-03
"                2145",7.448894071006e-01,2.747158288968e-01,-1.290617926158e-01,7.474858781665e-01,2.691776017303e-01,-1.311691286496e-01,2.596471065908e-03,-5.538227166446e-03,-2.107336033847e-03
"                2146",7.433035781707e-01,3.253156516258e-01,-1.315616566274e-01,7.459807532972e-01,3.208479108894e-01,-1.337567794967e-01,2.677175126535e-03,-4.467740736395e-03,-2.195122869313e-03
"                2147",7.257879689849e-01,3.684687348530e-01,-1.326265929460e-01,7.286443162512e-01,3.648093712638e-01,-1.348904622228e-01,2.856347266279e-03,-3.659363589239e-03,-2.263869276784e-03
"                2148",7.060405374390e-01,3.981078049282e-01,-1.324762086652e-01,7.091491975708e-01,3.949626218968e-01,-1.347833874019e-01,3.108660131776e-03,-3.145183031443e-03,-2.307178736639e-03
"                2149",6.989353461131e-01,4.063939682697e-01,-1.319569280805e-01,7.023492592848e-01,4.034560877210e-01,-1.342751706421e-01,3.413913171737e-03,-2.937880548732e-03,-2.318242561582e-03
"                2150",7.112199524939e-01,3.920386031846e-01,-1.310792865216e-01,7.149864344073e-01,3.890254325510e-01,-1.333810309272e-01,3.766481913487e-03,-3.013170633636e-03,-2.301744405612e-03
"                2151",7.335296871605e-01,3.550600408747e-01,-1.295914707042e-01,7.376873877331e-01,3.516637849769e-01,-1.318496487060e-01,4.157700572629e-03,-3.396255897779e-03,-2.258178001768e-03
"                2152",7.588430273527e-01,2.997343718424e-01,-1.274895170064e-01,7.634505618823e-01,2.956899747618e-01,-1.296835742295e-01,4.607534529512e-03,-4.044397080636e-03,-2.194057223013e-03
"                2153",7.877814963111e-01,2.309736239054e-01,-1.251511354269e-01,7.928565877781e-01,2.260832731629e-01,-1.272596999339e-01,5.075091467072e-03,-4.890350742467e-03,-2.108564507038e-03
"                2154",8.261420955992e-01,1.569569534231e-01,-1.230403664558e-01,8.317036657773e-01,1.510542748698e-01,-1.250479230753e-01,5.561570178019e-03,-5.902678553249e-03,-2.007556619535e-03
"                2155",8.591635527450e-01,8.764280338971e-02,-1.208311701599e-01,8.651686268494e-01,8.061758052650e-02,-1.227253366077e-01,6.005074104387e-03,-7.025222863214e-03,-1.894166447841e-03
"                2156",8.692344219134e-01,2.403713312722e-02,-1.184940824844e-01,8.756176732748e-01,1.582642379066e-02,-1.202678096068e-01,6.383251361413e-03,-8.210709336568e-03,-1.773727122402e-03
"                2157",8.599371617566e-01,-3.918996318254e-02,-1.164470474194e-01,8.665940846927e-01,-4.860845574171e-02,-1.180982437012e-01,6.656922936155e-03,-9.418492559178e-03,-1.651196281823e-03
"                2158",8.434277137614e-01,-1.043247223434e-01,-1.147179004381e-01,8.502655077329e-01,-1.149222116656e-01,-1.162523347571e-01,6.837793971514e-03,-1.059748932224e-02,-1.534434318962e-03
"                2159",8.324642201944e-01,-1.779519013857e-01,-1.133992516604e-01,8.393473957205e-01,-1.896376458526e-01,-1.148203380523e-01,6.883175526147e-03,-1.168574446690e-02,-1.421086391809e-03
"                2160",8.349126840948e-01,-2.468138208537e-01,-1.122650746415e-01,8.417142820403e-01,-2.594668450208e-01,-1.135831879959e-01,6.801597945458e-03,-1.265302416715e-02,-1.318113354442e-03
"                2161",8.500701018245e-01,-3.023635104331e-01,-1.115044749681e-01,8.566982249124e-01,-3.158290513761e-01,-1.127360709100e-01,6.628123087837e-03,-1.346554094299e-02,-1.231595941921e-03
"                2162",8.607835012070e-01,-3.413593480485e-01,-1.114352590261e-01,8.671798453241e-01,-3.554928451251e-01,-1.126044568083e-01,6.396344117154e-03,-1.413349707658e-02,-1.169197782160e-03
"                2163",8.567807550118e-01,-3.583461706609e-01,-1.119032638621e-01,8.628620141845e-01,-3.729901980136e-01,-1.130359746393e-01,6.081259172721e-03,-1.464402735269e-02,-1.132710777254e-03
"                2164",8.341193909061e-01,-3.648945416733e-01,-1.127065331471e-01,8.398376401994e-01,-3.798285954721e-01,-1.138322349836e-01,5.718249293234e-03,-1.493405379884e-02,-1.125701836505e-03
"                2165",7.998543125600e-01,-3.583562398271e-01,-1.133187650542e-01,8.051966125950e-01,-3.733295368591e-01,-1.144712447268e-01,5.342300034928e-03,-1.497329703193e-02,-1.152479672558e-03
"                2166",7.681678286949e-01,-3.235805531337e-01,-1.135132696512e-01,7.731639181144e-01,-3.383526819172e-01,-1.147284110406e-01,4.996089419453e-03,-1.477212878352e-02,-1.215141389385e-03
"                2167",7.511327715005e-01,-2.577218893151e-01,-1.134515505152e-01,7.558165509867e-01,-2.720489390049e-01,-1.147575931773e-01,4.683779486195e-03,-1.432704968983e-02,-1.306042662089e-03
"                2168",7.451661642671e-01,-1.836110701648e-01,-1.133068281725e-01,7.495751256010e-01,-1.972254684469e-01,-1.147221925032e-01,4.408961333902e-03,-1.361439828206e-02,-1.415364330686e-03
"                2169",7.472485934301e-01,-1.102108579489e-01,-1.133498167976e-01,7.514289470401e-01,-1.228842469154e-01,-1.148812181603e-01,4.180353609923e-03,-1.267338896646e-02,-1.531401362775e-03
"                2170",7.451524999449e-01,-3.234274926916e-02,-1.131634482714e-01,7.491820753146e-01,-4.390817071168e-02,-1.148195797719e-01,4.029575369633e-03,-1.156542144252e-02,-1.656131500467e-03
"                2171",7.439336250256e-01,5.246855002451e-02,-1.143018436719e-01,7.478726712792e-01,4.216123212156e-02,-1.160807000295e-01,3.939046253590e-03,-1.030731790296e-02,-1.778856357596e-03
"                2172",7.467825414669e-01,1.379813867744e-01,-1.169928667713e-01,7.506330413547e-01,1.290164296868e-01,-1.188867613753e-01,3.850499887768e-03,-8.964957087585e-03,-1.893894603943e-03
"                2173",7.525222398142e-01,2.116130155128e-01,-1.202652295100e-01,7.563421055418e-01,2.040127317262e-01,-1.222719039504e-01,3.819865727627e-03,-7.600283786562e-03,-2.006674440345e-03
"                2174",7.567085252447e-01,2.689354068691e-01,-1.232677632422e-01,7.605419854325e-01,2.626378998416e-01,-1.253808412353e-01,3.833460187824e-03,-6.297507027574e-03,-2.113077993052e-03
"                2175",7.495871460741e-01,3.171339893899e-01,-1.259194627026e-01,7.534617686065e-01,3.119932387131e-01,-1.281260683915e-01,3.874622532443e-03,-5.140750676833e-03,-2.206605688877e-03
"                2176",7.325713607839e-01,3.617873416835e-01,-1.283021295640e-01,7.364840425217e-01,3.575983294192e-01,-1.305796788134e-01,3.912681737810e-03,-4.189012264287e-03,-2.277549249423e-03
"                2177",7.071105514034e-01,4.027355964337e-01,-1.305020724322e-01,7.110671093403e-01,3.992173709606e-01,-1.328232268899e-01,3.956557936912e-03,-3.518225473111e-03,-2.321154457772e-03
"                2178",6.895220122554e-01,4.294725299118e-01,-1.322109633641e-01,6.935465335519e-01,4.263548793127e-01,-1.345469913715e-01,4.024521296503e-03,-3.117650599115e-03,-2.336028007454e-03
"                2179",6.835082379499e-01,4.346096908445e-01,-1.330449617537e-01,6.876274701794e-01,4.316153019938e-01,-1.353663990730e-01,4.119232229463e-03,-2.994388850687e-03,-2.321437319303e-03
"                2180",6.869998946556e-01,4.143065969701e-01,-1.324648585367e-01,6.912516205421e-01,4.111695303092e-01,-1.347459535293e-01,4.251725886493e-03,-3.137066660932e-03,-2.281094992530e-03
"                2181",6.899296430448e-01,3.718001275337e-01,-1.310233870681e-01,6.943674262087e-01,3.682482512375e-01,-1.332406032772e-01,4.437783163860e-03,-3.551876296122e-03,-2.217216209072e-03
"                2182",6.962867627306e-01,3.105962147931e-01,-1.291346081573e-01,7.009540841290e-01,3.064010797054e-01,-1.312656743164e-01,4.667321398438e-03,-4.195135087665e-03,-2.131066159077e-03
"                2183",7.072368347971e-01,2.356586841144e-01,-1.268130815690e-01,7.121503248096e-01,2.306280816905e-01,-1.288399802135e-01,4.913490012503e-03,-5.030602423919e-03,-2.026898644565e-03
"                2184",7.257853764458e-01,1.554408159778e-01,-1.238515663367e-01,7.309364710319e-01,1.493923402028e-01,-1.257618025179e-01,5.151094586117e-03,-6.048475774988e-03,-1.910236181138e-03
"                2185",7.426683768924e-01,8.072312334717e-02,-1.211737935914e-01,7.480082297506e-01,7.353891424088e-02,-1.229578557180e-01,5.339852858275e-03,-7.184209106291e-03,-1.784062126589e-03
"                2186",7.467934930966e-01,1.531191180514e-02,-1.196499046511e-01,7.523062470060e-01,6.918956067657e-03,-1.213061581108e-01,5.512753909444e-03,-8.392955737485e-03,-1.656253459705e-03
"                2187",7.400470692406e-01,-5.514929714792e-02,-1.193189264964e-01,7.456751786400e-01,-6.475586901252e-02,-1.208512698255e-01,5.628109399389e-03,-9.606571864598e-03,-1.532343329161e-03
"                2188",7.298138819282e-01,-1.294375759634e-01,-1.188425695340e-01,7.354802359522e-01,-1.402252889566e-01,-1.202592077418e-01,5.666354024011e-03,-1.078771299317e-02,-1.416638207809e-03
"                2189",7.253412153730e-01,-2.058077648317e-01,-1.179032718777e-01,7.309817154390e-01,-2.176972115012e-01,-1.192150037829e-01,5.640500066057e-03,-1.188944666947e-02,-1.311731905162e-03
"                2190",7.353591546821e-01,-2.694475720846e-01,-1.165682800711e-01,7.409357499393e-01,-2.823086539029e-01,-1.177942227519e-01,5.576595257139e-03,-1.286108181832e-02,-1.225942680745e-03
"                2191",7.547594665487e-01,-3.133892197543e-01,-1.151285158685e-01,7.602564326426e-01,-3.270650986942e-01,-1.162910925790e-01,5.496966093847e-03,-1.367587893988e-02,-1.162576710504e-03
"                2192",7.629971135886e-01,-3.382029549518e-01,-1.135537366459e-01,7.684129794114e-01,-3.525362551072e-01,-1.146793740212e-01,5.415865822818e-03,-1.433330015538e-02,-1.125637375258e-03
"                2193",7.569688281110e-01,-3.446167808945e-01,-1.119151487973e-01,7.622701494978e-01,-3.594027885067e-01,-1.130319345953e-01,5.301321386795e-03,-1.478600761216e-02,-1.116785797998e-03
"                2194",7.361536353445e-01,-3.455784529788e-01,-1.107009280561e-01,7.413374746137e-01,-3.605574318002e-01,-1.118441658048e-01,5.183839269176e-03,-1.497897882143e-02,-1.143237748687e-03
"                2195",7.143772119241e-01,-3.282401594310e-01,-1.101392157307e-01,7.194314853508e-01,-3.431448523996e-01,-1.113428876703e-01,5.054273426699e-03,-1.490469296864e-02,-1.203671939570e-03
"                2196",7.040281408063e-01,-2.788388017009e-01,-1.098290667870e-01,7.089732945455e-01,-2.934304744682e-01,-1.111232484005e-01,4.945153739214e-03,-1.459167276724e-02,-1.294181613434e-03
"                2197",7.139280205994e-01,-2.055450344177e-01,-1.097256613348e-01,7.187663847778e-01,-2.195803649045e-01,-1.111268072462e-01,4.838364178381e-03,-1.403533048678e-02,-1.401145911425e-03
"                2198",7.318984292819e-01,-1.254575923876e-01,-1.094312413581e-01,7.366880756557e-01,-1.386757063230e-01,-1.109510329882e-01,4.789646373790e-03,-1.321811393540e-02,-1.519791630068e-03
"                2199",7.483503704508e-01,-4.711616481755e-02,-1.100726069732e-01,7.531566263247e-01,-5.930918937361e-02,-1.117157290708e-01,4.806255873833e-03,-1.219302455606e-02,-1.643122097523e-03
"                2200",7.559815907980e-01,3.610282983230e-02,-1.118057624053e-01,7.608129304233e-01,2.508746694483e-02,-1.135692443795e-01,4.831339625293e-03,-1.101536288747e-02,-1.763481974221e-03
"                2201",7.567858094038e-01,1.179632636024e-01,-1.138603222819e-01,7.616620731928e-01,1.082467213027e-01,-1.157430502947e-01,4.876263789000e-03,-9.716542299754e-03,-1.882728012790e-03
"                2202",7.506689103259e-01,1.941082333890e-01,-1.157186098622e-01,7.556048151675e-01,1.857246718600e-01,-1.177182726994e-01,4.935904841593e-03,-8.383561529002e-03,-1.999662837182e-03
"                2203",7.394578094275e-01,2.587045099792e-01,-1.177181482931e-01,7.444523841869e-01,2.516314114734e-01,-1.198287547684e-01,4.994574759450e-03,-7.073098505772e-03,-2.110606475226e-03
"                2204",7.293475066703e-01,3.095395440557e-01,-1.204931374501e-01,7.343403252023e-01,3.036585940755e-01,-1.226959751845e-01,4.992818532041e-03,-5.880949980197e-03,-2.202837734468e-03
"                2205",7.160649975733e-01,3.502859523261e-01,-1.241784652176e-01,7.209875318155e-01,3.454472337116e-01,-1.264512780828e-01,4.922534242219e-03,-4.838718614523e-03,-2.272812865262e-03
"                2206",7.002940780761e-01,3.917463754027e-01,-1.281859186451e-01,7.050926124233e-01,3.877399836469e-01,-1.305003681348e-01,4.798534347201e-03,-4.006391755786e-03,-2.314449489691e-03
"                2207",6.764915644534e-01,4.301879391357e-01,-1.315952420077e-01,6.811319225690e-01,4.267619056768e-01,-1.339253528393e-01,4.640358115619e-03,-3.426033458968e-03,-2.330110831593e-03
"                2208",6.520485944483e-01,4.540893645380e-01,-1.336603734080e-01,6.565382782156e-01,4.509891740967e-01,-1.359796164199e-01,4.489683767302e-03,-3.100190441307e-03,-2.319243011957e-03
"                2209",6.282363342354e-01,4.560665986361e-01,-1.344128875050e-01,6.326100386587e-01,4.530469378663e-01,-1.366963623455e-01,4.373704423314e-03,-3.019660769810e-03,-2.283474840521e-03
"                2210",6.095955178624e-01,4.266800213858e-01,-1.340211399869e-01,6.138821923886e-01,4.234869162208e-01,-1.362424393555e-01,4.286674526163e-03,-3.193105165036e-03,-2.221299368672e-03
"                2211",5.921781201088e-01,3.724948037552e-01,-1.327554570244e-01,5.964306230897e-01,3.688817908414e-01,-1.348922357591e-01,4.252502980903e-03,-3.613012913885e-03,-2.136778734662e-03
"                2212",5.781560514582e-01,3.065033548682e-01,-1.300377922734e-01,5.823970356918e-01,3.022467050509e-01,-1.320735957163e-01,4.240984233592e-03,-4.256649817364e-03,-2.035803442911e-03
"                2213",5.719920578122e-01,2.256873698232e-01,-1.269637371548e-01,5.762116545613e-01,2.205677168384e-01,-1.288821077369e-01,4.219596749036e-03,-5.119652984879e-03,-1.918370582090e-03
"                2214",5.811129657065e-01,1.447817980512e-01,-1.246914029471e-01,5.853337298524e-01,1.386016364854e-01,-1.264827536116e-01,4.220764145963e-03,-6.180161565859e-03,-1.791350664471e-03
"                2215",5.934354849963e-01,6.253974486644e-02,-1.238521897304e-01,5.976755989435e-01,5.519815308814e-02,-1.255136979143e-01,4.240113947197e-03,-7.341591778305e-03,-1.661508183960e-03
"                2216",6.004022046241e-01,-1.754577741212e-02,-1.238608172054e-01,6.046664564549e-01,-2.611541015317e-02,-1.253959444542e-01,4.264251830760e-03,-8.569632741044e-03,-1.535127248830e-03
"                2217",6.006938566407e-01,-9.229408612595e-02,-1.239563025438e-01,6.049698860679e-01,-1.021045412248e-01,-1.253748774318e-01,4.276029427173e-03,-9.810455098835e-03,-1.418574887957e-03
"                2218",6.006018904586e-01,-1.593090184340e-01,-1.232024956537e-01,6.048968632298e-01,-1.703264194813e-01,-1.245199150341e-01,4.294972771129e-03,-1.101740104735e-02,-1.317419380450e-03
"                2219",6.047976363070e-01,-2.173256120113e-01,-1.215393173574e-01,6.091358156662e-01,-2.294604801847e-01,-1.227741974259e-01,4.338179359198e-03,-1.213486817349e-02,-1.234880068482e-03
"                2220",6.152745699507e-01,-2.675709062731e-01,-1.187332015785e-01,6.196779825232e-01,-2.806708550003e-01,-1.199089472191e-01,4.403412572516e-03,-1.309994872716e-02,-1.175745640640e-03
"                2221",6.296809203597e-01,-3.050929298541e-01,-1.152186948870e-01,6.341806180576e-01,-3.189759488073e-01,-1.163609799449e-01,4.499697697870e-03,-1.388301895329e-02,-1.142285057824e-03
"                2222",6.381753993197e-01,-3.225167684424e-01,-1.117615127112e-01,6.428124153725e-01,-3.369939049078e-01,-1.128984997537e-01,4.637016052747e-03,-1.447713646548e-02,-1.136987042453e-03
"                2223",6.424068869852e-01,-3.181205572306e-01,-1.090085500750e-01,6.471769326492e-01,-3.329505055845e-01,-1.101707730149e-01,4.770045664065e-03,-1.482994835393e-02,-1.162222939854e-03
"                2224",6.428352761337e-01,-3.044127120048e-01,-1.075915236435e-01,6.477212218495e-01,-3.193214864726e-01,-1.088108290848e-01,4.885945715740e-03,-1.490877446778e-02,-1.219305441311e-03
"                2225",6.458625382503e-01,-2.761349573395e-01,-1.070341184707e-01,6.508344007348e-01,-2.908599468743e-01,-1.083362926454e-01,4.971862484533e-03,-1.472498953489e-02,-1.302174174724e-03
"                2226",6.582317947140e-01,-2.137404067012e-01,-1.065531386678e-01,6.633062198132e-01,-2.280521550368e-01,-1.079563962854e-01,5.074425099209e-03,-1.431174833561e-02,-1.403257617560e-03
"                2227",6.858960983968e-01,-1.277846437857e-01,-1.066782270774e-01,6.911178676759e-01,-1.414242817128e-01,-1.081977241482e-01,5.221769279078e-03,-1.363963792707e-02,-1.519497070839e-03
"                2228",7.206423376071e-01,-3.899097240992e-02,-1.079979433151e-01,7.260343070921e-01,-5.172113675489e-02,-1.096349629187e-01,5.391969485005e-03,-1.273016434497e-02,-1.637019603543e-03
"                2229",7.474219292495e-01,3.843445727196e-02,-1.096290475437e-01,7.529793008004e-01,2.679390352418e-02,-1.113847020826e-01,5.557371550884e-03,-1.164055374778e-02,-1.755654538967e-03
"                2230",7.513308541827e-01,1.113207819907e-01,-1.106730667796e-01,7.570817328001e-01,1.008813832061e-01,-1.125495115075e-01,5.750878617389e-03,-1.043939878467e-02,-1.876444727880e-03
"                2231",7.337269222402e-01,1.779789971313e-01,-1.114848616607e-01,7.396407917936e-01,1.688160526669e-01,-1.134779772691e-01,5.913869553406e-03,-9.162944464399e-03,-1.993115608423e-03
"                2232",7.079346575263e-01,2.437072269431e-01,-1.131069601809e-01,7.139427562314e-01,2.358060401980e-01,-1.152070501362e-01,6.008098705110e-03,-7.901186745102e-03,-2.100089955229e-03
"                2233",6.865149324984e-01,3.027837743316e-01,-1.160303736447e-01,6.925002314765e-01,2.960917677944e-01,-1.182195267453e-01,5.985298978030e-03,-6.692006537190e-03,-2.189153100537e-03
"                2234",6.780214678399e-01,3.468800940299e-01,-1.204860013901e-01,6.838503145850e-01,3.412777593191e-01,-1.227386386763e-01,5.828846745098e-03,-5.602334710870e-03,-2.252637286208e-03
"                2235",6.708521258061e-01,3.836818706147e-01,-1.256679419486e-01,6.764152372272e-01,3.790393021532e-01,-1.279598176325e-01,5.563111421054e-03,-4.642568461508e-03,-2.291875683883e-03
"                2236",6.519184656125e-01,4.206007167811e-01,-1.302620778160e-01,6.571519956595e-01,4.167247209312e-01,-1.325670036266e-01,5.233530046981e-03,-3.875995849832e-03,-2.304925810541e-03
"                2237",6.111211047816e-01,4.563075250749e-01,-1.333513800684e-01,6.159830838787e-01,4.529733630798e-01,-1.356482856324e-01,4.861979097100e-03,-3.334161995070e-03,-2.296905564027e-03
"                2238",5.625658179666e-01,4.738683799007e-01,-1.351972707178e-01,5.670496535880e-01,4.708481298999e-01,-1.374596165184e-01,4.483835621492e-03,-3.020250000758e-03,-2.262345800663e-03
"                2239",5.161125226280e-01,4.637331499588e-01,-1.358476787692e-01,5.202415885120e-01,4.608050160183e-01,-1.380515267298e-01,4.129065883961e-03,-2.928133940529e-03,-2.203847960548e-03
"                2240",4.763004807329e-01,4.226375022101e-01,-1.347083112672e-01,4.800982610835e-01,4.195326897352e-01,-1.368317843484e-01,3.797780350646e-03,-3.104812474968e-03,-2.123473081178e-03
"                2241",4.402245310923e-01,3.598202940070e-01,-1.323378821218e-01,4.437152006112e-01,3.562740312733e-01,-1.343609593925e-01,3.490669518893e-03,-3.546262733682e-03,-2.023077270713e-03
"                2242",4.151610677787e-01,2.904923931460e-01,-1.301052095745e-01,4.183739288221e-01,2.862609120400e-01,-1.320129880671e-01,3.212861043380e-03,-4.231481105976e-03,-1.907778492566e-03
"                2243",4.042950962029e-01,2.009005934954e-01,-1.288792260998e-01,4.072918620538e-01,1.957516695438e-01,-1.306645615786e-01,2.996765850818e-03,-5.148923951626e-03,-1.785335478754e-03
"                2244",4.139386663506e-01,1.049831522242e-01,-1.286207142426e-01,4.167814042119e-01,9.872959526250e-02,-1.302790373534e-01,2.842737861311e-03,-6.253556961654e-03,-1.658323110790e-03
"                2245",4.303252845314e-01,1.269174431360e-02,-1.286993840116e-01,4.330654988058e-01,5.231237147875e-03,-1.302326041077e-01,2.740214274334e-03,-7.460507165724e-03,-1.533220096107e-03
"                2246",4.457214854192e-01,-6.747520428064e-02,-1.286072669435e-01,4.484353081606e-01,-7.621631432926e-02,-1.300274002954e-01,2.713822741330e-03,-8.741110048618e-03,-1.420133351929e-03
"                2247",4.534716657075e-01,-1.310172126544e-01,-1.277261378870e-01,4.562431240132e-01,-1.410470896483e-01,-1.290532796506e-01,2.771458305660e-03,-1.002987699393e-02,-1.327141763589e-03
"                2248",4.573989428545e-01,-1.894655592490e-01,-1.253935718501e-01,4.602954115478e-01,-2.007442831219e-01,-1.266464182529e-01,2.896468693327e-03,-1.127872387289e-02,-1.252846402755e-03
"                2249",4.601800724940e-01,-2.408028993869e-01,-1.216079590139e-01,4.632752611985e-01,-2.532037250646e-01,-1.228083527866e-01,3.095188704579e-03,-1.240082567773e-02,-1.200393772655e-03
"                2250",4.705495747095e-01,-2.840673815198e-01,-1.167478186097e-01,4.739146449378e-01,-2.973957263566e-01,-1.179219702057e-01,3.365070228294e-03,-1.332834483679e-02,-1.174151596070e-03
"                2251",4.904837912069e-01,-3.132405110875e-01,-1.120689537441e-01,4.941738980753e-01,-3.272957773269e-01,-1.132443594955e-01,3.690106868366e-03,-1.405526623932e-02,-1.175405751403e-03
"                2252",5.177204453793e-01,-3.150634404182e-01,-1.084541573321e-01,5.217764012742e-01,-3.296243259850e-01,-1.096575367002e-01,4.055955894863e-03,-1.456088556685e-02,-1.203379368111e-03
"                2253",5.441300866555e-01,-2.994026539758e-01,-1.060373097219e-01,5.485353252521e-01,-3.142108514888e-01,-1.072904682187e-01,4.405238596531e-03,-1.480819751303e-02,-1.253158496880e-03
"                2254",5.665968330189e-01,-2.731817268462e-01,-1.046322417598e-01,5.713200658107e-01,-2.879681153542e-01,-1.059568682679e-01,4.723232791752e-03,-1.478638850795e-02,-1.324626508080e-03
"                2255",5.905723413326e-01,-2.259314098541e-01,-1.039840224293e-01,5.956322210671e-01,-2.404310882950e-01,-1.054039578909e-01,5.059879734475e-03,-1.449967844089e-02,-1.419935461683e-03
"                2256",6.243145881273e-01,-1.490183950457e-01,-1.047246991285e-01,6.297211577534e-01,-1.630070944055e-01,-1.062500576042e-01,5.406569626062e-03,-1.398869935988e-02,-1.525358475686e-03
"                2257",6.682564741665e-01,-6.013237273406e-02,-1.062041588010e-01,6.739739240164e-01,-7.335372658009e-02,-1.078391569885e-01,5.717449849969e-03,-1.322135384603e-02,-1.634998187515e-03
"                2258",7.063524370901e-01,2.040695060244e-02,-1.071576721017e-01,7.124147781795e-01,8.159290101545e-03,-1.089085297611e-01,6.062341089329e-03,-1.224766050089e-02,-1.750857659386e-03
"                2259",7.189542105966e-01,8.618627503289e-02,-1.072861616939e-01,7.253285709837e-01,7.504015923853e-02,-1.091548468063e-01,6.374360387048e-03,-1.114611579436e-02,-1.868685112394e-03
"                2260",7.022597941603e-01,1.475167959319e-01,-1.075537108152e-01,7.088997308890e-01,1.375430897017e-01,-1.095359277238e-01,6.639936728702e-03,-9.973706230181e-03,-1.982216908601e-03
"                2261",6.695669607644e-01,2.057757121697e-01,-1.089976117587e-01,6.763325842956e-01,1.970077989043e-01,-1.110777950917e-01,6.765623531227e-03,-8.767913265417e-03,-2.080183333067e-03
"                2262",6.394006707134e-01,2.633693029984e-01,-1.124097210814e-01,6.461250976816e-01,2.557831232952e-01,-1.145693334231e-01,6.724426968130e-03,-7.586179703156e-03,-2.159612341686e-03
"                2263",6.202878994505e-01,3.198224804116e-01,-1.174493489313e-01,6.268008979349e-01,3.133746882365e-01,-1.196660001484e-01,6.512998484369e-03,-6.447792175093e-03,-2.216651217081e-03
"                2264",6.120099679200e-01,3.650726077269e-01,-1.231601694067e-01,6.181524437933e-01,3.596700913200e-01,-1.254101087920e-01,6.142475873289e-03,-5.402516406886e-03,-2.249939385373e-03
"                2265",5.953528763101e-01,4.008543738909e-01,-1.282429282994e-01,6.010065857509e-01,3.963791038733e-01,-1.305041570019e-01,5.653709440826e-03,-4.475270017560e-03,-2.261228702500e-03
"                2266",5.545943707624e-01,4.273421605820e-01,-1.321683525493e-01,5.596960694230e-01,4.236157865475e-01,-1.344185451768e-01,5.101698660630e-03,-3.726374034480e-03,-2.250192627570e-03
"                2267",4.930986278945e-01,4.495574635988e-01,-1.349311032049e-01,4.975913130452e-01,4.463756624560e-01,-1.371492606713e-01,4.492685150715e-03,-3.181801142752e-03,-2.218157466484e-03
"                2268",4.240666963963e-01,4.580759380166e-01,-1.360613612858e-01,4.279350206845e-01,4.552131397295e-01,-1.382250710913e-01,3.868324288186e-03,-2.862798287059e-03,-2.163709805505e-03
"                2269",3.574154909144e-01,4.428548485543e-01,-1.354593214707e-01,3.606492434003e-01,4.400574051329e-01,-1.375473391557e-01,3.233752485835e-03,-2.797443421386e-03,-2.088017685009e-03
"                2270",3.046817539268e-01,3.961747433618e-01,-1.341052864279e-01,3.073054524022e-01,3.931521836398e-01,-1.360981488806e-01,2.623698475388e-03,-3.022559722051e-03,-1.992862452689e-03
"                2271",2.664323414581e-01,3.245059050732e-01,-1.329853042121e-01,2.685410183017e-01,3.209831834274e-01,-1.348707882033e-01,2.108676843598e-03,-3.522721645762e-03,-1.885483991268e-03
"                2272",2.435107858790e-01,2.389876627801e-01,-1.328994021865e-01,2.451711188247e-01,2.347222439898e-01,-1.346668444448e-01,1.660332945693e-03,-4.265418790366e-03,-1.767442258278e-03
"                2273",2.398350865474e-01,1.403688079116e-01,-1.331233951567e-01,2.411410321007e-01,1.351155757724e-01,-1.347711755126e-01,1.305945553315e-03,-5.253232139203e-03,-1.647780355876e-03
"                2274",2.577242161550e-01,4.281907108944e-02,-1.331416636469e-01,2.588122248791e-01,3.639105555625e-02,-1.346735562128e-01,1.088008724173e-03,-6.428015533190e-03,-1.531892565892e-03
"                2275",2.836878476697e-01,-4.101948441424e-02,-1.326855886144e-01,2.847009961569e-01,-4.872063077251e-02,-1.341133954591e-01,1.013148487230e-03,-7.701146358279e-03,-1.427806844719e-03
"                2276",3.044239447060e-01,-1.119958872767e-01,-1.313286433837e-01,3.055053717691e-01,-1.210371658796e-01,-1.326705552402e-01,1.081427063125e-03,-9.041278602897e-03,-1.341911856578e-03
"                2277",3.117613464508e-01,-1.692643715021e-01,-1.283726798903e-01,3.130414560990e-01,-1.796345355355e-01,-1.296494309061e-01,1.280109648209e-03,-1.037016403344e-02,-1.276751015847e-03
"                2278",3.142817159768e-01,-2.210659046990e-01,-1.236741239478e-01,3.158769767496e-01,-2.326789949227e-01,-1.249074815283e-01,1.595260772805e-03,-1.161309022376e-02,-1.233357580575e-03
"                2279",3.249366720496e-01,-2.659121611683e-01,-1.181061196709e-01,3.269546801746e-01,-2.786033261962e-01,-1.193226241819e-01,2.018008125008e-03,-1.269116502792e-02,-1.216504511037e-03
"                2280",3.536179110302e-01,-2.921841592830e-01,-1.127187152082e-01,3.561389512439e-01,-3.057220181080e-01,-1.139443207201e-01,2.521040213698e-03,-1.353785882502e-02,-1.225605511882e-03
"                2281",3.926467451332e-01,-3.027115794807e-01,-1.084344023763e-01,3.957066904206e-01,-3.168892157521e-01,-1.096894079913e-01,3.059945287394e-03,-1.417763627140e-02,-1.255005614995e-03
"                2282",4.389685968421e-01,-2.945262922797e-01,-1.054364237827e-01,4.425881569397e-01,-3.091168864507e-01,-1.067360811583e-01,3.619560097649e-03,-1.459059417102e-02,-1.299657375619e-03
"                2283",4.836765719016e-01,-2.741357840850e-01,-1.031901887887e-01,4.878827829676e-01,-2.888677196604e-01,-1.045528354288e-01,4.206211065995e-03,-1.473193557541e-02,-1.362646640106e-03
"                2284",5.255986259713e-01,-2.340219104253e-01,-1.027875821272e-01,5.303767424855e-01,-2.486193026629e-01,-1.042304536064e-01,4.778116514195e-03,-1.459739223765e-02,-1.442871479153e-03
"                2285",5.688425277670e-01,-1.705248618309e-01,-1.038821131419e-01,5.741385049040e-01,-1.847494229144e-01,-1.054163068151e-01,5.295977136931e-03,-1.422456108344e-02,-1.534193673181e-03
"                2286",6.117534719570e-01,-9.034951231223e-02,-1.049282256420e-01,6.175616064091e-01,-1.039856946624e-01,-1.065656873750e-01,5.808134452067e-03,-1.363618235014e-02,-1.637461732959e-03
"                2287",6.479915124125e-01,-1.171765509316e-02,-1.049145181850e-01,6.542974186595e-01,-2.453733908115e-02,-1.066640148270e-01,6.305906247003e-03,-1.281968398799e-02,-1.749496641932e-03
"                2288",6.712229312393e-01,5.436496907406e-02,-1.041961537015e-01,6.779816771526e-01,4.251170188190e-02,-1.060567184325e-01,6.758745913286e-03,-1.185326719216e-02,-1.860564730966e-03
"                2289",6.690270036698e-01,1.096745048239e-01,-1.042034952166e-01,6.761013485601e-01,9.886625123717e-02,-1.061659043193e-01,7.074344890318e-03,-1.080825358674e-02,-1.962409102653e-03
"                2290",6.458257532417e-01,1.613678501010e-01,-1.059700027502e-01,6.530645059925e-01,1.516639715025e-01,-1.080183163872e-01,7.238752750813e-03,-9.703878598480e-03,-2.048313637020e-03
"                2291",6.142454639324e-01,2.180070843884e-01,-1.097223853279e-01,6.214467619696e-01,2.094454354690e-01,-1.118376320092e-01,7.201298037187e-03,-8.561648919455e-03,-2.115246681268e-03
"                2292",5.851901986964e-01,2.769699133124e-01,-1.147837279788e-01,5.921528426347e-01,2.695589617829e-01,-1.169483159881e-01,6.962643938307e-03,-7.410951529489e-03,-2.164588009267e-03
"                2293",5.583858964146e-01,3.353658797929e-01,-1.203408214004e-01,5.649240709907e-01,3.290687773417e-01,-1.225337867626e-01,6.538174576091e-03,-6.297102451191e-03,-2.192965362207e-03
"                2294",5.328382288291e-01,3.765548549154e-01,-1.256815114559e-01,5.388038700209e-01,3.713036081558e-01,-1.278846421863e-01,5.965641191853e-03,-5.251246759580e-03,-2.203130730344e-03
"                2295",4.987828895729e-01,4.012285082510e-01,-1.302662565877e-01,5.040510761099e-01,3.969129607698e-01,-1.324564996777e-01,5.268186536948e-03,-4.315547481190e-03,-2.190243090004e-03
"                2296",4.416825669915e-01,4.211555255728e-01,-1.334877373297e-01,4.461741437311e-01,4.175888543768e-01,-1.356437903396e-01,4.491576739654e-03,-3.566671196043e-03,-2.156053009887e-03
"                2297",3.647767391086e-01,4.368599742051e-01,-1.347989231895e-01,3.684032777981e-01,4.338214540460e-01,-1.369036371471e-01,3.626538689438e-03,-3.038520159177e-03,-2.104713957633e-03
"                2298",2.853958285999e-01,4.430283314791e-01,-1.350981252098e-01,2.881206441100e-01,4.402684058456e-01,-1.371328753457e-01,2.724815510117e-03,-2.759925633585e-03,-2.034750135929e-03
"                2299",2.149423561627e-01,4.251435183172e-01,-1.352883711918e-01,2.167951883029e-01,4.223840851578e-01,-1.372364813238e-01,1.852832140174e-03,-2.759433159458e-03,-1.948110131994e-03
"                2300",1.624488830781e-01,3.702044740742e-01,-1.359648661437e-01,1.635237766342e-01,3.671604598267e-01,-1.378145698337e-01,1.074893556070e-03,-3.044014247433e-03,-1.849703690019e-03
"                2301",1.349683467255e-01,2.860360109614e-01,-1.366239504492e-01,1.353823427395e-01,2.824301472604e-01,-1.383679183587e-01,4.139960140568e-04,-3.605863701004e-03,-1.743967909523e-03
"                2302",1.267707360673e-01,1.902720863316e-01,-1.369714390882e-01,1.266559487461e-01,1.858443173178e-01,-1.386058431165e-01,-1.147873211244e-04,-4.427769013800e-03,-1.634404028284e-03
"                2303",1.356792637667e-01,9.540428872400e-02,-1.369836905448e-01,1.352144427973e-01,8.989741975413e-02,-1.385155335894e-01,-4.648209693982e-04,-5.506868969866e-03,-1.531843044660e-03
"                2304",1.579373379251e-01,9.205085307116e-03,-1.362256420453e-01,1.573383552123e-01,2.443667834032e-03,-1.376660659021e-01,-5.989827128068e-04,-6.761417473084e-03,-1.440423856853e-03
"                2305",1.814726315911e-01,-6.519954424323e-02,-1.340262182491e-01,1.809365106389e-01,-7.329536025568e-02,-1.353910977584e-01,-5.361209522487e-04,-8.095816012449e-03,-1.364879509270e-03
"                2306",1.972508541655e-01,-1.323177402822e-01,-1.302955724063e-01,1.969692840879e-01,-1.417682088870e-01,-1.316064350796e-01,-2.815700776223e-04,-9.450468604796e-03,-1.310862673316e-03
"                2307",2.070273666137e-01,-1.878084584973e-01,-1.251023681515e-01,2.071659528346e-01,-1.985714876080e-01,-1.263837560262e-01,1.385862208937e-04,-1.076302911066e-02,-1.281387874699e-03
"                2308",2.246721654309e-01,-2.313709521169e-01,-1.192284877938e-01,2.253575421605e-01,-2.433236837306e-01,-1.205024972384e-01,6.853767296100e-04,-1.195273161369e-02,-1.274009444593e-03
"                2309",2.590722311016e-01,-2.610090338955e-01,-1.138305709974e-01,2.603996292758e-01,-2.739606566087e-01,-1.151204875301e-01,1.327398174202e-03,-1.295162271323e-02,-1.289916532671e-03
"                2310",3.074598763160e-01,-2.808641027756e-01,-1.092500744702e-01,3.094821280918e-01,-2.945806085668e-01,-1.105705140859e-01,2.022251775795e-03,-1.371650579121e-02,-1.320439615686e-03
"                2311",3.595987541168e-01,-2.838357404482e-01,-1.055595106379e-01,3.623734387564e-01,-2.981100951481e-01,-1.069233295263e-01,2.774684639581e-03,-1.427435469996e-02,-1.363818888397e-03
"                2312",4.173654496083e-01,-2.653743669303e-01,-1.035828546523e-01,4.209551026375e-01,-2.799654841652e-01,-1.050030391176e-01,3.589653029154e-03,-1.459111723497e-02,-1.420184465285e-03
"                2313",4.765526353786e-01,-2.315322908903e-01,-1.034365971044e-01,4.809316646379e-01,-2.461674611439e-01,-1.049205770802e-01,4.379029259293e-03,-1.463517025359e-02,-1.483979975848e-03
"                2314",5.311678968141e-01,-1.861199264678e-01,-1.039422773381e-01,5.362849168000e-01,-2.005388217009e-01,-1.055050848653e-01,5.117019985914e-03,-1.441889523306e-02,-1.562807527205e-03
"                2315",5.726126323080e-01,-1.253944940611e-01,-1.037176124972e-01,5.784399158282e-01,-1.393901924667e-01,-1.053744250694e-01,5.827283520273e-03,-1.399569840556e-02,-1.656812572163e-03
"                2316",6.016518281080e-01,-5.528633592856e-02,-1.028245671745e-01,6.081254793301e-01,-6.867290323329e-02,-1.045828112606e-01,6.473651222085e-03,-1.338656730473e-02,-1.758244086142e-03
"                2317",6.252824703245e-01,1.440508822245e-02,-1.020217371236e-01,6.322959381671e-01,1.815185897037e-03,-1.038782947549e-01,7.013467842555e-03,-1.258990232541e-02,-1.856557631336e-03
"                2318",6.416155393995e-01,7.669991123512e-02,-1.022221329810e-01,6.490125802328e-01,6.504271713060e-02,-1.041644177549e-01,7.397040833227e-03,-1.165719410452e-02,-1.942284773913e-03
"                2319",6.392185491353e-01,1.318843935801e-01,-1.041912725366e-01,6.467937880979e-01,1.212359506853e-01,-1.062048626607e-01,7.575238962678e-03,-1.064844289487e-02,-2.013590124033e-03
"                2320",6.151084073786e-01,1.812953339464e-01,-1.077834392256e-01,6.226651648228e-01,1.717364687269e-01,-1.098511218610e-01,7.556757444277e-03,-9.558865219466e-03,-2.067682635370e-03
"                2321",5.798163844062e-01,2.361065414613e-01,-1.124569513210e-01,5.871446513401e-01,2.276850790223e-01,-1.145624253948e-01,7.328266933859e-03,-8.421462438909e-03,-2.105474073776e-03
"                2322",5.361674977129e-01,3.010816958672e-01,-1.176806519690e-01,5.430714247055e-01,2.938280286782e-01,-1.198110218325e-01,6.903926992544e-03,-7.253667188984e-03,-2.130369863527e-03
"                2323",4.916923637774e-01,3.567605135565e-01,-1.231142660955e-01,4.979584179033e-01,3.506325074089e-01,-1.252470079862e-01,6.266054125953e-03,-6.128006147593e-03,-2.132741890773e-03
"                2324",4.515584231987e-01,3.858634037043e-01,-1.281191244551e-01,4.570262892403e-01,3.808005441938e-01,-1.302365871230e-01,5.467866041555e-03,-5.062859510558e-03,-2.117462667946e-03
"                2325",4.003199397699e-01,4.065521877864e-01,-1.314065332430e-01,4.048603268223e-01,4.024201226924e-01,-1.334904534145e-01,4.540387052416e-03,-4.132065093999e-03,-2.083920171500e-03
"                2326",3.318490279166e-01,4.257066790130e-01,-1.334595467646e-01,3.353508445635e-01,4.223033415069e-01,-1.354922124483e-01,3.501816646944e-03,-3.403337506152e-03,-2.032665683749e-03
"                2327",2.548477494520e-01,4.459344801216e-01,-1.348043336774e-01,2.572453714301e-01,4.429996174591e-01,-1.367722987353e-01,2.397621978083e-03,-2.934862662463e-03,-1.967965057928e-03
"                2328",1.780928096743e-01,4.451409045039e-01,-1.363687345017e-01,1.794076828442e-01,4.424239172973e-01,-1.382614102727e-01,1.314873169933e-03,-2.716987206532e-03,-1.892675771001e-03
"                2329",1.137738659528e-01,4.103755212533e-01,-1.380822902893e-01,1.140633711971e-01,4.075857858983e-01,-1.398873453791e-01,2.895052442335e-04,-2.789735355023e-03,-1.805055089808e-03
"                2330",7.067963987085e-02,3.423064919448e-01,-1.396524463076e-01,7.008767626268e-02,3.391425905626e-01,-1.413639077550e-01,-5.919636081735e-04,-3.163901382197e-03,-1.711461447353e-03
"                2331",5.691133127674e-02,2.587145600465e-01,-1.403212796442e-01,5.563167364729e-02,2.548962733605e-01,-1.419401562534e-01,-1.279657629457e-03,-3.818286685990e-03,-1.618876609203e-03
"                2332",5.998518923728e-02,1.723142509399e-01,-1.400393942920e-01,5.825382738112e-02,1.675818902548e-01,-1.415720862981e-01,-1.731361856160e-03,-4.732360685149e-03,-1.532692006077e-03
"                2333",7.335429612715e-02,8.883330934205e-02,-1.386751059524e-01,7.140837959703e-02,8.293371218820e-02,-1.401327885024e-01,-1.945916530127e-03,-5.899597153847e-03,-1.457682550066e-03
"                2334",9.097376050813e-02,8.878035742612e-03,-1.358748626026e-01,8.907053762809e-02,1.677359362438e-03,-1.372731951239e-01,-1.903222880034e-03,-7.200676380174e-03,-1.398332521394e-03
"                2335",1.076613674797e-01,-6.519962340391e-02,-1.314186646277e-01,1.060391736372e-01,-7.374327598802e-02,-1.327764529369e-01,-1.622193842519e-03,-8.543652584102e-03,-1.357788309179e-03
"                2336",1.302743644475e-01,-1.304598770639e-01,-1.260828395424e-01,1.291305074405e-01,-1.403314752641e-01,-1.274243346890e-01,-1.143857007000e-03,-9.871598200232e-03,-1.341495146600e-03
"                2337",1.639336230225e-01,-1.828966433015e-01,-1.204460605828e-01,1.634293973570e-01,-1.940275058877e-01,-1.217920390731e-01,-5.042256655063e-04,-1.113086258620e-02,-1.345978490253e-03
"                2338",2.086093162771e-01,-2.203397457108e-01,-1.149906954261e-01,2.088484568039e-01,-2.325897607125e-01,-1.163556304472e-01,2.391405267803e-04,-1.225001500165e-02,-1.364935021098e-03
"                2339",2.620925406592e-01,-2.422759791936e-01,-1.099423253828e-01,2.631642426014e-01,-2.554436654452e-01,-1.113379523872e-01,1.071701942140e-03,-1.316768625156e-02,-1.395627004438e-03
"                2340",3.177126227433e-01,-2.524089828957e-01,-1.061945397885e-01,3.197220689632e-01,-2.662591921027e-01,-1.076340529905e-01,2.009446219983e-03,-1.385020920697e-02,-1.439513201970e-03
"                2341",3.773885635051e-01,-2.476883901285e-01,-1.047689522000e-01,3.803577525314e-01,-2.620082347464e-01,-1.062556622481e-01,2.969189026348e-03,-1.431984461792e-02,-1.486710048062e-03
"                2342",4.453653583811e-01,-2.276329448722e-01,-1.045508923398e-01,4.492931781557e-01,-2.421825132326e-01,-1.060906925182e-01,3.927819774605e-03,-1.454956836037e-02,-1.539800178400e-03
"                2343",5.048153933793e-01,-1.955610082967e-01,-1.040672127367e-01,5.096920412131e-01,-2.100818227921e-01,-1.056720917826e-01,4.876647833819e-03,-1.452081449535e-02,-1.604879045904e-03
"                2344",5.505114583275e-01,-1.515992488986e-01,-1.028662823031e-01,5.562761046639e-01,-1.658626812975e-01,-1.045507857098e-01,5.764646336394e-03,-1.426343239896e-02,-1.684503406776e-03
"                2345",5.807295308353e-01,-8.993593483763e-02,-1.017668033020e-01,5.872831854281e-01,-1.037797799073e-01,-1.035362518171e-01,6.553654592799e-03,-1.384384506965e-02,-1.769448515132e-03
"                2346",6.055299706576e-01,-2.071226605845e-02,-1.011877715553e-01,6.127094483044e-01,-3.394843881387e-02,-1.030388798605e-01,7.179477646836e-03,-1.323617275542e-02,-1.851108305163e-03
"                2347",6.293834501912e-01,4.617134632191e-02,-1.017874083937e-01,6.370044873712e-01,3.372361743178e-02,-1.037069325274e-01,7.621037180016e-03,-1.244772889014e-02,-1.919524133707e-03
"                2348",6.478316745872e-01,1.063864417410e-01,-1.036942308578e-01,6.556857060444e-01,9.487753870840e-02,-1.056677421269e-01,7.854031457200e-03,-1.150890303255e-02,-1.973511269132e-03
"                2349",6.455384732675e-01,1.620266316627e-01,-1.065962972030e-01,6.534005312631e-01,1.515339678406e-01,-1.086108673619e-01,7.862057995604e-03,-1.049266382208e-02,-2.014570158931e-03
"                2350",6.103354101269e-01,2.155881917991e-01,-1.103655535306e-01,6.180029970660e-01,2.062063180430e-01,-1.124082419254e-01,7.667586939160e-03,-9.381873756147e-03,-2.042688394789e-03
"                2351",5.524651707956e-01,2.743454894636e-01,-1.150218705343e-01,5.597144753197e-01,2.661431314161e-01,-1.170769986416e-01,7.249304524091e-03,-8.202358047562e-03,-2.055128107339e-03
"                2352",4.913055910125e-01,3.340090206504e-01,-1.203240605418e-01,4.979159904256e-01,3.270076995963e-01,-1.223768810926e-01,6.610399413144e-03,-7.001321054073e-03,-2.052820550797e-03
"                2353",4.317149806620e-01,3.852789604503e-01,-1.250147198924e-01,4.374648458177e-01,3.794214295405e-01,-1.270476251829e-01,5.749865155614e-03,-5.857530909851e-03,-2.032905290454e-03
"                2354",3.771442222881e-01,4.174000600302e-01,-1.285207834766e-01,3.818528097358e-01,4.125893608198e-01,-1.305190768759e-01,4.708587447691e-03,-4.810699210437e-03,-1.998293399294e-03
"                2355",3.217875380077e-01,4.362657759357e-01,-1.313595878075e-01,3.253195515945e-01,4.323408216654e-01,-1.333070088825e-01,3.532013586831e-03,-3.924954270268e-03,-1.947421075022e-03
"                2356",2.581721556837e-01,4.516451117404e-01,-1.341424992850e-01,2.604825024852e-01,4.483808954846e-01,-1.360301549546e-01,2.310346801489e-03,-3.264216255758e-03,-1.887655669600e-03
"                2357",1.894004436514e-01,4.634002218494e-01,-1.371692109104e-01,1.904587689568e-01,4.605375269540e-01,-1.389886493550e-01,1.058325305414e-03,-2.862694895413e-03,-1.819438444541e-03
"                2358",1.202319105706e-01,4.518849674438e-01,-1.396896831906e-01,1.200804804894e-01,4.491609984373e-01,-1.414366267533e-01,-1.514300811934e-04,-2.723969006471e-03,-1.746943562730e-03
"                2359",6.724838286218e-02,4.114042299280e-01,-1.414117812603e-01,6.602750774778e-02,4.084984347232e-01,-1.430826338044e-01,-1.220875114400e-03,-2.905795204775e-03,-1.670852544053e-03
"                2360",3.513508341562e-02,3.468312936715e-01,-1.422638093907e-01,3.308768608477e-02,3.434505225883e-01,-1.438632120589e-01,-2.047397330856e-03,-3.380771083194e-03,-1.599402668181e-03
"                2361",2.613933617107e-02,2.712972648063e-01,-1.417480183290e-01,2.352018070074e-02,2.671632895654e-01,-1.432820682394e-01,-2.619155470332e-03,-4.133975240929e-03,-1.534049910415e-03
"                2362",2.991595175869e-02,1.886933298467e-01,-1.399141069931e-01,2.700211351949e-02,1.835723435767e-01,-1.413916854629e-01,-2.913838239202e-03,-5.120986270084e-03,-1.477578469870e-03
"                2363",4.403252369520e-02,1.061111077085e-01,-1.367505585169e-01,4.111362008984e-02,9.979373235262e-02,-1.381867558855e-01,-2.918903605363e-03,-6.317375355897e-03,-1.436197368670e-03
"                2364",6.351487659562e-02,2.571956151485e-02,-1.323205388937e-01,6.086918542823e-02,1.810462935037e-02,-1.337344901901e-01,-2.645691167385e-03,-7.614932164482e-03,-1.413951296356e-03
"                2365",9.424267654493e-02,-4.593349496386e-02,-1.271010265016e-01,9.210295509401e-02,-5.485681423037e-02,-1.285123564216e-01,-2.139721450923e-03,-8.923319266511e-03,-1.411329919967e-03
"                2366",1.387177388031e-01,-1.086221779476e-01,-1.216738537238e-01,1.372496841738e-01,-1.188141337869e-01,-1.230985108128e-01,-1.468054629287e-03,-1.019195583927e-02,-1.424657089031e-03
"                2367",1.942935959859e-01,-1.568534052003e-01,-1.160924555441e-01,1.936439313463e-01,-1.682393892487e-01,-1.175396905302e-01,-6.496646396303e-04,-1.138598404843e-02,-1.447234986094e-03
"                2368",2.536398486924e-01,-1.857950833402e-01,-1.108280892663e-01,2.539601155430e-01,-1.982260575525e-01,-1.123097085245e-01,3.202668505369e-04,-1.243097421239e-02,-1.481619258156e-03
"                2369",3.196585802224e-01,-2.016679828917e-01,-1.073595903052e-01,3.210337062788e-01,-2.149256403125e-01,-1.088806982520e-01,1.375126056459e-03,-1.325765742083e-02,-1.521107946885e-03
"                2370",3.871755578278e-01,-2.104280886908e-01,-1.058421709080e-01,3.896265635656e-01,-2.242952164647e-01,-1.074029372623e-01,2.451005737761e-03,-1.386712777384e-02,-1.560766354303e-03
"                2371",4.502054542701e-01,-2.056954849607e-01,-1.049069299340e-01,4.537611202980e-01,-2.199602034657e-01,-1.065159616697e-01,3.555666027883e-03,-1.426471850502e-02,-1.609031735769e-03
"                2372",5.080271475949e-01,-1.861494674528e-01,-1.035962538812e-01,5.126890340224e-01,-2.005816525650e-01,-1.052610752119e-01,4.661886427461e-03,-1.443218511217e-02,-1.664821330760e-03
"                2373",5.514276498710e-01,-1.561304211280e-01,-1.019915527445e-01,5.571254333228e-01,-1.705001741222e-01,-1.037181645984e-01,5.697783451749e-03,-1.436975299420e-02,-1.726611853841e-03
"                2374",5.861921544462e-01,-1.108757302742e-01,-1.010191274427e-01,5.927764755647e-01,-1.249965389707e-01,-1.028089461316e-01,6.584321118529e-03,-1.412080869650e-02,-1.789818688909e-03
"                2375",6.171966851206e-01,-4.638369219388e-02,-1.012409340711e-01,6.244857424117e-01,-6.009717477381e-02,-1.030884997460e-01,7.289057291163e-03,-1.371348257993e-02,-1.847565674871e-03
"                2376",6.447490082585e-01,2.241758456289e-02,-1.024898110886e-01,6.525299702864e-01,9.335415272865e-03,-1.043871071279e-01,7.780962027870e-03,-1.308216929002e-02,-1.897296039276e-03
"                2377",6.714527192958e-01,8.770626059271e-02,-1.042213380599e-01,6.795171667789e-01,7.544291733776e-02,-1.061563517287e-01,8.064447483087e-03,-1.226334325495e-02,-1.935013668783e-03
"                2378",6.841655388865e-01,1.506819457945e-01,-1.062329018663e-01,6.922938460188e-01,1.393925471487e-01,-1.081942029388e-01,8.128307132294e-03,-1.128939864574e-02,-1.961301072490e-03
"                2379",6.651056818301e-01,2.101335168374e-01,-1.088190195523e-01,6.730748788732e-01,1.999080484634e-01,-1.107965910613e-01,7.969197043079e-03,-1.022546837401e-02,-1.977571509014e-03
"                2380",6.116061753520e-01,2.671198795150e-01,-1.127618740684e-01,6.191864186927e-01,2.580739824677e-01,-1.147404733554e-01,7.580243340702e-03,-9.045897047319e-03,-1.978599287037e-03
"                2381",5.364533222673e-01,3.173342552851e-01,-1.173072401394e-01,5.434070826264e-01,3.095138689508e-01,-1.192751913138e-01,6.953760359095e-03,-7.820386334299e-03,-1.967951174310e-03
"                2382",4.577490084359e-01,3.723891766832e-01,-1.216431395740e-01,4.638281336171e-01,3.657654960544e-01,-1.235881116642e-01,6.079125181241e-03,-6.623680628785e-03,-1.944972090270e-03
"                2383",3.887829885245e-01,4.291947365325e-01,-1.257791825316e-01,3.937538733632e-01,4.236916464385e-01,-1.276874886201e-01,4.970884838725e-03,-5.503090093999e-03,-1.908306088479e-03
"                2384",3.327504493882e-01,4.691515774491e-01,-1.299588815218e-01,3.364933906905e-01,4.646450349367e-01,-1.318217638307e-01,3.742941302304e-03,-4.506542512392e-03,-1.862882308963e-03
"                2385",2.837295183171e-01,4.818473704651e-01,-1.342008055626e-01,2.861430689219e-01,4.781605189212e-01,-1.360068143693e-01,2.413550604849e-03,-3.686851543937e-03,-1.806008806683e-03
"                2386",2.312040352250e-01,4.867625231634e-01,-1.376248761288e-01,2.322650293053e-01,4.836569651289e-01,-1.393704690279e-01,1.060994080305e-03,-3.105558034534e-03,-1.745592899110e-03
"                2387",1.736863199999e-01,4.879800073058e-01,-1.403486074246e-01,1.734319275410e-01,4.851840736187e-01,-1.420328693371e-01,-2.543924589175e-04,-2.795933687101e-03,-1.684261912522e-03
"                2388",1.109808978895e-01,4.763301958489e-01,-1.421883287531e-01,1.095280564868e-01,4.735601138617e-01,-1.438164572711e-01,-1.452841402727e-03,-2.770081987142e-03,-1.628128518002e-03
"                2389",5.966369132796e-02,4.419197131817e-01,-1.429237541826e-01,5.723543540343e-02,4.388520646260e-01,-1.444999549697e-01,-2.428255924530e-03,-3.067648555753e-03,-1.576200787064e-03
"                2390",2.932128896612e-02,3.818505558401e-01,-1.420658279262e-01,2.620366832011e-02,3.782189983934e-01,-1.435985322792e-01,-3.117620646013e-03,-3.631557446690e-03,-1.532704352976e-03
"                2391",2.149510278937e-02,3.060309488197e-01,-1.395390359999e-01,1.798495321540e-02,3.015935804453e-01,-1.410366276760e-01,-3.510149573967e-03,-4.437368374349e-03,-1.497591676103e-03
"                2392",3.098478396702e-02,2.215280757086e-01,-1.360236111218e-01,2.740750759291e-02,2.160713792905e-01,-1.375008294229e-01,-3.577276374109e-03,-5.456696418075e-03,-1.477218301144e-03
"                2393",5.531400727175e-02,1.430770301951e-01,-1.320520896887e-01,5.196137029347e-02,1.364451998934e-01,-1.335247312760e-01,-3.352636978279e-03,-6.631830301763e-03,-1.472641587337e-03
"                2394",9.132216469839e-02,7.016720068681e-02,-1.278270276648e-01,8.843773228641e-02,6.228432372223e-02,-1.293092053812e-01,-2.884432411979e-03,-7.882876964584e-03,-1.482177716344e-03
"                2395",1.441681127778e-01,4.203462299301e-05,-1.229912131305e-01,1.419644519517e-01,-9.100646044679e-03,-1.244930211578e-01,-2.203660826096e-03,-9.142680667672e-03,-1.501808027234e-03
"                2396",2.047632449134e-01,-6.074926934510e-02,-1.174323239560e-01,2.034351897698e-01,-7.110865111372e-02,-1.189642297868e-01,-1.328055143577e-03,-1.035938176862e-02,-1.531905830772e-03
"                2397",2.752262599953e-01,-1.049285586744e-01,-1.126547258728e-01,2.749442830080e-01,-1.164143074132e-01,-1.142211583936e-01,-2.819769873175e-04,-1.148574873877e-02,-1.566432520812e-03
"                2398",3.506059497569e-01,-1.278980174772e-01,-1.094590026041e-01,3.514388198961e-01,-1.403565980264e-01,-1.110588460042e-01,8.328701392552e-04,-1.245858054924e-02,-1.599843400111e-03
"                2399",4.249823150507e-01,-1.432671867041e-01,-1.070549002656e-01,4.270043660204e-01,-1.564830006849e-01,-1.086943661424e-01,2.022050969651e-03,-1.321581398080e-02,-1.639465876803e-03
"                2400",4.835356049116e-01,-1.551985863185e-01,-1.049361743070e-01,4.867922405326e-01,-1.689774487150e-01,-1.066200148956e-01,3.256635620968e-03,-1.377886239650e-02,-1.683840588620e-03
"                2401",5.297846317654e-01,-1.527774357708e-01,-1.030414993391e-01,5.342482514894e-01,-1.669337376376e-01,-1.047736282983e-01,4.463619723991e-03,-1.415630186676e-02,-1.732128959229e-03
"                2402",5.694356388468e-01,-1.351719078457e-01,-1.018849097862e-01,5.750119800666e-01,-1.494964499819e-01,-1.036611495682e-01,5.576341219842e-03,-1.432454213615e-02,-1.776239782012e-03
"                2403",6.044884482883e-01,-1.036100131272e-01,-1.018303630227e-01,6.110202773555e-01,-1.178761033799e-01,-1.036450179674e-01,6.531829067268e-03,-1.426609025265e-02,-1.814654944669e-03
"                2404",6.421308463511e-01,-5.412895337184e-02,-1.028069108766e-01,6.494227292759e-01,-6.814006069657e-02,-1.046550527357e-01,7.291882924835e-03,-1.401110732473e-02,-1.848141859106e-03
"                2405",6.808942275539e-01,1.400180787374e-02,-1.042317988318e-01,6.887349005045e-01,4.398529627476e-04,-1.061080841675e-01,7.840672950650e-03,-1.356195491099e-02,-1.876285335739e-03
"                2406",7.070983308428e-01,8.649303314296e-02,-1.055583331107e-01,7.152766768798e-01,7.361848334807e-02,-1.074566672321e-01,8.178346036933e-03,-1.287454979489e-02,-1.898334121406e-03
"                2407",7.200037412099e-01,1.577246019496e-01,-1.067343238167e-01,7.283149227156e-01,1.457360916867e-01,-1.086456374085e-01,8.311181505717e-03,-1.198851026296e-02,-1.911313591739e-03
"                2408",7.105485261668e-01,2.242872047458e-01,-1.084590650631e-01,7.187550346633e-01,2.133513600792e-01,-1.103711873082e-01,8.206508496496e-03,-1.093584466662e-02,-1.912122245138e-03
"                2409",6.696463473967e-01,2.803794985342e-01,-1.109332503831e-01,6.775081297384e-01,2.705929074748e-01,-1.128354130956e-01,7.861782341663e-03,-9.786591059418e-03,-1.902162712496e-03
"                2410",5.999512977243e-01,3.351300685162e-01,-1.140632005591e-01,6.072103193727e-01,3.265745709203e-01,-1.159451847646e-01,7.259021648449e-03,-8.555497595850e-03,-1.881984205476e-03
"                2411",5.150801562503e-01,3.897999372456e-01,-1.180355819659e-01,5.214812970098e-01,3.824786035942e-01,-1.198885317208e-01,6.401140759526e-03,-7.321333651366e-03,-1.852949754905e-03
"                2412",4.356176803163e-01,4.521054205090e-01,-1.231071268810e-01,4.409346222211e-01,4.459479437283e-01,-1.249223247967e-01,5.316941904800e-03,-6.157476780647e-03,-1.815197915743e-03
"                2413",3.736182580621e-01,5.031485563898e-01,-1.289174296841e-01,3.776763707381e-01,4.980790697925e-01,-1.306893001743e-01,4.058112676055e-03,-5.069486597300e-03,-1.771870490154e-03
"                2414",3.258483623074e-01,5.302802017206e-01,-1.342902646696e-01,3.285411056984e-01,5.261429917195e-01,-1.360134269853e-01,2.692743391070e-03,-4.137210001139e-03,-1.723162315753e-03
"                2415",2.857175125270e-01,5.365819398748e-01,-1.384403489258e-01,2.869970077151e-01,5.331735059416e-01,-1.401105807364e-01,1.279495188139e-03,-3.408433933232e-03,-1.670231810587e-03
"                2416",2.402874503642e-01,5.430416096766e-01,-1.412058260241e-01,2.402116519598e-01,5.401118031737e-01,-1.428282625972e-01,-7.579840448731e-05,-2.929806502967e-03,-1.622436573051e-03
"                2417",1.873902394427e-01,5.504234329523e-01,-1.427196629730e-01,1.860791789856e-01,5.477027267794e-01,-1.443017511002e-01,-1.311060457123e-03,-2.720706172921e-03,-1.582088127222e-03
"                2418",1.265703763664e-01,5.421669122575e-01,-1.425785585860e-01,1.241862540017e-01,5.393668891855e-01,-1.441299514932e-01,-2.384122364725e-03,-2.800023072028e-03,-1.551392907235e-03
"                2419",7.647946669967e-02,5.053583919489e-01,-1.409564311766e-01,7.329653555602e-02,5.021932696286e-01,-1.424861425177e-01,-3.182931143655e-03,-3.165122320322e-03,-1.529711341063e-03
"                2420",5.108560766103e-02,4.428805803899e-01,-1.381764792586e-01,4.742338409748e-02,4.391189128328e-01,-1.396971863032e-01,-3.662223563550e-03,-3.761667557122e-03,-1.520707044580e-03
"                2421",5.273772587148e-02,3.662249519880e-01,-1.346570035660e-01,4.890482448510e-02,3.616483517248e-01,-1.361789161743e-01,-3.832901386382e-03,-4.576600263154e-03,-1.521912608310e-03
"                2422",8.036242740355e-02,2.882519852106e-01,-1.313461962425e-01,7.667807431871e-02,2.826674819614e-01,-1.328814197742e-01,-3.684353084834e-03,-5.584503249175e-03,-1.535223531681e-03
"                2423",1.252377536393e-01,2.169659193908e-01,-1.278333367307e-01,1.219619966558e-01,2.102411308597e-01,-1.293890618227e-01,-3.275756983472e-03,-6.724788531094e-03,-1.555725092002e-03
"                2424",1.764394180462e-01,1.478710509219e-01,-1.235020341070e-01,1.738151918501e-01,1.399434563613e-01,-1.250836904134e-01,-2.624226196101e-03,-7.927594560564e-03,-1.581656306430e-03
"                2425",2.409636660668e-01,7.882799098979e-02,-1.190631455439e-01,2.392437749087e-01,6.969391117531e-02,-1.206790893366e-01,-1.719891158173e-03,-9.134079814485e-03,-1.615943792739e-03
"                2426",3.167381706384e-01,2.216853938508e-02,-1.153149162283e-01,3.160621909748e-01,1.187019706442e-02,-1.169641329328e-01,-6.759796636205e-04,-1.029834232066e-02,-1.649216704504e-03
"                2427",3.997178777113e-01,-2.113839850090e-02,-1.118873803865e-01,4.002069145652e-01,-3.250952386539e-02,-1.135702556534e-01,4.890368538941e-04,-1.137112536450e-02,-1.682875266948e-03
"                2428",4.748317771249e-01,-5.135233216421e-02,-1.082320482253e-01,4.765861574868e-01,-6.364217069773e-02,-1.099542611547e-01,1.754380361966e-03,-1.228983853351e-02,-1.722212929443e-03
"                2429",5.327035980387e-01,-7.174709934701e-02,-1.046920042083e-01,5.357514057201e-01,-8.476813918791e-02,-1.064549924434e-01,3.047807681424e-03,-1.302103984090e-02,-1.762988235058e-03
"                2430",5.696310497158e-01,-8.178057139551e-02,-1.024946164684e-01,5.739383306614e-01,-9.537774366650e-02,-1.042940444051e-01,4.307280945687e-03,-1.359717227099e-02,-1.799427936785e-03
"                2431",6.006863337571e-01,-7.634823437714e-02,-1.018739098746e-01,6.061309726688e-01,-9.032990021160e-02,-1.037014154904e-01,5.444638911680e-03,-1.398166583447e-02,-1.827505615773e-03
"                2432",6.346305668226e-01,-5.765375753346e-02,-1.028871030579e-01,6.410497842765e-01,-7.178964387110e-02,-1.047318690969e-01,6.419217453851e-03,-1.413588633765e-02,-1.844766038959e-03
"                2433",6.704892195113e-01,-2.330670537337e-02,-1.047419053400e-01,6.776985334991e-01,-3.733374626714e-02,-1.065965694236e-01,7.209313987822e-03,-1.402704089377e-02,-1.854664083629e-03
"                2434",7.084492813826e-01,3.324442526407e-02,-1.064395032155e-01,7.162623265856e-01,1.952114933559e-02,-1.083006530259e-01,7.813045203009e-03,-1.372327592848e-02,-1.861149810413e-03
"                2435",7.368887952007e-01,1.099002642454e-01,-1.074716028242e-01,7.450983241728e-01,9.671073963900e-02,-1.093374349553e-01,8.209528972101e-03,-1.318952460637e-02,-1.865832131073e-03
"                2436",7.452456586465e-01,1.852944531587e-01,-1.082472793294e-01,7.536304689497e-01,1.728830771843e-01,-1.101093316625e-01,8.384810303288e-03,-1.241137597432e-02,-1.862052333060e-03
"                2437",7.375093556055e-01,2.517576651441e-01,-1.091774720272e-01,7.458466973245e-01,2.403342162019e-01,-1.110257280140e-01,8.337341718941e-03,-1.142344894220e-02,-1.848255986801e-03
"                2438",7.071319046753e-01,3.159476779853e-01,-1.100015976977e-01,7.151664788454e-01,3.056506649404e-01,-1.118283011964e-01,8.034574170125e-03,-1.029701304497e-02,-1.826703498705e-03
"                2439",6.511656604182e-01,3.741752172502e-01,-1.114375849886e-01,6.586308527382e-01,3.650787748585e-01,-1.132341778190e-01,7.465192320005e-03,-9.096442391684e-03,-1.796592830443e-03
"                2440",5.809398438239e-01,4.326014248066e-01,-1.148747275862e-01,5.875828261600e-01,4.247225325884e-01,-1.166346718549e-01,6.642982336012e-03,-7.878892218214e-03,-1.759944268749e-03
"                2441",4.988150830358e-01,4.878737181758e-01,-1.205512078598e-01,5.044459322114e-01,4.811991670689e-01,-1.222722510450e-01,5.630849175642e-03,-6.674551106848e-03,-1.721043185173e-03
"                2442",4.244765299085e-01,5.391997105972e-01,-1.273966579171e-01,4.288883521893e-01,5.336496708257e-01,-1.290753103102e-01,4.411822280828e-03,-5.550039771561e-03,-1.678652393090e-03
"                2443",3.722847557566e-01,5.746341442434e-01,-1.338188067085e-01,3.753381994467e-01,5.700986400603e-01,-1.354544898259e-01,3.053443690086e-03,-4.535504183087e-03,-1.635683117435e-03
"                2444",3.323286818328e-01,5.951979187257e-01,-1.387597674671e-01,3.339944153368e-01,5.914994321967e-01,-1.403551095867e-01,1.665733503984e-03,-3.698486528997e-03,-1.595342119554e-03
"                2445",2.969829438431e-01,6.103561978918e-01,-1.416508908271e-01,2.973074736591e-01,6.072857495914e-01,-1.432137917755e-01,3.245298159279e-04,-3.070448300462e-03,-1.562900948338e-03
"                2446",2.523397464977e-01,6.265809432352e-01,-1.424427997755e-01,2.514280957986e-01,6.238743308965e-01,-1.439823260611e-01,-9.116506990866e-04,-2.706612338731e-03,-1.539526285552e-03
"                2447",1.967668737069e-01,6.312548610226e-01,-1.414925678648e-01,1.947844843489e-01,6.286799574101e-01,-1.430200462844e-01,-1.982389358034e-03,-2.574903612450e-03,-1.527478419590e-03
"                2448",1.389258574424e-01,6.186699210895e-01,-1.391087568672e-01,1.360735763901e-01,6.159613242043e-01,-1.406369476431e-01,-2.852281052214e-03,-2.708596885201e-03,-1.528190775992e-03
"                2449",1.001456583515e-01,5.796180839074e-01,-1.360429371388e-01,9.671634778777e-02,5.765197220043e-01,-1.375851182345e-01,-3.429310563705e-03,-3.098361903103e-03,-1.542181095711e-03
"                2450",9.311397613706e-02,5.182136555209e-01,-1.329396272902e-01,8.942635593934e-02,5.145178285133e-01,-1.345075802936e-01,-3.687620197715e-03,-3.695827007606e-03,-1.567953003408e-03
"                2451",1.142420010502e-01,4.459708141186e-01,-1.297536487037e-01,1.105762475355e-01,4.414839832224e-01,-1.313501801566e-01,-3.665753514729e-03,-4.486830896234e-03,-1.596531452861e-03
"                2452",1.607244161203e-01,3.759731203788e-01,-1.267187172819e-01,1.573857867079e-01,3.704993521892e-01,-1.283460395778e-01,-3.338629412393e-03,-5.473768189655e-03,-1.627322295909e-03
"                2453",2.194591699292e-01,3.126564279162e-01,-1.236141955667e-01,2.167412011860e-01,3.060822681097e-01,-1.252773435490e-01,-2.717968743220e-03,-6.574159806449e-03,-1.663147982254e-03
"                2454",2.835070139091e-01,2.468728745752e-01,-1.210171506591e-01,2.816266104611e-01,2.391415971172e-01,-1.227148596448e-01,-1.880403447924e-03,-7.731277457972e-03,-1.697708985657e-03
"                2455",3.595962790728e-01,1.740443931848e-01,-1.182782978573e-01,3.587268258010e-01,1.651490485015e-01,-1.200078667026e-01,-8.694532717331e-04,-8.895344683287e-03,-1.729568845294e-03
"                2456",4.379014225826e-01,1.054246274358e-01,-1.141684997661e-01,4.382063891812e-01,9.539698810553e-02,-1.159350418598e-01,3.049665985913e-04,-1.002763933026e-02,-1.766542093639e-03
"                2457",5.097976693173e-01,5.415809334053e-02,-1.092212913210e-01,5.113757326005e-01,4.307735280196e-02,-1.110244168535e-01,1.578063283171e-03,-1.108074053857e-02,-1.803125532500e-03
"                2458",5.678769092595e-01,2.400741291511e-02,-1.048967584722e-01,5.707562241785e-01,1.199943085333e-02,-1.067357239580e-01,2.879314918963e-03,-1.200798206178e-02,-1.838965485837e-03
"                2459",6.081473648801e-01,8.759099473281e-03,-1.023235971175e-01,6.122593591904e-01,-4.010231343336e-03,-1.041866302897e-01,4.111994310343e-03,-1.276933081662e-02,-1.863033172223e-03
"                2460",6.363645677845e-01,2.502384554120e-03,-1.023071735224e-01,6.415949125826e-01,-1.085918563695e-02,-1.041813483678e-01,5.230344798036e-03,-1.336157019107e-02,-1.874174845431e-03
"                2461",6.642042201387e-01,9.031430022787e-03,-1.040992146438e-01,6.703995287872e-01,-4.691397830203e-03,-1.059724967476e-01,6.195308648499e-03,-1.372282785299e-02,-1.873282103761e-03
"                2462",6.931278091596e-01,2.930957365270e-02,-1.064974224018e-01,7.001124475776e-01,1.548901752479e-02,-1.083622670822e-01,6.984638418074e-03,-1.382055612790e-02,-1.864844680384e-03
"                2463",7.193119814016e-01,7.246946960498e-02,-1.084286487563e-01,7.269213075298e-01,5.882590396066e-02,-1.102797139234e-01,7.609326128207e-03,-1.364356564432e-02,-1.851065167050e-03
"                2464",7.409427363983e-01,1.390477895736e-01,-1.097880073744e-01,7.489910063440e-01,1.257971599150e-01,-1.116223363922e-01,8.048269945665e-03,-1.325062965858e-02,-1.834329017744e-03
"                2465",7.508323394111e-01,2.163025179179e-01,-1.106099342205e-01,7.590953972829e-01,2.037033853077e-01,-1.124230246290e-01,8.263057871893e-03,-1.259913261010e-02,-1.813090408571e-03
"                2466",7.411883448116e-01,2.886546118415e-01,-1.106097888346e-01,7.494444955179e-01,2.769387372328e-01,-1.123960642194e-01,8.256150706339e-03,-1.171587460873e-02,-1.786275384790e-03
"                2467",7.162172088386e-01,3.556912364409e-01,-1.101358106119e-01,7.242130926096e-01,3.450362478173e-01,-1.118877825738e-01,7.995883770991e-03,-1.065498862368e-02,-1.751971961944e-03
"                2468",6.783784938042e-01,4.248302078696e-01,-1.105691090820e-01,6.858514874593e-01,4.153287925306e-01,-1.122816659025e-01,7.472993655049e-03,-9.501415339001e-03,-1.712556820544e-03
"                2469",6.235248329711e-01,4.867774187622e-01,-1.132861388857e-01,6.302771075321e-01,4.784741982030e-01,-1.149570832777e-01,6.752274561000e-03,-8.303220559127e-03,-1.670944392073e-03
"                2470",5.580270626914e-01,5.366921550774e-01,-1.187782355834e-01,5.638293805446e-01,5.295911313076e-01,-1.204068850721e-01,5.802317853205e-03,-7.101023769797e-03,-1.628649488672e-03
"                2471",4.861548288100e-01,5.840470084200e-01,-1.259006106516e-01,4.908396647312e-01,5.781008102077e-01,-1.274887034825e-01,4.684835921224e-03,-5.946198212342e-03,-1.588092830881e-03
"                2472",4.215624463986e-01,6.291822385364e-01,-1.328403436389e-01,4.249938335380e-01,6.242868358548e-01,-1.343929101896e-01,3.431387139367e-03,-4.895402681614e-03,-1.552566550634e-03
"                2473",3.747527308550e-01,6.665976452896e-01,-1.383407679265e-01,3.768891560049e-01,6.626231759349e-01,-1.398672346533e-01,2.136425149851e-03,-3.974469354733e-03,-1.526466726747e-03
"                2474",3.328479982856e-01,6.926938079668e-01,-1.414016880651e-01,3.337105580893e-01,6.894436374411e-01,-1.429101239507e-01,8.625598036762e-04,-3.250170525679e-03,-1.508435885654e-03
"                2475",2.942696362124e-01,7.097080281984e-01,-1.417280026382e-01,2.939361477553e-01,7.069899244658e-01,-1.432283626721e-01,-3.334884570229e-04,-2.718103732660e-03,-1.500360033888e-03
"                2476",2.501769938045e-01,7.251391797344e-01,-1.399587047473e-01,2.488036696988e-01,7.227317992617e-01,-1.414645182927e-01,-1.373324105753e-03,-2.407380472693e-03,-1.505813545376e-03
"                2477",2.023451880824e-01,7.276753882176e-01,-1.368467479313e-01,2.001251294717e-01,7.253649205952e-01,-1.383749398475e-01,-2.220058610762e-03,-2.310467622382e-03,-1.528191916195e-03
"                2478",1.623190105146e-01,7.133163475792e-01,-1.334701371399e-01,1.594575090000e-01,7.108605431419e-01,-1.350346123452e-01,-2.861501514682e-03,-2.455804437373e-03,-1.564475205346e-03
"                2479",1.441180346110e-01,6.745613833491e-01,-1.304886389281e-01,1.408779880541e-01,6.717321953177e-01,-1.320960526195e-01,-3.240046556878e-03,-2.829188031364e-03,-1.607413691364e-03
"                2480",1.557766353359e-01,6.177344887509e-01,-1.278360472453e-01,1.524463277711e-01,6.143111430269e-01,-1.294886663303e-01,-3.330307564772e-03,-3.423345724033e-03,-1.652619085030e-03
"                2481",1.966012575852e-01,5.519905913700e-01,-1.251505688350e-01,1.934961822573e-01,5.477835963219e-01,-1.268473885268e-01,-3.105075327952e-03,-4.206995048134e-03,-1.696819691833e-03
"                2482",2.602388099647e-01,4.856537866030e-01,-1.235008684819e-01,2.576719546133e-01,4.804857671813e-01,-1.252400836043e-01,-2.566855351400e-03,-5.168019421654e-03,-1.739215122444e-03
"                2483",3.345708043901e-01,4.206980710200e-01,-1.224590799424e-01,3.327458035497e-01,4.144570624937e-01,-1.242335563782e-01,-1.825000840375e-03,-6.241008526212e-03,-1.774476435886e-03
"                2484",4.022982586671e-01,3.463917657017e-01,-1.202893840849e-01,4.014285042797e-01,3.390230419859e-01,-1.221018802563e-01,-8.697543874255e-04,-7.368723715850e-03,-1.812496171351e-03
"                2485",4.642445163225e-01,2.638892440812e-01,-1.162337730422e-01,4.645104583407e-01,2.553658620247e-01,-1.180847213388e-01,2.659420181918e-04,-8.523382056457e-03,-1.850948296587e-03
"                2486",5.221498028539e-01,1.912178697108e-01,-1.107849973909e-01,5.236445145782e-01,1.815387175360e-01,-1.126726557579e-01,1.494711724318e-03,-9.679152174857e-03,-1.887658367013e-03
"                2487",5.765652901799e-01,1.408099465971e-01,-1.060133829675e-01,5.792851537794e-01,1.300374761045e-01,-1.079253217709e-01,2.719863599457e-03,-1.077247049259e-02,-1.911938803401e-03
"                2488",6.294392995528e-01,1.122322519953e-01,-1.033579014824e-01,6.333249620761e-01,1.005037662440e-01,-1.052819369116e-01,3.885662523301e-03,-1.172848575125e-02,-1.924035429185e-03
"                2489",6.691853059281e-01,9.908403787907e-02,-1.032458043949e-01,6.741256569867e-01,8.658763959880e-02,-1.051660001250e-01,4.940351058632e-03,-1.249639828027e-02,-1.920195730128e-03
"                2490",6.959141374287e-01,9.906143633268e-02,-1.051745827224e-01,7.017764394165e-01,8.600184799418e-02,-1.070791838107e-01,5.862301987792e-03,-1.305958833850e-02,-1.904601088314e-03
"                2491",7.092347398801e-01,1.113929382546e-01,-1.076650229691e-01,7.158672491657e-01,9.803179081163e-02,-1.095446302351e-01,6.632509285653e-03,-1.336114744298e-02,-1.879607265915e-03
"                2492",7.111875659867e-01,1.363472688704e-01,-1.101510347084e-01,7.184266239537e-01,1.229856251689e-01,-1.120017603513e-01,7.239057967002e-03,-1.336164370152e-02,-1.850725642881e-03
"                2493",7.164662761442e-01,1.825165556724e-01,-1.121436330804e-01,7.241418256105e-01,1.694395519057e-01,-1.139570719039e-01,7.675549466261e-03,-1.307700376674e-02,-1.813438823536e-03
"                2494",7.224895484671e-01,2.526889024852e-01,-1.130572211614e-01,7.304139177017e-01,2.401147111128e-01,-1.148299448154e-01,7.924369234589e-03,-1.257419137243e-02,-1.772723654018e-03
"                2495",7.164136090949e-01,3.344165545468e-01,-1.124042719627e-01,7.243549885409e-01,3.225890594363e-01,-1.141357386452e-01,7.941379446049e-03,-1.182749511055e-02,-1.731466682521e-03
"                2496",6.991580980237e-01,4.100614489402e-01,-1.113985480167e-01,7.068827112106e-01,3.991757980566e-01,-1.130843741811e-01,7.724613186841e-03,-1.088565088358e-02,-1.685826164320e-03
"                2497",6.703164467554e-01,4.774520373364e-01,-1.115370909214e-01,6.776099935331e-01,4.676564385236e-01,-1.131748262488e-01,7.293546777727e-03,-9.795598812846e-03,-1.637735327447e-03
"                2498",6.322350812201e-01,5.374447707553e-01,-1.137344229702e-01,6.388854133486e-01,5.287963339949e-01,-1.153257139620e-01,6.650332128444e-03,-8.648436760488e-03,-1.591290991815e-03
"                2499",5.873666050214e-01,5.934882104572e-01,-1.180914894697e-01,5.931861750049e-01,5.860198045989e-01,-1.196376081918e-01,5.819569983508e-03,-7.468405858302e-03,-1.546118722141e-03
"                2500",5.325245805727e-01,6.412348725144e-01,-1.241030942043e-01,5.373490501956e-01,6.349241591412e-01,-1.256115538259e-01,4.824469622853e-03,-6.310713373191e-03,-1.508459621560e-03
"                2501",4.673167526501e-01,6.873631972220e-01,-1.307724593944e-01,4.710528644229e-01,6.821284035287e-01,-1.322531674485e-01,3.736111772760e-03,-5.234793693283e-03,-1.480708054127e-03
"                2502",4.039979723631e-01,7.336202365805e-01,-1.364969683192e-01,4.065853942127e-01,7.293512446627e-01,-1.379618773660e-01,2.587421849558e-03,-4.268991917827e-03,-1.464909046798e-03
"                2503",3.552068224792e-01,7.706997768896e-01,-1.397036868892e-01,3.566437765920e-01,7.672508661720e-01,-1.411659402376e-01,1.436954112773e-03,-3.448910717600e-03,-1.462253348348e-03
"                2504",3.125675534542e-01,7.987137680510e-01,-1.400334246939e-01,3.129224976908e-01,7.959229096464e-01,-1.415032458664e-01,3.549442366065e-04,-2.790858404545e-03,-1.469821172495e-03
"                2505",2.762647231051e-01,8.181175640711e-01,-1.379402542074e-01,2.756584839839e-01,8.158186078951e-01,-1.394343001832e-01,-6.062391211334e-04,-2.298956175963e-03,-1.494045975849e-03
"                2506",2.467061339354e-01,8.355518224455e-01,-1.347602554036e-01,2.452893586671e-01,8.335498217201e-01,-1.362929764747e-01,-1.416775268301e-03,-2.002000725408e-03,-1.532721071146e-03
"                2507",2.222898971010e-01,8.378106426917e-01,-1.312151876213e-01,2.202341771271e-01,8.358942564312e-01,-1.328001318721e-01,-2.055719973883e-03,-1.916386260484e-03,-1.584944250842e-03
"                2508",2.081807937134e-01,8.178876241225e-01,-1.279841987128e-01,2.056667942845e-01,8.158234720507e-01,-1.296257973397e-01,-2.513999428855e-03,-2.064152071816e-03,-1.641598626912e-03
"                2509",2.132853320798e-01,7.761291209859e-01,-1.250134577242e-01,2.105857260094e-01,7.736933628655e-01,-1.267139358370e-01,-2.699606070373e-03,-2.435758120446e-03,-1.700478112832e-03
"                2510",2.431775049730e-01,7.216740739689e-01,-1.232181061595e-01,2.405925320268e-01,7.186406406724e-01,-1.249753640378e-01,-2.584972946280e-03,-3.033433296456e-03,-1.757257878359e-03
"                2511",3.016250139868e-01,6.610869203756e-01,-1.229057817069e-01,2.994051498107e-01,6.572756946466e-01,-1.247080791638e-01,-2.219864176129e-03,-3.811225729061e-03,-1.802297456898e-03
"                2512",3.752112730581e-01,5.938777444851e-01,-1.225964524551e-01,3.736447433306e-01,5.891175854650e-01,-1.244420759427e-01,-1.566529727526e-03,-4.760159020052e-03,-1.845623487560e-03
"                2513",4.399728288380e-01,5.195977898924e-01,-1.207421722418e-01,4.392823453674e-01,5.137678889007e-01,-1.226301670912e-01,-6.904834705889e-04,-5.829900991785e-03,-1.887994849416e-03
"                2514",4.866403885003e-01,4.374446119274e-01,-1.171041397183e-01,4.869754468231e-01,4.304641182926e-01,-1.190326323361e-01,3.350583227815e-04,-6.980493634792e-03,-1.928492617785e-03
"                2515",5.255331893917e-01,3.511269617719e-01,-1.127048593127e-01,5.269786747765e-01,3.429248306548e-01,-1.146638768927e-01,1.445485384813e-03,-8.202131117092e-03,-1.959017579957e-03
"                2516",5.730145864043e-01,2.781933334454e-01,-1.085812823224e-01,5.755638336356e-01,2.687789839199e-01,-1.105559815322e-01,2.549247231275e-03,-9.414349525526e-03,-1.974699209809e-03
"                2517",6.263839259238e-01,2.265526014593e-01,-1.060344013723e-01,6.299748274024e-01,2.160297602770e-01,-1.080080007778e-01,3.590901478628e-03,-1.052284118234e-02,-1.973599405448e-03
"                2518",6.801098190318e-01,1.977305101673e-01,-1.053326709007e-01,6.846574448966e-01,1.862783665454e-01,-1.072917126521e-01,4.547625864779e-03,-1.145214362190e-02,-1.959041751452e-03
"                2519",7.099725108978e-01,1.878795082349e-01,-1.062046576713e-01,7.153684666844e-01,1.756949650274e-01,-1.081358713089e-01,5.395955786604e-03,-1.218454320751e-02,-1.931213637626e-03
"                2520",7.157771908262e-01,1.992912100176e-01,-1.084099798558e-01,7.218982136180e-01,1.866142353156e-01,-1.103040944322e-01,6.121022791823e-03,-1.267697470199e-02,-1.894114576462e-03
"                2521",7.038104461428e-01,2.127833623281e-01,-1.112194701441e-01,7.105012610808e-01,1.999090188438e-01,-1.130672319264e-01,6.690814937937e-03,-1.287434348424e-02,-1.847761782269e-03
"                2522",6.828710651596e-01,2.343986478102e-01,-1.138834863213e-01,6.899556500529e-01,2.216372166415e-01,-1.156795518927e-01,7.084584893285e-03,-1.276143116878e-02,-1.796065571452e-03
"                2523",6.681619010111e-01,2.835757906914e-01,-1.149743594050e-01,6.754802377650e-01,2.711869596551e-01,-1.167148885035e-01,7.318336753874e-03,-1.238883103626e-02,-1.740529098498e-03
"                2524",6.608125945195e-01,3.635664666106e-01,-1.146856747666e-01,6.681695485158e-01,3.517619358382e-01,-1.163693932693e-01,7.356953996335e-03,-1.180453077244e-02,-1.683718502760e-03
"                2525",6.513391843823e-01,4.534695725499e-01,-1.141565236055e-01,6.585299532889e-01,4.424584342474e-01,-1.157844561018e-01,7.190768906622e-03,-1.101113830250e-02,-1.627932496248e-03
"                2526",6.371775967216e-01,5.230792798931e-01,-1.144734492928e-01,6.440285830018e-01,5.130361217790e-01,-1.160467317128e-01,6.850986280186e-03,-1.004315811407e-02,-1.573282420025e-03
"                2527",6.154414569937e-01,5.762396309632e-01,-1.160566553906e-01,6.217559197520e-01,5.672899307188e-01,-1.175774621206e-01,6.314462758279e-03,-8.949700244386e-03,-1.520806729995e-03
"                2528",5.831972441911e-01,6.260759583568e-01,-1.189240205285e-01,5.888129864803e-01,6.182456379909e-01,-1.203996779819e-01,5.615742289256e-03,-7.830320365922e-03,-1.475657453453e-03
"                2529",5.461213895444e-01,6.809551760781e-01,-1.231530851667e-01,5.509232879519e-01,6.742537430934e-01,-1.245931954117e-01,4.801898407519e-03,-6.701432984685e-03,-1.440110245073e-03
"                2530",4.928881253297e-01,7.380092021583e-01,-1.282906556385e-01,4.967994761074e-01,7.323952474794e-01,-1.297124854441e-01,3.911350777668e-03,-5.613954678855e-03,-1.421829805572e-03
"                2531",4.271575642363e-01,7.914422996029e-01,-1.331981093456e-01,4.301140683290e-01,7.868236361483e-01,-1.346138147322e-01,2.956504092704e-03,-4.618663454575e-03,-1.415705386673e-03
"                2532",3.629353303930e-01,8.339951595772e-01,-1.362877731323e-01,3.649250606857e-01,8.302805187511e-01,-1.377143214804e-01,1.989730292746e-03,-3.714640826038e-03,-1.426548348103e-03
"                2533",3.141967662495e-01,8.678938129982e-01,-1.370195141939e-01,3.152578513637e-01,8.649614781747e-01,-1.384720419291e-01,1.061085114151e-03,-2.932334823523e-03,-1.452527735169e-03
"                2534",2.823514905245e-01,8.972054482181e-01,-1.357454475379e-01,2.825587550099e-01,8.949202683019e-01,-1.372374779444e-01,2.072644854720e-04,-2.285179916271e-03,-1.492030406463e-03
"                2535",2.671225261392e-01,9.228189457517e-01,-1.331470666372e-01,2.665916281651e-01,9.210081404735e-01,-1.346928700466e-01,-5.308979741010e-04,-1.810805278235e-03,-1.545803409404e-03
"                2536",2.662708451089e-01,9.389798756489e-01,-1.296041014709e-01,2.651255278793e-01,9.374575085139e-01,-1.312126299721e-01,-1.145317229560e-03,-1.522367135004e-03,-1.608528501222e-03
"                2537",2.652845894510e-01,9.339980242879e-01,-1.257373833266e-01,2.636799005985e-01,9.325572233801e-01,-1.274101247058e-01,-1.604688852542e-03,-1.440800907848e-03,-1.672741379215e-03
"                2538",2.739153081870e-01,9.085976184034e-01,-1.227696392212e-01,2.720818873928e-01,9.069968586813e-01,-1.245117709115e-01,-1.833420794173e-03,-1.600759722094e-03,-1.742131690235e-03
"                2539",3.005011367604e-01,8.668389192663e-01,-1.217148822341e-01,2.986500995186e-01,8.648574071696e-01,-1.235189879952e-01,-1.851037241816e-03,-1.981512096745e-03,-1.804105761075e-03
"                2540",3.474742568844e-01,8.111298431655e-01,-1.215839864211e-01,3.458444229553e-01,8.085417482502e-01,-1.234421698721e-01,-1.629833929058e-03,-2.588094915357e-03,-1.858183451008e-03
"                2541",4.057285109108e-01,7.458122521729e-01,-1.210858828728e-01,4.046039683870e-01,7.424229877674e-01,-1.229936870707e-01,-1.124542523749e-03,-3.389264405454e-03,-1.907804197952e-03
"                2542",4.639108767820e-01,6.708086571089e-01,-1.194711004756e-01,4.635316576717e-01,6.664282317148e-01,-1.214250761156e-01,-3.792191103792e-04,-4.380425394087e-03,-1.953975640004e-03
"                2543",5.062222518148e-01,5.892689380973e-01,-1.170900493362e-01,5.067234765494e-01,5.837583686353e-01,-1.190810976225e-01,5.012247345555e-04,-5.510569462039e-03,-1.991048286376e-03
"                2544",5.375094924086e-01,5.032164730595e-01,-1.142852711646e-01,5.389440782716e-01,4.964831693047e-01,-1.163007744783e-01,1.434585862944e-03,-6.733303754777e-03,-2.015503313663e-03
"                2545",5.699321134410e-01,4.141900816630e-01,-1.117471712290e-01,5.723005864584e-01,4.061819125903e-01,-1.137686264356e-01,2.368473017471e-03,-8.008169072678e-03,-2.021455206578e-03
"                2546",6.187210695820e-01,3.415329990834e-01,-1.097031614636e-01,6.219927116846e-01,3.323068116499e-01,-1.117139539732e-01,3.271642102566e-03,-9.226187433480e-03,-2.010792509629e-03
"                2547",6.705093409164e-01,2.936662092785e-01,-1.083202098281e-01,6.746095492929e-01,2.833642079305e-01,-1.103061532171e-01,4.100208376450e-03,-1.030200134802e-02,-1.985943388928e-03
"                2548",7.056292132033e-01,2.712614234685e-01,-1.078783155713e-01,7.104778991303e-01,2.600839631231e-01,-1.098286537758e-01,4.848685927033e-03,-1.117746034539e-02,-1.950338204493e-03
"                2549",7.096411792219e-01,2.669583043521e-01,-1.089082526602e-01,7.151265368107e-01,2.551181702218e-01,-1.108094337786e-01,5.485357588809e-03,-1.184013413031e-02,-1.901181118446e-03
"                2550",6.890708454721e-01,2.708675273711e-01,-1.114109259365e-01,6.950596438100e-01,2.586333645826e-01,-1.132536354103e-01,5.988798337820e-03,-1.223416278850e-02,-1.842709473860e-03
"                2551",6.527433893746e-01,2.854534363926e-01,-1.139120406193e-01,6.590756814718e-01,2.731260338476e-01,-1.156897105895e-01,6.332292097222e-03,-1.232740254501e-02,-1.777669970143e-03
"                2552",6.138215146011e-01,3.180740013899e-01,-1.157101962921e-01,6.203111187131e-01,3.059511947628e-01,-1.174201792015e-01,6.489604111966e-03,-1.212280662702e-02,-1.709982909378e-03
"                2553",5.929241151863e-01,3.796783712988e-01,-1.168902879214e-01,5.994256777254e-01,3.679760040243e-01,-1.185298235352e-01,6.501562539056e-03,-1.170236727442e-02,-1.639535613814e-03
"                2554",5.835745091235e-01,4.585549592974e-01,-1.177778873758e-01,5.899773441821e-01,4.474795659880e-01,-1.193523836614e-01,6.402835058668e-03,-1.107539330945e-02,-1.574496285520e-03
"                2555",5.786198517566e-01,5.320936288716e-01,-1.187824229693e-01,5.847601534699e-01,5.218330978483e-01,-1.202960814193e-01,6.140301713320e-03,-1.026053102332e-02,-1.513658449923e-03
"                2556",5.753068054705e-01,5.879192184775e-01,-1.199894699225e-01,5.810420835927e-01,5.786231686637e-01,-1.214476856010e-01,5.735278122264e-03,-9.296049813868e-03,-1.458215678519e-03
"                2557",5.639524610941e-01,6.397889917640e-01,-1.215474844104e-01,5.691628582990e-01,6.315523143820e-01,-1.229609688127e-01,5.210397204876e-03,-8.236677381934e-03,-1.413484402285e-03
"                2558",5.326439558466e-01,6.984001754005e-01,-1.235296891272e-01,5.372544546421e-01,6.912356327207e-01,-1.249157435977e-01,4.610498795530e-03,-7.164542679809e-03,-1.386054470541e-03
"                2559",4.897528114549e-01,7.633005122848e-01,-1.261899699311e-01,4.936953020044e-01,7.572049934158e-01,-1.275625523881e-01,3.942490549461e-03,-6.095518868975e-03,-1.372582457026e-03
"                2560",4.339648634963e-01,8.235973797618e-01,-1.292095841989e-01,4.371932526231e-01,8.185321589293e-01,-1.305874049026e-01,3.228389126766e-03,-5.065220832504e-03,-1.377820703694e-03
"                2561",3.720090049533e-01,8.717670334081e-01,-1.317360315251e-01,3.744943546903e-01,8.676637841507e-01,-1.331354377343e-01,2.485349736955e-03,-4.103249257418e-03,-1.399406209239e-03
"                2562",3.213016212784e-01,9.084631291089e-01,-1.330614978218e-01,3.230577225779e-01,9.052459720546e-01,-1.345016051161e-01,1.756101299550e-03,-3.217157054341e-03,-1.440107294292e-03
"                2563",2.899003405160e-01,9.425215442073e-01,-1.330154603073e-01,2.909602005378e-01,9.400878632255e-01,-1.345115364465e-01,1.059860021815e-03,-2.433680981839e-03,-1.496076139119e-03
"                2564",2.807153146067e-01,9.760232732149e-01,-1.313573666560e-01,2.811265286429e-01,9.742386338671e-01,-1.329174607019e-01,4.112140362760e-04,-1.784639347800e-03,-1.560094045886e-03
"                2565",2.882975805722e-01,1.005613204919e+00,-1.283058392745e-01,2.881665303266e-01,1.004283433326e+00,-1.299348536515e-01,-1.310502456055e-04,-1.329771593294e-03,-1.629014376992e-03
"                2566",3.059615174396e-01,1.016385238398e+00,-1.245359305462e-01,3.054398372529e-01,1.015342738522e+00,-1.262398562139e-01,-5.216801866869e-04,-1.042499876304e-03,-1.703925667787e-03
"                2567",3.275132154261e-01,1.006806853014e+00,-1.218717013129e-01,3.267363152230e-01,1.005827381261e+00,-1.236455077718e-01,-7.769002030842e-04,-9.794717525026e-04,-1.773806458815e-03
"                2568",3.605815042445e-01,9.729686455188e-01,-1.207364553151e-01,3.596965942911e-01,9.718097466865e-01,-1.225740278954e-01,-8.849099533507e-04,-1.158898832307e-03,-1.837572580252e-03
"                2569",3.978408787856e-01,9.214532432214e-01,-1.198880383129e-01,3.970665495472e-01,9.198881699408e-01,-1.217894035269e-01,-7.743292383697e-04,-1.565073280656e-03,-1.901365213971e-03
"                2570",4.368218055220e-01,8.585830630058e-01,-1.184943159791e-01,4.363873913007e-01,8.563615586864e-01,-1.204535747973e-01,-4.344142213461e-04,-2.221504319465e-03,-1.959258818217e-03
"                2571",4.770018210850e-01,7.884137049247e-01,-1.171027464653e-01,4.771202376709e-01,7.853042719597e-01,-1.191108148991e-01,1.184165859462e-04,-3.109432965020e-03,-2.008068433806e-03
"                2572",5.187643553576e-01,7.127704428786e-01,-1.160002538803e-01,5.195584914440e-01,7.085842600402e-01,-1.180413245515e-01,7.941360863508e-04,-4.186182838396e-03,-2.041070671246e-03
"                2573",5.521817510433e-01,6.270013240901e-01,-1.153453322436e-01,5.537006616188e-01,6.216166021802e-01,-1.174013347724e-01,1.518910575439e-03,-5.384721909865e-03,-2.056002528756e-03
"                2574",5.813290880523e-01,5.347965414759e-01,-1.146950911861e-01,5.835867260793e-01,5.281463310321e-01,-1.167489320687e-01,2.257638027059e-03,-6.650210443816e-03,-2.053840882541e-03
"                2575",6.122796242647e-01,4.444332725190e-01,-1.134654851787e-01,6.152593752832e-01,4.365032006731e-01,-1.155016854843e-01,2.979751018494e-03,-7.930071845868e-03,-2.036200305556e-03
"                2576",6.484262295608e-01,3.764951132146e-01,-1.116742529441e-01,6.520860112261e-01,3.673718583004e-01,-1.136774887873e-01,3.659781665314e-03,-9.123254914198e-03,-2.003235843166e-03
"                2577",6.778760950690e-01,3.342308458044e-01,-1.102069928956e-01,6.821427209803e-01,3.240924282256e-01,-1.121662158422e-01,4.266625911281e-03,-1.013841757880e-02,-1.959222946620e-03
"                2578",6.861714817954e-01,3.117919317004e-01,-1.101062816367e-01,6.909519734347e-01,3.008598454633e-01,-1.120067465402e-01,4.780491639248e-03,-1.093208623705e-02,-1.900464903453e-03
"                2579",6.660484620145e-01,3.083252757347e-01,-1.113820832757e-01,6.712225339745e-01,2.968241512903e-01,-1.132131253753e-01,5.174071959927e-03,-1.150112444437e-02,-1.831042099652e-03
"                2580",6.240155215009e-01,3.174681285038e-01,-1.132201749039e-01,6.294426390400e-01,3.056578347076e-01,-1.149769001752e-01,5.427117539093e-03,-1.181029379619e-02,-1.756725271355e-03
"                2581",5.734623880520e-01,3.376246841887e-01,-1.155843175826e-01,5.789796928806e-01,3.257905462536e-01,-1.172628686282e-01,5.517304828610e-03,-1.183413793511e-02,-1.678551045567e-03
"                2582",5.287375479970e-01,3.724535695498e-01,-1.184020782908e-01,5.342407376017e-01,3.608682755703e-01,-1.200056952957e-01,5.503189604607e-03,-1.158529397948e-02,-1.603617004872e-03
"                2583",5.107181067647e-01,4.263824484312e-01,-1.214186457462e-01,5.161047278054e-01,4.152459778455e-01,-1.229485280074e-01,5.386621040659e-03,-1.113647058562e-02,-1.529882261128e-03
"                2584",5.098601982347e-01,4.967460741711e-01,-1.234789366840e-01,5.150527013464e-01,4.862589285468e-01,-1.249433492648e-01,5.192503111707e-03,-1.048714562428e-02,-1.464412580847e-03
"                2585",5.166319414578e-01,5.664001502095e-01,-1.245093453615e-01,5.215486715980e-01,5.567201932501e-01,-1.259189217448e-01,4.916730140230e-03,-9.679956959343e-03,-1.409576383368e-03
"                2586",5.203735863063e-01,6.281690219833e-01,-1.248784951191e-01,5.249650789529e-01,6.194317160179e-01,-1.262478933375e-01,4.591492646618e-03,-8.737305965403e-03,-1.369398218470e-03
"                2587",5.073354018065e-01,6.848719108376e-01,-1.250005593614e-01,5.115458078586e-01,6.771451847781e-01,-1.263455536400e-01,4.210406052100e-03,-7.726726059531e-03,-1.344994278643e-03
"                2588",4.724134590658e-01,7.477261039772e-01,-1.250614992210e-01,4.762059380741e-01,7.410334737141e-01,-1.264015935498e-01,3.792479008237e-03,-6.692630263099e-03,-1.340094328809e-03
"                2589",4.267860040357e-01,8.134618888395e-01,-1.253909978671e-01,4.301299749905e-01,8.078300904942e-01,-1.267440934272e-01,3.343970954828e-03,-5.631798345344e-03,-1.353095560067e-03
"                2590",3.783998213882e-01,8.723343834089e-01,-1.264297238570e-01,3.812784374317e-01,8.677401592094e-01,-1.278182316028e-01,2.878616043564e-03,-4.594224199466e-03,-1.388507745821e-03
"                2591",3.368674529778e-01,9.230430886300e-01,-1.281156995726e-01,3.392435270858e-01,9.194278780743e-01,-1.295561520057e-01,2.376074107999e-03,-3.615210555698e-03,-1.440452433150e-03
"                2592",3.118613531799e-01,9.591911018458e-01,-1.294850096709e-01,3.137421531780e-01,9.564818152308e-01,-1.309923783215e-01,1.880799998117e-03,-2.709286615036e-03,-1.507368650542e-03
"                2593",3.019213802401e-01,9.901622808936e-01,-1.294398684046e-01,3.033126982776e-01,9.882285058535e-01,-1.310196397251e-01,1.391318037578e-03,-1.933775040087e-03,-1.579771320422e-03
"                2594",3.108088772737e-01,1.020234121532e+00,-1.273072669322e-01,3.117893732859e-01,1.018936093545e+00,-1.289647249144e-01,9.804960121561e-04,-1.298027986267e-03,-1.657457982215e-03
"                2595",3.362780673582e-01,1.047960732337e+00,-1.246765029732e-01,3.369445752979e-01,1.047110183117e+00,-1.264108773445e-01,6.665079396989e-04,-8.505492196485e-04,-1.734374371292e-03
"                2596",3.782202033263e-01,1.054916375420e+00,-1.223827695236e-01,3.786328902925e-01,1.054328496189e+00,-1.241875842818e-01,4.126869662237e-04,-5.878792307973e-04,-1.804814758149e-03
"                2597",4.147878023138e-01,1.035393234837e+00,-1.201613135602e-01,4.150804426975e-01,1.034833461298e+00,-1.220339776410e-01,2.926403836446e-04,-5.597735391431e-04,-1.872664080795e-03
"                2598",4.470024841655e-01,9.883934069534e-01,-1.177185665940e-01,4.473411070449e-01,9.875981048489e-01,-1.196598019245e-01,3.386228794106e-04,-7.953021044531e-04,-1.941235330507e-03
"                2599",4.678766372601e-01,9.292029337792e-01,-1.154842516678e-01,4.683980654242e-01,9.279013764218e-01,-1.174886271112e-01,5.214281641169e-04,-1.301557357437e-03,-2.004375443384e-03
"                2600",4.884532854343e-01,8.655024204792e-01,-1.141959718736e-01,4.892824885068e-01,8.634253446940e-01,-1.162471972022e-01,8.292030725379e-04,-2.077075785138e-03,-2.051225328660e-03
"                2601",5.180060897105e-01,7.945985818057e-01,-1.144679935002e-01,5.192586448215e-01,7.915313275538e-01,-1.165462207289e-01,1.252555111073e-03,-3.067254251888e-03,-2.078227228716e-03
"                2602",5.565806783532e-01,7.148667614356e-01,-1.156701866680e-01,5.583282649787e-01,7.106584782575e-01,-1.177567489864e-01,1.747586625515e-03,-4.208283178141e-03,-2.086562318412e-03
"                2603",5.908864781132e-01,6.255615771986e-01,-1.166830326458e-01,5.931495582311e-01,6.201331173152e-01,-1.187595772473e-01,2.263080117859e-03,-5.428459883419e-03,-2.076544601540e-03
"                2604",6.116533130223e-01,5.354100125496e-01,-1.165739353403e-01,6.144367749555e-01,5.287234815768e-01,-1.186262554510e-01,2.783461933190e-03,-6.686530972799e-03,-2.052320110687e-03
"                2605",6.194534956341e-01,4.516325873890e-01,-1.152287504216e-01,6.227376577159e-01,4.437041924746e-01,-1.172439381279e-01,3.284162081708e-03,-7.928394914431e-03,-2.015187706294e-03
"                2606",6.274271535968e-01,3.848098075361e-01,-1.134302357717e-01,6.311616513597e-01,3.757621140943e-01,-1.153924978045e-01,3.734497762837e-03,-9.047693441777e-03,-1.962262032817e-03
"                2607",6.338249680296e-01,3.403429061698e-01,-1.120549628368e-01,6.379202308046e-01,3.303686341938e-01,-1.139520486929e-01,4.095262774945e-03,-9.974271976029e-03,-1.897085856044e-03
"                2608",6.201628500224e-01,3.224976456500e-01,-1.113920604163e-01,6.245176515592e-01,3.118018187131e-01,-1.132127752951e-01,4.354801536805e-03,-1.069582693687e-02,-1.820714878775e-03
"                2609",5.863807606798e-01,3.282913476344e-01,-1.123687181154e-01,5.908630235760e-01,3.170886743539e-01,-1.141062119357e-01,4.482262896225e-03,-1.120267328051e-02,-1.737493820244e-03
"                2610",5.373535214217e-01,3.431789126182e-01,-1.151966545740e-01,5.418731696482e-01,3.317142171888e-01,-1.168504696396e-01,4.519648226511e-03,-1.146469542942e-02,-1.653815065580e-03
"                2611",4.854834825751e-01,3.562103427815e-01,-1.196289713100e-01,4.899387494020e-01,3.447662960251e-01,-1.212010739805e-01,4.455266826942e-03,-1.144404675639e-02,-1.572102670493e-03
"                2612",4.478677708665e-01,3.812342186560e-01,-1.241011604516e-01,4.521864599204e-01,3.700664218012e-01,-1.255975615397e-01,4.318689053996e-03,-1.116779685480e-02,-1.496401088064e-03
"                2613",4.418003461255e-01,4.327491520101e-01,-1.275565968482e-01,4.459479974855e-01,4.220290175239e-01,-1.289855417429e-01,4.147651359975e-03,-1.072013448618e-02,-1.428944894735e-03
"                2614",4.504730665355e-01,5.077315093477e-01,-1.289991742483e-01,4.544719537403e-01,4.976487529029e-01,-1.303770442199e-01,3.998887204818e-03,-1.008275644480e-02,-1.377869971584e-03
"                2615",4.627739758351e-01,5.819263682982e-01,-1.288277175344e-01,4.666351329852e-01,5.726235192482e-01,-1.301698049174e-01,3.861157150101e-03,-9.302849050031e-03,-1.342087383074e-03
"                2616",4.674661718149e-01,6.469449240177e-01,-1.272434799835e-01,4.711871217150e-01,6.385642609441e-01,-1.285682323083e-01,3.720949900140e-03,-8.380663073563e-03,-1.324752324779e-03
"                2617",4.478569583424e-01,7.059091844207e-01,-1.247643828455e-01,4.514240218767e-01,6.985337589840e-01,-1.260915435217e-01,3.567063534249e-03,-7.375425436692e-03,-1.327160676211e-03
"                2618",4.142319078267e-01,7.704665592367e-01,-1.226370675200e-01,4.176355925695e-01,7.641479726161e-01,-1.239882712551e-01,3.403684742802e-03,-6.318586620641e-03,-1.351203735079e-03
"                2619",3.856540777696e-01,8.412695544284e-01,-1.219477300575e-01,3.888636253767e-01,8.360540151789e-01,-1.233425866539e-01,3.209547607093e-03,-5.215539249491e-03,-1.394856596363e-03
"                2620",3.640503120209e-01,9.049256039006e-01,-1.230883423645e-01,3.670386734737e-01,9.007730034203e-01,-1.245444704965e-01,2.988361452790e-03,-4.152600480304e-03,-1.456128132044e-03
"                2621",3.480429968428e-01,9.531443613707e-01,-1.249215312288e-01,3.507525261193e-01,9.499874872286e-01,-1.264498775179e-01,2.709529276485e-03,-3.156874142137e-03,-1.528346289129e-03
"                2622",3.435850645065e-01,9.831013107176e-01,-1.258374411118e-01,3.460237506314e-01,9.808448009054e-01,-1.274433427588e-01,2.438686124948e-03,-2.256509812212e-03,-1.605901647038e-03
"                2623",3.492180179388e-01,1.009445031495e+00,-1.256858644309e-01,3.514172384385e-01,1.007944767060e+00,-1.273733753983e-01,2.199220499676e-03,-1.500264435352e-03,-1.687510967429e-03
"                2624",3.768572848572e-01,1.040833692907e+00,-1.249830689823e-01,3.788182762445e-01,1.039941498796e+00,-1.267448299458e-01,1.960991387282e-03,-8.921941103163e-04,-1.761760963496e-03
"                2625",4.176545408415e-01,1.064675353965e+00,-1.232299854438e-01,4.194378219898e-01,1.064191311581e+00,-1.250648294491e-01,1.783281148260e-03,-4.840423842913e-04,-1.834844005313e-03
"                2626",4.564308677553e-01,1.058709872064e+00,-1.199164187885e-01,4.581147473147e-01,1.058419957506e+00,-1.218234866478e-01,1.683879559363e-03,-2.899145584801e-04,-1.907067859284e-03
"                2627",4.788477989098e-01,1.027582340983e+00,-1.158936609468e-01,4.805080239842e-01,1.027220399232e+00,-1.178679575949e-01,1.660225074443e-03,-3.619417515313e-04,-1.974296648127e-03
"                2628",4.945303855449e-01,9.755969669546e-01,-1.128114577297e-01,4.962451176180e-01,9.748777242751e-01,-1.148450290299e-01,1.714732073166e-03,-7.192426795284e-04,-2.033571300179e-03
"                2629",5.062279820969e-01,9.154658200026e-01,-1.116254891476e-01,5.080293467671e-01,9.141152903777e-01,-1.137023130520e-01,1.801364670224e-03,-1.350529624850e-03,-2.076823904424e-03
"                2630",5.233090073369e-01,8.530754058914e-01,-1.126113338573e-01,5.252479136710e-01,8.508595575350e-01,-1.147091510349e-01,1.938906334119e-03,-2.215848356356e-03,-2.097817177575e-03
"                2631",5.508109196832e-01,7.838387960744e-01,-1.150219371169e-01,5.529774465474e-01,7.805768423684e-01,-1.171212200273e-01,2.166526864180e-03,-3.261953706012e-03,-2.099282910389e-03
"                2632",5.811606403240e-01,7.057827943566e-01,-1.171421898640e-01,5.835993597942e-01,7.013645133425e-01,-1.192262902749e-01,2.438719470145e-03,-4.418281014058e-03,-2.084100410865e-03
"                2633",5.968370732611e-01,6.225142020398e-01,-1.181068513679e-01,5.995747632969e-01,6.169017755220e-01,-1.201619246158e-01,2.737690035771e-03,-5.612426517799e-03,-2.055073247883e-03
"                2634",5.914547037431e-01,5.337440051694e-01,-1.178175950750e-01,5.944823151411e-01,5.269219108933e-01,-1.198286244209e-01,3.027611397933e-03,-6.822094276015e-03,-2.011029345948e-03
"                2635",5.752365172896e-01,4.496230183104e-01,-1.165392643814e-01,5.785111597566e-01,4.416313774671e-01,-1.184926145247e-01,3.274642466975e-03,-7.991640843255e-03,-1.953350143354e-03
"                2636",5.600013370549e-01,3.830542290610e-01,-1.143302756394e-01,5.634589968452e-01,3.740231298483e-01,-1.162133212355e-01,3.457659790235e-03,-9.031099212690e-03,-1.883045596058e-03
"                2637",5.505300014421e-01,3.438096059629e-01,-1.124173457043e-01,5.540649142024e-01,3.339145198468e-01,-1.142208029942e-01,3.534912760330e-03,-9.895086116110e-03,-1.803457289861e-03
"                2638",5.309901687510e-01,3.341140616807e-01,-1.125169027807e-01,5.345344304359e-01,3.235322462138e-01,-1.142326989708e-01,3.544261684883e-03,-1.058181546687e-02,-1.715796190035e-03
"                2639",4.972269196985e-01,3.369214091314e-01,-1.155147639168e-01,5.007241283619e-01,3.258654130058e-01,-1.171432899327e-01,3.497208663411e-03,-1.105599612560e-02,-1.628526015907e-03
"                2640",4.528559653418e-01,3.382822135351e-01,-1.204939527568e-01,4.562441801086e-01,3.270020968600e-01,-1.220388685064e-01,3.388214766771e-03,-1.128011667501e-02,-1.544915749623e-03
"                2641",4.093616606328e-01,3.436962898093e-01,-1.259767102161e-01,4.125945804297e-01,3.324575102313e-01,-1.274452282112e-01,3.232919796861e-03,-1.123877957804e-02,-1.468517995129e-03
"                2642",3.858564058254e-01,3.725446502049e-01,-1.304284952705e-01,3.889624187198e-01,3.615784426234e-01,-1.318333384479e-01,3.106012894388e-03,-1.096620758150e-02,-1.404843177413e-03
"                2643",3.862625147254e-01,4.346541861728e-01,-1.328569930708e-01,3.893092586435e-01,4.241339514498e-01,-1.342174348603e-01,3.046743918034e-03,-1.052023472307e-02,-1.360441789507e-03
"                2644",3.974954352769e-01,5.162128810362e-01,-1.324492406983e-01,4.005637465503e-01,5.063191627244e-01,-1.337824458090e-01,3.068311273392e-03,-9.893718311844e-03,-1.333205110679e-03
"                2645",4.102147269524e-01,5.901446303969e-01,-1.296156680302e-01,4.133651790546e-01,5.810473539273e-01,-1.309394004443e-01,3.150452102195e-03,-9.097276469667e-03,-1.323732414087e-03
"                2646",4.163425245455e-01,6.536571014676e-01,-1.255267812234e-01,4.196051003945e-01,6.455180125769e-01,-1.268607549032e-01,3.262575848973e-03,-8.139088890705e-03,-1.333973679829e-03
"                2647",4.080735507709e-01,7.126041846273e-01,-1.215775772183e-01,4.114412888105e-01,7.055151780123e-01,-1.229437596273e-01,3.367738039610e-03,-7.089006614920e-03,-1.366182408994e-03
"                2648",3.989885136731e-01,7.814877020674e-01,-1.192964537777e-01,4.024476001017e-01,7.755123345593e-01,-1.207149310677e-01,3.459086428584e-03,-5.975367508107e-03,-1.418477289978e-03
"                2649",3.949071798726e-01,8.547217910679e-01,-1.189666994459e-01,3.984056307200e-01,8.498912388347e-01,-1.204505933378e-01,3.498450847399e-03,-4.830552233215e-03,-1.483893891973e-03
"                2650",3.945366000822e-01,9.187751544168e-01,-1.200593051473e-01,3.980354582734e-01,9.150212837061e-01,-1.216157018760e-01,3.498858191185e-03,-3.753870710701e-03,-1.556396728654e-03
"                2651",3.958834586482e-01,9.636924553106e-01,-1.216426536616e-01,3.993546822283e-01,9.609492278656e-01,-1.232812766353e-01,3.471223580166e-03,-2.743227444963e-03,-1.638622973699e-03
"                2652",4.086647459364e-01,9.925936391454e-01,-1.237226000137e-01,4.120723254249e-01,9.907408612137e-01,-1.254391810323e-01,3.407579488455e-03,-1.852777931673e-03,-1.716581018634e-03
"                2653",4.301727750635e-01,1.014118237155e+00,-1.248180243701e-01,4.334688922282e-01,1.012999897401e+00,-1.266070891660e-01,3.296117164698e-03,-1.118339754326e-03,-1.789064795915e-03
"                2654",4.563606022784e-01,1.037326556224e+00,-1.234952652547e-01,4.595703296128e-01,1.036757123061e+00,-1.253576436333e-01,3.209727334407e-03,-5.694331634982e-04,-1.862378378574e-03
"                2655",4.793900896354e-01,1.050652295383e+00,-1.198517038026e-01,4.825322238043e-01,1.050408216798e+00,-1.217859680617e-01,3.142134168896e-03,-2.440785848790e-04,-1.934264259106e-03
"                2656",4.949791791359e-01,1.039307759300e+00,-1.153130674588e-01,4.980575242009e-01,1.039130572910e+00,-1.173122358129e-01,3.078345064988e-03,-1.771863895126e-04,-1.999168354110e-03
"                2657",5.061951512119e-01,1.006399027444e+00,-1.116826844219e-01,5.091879150103e-01,1.006013649749e+00,-1.137313128327e-01,2.992763798451e-03,-3.853776947634e-04,-2.048628410850e-03
"                2658",5.194737948797e-01,9.510955800409e-01,-1.102929126239e-01,5.223753693586e-01,9.502375534721e-01,-1.123750448461e-01,2.901574478939e-03,-8.580265687091e-04,-2.082132222182e-03
"                2659",5.327222354725e-01,8.875453804884e-01,-1.111418728069e-01,5.355103008803e-01,8.859671413582e-01,-1.132389150364e-01,2.788065407880e-03,-1.578239130186e-03,-2.097042229522e-03
"                2660",5.476722283111e-01,8.277190078760e-01,-1.134227319786e-01,5.503865263028e-01,8.252266735709e-01,-1.155155995121e-01,2.714297991677e-03,-2.492334305136e-03,-2.092867533479e-03
"                2661",5.601069551851e-01,7.668031341620e-01,-1.160696255849e-01,5.628250685233e-01,7.632508366690e-01,-1.181422442824e-01,2.718113338149e-03,-3.552297493034e-03,-2.072618697434e-03
"                2662",5.616587598182e-01,6.898143769939e-01,-1.180246022970e-01,5.644184212433e-01,6.851314668489e-01,-1.200635798375e-01,2.759661425103e-03,-4.682910145078e-03,-2.038977540485e-03
"                2663",5.519401512330e-01,5.988040999687e-01,-1.189759415527e-01,5.547478552093e-01,5.929818030589e-01,-1.209647625960e-01,2.807703976286e-03,-5.822296909816e-03,-1.988821043275e-03
"                2664",5.268040992948e-01,5.058299912943e-01,-1.183413091629e-01,5.296375855126e-01,4.988662183592e-01,-1.202670626855e-01,2.833486217735e-03,-6.963772935063e-03,-1.925753522634e-03
"                2665",4.958401595294e-01,4.283573997946e-01,-1.162383407789e-01,4.986344119029e-01,4.202846069347e-01,-1.180912897355e-01,2.794252373459e-03,-8.072792859902e-03,-1.852948956619e-03
"                2666",4.730482153351e-01,3.727358970319e-01,-1.141759051696e-01,4.757586565573e-01,3.636628576508e-01,-1.159477988415e-01,2.710441222147e-03,-9.073039381116e-03,-1.771893671979e-03
"                2667",4.587780170949e-01,3.334551016360e-01,-1.138456095752e-01,4.613766126817e-01,3.235411793412e-01,-1.155332707074e-01,2.598595586745e-03,-9.913922294825e-03,-1.687661132244e-03
"                2668",4.430159156835e-01,3.104747506963e-01,-1.163685887161e-01,4.454589669005e-01,2.998979588345e-01,-1.179677590854e-01,2.443051216922e-03,-1.057679186181e-02,-1.599170369288e-03
"                2669",4.193902290967e-01,2.973451154677e-01,-1.210265909378e-01,4.216727084088e-01,2.863086722002e-01,-1.225429897567e-01,2.282479312135e-03,-1.103644326751e-02,-1.516398818888e-03
"                2670",3.883862931160e-01,2.971962530207e-01,-1.263716603827e-01,3.905260484006e-01,2.859420401979e-01,-1.278171440684e-01,2.139755284678e-03,-1.125421282284e-02,-1.445483685749e-03
"                2671",3.561721097514e-01,3.184435020078e-01,-1.313327974179e-01,3.582298315310e-01,3.072363241030e-01,-1.327237847859e-01,2.057721779605e-03,-1.120717790477e-02,-1.390987368065e-03
"                2672",3.393080849477e-01,3.631614421340e-01,-1.344860343696e-01,3.413860729628e-01,3.522065602483e-01,-1.358384968970e-01,2.077988015049e-03,-1.095488188563e-02,-1.352462527402e-03
"                2673",3.394329991924e-01,4.291059396243e-01,-1.348588330923e-01,3.416479888187e-01,4.186082560903e-01,-1.361938195176e-01,2.214989626392e-03,-1.049768353396e-02,-1.334986425374e-03
"                2674",3.510794540465e-01,5.043246067906e-01,-1.321846324415e-01,3.535594795100e-01,4.944873105835e-01,-1.335203905069e-01,2.480025463489e-03,-9.837296207063e-03,-1.335758065420e-03
"                2675",3.718380921582e-01,5.757858035593e-01,-1.275892286891e-01,3.746721406760e-01,5.668041971987e-01,-1.289457946449e-01,2.834048517880e-03,-8.981606360619e-03,-1.356565955790e-03
"                2676",3.984264412389e-01,6.463539578282e-01,-1.227565942324e-01,4.016417371738e-01,6.384015751339e-01,-1.241535297425e-01,3.215295934878e-03,-7.952382694275e-03,-1.396935510129e-03
"                2677",4.136709601924e-01,7.169041069699e-01,-1.189708581496e-01,4.172370583048e-01,7.100640347340e-01,-1.204248230766e-01,3.566098112402e-03,-6.840072235974e-03,-1.453964926975e-03
"                2678",4.257232873677e-01,7.924424118577e-01,-1.169622524220e-01,4.296105669755e-01,7.867622937131e-01,-1.184838264138e-01,3.887279607767e-03,-5.680118144604e-03,-1.521573991767e-03
"                2679",4.369588504018e-01,8.694337613591e-01,-1.165607326989e-01,4.411453538903e-01,8.649258690300e-01,-1.181590819966e-01,4.186503488457e-03,-4.507892329138e-03,-1.598349297725e-03
"                2680",4.517944972709e-01,9.364931835595e-01,-1.182918760784e-01,4.562146960727e-01,9.330863228092e-01,-1.199672927642e-01,4.420198801867e-03,-3.406860750341e-03,-1.675416685793e-03
"                2681",4.715483488026e-01,9.796158436264e-01,-1.212481586240e-01,4.760808976761e-01,9.772147801870e-01,-1.229972673190e-01,4.532548873518e-03,-2.401063439328e-03,-1.749108694981e-03
"                2682",4.865102861375e-01,1.001044126521e+00,-1.232639661041e-01,4.911193373669e-01,9.994996581104e-01,-1.250870236261e-01,4.609051229403e-03,-1.544468410874e-03,-1.823057521937e-03
"                2683",4.938608676243e-01,1.014493660788e+00,-1.226023690574e-01,4.985005213356e-01,1.013627322444e+00,-1.244978233570e-01,4.639653711230e-03,-8.663383443461e-04,-1.895454299559e-03
"                2684",4.966522122062e-01,1.034704951978e+00,-1.196225661918e-01,5.012671013167e-01,1.034282267026e+00,-1.215855730232e-01,4.614889110408e-03,-4.226849516425e-04,-1.963006831452e-03
"                2685",5.004113987273e-01,1.047793653556e+00,-1.157672563287e-01,5.049223109416e-01,1.047567161131e+00,-1.177855834224e-01,4.510912214268e-03,-2.264924250894e-04,-2.018327093695e-03
"                2686",5.061840730225e-01,1.036431448356e+00,-1.124289625529e-01,5.105000538476e-01,1.036123876333e+00,-1.144850997093e-01,4.315980825080e-03,-3.075720235053e-04,-2.056137156378e-03
"                2687",5.189020636924e-01,9.963864061910e-01,-1.106697010465e-01,5.229559947964e-01,9.957588924810e-01,-1.127461374048e-01,4.053931103938e-03,-6.275137100174e-04,-2.076436358339e-03
"                2688",5.336795547981e-01,9.345512455651e-01,-1.107340979349e-01,5.374294704192e-01,9.333777796514e-01,-1.128147125651e-01,3.749915621084e-03,-1.173465913750e-03,-2.080614630287e-03
"                2689",5.405368879189e-01,8.732827167910e-01,-1.119243935216e-01,5.439553650577e-01,8.713502861600e-01,-1.139958868193e-01,3.418477138782e-03,-1.932430630996e-03,-2.071493297676e-03
"                2690",5.360855244790e-01,8.159376841911e-01,-1.140896698537e-01,5.392138097248e-01,8.130930556520e-01,-1.161365965264e-01,3.128285245808e-03,-2.844628539085e-03,-2.046926672737e-03
"                2691",5.236641663732e-01,7.529054934480e-01,-1.166647528415e-01,5.265637072842e-01,7.490428571065e-01,-1.186716854255e-01,2.899540910934e-03,-3.862636341572e-03,-2.006932584014e-03
"                2692",5.032976585477e-01,6.729695640247e-01,-1.185520433400e-01,5.059729122215e-01,6.680430902486e-01,-1.205051786845e-01,2.675253673767e-03,-4.926473776155e-03,-1.953135344525e-03
"                2693",4.733555477334e-01,5.797085887458e-01,-1.185949210777e-01,4.757996004877e-01,5.736918856934e-01,-1.204824321110e-01,2.444052754308e-03,-6.016703052374e-03,-1.887511033335e-03
"                2694",4.379254529190e-01,4.852155128755e-01,-1.174723247121e-01,4.401189233399e-01,4.780820961083e-01,-1.192852939140e-01,2.193470420913e-03,-7.133416767257e-03,-1.812969201862e-03
"                2695",4.042821679899e-01,4.050429377916e-01,-1.164308671208e-01,4.062247049001e-01,3.968208294019e-01,-1.181657377252e-01,1.942536910194e-03,-8.222108389718e-03,-1.734870604391e-03
"                2696",3.858030458552e-01,3.416292980752e-01,-1.166252863210e-01,3.874853707635e-01,3.324305500771e-01,-1.182784896059e-01,1.682324908345e-03,-9.198747998154e-03,-1.653203284875e-03
"                2697",3.783486323378e-01,2.967926401250e-01,-1.182397683168e-01,3.797738670759e-01,2.867678806782e-01,-1.198113910764e-01,1.425234738070e-03,-1.002475944685e-02,-1.571622759623e-03
"                2698",3.732873309821e-01,2.727421308449e-01,-1.216527555007e-01,3.744868651913e-01,2.620606860938e-01,-1.231469500614e-01,1.199534209227e-03,-1.068144475113e-02,-1.494194560739e-03
"                2699",3.595984663627e-01,2.649831876351e-01,-1.262599716368e-01,3.606651534988e-01,2.538469852923e-01,-1.276907706982e-01,1.066687136091e-03,-1.113620234274e-02,-1.430799061375e-03
"                2700",3.362919741524e-01,2.727443135892e-01,-1.309252041566e-01,3.373192334006e-01,2.613923096262e-01,-1.323103951395e-01,1.027259248136e-03,-1.135200396293e-02,-1.385190982943e-03
"                2701",3.072857689944e-01,3.015263388283e-01,-1.341711545032e-01,3.083958144537e-01,2.902280497194e-01,-1.355299199049e-01,1.110045459356e-03,-1.129828910881e-02,-1.358765401783e-03
"                2702",2.918888951367e-01,3.497925154876e-01,-1.351949379792e-01,2.932440576236e-01,3.387780523830e-01,-1.365453605452e-01,1.355162486817e-03,-1.101446310459e-02,-1.350422566068e-03
"                2703",2.941942752203e-01,4.211533796366e-01,-1.334379688649e-01,2.959483082500e-01,4.106666892004e-01,-1.348042242153e-01,1.754033029690e-03,-1.048669043621e-02,-1.366255350442e-03
"                2704",3.224368974145e-01,5.017134331884e-01,-1.296689548914e-01,3.247151911084e-01,4.919735860596e-01,-1.310675615849e-01,2.278293693913e-03,-9.739847128793e-03,-1.398606693511e-03
"                2705",3.682617472032e-01,5.781606867713e-01,-1.250798682875e-01,3.711541588287e-01,5.693698390015e-01,-1.265269395186e-01,2.892411625449e-03,-8.790847769770e-03,-1.447071231114e-03
"                2706",4.190376586736e-01,6.518352524281e-01,-1.205366124540e-01,4.225533314562e-01,6.441341451390e-01,-1.220421150663e-01,3.515672782618e-03,-7.701107289108e-03,-1.505502612292e-03
"                2707",4.550527816055e-01,7.302273740915e-01,-1.165929048530e-01,4.591763824965e-01,7.236854386676e-01,-1.181671064608e-01,4.123600891009e-03,-6.541935423854e-03,-1.574201607869e-03
"                2708",4.810706521896e-01,8.122083176761e-01,-1.149892314077e-01,4.857729298051e-01,8.068842998646e-01,-1.166381122675e-01,4.702277615500e-03,-5.324017811513e-03,-1.648880859783e-03
"                2709",5.066521356237e-01,8.930425284171e-01,-1.163801209467e-01,5.118150779391e-01,8.889093281249e-01,-1.180988586646e-01,5.162942315346e-03,-4.133200292178e-03,-1.718737717900e-03
"                2710",5.276559081395e-01,9.558442089620e-01,-1.189048583327e-01,5.331866398221e-01,9.528121111919e-01,-1.206944265352e-01,5.530731682541e-03,-3.032097770153e-03,-1.789568202483e-03
"                2711",5.390712181154e-01,9.894747838673e-01,-1.205713938855e-01,5.448708759608e-01,9.874061728813e-01,-1.224335112170e-01,5.799657845398e-03,-2.068610985975e-03,-1.862117331580e-03
"                2712",5.356819601062e-01,1.002541435761e+00,-1.205884781354e-01,5.416414228933e-01,1.001242275995e+00,-1.225188094870e-01,5.959462787083e-03,-1.299159765596e-03,-1.930331351619e-03
"                2713",5.264216641924e-01,1.012148589289e+00,-1.191077659914e-01,5.324054411499e-01,1.011410400493e+00,-1.210944912987e-01,5.983776957438e-03,-7.381887954843e-04,-1.986725307215e-03
"                2714",5.196582744352e-01,1.031275018121e+00,-1.168460130854e-01,5.255175966333e-01,1.030847384896e+00,-1.188748862509e-01,5.859322198109e-03,-4.276332249762e-04,-2.028873165534e-03
"                2715",5.187264895001e-01,1.042894274102e+00,-1.144601290972e-01,5.243205803096e-01,1.042530607324e+00,-1.165143202483e-01,5.594090809475e-03,-3.636667782764e-04,-2.054191151123e-03
"                2716",5.217535026988e-01,1.026200008709e+00,-1.125954668553e-01,5.269535586086e-01,1.025660947688e+00,-1.146563664710e-01,5.200055909727e-03,-5.390610201208e-04,-2.060899615729e-03
"                2717",5.304310289040e-01,9.775314245855e-01,-1.113313326431e-01,5.351575767422e-01,9.766132762107e-01,-1.133853225638e-01,4.726547838156e-03,-9.181483748353e-04,-2.053989920662e-03
"                2718",5.276138912429e-01,9.154985339686e-01,-1.110887352921e-01,5.318305779616e-01,9.140097668512e-01,-1.131243874989e-01,4.216686718692e-03,-1.488767117439e-03,-2.035652206808e-03
"                2719",5.150204939882e-01,8.559264765184e-01,-1.121030400999e-01,5.186948930486e-01,8.536914763355e-01,-1.141066855500e-01,3.674399060379e-03,-2.235000182978e-03,-2.003645450065e-03
"                2720",4.888073054295e-01,7.950344209905e-01,-1.142445488098e-01,4.919613973892e-01,7.919282198703e-01,-1.162025078350e-01,3.154091959746e-03,-3.106201120195e-03,-1.957959025208e-03
"                2721",4.550610592439e-01,7.270001215305e-01,-1.162144272218e-01,4.577142613694e-01,7.229067889829e-01,-1.181152542470e-01,2.653202125486e-03,-4.093332547588e-03,-1.900827025189e-03
"                2722",4.176187075406e-01,6.444769085812e-01,-1.174295222934e-01,4.197680016699e-01,6.393453375407e-01,-1.192643834031e-01,2.149294129253e-03,-5.131571040477e-03,-1.834861109641e-03
"                2723",3.805240049655e-01,5.508169179331e-01,-1.180445440345e-01,3.822117267843e-01,5.445962279987e-01,-1.198075684979e-01,1.687721818775e-03,-6.220689934453e-03,-1.763024463404e-03
"                2724",3.470025844352e-01,4.521120970387e-01,-1.188568698559e-01,3.482560531435e-01,4.447808459969e-01,-1.205441128394e-01,1.253468708326e-03,-7.331251041860e-03,-1.687242983533e-03
"                2725",3.219334138398e-01,3.650092677631e-01,-1.198968529981e-01,3.227709500324e-01,3.566091094485e-01,-1.215078761259e-01,8.375361925837e-04,-8.400158314653e-03,-1.611023127755e-03
"                2726",3.124385953972e-01,2.979484574611e-01,-1.212864203238e-01,3.129148216748e-01,2.885745862692e-01,-1.228251696775e-01,4.762262775433e-04,-9.373871191937e-03,-1.538749353744e-03
"                2727",3.120235077959e-01,2.581741630871e-01,-1.232061713357e-01,3.122272277241e-01,2.479623668806e-01,-1.246792489613e-01,2.037199282022e-04,-1.021179620647e-02,-1.473077625594e-03
"                2728",3.123053870328e-01,2.454554387525e-01,-1.260347280499e-01,3.123646400445e-01,2.345781812425e-01,-1.274572562417e-01,5.925301172109e-05,-1.087725750997e-02,-1.422528191777e-03
"                2729",3.021776526590e-01,2.462506965833e-01,-1.291805625585e-01,3.022372625767e-01,2.349271827039e-01,-1.305688776184e-01,5.960991769614e-05,-1.132351387943e-02,-1.388315059863e-03
"                2730",2.792462926069e-01,2.609560158124e-01,-1.317837712203e-01,2.794553450351e-01,2.494558051594e-01,-1.331578381146e-01,2.090524282404e-04,-1.150021065300e-02,-1.374066894320e-03
"                2731",2.548256226066e-01,2.938071276621e-01,-1.331830547697e-01,2.553501330241e-01,2.824170625477e-01,-1.345627915651e-01,5.245104175009e-04,-1.139006511444e-02,-1.379736795422e-03
"                2732",2.541247051225e-01,3.512341675418e-01,-1.330446208589e-01,2.551441810768e-01,3.402112343489e-01,-1.344508165599e-01,1.019475954266e-03,-1.102293319290e-02,-1.406195701001e-03
"                2733",2.797078254120e-01,4.337330235437e-01,-1.309962320874e-01,2.813781726059e-01,4.233347072438e-01,-1.324494884478e-01,1.670347193854e-03,-1.039831629990e-02,-1.453256360396e-03
"                2734",3.345674737485e-01,5.177178829211e-01,-1.273749102957e-01,3.370035997043e-01,5.081522365639e-01,-1.288840673100e-01,2.436125955842e-03,-9.565646357215e-03,-1.509157014286e-03
"                2735",4.039524732489e-01,5.982167691813e-01,-1.226719983660e-01,4.072487322280e-01,5.896726038306e-01,-1.242417109940e-01,3.296258979101e-03,-8.544165350735e-03,-1.569712627987e-03
"                2736",4.666608682110e-01,6.751858710213e-01,-1.182192318901e-01,4.708592107299e-01,6.677938622938e-01,-1.198570074698e-01,4.198342518927e-03,-7.392008727503e-03,-1.637775579662e-03
"                2737",5.171881622319e-01,7.594939927152e-01,-1.159686033183e-01,5.221976607427e-01,7.533079254238e-01,-1.176719835234e-01,5.009498510805e-03,-6.186067291364e-03,-1.703380205079e-03
"                2738",5.550009119358e-01,8.428993589824e-01,-1.159095850255e-01,5.607320211654e-01,8.379588837220e-01,-1.176782838312e-01,5.731109229586e-03,-4.940475260370e-03,-1.768698805689e-03
"                2739",5.758321605233e-01,9.147918687162e-01,-1.167705733624e-01,5.821789678891e-01,9.110174015863e-01,-1.186056847125e-01,6.346807365852e-03,-3.774467129916e-03,-1.835111350181e-03
"                2740",5.819419340480e-01,9.667765045782e-01,-1.174247907875e-01,5.887644610990e-01,9.640543957379e-01,-1.193268274981e-01,6.822527050987e-03,-2.722108840367e-03,-1.902036710628e-03
"                2741",5.811931235476e-01,9.927254165111e-01,-1.178949213822e-01,5.883151293608e-01,9.908655356943e-01,-1.198568961410e-01,7.122005813226e-03,-1.859880816748e-03,-1.961974758733e-03
"                2742",5.686738527891e-01,1.002526385243e+00,-1.180854219275e-01,5.758847007111e-01,1.001315323262e+00,-1.200926937192e-01,7.210847922015e-03,-1.211061980352e-03,-2.007271791699e-03
"                2743",5.547847374848e-01,1.008465262013e+00,-1.179741665863e-01,5.618805285801e-01,1.007694072589e+00,-1.200068810862e-01,7.095791095345e-03,-7.711894239313e-04,-2.032714499874e-03
"                2744",5.427304935912e-01,1.026931598735e+00,-1.171388514735e-01,5.495202432669e-01,1.026374039429e+00,-1.191820621032e-01,6.789749675717e-03,-5.575593062117e-04,-2.043210629759e-03
"                2745",5.332546481228e-01,1.032443318872e+00,-1.152611606347e-01,5.395686156719e-01,1.031882082224e+00,-1.172986457387e-01,6.313967549151e-03,-5.612366481858e-04,-2.037485104047e-03
"                2746",5.182216809719e-01,1.010473734353e+00,-1.129451211442e-01,5.239444477119e-01,1.009702694259e+00,-1.149643035375e-01,5.722766740008e-03,-7.710400948785e-04,-2.019182393337e-03
"                2747",5.061010216227e-01,9.537909940911e-01,-1.111267916532e-01,5.111516759255e-01,9.526267700149e-01,-1.131169243705e-01,5.050654302761e-03,-1.164224076229e-03,-1.990132717301e-03
"                2748",4.847546893327e-01,8.835327640165e-01,-1.106428334905e-01,4.890731885001e-01,8.818070875664e-01,-1.125913193878e-01,4.318499167381e-03,-1.725676450084e-03,-1.948485897270e-03
"                2749",4.496178487208e-01,8.220348224746e-01,-1.113032611954e-01,4.531447843645e-01,8.195846764091e-01,-1.131979125782e-01,3.526935643698e-03,-2.450146065427e-03,-1.894651382748e-03
"                2750",4.053898521059e-01,7.628075768992e-01,-1.128006886955e-01,4.081249104820e-01,7.594901123292e-01,-1.146342704903e-01,2.735058376125e-03,-3.317464570005e-03,-1.833581794769e-03
"                2751",3.597881073936e-01,6.943233606276e-01,-1.148198016803e-01,3.617733365310e-01,6.900112431325e-01,-1.165872401026e-01,1.985229137477e-03,-4.312117495086e-03,-1.767438422264e-03
"                2752",3.158041679594e-01,6.036454891472e-01,-1.174295383946e-01,3.170893448933e-01,5.982864831220e-01,-1.191282846936e-01,1.285176933870e-03,-5.359006025287e-03,-1.698746298978e-03
"                2753",2.831021633862e-01,4.954919529254e-01,-1.202136747416e-01,2.837381880495e-01,4.890363133308e-01,-1.218407096513e-01,6.360246632816e-04,-6.455639594649e-03,-1.627034909658e-03
"                2754",2.602268037999e-01,3.919097607694e-01,-1.225659719071e-01,2.603027722689e-01,3.843330812734e-01,-1.241247169738e-01,7.596846893466e-05,-7.576679496085e-03,-1.558745066734e-03
"                2755",2.478386726344e-01,3.114910027361e-01,-1.241093489446e-01,2.474577171783e-01,3.028441186005e-01,-1.256082048973e-01,-3.809554561137e-04,-8.646884135667e-03,-1.498855952768e-03
"                2756",2.445027019005e-01,2.603374210436e-01,-1.252238482973e-01,2.438088611306e-01,2.507137477190e-01,-1.266763978642e-01,-6.938407698507e-04,-9.623673324643e-03,-1.452549566921e-03
"                2757",2.444515967468e-01,2.349905478451e-01,-1.262115947825e-01,2.435965114237e-01,2.245203967960e-01,-1.276277061872e-01,-8.550853230249e-04,-1.047015104905e-02,-1.416111404655e-03
"                2758",2.444455252910e-01,2.261442890409e-01,-1.274679564190e-01,2.436017727378e-01,2.150245958650e-01,-1.288641863365e-01,-8.437525532100e-04,-1.111969317586e-02,-1.396229917523e-03
"                2759",2.368538644941e-01,2.324873281648e-01,-1.287716834061e-01,2.362121973655e-01,2.209810369136e-01,-1.301669301746e-01,-6.416671286191e-04,-1.150629125116e-02,-1.395246768532e-03
"                2760",2.251020723861e-01,2.590483595250e-01,-1.299982568349e-01,2.248391517125e-01,2.474540312116e-01,-1.314151048781e-01,-2.629206736414e-04,-1.159432831339e-02,-1.416848043279e-03
"                2761",2.272857152018e-01,3.045759608976e-01,-1.310234304676e-01,2.275886516946e-01,2.931827688647e-01,-1.324807885398e-01,3.029364928535e-04,-1.139319203285e-02,-1.457358072270e-03
"                2762",2.545836434681e-01,3.691777094306e-01,-1.310772199129e-01,2.556225458445e-01,3.582519749071e-01,-1.325898982903e-01,1.038902376401e-03,-1.092573452352e-02,-1.512678377369e-03
"                2763",3.050516752880e-01,4.553668298564e-01,-1.291801496426e-01,3.069808281590e-01,4.451421995323e-01,-1.307574314120e-01,1.929152870963e-03,-1.022463032410e-02,-1.577281769410e-03
"                2764",3.750077163354e-01,5.436070547936e-01,-1.253998085449e-01,3.779746403715e-01,5.342942804257e-01,-1.270462840507e-01,2.966924036130e-03,-9.312774367913e-03,-1.646475505752e-03
"                2765",4.576621601170e-01,6.304147619520e-01,-1.216221011481e-01,4.617263167294e-01,6.221953257595e-01,-1.233328249799e-01,4.064156612391e-03,-8.219436192505e-03,-1.710723831802e-03
"                2766",5.329551151737e-01,7.098686440843e-01,-1.187885684655e-01,5.380624866622e-01,7.028473847540e-01,-1.205575315247e-01,5.107371488574e-03,-7.021259330287e-03,-1.768963059204e-03
"                2767",5.858651486472e-01,7.895653453495e-01,-1.166705634136e-01,5.919553502741e-01,7.837704953961e-01,-1.185009709813e-01,6.090201626941e-03,-5.794849953450e-03,-1.830407567678e-03
"                2768",6.100153721427e-01,8.641970220906e-01,-1.152209560153e-01,6.169641852771e-01,8.596269217317e-01,-1.171124196461e-01,6.948813134421e-03,-4.570100358875e-03,-1.891463630851e-03
"                2769",6.127466117144e-01,9.260095570245e-01,-1.147442123380e-01,6.203761969415e-01,9.225353374191e-01,-1.166928953805e-01,7.629585227153e-03,-3.474219605452e-03,-1.948683042542e-03
"                2770",6.107167733641e-01,9.712705975013e-01,-1.153739051431e-01,6.187743083152e-01,9.687542819661e-01,-1.173672597161e-01,8.057534951133e-03,-2.516315535221e-03,-1.993354573050e-03
"                2771",6.083761476781e-01,9.888445900572e-01,-1.170087878490e-01,6.166090944422e-01,9.870871327757e-01,-1.190310061130e-01,8.232946764162e-03,-1.757457281544e-03,-2.022218263946e-03
"                2772",5.965733609272e-01,9.962952730709e-01,-1.187111899141e-01,6.047182740973e-01,9.951014941073e-01,-1.207447857476e-01,8.144913170065e-03,-1.193778963590e-03,-2.033595833524e-03
"                2773",5.756336905674e-01,1.004234886673e+00,-1.192724275745e-01,5.834780439718e-01,1.003413175673e+00,-1.213007082117e-01,7.844353404312e-03,-8.217109997098e-04,-2.028280637224e-03
"                2774",5.474223948832e-01,1.014297557721e+00,-1.180536079004e-01,5.547575144467e-01,1.013648835165e+00,-1.200641810063e-01,7.335119563496e-03,-6.487225555345e-04,-2.010573105830e-03
"                2775",5.138817399930e-01,1.008738178005e+00,-1.154806062148e-01,5.205465607000e-01,1.008054718934e+00,-1.174610492644e-01,6.664820706931e-03,-6.834590712043e-04,-1.980443049654e-03
"                2776",4.776168737649e-01,9.761501345129e-01,-1.127867337682e-01,4.834761791599e-01,9.752532558732e-01,-1.147236371957e-01,5.859305395003e-03,-8.968786397187e-04,-1.936903427560e-03
"                2777",4.460845609179e-01,9.146008447821e-01,-1.107096428552e-01,4.510243111064e-01,9.133174869508e-01,-1.125933919520e-01,4.939750188569e-03,-1.283357831355e-03,-1.883749096832e-03
"                2778",4.080613993423e-01,8.443312206692e-01,-1.094100324914e-01,4.119931761484e-01,8.424812410253e-01,-1.112321510139e-01,3.931776806091e-03,-1.849979643901e-03,-1.822118522508e-03
"                2779",3.625407621890e-01,7.824371518020e-01,-1.097445488653e-01,3.654298155600e-01,7.798321413218e-01,-1.114996431570e-01,2.889053370993e-03,-2.605010480271e-03,-1.755094291744e-03
"                2780",3.101271990350e-01,7.155277997390e-01,-1.121801985822e-01,3.120297246964e-01,7.120192313039e-01,-1.138695940261e-01,1.902525661406e-03,-3.508568435094e-03,-1.689395443870e-03
"                2781",2.632705772681e-01,6.317223248583e-01,-1.162109264878e-01,2.642339228675e-01,6.271981005685e-01,-1.178336090946e-01,9.633455994311e-04,-4.524224289755e-03,-1.622682606792e-03
"                2782",2.262630679448e-01,5.310380444551e-01,-1.204349624690e-01,2.263787591994e-01,5.254404530480e-01,-1.219939197415e-01,1.156912545839e-04,-5.597591407070e-03,-1.558957272463e-03
"                2783",2.074110822287e-01,4.209764584367e-01,-1.238389922093e-01,2.068086966787e-01,4.142482067219e-01,-1.253400875111e-01,-6.023855500707e-04,-6.728251714794e-03,-1.501095301759e-03
"                2784",1.974227455541e-01,3.302778414406e-01,-1.259875401459e-01,1.962817541286e-01,3.224050854218e-01,-1.274433653566e-01,-1.140991425480e-03,-7.872756018830e-03,-1.455825210750e-03
"                2785",1.866952892987e-01,2.692159709874e-01,-1.266699632424e-01,1.851850453734e-01,2.602585326251e-01,-1.280945291831e-01,-1.510243925309e-03,-8.957438362281e-03,-1.424565940693e-03
"                2786",1.766934614367e-01,2.298265583410e-01,-1.263186483988e-01,1.749922772321e-01,2.198916002778e-01,-1.277276785888e-01,-1.701184204645e-03,-9.934958063164e-03,-1.409030189995e-03
"                2787",1.752527515168e-01,2.080075795621e-01,-1.257300977987e-01,1.735558430144e-01,1.972561760313e-01,-1.271348928947e-01,-1.696908502352e-03,-1.075140353075e-02,-1.404795096027e-03
"                2788",1.817319572212e-01,2.048912964879e-01,-1.256519968542e-01,1.802583815867e-01,1.935604460373e-01,-1.270738695569e-01,-1.473575634537e-03,-1.133085045056e-02,-1.421872702654e-03
"                2789",1.950708324730e-01,2.221582580523e-01,-1.265751717694e-01,1.940149979608e-01,2.105331840660e-01,-1.280323143298e-01,-1.055834512233e-03,-1.162507398629e-02,-1.457142560337e-03
"                2790",2.125100089636e-01,2.602845581859e-01,-1.283474684915e-01,2.120629656073e-01,2.486791868820e-01,-1.298592667467e-01,-4.470433563797e-04,-1.160537130389e-02,-1.511798255180e-03
"                2791",2.433587171057e-01,3.194382380876e-01,-1.297810535994e-01,2.437143734382e-01,3.081211403835e-01,-1.313561215174e-01,3.556563325052e-04,-1.131709770411e-02,-1.575067918048e-03
"                2792",2.889840694415e-01,3.965594721542e-01,-1.294887640112e-01,2.903432537794e-01,3.857935746268e-01,-1.311371249913e-01,1.359184337880e-03,-1.076589752744e-02,-1.648360980105e-03
"                2793",3.528381321458e-01,4.874074354542e-01,-1.278793895297e-01,3.553486394040e-01,4.774226182201e-01,-1.296017926018e-01,2.510507258254e-03,-9.984817234097e-03,-1.722403072120e-03
"                2794",4.378925289133e-01,5.732368890839e-01,-1.258027769525e-01,4.416031631557e-01,5.642318070065e-01,-1.275891310636e-01,3.710634242417e-03,-9.005082077413e-03,-1.786354111127e-03
"                2795",5.284850442820e-01,6.526627402350e-01,-1.227860170863e-01,5.334485811546e-01,6.447924678919e-01,-1.246310229688e-01,4.963536872620e-03,-7.870272343154e-03,-1.845005882513e-03
"                2796",5.942243725434e-01,7.277633481669e-01,-1.188939874128e-01,6.003974760199e-01,7.210937024907e-01,-1.207962414788e-01,6.173103476504e-03,-6.669645676221e-03,-1.902254066010e-03
"                2797",6.309119313141e-01,8.027303847394e-01,-1.153338223270e-01,6.381602569932e-01,7.972646601239e-01,-1.172900493394e-01,7.248325679064e-03,-5.465724615476e-03,-1.956227012411e-03
"                2798",6.444383976519e-01,8.724360057927e-01,-1.136423076822e-01,6.525376652699e-01,8.681163636457e-01,-1.156417012036e-01,8.099267617997e-03,-4.319642147029e-03,-1.999393521377e-03
"                2799",6.429232167858e-01,9.291965122982e-01,-1.142682087848e-01,6.515842837923e-01,9.258854512736e-01,-1.162944871128e-01,8.661067006554e-03,-3.311061024602e-03,-2.026278327928e-03
"                2800",6.413732032081e-01,9.672011751495e-01,-1.165563318278e-01,6.503002605436e-01,9.647663049351e-01,-1.185932314425e-01,8.927057335465e-03,-2.434870214413e-03,-2.036899614731e-03
"                2801",6.360516941190e-01,9.831555666627e-01,-1.191460144723e-01,6.449629842164e-01,9.814182971483e-01,-1.211763315150e-01,8.911290097364e-03,-1.737269514350e-03,-2.030317042653e-03
"                2802",6.167691876060e-01,9.850679506033e-01,-1.205341297380e-01,6.253894312203e-01,9.838534318927e-01,-1.225445940054e-01,8.620243614309e-03,-1.214518710595e-03,-2.010464267407e-03
"                2803",5.781350384802e-01,9.864151288851e-01,-1.202037626309e-01,5.862495246930e-01,9.855430937626e-01,-1.221810903071e-01,8.114486212835e-03,-8.720351225782e-04,-1.977327676221e-03
"                2804",5.259123079778e-01,9.876406527839e-01,-1.181757939853e-01,5.333121819991e-01,9.869276546992e-01,-1.201094182468e-01,7.399874021266e-03,-7.129980846844e-04,-1.933624261498e-03
"                2805",4.680467289060e-01,9.774956532947e-01,-1.151801968311e-01,4.745398084934e-01,9.767465605706e-01,-1.170561764477e-01,6.493079587403e-03,-7.490927241353e-04,-1.875979616619e-03
"                2806",4.126867821550e-01,9.431372658420e-01,-1.116094371149e-01,4.181140891573e-01,9.421675211781e-01,-1.134203283932e-01,5.427307002283e-03,-9.697446639139e-04,-1.810891278321e-03
"                2807",3.704794335304e-01,8.806213290725e-01,-1.088398254425e-01,3.747222594126e-01,8.792348266906e-01,-1.105811390952e-01,4.242825882192e-03,-1.386502381833e-03,-1.741313652780e-03
"                2808",3.315243210313e-01,8.053450006380e-01,-1.081852925062e-01,3.345552648128e-01,8.033352001002e-01,-1.098558590278e-01,3.030943781496e-03,-2.009800537844e-03,-1.670566521608e-03
"                2809",2.900363550969e-01,7.308274681341e-01,-1.103439979661e-01,2.918643572145e-01,7.280247670436e-01,-1.119435455445e-01,1.828002117573e-03,-2.802701090509e-03,-1.599547578406e-03
"                2810",2.471430512097e-01,6.571053162601e-01,-1.146504396739e-01,2.478405554702e-01,6.533596112726e-01,-1.161864124845e-01,6.975042605480e-04,-3.745704987574e-03,-1.535972810516e-03
"                2811",2.109059572865e-01,5.744166376769e-01,-1.195798556798e-01,2.105760894889e-01,5.696179549562e-01,-1.210596648657e-01,-3.298677976116e-04,-4.798682720786e-03,-1.479809185896e-03
"                2812",1.854311645235e-01,4.807660996154e-01,-1.237641170232e-01,1.842539943163e-01,4.748502185754e-01,-1.251997402377e-01,-1.177170207250e-03,-5.915881040033e-03,-1.435623214597e-03
"                2813",1.687591696995e-01,3.821755004075e-01,-1.262857742379e-01,1.669480036314e-01,3.750922054870e-01,-1.276922454096e-01,-1.811166068092e-03,-7.083294920533e-03,-1.406471171669e-03
"                2814",1.500551852157e-01,3.037962884433e-01,-1.266784680346e-01,1.478322123634e-01,2.955509600611e-01,-1.280715769595e-01,-2.222972852251e-03,-8.245328382238e-03,-1.393108924896e-03
"                2815",1.378391047006e-01,2.477710094822e-01,-1.254567166823e-01,1.354137344825e-01,2.384571212116e-01,-1.268525833265e-01,-2.425370218122e-03,-9.313888270637e-03,-1.395866644240e-03
"                2816",1.363317307736e-01,2.125974798209e-01,-1.238690195753e-01,1.339085632237e-01,2.023487196260e-01,-1.252846316585e-01,-2.423167549876e-03,-1.024876019486e-02,-1.415612083211e-03
"                2817",1.498712626143e-01,2.029739649130e-01,-1.230081396665e-01,1.476733826872e-01,1.919918534975e-01,-1.244580748191e-01,-2.197879927032e-03,-1.098211141556e-02,-1.449935152638e-03
"                2818",1.756870092946e-01,2.107476175477e-01,-1.234836550500e-01,1.739253496352e-01,1.992856483965e-01,-1.249857674082e-01,-1.761659659382e-03,-1.146196915120e-02,-1.502112358186e-03
"                2819",2.098623545414e-01,2.350244431754e-01,-1.250294360864e-01,2.087346975065e-01,2.233681318848e-01,-1.265959421457e-01,-1.127657034902e-03,-1.165631129056e-02,-1.566506059238e-03
"                2820",2.481914208261e-01,2.816594914299e-01,-1.267206626752e-01,2.479129840598e-01,2.701079047105e-01,-1.283602923976e-01,-2.784367662509e-04,-1.155158671938e-02,-1.639629722388e-03
"                2821",2.981392132207e-01,3.484202529719e-01,-1.283589954405e-01,2.989256216800e-01,3.372388730049e-01,-1.300760528048e-01,7.864084592331e-04,-1.118137996696e-02,-1.717057364379e-03
"                2822",3.623088319182e-01,4.328612277760e-01,-1.295647506582e-01,3.642812316479e-01,4.223007512337e-01,-1.313549231874e-01,1.972399729703e-03,-1.056047654228e-02,-1.790172529125e-03
"                2823",4.380736989567e-01,5.190317231976e-01,-1.290790409103e-01,4.413453313858e-01,5.093002304416e-01,-1.309374980384e-01,3.271632429084e-03,-9.731492755960e-03,-1.858457128148e-03
"                2824",5.163302017847e-01,5.945825989173e-01,-1.263081543765e-01,5.209716538741e-01,5.858581479269e-01,-1.282299995099e-01,4.641452089438e-03,-8.724450990353e-03,-1.921845133459e-03
"                2825",5.857686323671e-01,6.653943271371e-01,-1.217177966221e-01,5.917728214614e-01,6.577978302596e-01,-1.236927259334e-01,6.004189094376e-03,-7.596496877522e-03,-1.974929311297e-03
"                2826",6.359794943335e-01,7.389961063872e-01,-1.172845784535e-01,6.432123901675e-01,7.325419589504e-01,-1.193024581582e-01,7.232895833984e-03,-6.454147436757e-03,-2.017879704698e-03
"                2827",6.693743642524e-01,8.120212213629e-01,-1.145770406643e-01,6.776028107634e-01,8.067038630154e-01,-1.166231860759e-01,8.228446511033e-03,-5.317358347505e-03,-2.046145411510e-03
"                2828",6.842371909800e-01,8.790679232669e-01,-1.146795115254e-01,6.931623064027e-01,8.748198010437e-01,-1.167345588144e-01,8.925115422716e-03,-4.248122223248e-03,-2.055047288979e-03
"                2829",6.835377188080e-01,9.328901135051e-01,-1.168514191878e-01,6.928352019662e-01,9.296083464945e-01,-1.188988893983e-01,9.297483158155e-03,-3.281767010562e-03,-2.047470210521e-03
"                2830",6.750666534659e-01,9.679535444443e-01,-1.193214710190e-01,6.844363911399e-01,9.655199618543e-01,-1.213465071046e-01,9.369737673992e-03,-2.433582590051e-03,-2.025036085625e-03
"                2831",6.535677189535e-01,9.823870406243e-01,-1.209207805494e-01,6.627304065570e-01,9.806357585661e-01,-1.229099878233e-01,9.162687603501e-03,-1.751282058234e-03,-1.989207273836e-03
"                2832",6.136858871940e-01,9.800868896000e-01,-1.212330999113e-01,6.223627152016e-01,9.788588107190e-01,-1.231747079938e-01,8.676828007613e-03,-1.228078880955e-03,-1.941608082427e-03
"                2833",5.538793290166e-01,9.796083579597e-01,-1.202184939680e-01,5.618345025569e-01,9.787312312916e-01,-1.220997059958e-01,7.955173540225e-03,-8.771266681338e-04,-1.881212027783e-03
"                2834",4.799705149993e-01,9.780934624800e-01,-1.172086547394e-01,4.869576668284e-01,9.773677772483e-01,-1.190203542332e-01,6.987151829075e-03,-7.256852317446e-04,-1.811699493799e-03
"                2835",4.068811605143e-01,9.653718396826e-01,-1.130950661759e-01,4.127025302646e-01,9.645853859348e-01,-1.148300039639e-01,5.821369750240e-03,-7.864537478081e-04,-1.734937787961e-03
"                2836",3.496130819228e-01,9.255364154267e-01,-1.096688599836e-01,3.541539192959e-01,9.244803637811e-01,-1.113260924454e-01,4.540837373125e-03,-1.056051645622e-03,-1.657232461853e-03
"                2837",3.111257956208e-01,8.540638678759e-01,-1.085496056649e-01,3.143177927486e-01,8.525276818467e-01,-1.101298982514e-01,3.191997127862e-03,-1.536186029238e-03,-1.580292586419e-03
"                2838",2.824523363559e-01,7.733026173025e-01,-1.100425776580e-01,2.842879372568e-01,7.710900897419e-01,-1.115500239399e-01,1.835600900930e-03,-2.212527560574e-03,-1.507446281937e-03
"                2839",2.560602071566e-01,6.986291112759e-01,-1.134932932733e-01,2.566169203260e-01,6.955716201483e-01,-1.149361350337e-01,5.567131694367e-04,-3.057491127578e-03,-1.442841760388e-03
"                2840",2.257861940459e-01,6.321599485196e-01,-1.178653174285e-01,2.252070036092e-01,6.280949107410e-01,-1.192615431813e-01,-5.791904367281e-04,-4.065037778612e-03,-1.396225752764e-03
"                2841",1.983177583707e-01,5.593385840630e-01,-1.220233644934e-01,1.967863623869e-01,5.541714438258e-01,-1.233914690417e-01,-1.531395983770e-03,-5.167140237226e-03,-1.368104548283e-03
"                2842",1.703975384017e-01,4.735941778880e-01,-1.246956890223e-01,1.681406937577e-01,4.672691504152e-01,-1.260510787137e-01,-2.256844644025e-03,-6.325027472744e-03,-1.355389691435e-03
"                2843",1.439369970511e-01,3.825946543723e-01,-1.252592726021e-01,1.412119695339e-01,3.750937479787e-01,-1.266194496344e-01,-2.725027517127e-03,-7.500906393593e-03,-1.360177032297e-03
"                2844",1.275861312496e-01,3.067723790269e-01,-1.240398838986e-01,1.246349765462e-01,2.981432836494e-01,-1.254226210891e-01,-2.951154703412e-03,-8.629095377500e-03,-1.382737190439e-03
"                2845",1.312988743852e-01,2.571913412235e-01,-1.221517621649e-01,1.283486140651e-01,2.475631648495e-01,-1.235750529188e-01,-2.950260320063e-03,-9.628176373950e-03,-1.423290753953e-03
"                2846",1.458311073258e-01,2.356067360697e-01,-1.208779306941e-01,1.430963969428e-01,2.251279477438e-01,-1.223581994594e-01,-2.734710382940e-03,-1.047878832586e-02,-1.480268765275e-03
"                2847",1.751396588086e-01,2.351583797291e-01,-1.208171119692e-01,1.728298677929e-01,2.240315211097e-01,-1.223624522225e-01,-2.309791015693e-03,-1.112685861939e-02,-1.545340253282e-03
"                2848",2.178702339029e-01,2.468343476931e-01,-1.218011732192e-01,2.162201352715e-01,2.353144229725e-01,-1.234213791146e-01,-1.650098631467e-03,-1.151992472063e-02,-1.620205895431e-03
"                2849",2.668027391197e-01,2.703480499873e-01,-1.236248545696e-01,2.660344878308e-01,2.587255159712e-01,-1.253281526882e-01,-7.682512889106e-04,-1.162253401610e-02,-1.703298118535e-03
"                2850",3.234472359108e-01,3.211643399914e-01,-1.266556133108e-01,3.237288054285e-01,3.097194584305e-01,-1.284375414205e-01,2.815695177028e-04,-1.144488156085e-02,-1.781928109655e-03
"                2851",3.908551500624e-01,3.921066304531e-01,-1.296064394906e-01,3.923346440506e-01,3.810986714990e-01,-1.314611780533e-01,1.479493988187e-03,-1.100795895409e-02,-1.854738562709e-03
"                2852",4.548340617136e-01,4.733551480816e-01,-1.303236425537e-01,4.576623021777e-01,4.630026489629e-01,-1.322523199251e-01,2.828240464091e-03,-1.035249911866e-02,-1.928677371393e-03
"                2853",5.141440254698e-01,5.462769432148e-01,-1.281613605062e-01,5.183932265389e-01,5.367590236529e-01,-1.301561501115e-01,4.249201069142e-03,-9.517919561913e-03,-1.994789605217e-03
"                2854",5.725224273392e-01,6.114533085591e-01,-1.242941054694e-01,5.781870819594e-01,6.029166574626e-01,-1.263426193054e-01,5.664654620270e-03,-8.536651096437e-03,-2.048513836005e-03
"                2855",6.294107172319e-01,6.745163149635e-01,-1.202207123456e-01,6.363814737659e-01,6.670547075458e-01,-1.223000471169e-01,6.970756533976e-03,-7.461607417789e-03,-2.079334771356e-03
"                2856",6.781681196096e-01,7.460960901318e-01,-1.175313572159e-01,6.862378517479e-01,7.397202935572e-01,-1.196224811181e-01,8.069732138303e-03,-6.375796574648e-03,-2.091123902148e-03
"                2857",7.125032918167e-01,8.242460228833e-01,-1.168668168778e-01,7.213931301890e-01,8.189765790835e-01,-1.189505605331e-01,8.889838372351e-03,-5.269443799878e-03,-2.083743655336e-03
"                2858",7.223758660091e-01,8.941807174652e-01,-1.178315701875e-01,7.317759356165e-01,8.899571537989e-01,-1.198910418850e-01,9.400069607455e-03,-4.223563666373e-03,-2.059471697520e-03
"                2859",7.048989429178e-01,9.501520756623e-01,-1.194250026604e-01,7.144847645923e-01,9.469036249625e-01,-1.214471667461e-01,9.585821674564e-03,-3.248450699835e-03,-2.022164085727e-03
"                2860",6.753474074225e-01,9.796695527760e-01,-1.208343566620e-01,6.848237969035e-01,9.772806494455e-01,-1.228071259241e-01,9.476389480998e-03,-2.388903330523e-03,-1.972769262125e-03
"                2861",6.373774581630e-01,9.835995274304e-01,-1.216014819062e-01,6.464357351391e-01,9.819158711667e-01,-1.235095589119e-01,9.058276976176e-03,-1.683656263732e-03,-1.908077005696e-03
"                2862",5.817561417364e-01,9.795385610715e-01,-1.210081859741e-01,5.900933713690e-01,9.783848730253e-01,-1.228404090828e-01,8.337229632587e-03,-1.153688046128e-03,-1.832223108708e-03
"                2863",5.067579807730e-01,9.819531069637e-01,-1.185941914945e-01,5.141118865836e-01,9.811358436303e-01,-1.203435430953e-01,7.353905810537e-03,-8.172633333871e-04,-1.749351600779e-03
"                2864",4.236096452628e-01,9.812197789207e-01,-1.150623512397e-01,4.297779455202e-01,9.805013091702e-01,-1.167257769981e-01,6.168300257359e-03,-7.184697504135e-04,-1.663425758364e-03
"                2865",3.492001751696e-01,9.602064641772e-01,-1.121242932082e-01,3.540413367683e-01,9.593633012156e-01,-1.137023169856e-01,4.841161598693e-03,-8.431629616574e-04,-1.578023777399e-03
"                2866",3.023991440192e-01,9.052201886542e-01,-1.109864100198e-01,3.058147199050e-01,9.040453628730e-01,-1.124819596419e-01,3.415575885728e-03,-1.174825781287e-03,-1.495549622133e-03
"                2867",2.766980688310e-01,8.259923872549e-01,-1.114491730538e-01,2.786781475973e-01,8.242577169576e-01,-1.128707936472e-01,1.980078766263e-03,-1.734670297382e-03,-1.421620593451e-03
"                2868",2.630059909919e-01,7.522406021529e-01,-1.132189654528e-01,2.636218890494e-01,7.497425141051e-01,-1.145805449743e-01,6.158980575362e-04,-2.498088047759e-03,-1.361579521423e-03
"                2869",2.471490611524e-01,6.923559099785e-01,-1.160629310794e-01,2.465676507170e-01,6.889408048174e-01,-1.173830952195e-01,-5.814104354176e-04,-3.415105161106e-03,-1.320164140052e-03
"                2870",2.193780060888e-01,6.349709817172e-01,-1.191628998040e-01,2.177827473611e-01,6.304906863699e-01,-1.204648735625e-01,-1.595258727713e-03,-4.480295347366e-03,-1.301973758499e-03
"                2871",1.836229167027e-01,5.637009113959e-01,-1.213801180601e-01,1.812331177307e-01,5.580932005246e-01,-1.226860308558e-01,-2.389798971957e-03,-5.607710871256e-03,-1.305912795670e-03
"                2872",1.492576736682e-01,4.772633798850e-01,-1.220308721878e-01,1.463229182608e-01,4.705019715771e-01,-1.233583833696e-01,-2.934755407345e-03,-6.761408307905e-03,-1.327511181843e-03
"                2873",1.334525331885e-01,3.910893314234e-01,-1.214179431158e-01,1.302404501196e-01,3.831906325432e-01,-1.227885905486e-01,-3.212083068894e-03,-7.898698880237e-03,-1.370647432767e-03
"                2874",1.430996654501e-01,3.214772155121e-01,-1.201861184632e-01,1.398647037318e-01,3.125263595963e-01,-1.216180166631e-01,-3.234961718335e-03,-8.950855915807e-03,-1.431898199868e-03
"                2875",1.645297838855e-01,2.804547403631e-01,-1.191709636490e-01,1.614920091727e-01,2.705918724293e-01,-1.206774166658e-01,-3.037774712817e-03,-9.862867933748e-03,-1.506453016810e-03
"                2876",1.922751401839e-01,2.705095842899e-01,-1.187610942883e-01,1.896497626560e-01,2.598777178876e-01,-1.203486789942e-01,-2.625377527892e-03,-1.063186640231e-02,-1.587584705901e-03
"                2877",2.298197436412e-01,2.748180673246e-01,-1.190497277034e-01,2.278579150460e-01,2.636292319789e-01,-1.207237324302e-01,-1.961828595240e-03,-1.118883534571e-02,-1.674004726859e-03
"                2878",2.842666689707e-01,2.871609979747e-01,-1.209922787953e-01,2.831641746436e-01,2.756695475474e-01,-1.227525296138e-01,-1.102494327128e-03,-1.149145042722e-02,-1.760250818446e-03
"                2879",3.517081944489e-01,3.109713409257e-01,-1.246449295160e-01,3.516010443289e-01,2.994629112292e-01,-1.264858749852e-01,-1.071501200116e-04,-1.150842969652e-02,-1.840945469169e-03
"                2880",4.159896516097e-01,3.594829915836e-01,-1.279616287700e-01,4.170685481038e-01,3.482065596390e-01,-1.298804628588e-01,1.078896494190e-03,-1.127643194460e-02,-1.918834088842e-03
"                2881",4.729199981063e-01,4.234377337199e-01,-1.293427602878e-01,4.753287596882e-01,4.126262072864e-01,-1.313372513238e-01,2.408761581942e-03,-1.081152643352e-02,-1.994491035947e-03
"                2882",5.194817280038e-01,4.984280423629e-01,-1.285320758261e-01,5.233047778903e-01,4.882584683281e-01,-1.305950902811e-01,3.823049886549e-03,-1.016957403483e-02,-2.063014454979e-03
"                2883",5.663507952983e-01,5.666628025969e-01,-1.264518647407e-01,5.715665654282e-01,5.572990928795e-01,-1.285632280128e-01,5.215770129845e-03,-9.363709717306e-03,-2.111363272083e-03
"                2884",6.212945723916e-01,6.268550449562e-01,-1.241335488738e-01,6.278097783013e-01,6.184368867565e-01,-1.262690346731e-01,6.515205909663e-03,-8.418158199702e-03,-2.135485799335e-03
"                2885",6.773917986221e-01,6.872042707268e-01,-1.221662184650e-01,6.850502401180e-01,6.798323121667e-01,-1.242994059053e-01,7.658441495872e-03,-7.371958560091e-03,-2.133187440328e-03
"                2886",7.245261458357e-01,7.603223146425e-01,-1.207822085075e-01,7.331093008093e-01,7.540307648580e-01,-1.228942719854e-01,8.583154973563e-03,-6.291549784447e-03,-2.112063477859e-03
"                2887",7.459888455974e-01,8.467759782409e-01,-1.202131730549e-01,7.552169871864e-01,8.416000542304e-01,-1.222869267130e-01,9.228141588932e-03,-5.175924010447e-03,-2.073753658156e-03
"                2888",7.363703363190e-01,9.200634474162e-01,-1.205298780773e-01,7.459262633592e-01,9.159505255929e-01,-1.225514299519e-01,9.555927040165e-03,-4.112921823384e-03,-2.021551874518e-03
"                2889",7.050676702398e-01,9.649141865112e-01,-1.214116446431e-01,7.146143912359e-01,9.618090571224e-01,-1.233670991038e-01,9.546720996076e-03,-3.105129388845e-03,-1.955454460666e-03
"                2890",6.599860924810e-01,9.851857997807e-01,-1.220701287624e-01,6.691965083890e-01,9.829583207380e-01,-1.239460630165e-01,9.210415907997e-03,-2.227479042697e-03,-1.875934254053e-03
"                2891",6.056939465088e-01,9.915783566141e-01,-1.212872291004e-01,6.142367615917e-01,9.900588422547e-01,-1.230739107889e-01,8.542815082857e-03,-1.519514359412e-03,-1.786681688468e-03
"                2892",5.404558195006e-01,9.964997652954e-01,-1.195395069612e-01,5.480487902548e-01,9.954781556794e-01,-1.212313313532e-01,7.592970754228e-03,-1.021609615980e-03,-1.691824392002e-03
"                2893",4.619915671705e-01,9.986032671880e-01,-1.175392182274e-01,4.684343331121e-01,9.978588385391e-01,-1.191375672727e-01,6.442765941628e-03,-7.444286489269e-04,-1.598349045273e-03
"                2894",3.859835187842e-01,9.832454712314e-01,-1.159358331903e-01,3.911022900754e-01,9.825314014530e-01,-1.174406657402e-01,5.118771291198e-03,-7.140697784347e-04,-1.504832549863e-03
"                2895",3.227649432458e-01,9.477302743873e-01,-1.147743127819e-01,3.264537382605e-01,9.468160971934e-01,-1.161932912224e-01,3.688795014679e-03,-9.141771938771e-04,-1.418978440409e-03
"                2896",2.870238985396e-01,8.931018283409e-01,-1.142226875428e-01,2.892565823138e-01,8.917574489457e-01,-1.155686492809e-01,2.232683774207e-03,-1.344379395162e-03,-1.345961738106e-03
"                2897",2.689164485965e-01,8.282742982623e-01,-1.143080457085e-01,2.697724272628e-01,8.262765672031e-01,-1.155987895935e-01,8.559786662361e-04,-1.997731059125e-03,-1.290743884986e-03
"                2898",2.595030013207e-01,7.669823277698e-01,-1.149865965078e-01,2.591196454188e-01,7.641340978260e-01,-1.162429922434e-01,-3.833559018606e-04,-2.848229943748e-03,-1.256395735595e-03
"                2899",2.430364409449e-01,7.105002195192e-01,-1.160487922286e-01,2.416190294962e-01,7.066786271573e-01,-1.172941511492e-01,-1.417411448659e-03,-3.821592361890e-03,-1.245358920571e-03
"                2900",2.122943798983e-01,6.490258611703e-01,-1.169669779083e-01,2.100575165385e-01,6.441260494038e-01,-1.182283541618e-01,-2.236863359838e-03,-4.899811766512e-03,-1.261376253468e-03
"                2901",1.790493340207e-01,5.754636637016e-01,-1.174352617680e-01,1.762155861153e-01,5.694584887167e-01,-1.187375805692e-01,-2.833747905417e-03,-6.005174984877e-03,-1.302318801110e-03
"                2902",1.638949596858e-01,4.889190379375e-01,-1.174273056303e-01,1.607189168443e-01,4.818058052926e-01,-1.187903248287e-01,-3.176042841530e-03,-7.113232644912e-03,-1.363019198436e-03
"                2903",1.677624227474e-01,4.085775047931e-01,-1.172821402839e-01,1.645058383982e-01,4.004026522483e-01,-1.187245551436e-01,-3.256584349259e-03,-8.174852544827e-03,-1.442414859648e-03
"                2904",1.939200426289e-01,3.515203870560e-01,-1.167437963707e-01,1.908332051094e-01,3.423750451668e-01,-1.182766659424e-01,-3.086837519496e-03,-9.145341889206e-03,-1.532869571691e-03
"                2905",2.256347307909e-01,3.235587356538e-01,-1.160074122024e-01,2.229574556638e-01,3.135726993051e-01,-1.176357297114e-01,-2.677275127111e-03,-9.986036348625e-03,-1.628317509002e-03
"                2906",2.624670048070e-01,3.179767867850e-01,-1.165567609095e-01,2.604125120242e-01,3.073129289096e-01,-1.182807362968e-01,-2.054492782752e-03,-1.066385787539e-02,-1.723975387325e-03
"                2907",3.163645056672e-01,3.191796175668e-01,-1.191332421375e-01,3.150918307736e-01,3.080395973615e-01,-1.209444157574e-01,-1.272674893559e-03,-1.114002020525e-02,-1.811173619815e-03
"                2908",3.776463256821e-01,3.260349857685e-01,-1.223466249582e-01,3.773432416418e-01,3.146631893710e-01,-1.242444472457e-01,-3.030840402366e-04,-1.137179639757e-02,-1.897822287550e-03
"                2909",4.373010558493e-01,3.466397478177e-01,-1.250300082350e-01,4.381245283029e-01,3.353011376869e-01,-1.270128849532e-01,8.234724535919e-04,-1.133861013079e-02,-1.982876718246e-03
"                2910",4.882163571800e-01,3.904015363351e-01,-1.268228821236e-01,4.902993134895e-01,3.793094691679e-01,-1.288814403155e-01,2.082956309460e-03,-1.109206716718e-02,-2.058558191884e-03
"                2911",5.330300478583e-01,4.541803997763e-01,-1.277632932061e-01,5.364308296301e-01,4.435292444466e-01,-1.298850109876e-01,3.400781771767e-03,-1.065115532975e-02,-2.121717781427e-03
"                2912",5.759543553141e-01,5.258074911854e-01,-1.279323059495e-01,5.806635113375e-01,5.157674633008e-01,-1.300974600691e-01,4.709156023420e-03,-1.004002788459e-02,-2.165154119612e-03
"                2913",6.219387070245e-01,5.859698155660e-01,-1.277238485666e-01,6.278840372476e-01,5.767195471049e-01,-1.299057427992e-01,5.945330223035e-03,-9.250268461096e-03,-2.181894232600e-03
"                2914",6.761185144409e-01,6.416962826304e-01,-1.269535227175e-01,6.831774032263e-01,6.333855332862e-01,-1.291262002678e-01,7.058888785397e-03,-8.310749344158e-03,-2.172677550367e-03
"                2915",7.232117075904e-01,7.083771818766e-01,-1.254941012475e-01,7.312225277935e-01,7.011255618301e-01,-1.276342168100e-01,8.010820203134e-03,-7.251620046432e-03,-2.140115562459e-03
"                2916",7.477750542648e-01,7.916761580466e-01,-1.237565141068e-01,7.565273793807e-01,7.855512858056e-01,-1.258477193293e-01,8.752325115960e-03,-6.124872241016e-03,-2.091205222434e-03
"                2917",7.486880124939e-01,8.772531716032e-01,-1.228138340345e-01,7.578917730583e-01,8.722837476140e-01,-1.248370612233e-01,9.203760564331e-03,-4.969423989226e-03,-2.023227188740e-03
"                2918",7.211087034922e-01,9.438953788868e-01,-1.228199823525e-01,7.304196177976e-01,9.400304674788e-01,-1.247609093480e-01,9.310914305384e-03,-3.864911408007e-03,-1.940926995544e-03
"                2919",6.737644011650e-01,9.842059457208e-01,-1.225532768296e-01,6.828280103745e-01,9.813665207242e-01,-1.244013092139e-01,9.063609209545e-03,-2.839424996598e-03,-1.848032384315e-03
"                2920",6.171449130491e-01,1.005107770122e+00,-1.218206450950e-01,6.256276625418e-01,1.003123871310e+00,-1.235670943445e-01,8.482749492709e-03,-1.983898812281e-03,-1.746449249485e-03
"                2921",5.595686378491e-01,1.013601859481e+00,-1.208775901547e-01,5.672021478545e-01,1.012276176745e+00,-1.225205036030e-01,7.633510005451e-03,-1.325682736185e-03,-1.642913448284e-03
"                2922",4.996987676070e-01,1.011224512929e+00,-1.204559691965e-01,5.062456704653e-01,1.010343068258e+00,-1.219947960295e-01,6.546902858280e-03,-8.814446710939e-04,-1.538826833001e-03
"                2923",4.316520675766e-01,1.001238735800e+00,-1.199923929240e-01,4.369256642039e-01,1.000560299320e+00,-1.214330627669e-01,5.273596627274e-03,-6.784364803775e-04,-1.440669842888e-03
"                2924",3.648447512220e-01,9.789295597911e-01,-1.190894526016e-01,3.687460442878e-01,9.781904249235e-01,-1.204404491790e-01,3.901293065867e-03,-7.391348675566e-04,-1.350996577370e-03
"                2925",3.084317906296e-01,9.445124028771e-01,-1.176669721969e-01,3.109390053234e-01,9.434763491301e-01,-1.189458196022e-01,2.507214693758e-03,-1.036053746984e-03,-1.278847405356e-03
"                2926",2.749569517865e-01,8.968201989592e-01,-1.161008407946e-01,2.761308272075e-01,8.952458787590e-01,-1.173313091900e-01,1.173875420977e-03,-1.574320200206e-03,-1.230468395318e-03
"                2927",2.592473268993e-01,8.397180149900e-01,-1.145418055787e-01,2.592022161306e-01,8.373969415746e-01,-1.157445248135e-01,-4.511076870566e-05,-2.321073415414e-03,-1.202719234808e-03
"                2928",2.484281640116e-01,7.803749733250e-01,-1.131376183673e-01,2.473557289031e-01,7.771596179736e-01,-1.143385387880e-01,-1.072435108559e-03,-3.215355351477e-03,-1.200920420676e-03
"                2929",2.341635537518e-01,7.220263690605e-01,-1.124337179714e-01,2.322821206725e-01,7.178280257583e-01,-1.136592109344e-01,-1.881433079372e-03,-4.198343302212e-03,-1.225492962962e-03
"                2930",2.193703899331e-01,6.623208378581e-01,-1.124081699375e-01,2.168879806736e-01,6.570864725059e-01,-1.136876802019e-01,-2.482409259519e-03,-5.234365352245e-03,-1.279510264371e-03
"                2931",2.078710362716e-01,5.916024699236e-01,-1.129078052530e-01,2.049991367687e-01,5.853251354530e-01,-1.142648144325e-01,-2.871899502852e-03,-6.277334470587e-03,-1.357009179483e-03
"                2932",2.126570157092e-01,5.093029848141e-01,-1.133595752786e-01,2.096398896450e-01,5.019787334170e-01,-1.148087277385e-01,-3.017126064247e-03,-7.324251397158e-03,-1.449152459903e-03
"                2933",2.303827953067e-01,4.408991515772e-01,-1.133207543576e-01,2.274841249502e-01,4.325753265154e-01,-1.148721577928e-01,-2.898670356522e-03,-8.323825061768e-03,-1.551403435166e-03
"                2934",2.666635569773e-01,3.931242459437e-01,-1.132401177884e-01,2.641396208938e-01,3.839113805364e-01,-1.148997111453e-01,-2.523936083421e-03,-9.212865407370e-03,-1.659593356925e-03
"                2935",3.139479277063e-01,3.704178012436e-01,-1.146446877567e-01,3.119652270431e-01,3.604340806293e-01,-1.164039736665e-01,-1.982700663266e-03,-9.983720614277e-03,-1.759285909792e-03
"                2936",3.656237738601e-01,3.640471484673e-01,-1.171826821890e-01,3.643590988260e-01,3.534543369797e-01,-1.190353801697e-01,-1.264675034082e-03,-1.059281148763e-02,-1.852697980683e-03
"                2937",4.154012065290e-01,3.577943486739e-01,-1.197128971299e-01,4.150414881371e-01,3.467807471111e-01,-1.216578823790e-01,-3.597183918596e-04,-1.101360156274e-02,-1.944985249089e-03
"                2938",4.604471592457e-01,3.578839404617e-01,-1.216245254516e-01,4.611283455699e-01,3.466711769833e-01,-1.236572789426e-01,6.811863242324e-04,-1.121276347848e-02,-2.032753491056e-03
"                2939",5.034352476858e-01,3.755341313401e-01,-1.236278896815e-01,5.052438735115e-01,3.643357934396e-01,-1.257379845193e-01,1.808625825637e-03,-1.119833790053e-02,-2.110094837777e-03
"                2940",5.481214413230e-01,4.172188787881e-01,-1.260627103667e-01,5.510994509435e-01,4.062381431712e-01,-1.282283692337e-01,2.978009620487e-03,-1.098073561687e-02,-2.165658866966e-03
"                2941",5.952631148975e-01,4.779120656457e-01,-1.285539029592e-01,5.994072212850e-01,4.673562902261e-01,-1.307551092834e-01,4.144106387482e-03,-1.055577541964e-02,-2.201206324194e-03
"                2942",6.436331216495e-01,5.458530896252e-01,-1.303486065947e-01,6.489017044540e-01,5.359028004784e-01,-1.325606293380e-01,5.268582804433e-03,-9.950289146773e-03,-2.212022743326e-03
"                2943",6.834006115578e-01,6.061812780400e-01,-1.307221676488e-01,6.897217464383e-01,5.970382715945e-01,-1.329212913248e-01,6.321134880511e-03,-9.143006445493e-03,-2.199123676011e-03
"                2944",7.144078836409e-01,6.673980421026e-01,-1.294933486279e-01,7.216630837968e-01,6.592398174936e-01,-1.316555570199e-01,7.255200155943e-03,-8.158224608962e-03,-2.162208392040e-03
"                2945",7.337578606521e-01,7.377120113578e-01,-1.276173758380e-01,7.417801970077e-01,7.306687723206e-01,-1.297211975817e-01,8.022336355610e-03,-7.043239037198e-03,-2.103821743764e-03
"                2946",7.377688194773e-01,8.194253764320e-01,-1.258364209465e-01,7.463201679596e-01,8.135659215142e-01,-1.278613552324e-01,8.551348482350e-03,-5.859454917717e-03,-2.024934285883e-03
"                2947",7.211512319710e-01,9.033016340469e-01,-1.243897800324e-01,7.299136416291e-01,8.986287603179e-01,-1.263173451249e-01,8.762409658127e-03,-4.672873729051e-03,-1.927565092469e-03
"                2948",6.811157141767e-01,9.718667389498e-01,-1.232266214748e-01,6.897439969989e-01,9.683175308586e-01,-1.250488313556e-01,8.628282822229e-03,-3.549208091204e-03,-1.822209880891e-03
"                2949",6.293674830837e-01,1.013807813931e+00,-1.226607065025e-01,6.375554581691e-01,1.011254169843e+00,-1.243725353257e-01,8.187975085437e-03,-2.553644087544e-03,-1.711828823187e-03
"                2950",5.752358771863e-01,1.025467360334e+00,-1.229542011586e-01,5.826996608374e-01,1.023720659468e+00,-1.245536064326e-01,7.463783651078e-03,-1.746700865757e-03,-1.599405274038e-03
"                2951",5.250794755349e-01,1.021334001039e+00,-1.236690268748e-01,5.315616984964e-01,1.020188077153e+00,-1.251571928272e-01,6.482222961431e-03,-1.145923885380e-03,-1.488165952307e-03
"                2952",4.749234894006e-01,1.015273617922e+00,-1.241233669029e-01,4.802564269642e-01,1.014488184619e+00,-1.255080531808e-01,5.332937563654e-03,-7.854333029458e-04,-1.384686277940e-03
"                2953",4.153480635063e-01,1.006320515047e+00,-1.233663483603e-01,4.194235390844e-01,1.005631420825e+00,-1.246630035769e-01,4.075475578099e-03,-6.890942222768e-04,-1.296655216575e-03
"                2954",3.527080308778e-01,9.852084829507e-01,-1.213658359106e-01,3.555258961500e-01,9.843613904707e-01,-1.225944625932e-01,2.817865272211e-03,-8.470924800542e-04,-1.228626682512e-03
"                2955",2.981752605350e-01,9.488794249166e-01,-1.183658188159e-01,2.997520354614e-01,9.476450117971e-01,-1.195486404850e-01,1.576774926477e-03,-1.234413119513e-03,-1.182821669143e-03
"                2956",2.658565384073e-01,9.002436711930e-01,-1.148792246351e-01,2.662921986924e-01,8.983989362636e-01,-1.160414729154e-01,4.356602851606e-04,-1.844734929357e-03,-1.162248280305e-03
"                2957",2.526527757338e-01,8.478932007603e-01,-1.116610291294e-01,2.520967358179e-01,8.452687395161e-01,-1.128278408686e-01,-5.560399159353e-04,-2.624461244224e-03,-1.166811739161e-03
"                2958",2.537971108084e-01,7.952789138251e-01,-1.091965862226e-01,2.524448183781e-01,7.917669858820e-01,-1.103975023933e-01,-1.352292430277e-03,-3.511927943080e-03,-1.200916170740e-03
"                2959",2.586083607373e-01,7.409728094308e-01,-1.081893496071e-01,2.566765087813e-01,7.365136128429e-01,-1.094528847151e-01,-1.931851955956e-03,-4.459196587884e-03,-1.263535108039e-03
"                2960",2.676207074235e-01,6.799014113626e-01,-1.084070171465e-01,2.652948471691e-01,6.744629870597e-01,-1.097562244176e-01,-2.325860254453e-03,-5.438424302921e-03,-1.349207271030e-03
"                2961",2.781080881511e-01,6.118748242528e-01,-1.089995590307e-01,2.755963699879e-01,6.054438835217e-01,-1.104499202664e-01,-2.511718163199e-03,-6.430940731120e-03,-1.450361235754e-03
"                2962",2.952501207982e-01,5.373624919698e-01,-1.095262136956e-01,2.928203011037e-01,5.299443455229e-01,-1.110896252179e-01,-2.429819694525e-03,-7.418146446900e-03,-1.563411522347e-03
"                2963",3.269180700363e-01,4.744942691643e-01,-1.107942537810e-01,3.247688210467e-01,4.661444086205e-01,-1.124698731524e-01,-2.149248989543e-03,-8.349860543812e-03,-1.675619371406e-03
"                2964",3.780392288496e-01,4.255339821656e-01,-1.127622120077e-01,3.763507008037e-01,4.163582483658e-01,-1.145455583223e-01,-1.688528045859e-03,-9.175733799797e-03,-1.783346314616e-03
"                2965",4.284526895190e-01,3.977610308888e-01,-1.147721996674e-01,4.274176041721e-01,3.878621201450e-01,-1.166586210497e-01,-1.035085346898e-03,-9.898910743805e-03,-1.886421382280e-03
"                2966",4.662654039787e-01,3.864192152077e-01,-1.162928580813e-01,4.660316922908e-01,3.759419858159e-01,-1.182770053578e-01,-2.337116879244e-04,-1.047722939177e-02,-1.984147276556e-03
"                2967",4.940925367432e-01,3.807370506292e-01,-1.180052083807e-01,4.947696657168e-01,3.698403006033e-01,-1.200793159960e-01,6.771289736106e-04,-1.089675002596e-02,-2.074107615268e-03
"                2968",5.241557040004e-01,3.813547068574e-01,-1.205087815297e-01,5.257930913362e-01,3.702444596371e-01,-1.226560420790e-01,1.637387335802e-03,-1.111024722034e-02,-2.147260549276e-03
"                2969",5.660784371731e-01,3.954445177506e-01,-1.241694742233e-01,5.686915387594e-01,3.843318963869e-01,-1.263676309567e-01,2.613101586297e-03,-1.111262136376e-02,-2.198156733407e-03
"                2970",6.162055585288e-01,4.312765544145e-01,-1.283652404729e-01,6.198006845667e-01,4.203940166268e-01,-1.305898551163e-01,3.595126037882e-03,-1.088253778776e-02,-2.224614643426e-03
"                2971",6.631942969079e-01,4.927795817849e-01,-1.316913142330e-01,6.677664916660e-01,4.823371851709e-01,-1.339230554428e-01,4.572194758071e-03,-1.044239661393e-02,-2.231741209825e-03
"                2972",6.971517325103e-01,5.666111084944e-01,-1.330406965348e-01,7.026671037603e-01,5.568188917967e-01,-1.352571763692e-01,5.515371249979e-03,-9.792216697730e-03,-2.216479834423e-03
"                2973",7.138497422694e-01,6.294768941980e-01,-1.327615320555e-01,7.202335811686e-01,6.205498164449e-01,-1.349389750590e-01,6.383838899243e-03,-8.927077753118e-03,-2.177443003531e-03
"                2974",7.180030306837e-01,6.846299025353e-01,-1.313367881290e-01,7.251212723874e-01,6.767649994080e-01,-1.334486630695e-01,7.118241703719e-03,-7.864903127316e-03,-2.111874940499e-03
"                2975",7.165352092080e-01,7.514672930068e-01,-1.293539004713e-01,7.241774381555e-01,7.447643458460e-01,-1.313787455478e-01,7.642228947492e-03,-6.702947160805e-03,-2.024845076517e-03
"                2976",7.061762190737e-01,8.392580452759e-01,-1.268867031634e-01,7.140954016410e-01,8.337733937301e-01,-1.288082547481e-01,7.919182567314e-03,-5.484651545818e-03,-1.921551584660e-03
"                2977",6.824559937363e-01,9.296857420630e-01,-1.251001466568e-01,6.903733579236e-01,9.253714587449e-01,-1.269064555665e-01,7.917364187318e-03,-4.314283318045e-03,-1.806308909617e-03
"                2978",6.422639717968e-01,9.924268454370e-01,-1.247505485243e-01,6.499014737886e-01,9.891976946300e-01,-1.264401624392e-01,7.637501991795e-03,-3.229150806933e-03,-1.689613914933e-03
"                2979",5.944528223108e-01,1.018502308733e+00,-1.258080139700e-01,6.015188477143e-01,1.016217556235e+00,-1.273779236093e-01,7.066025403419e-03,-2.284752498148e-03,-1.569909639286e-03
"                2980",5.500655805261e-01,1.015929826161e+00,-1.272648744479e-01,5.563231038107e-01,1.014386887541e+00,-1.287204590058e-01,6.257523284564e-03,-1.542938620300e-03,-1.455584557899e-03
"                2981",5.088017788566e-01,1.011475066508e+00,-1.278949262082e-01,5.140757605139e-01,1.010439659495e+00,-1.292457465245e-01,5.273981657276e-03,-1.035407013793e-03,-1.350820316244e-03
"                2982",4.649235285706e-01,1.012755168616e+00,-1.271704083200e-01,4.691340660132e-01,1.011988845290e+00,-1.284339111121e-01,4.210537442578e-03,-7.663233264726e-04,-1.263502792124e-03
"                2983",4.065598720439e-01,1.007992127546e+00,-1.247687000871e-01,4.096557844124e-01,1.007216797343e+00,-1.259653663501e-01,3.095912368448e-03,-7.753302030309e-04,-1.196666262968e-03
"                2984",3.424978562620e-01,9.845984528230e-01,-1.207235540410e-01,3.445239388097e-01,9.835828372512e-01,-1.218781342145e-01,2.026082547696e-03,-1.015615571837e-03,-1.154580173517e-03
"                2985",2.904900096062e-01,9.452704267834e-01,-1.156722829269e-01,2.914927497798e-01,9.438159548038e-01,-1.168100034520e-01,1.002740173601e-03,-1.454471979626e-03,-1.137720525091e-03
"                2986",2.670874124767e-01,8.983073078928e-01,-1.107179066436e-01,2.671907379355e-01,8.962226873378e-01,-1.118682824856e-01,1.033254587918e-04,-2.084620554960e-03,-1.150375842014e-03
"                2987",2.716799856095e-01,8.521051972014e-01,-1.070078664861e-01,2.710355377104e-01,8.492468937886e-01,-1.081979482451e-01,-6.444478991098e-04,-2.858303412750e-03,-1.190081758941e-03
"                2988",2.943222717013e-01,8.051548837579e-01,-1.049095104708e-01,2.931143782118e-01,8.014520555236e-01,-1.061666513291e-01,-1.207893489502e-03,-3.702828234336e-03,-1.257140858392e-03
"                2989",3.210561684398e-01,7.543222717764e-01,-1.042425660227e-01,3.194883099054e-01,7.497106178058e-01,-1.055878450024e-01,-1.567858534484e-03,-4.611653970652e-03,-1.345278979714e-03
"                2990",3.491386711723e-01,6.920158219758e-01,-1.040818189911e-01,3.474238104127e-01,6.864660648225e-01,-1.055338355371e-01,-1.714860759643e-03,-5.549757153337e-03,-1.452016546055e-03
"                2991",3.769361583211e-01,6.217474183458e-01,-1.050759396021e-01,3.752465438093e-01,6.152459822466e-01,-1.066421137924e-01,-1.689614511709e-03,-6.501436099240e-03,-1.566174190261e-03
"                2992",4.128702164315e-01,5.462177608144e-01,-1.075333488560e-01,4.113680670257e-01,5.387786711428e-01,-1.092127046597e-01,-1.502149405737e-03,-7.439089671559e-03,-1.679355803699e-03
"                2993",4.493027776737e-01,4.808059412566e-01,-1.098350932946e-01,4.481974001022e-01,4.724833366459e-01,-1.116300869569e-01,-1.105377571490e-03,-8.322604610747e-03,-1.794993662255e-03
"                2994",4.843947273288e-01,4.322289123919e-01,-1.110484233685e-01,4.838395338159e-01,4.231113049231e-01,-1.129567956431e-01,-5.551935128402e-04,-9.117607468857e-03,-1.908372274594e-03
"                2995",5.137938825309e-01,4.066244987132e-01,-1.120430612516e-01,5.139143812766e-01,3.967842804591e-01,-1.140547723341e-01,1.204987456876e-04,-9.840218254073e-03,-2.011711082471e-03
"                2996",5.369279536446e-01,3.956657957246e-01,-1.140561645365e-01,5.377886924210e-01,3.852328536769e-01,-1.161547226412e-01,8.607387763896e-04,-1.043294204761e-02,-2.098558104683e-03
"                2997",5.589095332527e-01,3.863568471438e-01,-1.177619320445e-01,5.605253757792e-01,3.754978918524e-01,-1.199292100527e-01,1.615842526486e-03,-1.085895529136e-02,-2.167278008224e-03
"                2998",5.898811943124e-01,3.824438096081e-01,-1.226386669823e-01,5.922698751745e-01,3.713837769048e-01,-1.248524124085e-01,2.388680862120e-03,-1.106003270327e-02,-2.213745426189e-03
"                2999",6.332122600518e-01,3.970941149423e-01,-1.277409991871e-01,6.363769639557e-01,3.860557776298e-01,-1.299775026310e-01,3.164703903901e-03,-1.103833731247e-02,-2.236503443934e-03
"                3000",6.739656270568e-01,4.374526881041e-01,-1.318412094426e-01,6.779210152980e-01,4.266920745981e-01,-1.340800217726e-01,3.955388241230e-03,-1.076061350599e-02,-2.238812330036e-03
