Time (s),Ux,Uy,Uz,h,k,omega,p
1,1.0,1.0,0.999999999999,0.99999994105,1.0,0.579241689919,0.999999999937
2,0.611091780267,0.609687971707,0.0524229475214,0.0261454044669,0.188632286957,0.119507315074,0.0269345960454
3,0.271918880997,0.27009341665,0.0121602321362,0.0171147683826,0.0657793605586,0.0316633540915,0.0233850721137
4,0.138678438838,0.136860157239,0.0103841195987,0.0198077538421,0.0316887164328,0.0132038219263,0.0101485239662
5,0.156161342982,0.154658172191,0.0139972201182,0.022075131028,0.0185606927761,0.00680092055329,0.0130683884845
6,0.119789934492,0.119885547604,0.0218443109731,0.0212325539794,0.0121820651099,0.00404233645779,0.017479581486
7,0.12188598783,0.122983359188,0.0266414136125,0.0224609251341,0.00847665120455,0.00264822921151,0.0238739734368
8,0.112818689157,0.114155309203,0.0201190437998,0.0240939647692,0.00629384047024,0.00187983994939,0.0195794395986
9,0.0744237875205,0.075122019793,0.0150087525676,0.0266946174773,0.00485377326768,0.00140954709139,0.0137109985249
10,0.0633269995571,0.0638937677227,0.0137076993532,0.0293855946123,0.00389075602565,0.00110407480705,0.0099668816744
11,0.057044465886,0.0578356116251,0.0148870814633,0.0315798494071,0.00318740654613,0.00088883095805,0.010458492654
12,0.0525018466995,0.053089396558,0.0166012443706,0.0333617022399,0.00265983490132,0.000738022103522,0.0128310631779
13,0.0529427760433,0.0534910522788,0.017414930567,0.0354291311455,0.00226533995568,0.00062810047593,0.0142339113999
14,0.0452770899568,0.0458897993959,0.0167704497405,0.0378309072317,0.00194832983732,0.000541366873263,0.012201465296
15,0.0380377834619,0.0385089570863,0.015871243574,0.0399955186777,0.00169377547422,0.000474191713167,0.0100435812106
16,0.0347308540194,0.0350847008005,0.0156828927049,0.041462438404,0.00150307690578,0.000421299334917,0.00947332134338
17,0.0320453333684,0.0323441697566,0.0160846229924,0.0421090421927,0.00134608192063,0.000378523409004,0.0099889732568
18,0.0305090471979,0.0307245650715,0.0165338967888,0.0421040483223,0.00120675939103,0.000344533545295,0.0103768290424
19,0.0295569572159,0.0297427971949,0.016616440011,0.0417793423374,0.00108813468601,0.000317412739144,0.00984943825543
20,0.0271857994148,0.0273443136586,0.0163766068551,0.0413622328793,0.000989908343889,0.000295469304979,0.00883744366494
21,0.024909112431,0.0250541290637,0.0161537295222,0.0408264987114,0.000904942274524,0.000276543610406,0.00832946894872
22,0.023136695868,0.0232892218541,0.0161378911779,0.0400615141991,0.000831876493949,0.000259952627768,0.0083660948117
23,0.0218011362242,0.0219480479475,0.0162388920744,0.0391310033553,0.000767392886577,0.000245577846579,0.00846167885521
24,0.0209199735331,0.0210562555368,0.0162969498094,0.038132579535,0.000710323084598,0.00023359289535,0.00816465400596
25,0.0200960001303,0.0202161200294,0.0162390170789,0.0371245577094,0.000660364821502,0.000223494004797,0.00780330302537
26,0.0191843906185,0.0192768325717,0.0160983541443,0.0361643439938,0.000615911086148,0.000214595675347,0.00742776849574
27,0.0183735172318,0.0184651474591,0.0159632301347,0.0352491103985,0.000576700522978,0.000206719606495,0.00711748673975
28,0.0174278289758,0.0175119294948,0.015881802521,0.0343561162047,0.000542012353618,0.000199827297799,0.0070663376096
29,0.0165707289493,0.0166419587188,0.015823940163,0.033490977877,0.000509831047092,0.000193325611108,0.00698596961054
30,0.0158591184852,0.0159222604443,0.0157455501007,0.032627697323,0.000480577540985,0.000187431982686,0.00663086846865
31,0.0152747182079,0.0153180011477,0.0156334944247,0.0317431614293,0.000454489541878,0.000182256366807,0.00618698601653
32,0.0146623239613,0.014690423386,0.0155047154043,0.030913194091,0.000431350195024,0.000177749991921,0.00595380670425
33,0.0141451348402,0.0141699183187,0.0153768607012,0.0301322707479,0.000410864730264,0.000173936924727,0.00588841454758
34,0.0136969340643,0.013711641833,0.0152541505111,0.0293928175144,0.000392428581573,0.000170583536855,0.00576327111414
35,0.0132634789043,0.0132683005697,0.0151345909396,0.0286976856538,0.000375595539201,0.000167686798405,0.00564814954761
36,0.0128470624998,0.0128387182513,0.0150088146153,0.0280479666532,0.000360287130347,0.000165069397883,0.00552229261979
37,0.0123691336381,0.0123537658271,0.0148751608518,0.0274405549917,0.000346444881805,0.000162707054501,0.0053410508473
38,0.0119280748999,0.0119151014158,0.0147370849309,0.0268700729863,0.000333893857568,0.000160564267724,0.00508865074232
39,0.0115111379519,0.0115003206016,0.0145990138848,0.0263311861859,0.000322361423622,0.000158617271681,0.00500774248249
40,0.011109980425,0.0111036570072,0.014462499408,0.0258204440919,0.000311728557534,0.000156828400459,0.00497520463236
41,0.0107858720731,0.0107776170936,0.0143255048429,0.0253343139245,0.000302017082276,0.000155174401216,0.00492713662639
42,0.0105174109544,0.0105054363004,0.0141877819049,0.0248700164835,0.000293201644274,0.000153672786781,0.00486298154482
43,0.0103285414508,0.0103135775363,0.0140492576712,0.02442527084,0.0002851152753,0.000152304831603,0.00476943039435
44,0.0100393638362,0.0100233642894,0.0139105819095,0.0239974320459,0.000277700571415,0.000151069334077,0.00476568050398
45,0.00969426286258,0.0096796405535,0.0137722590477,0.0235844567371,0.000270959609351,0.000149927466485,0.00467463606031
46,0.00939135097983,0.00938270436268,0.0136346096779,0.0231834879387,0.000264730025086,0.000148824414208,0.00460661942444
47,0.00910831812452,0.00910093761452,0.0134979256395,0.0227914813265,0.000259014415631,0.000147815584879,0.00458551671546
48,0.00886138678686,0.00885525082131,0.0133615989012,0.0224063404715,0.000253799618927,0.000146876940521,0.00451561333619
49,0.00869190754794,0.00868460326909,0.0132254485428,0.0220257831556,0.000249051667037,0.000145988784803,0.0044607462145
50,0.0085163640577,0.00850760378387,0.0130902879,0.021647013986,0.000244662310247,0.000145118623091,0.00445789603281
51,0.00828740324889,0.00827837371696,0.0129562089497,0.0212672869093,0.000240620331245,0.000144283032314,0.00444362874138
52,0.00802538028436,0.00801913647975,0.0128231552912,0.0208836933802,0.000236936875648,0.000143479415126,0.00440179181103
53,0.00778217907386,0.00777536849699,0.0126910855979,0.0204760378259,0.000233613976792,0.000142711275836,0.00428567212924
54,0.00757576902804,0.00757022739606,0.0125599074439,0.0200595372926,0.000230625351706,0.000141972069915,0.00420173232339
55,0.00735951965895,0.00735544912871,0.0124292233028,0.0196316758194,0.000227938597771,0.000141248164188,0.00412051596472
56,0.00714596377259,0.00714392756403,0.0122991565875,0.0191909088388,0.00022550801335,0.0001405179352,0.00399360125503
57,0.00695278919752,0.00695389117187,0.0121697555057,0.0187371711247,0.000223297547406,0.000139780794467,0.00396759882103
58,0.00674705514881,0.00674613999992,0.0120408205888,0.0182721136859,0.000221345125681,0.000139052335554,0.00392971575624
59,0.00651294646121,0.00650915386604,0.0119122484239,0.0177979107338,0.000219635444272,0.000138339879776,0.00384740525467
60,0.00624059465738,0.00623457229883,0.0117840467857,0.0173159553776,0.00021813889062,0.000137612306351,0.00377908783741
61,0.0060030725002,0.0059920501768,0.0116560079287,0.0168272267762,0.000216858242596,0.00013688708583,0.00367409624558
62,0.00579601382028,0.00578555193177,0.0115281191516,0.0163333072183,0.000215779259381,0.00013618155044,0.00359578965152
63,0.00557600623222,0.00556832621761,0.0114002461764,0.0158358605796,0.000214890029886,0.000135492092104,0.00356354866244
64,0.00534473384905,0.0053407719899,0.0112723343731,0.0153362871084,0.000214189509514,0.000134794163429,0.00349869461343
65,0.00510004879544,0.00509826663465,0.0111442953342,0.0148367358557,0.000213733055294,0.00013411493957,0.00340883439717
66,0.00485008183825,0.00484962096076,0.0110162286801,0.0143395557203,0.000213487240686,0.000133454770984,0.00335367275724
67,0.00460591044571,0.00460608751887,0.0108881312391,0.0138613965428,0.00021346087232,0.000132805821856,0.00329177668384
68,0.00438114844125,0.00438061834763,0.0107600900375,0.013389058268,0.000213651588394,0.00013216562867,0.00321379404111
69,0.00416809502166,0.00416759078592,0.0106322517365,0.0129250999436,0.00021402529926,0.00013153569384,0.00313512475022
70,0.00396057314105,0.00395956223097,0.0105046286265,0.0124715854051,0.000214551651842,0.000130911739558,0.00306872356989
71,0.00375570863037,0.00375398223277,0.0103773224224,0.0120310966986,0.000215230066179,0.000130287345434,0.00300293518075
72,0.00355366613856,0.00355191247395,0.0102504321582,0.0116054488529,0.000216104125257,0.000129653550088,0.00293211712659
73,0.00335076576179,0.00334970544445,0.0101241368751,0.0111965596724,0.000217152934634,0.000129009295908,0.00286579164002
74,0.00315613589849,0.00315597663833,0.00999857875771,0.0108060947435,0.000218355567967,0.000128359150214,0.00279404703786
75,0.00297902569664,0.00297957420559,0.00987396736555,0.010435222529,0.000219698908346,0.000127702578438,0.00270947545069
76,0.00282061454681,0.00282131772062,0.00975046270844,0.0100851903822,0.000221189524087,0.000127039771697,0.00262447351713
77,0.00267536526393,0.00267565264857,0.00962823222062,0.00975657855438,0.000222853951217,0.000126370608804,0.00255086545571
78,0.00254027443585,0.00254029108527,0.00950741708742,0.00944987083891,0.000224671868909,0.000125697757381,0.00248751019006
79,0.00241279511889,0.00241319023829,0.00938814760642,0.0091651405819,0.00022664862977,0.000125022398241,0.00242738816743
80,0.00229061932355,0.00229121016848,0.00927054744921,0.00890239292632,0.000228759952518,0.000124343732801,0.0023678278469
81,0.00217761482528,0.00217823149754,0.00915477786954,0.0086612449967,0.000230996279829,0.000123664895214,0.00230664578367
82,0.00206994761271,0.00207575851566,0.00904098326654,0.00844106404696,0.00023337686389,0.000122985210299,0.00223590631011
83,0.00197342393764,0.00197805166337,0.00892923020802,0.00824109686118,0.000235904381303,0.000122305847329,0.00216550220025
84,0.00189233417202,0.00189316039201,0.00881958478146,0.00806018176396,0.00023859681634,0.000121626828651,0.00210958732056
85,0.00182502950655,0.00182371620957,0.00871211747044,0.00789731574875,0.000241461487492,0.000120947043844,0.00205975936192
86,0.00176414125538,0.00176370369254,0.00860689452977,0.00775101543063,0.000244516763454,0.000120269704076,0.00200744389908
87,0.00170353240556,0.00170493232865,0.00850395206684,0.0076201176761,0.00024776288272,0.000119590297641,0.00195679722387
88,0.00164455314118,0.00164666266274,0.00840330087843,0.00750313016999,0.000251215172234,0.000118910338218,0.00190843017684
89,0.00159282484275,0.00159450005997,0.00830494668365,0.00739877134265,0.000254840641661,0.000118230004269,0.00186341289279
90,0.00154833420481,0.00154895077661,0.00820888263082,0.00730557896933,0.000258632928385,0.000117549695164,0.0018219906291
91,0.00150844752361,0.00150851500287,0.00811508941304,0.00722237253413,0.000262600547095,0.00011686851798,0.00178026351163
92,0.00146915711023,0.00146947931639,0.00802352908159,0.00714787720376,0.000266733248475,0.000116186706167,0.00174308957992
93,0.00142943852169,0.00143045829669,0.00793416184985,0.00708101305158,0.000271044499447,0.000115504942081,0.00171151750353
94,0.00139212077248,0.00139347310716,0.00784692622287,0.00702078799835,0.000275531164552,0.000114822124806,0.00168271647685
95,0.00135953361833,0.00136082242362,0.00776177725801,0.00696621788676,0.000280205274771,0.00011413885552,0.00165328194235
96,0.00133077114176,0.00133198702998,0.00767868394726,0.00691660471433,0.000285083183096,0.000113458634903,0.0016285307082
97,0.00130444195378,0.00130557214325,0.00759759604736,0.00687107906823,0.00029015730258,0.000112777490795,0.00160390138542
98,0.00127860345052,0.00127978220783,0.0075184721226,0.00682912255929,0.000295453789488,0.000112096655789,0.00158119969567
99,0.00125191849137,0.00125310443717,0.00744125484769,0.0067900195421,0.000300976565211,0.000111416458463,0.00156099887817
100,0.00122433410863,0.00122553431208,0.00736587420327,0.00675339381152,0.000306735786856,0.000110738451376,0.00153762181423
101,0.0011975575114,0.00119892263525,0.00729226922261,0.00671870674676,0.000312732737901,0.000110061800217,0.00151460094558
102,0.00117167685231,0.00117316437556,0.00722038783683,0.00668566433923,0.000318983136613,0.000109386912049,0.0015034472247
103,0.00114624116874,0.00114792667635,0.00715017428825,0.0066538864805,0.000325479870631,0.000108714358668,0.00149602154586
104,0.00112581164075,0.00112742415947,0.00708155525178,0.00662316586102,0.000332232278073,0.000108045145023,0.00148261374286
105,0.00110845073268,0.00110989751617,0.00701453495832,0.00659324892329,0.000339246907386,0.000107379144195,0.00146825953382
106,0.00108847406074,0.00108955052794,0.00694904931337,0.0065640287786,0.000346531590243,0.000106717542955,0.00145203759089
107,0.00106595904115,0.00106663037906,0.00688503803313,0.00653536010542,0.000354089008131,0.000106063348938,0.00143043469826
108,0.00104276975767,0.00104312126316,0.00682243603587,0.00650709815284,0.000361933163945,0.000105413406416,0.0014019649698
109,0.00102046903214,0.00102062191005,0.0067611939382,0.00647911499647,0.000370057490442,0.0001047692045,0.00137525579405
110,0.000999922565958,0.000999889174424,0.00670127965091,0.00645132607359,0.000378449753164,0.000104130623863,0.00135688827118
111,0.000980690270602,0.000980523661555,0.00664265768457,0.0064237614042,0.000387084068879,0.000103496593815,0.00134729919238
112,0.00096142312807,0.000961301248673,0.00658528870637,0.00639637366665,0.00039592758696,0.000102866857535,0.0013440847005
113,0.000943336666153,0.000943109993984,0.00652911707916,0.00636926223504,0.000404936319196,0.000102240558829,0.00133974367715
114,0.000928957852231,0.00092838215627,0.00647410812356,0.00634238673249,0.000414075512614,0.00010161927981,0.00133108340317
115,0.000914644176625,0.000913826076124,0.00642026142049,0.00631589825869,0.000423317335079,0.000101002014967,0.0013140082992
116,0.000898481037843,0.000897415065878,0.00636752710874,0.00628973101522,0.000432628683086,0.000100389113037,0.00128870046435
117,0.00088228556825,0.000880858567874,0.00631587027249,0.00626400764675,0.000441970476661,9.97814308111e-05,0.0012637186935
118,0.000867818582924,0.000865945099137,0.00626525627909,0.00623861875469,0.000451268732925,9.91784540537e-05,0.00124571573431
119,0.000855078585873,0.000852770772933,0.00621566241533,0.00621369032636,0.000460519674648,9.85792222206e-05,0.00123586279757
120,0.000843532177256,0.000840798920648,0.00616706644621,0.00618915148403,0.000469663407942,9.79840685307e-05,0.00122882999388
121,0.000833004413484,0.000829828284928,0.00611944449153,0.00616508558747,0.000478641547837,9.7394393851e-05,0.00122136392626
122,0.000823217767199,0.000819611648136,0.00607277201912,0.00614151875166,0.000487410457846,9.68107532309e-05,0.00121195872433
123,0.000814441466251,0.000810362262492,0.00602702024902,0.00611848019669,0.000495916752544,9.62313691083e-05,0.0011997590267
124,0.000807171892589,0.000802469944993,0.00598216181052,0.00609599077018,0.000504096106773,9.56569013338e-05,0.00118394215681
125,0.000799884948609,0.000794483309695,0.00593817969041,0.00607409830074,0.000511885208165,9.50873342997e-05,0.00116548131615
126,0.000792108770769,0.000786073232395,0.00589505563772,0.00605273238298,0.000519228763614,9.4521671362e-05,0.00114839536621
127,0.000784601713506,0.000777994422726,0.00585277093925,0.00603190616243,0.000526099575961,9.39595783907e-05,0.00113768531121
128,0.000777835184141,0.00077083235372,0.00581130485621,0.00601145389249,0.000532468091228,9.34037416875e-05,0.00113275835627
129,0.000771748482292,0.000764525730976,0.00577063813118,0.00599138786677,0.000538294890869,9.28538330767e-05,0.00112880273579
130,0.00076637688062,0.000759139204039,0.00573075287601,0.00597158370932,0.00054355356158,9.23106474326e-05,0.00112246835357
131,0.000761334101848,0.000754209768275,0.00569162992923,0.00595202501977,0.000548218853427,9.1772536407e-05,0.00111284965052
132,0.000756243277944,0.000749516728099,0.00565324555896,0.00593268478424,0.000552232801166,9.12364047174e-05,0.00110180696184
133,0.000750878963853,0.00074465122221,0.00561557611043,0.00591351753522,0.000555562710981,9.07029362243e-05,0.00109034839695
134,0.00074544575478,0.000739707363453,0.00557860370433,0.00589448322175,0.000558240805224,9.01739634184e-05,0.00107979515178
135,0.000739973964251,0.00073489109205,0.00554231012128,0.00587551526205,0.000560246743159,8.96500275037e-05,0.00107072710698
136,0.000734726391477,0.000730324196838,0.00550667835974,0.00585652272183,0.00056159197592,8.9131074118e-05,0.00106252657519
137,0.000729749926201,0.000726055727735,0.00547169430601,0.005837368608,0.000562278775848,8.86157132707e-05,0.00105561219996
138,0.000725042502283,0.000722025857179,0.00543734131899,0.00581796151432,0.000562355085395,8.81036584423e-05,0.0010496731009
139,0.000720463990781,0.000718200570563,0.00540360196514,0.00579836345944,0.00056182484922,8.75976293598e-05,0.00104349767227
140,0.000715910764886,0.000714300939131,0.00537045918446,0.00577857455921,0.000560690327147,8.70967209148e-05,0.0010365248024
141,0.000711416608809,0.000710452279498,0.00533789798536,0.00575860989576,0.000558985266151,8.66004366451e-05,0.0010287390627
142,0.000706834336079,0.000706552368275,0.00530590083972,0.00573847084574,0.000556745259885,8.61086386109e-05,0.00102085596975
143,0.000701996025339,0.000702404895263,0.00527445130545,0.0057181901379,0.000553979992994,8.56213540758e-05,0.00101309686181
144,0.000697143563873,0.000698192763213,0.0052435340968,0.00569775743491,0.000550713433136,8.51390510619e-05,0.00100485355385
145,0.000692601529134,0.000694161291325,0.00521313660547,0.00567716897349,0.000546982793476,8.46619747222e-05,0.000996309891115
146,0.0006884201802,0.000690383409905,0.00518324567091,0.00565644909393,0.000542805174652,8.41887772909e-05,0.000987680416568
147,0.00068443797045,0.000687325150257,0.00515384666572,0.00563560754782,0.000538211268121,8.37192062738e-05,0.00097917845367
148,0.000680565463447,0.000684080393892,0.00512492939649,0.00561464862776,0.000533212863064,8.32524335799e-05,0.000970266363075
149,0.000676496776535,0.000680256078299,0.00509648100853,0.00559357592898,0.000527819343488,8.27890505513e-05,0.000961210289467
150,0.000672439480291,0.000676249074221,0.00506849187507,0.00557236371696,0.000522035330616,8.23264589602e-05,0.000952392383185
151,0.000668582638474,0.000672137988853,0.00504095037871,0.0055510282204,0.000515935948291,8.18629428397e-05,0.000943940769249
152,0.000665563319305,0.000668307359382,0.00501384752547,0.0055295773866,0.000509514125669,8.14016649656e-05,0.000935060060489
153,0.000662521468366,0.000664719298427,0.004987174325,0.0055080084682,0.000502808763502,8.0944309971e-05,0.000925641040638
154,0.000659563051179,0.000661189106265,0.00496092125898,0.0054863171681,0.00049584455314,8.04908884391e-05,0.000915640915746
155,0.000656783183809,0.000657827690197,0.00493508098203,0.00546453554477,0.000488618155093,8.00357501342e-05,0.000904836487656
156,0.000654051467119,0.000654538804323,0.00490964451422,0.00544265825181,0.000481174331725,7.95796359351e-05,0.000893499026289
157,0.000651358913797,0.000651322611416,0.00488460413776,0.00542071029835,0.00047351896494,7.91279662552e-05,0.000882220433753
158,0.000648742823864,0.000648159420459,0.0048599516412,0.00539867539556,0.000465708217657,7.86789745325e-05,0.000871082618266
159,0.000646781080079,0.000646733800266,0.0048356774653,0.00537656130762,0.000457755853359,7.82324150601e-05,0.000860935794167
160,0.000644592148107,0.000643842804456,0.00481177490409,0.00535437441605,0.000449683300728,7.77887889753e-05,0.000850556218609
161,0.000642726709655,0.000641900487585,0.00478823494312,0.00533210969019,0.000441494137304,7.73468582314e-05,0.000840761616858
162,0.000640902662673,0.000640129554956,0.00476505076525,0.00530974164219,0.000433247192629,7.69069460889e-05,0.000830982979109
163,0.000638967524372,0.000638099460186,0.00474221253162,0.00528730293119,0.000424956453532,7.64700618439e-05,0.000821181926221
164,0.000637052540994,0.000635906109607,0.00471971146223,0.00526477254172,0.000416663935015,7.60351974879e-05,0.000811793154421
165,0.00063519565924,0.000633946716438,0.00469753954686,0.00524214569536,0.000408375492169,7.56020586026e-05,0.000802623607471
166,0.000633333320595,0.000632444632733,0.00467569102596,0.00521942767864,0.000400148558748,7.51708210356e-05,0.000794039980331
167,0.000631483051079,0.00063116471238,0.00465416032833,0.00519661074554,0.000391976189574,7.47416852456e-05,0.000785751605913
168,0.000631440905828,0.000630492009581,0.00463294165936,0.00517369387254,0.000383880322021,7.43159419702e-05,0.000778478225026
169,0.000629907007122,0.000629336307942,0.00461203317277,0.00515067374236,0.000375869368188,7.38905471206e-05,0.0007715605863
170,0.000629098188246,0.000628397591628,0.00459142782541,0.00512757150188,0.000367984299333,7.34637820921e-05,0.000765418700002
171,0.000626952771909,0.000627313991796,0.00457112321325,0.00510437363825,0.000360229338556,7.30359026022e-05,0.00075891242702
172,0.000626482653648,0.000626931731148,0.00455111486811,0.00508109307709,0.000352617901982,7.26050006136e-05,0.000753047014102
173,0.000625204076739,0.00062643142213,0.00453140035921,0.00505772176272,0.000345177758496,7.21753308539e-05,0.000747303965114
174,0.000625478518825,0.000626243819645,0.00451197177482,0.00503427068212,0.00033789314533,7.17483292006e-05,0.000742260480841
175,0.000624418528623,0.000625782366426,0.00449282337469,0.0050107234906,0.000330770472045,7.13206168907e-05,0.000736786430944
176,0.000624880799257,0.00062583422469,0.00447394365948,0.00498711576066,0.000323821579303,7.08913766086e-05,0.000731354390848
177,0.000625582737332,0.000625906270501,0.00445532719392,0.00496342962251,0.000317052286962,7.04632601021e-05,0.000725463833402
178,0.000625634944214,0.000625644597986,0.00443696993319,0.00493969476272,0.000310449044465,7.00327873812e-05,0.000719144348667
179,0.000625387498343,0.000625318624095,0.00441886706969,0.00491590403616,0.00030401159117,6.95993525788e-05,0.000713123073021
180,0.000625545890909,0.00062543826116,0.00440100925008,0.00489208766462,0.000297786507073,6.91674853592e-05,0.000707238147473
181,0.000626404865651,0.000625877829069,0.00438339043368,0.00486822555686,0.000291740563446,6.87380766428e-05,0.000701793124539
182,0.000627972704378,0.000626932713771,0.00436600600906,0.00484432537819,0.000285868364879,6.83081264738e-05,0.000697257662989
183,0.000629657950719,0.000627980330671,0.00434885468394,0.00482036010071,0.000280210004489,6.78771478614e-05,0.000693700388237
184,0.000630968717374,0.000628745609357,0.0043319318746,0.00479635626912,0.000274723555891,6.74441877872e-05,0.000690789900068
185,0.000632057473414,0.000629249820044,0.00431523376336,0.00477230108823,0.000269420451103,6.70104737153e-05,0.000687883365495
186,0.000633121341359,0.000629983261976,0.0042987588807,0.00474822428883,0.000264311076322,6.65722948627e-05,0.000684720813471
187,0.000634466017992,0.00063105135462,0.00428250723866,0.00472411109997,0.000259382039611,6.61257607566e-05,0.000681840309778
188,0.00063573285817,0.000631965579469,0.00426647610262,0.00469998203179,0.000254619832231,6.56683157696e-05,0.000680203238118
189,0.000637771703637,0.000635181568446,0.00425066202207,0.00467580664204,0.000250012983768,6.51992045099e-05,0.000679229547287
190,0.000639508170895,0.000636013757875,0.00423506579826,0.00465160183801,0.000245576405958,6.47105275152e-05,0.000679126807174
191,0.000641348682875,0.000637251152261,0.00421968398841,0.00462734483866,0.000241285109882,6.41992082345e-05,0.000679053752769
192,0.00064347437245,0.000638744823022,0.00420451534319,0.00460305437757,0.000237149533756,6.36651815289e-05,0.00067917622136
193,0.000647438229078,0.000640759438866,0.0041895539978,0.00457869525365,0.000233160445518,6.31130371863e-05,0.000679021651289
194,0.000650909321448,0.000642776084037,0.00417479703262,0.0045542962332,0.0002293004995,6.25396791483e-05,0.000678622306181
195,0.000652386940987,0.000644102651355,0.0041602406725,0.00452984179763,0.000225553578055,6.19483621403e-05,0.000677680212832
196,0.000652511056541,0.000644832583255,0.00414587864493,0.00450534772242,0.000221965291892,6.13459428875e-05,0.000675694398119
197,0.000653283667594,0.000645803018435,0.0041317053184,0.00448082132083,0.000218485114696,6.0735614546e-05,0.00067291736159
198,0.000653363042898,0.000646987427898,0.00411771578474,0.00445625982733,0.000215131448608,6.01185416074e-05,0.000668937264378
199,0.000654089289403,0.000648934710877,0.00410390445749,0.0044316619793,0.000211915772803,5.94909516485e-05,0.000664040910431
200,0.000654894279255,0.000648930287377,0.00409026604656,0.00440700898048,0.000208811636348,5.88520587425e-05,0.000658448986064
201,0.000656806702565,0.000651326345272,0.00407678952554,0.00438228990991,0.000205793371779,5.82108471179e-05,0.000654067261236
202,0.000658351691558,0.000654058860476,0.00406346944382,0.00435752296447,0.000202854149063,5.75717596187e-05,0.000650927922291
203,0.000658996239667,0.000655724941956,0.00405030621602,0.00433278011559,0.000199987882968,5.69363713682e-05,0.000648070720773
204,0.000659181852121,0.000656135331438,0.00403729783914,0.00430802978259,0.000197180184455,5.63192386958e-05,0.000645836251075
205,0.000659224277574,0.000656006073471,0.00402443231537,0.00428325664693,0.000194460858758,5.57271244855e-05,0.00064400162494
206,0.000659432295008,0.000656089071659,0.00401170947525,0.00425847040221,0.000191852915076,5.51646030803e-05,0.000642702670639
207,0.000660270410948,0.000657023362038,0.00399913016756,0.00423367364423,0.000189391191351,5.46394231084e-05,0.000641686861388
208,0.000661390125082,0.000658456951768,0.00398669324701,0.00420887327732,0.000187033804945,5.41415612311e-05,0.000640617550583
209,0.000662225574632,0.000659512964673,0.0039743955587,0.00418407020452,0.000184741580352,5.36651619462e-05,0.000639721828859
210,0.000662997747958,0.000660269721672,0.00396223788101,0.00415924251065,0.000182555397043,5.32086284344e-05,0.000638459964634
211,0.000663950466132,0.000661059337884,0.00395021819772,0.0041343957455,0.000180438626584,5.27709349863e-05,0.000636628483518
212,0.000665629164405,0.00066260776061,0.00393833165145,0.00410951501596,0.000178385680407,5.23524092863e-05,0.000634779000189
213,0.00066735981722,0.000664410836361,0.0039265732412,0.00408461370291,0.000176382828498,5.19463535729e-05,0.000634129168704
214,0.000669332786784,0.000666305583831,0.00391494040082,0.00405971243095,0.000174443404002,5.15448381593e-05,0.000633324979071
215,0.000673076310363,0.000668690838955,0.00390343200542,0.00403482406063,0.000172561281568,5.11448800204e-05,0.00063326830972
216,0.000676570281495,0.000670888512004,0.00389204404264,0.00400993989475,0.000170716944376,5.07496436577e-05,0.0006331453726
217,0.000679014828609,0.000672634895923,0.00388077372793,0.00398507570923,0.000168898288662,5.03628070809e-05,0.000632940177905
218,0.000679405260956,0.000674436988092,0.00386962036366,0.00396024821907,0.000167109628982,4.9980472409e-05,0.000632277347031
219,0.00068263574679,0.000677159411929,0.00385858029556,0.00393545291039,0.000165359284708,4.96034953722e-05,0.000632086640144
220,0.000685792279645,0.000680199985509,0.00384765322741,0.00391070308327,0.000163649040787,4.923461874e-05,0.000631052397998
221,0.000690917671825,0.000683852899663,0.00383683423084,0.0038860054506,0.000161941647418,4.88671429888e-05,0.000629953898844
222,0.000693975613639,0.000687511614593,0.00382612648161,0.00386134620242,0.000160258075969,4.8502190615e-05,0.000628096624864
223,0.00069623136948,0.000691265909304,0.00381552629573,0.00383673837984,0.000158602664876,4.81426826595e-05,0.000625786274059
224,0.000699254894227,0.000694943430731,0.00380503318542,0.00381219483555,0.000156980964429,4.77892209641e-05,0.000623945091104
225,0.000703460360454,0.000698626610269,0.00379464900649,0.00378771910301,0.000155392974879,4.74419805302e-05,0.00062347623229
226,0.000710245106463,0.000702872682701,0.00378436981739,0.00376332474245,0.000153865033504,4.71015547935e-05,0.000623765183721
227,0.00071369783104,0.000706173042642,0.00377419616973,0.0037390047266,0.000152375870642,4.67632732246e-05,0.000623406742969
228,0.000716735458352,0.000709049027515,0.00376412502065,0.00371474294627,0.000150905231358,4.64292033162e-05,0.000622340423202
229,0.000719480910629,0.000711167295939,0.00375415428238,0.0036905116892,0.000149454625074,4.6099378259e-05,0.00062014832707
230,0.000720494424847,0.000712844471737,0.00374428272374,0.00366630508466,0.000148033963281,4.57749964643e-05,0.000617526211026
231,0.00072243773177,0.000715135586403,0.00373450272075,0.00364211740465,0.000146627232641,4.54536924577e-05,0.000614824693984
232,0.000725859919504,0.000718599350624,0.00372481176082,0.00361795993258,0.00014523149506,4.51340193973e-05,0.000612579157766
233,0.000729023308776,0.000721824152079,0.00371521014663,0.00359382564214,0.000143853425093,4.4819637526e-05,0.000610718731407
234,0.000731214582485,0.000724831424533,0.00370569727473,0.00356974270829,0.000142483812024,4.45112590718e-05,0.000608217256157
235,0.000732367834556,0.000726649289636,0.0036962706348,0.00354376769395,0.000141143286373,4.42052709701e-05,0.00060468697302
236,0.000733741143259,0.000728195412622,0.00368692550293,0.00351768615027,0.000139820865128,4.39018076805e-05,0.000600606360628
237,0.000735774877295,0.000730059421134,0.0036776584007,0.00349353332715,0.000138517113311,4.36040518995e-05,0.00059505119774
238,0.000739986663603,0.000732805412339,0.00366847009159,0.00346763770324,0.000137245222236,4.33149030423e-05,0.00058885854629
239,0.000741532585609,0.000735213948203,0.00365935893687,0.0034418663971,0.000135995677403,4.30315769193e-05,0.000583471978009
240,0.000743800967906,0.000737302036481,0.00365032288429,0.00341622930354,0.000134757987073,4.27508244804e-05,0.000579681086848
241,0.000743770827676,0.000738646728054,0.00364136362251,0.00339070850885,0.00013350597585,4.24732517414e-05,0.00057631107298
242,0.000745886507696,0.000740600119611,0.00363247734326,0.00336530577554,0.000132264221493,4.22017951757e-05,0.000573550995425
243,0.00074705218836,0.000742851524308,0.00362366717888,0.00334004315236,0.000131025628918,4.19343079789e-05,0.000571236024033
244,0.000750253303568,0.000745747688594,0.00361493167979,0.00331492379673,0.000129815946021,4.1666235649e-05,0.000569567472346
245,0.000753589786505,0.000748568086267,0.00360627497655,0.00328995569614,0.000128603646741,4.14005778201e-05,0.000568406157615
246,0.000755999859333,0.000751154083509,0.00359769811805,0.00326513235737,0.000127398079724,4.11390026393e-05,0.000567503845669
247,0.000757532114536,0.000753422709708,0.00358920324472,0.00324044828588,0.000126213872979,4.08825547816e-05,0.000566431259186
248,0.000759061594343,0.000755857637679,0.0035807922368,0.00321588232082,0.000125068567071,4.0631796027e-05,0.000564985779362
249,0.000761307586688,0.000758555303484,0.00357246273627,0.0031914202986,0.000123945929151,4.03849519179e-05,0.000562834527848
250,0.000764245469744,0.000761528359516,0.0035642120964,0.00316705494751,0.000122862374447,4.0140692495e-05,0.00056087520909
251,0.00076753564662,0.000764726536536,0.00355604083644,0.00314278219273,0.000121832072367,3.98990332868e-05,0.000559437919291
252,0.000770709178958,0.000767726508834,0.00354794329818,0.00311859265818,0.000120825205329,3.96601004735e-05,0.000558865877306
253,0.000773540008661,0.000770622686471,0.00353991877387,0.0030944873097,0.00011985337196,3.94230804266e-05,0.000559307097725
254,0.000776476552857,0.000773516014683,0.00353196579131,0.00307047827505,0.000118898362851,3.91883367085e-05,0.00056103124833
255,0.000779284768122,0.000776550952772,0.00352408352852,0.0030465611414,0.0001179492777,3.89558061718e-05,0.000564171027029
256,0.000782020472664,0.000779553652671,0.00351626982015,0.00302275280904,0.000117024925018,3.87262175419e-05,0.000568859088013
257,0.000784931628145,0.000782885354612,0.00350852412688,0.00299905705945,0.000116114262171,3.84997065084e-05,0.000575614954055
258,0.000787523653309,0.000785576954038,0.00350084568818,0.00297549057882,0.000115197943071,3.82765521435e-05,0.000581298226493
259,0.000789936804219,0.000787596446592,0.00349323127033,0.00295207122398,0.000114285637875,3.80547696766e-05,0.000584370883727
260,0.000792359154734,0.00079038475061,0.00348567725855,0.00292880742963,0.000113355787535,3.7834766479e-05,0.000588268814831
261,0.00079635935997,0.000795144576314,0.00347817971225,0.00290571526626,0.00011243359438,3.76180822465e-05,0.00059145874001
262,0.000801760089094,0.000800967764031,0.00347074058051,0.00288280717019,0.000111504034137,3.74044485042e-05,0.000593619825171
263,0.000807292066343,0.000806933167664,0.00346336626301,0.00286009195082,0.000110594277277,3.71912498385e-05,0.000595834599731
264,0.000812082815339,0.000811669170654,0.00345605752953,0.00283755981037,0.000109670140667,3.69800933508e-05,0.000598545814368
265,0.000815545922322,0.000815020044952,0.0034488117882,0.00281521815452,0.000108753729075,3.67720798681e-05,0.000601157757905
266,0.000818423795941,0.000817991004105,0.00344162916783,0.00279305414291,0.000107817446591,3.65657705193e-05,0.000603715045405
267,0.000821634535103,0.000821517191454,0.00343451131289,0.00277107195309,0.000106897746472,3.63605699154e-05,0.000606136825644
268,0.000826225030079,0.000826367630714,0.00342745387248,0.00274926528235,0.000105990763026,3.61582784238e-05,0.000608440011823
269,0.000831827480291,0.000832036190859,0.00342045854769,0.00272760792211,0.000105092773814,3.59592184956e-05,0.000612188114929
270,0.000838077244403,0.000837687884087,0.0034135265419,0.0027060807229,0.000104204721579,3.57625396594e-05,0.000614819303034
271,0.00084396868634,0.000842601745765,0.00340665897139,0.00268465699828,0.000103321703662,3.55682941453e-05,0.000614287300323
272,0.000848898691407,0.000846512395573,0.00339985346952,0.00266332672215,0.000102458596002,3.53741950925e-05,0.000611686856574
273,0.000851901775236,0.000849161968202,0.00339310769003,0.00264207954346,0.000101591147581,3.51805697073e-05,0.000609370156822
274,0.000853066875105,0.000850540217776,0.00338641453396,0.00262093870551,0.000100746626746,3.4987862323e-05,0.000606981315402
275,0.00085437453157,0.000852113361618,0.00337977110869,0.00259989953143,9.99065129042e-05,3.47956736611e-05,0.000602866025829
276,0.000856400827889,0.000854417414531,0.00337317647165,0.00257897273274,9.90736797994e-05,3.46044388774e-05,0.000597699423236
277,0.000858910116962,0.00085704821099,0.00336662702278,0.00255818873898,9.82453266099e-05,3.44153519936e-05,0.000592140728588
278,0.000861586542483,0.000859528984183,0.00336012150373,0.00253753010054,9.74164428883e-05,3.42278746955e-05,0.000587279411375
279,0.000864316011521,0.000861608634724,0.00335366399158,0.00251703873073,9.6583315843e-05,3.40428008432e-05,0.000583824781724
280,0.000866456160441,0.000862954220506,0.00334725109861,0.00249669373236,9.57638797592e-05,3.38613574604e-05,0.000581431922538
281,0.000868430513305,0.000864278288467,0.00334088266582,0.00247647450654,9.49589760926e-05,3.36813617632e-05,0.000579459063872
282,0.000870601972264,0.000866135731429,0.0033345575019,0.00245639408261,9.41618985858e-05,3.35026768654e-05,0.000577364894035
283,0.000873169120399,0.000868532218664,0.00332827811077,0.00243644037507,9.33960538506e-05,3.33252361896e-05,0.000575701714203
284,0.00087610717885,0.000871383784783,0.00332204264054,0.0024166471562,9.2653216417e-05,3.31497177023e-05,0.000574343877757
285,0.00087892768466,0.000874029700325,0.00331585401981,0.00239703422944,9.19331953145e-05,3.29750796075e-05,0.000573868886766
286,0.000881411885699,0.000876619629737,0.00330971288148,0.00237761618276,9.12362819028e-05,3.28034066868e-05,0.000573748241896
287,0.000883692110779,0.000880554373235,0.00330361589408,0.00235840014137,9.05480552398e-05,3.26312134039e-05,0.000574152793121
288,0.000886292608197,0.000882559934644,0.00329756744245,0.00233938869575,8.98868790076e-05,3.24616558739e-05,0.00057454875765
289,0.000889030892929,0.000885466652146,0.00329156524764,0.00232055971326,8.9255142716e-05,3.22927422191e-05,0.000574430801172
290,0.000891888323825,0.000888704539865,0.00328561440345,0.00230192736792,8.86416155623e-05,3.21254765304e-05,0.000573380254049
291,0.000893906709076,0.000890899847012,0.00327971667373,0.00228348764545,8.80430196615e-05,3.19593359442e-05,0.000571797774367
292,0.000895317550462,0.00089240125178,0.003273873934,0.00226523890888,8.7463545999e-05,3.17948761635e-05,0.000569458062908
293,0.000896806893044,0.000894028499211,0.00326808669507,0.0022471761885,8.69042250196e-05,3.16338004843e-05,0.000566949318485
294,0.000899145761209,0.000896758458202,0.0032623558429,0.00222929056431,8.63435012487e-05,3.14744436593e-05,0.00056476907433
295,0.000901998624929,0.000900007291858,0.00325668002922,0.0022115900805,8.58032216271e-05,3.13180814201e-05,0.000562621291243
296,0.00090460470127,0.000902852277364,0.00325105571144,0.00219407535119,8.52471106579e-05,3.11625466163e-05,0.000560228085102
297,0.000906916166703,0.000905396094283,0.00324548002862,0.00217675779165,8.46686006971e-05,3.10068593947e-05,0.000557743412075
298,0.000908967782606,0.000907804927088,0.00323995010724,0.00215962979202,8.40778353981e-05,3.08511843169e-05,0.000555552240329
299,0.000911281451058,0.000910367939033,0.00323446735865,0.00214268927126,8.34787435598e-05,3.06963563672e-05,0.000553934019802
300,0.000914106355527,0.000913420573368,0.00322902969824,0.00212594837513,8.28743329013e-05,3.05441752482e-05,0.000552424283332
301,0.000971414297593,0.000971910480502,0.00317543238662,0.00246585314683,8.14958047677e-05,2.31195964827e-05,0.00207922565739
302,0.00556624484748,0.00557236999228,0.00304752211072,0.00277610112441,8.03650209878e-05,2.00901829267e-05,0.00192816419918
303,0.00978175037988,0.00980044044732,0.00295161824694,0.00311184053941,7.93532664041e-05,1.75000577674e-05,0.00169763881301
304,0.00967671497635,0.0096961746895,0.00291173672903,0.00350351349001,7.84135318118e-05,1.60738698403e-05,0.00217099157205
305,0.00770242565361,0.0077200982988,0.00287941071224,0.00381750498571,7.7605734009e-05,1.50159737779e-05,0.00197980435545
306,0.00654016248097,0.00655630065954,0.00283294690412,0.00406406996502,7.68094563501e-05,1.38722441004e-05,0.00170436535438
307,0.00678777550406,0.00680826798391,0.00277215473632,0.00427527789808,7.60697117055e-05,1.30438196433e-05,0.00173777928677
308,0.00720352440027,0.00722845110583,0.00270960072574,0.00449055531664,7.53530422709e-05,1.2338066415e-05,0.00158751127199
309,0.00788685206967,0.00791539560672,0.00266524762244,0.00473540620622,7.46909280368e-05,1.17861724052e-05,0.0014922494767
310,0.00751673107575,0.00754794216658,0.00262633526588,0.00499425336013,7.40888100377e-05,1.13647661923e-05,0.00142918487429
311,0.00656402837615,0.00659207027802,0.00258431996137,0.00522341526881,7.34340895622e-05,1.09566242704e-05,0.00131428297047
312,0.00633097928751,0.00635907354964,0.00253593868608,0.00541975995854,7.28048105315e-05,1.05266638535e-05,0.00123238004583
313,0.00662051213947,0.00665152955146,0.00248411064314,0.00559598713215,7.21908394004e-05,1.01357134807e-05,0.00119762166499
314,0.00713934487351,0.00717320347745,0.00243757955031,0.00577107554072,7.15796766531e-05,9.78477692488e-06,0.00115399527059
315,0.00737205298681,0.00740734285752,0.00239704372097,0.00595323443322,7.10150378834e-05,9.46888684479e-06,0.00112935190862
316,0.00709130382472,0.00712597271886,0.00235692931071,0.00612269386679,7.04877098548e-05,9.17680308487e-06,0.00111952963564
317,0.00678894296422,0.00682244567763,0.00231440257653,0.0062711187008,6.99551363615e-05,8.90412280272e-06,0.00110625923319
318,0.00683557461287,0.00687026316328,0.00227007145125,0.0064030194979,6.94207141335e-05,8.64903874334e-06,0.00110106563222
319,0.00714401162342,0.00718108244574,0.00222634712945,0.00652912081085,6.88742792221e-05,8.40474387862e-06,0.00108575594589
320,0.00740855875779,0.00744741694497,0.00218420366681,0.00665270965723,6.83409001688e-05,8.17787289104e-06,0.00106387954334
321,0.00744386868786,0.00748392916657,0.00214297471606,0.0067679528665,6.78025511838e-05,7.97350745499e-06,0.00105932908777
322,0.00736101253227,0.00740063150781,0.00210165392929,0.00687052980884,6.72852406391e-05,7.76771403762e-06,0.0010533608389
323,0.00735230512434,0.00739205876413,0.00205997333535,0.00696152299221,6.68245705771e-05,7.57464775916e-06,0.00105612947834
324,0.00747283392625,0.00751423539205,0.00201830292156,0.00704573632228,6.63686330285e-05,7.39988005255e-06,0.00104098233635
325,0.00763318897922,0.00767769725867,0.00197701963284,0.00712498327654,6.59040618005e-05,7.22590291101e-06,0.00103019997181
326,0.00774324899073,0.00778960617552,0.00193599459281,0.00719732706238,6.54666225416e-05,7.05488654359e-06,0.00102137527868
327,0.00778458928268,0.00783261409303,0.0018950506721,0.00726083682204,6.50369467153e-05,6.89425461914e-06,0.00100296200704
328,0.00780663021227,0.00785630399378,0.00185432333686,0.00731574027663,6.45855645071e-05,6.73983763337e-06,0.000987268118007
329,0.00786074587464,0.00791185987951,0.00181404735208,0.0073637102903,6.41426057115e-05,6.58471504191e-06,0.000975929719191
330,0.00793550684244,0.00798743956521,0.00177420647452,0.0074062816574,6.3720860631e-05,6.44515490024e-06,0.000965515715569
331,0.00803304565401,0.00808548119251,0.00173461878227,0.00744301274671,6.33312099494e-05,6.31334713669e-06,0.000960266639335
332,0.00812156369907,0.00817361572167,0.00169511127304,0.00747334277403,6.29533906479e-05,6.18760454457e-06,0.000954856519803
333,0.00817684065857,0.0082299556584,0.00165566984691,0.00749726588878,6.2571905652e-05,6.07938000638e-06,0.000952878751867
334,0.00822712983914,0.00828067284435,0.00161625362331,0.0075172414092,6.22292388859e-05,5.98670814584e-06,0.000950983278249
335,0.00828587722649,0.00834124292944,0.00157682263539,0.00753519088391,6.18947593385e-05,5.91240698952e-06,0.000943272734728
336,0.00840194001154,0.00846025524199,0.00153726233214,0.00754963270742,6.15899950282e-05,5.83116888053e-06,0.000941555728951
337,0.00853113474745,0.00859270657938,0.00149754428468,0.00756022845483,6.13035269977e-05,5.74722349208e-06,0.000943683963653
338,0.00860623906134,0.0086710131497,0.00145778140883,0.00756730727357,6.1044084707e-05,5.66273587334e-06,0.000954144008799
339,0.00867456641635,0.00874374968002,0.00141803944115,0.00757079728208,6.08079267914e-05,5.58290723559e-06,0.000965604623534
340,0.00876748410044,0.00884106331595,0.00137832209291,0.00757136576779,6.05751516371e-05,5.50774853641e-06,0.000969233802343
341,0.00887395756868,0.00895298622689,0.00133852371622,0.00756923911944,6.03650256715e-05,5.4451457743e-06,0.000970998515679
342,0.00900460684322,0.00909075486785,0.00129862822863,0.00756506706682,6.01629782719e-05,5.39003343945e-06,0.000981713168245
343,0.00910189378817,0.00919641835361,0.00125884321951,0.00755948717605,6.00034891268e-05,5.34085697419e-06,0.000989618641966
344,0.00919567113575,0.00929855383588,0.00121914690169,0.00755321316998,5.98828730245e-05,5.30354853799e-06,0.000993362679629
345,0.00933214175126,0.00944422918487,0.0011792730833,0.0075468804201,5.97978556934e-05,5.26986073757e-06,0.000992776070572
346,0.00941641501722,0.00953607322686,0.00113944671749,0.00754134329618,5.97531584995e-05,5.23779390009e-06,0.000987501530789
347,0.00949007418323,0.00961873159148,0.00109955954397,0.00753755871404,5.97230179547e-05,5.20311075316e-06,0.000997196379219
348,0.00961361194432,0.0097513630489,0.0010594440379,0.00753698451187,5.96983032054e-05,5.16105003861e-06,0.00100143764653
349,0.00976306500731,0.00991074809613,0.00101919417081,0.00754540653436,5.9715878739e-05,5.12341351512e-06,0.000994524629005
350,0.00990384315731,0.010062129402,0.000978992231352,0.00755289901893,5.97761141047e-05,5.0965820173e-06,0.000987785087639
351,0.0100109601187,0.0101816780556,0.000938916634743,0.00755323342897,5.98433542393e-05,5.06268501507e-06,0.000986671500608
352,0.0100912159975,0.0102787994491,0.000898906462206,0.00754230341378,5.9945132259e-05,5.03001755099e-06,0.000982096686868
353,0.0102380584283,0.0104470138682,0.000858674257619,0.00751786140966,6.01083086646e-05,5.01260380978e-06,0.000974436964448
354,0.0104091218918,0.01064213961,0.000818474775799,0.00747815862497,6.02967241823e-05,4.99372976329e-06,0.000956961997116
355,0.0105588890077,0.0108168401102,0.000778519983355,0.0074212531263,6.05160042463e-05,4.96960847561e-06,0.000941075777027
356,0.0106862752258,0.010970061239,0.000738864418187,0.00734492671478,6.07687839763e-05,4.94582798995e-06,0.000931606637097
357,0.010805382258,0.0111160815252,0.000699533777263,0.00724712876027,6.10174033917e-05,4.9144974662e-06,0.000918579316213
358,0.0109254277151,0.0112656804622,0.000660601122242,0.00712614726311,6.1353072138e-05,4.88561940461e-06,0.000898757833519
359,0.011062333259,0.0114363951489,0.000622230802021,0.00698118452099,6.17297248805e-05,4.85339417482e-06,0.000871896050261
360,0.0111806742386,0.0115911478244,0.00058464020915,0.00681222995565,6.21882056563e-05,4.82126247241e-06,0.000849983244055
361,0.0112846850654,0.0117314708227,0.000547919927929,0.00661999355763,6.27309010917e-05,4.80862250407e-06,0.000829997456198
362,0.0113715148027,0.0118536661588,0.000512191542274,0.00640557356814,6.33443003219e-05,4.79675982013e-06,0.000810631495657
363,0.0114425699206,0.0119574265235,0.00047765237798,0.00617004862689,6.40016383385e-05,4.7960350986e-06,0.000792696401246
364,0.0114856050401,0.0120304855821,0.000444576793574,0.00591503638008,6.46958299368e-05,4.80655304031e-06,0.000770264600477
365,0.0115224667609,0.0120930806085,0.000413083287699,0.00564269117444,6.54307802799e-05,4.80820175559e-06,0.000753143300426
366,0.0115645462858,0.0121581272491,0.000383253518243,0.00535556018165,6.62160814742e-05,4.81943739697e-06,0.000737103083352
367,0.011596155538,0.0122082381217,0.000355197697846,0.00505650671865,6.70308222838e-05,4.83901166339e-06,0.000716714526687
368,0.0115964131421,0.0122203025653,0.000329165511698,0.00474869518836,6.78639128706e-05,4.8620147129e-06,0.000700504167922
369,0.0115624434756,0.0121913775365,0.000305354142329,0.00443567041243,6.87440559614e-05,4.89318996349e-06,0.000685347564314
370,0.0115191667625,0.0121497565363,0.000283651463549,0.00412150443195,6.97812554368e-05,4.92246746889e-06,0.000684854216649
371,0.0114963525651,0.0121220260961,0.000264002899099,0.00380932157159,7.09473329563e-05,4.9422971565e-06,0.000675724585649
372,0.0114894853614,0.0121051365811,0.000246361754679,0.00350153373448,7.21712045431e-05,4.98091115815e-06,0.000655526276891
373,0.0114535504231,0.0120546683882,0.000230758310257,0.00320283300533,7.34298551677e-05,5.01107172277e-06,0.000637862612611
374,0.0113720585027,0.011953057202,0.000217169087933,0.00291621128306,7.47206909049e-05,5.04968662883e-06,0.000626277929277
375,0.0112814174974,0.0118414963922,0.000205461134971,0.00264431048013,7.60608966254e-05,5.07569182314e-06,0.000613890166342
376,0.0112224043146,0.0117623154161,0.000195325056055,0.00238920110886,7.74170244156e-05,5.08730763014e-06,0.000602461072585
377,0.0111856782316,0.01170891576,0.000186668918273,0.002152436753,7.87891226637e-05,5.09424613131e-06,0.000589063704551
378,0.0111395396772,0.0116516792768,0.000179368586408,0.00193505567564,8.0189435181e-05,5.09691540095e-06,0.000569668988211
379,0.0110554890739,0.0115644630299,0.000173301177541,0.00173758331392,8.16090519966e-05,5.09588691343e-06,0.000557084461896
380,0.0109357379231,0.0114469882054,0.000168395235037,0.00156011876666,8.30897232013e-05,5.11169444282e-06,0.000548827589665
381,0.0108157614375,0.0113398399619,0.000164391143454,0.00140222283343,8.45578554839e-05,5.05582276046e-06,0.000540040455916
382,0.0106983700584,0.0112405448067,0.000160905525383,0.0012634480682,8.60146629397e-05,4.99009863068e-06,0.000531182133552
383,0.0105637163368,0.0111331021324,0.000157792371639,0.00114278984238,8.75067082905e-05,4.90029875383e-06,0.000522861647415
384,0.0104121431022,0.0110156395928,0.000154858719278,0.00103891975543,8.90350982736e-05,4.8297698075e-06,0.000518232388388
385,0.0102396816822,0.0108831604056,0.000152020006638,0.000950154151744,9.05428111371e-05,4.7658810409e-06,0.000518823201121
386,0.010054276364,0.0107385385339,0.000149292434516,0.000874718415391,9.20305557549e-05,4.72769091317e-06,0.000518235288905
387,0.00986423761109,0.0105912449251,0.000146594845504,0.000811085553219,9.34229526985e-05,4.68171154387e-06,0.000513253712203
388,0.00966650679712,0.0104330198529,0.000143990111007,0.000758074316514,9.48325584046e-05,4.66926156529e-06,0.000505045704132
389,0.00945509991855,0.0102620902826,0.000141352337029,0.000714389431359,9.61454968784e-05,4.63428509433e-06,0.000499182791671
390,0.00925150016197,0.0100982665322,0.000138780256267,0.000678775661083,9.7416639764e-05,4.61953574305e-06,0.00049706184429
391,0.00903854681043,0.00992086590706,0.000136191966646,0.00065006042765,9.84547560618e-05,4.5653906867e-06,0.000493509682989
392,0.00883277573376,0.00974911848626,0.000133669077674,0.000627029956549,9.94139818637e-05,4.53742214863e-06,0.000486875597649
393,0.00862709845683,0.00957029378285,0.000131203599573,0.000607827056048,0.000100135643383,4.47487319109e-06,0.00047550463226
394,0.00841536674943,0.00937944571334,0.000128854164775,0.000590865882206,0.000100730532518,4.42865911079e-06,0.000466954409226
395,0.00820298222686,0.00918323254874,0.00012655816815,0.00057522115271,0.000101163882465,4.3782128001e-06,0.000460683520788
396,0.00799589187263,0.00898445012456,0.000124297391528,0.000560247909353,0.000101543325975,4.3468300526e-06,0.000454700773974
397,0.00777970938193,0.00877012323361,0.000122230850098,0.000545581479808,0.000101761186055,4.3064593317e-06,0.000447008796681
398,0.00757445431965,0.00856496037669,0.00012026257017,0.00053111951038,0.000101853145595,4.27018564658e-06,0.000437448345224
399,0.00737169789272,0.00836121556746,0.000118372327212,0.000516870081926,0.000101780447258,4.2333716803e-06,0.000428847622659
400,0.00717002375313,0.00816107845357,0.000116560282657,0.00050291597391,0.000101708913569,4.21109048935e-06,0.000421340973188
401,0.00696136313893,0.00794735739493,0.000114816478492,0.000489310666196,0.000101435544358,4.16875939545e-06,0.00041561614454
402,0.0067682306955,0.00774967688563,0.0001131535549,0.000476121294225,0.000101070695065,4.13477915822e-06,0.000410674210731
403,0.00659559562626,0.00757774748091,0.0001115539379,0.000463341746833,0.000100598266933,4.10392650404e-06,0.000405236624577
404,0.00643088525277,0.00741229781855,0.000109989654613,0.000450947574192,9.99975090612e-05,4.07342005913e-06,0.000399245699244
405,0.00626392764306,0.00724262248004,0.000108494648307,0.000438970732332,9.93073217706e-05,4.03836046021e-06,0.000392968193011
406,0.00609670086273,0.00707190307895,0.000107019881606,0.000427405875202,9.85409542168e-05,4.00411247966e-06,0.0003859678151
407,0.00593157333282,0.00689962687593,0.000105599576246,0.000416220275306,9.76880750885e-05,3.97243262891e-06,0.000379164837101
408,0.00578672314643,0.00673839256864,0.000104250013701,0.000405455974829,9.68142307247e-05,3.94122809347e-06,0.000373491926673
409,0.00566961539549,0.00660111002174,0.000102933411184,0.000395145731915,9.5938565474e-05,3.90011823331e-06,0.000368507076848
410,0.00555997483761,0.00646515485573,0.000101613198509,0.000385303062176,9.50284425233e-05,3.86310168427e-06,0.000362928345833
411,0.00544450762809,0.00632398400956,0.000100320568191,0.00037591853919,9.41072775308e-05,3.82765299291e-06,0.000356880718391
412,0.0053325454446,0.00618335029481,9.90549999067e-05,0.000367008837063,9.31473638241e-05,3.79519806852e-06,0.000350928858462
413,0.00522811854403,0.00604896127634,9.78377284065e-05,0.000358558679191,9.21276356852e-05,3.76609029887e-06,0.000345745498681
414,0.00513511150732,0.00592297047621,9.66593407106e-05,0.000350604088069,9.10556477121e-05,3.74099193064e-06,0.000341852959336
415,0.00504789632485,0.00580888575678,9.55030421682e-05,0.0003431577286,8.99555115261e-05,3.71376788622e-06,0.000339714133802
416,0.00496857055436,0.00570126025042,9.43591603157e-05,0.000336215396296,8.88222570361e-05,3.69059996457e-06,0.000337636220568
417,0.00489071374739,0.00559302290976,9.31917079262e-05,0.000329780957761,8.76602361715e-05,3.66578454018e-06,0.000335236897152
418,0.0048121911424,0.00548170756609,9.20795853603e-05,0.000323822094124,8.65046247054e-05,3.64249252532e-06,0.000332216812108
419,0.00473030839689,0.00536869869919,9.09430637227e-05,0.000318281665657,8.53659908251e-05,3.61407727493e-06,0.000329340571139
420,0.00464336493229,0.0052567834255,8.98095326939e-05,0.000313171872922,8.42214106221e-05,3.59090227598e-06,0.000326129164706
421,0.00455537036901,0.00514843182057,8.86996653791e-05,0.000308481119924,8.31045985705e-05,3.56792272119e-06,0.00032245754716
422,0.00446342260174,0.00504587717012,8.75710495897e-05,0.000304155079877,8.20599896843e-05,3.5532554728e-06,0.000319259787822
423,0.00436544081501,0.00494233873561,8.64337583358e-05,0.000300116670273,8.10334834046e-05,3.53099009659e-06,0.000315728574508
424,0.00426047409353,0.00483837862893,8.52846528609e-05,0.000296319143383,8.00040161324e-05,3.50638072787e-06,0.000311996465518
425,0.00415002908714,0.00474132512509,8.41069841193e-05,0.000292636106407,7.89907381335e-05,3.48268715979e-06,0.000307712393827
426,0.00404238090313,0.00465493636873,8.29061938812e-05,0.000288989874203,7.79804515893e-05,3.46588778597e-06,0.000303400724764
427,0.00394153211214,0.00458211167287,8.17251519809e-05,0.000285317990707,7.69563852234e-05,3.44395791904e-06,0.000299293965453
428,0.0038468923988,0.00451478191039,8.0585191614e-05,0.000281537746555,7.59863686543e-05,3.42215610109e-06,0.000295005957085
429,0.00375526347013,0.00445148329854,7.94638982448e-05,0.000277618291189,7.52799064415e-05,3.41923189096e-06,0.000290468820037
430,0.00366767828421,0.0043867909963,7.83687514705e-05,0.000273557704241,7.42236620697e-05,3.3974714472e-06,0.000286498991511
431,0.00358056082088,0.0043180314007,7.73218326399e-05,0.000269357304694,7.33241807112e-05,3.38030751175e-06,0.000282835392707
432,0.00350327996911,0.00425399738036,7.62607392213e-05,0.000265029884747,7.24398273519e-05,3.36721872006e-06,0.000279453583586
433,0.00343292747497,0.00418822591963,7.5229621042e-05,0.000260581643811,7.1595272102e-05,3.35235282016e-06,0.000277025987685
434,0.00337090101866,0.00412524554896,7.41996117665e-05,0.000256097345953,7.08039923115e-05,3.34883596151e-06,0.000274866937501
435,0.00331467938898,0.00406102059038,7.32059434108e-05,0.000251622411248,6.99659814063e-05,3.34046333895e-06,0.000272336680203
436,0.00326542346109,0.00399330435913,7.22308073565e-05,0.000247177233823,6.91636800588e-05,3.32987184912e-06,0.000270690281385
437,0.00321508952317,0.00392239874633,7.12621440456e-05,0.000242685498357,6.84187383344e-05,3.31716258765e-06,0.000268605447358
438,0.00316727235543,0.00385022624105,7.02856326102e-05,0.000238194658848,6.76821818151e-05,3.30385573878e-06,0.000265846003279
439,0.00311896239636,0.00377634158886,6.93452910705e-05,0.000233702192307,6.70171145978e-05,3.29576314708e-06,0.00026259133457
440,0.00305902655053,0.00370018725132,6.83919719356e-05,0.000229147916551,6.63110383299e-05,3.27455757656e-06,0.000258341633671
441,0.00300405921586,0.00363846050488,6.73331801795e-05,0.000224468356653,6.56909465947e-05,3.26081682855e-06,0.00025473865625
442,0.00295164172692,0.00358872637857,6.62822877002e-05,0.000219627524469,6.51022807048e-05,3.24249206812e-06,0.00025197807263
443,0.0028998564228,0.00354417170276,6.51835642775e-05,0.00021465652609,6.44583013275e-05,3.22324071889e-06,0.000249627011869
444,0.00284797527061,0.00350387646376,6.42004018628e-05,0.000209705692875,6.3838294038e-05,3.19740697682e-06,0.000247985725201
445,0.002801217071,0.00346531630504,6.31929583541e-05,0.00020470033429,6.32135725119e-05,3.17541767995e-06,0.000246303306707
446,0.00275900566151,0.00343020890653,6.22164818094e-05,0.000199800859032,6.26514362295e-05,3.14786111243e-06,0.000244686098551
447,0.00272044902363,0.00339799784894,6.12206376889e-05,0.000195037129859,6.21229784976e-05,3.1201175154e-06,0.000242517147039
448,0.00268993627569,0.00337227229809,6.02669488211e-05,0.000190269539205,6.16806988948e-05,3.09660713395e-06,0.000239824653762
449,0.00266538976128,0.00334397458601,5.94754286935e-05,0.000185612391407,6.13266247805e-05,3.07142185196e-06,0.000237614117358
450,0.00265016210099,0.00330990766159,5.87116867472e-05,0.000180979810318,6.10348116961e-05,3.05582758686e-06,0.000235721124825
451,0.00264193019877,0.00326620792533,5.81114455839e-05,0.000176510841983,6.08993166098e-05,3.05293940818e-06,0.00023466963336
452,0.00263729078203,0.00321649493508,5.74746185479e-05,0.000172106161242,6.07053623502e-05,3.04531194628e-06,0.000233087540926
453,0.00263660863867,0.00316526425947,5.69417140506e-05,0.000167945913641,6.04885025088e-05,3.03346889269e-06,0.000231506839609
454,0.00263940472603,0.00311804641899,5.63787215225e-05,0.000163900509344,6.0233089044e-05,3.02219211493e-06,0.000230140151669
455,0.00264582403691,0.00307320290436,5.59658846994e-05,0.000160157245993,6.00393076351e-05,3.01394743058e-06,0.000229740182324
456,0.00265586763305,0.0030364830105,5.55209113799e-05,0.000156550561542,5.99280102318e-05,3.00567202183e-06,0.000229447778753
457,0.00266969679547,0.00300943579662,5.50834709178e-05,0.000153127926185,5.98309059085e-05,3.00274796863e-06,0.000229295356274
458,0.00268447101826,0.00299251891213,5.47012420106e-05,0.000149877266076,5.9706453882e-05,2.99291365519e-06,0.000229479486419
459,0.0026917074913,0.0029782050993,5.42604379491e-05,0.000146825284984,5.96734017135e-05,2.98317370006e-06,0.000229962677459
460,0.00269123641819,0.00296297051544,5.38216264295e-05,0.0001439161482,5.96830126339e-05,2.97050776622e-06,0.000230423056868
461,0.00267706745111,0.00294737512869,5.33889560857e-05,0.000141159728703,5.9735001266e-05,2.96580240477e-06,0.00023080401005
462,0.0026520974544,0.00294014671301,5.29901266691e-05,0.000138595072486,5.97143552595e-05,2.9604008251e-06,0.000230531149684
463,0.00261758275313,0.00293090766402,5.25545669897e-05,0.000136303722245,5.95978626972e-05,2.95986104319e-06,0.000229049275353
464,0.00258719885916,0.00292279243212,5.21243695396e-05,0.000134177524733,5.94171264597e-05,2.9490482783e-06,0.00022602546223
465,0.00255379381642,0.00290500980308,5.17285316634e-05,0.000132172575728,5.91656041059e-05,2.93940643654e-06,0.000223121138168
466,0.00252380138439,0.00288687335141,5.1389869444e-05,0.000130248067836,5.88439865334e-05,2.92866373419e-06,0.00021958880672
467,0.00249601227625,0.00287462552269,5.10774055028e-05,0.000128424438187,5.85778945019e-05,2.9185118709e-06,0.000215787329652
468,0.00246849398326,0.00285581858277,5.07490783141e-05,0.000126660617912,5.82939930052e-05,2.90743145806e-06,0.000212995416171
469,0.00243731230668,0.002826956843,5.04799927691e-05,0.00012501317703,5.79795700564e-05,2.89863408313e-06,0.000211222143455
470,0.00241342486789,0.00279922874546,5.02821670622e-05,0.000123475649805,5.77522556321e-05,2.89821743738e-06,0.000209856997502
471,0.00239300570685,0.00277828085683,5.00473809355e-05,0.00012191100933,5.75083608478e-05,2.89513092461e-06,0.000208959946061
472,0.00237293924066,0.00275860312325,4.98192372588e-05,0.000120379594925,5.72322494657e-05,2.89461037341e-06,0.000208694232838
473,0.00235420950595,0.00274112294108,4.96575099384e-05,0.000118927474555,5.69174932795e-05,2.88478128858e-06,0.000208575777631
474,0.00233879863454,0.00273040889449,4.94587491566e-05,0.000117605930797,5.66834383676e-05,2.8784433865e-06,0.000208572998871
475,0.00232507467918,0.00272162825472,4.92759560597e-05,0.000116454258732,5.64320866547e-05,2.8673986849e-06,0.000208896655128
476,0.00231152704153,0.00271486948605,4.90568523266e-05,0.000115422485167,5.61118381601e-05,2.86461054171e-06,0.000208742431044
477,0.00230509324132,0.0027107309029,4.88543237275e-05,0.000114411184426,5.57842105934e-05,2.8675387111e-06,0.000208792344064
478,0.00230163393279,0.00270507249511,4.87651782059e-05,0.000113451405112,5.54998165432e-05,2.87152882073e-06,0.000208993142596
479,0.00229655557787,0.00270209828798,4.85524054324e-05,0.000112519411307,5.53055909578e-05,2.86991124866e-06,0.000209014821041
480,0.00228218973864,0.00269657088598,4.83061809262e-05,0.000111688836056,5.50456454092e-05,2.86476731174e-06,0.000208614494559
481,0.00226321534699,0.00269268926002,4.79924075843e-05,0.000110932704135,5.4702875052e-05,2.86044877029e-06,0.000207655422338
482,0.00224452858725,0.00269022499271,4.77193689337e-05,0.000110294610285,5.44575456082e-05,2.86187276146e-06,0.000206059290169
483,0.00223598484861,0.00268638586018,4.75178003059e-05,0.000109650006052,5.41894864213e-05,2.86064349127e-06,0.000204462694977
484,0.00224143873187,0.00269087190741,4.73018789224e-05,0.000109038246032,5.39047552876e-05,2.85306405836e-06,0.000202426541051
485,0.00225571499645,0.00269867277247,4.69927225299e-05,0.000108476529629,5.37068561318e-05,2.84098972654e-06,0.000200616091383
486,0.0022699815346,0.00269958002061,4.6665558951e-05,0.000107902642628,5.35014021224e-05,2.83023557086e-06,0.000199584485636
487,0.00228882070758,0.00270037374813,4.64012016512e-05,0.000107413902042,5.324805237e-05,2.81235185386e-06,0.000199708944758
488,0.00231628349039,0.00269828188633,4.6121193729e-05,0.000106816562352,5.30752658147e-05,2.80679521922e-06,0.000199960673147
489,0.00234869151766,0.00269830770689,4.59238204378e-05,0.000106191899561,5.293870429e-05,2.80056502295e-06,0.000199870464458
490,0.00238286915066,0.0026983119126,4.57147807414e-05,0.000105541599635,5.26969834912e-05,2.78829163792e-06,0.000199703176792
491,0.00241313024063,0.0026963331959,4.54677265436e-05,0.000104837145804,5.23965312677e-05,2.77403487201e-06,0.000199353269012
492,0.00243857430217,0.00269709623611,4.52413401593e-05,0.00010400924304,5.21186830863e-05,2.75915578698e-06,0.000199419963788
493,0.00245903776998,0.00269428491893,4.50485530493e-05,0.000103077229767,5.1877011961e-05,2.74479270214e-06,0.000199647757493
494,0.00247690429225,0.00269168078288,4.48497946966e-05,0.000102146140967,5.15486847231e-05,2.72963235587e-06,0.000200074493679
495,0.00249132824397,0.00268475433864,4.46368837743e-05,0.000101238247922,5.12503761778e-05,2.72240100551e-06,0.000200001117439
496,0.00249926289348,0.0026698883784,4.44258172458e-05,0.000100314650053,5.09567416574e-05,2.71303808675e-06,0.000199510817104
497,0.00249981882115,0.00265156779465,4.41768244961e-05,9.93057142182e-05,5.07177133921e-05,2.70653785207e-06,0.000198400151961
498,0.00249147772863,0.0026330891525,4.39217821022e-05,9.82835958444e-05,5.04587771717e-05,2.69519794769e-06,0.000197587261988
499,0.00247638190417,0.00261773794734,4.36420202283e-05,9.73009643155e-05,5.01938012995e-05,2.68352392994e-06,0.000196323754881
500,0.00245981846092,0.00260663250106,4.33542397533e-05,9.63815339875e-05,5.00676685124e-05,2.67196380227e-06,0.000195002393358
501,0.00244777698879,0.00259737118909,4.30999342851e-05,9.55323120471e-05,4.98525905765e-05,2.65310348741e-06,0.000194089980374
502,0.00243206541793,0.00258514312463,4.2782810197e-05,9.45900308628e-05,4.95839350814e-05,2.63088360002e-06,0.000192662871029
503,0.00241153698395,0.00257938781381,4.24722230487e-05,9.36959843466e-05,4.93710290891e-05,2.61257381733e-06,0.00019115157683
504,0.00238658921016,0.00257866665576,4.21712719849e-05,9.28577711847e-05,4.91831214078e-05,2.58923174138e-06,0.000189059932133
505,0.00235876733908,0.00257621661244,4.18645454355e-05,9.21417658891e-05,4.89859458844e-05,2.5756128124e-06,0.000187447661551
506,0.00233311177814,0.00257290568712,4.16993679844e-05,9.15285805745e-05,4.88050623193e-05,2.57136389285e-06,0.000186647973391
507,0.00231009384743,0.00257234271745,4.16307501194e-05,9.10546022168e-05,4.87748055136e-05,2.57877824704e-06,0.00018590495639
508,0.00229071833777,0.00257496229052,4.15650375108e-05,9.06115110548e-05,4.83637073771e-05,2.57610292278e-06,0.000185791535444
509,0.00226876907485,0.00257931303873,4.15108635471e-05,9.01084377243e-05,4.79572290103e-05,2.57280709547e-06,0.000185424188151
510,0.00225212369664,0.00258308199394,4.14930622641e-05,8.95784506676e-05,4.7668786985e-05,2.57123778001e-06,0.000185230341258
511,0.00224351259012,0.00258821655416,4.15638804558e-05,8.89738998751e-05,4.73665741052e-05,2.56794100573e-06,0.000185081453754
512,0.00224178599564,0.00259774106686,4.15548832079e-05,8.82939472606e-05,4.71135925845e-05,2.56844838671e-06,0.000185824093675
513,0.00224778230604,0.00260233580118,4.1591155574e-05,8.76209733024e-05,4.68856069901e-05,2.56858018233e-06,0.000186565136056
514,0.00225932870202,0.00260444941594,4.1603858401e-05,8.69500284833e-05,4.67407283524e-05,2.5688722894e-06,0.000187977607902
515,0.00226702901993,0.00260675271275,4.15720028451e-05,8.62460726424e-05,4.66421058466e-05,2.57045489544e-06,0.000189638618886
516,0.00226860788427,0.00260913471582,4.15151560228e-05,8.55635385464e-05,4.64732675309e-05,2.56093944231e-06,0.000190049416819
517,0.00226092004554,0.00260651674131,4.13707809864e-05,8.4977220492e-05,4.62540838592e-05,2.55246820693e-06,0.000189484644046
518,0.00225194509447,0.00259934443233,4.11730287876e-05,8.44593023417e-05,4.59957750851e-05,2.54686096168e-06,0.000188111395043
519,0.00224845714395,0.00259320531206,4.09770366135e-05,8.39304921651e-05,4.57239318442e-05,2.5422186275e-06,0.000186148347139
520,0.00225176762225,0.0025887771545,4.07990183363e-05,8.34073597421e-05,4.55264913271e-05,2.53564473812e-06,0.000184263511471
521,0.00225900027394,0.00258287143634,4.06142000171e-05,8.28802772347e-05,4.53667610213e-05,2.52349024983e-06,0.000182761087975
522,0.0022670573241,0.00257828946486,4.04984187493e-05,8.24323986502e-05,4.51358127445e-05,2.51326935132e-06,0.0001820189617
523,0.0022726795299,0.00257357776702,4.02708085974e-05,8.2056352942e-05,4.49294275248e-05,2.50702520643e-06,0.000181600320305
524,0.00228192433516,0.00256862142278,4.01225747466e-05,8.18287569566e-05,4.4772182923e-05,2.50483467621e-06,0.000180552216207
525,0.00229576032204,0.00256164648319,3.99728932787e-05,8.17685582422e-05,4.45747675356e-05,2.50098678645e-06,0.0001792871903
526,0.00231117675159,0.00254671422126,3.98763835148e-05,8.17769127904e-05,4.43033260741e-05,2.49253459016e-06,0.000177708429904
527,0.00232666687545,0.00252586321173,3.97909286091e-05,8.17920564786e-05,4.40649434463e-05,2.4859739866e-06,0.000176379586203
528,0.00234286401919,0.00250470544004,3.97533817416e-05,8.18344438082e-05,4.38918979513e-05,2.4803817973e-06,0.000175724505982
529,0.0023572962167,0.00247856861653,3.96886739841e-05,8.1831512516e-05,4.37412676221e-05,2.46860983182e-06,0.000175960461347
530,0.00237202733406,0.00245247230255,3.95625267235e-05,8.17662602596e-05,4.36628331091e-05,2.45816868424e-06,0.000176264363442
531,0.00238647450872,0.00242755916947,3.95160297901e-05,8.17025201476e-05,4.35857830848e-05,2.45292446223e-06,0.000176508526965
532,0.00239395677832,0.00240640250488,3.94324526668e-05,8.16060557977e-05,4.34684294223e-05,2.44068892535e-06,0.000176434487081
533,0.00239567593055,0.00239466562948,3.93418696468e-05,8.1470139482e-05,4.33822766044e-05,2.44082456944e-06,0.000176369095477
534,0.0023855892768,0.00239268861675,3.91584034458e-05,8.12740712245e-05,4.31878141683e-05,2.44228664951e-06,0.000175917858868
535,0.00237454596473,0.0023931874884,3.90189734772e-05,8.1072621608e-05,4.30275766871e-05,2.44443174344e-06,0.000175126456012
536,0.00236779041407,0.00239847401649,3.88740736905e-05,8.08098009633e-05,4.28169403807e-05,2.43699979917e-06,0.000174086992537
537,0.00235512480216,0.00241157618961,3.86692777365e-05,8.04827940179e-05,4.25872648401e-05,2.43138291104e-06,0.000172749338471
538,0.00234115043786,0.00243292592297,3.85959483447e-05,8.02107592383e-05,4.24206568777e-05,2.42218659283e-06,0.000171758210121
539,0.00232164816443,0.0024602895248,3.84114767209e-05,7.98631613066e-05,4.22347140563e-05,2.40964298403e-06,0.000170984458916
540,0.00230550997587,0.00249420926597,3.82384175454e-05,7.94607472827e-05,4.20919964831e-05,2.40777661167e-06,0.000170935204715
541,0.00228455980153,0.0025264153852,3.81764807187e-05,7.91723756461e-05,4.19369437444e-05,2.40631497834e-06,0.000171334845869
542,0.00226574373126,0.00255399963,3.81424460132e-05,7.8997993608e-05,4.17637895536e-05,2.40093536898e-06,0.000171878494383
543,0.00224750481863,0.00256671639634,3.80721482674e-05,7.89064702979e-05,4.14856566921e-05,2.39638411415e-06,0.000172369748545
544,0.0022301859998,0.00256557692183,3.79965752013e-05,7.88676475762e-05,4.12316291497e-05,2.39295760955e-06,0.000172675811338
545,0.00221464917621,0.00255862939798,3.79728467133e-05,7.88979923594e-05,4.11077712875e-05,2.38660465315e-06,0.00017266602757
546,0.0022002418373,0.00254349649462,3.79229008544e-05,7.89415811878e-05,4.09243073669e-05,2.37938022347e-06,0.000172849809352
547,0.00218755067818,0.00252278079414,3.78901353883e-05,7.9045404904e-05,4.06940649128e-05,2.37270587006e-06,0.000172636844297
548,0.0021808250507,0.00250196345678,3.78673587589e-05,7.92026145703e-05,4.05259171176e-05,2.36691952032e-06,0.000172326684883
549,0.00217398825851,0.00248397877459,3.77274091695e-05,7.9362861378e-05,4.03830584879e-05,2.3640252678e-06,0.000171914671722
550,0.00216586681847,0.00247336262815,3.7596368382e-05,7.93970446762e-05,4.02408670095e-05,2.36204022133e-06,0.000171323038454
551,0.00215375537815,0.00247322838687,3.74440149586e-05,7.92800713508e-05,4.00339151633e-05,2.3654438045e-06,0.000170073057671
552,0.00214458005763,0.00248132923932,3.7295106634e-05,7.90903152402e-05,3.98812101586e-05,2.36792723321e-06,0.000169233701745
553,0.00214633500458,0.00249720455616,3.71678718036e-05,7.87863857533e-05,3.96995271454e-05,2.36466914007e-06,0.000168446817458
554,0.00215662677901,0.00251803279061,3.70033751722e-05,7.84511500021e-05,3.95784009983e-05,2.36343564914e-06,0.000167829661579
555,0.00217068528135,0.00254339114386,3.6872571713e-05,7.81390858207e-05,3.95354535793e-05,2.35788261122e-06,0.000167594331474
556,0.00219301037025,0.00256649445673,3.67324033174e-05,7.77753087555e-05,3.94589784316e-05,2.34414671894e-06,0.000167476011649
557,0.0022147124888,0.00258660198437,3.65509864239e-05,7.73869355869e-05,3.94094596434e-05,2.33573534671e-06,0.000167852644804
558,0.00223932603078,0.00258876211641,3.64296284775e-05,7.70730885555e-05,3.94116304621e-05,2.32676571091e-06,0.000168145502462
559,0.00226615508762,0.00256992934801,3.63278592716e-05,7.6916722189e-05,3.93821012778e-05,2.31999177836e-06,0.000168581542361
560,0.00229077316023,0.00253888007959,3.62785142379e-05,7.68169400105e-05,3.92307676285e-05,2.3077527979e-06,0.000168604947239
561,0.00231554490404,0.002503844997,3.62579461517e-05,7.68140236645e-05,3.91785850087e-05,2.30315415852e-06,0.00016799839342
562,0.0023381420475,0.0024679261213,3.6248356668e-05,7.69444739687e-05,3.90807297669e-05,2.30081208632e-06,0.000167408317232
563,0.00235774774154,0.00243518546041,3.62288919788e-05,7.71218653361e-05,3.88811624809e-05,2.29300020334e-06,0.000167203784529
564,0.00237211063893,0.0024084802066,3.61918161075e-05,7.73658767094e-05,3.86653974505e-05,2.28419671338e-06,0.000166418907649
565,0.00238356017701,0.00239374078524,3.61148761395e-05,7.76653749055e-05,3.85054913225e-05,2.28557402354e-06,0.000165430994739
566,0.00239711376321,0.0023886808294,3.60803110447e-05,7.80189321674e-05,3.83356959349e-05,2.29236303783e-06,0.000164996886953
567,0.00240355988491,0.00239852856218,3.60870493725e-05,7.83915134437e-05,3.81557093637e-05,2.29362088455e-06,0.000164791970733
568,0.00240620817583,0.00241928590505,3.59978088217e-05,7.87677332617e-05,3.79985923636e-05,2.29588240857e-06,0.000165075374374
569,0.00240637362822,0.00244864824428,3.59365880504e-05,7.91222465989e-05,3.78622609072e-05,2.29677926442e-06,0.000165993198184
570,0.00240866884137,0.00248410932724,3.58723799676e-05,7.93322553315e-05,3.77122494358e-05,2.28969760866e-06,0.000166909388598
571,0.00240912919665,0.00252115063293,3.57803922307e-05,7.93723019616e-05,3.7685285576e-05,2.28364837984e-06,0.000166723669428
572,0.00240209589997,0.00255545170082,3.56845977322e-05,7.931400028e-05,3.77407172179e-05,2.27502304814e-06,0.000166414544821
573,0.00238679052977,0.00258307208443,3.55965895075e-05,7.91139254673e-05,3.76944707681e-05,2.26386946319e-06,0.000166920899992
574,0.00235948498234,0.00260587443195,3.55401949602e-05,7.88318828369e-05,3.77296765352e-05,2.2616696909e-06,0.000167716107074
575,0.00232846877182,0.00260821536832,3.54636584756e-05,7.86163094712e-05,3.76853446324e-05,2.25294714248e-06,0.000168508791279
576,0.00229192231274,0.00259812667464,3.54402138676e-05,7.84104398009e-05,3.75065612431e-05,2.25198376314e-06,0.000168792607744
577,0.00226273909766,0.00257714642116,3.54792474265e-05,7.81745741845e-05,3.73306311271e-05,2.25308717278e-06,0.000168633139964
578,0.00223513286276,0.0025523569817,3.54760820217e-05,7.78753080059e-05,3.70958247121e-05,2.24971725484e-06,0.000167871936069
579,0.00220778870565,0.00252808912486,3.54377185015e-05,7.76801461951e-05,3.68583754799e-05,2.24922065061e-06,0.000167274181302
580,0.00218536252169,0.00251064032518,3.54140760902e-05,7.75542785731e-05,3.65268758399e-05,2.24444760349e-06,0.000166151220148
581,0.00216808249615,0.00250277544028,3.53902192854e-05,7.74873401869e-05,3.62527689052e-05,2.24282447063e-06,0.000165108249284
582,0.00215706848719,0.00250076708605,3.52884171888e-05,7.75606864064e-05,3.60367870218e-05,2.24498502849e-06,0.000164247206842
583,0.00214549314128,0.00250795331941,3.51696443073e-05,7.77286687435e-05,3.5857322427e-05,2.2452941438e-06,0.000163772002857
584,0.00213333696521,0.00252337832593,3.50808369083e-05,7.80434474061e-05,3.56267606112e-05,2.24201166034e-06,0.000163961452312
585,0.00212668161391,0.00254207593609,3.49561170816e-05,7.84037114573e-05,3.55126652822e-05,2.23796842117e-06,0.000164195414561
586,0.00212993350591,0.0025595405743,3.47714978026e-05,7.87329317231e-05,3.54072196731e-05,2.23349702987e-06,0.000164328571822
587,0.00214315020826,0.00257182659828,3.46541157081e-05,7.89684629664e-05,3.54269084245e-05,2.23762353347e-06,0.000165205438319
588,0.00215765622096,0.00256971609032,3.46251381e-05,7.90622057332e-05,3.54851532824e-05,2.23951610371e-06,0.000165522113464
589,0.00218072581584,0.00255111963486,3.45637683439e-05,7.89911222601e-05,3.55424821055e-05,2.23886517738e-06,0.00016541418075
590,0.00220673901165,0.00252490759684,3.45671432044e-05,7.88184225492e-05,3.55570062235e-05,2.23899935054e-06,0.000165220984941
591,0.00223578454904,0.00249852073667,3.45879121511e-05,7.85872417483e-05,3.56360119472e-05,2.24296867249e-06,0.000165613009937
592,0.00226415331331,0.0024748957136,3.46798136685e-05,7.83695062382e-05,3.56621752154e-05,2.24570836517e-06,0.00016615940173
593,0.00229024859259,0.00245107272974,3.48158840529e-05,7.81553250484e-05,3.5543951525e-05,2.24242032301e-06,0.000166456028484
594,0.00231980248371,0.00243335205421,3.49209952629e-05,7.80059960478e-05,3.54570478895e-05,2.24240969256e-06,0.000165765737603
595,0.002349138011,0.00241853566295,3.50461484085e-05,7.79179488185e-05,3.53038101176e-05,2.23908905468e-06,0.000165280085514
596,0.00237949791213,0.00240566095301,3.51442093651e-05,7.78586095805e-05,3.50576013526e-05,2.23232005856e-06,0.000164529463885
597,0.00240562864534,0.00240400189972,3.52323077005e-05,7.79351238254e-05,3.48878287057e-05,2.22858641835e-06,0.000164010120656
598,0.002428243353,0.00241768598156,3.52800408207e-05,7.81062355315e-05,3.46737720631e-05,2.22662989424e-06,0.000163673133734
599,0.00244985760651,0.0024443974018,3.53162445734e-05,7.83620251411e-05,3.45588636686e-05,2.2241309539e-06,0.000164255666151
600,0.00246454409276,0.00248143032596,3.53317926851e-05,7.86734008379e-05,3.44265521579e-05,2.21849605076e-06,0.000165455315347
601,0.002473606608,0.00252203131457,3.52559041121e-05,7.91149833447e-05,3.4338220819e-05,2.21931319403e-06,0.000166647949219
602,0.0024752954656,0.00256194445824,3.51756958488e-05,7.96441599555e-05,3.431139557e-05,2.22122503049e-06,0.000167677284189
603,0.00247160986337,0.00260237743407,3.50941017195e-05,8.01829182396e-05,3.43623065454e-05,2.21912079896e-06,0.000168268764531
604,0.00246567951062,0.00263606601626,3.49962981699e-05,8.07419747691e-05,3.44035844992e-05,2.2211646967e-06,0.000167898749984
605,0.00245603053222,0.00266053041626,3.49448000341e-05,8.11629799235e-05,3.44509772259e-05,2.22105225536e-06,0.000167609123165
606,0.00243681642798,0.00267285987944,3.4917376085e-05,8.13398329371e-05,3.43816958242e-05,2.2189583825e-06,0.000167659601871
607,0.00240197665317,0.00266616590685,3.49732010022e-05,8.13930539647e-05,3.44869872246e-05,2.22948858708e-06,0.000168601842322
608,0.00236836928578,0.00265131554443,3.50294370759e-05,8.13386064539e-05,3.43813304259e-05,2.23169935183e-06,0.000169433106575
609,0.00233361066848,0.00263838150914,3.51159689023e-05,8.1207869066e-05,3.42296643323e-05,2.23353933285e-06,0.000169655634554
610,0.00230705325087,0.00263306193144,3.52095552559e-05,8.10424524785e-05,3.39709237933e-05,2.23076682413e-06,0.000169326250115
611,0.00228732472483,0.00262975627711,3.5300773105e-05,8.08667191041e-05,3.37643549781e-05,2.21561130945e-06,0.000168751448842
612,0.00226323463221,0.00262663641017,3.53341966425e-05,8.06776548123e-05,3.3488689643e-05,2.2017926318e-06,0.000167548028268
613,0.00224287774824,0.00262603237182,3.53670413096e-05,8.04866327093e-05,3.32657454325e-05,2.19349068431e-06,0.000166430701333
614,0.0022287542039,0.00263200184147,3.53850381398e-05,8.03258635587e-05,3.3023177796e-05,2.18148008487e-06,0.000165589211955
615,0.00221728977063,0.00264714118861,3.53218531016e-05,8.02944914435e-05,3.2980333434e-05,2.17838341153e-06,0.000165038587162
616,0.00220855268994,0.00266049224817,3.52187333251e-05,8.04555239027e-05,3.28438019498e-05,2.16695100928e-06,0.00016509093838
617,0.00220094798594,0.00266747832575,3.5079091533e-05,8.08219159684e-05,3.27507974483e-05,2.16312572791e-06,0.000165237978465
618,0.00220308148153,0.00265619340412,3.49620398657e-05,8.13692888106e-05,3.278298459e-05,2.16660131955e-06,0.000164992224628
619,0.00220780544222,0.00263112191611,3.48654954504e-05,8.20669214785e-05,3.27772454198e-05,2.17184160449e-06,0.000165026517325
620,0.00221747618601,0.0026022099547,3.48249195444e-05,8.2846899677e-05,3.28569453652e-05,2.18255722637e-06,0.000164820160609
621,0.0022331554304,0.00257819132727,3.47526501218e-05,8.34878718943e-05,3.28705863129e-05,2.19407780536e-06,0.000164478204508
622,0.00225628975419,0.00256035865343,3.47154283497e-05,8.39606606205e-05,3.29354223667e-05,2.19894611608e-06,0.000164804399457
623,0.00228652785893,0.00254744003978,3.47589116185e-05,8.43216138521e-05,3.3019342614e-05,2.21001944319e-06,0.000165281079105
624,0.00232119547064,0.00254021371653,3.48958241417e-05,8.45371834674e-05,3.31187189347e-05,2.2166568067e-06,0.000165840388285
625,0.00235932949464,0.00253655328365,3.50192763116e-05,8.46349647267e-05,3.31074542294e-05,2.21665523418e-06,0.00016640440247
626,0.0023977072162,0.00253366378042,3.51475232022e-05,8.46443546363e-05,3.29865730733e-05,2.21255076799e-06,0.00016673152304
627,0.00243493569893,0.00253340913455,3.53080745216e-05,8.46850814088e-05,3.28408141179e-05,2.20683431791e-06,0.000167316223747
628,0.00246493869884,0.00253098671365,3.54309267623e-05,8.47294287241e-05,3.26861198513e-05,2.19664527419e-06,0.000167185851817
629,0.00249038105357,0.00253921331006,3.54195394931e-05,8.47266337486e-05,3.25819590715e-05,2.19108220307e-06,0.00016693551938
630,0.00250758786843,0.00255835120907,3.53832169133e-05,8.47517180452e-05,3.23783528681e-05,2.18257560002e-06,0.000167112012757
631,0.00251985982748,0.00258469954385,3.53369192753e-05,8.49237390449e-05,3.22657802189e-05,2.17784482272e-06,0.000167243762251
632,0.00252743450647,0.00261735588924,3.52594427406e-05,8.52006415476e-05,3.21248684509e-05,2.17009268941e-06,0.000166955765138
633,0.00253135507721,0.00264929506274,3.51339179883e-05,8.55864385623e-05,3.20740472185e-05,2.17101014775e-06,0.000166419963778
634,0.00252928187684,0.00267833745934,3.5062236119e-05,8.61305582257e-05,3.20767718782e-05,2.17823725116e-06,0.000165888045615
635,0.00251967375496,0.00269828180854,3.49515198722e-05,8.67466754107e-05,3.20177850318e-05,2.18819905561e-06,0.000165518573345
636,0.00251342564661,0.00271106694133,3.48742416572e-05,8.73745992252e-05,3.20074623214e-05,2.19692012579e-06,0.000164962730938
637,0.00250276057671,0.00271412617561,3.48496216547e-05,8.77989334039e-05,3.20380032246e-05,2.19947678807e-06,0.000165191126571
638,0.00248100559072,0.00270889548949,3.47412230121e-05,8.80479238516e-05,3.20432448331e-05,2.19655175848e-06,0.000166029074233
639,0.00245625536658,0.0027077847067,3.47167441142e-05,8.81942897062e-05,3.21030807845e-05,2.19788291244e-06,0.00016689439372
640,0.00242270500532,0.00270881678495,3.47148531768e-05,8.82116933767e-05,3.21731708046e-05,2.19926369466e-06,0.000168035295348
641,0.00238818240663,0.0027040219445,3.47641670906e-05,8.80882382055e-05,3.20626743324e-05,2.19200015808e-06,0.000168485876395
642,0.00235886603501,0.00270234675097,3.47844086784e-05,8.78630601376e-05,3.18320974324e-05,2.18324927588e-06,0.000168621840057
643,0.00233191762614,0.00270249987324,3.48078389771e-05,8.75873040126e-05,3.16943153391e-05,2.17164814769e-06,0.00016848879587
644,0.00230484443972,0.0026978443873,3.48656904554e-05,8.72909080889e-05,3.15288182383e-05,2.15888504665e-06,0.000167792732873
645,0.00228521147864,0.00269331349618,3.49000703143e-05,8.70127213205e-05,3.13556704554e-05,2.14832444384e-06,0.000167125467876
646,0.00227057966486,0.00268756019314,3.49302654211e-05,8.68655117995e-05,3.11340078829e-05,2.13565741565e-06,0.000166173117428
647,0.00225681756899,0.00267954810328,3.47967942914e-05,8.68201222762e-05,3.10474570033e-05,2.12413343315e-06,0.000165357869019
648,0.00224559995852,0.00266234382367,3.45811917369e-05,8.68884345215e-05,3.08559163024e-05,2.12125219435e-06,0.000164379082079
649,0.00223584874263,0.00263809900446,3.44038878808e-05,8.70583102173e-05,3.07996764492e-05,2.12370205685e-06,0.00016334180114
650,0.00223447758325,0.00261255892302,3.42513426383e-05,8.73338562091e-05,3.07373358611e-05,2.128197771e-06,0.000162204102839
651,0.00223611406413,0.00258568689044,3.40514473663e-05,8.77745679423e-05,3.06961280976e-05,2.13599033483e-06,0.000161401112715
652,0.0022474281878,0.00256623748533,3.39104813702e-05,8.82763821004e-05,3.07505047061e-05,2.14286887395e-06,0.000160849742265
653,0.00226556104535,0.00254803327196,3.37788913824e-05,8.878926192e-05,3.07699508916e-05,2.14842157189e-06,0.00016117174557
654,0.00228810297579,0.00253987103615,3.37232610845e-05,8.90967735264e-05,3.08338348886e-05,2.14968656837e-06,0.00016159867898
655,0.00231885475723,0.00254242539425,3.37287693448e-05,8.91595484867e-05,3.09680783363e-05,2.15630555067e-06,0.000162571709538
656,0.00235178579516,0.00254904795994,3.37897379518e-05,8.91069822244e-05,3.09916502928e-05,2.15769442373e-06,0.00016411513913
657,0.00238729726341,0.00255251030096,3.38651404552e-05,8.89588780031e-05,3.0981644709e-05,2.15608111179e-06,0.000164779667174
658,0.00242212780836,0.00255629885025,3.39452304273e-05,8.88103140369e-05,3.09370140029e-05,2.15071871456e-06,0.000165013091622
659,0.0024499683768,0.00256362121958,3.39789645011e-05,8.86334351204e-05,3.09440490043e-05,2.14623536523e-06,0.000164931625556
660,0.00247133248693,0.00257085993001,3.40190497363e-05,8.84689638427e-05,3.08369112625e-05,2.14081225896e-06,0.00016452717659
661,0.00248962855324,0.00258554244112,3.40801046207e-05,8.82608368876e-05,3.07847736617e-05,2.12906647775e-06,0.000164088914851
662,0.00250157959941,0.00260605855242,3.40392480029e-05,8.79990737216e-05,3.06246545836e-05,2.11555430926e-06,0.000163428610352
663,0.00250627285603,0.00262417382169,3.39178381417e-05,8.78041355357e-05,3.05360111271e-05,2.11283300071e-06,0.000163136206411
664,0.00250386335083,0.00262895861866,3.38117555281e-05,8.77908341953e-05,3.04689822278e-05,2.11600442194e-06,0.000162513109131
665,0.00249582126737,0.00263483665777,3.37663622753e-05,8.79559231232e-05,3.04239893734e-05,2.12424800465e-06,0.000161907272435
666,0.00248938907475,0.00264389373352,3.36719683873e-05,8.82610048705e-05,3.0366497287e-05,2.13361185114e-06,0.000161177393924
667,0.00248233879671,0.00265052793559,3.35903780929e-05,8.86216584846e-05,3.03367493147e-05,2.14230184312e-06,0.000160817777724
668,0.00247216787591,0.00265854948575,3.35534950977e-05,8.90796918895e-05,3.03394166456e-05,2.14253925408e-06,0.000161282851403
669,0.00245746388083,0.00266090146626,3.34989929211e-05,8.94797472435e-05,3.04236517058e-05,2.14166412444e-06,0.000162810195187
670,0.00243625464875,0.00266936476888,3.34656047915e-05,8.97178158835e-05,3.06008321078e-05,2.14365213345e-06,0.000164683744622
671,0.00240951498312,0.00266783273221,3.3443704268e-05,8.98617171082e-05,3.06958948349e-05,2.14334486479e-06,0.000166667980098
672,0.0023762827511,0.00266510992381,3.33969970258e-05,8.99563435618e-05,3.07348204779e-05,2.14397461671e-06,0.000168162407
673,0.00234381222139,0.00266301843712,3.34000778934e-05,8.99235201892e-05,3.0584326854e-05,2.14218790778e-06,0.000167945086803
674,0.00231512099771,0.00265612679929,3.34463465312e-05,8.98265821182e-05,3.0553882477e-05,2.13654463434e-06,0.000167106820391
675,0.00228973241766,0.00263998401548,3.34562344295e-05,8.96879257696e-05,3.0408003614e-05,2.12378361252e-06,0.000165620003689
676,0.00226798062474,0.00261864454346,3.34190188873e-05,8.95217843815e-05,3.02121648331e-05,2.11078305994e-06,0.000164084262777
677,0.00225144876407,0.00259928427816,3.33857996769e-05,8.93877035756e-05,2.99635424777e-05,2.09588607642e-06,0.000162468715076
678,0.00223603089417,0.0025876437552,3.33374837673e-05,8.92709921606e-05,2.98129420953e-05,2.08977673534e-06,0.000161192809612
679,0.0022244483144,0.00257532093598,3.32841461271e-05,8.92404047781e-05,2.97151738458e-05,2.08974655435e-06,0.000160307664374
680,0.00221981041375,0.00255639930121,3.31614386513e-05,8.93061136842e-05,2.96210541451e-05,2.09390097281e-06,0.000159157093169
681,0.00221975537586,0.00254087866108,3.30492522393e-05,8.93861770255e-05,2.95579876489e-05,2.10075556415e-06,0.000158643206879
682,0.00222185399567,0.00253168003767,3.29325941216e-05,8.95704956706e-05,2.94810613357e-05,2.10737279134e-06,0.000159179251133
683,0.00222749129429,0.00252619259677,3.28712698917e-05,8.98148274322e-05,2.94543271399e-05,2.10781760957e-06,0.000159227599573
684,0.00224321112781,0.00252465199626,3.27774942931e-05,9.0154355684e-05,2.94941140202e-05,2.10499776571e-06,0.000159634090405
685,0.00226559611819,0.00252565573501,3.26928367994e-05,9.04809266371e-05,2.96150833624e-05,2.10703778588e-06,0.000160086467141
686,0.00229308131277,0.00253142757438,3.26113762188e-05,9.07615386674e-05,2.97492657508e-05,2.11061949149e-06,0.000161627846003
687,0.00231938767786,0.00254442086579,3.26187056423e-05,9.09229864482e-05,2.98441881513e-05,2.11368905869e-06,0.000163375437208
688,0.00234418877937,0.00255701214239,3.25902015744e-05,9.09952406246e-05,2.99317373869e-05,2.11336095307e-06,0.000164121574733
689,0.00237386475515,0.0025660145382,3.25261138505e-05,9.09752091926e-05,2.99769358512e-05,2.11512742036e-06,0.000163880566097
690,0.00239941921306,0.00257491882542,3.25017220485e-05,9.09177355463e-05,3.00252576488e-05,2.11418400264e-06,0.000163470732042
691,0.00241736564041,0.00258226170594,3.25190282791e-05,9.08982736824e-05,2.98918617852e-05,2.11053593701e-06,0.000162278852616
692,0.00243159840524,0.00259097931068,3.25538562454e-05,9.08952096502e-05,2.98635047407e-05,2.10946196396e-06,0.000161662886253
693,0.00244064543642,0.00259774184103,3.26286662132e-05,9.08512479697e-05,2.97080311336e-05,2.10535498418e-06,0.000161025363233
694,0.00244592111931,0.00260048604996,3.26051179818e-05,9.07844778541e-05,2.96557804431e-05,2.10367454761e-06,0.000160680523288
695,0.00244733530332,0.00259590064313,3.25722011522e-05,9.07479154274e-05,2.95766699058e-05,2.10443943195e-06,0.000160831600356
696,0.00244336691084,0.00259133465812,3.2497301668e-05,9.08157642209e-05,2.95481427802e-05,2.1074009263e-06,0.000160734365824
697,0.00244035785276,0.00259141834018,3.24771987321e-05,9.09091275438e-05,2.94865524391e-05,2.11320503378e-06,0.00016089319986
698,0.00243243199564,0.0025875534969,3.24442792291e-05,9.09872761343e-05,2.94173240053e-05,2.10677836947e-06,0.000161012139243
699,0.00242076669528,0.00258846735765,3.23265276007e-05,9.11299977424e-05,2.94952868092e-05,2.10648318011e-06,0.00016214714796
700,0.00240618982197,0.0025871892573,3.22949912597e-05,9.13972235933e-05,2.9657469184e-05,2.10387563948e-06,0.000163849249396
701,0.00238632643234,0.00259025414453,3.22311669742e-05,9.15706000294e-05,2.98147384344e-05,2.09936717528e-06,0.00016517584914
702,0.00235798860683,0.00259134947926,3.21081911437e-05,9.17147668481e-05,2.99957037382e-05,2.09976712727e-06,0.000166447412789
703,0.00232469769866,0.00259140313159,3.19790198986e-05,9.18071930788e-05,3.01267318068e-05,2.10378912143e-06,0.000166904374786
704,0.00229092956948,0.0025831999481,3.18971601225e-05,9.18193103988e-05,3.00914245028e-05,2.10650505901e-06,0.000166387359997
705,0.00226515797056,0.0025685114313,3.18530250661e-05,9.18054328618e-05,3.00894574951e-05,2.10694688125e-06,0.000165295244022
706,0.00223936125233,0.00255168269854,3.18191718472e-05,9.18610848301e-05,2.9905062141e-05,2.09307527694e-06,0.000163661277975
707,0.00222228697188,0.00253939804128,3.17981209624e-05,9.1940036072e-05,2.97839362761e-05,2.08406511705e-06,0.000161920366115
708,0.00221196408264,0.00252408589937,3.18090900605e-05,9.19351997418e-05,2.96116606263e-05,2.07659115641e-06,0.000160401191982
709,0.00220107541912,0.00251353354953,3.17905519294e-05,9.18406360684e-05,2.94179273544e-05,2.07253079515e-06,0.000159854299083
710,0.00219260706866,0.00250382043564,3.17387274842e-05,9.17600126419e-05,2.92247839071e-05,2.07335136864e-06,0.000159792024315
711,0.00218641276928,0.00249624145557,3.16828712018e-05,9.16622091187e-05,2.91081527443e-05,2.07490310229e-06,0.000159613293717
712,0.00218447732219,0.00249370054082,3.16074742838e-05,9.15512856749e-05,2.90255395889e-05,2.07418196271e-06,0.00015986732532
713,0.00218681477681,0.002491693717,3.15166139616e-05,9.1533798725e-05,2.89662148729e-05,2.07512059388e-06,0.000159908028797
714,0.00219446050895,0.00249173778493,3.14184170398e-05,9.1565148471e-05,2.89850631735e-05,2.07450853338e-06,0.000159687272745
715,0.00220823011297,0.00249721917781,3.13151087294e-05,9.17514348635e-05,2.89258854288e-05,2.07070259884e-06,0.000160386796606
716,0.00222854695878,0.00250916418452,3.12152434556e-05,9.20392325849e-05,2.91058623521e-05,2.07546157441e-06,0.000161084621374
717,0.00225161398114,0.00252711366759,3.11119705277e-05,9.22693532628e-05,2.92614854557e-05,2.08569107279e-06,0.000161835420047
718,0.0022751269949,0.00254512463573,3.11014451296e-05,9.24706930268e-05,2.93617553117e-05,2.0961757526e-06,0.000162980200985
719,0.00230022001358,0.00256038564713,3.10788890255e-05,9.26647865274e-05,2.95148314783e-05,2.11011781384e-06,0.000163529140693
720,0.00232861817322,0.00257022867867,3.11249748125e-05,9.28419289239e-05,2.95669123966e-05,2.11494674546e-06,0.000163339230584
721,0.00235355599776,0.00257577875768,3.11135888756e-05,9.29233903306e-05,2.95452787676e-05,2.11154894465e-06,0.000162558392731
722,0.00236869370954,0.00257720702923,3.11318815098e-05,9.30030137166e-05,2.95024196116e-05,2.10856899305e-06,0.000161086287747
723,0.00238233089541,0.002575477996,3.12609738152e-05,9.3088901048e-05,2.95440522757e-05,2.10547382743e-06,0.000160725131553
724,0.00238489318549,0.00256767344188,3.13209677453e-05,9.31551634895e-05,2.93187736208e-05,2.09868659682e-06,0.000160247590602
725,0.00238327023178,0.00255939130462,3.13526510372e-05,9.31844552118e-05,2.92365378796e-05,2.09414826406e-06,0.000160264796466
726,0.00238342284167,0.00254689304657,3.13412922597e-05,9.31659341386e-05,2.91584262875e-05,2.08922689706e-06,0.000160063968315
727,0.00237888388856,0.0025334634407,3.13615294274e-05,9.31866496755e-05,2.91225534245e-05,2.08517353843e-06,0.00016014310673
728,0.00237364256937,0.00252433817356,3.1323628178e-05,9.31677182644e-05,2.91524355396e-05,2.08585620733e-06,0.000160212554222
729,0.00236592927912,0.00252557204547,3.13018525413e-05,9.31535648329e-05,2.91783385718e-05,2.07837464367e-06,0.00016045103327
730,0.00235700284348,0.0025280384103,3.12418168629e-05,9.31905701322e-05,2.91622436056e-05,2.07269548329e-06,0.000161147164069
731,0.00234431301121,0.00252603145227,3.10893206237e-05,9.33903526614e-05,2.93090060991e-05,2.07782928472e-06,0.000162276841566
732,0.00232519984844,0.0025234033383,3.1084369278e-05,9.38389572223e-05,2.95267228387e-05,2.08644251696e-06,0.000163431891248
733,0.00229810247555,0.00252726399952,3.1089499163e-05,9.42682146432e-05,2.98634110376e-05,2.10427434372e-06,0.000164287079249
734,0.00226796472127,0.00253224398196,3.10341816165e-05,9.47015705343e-05,2.99986455195e-05,2.11523518672e-06,0.000164695408692
735,0.00224402120436,0.00252734861363,3.09590209016e-05,9.49880472972e-05,2.99831502959e-05,2.12317119378e-06,0.000164106276481
736,0.00223016030247,0.00252197146775,3.10276103624e-05,9.53614069899e-05,2.99706707025e-05,2.12190871186e-06,0.00016347888292
737,0.00221674345529,0.00251299040348,3.10567824889e-05,9.56939544276e-05,2.98650874355e-05,2.11128455406e-06,0.000162208578748
738,0.00220838487464,0.00250089868884,3.10715836767e-05,9.58635375104e-05,2.97951228301e-05,2.10312743211e-06,0.000161668495083
739,0.00220128157359,0.00248771685033,3.10597103279e-05,9.5915592126e-05,2.95052904064e-05,2.09592382432e-06,0.000161400324003
740,0.00219347306766,0.00248580799582,3.10403307066e-05,9.58723808345e-05,2.93016289554e-05,2.08354207549e-06,0.000161401826253
741,0.00218369070644,0.00248800983019,3.09622347517e-05,9.57699538111e-05,2.90731366912e-05,2.07663556562e-06,0.000160910305937
742,0.00217395088667,0.00249031037793,3.09185707638e-05,9.56953750372e-05,2.89573776676e-05,2.07640386385e-06,0.000160567166034
743,0.00216970939226,0.00248995746269,3.09119095845e-05,9.56683864771e-05,2.89658537725e-05,2.07803085757e-06,0.000160775375301
744,0.00217196565629,0.00249589741003,3.09211001025e-05,9.56894758747e-05,2.88709608924e-05,2.07568155541e-06,0.000161106148867
745,0.00218092655465,0.00250656917189,3.0836203236e-05,9.58008385212e-05,2.88254978093e-05,2.07613761404e-06,0.000161685711413
746,0.00220853419609,0.00252339718469,3.07335648832e-05,9.60374436073e-05,2.88885012049e-05,2.07931046852e-06,0.000162102982107
747,0.00223595837009,0.00254599640762,3.07107054609e-05,9.64465372058e-05,2.90766941771e-05,2.09178763776e-06,0.000163022416272
748,0.00226019654628,0.00256800640599,3.06815969357e-05,9.6835307518e-05,2.93588659596e-05,2.11461246559e-06,0.000164231988507
749,0.00228833501749,0.00258605663826,3.07671877049e-05,9.71636929014e-05,2.94831519777e-05,2.1344866129e-06,0.000165109151236
750,0.0023181394762,0.00259312319586,3.07684211202e-05,9.74562551509e-05,2.95611019086e-05,2.14556795054e-06,0.000165173878117
751,0.00234365956554,0.00259805063418,3.08560611449e-05,9.78442374784e-05,2.9620899277e-05,2.15058903203e-06,0.000164869374839
752,0.00236114754758,0.00259337322968,3.09547427036e-05,9.83007936576e-05,2.95968193263e-05,2.15116326021e-06,0.000164369166196
753,0.00237687962572,0.00258674390264,3.11073240537e-05,9.86718782109e-05,2.96593474719e-05,2.14563715427e-06,0.000163848411747
754,0.00238589316516,0.00257513688485,3.1162376008e-05,9.884442267e-05,2.95422508282e-05,2.13469869638e-06,0.00016386642654
755,0.00238575586188,0.00256468063251,3.11561310177e-05,9.89044941568e-05,2.93847485245e-05,2.12154689195e-06,0.00016408810735
756,0.00238328449336,0.00254942215582,3.10943515645e-05,9.89656376067e-05,2.92471333244e-05,2.11185423627e-06,0.000163633915941
757,0.00238320203583,0.00253941056442,3.11408297944e-05,9.90656498266e-05,2.92115862046e-05,2.10456316492e-06,0.000163315419586
758,0.00238480571587,0.00253612435366,3.12460416313e-05,9.91055138279e-05,2.92894145059e-05,2.10151650887e-06,0.000163408630898
759,0.00238210363853,0.00253170467382,3.12590272356e-05,9.9180122489e-05,2.9181142845e-05,2.09816238984e-06,0.000163418916336
760,0.00238084531449,0.00253016463583,3.12270119913e-05,9.94341128929e-05,2.91663601787e-05,2.09452001734e-06,0.000163457369549
761,0.00237167513871,0.00253094777003,3.12053323407e-05,9.98608073601e-05,2.92661293422e-05,2.09417726112e-06,0.000163596913209
762,0.00235324566484,0.00253375538856,3.11240603812e-05,0.000100437281992,2.9573709372e-05,2.10758462243e-06,0.000163820498057
763,0.00233145112703,0.00254081239243,3.10606952514e-05,0.000101011352524,2.98944981181e-05,2.12929169717e-06,0.000164319615787
764,0.00230831767952,0.00255277371274,3.11082614133e-05,0.000101623455102,3.0196907867e-05,2.15570183706e-06,0.000164951276358
765,0.00229334554283,0.00256125761703,3.12828897381e-05,0.000102304456495,3.0357450935e-05,2.17260938646e-06,0.000165703244332
766,0.00228751459075,0.00256615993103,3.13445427379e-05,0.000102965752308,3.03546116036e-05,2.17347503083e-06,0.000166548353181
767,0.0022813748541,0.00256342572669,3.1367852726e-05,0.00010350590877,3.02604344143e-05,2.16345473665e-06,0.0001667698965
768,0.00226950653343,0.0025565426597,3.14006217808e-05,0.000103900676291,3.02162986603e-05,2.16178130653e-06,0.000166017309213
769,0.0022623063933,0.00255099683672,3.15303682812e-05,0.00010411401137,3.00150216248e-05,2.14612062921e-06,0.000165672713406
770,0.00225288105486,0.00254866334678,3.14619848366e-05,0.00010420319194,2.9709194711e-05,2.12975187059e-06,0.00016505428545
771,0.00223922548457,0.00255221761193,3.14849558966e-05,0.000104355029618,2.94442141819e-05,2.1174658674e-06,0.000164397650177
772,0.00222528678988,0.00255885034299,3.14693112065e-05,0.000104547603127,2.93573303977e-05,2.11266681239e-06,0.000163913993923
773,0.00221891734523,0.00256277090077,3.14635072584e-05,0.000104727308465,2.923389914e-05,2.10991405067e-06,0.000164013723618
774,0.00221854772026,0.00256401082237,3.1460889343e-05,0.000104983613679,2.91731023035e-05,2.11397165975e-06,0.000164219716481
775,0.0022348374859,0.00257913079748,3.14548631159e-05,0.000105280464156,2.90861954916e-05,2.11490102633e-06,0.000164820826192
776,0.00225772973416,0.00260219071822,3.14547979771e-05,0.000105762238579,2.91758215434e-05,2.12614375568e-06,0.000165558287182
777,0.0022798488801,0.0026312320303,3.15357042139e-05,0.000106291076558,2.93831493745e-05,2.14813595017e-06,0.000166604522901
778,0.00230396171611,0.00265466666757,3.15571555443e-05,0.000106756422824,2.95391359258e-05,2.16863152772e-06,0.000168133905899
779,0.0023325980706,0.00267385650255,3.16571242949e-05,0.000107170202517,2.97734962617e-05,2.1862591964e-06,0.000169340582001
780,0.00236334811639,0.00268752696154,3.17185639908e-05,0.000107658377577,2.99708866561e-05,2.20596503207e-06,0.000169854956767
781,0.00238998938599,0.0026877803826,3.18302421563e-05,0.000108295243107,3.00450480807e-05,2.20622749865e-06,0.000170488877704
782,0.00241445415619,0.00268196988168,3.19131457057e-05,0.000108992658024,3.01101628907e-05,2.19986266964e-06,0.000170209809274
783,0.00242840637285,0.00267160105077,3.19506333612e-05,0.000109557032592,3.01421030601e-05,2.19612762704e-06,0.000169917142182
784,0.00243217864888,0.00265882863455,3.20257136621e-05,0.000109922934706,2.99972844859e-05,2.18147537895e-06,0.000169567619093
785,0.00243275054447,0.00264303452191,3.20646361328e-05,0.000110223622144,2.98148308416e-05,2.16594345732e-06,0.000169292544512
786,0.0024357198574,0.0026322268831,3.20748473932e-05,0.000110537230037,2.96517154068e-05,2.14659501958e-06,0.00016812266761
787,0.00244236017379,0.00261511881097,3.20516198375e-05,0.000110793137463,2.95485960045e-05,2.13599135385e-06,0.000167366481963
788,0.00244701709622,0.00260326304041,3.21233273731e-05,0.000111074355798,2.94780066538e-05,2.13193854771e-06,0.000167002554165
789,0.0024446994217,0.00259163625604,3.20294942082e-05,0.000111352721877,2.94554350346e-05,2.12570544947e-06,0.000166488360686
790,0.00244023963969,0.00258709992592,3.19583002661e-05,0.000111758978983,2.94482428351e-05,2.12506088321e-06,0.000165747178531
791,0.00243046209445,0.00259052850933,3.19348259587e-05,0.000112346762141,2.95982106991e-05,2.13259444861e-06,0.000165690551933
792,0.00241784194382,0.00259793471325,3.18912598789e-05,0.000112933189203,2.99017905528e-05,2.14450204103e-06,0.000165447721894
793,0.00240915010303,0.00260855862748,3.19189756898e-05,0.000113599502203,3.02418341477e-05,2.15955567951e-06,0.000166340314927
794,0.00239604395758,0.00262411846899,3.19596994262e-05,0.000114239264202,3.05908475294e-05,2.18143262568e-06,0.000167707840683
795,0.00238641356781,0.00263557150127,3.20057045472e-05,0.000114710043104,3.08436812977e-05,2.20519619382e-06,0.000169389986564
796,0.00237957749877,0.00264533324233,3.20884908199e-05,0.000115216008157,3.08893662469e-05,2.21314254548e-06,0.000171162856891
797,0.00236940824802,0.00264943106098,3.21594846369e-05,0.000115763738522,3.07932223588e-05,2.20587853574e-06,0.000171410289252
798,0.00235725906177,0.00264727634042,3.22268346693e-05,0.000116185899569,3.07675662244e-05,2.19543696696e-06,0.000170422658813
799,0.00234405321809,0.00264515604403,3.22578668862e-05,0.000116564779561,3.05386545877e-05,2.1769831243e-06,0.000169622649968
800,0.00232796872638,0.00264254430653,3.22747371847e-05,0.000116942854965,3.02475839142e-05,2.15468302974e-06,0.000169018449651
801,0.00230955754803,0.00264342742473,3.22469769402e-05,0.000117372297278,3.0021325069e-05,2.14178235393e-06,0.00016789550793
802,0.00229828240983,0.00264767936172,3.22840465184e-05,0.000117782276498,2.97330100993e-05,2.13093649161e-06,0.000167017467955
803,0.00228957672892,0.00264821593497,3.22541435774e-05,0.000118221867216,2.95555308203e-05,2.12792384834e-06,0.00016670217754
804,0.00229066459989,0.00265387484398,3.22792076089e-05,0.00011871383993,2.95002065641e-05,2.13345825187e-06,0.000167119147229
805,0.00230089523663,0.00266755345288,3.22582125367e-05,0.000119170525113,2.95174507559e-05,2.14209498465e-06,0.000167705929337
806,0.00231800540595,0.00269213273364,3.22712483246e-05,0.00011964571525,2.95842650744e-05,2.15233532917e-06,0.000168271224635
807,0.00233944528545,0.00271364470781,3.2273141878e-05,0.000120098302992,2.97055116279e-05,2.16776263997e-06,0.000168709643549
808,0.00236930412129,0.00273878895209,3.238167466e-05,0.000120698532905,2.98763836454e-05,2.18588406206e-06,0.000170531540228
809,0.00240117106165,0.00275741774931,3.2402811606e-05,0.000121158976702,3.0198935439e-05,2.20382229987e-06,0.000172242305656
810,0.00243070451764,0.00276231738616,3.2555337144e-05,0.000121716388978,3.04760155626e-05,2.2259422125e-06,0.000173577897953
811,0.00245673664256,0.00275878239568,3.2610817363e-05,0.000122284737882,3.05902363569e-05,2.23394766722e-06,0.000173849951852
812,0.00247484153522,0.00274508599523,3.26797312416e-05,0.000122909681231,3.0674617397e-05,2.22955158269e-06,0.000173558077612
813,0.0024892952382,0.0027308007915,3.27210851175e-05,0.000123498689222,3.07109255825e-05,2.21934418159e-06,0.000172276685587
814,0.00249360523154,0.00271424609213,3.27265798201e-05,0.000123853503213,3.0523720105e-05,2.2015513494e-06,0.00017171292647
815,0.00249550389919,0.00269547346918,3.27442535676e-05,0.000124185341232,3.03102226087e-05,2.18157136791e-06,0.000171101295049
816,0.00249842969764,0.00267683885072,3.27682206471e-05,0.00012453270922,3.00370544349e-05,2.16491245496e-06,0.000169870347785
817,0.00250026365819,0.00266000121078,3.27025336724e-05,0.000124910510193,2.97780185518e-05,2.15150667839e-06,0.000168551284
818,0.00250234024378,0.00264638618036,3.26725411339e-05,0.000125327327375,2.97201276041e-05,2.14776184665e-06,0.000167728138744
819,0.00250113150139,0.00263519018167,3.27069170873e-05,0.000125728847479,2.98265490366e-05,2.15348961127e-06,0.000167103154935
820,0.00249661131637,0.00263252771437,3.26746223235e-05,0.000126199657767,2.99033257972e-05,2.15559963974e-06,0.000166911403673
821,0.00249453273833,0.00264057481336,3.26712745317e-05,0.000126725888822,3.00633264162e-05,2.16045936378e-06,0.000167137202356
822,0.00249384460282,0.00265166148377,3.26726376434e-05,0.000127234025924,3.03269129216e-05,2.17206142236e-06,0.000167303645153
823,0.00249159360213,0.00266796933403,3.27605103727e-05,0.000127790077477,3.06344679761e-05,2.18861689239e-06,0.000169426291278
824,0.00248605740893,0.00268648202138,3.28554001072e-05,0.000128324786971,3.10097578706e-05,2.21545269404e-06,0.000172135844864
825,0.00247440844261,0.00270478602585,3.29451602906e-05,0.00012886436359,3.13174309136e-05,2.24037667817e-06,0.000174615328429
826,0.00245989556031,0.00271540679849,3.29945622703e-05,0.000129301824224,3.14344491003e-05,2.24956675516e-06,0.000175955092208
827,0.00244481767601,0.00272179851437,3.29577539335e-05,0.000129702427244,3.13065959514e-05,2.24036489542e-06,0.000175735649978
828,0.0024275687568,0.00271902481139,3.29770664428e-05,0.000130072647285,3.13023054467e-05,2.22492157856e-06,0.000174569790926
829,0.00240521760205,0.00271747903716,3.29580164409e-05,0.000130433621579,3.10186875265e-05,2.19954276031e-06,0.000172572189899
830,0.00238053349496,0.00270797503603,3.28824090199e-05,0.000130717211703,3.0658384367e-05,2.17261662793e-06,0.000171163784707
831,0.00235997677777,0.00270224367418,3.28536587307e-05,0.000131002836586,3.03120633821e-05,2.15176834671e-06,0.000169384945846
832,0.00234427637012,0.00269923360128,3.27557813614e-05,0.000131356056896,2.99987972624e-05,2.14060353242e-06,0.000168203102396
833,0.00233412697197,0.00270002867085,3.26625223656e-05,0.000131765826277,2.98028728019e-05,2.14104523091e-06,0.000167713282245
834,0.0023318153788,0.00270573887836,3.26564785424e-05,0.000132250547692,2.98334056732e-05,2.15358628283e-06,0.000167814529573
835,0.00234067158434,0.00271556389065,3.27027629883e-05,0.000132760335867,2.98367565445e-05,2.16127467036e-06,0.000168421983918
836,0.00235665456058,0.0027423375849,3.27805566901e-05,0.000133238441164,2.98908292543e-05,2.16826133224e-06,0.000169683536545
837,0.00238381254248,0.00276951330149,3.28135061377e-05,0.000133621522439,3.00788478614e-05,2.17989789136e-06,0.000170535678981
838,0.00241677774141,0.00278776719346,3.28499836371e-05,0.000134124093201,3.02812596485e-05,2.20182093058e-06,0.000172708207242
839,0.00244990634941,0.00279766534732,3.29634766143e-05,0.000134625884161,3.06101849354e-05,2.2183868163e-06,0.000174991689914
840,0.00247673965881,0.00279816893204,3.30239647756e-05,0.000135092666943,3.09623820325e-05,2.24618604978e-06,0.000176390270554
841,0.00249844371529,0.00278859467649,3.31128957025e-05,0.000135432043802,3.11205811871e-05,2.2560011856e-06,0.000176851536982
842,0.00251487468609,0.00277513437075,3.31282539438e-05,0.000135763518919,3.11515886394e-05,2.24850832987e-06,0.000176010784157
843,0.00252630315677,0.0027572917629,3.31209371633e-05,0.000136133891807,3.11770729607e-05,2.23628460943e-06,0.000174939984142
844,0.00253543510662,0.00273449431174,3.31700980617e-05,0.000136399464231,3.09483168341e-05,2.22162398226e-06,0.000173408618829
845,0.00254070038302,0.00270797220016,3.31717642493e-05,0.000136753673132,3.05589379515e-05,2.19689420774e-06,0.000172254235826
846,0.00254281303253,0.00268385021038,3.31029206495e-05,0.000137187390672,3.02385485024e-05,2.17667210645e-06,0.000170443537528
847,0.00254610912819,0.00266154962402,3.29868550447e-05,0.000137633764813,2.99984286418e-05,2.16968940961e-06,0.000168679128538
848,0.00254369742474,0.00264503325688,3.29861842429e-05,0.000138014291079,3.00218758455e-05,2.17114336669e-06,0.000167460413734
849,0.00254107534809,0.00263775725419,3.30231485087e-05,0.000138442890911,3.01782878463e-05,2.18235554868e-06,0.000167183080164
850,0.00254330685793,0.00263957055127,3.3107325918e-05,0.000138795358805,3.02955619242e-05,2.18151669376e-06,0.000167203040946
851,0.00254858539451,0.00264773146421,3.30990243961e-05,0.000139145793767,3.04188436426e-05,2.18472648949e-06,0.000168729543936
852,0.00255433302001,0.00266062942636,3.30912700001e-05,0.000139449563956,3.06944652492e-05,2.19685597705e-06,0.000169988954098
853,0.00255379668262,0.00268059366018,3.31594713844e-05,0.000139922201103,3.09893582902e-05,2.21334924628e-06,0.000172756176853
854,0.00254711485948,0.00270321335655,3.32459835247e-05,0.000140425820598,3.13923339576e-05,2.23458829607e-06,0.00017589064118
855,0.00253363950158,0.00272274003534,3.32810655383e-05,0.000140673588134,3.17395981351e-05,2.26111622587e-06,0.000177842414186
856,0.00251259151239,0.00274010146366,3.33380764979e-05,0.000140725687098,3.18467185279e-05,2.27072766999e-06,0.000178743587041
857,0.00248828654915,0.00274639143048,3.3316695343e-05,0.000140917565637,3.1706291224e-05,2.25210907921e-06,0.00017811755286
858,0.00246225336915,0.00274426800239,3.31924049807e-05,0.000141107483635,3.16662050719e-05,2.23157949134e-06,0.000175793411862
859,0.0024395272208,0.00273967913727,3.31300847459e-05,0.000141176416571,3.130945977e-05,2.20344543849e-06,0.000172856178884
860,0.00241441499229,0.00272923399196,3.29962318039e-05,0.000141211870883,3.08866523593e-05,2.17536486746e-06,0.000170724225306
861,0.00239251547939,0.00271751000857,3.28877740955e-05,0.000141444049471,3.05398293532e-05,2.15943845882e-06,0.000168955539257
862,0.00237425002124,0.00271066014834,3.27658443842e-05,0.000141729626776,3.02312231931e-05,2.15467731121e-06,0.000167549535298
863,0.00236271790329,0.00270990437286,3.27449150366e-05,0.000142060233358,3.00550616921e-05,2.16202528566e-06,0.000167365503336
864,0.00236076138994,0.00271357582234,3.28489781357e-05,0.00014243897692,3.01005890154e-05,2.17560025714e-06,0.000168027649908
865,0.00236925715884,0.00273020419324,3.29970520595e-05,0.000142709182429,3.01790674435e-05,2.18353160916e-06,0.000169617920804
866,0.00238484224264,0.00275648570793,3.30866575135e-05,0.000142952697493,3.02799586711e-05,2.19108698375e-06,0.000171790591383
867,0.00241550241135,0.0027765898114,3.31604022429e-05,0.000143250224987,3.04663665061e-05,2.20636127801e-06,0.000173624549091
868,0.00245217490153,0.0027885718336,3.31767753467e-05,0.000143557092858,3.06574445896e-05,2.22355465787e-06,0.000176011256848
869,0.00248485833894,0.0027891316058,3.32323070896e-05,0.00014391450318,3.10631023615e-05,2.2409475663e-06,0.000178273356541
870,0.00251010108118,0.00277723378497,3.32632277379e-05,0.000144132307113,3.14491583418e-05,2.26385004895e-06,0.000179016944601
871,0.00252999918803,0.00275907674763,3.33348384771e-05,0.000144378301349,3.15855469417e-05,2.27346018452e-06,0.000179199485698
872,0.00255033930932,0.0027407994659,3.33650875475e-05,0.000144640084109,3.15640588729e-05,2.26480969908e-06,0.000178067987755
873,0.00256447003629,0.0027188292695,3.33857862172e-05,0.000144916770888,3.14771795761e-05,2.25089013784e-06,0.00017605971015
874,0.00257435603478,0.00269090342776,3.33599598485e-05,0.000145024052745,3.11992425916e-05,2.22883601767e-06,0.000173545967959
875,0.00257717222545,0.00266330987198,3.32104529299e-05,0.000145063786063,3.08199425584e-05,2.20213646343e-06,0.000171641199472
876,0.00258242490439,0.00264220515196,3.29780519211e-05,0.000145277787087,3.05703373399e-05,2.1878873329e-06,0.000169116632021
877,0.00258573125243,0.00262546317638,3.29094119037e-05,0.000145611899881,3.04278543236e-05,2.18176477843e-06,0.00016757390325
878,0.00258592739296,0.00260958101296,3.29057588764e-05,0.000145896221341,3.03911237603e-05,2.1824129616e-06,0.000166903850797
879,0.00258798079809,0.00260003055529,3.2973541123e-05,0.000146124405644,3.05418418887e-05,2.19174784342e-06,0.000167102993953
880,0.00259208016083,0.00259800229962,3.30589029344e-05,0.000146282536447,3.06747591805e-05,2.19362612157e-06,0.00016831248653
881,0.00260020957906,0.00260206464437,3.31421393802e-05,0.0001463973519,3.08321394381e-05,2.19847898987e-06,0.000170619292847
882,0.00260673177506,0.00261937112463,3.31699256342e-05,0.000146566141289,3.1084907643e-05,2.21015897653e-06,0.000172281028348
883,0.00260314893151,0.00264337583172,3.32112596088e-05,0.000146876647619,3.14173067665e-05,2.22699981663e-06,0.000175163281268
884,0.00258760687252,0.00266786685494,3.33264299863e-05,0.000147157587844,3.17693879486e-05,2.24660160204e-06,0.00017849047685
885,0.00256572094537,0.00269032925592,3.33616429e-05,0.000147275012587,3.21152706901e-05,2.26697089768e-06,0.000180209789353
886,0.00254135943287,0.00270681706356,3.33201903809e-05,0.000147296708323,3.2126699045e-05,2.27098364447e-06,0.000180517153858
887,0.00251631848996,0.00271650730004,3.32855441439e-05,0.000147360799581,3.19590708535e-05,2.25852057883e-06,0.000179451408966
888,0.00249337893889,0.00271708888378,3.32230954289e-05,0.000147291031551,3.18201629881e-05,2.24258273398e-06,0.00017670673033
889,0.00247023631495,0.00271488884491,3.31570211012e-05,0.000147185093514,3.14357471118e-05,2.22010713406e-06,0.000173539208422
890,0.00244375950168,0.00270664562111,3.30305727861e-05,0.000147158363837,3.10054698087e-05,2.19646228858e-06,0.000171683641093
891,0.00242456296555,0.002699732066,3.29350308088e-05,0.000147278433364,3.0702464038e-05,2.18790009796e-06,0.00017005113976
892,0.00240826765734,0.0026928194629,3.28718871486e-05,0.000147354331706,3.03814635401e-05,2.1803294322e-06,0.000169203728769
893,0.00239676619904,0.00269432256354,3.28799293494e-05,0.000147519473098,3.03191974979e-05,2.18334326344e-06,0.000169437281417
894,0.00239497372574,0.00270337946666,3.29767093834e-05,0.000147773866213,3.05154905616e-05,2.19218777066e-06,0.000170643690849
895,0.00240519535482,0.00271434968023,3.30775921584e-05,0.000147949769797,3.06309503726e-05,2.19724441756e-06,0.00017236122475
896,0.00242660015843,0.0027262954611,3.31378992039e-05,0.000148125462215,3.07380665102e-05,2.20468437264e-06,0.000174846677945
897,0.00245858110375,0.00273708114952,3.31797374004e-05,0.000148359869547,3.09836082253e-05,2.2207728533e-06,0.000176488667696
898,0.00248926536401,0.00273674500073,3.31995168095e-05,0.000148697048597,3.12284404556e-05,2.23613694474e-06,0.000178334311917
899,0.00251750210344,0.00272715406972,3.32753396989e-05,0.000149058812341,3.1589601253e-05,2.25419887228e-06,0.000179697993502
900,0.00253976662039,0.00270979469864,3.32972519724e-05,0.000149157563328,3.19286421212e-05,2.27623360927e-06,0.000180440625209
901,0.00256155234747,0.0026895924766,3.34219710155e-05,0.00014929501616,3.19856973297e-05,2.28507470342e-06,0.000180375732482
902,0.00258374767235,0.00266711986777,3.3485858386e-05,0.000149420167519,3.19054918956e-05,2.27493016276e-06,0.000179137778111
903,0.00260054181243,0.00264028876418,3.34202385737e-05,0.000149439939676,3.18151605619e-05,2.26408771185e-06,0.000176569375289
904,0.00260926679736,0.00261567419878,3.33374446758e-05,0.000149351658765,3.15548478502e-05,2.25204243527e-06,0.000173866506517
905,0.00261263837781,0.00259807869688,3.32612882979e-05,0.000149330903362,3.12585533623e-05,2.23708090682e-06,0.000171751678386
906,0.00261701982256,0.00258673340927,3.31755462385e-05,0.000149371192618,3.10591424384e-05,2.22408038957e-06,0.000170286911142
907,0.00262141973883,0.00257089897829,3.32042621681e-05,0.00014938028103,3.09370752535e-05,2.21674708214e-06,0.000169447105273
908,0.00262685410963,0.0025550696393,3.32270242995e-05,0.00014925782254,3.0931456844e-05,2.21591201783e-06,0.00016949559643
909,0.00263119347874,0.00254105893041,3.32638664949e-05,0.000149143212498,3.11098769367e-05,2.21894038879e-06,0.000170980106532
910,0.00263351028719,0.00253631270781,3.33091898012e-05,0.000149134173597,3.12900241036e-05,2.22006935077e-06,0.000172877240365
911,0.00264224467726,0.00254434886336,3.33597386181e-05,0.000149349005265,3.14806380058e-05,2.22135612831e-06,0.000175008756206
912,0.00265041000511,0.00256561812283,3.33172830395e-05,0.000149622881644,3.1732287557e-05,2.23267532159e-06,0.000176474727672
913,0.00263777601469,0.00258894151329,3.33429327007e-05,0.00015001105367,3.19709893309e-05,2.24171342439e-06,0.000178311439128
914,0.00261167243969,0.00261025711727,3.33285778199e-05,0.000150165779513,3.21910850024e-05,2.24999803724e-06,0.000180165606942
915,0.00257690720314,0.00262322722189,3.32894147859e-05,0.000150287480431,3.24846605199e-05,2.26756926005e-06,0.000180629153884
916,0.0025468948558,0.00263421286599,3.32405477856e-05,0.000150289062914,3.24565901578e-05,2.27322053867e-06,0.000180153729487
917,0.00252109192829,0.00264426847834,3.31894882496e-05,0.000150255743131,3.2273075574e-05,2.26393314919e-06,0.000178410473823
918,0.00249482112006,0.00264578020474,3.30997764495e-05,0.000150196011208,3.2140004956e-05,2.25053190095e-06,0.000175892712782
919,0.00246879192811,0.00264328461764,3.30185930115e-05,0.00015005306542,3.17794778013e-05,2.23273924979e-06,0.000173276735137
920,0.00244546076415,0.00263583204823,3.29203238522e-05,0.00014981626756,3.13924211531e-05,2.21506911425e-06,0.000171078348508
921,0.00242974678694,0.00263129938023,3.28940756958e-05,0.000149821917783,3.10652373561e-05,2.20522871524e-06,0.000170108492396
922,0.00241804905626,0.00263405483122,3.29575119197e-05,0.000149983031084,3.08886132696e-05,2.20184217627e-06,0.000170068700906
923,0.00241269443439,0.00263787554497,3.30518014117e-05,0.000150053457895,3.09034058275e-05,2.2038769064e-06,0.000171151597205
924,0.00241238213594,0.00263567004211,3.31200273677e-05,0.0001499750536,3.10914125429e-05,2.20641298308e-06,0.000173131768742
925,0.00241661633151,0.00262874307881,3.31003475761e-05,0.000149916499053,3.11858647813e-05,2.21376552265e-06,0.000175166786963
926,0.00243195282515,0.00262555151595,3.31297196969e-05,0.000150001708787,3.13297678281e-05,2.22010825802e-06,0.000176651452123
927,0.00245951754789,0.00262564709407,3.31912404971e-05,0.000150207534328,3.15306342375e-05,2.23055978158e-06,0.000177284131733
928,0.00249053220777,0.00262101256643,3.31446231602e-05,0.000150448199351,3.17291688642e-05,2.23929763631e-06,0.00017813068998
929,0.00251961656751,0.00260735267706,3.31105701526e-05,0.000150697144634,3.19949978315e-05,2.2490662989e-06,0.000179012655366
930,0.00253856039696,0.0025876821044,3.31230078027e-05,0.000150743285971,3.2213377952e-05,2.2647592497e-06,0.000179354020044
931,0.00255731412618,0.00256455323659,3.31703297807e-05,0.000150810621072,3.22653461788e-05,2.27158218324e-06,0.000178760480679
932,0.00257860917347,0.00254173518941,3.3130618695e-05,0.000151035070911,3.22299060848e-05,2.26993948527e-06,0.000177132650646
933,0.00259660333014,0.00252171646962,3.30907647474e-05,0.000151184322195,3.21916687938e-05,2.26509424404e-06,0.000174810351221
934,0.00260708281448,0.0025070618979,3.30228573369e-05,0.00015107800669,3.2017183992e-05,2.25533952073e-06,0.000172406245625
935,0.00261392200595,0.00249123752469,3.29708201851e-05,0.000150821905013,3.17626400951e-05,2.23516092432e-06,0.000170867478136
936,0.00262086377706,0.00247412317008,3.2867811669e-05,0.000150623464428,3.15946594734e-05,2.22069137989e-06,0.000170007696591
937,0.0026299148371,0.00245117667968,3.28772794615e-05,0.00015061044117,3.14918443829e-05,2.21411739061e-06,0.000169787303041
938,0.00263506222528,0.00243290524825,3.2927830031e-05,0.000150696276269,3.15215155916e-05,2.21304190528e-06,0.000170693012978
939,0.00264324911865,0.00242545678338,3.29177884869e-05,0.000150709092126,3.16711179022e-05,2.21727844901e-06,0.000172396547798
940,0.00264466060817,0.00242281278239,3.29287328139e-05,0.00015081203517,3.18468268086e-05,2.22373394851e-06,0.000174517401032
941,0.00264542283389,0.00243449463201,3.30118719473e-05,0.00015109517601,3.19731652786e-05,2.22798300279e-06,0.000176404293772
942,0.00264103215327,0.00245184989205,3.30803153515e-05,0.00015160113681,3.2126574622e-05,2.23048166037e-06,0.000177256314667
943,0.00262160644397,0.0024712666824,3.3029116687e-05,0.000152043537187,3.22713692957e-05,2.23291609665e-06,0.000177903184744
944,0.00259312789309,0.00248909913577,3.29693919743e-05,0.000152437818607,3.24845702191e-05,2.25000513706e-06,0.000178647671994
945,0.00255909274308,0.00250696352561,3.29764470547e-05,0.00015258904858,3.27202410415e-05,2.26634481815e-06,0.000178481074362
946,0.00252989864061,0.00251339555293,3.28986071937e-05,0.000152387507606,3.27118897316e-05,2.2714131534e-06,0.000177105335284
947,0.00250071602517,0.00251615077386,3.28248365616e-05,0.000152199520336,3.2533869271e-05,2.26809430263e-06,0.000175175727092
948,0.00247377826195,0.002517374441,3.27757942274e-05,0.000152048304805,3.24378714182e-05,2.26487440539e-06,0.000172798947415
949,0.00245426354953,0.00251530971191,3.28491380985e-05,0.000151846308072,3.20758152553e-05,2.24608389078e-06,0.000170979263455
950,0.00243553302708,0.00251211155972,3.28294024292e-05,0.00015152984426,3.17229335904e-05,2.22692259447e-06,0.000169682648145
951,0.00242261905737,0.00250960745887,3.28289812486e-05,0.000151326310335,3.15412432389e-05,2.20941217728e-06,0.000168839750033
952,0.00241395040146,0.00250182437953,3.27921835997e-05,0.000151124203209,3.14094150528e-05,2.20328074085e-06,0.000169085401502
953,0.00240110921867,0.00248923273529,3.27957162145e-05,0.000150902934576,3.1401420852e-05,2.20498784609e-06,0.000170826013883
954,0.00239317991465,0.00247460959585,3.28654753859e-05,0.000150584454788,3.15850898524e-05,2.21354300097e-06,0.000172662098976
955,0.00239608394984,0.00246601052606,3.28872783538e-05,0.000150438314979,3.16406499298e-05,2.21755215391e-06,0.000173936797357
956,0.00240910030772,0.00246096038716,3.28762671695e-05,0.000150502598253,3.17102999793e-05,2.21854019181e-06,0.000174620785229
957,0.00243144295368,0.00245919075388,3.2880022583e-05,0.000150864282013,3.18274321442e-05,2.22636681171e-06,0.000174999398003
958,0.00245691657564,0.00245456294042,3.28325951514e-05,0.000151281981804,3.19237349058e-05,2.23520335072e-06,0.000175280487874
959,0.00247799070176,0.00244040585095,3.28263981515e-05,0.000151423035857,3.2175068921e-05,2.24212351663e-06,0.00017526850443
960,0.00250095531254,0.00242398410202,3.27961478982e-05,0.000151534621213,3.2395609417e-05,2.25684052334e-06,0.000175069191538
961,0.00252550768019,0.00241005453978,3.28016180109e-05,0.000151679341116,3.24559848656e-05,2.26863135298e-06,0.0001743449374
962,0.00255119200613,0.00240252338143,3.28101365147e-05,0.000151868850259,3.25615047244e-05,2.27539379117e-06,0.000173037984223
963,0.00256952301733,0.0023928044045,3.28793710687e-05,0.000151858835967,3.25024741591e-05,2.27236141631e-06,0.000171442603176
964,0.00258030868169,0.00237807339425,3.29226756851e-05,0.000151639381839,3.23674638543e-05,2.25886467154e-06,0.000170040054139
965,0.00259183791673,0.00236382274393,3.29095721676e-05,0.000151494561551,3.21834620017e-05,2.24073883514e-06,0.000169631046935
966,0.0026030501533,0.00234922979135,3.28708023101e-05,0.000151337785776,3.19911288754e-05,2.22401964184e-06,0.000169396677416
967,0.00261710010348,0.0023341631307,3.28108749409e-05,0.000151206745412,3.18751251752e-05,2.21503196342e-06,0.000169919891696
968,0.00262377479497,0.00232295514089,3.27700079564e-05,0.000151201125186,3.18647659303e-05,2.2188889322e-06,0.000171270960481
969,0.0026197552204,0.00231537136881,3.27795365744e-05,0.000151303626712,3.19509548278e-05,2.22466959158e-06,0.000173158447822
970,0.00261306431589,0.00231489173085,3.27964100824e-05,0.000151549518353,3.20466578415e-05,2.22173620264e-06,0.000174362849789
971,0.00260653544312,0.00232619298623,3.27134945704e-05,0.000152021187134,3.20854631018e-05,2.21485242888e-06,0.000174710584755
972,0.00258958006633,0.00233787806059,3.2670017727e-05,0.000152647171702,3.21750287296e-05,2.21801218677e-06,0.000174567135257
973,0.00256268816855,0.00235235067459,3.25761976456e-05,0.000153130875189,3.2283760484e-05,2.22254614263e-06,0.000174268541966
974,0.00253294299604,0.00236799351791,3.24422277875e-05,0.000153170045584,3.24590360125e-05,2.23007979258e-06,0.000173981990526
975,0.00249948745288,0.0023763643177,3.23453432253e-05,0.000153009148922,3.26519392906e-05,2.25138965198e-06,0.000173483715206
976,0.00246801696855,0.00237821305638,3.23215750567e-05,0.000152861650672,3.26841739725e-05,2.26529416437e-06,0.000172537290818
977,0.00243694886735,0.00238266702706,3.23793832227e-05,0.000152689908136,3.25658665605e-05,2.26347230294e-06,0.000170600173288
978,0.00241129211233,0.00238443004039,3.24332958989e-05,0.000152506304093,3.24091088998e-05,2.25548830623e-06,0.000168556455593
979,0.00239042106004,0.00238258100665,3.2471685476e-05,0.000152215862416,3.2149163582e-05,2.23813412643e-06,0.000167261593197
980,0.00237471371647,0.00237668091117,3.247335706e-05,0.000151878075704,3.19018479447e-05,2.22091752348e-06,0.000166486542811
981,0.0023618827322,0.00236445342114,3.25184102584e-05,0.000151606235234,3.17579843858e-05,2.21056978468e-06,0.00016655069538
982,0.00234949392469,0.00234945610339,3.25666189445e-05,0.00015145061017,3.16464254946e-05,2.20911564196e-06,0.000167512133466
983,0.00233243269574,0.00233376519365,3.25547546402e-05,0.000151218616176,3.1617028812e-05,2.20733232687e-06,0.000168565488822
984,0.00232202313825,0.00231758569225,3.25080425459e-05,0.000151000295288,3.16309419722e-05,2.21168310876e-06,0.000169510625893
985,0.00232170751884,0.00231092350623,3.24938237738e-05,0.000151089376284,3.16273337891e-05,2.21087338727e-06,0.000170354759508
986,0.00233716303182,0.00231154885748,3.24577644443e-05,0.000151438600199,3.16252210194e-05,2.20618498215e-06,0.000170895497957
987,0.00235884015489,0.0023140858257,3.23846799417e-05,0.000151833177264,3.16168320441e-05,2.21007315244e-06,0.000170912825113
988,0.00238369610356,0.00231163143989,3.22934445057e-05,0.000152118540334,3.17308242935e-05,2.217261033e-06,0.00017119678473
989,0.00240745390527,0.00230719331089,3.22241572738e-05,0.000152066342402,3.19800745383e-05,2.23071528931e-06,0.000171353422254
990,0.00243581238274,0.0023041597658,3.2264669597e-05,0.000152038167829,3.22217931291e-05,2.25174670154e-06,0.000171202610985
991,0.00247040565593,0.00230324048869,3.23393754703e-05,0.000152094536634,3.23752052056e-05,2.26222424512e-06,0.000170628046042
992,0.00249693394534,0.00229694148299,3.23860051398e-05,0.000151900308479,3.24534313823e-05,2.26451812466e-06,0.000169370040128
993,0.00251547607289,0.00228732111397,3.24419374798e-05,0.000151760341435,3.23877853292e-05,2.26352236888e-06,0.000168625520194
994,0.00253216815673,0.00227623584222,3.25557018912e-05,0.000151626911527,3.22743693124e-05,2.25139411766e-06,0.000168087602021
995,0.00254525852413,0.00226480598774,3.25548950351e-05,0.000151402688615,3.20914307709e-05,2.23708254042e-06,0.00016770386427
996,0.00255749767281,0.00225545605525,3.24590172488e-05,0.000151227855216,3.1968825489e-05,2.22336589014e-06,0.000167355633338
997,0.00256613349324,0.0022471569263,3.23948125509e-05,0.000151024406524,3.18920610749e-05,2.21647019138e-06,0.000167887514472
998,0.00256129283555,0.00223783088123,3.23241721254e-05,0.000151011988231,3.18579375546e-05,2.21613447241e-06,0.000168863041735
999,0.0025489227899,0.00223263023545,3.23290194202e-05,0.000151182603291,3.18080805636e-05,2.21133124045e-06,0.000169793204786
1000,0.00253641131773,0.00223998031741,3.230154364e-05,0.0001516360729,3.18530726182e-05,2.2057717581e-06,0.000170311218687
1001,0.00252324813763,0.00224803238102,3.22174535059e-05,0.00015213705695,3.18432756237e-05,2.20195163604e-06,0.000170162029337
1002,0.00250986896271,0.0022602040002,3.21510224926e-05,0.000152643235214,3.17992392055e-05,2.20522363649e-06,0.000169806812016
1003,0.00248733383532,0.00227316366339,3.21029452062e-05,0.000152951281195,3.19261047944e-05,2.21492926378e-06,0.000169697770647
1004,0.00245504841323,0.00228027597105,3.20356430214e-05,0.000152984192746,3.21429235034e-05,2.23182612213e-06,0.000169693209898
1005,0.00242155094786,0.00228928195024,3.20161940102e-05,0.00015295245526,3.23306397108e-05,2.25512526387e-06,0.000169522294517
1006,0.00239587477713,0.00229672147243,3.20840443969e-05,0.000152839870434,3.23659179705e-05,2.26539944828e-06,0.000168949667277
1007,0.00237557606579,0.00230313411908,3.22034415751e-05,0.000152649760799,3.22823325587e-05,2.26397697881e-06,0.000167682847253
1008,0.00235643735676,0.00230670570964,3.22799803527e-05,0.000152353925269,3.21552473507e-05,2.25635601642e-06,0.000166184798672
1009,0.00234192279867,0.00230079592774,3.22819094797e-05,0.000152040329206,3.19371521383e-05,2.24038153374e-06,0.000165594221657
1010,0.00232354078803,0.00229143686117,3.2261855626e-05,0.000151683465379,3.17750854788e-05,2.22687192588e-06,0.000165612770601
1011,0.00230580111183,0.00227904831482,3.22238213212e-05,0.000151226914649,3.16659451381e-05,2.21607248246e-06,0.000165416533627
1012,0.00228899091433,0.00226524359847,3.21940795436e-05,0.00015086129487,3.15442928679e-05,2.21296615503e-06,0.000165803353419
1013,0.00227255709265,0.00225010798008,3.21500739098e-05,0.000150573648273,3.15059198003e-05,2.21005025297e-06,0.00016653358668
1014,0.00226040120222,0.00223898462707,3.20987291755e-05,0.000150510134354,3.13815057486e-05,2.20912010074e-06,0.000167092189928
1015,0.00226064943041,0.00223874917826,3.20720710483e-05,0.000150743561559,3.12368486365e-05,2.20235881185e-06,0.000167815225995
1016,0.00227518238889,0.00224178204165,3.19667680274e-05,0.000151084820106,3.12297222766e-05,2.20211454493e-06,0.000167892917248
1017,0.00230028850784,0.00224537723176,3.18875253253e-05,0.00015144036365,3.12248842933e-05,2.21286695163e-06,0.000168438435462
1018,0.00232956211911,0.00225368131994,3.18822819044e-05,0.000151713610259,3.13951366278e-05,2.22725113828e-06,0.000168833593198
1019,0.00236275188307,0.00226030887667,3.19070385622e-05,0.000151828916622,3.16866678492e-05,2.24463905797e-06,0.000168861691675
1020,0.00240031227673,0.00226247638738,3.19769469549e-05,0.000151758070262,3.18458267806e-05,2.25932040098e-06,0.000168793942537
1021,0.00243596654194,0.00226062770325,3.20822614941e-05,0.000151767974183,3.20112309526e-05,2.26791962702e-06,0.00016862973076
1022,0.00246460486962,0.00225693100544,3.21632856825e-05,0.000151737259084,3.21053578941e-05,2.26810732004e-06,0.000168173822982
1023,0.00248594668735,0.0022504927684,3.2162557484e-05,0.0001515599574,3.20741556684e-05,2.26528000882e-06,0.000167529599507
1024,0.00250220451709,0.00224390058115,3.21819187369e-05,0.000151164195458,3.20186140928e-05,2.25567078246e-06,0.000166949075491
1025,0.00251301846786,0.00223730157974,3.21769110022e-05,0.000150861492249,3.18506973796e-05,2.24431589433e-06,0.00016664749318
1026,0.00251770469239,0.0022304205644,3.21050426924e-05,0.000150532505618,3.17077296885e-05,2.22858892824e-06,0.000166631605114
1027,0.00251489078251,0.00222550522404,3.20116889272e-05,0.000150124122544,3.16312918076e-05,2.2143462081e-06,0.00016674815693
1028,0.00250479526131,0.00222149078073,3.18924359842e-05,0.000149949374533,3.14864353756e-05,2.20395176814e-06,0.000166797365384
1029,0.00249130473253,0.00222117471932,3.18204399215e-05,0.00015002097885,3.13948372938e-05,2.19797106288e-06,0.000167228308977
1030,0.00247938154206,0.00222862632131,3.17822869111e-05,0.000150364680849,3.13674449955e-05,2.19589255348e-06,0.000167475970715
1031,0.00246487314316,0.00223368435315,3.17595374981e-05,0.000150815087199,3.13638872416e-05,2.1925243108e-06,0.000167197617123
1032,0.00244388594824,0.00224159041814,3.17293965213e-05,0.00015125457877,3.14042358906e-05,2.20238582959e-06,0.000167008154821
1033,0.00241997237222,0.00225536040252,3.17540552196e-05,0.00015153597759,3.16050791254e-05,2.21881352691e-06,0.000167179972415
1034,0.00239602619471,0.00227102843259,3.17859809737e-05,0.000151613673335,3.18693764152e-05,2.23224636601e-06,0.000167390640169
1035,0.00237470032288,0.00228278821065,3.1830740232e-05,0.000151632609457,3.20690217745e-05,2.24990030891e-06,0.000167608868254
1036,0.00235695303948,0.00228940432046,3.18943511405e-05,0.000151613833001,3.21491966339e-05,2.25847259999e-06,0.000167438649227
1037,0.00233918367832,0.00229310339283,3.19841593067e-05,0.000151651973905,3.2141948271e-05,2.26358194279e-06,0.000166859467491
1038,0.0023227516983,0.00229208160271,3.21259204556e-05,0.000151535109802,3.20051369305e-05,2.2625252654e-06,0.000166585044008
1039,0.00230693581876,0.00228391269347,3.22446034352e-05,0.000151228645367,3.192021513e-05,2.25165883072e-06,0.000166228371376
1040,0.00228917917986,0.00227599587766,3.22508873817e-05,0.000150910415618,3.17555285665e-05,2.24096389017e-06,0.000166054583029
1041,0.00227012155726,0.00226622510738,3.22320873047e-05,0.000150636965894,3.15699592929e-05,2.23062115406e-06,0.000166005669123
1042,0.00225050310167,0.00225383078618,3.21940068513e-05,0.000150434124442,3.1378798427e-05,2.22115805907e-06,0.000165806829331
1043,0.00223444063374,0.00224290807487,3.21015116052e-05,0.000150452612624,3.12212162356e-05,2.21496980718e-06,0.000165719856853
1044,0.00222163859187,0.00223245813726,3.2055412378e-05,0.000150570330568,3.10516618091e-05,2.21687701428e-06,0.000165933045874
1045,0.0022233927817,0.00223455694679,3.1998193512e-05,0.000150923741899,3.09374118807e-05,2.21943623315e-06,0.000166332638276
1046,0.00224362008606,0.00224585694298,3.20253151361e-05,0.000151470833373,3.09112966298e-05,2.22467154143e-06,0.000166581860931
1047,0.00227868468732,0.00226457946895,3.20088530629e-05,0.0001519168022,3.10319513733e-05,2.23797725424e-06,0.000167118095336
1048,0.00231901130823,0.00227808331222,3.20357924975e-05,0.000152255196254,3.12436016997e-05,2.25078979693e-06,0.000167609000039
1049,0.00235650821074,0.00228381316884,3.20778047908e-05,0.000152403860269,3.14694379112e-05,2.26213737664e-06,0.000167994020297
1050,0.0023948519765,0.00228301650724,3.21373358372e-05,0.000152448026604,3.16218723032e-05,2.2765172716e-06,0.000168462082244
1051,0.00243284471288,0.00227590854074,3.22469294256e-05,0.00015250194558,3.18194997596e-05,2.28415244459e-06,0.000168648363677
1052,0.00246458949789,0.00227569152774,3.22502801398e-05,0.000152356711278,3.19092930519e-05,2.28592485952e-06,0.000168357830079
1053,0.00248713043769,0.00227238229492,3.22230710872e-05,0.000152116311962,3.19019219118e-05,2.2869115455e-06,0.000167681119985
1054,0.00250050165275,0.00226886274428,3.22520929566e-05,0.000151788172163,3.18303239785e-05,2.27692525278e-06,0.000167563647439
1055,0.00250174374166,0.00226314230085,3.21898579877e-05,0.00015130064631,3.16654026564e-05,2.25557510307e-06,0.000167153096544
1056,0.00249638033075,0.00225750315802,3.2025316799e-05,0.000150770990194,3.14328222867e-05,2.2312028757e-06,0.000166771546507
1057,0.00248795224047,0.00225192303495,3.1838545353e-05,0.00015034846451,3.1298041706e-05,2.21563609758e-06,0.000166156214721
1058,0.00247815240766,0.0022492421924,3.16696350578e-05,0.000150154284741,3.10888217403e-05,2.20714178593e-06,0.000165668281779
1059,0.00246196686363,0.00224834274149,3.16151638254e-05,0.00015002892947,3.09895145362e-05,2.201068956e-06,0.000165387787099
1060,0.0024471525485,0.00224951408974,3.16216859245e-05,0.000150181871265,3.0986409918e-05,2.1997355764e-06,0.000165499147123
1061,0.00242917054412,0.00225318305603,3.15778552347e-05,0.000150409301495,3.10620057004e-05,2.2057424238e-06,0.000165191899397
1062,0.00241315445799,0.00226486064603,3.16010044728e-05,0.000150822379786,3.11711378848e-05,2.21676751321e-06,0.000165734255665
1063,0.00239376094124,0.00228239146981,3.17353399518e-05,0.000151396760302,3.14462498458e-05,2.23521276809e-06,0.000166750216262
1064,0.00237336133078,0.00229711948542,3.18708562955e-05,0.000151780477269,3.17629629254e-05,2.25900284629e-06,0.000167454840532
1065,0.00235750614001,0.00230522452856,3.20614800814e-05,0.000152221943441,3.19443414807e-05,2.28060956003e-06,0.000168796094149
1066,0.00234633412546,0.00230964583191,3.22275284217e-05,0.000152573156262,3.20260329048e-05,2.28960802453e-06,0.000170024374492
1067,0.00233102479154,0.00231161061841,3.23171228545e-05,0.000152634322112,3.20965006856e-05,2.29605539954e-06,0.000170176015069
1068,0.00231466815354,0.00231159409537,3.24392008904e-05,0.000152434578933,3.20011857701e-05,2.28845405461e-06,0.000169398070381
1069,0.00229666294484,0.00230490067108,3.24479952299e-05,0.000152036481779,3.18476558299e-05,2.27313595707e-06,0.00016790489695
1070,0.00227398806001,0.00229421467738,3.23469000249e-05,0.000151580918966,3.15915574212e-05,2.25436883364e-06,0.000166719308695
1071,0.0022509293556,0.0022852501791,3.22975027676e-05,0.000151212539445,3.12975812552e-05,2.23801363686e-06,0.000165749154015
1072,0.00223024056704,0.00227280572303,3.22553136221e-05,0.000150953296366,3.10199161701e-05,2.22544936701e-06,0.000164640695152
1073,0.00221794454212,0.0022593558201,3.21304812816e-05,0.000150819597862,3.08586161502e-05,2.21855589646e-06,0.000163775547812
1074,0.00221153608143,0.00225724422004,3.19829176167e-05,0.000150822200468,3.06711730573e-05,2.21664459614e-06,0.00016378306189
1075,0.00222023207053,0.00226611791723,3.1893866933e-05,0.00015112206154,3.06863476324e-05,2.21976293772e-06,0.000163794066576
1076,0.00224557030013,0.00228670992434,3.18814141899e-05,0.0001515286432,3.07554568342e-05,2.22592504683e-06,0.000163910461896
1077,0.00228065125739,0.00230387531139,3.18990806188e-05,0.00015179546893,3.0854980414e-05,2.23195281092e-06,0.000164779686432
1078,0.00232281608368,0.00231429502341,3.1924808329e-05,0.0001521090037,3.11015820143e-05,2.24679407072e-06,0.000166054252077
1079,0.00236860340955,0.00231788777733,3.19778870827e-05,0.000152303620237,3.1325034193e-05,2.25927399022e-06,0.000167028362119
1080,0.00241051818288,0.00231839388084,3.20095244034e-05,0.000152475107998,3.14356785242e-05,2.27197154492e-06,0.000167916876458
1081,0.0024468096147,0.00231909978012,3.20387818175e-05,0.00015262743545,3.16845895148e-05,2.2836673787e-06,0.000168446207622
1082,0.00247114070521,0.0023175219787,3.20821453514e-05,0.000152543262249,3.17541574956e-05,2.28628431895e-06,0.000168541294853
1083,0.00248682427021,0.00231592401205,3.20568180069e-05,0.000152128518634,3.16766717359e-05,2.2753905862e-06,0.000167687851437
1084,0.00249169583894,0.00231371085091,3.19562702058e-05,0.000151618787764,3.15543615733e-05,2.25795508115e-06,0.000166638531442
1085,0.00248876795585,0.00231061448797,3.18138269023e-05,0.000151140728309,3.13130778516e-05,2.24090961919e-06,0.000165615896588
1086,0.00248526799822,0.00230577637618,3.1711687916e-05,0.000150666186932,3.10345084752e-05,2.22212039437e-06,0.000164706130566
1087,0.00247658211003,0.00229859472137,3.15751065031e-05,0.000150320445544,3.08518758548e-05,2.21140369695e-06,0.000163817452853
1088,0.00246111060121,0.00229151682145,3.14548615155e-05,0.000150084046379,3.07108232476e-05,2.20520864728e-06,0.000163323659186
1089,0.00244282114975,0.00229062247635,3.14133307908e-05,0.000150041788135,3.06355331799e-05,2.20515054743e-06,0.000163479609026
1090,0.00243118252599,0.00229476914641,3.14826150695e-05,0.000150173184745,3.0722998149e-05,2.2097947399e-06,0.00016391347118
1091,0.00241889851169,0.00230046274016,3.15646735841e-05,0.000150378083628,3.08413870448e-05,2.21778743369e-06,0.000164507133281
1092,0.00240704485129,0.00231286936014,3.16687745567e-05,0.000150703439542,3.102507225e-05,2.22856550186e-06,0.000165883588139
1093,0.002391665511,0.0023262665727,3.18384572645e-05,0.00015107029528,3.13453456297e-05,2.24584574109e-06,0.000167424703895
1094,0.00237546622019,0.00233293172175,3.19588574464e-05,0.000151413459292,3.17023734166e-05,2.27260800595e-06,0.000169364383639
1095,0.00236262941446,0.00233769053559,3.21029361298e-05,0.000151763682917,3.18777314846e-05,2.29064273041e-06,0.000171121149515
1096,0.00234871940398,0.00234209832205,3.22147150874e-05,0.000151960607592,3.20196635835e-05,2.29813923219e-06,0.000171751980577
1097,0.00233196692334,0.00234552189487,3.23212021895e-05,0.00015193918514,3.20275190103e-05,2.29943780676e-06,0.000170911458766
1098,0.00231056029514,0.00234266828142,3.23799919772e-05,0.000151690168873,3.18289947581e-05,2.2882209778e-06,0.000169484019116
1099,0.0022891839328,0.00233426985505,3.23614261956e-05,0.000151313705342,3.15955077187e-05,2.26754104024e-06,0.00016771922976
1100,0.00226561670724,0.00232510350719,3.22876441926e-05,0.000151023555987,3.12452315416e-05,2.24998993379e-06,0.000166057172935
1101,0.00224625788921,0.00231477310839,3.21890614105e-05,0.000150810425613,3.09186111384e-05,2.23620617777e-06,0.000164468424444
1102,0.00222961016521,0.00230399908703,3.20411331162e-05,0.000150506424279,3.06648085586e-05,2.22486063978e-06,0.000163068695076
1103,0.00221822710375,0.00229703143632,3.19133060415e-05,0.000150499955888,3.05310805708e-05,2.22442732508e-06,0.000162084492023
1104,0.00221965006757,0.00230461026286,3.18457133462e-05,0.000150580173571,3.0455818359e-05,2.22564977677e-06,0.000161988842343
1105,0.00223656843993,0.00231825854911,3.18463404938e-05,0.000150784354728,3.04613233489e-05,2.22687154345e-06,0.00016221960728
1106,0.00226747026023,0.00233677528076,3.19082678511e-05,0.000151098726028,3.0533755429e-05,2.23005048961e-06,0.000163173797279
1107,0.00230901664668,0.00235039494232,3.18744498275e-05,0.000151359967549,3.06875466289e-05,2.23873222364e-06,0.000164571118934
1108,0.00235520361937,0.00236279587764,3.19319150732e-05,0.000151725480609,3.09677696479e-05,2.25791710619e-06,0.000166150772815
1109,0.00239942931689,0.00237185172049,3.20471285708e-05,0.000152018577518,3.11892264547e-05,2.27734072827e-06,0.000167479619367
1110,0.00244010169558,0.00237496242483,3.20945965922e-05,0.000152252819442,3.13146766004e-05,2.28655990001e-06,0.000168737239411
1111,0.00247106323408,0.00237635580452,3.21023738264e-05,0.00015237372824,3.15225293988e-05,2.28925033748e-06,0.000169385561843
1112,0.00248820690402,0.00237648874158,3.20942211679e-05,0.000152183641952,3.15058508751e-05,2.28603476469e-06,0.0001687323543
1113,0.00249492374413,0.00237630324603,3.20520683761e-05,0.000151772359077,3.13356270216e-05,2.27762142682e-06,0.0001674072432
1114,0.0024978731496,0.00237768232926,3.20332684198e-05,0.000151428710822,3.11664314532e-05,2.26041024829e-06,0.000166164674624
1115,0.0025013172508,0.00237686555495,3.18901812684e-05,0.000150981603835,3.08851548713e-05,2.24280624119e-06,0.000164661967023
1116,0.00249768502183,0.00237022523283,3.16895757439e-05,0.000150480967322,3.06332476396e-05,2.22658221385e-06,0.000163333450731
1117,0.00248453404895,0.00236054500613,3.1507465866e-05,0.000150056316629,3.04936550844e-05,2.21694093491e-06,0.000162500899241
1118,0.00246833252145,0.00235638825112,3.14602822124e-05,0.000149957161101,3.04094954779e-05,2.21482451563e-06,0.000162035762326
1119,0.00245343900991,0.002353359122,3.14709263769e-05,0.000149875360135,3.03775346596e-05,2.20675227219e-06,0.000162369283202
1120,0.00244348368774,0.00235568768751,3.14896251699e-05,0.000149880934212,3.05352418048e-05,2.20979593944e-06,0.000162933590187
1121,0.00243318477848,0.00236245166729,3.16152906447e-05,0.000150010386405,3.07357535797e-05,2.22001030654e-06,0.000163650711568
1122,0.00242498390724,0.00237061528291,3.17708519907e-05,0.000150334592067,3.09845266644e-05,2.23034021597e-06,0.000165641031693
1123,0.00241104684598,0.00237704657714,3.1903840783e-05,0.000150785602369,3.13616005002e-05,2.25246001245e-06,0.000168194194214
1124,0.00239603392329,0.00238140027151,3.20323169592e-05,0.000151323009157,3.17271604035e-05,2.27520906913e-06,0.000170350520248
1125,0.00238217591104,0.00238552940956,3.2141464779e-05,0.000151830638862,3.18144147156e-05,2.28926068229e-06,0.000171752630409
1126,0.00236456027245,0.00238835569543,3.221172865e-05,0.000152173644474,3.18669205257e-05,2.28568964564e-06,0.000171630527289
1127,0.002342065472,0.002386636759,3.22482767519e-05,0.000152299577283,3.17148778104e-05,2.2796476351e-06,0.000170302281893
1128,0.00231941899273,0.0023859312841,3.22814778207e-05,0.00015218490987,3.14270880975e-05,2.26728155865e-06,0.000168305908437
1129,0.002300417967,0.00237957701704,3.21989078533e-05,0.000151844310523,3.11862785411e-05,2.24972962244e-06,0.000166069372335
1130,0.00227907849285,0.00236979617818,3.20228671797e-05,0.000151546149906,3.08747842792e-05,2.23364856532e-06,0.000163881310499
1131,0.00225971420916,0.00236144797016,3.18924429357e-05,0.00015127987414,3.05551796788e-05,2.22407719465e-06,0.000161810969843
1132,0.00224816664334,0.00235818402623,3.17651547391e-05,0.00015095264107,3.04177349124e-05,2.21860196126e-06,0.000160452819658
1133,0.00224510859043,0.00235987416233,3.17191726832e-05,0.000150668082918,3.02945758054e-05,2.2137173659e-06,0.00016019385507
1134,0.00225186434929,0.00236950636078,3.17363916041e-05,0.000150586773568,3.02056469916e-05,2.21169885553e-06,0.000160774045659
1135,0.0022764699152,0.00238282411466,3.17352019405e-05,0.000150649665983,3.02909542414e-05,2.21590093589e-06,0.000161011315323
1136,0.00231427455571,0.00239927380794,3.17521266181e-05,0.00015090691137,3.04279575953e-05,2.23039647203e-06,0.000162389691971
1137,0.00235669406393,0.00241925862358,3.18929433298e-05,0.00015131702565,3.06439432783e-05,2.24410449543e-06,0.000164858826176
1138,0.00240483761122,0.00243622613959,3.20126139936e-05,0.000151915937627,3.09806379038e-05,2.26347251593e-06,0.00016707571716
1139,0.00244668946062,0.00244773058999,3.20847095649e-05,0.000152435247759,3.11439661533e-05,2.27630822582e-06,0.00016852811389
1140,0.00248373574797,0.00245500869234,3.21073268509e-05,0.000152743743467,3.12303496199e-05,2.28020773314e-06,0.00016970606991
1141,0.00250242550982,0.00245970968505,3.21293678912e-05,0.000152862961222,3.13302048447e-05,2.27607257038e-06,0.00016976707077
1142,0.0025131973704,0.00246124339022,3.21007347306e-05,0.000152844682302,3.12267892323e-05,2.27444886473e-06,0.00016864242573
1143,0.00252458665015,0.00246438118439,3.21163784929e-05,0.000152654144994,3.10081935329e-05,2.26606275504e-06,0.000167179421919
1144,0.0025325109347,0.0024656128036,3.20299489264e-05,0.000152470024561,3.07977791173e-05,2.25300320521e-06,0.000165587408201
1145,0.00253353882097,0.00246290335464,3.19131219505e-05,0.000152244837322,3.06108908161e-05,2.24388751233e-06,0.000164328826659
1146,0.00252770711052,0.00245770605545,3.18026358927e-05,0.000152050397861,3.04499509988e-05,2.24034823035e-06,0.00016345089576
1147,0.00251499790821,0.00245050356602,3.18088280031e-05,0.000151904668593,3.03301516834e-05,2.23293422246e-06,0.000163307121273
1148,0.00250199181028,0.0024446514319,3.18693780828e-05,0.000151745424879,3.0339533544e-05,2.2295658178e-06,0.000163247697114
1149,0.00249213874073,0.00244261760783,3.19747845532e-05,0.000151644047651,3.03881586326e-05,2.22972189358e-06,0.000164023238873
1150,0.00248891547596,0.00244428825063,3.21002537165e-05,0.000151733304581,3.05482825928e-05,2.23475084939e-06,0.000165508364313
1151,0.00248213447186,0.00244663118089,3.22635114203e-05,0.000151882526143,3.08151591933e-05,2.24253395087e-06,0.000167433318285
1152,0.00247432018556,0.00245113327231,3.23442703894e-05,0.000152158150926,3.11633846426e-05,2.2529064286e-06,0.000169896156174
1153,0.00245919771052,0.00245545174612,3.24481854174e-05,0.000152675667322,3.1503835748e-05,2.2723197291e-06,0.000172358832394
1154,0.00243872681827,0.00245806264437,3.25289338247e-05,0.000153246913049,3.17178308349e-05,2.28740722127e-06,0.000173710203582
1155,0.00241785316441,0.00245739035409,3.25372671453e-05,0.000153820816727,3.16807059638e-05,2.289763473e-06,0.000174056496791
1156,0.00239763187177,0.00245721271618,3.25823818944e-05,0.000154350067892,3.15877421173e-05,2.28250601936e-06,0.000173447259567
1157,0.00237814526115,0.00245708537749,3.25816685319e-05,0.000154598431648,3.14306647219e-05,2.27136782264e-06,0.000171281131658
1158,0.00235813259392,0.00245447388271,3.25043931049e-05,0.000154518561548,3.11668947287e-05,2.25700897545e-06,0.000168604116665
1159,0.00233872576389,0.0024512346922,3.23606311536e-05,0.000154445983726,3.08877434388e-05,2.24798648807e-06,0.000166264448111
1160,0.0023232125245,0.00245080631211,3.22698038399e-05,0.000154305666599,3.06786704828e-05,2.24164454998e-06,0.000164180307423
1161,0.00230867584302,0.00245045614737,3.21915743194e-05,0.000154043026138,3.04025748466e-05,2.23369487536e-06,0.000162807518684
1162,0.00230249049302,0.0024484255298,3.21924635466e-05,0.000153648067356,3.02876077422e-05,2.23073291359e-06,0.000162300726213
1163,0.00230523568687,0.0024504019716,3.22818392419e-05,0.000153517042877,3.02239300031e-05,2.23331825179e-06,0.000162888290088
1164,0.0023231654586,0.00246267430931,3.23868776082e-05,0.000153538612279,3.02269154666e-05,2.23995631027e-06,0.000163826253157
1165,0.00235527604049,0.0024843983292,3.25061022582e-05,0.00015376100508,3.03472312329e-05,2.25242252701e-06,0.000165172653974
1166,0.00239790313754,0.00250600260646,3.25962444333e-05,0.000154307677553,3.05681411002e-05,2.26797330875e-06,0.000167745158768
1167,0.00244546418981,0.00252892374208,3.26900927698e-05,0.000154980845458,3.08104037562e-05,2.27575224589e-06,0.000170930940844
1168,0.00248700028682,0.00254670178462,3.27524852001e-05,0.000155668856589,3.10599041347e-05,2.28685369196e-06,0.000172965574213
1169,0.00251870252777,0.00255899964187,3.27956339776e-05,0.000156307882713,3.11336755492e-05,2.29013311967e-06,0.000173636993522
1170,0.00254631608377,0.00256717090872,3.27564481297e-05,0.000156796895628,3.11701581198e-05,2.28848177244e-06,0.000173636168934
1171,0.00256613867721,0.00257085609414,3.2711957149e-05,0.000156946407623,3.11479421881e-05,2.28633526725e-06,0.000172648402198
1172,0.00257902189055,0.00256746389464,3.2632631064e-05,0.000156744688384,3.10478290735e-05,2.28218062556e-06,0.000170231227888
1173,0.00258758666998,0.00256856200352,3.25940107377e-05,0.000156510561227,3.07963801558e-05,2.27456002131e-06,0.000168443108083
1174,0.0025873182863,0.00257000012153,3.25190584605e-05,0.000156240062715,3.06366422118e-05,2.26852665249e-06,0.000166827863017
1175,0.00258130086401,0.00256429659207,3.24552627339e-05,0.000155781186107,3.05274486073e-05,2.25857427073e-06,0.000165407777281
1176,0.00256676352944,0.00255453322816,3.24303718187e-05,0.000155345116155,3.04349326191e-05,2.25131777991e-06,0.000164405483697
1177,0.00255581292995,0.00254718068514,3.25003067767e-05,0.000155117046411,3.04060284859e-05,2.24819748008e-06,0.000164129982519
1178,0.00254983884325,0.00253854621061,3.26609880868e-05,0.000154968974055,3.04695900366e-05,2.2428250517e-06,0.000164712592962
1179,0.00254561848416,0.00253260321142,3.27276215432e-05,0.000154921977361,3.05927590245e-05,2.24116195391e-06,0.000166322203898
1180,0.00253937582933,0.00253183248586,3.28384065857e-05,0.000155111167551,3.08028323394e-05,2.24547224195e-06,0.000168045759694
1181,0.00253227716235,0.00253499988764,3.29347665202e-05,0.000155628880598,3.11140294204e-05,2.25800870924e-06,0.00017042279021
1182,0.00252026574102,0.00253969653843,3.3061339873e-05,0.00015649718832,3.13838651297e-05,2.2681570976e-06,0.000173063788735
1183,0.00250209101442,0.00253902504995,3.31287187026e-05,0.000157521671265,3.16129881352e-05,2.27899006261e-06,0.000175179730123
1184,0.00247976722216,0.00253481977567,3.31357500655e-05,0.000158457034043,3.17162340584e-05,2.28529381303e-06,0.000175614980193
1185,0.00245773275375,0.00253405060675,3.30769258435e-05,0.000159089387655,3.15797226539e-05,2.2834178146e-06,0.000174804064484
1186,0.00243706478406,0.00253536271409,3.30353672762e-05,0.000159565519187,3.14969702755e-05,2.27800707668e-06,0.000173426441682
1187,0.0024179251632,0.00253528168817,3.30131611615e-05,0.000159855903114,3.13608169551e-05,2.2745312346e-06,0.000171167601938
1188,0.00240248574123,0.00253729026034,3.30396468153e-05,0.000159904899593,3.11510531254e-05,2.27541146538e-06,0.000168607652276
1189,0.00239036774536,0.00254693711013,3.30659704888e-05,0.000159813198303,3.09207057124e-05,2.26692825559e-06,0.000166738809389
1190,0.00237736398879,0.00255043680655,3.30457895697e-05,0.000159540315116,3.06527797334e-05,2.25715710993e-06,0.000165307887988
1191,0.00236613298441,0.00254791187241,3.30021856005e-05,0.000159264073526,3.04540687149e-05,2.2528818018e-06,0.000164713297288
1192,0.00236218397075,0.00254485673424,3.30713467904e-05,0.000158977118205,3.04176588605e-05,2.25043461498e-06,0.00016502626079
1193,0.00236848356823,0.00255310108215,3.3173762395e-05,0.000158706901102,3.04048047949e-05,2.25049298853e-06,0.000165907281975
1194,0.00238876800787,0.00257089561837,3.31836347399e-05,0.00015862321131,3.04953266206e-05,2.25591448921e-06,0.000167135558056
1195,0.0024210324612,0.002592436988,3.31995673765e-05,0.000158713174711,3.06783394284e-05,2.26206053521e-06,0.000168975031823
1196,0.00245983745595,0.00261690225302,3.31970705964e-05,0.000159156702083,3.08672805583e-05,2.27230889606e-06,0.000171143626613
1197,0.00249526797247,0.00263978917902,3.32331305334e-05,0.000160064599555,3.1038973807e-05,2.27552654127e-06,0.000173606679095
1198,0.00252848119159,0.00265388941088,3.32082334624e-05,0.000160925406777,3.11666220472e-05,2.27974546677e-06,0.000174679333026
1199,0.00256185236371,0.00266331091361,3.31827404567e-05,0.000161595501761,3.1163723644e-05,2.28498881737e-06,0.000174444540047
1200,0.00258680123362,0.00267045464289,3.31420737112e-05,0.000162131030054,3.11447549234e-05,2.28461214677e-06,0.000173454123767
1201,0.00260368185075,0.002673747741,3.30905714178e-05,0.000162419935467,3.11099888288e-05,2.28826026729e-06,0.000171907455237
1202,0.00261346022687,0.00267545795058,3.31220494142e-05,0.000162348186701,3.10347117079e-05,2.28926813486e-06,0.000169984668998
1203,0.00262329366154,0.00267492250951,3.31207390819e-05,0.000161935042209,3.08724473308e-05,2.28837186385e-06,0.000168179011708
1204,0.00262221426161,0.00267019323069,3.30843058649e-05,0.000161510647256,3.07481692948e-05,2.28081702442e-06,0.000167110044511
1205,0.00261274397992,0.00265760188476,3.31237992218e-05,0.000161150961784,3.07273103675e-05,2.27491745161e-06,0.000166346227644
1206,0.0026064995303,0.00264632296835,3.32079064091e-05,0.000160809951722,3.06972291497e-05,2.26799714686e-06,0.000165595019332
1207,0.00259844508701,0.0026305892932,3.32554260193e-05,0.000160422775517,3.07266786111e-05,2.2595516896e-06,0.000166334744269
1208,0.00259050064432,0.00261710920991,3.3325841707e-05,0.000160185037811,3.08404645542e-05,2.26157546429e-06,0.000168201769231
1209,0.00258505387826,0.00261030561267,3.34692757292e-05,0.000160205880008,3.10012128897e-05,2.26036913002e-06,0.000170060635218
1210,0.00257758901019,0.00260684220583,3.35698428355e-05,0.00016053135035,3.1150706759e-05,2.26024905165e-06,0.000171760510263
1211,0.00256932079322,0.00260794497015,3.36116506634e-05,0.000161350339557,3.13665128643e-05,2.26216049538e-06,0.000173777016726
1212,0.00255328105229,0.00260305225557,3.35855146166e-05,0.000162454890915,3.15369705909e-05,2.2688567125e-06,0.000175500624964
1213,0.00253256585348,0.00259481259466,3.36388418881e-05,0.000163575027455,3.16245529961e-05,2.27464323203e-06,0.000176794403281
1214,0.00250996594516,0.00259147726663,3.36320039378e-05,0.000164387033128,3.16634494492e-05,2.28070861986e-06,0.000176494233224
1215,0.00248679739217,0.00259212329179,3.34806222112e-05,0.000164869466156,3.15919094313e-05,2.27978889962e-06,0.000175238879652
1216,0.00246733743086,0.00259885562623,3.3427412322e-05,0.0001652111159,3.15218253166e-05,2.27781509328e-06,0.000173396903257
1217,0.00245615262373,0.00260791944132,3.34381877148e-05,0.000165323997121,3.14186006249e-05,2.27679011939e-06,0.000170896947594
1218,0.00244550968213,0.00261662551461,3.3545053924e-05,0.000165107247193,3.11895428136e-05,2.27752287522e-06,0.000169325565073
1219,0.00243079663825,0.00262313308074,3.36273885511e-05,0.000164722474403,3.096874824e-05,2.2682076698e-06,0.000168523429948
1220,0.00242198698021,0.00262304790173,3.35965527619e-05,0.000164349763571,3.08190855025e-05,2.26488219313e-06,0.000167663662225
1221,0.00241129767162,0.00262346405548,3.36022303211e-05,0.000164061088969,3.07359792076e-05,2.26772045035e-06,0.000167807081118
1222,0.00240615304072,0.00262718333376,3.3700352308e-05,0.000163692208025,3.07106938169e-05,2.269793815e-06,0.000169104865831
1223,0.00241510141061,0.00264214373792,3.38459288169e-05,0.000163466047575,3.07769002865e-05,2.26914901712e-06,0.000170845128394
1224,0.00243644849045,0.00265986102564,3.38138981147e-05,0.000163278826161,3.08357286078e-05,2.26992262103e-06,0.000172063364209
1225,0.00246298632617,0.00268248658328,3.37441316665e-05,0.000163517145317,3.09310468711e-05,2.27118230451e-06,0.000173470364577
1226,0.00249307715654,0.00270730467453,3.36829196002e-05,0.000164266628516,3.10337705246e-05,2.27186610279e-06,0.000175013181496
1227,0.00252246129724,0.00272648275971,3.36534333879e-05,0.000165237845319,3.11158205044e-05,2.27403174779e-06,0.00017564820549
1228,0.0025517751166,0.00273889648686,3.35740869689e-05,0.000165922873189,3.11379900226e-05,2.28021913904e-06,0.000174988917182
1229,0.00258072297051,0.00274467005968,3.35049763997e-05,0.000166397345089,3.1146339342e-05,2.28449511865e-06,0.000174118944145
1230,0.00260427813899,0.00274885907805,3.3409336599e-05,0.000166640922913,3.1169035751e-05,2.28911979594e-06,0.000172725658417
1231,0.00262237199349,0.00275082111885,3.34014645202e-05,0.000166661283142,3.11539919748e-05,2.29554890475e-06,0.000171092760474
1232,0.00263535797245,0.00275013354424,3.34657139417e-05,0.000166357515932,3.10864696569e-05,2.30032461919e-06,0.000170080346116
1233,0.00264096229763,0.00274655841082,3.36299205516e-05,0.000166047550636,3.10328551415e-05,2.3024229931e-06,0.000169636827946
1234,0.00264323469346,0.00273840141033,3.37310248236e-05,0.000165665588651,3.10055734468e-05,2.29670837705e-06,0.000168989054641
1235,0.00264182654776,0.00271793287073,3.37851427948e-05,0.000165230527942,3.09931484699e-05,2.29073065011e-06,0.000168560418187
1236,0.00263460719381,0.00269560271786,3.38169623492e-05,0.000164703524445,3.09860877739e-05,2.28850795675e-06,0.000168872930329
1237,0.00262369998674,0.00267574491778,3.38755139727e-05,0.000164167410301,3.10913276049e-05,2.28343461951e-06,0.000169938118645
1238,0.00261602967275,0.00266072919782,3.39448024391e-05,0.00016403679686,3.11833927584e-05,2.27761968582e-06,0.000171479737121
1239,0.00261165781712,0.00265180198458,3.39679606178e-05,0.000164138835443,3.12741582252e-05,2.26549937339e-06,0.000172658074839
1240,0.00260169450575,0.0026450671303,3.3901893858e-05,0.000164604735889,3.13125763893e-05,2.26118001997e-06,0.000173651534163
1241,0.00258647837356,0.00264100514869,3.38892821211e-05,0.000165581815699,3.14202115332e-05,2.2611600988e-06,0.00017454400828
1242,0.00256391659405,0.00263207032588,3.38582608382e-05,0.00016664276049,3.15488891868e-05,2.26163662279e-06,0.000175419851069
1243,0.00253748199603,0.00262198579186,3.37155997977e-05,0.000167324221847,3.16559098957e-05,2.26770598126e-06,0.000175483699208
1244,0.00251170542093,0.00261940436836,3.35859099513e-05,0.000167843643348,3.16752700066e-05,2.27766005867e-06,0.000174461680539
1245,0.00249621977343,0.00262949236573,3.35524610171e-05,0.000168218028881,3.16855673486e-05,2.27806537018e-06,0.000172660203414
1246,0.00248677632541,0.00264594421894,3.35555447676e-05,0.000168339156132,3.15879189161e-05,2.27774185353e-06,0.000170537180556
1247,0.00247773509884,0.00265714493254,3.36585833542e-05,0.000168105110813,3.14795685575e-05,2.27542788264e-06,0.000169036420213
1248,0.00246444577771,0.00266214865157,3.37426697512e-05,0.000167680719128,3.13105876853e-05,2.27034773646e-06,0.000168026989912
1249,0.00245229233447,0.00266681316441,3.37468426291e-05,0.000167133220336,3.11952767733e-05,2.27029974698e-06,0.000167473984606
1250,0.00243840719267,0.00267009948942,3.37454833583e-05,0.000166601037693,3.11049145774e-05,2.27262695613e-06,0.000167790997066
1251,0.00242563991733,0.00267088940213,3.37997050528e-05,0.000166062874469,3.10833468783e-05,2.27137979857e-06,0.000168830161312
1252,0.00242016134759,0.00267618888307,3.38020884648e-05,0.000165521541746,3.10373076375e-05,2.26607649334e-06,0.000170465222662
1253,0.00242389997329,0.00269170871576,3.37627458862e-05,0.000165285837106,3.10319037284e-05,2.26110657641e-06,0.000171527830177
1254,0.00243743041909,0.00270972205961,3.37228355601e-05,0.000165519037544,3.09747268487e-05,2.25542711076e-06,0.000171904378125
1255,0.00246271801122,0.00273360720079,3.36554238834e-05,0.000166060848828,3.09783372692e-05,2.25678417778e-06,0.000172388816764
1256,0.0024885625848,0.00275561714752,3.35405927423e-05,0.000166842522291,3.10016244456e-05,2.25757179168e-06,0.000173082154605
1257,0.00251640808552,0.00277091272445,3.3455647957e-05,0.000167565017537,3.10416693702e-05,2.26187875812e-06,0.000173112430497
1258,0.00254677131155,0.00278153443199,3.34075905422e-05,0.000167987999512,3.10485912231e-05,2.26913110865e-06,0.000172348555186
1259,0.00257484742007,0.00278782298505,3.33210132784e-05,0.000168196415118,3.11381077597e-05,2.28070635143e-06,0.000171055981045
1260,0.00259843613084,0.0027898723713,3.33060227789e-05,0.000168226040413,3.11616991975e-05,2.28873235604e-06,0.000170055098933
1261,0.00261674470292,0.00279005363577,3.34336380493e-05,0.000168101097145,3.11707151929e-05,2.29394235147e-06,0.000169581356778
1262,0.00262766184939,0.00278431676559,3.3547425518e-05,0.000167744512604,3.11980338722e-05,2.2928630978e-06,0.000169251733417
1263,0.002638498252,0.00277439391869,3.36413314949e-05,0.000167055140473,3.11956283715e-05,2.29068304305e-06,0.000168787739504
1264,0.00264399212267,0.0027584316552,3.36515228694e-05,0.000166172783152,3.11795576015e-05,2.28694115117e-06,0.000168633571422
1265,0.00263954407903,0.00273401162219,3.36048988771e-05,0.000165228984977,3.12513073751e-05,2.28667691912e-06,0.000168315068836
1266,0.00262720677821,0.00270657698714,3.36188302259e-05,0.000164527087271,3.1253715362e-05,2.28327196351e-06,0.00016885609543
1267,0.00261741642962,0.0026861610329,3.36693761274e-05,0.000164101123466,3.12806910845e-05,2.26983348034e-06,0.000169838771576
1268,0.00260705854568,0.00267113006974,3.36400566007e-05,0.000164083574971,3.12802075163e-05,2.25653374134e-06,0.000170947599796
1269,0.0026024649938,0.0026619098049,3.35822830921e-05,0.000164424256627,3.12383039568e-05,2.25006097714e-06,0.00017171829352
1270,0.0025903188072,0.00265182952641,3.3602154462e-05,0.00016520869845,3.1216679421e-05,2.24302354791e-06,0.000172111303275
1271,0.00257247102367,0.0026431031267,3.35408545981e-05,0.000166231641937,3.13222686894e-05,2.24484171629e-06,0.000172606434
1272,0.00254675666235,0.00263491805306,3.34273152159e-05,0.00016698299249,3.1436668912e-05,2.25816013312e-06,0.00017274305151
1273,0.00252221114883,0.00263422894308,3.34251043026e-05,0.000167518020554,3.16238311358e-05,2.2748595847e-06,0.000172690934373
1274,0.00250512713107,0.00264496432518,3.3451168953e-05,0.000167782921119,3.16486527874e-05,2.28283079424e-06,0.000171851645448
1275,0.00249556839962,0.00265769554772,3.34446243458e-05,0.000167747609868,3.16189131127e-05,2.28112734884e-06,0.000170155659012
1276,0.00248747704453,0.00266931409557,3.35165879665e-05,0.000167605905849,3.15336269847e-05,2.27973254719e-06,0.000169043260789
1277,0.0024776322458,0.00267868963725,3.36263651033e-05,0.000167290804739,3.14592818935e-05,2.28208469271e-06,0.000168603547603
1278,0.00246138538594,0.00268759222488,3.37442602884e-05,0.00016678470608,3.13299486099e-05,2.28467579103e-06,0.00016867379193
1279,0.00244316927938,0.00269307144569,3.37823315404e-05,0.000166224914613,3.12519898883e-05,2.29005144981e-06,0.000169204079983
1280,0.00242515301851,0.00270059312654,3.37742043578e-05,0.000165695860553,3.12114127701e-05,2.29098522041e-06,0.000170441594163
1281,0.00240407176412,0.00270278825021,3.37275983689e-05,0.000165019878981,3.11295462918e-05,2.28385268653e-06,0.000171223781078
1282,0.00238918693263,0.00270756819089,3.36110991763e-05,0.000164517013902,3.10036355467e-05,2.26525541158e-06,0.000171430220415
1283,0.00239066851832,0.00272005171909,3.3460062716e-05,0.000164314850695,3.09288972242e-05,2.25472374721e-06,0.000170921684273
1284,0.00240226311919,0.00273855329953,3.33283391932e-05,0.000164399114813,3.07881113315e-05,2.24931201153e-06,0.000170438752397
1285,0.00242198786009,0.00275420220391,3.31996089713e-05,0.000164790040684,3.07223630033e-05,2.25197030965e-06,0.000170128063539
1286,0.00244699556527,0.00276540708892,3.3132953341e-05,0.000165269660261,3.07698516374e-05,2.25885693766e-06,0.000170582295246
1287,0.00247695484274,0.00277403095766,3.31041697155e-05,0.000165571910701,3.08456456923e-05,2.26774545369e-06,0.000170265966235
1288,0.00250888459687,0.00278387001015,3.30190519144e-05,0.000165609580338,3.09297325444e-05,2.2772938866e-06,0.000169555864213
1289,0.00253861738613,0.00278890743937,3.30217185612e-05,0.000165474610223,3.10145056859e-05,2.28864413394e-06,0.00016878288889
1290,0.00256354020974,0.00279181836654,3.31230313471e-05,0.000165321546318,3.1086822055e-05,2.29257892394e-06,0.000168175245522
1291,0.00258013507154,0.0027873138476,3.32369741174e-05,0.000164951324037,3.11168899845e-05,2.2923700072e-06,0.000167678140582
1292,0.00259341909313,0.00277387259584,3.33010307857e-05,0.000164286704732,3.11482705372e-05,2.29433769438e-06,0.000168024739952
1293,0.00260090424944,0.0027565399539,3.34270176286e-05,0.00016358777613,3.11792145784e-05,2.29690261066e-06,0.000168426751802
1294,0.00260310908913,0.00273926577563,3.34038307747e-05,0.000162936363985,3.12246608176e-05,2.29518635407e-06,0.000168040535068
1295,0.00259823245012,0.00271864523168,3.33724462727e-05,0.000162340519543,3.12813399007e-05,2.29038677736e-06,0.000167774325436
1296,0.00258695834315,0.00269441650507,3.33480714893e-05,0.000161901603468,3.12378301529e-05,2.28186050926e-06,0.000168487290302
1297,0.00257452031511,0.00267690767698,3.33456049777e-05,0.000161848215165,3.11760516446e-05,2.26288560797e-06,0.000169395958021
1298,0.00256540591043,0.00266255113621,3.32609952845e-05,0.000162164444646,3.10644907953e-05,2.2438314407e-06,0.00016945675518
1299,0.00255552404213,0.00265130313621,3.3183100158e-05,0.000162707269801,3.09796407306e-05,2.23935361251e-06,0.000169035305813
1300,0.00254249585274,0.00263966542457,3.31249857693e-05,0.000163449200038,3.10075898004e-05,2.24373847554e-06,0.000168818476324
1301,0.00252632438361,0.00263452116066,3.31107534208e-05,0.000164281788542,3.11947376293e-05,2.25436616625e-06,0.000168979684396
1302,0.0025052554323,0.00263413918738,3.31245866169e-05,0.000164886695117,3.13883847106e-05,2.2698280651e-06,0.00016938410147
1303,0.00249085468917,0.00263464579044,3.31463970966e-05,0.000165120041469,3.15248812171e-05,2.28617128842e-06,0.000169283784022
1304,0.00247866025493,0.00264375699111,3.32378265352e-05,0.000165168110002,3.152252128e-05,2.29237985245e-06,0.000168854951897
1305,0.00247218364387,0.00265745979945,3.33125979033e-05,0.000165106269873,3.14862341187e-05,2.29060651214e-06,0.000168496581209
1306,0.00246135959792,0.00266983964622,3.33762806033e-05,0.000164743398144,3.14023672744e-05,2.28695714463e-06,0.00016866636511
1307,0.00244589791392,0.00268186729613,3.33947319771e-05,0.000164072174588,3.14085085455e-05,2.28720027654e-06,0.000168840160343
1308,0.00242649242559,0.00269028245386,3.34296172926e-05,0.000163318962352,3.13458285025e-05,2.29277915487e-06,0.000169464058634
1309,0.00240003929951,0.00269490901231,3.34114021355e-05,0.000162519042726,3.12463709622e-05,2.29419402544e-06,0.00016997714376
1310,0.00237494534729,0.00270017295205,3.33554842758e-05,0.000161785970694,3.11617407607e-05,2.28226897031e-06,0.000170187564433
1311,0.00235124007024,0.00270459565056,3.31744863572e-05,0.000161294575369,3.09777944831e-05,2.27072031871e-06,0.000169762362937
1312,0.00234153778188,0.00270710858813,3.30908344802e-05,0.000161076194483,3.07827946539e-05,2.25805298485e-06,0.000169117447811
1313,0.00234248582201,0.00271754049429,3.29681184344e-05,0.000161046571536,3.06464828641e-05,2.25007922239e-06,0.00016847429648
1314,0.00235500489934,0.00272796244866,3.28472393611e-05,0.00016117547182,3.05263952594e-05,2.24683069211e-06,0.000168119525298
1315,0.00237886805067,0.0027396385716,3.26992081633e-05,0.000161254403786,3.04954355575e-05,2.25554668601e-06,0.000167897564812
1316,0.00240660443069,0.00275182321132,3.26525605879e-05,0.000161477357929,3.06392706353e-05,2.26759455137e-06,0.000168138237019
1317,0.00243606955097,0.00275862118583,3.26671123425e-05,0.000161625938917,3.07500468203e-05,2.27809644839e-06,0.000168389443757
1318,0.00246883120863,0.00276432102162,3.27409982877e-05,0.000161665418163,3.08844809191e-05,2.288908202e-06,0.000168324880817
1319,0.0025002243175,0.00277091944797,3.28281488361e-05,0.00016167051651,3.09990990109e-05,2.29620521796e-06,0.000168199365357
1320,0.00252522740737,0.00277311628211,3.28903254593e-05,0.000161522806959,3.10393077275e-05,2.29971337078e-06,0.000167630045803
1321,0.00254519754945,0.00276288233157,3.29752816901e-05,0.000161070348667,3.10889084343e-05,2.30362711306e-06,0.000167822616744
1322,0.00255620521828,0.00275035950426,3.30386788064e-05,0.000160350172208,3.11985982037e-05,2.30171417788e-06,0.000168208805967
1323,0.00256219414559,0.00273602625562,3.30457007979e-05,0.000159484602693,3.11867927341e-05,2.29576988806e-06,0.000168032231049
1324,0.00256366964497,0.00271901833104,3.29868621958e-05,0.000158632772992,3.1226019158e-05,2.28934036104e-06,0.000167789088052
1325,0.00255957083886,0.00269947251558,3.29156426338e-05,0.000158104072815,3.12285026595e-05,2.2809782277e-06,0.000167868120626
1326,0.00254551019919,0.00267739345904,3.28800466686e-05,0.000157935685824,3.10508698068e-05,2.26304845558e-06,0.000167998995212
1327,0.00253524621409,0.00266008355807,3.2816686588e-05,0.000157984079862,3.09403992194e-05,2.24865095448e-06,0.000167230592276
1328,0.00252502268897,0.00264543829084,3.26459395546e-05,0.000158313165884,3.09127514147e-05,2.23630481226e-06,0.000166469142403
1329,0.00251322775031,0.0026364348392,3.2508047162e-05,0.000158887389257,3.08838098345e-05,2.23292581686e-06,0.000165802868016
1330,0.00250252542462,0.00263436156554,3.24699089696e-05,0.000159320473254,3.09662483686e-05,2.23858641166e-06,0.000165263332814
1331,0.00249004401092,0.00262851114211,3.24468586488e-05,0.000159716115281,3.11900584186e-05,2.24980913996e-06,0.000165494249618
1332,0.00247513118013,0.00262506418623,3.25076238698e-05,0.000159894231618,3.13621246154e-05,2.26106339864e-06,0.000166148764103
1333,0.0024612271083,0.00262425538611,3.25443127703e-05,0.000159902128803,3.14934921124e-05,2.27556697704e-06,0.000166778126753
1334,0.00245267028812,0.00263611799993,3.26544930217e-05,0.000159740514913,3.15138314297e-05,2.2828041296e-06,0.00016718740844
1335,0.00244327148839,0.00265228716903,3.27468913131e-05,0.000159446593516,3.14309587406e-05,2.28018703853e-06,0.000167677215291
1336,0.00243120281498,0.00266329044161,3.28403922982e-05,0.000159118981888,3.14178670678e-05,2.28363099075e-06,0.000168497697626
1337,0.0024139525488,0.00267414431826,3.29395964307e-05,0.000158507120719,3.1389577222e-05,2.27853614715e-06,0.000169014232382
1338,0.00238629375276,0.00268110153321,3.28570580735e-05,0.000157726618898,3.12963470444e-05,2.27277118244e-06,0.000168993530466
1339,0.00235128822687,0.00268612195653,3.27486040095e-05,0.000157101551166,3.11251389848e-05,2.26752418087e-06,0.000168776260821
1340,0.00232656345172,0.0026925643628,3.26204172023e-05,0.00015663499569,3.09673315414e-05,2.26138704999e-06,0.00016808187305
1341,0.00230619289251,0.00269549721397,3.25292821635e-05,0.000156173165042,3.07202465413e-05,2.24751042041e-06,0.00016682937212
1342,0.00229831056977,0.00269643557165,3.23578120846e-05,0.000156065473634,3.05046620154e-05,2.23680199069e-06,0.000166059333773
1343,0.00230207705682,0.00270001169382,3.21959735782e-05,0.000156141409721,3.03956572756e-05,2.23507773513e-06,0.000165734395578
1344,0.00231717304907,0.00270673358193,3.21016101642e-05,0.000156352599995,3.03699964384e-05,2.24274121577e-06,0.000165670224986
1345,0.00234230078179,0.00272018221647,3.21804412878e-05,0.000156682648971,3.040748247e-05,2.25461061759e-06,0.000166307302317
1346,0.00237266105989,0.00273052242092,3.22349949452e-05,0.000157014835069,3.06257163097e-05,2.26942476003e-06,0.000167350099383
1347,0.00240334545302,0.00273904078845,3.23401420503e-05,0.000157282696684,3.08023554052e-05,2.28270530026e-06,0.000168089675948
1348,0.00243933682105,0.00274522343259,3.24277538757e-05,0.000157410656994,3.08969912013e-05,2.29189758827e-06,0.000168976551207
1349,0.00247199179028,0.00275093007887,3.2540305591e-05,0.00015734703331,3.1021399875e-05,2.29852667806e-06,0.000169435552073
1350,0.00250118585416,0.00274995531299,3.25698797183e-05,0.000156965753701,3.10839612968e-05,2.30107003439e-06,0.00016884479224
1351,0.00251650698353,0.00274079749991,3.26290367679e-05,0.000156269908428,3.11266960401e-05,2.29665289334e-06,0.000168866485866
1352,0.0025254516522,0.00272548224732,3.26404699514e-05,0.000155551323916,3.11845447733e-05,2.29187738659e-06,0.000168682066696
1353,0.00252644277266,0.00270886471705,3.26482839767e-05,0.00015502018431,3.11439545627e-05,2.28783772873e-06,0.000168681594389
1354,0.00252222412857,0.0026942569326,3.26314037207e-05,0.000154677930167,3.10240548976e-05,2.27931633136e-06,0.000168470374282
1355,0.00251510161743,0.00267452937605,3.24946617592e-05,0.000154439207096,3.09511784481e-05,2.26973404271e-06,0.000167636465033
1356,0.00250487542563,0.00265178357067,3.2403370424e-05,0.00015439918832,3.08375047941e-05,2.26028505939e-06,0.000166610689614
1357,0.0024967799466,0.00263621078639,3.23434347086e-05,0.000154620840281,3.07333838827e-05,2.25243078234e-06,0.00016578729195
1358,0.00248683844361,0.0026290930402,3.22741413184e-05,0.000155014984399,3.08302180493e-05,2.24396824611e-06,0.00016522615455
1359,0.00248246928686,0.00262450538514,3.21839530734e-05,0.000155339026908,3.08334964191e-05,2.24011975934e-06,0.000164592728273
1360,0.00247437585481,0.00262432469348,3.21918839632e-05,0.000155574059084,3.09526569802e-05,2.2477145212e-06,0.000164679529076
1361,0.00246655131884,0.00262351975607,3.2277137795e-05,0.000155853082946,3.11947467361e-05,2.25985459633e-06,0.000165644334979
1362,0.00245369960955,0.00261793982511,3.23304301409e-05,0.000155906841057,3.13888828427e-05,2.27274757178e-06,0.000166830932726
1363,0.00244181764765,0.00262136942031,3.23226812537e-05,0.00015581138875,3.14596096833e-05,2.28582458607e-06,0.0001682388989
1364,0.00243202916389,0.00263198595566,3.24688330155e-05,0.000155811689553,3.1535812797e-05,2.29573214515e-06,0.000169748784272
1365,0.0024231825801,0.00264633829431,3.2631335475e-05,0.000155681033735,3.14397710938e-05,2.29280465431e-06,0.000170552853501
1366,0.00240254221433,0.00265943743449,3.2663555055e-05,0.000155229718641,3.1363642479e-05,2.28071715922e-06,0.000170627251118
1367,0.00237165961179,0.00267142177166,3.25888562685e-05,0.000154551636039,3.12563617885e-05,2.26520422607e-06,0.000170111746461
1368,0.0023395322281,0.00267808923339,3.24423078568e-05,0.000153680266795,3.11178413237e-05,2.26297082565e-06,0.000169329927184
1369,0.00230979770149,0.00268262581895,3.23190271652e-05,0.000152961524471,3.08585676212e-05,2.25755627755e-06,0.00016809002776
1370,0.00228532927244,0.00268032381954,3.21566189391e-05,0.000152531192177,3.06605361714e-05,2.25015928701e-06,0.000166508833488
1371,0.00226737595108,0.00267852347702,3.19851747543e-05,0.000152338120211,3.04477986424e-05,2.24417954553e-06,0.000165289871709
1372,0.00226122224914,0.0026784283479,3.1876804653e-05,0.000152320435037,3.03271789248e-05,2.2437541877e-06,0.000164761973527
1373,0.00226749271702,0.00268493012365,3.18767263225e-05,0.000152496592715,3.02706788757e-05,2.24249365669e-06,0.000164788581498
1374,0.00228596263281,0.00269169562138,3.18599402388e-05,0.000152730892694,3.0320569335e-05,2.24827187479e-06,0.00016494759052
1375,0.0023164986747,0.00269832407987,3.18748535023e-05,0.000153057744123,3.04935267013e-05,2.25921948581e-06,0.000166013767752
1376,0.00234970287921,0.00270849250152,3.19188845273e-05,0.000153385880916,3.07170806196e-05,2.27439323903e-06,0.000167252397293
1377,0.00238692055818,0.0027171691893,3.20338073221e-05,0.000153537105304,3.08540443339e-05,2.28797966889e-06,0.000168933562178
1378,0.00242331759665,0.00272282475279,3.21328372131e-05,0.000153488312743,3.09800625792e-05,2.29286235803e-06,0.000170079002675
1379,0.00245376182097,0.00272538227003,3.21683043589e-05,0.000153158562019,3.11173689916e-05,2.29855369184e-06,0.000170066262931
1380,0.00247905347407,0.00271896462185,3.22322568852e-05,0.000152633870499,3.11188234421e-05,2.29637806771e-06,0.000169328232542
1381,0.0024901741163,0.00270741783281,3.22877230721e-05,0.000152030066472,3.10896927878e-05,2.28909572577e-06,0.000169089476502
1382,0.00249854671901,0.00269477472416,3.22772230651e-05,0.000151478945057,3.10672016848e-05,2.28128819195e-06,0.000168772243041
1383,0.00249577797242,0.00267782984893,3.22201832739e-05,0.000151040003296,3.09736978857e-05,2.27613974439e-06,0.000168065613461
1384,0.00249267206306,0.00266194757532,3.21711956739e-05,0.000150905716191,3.08159948446e-05,2.27631946155e-06,0.000167587968906
1385,0.00248925714687,0.00264307383872,3.21275861153e-05,0.000151055957509,3.07183523112e-05,2.27337361852e-06,0.000166832674048
1386,0.0024831593736,0.00262661713983,3.20330095848e-05,0.000151236212565,3.07377874398e-05,2.26195118887e-06,0.000165644037493
1387,0.00247646583754,0.00261625298188,3.19392677975e-05,0.000151445192573,3.07189011331e-05,2.25717994961e-06,0.000165229871254
1388,0.00247299758887,0.00261266373246,3.19594579832e-05,0.000151659216942,3.07981562761e-05,2.25092848035e-06,0.000165136275505
1389,0.00247319991329,0.00261038188816,3.19692591942e-05,0.000151922793571,3.08650963828e-05,2.2460027246e-06,0.000165387584436
1390,0.0024698810661,0.00260515677206,3.19946012298e-05,0.00015232780785,3.10313528055e-05,2.2515682682e-06,0.000166431293
1391,0.00245865716784,0.00260350176002,3.19862273331e-05,0.000152613965251,3.1248160396e-05,2.27002809377e-06,0.00016807543658
1392,0.00244082519736,0.00260359019084,3.20789651119e-05,0.000152827080172,3.1499068532e-05,2.29174711594e-06,0.000170004845671
1393,0.00242821932166,0.00261032262988,3.22328734226e-05,0.000152699486906,3.15416487659e-05,2.2956835001e-06,0.000171849380868
1394,0.00241319336607,0.00262083489671,3.22738196575e-05,0.000152409466724,3.1539561802e-05,2.29413423565e-06,0.000172929950132
1395,0.00239050236813,0.00263341154668,3.22498037883e-05,0.000151794493623,3.13846482343e-05,2.27924635118e-06,0.000172369373492
1396,0.00236139445724,0.00264583855423,3.21890473912e-05,0.000151159873963,3.12283947685e-05,2.26754266103e-06,0.000171175522216
1397,0.0023320839192,0.00265314192673,3.21615723917e-05,0.00015039412868,3.10091676404e-05,2.25773268493e-06,0.000169767717845
1398,0.00230339248268,0.00265661424516,3.2026951692e-05,0.000149735739761,3.07898846151e-05,2.25171212755e-06,0.000168168388833
1399,0.0022750928586,0.00265643030983,3.18823290382e-05,0.000149387621718,3.05394540748e-05,2.25296454222e-06,0.000167333001283
1400,0.00225702615848,0.00265594746121,3.17674137228e-05,0.000149277986086,3.03959776363e-05,2.25977494355e-06,0.000166376047737
1401,0.00224536935044,0.00265984703158,3.1743655793e-05,0.000149309332253,3.02981805853e-05,2.25956712005e-06,0.00016616083802
1402,0.00224500531719,0.00266272912163,3.17849576365e-05,0.000149452934623,3.02540303219e-05,2.25673957302e-06,0.000166360179362
1403,0.00225781640196,0.00266662930164,3.1808077428e-05,0.000149696279126,3.02744253313e-05,2.25416321551e-06,0.000166628424765
1404,0.00228281938887,0.00267377659081,3.17598139873e-05,0.000150001047297,3.04008386688e-05,2.25947184705e-06,0.000167090912179
1405,0.00231487594359,0.00268290213513,3.17672813059e-05,0.00015020277481,3.05891572581e-05,2.26749154979e-06,0.000168731664802
1406,0.0023463680931,0.00269250543138,3.17870468141e-05,0.000150283235781,3.07698729733e-05,2.2796969968e-06,0.000170591868678
1407,0.00238058105683,0.00269984711676,3.18265409821e-05,0.000150163266531,3.0963469513e-05,2.28934183431e-06,0.000171598138888
1408,0.00241248280802,0.00269748854332,3.18716431032e-05,0.000149900541145,3.10463565552e-05,2.28766526347e-06,0.000171612570762
1409,0.00243968072498,0.00268928929947,3.18754022843e-05,0.00014949746151,3.11107633727e-05,2.28216664052e-06,0.000171064622805
1410,0.00246041070763,0.00268151815641,3.18580027545e-05,0.00014890379211,3.10742980097e-05,2.27427127064e-06,0.000169416348422
1411,0.00246673594266,0.00266943884571,3.18399207273e-05,0.00014831529102,3.08728874132e-05,2.26062860717e-06,0.000168236815553
1412,0.00246663312046,0.00265325923293,3.17633175087e-05,0.000147750684873,3.08304961429e-05,2.25253808884e-06,0.000166950531689
1413,0.00246636804362,0.00263473805893,3.16300662376e-05,0.000147232380655,3.07769014533e-05,2.25412285534e-06,0.000165652589034
1414,0.00246322878937,0.00262065992579,3.15340906081e-05,0.000146989367524,3.07026985263e-05,2.25536101327e-06,0.000164720094874
1415,0.00245972802957,0.00260400913469,3.14448257063e-05,0.000147012140767,3.06664396882e-05,2.2509810801e-06,0.000163871110634
1416,0.00245936761285,0.00259100585864,3.13841528881e-05,0.000147015724595,3.07321203865e-05,2.2472870903e-06,0.000163111279129
1417,0.00245767983962,0.00258009522541,3.14149220875e-05,0.000146982269076,3.0753481051e-05,2.2379788992e-06,0.000163261871287
1418,0.00246121266728,0.00257304163451,3.14036298189e-05,0.000147026605476,3.08003292714e-05,2.23275577434e-06,0.000164012063352
1419,0.00246322099426,0.00256556101178,3.13971054738e-05,0.000147221196914,3.09725931238e-05,2.23926541811e-06,0.000165256121278
1420,0.00245364667968,0.00256469227843,3.14487340199e-05,0.000147488867695,3.11824443465e-05,2.25031270189e-06,0.000167153235011
1421,0.00243848540726,0.00256733094908,3.15075002011e-05,0.000147720884503,3.14147704375e-05,2.26788207191e-06,0.000169573847631
1422,0.00241899964228,0.00257028526956,3.16078710011e-05,0.000147776750212,3.15818102031e-05,2.27740857833e-06,0.000171934579256
1423,0.00239720847766,0.00257741645114,3.15613488856e-05,0.000147515094358,3.15544525914e-05,2.27288894343e-06,0.000172991898921
1424,0.00237491382929,0.0025827840707,3.15737973096e-05,0.000147279542553,3.14096018056e-05,2.26327978797e-06,0.000172488051364
1425,0.00234975059511,0.00259090180166,3.16206547202e-05,0.000146851090161,3.11921707209e-05,2.24860739624e-06,0.00017073127266
1426,0.0023229588523,0.00260052853588,3.15313704488e-05,0.000146178851348,3.09244866643e-05,2.2353068002e-06,0.000168472420796
1427,0.00229245347228,0.00260486153263,3.1397193035e-05,0.000145576466065,3.06741136416e-05,2.22636652338e-06,0.000166669078314
1428,0.00226606972495,0.00260609714132,3.12589813622e-05,0.000145069390678,3.04773782942e-05,2.22951678345e-06,0.000164993106625
1429,0.00224452913248,0.00261019259858,3.11090702394e-05,0.000144660563371,3.0332422096e-05,2.23614337985e-06,0.000163610563357
1430,0.00222506526126,0.00261243709894,3.10302442931e-05,0.00014457356938,3.02456476244e-05,2.23368213523e-06,0.000163509535601
1431,0.00221700064953,0.00261672111612,3.1030356843e-05,0.000144678291635,3.02578127034e-05,2.23535777427e-06,0.000163531495397
1432,0.00222015164836,0.00261937570669,3.10750736565e-05,0.000144876727947,3.03024769483e-05,2.23310638618e-06,0.000163707102399
1433,0.00223773205765,0.00262268221429,3.10583216625e-05,0.00014504161339,3.0391866363e-05,2.23568737004e-06,0.000164638978786
1434,0.00226797823496,0.00263223562196,3.11062991292e-05,0.000145260818412,3.05327887116e-05,2.24179278767e-06,0.000166333860438
1435,0.00230181941836,0.00264060059875,3.11143023173e-05,0.00014543192371,3.0752753502e-05,2.25266839327e-06,0.000168039781016
1436,0.0023346269591,0.00264739679915,3.11708403915e-05,0.000145474274971,3.09183128325e-05,2.26511654299e-06,0.00016942937726
1437,0.00236474826319,0.00264963287879,3.12639968074e-05,0.000145277070652,3.10465616866e-05,2.26810793966e-06,0.000170482441107
1438,0.00239571393822,0.00264306406555,3.12775854831e-05,0.000144945997099,3.10687831743e-05,2.26220444704e-06,0.000169830724721
1439,0.00242007415785,0.00263320615346,3.12736481682e-05,0.00014458571387,3.09709458007e-05,2.25495296498e-06,0.000168383874437
1440,0.00243481273965,0.00262368177776,3.12803492039e-05,0.000144154825285,3.08963890113e-05,2.25046195082e-06,0.000166682253403
1441,0.00244520320866,0.00261519884811,3.12791864465e-05,0.000143790361764,3.07155846748e-05,2.24418861153e-06,0.000165465574679
1442,0.00244890823166,0.0026018854746,3.11776847346e-05,0.000143463420434,3.06655939945e-05,2.24125482259e-06,0.000164364984131
1443,0.00245199406636,0.00258914255039,3.10522301543e-05,0.000143209536135,3.0733606446e-05,2.24502769328e-06,0.000162925199246
1444,0.00245401125881,0.00257727132597,3.1027206934e-05,0.000143170537316,3.07230018526e-05,2.24851880669e-06,0.000162249725851
1445,0.00245375053871,0.00255987855822,3.10753792509e-05,0.000143244630525,3.07317123951e-05,2.24694632844e-06,0.000161855778259
1446,0.00245658470263,0.00254580147218,3.11766703898e-05,0.000143322233531,3.08254253671e-05,2.24606588927e-06,0.000162506080061
1447,0.00246379898979,0.0025315574974,3.12520406046e-05,0.000143410546473,3.09320726189e-05,2.24636554792e-06,0.000163592885396
1448,0.0024654578821,0.00252755067157,3.13467445255e-05,0.000143574304156,3.10268327093e-05,2.24779740115e-06,0.000165420573563
1449,0.0024633409612,0.00252724212793,3.14512381473e-05,0.000143990261429,3.12523339865e-05,2.25739972913e-06,0.000167603210843
1450,0.00244831989133,0.00253122797035,3.15578255412e-05,0.000144503706934,3.14374129901e-05,2.26745032156e-06,0.000170138884405
1451,0.00242134891888,0.00253341656703,3.15853017592e-05,0.000144839288992,3.15546803536e-05,2.27251759398e-06,0.000172141099224
1452,0.00239146183039,0.00253446067973,3.15450995516e-05,0.000145049396346,3.16046163258e-05,2.27518299846e-06,0.000173297720653
1453,0.00236545263438,0.00253696697582,3.15569869802e-05,0.000144925944613,3.14961337606e-05,2.26920635066e-06,0.000172965158705
1454,0.00234323910358,0.00253977439496,3.15305433609e-05,0.000144601134259,3.11971814673e-05,2.25355146581e-06,0.000171344270969
1455,0.00231872347236,0.00254393120606,3.14522291131e-05,0.000144038668963,3.09590689886e-05,2.23845083842e-06,0.000168925230946
1456,0.00229349644588,0.00254726129536,3.13191280554e-05,0.000143556687331,3.0680746924e-05,2.22995563571e-06,0.000166809683292
1457,0.00226774830398,0.00255383804067,3.11767060924e-05,0.000143068743485,3.05136816569e-05,2.22973839845e-06,0.000165204884677
1458,0.00224469360496,0.00255673161344,3.11233555224e-05,0.000142820221872,3.03932347707e-05,2.2348408379e-06,0.000164305869309
1459,0.00222526216076,0.00256366492293,3.1134991561e-05,0.000142692241709,3.03213024473e-05,2.24239283406e-06,0.000163865044422
1460,0.00221250848959,0.00257344899524,3.11706179248e-05,0.000142707267614,3.03836180199e-05,2.24444123411e-06,0.000163872830749
1461,0.00221384234622,0.0025790199483,3.12037811879e-05,0.000142732820714,3.04963163123e-05,2.24928514215e-06,0.000164235882629
1462,0.00222163068897,0.00258328555199,3.12905802747e-05,0.000142882878463,3.05669528208e-05,2.25323570725e-06,0.000165707682943
1463,0.00224609956558,0.00259061924272,3.13261268354e-05,0.000143056479509,3.06953984127e-05,2.25248699035e-06,0.000167582179447
1464,0.00227260119948,0.00259769364839,3.13587617095e-05,0.000143278656572,3.08579209989e-05,2.25445725511e-06,0.000168951884313
1465,0.00230352716305,0.00260140604742,3.13163438091e-05,0.000143575388227,3.09939230084e-05,2.26366694548e-06,0.000170184979608
1466,0.00233390003181,0.00260334134361,3.13531710855e-05,0.000143752211874,3.10846458927e-05,2.26611695406e-06,0.00017128900795
1467,0.00236481761903,0.0026030166833,3.1331907842e-05,0.000143679999539,3.11116594863e-05,2.26035040617e-06,0.000170969792796
1468,0.00238996349339,0.00259223651579,3.12614931271e-05,0.000143459822747,3.10560053722e-05,2.2555294767e-06,0.000169151344182
1469,0.00241039669011,0.00258204514197,3.11885054792e-05,0.000143325675344,3.09091285466e-05,2.24876907046e-06,0.000167627753711
1470,0.00242739648007,0.00257575506126,3.11313222315e-05,0.000143079506725,3.08407398276e-05,2.24462461377e-06,0.000165940326768
1471,0.00244027697781,0.00257049570574,3.10637182892e-05,0.000142773484344,3.07618297013e-05,2.2406204752e-06,0.000164065390958
1472,0.00244820025656,0.00256396344457,3.10059852995e-05,0.00014254020051,3.07121353058e-05,2.24330821325e-06,0.000162728965535
1473,0.00245270091794,0.00254560261213,3.10880870209e-05,0.000142375337925,3.08272363897e-05,2.25093626709e-06,0.000162125784017
1474,0.00245456027732,0.00252589949704,3.12421266434e-05,0.000142320758009,3.08866901331e-05,2.25801045185e-06,0.000162149674631
1475,0.00245839115248,0.00250795704835,3.13120755093e-05,0.000142330898524,3.09901621871e-05,2.26106156099e-06,0.000162951094009
1476,0.00246493496852,0.00249710333002,3.14318808106e-05,0.000142496591717,3.11332647761e-05,2.26756150214e-06,0.000164730964474
1477,0.00247002428301,0.00249331362112,3.155906565e-05,0.000142732857824,3.13236479036e-05,2.27100229283e-06,0.000166232640036
1478,0.00246877793329,0.00249739077708,3.16586164204e-05,0.000143093775014,3.14137903062e-05,2.26476217618e-06,0.000168941876379
1479,0.0024537565865,0.00250263921501,3.16323099658e-05,0.000143507215412,3.15689845934e-05,2.26646117066e-06,0.000171084819734
1480,0.00242697351999,0.00249865225216,3.16412023211e-05,0.000144121235611,3.16657048786e-05,2.27085239085e-06,0.000172676053136
1481,0.00239564651668,0.00249620446699,3.16388081144e-05,0.000144547571282,3.16808860653e-05,2.27467160023e-06,0.000173395483388
1482,0.00236567455817,0.00249500661243,3.16221363981e-05,0.000144828135357,3.16000452786e-05,2.27150929927e-06,0.00017300822382
1483,0.00234348497443,0.00249437326403,3.15461478033e-05,0.000144781446994,3.14140874042e-05,2.26342751611e-06,0.000171469566959
1484,0.00232237626763,0.00249571403126,3.14541438404e-05,0.000144630964554,3.11062796951e-05,2.2507209515e-06,0.000169336827978
1485,0.00229681458632,0.0024972974821,3.13667346167e-05,0.000144305627116,3.0967734676e-05,2.24286894728e-06,0.000167091665947
1486,0.00227306095954,0.00250705098075,3.12967341501e-05,0.000144048167371,3.07626228714e-05,2.23789516583e-06,0.000165299519324
1487,0.00225285941127,0.00251789167664,3.13033890943e-05,0.000143839847974,3.06328860876e-05,2.2366281849e-06,0.000164609374439
1488,0.00223448888685,0.0025249386567,3.13238925239e-05,0.000143677017501,3.06208130914e-05,2.24158243423e-06,0.000164401164729
1489,0.0022193607664,0.00252948248396,3.13777262943e-05,0.000143599494143,3.0643039219e-05,2.25346951007e-06,0.000164528282186
1490,0.00220870798161,0.0025328436187,3.14562109913e-05,0.000143584251482,3.07579603459e-05,2.26236999828e-06,0.00016551477028
1491,0.002210390988,0.00253538560158,3.15241593363e-05,0.000143712600496,3.08846272373e-05,2.2679512322e-06,0.000167037998062
1492,0.00222586050237,0.00254239430228,3.15514440048e-05,0.000143725792598,3.09141585625e-05,2.26709193716e-06,0.000168265337645
1493,0.00224853485968,0.0025469704272,3.15486154669e-05,0.000143887818751,3.09872176377e-05,2.26637590033e-06,0.000169736710445
1494,0.00227711075064,0.00254822609258,3.15677789655e-05,0.000144254407891,3.10935406008e-05,2.26126075049e-06,0.000170677194414
1495,0.00230604325788,0.00254818070588,3.14399833056e-05,0.000144647239407,3.11332093338e-05,2.25885480788e-06,0.000171132475328
1496,0.0023329196546,0.00254543698162,3.13843299399e-05,0.000144835674707,3.1133738241e-05,2.25935806073e-06,0.000170559269236
1497,0.00235723403537,0.00254204209493,3.1286452916e-05,0.000144935428612,3.11211530482e-05,2.26069130259e-06,0.000169168360457
1498,0.00238012087092,0.0025354152886,3.1251471736e-05,0.000144853103056,3.1039403164e-05,2.25328680388e-06,0.000167695893878
1499,0.00240017852872,0.00253021446692,3.11490752295e-05,0.000144616355712,3.09856911173e-05,2.24854151544e-06,0.000165860067333
1500,0.00241666941944,0.00252778217967,3.10922640329e-05,0.000144310202489,3.09644816504e-05,2.24435471902e-06,0.000163906586112
1501,0.00243038052918,0.00251953180205,3.10770667665e-05,0.000143894020199,3.08963068694e-05,2.23821693907e-06,0.000162212892507
1502,0.00244198463943,0.0025088258103,3.1146406496e-05,0.000143605265512,3.09695659815e-05,2.23988800396e-06,0.000161694146312
1503,0.00245309094443,0.00248892104691,3.12397868591e-05,0.000143418973275,3.11061868388e-05,2.24646773989e-06,0.000161917982835
1504,0.00245964885615,0.00246922557372,3.13571803099e-05,0.000143325046271,3.1220460864e-05,2.25994528031e-06,0.000162908502636
1505,0.00246380741052,0.00246264888898,3.15266433113e-05,0.000143382494319,3.14255686877e-05,2.26821441898e-06,0.000164452753637
1506,0.00246618492724,0.00246049195341,3.16449455474e-05,0.000143617490361,3.16110073611e-05,2.27169723049e-06,0.000166580911556
1507,0.00246207666195,0.00246277352661,3.1704522647e-05,0.000144011897863,3.16910462473e-05,2.26728977614e-06,0.000168038197449
1508,0.00244540676776,0.00246564801101,3.17689048992e-05,0.000144693680221,3.17039266175e-05,2.26119136691e-06,0.000169931218257
1509,0.00242200757626,0.00246969102115,3.18086036757e-05,0.00014555399954,3.17544877846e-05,2.26044743308e-06,0.000171297074234
1510,0.002392509616,0.0024685671376,3.18106541966e-05,0.000146200409455,3.17437072416e-05,2.26367919978e-06,0.000171733976587
1511,0.00236551574842,0.00246357618364,3.17752666103e-05,0.000146594972585,3.16752823657e-05,2.27177979111e-06,0.000171151410086
1512,0.0023410263956,0.00245785498773,3.17402618762e-05,0.000146841813692,3.15945776142e-05,2.27704999813e-06,0.000169925776176
1513,0.00231409860882,0.00244894817603,3.1760253943e-05,0.000146857696877,3.1471116797e-05,2.27383084642e-06,0.000168150036461
1514,0.00229197166032,0.00245128550425,3.17152343617e-05,0.000146743282095,3.12572068537e-05,2.26786424655e-06,0.000166422693464
1515,0.00227171359223,0.00245943319089,3.17266894781e-05,0.000146564569111,3.11190565988e-05,2.25856745335e-06,0.000165073570187
1516,0.00225349959683,0.00247067222592,3.17208941687e-05,0.000146217168937,3.09502106042e-05,2.2455503946e-06,0.000164459032844
1517,0.0022344124563,0.00248085413593,3.16555879103e-05,0.000145787634209,3.08970480266e-05,2.24321703886e-06,0.000164381416667
1518,0.00221696465927,0.00248227758893,3.16031615926e-05,0.000145412162968,3.09435050017e-05,2.2468690384e-06,0.000164919188922
1519,0.00220113569984,0.00247782159513,3.15924333636e-05,0.0001451696881,3.10181234143e-05,2.25776054615e-06,0.000165988934107
1520,0.00219275818552,0.00247522308926,3.15886713501e-05,0.000144986232767,3.11708686584e-05,2.26412162391e-06,0.000166753445686
1521,0.00219670710157,0.00247917672587,3.15922674405e-05,0.000144943002558,3.12418425712e-05,2.26625655782e-06,0.000167196650881
1522,0.00220939414017,0.00248476348711,3.1569366117e-05,0.000145088563806,3.12200606491e-05,2.25866624324e-06,0.00016790636615
1523,0.00222692625112,0.00248595970377,3.15179662032e-05,0.000145491079543,3.11968158653e-05,2.25343285071e-06,0.000168248270632
1524,0.00225090594642,0.00248418738703,3.14455090469e-05,0.000146037546958,3.1147899356e-05,2.24774109369e-06,0.000168273823244
1525,0.00227440578318,0.00248173601888,3.13628272345e-05,0.000146311808123,3.11557104921e-05,2.24825445621e-06,0.000167376374778
1526,0.00230116793291,0.00248099732341,3.12776608945e-05,0.000146393969054,3.1180092828e-05,2.25228802825e-06,0.000166244180736
1527,0.00232663696931,0.00247987664558,3.11777128239e-05,0.000146309869128,3.1198081069e-05,2.25368802573e-06,0.000164847113508
1528,0.0023511055368,0.00247617870302,3.11340453233e-05,0.000146208854189,3.11804541802e-05,2.25356271191e-06,0.000163873025108
1529,0.0023744409582,0.00247260032737,3.12049212752e-05,0.000145977580889,3.11610068587e-05,2.25262468066e-06,0.000162618762987
1530,0.00239554604578,0.0024702317979,3.13067488009e-05,0.000145586225594,3.10823355792e-05,2.24509967934e-06,0.000161797203953
1531,0.00241203201953,0.00246624647689,3.13647057259e-05,0.000145186188556,3.10845065465e-05,2.24157401307e-06,0.000161179430154
1532,0.00242856596873,0.00245675553088,3.14816757735e-05,0.000145059108991,3.12252558394e-05,2.25370965328e-06,0.000162258884257
1533,0.00243997829024,0.00244554124665,3.16776327898e-05,0.00014505939983,3.14192760796e-05,2.26415524406e-06,0.000164090189127
1534,0.0024439964189,0.00243300146738,3.18265691314e-05,0.000145192978301,3.15848223657e-05,2.27739531591e-06,0.000166034816351
1535,0.00244022173152,0.00242981569109,3.19827292028e-05,0.000145573354864,3.17292409709e-05,2.28268243342e-06,0.000167917408212
1536,0.0024372263745,0.00243079952294,3.20263056347e-05,0.000146150691032,3.1830622061e-05,2.27819410651e-06,0.000169256711107
1537,0.00242596599132,0.00243636053199,3.20708256754e-05,0.000146843147799,3.17495283499e-05,2.2660342739e-06,0.000169658222887
1538,0.00240802455205,0.00243787444776,3.20378937409e-05,0.000147597266723,3.16963521327e-05,2.25955853427e-06,0.000169548367564
1539,0.00238288469489,0.00243820853474,3.19917636976e-05,0.000148268644809,3.16747041764e-05,2.26044649877e-06,0.000169243496384
1540,0.00235364009798,0.00243005983747,3.19434704634e-05,0.00014867583993,3.16672643756e-05,2.26542718708e-06,0.000168693529359
1541,0.0023212076617,0.00241985954179,3.19544995257e-05,0.000148903210713,3.16321156529e-05,2.27145847713e-06,0.000167232169546
1542,0.00229177688934,0.00241461156825,3.18356473514e-05,0.000148757001385,3.16048043499e-05,2.27421854945e-06,0.000165511323882
1543,0.00226660530034,0.00240693727306,3.18145714724e-05,0.000148537509752,3.15397230073e-05,2.26624912413e-06,0.000164655824234
1544,0.00224900044944,0.00240587054095,3.18233092716e-05,0.000148264702656,3.1383477707e-05,2.25496506827e-06,0.000163872293231
1545,0.00223380354354,0.00241085419114,3.18314611767e-05,0.00014802946559,3.1262543791e-05,2.24895186181e-06,0.000163339704298
1546,0.00221941657698,0.00241455275353,3.18393140924e-05,0.000147761779147,3.11845596644e-05,2.24125252873e-06,0.000163375689042
1547,0.00219979115242,0.00241467537587,3.17989706154e-05,0.000147440628642,3.11492774922e-05,2.24480990754e-06,0.000164264323622
1548,0.00218207386537,0.00241189330142,3.18008576922e-05,0.000147106226532,3.12745043727e-05,2.25195265105e-06,0.000165144519596
1549,0.0021677661855,0.00240639535245,3.17980635487e-05,0.000146872062128,3.13351536822e-05,2.26051934968e-06,0.000165753772461
1550,0.00216094206125,0.00240498277729,3.17921356047e-05,0.000146826551224,3.1416396629e-05,2.26514060129e-06,0.000166313613995
1551,0.00216436170278,0.00240794223503,3.17388851818e-05,0.000146992760892,3.13980813786e-05,2.25895237584e-06,0.000166206702606
1552,0.00217737831184,0.00241158573479,3.1647606095e-05,0.000147406467496,3.12344386626e-05,2.25087484505e-06,0.000165923991107
1553,0.00219491820307,0.00241226636014,3.1624786582e-05,0.000148008276858,3.117415195e-05,2.24969266645e-06,0.000165665209691
1554,0.00221690236529,0.00241065440491,3.15208206206e-05,0.00014845295037,3.11540061813e-05,2.24725639766e-06,0.000165249344207
1555,0.0022417042758,0.00241102308161,3.14131283807e-05,0.000148703208024,3.11467860732e-05,2.2494108881e-06,0.000164019775098
1556,0.00226665158709,0.00241562315014,3.1309807102e-05,0.000148834553498,3.12815872283e-05,2.26316235293e-06,0.000163126056302
1557,0.00229687083163,0.00242343204479,3.13824982718e-05,0.000148912788115,3.131286906e-05,2.26393025004e-06,0.000162390008722
1558,0.0023228545426,0.00242195648713,3.14079114186e-05,0.00014876059154,3.12609594468e-05,2.25774178827e-06,0.000161677013897
1559,0.00234683051588,0.00241772692081,3.14538559529e-05,0.000148431000831,3.12545959096e-05,2.25155093959e-06,0.000160968327733
1560,0.0023698586952,0.0024141751763,3.15150330655e-05,0.000148019912451,3.12088137739e-05,2.24898420336e-06,0.000160659954979
1561,0.00239121843115,0.00241177224404,3.15889441178e-05,0.000147601515613,3.12460001459e-05,2.24968458539e-06,0.000161359254559
1562,0.00240863846022,0.00240469726426,3.16738005992e-05,0.000147386564151,3.13984944584e-05,2.26131033675e-06,0.000163105473902
1563,0.00241408336944,0.00239568231721,3.1826919386e-05,0.000147292059751,3.15862624654e-05,2.26922266683e-06,0.000165031773609
1564,0.0024080145126,0.00238822359943,3.1898558302e-05,0.000147368058196,3.16612685978e-05,2.2756401772e-06,0.000166534202612
1565,0.00239610099769,0.00238927088131,3.20421526287e-05,0.0001477393474,3.16728002472e-05,2.27828262419e-06,0.00016774488199
1566,0.00238564914543,0.00239508740882,3.21229132953e-05,0.000148368568487,3.17124868e-05,2.27392972622e-06,0.000168089791398
1567,0.00237316988588,0.00239808761703,3.21470331977e-05,0.000149247423918,3.15614554659e-05,2.26642064706e-06,0.000167954225203
1568,0.00235465499705,0.0024003518027,3.21301295214e-05,0.000149957850146,3.15218721682e-05,2.2587903328e-06,0.000167493234921
1569,0.00232800999245,0.00239879573009,3.20256266084e-05,0.000150393945806,3.15623602895e-05,2.25848095173e-06,0.000166946728386
1570,0.00229912437994,0.00239056630855,3.19448277979e-05,0.000150581304407,3.15971748909e-05,2.26474151953e-06,0.000165920991611
1571,0.00227150835188,0.0023827800897,3.18858439198e-05,0.000150389365226,3.16357244171e-05,2.272687624e-06,0.000164933418518
1572,0.00224772396893,0.00237576011328,3.18516744753e-05,0.000150053217235,3.16679251165e-05,2.27332831407e-06,0.000164164744687
1573,0.00222780360133,0.00236830972714,3.18901220704e-05,0.000149829376415,3.1533523956e-05,2.26272916103e-06,0.000163773508907
1574,0.00220913054742,0.00236275049913,3.18700401662e-05,0.000149576692237,3.14346240218e-05,2.25351624871e-06,0.000163552706508
1575,0.00219650759151,0.00235914242412,3.18393243042e-05,0.000149145072043,3.13408764474e-05,2.247511048e-06,0.00016392930312
1576,0.00217856739249,0.00235295591152,3.18238398629e-05,0.000148870000487,3.13456965323e-05,2.24923560981e-06,0.000164365889211
1577,0.00216383933573,0.00235242488459,3.1908716213e-05,0.000148831174996,3.1312734806e-05,2.25723175967e-06,0.000165269936342
1578,0.00214994142291,0.00234822427041,3.19493350131e-05,0.000148806634977,3.13889751495e-05,2.2636566266e-06,0.000165739087851
1579,0.00213625069608,0.00234319646059,3.19105598565e-05,0.000148644900992,3.14117399311e-05,2.26580069097e-06,0.000165556001752
1580,0.00213347617517,0.00234345951651,3.18737125224e-05,0.000148720875551,3.1342813577e-05,2.26830319962e-06,0.000165161457547
1581,0.00213645946316,0.00234909575862,3.18408708213e-05,0.000149032540611,3.12603327564e-05,2.26348213613e-06,0.000164434170142
1582,0.00214949402384,0.00235401799728,3.17409342324e-05,0.000149455540548,3.11360795685e-05,2.25984390919e-06,0.000163982616675
1583,0.00217051726453,0.00235981632469,3.16882573712e-05,0.000149763067393,3.10599621174e-05,2.26035460849e-06,0.000163442468743
1584,0.00219263020814,0.00236582984188,3.15705121077e-05,0.000149896417016,3.11654500093e-05,2.26750074926e-06,0.00016284132892
1585,0.00222072631355,0.00237307510869,3.16309079135e-05,0.000150081481696,3.12241467102e-05,2.27387598236e-06,0.000162533202782
1586,0.00225019816343,0.00237815271206,3.16602031742e-05,0.00015008461499,3.1294355855e-05,2.2746405126e-06,0.000161908212947
1587,0.00227929230407,0.00238142211869,3.16301197226e-05,0.000149910923391,3.13432592719e-05,2.27412183362e-06,0.000161420769816
1588,0.00230660133478,0.00237773665815,3.16621183427e-05,0.000149620553994,3.12550013369e-05,2.26870783018e-06,0.000161624483063
1589,0.00233037540994,0.00237776331007,3.16951508497e-05,0.000149232723287,3.12564164213e-05,2.26390037729e-06,0.000161694835763
1590,0.00235373243633,0.00238032925817,3.16947661149e-05,0.000148840892894,3.12365125149e-05,2.26053441853e-06,0.000161730731299
1591,0.00237163837631,0.00238066210344,3.17423813118e-05,0.000148502467586,3.12970555751e-05,2.25827411594e-06,0.000162483491743
1592,0.0023792949148,0.0023761697208,3.17090799949e-05,0.000148295962285,3.13477017993e-05,2.2599998835e-06,0.000163348517527
1593,0.00237570566794,0.00237156835502,3.17214078711e-05,0.000148208737274,3.14535992347e-05,2.25629374664e-06,0.000164286308672
1594,0.00236477771948,0.00236830254569,3.1697063206e-05,0.000148215160976,3.14604721745e-05,2.25629194038e-06,0.000164766809749
1595,0.00235363866339,0.00236913456063,3.17208019105e-05,0.000148359688092,3.13742057836e-05,2.25687192198e-06,0.000164977984934
1596,0.00234154262766,0.00237437774953,3.16736862946e-05,0.000148718715244,3.13864898861e-05,2.25296859245e-06,0.000164116021471
1597,0.00232664658978,0.00237597162007,3.16687638485e-05,0.000149308344393,3.12915748762e-05,2.25139477072e-06,0.000163840125268
1598,0.00230586264339,0.00237505030209,3.17328461472e-05,0.000149726906142,3.13235154443e-05,2.25908011732e-06,0.000163200707214
1599,0.00228126961432,0.00237357967873,3.17856247414e-05,0.000150036976045,3.14480572905e-05,2.27181185472e-06,0.00016354625585
1600,0.00225821884512,0.0023656059689,3.19105617037e-05,0.000150180805089,3.15480440053e-05,2.28148611866e-06,0.000163870798642
1601,0.00223897500692,0.00235975605509,3.20039361993e-05,0.000150260824033,3.15979188589e-05,2.28679425551e-06,0.00016399608199
1602,0.00222080144956,0.00235194460393,3.20544172833e-05,0.00015032434036,3.15975849611e-05,2.28694752416e-06,0.000164402715322
1603,0.00220319978708,0.00234198825175,3.20815220599e-05,0.000150274103514,3.1455251021e-05,2.2783717954e-06,0.000164963999524
1604,0.00218531979454,0.0023284919625,3.20582776602e-05,0.000150112384504,3.14407024617e-05,2.26752696531e-06,0.000165293838517
1605,0.00217406542742,0.00232226254732,3.20236517956e-05,0.000149878318393,3.13918078823e-05,2.2573566329e-06,0.000165441079187
1606,0.00215961888894,0.00231846565914,3.19687693402e-05,0.000149588513674,3.13676351306e-05,2.25359420178e-06,0.000165024087581
1607,0.00214287177235,0.00231660109934,3.18812221366e-05,0.000149310900872,3.12943028885e-05,2.25027927272e-06,0.000164736185378
1608,0.00213011483947,0.00231055158649,3.17913958846e-05,0.000149108561081,3.12892510316e-05,2.24734728951e-06,0.00016409629175
1609,0.00211790372988,0.00230745221988,3.16937167436e-05,0.00014884928975,3.12234730878e-05,2.25082579523e-06,0.000163138402513
1610,0.00211471030454,0.00230713536977,3.16367504686e-05,0.00014881366316,3.11194825405e-05,2.25623480268e-06,0.000162525221436
1611,0.00212306049589,0.00231745016486,3.1584027298e-05,0.000149008686352,3.10415159164e-05,2.25320686012e-06,0.000161530108086
1612,0.00213897764129,0.00232849012705,3.14773703519e-05,0.000149255078232,3.10453541259e-05,2.25952019315e-06,0.000161182906982
1613,0.00216294581332,0.00234123713723,3.14675235917e-05,0.000149433515881,3.10877988217e-05,2.26146856574e-06,0.000161038313524
1614,0.00219081065219,0.00235051617199,3.144995615e-05,0.000149556388579,3.11489095659e-05,2.26270346089e-06,0.000161049258631
1615,0.00222249877991,0.00235531348568,3.14963432862e-05,0.000149551353256,3.12072075353e-05,2.26535262e-06,0.000161226490342
1616,0.00225481228461,0.00235783798678,3.14862831758e-05,0.000149469098631,3.12538430728e-05,2.26684142648e-06,0.000161441533701
1617,0.0022854884132,0.0023595785399,3.14869136798e-05,0.000149279835504,3.1299948145e-05,2.26871571501e-06,0.000161793524876
1618,0.00230999989266,0.00236251630006,3.15313104335e-05,0.000148975722863,3.12527167811e-05,2.26611558098e-06,0.000162124303322
1619,0.00233344999764,0.00236780578961,3.15398679797e-05,0.000148620628073,3.12487791533e-05,2.26072755267e-06,0.00016245951572
1620,0.00235261676864,0.00237244809231,3.15729953361e-05,0.00014844284203,3.11756832189e-05,2.25308432225e-06,0.000162686089695
1621,0.00236168658377,0.00237705871948,3.15714367655e-05,0.000148375394453,3.11587032907e-05,2.2478122714e-06,0.00016259575502
1622,0.0023601493164,0.00237990529637,3.15064594544e-05,0.000148407975028,3.11487977337e-05,2.24388352744e-06,0.000162773931363
1623,0.00235719833619,0.00237935529881,3.14916077693e-05,0.000148426341608,3.11647739848e-05,2.24618703353e-06,0.000163009584384
1624,0.00235120609986,0.00237887117328,3.15050445828e-05,0.000148466128558,3.11260813222e-05,2.24978853183e-06,0.000162769926273
1625,0.00234036291847,0.00237924598952,3.15180529584e-05,0.000148488252376,3.10859193184e-05,2.25326064375e-06,0.000162730351846
1626,0.00232563810236,0.00238256607066,3.15208836475e-05,0.000148658455924,3.11372367312e-05,2.25523446998e-06,0.000162319889037
1627,0.00230723838887,0.00238441079334,3.15770091028e-05,0.000148939721773,3.1153289464e-05,2.25923980676e-06,0.000162287748173
1628,0.00228612262945,0.00238200434671,3.16764171526e-05,0.000149123467839,3.12595514293e-05,2.26019361406e-06,0.000162264409517
1629,0.00226635295055,0.00237727841005,3.17405607141e-05,0.000149200938732,3.14204610297e-05,2.26649388219e-06,0.000162834054917
1630,0.0022459226813,0.00236757577978,3.17944379136e-05,0.000149242615793,3.15352449697e-05,2.27174093312e-06,0.000163271672758
1631,0.00222613004092,0.00235520659984,3.18016199438e-05,0.000149228320951,3.15432201267e-05,2.27925078082e-06,0.000163995381799
1632,0.00220652684319,0.00233686207374,3.18772931137e-05,0.000149206186572,3.14954270543e-05,2.27773014201e-06,0.000164712167085
1633,0.00218822148745,0.00232189135127,3.18819878618e-05,0.000149132527634,3.14119444061e-05,2.27068197679e-06,0.00016496898087
1634,0.00217461891543,0.00231092293848,3.1844287968e-05,0.000149070906741,3.13779728131e-05,2.25997538558e-06,0.000165013107372
1635,0.0021630220759,0.00230208352115,3.17969939988e-05,0.000148843195322,3.12707191872e-05,2.24293552482e-06,0.000164424651593
1636,0.00215092803763,0.00229688466337,3.16830494478e-05,0.000148586816448,3.11446093634e-05,2.23190089078e-06,0.000163048592569
1637,0.00213281694564,0.00229379551698,3.15416632623e-05,0.000148341034563,3.09752268518e-05,2.22804862602e-06,0.000161916978338
1638,0.00211794339853,0.00228765159371,3.14797962705e-05,0.000148136299466,3.0958607812e-05,2.22842633289e-06,0.000160866612059
1639,0.0021113575033,0.00228977082758,3.13828096289e-05,0.000147926979923,3.09417726836e-05,2.23665697248e-06,0.000159861435695
1640,0.00211323790936,0.00229973364146,3.1366421271e-05,0.000148064008005,3.08887403484e-05,2.24781408002e-06,0.000159569973731
1641,0.00212569779795,0.00231851290905,3.13985272055e-05,0.00014832771988,3.09335162723e-05,2.25526270705e-06,0.000159525446929
1642,0.00215082010668,0.00233564723209,3.14801094504e-05,0.000148481834017,3.0990867104e-05,2.25973722075e-06,0.000159485339178
1643,0.0021785738596,0.00234871328075,3.15025418919e-05,0.000148586100604,3.10408996677e-05,2.25997493417e-06,0.000159447440928
1644,0.00220869493056,0.00235459107149,3.14859731215e-05,0.000148660683193,3.11077041355e-05,2.26204998636e-06,0.000160214340114
1645,0.00224418490474,0.00235713956607,3.15162730023e-05,0.000148819214628,3.12007958591e-05,2.27388824474e-06,0.000161209274633
1646,0.00227391964972,0.00236520042175,3.16031894213e-05,0.000148941728788,3.12240591303e-05,2.27690154491e-06,0.0001622218654
1647,0.00230348979629,0.00237242248754,3.16156646155e-05,0.000149003609073,3.12729872344e-05,2.2790589947e-06,0.000163174189178
1648,0.00232809424681,0.0023806982641,3.16708798633e-05,0.00014913347251,3.12513974828e-05,2.27449496301e-06,0.000163645843978
1649,0.00234476666797,0.00238814311206,3.16378862545e-05,0.000149092888818,3.1134525552e-05,2.25832350499e-06,0.000163322303627
1650,0.00235613524693,0.00239773266141,3.15483062057e-05,0.000149026550457,3.09670199009e-05,2.23931894236e-06,0.000162202854675
1651,0.00236349873554,0.0024045712678,3.14569509177e-05,0.000148839673261,3.09087417895e-05,2.23269611291e-06,0.000161187465138
1652,0.00236737749711,0.00241029204451,3.13457543702e-05,0.000148682001148,3.08295668112e-05,2.22770566088e-06,0.000160878449422
1653,0.00236508233784,0.00240962483189,3.12647084463e-05,0.000148484872054,3.0843493343e-05,2.22582395537e-06,0.000160639545943
1654,0.00235732749005,0.00240966820701,3.1197351518e-05,0.000148283689432,3.09094832864e-05,2.23592712961e-06,0.00016061559658
1655,0.00234266279548,0.00241548726322,3.12576943449e-05,0.000148354727123,3.09583125554e-05,2.25079968268e-06,0.000160947100495
1656,0.00232797519187,0.00242074381465,3.14406781567e-05,0.000148449961841,3.10293310942e-05,2.25490674038e-06,0.00016097352961
1657,0.00231311466814,0.00242001542081,3.15636404897e-05,0.000148532587593,3.11903409307e-05,2.26070549713e-06,0.000161379695478
1658,0.00229429594027,0.00241737041534,3.17160244642e-05,0.000148638833532,3.13352465932e-05,2.26829163296e-06,0.00016208715292
1659,0.0022757734469,0.0024120746336,3.18247833748e-05,0.000148827443196,3.14750176309e-05,2.27942724859e-06,0.000163835370379
1660,0.00225621164429,0.00239770250546,3.19367345501e-05,0.000149026468614,3.15328596648e-05,2.28600901811e-06,0.000165725069508
1661,0.00223538543673,0.00238083196482,3.19489499813e-05,0.000149080766721,3.15446084641e-05,2.29314926371e-06,0.000166384940876
1662,0.0022179758812,0.0023638073135,3.1975445659e-05,0.000149095220758,3.14659294708e-05,2.2883704134e-06,0.000166866522306
1663,0.00220248916332,0.00235118353167,3.19544241284e-05,0.000149165337785,3.13668829817e-05,2.2710965638e-06,0.00016658528459
1664,0.00218905688768,0.00233827766971,3.18597811313e-05,0.000149193970721,3.12399074072e-05,2.25187021813e-06,0.000165822924553
1665,0.00217650189942,0.00232859253672,3.17717611985e-05,0.000149312196472,3.09954462958e-05,2.23665961918e-06,0.000164608806802
1666,0.00216652180334,0.00232406356227,3.17080498509e-05,0.000149252721332,3.08254643997e-05,2.22574060059e-06,0.000162772085304
1667,0.00215372890421,0.00232158305746,3.15763767176e-05,0.000149132684374,3.07094344139e-05,2.22042019763e-06,0.000161450319698
1668,0.00214279454135,0.00232165721742,3.14525055206e-05,0.000148988249594,3.06519113163e-05,2.22575480179e-06,0.00016066016345
1669,0.00214108265129,0.00233037104807,3.13790794234e-05,0.000148925774242,3.07673421443e-05,2.24038795459e-06,0.000160267470348
1670,0.00215152283723,0.0023464649867,3.1470392628e-05,0.000149000114332,3.07697889238e-05,2.25317392916e-06,0.000160311302552
1671,0.00217138958767,0.00236525149041,3.1577882371e-05,0.000149118777566,3.08324637144e-05,2.25896012406e-06,0.000160695888438
1672,0.00220005846864,0.00238222832817,3.16702397936e-05,0.000149324128141,3.0965632685e-05,2.26692067091e-06,0.000161556132934
1673,0.00223593812682,0.0023945820819,3.17626040577e-05,0.000149352505721,3.10773332399e-05,2.27401917207e-06,0.000162551815993
1674,0.00226930516765,0.00240654639298,3.17763962367e-05,0.000149224049956,3.11189790111e-05,2.27609286773e-06,0.000164512756952
1675,0.0023015466049,0.00241308108947,3.17725023928e-05,0.000149179283413,3.12367591425e-05,2.27772281154e-06,0.000165545817342
1676,0.00233093962634,0.00242183534673,3.16954577365e-05,0.000149272173271,3.12596495578e-05,2.2795120334e-06,0.000166272670678
1677,0.00235218045409,0.00243214903901,3.16950831905e-05,0.000149483288856,3.12093785089e-05,2.27240806201e-06,0.000166551225832
1678,0.00236350820663,0.00244322593668,3.16434173107e-05,0.000149633418416,3.10964074664e-05,2.25556930525e-06,0.000165815683361
1679,0.00237625044563,0.00245405664599,3.15331565659e-05,0.000149638810345,3.08973520221e-05,2.23797058532e-06,0.000164454873842
1680,0.00239068397957,0.00246513332326,3.14174178237e-05,0.000149532679226,3.06620576636e-05,2.22391104064e-06,0.000162825170285
1681,0.0023999139709,0.00247252443935,3.13064524799e-05,0.000149387359388,3.05963940747e-05,2.21558366108e-06,0.000161120977956
1682,0.00240324705772,0.00247854146459,3.11670938697e-05,0.000149194295843,3.05520947732e-05,2.21598876114e-06,0.000160285024166
1683,0.00239744817002,0.0024800151959,3.11249835996e-05,0.00014909650303,3.06572791628e-05,2.22518585167e-06,0.000160288472623
1684,0.00238820624982,0.00248525705916,3.12284709278e-05,0.000148970868756,3.07980927512e-05,2.23685378399e-06,0.000160916145302
1685,0.00237656641937,0.00249007616924,3.13978982469e-05,0.000148860335253,3.09647973593e-05,2.2486232686e-06,0.000161604001469
1686,0.00236248143746,0.00249486736631,3.16130011134e-05,0.000148944862461,3.11151411968e-05,2.25745328182e-06,0.00016266810465
1687,0.00234873989811,0.00249622691177,3.18114570501e-05,0.000149213408941,3.1301091785e-05,2.26932547934e-06,0.000163819614081
1688,0.00233225674579,0.00248775803466,3.20133117042e-05,0.000149336104194,3.14297368493e-05,2.27581494548e-06,0.000165358960085
1689,0.00230956424164,0.00246982860888,3.20771753602e-05,0.000149305242026,3.15598555896e-05,2.2823359732e-06,0.000167487328126
1690,0.00228796977197,0.00244921656805,3.21014789624e-05,0.000149405864689,3.16477562524e-05,2.28720658445e-06,0.00016889575947
1691,0.00226791917484,0.00242918610965,3.20407953468e-05,0.000149590293864,3.16257097244e-05,2.28623576928e-06,0.000168815138247
1692,0.0022523608434,0.00241060693336,3.20092399767e-05,0.000149845643909,3.14132829875e-05,2.26861482672e-06,0.000167956251604
1693,0.00223366580582,0.0023908504947,3.1936676878e-05,0.000150086600242,3.12685789171e-05,2.2528375717e-06,0.000166498312137
1694,0.00221963624216,0.00237750492408,3.18519854543e-05,0.000150193933448,3.10240858902e-05,2.23479486349e-06,0.000165122108551
1695,0.00220742286146,0.00236435066981,3.17671726202e-05,0.00015017082107,3.07825883698e-05,2.21923740912e-06,0.00016352406967
1696,0.00219980087662,0.00236460373898,3.16745830608e-05,0.000150157245572,3.05834862152e-05,2.21698344922e-06,0.000161939361079
1697,0.00219249394399,0.00237132899163,3.16154813704e-05,0.000150012076139,3.05595578796e-05,2.22074835957e-06,0.000160619980038
1698,0.00218712604433,0.00238324736555,3.16146742295e-05,0.000150012598147,3.05491112758e-05,2.23145268452e-06,0.000160275664222
1699,0.00219131195893,0.00239667257316,3.16911148183e-05,0.000149846950957,3.0623963547e-05,2.24156959707e-06,0.000160358770402
1700,0.00220353388868,0.00241185426103,3.17381498265e-05,0.000149759054003,3.07246475066e-05,2.2544035198e-06,0.000161260028532
1701,0.00222893751081,0.00243151429161,3.1844701185e-05,0.000149864745105,3.08421733785e-05,2.26212899662e-06,0.000162606536369
1702,0.00226114792671,0.00245326916199,3.18997814763e-05,0.000149896845671,3.10212228886e-05,2.27412434677e-06,0.000164227525822
1703,0.00229745291892,0.00247238896291,3.19398350269e-05,0.000150016620731,3.11651710895e-05,2.28279081738e-06,0.000165820316329
1704,0.00233283188139,0.00248628317532,3.20018616584e-05,0.000150217740418,3.12397856435e-05,2.28875261369e-06,0.000167755270314
1705,0.00236052219812,0.00249799947082,3.20654186094e-05,0.000150576142644,3.12903259781e-05,2.28952305923e-06,0.00016884655737
1706,0.0023800287702,0.00250663157401,3.20186537312e-05,0.000150896089734,3.12480052071e-05,2.28438375924e-06,0.000169270486633
1707,0.00239697668557,0.00252081061701,3.20312967478e-05,0.000151149498739,3.11066056351e-05,2.27203420583e-06,0.000168309799905
1708,0.00241324549659,0.00253616424976,3.19658974452e-05,0.000151256313988,3.09491524957e-05,2.25871914759e-06,0.000167126940352
1709,0.00242917915605,0.00254573353782,3.18293495845e-05,0.000151232285167,3.06499701317e-05,2.23975838701e-06,0.000165371823821
1710,0.00244479338593,0.00255760023352,3.16935647989e-05,0.000151105495479,3.04907579809e-05,2.22803735094e-06,0.000163994121803
1711,0.00245090090805,0.00256824029982,3.15928961232e-05,0.000150873426482,3.04534661772e-05,2.23136731613e-06,0.000162471206826
1712,0.0024520841852,0.00257771456022,3.15921735775e-05,0.000150658419711,3.05026924962e-05,2.24022315864e-06,0.000162182496973
1713,0.00244902793163,0.00258325585438,3.17421816623e-05,0.000150508787471,3.06295306564e-05,2.24858467267e-06,0.000162976917038
1714,0.00244099182604,0.00258934353525,3.19414032098e-05,0.000150399942749,3.08601139263e-05,2.26462728038e-06,0.000164633638443
1715,0.00243194438134,0.00259333788422,3.22210566383e-05,0.000150459439189,3.10912543549e-05,2.27794536262e-06,0.000166131640389
1716,0.00242072878394,0.00259640374928,3.24486285065e-05,0.000150724863757,3.12638407067e-05,2.28484256305e-06,0.000168464782874
1717,0.0024076035491,0.00259283329905,3.25631571997e-05,0.00015092547225,3.15230272625e-05,2.29464701164e-06,0.00017039715908
1718,0.0023903451063,0.00257816797917,3.26501956772e-05,0.000151090795111,3.16848196287e-05,2.30175807426e-06,0.000172112992219
1719,0.0023700554615,0.00256033115814,3.27010131496e-05,0.000151361364284,3.17780562486e-05,2.3013824959e-06,0.000173525832535
1720,0.00234813569223,0.00253988538353,3.26450976926e-05,0.000151757599819,3.18029313065e-05,2.29659999982e-06,0.00017395467571
1721,0.00232497198351,0.00251435476564,3.25321103218e-05,0.000152158159186,3.16831645443e-05,2.28550181067e-06,0.000173151834426
1722,0.00230618160669,0.00248811312102,3.24657690477e-05,0.000152624037697,3.13460658151e-05,2.26767729079e-06,0.00017126508031
1723,0.00228850295666,0.00246700685743,3.23717057678e-05,0.000152836892349,3.12131723365e-05,2.24925792744e-06,0.000168833643266
1724,0.00227570436299,0.0024568145822,3.21926394964e-05,0.000152833376129,3.09598475902e-05,2.23172280878e-06,0.000166709674771
1725,0.00226482119133,0.00245178858222,3.20471242703e-05,0.000152659852141,3.07780996119e-05,2.22212907715e-06,0.000165012208591
1726,0.00226013180022,0.00245900455352,3.19704812115e-05,0.000152420875076,3.06596484515e-05,2.22396206111e-06,0.000163284923592
1727,0.00225529445429,0.00246811269159,3.19903210765e-05,0.000152151002842,3.05860304372e-05,2.22817764229e-06,0.000162173981642
1728,0.00225328874297,0.00248137214303,3.20629322089e-05,0.000151712380383,3.06000499616e-05,2.23605241345e-06,0.000162651105265
1729,0.00226050955731,0.00249378568542,3.21204845912e-05,0.000151362662951,3.0772142344e-05,2.24686390723e-06,0.000163745789253
1730,0.00227699575344,0.00251415695789,3.22054614826e-05,0.000151107089698,3.09346641598e-05,2.26297575516e-06,0.000165449813679
1731,0.00230485811624,0.00254291233846,3.22924117166e-05,0.000151149313438,3.10961934167e-05,2.27755261033e-06,0.000167956997496
1732,0.00234278410052,0.00257179989731,3.23662436404e-05,0.000151363551737,3.13470421694e-05,2.28959007616e-06,0.000169957678368
1733,0.0023778674072,0.00259172888134,3.24172222975e-05,0.000151634701961,3.1417535653e-05,2.29254243997e-06,0.000171528302749
1734,0.00240468494631,0.00260618572738,3.24303944987e-05,0.000151979594852,3.14267889722e-05,2.28679178304e-06,0.000172918982005
1735,0.00242365813335,0.00261723067761,3.2337644458e-05,0.000152453298976,3.14201376276e-05,2.27724334743e-06,0.000172779815435
1736,0.00244070061478,0.00262545572213,3.22813225992e-05,0.000152976252837,3.13064966207e-05,2.26620113534e-06,0.000171546443646
1737,0.0024549349492,0.00263721235986,3.21884861981e-05,0.000153395602391,3.10903900535e-05,2.25612842757e-06,0.000169362435124
1738,0.00246782746677,0.00265182408062,3.2104595306e-05,0.000153600860805,3.09133075618e-05,2.2460246318e-06,0.000167107695752
1739,0.00247899503195,0.00266176413421,3.20547692111e-05,0.00015363610299,3.06878451909e-05,2.23971520488e-06,0.000165329523235
1740,0.00249090762271,0.00267548259747,3.20576295416e-05,0.000153592200667,3.05904215827e-05,2.24053340531e-06,0.000164266705302
1741,0.00249783325844,0.00268541598531,3.21143322117e-05,0.000153411063294,3.0577049019e-05,2.24676036863e-06,0.000163571964513
1742,0.00250004149763,0.00269350834163,3.22965198282e-05,0.000153322557939,3.06841239252e-05,2.25349423787e-06,0.000163987952181
1743,0.00249693711812,0.0027002356483,3.24935812971e-05,0.000153129377403,3.09223283879e-05,2.25683076136e-06,0.000165188673549
1744,0.00248905613836,0.00269890582879,3.26516149772e-05,0.000152966431716,3.11937047093e-05,2.2699601896e-06,0.000167570683141
1745,0.00247514468528,0.00269628718337,3.28287131241e-05,0.000152887519744,3.14201553148e-05,2.28611652917e-06,0.000170378819014
1746,0.00246410842429,0.00269442982804,3.30408139392e-05,0.000153004517548,3.16390157813e-05,2.3000761128e-06,0.000173346784435
1747,0.00245113586849,0.00268739653482,3.32253391277e-05,0.000153303933186,3.18958551976e-05,2.30734716636e-06,0.000174882716058
1748,0.00242951198274,0.00266912333922,3.32332897019e-05,0.000153837306117,3.19840599946e-05,2.30495419107e-06,0.00017603233635
1749,0.00240155702762,0.00264247132714,3.3182690383e-05,0.000154503548678,3.19632494891e-05,2.295802404e-06,0.000176791467902
1750,0.00237863159496,0.00262038691133,3.30789632331e-05,0.000155117792982,3.18351156154e-05,2.28475511274e-06,0.000176128361421
1751,0.00236105660436,0.00259256097539,3.29528531625e-05,0.000155569924156,3.1684653732e-05,2.27340132874e-06,0.000174477749362
1752,0.00234305953802,0.00257046746456,3.28262417358e-05,0.000155956444743,3.1369120475e-05,2.25993966715e-06,0.000172376263597
1753,0.00232421856951,0.00255558819731,3.27226454387e-05,0.000156230386517,3.1241113204e-05,2.24761969835e-06,0.0001701417796
1754,0.0023126070878,0.00254906097399,3.26221200069e-05,0.000156303954979,3.10438845017e-05,2.23642892431e-06,0.000168027119526
1755,0.00231006062489,0.00254895595803,3.26094659571e-05,0.000156279579076,3.08140536993e-05,2.23058460891e-06,0.000166487608139
1756,0.00230776624325,0.00255756708106,3.26666612431e-05,0.000155995137839,3.07047927411e-05,2.23002978347e-06,0.000165638137051
1757,0.00230686608944,0.00256547450869,3.26886563077e-05,0.000155627755632,3.0722536968e-05,2.23359650223e-06,0.000165159683765
1758,0.0023082815201,0.00258045238386,3.2723605789e-05,0.000155227837804,3.08054557944e-05,2.24417078649e-06,0.000166426316157
1759,0.00231872541873,0.00260359233739,3.27971663311e-05,0.000154889739795,3.10215090739e-05,2.26264222287e-06,0.000168423125168
1760,0.0023424383366,0.00263276383036,3.28932497675e-05,0.000154660833266,3.12460531857e-05,2.28084051678e-06,0.000171006874897
1761,0.00237392600876,0.00266697338428,3.2952893781e-05,0.000154766075942,3.14003159384e-05,2.29431022841e-06,0.000173441464823
1762,0.00240300990295,0.00269549464786,3.30028197641e-05,0.000155198263616,3.16084131816e-05,2.30043262101e-06,0.000175177512769
1763,0.0024256892893,0.00271486845218,3.30216414799e-05,0.000155844607614,3.15720001119e-05,2.29285876166e-06,0.000176044577475
1764,0.00244778314264,0.0027243469331,3.29551085098e-05,0.000156573750714,3.15376114549e-05,2.28566802706e-06,0.000175959011756
1765,0.00246310588529,0.00273013831049,3.28627159534e-05,0.000157229144297,3.14372096989e-05,2.27298853025e-06,0.000174452071894
1766,0.00247819022003,0.00273645316658,3.2697176714e-05,0.000157725869371,3.12865561728e-05,2.26282456966e-06,0.000172195512886
1767,0.00249389508772,0.00274541012827,3.25677931796e-05,0.000158155561392,3.11079532803e-05,2.25280548886e-06,0.000169641640862
1768,0.00250808086313,0.00275543082168,3.24345812991e-05,0.000158406546802,3.09998226818e-05,2.25165359121e-06,0.000167321834947
1769,0.00252028796545,0.00276396556855,3.24285921077e-05,0.00015840191264,3.08133356812e-05,2.24322127138e-06,0.000165836503845
1770,0.00253060192796,0.0027720766382,3.24681474375e-05,0.00015816375413,3.08122374008e-05,2.24122749235e-06,0.000165134258817
1771,0.00253343169987,0.00277850794092,3.25890994559e-05,0.00015785224042,3.08925385507e-05,2.2451004437e-06,0.00016502246731
1772,0.00253269143128,0.00277708624469,3.27634147695e-05,0.000157561622108,3.10709415447e-05,2.25551875131e-06,0.000165880290363
1773,0.00252902048509,0.00277779823082,3.29469998127e-05,0.000157363361013,3.12820077699e-05,2.26379128172e-06,0.000168336424137
1774,0.00252060114842,0.00277285214243,3.30836198208e-05,0.000157033865408,3.15859543322e-05,2.27546822664e-06,0.000171508650473
1775,0.00250619546107,0.00277037949879,3.32229564196e-05,0.00015685263334,3.18007565906e-05,2.28793689131e-06,0.00017402277498
1776,0.00249181354681,0.00276650357998,3.33813059798e-05,0.000157137707866,3.19595573726e-05,2.29578444757e-06,0.000175833728204
1777,0.00247157359067,0.00275796831339,3.34823585098e-05,0.000157743706964,3.21130221313e-05,2.29746499359e-06,0.000176532923231
1778,0.00244458336222,0.00273238614097,3.34817085922e-05,0.000158523846619,3.21027866363e-05,2.30090690623e-06,0.000176876003374
1779,0.00241905084507,0.0027041540785,3.35198057756e-05,0.000159328309355,3.20134316351e-05,2.2960935224e-06,0.000176905329287
1780,0.00239639007742,0.00268100072249,3.34831045595e-05,0.000160100198059,3.19441164482e-05,2.29097253492e-06,0.000176370628662
1781,0.00237762963032,0.00265463356936,3.34146233716e-05,0.000160681508481,3.17416244445e-05,2.28302697747e-06,0.000174790865395
1782,0.00236076224943,0.00264021616905,3.33241677094e-05,0.000161076869722,3.15290942269e-05,2.27578717762e-06,0.00017241648965
1783,0.00234973502831,0.00263180169981,3.33192369256e-05,0.000161260311416,3.13783609464e-05,2.2635159392e-06,0.000170387034569
1784,0.00234667757336,0.00262795978156,3.32442233509e-05,0.000161218830418,3.11281377745e-05,2.25053121524e-06,0.000168833681076
1785,0.0023476386111,0.00262543359092,3.3230974037e-05,0.000160894274664,3.09655315971e-05,2.24259394365e-06,0.000167939664356
1786,0.00235073511073,0.00263135615583,3.32079167416e-05,0.000160410988506,3.09705229801e-05,2.24357047571e-06,0.000167228723431
1787,0.0023496856288,0.0026465520045,3.32171998119e-05,0.000159840967898,3.09660266722e-05,2.25249899467e-06,0.000167844973026
1788,0.00234956004958,0.00267182791068,3.32655632453e-05,0.000159212309116,3.10956159469e-05,2.26849956751e-06,0.000169794173254
1789,0.00236295755232,0.00269957779243,3.33615926848e-05,0.00015881620874,3.13531741652e-05,2.28423671708e-06,0.000172001662043
1790,0.00237686608745,0.00273179830017,3.34087941743e-05,0.000158746149628,3.15187041755e-05,2.30037286146e-06,0.00017425187213
1791,0.00239692787682,0.00276532099398,3.34726288874e-05,0.000159172594679,3.16432697938e-05,2.31189068846e-06,0.000176487844811
1792,0.00242072546642,0.00279203089818,3.35494261912e-05,0.000159784469568,3.17861226771e-05,2.31654844045e-06,0.000177110142914
1793,0.00244354667594,0.00280720024834,3.35307816653e-05,0.000160406754314,3.16570394258e-05,2.31187506635e-06,0.000176920572775
1794,0.00246269998793,0.00281161469855,3.3454077628e-05,0.000160942149424,3.16011926604e-05,2.30465974916e-06,0.000175585711323
1795,0.00248415625456,0.00281431723431,3.3345294778e-05,0.000161411929688,3.14817912985e-05,2.29826692549e-06,0.000173770212089
1796,0.00250054097573,0.00281493213672,3.32098112801e-05,0.00016180646987,3.13463605558e-05,2.29161792275e-06,0.000171660549888
1797,0.00251268876619,0.00282101830034,3.30942404225e-05,0.000161849643303,3.1203377683e-05,2.28371489873e-06,0.000169177692272
1798,0.00252550635447,0.00282533175363,3.30281841451e-05,0.000161660301218,3.1118081413e-05,2.27514892627e-06,0.000167607918195
1799,0.00253791688586,0.00283001193721,3.30320292644e-05,0.000161282397137,3.10399293642e-05,2.2619280797e-06,0.000166927391565
1800,0.00255044339274,0.00283059640915,3.3005003936e-05,0.000160860984236,3.10518665552e-05,2.25998662427e-06,0.000166650270997
1801,0.00255575244118,0.00283098768685,3.31151822676e-05,0.000160348027493,3.11663050947e-05,2.25904216015e-06,0.000167291647891
1802,0.00255232549461,0.00282842589398,3.31888496968e-05,0.000159665836309,3.13663441309e-05,2.2600790025e-06,0.000168983273766
1803,0.00254324661664,0.00282817723953,3.31927806265e-05,0.000158973292896,3.15640241617e-05,2.26940436007e-06,0.000171595476662
1804,0.00253004489538,0.00282121580339,3.33283446076e-05,0.000158642198228,3.18197274556e-05,2.28005344166e-06,0.000173681543348
1805,0.00251159121571,0.00281416941259,3.34830663063e-05,0.000158736771075,3.19282964656e-05,2.28231941593e-06,0.000174783360763
1806,0.00249436375711,0.00280850571162,3.35263075766e-05,0.000159307592342,3.20459466288e-05,2.28858293346e-06,0.000175471692079
1807,0.00247040003996,0.00279337973164,3.36158302125e-05,0.000160323425311,3.21432643497e-05,2.29527268155e-06,0.000175495564146
1808,0.00244497118624,0.0027718038635,3.35824129168e-05,0.000161144058068,3.21021387642e-05,2.29770813724e-06,0.000175640608394
1809,0.00241678031732,0.00274839005527,3.35348118568e-05,0.000161809119731,3.20230270014e-05,2.29072420663e-06,0.000174723386251
1810,0.0023894414181,0.00273056368128,3.34218001554e-05,0.000162218238574,3.20120844498e-05,2.28840407625e-06,0.000173078261468
1811,0.0023755803138,0.00271531089057,3.33423352761e-05,0.000162569432458,3.18200487797e-05,2.28393003026e-06,0.000171273298072
1812,0.00236351996435,0.00270270723446,3.33380245229e-05,0.000162704462905,3.16110768742e-05,2.27099669717e-06,0.000169215233329
1813,0.00235726646895,0.00269378281921,3.33163611643e-05,0.00016245727287,3.14260433416e-05,2.25782333546e-06,0.000167525671848
1814,0.00235485082669,0.00268593730092,3.32536355349e-05,0.000162034681383,3.12190508225e-05,2.24821300864e-06,0.000166653509283
1815,0.00235385837022,0.00268678471193,3.32501488015e-05,0.000161472794689,3.11245228861e-05,2.24719626426e-06,0.000167114409925
1816,0.00235130156472,0.00269856716851,3.32816357223e-05,0.000160840805036,3.11677484929e-05,2.2546745787e-06,0.000167751490365
1817,0.00235088073903,0.00271663793557,3.32827118687e-05,0.000160160818069,3.11844477672e-05,2.2617114245e-06,0.000168916847574
1818,0.00235085916107,0.00274068855032,3.32246661317e-05,0.000159687334822,3.12524998761e-05,2.27223008371e-06,0.000170828563415
1819,0.00235623716667,0.00276917381547,3.33323607276e-05,0.000159652605429,3.14656603936e-05,2.28547559456e-06,0.000172948536849
1820,0.00236542957522,0.00280262223344,3.33942071333e-05,0.000159771414551,3.15723391458e-05,2.29089576724e-06,0.000174461956742
1821,0.00238254708572,0.0028267968799,3.33876399855e-05,0.000160131212305,3.16464114608e-05,2.29475914435e-06,0.000175186700912
1822,0.00240300923229,0.00283905995476,3.33449800387e-05,0.000160749704208,3.16889816121e-05,2.30219804694e-06,0.000174731081744
1823,0.00242708490266,0.00284482146823,3.33549960542e-05,0.000161368473475,3.15793153043e-05,2.30529423103e-06,0.000174450510494
1824,0.00244671291655,0.00284401212528,3.33346866052e-05,0.000161824222031,3.15467898602e-05,2.30256148813e-06,0.000173103056954
1825,0.00246599476088,0.00284154559973,3.32389301899e-05,0.000162120807648,3.14915502842e-05,2.29942886414e-06,0.000171227951702
1826,0.00248433750094,0.00283560398047,3.32222032621e-05,0.000162391375824,3.13603955928e-05,2.29277540629e-06,0.000169555821998
1827,0.0025014174374,0.00283521466722,3.32233589172e-05,0.000162410581367,3.13420236994e-05,2.28582074313e-06,0.000168173259957
1828,0.00251364418733,0.00283437932935,3.31952227834e-05,0.000162179123811,3.12871236732e-05,2.27547570392e-06,0.000167470326163
1829,0.00252741135431,0.00282804227532,3.3202476431e-05,0.000161712140093,3.12642175948e-05,2.26852445387e-06,0.000167470466218
1830,0.0025339999132,0.00282394596268,3.32218462879e-05,0.00016100433445,3.13050886915e-05,2.26916146117e-06,0.000167964222384
1831,0.00253684898886,0.0028277482492,3.33081085914e-05,0.000160282441107,3.14112013599e-05,2.27156747738e-06,0.000168918747966
1832,0.00253427406253,0.00283553623958,3.33758462212e-05,0.000159773169837,3.15640459271e-05,2.2737385221e-06,0.000170160302724
1833,0.00252629730106,0.00284271587305,3.34456903419e-05,0.000159392613881,3.16797491527e-05,2.27075041594e-06,0.000171370985516
1834,0.00251604167512,0.00284251028134,3.34261577904e-05,0.000159237065816,3.1844167851e-05,2.27286773402e-06,0.000171964578372
1835,0.00249859274352,0.00283717553412,3.3506184488e-05,0.000159580346463,3.18732210419e-05,2.27570025304e-06,0.000172669885242
1836,0.00248046369353,0.00283101973542,3.3503376742e-05,0.000160287884866,3.19941243397e-05,2.28249294189e-06,0.000172668630844
1837,0.00245545273915,0.00281843745593,3.34712884429e-05,0.000160995153594,3.21021301505e-05,2.29181296745e-06,0.000171898507974
1838,0.00242672231722,0.0027978351849,3.34388498397e-05,0.000161631326653,3.21306332398e-05,2.29823830858e-06,0.000171116105341
1839,0.00240150667012,0.00278366240745,3.34178439569e-05,0.000162267597486,3.21125077338e-05,2.30128316058e-06,0.00016998035424
1840,0.00238355871573,0.00277451388263,3.34498574329e-05,0.000162640466826,3.20841590259e-05,2.29694590134e-06,0.000169018317908
1841,0.00237426784351,0.00276040139881,3.34376988593e-05,0.000162763571835,3.18423768055e-05,2.28446447325e-06,0.000167648240003
1842,0.00236630621591,0.0027457411933,3.33925943475e-05,0.000162655259391,3.16814473989e-05,2.27427699786e-06,0.000166440892769
1843,0.00236088313246,0.00273536992456,3.33822972424e-05,0.000162443607583,3.15020146271e-05,2.27051770728e-06,0.000166145160976
1844,0.00235344107472,0.00273050272524,3.34213971535e-05,0.000162139704748,3.13398684266e-05,2.26618090313e-06,0.000166485145539
1845,0.00234869354598,0.00273666462255,3.34348428578e-05,0.000161648596943,3.12922468001e-05,2.25985939351e-06,0.000167074658368
1846,0.00234406097614,0.00274897985235,3.33754924025e-05,0.000161076518872,3.12879099181e-05,2.25884611484e-06,0.000167900127106
1847,0.00233383081825,0.00276319468059,3.32517933375e-05,0.000160468532491,3.12519108535e-05,2.25926551837e-06,0.000169081352939
1848,0.00232851942877,0.00278158419185,3.3196703426e-05,0.000160060911685,3.13019348181e-05,2.2606063644e-06,0.000170491141089
1849,0.00233172656351,0.00279971677592,3.31834218461e-05,0.000159805511944,3.14282439897e-05,2.26284628803e-06,0.000171300018702
1850,0.00233965165288,0.00281712435939,3.31116777714e-05,0.000159813146669,3.14591425801e-05,2.27273002172e-06,0.000171922279424
1851,0.00235567151425,0.00282586994232,3.30706273461e-05,0.000160068393465,3.15298291838e-05,2.28246423171e-06,0.000171736108891
1852,0.00237829323957,0.00282825959504,3.30641589669e-05,0.000160357314357,3.15451312247e-05,2.28770774286e-06,0.000170659980036
1853,0.0024014287013,0.00282676649784,3.30705739086e-05,0.000160635550857,3.15632889389e-05,2.29605604696e-06,0.00016994741378
1854,0.00242257011388,0.00281944318461,3.30719109288e-05,0.000161025770246,3.1575163206e-05,2.30179905522e-06,0.000168927077208
1855,0.00244451041946,0.00281043084367,3.31824583073e-05,0.000161388090659,3.15432781595e-05,2.29837381412e-06,0.000167974107606
1856,0.00246406576106,0.00280191483165,3.31778911592e-05,0.000161545286516,3.14933640747e-05,2.29072866564e-06,0.000167164154517
1857,0.00248194824636,0.00279732416876,3.31935414085e-05,0.000161579769321,3.14356463063e-05,2.28516351957e-06,0.000166674427587
1858,0.0024940055159,0.0027948053467,3.32033831144e-05,0.000161358208779,3.13390852245e-05,2.27670197917e-06,0.000166529033392
1859,0.00250375758344,0.00279152694127,3.31975888872e-05,0.000160876060503,3.13719183734e-05,2.27572126271e-06,0.000166629928064
1860,0.00251157238836,0.00279507389762,3.32717735956e-05,0.000160138972911,3.1386057349e-05,2.26947206381e-06,0.000167040687282
1861,0.00251681579193,0.00280633362095,3.32609063185e-05,0.000159513020577,3.1417375275e-05,2.26555308398e-06,0.000167486246867
1862,0.00251456122194,0.00281859521086,3.33012543547e-05,0.000159217749314,3.14657988629e-05,2.25959285955e-06,0.000168033880959
1863,0.00251033131025,0.00282861600824,3.33240551246e-05,0.000159111862889,3.14879758225e-05,2.25797357456e-06,0.000169061454475
1864,0.00249661774123,0.00283310949362,3.33880213419e-05,0.000159393860294,3.16089873082e-05,2.25996366403e-06,0.000169676633247
1865,0.00248123440701,0.00283434511134,3.33927552228e-05,0.000159953911782,3.17192129656e-05,2.27015400903e-06,0.000170174836316
1866,0.00246054306817,0.00283210375186,3.34021040383e-05,0.000160594146824,3.18561695614e-05,2.2823405015e-06,0.000169813074371
1867,0.0024343209073,0.00282460826998,3.3374938008e-05,0.000161250870845,3.20350756088e-05,2.29795973802e-06,0.000169084807826
1868,0.00241426468959,0.00281594967465,3.34137444298e-05,0.000161794354868,3.20788682623e-05,2.30380426502e-06,0.000168339527844
1869,0.00239973748652,0.00280968867627,3.34318245415e-05,0.000162153980007,3.20531363123e-05,2.30212218882e-06,0.00016778089153
1870,0.00238613476806,0.00279630068895,3.34256608401e-05,0.000162255120299,3.19983329907e-05,2.29854550954e-06,0.000167368572124
1871,0.0023776723436,0.00278001994516,3.33954772897e-05,0.00016220356498,3.17815924216e-05,2.29087015381e-06,0.000166899589742
1872,0.00236540628393,0.00277020160638,3.33905792434e-05,0.000162076505254,3.16453613708e-05,2.28491549971e-06,0.000166592998542
1873,0.00235620022504,0.0027652088134,3.33965918868e-05,0.000161827859829,3.1481035803e-05,2.27767836191e-06,0.000166382813557
1874,0.00234537005438,0.00276101534716,3.33346424307e-05,0.000161267235264,3.1346942675e-05,2.27070929946e-06,0.000166864254224
1875,0.0023362972811,0.00276358571502,3.3264776806e-05,0.000160515284153,3.12401847191e-05,2.26494580505e-06,0.000167370908495
1876,0.00232188841121,0.00276716414768,3.3287389763e-05,0.000160020625064,3.1113131435e-05,2.2589278889e-06,0.000167963745563
1877,0.00230857521182,0.00277625919391,3.32124167476e-05,0.000159636519272,3.10561607529e-05,2.25474486837e-06,0.000168504738824
1878,0.00230308746792,0.00278662787262,3.31116312328e-05,0.000159283176453,3.10472520289e-05,2.25623475203e-06,0.000168950049999
1879,0.00230897212452,0.00279758987344,3.30691926273e-05,0.000159118750456,3.11455666852e-05,2.26650924295e-06,0.000169412850632
1880,0.00232176670979,0.00280455650428,3.3091554564e-05,0.000159362495606,3.11886494764e-05,2.2819967515e-06,0.000169626212494
1881,0.00234288426079,0.00281134517415,3.30902560817e-05,0.000159634588512,3.13695520882e-05,2.29709063552e-06,0.00016906358157
1882,0.00236457834208,0.00280912038629,3.30985858169e-05,0.000159923591292,3.14361320111e-05,2.30492960352e-06,0.000168537836993
1883,0.00238547516464,0.0028017650359,3.31099433117e-05,0.000160252035609,3.15620489614e-05,2.30885724336e-06,0.000168202236456
1884,0.00240530617974,0.00279370854569,3.31090812794e-05,0.000160460013116,3.16196801438e-05,2.30821138604e-06,0.000167116668058
1885,0.00242900097745,0.00278442143977,3.319600634e-05,0.000160577809344,3.15628818049e-05,2.29875354403e-06,0.000166632736278
1886,0.00245327162542,0.00278149363907,3.31720287261e-05,0.000160671138221,3.1456381558e-05,2.2884536989e-06,0.000166211056808
1887,0.00246795269517,0.00277697885606,3.31452984813e-05,0.000160398700041,3.14072872219e-05,2.28127042664e-06,0.000165719952598
1888,0.00247552604356,0.00277489588741,3.31284698298e-05,0.000159925925313,3.13004561489e-05,2.27042860466e-06,0.000164951812828
1889,0.00248475364856,0.00278049615493,3.31160079852e-05,0.000159597371543,3.13043566432e-05,2.26642267231e-06,0.00016497050877
1890,0.00249163442341,0.00278744075706,3.31261352989e-05,0.000159258356814,3.12735435064e-05,2.25609604579e-06,0.000165243365898
1891,0.0024981327201,0.00279742008417,3.31293036702e-05,0.00015890150103,3.12130238747e-05,2.24584161649e-06,0.00016534902345
1892,0.00249599545009,0.00280704313297,3.3077656828e-05,0.00015869907571,3.11892368721e-05,2.24153401376e-06,0.000165151316716
1893,0.00248551098131,0.00281623064773,3.3076549105e-05,0.000158683374205,3.12855394564e-05,2.24224965632e-06,0.000165410674176
1894,0.00247053359953,0.00282060757485,3.30822060871e-05,0.000158850284951,3.14029898755e-05,2.24796915147e-06,0.000165728224926
1895,0.00245277267154,0.00282408616938,3.31085537002e-05,0.000159219515198,3.16165622789e-05,2.26200044189e-06,0.000166284181333
1896,0.0024371727813,0.0028291627499,3.31290133259e-05,0.000159857797463,3.18120391454e-05,2.28186674364e-06,0.000166274777335
1897,0.00242102566108,0.0028298962715,3.32483709176e-05,0.000160389670524,3.19763998043e-05,2.29231600935e-06,0.000166223564839
1898,0.00240930134588,0.0028225336703,3.32429727879e-05,0.000160802512263,3.20493623672e-05,2.29786621252e-06,0.000166744233669
1899,0.00239974138674,0.00281394155447,3.32809339653e-05,0.000161226326042,3.20703892079e-05,2.30190837801e-06,0.000166923006222
1900,0.0023848697361,0.00280205434164,3.3292259479e-05,0.000161495463912,3.19320194432e-05,2.30174176877e-06,0.000167107622557
1901,0.00237143647192,0.002791623991,3.33313544928e-05,0.000161710932966,3.1745993968e-05,2.29485160317e-06,0.000167221457353
1902,0.00235889024252,0.00278462168416,3.33378453e-05,0.000161561511638,3.16370607774e-05,2.28756071878e-06,0.000167121926639
1903,0.00234409696293,0.00277979722943,3.33232077762e-05,0.000161183662117,3.1422258118e-05,2.27619959622e-06,0.000166998446362
1904,0.00232565886533,0.0027733379413,3.32512851162e-05,0.000160741309724,3.1229374663e-05,2.26662634807e-06,0.000167166064693
1905,0.0023092925876,0.00277437598727,3.32279461898e-05,0.000160308426701,3.11072822838e-05,2.25525738809e-06,0.000167133858162
1906,0.0022941832223,0.00277447704082,3.31820294362e-05,0.000159845439788,3.0881768982e-05,2.24732431269e-06,0.000167209915257
1907,0.00228390124574,0.00277790606217,3.30674698139e-05,0.000159331188021,3.078128982e-05,2.24460234226e-06,0.000167034164931
1908,0.00228446125213,0.00278273488498,3.29814096388e-05,0.000159066456181,3.07903148483e-05,2.25115269691e-06,0.000167194752394
1909,0.00229500042612,0.00278994572111,3.29681862662e-05,0.000159171311228,3.09515364582e-05,2.26694710578e-06,0.000167764109262
1910,0.00231152377812,0.00280029595737,3.30146161918e-05,0.000159439521497,3.11535779127e-05,2.28165033904e-06,0.000168397056453
1911,0.00233228608556,0.00280400045668,3.30535544488e-05,0.000159745510117,3.13738738263e-05,2.30103561974e-06,0.000168265591089
1912,0.00235652053283,0.00280009006051,3.31503269696e-05,0.000160231949775,3.1488111044e-05,2.31375118974e-06,0.000168406517283
1913,0.00238074696765,0.00279435782131,3.32012333413e-05,0.000160771042844,3.16437153352e-05,2.31940287121e-06,0.000168581568317
1914,0.00240685502919,0.00278863176695,3.32661405589e-05,0.000160991907962,3.16513967751e-05,2.31539582372e-06,0.000168380220177
1915,0.00243039218708,0.00278293783397,3.32707054036e-05,0.000160873300375,3.15080075153e-05,2.30939818264e-06,0.000168528330808
1916,0.00245244147756,0.0027840228059,3.3233970517e-05,0.000160590202479,3.14409352815e-05,2.29808862203e-06,0.000168070283703
1917,0.00246977220096,0.00278625821789,3.32104067084e-05,0.000160327713771,3.13749826322e-05,2.28723736017e-06,0.000167166482727
1918,0.00248141964274,0.00278859030589,3.31656924494e-05,0.000159957300597,3.12495935692e-05,2.2730571145e-06,0.000166462965649
1919,0.00248810659431,0.00279295049847,3.31277575221e-05,0.00015950724215,3.1118716621e-05,2.26230358458e-06,0.000166007660035
1920,0.00249269089692,0.00279914467195,3.30784740751e-05,0.000159097235888,3.09773981165e-05,2.25262427517e-06,0.000165517166797
1921,0.00249290405186,0.00280277567165,3.31118202953e-05,0.000158763077949,3.09014979759e-05,2.24379376456e-06,0.000165543030011
1922,0.00248683260581,0.00280676642921,3.30743836166e-05,0.000158485967971,3.09395539503e-05,2.24335153437e-06,0.000165184359124
1923,0.00247382384879,0.00280938918584,3.29712108927e-05,0.000158370599973,3.11062154788e-05,2.24979820035e-06,0.000164698930542
1924,0.00246159787601,0.00281698650363,3.29991525712e-05,0.000158628079853,3.13053629442e-05,2.2594103542e-06,0.000165406466314
1925,0.00244783829294,0.00282582348021,3.31191122582e-05,0.000159043432028,3.15427805867e-05,2.27355550685e-06,0.000166318704249
1926,0.00243620613009,0.00283237273038,3.32165064149e-05,0.000159566160668,3.1748366037e-05,2.29031454395e-06,0.000166851496877
1927,0.00242607641985,0.00283176150038,3.32381133583e-05,0.000160138428901,3.19298301562e-05,2.30243986689e-06,0.000167541021029
1928,0.00241250108768,0.00282588042651,3.32795261403e-05,0.000160771729735,3.2024646449e-05,2.31240701403e-06,0.000168905756483
1929,0.0023987109872,0.00281973754369,3.33336100535e-05,0.000161140300456,3.20592977996e-05,2.31722108369e-06,0.000169273853487
1930,0.00238503009395,0.00281030861524,3.33428769388e-05,0.000161088665711,3.18657019884e-05,2.3071411751e-06,0.000169336182467
1931,0.0023674669727,0.00279708246339,3.32503897581e-05,0.00016076821341,3.16449691618e-05,2.28880517232e-06,0.00016894080137
1932,0.00234963258342,0.00278607422732,3.31263614359e-05,0.000160409600068,3.14586022738e-05,2.27495031768e-06,0.00016819343702
1933,0.00232716041579,0.00278014210016,3.30771857178e-05,0.000160087981667,3.11703906357e-05,2.25771369332e-06,0.000167329732928
1934,0.00230592667355,0.00277116506364,3.29708757178e-05,0.00015950487012,3.09482304848e-05,2.24330479129e-06,0.000166612166567
1935,0.00228706518096,0.00276512489744,3.28142375923e-05,0.000158930181488,3.07449647509e-05,2.23418863821e-06,0.00016550593692
1936,0.00227383860665,0.00276025697063,3.27443437133e-05,0.000158485313369,3.05255982686e-05,2.23263688191e-06,0.000165151660143
1937,0.00226654913789,0.0027648527016,3.27116693239e-05,0.000158181656913,3.04849872303e-05,2.23930633272e-06,0.000165119860356
1938,0.0022698938259,0.00277536134252,3.27354280678e-05,0.00015809673346,3.06092064814e-05,2.2510475831e-06,0.000165399405243
1939,0.00228750883777,0.00278481435605,3.28082900571e-05,0.000158223226946,3.07882645791e-05,2.26506052635e-06,0.00016666730274
1940,0.0023084153463,0.00279634254521,3.29271684855e-05,0.000158478422652,3.11017092896e-05,2.28618505736e-06,0.000167901727547
1941,0.00233398079839,0.00280122467046,3.3039318431e-05,0.000158851362764,3.13687337894e-05,2.30443663418e-06,0.000168545917669
1942,0.00236468597092,0.00280277940674,3.31017386361e-05,0.000159101005386,3.14673360295e-05,2.31109913266e-06,0.000169188469537
1943,0.00239311679447,0.00279981122426,3.30640685612e-05,0.000159288631241,3.15894159217e-05,2.31399602172e-06,0.00016980563834
1944,0.00241800761948,0.00279534535117,3.30632555065e-05,0.000159342418103,3.15676895029e-05,2.31296281223e-06,0.00016914825543
1945,0.00244582494044,0.00279599650152,3.31178587699e-05,0.000159280601839,3.14111351852e-05,2.30439711808e-06,0.000168444464308
1946,0.00246686001943,0.00279923798921,3.31283955751e-05,0.000159134121319,3.1344275389e-05,2.28701162452e-06,0.000167056341405
1947,0.00247996336322,0.00279801241831,3.30529828388e-05,0.000158708844936,3.11718075699e-05,2.26806446913e-06,0.000165739846475
1948,0.00248839309662,0.00279774755351,3.29823267223e-05,0.000158224172903,3.09405955696e-05,2.25399836821e-06,0.000164482468632
1949,0.00248765532473,0.00279579844479,3.28823344762e-05,0.000157882829928,3.07529978076e-05,2.24530362607e-06,0.000163595173859
1950,0.00248811828266,0.00278662560913,3.2764704418e-05,0.000157567642203,3.06117143994e-05,2.23569413823e-06,0.000162766294253
1951,0.00248631978259,0.00277940080767,3.26865876647e-05,0.000157402136463,3.06394339588e-05,2.23670190176e-06,0.000162326230044
1952,0.00248005347777,0.00278311927438,3.27389383297e-05,0.0001575215211,3.07712796252e-05,2.24945445914e-06,0.00016248686405
1953,0.0024716488143,0.0027920054595,3.28467827606e-05,0.000157707794678,3.09349469011e-05,2.25809928663e-06,0.000163099142553
1954,0.00246486631532,0.00280514051444,3.29932430143e-05,0.000157970029188,3.11709357967e-05,2.26260992485e-06,0.000164348232949
1955,0.00245990526159,0.00281532663855,3.30395549062e-05,0.000158351394698,3.14601016321e-05,2.27656267588e-06,0.000166105901676
1956,0.0024523750759,0.00281940989867,3.30919745456e-05,0.000158963075027,3.17048507021e-05,2.30264004256e-06,0.000167562387467
1957,0.00244009891254,0.00282116935591,3.31960107112e-05,0.000159651986205,3.18724193092e-05,2.3152807738e-06,0.000169262049068
1958,0.00242737020995,0.00281809802167,3.32037961295e-05,0.000160149298533,3.19676101859e-05,2.32000646543e-06,0.000170018711349
1959,0.00240721677134,0.00280801290504,3.31907715622e-05,0.000160275334629,3.19376067092e-05,2.31714608157e-06,0.000170346054787
1960,0.0023817707312,0.00279431049851,3.31412357471e-05,0.000160029052787,3.1674166751e-05,2.29999030222e-06,0.000169911633275
1961,0.00235456048572,0.00278433052935,3.30538241072e-05,0.000159675582515,3.14181567472e-05,2.27432421406e-06,0.000168977170765
1962,0.00233274320605,0.00277783943413,3.28576144388e-05,0.000159059264385,3.11519624487e-05,2.25408601864e-06,0.000167256147693
1963,0.00231182893318,0.002768099472,3.27139769265e-05,0.000158227946566,3.07977750045e-05,2.2359473156e-06,0.000165563855965
1964,0.00229293713715,0.00275649397461,3.25520667643e-05,0.000157399371291,3.05588989256e-05,2.22666210738e-06,0.000164122119095
1965,0.00227521025184,0.00274706921139,3.24368769931e-05,0.000156677090284,3.03515301328e-05,2.22299380586e-06,0.000162985403118
1966,0.00226237220044,0.00274771675103,3.23836270124e-05,0.000156207864547,3.02510572123e-05,2.22612693953e-06,0.000162904901355
1967,0.0022603501969,0.0027554627267,3.24121408298e-05,0.000156063406578,3.03181617762e-05,2.23499679389e-06,0.000163182576763
1968,0.00226996343586,0.00276726172922,3.2502158465e-05,0.000156161590591,3.04844838845e-05,2.24944714904e-06,0.000163857125434
1969,0.00228952424127,0.0027825960126,3.26955545182e-05,0.00015655154389,3.07190196598e-05,2.26317795119e-06,0.000165912224134
1970,0.00231846556433,0.00279264880355,3.2813107885e-05,0.000157075077223,3.11265121615e-05,2.28062815944e-06,0.000167799503314
1971,0.00234876837505,0.00279810520086,3.28241002109e-05,0.000157574443985,3.13032530373e-05,2.29744958166e-06,0.000169161997828
1972,0.00237574856988,0.00280303836577,3.28378812599e-05,0.000158041012786,3.14227926449e-05,2.31664493201e-06,0.000170069104503
1973,0.00240396137556,0.00280701264163,3.30063608579e-05,0.000158367383956,3.15493067347e-05,2.31969007026e-06,0.00017034693729
1974,0.00242991600834,0.00280615127356,3.30004215615e-05,0.000158304630543,3.14211778293e-05,2.31103086034e-06,0.000169446753544
1975,0.00245307477805,0.00280188683508,3.29776448364e-05,0.000158067461444,3.12658638269e-05,2.29021855184e-06,0.00016810683354
1976,0.00247459117217,0.00280261047713,3.28761234168e-05,0.000157728668307,3.10799930873e-05,2.2684153586e-06,0.000166211086439
1977,0.00248757526688,0.00279863481601,3.28109656168e-05,0.000157360191834,3.0827394465e-05,2.25113392047e-06,0.00016426575609
1978,0.00249203176517,0.00278474533722,3.26794244036e-05,0.000156911443586,3.06140868092e-05,2.23983414768e-06,0.000162655567922
1979,0.00248972918614,0.00277124756708,3.25037764533e-05,0.000156606178302,3.04692272081e-05,2.23848036522e-06,0.000161624524566
1980,0.00248406934359,0.00275885761074,3.24774622764e-05,0.000156314789733,3.04116523298e-05,2.23886979169e-06,0.000161159976481
1981,0.00248493461685,0.00276031444801,3.25195426562e-05,0.000156068660748,3.04595881957e-05,2.23943254849e-06,0.000161221675855
1982,0.00248575629022,0.00276849842578,3.25721507899e-05,0.000156029439368,3.06503612277e-05,2.24451367223e-06,0.000161713229823
1983,0.0024872817393,0.00277647433555,3.26333541859e-05,0.000156150054495,3.08400915384e-05,2.25190694955e-06,0.000162724603727
1984,0.00248854562859,0.00278685472301,3.27405192486e-05,0.000156529844781,3.10922954005e-05,2.26781627587e-06,0.000165215117285
1985,0.00248649321883,0.00279776306951,3.2833534546e-05,0.000156999437656,3.14369337377e-05,2.28593963062e-06,0.000167740792722
1986,0.0024777749975,0.00280475612768,3.29313041942e-05,0.000157567954496,3.1701351169e-05,2.30749814522e-06,0.000169825749305
1987,0.00246242213288,0.00281007983027,3.29927073155e-05,0.000158244548104,3.18273167764e-05,2.32060427826e-06,0.000171944180464
1988,0.0024388574644,0.0028087300425,3.30403184934e-05,0.000158689680894,3.18997391486e-05,2.32191375797e-06,0.000172618308425
1989,0.0024057563957,0.00279744053982,3.30364425599e-05,0.000158864438363,3.17423471398e-05,2.31330826923e-06,0.000172296571886
1990,0.00237819333969,0.00278441476861,3.30086928091e-05,0.000158723134336,3.14336840083e-05,2.29312828636e-06,0.000171175598913
1991,0.00235683958062,0.00277715187876,3.2887330386e-05,0.00015818853735,3.11555482775e-05,2.26879276834e-06,0.00016944697047
1992,0.00234060764618,0.00276960776965,3.26987850769e-05,0.000157464638477,3.08334222236e-05,2.25179360592e-06,0.000167313174138
1993,0.0023200396138,0.00275605667557,3.25696033897e-05,0.000156780701259,3.04636602002e-05,2.24136039401e-06,0.000165777836446
1994,0.0022981498345,0.00274757768003,3.24464989859e-05,0.000156147230174,3.03183811422e-05,2.23723297477e-06,0.000164213361323
1995,0.00228112827606,0.00274288241641,3.24150748782e-05,0.000155654796869,3.01662005845e-05,2.23760028283e-06,0.000163254401825
1996,0.00227585878122,0.00274417064278,3.2479012588e-05,0.000155401284396,3.01416985591e-05,2.23989464137e-06,0.000163503323987
1997,0.00228518808603,0.00275325408097,3.25515671304e-05,0.000155378755938,3.03200498133e-05,2.24812088799e-06,0.000164117480633
1998,0.0023021735999,0.00276621420431,3.26533537088e-05,0.000155559159837,3.05384887089e-05,2.25944514642e-06,0.000165688393241
1999,0.00232752191194,0.00278091893135,3.27373318918e-05,0.000155771096711,3.07610117873e-05,2.27780778493e-06,0.000168706349245
2000,0.00235335099191,0.00279252647414,3.28278389127e-05,0.000156229603456,3.11761124297e-05,2.30545762013e-06,0.000171291175135
2001,0.00238143663007,0.00280769097469,3.29771890213e-05,0.000156898208697,3.132192862e-05,2.32100125495e-06,0.00017302225578
2002,0.00240986472152,0.00281545167651,3.30793166583e-05,0.000157494728671,3.14184085348e-05,2.32535698819e-06,0.000173682013037
2003,0.00243648546853,0.00281491149564,3.30447699358e-05,0.000157653503649,3.15156378557e-05,2.32379331407e-06,0.00017302316642
2004,0.00246299887218,0.00281049965049,3.30673492475e-05,0.000157673377636,3.13263996143e-05,2.31282639555e-06,0.000171592389866
2005,0.00248380799664,0.00280441135495,3.3079732005e-05,0.000157436818192,3.10769137383e-05,2.28775693641e-06,0.000169700813931
2006,0.00249927282991,0.00279746402855,3.29110308164e-05,0.000157021027983,3.08904655434e-05,2.27012676688e-06,0.000167534794648
2007,0.00250893240171,0.00278594451701,3.27472532335e-05,0.000156658654588,3.06028181627e-05,2.25911986858e-06,0.000165550479222
2008,0.00251067003541,0.00277206700426,3.26389532505e-05,0.000156235298246,3.04950287685e-05,2.25083379741e-06,0.000163896889998
2009,0.00250936003669,0.00276437738459,3.25010198999e-05,0.000155844645986,3.04274759192e-05,2.24760202316e-06,0.000162661013368
2010,0.00250708501784,0.00275627681947,3.2486306533e-05,0.000155426014616,3.03570040831e-05,2.24190373993e-06,0.000161995443885
2011,0.00251014521128,0.00275517584498,3.25077971871e-05,0.00015500448007,3.04280246926e-05,2.23983374998e-06,0.000162430336354
2012,0.00251724789955,0.00275809918548,3.25097674133e-05,0.000154621508104,3.06550289474e-05,2.24611274433e-06,0.00016322469377
2013,0.00251975317813,0.00276553261264,3.26005589945e-05,0.000154536972571,3.08751335449e-05,2.25680744103e-06,0.000164931261832
2014,0.00251817115477,0.00277838051205,3.26881761857e-05,0.000154656698714,3.11687398812e-05,2.27181576114e-06,0.000167721508238
2015,0.00251242562319,0.00278922148235,3.27552070306e-05,0.000155059980419,3.15614453094e-05,2.29045850344e-06,0.000170191029641
2016,0.00249376958141,0.00279378243708,3.28289696626e-05,0.000155779364193,3.17302812512e-05,2.30771670665e-06,0.000172112703847
2017,0.00246924685308,0.00279551856238,3.29277427283e-05,0.00015647757836,3.17935277026e-05,2.31019431794e-06,0.000173976861018
2018,0.00243609423947,0.00279117960731,3.28745389443e-05,0.000156866683432,3.18689640366e-05,2.30209239374e-06,0.000173648798814
2019,0.00240633681567,0.00278033355372,3.2756960854e-05,0.000156813578292,3.15901924313e-05,2.28439062853e-06,0.000171848753315
2020,0.00238553638322,0.00276920701217,3.26126370123e-05,0.000156499302923,3.12421701222e-05,2.26015326207e-06,0.00016941802267
2021,0.0023654184611,0.00275716719709,3.24029911653e-05,0.000156067725948,3.09886297303e-05,2.24357136585e-06,0.000167216860775
2022,0.00234568432345,0.00274934576516,3.22416980201e-05,0.000155527518965,3.06560438869e-05,2.23241630023e-06,0.000164992852731
2023,0.00232127800854,0.00273941025875,3.21472484082e-05,0.000154914523727,3.0347098276e-05,2.22703224272e-06,0.000163247647623
2024,0.00230202091846,0.00272988319233,3.21019316245e-05,0.000154337422365,3.02387559256e-05,2.22558736405e-06,0.000161793283693
2025,0.00229028953246,0.00272686957405,3.21970419693e-05,0.000153994289759,3.01655542187e-05,2.22605681862e-06,0.000161499773782
2026,0.0022901484306,0.00273463754976,3.23057594774e-05,0.000153820553849,3.02552132726e-05,2.23025864157e-06,0.00016249329744
2027,0.00230308288603,0.00274569191706,3.24112754215e-05,0.000153739710781,3.04803682019e-05,2.24288441248e-06,0.000163959887022
2028,0.00232175484385,0.00275624775354,3.24595082246e-05,0.000153718237893,3.06879251449e-05,2.25990217979e-06,0.000166743137384
2029,0.00234445216617,0.00277133644371,3.26083120577e-05,0.000153926858581,3.09262897616e-05,2.27551534525e-06,0.000170210450959
2030,0.00237086700343,0.00278826122878,3.27068246296e-05,0.000154343070916,3.12853576923e-05,2.2991294359e-06,0.00017240472525
2031,0.00239931404303,0.00279694388735,3.28127076317e-05,0.000154926135657,3.13779841264e-05,2.31099129358e-06,0.000173902845995
2032,0.00242666450185,0.00280254226155,3.28758177547e-05,0.00015543957355,3.14473428705e-05,2.31513733443e-06,0.000174488025616
2033,0.00245580303118,0.00280207165627,3.29696006006e-05,0.000155813388099,3.1440014221e-05,2.3069965998e-06,0.000173502401603
2034,0.00248049126554,0.00279280184462,3.28631624824e-05,0.000155799180251,3.11671317432e-05,2.29258509664e-06,0.000171172904083
2035,0.00249784156641,0.00278139994665,3.27412715836e-05,0.000155723987012,3.09705655473e-05,2.27606285653e-06,0.000168694868442
2036,0.00251187726313,0.0027739580584,3.26465600784e-05,0.00015563139449,3.08455307021e-05,2.26351367271e-06,0.00016645598519
2037,0.00252463643735,0.00276688513465,3.25298986873e-05,0.000155433829395,3.06618117983e-05,2.25497008556e-06,0.000164221766158
2038,0.00252701594129,0.00275489174763,3.2490150242e-05,0.000155198327461,3.05160070938e-05,2.25325867853e-06,0.000163027687092
2039,0.00253062933175,0.00274812134658,3.25693493799e-05,0.000155033797876,3.04680746336e-05,2.25259068605e-06,0.000162578640261
2040,0.00253480146498,0.00274106389285,3.26563333468e-05,0.000154839997818,3.04736552127e-05,2.25225212205e-06,0.000163525593816
2041,0.0025440266659,0.00274062266372,3.27643138096e-05,0.000154733160357,3.0584104444e-05,2.25448917148e-06,0.000165544195066
2042,0.00255361454191,0.00275307457344,3.28143616969e-05,0.000154733294484,3.08475631097e-05,2.26801747058e-06,0.000167130224893
2043,0.00255995702806,0.0027699902417,3.29586453905e-05,0.000154954024913,3.11115607763e-05,2.28034790109e-06,0.000169455510021
2044,0.0025556088553,0.00278887748957,3.30716811245e-05,0.000155402192148,3.13425305246e-05,2.28973226638e-06,0.000172778649047
2045,0.00253741726136,0.00279949181207,3.31017635522e-05,0.000156033340461,3.16697401306e-05,2.29877497361e-06,0.000174952373132
2046,0.00251247361594,0.00280659446918,3.30772431363e-05,0.000156742327892,3.17820280279e-05,2.30598877853e-06,0.000176807466186
2047,0.00248121999395,0.00280874368555,3.30347795052e-05,0.000157239515132,3.17852161151e-05,2.308006478e-06,0.00017759322979
2048,0.00245189630035,0.00280051613923,3.29842850585e-05,0.000157340877756,3.17836832183e-05,2.30337455958e-06,0.00017581109229
2049,0.00242827996842,0.00278727596086,3.2898885735e-05,0.000157191005038,3.1523310166e-05,2.29095992686e-06,0.000173308508327
2050,0.00240410819074,0.0027751327026,3.27640993078e-05,0.000156969287138,3.12262593242e-05,2.27857944368e-06,0.000171045685672
2051,0.0023803158635,0.00276663020297,3.26962768475e-05,0.000156716221508,3.09851118732e-05,2.26958817558e-06,0.000168969532036
2052,0.00235904035402,0.00275253452439,3.27018213857e-05,0.000156210095502,3.06855927396e-05,2.25776550598e-06,0.000166767889694
2053,0.00234099325436,0.0027438976274,3.27168447862e-05,0.000155701184391,3.04608041975e-05,2.25354005636e-06,0.000165498291077
2054,0.00232818881482,0.00273614659594,3.27728763727e-05,0.000155407713203,3.04804704341e-05,2.25044751429e-06,0.00016520883715
2055,0.00232362099356,0.00273489575535,3.2868297098e-05,0.000155128863816,3.04746252513e-05,2.24663598369e-06,0.00016565094253
2056,0.00232694033829,0.00273879991285,3.2884032013e-05,0.000154801453252,3.05913827156e-05,2.24950734004e-06,0.000167097870832
2057,0.00233877333359,0.00274068687731,3.29434545828e-05,0.000154684106338,3.08201067917e-05,2.26232970705e-06,0.000168853650103
2058,0.00235823147069,0.0027459755304,3.30043231581e-05,0.000154710663269,3.09997214943e-05,2.26953697693e-06,0.000171053905759
2059,0.00237980807341,0.00276296639723,3.30196814857e-05,0.000154968557862,3.12005437274e-05,2.27616587519e-06,0.000173203235136
2060,0.00239993319055,0.00277590503492,3.29696636115e-05,0.000155553738357,3.14475844599e-05,2.28356543917e-06,0.000174255475553
2061,0.00242540648802,0.0027838469546,3.2928283661e-05,0.000156115384534,3.14278413318e-05,2.28660849029e-06,0.000174480051279
2062,0.00245258709258,0.0027825465686,3.29153025085e-05,0.00015656762813,3.14702846186e-05,2.28740840851e-06,0.000173878410058
2063,0.00247802324886,0.00277561421729,3.28104301764e-05,0.000156861108988,3.14652468315e-05,2.28592905317e-06,0.000171942003984
2064,0.00250006514783,0.00276791530941,3.27276924112e-05,0.00015700745221,3.12738347305e-05,2.27985913553e-06,0.000169793730166
2065,0.00251662969873,0.00276232220846,3.26744518079e-05,0.000156997610599,3.11403001459e-05,2.27443772358e-06,0.000167105465225
2066,0.00253021020755,0.00275218869276,3.26697485663e-05,0.000156866368235,3.09785449574e-05,2.26249128893e-06,0.00016503086241
2067,0.0025415395996,0.00274417221847,3.26690545482e-05,0.000156575249729,3.0807535286e-05,2.25304368774e-06,0.000163557910563
2068,0.0025469369045,0.0027365019965,3.27545513074e-05,0.000156248247194,3.06769579425e-05,2.24930182642e-06,0.000163047970338
2069,0.00255410227767,0.00272489666623,3.27587673148e-05,0.00015600666098,3.0662966605e-05,2.2478264556e-06,0.000163631652736
2070,0.00256210570704,0.00272413291325,3.27581930579e-05,0.000155688844637,3.07215716521e-05,2.24954339533e-06,0.00016539250454
2071,0.00257065705489,0.00273395172467,3.28802119801e-05,0.00015547624591,3.08600390475e-05,2.25618339953e-06,0.000167418480025
2072,0.00257412547209,0.00274998617808,3.29692093364e-05,0.00015556959425,3.10693063902e-05,2.26141952366e-06,0.000169251999346
2073,0.00256704658987,0.00276590892505,3.29715140138e-05,0.000155987851319,3.12955435827e-05,2.26208219645e-06,0.000171142281875
2074,0.00254939627091,0.00277965048149,3.29581399333e-05,0.000156753574992,3.14340268857e-05,2.26940724119e-06,0.000173599172974
2075,0.00252808528102,0.00278918203586,3.2986108683e-05,0.000157785010073,3.16585204067e-05,2.28649571707e-06,0.000175554727899
2076,0.00250764404122,0.00279274450712,3.30534133115e-05,0.000158571497269,3.17189071313e-05,2.29631938092e-06,0.00017689340804
2077,0.00248413489905,0.00278999908481,3.30769962455e-05,0.000159004466995,3.16898904218e-05,2.29874484379e-06,0.000176461446088
2078,0.00245786157195,0.00278102152273,3.30025764322e-05,0.000159234292082,3.17118942917e-05,2.30654947998e-06,0.000175211759595
2079,0.00243563060266,0.00277208969617,3.29685393104e-05,0.000159256111637,3.15275896834e-05,2.30281426976e-06,0.000173249737525
2080,0.00241187737095,0.00276151360461,3.29413592506e-05,0.000159021846724,3.12200202399e-05,2.28577773094e-06,0.000171052754187
2081,0.00238883146521,0.00275187582588,3.29263610308e-05,0.00015866795048,3.10036558238e-05,2.27029985817e-06,0.000169072184829
2082,0.00236824522429,0.00273912100706,3.29096323369e-05,0.000158199991087,3.07856049741e-05,2.25365394874e-06,0.000167401269592
2083,0.00235585574213,0.00272817179339,3.28611307896e-05,0.000157533345396,3.06701754866e-05,2.24364917225e-06,0.000166668598219
2084,0.00234396876491,0.00271462227277,3.28665554227e-05,0.000156774289899,3.06597013124e-05,2.2413066664e-06,0.000167209203249
2085,0.00233729733848,0.00270491697221,3.29332875416e-05,0.000156163045494,3.0729039368e-05,2.24787809443e-06,0.000168187593639
2086,0.00233939424413,0.00269857359673,3.30234323444e-05,0.000155725021002,3.08956059382e-05,2.24807848807e-06,0.000169418880564
2087,0.00235025565839,0.00269571076443,3.30282930045e-05,0.000155526662987,3.10322728711e-05,2.25374690545e-06,0.000170531672985
2088,0.00236563499648,0.00270756596608,3.29901820331e-05,0.000155716027982,3.11421230123e-05,2.25531290033e-06,0.00017215157615
2089,0.00238548588202,0.00272336135844,3.29950075961e-05,0.000156368841555,3.12549626394e-05,2.25683461227e-06,0.000173488890223
2090,0.00240851336284,0.00273477461318,3.29233422374e-05,0.000157043965447,3.13660275672e-05,2.26241431633e-06,0.000173525089231
2091,0.00243623572276,0.00273862312522,3.28237408733e-05,0.000157543106264,3.14092306539e-05,2.27227043751e-06,0.000173166017628
2092,0.00246414148044,0.00273954890662,3.27634361906e-05,0.000157931544245,3.14728350732e-05,2.28430032033e-06,0.000172109837558
2093,0.00248878483227,0.00273943211284,3.27659848643e-05,0.000158256064955,3.1514157358e-05,2.29388907444e-06,0.000170185622504
2094,0.00251421618962,0.0027376552645,3.27954945892e-05,0.000158360903886,3.14043996338e-05,2.29454945285e-06,0.000168493142832
2095,0.0025336442302,0.00273436391668,3.28984408553e-05,0.000158166231735,3.1251404574e-05,2.28304133724e-06,0.000166817054903
2096,0.00254541198851,0.00272424153589,3.29148362367e-05,0.000157937181869,3.11034945292e-05,2.27149737213e-06,0.000165854917178
2097,0.00255695824845,0.00270897975217,3.29486992191e-05,0.000157636214863,3.09695491894e-05,2.26481487693e-06,0.000164969233345
2098,0.00256309615391,0.00269833765887,3.29746554955e-05,0.000157233080988,3.0846783134e-05,2.26088531294e-06,0.000165350664258
2099,0.00257021670252,0.00269508607463,3.29467705554e-05,0.000156797684798,3.08295156693e-05,2.26243316735e-06,0.000166504589666
2100,0.00257586214456,0.00270348183363,3.29899737925e-05,0.000156458970108,3.09517136809e-05,2.26436405858e-06,0.000168461302108
2101,0.00257837451207,0.00271959638318,3.30353599506e-05,0.000156403692509,3.10592750291e-05,2.25884759452e-06,0.000170161928147
2102,0.00257007937655,0.00273603084686,3.30056365505e-05,0.00015662750319,3.11520794985e-05,2.25651317357e-06,0.000171794588107
2103,0.00255654607358,0.00274778848033,3.29701597598e-05,0.00015719559313,3.13361751791e-05,2.25837601099e-06,0.000173230394712
2104,0.00253875765472,0.00276014026182,3.29625072408e-05,0.000158039740812,3.14201384881e-05,2.26226396657e-06,0.000174637909222
2105,0.00252004889884,0.00276411486221,3.29513186505e-05,0.00015887399842,3.1538834189e-05,2.27529848698e-06,0.000175385864253
2106,0.0025000734732,0.00276153333162,3.28984199539e-05,0.0001593991015,3.16237191445e-05,2.29126233232e-06,0.000175590567687
2107,0.00247405928517,0.00275889698865,3.29505648435e-05,0.000159559990337,3.16889316229e-05,2.30506309441e-06,0.000175292435874
2108,0.00244863575508,0.00275436205984,3.29931428923e-05,0.000159536256577,3.17108969498e-05,2.31160542674e-06,0.000174146915717
2109,0.00242390925801,0.00274293907067,3.30118416821e-05,0.000159276969876,3.1552713616e-05,2.30340264832e-06,0.000172454014282
2110,0.00240217737962,0.00273378229339,3.30344588542e-05,0.000158986293742,3.13303158182e-05,2.28765578543e-06,0.00017079348139
2111,0.00238039604329,0.00272543488982,3.30486203789e-05,0.000158649276759,3.11748051504e-05,2.27255051706e-06,0.000169626425212
2112,0.00236376217919,0.00270464768125,3.30631471998e-05,0.000158127105682,3.09515757012e-05,2.26025181405e-06,0.000169236085809
2113,0.00234908808038,0.00268263937707,3.30376254784e-05,0.000157542063462,3.08828735704e-05,2.25839492788e-06,0.00016996310823
2114,0.00233639968946,0.00265792627662,3.30695869998e-05,0.00015690705039,3.08858300491e-05,2.25624159343e-06,0.000170735256583
2115,0.00233242810062,0.00264080762302,3.30489118784e-05,0.00015647936442,3.09355878951e-05,2.254791174e-06,0.000171213187906
2116,0.00233598364679,0.00263796746205,3.2993034969e-05,0.000156276849962,3.1033844771e-05,2.24623745355e-06,0.000171670271245
2117,0.00234657343799,0.00263847837991,3.29264779345e-05,0.000156465818219,3.10461803254e-05,2.24404320001e-06,0.000172049253344
2118,0.00236248861844,0.00264811865213,3.28986517619e-05,0.00015680840509,3.10285358799e-05,2.24246500091e-06,0.000172499707787
2119,0.0023808465964,0.00265805972033,3.2807284125e-05,0.000157295327361,3.11356887112e-05,2.24855392157e-06,0.000172528269562
2120,0.00240378547735,0.0026703967188,3.27327653679e-05,0.000157810859145,3.12267157264e-05,2.2629065755e-06,0.000172333867327
2121,0.00243314410097,0.00267837615532,3.26830079118e-05,0.000158267991082,3.14118679092e-05,2.27879790294e-06,0.000171662338415
2122,0.00246408738364,0.00268471997334,3.26624505351e-05,0.000158474513199,3.15589728098e-05,2.29170233736e-06,0.000170271193396
2123,0.00249082859264,0.00268999355393,3.26970685914e-05,0.000158517402443,3.14994880507e-05,2.29842941256e-06,0.000168869892904
2124,0.00251302826649,0.00268937519402,3.27915031841e-05,0.000158385519377,3.14284606875e-05,2.29332131378e-06,0.000167943685645
2125,0.00253238729034,0.00268465878287,3.28323678493e-05,0.000158008959669,3.13144745009e-05,2.27815407336e-06,0.000167186803332
2126,0.00254526439207,0.00266989072105,3.27667721226e-05,0.000157498327113,3.11408563033e-05,2.26670904249e-06,0.000166901102853
2127,0.0025521599203,0.00265678427608,3.27155078023e-05,0.000156879868252,3.10428600644e-05,2.26570551467e-06,0.000166411899216
2128,0.00255532291351,0.00265243174504,3.27842677048e-05,0.000156242582562,3.09932980084e-05,2.2633779828e-06,0.000166778695923
2129,0.0025547347299,0.0026596530105,3.27590060153e-05,0.000155641955655,3.09206423278e-05,2.25557028331e-06,0.000167794298896
2130,0.0025539616296,0.00267258111235,3.26756894871e-05,0.000155323936416,3.09617899373e-05,2.25039379943e-06,0.000169118475818
2131,0.00254797734662,0.00268761035254,3.26363467936e-05,0.000155470793611,3.10469766658e-05,2.24401187078e-06,0.000170157500084
2132,0.00253404502294,0.00269994246012,3.26320420504e-05,0.000155913950747,3.10289525211e-05,2.24229325894e-06,0.000170963684619
2133,0.00252046664911,0.0027162431665,3.26550665286e-05,0.000156488142985,3.11128421649e-05,2.24566484109e-06,0.000171552704601
2134,0.00250531986819,0.0027252306382,3.25885468247e-05,0.000157003003596,3.12734983571e-05,2.2541458411e-06,0.000172303045657
2135,0.00248451431984,0.00272954883974,3.2535632543e-05,0.000157472383872,3.1418065727e-05,2.27408166255e-06,0.00017293468242
2136,0.00246249127787,0.00272984600618,3.25744640436e-05,0.000157811217566,3.15737592635e-05,2.29330928028e-06,0.000173553652837
2137,0.00244006451362,0.0027230789868,3.26949626121e-05,0.000157791665589,3.17075945059e-05,2.30509641711e-06,0.000173462459928
2138,0.00242017218787,0.00271916396469,3.27732193789e-05,0.000157545768065,3.17048270716e-05,2.30708755844e-06,0.000172241494286
2139,0.00240127691019,0.00270808937149,3.28240647863e-05,0.000157237826257,3.16538795866e-05,2.30212932312e-06,0.000170972478543
2140,0.00238286982818,0.00269248051472,3.29028110537e-05,0.00015684419728,3.1495888511e-05,2.29020511567e-06,0.000170229975941
2141,0.00235884756478,0.00267199672573,3.29350145224e-05,0.000156396200546,3.13252413375e-05,2.27191051569e-06,0.000169925582492
2142,0.00233932731716,0.00264119837339,3.28764581725e-05,0.000155665074314,3.11447210099e-05,2.26113637214e-06,0.000169700503688
2143,0.00232347387502,0.00261091942243,3.28018231784e-05,0.000154891205112,3.10875083927e-05,2.25734696335e-06,0.000169476513168
2144,0.0023101691236,0.00258928461997,3.27781643972e-05,0.00015443345507,3.10281637851e-05,2.25077096933e-06,0.000169782018022
2145,0.00230553358378,0.00257519019757,3.27816783844e-05,0.00015431071855,3.09769084132e-05,2.24007678273e-06,0.000169915663693
2146,0.00230915919963,0.00256875953903,3.27021094244e-05,0.000154281422869,3.09089956881e-05,2.23045478398e-06,0.000169126303111
2147,0.00232110904063,0.00256437934108,3.25724860947e-05,0.00015450353921,3.0865489982e-05,2.22813418285e-06,0.000169153355092
2148,0.00234028263293,0.00257510203819,3.24403579136e-05,0.000154834125979,3.08856412416e-05,2.2368985668e-06,0.000169578600411
2149,0.00236303322905,0.00259058398304,3.23872750288e-05,0.000155188353769,3.10570284123e-05,2.24868481553e-06,0.000169049040755
2150,0.00239593910074,0.00260883679609,3.23131697281e-05,0.000155661891495,3.12431951633e-05,2.26480965373e-06,0.000168908560022
2151,0.0024307219771,0.00262194389712,3.23065399923e-05,0.000155992633355,3.14498041499e-05,2.28093883376e-06,0.000168954680202
2152,0.00246079925582,0.00263303357452,3.23852594762e-05,0.000155848874825,3.1558028979e-05,2.29211990326e-06,0.000168625968031
2153,0.00248995760865,0.00263401637816,3.24927200142e-05,0.000155645604506,3.14800977026e-05,2.29339314169e-06,0.000168244904698
2154,0.00251616448784,0.00263057968794,3.2541536563e-05,0.000155429081676,3.14818194205e-05,2.29075815871e-06,0.000168328670804
2155,0.00253226901322,0.00262958756712,3.24871693389e-05,0.000155131725674,3.13670767106e-05,2.28497533946e-06,0.000168082043274
2156,0.00254172021393,0.00261852730202,3.25041878877e-05,0.000154621083973,3.12248442838e-05,2.27312648261e-06,0.000167750986469
2157,0.00254005380344,0.00261293158466,3.2465019478e-05,0.000153922478546,3.11293654135e-05,2.26550369715e-06,0.000167425972974
2158,0.0025347857259,0.00261605618687,3.2409176077e-05,0.000153303527527,3.10231851609e-05,2.25420915256e-06,0.000167700632599
2159,0.00253254930127,0.00262620174015,3.2264935901e-05,0.000152881165265,3.08987623068e-05,2.23803839689e-06,0.000168156896988
2160,0.00252661431376,0.00264009850249,3.21290307126e-05,0.000152822047647,3.08363148341e-05,2.23019605013e-06,0.000168605750285
2161,0.00252030624866,0.00265495136693,3.20792012194e-05,0.000153115571902,3.0823443226e-05,2.22947927246e-06,0.000168476823808
2162,0.00250966973652,0.00266442957943,3.20793388104e-05,0.000153585598379,3.08074037496e-05,2.22637462269e-06,0.000168894500492
2163,0.00249733726276,0.0026777856396,3.20414324414e-05,0.000153930773107,3.09287519337e-05,2.23576484669e-06,0.000169208972774
2164,0.002479652479,0.00269063834088,3.20378826705e-05,0.000154271274308,3.1154087626e-05,2.25643503754e-06,0.00016976231232
2165,0.00246000983677,0.00269700907198,3.21098668802e-05,0.000154494252224,3.13387232105e-05,2.27356648203e-06,0.000170872040246
2166,0.00243949803648,0.00269753787742,3.22231108219e-05,0.000154628696671,3.15398460314e-05,2.28665862929e-06,0.000171770460898
2167,0.00241625806653,0.00269248590204,3.23576920746e-05,0.000154475594523,3.1762861544e-05,2.30005804196e-06,0.000171621631478
2168,0.00239927939426,0.00268673988373,3.24642243094e-05,0.000154184120278,3.17928438797e-05,2.30621436061e-06,0.000171124308258
2169,0.00238096902439,0.00267428150218,3.25434055545e-05,0.000153873736745,3.17582164332e-05,2.29790316034e-06,0.000171225212377
2170,0.00236215910444,0.00265176593516,3.25701206836e-05,0.000153302547657,3.16392442377e-05,2.28556476814e-06,0.000170505233781
2171,0.00233794856442,0.00261791203599,3.25233899313e-05,0.000152641070723,3.14173982575e-05,2.26797217218e-06,0.000169811384283
2172,0.00231476485645,0.0025834536233,3.2424898609e-05,0.000152016928685,3.12430363468e-05,2.25161186202e-06,0.000169325514404
2173,0.00229629346177,0.00255602821172,3.2343771755e-05,0.00015160337736,3.11169370515e-05,2.24073411185e-06,0.000168915518472
2174,0.00228747264084,0.00253666889554,3.23313678778e-05,0.000151384576995,3.09099334103e-05,2.22763513607e-06,0.000168540642205
2175,0.00228902141402,0.00252592720096,3.22426837002e-05,0.000151300180698,3.08061660471e-05,2.21979716033e-06,0.000167828567881
2176,0.00229500108243,0.00251869053395,3.20932507246e-05,0.000151388590394,3.07206617941e-05,2.22046146732e-06,0.000167285119062
2177,0.00231020031206,0.00252335152035,3.20061235017e-05,0.000151684947494,3.06742365725e-05,2.22755257319e-06,0.000167472965178
2178,0.00233522865779,0.00253764351562,3.20028486453e-05,0.000151926289629,3.08624045476e-05,2.2403907811e-06,0.000167634962835
2179,0.00236757706086,0.00256215006801,3.19848670486e-05,0.000152243518371,3.10293278714e-05,2.25907389466e-06,0.000167711466191
2180,0.00240726697454,0.00258366600296,3.20914459099e-05,0.00015257240397,3.121742726e-05,2.27557222427e-06,0.000168622467436
2181,0.00244674249733,0.00259943437762,3.22005691638e-05,0.000152780034886,3.14514986756e-05,2.28666596947e-06,0.000169561837282
2182,0.00248060511635,0.00260676868253,3.22570843598e-05,0.000152692723596,3.15710275746e-05,2.30159919997e-06,0.000169947512514
2183,0.00250398461607,0.00261209475908,3.23090208897e-05,0.000152471115407,3.15305450613e-05,2.30971775052e-06,0.000170454195456
2184,0.00252661107547,0.0026183401692,3.23750775655e-05,0.000152198877223,3.15411822438e-05,2.30984843273e-06,0.000170483384027
2185,0.00253854144396,0.00261876544897,3.24111365091e-05,0.00015182129627,3.14595343146e-05,2.30029647089e-06,0.000169998072559
2186,0.00254079798855,0.0026133524767,3.23682087245e-05,0.000151394280922,3.12800267644e-05,2.28352747744e-06,0.00016932582928
2187,0.00253390141314,0.00261010752821,3.22983655375e-05,0.000151127691021,3.11528545652e-05,2.26780944381e-06,0.000169068646267
2188,0.00252916954128,0.00261767963748,3.22088758077e-05,0.000150869901042,3.0970208178e-05,2.25628685239e-06,0.000168619742393
2189,0.00252631080549,0.00263359408781,3.20480993344e-05,0.000150576270595,3.07855464135e-05,2.24211272702e-06,0.000168166303195
2190,0.00252096089635,0.00264457506327,3.19074701617e-05,0.000150456162632,3.06750215412e-05,2.23281737715e-06,0.000167937273997
2191,0.00251568500497,0.00265566417363,3.18200692565e-05,0.000150567242713,3.06389479165e-05,2.23161078401e-06,0.000167305071549
2192,0.00250537949165,0.00266634645896,3.17920310254e-05,0.000150813686518,3.07643216027e-05,2.23410077124e-06,0.000167233887035
2193,0.0024901182598,0.00268285029157,3.18259032856e-05,0.000151062176024,3.09377994705e-05,2.24617192522e-06,0.00016784717631
2194,0.00247273582846,0.00269706795637,3.18995823911e-05,0.000151205892145,3.12106958748e-05,2.26098118123e-06,0.000168702111591
2195,0.00245322446526,0.00270171414665,3.19761388144e-05,0.000151417909577,3.14414400425e-05,2.27709388873e-06,0.000169881115457
2196,0.00243416929472,0.00270051208444,3.21168988325e-05,0.000151626868759,3.1704499205e-05,2.29292540724e-06,0.000171407769263
2197,0.00241655426247,0.00269690735197,3.22780800561e-05,0.000151577187812,3.18965796901e-05,2.3085039363e-06,0.000172633523692
2198,0.00240037165598,0.00268490336806,3.23630993322e-05,0.000151313120376,3.19379556846e-05,2.31256148853e-06,0.000173159054994
2199,0.00238131735675,0.00266133507742,3.2343682305e-05,0.000150808827651,3.19036576551e-05,2.3035718194e-06,0.000172927301106
2200,0.00235741611909,0.00263136614834,3.23290592171e-05,0.000150203813915,3.17313070472e-05,2.28538318227e-06,0.000171849972464
2201,0.00233048224286,0.00259600038991,3.23056335112e-05,0.000149669028587,3.14557590488e-05,2.26244532558e-06,0.000170763911973
2202,0.00230804603078,0.00256407634103,3.2160805424e-05,0.000149218970804,3.11922101967e-05,2.24426940255e-06,0.000169685350899
2203,0.00229587135868,0.00254120755221,3.20848959987e-05,0.000148910416783,3.09463344749e-05,2.2299826592e-06,0.000168542988944
2204,0.00229325002304,0.00252723688493,3.20009041405e-05,0.000148747060609,3.07326360321e-05,2.22335343068e-06,0.000167816384285
2205,0.00229988264306,0.00252039901575,3.19039432363e-05,0.000148992764972,3.06265233461e-05,2.22396644319e-06,0.000167036893679
2206,0.00231335026802,0.00251700774742,3.18206887711e-05,0.000149238062355,3.06286238926e-05,2.22829557235e-06,0.000166635269952
2207,0.00233561822092,0.00252796507035,3.17629124414e-05,0.000149469295212,3.06912401472e-05,2.23369156433e-06,0.000166791470628
2208,0.00236462099423,0.00254641392668,3.17496109332e-05,0.000149577840959,3.09158565483e-05,2.24376851155e-06,0.000166990230627
2209,0.00240149962013,0.00257117797711,3.17815173834e-05,0.000149808000151,3.10976733153e-05,2.25390144007e-06,0.000167665167721
2210,0.00244988384802,0.00258949882886,3.18301553734e-05,0.000149990007975,3.13007569222e-05,2.26758418557e-06,0.000169401908248
2211,0.00248846920002,0.00260429316078,3.18683715468e-05,0.000149956637765,3.1556592809e-05,2.2817418114e-06,0.000170898525628
2212,0.00251458891051,0.00261584679457,3.19266722815e-05,0.000149781479145,3.16863333881e-05,2.29930260112e-06,0.000171633464901
2213,0.00253504919062,0.00262676532727,3.2103669879e-05,0.000149630090644,3.17419342159e-05,2.30919514713e-06,0.000172184354246
2214,0.00255297339175,0.00263700308112,3.21074181592e-05,0.000149288153709,3.17099815202e-05,2.2997921383e-06,0.000171884016082
2215,0.0025537059563,0.00263676171307,3.20628777446e-05,0.000148969265497,3.15487949525e-05,2.27969384197e-06,0.000170997308857
2216,0.00254812248591,0.00263274839262,3.19801819535e-05,0.000148682248561,3.13484249872e-05,2.26429088731e-06,0.000169910190146
2217,0.00253857005791,0.00263709783558,3.19148442711e-05,0.000148335766075,3.11097819884e-05,2.24772618639e-06,0.000169019510879
2218,0.00253617672915,0.00264573338859,3.17576583644e-05,0.000148062861149,3.08935741322e-05,2.23188262563e-06,0.000167680238822
2219,0.00253638517519,0.00265709107191,3.15848989913e-05,0.000147951510187,3.07068504491e-05,2.22822632512e-06,0.0001667017163
2220,0.00252963563783,0.00266648074389,3.15346707321e-05,0.00014819642122,3.07023486863e-05,2.23154471222e-06,0.000166135537348
2221,0.00251823542253,0.00268357375309,3.15932993374e-05,0.000148557115021,3.07453678008e-05,2.24022003123e-06,0.000165952480584
2222,0.0025087141892,0.00270000832406,3.17612324187e-05,0.000148954754949,3.09384280022e-05,2.24599055176e-06,0.000166840811505
2223,0.00249741184432,0.00271874528851,3.18858741508e-05,0.000149209189816,3.11764929475e-05,2.25639928763e-06,0.000168339548694
2224,0.00248473162068,0.00273010459719,3.19505693688e-05,0.000149531950647,3.14919619073e-05,2.27647319544e-06,0.00016960783353
2225,0.00247181258283,0.00273488397315,3.21507345561e-05,0.000149914507858,3.17275803641e-05,2.2887598079e-06,0.000171894495588
2226,0.002457890166,0.00273125244599,3.22520550222e-05,0.000149961292462,3.20472968897e-05,2.29752588321e-06,0.000174308145143
2227,0.00243725747065,0.00271643579861,3.22496158773e-05,0.000149784472021,3.22209212396e-05,2.30536752157e-06,0.000175493930989
2228,0.0024153374724,0.00269430579291,3.22464814956e-05,0.000149467276515,3.22023394866e-05,2.30359352966e-06,0.000175506766011
2229,0.00239253116816,0.00266870543823,3.22308583423e-05,0.000149227642356,3.20933632288e-05,2.29144151705e-06,0.000174424342452
2230,0.00237053376431,0.00264281102409,3.2190531577e-05,0.000148950609674,3.18497958749e-05,2.26955074045e-06,0.000172707371475
2231,0.0023481216578,0.00260979620423,3.21192616815e-05,0.000148654446417,3.14181466666e-05,2.24147838681e-06,0.000170680522489
2232,0.00232919694261,0.00258169651088,3.1913774659e-05,0.00014826820227,3.11086829409e-05,2.22283906987e-06,0.000169155536136
2233,0.00232251946568,0.00256005746513,3.17621613494e-05,0.000148091112411,3.08659802051e-05,2.21626218087e-06,0.00016794388756
2234,0.00232386596744,0.00254894647805,3.16730812213e-05,0.000148001304952,3.07136213057e-05,2.21602968846e-06,0.000166760942343
2235,0.00233878357258,0.00255012291949,3.15652269233e-05,0.000147964085089,3.07111084873e-05,2.21780439192e-06,0.000165851156463
2236,0.00235859940361,0.00255477029724,3.15500256212e-05,0.000147933371573,3.07452450467e-05,2.22720178415e-06,0.000166067614349
2237,0.00238535486114,0.00256578752023,3.16591147399e-05,0.000148011042874,3.0879865715e-05,2.23497394222e-06,0.000167295162403
2238,0.00242003277618,0.00258628114574,3.17411422658e-05,0.000148032781842,3.11558911759e-05,2.24643088175e-06,0.000168348784198
2239,0.00246300257026,0.00260706091237,3.1796460849e-05,0.000148178483834,3.13439579679e-05,2.2648358244e-06,0.000169892454849
2240,0.00250340000177,0.00262998414998,3.18825517624e-05,0.000148551366857,3.15550413027e-05,2.28560667551e-06,0.000171875581947
2241,0.00253699028099,0.00265166474356,3.2057403518e-05,0.000148790082206,3.18919576734e-05,2.30157416538e-06,0.000173383435257
2242,0.00255972917603,0.00266707562893,3.21516431905e-05,0.000148868507458,3.19575663352e-05,2.31535064537e-06,0.00017403877393
2243,0.00257189442762,0.00268158501668,3.22069320349e-05,0.000148895898771,3.1979193358e-05,2.31695563094e-06,0.000174955006089
2244,0.00258090830905,0.00269374287023,3.22227787866e-05,0.000148981871921,3.19076411199e-05,2.30115567883e-06,0.000174122395836
2245,0.00258399717014,0.00270031833202,3.21831171967e-05,0.00014887916251,3.16509514491e-05,2.28148228641e-06,0.000172707907737
2246,0.00257950900566,0.00269959773922,3.20380846104e-05,0.000148562150813,3.13566357495e-05,2.26232991543e-06,0.000170972035371
2247,0.00258069523207,0.00270344624347,3.18767723693e-05,0.000148276275199,3.11333309759e-05,2.24725683819e-06,0.000169950020207
2248,0.00257834627138,0.00271104307497,3.17412985963e-05,0.000148009784129,3.09629536522e-05,2.24140691117e-06,0.000168548775791
2249,0.00257512442199,0.00272428789923,3.17306435172e-05,0.000147912130948,3.08725283044e-05,2.24422929973e-06,0.000167583059956
2250,0.0025703668632,0.00273077524417,3.17742202568e-05,0.00014817211494,3.09493561368e-05,2.2500995518e-06,0.000167339996111
2251,0.00256355030081,0.0027411892851,3.19920878493e-05,0.000148651557009,3.10660047762e-05,2.25483750248e-06,0.000167910669324
2252,0.0025529065651,0.00275225505255,3.21730588841e-05,0.000149132426972,3.13623504564e-05,2.26429405002e-06,0.000169706828681
2253,0.00254407795187,0.00276831421854,3.2372468853e-05,0.000149586148122,3.16795238182e-05,2.28097250229e-06,0.000172005260424
2254,0.00253112019278,0.00278083046712,3.24952583996e-05,0.000150042717415,3.19784259883e-05,2.29759259414e-06,0.000174132355197
2255,0.00251683921338,0.00278331206208,3.26103505236e-05,0.000150530907603,3.22554808542e-05,2.30954621311e-06,0.000176669058913
2256,0.00249730667367,0.0027752393866,3.27069728287e-05,0.000150855571565,3.25492308482e-05,2.3191488889e-06,0.000178689354882
2257,0.00247408542783,0.00276474050831,3.27806100239e-05,0.000150845777933,3.26069545761e-05,2.32188884731e-06,0.00017938510802
2258,0.00245144126037,0.00274576445093,3.27330444947e-05,0.000150813070563,3.2475633739e-05,2.31209040686e-06,0.000178922705803
2259,0.00242840612772,0.00272108889698,3.26647600862e-05,0.000150942842873,3.22127263915e-05,2.29505659228e-06,0.000177125130353
2260,0.00240478686134,0.00269688530587,3.2595094489e-05,0.000150781513747,3.19144505323e-05,2.27298599048e-06,0.000174784071964
2261,0.00238252139306,0.00266817422685,3.24218325459e-05,0.000150331460286,3.15146958786e-05,2.2498751682e-06,0.000172350913783
2262,0.00236815699193,0.00264610542435,3.21521997899e-05,0.000149967024472,3.12830776612e-05,2.23906156587e-06,0.000170505321296
2263,0.00236922144076,0.00263502580807,3.20034703121e-05,0.000149706206709,3.11067938614e-05,2.23326104563e-06,0.000168737103407
2264,0.00237856403451,0.00263113835953,3.19081960309e-05,0.000149543061094,3.09271794788e-05,2.23255283499e-06,0.000167829327009
2265,0.0023971977023,0.00263392471002,3.19698676924e-05,0.000149546426742,3.10107898856e-05,2.23924643683e-06,0.000167688152737
2266,0.00242052407084,0.00263450734877,3.20607678688e-05,0.000149641264661,3.11411687038e-05,2.24740922827e-06,0.0001687067732
2267,0.00245370177208,0.00264335420194,3.21543700716e-05,0.000149770741286,3.13599816033e-05,2.25565423906e-06,0.000170644587512
2268,0.00249095036524,0.00266422676146,3.21820237691e-05,0.00014989656702,3.16159678531e-05,2.27535481156e-06,0.000172225883278
2269,0.00253277983487,0.00268993779744,3.23283814502e-05,0.000150217646308,3.18105787257e-05,2.29473928987e-06,0.000173631279864
2270,0.0025711278639,0.00271682971241,3.24455824326e-05,0.000150660444077,3.2014240642e-05,2.31034710027e-06,0.000175693695656
2271,0.00259566244344,0.00273795587475,3.25479789308e-05,0.000150961547946,3.23031685999e-05,2.32232187493e-06,0.000177097001717
2272,0.00260663477667,0.00275327170809,3.2634377806e-05,0.000151035774461,3.23060683924e-05,2.3243558138e-06,0.000177582480046
2273,0.00261585298211,0.00276771841423,3.26329260708e-05,0.000150993895596,3.22200969801e-05,2.31631038239e-06,0.000177104233351
2274,0.00262147687828,0.00277891752259,3.25127869665e-05,0.000150952464256,3.20632850594e-05,2.29698559316e-06,0.000175383802891
2275,0.00262624359789,0.00277966112249,3.23310983366e-05,0.000150761652515,3.18037612557e-05,2.28297644764e-06,0.000173219415127
2276,0.00262206089505,0.00277851775445,3.22744474132e-05,0.00015049009696,3.15269194227e-05,2.27144554564e-06,0.000171588754391
2277,0.00261951594983,0.00278240759627,3.21647873499e-05,0.000150189176019,3.13832776583e-05,2.2620757155e-06,0.000169998715962
2278,0.0026156870007,0.00278367905492,3.2082459068e-05,0.000149942154291,3.12339299806e-05,2.25132678997e-06,0.000168459956105
2279,0.00261152120826,0.00278654587117,3.20921875332e-05,0.000149826946283,3.11931081929e-05,2.25138930008e-06,0.000167750089419
2280,0.00260501716714,0.00278603899778,3.21972778337e-05,0.000149879889941,3.13553591362e-05,2.25767016026e-06,0.000167606462483
2281,0.00259653835946,0.00278851904792,3.23975329962e-05,0.000149993280218,3.1611798436e-05,2.26428091946e-06,0.0001688675008
2282,0.00258488682143,0.00279658388741,3.25572276526e-05,0.00015019103371,3.18882835947e-05,2.27127974766e-06,0.000171598513774
2283,0.00257527120017,0.0028140148025,3.26670274487e-05,0.000150535319007,3.22603741751e-05,2.2909986683e-06,0.000174065004827
2284,0.00256461990072,0.00283274422511,3.28243399173e-05,0.000150938962458,3.25092351343e-05,2.30107662337e-06,0.000175802186952
2285,0.00254260483111,0.00283804312712,3.28691209423e-05,0.000151412735825,3.26578348948e-05,2.29956659948e-06,0.000177300727059
2286,0.00251520756092,0.00282810259917,3.27947181868e-05,0.000151740571512,3.28607062489e-05,2.29761885707e-06,0.00017806933273
2287,0.0024865671261,0.00281288388264,3.27742973789e-05,0.000151771510834,3.27578680558e-05,2.29630605448e-06,0.000177295875061
2288,0.00246153357789,0.00279292459152,3.27123484697e-05,0.000151596890705,3.25629078352e-05,2.28740182093e-06,0.000175596911717
2289,0.00243822799603,0.00277167585265,3.25819019577e-05,0.000151327466105,3.23163406843e-05,2.27440856279e-06,0.000173343283314
2290,0.00241502197653,0.00274855749892,3.24837631312e-05,0.000151036009679,3.20032013059e-05,2.26072784601e-06,0.00017111125233
2291,0.00239385969728,0.00272936497908,3.23162586988e-05,0.000150727525115,3.17183562976e-05,2.24896812116e-06,0.00016888808764
2292,0.00239241320891,0.00271766520514,3.22240706507e-05,0.000150546560603,3.14667378282e-05,2.24006908199e-06,0.0001671556068
2293,0.00239985079572,0.00271614693161,3.21979951568e-05,0.000150382670085,3.12760364203e-05,2.23904843007e-06,0.000166149281527
2294,0.00241496689708,0.00271434622173,3.23164239718e-05,0.000150415386304,3.12518163431e-05,2.24501906913e-06,0.000166134400777
2295,0.00244082781707,0.00271276097888,3.24590709107e-05,0.000150510056807,3.14213550534e-05,2.25219018381e-06,0.000167156056417
2296,0.00246596323499,0.00271455015123,3.25731279272e-05,0.000150645975079,3.15717303476e-05,2.26693672286e-06,0.000169340077525
2297,0.00249702806283,0.00273003495406,3.27299262742e-05,0.000150948123414,3.18344981623e-05,2.28106328566e-06,0.000172275281784
2298,0.00253473566405,0.00275301257079,3.28804767677e-05,0.000151536568476,3.20676277635e-05,2.29605261493e-06,0.000174278543178
2299,0.00257500342685,0.0027804582662,3.29519886265e-05,0.000152085607981,3.22022356832e-05,2.30592107844e-06,0.000175916750054
2300,0.0026027794305,0.00280424546036,3.30015772931e-05,0.000152649749092,3.23294574462e-05,2.31150598006e-06,0.000177492893244
2301,0.00261848127397,0.0028192738969,3.30320242098e-05,0.000153135058526,3.25101924564e-05,2.31711013807e-06,0.000178042679934
2302,0.002633277963,0.00282869248714,3.29643838104e-05,0.00015323229377,3.24437955839e-05,2.3153101981e-06,0.000177463428157
2303,0.00264158498141,0.00283522214061,3.28726701126e-05,0.000153314285144,3.22875604081e-05,2.30988513539e-06,0.000176425508074
2304,0.00264543774515,0.00283705683761,3.27808681113e-05,0.000153312097393,3.21126518506e-05,2.3019829999e-06,0.000174587057144
2305,0.00265070940247,0.00283261228634,3.27380734994e-05,0.000153160196322,3.19594190107e-05,2.29303575547e-06,0.00017274233327
2306,0.00264622279449,0.00283185169487,3.26732602662e-05,0.000152819323246,3.17514471114e-05,2.27834194463e-06,0.000170622666395
2307,0.00264046867393,0.00282279563121,3.26134626767e-05,0.000152458804123,3.16758627471e-05,2.27057709068e-06,0.000169039987564
2308,0.00263672465957,0.00281430931765,3.26710522796e-05,0.000152070031162,3.16088421362e-05,2.26151077199e-06,0.000167877479002
2309,0.00263383021258,0.00280593889891,3.27575090599e-05,0.000151752829758,3.1659760998e-05,2.26027798496e-06,0.000167443035038
2310,0.00262569378335,0.00280321562523,3.28564556631e-05,0.000151577473123,3.17898118538e-05,2.26224978772e-06,0.000168537446045
2311,0.00261596183439,0.0028068618628,3.2921985001e-05,0.000151769145351,3.20667989991e-05,2.2698293168e-06,0.000170849437507
2312,0.00260282600095,0.00282178437529,3.30435496866e-05,0.000151912213889,3.2333921927e-05,2.2725981094e-06,0.000173098163336
2313,0.00258889647554,0.00284229731286,3.31037496677e-05,0.000152236877855,3.25939820826e-05,2.28251409669e-06,0.000174070433377
2314,0.0025701296255,0.0028573917711,3.31563435519e-05,0.000153013346337,3.27071694942e-05,2.28376076324e-06,0.00017469554993
2315,0.00254869957859,0.00287023025363,3.30959631311e-05,0.000153875263705,3.27915415878e-05,2.28530640108e-06,0.000175128660104
2316,0.00252004586622,0.00286909712429,3.3126350576e-05,0.000154454417184,3.28594135977e-05,2.28375153902e-06,0.000175467226369
2317,0.00249692855833,0.00285615133803,3.30737971154e-05,0.000154643331191,3.27614853028e-05,2.2822484479e-06,0.000174578343668
2318,0.00247779187306,0.00284157262504,3.28869469036e-05,0.000154825161481,3.25512253542e-05,2.28063501231e-06,0.000173173569686
2319,0.00245605898352,0.00282604840883,3.28000556955e-05,0.000154976336137,3.24126786669e-05,2.27191125909e-06,0.000170765140759
2320,0.002441052959,0.0028140591101,3.26845918769e-05,0.000155062654272,3.2138112721e-05,2.26193182676e-06,0.000168176110684
2321,0.00243233258969,0.00280282604099,3.26601635315e-05,0.000154921269796,3.18656388243e-05,2.25364116243e-06,0.0001665801492
2322,0.0024377327779,0.0027971988167,3.2721684873e-05,0.000154662438571,3.16597116457e-05,2.24483324902e-06,0.000165999215414
2323,0.00245029683307,0.00279605679321,3.27467009071e-05,0.000154276804109,3.15529778055e-05,2.23394324022e-06,0.000165580421544
2324,0.0024685657169,0.002794069518,3.27286624561e-05,0.000153913309744,3.15889385615e-05,2.23763054066e-06,0.000165737600536
2325,0.00248646873212,0.00279468244712,3.27902581537e-05,0.000153830922684,3.17852400226e-05,2.24724596389e-06,0.000167214914157
2326,0.0025038201631,0.00279796146117,3.29007047786e-05,0.000153990374321,3.19900173946e-05,2.2561675946e-06,0.000169239630672
2327,0.00253275213835,0.00280767661044,3.2958870152e-05,0.000154230558504,3.21864060033e-05,2.26130235545e-06,0.000171278670844
2328,0.00255777857624,0.00282231910681,3.29866226102e-05,0.000154748316661,3.2282213665e-05,2.26760771099e-06,0.000172556919113
2329,0.00258404963097,0.00283754371697,3.30180967906e-05,0.000155514582893,3.23523777302e-05,2.27384853569e-06,0.000173372040054
2330,0.00260426162561,0.0028506622014,3.30681436007e-05,0.000156387418632,3.24282608147e-05,2.28119912375e-06,0.00017423519602
2331,0.00262293947391,0.00285928186875,3.30658182604e-05,0.000156895837909,3.24726716942e-05,2.28678795286e-06,0.000173851900118
2332,0.00263632949951,0.00285727102092,3.30344006579e-05,0.000157183960192,3.23842829388e-05,2.29509352246e-06,0.000173610654839
2333,0.0026444794214,0.00285575301039,3.30656319078e-05,0.000157489639488,3.22903956407e-05,2.3004011054e-06,0.000173022081152
2334,0.00265290825139,0.00285835715493,3.31121387904e-05,0.000157688644121,3.2172710034e-05,2.29706783112e-06,0.000171753266612
2335,0.00265549766274,0.00285166294675,3.31329323452e-05,0.000157515098247,3.20351213253e-05,2.29109310276e-06,0.000170106949241
2336,0.00265302654579,0.00284364300188,3.31875447477e-05,0.000157167555504,3.19731916305e-05,2.28459944609e-06,0.000168485812053
2337,0.00264943265197,0.00283254516119,3.3315705066e-05,0.000157019311289,3.19498241999e-05,2.27491978187e-06,0.000167926280028
2338,0.00265011005169,0.00282141208441,3.34150287678e-05,0.000156951647842,3.19251450774e-05,2.27384128163e-06,0.000167974164208
2339,0.00264646382445,0.00281805732937,3.35563927444e-05,0.000156983968997,3.19791593578e-05,2.27493563646e-06,0.000169017138311
2340,0.00263765193791,0.00282189646852,3.36743165012e-05,0.000157108304421,3.20815150215e-05,2.27372022103e-06,0.000170870108429
2341,0.00262507608047,0.00283759900643,3.37686061574e-05,0.000157362663377,3.23155375124e-05,2.27707904421e-06,0.000172829974803
2342,0.00261181406836,0.00285384048785,3.38376240744e-05,0.000157804735506,3.25159502856e-05,2.27594635457e-06,0.000174436971218
2343,0.00260152268347,0.00287056411674,3.38245820512e-05,0.000158621386412,3.26379157807e-05,2.27913688236e-06,0.000174697682959
2344,0.00258056287271,0.00288452294695,3.38344314299e-05,0.000159761696365,3.26342945003e-05,2.27659552684e-06,0.000174440453971
2345,0.0025578439614,0.0028959400425,3.37583186468e-05,0.000160777527877,3.26908404852e-05,2.27892290363e-06,0.000174510934907
2346,0.00253312018541,0.00289929089532,3.37377800997e-05,0.000161615470646,3.26942113229e-05,2.28783172741e-06,0.000174443871483
2347,0.00251351877219,0.00289550445881,3.3718102419e-05,0.000161993239843,3.26722383322e-05,2.2916021119e-06,0.000173760049552
2348,0.00249808886748,0.0028920271343,3.35982861174e-05,0.000162151181179,3.25327854355e-05,2.29512832521e-06,0.000172251885641
2349,0.00248159045394,0.0028903080313,3.35836277182e-05,0.000162130765482,3.23757098173e-05,2.28921030003e-06,0.000170190442098
2350,0.00247405313376,0.00288168045376,3.35790835832e-05,0.000161949437152,3.21365269179e-05,2.28456841375e-06,0.000168306551842
2351,0.00247133032947,0.00286975051351,3.36137541252e-05,0.000161698527715,3.19355835799e-05,2.27772831654e-06,0.000167364902243
2352,0.00247875306009,0.00286615878417,3.36762699657e-05,0.000161241259302,3.17763956544e-05,2.27000547415e-06,0.000167209267249
2353,0.00249069370737,0.00286886057604,3.37385762561e-05,0.000161000913485,3.1705748773e-05,2.26545358039e-06,0.000167592282762
2354,0.00250534951075,0.00287007655788,3.37810586707e-05,0.000160923558673,3.18034800555e-05,2.2711215852e-06,0.000168235154853
2355,0.00251717407497,0.00286555701281,3.38520571039e-05,0.000161032344878,3.1956397769e-05,2.27494955963e-06,0.00016967761293
2356,0.00252890390035,0.00286320532668,3.38836354584e-05,0.000161152996924,3.21288980292e-05,2.27535546029e-06,0.000171558858383
2357,0.00254632784273,0.00286479994927,3.38924416312e-05,0.000161632387208,3.22416683765e-05,2.28029769242e-06,0.00017294297433
2358,0.00257009879457,0.00287306263032,3.39539064805e-05,0.000162426547534,3.22089500556e-05,2.28382643143e-06,0.00017383564302
2359,0.00260052445166,0.00287845201753,3.39253031058e-05,0.000163273555202,3.22216251195e-05,2.28106693704e-06,0.000174274271246
2360,0.00261800435896,0.00287764516603,3.37867509672e-05,0.000163819221316,3.22561171209e-05,2.28681581171e-06,0.000174346171231
2361,0.00263264245427,0.00287421378589,3.37974719753e-05,0.000164262681857,3.222784727e-05,2.29438326876e-06,0.000173890185793
2362,0.0026459753197,0.00287198526009,3.37651792773e-05,0.000164448704476,3.22457710593e-05,2.30198341491e-06,0.000173513872337
2363,0.00265922541459,0.00287135364431,3.3764749047e-05,0.00016452031694,3.22022108804e-05,2.3067284045e-06,0.000173183331547
2364,0.00266426470536,0.00286986383534,3.38449354722e-05,0.000164650170055,3.21397468578e-05,2.30489037026e-06,0.000171778380221
2365,0.00266651016325,0.00286349198906,3.39626920959e-05,0.000164632318124,3.2076416967e-05,2.30105176916e-06,0.000170108267268
2366,0.0026706248482,0.00284950001786,3.40834077535e-05,0.000164389884179,3.20421444058e-05,2.29793370489e-06,0.00016914235926
2367,0.00267086150664,0.0028411984953,3.41662409975e-05,0.000164065287265,3.19968219243e-05,2.28350757318e-06,0.000169448157358
2368,0.00266812582981,0.00283937250798,3.41418234228e-05,0.00016374310624,3.19780576229e-05,2.27756061848e-06,0.00016989863696
2369,0.00266030725718,0.00284367214676,3.41664998015e-05,0.000163509161701,3.19932122484e-05,2.27369700766e-06,0.000170489729269
2370,0.00264584551415,0.00284985325268,3.41992037145e-05,0.000163428162665,3.20688038753e-05,2.26806145214e-06,0.000171512782262
2371,0.0026308805037,0.00286238680509,3.42385334928e-05,0.000163560880177,3.21966434659e-05,2.25746223461e-06,0.000172430767422
2372,0.00262006566346,0.00287029057149,3.41690516277e-05,0.000163987394453,3.22589798255e-05,2.25282395355e-06,0.000172985935811
2373,0.00260495292488,0.0028784253495,3.40897657101e-05,0.000164631462658,3.22963099217e-05,2.24983636722e-06,0.000172438106207
2374,0.00258516357837,0.00288486142569,3.39467155995e-05,0.000165493923159,3.23008227574e-05,2.24948464302e-06,0.000171684746493
2375,0.00256250774234,0.00289222850998,3.38153899208e-05,0.000166296451762,3.23848183692e-05,2.25411485987e-06,0.000171024557917
2376,0.00254396449165,0.00289832878011,3.37559270449e-05,0.0001667947073,3.24405965374e-05,2.25945600801e-06,0.000170468755284
2377,0.00252591667063,0.00290120636539,3.36826074811e-05,0.000166994935313,3.24218122646e-05,2.26548148046e-06,0.000169964280568
2378,0.00251352991627,0.00290517069729,3.37293741919e-05,0.000167193337566,3.22451659064e-05,2.27111086157e-06,0.000168981814159
2379,0.0025034689651,0.00290255508214,3.38037851885e-05,0.000167287034425,3.21649996134e-05,2.2724504201e-06,0.000167324244536
2380,0.00250091643837,0.00289485880689,3.38591942817e-05,0.000167103845213,3.20204642383e-05,2.27041323919e-06,0.000165777272723
2381,0.00249883439235,0.00289112452692,3.38957664837e-05,0.000166651870539,3.18561056068e-05,2.26533557121e-06,0.000165602754811
2382,0.00250535765872,0.00289096699405,3.39366013643e-05,0.000166265108933,3.17710556169e-05,2.2578853627e-06,0.000166003648939
2383,0.00251123814767,0.00288964208638,3.40346752267e-05,0.000166007217941,3.17589010637e-05,2.25346746811e-06,0.000166577970401
2384,0.00251387824533,0.0028858775975,3.40640421606e-05,0.000165748338307,3.18142940718e-05,2.25157270142e-06,0.000167348792447
2385,0.00251318898419,0.00287474470466,3.40859766197e-05,0.000165758120874,3.18838860536e-05,2.25112740314e-06,0.000168717235422
2386,0.00252355280136,0.00286771466718,3.4101489949e-05,0.000166040081302,3.19849687417e-05,2.25063912847e-06,0.000169811784001
2387,0.00254413729898,0.00286706223687,3.41177196542e-05,0.000166592957871,3.19869576451e-05,2.25088784672e-06,0.000170684977583
2388,0.0025720348707,0.00286940285025,3.40666744432e-05,0.000167313895534,3.19293321502e-05,2.26340654711e-06,0.000171462929091
2389,0.0025992311898,0.00287374688888,3.41469984948e-05,0.000168150074187,3.19108114689e-05,2.27600747194e-06,0.00017175597133
2390,0.0026198061252,0.00287730968339,3.41876458049e-05,0.000168908841241,3.20178294488e-05,2.29032165184e-06,0.000171928003103
2391,0.00263639404667,0.0028775851407,3.42981613205e-05,0.000169319468723,3.20104340911e-05,2.30041758575e-06,0.000172324154281
2392,0.00265367145189,0.00287443963696,3.43366902196e-05,0.000169418261206,3.20799438912e-05,2.30959041563e-06,0.000172705673981
2393,0.00266930444227,0.00287401365174,3.44280514326e-05,0.000169537578314,3.2074409723e-05,2.31822742282e-06,0.000172244239882
2394,0.00268239084077,0.00287074569267,3.45516886348e-05,0.000169565400422,3.20872968012e-05,2.3204439795e-06,0.000171538022798
2395,0.0026951392399,0.0028659947025,3.46904740731e-05,0.000169289679875,3.2042424166e-05,2.31413359103e-06,0.000170977011896
2396,0.00269897027665,0.00286276211488,3.47471729339e-05,0.000168874911328,3.1960683691e-05,2.30843334333e-06,0.000170308423781
2397,0.00269617326615,0.0028651042639,3.47237588687e-05,0.000168431048893,3.19238802748e-05,2.29259950271e-06,0.000170078403503
2398,0.0026886847877,0.00286690593213,3.46606795453e-05,0.000168075237858,3.18825469834e-05,2.27823911118e-06,0.000169797816349
2399,0.00267456274235,0.00286819498692,3.45838352061e-05,0.000167829240639,3.1836329964e-05,2.26242342628e-06,0.000169822331026
2400,0.00266401373636,0.00287264094764,3.44941090835e-05,0.00016787532749,3.18201001454e-05,2.25305916124e-06,0.000170660474055
2401,0.00264599728212,0.00287565605601,3.44319020413e-05,0.000168251192491,3.18915188682e-05,2.24605768912e-06,0.000171020041881
2402,0.00262847276774,0.0028735003284,3.43765702994e-05,0.000168880629147,3.19516706059e-05,2.24306502992e-06,0.000170961403038
2403,0.00261194118642,0.00287171416735,3.42555813853e-05,0.000169565990867,3.19474216927e-05,2.24933819907e-06,0.000170271175708
2404,0.00259325962803,0.00287386364558,3.41630957068e-05,0.000170349349023,3.20471529536e-05,2.25807012898e-06,0.000169715238572
2405,0.00257605497055,0.00288624107959,3.41221661497e-05,0.000170953739022,3.21502186763e-05,2.2660402431e-06,0.00016933519378
2406,0.00256610686279,0.00290256065863,3.4199059315e-05,0.000171399068372,3.21870242777e-05,2.27391064429e-06,0.000169304848897
2407,0.00256151620271,0.00291107987105,3.42190399162e-05,0.000171602277397,3.22314997438e-05,2.28105144705e-06,0.000169397499292
2408,0.0025530622086,0.00291205927395,3.42533776696e-05,0.000171669333535,3.21041035314e-05,2.28237914345e-06,0.000168622266604
2409,0.00254335451857,0.00291527913494,3.42982420518e-05,0.000171422144467,3.20321872911e-05,2.28387078512e-06,0.000167508813608
2410,0.00253688380589,0.00291365004984,3.43192897359e-05,0.000171139853675,3.19802567206e-05,2.28462671228e-06,0.00016692700403
2411,0.00253483617838,0.00291284573245,3.44220195995e-05,0.000170797683441,3.18936409357e-05,2.27770818533e-06,0.000167171892382
2412,0.00253114737986,0.00290791738498,3.44210846773e-05,0.00017027321318,3.17839540617e-05,2.26269990669e-06,0.00016728304447
2413,0.00252602925022,0.00289928035395,3.43917217391e-05,0.000169844731008,3.17298606438e-05,2.25383882365e-06,0.000167672853576
2414,0.00252424583234,0.00288784362453,3.43981410186e-05,0.000169665680362,3.17325197912e-05,2.24981908019e-06,0.000168024771699
2415,0.00252908263497,0.00287627643936,3.44248451662e-05,0.000169676955184,3.17110451465e-05,2.24759568384e-06,0.000168657502172
2416,0.00254180601955,0.00286720196216,3.43919749118e-05,0.000169848051709,3.17440576862e-05,2.2511634931e-06,0.00016918089357
2417,0.00256254285996,0.00286217926636,3.44191208191e-05,0.000170499016296,3.16797994384e-05,2.25960007135e-06,0.000169892553785
2418,0.00258777674105,0.00286656347587,3.44694458522e-05,0.000171326111151,3.17096064061e-05,2.27328019293e-06,0.000170359386126
2419,0.00261329139182,0.0028749501973,3.44816480798e-05,0.000171899673975,3.17444575024e-05,2.28564618013e-06,0.00017083064381
2420,0.00263576572697,0.00287309530455,3.4522785175e-05,0.000172424353988,3.18496475057e-05,2.29805348136e-06,0.000171438931275
2421,0.00265810123412,0.00287694423133,3.4622376793e-05,0.000172831003553,3.18979816728e-05,2.30573541126e-06,0.000172056334161
2422,0.00267873307369,0.0028781765111,3.46776494819e-05,0.000172999606918,3.20026959151e-05,2.31672906578e-06,0.000172625390751
2423,0.00269899046579,0.00287937752484,3.47790390724e-05,0.000173046454939,3.19677738996e-05,2.32025501678e-06,0.000172477199934
2424,0.00271031889852,0.00288020563568,3.48021875525e-05,0.000172795326103,3.19759556935e-05,2.32335109582e-06,0.00017175033966
2425,0.00271657589147,0.00288248400989,3.48622787834e-05,0.000172432935086,3.19742744191e-05,2.31926577623e-06,0.000170751775897
2426,0.00271432926741,0.0028852071269,3.49039088565e-05,0.000171945191564,3.19010887762e-05,2.30902708451e-06,0.00016962930699
2427,0.0027075734187,0.00288757768243,3.48780973939e-05,0.000171502709565,3.17766049676e-05,2.28624855977e-06,0.000169078597389
2428,0.00270249993254,0.00288881336783,3.47099584169e-05,0.000171090362455,3.17302600004e-05,2.26458454813e-06,0.000168676538386
2429,0.00268829132357,0.00288795217587,3.45511915795e-05,0.00017078384119,3.15873611597e-05,2.25132259852e-06,0.000168558696868
2430,0.00267238500283,0.00288629017611,3.45128453474e-05,0.000170773973236,3.15440090584e-05,2.24751744846e-06,0.000169060811618
2431,0.00265500795448,0.00288336413663,3.44809281913e-05,0.000171254643389,3.16196034925e-05,2.24697272824e-06,0.000168942318729
2432,0.00263773028774,0.00287608768261,3.43609637593e-05,0.000171972325037,3.17144974707e-05,2.25559851263e-06,0.000168769150695
2433,0.002623571445,0.00287433861149,3.43393239562e-05,0.000172755427946,3.17595532005e-05,2.26209688262e-06,0.000168652499552
2434,0.00261229209401,0.0028851721651,3.43261923155e-05,0.00017352851659,3.18926610271e-05,2.26934021334e-06,0.000168421326707
2435,0.00260570673063,0.0029018036842,3.43599323581e-05,0.000174091675388,3.1988271888e-05,2.27192009054e-06,0.000168592113018
2436,0.00260015979278,0.00291545575727,3.44050364854e-05,0.000174300702572,3.20519017772e-05,2.27655852058e-06,0.000168622130748
2437,0.0025963197447,0.00292149910282,3.44125568133e-05,0.000174334893171,3.21179270869e-05,2.28491596415e-06,0.00016904764668
2438,0.00258799656429,0.00293030588941,3.4421875852e-05,0.000174208099839,3.20732158453e-05,2.28875831933e-06,0.000168712893675
2439,0.00258098227422,0.00293408879461,3.44660370319e-05,0.00017396429927,3.20540480343e-05,2.28988406547e-06,0.000168145581927
2440,0.00257257734269,0.00293260304554,3.45547925529e-05,0.000173735272652,3.20270543185e-05,2.28295420928e-06,0.000167719603248
2441,0.00256138672599,0.00292317344392,3.4560275225e-05,0.000173353029711,3.18794622109e-05,2.26860609172e-06,0.000167619551864
2442,0.00255247705737,0.0029147751824,3.45293564395e-05,0.00017290921221,3.17322857833e-05,2.2498179055e-06,0.000167663699823
2443,0.00254870773546,0.00290395040171,3.44949604138e-05,0.000172531301102,3.16033621593e-05,2.24403370634e-06,0.000167396950745
2444,0.00255450609743,0.00289108583713,3.44992862602e-05,0.000172343616811,3.15134388672e-05,2.24293178708e-06,0.000167448034586
2445,0.00255821409396,0.00288158792171,3.45311590315e-05,0.000172310647057,3.145611744e-05,2.24772186231e-06,0.000167883863909
2446,0.0025675650419,0.00287735601652,3.45968347077e-05,0.000172512002575,3.15336341061e-05,2.25784953241e-06,0.00016803371094
2447,0.00258632004552,0.00287855545494,3.45971356093e-05,0.000172952134869,3.1569709277e-05,2.26916647096e-06,0.000168455977083
2448,0.0026125302606,0.00287868378187,3.46185691013e-05,0.000173438966644,3.16300110652e-05,2.27837417999e-06,0.000169503520664
2449,0.00263992476434,0.00288489689473,3.4686522613e-05,0.000174006582921,3.17606965118e-05,2.28987848908e-06,0.000170547158671
2450,0.0026691099518,0.00289164117978,3.47781709675e-05,0.000174549169345,3.18611657346e-05,2.30274515079e-06,0.000171243525726
2451,0.00269574690874,0.00289526499199,3.48739145278e-05,0.000174967262245,3.19036979095e-05,2.31348447939e-06,0.000172412388528
2452,0.00271894725415,0.00289502654835,3.49459582415e-05,0.000174983676328,3.20042635571e-05,2.32062091763e-06,0.000173348760486
2453,0.00273590664696,0.00289931914715,3.49502681318e-05,0.000174812623213,3.20237140698e-05,2.32449229734e-06,0.000173030309311
2454,0.002745702786,0.00290451787345,3.50135604368e-05,0.000174390902093,3.19866670131e-05,2.3214268621e-06,0.000171635704879
2455,0.00275231393596,0.00290954210231,3.50247364993e-05,0.000173851242792,3.19619449552e-05,2.30853062929e-06,0.000170216600702
2456,0.00275418341595,0.00291075645665,3.49550669133e-05,0.000173343276822,3.18221655236e-05,2.28724204192e-06,0.000168912343362
2457,0.00274913826098,0.00290955849114,3.48216188528e-05,0.000172846470968,3.15729740719e-05,2.26472428217e-06,0.000168088336004
2458,0.00273998958919,0.00290348120403,3.46719791724e-05,0.000172495094257,3.14930324461e-05,2.25018883892e-06,0.000167208526552
2459,0.00272405484414,0.00289772162345,3.45153392355e-05,0.000172380133539,3.13913814598e-05,2.24208951297e-06,0.000166778008812
2460,0.00270456667492,0.0028864794904,3.440898122e-05,0.000172542042947,3.14272172734e-05,2.24681906602e-06,0.000166558364607
2461,0.00268894200583,0.00288057078714,3.43598078394e-05,0.000172837058228,3.15524077173e-05,2.25437019541e-06,0.000166392343953
2462,0.00267443628889,0.00287405093346,3.43516776075e-05,0.000173202197523,3.163115463e-05,2.25832653799e-06,0.000166933521017
2463,0.00266866164729,0.0028759709537,3.43434463604e-05,0.000173590743026,3.16578967586e-05,2.26108200066e-06,0.000167354946167
2464,0.00266321577167,0.00288991754055,3.42978166284e-05,0.000174058915118,3.18206764462e-05,2.26778418341e-06,0.000167738133788
2465,0.00265592552856,0.00290400159064,3.43872439249e-05,0.000174665442652,3.19234080381e-05,2.2750892167e-06,0.000167899094479
2466,0.00264612729987,0.00291860434783,3.44174814869e-05,0.000174906153693,3.19947938572e-05,2.28804383632e-06,0.000168591586863
2467,0.00263784454998,0.00292615617861,3.44820377227e-05,0.000174971512133,3.20955558474e-05,2.29716353416e-06,0.000169303858545
2468,0.00262599583525,0.00293043604631,3.4542825406e-05,0.000174989234981,3.20965745985e-05,2.29581709128e-06,0.000169186587171
2469,0.00261363450365,0.00292897175322,3.45434865044e-05,0.00017472804642,3.20402680391e-05,2.2878692466e-06,0.000168361669073
2470,0.00259942317766,0.0029234884025,3.44663189163e-05,0.000174284407953,3.19711427897e-05,2.26842657657e-06,0.000167448427321
2471,0.00258866042915,0.00291484100993,3.4357220151e-05,0.000173735147861,3.17880220707e-05,2.2498397022e-06,0.000166675281583
2472,0.00258159215066,0.00290621894559,3.42853850068e-05,0.000173085855485,3.15595039457e-05,2.23826431783e-06,0.000166008769154
2473,0.00258192552959,0.00289153872304,3.42641014383e-05,0.000172420484056,3.13979839007e-05,2.23276568557e-06,0.000165196028053
2474,0.00258551594122,0.002881416524,3.42483273714e-05,0.000172004206659,3.13149582574e-05,2.23421600046e-06,0.00016473998581
2475,0.00259356898431,0.00287733111378,3.42815262388e-05,0.000171956987636,3.14014901181e-05,2.24494925536e-06,0.00016504218341
2476,0.00260609491172,0.0028714425272,3.43346753896e-05,0.000172301039871,3.15269862353e-05,2.26274760732e-06,0.000166011729307
2477,0.00262651322846,0.0028697816171,3.45574808513e-05,0.000172961104966,3.16089064154e-05,2.27596257105e-06,0.000167256596413
2478,0.00265289622783,0.0028785015615,3.46817761236e-05,0.000173682439297,3.17504697204e-05,2.28169996666e-06,0.000168531611188
2479,0.00268719467785,0.00288605516235,3.47099239701e-05,0.000174312959046,3.1885998702e-05,2.28633485318e-06,0.000169746189801
2480,0.00271723229603,0.00289656175059,3.46808565919e-05,0.000174765121324,3.1950022627e-05,2.29432426849e-06,0.000170943462528
2481,0.00274093919773,0.00290474983765,3.47323440858e-05,0.000174945554447,3.20155197428e-05,2.30612016293e-06,0.000172358981331
2482,0.00276096395908,0.00290942023119,3.48078456609e-05,0.000174889745705,3.21153286764e-05,2.31106474317e-06,0.000172842804474
2483,0.00277278569829,0.00291557634679,3.48481786483e-05,0.000174716834828,3.21702765786e-05,2.30839011092e-06,0.000172075777247
2484,0.00277858500726,0.00292224109499,3.48642497592e-05,0.000174419485043,3.20488997894e-05,2.30377113951e-06,0.000171107545443
2485,0.00278871593775,0.00292743406255,3.49215084341e-05,0.000174103502372,3.19009486868e-05,2.29109176821e-06,0.000169475847641
2486,0.00279087897264,0.00292707749763,3.48809691762e-05,0.000173944301103,3.17239362213e-05,2.27503398565e-06,0.000168115989372
2487,0.00278588014247,0.00291851851871,3.48058043791e-05,0.000173719251577,3.15190074444e-05,2.25758273604e-06,0.000167137712416
2488,0.00277627509838,0.00290855009486,3.45831616464e-05,0.000173448404981,3.14400707894e-05,2.25184305227e-06,0.00016630902123
2489,0.00275905735353,0.00289922845423,3.44079443734e-05,0.000173394939265,3.14583180553e-05,2.25068029795e-06,0.000165990066609
2490,0.0027403047825,0.00289159747962,3.43297801044e-05,0.00017361707362,3.1500333626e-05,2.25380543457e-06,0.000165984810519
2491,0.00273137954635,0.00289301351437,3.43741412855e-05,0.000173927758589,3.16291079294e-05,2.26236728335e-06,0.000166481714829
2492,0.00272648720254,0.0028903573764,3.44085354518e-05,0.000174186311286,3.17405519015e-05,2.26841052176e-06,0.00016733530874
2493,0.00272333634699,0.00289191628042,3.44039095974e-05,0.000174455299931,3.17564002701e-05,2.27208642758e-06,0.000168056660081
2494,0.0027154273831,0.00289923519619,3.45074053929e-05,0.000175051307342,3.18882899684e-05,2.28115760728e-06,0.000169283286908
2495,0.00270857392333,0.00291103378371,3.45918033227e-05,0.000175626352376,3.20145889042e-05,2.29203537961e-06,0.000169836129151
2496,0.00269695719808,0.00292209543705,3.46211345222e-05,0.000175817983536,3.20893620286e-05,2.29690535671e-06,0.000170761837344
2497,0.00268261839095,0.00292750782076,3.46068386485e-05,0.000175814363327,3.21581587389e-05,2.29618516697e-06,0.000170732612733
2498,0.00266709336437,0.00292844706092,3.45790164711e-05,0.000175573857399,3.21330299705e-05,2.28729056512e-06,0.000169956378041
2499,0.00265116812603,0.00292986680811,3.44985615381e-05,0.000175209082946,3.20015789473e-05,2.28192365402e-06,0.000168748035564
2500,0.00264277969015,0.00292544783939,3.45081536102e-05,0.000174749488276,3.18758571612e-05,2.26971112608e-06,0.000167661249949
2501,0.00263732802909,0.00291482194727,3.4421118951e-05,0.000174164828816,3.16849936495e-05,2.25481644032e-06,0.000166466328664
2502,0.00263325324897,0.0029080397649,3.43511132216e-05,0.000173673653797,3.14653693732e-05,2.24641707743e-06,0.000165739530352
2503,0.00263325841624,0.00290251303163,3.43223222466e-05,0.000173183555593,3.14177166062e-05,2.2479268482e-06,0.000165133111291
2504,0.00263884293236,0.00289168503564,3.43581152078e-05,0.000172866822815,3.13926154262e-05,2.25428135551e-06,0.00016527450615
2505,0.00264832402052,0.00288569410086,3.44816645344e-05,0.000172837786866,3.15406742939e-05,2.26412779934e-06,0.00016585652762
2506,0.0026642103047,0.00288460062614,3.46013588085e-05,0.000173111367129,3.16656196215e-05,2.27755713358e-06,0.000167130281258
2507,0.00269141622366,0.00288688018304,3.47533562153e-05,0.000173671056672,3.17937046357e-05,2.28649133891e-06,0.000168884739631
2508,0.00272403312859,0.00289551606471,3.47872358902e-05,0.000174254063617,3.18641143476e-05,2.28910353608e-06,0.000170782912432
2509,0.0027573974714,0.00290462496709,3.48313318659e-05,0.00017466536578,3.19790291504e-05,2.29804190553e-06,0.000172585229645
2510,0.00278787283411,0.00291499568642,3.48705429063e-05,0.00017492945489,3.21076226114e-05,2.30724551889e-06,0.000173669523482
2511,0.00281249543578,0.00292593532488,3.49125713232e-05,0.000175002403806,3.21063308005e-05,2.30913235847e-06,0.000174491695117
2512,0.00282620290104,0.00293027731648,3.49438714043e-05,0.000175012453244,3.21694731977e-05,2.30407054888e-06,0.000174685887037
2513,0.002840644736,0.00293388106255,3.49574100317e-05,0.00017480883777,3.21665745867e-05,2.29882882754e-06,0.00017372787336
2514,0.00284341076595,0.0029356918831,3.49448013033e-05,0.000174443250707,3.19644766567e-05,2.2894504027e-06,0.000172319896318
2515,0.00284022794066,0.00292773282129,3.48440299945e-05,0.000173957649719,3.18497831925e-05,2.27588368247e-06,0.000170288842559
2516,0.00283806300508,0.00291708578192,3.46939996844e-05,0.000173608406185,3.17328026021e-05,2.26669857724e-06,0.000168683691574
2517,0.00282796907727,0.00290850908075,3.45172457828e-05,0.000173227067349,3.16786639045e-05,2.26229120548e-06,0.000166958746481
2518,0.00281906451825,0.00290745803762,3.4426048421e-05,0.000172955990726,3.15964964475e-05,2.25794956272e-06,0.000166145732279
2519,0.00281142128693,0.00290318526045,3.44140855164e-05,0.000172875307603,3.16772184541e-05,2.26251583607e-06,0.000165814645996
2520,0.00280371216916,0.00289901686515,3.44510614285e-05,0.000172851923023,3.17804089773e-05,2.26764944533e-06,0.00016649658642
2521,0.00279551326988,0.00289477077421,3.44665572935e-05,0.000172942348404,3.18755452849e-05,2.27549551468e-06,0.000167745972964
2522,0.00279119195098,0.00289194549448,3.45221836669e-05,0.000173401906728,3.19507123176e-05,2.29003022042e-06,0.000169653871241
2523,0.00278667138069,0.00289845802843,3.46203577777e-05,0.000173856435828,3.2033005036e-05,2.28839444377e-06,0.000170983871185
2524,0.0027782948415,0.00290967376997,3.46239311402e-05,0.000174213873966,3.21672197257e-05,2.28762232759e-06,0.000172127975232
2525,0.00276251240253,0.00291930748797,3.45840510529e-05,0.00017454610118,3.22343588068e-05,2.29017230519e-06,0.000172394385366
2526,0.00274572205228,0.00292424155895,3.45356275272e-05,0.000174692364375,3.22383267748e-05,2.28809549949e-06,0.000172557820431
2527,0.00272923637403,0.00292846927677,3.45097376822e-05,0.000174809065265,3.22187595704e-05,2.28296353695e-06,0.000172351628231
2528,0.00271735981189,0.00293093138884,3.44932433453e-05,0.000174561018057,3.21386604615e-05,2.28265679861e-06,0.000171251401327
2529,0.00270809532731,0.00293057847094,3.44605760974e-05,0.00017425383446,3.19879363452e-05,2.28022376955e-06,0.000170085003841
2530,0.00270192579448,0.00292979247073,3.44129881396e-05,0.000173973979513,3.18191409347e-05,2.27289175777e-06,0.000169225685779
2531,0.00269466333479,0.00293072006778,3.4450956406e-05,0.000173667532359,3.17232214447e-05,2.27230021019e-06,0.000168431787619
2532,0.00269761469347,0.00293320913484,3.45110088623e-05,0.000173301318114,3.16098712372e-05,2.27079651781e-06,0.000168011906378
2533,0.00270437554042,0.00292573326417,3.45497394085e-05,0.000172826133572,3.16280419234e-05,2.26858530339e-06,0.000168066991867
2534,0.00271599134361,0.00292181822985,3.46497402806e-05,0.0001725471691,3.17083900171e-05,2.27614895235e-06,0.00016863281502
2535,0.00273303356826,0.00291667809408,3.4765695983e-05,0.000172571991179,3.1884985955e-05,2.28429553054e-06,0.000169782590701
2536,0.00275335889842,0.00291203727501,3.49167779091e-05,0.00017295204431,3.19638149924e-05,2.2880419567e-06,0.000171848590445
2537,0.00278130945127,0.00291606983002,3.49646052082e-05,0.000173476706021,3.20810481964e-05,2.29902549492e-06,0.000173610655286
2538,0.00281137170248,0.0029226882234,3.50291581587e-05,0.000173933530528,3.22007984274e-05,2.30635528851e-06,0.000175471607598
2539,0.00283875469847,0.00293034580834,3.51780336887e-05,0.000174341212435,3.22852797202e-05,2.31196202803e-06,0.000176981192521
2540,0.00286344781765,0.0029411264852,3.5284584921e-05,0.00017490714713,3.2348053473e-05,2.31067642762e-06,0.000177600711642
2541,0.00288700375396,0.00295401067212,3.52863597647e-05,0.000175132382937,3.23387879228e-05,2.30458989289e-06,0.000177704391158
2542,0.00290376466395,0.00296320628708,3.52380346563e-05,0.000175253334479,3.22512856913e-05,2.29736293023e-06,0.000177235838267
2543,0.00291223806023,0.00296320856174,3.52464593823e-05,0.000175287489948,3.2240579099e-05,2.29766477506e-06,0.000176046571349
2544,0.00291000334247,0.00295693274191,3.52325658112e-05,0.000175148920824,3.21111062208e-05,2.2930931542e-06,0.000174830318536
2545,0.00290039684612,0.00294672399091,3.51218922868e-05,0.000174724445061,3.20418843907e-05,2.28430111417e-06,0.000173024385958
2546,0.00289871387294,0.0029399913211,3.49531673286e-05,0.000174363979762,3.20167329777e-05,2.28023801227e-06,0.000171338717294
2547,0.00289824603331,0.0029364520595,3.48613413901e-05,0.000174003537177,3.19662954336e-05,2.27397516328e-06,0.000170233836329
2548,0.00289477476003,0.0029316163993,3.4797204448e-05,0.000173505357953,3.19367346491e-05,2.26615671473e-06,0.000169970121025
2549,0.00289156165547,0.00292556595049,3.47076449325e-05,0.000173276965523,3.20213593057e-05,2.26903504433e-06,0.000170334118847
2550,0.00287827799954,0.00292088563522,3.46709926605e-05,0.000173285340004,3.21588376711e-05,2.28184216874e-06,0.000171577476879
2551,0.00286617383901,0.00291990457894,3.47625483812e-05,0.00017367800331,3.22458287483e-05,2.29333817549e-06,0.000173575801657
2552,0.00286297340481,0.00292278214322,3.48584977834e-05,0.00017416519823,3.23424823588e-05,2.29970691703e-06,0.000174821575019
2553,0.00285485467344,0.00292972330265,3.49048880146e-05,0.000174574743731,3.24658777345e-05,2.29596333291e-06,0.00017564376625
2554,0.00284214843327,0.00293387094142,3.48918354557e-05,0.000175126767853,3.24783434571e-05,2.29032073684e-06,0.000176464423988
2555,0.00282351287988,0.00293753795324,3.48977040012e-05,0.000175707467481,3.25027198522e-05,2.28852067952e-06,0.000176382522091
2556,0.00280429804658,0.00294075168375,3.48588134291e-05,0.000176021129746,3.24262932594e-05,2.28354439913e-06,0.000175959788015
2557,0.00279211993023,0.00294440258232,3.47440238424e-05,0.000176192004013,3.22927027906e-05,2.27755331162e-06,0.00017458588128
2558,0.00278352099859,0.00294463424146,3.46696205704e-05,0.000176203401947,3.22087098837e-05,2.2794855607e-06,0.000172878875427
2559,0.00277716952274,0.00294522736283,3.4634278253e-05,0.00017590747606,3.20750399671e-05,2.28148644418e-06,0.000171044336564
2560,0.00276785258494,0.00295118065633,3.45812990656e-05,0.000175401761968,3.19986848639e-05,2.2797917879e-06,0.000170110502598
2561,0.00276418378948,0.00295806357861,3.46218452591e-05,0.000174891572321,3.1958887179e-05,2.28068176949e-06,0.000169895108855
2562,0.00276905464053,0.00295980197491,3.47363297538e-05,0.000174397376555,3.19386363393e-05,2.28617891863e-06,0.000169883028953
2563,0.00277885680372,0.00295478928094,3.4884398847e-05,0.000173860840686,3.20538646507e-05,2.28622067229e-06,0.00017074515101
2564,0.00279565202194,0.00294269239428,3.50104188559e-05,0.000173588168593,3.21673587862e-05,2.29825062244e-06,0.000172014578051
2565,0.00281116752813,0.00293652684908,3.51747308126e-05,0.000173480504702,3.22977491029e-05,2.30414224566e-06,0.000174180301217
2566,0.00283106479304,0.00293468484813,3.52686687097e-05,0.00017359728065,3.23829709528e-05,2.3128290489e-06,0.000176488378107
2567,0.00286037912157,0.00293892412209,3.53625850926e-05,0.000174128994285,3.24810302989e-05,2.31704736289e-06,0.000178462626933
2568,0.00288724427721,0.00294699808747,3.54399189919e-05,0.000174694387463,3.25801179369e-05,2.3120719783e-06,0.000180058413837
2569,0.00291024769223,0.00295315426398,3.54722907665e-05,0.000175311585378,3.25827982271e-05,2.30099336506e-06,0.00018100304827
2570,0.00293132126391,0.00296411119543,3.54724809099e-05,0.000175809550329,3.25399727453e-05,2.296570665e-06,0.000180582721087
2571,0.0029466456356,0.00297557312785,3.54225813192e-05,0.000176327742977,3.2489184552e-05,2.29132193651e-06,0.000180194712253
2572,0.00295706753929,0.00298069305153,3.53742759157e-05,0.000176566903187,3.24269434379e-05,2.28778204941e-06,0.000179111876458
2573,0.00295838200755,0.00297614852364,3.53207208482e-05,0.000176571901237,3.24670285136e-05,2.29185547548e-06,0.000177244376144
2574,0.00295124162181,0.00296949933522,3.52607855968e-05,0.00017627458525,3.24275596217e-05,2.29691310835e-06,0.000175631279096
2575,0.00294379680317,0.00296549476837,3.52762283394e-05,0.00017585234992,3.2336402965e-05,2.29075091654e-06,0.000174532636572
2576,0.00294758834143,0.00296632130906,3.52904000767e-05,0.000175242604533,3.23352910464e-05,2.28590961972e-06,0.000173153504753
2577,0.00295605282355,0.00296328519649,3.52363920855e-05,0.000174662941847,3.23303174959e-05,2.28367354922e-06,0.000172670304052
2578,0.00295440336604,0.00295817091858,3.52165717814e-05,0.000174300232578,3.23358613003e-05,2.28055889478e-06,0.000173212200064
2579,0.00294837430978,0.0029543247585,3.51346171493e-05,0.000174128757244,3.24544406413e-05,2.2876732273e-06,0.000174261492582
2580,0.00293913219082,0.00295138659662,3.51587426705e-05,0.000174188776047,3.26384819924e-05,2.29841358301e-06,0.000175888372614
2581,0.00292743997783,0.00295088024473,3.52259469525e-05,0.000174678533542,3.27005711701e-05,2.30324190689e-06,0.000177674062124
2582,0.00291989998748,0.00295406667477,3.52594460613e-05,0.000175473942527,3.27629544241e-05,2.30314750095e-06,0.000179105681085
2583,0.00290852295404,0.00295681806415,3.52885888704e-05,0.000176216062594,3.28499844329e-05,2.29376991466e-06,0.000180213805461
2584,0.00289227307333,0.00296003302261,3.52865963917e-05,0.000176962304192,3.27513616453e-05,2.28428547338e-06,0.000180505218518
2585,0.00287259262663,0.00296316504563,3.52377007104e-05,0.000177476536368,3.26758737442e-05,2.28276689665e-06,0.000179820176628
2586,0.00285789909901,0.00296485086739,3.50910007618e-05,0.000177799521033,3.25076945744e-05,2.28319726838e-06,0.000178521067737
2587,0.0028415938645,0.00296914445331,3.50203120191e-05,0.000178063324212,3.23518262589e-05,2.28570244311e-06,0.000176969218547
2588,0.00282921883108,0.00297182375766,3.50377290474e-05,0.000178106889287,3.23592333395e-05,2.2988890509e-06,0.000175595009153
2589,0.0028209567173,0.00297730169273,3.51547894466e-05,0.000177946372655,3.22571550471e-05,2.30444987795e-06,0.000174938068783
2590,0.00281627647195,0.00298534795011,3.5241793759e-05,0.000177443578384,3.22464174954e-05,2.30114849036e-06,0.000174358146704
2591,0.00282032762883,0.00299244100595,3.53227784045e-05,0.000176626232683,3.23190594795e-05,2.30070290863e-06,0.000174200886427
2592,0.00283401604369,0.00299118997366,3.53630455487e-05,0.000175775084687,3.23376199027e-05,2.30369062185e-06,0.000174538503151
2593,0.00284433223806,0.00298639816246,3.54087941841e-05,0.000175086783817,3.24332323581e-05,2.30468550209e-06,0.000175873175595
2594,0.00285542940894,0.00297379842806,3.55001046087e-05,0.000174723284339,3.25683918609e-05,2.31312613071e-06,0.000177586962349
2595,0.00286743129212,0.00296643140229,3.56262676068e-05,0.000174649618961,3.26524879918e-05,2.31757703436e-06,0.000179246959949
2596,0.00288591342806,0.00296420543529,3.5672185767e-05,0.000174747375774,3.27147193158e-05,2.31629714568e-06,0.000180861370308
2597,0.00290456663729,0.0029656366041,3.56892476901e-05,0.000175343568459,3.27580818762e-05,2.31312975741e-06,0.000182187743364
2598,0.00292725897301,0.00296822505873,3.57654426429e-05,0.000176225464546,3.27339339809e-05,2.30617882227e-06,0.000183128066213
2599,0.0029446919552,0.00296779518613,3.5766271069e-05,0.000177050801837,3.27013480943e-05,2.2990196762e-06,0.00018308611065
2600,0.00295751684697,0.00297080648255,3.57364432593e-05,0.000177678300523,3.26551407069e-05,2.29690826119e-06,0.000182534782844
2601,0.00296763652914,0.00297866018616,3.56494979658e-05,0.000178132295279,3.26361473768e-05,2.29289916427e-06,0.000181316174856
2602,0.00297030062441,0.00298182350173,3.55381233267e-05,0.000178346997741,3.26995649562e-05,2.29385594368e-06,0.000179772312176
2603,0.00296404407081,0.00298007387809,3.55284566959e-05,0.000178127473013,3.27134458113e-05,2.29991311635e-06,0.000178179943356
2604,0.0029569090208,0.00297962023536,3.5538963406e-05,0.000177483832654,3.26701383891e-05,2.29882401451e-06,0.00017650316937
2605,0.00295460196893,0.00298194410564,3.55321636367e-05,0.000176620346064,3.26670175727e-05,2.29203563976e-06,0.000175359040295
2606,0.0029581210736,0.00297892363424,3.54845620025e-05,0.000175969662504,3.26764915023e-05,2.29255876518e-06,0.000174457659986
2607,0.00296338859868,0.00297225985203,3.55024733053e-05,0.000175550281968,3.27025297186e-05,2.29440086257e-06,0.000174356621749
2608,0.00296326505816,0.00296984536736,3.54922735456e-05,0.000175235738507,3.27789367907e-05,2.29670674457e-06,0.000175534374964
2609,0.00296031581894,0.00296642313927,3.54878087592e-05,0.000175208118288,3.29275582317e-05,2.30720687857e-06,0.000177454220741
2610,0.00295111284107,0.00296313176276,3.55747412563e-05,0.000175459090319,3.30470885027e-05,2.30941331053e-06,0.000179087582027
2611,0.00294204606111,0.00296084871977,3.55741824396e-05,0.000175882134716,3.30897277637e-05,2.30180128291e-06,0.00018020256329
2612,0.00293305587872,0.00296204611123,3.55132495956e-05,0.000176683465367,3.30730572903e-05,2.29195112748e-06,0.000180874736446
2613,0.00291834246013,0.00295931894505,3.54789149006e-05,0.000177571036742,3.30655780732e-05,2.28513649217e-06,0.000181263979059
2614,0.0029078615639,0.00295552784657,3.54571513241e-05,0.000178472898209,3.28915031005e-05,2.27284955129e-06,0.000180944146775
2615,0.00289446238292,0.00295623154007,3.5298895083e-05,0.000179092182315,3.27382780994e-05,2.27495672904e-06,0.000179756416598
2616,0.0028801011482,0.00296405957235,3.51504508059e-05,0.000179444487681,3.26256777147e-05,2.28102091141e-06,0.000178187780147
2617,0.00286890873651,0.00297244437798,3.51497183103e-05,0.000179585151585,3.24728557395e-05,2.28228535409e-06,0.000176841747075
2618,0.0028595679502,0.00298066814871,3.51674810114e-05,0.00017936527189,3.25075368119e-05,2.28628147864e-06,0.000176199567347
2619,0.0028502916735,0.00298517674889,3.52716334869e-05,0.000178798956723,3.24953742167e-05,2.28954192572e-06,0.000176235811984
2620,0.00284722124605,0.00299415108416,3.53706915142e-05,0.00017806556289,3.25758342638e-05,2.29375900878e-06,0.000176556791604
2621,0.00285516191298,0.00300215739189,3.55013782052e-05,0.000177310804647,3.26244140098e-05,2.30369316861e-06,0.000177250026258
2622,0.00286120484527,0.00299974533084,3.56761145016e-05,0.000176667889213,3.26696196347e-05,2.3156619405e-06,0.000178311505188
2623,0.00286592075623,0.00298871056746,3.5793619269e-05,0.000176127750899,3.27302891945e-05,2.31228023733e-06,0.000179581158119
2624,0.00287312083538,0.00297671486096,3.58130245002e-05,0.000175789853787,3.28480262735e-05,2.31268491391e-06,0.000180496199783
2625,0.00288185378551,0.00297098359341,3.58203775598e-05,0.000175690370596,3.28424076198e-05,2.31054753928e-06,0.000181593104229
2626,0.00289890308956,0.002964356243,3.58822273644e-05,0.000176039070619,3.28244809453e-05,2.30897649583e-06,0.000182656117842
2627,0.00291815995829,0.00296295582117,3.59325114102e-05,0.00017681621444,3.27592101784e-05,2.29824176925e-06,0.000183036239221
2628,0.0029303944705,0.00295476903469,3.58263472037e-05,0.000177647720474,3.27213195418e-05,2.29123989188e-06,0.000183080024406
2629,0.00294374115956,0.00294637208197,3.57099913945e-05,0.000178417486741,3.26960311684e-05,2.28805881823e-06,0.000182620456353
2630,0.00295252927838,0.00294895273909,3.55857899119e-05,0.000179009308632,3.27090306356e-05,2.29332347307e-06,0.000181829320922
2631,0.00295757260248,0.0029579996953,3.55532794878e-05,0.000179470473477,3.27025056121e-05,2.29269575809e-06,0.000180740056137
2632,0.00295434083872,0.00296397591982,3.5552366994e-05,0.000179482874691,3.27571973613e-05,2.29759368323e-06,0.000179517997793
2633,0.00295109305022,0.00296588165471,3.56227499814e-05,0.000179079695951,3.28134832384e-05,2.30214885173e-06,0.000178845793592
2634,0.00294676014305,0.0029641150061,3.56769262448e-05,0.000178432320715,3.28072295033e-05,2.30882612443e-06,0.00017837268404
2635,0.00294301910873,0.00296571731838,3.57909552139e-05,0.000177701306057,3.28424194954e-05,2.31100745648e-06,0.000177804161878
2636,0.00294486017485,0.00296527588595,3.581247999e-05,0.000177023783646,3.29480051981e-05,2.31349271646e-06,0.000177291842951
2637,0.00294890221278,0.00296643113201,3.58114848583e-05,0.00017639020308,3.30009063856e-05,2.31928700281e-06,0.000177723367221
2638,0.00294902392529,0.00296589988189,3.58420408371e-05,0.000176041666473,3.30525680297e-05,2.3207471996e-06,0.000179389830414
2639,0.00294255246659,0.00296261739149,3.58592500889e-05,0.000175913821261,3.31401497017e-05,2.31060207043e-06,0.000181066892397
2640,0.00293476210661,0.00295602102416,3.57167564945e-05,0.000175985776905,3.32069046154e-05,2.3045840933e-06,0.000181729463836
2641,0.00292765362002,0.00294959690022,3.56232546159e-05,0.000176359642094,3.3179051066e-05,2.29696056559e-06,0.000181994196679
2642,0.00292470034657,0.00294705733023,3.55648667193e-05,0.000177156306915,3.31335920119e-05,2.28805191355e-06,0.00018190970938
2643,0.00291422618698,0.00294028406773,3.55155766285e-05,0.00017806925979,3.3047221392e-05,2.277677266e-06,0.000181654040953
2644,0.00290023022621,0.00293741008439,3.53704679369e-05,0.000178844391704,3.29176657215e-05,2.27424109562e-06,0.000181026841694
2645,0.00288868758746,0.00294441292325,3.5284228002e-05,0.000179399119572,3.27809495056e-05,2.28084968056e-06,0.000179896966133
2646,0.00288170939192,0.00295386627982,3.52430675377e-05,0.000179709475879,3.2677632843e-05,2.28211936242e-06,0.000178692238667
2647,0.0028772881737,0.00297047272387,3.53200994661e-05,0.000179806969406,3.26124182496e-05,2.28767825321e-06,0.000177881870608
2648,0.00287414621233,0.00298130996755,3.54861958896e-05,0.000179642030178,3.2727083497e-05,2.29334932042e-06,0.000178401999652
2649,0.00286712716363,0.00298703084201,3.55868353984e-05,0.000178928205086,3.27291995819e-05,2.29643284905e-06,0.000178951274517
2650,0.00286543482344,0.00299322132703,3.56364539332e-05,0.000177970382617,3.28081993961e-05,2.30421591396e-06,0.000179984638022
2651,0.0028662562251,0.00299226034576,3.56982331834e-05,0.000177094711751,3.28560336313e-05,2.31209425918e-06,0.000180418562871
2652,0.00286936522706,0.00298243207561,3.57781395299e-05,0.0001762946288,3.29034929741e-05,2.31140030932e-06,0.000180721718157
2653,0.00287170158917,0.00297099828082,3.57491159395e-05,0.000175751167258,3.29180524391e-05,2.30429718052e-06,0.000181105029701
2654,0.0028745312122,0.00296010326781,3.57362926825e-05,0.000175430511247,3.29728794654e-05,2.29946489643e-06,0.000181458370681
2655,0.00288076075861,0.0029463110418,3.57202616926e-05,0.00017529129238,3.28261508429e-05,2.29493243611e-06,0.00018179679771
2656,0.00289054559946,0.00293210337545,3.57081323467e-05,0.000175647986372,3.27702001808e-05,2.29327278044e-06,0.000181889793749
2657,0.00290225314404,0.00292101270843,3.56465831788e-05,0.000176381601727,3.2746772574e-05,2.29317777977e-06,0.000181551496876
2658,0.0029106625532,0.00290955830819,3.55622193891e-05,0.00017730749647,3.27375532209e-05,2.29457015364e-06,0.000181533145882
2659,0.00292051959887,0.00290820244062,3.54849908836e-05,0.00017805060125,3.27789528633e-05,2.29591378877e-06,0.000181286186401
2660,0.00293143998597,0.002914488374,3.54660710594e-05,0.000178551137609,3.27344012787e-05,2.29532842091e-06,0.000180708172766
2661,0.00293674337878,0.00292610817327,3.5433821468e-05,0.000178708365266,3.27626121996e-05,2.29171237269e-06,0.000180324314499
2662,0.0029370691293,0.00293091421224,3.5409601825e-05,0.00017840628023,3.2798367704e-05,2.28962597221e-06,0.000179892571377
2663,0.00292870752033,0.00293003947617,3.53992674429e-05,0.000177717031886,3.2846685772e-05,2.29908817125e-06,0.000179361852802
2664,0.00292000479195,0.00293137129955,3.55044931136e-05,0.000176890824381,3.29376104963e-05,2.31044256345e-06,0.000179037785087
2665,0.00291647189466,0.00293909001327,3.56274968535e-05,0.000176022099485,3.3031109293e-05,2.31899827856e-06,0.000179014999661
2666,0.00291947544839,0.00294461113851,3.5722503604e-05,0.000175327873545,3.31367157112e-05,2.32258962577e-06,0.000179305706228
2667,0.00291878867683,0.0029439339703,3.57455318141e-05,0.000174753720608,3.31293344187e-05,2.32189302021e-06,0.000180230226323
2668,0.0029142383056,0.00294236549536,3.57209170252e-05,0.000174457729058,3.31385398721e-05,2.31625147204e-06,0.000181350651787
2669,0.00290848615343,0.002935862374,3.56989707214e-05,0.000174368141085,3.31692891288e-05,2.30715111587e-06,0.0001820795536
2670,0.00290970463571,0.00292560148107,3.55777719414e-05,0.000174514882314,3.31241057527e-05,2.30041660358e-06,0.00018229364168
2671,0.00291099746156,0.00291655716633,3.54577543036e-05,0.000174993315244,3.30719385679e-05,2.29565176832e-06,0.000182268678117
2672,0.00290517340867,0.00291009236839,3.53713211509e-05,0.00017575302451,3.30784304215e-05,2.29100448568e-06,0.000181877685261
2673,0.00289729466338,0.00291082266119,3.5306270449e-05,0.000176566464814,3.2977470538e-05,2.28494073534e-06,0.000181444981068
2674,0.00288521738037,0.00291072627992,3.52082210819e-05,0.000177135011157,3.28941976493e-05,2.2789506979e-06,0.000181061961262
2675,0.00287744022482,0.00291797236825,3.51572136581e-05,0.000177535264974,3.28000905842e-05,2.28169703889e-06,0.000180360034803
2676,0.00287768766014,0.00293374275618,3.51634121317e-05,0.000177664363827,3.27821234776e-05,2.27872568132e-06,0.000179674174843
2677,0.00287202979901,0.0029455207736,3.5176306105e-05,0.000177397712119,3.27845505523e-05,2.27867848061e-06,0.00017951361071
2678,0.00286298770187,0.00295363019369,3.51761884005e-05,0.000176714462084,3.28417716629e-05,2.28282927166e-06,0.00018006278275
2679,0.00285021996866,0.00295224957153,3.52091880112e-05,0.000175657261173,3.28849956683e-05,2.29208943087e-06,0.000180343428131
2680,0.00284315681195,0.00295283911269,3.53160054366e-05,0.000174699565138,3.28912261628e-05,2.29706445357e-06,0.000180563054499
2681,0.0028416111963,0.00294773634202,3.53517760068e-05,0.000173950702261,3.29108589737e-05,2.29505687382e-06,0.0001800338714
2682,0.00283932045687,0.00293813329726,3.52979459102e-05,0.00017338612517,3.29156787827e-05,2.29220189032e-06,0.000180105664861
2683,0.00283866648908,0.00292583746057,3.53350348392e-05,0.000173048686711,3.28180300852e-05,2.28552804396e-06,0.000180214714908
2684,0.00283953223669,0.00290904581841,3.53471526531e-05,0.000172910492041,3.28187110309e-05,2.28502157571e-06,0.00018057481158
2685,0.00284356209302,0.00288845804432,3.53103840482e-05,0.000172898141931,3.27121249667e-05,2.28369841016e-06,0.00018083421267
2686,0.00285274209897,0.00287364505769,3.51753440588e-05,0.00017317923058,3.27183087015e-05,2.28773476065e-06,0.000180015797589
2687,0.0028651563123,0.00286282539655,3.50641479645e-05,0.000173875016908,3.27817413755e-05,2.29271077584e-06,0.000179814016077
2688,0.00287191647152,0.00285460842425,3.50518225238e-05,0.000174597964636,3.27303530228e-05,2.29652288216e-06,0.000179985277871
2689,0.0028878292753,0.00285581280196,3.51184360878e-05,0.000175081024105,3.2773847549e-05,2.29437683098e-06,0.000180162442454
2690,0.00290324326819,0.00286635324945,3.51403734396e-05,0.000175312850909,3.27220604221e-05,2.29526785004e-06,0.000180882893511
2691,0.00291065125763,0.00287734760609,3.51065223455e-05,0.000175292347941,3.27671657979e-05,2.2995267599e-06,0.000181392308165
2692,0.00290217883519,0.00288543405129,3.51425357942e-05,0.000174925749421,3.28123035664e-05,2.30339232752e-06,0.00018111207659
2693,0.00289080328458,0.00288881833213,3.52017813981e-05,0.000174200067293,3.28895473381e-05,2.31302309735e-06,0.000180660371291
2694,0.00288223823116,0.00289525657823,3.52946303283e-05,0.000173142389144,3.3048917954e-05,2.31771741958e-06,0.000180327201736
2695,0.00287918186058,0.00290683021593,3.5349066322e-05,0.000171976908993,3.30905279958e-05,2.31404379848e-06,0.000180887290525
2696,0.002881872574,0.00291281141837,3.53297553277e-05,0.00017108014742,3.31411260652e-05,2.31139386371e-06,0.000180942280109
2697,0.0028772456206,0.00291066961617,3.53017465724e-05,0.000170507546221,3.30894099042e-05,2.3031338714e-06,0.00018110060497
2698,0.00287613297715,0.00290330657243,3.52034495066e-05,0.000170253793747,3.30424205474e-05,2.29111608111e-06,0.00018092368219
2699,0.00287517584191,0.00289351009745,3.50042254739e-05,0.000169937904708,3.30383157975e-05,2.28397395867e-06,0.000180706005505
2700,0.00287514567227,0.00287947301283,3.48697315988e-05,0.000169947845631,3.29926280209e-05,2.28402876501e-06,0.000180597491412
2701,0.00287504377559,0.00287405487755,3.47985054876e-05,0.000170424519802,3.2993811799e-05,2.28569195983e-06,0.000180064093022
2702,0.0028677093801,0.00286963760233,3.47836892198e-05,0.000171095933593,3.29860123933e-05,2.28071619743e-06,0.000179943552253
2703,0.00285757620236,0.00287004050381,3.47645996558e-05,0.000171739271714,3.29158084293e-05,2.27590552742e-06,0.000179984009688
2704,0.00284659026686,0.00287429337861,3.47405963821e-05,0.000172276865336,3.29458998023e-05,2.27569455977e-06,0.000180398194058
2705,0.00284116736622,0.00288352701861,3.47958675901e-05,0.000172586951157,3.28888438704e-05,2.2799297013e-06,0.000180581219374
2706,0.00283819239153,0.00289947170271,3.48003927388e-05,0.000172451608265,3.28248972284e-05,2.27862055729e-06,0.00018033172454
2707,0.00282833391295,0.00290857132405,3.47601962694e-05,0.000171923799209,3.28592074561e-05,2.28326374791e-06,0.000180883310478
2708,0.00281736086818,0.00291402289171,3.4822413477e-05,0.000171323067111,3.28768003787e-05,2.28788499127e-06,0.000181394692043
2709,0.00280401800099,0.00290879972329,3.48885560849e-05,0.000170509865042,3.28941557037e-05,2.28770759387e-06,0.00018085669767
2710,0.00279419481683,0.00290439688238,3.48785605254e-05,0.00016992525993,3.28253786398e-05,2.29055176154e-06,0.000180316695656
2711,0.00279720841869,0.00290419245753,3.49372238376e-05,0.000169541027209,3.27471656126e-05,2.28821934097e-06,0.000179558394772
2712,0.00279595624422,0.00289463248819,3.49001080493e-05,0.000169091967933,3.27261128298e-05,2.28803912978e-06,0.000179551911771
2713,0.00279567977209,0.00287396033558,3.48645765176e-05,0.000168585410377,3.26883818771e-05,2.28418350723e-06,0.000179596027723
2714,0.00279680533963,0.00285292575677,3.48048777166e-05,0.000168400302613,3.26819767835e-05,2.2845488408e-06,0.000179567895191
2715,0.002804754415,0.00283811144676,3.47342435231e-05,0.000168407591486,3.27249930455e-05,2.29351418508e-06,0.000178953355712
2716,0.00281669330454,0.00282587886725,3.46664813114e-05,0.000168773659143,3.26966193152e-05,2.29370550068e-06,0.000178096687101
2717,0.00282849177456,0.00281706141293,3.45666045766e-05,0.000169317096608,3.27522582369e-05,2.29305684865e-06,0.000178030290803
2718,0.00284188023068,0.00281156924745,3.45797783654e-05,0.000169807803348,3.27725802385e-05,2.29503233944e-06,0.000178905907415
2719,0.00285893442031,0.00281047702343,3.45990565353e-05,0.000170020965996,3.27542790734e-05,2.29222686208e-06,0.000180035148167
2720,0.00286966234255,0.0028209271065,3.45603783532e-05,0.000169999802817,3.2675544742e-05,2.29286515204e-06,0.000181310128458
2721,0.0028665216851,0.00283225454835,3.4559252459e-05,0.000169733115483,3.2743348854e-05,2.30034558343e-06,0.000181298878544
2722,0.0028567891167,0.00284344938681,3.46033395093e-05,0.00016922885419,3.28311812043e-05,2.30856055258e-06,0.00018081310872
2723,0.00284636173922,0.00285348884703,3.46890042873e-05,0.00016829133202,3.28849828561e-05,2.30763062808e-06,0.000180532048952
2724,0.00283428247234,0.00286306216408,3.47215381779e-05,0.000167272178075,3.30019877958e-05,2.30648065773e-06,0.000180641444036
2725,0.00283130966473,0.00287257556942,3.4750375138e-05,0.000166444620385,3.2989239132e-05,2.30348015424e-06,0.000180599595376
2726,0.00283508480366,0.00287726663699,3.47529506625e-05,0.00016595585051,3.29542424354e-05,2.29721582682e-06,0.000179999900793
2727,0.00283923961565,0.00287405632884,3.4673923882e-05,0.000165519703207,3.29263694107e-05,2.2942376498e-06,0.000179320818402
2728,0.00284380730315,0.0028646382455,3.45648768898e-05,0.000165186366787,3.28644972125e-05,2.29178663566e-06,0.00017870155255
2729,0.00284634803094,0.00285422114483,3.44625936667e-05,0.000164884464369,3.29460566915e-05,2.29076971144e-06,0.000178673016817
2730,0.00284807542078,0.00284238809148,3.43854690141e-05,0.000164905160471,3.29244782947e-05,2.29129363726e-06,0.000178856076315
2731,0.00284693936801,0.00283749421267,3.43260081382e-05,0.000165150861012,3.29434036343e-05,2.2887064389e-06,0.000178411598697
2732,0.00284141648281,0.00283649169484,3.43275300984e-05,0.000165737849851,3.29820041731e-05,2.28139199349e-06,0.00017862232286
2733,0.00283424339036,0.00283954191771,3.43310699016e-05,0.000166220275775,3.30017141177e-05,2.2761049571e-06,0.000179516584297
2734,0.00281929088454,0.00284457454445,3.43101768677e-05,0.00016647532432,3.30117299587e-05,2.27674865696e-06,0.000180376747492
2735,0.00281073797352,0.00285266291797,3.43056781232e-05,0.000166609858255,3.29291981065e-05,2.28004742523e-06,0.000180723680022
2736,0.00280367611467,0.00286398847321,3.42843114831e-05,0.000166584445813,3.2856731746e-05,2.28202391742e-06,0.000180627303195
2737,0.00278991703743,0.00286738846878,3.42772837265e-05,0.000166325246972,3.28454930274e-05,2.28180568892e-06,0.000180141970742
2738,0.0027700167934,0.00286663005137,3.42992475283e-05,0.000165767493166,3.27674055316e-05,2.27487611065e-06,0.000179443340341
2739,0.00275588964782,0.00286315852375,3.4243789949e-05,0.000165115974708,3.2712406029e-05,2.27035143419e-06,0.000178344341454
2740,0.00275352340746,0.00285800829421,3.42339055314e-05,0.000164374711505,3.25677871192e-05,2.27195515845e-06,0.000177532242657
2741,0.00275423668637,0.0028510772939,3.41967146169e-05,0.000163701998172,3.25222436917e-05,2.269066109e-06,0.000176720529353
2742,0.00275768743297,0.0028398925498,3.40134672929e-05,0.000163306253387,3.25481453417e-05,2.27343491276e-06,0.00017670544718
2743,0.0027591759232,0.00282502784595,3.39776290011e-05,0.00016285164628,3.26511222313e-05,2.28166744269e-06,0.000176298054444
2744,0.00276414056454,0.0028082768727,3.39776763493e-05,0.000162695972565,3.26747331032e-05,2.28319100073e-06,0.000175952360559
2745,0.00277866559234,0.00279689381623,3.39897121255e-05,0.000162586664167,3.27233704192e-05,2.28147623701e-06,0.000175338903442
2746,0.00279592591594,0.0027912633354,3.39256067122e-05,0.000162700652816,3.27424031872e-05,2.28005529168e-06,0.000175219458354
2747,0.00281293382758,0.00278255062785,3.38513850266e-05,0.000163143998639,3.27455927125e-05,2.27844911436e-06,0.000176194086358
2748,0.00282686488089,0.00277657574683,3.38258362209e-05,0.000163564364933,3.27496541612e-05,2.28071939991e-06,0.000177584503968
2749,0.00283496557127,0.00278107516606,3.38260486816e-05,0.00016375456667,3.27366549527e-05,2.28434858726e-06,0.000178837045752
2750,0.0028343543274,0.00279205860138,3.38437237477e-05,0.000163854696621,3.27243499733e-05,2.28600402899e-06,0.000179813241549
2751,0.00282740294584,0.00281091776138,3.38093962477e-05,0.000163698560372,3.27695285956e-05,2.28571124013e-06,0.000179593243336
2752,0.00281157951002,0.00282263220901,3.37994562195e-05,0.000163233346588,3.27738072549e-05,2.28313208949e-06,0.000178718038192
2753,0.00279347335659,0.0028309948647,3.38562991186e-05,0.000162642446109,3.28083448686e-05,2.28172081301e-06,0.000178273083337
2754,0.00278751314475,0.00284213625104,3.39232021182e-05,0.000161854062547,3.28358605257e-05,2.27813159222e-06,0.000178029971144
2755,0.00279783846672,0.00285171100722,3.39382801306e-05,0.000161219653207,3.28229268214e-05,2.27856568789e-06,0.000177238008359
2756,0.00280946026132,0.00285570631208,3.39198347237e-05,0.00016069241045,3.27646395802e-05,2.27849978091e-06,0.000176630479771
2757,0.00281930673442,0.00285288444085,3.3877870876e-05,0.000160226168846,3.28184163012e-05,2.28324150723e-06,0.000175979552873
2758,0.00282970908614,0.00284725430044,3.38232301658e-05,0.000159909458507,3.28311719345e-05,2.28659508348e-06,0.0001759118663
2759,0.0028310970841,0.00283663740642,3.38277821724e-05,0.000159688089902,3.29046297636e-05,2.28632640839e-06,0.000176044766526
2760,0.00283379437968,0.00283049010936,3.38411931076e-05,0.000159825519649,3.29623448398e-05,2.28216191841e-06,0.000176406012777
2761,0.00283432249162,0.00282837920275,3.3842165949e-05,0.000160189096861,3.3062839807e-05,2.27825007894e-06,0.000176654394286
2762,0.00282889637087,0.00282836610788,3.38723776855e-05,0.00016077908629,3.30883074381e-05,2.27902197096e-06,0.000177774898897
2763,0.00281534347731,0.00283421404973,3.39542789239e-05,0.000161425007513,3.30846501121e-05,2.27445672028e-06,0.000179147585255
2764,0.00280044711971,0.00283860093808,3.39032346206e-05,0.000161762020598,3.30725358928e-05,2.27687619842e-06,0.000180049297773
2765,0.00279217858722,0.00284475841222,3.38566275096e-05,0.000161874517677,3.29718593725e-05,2.2777916707e-06,0.000179712736839
2766,0.00277907136898,0.00285405922416,3.38087681155e-05,0.00016181874526,3.28138087079e-05,2.26946893778e-06,0.00017881658365
2767,0.00276181444932,0.00285732212686,3.37592790602e-05,0.000161642427819,3.27216748921e-05,2.26007418471e-06,0.000177778558455
2768,0.0027439026735,0.00285082501848,3.37870770884e-05,0.000161259881503,3.248516807e-05,2.25521889495e-06,0.000176671905502
2769,0.00273536871724,0.00284019582087,3.37804322746e-05,0.000160688574023,3.24399227547e-05,2.25670006578e-06,0.000175818411308
2770,0.00273350017357,0.0028347409584,3.37305159189e-05,0.000160274992816,3.2363465303e-05,2.26415169344e-06,0.000175235926544
2771,0.00274295904982,0.00283353174086,3.37239949472e-05,0.000159881292715,3.24229130797e-05,2.27545755781e-06,0.000174909148578
2772,0.00275383828151,0.00283022446994,3.36677210365e-05,0.000159531581457,3.26136559166e-05,2.28182496031e-06,0.000174847391201
2773,0.0027600836194,0.00281775820637,3.36684312518e-05,0.000159305952846,3.26949459539e-05,2.2813328067e-06,0.00017428198406
2774,0.00277304257373,0.00280649109273,3.36906365179e-05,0.000159112519752,3.27206966266e-05,2.28182071835e-06,0.000173852191001
2775,0.00279171543695,0.00279955477655,3.36859424209e-05,0.000159158090682,3.28001777207e-05,2.28333663627e-06,0.000173854665162
2776,0.0028116781359,0.0027910292439,3.36817159417e-05,0.000159514077805,3.28124137483e-05,2.28591267285e-06,0.000174793812266
2777,0.00282708286892,0.00278582493961,3.36764660901e-05,0.000159873115158,3.27541728821e-05,2.2895195357e-06,0.000176521749481
2778,0.00283501009687,0.00278546803954,3.36496549502e-05,0.000160182540318,3.2817104196e-05,2.28995260081e-06,0.00017835500647
2779,0.00283381034503,0.00279393878687,3.35931642699e-05,0.000160409282346,3.27889113423e-05,2.2870385884e-06,0.000179356173024
2780,0.0028254905511,0.00280738061925,3.35605925424e-05,0.000160466956595,3.27426029492e-05,2.28161461716e-06,0.000179833622399
2781,0.00281055755971,0.00282363855052,3.35308096386e-05,0.00016048814193,3.27237535048e-05,2.27642005797e-06,0.000179056885132
2782,0.00279391239751,0.00283602905512,3.35355057437e-05,0.000160286927337,3.26190525546e-05,2.27082695143e-06,0.000177983084925
2783,0.00278601487415,0.00284501145176,3.35757629619e-05,0.000159951470283,3.26023483616e-05,2.27111521431e-06,0.000177233845859
2784,0.002793146594,0.00285675485152,3.36620637333e-05,0.000159524091396,3.26229194474e-05,2.27362378955e-06,0.00017671784305
2785,0.00280852629187,0.00286256215418,3.37008694304e-05,0.000159086234309,3.26506626395e-05,2.27975711822e-06,0.000175602129111
2786,0.00282773286436,0.00286553970691,3.37491757122e-05,0.000158685830717,3.2682674779e-05,2.2892592514e-06,0.000174748247561
2787,0.00284252474662,0.00286056170145,3.38034057727e-05,0.000158346850339,3.27933421085e-05,2.29189584797e-06,0.000174779257329
2788,0.00285159795847,0.00285703344846,3.3819717847e-05,0.000158147935212,3.28722532734e-05,2.29255686012e-06,0.00017494745326
2789,0.00285597632646,0.00284895088486,3.39021099509e-05,0.000158109671172,3.3033771513e-05,2.29296207484e-06,0.000175527991936
2790,0.00286071782414,0.0028441209843,3.39068025199e-05,0.000158411061914,3.31685942604e-05,2.2910394779e-06,0.000176595285163
2791,0.00285800393582,0.00284329717184,3.39453942007e-05,0.000158906137152,3.32726428841e-05,2.28844071008e-06,0.000177714619219
2792,0.00284821582889,0.0028493393545,3.40126383443e-05,0.000159502272168,3.32260621173e-05,2.2874687795e-06,0.000179065662269
2793,0.00282959983263,0.00285909097259,3.40283020322e-05,0.000160037778904,3.32092138972e-05,2.2842734444e-06,0.00017990776038
2794,0.00281235593112,0.00286456619737,3.39739074464e-05,0.000160423149317,3.31326776677e-05,2.28022181242e-06,0.000179804902985
2795,0.0028015699893,0.00287276295532,3.39011701326e-05,0.00016070364704,3.29281238935e-05,2.26914640539e-06,0.000179276274226
2796,0.00278652831947,0.0028758832633,3.38221952053e-05,0.000160802404051,3.2658992394e-05,2.26056623542e-06,0.000177887265801
2797,0.00276943375922,0.00287257726545,3.3763412901e-05,0.000160772863788,3.25186776797e-05,2.2530040937e-06,0.000176151935317
2798,0.00275302192088,0.00285957592567,3.36872275327e-05,0.000160501728211,3.23377199112e-05,2.25026166787e-06,0.000175104267009
2799,0.00275059029288,0.00285352911899,3.36476047456e-05,0.000160296978172,3.2349480346e-05,2.25999081212e-06,0.000174336858233
2800,0.00275916380594,0.00285518145279,3.36583032482e-05,0.00016012243958,3.23973969505e-05,2.2762524528e-06,0.000173095395064
2801,0.00277138474162,0.00285729559162,3.37462241041e-05,0.000159929916483,3.24836024226e-05,2.28808253328e-06,0.000173243547494
2802,0.00278382196989,0.00285495407012,3.38290420191e-05,0.000159719025142,3.27002683568e-05,2.29464317162e-06,0.000173700090279
2803,0.00279563068611,0.00284586209706,3.38991985231e-05,0.000159474764217,3.28266231386e-05,2.29711108308e-06,0.000173828064041
2804,0.00281326986456,0.00283376843324,3.39543459383e-05,0.00015938515545,3.28641275196e-05,2.29725388474e-06,0.000174246192311
2805,0.00282909230415,0.0028282680535,3.39254666164e-05,0.000159528214505,3.29160647063e-05,2.29776123154e-06,0.000175066801223
2806,0.00284744572912,0.00282736691079,3.38944692534e-05,0.000159936728664,3.29218576074e-05,2.29987595955e-06,0.000176328980364
2807,0.0028590622371,0.00283015866229,3.39017289782e-05,0.000160420011509,3.28580864903e-05,2.29869210535e-06,0.00017799096979
2808,0.00285782276861,0.00283575892538,3.38636302648e-05,0.00016081695811,3.28613187291e-05,2.29251456132e-06,0.000179634119893
2809,0.00284887780284,0.00284212963261,3.37315870206e-05,0.000160957167762,3.27633009171e-05,2.28047074862e-06,0.000180234252949
2810,0.00283447455735,0.00285176621566,3.36206053079e-05,0.000161032530111,3.26503432548e-05,2.26724618024e-06,0.000179915291559
2811,0.00282430181939,0.00286498164705,3.35201970902e-05,0.0001609332938,3.25523932744e-05,2.26414937742e-06,0.000178295073767
2812,0.00281681054038,0.00287335057294,3.34982298297e-05,0.000160836870338,3.24095966681e-05,2.26351941597e-06,0.000176789484979
2813,0.00281352880646,0.00288368716578,3.35702689639e-05,0.000160681464882,3.2369989195e-05,2.26468997642e-06,0.000175398769845
2814,0.00282345813795,0.00289381219395,3.36386188939e-05,0.000160378510824,3.24872915557e-05,2.27521096527e-06,0.000174596744283
2815,0.0028434958208,0.00289327544176,3.37436604339e-05,0.000159974714619,3.2548024593e-05,2.28440571564e-06,0.000173963872239
2816,0.00286310901965,0.00289303371737,3.39032578555e-05,0.000159625365455,3.26358518625e-05,2.29240414702e-06,0.000173701722735
2817,0.00287980995349,0.0028954044523,3.40300804335e-05,0.000159398892128,3.28558889606e-05,2.29900451265e-06,0.000173828472962
2818,0.00288656938383,0.00288876820992,3.40942472638e-05,0.000159336180614,3.30434500727e-05,2.30767349821e-06,0.000174624061608
2819,0.002892873428,0.00288139737274,3.42056808942e-05,0.000159428526494,3.31569056207e-05,2.30502836377e-06,0.000175877649674
2820,0.00289396696715,0.0028783780516,3.41986514668e-05,0.000159831486471,3.32926970023e-05,2.29888631938e-06,0.00017707400483
2821,0.00288508216388,0.00287957906343,3.41907081817e-05,0.000160349617756,3.3328292998e-05,2.2938182361e-06,0.000177862476625
2822,0.00286599042624,0.00288461475426,3.4195799598e-05,0.000161015519301,3.32333600817e-05,2.28613064767e-06,0.000178350705096
2823,0.00284188971039,0.00289215861844,3.41343081561e-05,0.000161672302476,3.31214111159e-05,2.27278839258e-06,0.000178655641018
2824,0.00282312332303,0.00289759164629,3.40881812382e-05,0.000162196755511,3.28995649138e-05,2.26528886175e-06,0.000178240531121
2825,0.00280877787376,0.00289345453247,3.39809049469e-05,0.000162530807407,3.26228439042e-05,2.25503206325e-06,0.000176934804386
2826,0.00279223212077,0.00288763133214,3.38524952182e-05,0.000162617832882,3.24475631162e-05,2.24591848251e-06,0.000175380977083
2827,0.00277721048173,0.00288583084529,3.37113182339e-05,0.000162568153785,3.23386171462e-05,2.24693480621e-06,0.000173681203121
2828,0.00276597411478,0.00288536542291,3.36417335082e-05,0.000162341672202,3.22636619768e-05,2.25037917983e-06,0.000172609896146
2829,0.00276983926615,0.00288845827749,3.36410478416e-05,0.000162017464879,3.23230283663e-05,2.25978829228e-06,0.000171583329937
2830,0.00278505188202,0.00289803752684,3.37457226495e-05,0.000161724899582,3.24250664994e-05,2.27486723791e-06,0.000170810768426
2831,0.00280554991652,0.00290112379643,3.38981214741e-05,0.000161413406118,3.25679461711e-05,2.28961865292e-06,0.000171719741147
2832,0.00282047590947,0.00289227763696,3.39976004196e-05,0.000161163274984,3.28483365444e-05,2.29848453728e-06,0.000172831461833
2833,0.00283349401449,0.00288417780173,3.40720633572e-05,0.00016093735021,3.29610182341e-05,2.30703402479e-06,0.000173924528592
2834,0.00285033786764,0.00287982429882,3.4159508404e-05,0.000161009732763,3.30006532079e-05,2.31221896697e-06,0.000175258158583
2835,0.00286827709931,0.00287856405183,3.42084113668e-05,0.000161345241584,3.30387378557e-05,2.3067827374e-06,0.000175677454071
2836,0.00288282550013,0.00288151019892,3.41479062146e-05,0.000161872724455,3.29737078934e-05,2.3022047852e-06,0.000176721208091
2837,0.00288302944977,0.00288537001661,3.41002905064e-05,0.00016248406261,3.28586644911e-05,2.29619660452e-06,0.000178238329627
2838,0.00287420766923,0.00289322314574,3.40486875622e-05,0.00016292411638,3.27467499142e-05,2.28431641434e-06,0.000179153563984
2839,0.00286529480244,0.00289467684752,3.39267557685e-05,0.00016326267524,3.25808027867e-05,2.27802959946e-06,0.000179382415999
2840,0.00285676958174,0.00290001052594,3.38544519987e-05,0.000163560250717,3.24438229443e-05,2.2700416278e-06,0.000178885114979
2841,0.00285192715413,0.00291003635449,3.37810956121e-05,0.000163737871483,3.23119628303e-05,2.26961374963e-06,0.000177391557017
2842,0.00284859876375,0.00292084713001,3.37732222128e-05,0.000163642880476,3.22445181989e-05,2.27334689165e-06,0.000175058074934
2843,0.00285112151898,0.00293171446409,3.37862860466e-05,0.00016332927289,3.22494492557e-05,2.27646001094e-06,0.000173639119934
2844,0.00286456622646,0.00293305991833,3.39323791432e-05,0.000163047743451,3.24250647311e-05,2.2826975826e-06,0.000172909306549
2845,0.00289029364219,0.00293127769893,3.41256290334e-05,0.000162682834205,3.25425614397e-05,2.29044526597e-06,0.000172280232676
2846,0.00291022776239,0.00292858014069,3.42857404157e-05,0.00016242283934,3.27600048453e-05,2.30211814277e-06,0.000172827881647
2847,0.0029212752789,0.00292713970095,3.44397354857e-05,0.000162246717616,3.29795958769e-05,2.3144973379e-06,0.000173909938922
2848,0.0029267458062,0.00292238030186,3.45844126614e-05,0.000162282147358,3.3176508578e-05,2.31804125227e-06,0.000175383993942
2849,0.00292482682658,0.00291845579124,3.46359083374e-05,0.000162442824649,3.32386151582e-05,2.3154657077e-06,0.00017634992784
2850,0.00291770344049,0.00292104532637,3.46125095578e-05,0.000162987879543,3.33039932167e-05,2.30455078698e-06,0.000176501437697
2851,0.00289952867731,0.00292639622799,3.45655729949e-05,0.000163748947479,3.32257408994e-05,2.28606936514e-06,0.000176858605049
2852,0.00287934886377,0.00293393726764,3.44634936596e-05,0.000164464664152,3.30327910255e-05,2.26949522578e-06,0.000176918809762
2853,0.00285650184298,0.00293475148656,3.43139723041e-05,0.000165076621685,3.28076890023e-05,2.2585374915e-06,0.000176509783975
2854,0.00283392817877,0.00292519474362,3.42034711848e-05,0.000165559908896,3.25670735433e-05,2.25103371147e-06,0.000175806136882
2855,0.00281892436487,0.00291431136332,3.40438352054e-05,0.000165851076433,3.23388667561e-05,2.24594632378e-06,0.000174364425517
2856,0.00280199239778,0.00290775509402,3.38760994073e-05,0.000165889357693,3.22974881339e-05,2.24853231566e-06,0.000172638578194
2857,0.00279331266853,0.00291122020065,3.38617463502e-05,0.000165863259112,3.22074043528e-05,2.25288070302e-06,0.00017103324391
2858,0.00279070538119,0.00291667438509,3.39405903138e-05,0.000165664999799,3.21654937968e-05,2.26123218031e-06,0.000170338498272
2859,0.0028066054075,0.00292473060324,3.40805312217e-05,0.00016542532164,3.23028548261e-05,2.2716605312e-06,0.000169903639887
2860,0.00282779743096,0.00293166356719,3.42291750313e-05,0.000165133567472,3.24713347513e-05,2.28386273945e-06,0.000170132266945
2861,0.00284809594498,0.0029342842953,3.43459679048e-05,0.000164833057825,3.26278906756e-05,2.30133331874e-06,0.000172007088493
2862,0.00286561142507,0.00293197456438,3.44430434278e-05,0.00016453154588,3.29055222269e-05,2.31642175541e-06,0.000173724484415
2863,0.00287802824212,0.00292635009906,3.45207547977e-05,0.000164307268182,3.30308522152e-05,2.32030358389e-06,0.000174657899752
2864,0.00289248071941,0.00292490659037,3.45546191987e-05,0.000164396903486,3.3022753412e-05,2.31592741882e-06,0.000175276072736
2865,0.0029027802358,0.00292754805304,3.44775162231e-05,0.00016476950767,3.29689628274e-05,2.30486130546e-06,0.000175973343683
2866,0.0029095094128,0.00293084303933,3.44239611028e-05,0.000165354700412,3.28237139809e-05,2.29143062441e-06,0.000176928980918
2867,0.00290661408877,0.0029315591244,3.43212396603e-05,0.000165747457761,3.26035646995e-05,2.28331191591e-06,0.000177672199136
2868,0.00289855365017,0.00292927924595,3.42089980075e-05,0.000166220149267,3.2473163908e-05,2.27819470683e-06,0.000177955032633
2869,0.00289025027655,0.0029333112319,3.41114536627e-05,0.000166683869897,3.22414449366e-05,2.2758253185e-06,0.000177844256667
2870,0.00288505036096,0.00294085504683,3.4059995348e-05,0.000167011705901,3.21393251036e-05,2.27920360962e-06,0.000177229523642
2871,0.00288439907014,0.00294716680684,3.40776367838e-05,0.000167065636673,3.20852987524e-05,2.28267650073e-06,0.00017575172959
2872,0.00288236435856,0.00295157581214,3.41624506951e-05,0.000166948489223,3.20388232851e-05,2.2837915954e-06,0.000174084647064
2873,0.00288812035315,0.00295958170961,3.42764341124e-05,0.00016660457251,3.21428177283e-05,2.28357642245e-06,0.000172926331942
2874,0.00290871114859,0.00296090754152,3.44219839175e-05,0.00016628829284,3.23919133784e-05,2.28884217957e-06,0.000172338059414
2875,0.00293000612682,0.00296209025717,3.4527234962e-05,0.000166004840602,3.25894730109e-05,2.30545712973e-06,0.000172814514927
2876,0.00294481179663,0.00296511666222,3.47656094638e-05,0.000165910949058,3.27827842235e-05,2.32063560181e-06,0.000174413039046
2877,0.00295469320816,0.00296497050175,3.49714291755e-05,0.000165795659705,3.30131575476e-05,2.32814687521e-06,0.0001754816214
2878,0.00295417143459,0.00296438637786,3.49813741098e-05,0.000165799532859,3.31680233583e-05,2.32783583895e-06,0.000175903855226
2879,0.00294440096976,0.00296499886438,3.49693827751e-05,0.000166167078912,3.31548422456e-05,2.31650281731e-06,0.000176131784704
2880,0.00292958641752,0.00296751651633,3.49329063781e-05,0.000166900274591,3.31430112597e-05,2.29779139881e-06,0.000176097485823
2881,0.00291310372895,0.00296646546942,3.48669825663e-05,0.000167595129953,3.29042445434e-05,2.27678598955e-06,0.000175630805439
2882,0.00289149593662,0.00296438631755,3.46740559245e-05,0.000168075949369,3.26520165077e-05,2.2621935532e-06,0.000175538865909
2883,0.00286686762272,0.00295490533215,3.4495082112e-05,0.000168514266433,3.24528320976e-05,2.2568494341e-06,0.000175313632617
2884,0.00284352080035,0.00294274775369,3.43323623426e-05,0.000168837733676,3.22953629258e-05,2.25760047764e-06,0.000174378298081
2885,0.00282454313535,0.00293592487226,3.41964824885e-05,0.000169190096622,3.2171419559e-05,2.25885383737e-06,0.000173145066214
2886,0.0028142760301,0.00293562579612,3.41962504935e-05,0.000169506441982,3.21196641945e-05,2.26040297204e-06,0.000171861280603
2887,0.00281901777029,0.00294306021878,3.42845173815e-05,0.000169494747669,3.2052318053e-05,2.26664736652e-06,0.000170592305215
2888,0.00282630504561,0.00295296693802,3.44124525132e-05,0.00016931994452,3.20999599283e-05,2.26676483881e-06,0.000170574668718
2889,0.00284351791311,0.00296277295736,3.45217190225e-05,0.000169079856318,3.22636502682e-05,2.27792426308e-06,0.000170866350177
2890,0.00286277821082,0.00296841937568,3.46389218808e-05,0.000168945989004,3.24592018548e-05,2.29551308146e-06,0.000171690878507
2891,0.00288010962747,0.00297382630391,3.47483455904e-05,0.000168710776628,3.26586413373e-05,2.30958708041e-06,0.000173197785274
2892,0.00289305057765,0.00297129269443,3.47731062038e-05,0.00016844774123,3.29074396974e-05,2.32038528912e-06,0.000174176113126
2893,0.00290163670514,0.00296717583039,3.48301705138e-05,0.00016841014501,3.29486817819e-05,2.31890715747e-06,0.000175178091177
2894,0.00291045671145,0.00296631582475,3.48070650142e-05,0.000168561841782,3.28652099364e-05,2.30659015833e-06,0.000175649950288
2895,0.00291629320572,0.00296787845872,3.47246090667e-05,0.00016893492133,3.27339561418e-05,2.2896365149e-06,0.00017558468474
2896,0.00291841999433,0.00296345991133,3.45978186168e-05,0.000169322235068,3.24873399216e-05,2.28151375837e-06,0.000175698448149
2897,0.00291478482096,0.00295753449152,3.44618310408e-05,0.000169629731317,3.2280572651e-05,2.2765961676e-06,0.000176311900188
2898,0.00290713669473,0.00295621936045,3.43327957618e-05,0.000169899970221,3.21489967468e-05,2.2764341745e-06,0.000176190333677
2899,0.00290209880288,0.00295895596202,3.42850951424e-05,0.000170195478398,3.19980227365e-05,2.28154460959e-06,0.000175592893722
2900,0.00289453926885,0.00296237915344,3.42850325268e-05,0.000170523462946,3.18853354711e-05,2.27749141407e-06,0.00017483331508
2901,0.00289528643961,0.00296523323192,3.42954566603e-05,0.000170564162453,3.18816112407e-05,2.28014050465e-06,0.000173433641349
2902,0.00289722799057,0.00297232639141,3.44239289255e-05,0.000170348562625,3.19461991956e-05,2.28020892202e-06,0.000171998589676
2903,0.00290918626058,0.00297737842885,3.45674543741e-05,0.000170114900476,3.20718582266e-05,2.28015944161e-06,0.000171950147817
2904,0.00292801650046,0.00298269120009,3.46809237813e-05,0.000169962055057,3.22970131981e-05,2.28585609841e-06,0.000172610982821
2905,0.00294672222891,0.00298398703354,3.4767772628e-05,0.000169617116279,3.25516189592e-05,2.29711317186e-06,0.000173499279564
2906,0.00296005462988,0.00298874222948,3.49187296874e-05,0.000169311714866,3.27599362739e-05,2.30732329194e-06,0.00017417583104
2907,0.00296282803259,0.00299362016349,3.49653473758e-05,0.000169177343257,3.29550993003e-05,2.31275408908e-06,0.000174549978158
2908,0.00295557475857,0.0029938227362,3.49667537081e-05,0.000169428110032,3.2998588507e-05,2.30339838306e-06,0.000174603208265
2909,0.00294437521885,0.00299090731021,3.49810965868e-05,0.000169962399144,3.28494842216e-05,2.28545217662e-06,0.000174039471088
2910,0.00292641746016,0.00298398162048,3.48342559839e-05,0.000170778174125,3.2769710295e-05,2.2658502143e-06,0.000173124487338
2911,0.0029082176182,0.00297417770547,3.4645696792e-05,0.000171457491572,3.25334674855e-05,2.25095979002e-06,0.000172642792811
2912,0.00288529544233,0.00296679801307,3.44966444084e-05,0.000171856515064,3.23789211393e-05,2.24296379013e-06,0.000172405656268
2913,0.00285932877905,0.00295625219763,3.43032847507e-05,0.000172042741207,3.22693596293e-05,2.24667552127e-06,0.00017183438259
2914,0.00284114164398,0.00294756156343,3.4223886098e-05,0.000172308333239,3.2121153543e-05,2.25238720803e-06,0.000171168894065
2915,0.00283041559514,0.00294412284529,3.42608080725e-05,0.000172593467819,3.20053968001e-05,2.25369714822e-06,0.000170406519002
2916,0.00282999294542,0.00294546703139,3.43176881859e-05,0.000172531987352,3.20067110734e-05,2.25395414997e-06,0.000169715985989
2917,0.00283560519054,0.00295490047178,3.44157666954e-05,0.000172273079424,3.2012604783e-05,2.25783160872e-06,0.000169280903588
2918,0.00284849912572,0.00296601110212,3.45607185335e-05,0.000172229877944,3.20924475274e-05,2.27137787208e-06,0.000170096343083
2919,0.00286763333025,0.00297797570976,3.47876442879e-05,0.000172299788688,3.22423125921e-05,2.28331993512e-06,0.000170814952384
2920,0.00288482797469,0.00298392490377,3.48897773478e-05,0.000172115029402,3.2444697901e-05,2.30109041515e-06,0.000171900135987
2921,0.00289437450815,0.00298637605256,3.5013230115e-05,0.000171912403841,3.26258612737e-05,2.31533131895e-06,0.000173798392293
2922,0.00289890816564,0.00298328370127,3.50745555684e-05,0.000172009402727,3.27364252847e-05,2.32375505429e-06,0.000175333107827
2923,0.00290460938756,0.00298099101324,3.51578952524e-05,0.000172152068234,3.2681763026e-05,2.3159783333e-06,0.000175939468684
2924,0.00291677448375,0.00298133262749,3.5122655075e-05,0.000172461220795,3.25136577082e-05,2.30558243468e-06,0.000175538827921
2925,0.00292568958215,0.00297763548567,3.49670575441e-05,0.000172746008466,3.23325447005e-05,2.29484260543e-06,0.000175010915004
2926,0.0029272831363,0.0029711921968,3.4849955131e-05,0.000173046969192,3.21101489287e-05,2.28822138779e-06,0.000174822417037
2927,0.00292015872524,0.00296549190881,3.47021199937e-05,0.00017322952751,3.19803003154e-05,2.28851832535e-06,0.000174758866825
2928,0.00291235092109,0.00296235948145,3.46073063795e-05,0.000173145188912,3.18350688405e-05,2.28745691109e-06,0.000174277051204
2929,0.00290630263571,0.00296378977486,3.4557345788e-05,0.00017312969088,3.17671635193e-05,2.28991065419e-06,0.000173651455577
2930,0.00290240329484,0.00296910757096,3.46363252721e-05,0.000173227722607,3.17330695969e-05,2.29080294852e-06,0.000173314672111
2931,0.00290462721235,0.00296893781679,3.47310801148e-05,0.000173224731208,3.18094141176e-05,2.29168812995e-06,0.000172907015644
2932,0.00290851711902,0.00297796195433,3.48365545382e-05,0.000172921633908,3.18801607432e-05,2.28485520477e-06,0.000172239757286
2933,0.00291971880847,0.00298723743046,3.48742033499e-05,0.000172599382943,3.19852035303e-05,2.28874668096e-06,0.000172513753832
2934,0.0029373202957,0.00299228637207,3.49547753525e-05,0.000172295582022,3.21917157098e-05,2.2939247719e-06,0.000173067672365
2935,0.00295340952101,0.00299835140275,3.50093644384e-05,0.000171962803356,3.24780423472e-05,2.29830989864e-06,0.000173663379502
2936,0.00296228305786,0.00300355482919,3.50318687171e-05,0.000171787008028,3.26232122698e-05,2.30177465582e-06,0.00017408364163
2937,0.00296236006122,0.00300990805857,3.50222787205e-05,0.000171866972092,3.26914124748e-05,2.30286183683e-06,0.000173983511544
2938,0.00295670609373,0.00300943409687,3.49994944274e-05,0.00017222106829,3.26775916747e-05,2.29385138751e-06,0.000173521264191
2939,0.00294410673822,0.00300171328153,3.49200933083e-05,0.000172925960959,3.24883795586e-05,2.27650028277e-06,0.000172911168449
2940,0.0029249025662,0.00298782984192,3.47667050296e-05,0.000173797192441,3.23701263648e-05,2.26369152855e-06,0.000172227471681
2941,0.00290697319053,0.00297450023361,3.46119314717e-05,0.000174282462821,3.22847755065e-05,2.25710941753e-06,0.000171386414902
2942,0.00289104628851,0.00296791085462,3.45170481495e-05,0.000174625988773,3.21779943114e-05,2.25465229206e-06,0.00017148297337
2943,0.00287124485082,0.00296192662479,3.44647744496e-05,0.000174768936274,3.20881424758e-05,2.26008124573e-06,0.000171122798587
2944,0.00286121209627,0.00295875202361,3.44861279141e-05,0.000174781415568,3.19871910031e-05,2.26314572671e-06,0.000171066981343
2945,0.00285463587001,0.00295696326662,3.45138776336e-05,0.000174724581115,3.19451509705e-05,2.26539890126e-06,0.000170982967622
2946,0.00285499497728,0.00295821820561,3.45946999623e-05,0.000174580002671,3.19782782753e-05,2.2691850236e-06,0.000171251560086
2947,0.00286244123529,0.00296627452204,3.47373966552e-05,0.000174411168775,3.19952823499e-05,2.27182953673e-06,0.000171316077946
2948,0.00287665275247,0.00297703585826,3.48829257528e-05,0.000174306716287,3.21040301244e-05,2.27721135157e-06,0.000171883692545
2949,0.00288980212857,0.00298833038808,3.49813595632e-05,0.00017427470958,3.22211967695e-05,2.28379392437e-06,0.000172345622838
2950,0.00290023502973,0.00299238793826,3.50260827222e-05,0.00017434850913,3.23308949227e-05,2.29364714835e-06,0.000173888198002
2951,0.00290431065954,0.00299199212235,3.50927869936e-05,0.000174295677744,3.24578667192e-05,2.30306520894e-06,0.000174909808361
2952,0.00290865578527,0.00298792188457,3.51120148999e-05,0.000174321483847,3.24260384405e-05,2.30605350757e-06,0.000175724841302
2953,0.00291994705337,0.00298339709592,3.5048841874e-05,0.000174357527087,3.23367813806e-05,2.300498972e-06,0.000175665946245
2954,0.00292901430886,0.00298152196206,3.49653415351e-05,0.000174725156264,3.21370659231e-05,2.29288202239e-06,0.000174836605608
2955,0.00292880925336,0.00297520220081,3.48558177418e-05,0.000175087311538,3.20211145458e-05,2.28896261294e-06,0.00017381419076
2956,0.00292668534898,0.00296746153734,3.47417514165e-05,0.000175217554155,3.18629323785e-05,2.28407102879e-06,0.000173479734805
2957,0.00292191619659,0.00295978545226,3.46439293075e-05,0.000175152943347,3.17900683486e-05,2.28430753736e-06,0.000172913434819
2958,0.00291832519855,0.00295901623607,3.46205624038e-05,0.000175080891325,3.16854033701e-05,2.28473432504e-06,0.000172520793275
2959,0.00291579468146,0.00295970667698,3.46324626454e-05,0.000174990861792,3.17071820243e-05,2.28388997577e-06,0.000172607063891
2960,0.00291274766453,0.00295945751361,3.47202080798e-05,0.000174883626272,3.1727384192e-05,2.28058365543e-06,0.000172834348144
2961,0.00291452659316,0.00296179457275,3.47305282638e-05,0.000174571542744,3.18070249833e-05,2.27976588005e-06,0.000172561428356
2962,0.00291889916051,0.00297053104761,3.48177749738e-05,0.000174315683437,3.18976153032e-05,2.27921226179e-06,0.000172213732722
2963,0.0029294283768,0.00298204545675,3.49347405521e-05,0.000174119001375,3.20251132928e-05,2.2819374731e-06,0.000172389858778
2964,0.00294546060034,0.00299187035498,3.50544220492e-05,0.000174129819132,3.21483409306e-05,2.28168655065e-06,0.000172897443036
2965,0.00296023806021,0.00300122384397,3.50663253733e-05,0.000174128569619,3.23709026534e-05,2.28124721213e-06,0.000173403649269
2966,0.00296745108761,0.00301115877145,3.503086335e-05,0.000174140717633,3.24233559612e-05,2.28353279329e-06,0.000173183604531
2967,0.0029672135085,0.00301667460212,3.50035454035e-05,0.000174314028377,3.24652204085e-05,2.28601645735e-06,0.000173235362888
2968,0.00296398837997,0.00300958530219,3.49229960062e-05,0.000174774477767,3.24231623921e-05,2.27708641463e-06,0.00017260440048
2969,0.00294923790684,0.00299745726036,3.47247834241e-05,0.000175460000397,3.23593479463e-05,2.27143197706e-06,0.000171247419414
2970,0.00293012374216,0.00297844597267,3.46692925572e-05,0.00017607385955,3.22886824574e-05,2.26829070745e-06,0.000170586167351
2971,0.00291308393083,0.00296633171632,3.46861595769e-05,0.000176435084931,3.22199066701e-05,2.26160808839e-06,0.000170253285665
2972,0.00290016728808,0.00295984925597,3.46462283017e-05,0.00017667381918,3.21553065194e-05,2.26113661267e-06,0.000170290311627
2973,0.0028842057322,0.00295774141131,3.4662902255e-05,0.000176648943374,3.2104854126e-05,2.26849081291e-06,0.000170746874734
2974,0.00287844033273,0.00295330209809,3.47335988068e-05,0.000176632378295,3.20455493012e-05,2.27816572478e-06,0.000171640791985
2975,0.00287055095703,0.0029544075653,3.48466470116e-05,0.000176581719644,3.20720422181e-05,2.28045121365e-06,0.000172525714332
2976,0.00286914504132,0.00295589456626,3.49326626739e-05,0.00017640907129,3.20721265032e-05,2.28122096243e-06,0.000172798317012
2977,0.00287468804375,0.00296543094881,3.50452508891e-05,0.000176329315529,3.20671132416e-05,2.27765061855e-06,0.000172978462047
2978,0.00288777601975,0.00297391642658,3.50637370557e-05,0.000176321450587,3.21084692871e-05,2.2697849806e-06,0.000173089883179
2979,0.00289416311223,0.00298298942814,3.50673104795e-05,0.000176371077729,3.21331253408e-05,2.2679167197e-06,0.000173581525523
2980,0.0028989972361,0.00298416502159,3.50375069871e-05,0.000176311078068,3.21693230968e-05,2.27612490856e-06,0.000174362227252
2981,0.00290862335929,0.00298158149778,3.50428965802e-05,0.000176198981072,3.22323469643e-05,2.2858318056e-06,0.00017502860404
2982,0.00291724722964,0.0029777069163,3.50196033978e-05,0.000176084277169,3.21488657609e-05,2.29448531565e-06,0.000175213721174
2983,0.00292356200076,0.00297515498526,3.49198384207e-05,0.000176240023507,3.20729321898e-05,2.2972797607e-06,0.000174469775477
2984,0.00292522536612,0.00297445020923,3.4845139871e-05,0.000176553158124,3.19954595792e-05,2.29987825102e-06,0.000173310238317
2985,0.00292245061734,0.00296467911886,3.48591601406e-05,0.00017660147581,3.18392784887e-05,2.30000129034e-06,0.000172511833022
2986,0.00292254674867,0.00295545892876,3.48864572945e-05,0.000176406757245,3.17917112238e-05,2.29441771217e-06,0.000172328661666
2987,0.00292284611205,0.0029465795928,3.48389100131e-05,0.000176196081704,3.17909341118e-05,2.29412159965e-06,0.000172427233107
2988,0.00292015530469,0.00294414638119,3.48602792086e-05,0.000175995923664,3.17253987657e-05,2.29805182809e-06,0.000172903798136
2989,0.00291451122241,0.00294603503816,3.49355480958e-05,0.000175858047291,3.1766183964e-05,2.3005789312e-06,0.000173428001979
2990,0.00290878562209,0.00294724470536,3.50446867013e-05,0.000176009992273,3.18475512687e-05,2.29805989201e-06,0.000173801946661
2991,0.00290618875411,0.002950059413,3.50999622486e-05,0.000176078533633,3.18927798169e-05,2.29651026534e-06,0.000174021833671
2992,0.00291236864322,0.00296060613269,3.52048535797e-05,0.000176019589975,3.19667437898e-05,2.28925628797e-06,0.000174156768057
2993,0.00292392306804,0.00297502243676,3.52197788528e-05,0.000175991710654,3.20403000547e-05,2.27566646378e-06,0.00017361128359
2994,0.0029356459104,0.0029860593849,3.51582091803e-05,0.000176081535559,3.200581904e-05,2.27114885268e-06,0.000173137571876
2995,0.00294973881201,0.00299312718944,3.51031864635e-05,0.000176177742697,3.21533254785e-05,2.27838466754e-06,0.000173535986591
2996,0.0029619572507,0.00299466966249,3.50990864959e-05,0.000176273639864,3.22697520845e-05,2.29134393551e-06,0.000173557765053
2997,0.00295865687714,0.00299661266108,3.50813918822e-05,0.000176508728855,3.23369598532e-05,2.30161806133e-06,0.000172862549108
2998,0.00295439945804,0.00299168149941,3.4964183359e-05,0.000177014776827,3.23678404963e-05,2.30339176647e-06,0.000171882476801
2999,0.00294433934873,0.0029794017715,3.492248677e-05,0.000177524585782,3.23611017139e-05,2.2941939664e-06,0.000170682632908
3000,0.00293041181163,0.00296965480508,3.4888573774e-05,0.000177781631515,3.22585101908e-05,2.28423889218e-06,0.000170039227166
