Time (s),T,Ux,Uy,Uz,p
1,0.0,0.4915835664245535,1.0,1.0,0.19483839007088935
2,0.00016290744836227288,0.4913391822939575,0.9991878927445033,0.9998309313285436,0.26487505806476125
3,0.00040816168987655056,0.4916075445883065,0.9986291345631185,0.999565825160339,0.25437246281174736
4,0.0007386332454060863,0.49065792353794774,0.9983830751355077,0.9992481842194206,0.19953171340112386
5,0.0011538900157581468,0.48914083898636634,0.9979286894693299,0.9989041662596052,0.17134176065819065
6,0.0016564048310371375,0.4880145261213464,0.9972180719239035,0.9985320756519045,0.1928833392430824
7,0.0022449648304600127,0.48783723350653924,0.9965655516977932,0.9981163697334502,0.22996942764618725
8,0.002921239635857355,0.4872422339415266,0.9961666294271455,0.9976466472690354,0.24236586723848028
9,0.0036876472896293522,0.48637330506684456,0.9960104411770276,0.9971230051268927,0.22765748871437444
10,0.0045473988528484275,0.48485269058936026,0.9953201614259923,0.9965511974142658,0.21131543279123227
11,0.00549783763913936,0.48301209070696677,0.9941502437264634,0.9959360637772542,0.21278974916926438
12,0.006540578187263388,0.4807559091637198,0.9925350810533253,0.99527810642966,0.22960104943170992
13,0.007675999728481617,0.4786094492210715,0.9907041296167479,0.9945751014653248,0.2424846655306123
14,0.008905323098074543,0.4761669027811705,0.9888051416216432,0.9938251916069718,0.24321883309537867
15,0.01022978655703407,0.47410964298985253,0.9871933527667428,0.9930283058235582,0.23645768820613558
16,0.011650382043236348,0.4721803749557852,0.985722281480282,0.9921859943864391,0.23300894620172355
17,0.013164007037273027,0.47061222740502084,0.9843756652152577,0.991299244658179,0.23829536484830724
18,0.014776195244104765,0.4690693190096773,0.9829562978263632,0.9903677082331497,0.24990998371575543
19,0.016487619622045434,0.4677109070131172,0.9811318488119966,0.9893906279410085,0.2576087605044732
20,0.018299243312206087,0.46697526013227003,0.9793121426687189,0.9883678474940388,0.25845637033085994
21,0.02021293190207908,0.4666027194781905,0.9779299437353665,0.9872994459904161,0.2556278627179595
22,0.022231102400362215,0.46574892204346513,0.977221040823442,0.9861856906216988,0.2546289317057689
23,0.024355928741477635,0.46439077267632317,0.9767554721608029,0.9850268548199237,0.25810653097623215
24,0.026589220986851042,0.46266241996585233,0.976506945672994,0.9838228905804163,0.26499116792126465
25,0.028932586143777122,0.4607961219800895,0.9763028879940918,0.9825734917599243,0.2723266932798368
26,0.031387605228636636,0.4599485887340382,0.9759102156948545,0.9812783862481619,0.2776953234104878
27,0.03395572694034488,0.45888530800825766,0.9753557967386696,0.9799376440978919,0.27976063020540004
28,0.03663832392481437,0.4585011714786459,0.9746306642778584,0.978551616841707,0.2801254354171189
29,0.039436488687096274,0.45840297492628185,0.9738142269189567,0.977121024948679,0.280660698104481
30,0.04235139008059286,0.45743218776112454,0.97352008409823,0.9756464352007819,0.283096552850541
31,0.04538436176484158,0.45645605287689633,0.9735812882288581,0.9741279097597947,0.2873229057811966
32,0.04853681492911591,0.4554609464630037,0.973466350067794,0.9725652372512004,0.29260506136983283
33,0.051810215698059346,0.45405696530869116,0.9730289120829606,0.9709582350447661,0.2981028313552016
34,0.05520606888737572,0.45189279774434593,0.9723355100955741,0.9693067553314832,0.3031804365834806
35,0.05872593749699572,0.44918123469837384,0.971299636472814,0.9676106598278572,0.30674032606904295
36,0.062371291343459034,0.44608869658192596,0.9701293434529937,0.9658700566311126,0.30858976374902025
37,0.06614343632325717,0.4436077589171035,0.9690704766557222,0.9640850629007031,0.30974709943130574
38,0.07004352401172999,0.4420159063974044,0.9683477556819639,0.9622556542254486,0.3116778501347271
39,0.07407258710526911,0.4407058863373612,0.9679328746008798,0.9603817649718738,0.314977838976441
40,0.07823155729005186,0.43931969122155046,0.9676110923270519,0.958463337017441,0.3195873206256416
41,0.08252121709977538,0.4369696891497763,0.9672292238405688,0.9565003459022036,0.3250731535860341
42,0.08694216521184917,0.4331464145428733,0.9665137209196746,0.9544927399744829,0.3301810610276067
43,0.09149476372717126,0.4293704342220619,0.9655369190928805,0.9524404808980567,0.33338674389821354
44,0.09617903391103184,0.42542049656082775,0.964243894804456,0.950343576557602,0.3353074170198051
45,0.10099457319940769,0.42196781031969277,0.9629511569562259,0.9482020930318029,0.33737166094477844
46,0.10594045610848694,0.4196245265722591,0.9621080369965,0.9460160728113137,0.3402113159560258
47,0.11101514754905897,0.4185826541949649,0.961570454686824,0.9437855335539443,0.344094167386171
48,0.11621636238685218,0.41773817551897713,0.9610745632872396,0.941510547671765,0.3486804441995255
49,0.1215409261843825,0.41582522128750676,0.9605058993547831,0.9391912434472786,0.3528140426243351
50,0.1269846481997581,0.41289146917716407,0.9600417603438133,0.9368277548855277,0.35608347453489003
51,0.1325421816854887,0.409902951327656,0.9596952638905804,0.9344202791623044,0.3589825460593229
52,0.13819246586726824,0.40712567655012144,0.9593988682363044,0.9319690455916058,0.36187204480739077
53,0.1439409062675358,0.40479563032224175,0.958972290415085,0.9294743226997734,0.36476138609373215
54,0.1497780300788751,0.40287173093376943,0.9585538144614915,0.9269364987488387,0.36775228819102845
55,0.15569303555999814,0.40135056222233295,0.9581489663051846,0.924356109789241,0.37119259438910623
56,0.1616738010438947,0.40049583402848055,0.9578000819977576,0.921733743738346,0.3750976850409606
57,0.16770690044387188,0.39995243421758186,0.957531381503179,0.9190700838170092,0.378882546346934
58,0.17377775181527055,0.39904193770039814,0.9571798264402582,0.9163659683125284,0.3818637320996323
59,0.17987082602129018,0.39787069999714714,0.9569209972378196,0.9136223541981427,0.3843019696190737
60,0.18596990959581308,0.39579921313761446,0.9567223365605491,0.9108403018933858,0.38729123688812667
61,0.19205839610759484,0.39281116206868844,0.9564525662396872,0.9080210035669465,0.3909837975503479
62,0.19811961606784947,0.389772176479751,0.956317550132897,0.9051657434589364,0.3946538110129745
63,0.20413715974939878,0.38694200781216864,0.9561958783124873,0.90227593567311,0.3978871076612463
64,0.21009519350811642,0.3846587675010406,0.9559455402746123,0.899353116589413,0.40065214642442337
65,0.21597880445800535,0.38281743168666466,0.955589646404798,0.8963989163597482,0.4032553094021628
66,0.22178861549532422,0.3812479098747105,0.9553205277610015,0.8934150060232527,0.40604479648957226
67,0.22749897534566954,0.37997808503165287,0.9552315006460143,0.8904031162453862,0.40919341088613603
68,0.2330993098360398,0.3787130932952826,0.9552842881370902,0.8873650009378479,0.412601430383974
69,0.23858085943281718,0.37718534310316826,0.9553901211418202,0.8843024161189826,0.4160294406354821
70,0.2439368328244895,0.37526376773062237,0.9554307948357262,0.88121712457648,0.419255769581046
71,0.24916245713145543,0.3731395756751829,0.9552817883053861,0.878110875993196,0.422170508595614
72,0.2542549584127906,0.37109048213190027,0.9549067554913461,0.8749853910747984,0.4247709090376329
73,0.25921349137262134,0.3693109169907964,0.9543208209146303,0.8718423309351054,0.42725446557150376
74,0.2640390175276177,0.36783928597985804,0.9535243566362537,0.8686832856720272,0.42987070022827484
75,0.26873414985217287,0.3667032245803952,0.9526990033128508,0.8655097429541363,0.4327508600781083
76,0.27330296020918005,0.36594980958276635,0.9518920383886119,0.8623230948942732,0.4358251013669491
77,0.27775075768884716,0.3654238672089139,0.9511019762415462,0.8591246404206254,0.43889258799013
78,0.28208385897285454,0.3650551589189306,0.9503061500758984,0.85591558462384,0.44177965533640995
79,0.28630935353000053,0.3646611245203865,0.9494743091173145,0.8526970408872102,0.4444202456925513
80,0.29043487708161736,0.3641884450213702,0.9486386164415713,0.8494700204867216,0.4468948917179223
81,0.29446840027756105,0.3636646109486653,0.9478276848442198,0.846235421950626,0.4493160839528259
82,0.2984180347980548,0.3632639320410253,0.9469862843407237,0.8429940394191748,0.4517729344325457
83,0.30229185865320846,0.3630136828258808,0.9461755363983465,0.8397465758104127,0.454313872048948
84,0.3060977649631587,0.3629230682285248,0.9454499396504072,0.8364936396864854,0.45692642949990653
85,0.3098433262440136,0.3629658972089055,0.9448505264937758,0.833235762591102,0.4595437941801301
86,0.31353568896737993,0.3630928632790086,0.9443665678857945,0.829973408947106,0.46209597645101824
87,0.3171815013469892,0.3632612785397115,0.9439849015831548,0.8267069839121457,0.464570689628892
88,0.3207868651963397,0.3634711216280226,0.9437127348806461,0.8234368352532552,0.4669973166260129
89,0.32435730019122017,0.3637721478368437,0.9435727691252641,0.8201632555838244,0.4693768485282033
90,0.3278977416545216,0.36423004511395296,0.9435277698744017,0.8168864919769779,0.47170505469577956
91,0.3314125604925358,0.3648528769732555,0.943505895993517,0.8136067561036173,0.4739909637344629
92,0.3349055903672201,0.36563930261040634,0.9434314577224363,0.8103242317795152,0.4762748165017466
93,0.33838016180932556,0.36654342046945976,0.9432768622246794,0.8070390790688777,0.4786119077064742
94,0.3418391406140747,0.36754076553753806,0.9430534424825835,0.8037514416733662,0.481021665406228
95,0.3452849722915655,0.368672740353022,0.9428212272587184,0.8004614393610413,0.48346017616931586
96,0.3487197256311037,0.3700063469172691,0.9426475748862345,0.7971691687638692,0.4858525412414675
97,0.35214512651894914,0.37163986610880045,0.9425904290986611,0.7938747145545828,0.48813831597413443
98,0.35556258289553516,0.37365775406109397,0.9426788215648391,0.7905781526510014,0.49030755014492505
99,0.358973217834768,0.3760712570491589,0.9429209779794719,0.7872795593627604,0.49242187400015097
100,0.36237791059795793,0.3788149453760621,0.9433000807440864,0.7839790084215787,0.49458729897475107
101,0.36577733798298073,0.3818425367803647,0.9438142096761428,0.7806765648635374,0.4968651519687652
102,0.36917200932342525,0.3851252658900865,0.9444498107269624,0.7773722867548398,0.49925503932669785
103,0.37256229690981635,0.38860293498669046,0.945168827529105,0.7740662345832168,0.5017175700239466
104,0.3759484618328293,0.39225843120456744,0.945960747153581,0.7707584687859498,0.5041269502776737
105,0.3793306821894088,0.3961651765437781,0.94685740562277,0.7674490256018657,0.5063590280802
106,0.3827090601711625,0.40034084733540154,0.9478710554884833,0.7641379487992269,0.5084397754343688
107,0.3860836139421978,0.40477263067638025,0.9489947204677529,0.7608252933542673,0.5104862377075213
108,0.38945429004389487,0.40940367439691355,0.9502046356282098,0.7575111239293293,0.5126183710022288
109,0.392820996326607,0.41422124338013444,0.9514561143065516,0.7541955019538482,0.514897011307234
110,0.39618363591505534,0.41924035347981675,0.9527177632508252,0.7508784773129652,0.5172873340021533
111,0.3995421342329956,0.42446751538698174,0.9539513958463801,0.7475600936740459,0.5197076740888646
112,0.40289645052192075,0.42985641101749467,0.9551352110960302,0.7442403960917888,0.5220891349030167
113,0.4062465794655103,0.4353647940040686,0.9562676425150723,0.7409194391976969,0.5243797817018131
114,0.4095925565059341,0.44098466299178524,0.9573723174200873,0.7375972718132887,0.5265179008759597
115,0.4129344669997683,0.44669834631754685,0.9585143236304235,0.7342739273102356,0.5285239995634576
116,0.4162724305643572,0.45247110261606366,0.9597229329894857,0.7309494462323012,0.5305092136672651
117,0.4196065774496859,0.45826412413638007,0.9610021578435319,0.7276238709730268,0.532577468247622
118,0.42293703864414384,0.4640652646494494,0.9623818826479406,0.724297245178758,0.534764625322828
119,0.4262639588699276,0.46989076444596856,0.9638614535664095,0.7209696055886021,0.5370430340660147
120,0.4295875143041923,0.47573278447274037,0.9654088509222755,0.7176409812230486,0.5393583098071539
121,0.43290791641858056,0.4815388755702616,0.966974339841625,0.7143113953892966,0.5416578694304256
122,0.4362254043001067,0.48726812451029755,0.9685176017305532,0.7109808693639931,0.5438997585180504
123,0.43954023416616494,0.4929289579094566,0.970019145788659,0.7076494261852787,0.5460617355333548
124,0.4428526716853802,0.498522996344426,0.9714729361400912,0.7043170881177504,0.5481330930452444
125,0.44616298149267497,0.5040529403137255,0.9728947130641922,0.7009838714856962,0.5501497856978919
126,0.44947140400413954,0.5095321952054886,0.9742788016007471,0.6976497896915962,0.552188673575119
127,0.45277813429939906,0.5149771613208791,0.9756035345185158,0.6943148557385469,0.5543143717599073
128,0.45608331961116955,0.520376924142356,0.9768284903544231,0.6909790824530749,0.5565439695325761
129,0.4593870718776545,0.5257117846218766,0.9779315748885061,0.6876424799164687,0.5588548942225195
130,0.4626894783752027,0.5309904402686701,0.978904012259082,0.684305054401156,0.5611995436133668
131,0.4659906093974739,0.5361914836105288,0.9797278878276656,0.680966810195258,0.563528940009983
132,0.4692905198798297,0.5412875045340841,0.9804066182814081,0.677627752125013,0.5658111023743757
133,0.4725892485133053,0.546273132236134,0.9809751462364893,0.6742878872574124,0.5680393061435102
134,0.47588681360970747,0.5511152149133257,0.9814844490812344,0.6709472251734638,0.5702310110978283
135,0.4791832148736795,0.555733747366601,0.9819584605432184,0.6676057780690879,0.5724185849849137
136,0.4824784334027262,0.5600999380985512,0.9824067897738777,0.6642635584765287,0.5746351944408595
137,0.4857724294720766,0.564228535503225,0.9828471670590235,0.6609205774440037,0.5768984590241463
138,0.4890651481463523,0.5681608335712247,0.9832713068644577,0.6575768452041465,0.5792043310295129
139,0.49235652858316614,0.571961394285692,0.9836472467983248,0.6542323713968218,0.5815372587477333
140,0.49564651112150754,0.5756436214470447,0.9839414154696913,0.6508871648463096,0.5838764247486308
141,0.4989350396446132,0.5792019993110479,0.9841103898361434,0.6475412354531247,0.5862022226708031
142,0.5022220621706134,0.5826588986517803,0.9841172236125232,0.6441945955477171,0.5885076153423903
143,0.5055075315909612,0.5860346139540341,0.9839735465827435,0.6408472599241042,0.5908005013466722
144,0.5087914036029277,0.5893377502014028,0.9837330093064056,0.6374992447131882,0.5930927227674504
145,0.5120736364142865,0.5925801091008384,0.9834529586384416,0.634150565781017,0.5953883342572384
146,0.5153541910386458,0.5957136325604507,0.9832310219117326,0.6308012383924605,0.5976804931564537
147,0.5186330312954481,0.5987047772255581,0.9830917868064164,0.627451276601625,0.5999838527130252
148,0.5219101242530095,0.6015455262215851,0.983089044653063,0.624100693714298,0.6022881385182179
149,0.5251854387517448,0.6042446314710169,0.9832192882103741,0.6207495032422643,0.6045887285924908
150,0.5284589448134871,0.6067973709865836,0.9834390261505911,0.6173977192354266,0.6068806906637899
151,0.5317306154135779,0.6092002428578936,0.9837137008296468,0.6140453559034409,0.6091591596132382
152,0.5350004250041093,0.6114168719132034,0.9840251273011416,0.6106924277124091,0.611442139391584
153,0.538268348923243,0.6134708667040559,0.984353478421091,0.6073389500280985,0.613717790230327
154,0.5415343633951778,0.615349074756847,0.9846859819525601,0.6039849385021506,0.6159909517766592
155,0.5447984462685532,0.6170283649758689,0.9850073630642798,0.6006304081724172,0.6182654610140947
156,0.5480605753920175,0.6184633498701625,0.9852997787535308,0.5972753734671645,0.6205380969145534
157,0.5513207280235133,0.6196420522400107,0.9855315537731171,0.5939198487389857,0.6228034756595258
158,0.5545788786151159,0.620539259013369,0.9857109821091616,0.5905638486221445,0.6250624517131795
159,0.557835000585223,0.6211371858321927,0.9857995134252536,0.5872073879022505,0.6273155321962809
160,0.5610890643986649,0.6214372358171049,0.9858374825509962,0.5838504810664261,0.6295713080615891
161,0.5643410388958733,0.6214469539665519,0.9858074965906408,0.5804931423957963,0.631836138004641
162,0.5675908923265659,0.6211976721907793,0.985718791711017,0.5771353858687942,0.6341139423705857
163,0.5708385929404607,0.6207384083230496,0.9855579892230742,0.5737772251569588,0.6364056775110064
164,0.5740841085442449,0.620116737783033,0.9853189848119382,0.5704186736879946,0.6387078977825827
165,0.5773274069446137,0.6193587952288694,0.9850062276977464,0.5670597449190342,0.6410193689588082
166,0.5805684572773386,0.618482397546645,0.984626125016246,0.5637004528621435,0.6433375392260459
167,0.5838072310410028,0.6174719626702619,0.9842018091989116,0.5603408112266979,0.6456648029362061
168,0.5870437018016447,0.6163102663651625,0.9837562652127251,0.5569808333310964,0.647998946355489
169,0.5902778438636986,0.6150056072426849,0.98331797163523,0.5536205317832559,0.6503409790944872
170,0.5935096333036808,0.6135993448143396,0.9829023143590693,0.550259918905218,0.6526887337328425
171,0.5967390479702473,0.6121130868433207,0.9825135629951793,0.5468990063505822,0.6550380004712799
172,0.5999660696992827,0.6105897814391891,0.9821464174644294,0.5435378056005824,0.6573813206957939
173,0.6031906835755195,0.6090523014629197,0.981787666205014,0.5401763276529876,0.6597212740076823
174,0.6064128794093561,0.6075572477097683,0.9814326155308213,0.5368145833668339,0.6620637536615223
175,0.6096326502600142,0.6061526991156164,0.9810714838662885,0.5334525830714478,0.6644093709818079
176,0.6128499921402661,0.6048583048675292,0.9806843039922283,0.5300903368481179,0.6667475621063518
177,0.6160649028349573,0.6036716792882455,0.9802623806632039,0.526727854399769,0.6690802466845619
178,0.6192773811627029,0.6025978206298397,0.9798102973219166,0.5233651446725985,0.6714243843230292
179,0.622487427123486,0.6016452526863063,0.9793317498638285,0.520002215860281,0.6737755637642963
180,0.6256950427847702,0.6007958527883899,0.9788206776985405,0.5166390756562098,0.6761208221633254
181,0.6289002321338001,0.6000300795687532,0.9782811904832212,0.5132757313712109,0.6784558802527004
182,0.6321030006345869,0.5993359164243449,0.9777089218341071,0.509912189983991,0.6807852419150776
183,0.635303354784853,0.5987257069023758,0.9770518840727317,0.5065484581705663,0.6831216407489777
184,0.6385013004916322,0.5981948854855834,0.9762229007005079,0.5031845424135662,0.685473470879918
185,0.6416968427758967,0.5976967807403041,0.9751755258244806,0.49982044860285146,0.6878385741487458
186,0.6448899854772167,0.5972265768437457,0.9739292824101954,0.4964561819304117,0.6902002502990237
187,0.6480807322874801,0.596761374181751,0.9725295757110248,0.4930917471720364,0.6925444157251517
188,0.6512690857171812,0.5962880702128874,0.9710133867025473,0.48972714882604873,0.6948736755001131
189,0.6544550465046995,0.595778287285327,0.9693552281430942,0.4863623910628564,0.6971871242167066
190,0.657638614207004,0.595211613971464,0.9676100100346904,0.48299747756940287,0.6995149112567649
191,0.6608197883810721,0.5945802258674617,0.9657800559697283,0.47963241120863953,0.7018621981395329
192,0.6639985703559798,0.5938699085718928,0.963878572926296,0.476267194780457,0.704227854841895
193,0.6671749620515164,0.5930496308957669,0.9619239212642706,0.47290183153878246,0.7066003796755247
194,0.6703489678979491,0.592139794400852,0.9599274269403926,0.4695363244558723,0.7089720153107478
195,0.6735205938023116,0.5911814113274938,0.9579103917682893,0.4661706762811688,0.7113529412164727
196,0.6766898478867587,0.5902168586290341,0.9559086265739358,0.4628048896001569,0.7137686523774021
197,0.679856738568819,0.5892590114367975,0.9539406648808724,0.45943896602298373,0.7162304721787162
198,0.6830212750043916,0.5883122686043271,0.9520010584568899,0.45607290639045756,0.7187461324790779
199,0.6861834669400555,0.5873508531059218,0.9500424376430067,0.4527067115854265,0.7212891425760117
200,0.6893433241224234,0.5863695465345276,0.9480997905108024,0.4493403827051454,0.7238339055980735
201,0.692500857184153,0.5854072145943122,0.9461228799996456,0.4459739231801109,0.7263458192238076
202,0.6956560825172364,0.5845129517313893,0.9440989140938657,0.44260733658796114,0.7288086602139063
203,0.6988090172520621,0.5837248803709194,0.9420317014754237,0.43924061898110256,0.7312372809608639
204,0.7019596568106803,0.5830695643928853,0.9399492083848826,0.4358737696995008,0.7336548538805782
205,0.7051079992733186,0.5825812769998066,0.937889833967482,0.4325067900758365,0.7360695809026002
206,0.7082540499562971,0.5823035798469118,0.9358792565729462,0.4291396807028793,0.7384841134126815
207,0.7113978135852316,0.5822741392634977,0.9339263646296397,0.42577244122749,0.740902367125031
208,0.7145392907508352,0.5825253385817554,0.9320260650601713,0.4224050706869432,0.7433370200638588
209,0.7176784782042344,0.5830825931992293,0.9301614032423505,0.41903756875752796,0.7457979390889113
210,0.7208153728442465,0.5839959924836445,0.9283169731543615,0.41566993534675545,0.7482874560305359
211,0.7239499689115115,0.5852723938961115,0.9264626279198277,0.41230216984083545,0.7508012638343294
212,0.727082261089701,0.5868809846695975,0.9245437873820225,0.4089342710205967,0.7533320613473391
213,0.7302122468683371,0.5887647373294401,0.9225273216736103,0.4055662392517906,0.7558660984138732
214,0.7333399331881644,0.5908955855860817,0.9203756217662447,0.4021980705195585,0.7583959743098756
215,0.7364653185724497,0.5932188761201952,0.9180394925928532,0.3988297626882483,0.7609129545136799
216,0.7395884058270022,0.595696263980794,0.9154729201507728,0.39546131472787005,0.7634217860482899
217,0.7427092029263362,0.5982141839684698,0.9126842969656392,0.392092725637862,0.7659253611234917
218,0.745827721979851,0.6007462749452284,0.9097076318705872,0.38872399440925476,0.7684576776838355
219,0.7489439767213871,0.6031489104356016,0.9065842359158696,0.3853551196042665,0.7710253653515187
220,0.7520579833952792,0.6054064795906293,0.903320687794241,0.3819860992175699,0.7736363944929263
221,0.7551697591319072,0.6073378613108391,0.8998953606790302,0.37861693109669653,0.7762652909641017
222,0.7582793191418784,0.6089235830803053,0.8962398044362413,0.37524761247959193,0.7788888823484733
223,0.7613866801125502,0.6101694945209183,0.8922718226117133,0.3718781404318362,0.7814770563127377
224,0.7644918593219765,0.6111610701172949,0.8880163629498421,0.3685085117247261,0.7840274069278033
225,0.7675948725714613,0.6119973766242545,0.8836009780038355,0.3651387224274844,0.7865769216034715
226,0.7706957279831762,0.6126093089627258,0.879175679377378,0.36176876788623824,0.7891436946007254
227,0.7737944190593823,0.6130479286752557,0.8748818846591976,0.35839864261051146,0.7916894301835024
228,0.776890922024295,0.6133054215352046,0.8708990941600816,0.35502834209777684,0.794186864232503
229,0.7799851978915056,0.6134049184870316,0.8674271428859205,0.35165786351871536,0.7966507032553393
230,0.7830772025059926,0.6134095101452295,0.864585656787066,0.34828720567517546,0.7991185830365214
231,0.7861668974720442,0.6133769294261971,0.8624719062844233,0.3449163686848704,0.8015706517593355
232,0.7892542591615667,0.6133752747723281,0.8611343198649294,0.3415453530775092,0.8039697691818455
233,0.7923392840303212,0.6133980588679522,0.8605405420701708,0.3381741582056696,0.8063228566943285
234,0.7954230543937406,0.6132825322734602,0.8604927995422902,0.3348027822910427,0.8087285018519569
235,0.7985047716214921,0.6129970487527785,0.8608283355831501,0.3314312223151276,0.8112768911361233
236,0.8015833418794154,0.6126114378849182,0.8615005149827273,0.3280594753939527,0.813959648946418
237,0.8046603878284514,0.6122268016761119,0.8624711339621098,0.3246875382105302,0.816711722548919
238,0.80773529203637,0.611949779691149,0.8637180538686663,0.32131540635902617,0.8194439373877909
239,0.810808033976243,0.6118668123973133,0.8651965215144984,0.31794307529907695,0.8221318312449709
240,0.8138785790919545,0.6119527830902478,0.8668201686350381,0.3145705404861153,0.8247691913101414
241,0.8169469002111549,0.6121908437583929,0.8684945002576175,0.3111977977413251,0.8274086076467114
242,0.8200129781360177,0.6125395602955875,0.8701248767923477,0.3078248428606663,0.8300778839130102
243,0.8230767923395984,0.6130050171355743,0.8716430321174096,0.30445167127855105,0.8327941834901229
244,0.8261383135821178,0.6135807367892484,0.8730092734950111,0.30107827905579376,0.8355368371473825
245,0.8291974984469085,0.6142393578497101,0.8741934132850699,0.2977046621270876,0.8382808755459599
246,0.8322542891927495,0.6149354373350688,0.8751610602255655,0.29433081660369537,0.8410117241682842
247,0.8353086174457869,0.6155849742577209,0.8758674915288522,0.290956738928999,0.84372734063746
248,0.8383604058239422,0.6161076771947184,0.8762749687140029,0.2875824252394856,0.8464307607321805
249,0.841409572071822,0.6164387249004577,0.8763956800062691,0.2842078719322925,0.8491194789502289
250,0.8444560315712293,0.6164844789332588,0.8762738669082883,0.28083307556431125,0.8517723050466784
251,0.84749970073772,0.6161260271866751,0.875932302161464,0.277458032953083,0.8543761858669306
252,0.8505405038136312,0.6152986249532356,0.8754202657224376,0.2740827419881796,0.8569258556893609
253,0.8535783765600197,0.6140230667604486,0.8747685662834537,0.27070720036999124,0.8594116699531504
254,0.8566132695055183,0.6122907230683773,0.8739860141635437,0.26733140544156453,0.8618164513840577
255,0.8596451500137918,0.6099908461793717,0.8730546360832296,0.26395535370934187,0.8641112269347851
256,0.8626740036126204,0.6070259983065024,0.8719507989930039,0.2605790411290366,0.866273838429957
257,0.865699832221785,0.6033963614720285,0.8706345602117527,0.2572024633788956,0.8683030771157627
258,0.8687226520856124,0.598931249202407,0.8690166576634092,0.2538256171587471,0.8703503382780982
259,0.8717424905241171,0.5934601310617035,0.8672212775516693,0.25044850172027194,0.8726730726339166
260,0.8747593819457502,0.5870709707413636,0.8655336894737168,0.24707111840035506,0.8754055931343616
261,0.8777733640078108,0.5798995810235156,0.8640698865572681,0.2436934668921014,0.878418963700221
262,0.8807844728908563,0.572178794026089,0.8628697484222085,0.24031554269718797,0.8814186975749854
263,0.8837927407882079,0.5641055139067037,0.8619634884200794,0.23693733746639103,0.884155907207811
264,0.8867981945768333,0.5557514155410991,0.8612779129916954,0.2335588404752038,0.8865737695806405
265,0.8898008522731823,0.5472095350485406,0.8607986411733299,0.23018004236543307,0.8888034090344636
266,0.8928007224424322,0.5386006580702859,0.8605983295474767,0.22680093582204855,0.8910454810565113
267,0.8957978003589846,0.5300601691228531,0.8608307887428647,0.2234215139420165,0.8934341573446583
268,0.8987920637237797,0.5218295613716718,0.8616014318126963,0.2200417698265069,0.8959739788321125
269,0.9017834663143243,0.5141269994363836,0.8628470449926089,0.21666169605959268,0.8986055637392534
270,0.9047719373939442,0.5068654080544115,0.8642722495480621,0.2132812840145835,0.9012681733331407
271,0.9077573818594677,0.49997827926942917,0.8657200741226196,0.20990052569539489,0.9039332027509607
272,0.9107396851145309,0.49370884634192097,0.8671415008116984,0.20651941507763708,0.906616493154044
273,0.9137187269510845,0.48796010442986465,0.8684483227754094,0.203137947961474,0.9093601818939185
274,0.9166943896715736,0.48237137629961097,0.8697028765045796,0.19975612172358467,0.9122179080097651
275,0.9196665642913031,0.4768070770023814,0.8709686545134702,0.19637393440068204,0.9152100373859788
276,0.9226351540826855,0.47108266789539255,0.8723043307885687,0.19299138475257463,0.9183132146719025
277,0.9256000791531306,0.46515719690732144,0.8738470695707052,0.18960847150543794,0.9214646240227875
278,0.9285612762974395,0.4592055623940644,0.8756500827130532,0.18622519248998737,0.9245889846077336
279,0.9315186939767731,0.45332805249559405,0.8777042308347273,0.1828415439394028,0.9276586571767168
280,0.9344722884791244,0.4475073352752401,0.8799674290712469,0.17945752233490267,0.9307095361676481
281,0.9374220222948599,0.4416870592082968,0.8824051159063342,0.17607312431325486,0.9337950290575529
282,0.9403678719435267,0.4358399632973894,0.8849878301143446,0.1726883470030997,0.9369466560770996
283,0.9433098312227421,0.4299669883185303,0.8876756547027024,0.16930318670488212,0.9401594617968394
284,0.9462479119465829,0.42406368708046593,0.8904405589885772,0.16591763921456168,0.9434171071975663
285,0.9491821390722266,0.418141180968264,0.893256445871152,0.16253169965124767,0.9467045453748452
286,0.952112544793003,0.41220734519078783,0.8961688465369546,0.15914536294907183,0.9499885587492124
287,0.9550391641080429,0.4062647744849117,0.8990146503603889,0.15575862404636967,0.9533262111630971
288,0.95796202965369,0.400355853308837,0.901897372114052,0.15237147662446873,0.9567114820021474
289,0.9608811691929819,0.3945813610689729,0.90470723473589,0.14898391467159156,0.9601554422496538
290,0.9637966045819222,0.3889793781077588,0.9073382429188658,0.1455959323609384,0.963615213556202
291,0.966708349554368,0.3836145947679465,0.9096802903536346,0.14220752462243688,0.9670898951445199
292,0.9696164134138676,0.37845965903176737,0.9116415988805726,0.1388186876135941,0.9706319589814687
293,0.9725208063500644,0.37347081921499176,0.9131594614974679,0.1354294161508286,0.9742714757188609
294,0.9754215426875041,0.3685905166048436,0.9142161671521198,0.13203970336894255,0.9779614938293248
295,0.9783186401472631,0.36378266754275956,0.9148463366283898,0.1286495420495992,0.9816433748484497
296,0.981212122652817,0.3589540531227116,0.9150840641884448,0.1252589253738452,0.9852949212353431
297,0.9841020188532482,0.3540086624084044,0.9149842739846432,0.12186784670350082,0.9889362348943188
298,0.9869883604988559,0.34889586748469525,0.9146339813953354,0.11847629789954472,0.9926017606840948
299,0.9898711783061773,0.3435664749047185,0.914117627667912,0.11508426935994862,0.9962970074663062
300,0.9927504950172866,0.3379742244527631,0.9135230172947688,0.11169175120942253,1.0
301,0.9951561475821992,0.33208334980798704,0.9128930040752744,0.10836913835650637,0.4466389739417966
302,0.9970657572207265,0.326138545471372,0.9125547888909255,0.10517019689356764,0.003081554018974724
303,0.9985034733450684,0.3201363499829241,0.9123216860647289,0.10207346088622402,0.0
304,0.9994718427708852,0.3138276892263716,0.9121849292762099,0.0990258734342613,0.29738092731806726
305,0.9999776909227495,0.30734416354925814,0.9121692949415487,0.09600496723455292,0.5444645407393289
306,1.0,0.3006014700434054,0.9122970978128176,0.09301677178041554,0.5182245282490028
307,0.9995528098296974,0.2934903264083896,0.9123891072311441,0.09007747481273619,0.32973492889895034
308,0.9986313075120874,0.28627095251821977,0.9125970553313656,0.08719562285096638,0.20562105039329098
309,0.9972274599304773,0.2790645679641954,0.912936710738227,0.08436926508592275,0.23950612653272535
310,0.9953290788161188,0.27194272935183383,0.9134979051435079,0.08159289542729278,0.34716334441224295
311,0.9929501616131241,0.2645784242341398,0.9140388656450842,0.07886339921099489,0.4011157429647984
312,0.9901010890393024,0.2571504661318817,0.9144474306877605,0.07618109624257131,0.36782121032740234
313,0.9867886940506926,0.2501349954105524,0.914754805502544,0.07354706673754023,0.3069422620938634
314,0.9830033571978928,0.2435960898756308,0.9150526885028314,0.07096214510539332,0.2878319857446427
315,0.9787607682888779,0.23754320262776277,0.9154451538351251,0.06842609749219042,0.3184576589272825
316,0.9740611224033067,0.23164249986329374,0.9160004926008988,0.06593824882156309,0.35203587131831593
317,0.9689043270961589,0.2259895072847299,0.9169050108462372,0.06349801709039016,0.35096972478211125
318,0.9632908237701924,0.22009757950895273,0.9178393159310335,0.06110518270063111,0.3246868802544652
319,0.9572210916331632,0.21398774035281407,0.9186953310165438,0.058759577436025556,0.3056123964550661
320,0.9506939002508693,0.20761636919504722,0.9192940567723261,0.056460955923562615,0.31031909018000114
321,0.943705579290713,0.20087573474694848,0.9196295657260731,0.054209110386963494,0.3283460126151392
322,0.9362505278552732,0.19365722821872963,0.919569245581421,0.052003907865048674,0.34110361494724056
323,0.9283224236511591,0.18609132740999912,0.91897113914522,0.04984525892947505,0.3419927554319379
324,0.9199147317319604,0.17817279780576442,0.9179083529844615,0.04773312157347266,0.33918903422411767
325,0.9110208604437648,0.17088681521087293,0.9169902160017109,0.0456674483376317,0.33968804355264914
326,0.9016344022842965,0.16432961707107968,0.9161953233903162,0.043648145959524334,0.3454845980860396
327,0.8917491414343897,0.1582760862931466,0.9154479733628318,0.04167515940826413,0.35308944866497843
328,0.8813592009906726,0.15224996696807383,0.9147777044988199,0.03974849847506112,0.358916147949262
329,0.8704592365684583,0.1459557450723877,0.9140532435029229,0.03786821786288603,0.3627134001419687
330,0.8590443962816172,0.13946486700028726,0.9134466047105544,0.03603442485464088,0.3647155831149205
331,0.8471105088814747,0.1330048084804874,0.9132306242454701,0.0342472170807517,0.36695067585573116
332,0.8346538440790824,0.1264895213889265,0.9131424323487477,0.03250664189132296,0.3705446327543219
333,0.8216708377206698,0.11970230011547808,0.9133004966882393,0.03081275318635407,0.37349678062252156
334,0.8081580214940344,0.11259733896939834,0.9135614131649771,0.029165648373456858,0.37414634003567177
335,0.7941121450563549,0.10569189939250379,0.9139345497828107,0.027565468489771764,0.3707771650761541
336,0.7795302333323656,0.09940441354369652,0.9144968413449163,0.02601237103125724,0.3665697655015891
337,0.764409941822166,0.09332534467612386,0.9149797678270978,0.024506402797288586,0.3650718552638292
338,0.7487495227834762,0.08740585386397569,0.9153783499026493,0.023047562484613503,0.3645195287668221
339,0.7325476732733467,0.08172767069834197,0.9158261698152277,0.02163587898339615,0.3632598009654611
340,0.7158037308184303,0.07623919225399114,0.9164339143234929,0.020271418074253835,0.36126228628414425
341,0.698517902903142,0.0706114566832473,0.9174486174220351,0.01895424568074067,0.35841327153391694
342,0.6806914716481632,0.06445964706070198,0.918673651011177,0.017684415089066454,0.3569746759219269
343,0.662327313924414,0.05787107897259911,0.9199947083166117,0.016461964804035417,0.3562004365399226
344,0.6434302795505433,0.05111338699917788,0.9215443319427754,0.015286946531137997,0.35523238896188364
345,0.6240075652079377,0.04458470738583725,0.9231109314512853,0.014159425626383143,0.35677586830066155
346,0.6040693615557193,0.03851086879384899,0.9244319521609846,0.013079445618403294,0.3579358669468902
347,0.5836297314583629,0.03282359905209137,0.9254586916093013,0.012046977772583326,0.3560425552000628
348,0.5627204006837384,0.02754555316470118,0.9257315184692437,0.01106199708749648,0.35291170393021265
349,0.5413532967052672,0.02295362441203832,0.9248572223974159,0.010124467139338402,0.35105998767957103
350,0.5195589576825878,0.01869834170510301,0.9225697272060122,0.009234300896068666,0.35142172700929764
351,0.4973745451795579,0.014673366367520327,0.9189345155712363,0.008391392382241762,0.35213456539117016
352,0.4748449653183548,0.011304311706669767,0.9144456302767214,0.0075955848334026185,0.34942992959572416
353,0.4520241711317615,0.008829841865504623,0.909469825788627,0.00684660748834194,0.34562246319953294
354,0.4289753950047682,0.00679177443600819,0.9040553623215795,0.0061441480961774335,0.3433702140245522
355,0.40577166672102066,0.004980266898211912,0.8982563981126384,0.005487754113001273,0.3424533138779815
356,0.3824958360572034,0.003572218014511746,0.8915039316088353,0.004876823314258669,0.34137774044962016
357,0.3592399792743265,0.0026600287939153944,0.8835395674792803,0.004310647348603323,0.3390191348126114
358,0.3361043859144589,0.00233862071754187,0.8749585467602159,0.003788393757218125,0.33505793203829726
359,0.3131963146327695,0.002155052673405951,0.8663488168135457,0.0033090370275560763,0.3313933278655286
360,0.2906279295768423,0.001574353036988917,0.8579392821707869,0.00287136769929066,0.32843729438574515
361,0.2685139796625527,0.00069263598091973,0.8495240431440356,0.0024740267281412533,0.32559644682981936
362,0.24696940918079965,0.0,0.8412328428533116,0.0021155141672156257,0.32221324615566216
363,0.2261066788120209,4.457506206987304e-05,0.833386631408011,0.0017941566067182985,0.31817609796694457
364,0.20603274920175652,0.0011461429964874982,0.8260734030037968,0.0015081383174815224,0.31315225913728434
365,0.18684634039442244,0.002537009234928101,0.8193132444548963,0.0012554642259818814,0.3076496518200252
366,0.1686352213929839,0.0034308274568475585,0.8132630450380295,0.001033999016118854,0.3024727365641318
367,0.15147384409837464,0.0040540612821237405,0.8080391063328126,0.0008415058021805479,0.2978310839956006
368,0.13542121353011288,0.004732317386139371,0.8037789808845216,0.0006757534621944144,0.2931400809171847
369,0.12051945035074889,0.005731960526577683,0.8006669561312392,0.0005345262567710742,0.2874826257234573
370,0.10679276023695353,0.007474154811434364,0.798629214949734,0.000415269016518883,0.28079808851614585
371,0.09425386840641087,0.00950038797451916,0.7973573405091577,0.0003160393067017096,0.2740452613363525
372,0.0828875664740231,0.011207023926915784,0.7966282283561602,0.0002345793096918006,0.26835392166401945
373,0.07266759607047407,0.012876204219395728,0.7964169882114819,0.00016881877531901352,0.26375566151325763
374,0.06355326249007184,0.015151763376991317,0.7965948965519996,0.0001168106654233655,0.25885979083404537
375,0.05549142151999271,0.018325989173196847,0.7969059652564113,7.673334415999652e-05,0.25266377319350686
376,0.0484189014699931,0.022669008299628996,0.797086976112785,4.6801040351470715e-05,0.2459533357674685
377,0.042264764530821064,0.02782047007731421,0.7968661329566457,2.5443141393820185e-05,0.23994375570187076
378,0.036952734563245854,0.033218536250211594,0.7964594302646436,1.1292627941658814e-05,0.23521898855703513
379,0.03240370920989421,0.038978470991438106,0.7958363432735349,3.148910193646489e-06,0.2312836952633275
380,0.0285388726043442,0.045705165595067314,0.7945046258832188,0.0,0.22698689188674714
381,0.025277795227432488,0.05367052652470939,0.7922140324762065,9.252125559653685e-07,0.2224654431924114
382,0.022545556012430107,0.062247816864711,0.7889154798261016,5.073502983049454e-06,0.2184401718224086
383,0.020271410309946055,0.0713592124432507,0.7847914627709229,1.1772262684590099e-05,0.2149341552538206
384,0.018389625141856717,0.08119383111662277,0.7805150326784788,2.050084650567173e-05,0.2117609744364769
385,0.016840317113387064,0.09139487083210589,0.7761572472673978,3.086364585504829e-05,0.2087330131442518
386,0.015569887613519726,0.10167861755888621,0.7711412468351001,4.2596718476690316e-05,0.20574220830309442
387,0.014531210067771664,0.111736323593571,0.7652437084045846,5.549087133018013e-05,0.20313351793861256
388,0.013683651794256568,0.12162849463651759,0.7588302254138638,6.935524519387081e-05,0.20080846564627694
389,0.012992941981559324,0.1319367431764535,0.7523592686565093,8.40250753241931e-05,0.19838020382091268
390,0.012429312746631624,0.14271387350026365,0.745834291635501,9.937898687672351e-05,0.19598957546408316
391,0.011968779188010127,0.15341656253879463,0.7389895660876256,0.00011530056156987842,0.19357579553109078
392,0.011591573727792693,0.1634149736621719,0.7319116401716416,0.0001316886712166205,0.19136587127232674
393,0.011281500030207893,0.17298401524780094,0.7250120113678712,0.00014847925044807244,0.18954989431249739
394,0.011025519952709041,0.18312858198728996,0.7186137227955596,0.00016562732864667734,0.1877353877715958
395,0.010813297375564563,0.1938714952649284,0.7129796164571227,0.00018309435476305362,0.1857466770807602
396,0.010636745428080177,0.2043138576048251,0.7078646769068755,0.00020087816371716833,0.18366698333397666
397,0.01048959453713909,0.21398885745597993,0.702964440037236,0.0002189823079227054,0.18163891866774212
398,0.010367061485822185,0.22298636245782108,0.6983801953764104,0.00023739950177785132,0.17992239067315727
399,0.010265558492256808,0.2314996565098176,0.6942470703422043,0.00025614466121746867,0.1783365007395418
400,0.010182518213863215,0.23972929888755795,0.690679690447783,0.00027519306228114776,0.1766823625152726
401,0.01011615879529254,0.24785357743729042,0.6877246918199953,0.0002945094204590905,0.17451278100141757
402,0.010065261764076168,0.2554954201005084,0.6852138494142336,0.0003140406597441534,0.17203005809130567
403,0.010028884358356596,0.262563950526515,0.683440950987951,0.00033377326835110776,0.1698007312459709
404,0.010006211851123738,0.2693070793396245,0.6823979282833581,0.0003536906277086528,0.16810643321087856
405,0.009996574975985094,0.2756947760873958,0.6817988929804554,0.0003737914219524989,0.1668042021901549
406,0.009999479314577163,0.28194560702696553,0.6815564599863452,0.0003940496575019001,0.16550864478875796
407,0.01001463158290326,0.28773969658065846,0.6816478836307206,0.00041444285535407164,0.16386300952399974
408,0.010041952183746981,0.2926035042800514,0.6819458197047656,0.00043495324082693415,0.16189699191629328
409,0.010081506537453428,0.29691524641137546,0.6823399268251099,0.00045553245484603684,0.16022606544132706
410,0.010133325212902916,0.3006743783689885,0.6831322740214046,0.0004761100839417768,0.15915353936985077
411,0.010197352979368721,0.30366197836348335,0.6841897188603407,0.0004966704638608798,0.15841400882765758
412,0.0102734807044901,0.3058542973930362,0.6852053714192469,0.0005171888286020227,0.15766670937726113
413,0.010361572378922183,0.3075763187807346,0.6862924404534568,0.0005376679318115731,0.15671683479123702
414,0.010461576906848548,0.30906012250080744,0.6874535816957659,0.0005580885568220948,0.15553383276835528
415,0.010573471841568897,0.310431591866648,0.6886740087666235,0.0005784049048193103,0.15430581739362817
416,0.01069717049743118,0.31182888636953,0.6898519052580979,0.0005985766800779202,0.15322240095764567
417,0.010832445749154655,0.3131893094714058,0.690888510333561,0.0006185492889318279,0.1523131539376951
418,0.010978906256062066,0.31426635991269847,0.691673488921109,0.0006383151388844241,0.15153284531360622
419,0.011136052726491978,0.3148833256178286,0.6921223733524569,0.0006578453902202112,0.15080078496394733
420,0.01130332177755574,0.3150533838181405,0.6921328524882449,0.0006771353932701894,0.15002793263856237
421,0.01148015755778928,0.3149410644669821,0.6916635687622573,0.0006961677054720056,0.14922327294638005
422,0.011666043792833864,0.3145113746233231,0.6906793074794328,0.0007149168923820834,0.14850419396652909
423,0.011860475727058627,0.31379437138141475,0.6891654006868595,0.0007333690932799626,0.14788443196154466
424,0.012062966325892455,0.31297632553151006,0.687221373492665,0.0007515032038840445,0.14727390002080065
425,0.012273043027000649,0.3121057901636218,0.6848648518259948,0.0007693023281566799,0.14657643736098347
426,0.012490239027399864,0.3110519727662354,0.6822001689960254,0.0007867160596555053,0.14580367766046062
427,0.012714057545939895,0.3095600788302297,0.6793587909332937,0.0008037368899650207,0.14501831403615653
428,0.012943946866075366,0.3075283186791137,0.6763762309393697,0.0008203513409322027,0.14426753420786373
429,0.013179302698736373,0.30489225357145366,0.6731579931479564,0.0008365593747208506,0.1435719749883226
430,0.013419524446707225,0.30150409845802123,0.6696396556728696,0.0008523506746161965,0.1428994423014816
431,0.013664025985025453,0.29791739150143776,0.6657007840562095,0.000867702488352626,0.14220681002663957
432,0.013912274204309199,0.29443051962764166,0.661230117949353,0.000882584189497093,0.1414772273908627
433,0.01416376789311604,0.2913140374647768,0.6561266058717309,0.0008969748503379705,0.14074377072169394
434,0.014417995207371071,0.2887609359970056,0.6504977127479505,0.0009108533077362853,0.14005782364403369
435,0.014674410189897047,0.2868828660907146,0.6446299170125278,0.0009242134658341632,0.13942013178738166
436,0.01493240102014072,0.28570034303357017,0.6386620176003983,0.0009370059481791904,0.13881210303287905
437,0.01519120938322887,0.28516452802462855,0.6327178800585205,0.0009492343576337166,0.13823348034634814
438,0.015450022176592448,0.28525588751478664,0.626897021134504,0.0009608949147658979,0.13767970890176173
439,0.015707895456955417,0.28587248842861795,0.6212574767918576,0.0009719732417580627,0.13713186776230374
440,0.015963734061106398,0.2870656139916483,0.6158772410798079,0.0009824416003530688,0.136563778834661
441,0.01621626000327397,0.2885161537316163,0.6107748986877148,0.0009922756365459558,0.13596027943450018
442,0.016464223651412535,0.2901167247545767,0.6058436342348963,0.001001453081535638,0.13528962240027445
443,0.016706636611876356,0.29157961178532427,0.6010000870643951,0.0010100279025863936,0.13455793023442558
444,0.016942810863435243,0.2929211480685626,0.5963442570913609,0.0010179970265445939,0.1337912583007576
445,0.017172230574752975,0.2941045377867962,0.5919708496631267,0.0010253931314149548,0.13305689853968877
446,0.01739461900150765,0.2951959304810014,0.5878873030603462,0.0010322318225948095,0.1324396073020081
447,0.01760971313324296,0.2960826141391944,0.5840545465677898,0.001038486156390099,0.13189421145783148
448,0.017817146586451206,0.29693711114412635,0.5804398330569885,0.0010441852836160675,0.13139232612797178
449,0.018016590339617517,0.29760298548724873,0.5769652556103673,0.0010493647830646055,0.13088801865887775
450,0.018207779167122674,0.2980777038718882,0.5735622468211948,0.001054076301369726,0.1303513990175216
451,0.01839060718546283,0.2984078015919287,0.5701779153733229,0.0010583385759388097,0.12981826207003716
452,0.018565000999820613,0.29856707228503004,0.5668077765328442,0.0010621845664466765,0.1293493187610302
453,0.01873097050444928,0.2984423688832953,0.5634272187509285,0.0010655986254560358,0.12895111766703862
454,0.01888860755366394,0.29787038755619427,0.5600599930602208,0.0010686171767710026,0.12858980672704656
455,0.019038115939966446,0.2966932049358047,0.5567519405388692,0.0010712584449059806,0.12821248790077014
456,0.019179666967205744,0.2949386338480477,0.5533937733627448,0.0010735577185742857,0.1278001406792791
457,0.01931350577710424,0.2927650354845585,0.5498646424875117,0.0010755269078220398,0.1273407307814583
458,0.01943987573925234,0.290299707309266,0.5460804915506284,0.0010772013854434292,0.12684300199085355
459,0.019559022438394948,0.2876799158049876,0.5420122119032464,0.0010785796463919667,0.12641491317947254
460,0.019671113781841557,0.28499674271479397,0.5376637870983025,0.0010796759381600219,0.12599386617055433
461,0.019776249007674475,0.28251859999143303,0.5331423919193519,0.0010805170699118795,0.1255002707631575
462,0.019874628511864494,0.2804644152285752,0.5285446338510799,0.0010811518127181135,0.12495836455943085
463,0.019966603762651976,0.2790462880574083,0.5240032710356753,0.0010815824115361099,0.12443377688388842
464,0.02005259548819274,0.27833110982449516,0.5195917079609517,0.001081863300278215,0.12397902369917357
465,0.02013313133386564,0.2784298944959472,0.5154255371793415,0.0010820159195497501,0.12360173497585941
466,0.020208786201295594,0.2793244910570812,0.5116223995840723,0.0010820277749432102,0.12330818373119898
467,0.020280108115123388,0.2808741645621076,0.508153426436581,0.001081903268088501,0.12307222892175651
468,0.02034762870797241,0.2829555727273498,0.5050495887294866,0.0010816188353404645,0.12287700819708008
469,0.020411704321372556,0.2854858173230585,0.5023696075566205,0.0010811593001138734,0.12272276006657715
470,0.02047252575238131,0.28834691984725214,0.5000424604267539,0.0010805129499525568,0.12258780568797707
471,0.020530230487102015,0.29163299198240605,0.49806099276731275,0.0010796608498599002,0.12245571341687478
472,0.020584954239514418,0.2954611910861554,0.4964238769031349,0.0010786272991877243,0.12233607223876715
473,0.02063676951842445,0.2998703463389085,0.495043847072361,0.0010774210843805738,0.12223723459734298
474,0.020685760203641372,0.30485217966316713,0.4938194388414282,0.0010760602365664192,0.12212331763355701
475,0.02073195391051176,0.3103846508318038,0.49266739843822227,0.001074554118143196,0.12197750067811154
476,0.020775285366381478,0.31625157699660805,0.49158839882578503,0.001072923034624709,0.12183847775417878
477,0.020815712483659123,0.32225811131925425,0.49047060592372665,0.0010711632738437632,0.12170684166013486
478,0.020853122585761934,0.32829334308023606,0.4893113616712864,0.0010692758027296555,0.12155377681175673
479,0.020887494555057125,0.3340690428503442,0.4882713941500031,0.0010672790896306932,0.12145020835747168
480,0.020918880373406133,0.3392524357835435,0.4873520372967975,0.0010652275516432402,0.12139749325059976
481,0.020947460943588004,0.3436239718361273,0.48636560288812797,0.0010631162111842383,0.12135667580318825
482,0.020973449509335333,0.3470830399319667,0.4851076218823233,0.0010609552420304494,0.1213020109436092
483,0.020996994041751756,0.34964386460537916,0.48344325737543625,0.0010587512613414332,0.12126472944941569
484,0.0210182522585116,0.3513927054934583,0.48124527681126733,0.0010565249908311136,0.12125752555327568
485,0.02103740092745842,0.3524224278318778,0.47854083673150966,0.0010542742822352016,0.12125055785023077
486,0.021054547704194494,0.35272366676815525,0.47542487660838634,0.0010520002874604799,0.12125680539512443
487,0.021069695099222654,0.3522226424712133,0.4719133665410494,0.0010497004462465358,0.12126745725056015
488,0.021082736638333984,0.3509988138177597,0.46797358976952563,0.0010473752967107995,0.12126547971052917
489,0.02109363318746244,0.3490756864416133,0.46365062067308227,0.001045021656394319,0.12128455347880575
490,0.021102441306410653,0.34660997665997884,0.4591838084683042,0.0010426634757146399,0.12130266163328236
491,0.021109269389160138,0.34368221971352836,0.45476773985295976,0.0010403191599594164,0.12126761471296052
492,0.02111426260095495,0.3401630040899174,0.4504866616796164,0.001037983037878646,0.1211741817304544
493,0.021117568617533607,0.3358366094339757,0.4463793199854331,0.001035644826390005,0.1210975369986453
494,0.021119293322391562,0.33082900456201636,0.4424787537134152,0.0010333156956280007,0.12105413068738248
495,0.02111956268292108,0.3252906185355578,0.43879299016102646,0.0010309734020162377,0.12100316619000004
496,0.021118400031901047,0.3194616563195892,0.43528331308796736,0.0010286199508817164,0.12096063055203667
497,0.02111572754420509,0.31360423080225563,0.4318914341949601,0.0010262879823927128,0.12093775685012316
498,0.0211115443337882,0.3079347730880818,0.4286768364144327,0.001023973683484461,0.12089316957203695
499,0.02110593944911431,0.30268053323413474,0.4257927629133903,0.0010216570555381915,0.12083646233522564
500,0.021099027781895503,0.2980429058175558,0.4231079648544778,0.001019331632739625,0.12080802419635531
501,0.021090861018644876,0.29427505353806593,0.4204006248899367,0.0010169995002931144,0.1208115439401045
502,0.021081360152851104,0.2914344791250936,0.4177034099176362,0.001014644821578692,0.12077071259886257
503,0.021070316814054333,0.2894275599848937,0.4151525077107382,0.0010122933085067608,0.12071180552208166
504,0.021057814586707104,0.288209950192685,0.4126985438800289,0.0010099617730338591,0.12071113862327668
505,0.02104413818962876,0.2877998918234212,0.41031097172194486,0.0010076607925251198,0.1207701614813037
506,0.02102953940993807,0.2882509396640864,0.40789798042209974,0.0010053401202921681,0.12082422427927905
507,0.02101403242450632,0.2895403339417793,0.4053410194007394,0.0010030037711932379,0.12083392441474522
508,0.020997722083101397,0.2917831560045891,0.402395917605198,0.001000666770468037,0.12080335822069573
509,0.020980788402440543,0.29461164621095465,0.39899231830384935,0.0009983442190289137,0.1207473780886139
510,0.02096339367814768,0.2978369904367228,0.39513917014812844,0.0009960227900686026,0.12069711522393853
511,0.02094554366957415,0.30153907792921325,0.39064064048278596,0.0009937003185063542,0.12062664856854499
512,0.020927300991239062,0.3058086824212793,0.3853062948770073,0.0009914014358137159,0.12054282541228133
513,0.020908781568582075,0.3104951801087037,0.3792371555378114,0.0009891361812386294,0.12046257989005295
514,0.02089020410935558,0.3152476663642615,0.3726280645129406,0.0009868786200572452,0.1203905710309412
515,0.02087162724084255,0.31996338597166685,0.36554844133303566,0.000984623265996807,0.12032199392199333
516,0.02085302231393526,0.3245487236511099,0.3580942328858515,0.0009823785061177234,0.12024524035585332
517,0.02083452681474544,0.3286762906095431,0.35049404478089224,0.0009801646921787075,0.12018315624744781
518,0.020816386623366347,0.3321474257606129,0.34283630564457857,0.0009779578107018002,0.12013507701361019
519,0.0207987915031027,0.3352291406659782,0.33515314988225364,0.0009757579962165379,0.12007337729814654
520,0.020781895332075244,0.3379834588416405,0.32757483865788606,0.0009735305359627569,0.12000803974272314
521,0.020765815069459622,0.3400880061494101,0.32026468070821745,0.0009713003346750739,0.11997654498441417
522,0.020750562233958512,0.3415316200741062,0.31342051881944466,0.0009690225184278339,0.1199246588700244
523,0.02073603020370562,0.34239553557463437,0.3073636565030417,0.0009667214328180062,0.11985073962372138
524,0.020722128748810086,0.34252850429838483,0.30231141858673877,0.0009643986249325137,0.11982778719077618
525,0.020708887699789767,0.3418514153849837,0.2983132868692818,0.0009620546917452045,0.11983320111191086
526,0.020696244442125564,0.3404117409041792,0.29528626706115385,0.0009596645603597206,0.11983427556004173
527,0.020684057650143774,0.3380806017202383,0.29325867824965296,0.0009572549600644272,0.11978391543956442
528,0.02067224314867,0.33460432774053694,0.29231985009310585,0.0009548178527339088,0.11971430093236311
529,0.020660797098159066,0.32988767540776504,0.292409896251304,0.0009523719631633196,0.11967391419066149
530,0.020649688782031307,0.3240844438125939,0.2933447918216279,0.0009498980326445494,0.11964687931821621
531,0.02063870702400928,0.31732161294408,0.2950605884711824,0.000947402161240185,0.1195896279100873
532,0.020627687608679682,0.3097205592071138,0.29757180365388447,0.0009448839621780774,0.11952320895961781
533,0.020616659332799225,0.3015392716826498,0.3008128162676486,0.0009423756720388487,0.11948376236003071
534,0.020605808120127453,0.29298514543484755,0.30465722826993696,0.0009398453611369118,0.11945613700417373
535,0.02059518624785735,0.28435092709321186,0.30896854382837763,0.0009372535955754147,0.11943171183632538
536,0.020584626547075453,0.27589627214932105,0.31368747667395885,0.000934611402551575,0.11940659661328801
537,0.0205739692326271,0.26775947285518903,0.31871448351390713,0.0009319562568799151,0.11937677141779841
538,0.02056321105566379,0.2599624458268729,0.32381360218541116,0.0009293049200685471,0.11933248748632094
539,0.020552410938791652,0.25265773613913617,0.3288911284590105,0.0009266405086922875,0.11927794998584305
540,0.020541608754455966,0.24595791192308408,0.3337280270222505,0.0009239661169247433,0.11925699824931282
541,0.020530687838837835,0.24000843723760662,0.338109393226217,0.0009212727018750013,0.11923790132465224
542,0.020519510115120446,0.23493771492063534,0.3419188345266449,0.0009185684025653308,0.11919794065704674
543,0.020508093156722956,0.23083290451597266,0.3450250090614325,0.0009158712375117151,0.11917254292848321
544,0.020496548163461262,0.22768930251412622,0.3473578260932278,0.0009131949875582173,0.11917106556264023
545,0.02048486583177039,0.22542721763947435,0.3488584381179905,0.00091046351333257,0.11915674807924696
546,0.020472953716646952,0.22420365375065057,0.3495526179115277,0.0009077313370322252,0.11912554277371631
547,0.020460773127047402,0.2241711922806296,0.34956992617549587,0.0009049774090280066,0.1191024120379621
548,0.02044824830531731,0.22532244223929618,0.3490666382843184,0.0009022473137275409,0.11907872092175842
549,0.020435323282359107,0.2275008207563454,0.3481607283147917,0.0008995142798029833,0.1190376719125286
550,0.020422052402837714,0.23054237022812774,0.3469244890750422,0.000896810880157722,0.1190030765383253
551,0.020408675344464132,0.23425221803850105,0.3454620397428015,0.00089411230254672,0.11896745997533738
552,0.020395565726847482,0.23816302788031563,0.3438022369445819,0.000891405590117922,0.1189479462391343
553,0.02038282367411508,0.2421186998736939,0.3419933167204782,0.0008886243400562028,0.11895581934971769
554,0.020370201681749432,0.2462647941922584,0.3401415946647726,0.0008857843006964242,0.11894544073725452
555,0.020357281532089166,0.2506930399501899,0.33834885644133417,0.0008828919210361654,0.11890349095142604
556,0.02034379283086879,0.25533514842757016,0.3366564094864074,0.000879994277917315,0.1188588133644531
557,0.02032968950326078,0.26000513702689326,0.3351640429140961,0.0008771128245574202,0.11882797855837088
558,0.02031502057759282,0.2644830372196905,0.3339318950206681,0.0008742327248984933,0.11881971410759344
559,0.02029989946885211,0.2685423301348148,0.3331012045101367,0.0008713742171899294,0.11882587365890178
560,0.020284459085167204,0.2719046684272932,0.3327575315143991,0.0008685345351736126,0.11882803413301857
561,0.02026874948863535,0.27442717061918614,0.3329853841553267,0.0008657127791846557,0.11880898583676441
562,0.020252706292630623,0.2760030207895496,0.33386013899233646,0.0008628974721932783,0.11876478295195704
563,0.02023628209323279,0.27633981568180166,0.33531680174129425,0.000860099603560736,0.11871829918050997
564,0.020219537142157476,0.27532849092385264,0.33728005033596503,0.0008573239112401784,0.11868959937652213
565,0.020202622216309127,0.27301319477712466,0.33978062207763754,0.0008545819899747005,0.11864158034894598
566,0.020185587082419854,0.26946929426861893,0.3427159292822704,0.0008518557329629749,0.11857721535390076
567,0.020168357164236966,0.264780803458421,0.34590855060435977,0.0008491583829316348,0.11853791232254665
568,0.020150823920113182,0.25916983597118814,0.34928479768784476,0.0008465057176437511,0.11852300435607864
569,0.020133058529728156,0.2528712132456498,0.35279232832382146,0.0008439177483303197,0.11848133476047489
570,0.020115199365263826,0.24593713697056419,0.35624895518393834,0.0008413774822613119,0.11842895541847538
571,0.020097385980278687,0.23850194205972344,0.359414942215744,0.0008388720466653043,0.1183955433263969
572,0.020079688816081548,0.2307903530593297,0.3622386926068081,0.0008363690368006502,0.11834980750076189
573,0.020062120277453684,0.22297842159734316,0.36472411650457887,0.0008338542135829714,0.11829019879093693
574,0.020044519102490353,0.21529174879059607,0.36680168983534645,0.0008313444772536733,0.11825260005630427
575,0.02002670675123279,0.20809985941329215,0.3684023933557271,0.0008288427874575436,0.11826189727372137
576,0.020008517531509215,0.2017125071390788,0.36945366096460874,0.000826350258265164,0.1182692262136611
577,0.019989961042241336,0.1963222481413055,0.3698893117503693,0.0008238675286903401,0.11826693374916634
578,0.019971104328215285,0.19195990230659185,0.3697217545682655,0.0008214194824472317,0.11827202579892206
579,0.019951974709437697,0.1888954420423096,0.3690846272154234,0.0008189996074773672,0.11825969743408873
580,0.019932536153033645,0.18733571764988627,0.36808594964026303,0.0008165804093582257,0.1182018694367155
581,0.019912824248855553,0.18722064772826078,0.3667904266016861,0.000814185514795379,0.11812157065514085
582,0.019892864544794834,0.18854195872713927,0.36525434856785743,0.000811802387340887,0.11806142009031062
583,0.019872591915863127,0.1914077002050119,0.3633687573620837,0.0008094229846662941,0.1180139799676172
584,0.019851770523919784,0.19561028209078743,0.36093165032183055,0.0008070332820931557,0.11796991601976602
585,0.01983025165949872,0.20076058261705745,0.3577782633353542,0.0008046867970531866,0.11796075079272689
586,0.019808131607182082,0.20681754922076392,0.3540512873293889,0.0008023973776550988,0.11797488071075754
587,0.019785591860437195,0.21378011437061314,0.3499241462654015,0.0008001338719606429,0.11793843052434762
588,0.019762772711210193,0.22144867884676978,0.3454750376949525,0.0007978831633647308,0.11788452981971248
589,0.019739760254456444,0.22952891898106423,0.3408860884800321,0.000795666995163006,0.1178412207642516
590,0.0197166485596036,0.23794553972580412,0.3363531252157223,0.0007934867925253201,0.11781160397487023
591,0.019693449293045295,0.24652242779531983,0.3320283916563974,0.0007913064427463494,0.11782029681504522
592,0.019670067942314594,0.2548843988579636,0.3280824294655155,0.0007891222420664123,0.11786168158948442
593,0.019646400691371194,0.26275134201527417,0.32468727376159257,0.0007869587420804204,0.11788901980820145
594,0.019622373997689985,0.2698752117028795,0.32199928603308065,0.0007848217569759039,0.11787623295033439
595,0.019597980772852096,0.27577590828244486,0.32001739734456486,0.0007827120098480174,0.11786981636518533
596,0.01957325173340362,0.2800773046967864,0.31869442708750617,0.0007806468970149216,0.11788245270790419
597,0.019548308564143958,0.28274411368985786,0.31802376748655903,0.0007786381813812143,0.11788097302608584
598,0.019523427271024164,0.283827921398432,0.31802456864651624,0.0007766664024445999,0.11786003286741065
599,0.019498914724190367,0.2832966148560008,0.31863923369746255,0.0007747062644955119,0.11785420676567329
600,0.01947485184996006,0.2812676355292181,0.31985096594111617,0.000772740026484076,0.11786297833721696
601,0.01945117056981953,0.27806949431156236,0.32169415468848017,0.000770782503447823,0.11785509364844154
602,0.01942781742515726,0.2737565001998508,0.3241504350344822,0.0007688291592275499,0.11783315314172735
603,0.01940479093919799,0.2683107278508468,0.32710248006029313,0.0007668784551445643,0.11781377371154061
604,0.019382088010775775,0.26199798279899156,0.33057244891859067,0.0007649351039280409,0.11776515030638539
605,0.019359734630804544,0.2551317429080432,0.3344517311860588,0.0007629815495058299,0.11766144059916878
606,0.019337812020933348,0.2479483585104218,0.3384126398807831,0.0007610437644382205,0.11758012989136313
607,0.019316345729078786,0.24071191131667818,0.34236713408347047,0.0007590912484139512,0.11754454806261426
608,0.019295354657719137,0.23383058352538047,0.3462335368778949,0.0007571460263994868,0.11755114758184913
609,0.019274950892740495,0.22757167035869502,0.34985783670259335,0.0007551995221526988,0.11757731409663336
610,0.019255198968434552,0.22198037641770305,0.3530255876035524,0.0007532353483249199,0.11761155981213384
611,0.019236028591158274,0.2171984459153186,0.35564150610394246,0.0007512248964225693,0.11760130392783198
612,0.019217270819866197,0.213674580452719,0.3576358976279491,0.0007491799293502449,0.11755220350487279
613,0.01919881814663862,0.2114759776047236,0.35887405545269657,0.0007471290808255019,0.11753277313097821
614,0.01918072211030607,0.21051261462394494,0.35933359673366067,0.0007450821420581437,0.11752017846975056
615,0.019163045620719205,0.21083206596475712,0.3591216486760743,0.0007430043834722625,0.11748936450407699
616,0.01914573477623561,0.2125155141352225,0.3581927118370071,0.0007409184858643509,0.11747887937325827
617,0.019128689895750464,0.21553320078643864,0.356436607514553,0.0007388278040588587,0.11752127607392847
618,0.019111858849719776,0.21969322922375428,0.35402743621629984,0.0007367287646211676,0.11755969685379113
619,0.019095306763140304,0.22496032598682178,0.3512604565944767,0.0007346510102392822,0.11756992726640754
620,0.019079121503082632,0.23140108692639685,0.34819078758702027,0.0007325736888734991,0.11757910638694011
621,0.01906317651143264,0.23883225092141985,0.34489563630781767,0.000730477970627575,0.11759215027898486
622,0.01904716417964817,0.24705867568508644,0.34163196738118684,0.0007283954530680879,0.11755560283643603
623,0.01903083080082948,0.255832151065306,0.33853688329831555,0.0007263646283870449,0.11748885738331076
624,0.019014167662108283,0.26477649643931894,0.33562003157540893,0.0007243770464633849,0.11748513849634393
625,0.018997196176457294,0.2736060184097627,0.3330449847591158,0.0007224293440651441,0.11752797979621746
626,0.018979951490698036,0.2820786266971231,0.3310514726415092,0.0007205260026991031,0.11755542453362701
627,0.018962496367032178,0.29004571067729085,0.3297224135618721,0.0007186755733829376,0.11755153429076637
628,0.018944830805451323,0.2971913267192753,0.3289284979875722,0.0007168645527398887,0.11757044596536577
629,0.018926845082881266,0.3032296638634029,0.328592772257529,0.0007150777557764984,0.11760204724203029
630,0.018908410721443683,0.3080430639995994,0.32873969699906413,0.0007133240656294523,0.11759617945913867
631,0.018889547066656152,0.3115066970798045,0.32942235610330356,0.0007116305226859073,0.1175895915180958
632,0.018870437679457938,0.31342589595114195,0.3306424384336081,0.0007099673160963562,0.11758151694831938
633,0.01885124958109673,0.3136773514694183,0.3325416802628858,0.0007083083345672162,0.11752588415930197
634,0.018832113464588563,0.3121161420520144,0.33522931633460396,0.0007066472299975228,0.11745243498422468
635,0.018813074075676655,0.3088624880186428,0.33854981321476396,0.0007049955761106317,0.11741487098416803
636,0.018794052703214797,0.30416261431594177,0.34239031946733367,0.000703324423885005,0.1173855853280453
637,0.01877490994130188,0.29848114447416174,0.34664987161603655,0.0007016591783360102,0.11730411947381465
638,0.01875568743449,0.2920736529495927,0.35111370243513035,0.0006999942438858072,0.11721737168882727
639,0.01873655796338658,0.2851493269391319,0.3554066921102345,0.0006983401894917759,0.11720323019260462
640,0.018717654731510498,0.2780143517303037,0.35933113626556906,0.0006966546216122766,0.11721392372953156
641,0.018698896369513354,0.2711220673770898,0.3626502628947486,0.0006949245623755148,0.11721147380263644
642,0.01868023384907585,0.264825614497425,0.3651469709640656,0.0006931748996991681,0.11725125616743294
643,0.018661675292352815,0.25938185980055084,0.3666033409236679,0.0006914273474509096,0.11729424566681627
644,0.018643298376771276,0.2549970304130306,0.3669581030485513,0.0006896661236639114,0.11725228893440956
645,0.018625135738675094,0.25186480194355754,0.3664168257630009,0.0006878754169431364,0.11718678002275537
646,0.01860713849740235,0.25011676602220373,0.36511028340802243,0.0006860770630730904,0.11719572295019284
647,0.018589249945467845,0.24973273839200968,0.36298476536566904,0.0006842685059975957,0.11723999298783991
648,0.01857141573819826,0.25071779328410465,0.36007105911690834,0.0006824368351087897,0.11725036928466467
649,0.018553517144311152,0.2529193786735124,0.3564847157181111,0.0006805810036012171,0.11724080577085326
650,0.018535438238358463,0.2562179116789286,0.35226154979745916,0.0006787269083620488,0.11724005782537816
651,0.0185171144860401,0.26064923883200486,0.34743885889468773,0.0006768972932491473,0.1172296931067454
652,0.018498557701423883,0.2662819662060894,0.34225986819442944,0.0006751029374213525,0.11720328113631247
653,0.018479799634791863,0.2730487476476964,0.33690294202166576,0.0006733570583813232,0.11716737743618462
654,0.018460847079214568,0.2806466937535229,0.3315003252283262,0.0006716449672121179,0.11716104421334407
655,0.018441638158568918,0.2886981190559414,0.32632504488053016,0.0006699683497344309,0.11720517299839653
656,0.018422106566456403,0.2966927503234314,0.3215601191847427,0.0006683372031552908,0.11726802126174596
657,0.018402236206216352,0.304418738037799,0.31736242719589747,0.0006667547057296535,0.1173141553744902
658,0.01838203431395858,0.31186165220649575,0.3139422538097379,0.0006652175698977177,0.11734759525389253
659,0.01836158255437143,0.318822761386314,0.3115404906321376,0.0006637378486428946,0.11738783379608436
660,0.018340948710603485,0.32491472295952173,0.31012431814952335,0.0006622991882487216,0.11739371084152958
661,0.018320147107208615,0.3300185448036139,0.3095832365953741,0.0006608609776866338,0.1173486581238314
662,0.018299008803141358,0.3341261011176101,0.3098842276138569,0.0006594359383827736,0.11726895908822206
663,0.018277384941278247,0.33692108237878715,0.3111080387408522,0.0006580439049986427,0.11720846812690565
664,0.0182552539609556,0.3381228053319365,0.3132145249214097,0.0006566978806302493,0.11716724313016826
665,0.01823290072865854,0.3376687734877164,0.31609399857435627,0.0006553911808541017,0.1171224567088644
666,0.01821074213297253,0.33570157351502306,0.3196336768930904,0.0006540946926913942,0.11710135677248741
667,0.018189015193448354,0.3323040748496666,0.32384147598915664,0.0006527891322100419,0.11709873780533689
668,0.018167672358500007,0.3278016862650153,0.3285844914782633,0.0006514723133090775,0.11709539173345689
669,0.01814657348386392,0.3223668801556602,0.3333896695805414,0.000650122644037899,0.1170641609562408
670,0.01812555789833203,0.3162252445029147,0.33791381906355744,0.0006487597951007404,0.11702720596436608
671,0.018104582923624667,0.3096723610888834,0.3420057852302076,0.0006474110801468717,0.11703553756798321
672,0.0180836971450638,0.30300500042469364,0.3454352750601895,0.000646085020765282,0.11706647426114418
673,0.018063038639449448,0.29642586668999005,0.3480100730519931,0.0006447507761177085,0.11706197037882479
674,0.018042746517325996,0.2902225066224603,0.3497909223008147,0.0006434057018626292,0.11706075699373772
675,0.018022847655669177,0.28474888465108417,0.35090673740662714,0.0006420488689069478,0.11708812763105542
676,0.018003307350679974,0.28041335279263135,0.3511791387773554,0.0006406795331357701,0.11711037611531817
677,0.017984041131860844,0.2774287398987754,0.35056898245244944,0.0006392805925132664,0.11708914418856323
678,0.017964990667268754,0.2758249873802898,0.34920448247429714,0.0006378924772945118,0.11704504782244837
679,0.017946133657894367,0.27548989097617804,0.3471190100305547,0.0006365238730262409,0.11703630172259015
680,0.017927382827363773,0.27634971107052914,0.34440194677907293,0.0006351630630485258,0.11705884429090804
681,0.01790859862212687,0.27826187515668793,0.3411912194545883,0.0006338118088542236,0.11706828507689511
682,0.017889768046705706,0.2811567161371517,0.3375322905591048,0.0006325050838538626,0.1170478265673007
683,0.017870941310846506,0.285042194005119,0.3334827844107204,0.0006312213717694811,0.11704381591191712
684,0.01785213392052167,0.28995921240059236,0.3292450097428812,0.0006299585537647608,0.11706456850556667
685,0.01783333509537417,0.2957547856075505,0.32519494349638095,0.0006287252691427221,0.11708338292402716
686,0.017814558569269588,0.3022199558922451,0.32165979085807267,0.0006275346807528842,0.11711511155979283
687,0.017795753689430805,0.30913254791249417,0.3188039867782932,0.0006263587098108653,0.1171732336412212
688,0.01777670219111114,0.31620242208122895,0.3167252616994851,0.0006251839033878552,0.11722126193168793
689,0.017757213277286694,0.32314100411987506,0.3155059639572235,0.0006240388952018873,0.11720410318154247
690,0.017737315301683283,0.32967900426807395,0.315172569500065,0.0006229480266456959,0.11715964094725598
691,0.01771709731277323,0.3355535214175234,0.31566431572539755,0.0006218974958554785,0.11713843680782487
692,0.017696612621493878,0.3405501354225987,0.3169824405919439,0.0006208968754301528,0.11710174348106768
693,0.017675856354547298,0.34450111949421414,0.3191480971651437,0.0006199357351465881,0.11700619170593599
694,0.01765491386850123,0.3472071380096656,0.3220806476507572,0.0006190072224190733,0.11696961416008794
695,0.01763387952815684,0.3485290862656949,0.325602982359378,0.0006180830566690409,0.1170157343790018
696,0.017612814471257964,0.3483840057211827,0.3295664214895836,0.0006171682365004836,0.11704522844089578
697,0.017591764772632135,0.3469348898936675,0.33387723088112,0.0006162355113247838,0.11703222391436689
698,0.017570825092428848,0.34448649745748616,0.33845118451160616,0.0006152969341248748,0.11704781730474709
699,0.017550143401726566,0.3411602580081035,0.34305763886378665,0.0006143711918599492,0.11703263609496957
700,0.017529812145528675,0.3369975110792472,0.34736995581072994,0.0006134056499462403,0.11692831274829422
701,0.017509877398671096,0.33215337677182505,0.35112698935192427,0.0006123948347234575,0.11684930608317531
702,0.017490316714436745,0.32678798265495,0.3542310239847796,0.0006113577652698027,0.11686675197012374
703,0.017471028787279765,0.32116313347846104,0.3566029103455187,0.00061031212798225,0.11690889395225466
704,0.017451956023661546,0.31561750781379116,0.35819149139325934,0.0006092574351920355,0.11694140989934826
705,0.01743306253837294,0.3104443433995907,0.3590268690105678,0.0006082191129342664,0.11700852122030818
706,0.017414376094468262,0.30596188745829545,0.35902706221103087,0.0006071888582298834,0.1170871087579092
707,0.017395936269027676,0.3024522315589615,0.35806502074055213,0.0006061684325712651,0.11708907008880833
708,0.01737774069924769,0.30020799325310044,0.3562003685861374,0.0006051264696147067,0.11701799674053429
709,0.01735979056653005,0.29924715908871624,0.3535529262564439,0.0006041078306733977,0.11699072799029535
710,0.01734204009140396,0.2993570665058746,0.35026992440513127,0.0006031132094135661,0.11700056011613948
711,0.01732443345242923,0.30027624257633,0.3464741753250652,0.0006021189412932006,0.11698008771305163
712,0.017306854428826256,0.30189668753198,0.34245617769194464,0.0006011477155172631,0.11696591148258992
713,0.017289197875462035,0.30419357927591206,0.3385138120331111,0.0006002118835554909,0.11703199929946378
714,0.017271434700223118,0.3073903896787182,0.33466490751907907,0.0005993188487232512,0.11712800725199081
715,0.017253489883834315,0.31146884424253196,0.33110738075300195,0.0005984436936741793,0.1171828596765955
716,0.0172352619730672,0.3163283212598768,0.3280953956849777,0.0005975913245226883,0.11720048618199133
717,0.017216598566567893,0.32187282852861315,0.3258271097494136,0.0005967764932463728,0.11721560023892916
718,0.017197533482090393,0.3278094703437232,0.3244601206164432,0.000596009377826229,0.11718477237942518
719,0.017178261060880627,0.33376685838870873,0.32408624028652827,0.0005952870816788393,0.11709719560195564
720,0.01715897756399068,0.3395686230902738,0.32460814192659804,0.0005945608631618387,0.11705092486789359
721,0.017139664974987288,0.3449739183163559,0.32591025358381875,0.0005938319960995592,0.11706974623360625
722,0.017120223317392116,0.3497034453700054,0.32795911614080225,0.0005931038311119773,0.11706276463673095
723,0.017100572846314593,0.3533155222597539,0.3306419253532248,0.0005924004195130143,0.11702064117937025
724,0.01708069155806853,0.3556241006893535,0.3337830437450841,0.0005917099815823281,0.11702014563645907
725,0.017060677361668723,0.3565343029990672,0.337211226779798,0.0005910593390959514,0.11702983650937164
726,0.017040698755121333,0.3560360744409177,0.34078386883001105,0.0005904185046355999,0.11701868447974792
727,0.01702091242236472,0.35431936076113946,0.34440579312285624,0.0005897500244067299,0.1170401155500575
728,0.01700131275173849,0.35167561409312503,0.34800922322705363,0.0005890636097425084,0.11709842751214991
729,0.01698186415339023,0.34818708789494546,0.3514522328367018,0.0005883693755632784,0.11708414939460945
730,0.016962645190791978,0.343877874887952,0.35454115750135784,0.0005876601371647975,0.11699661198265576
731,0.016943779025518396,0.3390412764534741,0.35710571870884716,0.0005869531521316938,0.11692486710429993
732,0.016925306416068174,0.3339071083389619,0.3589509013742425,0.0005862204131484694,0.11689804758454111
733,0.01690714185819101,0.32882319849704106,0.36006245472414,0.0005854707444951522,0.11688932232576547
734,0.01688916012287387,0.324096914139455,0.36050035003360553,0.0005847156988746412,0.11692187763803795
735,0.01687127290001528,0.31986555817852647,0.36032114825808,0.0005839763427318569,0.11699621369588349
736,0.016853526412133717,0.316326886832685,0.3594833019488572,0.0005832657674486298,0.11703068402662405
737,0.01683606966402682,0.31363383180769167,0.35786297646044846,0.0005825602454215785,0.11699643367984676
738,0.016819059191983954,0.3120129356960447,0.3555012461950112,0.0005818747682582059,0.1169601154838148
739,0.0168024914517831,0.3113511620703426,0.35250365914630893,0.0005811822493274017,0.11692382044382987
740,0.016786146554253333,0.31130270075878214,0.3489916136564669,0.0005804772696215367,0.11690655517532887
741,0.016769754695851024,0.3116763377531991,0.3452661180891094,0.0005797704737703923,0.1169405994319733
742,0.016753185626565862,0.31251552079401346,0.3416205121593731,0.0005791128483734805,0.11703058445484674
743,0.01673634380020333,0.3140783992907535,0.3382876624925885,0.0005784917098413374,0.11709127455971777
744,0.01671914415555242,0.316600613023854,0.33543741668559424,0.0005779006512168189,0.11708414707897107
745,0.016701479775373312,0.31997474518712604,0.33317921506500103,0.0005773460037846677,0.11705484058243969
746,0.016683427155699676,0.3241636850008314,0.3317069458393747,0.0005768406361118333,0.11704043047452127
747,0.016665199687955067,0.3291337595090657,0.33117337543839326,0.0005763742104633303,0.11701511842390465
748,0.016646968085300157,0.33463917219675166,0.3315879122522495,0.0005759040726471544,0.11700622412453664
749,0.01662869631484323,0.3402405752776287,0.33288650700462746,0.0005754429861298835,0.1170102949858447
750,0.01661021971814848,0.34554452714465245,0.33502569994429354,0.0005749985518156406,0.11701183487358754
751,0.01659151584849882,0.35024092983006216,0.3378313947887939,0.0005745635681837219,0.11701247630070709
752,0.016572753056243034,0.35410830092162005,0.3412331943018275,0.0005741351806909065,0.11699328906682281
753,0.016554142369984398,0.35688667579413735,0.3451716328160239,0.0005737126115898563,0.11697896926812809
754,0.016535833089885675,0.3583708381093272,0.349417260466936,0.0005732713176936517,0.11696174568078134
755,0.01651774296057864,0.358637429565985,0.3536344232440982,0.0005728174032688754,0.11694643016498746
756,0.01649971884232177,0.35782568220831257,0.35765937156498784,0.0005723344725583904,0.11688511021152585
757,0.01648163210955419,0.3561515048677098,0.3614554017089724,0.0005718377273721155,0.11682358185195602
758,0.01646349723449554,0.3536237998323245,0.3649768516607374,0.0005713501175648995,0.11682469103432594
759,0.01644547503602805,0.3503049469151332,0.36812776933947927,0.0005708965184431495,0.1168480348074652
760,0.016427751733226026,0.3462475977357928,0.370773344212438,0.0005704384672425896,0.1168341341359514
761,0.016410423315340063,0.341536875667315,0.37273534618409965,0.0005699559233040145,0.11684444096396111
762,0.016393459213473065,0.3366400075188795,0.3738968633432035,0.0005694341052216208,0.11688276448768485
763,0.01637676934544191,0.3320810659635236,0.3741214699407512,0.0005689061870771179,0.11689580837939263
764,0.01636035252983646,0.3282036101498629,0.3734649028198075,0.0005683795385527124,0.11684891242767985
765,0.016344183514105243,0.3250789530362735,0.37195644364293273,0.0005678503171556684,0.11684244026754613
766,0.01632814415766248,0.3228201905241185,0.36964217055833165,0.0005673248793947029,0.11689651001243667
767,0.016312137732911916,0.32148721408937886,0.36669041345330683,0.0005668065674820398,0.11688707154208802
768,0.01629617989347493,0.32106081430533673,0.3632488753335432,0.0005663069341198609,0.11680130789567084
769,0.016280326017752415,0.32150089176180285,0.35939822446533287,0.0005657913254051382,0.11673069535606893
770,0.01626457064174137,0.32268926272292103,0.35537177547766163,0.0005652931424367855,0.11677023226521673
771,0.01624887610813422,0.32458591653378305,0.3514764658024846,0.000564812961168911,0.11684167148132542
772,0.01623309843308865,0.3270957646326584,0.3478483095599581,0.0005643472249828793,0.1169108529675154
773,0.016217053021946207,0.3302800226276207,0.3447132824070121,0.0005638873702492661,0.1170252052679511
774,0.016200573148799146,0.3341749780442257,0.3423019762756066,0.0005634707750892578,0.1171150999819378
775,0.016183576705953412,0.3387322677729244,0.34082007293960054,0.0005630910661779153,0.11710473989458182
776,0.01616606325036971,0.34391119870292186,0.3402999692900928,0.0005627616459956221,0.11704295913244808
777,0.016148095248884577,0.34971793325152023,0.3407996759328845,0.0005624865714410475,0.11697886738071239
778,0.01612981447021102,0.3558081347318454,0.342276468578628,0.0005622512965350174,0.11691202698742358
779,0.016111296081281607,0.3615764650365518,0.344473667981807,0.0005620292853760771,0.11686013161014325
780,0.016092608751323526,0.3667626645831792,0.3471391001116664,0.0005618325573147159,0.11692777783986719
781,0.01607395213791153,0.3711890230404078,0.35020319850646103,0.0005616541798888254,0.11704643951034445
782,0.01605553018123004,0.3746289657215068,0.35367652857203447,0.0005614708038591816,0.1170743913688572
783,0.01603749454427049,0.37689920252518533,0.3575392418579908,0.000561247346510172,0.1170159057348956
784,0.016019824552414203,0.3778493578127102,0.3616637449513148,0.0005609924345323519,0.11693679255142116
785,0.016002464827268692,0.37729159570223864,0.3657913146440948,0.0005607346091546533,0.11688777780674584
786,0.01598541403974964,0.3752136196494109,0.3698243751614057,0.0005604628095474149,0.11685660723545423
787,0.01596878486643982,0.3719976553794949,0.3735667251733037,0.0005601906147602749,0.11682905597935217
788,0.015952724835395178,0.3681497293004761,0.3767414796811442,0.0005598623086488025,0.11678809959498446
789,0.015937182998498643,0.3638286070515781,0.37918851217133165,0.0005594628071161548,0.11671766767382996
790,0.015921915543095334,0.35910485170493606,0.38086018859422877,0.0005590045667338746,0.11668822918692064
791,0.015906683825227006,0.3542450665664039,0.3816373217376682,0.0005585239020012321,0.1167199531914095
792,0.01589131240611762,0.34955350141801406,0.3812941359716742,0.0005580296960551518,0.11678353550640361
793,0.015875813395174927,0.34530818367201754,0.37990600052381335,0.000557563526853018,0.1168021229943226
794,0.015860246158044353,0.3419654457044554,0.3776742452924081,0.0005571200846922856,0.11675459719368227
795,0.015844735480724806,0.3396195868088309,0.37469386134326166,0.0005567242028384485,0.11671847350959115
796,0.015829368934913355,0.33805753412079365,0.37097675078756737,0.0005563182186760164,0.11673892275663196
797,0.01581411801919323,0.3372423855242718,0.3666805688829298,0.0005559228665311395,0.11676664305298944
798,0.01579898199520198,0.3373794913959553,0.3620488510630818,0.000555564665489528,0.11677441890743392
799,0.015783908142682147,0.3385184390821269,0.3571987721779305,0.0005551938775515496,0.11678775919883524
800,0.015768745980086013,0.3404840579422958,0.3523750852233045,0.0005548406835219218,0.1168465250226846
801,0.015753332916416132,0.34317404283507347,0.3479200884702895,0.0005545294542215881,0.1169290375373853
802,0.01573758699165262,0.3466855902604205,0.3442743345669733,0.0005542606857273038,0.11696551782709444
803,0.01572148502070754,0.3510218614446579,0.3415650576463863,0.0005540438581498413,0.11693470617705927
804,0.015705069534178006,0.3560235766876037,0.33980429960261727,0.0005538636603744366,0.11687827449885892
805,0.015688420129297206,0.36171693984480885,0.33907835163171984,0.000553704772879051,0.11682379257336568
806,0.015671618323062523,0.368046276772249,0.3393660995532947,0.000553562642687782,0.11679775804929637
807,0.01565466396779139,0.37473110471011994,0.3406286696966186,0.0005534378499584944,0.11683299485028227
808,0.015637530924895723,0.38134746624994814,0.34273952327800883,0.0005533170006187964,0.11689576669823838
809,0.01562019497554321,0.3876044558854054,0.3455122109301426,0.0005531997919778877,0.11693694538220775
810,0.015602706181805915,0.39304401074447703,0.34876662445232914,0.0005530905079525978,0.116922745995699
811,0.015585099690513748,0.39720672306808225,0.352343896644572,0.0005529680358535754,0.11691429166425751
812,0.015567436491744777,0.4000185628668356,0.35615774665411126,0.0005528220631695705,0.11689121650348794
813,0.015549801942058348,0.40138301614741584,0.36005895479991734,0.0005526711423302392,0.11686528618213579
814,0.015532482384714852,0.4010726300243682,0.36390802627853985,0.0005525106825237171,0.11679852220390331
815,0.01551576327688769,0.399225720052353,0.3676236480516773,0.0005523151400015824,0.11669921912286717
816,0.015499731008880578,0.39618414132221014,0.3710884470899291,0.0005520679340296907,0.11660342420738821
817,0.015484201576740134,0.3921510889577853,0.37402451528536984,0.0005517683919610757,0.11656686055537058
818,0.015468942981887685,0.3873217585762269,0.3762447710691313,0.0005514232276481552,0.11657457851952897
819,0.015453764427282534,0.38201776750706423,0.377692967562347,0.0005510739013354766,0.11659073229002165
820,0.015438623382310786,0.37630130149988716,0.378215672252638,0.0005507294937499153,0.11660600612466128
821,0.015423595013921805,0.3702723113642612,0.3777697844768296,0.000550384648944017,0.11662822913723861
822,0.015408803665075212,0.36435320839491653,0.3762797469336636,0.0005500371640010704,0.11667667655488624
823,0.015394333953976299,0.3592203882452205,0.37383237629882643,0.0005497026064814915,0.1167418242296456
824,0.015380173180503848,0.35513490557495725,0.37053514780569996,0.0005493649884207493,0.1167599856431315
825,0.01536618740277654,0.3520059430000722,0.36645798816254777,0.0005490392425696894,0.11672980384202387
826,0.015352231307859348,0.3499452642232792,0.36176616587649935,0.0005487166077082196,0.11664458205094894
827,0.01533822367412002,0.34916708386309486,0.35659199521594964,0.00054840130889699,0.11660310465164764
828,0.015324108237095858,0.3495311264143958,0.35110510027919756,0.0005480924632873356,0.11664704587133749
829,0.015309773501614238,0.3510140453349562,0.3455401188718658,0.0005477978861902689,0.11676717796141647
830,0.015295116242339925,0.3537117268068712,0.3400972163017618,0.0005475455260648696,0.11688927601333442
831,0.015280122725424124,0.35745097660975983,0.3350658996222172,0.0005473565880900685,0.1169784575157481
832,0.015264713353650436,0.3620372260541705,0.33086437225008336,0.0005472181532502504,0.11700102787138984
833,0.015248794500605328,0.3673464633781631,0.32777427839144985,0.0005471349637025604,0.11694643942754107
834,0.01523243675528857,0.3733694913765978,0.32584308893398417,0.0005471057792555881,0.11689990702802454
835,0.015215929119112374,0.3797950186079778,0.32498120018490423,0.0005471468022797987,0.11690481151309157
836,0.015199651414042916,0.38635682749740313,0.3251137862094959,0.0005471693317312493,0.11691432871447192
837,0.015183739354076726,0.3930333650667146,0.326136650341623,0.0005471516873744719,0.11685239048993781
838,0.015168105810547642,0.39960407628295597,0.3278858522367268,0.0005470919521673331,0.11675222368251742
839,0.015152475220527118,0.40554802905178156,0.3301874705039029,0.0005470066227633456,0.1167079675383638
840,0.015136647188061153,0.41055417822277634,0.33290960846573203,0.0005469190820341772,0.116723894377978
841,0.015120576819715568,0.41447900889122075,0.3358735287524245,0.0005468299479736545,0.11677864259986556
842,0.015104354493047003,0.4171877869532047,0.3388675584275094,0.0005467417388022325,0.11681693602029009
843,0.01508815800962659,0.4184179581760469,0.34170198553598485,0.0005466685170338397,0.11683946469477759
844,0.015072135783572081,0.4180764868801312,0.34427967936417564,0.0005465958165666546,0.1167622572672176
845,0.0150563755342631,0.41615424701490594,0.3465681556021331,0.0005465106174879689,0.11664385263058105
846,0.015041044135273166,0.4127070806176443,0.34850721761222186,0.000546425279675751,0.11657412465777203
847,0.015026304472939667,0.40797475769610686,0.34995803543929077,0.0005463168616829045,0.11655898976042557
848,0.01501220616630376,0.40234451237724206,0.3507698672094377,0.0005461694554212954,0.116559515406299
849,0.014998639787647965,0.3960257459532925,0.35076842681709136,0.000545987945985597,0.11658822447284045
850,0.014985594408966275,0.38942037769046706,0.34988416791131616,0.0005458002061620097,0.11662854406136541
851,0.014973153614728013,0.38297960435772255,0.3481198301918501,0.0005455803264513753,0.11664458205094894
852,0.014961224812247221,0.37696363426545304,0.34539976159845087,0.0005453337300650798,0.11666196541599749
853,0.014949458157716183,0.3715651423472285,0.3417940537549204,0.0005450600680681308,0.11670589737313375
854,0.014937517688850143,0.36712308891064055,0.3374813110152711,0.0005448011244156155,0.11676145374675785
855,0.014925284231335755,0.36384201920191794,0.33248292131820545,0.0005445764647111575,0.11677405535490071
856,0.014912879913003316,0.3615927944631701,0.3269241234675829,0.0005443824734799416,0.1167700493311309
857,0.014900443106009582,0.3604015766533181,0.3210873216109212,0.0005441963564161567,0.11675865647679833
858,0.014887973219649481,0.36040903429619287,0.31524731860361815,0.0005440321676259788,0.11672983857626293
859,0.014875385045029438,0.36174063128332523,0.30969423983078875,0.0005439028681654585,0.11672345904132829
860,0.01486264373068467,0.3644011038008804,0.3046649849793288,0.0005438060827519081,0.1167888151218589
861,0.014849735395075425,0.36837164243073606,0.3003743201662281,0.0005437301031333911,0.11686906295938872
862,0.014836685143104192,0.3734356307085558,0.2970229955779589,0.0005436683962312186,0.11689556523938233
863,0.014823525315732921,0.37922740950247813,0.29459656927865974,0.0005436270663119731,0.11688776159727703
864,0.014810312472772641,0.38536549496814415,0.29307352727427577,0.0005435900455340096,0.11691426387693367
865,0.01479700541269376,0.39184911713076204,0.2923773582738696,0.0005435679112622214,0.1169202312316026
866,0.014783517597526791,0.39872350566433984,0.2923629641924829,0.0005435391766473343,0.11687312455848015
867,0.014769714199320215,0.405752865529436,0.2929625353072659,0.0005435056494268752,0.116805983134221
868,0.014755550620013375,0.41247801954283736,0.2940811729571991,0.0005435260936742122,0.11674902349450882
869,0.014741138945475575,0.41864371890790303,0.29551232676787265,0.0005435648086806226,0.11668713852932096
870,0.014726632463114104,0.4239053512662699,0.2971274803236687,0.0005435921643700892,0.11672088638660882
871,0.01471218475570138,0.42784046993391783,0.2988987705258954,0.0005436332882913925,0.11682101614415176
872,0.014697994004053685,0.43022431880471856,0.3007095911420673,0.0005436822065032516,0.11687937904995203
873,0.014684271679821986,0.43113436473263667,0.30228466512282404,0.0005436953945774622,0.1169000621747865
874,0.014671145227165418,0.43050337984306836,0.3036333656074861,0.0005436631790172969,0.11683325651573674
875,0.014658615532137391,0.4282394851149527,0.3048192861309202,0.0005435950903821939,0.11672000413511736
876,0.014646517197922858,0.4244310918402691,0.3056523583950216,0.0005434799753533904,0.11661373103539792
877,0.014634693097527381,0.41928419627708285,0.30600254430632495,0.0005433554811106684,0.11656148368411334
878,0.014623161099735242,0.4130210769640334,0.3058147478323662,0.0005432230832725451,0.11656013136139615
879,0.014612054260374355,0.40594975250788706,0.3049144985799344,0.0005431016285510076,0.11660752285602012
880,0.014601534284355178,0.3985983251694865,0.30314159122702083,0.0005429646188808021,0.11666362571626326
881,0.014591583007587066,0.3914051464220282,0.3004991414398657,0.0005428169561725849,0.11670112487878165
882,0.014581933432327204,0.3846230039904931,0.29708371285427293,0.0005426539108814372,0.11671657238495349
883,0.014572259638251834,0.37847520356772485,0.29297167118598477,0.0005424891335256417,0.11672068724305419
884,0.014562407451891865,0.37309056130635276,0.28824493812179747,0.0005423567609117319,0.11674296351497777
885,0.014552451892522494,0.3686331475430373,0.2830366482978533,0.000542250058167311,0.1167686113304668
886,0.014542483928388635,0.3653854269109204,0.2775610144725292,0.0005421536721376578,0.11679018596934634
887,0.014532444046170703,0.3636222218728321,0.2719799563311209,0.0005420571137422673,0.11682213922035209
888,0.014522182945714326,0.36354891727456884,0.2664837029353175,0.0005419817479133423,0.1168976307729986
889,0.014511621177468882,0.3651693951159419,0.2613992256467084,0.0005419365712973652,0.11695414581350747
890,0.014500799056910556,0.3683582154940255,0.2569408149716581,0.0005419173041812633,0.11694351016720358
891,0.014489849935232387,0.37273613102442565,0.25313573280681734,0.0005419183678034184,0.1168906607543153
892,0.014478945116258144,0.37798174990687355,0.25001575720614205,0.0005419617072538983,0.11688664315235349
893,0.014468281451761773,0.3839638863235517,0.2477108648978602,0.0005420061187345249,0.11691433566105017
894,0.014457861452220933,0.39060180087799196,0.24617031315689542,0.0005420399318298012,0.11691568566812896
895,0.014447545711742905,0.3976230107597584,0.24516883667074915,0.0005420638191862157,0.11691154302236743
896,0.014437176955675866,0.4047307350078344,0.24449900443801656,0.0005420801266582471,0.11691045468074311
897,0.014426693012540008,0.41176537241962713,0.24415301316375215,0.0005420917214011034,0.11685060283090785
898,0.014416008968790096,0.4185959570064385,0.2440358732830419,0.0005420882194356074,0.11675443278470365
899,0.014405098095124566,0.4248263033319197,0.24408009205473513,0.0005420924487000143,0.11670865064630062
900,0.014394049439990566,0.4301563494139355,0.24423348196368008,0.0005421226547289452,0.1167103850463213
901,0.014383086732137772,0.43423007914655165,0.24440019717048048,0.0005421471853036388,0.11676369063660491
902,0.014372414354773107,0.4368116343847735,0.24448389055811628,0.0005421539664204665,0.11683081122011843
903,0.014362090196783514,0.43755769509065784,0.2445305508483135,0.000542138600653519,0.11685437266124558
904,0.014352077486898042,0.4364477793776364,0.24437695854440655,0.0005421222511410522,0.11683288138501152
905,0.01434238375660003,0.43361168959261026,0.2437766641667764,0.0005421078354871797,0.11674024034477314
906,0.014333090375204298,0.42911005633594823,0.24260268467961785,0.0005420846712256804,0.11662227799170151
907,0.014324369532621596,0.42333163595439405,0.24105398014642693,0.0005420542423828242,0.11654737460682829
908,0.01431633154260602,0.4168660325858662,0.2391203682001293,0.0005420172131966303,0.11653937645244516
909,0.014308930478021,0.4100431988152258,0.23674404450292516,0.0005419335359804154,0.11659085733348441
910,0.014301939804290863,0.4029998808327036,0.23394470670935155,0.0005418342197346617,0.1166792214219449
911,0.014295113789004926,0.3959082151128673,0.23069874423518652,0.000541715060418937,0.11677678547202054
912,0.014288281866685083,0.3890776458739216,0.2270464637108538,0.0005415749691873506,0.11683774881986413
913,0.014281308618691537,0.38273801717410405,0.22300093462582138,0.0005414335452747747,0.11684417466756679
914,0.014274045926263268,0.37712316420409925,0.21862683953908793,0.0005412949927218808,0.11678469331684299
915,0.014266427778358503,0.3726159525926833,0.213946030517558,0.0005411864107715275,0.11672499661343273
916,0.014258546619972239,0.3696012851492281,0.20906944965094976,0.0005411178638958699,0.11675168182717519
917,0.014250573016574187,0.3681322915520065,0.2042245910761947,0.0005410814821319508,0.11685502566655713
918,0.01424261034119054,0.36832893616661844,0.19960557697210296,0.0005410560266686345,0.11695496785873746
919,0.01423465504959088,0.3703783725398576,0.19537240518865673,0.0005410519529537429,0.11700759728766247
920,0.014226697542853507,0.3741544784555003,0.19162854571451857,0.0005410601045875217,0.11702009469308818
921,0.014218740183790303,0.37940638622434636,0.1884201982878588,0.0005410730866637901,0.11699734140336063
922,0.014210748120928086,0.38579393482625346,0.18581078635566814,0.0005410956413394542,0.11695212890762367
923,0.014202640132626206,0.39292036566857913,0.18369825012987254,0.0005411273734348516,0.11690329709703416
924,0.014194338393758287,0.40040600797170434,0.1818360772757723,0.0005411810338040948,0.11691566482738334
925,0.014185920581768144,0.40808360288052675,0.1801283656865093,0.0005412483699160734,0.1169635449180033
926,0.014177470576473434,0.41586797482132665,0.1785021533079286,0.0005413120863492414,0.11697867749971137
927,0.014169050401671407,0.4236006053222411,0.1769296420766433,0.0005413633041711481,0.1169648856625285
928,0.014160619594220101,0.4309702659623367,0.17545413534351217,0.0005414080771992322,0.11693398370326961
929,0.014152136509550632,0.4375379096115567,0.1740017347867905,0.000541433797517387,0.11689072790749196
930,0.014143607350062029,0.44307499474029605,0.17254262781165297,0.0005414518622780404,0.11686233608105269
931,0.014135210951053002,0.447155721677601,0.17103745179306037,0.0005414816941472875,0.11688863690185328
932,0.014127276186381056,0.4493911387574293,0.16939161895700597,0.0005415230661069683,0.1169375891249657
933,0.014119975836645217,0.4497436519538411,0.1675062708262257,0.0005415184626828777,0.11694860221729625
934,0.014113198111316127,0.44832556602959744,0.16537283382243312,0.0005414710495175063,0.11685898769353428
935,0.014106723711944722,0.44537020225580515,0.16297269240864803,0.0005414094603286484,0.1167127469796311
936,0.014100481754166106,0.44119765283039947,0.16033415371752507,0.0005413765216735679,0.11663015341792332
937,0.014094566455107274,0.4361142926252208,0.15758521880051668,0.0005413452814506911,0.1166580566483666
938,0.014089043382787497,0.4303583113175298,0.15466117191337334,0.0005413041953658275,0.11677016279640165
939,0.01408380901651481,0.42414944823466366,0.1514604407697745,0.0005412441532636538,0.11689714449264102
940,0.014078680238397633,0.4177110734992045,0.14799139692170865,0.0005411709230872695,0.11700692575758068
941,0.01407346595603015,0.4109487901743131,0.14433664225973328,0.0005411217568372717,0.11700841007067583
942,0.014068132942371827,0.4040971187682119,0.1405523867507848,0.0005410857996812242,0.11693899007541539
943,0.014062846594246099,0.3977112605762077,0.13663670932725394,0.0005410726326274702,0.11687924705957407
944,0.014057796822648648,0.3922898322226027,0.13268741818923638,0.0005410471225114923,0.11686773610869393
945,0.014052933270133896,0.38791462659436005,0.12874907220685422,0.0005409868870233635,0.11690447806352058
946,0.014047941239740826,0.38488536151846536,0.12489010163705767,0.0005409207322468547,0.11696125245350857
947,0.014042625799501655,0.38362322267475485,0.12109031410078629,0.0005408665085362074,0.11701686440211732
948,0.014036942499013107,0.3841753143495216,0.1174125272906145,0.0005408401828364519,0.1170627345337687
949,0.014031051123421446,0.3865248854255473,0.11398417965379498,0.0005408687030451664,0.1171041193082079
950,0.014025129031275303,0.39074605623168757,0.1109476882358718,0.0005409282112341452,0.1171301052045447
951,0.014019224512548313,0.39642632991208754,0.10826591592516917,0.0005409928777806273,0.11708568465107551
952,0.014013335499768536,0.4030092321402269,0.10593875610057003,0.0005410548789656086,0.11701371978909338
953,0.014007454166121083,0.41027777142164523,0.10381203410629888,0.00054109822682408,0.11697969174191775
954,0.014001514205215844,0.4181028407642062,0.10175809482995811,0.0005411338182284352,0.11698935945844631
955,0.013995452559502809,0.4261275614262091,0.09969918734702209,0.0005411718605883573,0.11701502579904255
956,0.01398940066039404,0.43410010821621414,0.09757673558102607,0.0005412212748769717,0.11704785203898614
957,0.013983546203730712,0.44187843090149703,0.09534800993220878,0.0005412832256132872,0.11707185576401517
958,0.01397793792251736,0.4491839093282532,0.09296861671799705,0.000541308592791976,0.1170377605636629
959,0.013972427107279507,0.4555165733661257,0.09041717298009966,0.0005413003823013008,0.11695732516077047
960,0.013966942726003271,0.46040145916632963,0.08777933816039202,0.0005412961866693379,0.11695346502087206
961,0.013961562160767337,0.4637312393822429,0.08499104284689547,0.0005412995793297496,0.1170111378718203
962,0.013956447411838897,0.465482321279645,0.08194122298297786,0.0005412861348091699,0.1170386011340001
963,0.013951647507570825,0.4656196353396978,0.07867236367812508,0.0005412496815766062,0.11702032857054488
964,0.013947071184361474,0.46398492285548615,0.07523618665684845,0.0005412197530142621,0.11696797006929098
965,0.01394265819050362,0.4604997881161135,0.07162899997501422,0.0005411995610092985,0.11688751151035151
966,0.013938407787626422,0.4554733411074682,0.06800480384145435,0.0005411970217688649,0.11682107635041322
967,0.0139344314709109,0.4493443711375368,0.06454767642032977,0.0005411996156617212,0.1168938424172167
968,0.013930829512166941,0.44248047674996993,0.0612713703389908,0.0005412004354494943,0.11702998239358
969,0.01392765714212127,0.4351109708390056,0.05806535460220623,0.0005411853597613597,0.11711787641115172
970,0.013924822949506461,0.42730264335664875,0.054891506206097854,0.0005411428527108792,0.11715380558296501
971,0.013922112213797867,0.4192146444310612,0.05181273142883457,0.0005410863420024106,0.11714143553697742
972,0.01391932483438143,0.41113986270003644,0.04885213999952831,0.0005410323621263841,0.11709770040742043
973,0.013916347691660273,0.4034144539019182,0.0460077451745905,0.0005409747835915257,0.11702435080378348
974,0.013913103108182188,0.3964452814565175,0.043322610416686884,0.0005409120593118682,0.11698166001939511
975,0.013909506613441236,0.39072665924288136,0.04082264530483405,0.0005408645284331821,0.11701216137624332
976,0.013905582130904584,0.38650517794511036,0.038531729597424465,0.00054085133195098,0.11707297883987854
977,0.013901478960734995,0.3839129381141793,0.03640070187132612,0.0005408661091523101,0.11712083114317465
978,0.013897395136082978,0.383063205101499,0.034494978554023295,0.0005408918715106614,0.11716334130945258
979,0.01389342324963449,0.38399071465458934,0.03308560071503991,0.0005408989679305156,0.11721359954251417
980,0.01388952977900066,0.3865798071676804,0.03216844881287959,0.0005409015029669534,0.11722426066050351
981,0.01388562803852104,0.3905813734934958,0.03159626247158403,0.0005409135055016986,0.11719338185762865
982,0.013881664126570003,0.395804584095288,0.031234718493074794,0.0005409154687885019,0.11714457088744777
983,0.013877593445053318,0.40186726646152415,0.030949843938735233,0.0005409375820398334,0.11708604125669353
984,0.013873456604820686,0.4083081454920774,0.030513229829338958,0.0005409759270905559,0.11704189626250922
985,0.013869333793776792,0.41497384161662204,0.02980865988740993,0.0005410107407475732,0.11701608403770461
986,0.013865280537996696,0.42175035915678616,0.028847981055766903,0.0005410384537805015,0.1169971329972524
987,0.013861334790153095,0.4282115094979762,0.02760602607690835,0.0005410646911953905,0.11701221463558957
988,0.013857604648879156,0.4339152991942135,0.026045774972022453,0.0005410521799719028,0.11707788564058397
989,0.013854099270065682,0.43862615042869524,0.024186308920988293,0.0005410092188848635,0.11717132325402993
990,0.013850799308195098,0.44222858264267184,0.022094407966324878,0.0005409516025140435,0.11724116006083289
991,0.01384769206314619,0.44455276435917485,0.019749790280400654,0.0005408872596785793,0.11724775494879096
992,0.013844764982488695,0.4454217081330301,0.01720889939445176,0.0005408300048549778,0.11720921375674234
993,0.013842039036181225,0.4448201375060929,0.014552519917838012,0.0005407813094575218,0.11715622309092251
994,0.013839567387478564,0.4425805080621692,0.011850037377156312,0.0005407429770187866,0.11707378467597669
995,0.013837371892401126,0.43855152364504363,0.009249516825124489,0.0005407260809811378,0.11700911865063508
996,0.013835488583807046,0.43306153721382923,0.0069753358584113715,0.0005406956983827128,0.11700872267916423
997,0.01383384820178926,0.4265458635416202,0.0051173931103830434,0.0005406648701559595,0.11707251803154337
998,0.01383231842889909,0.41912561292858097,0.0035670842827869895,0.0005406298547049956,0.11716125493509069
999,0.01383070403781202,0.4109608662996615,0.0022445587141722884,0.0005406030077042715,0.11727313415258424
1000,0.013828967075872143,0.40233344649982183,0.0011973171097776996,0.0005405816974244914,0.1173813963701897
1001,0.01382711404081004,0.3936431142177644,0.00045160799549242827,0.0005405730413057268,0.11735149244366838
1002,0.013825177273604446,0.38530594450068445,4.372457047865925e-05,0.0005405762994368409,0.11727614909053166
1003,0.01382312517164747,0.3776494605036778,0.0,0.0005405636915202563,0.11722998024388533
1004,0.013820872673736493,0.3710072651818394,0.0002673093704699582,0.000540560290451853,0.11722624977872649
1005,0.01381834889549823,0.36554030093422724,0.0008056889984070284,0.0005405535597834523,0.11719712853191933
1006,0.01381560891999363,0.3613669116975855,0.0016948083850502375,0.0005405646458373272,0.11718879692830218
1007,0.013812789347272628,0.3587008628438791,0.0030330140236059667,0.0005405950368439826,0.1172381729102093
1008,0.0138100170307809,0.35770255071646506,0.004883505045113721,0.0005406186929782414,0.11728329278074717
1009,0.0138073858922971,0.3584698571646627,0.0070892330095721975,0.0005406407179449454,0.11731441240833092
1010,0.013804845131353148,0.3611089786078328,0.009455853710144135,0.0005406535402674637,0.1173334977547995
1011,0.013802326226412821,0.365349921383561,0.011835767764625596,0.0005406723659594719,0.11728409861684533
1012,0.013799867573179714,0.3706045955381823,0.01408073814077813,0.0005406832039752082,0.11715966873491679
1013,0.013797554675887348,0.376408072721761,0.01607053083016896,0.0005406577569198834,0.11704429987697328
1014,0.013795273528877041,0.38258622129700465,0.017765005159008078,0.0005406091077666195,0.1169860828550444
1015,0.013792877194797914,0.3890267405017036,0.019135745196061205,0.0005405567464459218,0.11696521448082267
1016,0.013790361095708767,0.3954006662957736,0.02008525116634528,0.0005405082570461691,0.11699532449747684
1017,0.013787968748874169,0.40139650714128067,0.020545168923313085,0.0005404709924338236,0.1170839525670302
1018,0.01378589346182926,0.4068017070139111,0.020534254934253933,0.0005404040977461776,0.117184299992898
1019,0.013784149854484633,0.4113099205082283,0.02001877277767842,0.0005403019858136212,0.11723618842292616
1020,0.01378268136701247,0.4146726086644555,0.019026448107014284,0.0005401848528453529,0.11724197979076145
1021,0.013781489476196432,0.41678407521047317,0.017803298845870816,0.0005400547798414905,0.11722555277695924
1022,0.013780505660483507,0.4175941845794804,0.016480937534170896,0.0005399168747106326,0.11720494606751806
1023,0.013779594796573837,0.41707148687236173,0.015155700368482013,0.0005397861500804996,0.11714428375030785
1024,0.013778708446836409,0.4151683984129729,0.013955337355500948,0.000539670408649639,0.1170988605334982
1025,0.01377786831960907,0.4118704166445999,0.013055521343609367,0.0005395660601676883,0.117076885292208
1026,0.01377708076493984,0.407208648144187,0.012657865222592893,0.0005394635614634609,0.11711915000250024
1027,0.013776265004202178,0.40135045896022026,0.012867988882530075,0.0005393767690534211,0.11719177713234753
1028,0.013775295365352158,0.39459917731159583,0.01357290769763509,0.0005392993264288519,0.1172795461064565
1029,0.013774092103507603,0.38732999783444216,0.014690700088811279,0.0005392264031475025,0.11734925323818293
1030,0.013772583005210918,0.37981897392920627,0.016215593537224557,0.0005391616693363716,0.11737029991555063
1031,0.013770723915440743,0.3723290910269236,0.018248054998255547,0.0005391120322338319,0.11736016444343474
1032,0.013768556478749172,0.36520758216740473,0.02075380838896793,0.0005390887712792356,0.11734467988738545
1033,0.013766140208447403,0.35862421933251015,0.02358278175668117,0.0005390972382162798,0.1172962903600239
1034,0.013763493859356334,0.3526832453848904,0.02665882266240597,0.0005391104893511436,0.11724333906005688
1035,0.013760593360334625,0.3476042874594213,0.030032828047226606,0.0005391400269375818,0.1172255041488898
1036,0.013757520228379658,0.3436288333436266,0.033716858655404636,0.0005391774849356433,0.11723648019134289
1037,0.013754426126474473,0.34097849874761016,0.03761804958309945,0.000539216132677405,0.11724025465329439
1038,0.013751443815098649,0.3398881243064635,0.04159206370302249,0.0005392269160404797,0.11721801311560985
1039,0.013748593673497332,0.3405775784531082,0.045514417423630237,0.0005392331926725607,0.1171952806666279
1040,0.013745909519424525,0.3430135074415477,0.049236457194561156,0.0005392323140281302,0.11716407536109727
1041,0.013743332873279815,0.3469477935464411,0.05270190260236469,0.0005392102007765597,0.11710103027016859
1042,0.01374085856640854,0.3519312155551494,0.055883038698666246,0.0005391756940145774,0.11700754865959302
1043,0.013738562061125188,0.3575756604685282,0.058695082371651275,0.0005391362433012644,0.1169249296261998
1044,0.01373655810146768,0.36357273508208676,0.06103717266115292,0.000539089750820759,0.11691434723924217
1045,0.013734847130450124,0.3697096664803722,0.06278871397978389,0.0005390168863958278,0.11696125013787016
1046,0.013733360626544698,0.37589589969244736,0.06385716189320947,0.000538931287933245,0.1170173460511981
1047,0.013732039076431809,0.38177250077480585,0.06421223623063761,0.0005388531096017733,0.11707938384717256
1048,0.013730973005333866,0.38688610191974254,0.06395608961848591,0.0005387551176285397,0.11714557355112518
1049,0.013730263128100054,0.3911785850847,0.06324428992145224,0.0005386448750821834,0.11717728366178365
1050,0.013729863369894449,0.3947488678887666,0.06221323464641413,0.0005384982255479333,0.11715397462322041
1051,0.013729543356587808,0.3972766786163216,0.06107140857493975,0.0005383421211268854,0.11708327872131001
1052,0.013729037271864242,0.3985815241825295,0.06004458735219334,0.0005382000666084956,0.11707444462786648
1053,0.013728238346158102,0.39853167473972484,0.05925601008689177,0.0005381068630370771,0.11710305180699222
1054,0.01372727756785894,0.39689431143257886,0.05876057743909583,0.0005380621740898638,0.11711774442077376
1055,0.013726375121469228,0.3936418885299643,0.058681969945985527,0.0005380609338979757,0.11715006353995112
1056,0.013725696846834912,0.3890712309022903,0.059162043107949654,0.0005380549347324816,0.1172200740182863
1057,0.013725156501343235,0.38358867424845217,0.06030764955864875,0.0005380474641531825,0.11728938749451727
1058,0.013724523710831375,0.37744867774159935,0.062134636948434664,0.0005380135459568177,0.11731628574530778
1059,0.013723592024654051,0.3709517634820328,0.06465867289138774,0.0005380021530079078,0.11732767859964037
1060,0.013722370451011106,0.36428147266343097,0.06784085219397187,0.0005380117550355128,0.11731840685424567
1061,0.013720957637296569,0.35755765832816233,0.07154974801780477,0.0005380263935035494,0.11725741803437968
1062,0.013719332465877657,0.3509641122283894,0.0756806719671012,0.0005380239845886567,0.11717462301381584
1063,0.013717437490906724,0.344623581977859,0.0800588016466659,0.000538010056603309,0.11712761359649534
1064,0.013715328533798773,0.3387367092783365,0.08451460407058982,0.0005380183679908378,0.11710445970435711
1065,0.013713128903794244,0.33373650534188193,0.08909601714329872,0.0005380334857194079,0.11705862893822158
1066,0.013710937543627108,0.33007962844666733,0.09375392958267834,0.0005380470773815115,0.11704460553888345
1067,0.013708747660226844,0.32800083031561456,0.09815981931737426,0.0005380596264414388,0.11706780342747736
1068,0.0137064749307281,0.3274361291590913,0.10203609319696226,0.0005380487379772756,0.11707432653131894
1069,0.013704071803570056,0.32839889806265143,0.10540816153184507,0.0005380490070358709,0.11707732989141133
1070,0.013701706038362849,0.33090785308801884,0.10842781658493512,0.0005380392957029428,0.11705958297382954
1071,0.013699588516069165,0.3346927239670091,0.11104720576913552,0.0005380345451375672,0.11696321610004609
1072,0.013697901320844613,0.3394312028283154,0.11321327698814382,0.0005380086776781275,0.11682933153830008
1073,0.013696720653382921,0.345020709569589,0.11496730968738243,0.000537941080915784,0.11679830221994005
1074,0.01369589795188378,0.35119343761246746,0.11625536690323204,0.0005378420967890397,0.11686889391913331
1075,0.013695241976292384,0.3576523190659467,0.11698085429034495,0.000537726809394738,0.11694992212107584
1076,0.013694804560779207,0.3639199173849433,0.11701728445564655,0.0005375882694538314,0.11700063421589438
1077,0.013694710934365677,0.3699034845307605,0.11644514505061836,0.0005374459753050555,0.11704487415091616
1078,0.013694948839969865,0.37552196085861866,0.11531303828120332,0.0005372937259889696,0.1170463283607121
1079,0.013695233706446595,0.38052109542039225,0.11380096192435438,0.0005371282381504851,0.11700825723955227
1080,0.013695281258032599,0.3845965183057379,0.1121692729975727,0.0005369652348995337,0.11699505356980572
1081,0.013694991222901203,0.3875869096111095,0.11065233180354946,0.0005368429898184322,0.11707215679464854
1082,0.01369451157213086,0.38931832588140447,0.10944210625922973,0.0005367629995454378,0.11713930979709969
1083,0.013694010656053567,0.3896166191272993,0.10865318889549924,0.0005367152290366046,0.11714680546131946
1084,0.013693570730045944,0.3884873920113672,0.10840764756837983,0.000536679692284911,0.1171630124911584
1085,0.01369315827173591,0.38599222012684137,0.10890056935990988,0.0005366505456741395,0.11718574725577874
1086,0.013692626343755798,0.3822625262486728,0.11029666605092614,0.0005366194694090085,0.11715320583733668
1087,0.013691817080748717,0.37757018585613844,0.11259877791454276,0.0005365985837371,0.11710397573963793
1088,0.01369068544162311,0.3721548974396946,0.11578142617799879,0.0005365945184302,0.1171028735041832
1089,0.013689349566964753,0.36622772454577496,0.11972899038502732,0.0005366096655872181,0.11711967796401207
1090,0.013687905741355788,0.35991081698606914,0.12420519746509275,0.0005366069287570727,0.11712183380718903
1091,0.01368638793019081,0.35349148934263835,0.1290167537439674,0.0005366083917628861,0.11711230271197826
1092,0.013684741198125005,0.3473306993877653,0.1340342892806498,0.0005365857361903682,0.11708584906039107
1093,0.013682908246959714,0.3416833650493073,0.139165538043994,0.0005365620632398874,0.11703923329856604
1094,0.013680887599936457,0.3368532174647425,0.1442973725959252,0.0005365438008892833,0.11699215209712904
1095,0.013678651937048609,0.33312147834022743,0.14917954045932574,0.0005365184967712476,0.1169900240416129
1096,0.013676213220038145,0.3305097709477383,0.15357844966935089,0.0005365172986197948,0.11703102905405006
1097,0.01367370612916563,0.3291396741548164,0.15740728203009444,0.0005365281030030872,0.1170195157878685
1098,0.01367144713351568,0.3290084147555764,0.1606804639010335,0.0005365469371033259,0.1170182584056518
1099,0.013669682113181541,0.33011406860795284,0.16349359748460024,0.0005365376924189438,0.11698334347570792
1100,0.013668471024513703,0.3323573572533715,0.16593146051868093,0.0005364888456757293,0.11689523178981134
1101,0.01366768834314241,0.33565801715351595,0.16787994960206315,0.0005364167253659311,0.11679904553447532
1102,0.013667119791582302,0.34013575436211796,0.16926157535843922,0.0005363253841844623,0.11671258488595393
1103,0.013666666427091011,0.34569073742032885,0.17006503293796038,0.0005362428967117086,0.11666219466251436
1104,0.013666338586969482,0.35202228219162834,0.17026263865548177,0.0005361569156814506,0.11668830328667554
1105,0.013666239939583847,0.35875617146069994,0.1698638415812278,0.0005360633673787965,0.11679080887135869
1106,0.013666409914348488,0.3654992458508864,0.16888897457029745,0.0005359647447997489,0.116888238615081
1107,0.013666691531968322,0.37179103751444126,0.16739642648567954,0.0005358602281560566,0.1169127008328068
1108,0.013666865789325829,0.37739393396337345,0.165512983463653,0.0005357540298966216,0.11690127324457214
1109,0.013666809377197362,0.38224933703883557,0.16351704429379352,0.0005356953625153946,0.11690211381490935
1110,0.013666550353968786,0.386369554776098,0.1617570668269517,0.0005356665774523196,0.1169438528789912
1111,0.013666244074502544,0.38951464190402635,0.16049829682847108,0.0005356477349440894,0.11699951114003102
1112,0.013665977962838319,0.391478359457938,0.15989638179439752,0.0005356380698555925,0.11704459627632983
1113,0.01366571214652243,0.3921051306088761,0.15994827421984303,0.0005356289050478465,0.11706709716315651
1114,0.013665333505949607,0.39124085494394517,0.16075500451355698,0.0005356279170985707,0.11706304251131726
1115,0.013664804383803882,0.3890348998250233,0.16248321954563086,0.0005356599897212079,0.11706611302458632
1116,0.013664133492961947,0.3857663999937282,0.16516606998072464,0.0005357094292340358,0.117105890758106
1117,0.013663377097869706,0.3815972557481096,0.16874285992639665,0.0005357501537714417,0.11712621959262388
1118,0.013662591019958953,0.3765864941186286,0.17307341479104474,0.0005357808600811236,0.11707703117641635
1119,0.013661740260073944,0.37099430359498636,0.1780904780143634,0.0005358141266512179,0.1170080349399506
1120,0.013660701804339363,0.3649597465121387,0.1835877693944046,0.0005358319643939503,0.11695752893526493
1121,0.013659378777467998,0.35866417793654964,0.18930848958414864,0.0005358351973008509,0.1169115314445124
1122,0.013657795250609579,0.35258469576132795,0.19504646724236163,0.0005358424324539985,0.11689449079125146
1123,0.013656147484807805,0.3471654383493978,0.20068557770931705,0.0005358527365565399,0.1169132866849417
1124,0.01365464281678655,0.3425299467699794,0.2060145499167743,0.0005358502603767594,0.11691458111703583
1125,0.013653355970472672,0.33864818215424847,0.2107018319857269,0.0005358019013023085,0.11688535566717456
1126,0.01365219346712681,0.33572082257930047,0.21465022770740044,0.0005357352504490444,0.11685921694005115
1127,0.01365103495101708,0.3339454980190269,0.21795125307434302,0.0005356416685139465,0.11681064447860379
1128,0.013649852216091843,0.3333639009299242,0.2207147835287815,0.0005355624728047508,0.11676255598221257
1129,0.013648748930708837,0.3339881327934318,0.22293247085775983,0.0005354834452568187,0.11675008404880928
1130,0.013647892706820822,0.33586677743174687,0.22447186440390285,0.0005354095088017412,0.11672467011077695
1131,0.013647383816254473,0.33900310144797213,0.2251536562276004,0.0005353040504532042,0.11665657696654826
1132,0.01364718002375262,0.3431211187050558,0.2248812452357174,0.0005351786733622948,0.11661534965450943
1133,0.013647114603399124,0.3480479047590125,0.22380634474329583,0.0005350530818652127,0.11664511464373757
1134,0.01364706424597873,0.3536315474646094,0.2220972814411726,0.0005349562712274489,0.11669213332361168
1135,0.0136470927473955,0.3595688560518107,0.21995434434797276,0.0005348758563463437,0.11672596685850949
1136,0.013647318986614441,0.3656693876106368,0.21758477678216565,0.0005347892993626944,0.11678399168379895
1137,0.013647750347419541,0.3717329902273028,0.21507714466631384,0.0005347162793882481,0.11684875496527948
1138,0.013648203564236662,0.37738372130620557,0.21260433302948012,0.000534623487812953,0.11687447456522197
1139,0.013648428769728027,0.38224549554520926,0.21033703831310113,0.0005345348960738558,0.11687003088916405
1140,0.013648251854201904,0.38616263534533124,0.2085551242324912,0.0005344837244963803,0.11694513804853172
1141,0.013647713871513716,0.38909297264930887,0.20755117698880926,0.0005344766827289487,0.1170370241963798
1142,0.013646937687873001,0.39083151146697476,0.20747737779616282,0.0005344842836337885,0.11706095845259377
1143,0.013645923007931424,0.3911971817223987,0.20836322004741104,0.0005344996451967406,0.11705097118032465
1144,0.013644639410482837,0.39025732744170916,0.2102841754020036,0.0005345554538302727,0.11708185693011472
1145,0.013643134299439074,0.38821010846700865,0.21325528061457721,0.0005346540932255422,0.11708690498341474
1146,0.013641523452565632,0.3851282244062394,0.2171155415554689,0.0005347680773677807,0.11701638969961478
1147,0.013639946275763625,0.3811321073352323,0.2216328389454593,0.0005348749104372644,0.11694112044656993
1148,0.013638491226791921,0.3763868535850061,0.22668818715959693,0.000534983811894879,0.11690887079620763
1149,0.013637202756045397,0.3709236735655791,0.2322010598657135,0.0005350765362055251,0.11687554206643765
1150,0.013636029177019357,0.36480227535774934,0.2379593295084487,0.000535147983868835,0.11683325883103818
1151,0.01363490152513828,0.35842070317772406,0.2438113037437851,0.000535208278213382,0.11683551193035405
1152,0.013633790708288723,0.35230344619148546,0.2496076403562855,0.0005352640363987262,0.11685304117927399
1153,0.013632727147685228,0.34680055125342557,0.25498123628138625,0.0005352916401265705,0.11684530700598375
1154,0.013631772424085746,0.34203320594519815,0.25964520576785177,0.0005352877093489681,0.1167988463909207
1155,0.013630923879338449,0.33807271758988816,0.26358220665536947,0.0005352582516394048,0.11676668704978209
1156,0.013630251659412207,0.33508515008879486,0.26670562947517323,0.0005352245940934048,0.11676093041652283
1157,0.013629841416231494,0.3332737310317755,0.2691291021614497,0.0005351581576460744,0.11675691744583783
1158,0.013629801248437871,0.33279355964392576,0.27101064718703144,0.0005350561171821626,0.11672003655371802
1159,0.013630184171603561,0.3336322249883632,0.2722002139458297,0.0005349411661108661,0.11665130661364657
1160,0.013630873078887155,0.33565186063050134,0.2725087258849957,0.0005348139098140241,0.1165931011699097
1161,0.01363167525345019,0.3387116349465106,0.27181285642035174,0.000534670215719849,0.116565563807975
1162,0.013632431943899164,0.34265413513619525,0.2701182325093441,0.0005345251721287015,0.11659793850180006
1163,0.013633118488370875,0.34735517761370005,0.2676568420902803,0.0005344247123839177,0.11668078215043336
1164,0.01363380562353926,0.35267745133892103,0.26471974124724956,0.0005343549505408243,0.1167842024052086
1165,0.013634477991139673,0.35848790954815707,0.2616901493529326,0.0005342998986344123,0.1168742499499819
1166,0.013635067069627492,0.3646410717958465,0.258801539350427,0.0005342597584586282,0.11689224232354936
1167,0.013635496067629104,0.3708122367677518,0.2561488015139991,0.0005342454689258228,0.11687190191050251
1168,0.013635785512063825,0.376679580609917,0.25373342680366856,0.0005342504801418022,0.11685464822019351
1169,0.013635966710182815,0.3820629891974915,0.25182401678774985,0.0005342517161296946,0.1168483566785072
1170,0.013636014557117156,0.386483963119461,0.2506596731645398,0.0005342393310272742,0.11686126626453558
1171,0.013635917681838333,0.3893848501246302,0.2504821417736273,0.0005342561640042699,0.11691754742725077
1172,0.013635571086895906,0.39067363750517486,0.25147159213399517,0.0005342690998358682,0.11697091553909729
1173,0.013634836252467348,0.3903497271517057,0.2536731849902382,0.0005342904605640754,0.11697844362225467
1174,0.013633621028880813,0.38850480318166836,0.25698412859815317,0.0005343564724035341,0.11696412382322299
1175,0.013632020371634142,0.3854584413400468,0.26118372450001137,0.0005344304088586116,0.11697340483150824
1176,0.013630262735092385,0.3815916084631982,0.2661557701942067,0.0005345283293629618,0.11697138560998606
1177,0.013628627964751772,0.3770224910527646,0.2717096083506362,0.0005346275405076269,0.11691474784165284
1178,0.013627250740889654,0.37174974814529727,0.2776012866860612,0.0005346972266780798,0.11682460767201744
1179,0.013626048069741775,0.36583574468644053,0.2836378574100787,0.0005347546917036193,0.11671770472370742
1180,0.013624918350405546,0.35953549024253306,0.28962577544608725,0.0005347768091591856,0.1166321541143383
1181,0.013623800740477072,0.3529896932273158,0.29536582323767274,0.0005347840106801282,0.11661976785888191
1182,0.013622669544382366,0.3464411242854875,0.30063823625568475,0.0005347917797464707,0.11668395223514275
1183,0.013621617650155725,0.3403897211472504,0.30526868025425946,0.0005347715541090632,0.11673269142120711
1184,0.013620784611355642,0.33526940292945456,0.3091050601761223,0.0005347249775474479,0.1167425698594823
1185,0.013620197157300468,0.3313243213224915,0.3121279881850386,0.0005346538914318347,0.11674905359747106
1186,0.013619827377270109,0.3287286846786128,0.31437746574906167,0.0005345693019387453,0.11671618336073482
1187,0.01361967984921416,0.32748402610272176,0.31589847615439937,0.0005344818747186569,0.11663996701866024
1188,0.013619894274382078,0.32746299075447843,0.3166224360547953,0.0005344164052006235,0.11661801261811564
1189,0.01362059396198912,0.328543300493397,0.3163692624747133,0.000534353714553171,0.11664754372988707
1190,0.013621659147033656,0.3306913048052472,0.31502206408316075,0.0005342563111455548,0.116674455874508
1191,0.013622897555708122,0.33379646584086464,0.3127057713555377,0.0005341683836447154,0.11668053669478465
1192,0.01362418159618761,0.3377285656505784,0.30963957321553315,0.0005340941192746241,0.11671975173221648
1193,0.013625430342163018,0.34249535936388015,0.30599003537752817,0.0005340224866333508,0.11676910455773959
1194,0.013626514872725124,0.34809721497045554,0.3021213125441045,0.0005339729882641045,0.11680357951975694
1195,0.013627376117585244,0.35424795697953715,0.29843260844070835,0.0005339576645375923,0.11684618694183681
1196,0.013628029582698983,0.3605611258888235,0.2952516856418714,0.000533976498637592,0.11692986189859067
1197,0.013628516026548245,0.3666513458074523,0.29271945252069337,0.000534004283139404,0.11698741665265439
1198,0.013628781252159062,0.3723089862887735,0.29087969676784037,0.0005340286245321383,0.11697401615532858
1199,0.01362871332132791,0.3772595902229524,0.28978938095430384,0.0005340613025366151,0.11695145969318028
1200,0.013628156140796318,0.38112660118011565,0.28964106271250534,0.0005341191080893944,0.11694485554300557
1201,0.013627173358810968,0.383668871713227,0.29052246996491976,0.0005342145524142029,0.11691228402126429
1202,0.013626010264760036,0.3847364430376031,0.2924736523378432,0.0005343278891341666,0.11689916371382625
1203,0.013624906831694466,0.3840750998217855,0.2954527296491287,0.0005344391112218073,0.11690870175595221
1204,0.013623975145517142,0.38189854745283325,0.29936153143901,0.0005345390244411699,0.11691827221634186
1205,0.01362321446782364,0.3785102647747049,0.3040436904198315,0.0005346044393067807,0.11685562541218547
1206,0.013622534125734173,0.37407211711305244,0.3093517579803945,0.0005346325979680374,0.11677864028422716
1207,0.013621875639656725,0.36885341783700476,0.31510034737318265,0.000534635137208471,0.1167831881633392
1208,0.01362115586814448,0.363109581276078,0.3209578314372439,0.0005346321607479395,0.11681459261208749
1209,0.013620246628667454,0.35685957105228217,0.3266487156572307,0.0005346207677990296,0.11677108672904736
1210,0.013619109525547238,0.350067161152564,0.33207314481502365,0.0005346022532058131,0.11673239039057375
1211,0.0136178046627917,0.34285780383354464,0.3370145494512346,0.0005345795345726422,0.11674627485261874
1212,0.013616527710747863,0.3357253942961685,0.34124469778267935,0.0005345462133498864,0.11677629456038616
1213,0.013615510667994402,0.32927181973072206,0.344746662894105,0.0005344906779789453,0.11676536483036411
1214,0.013614919817399767,0.3239291274901286,0.3475484564432272,0.000534396230011643,0.11672476273563906
1215,0.013614850852832646,0.3199976440391971,0.3494889197010389,0.0005342685406984599,0.11666997514823566
1216,0.013615209557182827,0.31759006998741396,0.3504992303554406,0.0005341043056638508,0.11661085735004509
1217,0.013615857262936829,0.3165115206241394,0.3505956259330899,0.0005339220815412287,0.11657972846024471
1218,0.013616720132229594,0.31681234513501416,0.3496689828695341,0.0005337612307590398,0.11660985237072928
1219,0.013617725360923639,0.3183482348982302,0.34777613017320513,0.0005336289043895611,0.1166642463026372
1220,0.013618781242394809,0.3208338837262375,0.3451890304457173,0.0005335526599164446,0.11669542382050703
1221,0.013619765796495367,0.32427382328064713,0.34205793551585395,0.000533499117260277,0.11667718367565247
1222,0.013620587168901807,0.3286766968648713,0.33840406604705536,0.0005334637738942995,0.11666034448158455
1223,0.013621221288489579,0.3339175525483706,0.3344767891147674,0.0005334617685672998,0.11667247370320023
1224,0.013621754840902337,0.339697024963312,0.33067407709956675,0.0005334953336241985,0.1167309246025858
1225,0.013622221053189013,0.34587259510094676,0.3274180581272768,0.0005335373530061543,0.11678827095087826
1226,0.013622478599659113,0.35218534448163036,0.32495526923030005,0.0005335628715301237,0.11682498743368251
1227,0.013622403875740648,0.35810108342768404,0.323211950729277,0.0005336096667016685,0.11686746981229962
1228,0.013621988316239491,0.3633197059339923,0.32216118288884527,0.0005336801264154635,0.11691282819190796
1229,0.0136213090078776,0.3678387455109115,0.32193673786262894,0.0005337382809034742,0.11694602261566159
1230,0.013620367870444348,0.37141233594890516,0.32269891199251566,0.0005338026069227164,0.1169555838138346
1231,0.013619213046230809,0.3736684358137018,0.324506557960406,0.000533877770957456,0.11694315587722395
1232,0.013617919259155451,0.37454019742101663,0.3272776564899555,0.0005339812323869847,0.11686894949411797
1233,0.013616596970671717,0.3740622848421633,0.3308410650760438,0.0005340873213415745,0.11677093852953757
1234,0.013615397696063297,0.37221152496456944,0.3351971504810091,0.0005341896266598468,0.11669582905419451
1235,0.013614474132040803,0.36914727470485525,0.3403108470990262,0.0005342773859991837,0.11668272958750207
1236,0.013613854632355232,0.3651322247097848,0.3458734759269236,0.0005343407787213337,0.11672300286393295
1237,0.013613349286002512,0.36031063510898337,0.35149805967366315,0.0005343672095221776,0.1167480856680327
1238,0.013612703943060392,0.354672703931548,0.35699088439674287,0.0005343654690495384,0.11673593329036998
1239,0.01361181582121615,0.3482985837242648,0.3620867830066791,0.000534370106105834,0.11674137036788867
1240,0.01361085046496739,0.34144102799414994,0.3665427216511307,0.000534374318554019,0.11674392681313933
1241,0.013610019493630852,0.33456456380488087,0.3703658514963301,0.0005343450374141888,0.11667381676302685
1242,0.01360944222920245,0.32803582399597325,0.3735156325864254,0.0005342781469302995,0.11663946916044762
1243,0.0136091492405541,0.3223788642701439,0.3759216209090169,0.0005341965212857545,0.11669925848872
1244,0.013609259111294084,0.31793656066135145,0.3774987639143937,0.0005341005977004126,0.1167364404111362
1245,0.013609899285589928,0.314764588386664,0.37824448543207057,0.0005339821825000597,0.11670877337412498
1246,0.013611086450782201,0.31290241964279114,0.378110039312971,0.0005338148995362745,0.11666659202647821
1247,0.013612629957521166,0.3124659448335118,0.3771042989859579,0.0005336507948269674,0.11663815388760787
1248,0.013614233568276395,0.313394677649783,0.3752560109423854,0.0005335032119956252,0.11660750201561147
1249,0.013615735873485767,0.3154727056721149,0.37267653762861463,0.0005333802396156128,0.1165884189847813
1250,0.013617133033570528,0.3186410203125793,0.36946769662898743,0.0005332850937776087,0.11659111668296353
1251,0.013618438634705304,0.3228357050992425,0.3657900555514177,0.0005331983980606659,0.11660922483744013
1252,0.013619590062370988,0.3278662370829054,0.36195225139489395,0.0005331595695451755,0.1166554446281313
1253,0.013620494871572584,0.33357002845839145,0.3582037308275486,0.0005331474366851285,0.11670761556402257
1254,0.013621083211681165,0.33991327012034894,0.35479896284724677,0.000533153267688881,0.11676313488743226
1255,0.01362131875447347,0.34658117889871903,0.3521031385184116,0.0005331783658089745,0.1168153706608618
1256,0.013621191162640165,0.35304572122778594,0.35035971969669194,0.0005332164081688967,0.11685963606723207
1257,0.013620689803540366,0.3589625621617533,0.34951793221842475,0.0005332879399128383,0.11688405660414058
1258,0.01361985130073728,0.3640277664987811,0.34952876195886534,0.0005333636126365593,0.11688622865644938
1259,0.01361871183480518,0.36812644827714425,0.3503993000238289,0.000533446566757859,0.1168921033862562
1260,0.013617375664798483,0.37106032757134094,0.35218165349213465,0.0005335595251141431,0.11690376022100774
1261,0.013615972450005648,0.37274369612954883,0.35482174562141,0.0005336837040535998,0.1168553243815521
1262,0.013614591829595676,0.37303131707359416,0.35824838501724476,0.0005337821374509271,0.11674802777740964
1263,0.013613302620469914,0.3718661028965804,0.36226588512289337,0.0005338293193941428,0.11665446512050093
1264,0.01361207410607388,0.3694128602722201,0.36677752820114684,0.0005338606647178691,0.11663912644832304
1265,0.013610846330048693,0.3658689691075309,0.3716541335210631,0.0005338731591253737,0.11666584176536471
1266,0.013609561994220866,0.36133344287230235,0.37675448406626877,0.000533871284123437,0.11665845030386209
1267,0.013608269683903983,0.355959277498623,0.3818267712303872,0.0005338927625649588,0.1166683472669075
1268,0.013607124015581246,0.34982409617029275,0.38658136542015664,0.0005338967311787618,0.11668030281699097
1269,0.013606200303892979,0.34299838480524053,0.3907755947460421,0.0005338458749045517,0.11663762824173445
1270,0.013605458676368714,0.33585771199889036,0.3942489958532386,0.0005337659434882147,0.11658640671051128
1271,0.013604894702758203,0.3288710900935796,0.3969819675638625,0.0005336830986717603,0.11662680966168171
1272,0.01360461648167783,0.3225461722995606,0.3989440030355895,0.0005335971975183772,0.11668490858672607
1273,0.013604852172144305,0.3172282806227077,0.400091371039903,0.0005335006307147563,0.11667594018726618
1274,0.013605702784355146,0.31316543201088454,0.4004082384589791,0.0005333756403955179,0.11666390359051262
1275,0.013606949758223739,0.3105368951653739,0.3999558969042918,0.00053323052113173,0.11667902922564245
1276,0.013608207069393273,0.30934754176543494,0.3986395637334101,0.0005331074268346462,0.11664492013145976
1277,0.013609305481478342,0.3094262335918374,0.3964720725421555,0.0005330057395102005,0.11662001331453062
1278,0.013610418808805556,0.31073109595959497,0.39357558553682837,0.000532969702477517,0.11663288121906779
1279,0.013611756455570728,0.31338156301083203,0.3901412287709128,0.000532933463650887,0.11665594943325912
1280,0.01361327308532557,0.3170830583013119,0.38632529976626584,0.0005328861639945956,0.11664282217924284
1281,0.013614651342915264,0.32158790194753234,0.3824424308212529,0.0005328227586602192,0.1166267980834897
1282,0.013615564717310987,0.3268390819779736,0.378826629226619,0.0005327846784640963,0.11665375885618008
1283,0.013615893443485922,0.33261123310712754,0.37570425037665955,0.0005327918715768086,0.11670642070370575
1284,0.01361575123175881,0.33854604079499045,0.3732355234557248,0.0005328369052554965,0.11675809609668585
1285,0.013615247657521297,0.3445790957467956,0.3716099038109675,0.0005329099462499215,0.11681198753876738
1286,0.01361442717115987,0.35052042359617525,0.37088059097515375,0.000533007908794946,0.11686029833476026
1287,0.013613378525798518,0.35586284367301224,0.3709869033923011,0.0005331398904329501,0.11690085180141585
1288,0.013612259586785736,0.36022726916739206,0.371752616904467,0.0005332587008132046,0.11689732511108844
1289,0.013611149360649643,0.3635854617519583,0.37315464587270686,0.0005333508239462459,0.11685825364188959
1290,0.013610054492778202,0.3658621076045834,0.3752854394242081,0.0005334116858361929,0.11678284545155157
1291,0.013608960363294391,0.36690284046644145,0.37812375758418315,0.00053347065590822,0.11671460179183772
1292,0.0136078446731469,0.3666946222232206,0.38153275173262147,0.0005335155844858195,0.11665566229645616
1293,0.013606651010215654,0.3651798423380492,0.3854870804260423,0.0005335476739246786,0.11660390354083058
1294,0.01360536253946913,0.36241362595482574,0.3898448566509089,0.000533589424248039,0.11662640674363263
1295,0.013604070524500585,0.35855623088392613,0.39426673507258464,0.0005336324483954924,0.11672328768543448
1296,0.013602924117807004,0.3538352583876718,0.39852596849844646,0.0005336772088115893,0.11679199678476031
1297,0.013601997157245053,0.3483135660957775,0.4024597197746933,0.0005336744425529958,0.11675624591575602
1298,0.013601309579045767,0.34212227191859756,0.4057823373420917,0.0005336421302999724,0.11668974591827946
1299,0.013600956191024421,0.33554483973629057,0.4084083549260908,0.0005335946498699521,0.11664684904375824
1300,0.013601000641419303,0.3289102356599066,0.4104284790084284,0.0005335134278133001,0.11660862972275164
1301,0.01360139212977912,0.3224705372273728,0.4117657353422325,0.0005334143511976937,0.11659601190547694
1302,0.013602021228394786,0.31668837086253226,0.4122306736629373,0.0005333062947523048,0.11665724849663005
1303,0.013602801694628366,0.31212273319954964,0.4118776269562434,0.0005332250222472259,0.11668409811935111
1304,0.013603781670779328,0.3089611798299388,0.41077873462201486,0.0005331744098071587,0.11661608370615412
1305,0.013604981093061916,0.30716589801740113,0.40895649906087805,0.0005331243354842822,0.11658765019889757
1306,0.013606280639488618,0.30679378658194245,0.4063548387168303,0.0005330767877896131,0.11663463877547246
1307,0.013607503542207479,0.3077368694468035,0.4030737608506786,0.0005330246829152844,0.11671493755671013
1308,0.013608624253327073,0.30977607158036036,0.39938359736254486,0.0005329928415148029,0.11671309895397232
1309,0.013609645874030133,0.31286558698634975,0.39554443266870626,0.0005329731960347825,0.11669585452587995
1310,0.013610491465268871,0.31703948769559503,0.39184786404872607,0.0005329684076332063,0.1166963107032753
1311,0.013611074489048615,0.3218759888528766,0.3885452948772127,0.0005329920763794523,0.11668114570296657
1312,0.01361135271012899,0.32694396691801225,0.38579903099323115,0.0005330523244795683,0.1166771327319446
1313,0.013611366591643559,0.3322978823736519,0.3837593422528031,0.0005331228430500207,0.11672842836325964
1314,0.013611190266822504,0.3380007379017141,0.3825592153654368,0.0005332100852923846,0.11678754384614878
1315,0.013610951327490739,0.34383461213314764,0.3821561884433136,0.0005333114909460087,0.11683712128657499
1316,0.013610744138441034,0.34936830573379957,0.38251710940925343,0.000533371394314889,0.11688556638858422
1317,0.013610515684084378,0.3542768910658621,0.3835569764386255,0.0005334023276427309,0.11691339551927261
1318,0.01361008358490004,0.3583877556620824,0.3851989778072343,0.000533416797949265,0.11686141677968379
1319,0.013609335755001926,0.3614629849505616,0.38737067193115027,0.0005334277620860685,0.11674430194386456
1320,0.013608342488033071,0.36349589896504303,0.39002459494112274,0.000533462815373233,0.1165735202808669
1321,0.013607288378668715,0.36444908634269174,0.39313170277762227,0.0005335031867714118,0.11657797785075523
1322,0.013606306039714265,0.3639514701768094,0.39657138778263357,0.000533511704156644,0.11659036642185003
1323,0.013605402411914415,0.36187383468822126,0.40017455193397977,0.0005335124524760115,0.11665324478816169
1324,0.01360457882437026,0.35843580745890463,0.40381293341212104,0.0005335125617808568,0.11674667777066781
1325,0.013603881499566707,0.35397475580633375,0.407304709088348,0.0005335163370089438,0.11676379252368364
1326,0.013603334508661887,0.3486535528758444,0.41044598571699653,0.0005334779246938115,0.11671081112041741
1327,0.01360292234570019,0.34282083923141715,0.41311185517307286,0.0005334259249203324,0.11667448134619345
1328,0.013602585792710366,0.33674936340253836,0.4152328978127137,0.0005333707721170666,0.11665649591987816
1329,0.013602273606218613,0.33046686431771455,0.41668480766845445,0.0005332784093536391,0.11661633610871804
1330,0.013602015764391783,0.3242053587467355,0.417507324190671,0.0005331886278710805,0.1165858972737697
1331,0.01360202743077703,0.3184273978310223,0.41757898695400336,0.0005331210227005065,0.1166097111177977
1332,0.013602474888234413,0.3134917399832522,0.4168239409840805,0.0005330674380041425,0.11662312319331553
1333,0.013603300100219607,0.30968408415652693,0.41527771106075306,0.0005329773370145618,0.11661722067584789
1334,0.013604289970640608,0.30718891112726016,0.4130986468423896,0.0005329022444484669,0.11664397535840541
1335,0.013605309966911023,0.30613119264507305,0.41024760947726213,0.0005328524896326126,0.11669744072639082
1336,0.013606260112560907,0.30664368810846027,0.406822471685747,0.0005328208205976294,0.11676524673347959
1337,0.01360709536649031,0.3085137021521218,0.40309962794086435,0.0005328131776525931,0.11676115734740129
1338,0.013607891338679498,0.31159372981837946,0.39937979090209297,0.0005328483528570679,0.11674790041830849
1339,0.013608669442101195,0.3155494952019908,0.39580660365909787,0.0005328793870817636,0.11674308161152533
1340,0.01360938596474815,0.32004142965037247,0.3925866137764371,0.00053289482011336,0.1167544513094739
1341,0.013609859856167151,0.3249333611629553,0.3900266949003509,0.0005329005418120284,0.11677527800287835
1342,0.013609873294659212,0.33028345918043744,0.38818259339288236,0.0005329283725582716,0.11678847704101113
1343,0.013609349636516494,0.33593634741337236,0.38699572225987594,0.0005329947123127439,0.11680127084579339
1344,0.013608457527427722,0.34171205532253984,0.3864400953935408,0.0005330993508732687,0.11685040137171483
1345,0.013607513436485912,0.34748016137766274,0.3866695392779043,0.0005332213142837876,0.11691876081233785
1346,0.013606732084198924,0.3528905240272504,0.38760487240917496,0.0005333333729754235,0.11695123276263877
1347,0.013606025603504572,0.3574757674709955,0.3889926580269912,0.0005334196566964818,0.11690054845514408
1348,0.013605190349566774,0.36110301465524847,0.39075563467478724,0.0005334896287417521,0.11677730417097877
1349,0.01360418054292313,0.36369679580224235,0.3929411749244017,0.0005335494606417488,0.1166463789725325
1350,0.01360318698060594,0.3649566490563839,0.39539169788887174,0.0005336159265175275,0.11657470819426853
1351,0.013602351726676537,0.3647954260095171,0.3979378701259755,0.0005336457247543307,0.11657131580995747
1352,0.013601577167468468,0.3633875635635054,0.4006561693106013,0.0005336663792038446,0.11662766875678916
1353,0.01360072330640073,0.3606903179124096,0.40342267274878263,0.0005336760989450031,0.11670891462705654
1354,0.013599756916416,0.3567264600125082,0.40592308094601387,0.0005336854529342304,0.11676905361403174
1355,0.013598873077173017,0.35186368431132165,0.4080278984430579,0.0005337000031174006,0.11676800232228488
1356,0.013598375852983522,0.34653006664882374,0.40970910433247004,0.0005336969762084422,0.11671644734149073
1357,0.013598342625942986,0.3407741430375637,0.41088966104974134,0.0005336621331234547,0.11664473719771092
1358,0.0135987107815407,0.3346225099296723,0.4114491822068453,0.0005335957134921072,0.11659647966072732
1359,0.013599374436272817,0.3283297915347301,0.4114937363796126,0.000533530176709425,0.11658672858155329
1360,0.013600313063220017,0.3221266825563657,0.41095735844892417,0.0005334655059589472,0.11659161685715151
1361,0.013601456221048306,0.31631824355182936,0.4097582658315439,0.0005333926541462424,0.11659089669900026
1362,0.013602653871224082,0.3114834360360679,0.4078824351974467,0.0005333141478995181,0.11659513196928692
1363,0.013603847238798598,0.30808702129975374,0.40544021149098985,0.000533262097677612,0.1166355094487719
1364,0.01360509480337226,0.30622676270608706,0.4025565085065793,0.0005332467235026728,0.11670375310848577
1365,0.01360641960235044,0.3058646268901038,0.3992221467623898,0.0005332414053918974,0.11680038396302514
1366,0.01360774100478916,0.30710401483708577,0.3956366541854428,0.0005332412246181686,0.11681688507658224
1367,0.013608965384266496,0.309725240252174,0.39213397100698005,0.0005332596761504931,0.1167960074398069
1368,0.013610053606724794,0.31319557514155655,0.3888770267869674,0.0005332955366134435,0.11678167143164339
1369,0.013610930209857958,0.31718128672032986,0.38610843694450553,0.0005333202227376525,0.11675352737682819
1370,0.013611447665618434,0.3216166538412161,0.3840703765265156,0.0005333468511282081,0.11673071388117615
1371,0.013611528001222468,0.32643592474518884,0.3827717406398351,0.0005334202704863128,0.1167518740238146
1372,0.01361131357605455,0.331576224263266,0.3821104649053542,0.000533508975734729,0.1168256566481259
1373,0.013610968900901499,0.33709586633591765,0.3819367594588365,0.0005336036296999736,0.11691388179963019
1374,0.01361060207438809,0.34288373280305534,0.3822639227989135,0.0005336952273278116,0.11696082406377403
1375,0.013610205417373608,0.34839492289144514,0.3831700055115228,0.0005337772691724758,0.11693618817451602
1376,0.01360968929069744,0.35321173823740504,0.384494440873819,0.0005338560276615735,0.11684824089759804
1377,0.013609132553196748,0.3572388467285323,0.38608340474354885,0.0005339137281135034,0.11674845848311953
1378,0.013608694399304335,0.3603258144816616,0.38786859421841197,0.0005339465784834784,0.11668189364844167
1379,0.013608395798978812,0.3621762135278256,0.3897716663939558,0.0005339411973120499,0.11667468975230166
1380,0.013607969606819984,0.36267299558361976,0.3916355131204758,0.0005339212617534554,0.11668592282859548
1381,0.013607248949254332,0.3617626877422499,0.3934373966587655,0.000533887499106606,0.11667782047149522
1382,0.013606285217438216,0.35943855382552625,0.3952243609908919,0.0005338651504288841,0.11667200363197448
1383,0.01360532754032178,0.35587472128812686,0.3969257346638382,0.0005338669665741635,0.11668424631919788
1384,0.013604569225448558,0.35152648954722254,0.398343895401976,0.0005338703129901442,0.11668174313295651
1385,0.0136041015364118,0.3467132693840703,0.39926487316844694,0.000533854051762783,0.11666622384266817
1386,0.013603900549735943,0.34135336525838533,0.3995656100672151,0.0005338110906757436,0.11667840632363011
1387,0.013604012044916966,0.3355680173976168,0.39924035677349906,0.0005337822887964467,0.11668739324786023
1388,0.013604549436900084,0.3294378895130167,0.3983089845230414,0.0005337450031638836,0.11663990681273574
1389,0.013605510362873415,0.3230555508510288,0.39682203736158855,0.0005336820644780534,0.11658632334820278
1390,0.013606752611118243,0.31684245762251945,0.3949208967874928,0.0005335972605790304,0.11656708053933383
1391,0.013608067220478045,0.3115546776577931,0.3926599323628588,0.0005334966368767398,0.11656783311608573
1392,0.013609261769462698,0.3076355197596482,0.38998074578028097,0.0005334177480623402,0.11658207418408571
1393,0.01361029505654261,0.30509745886895234,0.3869449305688112,0.0005333714825997556,0.1166509847422676
1394,0.013611274294314333,0.3040272124581298,0.38370338936593673,0.0005333542544430973,0.11676197013007768
1395,0.013612191951302921,0.3044546424072623,0.38044109256950465,0.0005333369968579909,0.11688936863819653
1396,0.01361294568823494,0.30605747172283704,0.3773417216201674,0.0005333291647309954,0.11686783104919445
1397,0.013613386057256675,0.3085974129092432,0.3745629996027369,0.0005333140385944339,0.11683056576413277
1398,0.013613410719103084,0.31200946173634236,0.3723633909177213,0.0005333216310910433,0.11682971593157893
1399,0.01361301184695928,0.3161430447769747,0.37089288434755807,0.0005333701667352271,0.11681856621725664
1400,0.013612266084516317,0.3206401917900834,0.37011534973078647,0.0005334743386474448,0.11681540076382405
1401,0.013611403658254452,0.32555245410559147,0.3699634019981333,0.0005336121807176497,0.11683693140557397
1402,0.01361067532154808,0.330864647001312,0.37022970052049525,0.0005337533902240528,0.11685104743011118
1403,0.013610229636197511,0.33634622205736336,0.37075601899132277,0.000533847144524649,0.11683832772508382
1404,0.013610090821009859,0.3416199944840406,0.371530273000081,0.0005338945618940163,0.1168343656977697
1405,0.013610125377134701,0.34658795963379274,0.37255662805385775,0.0005339033987865095,0.1168194669938553
1406,0.013610155355301553,0.3510638498281526,0.37372172249579666,0.0005338968699120552,0.11674616138734799
1407,0.013609924095110507,0.35467684789777837,0.37492197604328953,0.0005338710823294904,0.11663010710549226
1408,0.013609183205973874,0.35718465271372724,0.37620514603151634,0.0005338290377235603,0.11661950619376439
1409,0.013607874060617076,0.3585174003646299,0.3773871343166793,0.0005338037798499557,0.1166526797767724
1410,0.013606235303040328,0.3584645372538933,0.37826508004388265,0.0005338341960808246,0.11671057261168391
1411,0.013604670383320246,0.3570389657636769,0.3788823451621746,0.0005338742984204081,0.11673968459593746
1412,0.013603470961037657,0.3545006039187094,0.3793809858492371,0.000533905021546073,0.11674070578472208
1413,0.013602759607045368,0.3510268852286432,0.3797283907180049,0.0005339176672990972,0.1167039476207636
1414,0.01360253248177302,0.3466756479979373,0.3796743024573097,0.0005339230358582996,0.11666367897527255
1415,0.013602701275127523,0.3417728409196965,0.37907148994817497,0.0005338938850435322,0.11662992417140645
1416,0.013603179596821953,0.3365009504655615,0.37786611194835734,0.0005338458328641163,0.1166079396678996
1417,0.013603951793218138,0.33080466780442486,0.37605884582967414,0.0005338004922903935,0.1165911907830554
1418,0.01360502450972083,0.32469339945097325,0.37375726905579865,0.0005337620757710265,0.11657131349431907
1419,0.013606364371623715,0.31857883097489936,0.3712370200700239,0.0005337134434339846,0.11655616701878059
1420,0.013607804062322378,0.3130336264637037,0.3686204668012506,0.0005336586647901637,0.1165681573031031
1421,0.013609122511244146,0.3084305048130996,0.3658523613193074,0.0005336041383887161,0.1166331451998237
1422,0.013610158013470167,0.3050129942113439,0.362911225129549,0.0005335748068002199,0.11672558709684443
1423,0.013610919872557019,0.3029795911331055,0.3599398605738354,0.0005335731083680162,0.11680391296932792
1424,0.013611530807056857,0.30221892958773505,0.3570689474551098,0.0005336124581842365,0.11688123849343544
1425,0.013612176149998975,0.3024858609820862,0.35441064147344326,0.0005336742954117109,0.11701676019906321
1426,0.013612890014477316,0.3038040740569618,0.35215993869789874,0.0005337322859422148,0.11696148633130223
1427,0.013613514682817554,0.3061200424984912,0.350543398841136,0.0005337778787583111,0.11680826402052374
1428,0.013613873977872806,0.3092140843412478,0.3496339274275035,0.0005338107585567341,0.11671152664729185
1429,0.01361385049742814,0.3129802895393982,0.3494081903428997,0.0005338380595937782,0.11671273771707749
1430,0.013613470823127742,0.3173239801369178,0.34977355652807895,0.0005338935907607235,0.11675071158209842
1431,0.013612873770150866,0.32208873229165463,0.35049875480004594,0.0005339812407949761,0.1168201570490443
1432,0.01361225855305816,0.32704773375696267,0.3513304027079794,0.0005340785180812861,0.11689160089642982
1433,0.01361170713187791,0.3320542466782349,0.3522194410728465,0.0005341371812582782,0.11690453363850524
1434,0.013611215224025645,0.336957656701811,0.3531085933340696,0.0005341747443574282,0.11683625987582914
1435,0.013610720362648031,0.34153479898993644,0.353938282638359,0.0005341952348494353,0.11676980850642203
1436,0.013610205417373608,0.3455076984388157,0.35472348770689416,0.0005342087970830907,0.11672260920843748
1437,0.01360964779381951,0.3485788809391735,0.3554461273454434,0.0005342085994933789,0.11665234401189999
1438,0.01360901633239196,0.35052588319252104,0.35595427083925424,0.0005341847289529473,0.11660997046727682
1439,0.013608326982085858,0.35131628187182923,0.3561207436103541,0.0005341636162631178,0.1166297342907424
1440,0.013607693896225662,0.3508777838585073,0.3558988468079853,0.0005341447863671139,0.11665829747273851
1441,0.013607204498859448,0.3492646335764402,0.3553563220005494,0.0005341091487183276,0.1166668374821269
1442,0.013606995537694535,0.3464676202974811,0.3545513764503599,0.0005340812675236577,0.11669651679340814
1443,0.013607147939048417,0.3426610346774081,0.35342913203140336,0.0005340553916562264,0.11673276088968522
1444,0.013607582991758104,0.3381726680796351,0.3518202826957906,0.0005340072764159184,0.11668371604204765
1445,0.013608187576193137,0.33302491386391364,0.34964066032204455,0.000533928820617621,0.11656850927744433
1446,0.013608944118959547,0.32720927356615914,0.34706750752836096,0.0005338615055258601,0.11648843742674816
1447,0.013609840953672084,0.3211234247104944,0.3442721387717659,0.0005338094048557661,0.1164810274404753
1448,0.013610778842240046,0.31525195397754846,0.3413992727712771,0.0005337699751626709,0.11651591458309533
1449,0.013611671985056393,0.30971644495279016,0.33851979200326004,0.0005337360023136444,0.11662422774440864
1450,0.01361251388439894,0.3047847221143498,0.3357084169314874,0.0005337452596102526,0.1167348634735159
1451,0.013613335404487944,0.3008524852489024,0.3329758748023824,0.0005337724219140033,0.11680190764163614
1452,0.01361406758075628,0.2980300572901783,0.3303166735742055,0.0005337819987176336,0.11676717564577807
1453,0.013614640710265987,0.29614335251216445,0.32784408161534084,0.000533809955584944,0.11673889728494652
1454,0.013614995870394147,0.2952824382304105,0.32568610848550117,0.0005338264059942644,0.11676577006405159
1455,0.013615008275158632,0.2955602312650214,0.3241201704000324,0.0005338580876412349,0.11679019523189994
1456,0.013614583855106619,0.29685687086475354,0.3233675615564073,0.0005339159562546673,0.1168044617712484
1457,0.0136137463860395,0.29902070564361916,0.3233574559942597,0.0005340355191580461,0.11682637912191556
1458,0.013612672931157572,0.3019041626275212,0.32386089316659933,0.0005341955039080305,0.1168396522601402
1459,0.013611565510855869,0.3053465110269028,0.32468970297335836,0.0005343635435991748,0.11682230594496909
1460,0.013610643128243515,0.30913715293338695,0.32562902218021944,0.0005345149605150224,0.11682834276845308
1461,0.01361005582186251,0.3132270888501079,0.3265551180005606,0.0005346291464509683,0.11684901894603539
1462,0.013609780849647425,0.31758511948295703,0.32731002516378727,0.0005347187135275931,0.11683892747071215
1463,0.013609624461049014,0.32195704777645323,0.3278436156852431,0.0005347743539996227,0.1167998490545981
1464,0.01360943499309263,0.32618872436734053,0.3282546480321674,0.0005347817404982899,0.11674745813474355
1465,0.013609112173943205,0.3301443950389499,0.3285466343195368,0.0005347758464338842,0.11667467817410966
1466,0.01360861480207954,0.33345385642378467,0.32856626694291075,0.0005347765905490171,0.11662237524784043
1467,0.01360801981656621,0.33573613374601285,0.3282637314280951,0.0005347787892622108,0.11658420455490327
1468,0.013607497782856135,0.3367702257579582,0.32764688361496064,0.0005347682455292832,0.11662233125104778
1469,0.013607230932812672,0.33666500082564754,0.3266013069273587,0.0005347247799577362,0.11665573871184945
1470,0.01360731510797867,0.335421034605719,0.3251209280583415,0.0005346576330274778,0.11666848388856227
1471,0.0136076946346049,0.33305426659611803,0.3232267828604004,0.0005345629454300284,0.11665152196633304
1472,0.01360833672868173,0.32966774875276605,0.32095278552132234,0.0005344607452126054,0.11660849310143384
1473,0.013609266642760633,0.325331262713111,0.31829290464306986,0.000534356329466006,0.1165978782955386
1474,0.013610442879946895,0.3202193980595369,0.3152959433712239,0.0005342438755947075,0.11661209389151617
1475,0.013611763839363111,0.3147611640366964,0.312179708668244,0.0005341612620006478,0.11663359443030383
1476,0.01361309853261133,0.30927491684398095,0.3090740979679159,0.0005340880444364896,0.11665771856751883
1477,0.013614258082448635,0.30367023801012993,0.30600924771882027,0.0005340417243214824,0.11668941478468385
1478,0.013615085657245712,0.2979637563576229,0.3031251819376222,0.0005340362800894009,0.11674591593136231
1479,0.013615599716458334,0.292438457160001,0.3005334463766005,0.0005340916893392748,0.11681424758466147
1480,0.01361593036242265,0.28730462009271035,0.29821090173070575,0.0005341709312931405,0.11687657714905267
1481,0.013616179196024453,0.2828482010129555,0.29611257188679235,0.000534231057476185,0.11692212772496346
1482,0.013616275923629106,0.2793322963692824,0.2944111136172755,0.0005342849700875626,0.11692802561115428
1483,0.013616074641604912,0.27705398687504174,0.29324344275079095,0.0005343482408926413,0.11689244841368222
1484,0.013615500773724361,0.2760993652194365,0.2926101265626594,0.0005344290047089777,0.11687814945539615
1485,0.013614617820526392,0.27637984464430654,0.29259125889288234,0.0005345365734858418,0.11688887077964695
1486,0.013613678898230855,0.2778497294821214,0.29316882508618414,0.0005346584444072595,0.11687647989291375
1487,0.013612915562385527,0.2803058843150061,0.29417616620874965,0.0005347705325271045,0.1168625236464153
1488,0.013612398697321726,0.2834108408876969,0.29542620727104474,0.0005348505564325429,0.1168663652612065
1489,0.013612033495240964,0.28691139288854445,0.29669489445559505,0.0005349188300453703,0.11681752187242499
1490,0.013611722047128448,0.29070461893036176,0.29781388660669317,0.0005349629388351966,0.11671398352110218
1491,0.01361137943943055,0.2946423514563264,0.2986198094276028,0.0005350014814758698,0.11665313363852935
1492,0.013610937888998679,0.2986645578842258,0.29909400854601126,0.0005350437152637593,0.11664099283872166
1493,0.013610402859827442,0.30270508997149065,0.2991999786541286,0.0005350822663124239,0.1166260385598226
1494,0.0136099373859284,0.3064939919082836,0.29891571473105916,0.0005351183874257393,0.116640782117312
1495,0.013609687518590626,0.3097083721707937,0.298324057388809,0.0005351356828472853,0.11670372300552352
1496,0.013609683235989364,0.3120211490970929,0.297424075122039,0.000535140496473314,0.11673438877135033
1497,0.013609938715004313,0.31325614116214573,0.29609344330532894,0.0005351149317046744,0.11665070918365664
1498,0.013610370371166145,0.31329345224898225,0.2943168129286936,0.0005350582990791344,0.11659284182043059
1499,0.013610892552550389,0.31212975580886626,0.2920849987290546,0.0005349778001173975,0.11656974813455381
1500,0.01361154365484385,0.309807618425374,0.2893465407123795,0.0005348972717272126,0.11651953389828486
1501,0.013612427494095226,0.306421015952561,0.28608172465359805,0.0005347954498734692,0.11646261130845012
1502,0.013613554702945403,0.3021026780476112,0.2824542177244093,0.0005346799817051997,0.11647054462529498
1503,0.01361480787919624,0.2971191852371626,0.2785959396899663,0.0005345837512250618,0.11655724609818827
1504,0.013616006267742857,0.2917705634899308,0.2745770324020765,0.0005344967107766444,0.11664533231206244
1505,0.013617061410843184,0.28614821909007637,0.27055549556617603,0.0005344174856390006,0.11671479630377857
1506,0.013617908183475273,0.28024516597560567,0.2668062519582864,0.0005343710394026872,0.11677286744149908
1507,0.013618479540878164,0.27405376988406205,0.26345026890854367,0.0005343454830422781,0.11679770015867331
1508,0.013618703121936884,0.26775187343522927,0.26046644699552113,0.0005343585828316222,0.11678975526397342
1509,0.013618581732485821,0.26158922332193507,0.25793104824796526,0.0005344195624348839,0.11678704598759919
1510,0.013618219926944519,0.2558369121139382,0.256008895656104,0.0005345292332316057,0.11679343246944904
1511,0.013617751794876861,0.2509949488418405,0.2547013216532079,0.0005346800826022924,0.11679946929293303
1512,0.013617250583451231,0.24722002259476986,0.2540045174826166,0.0005348146118887215,0.11681028555768433
1513,0.013616648509493855,0.24464835990638253,0.2538913437848481,0.0005349367770929481,0.11684479988521754
1514,0.013615894477221892,0.2434372588401641,0.25432525163934133,0.000535087605443417,0.11687869362637679
1515,0.013615063210528624,0.24358408433109024,0.25517703818014614,0.000535259458198849,0.11688293584357866
1516,0.013614267976718674,0.24474465001344073,0.25632217551947023,0.0005354221419425392,0.11685486125724157
1517,0.013613599891719523,0.2467231181562261,0.2576847926812831,0.000535548385065892,0.11681481259605075
1518,0.013613061613682998,0.24938926766254355,0.2590802878996285,0.0005356543605114019,0.1167630769968092
1519,0.013612599240966682,0.2524184570705421,0.260328374475714,0.0005357516966541301,0.11671380058701636
1520,0.01361209167948464,0.25562542265340654,0.2613173115113036,0.000535817254457269,0.11667473143345591
1521,0.013611464648332518,0.2590573594475494,0.2619097686244635,0.0005358685101153763,0.11665966832022595
1522,0.013610838798582141,0.26273089995799526,0.2619205357707874,0.0005359019280309901,0.1166876919628552
1523,0.01361043977876417,0.2663663065918438,0.2612868075464888,0.0005359069182267519,0.1167645844659514
1524,0.013610440369460844,0.2696287276847036,0.26014851646784876,0.0005358676987355945,0.11680937320289365
1525,0.013610816351873447,0.2721984328601369,0.2586140090971873,0.0005357813309336655,0.11676815283777003
1526,0.013611447517944266,0.2738290495994216,0.25668898331482853,0.0005356639204988103,0.11668839822717604
1527,0.013612251759970847,0.2744151586964007,0.25442024719538486,0.0005355391908299368,0.11659870497238237
1528,0.013613254625861404,0.27392265466678933,0.2518169105501557,0.0005354132125611836,0.11649243187266292
1529,0.013614547674557524,0.27234278507232434,0.24874207149482783,0.0005352738276082904,0.1164410598259546
1530,0.013616115547786167,0.2696514461994032,0.24515420789697942,0.000535115793532883,0.11648968554641125
1531,0.01361780525349677,0.2659647976787891,0.24121860965313585,0.0005349682064975451,0.11657901756464706
1532,0.013619485507959841,0.2613200078754801,0.23711203050864155,0.0005348297338212874,0.11664356317780272
1533,0.013621035660095161,0.25578898703131203,0.2330685710322919,0.0005347009682739619,0.11673739676271952
1534,0.013622334911173525,0.24939841627298967,0.2292731125116494,0.0005346159247445527,0.11685233491495316
1535,0.013623236176161492,0.24237622538896764,0.22580334156635817,0.0005345679986862042,0.11687467139313819
1536,0.013623613339975839,0.23501685876884065,0.22268436012865417,0.0005345611418967361,0.11682614524412188
1537,0.013623447943152402,0.22751256652284732,0.2200393892841581,0.0005346207341665857,0.11680960939632573
1538,0.013622889876567403,0.22038744607894575,0.21808562252935368,0.0005347234136445419,0.11683157074378554
1539,0.013622152383970227,0.2140038736126549,0.21691643823645917,0.0005348672759004586,0.11679525254741661
1540,0.013621386094607947,0.20847294877849287,0.21655718623294673,0.0005350150731377345,0.11678304459476924
1541,0.013620647715957368,0.2038230213583584,0.2169572168916673,0.0005351446921052769,0.11683777660718797
1542,0.013619888810379075,0.20017843478070924,0.21795097435910202,0.0005352669329823827,0.11688902824171035
1543,0.013619018557293928,0.1976673061554272,0.21940261368476308,0.0005353782055184503,0.11685664891660849
1544,0.013617955735061277,0.19640679373253747,0.22121574573087854,0.0005354887423476154,0.1168053208666928
1545,0.013616764730298644,0.19643746865154002,0.2233224093698233,0.0005356151073880397,0.11679251316808013
1546,0.013615585982617936,0.1977247993223222,0.2255826984261268,0.0005357469587009808,0.11678148386628077
1547,0.013614594930786797,0.20005005242485868,0.22772696912210288,0.000535854800740197,0.11679460417371883
1548,0.013613832776343213,0.20302847773443297,0.22963721188706845,0.0005359332187020548,0.11681194354197473
1549,0.013613230111689164,0.20643435891696912,0.23123464412786884,0.0005359774662254134,0.116777846026321
1550,0.013612726832799987,0.21026458281096422,0.2323309634024707,0.0005359959009415159,0.11670419307641229
1551,0.013612317032650175,0.21427198708287715,0.23283162976372665,0.0005359943034064048,0.11668999832118035
1552,0.01361199731469187,0.21816149467036364,0.2327919716029946,0.0005359823471160909,0.11672159496656806
1553,0.013611858499504218,0.22175526753340905,0.23220210642034564,0.0005359583630665794,0.11672982005149268
1554,0.013612000858905498,0.22489153141589616,0.2310217665477183,0.0005359148428423707,0.11672533006266674
1555,0.013612461607189168,0.2273032448700509,0.22933600125275094,0.0005358546872311171,0.1167082917250442
1556,0.013613235575692169,0.22893722806187805,0.22717577024999216,0.000535781822806425,0.11664351918101007
1557,0.013614226627514913,0.22977381927721396,0.22445306950170227,0.000535698565994086,0.11657454841656673
1558,0.013615432990558984,0.22966921576539787,0.22118947971486785,0.0005356186135575314,0.11660303055189274
1559,0.013616884495317061,0.2284589557735779,0.21754249070410378,0.0005355400946985807,0.11669252234783035
1560,0.013618633566664692,0.22606219992997303,0.21371437863066378,0.0005354473872041565,0.11675384693256877
1561,0.013620640332164985,0.222361487709726,0.20987711175100932,0.0005353327724561041,0.11679550495031749
1562,0.01362272743326931,0.21743771246104354,0.20619881777011867,0.0005352078031568444,0.11684840530657666
1563,0.013624587113744558,0.21151319546707675,0.20289362464958755,0.000535091931400682,0.11685280267054049
1564,0.013625954147979905,0.2049177018980212,0.20005774636500878,0.0005350023138756303,0.11681791552792045
1565,0.013626706555827617,0.19790383670196374,0.19764518604263376,0.0005349547703851959,0.1168382351002217
1566,0.013626886424862298,0.1908314260313213,0.19566880224937758,0.0005349771737153404,0.1169122886525411
1567,0.013626604659568296,0.183923135638775,0.19434537835377108,0.0005350613554163019,0.1169494682593189
1568,0.013626030791679353,0.17721549576878262,0.1938516732776381,0.0005351919791495812,0.11693409253760054
1569,0.013625241021872408,0.17090407768992666,0.19429558047358308,0.0005353344456640944,0.11689143880308961
1570,0.01362423667923177,0.1654010303696155,0.19561526210039698,0.0005354766851602087,0.11684505460341985
1571,0.013623080082911418,0.16106108634869798,0.19759638313592465,0.0005356250163106796,0.11679412947155325
1572,0.013621930427352548,0.1579509245501889,0.20001768926464433,0.000535769269542263,0.11677953411391062
1573,0.013620913089242355,0.15618833484355638,0.20273747632328498,0.0005358956598069006,0.11682442010665482
1574,0.013620018765015868,0.15592520333037257,0.20561029872757153,0.0005360160172740782,0.11687900855084056
1575,0.013619167857456689,0.15704735248340906,0.2085123233812309,0.0005361131894592997,0.11693193901039894
1576,0.01361825093884734,0.15938801007240205,0.2113190086578815,0.0005361764854885917,0.11697037831503185
1577,0.013617245710153296,0.16262799183924942,0.2138424823155908,0.0005362462809641289,0.11693697780114537
1578,0.013616257907187446,0.1665349691453775,0.2159148633005496,0.0005363162824373694,0.11684265562023259
1579,0.013615382485456027,0.1708703789411007,0.21747722543009612,0.0005363687320431727,0.1167621715892707
1580,0.013614697122394454,0.17542593685507804,0.21855190656350473,0.0005364272018342098,0.11672435750195158
1581,0.013614321139981851,0.1801307206913899,0.21907779837450722,0.0005364387923730705,0.11670978066941616
1582,0.013614300760736704,0.18485991453400788,0.21899339958142847,0.0005364299470725857,0.11675169572100559
1583,0.01361463982421258,0.1894026081383285,0.21834449650688992,0.0005363880790361495,0.1168115799894415
1584,0.013615303774293033,0.19350273755573189,0.2170808865304869,0.0005363283354207803,0.11681783911252716
1585,0.013616271493353677,0.19688862098908327,0.21513992803726933,0.0005362427411621933,0.11677502328433906
1586,0.013617471654015504,0.19946850209129163,0.21255598029422373,0.0005361497477929518,0.11674139352393571
1587,0.013618922568068513,0.2010676287569769,0.20953867453987587,0.0005360657216412666,0.11672300749520975
1588,0.013620657019522336,0.2014575422565042,0.20622169616624314,0.0005359848737440594,0.11668913691009754
1589,0.013622608849652638,0.20042473534429003,0.20274728506839235,0.0005358828543006042,0.11670762251060081
1590,0.013624604982503653,0.1981341128447024,0.19933973414838688,0.000535780918937781,0.11679849210094106
1591,0.013626550905608444,0.19488136858246757,0.19624265740121669,0.0005357002812425118,0.11686964418024681
1592,0.013628346642488671,0.19081436902761717,0.19352964717298704,0.0005356145104141916,0.11687282121187141
1593,0.013629844222074278,0.18607419740590295,0.19125381515371984,0.0005355422597793306,0.11688228052296568
1594,0.01363097556584315,0.1807598681747656,0.18955131591337523,0.0005354854043396264,0.11693359004777414
1595,0.013631768732189554,0.17503681716004543,0.18854305019894932,0.0005354493925311562,0.1169774641146243
1596,0.013632295048492494,0.16902256566219026,0.18833898694549372,0.0005354263670029504,0.11700990364598762
1597,0.013632518334202877,0.16296656178677582,0.189096852290687,0.0005354172106034348,0.11702815073742043
1598,0.013632412303024859,0.15724138873381602,0.19080751782987881,0.0005354359774390247,0.11701577837579444
1599,0.013631974739837516,0.1523340948517353,0.19338831202822032,0.0005354822092691654,0.11694165303935856
1600,0.01363127298476693,0.1484098985562344,0.19659419011400714,0.000535554934960564,0.11687927021595808
1601,0.01363035237426139,0.14537187737161528,0.20015678079700955,0.0005356260715248431,0.1168845498310764
1602,0.013629219849082377,0.1433518044430915,0.20389453679729583,0.0005356882492795575,0.11691387948399179
1603,0.013627907602542852,0.14245093563639413,0.2075746238725638,0.0005357317064431131,0.11693978664895993
1604,0.01362648194104132,0.14275003211478415,0.21113920727785712,0.0005357741588411709,0.11697825374125365
1605,0.01362503826309813,0.14435878672195823,0.21458402311569777,0.00053581209189577,0.11697728118053849
1606,0.013623610386458887,0.1471418901005653,0.21774030554780555,0.0005358320694947999,0.1169062610916107
1607,0.013622164198029646,0.15077332091277565,0.22045972634256372,0.0005358688674588382,0.11683942996053853
1608,0.013620721258465694,0.15504940231694414,0.2226954916292657,0.0005358907789162231,0.1167963455206547
1609,0.013619421416690654,0.15992795555578368,0.22435536523023628,0.000535879390171309,0.11676024267697221
1610,0.013618411610047012,0.16523437499395338,0.22535622018675242,0.0005358490538173151,0.1167208609145864
1611,0.013617773798563049,0.1705500221996694,0.22569052450717533,0.0005357752771157487,0.11672460758921406
1612,0.013617524817278681,0.17551199022956104,0.22546005515794973,0.000535696501810429,0.11673245985905185
1613,0.013617553466378014,0.1799399294873501,0.2245919546238473,0.0005356184033555934,0.11672568898392316
1614,0.013617711331726507,0.18383476029314982,0.22298721597351875,0.0005355269738892579,0.11673963365222961
1615,0.013617987780700067,0.18726769026883403,0.2206864263144821,0.0005354526674784924,0.11678780782690469
1616,0.013618476144338705,0.1901031544157084,0.2178502410380225,0.0005353703103310407,0.11681243213797071
1617,0.013619245830248839,0.19210311840775904,0.2147483274472613,0.0005352891891712424,0.11682241709460144
1618,0.013620257408999295,0.19302284702997755,0.2115264081157616,0.0005352085388639859,0.11684479062266392
1619,0.013621388162071493,0.19273667909280828,0.20837668623967587,0.000535138512166293,0.11684071976135586
1620,0.013622553028229241,0.1912474718324414,0.20547604312473233,0.0005351049218849419,0.11682245877609265
1621,0.013623793356693083,0.18876133890229507,0.20303857779450146,0.000535098884883247,0.11683770019179467
1622,0.013625156551358071,0.1854846528476792,0.2012086918855064,0.0005350932893056458,0.11688971134998415
1623,0.013626579554699382,0.18144088788145052,0.20004433083430914,0.0005350680776767113,0.11693254801858088
1624,0.013627796255044393,0.17669483261382657,0.19955728629246575,0.0005350237839091606,0.11696763893569537
1625,0.013628467884265565,0.17156282470652598,0.19993722170602207,0.0005349725282508143,0.11700079862520994
1626,0.013628429193222024,0.16649221773367837,0.20135351286105052,0.0005349893360035966,0.11699738771579167
1627,0.013627832435593486,0.16173293387141102,0.20384208110488408,0.0005350558523278021,0.11692010850377824
1628,0.013626910348329468,0.15749060797177372,0.20723668524932817,0.000535150064868714,0.11684343598464529
1629,0.013625826113124094,0.15389099325875022,0.21138209394365337,0.0005352429783613194,0.11683552350820908
1630,0.013624615319804594,0.1508924001745519,0.21602755997931478,0.0005353395745931496,0.11687083904056364
1631,0.013623338958465825,0.14854707441520845,0.22088281701603404,0.0005354366626975002,0.11691762615828248
1632,0.013622094938114185,0.14709725023697773,0.22563861558161533,0.0005355140086292116,0.11696829425630836
1633,0.013620968024612346,0.14687823453813575,0.23022537654167338,0.0005355807477673422,0.11698179200977307
1634,0.013619924400223098,0.14792610506624196,0.234552089969769,0.0005356199714624952,0.1169242766212252
1635,0.013618866598970946,0.1501086341249341,0.23844366540805012,0.0005356414499040169,0.11685056809633183
1636,0.013617736288929648,0.15325699900007012,0.24179838959294148,0.0005356587243051064,0.11680490173917492
1637,0.013616670217831707,0.15714843576797227,0.2445305043331788,0.00053568177085353,0.11675818872154795
1638,0.013615833339461264,0.16156381246730434,0.2465138514095216,0.0005356662411290754,0.11673205925664117
1639,0.013615407294985,0.16643539548684846,0.24777316621002846,0.0005356392007423964,0.11674794673073954
1640,0.013615618028248332,0.1716226328178197,0.2483870550693499,0.0005355903918356214,0.11676486002489932
1641,0.013616502310522216,0.1769784667967482,0.2482699617010129,0.0005354790478309093,0.11674429499694937
1642,0.013617762279860364,0.18233964908000766,0.24746592550320565,0.0005353259997472678,0.11670818057541185
1643,0.013619055623904823,0.1875021077231884,0.24608663320684238,0.0005351674990235534,0.11667448597747025
1644,0.013620245742614048,0.19221573039508777,0.24410053435046855,0.0005350246835735699,0.11664962778861056
1645,0.013621383288765164,0.1962733735480763,0.24154731719130115,0.0005348921722263666,0.11666374149717242
1646,0.013622590390188472,0.19972520721765888,0.2387199508160034,0.0005347859571507096,0.1167628269098837
1647,0.013623858629364017,0.20243082596578837,0.23580121975904092,0.0005346878558726306,0.11686623558646694
1648,0.01362502807347136,0.2041022690307588,0.23296245764656856,0.0005346184597809907,0.11691114242029373
1649,0.01362598028658479,0.20465188232016304,0.23033118544712317,0.0005345684611307545,0.11690501760322443
1650,0.013626704045341565,0.2041738933089104,0.22819078786239652,0.0005345267822760387,0.1168999880750316
1651,0.013627267575929568,0.20269627419969294,0.22682564505772976,0.0005345141449312449,0.11689860101807537
1652,0.013627619044161538,0.2001556499379022,0.22637927387827128,0.0005344999815197457,0.11690194708995537
1653,0.013627690076192205,0.19679417781389583,0.2268337199086616,0.0005344906065103007,0.11692311186387062
1654,0.013627478899897972,0.19299569932670588,0.22822784491883014,0.0005345149058625997,0.1169171514561169
1655,0.013627056104278603,0.18887657831767155,0.23051479531455915,0.0005345463100429834,0.11685581992446328
1656,0.013626422427721732,0.18458771747458105,0.23363641889697215,0.0005345756079990355,0.11680644857383297
1657,0.01362548837872413,0.1805249876119017,0.23758152460901896,0.000534601786557506,0.11681478944000372
1658,0.013624220877927825,0.17687801754839266,0.2422211201013582,0.0005346705562470889,0.11684376017132571
1659,0.013622752981169127,0.17349105462076225,0.2473425087552218,0.0005347255871332832,0.11689350202106748
1660,0.013621226604818416,0.170535019490276,0.2526872596466941,0.0005347685692403012,0.11699196916304322
1661,0.013619665081646186,0.1683993539321854,0.25806064103302456,0.0005347994100792807,0.11705668844806806
1662,0.013618035775308577,0.16729420310783386,0.26329997799174826,0.0005348279765324263,0.11700210463515912
1663,0.013616333517167713,0.16731412435433174,0.2682647489980583,0.0005348754947988862,0.11688690481747101
1664,0.013614716024889522,0.16855582993114088,0.2728541470105724,0.0005349245349278168,0.11676728216413362
1665,0.013613423419215906,0.17091935612397785,0.2768455741722625,0.000534972418945969,0.11666275735826524
1666,0.013612643248339058,0.17410950858893492,0.2800941707357668,0.0005349765094770825,0.11663495138429783
1667,0.01361236990055662,0.17791016155211675,0.2825377995105171,0.0005349309629054174,0.11669026924885147
1668,0.013612399288026796,0.18228743054639937,0.28416046683602625,0.0005348581825613571,0.11675530808927992
1669,0.01361253337759068,0.18710392428643038,0.2849496031265909,0.0005347595515740792,0.11677105431044671
1670,0.01361270143257434,0.19216051452745317,0.2850586851190394,0.000534665519806896,0.1167542869004953
1671,0.013613001657332507,0.19750306464838527,0.2844994289178759,0.0005345923022427379,0.11672287550483179
1672,0.013613577740359166,0.2030742407934474,0.28327224117843497,0.0005345373091927442,0.11668573063195607
1673,0.013614554762993175,0.20850344128412307,0.2813571033983447,0.0005344842205731355,0.11669071153241639
1674,0.013615899055163095,0.21358103354278013,0.2788714830511762,0.0005343904662725392,0.11675259418162888
1675,0.013617436359519817,0.21823376224697372,0.276062494822465,0.0005342866559077792,0.11682288716582719
1676,0.013618946048513178,0.22226985354418885,0.2732757251109441,0.0005341802474461671,0.1168671363630656
1677,0.013620251354291221,0.22537866055676478,0.2708244192415809,0.0005340876492565881,0.11689497707160904
1678,0.013621185993993892,0.2274176695859878,0.26880681916451254,0.0005340444821718455,0.11691032037472676
1679,0.013621762815399788,0.22839712080630872,0.2673135514070304,0.0005340203846132541,0.11688716648258853
1680,0.01362206820880423,0.22815659658025667,0.26646689158714343,0.0005340144611206391,0.11686116669275827
1681,0.013622224892759374,0.22672440873645458,0.2664295990609575,0.0005340104378541745,0.11688753466639856
1682,0.013622202593724847,0.22437463092191695,0.26728626296797786,0.0005340102276522366,0.11693402538442386
1683,0.013621944013518779,0.22131512544620985,0.2690322736111282,0.0005340186693650673,0.11692673812597536
1684,0.013621428477539284,0.2176693739698448,0.27161877289323266,0.0005340404673133724,0.11687523408888907
1685,0.013620670014991893,0.21356955198303818,0.27509482636140165,0.0005340841094548915,0.11682542508597063
1686,0.01361976003713563,0.20933419192633823,0.27938156138156206,0.0005341380388824911,0.1167745578447271
1687,0.013618804870513642,0.2051207800748241,0.2843061575719622,0.0005341741431798235,0.11672344514749788
1688,0.013617838923559812,0.2011290638020498,0.28980106253697824,0.0005341892567043977,0.11671781124206296
1689,0.013616819074963567,0.1975442753685539,0.2957219403671546,0.0005342036345218306,0.11677394883654516
1690,0.013615595729213807,0.19454328549823394,0.3016188515102593,0.0005342137031982205,0.11684113425759696
1691,0.01361410907763421,0.19230097556317238,0.30728944955459275,0.0005342314316356298,0.11686195631938762
1692,0.013612506057584052,0.1911412568642101,0.31256238388923774,0.0005342584636140785,0.11684077765197892
1693,0.013610969491606568,0.19120230847345,0.3173053558608453,0.0005342783613364723,0.11680779626527336
1694,0.013609642920521574,0.19234838220948883,0.321424443080825,0.0005342865844391346,0.11676120134419395
1695,0.013608579359909685,0.19446894245041235,0.3249679226600585,0.0005342844740108074,0.11675515062687954
1696,0.013607881887431963,0.19744701097704045,0.3278845563370576,0.0005342730936741237,0.11674527913585653
1697,0.013607626408417017,0.201074341981541,0.32994566899058003,0.0005342577867635944,0.11671857308136846
1698,0.013607818386867846,0.20519845116876892,0.33108913406469226,0.0005342195594261866,0.11667745691896199
1699,0.013608341158957158,0.20992940214030892,0.331392509613459,0.0005341559186654199,0.11661897360097576
1700,0.013609060782786842,0.2153572462298471,0.33085679451653704,0.0005340965492097345,0.11657465261928388
1701,0.013609949643010323,0.221166276680148,0.3295131181524568,0.0005340207167325025,0.11658141654749735
1702,0.013611088075214847,0.22707564043653142,0.3275232128632463,0.0005339303172561172,0.11664300048205184
1703,0.013612447577992038,0.23289924296701983,0.32502794809278107,0.0005338276335741653,0.11670941480124453
1704,0.013613833957753353,0.23832548920250016,0.32215689051451674,0.0005337193038661854,0.11676797221932263
1705,0.0136150509534467,0.2430680265528955,0.31921468281283993,0.000533614286941742,0.11677530579020219
1706,0.013616017343423036,0.2469954213881546,0.31662720253609844,0.0005335326907254062,0.11673531038835763
1707,0.01361675557439945,0.24999022530953707,0.3146629636031692,0.0005334916929254092,0.1166901117864511
1708,0.013617327079476509,0.2516575080328836,0.31333485007813217,0.0005334732413928458,0.11673743612823538
1709,0.0136176308484567,0.25190669031246704,0.3127500816289962,0.0005334555886280769,0.1168262587097296
1710,0.013617563360648054,0.2509692406200212,0.31311604466267173,0.0005334691214335231,0.1168649457856496
1711,0.013617187673592181,0.24902968301339617,0.3145151080342492,0.0005335086730436898,0.1168435841841551
1712,0.01361668498539968,0.24619580707366043,0.31673177199988617,0.0005335655915440471,0.11681987222754278
1713,0.013616171073861228,0.24264428085885084,0.3195788623981467,0.0005336098937198284,0.11678818295729296
1714,0.013615644757558287,0.23847716655602041,0.32316625633093415,0.0005336556631054187,0.11675158225539788
1715,0.01361505065808997,0.23369352553000733,0.3274535041428986,0.000533697350368126,0.11674863678592855
1716,0.01361429455835446,0.22851438197425916,0.3322773166502793,0.0005337513470606134,0.11676356096152839
1717,0.013613291987820636,0.2233444364840189,0.33762292766303875,0.0005338061677448697,0.1167503549764804
1718,0.013611995542585057,0.21856963997701837,0.3434778956736433,0.0005338628634310628,0.11671434938893684
1719,0.013610406256366902,0.21430218433840467,0.34959039594564606,0.0005339113822590248,0.11668866683920875
1720,0.01360869602373698,0.2107436907017048,0.3555806872932414,0.0005339744554741526,0.11667444661195439
1721,0.01360714454250896,0.20820314319434724,0.36111958600566835,0.0005340172610114376,0.11667594250290458
1722,0.01360594940282763,0.2067569710396189,0.36603144167608165,0.0005340421321133712,0.11670156253106977
1723,0.013605165687720366,0.20634489840975176,0.37027066974995576,0.0005340291458331071,0.11672118741724219
1724,0.013604707745279478,0.20709956812878214,0.3737505124411347,0.0005339784619243953,0.11672332241967352
1725,0.013604530534405017,0.20899551081367715,0.37649616473835845,0.0005339198576040605,0.11670941943252133
1726,0.01360464808428572,0.211741960974782,0.3784061980084801,0.0005338567885929284,0.1166768201234562
1727,0.013605113853541495,0.2153600839003128,0.3793823401234122,0.0005337747551562557,0.11661551174784963
1728,0.013605931829408476,0.21993473641246092,0.3793609712875621,0.0005336739086400399,0.11658125445415715
1729,0.01360696984212055,0.22534328234577866,0.37851965390653464,0.0005335582260655976,0.1166038387036293
1730,0.013608102219625393,0.23137525496421044,0.37705941762351247,0.0005334510734888527,0.11664459362914095
1731,0.013609209344570364,0.2377347598938524,0.3750966028686329,0.0005333594632487885,0.11665437481127722
1732,0.01361020556505617,0.24396910498774987,0.3727604757619669,0.0005332693202187723,0.1166986703209467
1733,0.013611006262860732,0.24965601953155622,0.3701841661166526,0.0005332087484076385,0.11676135417498054
1734,0.013611576734210215,0.25450843794529776,0.36763367587274115,0.0005331957621273743,0.11678182889404376
1735,0.013611902654550763,0.25853057879247426,0.3653563898896107,0.0005332085718379054,0.11675100798145499
1736,0.013612110286622976,0.26157707643895234,0.36360286243078466,0.0005332310928811256,0.11674281763076941
1737,0.013612368276123974,0.26339080574479795,0.3625888865265352,0.0005332526007508566,0.11677417345178523
1738,0.013612708816358328,0.263895140341157,0.3624520107427798,0.0005332549297891133,0.11676506148409234
1739,0.013612966362836822,0.26319900912837335,0.363299052859966,0.0005332535508639318,0.11674287552139247
1740,0.01361294568823494,0.2613465707841251,0.3651586458790369,0.0005332604118576345,0.11674424868451831
1741,0.013612564389493502,0.2584422929899956,0.36791422114082206,0.0005333001820779696,0.11672473031703841
1742,0.01361190575573349,0.2546741132342553,0.37146027619877864,0.0005333371271832928,0.11665389547783485
1743,0.013611090585700899,0.2499596282083442,0.3755866770980022,0.0005333563060147671,0.11660402858429335
1744,0.013610227273385627,0.2444743275860361,0.3801156016230503,0.000533353308534018,0.11661905696328427
1745,0.013609348602788918,0.23853454089663653,0.38490576041248675,0.0005333484864997588,0.11666027501276949
1746,0.013608401853678492,0.23241098935588095,0.38989174976117497,0.0005333251666887442,0.11668123138091348
1747,0.013607258105145133,0.22627575465491326,0.39524429390116317,0.0005333090778268813,0.11669578042612506
1748,0.013605845143756425,0.22043168609082606,0.4008730501306037,0.0005333239517213084,0.11667319154571308
1749,0.013604227503804066,0.21535456159496466,0.40640593467138886,0.0005333400742153762,0.11663636622857793
1750,0.013602575012378526,0.21129551094439067,0.4116426170198776,0.0005333425167627128,0.11661461791816617
1751,0.013601076103717007,0.20827982704997788,0.4164169028965274,0.0005333411756739709,0.11664527905271618
1752,0.013599867968566123,0.20642969839366504,0.4203869864986097,0.0005333436182213075,0.1167026670821629
1753,0.013599038473988061,0.20578175017459552,0.4234651305255093,0.0005333198149457638,0.11675042444495849
1754,0.013598567240729283,0.2064436019544404,0.42589038448407274,0.0005332809191656245,0.11678247495210314
1755,0.013598401400883336,0.20843357469276333,0.42768496452072047,0.0005332352254526745,0.11679170733198198
1756,0.013598535047424717,0.21159515220182573,0.42861752738768955,0.0005332194560978338,0.11676746046694263
1757,0.013598998601542777,0.2157133100999136,0.42861836998709774,0.0005331875684529212,0.11670649943473745
1758,0.013599838728770115,0.22071550213932004,0.4278183398859403,0.0005331438548429964,0.11663642643450241
1759,0.01360112099714279,0.22660959426081703,0.4264723040496582,0.0005330938099483291,0.1166148726363685
1760,0.013602787960787968,0.2331348191029629,0.4246625274544188,0.0005330035660212202,0.11664768961409544
1761,0.013604657240184916,0.23980300106576966,0.42253263298104426,0.0005328944249336975,0.11668916932869818
1762,0.013606454749171958,0.24636651228840795,0.4202754795499062,0.0005327823199976306,0.11670320893750513
1763,0.013607987770935814,0.25261580657445826,0.4180301514457463,0.0005326624922396522,0.11672118741724219
1764,0.013609077027121688,0.25803179408883253,0.41596404747856425,0.0005325720002741657,0.11675179992372274
1765,0.013609634503001617,0.26230934516185866,0.41427804472416535,0.00053250392425105,0.11675931179741131
1766,0.013609648532198747,0.2654022387213581,0.41333500484087904,0.0005324889915004434,0.11671613936394216
1767,0.013609273878870452,0.267110809158969,0.4132986625335097,0.0005325101378224779,0.11667709799770556
1768,0.013608749039325988,0.2671585502472559,0.4142402173084487,0.0005325348912113356,0.11669174893033285
1769,0.013608188757603275,0.26562190440302685,0.4161565050622994,0.0005325487687480176,0.11667506025141314
1770,0.013607576198670791,0.26288629043485773,0.41894907220989824,0.0005325436776554021,0.11664704587133749
1771,0.013606882861120162,0.25911594923150133,0.4224093553918511,0.0005325557558627875,0.1166608840212884
1772,0.013606110221693076,0.2544276780548662,0.4262926776288405,0.0005325645296946277,0.1166799114771339
1773,0.013605266697917884,0.24910708797925304,0.43045549120048276,0.000532562444490753,0.1166611225300219
1774,0.013604314484812849,0.24321562769438543,0.4348552783256843,0.0005325462715480194,0.11665851050978658
1775,0.013603133817342763,0.23682499773338356,0.43935590040024436,0.0005325191891211438,0.11666719640338334
1776,0.013601664443825589,0.23026439556639863,0.44392740288692956,0.0005324900677345857,0.1166376050856874
1777,0.013599995412725259,0.2239900432105294,0.4485752628682959,0.0005324703213577115,0.11662346590510314
1778,0.013598298323230666,0.218303790693094,0.45319456945107156,0.0005324571500999618,0.11666397537496609
1779,0.013596736061670804,0.21334954777708065,0.4575572705873374,0.0005324816932866427,0.11667501857025889
1780,0.013595397233503888,0.20929869624044753,0.46138161474707867,0.0005325059295782887,0.11662369978289681
1781,0.013594354642842216,0.20642353298118565,0.46447275436226354,0.0005325046725704175,0.1166147267524971
1782,0.013593631917821411,0.20486894754286428,0.46680932220563043,0.0005325046725704175,0.11665948075486333
1783,0.013593246484161275,0.20472290246755634,0.4684464774353536,0.000532529884199352,0.1166980728906198
1784,0.013593171317211909,0.20606094701437813,0.4695390640692212,0.0005325693559328825,0.1167246214827075
1785,0.01359335074323248,0.2087835006229233,0.4701122170134639,0.0005326095801895375,0.11673068377787693
1786,0.013593859929147167,0.21273611814391563,0.47010231608863695,0.0005326627024415902,0.1167370262632711
1787,0.01359485600195041,0.21775296140047,0.4693990271783241,0.0005326961792136224,0.11670576075181595
1788,0.013596297021724985,0.22378488565138405,0.468065679660913,0.0005327019976053877,0.11668069647248645
1789,0.013597858249548877,0.23060285654804613,0.46625746091260134,0.0005326871279151954,0.11668964866247752
1790,0.013599207562699297,0.23790707657307097,0.4641611978191918,0.000532673532049096,0.11668547822939215
1791,0.013600304645700058,0.24543709597019317,0.46198823942611916,0.0005326907139615621,0.11667594250290458
1792,0.013601348565437644,0.2527609896582692,0.46011427253174336,0.0005327223115276618,0.11674786568406943
1793,0.013602494676782886,0.25927863027384945,0.45877874708481364,0.000532733746517007,0.11683032262412245
1794,0.013603615387902482,0.26471757746180385,0.4581388878528736,0.0005327133148816573,0.11679403684669114
1795,0.013604409735659025,0.2690388304057123,0.4581067601097109,0.0005327145424613192,0.11672536016596595
1796,0.013604733736210194,0.27200661267421444,0.45864437108360695,0.0005327333177049007,0.11668206268869709
1797,0.013604599351297972,0.2734115130713674,0.45978382440960724,0.0005327670425153105,0.11666847462600867
1798,0.013604133582042197,0.27319844472435306,0.461621587814356,0.0005328130431232954,0.11663549092366471
1799,0.013603534756958507,0.27143036986408786,0.4642611278208012,0.0005328894389419316,0.11662253039426543
1800,0.013603102510091605,0.2681852481240694,0.4677400725867903,0.0005329441503211037,0.11662869457685057
1801,0.013602976838047676,0.26366387466216373,0.47181367574277483,0.0005329459748746136,0.1166235307426414
1802,0.013603005487138614,0.2581779810725363,0.4761007996478536,0.0005328831875340641,0.11662002720836102
1803,0.013602821778525178,0.2519021429400726,0.48034416949902714,0.0005328086456973859,0.11662229420117032
1804,0.01360219430435055,0.24506151204059853,0.48436942482146306,0.000532751769237464,0.11658554298379006
1805,0.013601188189594705,0.23804287723653392,0.4880439563426677,0.0005326911722018777,0.11654176848871722
1806,0.01360012684412053,0.23118068513243495,0.4915774549459744,0.0005326459283212518,0.11656943552572845
1807,0.013599317728796011,0.2247128001920081,0.49513050102930223,0.0005326169372599956,0.11661578035988235
1808,0.013598820504606516,0.2189467155499037,0.4986140275084493,0.0005325707348580642,0.11660838889837973
1809,0.013598428573224193,0.21419133743518184,0.5018342874600149,0.0005325053704408803,0.11659876749394527
1810,0.013597995883334784,0.2106634323302299,0.504600089778641,0.0005324385177936697,0.11664220853978409
1811,0.013597554923599587,0.20859791047981058,0.506676042215474,0.0005323944678605007,0.1166626554711865
1812,0.0135972186659581,0.208224486153035,0.5078995489436606,0.0005323569425975515,0.11660273646817458
1813,0.01359704145508364,0.20932881731753739,0.5084201130430188,0.0005323290866270949,0.11654303050221071
1814,0.013597133014033626,0.21161213583859523,0.5083648200143752,0.0005323244495707994,0.11652826147303587
1815,0.013597618719512043,0.215013911640765,0.50784422490999,0.0005323080916503412,0.11653578724021789
1816,0.013598442454738761,0.21953257141022053,0.506902195198238,0.0005322539015721378,0.11656057364496107
1817,0.013599386398006402,0.22504409061664954,0.5057019312066559,0.0005322025282009547,0.11667273999959454
1818,0.013600366964862432,0.23154294522268898,0.5043532720979296,0.0005321722927438147,0.11676270649769774
1819,0.013601352552682171,0.2390194940510354,0.502793446789892,0.0005321319465698492,0.11674619843722543
1820,0.013602216308036739,0.2469489599183765,0.5011286229557145,0.0005320711981889823,0.11669528256757547
1821,0.013602802728355942,0.2547573914136543,0.4996973405200892,0.0005320035719981906,0.11668297735878919
1822,0.013602999137082203,0.2619391720260745,0.4987913577774629,0.0005319681361433509,0.11667704473835931
1823,0.013602728152111646,0.26812155739165455,0.49856576377163525,0.0005319392417749526,0.11667351573239348
1824,0.013601980617570264,0.2731098851668798,0.49913420857456164,0.0005319426302313687,0.11671578738960094
1825,0.013600917795337612,0.2769135058446225,0.5004963172801655,0.0005319880212535184,0.11678977147310526
1826,0.013599689576281522,0.2793729485046376,0.5025466189495283,0.0005320398780894695,0.11679587313379054
1827,0.013598465492152524,0.280250250870709,0.5051938224763082,0.0005321048599387391,0.11674600392494762
1828,0.013597426445712876,0.2793630024846894,0.5084955907336401,0.0005321511590335286,0.11670935459498308
1829,0.013596718488260046,0.27683898586545647,0.5122066806239657,0.0005321750926343742,0.1166777255309947
1830,0.01359632035449548,0.27289980315358436,0.5161179622678473,0.0005321653939136723,0.11661633147744123
1831,0.013596005214486773,0.2678149616259087,0.5202302629023273,0.0005321361506100427,0.1165619468080869
1832,0.013595509614729924,0.2618039908579516,0.5244155082692937,0.0005321007357754206,0.11654795582768637
1833,0.013594786889709118,0.25510702856661305,0.528297030037252,0.0005320832049277232,0.11657218879889532
1834,0.013593994018711052,0.2481812462916788,0.5317306025589347,0.0005320408954671935,0.11662843754300986
1835,0.013593276905367421,0.24140518821554308,0.5348447975205105,0.0005319905815139307,0.11668471175880984
1836,0.013592631710099471,0.2348204814306827,0.5377308532058627,0.0005319084009359731,0.11670391057054917
1837,0.013591995670722322,0.2287013141125778,0.5403390828406376,0.0005318379159979646,0.11668077288787974
1838,0.01359135180453868,0.2234160547303286,0.5426871401363069,0.0005317888422365901,0.11664350760281807
1839,0.013590819728884398,0.2191703885215012,0.5446645107593034,0.0005317559119897401,0.11662508683985305
1840,0.013590513449418156,0.21622368965115696,0.545974200804552,0.0005317477603557223,0.11665797328572114
1841,0.013590541064781516,0.21470804391934603,0.5464990987936316,0.0005317307802374417,0.11670873632424754
1842,0.013590956476608504,0.21465725385278497,0.5462754525427952,0.0005317330167868361,0.11675304109647061
1843,0.013591722765979178,0.2159481199925495,0.545445120180023,0.0005317338029424044,0.11674770590636763
1844,0.013592678670980405,0.2184703656911898,0.5441245517832014,0.000531721867672308,0.11669787143176374
1845,0.013593669279780644,0.22234535866915356,0.5424720503561069,0.000531728547892043,0.11667834380173024
1846,0.013594661660687696,0.2276275317945329,0.5407260640889416,0.0005317550711817492,0.11669349722418391
1847,0.013595677226682682,0.23416704670056432,0.538926214531514,0.0005317595653007557,0.11671109594191893
1848,0.013596645093425888,0.24162861900919091,0.5371654648275518,0.000531774582132233,0.11675082273173076
1849,0.01359744977848337,0.24964652348902935,0.5355581763558332,0.0005317818929582598,0.11680854652638686
1850,0.013597974470353666,0.2577758125780709,0.5342617604967461,0.0005317895443112876,0.11683384236753468
1851,0.013598147103278528,0.26553039612474943,0.5334979544765304,0.0005318024002662498,0.1168043899871319
1852,0.013597943753799182,0.27242090619605375,0.5335098496369642,0.0005318358644262948,0.11676680283069124
1853,0.013597422901499246,0.2781998677532567,0.5344472317648916,0.0005319049494191431,0.11672911147153343
1854,0.013596686590303818,0.2827759669447881,0.5360968432914979,0.0005319759556581202,0.11668153935846205
1855,0.013595904942660098,0.2859542176874026,0.5382970759887551,0.0005320517502989127,0.11666376696919482
1856,0.01359524630890848,0.28762345379304943,0.5411104161316643,0.0005320969016906762,0.11668494795224192
1857,0.013594767101160645,0.2878491657286136,0.5444434867425775,0.00053211679941307,0.11668891229485746
1858,0.013594450632067632,0.2866518949206828,0.5479676549591199,0.0005321019339268733,0.11666918089032952
1859,0.013594197220516229,0.2841038443679003,0.5515494206075482,0.0005320544619048446,0.11664826388803833
1860,0.013593850477899632,0.28030457688960536,0.5551443448101633,0.000532014376381483,0.11661440256547971
1861,0.013593355764204583,0.27545221904401535,0.558556145589432,0.0005319788648540029,0.11657079016408403
1862,0.013592801684864113,0.26966691114525687,0.5615006743974377,0.0005319541072611494,0.11655694043594114
1863,0.013592320557335294,0.26324020714441554,0.5639754230455478,0.0005319193230325802,0.11658967405135959
1864,0.01359189170700785,0.25645449319906083,0.5660482076661132,0.0005318629216291958,0.11663910560791439
1865,0.013591437013440648,0.24972970755356863,0.5677046120303127,0.0005318016981915524,0.11668572600067927
1866,0.013590982319865053,0.24349745025436875,0.5690345269384459,0.0005317652449589887,0.11673457633637598
1867,0.013590707938355038,0.2380348303686999,0.5700514481531918,0.0005317493326668589,0.11674055063796011
1868,0.013590702474352033,0.2333605338359322,0.5705956302818446,0.0005317178233856257,0.11674300519613202
1869,0.013590981138454913,0.2295761611564723,0.5706313917478997,0.0005316804242439826,0.11678446638596453
1870,0.013591511146654044,0.2269761949611886,0.570196262360237,0.0005316401747628752,0.11677485424408365
1871,0.013592221909941263,0.22559595307014507,0.5692113480981498,0.0005316072319037989,0.11675541923891226
1872,0.013593053619657038,0.2254288985315536,0.5676002032555489,0.0005315791615274087,0.11673951787132046
1873,0.013593985896547827,0.22666816967508885,0.565477521981934,0.0005315602643667558,0.1167222757588665
1874,0.013594993192705417,0.22934026757244266,0.563152800357866,0.000531536124767968,0.1167191751426352
1875,0.013596098397869405,0.23332241755539593,0.5608231687553478,0.0005315176858476308,0.11668572368504086
1876,0.013597269318735226,0.23862391693188542,0.5585895592327803,0.0005314941558344392,0.1166774731284308
1877,0.01359832859675425,0.245166282629401,0.5566003992875745,0.0005314539315777842,0.11673029938493507
1878,0.013599001112028828,0.25258463590652475,0.5550374207358391,0.0005314290100276628,0.11681572726647983
1879,0.013599146129598724,0.2603108059855266,0.5539139392777477,0.000531433588227301,0.11688209295760306
1880,0.013598784619405759,0.26793659192381414,0.5533202435651909,0.000531461566114829,0.11688859522069903
1881,0.013597971369162545,0.27520885693401664,0.5535077974129041,0.000531501773555501,0.11682963951584865
1882,0.0135967077079366,0.2817200555323546,0.554577326557437,0.0005315562032638516,0.11676008521490881
1883,0.013595146332438537,0.28710101377024555,0.5564131343271816,0.0005316353569328508,0.11673130436425087
1884,0.013593540654219763,0.291457062239342,0.5588803556975769,0.0005317288926232787,0.11675381682960652
1885,0.013592115435740739,0.29474658858822367,0.5617870196725768,0.0005318035143370707,0.11676039087681898
1886,0.013590953670774114,0.29682743153906394,0.5647576395705247,0.0005318597265584959,0.11676042097978123
1887,0.01359011472494852,0.29755947353036943,0.5676690569813815,0.0005318912946963864,0.11678603406136819
1888,0.013589546764085088,0.29690806621590893,0.5705618365117558,0.0005319000895486832,0.11677055876753553
1889,0.01358912751268774,0.294894084414962,0.5732876532190077,0.0005318783672727795,0.11669245056337689
1890,0.013588786677105051,0.29152875555338453,0.5757344865521217,0.0005318158447868296,0.11664357938727153
1891,0.013588471094065444,0.28704284451342293,0.5778117761140567,0.000531751686929329,0.11667104959636654
1892,0.013588192134614227,0.2817409694226637,0.579476640643454,0.0005316618171619039,0.11670403792965033
1893,0.013587952604577392,0.2758007595094282,0.5806315988551244,0.0005315478792643354,0.11668312555863596
1894,0.013587787355436518,0.2696176216338064,0.581273993676933,0.0005314416431684608,0.11668512857068933
1895,0.013587816595232524,0.26364611876837096,0.5815147007107302,0.0005313581635419576,0.1167206177745761
1896,0.01358807547078693,0.2581807913650858,0.5813617529510066,0.0005312868251837321,0.11673440729612057
1897,0.013588518054946378,0.2533898933686305,0.580746313130621,0.0005312307012471734,0.11674129626813377
1898,0.013589139622095495,0.2492912883940429,0.579679166289202,0.0005311698603772053,0.11677794791339975
1899,0.013589969559704457,0.24584830094930593,0.5782344858613251,0.0005311235444664328,0.1168256612794027
1900,0.013591069596222171,0.24333433221061182,0.5763157730559467,0.0005310751391473118,0.11684684226278677
1901,0.01359235215993479,0.24214087392554187,0.5739035950819592,0.0005310215460429564,0.11681957351254782
1902,0.013593561328821644,0.24247977624870481,0.5711491662660856,0.0005309831000951412,0.11675647747791129
1903,0.013594469682236866,0.2443453663203809,0.5682667353383334,0.0005309681000798859,0.11664822220688408
1904,0.013595025829040883,0.24758350183205163,0.5654662910153179,0.0005309660653241991,0.11658317178826362
1905,0.01359528145573,0.25219381337921726,0.5629419376888635,0.0005310165432349686,0.11662524893319326
1906,0.013595312762981157,0.2581275453882685,0.5608645829632124,0.0005310808566419845,0.11673815860168806
1907,0.013595146923135213,0.2649915741106948,0.5593486228218183,0.0005311528886669161,0.11684549688698477
1908,0.013594846255354539,0.27232012854159765,0.5584019336765357,0.0005312411398790125,0.11689575975132317
1909,0.013594424788819478,0.2798057148233113,0.5580001893780483,0.0005313260530828808,0.11689465520023005
1910,0.013593767041112873,0.2871875997553633,0.5581426625902585,0.0005313664034608419,0.11683471304117109
1911,0.013592730505159276,0.2940218196789237,0.5589779908411568,0.0005314188530664062,0.11677101262929246
1912,0.013591352690592086,0.3001214029204244,0.5605871410353027,0.000531499095581774,0.11673958270852175
1913,0.013589821588617608,0.30548375585027177,0.5628020087846578,0.0005315764331054937,0.11674754844396726
1914,0.013588413500535232,0.309955303512582,0.5653298488670007,0.0005316396408499192,0.11680919721572305
1915,0.013587368399387508,0.31332072256419324,0.567967783466146,0.0005316945077786068,0.11688986649640914
1916,0.013586634007981456,0.31560620315397575,0.5705277307666136,0.0005317280097748523,0.11689483813431588
1917,0.013586078156525776,0.3165868076658958,0.5727933137818165,0.0005317394321522104,0.11680852105436446
1918,0.013585669537786102,0.3159450262912388,0.5746302554725741,0.0005317435268873197,0.11671319157883443
1919,0.013585461167326257,0.3137828139207604,0.576021951152231,0.0005317301033869576,0.11665603511120602
1920,0.013585501039771542,0.3103798480758546,0.5769386081959338,0.0005317124548261845,0.11661854752654267
1921,0.013585792699343978,0.30590678423143186,0.577320973420507,0.0005316687958686824,0.11660739781255736
1922,0.013586201908788722,0.30062790946524215,0.5771652271074148,0.000531583819603922,0.1166659228120348
1923,0.013586553820059985,0.29500687000393755,0.5765794415553156,0.0005315019038805639,0.11676275049449039
1924,0.013586793793119325,0.2894315139267555,0.5755638460950906,0.0005314334663102296,0.11680639531482369
1925,0.013587026825425579,0.2841270922386582,0.5741222342411605,0.000531381231110599,0.11677891815847652
1926,0.013587412997456558,0.2792816155626399,0.5722679941519843,0.0005313502094978906,0.11674923190028007
1927,0.013588143401618083,0.2751038342001241,0.5700149542284096,0.0005313350455248895,0.11672996130442424
1928,0.013589227193809348,0.2716298349695936,0.5673794765432728,0.000531323791309273,0.11671311516310416
1929,0.01359056735106057,0.2688441486072418,0.5644938502143751,0.0005312807293256189,0.11673382375962409
1930,0.013592067884154735,0.2671135493210346,0.561473581906566,0.000531223159198991,0.11682031682674611
1931,0.013593617445601775,0.266741224624216,0.5583535343640103,0.0005311684267996011,0.11681032029192338
1932,0.013594952729555063,0.26755331295697804,0.5552008875271092,0.0005311118488264837,0.11673909874380257
1933,0.013595768637966892,0.26966978670455133,0.5522072820817068,0.0005310675466507024,0.1167481921867252
1934,0.013595920596289874,0.273427770645557,0.5496456457604717,0.0005310817941430724,0.11681107749995208
1935,0.013595502378620105,0.27866808112043134,0.5476842415776059,0.0005311426013805967,0.1168529902359031
1936,0.013594736679962893,0.28482580620760783,0.546346026023793,0.0005312507419066175,0.1168702161385513
1937,0.013593944399661502,0.29160214826386816,0.545711541082147,0.0005313808821753676,0.11686836364198308
1938,0.013593379687671754,0.2987558496016553,0.54577038109693,0.0005314864540329845,0.11684139592271446
1939,0.013593095559565869,0.3059685937300289,0.5463858633274428,0.0005315933207349121,0.1168230608373594
1940,0.013592990266767089,0.312996680636817,0.5475827215628202,0.0005316520259523396,0.11679234644346313
1941,0.013592793858049224,0.3197941234160145,0.5494506247272184,0.0005316790747470103,0.11674601781877803
1942,0.013592257204445344,0.32622576236500106,0.5518397398268965,0.0005316937804796958,0.1167292504088266
1943,0.013591308830902274,0.3318613097190351,0.5543752161457024,0.0005317326174029388,0.11677394420526835
1944,0.013590133922791925,0.3365384086236074,0.5568967334711225,0.0005317873203741194,0.1168372347521827
1945,0.013589097682186664,0.3400941771311224,0.5591108027350578,0.0005318360494042583,0.11686649956722285
1946,0.013588561323939517,0.3421456187325082,0.5607933989959247,0.0005318599115364594,0.11684842151604546
1947,0.013588550986638576,0.3424746916565027,0.5619572039145568,0.0005318306051721768,0.11677733658957942
1948,0.013588769842065135,0.3413744827051328,0.5626240000378361,0.0005317844321984544,0.11667395801595841
1949,0.013588882518647902,0.3390195237917419,0.562675561127173,0.0005317103822342969,0.11659131119524134
1950,0.013588788596886033,0.3355066666142539,0.5621376216076899,0.0005316482339080308,0.11658820363209484
1951,0.013588645203748783,0.33136776278012886,0.5611032304803217,0.0005316220637577906,0.11666035142849976
1952,0.013588758766384957,0.326990012794889,0.5595922920915014,0.0005316122305077911,0.11676018247104773
1953,0.01358922867055943,0.3221761992422891,0.5576095022426686,0.0005315967806599727,0.11684407509578948
1954,0.013589851714467022,0.3169912216348583,0.5552828565146941,0.0005315697865177247,0.11686162518545504
1955,0.013590432375443278,0.3119720237061199,0.5525566202088379,0.0005315622402655465,0.11681680402991214
1956,0.013591008163113205,0.30736689507461057,0.5493686885147984,0.0005315740452105798,0.11674514482984016
1957,0.01359177061291352,0.30318087043641095,0.5458196901263591,0.0005315874350784979,0.11668982001837133
1958,0.01359290018457558,0.29951658034987483,0.5421937613634024,0.0005315947501085206,0.11667090139651977
1959,0.013594362174308768,0.29665677496150483,0.5386240319493166,0.0005315866615351559,0.116692388041814
1960,0.013595891799524768,0.29493059731812615,0.5351085980898342,0.0005315451886786213,0.11666437597737676
1961,0.013597154279340575,0.29475145833830035,0.5318251809409932,0.0005315038083109489,0.11666421156806119
1962,0.013597924260599047,0.2961789891288697,0.5291388157108623,0.0005314949209697898,0.11671392331484072
1963,0.013598207502651524,0.299067243681941,0.5271370381901638,0.0005315208010414557,0.1167966071857722
1964,0.013598121555378713,0.30301931729855575,0.5258605550646103,0.0005315645314676025,0.11686857667903114
1965,0.013597827089971887,0.3079497437394941,0.5253641133388443,0.0005316217316385423,0.11687801746501819
1966,0.013597464693725515,0.31384029000032326,0.5256401803059917,0.0005316775108441041,0.11682426959150662
1967,0.013597108204513047,0.3204073650210585,0.5265793483110496,0.0005317400963904683,0.1167596475626207
1968,0.013596708741664175,0.3274154962249301,0.5281367439544312,0.0005317875600045056,0.11670369753350111
1969,0.013596167362436528,0.33482426192637615,0.5301850979116065,0.0005318401483433633,0.11667092918418058
1970,0.013595446557196706,0.34224147346786254,0.5325498818511797,0.00053188107047072,0.11670424402012015
1971,0.013594590037960352,0.34904244624146613,0.5351364151759892,0.0005319269323451726,0.11680931531260758
1972,0.013593664406482709,0.35500911152356035,0.5377507441464701,0.0005319587863578803,0.11689542398645077
1973,0.013592728585378293,0.3600217216274121,0.5401719283234642,0.0005319664839555782,0.11690281081667658
1974,0.01359182569595768,0.3638252998794545,0.5421879927756001,0.0005319613129860877,0.11687949714683656
1975,0.013590968142993752,0.36627016178068006,0.5436738053035665,0.0005319503278290666,0.11683634092249924
1976,0.013590158436964164,0.36738033745037935,0.5446081102692031,0.0005319316997267702,0.11674410511594835
1977,0.01358946303194999,0.3671015698259953,0.5448795600734901,0.0005319113731925089,0.11665146407604694
1978,0.0135890234012991,0.36550450116395183,0.5444918532826997,0.0005318935858984424,0.11664971578219586
1979,0.01358900272669722,0.36286606350025036,0.543501702165917,0.0005318530337265347,0.11670702044933408
1980,0.013589426260687433,0.359507280451126,0.5418772354097103,0.000531803396623995,0.11675916822917831
1981,0.013590200524547165,0.3555415311984129,0.5396772375801929,0.0005317393690915574,0.11677331435634081
1982,0.013591097359259702,0.3510065790708775,0.5369657513122122,0.0005316765901592382,0.1167380451364173
1983,0.013591947380765475,0.3461464848259236,0.5338137008170676,0.0005316233081536745,0.11668423937228267
1984,0.013592774512531651,0.3411976558886138,0.5302407325478526,0.0005315645945282555,0.11667970770230247
1985,0.013593736472232559,0.33629374896069186,0.5262988347439,0.00053151205243359,0.11671177441891593
1986,0.013594863681091128,0.33171471020668614,0.5220846407294892,0.0005314820818310494,0.11672908831514943
1987,0.013596047597418112,0.3277557304579384,0.517788701028584,0.0005314599013150691,0.11675161930527532
1988,0.013597028016591578,0.32454141311932116,0.5136044323579402,0.0005314411975401324,0.11672208356256404
1989,0.01359760306589066,0.3222850301657833,0.5097955353348487,0.0005314521995133755,0.11669113992215091
1990,0.013597744391564364,0.3214325576087222,0.5065586366373537,0.0005315179338860084,0.1167026902385469
1991,0.013597552856136041,0.3220743066132327,0.5040664689701546,0.000531614071877284,0.11676596457599243
1992,0.013597170819023759,0.3239034793297459,0.5024271604326739,0.0005317457171922829,0.11686960018345416
1993,0.013596756883955247,0.3268010300337279,0.5016822326381661,0.0005318962722801608,0.11691776741121404
1994,0.013596438495081253,0.33074608983140347,0.5018074436417489,0.0005320251933770016,0.11687398596922599
1995,0.013596221411753113,0.3356853215563877,0.5027137792106748,0.0005321276878772332,0.11680096749952162
1996,0.013596049960229993,0.3414139955757912,0.5043323834803098,0.0005322215010342479,0.11672636746092016
1997,0.013595808658086347,0.3477757145164733,0.5065541483631709,0.0005322854570978021,0.11666185426636515
1998,0.013595349386561153,0.3545534952987457,0.5091368767919328,0.0005323411522224932,0.11664232895197005
1999,0.013594604362505822,0.36144147429760554,0.5119112106073398,0.0005323786396490027,0.11670036303981311
2000,0.013593675482162887,0.3679195716978311,0.5147774332516081,0.0005324139914232107,0.11675912886366246
2001,0.013592766981065102,0.3736311135265707,0.5175167313767953,0.000532445080300329,0.11676476740003722
2002,0.013592076006326356,0.37834518287096564,0.519875574693815,0.0005324559561525049,0.11676561491728962
2003,0.013591574204187261,0.38201847152854856,0.5217745550135359,0.0005324215628996025,0.11676441774133439
2004,0.013591072697413293,0.3847085924040164,0.5231159198234038,0.0005323762013056619,0.11669676688067063
2005,0.01359047682583816,0.3863190447030068,0.5237340645786833,0.0005323390291821788,0.11662286152819801
2006,0.01358996483408069,0.38654228186486195,0.5236004555953139,0.0005323307934675292,0.11663680851214285
2007,0.01358979353023174,0.3853686633956183,0.5228010579138623,0.0005323220911043335,0.11668852327063879
2008,0.013590123437816815,0.38311555210407594,0.5213836979725411,0.0005323100002847219,0.11670250730446109
2009,0.013591011559661059,0.3801287739582135,0.5194052385062924,0.0005322730425671724,0.11669887177980276
2010,0.013592391884714299,0.37642999991176784,0.5168954631443009,0.0005322050842573714,0.1166886089485857
2011,0.013594104923187005,0.37220657918448474,0.5137953538928488,0.0005321220082187613,0.116657368908816
2012,0.01359594939305498,0.3676628858733581,0.5100741692627939,0.0005320091381473437,0.116630542442142
2013,0.013597676903755719,0.36279727273129847,0.5058653109601666,0.0005319026203808864,0.11664509611863037
2014,0.013599073620809579,0.3577207450979769,0.501389397732644,0.0005318212007340447,0.11665443270156331
2015,0.01360005049576942,0.35291283268866336,0.4967738959575472,0.0005317849534994232,0.11662182644558299
2016,0.013600754761326057,0.34873545236206954,0.49224263134482504,0.0005317813380248472,0.11662203253605281
2017,0.013601313566290294,0.3452747939234771,0.48808381516412375,0.0005318151258961491,0.1166585406130858
2018,0.013601696784812716,0.34269339230509144,0.4844158420449513,0.0005318569224637017,0.11668323670860527
2019,0.013601739315426617,0.3412192808072123,0.4813164548371329,0.0005318928501913009,0.11667936035923807
2020,0.013601387994860423,0.3409831059633281,0.4790199341581619,0.0005319678292483159,0.11670135412529851
2021,0.013600808367620136,0.341930395682061,0.47774207272073504,0.0005320674818173137,0.11673187169161553
2022,0.013600158594402587,0.3440060348370022,0.4774393821586919,0.0005321672268751737,0.11672719182178856
2023,0.013599529348112751,0.34700643798915215,0.47808205047645846,0.0005322638651474392,0.11673621579589613
2024,0.013598916641514493,0.3507037619074913,0.4796549296879144,0.0005323334882572392,0.11678382032790514
2025,0.01359829034874161,0.355043906622995,0.48195123814365426,0.0005323925382059024,0.11681631311827775
2026,0.013597564670195458,0.3600908980219873,0.48472246115034434,0.0005324317114526285,0.11675752876965816
2027,0.013596655430726828,0.3657000909942941,0.487810270209805,0.0005324640783580744,0.11667470133015671
2028,0.013595530732362703,0.371796339170984,0.49112023861124016,0.0005325160318868836,0.11659417098676376
2029,0.013594256881509987,0.37813252016119187,0.49434446807062427,0.0005325490714388178,0.1165183899816759
2030,0.013593001342447267,0.38421095387621296,0.4972095204480624,0.000532571575666055,0.11650133080330774
2031,0.013592017526734342,0.3896253789330696,0.49965054950203847,0.0005325873618371176,0.116594701263914
2032,0.013591419735378227,0.3941612016161092,0.5015743483828223,0.0005325678929268303,0.11670557550209174
2033,0.013591191281021571,0.3976300511701583,0.5028392516644414,0.0005325247300460834,0.1167527724844379
2034,0.01359120678697718,0.39985644964718264,0.5033421652487934,0.0005324612406310753,0.11674213683847098
2035,0.01359134146723774,0.4007232602960917,0.5030806119895538,0.0005323886242445219,0.11669870042390894
2036,0.013591535217795384,0.4003554804624614,0.5020778655330815,0.0005323191903164424,0.11664187509021312
2037,0.013591745212687873,0.3989282990764556,0.5004112504961716,0.0005322552552731059,0.11662797210306092
2038,0.013592049572364737,0.3965843617077558,0.49821327333558274,0.0005322425212352151,0.11665504865699741
2039,0.01359264219507458,0.39347447013234105,0.49549759175537017,0.0005322572690083361,0.11666144903267767
2040,0.013593632508526481,0.3897100441475086,0.4921161233797665,0.0005322782597810941,0.11664581396114322
2041,0.013594898975586816,0.3853034750869567,0.48811521413519604,0.0005322678295572466,0.11664042319605558
2042,0.0135962196396463,0.38041488966668063,0.48359994539356205,0.0005322589254001044,0.11663763055737285
2043,0.01359753661180959,0.3754299364510349,0.47864576708525136,0.0005322649245655986,0.11662293562795291
2044,0.013598884300527365,0.3707182666023576,0.4735237267831803,0.0005322570041537364,0.11661830438653237
2045,0.013600170999167074,0.3663196527145657,0.46863242884578743,0.0005322382247061594,0.11664038383053972
2046,0.013601193801271878,0.36228990310764086,0.4642319646511557,0.0005322421344635441,0.11662574447610444
2047,0.01360177165640535,0.3590256338525758,0.4605367440173571,0.000532257899614389,0.11659465032020615
2048,0.013601841802382612,0.3566846765521324,0.4577486527888762,0.0005322978506084529,0.11661327948927938
2049,0.013601509088963147,0.35538645956652704,0.45605614886091783,0.0005323667253991242,0.11665364770621077
2050,0.013601027666077596,0.35519960344593116,0.4554544000886265,0.0005324652386730876,0.11668238224443765
2051,0.013600608119323516,0.35600294193724374,0.4558563408185619,0.0005325501518771949,0.11668651562730861
2052,0.013600290616511322,0.35770053312898364,0.45717790398589037,0.0005326283428208927,0.11669110750355027
2053,0.013599948008813423,0.36027148500558337,0.4593216280848487,0.0005327076772636207,0.11670126844735161
2054,0.013599407958670083,0.36376537793632757,0.4620720500349875,0.0005327923256131284,0.1166856750569714
2055,0.013598556460405834,0.36803054371615745,0.465276307207509,0.0005328811023301893,0.11664920403015284
2056,0.013597462035565293,0.372900303895954,0.46881866658774957,0.0005329911514905906,0.11661019045124009
2057,0.013596387842304125,0.3783398949072076,0.4724242465381325,0.0005330897068052284,0.1165671337986801
2058,0.013595533685879657,0.3840688474641817,0.47585648613223186,0.0005331653332842792,0.11655211236694134
2059,0.013594984332162953,0.389705955530225,0.47898507793395834,0.0005331855336974733,0.11659548162832671
2060,0.013594616619587744,0.3948803330918348,0.4818023949786705,0.0005331665987003808,0.11665264272689496
2061,0.013594292471362407,0.39939195067879785,0.48405373945678865,0.000533126403871935,0.1166705123723011
2062,0.013594016170071409,0.4029846118876762,0.48558772111308773,0.000533066672868792,0.11664664758456522
2063,0.013593874106018465,0.4055839111886207,0.4863466712669445,0.0005329810029375647,0.1166026554211675
2064,0.013593884000288506,0.40715518035932274,0.4861719204187315,0.0005328760112375737,0.11658145591335017
2065,0.013594095914961978,0.40761413786808937,0.48508163993339004,0.00053280365970562,0.11657515974038705
2066,0.013594656049010523,0.40688501016533696,0.4831684685389225,0.0005327406831833501,0.11659622262688661
2067,0.013595698344315463,0.4049942223853924,0.4806440754547861,0.0005326616514314224,0.11664370906201109
2068,0.013597147190904926,0.40215465858145316,0.4775864774575622,0.0005325643068807025,0.11669444199723827
2069,0.013598715507164467,0.3984406497050309,0.4739956280887272,0.0005324640951742965,0.1167350232512177
2070,0.013600088300759552,0.3939105265281531,0.46988530999479383,0.0005323910289554189,0.11674260459372135
2071,0.013601220235233495,0.3888865688536201,0.4652802016888233,0.0005323614241043318,0.11672762021186005
2072,0.013602236096576818,0.3838608473494835,0.4602505350055492,0.0005323531631654687,0.116705105430866
2073,0.013603167635088367,0.37903835338002145,0.4550766089581627,0.0005323426446567546,0.11667408305942117
2074,0.01360391886152594,0.37440443825803593,0.45020753052244394,0.0005323552021249124,0.11661515977350842
2075,0.013604405157709427,0.37005711361995874,0.44595875800768303,0.000532384155349729,0.11656987317801656
2076,0.013604578972044428,0.36620448839612463,0.4425068852958966,0.0005324318081454865,0.11658126371671075
2077,0.013604403090245881,0.3631594914282135,0.44005012196185395,0.000532536837681917,0.11662832407740215
2078,0.01360384960161048,0.3610954799346982,0.43862912413740224,0.0005326520157713736,0.11667189479798054
2079,0.013602963694903951,0.35998131167826386,0.43828251619379244,0.0005327735419615556,0.11670235910461432
2080,0.013601876506173229,0.35957053671208195,0.4389843127108539,0.0005329241096614207,0.11670248414841404
2081,0.013600802165237893,0.36010186253727455,0.44060974647457124,0.0005330729537048688,0.11667110285571279
2082,0.013599894550201908,0.36190898803536287,0.4430603900362387,0.0005332015847231354,0.11663178593052827
2083,0.013599130918991455,0.3647879811035965,0.4461897913487753,0.0005332975251244603,0.1166071824598709
2084,0.013598383827472579,0.3684758863164837,0.44975395701535165,0.0005333802564315958,0.11657578958931461
2085,0.013597535873430351,0.37293923948087365,0.45341476559698535,0.0005334318231887338,0.11654334311103608
2086,0.013596500075855993,0.37799064050372067,0.4570040101204909,0.0005334966074482916,0.1165234056160383
2087,0.013595353226131512,0.3832389133480774,0.46039886149464354,0.000533569110325765,0.1165210645234741
2088,0.013594295424879358,0.38854539135996363,0.46341813856669845,0.00053362737411886,0.11652020311272826
2089,0.013593622023542978,0.3936101842564946,0.4660264573131382,0.0005336338399326612,0.11655733872271341
2090,0.013593519684261151,0.3980319029806375,0.4682028469761491,0.0005335633844231009,0.11664882658378921
2091,0.0135939631544824,0.401680265176949,0.46981598357312615,0.0005334213130882502,0.1167424888128122
2092,0.013594707735515224,0.4046101445036112,0.4706289148239213,0.0005332418047755557,0.11673458096765278
2093,0.013595593346873415,0.40694254707829147,0.4705600595971996,0.0005330480741949438,0.11667119548057489
2094,0.013596574947448627,0.40848075211498897,0.46969924391753853,0.0005328927054810372,0.11658887284653824
2095,0.013597719139012887,0.408969837026727,0.468107330258118,0.0005327770607432735,0.11652581617741756
2096,0.01359911275488402,0.40830480016145443,0.4657865772236614,0.000532669336417133,0.11652428786752975
2097,0.013600720500557946,0.4063845516400626,0.4628418926711431,0.0005325717354195661,0.11660215061603968
2098,0.01360237491176447,0.40321265536819445,0.4593759236504983,0.0005324795660423326,0.11671399509895722
2099,0.013603897448544821,0.398986207988911,0.4554299602017415,0.0005324203983803547,0.11679427535542464
2100,0.013605099528996027,0.3940741395386148,0.45107992101315936,0.0005323705762998515,0.11682387593601115
2101,0.013605885902263512,0.3888456364488811,0.44652080944976524,0.0005323403912913773,0.1167975033307571
2102,0.013606333507395063,0.3836599664224505,0.44201491840811113,0.0005323473111414985,0.11674902812578561
2103,0.013606501414704554,0.3786710731903413,0.43788690686159304,0.0005323792408268466,0.11670071732979273
2104,0.01360634532145448,0.3738219868653661,0.4344432873041525,0.0005324098462394357,0.11668839822717604
2105,0.013605775293135896,0.36933830251116717,0.4318057924599858,0.0005324896221064963,0.1167197864667925
2106,0.013604883331721294,0.36548187246650005,0.4299820086302723,0.0005326077766562453,0.11675903623880035
2107,0.013603916646396621,0.3625303580792862,0.4290362648918485,0.0005327537955846814,0.11676585111072169
2108,0.013603071793537121,0.36054668570941056,0.42907801097155757,0.0005328851676370893,0.11674856963275188
2109,0.013602387759559856,0.35952555728660796,0.43011858665116487,0.000533009022865528,0.11671550025246101
2110,0.01360175201553944,0.3596782625185563,0.4320828540885598,0.0005331050977963894,0.11666300281425092
2111,0.013600994143688722,0.36090166186195477,0.4348633472628094,0.0005331887750126043,0.11659936029299535
2112,0.01360004385036467,0.36314680226371066,0.4382787267540027,0.0005332658308655026,0.11655355036726847
2113,0.013598884891232434,0.36642791380381096,0.4419709873169513,0.0005333368707366847,0.11655047985399943
2114,0.013597506485960175,0.37060614041071577,0.4455836332708832,0.0005333866381647652,0.11655805888086467
2115,0.013595948211653237,0.3754213896061401,0.44905913411914744,0.0005334398150692404,0.11655429831274357
2116,0.013594413860813469,0.3806999407705561,0.45226339277046573,0.0005335125323526476,0.1165678817441552
2117,0.01359321104199142,0.38615593379152535,0.45503181028407397,0.0005335634180553058,0.1166198280648064
2118,0.013592634663608029,0.3913488090353958,0.4574517453513054,0.0005335748488406554,0.11666979221414985
2119,0.013592776284638466,0.395815081937942,0.459560085526161,0.0005335077481548281,0.11668112949349778
2120,0.013593488081661656,0.399613399787011,0.46103055900496476,0.000533400292887283,0.11666360487551765
2121,0.01359451339425251,0.4029901786858641,0.4616670673591147,0.0005332603698171991,0.11661368703860527
2122,0.013595669990572863,0.40588863491593563,0.46158335576750303,0.0005331383307340398,0.11654146977372226
2123,0.013596871923349898,0.40816171069291746,0.4607478801988868,0.0005330293998484551,0.11651520137185928
2124,0.013598073560761807,0.40970555406504533,0.45909969238087084,0.0005329332576529447,0.11654401927205771
2125,0.013599190284636875,0.4101842521540569,0.4567361377081192,0.0005328487774649397,0.1165741756014799
2126,0.01360012728715143,0.4093358369711508,0.4537605716281222,0.00053277555149279,0.11658345892506658
2127,0.013600900812623528,0.4071914437349543,0.4501677258047945,0.0005327511512433984,0.1166117187611279
2128,0.013601700919731414,0.4039161213031718,0.44612479287126483,0.0005327541150917036,0.11665537052803943
2129,0.013602733173092145,0.39947115800796035,0.44193391382529906,0.0005327663278286257,0.1166816528237328
2130,0.013604057972070325,0.3941429817210136,0.4379262412762691,0.0005327722849534455,0.11669673446206998
2131,0.013605388382725679,0.3885655502930554,0.43423175438944916,0.0005327589581461805,0.11671808911664928
2132,0.013606352705246863,0.3831749069245639,0.4309412581198131,0.0005327270662970331,0.11670461683487002
2133,0.013606724552732374,0.37795900706602736,0.4282794100095304,0.0005327249768891626,0.1166487316432887
2134,0.013606605230744858,0.373088539816602,0.4263938056064264,0.0005327737815919417,0.1166308203167283
2135,0.013606207835351136,0.3688370462134732,0.4252817925702404,0.0005328586821838228,0.11667258485283258
2136,0.013605641055897842,0.36527087183529927,0.424852432812856,0.000532941110800158,0.11667275157744958
2137,0.013604895441137441,0.3623980134016436,0.4251462229797403,0.0005330301649838057,0.1165945391705738
2138,0.013604018985678448,0.3605884866885109,0.42622023387297125,0.0005331122110322266,0.1165397446362552
2139,0.013603147403517387,0.3599915188828077,0.42808770946762176,0.0005332189347968651,0.11652689062554843
2140,0.013602420395895322,0.36039080192777184,0.43071856217478144,0.0005333239601292999,0.11650258355424763
2141,0.013601744188724552,0.36191481348557847,0.43399733713443783,0.0005333913004452743,0.11645373090291251
2142,0.013600952794484962,0.36483726526251736,0.43775391938990393,0.0005334228475629471,0.11646070092125885
2143,0.01359991670155387,0.36873649332437847,0.4416255900205777,0.0005334681208720211,0.11649696817391993
2144,0.013598700887270661,0.3732416721045696,0.44520963365687627,0.0005335134950779489,0.11650270396643359
2145,0.013597431023662473,0.3783100340760018,0.4482487948748052,0.0005335498305974369,0.11653616237094312
2146,0.013596311789301353,0.3837033372990787,0.45069035642406924,0.0005335732639175316,0.11661158213947313
2147,0.013595501492566697,0.38894786320572844,0.45257333692924356,0.0005335842112381131,0.11665993230098187
2148,0.013595050195538954,0.3938512540212614,0.4540146538177361,0.000533549700272135,0.11664703660912086
2149,0.013594930282837973,0.398424349418553,0.4551723282520358,0.0005334786940331579,0.11662097198175234
2150,0.013595143674269923,0.40273878089060317,0.45595166001434256,0.0005333882314958805,0.11661550248529604
2151,0.013595718723569005,0.40661177135746795,0.45616772827619156,0.0005332699676410472,0.1166078400961223
2152,0.013596684522840272,0.41000521220176933,0.4557238880638081,0.0005331472685236258,0.11660767800278209
2153,0.013598067653736296,0.4128955895028035,0.45450527403658764,0.0005330108390108074,0.11661206610419232
2154,0.01359980550172958,0.4150100574512694,0.4525085049275335,0.0005328831328816414,0.11661805198396845
2155,0.01360165056231102,0.4160075955825966,0.4497984238548764,0.0005327435629507846,0.11661050074442707
2156,0.01360329611297508,0.4158272189078795,0.446559263818748,0.0005326132923569716,0.11663396492975227
2157,0.013604500556229773,0.4143500490446092,0.4430396541392612,0.000532514425943542,0.11667072077807235
2158,0.013605285009716276,0.4115016863550088,0.43955267535839804,0.000532479687959404,0.11669903387347992
2159,0.013605795967737777,0.4075879516790882,0.4363758293733548,0.0005324998715563761,0.11674790273394689
2160,0.013606211527247327,0.40296431120569515,0.43372588923284167,0.0005325428368471722,0.11682760408519463
2161,0.01360647571913057,0.3979359920593302,0.43166037688658837,0.0005326068013189569,0.11686671491990931
2162,0.013606418125591963,0.3927724531875768,0.43011873467997536,0.0005326748310976415,0.1168616877073549
2163,0.013605899636103912,0.3876637694938117,0.4291358501667123,0.0005327758962240257,0.11681724168220026
2164,0.013605070879905088,0.3827930965664313,0.4287236646122813,0.000532893853184063,0.11676373694869899
2165,0.013604110101597532,0.37826876356225464,0.42891435983741744,0.0005330174309459149,0.11673118395206492
2166,0.01360321592505361,0.3745048040170392,0.42981363014840623,0.0005331208082945728,0.1167127539265463
2167,0.013602455985739347,0.37180829394956927,0.4315412218765697,0.0005332066043471064,0.11667744302513158
2168,0.013601836781402112,0.37024397079909754,0.4341132801727776,0.0005332872378381409,0.11661419184407006
2169,0.01360128447417685,0.3698741952696449,0.4372970124951431,0.000533334285252059,0.11656030503292836
2170,0.013600667484968937,0.37087988314121545,0.44087046647112016,0.0005333529932309914,0.11655600029416359
2171,0.01359990414912361,0.37321612077146216,0.44479606236897223,0.0005333656768202164,0.11656854864296018
2172,0.01359904895896317,0.376645272067853,0.4487829893018358,0.000533373168419972,0.11659600495856175
2173,0.013598198642109061,0.3810917701379521,0.4524043058602512,0.0005333733744179143,0.11660456812399718
2174,0.013597387311646829,0.38639157916092987,0.4554776582538738,0.0005333552339843816,0.11657807510689415
2175,0.013596586318485537,0.3919369256401349,0.4580237612305384,0.0005333378208497598,0.1165546526027232
2176,0.013595872749355533,0.3973807602155134,0.4600521619940381,0.0005333168973418896,0.11657253614195974
2177,0.013595385419444472,0.40293198385644846,0.4616119677615216,0.0005332889320663488,0.11662634422173278
2178,0.01359533978763945,0.4085026026172251,0.4628547569212778,0.0005332528277690165,0.1166884538021607
2179,0.013595789312568773,0.4137930943109816,0.4637144680694607,0.0005331948372385126,0.11674360031082053
2180,0.013596581297505038,0.41880574750735927,0.4639169518877633,0.0005331033993639468,0.11674923421591847
2181,0.013597414336305121,0.42357161711508867,0.4634423726025723,0.0005329990298620173,0.11668846538001573
2182,0.013598173389557582,0.4277527327569666,0.46236368597866856,0.0005329355698749795,0.11662849774893436
2183,0.013598908076320367,0.431090660653637,0.460653276394225,0.0005329026816685648,0.1165993232431179
2184,0.013599709807860898,0.43353250132688764,0.458346953514962,0.0005328754731203831,0.1166226971192194
2185,0.013600592170345403,0.43472226491402954,0.455822038285735,0.0005328832379827298,0.11667375424146395
2186,0.013601650119280119,0.43437228076622314,0.4533022870096929,0.0005329187873466496,0.11674964176524436
2187,0.013602845849674913,0.4325489323872068,0.45088819961897203,0.0005329456427553652,0.11680803245870544
2188,0.013604053689469065,0.42959097818261066,0.448742118792768,0.0005329525121570594,0.11681222836347625
2189,0.013605045332005274,0.4255246444740292,0.4470545087615164,0.0005329794180144408,0.11677511590920117
2190,0.013605670000345512,0.4206687293805802,0.445914349618606,0.0005330151397440979,0.11673311749530324
2191,0.013605807043417956,0.4156185914081115,0.4452627309483044,0.0005330804873450598,0.11669817940931232
2192,0.013605515236179744,0.4104967578442023,0.4450334944973063,0.0005331629453896043,0.11667347636687764
2193,0.013604973561595367,0.40517657117092654,0.4452682110395425,0.000533275134406303,0.11669013031155831
2194,0.013604409292628124,0.3998938645838085,0.44612134581644697,0.0005334052746750531,0.11674288941522287
2195,0.013603911034719448,0.39514894617317947,0.4476231212511722,0.0005335223613986514,0.11677770940466625
2196,0.01360338988706278,0.39120552602589626,0.4498372525500153,0.0005336230607735823,0.11673815397074823
2197,0.013602765957101779,0.3882810327260397,0.4526065982841284,0.0005337189423187278,0.11667946456229217
2198,0.013602102302369664,0.3867136891773491,0.4559014478873866,0.0005338277386750148,0.11662716163602294
2199,0.013601470397919606,0.3865598435371714,0.4595833498924137,0.0005339067409984945,0.11658246783958118
2200,0.013600913069713845,0.387477770780513,0.46341400865981625,0.0005339421810575689,0.11655373098571589
2201,0.013600436963157131,0.38954254644999464,0.4671610140016177,0.0005339459773058737,0.11658419297704824
2202,0.013600030854895114,0.3929297654022267,0.47067851826095974,0.0005339297959551485,0.11662651094634978
2203,0.0135996864750904,0.39739664344735004,0.47372984330399165,0.0005338989172797294,0.11660755990623453
2204,0.013599428780946133,0.4024280354584859,0.47621850319871273,0.0005338545142070943,0.11659624809857205
2205,0.013599303847273049,0.4076864864631112,0.4782166989753317,0.0005337971038339775,0.11662045096681875
2206,0.013599406481911607,0.4130473366784687,0.47969831924945566,0.0005337336480511743,0.11664909288018353
2207,0.013599863242942356,0.4184682400203515,0.48065846181770916,0.0005336732528097735,0.1166816644019248
2208,0.013600693032868753,0.4239013145484043,0.48124349506261727,0.0005335743191314562,0.11670212754279602
2209,0.013601766635433245,0.4293700819022759,0.48144060860312227,0.0005334560174401833,0.1166855037010776
2210,0.013602876713903565,0.434547165383215,0.4811554401796707,0.0005333208827719146,0.11665583133671156
2211,0.013603983100469296,0.43912253364742054,0.48033741149117365,0.0005332199605828196,0.11666978063629481
2212,0.01360526876538143,0.44307657053855626,0.47910343311369435,0.0005331493369112786,0.11669704475525695
2213,0.013606852587588186,0.44638781858517784,0.47761346178086267,0.0005330744251189125,0.11668595756283454
2214,0.01360853520486314,0.44857249025502055,0.4759652335934868,0.0005329812425679507,0.11665534737199239
2215,0.013609930888189424,0.44924831420034067,0.47434913053825145,0.0005328876017764345,0.1166541015679677
2216,0.013610800993600403,0.4485140917604122,0.4729941176040602,0.0005328246672946,0.11666261147439384
2217,0.013611115099873138,0.4464125300792564,0.47202508064006193,0.0005328201983998069,0.11667394412246497
2218,0.013610997697666605,0.44302493767726303,0.47150774910783944,0.000532843156663364,0.11669658857786161
2219,0.01361057106248527,0.43862843427758935,0.47158667876327076,0.0005329071379511316,0.11672912304972545
2220,0.01360993753360257,0.43352518096591547,0.47228208268166905,0.0005330011907385325,0.11673662566086042
2221,0.013609121182159838,0.4277400094153828,0.4734588754024654,0.0005330774940683063,0.11671562066498394
2222,0.013608097050970727,0.42155790360483136,0.4750455527594957,0.0005331364851605512,0.11669212869233489
2223,0.013606924210323923,0.41555163588536875,0.47704300588459725,0.0005332002940825815,0.11667162387030942
2224,0.013605809996934908,0.4099874219395684,0.4795174028054949,0.0005332614334393541,0.11662914612296911
2225,0.013604922908818241,0.4049918151127273,0.4824077805764279,0.0005332918034257919,0.11657105182920155
2226,0.01360427933799133,0.4009475564665197,0.48556890515563633,0.0005332743482509738,0.11654683738276285
2227,0.0136037067991783,0.39809152712236384,0.48892719545575386,0.0005332337077941996,0.11656475797187685
2228,0.013602973146151486,0.39656266074464863,0.49234782381565906,0.0005331730687184168,0.11661128110883977
2229,0.013601993760705594,0.39647687754411914,0.4957247861922288,0.0005331031807540173,0.11666236833404657
2230,0.01360078562555471,0.3978361853695004,0.4991921124929692,0.0005330498356878005,0.11668728209789092
2231,0.013599465847548634,0.4005024984178829,0.5026496394640234,0.0005330074211261823,0.11669718600785155
2232,0.013598227586548335,0.40433667357435327,0.5057935611480288,0.0005329973566540271,0.11670054365792355
2233,0.013597308895832173,0.40920308028567587,0.508386746097066,0.0005329760337620206,0.11668349374244598
2234,0.013596853316203169,0.4149000878048365,0.5103366658839825,0.0005329376466708627,0.1166463095040544
2235,0.013596820532193535,0.42095866736899146,0.511589566713,0.0005328922472407215,0.1166291530698843
2236,0.013597064787854135,0.4272007342531115,0.5122992733863767,0.0005328324784011388,0.11662705974860722
2237,0.013597429842252333,0.43359936988638037,0.5126675182975313,0.000532763401816521,0.11664214601788424
2238,0.013597867405448072,0.43993795963153565,0.5128429259980466,0.0005327405150216086,0.11668013840801236
2239,0.013598424881328001,0.4460198773058245,0.5127020277348914,0.0005327091108414639,0.11671989530078644
2240,0.013599105371091639,0.4518304434072917,0.5122440361598779,0.0005326593560256096,0.1167427296371841
2241,0.013599784531779362,0.45725544060922624,0.5115962318866524,0.0005326124641612069,0.116727895770471
2242,0.013600395761627538,0.46199805378138503,0.5108554628114027,0.0005326086805248893,0.11671422897675089
2243,0.013600999755365896,0.46577913508449414,0.5100881132445275,0.0005326258582331208,0.11670271107895555
2244,0.01360166104728613,0.46828696868934694,0.5094589146454939,0.0005326516289997025,0.11669166325238595
2245,0.01360229575757897,0.46930088279679893,0.5091101636338627,0.0005326762520632584,0.11670299358481867
2246,0.013602707182161429,0.4687124071542722,0.5091374824082725,0.0005326944345369876,0.11674499662999341
2247,0.01360272327881371,0.4667202084215827,0.5096382746509048,0.0005327315730282657,0.11675495148366188
2248,0.013602393075880298,0.46361617165685237,0.5108170375047139,0.0005327959452917001,0.11673020444443455
2249,0.013601861738605253,0.45937807593044966,0.5127087422887612,0.000532886058893507,0.1167191033585187
2250,0.013601241943562952,0.454069300065122,0.5151399649104075,0.0005329658389645634,0.11671859623775248
2251,0.013600523058104112,0.4480924832982025,0.5180035709720271,0.000533057104473392,0.11669947615704486
2252,0.013599700651961701,0.4419051376239554,0.521020313126645,0.0005331343915484459,0.11666565188436369
2253,0.013598786982217642,0.43572440956847014,0.5239092436939291,0.0005332059274966223,0.11665859387209508
2254,0.013597864451931119,0.4300306325922688,0.5266466299059641,0.0005332796663617491,0.11664647159739461
2255,0.013597074534450006,0.42510290755453195,0.5292709029335378,0.0005333171748084765,0.11661333043298724
2256,0.013596534336624104,0.42108157859589634,0.5318275104575477,0.0005333247210606547,0.11662162498672693
2257,0.013596234850245173,0.41824396518874746,0.5342533552417206,0.000533305983653513,0.11666137724856117
2258,0.013595961502471129,0.41682466674404356,0.5367481527800287,0.0005332550643184109,0.11665268440804921
2259,0.013595512715921044,0.41674103099826376,0.5394340490686184,0.000533200235226163,0.11658633724169622
2260,0.01359493294100659,0.41785783035864504,0.5421173270251332,0.0005331788618857298,0.11659014412224836
2261,0.013594518858255515,0.42033370670773046,0.544691687101134,0.000533157253119145,0.11664332698437066
2262,0.013594491538248887,0.42417451208175866,0.5470145125775986,0.0005331150067190293,0.11664676336581134
2263,0.013594782459433689,0.4289470032403261,0.5489433015873475,0.0005330475066495439,0.11663679924958925
2264,0.013595308185039954,0.43419854803407204,0.5502982795661495,0.0005329691097079038,0.11666809023306679
2265,0.013596029137953944,0.4399165946013414,0.5511226155912113,0.000532891948753917,0.11670555929262293
2266,0.013596977216140284,0.4460371171460363,0.5515257696180665,0.0005328192651027148,0.11670769892633108
2267,0.013598135879924181,0.45223744237477514,0.5514859265745862,0.0005327456986033253,0.11673181611663086
2268,0.013599368824595642,0.4582820358909542,0.5511237893720826,0.0005326571489044243,0.11676301447524631
2269,0.013600465169217167,0.4642437004663465,0.5506720729853353,0.0005325649753229561,0.11675204306407001
2270,0.0136013428060863,0.4700852527044834,0.5503445788628356,0.0005324972146031057,0.11672616831736554
2271,0.013601996418865815,0.47551710246846396,0.5503028719760763,0.0005324557501545626,0.11672534858777395
2272,0.013602415227240655,0.4801912686301483,0.5506197617207049,0.0005324386775471808,0.1167072103303351
2273,0.013602593324168523,0.4837059405391584,0.5512330310152214,0.000532441044421877,0.11665858229424005
2274,0.013602527313118352,0.4855625916424216,0.5521383645301172,0.0005324727050486298,0.11663487496856756
2275,0.01360223299539409,0.485660522885417,0.5533144699500316,0.0005325132908527424,0.1166586980751492
2276,0.013601792478689794,0.4842390727856866,0.5548856773215506,0.0005325796474231978,0.11668182417962661
2277,0.013601381349455674,0.48134292593327827,0.5570840733365127,0.0005326400594810595,0.11671126266653595
2278,0.013601125575083993,0.4769710158494193,0.5599734661265465,0.0005326956873411018,0.11674100681535544
2279,0.013600922077930478,0.4714625781081207,0.5633659650993833,0.0005327292566019963,0.11671707255914147
2280,0.013600517003404432,0.4652388369693625,0.5670586363826319,0.0005327426885105888,0.11663557197067177
2281,0.013599745840735821,0.4585188693054371,0.5709122066306145,0.0005327438530295977,0.1166065942920976
2282,0.013598653778707163,0.4515572930046758,0.5747442684462547,0.0005327632630832276,0.11664438059209288
2283,0.013597394990787548,0.4448365460946449,0.5782926414237396,0.0005327883990397607,0.11667091065907337
2284,0.013596163965897069,0.43858193334385615,0.5814576994259134,0.0005327979001705119,0.1166651470788989
2285,0.013595104540203877,0.43292289069572826,0.5842801584600177,0.0005327738782847998,0.11668465386852375
2286,0.013594309601750659,0.42829068664637965,0.5867934167476619,0.000532731699149333,0.11670065943916967
2287,0.013593808242642466,0.42510260196027355,0.5890568737804014,0.0005326648128696784,0.11665613699862173
2288,0.013593487047925686,0.4232483162366502,0.591172257060237,0.0005325497188610926,0.11663796863788366
2289,0.013593229058424685,0.4225920109761219,0.5932127639509076,0.0005324280076931861,0.11667581051252662
2290,0.013592950689678536,0.4234118528801667,0.5951639762007749,0.0005322987712933189,0.11668403559745125
2291,0.01359260084587082,0.4257181097500784,0.5968754719346027,0.0005321908157447837,0.11666576303399603
2292,0.013592225011132384,0.4292775435622249,0.5982261211242207,0.0005321173249180345,0.11668294725582694
2293,0.013592027273330212,0.4339822810802341,0.5992347842594401,0.0005320736365323231,0.11673433088072727
2294,0.013592257056771176,0.4398258403347221,0.5998183212780995,0.0005320188410722803,0.1167284052072126
2295,0.013592975351524945,0.44639802585134924,0.5999090300270499,0.0005319339909288261,0.1167181886884266
2296,0.013593969209190475,0.4532328262229851,0.5996448673333703,0.0005318208854310181,0.11675309204017847
2297,0.013594895874395694,0.4601405158994602,0.5992303349945659,0.0005316986151259422,0.11677912193330793
2298,0.013595554212798974,0.467038963474759,0.5987793423898327,0.0005315976256719593,0.11678372538740463
2299,0.013595910849694004,0.4735129216064414,0.598471208942584,0.0005315216754816515,0.11679368024107312
2300,0.013596044643901158,0.4794803066808195,0.5985387940954223,0.0005315093870720891,0.11678757626474942
2301,0.01359596475133642,0.4848670694240346,0.5991814820517772,0.0005315318366469038,0.11674604097482506
2302,0.013595554951178212,0.4892581276666656,0.6003968612667416,0.0005315665367948411,0.11676093967907643
2303,0.013594709064599532,0.4921440332432933,0.6020960675564351,0.000531638741185271,0.11682666394341708
2304,0.013593491330526945,0.4933279281287894,0.604215256292908,0.0005317391672976109,0.1168245798846936
2305,0.013592101997248678,0.4928692619627164,0.6067502949568754,0.0005318538871467518,0.11677098947324542
2306,0.013590795657743057,0.4906866637126045,0.6097555280509792,0.0005319628306445627,0.11672753221827474
2307,0.013589784522015107,0.48685852224519527,0.61330270171729,0.0005320675280617448,0.11671561603370713
2308,0.01358916295486599,0.4818966110069179,0.6172172200995916,0.0005321474426620989,0.11669779038509365
2309,0.013588913530550722,0.47602926792923583,0.6211903500232485,0.0005321876332863099,0.11667883702900303
2310,0.013588834376365223,0.4695047465250464,0.6250635671758342,0.0005321818611392147,0.1166954909736837
2311,0.013588594550980052,0.46266283757876625,0.6287356743897421,0.0005321533661547137,0.11669498385258051
2312,0.013587985683943758,0.45578576988065295,0.6320014948180929,0.0005321046497368011,0.11663660010603462
2313,0.013587076887497634,0.44887756647713556,0.6347327008673332,0.0005320670488012114,0.11662500810848439
2314,0.013586142838500034,0.44228221202551543,0.6369761870022577,0.0005320395207460076,0.11667941130294592
2315,0.01358541878439492,0.43653867809710184,0.6388404613219981,0.0005320134809210695,0.1167573041544181
2316,0.013584994512017076,0.4320245390815928,0.6403882665160981,0.0005319599634891155,0.11678378096238928
2317,0.01358478141594186,0.42875483631955963,0.6417578496907657,0.0005318827815151499,0.11677559987392035
2318,0.013584696059365723,0.42682411928678016,0.6430172736681813,0.0005317988184241179,0.11673033180353572
2319,0.01358475955992984,0.42631554361798046,0.6440942773936195,0.0005317307003605666,0.11667685254205686
2320,0.013585034089114023,0.42720344589090886,0.6449168276133503,0.000531657070800524,0.11667972854304809
2321,0.013585647681774083,0.4295692362541333,0.6453478701297435,0.0005315807296345494,0.11674656893633689
2322,0.013586675947890287,0.43344957684523333,0.6452793377281089,0.0005314944290972692,0.11678434134250176
2323,0.013588031611088723,0.4385245897235418,0.6446925559888402,0.0005313931663806953,0.11676288480050676
2324,0.013589419319934347,0.4444247474652754,0.6437799368393724,0.0005312762646348216,0.11675319624323258
2325,0.013590551402082457,0.45097498360720395,0.6426341227771896,0.0005311667031429449,0.11676896330480803
2326,0.013591291700522416,0.4581585897593007,0.6413609008185103,0.0005310669917175288,0.11677953874485045
2327,0.013591662514280352,0.46551403318364654,0.6401526172907318,0.0005310067310051866,0.11682599472897368
2328,0.013591754220904506,0.4727650128640033,0.6393003038867701,0.0005309772690913887,0.11686833353902083
2329,0.013591684074935639,0.47967622017067596,0.6389206300697586,0.0005309732206007106,0.11685510671322724
2330,0.013591501843080679,0.4859991993482027,0.6391184086118276,0.0005310034056094237,0.11679121410504616
2331,0.013591197188047082,0.49129036816118693,0.6400748888850655,0.000531023618634605,0.11676869006183548
2332,0.013590732009496377,0.49523384134288134,0.6418262389017821,0.0005310627960853269,0.11676699502733066
2333,0.01359012461921856,0.4977316510446028,0.6441643555052774,0.0005311053535844733,0.11673160771085961
2334,0.013589369996241527,0.49868680940580895,0.6469362620903131,0.0005311481254893143,0.11669517141794312
2335,0.013588479659259571,0.49801616640885826,0.6502528431881324,0.0005311959338345873,0.11671148265049922
2336,0.01358740310318652,0.49597440073908106,0.6540400920719279,0.0005312500902805858,0.11673218661574233
2337,0.013586177985321551,0.4927282357586429,0.6580300553144556,0.0005312928958178708,0.11675289752790065
2338,0.01358490694031162,0.4881687871568148,0.6620256506660551,0.0005313704477475243,0.11679280956777366
2339,0.013583736905499204,0.48243191534966995,0.665848116408567,0.0005314380613260898,0.1168333537715387
2340,0.01358268486359,0.47597534464901314,0.6692146680081498,0.0005315037368420653,0.11683644512521639
2341,0.013581675499977257,0.4691015295105656,0.671947175278519,0.0005315377307113095,0.11680116664307624
2342,0.013580667022409528,0.4621279395789703,0.6741191223871627,0.000531558729892059,0.11678365823422797
2343,0.01357977712845847,0.4554279346612194,0.6756822350579048,0.0005315839583374544,0.11678165753814995
2344,0.013579220833980287,0.4493090345583438,0.6766326780386293,0.0005315841307029527,0.11679337226352454
2345,0.01357914419028084,0.4439968522303297,0.6771726326197635,0.0005315351914708758,0.11683257340746295
2346,0.013579544834539851,0.43983761784381736,0.6774389749854844,0.0005314648788986047,0.11681953414703197
2347,0.013580306988983434,0.4370755266171446,0.677397170195744,0.0005313917916595094,0.11677185088399127
2348,0.013581229666944125,0.4356912776583132,0.6771034817565535,0.0005313115827765856,0.11674866688889078
2349,0.013582252026026424,0.4355809314251586,0.6766390799491562,0.0005312451799614601,0.11676111798188545
2350,0.013583454401825965,0.43698149779203727,0.6757695383364685,0.0005311901532792615,0.11678027511247051
2351,0.0135848997042018,0.4399493804569734,0.6743726028873259,0.00053112796291256,0.11680534633837826
2352,0.013586455024991787,0.4442558992615158,0.6726244840721707,0.0005310778171210389,0.11681775343458026
2353,0.013587923807812286,0.4496701723439501,0.6706962596742507,0.0005310182332591808,0.11680671487022729
2354,0.013589084243702998,0.4561587801024486,0.6686202114649535,0.000530953142104827,0.11677089221710651
2355,0.013589790576714788,0.46337490367266926,0.666528099485561,0.0005309109881935736,0.11676085631676793
2356,0.013590058903516727,0.47096935487148534,0.664695471223002,0.0005308980355457533,0.11681714674203672
2357,0.013590084156068206,0.4787521743576359,0.6633285390865363,0.0005309116145956308,0.11688464708721531
2358,0.013590021393883326,0.4864735689181907,0.6625239602158388,0.0005309599904863036,0.11689839029666571
2359,0.013589871207667158,0.49368203559816753,0.6624551812914463,0.0005310102371746784,0.11688660147119924
2360,0.013589548536191902,0.499960237773621,0.6632776563300274,0.0005310823574844765,0.11686557563457715
2361,0.013588947643644666,0.5050987416489116,0.6648519703293139,0.0005311577569456063,0.11680508698889915
2362,0.013588073107975046,0.5089600409751253,0.6670487304538774,0.0005312426197010478,0.11672702278153316
2363,0.013587031846397684,0.5113047236538413,0.6698882797529881,0.0005313619934227062,0.11667349489198484
2364,0.013585958539189922,0.5120787747125625,0.6732820625106818,0.0005314694024458203,0.11667491899881853
2365,0.013584989343370803,0.5114322004496066,0.6769555630343079,0.0005315775681962934,0.11670205344270415
2366,0.013584272673049678,0.5092764435365227,0.6807416683869818,0.0005316657437355105,0.1167434081141811
2367,0.01358383924478103,0.5056314539448096,0.6845595674887417,0.0005317271059062085,0.11678506381629142
2368,0.013583587753010612,0.5008936361238342,0.6880146996234988,0.0005317452337277539,0.11681400212901277
2369,0.013583300228365267,0.49539606986839263,0.6908382021331344,0.0005317186011329635,0.11679942992741718
2370,0.013582868867551773,0.4892292520186377,0.6928933304671053,0.0005316943143926518,0.11675076252580628
2371,0.013582366770072735,0.48277258837243253,0.6941618432019504,0.000531676190775341,0.11669861706160044
2372,0.013581935113910903,0.47636910480822287,0.6945911488831434,0.0005316609889659002,0.11671089448306288
2373,0.013581657188187261,0.4701793649295227,0.6943162366340571,0.0005316125416065828,0.11675473381533703
2374,0.013581553667495295,0.46444017110290053,0.6936103955978613,0.0005315330642265657,0.11676889152069153
2375,0.013581685394247298,0.45965340067049626,0.6925135607906415,0.0005314603469431585,0.11677904551791464
2376,0.013582150868154735,0.4562191119296759,0.6910350341029811,0.0005313751857009126,0.11678286166068341
2377,0.01358298095342947,0.45410448179333857,0.6892996575807118,0.0005312726701804634,0.11680099297154403
2378,0.01358413607299974,0.45339262996939195,0.6873016140552758,0.000531138321667524,0.11680038627866353
2379,0.013585550068116023,0.45429324581534114,0.6848994837494355,0.0005310010555509494,0.11680008756366857
2380,0.013587155303303896,0.45669397329857425,0.6821448526559646,0.0005308627300162154,0.11683652385658505
2381,0.013588833342629253,0.46051337923412333,0.67929698136044,0.0005307535090515788,0.1168512234172818
2382,0.013590396047211621,0.46559448718396734,0.6764883550047858,0.0005306242222032847,0.11680269263698868
2383,0.013591631207020798,0.4717444827920849,0.6737298174767378,0.0005305105617723031,0.11674351231689825
2384,0.013592441208407116,0.47866147582724994,0.6711270783262021,0.0005304279439742476,0.11675379135758411
2385,0.013592884383271634,0.48619277063934163,0.6688785696696191,0.0005303914739254619,0.11681974023716482
2386,0.013593047860305695,0.4940930140348739,0.6671009036546619,0.0005303714837142059,0.11689137628118974
2387,0.013592919973124054,0.5021439887092981,0.6659377549573235,0.0005303836754309103,0.11690752078912882
2388,0.013592431018780346,0.5099685228542993,0.6656246144073936,0.0005304252029398674,0.11688384819803237
2389,0.013591502138437411,0.5171717109882091,0.666207784640242,0.000530511419396516,0.11682768050092489
2390,0.013590211157196441,0.5234912983577266,0.6675362831992501,0.0005306243525283476,0.11674380408531498
2391,0.013588735138274518,0.5286706635469105,0.6697170958885011,0.0005307688033498819,0.11669681550874009
2392,0.013587262072861152,0.532356146786557,0.6727411967228009,0.0005308962530326788,0.11672195157218608
2393,0.013585889426948631,0.5344856361038539,0.6762322874109234,0.0005310353563149895,0.11677932339216399
2394,0.01358468586973895,0.5351266771419145,0.6799043549071917,0.0005311416680837435,0.11681262433461012
2395,0.01358357121332743,0.5343701888539626,0.6835856904446446,0.0005312406858424537,0.11681387708521304
2396,0.013582406494843852,0.5324056362502441,0.6870356624481683,0.0005313394513590294,0.11679523402264637
2397,0.013581165723357502,0.5293475298855461,0.6899351893144811,0.000531432570849577,0.11677612320449235
2398,0.01357996600571818,0.5251275017040098,0.6921130266768346,0.0005315242441502943,0.11676599931023149
2399,0.013578894765973966,0.5199905326065271,0.6934924372631407,0.0005315912018985934,0.11677158690323534
2400,0.013578037065327474,0.5144483315371264,0.6938969224930065,0.0005316576635701373,0.11680067341580347
2401,0.013577498787290948,0.5086441143874816,0.6934981130540224,0.0005317031596933755,0.1167935714067422
2402,0.013577426721532703,0.5027073351145889,0.6925629302381052,0.000531688050372797,0.11674134721150466
2403,0.013577907110682285,0.4972272560872895,0.6910566671767749,0.0005316161612853935,0.11672788882389278
2404,0.013578932866312437,0.4926236379582962,0.6889549932180474,0.0005315117034983586,0.11675958967199764
2405,0.013580338591591324,0.4889191512551838,0.6863361771069901,0.0005313697372645963,0.11680600860590644
2406,0.013581900853142792,0.48632597422422624,0.6833166840532678,0.0005312071333977811,0.11683449537284622
2407,0.013583474190374438,0.4852162862225217,0.6799936712936271,0.0005310582767421069,0.11684499208151998
2408,0.013585087990756438,0.485665476636032,0.6764164795763782,0.0005309140108985363,0.11681908260091343
2409,0.013586785375599368,0.4875207287418741,0.6726960610141958,0.0005307885539307518,0.1167800921783847
2410,0.01358850033386145,0.4908464726173418,0.6689552010924371,0.0005306373135843983,0.11675138079654182
2411,0.013589986985441047,0.49567526788320626,0.6652988806662405,0.0005305057187178263,0.11673659092662136
2412,0.013591074617194276,0.5015437868381809,0.6619556196425485,0.0005304314165112953,0.11675390713883023
2413,0.013591745655710379,0.5081795154868427,0.6591310154596135,0.0005304133139142023,0.11678203035289982
2414,0.013592044994423534,0.5157082901618065,0.6568399943903425,0.0005304323287881698,0.11681321944896166
2415,0.013592028897762858,0.5238875366307955,0.6551362539161059,0.0005304868047409515,0.11685827448229823
2416,0.013591800148057864,0.5322645995089474,0.6542535979143077,0.0005305740343713282,0.1169086878621218
2417,0.013591463152045534,0.5406100055559293,0.6542926569372386,0.0005306794506794298,0.11692799087691524
2418,0.013591048773937728,0.5485861946731755,0.6551941108361117,0.0005307841060561765,0.11690105094497047
2419,0.013590518470390259,0.5557940050593694,0.6568979817938069,0.0005308845784129474,0.11680464933661101
2420,0.013589826757272275,0.561985161460217,0.6593474497506153,0.000531009968116083,0.11669610924441924
2421,0.013588949711108212,0.5670899675196536,0.6623342602886612,0.0005311418782856815,0.116626707774266
2422,0.013587900032019283,0.5709010860064977,0.665673466571432,0.0005312814314003163,0.1166289701357985
2423,0.013586760123056284,0.5732593720516692,0.6691689517136716,0.0005314324279122879,0.11668891229485746
2424,0.013585627154846371,0.5741943369233108,0.6725379448331391,0.0005315652041140907,0.11677333519708642
2425,0.013584508954212827,0.5739366181113691,0.6754789733744929,0.0005316769096662604,0.11683576664855636
2426,0.013583455583227709,0.5724402624947994,0.6778220983413057,0.0005317667458014806,0.11682664541830987
2427,0.013582510015527422,0.569674463420179,0.6794200938628799,0.0005318282256852543,0.11674668008630622
2428,0.01358181815473527,0.5659705247272072,0.6801433159264783,0.0005318885578662409,0.11667632689618343
2429,0.013581491200667147,0.5616468313872621,0.6799865931186546,0.0005319166870992886,0.11664195613688322
2430,0.01358147569471154,0.5568700019215524,0.679117004961836,0.0005318881458703565,0.11660660123901281
2431,0.013581584088701441,0.5519093780406068,0.677563358210766,0.0005318279734428809,0.11661604202499987
2432,0.013581780645093475,0.5472363077889549,0.6753164976947085,0.0005317788534370752,0.11666966485504869
2433,0.013582229431643559,0.5432021930040896,0.6724575596632479,0.0005317197404277589,0.1167278170394393
2434,0.013583070592598473,0.5398793709518438,0.6690110320054856,0.0005316388967347864,0.11677718144315441
2435,0.013584385497306613,0.5375362683842254,0.6650270472984946,0.0005315506118904851,0.11683577822674836
2436,0.01358609410550389,0.5364068181638536,0.6606958386868796,0.000531429472471974,0.11686127552675223
2437,0.0135879489126812,0.5365189265348767,0.6562821091692023,0.0005312877206443845,0.11683208249582856
2438,0.01358977551379008,0.5380382635859786,0.652012390406547,0.0005311229264723671,0.11676561723292803
2439,0.013591503762870057,0.5410995097084738,0.6479332211930369,0.0005309713329867866,0.11670797911621883
2440,0.013593099842158734,0.5455342756829032,0.6440737891240103,0.0005308400870554458,0.1166696949583479
2441,0.01359450423836171,0.5510566846214607,0.6406615862183086,0.0005307201373803961,0.1166273816199862
2442,0.01359559762946628,0.557751074087925,0.6378929343271315,0.0005306135355330681,0.11661734108837081
2443,0.013596200441802894,0.5655685942433836,0.6358035440630422,0.0005305523036874331,0.11666463764249427
2444,0.01359634383493175,0.5739524638404551,0.6344674252595649,0.0005305480407905822,0.11672676574769245
2445,0.01359627516572136,0.5825391615053636,0.6339898408699477,0.0005305758084761723,0.11676322519665597
2446,0.013596177256706567,0.591248799812426,0.634428427467938,0.000530617071130769,0.1168059808185826
2447,0.013595956186142294,0.5997962983569113,0.6356667409446868,0.0005306586701086097,0.11682175945835005
2448,0.013595398710262364,0.6076981523513101,0.6377092510528257,0.0005307124061504933,0.11675959893455123
2449,0.013594385507070868,0.6148657940775402,0.6405674611406535,0.0005307939098779668,0.11665528253445412
2450,0.0135930153716444,0.6211667917124446,0.644067033495211,0.0005309073769229934,0.1165850798598165
2451,0.013591452814736199,0.6263588159564654,0.6478328983202472,0.0005310372817653532,0.1165406662532625
2452,0.013589781125467255,0.630276306022929,0.6514925940692571,0.0005311728620619503,0.11656450788461437
2453,0.013588014037677964,0.6329142794688258,0.6548448429276692,0.0005313039230153274,0.11668294030891174
2454,0.013586127775575326,0.6341680870505053,0.657757835688002,0.0005314299391205201,0.11680811118973713
2455,0.013584219805134839,0.6338617708270999,0.6600796760579178,0.0005315736248064648,0.1168341248733978
2456,0.013582486387408589,0.6321345118249082,0.6615195256996098,0.0005317158600988223,0.11678051362120402
2457,0.013581034291953837,0.6293210759812468,0.6619794973905505,0.0005318208938392486,0.1167122329116127
2458,0.013579899551637109,0.6255098222929317,0.6615098247727409,0.0005318969407224144,0.11664656422225671
2459,0.013579092356101968,0.6209522677252876,0.660192803750053,0.0005319405450274939,0.11660276888677522
2460,0.013578750043752407,0.616255668394178,0.65811476695523,0.0005319803656962559,0.11663228378907786
2461,0.013579058833704702,0.6117971077765175,0.6553082220966255,0.000531985381116231,0.11670148380003807
2462,0.013580035560990373,0.6076272856803582,0.6517972344891931,0.0005319202395132114,0.11673126499873503
2463,0.01358149976585288,0.6040486403526035,0.647699255938989,0.000531825245020727,0.11676595531343884
2464,0.013583168501613266,0.6013165306833953,0.643189118241441,0.0005317310366838107,0.11681454166837964
2465,0.01358475291452509,0.5996539816148543,0.6384237535128137,0.0005316371562621473,0.11682387825131259
2466,0.01358623749864114,0.5992313011598019,0.6335644343218584,0.0005315674154390327,0.11678659907275746
2467,0.01358780994981938,0.600198370714692,0.628891570598436,0.0005315137298458149,0.11676040245501099
2468,0.013589566552633561,0.6025286506112941,0.6246091495988212,0.000531434975560713,0.11673310823308661
2469,0.013591382225744826,0.6060837352416628,0.6208697327839884,0.0005313508022677429,0.11669106350675762
2470,0.013593080939672063,0.6108760785673354,0.6177386418666216,0.0005312741037580674,0.11667277010255679
2471,0.01359454942713583,0.6169060979154437,0.6152539617995396,0.000531211766250081,0.11671976562604688
2472,0.01359578650672599,0.6239936661492755,0.6135123206325085,0.0005311833469382204,0.1167597216623756
2473,0.013596806355322235,0.6317869376067983,0.6127068614275383,0.0005311566807112251,0.11674465160256739
2474,0.013597552708461873,0.6401313472601572,0.6128909771829645,0.0005311266092115919,0.11671551877756822
2475,0.013597864747279457,0.6487758212979151,0.6139575799279271,0.0005311088765699479,0.11670337566212213
2476,0.013597726670471042,0.6572681058558144,0.6157615633854029,0.0005311308594962165,0.11666759237451721
2477,0.013597274487389894,0.6654129004049505,0.6182235924514125,0.0005311859198108589,0.11662490159012884
2478,0.01359666886921889,0.673109884267642,0.6214187066121948,0.0005312374907719926,0.11662992880268325
2479,0.013595903908932522,0.6802476320860189,0.625251435540585,0.0005312794933377264,0.11664880805901896
2480,0.013594846698377044,0.6864449328469084,0.6294333435101479,0.0005313152150673835,0.11666395684985888
2481,0.013593418526389463,0.691544354018641,0.6336230630495675,0.0005313638558124169,0.11671756810205265
2482,0.013591710213540524,0.6954862131584654,0.637638117568985,0.0005314339077343231,0.11678050667462578
2483,0.01358988863340375,0.6981863764952799,0.6411093508400385,0.0005315153021567125,0.1167791751926542
2484,0.0135880852173828,0.6995386014392467,0.6437535598335115,0.0005315940186056138,0.11672631883285071
2485,0.013586349141496331,0.6995454879196589,0.6455808268028959,0.0005316846198759456,0.11667533812599945
2486,0.013584855106132748,0.6981831479856253,0.6464087865541279,0.0005317718116698827,0.11660077050599864
2487,0.013583792283900097,0.6956041080363603,0.6460462241940692,0.0005318310381882789,0.11653455301438521
2488,0.013583272908350244,0.6922734246702386,0.6444783582863001,0.0005318954230639395,0.1165705030269441
2489,0.013583322675073962,0.6885187293107967,0.6419268082144842,0.0005319356599328207,0.11667468280538647
2490,0.013583849434407803,0.6845825087220989,0.6385627187053894,0.0005319442361747101,0.11671014190631099
2491,0.013584680701092677,0.6807202670406377,0.634513041717994,0.0005319131557055835,0.11670211828024242
2492,0.013585643399181217,0.6772347194691145,0.6299832752286887,0.0005318677310512288,0.11669735736374535
2493,0.01358668155956746,0.674332140529668,0.6252085678203667,0.0005318418131433621,0.11667749860011624
2494,0.013587874188762736,0.672079767961733,0.6202393318871908,0.0005318302898691502,0.11663281869750489
2495,0.013589270167445754,0.6707858007720818,0.6151998183939427,0.0005318209442876755,0.11660238680947176
2496,0.013590807767150812,0.6708718336266214,0.61033478084181,0.0005317896410043846,0.1166221205296381
2497,0.01359229028381171,0.6724391540712427,0.6058473356786774,0.0005317582410279967,0.11661503936132246
2498,0.013593560147411504,0.6755359843614126,0.6018807251436018,0.0005317395792934954,0.11661029928557101
2499,0.013594616028891069,0.6802351304580267,0.5986776726658483,0.0005317532298120173,0.11665308964173669
2500,0.013595587144491172,0.6863287444888685,0.5965192360111995,0.0005318021606361027,0.11672435750195158
2501,0.013596610980331946,0.6933649492905944,0.595489728202515,0.0005318414095554691,0.1167614004874116
2502,0.013597591842536314,0.7010552603775085,0.5955376811034047,0.0005318639390069198,0.11675219589485661
2503,0.013598339967782765,0.709238379764711,0.5966764253566563,0.0005318781402546196,0.11666192373484324
2504,0.013598747700477427,0.717636484809001,0.5988735414832738,0.0005319069421341556,0.11651185529964231
2505,0.013598876326038309,0.7261702119299257,0.6018093323041941,0.0005319609346224083,0.11639784802696959
2506,0.013598792003198142,0.7348799800732414,0.6052580318271652,0.000532012522399764,0.11638529967783603
2507,0.013598461504907997,0.7434812970521912,0.6091326995207031,0.0005320717615303864,0.11645109109501638
2508,0.013597799769956863,0.7515541677639814,0.6132937164853076,0.0005321511127890974,0.11654419525922832
2509,0.013596804583215421,0.7587840515584752,0.6174756798966364,0.0005322433326149968,0.11663648664076387
2510,0.013595528369550821,0.7650913845154947,0.6215320217028281,0.0005323562867672852,0.11669273075360162
2511,0.01359404644359499,0.7703300220756274,0.6253002649096118,0.0005324669539215133,0.11669313598728909
2512,0.013592485511119436,0.7742982802795333,0.6285631058439234,0.0005325794204050379,0.11670325293429779
2513,0.013591039618046927,0.776901283621014,0.631169776318665,0.0005326722960614426,0.11671821184447365
2514,0.01358983930971093,0.7782892927682703,0.6331012420985099,0.00053274812433444,0.11667980032716459
2515,0.01358895089251835,0.7785149864854566,0.6341717321821012,0.0005328021084147011,0.11662727278565528
2516,0.013588407445827157,0.7776244823387463,0.6340841842572361,0.0005328282449327363,0.1166272936264009
2517,0.013588271879504794,0.7758075369514585,0.6326977034615778,0.0005328215647127623,0.11669138306216122
2518,0.013588659380620084,0.7732630382492952,0.6301516049696305,0.0005327929856476295,0.11671334209398262
2519,0.01358958412604432,0.7702207638165749,0.626515472980417,0.0005327432980964241,0.11667460407435476
2520,0.013590848230301166,0.7667900173515546,0.6220988244889114,0.0005326713921927986,0.1166408562170669
2521,0.013592222057623827,0.7632063978729114,0.6172064768294168,0.0005326183330011602,0.11662496411169174
2522,0.013593665587884452,0.7597129591859838,0.6120031431538671,0.0005325758301549143,0.11661051232261907
2523,0.013595204221325482,0.7567194628188962,0.6065421911539781,0.0005325390658233199,0.11663729247686203
2524,0.013596789372616545,0.7546561918162475,0.601059898473372,0.000532502293083495,0.11668632343100616
2525,0.01359832756301828,0.7538473533331725,0.595819184942536,0.0005324676559962107,0.11673446518674363
2526,0.013599747169820129,0.7545466733985158,0.5909576699729425,0.000532430639422243,0.11672785640495516
2527,0.013601014670616434,0.7567158527705689,0.5867028758621785,0.0005323705762998515,0.11671177210327753
2528,0.013601980026865194,0.7602236268135667,0.5834100594596514,0.0005323246513647458,0.11669495143397986
2529,0.013602445057741731,0.7649001849265543,0.5813887983150656,0.0005323173993953763,0.11665764215212553
2530,0.013602369447761465,0.7704497323002921,0.5806994266411123,0.0005323742169986409,0.11664715239003001
2531,0.013602059476407427,0.776628446795633,0.5812789380626097,0.0005324572215686064,0.11663809831296018
2532,0.013601889058611883,0.78346183858657,0.582969845121905,0.0005325462042836095,0.116579626572829
2533,0.013602089454582671,0.791132109973292,0.5856549873386887,0.0005326003733415952,0.11650447541633169
2534,0.01360257338794588,0.7995301894381416,0.5891105381911238,0.0005326051449271884,0.11646819427017718
2535,0.013603071350514615,0.8082685375763062,0.5930849719441703,0.0005325835571808214,0.11642415810998681
2536,0.013603201895856478,0.8168833575735321,0.5974282745791901,0.0005325332264113368,0.11638705954954214
2537,0.013602693595995198,0.8251097899399378,0.6019399416799537,0.0005325030750350675,0.11643387677022322
2538,0.013601473203753996,0.8326989852972224,0.6063833548264559,0.0005325325705810705,0.1165365652889922
2539,0.01359966653886776,0.8393780407476724,0.6105013710246877,0.0005326225832860237,0.11658474177896871
2540,0.013597553742197843,0.84506693148401,0.6140742933448807,0.0005327171363541755,0.11662330381176293
2541,0.013595434300106388,0.8497729931403549,0.6169148806641291,0.0005328222205430286,0.11667645657092299
2542,0.013593550548489803,0.8534082564862377,0.6189395027909268,0.0005329383907859956,0.11667233013463026
2543,0.013592099191414287,0.8559741353572095,0.620159041122809,0.0005330405573709746,0.11665112831083756
2544,0.01359119201940081,0.8573864036240954,0.6205747033728912,0.0005331010871419121,0.11666887291278094
2545,0.013590855318736815,0.85735369030101,0.6200467331853626,0.0005331279299386404,0.11674084472201524
2546,0.013591023964417151,0.8559298365394019,0.6185406134113037,0.0005331311712535326,0.1167479166277773
2547,0.013591581144948742,0.8534985407114549,0.6160116335452294,0.0005330886053466336,0.1166690280595429
2548,0.01359239454287452,0.8502282242456571,0.6125626783146666,0.0005330231610528138,0.11659853130085016
2549,0.013593396670377443,0.8462191287439539,0.608378076551584,0.0005329642204089958,0.11658112246377919
2550,0.01359454573523964,0.8419326619298593,0.6036935642291472,0.000532912439245924,0.11660631410220985
2551,0.013595722120108464,0.8377572496210899,0.5986039254092109,0.0005328794333261947,0.11667143630494681
2552,0.01359680414018452,0.8339480147948982,0.593358998714262,0.0005328748845547656,0.11680694411674415
2553,0.013597737303128715,0.830826602855966,0.5882846087562095,0.0005328867777844265,0.11689189729578638
2554,0.013598583780412465,0.8288552421604041,0.5835971687777083,0.00053290477528067,0.11690246810488897
2555,0.013599381229360129,0.8281925232393393,0.5794782974648348,0.0005329339681356337,0.1168733260173362
2556,0.013600151653641106,0.8288672285762521,0.5759224166701049,0.0005329724435116581,0.11684893326808848
2557,0.013600845877253537,0.8310203970029403,0.5730930117408589,0.0005330288238948248,0.11680216467547685
2558,0.013601457845480952,0.8346044719007533,0.571199623826378,0.0005330735254542643,0.11674605023737866
2559,0.013601991693250442,0.8392765418520819,0.5704582645012969,0.0005331338618394857,0.11671814932291075
2560,0.01360256408438091,0.8447389966445257,0.5710192348779634,0.0005332120485791879,0.11669276548784066
2561,0.01360323276008513,0.8508441203241586,0.5729434617592928,0.0005332683280652619,0.11664769656101065
2562,0.013603966708468676,0.8575077844857012,0.5761055279772584,0.0005333125882006077,0.1166014860328731
2563,0.013604699180085352,0.8648034767187985,0.5802065039106636,0.0005333457748938269,0.11656079362892434
2564,0.013605365492986084,0.8726646004758611,0.5848183625723008,0.0005333510299441881,0.1165241651397054
2565,0.013605828013376568,0.8808473914529351,0.5896402999652367,0.0005333360929893469,0.11648509135486816
2566,0.013605947187689916,0.8889007552242019,0.5944212401102749,0.0005333162036751836,0.11647885770380491
2567,0.013605619790590892,0.8962434251238517,0.5989915228201207,0.0005333317460118643,0.11649027602982294
2568,0.013604862509445245,0.9026397223135115,0.603256587738573,0.0005333763508784458,0.11651045203355423
2569,0.01360380544657233,0.9081429571505967,0.607194319023339,0.0005334411981984177,0.11656056206710604
2570,0.013602588303196418,0.9127021185574269,0.6106824213280719,0.0005334895782930862,0.11663916118289905
2571,0.013601295697531199,0.9162265101094245,0.6135638100975405,0.0005335408801958637,0.11668830560231393
2572,0.013600037795656595,0.918751658922505,0.6157240312167995,0.0005335771190222546,0.11670421854809775
2573,0.013598899363452072,0.9202142238694083,0.6169926488260968,0.0005335964071588132,0.1167096394164846
2574,0.01359801714863334,0.9203367499129579,0.6171068568076589,0.000533617595521522,0.11669032250786075
2575,0.013597588593662628,0.919056703058846,0.615878042956381,0.0005336298881350801,0.11664733995539263
2576,0.013597702894678041,0.9166246524974339,0.6134571061885947,0.0005336136521316934,0.11664099052308326
2577,0.013598261847324841,0.9133181944472507,0.610009087708889,0.0005335551192800032,0.11664914845516819
2578,0.013598995943374161,0.9094745757295076,0.6056023331900701,0.0005334660650963555,0.11665193183129731
2579,0.01359965546318758,0.9055344408405354,0.6005147451465936,0.0005333864027383748,0.1167120754495493
2580,0.013600161695593709,0.9017599587062037,0.5951235881177771,0.0005333392712438249,0.11677653306911966
2581,0.013600678856005848,0.8980813424904023,0.5896629275320041,0.0005333320066622292,0.11678171311279764
2582,0.01360138179247818,0.8946388620849155,0.5843171222832095,0.0005333202227376525,0.11674728446321135
2583,0.013602220147598704,0.8919324496994507,0.5793929558427815,0.000533308211794677,0.11675689660509221
2584,0.013603070021430307,0.8902374685847979,0.5750773774472885,0.0005332986644194947,0.1167824379022257
2585,0.013603837492202725,0.8897142414680492,0.5714906443599691,0.0005333010943546051,0.11677728101459475
2586,0.013604530091374117,0.8905432324115159,0.5687551801075161,0.0005333121341642878,0.11677571333952806
2587,0.01360516465399279,0.8926814246930829,0.5670202314629047,0.0005333231529535139,0.11680257917171794
2588,0.013605745314960652,0.8956949172223464,0.5664265586171594,0.0005333693553554454,0.1167912349454548
2589,0.013606297031489238,0.899486568476111,0.5670346256257563,0.0005334239700417595,0.11674086093114708
2590,0.013606826153634963,0.904103136044293,0.5689089250091776,0.0005334792531703272,0.11667394875340481
2591,0.013607335930254719,0.9094129616182814,0.5720245665061131,0.0005335161730514369,0.1166423729487627
2592,0.013607793134316367,0.9153385006741279,0.5761004053958672,0.0005335280578731064,0.11663302478763775
2593,0.013608075047284538,0.9218483549249423,0.5806695545229869,0.000533526805069231,0.11664540872745574
2594,0.013608137071098574,0.928677615508354,0.5855711607129728,0.0005335233157157223,0.11666158796997084
2595,0.01360794996594568,0.9353470297311512,0.5907132502614786,0.0005335082568438096,0.11663992533750599
2596,0.013607516390002865,0.9415749317464439,0.5957195948184335,0.0005335000085169338,0.11656898397960991
2597,0.013606832060668868,0.9472629663499248,0.6003925859172176,0.0005335039981509545,0.1165185590219313
2598,0.01360587143003548,0.9521988552087819,0.6047701463621595,0.00053350381317323,0.11653770225868597
2599,0.013604653252940387,0.9561137501301391,0.608774511762155,0.0005335226935178998,0.11661371714156751
2600,0.013603300247893777,0.9590393063593667,0.6121804783646303,0.0005335654570147495,0.11671203608403345
2601,0.013602039835533122,0.9611506969176699,0.6149127606549016,0.0005336395826517863,0.11680794214948173
2602,0.013601127051842469,0.9625065582224894,0.616876691162718,0.0005337019579962124,0.11682440852846282
2603,0.013600694214278893,0.9628649552613747,0.6177417306742652,0.0005337412279357966,0.11678255136749645
2604,0.013600658624426474,0.9620595728142681,0.6173364081554046,0.0005337195182721191,0.11673746854683602
2605,0.013600822839839773,0.9599880256169819,0.6158188678746684,0.000533670309981447,0.11670771281982452
2606,0.013601046125541761,0.9567830645672429,0.6132701098404018,0.000533615611214501,0.1166665897108398
2607,0.013601302638284286,0.9528386373188606,0.6097014208503617,0.0005335573558293976,0.1166697713737412
2608,0.013601668283395948,0.9485009297558937,0.6053300884185465,0.0005335230046169306,0.11677666274385921
2609,0.013602209514949426,0.9439289763268532,0.6004539923736315,0.0005334860132671762,0.11686238007784534
2610,0.0136028623893497,0.939283609017477,0.5953243217820425,0.0005334474327900634,0.11686580719673242
2611,0.013603473619206271,0.9347729752047987,0.5903074575942902,0.0005334212121913965,0.11685321485114317
2612,0.013603977931823023,0.930566581106314,0.5856405379425664,0.0005334281993061664,0.11683537993997609
2613,0.013604411064743333,0.9269205141354139,0.5814454916953172,0.0005334500140706934,0.11680248191557903
2614,0.013604915672708422,0.9241225869866865,0.577883420122489,0.0005334766424614879,0.116788873012145
2615,0.013605569728518835,0.92251628066689,0.5752046464501008,0.0005334822422430849,0.11681571568828782
2616,0.01360628359300557,0.9221362047229107,0.5735123958990066,0.0005334763019342481,0.11683958742260193
2617,0.013606894232148678,0.922937420508554,0.5727400423941583,0.000533468768294057,0.1168373736891389
2618,0.013607326479007186,0.9249257264807872,0.5728522748453063,0.0005334624243975662,0.11683785765419503
2619,0.013607530123843263,0.927951761771177,0.573875008638955,0.0005334782610168167,0.11682479523738006
2620,0.013607578413808505,0.9317471368525375,0.5758868887503997,0.0005334902088991392,0.11678206740277726
2621,0.013607633496852666,0.936274526819979,0.5787838177903447,0.0005335187459240755,0.11675077178802291
2622,0.01360783433584596,0.9414869043263221,0.5824485321051281,0.0005335439491450185,0.11673942987773515
2623,0.013608189348299951,0.9471614096795601,0.5866758667569487,0.0005335582008413842,0.11669307346538924
2624,0.013608580541311428,0.9529994387123857,0.5911900759344042,0.0005335294662267361,0.11665692430961268
2625,0.013608817856210549,0.9586939922889394,0.5957434162962121,0.0005334914322748053,0.1166495004295094
2626,0.013608776654680957,0.9638702753760747,0.6002658580394603,0.0005334592755712974,0.11663853828088672
2627,0.013608361095179801,0.9682498041178641,0.6046692330904161,0.0005334235958820757,0.11662778453803528
2628,0.013607612083871547,0.9717689206035711,0.6086347761564467,0.0005333913004452743,0.11667189942925733
2629,0.013606668878983144,0.9745228214569354,0.6119992916833118,0.0005333719954927328,0.11673279562426123
2630,0.01360568048532062,0.97677678449974,0.6147776989116941,0.0005333741311450344,0.11676484381543051
2631,0.013604729158260597,0.9785401750315686,0.6168051373001421,0.000533366521832442,0.11675772096596061
2632,0.013603857723773706,0.9797422818017956,0.617917146252032,0.0005333492306148917,0.11674778695303774
2633,0.013603058945750129,0.9800503142838123,0.6180356379229252,0.0005333477255686429,0.11673760053721398
2634,0.013602386873498054,0.9791284819363888,0.6171122430539775,0.0005333699523290544,0.1167213749826048
2635,0.013601902349429778,0.9768256443305646,0.6151655524099051,0.000533368909727117,0.11667505793577473
2636,0.013601679802107027,0.9732260523069338,0.6123900920219044,0.0005333688172382547,0.11662266238464339
2637,0.013601806212530192,0.9687299385596245,0.6090304906627236,0.0005333723906723953,0.11664240305172495
2638,0.013602295314548069,0.9638521258577717,0.6052189858331114,0.0005333610733961258,0.1167302484412272
2639,0.013602955129709826,0.9588085214413352,0.6010786866857771,0.0005333390946740919,0.11682134033116913
2640,0.013603592498162887,0.9534839550667729,0.596866296244352,0.0005333378755024215,0.11685078113371687
2641,0.013604147020534259,0.948145590244588,0.5928216183691642,0.0005333468132917685,0.11684281771357279
2642,0.013604651923856079,0.9431356441606158,0.5891270692720796,0.0005333692250301435,0.11685057967452385
2643,0.013605066597303829,0.9384376404408873,0.586012215010109,0.0005333994310590743,0.11683296474732002
2644,0.013605291507446856,0.9343493394574367,0.583710330404849,0.0005334233394357066,0.11676901424851588
2645,0.013605305093613088,0.9314295933118292,0.58222205532522,0.0005334613103267453,0.11672609421761064
2646,0.013605176763400544,0.9298299208178203,0.5813240932689653,0.0005335052635670561,0.1167481782928948
2647,0.013605066449629659,0.9293713544100588,0.5810194280215347,0.0005335646204107543,0.11679046152829427
2648,0.013605146342202792,0.9300455843471992,0.5814728526064632,0.0005336183438406506,0.11679361540353485
2649,0.013605483190540954,0.9321117695270285,0.5827713681914294,0.0005336364968861705,0.11679687811344332
2650,0.013606010835928202,0.9354310163085939,0.5847967029353934,0.0005336543178126811,0.11678891700893765
2651,0.013606566096670417,0.9396471273116904,0.5873695033722366,0.00053366745123423,0.11671691278143967
2652,0.013607030241493547,0.9444989105070237,0.590330432257192,0.0005336711549936725,0.11664969957272706
2653,0.013607366646809203,0.949799057010852,0.5936119376544299,0.0005336607920344739,0.11665619025796799
2654,0.013607587126676802,0.9551434989470036,0.5970854297331787,0.0005336538637763612,0.11666634888613092
2655,0.013607666576219033,0.9602639829387466,0.6006606676380304,0.0005336506224612301,0.11660570509402791
2656,0.01360762286420339,0.9649834948332405,0.6043100873890646,0.0005336447872534817,0.1165695605691912
2657,0.013607458796464258,0.9691873443181481,0.6079422431268144,0.0005336460989140145,0.11662354463613483
2658,0.013607201102311596,0.9727800776400632,0.6113060668156114,0.00053364963871595,0.1166932378747048
2659,0.013606841954938907,0.9757479572135546,0.6141834683151297,0.0005336695280301133,0.11674278289653037
2660,0.013606437323435368,0.9781424245561945,0.6164062330773197,0.0005336930622470618,0.11678347298450376
2661,0.013606049379289178,0.9799050283183277,0.6179208310741913,0.0005337148475833796,0.11677756120481948
2662,0.01360579522935854,0.9808539492227345,0.6186632818038392,0.0005337314072977842,0.11672649018874452
2663,0.013605734682311374,0.9807547324760458,0.6185287379391655,0.0005337488498606152,0.11665863786888774
2664,0.01360588221036732,0.9794908257635122,0.6175351426505977,0.0005337457094425768,0.11662275500950549
2665,0.013606204438811676,0.9769680564909232,0.6157964156744327,0.0005337253660920937,0.11660770810574433
2666,0.013606676262767133,0.9734258035171018,0.6134300312499786,0.0005336975731822902,0.11665767920200297
2667,0.013607212030317605,0.9691744380212325,0.6106298261882901,0.0005336834854434313,0.11675489590867723
2668,0.013607698769523597,0.9642738474187291,0.607575134952048,0.0005336795420538417,0.11679769552739652
2669,0.01360806116576997,0.9588001024481271,0.6043861008529047,0.0005336753842580794,0.11679479637035824
2670,0.013608328015813433,0.9529940626817217,0.6013176465990727,0.0005336837124615912,0.1168194716251321
2671,0.013608478645060504,0.9469562183118905,0.5985833029032303,0.0005337177904117062,0.11684118983224465
2672,0.013608477759007096,0.9408150600420739,0.5962523621650513,0.0005337773406411204,0.11678632582944794
2673,0.013608362276581545,0.9351178667240564,0.5943849689066629,0.0005338470604437783,0.1167230237043416
2674,0.013608347952036077,0.9304792039751428,0.5930376040282638,0.0005339183441495813,0.11671163548162278
2675,0.013608641236041157,0.9271384478547371,0.5921621573863239,0.0005339775874841995,0.11673389091280074
2676,0.01360925069378252,0.9248673292565914,0.5916691302246481,0.0005339917004470328,0.11672985941700853
2677,0.013609990253834846,0.9237974723142494,0.5916755130903146,0.0005339847427604721,0.1167191844051888
2678,0.013610715046319196,0.9240360753493072,0.5922989287885595,0.0005339418783665297,0.11671084122371662
2679,0.013611339123962759,0.9254354693232839,0.5934387490135933,0.0005338916232699244,0.11667111443356783
2680,0.013611862043717846,0.9279292791004895,0.59491474678185,0.0005338282011195651,0.11665000755027563
2681,0.013612250873917441,0.931410623309963,0.5967074907382153,0.0005337683986475386,0.11667487268638749
2682,0.013612483020170287,0.9355326311122198,0.5988007484565689,0.000533704690622362,0.11668991032759504
2683,0.01361255538127687,0.939911341078293,0.6010942333132853,0.000533645993812926,0.11664844219084734
2684,0.01361253455900082,0.9443612163366061,0.603485502866754,0.0005335608283664453,0.11660782388699045
2685,0.013612348192227163,0.9487671173385424,0.606040643052833,0.0005334606376804959,0.11659321231987901
2686,0.013611885671836679,0.9529238818847681,0.6087493489686595,0.0005333649537253012,0.11659233933094117
2687,0.013611194844772101,0.9566193279344327,0.611382099380923,0.0005333052437423759,0.11663480781572787
2688,0.01361047994655779,0.9599352936759485,0.6137355966083465,0.0005332542739588469,0.11673740602493617
2689,0.013609908441480731,0.9628543320256894,0.6157104551199639,0.0005332282299299131,0.1168170541171746
2690,0.013609462313099261,0.9652530227512606,0.6172225657349167,0.0005331876693500139,0.11679241128100139
2691,0.01360897217735381,0.9669345160289478,0.6182228539173295,0.0005331578542967498,0.11670913692665821
2692,0.013608346770634333,0.9677196647942429,0.6186899933588438,0.0005331578585007456,0.11666359098168724
2693,0.013607699950933737,0.967492796025915,0.6184829522503144,0.0005332009835452917,0.1166588069094801
2694,0.013607238611953391,0.9661870263809207,0.6175232754616553,0.0005332399003454098,0.11666954444286273
2695,0.013607076168646905,0.9637999647585768,0.616111246998699,0.000533277198590199,0.1167262192610734
2696,0.013607164774088333,0.9604457958034841,0.6144693995036693,0.0005333225349596873,0.11679406463401498
2697,0.01360736694215754,0.9562770980323877,0.6126740457566273,0.000533355872998426,0.11678925277414703
2698,0.013607458796464258,0.9513925027367675,0.6108001872120836,0.000533384254473847,0.11674494800192395
2699,0.013607327365068988,0.9458413706340183,0.6090374154087226,0.0005334223598944223,0.1167527771157147
2700,0.013606989630669024,0.9397281619822276,0.6073380854620618,0.0005334971707896957,0.11675430079432571
2701,0.013606563586184365,0.9334110703689719,0.6057727876956424,0.0005335943345669257,0.11668903270738039
2702,0.013606236779798806,0.9273732813188847,0.6044748788274837,0.0005336993388791427,0.11665988367291241
2703,0.013606218024977907,0.9219455216972872,0.6034983111863329,0.0005337859126790141,0.11671790386692507
2704,0.013606530506826392,0.9173953945174431,0.6027627974141494,0.0005338304208527375,0.11674066873484464
2705,0.013607087982706321,0.9138991836644433,0.6021625330501587,0.0005338385556705334,0.1167113992881907
2706,0.01360773332564844,0.9114809940602727,0.6018013662601267,0.0005338020099491074,0.11669562759533846
2707,0.013608327277434195,0.910356019113155,0.6017547431483466,0.0005337595028983879,0.11670617524772008
2708,0.013608770156950376,0.9106065481570267,0.6018681696071592,0.0005337096177574707,0.11670317883454288
2709,0.013609135359031138,0.9122053835300614,0.6021698672737713,0.0005336712138500908,0.11670850939336906
2710,0.0136095993561801,0.914994665389803,0.6027554308406469,0.0005336220770283022,0.11673195273828563
2711,0.013610241450256928,0.9186345757251075,0.6035338919133086,0.0005335620349261285,0.11671847582522955
2712,0.013610925927265092,0.9227608862486532,0.6043940525660357,0.0005334665401528931,0.11664239610480974
2713,0.013611369397486342,0.9270776840519644,0.605496044216893,0.0005333641171213061,0.11656540171429783
2714,0.013611330558768633,0.9316347187159201,0.6069356467807603,0.0005333035999625947,0.11654474174584736
2715,0.013610856371992901,0.9365111079091214,0.6086596961414357,0.0005332934303893511,0.11660078208419064
2716,0.013610277483131853,0.9414022362091474,0.6105610865093164,0.0005333184192043603,0.11668150230858461
2717,0.013609992025950054,0.945980557229147,0.6125086074101589,0.000533329959294794,0.11673562068154461
2718,0.013610133499297928,0.9500516097125139,0.6142296846072643,0.0005333276807049643,0.11672184736913198
2719,0.013610497667651112,0.9535798060758789,0.615606048673166,0.0005332752268951652,0.11667327027674478
2720,0.013610720214973863,0.9564726581576708,0.6166937323994693,0.0005332084583288255,0.11664008279990636
2721,0.013610610196551317,0.9585554833365094,0.6174574244529103,0.0005331886404833067,0.11663085505096736
2722,0.013610214868621141,0.959886169416827,0.6177687053639841,0.0005331823386270123,0.11663310814994625
2723,0.013609603491098797,0.9603800308726871,0.6176674464597147,0.0005331853781479579,0.11666047647196251
2724,0.013608885048670857,0.9595767113739228,0.6173582664702608,0.0005332196705040065,0.11671054945529989
2725,0.013608273523474343,0.9574432756538614,0.6169379369314889,0.0005332874270198611,0.11674307466461012
2726,0.013607996483795714,0.9542326277593911,0.6163495621745044,0.0005333273317694939,0.11674936852193483
2727,0.013608063380907686,0.9499724581669129,0.6156560309279818,0.0005333411336335356,0.11672618452683435
2728,0.01360835134858393,0.9446930420826866,0.6149637858467512,0.0005333381529690083,0.11668394065728771
2729,0.013608633852248775,0.9387058175304264,0.6142999265326122,0.0005333240526181622,0.1166355094487719
2730,0.013608768827866068,0.9324060692511018,0.6137659601454497,0.0005333019603870483,0.11661801261811564
2731,0.013608695137683573,0.9260104127578503,0.6134390266112363,0.0005332895164279706,0.11662906276066061
2732,0.013608432865581313,0.9199515754392944,0.6131784170356634,0.000533275714563929,0.1166730225051207
2733,0.013607989838390963,0.9146943559996382,0.6128520248211927,0.0005332575951506141,0.1167370378414631
2734,0.013607441518401837,0.9103079955151433,0.6124988151734508,0.0005332457103289447,0.11678891237799781
2735,0.0136068973333398,0.9067565384459861,0.6120713964315547,0.0005332312274104233,0.11681425453157668
2736,0.013606467006262274,0.9043109467196809,0.6114051272321859,0.0005332068734057016,0.11682876652691081
2737,0.013606151570896837,0.9031873556301618,0.6107142754620541,0.0005331525151657567,0.1168328674911811
2738,0.013605937884116551,0.9033381286242859,0.6102021916787448,0.000533095361239248,0.1168381610004668
2739,0.013605871725392212,0.9046527709717972,0.6098150014671905,0.0005330486921887704,0.11683378216161018
2740,0.013605984401974979,0.9070024593861803,0.6094371787338292,0.0005329900668482178,0.1167996198084182
2741,0.013606162351228678,0.9100955778699433,0.6091099289552439,0.0005329415648364779,0.11674453582132127
2742,0.01360633557485861,0.9136792948932381,0.6089683095321431,0.0005328915830024637,0.11669036882029181
2743,0.013606507469412629,0.9177782507397683,0.6090414260618895,0.0005328428455643333,0.11665378201222712
2744,0.013606722042246321,0.9225188079139985,0.6094436308958349,0.0005328022681682122,0.11664386652407449
2745,0.013606961867631493,0.9275588059737159,0.6102602262214487,0.0005327681355659137,0.11666518412877634
2746,0.013607222810649446,0.9325411904210268,0.6113395031600798,0.0005327554814048979,0.1166986772678619
2747,0.01360746854306013,0.9373378794851916,0.6124634942866898,0.0005327418056621625,0.11669737820449096
2748,0.013607595691870927,0.9417485961183911,0.6136331233992006,0.0005327266500971528,0.11667272842140254
2749,0.013607539132059896,0.9455444845387019,0.6149115638180541,0.0005327395480925505,0.1166680879174284
2750,0.013607320276633337,0.9486769642932994,0.6161745710929075,0.0005327748536220883,0.1166809882405662
2751,0.01360692081377607,0.9511786918851174,0.6173212592938807,0.0005328237760379432,0.11669803352510395
2752,0.0136063530005952,0.9528098363511582,0.6183340255243318,0.0005328838854047657,0.11671076943926316
2753,0.013605786368816075,0.9532840656639848,0.619204490349498,0.0005329650023605683,0.11676007595235521
2754,0.013605348067249492,0.9524890959201335,0.6199265994879614,0.0005330410996921609,0.1168227320190652
2755,0.013605006050256663,0.9505219725220259,0.6206532559696368,0.0005331074983032907,0.1168364868067076
2756,0.013604692682354771,0.947307362092081,0.6214356776607667,0.0005331633573854887,0.11678134956026441
2757,0.013604421992740949,0.9429552116733357,0.6221558749827312,0.0005332128515507391,0.11673697068828644
2758,0.013604250836574561,0.9377348516676728,0.6228935918792107,0.0005332464670563037,0.11672284771717098
2759,0.013604127675008291,0.9318623231957609,0.6237336744717465,0.0005332594449283375,0.11669911723578844
2760,0.013603935548883292,0.9255458108387127,0.624518070561065,0.0005332608196495232,0.11668832181178274
2761,0.01360360194941042,0.9192443713940446,0.6251416493881417,0.0005332695051964969,0.11671646818223634
2762,0.013603230397273246,0.913380676505285,0.625559676329709,0.0005332890623916508,0.11676737942027253
2763,0.013602930320189248,0.908169563792613,0.6258027120226072,0.0005333023891991548,0.11678756005528063
2764,0.013602819858744196,0.9038623597053741,0.6256545546382856,0.0005332879567290603,0.11679086676164478
2765,0.013602932683001131,0.9006707005326264,0.6250772037928808,0.0005332463367310018,0.11681549801996295
2766,0.01360320160050814,0.8986496481961062,0.6242811680532712,0.0005331810900271326,0.11683423602303014
2767,0.013603501086887071,0.8979155343740424,0.6232737839572273,0.000533100023519757,0.11686503146393348
2768,0.013603733676162423,0.898420625049199,0.6219699535334677,0.0005330145007298145,0.11694193322958328
2769,0.013603900549735943,0.899988136710661,0.6205943103637859,0.0005329541853650497,0.11697079744221277
2770,0.013604099764296593,0.9024028863664606,0.6194472614923999,0.0005329103162056096,0.1168743356279288
2771,0.013604423469499425,0.9055921834276183,0.618523184615034,0.0005328827587219576,0.11673902927532448
2772,0.013604870483934302,0.9095994841109539,0.6177317303938947,0.0005328462340207493,0.11664726353966236
2773,0.013605355451033481,0.9143500891737789,0.6172192527756328,0.0005327862633872202,0.11660582319057547
2774,0.01360582225401683,0.919611866831061,0.6170683916839153,0.0005327359620461837,0.11662243545376492
2775,0.013606366586761431,0.9251478598202026,0.6172554475485047,0.0005326902851494556,0.11671865412803857
2776,0.013607055789393363,0.9307108162222234,0.6177311645449022,0.0005326420984405032,0.11680885681957383
2777,0.013607761679391041,0.9359636163860706,0.6185234152203594,0.0005325988809073337,0.11680486700493588
2778,0.013608285485207929,0.9405758652702328,0.6195792137303306,0.0005325750103669022,0.11675902002933154
2779,0.013608492969605972,0.9444823067614989,0.6209193066961776,0.0005325649416907512,0.1167174291647595
2780,0.013608340125221188,0.9475919689523095,0.6226087485577241,0.0005325709576722283,0.11667473143345591
2781,0.013607853533689365,0.949729726324983,0.6245699322272594,0.0005325971404346946,0.11665232085551598
2782,0.013607093742057664,0.9507777184264238,0.6265813370346082,0.0005326610586618091,0.11670104846338834
2783,0.013606152752306975,0.9507541524026897,0.6285023279493641,0.0005327605851097396,0.11677906635832327
2784,0.01360523110807386,0.9495133229413534,0.630440977689937,0.0005328663377410853,0.11681273548424248
2785,0.013604492877097448,0.9468218498574321,0.6324063603887174,0.0005329424392766737,0.11679035732524015
2786,0.013603903503252896,0.9427742703543719,0.6342568063586989,0.0005329979662398622,0.11677847124397175
2787,0.01360326391966212,0.9376164503305513,0.6360909364989684,0.0005330316363978495,0.11675984207456154
2788,0.01360236501749443,0.9316284580688133,0.6379571002295711,0.0005330718900827137,0.11673004235109435
2789,0.013601204581603719,0.9251722502789104,0.639659027168619,0.0005331254663710861,0.11674198400734741
2790,0.013600027753703992,0.9186414937422854,0.6411293508636627,0.0005331951147050995,0.11681614176238395
2791,0.013599112459527288,0.9122770557125177,0.6422771267590935,0.0005332445079734962,0.11684081701749478
2792,0.01359863059361923,0.906321870445651,0.6429209269474404,0.0005332669911805157,0.11685173285368641
2793,0.013598585257170942,0.9008385344818647,0.6429705559506815,0.000533252916053883,0.11689772802913752
2794,0.013598824934881943,0.8960018409773008,0.6424699266822356,0.0005331984821412977,0.11691542863428825
2795,0.013599178470577459,0.8921318525289579,0.6415095012716411,0.0005331048623699992,0.11688770370665397
2796,0.013599529791143653,0.8896661349629243,0.6401135682603808,0.0005329977476296938,0.11689760530097619
2797,0.013599916553879703,0.8884963132268106,0.638323188492903,0.0005329154451346647,0.11694979476197467
2798,0.013600417322282825,0.8884570443267372,0.6362361003896972,0.0005328445524047675,0.11698477221381842
2799,0.01360107905723396,0.8895544805843744,0.6340511162408906,0.0005327765352383091,0.116961634531149
2800,0.013601921104250675,0.891863129735961,0.6319097317725738,0.000532710481358415,0.11689451163166009
2801,0.013602938147004136,0.8952439440717945,0.6298772770814226,0.0005326577164498242,0.11679688969129837
2802,0.013604048963845298,0.8995811225364911,0.6280738884869065,0.0005325846838633906,0.11668463302777815
2803,0.013605045036648541,0.9047860560349434,0.6266564097199063,0.0005325315363871245,0.11665141081670068
2804,0.013605778985032088,0.9105429615690451,0.6256949922920461,0.000532510764224535,0.11671752178962161
2805,0.01360625494390624,0.9165683121897386,0.6252946598607276,0.000532512248250805,0.11679707957229937
2806,0.013606628120484453,0.9226581573668454,0.6254121079318209,0.0005325282992762283,0.1168367253154411
2807,0.013607012815756957,0.9285106927519144,0.6260068097454233,0.0005325574080505602,0.11684340125006928
2808,0.013607395148225971,0.933608012394274,0.6270035605034786,0.0005325785039244067,0.11678766425833473
2809,0.013607590227867922,0.9376203511861622,0.628469597695197,0.0005325897665480146,0.1166927191754096
2810,0.013607424683370315,0.9405262778562804,0.6304275229828565,0.0005325986833173829,0.11663780422890506
2811,0.013606854359703394,0.9423973024584243,0.6327621465328043,0.0005326260053746445,0.11665197582808996
2812,0.013606019696470666,0.9430995303770805,0.6354187710409525,0.0005326684914049074,0.11669653531851536
2813,0.013605135857227684,0.9424842302747705,0.6383083971605567,0.0005327273059274192,0.11674162045481418
2814,0.013604267966954419,0.9404571817798594,0.6414134596953205,0.0005327584284369814,0.11674023571383331
2815,0.013603323580655878,0.937019506577296,0.6445265653994154,0.0005327837830034439,0.11668972739350923
2816,0.013602183819375441,0.9322287367358313,0.6474191102332645,0.0005328105333113099,0.11664878258699655
2817,0.013600876446133852,0.9263970267532456,0.6501063526053447,0.000532852207961791,0.1166633223699915
2818,0.013599508821193434,0.9200224641126735,0.6525304593999998,0.0005328915493700198,0.11671234406158203
2819,0.013598167630206241,0.9133596243699926,0.6545379674077338,0.0005329325387620253,0.11674544354483514
2820,0.013596899686387429,0.906697300753597,0.6559770517948226,0.0005329557366559685,0.11676333403098688
2821,0.013595810577867328,0.9002788130237119,0.6567673557384336,0.0005329664779786078,0.11682203501729797
2822,0.01359502006968954,0.8942077455606011,0.6568207276373336,0.0005329506329511269,0.11685986299811053
2823,0.013594597274070171,0.8887602801611775,0.6560804709741782,0.000532910761833938,0.116882725122169
2824,0.013594521811772469,0.8843300560477104,0.6547135403151286,0.0005328542721456871,0.11691601217044777
2825,0.01359468144923617,0.8811284900851475,0.6527971924511534,0.0005327972443402456,0.11695366879570349
2826,0.013594989648483395,0.8791626123157669,0.6504061891653498,0.0005327136343886796,0.11694188691715222
2827,0.013595393689281865,0.8783902563561167,0.6475861040020411,0.0005326379826851763,0.11691870986896695
2828,0.013595945701167185,0.8788181747696485,0.6444778811471705,0.0005325811104292501,0.11691862882195989
2829,0.013596764858444304,0.8804690185929772,0.6412836229377719,0.0005325502401620614,0.11689940222289671
2830,0.013597974470353666,0.8833841226249857,0.6381076031031104,0.0005325274668762288,0.11683607925738172
2831,0.013599488884962398,0.8876729106932489,0.6349404048206754,0.00053250392425105,0.11676008058363202
2832,0.013601018805535131,0.8931375186901269,0.6320250132888717,0.000532453921397057,0.11669893661734101
2833,0.0136023093437452,0.8993013153770185,0.6296675742890108,0.0005324107501080797,0.11665170953169565
2834,0.013603265248746428,0.9059243854921597,0.6281341256375012,0.0005323805482833835,0.11668096971579597
2835,0.013603948987375354,0.9130237653517487,0.6273940492039236,0.0005323775802308434,0.11678445943904932
2836,0.013604426570690546,0.9201510267309757,0.6272860173740402,0.0005323954936462162,0.11685687121621015
2837,0.013604682788084731,0.926671699983473,0.6277332204671843,0.0005324159589140098,0.11683712823349018
2838,0.013604687070677598,0.9323527036947804,0.6287859213712917,0.0005324675088549259,0.11679799887366829
2839,0.013604471907138834,0.937009786810832,0.6304587934573879,0.0005325188107574643,0.11676561028601282
2840,0.013604065503528481,0.9403284679868826,0.6327450016779625,0.0005325800215828816,0.11671220743992726
2841,0.01360340790350444,0.9422048522360399,0.6356231056087608,0.0005326385754547895,0.11668787258130262
2842,0.013602381114146713,0.9427603661370423,0.6390593754283389,0.0005327032588174936,0.11672338957251321
2843,0.013601043319707372,0.9419162592124343,0.6428160599624233,0.0005327780066523528,0.11673749170322004
2844,0.013599612341877006,0.9394978421121595,0.6465747696805303,0.0005328659635814015,0.11671051472106085
2845,0.013598367730820295,0.9356100003441965,0.6501067017643386,0.0005329505278500384,0.11672308854187985
2846,0.01359742925155566,0.9306375454969313,0.6532514418581699,0.0005330158250025734,0.1167497019715058
2847,0.013596717602206638,0.9248349870841185,0.6558906541861469,0.0005330683334647951,0.11671732727734378
2848,0.013596088208242634,0.9184374032129551,0.658009052561608,0.0005330873062980881,0.11666868766305673
2849,0.013595436515244103,0.9118930549507053,0.6595438559954134,0.0005330912370756905,0.11671268214209284
2850,0.013594807711985167,0.9054711291776651,0.6603199104331606,0.0005330947936938481,0.11679849673221787
2851,0.01359432525537204,0.8992151494658869,0.6601606327558786,0.0005330807479954246,0.1168606896749543
2852,0.013594031380670285,0.893469088061779,0.6591355702658483,0.0005330584960105607,0.11692982716401465
2853,0.013593922543657877,0.8886180529658921,0.6573979616992077,0.0005330087201747278,0.1169884285788854
2854,0.013594017794504054,0.8847999782467781,0.6550228667551814,0.0005329381974002797,0.11695698013334445
2855,0.013594420358544048,0.8821200932475453,0.6520379310637126,0.0005328720846639671,0.11691893216856862
2856,0.01359519152121266,0.8807273165082661,0.6486074009878035,0.000532790395958769,0.11694216016046174
2857,0.013596304996214042,0.8805601692001473,0.6447984967626537,0.0005327075637545408,0.11696446653534757
2858,0.013597635111521057,0.8816350519476955,0.6407986748949652,0.0005326143896115705,0.11690649728470581
2859,0.013599051174100886,0.8840162403685811,0.6367974454349492,0.0005325353956960823,0.11681663035837993
2860,0.013600400634925474,0.8878052744736039,0.6328578678163566,0.0005324906857286514,0.11674812966482535
2861,0.013601637714524028,0.8928041539784886,0.6290070837045431,0.0005324595337906411,0.11667024376026838
2862,0.013602792243380834,0.8986203097157646,0.6254210068398982,0.0005324442647165515,0.11665674369116526
2863,0.013603935253534954,0.9051589247132749,0.6225355914818801,0.0005324349359512987,0.1167668653525911
2864,0.013605040606381506,0.912287561831785,0.6206301680952376,0.0005324279908769641,0.11687473623033949
2865,0.013605937293411481,0.9195745936731312,0.6197300828787987,0.0005324201083015417,0.11684633977296038
2866,0.013606455487551196,0.9267058297844386,0.6197806808888949,0.0005324226559499667,0.11678128009178632
2867,0.013606514262491546,0.933345838636889,0.6207759993099734,0.0005324544721262348,0.11676756930127355
2868,0.01360617564204657,0.938915643497571,0.6226642326300794,0.0005325048197117024,0.11673703552582469
2869,0.013605518928067542,0.9431578614342867,0.625270653835726,0.0005325771081830031,0.11666849315111587
2870,0.013604650447097603,0.9461493631951099,0.6284951026527422,0.000532675726558055,0.11665224212448429
2871,0.01360373397151076,0.947872938132534,0.6323080084815405,0.0005327766739716025,0.11669928396040544
2872,0.013602913189800996,0.9482052417757101,0.636518296515645,0.0005328696000761952,0.11671408540818091
2873,0.013602176730939792,0.947064763728066,0.6409048472185457,0.0005329184930638408,0.116722370699367
2874,0.013601484574790906,0.9444763019692162,0.6452893984955522,0.0005329453526765522,0.11678636751060219
2875,0.01360077203938848,0.9405620350381266,0.6493757185370078,0.0005329601761223134,0.11680553853501767
2876,0.013599929992371763,0.9355403607091967,0.6527424932278052,0.0005329380670749777,0.1167214652918285
2877,0.013598760991286925,0.9297905382150089,0.6553168916627753,0.0005329109089752229,0.11665621572965343
2878,0.013597241703371864,0.9236670510770051,0.6571222399379305,0.0005329231090999188,0.11669014420505175
2879,0.01359564680548493,0.9174786163660849,0.6579184211712703,0.000532970959485627,0.11676060391386704
2880,0.01359441622362535,0.9113613219902809,0.6575456267863865,0.0005330119068371972,0.1168225537162562
2881,0.01359386539315017,0.9056518061206955,0.6561405618799079,0.0005330093675967637,0.11694641627115705
2882,0.013594006866498044,0.9006830243308418,0.6539704407968328,0.0005329549799286095,0.11704894038094742
2883,0.013594559469080038,0.8965927919657055,0.6510947153872388,0.0005328703904357591,0.11702140070303735
2884,0.013595250000796278,0.8934571032228702,0.6476901891660638,0.0005327609676774149,0.11695584547895212
2885,0.013595985868960807,0.8913767737503469,0.6438594144366844,0.0005326578762033353,0.11694287800263763
2886,0.013596858927880344,0.8904431134744771,0.639584463397943,0.0005325834730999506,0.11695371279249614
2887,0.013597916433784158,0.8906801165226821,0.6349466373185195,0.0005325196936058906,0.1169368249700218
2888,0.013599063874213708,0.8922102032151253,0.630303551489974,0.0005324747944565003,0.11688474665899262
2889,0.013600169522408598,0.8951115159893865,0.6258630418058115,0.0005324645492106163,0.11679245759309548
2890,0.013601243272647258,0.8992976332748654,0.6215778598855167,0.0005324706114365246,0.11668559864157811
2891,0.013602397653829895,0.9046987259279715,0.6175473618539515,0.0005324648729216342,0.11666125452039985
2892,0.013603723191187314,0.9110447634201557,0.6140540997245144,0.0005324591091825304,0.11673424751841877
2893,0.01360517174242844,0.9180796536434614,0.6114097960162416,0.0005324492044638863,0.11681554664803241
2894,0.013606549113964727,0.9255502254078721,0.6098269478898212,0.0005324169636795076,0.11683615567277503
2895,0.013607600122137962,0.9331295195399426,0.6094896571466916,0.0005323822298993653,0.11681488901178103
2896,0.013608069435607365,0.9402672520698659,0.6104171761937368,0.0005323817296186143,0.11677131365992582
2897,0.013607882330462865,0.946436399634943,0.6124584135230785,0.0005324397453733316,0.11669550023590033
2898,0.013607170238091338,0.9514411535033472,0.6154418482550439,0.0005325347650900295,0.11664933833616921
2899,0.013606121149699085,0.9552986405514781,0.6193637127700365,0.0005326689958896542,0.116681648192456
2900,0.013604970608078413,0.9579883537715055,0.6240093729947871,0.0005328057154812856,0.11675454161869761
2901,0.013603915317312313,0.9594222065527117,0.6290363727224266,0.0005329266152694105,0.11678263472980495
2902,0.013603048903797526,0.9595047133108852,0.63423282751125,0.0005330163126713372,0.11678585575855917
2903,0.013602271686429235,0.9580505588441363,0.6393370675766893,0.0005330666812770224,0.116752853531108
2904,0.01360141974514248,0.9551535418953283,0.643976752259397,0.0005331040762144309,0.11669713969542049
2905,0.01360033181803252,0.951036723142678,0.6478999265258706,0.0005331219980380341,0.1166556831368648
2906,0.01359896242098529,0.9457772430895077,0.6509505121152315,0.0005331404117339189,0.11664659200991753
2907,0.013597444609828703,0.93980049500684,0.6529976024646355,0.0005331794630635735,0.11669099403794254
2908,0.013596035488010357,0.9335907236772115,0.65396422823306,0.0005332199731948068,0.11675076252580628
2909,0.013594992602000347,0.9273796665280587,0.6538055961534833,0.0005332505870156264,0.11683195513672741
2910,0.013594465104287268,0.9213907212836323,0.6525686492783591,0.000533244398668412,0.11691076497393009
2911,0.013594462889157949,0.916065441508323,0.6503091381009725,0.0005331941183475932,0.11696082174813564
2912,0.013594835031991798,0.9116628363471065,0.6471744444643595,0.0005331115888344042,0.11696739347970969
2913,0.013595525563708038,0.9081240582942555,0.643403107690443,0.0005329973608580228,0.11694113434040034
2914,0.013596581888210108,0.9055725422176892,0.6390429411195196,0.0005328874882673544,0.11692253990556614
2915,0.013597974027322764,0.9042640381967667,0.6340256530251832,0.0005327581299501769,0.11691836252556556
2916,0.013599515761946521,0.9040898613196532,0.628584778338493,0.0005326282503320304,0.11689606772887175
2917,0.01360102604164495,0.9050397913844439,0.6230924410357023,0.0005325400789968092,0.11682866000821829
2918,0.0136025394225345,0.9073527681983314,0.6176997224829868,0.0005324847622357975,0.11674044643524296
2919,0.013604098878243185,0.9111717757463298,0.6124846211963408,0.000532448872344638,0.11665151270377942
2920,0.013605605023022917,0.9162404267509389,0.607733581120208,0.0005324175144089244,0.11665614626117533
2921,0.013606890244904149,0.9222581762861188,0.6037542271779709,0.0005323956702159492,0.11673503019813292
2922,0.013607901528306269,0.9291843486993805,0.6006524165631132,0.0005324024092923416,0.11679471995462798
2923,0.013608772667436427,0.9366866416203763,0.5984576813781773,0.000532417762447063,0.11679278409575125
2924,0.013609669649823134,0.9442026634908972,0.5974179166495157,0.0005324517899485121,0.11676453120694211
2925,0.013610603698820736,0.9513428029211024,0.5976863789499591,0.0005324826223795002,0.11673680859494623
2926,0.01361128566534285,0.9580093313294669,0.5991910190779682,0.0005324865657690898,0.11669809604700382
2927,0.013611333512285585,0.9638256962800219,0.6019211823282511,0.0005324765559493571,0.11663819556876212
2928,0.013610582285839617,0.9684500403706954,0.6058374846159541,0.0005325069175278034,0.11661954787491864
2929,0.013609248921667311,0.9719274380698585,0.6106852163991566,0.0005325958203659314,0.11668193996087273
2930,0.013607674698382258,0.9743118530770568,0.6161702612477883,0.0005327078748535715,0.11674403564747025
2931,0.013606018367386358,0.9753184482385524,0.6220164170663569,0.0005327953651343131,0.11674412595669395
2932,0.013604237250408331,0.9747640457673606,0.6278656611236951,0.0005328796813645723,0.11673309665489459
2933,0.013602336811425999,0.9727657474357299,0.6332372521385125,0.0005329596295971313,0.11672270183329958
2934,0.013600438587589777,0.9695140480556754,0.6377952258719543,0.000533023463743614,0.11666065709040992
2935,0.013598628673838249,0.9650226837343742,0.6412593553604098,0.0005330571507178232,0.1165790337737789
2936,0.013596918736556664,0.9595920564119954,0.6435310471474511,0.000533082177369033,0.11658390583990831
2937,0.013595235380902472,0.9537387346338434,0.6446109356493671,0.0005331068130448152,0.1166517488972115
2938,0.013593651706369884,0.9478151166159295,0.6445851154264105,0.0005331078220143086,0.11669490280591041
2939,0.013592367222859496,0.942033190620896,0.6434401414257939,0.0005331113870404577,0.11677740837403289
2940,0.013591623675562643,0.9367280034427165,0.6412373477630107,0.0005331173315532903,0.11691208950898647
2941,0.013591591925280583,0.9322385366522831,0.6381272382712303,0.0005330933222798043,0.11699314086731301
2942,0.01359227285807512,0.9287023193489415,0.6342683795915413,0.0005330078331220667,0.11696935481060883
2943,0.013593500929448648,0.9261201478244405,0.6296849030545438,0.0005328879969560969,0.11692916952776326
2944,0.013595071608520073,0.9244157007660511,0.6244985480355686,0.0005327603749075626,0.1169217525945752
2945,0.013596709627717581,0.9235678872514215,0.6189248621274092,0.000532647345082634,0.11688243566939067
2946,0.01359821296665453,0.9238135907714063,0.6131413602567631,0.0005325556885981387,0.11682265791931032
2947,0.013599528314385175,0.9254574339080927,0.6072737819942314,0.0005324999009845853,0.11678175247831349
2948,0.0136007518078175,0.9285926441214458,0.601555933412631,0.0005324894959851901,0.11672257447419843
2949,0.013602063168303617,0.9331690380897968,0.5963758901887034,0.0005325027303038319,0.11669672056823957
2950,0.013603572561940246,0.9389784091528739,0.5919568927381234,0.0005324904040578299,0.1167356044720758
2951,0.01360510794650759,0.9457907288561119,0.5883536057403173,0.0005324596052592857,0.11680700432300561
2952,0.013606374413576318,0.9531542283533457,0.5856745284243977,0.0005324548967343455,0.11682158810245624
2953,0.01360725234579379,0.9605893910124614,0.5841986877068551,0.0005324672734287744,0.11678766888961153
2954,0.013607767586416552,0.9678433547295232,0.5839645457317473,0.0005325140181516533,0.1167880648607454
2955,0.01360800180012455,0.9745400218774994,0.5850023438124413,0.0005326029041737983,0.11676721964257072
2956,0.013607989247685895,0.98033922781674,0.5873223287424004,0.0005326967005148301,0.11668121285580628
2957,0.013607759611927495,0.985155961517339,0.5909724720710957,0.0005327900680435164,0.11664769887664905
2958,0.013607365022376557,0.9890339429557745,0.5957693003573525,0.0005328958332870882,0.11670919018600447
2959,0.01360677461480443,0.99182667101928,0.6013572952297803,0.0005329779550083886,0.11677105199480832
2960,0.013605855924088268,0.9933101563737013,0.6074255719112279,0.0005330510338392532,0.11678055761799666
2961,0.013604544711276317,0.9934186435377916,0.6136455369393851,0.0005331263786477216,0.11679405537146138
2962,0.013602906839744583,0.9921457527139157,0.6195195808691627,0.000533216597350617,0.11679764921496547
2963,0.013601141819418839,0.9895391929944102,0.6245829490502947,0.0005333053656594474,0.1167465017834972
2964,0.013599437493814428,0.985555550012764,0.628597916531953,0.0005333637850020576,0.11669201291108877
2965,0.013597856182093726,0.9803345186399343,0.6314158127776331,0.0005334039630145205,0.11670267171343969
2966,0.013596390352790179,0.9743995256818817,0.6329274661751011,0.0005334324117543513,0.11670842371542216
2967,0.013595122113614634,0.968226956402923,0.633124613211529,0.0005334424173700882,0.1166902785110681
2968,0.013594218042792278,0.9621121650622732,0.6321999609606693,0.000533430852055441,0.11676737015771893
2969,0.013593867017582816,0.956242233206673,0.630180159667519,0.0005333917839100423,0.11689719543634888
2970,0.013594092223074181,0.95105151378701,0.627158592361609,0.0005333108393197381,0.11694963961554967
2971,0.013594774189596294,0.9468516609139589,0.6233408286325884,0.0005332103879831849,0.1169814724540325
2972,0.013595815008142758,0.9434607631147544,0.6188652869075622,0.0005331010114692717,0.11699139257346193
2973,0.013597150587452778,0.9408274952269609,0.6137378904045694,0.0005330008207830834,0.11694763891913469
2974,0.013598764978531455,0.9390955764979904,0.6081137599401409,0.0005328914022287349,0.11684433212963019
2975,0.013600608710028586,0.9383606195875577,0.6021509284546717,0.0005327683247476339,0.11679784141160487
2976,0.013602559358757144,0.9388388262868773,0.5960621914461102,0.0005326549207632605,0.11682112266284427
2977,0.013604545154298825,0.940832058757441,0.590111667934611,0.0005325640462300987,0.11681924237861524
2978,0.013606408526670262,0.9444932240368906,0.5847311684678844,0.0005324546655121899,0.11679990694522116
2979,0.013607979353415855,0.9494600199631263,0.5801821535620991,0.0005323702652010598,0.11684060629574815
2980,0.01360912147751657,0.9552211950101557,0.5764843428010659,0.0005323196401487664,0.11688436689732756
2981,0.013609812156906978,0.9615744781321138,0.5736811245215889,0.0005323136914319382,0.1168647790610326
2982,0.013610075315054251,0.9683157129408178,0.571858384986199,0.0005323410891618401,0.11681888577299722
2983,0.01360994344062808,0.9749049063506776,0.5712226159932089,0.0005324192590855592,0.11678462384802793
2984,0.013609489633114284,0.9809866938610403,0.571836880613299,0.0005325376406537072,0.11673842258278094
2985,0.013608793342038308,0.9865224587539146,0.5736633979817871,0.0005326565267066019,0.11671969384193039
2986,0.013607976842929803,0.9913243900224118,0.5768227418769135,0.0005327497260737856,0.11676220169223295
2987,0.013607098172333094,0.9951809466624508,0.5811725698267483,0.0005328344753203861,0.11682454515011757
2988,0.013606089842439533,0.997978968949135,0.586392508865527,0.0005329119641893865,0.11682545055799304
2989,0.01360480831245449,0.9996336331498098,0.5921314186352342,0.0005329884777210983,0.11677183004358263
2990,0.013603271155771939,1.0,0.5981206925374373,0.0005330703303838033,0.11673429151521142
2991,0.013601586618716001,0.9989007764199938,0.6039750917552632,0.0005331964684060675,0.11671338840641368
2992,0.013599967502005164,0.9965932679430844,0.609225272964863,0.0005333199200466133,0.116692543188239
2993,0.013598524267092876,0.9932251648652127,0.6135772354786013,0.0005334128293352229,0.11665760047097128
2994,0.01359732056221742,0.9888619049416109,0.6168375781298724,0.000533470962803255,0.11665419419282981
2995,0.01359639670284659,0.9837705323228014,0.6187955272094544,0.0005335156307302506,0.11667157292660156
2996,0.013595753870390524,0.9783781576267679,0.6193537143274612,0.0005335341873636635,0.11671356902486109
2997,0.013595392064849221,0.9727937574789155,0.6186157763694882,0.0005335343134849696,0.11676476971567562
2998,0.013595363268084115,0.9671912442213203,0.6167693834365664,0.0005335132218153579,0.11681950635937116
2999,0.01359570676183542,0.9618795688858323,0.6139420782276768,0.0005334665443568888,0.11685538227217517
3000,0.013596438790429589,0.9570645990166492,0.6102608130801268,0.0005333651513152519,0.11686666629217683
