# Moment        
# CofR          : (-8.54110000e-02 -7.26535000e-11 5.25000000e-02)
#
# Time          	total_x total_y total_z	pressure_x pressure_y pressure_z	viscous_x viscous_y viscous_z
5001             -7.80186113e-05 -9.33860717e-05 -4.12529135e-05 -1.12252191e-04 -1.07359688e-04 -4.15451899e-05 3.42335797e-05 1.39736164e-05 2.92276432e-07
5002             -7.40295986e-05 -9.75271790e-05 -4.10952044e-05 -1.08406771e-04 -1.11458020e-04 -4.14028263e-05 3.43771725e-05 1.39308406e-05 3.07621844e-07
5003             -7.40791041e-05 -9.38172518e-05 -4.11749586e-05 -1.08600419e-04 -1.07777729e-04 -4.15029442e-05 3.45213145e-05 1.39604773e-05 3.27985550e-07
5004             -7.67493611e-05 -8.68596977e-05 -4.08398118e-05 -1.11403809e-04 -1.00900118e-04 -4.12086199e-05 3.46544476e-05 1.40404206e-05 3.68808058e-07
5005             -8.06065768e-05 -8.49379595e-05 -3.93017278e-05 -1.15374281e-04 -9.90999537e-05 -3.97267421e-05 3.47677037e-05 1.41619942e-05 4.25014350e-07
5006             -8.55665253e-05 -8.54169416e-05 -3.68504536e-05 -1.20434387e-04 -9.97302691e-05 -3.73433453e-05 3.48678620e-05 1.43133275e-05 4.92891670e-07
5007             -9.20555648e-05 -8.06105350e-05 -3.38100258e-05 -1.26984906e-04 -9.51059392e-05 -3.43801321e-05 3.49293408e-05 1.44954042e-05 5.70106298e-07
5008             -1.00077828e-04 -6.27756296e-05 -3.00509950e-05 -1.34980416e-04 -7.74581203e-05 -3.06954812e-05 3.49025888e-05 1.46824908e-05 6.44486173e-07
5009             -1.09112345e-04 -3.00138149e-05 -2.58704685e-05 -1.43864304e-04 -4.48666045e-05 -2.65703606e-05 3.47519590e-05 1.48527895e-05 6.99892126e-07
5010             -1.17076103e-04 9.07130150e-06 -2.17713248e-05 -1.51568087e-04 -5.92749308e-06 -2.24949460e-05 3.44919836e-05 1.49987946e-05 7.23621175e-07
5011             -1.22069163e-04 4.17541352e-05 -1.92406168e-05 -1.56220690e-04 2.66359978e-05 -1.99407121e-05 3.41515269e-05 1.51181374e-05 7.00095333e-07
5012             -1.22929196e-04 5.77042021e-05 -1.88632462e-05 -1.56722393e-04 4.25156585e-05 -1.94973122e-05 3.37931971e-05 1.51885437e-05 6.34066011e-07
5013             -1.19250684e-04 5.64161527e-05 -2.05860138e-05 -1.52770957e-04 4.12365731e-05 -2.11277827e-05 3.35202727e-05 1.51795796e-05 5.41768904e-07
5014             -1.11527210e-04 4.33825782e-05 -2.38760316e-05 -1.44897316e-04 2.83097222e-05 -2.43141897e-05 3.33701057e-05 1.50728560e-05 4.38158156e-07
5015             -1.02212700e-04 2.00635844e-05 -2.85498116e-05 -1.35567774e-04 5.17151074e-06 -2.88942248e-05 3.33550735e-05 1.48920737e-05 3.44413229e-07
5016             -9.38110749e-05 -7.05307718e-06 -3.37591791e-05 -1.27279738e-04 -2.17186131e-05 -3.40409446e-05 3.34686627e-05 1.46655359e-05 2.81765527e-07
5017             -8.75549886e-05 -3.79865307e-05 -3.78687747e-05 -1.21201512e-04 -5.24175842e-05 -3.81201991e-05 3.36465232e-05 1.44310535e-05 2.51424397e-07
5018             -8.12903614e-05 -6.30655395e-05 -4.04733507e-05 -1.15143544e-04 -7.72795522e-05 -4.07324575e-05 3.38531827e-05 1.42140128e-05 2.59106871e-07
5019             -7.42917466e-05 -7.92274822e-05 -4.14776324e-05 -1.08324520e-04 -9.32798391e-05 -4.17489267e-05 3.40327731e-05 1.40523569e-05 2.71294283e-07
5020             -6.85729698e-05 -9.09117958e-05 -4.15040750e-05 -1.02779294e-04 -1.04870241e-04 -4.17910758e-05 3.42063242e-05 1.39584447e-05 2.87000727e-07
5021             -6.61902436e-05 -9.72040414e-05 -4.11520011e-05 -1.00579496e-04 -1.11144925e-04 -4.14542880e-05 3.43892523e-05 1.39408835e-05 3.02286976e-07
5022             -6.71009120e-05 -9.26640549e-05 -4.11925506e-05 -1.01672175e-04 -1.06655389e-04 -4.15222065e-05 3.45712625e-05 1.39913341e-05 3.29655867e-07
5023             -6.97541418e-05 -8.37962231e-05 -4.07205737e-05 -1.04495068e-04 -9.78903826e-05 -4.11002998e-05 3.47409258e-05 1.40941594e-05 3.79726023e-07
5024             -7.42166857e-05 -8.12594320e-05 -3.87684886e-05 -1.09111509e-04 -9.54886047e-05 -3.92110096e-05 3.48948235e-05 1.42291727e-05 4.42521044e-07
5025             -8.04078185e-05 -8.09830055e-05 -3.61567353e-05 -1.15432226e-04 -9.53748757e-05 -3.66723286e-05 3.50244076e-05 1.43918702e-05 5.15593330e-07
5026             -8.89518782e-05 -7.57096999e-05 -3.26866579e-05 -1.24043854e-04 -9.02883637e-05 -3.32818322e-05 3.50919754e-05 1.45786638e-05 5.95174257e-07
5027             -9.89765143e-05 -5.52399733e-05 -2.85471895e-05 -1.34019174e-04 -7.00018923e-05 -2.92102845e-05 3.50426599e-05 1.47619190e-05 6.63095035e-07
5028             -1.09308793e-04 -1.92053766e-05 -2.40577127e-05 -1.44178100e-04 -3.41262704e-05 -2.47671613e-05 3.48693062e-05 1.49208937e-05 7.09448653e-07
5029             -1.17987595e-04 2.14709847e-05 -2.01879334e-05 -1.52578947e-04 6.41547235e-06 -2.09087173e-05 3.45913524e-05 1.50555123e-05 7.20783991e-07
5030             -1.23415066e-04 5.15188564e-05 -1.85097982e-05 -1.57652944e-04 3.63603713e-05 -1.91939514e-05 3.42378775e-05 1.51584851e-05 6.84153232e-07
5031             -1.24563931e-04 6.17655905e-05 -1.90072817e-05 -1.58457347e-04 4.65572277e-05 -1.96166136e-05 3.38934161e-05 1.52083628e-05 6.09331900e-07
5032             -1.21144466e-04 5.41477784e-05 -2.14613559e-05 -1.54792144e-04 3.89793875e-05 -2.19746713e-05 3.36476782e-05 1.51683909e-05 5.13315453e-07
5033             -1.14238710e-04 3.46709777e-05 -2.52070423e-05 -1.47755841e-04 1.96373500e-05 -2.56186657e-05 3.35171314e-05 1.50336277e-05 4.11623419e-07
5034             -1.06092709e-04 8.39862560e-06 -2.98383166e-05 -1.39613668e-04 -6.42640477e-06 -3.01673283e-05 3.35209594e-05 1.48250304e-05 3.29011704e-07
5035             -9.86234828e-05 -1.92372168e-05 -3.46104344e-05 -1.32253748e-04 -3.38294007e-05 -3.48851254e-05 3.36302650e-05 1.45921839e-05 2.74691005e-07
5036             -9.25268362e-05 -4.34936114e-05 -3.84641569e-05 -1.26323869e-04 -5.78427564e-05 -3.87216696e-05 3.37970332e-05 1.43491450e-05 2.57512759e-07
5037             -8.61711331e-05 -6.74143527e-05 -4.10320464e-05 -1.20140693e-04 -8.15592124e-05 -4.12996868e-05 3.39695596e-05 1.41448596e-05 2.67640374e-07
5038             -8.00216413e-05 -8.37457715e-05 -4.19296364e-05 -1.14132308e-04 -9.77453552e-05 -4.22141791e-05 3.41106669e-05 1.39995837e-05 2.84542702e-07
5039             -7.52397708e-05 -9.23902955e-05 -4.15913552e-05 -1.09487184e-04 -1.06322791e-04 -4.18919325e-05 3.42474132e-05 1.39324951e-05 3.00577290e-07
5040             -7.30869079e-05 -9.16792502e-05 -4.11937522e-05 -1.07471616e-04 -1.05617191e-04 -4.15097931e-05 3.43847077e-05 1.39379408e-05 3.16040887e-07
5041             -7.34145690e-05 -8.45998074e-05 -4.08799009e-05 -1.07938564e-04 -9.86067822e-05 -4.12275768e-05 3.45239953e-05 1.40069748e-05 3.47675859e-07
5042             -7.51747024e-05 -7.86163418e-05 -3.99874240e-05 -1.09831009e-04 -9.27418913e-05 -4.03872398e-05 3.46563067e-05 1.41255494e-05 3.99815755e-07
5043             -7.92076279e-05 -7.83729104e-05 -3.81275177e-05 -1.13987520e-04 -9.26489860e-05 -3.85916879e-05 3.47798924e-05 1.42760757e-05 4.64170223e-07
5044             -8.50041884e-05 -7.66085681e-05 -3.54269244e-05 -1.19874134e-04 -9.10572143e-05 -3.59657353e-05 3.48699458e-05 1.44486462e-05 5.38810893e-07
5045             -9.24587735e-05 -6.57925421e-05 -3.19148675e-05 -1.27347512e-04 -8.04309520e-05 -3.25325174e-05 3.48887385e-05 1.46384099e-05 6.17649940e-07
5046             -1.00940571e-04 -4.01971295e-05 -2.74383493e-05 -1.35726379e-04 -5.50137451e-05 -2.81180680e-05 3.47858076e-05 1.48166156e-05 6.79718669e-07
5047             -1.09428384e-04 -2.04933648e-06 -2.30694129e-05 -1.44001253e-04 -1.70205779e-05 -2.37831849e-05 3.45728693e-05 1.49712414e-05 7.13772022e-07
5048             -1.16011760e-04 3.57443885e-05 -1.99589640e-05 -1.50293549e-04 2.06423153e-05 -2.06680881e-05 3.42817887e-05 1.51020732e-05 7.09124132e-07
5049             -1.19255051e-04 5.78490409e-05 -1.89212058e-05 -1.53191099e-04 4.26517131e-05 -1.95803011e-05 3.39360479e-05 1.51973278e-05 6.59095344e-07
5050             -1.18275336e-04 6.07266381e-05 -1.98954013e-05 -1.51909208e-04 4.55066215e-05 -2.04711237e-05 3.36338717e-05 1.52200166e-05 5.75722333e-07
5051             -1.12697936e-04 4.88777719e-05 -2.24927238e-05 -1.46144608e-04 3.37287744e-05 -2.29687547e-05 3.34466726e-05 1.51489975e-05 4.76030942e-07
5052             -1.04064192e-04 2.53117030e-05 -2.65106282e-05 -1.37456883e-04 1.03287584e-05 -2.68879381e-05 3.33926901e-05 1.49829446e-05 3.77309876e-07
5053             -9.53719124e-05 -2.71372062e-07 -3.14795474e-05 -1.28853439e-04 -1.50330384e-05 -3.17822699e-05 3.34815268e-05 1.47616663e-05 3.02722517e-07
5054             -8.84629002e-05 -2.86107551e-05 -3.63725709e-05 -1.22123138e-04 -4.31275455e-05 -3.66328628e-05 3.36602382e-05 1.45167904e-05 2.60291871e-07
5055             -8.34926740e-05 -5.59314717e-05 -3.97930938e-05 -1.17374073e-04 -7.02150164e-05 -4.00502237e-05 3.38813993e-05 1.42835447e-05 2.57129908e-07
5056             -7.83593152e-05 -8.10624782e-05 -4.12349591e-05 -1.12432145e-04 -9.51553049e-05 -4.15030492e-05 3.40728302e-05 1.40928267e-05 2.68090008e-07
5057             -7.25415095e-05 -9.41854443e-05 -4.15189567e-05 -1.06775340e-04 -1.08161809e-04 -4.18043214e-05 3.42338307e-05 1.39763647e-05 2.85364645e-07
5058             -6.88664177e-05 -9.76875028e-05 -4.13478482e-05 -1.03269678e-04 -1.11617436e-04 -4.16493944e-05 3.44032603e-05 1.39299336e-05 3.01546215e-07
5059             -6.92916307e-05 -9.38249034e-05 -4.12435784e-05 -1.03861783e-04 -1.07781622e-04 -4.15650977e-05 3.45701527e-05 1.39567187e-05 3.21519337e-07
5060             -7.24552704e-05 -8.70500604e-05 -4.08379619e-05 -1.07180852e-04 -1.01086108e-04 -4.11986876e-05 3.47255812e-05 1.40360472e-05 3.60725703e-07
5061             -7.69202943e-05 -8.46948140e-05 -3.94270862e-05 -1.11778090e-04 -9.88532645e-05 -3.98434349e-05 3.48577962e-05 1.41584505e-05 4.16348728e-07
5062             -8.26882900e-05 -8.53194348e-05 -3.70483388e-05 -1.17660786e-04 -9.96288291e-05 -3.75326373e-05 3.49724959e-05 1.43093943e-05 4.84298541e-07
5063             -9.00243179e-05 -8.05508446e-05 -3.40636446e-05 -1.25070415e-04 -9.50415620e-05 -3.46255725e-05 3.50460973e-05 1.44907175e-05 5.61927933e-07
5064             -9.89450834e-05 -6.30957128e-05 -3.03238757e-05 -1.33976582e-04 -7.77746231e-05 -3.09612129e-05 3.50314985e-05 1.46789104e-05 6.37337193e-07
5065             -1.09038014e-04 -3.11987860e-05 -2.60761084e-05 -1.43927940e-04 -4.60490690e-05 -2.67712708e-05 3.48899261e-05 1.48502829e-05 6.95162411e-07
5066             -1.18298206e-04 7.98277191e-06 -2.19156981e-05 -1.52933158e-04 -7.01379091e-06 -2.26380151e-05 3.46349518e-05 1.49965628e-05 7.22316997e-07
5067             -1.24752366e-04 4.07677671e-05 -1.91505604e-05 -1.59047765e-04 2.56527036e-05 -1.98538907e-05 3.42953992e-05 1.51150635e-05 7.03330302e-07
5068             -1.27050113e-04 5.69451053e-05 -1.85624676e-05 -1.60976776e-04 4.17572316e-05 -1.92027543e-05 3.39266625e-05 1.51878737e-05 6.40286704e-07
5069             -1.24448274e-04 5.61137988e-05 -2.01705996e-05 -1.58081184e-04 4.09327583e-05 -2.07207231e-05 3.36329097e-05 1.51810405e-05 5.50123529e-07
5070             -1.17318820e-04 4.26721470e-05 -2.33696256e-05 -1.50779404e-04 2.75913704e-05 -2.38171333e-05 3.34605837e-05 1.50807767e-05 4.47507605e-07
5071             -1.08363074e-04 1.99623193e-05 -2.79808891e-05 -1.41782817e-04 5.06319076e-06 -2.83345107e-05 3.34197430e-05 1.48991285e-05 3.53621645e-07
5072             -9.99256324e-05 -6.79403400e-06 -3.32664377e-05 -1.33433973e-04 -2.14704704e-05 -3.35568183e-05 3.35083407e-05 1.46764364e-05 2.90380636e-07
5073             -9.34627919e-05 -3.76167291e-05 -3.75039064e-05 -1.27121769e-04 -5.20532258e-05 -3.77628938e-05 3.36589774e-05 1.44364967e-05 2.58987414e-07
5074             -8.70099250e-05 -6.28578189e-05 -4.01554851e-05 -1.20846664e-04 -7.70804344e-05 -4.04214552e-05 3.38367387e-05 1.42226154e-05 2.65970199e-07
5075             -7.95040684e-05 -7.81426311e-05 -4.12668534e-05 -1.13489264e-04 -9.21977291e-05 -4.15442037e-05 3.39851951e-05 1.40550980e-05 2.77350321e-07
5076             -7.28464262e-05 -8.86526640e-05 -4.13937560e-05 -1.06975320e-04 -1.02613729e-04 -4.16868842e-05 3.41288939e-05 1.39610651e-05 2.93128210e-07
5077             -6.94182822e-05 -9.45534972e-05 -4.10975453e-05 -1.03702952e-04 -1.08492340e-04 -4.14049376e-05 3.42846701e-05 1.39388426e-05 3.07392270e-07
5078             -6.94008239e-05 -9.00032596e-05 -4.12244535e-05 -1.03847382e-04 -1.03992342e-04 -4.15567874e-05 3.44465584e-05 1.39890827e-05 3.32333880e-07
5079             -7.11267037e-05 -8.12165367e-05 -4.08074109e-05 -1.05728121e-04 -9.53045327e-05 -4.11870943e-05 3.46014177e-05 1.40879960e-05 3.79683369e-07
5080             -7.45298936e-05 -7.87449260e-05 -3.88948869e-05 -1.09274246e-04 -9.29674819e-05 -3.93350744e-05 3.47443520e-05 1.42225559e-05 4.40187471e-07
5081             -7.95450611e-05 -7.82571398e-05 -3.64055916e-05 -1.14415982e-04 -9.26414880e-05 -3.69166453e-05 3.48709209e-05 1.43843482e-05 5.11053732e-07
5082             -8.68941818e-05 -7.33908605e-05 -3.30212823e-05 -1.21838472e-04 -8.79630930e-05 -3.36108002e-05 3.49442905e-05 1.45722325e-05 5.89517902e-07
5083             -9.57687360e-05 -5.38357303e-05 -2.89187929e-05 -1.30675966e-04 -6.85906219e-05 -2.95772351e-05 3.49072297e-05 1.47548915e-05 6.58442168e-07
5084             -1.05084310e-04 -1.86118944e-05 -2.45344268e-05 -1.39830854e-04 -3.35281080e-05 -2.52388115e-05 3.47465441e-05 1.49162136e-05 7.04384635e-07
5085             -1.13090888e-04 2.10816427e-05 -2.06721701e-05 -1.47575984e-04 6.02969555e-06 -2.13894839e-05 3.44850953e-05 1.50519472e-05 7.17313797e-07
5086             -1.18198036e-04 5.03962545e-05 -1.87036681e-05 -1.52350154e-04 3.52373524e-05 -1.93863141e-05 3.41521184e-05 1.51589022e-05 6.82646014e-07
5087             -1.19227616e-04 6.10128673e-05 -1.88507738e-05 -1.53052475e-04 4.58021174e-05 -1.94592905e-05 3.38248586e-05 1.52107499e-05 6.08516680e-07
5088             -1.15847454e-04 5.44403237e-05 -2.11119320e-05 -1.49442016e-04 3.92631488e-05 -2.16237181e-05 3.35945619e-05 1.51771750e-05 5.11786123e-07
5089             -1.09073971e-04 3.64844069e-05 -2.48140552e-05 -1.42554374e-04 2.14411722e-05 -2.52223136e-05 3.34804031e-05 1.50432347e-05 4.08258351e-07
5090             -1.01171519e-04 9.81428868e-06 -2.94812180e-05 -1.34673566e-04 -5.02947691e-06 -2.98043004e-05 3.35020467e-05 1.48437656e-05 3.23082348e-07
5091             -9.41512347e-05 -1.82353065e-05 -3.43271992e-05 -1.27783025e-04 -3.28441197e-05 -3.45940500e-05 3.36317908e-05 1.46088132e-05 2.66850734e-07
5092             -8.88146771e-05 -4.43758212e-05 -3.81617522e-05 -1.22634164e-04 -5.87468642e-05 -3.84090185e-05 3.38194871e-05 1.43710431e-05 2.47266278e-07
5093             -8.31261289e-05 -6.77249282e-05 -4.08057801e-05 -1.17141746e-04 -8.18854374e-05 -4.10637138e-05 3.40156174e-05 1.41605092e-05 2.57933666e-07
5094             -7.77405926e-05 -8.46183933e-05 -4.17480937e-05 -1.11919271e-04 -9.86328210e-05 -4.20228884e-05 3.41786780e-05 1.40144277e-05 2.74794749e-07
5095             -7.38759597e-05 -9.56704405e-05 -4.14514127e-05 -1.08207512e-04 -1.09610052e-04 -4.17430760e-05 3.43315524e-05 1.39396117e-05 2.91663311e-07
5096             -7.26062650e-05 -9.68398290e-05 -4.10779977e-05 -1.07087896e-04 -1.10780963e-04 -4.13865602e-05 3.44816314e-05 1.39411335e-05 3.08562530e-07
5097             -7.39111904e-05 -8.97296505e-05 -4.08642819e-05 -1.08537647e-04 -1.03733640e-04 -4.12054174e-05 3.46264564e-05 1.40039897e-05 3.41135563e-07
5098             -7.66894870e-05 -8.20588332e-05 -4.00701689e-05 -1.11448752e-04 -9.61768577e-05 -4.04649986e-05 3.47592652e-05 1.41180245e-05 3.94829767e-07
5099             -8.17510540e-05 -8.06858117e-05 -3.82676633e-05 -1.16628169e-04 -9.49479350e-05 -3.87270438e-05 3.48771146e-05 1.42621234e-05 4.59380519e-07
5100             -8.85361274e-05 -7.95618191e-05 -3.55428291e-05 -1.23495670e-04 -9.39917131e-05 -3.60768276e-05 3.49595423e-05 1.44298940e-05 5.33998512e-07
5101             -9.68917840e-05 -7.05739908e-05 -3.19568282e-05 -1.31861952e-04 -8.51887778e-05 -3.25696771e-05 3.49701683e-05 1.46147871e-05 6.12848920e-07
5102             -1.05943343e-04 -4.62081822e-05 -2.74579516e-05 -1.40803693e-04 -6.10004581e-05 -2.81334820e-05 3.48603500e-05 1.47922759e-05 6.75530407e-07
5103             -1.14753169e-04 -7.21179875e-06 -2.31044917e-05 -1.49389295e-04 -2.21561820e-05 -2.38160611e-05 3.46361260e-05 1.49443832e-05 7.11569452e-07
5104             -1.21409928e-04 3.30578597e-05 -1.99799436e-05 -1.55742277e-04 1.79826058e-05 -2.06898545e-05 3.43323490e-05 1.50752538e-05 7.09910940e-07
5105             -1.24580886e-04 5.73582128e-05 -1.88225460e-05 -1.58552083e-04 4.21869931e-05 -1.94856072e-05 3.39711971e-05 1.51712197e-05 6.63061180e-07
5106             -1.23436040e-04 6.18540650e-05 -1.96778517e-05 -1.57080606e-04 4.66503939e-05 -2.02591943e-05 3.36445667e-05 1.52036711e-05 5.81342537e-07
5107             -1.17439214e-04 5.06529006e-05 -2.23438296e-05 -1.50871865e-04 3.55142828e-05 -2.28266733e-05 3.34326505e-05 1.51386178e-05 4.82843754e-07
5108             -1.08391485e-04 2.78299044e-05 -2.62852500e-05 -1.41744487e-04 1.28464229e-05 -2.66693059e-05 3.33530017e-05 1.49834816e-05 3.84055958e-07
5109             -9.90804440e-05 2.79791423e-06 -3.11603725e-05 -1.32494126e-04 -1.19659516e-05 -3.14677107e-05 3.34136825e-05 1.47638659e-05 3.07338122e-07
5110             -9.13419534e-05 -2.43010274e-05 -3.60839134e-05 -1.24914760e-04 -3.88300739e-05 -3.63466435e-05 3.35728063e-05 1.45290465e-05 2.62730091e-07
5111             -8.53925852e-05 -5.01316107e-05 -3.96707113e-05 -1.19172430e-04 -6.44240324e-05 -3.99276013e-05 3.37798451e-05 1.42924217e-05 2.56889958e-07
5112             -7.93462899e-05 -7.63383216e-05 -4.13261849e-05 -1.13310046e-04 -9.04435997e-05 -4.15932098e-05 3.39637559e-05 1.41052781e-05 2.67024860e-07
5113             -7.26162549e-05 -9.05040541e-05 -4.17434252e-05 -1.06734576e-04 -1.04487058e-04 -4.20277224e-05 3.41183207e-05 1.39830043e-05 2.84297197e-07
5114             -6.77544504e-05 -9.41167450e-05 -4.15813402e-05 -1.02039818e-04 -1.08051842e-04 -4.18817575e-05 3.42853675e-05 1.39350973e-05 3.00417275e-07
5115             -6.68610639e-05 -9.02756342e-05 -4.13946373e-05 -1.01314874e-04 -1.04233422e-04 -4.17141883e-05 3.44538098e-05 1.39577879e-05 3.19551070e-07
5116             -6.88107598e-05 -8.34421453e-05 -4.09871813e-05 -1.03430699e-04 -9.74793140e-05 -4.13436823e-05 3.46199395e-05 1.40371687e-05 3.56501020e-07
5117             -7.22871062e-05 -8.09129989e-05 -3.96982584e-05 -1.07051185e-04 -9.50712408e-05 -4.01086590e-05 3.47640787e-05 1.41582419e-05 4.10400582e-07
5118             -7.75182253e-05 -8.22375020e-05 -3.73844320e-05 -1.12413075e-04 -9.65472264e-05 -3.78614992e-05 3.48948499e-05 1.43097243e-05 4.77067172e-07
5119             -8.45842290e-05 -7.79325330e-05 -3.44440738e-05 -1.19569516e-04 -9.24201760e-05 -3.49978909e-05 3.49852866e-05 1.44876430e-05 5.53817086e-07
5120             -9.33447953e-05 -6.12169697e-05 -3.07499079e-05 -1.28336533e-04 -7.58931859e-05 -3.13794852e-05 3.49917378e-05 1.46762162e-05 6.29577254e-07
5121             -1.03389862e-04 -3.02331982e-05 -2.64502267e-05 -1.38263263e-04 -4.50816724e-05 -2.71388535e-05 3.48734008e-05 1.48484743e-05 6.88626835e-07
5122             -1.12842287e-04 8.33278602e-06 -2.22121026e-05 -1.47486199e-04 -6.66470788e-06 -2.29294756e-05 3.46439116e-05 1.49974939e-05 7.17373012e-07
5123             -1.19799441e-04 4.10610177e-05 -1.92742837e-05 -1.54128637e-04 2.59417133e-05 -1.99754993e-05 3.43291964e-05 1.51193043e-05 7.01215600e-07
5124             -1.22916815e-04 5.76746810e-05 -1.85439208e-05 -1.56895045e-04 4.24785336e-05 -1.91839891e-05 3.39782304e-05 1.51961473e-05 6.40068305e-07
5125             -1.21157757e-04 5.76891939e-05 -1.99994616e-05 -1.54848443e-04 4.24917150e-05 -2.05501177e-05 3.36906858e-05 1.51974789e-05 5.50656109e-07
5126             -1.14733452e-04 4.44983083e-05 -2.30680805e-05 -1.48256527e-04 2.93970552e-05 -2.35150085e-05 3.35230752e-05 1.51012531e-05 4.46927927e-07
5127             -1.06576961e-04 2.20453057e-05 -2.76831744e-05 -1.40065384e-04 7.12435418e-06 -2.80366290e-05 3.34884224e-05 1.49209515e-05 3.53454567e-07
5128             -9.91515444e-05 -4.89836654e-06 -3.30465411e-05 -1.32734718e-04 -1.95937942e-05 -3.33360042e-05 3.35831735e-05 1.46954276e-05 2.89463099e-07
5129             -9.39128304e-05 -3.72552169e-05 -3.73729036e-05 -1.27650125e-04 -5.17079393e-05 -3.76310594e-05 3.37372944e-05 1.44527224e-05 2.58155789e-07
5130             -8.90575131e-05 -6.47115782e-05 -3.99466158e-05 -1.22971853e-04 -7.89461036e-05 -4.02116854e-05 3.39143401e-05 1.42345254e-05 2.65069615e-07
5131             -8.26905394e-05 -8.14278435e-05 -4.09801096e-05 -1.16748185e-04 -9.54896121e-05 -4.12567726e-05 3.40576454e-05 1.40617685e-05 2.76662973e-07
5132             -7.64888480e-05 -9.17230562e-05 -4.11150998e-05 -1.10678334e-04 -1.05683334e-04 -4.14088144e-05 3.41894864e-05 1.39602779e-05 2.93714632e-07
5133             -7.32563213e-05 -9.72388567e-05 -4.09144538e-05 -1.07586195e-04 -1.11169130e-04 -4.12231715e-05 3.43298735e-05 1.39302729e-05 3.08717677e-07
5134             -7.35890491e-05 -9.24317605e-05 -4.11556116e-05 -1.08060254e-04 -1.06405595e-04 -4.14886778e-05 3.44712047e-05 1.39738348e-05 3.33066169e-07
5135             -7.57124992e-05 -8.33168680e-05 -4.08525134e-05 -1.10315502e-04 -9.73832023e-05 -4.12314857e-05 3.46030029e-05 1.40663343e-05 3.78972270e-07
5136             -7.92029412e-05 -8.07912420e-05 -3.89715027e-05 -1.13923889e-04 -9.49874211e-05 -3.94096006e-05 3.47209474e-05 1.41961791e-05 4.38097892e-07
5137             -8.40120276e-05 -8.03014563e-05 -3.64792912e-05 -1.18838770e-04 -9.46573785e-05 -3.69869329e-05 3.48267425e-05 1.43559222e-05 5.07641733e-07
5138             -9.08458625e-05 -7.49459119e-05 -3.31988653e-05 -1.25731859e-04 -8.94899399e-05 -3.37838793e-05 3.48859969e-05 1.45440280e-05 5.85014040e-07
5139             -9.89983548e-05 -5.50466242e-05 -2.93128379e-05 -1.33841251e-04 -6.97759141e-05 -2.99684143e-05 3.48428957e-05 1.47292899e-05 6.55576454e-07
5140             -1.07711913e-04 -1.96145969e-05 -2.50989401e-05 -1.42391881e-04 -3.45085901e-05 -2.58026996e-05 3.46799671e-05 1.48939932e-05 7.03759469e-07
5141             -1.15304599e-04 1.94729138e-05 -2.11334244e-05 -1.49720538e-04 4.43858679e-06 -2.18535759e-05 3.44159388e-05 1.50343270e-05 7.20151545e-07
5142             -1.19997689e-04 4.86450973e-05 -1.89185454e-05 -1.54076001e-04 3.34996528e-05 -1.96059438e-05 3.40783127e-05 1.51454445e-05 6.87398361e-07
5143             -1.20531537e-04 6.06022046e-05 -1.89059255e-05 -1.54273169e-04 4.53999376e-05 -1.95201489e-05 3.37416316e-05 1.52022670e-05 6.14223390e-07
5144             -1.16588749e-04 5.54379995e-05 -2.10080765e-05 -1.50091193e-04 4.02625856e-05 -2.15254670e-05 3.35024437e-05 1.51754139e-05 5.17390517e-07
5145             -1.09104937e-04 3.91199241e-05 -2.46019244e-05 -1.42487704e-04 2.40720159e-05 -2.50156006e-05 3.33827674e-05 1.50479083e-05 4.13676232e-07
5146             -1.00286983e-04 1.26739723e-05 -2.92255212e-05 -1.33685754e-04 -2.18005071e-06 -2.95515610e-05 3.33987709e-05 1.48540230e-05 3.26039850e-07
5147             -9.23464367e-05 -1.57316716e-05 -3.41237306e-05 -1.25876305e-04 -3.03532083e-05 -3.43923409e-05 3.35298687e-05 1.46215367e-05 2.68610255e-07
5148             -8.61823166e-05 -4.35093440e-05 -3.79682739e-05 -1.19904910e-04 -5.78935098e-05 -3.82142330e-05 3.37225934e-05 1.43841658e-05 2.45959135e-07
5149             -7.98026042e-05 -6.64645810e-05 -4.06282102e-05 -1.13736659e-04 -8.06359669e-05 -4.08846188e-05 3.39340545e-05 1.41713859e-05 2.56408546e-07
5150             -7.39112478e-05 -8.29530119e-05 -4.16025996e-05 -1.08025418e-04 -9.69739621e-05 -4.18749352e-05 3.41141697e-05 1.40209502e-05 2.72335535e-07
5151             -6.98195380e-05 -9.44422817e-05 -4.14353522e-05 -1.04103376e-04 -1.08383980e-04 -4.17238639e-05 3.42838385e-05 1.39416983e-05 2.88511752e-07
5152             -6.86367381e-05 -9.71168707e-05 -4.10933326e-05 -1.03090252e-04 -1.11056316e-04 -4.13987331e-05 3.44535138e-05 1.39394456e-05 3.05400449e-07
5153             -7.00233144e-05 -9.03369394e-05 -4.09743811e-05 -1.04641297e-04 -1.04338227e-04 -4.13111942e-05 3.46179824e-05 1.40012872e-05 3.36813137e-07
5154             -7.29382947e-05 -8.16814290e-05 -4.02627377e-05 -1.07707557e-04 -9.57956389e-05 -4.06526361e-05 3.47692623e-05 1.41142099e-05 3.89898428e-07
5155             -7.80375392e-05 -7.95471351e-05 -3.84446095e-05 -1.12942860e-04 -9.38060092e-05 -3.88986297e-05 3.49053213e-05 1.42588741e-05 4.54020254e-07
5156             -8.48751925e-05 -7.88041995e-05 -3.57060209e-05 -1.19883457e-04 -9.32308642e-05 -3.62345502e-05 3.50082648e-05 1.44266648e-05 5.28529313e-07
5157             -9.34618841e-05 -7.10843852e-05 -3.21508571e-05 -1.28502113e-04 -8.56971913e-05 -3.27586574e-05 3.50402287e-05 1.46128061e-05 6.07800247e-07
5158             -1.02949149e-04 -4.77856541e-05 -2.78564180e-05 -1.37901846e-04 -6.25768890e-05 -2.85282359e-05 3.49526970e-05 1.47912349e-05 6.71817959e-07
5159             -1.12564864e-04 -9.85104528e-06 -2.33901897e-05 -1.47315281e-04 -2.47952324e-05 -2.41022051e-05 3.47504175e-05 1.49441871e-05 7.12015407e-07
5160             -1.20304714e-04 3.05685381e-05 -1.99388160e-05 -1.54764760e-04 1.54951975e-05 -2.06529330e-05 3.44600457e-05 1.50733407e-05 7.14116972e-07
5161             -1.24653415e-04 5.64765712e-05 -1.86186223e-05 -1.58757864e-04 4.13087731e-05 -1.92884896e-05 3.41044490e-05 1.51677980e-05 6.69867353e-07
5162             -1.24796656e-04 6.27772089e-05 -1.94338850e-05 -1.58571256e-04 4.75736769e-05 -2.00239283e-05 3.37746005e-05 1.52035319e-05 5.90043291e-07
5163             -1.20099731e-04 5.21809542e-05 -2.20598544e-05 -1.53652930e-04 3.70374257e-05 -2.25525022e-05 3.35531990e-05 1.51435285e-05 4.92647782e-07
5164             -1.12088343e-04 2.93433845e-05 -2.58572377e-05 -1.45544202e-04 1.43504049e-05 -2.62509038e-05 3.34558595e-05 1.49929796e-05 3.93666091e-07
5165             -1.03282203e-04 3.23156426e-06 -3.05573683e-05 -1.36777009e-04 -1.15432628e-05 -3.08733626e-05 3.34948065e-05 1.47748271e-05 3.15994247e-07
5166             -9.56294707e-05 -2.37549551e-05 -3.54311774e-05 -1.29261677e-04 -3.82947578e-05 -3.56998210e-05 3.36322067e-05 1.45398027e-05 2.68643582e-07
5167             -8.95682830e-05 -4.79395421e-05 -3.91836337e-05 -1.23384522e-04 -6.22407072e-05 -3.94433769e-05 3.38162391e-05 1.43011651e-05 2.59743204e-07
5168             -8.33673467e-05 -7.30650776e-05 -4.12233126e-05 -1.17350624e-04 -8.71750991e-05 -4.14931416e-05 3.39832769e-05 1.41100216e-05 2.69829054e-07
5169             -7.67063553e-05 -8.76559851e-05 -4.18249698e-05 -1.10825867e-04 -1.01638917e-04 -4.21128333e-05 3.41195115e-05 1.39829320e-05 2.87863451e-07
5170             -7.17322502e-05 -9.18440127e-05 -4.16242646e-05 -1.05995820e-04 -1.05776783e-04 -4.19282949e-05 3.42635700e-05 1.39327702e-05 3.04030232e-07
5171             -7.03379734e-05 -8.85287416e-05 -4.13325628e-05 -1.04745881e-04 -1.02482667e-04 -4.16545495e-05 3.44079081e-05 1.39539252e-05 3.21986746e-07
5172             -7.16103398e-05 -8.16261882e-05 -4.09213417e-05 -1.06160622e-04 -9.56588908e-05 -4.12782737e-05 3.45502825e-05 1.40327026e-05 3.56932008e-07
5173             -7.42945108e-05 -7.83537543e-05 -3.97883244e-05 -1.08972315e-04 -9.25092517e-05 -4.01979120e-05 3.46778045e-05 1.41554973e-05 4.09587553e-07
5174             -7.88300146e-05 -7.95450705e-05 -3.76103427e-05 -1.13626538e-04 -9.38524892e-05 -3.80855107e-05 3.47965238e-05 1.43074187e-05 4.75167930e-07
5175             -8.51698253e-05 -7.57103231e-05 -3.47859269e-05 -1.20049110e-04 -9.01942174e-05 -3.53372245e-05 3.48792851e-05 1.44838943e-05 5.51297585e-07
5176             -9.30483680e-05 -6.05843908e-05 -3.12242344e-05 -1.27934336e-04 -7.52575008e-05 -3.18520921e-05 3.48859678e-05 1.46731100e-05 6.27857733e-07
5177             -1.02070400e-04 -3.14381265e-05 -2.68781010e-05 -1.36841361e-04 -4.62843637e-05 -2.75656777e-05 3.47709609e-05 1.48462372e-05 6.87576638e-07
5178             -1.10614760e-04 6.36466268e-06 -2.25975038e-05 -1.45166571e-04 -8.63094765e-06 -2.33143816e-05 3.45518111e-05 1.49956103e-05 7.16877828e-07
5179             -1.16999627e-04 3.96754478e-05 -1.95525491e-05 -1.51252607e-04 2.45565014e-05 -2.02554724e-05 3.42529800e-05 1.51189464e-05 7.02923307e-07
5180             -1.19806752e-04 5.70933345e-05 -1.86923467e-05 -1.53720179e-04 4.18928427e-05 -1.93363072e-05 3.39134266e-05 1.52004919e-05 6.43960540e-07
5181             -1.18094375e-04 5.78165476e-05 -1.99883575e-05 -1.51728765e-04 4.26123010e-05 -2.05435282e-05 3.36343906e-05 1.52042466e-05 5.55170739e-07
5182             -1.11843942e-04 4.50780241e-05 -2.28949832e-05 -1.45318339e-04 2.99621869e-05 -2.33470328e-05 3.34743966e-05 1.51158372e-05 4.52049544e-07
5183             -1.03596442e-04 2.22276907e-05 -2.72589412e-05 -1.37043516e-04 7.28790223e-06 -2.76144703e-05 3.34470744e-05 1.49397885e-05 3.55529115e-07
5184             -9.59383577e-05 -4.07452291e-06 -3.25151219e-05 -1.29491944e-04 -1.87896057e-05 -3.28027107e-05 3.35535860e-05 1.47150828e-05 2.87588765e-07
5185             -9.04394410e-05 -3.56819839e-05 -3.71101499e-05 -1.24165429e-04 -5.01538058e-05 -3.73624950e-05 3.37259885e-05 1.44718219e-05 2.52345091e-07
5186             -8.59380360e-05 -6.36331188e-05 -3.99295115e-05 -1.19863008e-04 -7.78848687e-05 -4.01864370e-05 3.39249723e-05 1.42517499e-05 2.56925491e-07
5187             -8.02041357e-05 -8.25635249e-05 -4.10152498e-05 -1.14292087e-04 -9.66399219e-05 -4.12846949e-05 3.40879512e-05 1.40763970e-05 2.69445188e-07
5188             -7.41536209e-05 -9.33493685e-05 -4.11607877e-05 -1.08385310e-04 -1.07321970e-04 -4.14479106e-05 3.42316886e-05 1.39726015e-05 2.87122935e-07
5189             -7.10024990e-05 -9.84213047e-05 -4.09783801e-05 -1.05388619e-04 -1.12360747e-04 -4.12813124e-05 3.43861201e-05 1.39394424e-05 3.02932263e-07
5190             -7.18206834e-05 -9.45545664e-05 -4.11460237e-05 -1.06359570e-04 -1.08532335e-04 -4.14725821e-05 3.45388869e-05 1.39777688e-05 3.26558398e-07
5191             -7.48045940e-05 -8.66672638e-05 -4.08203645e-05 -1.09482554e-04 -1.00732161e-04 -4.11917885e-05 3.46779599e-05 1.40648973e-05 3.71424048e-07
5192             -7.89812143e-05 -8.44672553e-05 -3.90321381e-05 -1.13779571e-04 -9.86567691e-05 -3.94625489e-05 3.47983571e-05 1.41895137e-05 4.30410750e-07
5193             -8.44441222e-05 -8.40337690e-05 -3.65515438e-05 -1.19349138e-04 -9.83786449e-05 -3.70519569e-05 3.49050157e-05 1.43448759e-05 5.00413104e-07
5194             -9.18378326e-05 -7.82595830e-05 -3.33939330e-05 -1.26805261e-04 -9.27891753e-05 -3.39720877e-05 3.49674284e-05 1.45295923e-05 5.78154646e-07
5195             -1.00665683e-04 -5.86369650e-05 -2.95858539e-05 -1.35598438e-04 -7.33511355e-05 -3.02366153e-05 3.49327548e-05 1.47141706e-05 6.50761357e-07
5196             -1.10141433e-04 -2.39043003e-05 -2.53505190e-05 -1.44917216e-04 -3.87826543e-05 -2.60527179e-05 3.47757838e-05 1.48783540e-05 7.02198918e-07
5197             -1.18390324e-04 1.49304522e-05 -2.12301118e-05 -1.52903217e-04 -8.75042788e-08 -2.19525357e-05 3.45128935e-05 1.50179565e-05 7.22423896e-07
5198             -1.23393396e-04 4.55613621e-05 -1.88671982e-05 -1.57565874e-04 3.04322012e-05 -1.95603952e-05 3.41724779e-05 1.51291609e-05 6.93196994e-07
5199             -1.24045386e-04 5.97839485e-05 -1.87569500e-05 -1.57869923e-04 4.45942146e-05 -1.93792778e-05 3.38245376e-05 1.51897339e-05 6.22327844e-07
5200             -1.20205090e-04 5.63584921e-05 -2.06567285e-05 -1.53773877e-04 4.11890497e-05 -2.11835483e-05 3.35687875e-05 1.51694425e-05 5.26819784e-07
5201             -1.12738597e-04 4.19125599e-05 -2.41614803e-05 -1.46168370e-04 2.68603766e-05 -2.45844002e-05 3.34297734e-05 1.50521833e-05 4.22919886e-07
5202             -1.03809575e-04 1.62976539e-05 -2.88586506e-05 -1.37231496e-04 1.43278490e-06 -2.91923191e-05 3.34219207e-05 1.48648690e-05 3.33668496e-07
5203             -9.57648821e-05 -1.21490537e-05 -3.39064557e-05 -1.29295755e-04 -2.67860414e-05 -3.41814237e-05 3.35308726e-05 1.46369877e-05 2.74967964e-07
5204             -8.95344864e-05 -4.12026672e-05 -3.78090486e-05 -1.23233119e-04 -5.56064010e-05 -3.80589545e-05 3.36986324e-05 1.44037339e-05 2.49905927e-07
5205             -8.29572635e-05 -6.34817759e-05 -4.04790095e-05 -1.16846558e-04 -7.76731166e-05 -4.07386786e-05 3.38892943e-05 1.41913407e-05 2.59669094e-07
5206             -7.63563704e-05 -7.90065354e-05 -4.14807005e-05 -1.10407086e-04 -9.30442962e-05 -4.17549778e-05 3.40507152e-05 1.40377608e-05 2.74277314e-07
5207             -7.13151328e-05 -9.10978723e-05 -4.14104800e-05 -1.05519124e-04 -1.05051158e-04 -4.17003333e-05 3.42039908e-05 1.39532860e-05 2.89853257e-07
5208             -6.91876611e-05 -9.58697220e-05 -4.10912540e-05 -1.03550707e-04 -1.09815531e-04 -4.13970787e-05 3.43630460e-05 1.39458086e-05 3.05824757e-07
5209             -6.96324511e-05 -8.99729110e-05 -4.10365984e-05 -1.04154958e-04 -1.03976549e-04 -4.13720798e-05 3.45225072e-05 1.40036378e-05 3.35481422e-07
5210             -7.15624674e-05 -8.02909574e-05 -4.04921137e-05 -1.06235067e-04 -9.44040132e-05 -4.08791516e-05 3.46725992e-05 1.41130558e-05 3.87037913e-07
5211             -7.56087345e-05 -7.75284468e-05 -3.86947615e-05 -1.10422381e-04 -9.17831840e-05 -3.91451246e-05 3.48136470e-05 1.42547372e-05 4.50363069e-07
5212             -8.15994456e-05 -7.73202355e-05 -3.59929822e-05 -1.16527263e-04 -9.17399855e-05 -3.65168378e-05 3.49278177e-05 1.44197500e-05 5.23855590e-07
5213             -8.97476590e-05 -7.13423518e-05 -3.24133047e-05 -1.24724874e-04 -8.59473572e-05 -3.30161928e-05 3.49772153e-05 1.46050055e-05 6.02888079e-07
5214             -9.90801470e-05 -5.00318305e-05 -2.80241708e-05 -1.33991205e-04 -6.48159094e-05 -2.86918701e-05 3.49110579e-05 1.47840789e-05 6.67699355e-07
5215             -1.08693321e-04 -1.23682424e-05 -2.36667574e-05 -1.43417591e-04 -2.73065497e-05 -2.43750758e-05 3.47242699e-05 1.49383073e-05 7.08318423e-07
5216             -1.16547433e-04 2.88188107e-05 -2.01562952e-05 -1.50997087e-04 1.37489063e-05 -2.08692523e-05 3.44496536e-05 1.50699044e-05 7.12957104e-07
5217             -1.21175996e-04 5.63379617e-05 -1.87045731e-05 -1.55284922e-04 4.11691561e-05 -1.93764765e-05 3.41089268e-05 1.51688055e-05 6.71903373e-07
5218             -1.21634264e-04 6.38620932e-05 -1.93353861e-05 -1.55422439e-04 4.86504883e-05 -1.99288707e-05 3.37881741e-05 1.52116049e-05 5.93484588e-07
5219             -1.17334402e-04 5.41840102e-05 -2.18684441e-05 -1.50907307e-04 3.90249238e-05 -2.23638989e-05 3.35729051e-05 1.51590864e-05 4.95454814e-07
5220             -1.09802255e-04 3.19802484e-05 -2.55828755e-05 -1.43280307e-04 1.69655298e-05 -2.59773709e-05 3.34780517e-05 1.50147185e-05 3.94495361e-07
5221             -1.01519396e-04 5.09835628e-06 -3.02273617e-05 -1.35037091e-04 -9.70077119e-06 -3.05413594e-05 3.35176948e-05 1.47991275e-05 3.13997775e-07
5222             -9.43937842e-05 -2.25804871e-05 -3.50469679e-05 -1.28050813e-04 -3.71444801e-05 -3.53106245e-05 3.36570287e-05 1.45639931e-05 2.63656608e-07
5223             -8.89096655e-05 -4.67996699e-05 -3.88795594e-05 -1.22754082e-04 -6.11229436e-05 -3.91313924e-05 3.38444161e-05 1.43232737e-05 2.51832933e-07
5224             -8.33209670e-05 -7.20514952e-05 -4.11763165e-05 -1.17343887e-04 -8.61778299e-05 -4.14398435e-05 3.40229203e-05 1.41263346e-05 2.63526983e-07
5225             -7.76022574e-05 -8.83210632e-05 -4.18280572e-05 -1.11769501e-04 -1.02311898e-04 -4.21104264e-05 3.41672438e-05 1.39908346e-05 2.82369272e-07
5226             -7.34256464e-05 -9.46562308e-05 -4.14871681e-05 -1.07737418e-04 -1.08588867e-04 -4.17863073e-05 3.43117713e-05 1.39326361e-05 2.99139218e-07
5227             -7.23588817e-05 -9.23362525e-05 -4.11681312e-05 -1.06811331e-04 -1.06282226e-04 -4.14851179e-05 3.44524495e-05 1.39459735e-05 3.16986669e-07
5228             -7.37805014e-05 -8.51329703e-05 -4.08652681e-05 -1.08368644e-04 -9.91525071e-05 -4.12170461e-05 3.45881424e-05 1.40195368e-05 3.51777935e-07
5229             -7.64715569e-05 -8.07341820e-05 -3.98923570e-05 -1.11181590e-04 -9.48739873e-05 -4.02978062e-05 3.47100332e-05 1.41398053e-05 4.05449239e-07
5230             -8.10978906e-05 -8.11658637e-05 -3.78552774e-05 -1.15920104e-04 -9.54553412e-05 -3.83267989e-05 3.48222132e-05 1.42894775e-05 4.71521549e-07
5231             -8.74268543e-05 -7.75815159e-05 -3.50671205e-05 -1.22326361e-04 -9.20449856e-05 -3.56149764e-05 3.48995071e-05 1.44634697e-05 5.47855834e-07
5232             -9.52055757e-05 -6.35418089e-05 -3.15157336e-05 -1.30109980e-04 -7.81943702e-05 -3.21413753e-05 3.49044046e-05 1.46525613e-05 6.25641747e-07
5233             -1.03998710e-04 -3.53798056e-05 -2.71140634e-05 -1.38785689e-04 -5.02072621e-05 -2.78004183e-05 3.47869783e-05 1.48274564e-05 6.86354833e-07
5234             -1.12474796e-04 3.04679055e-06 -2.28534806e-05 -1.47039718e-04 -1.19320428e-05 -2.35704199e-05 3.45649223e-05 1.49788334e-05 7.16939369e-07
5235             -1.18926984e-04 3.85228584e-05 -1.98172801e-05 -1.53193010e-04 2.34164729e-05 -2.05237569e-05 3.42660268e-05 1.51063855e-05 7.06476802e-07
5236             -1.21833359e-04 5.81897091e-05 -1.89074351e-05 -1.55752406e-04 4.29949685e-05 -1.95575946e-05 3.39190464e-05 1.51947406e-05 6.50159402e-07
5237             -1.20216304e-04 5.97624083e-05 -2.01089502e-05 -1.53842175e-04 4.45545663e-05 -2.06722212e-05 3.36258710e-05 1.52078420e-05 5.63270939e-07
5238             -1.14023472e-04 4.75820986e-05 -2.29323107e-05 -1.47474795e-04 3.24557059e-05 -2.33943091e-05 3.34513234e-05 1.51263926e-05 4.61998448e-07
5239             -1.05425470e-04 2.36584892e-05 -2.69084142e-05 -1.38831996e-04 8.70374233e-06 -2.72720583e-05 3.34065265e-05 1.49547469e-05 3.63644102e-07
5240             -9.68903846e-05 -1.76100109e-06 -3.21575621e-05 -1.30388979e-04 -1.64949562e-05 -3.24508241e-05 3.34985942e-05 1.47339551e-05 2.93262001e-07
5241             -9.03046040e-05 -3.22984256e-05 -3.69851491e-05 -1.23973311e-04 -4.67885979e-05 -3.72407701e-05 3.36687070e-05 1.44901723e-05 2.55621011e-07
5242             -8.51530978e-05 -6.05202599e-05 -3.99962392e-05 -1.19023188e-04 -7.47852295e-05 -4.02536796e-05 3.38700906e-05 1.42649695e-05 2.57440423e-07
5243             -7.92434555e-05 -8.19075199e-05 -4.10858574e-05 -1.13280067e-04 -9.59907939e-05 -4.13552757e-05 3.40366117e-05 1.40832740e-05 2.69418360e-07
5244             -7.28031480e-05 -9.27749108e-05 -4.12454088e-05 -1.06983967e-04 -1.06749927e-04 -4.15322870e-05 3.41808188e-05 1.39750166e-05 2.86878227e-07
5245             -6.91038005e-05 -9.64342818e-05 -4.11394280e-05 -1.03443262e-04 -1.10371829e-04 -4.14423130e-05 3.43394615e-05 1.39375468e-05 3.02884948e-07
5246             -6.95472608e-05 -9.24899749e-05 -4.12727164e-05 -1.04046244e-04 -1.06462863e-04 -4.15976048e-05 3.44989836e-05 1.39728876e-05 3.24888373e-07
5247             -7.24652255e-05 -8.55103631e-05 -4.09192507e-05 -1.07113416e-04 -9.95685000e-05 -4.12865500e-05 3.46481906e-05 1.40581369e-05 3.67299296e-07
5248             -7.65716933e-05 -8.36641724e-05 -3.92270242e-05 -1.11348641e-04 -9.78473482e-05 -3.96517815e-05 3.47769475e-05 1.41831758e-05 4.24757212e-07
5249             -8.18814515e-05 -8.34762344e-05 -3.67547098e-05 -1.16774913e-04 -9.78149294e-05 -3.72483950e-05 3.48934613e-05 1.43386950e-05 4.93685240e-07
5250             -8.88795206e-05 -7.76807687e-05 -3.36838704e-05 -1.23848621e-04 -9.22045970e-05 -3.42548783e-05 3.49691007e-05 1.45238284e-05 5.71007842e-07
5251             -9.74728852e-05 -5.87134038e-05 -2.99128654e-05 -1.32425910e-04 -7.34240665e-05 -3.05572781e-05 3.49530249e-05 1.47106627e-05 6.44412634e-07
5252             -1.07094567e-04 -2.51953300e-05 -2.57113620e-05 -1.41908571e-04 -4.00729756e-05 -2.64094788e-05 3.48140040e-05 1.48776456e-05 6.98116750e-07
5253             -1.15774621e-04 1.32376331e-05 -2.15305897e-05 -1.50341354e-04 -1.78097881e-06 -2.22514364e-05 3.45667322e-05 1.50186119e-05 7.20846691e-07
5254             -1.21547886e-04 4.47930180e-05 -1.90529620e-05 -1.55786314e-04 2.96621452e-05 -1.97483181e-05 3.42384281e-05 1.51308728e-05 6.95356102e-07
5255             -1.23123478e-04 5.93000252e-05 -1.86792128e-05 -1.57014379e-04 4.41038577e-05 -1.93063254e-05 3.38909008e-05 1.51961674e-05 6.27112642e-07
5256             -1.20242768e-04 5.66995629e-05 -2.03185708e-05 -1.53873394e-04 4.15207395e-05 -2.08515194e-05 3.36306262e-05 1.51788234e-05 5.32948560e-07
5257             -1.13327154e-04 4.28344465e-05 -2.37618212e-05 -1.46812985e-04 2.77690911e-05 -2.41910232e-05 3.34858302e-05 1.50653553e-05 4.29202003e-07
5258             -1.04952507e-04 1.79934046e-05 -2.84856490e-05 -1.38425389e-04 3.11463344e-06 -2.88249179e-05 3.34728823e-05 1.48787711e-05 3.39268848e-07
5259             -9.74849037e-05 -1.05072071e-05 -3.36377577e-05 -1.31060742e-04 -2.51571483e-05 -3.39166735e-05 3.35758386e-05 1.46499413e-05 2.78915863e-07
5260             -9.18687411e-05 -4.10406313e-05 -3.76135808e-05 -1.25602501e-04 -5.54565832e-05 -3.78659247e-05 3.37337602e-05 1.44159519e-05 2.52343888e-07
5261             -8.57470958e-05 -6.44326426e-05 -4.02165423e-05 -1.19660951e-04 -7.86333638e-05 -4.04787543e-05 3.39138553e-05 1.42007212e-05 2.62211970e-07
5262             -7.88666126e-05 -7.94614280e-05 -4.12521502e-05 -1.12930434e-04 -9.35046128e-05 -4.15278573e-05 3.40638212e-05 1.40431849e-05 2.75707145e-07
5263             -7.32733809e-05 -9.04188589e-05 -4.13378253e-05 -1.07480054e-04 -1.04372866e-04 -4.16294698e-05 3.42066730e-05 1.39540072e-05 2.91644434e-07
5264             -7.08801943e-05 -9.55540293e-05 -4.10649259e-05 -1.05235970e-04 -1.09496118e-04 -4.13723364e-05 3.43557759e-05 1.39420891e-05 3.07410423e-07
5265             -7.13944401e-05 -9.01039331e-05 -4.11161246e-05 -1.05899081e-04 -1.04100659e-04 -4.14514695e-05 3.45046410e-05 1.39967257e-05 3.35344815e-07
5266             -7.33773375e-05 -8.02816215e-05 -4.06743230e-05 -1.08021186e-04 -9.43849550e-05 -4.10597802e-05 3.46438482e-05 1.41033335e-05 3.85457246e-07
5267             -7.71552950e-05 -7.73642119e-05 -3.88167250e-05 -1.11930314e-04 -9.16067928e-05 -3.92641582e-05 3.47750193e-05 1.42425809e-05 4.47433213e-07
5268             -8.26901666e-05 -7.70231278e-05 -3.61974250e-05 -1.17575294e-04 -9.14294832e-05 -3.67170705e-05 3.48851275e-05 1.44063554e-05 5.19645447e-07
5269             -9.04384649e-05 -7.15867566e-05 -3.27203672e-05 -1.25374910e-04 -8.61786009e-05 -3.33187226e-05 3.49364449e-05 1.45918443e-05 5.98355418e-07
5270             -9.94724320e-05 -5.15336768e-05 -2.84389891e-05 -1.34348165e-04 -6.63055484e-05 -2.91033900e-05 3.48757331e-05 1.47718716e-05 6.64400916e-07
5271             -1.08673916e-04 -1.51706498e-05 -2.40925366e-05 -1.43368221e-04 -3.00984841e-05 -2.47995288e-05 3.46943050e-05 1.49278343e-05 7.06992178e-07
5272             -1.16208070e-04 2.55177405e-05 -2.04492759e-05 -1.50629625e-04 1.04577124e-05 -2.11638084e-05 3.44215551e-05 1.50600280e-05 7.14532569e-07
5273             -1.20514092e-04 5.38908981e-05 -1.87291253e-05 -1.54594415e-04 3.87287577e-05 -1.94041342e-05 3.40803238e-05 1.51621404e-05 6.75008927e-07
5274             -1.20660937e-04 6.26025320e-05 -1.91510329e-05 -1.54416857e-04 4.73948802e-05 -1.97480705e-05 3.37559199e-05 1.52076519e-05 5.97037549e-07
5275             -1.16390177e-04 5.40012526e-05 -2.16039142e-05 -1.49927340e-04 3.88414452e-05 -2.21031285e-05 3.35371633e-05 1.51598074e-05 4.99214313e-07
5276             -1.08982111e-04 3.32464280e-05 -2.53252676e-05 -1.42419582e-04 1.82257800e-05 -2.57224710e-05 3.34374708e-05 1.50206479e-05 3.97203375e-07
5277             -1.00748891e-04 6.46343720e-06 -2.99247292e-05 -1.34221498e-04 -8.34652438e-06 -3.02398197e-05 3.34726077e-05 1.48099616e-05 3.15090456e-07
5278             -9.34586863e-05 -2.12342630e-05 -3.46633079e-05 -1.27069161e-04 -3.58118999e-05 -3.49252440e-05 3.36104746e-05 1.45776369e-05 2.61936063e-07
5279             -8.77336688e-05 -4.52795677e-05 -3.85062674e-05 -1.21535624e-04 -5.96181205e-05 -3.87526858e-05 3.38019547e-05 1.43385528e-05 2.46418360e-07
5280             -8.18868465e-05 -6.96091992e-05 -4.10223974e-05 -1.15880531e-04 -8.37493721e-05 -4.12803413e-05 3.39936847e-05 1.41401730e-05 2.57943889e-07
5281             -7.62627333e-05 -8.63811844e-05 -4.18617439e-05 -1.10414328e-04 -1.00382295e-04 -4.21380744e-05 3.41515948e-05 1.40011110e-05 2.76330459e-07
5282             -7.21891534e-05 -9.46404489e-05 -4.15139962e-05 -1.06493893e-04 -1.08579698e-04 -4.18077489e-05 3.43047392e-05 1.39392494e-05 2.93752767e-07
5283             -7.09228648e-05 -9.35523570e-05 -4.11461209e-05 -1.05378095e-04 -1.07500708e-04 -4.14572353e-05 3.44552303e-05 1.39483506e-05 3.11114424e-07
5284             -7.21513697e-05 -8.64383893e-05 -4.08583170e-05 -1.06753561e-04 -1.00457619e-04 -4.12032134e-05 3.46021915e-05 1.40192293e-05 3.44896447e-07
5285             -7.47989164e-05 -8.11631876e-05 -3.99324891e-05 -1.09536905e-04 -9.53007748e-05 -4.03312425e-05 3.47379888e-05 1.41375871e-05 3.98753436e-07
5286             -7.97217504e-05 -8.11163762e-05 -3.80124127e-05 -1.14583375e-04 -9.54022374e-05 -3.84774188e-05 3.48616250e-05 1.42858612e-05 4.65006115e-07
5287             -8.64500401e-05 -7.86646319e-05 -3.52880597e-05 -1.21399442e-04 -9.31214108e-05 -3.58292756e-05 3.49494018e-05 1.44567789e-05 5.41215884e-07
5288             -9.47369352e-05 -6.66763455e-05 -3.17408522e-05 -1.29700525e-04 -8.13200417e-05 -3.23610807e-05 3.49635901e-05 1.46436962e-05 6.20228424e-07
5289             -1.03952603e-04 -3.96161817e-05 -2.74004038e-05 -1.38807523e-04 -5.44336993e-05 -2.80828826e-05 3.48549199e-05 1.48175176e-05 6.82478774e-07
5290             -1.12935049e-04 -1.61214768e-06 -2.29131910e-05 -1.47576357e-04 -1.65798183e-05 -2.36300783e-05 3.46413083e-05 1.49676706e-05 7.16887382e-07
5291             -1.19816523e-04 3.57069311e-05 -1.97326708e-05 -1.54162228e-04 2.06134822e-05 -2.04431879e-05 3.43457050e-05 1.50934489e-05 7.10517060e-07
5292             -1.23090706e-04 5.76393173e-05 -1.87719209e-05 -1.57085591e-04 4.24562440e-05 -1.94295366e-05 3.39948848e-05 1.51830733e-05 6.57615717e-07
5293             -1.21886052e-04 6.05581655e-05 -1.98991869e-05 -1.55575657e-04 4.53558382e-05 -2.04720462e-05 3.36896048e-05 1.52023273e-05 5.72859310e-07
5294             -1.15958596e-04 4.89892247e-05 -2.26896472e-05 -1.49457123e-04 3.38596661e-05 -2.31626596e-05 3.34985270e-05 1.51295586e-05 4.73012407e-07
5295             -1.07287676e-04 2.53594938e-05 -2.66659324e-05 -1.40725332e-04 1.03956136e-05 -2.70407606e-05 3.34376564e-05 1.49638803e-05 3.74828241e-07
5296             -9.87304087e-05 2.92841839e-07 -3.16421656e-05 -1.32244031e-04 -1.44534749e-05 -3.19439697e-05 3.35136221e-05 1.47463167e-05 3.01804083e-07
5297             -9.18873289e-05 -2.82098502e-05 -3.65214972e-05 -1.25558469e-04 -4.27156477e-05 -3.67827318e-05 3.36711396e-05 1.45057975e-05 2.61234593e-07
5298             -8.66130186e-05 -5.54311055e-05 -3.98945661e-05 -1.20479669e-04 -6.97091810e-05 -4.01546363e-05 3.38666499e-05 1.42780756e-05 2.60070209e-07
5299             -8.08593399e-05 -7.93679453e-05 -4.12632149e-05 -1.14890388e-04 -9.34608307e-05 -4.15349652e-05 3.40310486e-05 1.40928854e-05 2.71750347e-07
5300             -7.44115142e-05 -9.15798951e-05 -4.14899740e-05 -1.08578945e-04 -1.05560598e-04 -4.17791652e-05 3.41674312e-05 1.39807028e-05 2.89191246e-07
5301             -7.02211295e-05 -9.46483124e-05 -4.13183618e-05 -1.04537913e-04 -1.08586952e-04 -4.16233662e-05 3.43167832e-05 1.39386396e-05 3.05004342e-07
5302             -6.99726535e-05 -9.04083046e-05 -4.12934638e-05 -1.04438618e-04 -1.04377856e-04 -4.16183585e-05 3.44659650e-05 1.39695512e-05 3.24894719e-07
5303             -7.22463251e-05 -8.35498267e-05 -4.09402220e-05 -1.06857010e-04 -9.76017406e-05 -4.13046331e-05 3.46106845e-05 1.40519140e-05 3.64411133e-07
5304             -7.58189701e-05 -8.16909530e-05 -3.94925477e-05 -1.10554496e-04 -9.58658693e-05 -3.99123681e-05 3.47355255e-05 1.41749163e-05 4.19820412e-07
5305             -8.08063679e-05 -8.25226813e-05 -3.70745319e-05 -1.15657007e-04 -9.68497613e-05 -3.75617420e-05 3.48506394e-05 1.43270800e-05 4.87210075e-07
5306             -8.75116561e-05 -7.77506356e-05 -3.40259016e-05 -1.22439086e-04 -9.22584453e-05 -3.45899538e-05 3.49274303e-05 1.45078097e-05 5.64052130e-07
5307             -9.58815730e-05 -5.97870244e-05 -3.02592456e-05 -1.30800284e-04 -7.44813121e-05 -3.08976829e-05 3.49187106e-05 1.46942877e-05 6.38437280e-07
5308             -1.05425716e-04 -2.74331274e-05 -2.60312532e-05 -1.40213269e-04 -4.22972319e-05 -2.67257227e-05 3.47875531e-05 1.48641045e-05 6.94469569e-07
5309             -1.14190915e-04 1.12992837e-05 -2.18577727e-05 -1.48739389e-04 -3.70885021e-06 -2.25773416e-05 3.45484733e-05 1.50081339e-05 7.19568891e-07
5310             -1.20240494e-04 4.32478409e-05 -1.91701624e-05 -1.54467844e-04 2.81228550e-05 -1.98680037e-05 3.42273502e-05 1.51249859e-05 6.97841326e-07
5311             -1.22329361e-04 5.86733465e-05 -1.86501162e-05 -1.56211478e-04 4.34795601e-05 -1.92824259e-05 3.38821167e-05 1.51937865e-05 6.32309684e-07
5312             -1.19777426e-04 5.72147372e-05 -2.02822771e-05 -1.53392970e-04 4.20289625e-05 -2.08227770e-05 3.36155438e-05 1.51857748e-05 5.40499866e-07
5313             -1.12995330e-04 4.37629858e-05 -2.35216378e-05 -1.46462944e-04 2.86848525e-05 -2.39580584e-05 3.34676133e-05 1.50781332e-05 4.36420551e-07
5314             -1.04587673e-04 2.01267384e-05 -2.81284330e-05 -1.38037089e-04 5.22805713e-06 -2.84713958e-05 3.34494163e-05 1.48986813e-05 3.42962786e-07
5315             -9.68982819e-05 -7.84391438e-06 -3.33384551e-05 -1.30453677e-04 -2.25149746e-05 -3.36188456e-05 3.35553947e-05 1.46710602e-05 2.80390461e-07
5316             -9.12711302e-05 -3.97823097e-05 -3.74870887e-05 -1.24990089e-04 -5.42180332e-05 -3.77377909e-05 3.37189587e-05 1.44357235e-05 2.50702184e-07
5317             -8.56730170e-05 -6.54714142e-05 -4.00957559e-05 -1.19577293e-04 -7.96893012e-05 -4.03548565e-05 3.39042757e-05 1.42178870e-05 2.59100559e-07
5318             -7.90981760e-05 -8.10350493e-05 -4.11642212e-05 -1.13156991e-04 -9.50898458e-05 -4.14365881e-05 3.40588154e-05 1.40547965e-05 2.72366846e-07
5319             -7.34589192e-05 -9.17316089e-05 -4.12701659e-05 -1.07663134e-04 -1.05689790e-04 -4.15596307e-05 3.42042147e-05 1.39581816e-05 2.89464727e-07
5320             -7.10003389e-05 -9.75065128e-05 -4.09847861e-05 -1.05357408e-04 -1.11444110e-04 -4.12901747e-05 3.43570687e-05 1.39375970e-05 3.05388664e-07
5321             -7.17043110e-05 -9.25236561e-05 -4.11474961e-05 -1.06213777e-04 -1.06509069e-04 -4.14798621e-05 3.45094655e-05 1.39854134e-05 3.32366004e-07
5322             -7.39674719e-05 -8.32066466e-05 -4.07931854e-05 -1.08618507e-04 -9.72921152e-05 -4.11749585e-05 3.46510348e-05 1.40854686e-05 3.81773013e-07
5323             -7.77778570e-05 -8.03269282e-05 -3.89206294e-05 -1.12558505e-04 -9.45455094e-05 -3.93639866e-05 3.47806482e-05 1.42185813e-05 4.43357209e-07
5324             -8.30898919e-05 -7.95568710e-05 -3.63791949e-05 -1.17982529e-04 -9.39373207e-05 -3.68944934e-05 3.48926376e-05 1.43804497e-05 5.15298441e-07
5325             -9.05972789e-05 -7.40531687e-05 -3.29507234e-05 -1.25547809e-04 -8.86201643e-05 -3.35448236e-05 3.49505305e-05 1.45669956e-05 5.94100186e-07
5326             -9.94552305e-05 -5.38899403e-05 -2.88144549e-05 -1.34355644e-04 -6.86402367e-05 -2.94764971e-05 3.49004139e-05 1.47502963e-05 6.62042140e-07
5327             -1.08596718e-04 -1.78793769e-05 -2.44490266e-05 -1.43325660e-04 -3.27894483e-05 -2.51558966e-05 3.47289420e-05 1.49100714e-05 7.06869973e-07
5328             -1.16312536e-04 2.29387965e-05 -2.07461098e-05 -1.50773148e-04 7.89312383e-06 -2.14640351e-05 3.44606120e-05 1.50456726e-05 7.17925263e-07
5329             -1.20965799e-04 5.22400129e-05 -1.87880238e-05 -1.55086439e-04 3.70874164e-05 -1.94688530e-05 3.41206402e-05 1.51525965e-05 6.80829274e-07
5330             -1.21428329e-04 6.24770808e-05 -1.89958787e-05 -1.55219390e-04 4.72722721e-05 -1.96004633e-05 3.37910616e-05 1.52048088e-05 6.04584587e-07
5331             -1.17481184e-04 5.53974318e-05 -2.13212297e-05 -1.51042260e-04 4.02313571e-05 -2.18281216e-05 3.35610766e-05 1.51660747e-05 5.06891824e-07
5332             -1.10188683e-04 3.64361303e-05 -2.50245678e-05 -1.43637255e-04 2.14012458e-05 -2.54285772e-05 3.34485729e-05 1.50348846e-05 4.04009356e-07
5333             -1.01814208e-04 9.59801510e-06 -2.96347138e-05 -1.35284953e-04 -5.23223818e-06 -2.99543363e-05 3.34707446e-05 1.48302533e-05 3.19622458e-07
5334             -9.42225245e-05 -1.87540321e-05 -3.43910807e-05 -1.27821781e-04 -3.33544859e-05 -3.46557650e-05 3.35992569e-05 1.46004539e-05 2.64684364e-07
5335             -8.82527923e-05 -4.43746006e-05 -3.81852472e-05 -1.22036933e-04 -5.87345636e-05 -3.84314886e-05 3.37841404e-05 1.43599630e-05 2.46241404e-07
5336             -8.19878906e-05 -6.76778236e-05 -4.08216207e-05 -1.15964189e-04 -8.18343123e-05 -4.10794632e-05 3.39762988e-05 1.41564887e-05 2.57842452e-07
5337             -7.61918577e-05 -8.43003074e-05 -4.17856964e-05 -1.10326643e-04 -9.83094834e-05 -4.20611165e-05 3.41347854e-05 1.40091761e-05 2.75420067e-07
5338             -7.21304630e-05 -9.45660922e-05 -4.14975341e-05 -1.06416079e-04 -1.08506224e-04 -4.17904945e-05 3.42856155e-05 1.39401321e-05 2.92960383e-07
5339             -7.07029046e-05 -9.48139755e-05 -4.11347927e-05 -1.05137744e-04 -1.08757343e-04 -4.14448302e-05 3.44348395e-05 1.39433672e-05 3.10037435e-07
5340             -7.17889465e-05 -8.73856788e-05 -4.08999960e-05 -1.06370949e-04 -1.01397009e-04 -4.12428870e-05 3.45820024e-05 1.40113299e-05 3.42890961e-07
5341             -7.43056582e-05 -8.01152099e-05 -4.00698055e-05 -1.09024606e-04 -9.42431342e-05 -4.04661199e-05 3.47189476e-05 1.41279243e-05 3.96314350e-07
5342             -7.91524881e-05 -7.91957384e-05 -3.82300107e-05 -1.13996643e-04 -9.34721261e-05 -3.86911651e-05 3.48441553e-05 1.42763877e-05 4.61154457e-07
5343             -8.57598882e-05 -7.77961618e-05 -3.55191807e-05 -1.20695091e-04 -9.22422328e-05 -3.60553203e-05 3.49352028e-05 1.44460710e-05 5.36139596e-07
5344             -9.39564480e-05 -6.80198254e-05 -3.19573924e-05 -1.28911321e-04 -8.26527081e-05 -3.25726082e-05 3.49548730e-05 1.46328827e-05 6.15215875e-07
5345             -1.03005542e-04 -4.30251136e-05 -2.74546118e-05 -1.37859886e-04 -5.78328936e-05 -2.81322838e-05 3.48543444e-05 1.48077799e-05 6.77672014e-07
5346             -1.11961825e-04 -4.24929274e-06 -2.30911328e-05 -1.46605080e-04 -1.92084494e-05 -2.38041372e-05 3.46432544e-05 1.49591566e-05 7.13004384e-07
5347             -1.18993158e-04 3.51221635e-05 -1.99731286e-05 -1.53347058e-04 2.00357630e-05 -2.06832044e-05 3.43539006e-05 1.50864005e-05 7.10075764e-07
5348             -1.22678524e-04 5.82863710e-05 -1.88454783e-05 -1.56685973e-04 4.31073797e-05 -1.95070436e-05 3.40074488e-05 1.51789913e-05 6.61565297e-07
5349             -1.22137373e-04 6.16528050e-05 -1.97114835e-05 -1.55833266e-04 4.64492795e-05 -2.02898148e-05 3.36958926e-05 1.52035255e-05 5.78331281e-07
5350             -1.16706471e-04 4.99362771e-05 -2.23597898e-05 -1.50202753e-04 3.48004459e-05 -2.28388419e-05 3.34962826e-05 1.51358313e-05 4.79052140e-07
5351             -1.08238948e-04 2.65304439e-05 -2.62637235e-05 -1.41664211e-04 1.15587316e-05 -2.66435119e-05 3.34252627e-05 1.49717123e-05 3.79788401e-07
5352             -9.95624900e-05 1.11375108e-06 -3.11471831e-05 -1.33053719e-04 -1.36400922e-05 -3.14509070e-05 3.34912291e-05 1.47538433e-05 3.03723879e-07
5353             -9.23744677e-05 -2.63633097e-05 -3.60629212e-05 -1.26022094e-04 -4.08764183e-05 -3.63235450e-05 3.36476260e-05 1.45131086e-05 2.60623821e-07
5354             -8.68958389e-05 -5.24380291e-05 -3.96338811e-05 -1.20742459e-04 -6.67195664e-05 -3.98903868e-05 3.38466196e-05 1.42815373e-05 2.56505708e-07
5355             -8.12067300e-05 -7.78346021e-05 -4.12413387e-05 -1.15224109e-04 -9.19264395e-05 -4.15093695e-05 3.40173791e-05 1.40918374e-05 2.68030854e-07
5356             -7.48046878e-05 -9.10803442e-05 -4.16268268e-05 -1.08962029e-04 -1.05056340e-04 -4.19132119e-05 3.41573417e-05 1.39759962e-05 2.86385047e-07
5357             -7.02709668e-05 -9.40499774e-05 -4.14787396e-05 -1.04579011e-04 -1.07979732e-04 -4.17817112e-05 3.43080439e-05 1.39297551e-05 3.02971566e-07
5358             -6.96418066e-05 -8.97746673e-05 -4.13525088e-05 -1.04100669e-04 -1.03733084e-04 -4.16750425e-05 3.44588625e-05 1.39584171e-05 3.22533646e-07
5359             -7.16664966e-05 -8.26297125e-05 -4.09954031e-05 -1.06271635e-04 -9.66696798e-05 -4.13556303e-05 3.46051388e-05 1.40399673e-05 3.60227287e-07
5360             -7.51090206e-05 -8.02391682e-05 -3.97075270e-05 -1.09841356e-04 -9.44035559e-05 -4.01219618e-05 3.47323356e-05 1.41643877e-05 4.14434828e-07
5361             -8.01725204e-05 -8.14895667e-05 -3.73693729e-05 -1.15021055e-04 -9.58061123e-05 -3.78503789e-05 3.48485343e-05 1.43165456e-05 4.81006042e-07
5362             -8.69074759e-05 -7.71669957e-05 -3.43982460e-05 -1.21834438e-04 -9.16631131e-05 -3.49558919e-05 3.49269623e-05 1.44961175e-05 5.57645941e-07
5363             -9.51937713e-05 -6.02439847e-05 -3.07073149e-05 -1.30117789e-04 -7.49275065e-05 -3.13403269e-05 3.49240173e-05 1.46835219e-05 6.33011995e-07
5364             -1.04625877e-04 -2.92484976e-05 -2.64652408e-05 -1.39425763e-04 -4.41043848e-05 -2.71564044e-05 3.47998855e-05 1.48558872e-05 6.91163644e-07
5365             -1.13393000e-04 9.19866110e-06 -2.22763421e-05 -1.47961855e-04 -5.80342286e-06 -2.29950278e-05 3.45688554e-05 1.50020840e-05 7.18685694e-07
5366             -1.19696183e-04 4.15132137e-05 -1.93745027e-05 -1.53952636e-04 2.63915919e-05 -2.00752453e-05 3.42564528e-05 1.51216218e-05 7.00742625e-07
5367             -1.22198409e-04 5.76440351e-05 -1.86526049e-05 -1.56110169e-04 4.24498753e-05 -1.92902742e-05 3.39117594e-05 1.51941598e-05 6.37669371e-07
5368             -1.19974475e-04 5.72341255e-05 -2.01605137e-05 -1.53611064e-04 4.20427213e-05 -2.07075789e-05 3.36365891e-05 1.51914042e-05 5.47065284e-07
5369             -1.13424255e-04 4.37855879e-05 -2.31532815e-05 -1.46905604e-04 2.86967962e-05 -2.35961800e-05 3.34813493e-05 1.50887917e-05 4.42898438e-07
5370             -1.05152895e-04 2.08269974e-05 -2.76081677e-05 -1.38606912e-04 5.91305974e-06 -2.79557318e-05 3.34540176e-05 1.49139376e-05 3.47564117e-07
5371             -9.74505305e-05 -5.88099394e-06 -3.30353111e-05 -1.31006372e-04 -2.05673359e-05 -3.33189134e-05 3.35558412e-05 1.46863420e-05 2.83602354e-07
5372             -9.19241922e-05 -3.80973995e-05 -3.73940185e-05 -1.25642763e-04 -5.25467272e-05 -3.76464233e-05 3.37185708e-05 1.44493277e-05 2.52404851e-07
5373             -8.68990316e-05 -6.49813072e-05 -3.99861871e-05 -1.20798760e-04 -7.92103820e-05 -4.02454133e-05 3.38997285e-05 1.42290748e-05 2.59226137e-07
5374             -8.06406232e-05 -8.14067053e-05 -4.10061889e-05 -1.14688742e-04 -9.54701112e-05 -4.12778402e-05 3.40481187e-05 1.40634058e-05 2.71651328e-07
5375             -7.46259239e-05 -9.15599590e-05 -4.11188402e-05 -1.08811603e-04 -1.05523416e-04 -4.14077718e-05 3.41856789e-05 1.39634572e-05 2.88931605e-07
5376             -7.15437373e-05 -9.72222159e-05 -4.08974647e-05 -1.05878490e-04 -1.11162013e-04 -4.12020574e-05 3.43347527e-05 1.39397975e-05 3.04592705e-07
5377             -7.19537818e-05 -9.28749437e-05 -4.11214782e-05 -1.06438426e-04 -1.06859697e-04 -4.14515810e-05 3.44846438e-05 1.39847537e-05 3.30102849e-07
5378             -7.42461995e-05 -8.42574458e-05 -4.08158975e-05 -1.08870605e-04 -9.83378273e-05 -4.11935729e-05 3.46244058e-05 1.40803815e-05 3.77675402e-07
5379             -7.80683696e-05 -8.18936743e-05 -3.89365844e-05 -1.12817927e-04 -9.61027651e-05 -3.93749250e-05 3.47495571e-05 1.42090908e-05 4.38340542e-07
5380             -8.32831401e-05 -8.12895055e-05 -3.64390355e-05 -1.18143749e-04 -9.56582608e-05 -3.69485523e-05 3.48606086e-05 1.43687553e-05 5.09516812e-07
5381             -9.05746881e-05 -7.58254013e-05 -3.31199310e-05 -1.25496584e-04 -9.03796743e-05 -3.37078860e-05 3.49218958e-05 1.45542730e-05 5.87954977e-07
5382             -9.91963717e-05 -5.59684114e-05 -2.91905476e-05 -1.34077117e-04 -7.07063558e-05 -2.98486226e-05 3.48807449e-05 1.47379444e-05 6.58075040e-07
5383             -1.08287038e-04 -2.06743420e-05 -2.49217324e-05 -1.43007210e-04 -3.55721330e-05 -2.56271804e-05 3.47201722e-05 1.48977911e-05 7.05448082e-07
5384             -1.16151172e-04 1.91152505e-05 -2.10337752e-05 -1.50611617e-04 4.08020743e-06 -2.17546124e-05 3.44604449e-05 1.50350431e-05 7.20837184e-07
5385             -1.20892312e-04 4.84722141e-05 -1.87728273e-05 -1.55017622e-04 3.33286730e-05 -1.94591402e-05 3.41253106e-05 1.51435412e-05 6.86312845e-07
5386             -1.21266804e-04 6.05895782e-05 -1.87788614e-05 -1.55060704e-04 4.53905320e-05 -1.93903881e-05 3.37938997e-05 1.51990462e-05 6.11526664e-07
5387             -1.17302094e-04 5.57444287e-05 -2.09185843e-05 -1.50860540e-04 4.05772545e-05 -2.14320953e-05 3.35584464e-05 1.51671742e-05 5.13511004e-07
5388             -1.09821927e-04 3.93705764e-05 -2.46775111e-05 -1.43263413e-04 2.43266547e-05 -2.50872347e-05 3.34414860e-05 1.50439217e-05 4.09723578e-07
5389             -1.01265537e-04 1.29619849e-05 -2.93308773e-05 -1.34724512e-04 -1.88348167e-06 -2.96541261e-05 3.34589753e-05 1.48454666e-05 3.23248817e-07
5390             -9.36925760e-05 -1.53042688e-05 -3.41774525e-05 -1.27278027e-04 -2.99231240e-05 -3.44434748e-05 3.35854509e-05 1.46188552e-05 2.66022368e-07
5391             -8.79266510e-05 -4.23516583e-05 -3.80017010e-05 -1.21693911e-04 -5.67318013e-05 -3.82458357e-05 3.37672598e-05 1.43801430e-05 2.44134730e-07
5392             -8.17829735e-05 -6.50684506e-05 -4.06778746e-05 -1.15746920e-04 -7.92439206e-05 -4.09334857e-05 3.39639465e-05 1.41754700e-05 2.55611038e-07
5393             -7.59171612e-05 -8.14984861e-05 -4.16836537e-05 -1.10043104e-04 -9.55231912e-05 -4.19557746e-05 3.41259432e-05 1.40247050e-05 2.72120888e-07
5394             -7.16558083e-05 -9.32737499e-05 -4.14929192e-05 -1.05935304e-04 -1.07224036e-04 -4.17819020e-05 3.42794956e-05 1.39502861e-05 2.88982790e-07
5395             -7.01164175e-05 -9.58803602e-05 -4.11397976e-05 -1.04549403e-04 -1.09828264e-04 -4.14460156e-05 3.44329852e-05 1.39479038e-05 3.06218044e-07
5396             -7.10607743e-05 -8.90845147e-05 -4.10059692e-05 -1.05644092e-04 -1.03095970e-04 -4.13445368e-05 3.45833177e-05 1.40114554e-05 3.38567612e-07
5397             -7.34918751e-05 -8.06916541e-05 -4.02822028e-05 -1.08214842e-04 -9.48147043e-05 -4.06742429e-05 3.47229665e-05 1.41230502e-05 3.92040190e-07
5398             -7.81989270e-05 -7.88884916e-05 -3.84708682e-05 -1.13049658e-04 -9.31566664e-05 -3.89272537e-05 3.48507313e-05 1.42681748e-05 4.56385415e-07
5399             -8.47248619e-05 -7.81561949e-05 -3.57332902e-05 -1.19672111e-04 -9.25904211e-05 -3.62645831e-05 3.49472493e-05 1.44342262e-05 5.31292980e-07
5400             -9.30542703e-05 -7.04171369e-05 -3.21446179e-05 -1.28029563e-04 -8.50370076e-05 -3.27552881e-05 3.49752923e-05 1.46198706e-05 6.10670224e-07
5401             -1.02327483e-04 -4.73180744e-05 -2.76928459e-05 -1.37213548e-04 -6.21131502e-05 -2.83667449e-05 3.48860653e-05 1.47950759e-05 6.73898919e-07
5402             -1.11774055e-04 -8.74725933e-06 -2.33812865e-05 -1.46457175e-04 -2.36956789e-05 -2.40928082e-05 3.46831207e-05 1.49484196e-05 7.11521689e-07
5403             -1.19409497e-04 3.21177448e-05 -2.01077983e-05 -1.53808179e-04 1.70402378e-05 -2.08197315e-05 3.43986819e-05 1.50775070e-05 7.11933226e-07
5404             -1.23538121e-04 5.72133051e-05 -1.87109126e-05 -1.57587946e-04 4.20382621e-05 -1.93768474e-05 3.40498252e-05 1.51750431e-05 6.65934755e-07
5405             -1.23322437e-04 6.31243203e-05 -1.94714049e-05 -1.57052022e-04 4.79169379e-05 -2.00554319e-05 3.37295858e-05 1.52073824e-05 5.84027005e-07
5406             -1.18220908e-04 5.24502068e-05 -2.21201720e-05 -1.51740927e-04 3.73028311e-05 -2.26055381e-05 3.35200196e-05 1.51473757e-05 4.85366077e-07
5407             -1.10066400e-04 2.95942464e-05 -2.59764368e-05 -1.43502759e-04 1.46028775e-05 -2.63622269e-05 3.34363597e-05 1.49913689e-05 3.85790112e-07
5408             -1.01409412e-04 3.61518620e-06 -3.07368591e-05 -1.34897318e-04 -1.11618059e-05 -3.10449305e-05 3.34879057e-05 1.47769921e-05 3.08071409e-07
5409             -9.41045348e-05 -2.34991631e-05 -3.56046870e-05 -1.27736887e-04 -3.80370544e-05 -3.58661670e-05 3.36323523e-05 1.45378913e-05 2.61479961e-07
5410             -8.84543274e-05 -4.85233813e-05 -3.92916085e-05 -1.22275994e-04 -6.28280027e-05 -3.95452721e-05 3.38216671e-05 1.43046214e-05 2.53663628e-07
5411             -8.26312067e-05 -7.45066158e-05 -4.12269388e-05 -1.16620492e-04 -8.86162115e-05 -4.14914022e-05 3.39892854e-05 1.41095957e-05 2.64463385e-07
5412             -7.63353351e-05 -8.98102537e-05 -4.17568300e-05 -1.10462807e-04 -1.03796289e-04 -4.20403200e-05 3.41274721e-05 1.39860355e-05 2.83489936e-07
5413             -7.17564207e-05 -9.43527234e-05 -4.15427571e-05 -1.06030037e-04 -1.08284927e-04 -4.18433701e-05 3.42736164e-05 1.39322032e-05 3.00612955e-07
5414             -7.07996011e-05 -9.10008030e-05 -4.12702835e-05 -1.05219958e-04 -1.04953734e-04 -4.15902814e-05 3.44203569e-05 1.39529311e-05 3.19997876e-07
5415             -7.23092169e-05 -8.39628765e-05 -4.08970169e-05 -1.06871782e-04 -9.79917966e-05 -4.12534233e-05 3.45625648e-05 1.40289201e-05 3.56406400e-07
5416             -7.50370051e-05 -8.07356422e-05 -3.97936335e-05 -1.09726318e-04 -9.48869638e-05 -4.02040358e-05 3.46893129e-05 1.41513216e-05 4.10402310e-07
5417             -7.94588572e-05 -8.18473313e-05 -3.76070913e-05 -1.14265874e-04 -9.61486050e-05 -3.80841115e-05 3.48070167e-05 1.43012738e-05 4.77020200e-07
5418             -8.56174890e-05 -7.78079931e-05 -3.47416598e-05 -1.20508543e-04 -9.22870976e-05 -3.52954600e-05 3.48910540e-05 1.44791045e-05 5.53800132e-07
5419             -9.33712925e-05 -6.19371868e-05 -3.11634830e-05 -1.28271215e-04 -7.66048056e-05 -3.17937489e-05 3.48999222e-05 1.46676188e-05 6.30265936e-07
5420             -1.02397723e-04 -3.15487746e-05 -2.70058382e-05 -1.37186163e-04 -4.63908991e-05 -2.76955396e-05 3.47884401e-05 1.48421245e-05 6.89701486e-07
5421             -1.10992827e-04 6.48727505e-06 -2.26575287e-05 -1.45567743e-04 -8.50448456e-06 -2.33769232e-05 3.45749162e-05 1.49917596e-05 7.19394565e-07
5422             -1.17434345e-04 3.98780573e-05 -1.95842370e-05 -1.51712300e-04 2.47622006e-05 -2.02884171e-05 3.42779557e-05 1.51158567e-05 7.04180112e-07
5423             -1.20311946e-04 5.76365733e-05 -1.87745055e-05 -1.54252302e-04 4.24410491e-05 -1.94179433e-05 3.39403555e-05 1.51955242e-05 6.43437770e-07
5424             -1.18576089e-04 5.87465521e-05 -2.02047229e-05 -1.52240154e-04 4.35447932e-05 -2.07587980e-05 3.36640649e-05 1.52017590e-05 5.54075069e-07
5425             -1.12423756e-04 4.64186478e-05 -2.31926941e-05 -1.45931030e-04 3.13106946e-05 -2.36435378e-05 3.35072741e-05 1.51079531e-05 4.50843691e-07
5426             -1.04423382e-04 2.35702123e-05 -2.74902030e-05 -1.37900914e-04 8.63330039e-06 -2.78438231e-05 3.34775318e-05 1.49369119e-05 3.53620137e-07
5427             -9.68748811e-05 -3.43048524e-06 -3.26541323e-05 -1.30451674e-04 -1.81404657e-05 -3.29402911e-05 3.35767934e-05 1.47099805e-05 2.86158782e-07
5428             -9.11501511e-05 -3.59468562e-05 -3.71697166e-05 -1.24890198e-04 -5.04195407e-05 -3.74210592e-05 3.37400466e-05 1.44726845e-05 2.51342517e-07
5429             -8.62395852e-05 -6.39532153e-05 -3.99562617e-05 -1.20167924e-04 -7.82017594e-05 -4.02119589e-05 3.39283390e-05 1.42485441e-05 2.55697288e-07
5430             -8.03010448e-05 -8.23958987e-05 -4.10401692e-05 -1.14384574e-04 -9.64731039e-05 -4.13089598e-05 3.40835292e-05 1.40772052e-05 2.68790606e-07
5431             -7.43782893e-05 -9.26519219e-05 -4.11803813e-05 -1.08597578e-04 -1.06622995e-04 -4.14676233e-05 3.42192883e-05 1.39710734e-05 2.87241989e-07
5432             -7.14664206e-05 -9.76596663e-05 -4.09738902e-05 -1.05832143e-04 -1.11600442e-04 -4.12779838e-05 3.43657223e-05 1.39407759e-05 3.04093610e-07
5433             -7.23702639e-05 -9.38677079e-05 -4.11251178e-05 -1.06879970e-04 -1.07847203e-04 -4.14536619e-05 3.45097061e-05 1.39794954e-05 3.28544171e-07
5434             -7.52709696e-05 -8.61337117e-05 -4.07698396e-05 -1.09913062e-04 -1.00204171e-04 -4.11438681e-05 3.46420927e-05 1.40704590e-05 3.74028521e-07
5435             -7.93212881e-05 -8.40596017e-05 -3.89362808e-05 -1.14079686e-04 -9.82559922e-05 -3.93693538e-05 3.47583978e-05 1.41963905e-05 4.33072999e-07
5436             -8.45830221e-05 -8.34165876e-05 -3.64548264e-05 -1.19446720e-04 -9.77715028e-05 -3.69578969e-05 3.48636977e-05 1.43549151e-05 5.03070481e-07
5437             -9.17069646e-05 -7.73956780e-05 -3.32983584e-05 -1.26632397e-04 -9.19366915e-05 -3.38791877e-05 3.49254322e-05 1.45410135e-05 5.80829343e-07
5438             -1.00130254e-04 -5.76283286e-05 -2.95180643e-05 -1.35021386e-04 -7.23560216e-05 -3.01710997e-05 3.48911328e-05 1.47276930e-05 6.53035353e-07
5439             -1.09188807e-04 -2.29716243e-05 -2.52976221e-05 -1.43926481e-04 -3.78623013e-05 -2.60012351e-05 3.47376739e-05 1.48906770e-05 7.03613028e-07
5440             -1.17136506e-04 1.56819139e-05 -2.12176138e-05 -1.51617579e-04 6.51477742e-07 -2.19405070e-05 3.44810733e-05 1.50304361e-05 7.22893205e-07
5441             -1.22091186e-04 4.60007219e-05 -1.88876807e-05 -1.56239505e-04 3.08606761e-05 -1.95803873e-05 3.41483185e-05 1.51400458e-05 6.92706599e-07
5442             -1.22855073e-04 5.98213667e-05 -1.87819975e-05 -1.56664723e-04 4.46222422e-05 -1.94026860e-05 3.38096500e-05 1.51991245e-05 6.20688543e-07
5443             -1.19325627e-04 5.63636035e-05 -2.07122583e-05 -1.52888663e-04 4.11895777e-05 -2.12365471e-05 3.35630358e-05 1.51740258e-05 5.24288763e-07
5444             -1.12189930e-04 4.16262294e-05 -2.42329330e-05 -1.45621578e-04 2.65710306e-05 -2.46529013e-05 3.34316472e-05 1.50551988e-05 4.19968311e-07
5445             -1.03507688e-04 1.56399118e-05 -2.89040380e-05 -1.36937296e-04 7.79047334e-07 -2.92345201e-05 3.34296086e-05 1.48608644e-05 3.30482043e-07
5446             -9.55839404e-05 -1.31096630e-05 -3.39160056e-05 -1.29126983e-04 -2.77450724e-05 -3.41879750e-05 3.35430428e-05 1.46354095e-05 2.71969441e-07
5447             -8.93698284e-05 -4.19652420e-05 -3.78108260e-05 -1.23082594e-04 -5.63614949e-05 -3.80580006e-05 3.37127653e-05 1.43962529e-05 2.47174635e-07
5448             -8.27251916e-05 -6.42464560e-05 -4.05004280e-05 -1.16630512e-04 -7.84345597e-05 -4.07579088e-05 3.39053204e-05 1.41881037e-05 2.57480808e-07
5449             -7.60825626e-05 -7.94428372e-05 -4.15295133e-05 -1.10148970e-04 -9.34746378e-05 -4.18019942e-05 3.40664070e-05 1.40318006e-05 2.72480836e-07
5450             -7.10512106e-05 -9.10461727e-05 -4.14778096e-05 -1.05271830e-04 -1.04997948e-04 -4.17664642e-05 3.42206189e-05 1.39517756e-05 2.88654643e-07
5451             -6.89010751e-05 -9.53356380e-05 -4.11819597e-05 -1.03280052e-04 -1.09280418e-04 -4.14871441e-05 3.43789768e-05 1.39447799e-05 3.05184426e-07
5452             -6.93269768e-05 -8.94454735e-05 -4.11176909e-05 -1.03864647e-04 -1.03451691e-04 -4.14534586e-05 3.45376707e-05 1.40062176e-05 3.35767711e-07
5453             -7.13100727e-05 -8.01850601e-05 -4.05249517e-05 -1.05996678e-04 -9.43011836e-05 -4.09127817e-05 3.46866049e-05 1.41161234e-05 3.87829938e-07
5454             -7.55749706e-05 -7.76716377e-05 -3.87344599e-05 -1.10402243e-04 -9.19321094e-05 -3.91858709e-05 3.48272726e-05 1.42604717e-05 4.51411043e-07
5455             -8.17877839e-05 -7.72141889e-05 -3.60353603e-05 -1.16727588e-04 -9.16397598e-05 -3.65607785e-05 3.49398037e-05 1.44255709e-05 5.25418184e-07
5456             -9.00231088e-05 -7.08713900e-05 -3.24659937e-05 -1.25010367e-04 -8.54835501e-05 -3.30708755e-05 3.49872580e-05 1.46121601e-05 6.04881781e-07
5457             -9.93165818e-05 -4.94804634e-05 -2.80552490e-05 -1.34235903e-04 -6.42692332e-05 -2.87248049e-05 3.49193211e-05 1.47887699e-05 6.69555933e-07
5458             -1.08852232e-04 -1.19860907e-05 -2.37113081e-05 -1.43585106e-04 -2.69290594e-05 -2.44210459e-05 3.47328738e-05 1.49429686e-05 7.09737719e-07
5459             -1.16669010e-04 2.90204217e-05 -2.02341204e-05 -1.51129106e-04 1.39483520e-05 -2.09475958e-05 3.44600956e-05 1.50720696e-05 7.13475446e-07
5460             -1.21205316e-04 5.61488325e-05 -1.87950449e-05 -1.55326540e-04 4.09792530e-05 -1.94664363e-05 3.41212239e-05 1.51695795e-05 6.71391320e-07
5461             -1.21638060e-04 6.36542405e-05 -1.94479570e-05 -1.55440866e-04 4.84462313e-05 -2.00399537e-05 3.38028069e-05 1.52080092e-05 5.91996659e-07
5462             -1.17336463e-04 5.37480594e-05 -2.19648638e-05 -1.50925539e-04 3.85924543e-05 -2.24581951e-05 3.35890763e-05 1.51556051e-05 4.93331245e-07
5463             -1.09967523e-04 3.13666680e-05 -2.56523225e-05 -1.43462421e-04 1.63613735e-05 -2.60441538e-05 3.34948986e-05 1.50052945e-05 3.91831251e-07
5464             -1.01932716e-04 4.57775141e-06 -3.02787848e-05 -1.35467308e-04 -1.02157557e-05 -3.05904193e-05 3.35345917e-05 1.47935071e-05 3.11634546e-07
5465             -9.51153602e-05 -2.26448450e-05 -3.50982173e-05 -1.28785688e-04 -3.72001389e-05 -3.53601827e-05 3.36703274e-05 1.45552939e-05 2.61965417e-07
5466             -8.98877986e-05 -4.66433239e-05 -3.89167735e-05 -1.23740222e-04 -6.09648833e-05 -3.91679089e-05 3.38524234e-05 1.43215594e-05 2.51135479e-07
5467             -8.44514601e-05 -7.17629168e-05 -4.11698512e-05 -1.18472730e-04 -8.58860684e-05 -4.14329176e-05 3.40212700e-05 1.41231516e-05 2.63066441e-07
5468             -7.87376546e-05 -8.80225615e-05 -4.17875640e-05 -1.12895372e-04 -1.02016635e-04 -4.20698560e-05 3.41577173e-05 1.39940735e-05 2.82291997e-07
5469             -7.44731086e-05 -9.42318124e-05 -4.14454948e-05 -1.08768369e-04 -1.08168046e-04 -4.17446730e-05 3.42952607e-05 1.39362337e-05 2.99178149e-07
5470             -7.32899430e-05 -9.20170789e-05 -4.11100864e-05 -1.07721565e-04 -1.05970491e-04 -4.14275384e-05 3.44316218e-05 1.39534120e-05 3.17452079e-07
5471             -7.44739690e-05 -8.52468358e-05 -4.07745847e-05 -1.09037830e-04 -9.92737477e-05 -4.11274630e-05 3.45638605e-05 1.40269119e-05 3.52878354e-07
5472             -7.69089930e-05 -8.14871505e-05 -3.97905600e-05 -1.11593839e-04 -9.56359413e-05 -4.01976660e-05 3.46848457e-05 1.41487908e-05 4.07105949e-07
5473             -8.12392741e-05 -8.24768631e-05 -3.77273258e-05 -1.16036636e-04 -9.67738131e-05 -3.82010411e-05 3.47973622e-05 1.42969500e-05 4.73715328e-07
5474             -8.73802311e-05 -7.90687269e-05 -3.49522374e-05 -1.22256781e-04 -9.35396302e-05 -3.55030446e-05 3.48765495e-05 1.44709033e-05 5.50807209e-07
5475             -9.51123675e-05 -6.49825430e-05 -3.14221853e-05 -1.29995983e-04 -7.96396964e-05 -3.20510644e-05 3.48836154e-05 1.46571534e-05 6.28879089e-07
5476             -1.03941896e-04 -3.68637406e-05 -2.70500179e-05 -1.38710719e-04 -5.16947904e-05 -2.77395992e-05 3.47688234e-05 1.48310497e-05 6.89581275e-07
5477             -1.12397041e-04 1.49273861e-06 -2.28093774e-05 -1.46947461e-04 -1.34870848e-05 -2.35291593e-05 3.45504201e-05 1.49798234e-05 7.19781853e-07
5478             -1.18695326e-04 3.69146653e-05 -1.97960655e-05 -1.52951494e-04 2.18089420e-05 -2.05047217e-05 3.42561679e-05 1.51057233e-05 7.08656123e-07
5479             -1.21388767e-04 5.67792749e-05 -1.89081170e-05 -1.55304323e-04 4.15892142e-05 -1.95594201e-05 3.39155561e-05 1.51900607e-05 6.51303090e-07
5480             -1.19424105e-04 5.87287125e-05 -2.01327437e-05 -1.53053676e-04 4.35255588e-05 -2.06960624e-05 3.36295710e-05 1.52031537e-05 5.63318758e-07
5481             -1.12893158e-04 4.68083819e-05 -2.28697088e-05 -1.46355319e-04 3.16920380e-05 -2.33300446e-05 3.34621601e-05 1.51163438e-05 4.60335732e-07
5482             -1.03892375e-04 2.42423348e-05 -2.71261185e-05 -1.37317457e-04 9.29206339e-06 -2.74876265e-05 3.34250826e-05 1.49502714e-05 3.61508051e-07
5483             -9.52932208e-05 -6.96758941e-07 -3.23683754e-05 -1.28818297e-04 -1.54216482e-05 -3.26593508e-05 3.35250761e-05 1.47248892e-05 2.90975445e-07
5484             -8.88941613e-05 -3.11848615e-05 -3.71554978e-05 -1.22592458e-04 -4.56728197e-05 -3.74085402e-05 3.36982971e-05 1.44879582e-05 2.53042345e-07
5485             -8.39854446e-05 -5.93268219e-05 -4.01369745e-05 -1.17887041e-04 -7.35887166e-05 -4.03921198e-05 3.39015965e-05 1.42618946e-05 2.55145313e-07
5486             -7.83337356e-05 -8.06022593e-05 -4.12306892e-05 -1.12404717e-04 -9.46905419e-05 -4.14981079e-05 3.40709819e-05 1.40882826e-05 2.67418702e-07
5487             -7.21246686e-05 -9.15323324e-05 -4.13952033e-05 -1.06340852e-04 -1.05512238e-04 -4.16802544e-05 3.42161830e-05 1.39799057e-05 2.85051060e-07
5488             -6.86731404e-05 -9.57865248e-05 -4.12464842e-05 -1.03048840e-04 -1.09732417e-04 -4.15479992e-05 3.43756992e-05 1.39458920e-05 3.01514919e-07
5489             -6.93210326e-05 -9.26218095e-05 -4.13404955e-05 -1.03855219e-04 -1.06601301e-04 -4.16645759e-05 3.45341868e-05 1.39794915e-05 3.24080397e-07
5490             -7.23407224e-05 -8.62321642e-05 -4.09537690e-05 -1.07022292e-04 -1.00297748e-04 -4.13213885e-05 3.46815692e-05 1.40655843e-05 3.67619565e-07
5491             -7.64233502e-05 -8.48403934e-05 -3.91909691e-05 -1.11232497e-04 -9.90286707e-05 -3.96168114e-05 3.48091468e-05 1.41882772e-05 4.25842243e-07
5492             -8.17148830e-05 -8.47649461e-05 -3.66879941e-05 -1.16640118e-04 -9.91083840e-05 -3.71835689e-05 3.49252349e-05 1.43434379e-05 4.95574761e-07
5493             -8.88291862e-05 -7.88573091e-05 -3.36076692e-05 -1.23829365e-04 -9.33843721e-05 -3.41811641e-05 3.50001784e-05 1.45270630e-05 5.73494909e-07
5494             -9.76759841e-05 -5.97291116e-05 -2.98486485e-05 -1.32658664e-04 -7.44432642e-05 -3.04959682e-05 3.49826803e-05 1.47141526e-05 6.47319733e-07
5495             -1.07632742e-04 -2.60142195e-05 -2.56403330e-05 -1.42474989e-04 -4.08933603e-05 -2.63411022e-05 3.48422466e-05 1.48791409e-05 7.00769212e-07
5496             -1.16683434e-04 1.24382970e-05 -2.14385267e-05 -1.51276092e-04 -2.58247085e-06 -2.21617913e-05 3.45926573e-05 1.50207679e-05 7.23264571e-07
5497             -1.22740626e-04 4.40890079e-05 -1.89364663e-05 -1.57002123e-04 2.89556800e-05 -1.96333313e-05 3.42614968e-05 1.51333278e-05 6.96864974e-07
5498             -1.24533687e-04 5.92354586e-05 -1.86614121e-05 -1.58447983e-04 4.40382255e-05 -1.92894454e-05 3.39142954e-05 1.51972331e-05 6.28033269e-07
5499             -1.21818583e-04 5.68936768e-05 -2.04181122e-05 -1.55469891e-04 4.17135953e-05 -2.09517636e-05 3.36513078e-05 1.51800815e-05 5.33651458e-07
5500             -1.15199051e-04 4.29873320e-05 -2.37094613e-05 -1.48700257e-04 2.79190712e-05 -2.41386306e-05 3.35012057e-05 1.50682608e-05 4.29169300e-07
5501             -1.06780816e-04 1.79087218e-05 -2.83854152e-05 -1.40258128e-04 3.02759094e-06 -2.87232277e-05 3.34773119e-05 1.48811309e-05 3.37812471e-07
5502             -9.89561877e-05 -1.01280560e-05 -3.37045201e-05 -1.32528701e-04 -2.47863080e-05 -3.39827101e-05 3.35725134e-05 1.46582520e-05 2.78189972e-07
5503             -9.30446677e-05 -4.00161632e-05 -3.77312646e-05 -1.26767230e-04 -5.44348715e-05 -3.79826334e-05 3.37225620e-05 1.44187083e-05 2.51368794e-07
5504             -8.68947979e-05 -6.33531591e-05 -4.02982488e-05 -1.20789235e-04 -7.75601175e-05 -4.05593476e-05 3.38944369e-05 1.42069584e-05 2.61098734e-07
5505             -8.01319543e-05 -7.87319027e-05 -4.12563782e-05 -1.14165943e-04 -9.27760756e-05 -4.15305322e-05 3.40339887e-05 1.40441728e-05 2.74154020e-07
5506             -7.45086574e-05 -9.04933178e-05 -4.12699620e-05 -1.08679594e-04 -1.04449851e-04 -4.15593991e-05 3.41709368e-05 1.39565327e-05 2.89437076e-07
5507             -7.18045059e-05 -9.62983343e-05 -4.09807539e-05 -1.06121619e-04 -1.10240256e-04 -4.12855944e-05 3.43171134e-05 1.39419213e-05 3.04840549e-07
5508             -7.18944526e-05 -9.14050223e-05 -4.10061524e-05 -1.06361313e-04 -1.05401587e-04 -4.13395165e-05 3.44668604e-05 1.39965645e-05 3.33364087e-07
5509             -7.34978955e-05 -8.17077783e-05 -4.05734557e-05 -1.08105527e-04 -9.58080065e-05 -4.09577245e-05 3.46076319e-05 1.41002283e-05 3.84268743e-07
5510             -7.69637799e-05 -7.86793770e-05 -3.87697331e-05 -1.11705997e-04 -9.29193589e-05 -3.92169573e-05 3.47422169e-05 1.42399819e-05 4.47224242e-07
5511             -8.20590663e-05 -7.82022753e-05 -3.61610354e-05 -1.16914019e-04 -9.26049874e-05 -3.66814819e-05 3.48549528e-05 1.44027122e-05 5.20446505e-07
5512             -8.92537668e-05 -7.27437343e-05 -3.26845116e-05 -1.24163091e-04 -8.73340228e-05 -3.32841439e-05 3.49093242e-05 1.45902885e-05 5.99632220e-07
5513             -9.77395609e-05 -5.25178104e-05 -2.84072179e-05 -1.32592517e-04 -6.72876485e-05 -2.90727070e-05 3.48529558e-05 1.47698381e-05 6.65489040e-07
5514             -1.06503579e-04 -1.61101518e-05 -2.40082105e-05 -1.41181356e-04 -3.10384849e-05 -2.47154722e-05 3.46777768e-05 1.49283330e-05 7.07261726e-07
5515             -1.13879049e-04 2.56549116e-05 -2.05416120e-05 -1.48291651e-04 1.05937791e-05 -2.12554781e-05 3.44126011e-05 1.50611325e-05 7.13866078e-07
5516             -1.18173282e-04 5.45441971e-05 -1.89060924e-05 -1.52253202e-04 3.93776442e-05 -1.95801509e-05 3.40799197e-05 1.51665529e-05 6.74058533e-07
5517             -1.18424848e-04 6.36615211e-05 -1.93341787e-05 -1.52189176e-04 4.84495441e-05 -1.99302039e-05 3.37643283e-05 1.52119769e-05 5.96025144e-07
5518             -1.14308081e-04 5.51592566e-05 -2.16880445e-05 -1.47860804e-04 3.99911404e-05 -2.21854561e-05 3.35527238e-05 1.51681162e-05 4.97411554e-07
5519             -1.07044639e-04 3.44270555e-05 -2.54394165e-05 -1.40504829e-04 1.94011873e-05 -2.58345474e-05 3.34601904e-05 1.50258683e-05 3.95130974e-07
5520             -9.90840090e-05 7.51781649e-06 -3.00796270e-05 -1.32587747e-04 -7.29944740e-06 -3.03922444e-05 3.35037377e-05 1.48172639e-05 3.12617346e-07
5521             -9.22504882e-05 -2.01361976e-05 -3.48477971e-05 -1.25897237e-04 -3.47149187e-05 -3.51072225e-05 3.36467492e-05 1.45787211e-05 2.59425437e-07
5522             -8.70353755e-05 -4.49397421e-05 -3.86772695e-05 -1.20877269e-04 -5.92821972e-05 -3.89217139e-05 3.38418937e-05 1.43424551e-05 2.44444397e-07
5523             -8.15382475e-05 -6.99650328e-05 -4.11416749e-05 -1.15572850e-04 -8.41030866e-05 -4.13982034e-05 3.40346027e-05 1.41380538e-05 2.56528519e-07
5524             -7.61098956e-05 -8.73857244e-05 -4.18979631e-05 -1.10303974e-04 -1.01386699e-04 -4.21729603e-05 3.41940786e-05 1.40009745e-05 2.74997255e-07
5525             -7.22645326e-05 -9.60874316e-05 -4.14854269e-05 -1.06612852e-04 -1.10023062e-04 -4.17781397e-05 3.43483194e-05 1.39356300e-05 2.92712783e-07
5526             -7.14097669e-05 -9.52451676e-05 -4.10944342e-05 -1.05907980e-04 -1.09190973e-04 -4.14051578e-05 3.44982135e-05 1.39458050e-05 3.10723677e-07
5527             -7.31484176e-05 -8.81714343e-05 -4.08015334e-05 -1.07788677e-04 -1.02186271e-04 -4.11470342e-05 3.46402594e-05 1.40148367e-05 3.45500800e-07
5528             -7.63413082e-05 -8.30140866e-05 -3.98692468e-05 -1.11111273e-04 -9.71484901e-05 -4.02696192e-05 3.47699644e-05 1.41344036e-05 4.00372399e-07
5529             -8.16941424e-05 -8.29987570e-05 -3.79160097e-05 -1.16580091e-04 -9.72812965e-05 -3.83831165e-05 3.48859490e-05 1.42825394e-05 4.67106765e-07
5530             -8.87095766e-05 -8.03038344e-05 -3.51796622e-05 -1.23675616e-04 -9.47598791e-05 -3.57236739e-05 3.49660394e-05 1.44560447e-05 5.44011690e-07
5531             -9.71347655e-05 -6.79129897e-05 -3.16351319e-05 -1.32107855e-04 -8.25567009e-05 -3.22583110e-05 3.49730896e-05 1.46437111e-05 6.23179023e-07
5532             -1.06342433e-04 -4.10893849e-05 -2.71904167e-05 -1.41198929e-04 -5.59095090e-05 -2.78758541e-05 3.48564954e-05 1.48201240e-05 6.85437464e-07
5533             -1.15296530e-04 -2.26585112e-06 -2.29442296e-05 -1.49928464e-04 -1.72367458e-05 -2.36628696e-05 3.46319342e-05 1.49708947e-05 7.18640005e-07
5534             -1.22030391e-04 3.49108120e-05 -1.97791937e-05 -1.56359169e-04 1.98108547e-05 -2.04912542e-05 3.43287783e-05 1.50999572e-05 7.12060440e-07
5535             -1.25136032e-04 5.67694655e-05 -1.87986116e-05 -1.59107528e-04 4.15812183e-05 -1.94575472e-05 3.39714954e-05 1.51882471e-05 6.58935606e-07
5536             -1.23754369e-04 5.97255072e-05 -1.99225112e-05 -1.57414041e-04 4.45180977e-05 -2.04959248e-05 3.36596714e-05 1.52074095e-05 5.73413554e-07
5537             -1.17691655e-04 4.81735692e-05 -2.27231750e-05 -1.51155571e-04 3.30453436e-05 -2.31961525e-05 3.34639164e-05 1.51282256e-05 4.72977456e-07
5538             -1.08851017e-04 2.47200456e-05 -2.67533037e-05 -1.42250249e-04 9.75596906e-06 -2.71278147e-05 3.33992315e-05 1.49640765e-05 3.74511013e-07
5539             -1.00059653e-04 4.26882854e-07 -3.18057261e-05 -1.33529460e-04 -1.43130172e-05 -3.21070847e-05 3.34698062e-05 1.47399001e-05 3.01358597e-07
5540             -9.28900853e-05 -2.78448378e-05 -3.67140040e-05 -1.26512054e-04 -4.23468250e-05 -3.69749020e-05 3.36219692e-05 1.45019872e-05 2.60898051e-07
5541             -8.70833319e-05 -5.49381197e-05 -4.00313540e-05 -1.20896191e-04 -6.92069308e-05 -4.02911618e-05 3.38128595e-05 1.42688111e-05 2.59807766e-07
5542             -8.06631042e-05 -7.86181910e-05 -4.13504357e-05 -1.14638701e-04 -9.27060408e-05 -4.16214871e-05 3.39755965e-05 1.40878497e-05 2.71051370e-07
5543             -7.35430205e-05 -9.06356396e-05 -4.15691545e-05 -1.07656791e-04 -1.04608342e-04 -4.18570217e-05 3.41137710e-05 1.39727020e-05 2.87867166e-07
5544             -6.88057944e-05 -9.36767065e-05 -4.14231895e-05 -1.03076224e-04 -1.07610321e-04 -4.17266637e-05 3.42704293e-05 1.39336148e-05 3.03474212e-07
5545             -6.81045827e-05 -8.95703027e-05 -4.14291605e-05 -1.02534435e-04 -1.03535029e-04 -4.17527363e-05 3.44298521e-05 1.39647258e-05 3.23575818e-07
5546             -6.99486293e-05 -8.29715633e-05 -4.10674373e-05 -1.04535513e-04 -9.70217856e-05 -4.14309908e-05 3.45868839e-05 1.40502222e-05 3.63553480e-07
5547             -7.30966164e-05 -8.13651690e-05 -3.95638013e-05 -1.07822571e-04 -9.55401902e-05 -3.99832164e-05 3.47259549e-05 1.41750212e-05 4.19415150e-07
5548             -7.77874615e-05 -8.23114035e-05 -3.71292092e-05 -1.12642642e-04 -9.66420025e-05 -3.76164956e-05 3.48551810e-05 1.43305991e-05 4.87286436e-07
5549             -8.43780898e-05 -7.75872253e-05 -3.40618261e-05 -1.19324846e-04 -9.21012624e-05 -3.46264392e-05 3.49467563e-05 1.45140372e-05 5.64613150e-07
5550             -9.28158860e-05 -5.97319081e-05 -3.02893986e-05 -1.27767233e-04 -7.44353190e-05 -3.09287056e-05 3.49513475e-05 1.47034109e-05 6.39306966e-07
5551             -1.02558915e-04 -2.74463630e-05 -2.60713066e-05 -1.37391357e-04 -4.23186821e-05 -2.67664049e-05 3.48324420e-05 1.48723191e-05 6.95098345e-07
5552             -1.11582441e-04 1.08228852e-05 -2.18897064e-05 -1.46185896e-04 -4.19421132e-06 -2.26098812e-05 3.46034546e-05 1.50170965e-05 7.20174792e-07
5553             -1.17970912e-04 4.27389176e-05 -1.92403342e-05 -1.52261227e-04 2.76058491e-05 -1.99385588e-05 3.42903147e-05 1.51330685e-05 6.98224596e-07
5554             -1.20407123e-04 5.82393566e-05 -1.87537023e-05 -1.54359483e-04 4.30374631e-05 -1.93864353e-05 3.39523605e-05 1.52018934e-05 6.32732974e-07
5555             -1.18367172e-04 5.68735386e-05 -2.03606521e-05 -1.52059052e-04 4.16841344e-05 -2.09014126e-05 3.36918805e-05 1.51894042e-05 5.40760491e-07
5556             -1.12295568e-04 4.34124796e-05 -2.34926401e-05 -1.45840737e-04 2.83301133e-05 -2.39284392e-05 3.35451692e-05 1.50823663e-05 4.35799039e-07
5557             -1.04524758e-04 1.99725852e-05 -2.82281327e-05 -1.38050245e-04 5.07533693e-06 -2.85704944e-05 3.35254870e-05 1.48972483e-05 3.42361689e-07
5558             -9.75186678e-05 -7.94376240e-06 -3.34912903e-05 -1.31147878e-04 -2.26162099e-05 -3.37718779e-05 3.36292099e-05 1.46724475e-05 2.80587595e-07
5559             -9.26335276e-05 -3.98227655e-05 -3.75828789e-05 -1.26418055e-04 -5.42544233e-05 -3.78340717e-05 3.37845279e-05 1.44316578e-05 2.51192800e-07
5560             -8.76763823e-05 -6.55830998e-05 -4.01116302e-05 -1.21637737e-04 -7.98010674e-05 -4.03719291e-05 3.39613544e-05 1.42179676e-05 2.60298865e-07
5561             -8.15979373e-05 -8.10718416e-05 -4.11171330e-05 -1.15702778e-04 -9.51232270e-05 -4.13905836e-05 3.41048403e-05 1.40513854e-05 2.73450692e-07
5562             -7.63668615e-05 -9.19195826e-05 -4.11903997e-05 -1.10608016e-04 -1.05877675e-04 -4.14810202e-05 3.42411547e-05 1.39580920e-05 2.90620521e-07
5563             -7.40940254e-05 -9.79366790e-05 -4.08932015e-05 -1.08476934e-04 -1.11873371e-04 -4.11997739e-05 3.43829087e-05 1.39366917e-05 3.06572431e-07
5564             -7.48762351e-05 -9.33965704e-05 -4.10184165e-05 -1.09400233e-04 -1.07383051e-04 -4.13524841e-05 3.45239975e-05 1.39864805e-05 3.34067601e-07
5565             -7.71599651e-05 -8.44946011e-05 -4.06224574e-05 -1.11813184e-04 -9.85799198e-05 -4.10065729e-05 3.46532187e-05 1.40853187e-05 3.84115543e-07
5566             -8.09072819e-05 -8.22217218e-05 -3.87234441e-05 -1.15680051e-04 -9.64416206e-05 -3.91695763e-05 3.47727690e-05 1.42198989e-05 4.46132236e-07
5567             -8.60174607e-05 -8.17524022e-05 -3.61651169e-05 -1.20891961e-04 -9.61326051e-05 -3.66837035e-05 3.48745006e-05 1.43802029e-05 5.18586557e-07
5568             -9.31856701e-05 -7.66149647e-05 -3.27708364e-05 -1.28107892e-04 -9.11820384e-05 -3.33687251e-05 3.49222223e-05 1.45670737e-05 5.97888739e-07
5569             -1.01668823e-04 -5.67470452e-05 -2.86876612e-05 -1.36531465e-04 -7.14952881e-05 -2.93535971e-05 3.48626420e-05 1.47482430e-05 6.65935834e-07
5570             -1.10418283e-04 -2.08932438e-05 -2.43809276e-05 -1.45100838e-04 -3.58021664e-05 -2.50916349e-05 3.46825554e-05 1.49089226e-05 7.10707283e-07
5571             -1.17703522e-04 2.00545027e-05 -2.06813051e-05 -1.52109899e-04 5.01092746e-06 -2.14024089e-05 3.44063768e-05 1.50435753e-05 7.21103787e-07
5572             -1.21829561e-04 5.01198114e-05 -1.88724782e-05 -1.55891289e-04 3.49707111e-05 -1.95567265e-05 3.40617287e-05 1.51491003e-05 6.84248300e-07
5573             -1.21740984e-04 6.09362893e-05 -1.91373221e-05 -1.55468472e-04 4.57363534e-05 -1.97448449e-05 3.37274875e-05 1.51999360e-05 6.07522842e-07
5574             -1.17160158e-04 5.41520552e-05 -2.14442923e-05 -1.50655640e-04 3.89878032e-05 -2.19534201e-05 3.34954827e-05 1.51642519e-05 5.09127796e-07
5575             -1.09105656e-04 3.58574923e-05 -2.51305380e-05 -1.42490153e-04 2.08281138e-05 -2.55357916e-05 3.33844970e-05 1.50293785e-05 4.05253581e-07
5576             -9.99317066e-05 1.03048133e-05 -2.97978014e-05 -1.33343918e-04 -4.52401916e-06 -3.01168846e-05 3.34122119e-05 1.48288325e-05 3.19083198e-07
5577             -9.16906554e-05 -1.67808162e-05 -3.46464629e-05 -1.25239722e-04 -3.13768661e-05 -3.49094913e-05 3.35490671e-05 1.45960499e-05 2.63028381e-07
5578             -8.52659832e-05 -4.17415908e-05 -3.85162453e-05 -1.19013346e-04 -5.61035085e-05 -3.87599719e-05 3.37473624e-05 1.43619177e-05 2.43726596e-07
5579             -7.87322733e-05 -6.51887267e-05 -4.11564086e-05 -1.12686527e-04 -7.93447970e-05 -4.14109855e-05 3.39542538e-05 1.41560702e-05 2.54576959e-07
5580             -7.27696291e-05 -8.23794961e-05 -4.20876885e-05 -1.06900200e-04 -9.63940198e-05 -4.23592992e-05 3.41305707e-05 1.40145237e-05 2.71610728e-07
5581             -6.86224866e-05 -9.31641806e-05 -4.17617977e-05 -1.02921977e-04 -1.07109065e-04 -4.20505048e-05 3.42994905e-05 1.39448844e-05 2.88707117e-07
5582             -6.72380711e-05 -9.41134442e-05 -4.13364391e-05 -1.01706809e-04 -1.08063909e-04 -4.16423460e-05 3.44687380e-05 1.39504645e-05 3.05906918e-07
5583             -6.84024768e-05 -8.75749107e-05 -4.10243648e-05 -1.03036986e-04 -1.01591411e-04 -4.13635795e-05 3.46345096e-05 1.40164999e-05 3.39214694e-07
5584             -7.11105138e-05 -8.14489709e-05 -4.01047353e-05 -1.05900721e-04 -9.55818441e-05 -4.04981736e-05 3.47902074e-05 1.41328732e-05 3.93438276e-07
5585             -7.62843999e-05 -8.11703145e-05 -3.82055973e-05 -1.11215992e-04 -9.54491333e-05 -3.86651647e-05 3.49315919e-05 1.42788188e-05 4.59567386e-07
5586             -8.33897640e-05 -7.99984436e-05 -3.54772172e-05 -1.18426664e-04 -9.44473424e-05 -3.60132084e-05 3.50369001e-05 1.44488988e-05 5.35991250e-07
5587             -9.22284682e-05 -6.99071189e-05 -3.19208296e-05 -1.27295601e-04 -8.45411786e-05 -3.25370466e-05 3.50671324e-05 1.46340598e-05 6.16216976e-07
5588             -1.02061324e-04 -4.48270022e-05 -2.73990254e-05 -1.37033669e-04 -5.96367017e-05 -2.80788933e-05 3.49723449e-05 1.48096995e-05 6.79867856e-07
5589             -1.11949577e-04 -5.82518622e-06 -2.30880603e-05 -1.46712033e-04 -2.07856908e-05 -2.38043822e-05 3.47624559e-05 1.49605046e-05 7.16321943e-07
5590             -1.19906333e-04 3.30885286e-05 -1.98236762e-05 -1.54375326e-04 1.79988595e-05 -2.05375056e-05 3.44689930e-05 1.50896691e-05 7.13829378e-07
5591             -1.24453340e-04 5.67256508e-05 -1.86763434e-05 -1.58567533e-04 4.15440715e-05 -1.93414198e-05 3.41141924e-05 1.51815793e-05 6.65076346e-07
5592             -1.24607853e-04 6.08058999e-05 -1.96137160e-05 -1.58400040e-04 4.55980462e-05 -2.01953723e-05 3.37921866e-05 1.52078537e-05 5.81656296e-07
5593             -1.19764738e-04 4.98934691e-05 -2.23595542e-05 -1.53344236e-04 3.47562835e-05 -2.28418290e-05 3.35794972e-05 1.51371857e-05 4.82274876e-07
5594             -1.11751698e-04 2.69828768e-05 -2.63458567e-05 -1.45245643e-04 1.20045768e-05 -2.67289692e-05 3.34939448e-05 1.49783000e-05 3.83112454e-07
5595             -1.03484350e-04 2.27786003e-06 -3.12904536e-05 -1.37026712e-04 -1.24793882e-05 -3.15978490e-05 3.35423613e-05 1.47572483e-05 3.07395372e-07
5596             -9.65863279e-05 -2.53028743e-05 -3.61912005e-05 -1.30264674e-04 -3.98240661e-05 -3.64558272e-05 3.36783463e-05 1.45211918e-05 2.64626658e-07
5597             -9.12174387e-05 -5.16236556e-05 -3.97026233e-05 -1.25071110e-04 -6.59084520e-05 -3.99632305e-05 3.38536712e-05 1.42847964e-05 2.60607221e-07
5598             -8.54709396e-05 -7.68669726e-05 -4.12404265e-05 -1.19473527e-04 -9.09653600e-05 -4.15121049e-05 3.40025873e-05 1.40983874e-05 2.71678479e-07
5599             -7.88584257e-05 -9.00868801e-05 -4.15607794e-05 -1.12979780e-04 -1.04063533e-04 -4.18499678e-05 3.41213539e-05 1.39766527e-05 2.89188404e-07
5600             -7.40363407e-05 -9.37686471e-05 -4.13743514e-05 -1.08292965e-04 -1.07698498e-04 -4.16793171e-05 3.42566248e-05 1.39298511e-05 3.04965762e-07
5601             -7.29314216e-05 -9.03278241e-05 -4.12295454e-05 -1.07326255e-04 -1.04282206e-04 -4.15535077e-05 3.43948338e-05 1.39543817e-05 3.23962273e-07
5602             -7.43154387e-05 -8.39358371e-05 -4.08317657e-05 -1.08848185e-04 -9.79706045e-05 -4.11937214e-05 3.45327460e-05 1.40347674e-05 3.61955679e-07
5603             -7.68665802e-05 -8.20789685e-05 -3.95278779e-05 -1.11521273e-04 -9.62353040e-05 -3.99441888e-05 3.46546926e-05 1.41563356e-05 4.16310950e-07
5604             -8.08877525e-05 -8.35144922e-05 -3.72073522e-05 -1.15657199e-04 -9.78231965e-05 -3.76904037e-05 3.47694466e-05 1.43087044e-05 4.83051557e-07
5605             -8.66079127e-05 -7.92423775e-05 -3.42883173e-05 -1.21456421e-04 -9.37298511e-05 -3.48484203e-05 3.48485085e-05 1.44874736e-05 5.60103081e-07
5606             -9.40046285e-05 -6.22876803e-05 -3.06609632e-05 -1.28853061e-04 -7.69648166e-05 -3.12968819e-05 3.48484324e-05 1.46771363e-05 6.35918670e-07
5607             -1.02690288e-04 -3.11034992e-05 -2.64697000e-05 -1.37418684e-04 -4.59543700e-05 -2.71637563e-05 3.47283952e-05 1.48508708e-05 6.94056321e-07
5608             -1.10782352e-04 7.54581341e-06 -2.23377590e-05 -1.45284406e-04 -7.45556324e-06 -2.30587221e-05 3.45020542e-05 1.50013766e-05 7.20963106e-07
5609             -1.16564550e-04 4.03271359e-05 -1.95065911e-05 -1.50760140e-04 2.52026583e-05 -2.02092845e-05 3.41955904e-05 1.51244776e-05 7.02693398e-07
5610             -1.18613466e-04 5.69091465e-05 -1.88168549e-05 -1.52472492e-04 4.17073067e-05 -1.94563577e-05 3.38590260e-05 1.52018397e-05 6.39502781e-07
5611             -1.16114023e-04 5.72175032e-05 -2.03470796e-05 -1.49708716e-04 4.20190573e-05 -2.08954401e-05 3.35946927e-05 1.51984459e-05 5.48360525e-07
5612             -1.09336346e-04 4.48096677e-05 -2.34509392e-05 -1.42788660e-04 2.97092317e-05 -2.38946461e-05 3.34523141e-05 1.51004360e-05 4.43706889e-07
5613             -1.00975140e-04 2.23359609e-05 -2.79829996e-05 -1.34415565e-04 7.41617602e-06 -2.83295951e-05 3.34404252e-05 1.49197849e-05 3.46595453e-07
5614             -9.33755143e-05 -4.79322336e-06 -3.32778214e-05 -1.26935542e-04 -1.94886271e-05 -3.35587249e-05 3.35600277e-05 1.46954038e-05 2.80903483e-07
5615             -8.79164465e-05 -3.76859521e-05 -3.76103847e-05 -1.21656165e-04 -5.21390605e-05 -3.78583980e-05 3.37397186e-05 1.44531083e-05 2.48013280e-07
5616             -8.29859755e-05 -6.52483535e-05 -4.02338302e-05 -1.16931111e-04 -7.94842412e-05 -4.04878217e-05 3.39451353e-05 1.42358878e-05 2.53991499e-07
5617             -7.70327911e-05 -8.22910433e-05 -4.12499624e-05 -1.11149409e-04 -9.63551563e-05 -4.15166146e-05 3.41166183e-05 1.40641130e-05 2.66652226e-07
5618             -7.16952092e-05 -9.32281087e-05 -4.13242092e-05 -1.05971661e-04 -1.07192723e-04 -4.16089592e-05 3.42764522e-05 1.39646141e-05 2.84749943e-07
5619             -6.95173435e-05 -9.97361028e-05 -4.10295974e-05 -1.03960623e-04 -1.13671925e-04 -4.13309833e-05 3.44432793e-05 1.39358223e-05 3.01385884e-07
5620             -7.09583682e-05 -9.63744186e-05 -4.11283570e-05 -1.05564707e-04 -1.10354270e-04 -4.14564971e-05 3.46063389e-05 1.39798516e-05 3.28140045e-07
5621             -7.42883333e-05 -8.83610868e-05 -4.07148289e-05 -1.09041799e-04 -1.02434209e-04 -4.10917073e-05 3.47534662e-05 1.40731222e-05 3.76878389e-07
5622             -7.90196288e-05 -8.60605810e-05 -3.87751086e-05 -1.13902252e-04 -1.00263196e-04 -3.92137367e-05 3.48826235e-05 1.42026149e-05 4.38628051e-07
5623             -8.50115479e-05 -8.49198441e-05 -3.62787644e-05 -1.20004191e-04 -9.92815773e-05 -3.67897386e-05 3.49926431e-05 1.43617332e-05 5.10974173e-07
5624             -9.30590347e-05 -7.91433383e-05 -3.29689717e-05 -1.28108552e-04 -9.36937850e-05 -3.35595501e-05 3.50495169e-05 1.45504467e-05 5.90578440e-07
5625             -1.02455890e-04 -5.89995985e-05 -2.90390994e-05 -1.37456151e-04 -7.37356855e-05 -2.97001885e-05 3.50002617e-05 1.47360870e-05 6.61089179e-07
5626             -1.12238438e-04 -2.36498580e-05 -2.47259399e-05 -1.47065267e-04 -3.85501696e-05 -2.54350775e-05 3.48268292e-05 1.49003116e-05 7.09137659e-07
5627             -1.20624764e-04 1.64290880e-05 -2.07635899e-05 -1.55174768e-04 1.38919444e-06 -2.14885222e-05 3.45500041e-05 1.50398935e-05 7.24932343e-07
5628             -1.25743770e-04 4.70311562e-05 -1.86345043e-05 -1.59940953e-04 3.18830477e-05 -1.93261215e-05 3.41971836e-05 1.51481085e-05 6.91617227e-07
5629             -1.26430657e-04 5.97026855e-05 -1.87322369e-05 -1.60275353e-04 4.44975710e-05 -1.93498154e-05 3.38446957e-05 1.52051145e-05 6.17578497e-07
5630             -1.22628357e-04 5.48351650e-05 -2.09825759e-05 -1.56214808e-04 3.96611729e-05 -2.15029718e-05 3.35864506e-05 1.51739921e-05 5.20395945e-07
5631             -1.15233532e-04 3.78212713e-05 -2.45903462e-05 -1.48678988e-04 2.27722909e-05 -2.50072602e-05 3.34454555e-05 1.50489804e-05 4.16913945e-07
5632             -1.06300349e-04 1.21283998e-05 -2.93635504e-05 -1.39737903e-04 -2.72119504e-06 -2.96934982e-05 3.34375540e-05 1.48495948e-05 3.29947753e-07
5633             -9.80453584e-05 -1.51797813e-05 -3.42935027e-05 -1.31588930e-04 -2.98007470e-05 -3.45669960e-05 3.35435711e-05 1.46209657e-05 2.73493251e-07
5634             -9.14372070e-05 -4.08835181e-05 -3.81684142e-05 -1.25144408e-04 -5.52621615e-05 -3.84195565e-05 3.37072005e-05 1.43786434e-05 2.51142348e-07
5635             -8.43517908e-05 -6.31983482e-05 -4.08482414e-05 -1.18238746e-04 -7.73693323e-05 -4.11093550e-05 3.38869548e-05 1.41709840e-05 2.61113639e-07
5636             -7.74474860e-05 -7.96075709e-05 -4.18497279e-05 -1.11484283e-04 -9.36264216e-05 -4.21259371e-05 3.40367971e-05 1.40188507e-05 2.76209213e-07
5637             -7.19627120e-05 -9.12738436e-05 -4.16310138e-05 -1.06146995e-04 -1.05218300e-04 -4.19225961e-05 3.41842829e-05 1.39444568e-05 2.91582255e-07
5638             -6.91446093e-05 -9.36939926e-05 -4.12493657e-05 -1.03484106e-04 -1.07637572e-04 -4.15567145e-05 3.43394971e-05 1.39435793e-05 3.07348808e-07
5639             -6.89289391e-05 -8.72217579e-05 -4.10409385e-05 -1.03428957e-04 -1.01230480e-04 -4.13795399e-05 3.45000176e-05 1.40087225e-05 3.38601352e-07
5640             -7.03981552e-05 -7.93469944e-05 -4.02721434e-05 -1.05052368e-04 -9.34696477e-05 -4.06633385e-05 3.46542133e-05 1.41226533e-05 3.91195058e-07
5641             -7.43253759e-05 -7.77608249e-05 -3.84847740e-05 -1.09124483e-04 -9.20315986e-05 -3.89400055e-05 3.47991074e-05 1.42707738e-05 4.55231534e-07
5642             -8.02557594e-05 -7.69923296e-05 -3.58016899e-05 -1.15168832e-04 -9.14319930e-05 -3.63316129e-05 3.49130730e-05 1.44396634e-05 5.29923024e-07
5643             -8.81507535e-05 -6.93622808e-05 -3.22283334e-05 -1.23109037e-04 -8.39898259e-05 -3.28376642e-05 3.49582831e-05 1.46275451e-05 6.09330810e-07
5644             -9.71392141e-05 -4.65889974e-05 -2.77524887e-05 -1.32023439e-04 -6.13939455e-05 -2.84252082e-05 3.48842249e-05 1.48049480e-05 6.72719546e-07
5645             -1.06456479e-04 -8.40401552e-06 -2.34465761e-05 -1.41151531e-04 -2.33644128e-05 -2.41567177e-05 3.46950514e-05 1.49603972e-05 7.10141662e-07
5646             -1.14082788e-04 3.18328851e-05 -2.02004581e-05 -1.48505391e-04 1.67417754e-05 -2.09110212e-05 3.44226036e-05 1.50911097e-05 7.10563095e-07
5647             -1.18458163e-04 5.65991479e-05 -1.88325247e-05 -1.52543312e-04 4.14094685e-05 -1.94976137e-05 3.40851481e-05 1.51896794e-05 6.65088984e-07
5648             -1.18664750e-04 6.22106243e-05 -1.95953266e-05 -1.52440840e-04 4.69907137e-05 -2.01790917e-05 3.37760897e-05 1.52199106e-05 5.83765099e-07
5649             -1.14191566e-04 5.17831393e-05 -2.21873561e-05 -1.47767421e-04 3.66261397e-05 -2.26721710e-05 3.35758557e-05 1.51569996e-05 4.84814866e-07
5650             -1.06727757e-04 2.93138922e-05 -2.61662406e-05 -1.40229163e-04 1.43158801e-05 -2.65511468e-05 3.35014056e-05 1.49980121e-05 3.84906175e-07
5651             -9.90430547e-05 3.20062423e-06 -3.10047007e-05 -1.32605971e-04 -1.15794694e-05 -3.13119576e-05 3.35629163e-05 1.47800936e-05 3.07256878e-07
5652             -9.29239793e-05 -2.40060710e-05 -3.58904724e-05 -1.26639643e-04 -3.85438291e-05 -3.61510128e-05 3.37156634e-05 1.45377581e-05 2.60540342e-07
5653             -8.85736790e-05 -4.98759832e-05 -3.94830577e-05 -1.22483380e-04 -6.41786600e-05 -3.97362076e-05 3.39097012e-05 1.43026768e-05 2.53149881e-07
5654             -8.39464498e-05 -7.64928328e-05 -4.12666245e-05 -1.18026242e-04 -9.05995614e-05 -4.15303610e-05 3.40797919e-05 1.41067286e-05 2.63736491e-07
5655             -7.84285669e-05 -9.19060281e-05 -4.17005626e-05 -1.12646594e-04 -1.05888916e-04 -4.19830966e-05 3.42180273e-05 1.39828883e-05 2.82533984e-07
5656             -7.44009907e-05 -9.67206143e-05 -4.14387122e-05 -1.08764793e-04 -1.10649891e-04 -4.17387459e-05 3.43638025e-05 1.39292768e-05 3.00033643e-07
5657             -7.39715090e-05 -9.38323917e-05 -4.11494479e-05 -1.08479127e-04 -1.07781822e-04 -4.14693627e-05 3.45076179e-05 1.39494302e-05 3.19914885e-07
5658             -7.61442746e-05 -8.72102045e-05 -4.07461357e-05 -1.10786317e-04 -1.01234595e-04 -4.11034198e-05 3.46420426e-05 1.40243904e-05 3.57284109e-07
5659             -7.95160809e-05 -8.43862034e-05 -3.95929452e-05 -1.14274098e-04 -9.85317502e-05 -4.00050211e-05 3.47580174e-05 1.41455468e-05 4.12075882e-07
5660             -8.44292901e-05 -8.56968506e-05 -3.73592757e-05 -1.19290973e-04 -9.99912347e-05 -3.78385115e-05 3.48616828e-05 1.42943841e-05 4.79235825e-07
5661             -9.09477094e-05 -8.18391645e-05 -3.44850164e-05 -1.25876940e-04 -9.63108269e-05 -3.50416232e-05 3.49292308e-05 1.44716625e-05 5.56606857e-07
5662             -9.89265617e-05 -6.61154037e-05 -3.09235252e-05 -1.33846062e-04 -8.07757512e-05 -3.15569714e-05 3.49195008e-05 1.46603475e-05 6.33446288e-07
5663             -1.08027175e-04 -3.59571497e-05 -2.66768353e-05 -1.42814433e-04 -5.07921779e-05 -2.73699290e-05 3.47872576e-05 1.48350282e-05 6.93093691e-07
5664             -1.16504253e-04 2.81644831e-06 -2.24964993e-05 -1.51051067e-04 -1.21690050e-05 -2.32185221e-05 3.45468139e-05 1.49854533e-05 7.22022765e-07
5665             -1.22512110e-04 3.68518758e-05 -1.95473058e-05 -1.56737442e-04 2.17411993e-05 -2.02543672e-05 3.42253313e-05 1.51106765e-05 7.07061404e-07
5666             -1.24588672e-04 5.50405263e-05 -1.87632168e-05 -1.58453649e-04 3.98478720e-05 -1.94104179e-05 3.38649770e-05 1.51926543e-05 6.47201038e-07
5667             -1.21799627e-04 5.65402433e-05 -2.02083388e-05 -1.55367646e-04 4.13433129e-05 -2.07661106e-05 3.35680189e-05 1.51969304e-05 5.57771836e-07
5668             -1.14397828e-04 4.48707253e-05 -2.32369287e-05 -1.47794832e-04 2.97636528e-05 -2.36919164e-05 3.33970043e-05 1.51070725e-05 4.54987695e-07
5669             -1.05046000e-04 2.36013252e-05 -2.76942653e-05 -1.38403952e-04 8.66937126e-06 -2.80514287e-05 3.33579517e-05 1.49319539e-05 3.57163454e-07
5670             -9.61824195e-05 -1.57296417e-06 -3.30240005e-05 -1.29637440e-04 -1.62839739e-05 -3.33132984e-05 3.34550203e-05 1.47110097e-05 2.89297859e-07
5671             -8.94079385e-05 -3.29814274e-05 -3.75740288e-05 -1.23030718e-04 -4.74522804e-05 -3.78276422e-05 3.36227796e-05 1.44708530e-05 2.53613381e-07
5672             -8.34555686e-05 -6.04595190e-05 -4.03272656e-05 -1.17278865e-04 -7.47129341e-05 -4.05842394e-05 3.38232963e-05 1.42534152e-05 2.56973712e-07
5673             -7.65671013e-05 -7.87389385e-05 -4.13684300e-05 -1.10560385e-04 -9.28181648e-05 -4.16361334e-05 3.39932838e-05 1.40792264e-05 2.67703380e-07
5674             -6.98848263e-05 -8.95270185e-05 -4.14861693e-05 -1.04036818e-04 -1.03504446e-04 -4.17705543e-05 3.41519913e-05 1.39774276e-05 2.84384964e-07
5675             -6.63605264e-05 -9.53682546e-05 -4.12626458e-05 -1.00686542e-04 -1.09315135e-04 -4.15625115e-05 3.43260158e-05 1.39468805e-05 2.99865686e-07
5676             -6.67950713e-05 -9.23511995e-05 -4.13655065e-05 -1.01297825e-04 -1.06339878e-04 -4.16894547e-05 3.45027535e-05 1.39886789e-05 3.23948186e-07
5677             -6.93822580e-05 -8.52275431e-05 -4.09230899e-05 -1.04051669e-04 -9.93062841e-05 -4.12924785e-05 3.46694112e-05 1.40787409e-05 3.69388565e-07
5678             -7.33242353e-05 -8.37963210e-05 -3.89805859e-05 -1.08142701e-04 -9.80024230e-05 -3.94096850e-05 3.48184654e-05 1.42061020e-05 4.29099159e-07
5679             -7.86288820e-05 -8.35340567e-05 -3.64911274e-05 -1.13582580e-04 -9.78976847e-05 -3.69911602e-05 3.49536984e-05 1.43636280e-05 5.00032774e-07
5680             -8.61337957e-05 -7.80702384e-05 -3.32732525e-05 -1.21174541e-04 -9.26204104e-05 -3.38521319e-05 3.50407455e-05 1.45501720e-05 5.78879403e-07
5681             -9.53495508e-05 -5.86985825e-05 -2.94147994e-05 -1.30374125e-04 -7.34338299e-05 -3.00662397e-05 3.50245739e-05 1.47352474e-05 6.51440314e-07
5682             -1.05554008e-04 -2.42359066e-05 -2.51068371e-05 -1.40436607e-04 -3.91351613e-05 -2.58091702e-05 3.48825991e-05 1.48992547e-05 7.02333117e-07
5683             -1.14794550e-04 1.45989376e-05 -2.10114702e-05 -1.49424204e-04 -4.40127404e-07 -2.17339447e-05 3.46296542e-05 1.50390650e-05 7.22474506e-07
5684             -1.21078653e-04 4.51700881e-05 -1.87307731e-05 -1.55372985e-04 3.00218089e-05 -1.94238754e-05 3.42943324e-05 1.51482793e-05 6.93102281e-07
5685             -1.23955253e-04 5.87083937e-05 -1.84241434e-05 -1.57913146e-04 4.34995575e-05 -1.90464378e-05 3.39578936e-05 1.52088363e-05 6.22294401e-07
5686             -1.21895926e-04 5.41909224e-05 -2.01872882e-05 -1.55600722e-04 3.90071294e-05 -2.07141764e-05 3.37047956e-05 1.51837930e-05 5.26888211e-07
5687             -1.15353332e-04 3.81721213e-05 -2.36079912e-05 -1.48915489e-04 2.31065297e-05 -2.40311053e-05 3.35621568e-05 1.50655916e-05 4.23114118e-07
5688             -1.06690490e-04 1.43730768e-05 -2.87410460e-05 -1.40233486e-04 -4.99972913e-07 -2.90761019e-05 3.35429964e-05 1.48730497e-05 3.35055862e-07
5689             -9.91459830e-05 -1.20360836e-05 -3.40919449e-05 -1.32786288e-04 -2.66826311e-05 -3.43693840e-05 3.36403052e-05 1.46465475e-05 2.77439181e-07
5690             -9.37667765e-05 -4.02070062e-05 -3.79969400e-05 -1.27557936e-04 -5.46113984e-05 -3.82503510e-05 3.37911590e-05 1.44043922e-05 2.53410924e-07
5691             -8.79747392e-05 -6.41296153e-05 -4.04748870e-05 -1.21934661e-04 -7.83226670e-05 -4.07379310e-05 3.39599217e-05 1.41930517e-05 2.63043979e-07
5692             -8.19631472e-05 -8.13156216e-05 -4.12913933e-05 -1.16058706e-04 -9.53503935e-05 -4.15688747e-05 3.40955589e-05 1.40347719e-05 2.77481476e-07
5693             -7.70484642e-05 -9.33656007e-05 -4.11454751e-05 -1.11273930e-04 -1.07318506e-04 -4.14380203e-05 3.42254654e-05 1.39529051e-05 2.92545161e-07
5694             -7.46637779e-05 -9.62698619e-05 -4.09116391e-05 -1.09024343e-04 -1.10214389e-04 -4.12199556e-05 3.43605647e-05 1.39445270e-05 3.08316521e-07
5695             -7.47643226e-05 -8.94111055e-05 -4.09011632e-05 -1.09262558e-04 -1.03413634e-04 -4.12398649e-05 3.44982357e-05 1.40025287e-05 3.38701727e-07
5696             -7.64279738e-05 -8.03775803e-05 -4.03178298e-05 -1.11055929e-04 -9.44867835e-05 -4.07086001e-05 3.46279553e-05 1.41092031e-05 3.90770349e-07
5697             -8.01916231e-05 -7.86968498e-05 -3.85112777e-05 -1.14941678e-04 -9.29480688e-05 -3.89651457e-05 3.47500548e-05 1.42512190e-05 4.53868003e-07
5698             -8.56402245e-05 -7.89117826e-05 -3.57862612e-05 -1.20486082e-04 -9.33256318e-05 -3.63136219e-05 3.48458575e-05 1.44138491e-05 5.27360675e-07
5699             -9.27608971e-05 -7.25596134e-05 -3.22726998e-05 -1.27640153e-04 -8.71594112e-05 -3.28788246e-05 3.48792564e-05 1.45997978e-05 6.06124822e-07
5700             -1.00740244e-04 -5.05727639e-05 -2.79788031e-05 -1.35539395e-04 -6.53512019e-05 -2.86488699e-05 3.47991510e-05 1.47784380e-05 6.70066815e-07
5701             -1.08796577e-04 -1.28540833e-05 -2.36735617e-05 -1.43399598e-04 -2.77901649e-05 -2.43824787e-05 3.46030211e-05 1.49360815e-05 7.08917010e-07
5702             -1.16332550e-04 2.92378354e-05 -2.02018618e-05 -1.50661630e-04 1.41685093e-05 -2.09128485e-05 3.43290802e-05 1.50693261e-05 7.10986670e-07
5703             -1.20575246e-04 5.63547776e-05 -1.85856062e-05 -1.54564054e-04 4.11817204e-05 -1.92539644e-05 3.39888080e-05 1.51730571e-05 6.68358129e-07
5704             -1.19759755e-04 6.28457194e-05 -1.91260116e-05 -1.53432611e-04 4.76303464e-05 -1.97154143e-05 3.36728558e-05 1.52153731e-05 5.89402653e-07
5705             -1.13276468e-04 5.32820213e-05 -2.19121840e-05 -1.46738417e-04 3.81166246e-05 -2.24034154e-05 3.34619498e-05 1.51653967e-05 4.91231309e-07
5706             -1.04380653e-04 3.21527094e-05 -2.59100299e-05 -1.37765782e-04 1.71375269e-05 -2.63004392e-05 3.33851290e-05 1.50151825e-05 3.90409305e-07
5707             -9.60179561e-05 6.15012192e-06 -3.06668810e-05 -1.29468331e-04 -8.65242616e-06 -3.09768218e-05 3.34503750e-05 1.48025481e-05 3.09940772e-07
5708             -8.94431896e-05 -2.17395232e-05 -3.54085139e-05 -1.23057833e-04 -3.63018848e-05 -3.56681453e-05 3.36146430e-05 1.45623615e-05 2.59631396e-07
5709             -8.43502124e-05 -4.73996496e-05 -3.90610322e-05 -1.18177399e-04 -6.17265867e-05 -3.93091548e-05 3.38271868e-05 1.43269371e-05 2.48122632e-07
5710             -7.87117800e-05 -7.34336866e-05 -4.12281747e-05 -1.12737707e-04 -8.75611222e-05 -4.14863595e-05 3.40259269e-05 1.41274356e-05 2.58184826e-07
5711             -7.25925381e-05 -8.95535572e-05 -4.18839540e-05 -1.06787549e-04 -1.03551695e-04 -4.21604087e-05 3.41950108e-05 1.39981375e-05 2.76454788e-07
5712             -6.83288874e-05 -9.56230810e-05 -4.16211276e-05 -1.02697195e-04 -1.09562934e-04 -4.19144309e-05 3.43683073e-05 1.39398533e-05 2.93303234e-07
5713             -6.78668989e-05 -9.41024533e-05 -4.12634062e-05 -1.02406485e-04 -1.08057654e-04 -4.15758266e-05 3.45395861e-05 1.39552003e-05 3.12420375e-07
5714             -7.04267610e-05 -8.85171156e-05 -4.07910337e-05 -1.05128880e-04 -1.02543472e-04 -4.11395364e-05 3.47021193e-05 1.40263559e-05 3.48502705e-07
5715             -7.44647399e-05 -8.56273892e-05 -3.96169725e-05 -1.09309602e-04 -9.97728682e-05 -4.00205866e-05 3.48448623e-05 1.41454789e-05 4.03614107e-07
5716             -8.02918522e-05 -8.65002905e-05 -3.74546326e-05 -1.15263329e-04 -1.00793107e-04 -3.79259696e-05 3.49714769e-05 1.42928168e-05 4.71336995e-07
5717             -8.81425862e-05 -8.03826242e-05 -3.47998133e-05 -1.23196062e-04 -9.48508704e-05 -3.53475134e-05 3.50534758e-05 1.44682462e-05 5.47700151e-07
5718             -9.75682530e-05 -6.36845855e-05 -3.13045012e-05 -1.32622903e-04 -7.83415616e-05 -3.19289966e-05 3.50546496e-05 1.46569760e-05 6.24495394e-07
5719             -1.07790220e-04 -3.47769109e-05 -2.67939011e-05 -1.42719578e-04 -4.96091935e-05 -2.74789107e-05 3.49293576e-05 1.48322827e-05 6.85009652e-07
5720             -1.17235884e-04 2.83730043e-06 -2.23815491e-05 -1.51932033e-04 -1.21452016e-05 -2.30976314e-05 3.46961491e-05 1.49825020e-05 7.16082288e-07
5721             -1.24253518e-04 3.62312003e-05 -1.90497374e-05 -1.58636736e-04 2.11225419e-05 -1.97543322e-05 3.43832172e-05 1.51086584e-05 7.04594794e-07
5722             -1.26591253e-04 5.54092361e-05 -1.83761482e-05 -1.60607818e-04 4.02163995e-05 -1.90239217e-05 3.40165650e-05 1.51928366e-05 6.47773442e-07
5723             -1.24649198e-04 5.82615276e-05 -2.00399594e-05 -1.58356950e-04 4.30591870e-05 -2.06008050e-05 3.37077520e-05 1.52023406e-05 5.60845623e-07
5724             -1.18808621e-04 4.70164257e-05 -2.31179333e-05 -1.52326510e-04 3.19003515e-05 -2.35779787e-05 3.35178895e-05 1.51160743e-05 4.60045394e-07
5725             -1.10875231e-04 2.42214903e-05 -2.72958744e-05 -1.44327979e-04 9.27517823e-06 -2.76596757e-05 3.34527484e-05 1.49463121e-05 3.63801329e-07
5726             -1.02787237e-04 -1.67098990e-06 -3.23822611e-05 -1.36305017e-04 -1.63945801e-05 -3.26779598e-05 3.35177806e-05 1.47235902e-05 2.95698737e-07
5727             -9.61941473e-05 -3.29371104e-05 -3.69822625e-05 -1.29848154e-04 -4.74204656e-05 -3.72411883e-05 3.36540065e-05 1.44833553e-05 2.58925796e-07
5728             -9.03606398e-05 -6.03015439e-05 -3.99231218e-05 -1.24183601e-04 -7.45606271e-05 -4.01844833e-05 3.38229614e-05 1.42590832e-05 2.61361508e-07
5729             -8.34552535e-05 -7.89681917e-05 -4.11095208e-05 -1.17416294e-04 -9.30496771e-05 -4.13814235e-05 3.39610408e-05 1.40814853e-05 2.71902721e-07
5730             -7.61839271e-05 -8.89891326e-05 -4.13126481e-05 -1.10268473e-04 -1.02963695e-04 -4.16011578e-05 3.40845461e-05 1.39745627e-05 2.88509630e-07
5731             -7.16075230e-05 -9.37396878e-05 -4.11426217e-05 -1.05834115e-04 -1.07679113e-04 -4.14458000e-05 3.42265918e-05 1.39394255e-05 3.03178247e-07
5732             -7.08727909e-05 -9.06718356e-05 -4.12259205e-05 -1.05249435e-04 -1.04649384e-04 -4.15507717e-05 3.43766440e-05 1.39775480e-05 3.24851174e-07
5733             -7.17953593e-05 -8.10992811e-05 -4.11152886e-05 -1.06311671e-04 -9.51641031e-05 -4.14820953e-05 3.45163113e-05 1.40648221e-05 3.66806674e-07
5734             -7.43046967e-05 -7.68647864e-05 -3.95888705e-05 -1.08948789e-04 -9.10570983e-05 -4.00123728e-05 3.46440926e-05 1.41923118e-05 4.23502287e-07
5735             -7.88439124e-05 -7.66762024e-05 -3.70860442e-05 -1.13609724e-04 -9.10264531e-05 -3.75774078e-05 3.47658120e-05 1.43502508e-05 4.91363515e-07
5736             -8.57223191e-05 -7.28773102e-05 -3.37372652e-05 -1.20570166e-04 -8.74140132e-05 -3.43047083e-05 3.48478473e-05 1.45367029e-05 5.67443158e-07
5737             -9.33603296e-05 -5.65136643e-05 -2.97551058e-05 -1.28198362e-04 -7.12365910e-05 -3.03958304e-05 3.48380324e-05 1.47229267e-05 6.40724623e-07
5738             -1.01870675e-04 -2.37788079e-05 -2.55386825e-05 -1.36582993e-04 -3.86682019e-05 -2.62322191e-05 3.47123175e-05 1.48893940e-05 6.93536589e-07
5739             -1.10077272e-04 1.50885218e-05 -2.15066350e-05 -1.44559721e-04 5.84470371e-08 -2.22217063e-05 3.44824494e-05 1.50300748e-05 7.15071311e-07
5740             -1.15953048e-04 4.65418021e-05 -1.91624570e-05 -1.50122104e-04 3.13983028e-05 -1.98507022e-05 3.41690560e-05 1.51434993e-05 6.88245199e-07
5741             -1.17704488e-04 6.09561269e-05 -1.89676070e-05 -1.51544549e-04 4.57513258e-05 -1.95877118e-05 3.38400612e-05 1.52048011e-05 6.20104840e-07
5742             -1.14761870e-04 5.71272788e-05 -2.06980783e-05 -1.48359068e-04 4.19405510e-05 -2.12247346e-05 3.35971980e-05 1.51867278e-05 5.26656283e-07
5743             -1.08067017e-04 4.19131399e-05 -2.39052272e-05 -1.41536721e-04 2.68453449e-05 -2.43275341e-05 3.34697043e-05 1.50677950e-05 4.22306915e-07
5744             -1.00084826e-04 1.60868781e-05 -2.85309480e-05 -1.33559374e-04 1.20580950e-06 -2.88625547e-05 3.34745479e-05 1.48810686e-05 3.31606607e-07
5745             -9.31891693e-05 -1.21179169e-05 -3.38247562e-05 -1.26788059e-04 -2.67685915e-05 -3.40966560e-05 3.35988900e-05 1.46506746e-05 2.71899801e-07
5746             -8.84584099e-05 -4.23257411e-05 -3.78653647e-05 -1.22236880e-04 -5.67392526e-05 -3.81111143e-05 3.37784698e-05 1.44135115e-05 2.45749579e-07
5747             -8.35461486e-05 -6.62115161e-05 -4.04378062e-05 -1.17522091e-04 -8.04074531e-05 -4.06936339e-05 3.39759421e-05 1.41959370e-05 2.55827706e-07
5748             -7.81927405e-05 -8.25306869e-05 -4.13074623e-05 -1.12333428e-04 -9.65679292e-05 -4.15774746e-05 3.41406875e-05 1.40372423e-05 2.70012389e-07
5749             -7.40708969e-05 -9.50185876e-05 -4.11620787e-05 -1.08367500e-04 -1.08966670e-04 -4.14485097e-05 3.42966034e-05 1.39480823e-05 2.86430990e-07
5750             -7.27495694e-05 -1.00823570e-04 -4.07539415e-05 -1.07206549e-04 -1.14760110e-04 -4.10570129e-05 3.44569800e-05 1.39365397e-05 3.03071436e-07
5751             -7.41341718e-05 -9.58016551e-05 -4.07032092e-05 -1.08746965e-04 -1.09792410e-04 -4.10360325e-05 3.46127935e-05 1.39907546e-05 3.32823248e-07
5752             -7.68940467e-05 -8.62138115e-05 -4.02362341e-05 -1.11647405e-04 -1.00310421e-04 -4.06211283e-05 3.47533582e-05 1.40966092e-05 3.84894179e-07
5753             -8.14189937e-05 -8.33195145e-05 -3.84474865e-05 -1.16299971e-04 -9.75538396e-05 -3.88963153e-05 3.48809769e-05 1.42343250e-05 4.48828751e-07
5754             -8.75756012e-05 -8.26024375e-05 -3.58422219e-05 -1.22556600e-04 -9.69989977e-05 -3.63649579e-05 3.49809989e-05 1.43965602e-05 5.22736012e-07
5755             -9.57002058e-05 -7.65226043e-05 -3.23862940e-05 -1.30716049e-04 -9.11044682e-05 -3.29884423e-05 3.50158434e-05 1.45818639e-05 6.02148347e-07
5756             -1.04942312e-04 -5.55055312e-05 -2.81307714e-05 -1.39876001e-04 -7.02676246e-05 -2.87987412e-05 3.49336888e-05 1.47620934e-05 6.67969797e-07
5757             -1.14250353e-04 -1.84025154e-05 -2.37314158e-05 -1.48977185e-04 -3.33206969e-05 -2.44413243e-05 3.47268316e-05 1.49181816e-05 7.09908555e-07
5758             -1.21744701e-04 2.34304102e-05 -2.02369947e-05 -1.56171557e-04 8.37943137e-06 -2.09536275e-05 3.44268565e-05 1.50509788e-05 7.16632774e-07
5759             -1.25908794e-04 5.28025082e-05 -1.87373921e-05 -1.59969774e-04 3.76497437e-05 -1.94147004e-05 3.40609798e-05 1.51527645e-05 6.77308356e-07
5760             -1.25677057e-04 6.19524673e-05 -1.92767165e-05 -1.59389587e-04 4.67530135e-05 -1.98764843e-05 3.37125302e-05 1.51994538e-05 5.99767825e-07
5761             -1.20719658e-04 5.32999973e-05 -2.16756550e-05 -1.54190180e-04 3.81466317e-05 -2.21773556e-05 3.34705221e-05 1.51533656e-05 5.01700606e-07
5762             -1.12115631e-04 3.26034575e-05 -2.53916809e-05 -1.45468936e-04 1.75876339e-05 -2.57922343e-05 3.33533046e-05 1.50158236e-05 4.00553421e-07
5763             -1.02409305e-04 7.62801851e-06 -3.02553579e-05 -1.35787019e-04 -7.17604451e-06 -3.05742167e-05 3.33777137e-05 1.48040630e-05 3.18858811e-07
5764             -9.38124905e-05 -1.84310308e-05 -3.51894606e-05 -1.27323936e-04 -3.30018559e-05 -3.54559786e-05 3.35114450e-05 1.45708251e-05 2.66517991e-07
5765             -8.70258874e-05 -4.13083469e-05 -3.90668381e-05 -1.20729576e-04 -5.56396367e-05 -3.93189366e-05 3.37036890e-05 1.43312898e-05 2.52098479e-07
5766             -7.95738666e-05 -6.68616369e-05 -4.13930350e-05 -1.13470654e-04 -8.09957472e-05 -4.16560278e-05 3.38967875e-05 1.41341103e-05 2.62992744e-07
5767             -7.23122152e-05 -8.38246671e-05 -4.21172486e-05 -1.06375389e-04 -9.78227558e-05 -4.23973174e-05 3.40631741e-05 1.39980887e-05 2.80068759e-07
5768             -6.79209826e-05 -9.11482981e-05 -4.17700119e-05 -1.02157126e-04 -1.05088785e-04 -4.20646981e-05 3.42361431e-05 1.39404873e-05 2.94686207e-07
5769             -6.68550130e-05 -8.96213718e-05 -4.13814512e-05 -1.01261966e-04 -1.03575710e-04 -4.16922282e-05 3.44069535e-05 1.39543378e-05 3.10777047e-07
5770             -6.79689087e-05 -8.30726057e-05 -4.10104200e-05 -1.02543299e-04 -9.71003835e-05 -4.13545756e-05 3.45743901e-05 1.40277778e-05 3.44155634e-07
5771             -7.00757498e-05 -7.91007189e-05 -3.99967663e-05 -1.04806271e-04 -9.32485169e-05 -4.03944993e-05 3.47305211e-05 1.41477980e-05 3.97732974e-07
5772             -7.44536591e-05 -8.00090733e-05 -3.80147807e-05 -1.09330466e-04 -9.43065252e-05 -3.84791811e-05 3.48768070e-05 1.42974518e-05 4.64400393e-07
5773             -8.11333182e-05 -7.77098566e-05 -3.52456453e-05 -1.16120589e-04 -9.21807178e-05 -3.57869821e-05 3.49872711e-05 1.44708612e-05 5.41336803e-07
5774             -8.97762414e-05 -6.52610418e-05 -3.16637294e-05 -1.24796807e-04 -7.99199605e-05 -3.22843464e-05 3.50205661e-05 1.46589186e-05 6.20616959e-07
5775             -9.96863627e-05 -3.82376311e-05 -2.71644470e-05 -1.34611466e-04 -5.30706848e-05 -2.78476072e-05 3.49251037e-05 1.48330537e-05 6.83160204e-07
5776             -1.09490686e-04 1.87968311e-07 -2.28551582e-05 -1.44207196e-04 -1.47957084e-05 -2.35719848e-05 3.47165103e-05 1.49836767e-05 7.16826596e-07
5777             -1.17211268e-04 3.61667076e-05 -1.96704547e-05 -1.51634525e-04 2.10560895e-05 -2.03804514e-05 3.44232567e-05 1.51106182e-05 7.09996731e-07
5778             -1.21194866e-04 5.64080293e-05 -1.86290611e-05 -1.55267169e-04 4.12075664e-05 -1.92855379e-05 3.40723023e-05 1.52004629e-05 6.56476793e-07
5779             -1.20738208e-04 5.88873369e-05 -1.97783244e-05 -1.54508070e-04 4.36740444e-05 -2.03490320e-05 3.37698620e-05 1.52132925e-05 5.70707614e-07
5780             -1.15646901e-04 4.75765924e-05 -2.27579761e-05 -1.49226623e-04 3.24434095e-05 -2.32280477e-05 3.35797224e-05 1.51331829e-05 4.70071576e-07
5781             -1.08160700e-04 2.43352005e-05 -2.68949269e-05 -1.41681357e-04 9.37440739e-06 -2.72679482e-05 3.35206566e-05 1.49607931e-05 3.73021297e-07
5782             -1.00873355e-04 -7.94060097e-07 -3.20350513e-05 -1.34466602e-04 -1.55321762e-05 -3.23358789e-05 3.35932474e-05 1.47381161e-05 3.00827601e-07
5783             -9.52345380e-05 -3.03827492e-05 -3.68515798e-05 -1.28975725e-04 -4.48761871e-05 -3.71135728e-05 3.37411867e-05 1.44934379e-05 2.61992992e-07
5784             -9.06595571e-05 -5.81513232e-05 -3.99999309e-05 -1.24581848e-04 -7.24167535e-05 -4.02625141e-05 3.39222905e-05 1.42654303e-05 2.62583249e-07
5785             -8.50071113e-05 -8.03831071e-05 -4.12055602e-05 -1.19079291e-04 -9.44635754e-05 -4.14798534e-05 3.40721800e-05 1.40804683e-05 2.74293222e-07
5786             -7.84547888e-05 -9.19732130e-05 -4.13473751e-05 -1.12652824e-04 -1.05940331e-04 -4.16389385e-05 3.41980356e-05 1.39671181e-05 2.91563321e-07
5787             -7.43046724e-05 -9.62417690e-05 -4.11645654e-05 -1.08643054e-04 -1.10165768e-04 -4.14717236e-05 3.43383812e-05 1.39239994e-05 3.07158116e-07
5788             -7.42062294e-05 -9.27103642e-05 -4.12207971e-05 -1.08685911e-04 -1.06664824e-04 -4.15484279e-05 3.44796819e-05 1.39544600e-05 3.27630804e-07
5789             -7.66173606e-05 -8.59352532e-05 -4.08727735e-05 -1.11228883e-04 -9.99710305e-05 -4.12411519e-05 3.46115220e-05 1.40357773e-05 3.68378416e-07
5790             -8.01671417e-05 -8.41590773e-05 -3.93394070e-05 -1.14891748e-04 -9.83182872e-05 -3.97639697e-05 3.47246061e-05 1.41592099e-05 4.24562773e-07
5791             -8.48093776e-05 -8.45895582e-05 -3.69024893e-05 -1.19635823e-04 -9.89019991e-05 -3.73950162e-05 3.48264456e-05 1.43124410e-05 4.92526850e-07
5792             -9.10233386e-05 -7.96908048e-05 -3.38679112e-05 -1.25913549e-04 -9.41870475e-05 -3.44377467e-05 3.48902104e-05 1.44962427e-05 5.69835459e-07
5793             -9.87910974e-05 -6.17438424e-05 -3.01135062e-05 -1.33658062e-04 -7.64288898e-05 -3.07578026e-05 3.48669647e-05 1.46850474e-05 6.44296471e-07
5794             -1.07571944e-04 -2.86545704e-05 -2.60454600e-05 -1.42293329e-04 -4.35117606e-05 -2.67452983e-05 3.47213846e-05 1.48571902e-05 6.99838281e-07
5795             -1.15328840e-04 1.01216831e-05 -2.19129937e-05 -1.49799041e-04 -4.88313205e-06 -2.26372508e-05 3.44702011e-05 1.50048152e-05 7.24257114e-07
5796             -1.20138695e-04 4.19797038e-05 -1.92383563e-05 -1.54274501e-04 2.68528357e-05 -1.99384683e-05 3.41358066e-05 1.51268681e-05 7.00111996e-07
5797             -1.20917657e-04 5.78000336e-05 -1.88576271e-05 -1.54702378e-04 4.26030811e-05 -1.94911323e-05 3.37847216e-05 1.51969525e-05 6.33505217e-07
5798             -1.17370751e-04 5.67092978e-05 -2.06520462e-05 -1.50891435e-04 4.15210016e-05 -2.11934468e-05 3.35206845e-05 1.51882962e-05 5.41400629e-07
5799             -1.10383341e-04 4.21300321e-05 -2.37272061e-05 -1.43770393e-04 2.70499816e-05 -2.41655899e-05 3.33870527e-05 1.50800506e-05 4.38383817e-07
5800             -1.01446190e-04 1.87268723e-05 -2.83594320e-05 -1.34824154e-04 3.82702021e-06 -2.87041503e-05 3.33779638e-05 1.48998521e-05 3.44718278e-07
5801             -9.31095055e-05 -7.49495662e-06 -3.36532501e-05 -1.26604692e-04 -2.21677451e-05 -3.39351821e-05 3.34951868e-05 1.46727885e-05 2.81932085e-07
5802             -8.68337067e-05 -3.82880658e-05 -3.78573395e-05 -1.20509224e-04 -5.27245596e-05 -3.81084751e-05 3.36755175e-05 1.44364938e-05 2.51135640e-07
5803             -8.06861260e-05 -6.41846869e-05 -4.04748286e-05 -1.14571132e-04 -7.84018742e-05 -4.07335976e-05 3.38850060e-05 1.42171873e-05 2.58768981e-07
5804             -7.40222427e-05 -8.13290461e-05 -4.14284032e-05 -1.08089264e-04 -9.53819855e-05 -4.16995518e-05 3.40670218e-05 1.40529394e-05 2.71148523e-07
5805             -6.87770491e-05 -9.33556519e-05 -4.14085588e-05 -1.03018324e-04 -1.07312744e-04 -4.16958044e-05 3.42412749e-05 1.39570917e-05 2.87245595e-07
5806             -6.68481097e-05 -9.91889143e-05 -4.10546330e-05 -1.01270328e-04 -1.13127227e-04 -4.13575499e-05 3.44222179e-05 1.39383129e-05 3.02916849e-07
5807             -6.80398906e-05 -9.40386483e-05 -4.11192390e-05 -1.02639550e-04 -1.08026668e-04 -4.14498604e-05 3.45996590e-05 1.39880197e-05 3.30621374e-07
5808             -7.08605666e-05 -8.47568402e-05 -4.06845258e-05 -1.05623634e-04 -9.88473344e-05 -4.10654706e-05 3.47630677e-05 1.40904942e-05 3.80944830e-07
5809             -7.54631654e-05 -8.21962961e-05 -3.87504236e-05 -1.10374458e-04 -9.64212939e-05 -3.91943083e-05 3.49112924e-05 1.42249978e-05 4.43884655e-07
5810             -8.18279702e-05 -8.19707382e-05 -3.61357968e-05 -1.16863488e-04 -9.63578745e-05 -3.66529304e-05 3.50355181e-05 1.43871363e-05 5.17133633e-07
5811             -9.05574680e-05 -7.65859001e-05 -3.26698945e-05 -1.25655279e-04 -9.11596786e-05 -3.32666334e-05 3.50978109e-05 1.45737785e-05 5.96738860e-07
5812             -1.00661651e-04 -5.63789224e-05 -2.84145519e-05 -1.35705034e-04 -7.11360776e-05 -2.90787957e-05 3.50433832e-05 1.47571552e-05 6.64243816e-07
5813             -1.10902371e-04 -1.99690091e-05 -2.39749774e-05 -1.45763212e-04 -3.48855606e-05 -2.46838283e-05 3.48608415e-05 1.49165515e-05 7.08850942e-07
5814             -1.19379864e-04 2.15619856e-05 -2.03156640e-05 -1.53957015e-04 6.51033738e-06 -2.10351858e-05 3.45771508e-05 1.50516482e-05 7.19521792e-07
5815             -1.24596124e-04 5.18053141e-05 -1.86675432e-05 -1.58817412e-04 3.66490819e-05 -1.93511315e-05 3.42212878e-05 1.51562322e-05 6.83588380e-07
5816             -1.25544846e-04 6.18316623e-05 -1.90868043e-05 -1.59417805e-04 4.66251461e-05 -1.96952330e-05 3.38729593e-05 1.52065162e-05 6.08428693e-07
5817             -1.21910773e-04 5.38600928e-05 -2.14572572e-05 -1.55534109e-04 3.86933991e-05 -2.19690128e-05 3.36233361e-05 1.51666937e-05 5.11755671e-07
5818             -1.14823446e-04 3.39792555e-05 -2.50677414e-05 -1.48313823e-04 1.89480044e-05 -2.54772462e-05 3.34903776e-05 1.50312511e-05 4.09504750e-07
5819             -1.06373663e-04 8.10623075e-06 -2.98367061e-05 -1.39866440e-04 -6.71846576e-06 -3.01633916e-05 3.34927777e-05 1.48246965e-05 3.26685527e-07
5820             -9.86733624e-05 -1.89533176e-05 -3.46928669e-05 -1.32277036e-04 -3.35450272e-05 -3.49660388e-05 3.36036734e-05 1.45917096e-05 2.73171872e-07
5821             -9.24479178e-05 -4.27415657e-05 -3.85315333e-05 -1.26218531e-04 -5.70903329e-05 -3.87879010e-05 3.37706128e-05 1.43487672e-05 2.56367742e-07
5822             -8.59297969e-05 -6.64773136e-05 -4.10549146e-05 -1.19871897e-04 -8.06225427e-05 -4.13214920e-05 3.39421005e-05 1.41452291e-05 2.66577386e-07
5823             -7.94788273e-05 -8.30945121e-05 -4.19347688e-05 -1.13561900e-04 -9.70950524e-05 -4.22179029e-05 3.40830732e-05 1.40005403e-05 2.83134067e-07
5824             -7.43985068e-05 -9.20651598e-05 -4.16128628e-05 -1.08620417e-04 -1.05999751e-04 -4.19117600e-05 3.42219106e-05 1.39345915e-05 2.98897158e-07
5825             -7.19786118e-05 -9.14743640e-05 -4.12316327e-05 -1.06342325e-04 -1.05415771e-04 -4.15460827e-05 3.43637136e-05 1.39414071e-05 3.14449949e-07
5826             -7.21552408e-05 -8.43297445e-05 -4.09170047e-05 -1.06663970e-04 -9.83411066e-05 -4.12633484e-05 3.45087293e-05 1.40113621e-05 3.46343667e-07
5827             -7.38236757e-05 -7.82795298e-05 -4.00137568e-05 -1.08470828e-04 -9.24099298e-05 -4.04125186e-05 3.46471527e-05 1.41304000e-05 3.98761768e-07
5828             -7.78052912e-05 -7.80695724e-05 -3.81524054e-05 -1.12581927e-04 -9.23508025e-05 -3.86158522e-05 3.47766356e-05 1.42812301e-05 4.63446777e-07
5829             -8.36009961e-05 -7.64780221e-05 -3.54533092e-05 -1.18474072e-04 -9.09315727e-05 -3.59916412e-05 3.48730761e-05 1.44535506e-05 5.38332020e-07
5830             -9.11159595e-05 -6.58396593e-05 -3.19296535e-05 -1.26014314e-04 -8.04819662e-05 -3.25469049e-05 3.48983546e-05 1.46423069e-05 6.17251439e-07
5831             -9.97449206e-05 -4.03953988e-05 -2.74291140e-05 -1.34546405e-04 -5.52145528e-05 -2.81084111e-05 3.48014844e-05 1.48191541e-05 6.79297109e-07
5832             -1.08396267e-04 -2.38122946e-06 -2.30409756e-05 -1.42990088e-04 -1.73537950e-05 -2.37542769e-05 3.45938212e-05 1.49725656e-05 7.13301359e-07
5833             -1.15196028e-04 3.54241752e-05 -1.99243905e-05 -1.49503149e-04 2.03220736e-05 -2.06330951e-05 3.43071209e-05 1.51021016e-05 7.08704689e-07
5834             -1.18706092e-04 5.75973752e-05 -1.88770635e-05 -1.52671130e-04 4.24010724e-05 -1.95356484e-05 3.39650381e-05 1.51963029e-05 6.58584922e-07
5835             -1.17973398e-04 6.05323291e-05 -1.98400129e-05 -1.51638399e-04 4.53143982e-05 -2.04150050e-05 3.36650008e-05 1.52179309e-05 5.74992022e-07
5836             -1.12464210e-04 4.89616633e-05 -2.25361625e-05 -1.45942885e-04 3.38156350e-05 -2.30114013e-05 3.34786749e-05 1.51460284e-05 4.75238825e-07
5837             -1.04080250e-04 2.52464879e-05 -2.64701328e-05 -1.37504613e-04 1.02682960e-05 -2.68460311e-05 3.34243639e-05 1.49781919e-05 3.75898336e-07
5838             -9.57183443e-05 -5.75418029e-07 -3.14089602e-05 -1.29228128e-04 -1.53330669e-05 -3.17095565e-05 3.35097833e-05 1.47576489e-05 3.00596349e-07
5839             -8.91004085e-05 -2.89219551e-05 -3.63159795e-05 -1.22785176e-04 -4.34356578e-05 -3.65741726e-05 3.36847673e-05 1.45137027e-05 2.58193111e-07
5840             -8.44058634e-05 -5.60188780e-05 -3.97740335e-05 -1.18306853e-04 -7.03005361e-05 -4.00290058e-05 3.39009897e-05 1.42816581e-05 2.54972295e-07
5841             -7.95418364e-05 -8.08997442e-05 -4.12304643e-05 -1.13628868e-04 -9.49915283e-05 -4.14969223e-05 3.40870320e-05 1.40917841e-05 2.66458001e-07
5842             -7.39680200e-05 -9.39027243e-05 -4.14976163e-05 -1.08209396e-04 -1.07878736e-04 -4.17820098e-05 3.42413763e-05 1.39760113e-05 2.84393519e-07
5843             -7.03817170e-05 -9.75517372e-05 -4.13037277e-05 -1.04785600e-04 -1.11481839e-04 -4.16048680e-05 3.44038828e-05 1.39301014e-05 3.01140362e-07
5844             -7.07567983e-05 -9.38670388e-05 -4.11951581e-05 -1.05320222e-04 -1.07824377e-04 -4.15164745e-05 3.45634233e-05 1.39573382e-05 3.21316427e-07
5845             -7.37864470e-05 -8.72391797e-05 -4.08010829e-05 -1.08499744e-04 -1.01276611e-04 -4.11617384e-05 3.47132971e-05 1.40374316e-05 3.60655510e-07
5846             -7.80932179e-05 -8.49908534e-05 -3.94060627e-05 -1.12932699e-04 -9.91502220e-05 -3.98223956e-05 3.48394809e-05 1.41593687e-05 4.16332928e-07
5847             -8.37232398e-05 -8.55999115e-05 -3.70317780e-05 -1.18674038e-04 -9.99102184e-05 -3.75161151e-05 3.49507984e-05 1.43103069e-05 4.84337122e-07
5848             -9.09203435e-05 -8.08483721e-05 -3.40512209e-05 -1.25940797e-04 -9.53386917e-05 -3.46130965e-05 3.50204531e-05 1.44903196e-05 5.61875673e-07
5849             -9.96454882e-05 -6.34674318e-05 -3.03302430e-05 -1.34648984e-04 -7.81456677e-05 -3.09675769e-05 3.50034953e-05 1.46782359e-05 6.37333899e-07
5850             -1.09520313e-04 -3.16546814e-05 -2.60994960e-05 -1.44380919e-04 -4.65045259e-05 -2.67947128e-05 3.48606057e-05 1.48498445e-05 6.95216781e-07
5851             -1.18564211e-04 7.55490610e-06 -2.19499019e-05 -1.53169165e-04 -7.44129433e-06 -2.26721232e-05 3.46049540e-05 1.49962004e-05 7.22221263e-07
5852             -1.24779749e-04 4.03744670e-05 -1.91821985e-05 -1.59045560e-04 2.52596203e-05 -1.98853376e-05 3.42658110e-05 1.51148468e-05 7.03139154e-07
5853             -1.26830978e-04 5.66597622e-05 -1.85827890e-05 -1.60729174e-04 4.14719381e-05 -1.92227642e-05 3.38981959e-05 1.51878240e-05 6.39975277e-07
5854             -1.23944209e-04 5.60504208e-05 -2.01890505e-05 -1.57550375e-04 4.08691415e-05 -2.07386228e-05 3.36061664e-05 1.51812794e-05 5.49572224e-07
5855             -1.16569756e-04 4.29505582e-05 -2.33895909e-05 -1.50006500e-04 2.78689300e-05 -2.38364345e-05 3.34367445e-05 1.50816282e-05 4.46843651e-07
5856             -1.07364608e-04 2.04506878e-05 -2.80141498e-05 -1.40763965e-04 5.55019499e-06 -2.83666633e-05 3.33993562e-05 1.49004928e-05 3.52513517e-07
5857             -9.87341492e-05 -6.21017639e-06 -3.33135378e-05 -1.32226630e-04 -2.08883822e-05 -3.36025116e-05 3.34924808e-05 1.46782058e-05 2.88973837e-07
5858             -9.21796880e-05 -3.72447199e-05 -3.75642426e-05 -1.25828301e-04 -5.16834035e-05 -3.78216069e-05 3.36486134e-05 1.44386837e-05 2.57364338e-07
5859             -8.57460910e-05 -6.27128154e-05 -4.02122562e-05 -1.19578293e-04 -7.69378989e-05 -4.04764646e-05 3.38322020e-05 1.42250835e-05 2.64208369e-07
5860             -7.83180973e-05 -7.82338173e-05 -4.13051646e-05 -1.12304377e-04 -9.22913192e-05 -4.15808105e-05 3.39862799e-05 1.40575019e-05 2.75645947e-07
5861             -7.17240300e-05 -8.88514083e-05 -4.14198521e-05 -1.05859455e-04 -1.02814565e-04 -4.17113259e-05 3.41354253e-05 1.39631562e-05 2.91473740e-07
5862             -6.84001317e-05 -9.47648585e-05 -4.11318714e-05 -1.02696838e-04 -1.08705221e-04 -4.14377577e-05 3.42967065e-05 1.39403620e-05 3.05886268e-07
5863             -6.84964430e-05 -9.03294309e-05 -4.12635673e-05 -1.02960240e-04 -1.04319294e-04 -4.15946422e-05 3.44637970e-05 1.39898633e-05 3.31074951e-07
5864             -7.04056880e-05 -8.16926262e-05 -4.08359310e-05 -1.05028699e-04 -9.57805921e-05 -4.12145936e-05 3.46230108e-05 1.40879658e-05 3.78662566e-07
5865             -7.39518403e-05 -7.93262379e-05 -3.89067846e-05 -1.08721095e-04 -9.35479516e-05 -3.93462112e-05 3.47692551e-05 1.42217137e-05 4.39426653e-07
5866             -7.90825750e-05 -7.88392644e-05 -3.64086770e-05 -1.13980619e-04 -9.32221137e-05 -3.69192473e-05 3.48980440e-05 1.43828493e-05 5.10570221e-07
5867             -8.65875734e-05 -7.37906587e-05 -3.30178038e-05 -1.21560543e-04 -8.83610523e-05 -3.36070042e-05 3.49729699e-05 1.45703936e-05 5.89200398e-07
5868             -9.56301505e-05 -5.40723343e-05 -2.89079497e-05 -1.30567283e-04 -6.88251511e-05 -2.95661453e-05 3.49371321e-05 1.47528168e-05 6.58195675e-07
5869             -1.05185733e-04 -1.87774443e-05 -2.45131849e-05 -1.39963094e-04 -3.36913216e-05 -2.52174562e-05 3.47773614e-05 1.49138773e-05 7.04271375e-07
5870             -1.13484254e-04 2.10510669e-05 -2.06408303e-05 -1.48000562e-04 6.00127908e-06 -2.13582913e-05 3.45163075e-05 1.50497878e-05 7.17461003e-07
5871             -1.18899824e-04 5.05724360e-05 -1.86637395e-05 -1.53081857e-04 3.54157085e-05 -1.93466063e-05 3.41820336e-05 1.51567275e-05 6.82866763e-07
5872             -1.20126985e-04 6.13732663e-05 -1.88251461e-05 -1.53979082e-04 4.61637032e-05 -1.94337920e-05 3.38520969e-05 1.52095631e-05 6.08645937e-07
5873             -1.16894678e-04 5.49269459e-05 -2.11030567e-05 -1.50512573e-04 3.97502087e-05 -2.16149278e-05 3.36178951e-05 1.51767373e-05 5.11871079e-07
5874             -1.10283920e-04 3.67519362e-05 -2.47136148e-05 -1.43782601e-04 2.17082610e-05 -2.51216864e-05 3.34986805e-05 1.50436752e-05 4.08071605e-07
5875             -1.02435365e-04 9.89296231e-06 -2.93557158e-05 -1.35949048e-04 -4.95317238e-06 -2.96785661e-05 3.35136822e-05 1.48461347e-05 3.22850215e-07
5876             -9.53163861e-05 -1.77674825e-05 -3.43813555e-05 -1.28954696e-04 -3.23793087e-05 -3.46486303e-05 3.36383095e-05 1.46118262e-05 2.67274808e-07
5877             -8.99709576e-05 -4.37247792e-05 -3.82550009e-05 -1.23790774e-04 -5.80982517e-05 -3.85029644e-05 3.38198160e-05 1.43734725e-05 2.47963561e-07
5878             -8.43592911e-05 -6.71951177e-05 -4.08185705e-05 -1.18366307e-04 -8.13572496e-05 -4.10773627e-05 3.40070159e-05 1.41621319e-05 2.58792264e-07
5879             -7.89562049e-05 -8.43734630e-05 -4.16788436e-05 -1.13116576e-04 -9.83883684e-05 -4.19541134e-05 3.41603709e-05 1.40149053e-05 2.75269848e-07
5880             -7.49358499e-05 -9.56781902e-05 -4.13533633e-05 -1.09241704e-04 -1.09617894e-04 -4.16448544e-05 3.43058545e-05 1.39397038e-05 2.91491107e-07
5881             -7.33789869e-05 -9.68561883e-05 -4.10030203e-05 -1.07830473e-04 -1.10797648e-04 -4.13109493e-05 3.44514863e-05 1.39414595e-05 3.07928999e-07
5882             -7.44087850e-05 -8.94905532e-05 -4.08375003e-05 -1.09002100e-04 -1.03494554e-04 -4.11780253e-05 3.45933154e-05 1.40040007e-05 3.40524988e-07
5883             -7.69591667e-05 -8.15458424e-05 -4.00903488e-05 -1.11682905e-04 -9.56636779e-05 -4.04847413e-05 3.47237383e-05 1.41178355e-05 3.94392425e-07
5884             -8.18259347e-05 -8.01878120e-05 -3.82918996e-05 -1.16665852e-04 -9.44498375e-05 -3.87510297e-05 3.48399177e-05 1.42620255e-05 4.59130102e-07
5885             -8.83272328e-05 -7.91789375e-05 -3.55601619e-05 -1.23249059e-04 -9.36088450e-05 -3.60940018e-05 3.49218265e-05 1.44299074e-05 5.33839929e-07
5886             -9.63267569e-05 -7.03873062e-05 -3.19694659e-05 -1.31259921e-04 -8.50021516e-05 -3.25819848e-05 3.49331645e-05 1.46148454e-05 6.12518926e-07
5887             -1.05021203e-04 -4.60703811e-05 -2.74834780e-05 -1.39846545e-04 -6.08630608e-05 -2.81583377e-05 3.48253420e-05 1.47926797e-05 6.74859675e-07
5888             -1.13515701e-04 -7.01250751e-06 -2.31525635e-05 -1.48120068e-04 -2.19579783e-05 -2.38628997e-05 3.46043665e-05 1.49454708e-05 7.10336172e-07
5889             -1.19991989e-04 3.34335128e-05 -2.00496191e-05 -1.54296727e-04 1.83563218e-05 -2.07580310e-05 3.43047380e-05 1.50771909e-05 7.08411952e-07
5890             -1.23125568e-04 5.78146266e-05 -1.88951902e-05 -1.57073786e-04 4.26407283e-05 -1.95566864e-05 3.39482178e-05 1.51738983e-05 6.61496187e-07
5891             -1.22084611e-04 6.23694721e-05 -1.97257335e-05 -1.55711187e-04 4.71625463e-05 -2.03056874e-05 3.36265752e-05 1.52069258e-05 5.79953921e-07
5892             -1.16273148e-04 5.09580860e-05 -2.22724721e-05 -1.49692202e-04 3.58160030e-05 -2.27534920e-05 3.34190539e-05 1.51420830e-05 4.81019917e-07
5893             -1.07350626e-04 2.77914176e-05 -2.61251712e-05 -1.40694237e-04 1.28032715e-05 -2.65071972e-05 3.33436104e-05 1.49881460e-05 3.82026052e-07
5894             -9.80198610e-05 2.86960610e-06 -3.11205018e-05 -1.31429721e-04 -1.18988349e-05 -3.14261175e-05 3.34098604e-05 1.47684410e-05 3.05615748e-07
5895             -9.03393022e-05 -2.40622613e-05 -3.61051171e-05 -1.23914765e-04 -3.85940481e-05 -3.63662028e-05 3.35754633e-05 1.45317868e-05 2.61085692e-07
5896             -8.46455371e-05 -5.00643221e-05 -3.96663165e-05 -1.18431843e-04 -6.43581717e-05 -3.99216980e-05 3.37863061e-05 1.42938495e-05 2.55381449e-07
5897             -7.88601991e-05 -7.67102056e-05 -4.12840366e-05 -1.12833375e-04 -9.08158589e-05 -4.15495929e-05 3.39731760e-05 1.41056532e-05 2.65556310e-07
5898             -7.22673871e-05 -9.12262868e-05 -4.16892224e-05 -1.06398244e-04 -1.05208909e-04 -4.19719335e-05 3.41308572e-05 1.39826224e-05 2.82711010e-07
5899             -6.74363245e-05 -9.50379857e-05 -4.15215920e-05 -1.01737527e-04 -1.08972823e-04 -4.18204976e-05 3.43012024e-05 1.39348373e-05 2.98905591e-07
5900             -6.67168538e-05 -9.11381398e-05 -4.13392600e-05 -1.01189282e-04 -1.05095437e-04 -4.16573883e-05 3.44724285e-05 1.39572971e-05 3.18128245e-07
5901             -6.89970244e-05 -8.41406852e-05 -4.09491058e-05 -1.03636219e-04 -9.81772160e-05 -4.13046071e-05 3.46391950e-05 1.40365308e-05 3.55501316e-07
5902             -7.28576154e-05 -8.14557289e-05 -3.96881264e-05 -1.07639880e-04 -9.56133745e-05 -4.00980470e-05 3.47822646e-05 1.41576456e-05 4.09920581e-07
5903             -7.83859640e-05 -8.26677754e-05 -3.73904859e-05 -1.13296759e-04 -9.69772986e-05 -3.78675374e-05 3.49107946e-05 1.43095233e-05 4.77051502e-07
5904             -8.56230054e-05 -7.83521916e-05 -3.44476182e-05 -1.20621691e-04 -9.28401626e-05 -3.50017107e-05 3.49986855e-05 1.44879709e-05 5.54092493e-07
5905             -9.44493985e-05 -6.15935531e-05 -3.07596251e-05 -1.29452760e-04 -7.62705558e-05 -3.13895835e-05 3.50033619e-05 1.46770027e-05 6.29958455e-07
5906             -1.04530447e-04 -3.01282904e-05 -2.65978762e-05 -1.39413845e-04 -4.49775187e-05 -2.72870092e-05 3.48833980e-05 1.48492283e-05 6.89132941e-07
5907             -1.14031552e-04 8.46306896e-06 -2.23310183e-05 -1.48686436e-04 -6.53517528e-06 -2.30501132e-05 3.46548836e-05 1.49982442e-05 7.19094883e-07
5908             -1.20999809e-04 4.08959571e-05 -1.92614945e-05 -1.55337293e-04 2.57754984e-05 -1.99642843e-05 3.43374836e-05 1.51204588e-05 7.02789775e-07
5909             -1.23878401e-04 5.71542334e-05 -1.84454424e-05 -1.57858200e-04 4.19558578e-05 -1.90861547e-05 3.39797991e-05 1.51983756e-05 6.40712359e-07
5910             -1.21902798e-04 5.78373644e-05 -2.00328609e-05 -1.55594744e-04 4.26416980e-05 -2.05841230e-05 3.36919457e-05 1.51956664e-05 5.51262159e-07
5911             -1.15556357e-04 4.50355200e-05 -2.32405072e-05 -1.49082080e-04 2.99380999e-05 -2.36896786e-05 3.35257227e-05 1.50974201e-05 4.49171411e-07
5912             -1.07639914e-04 2.22999879e-05 -2.77540008e-05 -1.41127320e-04 7.38077541e-06 -2.81090115e-05 3.34874057e-05 1.49192125e-05 3.55010654e-07
5913             -1.00249937e-04 -5.05036640e-06 -3.29734675e-05 -1.33826397e-04 -1.97455132e-05 -3.32643469e-05 3.35764602e-05 1.46951468e-05 2.90879425e-07
5914             -9.46501922e-05 -3.75349480e-05 -3.72571884e-05 -1.28374060e-04 -5.19880666e-05 -3.75152281e-05 3.37238680e-05 1.44531185e-05 2.58039637e-07
5915             -8.92657677e-05 -6.45232082e-05 -3.98969102e-05 -1.23161347e-04 -7.87577707e-05 -4.01604770e-05 3.38955788e-05 1.42345625e-05 2.63566804e-07
5916             -8.25964325e-05 -8.07762842e-05 -4.10130920e-05 -1.16631825e-04 -9.48376582e-05 -4.12882009e-05 3.40353920e-05 1.40613739e-05 2.75108908e-07
5917             -7.62705815e-05 -9.05496716e-05 -4.11977158e-05 -1.10435540e-04 -1.04510155e-04 -4.14903952e-05 3.41649585e-05 1.39604831e-05 2.92679366e-07
5918             -7.29572100e-05 -9.58381199e-05 -4.09884633e-05 -1.07261450e-04 -1.09769728e-04 -4.12967471e-05 3.43042402e-05 1.39316085e-05 3.08283852e-07
5919             -7.30105471e-05 -9.12639648e-05 -4.11934480e-05 -1.07455784e-04 -1.05240594e-04 -4.15260183e-05 3.44452365e-05 1.39766290e-05 3.32570299e-07
5920             -7.47754037e-05 -8.24946965e-05 -4.08655502e-05 -1.09353631e-04 -9.65654330e-05 -4.12437216e-05 3.45782270e-05 1.40707366e-05 3.78171481e-07
5921             -7.79848288e-05 -8.01155963e-05 -3.89873527e-05 -1.12683965e-04 -9.43172560e-05 -3.94245864e-05 3.46991365e-05 1.42016597e-05 4.37233684e-07
5922             -8.27071425e-05 -7.95707718e-05 -3.65063697e-05 -1.17516238e-04 -9.39327110e-05 -3.70132019e-05 3.48090950e-05 1.43619392e-05 5.06832269e-07
5923             -8.96278116e-05 -7.41733705e-05 -3.32340933e-05 -1.24500507e-04 -8.87237744e-05 -3.38183347e-05 3.48726955e-05 1.45504039e-05 5.84241410e-07
5924             -9.79163974e-05 -5.45151705e-05 -2.93444442e-05 -1.32750231e-04 -6.92509125e-05 -2.99991940e-05 3.48338336e-05 1.47357420e-05 6.54749786e-07
5925             -1.06765076e-04 -1.90666695e-05 -2.52208786e-05 -1.41440757e-04 -3.39669509e-05 -2.59238974e-05 3.46756811e-05 1.49002815e-05 7.03018774e-07
5926             -1.14442758e-04 1.96480295e-05 -2.11974369e-05 -1.48860985e-04 4.60767405e-06 -2.19172553e-05 3.44182263e-05 1.50403555e-05 7.19818460e-07
5927             -1.19153154e-04 4.83255410e-05 -1.88175612e-05 -1.53237752e-04 3.31733775e-05 -1.95040932e-05 3.40845980e-05 1.51521634e-05 6.86531946e-07
5928             -1.19619613e-04 6.04638614e-05 -1.87869018e-05 -1.53372731e-04 4.52561814e-05 -1.94000671e-05 3.37531181e-05 1.52076800e-05 6.13165238e-07
5929             -1.15707085e-04 5.57073384e-05 -2.09613179e-05 -1.49227252e-04 4.05271073e-05 -2.14780985e-05 3.35201672e-05 1.51802311e-05 5.16780605e-07
5930             -1.08422985e-04 3.95851519e-05 -2.46121828e-05 -1.41829068e-04 2.45321613e-05 -2.50256734e-05 3.34060828e-05 1.50529906e-05 4.13490570e-07
5931             -9.99123798e-05 1.28202238e-05 -2.92181709e-05 -1.33338302e-04 -2.03917464e-06 -2.95444863e-05 3.34259225e-05 1.48593985e-05 3.26315360e-07
5932             -9.22868430e-05 -1.59008318e-05 -3.40639856e-05 -1.25845370e-04 -3.05277546e-05 -3.43328697e-05 3.35585271e-05 1.46269228e-05 2.68884140e-07
5933             -8.64138763e-05 -4.40335152e-05 -3.78829638e-05 -1.20163298e-04 -5.84227959e-05 -3.81285465e-05 3.37494218e-05 1.43892807e-05 2.45582689e-07
5934             -8.03244597e-05 -6.69989746e-05 -4.05667414e-05 -1.14282395e-04 -8.11749874e-05 -4.08226364e-05 3.39579358e-05 1.41760128e-05 2.55895034e-07
5935             -7.46809433e-05 -8.34127157e-05 -4.15738495e-05 -1.08815204e-04 -9.74375934e-05 -4.18456732e-05 3.41342608e-05 1.40248777e-05 2.71823729e-07
5936             -7.08297841e-05 -9.49258039e-05 -4.14264323e-05 -1.05129401e-04 -1.08870883e-04 -4.17148387e-05 3.42996170e-05 1.39450788e-05 2.88406332e-07
5937             -6.97884973e-05 -9.77945299e-05 -4.10743718e-05 -1.04252867e-04 -1.11736765e-04 -4.13800814e-05 3.44643692e-05 1.39422347e-05 3.05709562e-07
5938             -7.11813603e-05 -9.11177769e-05 -4.09429140e-05 -1.05804328e-04 -1.05121273e-04 -4.12803515e-05 3.46229680e-05 1.40034958e-05 3.37437549e-07
5939             -7.39571920e-05 -8.23837013e-05 -4.02413094e-05 -1.08725690e-04 -9.64993981e-05 -4.06319782e-05 3.47684975e-05 1.41156968e-05 3.90668769e-07
5940             -7.88926650e-05 -8.01555259e-05 -3.84416647e-05 -1.13791978e-04 -9.44149257e-05 -3.88964213e-05 3.48993131e-05 1.42593998e-05 4.54756628e-07
5941             -8.56182692e-05 -7.92785011e-05 -3.57264348e-05 -1.20616706e-04 -9.37044502e-05 -3.62556982e-05 3.49984370e-05 1.44259491e-05 5.29263447e-07
5942             -9.41843326e-05 -7.15824666e-05 -3.21885479e-05 -1.29212079e-04 -8.61934108e-05 -3.27969984e-05 3.50277461e-05 1.46109442e-05 6.08450499e-07
5943             -1.03675904e-04 -4.88880367e-05 -2.77643459e-05 -1.38614107e-04 -6.36763580e-05 -2.84364205e-05 3.49382038e-05 1.47883213e-05 6.72074626e-07
5944             -1.13229130e-04 -1.09502909e-05 -2.33238317e-05 -1.47959317e-04 -2.58908220e-05 -2.40344021e-05 3.47301864e-05 1.49405311e-05 7.10570403e-07
5945             -1.20882443e-04 3.01814740e-05 -2.00463528e-05 -1.55320156e-04 1.51122720e-05 -2.07588026e-05 3.44377137e-05 1.50692020e-05 7.12449794e-07
5946             -1.25139758e-04 5.63632852e-05 -1.87436363e-05 -1.59221575e-04 4.11985670e-05 -1.94122473e-05 3.40818165e-05 1.51647181e-05 6.68610960e-07
5947             -1.25141578e-04 6.27536474e-05 -1.94838734e-05 -1.58892231e-04 4.75523399e-05 -2.00724484e-05 3.37506528e-05 1.52013075e-05 5.88575060e-07
5948             -1.20213329e-04 5.19525860e-05 -2.19523606e-05 -1.53740778e-04 3.68104624e-05 -2.24425742e-05 3.35274494e-05 1.51421236e-05 4.90213615e-07
5949             -1.11831611e-04 2.90460245e-05 -2.57032040e-05 -1.45261078e-04 1.40525647e-05 -2.60939974e-05 3.34294662e-05 1.49934598e-05 3.90793418e-07
5950             -1.02570683e-04 3.59323447e-06 -3.06004557e-05 -1.36041075e-04 -1.11832488e-05 -3.09139163e-05 3.34703923e-05 1.47764833e-05 3.13460658e-07
5951             -9.47022210e-05 -2.28284071e-05 -3.55697112e-05 -1.28314100e-04 -3.73697850e-05 -3.58361756e-05 3.36118788e-05 1.45413779e-05 2.66464398e-07
5952             -8.87250569e-05 -4.67820827e-05 -3.92836517e-05 -1.22524167e-04 -6.10853171e-05 -3.95418411e-05 3.37991103e-05 1.43032344e-05 2.58189347e-07
5953             -8.26443249e-05 -7.21414313e-05 -4.12606699e-05 -1.16612813e-04 -8.62543375e-05 -4.15290458e-05 3.39684879e-05 1.41129062e-05 2.68375845e-07
5954             -7.60013706e-05 -8.73610714e-05 -4.18224357e-05 -1.10109039e-04 -1.01347323e-04 -4.21084986e-05 3.41076689e-05 1.39862514e-05 2.86062855e-07
5955             -7.09389800e-05 -9.22463467e-05 -4.16076932e-05 -1.05194795e-04 -1.06182430e-04 -4.19094499e-05 3.42558148e-05 1.39360836e-05 3.01756690e-07
5956             -6.95684591e-05 -8.91775994e-05 -4.13202507e-05 -1.03973921e-04 -1.03134411e-04 -4.16399613e-05 3.44054614e-05 1.39568113e-05 3.19710590e-07
5957             -7.09661952e-05 -8.22228176e-05 -4.09177578e-05 -1.05519457e-04 -9.62571168e-05 -4.12727742e-05 3.45532614e-05 1.40342992e-05 3.55016454e-07
5958             -7.37691375e-05 -7.87221148e-05 -3.98072862e-05 -1.08454273e-04 -9.28783406e-05 -4.02155072e-05 3.46851357e-05 1.41562258e-05 4.08221000e-07
5959             -7.82741401e-05 -7.95859209e-05 -3.77760377e-05 -1.13081842e-04 -9.38935443e-05 -3.82506139e-05 3.48077020e-05 1.43076234e-05 4.74576291e-07
5960             -8.45790307e-05 -7.62956457e-05 -3.48541788e-05 -1.19476514e-04 -9.07795389e-05 -3.54066691e-05 3.48974835e-05 1.44838932e-05 5.52490231e-07
5961             -9.24866605e-05 -6.16581051e-05 -3.11711406e-05 -1.27396579e-04 -7.63295618e-05 -3.18005621e-05 3.49099185e-05 1.46714567e-05 6.29421445e-07
5962             -1.01579087e-04 -3.25674239e-05 -2.67735783e-05 -1.36378211e-04 -4.74102068e-05 -2.74625687e-05 3.47991238e-05 1.48427829e-05 6.88990468e-07
5963             -1.10291331e-04 5.77005591e-06 -2.25345728e-05 -1.44873876e-04 -9.22092985e-06 -2.32526194e-05 3.45825449e-05 1.49909858e-05 7.18046658e-07
5964             -1.16907846e-04 3.97370689e-05 -1.95479202e-05 -1.51193619e-04 2.46230814e-05 -2.02525132e-05 3.42857728e-05 1.51139874e-05 7.04593084e-07
5965             -1.19991472e-04 5.75491797e-05 -1.87061603e-05 -1.53937955e-04 4.23528085e-05 -1.93522407e-05 3.39464829e-05 1.51963712e-05 6.46080380e-07
5966             -1.18475658e-04 5.84424453e-05 -2.00447792e-05 -1.52141228e-04 4.32407602e-05 -2.06023105e-05 3.36655705e-05 1.52016851e-05 5.57531343e-07
5967             -1.12494297e-04 4.59309413e-05 -2.29691342e-05 -1.45997394e-04 3.08186932e-05 -2.34233798e-05 3.35030975e-05 1.51122480e-05 4.54245580e-07
5968             -1.04546885e-04 2.27972754e-05 -2.72120425e-05 -1.38016525e-04 7.86039941e-06 -2.75682198e-05 3.34696397e-05 1.49368759e-05 3.56177239e-07
5969             -9.69892259e-05 -3.82897869e-06 -3.24130252e-05 -1.30558278e-04 -1.85431893e-05 -3.27007278e-05 3.35690518e-05 1.47142106e-05 2.87702572e-07
5970             -9.13301451e-05 -3.54684653e-05 -3.70547057e-05 -1.25064874e-04 -4.99409568e-05 -3.73063256e-05 3.37347291e-05 1.44724915e-05 2.51619884e-07
5971             -8.66139129e-05 -6.32390065e-05 -3.99399326e-05 -1.20541917e-04 -7.74917533e-05 -4.01954415e-05 3.39280043e-05 1.42527468e-05 2.55508843e-07
5972             -8.08423289e-05 -8.20638060e-05 -4.10445376e-05 -1.14929005e-04 -9.61410185e-05 -4.13131461e-05 3.40866764e-05 1.40772125e-05 2.68608494e-07
5973             -7.48617395e-05 -9.27838081e-05 -4.11732005e-05 -1.09087069e-04 -1.06756718e-04 -4.14601722e-05 3.42253292e-05 1.39729100e-05 2.86971709e-07
5974             -7.17627456e-05 -9.78960591e-05 -4.09716799e-05 -1.06137412e-04 -1.11835247e-04 -4.12749960e-05 3.43746661e-05 1.39391879e-05 3.03316075e-07
5975             -7.24861321e-05 -9.42104453e-05 -4.11346952e-05 -1.07008826e-04 -1.08187891e-04 -4.14617433e-05 3.45226938e-05 1.39774458e-05 3.27048039e-07
5976             -7.53480232e-05 -8.64750194e-05 -4.08194012e-05 -1.10005902e-04 -1.00539708e-04 -4.11911342e-05 3.46578790e-05 1.40646884e-05 3.71732968e-07
5977             -7.94177241e-05 -8.43106594e-05 -3.90427778e-05 -1.14193369e-04 -9.84999802e-05 -3.94733311e-05 3.47756445e-05 1.41893208e-05 4.30553243e-07
5978             -8.47786454e-05 -8.38932399e-05 -3.65487721e-05 -1.19659140e-04 -9.82378679e-05 -3.70491008e-05 3.48804951e-05 1.43446280e-05 5.00328724e-07
5979             -9.19653720e-05 -7.80432966e-05 -3.34020395e-05 -1.26907120e-04 -9.25729879e-05 -3.39798821e-05 3.49417480e-05 1.45296914e-05 5.77842591e-07
5980             -1.00476676e-04 -5.84419411e-05 -2.96205662e-05 -1.35383814e-04 -7.31569348e-05 -3.02709663e-05 3.49071384e-05 1.47149937e-05 6.50400090e-07
5981             -1.09620360e-04 -2.33455508e-05 -2.55307027e-05 -1.44372426e-04 -3.82257394e-05 -2.62328786e-05 3.47520662e-05 1.48801886e-05 7.02175866e-07
5982             -1.17582047e-04 1.53604080e-05 -2.13796923e-05 -1.52076636e-04 3.39826680e-07 -2.21028482e-05 3.44945888e-05 1.50205813e-05 7.23155921e-07
5983             -1.22407672e-04 4.56219553e-05 -1.88606023e-05 -1.56564715e-04 3.04884561e-05 -1.95540041e-05 3.41570438e-05 1.51334993e-05 6.93401772e-07
5984             -1.22929825e-04 5.99773944e-05 -1.87256862e-05 -1.56742690e-04 4.47837391e-05 -1.93479227e-05 3.38128650e-05 1.51936553e-05 6.22236449e-07
5985             -1.19107865e-04 5.69288083e-05 -2.06874397e-05 -1.52670048e-04 4.17549269e-05 -2.12144298e-05 3.35621822e-05 1.51738814e-05 5.26990053e-07
5986             -1.11789905e-04 4.27209480e-05 -2.42345179e-05 -1.45217986e-04 2.76643358e-05 -2.46580142e-05 3.34280811e-05 1.50566122e-05 4.23496289e-07
5987             -1.03084612e-04 1.69011548e-05 -2.89028814e-05 -1.36509161e-04 2.03134644e-06 -2.92373511e-05 3.34245494e-05 1.48698084e-05 3.34469694e-07
5988             -9.52206224e-05 -1.19097782e-05 -3.38873830e-05 -1.28757613e-04 -2.65516146e-05 -3.41630708e-05 3.35369905e-05 1.46418365e-05 2.75687823e-07
5989             -8.90641717e-05 -4.15371097e-05 -3.77554739e-05 -1.22770970e-04 -5.59449307e-05 -3.80053637e-05 3.37067981e-05 1.44078209e-05 2.49889836e-07
5990             -8.25217176e-05 -6.42272061e-05 -4.04243308e-05 -1.16421672e-04 -7.84213341e-05 -4.06838011e-05 3.38999542e-05 1.41941280e-05 2.59470289e-07
5991             -7.58853936e-05 -7.97185876e-05 -4.14575973e-05 -1.09949207e-04 -9.37574844e-05 -4.17314797e-05 3.40638131e-05 1.40388968e-05 2.73882377e-07
5992             -7.09000545e-05 -9.15302758e-05 -4.14231385e-05 -1.05119513e-04 -1.05483412e-04 -4.17128709e-05 3.42194581e-05 1.39531362e-05 2.89732395e-07
5993             -6.88800864e-05 -9.63114666e-05 -4.11055994e-05 -1.03260529e-04 -1.10255872e-04 -4.14115787e-05 3.43804424e-05 1.39444054e-05 3.05979230e-07
5994             -6.94568686e-05 -9.05749803e-05 -4.10374756e-05 -1.03997319e-04 -1.04576385e-04 -4.13732137e-05 3.45404508e-05 1.40014043e-05 3.35738009e-07
5995             -7.15023592e-05 -8.09819576e-05 -4.04877488e-05 -1.06192448e-04 -9.50922797e-05 -4.08749938e-05 3.46900886e-05 1.41103221e-05 3.87245037e-07
5996             -7.57128250e-05 -7.81543737e-05 -3.86914526e-05 -1.10542818e-04 -9.24059271e-05 -3.91419685e-05 3.48299932e-05 1.42515534e-05 4.50515897e-07
5997             -8.19143195e-05 -7.77431589e-05 -3.60027950e-05 -1.16857266e-04 -9.21597747e-05 -3.65268319e-05 3.49429469e-05 1.44166158e-05 5.24036922e-07
5998             -9.02812293e-05 -7.16023706e-05 -3.24271380e-05 -1.25272273e-04 -8.62045579e-05 -3.30302802e-05 3.49910433e-05 1.46021872e-05 6.03142177e-07
5999             -9.97629858e-05 -5.02563630e-05 -2.80456872e-05 -1.34686334e-04 -6.50378626e-05 -2.87137074e-05 3.49233478e-05 1.47814997e-05 6.68020148e-07
6000             -1.09355331e-04 -1.30194695e-05 -2.36088277e-05 -1.44090070e-04 -2.79554072e-05 -2.43173686e-05 3.47347388e-05 1.49359377e-05 7.08540802e-07
