# Moment        
# CofR          : (-8.54110000e-02 -7.26535000e-11 5.25000000e-02)
#
# Time          	total_x total_y total_z	pressure_x pressure_y pressure_z	viscous_x viscous_y viscous_z
2001             -1.24814426e-02 1.80164706e-04 -1.21752403e-04 -1.24817778e-02 1.73734578e-04 -1.21430602e-04 3.35194982e-07 6.43012841e-06 -3.21800393e-07
2002             -1.24813291e-02 1.80206874e-04 -1.21748184e-04 -1.24816635e-02 1.73776299e-04 -1.21425358e-04 3.34353521e-07 6.43057572e-06 -3.22826611e-07
2003             -1.24813891e-02 1.80244189e-04 -1.21768632e-04 -1.24817252e-02 1.73812330e-04 -1.21445204e-04 3.36110922e-07 6.43185943e-06 -3.23428134e-07
2004             -1.24816161e-02 1.80267708e-04 -1.21765798e-04 -1.24819512e-02 1.73835827e-04 -1.21441490e-04 3.35082172e-07 6.43188109e-06 -3.24307969e-07
2005             -1.24820227e-02 1.80274116e-04 -1.21788866e-04 -1.24823594e-02 1.73841471e-04 -1.21464170e-04 3.36671599e-07 6.43264539e-06 -3.24695223e-07
2006             -1.24825812e-02 1.80263055e-04 -1.21788966e-04 -1.24829167e-02 1.73830880e-04 -1.21463658e-04 3.35506272e-07 6.43217543e-06 -3.25308192e-07
2007             -1.24832896e-02 1.80236499e-04 -1.21814469e-04 -1.24836266e-02 1.73803987e-04 -1.21489086e-04 3.36975840e-07 6.43251134e-06 -3.25383071e-07
2008             -1.24841248e-02 1.80194275e-04 -1.21817745e-04 -1.24844605e-02 1.73762546e-04 -1.21492084e-04 3.35704478e-07 6.43172884e-06 -3.25660502e-07
2009             -1.24851055e-02 1.80138013e-04 -1.21847485e-04 -1.24854425e-02 1.73706034e-04 -1.21522096e-04 3.37068253e-07 6.43197840e-06 -3.25388749e-07
2010             -1.24861377e-02 1.80072663e-04 -1.21854372e-04 -1.24864734e-02 1.73641222e-04 -1.21529048e-04 3.35678014e-07 6.43144088e-06 -3.25324143e-07
2011             -1.24871263e-02 1.80008419e-04 -1.21884530e-04 -1.24874633e-02 1.73576123e-04 -1.21559796e-04 3.36930105e-07 6.43229595e-06 -3.24733703e-07
2012             -1.24879727e-02 1.79956140e-04 -1.21887066e-04 -1.24883082e-02 1.73523510e-04 -1.21562672e-04 3.35444075e-07 6.43263041e-06 -3.24393638e-07
2013             -1.24886511e-02 1.79923879e-04 -1.21907744e-04 -1.24889877e-02 1.73489506e-04 -1.21584161e-04 3.36580466e-07 6.43437300e-06 -3.23582198e-07
2014             -1.24891270e-02 1.79912807e-04 -1.21897226e-04 -1.24894619e-02 1.73477512e-04 -1.21574143e-04 3.34903949e-07 6.43529538e-06 -3.23082880e-07
2015             -1.24894150e-02 1.79920067e-04 -1.21903369e-04 -1.24897507e-02 1.73482959e-04 -1.21581199e-04 3.35755178e-07 6.43710820e-06 -3.22169527e-07
2016             -1.24895149e-02 1.79938102e-04 -1.21879087e-04 -1.24898487e-02 1.73500559e-04 -1.21557476e-04 3.33753945e-07 6.43754272e-06 -3.21611818e-07
2017             -1.24894154e-02 1.79961927e-04 -1.21873614e-04 -1.24897497e-02 1.73523477e-04 -1.21552926e-04 3.34324579e-07 6.43845058e-06 -3.20688199e-07
2018             -1.24890999e-02 1.79985802e-04 -1.21840390e-04 -1.24894321e-02 1.73548015e-04 -1.21520201e-04 3.32180350e-07 6.43778645e-06 -3.20188854e-07
2019             -1.24885963e-02 1.80008440e-04 -1.21828932e-04 -1.24889291e-02 1.73570863e-04 -1.21509534e-04 3.32798819e-07 6.43757719e-06 -3.19397914e-07
2020             -1.24879034e-02 1.80028462e-04 -1.21792154e-04 -1.24882343e-02 1.73592610e-04 -1.21473054e-04 3.30885745e-07 6.43585153e-06 -3.19099853e-07
2021             -1.24870646e-02 1.80045133e-04 -1.21780596e-04 -1.24873965e-02 1.73610434e-04 -1.21462026e-04 3.31878748e-07 6.43469927e-06 -3.18570581e-07
2022             -1.24861156e-02 1.80056452e-04 -1.21747766e-04 -1.24864460e-02 1.73624139e-04 -1.21429177e-04 3.30424532e-07 6.43231231e-06 -3.18589125e-07
2023             -1.24851080e-02 1.80064000e-04 -1.21743977e-04 -1.24854399e-02 1.73633025e-04 -1.21425548e-04 3.31916063e-07 6.43097556e-06 -3.18429116e-07
2024             -1.24841140e-02 1.80068429e-04 -1.21721528e-04 -1.24844450e-02 1.73639450e-04 -1.21402676e-04 3.30942219e-07 6.42897890e-06 -3.18851815e-07
2025             -1.24832153e-02 1.80074260e-04 -1.21730319e-04 -1.24835482e-02 1.73645699e-04 -1.21411209e-04 3.32853056e-07 6.42856109e-06 -3.19109876e-07
2026             -1.24824642e-02 1.80086191e-04 -1.21720347e-04 -1.24827964e-02 1.73658367e-04 -1.21400426e-04 3.32168643e-07 6.42782374e-06 -3.19920363e-07
2027             -1.24818968e-02 1.80109530e-04 -1.21738827e-04 -1.24822310e-02 1.73680827e-04 -1.21418335e-04 3.34209980e-07 6.42870278e-06 -3.20491944e-07
2028             -1.24815275e-02 1.80142967e-04 -1.21734768e-04 -1.24818610e-02 1.73713974e-04 -1.21413253e-04 3.33501665e-07 6.42899237e-06 -3.21515132e-07
2029             -1.24813366e-02 1.80183879e-04 -1.21755390e-04 -1.24816720e-02 1.73753441e-04 -1.21433203e-04 3.35404654e-07 6.43043788e-06 -3.22186533e-07
2030             -1.24812910e-02 1.80224739e-04 -1.21751001e-04 -1.24816256e-02 1.73793945e-04 -1.21427808e-04 3.34518086e-07 6.43079358e-06 -3.23193485e-07
2031             -1.24814237e-02 1.80256438e-04 -1.21771843e-04 -1.24817599e-02 1.73824509e-04 -1.21448085e-04 3.36243502e-07 6.43192913e-06 -3.23757421e-07
2032             -1.24817249e-02 1.80271604e-04 -1.21769916e-04 -1.24820601e-02 1.73839805e-04 -1.21445329e-04 3.35196366e-07 6.43179976e-06 -3.24586603e-07
2033             -1.24822167e-02 1.80268842e-04 -1.21793972e-04 -1.24825535e-02 1.73836409e-04 -1.21469062e-04 3.36773067e-07 6.43243212e-06 -3.24910461e-07
2034             -1.24828647e-02 1.80248948e-04 -1.21795013e-04 -1.24832003e-02 1.73817103e-04 -1.21469563e-04 3.35584802e-07 6.43184427e-06 -3.25450030e-07
2035             -1.24836593e-02 1.80213888e-04 -1.21821687e-04 -1.24839963e-02 1.73781796e-04 -1.21496242e-04 3.37034621e-07 6.43209267e-06 -3.25444762e-07
2036             -1.24845701e-02 1.80163933e-04 -1.21826240e-04 -1.24849059e-02 1.73732639e-04 -1.21500601e-04 3.35739315e-07 6.43129400e-06 -3.25639161e-07
2037             -1.24855762e-02 1.80102945e-04 -1.21856671e-04 -1.24859133e-02 1.73671316e-04 -1.21531383e-04 3.37088935e-07 6.43162894e-06 -3.25287886e-07
2038             -1.24865856e-02 1.80036999e-04 -1.21863540e-04 -1.24869213e-02 1.73605717e-04 -1.21538386e-04 3.35694216e-07 6.43128232e-06 -3.25153682e-07
2039             -1.24875187e-02 1.79977265e-04 -1.21892626e-04 -1.24878557e-02 1.73544864e-04 -1.21568117e-04 3.36938835e-07 6.43240131e-06 -3.24508284e-07
2040             -1.24882955e-02 1.79933724e-04 -1.21892949e-04 -1.24886309e-02 1.73500725e-04 -1.21568821e-04 3.35422011e-07 6.43299856e-06 -3.24127928e-07
2041             -1.24888986e-02 1.79912322e-04 -1.21910451e-04 -1.24892351e-02 1.73477400e-04 -1.21587162e-04 3.36492012e-07 6.43492156e-06 -3.23289271e-07
2042             -1.24892974e-02 1.79911199e-04 -1.21896408e-04 -1.24896321e-02 1.73475307e-04 -1.21573634e-04 3.34722291e-07 6.43589104e-06 -3.22773579e-07
2043             -1.24895016e-02 1.79925715e-04 -1.21899303e-04 -1.24898370e-02 1.73488101e-04 -1.21577450e-04 3.35477197e-07 6.43761475e-06 -3.21853219e-07
2044             -1.24895038e-02 1.79947933e-04 -1.21872408e-04 -1.24898372e-02 1.73510065e-04 -1.21551108e-04 3.33403488e-07 6.43786873e-06 -3.21300392e-07
2045             -1.24893027e-02 1.79973537e-04 -1.21865020e-04 -1.24896367e-02 1.73534975e-04 -1.21544623e-04 3.33946911e-07 6.43856218e-06 -3.20397035e-07
2046             -1.24889019e-02 1.79997454e-04 -1.21830597e-04 -1.24892337e-02 1.73559772e-04 -1.21510663e-04 3.31821696e-07 6.43768267e-06 -3.19934290e-07
2047             -1.24883159e-02 1.80019910e-04 -1.21818360e-04 -1.24886484e-02 1.73582645e-04 -1.21499166e-04 3.32498148e-07 6.43726586e-06 -3.19193508e-07
2048             -1.24875364e-02 1.80039477e-04 -1.21781310e-04 -1.24878671e-02 1.73604124e-04 -1.21462352e-04 3.30668281e-07 6.43535298e-06 -3.18957905e-07
2049             -1.24866399e-02 1.80054229e-04 -1.21770746e-04 -1.24869717e-02 1.73620151e-04 -1.21452242e-04 3.31773369e-07 6.43407751e-06 -3.18504473e-07
2050             -1.24856418e-02 1.80063674e-04 -1.21739604e-04 -1.24859722e-02 1.73631997e-04 -1.21420995e-04 3.30434412e-07 6.43167724e-06 -3.18608743e-07
2051             -1.24846285e-02 1.80069459e-04 -1.21738366e-04 -1.24849606e-02 1.73638999e-04 -1.21419823e-04 3.32043252e-07 6.43045989e-06 -3.18543696e-07
2052             -1.24836640e-02 1.80073741e-04 -1.21718989e-04 -1.24839952e-02 1.73645047e-04 -1.21399926e-04 3.31163047e-07 6.42869395e-06 -3.19063237e-07
2053             -1.24828350e-02 1.80081694e-04 -1.21730490e-04 -1.24831681e-02 1.73653125e-04 -1.21411085e-04 3.33129678e-07 6.42856912e-06 -3.19404616e-07
2054             -1.24821634e-02 1.80098368e-04 -1.21722222e-04 -1.24824958e-02 1.73670267e-04 -1.21401944e-04 3.32461447e-07 6.42810098e-06 -3.20278222e-07
2055             -1.24816802e-02 1.80126565e-04 -1.21741540e-04 -1.24820147e-02 1.73697408e-04 -1.21420651e-04 3.34487656e-07 6.42915691e-06 -3.20888402e-07
2056             -1.24813864e-02 1.80163335e-04 -1.21737633e-04 -1.24817202e-02 1.73733834e-04 -1.21415709e-04 3.33748596e-07 6.42950120e-06 -3.21924072e-07
2057             -1.24812637e-02 1.80204275e-04 -1.21758163e-04 -1.24815993e-02 1.73773390e-04 -1.21435579e-04 3.35617399e-07 6.43088521e-06 -3.22583732e-07
2058             -1.24812968e-02 1.80240877e-04 -1.21754190e-04 -1.24816315e-02 1.73809773e-04 -1.21430632e-04 3.34697805e-07 6.43110378e-06 -3.23558596e-07
2059             -1.24815124e-02 1.80265120e-04 -1.21775799e-04 -1.24818488e-02 1.73833042e-04 -1.21451725e-04 3.36391282e-07 6.43207759e-06 -3.24074565e-07
2060             -1.24818924e-02 1.80271594e-04 -1.21774668e-04 -1.24822278e-02 1.73839797e-04 -1.21449824e-04 3.35316843e-07 6.43179669e-06 -3.24844029e-07
2061             -1.24824594e-02 1.80260352e-04 -1.21799372e-04 -1.24827962e-02 1.73828057e-04 -1.21474275e-04 3.36870643e-07 6.43229455e-06 -3.25097889e-07
2062             -1.24831737e-02 1.80232451e-04 -1.21801186e-04 -1.24835093e-02 1.73800856e-04 -1.21475625e-04 3.35663767e-07 6.43159494e-06 -3.25560947e-07
2063             -1.24840304e-02 1.80189911e-04 -1.21828915e-04 -1.24843675e-02 1.73758127e-04 -1.21503438e-04 3.37096485e-07 6.43178369e-06 -3.25476524e-07
2064             -1.24849894e-02 1.80133928e-04 -1.21834567e-04 -1.24853252e-02 1.73702919e-04 -1.21508973e-04 3.35784301e-07 6.43100866e-06 -3.25593312e-07
2065             -1.24860139e-02 1.80069773e-04 -1.21865588e-04 -1.24863510e-02 1.73638307e-04 -1.21540418e-04 3.37115974e-07 6.43146648e-06 -3.25169854e-07
2066             -1.24869994e-02 1.80005146e-04 -1.21872132e-04 -1.24873351e-02 1.73573817e-04 -1.21547158e-04 3.35703558e-07 6.43132953e-06 -3.24973743e-07
2067             -1.24878723e-02 1.79952407e-04 -1.21899346e-04 -1.24882092e-02 1.73519708e-04 -1.21575071e-04 3.36925553e-07 6.43269976e-06 -3.24275649e-07
2068             -1.24885671e-02 1.79918768e-04 -1.21896958e-04 -1.24889025e-02 1.73485267e-04 -1.21573097e-04 3.35370803e-07 6.43350162e-06 -3.23861794e-07
2069             -1.24890851e-02 1.79907415e-04 -1.21911237e-04 -1.24894215e-02 1.73471893e-04 -1.21588237e-04 3.36381192e-07 6.43552275e-06 -3.23000807e-07
2070             -1.24893966e-02 1.79914739e-04 -1.21893832e-04 -1.24897311e-02 1.73478284e-04 -1.21571360e-04 3.34534745e-07 6.43645530e-06 -3.22471690e-07
2071             -1.24895227e-02 1.79934211e-04 -1.21894013e-04 -1.24898579e-02 1.73496183e-04 -1.21572465e-04 3.35210809e-07 6.43802872e-06 -3.21548278e-07
2072             -1.24894323e-02 1.79958876e-04 -1.21864888e-04 -1.24897653e-02 1.73520803e-04 -1.21543882e-04 3.33082356e-07 6.43807298e-06 -3.21005762e-07
2073             -1.24891413e-02 1.79984820e-04 -1.21856040e-04 -1.24894749e-02 1.73546273e-04 -1.21535911e-04 3.33610953e-07 6.43854658e-06 -3.20129138e-07
2074             -1.24886545e-02 1.80008651e-04 -1.21820520e-04 -1.24889860e-02 1.73571191e-04 -1.21500811e-04 3.31514474e-07 6.43745970e-06 -3.19708684e-07
2075             -1.24879919e-02 1.80030531e-04 -1.21807867e-04 -1.24883242e-02 1.73593685e-04 -1.21488844e-04 3.32254128e-07 6.43684532e-06 -3.19022625e-07
2076             -1.24871462e-02 1.80048782e-04 -1.21771306e-04 -1.24874767e-02 1.73614009e-04 -1.21452453e-04 3.30510197e-07 6.43477245e-06 -3.18852528e-07
2077             -1.24862000e-02 1.80061842e-04 -1.21762090e-04 -1.24865317e-02 1.73628414e-04 -1.21443613e-04 3.31715394e-07 6.43342813e-06 -3.18476784e-07
2078             -1.24851783e-02 1.80069838e-04 -1.21732901e-04 -1.24855088e-02 1.73638756e-04 -1.21414232e-04 3.30480419e-07 6.43108160e-06 -3.18668349e-07
2079             -1.24841787e-02 1.80074703e-04 -1.21734225e-04 -1.24845109e-02 1.73644667e-04 -1.21415530e-04 3.32183673e-07 6.43003590e-06 -3.18695207e-07
2080             -1.24832609e-02 1.80079597e-04 -1.21717639e-04 -1.24835923e-02 1.73651067e-04 -1.21398337e-04 3.31373777e-07 6.42853072e-06 -3.19302571e-07
2081             -1.24825024e-02 1.80090464e-04 -1.21731550e-04 -1.24828357e-02 1.73661772e-04 -1.21411832e-04 3.33379030e-07 6.42869262e-06 -3.19718119e-07
2082             -1.24819106e-02 1.80111708e-04 -1.21724830e-04 -1.24822433e-02 1.73683248e-04 -1.21404187e-04 3.32717134e-07 6.42845947e-06 -3.20643324e-07
2083             -1.24815111e-02 1.80143957e-04 -1.21744790e-04 -1.24818458e-02 1.73714313e-04 -1.21423511e-04 3.34726387e-07 6.42964388e-06 -3.21279079e-07
2084             -1.24812914e-02 1.80182581e-04 -1.21740815e-04 -1.24816253e-02 1.73752588e-04 -1.21418501e-04 3.33959063e-07 6.42999266e-06 -3.22314058e-07
2085             -1.24812439e-02 1.80221877e-04 -1.21761223e-04 -1.24815797e-02 1.73790602e-04 -1.21438275e-04 3.35798625e-07 6.43127435e-06 -3.22948108e-07
2086             -1.24813616e-02 1.80251985e-04 -1.21757909e-04 -1.24816965e-02 1.73820639e-04 -1.21434025e-04 3.34852305e-07 6.43134666e-06 -3.23884664e-07
2087             -1.24816580e-02 1.80267214e-04 -1.21780536e-04 -1.24819945e-02 1.73835045e-04 -1.21456188e-04 3.36523062e-07 6.43216872e-06 -3.24347447e-07
2088             -1.24821237e-02 1.80264544e-04 -1.21780308e-04 -1.24824592e-02 1.73832792e-04 -1.21455257e-04 3.35428786e-07 6.43175208e-06 -3.25051386e-07
2089             -1.24827618e-02 1.80245529e-04 -1.21805602e-04 -1.24830988e-02 1.73813407e-04 -1.21480374e-04 3.36968174e-07 6.43212181e-06 -3.25227955e-07
2090             -1.24835384e-02 1.80210512e-04 -1.21808227e-04 -1.24838742e-02 1.73779187e-04 -1.21482618e-04 3.35749396e-07 6.43132574e-06 -3.25609815e-07
2091             -1.24844509e-02 1.80161328e-04 -1.21837003e-04 -1.24847880e-02 1.73729839e-04 -1.21511558e-04 3.37167908e-07 6.43148964e-06 -3.25445047e-07
2092             -1.24854484e-02 1.80100371e-04 -1.21843576e-04 -1.24857843e-02 1.73669583e-04 -1.21518090e-04 3.35836686e-07 6.43078822e-06 -3.25486027e-07
2093             -1.24864696e-02 1.80035125e-04 -1.21874748e-04 -1.24868068e-02 1.73603706e-04 -1.21549754e-04 3.37144437e-07 6.43141906e-06 -3.24994427e-07
2094             -1.24874110e-02 1.79974835e-04 -1.21880281e-04 -1.24877467e-02 1.73543310e-04 -1.21555538e-04 3.35704013e-07 6.43152480e-06 -3.24742477e-07
2095             -1.24882113e-02 1.79931312e-04 -1.21905146e-04 -1.24885482e-02 1.73498175e-04 -1.21581144e-04 3.36887269e-07 6.43313701e-06 -3.24001606e-07
2096             -1.24888235e-02 1.79909082e-04 -1.21899474e-04 -1.24891588e-02 1.73474983e-04 -1.21575917e-04 3.35271634e-07 6.43409859e-06 -3.23557757e-07
2097             -1.24892584e-02 1.79908109e-04 -1.21910138e-04 -1.24895946e-02 1.73471960e-04 -1.21587460e-04 3.36198329e-07 6.43614862e-06 -3.22677785e-07
2098             -1.24894854e-02 1.79922783e-04 -1.21889423e-04 -1.24898196e-02 1.73485807e-04 -1.21567283e-04 3.34260712e-07 6.43697537e-06 -3.22139899e-07
2099             -1.24895209e-02 1.79946139e-04 -1.21887043e-04 -1.24898558e-02 1.73507788e-04 -1.21565824e-04 3.34861364e-07 6.43835127e-06 -3.21218913e-07
2100             -1.24893332e-02 1.79972308e-04 -1.21855988e-04 -1.24896659e-02 1.73534145e-04 -1.21535295e-04 3.32695351e-07 6.43816341e-06 -3.20693658e-07
2101             -1.24889576e-02 1.79998046e-04 -1.21845934e-04 -1.24892908e-02 1.73559641e-04 -1.21526084e-04 3.33231558e-07 6.43840590e-06 -3.19850010e-07
2102             -1.24883857e-02 1.80021690e-04 -1.21809510e-04 -1.24887169e-02 1.73584591e-04 -1.21490034e-04 3.31183440e-07 6.43709855e-06 -3.19476411e-07
2103             -1.24876472e-02 1.80042579e-04 -1.21796753e-04 -1.24879792e-02 1.73606295e-04 -1.21477903e-04 3.32003383e-07 6.43628349e-06 -3.18849893e-07
2104             -1.24867557e-02 1.80058243e-04 -1.21761342e-04 -1.24870860e-02 1.73624175e-04 -1.21442592e-04 3.30364041e-07 6.43406763e-06 -3.18749894e-07
2105             -1.24857542e-02 1.80069310e-04 -1.21753765e-04 -1.24860859e-02 1.73636621e-04 -1.21435311e-04 3.31678839e-07 6.43268881e-06 -3.18454094e-07
2106             -1.24847135e-02 1.80075608e-04 -1.21726758e-04 -1.24850441e-02 1.73645167e-04 -1.21408023e-04 3.30557829e-07 6.43044140e-06 -3.18735359e-07
2107             -1.24837451e-02 1.80079656e-04 -1.21730865e-04 -1.24840775e-02 1.73650047e-04 -1.21412011e-04 3.32360774e-07 6.42960955e-06 -3.18854247e-07
2108             -1.24828936e-02 1.80085664e-04 -1.21717051e-04 -1.24832253e-02 1.73657281e-04 -1.21397506e-04 3.31616311e-07 6.42838253e-06 -3.19544992e-07
2109             -1.24822119e-02 1.80100026e-04 -1.21733087e-04 -1.24825455e-02 1.73671217e-04 -1.21413061e-04 3.33649692e-07 6.42880902e-06 -3.20025791e-07
2110             -1.24817020e-02 1.80125237e-04 -1.21727643e-04 -1.24820350e-02 1.73696479e-04 -1.21406651e-04 3.32983871e-07 6.42875743e-06 -3.20991763e-07
2111             -1.24813809e-02 1.80160371e-04 -1.21747975e-04 -1.24817158e-02 1.73730365e-04 -1.21426333e-04 3.34971689e-07 6.43000619e-06 -3.21642120e-07
2112             -1.24812305e-02 1.80199144e-04 -1.21743935e-04 -1.24815646e-02 1.73768841e-04 -1.21421267e-04 3.34177924e-07 6.43030256e-06 -3.22667210e-07
2113             -1.24812603e-02 1.80234563e-04 -1.21764625e-04 -1.24815963e-02 1.73803108e-04 -1.21441354e-04 3.35989748e-07 6.43145414e-06 -3.23270751e-07
2114             -1.24814592e-02 1.80257515e-04 -1.21762088e-04 -1.24817942e-02 1.73826148e-04 -1.21437927e-04 3.35016793e-07 6.43136728e-06 -3.24160997e-07
2115             -1.24818337e-02 1.80264057e-04 -1.21785551e-04 -1.24821703e-02 1.73832016e-04 -1.21460986e-04 3.36662336e-07 6.43204045e-06 -3.24565906e-07
2116             -1.24823752e-02 1.80252924e-04 -1.21786079e-04 -1.24827108e-02 1.73821429e-04 -1.21460876e-04 3.35547397e-07 6.43149526e-06 -3.25202443e-07
2117             -1.24830791e-02 1.80226244e-04 -1.21812068e-04 -1.24834161e-02 1.73794483e-04 -1.21486764e-04 3.37065667e-07 6.43176099e-06 -3.25304106e-07
2118             -1.24839174e-02 1.80184341e-04 -1.21815644e-04 -1.24842532e-02 1.73753427e-04 -1.21490035e-04 3.35825316e-07 6.43091358e-06 -3.25609405e-07
2119             -1.24848776e-02 1.80129828e-04 -1.21845367e-04 -1.24852148e-02 1.73698718e-04 -1.21519997e-04 3.37218192e-07 6.43111000e-06 -3.25369304e-07
2120             -1.24858979e-02 1.80066259e-04 -1.21852466e-04 -1.24862338e-02 1.73635718e-04 -1.21527126e-04 3.35858052e-07 6.43054148e-06 -3.25340735e-07
2121             -1.24868998e-02 1.80002762e-04 -1.21883289e-04 -1.24872369e-02 1.73571369e-04 -1.21558500e-04 3.37134320e-07 6.43139228e-06 -3.24788908e-07
2122             -1.24877792e-02 1.79949579e-04 -1.21887151e-04 -1.24881149e-02 1.73517818e-04 -1.21562662e-04 3.35659154e-07 6.43176043e-06 -3.24489870e-07
2123             -1.24885004e-02 1.79916465e-04 -1.21909282e-04 -1.24888371e-02 1.73482865e-04 -1.21585567e-04 3.36794343e-07 6.43360047e-06 -3.23715277e-07
2124             -1.24890309e-02 1.79905258e-04 -1.21900159e-04 -1.24893660e-02 1.73470570e-04 -1.21576909e-04 3.35109636e-07 6.43468798e-06 -3.23249677e-07
2125             -1.24893821e-02 1.79913613e-04 -1.21907257e-04 -1.24897181e-02 1.73476887e-04 -1.21584900e-04 3.35950383e-07 6.43672592e-06 -3.22357658e-07
2126             -1.24895259e-02 1.79933588e-04 -1.21883855e-04 -1.24898598e-02 1.73496168e-04 -1.21562034e-04 3.33929285e-07 6.43742023e-06 -3.21821415e-07
2127             -1.24894654e-02 1.79959883e-04 -1.21879264e-04 -1.24897999e-02 1.73521287e-04 -1.21558354e-04 3.34474937e-07 6.43859572e-06 -3.20910087e-07
2128             -1.24891853e-02 1.79987009e-04 -1.21846575e-04 -1.24895176e-02 1.73548819e-04 -1.21526165e-04 3.32298729e-07 6.43819047e-06 -3.20410260e-07
2129             -1.24887255e-02 1.80012759e-04 -1.21835297e-04 -1.24890584e-02 1.73574539e-04 -1.21515690e-04 3.32870929e-07 6.43822028e-06 -3.19607623e-07
2130             -1.24880769e-02 1.80035402e-04 -1.21798293e-04 -1.24884078e-02 1.73598699e-04 -1.21479005e-04 3.30895510e-07 6.43670308e-06 -3.19287596e-07
2131             -1.24872562e-02 1.80054728e-04 -1.21785820e-04 -1.24875880e-02 1.73619019e-04 -1.21467093e-04 3.31817342e-07 6.43570880e-06 -3.18726382e-07
2132             -1.24862905e-02 1.80068616e-04 -1.21751439e-04 -1.24866208e-02 1.73635217e-04 -1.21432734e-04 3.30295307e-07 6.43339828e-06 -3.18705091e-07
2133             -1.24852640e-02 1.80077156e-04 -1.21746033e-04 -1.24855957e-02 1.73645112e-04 -1.21427532e-04 3.31739587e-07 6.43204378e-06 -3.18500362e-07
2134             -1.24842444e-02 1.80081269e-04 -1.21721879e-04 -1.24845752e-02 1.73651327e-04 -1.21403004e-04 3.30730930e-07 6.42994147e-06 -3.18875080e-07
2135             -1.24833282e-02 1.80084914e-04 -1.21729038e-04 -1.24836608e-02 1.73655569e-04 -1.21409955e-04 3.32615901e-07 6.42934557e-06 -3.19083070e-07
2136             -1.24825488e-02 1.80092974e-04 -1.21717772e-04 -1.24828808e-02 1.73664590e-04 -1.21397923e-04 3.31918548e-07 6.42838433e-06 -3.19849272e-07
2137             -1.24819425e-02 1.80111357e-04 -1.21735421e-04 -1.24822765e-02 1.73682329e-04 -1.21415037e-04 3.33970895e-07 6.42902769e-06 -3.20383656e-07
2138             -1.24815103e-02 1.80140378e-04 -1.21730604e-04 -1.24818436e-02 1.73711289e-04 -1.21409228e-04 3.33301233e-07 6.42908801e-06 -3.21376212e-07
2139             -1.24812758e-02 1.80176982e-04 -1.21751135e-04 -1.24816111e-02 1.73746651e-04 -1.21429105e-04 3.35265477e-07 6.43033172e-06 -3.22029822e-07
2140             -1.24811979e-02 1.80214082e-04 -1.21747273e-04 -1.24815323e-02 1.73783560e-04 -1.21424240e-04 3.34442724e-07 6.43052206e-06 -3.23033382e-07
2141             -1.24813079e-02 1.80243672e-04 -1.21768601e-04 -1.24816441e-02 1.73812156e-04 -1.21445004e-04 3.36221585e-07 6.43151548e-06 -3.23596959e-07
2142             -1.24815860e-02 1.80258392e-04 -1.21766934e-04 -1.24819212e-02 1.73827127e-04 -1.21442501e-04 3.35215973e-07 6.43126527e-06 -3.24433320e-07
2143             -1.24820453e-02 1.80256171e-04 -1.21791138e-04 -1.24823821e-02 1.73824375e-04 -1.21466365e-04 3.36829795e-07 6.43179577e-06 -3.24773037e-07
2144             -1.24826652e-02 1.80237122e-04 -1.21792304e-04 -1.24830009e-02 1.73805998e-04 -1.21466969e-04 3.35675555e-07 6.43112347e-06 -3.25335340e-07
2145             -1.24834344e-02 1.80203463e-04 -1.21819050e-04 -1.24837716e-02 1.73772164e-04 -1.21493692e-04 3.37153697e-07 6.43129935e-06 -3.25357855e-07
2146             -1.24843317e-02 1.80155321e-04 -1.21823704e-04 -1.24846676e-02 1.73724883e-04 -1.21498120e-04 3.35875437e-07 6.43043788e-06 -3.25584089e-07
2147             -1.24853343e-02 1.80096429e-04 -1.21854352e-04 -1.24856716e-02 1.73665707e-04 -1.21529084e-04 3.37230767e-07 6.43072197e-06 -3.25267954e-07
2148             -1.24863557e-02 1.80032182e-04 -1.21861644e-04 -1.24866915e-02 1.73601838e-04 -1.21536472e-04 3.35833859e-07 6.43034419e-06 -3.25171608e-07
2149             -1.24873169e-02 1.79973079e-04 -1.21891519e-04 -1.24876540e-02 1.73541618e-04 -1.21566955e-04 3.37074038e-07 6.43146125e-06 -3.24564255e-07
2150             -1.24881261e-02 1.79929464e-04 -1.21892963e-04 -1.24884616e-02 1.73497360e-04 -1.21568742e-04 3.35555491e-07 6.43210448e-06 -3.24221733e-07
2151             -1.24887633e-02 1.79907654e-04 -1.21911812e-04 -1.24890999e-02 1.73473517e-04 -1.21588393e-04 3.36630180e-07 6.43413708e-06 -3.23418718e-07
2152             -1.24892087e-02 1.79906516e-04 -1.21899148e-04 -1.24895435e-02 1.73471231e-04 -1.21576212e-04 3.34868473e-07 6.43528539e-06 -3.22935603e-07
2153             -1.24894725e-02 1.79922112e-04 -1.21902980e-04 -1.24898081e-02 1.73484866e-04 -1.21580945e-04 3.35628243e-07 6.43724551e-06 -3.22034964e-07
2154             -1.24895296e-02 1.79945729e-04 -1.21877101e-04 -1.24898631e-02 1.73507965e-04 -1.21555600e-04 3.33542786e-07 6.43776415e-06 -3.21500791e-07
2155             -1.24893748e-02 1.79973183e-04 -1.21870658e-04 -1.24897088e-02 1.73534460e-04 -1.21550052e-04 3.34061427e-07 6.43872375e-06 -3.20605581e-07
2156             -1.24890102e-02 1.79999576e-04 -1.21836831e-04 -1.24893421e-02 1.73561476e-04 -1.21516693e-04 3.31903311e-07 6.43810007e-06 -3.20138084e-07
2157             -1.24884654e-02 1.80024465e-04 -1.21824739e-04 -1.24887979e-02 1.73586544e-04 -1.21505357e-04 3.32536955e-07 6.43792132e-06 -3.19381794e-07
2158             -1.24877403e-02 1.80045645e-04 -1.21787564e-04 -1.24880710e-02 1.73609436e-04 -1.21468444e-04 3.30655648e-07 6.43620868e-06 -3.19120114e-07
2159             -1.24868562e-02 1.80062659e-04 -1.21775936e-04 -1.24871879e-02 1.73627594e-04 -1.21457307e-04 3.31694045e-07 6.43506556e-06 -3.18628383e-07
2160             -1.24858472e-02 1.80073751e-04 -1.21743250e-04 -1.24861775e-02 1.73641044e-04 -1.21424562e-04 3.30296340e-07 6.43270761e-06 -3.18687394e-07
2161             -1.24848044e-02 1.80080162e-04 -1.21740132e-04 -1.24851362e-02 1.73648727e-04 -1.21421561e-04 3.31862460e-07 6.43143517e-06 -3.18571691e-07
2162             -1.24838135e-02 1.80083171e-04 -1.21718807e-04 -1.24841444e-02 1.73653641e-04 -1.21399770e-04 3.30955016e-07 6.42953026e-06 -3.19037008e-07
2163             -1.24829599e-02 1.80087788e-04 -1.21728795e-04 -1.24832928e-02 1.73658587e-04 -1.21409466e-04 3.32906335e-07 6.42920143e-06 -3.19328439e-07
2164             -1.24822566e-02 1.80099496e-04 -1.21719668e-04 -1.24825889e-02 1.73670990e-04 -1.21399507e-04 3.32237339e-07 6.42850646e-06 -3.20160686e-07
2165             -1.24817313e-02 1.80122465e-04 -1.21738570e-04 -1.24820656e-02 1.73693126e-04 -1.21417833e-04 3.34284391e-07 6.42933871e-06 -3.20736762e-07
2166             -1.24813795e-02 1.80155246e-04 -1.21734016e-04 -1.24817131e-02 1.73725774e-04 -1.21412273e-04 3.33585622e-07 6.42947176e-06 -3.21742458e-07
2167             -1.24812163e-02 1.80192855e-04 -1.21754422e-04 -1.24815518e-02 1.73762178e-04 -1.21432033e-04 3.35510182e-07 6.43067694e-06 -3.22388318e-07
2168             -1.24812197e-02 1.80227229e-04 -1.21750632e-04 -1.24815544e-02 1.73796484e-04 -1.21427274e-04 3.34644678e-07 6.43074473e-06 -3.23358044e-07
2169             -1.24814117e-02 1.80250337e-04 -1.21772715e-04 -1.24817481e-02 1.73818741e-04 -1.21448836e-04 3.36380445e-07 6.43159608e-06 -3.23879556e-07
2170             -1.24817681e-02 1.80256806e-04 -1.21772057e-04 -1.24821035e-02 1.73825591e-04 -1.21447397e-04 3.35336047e-07 6.43121496e-06 -3.24660715e-07
2171             -1.24823025e-02 1.80246963e-04 -1.21796954e-04 -1.24826394e-02 1.73815325e-04 -1.21472020e-04 3.36915769e-07 6.43163748e-06 -3.24933571e-07
2172             -1.24829886e-02 1.80221361e-04 -1.21798669e-04 -1.24833243e-02 1.73790481e-04 -1.21473248e-04 3.35730805e-07 6.43087954e-06 -3.25421627e-07
2173             -1.24838218e-02 1.80181746e-04 -1.21826168e-04 -1.24841589e-02 1.73750728e-04 -1.21500800e-04 3.37179610e-07 6.43101840e-06 -3.25367434e-07
2174             -1.24847692e-02 1.80128652e-04 -1.21831704e-04 -1.24851051e-02 1.73698452e-04 -1.21506185e-04 3.35872255e-07 6.43020049e-06 -3.25518802e-07
2175             -1.24857962e-02 1.80066965e-04 -1.21862915e-04 -1.24861334e-02 1.73636339e-04 -1.21537782e-04 3.37199038e-07 6.43062658e-06 -3.25133215e-07
2176             -1.24867997e-02 1.80003913e-04 -1.21870003e-04 -1.24871355e-02 1.73573436e-04 -1.21545026e-04 3.35776782e-07 6.43047722e-06 -3.24976765e-07
2177             -1.24877025e-02 1.79951244e-04 -1.21898385e-04 -1.24880395e-02 1.73519379e-04 -1.21574064e-04 3.36991968e-07 6.43186521e-06 -3.24321511e-07
2178             -1.24884349e-02 1.79917452e-04 -1.21897206e-04 -1.24887704e-02 1.73484707e-04 -1.21573262e-04 3.35437777e-07 6.43274481e-06 -3.23943640e-07
2179             -1.24889896e-02 1.79906348e-04 -1.21912617e-04 -1.24893260e-02 1.73471437e-04 -1.21589500e-04 3.36457900e-07 6.43491068e-06 -3.23116808e-07
2180             -1.24893536e-02 1.79914097e-04 -1.21896419e-04 -1.24896882e-02 1.73478047e-04 -1.21573799e-04 3.34625226e-07 6.43605048e-06 -3.22619675e-07
2181             -1.24895340e-02 1.79934921e-04 -1.21897341e-04 -1.24898693e-02 1.73497052e-04 -1.21575627e-04 3.35311635e-07 6.43786915e-06 -3.21714312e-07
2182             -1.24894939e-02 1.79961009e-04 -1.21869159e-04 -1.24898271e-02 1.73522842e-04 -1.21547972e-04 3.33184715e-07 6.43816691e-06 -3.21186681e-07
2183             -1.24892453e-02 1.79988576e-04 -1.21861182e-04 -1.24895790e-02 1.73549694e-04 -1.21540869e-04 3.33704044e-07 6.43888227e-06 -3.20313289e-07
2184             -1.24887978e-02 1.80014010e-04 -1.21826289e-04 -1.24891294e-02 1.73575993e-04 -1.21506406e-04 3.31588124e-07 6.43801720e-06 -3.19883320e-07
2185             -1.24881749e-02 1.80037491e-04 -1.21813665e-04 -1.24885072e-02 1.73599891e-04 -1.21494489e-04 3.32297146e-07 6.43759947e-06 -3.19176752e-07
2186             -1.24873657e-02 1.80057138e-04 -1.21776516e-04 -1.24876962e-02 1.73621463e-04 -1.21457540e-04 3.30511107e-07 6.43567504e-06 -3.18976266e-07
2187             -1.24864170e-02 1.80071838e-04 -1.21766016e-04 -1.24867487e-02 1.73637441e-04 -1.21447456e-04 3.31671076e-07 6.43439777e-06 -3.18559752e-07
2188             -1.24853770e-02 1.80080224e-04 -1.21735382e-04 -1.24857074e-02 1.73648200e-04 -1.21416678e-04 3.30395077e-07 6.43202340e-06 -3.18704289e-07
2189             -1.24843437e-02 1.80084484e-04 -1.21734944e-04 -1.24846758e-02 1.73653624e-04 -1.21416264e-04 3.32066458e-07 6.43086006e-06 -3.18680174e-07
2190             -1.24833981e-02 1.80087160e-04 -1.21716489e-04 -1.24837293e-02 1.73657999e-04 -1.21397256e-04 3.31233142e-07 6.42916130e-06 -3.19233476e-07
2191             -1.24826085e-02 1.80094113e-04 -1.21729026e-04 -1.24829417e-02 1.73665034e-04 -1.21409423e-04 3.33224486e-07 6.42907954e-06 -3.19603079e-07
2192             -1.24819804e-02 1.80110320e-04 -1.21721547e-04 -1.24823130e-02 1.73681730e-04 -1.21401057e-04 3.32562785e-07 6.42858984e-06 -3.20490126e-07
2193             -1.24815376e-02 1.80137529e-04 -1.21741161e-04 -1.24818722e-02 1.73707997e-04 -1.21420065e-04 3.34589357e-07 6.42953209e-06 -3.21096128e-07
2194             -1.24812612e-02 1.80172347e-04 -1.21736970e-04 -1.24815951e-02 1.73742680e-04 -1.21414858e-04 3.33854063e-07 6.42966691e-06 -3.22111930e-07
2195             -1.24811708e-02 1.80208938e-04 -1.21757388e-04 -1.24815066e-02 1.73778169e-04 -1.21434650e-04 3.35735606e-07 6.43076879e-06 -3.22738393e-07
2196             -1.24812608e-02 1.80238119e-04 -1.21754083e-04 -1.24815956e-02 1.73807438e-04 -1.21430411e-04 3.34825738e-07 6.43068172e-06 -3.23671571e-07
2197             -1.24815354e-02 1.80253457e-04 -1.21776944e-04 -1.24818719e-02 1.73822083e-04 -1.21452802e-04 3.36518492e-07 6.43137373e-06 -3.24142092e-07
2198             -1.24819738e-02 1.80251433e-04 -1.21777092e-04 -1.24823092e-02 1.73820575e-04 -1.21452230e-04 3.35435538e-07 6.43085765e-06 -3.24861994e-07
2199             -1.24825781e-02 1.80233770e-04 -1.21802604e-04 -1.24829151e-02 1.73802607e-04 -1.21477541e-04 3.36984850e-07 6.43116320e-06 -3.25062587e-07
2200             -1.24833217e-02 1.80201035e-04 -1.21805113e-04 -1.24836574e-02 1.73770709e-04 -1.21479639e-04 3.35776908e-07 6.43032641e-06 -3.25473841e-07
2201             -1.24842136e-02 1.80154693e-04 -1.21833700e-04 -1.24845508e-02 1.73724232e-04 -1.21508356e-04 3.37203454e-07 6.43046083e-06 -3.25343503e-07
2202             -1.24852080e-02 1.80096508e-04 -1.21840283e-04 -1.24855439e-02 1.73666770e-04 -1.21514860e-04 3.35870521e-07 6.42973801e-06 -3.25422763e-07
2203             -1.24862423e-02 1.80033236e-04 -1.21871858e-04 -1.24865795e-02 1.73602875e-04 -1.21546886e-04 3.37168236e-07 6.43036144e-06 -3.24971919e-07
2204             -1.24872086e-02 1.79973537e-04 -1.21878258e-04 -1.24875443e-02 1.73543050e-04 -1.21553496e-04 3.35718497e-07 6.43048727e-06 -3.24761632e-07
2205             -1.24880368e-02 1.79929337e-04 -1.21904561e-04 -1.24883737e-02 1.73497173e-04 -1.21580495e-04 3.36903250e-07 6.43216419e-06 -3.24066270e-07
2206             -1.24886874e-02 1.79906257e-04 -1.21900355e-04 -1.24890227e-02 1.73472994e-04 -1.21576693e-04 3.35304845e-07 6.43326363e-06 -3.23661140e-07
2207             -1.24891610e-02 1.79905262e-04 -1.21912281e-04 -1.24894972e-02 1.73469743e-04 -1.21589464e-04 3.36258667e-07 6.43551895e-06 -3.22817360e-07
2208             -1.24894426e-02 1.79920425e-04 -1.21892762e-04 -1.24897770e-02 1.73483820e-04 -1.21570450e-04 3.34346743e-07 6.43660508e-06 -3.22312420e-07
2209             -1.24895402e-02 1.79944991e-04 -1.21891211e-04 -1.24898751e-02 1.73506730e-04 -1.21569802e-04 3.34968384e-07 6.43826086e-06 -3.21409453e-07
2210             -1.24894064e-02 1.79972683e-04 -1.21860952e-04 -1.24897392e-02 1.73534337e-04 -1.21540057e-04 3.32803512e-07 6.43834552e-06 -3.20895486e-07
2211             -1.24890617e-02 1.79999841e-04 -1.21851736e-04 -1.24893950e-02 1.73560990e-04 -1.21531680e-04 3.33339408e-07 6.43885163e-06 -3.20055984e-07
2212             -1.24885230e-02 1.80024308e-04 -1.21816033e-04 -1.24888543e-02 1.73586521e-04 -1.21496360e-04 3.31284377e-07 6.43778717e-06 -3.19673148e-07
2213             -1.24878267e-02 1.80046366e-04 -1.21803366e-04 -1.24881588e-02 1.73609189e-04 -1.21484341e-04 3.32083612e-07 6.43717770e-06 -3.19025172e-07
2214             -1.24869615e-02 1.80064153e-04 -1.21767022e-04 -1.24872919e-02 1.73629049e-04 -1.21448129e-04 3.30402642e-07 6.43510381e-06 -3.18892653e-07
2215             -1.24859722e-02 1.80076850e-04 -1.21758115e-04 -1.24863039e-02 1.73643075e-04 -1.21439559e-04 3.31674537e-07 6.43377452e-06 -3.18555672e-07
2216             -1.24849136e-02 1.80083928e-04 -1.21729552e-04 -1.24852441e-02 1.73652451e-04 -1.21410763e-04 3.30510875e-07 6.43147666e-06 -3.18788716e-07
2217             -1.24839035e-02 1.80087624e-04 -1.21731831e-04 -1.24842357e-02 1.73657118e-04 -1.21412975e-04 3.32280399e-07 6.43050591e-06 -3.18856384e-07
2218             -1.24830194e-02 1.80091457e-04 -1.21716204e-04 -1.24833509e-02 1.73662382e-04 -1.21396710e-04 3.31513500e-07 6.42907421e-06 -3.19493761e-07
2219             -1.24823115e-02 1.80102051e-04 -1.21731004e-04 -1.24826451e-02 1.73672785e-04 -1.21411073e-04 3.33531566e-07 6.42926548e-06 -3.19931028e-07
2220             -1.24817683e-02 1.80123081e-04 -1.21724835e-04 -1.24821011e-02 1.73694102e-04 -1.21403974e-04 3.32861209e-07 6.42897914e-06 -3.20860754e-07
2221             -1.24814044e-02 1.80154574e-04 -1.21744786e-04 -1.24817393e-02 1.73724560e-04 -1.21423303e-04 3.34857856e-07 6.43001412e-06 -3.21483108e-07
2222             -1.24811989e-02 1.80190938e-04 -1.21740564e-04 -1.24815330e-02 1.73760807e-04 -1.21418071e-04 3.34085237e-07 6.43013108e-06 -3.22493269e-07
2223             -1.24811857e-02 1.80225281e-04 -1.21761102e-04 -1.24815217e-02 1.73794150e-04 -1.21438012e-04 3.35928705e-07 6.43113107e-06 -3.23090228e-07
2224             -1.24813598e-02 1.80248496e-04 -1.21758419e-04 -1.24816948e-02 1.73817584e-04 -1.21434440e-04 3.34981855e-07 6.43091229e-06 -3.23979149e-07
2225             -1.24817149e-02 1.80255859e-04 -1.21782054e-04 -1.24820516e-02 1.73824377e-04 -1.21457661e-04 3.36639107e-07 6.43148189e-06 -3.24393027e-07
2226             -1.24822282e-02 1.80245941e-04 -1.21782869e-04 -1.24825637e-02 1.73815072e-04 -1.21457821e-04 3.35526891e-07 6.43086889e-06 -3.25047485e-07
2227             -1.24829002e-02 1.80221029e-04 -1.21809010e-04 -1.24832372e-02 1.73789931e-04 -1.21483836e-04 3.37049860e-07 6.43109800e-06 -3.25174131e-07
2228             -1.24837064e-02 1.80181699e-04 -1.21812446e-04 -1.24840422e-02 1.73751472e-04 -1.21486937e-04 3.35819733e-07 6.43022720e-06 -3.25508377e-07
2229             -1.24846489e-02 1.80129997e-04 -1.21841986e-04 -1.24849862e-02 1.73699594e-04 -1.21516684e-04 3.37224830e-07 6.43040285e-06 -3.25301688e-07
2230             -1.24856696e-02 1.80068782e-04 -1.21849164e-04 -1.24860055e-02 1.73638969e-04 -1.21523854e-04 3.35872064e-07 6.42981389e-06 -3.25309995e-07
2231             -1.24866898e-02 1.80006367e-04 -1.21880520e-04 -1.24870270e-02 1.73575713e-04 -1.21555723e-04 3.37151185e-07 6.43065408e-06 -3.24797037e-07
2232             -1.24876018e-02 1.79952480e-04 -1.21885489e-04 -1.24879375e-02 1.73521443e-04 -1.21560952e-04 3.35682258e-07 6.43103784e-06 -3.24536958e-07
2233             -1.24883540e-02 1.79917415e-04 -1.21909266e-04 -1.24886908e-02 1.73484476e-04 -1.21585461e-04 3.36836550e-07 6.43293860e-06 -3.23804635e-07
2234             -1.24889202e-02 1.79904676e-04 -1.21901679e-04 -1.24892554e-02 1.73470517e-04 -1.21578306e-04 3.35188299e-07 6.43415900e-06 -3.23373282e-07
2235             -1.24893128e-02 1.79912389e-04 -1.21910076e-04 -1.24896488e-02 1.73475998e-04 -1.21587564e-04 3.36073849e-07 6.43639117e-06 -3.22512462e-07
2236             -1.24895139e-02 1.79932950e-04 -1.21887528e-04 -1.24898480e-02 1.73495633e-04 -1.21565529e-04 3.34089299e-07 6.43731700e-06 -3.21999197e-07
2237             -1.24895102e-02 1.79959775e-04 -1.21883875e-04 -1.24898449e-02 1.73521040e-04 -1.21562768e-04 3.34659950e-07 6.43873458e-06 -3.21106568e-07
2238             -1.24892752e-02 1.79987615e-04 -1.21852085e-04 -1.24896076e-02 1.73549053e-04 -1.21531470e-04 3.32486562e-07 6.43856199e-06 -3.20614355e-07
2239             -1.24888498e-02 1.80014225e-04 -1.21841630e-04 -1.24891829e-02 1.73575418e-04 -1.21521822e-04 3.33055148e-07 6.43880671e-06 -3.19808048e-07
2240             -1.24882382e-02 1.80037935e-04 -1.21805030e-04 -1.24885693e-02 1.73600449e-04 -1.21485558e-04 3.31061568e-07 6.43748654e-06 -3.19471974e-07
2241             -1.24874727e-02 1.80058133e-04 -1.21792424e-04 -1.24878046e-02 1.73621485e-04 -1.21473541e-04 3.31943065e-07 6.43664710e-06 -3.18883451e-07
2242             -1.24865431e-02 1.80073403e-04 -1.21757116e-04 -1.24868735e-02 1.73638986e-04 -1.21438294e-04 3.30361664e-07 6.43441775e-06 -3.18822142e-07
2243             -1.24855126e-02 1.80083445e-04 -1.21750148e-04 -1.24858443e-02 1.73650394e-04 -1.21431580e-04 3.31742914e-07 6.43305103e-06 -3.18567394e-07
2244             -1.24844516e-02 1.80088737e-04 -1.21724002e-04 -1.24847822e-02 1.73657889e-04 -1.21405114e-04 3.30682563e-07 6.43084736e-06 -3.18888596e-07
2245             -1.24834833e-02 1.80092296e-04 -1.21729075e-04 -1.24838158e-02 1.73662220e-04 -1.21410032e-04 3.32529366e-07 6.43007602e-06 -3.19043446e-07
2246             -1.24826713e-02 1.80098209e-04 -1.21715990e-04 -1.24830031e-02 1.73669317e-04 -1.21396234e-04 3.31800969e-07 6.42889207e-06 -3.19756750e-07
2247             -1.24820394e-02 1.80112882e-04 -1.21732587e-04 -1.24823732e-02 1.73683578e-04 -1.21412337e-04 3.33821789e-07 6.42930443e-06 -3.20250667e-07
2248             -1.24815759e-02 1.80137682e-04 -1.21727395e-04 -1.24819090e-02 1.73708528e-04 -1.21406183e-04 3.33128441e-07 6.42915355e-06 -3.21212181e-07
2249             -1.24812826e-02 1.80171107e-04 -1.21747754e-04 -1.24816177e-02 1.73740885e-04 -1.21425908e-04 3.35091501e-07 6.43022181e-06 -3.21845286e-07
2250             -1.24811617e-02 1.80206938e-04 -1.21743490e-04 -1.24814960e-02 1.73776681e-04 -1.21420658e-04 3.34281915e-07 6.43025779e-06 -3.22832159e-07
2251             -1.24812390e-02 1.80236822e-04 -1.21764446e-04 -1.24815751e-02 1.73805699e-04 -1.21441054e-04 3.36080652e-07 6.43112351e-06 -3.23391647e-07
2252             -1.24814894e-02 1.80252070e-04 -1.21762788e-04 -1.24818245e-02 1.73821298e-04 -1.21438553e-04 3.35092722e-07 6.43077172e-06 -3.24234816e-07
2253             -1.24819084e-02 1.80250646e-04 -1.21787251e-04 -1.24822452e-02 1.73819416e-04 -1.21462662e-04 3.36721814e-07 6.43122998e-06 -3.24589712e-07
2254             -1.24824901e-02 1.80232493e-04 -1.21788738e-04 -1.24828257e-02 1.73801970e-04 -1.21463563e-04 3.35590934e-07 6.43052380e-06 -3.25175467e-07
2255             -1.24832303e-02 1.80200418e-04 -1.21815642e-04 -1.24835674e-02 1.73769730e-04 -1.21490414e-04 3.37095455e-07 6.43068844e-06 -3.25227805e-07
2256             -1.24841056e-02 1.80154665e-04 -1.21820208e-04 -1.24844414e-02 1.73724849e-04 -1.21494720e-04 3.35840848e-07 6.42981593e-06 -3.25487951e-07
2257             -1.24850994e-02 1.80098043e-04 -1.21850833e-04 -1.24854366e-02 1.73667963e-04 -1.21525623e-04 3.37215935e-07 6.43007959e-06 -3.25209493e-07
2258             -1.24861294e-02 1.80034922e-04 -1.21858479e-04 -1.24864652e-02 1.73605246e-04 -1.21533326e-04 3.35836139e-07 6.42967647e-06 -3.25152687e-07
2259             -1.24871159e-02 1.79975160e-04 -1.21889233e-04 -1.24874530e-02 1.73544379e-04 -1.21564647e-04 3.37095049e-07 6.43078083e-06 -3.24585135e-07
2260             -1.24879555e-02 1.79929238e-04 -1.21892170e-04 -1.24882911e-02 1.73497792e-04 -1.21567887e-04 3.35605785e-07 6.43144690e-06 -3.24283749e-07
2261             -1.24886261e-02 1.79904778e-04 -1.21912936e-04 -1.24889628e-02 1.73471213e-04 -1.21589413e-04 3.36723018e-07 6.43356480e-06 -3.23522997e-07
2262             -1.24891121e-02 1.79902400e-04 -1.21901801e-04 -1.24894471e-02 1.73467526e-04 -1.21578728e-04 3.35011849e-07 6.43487428e-06 -3.23073054e-07
2263             -1.24894237e-02 1.79918059e-04 -1.21906764e-04 -1.24897595e-02 1.73481010e-04 -1.21584562e-04 3.35817858e-07 6.43704902e-06 -3.22202624e-07
2264             -1.24895441e-02 1.79942704e-04 -1.21881600e-04 -1.24898779e-02 1.73504901e-04 -1.21559911e-04 3.33760930e-07 6.43780294e-06 -3.21689594e-07
2265             -1.24894439e-02 1.79971102e-04 -1.21875976e-04 -1.24897782e-02 1.73532104e-04 -1.21555166e-04 3.34294365e-07 6.43899839e-06 -3.20809585e-07
2266             -1.24891182e-02 1.79998736e-04 -1.21842886e-04 -1.24894503e-02 1.73560136e-04 -1.21522540e-04 3.32127816e-07 6.43860049e-06 -3.20345469e-07
2267             -1.24886099e-02 1.80024941e-04 -1.21831454e-04 -1.24889426e-02 1.73586308e-04 -1.21511873e-04 3.32745230e-07 6.43863282e-06 -3.19581404e-07
2268             -1.24879245e-02 1.80048098e-04 -1.21794427e-04 -1.24882553e-02 1.73610991e-04 -1.21475128e-04 3.30829822e-07 6.43710748e-06 -3.19299085e-07
2269             -1.24870799e-02 1.80067590e-04 -1.21782195e-04 -1.24874117e-02 1.73631486e-04 -1.21463419e-04 3.31811286e-07 6.43610342e-06 -3.18775820e-07
2270             -1.24860937e-02 1.80081281e-04 -1.21748251e-04 -1.24864240e-02 1.73647477e-04 -1.21429458e-04 3.30340960e-07 6.43380410e-06 -3.18793174e-07
2271             -1.24850377e-02 1.80089974e-04 -1.21743333e-04 -1.24853695e-02 1.73657480e-04 -1.21424705e-04 3.31832038e-07 6.43249430e-06 -3.18627758e-07
2272             -1.24839994e-02 1.80094434e-04 -1.21719833e-04 -1.24843303e-02 1.73663969e-04 -1.21400792e-04 3.30863223e-07 6.43046456e-06 -3.19040848e-07
2273             -1.24830927e-02 1.80098825e-04 -1.21727760e-04 -1.24834254e-02 1.73668878e-04 -1.21408479e-04 3.32771697e-07 6.42994642e-06 -3.19281595e-07
2274             -1.24823632e-02 1.80108009e-04 -1.21717013e-04 -1.24826953e-02 1.73678981e-04 -1.21396948e-04 3.32069284e-07 6.42902835e-06 -3.20064505e-07
2275             -1.24818109e-02 1.80127351e-04 -1.21735035e-04 -1.24821450e-02 1.73697706e-04 -1.21414429e-04 3.34088214e-07 6.42964504e-06 -3.20605314e-07
2276             -1.24814187e-02 1.80156413e-04 -1.21730260e-04 -1.24817521e-02 1.73726824e-04 -1.21408673e-04 3.33376494e-07 6.42958919e-06 -3.21587083e-07
2277             -1.24811936e-02 1.80191508e-04 -1.21750466e-04 -1.24815289e-02 1.73760875e-04 -1.21428251e-04 3.35315201e-07 6.43063288e-06 -3.22215493e-07
2278             -1.24811472e-02 1.80224750e-04 -1.21746464e-04 -1.24814817e-02 1.73794190e-04 -1.21423284e-04 3.34479164e-07 6.43055974e-06 -3.23179756e-07
2279             -1.24813106e-02 1.80248015e-04 -1.21768202e-04 -1.24816469e-02 1.73816737e-04 -1.21444503e-04 3.36249071e-07 6.43127793e-06 -3.23698426e-07
2280             -1.24816428e-02 1.80254719e-04 -1.21767525e-04 -1.24819780e-02 1.73823935e-04 -1.21443037e-04 3.35233757e-07 6.43078411e-06 -3.24487835e-07
2281             -1.24821479e-02 1.80244599e-04 -1.21792842e-04 -1.24824848e-02 1.73813478e-04 -1.21468064e-04 3.36840673e-07 6.43112138e-06 -3.24777910e-07
2282             -1.24827982e-02 1.80218949e-04 -1.21794938e-04 -1.24831339e-02 1.73788644e-04 -1.21469648e-04 3.35687918e-07 6.43030500e-06 -3.25289835e-07
2283             -1.24835991e-02 1.80179908e-04 -1.21822646e-04 -1.24839363e-02 1.73749512e-04 -1.21497381e-04 3.37175890e-07 6.43039580e-06 -3.25264743e-07
2284             -1.24845024e-02 1.80128836e-04 -1.21827961e-04 -1.24848383e-02 1.73699310e-04 -1.21502512e-04 3.35912569e-07 6.42952678e-06 -3.25448928e-07
2285             -1.24855285e-02 1.80068129e-04 -1.21859347e-04 -1.24858658e-02 1.73638234e-04 -1.21534246e-04 3.37274862e-07 6.42989489e-06 -3.25100982e-07
2286             -1.24865606e-02 1.80004600e-04 -1.21867130e-04 -1.24868965e-02 1.73574912e-04 -1.21542146e-04 3.35873046e-07 6.42968772e-06 -3.24983797e-07
2287             -1.24875054e-02 1.79949744e-04 -1.21896758e-04 -1.24878425e-02 1.73518704e-04 -1.21572391e-04 3.37099560e-07 6.43104032e-06 -3.24366920e-07
2288             -1.24882736e-02 1.79912761e-04 -1.21897309e-04 -1.24886091e-02 1.73480827e-04 -1.21573281e-04 3.35566847e-07 6.43193354e-06 -3.24028063e-07
2289             -1.24888625e-02 1.79899348e-04 -1.21914470e-04 -1.24891991e-02 1.73465157e-04 -1.21591234e-04 3.36625473e-07 6.43419185e-06 -3.23236215e-07
2290             -1.24892644e-02 1.79906230e-04 -1.21899774e-04 -1.24895993e-02 1.73470731e-04 -1.21577003e-04 3.34839179e-07 6.43549866e-06 -3.22771085e-07
2291             -1.24894936e-02 1.79927562e-04 -1.21901846e-04 -1.24898291e-02 1.73490022e-04 -1.21579952e-04 3.35566205e-07 6.43753992e-06 -3.21893823e-07
2292             -1.24895180e-02 1.79955079e-04 -1.21874400e-04 -1.24898515e-02 1.73517002e-04 -1.21553016e-04 3.33446841e-07 6.43807767e-06 -3.21383566e-07
2293             -1.24893199e-02 1.79984372e-04 -1.21867083e-04 -1.24896538e-02 1.73545337e-04 -1.21546562e-04 3.33954049e-07 6.43903435e-06 -3.20521683e-07
2294             -1.24889123e-02 1.80011617e-04 -1.21832793e-04 -1.24892441e-02 1.73573217e-04 -1.21512702e-04 3.31802138e-07 6.43840046e-06 -3.20090858e-07
2295             -1.24883296e-02 1.80037002e-04 -1.21820601e-04 -1.24886620e-02 1.73598798e-04 -1.21501227e-04 3.32468474e-07 6.43820431e-06 -3.19373761e-07
2296             -1.24875749e-02 1.80058543e-04 -1.21783628e-04 -1.24879055e-02 1.73622069e-04 -1.21464478e-04 3.30627098e-07 6.43647363e-06 -3.19149721e-07
2297             -1.24866692e-02 1.80075902e-04 -1.21772416e-04 -1.24870009e-02 1.73640569e-04 -1.21453719e-04 3.31704177e-07 6.43533363e-06 -3.18696353e-07
2298             -1.24856408e-02 1.80087386e-04 -1.21740257e-04 -1.24859711e-02 1.73654376e-04 -1.21421463e-04 3.30339260e-07 6.43301004e-06 -3.18793774e-07
2299             -1.24845748e-02 1.80094549e-04 -1.21737632e-04 -1.24849067e-02 1.73662743e-04 -1.21418916e-04 3.31935028e-07 6.43180566e-06 -3.18716224e-07
2300             -1.24835722e-02 1.80098701e-04 -1.21716841e-04 -1.24839033e-02 1.73668714e-04 -1.21397624e-04 3.31050390e-07 6.42998642e-06 -3.19217064e-07
2301             -1.24827395e-02 1.80104547e-04 -1.21727435e-04 -1.24830725e-02 1.73674818e-04 -1.21407899e-04 3.33008767e-07 6.42972881e-06 -3.19536258e-07
2302             -1.24820876e-02 1.80117375e-04 -1.21718579e-04 -1.24824199e-02 1.73688328e-04 -1.21398202e-04 3.32320676e-07 6.42904692e-06 -3.20377717e-07
2303             -1.24816146e-02 1.80140332e-04 -1.21737663e-04 -1.24819489e-02 1.73710516e-04 -1.21416710e-04 3.34329062e-07 6.42981608e-06 -3.20953423e-07
2304             -1.24812985e-02 1.80171587e-04 -1.21733229e-04 -1.24816320e-02 1.73741787e-04 -1.21411286e-04 3.33594547e-07 6.42980008e-06 -3.21943381e-07
2305             -1.24811485e-02 1.80206035e-04 -1.21753467e-04 -1.24814840e-02 1.73775256e-04 -1.21430911e-04 3.35506569e-07 6.43077899e-06 -3.22556144e-07
2306             -1.24811894e-02 1.80234599e-04 -1.21749883e-04 -1.24815241e-02 1.73804017e-04 -1.21426401e-04 3.34643312e-07 6.43058197e-06 -3.23482772e-07
2307             -1.24814331e-02 1.80249813e-04 -1.21772701e-04 -1.24817694e-02 1.73818640e-04 -1.21448743e-04 3.36386767e-07 6.43117308e-06 -3.23957422e-07
2308             -1.24818360e-02 1.80247851e-04 -1.21773085e-04 -1.24821714e-02 1.73817282e-04 -1.21448395e-04 3.35351966e-07 6.43056861e-06 -3.24689589e-07
2309             -1.24824105e-02 1.80230022e-04 -1.21799098e-04 -1.24827475e-02 1.73799210e-04 -1.21474186e-04 3.36942570e-07 6.43081158e-06 -3.24911798e-07
2310             -1.24831264e-02 1.80197665e-04 -1.21801869e-04 -1.24834622e-02 1.73767740e-04 -1.21476519e-04 3.35773606e-07 6.42992459e-06 -3.25350461e-07
2311             -1.24839694e-02 1.80153495e-04 -1.21830097e-04 -1.24843067e-02 1.73723494e-04 -1.21504846e-04 3.37238474e-07 6.43000092e-06 -3.25251455e-07
2312             -1.24849472e-02 1.80096770e-04 -1.21836607e-04 -1.24852831e-02 1.73667568e-04 -1.21511240e-04 3.35948027e-07 6.42920248e-06 -3.25366871e-07
2313             -1.24859970e-02 1.80033639e-04 -1.21868612e-04 -1.24863343e-02 1.73603902e-04 -1.21543659e-04 3.37277251e-07 6.42973712e-06 -3.24953339e-07
2314             -1.24869998e-02 1.79972570e-04 -1.21875991e-04 -1.24873356e-02 1.73542789e-04 -1.21551211e-04 3.35843283e-07 6.42978109e-06 -3.24780106e-07
2315             -1.24878687e-02 1.79925944e-04 -1.21903694e-04 -1.24882057e-02 1.73494529e-04 -1.21579574e-04 3.37041186e-07 6.43141465e-06 -3.24120286e-07
2316             -1.24885520e-02 1.79900156e-04 -1.21901226e-04 -1.24888875e-02 1.73467619e-04 -1.21577475e-04 3.35469099e-07 6.43253664e-06 -3.23751737e-07
2317             -1.24890609e-02 1.79897861e-04 -1.21914754e-04 -1.24893974e-02 1.73462957e-04 -1.21591814e-04 3.36463453e-07 6.43490352e-06 -3.22940435e-07
2318             -1.24893841e-02 1.79913437e-04 -1.21896501e-04 -1.24897187e-02 1.73477264e-04 -1.21574037e-04 3.34591175e-07 6.43617281e-06 -3.22464833e-07
2319             -1.24895386e-02 1.79939386e-04 -1.21895924e-04 -1.24898738e-02 1.73501329e-04 -1.21574338e-04 3.35232654e-07 6.43805669e-06 -3.21586222e-07
2320             -1.24894691e-02 1.79968841e-04 -1.21866455e-04 -1.24898021e-02 1.73530460e-04 -1.21545369e-04 3.33058269e-07 6.43838091e-06 -3.21086602e-07
2321             -1.24891795e-02 1.79998210e-04 -1.21857859e-04 -1.24895131e-02 1.73559088e-04 -1.21537609e-04 3.33558744e-07 6.43912113e-06 -3.20250438e-07
2322             -1.24886811e-02 1.80025716e-04 -1.21822411e-04 -1.24890126e-02 1.73587432e-04 -1.21502552e-04 3.31447920e-07 6.43828415e-06 -3.19859688e-07
2323             -1.24880216e-02 1.80050758e-04 -1.21809687e-04 -1.24883538e-02 1.73612868e-04 -1.21490491e-04 3.32189642e-07 6.43788985e-06 -3.19195206e-07
2324             -1.24871897e-02 1.80071442e-04 -1.21772869e-04 -1.24875201e-02 1.73635450e-04 -1.21453834e-04 3.30440277e-07 6.43599183e-06 -3.19035132e-07
2325             -1.24862276e-02 1.80086771e-04 -1.21762962e-04 -1.24865592e-02 1.73652002e-04 -1.21444303e-04 3.31631242e-07 6.43476841e-06 -3.18659255e-07
2326             -1.24851691e-02 1.80096204e-04 -1.21732859e-04 -1.24854994e-02 1.73663723e-04 -1.21414016e-04 3.30382217e-07 6.43248108e-06 -3.18843478e-07
2327             -1.24841203e-02 1.80101619e-04 -1.21733004e-04 -1.24844523e-02 1.73670188e-04 -1.21414146e-04 3.32080903e-07 6.43143096e-06 -3.18857364e-07
2328             -1.24831747e-02 1.80105661e-04 -1.21715146e-04 -1.24835060e-02 1.73675811e-04 -1.21395702e-04 3.31271453e-07 6.42984968e-06 -3.19443862e-07
2329             -1.24824229e-02 1.80113831e-04 -1.21728211e-04 -1.24827562e-02 1.73683983e-04 -1.21408377e-04 3.33271833e-07 6.42984832e-06 -3.19834092e-07
2330             -1.24818464e-02 1.80130583e-04 -1.21721072e-04 -1.24821790e-02 1.73701216e-04 -1.21400344e-04 3.32598341e-07 6.42936704e-06 -3.20728287e-07
2331             -1.24814471e-02 1.80157183e-04 -1.21740679e-04 -1.24817817e-02 1.73726962e-04 -1.21419355e-04 3.34604643e-07 6.43022162e-06 -3.21324309e-07
2332             -1.24812018e-02 1.80189796e-04 -1.21736072e-04 -1.24815356e-02 1.73759625e-04 -1.21413762e-04 3.33858507e-07 6.43017135e-06 -3.22309728e-07
2333             -1.24811336e-02 1.80221552e-04 -1.21756435e-04 -1.24814694e-02 1.73790526e-04 -1.21433538e-04 3.35750642e-07 6.43102655e-06 -3.22897079e-07
2334             -1.24812621e-02 1.80242940e-04 -1.21753831e-04 -1.24815970e-02 1.73812267e-04 -1.21430045e-04 3.34861350e-07 6.43067374e-06 -3.23785969e-07
2335             -1.24815906e-02 1.80248746e-04 -1.21777996e-04 -1.24819272e-02 1.73817628e-04 -1.21453789e-04 3.36579157e-07 6.43111733e-06 -3.24207430e-07
2336             -1.24820619e-02 1.80238831e-04 -1.21779099e-04 -1.24823974e-02 1.73808442e-04 -1.21454225e-04 3.35519678e-07 6.43038934e-06 -3.24874462e-07
2337             -1.24827031e-02 1.80214312e-04 -1.21805483e-04 -1.24830402e-02 1.73783787e-04 -1.21480460e-04 3.37086954e-07 6.43052480e-06 -3.25023753e-07
2338             -1.24834653e-02 1.80176398e-04 -1.21808733e-04 -1.24838012e-02 1.73746831e-04 -1.21483346e-04 3.35897845e-07 6.42956694e-06 -3.25387106e-07
2339             -1.24843672e-02 1.80126423e-04 -1.21837948e-04 -1.24847045e-02 1.73696773e-04 -1.21512732e-04 3.37332739e-07 6.42965045e-06 -3.25215203e-07
2340             -1.24853920e-02 1.80065405e-04 -1.21845427e-04 -1.24857280e-02 1.73636445e-04 -1.21520164e-04 3.36001316e-07 6.42895961e-06 -3.25262498e-07
2341             -1.24864436e-02 1.80002128e-04 -1.21877604e-04 -1.24867809e-02 1.73572427e-04 -1.21552816e-04 3.37283628e-07 6.42970070e-06 -3.24787937e-07
2342             -1.24874004e-02 1.79946542e-04 -1.21883823e-04 -1.24877362e-02 1.73516527e-04 -1.21559257e-04 3.35805968e-07 6.43001419e-06 -3.24565096e-07
2343             -1.24881937e-02 1.79909753e-04 -1.21909055e-04 -1.24885306e-02 1.73477846e-04 -1.21585186e-04 3.36958513e-07 6.43190630e-06 -3.23868565e-07
2344             -1.24887897e-02 1.79895529e-04 -1.21903183e-04 -1.24891251e-02 1.73462329e-04 -1.21579708e-04 3.35327612e-07 6.43320089e-06 -3.23475147e-07
2345             -1.24892173e-02 1.79903191e-04 -1.21913134e-04 -1.24895535e-02 1.73467585e-04 -1.21590485e-04 3.36243677e-07 6.43560588e-06 -3.22648557e-07
2346             -1.24894618e-02 1.79925367e-04 -1.21891725e-04 -1.24897961e-02 1.73488587e-04 -1.21569559e-04 3.34285963e-07 6.43677968e-06 -3.22166308e-07
2347             -1.24895277e-02 1.79954531e-04 -1.21888748e-04 -1.24898626e-02 1.73516054e-04 -1.21567457e-04 3.34858696e-07 6.43847707e-06 -3.21291436e-07
2348             -1.24893571e-02 1.79984692e-04 -1.21857703e-04 -1.24896897e-02 1.73546103e-04 -1.21536890e-04 3.32657193e-07 6.43858836e-06 -3.20813243e-07
2349             -1.24889829e-02 1.80013539e-04 -1.21848055e-04 -1.24893160e-02 1.73574430e-04 -1.21528046e-04 3.33179011e-07 6.43910855e-06 -3.20008935e-07
2350             -1.24884040e-02 1.80040517e-04 -1.21811739e-04 -1.24887351e-02 1.73602460e-04 -1.21492076e-04 3.31129813e-07 6.43805646e-06 -3.19663213e-07
2351             -1.24876759e-02 1.80063929e-04 -1.21798945e-04 -1.24880079e-02 1.73626466e-04 -1.21479889e-04 3.31961658e-07 6.43746321e-06 -3.19055859e-07
2352             -1.24867845e-02 1.80082032e-04 -1.21762987e-04 -1.24871148e-02 1.73646609e-04 -1.21444023e-04 3.30321353e-07 6.43542333e-06 -3.18964022e-07
2353             -1.24857755e-02 1.80094492e-04 -1.21754818e-04 -1.24861071e-02 1.73660333e-04 -1.21436151e-04 3.31633757e-07 6.43415885e-06 -3.18667337e-07
2354             -1.24846981e-02 1.80101650e-04 -1.21726966e-04 -1.24850286e-02 1.73669695e-04 -1.21408028e-04 3.30506634e-07 6.43195480e-06 -3.18938487e-07
2355             -1.24836777e-02 1.80105972e-04 -1.21729880e-04 -1.24840100e-02 1.73674879e-04 -1.21410839e-04 3.32308589e-07 6.43109341e-06 -3.19040587e-07
2356             -1.24828052e-02 1.80110718e-04 -1.21714800e-04 -1.24831368e-02 1.73680963e-04 -1.21395095e-04 3.31564118e-07 6.42975461e-06 -3.19705633e-07
2357             -1.24821353e-02 1.80121964e-04 -1.21729921e-04 -1.24824689e-02 1.73691988e-04 -1.21409765e-04 3.33588405e-07 6.42997661e-06 -3.20155934e-07
2358             -1.24816398e-02 1.80142185e-04 -1.21723956e-04 -1.24819727e-02 1.73712547e-04 -1.21402870e-04 3.32908722e-07 6.42963814e-06 -3.21085886e-07
2359             -1.24813137e-02 1.80171267e-04 -1.21743896e-04 -1.24816486e-02 1.73740743e-04 -1.21422204e-04 3.34894412e-07 6.43052385e-06 -3.21691718e-07
2360             -1.24811337e-02 1.80203356e-04 -1.21739539e-04 -1.24814678e-02 1.73772953e-04 -1.21416869e-04 3.34122943e-07 6.43040210e-06 -3.22669761e-07
2361             -1.24811516e-02 1.80231091e-04 -1.21760407e-04 -1.24814876e-02 1.73799978e-04 -1.21437184e-04 3.35984929e-07 6.43111282e-06 -3.23222422e-07
2362             -1.24813712e-02 1.80245613e-04 -1.21758630e-04 -1.24817063e-02 1.73815009e-04 -1.21434565e-04 3.35056004e-07 6.43060341e-06 -3.24064676e-07
2363             -1.24817799e-02 1.80243675e-04 -1.21783440e-04 -1.24821166e-02 1.73812768e-04 -1.21459013e-04 3.36737695e-07 6.43090692e-06 -3.24427295e-07
2364             -1.24823344e-02 1.80225768e-04 -1.21785199e-04 -1.24826700e-02 1.73795706e-04 -1.21460172e-04 3.35641585e-07 6.43006227e-06 -3.25026860e-07
2365             -1.24830336e-02 1.80194358e-04 -1.21812181e-04 -1.24833708e-02 1.73764248e-04 -1.21487079e-04 3.37179521e-07 6.43011007e-06 -3.25101689e-07
2366             -1.24838478e-02 1.80150521e-04 -1.21816348e-04 -1.24841838e-02 1.73721391e-04 -1.21490958e-04 3.35963548e-07 6.42913016e-06 -3.25389983e-07
2367             -1.24847949e-02 1.80096240e-04 -1.21846490e-04 -1.24851323e-02 1.73666955e-04 -1.21521344e-04 3.37368843e-07 6.42928483e-06 -3.25146043e-07
2368             -1.24858159e-02 1.80034674e-04 -1.21854118e-04 -1.24861519e-02 1.73605907e-04 -1.21528989e-04 3.36006327e-07 6.42876676e-06 -3.25128793e-07
2369             -1.24868479e-02 1.79974289e-04 -1.21885751e-04 -1.24871851e-02 1.73544525e-04 -1.21561150e-04 3.37252807e-07 6.42976386e-06 -3.24601646e-07
2370             -1.24877520e-02 1.79926182e-04 -1.21890246e-04 -1.24880877e-02 1.73495820e-04 -1.21565907e-04 3.35731158e-07 6.43036268e-06 -3.24339182e-07
2371             -1.24884729e-02 1.79899560e-04 -1.21912768e-04 -1.24888097e-02 1.73467068e-04 -1.21589153e-04 3.36824900e-07 6.43249229e-06 -3.23614421e-07
2372             -1.24889862e-02 1.79895772e-04 -1.21903492e-04 -1.24893213e-02 1.73461859e-04 -1.21580289e-04 3.35121592e-07 6.43391255e-06 -3.23202407e-07
2373             -1.24893220e-02 1.79911687e-04 -1.21910222e-04 -1.24896580e-02 1.73475387e-04 -1.21587851e-04 3.35961666e-07 6.43630038e-06 -3.22370986e-07
2374             -1.24894903e-02 1.79938555e-04 -1.21886121e-04 -1.24898242e-02 1.73501215e-04 -1.21564235e-04 3.33936762e-07 6.43734038e-06 -3.21886526e-07
2375             -1.24894621e-02 1.79969974e-04 -1.21880916e-04 -1.24897966e-02 1.73531136e-04 -1.21559894e-04 3.34471865e-07 6.43883868e-06 -3.21021897e-07
2376             -1.24891976e-02 1.80000125e-04 -1.21848410e-04 -1.24895298e-02 1.73561386e-04 -1.21527839e-04 3.32274767e-07 6.43873906e-06 -3.20570551e-07
2377             -1.24887349e-02 1.80028141e-04 -1.21837809e-04 -1.24890677e-02 1.73589085e-04 -1.21518001e-04 3.32846969e-07 6.43905652e-06 -3.19808095e-07
2378             -1.24880918e-02 1.80052816e-04 -1.21801450e-04 -1.24884227e-02 1.73615012e-04 -1.21481936e-04 3.30885256e-07 6.43780381e-06 -3.19514578e-07
2379             -1.24873032e-02 1.80073795e-04 -1.21789306e-04 -1.24876350e-02 1.73636760e-04 -1.21470340e-04 3.31816528e-07 6.43703527e-06 -3.18966832e-07
2380             -1.24863536e-02 1.80089786e-04 -1.21754483e-04 -1.24866839e-02 1.73654889e-04 -1.21435538e-04 3.30290323e-07 6.43489701e-06 -3.18945311e-07
2381             -1.24853035e-02 1.80100622e-04 -1.21747982e-04 -1.24856352e-02 1.73666979e-04 -1.21429252e-04 3.31726770e-07 6.43364320e-06 -3.18729953e-07
2382             -1.24842285e-02 1.80106347e-04 -1.21722416e-04 -1.24845592e-02 1.73674783e-04 -1.21403328e-04 3.30715693e-07 6.43156380e-06 -3.19088558e-07
2383             -1.24832584e-02 1.80110250e-04 -1.21728122e-04 -1.24835910e-02 1.73679340e-04 -1.21408847e-04 3.32602612e-07 6.43091032e-06 -3.19275611e-07
2384             -1.24824688e-02 1.80116642e-04 -1.21715599e-04 -1.24828007e-02 1.73686840e-04 -1.21395587e-04 3.31897552e-07 6.42980191e-06 -3.20011204e-07
2385             -1.24818840e-02 1.80131505e-04 -1.21732411e-04 -1.24822179e-02 1.73701302e-04 -1.21411901e-04 3.33921582e-07 6.43020358e-06 -3.20509743e-07
2386             -1.24814637e-02 1.80155515e-04 -1.21727058e-04 -1.24817969e-02 1.73725570e-04 -1.21405596e-04 3.33218389e-07 6.42994535e-06 -3.21462193e-07
2387             -1.24812055e-02 1.80186555e-04 -1.21746945e-04 -1.24815406e-02 1.73755757e-04 -1.21424879e-04 3.35174078e-07 6.43079823e-06 -3.22065676e-07
2388             -1.24810953e-02 1.80217129e-04 -1.21742685e-04 -1.24814296e-02 1.73786571e-04 -1.21419663e-04 3.34370363e-07 6.43055822e-06 -3.23022435e-07
2389             -1.24812001e-02 1.80239191e-04 -1.21764210e-04 -1.24815363e-02 1.73808076e-04 -1.21440670e-04 3.36193485e-07 6.43111551e-06 -3.23539790e-07
2390             -1.24814971e-02 1.80246252e-04 -1.21763383e-04 -1.24818323e-02 1.73815792e-04 -1.21439052e-04 3.35231108e-07 6.43045985e-06 -3.24331221e-07
2391             -1.24819646e-02 1.80237521e-04 -1.21788642e-04 -1.24823014e-02 1.73806870e-04 -1.21464008e-04 3.36874380e-07 6.43065100e-06 -3.24634136e-07
2392             -1.24825889e-02 1.80212679e-04 -1.21791025e-04 -1.24829247e-02 1.73782962e-04 -1.21465856e-04 3.35746541e-07 6.42971757e-06 -3.25168801e-07
2393             -1.24833641e-02 1.80174462e-04 -1.21818932e-04 -1.24837014e-02 1.73744752e-04 -1.21493760e-04 3.37250030e-07 6.42971019e-06 -3.25171853e-07
2394             -1.24842461e-02 1.80124661e-04 -1.21824246e-04 -1.24845821e-02 1.73695917e-04 -1.21498859e-04 3.35996092e-07 6.42874352e-06 -3.25387015e-07
2395             -1.24852394e-02 1.80066464e-04 -1.21855276e-04 -1.24855767e-02 1.73637455e-04 -1.21530204e-04 3.37363678e-07 6.42900867e-06 -3.25072266e-07
2396             -1.24862828e-02 1.80003966e-04 -1.21863321e-04 -1.24866188e-02 1.73575265e-04 -1.21538330e-04 3.35968116e-07 6.42870162e-06 -3.24991290e-07
2397             -1.24872699e-02 1.79948309e-04 -1.21893998e-04 -1.24876071e-02 1.73518328e-04 -1.21569588e-04 3.37190326e-07 6.42998109e-06 -3.24409995e-07
2398             -1.24880872e-02 1.79909492e-04 -1.21896140e-04 -1.24884229e-02 1.73478630e-04 -1.21572033e-04 3.35647363e-07 6.43086230e-06 -3.24106610e-07
2399             -1.24887192e-02 1.79893735e-04 -1.21915444e-04 -1.24890559e-02 1.73460545e-04 -1.21592090e-04 3.36706243e-07 6.43319027e-06 -3.23353333e-07
2400             -1.24891539e-02 1.79899480e-04 -1.21902646e-04 -1.24894889e-02 1.73464812e-04 -1.21579724e-04 3.34939640e-07 6.43466815e-06 -3.22922077e-07
2401             -1.24894176e-02 1.79921735e-04 -1.21906160e-04 -1.24897533e-02 1.73484767e-04 -1.21584080e-04 3.35696432e-07 6.43696797e-06 -3.22079698e-07
2402             -1.24895071e-02 1.79951335e-04 -1.21879648e-04 -1.24898407e-02 1.73513523e-04 -1.21558054e-04 3.33597217e-07 6.43781217e-06 -3.21593942e-07
2403             -1.24893803e-02 1.79982995e-04 -1.21872960e-04 -1.24897144e-02 1.73543919e-04 -1.21552213e-04 3.34097460e-07 6.43907582e-06 -3.20747004e-07
2404             -1.24890326e-02 1.80012275e-04 -1.21839227e-04 -1.24893645e-02 1.73573550e-04 -1.21518909e-04 3.31914793e-07 6.43872518e-06 -3.20317179e-07
2405             -1.24884839e-02 1.80039537e-04 -1.21827537e-04 -1.24888165e-02 1.73600730e-04 -1.21507943e-04 3.32543660e-07 6.43880721e-06 -3.19593734e-07
2406             -1.24877648e-02 1.80062523e-04 -1.21790833e-04 -1.24880955e-02 1.73625193e-04 -1.21471481e-04 3.30665297e-07 6.43732994e-06 -3.19352687e-07
2407             -1.24868988e-02 1.80081288e-04 -1.21779318e-04 -1.24872305e-02 1.73644902e-04 -1.21460448e-04 3.31700217e-07 6.43638676e-06 -3.18870193e-07
2408             -1.24858998e-02 1.80094381e-04 -1.21746166e-04 -1.24862301e-02 1.73660207e-04 -1.21427240e-04 3.30288097e-07 6.43417446e-06 -3.18926350e-07
2409             -1.24848315e-02 1.80102930e-04 -1.21741954e-04 -1.24851633e-02 1.73669954e-04 -1.21423157e-04 3.31835641e-07 6.43297557e-06 -3.18797335e-07
2410             -1.24837852e-02 1.80107529e-04 -1.21719123e-04 -1.24841161e-02 1.73676461e-04 -1.21399879e-04 3.30916612e-07 6.43106815e-06 -3.19243872e-07
2411             -1.24828836e-02 1.80112275e-04 -1.21727589e-04 -1.24832164e-02 1.73681619e-04 -1.21408078e-04 3.32862531e-07 6.43065546e-06 -3.19511513e-07
2412             -1.24821771e-02 1.80121890e-04 -1.21717182e-04 -1.24825093e-02 1.73692105e-04 -1.21396871e-04 3.32179112e-07 6.42978550e-06 -3.20310505e-07
2413             -1.24816748e-02 1.80140754e-04 -1.21735262e-04 -1.24820090e-02 1.73710398e-04 -1.21414412e-04 3.34195007e-07 6.43035650e-06 -3.20849297e-07
2414             -1.24813283e-02 1.80168032e-04 -1.21730355e-04 -1.24816618e-02 1.73737867e-04 -1.21408538e-04 3.33467129e-07 6.43016455e-06 -3.21816503e-07
2415             -1.24811385e-02 1.80199909e-04 -1.21750207e-04 -1.24814739e-02 1.73768929e-04 -1.21427797e-04 3.35391577e-07 6.43097981e-06 -3.22410860e-07
2416             -1.24811136e-02 1.80227466e-04 -1.21746279e-04 -1.24814482e-02 1.73796829e-04 -1.21422942e-04 3.34554066e-07 6.43063777e-06 -3.23336962e-07
2417             -1.24813067e-02 1.80242901e-04 -1.21768843e-04 -1.24816431e-02 1.73811820e-04 -1.21445031e-04 3.36340896e-07 6.43108097e-06 -3.23812024e-07
2418             -1.24816914e-02 1.80241907e-04 -1.21769141e-04 -1.24820268e-02 1.73811579e-04 -1.21444591e-04 3.35336337e-07 6.43032846e-06 -3.24549138e-07
2419             -1.24822435e-02 1.80225793e-04 -1.21795147e-04 -1.24825804e-02 1.73795353e-04 -1.21470363e-04 3.36945766e-07 6.43044019e-06 -3.24784552e-07
2420             -1.24829274e-02 1.80195117e-04 -1.21797895e-04 -1.24832632e-02 1.73765667e-04 -1.21472650e-04 3.35788091e-07 6.42945019e-06 -3.25244295e-07
2421             -1.24837341e-02 1.80152588e-04 -1.21825984e-04 -1.24840713e-02 1.73723150e-04 -1.21500811e-04 3.37266792e-07 6.42943819e-06 -3.25173209e-07
2422             -1.24846577e-02 1.80098510e-04 -1.21832052e-04 -1.24849937e-02 1.73669960e-04 -1.21506731e-04 3.35997542e-07 6.42854915e-06 -3.25320885e-07
2423             -1.24856817e-02 1.80037722e-04 -1.21863787e-04 -1.24860190e-02 1.73608736e-04 -1.21538843e-04 3.37341003e-07 6.42898508e-06 -3.24943950e-07
2424             -1.24866941e-02 1.79977511e-04 -1.21871482e-04 -1.24870300e-02 1.73548583e-04 -1.21546673e-04 3.35915514e-07 6.42892793e-06 -3.24809542e-07
2425             -1.24876258e-02 1.79928845e-04 -1.21900573e-04 -1.24879630e-02 1.73498359e-04 -1.21576385e-04 3.37103825e-07 6.43048681e-06 -3.24187588e-07
2426             -1.24883735e-02 1.79899946e-04 -1.21900025e-04 -1.24887091e-02 1.73468346e-04 -1.21576169e-04 3.35518780e-07 6.43159950e-06 -3.23855715e-07
2427             -1.24889256e-02 1.79894541e-04 -1.21915874e-04 -1.24892621e-02 1.73460494e-04 -1.21592791e-04 3.36522585e-07 6.43404695e-06 -3.23083364e-07
2428             -1.24892770e-02 1.79908621e-04 -1.21899597e-04 -1.24896117e-02 1.73473118e-04 -1.21576956e-04 3.34693648e-07 6.43550224e-06 -3.22641219e-07
2429             -1.24894625e-02 1.79935333e-04 -1.21900437e-04 -1.24897979e-02 1.73497680e-04 -1.21578641e-04 3.35394189e-07 6.43765242e-06 -3.21796052e-07
2430             -1.24894551e-02 1.79966733e-04 -1.21871857e-04 -1.24897883e-02 1.73528460e-04 -1.21550539e-04 3.33263656e-07 6.43827286e-06 -3.21317985e-07
2431             -1.24892322e-02 1.79998185e-04 -1.21863788e-04 -1.24895660e-02 1.73558888e-04 -1.21543294e-04 3.33771810e-07 6.43929614e-06 -3.20493600e-07
2432             -1.24887950e-02 1.80026539e-04 -1.21829136e-04 -1.24891266e-02 1.73587819e-04 -1.21509032e-04 3.31638755e-07 6.43871972e-06 -3.20104508e-07
2433             -1.24881713e-02 1.80052638e-04 -1.21816964e-04 -1.24885036e-02 1.73614068e-04 -1.21497534e-04 3.32346487e-07 6.43856972e-06 -3.19429772e-07
2434             -1.24873916e-02 1.80073660e-04 -1.21780555e-04 -1.24877222e-02 1.73636772e-04 -1.21461307e-04 3.30563116e-07 6.43688775e-06 -3.19247587e-07
2435             -1.24864695e-02 1.80090320e-04 -1.21770123e-04 -1.24868012e-02 1.73654506e-04 -1.21451289e-04 3.31701620e-07 6.43581409e-06 -3.18834809e-07
2436             -1.24854313e-02 1.80101390e-04 -1.21738712e-04 -1.24857617e-02 1.73667809e-04 -1.21419742e-04 3.30395554e-07 6.43358102e-06 -3.18970772e-07
2437             -1.24843618e-02 1.80108355e-04 -1.21736841e-04 -1.24846939e-02 1.73675875e-04 -1.21417913e-04 3.32041375e-07 6.43248025e-06 -3.18928240e-07
2438             -1.24833600e-02 1.80112789e-04 -1.21716679e-04 -1.24836912e-02 1.73682027e-04 -1.21397220e-04 3.31194126e-07 6.43076223e-06 -3.19458605e-07
2439             -1.24825407e-02 1.80119440e-04 -1.21727663e-04 -1.24828738e-02 1.73688869e-04 -1.21407865e-04 3.33172146e-07 6.43057095e-06 -3.19797873e-07
2440             -1.24819175e-02 1.80132988e-04 -1.21718941e-04 -1.24822500e-02 1.73703107e-04 -1.21398295e-04 3.32483652e-07 6.42988110e-06 -3.20646618e-07
2441             -1.24814929e-02 1.80155647e-04 -1.21737784e-04 -1.24818273e-02 1.73725107e-04 -1.21416574e-04 3.34473110e-07 6.43054038e-06 -3.21210356e-07
2442             -1.24812130e-02 1.80184852e-04 -1.21732943e-04 -1.24815468e-02 1.73754523e-04 -1.21410766e-04 3.33713276e-07 6.43032915e-06 -3.22177728e-07
2443             -1.24810896e-02 1.80215010e-04 -1.21753002e-04 -1.24814252e-02 1.73783968e-04 -1.21430247e-04 3.35606374e-07 6.43104175e-06 -3.22754865e-07
2444             -1.24811585e-02 1.80237074e-04 -1.21749775e-04 -1.24814932e-02 1.73806523e-04 -1.21426135e-04 3.34734451e-07 6.43055149e-06 -3.23640475e-07
2445             -1.24814388e-02 1.80245130e-04 -1.21773197e-04 -1.24817753e-02 1.73814275e-04 -1.21449132e-04 3.36481461e-07 6.43085514e-06 -3.24064333e-07
2446             -1.24818938e-02 1.80236004e-04 -1.21774318e-04 -1.24822293e-02 1.73806002e-04 -1.21449574e-04 3.35445298e-07 6.43000171e-06 -3.24744304e-07
2447             -1.24825104e-02 1.80211930e-04 -1.21801068e-04 -1.24828474e-02 1.73781893e-04 -1.21476155e-04 3.37030066e-07 6.43003669e-06 -3.24913269e-07
2448             -1.24832554e-02 1.80174250e-04 -1.21804700e-04 -1.24835912e-02 1.73745250e-04 -1.21479399e-04 3.35852511e-07 6.42900047e-06 -3.25301244e-07
2449             -1.24841258e-02 1.80125777e-04 -1.21833866e-04 -1.24844631e-02 1.73696771e-04 -1.21508709e-04 3.37307633e-07 6.42900566e-06 -3.25156946e-07
2450             -1.24851008e-02 1.80067592e-04 -1.21840897e-04 -1.24854369e-02 1.73639366e-04 -1.21515662e-04 3.36009335e-07 6.42822624e-06 -3.25234927e-07
2451             -1.24861328e-02 1.80006014e-04 -1.21872895e-04 -1.24864701e-02 1.73577143e-04 -1.21548100e-04 3.37322958e-07 6.42887049e-06 -3.24795443e-07
2452             -1.24871283e-02 1.79948856e-04 -1.21880067e-04 -1.24874641e-02 1.73519761e-04 -1.21555457e-04 3.35869300e-07 6.42909520e-06 -3.24609971e-07
2453             -1.24879836e-02 1.79908519e-04 -1.21907046e-04 -1.24883206e-02 1.73477576e-04 -1.21583098e-04 3.37029435e-07 6.43094320e-06 -3.23948203e-07
2454             -1.24886390e-02 1.79890286e-04 -1.21903377e-04 -1.24889744e-02 1.73458017e-04 -1.21579789e-04 3.35406323e-07 6.43226906e-06 -3.23588260e-07
2455             -1.24891025e-02 1.79894945e-04 -1.21915647e-04 -1.24894389e-02 1.73460150e-04 -1.21592849e-04 3.36352466e-07 6.43479529e-06 -3.22798268e-07
2456             -1.24893755e-02 1.79916241e-04 -1.21896012e-04 -1.24897099e-02 1.73480057e-04 -1.21573665e-04 3.34447418e-07 6.43618360e-06 -3.22347111e-07
2457             -1.24894914e-02 1.79946545e-04 -1.21894121e-04 -1.24898264e-02 1.73508391e-04 -1.21572625e-04 3.35072647e-07 6.43815423e-06 -3.21496356e-07
2458             -1.24893929e-02 1.79978708e-04 -1.21863748e-04 -1.24897258e-02 1.73540163e-04 -1.21542715e-04 3.32896583e-07 6.43854503e-06 -3.21032278e-07
2459             -1.24890810e-02 1.80009027e-04 -1.21854807e-04 -1.24894145e-02 1.73569689e-04 -1.21534572e-04 3.33407959e-07 6.43933763e-06 -3.20235453e-07
2460             -1.24885535e-02 1.80036737e-04 -1.21819378e-04 -1.24888848e-02 1.73598193e-04 -1.21499492e-04 3.31325417e-07 6.43854418e-06 -3.19886060e-07
2461             -1.24878541e-02 1.80062035e-04 -1.21806894e-04 -1.24881862e-02 1.73623844e-04 -1.21487631e-04 3.32115232e-07 6.43819075e-06 -3.19262745e-07
2462             -1.24870170e-02 1.80081560e-04 -1.21770983e-04 -1.24873474e-02 1.73645213e-04 -1.21451840e-04 3.30428200e-07 6.43634738e-06 -3.19143111e-07
2463             -1.24860458e-02 1.80096340e-04 -1.21761856e-04 -1.24863775e-02 1.73661135e-04 -1.21443051e-04 3.31669769e-07 6.43520476e-06 -3.18805028e-07
2464             -1.24849937e-02 1.80105414e-04 -1.21732598e-04 -1.24853242e-02 1.73672392e-04 -1.21413574e-04 3.30469833e-07 6.43302216e-06 -3.19024545e-07
2465             -1.24839385e-02 1.80111588e-04 -1.21733295e-04 -1.24842707e-02 1.73679502e-04 -1.21414227e-04 3.32203594e-07 6.43208597e-06 -3.19067706e-07
2466             -1.24829915e-02 1.80117053e-04 -1.21715744e-04 -1.24833229e-02 1.73686448e-04 -1.21396066e-04 3.31418856e-07 6.43060473e-06 -3.19677577e-07
2467             -1.24822529e-02 1.80126972e-04 -1.21728844e-04 -1.24825863e-02 1.73696319e-04 -1.21408763e-04 3.33425999e-07 6.43065371e-06 -3.20080434e-07
2468             -1.24817175e-02 1.80144550e-04 -1.21721449e-04 -1.24820502e-02 1.73714410e-04 -1.21400479e-04 3.32733025e-07 6.43013993e-06 -3.20969402e-07
2469             -1.24813693e-02 1.80170596e-04 -1.21740779e-04 -1.24817040e-02 1.73739722e-04 -1.21419231e-04 3.34698380e-07 6.43087436e-06 -3.21548357e-07
2470             -1.24811569e-02 1.80200661e-04 -1.21735998e-04 -1.24814908e-02 1.73770025e-04 -1.21413490e-04 3.33907307e-07 6.43063529e-06 -3.22508202e-07
2471             -1.24811152e-02 1.80228231e-04 -1.21756287e-04 -1.24814510e-02 1.73796981e-04 -1.21433232e-04 3.35769521e-07 6.43124992e-06 -3.23054940e-07
2472             -1.24812703e-02 1.80243669e-04 -1.21754108e-04 -1.24816052e-02 1.73813023e-04 -1.21430204e-04 3.34867223e-07 6.43064602e-06 -3.23903675e-07
2473             -1.24816360e-02 1.80243297e-04 -1.21778712e-04 -1.24819726e-02 1.73812446e-04 -1.21454438e-04 3.36587084e-07 6.43085008e-06 -3.24273850e-07
2474             -1.24821626e-02 1.80227132e-04 -1.21780430e-04 -1.24824981e-02 1.73797216e-04 -1.21455541e-04 3.35523098e-07 6.42991609e-06 -3.24888854e-07
2475             -1.24828403e-02 1.80197197e-04 -1.21807497e-04 -1.24831774e-02 1.73767308e-04 -1.21482509e-04 3.37085103e-07 6.42988897e-06 -3.24987547e-07
2476             -1.24836223e-02 1.80154785e-04 -1.21811563e-04 -1.24839582e-02 1.73725952e-04 -1.21486259e-04 3.35894813e-07 6.42883295e-06 -3.25304683e-07
2477             -1.24845403e-02 1.80101467e-04 -1.21841640e-04 -1.24848777e-02 1.73672572e-04 -1.21516547e-04 3.37335067e-07 6.42889528e-06 -3.25092837e-07
2478             -1.24855525e-02 1.80040075e-04 -1.21849449e-04 -1.24858886e-02 1.73611812e-04 -1.21524341e-04 3.36013416e-07 6.42826372e-06 -3.25108170e-07
2479             -1.24865802e-02 1.79979384e-04 -1.21881375e-04 -1.24869175e-02 1.73550249e-04 -1.21556762e-04 3.37297177e-07 6.42913542e-06 -3.24613202e-07
2480             -1.24875228e-02 1.79928551e-04 -1.21887079e-04 -1.24878586e-02 1.73498927e-04 -1.21562695e-04 3.35814378e-07 6.42962380e-06 -3.24383369e-07
2481             -1.24882985e-02 1.79897949e-04 -1.21911420e-04 -1.24886354e-02 1.73466251e-04 -1.21587730e-04 3.36943186e-07 6.43169799e-06 -3.23689518e-07
2482             -1.24888664e-02 1.79890278e-04 -1.21904313e-04 -1.24892017e-02 1.73457131e-04 -1.21581005e-04 3.35276925e-07 6.43314701e-06 -3.23308039e-07
2483             -1.24892479e-02 1.79903619e-04 -1.21913076e-04 -1.24895841e-02 1.73467964e-04 -1.21590571e-04 3.36163255e-07 6.43565515e-06 -3.22505133e-07
2484             -1.24894461e-02 1.79929995e-04 -1.21890538e-04 -1.24897803e-02 1.73493103e-04 -1.21568490e-04 3.34190497e-07 6.43689262e-06 -3.22048557e-07
2485             -1.24894722e-02 1.79962523e-04 -1.21886403e-04 -1.24898070e-02 1.73523894e-04 -1.21565201e-04 3.34764401e-07 6.43862919e-06 -3.21202498e-07
2486             -1.24892740e-02 1.79994690e-04 -1.21854572e-04 -1.24896066e-02 1.73555922e-04 -1.21533812e-04 3.32574674e-07 6.43876737e-06 -3.20760108e-07
2487             -1.24888769e-02 1.80024315e-04 -1.21844619e-04 -1.24892100e-02 1.73585007e-04 -1.21524623e-04 3.33116086e-07 6.43930763e-06 -3.19995954e-07
2488             -1.24882721e-02 1.80051269e-04 -1.21808454e-04 -1.24886032e-02 1.73613001e-04 -1.21488763e-04 3.31095180e-07 6.43826816e-06 -3.19690777e-07
2489             -1.24875190e-02 1.80074278e-04 -1.21796205e-04 -1.24878509e-02 1.73636583e-04 -1.21477082e-04 3.31964863e-07 6.43769506e-06 -3.19123222e-07
2490             -1.24866065e-02 1.80092368e-04 -1.21760901e-04 -1.24869369e-02 1.73656665e-04 -1.21441831e-04 3.30367304e-07 6.43570213e-06 -3.19070186e-07
2491             -1.24855877e-02 1.80105175e-04 -1.21753428e-04 -1.24859194e-02 1.73670656e-04 -1.21434616e-04 3.31719211e-07 6.43451952e-06 -3.18811629e-07
2492             -1.24845093e-02 1.80113060e-04 -1.21726237e-04 -1.24848400e-02 1.73680638e-04 -1.21407119e-04 3.30619810e-07 6.43242167e-06 -3.19117743e-07
2493             -1.24834912e-02 1.80118684e-04 -1.21729704e-04 -1.24838236e-02 1.73687011e-04 -1.21410454e-04 3.32433819e-07 6.43167318e-06 -3.19249373e-07
2494             -1.24826300e-02 1.80125281e-04 -1.21714908e-04 -1.24829617e-02 1.73694857e-04 -1.21394973e-04 3.31683416e-07 6.43042344e-06 -3.19935616e-07
2495             -1.24819831e-02 1.80138405e-04 -1.21730006e-04 -1.24823167e-02 1.73707732e-04 -1.21409612e-04 3.33684390e-07 6.43067246e-06 -3.20394556e-07
2496             -1.24815300e-02 1.80159352e-04 -1.21723601e-04 -1.24818629e-02 1.73729080e-04 -1.21402287e-04 3.32965741e-07 6.43027179e-06 -3.21313790e-07
2497             -1.24812476e-02 1.80187388e-04 -1.21743075e-04 -1.24815825e-02 1.73756377e-04 -1.21421177e-04 3.34906873e-07 6.43101010e-06 -3.21898067e-07
2498             -1.24810993e-02 1.80216142e-04 -1.21738436e-04 -1.24814334e-02 1.73785461e-04 -1.21415594e-04 3.34099306e-07 6.43068143e-06 -3.22841901e-07
2499             -1.24811399e-02 1.80237836e-04 -1.21759621e-04 -1.24814758e-02 1.73806675e-04 -1.21436262e-04 3.35945779e-07 6.43116073e-06 -3.23358538e-07
2500             -1.24813862e-02 1.80245292e-04 -1.21758526e-04 -1.24817213e-02 1.73814872e-04 -1.21434372e-04 3.35022514e-07 6.43042012e-06 -3.24154662e-07
2501             -1.24818274e-02 1.80236801e-04 -1.21783978e-04 -1.24821641e-02 1.73806283e-04 -1.21459509e-04 3.36717952e-07 6.43051752e-06 -3.24468376e-07
2502             -1.24824216e-02 1.80212828e-04 -1.21786470e-04 -1.24827573e-02 1.73783330e-04 -1.21461451e-04 3.35632895e-07 6.42949793e-06 -3.25019309e-07
2503             -1.24831386e-02 1.80176557e-04 -1.21814040e-04 -1.24834758e-02 1.73747142e-04 -1.21488991e-04 3.37177431e-07 6.42941587e-06 -3.25048875e-07
2504             -1.24839839e-02 1.80127581e-04 -1.21819211e-04 -1.24843198e-02 1.73699213e-04 -1.21493914e-04 3.35974054e-07 6.42836825e-06 -3.25297808e-07
2505             -1.24849611e-02 1.80069198e-04 -1.21850455e-04 -1.24852985e-02 1.73640669e-04 -1.21525436e-04 3.37388438e-07 6.42852875e-06 -3.25018858e-07
2506             -1.24859938e-02 1.80006201e-04 -1.21858807e-04 -1.24863299e-02 1.73578106e-04 -1.21533834e-04 3.36029371e-07 6.42809596e-06 -3.24973695e-07
2507             -1.24869936e-02 1.79948933e-04 -1.21890172e-04 -1.24873309e-02 1.73519687e-04 -1.21565743e-04 3.37275753e-07 6.42924595e-06 -3.24428828e-07
2508             -1.24878641e-02 1.79906772e-04 -1.21893818e-04 -1.24881999e-02 1.73476742e-04 -1.21569657e-04 3.35759836e-07 6.43003002e-06 -3.24161620e-07
2509             -1.24885567e-02 1.79887100e-04 -1.21915125e-04 -1.24888935e-02 1.73454766e-04 -1.21591682e-04 3.36847478e-07 6.43233389e-06 -3.23442392e-07
2510             -1.24890426e-02 1.79889806e-04 -1.21904483e-04 -1.24893777e-02 1.73455918e-04 -1.21581438e-04 3.35120398e-07 6.43388780e-06 -3.23044825e-07
2511             -1.24893443e-02 1.79910913e-04 -1.21909880e-04 -1.24896802e-02 1.73474553e-04 -1.21587645e-04 3.35927898e-07 6.43636012e-06 -3.22234101e-07
2512             -1.24894681e-02 1.79941208e-04 -1.21884845e-04 -1.24898020e-02 1.73503756e-04 -1.21563066e-04 3.33877717e-07 6.43745201e-06 -3.21778909e-07
2513             -1.24894061e-02 1.79975187e-04 -1.21878903e-04 -1.24897405e-02 1.73536196e-04 -1.21557957e-04 3.34403127e-07 6.43899112e-06 -3.20945750e-07
2514             -1.24891218e-02 1.80007241e-04 -1.21845901e-04 -1.24894540e-02 1.73568312e-04 -1.21525371e-04 3.32208641e-07 6.43892920e-06 -3.20530046e-07
2515             -1.24886344e-02 1.80037175e-04 -1.21834932e-04 -1.24889672e-02 1.73597894e-04 -1.21515126e-04 3.32792270e-07 6.43928143e-06 -3.19805917e-07
2516             -1.24879531e-02 1.80063917e-04 -1.21798289e-04 -1.24882839e-02 1.73625855e-04 -1.21478737e-04 3.30845967e-07 6.43806190e-06 -3.19552731e-07
2517             -1.24871405e-02 1.80085622e-04 -1.21786527e-04 -1.24874723e-02 1.73648281e-04 -1.21467479e-04 3.31809063e-07 6.43734049e-06 -3.19047665e-07
2518             -1.24861788e-02 1.80101837e-04 -1.21752488e-04 -1.24865091e-02 1.73666557e-04 -1.21433421e-04 3.30313124e-07 6.43528053e-06 -3.19067369e-07
2519             -1.24851453e-02 1.80112763e-04 -1.21747038e-04 -1.24854771e-02 1.73678621e-04 -1.21428147e-04 3.31767517e-07 6.43414189e-06 -3.18890487e-07
2520             -1.24840750e-02 1.80119873e-04 -1.21722235e-04 -1.24844058e-02 1.73687677e-04 -1.21402954e-04 3.30761888e-07 6.43219608e-06 -3.19280403e-07
2521             -1.24831033e-02 1.80126204e-04 -1.21728310e-04 -1.24834359e-02 1.73694530e-04 -1.21408818e-04 3.32649447e-07 6.43167354e-06 -3.19491441e-07
2522             -1.24823189e-02 1.80135464e-04 -1.21715721e-04 -1.24826509e-02 1.73704806e-04 -1.21395478e-04 3.31940216e-07 6.43065790e-06 -3.20242546e-07
2523             -1.24817595e-02 1.80152056e-04 -1.21732294e-04 -1.24820935e-02 1.73720978e-04 -1.21411550e-04 3.33948533e-07 6.43107819e-06 -3.20744607e-07
2524             -1.24813854e-02 1.80176006e-04 -1.21726453e-04 -1.24817186e-02 1.73745261e-04 -1.21404772e-04 3.33216406e-07 6.43074543e-06 -3.21681055e-07
2525             -1.24811639e-02 1.80204600e-04 -1.21746029e-04 -1.24814991e-02 1.73773155e-04 -1.21423767e-04 3.35139624e-07 6.43144595e-06 -3.22262188e-07
2526             -1.24810908e-02 1.80230634e-04 -1.21741614e-04 -1.24814251e-02 1.73799642e-04 -1.21418437e-04 3.34316566e-07 6.43099177e-06 -3.23176656e-07
2527             -1.24812222e-02 1.80245801e-04 -1.21763730e-04 -1.24815584e-02 1.73814482e-04 -1.21440078e-04 3.36144484e-07 6.43131902e-06 -3.23651992e-07
2528             -1.24815446e-02 1.80245009e-04 -1.21763768e-04 -1.24818798e-02 1.73814563e-04 -1.21439371e-04 3.35203709e-07 6.43044675e-06 -3.24396727e-07
2529             -1.24820588e-02 1.80228382e-04 -1.21790053e-04 -1.24823957e-02 1.73797935e-04 -1.21465403e-04 3.36878146e-07 6.43044668e-06 -3.24649910e-07
2530             -1.24827210e-02 1.80197289e-04 -1.21793197e-04 -1.24830567e-02 1.73767939e-04 -1.21468064e-04 3.35774802e-07 6.42935012e-06 -3.25133132e-07
2531             -1.24835012e-02 1.80154968e-04 -1.21821500e-04 -1.24838385e-02 1.73725743e-04 -1.21496411e-04 3.37299208e-07 6.42922532e-06 -3.25089618e-07
2532             -1.24844011e-02 1.80101124e-04 -1.21827553e-04 -1.24847371e-02 1.73672920e-04 -1.21502287e-04 3.36071451e-07 6.42820385e-06 -3.25266106e-07
2533             -1.24854131e-02 1.80039924e-04 -1.21859426e-04 -1.24857505e-02 1.73611440e-04 -1.21534507e-04 3.37456488e-07 6.42848361e-06 -3.24919276e-07
2534             -1.24864393e-02 1.79977851e-04 -1.21867695e-04 -1.24867753e-02 1.73549590e-04 -1.21542880e-04 3.36065640e-07 6.42826063e-06 -3.24815189e-07
2535             -1.24873904e-02 1.79926437e-04 -1.21897757e-04 -1.24877277e-02 1.73496764e-04 -1.21573533e-04 3.37278008e-07 6.42967355e-06 -3.24223263e-07
2536             -1.24881878e-02 1.79893662e-04 -1.21898941e-04 -1.24885235e-02 1.73462964e-04 -1.21575020e-04 3.35718584e-07 6.43069814e-06 -3.23921119e-07
2537             -1.24887982e-02 1.79884811e-04 -1.21916880e-04 -1.24891350e-02 1.73451663e-04 -1.21593703e-04 3.36743893e-07 6.43314828e-06 -3.23177107e-07
2538             -1.24892056e-02 1.79896919e-04 -1.21902649e-04 -1.24895406e-02 1.73462212e-04 -1.21579886e-04 3.34933335e-07 6.43470790e-06 -3.22763002e-07
2539             -1.24894338e-02 1.79924071e-04 -1.21904940e-04 -1.24897695e-02 1.73487022e-04 -1.21582997e-04 3.35650518e-07 6.43704913e-06 -3.21943099e-07
2540             -1.24894702e-02 1.79957352e-04 -1.21877462e-04 -1.24898037e-02 1.73519433e-04 -1.21555973e-04 3.33527599e-07 6.43791979e-06 -3.21488905e-07
2541             -1.24893127e-02 1.79991947e-04 -1.21869808e-04 -1.24896468e-02 1.73552743e-04 -1.21549138e-04 3.34021504e-07 6.43920333e-06 -3.20670285e-07
2542             -1.24889411e-02 1.80023263e-04 -1.21835662e-04 -1.24892730e-02 1.73584376e-04 -1.21515379e-04 3.31842235e-07 6.43888706e-06 -3.20283363e-07
2543             -1.24883711e-02 1.80052136e-04 -1.21823935e-04 -1.24887036e-02 1.73613144e-04 -1.21504335e-04 3.32480833e-07 6.43899232e-06 -3.19600411e-07
2544             -1.24876168e-02 1.80076818e-04 -1.21787279e-04 -1.24879475e-02 1.73639270e-04 -1.21467879e-04 3.30616520e-07 6.43754833e-06 -3.19399732e-07
2545             -1.24867422e-02 1.80096109e-04 -1.21776397e-04 -1.24870739e-02 1.73659442e-04 -1.21457438e-04 3.31680122e-07 6.43666662e-06 -3.18958974e-07
2546             -1.24857364e-02 1.80109666e-04 -1.21744003e-04 -1.24860667e-02 1.73675116e-04 -1.21424949e-04 3.30293458e-07 6.43455024e-06 -3.19053952e-07
2547             -1.24846842e-02 1.80118452e-04 -1.21740722e-04 -1.24850161e-02 1.73684978e-04 -1.21421762e-04 3.31857079e-07 6.43347411e-06 -3.18960881e-07
2548             -1.24836576e-02 1.80123870e-04 -1.21718745e-04 -1.24839886e-02 1.73692178e-04 -1.21399310e-04 3.30945857e-07 6.43169262e-06 -3.19434961e-07
2549             -1.24827548e-02 1.80130704e-04 -1.21727413e-04 -1.24830877e-02 1.73699323e-04 -1.21407693e-04 3.32888031e-07 6.43138087e-06 -3.19719840e-07
2550             -1.24820468e-02 1.80142523e-04 -1.21716735e-04 -1.24823790e-02 1.73711973e-04 -1.21396209e-04 3.32200092e-07 6.43054960e-06 -3.20525891e-07
2551             -1.24815668e-02 1.80161685e-04 -1.21734441e-04 -1.24819010e-02 1.73730611e-04 -1.21413382e-04 3.34208579e-07 6.43107469e-06 -3.21058798e-07
2552             -1.24812643e-02 1.80186973e-04 -1.21729033e-04 -1.24815978e-02 1.73756229e-04 -1.21407032e-04 3.33465119e-07 6.43074462e-06 -3.22001032e-07
2553             -1.24811121e-02 1.80214066e-04 -1.21748910e-04 -1.24814475e-02 1.73782707e-04 -1.21426343e-04 3.35371702e-07 6.43135843e-06 -3.22566945e-07
2554             -1.24811242e-02 1.80234827e-04 -1.21745368e-04 -1.24814587e-02 1.73804057e-04 -1.21421917e-04 3.34525564e-07 6.43077046e-06 -3.23450854e-07
2555             -1.24813445e-02 1.80242359e-04 -1.21768640e-04 -1.24816808e-02 1.73811398e-04 -1.21444759e-04 3.36324198e-07 6.43096156e-06 -3.23880775e-07
2556             -1.24817531e-02 1.80233651e-04 -1.21769669e-04 -1.24820884e-02 1.73803676e-04 -1.21445100e-04 3.35347899e-07 6.42997456e-06 -3.24569356e-07
2557             -1.24823355e-02 1.80210335e-04 -1.21796435e-04 -1.24826725e-02 1.73780457e-04 -1.21471679e-04 3.36990896e-07 6.42987743e-06 -3.24755570e-07
2558             -1.24830321e-02 1.80173957e-04 -1.21799842e-04 -1.24833680e-02 1.73745239e-04 -1.21474674e-04 3.35864783e-07 6.42871795e-06 -3.25167997e-07
2559             -1.24838695e-02 1.80125903e-04 -1.21828979e-04 -1.24842069e-02 1.73697304e-04 -1.21503923e-04 3.37361561e-07 6.42859905e-06 -3.25056204e-07
2560             -1.24848286e-02 1.80067439e-04 -1.21836155e-04 -1.24851647e-02 1.73639764e-04 -1.21510987e-04 3.36093669e-07 6.42767551e-06 -3.25168370e-07
2561             -1.24858673e-02 1.80004916e-04 -1.21868584e-04 -1.24862047e-02 1.73576761e-04 -1.21543822e-04 3.37427154e-07 6.42815483e-06 -3.24761893e-07
2562             -1.24868726e-02 1.79946503e-04 -1.21876349e-04 -1.24872086e-02 1.73518290e-04 -1.21551742e-04 3.35986724e-07 6.42821297e-06 -3.24607338e-07
2563             -1.24877544e-02 1.79904138e-04 -1.21904402e-04 -1.24880915e-02 1.73474206e-04 -1.21580425e-04 3.37156255e-07 6.42993118e-06 -3.23977227e-07
2564             -1.24884665e-02 1.79882820e-04 -1.21902540e-04 -1.24888020e-02 1.73451615e-04 -1.21578890e-04 3.35550338e-07 6.43120452e-06 -3.23649818e-07
2565             -1.24889929e-02 1.79884882e-04 -1.21916920e-04 -1.24893295e-02 1.73451098e-04 -1.21594029e-04 3.36514230e-07 6.43378407e-06 -3.22890625e-07
2566             -1.24893177e-02 1.79905356e-04 -1.21899193e-04 -1.24896524e-02 1.73470025e-04 -1.21576724e-04 3.34627117e-07 6.43533042e-06 -3.22469173e-07
2567             -1.24894717e-02 1.79936831e-04 -1.21898855e-04 -1.24898070e-02 1.73499289e-04 -1.21577205e-04 3.35270609e-07 6.43754139e-06 -3.21650190e-07
2568             -1.24894202e-02 1.79971653e-04 -1.21869475e-04 -1.24897533e-02 1.73533434e-04 -1.21548267e-04 3.33102818e-07 6.43821961e-06 -3.21207774e-07
2569             -1.24891700e-02 1.80005718e-04 -1.21860919e-04 -1.24895036e-02 1.73566414e-04 -1.21540498e-04 3.33598664e-07 6.43930361e-06 -3.20420214e-07
2570             -1.24887082e-02 1.80036906e-04 -1.21825781e-04 -1.24890397e-02 1.73598114e-04 -1.21505710e-04 3.31470992e-07 6.43879225e-06 -3.20070466e-07
2571             -1.24880605e-02 1.80065359e-04 -1.21813411e-04 -1.24883927e-02 1.73626654e-04 -1.21493974e-04 3.32195967e-07 6.43870546e-06 -3.19437032e-07
2572             -1.24872566e-02 1.80087795e-04 -1.21777267e-04 -1.24875870e-02 1.73650701e-04 -1.21457970e-04 3.30439276e-07 6.43709459e-06 -3.19297151e-07
2573             -1.24863161e-02 1.80104930e-04 -1.21767503e-04 -1.24866478e-02 1.73668809e-04 -1.21448576e-04 3.31613921e-07 6.43612137e-06 -3.18927533e-07
2574             -1.24852860e-02 1.80115918e-04 -1.21737121e-04 -1.24856164e-02 1.73681896e-04 -1.21418017e-04 3.30349573e-07 6.43402210e-06 -3.19103980e-07
2575             -1.24842387e-02 1.80123179e-04 -1.21736274e-04 -1.24845707e-02 1.73690109e-04 -1.21417179e-04 3.32021632e-07 6.43307000e-06 -3.19095003e-07
2576             -1.24832543e-02 1.80128728e-04 -1.21716840e-04 -1.24835855e-02 1.73697239e-04 -1.21397191e-04 3.31196043e-07 6.43148892e-06 -3.19648789e-07
2577             -1.24824291e-02 1.80137588e-04 -1.21727807e-04 -1.24827623e-02 1.73706197e-04 -1.21407807e-04 3.33190080e-07 6.43139106e-06 -3.19999801e-07
2578             -1.24818088e-02 1.80152484e-04 -1.21718720e-04 -1.24821413e-02 1.73721767e-04 -1.21397869e-04 3.32515085e-07 6.43071675e-06 -3.20850323e-07
2579             -1.24814091e-02 1.80174414e-04 -1.21737126e-04 -1.24817436e-02 1.73743113e-04 -1.21415723e-04 3.34510735e-07 6.43130111e-06 -3.21403338e-07
2580             -1.24811729e-02 1.80200645e-04 -1.21731835e-04 -1.24815066e-02 1.73769721e-04 -1.21409493e-04 3.33744439e-07 6.43092405e-06 -3.22341957e-07
2581             -1.24810893e-02 1.80225492e-04 -1.21751936e-04 -1.24814249e-02 1.73794078e-04 -1.21429052e-04 3.35626367e-07 6.43141489e-06 -3.22884849e-07
2582             -1.24811858e-02 1.80240186e-04 -1.21749362e-04 -1.24815205e-02 1.73809510e-04 -1.21425629e-04 3.34753910e-07 6.43067632e-06 -3.23732647e-07
2583             -1.24814926e-02 1.80239937e-04 -1.21773714e-04 -1.24818291e-02 1.73809204e-04 -1.21449603e-04 3.36520264e-07 6.43073307e-06 -3.24110961e-07
2584             -1.24819778e-02 1.80224138e-04 -1.21775431e-04 -1.24823134e-02 1.73794493e-04 -1.21450691e-04 3.35507824e-07 6.42964491e-06 -3.24739470e-07
2585             -1.24826280e-02 1.80194562e-04 -1.21802695e-04 -1.24829651e-02 1.73765091e-04 -1.21477837e-04 3.37114093e-07 6.42947057e-06 -3.24858615e-07
2586             -1.24833865e-02 1.80152462e-04 -1.21806878e-04 -1.24837224e-02 1.73724188e-04 -1.21481677e-04 3.35953070e-07 6.42827397e-06 -3.25201088e-07
2587             -1.24842798e-02 1.80099487e-04 -1.21836950e-04 -1.24846172e-02 1.73671296e-04 -1.21511931e-04 3.37413497e-07 6.42819096e-06 -3.25018754e-07
2588             -1.24852761e-02 1.80038152e-04 -1.21844864e-04 -1.24856122e-02 1.73610751e-04 -1.21519799e-04 3.36107812e-07 6.42740138e-06 -3.25064963e-07
2589             -1.24863116e-02 1.79976643e-04 -1.21877250e-04 -1.24866490e-02 1.73548531e-04 -1.21552650e-04 3.37404083e-07 6.42811187e-06 -3.24600599e-07
2590             -1.24872726e-02 1.79924171e-04 -1.21883803e-04 -1.24876085e-02 1.73495709e-04 -1.21559403e-04 3.35928793e-07 6.42846146e-06 -3.24400264e-07
2591             -1.24880989e-02 1.79890718e-04 -1.21909697e-04 -1.24884360e-02 1.73460260e-04 -1.21585960e-04 3.37060643e-07 6.43045769e-06 -3.23736366e-07
2592             -1.24887260e-02 1.79880230e-04 -1.21904593e-04 -1.24890614e-02 1.73448308e-04 -1.21581208e-04 3.35396024e-07 6.43192208e-06 -3.23385249e-07
2593             -1.24891639e-02 1.79891866e-04 -1.21915407e-04 -1.24895002e-02 1.73457311e-04 -1.21592796e-04 3.36288600e-07 6.43455436e-06 -3.22611193e-07
2594             -1.24894052e-02 1.79918737e-04 -1.21894465e-04 -1.24897396e-02 1.73482724e-04 -1.21572283e-04 3.34329827e-07 6.43601300e-06 -3.22182151e-07
2595             -1.24894739e-02 1.79953155e-04 -1.21891693e-04 -1.24898088e-02 1.73515119e-04 -1.21570328e-04 3.34917185e-07 6.43803606e-06 -3.21364829e-07
2596             -1.24893341e-02 1.79988300e-04 -1.21860626e-04 -1.24896668e-02 1.73549817e-04 -1.21539689e-04 3.32725968e-07 6.43848235e-06 -3.20937015e-07
2597             -1.24890013e-02 1.80021080e-04 -1.21851050e-04 -1.24893345e-02 1.73581755e-04 -1.21530873e-04 3.33240475e-07 6.43932537e-06 -3.20177422e-07
2598             -1.24884565e-02 1.80050746e-04 -1.21815211e-04 -1.24887876e-02 1.73612169e-04 -1.21495343e-04 3.31171320e-07 6.43857684e-06 -3.19868120e-07
2599             -1.24877336e-02 1.80076909e-04 -1.21802863e-04 -1.24880656e-02 1.73638639e-04 -1.21483577e-04 3.31985973e-07 6.43827002e-06 -3.19286530e-07
2600             -1.24868692e-02 1.80096515e-04 -1.21767549e-04 -1.24871995e-02 1.73660020e-04 -1.21448340e-04 3.30338390e-07 6.43649550e-06 -3.19209274e-07
2601             -1.24858833e-02 1.80110869e-04 -1.21759382e-04 -1.24862149e-02 1.73675415e-04 -1.21440469e-04 3.31629641e-07 6.43545404e-06 -3.18912956e-07
2602             -1.24848321e-02 1.80119647e-04 -1.21731065e-04 -1.24851625e-02 1.73686245e-04 -1.21411894e-04 3.30476718e-07 6.43340225e-06 -3.19170573e-07
2603             -1.24838052e-02 1.80125671e-04 -1.21732787e-04 -1.24841374e-02 1.73693068e-04 -1.21413541e-04 3.32243114e-07 6.43260302e-06 -3.19245688e-07
2604             -1.24828855e-02 1.80131705e-04 -1.21715938e-04 -1.24832170e-02 1.73700472e-04 -1.21396062e-04 3.31477603e-07 6.43123272e-06 -3.19875776e-07
2605             -1.24821424e-02 1.80143215e-04 -1.21728942e-04 -1.24824759e-02 1.73711884e-04 -1.21408656e-04 3.33492263e-07 6.43133148e-06 -3.20286078e-07
2606             -1.24816117e-02 1.80161148e-04 -1.21721160e-04 -1.24819445e-02 1.73730366e-04 -1.21399988e-04 3.32806304e-07 6.43078148e-06 -3.21171876e-07
2607             -1.24812908e-02 1.80185392e-04 -1.21740088e-04 -1.24816256e-02 1.73754004e-04 -1.21418353e-04 3.34774995e-07 6.43138865e-06 -3.21734403e-07
2608             -1.24811222e-02 1.80211510e-04 -1.21734910e-04 -1.24814561e-02 1.73780570e-04 -1.21412250e-04 3.33976153e-07 6.43093957e-06 -3.22659530e-07
2609             -1.24811190e-02 1.80232412e-04 -1.21755545e-04 -1.24814549e-02 1.73801109e-04 -1.21432373e-04 3.35825341e-07 6.43130376e-06 -3.23171843e-07
2610             -1.24813018e-02 1.80240331e-04 -1.21754008e-04 -1.24816368e-02 1.73809895e-04 -1.21430032e-04 3.34918433e-07 6.43043610e-06 -3.23975708e-07
2611             -1.24816821e-02 1.80233357e-04 -1.21779054e-04 -1.24820188e-02 1.73802963e-04 -1.21454756e-04 3.36645000e-07 6.43039389e-06 -3.24298343e-07
2612             -1.24822368e-02 1.80210750e-04 -1.21781448e-04 -1.24825724e-02 1.73781507e-04 -1.21456581e-04 3.35598989e-07 6.42924301e-06 -3.24867105e-07
2613             -1.24829303e-02 1.80175705e-04 -1.21809126e-04 -1.24832674e-02 1.73746663e-04 -1.21484205e-04 3.37171445e-07 6.42904156e-06 -3.24920665e-07
2614             -1.24837498e-02 1.80128336e-04 -1.21814206e-04 -1.24840858e-02 1.73700461e-04 -1.21489008e-04 3.35981240e-07 6.42787490e-06 -3.25198035e-07
2615             -1.24847043e-02 1.80071430e-04 -1.21845284e-04 -1.24850417e-02 1.73643531e-04 -1.21520333e-04 3.37403755e-07 6.42789903e-06 -3.24950665e-07
2616             -1.24857302e-02 1.80008955e-04 -1.21853727e-04 -1.24860663e-02 1.73581647e-04 -1.21528789e-04 3.36054613e-07 6.42730737e-06 -3.24937107e-07
2617             -1.24867497e-02 1.79950430e-04 -1.21885691e-04 -1.24870870e-02 1.73522135e-04 -1.21561269e-04 3.37312326e-07 6.42829558e-06 -3.24421816e-07
2618             -1.24876442e-02 1.79905906e-04 -1.21890438e-04 -1.24879800e-02 1.73476954e-04 -1.21566255e-04 3.35808786e-07 6.42895268e-06 -3.24182605e-07
2619             -1.24883881e-02 1.79882828e-04 -1.21913526e-04 -1.24887250e-02 1.73451621e-04 -1.21590034e-04 3.36912133e-07 6.43120661e-06 -3.23491725e-07
2620             -1.24889328e-02 1.79882578e-04 -1.21905016e-04 -1.24892680e-02 1.73449767e-04 -1.21581893e-04 3.35203836e-07 6.43281128e-06 -3.23122979e-07
2621             -1.24892902e-02 1.79902265e-04 -1.21912403e-04 -1.24896263e-02 1.73466829e-04 -1.21590064e-04 3.36035383e-07 6.43543684e-06 -3.22338956e-07
2622             -1.24894624e-02 1.79933185e-04 -1.21888831e-04 -1.24897964e-02 1.73496426e-04 -1.21566924e-04 3.34014037e-07 6.43675883e-06 -3.21907628e-07
2623             -1.24894449e-02 1.79968858e-04 -1.21884102e-04 -1.24897795e-02 1.73530288e-04 -1.21563004e-04 3.34562364e-07 6.43857036e-06 -3.21097875e-07
2624             -1.24892156e-02 1.80003300e-04 -1.21851772e-04 -1.24895479e-02 1.73564514e-04 -1.21531081e-04 3.32374891e-07 6.43878641e-06 -3.20690712e-07
2625             -1.24887930e-02 1.80035259e-04 -1.21841217e-04 -1.24891259e-02 1.73595854e-04 -1.21521252e-04 3.32939232e-07 6.43940490e-06 -3.19965022e-07
2626             -1.24881671e-02 1.80063886e-04 -1.21804818e-04 -1.24884980e-02 1.73625451e-04 -1.21485117e-04 3.30952298e-07 6.43843466e-06 -3.19701311e-07
2627             -1.24873916e-02 1.80087555e-04 -1.21792967e-04 -1.24877235e-02 1.73649625e-04 -1.21473791e-04 3.31864665e-07 6.43792970e-06 -3.19176030e-07
2628             -1.24864730e-02 1.80104882e-04 -1.21758728e-04 -1.24868033e-02 1.73668856e-04 -1.21439564e-04 3.30320186e-07 6.43602602e-06 -3.19164009e-07
2629             -1.24854601e-02 1.80117074e-04 -1.21752348e-04 -1.24857918e-02 1.73682114e-04 -1.21433405e-04 3.31716351e-07 6.43495913e-06 -3.18942843e-07
2630             -1.24843985e-02 1.80124741e-04 -1.21726140e-04 -1.24847292e-02 1.73691751e-04 -1.21406859e-04 3.30661093e-07 6.43298969e-06 -3.19280119e-07
2631             -1.24833990e-02 1.80130941e-04 -1.21730287e-04 -1.24837315e-02 1.73698581e-04 -1.21410853e-04 3.32505339e-07 6.43236007e-06 -3.19434190e-07
2632             -1.24825315e-02 1.80139248e-04 -1.21715540e-04 -1.24828633e-02 1.73708057e-04 -1.21395407e-04 3.31780292e-07 6.43119122e-06 -3.20133054e-07
2633             -1.24818809e-02 1.80153724e-04 -1.21730321e-04 -1.24822147e-02 1.73722270e-04 -1.21409727e-04 3.33799444e-07 6.43145406e-06 -3.20593790e-07
2634             -1.24814472e-02 1.80174413e-04 -1.21723548e-04 -1.24817803e-02 1.73743430e-04 -1.21402044e-04 3.33083978e-07 6.43098288e-06 -3.21504104e-07
2635             -1.24812037e-02 1.80200079e-04 -1.21742750e-04 -1.24815387e-02 1.73768512e-04 -1.21420683e-04 3.35008708e-07 6.43156729e-06 -3.22067097e-07
2636             -1.24810970e-02 1.80224482e-04 -1.21738083e-04 -1.24814312e-02 1.73793464e-04 -1.21415105e-04 3.34173725e-07 6.43101875e-06 -3.22978524e-07
2637             -1.24811750e-02 1.80240471e-04 -1.21759412e-04 -1.24815110e-02 1.73809227e-04 -1.21435960e-04 3.35996564e-07 6.43124453e-06 -3.23452091e-07
2638             -1.24814418e-02 1.80241268e-04 -1.21758793e-04 -1.24817769e-02 1.73811016e-04 -1.21434586e-04 3.35065930e-07 6.43025212e-06 -3.24206875e-07
2639             -1.24818931e-02 1.80227289e-04 -1.21784400e-04 -1.24822299e-02 1.73797170e-04 -1.21459928e-04 3.36766051e-07 6.43011922e-06 -3.24471993e-07
2640             -1.24825163e-02 1.80197814e-04 -1.21787445e-04 -1.24828520e-02 1.73768911e-04 -1.21462468e-04 3.35694165e-07 6.42890293e-06 -3.24977142e-07
2641             -1.24832752e-02 1.80156256e-04 -1.21816035e-04 -1.24836124e-02 1.73727583e-04 -1.21491072e-04 3.37240062e-07 6.42867371e-06 -3.24962509e-07
2642             -1.24841533e-02 1.80103224e-04 -1.21822228e-04 -1.24844893e-02 1.73675677e-04 -1.21497058e-04 3.36022224e-07 6.42754689e-06 -3.25170725e-07
2643             -1.24851508e-02 1.80042638e-04 -1.21854175e-04 -1.24854882e-02 1.73614933e-04 -1.21529318e-04 3.37414623e-07 6.42770486e-06 -3.24856685e-07
2644             -1.24861798e-02 1.79980251e-04 -1.21862713e-04 -1.24865158e-02 1.73552907e-04 -1.21537929e-04 3.36036940e-07 6.42734389e-06 -3.24784327e-07
2645             -1.24871607e-02 1.79926659e-04 -1.21893655e-04 -1.24874980e-02 1.73498032e-04 -1.21569433e-04 3.37267718e-07 6.42862671e-06 -3.24222072e-07
2646             -1.24879865e-02 1.79891041e-04 -1.21896199e-04 -1.24883223e-02 1.73461469e-04 -1.21572250e-04 3.35732530e-07 6.42957200e-06 -3.23948710e-07
2647             -1.24886489e-02 1.79878611e-04 -1.21916158e-04 -1.24889857e-02 1.73446583e-04 -1.21592924e-04 3.36789363e-07 6.43202813e-06 -3.23234503e-07
2648             -1.24891130e-02 1.79887871e-04 -1.21904165e-04 -1.24894480e-02 1.73454176e-04 -1.21581315e-04 3.35015615e-07 6.43369559e-06 -3.22850527e-07
2649             -1.24893909e-02 1.79914082e-04 -1.21908316e-04 -1.24897267e-02 1.73477843e-04 -1.21586258e-04 3.35773352e-07 6.43623950e-06 -3.22058544e-07
2650             -1.24894801e-02 1.79948023e-04 -1.21882249e-04 -1.24898138e-02 1.73510649e-04 -1.21560621e-04 3.33690103e-07 6.43737421e-06 -3.21628023e-07
2651             -1.24893722e-02 1.79984221e-04 -1.21875758e-04 -1.24897064e-02 1.73545270e-04 -1.21554927e-04 3.34210668e-07 6.43895051e-06 -3.20831672e-07
2652             -1.24890632e-02 1.80017704e-04 -1.21842222e-04 -1.24893953e-02 1.73578790e-04 -1.21521774e-04 3.32037645e-07 6.43891359e-06 -3.20448123e-07
2653             -1.24885526e-02 1.80048616e-04 -1.21830845e-04 -1.24888852e-02 1.73609326e-04 -1.21511083e-04 3.32657056e-07 6.43929017e-06 -3.19761783e-07
2654             -1.24878586e-02 1.80074819e-04 -1.21794547e-04 -1.24881893e-02 1.73636727e-04 -1.21474999e-04 3.30758312e-07 6.43809178e-06 -3.19547899e-07
2655             -1.24870208e-02 1.80096115e-04 -1.21783440e-04 -1.24873526e-02 1.73658708e-04 -1.21464358e-04 3.31768430e-07 6.43740706e-06 -3.19081868e-07
2656             -1.24860540e-02 1.80111320e-04 -1.21750524e-04 -1.24863844e-02 1.73675905e-04 -1.21431384e-04 3.30330390e-07 6.43541501e-06 -3.19140068e-07
2657             -1.24850115e-02 1.80122124e-04 -1.21745926e-04 -1.24853433e-02 1.73687749e-04 -1.21426928e-04 3.31834419e-07 6.43437494e-06 -3.18997920e-07
2658             -1.24839603e-02 1.80129107e-04 -1.21722039e-04 -1.24842911e-02 1.73696566e-04 -1.21402621e-04 3.30872599e-07 6.43254082e-06 -3.19417921e-07
2659             -1.24830166e-02 1.80135926e-04 -1.21728742e-04 -1.24833494e-02 1.73703813e-04 -1.21409092e-04 3.32777306e-07 6.43211309e-06 -3.19649635e-07
2660             -1.24822513e-02 1.80146306e-04 -1.21716318e-04 -1.24825834e-02 1.73715164e-04 -1.21395909e-04 3.32070684e-07 6.43114168e-06 -3.20409219e-07
2661             -1.24816933e-02 1.80163928e-04 -1.21732497e-04 -1.24820273e-02 1.73732396e-04 -1.21411591e-04 3.34066148e-07 6.43153145e-06 -3.20906029e-07
2662             -1.24813324e-02 1.80187491e-04 -1.21726142e-04 -1.24816657e-02 1.73756404e-04 -1.21404315e-04 3.33314880e-07 6.43108683e-06 -3.21827000e-07
2663             -1.24811481e-02 1.80213674e-04 -1.21745312e-04 -1.24814833e-02 1.73782073e-04 -1.21422935e-04 3.35209992e-07 6.43160084e-06 -3.22377674e-07
2664             -1.24811130e-02 1.80234803e-04 -1.21741034e-04 -1.24814473e-02 1.73803879e-04 -1.21417775e-04 3.34351139e-07 6.43092406e-06 -3.23259599e-07
2665             -1.24812746e-02 1.80244065e-04 -1.21763344e-04 -1.24816108e-02 1.73813049e-04 -1.21439653e-04 3.36147236e-07 6.43101551e-06 -3.23691282e-07
2666             -1.24816283e-02 1.80236805e-04 -1.21763903e-04 -1.24819634e-02 1.73806890e-04 -1.21439509e-04 3.35183022e-07 6.42991464e-06 -3.24393527e-07
2667             -1.24821693e-02 1.80214927e-04 -1.21790561e-04 -1.24825062e-02 1.73785224e-04 -1.21465964e-04 3.36848137e-07 6.42970389e-06 -3.24596665e-07
2668             -1.24828558e-02 1.80179176e-04 -1.21794233e-04 -1.24831916e-02 1.73750740e-04 -1.21469201e-04 3.35740707e-07 6.42843636e-06 -3.25032154e-07
2669             -1.24836664e-02 1.80132360e-04 -1.21823384e-04 -1.24840037e-02 1.73704155e-04 -1.21498437e-04 3.37259343e-07 6.42820470e-06 -3.24946379e-07
2670             -1.24845896e-02 1.80075016e-04 -1.21830311e-04 -1.24849257e-02 1.73647865e-04 -1.21505225e-04 3.36021313e-07 6.42715098e-06 -3.25086258e-07
2671             -1.24856100e-02 1.80012271e-04 -1.21862769e-04 -1.24859474e-02 1.73584795e-04 -1.21538060e-04 3.37393827e-07 6.42747618e-06 -3.24709264e-07
2672             -1.24866250e-02 1.79951636e-04 -1.21871090e-04 -1.24869610e-02 1.73524268e-04 -1.21546507e-04 3.35992406e-07 6.42736780e-06 -3.24583422e-07
2673             -1.24875487e-02 1.79904906e-04 -1.21900508e-04 -1.24878859e-02 1.73475966e-04 -1.21576528e-04 3.37195286e-07 6.42894015e-06 -3.23980299e-07
2674             -1.24882984e-02 1.79879119e-04 -1.21900423e-04 -1.24886340e-02 1.73448988e-04 -1.21576744e-04 3.35622051e-07 6.43013176e-06 -3.23678560e-07
2675             -1.24888769e-02 1.79877058e-04 -1.21916938e-04 -1.24892135e-02 1.73444336e-04 -1.21593992e-04 3.36624916e-07 6.43272227e-06 -3.22946063e-07
2676             -1.24892582e-02 1.79894745e-04 -1.21901380e-04 -1.24895930e-02 1.73460368e-04 -1.21578829e-04 3.34783066e-07 6.43437729e-06 -3.22551595e-07
2677             -1.24894610e-02 1.79925592e-04 -1.21902703e-04 -1.24897965e-02 1.73488818e-04 -1.21580947e-04 3.35471989e-07 6.43677450e-06 -3.21756439e-07
2678             -1.24894582e-02 1.79961402e-04 -1.21874443e-04 -1.24897915e-02 1.73523718e-04 -1.21553111e-04 3.33339587e-07 6.43768385e-06 -3.21332027e-07
2679             -1.24892640e-02 1.79997409e-04 -1.21866349e-04 -1.24895978e-02 1.73558400e-04 -1.21545799e-04 3.33849911e-07 6.43900875e-06 -3.20550247e-07
2680             -1.24888626e-02 1.80029915e-04 -1.21831897e-04 -1.24891944e-02 1.73591180e-04 -1.21511693e-04 3.31709446e-07 6.43873568e-06 -3.20204366e-07
2681             -1.24882696e-02 1.80059635e-04 -1.21820172e-04 -1.24886020e-02 1.73620758e-04 -1.21500608e-04 3.32397442e-07 6.43887630e-06 -3.19564466e-07
2682             -1.24875081e-02 1.80084107e-04 -1.21784181e-04 -1.24878387e-02 1.73646638e-04 -1.21464774e-04 3.30588302e-07 6.43746915e-06 -3.19406482e-07
2683             -1.24866146e-02 1.80103461e-04 -1.21774043e-04 -1.24869463e-02 1.73666811e-04 -1.21455036e-04 3.31698364e-07 6.43665040e-06 -3.19007494e-07
2684             -1.24856078e-02 1.80116950e-04 -1.21742633e-04 -1.24859382e-02 1.73682319e-04 -1.21423490e-04 3.30361162e-07 6.43463125e-06 -3.19143060e-07
2685             -1.24845574e-02 1.80126290e-04 -1.21740206e-04 -1.24848893e-02 1.73692612e-04 -1.21421120e-04 3.31960690e-07 6.43367871e-06 -3.19085413e-07
2686             -1.24835383e-02 1.80133018e-04 -1.21718885e-04 -1.24838694e-02 1.73700993e-04 -1.21399297e-04 3.31072490e-07 6.43202567e-06 -3.19588313e-07
2687             -1.24826668e-02 1.80141500e-04 -1.21728059e-04 -1.24829998e-02 1.73709683e-04 -1.21408167e-04 3.33016949e-07 6.43181678e-06 -3.19892279e-07
2688             -1.24819864e-02 1.80155314e-04 -1.21717423e-04 -1.24823187e-02 1.73724286e-04 -1.21396720e-04 3.32313363e-07 6.43102768e-06 -3.20703656e-07
2689             -1.24815305e-02 1.80175894e-04 -1.21734635e-04 -1.24818648e-02 1.73744382e-04 -1.21413407e-04 3.34283863e-07 6.43151238e-06 -3.21227942e-07
2690             -1.24812423e-02 1.80201023e-04 -1.21728508e-04 -1.24815758e-02 1.73769968e-04 -1.21406358e-04 3.33502204e-07 6.43105589e-06 -3.22149881e-07
2691             -1.24811159e-02 1.80225741e-04 -1.21747789e-04 -1.24814512e-02 1.73794268e-04 -1.21425108e-04 3.35373515e-07 6.43147306e-06 -3.22680902e-07
2692             -1.24811592e-02 1.80241091e-04 -1.21744361e-04 -1.24814937e-02 1.73810429e-04 -1.21420833e-04 3.34497826e-07 6.43066229e-06 -3.23528105e-07
2693             -1.24814085e-02 1.80242134e-04 -1.21767950e-04 -1.24817448e-02 1.73811499e-04 -1.21444038e-04 3.36273816e-07 6.43063428e-06 -3.23912569e-07
2694             -1.24818292e-02 1.80227564e-04 -1.21769350e-04 -1.24821645e-02 1.73798110e-04 -1.21444791e-04 3.35288755e-07 6.42945402e-06 -3.24558634e-07
2695             -1.24824442e-02 1.80198718e-04 -1.21796727e-04 -1.24827811e-02 1.73769522e-04 -1.21472028e-04 3.36926750e-07 6.42919594e-06 -3.24699367e-07
2696             -1.24831814e-02 1.80157359e-04 -1.21801069e-04 -1.24835172e-02 1.73729446e-04 -1.21476001e-04 3.35796802e-07 6.42791338e-06 -3.25068453e-07
2697             -1.24840545e-02 1.80105000e-04 -1.21831257e-04 -1.24843918e-02 1.73677273e-04 -1.21506341e-04 3.37288285e-07 6.42772657e-06 -3.24915608e-07
2698             -1.24850344e-02 1.80043484e-04 -1.21839211e-04 -1.24853704e-02 1.73616680e-04 -1.21514219e-04 3.36018207e-07 6.42680412e-06 -3.24991158e-07
2699             -1.24860687e-02 1.79980157e-04 -1.21871971e-04 -1.24864061e-02 1.73552802e-04 -1.21547415e-04 3.37357358e-07 6.42735527e-06 -3.24555632e-07
2700             -1.24870518e-02 1.79923927e-04 -1.21879499e-04 -1.24873877e-02 1.73496382e-04 -1.21555116e-04 3.35928377e-07 6.42754462e-06 -3.24382567e-07
2701             -1.24879029e-02 1.79886301e-04 -1.21906767e-04 -1.24882400e-02 1.73456881e-04 -1.21583022e-04 3.37106395e-07 6.42941919e-06 -3.23744994e-07
2702             -1.24885710e-02 1.79871428e-04 -1.21903625e-04 -1.24889065e-02 1.73440592e-04 -1.21580205e-04 3.35498101e-07 6.43083555e-06 -3.23419933e-07
2703             -1.24890671e-02 1.79879437e-04 -1.21916620e-04 -1.24894035e-02 1.73445921e-04 -1.21593948e-04 3.36445896e-07 6.43351608e-06 -3.22672385e-07
2704             -1.24893693e-02 1.79904317e-04 -1.21897730e-04 -1.24897039e-02 1.73469201e-04 -1.21575460e-04 3.34534571e-07 6.43511607e-06 -3.22269965e-07
2705             -1.24894937e-02 1.79938633e-04 -1.21896523e-04 -1.24898289e-02 1.73501284e-04 -1.21575047e-04 3.35157987e-07 6.43734913e-06 -3.21475302e-07
2706             -1.24894027e-02 1.79975387e-04 -1.21866422e-04 -1.24897357e-02 1.73537344e-04 -1.21545358e-04 3.32988211e-07 6.43804349e-06 -3.21063392e-07
2707             -1.24891202e-02 1.80010600e-04 -1.21857463e-04 -1.24894537e-02 1.73571453e-04 -1.21537150e-04 3.33503624e-07 6.43914770e-06 -3.20312804e-07
2708             -1.24886303e-02 1.80042952e-04 -1.21822035e-04 -1.24889617e-02 1.73604294e-04 -1.21502032e-04 3.31409095e-07 6.43865716e-06 -3.20002993e-07
2709             -1.24879735e-02 1.80071746e-04 -1.21809944e-04 -1.24883057e-02 1.73633155e-04 -1.21490533e-04 3.32170207e-07 6.43859075e-06 -3.19410837e-07
2710             -1.24871507e-02 1.80094917e-04 -1.21774282e-04 -1.24874812e-02 1.73657900e-04 -1.21454971e-04 3.30449296e-07 6.43701689e-06 -3.19311469e-07
2711             -1.24862027e-02 1.80112518e-04 -1.21765360e-04 -1.24865343e-02 1.73676401e-04 -1.21446377e-04 3.31658712e-07 6.43611693e-06 -3.18982992e-07
2712             -1.24851577e-02 1.80124600e-04 -1.21735744e-04 -1.24854881e-02 1.73690469e-04 -1.21416545e-04 3.30424185e-07 6.43413075e-06 -3.19198575e-07
2713             -1.24841106e-02 1.80133139e-04 -1.21735732e-04 -1.24844427e-02 1.73699817e-04 -1.21416506e-04 3.32116262e-07 6.43332215e-06 -3.19225561e-07
2714             -1.24831409e-02 1.80140554e-04 -1.21716975e-04 -1.24834722e-02 1.73708667e-04 -1.21397167e-04 3.31290722e-07 6.43188716e-06 -3.19808005e-07
2715             -1.24823495e-02 1.80151746e-04 -1.21728277e-04 -1.24826828e-02 1.73719845e-04 -1.21408100e-04 3.33259065e-07 6.43190085e-06 -3.20176895e-07
2716             -1.24817595e-02 1.80168856e-04 -1.21719062e-04 -1.24820921e-02 1.73737587e-04 -1.21398031e-04 3.32546487e-07 6.43126893e-06 -3.21030541e-07
2717             -1.24813856e-02 1.80191969e-04 -1.21736938e-04 -1.24817201e-02 1.73760160e-04 -1.21415366e-04 3.34494241e-07 6.43180974e-06 -3.21572068e-07
2718             -1.24811665e-02 1.80217223e-04 -1.21731045e-04 -1.24815002e-02 1.73785915e-04 -1.21408557e-04 3.33691379e-07 6.43130808e-06 -3.22487658e-07
2719             -1.24811079e-02 1.80238258e-04 -1.21750934e-04 -1.24814434e-02 1.73806644e-04 -1.21427938e-04 3.35550155e-07 6.43161468e-06 -3.22996248e-07
2720             -1.24812331e-02 1.80247208e-04 -1.21748472e-04 -1.24815678e-02 1.73816538e-04 -1.21424670e-04 3.34665501e-07 6.43067013e-06 -3.23802199e-07
2721             -1.24815678e-02 1.80240322e-04 -1.21773126e-04 -1.24819043e-02 1.73809795e-04 -1.21448990e-04 3.36428342e-07 6.43052635e-06 -3.24135452e-07
2722             -1.24820701e-02 1.80218386e-04 -1.21775233e-04 -1.24824055e-02 1.73789126e-04 -1.21450515e-04 3.35426117e-07 6.42926023e-06 -3.24718256e-07
2723             -1.24827326e-02 1.80183169e-04 -1.21803050e-04 -1.24830696e-02 1.73754226e-04 -1.21478255e-04 3.37045421e-07 6.42894287e-06 -3.24794815e-07
2724             -1.24835302e-02 1.80135106e-04 -1.21808424e-04 -1.24838661e-02 1.73707455e-04 -1.21483325e-04 3.35904497e-07 6.42765109e-06 -3.25098943e-07
2725             -1.24844622e-02 1.80077234e-04 -1.21839769e-04 -1.24847996e-02 1.73649705e-04 -1.21514890e-04 3.37378781e-07 6.42752904e-06 -3.24879219e-07
2726             -1.24854805e-02 1.80013119e-04 -1.21848459e-04 -1.24858166e-02 1.73586357e-04 -1.21523567e-04 3.36080560e-07 6.42676167e-06 -3.24891577e-07
2727             -1.24865104e-02 1.79951676e-04 -1.21880988e-04 -1.24868478e-02 1.73524126e-04 -1.21556587e-04 3.37386180e-07 6.42755007e-06 -3.24400682e-07
2728             -1.24874435e-02 1.79902378e-04 -1.21886982e-04 -1.24877794e-02 1.73474359e-04 -1.21562798e-04 3.35924217e-07 6.42801859e-06 -3.24184314e-07
2729             -1.24882207e-02 1.79874597e-04 -1.21911660e-04 -1.24885578e-02 1.73444456e-04 -1.21588144e-04 3.37063331e-07 6.43014173e-06 -3.23515876e-07
2730             -1.24888070e-02 1.79870221e-04 -1.21905171e-04 -1.24891424e-02 1.73438513e-04 -1.21582000e-04 3.35400824e-07 6.43170805e-06 -3.23170236e-07
2731             -1.24892232e-02 1.79887118e-04 -1.21914681e-04 -1.24895595e-02 1.73452721e-04 -1.21592271e-04 3.36275431e-07 6.43439741e-06 -3.22409242e-07
2732             -1.24894504e-02 1.79917631e-04 -1.21892785e-04 -1.24897847e-02 1.73481760e-04 -1.21570784e-04 3.34282302e-07 6.43587088e-06 -3.22000216e-07
2733             -1.24894862e-02 1.79954858e-04 -1.21889169e-04 -1.24898210e-02 1.73516967e-04 -1.21567960e-04 3.34840811e-07 6.43789104e-06 -3.21208558e-07
2734             -1.24893057e-02 1.79992156e-04 -1.21857410e-04 -1.24896383e-02 1.73553817e-04 -1.21536597e-04 3.32643876e-07 6.43833879e-06 -3.20813070e-07
2735             -1.24889458e-02 1.80026848e-04 -1.21847145e-04 -1.24892790e-02 1.73587660e-04 -1.21527059e-04 3.33174582e-07 6.43918759e-06 -3.20086346e-07
2736             -1.24883738e-02 1.80058140e-04 -1.21811042e-04 -1.24887049e-02 1.73619689e-04 -1.21491223e-04 3.31131950e-07 6.43845068e-06 -3.19818501e-07
2737             -1.24876402e-02 1.80084892e-04 -1.21799201e-04 -1.24879722e-02 1.73646729e-04 -1.21479922e-04 3.31972719e-07 6.43816291e-06 -3.19278946e-07
2738             -1.24867513e-02 1.80105824e-04 -1.21764494e-04 -1.24870816e-02 1.73669386e-04 -1.21445251e-04 3.30349391e-07 6.43643721e-06 -3.19242776e-07
2739             -1.24857603e-02 1.80121297e-04 -1.21757165e-04 -1.24860920e-02 1.73685808e-04 -1.21438177e-04 3.31663478e-07 6.43548831e-06 -3.18988053e-07
2740             -1.24847030e-02 1.80131771e-04 -1.21729543e-04 -1.24850335e-02 1.73698206e-04 -1.21410258e-04 3.30527101e-07 6.43356523e-06 -3.19284095e-07
2741             -1.24836795e-02 1.80139779e-04 -1.21731934e-04 -1.24840118e-02 1.73706867e-04 -1.21412541e-04 3.32299362e-07 6.43291180e-06 -3.19392655e-07
2742             -1.24827742e-02 1.80148053e-04 -1.21715596e-04 -1.24831058e-02 1.73716380e-04 -1.21395548e-04 3.31523573e-07 6.43167344e-06 -3.20047767e-07
2743             -1.24820650e-02 1.80161570e-04 -1.21728827e-04 -1.24823985e-02 1.73729716e-04 -1.21408356e-04 3.33508694e-07 6.43185387e-06 -3.20470943e-07
2744             -1.24815655e-02 1.80180680e-04 -1.21720889e-04 -1.24818983e-02 1.73749372e-04 -1.21399534e-04 3.32787028e-07 6.43130735e-06 -3.21354804e-07
2745             -1.24812572e-02 1.80204778e-04 -1.21739182e-04 -1.24815919e-02 1.73772947e-04 -1.21417281e-04 3.34719136e-07 6.43183124e-06 -3.21901046e-07
2746             -1.24811071e-02 1.80228107e-04 -1.21733636e-04 -1.24814410e-02 1.73796882e-04 -1.21410835e-04 3.33900367e-07 6.43122521e-06 -3.22800638e-07
2747             -1.24811356e-02 1.80243539e-04 -1.21754332e-04 -1.24814714e-02 1.73812155e-04 -1.21431056e-04 3.35743281e-07 6.43138390e-06 -3.23276671e-07
2748             -1.24813488e-02 1.80244390e-04 -1.21753177e-04 -1.24816837e-02 1.73814094e-04 -1.21429140e-04 3.34840766e-07 6.43029596e-06 -3.24037360e-07
2749             -1.24817487e-02 1.80230000e-04 -1.21778644e-04 -1.24820853e-02 1.73799958e-04 -1.21454330e-04 3.36582369e-07 6.43004124e-06 -3.24314844e-07
2750             -1.24823344e-02 1.80200146e-04 -1.21781749e-04 -1.24826700e-02 1.73771452e-04 -1.21456913e-04 3.35561203e-07 6.42869327e-06 -3.24836132e-07
2751             -1.24830618e-02 1.80158302e-04 -1.21810418e-04 -1.24833990e-02 1.73729978e-04 -1.21485575e-04 3.37160258e-07 6.42832364e-06 -3.24842771e-07
2752             -1.24839176e-02 1.80104540e-04 -1.21816743e-04 -1.24842536e-02 1.73677498e-04 -1.21491667e-04 3.35993369e-07 6.42704207e-06 -3.25076157e-07
2753             -1.24848970e-02 1.80042679e-04 -1.21848899e-04 -1.24852344e-02 1.73615656e-04 -1.21524110e-04 3.37433184e-07 6.42702232e-06 -3.24788933e-07
2754             -1.24859279e-02 1.79977861e-04 -1.21857882e-04 -1.24862640e-02 1.73551399e-04 -1.21533140e-04 3.36096625e-07 6.42646265e-06 -3.24742100e-07
2755             -1.24869309e-02 1.79920503e-04 -1.21889755e-04 -1.24872683e-02 1.73492958e-04 -1.21565552e-04 3.37361839e-07 6.42754464e-06 -3.24203093e-07
2756             -1.24877958e-02 1.79880389e-04 -1.21893734e-04 -1.24881317e-02 1.73452061e-04 -1.21569782e-04 3.35856654e-07 6.42832729e-06 -3.23951388e-07
2757             -1.24884959e-02 1.79864004e-04 -1.21915441e-04 -1.24888328e-02 1.73433305e-04 -1.21592182e-04 3.36938373e-07 6.43069908e-06 -3.23259000e-07
2758             -1.24890029e-02 1.79870546e-04 -1.21905390e-04 -1.24893381e-02 1.73438159e-04 -1.21582491e-04 3.35199259e-07 6.43238678e-06 -3.22898360e-07
2759             -1.24893387e-02 1.79895738e-04 -1.21911430e-04 -1.24896746e-02 1.73460686e-04 -1.21589301e-04 3.35985164e-07 6.43505214e-06 -3.22129728e-07
2760             -1.24894870e-02 1.79930657e-04 -1.21886833e-04 -1.24898209e-02 1.73494266e-04 -1.21565111e-04 3.33912568e-07 6.43639097e-06 -3.21721793e-07
2761             -1.24894353e-02 1.79969288e-04 -1.21881299e-04 -1.24897697e-02 1.73531067e-04 -1.21560357e-04 3.34421324e-07 6.43822105e-06 -3.20942036e-07
2762             -1.24891728e-02 1.80006263e-04 -1.21848378e-04 -1.24895050e-02 1.73567797e-04 -1.21527807e-04 3.32223436e-07 6.43846596e-06 -3.20571166e-07
2763             -1.24887176e-02 1.80040928e-04 -1.21837347e-04 -1.24890504e-02 1.73601805e-04 -1.21517461e-04 3.32800756e-07 6.43912294e-06 -3.19886183e-07
2764             -1.24880758e-02 1.80071233e-04 -1.21801034e-04 -1.24884066e-02 1.73633038e-04 -1.21481369e-04 3.30843177e-07 6.43819473e-06 -3.19665233e-07
2765             -1.24872792e-02 1.80096543e-04 -1.21789526e-04 -1.24876110e-02 1.73658797e-04 -1.21470343e-04 3.31780846e-07 6.43774640e-06 -3.19182823e-07
2766             -1.24863364e-02 1.80115512e-04 -1.21755804e-04 -1.24866666e-02 1.73679574e-04 -1.21436588e-04 3.30265598e-07 6.43593733e-06 -3.19215965e-07
2767             -1.24853084e-02 1.80129079e-04 -1.21750167e-04 -1.24856401e-02 1.73694069e-04 -1.21431126e-04 3.31695479e-07 6.43501043e-06 -3.19040176e-07
2768             -1.24842530e-02 1.80137888e-04 -1.21724916e-04 -1.24845837e-02 1.73704674e-04 -1.21405496e-04 3.30668572e-07 6.43321438e-06 -3.19419226e-07
2769             -1.24832745e-02 1.80145578e-04 -1.21730010e-04 -1.24836070e-02 1.73712816e-04 -1.21410403e-04 3.32525710e-07 6.43276164e-06 -3.19606912e-07
2770             -1.24824441e-02 1.80155826e-04 -1.21715903e-04 -1.24827759e-02 1.73724092e-04 -1.21395576e-04 3.31796656e-07 6.43173374e-06 -3.20326958e-07
2771             -1.24818226e-02 1.80172383e-04 -1.21730595e-04 -1.24821564e-02 1.73740321e-04 -1.21409801e-04 3.33791823e-07 6.43206113e-06 -3.20793729e-07
2772             -1.24814044e-02 1.80194176e-04 -1.21723237e-04 -1.24817375e-02 1.73762619e-04 -1.21401541e-04 3.33059039e-07 6.43155727e-06 -3.21695743e-07
2773             -1.24811776e-02 1.80218455e-04 -1.21741754e-04 -1.24815126e-02 1.73786440e-04 -1.21419517e-04 3.34970793e-07 6.43201540e-06 -3.22236398e-07
2774             -1.24810965e-02 1.80238711e-04 -1.21736619e-04 -1.24814307e-02 1.73807441e-04 -1.21413509e-04 3.34134848e-07 6.43126984e-06 -3.23110325e-07
2775             -1.24812004e-02 1.80247568e-04 -1.21758247e-04 -1.24815364e-02 1.73816302e-04 -1.21434702e-04 3.35963425e-07 6.43126574e-06 -3.23545671e-07
2776             -1.24814927e-02 1.80240159e-04 -1.21758269e-04 -1.24818277e-02 1.73810123e-04 -1.21434014e-04 3.35044899e-07 6.43003609e-06 -3.24255377e-07
2777             -1.24819719e-02 1.80218206e-04 -1.21784602e-04 -1.24823087e-02 1.73788529e-04 -1.21460129e-04 3.36763917e-07 6.42967665e-06 -3.24473543e-07
2778             -1.24826121e-02 1.80182478e-04 -1.21788239e-04 -1.24829478e-02 1.73754222e-04 -1.21463310e-04 3.35718342e-07 6.42825653e-06 -3.24929862e-07
2779             -1.24834075e-02 1.80134894e-04 -1.21817765e-04 -1.24837448e-02 1.73707029e-04 -1.21492896e-04 3.37284952e-07 6.42786534e-06 -3.24869096e-07
2780             -1.24843262e-02 1.80076369e-04 -1.21825093e-04 -1.24846623e-02 1.73649733e-04 -1.21500057e-04 3.36077624e-07 6.42663527e-06 -3.25035424e-07
2781             -1.24853475e-02 1.80012073e-04 -1.21857904e-04 -1.24856850e-02 1.73585313e-04 -1.21533220e-04 3.37471858e-07 6.42675989e-06 -3.24683803e-07
2782             -1.24863746e-02 1.79948978e-04 -1.21866746e-04 -1.24867107e-02 1.73522544e-04 -1.21542165e-04 3.36092558e-07 6.42643411e-06 -3.24580535e-07
2783             -1.24873316e-02 1.79898337e-04 -1.21897242e-04 -1.24876689e-02 1.73470531e-04 -1.21573245e-04 3.37319519e-07 6.42780538e-06 -3.23997188e-07
2784             -1.24881254e-02 1.79868225e-04 -1.21898763e-04 -1.24884612e-02 1.73439365e-04 -1.21575049e-04 3.35770668e-07 6.42885953e-06 -3.23713967e-07
2785             -1.24887433e-02 1.79862955e-04 -1.21917136e-04 -1.24890801e-02 1.73431541e-04 -1.21594135e-04 3.36793463e-07 6.43141363e-06 -3.23000723e-07
2786             -1.24891709e-02 1.79878927e-04 -1.21903559e-04 -1.24895059e-02 1.73445782e-04 -1.21580932e-04 3.34977720e-07 6.43314503e-06 -3.22627106e-07
2787             -1.24894301e-02 1.79910183e-04 -1.21906508e-04 -1.24897658e-02 1.73474467e-04 -1.21584656e-04 3.35682756e-07 6.43571640e-06 -3.21852291e-07
2788             -1.24894899e-02 1.79948043e-04 -1.21879448e-04 -1.24898234e-02 1.73511177e-04 -1.21558001e-04 3.33547592e-07 6.43686636e-06 -3.21447269e-07
2789             -1.24893486e-02 1.79986958e-04 -1.21872245e-04 -1.24896826e-02 1.73548492e-04 -1.21551562e-04 3.34033050e-07 6.43846576e-06 -3.20682947e-07
2790             -1.24890096e-02 1.80022290e-04 -1.21838436e-04 -1.24893414e-02 1.73583820e-04 -1.21518096e-04 3.31857799e-07 6.43847029e-06 -3.20339569e-07
2791             -1.24884718e-02 1.80055507e-04 -1.21826732e-04 -1.24888043e-02 1.73616620e-04 -1.21507040e-04 3.32490063e-07 6.43888710e-06 -3.19692375e-07
2792             -1.24877518e-02 1.80083811e-04 -1.21790372e-04 -1.24880824e-02 1.73646073e-04 -1.21470850e-04 3.30617279e-07 6.43773830e-06 -3.19521463e-07
2793             -1.24868863e-02 1.80106699e-04 -1.21779630e-04 -1.24872180e-02 1.73669566e-04 -1.21460529e-04 3.31663049e-07 6.43713264e-06 -3.19101201e-07
2794             -1.24858974e-02 1.80122814e-04 -1.21747466e-04 -1.24862277e-02 1.73687552e-04 -1.21428259e-04 3.30263697e-07 6.43526162e-06 -3.19207086e-07
2795             -1.24848502e-02 1.80133865e-04 -1.21743954e-04 -1.24851820e-02 1.73699483e-04 -1.21424842e-04 3.31804363e-07 6.43438249e-06 -3.19111819e-07
2796             -1.24838127e-02 1.80141252e-04 -1.21721192e-04 -1.24841436e-02 1.73708522e-04 -1.21401619e-04 3.30867917e-07 6.43272994e-06 -3.19572449e-07
2797             -1.24828924e-02 1.80149337e-04 -1.21728757e-04 -1.24832252e-02 1.73716867e-04 -1.21408923e-04 3.32783579e-07 6.43247013e-06 -3.19834352e-07
2798             -1.24821392e-02 1.80161972e-04 -1.21716551e-04 -1.24824713e-02 1.73730358e-04 -1.21395941e-04 3.32076417e-07 6.43161353e-06 -3.20610956e-07
2799             -1.24816044e-02 1.80180942e-04 -1.21732477e-04 -1.24819385e-02 1.73748907e-04 -1.21411365e-04 3.34064737e-07 6.43203510e-06 -3.21111449e-07
2800             -1.24812676e-02 1.80203985e-04 -1.21725694e-04 -1.24816009e-02 1.73772461e-04 -1.21403672e-04 3.33310289e-07 6.43152404e-06 -3.22021806e-07
2801             -1.24811022e-02 1.80227191e-04 -1.21744449e-04 -1.24814374e-02 1.73795307e-04 -1.21421900e-04 3.35199976e-07 6.43188385e-06 -3.22548642e-07
2802             -1.24811055e-02 1.80242605e-04 -1.21740075e-04 -1.24814399e-02 1.73811615e-04 -1.21416684e-04 3.34340878e-07 6.43098964e-06 -3.23391433e-07
2803             -1.24813002e-02 1.80244084e-04 -1.21762843e-04 -1.24816364e-02 1.73813246e-04 -1.21439060e-04 3.36142232e-07 6.43083805e-06 -3.23782422e-07
2804             -1.24816752e-02 1.80229042e-04 -1.21763871e-04 -1.24820104e-02 1.73799544e-04 -1.21439433e-04 3.35192508e-07 6.42949787e-06 -3.24437822e-07
2805             -1.24822285e-02 1.80200514e-04 -1.21790876e-04 -1.24825654e-02 1.73771451e-04 -1.21466284e-04 3.36879612e-07 6.42906285e-06 -3.24592445e-07
2806             -1.24829281e-02 1.80158871e-04 -1.21795216e-04 -1.24832639e-02 1.73731269e-04 -1.21470234e-04 3.35803893e-07 6.42760254e-06 -3.24982182e-07
2807             -1.24837869e-02 1.80105785e-04 -1.21825690e-04 -1.24841242e-02 1.73678550e-04 -1.21500837e-04 3.37336607e-07 6.42723495e-06 -3.24853520e-07
2808             -1.24847582e-02 1.80043454e-04 -1.21833924e-04 -1.24850943e-02 1.73617337e-04 -1.21508970e-04 3.36088703e-07 6.42611787e-06 -3.24954044e-07
2809             -1.24857998e-02 1.79978574e-04 -1.21867079e-04 -1.24861372e-02 1.73552116e-04 -1.21542536e-04 3.37438192e-07 6.42645872e-06 -3.24542681e-07
2810             -1.24868053e-02 1.79919533e-04 -1.21875361e-04 -1.24871413e-02 1.73493096e-04 -1.21550970e-04 3.36015631e-07 6.42643649e-06 -3.24390407e-07
2811             -1.24876970e-02 1.79877973e-04 -1.21903945e-04 -1.24880342e-02 1.73449832e-04 -1.21580174e-04 3.37202020e-07 6.42814053e-06 -3.23771260e-07
2812             -1.24884132e-02 1.79859114e-04 -1.21902620e-04 -1.24887488e-02 1.73429642e-04 -1.21579155e-04 3.35604995e-07 6.42947175e-06 -3.23464771e-07
2813             -1.24889521e-02 1.79864662e-04 -1.21917535e-04 -1.24892887e-02 1.73432482e-04 -1.21594797e-04 3.36564630e-07 6.43218049e-06 -3.22737418e-07
2814             -1.24892997e-02 1.79888938e-04 -1.21900509e-04 -1.24896344e-02 1.73455020e-04 -1.21578153e-04 3.34674826e-07 6.43391809e-06 -3.22356441e-07
2815             -1.24894817e-02 1.79924603e-04 -1.21900768e-04 -1.24898170e-02 1.73488229e-04 -1.21579186e-04 3.35311491e-07 6.43637371e-06 -3.21582205e-07
2816             -1.24894516e-02 1.79963707e-04 -1.21871817e-04 -1.24897847e-02 1.73526366e-04 -1.21550630e-04 3.33140896e-07 6.43734067e-06 -3.21187501e-07
2817             -1.24892264e-02 1.80001974e-04 -1.21863455e-04 -1.24895600e-02 1.73563239e-04 -1.21543009e-04 3.33632154e-07 6.43873575e-06 -3.20446341e-07
2818             -1.24888065e-02 1.80036801e-04 -1.21828563e-04 -1.24891380e-02 1.73598272e-04 -1.21508426e-04 3.31506493e-07 6.43852951e-06 -3.20136109e-07
2819             -1.24881984e-02 1.80068454e-04 -1.21816485e-04 -1.24885306e-02 1.73629713e-04 -1.21496949e-04 3.32222023e-07 6.43874055e-06 -3.19535531e-07
2820             -1.24874066e-02 1.80094512e-04 -1.21780535e-04 -1.24877370e-02 1.73657104e-04 -1.21461116e-04 3.30456650e-07 6.43740817e-06 -3.19419709e-07
2821             -1.24864775e-02 1.80114841e-04 -1.21771014e-04 -1.24868091e-02 1.73678148e-04 -1.21451949e-04 3.31625070e-07 6.43669373e-06 -3.19065805e-07
2822             -1.24854442e-02 1.80129039e-04 -1.21740516e-04 -1.24857745e-02 1.73694219e-04 -1.21421269e-04 3.30350107e-07 6.43482018e-06 -3.19247942e-07
2823             -1.24843942e-02 1.80138757e-04 -1.21739258e-04 -1.24847262e-02 1.73704713e-04 -1.21420023e-04 3.31999859e-07 6.43404416e-06 -3.19234839e-07
2824             -1.24833976e-02 1.80146113e-04 -1.21719010e-04 -1.24837288e-02 1.73713539e-04 -1.21399235e-04 3.31138264e-07 6.43257304e-06 -3.19774716e-07
2825             -1.24825512e-02 1.80156227e-04 -1.21728767e-04 -1.24828843e-02 1.73723716e-04 -1.21408663e-04 3.33087443e-07 6.43251197e-06 -3.20103991e-07
2826             -1.24818850e-02 1.80172114e-04 -1.21718056e-04 -1.24822173e-02 1.73740317e-04 -1.21397129e-04 3.32376556e-07 6.43179763e-06 -3.20927018e-07
2827             -1.24814336e-02 1.80194165e-04 -1.21734639e-04 -1.24817679e-02 1.73761905e-04 -1.21413190e-04 3.34339718e-07 6.43226036e-06 -3.21449047e-07
2828             -1.24811677e-02 1.80218377e-04 -1.21727965e-04 -1.24815012e-02 1.73786695e-04 -1.21405609e-04 3.33554510e-07 6.43168162e-06 -3.22356408e-07
2829             -1.24810771e-02 1.80239424e-04 -1.21746982e-04 -1.24814125e-02 1.73807525e-04 -1.21424121e-04 3.35414023e-07 6.43189808e-06 -3.22860815e-07
2830             -1.24811567e-02 1.80248625e-04 -1.21743716e-04 -1.24814912e-02 1.73817787e-04 -1.21420044e-04 3.34530645e-07 6.43083710e-06 -3.23671757e-07
2831             -1.24814312e-02 1.80242253e-04 -1.21767652e-04 -1.24817675e-02 1.73811712e-04 -1.21443641e-04 3.36308211e-07 6.43054096e-06 -3.24011641e-07
2832             -1.24818728e-02 1.80220589e-04 -1.21769336e-04 -1.24822081e-02 1.73791491e-04 -1.21444728e-04 3.35337604e-07 6.42909745e-06 -3.24608591e-07
2833             -1.24825007e-02 1.80185630e-04 -1.21796959e-04 -1.24828377e-02 1.73757036e-04 -1.21472260e-04 3.36995234e-07 6.42859346e-06 -3.24699846e-07
2834             -1.24832782e-02 1.80137712e-04 -1.21802285e-04 -1.24836141e-02 1.73710604e-04 -1.21477262e-04 3.35885279e-07 6.42710715e-06 -3.25022729e-07
2835             -1.24842005e-02 1.80079312e-04 -1.21833826e-04 -1.24845379e-02 1.73652527e-04 -1.21509002e-04 3.37380146e-07 6.42678416e-06 -3.24824669e-07
2836             -1.24852126e-02 1.80013861e-04 -1.21842865e-04 -1.24855487e-02 1.73588054e-04 -1.21518007e-04 3.36096953e-07 6.42580756e-06 -3.24858603e-07
2837             -1.24862510e-02 1.79949919e-04 -1.21876019e-04 -1.24865884e-02 1.73523535e-04 -1.21551631e-04 3.37418606e-07 6.42638460e-06 -3.24387909e-07
2838             -1.24872139e-02 1.79896761e-04 -1.21883096e-04 -1.24875499e-02 1.73470100e-04 -1.21558907e-04 3.35972679e-07 6.42666115e-06 -3.24189002e-07
2839             -1.24880372e-02 1.79864565e-04 -1.21909340e-04 -1.24883743e-02 1.73435913e-04 -1.21585804e-04 3.37128030e-07 6.42865173e-06 -3.23536498e-07
2840             -1.24886733e-02 1.79856398e-04 -1.21904811e-04 -1.24890088e-02 1.73426217e-04 -1.21581604e-04 3.35481862e-07 6.43018130e-06 -3.23207566e-07
2841             -1.24891344e-02 1.79871090e-04 -1.21916288e-04 -1.24894708e-02 1.73438142e-04 -1.21593822e-04 3.36371503e-07 6.43294730e-06 -3.22465475e-07
2842             -1.24894051e-02 1.79901374e-04 -1.21896164e-04 -1.24897395e-02 1.73466777e-04 -1.21574087e-04 3.34404075e-07 6.43459739e-06 -3.22076261e-07
2843             -1.24894989e-02 1.79939945e-04 -1.21893914e-04 -1.24898339e-02 1.73503084e-04 -1.21572612e-04 3.34978172e-07 6.43686150e-06 -3.21302126e-07
2844             -1.24893780e-02 1.79979385e-04 -1.21863150e-04 -1.24897108e-02 1.73541799e-04 -1.21542230e-04 3.32780939e-07 6.43758564e-06 -3.20919689e-07
2845             -1.24890712e-02 1.80016268e-04 -1.21853679e-04 -1.24894044e-02 1.73577546e-04 -1.21533475e-04 3.33287196e-07 6.43872200e-06 -3.20203918e-07
2846             -1.24885630e-02 1.80049440e-04 -1.21818082e-04 -1.24888942e-02 1.73611179e-04 -1.21498149e-04 3.31214994e-07 6.43826144e-06 -3.19932384e-07
2847             -1.24878758e-02 1.80078875e-04 -1.21806029e-04 -1.24882079e-02 1.73640649e-04 -1.21486650e-04 3.32013167e-07 6.43822591e-06 -3.19379260e-07
2848             -1.24870172e-02 1.80102463e-04 -1.21770759e-04 -1.24873475e-02 1.73665756e-04 -1.21451437e-04 3.30347550e-07 6.43670612e-06 -3.19322760e-07
2849             -1.24860418e-02 1.80119968e-04 -1.21762709e-04 -1.24863735e-02 1.73684067e-04 -1.21443669e-04 3.31623328e-07 6.43590069e-06 -3.19040202e-07
2850             -1.24849870e-02 1.80131688e-04 -1.21734173e-04 -1.24853174e-02 1.73697637e-04 -1.21414871e-04 3.30449543e-07 6.43405122e-06 -3.19301522e-07
2851             -1.24839505e-02 1.80140053e-04 -1.21735340e-04 -1.24842827e-02 1.73706649e-04 -1.21415970e-04 3.32184514e-07 6.43340402e-06 -3.19370217e-07
2852             -1.24830061e-02 1.80148057e-04 -1.21717520e-04 -1.24833375e-02 1.73715935e-04 -1.21397535e-04 3.31378228e-07 6.43212140e-06 -3.19984957e-07
2853             -1.24822320e-02 1.80161037e-04 -1.21729174e-04 -1.24825654e-02 1.73728798e-04 -1.21408801e-04 3.33347668e-07 6.43223886e-06 -3.20373200e-07
2854             -1.24816536e-02 1.80179912e-04 -1.21719713e-04 -1.24819863e-02 1.73748278e-04 -1.21398480e-04 3.32625687e-07 6.43163405e-06 -3.21232691e-07
2855             -1.24812886e-02 1.80203784e-04 -1.21736899e-04 -1.24816232e-02 1.73771676e-04 -1.21415133e-04 3.34559813e-07 6.43210843e-06 -3.21766055e-07
2856             -1.24810960e-02 1.80227318e-04 -1.21730524e-04 -1.24814297e-02 1.73795866e-04 -1.21407862e-04 3.33741699e-07 6.43145174e-06 -3.22661946e-07
2857             -1.24810829e-02 1.80243914e-04 -1.21750318e-04 -1.24814185e-02 1.73812374e-04 -1.21427181e-04 3.35573721e-07 6.43154028e-06 -3.23136865e-07
2858             -1.24812451e-02 1.80246191e-04 -1.21748159e-04 -1.24815798e-02 1.73815840e-04 -1.21424255e-04 3.34663264e-07 6.43035118e-06 -3.23904762e-07
2859             -1.24816012e-02 1.80232428e-04 -1.21773021e-04 -1.24819376e-02 1.73802466e-04 -1.21448829e-04 3.36414087e-07 6.42996164e-06 -3.24192721e-07
2860             -1.24821188e-02 1.80203972e-04 -1.21775499e-04 -1.24824543e-02 1.73775513e-04 -1.21450769e-04 3.35416874e-07 6.42845914e-06 -3.24730215e-07
2861             -1.24828098e-02 1.80163021e-04 -1.21803872e-04 -1.24831469e-02 1.73735087e-04 -1.21479116e-04 3.37046794e-07 6.42793394e-06 -3.24756136e-07
2862             -1.24836502e-02 1.80109669e-04 -1.21810180e-04 -1.24839861e-02 1.73683183e-04 -1.21485168e-04 3.35908056e-07 6.42648553e-06 -3.25012346e-07
2863             -1.24846237e-02 1.80047285e-04 -1.21842646e-04 -1.24849610e-02 1.73621003e-04 -1.21517897e-04 3.37370462e-07 6.42628139e-06 -3.24748997e-07
2864             -1.24856584e-02 1.79980609e-04 -1.21852122e-04 -1.24859945e-02 1.73555090e-04 -1.21527398e-04 3.36054697e-07 6.42551917e-06 -3.24723844e-07
2865             -1.24866802e-02 1.79919728e-04 -1.21884844e-04 -1.24870175e-02 1.73493333e-04 -1.21560640e-04 3.37346179e-07 6.42639471e-06 -3.24204127e-07
2866             -1.24875831e-02 1.79874752e-04 -1.21890198e-04 -1.24879190e-02 1.73447748e-04 -1.21566229e-04 3.35872215e-07 6.42700348e-06 -3.23969399e-07
2867             -1.24883300e-02 1.79853379e-04 -1.21913732e-04 -1.24886669e-02 1.73424102e-04 -1.21590439e-04 3.36991297e-07 6.42927746e-06 -3.23293343e-07
2868             -1.24888861e-02 1.79856028e-04 -1.21905808e-04 -1.24892213e-02 1.73425056e-04 -1.21582858e-04 3.35292926e-07 6.43097223e-06 -3.22950047e-07
2869             -1.24892651e-02 1.79879359e-04 -1.21913789e-04 -1.24896012e-02 1.73445608e-04 -1.21591589e-04 3.36117220e-07 6.43375174e-06 -3.22200273e-07
2870             -1.24894627e-02 1.79914229e-04 -1.21890890e-04 -1.24897968e-02 1.73478946e-04 -1.21569080e-04 3.34085966e-07 6.43528306e-06 -3.21810783e-07
2871             -1.24894682e-02 1.79954282e-04 -1.21886543e-04 -1.24898028e-02 1.73516932e-04 -1.21565497e-04 3.34618753e-07 6.43735031e-06 -3.21045416e-07
2872             -1.24892607e-02 1.79993261e-04 -1.21854411e-04 -1.24895931e-02 1.73555409e-04 -1.21533727e-04 3.32425013e-07 6.43785166e-06 -3.20684168e-07
2873             -1.24888699e-02 1.80029508e-04 -1.21843959e-04 -1.24892029e-02 1.73590740e-04 -1.21523958e-04 3.32977868e-07 6.43876822e-06 -3.20001701e-07
2874             -1.24882812e-02 1.80061908e-04 -1.21807831e-04 -1.24886122e-02 1.73623821e-04 -1.21488056e-04 3.30982661e-07 6.43808713e-06 -3.19774740e-07
2875             -1.24875224e-02 1.80089695e-04 -1.21796120e-04 -1.24878542e-02 1.73651839e-04 -1.21476843e-04 3.31877184e-07 6.43785627e-06 -3.19276828e-07
2876             -1.24866037e-02 1.80111173e-04 -1.21761908e-04 -1.24869341e-02 1.73674959e-04 -1.21442621e-04 3.30316776e-07 6.43621402e-06 -3.19286358e-07
2877             -1.24855875e-02 1.80126988e-04 -1.21755433e-04 -1.24859192e-02 1.73691599e-04 -1.21436354e-04 3.31697886e-07 6.43538979e-06 -3.19079269e-07
2878             -1.24845305e-02 1.80137376e-04 -1.21729029e-04 -1.24848611e-02 1.73703747e-04 -1.21409608e-04 3.30617642e-07 6.43362877e-06 -3.19421377e-07
2879             -1.24835308e-02 1.80145785e-04 -1.21732665e-04 -1.24838632e-02 1.73712632e-04 -1.21413096e-04 3.32421487e-07 6.43315314e-06 -3.19569159e-07
2880             -1.24826538e-02 1.80155968e-04 -1.21717055e-04 -1.24829855e-02 1.73723900e-04 -1.21396803e-04 3.31649759e-07 6.43206796e-06 -3.20251679e-07
2881             -1.24819598e-02 1.80172542e-04 -1.21730239e-04 -1.24822934e-02 1.73740206e-04 -1.21409551e-04 3.33620974e-07 6.43233565e-06 -3.20688161e-07
2882             -1.24814631e-02 1.80194640e-04 -1.21721491e-04 -1.24817960e-02 1.73762854e-04 -1.21399920e-04 3.32878535e-07 6.43178541e-06 -3.21571407e-07
2883             -1.24811746e-02 1.80219581e-04 -1.21738864e-04 -1.24815094e-02 1.73787374e-04 -1.21416760e-04 3.34784280e-07 6.43220697e-06 -3.22104239e-07
2884             -1.24810555e-02 1.80240737e-04 -1.21732870e-04 -1.24813894e-02 1.73809319e-04 -1.21409890e-04 3.33938425e-07 6.43141839e-06 -3.22979263e-07
2885             -1.24811275e-02 1.80251141e-04 -1.21753572e-04 -1.24814632e-02 1.73819794e-04 -1.21430155e-04 3.35746340e-07 6.43134699e-06 -3.23417226e-07
2886             -1.24813709e-02 1.80245298e-04 -1.21752623e-04 -1.24817057e-02 1.73815283e-04 -1.21428487e-04 3.34815149e-07 6.43001505e-06 -3.24135940e-07
2887             -1.24818023e-02 1.80223820e-04 -1.21778384e-04 -1.24821388e-02 1.73794299e-04 -1.21454019e-04 3.36545956e-07 6.42952193e-06 -3.24365412e-07
2888             -1.24823924e-02 1.80188295e-04 -1.21781734e-04 -1.24827279e-02 1.73760350e-04 -1.21456896e-04 3.35529500e-07 6.42794537e-06 -3.24838085e-07
2889             -1.24831541e-02 1.80140788e-04 -1.21811103e-04 -1.24834913e-02 1.73713399e-04 -1.21486308e-04 3.37137382e-07 6.42738867e-06 -3.24794382e-07
2890             -1.24840559e-02 1.80081764e-04 -1.21818495e-04 -1.24843919e-02 1.73655782e-04 -1.21493514e-04 3.35972938e-07 6.42598153e-06 -3.24981026e-07
2891             -1.24850723e-02 1.80015697e-04 -1.21851767e-04 -1.24854097e-02 1.73589780e-04 -1.21527115e-04 3.37407154e-07 6.42591668e-06 -3.24651700e-07
2892             -1.24861077e-02 1.79949254e-04 -1.21861341e-04 -1.24864438e-02 1.73523863e-04 -1.21536772e-04 3.36065133e-07 6.42539094e-06 -3.24568863e-07
2893             -1.24870883e-02 1.79893661e-04 -1.21893053e-04 -1.24874256e-02 1.73467091e-04 -1.21569050e-04 3.37331069e-07 6.42656984e-06 -3.24003300e-07
2894             -1.24879231e-02 1.79857975e-04 -1.21896224e-04 -1.24882589e-02 1.73430498e-04 -1.21572488e-04 3.35823693e-07 6.42747741e-06 -3.23735789e-07
2895             -1.24885901e-02 1.79847667e-04 -1.21916618e-04 -1.24889270e-02 1.73417701e-04 -1.21593580e-04 3.36891179e-07 6.42996606e-06 -3.23037974e-07
2896             -1.24890665e-02 1.79860167e-04 -1.21905187e-04 -1.24894017e-02 1.73428431e-04 -1.21582506e-04 3.35120525e-07 6.43173614e-06 -3.22681338e-07
2897             -1.24893663e-02 1.79890230e-04 -1.21909910e-04 -1.24897022e-02 1.73455785e-04 -1.21587985e-04 3.35864445e-07 6.43444543e-06 -3.21924847e-07
2898             -1.24894809e-02 1.79928511e-04 -1.21884391e-04 -1.24898147e-02 1.73492709e-04 -1.21562853e-04 3.33764161e-07 6.43580112e-06 -3.21537714e-07
2899             -1.24893947e-02 1.79969235e-04 -1.21878229e-04 -1.24897290e-02 1.73531589e-04 -1.21557442e-04 3.34264406e-07 6.43764603e-06 -3.20787123e-07
2900             -1.24891037e-02 1.80007079e-04 -1.21845042e-04 -1.24894358e-02 1.73569168e-04 -1.21524590e-04 3.32081006e-07 6.43791150e-06 -3.20452610e-07
2901             -1.24886300e-02 1.80042211e-04 -1.21833877e-04 -1.24889627e-02 1.73603620e-04 -1.21514069e-04 3.32682171e-07 6.43859159e-06 -3.19808071e-07
2902             -1.24879652e-02 1.80072999e-04 -1.21797585e-04 -1.24882960e-02 1.73635312e-04 -1.21477956e-04 3.30761463e-07 6.43768637e-06 -3.19629317e-07
2903             -1.24871411e-02 1.80098676e-04 -1.21786515e-04 -1.24874728e-02 1.73661391e-04 -1.21467324e-04 3.31749536e-07 6.43728425e-06 -3.19190693e-07
2904             -1.24861732e-02 1.80117808e-04 -1.21753669e-04 -1.24865035e-02 1.73682242e-04 -1.21434398e-04 3.30290699e-07 6.43556603e-06 -3.19270254e-07
2905             -1.24851317e-02 1.80131730e-04 -1.21749134e-04 -1.24854634e-02 1.73696949e-04 -1.21429992e-04 3.31772907e-07 6.43478053e-06 -3.19141745e-07
2906             -1.24840884e-02 1.80141139e-04 -1.21725123e-04 -1.24844192e-02 1.73707976e-04 -1.21405558e-04 3.30778374e-07 6.43316255e-06 -3.19564574e-07
2907             -1.24831424e-02 1.80150288e-04 -1.21731223e-04 -1.24834750e-02 1.73717395e-04 -1.21411435e-04 3.32639177e-07 6.43289242e-06 -3.19787324e-07
2908             -1.24823401e-02 1.80163323e-04 -1.21717545e-04 -1.24826720e-02 1.73731316e-04 -1.21397015e-04 3.31888352e-07 6.43200679e-06 -3.20529077e-07
2909             -1.24817334e-02 1.80183002e-04 -1.21731972e-04 -1.24820673e-02 1.73750597e-04 -1.21410969e-04 3.33849788e-07 6.43240537e-06 -3.21002865e-07
2910             -1.24813219e-02 1.80207137e-04 -1.21723806e-04 -1.24816549e-02 1.73775252e-04 -1.21401908e-04 3.33081098e-07 6.43188506e-06 -3.21898187e-07
2911             -1.24811088e-02 1.80231555e-04 -1.21741448e-04 -1.24814437e-02 1.73799315e-04 -1.21419028e-04 3.34957943e-07 6.43224011e-06 -3.22420030e-07
2912             -1.24810690e-02 1.80248443e-04 -1.21736132e-04 -1.24814031e-02 1.73817116e-04 -1.21412866e-04 3.34085018e-07 6.43132704e-06 -3.23265558e-07
2913             -1.24812233e-02 1.80251916e-04 -1.21757893e-04 -1.24815592e-02 1.73820793e-04 -1.21434233e-04 3.35876387e-07 6.43112344e-06 -3.23660154e-07
2914             -1.24815489e-02 1.80238104e-04 -1.21758090e-04 -1.24818839e-02 1.73808414e-04 -1.21433764e-04 3.34930919e-07 6.42969022e-06 -3.24325360e-07
2915             -1.24820431e-02 1.80209949e-04 -1.21784502e-04 -1.24823798e-02 1.73780813e-04 -1.21460008e-04 3.36644686e-07 6.42913527e-06 -3.24494727e-07
2916             -1.24826995e-02 1.80168280e-04 -1.21788562e-04 -1.24830351e-02 1.73740741e-04 -1.21463660e-04 3.35614782e-07 6.42753846e-06 -3.24901591e-07
2917             -1.24835280e-02 1.80114937e-04 -1.21819028e-04 -1.24838652e-02 1.73687926e-04 -1.21494235e-04 3.37203296e-07 6.42701032e-06 -3.24792983e-07
2918             -1.24844862e-02 1.80051430e-04 -1.21827551e-04 -1.24848222e-02 1.73625723e-04 -1.21502636e-04 3.36011009e-07 6.42570630e-06 -3.24915106e-07
2919             -1.24855286e-02 1.79983885e-04 -1.21861295e-04 -1.24858660e-02 1.73558052e-04 -1.21536771e-04 3.37413746e-07 6.42583352e-06 -3.24524822e-07
2920             -1.24865476e-02 1.79920404e-04 -1.21870385e-04 -1.24868836e-02 1.73494824e-04 -1.21545994e-04 3.36044415e-07 6.42558030e-06 -3.24390757e-07
2921             -1.24874686e-02 1.79872842e-04 -1.21900317e-04 -1.24878059e-02 1.73445775e-04 -1.21576530e-04 3.37285797e-07 6.42706732e-06 -3.23786868e-07
2922             -1.24882266e-02 1.79847796e-04 -1.21900798e-04 -1.24885623e-02 1.73419554e-04 -1.21577303e-04 3.35745281e-07 6.42824222e-06 -3.23494323e-07
2923             -1.24888128e-02 1.79848283e-04 -1.21917854e-04 -1.24891496e-02 1.73417394e-04 -1.21595073e-04 3.36760634e-07 6.43088930e-06 -3.22781467e-07
2924             -1.24892108e-02 1.79869553e-04 -1.21902973e-04 -1.24895457e-02 1.73436882e-04 -1.21580556e-04 3.34920331e-07 6.43267138e-06 -3.22416764e-07
2925             -1.24894402e-02 1.79904635e-04 -1.21904874e-04 -1.24897758e-02 1.73469376e-04 -1.21583216e-04 3.35591450e-07 6.43525870e-06 -3.21658390e-07
2926             -1.24894645e-02 1.79944995e-04 -1.21877143e-04 -1.24897980e-02 1.73508584e-04 -1.21555865e-04 3.33442280e-07 6.43641120e-06 -3.21277919e-07
2927             -1.24892898e-02 1.79985844e-04 -1.21869451e-04 -1.24896237e-02 1.73547819e-04 -1.21548904e-04 3.33930550e-07 6.43802477e-06 -3.20546180e-07
2928             -1.24889173e-02 1.80023319e-04 -1.21835095e-04 -1.24892491e-02 1.73585260e-04 -1.21514851e-04 3.31776672e-07 6.43805878e-06 -3.20243948e-07
2929             -1.24883649e-02 1.80057769e-04 -1.21823296e-04 -1.24886974e-02 1.73619262e-04 -1.21503654e-04 3.32440570e-07 6.43850696e-06 -3.19642099e-07
2930             -1.24876262e-02 1.80087012e-04 -1.21787201e-04 -1.24879568e-02 1.73649619e-04 -1.21467685e-04 3.30604515e-07 6.43739345e-06 -3.19516079e-07
2931             -1.24867373e-02 1.80110739e-04 -1.21777126e-04 -1.24870690e-02 1.73673882e-04 -1.21457984e-04 3.31690847e-07 6.43685654e-06 -3.19141987e-07
2932             -1.24857253e-02 1.80128091e-04 -1.21745799e-04 -1.24860556e-02 1.73692985e-04 -1.21426503e-04 3.30332127e-07 6.43510641e-06 -3.19295944e-07
2933             -1.24846772e-02 1.80140511e-04 -1.21743356e-04 -1.24850091e-02 1.73706114e-04 -1.21424108e-04 3.31904667e-07 6.43439694e-06 -3.19248314e-07
2934             -1.24836653e-02 1.80149679e-04 -1.21721719e-04 -1.24839963e-02 1.73716739e-04 -1.21401969e-04 3.30976818e-07 6.43293952e-06 -3.19750376e-07
2935             -1.24827825e-02 1.80160508e-04 -1.21730063e-04 -1.24831154e-02 1.73727648e-04 -1.21410021e-04 3.32873295e-07 6.43286014e-06 -3.20042391e-07
2936             -1.24820553e-02 1.80176710e-04 -1.21717983e-04 -1.24823874e-02 1.73744586e-04 -1.21397149e-04 3.32128166e-07 6.43212435e-06 -3.20834211e-07
2937             -1.24815312e-02 1.80198975e-04 -1.21733292e-04 -1.24818653e-02 1.73766395e-04 -1.21411958e-04 3.34075389e-07 6.43258036e-06 -3.21334403e-07
2938             -1.24812005e-02 1.80223559e-04 -1.21725520e-04 -1.24815338e-02 1.73791550e-04 -1.21403289e-04 3.33285175e-07 6.43200906e-06 -3.22231282e-07
2939             -1.24810622e-02 1.80245187e-04 -1.21743582e-04 -1.24813973e-02 1.73812958e-04 -1.21420848e-04 3.35142313e-07 6.43222945e-06 -3.22733449e-07
2940             -1.24811063e-02 1.80255467e-04 -1.21739278e-04 -1.24814406e-02 1.73824319e-04 -1.21415735e-04 3.34255030e-07 6.43114763e-06 -3.23543258e-07
2941             -1.24813408e-02 1.80250313e-04 -1.21762354e-04 -1.24816769e-02 1.73819522e-04 -1.21438465e-04 3.36036758e-07 6.43079092e-06 -3.23889680e-07
2942             -1.24817393e-02 1.80228316e-04 -1.21763587e-04 -1.24820744e-02 1.73799075e-04 -1.21439089e-04 3.35085191e-07 6.42924164e-06 -3.24497818e-07
2943             -1.24823073e-02 1.80192618e-04 -1.21790899e-04 -1.24826441e-02 1.73764018e-04 -1.21466297e-04 3.36790595e-07 6.42859984e-06 -3.24602366e-07
2944             -1.24830342e-02 1.80144064e-04 -1.21796016e-04 -1.24833700e-02 1.73717106e-04 -1.21471075e-04 3.35746541e-07 6.42695762e-06 -3.24940687e-07
2945             -1.24839275e-02 1.80084658e-04 -1.21827623e-04 -1.24842648e-02 1.73658202e-04 -1.21502861e-04 3.37311758e-07 6.42645626e-06 -3.24762239e-07
2946             -1.24849318e-02 1.80017083e-04 -1.21837066e-04 -1.24852679e-02 1.73591806e-04 -1.21512248e-04 3.36089388e-07 6.42527690e-06 -3.24817699e-07
2947             -1.24859783e-02 1.79949396e-04 -1.21870951e-04 -1.24863157e-02 1.73523765e-04 -1.21546582e-04 3.37459574e-07 6.42563128e-06 -3.24368184e-07
2948             -1.24869625e-02 1.79890875e-04 -1.21879173e-04 -1.24872985e-02 1.73465192e-04 -1.21554985e-04 3.36057268e-07 6.42568341e-06 -3.24187803e-07
2949             -1.24878193e-02 1.79852867e-04 -1.21906956e-04 -1.24881565e-02 1.73425382e-04 -1.21583405e-04 3.37257502e-07 6.42748483e-06 -3.23551152e-07
2950             -1.24885011e-02 1.79839432e-04 -1.21904324e-04 -1.24888367e-02 1.73410533e-04 -1.21581086e-04 3.35657035e-07 6.42889935e-06 -3.23237574e-07
2951             -1.24890089e-02 1.79850615e-04 -1.21917827e-04 -1.24893455e-02 1.73418963e-04 -1.21595315e-04 3.36589809e-07 6.43165292e-06 -3.22512053e-07
2952             -1.24893263e-02 1.79879707e-04 -1.21899548e-04 -1.24896609e-02 1.73446309e-04 -1.21577406e-04 3.34657327e-07 6.43339796e-06 -3.22141614e-07
2953             -1.24894739e-02 1.79918857e-04 -1.21898840e-04 -1.24898091e-02 1.73483017e-04 -1.21577454e-04 3.35247675e-07 6.43584051e-06 -3.21385954e-07
2954             -1.24894085e-02 1.79960734e-04 -1.21869135e-04 -1.24897415e-02 1.73523937e-04 -1.21548116e-04 3.33052423e-07 6.43679749e-06 -3.21019439e-07
2955             -1.24891528e-02 1.80001258e-04 -1.21860229e-04 -1.24894863e-02 1.73563059e-04 -1.21539915e-04 3.33537291e-07 6.43819884e-06 -3.20313950e-07
2956             -1.24886968e-02 1.80038331e-04 -1.21824937e-04 -1.24890282e-02 1.73600311e-04 -1.21504888e-04 3.31421798e-07 6.43802009e-06 -3.20048900e-07
2957             -1.24880667e-02 1.80071659e-04 -1.21812874e-04 -1.24883989e-02 1.73633397e-04 -1.21493380e-04 3.32157118e-07 6.43826136e-06 -3.19494589e-07
2958             -1.24872589e-02 1.80099079e-04 -1.21777305e-04 -1.24875893e-02 1.73662094e-04 -1.21457878e-04 3.30415234e-07 6.43698526e-06 -3.19427201e-07
2959             -1.24863160e-02 1.80120561e-04 -1.21768557e-04 -1.24866476e-02 1.73684188e-04 -1.21449434e-04 3.31610618e-07 6.43637233e-06 -3.19123175e-07
2960             -1.24852735e-02 1.80136055e-04 -1.21739030e-04 -1.24856039e-02 1.73701398e-04 -1.21419674e-04 3.30361924e-07 6.43465619e-06 -3.19355352e-07
2961             -1.24842357e-02 1.80147194e-04 -1.21738965e-04 -1.24845677e-02 1.73713111e-04 -1.21419575e-04 3.32031797e-07 6.43408343e-06 -3.19389620e-07
2962             -1.24832718e-02 1.80156700e-04 -1.21719781e-04 -1.24836030e-02 1.73723873e-04 -1.21399813e-04 3.31173843e-07 6.43282672e-06 -3.19968142e-07
2963             -1.24824582e-02 1.80169966e-04 -1.21730109e-04 -1.24827913e-02 1.73737023e-04 -1.21409787e-04 3.33107463e-07 6.43294327e-06 -3.20321954e-07
2964             -1.24818120e-02 1.80189010e-04 -1.21719304e-04 -1.24821444e-02 1.73756677e-04 -1.21398151e-04 3.32369937e-07 6.43233342e-06 -3.21153372e-07
2965             -1.24813699e-02 1.80213124e-04 -1.21735209e-04 -1.24817042e-02 1.73780313e-04 -1.21413540e-04 3.34307598e-07 6.43281048e-06 -3.21668476e-07
2966             -1.24811156e-02 1.80236967e-04 -1.21727761e-04 -1.24814491e-02 1.73804810e-04 -1.21405204e-04 3.33502153e-07 6.43215667e-06 -3.22557026e-07
2967             -1.24810567e-02 1.80254297e-04 -1.21746503e-04 -1.24813920e-02 1.73822068e-04 -1.21423472e-04 3.35344999e-07 6.43222915e-06 -3.23031925e-07
2968             -1.24811832e-02 1.80257430e-04 -1.21743303e-04 -1.24815177e-02 1.73826443e-04 -1.21419503e-04 3.34447045e-07 6.43098604e-06 -3.23799914e-07
2969             -1.24814919e-02 1.80243693e-04 -1.21767580e-04 -1.24818281e-02 1.73813203e-04 -1.21443484e-04 3.36218735e-07 6.43049046e-06 -3.24095920e-07
2970             -1.24819674e-02 1.80214077e-04 -1.21769818e-04 -1.24823027e-02 1.73785236e-04 -1.21445175e-04 3.35256419e-07 6.42884146e-06 -3.24643427e-07
2971             -1.24826058e-02 1.80172008e-04 -1.21797940e-04 -1.24829427e-02 1.73743873e-04 -1.21473259e-04 3.36944939e-07 6.42813496e-06 -3.24681309e-07
2972             -1.24834013e-02 1.80117723e-04 -1.21804029e-04 -1.24837372e-02 1.73691239e-04 -1.21479077e-04 3.35876680e-07 6.42648459e-06 -3.24951631e-07
2973             -1.24843500e-02 1.80053829e-04 -1.21836569e-04 -1.24846874e-02 1.73627771e-04 -1.21511862e-04 3.37409958e-07 6.42605708e-06 -3.24706125e-07
2974             -1.24853822e-02 1.79984391e-04 -1.21846525e-04 -1.24857183e-02 1.73559340e-04 -1.21521825e-04 3.36150464e-07 6.42505087e-06 -3.24699831e-07
2975             -1.24864165e-02 1.79919188e-04 -1.21880103e-04 -1.24867540e-02 1.73493519e-04 -1.21555906e-04 3.37483082e-07 6.42566943e-06 -3.24197714e-07
2976             -1.24873467e-02 1.79868533e-04 -1.21886765e-04 -1.24876828e-02 1.73442499e-04 -1.21562788e-04 3.36040931e-07 6.42603434e-06 -3.23977312e-07
2977             -1.24881325e-02 1.79841502e-04 -1.21911935e-04 -1.24884697e-02 1.73413381e-04 -1.21588621e-04 3.37189785e-07 6.42812104e-06 -3.23313724e-07
2978             -1.24887362e-02 1.79839661e-04 -1.21905910e-04 -1.24890718e-02 1.73409940e-04 -1.21582927e-04 3.35519060e-07 6.42972122e-06 -3.22983649e-07
2979             -1.24891665e-02 1.79860525e-04 -1.21915842e-04 -1.24895029e-02 1.73428008e-04 -1.21593593e-04 3.36365435e-07 6.43251727e-06 -3.22248993e-07
2980             -1.24894109e-02 1.79895532e-04 -1.21894547e-04 -1.24897452e-02 1.73461364e-04 -1.21572671e-04 3.34346058e-07 6.43416764e-06 -3.21876040e-07
2981             -1.24894679e-02 1.79937626e-04 -1.21891418e-04 -1.24898027e-02 1.73501198e-04 -1.21570292e-04 3.34874383e-07 6.43642762e-06 -3.21126762e-07
2982             -1.24893104e-02 1.79979980e-04 -1.21860047e-04 -1.24896431e-02 1.73542814e-04 -1.21539268e-04 3.32658692e-07 6.43716630e-06 -3.20779171e-07
2983             -1.24889716e-02 1.80019776e-04 -1.21850046e-04 -1.24893048e-02 1.73581434e-04 -1.21529941e-04 3.33169142e-07 6.43834143e-06 -3.20104970e-07
2984             -1.24884379e-02 1.80055568e-04 -1.21814127e-04 -1.24887690e-02 1.73617637e-04 -1.21494246e-04 3.31114894e-07 6.43793142e-06 -3.19881107e-07
2985             -1.24877336e-02 1.80086766e-04 -1.21802251e-04 -1.24880655e-02 1.73648807e-04 -1.21482873e-04 3.31938589e-07 6.43795889e-06 -3.19377844e-07
2986             -1.24868592e-02 1.80111726e-04 -1.21767598e-04 -1.24871895e-02 1.73675190e-04 -1.21448225e-04 3.30303336e-07 6.43653544e-06 -3.19372818e-07
2987             -1.24858708e-02 1.80130670e-04 -1.21760472e-04 -1.24862024e-02 1.73694795e-04 -1.21441329e-04 3.31614373e-07 6.43587527e-06 -3.19142194e-07
2988             -1.24848190e-02 1.80143736e-04 -1.21733100e-04 -1.24851495e-02 1.73709517e-04 -1.21413647e-04 3.30474803e-07 6.43421859e-06 -3.19453569e-07
2989             -1.24838067e-02 1.80153731e-04 -1.21735512e-04 -1.24841389e-02 1.73719939e-04 -1.21415946e-04 3.32232713e-07 6.43379124e-06 -3.19566407e-07
2990             -1.24829037e-02 1.80163869e-04 -1.21718663e-04 -1.24832351e-02 1.73731155e-04 -1.21398449e-04 3.31429918e-07 6.43271439e-06 -3.20213675e-07
2991             -1.24821627e-02 1.80179513e-04 -1.21730685e-04 -1.24824961e-02 1.73746538e-04 -1.21410066e-04 3.33386209e-07 6.43297496e-06 -3.20618433e-07
2992             -1.24815977e-02 1.80200674e-04 -1.21720833e-04 -1.24819304e-02 1.73768251e-04 -1.21399355e-04 3.32646035e-07 6.43242248e-06 -3.21477846e-07
2993             -1.24812351e-02 1.80225210e-04 -1.21737164e-04 -1.24815697e-02 1.73792359e-04 -1.21415167e-04 3.34568048e-07 6.43285034e-06 -3.21996603e-07
2994             -1.24810578e-02 1.80246462e-04 -1.21730194e-04 -1.24813915e-02 1.73814401e-04 -1.21407327e-04 3.33742803e-07 6.43206126e-06 -3.22867112e-07
2995             -1.24810856e-02 1.80257334e-04 -1.21750015e-04 -1.24814212e-02 1.73825374e-04 -1.21426708e-04 3.35566509e-07 6.43195974e-06 -3.23306573e-07
2996             -1.24812959e-02 1.80252244e-04 -1.21748108e-04 -1.24816306e-02 1.73821690e-04 -1.21424082e-04 3.34647397e-07 6.43055340e-06 -3.24025594e-07
2997             -1.24816801e-02 1.80230793e-04 -1.21773287e-04 -1.24820165e-02 1.73800857e-04 -1.21449023e-04 3.36398256e-07 6.42993531e-06 -3.24263998e-07
2998             -1.24822119e-02 1.80194900e-04 -1.21776141e-04 -1.24825474e-02 1.73766697e-04 -1.21451392e-04 3.35418698e-07 6.42820340e-06 -3.24748550e-07
2999             -1.24829203e-02 1.80146871e-04 -1.21805152e-04 -1.24832573e-02 1.73719405e-04 -1.21480432e-04 3.37079993e-07 6.42746601e-06 -3.24720402e-07
3000             -1.24837887e-02 1.80086862e-04 -1.21812476e-04 -1.24841246e-02 1.73661011e-04 -1.21487551e-04 3.35971252e-07 6.42585038e-06 -3.24925174e-07
