# Force         
# CofR          : (0.00000000e+00 0.00000000e+00 3.99000000e-01)
#
# Time          	total_x total_y total_z	pressure_x pressure_y pressure_z	viscous_x viscous_y viscous_z
2001             9.33684466e-02 2.17454505e+00 -1.47712740e+01 9.25705356e-02 2.17705166e+00 -9.64255695e+00 7.97911064e-04 -2.50661775e-03 -5.12871710e+00
2002             9.26723814e-02 2.14370647e+00 -1.47717774e+01 9.18474064e-02 2.14637840e+00 -9.64287059e+00 8.24975003e-04 -2.67193162e-03 -5.12890684e+00
2003             9.30643041e-02 2.10878122e+00 -1.47714135e+01 9.22103904e-02 2.11160010e+00 -9.64221918e+00 8.53913625e-04 -2.81887971e-03 -5.12919432e+00
2004             9.41878231e-02 2.07267473e+00 -1.47711361e+01 9.33125104e-02 2.07562210e+00 -9.64159935e+00 8.75312625e-04 -2.94736882e-03 -5.12953676e+00
2005             9.47172893e-02 2.03698004e+00 -1.47706606e+01 9.38342170e-02 2.04004394e+00 -9.64078715e+00 8.83072296e-04 -3.06390021e-03 -5.12987349e+00
2006             9.30724766e-02 2.00485578e+00 -1.47712830e+01 9.21797883e-02 2.00802441e+00 -9.64115478e+00 8.92688354e-04 -3.16863090e-03 -5.13012826e+00
2007             9.00752131e-02 1.97857950e+00 -1.47715840e+01 8.91737085e-02 1.98183808e+00 -9.64133859e+00 9.01504683e-04 -3.25858123e-03 -5.13024537e+00
2008             8.67970110e-02 1.95957842e+00 -1.47719717e+01 8.58890425e-02 1.96290636e+00 -9.64176504e+00 9.07968504e-04 -3.32793920e-03 -5.13020671e+00
2009             8.42903308e-02 1.94760788e+00 -1.47715428e+01 8.33946157e-02 1.95097167e+00 -9.64152157e+00 8.95715083e-04 -3.36378496e-03 -5.13002122e+00
2010             8.33030737e-02 1.94328668e+00 -1.47716026e+01 8.24354683e-02 1.94664209e+00 -9.64188263e+00 8.67605414e-04 -3.35541050e-03 -5.12971999e+00
2011             8.35183245e-02 1.94671595e+00 -1.47714124e+01 8.26950670e-02 1.95001451e+00 -9.64204991e+00 8.23257466e-04 -3.29855252e-03 -5.12936245e+00
2012             8.23470439e-02 1.95807434e+00 -1.47716080e+01 8.15736713e-02 1.96127234e+00 -9.64257545e+00 7.73372532e-04 -3.19800590e-03 -5.12903255e+00
2013             7.89040754e-02 1.97620110e+00 -1.47714105e+01 7.81771500e-02 1.97926880e+00 -9.64260906e+00 7.26925436e-04 -3.06769199e-03 -5.12880148e+00
2014             7.36879904e-02 2.00158053e+00 -1.47721951e+01 7.29927040e-02 2.00450834e+00 -9.64348425e+00 6.95286388e-04 -2.92781608e-03 -5.12871087e+00
2015             6.90741388e-02 2.03218485e+00 -1.47733221e+01 6.83909626e-02 2.03496832e+00 -9.64455858e+00 6.83176205e-04 -2.78347253e-03 -5.12876354e+00
2016             6.63926149e-02 2.06591520e+00 -1.47748955e+01 6.57047220e-02 2.06855570e+00 -9.64596827e+00 6.87892898e-04 -2.64049645e-03 -5.12892726e+00
2017             6.68462330e-02 2.09992689e+00 -1.47751311e+01 6.61440745e-02 2.10243347e+00 -9.64596682e+00 7.02158520e-04 -2.50658530e-03 -5.12916432e+00
2018             6.88382440e-02 2.13461349e+00 -1.47749064e+01 6.81162273e-02 2.13699474e+00 -9.64546796e+00 7.22016699e-04 -2.38124262e-03 -5.12943847e+00
2019             6.97764850e-02 2.16754868e+00 -1.47741278e+01 6.90274878e-02 2.16981646e+00 -9.64442137e+00 7.48997213e-04 -2.26778443e-03 -5.12970642e+00
2020             7.01323208e-02 2.19747343e+00 -1.47743220e+01 6.93483163e-02 2.19963304e+00 -9.64441871e+00 7.84004508e-04 -2.15960761e-03 -5.12990332e+00
2021             7.08361675e-02 2.22176114e+00 -1.47741408e+01 7.00189065e-02 2.22382897e+00 -9.64415553e+00 8.17260962e-04 -2.06783334e-03 -5.12998523e+00
2022             7.28870597e-02 2.23904146e+00 -1.47739959e+01 7.20567698e-02 2.24104307e+00 -9.64406088e+00 8.30289905e-04 -2.00161059e-03 -5.12993505e+00
2023             7.66166755e-02 2.24834382e+00 -1.47728210e+01 7.57946889e-02 2.25031424e+00 -9.64305742e+00 8.21986592e-04 -1.97041411e-03 -5.12976356e+00
2024             8.21333998e-02 2.24953679e+00 -1.47720757e+01 8.13329408e-02 2.25151857e+00 -9.64257951e+00 8.00459048e-04 -1.98177925e-03 -5.12949622e+00
2025             8.82943868e-02 2.24314577e+00 -1.47711649e+01 8.75204870e-02 2.24518436e+00 -9.64197755e+00 7.73899813e-04 -2.03859011e-03 -5.12918730e+00
2026             9.27960582e-02 2.22971722e+00 -1.47708427e+01 9.20420009e-02 2.23185791e+00 -9.64192729e+00 7.54057285e-04 -2.14068877e-03 -5.12891539e+00
2027             9.38272254e-02 2.20907464e+00 -1.47703596e+01 9.30755133e-02 2.21135297e+00 -9.64160822e+00 7.51712077e-04 -2.27833612e-03 -5.12875137e+00
2028             9.23235498e-02 2.18356562e+00 -1.47708316e+01 9.15549517e-02 2.18600353e+00 -9.64209588e+00 7.68598140e-04 -2.43790670e-03 -5.12873570e+00
2029             9.12996883e-02 2.15436293e+00 -1.47712518e+01 9.05023693e-02 2.15696378e+00 -9.64239848e+00 7.97319006e-04 -2.60084595e-03 -5.12885330e+00
2030             9.12892791e-02 2.12197161e+00 -1.47718362e+01 9.04596540e-02 2.12472547e+00 -9.64275915e+00 8.29625114e-04 -2.75385959e-03 -5.12907703e+00
2031             9.24643747e-02 2.08576602e+00 -1.47712510e+01 9.16032837e-02 2.08865449e+00 -9.64188128e+00 8.61091008e-04 -2.88847287e-03 -5.12936976e+00
2032             9.39012696e-02 2.05068765e+00 -1.47709089e+01 9.30210526e-02 2.05369784e+00 -9.64122062e+00 8.80217057e-04 -3.01019060e-03 -5.12968824e+00
2033             9.36337782e-02 2.01769414e+00 -1.47706419e+01 9.27406746e-02 2.02081227e+00 -9.64067270e+00 8.93103559e-04 -3.11812491e-03 -5.12996924e+00
2034             9.11138978e-02 1.98968252e+00 -1.47714060e+01 9.02047419e-02 1.99289273e+00 -9.64125521e+00 9.09155898e-04 -3.21021894e-03 -5.13015081e+00
2035             8.76239947e-02 1.96781210e+00 -1.47717512e+01 8.67033896e-02 1.97109509e+00 -9.64155338e+00 9.20605076e-04 -3.28298727e-03 -5.13019783e+00
2036             8.51645237e-02 1.95336969e+00 -1.47722076e+01 8.42449148e-02 1.95669895e+00 -9.64210703e+00 9.19608896e-04 -3.32925822e-03 -5.13010053e+00
2037             8.44703037e-02 1.94618476e+00 -1.47718635e+01 8.35741130e-02 1.94952156e+00 -9.64199226e+00 8.96190670e-04 -3.33680115e-03 -5.12987125e+00
2038             8.50479753e-02 1.94674926e+00 -1.47719011e+01 8.41931762e-02 1.95004589e+00 -9.64235107e+00 8.54799125e-04 -3.29663033e-03 -5.12955004e+00
2039             8.49311584e-02 1.95505670e+00 -1.47714587e+01 8.41302450e-02 1.95826777e+00 -9.64224633e+00 8.00913319e-04 -3.21106650e-03 -5.12921240e+00
2040             8.23834013e-02 1.97074676e+00 -1.47714856e+01 8.16336633e-02 1.97383970e+00 -9.64254534e+00 7.49737981e-04 -3.09294707e-03 -5.12894026e+00
2041             7.74728100e-02 1.99299291e+00 -1.47715146e+01 7.67637243e-02 1.99595251e+00 -9.64273280e+00 7.09085713e-04 -2.95960216e-03 -5.12878183e+00
2042             7.17928752e-02 2.02107976e+00 -1.47727888e+01 7.11026908e-02 2.02389919e+00 -9.64402787e+00 6.90184443e-04 -2.81942981e-03 -5.12876096e+00
2043             6.80206847e-02 2.05305045e+00 -1.47739667e+01 6.73294762e-02 2.05572966e+00 -9.64510787e+00 6.91208524e-04 -2.67920411e-03 -5.12885885e+00
2044             6.71382137e-02 2.08737783e+00 -1.47749806e+01 6.64335360e-02 2.08992127e+00 -9.64593996e+00 7.04677639e-04 -2.54344003e-03 -5.12904061e+00
2045             6.84209053e-02 2.12106042e+00 -1.47747112e+01 6.76958808e-02 2.12347564e+00 -9.64544002e+00 7.25024493e-04 -2.41521933e-03 -5.12927121e+00
2046             6.95050914e-02 2.15413193e+00 -1.47744437e+01 6.87508645e-02 2.15642998e+00 -9.64491951e+00 7.54226871e-04 -2.29805100e-03 -5.12952420e+00
2047             6.98661534e-02 2.18427068e+00 -1.47739232e+01 6.90759958e-02 2.18646396e+00 -9.64417299e+00 7.90157585e-04 -2.19327908e-03 -5.12975017e+00
2048             6.99710545e-02 2.21033213e+00 -1.47741611e+01 6.91428462e-02 2.21242945e+00 -9.64426347e+00 8.28208215e-04 -2.09731150e-03 -5.12989766e+00
2049             7.10357152e-02 2.22998113e+00 -1.47737521e+01 7.01838554e-02 2.23200564e+00 -9.64382000e+00 8.51859824e-04 -2.02450309e-03 -5.12993210e+00
2050             7.36078867e-02 2.24248121e+00 -1.47733466e+01 7.27585785e-02 2.24446448e+00 -9.64350117e+00 8.49308213e-04 -1.98327511e-03 -5.12984542e+00
2051             7.83103927e-02 2.24660317e+00 -1.47722776e+01 7.74830422e-02 2.24858562e+00 -9.64262995e+00 8.27350506e-04 -1.98245184e-03 -5.12964767e+00
2052             8.46939963e-02 2.24321765e+00 -1.47717698e+01 8.38994280e-02 2.24523888e+00 -9.64239779e+00 7.94568337e-04 -2.02123878e-03 -5.12937204e+00
2053             9.02834781e-02 2.23221262e+00 -1.47707690e+01 8.95200865e-02 2.23431753e+00 -9.64167958e+00 7.63391638e-04 -2.10491070e-03 -5.12908939e+00
2054             9.22966857e-02 2.21452140e+00 -1.47703268e+01 9.15490964e-02 2.21674920e+00 -9.64144675e+00 7.47589291e-04 -2.22780418e-03 -5.12888005e+00
2055             9.15634473e-02 2.19113439e+00 -1.47699642e+01 9.08084436e-02 2.19351099e+00 -9.64116699e+00 7.55003699e-04 -2.37659400e-03 -5.12879719e+00
2056             8.99025408e-02 2.16404666e+00 -1.47707448e+01 8.91232136e-02 2.16658101e+00 -9.64189884e+00 7.79327193e-04 -2.53434988e-03 -5.12884595e+00
2057             8.95396347e-02 2.13311399e+00 -1.47712786e+01 8.87263805e-02 2.13580486e+00 -9.64227485e+00 8.13254178e-04 -2.69086910e-03 -5.12900377e+00
2058             9.06725688e-02 2.09900270e+00 -1.47716749e+01 8.98235109e-02 2.10183598e+00 -9.64243302e+00 8.49057881e-04 -2.83327487e-03 -5.12924191e+00
2059             9.25240918e-02 2.06405978e+00 -1.47709945e+01 9.16455193e-02 2.06702297e+00 -9.64147126e+00 8.78572510e-04 -2.96318950e-03 -5.12952319e+00
2060             9.34158881e-02 2.03083319e+00 -1.47708042e+01 9.25182384e-02 2.03390793e+00 -9.64100202e+00 8.97649725e-04 -3.07473970e-03 -5.12980221e+00
2061             9.16355277e-02 2.00100368e+00 -1.47708046e+01 9.07178088e-02 2.00417392e+00 -9.64078108e+00 9.17718893e-04 -3.17023973e-03 -5.13002353e+00
2062             8.83790514e-02 1.97710210e+00 -1.47717591e+01 8.74449668e-02 1.98034943e+00 -9.64161711e+00 9.34084630e-04 -3.24732524e-03 -5.13014196e+00
2063             8.58018873e-02 1.95968806e+00 -1.47722054e+01 8.48614234e-02 1.96298933e+00 -9.64207394e+00 9.40463984e-04 -3.30126660e-03 -5.13013143e+00
2064             8.51305554e-02 1.95017226e+00 -1.47726628e+01 8.42055724e-02 1.95349415e+00 -9.64267847e+00 9.24982928e-04 -3.32188925e-03 -5.12998431e+00
2065             8.57843837e-02 1.94793056e+00 -1.47721757e+01 8.48975855e-02 1.95122883e+00 -9.64245795e+00 8.86798224e-04 -3.29827361e-03 -5.12971774e+00
2066             8.63257522e-02 1.95364303e+00 -1.47719965e+01 8.54939352e-02 1.95687187e+00 -9.64260274e+00 8.31816978e-04 -3.22883920e-03 -5.12939372e+00
2067             8.47959121e-02 1.96620073e+00 -1.47713839e+01 8.40223597e-02 1.96932512e+00 -9.64228794e+00 7.73552454e-04 -3.12438271e-03 -5.12909598e+00
2068             8.05825545e-02 1.98565766e+00 -1.47715998e+01 7.98579712e-02 1.98865718e+00 -9.64271639e+00 7.24583227e-04 -2.99952302e-03 -5.12888338e+00
2069             7.46346882e-02 2.01126163e+00 -1.47720365e+01 7.39390089e-02 2.01412941e+00 -9.64324614e+00 6.95679317e-04 -2.86777662e-03 -5.12879033e+00
2070             6.98212373e-02 2.04160465e+00 -1.47735336e+01 6.91318398e-02 2.04433391e+00 -9.64471554e+00 6.89397531e-04 -2.72926608e-03 -5.12881809e+00
2071             6.77814882e-02 2.07463585e+00 -1.47743696e+01 6.70818041e-02 2.07722771e+00 -9.64542986e+00 6.99684089e-04 -2.59185670e-03 -5.12893974e+00
2072             6.79425599e-02 2.10857379e+00 -1.47748878e+01 6.72226520e-02 2.11103565e+00 -9.64576636e+00 7.19907843e-04 -2.46186109e-03 -5.12912148e+00
2073             6.90356242e-02 2.14162229e+00 -1.47743098e+01 6.82876584e-02 2.14396335e+00 -9.64497021e+00 7.47965771e-04 -2.34106678e-03 -5.12933961e+00
2074             6.91921123e-02 2.17239929e+00 -1.47740954e+01 6.84064764e-02 2.17463241e+00 -9.64452806e+00 7.85635971e-04 -2.23312130e-03 -5.12956729e+00
2075             6.92620427e-02 2.19895739e+00 -1.47737168e+01 6.84363982e-02 2.20109421e+00 -9.64395907e+00 8.25644419e-04 -2.13682327e-03 -5.12975771e+00
2076             6.94909811e-02 2.22087144e+00 -1.47738359e+01 6.86317915e-02 2.22293087e+00 -9.64397106e+00 8.59189595e-04 -2.05942517e-03 -5.12986480e+00
2077             7.12014122e-02 2.23593443e+00 -1.47732805e+01 7.03357654e-02 2.23794508e+00 -9.64341578e+00 8.65646843e-04 -2.01064892e-03 -5.12986468e+00
2078             7.49483273e-02 2.24378055e+00 -1.47729310e+01 7.41019429e-02 2.24577837e+00 -9.64318258e+00 8.46384455e-04 -1.99781787e-03 -5.12974840e+00
2079             8.08662538e-02 2.24276400e+00 -1.47719966e+01 8.00556917e-02 2.24478496e+00 -9.64246729e+00 8.10562139e-04 -2.02095978e-03 -5.12952926e+00
2080             8.71674036e-02 2.23468177e+00 -1.47714254e+01 8.63965946e-02 2.23676637e+00 -9.64216401e+00 7.70809059e-04 -2.08460223e-03 -5.12926138e+00
2081             9.07229741e-02 2.21950357e+00 -1.47702274e+01 8.99806496e-02 2.22169271e+00 -9.64120019e+00 7.42324458e-04 -2.18914852e-03 -5.12902718e+00
2082             9.10139173e-02 2.19823598e+00 -1.47698034e+01 9.02752129e-02 2.20055881e+00 -9.64091138e+00 7.38704461e-04 -2.32282699e-03 -5.12889204e+00
2083             8.90968810e-02 2.17268277e+00 -1.47698531e+01 8.83416878e-02 2.17515701e+00 -9.64097560e+00 7.55193158e-04 -2.47423246e-03 -5.12887753e+00
2084             8.81613401e-02 2.14422294e+00 -1.47710582e+01 8.73712013e-02 2.14685145e+00 -9.64208566e+00 7.90138804e-04 -2.62851360e-03 -5.12897255e+00
2085             8.89672310e-02 2.11196440e+00 -1.47715127e+01 8.81385087e-02 2.11474194e+00 -9.64235947e+00 8.28722296e-04 -2.77753471e-03 -5.12915318e+00
2086             9.06679336e-02 2.07685073e+00 -1.47715846e+01 8.98007675e-02 2.07976452e+00 -9.64219722e+00 8.67166089e-04 -2.91379207e-03 -5.12938735e+00
2087             9.25757694e-02 2.04346426e+00 -1.47707809e+01 9.16794992e-02 2.04649771e+00 -9.64113809e+00 8.96270169e-04 -3.03345060e-03 -5.12964281e+00
2088             9.22670441e-02 2.01350662e+00 -1.47707947e+01 9.13467956e-02 2.01664005e+00 -9.64091451e+00 9.20248482e-04 -3.13343154e-03 -5.12988017e+00
2089             8.96450248e-02 1.98768369e+00 -1.47711137e+01 8.87010506e-02 1.99089707e+00 -9.64106205e+00 9.43974128e-04 -3.21337651e-03 -5.13005168e+00
2090             8.63719052e-02 1.96826118e+00 -1.47723033e+01 8.54160614e-02 1.97153183e+00 -9.64218320e+00 9.55843857e-04 -3.27065708e-03 -5.13012014e+00
2091             8.55974302e-02 1.95569082e+00 -1.47727856e+01 8.46471047e-02 1.95899285e+00 -9.64272522e+00 9.50325516e-04 -3.30203005e-03 -5.13006034e+00
2092             8.65652809e-02 1.95108235e+00 -1.47730220e+01 8.56476933e-02 1.95437475e+00 -9.64315483e+00 9.17587590e-04 -3.29239822e-03 -5.12986720e+00
2093             8.76394406e-02 1.95367200e+00 -1.47721929e+01 8.67747724e-02 1.95691155e+00 -9.64261152e+00 8.64668233e-04 -3.23955404e-03 -5.12958135e+00
2094             8.67957914e-02 1.96403373e+00 -1.47718588e+01 8.59944299e-02 1.96718105e+00 -9.64258054e+00 8.01361483e-04 -3.14732115e-03 -5.12927823e+00
2095             8.35754174e-02 1.98073003e+00 -1.47713371e+01 8.28301871e-02 1.98376351e+00 -9.64230877e+00 7.45230356e-04 -3.03347618e-03 -5.12902835e+00
2096             7.79893837e-02 2.00394985e+00 -1.47718824e+01 7.72834303e-02 2.00685880e+00 -9.64301044e+00 7.05953408e-04 -2.90895099e-03 -5.12887197e+00
2097             7.21647693e-02 2.03171288e+00 -1.47725974e+01 7.14735369e-02 2.03448843e+00 -9.64376973e+00 6.91232432e-04 -2.77554263e-03 -5.12882771e+00
2098             6.90561243e-02 2.06376948e+00 -1.47739300e+01 6.83582057e-02 2.06640978e+00 -9.64504593e+00 6.97918655e-04 -2.64030136e-03 -5.12888402e+00
2099             6.80489674e-02 2.09731356e+00 -1.47742838e+01 6.73333251e-02 2.09982043e+00 -9.64527520e+00 7.15642310e-04 -2.50687417e-03 -5.12900860e+00
2100             6.82803106e-02 2.13001018e+00 -1.47745314e+01 6.75370289e-02 2.13239269e+00 -9.64535247e+00 7.43281715e-04 -2.38250599e-03 -5.12917891e+00
2101             6.84875930e-02 2.16042804e+00 -1.47739772e+01 6.77060877e-02 2.16269736e+00 -9.64459600e+00 7.81505340e-04 -2.26932041e-03 -5.12938122e+00
2102             6.86142339e-02 2.18766429e+00 -1.47738574e+01 6.77901170e-02 2.18983810e+00 -9.64426903e+00 8.24116921e-04 -2.17380981e-03 -5.12958838e+00
2103             6.88980926e-02 2.21035330e+00 -1.47733682e+01 6.80359362e-02 2.21244534e+00 -9.64361727e+00 8.62156406e-04 -2.09203364e-03 -5.12975093e+00
2104             6.94927548e-02 2.22817486e+00 -1.47734231e+01 6.86115770e-02 2.23021109e+00 -9.64359298e+00 8.81177751e-04 -2.03623198e-03 -5.12983011e+00
2105             7.20949676e-02 2.23863048e+00 -1.47729003e+01 7.12265458e-02 2.24064451e+00 -9.64310259e+00 8.68421771e-04 -2.01403898e-03 -5.12979772e+00
2106             7.72944040e-02 2.24120552e+00 -1.47726975e+01 7.64612975e-02 2.24323135e+00 -9.64304468e+00 8.33106466e-04 -2.02583538e-03 -5.12965287e+00
2107             8.37912108e-02 2.23530797e+00 -1.47717358e+01 8.30042607e-02 2.23738037e+00 -9.64231378e+00 7.86950039e-04 -2.07240454e-03 -5.12942202e+00
2108             8.82741870e-02 2.22276045e+00 -1.47708278e+01 8.75269360e-02 2.22491903e+00 -9.64164591e+00 7.47250934e-04 -2.15858311e-03 -5.12918184e+00
2109             9.00078016e-02 2.20371606e+00 -1.47694240e+01 8.92796642e-02 2.20599384e+00 -9.64041599e+00 7.28137418e-04 -2.27778878e-03 -5.12900796e+00
2110             8.89340295e-02 2.18062261e+00 -1.47694343e+01 8.81990747e-02 2.18304040e+00 -9.64049860e+00 7.34954818e-04 -2.41779560e-03 -5.12893566e+00
2111             8.70834619e-02 2.15342432e+00 -1.47700413e+01 8.63197869e-02 2.15599175e+00 -9.64107302e+00 7.63674959e-04 -2.56742190e-03 -5.12896829e+00
2112             8.72821988e-02 2.12321142e+00 -1.47713936e+01 8.64773136e-02 2.12592829e+00 -9.64230407e+00 8.04885202e-04 -2.71687555e-03 -5.12908950e+00
2113             8.89777384e-02 2.08946694e+00 -1.47715610e+01 8.81313507e-02 2.09232691e+00 -9.64228782e+00 8.46387662e-04 -2.85997508e-03 -5.12927319e+00
2114             9.10995108e-02 2.05637969e+00 -1.47713771e+01 9.02135081e-02 2.05936847e+00 -9.64188456e+00 8.86002671e-04 -2.98877991e-03 -5.12949258e+00
2115             9.19981668e-02 2.02567032e+00 -1.47705775e+01 9.10811960e-02 2.02876574e+00 -9.64085511e+00 9.16970860e-04 -3.09541662e-03 -5.12972237e+00
2116             9.01869169e-02 1.99912166e+00 -1.47709432e+01 8.92410591e-02 2.00230198e+00 -9.64101596e+00 9.45857822e-04 -3.18031395e-03 -5.12992723e+00
2117             8.70981513e-02 1.97737737e+00 -1.47716900e+01 8.61341663e-02 1.98062045e+00 -9.64162719e+00 9.63984999e-04 -3.24307412e-03 -5.13006276e+00
2118             8.57489876e-02 1.96246244e+00 -1.47730815e+01 8.47830498e-02 1.96574331e+00 -9.64299015e+00 9.65937832e-04 -3.28086804e-03 -5.13009130e+00
2119             8.69498027e-02 1.95490814e+00 -1.47733090e+01 8.60074062e-02 1.95819246e+00 -9.64332533e+00 9.42396456e-04 -3.28431971e-03 -5.12998371e+00
2120             8.84120160e-02 1.95535861e+00 -1.47730219e+01 8.75190090e-02 1.95860568e+00 -9.64326296e+00 8.93007009e-04 -3.24707075e-03 -5.12975896e+00
2121             8.83763825e-02 1.96257639e+00 -1.47720436e+01 8.75481628e-02 1.96574607e+00 -9.64256873e+00 8.28219753e-04 -3.16967533e-03 -5.12947485e+00
2122             8.60333530e-02 1.97693835e+00 -1.47717421e+01 8.52681029e-02 1.98000532e+00 -9.64253610e+00 7.65250084e-04 -3.06697199e-03 -5.12920598e+00
2123             8.11976636e-02 1.99717966e+00 -1.47714657e+01 8.04812666e-02 2.00013182e+00 -9.64246508e+00 7.16396955e-04 -2.95216087e-03 -5.12900057e+00
2124             7.51317986e-02 2.02311263e+00 -1.47723103e+01 7.44404135e-02 2.02593746e+00 -9.64342131e+00 6.91385080e-04 -2.82482980e-03 -5.12888898e+00
2125             7.09771520e-02 2.05303166e+00 -1.47729742e+01 7.02868980e-02 2.05572509e+00 -9.64409914e+00 6.90253998e-04 -2.69343344e-03 -5.12887505e+00
2126             6.88230152e-02 2.08589236e+00 -1.47740297e+01 6.81176586e-02 2.08844981e+00 -9.64509108e+00 7.05356592e-04 -2.55744988e-03 -5.12893867e+00
2127             6.81702919e-02 2.11837888e+00 -1.47741511e+01 6.74390591e-02 2.12080958e+00 -9.64509599e+00 7.31232805e-04 -2.43070393e-03 -5.12905508e+00
2128             6.81712603e-02 2.14915571e+00 -1.47742997e+01 6.74019768e-02 2.15146903e+00 -9.64508434e+00 7.69283479e-04 -2.31332017e-03 -5.12921532e+00
2129             6.82554044e-02 2.17635062e+00 -1.47736163e+01 6.74406509e-02 2.17856362e+00 -9.64420598e+00 8.14753463e-04 -2.21299793e-03 -5.12941031e+00
2130             6.83201044e-02 2.19994619e+00 -1.47733765e+01 6.74635396e-02 2.20207713e+00 -9.64377243e+00 8.56564809e-04 -2.13094017e-03 -5.12960403e+00
2131             6.81619169e-02 2.21911276e+00 -1.47729773e+01 6.72773495e-02 2.22118323e+00 -9.64323088e+00 8.84567460e-04 -2.07047115e-03 -5.12974644e+00
2132             6.97494519e-02 2.23258100e+00 -1.47731475e+01 6.88667909e-02 2.23462132e+00 -9.64335049e+00 8.82661005e-04 -2.04031664e-03 -5.12979702e+00
2133             7.42151852e-02 2.23806249e+00 -1.47728040e+01 7.33645129e-02 2.24010458e+00 -9.64307208e+00 8.50672336e-04 -2.04209036e-03 -5.12973189e+00
2134             8.00838759e-02 2.23530618e+00 -1.47724671e+01 7.92816167e-02 2.23738046e+00 -9.64290865e+00 8.02259225e-04 -2.07428026e-03 -5.12955845e+00
2135             8.55438240e-02 2.22494669e+00 -1.47711210e+01 8.47911566e-02 2.22708857e+00 -9.64178700e+00 7.52667372e-04 -2.14188710e-03 -5.12933404e+00
2136             8.86135821e-02 2.20867155e+00 -1.47698693e+01 8.78926941e-02 2.21091450e+00 -9.64073178e+00 7.20888066e-04 -2.24295235e-03 -5.12913748e+00
2137             8.85638486e-02 2.18696938e+00 -1.47687857e+01 8.78483198e-02 2.18933841e+00 -9.63976862e+00 7.15528733e-04 -2.36903069e-03 -5.12901711e+00
2138             8.65324467e-02 2.16210272e+00 -1.47694811e+01 8.57963455e-02 2.16461368e+00 -9.64049192e+00 7.36101111e-04 -2.51096141e-03 -5.12898913e+00
2139             8.60398341e-02 2.13373437e+00 -1.47705127e+01 8.52633577e-02 2.13639125e+00 -9.64146354e+00 7.76476405e-04 -2.65688200e-03 -5.12904921e+00
2140             8.74038616e-02 2.10235965e+00 -1.47717038e+01 8.65824025e-02 2.10516468e+00 -9.64252693e+00 8.21459168e-04 -2.80502981e-03 -5.12917688e+00
2141             8.96193699e-02 2.06906202e+00 -1.47714845e+01 8.87518680e-02 2.07200389e+00 -9.64213487e+00 8.67501937e-04 -2.94186111e-03 -5.12934961e+00
2142             9.12656745e-02 2.03886903e+00 -1.47710627e+01 9.03559137e-02 2.04192606e+00 -9.64150997e+00 9.09760845e-04 -3.05702502e-03 -5.12955269e+00
2143             9.08359655e-02 2.01147601e+00 -1.47704665e+01 8.98927192e-02 2.01462297e+00 -9.64069998e+00 9.43246214e-04 -3.14696437e-03 -5.12976652e+00
2144             8.81985552e-02 1.98828325e+00 -1.47713754e+01 8.72280598e-02 1.99149638e+00 -9.64142357e+00 9.70495337e-04 -3.21313019e-03 -5.12995184e+00
2145             8.63745219e-02 1.97079285e+00 -1.47725715e+01 8.53970004e-02 1.97404837e+00 -9.64251207e+00 9.77521494e-04 -3.25551940e-03 -5.13005947e+00
2146             8.72781707e-02 1.96084686e+00 -1.47739048e+01 8.63131449e-02 1.96411617e+00 -9.64385964e+00 9.65025813e-04 -3.26931113e-03 -5.13004517e+00
2147             8.91888987e-02 1.95839135e+00 -1.47735334e+01 8.82677433e-02 1.96163797e+00 -9.64363311e+00 9.21155384e-04 -3.24661923e-03 -5.12990025e+00
2148             8.96006899e-02 1.96328860e+00 -1.47728021e+01 8.87424425e-02 1.96647304e+00 -9.64314023e+00 8.58247397e-04 -3.18444272e-03 -5.12966185e+00
2149             8.81029048e-02 1.97485130e+00 -1.47717434e+01 8.73139140e-02 1.97794543e+00 -9.64234701e+00 7.88990811e-04 -3.09413667e-03 -5.12939644e+00
2150             8.40783360e-02 1.99300428e+00 -1.47716350e+01 8.33460969e-02 1.99599510e+00 -9.64247143e+00 7.32239083e-04 -2.99081472e-03 -5.12916354e+00
2151             7.84748738e-02 2.01593978e+00 -1.47717311e+01 7.77787848e-02 2.01881181e+00 -9.64273374e+00 6.96088929e-04 -2.87202601e-03 -5.12899731e+00
2152             7.32110582e-02 2.04392962e+00 -1.47726164e+01 7.25241157e-02 2.04667664e+00 -9.64369934e+00 6.86942465e-04 -2.74701742e-03 -5.12891707e+00
2153             7.03548803e-02 2.07516576e+00 -1.47732101e+01 6.96577668e-02 2.07777937e+00 -9.64429263e+00 6.97113461e-04 -2.61360805e-03 -5.12891747e+00
2154             6.86778838e-02 2.10761748e+00 -1.47740163e+01 6.79572126e-02 2.11010088e+00 -9.64503881e+00 7.20671213e-04 -2.48339990e-03 -5.12897745e+00
2155             6.77435394e-02 2.13770336e+00 -1.47740055e+01 6.69862361e-02 2.14006678e+00 -9.64491854e+00 7.57303308e-04 -2.36342879e-03 -5.12908693e+00
2156             6.75639323e-02 2.16533836e+00 -1.47739799e+01 6.67600062e-02 2.16759447e+00 -9.64473247e+00 8.03926137e-04 -2.25610318e-03 -5.12924748e+00
2157             6.77295995e-02 2.18903763e+00 -1.47731564e+01 6.68811019e-02 2.19121037e+00 -9.64371024e+00 8.48497611e-04 -2.17273650e-03 -5.12944616e+00
2158             6.75805732e-02 2.20936067e+00 -1.47730538e+01 6.66982914e-02 2.21146788e+00 -9.64341922e+00 8.82281796e-04 -2.10720637e-03 -5.12963462e+00
2159             6.81338179e-02 2.22487110e+00 -1.47727923e+01 6.72407608e-02 2.22694121e+00 -9.64303362e+00 8.93057118e-04 -2.07011358e-03 -5.12975872e+00
2160             7.13702527e-02 2.23370060e+00 -1.47731927e+01 7.05004660e-02 2.23576370e+00 -9.64341543e+00 8.69786641e-04 -2.06309762e-03 -5.12977731e+00
2161             7.66127462e-02 2.23405618e+00 -1.47727747e+01 7.57907288e-02 2.23614016e+00 -9.64309778e+00 8.22017421e-04 -2.08397666e-03 -5.12967691e+00
2162             8.20747598e-02 2.22629777e+00 -1.47720356e+01 8.13081089e-02 2.22843232e+00 -9.64254447e+00 7.66650984e-04 -2.13454827e-03 -5.12949110e+00
2163             8.61187339e-02 2.21194120e+00 -1.47701927e+01 8.53962576e-02 2.21415870e+00 -9.64090288e+00 7.22476311e-04 -2.21750475e-03 -5.12928978e+00
2164             8.76566808e-02 2.19265416e+00 -1.47689560e+01 8.69537819e-02 2.19498009e+00 -9.63982139e+00 7.02898914e-04 -2.32592622e-03 -5.12913462e+00
2165             8.65298995e-02 2.16951335e+00 -1.47686038e+01 8.58176912e-02 2.17196937e+00 -9.63955435e+00 7.12208325e-04 -2.45602093e-03 -5.12904943e+00
2166             8.49491529e-02 2.14306794e+00 -1.47699327e+01 8.42024357e-02 2.14566351e+00 -9.64088552e+00 7.46717227e-04 -2.59557261e-03 -5.12904719e+00
2167             8.59361527e-02 2.11323692e+00 -1.47710743e+01 8.51427561e-02 2.11597892e+00 -9.64196078e+00 7.93396623e-04 -2.74200342e-03 -5.12911351e+00
2168             8.79788809e-02 2.08193981e+00 -1.47718648e+01 8.71366054e-02 2.08482516e+00 -9.64263271e+00 8.42275546e-04 -2.88535282e-03 -5.12923208e+00
2169             8.99534086e-02 2.05121079e+00 -1.47711518e+01 8.90599029e-02 2.05422071e+00 -9.64176124e+00 8.93505787e-04 -3.00992343e-03 -5.12939053e+00
2170             9.05485726e-02 2.02383861e+00 -1.47706469e+01 8.96119428e-02 2.02694573e+00 -9.64106008e+00 9.36629710e-04 -3.10711831e-03 -5.12958681e+00
2171             8.90107681e-02 1.99961492e+00 -1.47706228e+01 8.80413720e-02 2.00279378e+00 -9.64082687e+00 9.69396034e-04 -3.17886582e-03 -5.12979588e+00
2172             8.72121730e-02 1.98039198e+00 -1.47722702e+01 8.62266967e-02 1.98361723e+00 -9.64230422e+00 9.85476305e-04 -3.22524398e-03 -5.12996601e+00
2173             8.74965769e-02 1.96752820e+00 -1.47736425e+01 8.65163423e-02 1.97077315e+00 -9.64360238e+00 9.80234530e-04 -3.24495417e-03 -5.13004008e+00
2174             8.94587104e-02 1.96261009e+00 -1.47743096e+01 8.85114954e-02 1.96584372e+00 -9.64432459e+00 9.47215007e-04 -3.23362961e-03 -5.12998500e+00
2175             9.05445945e-02 1.96479217e+00 -1.47732553e+01 8.96577774e-02 1.96797789e+00 -9.64344078e+00 8.86817155e-04 -3.18571420e-03 -5.12981455e+00
2176             8.98079041e-02 1.97370565e+00 -1.47724178e+01 8.89910931e-02 1.97681401e+00 -9.64283676e+00 8.16811049e-04 -3.10835186e-03 -5.12958107e+00
2177             8.69739079e-02 1.98882028e+00 -1.47716273e+01 8.62219154e-02 1.99183472e+00 -9.64228653e+00 7.51992483e-04 -3.01444817e-03 -5.12934079e+00
2178             8.17305533e-02 2.00956184e+00 -1.47718652e+01 8.10230542e-02 2.01246924e+00 -9.64272623e+00 7.07499127e-04 -2.90739840e-03 -5.12913896e+00
2179             7.60091632e-02 2.03492533e+00 -1.47720119e+01 7.53219030e-02 2.03771545e+00 -9.64301157e+00 6.87260196e-04 -2.79011649e-03 -5.12900031e+00
2180             7.19878265e-02 2.06434003e+00 -1.47727999e+01 7.12980799e-02 2.06700314e+00 -9.64386230e+00 6.89746567e-04 -2.66311334e-03 -5.12893761e+00
2181             6.95601786e-02 2.09546672e+00 -1.47732452e+01 6.88509116e-02 2.09799911e+00 -9.64430642e+00 7.09267059e-04 -2.53238804e-03 -5.12893877e+00
2182             6.77029725e-02 2.12641267e+00 -1.47740033e+01 6.69591005e-02 2.12882249e+00 -9.64500764e+00 7.43872000e-04 -2.40981609e-03 -5.12899561e+00
2183             6.71520769e-02 2.15378373e+00 -1.47738874e+01 6.63616160e-02 2.15608276e+00 -9.64477826e+00 7.90460942e-04 -2.29902372e-03 -5.12910911e+00
2184             6.72283025e-02 2.17794512e+00 -1.47735355e+01 6.63885072e-02 2.18015480e+00 -9.64424712e+00 8.39795332e-04 -2.20967802e-03 -5.12928837e+00
2185             6.71193975e-02 2.19862557e+00 -1.47727056e+01 6.62413165e-02 2.20077025e+00 -9.64320618e+00 8.78081030e-04 -2.14468766e-03 -5.12949943e+00
2186             6.69478234e-02 2.21602915e+00 -1.47728108e+01 6.60499008e-02 2.21813054e+00 -9.64312727e+00 8.97922550e-04 -2.10139363e-03 -5.12968351e+00
2187             6.90800358e-02 2.22723500e+00 -1.47729198e+01 6.81937864e-02 2.22932262e+00 -9.64313687e+00 8.86249434e-04 -2.08761322e-03 -5.12978295e+00
2188             7.33928445e-02 2.23105356e+00 -1.47733457e+01 7.25493729e-02 2.23315242e+00 -9.64358338e+00 8.43471522e-04 -2.09886081e-03 -5.12976231e+00
2189             7.86631556e-02 2.22610627e+00 -1.47724245e+01 7.78776830e-02 2.22824300e+00 -9.64278921e+00 7.85472601e-04 -2.13672818e-03 -5.12963532e+00
2190             8.33463247e-02 2.21469021e+00 -1.47711497e+01 8.26146322e-02 2.21689222e+00 -9.64169613e+00 7.31692432e-04 -2.20200741e-03 -5.12945352e+00
2191             8.59492391e-02 2.19767266e+00 -1.47691722e+01 8.52503252e-02 2.19996759e+00 -9.63989143e+00 6.98913907e-04 -2.29492924e-03 -5.12928072e+00
2192             8.57524757e-02 2.17657423e+00 -1.47685462e+01 8.50580072e-02 2.17898339e+00 -9.63939417e+00 6.94468422e-04 -2.40916679e-03 -5.12915203e+00
2193             8.44441564e-02 2.15184767e+00 -1.47689134e+01 8.37246326e-02 2.15438729e+00 -9.63982344e+00 7.19523796e-04 -2.53962371e-03 -5.12908994e+00
2194             8.46386548e-02 2.12410241e+00 -1.47705691e+01 8.38740518e-02 2.12678222e+00 -9.64147371e+00 7.64602928e-04 -2.67980745e-03 -5.12909535e+00
2195             8.63572744e-02 2.09359651e+00 -1.47714887e+01 8.55414148e-02 2.09642195e+00 -9.64233415e+00 8.15859572e-04 -2.82544088e-03 -5.12915460e+00
2196             8.84478066e-02 2.06324847e+00 -1.47718294e+01 8.75754616e-02 2.06620636e+00 -9.64256885e+00 8.72344963e-04 -2.95789011e-03 -5.12926051e+00
2197             8.98611225e-02 2.03590250e+00 -1.47709154e+01 8.89345536e-02 2.03896761e+00 -9.64149745e+00 9.26568906e-04 -3.06511204e-03 -5.12941798e+00
2198             8.94559399e-02 2.01161794e+00 -1.47708075e+01 8.84898717e-02 2.01476026e+00 -9.64118538e+00 9.66068168e-04 -3.14231699e-03 -5.12962217e+00
2199             8.79366893e-02 1.99039994e+00 -1.47715243e+01 8.69463464e-02 1.99359223e+00 -9.64169464e+00 9.90342918e-04 -3.19228969e-03 -5.12982962e+00
2200             8.78121450e-02 1.97540259e+00 -1.47734954e+01 8.68208866e-02 1.97861956e+00 -9.64351810e+00 9.91258377e-04 -3.21696415e-03 -5.12997727e+00
2201             8.97282922e-02 1.96744459e+00 -1.47743949e+01 8.87606284e-02 1.97065878e+00 -9.64438428e+00 9.67663762e-04 -3.21419251e-03 -5.13001067e+00
2202             9.13811119e-02 1.96745106e+00 -1.47742750e+01 9.04668950e-02 1.97062957e+00 -9.64435483e+00 9.14216883e-04 -3.17850573e-03 -5.12992021e+00
2203             9.12274430e-02 1.97368754e+00 -1.47728525e+01 9.03823220e-02 1.97680199e+00 -9.64311535e+00 8.45120971e-04 -3.11445876e-03 -5.12973711e+00
2204             8.90388081e-02 1.98657192e+00 -1.47722359e+01 8.82640734e-02 1.98960377e+00 -9.64272646e+00 7.74734728e-04 -3.03185161e-03 -5.12950946e+00
2205             8.45046637e-02 2.00460696e+00 -1.47717244e+01 8.37831123e-02 2.00754402e+00 -9.64243549e+00 7.21551417e-04 -2.93706610e-03 -5.12928891e+00
2206             7.90638435e-02 2.02721060e+00 -1.47721114e+01 7.83730535e-02 2.03003757e+00 -9.64300539e+00 6.90790027e-04 -2.82697197e-03 -5.12910604e+00
2207             7.44807314e-02 2.05433791e+00 -1.47721027e+01 7.37960610e-02 2.05704706e+00 -9.64311775e+00 6.84670387e-04 -2.70915025e-03 -5.12898490e+00
2208             7.13411909e-02 2.08476170e+00 -1.47728475e+01 7.06425968e-02 2.08734347e+00 -9.64391920e+00 6.98594102e-04 -2.58176602e-03 -5.12892827e+00
2209             6.85573310e-02 2.11521348e+00 -1.47733439e+01 6.78275996e-02 2.11766950e+00 -9.64441281e+00 7.29731458e-04 -2.45601864e-03 -5.12893113e+00
2210             6.68651061e-02 2.14293646e+00 -1.47740198e+01 6.60893236e-02 2.14527890e+00 -9.64502459e+00 7.75782528e-04 -2.34244492e-03 -5.12899516e+00
2211             6.64643106e-02 2.16708576e+00 -1.47735311e+01 6.56384811e-02 2.16933171e+00 -9.64439459e+00 8.25829558e-04 -2.24594988e-03 -5.12913651e+00
2212             6.62796759e-02 2.18817700e+00 -1.47730366e+01 6.54108811e-02 2.19035450e+00 -9.64369018e+00 8.68794793e-04 -2.17749895e-03 -5.12934647e+00
2213             6.62276256e-02 2.20592908e+00 -1.47724092e+01 6.53335205e-02 2.20806030e+00 -9.64283662e+00 8.94105124e-04 -2.13121879e-03 -5.12957255e+00
2214             6.72291627e-02 2.21966716e+00 -1.47729217e+01 6.63335213e-02 2.22178028e+00 -9.64317704e+00 8.95641370e-04 -2.11312163e-03 -5.12974464e+00
2215             7.06360415e-02 2.22620333e+00 -1.47731883e+01 6.97744119e-02 2.22832170e+00 -9.64337820e+00 8.61629518e-04 -2.11836938e-03 -5.12981008e+00
2216             7.54326478e-02 2.22497181e+00 -1.47732029e+01 7.46278366e-02 2.22711830e+00 -9.64344354e+00 8.04811179e-04 -2.14649476e-03 -5.12975932e+00
2217             7.97974852e-02 2.21552624e+00 -1.47716971e+01 7.90526956e-02 2.21772376e+00 -9.64207529e+00 7.44789587e-04 -2.19751133e-03 -5.12962182e+00
2218             8.31787549e-02 2.20086800e+00 -1.47700500e+01 8.24779922e-02 2.20314105e+00 -9.64059595e+00 7.00762715e-04 -2.27304447e-03 -5.12945407e+00
2219             8.46191635e-02 2.18168558e+00 -1.47683591e+01 8.39379335e-02 2.18405525e+00 -9.63906079e+00 6.81230004e-04 -2.36967619e-03 -5.12929828e+00
2220             8.41510264e-02 2.15904112e+00 -1.47685687e+01 8.34558212e-02 2.16152820e+00 -9.63938392e+00 6.95205149e-04 -2.48708179e-03 -5.12918479e+00
2221             8.35475873e-02 2.13268028e+00 -1.47695347e+01 8.28142385e-02 2.13530013e+00 -9.64040472e+00 7.33348848e-04 -2.61984935e-03 -5.12913002e+00
2222             8.48029575e-02 2.10402274e+00 -1.47712659e+01 8.40164808e-02 2.10678473e+00 -9.64213766e+00 7.86476671e-04 -2.76199327e-03 -5.12912829e+00
2223             8.69114432e-02 2.07493633e+00 -1.47717617e+01 8.60663270e-02 2.07783840e+00 -9.64258737e+00 8.45116246e-04 -2.90207253e-03 -5.12917436e+00
2224             8.84117006e-02 2.04748456e+00 -1.47715908e+01 8.75029999e-02 2.05050355e+00 -9.64231231e+00 9.08700640e-04 -3.01899602e-03 -5.12927851e+00
2225             8.89526044e-02 2.02289467e+00 -1.47707205e+01 8.79933336e-02 2.02599961e+00 -9.64126838e+00 9.59270800e-04 -3.10494004e-03 -5.12945213e+00
2226             8.82646337e-02 2.00143414e+00 -1.47713512e+01 8.72739880e-02 2.00459454e+00 -9.64167966e+00 9.90645715e-04 -3.16039628e-03 -5.12967159e+00
2227             8.83430090e-02 1.98423024e+00 -1.47727465e+01 8.73417138e-02 1.98741974e+00 -9.64287392e+00 1.00129527e-03 -3.18950425e-03 -5.12987254e+00
2228             8.97852979e-02 1.97408354e+00 -1.47745986e+01 8.87998491e-02 1.97727396e+00 -9.64461157e+00 9.85448827e-04 -3.19042245e-03 -5.12998701e+00
2229             9.19319406e-02 1.97114719e+00 -1.47746490e+01 9.09892412e-02 1.97431249e+00 -9.64466634e+00 9.42699336e-04 -3.16529364e-03 -5.12998266e+00
2230             9.23194014e-02 1.97536374e+00 -1.47739239e+01 9.14429855e-02 1.97847669e+00 -9.64405483e+00 8.76415875e-04 -3.11295446e-03 -5.12986903e+00
2231             9.07431805e-02 1.98517940e+00 -1.47725726e+01 8.99386439e-02 1.98822170e+00 -9.64289468e+00 8.04536592e-04 -3.04229942e-03 -5.12967792e+00
2232             8.69596059e-02 2.00129341e+00 -1.47722269e+01 8.62165951e-02 2.00425166e+00 -9.64277090e+00 7.43010854e-04 -2.95825122e-03 -5.12945598e+00
2233             8.21158267e-02 2.02161959e+00 -1.47718165e+01 8.14124076e-02 2.02447923e+00 -9.64257399e+00 7.03419065e-04 -2.85964301e-03 -5.12924247e+00
2234             7.74057862e-02 2.04688224e+00 -1.47719797e+01 7.67187777e-02 2.04963174e+00 -9.64291271e+00 6.87008453e-04 -2.74950336e-03 -5.12906702e+00
2235             7.33096578e-02 2.07500303e+00 -1.47719564e+01 7.26171355e-02 2.07763137e+00 -9.64300791e+00 6.92522322e-04 -2.62834788e-03 -5.12894852e+00
2236             6.97034853e-02 2.10456946e+00 -1.47729608e+01 6.89844597e-02 2.10707193e+00 -9.64406831e+00 7.19025646e-04 -2.50246630e-03 -5.12889246e+00
2237             6.68301872e-02 2.13244094e+00 -1.47734707e+01 6.60680525e-02 2.13482644e+00 -9.64457020e+00 7.62134672e-04 -2.38550181e-03 -5.12890050e+00
2238             6.59359145e-02 2.15698768e+00 -1.47737985e+01 6.51223022e-02 2.15927305e+00 -9.64480733e+00 8.13612314e-04 -2.28537251e-03 -5.12899114e+00
2239             6.59054263e-02 2.17784278e+00 -1.47728677e+01 6.50440811e-02 2.18005249e+00 -9.64369346e+00 8.61345218e-04 -2.20971388e-03 -5.12917422e+00
2240             6.55664805e-02 2.19612072e+00 -1.47724586e+01 6.46745539e-02 2.19828419e+00 -9.64303865e+00 8.91926619e-04 -2.16346599e-03 -5.12941993e+00
2241             6.58068279e-02 2.21072864e+00 -1.47723854e+01 6.49059747e-02 2.21286907e+00 -9.64273336e+00 9.00853229e-04 -2.14043348e-03 -5.12965200e+00
2242             6.81182989e-02 2.22006681e+00 -1.47732722e+01 6.72386938e-02 2.22220723e+00 -9.64346897e+00 8.79605044e-04 -2.14042098e-03 -5.12980321e+00
2243             7.23464281e-02 2.22160186e+00 -1.47732424e+01 7.15189887e-02 2.22376419e+00 -9.64340518e+00 8.27439367e-04 -2.16233157e-03 -5.12983719e+00
2244             7.63148743e-02 2.21552601e+00 -1.47725628e+01 7.55497761e-02 2.21773074e+00 -9.64279526e+00 7.65098159e-04 -2.20473018e-03 -5.12976754e+00
2245             8.01916703e-02 2.20274967e+00 -1.47705393e+01 7.94804324e-02 2.20501564e+00 -9.64090920e+00 7.11237902e-04 -2.26596599e-03 -5.12963012e+00
2246             8.24099437e-02 2.18571774e+00 -1.47689731e+01 8.17314912e-02 2.18806413e+00 -9.63950512e+00 6.78452525e-04 -2.34638790e-03 -5.12946803e+00
2247             8.30046354e-02 2.16462819e+00 -1.47680092e+01 8.23272317e-02 2.16707845e+00 -9.63869030e+00 6.77403652e-04 -2.45025704e-03 -5.12931894e+00
2248             8.27731884e-02 2.14076984e+00 -1.47689535e+01 8.20662642e-02 2.14334202e+00 -9.63974320e+00 7.06924227e-04 -2.57217807e-03 -5.12921034e+00
2249             8.32962865e-02 2.11399127e+00 -1.47702326e+01 8.25404067e-02 2.11670152e+00 -9.64108292e+00 7.55879867e-04 -2.71025184e-03 -5.12914971e+00
2250             8.50189949e-02 2.08660244e+00 -1.47717090e+01 8.42029628e-02 2.08945478e+00 -9.64257341e+00 8.16032101e-04 -2.85234231e-03 -5.12913558e+00
2251             8.66689812e-02 2.05937855e+00 -1.47715919e+01 8.57863298e-02 2.06235624e+00 -9.64241142e+00 8.82651408e-04 -2.97769669e-03 -5.12918050e+00
2252             8.77242535e-02 2.03507107e+00 -1.47712329e+01 8.67783178e-02 2.03814516e+00 -9.64192748e+00 9.45935766e-04 -3.07409349e-03 -5.12930544e+00
2253             8.80648771e-02 2.01302230e+00 -1.47709600e+01 8.70781130e-02 2.01615913e+00 -9.64145218e+00 9.86764122e-04 -3.13683033e-03 -5.12950784e+00
2254             8.83471883e-02 1.99485000e+00 -1.47724742e+01 8.73407071e-02 1.99802041e+00 -9.64273550e+00 1.00648118e-03 -3.17040608e-03 -5.12973872e+00
2255             8.98823566e-02 1.98214235e+00 -1.47740629e+01 8.88845757e-02 1.98531844e+00 -9.64414320e+00 9.97780928e-04 -3.17609190e-03 -5.12991967e+00
2256             9.19965694e-02 1.97678523e+00 -1.47751663e+01 9.10321433e-02 1.97994249e+00 -9.64516558e+00 9.64426149e-04 -3.15726091e-03 -5.13000069e+00
2257             9.29257664e-02 1.97828999e+00 -1.47744013e+01 9.20215060e-02 1.98140415e+00 -9.64443535e+00 9.04260382e-04 -3.11416619e-03 -5.12996598e+00
2258             9.17503889e-02 1.98624718e+00 -1.47734350e+01 9.09171788e-02 1.98930080e+00 -9.64360539e+00 8.33210124e-04 -3.05362423e-03 -5.12982961e+00
2259             8.88825101e-02 1.99967216e+00 -1.47723656e+01 8.81165350e-02 2.00265335e+00 -9.64274060e+00 7.65975094e-04 -2.98118919e-03 -5.12962502e+00
2260             8.46575221e-02 2.01798003e+00 -1.47721881e+01 8.39400829e-02 2.02087330e+00 -9.64279105e+00 7.17439172e-04 -2.89327056e-03 -5.12939706e+00
2261             8.03423954e-02 2.04019430e+00 -1.47716064e+01 7.96517092e-02 2.04298648e+00 -9.64242610e+00 6.90686182e-04 -2.79217482e-03 -5.12918033e+00
2262             7.56670508e-02 2.06634103e+00 -1.47717548e+01 7.49801915e-02 2.06901857e+00 -9.64275088e+00 6.86859274e-04 -2.67754144e-03 -5.12900387e+00
2263             7.14800150e-02 2.09440611e+00 -1.47720279e+01 7.07749823e-02 2.09696198e+00 -9.64314254e+00 7.05032740e-04 -2.55587399e-03 -5.12888535e+00
2264             6.75657457e-02 2.12241519e+00 -1.47731824e+01 6.68210089e-02 2.12484999e+00 -9.64434907e+00 7.44736711e-04 -2.43480087e-03 -5.12883336e+00
2265             6.55023623e-02 2.14685309e+00 -1.47734275e+01 6.47064615e-02 2.14918331e+00 -9.64456194e+00 7.95900828e-04 -2.33021936e-03 -5.12886556e+00
2266             6.49592736e-02 2.16804322e+00 -1.47732964e+01 6.41132435e-02 2.17028971e+00 -9.64429457e+00 8.46030089e-04 -2.24649072e-03 -5.12900184e+00
2267             6.46476611e-02 2.18609257e+00 -1.47723254e+01 6.37651998e-02 2.18828731e+00 -9.64308825e+00 8.82461313e-04 -2.19474275e-03 -5.12923716e+00
2268             6.47918175e-02 2.20161245e+00 -1.47724009e+01 6.38945520e-02 2.20378166e+00 -9.64289426e+00 8.97265505e-04 -2.16920983e-03 -5.12950663e+00
2269             6.62792745e-02 2.21268667e+00 -1.47727850e+01 6.53921195e-02 2.21485217e+00 -9.64305531e+00 8.87154982e-04 -2.16550323e-03 -5.12972968e+00
2270             6.94502335e-02 2.21738110e+00 -1.47735920e+01 6.86061895e-02 2.21956218e+00 -9.64374090e+00 8.44043978e-04 -2.18108091e-03 -5.12985113e+00
2271             7.29142356e-02 2.21423909e+00 -1.47729487e+01 7.21325832e-02 2.21645406e+00 -9.64308724e+00 7.81652416e-04 -2.21497010e-03 -5.12986149e+00
2272             7.63472737e-02 2.20400776e+00 -1.47716024e+01 7.56253473e-02 2.20627081e+00 -9.64182296e+00 7.21926439e-04 -2.26305376e-03 -5.12977939e+00
2273             7.94961969e-02 2.18877974e+00 -1.47694391e+01 7.88189870e-02 2.19110672e+00 -9.63980268e+00 6.77209906e-04 -2.32697981e-03 -5.12963643e+00
2274             8.12922543e-02 2.17027810e+00 -1.47683528e+01 8.06304395e-02 2.17269181e+00 -9.63888022e+00 6.61814815e-04 -2.41370136e-03 -5.12947256e+00
2275             8.18117205e-02 2.14769463e+00 -1.47681568e+01 8.11322041e-02 2.15021586e+00 -9.63883369e+00 6.79516459e-04 -2.52122953e-03 -5.12932314e+00
2276             8.18533585e-02 2.12269293e+00 -1.47696175e+01 8.11320850e-02 2.12534406e+00 -9.64040795e+00 7.21273412e-04 -2.65112608e-03 -5.12920958e+00
2277             8.32287201e-02 2.09631205e+00 -1.47709265e+01 8.24473344e-02 2.09910156e+00 -9.64178934e+00 7.81385687e-04 -2.78950351e-03 -5.12913712e+00
2278             8.48305114e-02 2.07080048e+00 -1.47719081e+01 8.39795186e-02 2.07372356e+00 -9.64278744e+00 8.50992871e-04 -2.92307961e-03 -5.12912064e+00
2279             8.61176538e-02 2.04589265e+00 -1.47713899e+01 8.51942396e-02 2.04892320e+00 -9.64220345e+00 9.23414162e-04 -3.03055720e-03 -5.12918641e+00
2280             8.69982431e-02 2.02431915e+00 -1.47712777e+01 8.60203349e-02 2.02742221e+00 -9.64192600e+00 9.77908220e-04 -3.10305933e-03 -5.12935174e+00
2281             8.82460625e-02 2.00530396e+00 -1.47717610e+01 8.72415083e-02 2.00844698e+00 -9.64217330e+00 1.00455419e-03 -3.14302537e-03 -5.12958766e+00
2282             9.00387264e-02 1.99095610e+00 -1.47736952e+01 8.90314528e-02 1.99410801e+00 -9.64387801e+00 1.00727365e-03 -3.15191320e-03 -5.12981715e+00
2283             9.20226847e-02 1.98295123e+00 -1.47748357e+01 9.10424466e-02 1.98608773e+00 -9.64486133e+00 9.80238065e-04 -3.13650390e-03 -5.12997441e+00
2284             9.33091940e-02 1.98210336e+00 -1.47752542e+01 9.23784760e-02 1.98520437e+00 -9.64522989e+00 9.30718038e-04 -3.10100505e-03 -5.13002427e+00
2285             9.28414562e-02 1.98745413e+00 -1.47740892e+01 9.19794967e-02 1.99050480e+00 -9.64412915e+00 8.61959558e-04 -3.05066468e-03 -5.12996005e+00
2286             9.03320471e-02 1.99863281e+00 -1.47731431e+01 8.95385732e-02 2.00162264e+00 -9.64334546e+00 7.93473864e-04 -2.98982763e-03 -5.12979769e+00
2287             8.67541271e-02 2.01444810e+00 -1.47722101e+01 8.60177841e-02 2.01736057e+00 -9.64263647e+00 7.36342995e-04 -2.91247393e-03 -5.12957361e+00
2288             8.29134573e-02 2.03445714e+00 -1.47719324e+01 8.22112214e-02 2.03727814e+00 -9.64260093e+00 7.02235868e-04 -2.82100431e-03 -5.12933146e+00
2289             7.86301518e-02 2.05842223e+00 -1.47712976e+01 7.79419099e-02 2.06113795e+00 -9.64219446e+00 6.88241871e-04 -2.71572567e-03 -5.12910316e+00
2290             7.37054748e-02 2.08548732e+00 -1.47715546e+01 7.30071324e-02 2.08808952e+00 -9.64263418e+00 6.98342384e-04 -2.60219724e-03 -5.12892043e+00
2291             6.90445641e-02 2.11219832e+00 -1.47722459e+01 6.83123897e-02 2.11467999e+00 -9.64344284e+00 7.32174354e-04 -2.48166376e-03 -5.12880301e+00
2292             6.55664792e-02 2.13691091e+00 -1.47733174e+01 6.47849129e-02 2.13928262e+00 -9.64454698e+00 7.81566228e-04 -2.37171558e-03 -5.12877038e+00
2293             6.44994234e-02 2.15765728e+00 -1.47730729e+01 6.36660641e-02 2.15994170e+00 -9.64422652e+00 8.33359308e-04 -2.28441797e-03 -5.12884642e+00
2294             6.39516518e-02 2.17615884e+00 -1.47726181e+01 6.30765974e-02 2.17838305e+00 -9.64357347e+00 8.75054336e-04 -2.22420728e-03 -5.12904461e+00
2295             6.38970977e-02 2.19174531e+00 -1.47719168e+01 6.30022049e-02 2.19394361e+00 -9.64259265e+00 8.94892764e-04 -2.19830133e-03 -5.12932419e+00
2296             6.49828125e-02 2.20408044e+00 -1.47726252e+01 6.40908290e-02 2.20627102e+00 -9.64302280e+00 8.91983451e-04 -2.19057874e-03 -5.12960243e+00
2297             6.72045465e-02 2.21094406e+00 -1.47732168e+01 6.63432003e-02 2.21314577e+00 -9.64341252e+00 8.61346277e-04 -2.20171689e-03 -5.12980429e+00
2298             7.00169251e-02 2.21094988e+00 -1.47735048e+01 6.92124787e-02 2.21317987e+00 -9.64360553e+00 8.04446386e-04 -2.22998699e-03 -5.12989929e+00
2299             7.31500681e-02 2.20349279e+00 -1.47721021e+01 7.24082697e-02 2.20576383e+00 -9.64221174e+00 7.41798416e-04 -2.27104088e-03 -5.12989032e+00
2300             7.63830476e-02 2.19055391e+00 -1.47704037e+01 7.56941564e-02 2.19287547e+00 -9.64061346e+00 6.88891215e-04 -2.32155737e-03 -5.12979024e+00
2301             7.87227236e-02 2.17355991e+00 -1.47684827e+01 7.80631330e-02 2.17595159e+00 -9.63885226e+00 6.59590676e-04 -2.39168506e-03 -5.12963047e+00
2302             8.02415174e-02 2.15338931e+00 -1.47680737e+01 7.95792884e-02 2.15587356e+00 -9.63861733e+00 6.62229072e-04 -2.48424727e-03 -5.12945634e+00
2303             8.10378926e-02 2.13006283e+00 -1.47685999e+01 8.03440089e-02 2.13266459e+00 -9.63930330e+00 6.93883785e-04 -2.60176121e-03 -5.12929660e+00
2304             8.15859528e-02 2.10537020e+00 -1.47703577e+01 8.08374531e-02 2.10810513e+00 -9.64118676e+00 7.48499695e-04 -2.73492504e-03 -5.12917098e+00
2305             8.30454274e-02 2.08057369e+00 -1.47713533e+01 8.22266339e-02 2.08344337e+00 -9.64225878e+00 8.18793507e-04 -2.86968269e-03 -5.12909453e+00
2306             8.42096529e-02 2.05711488e+00 -1.47717739e+01 8.33146706e-02 2.06010149e+00 -9.64267476e+00 8.94982207e-04 -2.98660847e-03 -5.12909918e+00
2307             8.53126027e-02 2.03544516e+00 -1.47712114e+01 8.43507876e-02 2.03851676e+00 -9.64200005e+00 9.61815097e-04 -3.07159944e-03 -5.12921139e+00
2308             8.72118829e-02 2.01646713e+00 -1.47717353e+01 8.62125939e-02 2.01958703e+00 -9.64230903e+00 9.99288982e-04 -3.11990033e-03 -5.12942630e+00
2309             8.95579012e-02 2.00081739e+00 -1.47729064e+01 8.85477090e-02 2.00395248e+00 -9.64322523e+00 1.01019213e-03 -3.13508865e-03 -5.12968118e+00
2310             9.19178382e-02 1.99094532e+00 -1.47747191e+01 9.09264746e-02 1.99406914e+00 -9.64481706e+00 9.91363594e-04 -3.12382218e-03 -5.12990206e+00
2311             9.32904814e-02 1.98731824e+00 -1.47752221e+01 9.23414117e-02 1.99041049e+00 -9.64518599e+00 9.49069722e-04 -3.09225669e-03 -5.13003607e+00
2312             9.33339527e-02 1.99061975e+00 -1.47749394e+01 9.24461840e-02 1.99366837e+00 -9.64488373e+00 8.87768683e-04 -3.04862017e-03 -5.13005567e+00
2313             9.13527012e-02 1.99954912e+00 -1.47735361e+01 9.05340723e-02 2.00254686e+00 -9.64358015e+00 8.18628933e-04 -2.99773718e-03 -5.12995598e+00
2314             8.82974247e-02 2.01322792e+00 -1.47728541e+01 8.75396715e-02 2.01615924e+00 -9.64309420e+00 7.57753173e-04 -2.93132418e-03 -5.12975993e+00
2315             8.50375046e-02 2.03079138e+00 -1.47719037e+01 8.43227920e-02 2.03364225e+00 -9.64239466e+00 7.14712541e-04 -2.85086747e-03 -5.12950901e+00
2316             8.12140134e-02 2.05249746e+00 -1.47714299e+01 8.05221531e-02 2.05525208e+00 -9.64218581e+00 6.91860290e-04 -2.75462094e-03 -5.12924405e+00
2317             7.62117915e-02 2.07690425e+00 -1.47709266e+01 7.55208761e-02 2.07955069e+00 -9.64192409e+00 6.90915453e-04 -2.64644579e-03 -5.12900246e+00
2318             7.06764405e-02 2.10259257e+00 -1.47717674e+01 6.99599828e-02 2.10512326e+00 -9.64294780e+00 7.16457704e-04 -2.53068923e-03 -5.12881963e+00
2319             6.63018907e-02 2.12678443e+00 -1.47725364e+01 6.55391571e-02 2.12920169e+00 -9.64381760e+00 7.62733583e-04 -2.41726340e-03 -5.12871877e+00
2320             6.40987816e-02 2.14841797e+00 -1.47730982e+01 6.32833616e-02 2.15074297e+00 -9.64436917e+00 8.15420050e-04 -2.32499895e-03 -5.12872904e+00
2321             6.31085298e-02 2.16639358e+00 -1.47725001e+01 6.22485212e-02 2.16865086e+00 -9.64362955e+00 8.60008681e-04 -2.25728143e-03 -5.12887056e+00
2322             6.27145039e-02 2.18212476e+00 -1.47721206e+01 6.18269859e-02 2.18434848e+00 -9.64298987e+00 8.87518045e-04 -2.22372266e-03 -5.12913072e+00
2323             6.37078119e-02 2.19467599e+00 -1.47720852e+01 6.28174641e-02 2.19689263e+00 -9.64264707e+00 8.90347825e-04 -2.21663649e-03 -5.12943814e+00
2324             6.52132262e-02 2.20361823e+00 -1.47731183e+01 6.43429194e-02 2.20584264e+00 -9.64341254e+00 8.70306745e-04 -2.22440957e-03 -5.12970578e+00
2325             6.74403945e-02 2.20603814e+00 -1.47733221e+01 6.66184381e-02 2.20828642e+00 -9.64343817e+00 8.21956456e-04 -2.24828029e-03 -5.12988392e+00
2326             7.00307953e-02 2.20185458e+00 -1.47728525e+01 6.92709060e-02 2.20413681e+00 -9.64289794e+00 7.59889359e-04 -2.28222846e-03 -5.12995458e+00
2327             7.28154536e-02 2.19092048e+00 -1.47709021e+01 7.21139146e-02 2.19324283e+00 -9.64098650e+00 7.01538972e-04 -2.32234679e-03 -5.12991561e+00
2328             7.56540062e-02 2.17628603e+00 -1.47693620e+01 7.49932653e-02 2.17866199e+00 -9.63957971e+00 6.60740821e-04 -2.37596851e-03 -5.12978228e+00
2329             7.82153984e-02 2.15806495e+00 -1.47679858e+01 7.75660133e-02 2.16051614e+00 -9.63838757e+00 6.49385016e-04 -2.45118982e-03 -5.12959822e+00
2330             7.97655270e-02 2.13658350e+00 -1.47682417e+01 7.90965627e-02 2.13913630e+00 -9.63883862e+00 6.68964280e-04 -2.55279295e-03 -5.12940306e+00
2331             8.04191282e-02 2.11318563e+00 -1.47691849e+01 7.97045403e-02 2.11586361e+00 -9.63995788e+00 7.14587906e-04 -2.67797573e-03 -5.12922706e+00
2332             8.13476179e-02 2.09012311e+00 -1.47708877e+01 8.05639649e-02 2.09293235e+00 -9.64179460e+00 7.83653067e-04 -2.80924011e-03 -5.12909310e+00
2333             8.23767568e-02 2.06744470e+00 -1.47714494e+01 8.15144185e-02 2.07037753e+00 -9.64241507e+00 8.62338383e-04 -2.93282730e-03 -5.12903430e+00
2334             8.35304903e-02 2.04584571e+00 -1.47717252e+01 8.25921428e-02 2.04887445e+00 -9.64263905e+00 9.38347504e-04 -3.02874143e-03 -5.12908614e+00
2335             8.58510834e-02 2.02695538e+00 -1.47716251e+01 8.48608368e-02 2.03004321e+00 -9.64236448e+00 9.90246614e-04 -3.08782698e-03 -5.12926066e+00
2336             8.90167493e-02 2.01120215e+00 -1.47727720e+01 8.80068442e-02 2.01431244e+00 -9.64325369e+00 1.00990518e-03 -3.11028657e-03 -5.12951835e+00
2337             9.17361409e-02 1.99922230e+00 -1.47739873e+01 9.07346915e-02 2.00232498e+00 -9.64420280e+00 1.00144945e-03 -3.10267961e-03 -5.12978446e+00
2338             9.31873894e-02 1.99362907e+00 -1.47752911e+01 9.22228169e-02 1.99670258e+00 -9.64529717e+00 9.64572562e-04 -3.07351646e-03 -5.12999393e+00
2339             9.37688917e-02 1.99405845e+00 -1.47751971e+01 9.28569804e-02 1.99709460e+00 -9.64509435e+00 9.11911337e-04 -3.03615499e-03 -5.13010278e+00
2340             9.24058744e-02 2.00107771e+00 -1.47745680e+01 9.15603747e-02 2.00407220e+00 -9.64448424e+00 8.45499705e-04 -2.99449359e-03 -5.13008377e+00
2341             8.95317595e-02 2.01228726e+00 -1.47732070e+01 8.87489013e-02 2.01522752e+00 -9.64326719e+00 7.82858218e-04 -2.94026467e-03 -5.12993979e+00
2342             8.65277612e-02 2.02805998e+00 -1.47724903e+01 8.57952171e-02 2.03093161e+00 -9.64278791e+00 7.32544111e-04 -2.87163248e-03 -5.12970239e+00
2343             8.33547043e-02 2.04749072e+00 -1.47712749e+01 8.26533110e-02 2.05027914e+00 -9.64185523e+00 7.01393273e-04 -2.78841325e-03 -5.12941965e+00
2344             7.90999359e-02 2.07027302e+00 -1.47708030e+01 7.84099314e-02 2.07296178e+00 -9.64167179e+00 6.90004494e-04 -2.68876203e-03 -5.12913124e+00
2345             7.32297858e-02 2.09421641e+00 -1.47707434e+01 7.25241501e-02 2.09679651e+00 -9.64185843e+00 7.05635671e-04 -2.58010401e-03 -5.12888498e+00
2346             6.79934052e-02 2.11776177e+00 -1.47720155e+01 6.72471322e-02 2.12022947e+00 -9.64330018e+00 7.46273070e-04 -2.46770066e-03 -5.12871532e+00
2347             6.41432758e-02 2.13866681e+00 -1.47725383e+01 6.33461099e-02 2.14103586e+00 -9.64388284e+00 7.97165985e-04 -2.36904527e-03 -5.12865542e+00
2348             6.22910232e-02 2.15680220e+00 -1.47727031e+01 6.14458763e-02 2.15909872e+00 -9.64397299e+00 8.45146931e-04 -2.29651463e-03 -5.12873011e+00
2349             6.17659363e-02 2.17255809e+00 -1.47719020e+01 6.08885618e-02 2.17481113e+00 -9.64295701e+00 8.77374485e-04 -2.25304108e-03 -5.12894498e+00
2350             6.25580407e-02 2.18574571e+00 -1.47720201e+01 6.16714299e-02 2.18798990e+00 -9.64276655e+00 8.86610822e-04 -2.24418805e-03 -5.12925354e+00
2351             6.39680920e-02 2.19504677e+00 -1.47724781e+01 6.30957136e-02 2.19729576e+00 -9.64291069e+00 8.72378442e-04 -2.24899233e-03 -5.12956745e+00
2352             6.53465030e-02 2.19984964e+00 -1.47733772e+01 6.45100440e-02 2.20211876e+00 -9.64355727e+00 8.36458952e-04 -2.26911447e-03 -5.12981989e+00
2353             6.72939369e-02 2.19802705e+00 -1.47728682e+01 6.65144540e-02 2.20032492e+00 -9.64289482e+00 7.79482923e-04 -2.29786518e-03 -5.12997337e+00
2354             6.95059153e-02 2.19034593e+00 -1.47717752e+01 6.87859455e-02 2.19267804e+00 -9.64176417e+00 7.19969816e-04 -2.33210603e-03 -5.13001104e+00
2355             7.21495092e-02 2.17734452e+00 -1.47698161e+01 7.14789077e-02 2.17971772e+00 -9.63989076e+00 6.70601458e-04 -2.37319863e-03 -5.12992535e+00
2356             7.51826142e-02 2.16081178e+00 -1.47685836e+01 7.45366197e-02 2.16324099e+00 -9.63883326e+00 6.45994480e-04 -2.42920397e-03 -5.12975036e+00
2357             7.81278175e-02 2.14116030e+00 -1.47677456e+01 7.74776435e-02 2.14367517e+00 -9.63821273e+00 6.50173945e-04 -2.51486760e-03 -5.12953290e+00
2358             7.96843011e-02 2.12003091e+00 -1.47686362e+01 7.89992237e-02 2.12265772e+00 -9.63932391e+00 6.85077395e-04 -2.62680504e-03 -5.12931232e+00
2359             7.99604245e-02 2.09805516e+00 -1.47698044e+01 7.92140764e-02 2.10080813e+00 -9.64068188e+00 7.46348110e-04 -2.75297081e-03 -5.12912250e+00
2360             8.07222069e-02 2.07707329e+00 -1.47712420e+01 7.98961090e-02 2.07995077e+00 -9.64224340e+00 8.26097882e-04 -2.87748301e-03 -5.12899865e+00
2361             8.16452400e-02 2.05643781e+00 -1.47714991e+01 8.07392379e-02 2.05942106e+00 -9.64251717e+00 9.06002116e-04 -2.98324482e-03 -5.12898195e+00
2362             8.37013369e-02 2.03762822e+00 -1.47719336e+01 8.27296920e-02 2.04068211e+00 -9.64283630e+00 9.71644882e-04 -3.05389145e-03 -5.12909726e+00
2363             8.76389446e-02 2.02142198e+00 -1.47723025e+01 8.66349826e-02 2.02450845e+00 -9.64297345e+00 1.00396196e-03 -3.08647548e-03 -5.12932901e+00
2364             9.11992723e-02 2.00903226e+00 -1.47737368e+01 9.01948794e-02 2.01211657e+00 -9.64412080e+00 1.00439290e-03 -3.08430537e-03 -5.12961596e+00
2365             9.33585562e-02 2.00125782e+00 -1.47747374e+01 9.23825880e-02 2.00431546e+00 -9.64485207e+00 9.75968273e-04 -3.05763949e-03 -5.12988531e+00
2366             9.38668425e-02 1.99958850e+00 -1.47755649e+01 9.29370065e-02 2.00260896e+00 -9.64548386e+00 9.29835979e-04 -3.02046547e-03 -5.13008102e+00
2367             9.30338453e-02 2.00387581e+00 -1.47749000e+01 9.21634677e-02 2.00686020e+00 -9.64474588e+00 8.70377637e-04 -2.98439321e-03 -5.13015414e+00
2368             9.04966549e-02 2.01347711e+00 -1.47741305e+01 8.96885205e-02 2.01641724e+00 -9.64404349e+00 8.08134436e-04 -2.94013314e-03 -5.13008698e+00
2369             8.77661663e-02 2.02648676e+00 -1.47728200e+01 8.70121710e-02 2.02936989e+00 -9.64292819e+00 7.53995321e-04 -2.88313061e-03 -5.12989180e+00
2370             8.52556951e-02 2.04369671e+00 -1.47719529e+01 8.45409044e-02 2.04650647e+00 -9.64233978e+00 7.14790765e-04 -2.80976444e-03 -5.12961309e+00
2371             8.16677318e-02 2.06370967e+00 -1.47706644e+01 8.09734080e-02 2.06643135e+00 -9.64136708e+00 6.94323781e-04 -2.72168652e-03 -5.12929729e+00
2372             7.58032050e-02 2.08607783e+00 -1.47706191e+01 7.51042603e-02 2.08869818e+00 -9.64162201e+00 6.98944660e-04 -2.62035104e-03 -5.12899712e+00
2373             6.97165011e-02 2.10828704e+00 -1.47710229e+01 6.89858982e-02 2.11080103e+00 -9.64226170e+00 7.30602898e-04 -2.51398573e-03 -5.12876115e+00
2374             6.49675649e-02 2.12917923e+00 -1.47721775e+01 6.41881246e-02 2.13159143e+00 -9.64354629e+00 7.79440208e-04 -2.41219688e-03 -5.12863116e+00
2375             6.18978879e-02 2.14730446e+00 -1.47722858e+01 6.10698942e-02 2.14963871e+00 -9.64365066e+00 8.27993740e-04 -2.33424937e-03 -5.12863509e+00
2376             6.07979438e-02 2.16303264e+00 -1.47722499e+01 5.99332200e-02 2.16531647e+00 -9.64346019e+00 8.64723786e-04 -2.28382767e-03 -5.12878968e+00
2377             6.13760012e-02 2.17591016e+00 -1.47717476e+01 6.04942959e-02 2.17817777e+00 -9.64267638e+00 8.81705234e-04 -2.26760935e-03 -5.12907122e+00
2378             6.26703957e-02 2.18610561e+00 -1.47723642e+01 6.17967698e-02 2.18837943e+00 -9.64295609e+00 8.73625849e-04 -2.27381553e-03 -5.12940815e+00
2379             6.38122903e-02 2.19223053e+00 -1.47727996e+01 6.29668620e-02 2.19452119e+00 -9.64307965e+00 8.45428291e-04 -2.29065452e-03 -5.12971994e+00
2380             6.47699641e-02 2.19317010e+00 -1.47731506e+01 6.39725644e-02 2.19548570e+00 -9.64319635e+00 7.97399661e-04 -2.31560440e-03 -5.12995421e+00
2381             6.63956758e-02 2.18787558e+00 -1.47720450e+01 6.56563466e-02 2.19021992e+00 -9.64197099e+00 7.39329245e-04 -2.34434033e-03 -5.13007403e+00
2382             6.85391464e-02 2.17767121e+00 -1.47707862e+01 6.78540541e-02 2.18004689e+00 -9.64072980e+00 6.85092309e-04 -2.37568472e-03 -5.13005643e+00
2383             7.19660127e-02 2.16335724e+00 -1.47690617e+01 7.13169685e-02 2.16577514e+00 -9.63914819e+00 6.49044235e-04 -2.41789320e-03 -5.12991351e+00
2384             7.56172414e-02 2.14610862e+00 -1.47681958e+01 7.49773030e-02 2.14859293e+00 -9.63850415e+00 6.39938392e-04 -2.48430897e-03 -5.12969161e+00
2385             7.81436789e-02 2.12583635e+00 -1.47678429e+01 7.74828885e-02 2.12841660e+00 -9.63840548e+00 6.60790307e-04 -2.58024498e-03 -5.12943742e+00
2386             7.89277163e-02 2.10557095e+00 -1.47690858e+01 7.82150716e-02 2.10826840e+00 -9.63989105e+00 7.12644705e-04 -2.69745079e-03 -5.12919478e+00
2387             7.92637195e-02 2.08569820e+00 -1.47702672e+01 7.84742065e-02 2.08851677e+00 -9.64125958e+00 7.89512959e-04 -2.81856745e-03 -5.12900760e+00
2388             7.98498665e-02 2.06660756e+00 -1.47715948e+01 7.89764856e-02 2.06953777e+00 -9.64267456e+00 8.73380904e-04 -2.93020495e-03 -5.12892027e+00
2389             8.16472313e-02 2.04766394e+00 -1.47719381e+01 8.07002544e-02 2.05067599e+00 -9.64297056e+00 9.46976948e-04 -3.01205734e-03 -5.12896756e+00
2390             8.55782566e-02 2.03177024e+00 -1.47726668e+01 8.45831038e-02 2.03482633e+00 -9.64351457e+00 9.95152750e-04 -3.05609566e-03 -5.12915222e+00
2391             9.02580037e-02 2.01860017e+00 -1.47732131e+01 8.92531212e-02 2.02166211e+00 -9.64378309e+00 1.00488250e-03 -3.06193650e-03 -5.12943004e+00
2392             9.31005444e-02 2.00967568e+00 -1.47744881e+01 9.21139557e-02 2.01271448e+00 -9.64475269e+00 9.86588613e-04 -3.03880771e-03 -5.12973540e+00
2393             9.39583028e-02 2.00592034e+00 -1.47750901e+01 9.30143188e-02 2.00892363e+00 -9.64508891e+00 9.43983951e-04 -3.00329289e-03 -5.13000121e+00
2394             9.34902065e-02 2.00817938e+00 -1.47754841e+01 9.25979251e-02 2.01114919e+00 -9.64531902e+00 8.92281419e-04 -2.96981118e-03 -5.13016510e+00
2395             9.16358720e-02 2.01529416e+00 -1.47746163e+01 9.08032233e-02 2.01822838e+00 -9.64443181e+00 8.32648718e-04 -2.93422178e-03 -5.13018449e+00
2396             8.89317619e-02 2.02626558e+00 -1.47736607e+01 8.81540781e-02 2.02915330e+00 -9.64360986e+00 7.77683773e-04 -2.88771494e-03 -5.13005079e+00
2397             8.67904193e-02 2.04081084e+00 -1.47721096e+01 8.60586023e-02 2.04363669e+00 -9.64231437e+00 7.31817005e-04 -2.82585630e-03 -5.12979518e+00
2398             8.36671841e-02 2.05915301e+00 -1.47709902e+01 8.29637420e-02 2.06190212e+00 -9.64152023e+00 7.03442106e-04 -2.74911056e-03 -5.12946997e+00
2399             7.85507414e-02 2.07890749e+00 -1.47701222e+01 7.78541931e-02 2.08156303e+00 -9.64099238e+00 6.96548334e-04 -2.65554409e-03 -5.12912985e+00
2400             7.20320499e-02 2.09977212e+00 -1.47706311e+01 7.13129431e-02 2.10232698e+00 -9.64179671e+00 7.19106822e-04 -2.55485498e-03 -5.12883436e+00
2401             6.66057353e-02 2.11986368e+00 -1.47712265e+01 6.58438171e-02 2.12231918e+00 -9.64259032e+00 7.61918143e-04 -2.45550526e-03 -5.12863617e+00
2402             6.24431958e-02 2.13820100e+00 -1.47720528e+01 6.16326181e-02 2.14057208e+00 -9.64348286e+00 8.10577684e-04 -2.37108613e-03 -5.12856991e+00
2403             6.02126158e-02 2.15332295e+00 -1.47718155e+01 5.93633476e-02 2.15563849e+00 -9.64315763e+00 8.49268160e-04 -2.31554301e-03 -5.12865790e+00
2404             5.98801989e-02 2.16651071e+00 -1.47719107e+01 5.90098704e-02 2.16880078e+00 -9.64301806e+00 8.70328468e-04 -2.29007162e-03 -5.12889265e+00
2405             6.10886780e-02 2.17647822e+00 -1.47718594e+01 6.02207302e-02 2.17877251e+00 -9.64263318e+00 8.67947804e-04 -2.29429281e-03 -5.12922620e+00
2406             6.24783712e-02 2.18351834e+00 -1.47726329e+01 6.16337273e-02 2.18582819e+00 -9.64305348e+00 8.44643907e-04 -2.30984458e-03 -5.12957942e+00
2407             6.28828304e-02 2.18629497e+00 -1.47726803e+01 6.20761878e-02 2.18862833e+00 -9.64279645e+00 8.06642605e-04 -2.33335651e-03 -5.12988389e+00
2408             6.36899450e-02 2.18398890e+00 -1.47724543e+01 6.29357224e-02 2.18634807e+00 -9.64236496e+00 7.54222644e-04 -2.35916396e-03 -5.13008939e+00
2409             6.52009389e-02 2.17638721e+00 -1.47711253e+01 6.45034550e-02 2.17877151e+00 -9.64097178e+00 6.97483863e-04 -2.38430533e-03 -5.13015348e+00
2410             6.80265366e-02 2.16419720e+00 -1.47699323e+01 6.73725288e-02 2.16661077e+00 -9.63986611e+00 6.54007791e-04 -2.41357275e-03 -5.13006620e+00
2411             7.23496541e-02 2.14840447e+00 -1.47683629e+01 7.17177131e-02 2.15086512e+00 -9.63850239e+00 6.31940908e-04 -2.46065877e-03 -5.12986051e+00
2412             7.62243403e-02 2.13049475e+00 -1.47678620e+01 7.55867136e-02 2.13303358e+00 -9.63827304e+00 6.37626761e-04 -2.53882903e-03 -5.12958893e+00
2413             7.82102281e-02 2.11134139e+00 -1.47680757e+01 7.75335112e-02 2.11398322e+00 -9.63877390e+00 6.76716846e-04 -2.64183825e-03 -5.12930183e+00
2414             7.80318082e-02 2.09281407e+00 -1.47695922e+01 7.72862858e-02 2.09557076e+00 -9.64053706e+00 7.45522336e-04 -2.75669402e-03 -5.12905515e+00
2415             7.83360278e-02 2.07478837e+00 -1.47707931e+01 7.75051084e-02 2.07765647e+00 -9.64189640e+00 8.30919438e-04 -2.86809430e-03 -5.12889671e+00
2416             7.96451907e-02 2.05755669e+00 -1.47720784e+01 7.87344240e-02 2.06051635e+00 -9.64320879e+00 9.10766635e-04 -2.95966487e-03 -5.12886962e+00
2417             8.34096488e-02 2.04111815e+00 -1.47725213e+01 8.24380745e-02 2.04413457e+00 -9.64353157e+00 9.71574305e-04 -3.01642629e-03 -5.12898977e+00
2418             8.88521724e-02 2.02812191e+00 -1.47733311e+01 8.78560204e-02 2.03115402e+00 -9.64409661e+00 9.96152039e-04 -3.03211113e-03 -5.12923453e+00
2419             9.30353325e-02 2.01821988e+00 -1.47738235e+01 9.20492183e-02 2.02123542e+00 -9.64427173e+00 9.86114260e-04 -3.01553620e-03 -5.12955172e+00
2420             9.45024823e-02 2.01289509e+00 -1.47749712e+01 9.35499198e-02 2.01587608e+00 -9.64510033e+00 9.52562491e-04 -2.98098728e-03 -5.12987082e+00
2421             9.39738268e-02 2.01265593e+00 -1.47753478e+01 9.30685111e-02 2.01560283e+00 -9.64523005e+00 9.05315701e-04 -2.94689403e-03 -5.13011779e+00
2422             9.26163586e-02 2.01780313e+00 -1.47754485e+01 9.17626785e-02 2.02072091e+00 -9.64521705e+00 8.53680138e-04 -2.91778004e-03 -5.13023147e+00
2423             9.03892226e-02 2.02664975e+00 -1.47742630e+01 8.95902981e-02 2.02953160e+00 -9.64408411e+00 7.98924416e-04 -2.88185645e-03 -5.13017892e+00
2424             8.83631950e-02 2.03902616e+00 -1.47730162e+01 8.76115915e-02 2.04185905e+00 -9.64304484e+00 7.51603591e-04 -2.83288512e-03 -5.12997141e+00
2425             8.58294625e-02 2.05520732e+00 -1.47711455e+01 8.51144922e-02 2.05797602e+00 -9.64149177e+00 7.14970282e-04 -2.76869558e-03 -5.12965372e+00
2426             8.15692951e-02 2.07391090e+00 -1.47701738e+01 8.08696054e-02 2.07659953e+00 -9.64088579e+00 6.99689741e-04 -2.68862551e-03 -5.12928805e+00
2427             7.52726500e-02 2.09276100e+00 -1.47698483e+01 7.45627646e-02 2.09535576e+00 -9.64091059e+00 7.09885459e-04 -2.59475880e-03 -5.12893771e+00
2428             6.89051736e-02 2.11159422e+00 -1.47706752e+01 6.81602307e-02 2.11409512e+00 -9.64200388e+00 7.44942934e-04 -2.50090439e-03 -5.12867131e+00
2429             6.40301138e-02 2.12863613e+00 -1.47712015e+01 6.32393737e-02 2.13105129e+00 -9.64266892e+00 7.90740118e-04 -2.41516106e-03 -5.12853260e+00
2430             6.02000453e-02 2.14425427e+00 -1.47717341e+01 5.93695259e-02 2.14660817e+00 -9.64318306e+00 8.30519422e-04 -2.35390649e-03 -5.12855108e+00
2431             5.90335350e-02 2.15697185e+00 -1.47715439e+01 5.81787973e-02 2.15929563e+00 -9.64281686e+00 8.54737727e-04 -2.32377820e-03 -5.12872706e+00
2432             6.00790135e-02 2.16737290e+00 -1.47719076e+01 5.92191375e-02 2.16969309e+00 -9.64287272e+00 8.59875994e-04 -2.32018877e-03 -5.12903484e+00
2433             6.17473760e-02 2.17455825e+00 -1.47720815e+01 6.09062336e-02 2.17689611e+00 -9.64267321e+00 8.41142345e-04 -2.33786202e-03 -5.12940828e+00
2434             6.18004832e-02 2.17881794e+00 -1.47726672e+01 6.09907837e-02 2.18117814e+00 -9.64289450e+00 8.09699485e-04 -2.36020231e-03 -5.12977265e+00
2435             6.15897644e-02 2.17845547e+00 -1.47722418e+01 6.08240495e-02 2.18084030e+00 -9.64217954e+00 7.65714899e-04 -2.38482928e-03 -5.13006230e+00
2436             6.22655816e-02 2.17384832e+00 -1.47717283e+01 6.15537286e-02 2.17625515e+00 -9.64151107e+00 7.11852948e-04 -2.40682442e-03 -5.13021719e+00
2437             6.45334755e-02 2.16420063e+00 -1.47703374e+01 6.38693459e-02 2.16663001e+00 -9.64013020e+00 6.64129579e-04 -2.42937190e-03 -5.13020721e+00
2438             6.88448842e-02 2.15059576e+00 -1.47691714e+01 6.82117462e-02 2.15305532e+00 -9.63912834e+00 6.33137937e-04 -2.45955697e-03 -5.13004305e+00
2439             7.35297475e-02 2.13415392e+00 -1.47678571e+01 7.29041529e-02 2.13667385e+00 -9.63808526e+00 6.25594643e-04 -2.51992518e-03 -5.12977183e+00
2440             7.67004871e-02 2.11660290e+00 -1.47678651e+01 7.60504184e-02 2.11920966e+00 -9.63841110e+00 6.50068684e-04 -2.60676858e-03 -5.12945398e+00
2441             7.73809888e-02 2.09951302e+00 -1.47684908e+01 7.66725794e-02 2.10222603e+00 -9.63933974e+00 7.08409358e-04 -2.71300826e-03 -5.12915103e+00
2442             7.69794773e-02 2.08343204e+00 -1.47701399e+01 7.61884634e-02 2.08625245e+00 -9.64121555e+00 7.91013864e-04 -2.82041521e-03 -5.12892435e+00
2443             7.77961822e-02 2.06726518e+00 -1.47713903e+01 7.69211911e-02 2.07018217e+00 -9.64256969e+00 8.74991174e-04 -2.91698649e-03 -5.12882065e+00
2444             8.09647969e-02 2.05153648e+00 -1.47726827e+01 8.00210438e-02 2.05452048e+00 -9.64381417e+00 9.43753126e-04 -2.98400560e-03 -5.12886854e+00
2445             8.66372968e-02 2.03831894e+00 -1.47731356e+01 8.56533075e-02 2.04132965e+00 -9.64407737e+00 9.83989239e-04 -3.01070531e-03 -5.12905827e+00
2446             9.22085624e-02 2.02846686e+00 -1.47738349e+01 9.12236740e-02 2.03146873e+00 -9.64447718e+00 9.84888424e-04 -3.00186814e-03 -5.12935774e+00
2447             9.45460848e-02 2.02165493e+00 -1.47743646e+01 9.35869167e-02 2.02462345e+00 -9.64466029e+00 9.59168080e-04 -2.96852395e-03 -5.12970435e+00
2448             9.44459134e-02 2.01970387e+00 -1.47753637e+01 9.35301225e-02 2.02263670e+00 -9.64534455e+00 9.15790929e-04 -2.93282375e-03 -5.13001911e+00
2449             9.32100345e-02 2.02224078e+00 -1.47754271e+01 9.23410084e-02 2.02514624e+00 -9.64520330e+00 8.69026158e-04 -2.90546377e-03 -5.13022380e+00
2450             9.12765021e-02 2.02935404e+00 -1.47750677e+01 9.04580913e-02 2.03222989e+00 -9.64480469e+00 8.18410770e-04 -2.87585897e-03 -5.13026305e+00
2451             8.94212646e-02 2.03952386e+00 -1.47734075e+01 8.86505112e-02 2.04236125e+00 -9.64328430e+00 7.70753472e-04 -2.83738650e-03 -5.13012318e+00
2452             8.74207220e-02 2.05411191e+00 -1.47718142e+01 8.66907403e-02 2.05689658e+00 -9.64197943e+00 7.29981644e-04 -2.78467264e-03 -5.12983472e+00
2453             8.38299863e-02 2.07046231e+00 -1.47701260e+01 8.31248306e-02 2.07317791e+00 -9.64066576e+00 7.05155645e-04 -2.71559857e-03 -5.12946020e+00
2454             7.81950737e-02 2.08790805e+00 -1.47696797e+01 7.74902759e-02 2.09053983e+00 -9.64061000e+00 7.04797828e-04 -2.63178015e-03 -5.12906971e+00
2455             7.16272394e-02 2.10444769e+00 -1.47697321e+01 7.08974459e-02 2.10698980e+00 -9.64099427e+00 7.29793573e-04 -2.54211756e-03 -5.12873778e+00
2456             6.59762309e-02 2.12083829e+00 -1.47706128e+01 6.52061350e-02 2.12329678e+00 -9.64208778e+00 7.70095885e-04 -2.45848594e-03 -5.12852503e+00
2457             6.11993607e-02 2.13589523e+00 -1.47710316e+01 6.03889444e-02 2.13828741e+00 -9.64256403e+00 8.10416321e-04 -2.39218203e-03 -5.12846753e+00
2458             5.85055796e-02 2.14869191e+00 -1.47715625e+01 5.76679957e-02 2.15104818e+00 -9.64298705e+00 8.37583858e-04 -2.35627085e-03 -5.12857541e+00
2459             5.88892838e-02 2.15883832e+00 -1.47716062e+01 5.80431846e-02 2.16118437e+00 -9.64277174e+00 8.46099291e-04 -2.34604572e-03 -5.12883451e+00
2460             6.03998377e-02 2.16632436e+00 -1.47721207e+01 5.95656845e-02 2.16868471e+00 -9.64292069e+00 8.34153200e-04 -2.36035224e-03 -5.12919997e+00
2461             6.08645364e-02 2.17065085e+00 -1.47721585e+01 6.00587115e-02 2.17303564e+00 -9.64255694e+00 8.05824892e-04 -2.38478901e-03 -5.12960156e+00
2462             6.00689052e-02 2.17237274e+00 -1.47723212e+01 5.92975490e-02 2.17478221e+00 -9.64235668e+00 7.71356236e-04 -2.40946624e-03 -5.12996453e+00
2463             5.99165739e-02 2.16993532e+00 -1.47716481e+01 5.91927252e-02 2.17236602e+00 -9.64143371e+00 7.23848725e-04 -2.43069641e-03 -5.13021434e+00
2464             6.12510194e-02 2.16350686e+00 -1.47710695e+01 6.05757053e-02 2.16595503e+00 -9.64077272e+00 6.75314115e-04 -2.44817092e-03 -5.13029673e+00
2465             6.48105388e-02 2.15174888e+00 -1.47696274e+01 6.41730217e-02 2.15421647e+00 -9.63942723e+00 6.37517053e-04 -2.46759773e-03 -5.13020020e+00
2466             7.00925277e-02 2.13731762e+00 -1.47686406e+01 6.94741256e-02 2.13982658e+00 -9.63868349e+00 6.18402029e-04 -2.50896212e-03 -5.12995715e+00
2467             7.43302964e-02 2.12144956e+00 -1.47675382e+01 7.37013748e-02 2.12402864e+00 -9.63791003e+00 6.28921548e-04 -2.57908215e-03 -5.12962819e+00
2468             7.58670914e-02 2.10590460e+00 -1.47679345e+01 7.51913622e-02 2.10857561e+00 -9.63865185e+00 6.75729214e-04 -2.67101323e-03 -5.12928260e+00
2469             7.57251518e-02 2.09043998e+00 -1.47689156e+01 7.49754228e-02 2.09321251e+00 -9.63992233e+00 7.49729052e-04 -2.77252808e-03 -5.12899329e+00
2470             7.61679612e-02 2.07596359e+00 -1.47708868e+01 7.53316947e-02 2.07883215e+00 -9.64207043e+00 8.36266523e-04 -2.86855735e-03 -5.12881637e+00
2471             7.88763026e-02 2.06166367e+00 -1.47722376e+01 7.79653058e-02 2.06460902e+00 -9.64345029e+00 9.10996764e-04 -2.94535392e-03 -5.12878735e+00
2472             8.40654647e-02 2.04833850e+00 -1.47734303e+01 8.31010816e-02 2.05132292e+00 -9.64452005e+00 9.64383062e-04 -2.98441561e-03 -5.12891024e+00
2473             9.03297403e-02 2.03820471e+00 -1.47735710e+01 8.93498389e-02 2.04118989e+00 -9.64440169e+00 9.79901419e-04 -2.98518377e-03 -5.12916935e+00
2474             9.40933845e-02 2.03116451e+00 -1.47741970e+01 9.31311090e-02 2.03412094e+00 -9.64467862e+00 9.62275475e-04 -2.95642543e-03 -5.12951837e+00
2475             9.49474807e-02 2.02720080e+00 -1.47747139e+01 9.40203857e-02 2.03011973e+00 -9.64483364e+00 9.27094983e-04 -2.91892863e-03 -5.12988025e+00
2476             9.36307041e-02 2.02804175e+00 -1.47756309e+01 9.27472405e-02 2.03093081e+00 -9.64546480e+00 8.83463676e-04 -2.88906382e-03 -5.13016611e+00
2477             9.20398491e-02 2.03263260e+00 -1.47753812e+01 9.11997094e-02 2.03549657e+00 -9.64507884e+00 8.40139638e-04 -2.86397683e-03 -5.13030233e+00
2478             9.02916409e-02 2.04117750e+00 -1.47744762e+01 8.94972740e-02 2.04401196e+00 -9.64422692e+00 7.94366895e-04 -2.83445851e-03 -5.13024929e+00
2479             8.84894564e-02 2.05260239e+00 -1.47724291e+01 8.77371375e-02 2.05539390e+00 -9.64241352e+00 7.52318876e-04 -2.79150945e-03 -5.13001557e+00
2480             8.56569995e-02 2.06735139e+00 -1.47709032e+01 8.49370718e-02 2.07008558e+00 -9.64125049e+00 7.19927760e-04 -2.73419437e-03 -5.12965269e+00
2481             8.07065872e-02 2.08283523e+00 -1.47695706e+01 7.99958744e-02 2.08549737e+00 -9.64033221e+00 7.10712737e-04 -2.66214219e-03 -5.12923837e+00
2482             7.44448476e-02 2.09826090e+00 -1.47696127e+01 7.37193137e-02 2.10083980e+00 -9.64076327e+00 7.25533958e-04 -2.57889655e-03 -5.12884947e+00
2483             6.79777475e-02 2.11283438e+00 -1.47696990e+01 6.72188985e-02 2.11533397e+00 -9.64113512e+00 7.58848972e-04 -2.49958936e-03 -5.12856387e+00
2484             6.25726412e-02 2.12740438e+00 -1.47706412e+01 6.17743412e-02 2.12983617e+00 -9.64221279e+00 7.98300006e-04 -2.43178919e-03 -5.12842838e+00
2485             5.85298039e-02 2.14024585e+00 -1.47709527e+01 5.77028044e-02 2.14263415e+00 -9.64249179e+00 8.26999549e-04 -2.38829364e-03 -5.12846090e+00
2486             5.77060043e-02 2.15044411e+00 -1.47716924e+01 5.68665892e-02 2.15281771e+00 -9.64303583e+00 8.39415036e-04 -2.37360553e-03 -5.12865661e+00
2487             5.88628581e-02 2.15777794e+00 -1.47718098e+01 5.80298128e-02 2.16015727e+00 -9.64282296e+00 8.33045256e-04 -2.37932603e-03 -5.12898683e+00
2488             5.96838648e-02 2.16276917e+00 -1.47722144e+01 5.88751469e-02 2.16517433e+00 -9.64281406e+00 8.08717988e-04 -2.40515964e-03 -5.12940033e+00
2489             5.91211540e-02 2.16511820e+00 -1.47719421e+01 5.83434347e-02 2.16754684e+00 -9.64212417e+00 7.77719310e-04 -2.42864417e-03 -5.12981790e+00
2490             5.80177801e-02 2.16503284e+00 -1.47718746e+01 5.72774734e-02 2.16748130e+00 -9.64171935e+00 7.40306707e-04 -2.44846651e-03 -5.13015527e+00
2491             5.82943732e-02 2.16088229e+00 -1.47711287e+01 5.76005108e-02 2.16334500e+00 -9.64079254e+00 6.93862327e-04 -2.46270778e-03 -5.13033615e+00
2492             6.10052997e-02 2.15210884e+00 -1.47704867e+01 6.03523453e-02 2.15458301e+00 -9.64015743e+00 6.52954341e-04 -2.47417707e-03 -5.13032927e+00
2493             6.62118428e-02 2.13882847e+00 -1.47690214e+01 6.55874631e-02 2.14132656e+00 -9.63888071e+00 6.24379631e-04 -2.49808678e-03 -5.13014070e+00
2494             7.09516828e-02 2.12473216e+00 -1.47680810e+01 7.03298285e-02 2.12728274e+00 -9.63825710e+00 6.21854300e-04 -2.55057982e-03 -5.12982388e+00
2495             7.39706615e-02 2.11024563e+00 -1.47673488e+01 7.33184429e-02 2.11287255e+00 -9.63789450e+00 6.52218614e-04 -2.62691804e-03 -5.12945432e+00
2496             7.45741021e-02 2.09682317e+00 -1.47682762e+01 7.38577099e-02 2.09954185e+00 -9.63916294e+00 7.16392233e-04 -2.71868795e-03 -5.12911322e+00
2497             7.43156419e-02 2.08329201e+00 -1.47696614e+01 7.35173132e-02 2.08610319e+00 -9.64079179e+00 7.98328627e-04 -2.81118444e-03 -5.12886959e+00
2498             7.64488972e-02 2.07029840e+00 -1.47719258e+01 7.55714847e-02 2.07319035e+00 -9.64316069e+00 8.77412573e-04 -2.89194356e-03 -5.12876510e+00
2499             8.11697321e-02 2.05753792e+00 -1.47731333e+01 8.02315010e-02 2.06048177e+00 -9.64431863e+00 9.38231088e-04 -2.94385812e-03 -5.12881465e+00
2500             8.73897094e-02 2.04757993e+00 -1.47739088e+01 8.64208133e-02 2.05053663e+00 -9.64489434e+00 9.68896089e-04 -2.95670109e-03 -5.12901443e+00
2501             9.25869460e-02 2.03986312e+00 -1.47738152e+01 9.16255087e-02 2.04279999e+00 -9.64447786e+00 9.61437322e-04 -2.93687064e-03 -5.12933736e+00
2502             9.44761397e-02 2.03511956e+00 -1.47745953e+01 9.35428032e-02 2.03802064e+00 -9.64487280e+00 9.33336532e-04 -2.90108941e-03 -5.12972254e+00
2503             9.40281597e-02 2.03385224e+00 -1.47752163e+01 9.31356055e-02 2.03672262e+00 -9.64514277e+00 8.92554123e-04 -2.87038340e-03 -5.13007351e+00
2504             9.21939786e-02 2.03670891e+00 -1.47759096e+01 9.13397090e-02 2.03955570e+00 -9.64560654e+00 8.54269622e-04 -2.84679205e-03 -5.13030301e+00
2505             9.05900786e-02 2.04294326e+00 -1.47750289e+01 8.97766033e-02 2.04576784e+00 -9.64468414e+00 8.13475263e-04 -2.82457831e-03 -5.13034475e+00
2506             8.90108502e-02 2.05285552e+00 -1.47735603e+01 8.82386416e-02 2.05564768e+00 -9.64337518e+00 7.72208652e-04 -2.79216460e-03 -5.13018514e+00
2507             8.68830875e-02 2.06528643e+00 -1.47713128e+01 8.61470676e-02 2.06803309e+00 -9.64145754e+00 7.36019902e-04 -2.74666450e-03 -5.12985523e+00
2508             8.30740070e-02 2.07919349e+00 -1.47699829e+01 8.23567445e-02 2.08187891e+00 -9.64055049e+00 7.17262450e-04 -2.68542489e-03 -5.12943243e+00
2509             7.74648344e-02 2.09282874e+00 -1.47690149e+01 7.67423118e-02 2.09544182e+00 -9.64001517e+00 7.22522573e-04 -2.61307889e-03 -5.12899972e+00
2510             7.06007689e-02 2.10619312e+00 -1.47692894e+01 6.98540901e-02 2.10873114e+00 -9.64064487e+00 7.46678795e-04 -2.53801982e-03 -5.12864449e+00
2511             6.40141598e-02 2.11902772e+00 -1.47696533e+01 6.32342073e-02 2.12149948e+00 -9.64122483e+00 7.79952495e-04 -2.47176238e-03 -5.12842844e+00
2512             5.91127151e-02 2.13180286e+00 -1.47706656e+01 5.83019784e-02 2.13422658e+00 -9.64228427e+00 8.10736663e-04 -2.42372452e-03 -5.12838129e+00
2513             5.70910611e-02 2.14195442e+00 -1.47711288e+01 5.62654176e-02 2.14435832e+00 -9.64262604e+00 8.25643554e-04 -2.40389853e-03 -5.12850272e+00
2514             5.74749443e-02 2.14974146e+00 -1.47718737e+01 5.66513831e-02 2.15214534e+00 -9.64309694e+00 8.23561198e-04 -2.40387738e-03 -5.12877673e+00
2515             5.84826942e-02 2.15443111e+00 -1.47718042e+01 5.76776917e-02 2.15685555e+00 -9.64263244e+00 8.05002508e-04 -2.42443934e-03 -5.12917178e+00
2516             5.81872197e-02 2.15728887e+00 -1.47719779e+01 5.74110985e-02 2.15974002e+00 -9.64235777e+00 7.76121202e-04 -2.45115292e-03 -5.12962009e+00
2517             5.66435727e-02 2.15827580e+00 -1.47715238e+01 5.58977594e-02 2.16074760e+00 -9.64149326e+00 7.45813267e-04 -2.47180368e-03 -5.13003054e+00
2518             5.56950742e-02 2.15671393e+00 -1.47714447e+01 5.49893556e-02 2.15919847e+00 -9.64113447e+00 7.05718591e-04 -2.48453666e-03 -5.13031024e+00
2519             5.74673802e-02 2.15056604e+00 -1.47706501e+01 5.68031623e-02 2.15305688e+00 -9.64024937e+00 6.64217886e-04 -2.49083923e-03 -5.13040069e+00
2520             6.19155595e-02 2.13980627e+00 -1.47698968e+01 6.12850387e-02 2.14230941e+00 -9.63960791e+00 6.30520778e-04 -2.50314848e-03 -5.13028886e+00
2521             6.72510448e-02 2.12705579e+00 -1.47685022e+01 6.66345553e-02 2.12959361e+00 -9.63849394e+00 6.16489458e-04 -2.53781331e-03 -5.13000822e+00
2522             7.13553402e-02 2.11433936e+00 -1.47676861e+01 7.07233983e-02 2.11693587e+00 -9.63805353e+00 6.31941924e-04 -2.59650657e-03 -5.12963253e+00
2523             7.30846491e-02 2.10157865e+00 -1.47673668e+01 7.24017549e-02 2.10425278e+00 -9.63811597e+00 6.82894231e-04 -2.67412988e-03 -5.12925080e+00
2524             7.31213540e-02 2.08934117e+00 -1.47688671e+01 7.23644844e-02 2.09210083e+00 -9.63992133e+00 7.56869632e-04 -2.75965964e-03 -5.12894579e+00
2525             7.43623971e-02 2.07757664e+00 -1.47708723e+01 7.35241426e-02 2.08041522e+00 -9.64210358e+00 8.38254487e-04 -2.83857934e-03 -5.12876876e+00
2526             7.83690480e-02 2.06676475e+00 -1.47731663e+01 7.74627764e-02 2.06966428e+00 -9.64442165e+00 9.06271541e-04 -2.89953003e-03 -5.12874466e+00
2527             8.44294890e-02 2.05604305e+00 -1.47739244e+01 8.34807594e-02 2.05896804e+00 -9.64504796e+00 9.48729532e-04 -2.92498326e-03 -5.12887641e+00
2528             9.04269032e-02 2.04869378e+00 -1.47742406e+01 8.94700040e-02 2.05160801e+00 -9.64508470e+00 9.56899199e-04 -2.91422611e-03 -5.12915593e+00
2529             9.40306361e-02 2.04326148e+00 -1.47741040e+01 9.30948788e-02 2.04614543e+00 -9.64456391e+00 9.35757279e-04 -2.88395134e-03 -5.12954012e+00
2530             9.43187264e-02 2.04090548e+00 -1.47750630e+01 9.34164915e-02 2.04375713e+00 -9.64512468e+00 9.02234826e-04 -2.85164395e-03 -5.12993830e+00
2531             9.25358716e-02 2.04176303e+00 -1.47756949e+01 9.16705138e-02 2.04459051e+00 -9.64544309e+00 8.65357854e-04 -2.82748108e-03 -5.13025184e+00
2532             9.09507465e-02 2.04617665e+00 -1.47759369e+01 9.01185890e-02 2.04898654e+00 -9.64554001e+00 8.32157461e-04 -2.80988630e-03 -5.13039692e+00
2533             8.97758228e-02 2.05391000e+00 -1.47743426e+01 8.89824563e-02 2.05669751e+00 -9.64401147e+00 7.93366511e-04 -2.78751755e-03 -5.13033112e+00
2534             8.82602621e-02 2.06435888e+00 -1.47722817e+01 8.75034785e-02 2.06711166e+00 -9.64221878e+00 7.56783609e-04 -2.75277966e-03 -5.13006294e+00
2535             8.53709160e-02 2.07646144e+00 -1.47701461e+01 8.46403789e-02 2.07916469e+00 -9.64049103e+00 7.30537094e-04 -2.70325290e-03 -5.12965509e+00
2536             8.04489973e-02 2.08884905e+00 -1.47692987e+01 7.97220133e-02 2.09148986e+00 -9.64010069e+00 7.26984026e-04 -2.64081888e-03 -5.12919803e+00
2537             7.37057393e-02 2.10036437e+00 -1.47688790e+01 7.29639635e-02 2.10293616e+00 -9.64009546e+00 7.41775826e-04 -2.57179056e-03 -5.12878355e+00
2538             6.64012960e-02 2.11203980e+00 -1.47693911e+01 6.56317265e-02 2.11454907e+00 -9.64090068e+00 7.69569549e-04 -2.50926779e-03 -5.12849047e+00
2539             6.07112050e-02 2.12345351e+00 -1.47698580e+01 5.99133045e-02 2.12591311e+00 -9.64149724e+00 7.97900511e-04 -2.45959920e-03 -5.12836076e+00
2540             5.73098136e-02 2.13396682e+00 -1.47709392e+01 5.64938257e-02 2.13640022e+00 -9.64253682e+00 8.15987890e-04 -2.43340104e-03 -5.12840234e+00
2541             5.68148360e-02 2.14131484e+00 -1.47714586e+01 5.59978537e-02 2.14374480e+00 -9.64285239e+00 8.16982340e-04 -2.42996113e-03 -5.12860620e+00
2542             5.76316306e-02 2.14648496e+00 -1.47720426e+01 5.68284498e-02 2.14892741e+00 -9.64308607e+00 8.03180890e-04 -2.44245101e-03 -5.12895652e+00
2543             5.73576875e-02 2.14924695e+00 -1.47717234e+01 5.65806283e-02 2.15171771e+00 -9.64231713e+00 7.77059152e-04 -2.47076024e-03 -5.12940626e+00
2544             5.58428728e-02 2.15083693e+00 -1.47717093e+01 5.50931548e-02 2.15332816e+00 -9.64184219e+00 7.49718030e-04 -2.49123324e-03 -5.12986714e+00
2545             5.41450587e-02 2.15079096e+00 -1.47712617e+01 5.34268504e-02 2.15329427e+00 -9.64102987e+00 7.18208270e-04 -2.50330663e-03 -5.13023182e+00
2546             5.47120264e-02 2.14749844e+00 -1.47711743e+01 5.40315159e-02 2.15000577e+00 -9.64075154e+00 6.80510557e-04 -2.50733173e-03 -5.13042280e+00
2547             5.83497057e-02 2.13943477e+00 -1.47703063e+01 5.77056759e-02 2.14194816e+00 -9.63990234e+00 6.44029791e-04 -2.51339465e-03 -5.13040394e+00
2548             6.33011014e-02 2.12847825e+00 -1.47694734e+01 6.26794911e-02 2.13101104e+00 -9.63929000e+00 6.21610334e-04 -2.53278714e-03 -5.13018343e+00
2549             6.81699329e-02 2.11664053e+00 -1.47679432e+01 6.75473853e-02 2.11921418e+00 -9.63812216e+00 6.22547599e-04 -2.57365486e-03 -5.12982102e+00
2550             7.12475118e-02 2.10547549e+00 -1.47673951e+01 7.05905518e-02 2.10811074e+00 -9.63798148e+00 6.56960068e-04 -2.63524781e-03 -5.12941358e+00
2551             7.21231910e-02 2.09462572e+00 -1.47678210e+01 7.14017144e-02 2.09733606e+00 -9.63876833e+00 7.21476654e-04 -2.71033900e-03 -5.12905263e+00
2552             7.24413797e-02 2.08414116e+00 -1.47700927e+01 7.16427270e-02 2.08692546e+00 -9.64128564e+00 7.98652765e-04 -2.78429932e-03 -5.12880707e+00
2553             7.59395632e-02 2.07413971e+00 -1.47723933e+01 7.50687522e-02 2.07698768e+00 -9.64368666e+00 8.70810967e-04 -2.84797264e-03 -5.12870669e+00
2554             8.16534993e-02 2.06496085e+00 -1.47741909e+01 8.07317739e-02 2.06784524e+00 -9.64542788e+00 9.21725396e-04 -2.88438787e-03 -5.12876304e+00
2555             8.78797187e-02 2.05716872e+00 -1.47742062e+01 8.69361697e-02 2.06005401e+00 -9.64522589e+00 9.43549064e-04 -2.88529081e-03 -5.12898029e+00
2556             9.25499628e-02 2.05179519e+00 -1.47742765e+01 9.16171197e-02 2.05465654e+00 -9.64493899e+00 9.32843112e-04 -2.86135495e-03 -5.12933751e+00
2557             9.39935130e-02 2.04836620e+00 -1.47745522e+01 9.30884912e-02 2.05119665e+00 -9.64479178e+00 9.05021733e-04 -2.83045880e-03 -5.12976044e+00
2558             9.29790424e-02 2.04805543e+00 -1.47758134e+01 9.21069553e-02 2.05086074e+00 -9.64566842e+00 8.72087045e-04 -2.80530434e-03 -5.13014502e+00
2559             9.12877709e-02 2.05031110e+00 -1.47761100e+01 9.04452648e-02 2.05309911e+00 -9.64571822e+00 8.42506100e-04 -2.78800517e-03 -5.13039178e+00
2560             9.03791153e-02 2.05625112e+00 -1.47754333e+01 8.95679852e-02 2.05902421e+00 -9.64499892e+00 8.11130084e-04 -2.77309047e-03 -5.13043440e+00
2561             8.93209659e-02 2.06478504e+00 -1.47730438e+01 8.85456612e-02 2.06753439e+00 -9.64278972e+00 7.75304671e-04 -2.74934783e-03 -5.13025408e+00
2562             8.62994976e-02 2.07546432e+00 -1.47712541e+01 8.55525495e-02 2.07817654e+00 -9.64136358e+00 7.46948123e-04 -2.71221681e-03 -5.12989053e+00
2563             8.21117948e-02 2.08603591e+00 -1.47696077e+01 8.13771774e-02 2.08869714e+00 -9.64017838e+00 7.34617430e-04 -2.66123106e-03 -5.12942932e+00
2564             7.69445279e-02 2.09622049e+00 -1.47688814e+01 7.62032826e-02 2.09882378e+00 -9.63990832e+00 7.41245340e-04 -2.60329439e-03 -5.12897306e+00
2565             7.01174968e-02 2.10595955e+00 -1.47684716e+01 6.93569647e-02 2.10850578e+00 -9.63986369e+00 7.60532185e-04 -2.54622926e-03 -5.12860789e+00
2566             6.29044792e-02 2.11636420e+00 -1.47692568e+01 6.21206022e-02 2.11886391e+00 -9.64085933e+00 7.83877083e-04 -2.49970939e-03 -5.12839749e+00
2567             5.81057659e-02 2.12601303e+00 -1.47702001e+01 5.73034582e-02 2.12848378e+00 -9.64184282e+00 8.02307739e-04 -2.47074180e-03 -5.12835727e+00
2568             5.60583169e-02 2.13385699e+00 -1.47714722e+01 5.52528649e-02 2.13631942e+00 -9.64298720e+00 8.05452062e-04 -2.46243561e-03 -5.12848500e+00
2569             5.65015881e-02 2.13877062e+00 -1.47717405e+01 5.57075646e-02 2.14124204e+00 -9.64296896e+00 7.94023539e-04 -2.47141822e-03 -5.12877159e+00
2570             5.64904396e-02 2.14181008e+00 -1.47718470e+01 5.57165818e-02 2.14430388e+00 -9.64265297e+00 7.73857822e-04 -2.49379585e-03 -5.12919400e+00
2571             5.55198609e-02 2.14311988e+00 -1.47713141e+01 5.47721379e-02 2.14563864e+00 -9.64163508e+00 7.47723041e-04 -2.51875352e-03 -5.12967902e+00
2572             5.32242719e-02 2.14431771e+00 -1.47714576e+01 5.25023532e-02 2.14684907e+00 -9.64134207e+00 7.21918649e-04 -2.53135808e-03 -5.13011555e+00
2573             5.22069402e-02 2.14303985e+00 -1.47711855e+01 5.15165486e-02 2.14557583e+00 -9.64077971e+00 6.90391592e-04 -2.53598178e-03 -5.13040576e+00
2574             5.46714067e-02 2.13787552e+00 -1.47710332e+01 5.40161612e-02 2.14040983e+00 -9.64054410e+00 6.55245492e-04 -2.53430811e-03 -5.13048911e+00
2575             5.91897877e-02 2.12846474e+00 -1.47698892e+01 5.85622360e-02 2.13100690e+00 -9.63953913e+00 6.27551673e-04 -2.54216137e-03 -5.13035005e+00
2576             6.45508916e-02 2.11812337e+00 -1.47688570e+01 6.39327164e-02 2.12068873e+00 -9.63883146e+00 6.18175109e-04 -2.56536147e-03 -5.13002554e+00
2577             6.86219540e-02 2.10811768e+00 -1.47674563e+01 6.79834071e-02 2.11072785e+00 -9.63784979e+00 6.38546948e-04 -2.61016745e-03 -5.12960651e+00
2578             7.05219824e-02 2.09866270e+00 -1.47675438e+01 6.98308347e-02 2.10133311e+00 -9.63834519e+00 6.91147704e-04 -2.67040702e-03 -5.12919862e+00
2579             7.09760865e-02 2.08936407e+00 -1.47688072e+01 7.02144587e-02 2.09210200e+00 -9.63992249e+00 7.61627794e-04 -2.73793658e-03 -5.12888470e+00
2580             7.33826650e-02 2.08102047e+00 -1.47716470e+01 7.25472726e-02 2.08381920e+00 -9.64293712e+00 8.35392411e-04 -2.79873284e-03 -5.12870986e+00
2581             7.89270817e-02 2.07303340e+00 -1.47736663e+01 7.80341740e-02 2.07587521e+00 -9.64497842e+00 8.92907747e-04 -2.84181596e-03 -5.12868788e+00
2582             8.52331833e-02 2.06551254e+00 -1.47746649e+01 8.43076262e-02 2.06836646e+00 -9.64583330e+00 9.25557053e-04 -2.85392262e-03 -5.12883163e+00
2583             9.04953129e-02 2.06011047e+00 -1.47743071e+01 8.95662957e-02 2.06294762e+00 -9.64517030e+00 9.29017145e-04 -2.83714867e-03 -5.12913678e+00
2584             9.33905718e-02 2.05677629e+00 -1.47746063e+01 9.24821600e-02 2.05958653e+00 -9.64505334e+00 9.08411785e-04 -2.81023096e-03 -5.12955297e+00
2585             9.32542965e-02 2.05509696e+00 -1.47752515e+01 9.23732035e-02 2.05788085e+00 -9.64526892e+00 8.81092988e-04 -2.78389017e-03 -5.12998261e+00
2586             9.17142655e-02 2.05612827e+00 -1.47763797e+01 9.08617885e-02 2.05889246e+00 -9.64606215e+00 8.52476990e-04 -2.76418553e-03 -5.13031753e+00
2587             9.07693520e-02 2.05985782e+00 -1.47758436e+01 8.99413193e-02 2.06261199e+00 -9.64537302e+00 8.28032747e-04 -2.75417363e-03 -5.13047054e+00
2588             8.95503072e-02 2.06715711e+00 -1.47744101e+01 8.87536283e-02 2.06989575e+00 -9.64401591e+00 7.96678861e-04 -2.73863895e-03 -5.13039415e+00
2589             8.70784345e-02 2.07562834e+00 -1.47720365e+01 8.63107278e-02 2.07833978e+00 -9.64193500e+00 7.67706762e-04 -2.71143229e-03 -5.13010150e+00
2590             8.37858176e-02 2.08495428e+00 -1.47704629e+01 8.30357719e-02 2.08762519e+00 -9.64079968e+00 7.50045723e-04 -2.67091366e-03 -5.12966320e+00
2591             7.94095750e-02 2.09332990e+00 -1.47688999e+01 7.86596248e-02 2.09595233e+00 -9.63971476e+00 7.49950192e-04 -2.62242744e-03 -5.12918511e+00
2592             7.30486846e-02 2.10136579e+00 -1.47685250e+01 7.22866338e-02 2.10393693e+00 -9.63976087e+00 7.62050815e-04 -2.57113300e-03 -5.12876412e+00
2593             6.54488606e-02 2.10976735e+00 -1.47684740e+01 6.46690015e-02 2.11229673e+00 -9.63999547e+00 7.79859082e-04 -2.52937858e-03 -5.12847854e+00
2594             5.93713456e-02 2.11892019e+00 -1.47697075e+01 5.85759311e-02 2.12142153e+00 -9.64134842e+00 7.95414457e-04 -2.50133308e-03 -5.12835908e+00
2595             5.62442480e-02 2.12653923e+00 -1.47708168e+01 5.54438679e-02 2.12902904e+00 -9.64240770e+00 8.00380085e-04 -2.48980553e-03 -5.12840910e+00
2596             5.56582626e-02 2.13148008e+00 -1.47718931e+01 5.48676421e-02 2.13397584e+00 -9.64326996e+00 7.90620488e-04 -2.49576026e-03 -5.12862311e+00
2597             5.53849694e-02 2.13410477e+00 -1.47717703e+01 5.46126596e-02 2.13661811e+00 -9.64277564e+00 7.72309762e-04 -2.51333899e-03 -5.12899468e+00
2598             5.43719061e-02 2.13552031e+00 -1.47715588e+01 5.36226295e-02 2.13806011e+00 -9.64208259e+00 7.49276545e-04 -2.53980136e-03 -5.12947622e+00
2599             5.23958058e-02 2.13643255e+00 -1.47710787e+01 5.16711766e-02 2.13898798e+00 -9.64111696e+00 7.24629266e-04 -2.55542640e-03 -5.12996172e+00
2600             5.05437516e-02 2.13704714e+00 -1.47713431e+01 4.98413775e-02 2.13960740e+00 -9.64100401e+00 7.02374141e-04 -2.56026088e-03 -5.13033907e+00
2601             5.15745400e-02 2.13407735e+00 -1.47710158e+01 5.09025648e-02 2.13663397e+00 -9.64048856e+00 6.71975196e-04 -2.55662113e-03 -5.13052721e+00
2602             5.51227094e-02 2.12754370e+00 -1.47706789e+01 5.44794802e-02 2.13010055e+00 -9.64019305e+00 6.43229234e-04 -2.55685143e-03 -5.13048587e+00
2603             6.01834948e-02 2.11818754e+00 -1.47694047e+01 5.95579331e-02 2.12075475e+00 -9.63918001e+00 6.25561733e-04 -2.56720615e-03 -5.13022467e+00
2604             6.49437204e-02 2.10962600e+00 -1.47683216e+01 6.43106141e-02 2.11222067e+00 -9.63850275e+00 6.33106311e-04 -2.59466874e-03 -5.12981884e+00
2605             6.82575199e-02 2.10145809e+00 -1.47671950e+01 6.75873052e-02 2.10409732e+00 -9.63781529e+00 6.70214674e-04 -2.63923036e-03 -5.12937972e+00
2606             6.94057455e-02 2.09390924e+00 -1.47681062e+01 6.86734227e-02 2.09660354e+00 -9.63910101e+00 7.32322773e-04 -2.69429472e-03 -5.12900523e+00
2607             7.10436584e-02 2.08622239e+00 -1.47702330e+01 7.02422863e-02 2.08897229e+00 -9.64147534e+00 8.01372114e-04 -2.74989883e-03 -5.12875769e+00
2608             7.58612452e-02 2.07973893e+00 -1.47732656e+01 7.49972467e-02 2.08253256e+00 -9.64461046e+00 8.63998553e-04 -2.79363585e-03 -5.12865509e+00
2609             8.22516203e-02 2.07350761e+00 -1.47745417e+01 8.13473071e-02 2.07632426e+00 -9.64582592e+00 9.04313161e-04 -2.81665314e-03 -5.12871574e+00
2610             8.76662493e-02 2.06826375e+00 -1.47748789e+01 8.67463357e-02 2.07107352e+00 -9.64592942e+00 9.19913677e-04 -2.80976544e-03 -5.12894946e+00
2611             9.16885020e-02 2.06461583e+00 -1.47743606e+01 9.07792923e-02 2.06740394e+00 -9.64503071e+00 9.09209685e-04 -2.78811585e-03 -5.12932988e+00
2612             9.27738887e-02 2.06282404e+00 -1.47750808e+01 9.18877040e-02 2.06558782e+00 -9.64530479e+00 8.86184737e-04 -2.76377998e-03 -5.12977599e+00
2613             9.18129439e-02 2.06252113e+00 -1.47758532e+01 9.09518033e-02 2.06526438e+00 -9.64567635e+00 8.61140579e-04 -2.74324940e-03 -5.13017687e+00
2614             9.04700299e-02 2.06502232e+00 -1.47763814e+01 8.96297051e-02 2.06775406e+00 -9.64595187e+00 8.40324871e-04 -2.73173545e-03 -5.13042950e+00
2615             9.03259707e-02 2.06993142e+00 -1.47749556e+01 8.95096410e-02 2.07265336e+00 -9.64449176e+00 8.16329780e-04 -2.72194396e-03 -5.13046383e+00
2616             8.89879961e-02 2.07699719e+00 -1.47730469e+01 8.81998977e-02 2.07970212e+00 -9.64278390e+00 7.88098432e-04 -2.70493377e-03 -5.13026298e+00
2617             8.55043848e-02 2.08437421e+00 -1.47708399e+01 8.47365221e-02 2.08704994e+00 -9.64096680e+00 7.67862650e-04 -2.67573758e-03 -5.12987313e+00
2618             8.10481639e-02 2.09178888e+00 -1.47695949e+01 8.02878605e-02 2.09442564e+00 -9.64020273e+00 7.60303399e-04 -2.63676335e-03 -5.12939213e+00
2619             7.57847232e-02 2.09789602e+00 -1.47682399e+01 7.50202025e-02 2.10049076e+00 -9.63930912e+00 7.64520730e-04 -2.59474130e-03 -5.12893076e+00
2620             6.85674720e-02 2.10484543e+00 -1.47681938e+01 6.77927211e-02 2.10740276e+00 -9.63961684e+00 7.74750826e-04 -2.55733840e-03 -5.12857694e+00
2621             6.14219050e-02 2.11216993e+00 -1.47685900e+01 6.06370305e-02 2.11470305e+00 -9.64020856e+00 7.84874462e-04 -2.53312077e-03 -5.12838146e+00
2622             5.72807147e-02 2.11925081e+00 -1.47703303e+01 5.64907160e-02 2.12177126e+00 -9.64197540e+00 7.89998703e-04 -2.52044910e-03 -5.12835487e+00
2623             5.52924849e-02 2.12425728e+00 -1.47713199e+01 5.45111975e-02 2.12677995e+00 -9.64282597e+00 7.81287403e-04 -2.52267055e-03 -5.12849391e+00
2624             5.44285436e-02 2.12699814e+00 -1.47719302e+01 5.36646049e-02 2.12953659e+00 -9.64312897e+00 7.63938690e-04 -2.53844777e-03 -5.12880119e+00
2625             5.34923225e-02 2.12782313e+00 -1.47712982e+01 5.27480807e-02 2.13038336e+00 -9.64204483e+00 7.44241810e-04 -2.56023087e-03 -5.12925337e+00
2626             5.18419086e-02 2.12888873e+00 -1.47711550e+01 5.11204735e-02 2.13147074e+00 -9.64138916e+00 7.21435075e-04 -2.58200912e-03 -5.12976586e+00
2627             4.96240442e-02 2.13000310e+00 -1.47710019e+01 4.89215627e-02 2.13259207e+00 -9.64078489e+00 7.02481477e-04 -2.58897324e-03 -5.13021699e+00
2628             4.91968906e-02 2.12899476e+00 -1.47712969e+01 4.85163801e-02 2.13157761e+00 -9.64078784e+00 6.80510531e-04 -2.58284808e-03 -5.13050901e+00
2629             5.17219216e-02 2.12451585e+00 -1.47707969e+01 5.10676433e-02 2.12709369e+00 -9.64022182e+00 6.54278328e-04 -2.57784133e-03 -5.13057508e+00
2630             5.61574984e-02 2.11763328e+00 -1.47703391e+01 5.55248384e-02 2.12021305e+00 -9.63993521e+00 6.32660013e-04 -2.57976251e-03 -5.13040390e+00
2631             6.13254308e-02 2.11027152e+00 -1.47689210e+01 6.06959233e-02 2.11286444e+00 -9.63888136e+00 6.29507458e-04 -2.59292226e-03 -5.13003961e+00
2632             6.54053416e-02 2.10381803e+00 -1.47678010e+01 6.47513583e-02 2.10643900e+00 -9.63821196e+00 6.53983329e-04 -2.62097194e-03 -5.12958901e+00
2633             6.77776832e-02 2.09697878e+00 -1.47672376e+01 6.70743707e-02 2.09964059e+00 -9.63807196e+00 7.03312447e-04 -2.66180923e-03 -5.12916564e+00
2634             6.96476723e-02 2.09099522e+00 -1.47691684e+01 6.88818472e-02 2.09370499e+00 -9.64031979e+00 7.65825045e-04 -2.70977258e-03 -5.12884864e+00
2635             7.34411518e-02 2.08542844e+00 -1.47718843e+01 7.26119727e-02 2.08817812e+00 -9.64321453e+00 8.29179114e-04 -2.74967758e-03 -5.12866980e+00
2636             7.95767327e-02 2.08105139e+00 -1.47744846e+01 7.87003361e-02 2.08382825e+00 -9.64583747e+00 8.76396575e-04 -2.77685884e-03 -5.12864708e+00
2637             8.51413674e-02 2.07613106e+00 -1.47749326e+01 8.42405668e-02 2.07891058e+00 -9.64613390e+00 9.00800625e-04 -2.77951452e-03 -5.12879871e+00
2638             8.95254521e-02 2.07303490e+00 -1.47748147e+01 8.86216366e-02 2.07579796e+00 -9.64569390e+00 9.03815436e-04 -2.76306327e-03 -5.12912079e+00
2639             9.20940663e-02 2.07076324e+00 -1.47745209e+01 9.12079152e-02 2.07350701e+00 -9.64496792e+00 8.86151106e-04 -2.74376484e-03 -5.12955301e+00
2640             9.18664723e-02 2.06982722e+00 -1.47755778e+01 9.09998592e-02 2.07254925e+00 -9.64558246e+00 8.66613102e-04 -2.72202609e-03 -5.12999538e+00
2641             9.08473969e-02 2.07073523e+00 -1.47760743e+01 9.00011074e-02 2.07344398e+00 -9.64574112e+00 8.46289461e-04 -2.70875157e-03 -5.13033319e+00
2642             9.05712090e-02 2.07429614e+00 -1.47757751e+01 8.97422273e-02 2.07699812e+00 -9.64529608e+00 8.28981724e-04 -2.70197371e-03 -5.13047904e+00
2643             8.98782450e-02 2.07952409e+00 -1.47737839e+01 8.90735835e-02 2.08221700e+00 -9.64340007e+00 8.04661510e-04 -2.69291753e-03 -5.13038384e+00
2644             8.69716850e-02 2.08555320e+00 -1.47719632e+01 8.61875820e-02 2.08822654e+00 -9.64189437e+00 7.84102970e-04 -2.67333781e-03 -5.13006883e+00
2645             8.30184025e-02 2.09125269e+00 -1.47699762e+01 8.22461249e-02 2.09389704e+00 -9.64036603e+00 7.72277600e-04 -2.64435469e-03 -5.12961014e+00
2646             7.80477985e-02 2.09642640e+00 -1.47686539e+01 7.72771186e-02 2.09903824e+00 -9.63952894e+00 7.70679875e-04 -2.61183591e-03 -5.12912501e+00
2647             7.15236276e-02 2.10116917e+00 -1.47675783e+01 7.07497599e-02 2.10374993e+00 -9.63886590e+00 7.73867720e-04 -2.58076474e-03 -5.12871239e+00
2648             6.43040619e-02 2.10689730e+00 -1.47680159e+01 6.35255783e-02 2.10945723e+00 -9.63957487e+00 7.78483633e-04 -2.55993130e-03 -5.12844108e+00
2649             5.90301296e-02 2.11263932e+00 -1.47691823e+01 5.82509485e-02 2.11518993e+00 -9.64084690e+00 7.79181075e-04 -2.55061235e-03 -5.12833538e+00
2650             5.57670437e-02 2.11779568e+00 -1.47710637e+01 5.49942717e-02 2.12034586e+00 -9.64266753e+00 7.72771972e-04 -2.55018179e-03 -5.12839619e+00
2651             5.40985320e-02 2.12014795e+00 -1.47715775e+01 5.33433424e-02 2.12271110e+00 -9.64294842e+00 7.55189554e-04 -2.56315287e-03 -5.12862905e+00
2652             5.28065209e-02 2.12128757e+00 -1.47716138e+01 5.20699408e-02 2.12386900e+00 -9.64258497e+00 7.36580156e-04 -2.58143309e-03 -5.12902879e+00
2653             5.11965909e-02 2.12153632e+00 -1.47708617e+01 5.04793291e-02 2.12413994e+00 -9.64132383e+00 7.17261801e-04 -2.60362330e-03 -5.12953788e+00
2654             4.89861945e-02 2.12217588e+00 -1.47710439e+01 4.82875963e-02 2.12478885e+00 -9.64100252e+00 6.98598178e-04 -2.61296821e-03 -5.13004136e+00
2655             4.76511513e-02 2.12241948e+00 -1.47710690e+01 4.69665187e-02 2.12502902e+00 -9.64064254e+00 6.84632572e-04 -2.60953119e-03 -5.13042648e+00
2656             4.91227170e-02 2.12058729e+00 -1.47713482e+01 4.84608076e-02 2.12318990e+00 -9.64073992e+00 6.61909414e-04 -2.60260317e-03 -5.13060832e+00
2657             5.27329573e-02 2.11605069e+00 -1.47706938e+01 5.20931976e-02 2.11865007e+00 -9.64014903e+00 6.39759744e-04 -2.59938466e-03 -5.13054474e+00
2658             5.72404207e-02 2.11019328e+00 -1.47698948e+01 5.66106935e-02 2.11279442e+00 -9.63964111e+00 6.29727259e-04 -2.60113842e-03 -5.13025372e+00
2659             6.18977974e-02 2.10451311e+00 -1.47682110e+01 6.12554521e-02 2.10712645e+00 -9.63838918e+00 6.42345284e-04 -2.61333444e-03 -5.12982178e+00
2660             6.54347404e-02 2.09946588e+00 -1.47674665e+01 6.47563382e-02 2.10210484e+00 -9.63809779e+00 6.78402148e-04 -2.63895909e-03 -5.12936872e+00
2661             6.80491900e-02 2.09446508e+00 -1.47680756e+01 6.73168144e-02 2.09713906e+00 -9.63908471e+00 7.32375650e-04 -2.67397880e-03 -5.12899088e+00
2662             7.15279042e-02 2.09024237e+00 -1.47709574e+01 7.07369768e-02 2.09295212e+00 -9.64221576e+00 7.90927402e-04 -2.70975096e-03 -5.12874160e+00
2663             7.70066056e-02 2.08686323e+00 -1.47735156e+01 7.61648682e-02 2.08959958e+00 -9.64487742e+00 8.41737436e-04 -2.73634587e-03 -5.12863814e+00
2664             8.26302468e-02 2.08397611e+00 -1.47751284e+01 8.17568596e-02 2.08672268e+00 -9.64642575e+00 8.73387213e-04 -2.74656702e-03 -5.12870270e+00
2665             8.74535629e-02 2.08037484e+00 -1.47748926e+01 8.65669728e-02 2.08311348e+00 -9.64594415e+00 8.86590077e-04 -2.73864275e-03 -5.12894844e+00
2666             9.09430278e-02 2.07857286e+00 -1.47748691e+01 9.00624439e-02 2.08129542e+00 -9.64552879e+00 8.80583871e-04 -2.72255703e-03 -5.12934027e+00
2667             9.18850562e-02 2.07724012e+00 -1.47750914e+01 9.10195855e-02 2.07994463e+00 -9.64529726e+00 8.65470704e-04 -2.70450974e-03 -5.12979411e+00
2668             9.12318392e-02 2.07725522e+00 -1.47761698e+01 9.03814783e-02 2.07994440e+00 -9.64597509e+00 8.50360889e-04 -2.68917861e-03 -5.13019475e+00
2669             9.09114979e-02 2.07900346e+00 -1.47759169e+01 9.00763945e-02 2.08168428e+00 -9.64547734e+00 8.35103359e-04 -2.68082089e-03 -5.13043959e+00
2670             9.07447386e-02 2.08279577e+00 -1.47749153e+01 8.99253746e-02 2.08547147e+00 -9.64445748e+00 8.19364022e-04 -2.67569715e-03 -5.13045780e+00
2671             8.85579474e-02 2.08734080e+00 -1.47727577e+01 8.77577443e-02 2.09000599e+00 -9.64252016e+00 8.00203078e-04 -2.66518836e-03 -5.13023751e+00
2672             8.46620220e-02 2.09167886e+00 -1.47710696e+01 8.38740502e-02 2.09432387e+00 -9.64124011e+00 7.87971768e-04 -2.64500199e-03 -5.12982952e+00
2673             8.02961226e-02 2.09521624e+00 -1.47690872e+01 7.95153704e-02 2.09783730e+00 -9.63974600e+00 7.80752170e-04 -2.62105790e-03 -5.12934117e+00
2674             7.48057256e-02 2.09859321e+00 -1.47678630e+01 7.40266837e-02 2.10119165e+00 -9.63897844e+00 7.79041886e-04 -2.59844532e-03 -5.12888454e+00
2675             6.79404863e-02 2.10247540e+00 -1.47672754e+01 6.71637896e-02 2.10505697e+00 -9.63873371e+00 7.76696663e-04 -2.58157194e-03 -5.12854170e+00
2676             6.13619723e-02 2.10701368e+00 -1.47685615e+01 6.05889430e-02 2.10959056e+00 -9.64020402e+00 7.73029340e-04 -2.57688480e-03 -5.12835752e+00
2677             5.71175450e-02 2.11086788e+00 -1.47702357e+01 5.63530220e-02 2.11344522e+00 -9.64189854e+00 7.64523059e-04 -2.57733634e-03 -5.12833713e+00
2678             5.44713668e-02 2.11356725e+00 -1.47716545e+01 5.37232740e-02 2.11615411e+00 -9.64316550e+00 7.48092791e-04 -2.58685910e-03 -5.12848903e+00
2679             5.25878657e-02 2.11409222e+00 -1.47714705e+01 5.18595376e-02 2.11669729e+00 -9.64265270e+00 7.28328154e-04 -2.60507541e-03 -5.12881781e+00
2680             5.08088073e-02 2.11425826e+00 -1.47711077e+01 5.00962758e-02 2.11688053e+00 -9.64181365e+00 7.12531467e-04 -2.62227568e-03 -5.12929406e+00
2681             4.88081159e-02 2.11447029e+00 -1.47706402e+01 4.81135051e-02 2.11710721e+00 -9.64081919e+00 6.94610851e-04 -2.63692202e-03 -5.12982099e+00
2682             4.70269334e-02 2.11537608e+00 -1.47712122e+01 4.63434664e-02 2.11801074e+00 -9.64093243e+00 6.83466987e-04 -2.63466539e-03 -5.13027979e+00
2683             4.68001119e-02 2.11502959e+00 -1.47712241e+01 4.61290964e-02 2.11765600e+00 -9.64065579e+00 6.71015527e-04 -2.62641373e-03 -5.13056831e+00
2684             4.92155661e-02 2.11297030e+00 -1.47712917e+01 4.85636793e-02 2.11558980e+00 -9.64067065e+00 6.51886892e-04 -2.61949944e-03 -5.13062105e+00
2685             5.35749263e-02 2.10876672e+00 -1.47703361e+01 5.29373683e-02 2.11138141e+00 -9.63990747e+00 6.37558075e-04 -2.61468474e-03 -5.13042864e+00
2686             5.84150120e-02 2.10459567e+00 -1.47692559e+01 5.77734828e-02 2.10720958e+00 -9.63920841e+00 6.41529154e-04 -2.61391012e-03 -5.13004744e+00
2687             6.25462495e-02 2.10055357e+00 -1.47676710e+01 6.18804148e-02 2.10317823e+00 -9.63808176e+00 6.65834649e-04 -2.62466493e-03 -5.12958927e+00
2688             6.58615699e-02 2.09690622e+00 -1.47678256e+01 6.51532397e-02 2.09955148e+00 -9.63865750e+00 7.08330241e-04 -2.64525081e-03 -5.12916805e+00
2689             6.95663467e-02 2.09394414e+00 -1.47695219e+01 6.88054405e-02 2.09661835e+00 -9.64066804e+00 7.60906197e-04 -2.67420548e-03 -5.12885389e+00
2690             7.42624855e-02 2.09209581e+00 -1.47726499e+01 7.34511937e-02 2.09479209e+00 -9.64397272e+00 8.11291761e-04 -2.69628191e-03 -5.12867714e+00
2691             8.01760431e-02 2.09027059e+00 -1.47745808e+01 7.93281942e-02 2.09298012e+00 -9.64592230e+00 8.47848938e-04 -2.70953213e-03 -5.12865852e+00
2692             8.51270955e-02 2.08795144e+00 -1.47753780e+01 8.42583694e-02 2.09066092e+00 -9.64655645e+00 8.68726080e-04 -2.70948818e-03 -5.12882157e+00
2693             8.88726991e-02 2.08616955e+00 -1.47748794e+01 8.79989484e-02 2.08886861e+00 -9.64572722e+00 8.73750691e-04 -2.69906172e-03 -5.12915221e+00
2694             9.08939654e-02 2.08530733e+00 -1.47751340e+01 9.00291494e-02 2.08799371e+00 -9.64554473e+00 8.64815916e-04 -2.68637554e-03 -5.12958928e+00
2695             9.10698157e-02 2.08439159e+00 -1.47756464e+01 9.02158076e-02 2.08706229e+00 -9.64561847e+00 8.54008050e-04 -2.67069385e-03 -5.13002789e+00
2696             9.09643691e-02 2.08538600e+00 -1.47763107e+01 9.01230950e-02 2.08804673e+00 -9.64595431e+00 8.41274102e-04 -2.66073339e-03 -5.13035641e+00
2697             9.08915290e-02 2.08741352e+00 -1.47753879e+01 9.00610281e-02 2.09007024e+00 -9.64490329e+00 8.30500926e-04 -2.65671584e-03 -5.13048460e+00
2698             8.95320001e-02 2.09071759e+00 -1.47739598e+01 8.87151408e-02 2.09337011e+00 -9.64358822e+00 8.16859266e-04 -2.65251403e-03 -5.13037155e+00
2699             8.63331594e-02 2.09335666e+00 -1.47717841e+01 8.55277535e-02 2.09599761e+00 -9.64174511e+00 8.05405857e-04 -2.64094883e-03 -5.13003896e+00
2700             8.20497952e-02 2.09580120e+00 -1.47701129e+01 8.12525916e-02 2.09842626e+00 -9.64053979e+00 7.97203627e-04 -2.62505799e-03 -5.12957309e+00
2701             7.69948211e-02 2.09739316e+00 -1.47681278e+01 7.62041384e-02 2.10000309e+00 -9.63903908e+00 7.90682691e-04 -2.60992325e-03 -5.12908872e+00
2702             7.08141465e-02 2.09936630e+00 -1.47673787e+01 7.00307434e-02 2.10196507e+00 -9.63869206e+00 7.83403124e-04 -2.59876876e-03 -5.12868667e+00
2703             6.45800924e-02 2.10171284e+00 -1.47675155e+01 6.38072778e-02 2.10431183e+00 -9.63909258e+00 7.72814533e-04 -2.59899499e-03 -5.12842290e+00
2704             5.91424530e-02 2.10493350e+00 -1.47694392e+01 5.83824311e-02 2.10753823e+00 -9.64111867e+00 7.60021906e-04 -2.60473055e-03 -5.12832055e+00
2705             5.54545316e-02 2.10714830e+00 -1.47709674e+01 5.47111203e-02 2.10976230e+00 -9.64257967e+00 7.43411247e-04 -2.61399714e-03 -5.12838770e+00
2706             5.21650570e-02 2.10772625e+00 -1.47717823e+01 5.14427730e-02 2.11035603e+00 -9.64314636e+00 7.22284031e-04 -2.62977955e-03 -5.12863590e+00
2707             4.99426997e-02 2.10723858e+00 -1.47710620e+01 4.92369819e-02 2.10988394e+00 -9.64200876e+00 7.05717826e-04 -2.64536100e-03 -5.12905325e+00
2708             4.80262625e-02 2.10712873e+00 -1.47707927e+01 4.73348507e-02 2.10978642e+00 -9.64122135e+00 6.91411801e-04 -2.65769020e-03 -5.12957137e+00
2709             4.65508304e-02 2.10714798e+00 -1.47706710e+01 4.58710413e-02 2.10980784e+00 -9.64059356e+00 6.79789133e-04 -2.65985989e-03 -5.13007739e+00
2710             4.54152572e-02 2.10826636e+00 -1.47713211e+01 4.47403695e-02 2.11091741e+00 -9.64086200e+00 6.74887696e-04 -2.65105417e-03 -5.13045905e+00
2711             4.62603572e-02 2.10790546e+00 -1.47712653e+01 4.55991057e-02 2.11054795e+00 -9.64063688e+00 6.61251501e-04 -2.64249261e-03 -5.13062842e+00
2712             4.96684227e-02 2.10633841e+00 -1.47711275e+01 4.90214468e-02 2.10897090e+00 -9.64058040e+00 6.46975966e-04 -2.63249509e-03 -5.13054710e+00
2713             5.42463420e-02 2.10330138e+00 -1.47698364e+01 5.36022383e-02 2.10592468e+00 -9.63959274e+00 6.44103716e-04 -2.62330169e-03 -5.13024370e+00
2714             5.89307159e-02 2.10086602e+00 -1.47686122e+01 5.82713847e-02 2.10348504e+00 -9.63880238e+00 6.59331127e-04 -2.61902600e-03 -5.12980986e+00
2715             6.29936791e-02 2.09840534e+00 -1.47675339e+01 6.23039450e-02 2.10103035e+00 -9.63817080e+00 6.89734066e-04 -2.62500250e-03 -5.12936312e+00
2716             6.71905207e-02 2.09673807e+00 -1.47687486e+01 6.64568097e-02 2.09937822e+00 -9.63975289e+00 7.33711022e-04 -2.64014585e-03 -5.12899575e+00
2717             7.19358546e-02 2.09569782e+00 -1.47711677e+01 7.11568483e-02 2.09835475e+00 -9.64241617e+00 7.79006250e-04 -2.65693653e-03 -5.12875157e+00
2718             7.72907927e-02 2.09572066e+00 -1.47740248e+01 7.64719207e-02 2.09838784e+00 -9.64536736e+00 8.18871955e-04 -2.66717870e-03 -5.12865747e+00
2719             8.24872645e-02 2.09495284e+00 -1.47751754e+01 8.16430800e-02 2.09762434e+00 -9.64643834e+00 8.44184514e-04 -2.67150335e-03 -5.12873710e+00
2720             8.64371055e-02 2.09330086e+00 -1.47754976e+01 8.55790146e-02 2.09596954e+00 -9.64650323e+00 8.58090862e-04 -2.66868070e-03 -5.12899440e+00
2721             8.91713384e-02 2.09259983e+00 -1.47750776e+01 8.83117035e-02 2.09526147e+00 -9.64568706e+00 8.59634895e-04 -2.66164007e-03 -5.12939058e+00
2722             9.07566515e-02 2.09213949e+00 -1.47755257e+01 8.99036239e-02 2.09479149e+00 -9.64568673e+00 8.53027553e-04 -2.65200272e-03 -5.12983900e+00
2723             9.15990842e-02 2.09183077e+00 -1.47757112e+01 9.07539348e-02 2.09447276e+00 -9.64548332e+00 8.45149363e-04 -2.64199479e-03 -5.13022787e+00
2724             9.14236041e-02 2.09302755e+00 -1.47758108e+01 9.05876810e-02 2.09566380e+00 -9.64535579e+00 8.35923058e-04 -2.63624663e-03 -5.13045503e+00
2725             9.02720930e-02 2.09466748e+00 -1.47745610e+01 8.94428279e-02 2.09730399e+00 -9.64410559e+00 8.29265098e-04 -2.63651193e-03 -5.13045546e+00
2726             8.73023666e-02 2.09651889e+00 -1.47730615e+01 8.64818940e-02 2.09915205e+00 -9.64284215e+00 8.20472620e-04 -2.63315383e-03 -5.13021936e+00
2727             8.34935583e-02 2.09670005e+00 -1.47708184e+01 8.26800943e-02 2.09932493e+00 -9.64101260e+00 8.13463989e-04 -2.62488441e-03 -5.12980578e+00
2728             7.93353357e-02 2.09704193e+00 -1.47690027e+01 7.85307564e-02 2.09965947e+00 -9.63968375e+00 8.04579345e-04 -2.61754239e-03 -5.12931892e+00
2729             7.39828811e-02 2.09725036e+00 -1.47671688e+01 7.31898231e-02 2.09986524e+00 -9.63829698e+00 7.93058011e-04 -2.61487704e-03 -5.12887182e+00
2730             6.78067147e-02 2.09832487e+00 -1.47671019e+01 6.70303907e-02 2.10094401e+00 -9.63856525e+00 7.76323908e-04 -2.61914454e-03 -5.12853661e+00
2731             6.17442800e-02 2.09955741e+00 -1.47682255e+01 6.09864747e-02 2.10218763e+00 -9.63987131e+00 7.57805370e-04 -2.63021786e-03 -5.12835423e+00
2732             5.70333021e-02 2.10102546e+00 -1.47704901e+01 5.62957870e-02 2.10366730e+00 -9.64215388e+00 7.37515051e-04 -2.64184310e-03 -5.12833627e+00
2733             5.28115639e-02 2.10138008e+00 -1.47713191e+01 5.20956342e-02 2.10403674e+00 -9.64282176e+00 7.15929691e-04 -2.65666242e-03 -5.12849736e+00
2734             4.98394666e-02 2.10061174e+00 -1.47712891e+01 4.91418492e-02 2.10328374e+00 -9.64244947e+00 6.97617452e-04 -2.67200336e-03 -5.12883960e+00
2735             4.77890460e-02 2.09982653e+00 -1.47704750e+01 4.71047793e-02 2.10250722e+00 -9.64115620e+00 6.84266742e-04 -2.68068092e-03 -5.12931884e+00
2736             4.61343914e-02 2.09978935e+00 -1.47706312e+01 4.54594643e-02 2.10247596e+00 -9.64078965e+00 6.74927136e-04 -2.68661110e-03 -5.12984157e+00
2737             4.50684007e-02 2.10037771e+00 -1.47708977e+01 4.43983633e-02 2.10305593e+00 -9.64060673e+00 6.70037420e-04 -2.67822019e-03 -5.13029096e+00
2738             4.48957473e-02 2.10171178e+00 -1.47715280e+01 4.42297601e-02 2.10437945e+00 -9.64096309e+00 6.65987176e-04 -2.66767419e-03 -5.13056487e+00
2739             4.69656683e-02 2.10195245e+00 -1.47711812e+01 4.63109506e-02 2.10460822e+00 -9.64058184e+00 6.54717636e-04 -2.65576564e-03 -5.13059931e+00
2740             5.07117782e-02 2.10136963e+00 -1.47706356e+01 5.00624883e-02 2.10401071e+00 -9.64024207e+00 6.49289844e-04 -2.64107526e-03 -5.13039353e+00
2741             5.53600444e-02 2.09994842e+00 -1.47690825e+01 5.47030590e-02 2.10257388e+00 -9.63907214e+00 6.56985386e-04 -2.62546128e-03 -5.13001033e+00
2742             5.97841115e-02 2.09901197e+00 -1.47681178e+01 5.91063507e-02 2.10162793e+00 -9.63855733e+00 6.77760792e-04 -2.61595679e-03 -5.12956051e+00
2743             6.48341347e-02 2.09814207e+00 -1.47680105e+01 6.41249604e-02 2.10075824e+00 -9.63885932e+00 7.09174312e-04 -2.61616676e-03 -5.12915116e+00
2744             7.02015043e-02 2.09874487e+00 -1.47702000e+01 6.94523358e-02 2.10136697e+00 -9.64135574e+00 7.49168504e-04 -2.62209614e-03 -5.12884427e+00
2745             7.53374218e-02 2.09970445e+00 -1.47726256e+01 7.45511222e-02 2.10233168e+00 -9.64394729e+00 7.86299524e-04 -2.62723212e-03 -5.12867833e+00
2746             8.02014236e-02 2.10085107e+00 -1.47749001e+01 7.93862027e-02 2.10348139e+00 -9.64622431e+00 8.15220935e-04 -2.63031557e-03 -5.12867579e+00
2747             8.43823484e-02 2.10044600e+00 -1.47753657e+01 8.35474577e-02 2.10307919e+00 -9.64651406e+00 8.34890673e-04 -2.63318714e-03 -5.12885161e+00
2748             8.73829872e-02 2.10014879e+00 -1.47755111e+01 8.65373263e-02 2.10278058e+00 -9.64632333e+00 8.45660927e-04 -2.63179412e-03 -5.12918779e+00
2749             8.95714984e-02 2.09961023e+00 -1.47752191e+01 8.87256873e-02 2.10223748e+00 -9.64559788e+00 8.45811122e-04 -2.62725594e-03 -5.12962118e+00
2750             9.10074531e-02 2.09914923e+00 -1.47757314e+01 9.01640634e-02 2.10176863e+00 -9.64568147e+00 8.43389670e-04 -2.61940605e-03 -5.13004997e+00
2751             9.17741017e-02 2.09908187e+00 -1.47756342e+01 9.09374994e-02 2.10169478e+00 -9.64527066e+00 8.36602308e-04 -2.61290935e-03 -5.13036354e+00
2752             9.08233898e-02 2.09987530e+00 -1.47752970e+01 8.99895575e-02 2.10248912e+00 -9.64481985e+00 8.33832322e-04 -2.61381734e-03 -5.13047720e+00
2753             8.84225354e-02 2.10019464e+00 -1.47736982e+01 8.75909326e-02 2.10281101e+00 -9.64334468e+00 8.31602859e-04 -2.61636817e-03 -5.13035354e+00
2754             8.50026394e-02 2.09969790e+00 -1.47719577e+01 8.41748305e-02 2.10231461e+00 -9.64193654e+00 8.27808910e-04 -2.61670921e-03 -5.13002116e+00
2755             8.10321261e-02 2.09809432e+00 -1.47694644e+01 8.02125201e-02 2.10071276e+00 -9.63990162e+00 8.19606004e-04 -2.61844209e-03 -5.12956276e+00
2756             7.61237851e-02 2.09684282e+00 -1.47677788e+01 7.53190157e-02 2.09946685e+00 -9.63868669e+00 8.04769378e-04 -2.62402454e-03 -5.12909213e+00
2757             7.07818764e-02 2.09550070e+00 -1.47666117e+01 6.99981588e-02 2.09813683e+00 -9.63791007e+00 7.83717532e-04 -2.63613837e-03 -5.12870161e+00
2758             6.52366540e-02 2.09527033e+00 -1.47675644e+01 6.44785442e-02 2.09792316e+00 -9.63911961e+00 7.58109796e-04 -2.65283232e-03 -5.12844481e+00
2759             5.94352554e-02 2.09549997e+00 -1.47691948e+01 5.87034796e-02 2.09817117e+00 -9.64084997e+00 7.31775728e-04 -2.67119498e-03 -5.12834484e+00
2760             5.43903937e-02 2.09549409e+00 -1.47710617e+01 5.36815219e-02 2.09818110e+00 -9.64264363e+00 7.08871736e-04 -2.68701432e-03 -5.12841805e+00
2761             5.02051937e-02 2.09400957e+00 -1.47711017e+01 4.95175769e-02 2.09671113e+00 -9.64242670e+00 6.87616769e-04 -2.70156817e-03 -5.12867501e+00
2762             4.73630423e-02 2.09293139e+00 -1.47707890e+01 4.66888820e-02 2.09564201e+00 -9.64169682e+00 6.74160368e-04 -2.71062141e-03 -5.12909213e+00
2763             4.53824124e-02 2.09231180e+00 -1.47702138e+01 4.47147732e-02 2.09502506e+00 -9.64061483e+00 6.67639211e-04 -2.71325985e-03 -5.12959894e+00
2764             4.43016487e-02 2.09293381e+00 -1.47707590e+01 4.36380379e-02 2.09564261e+00 -9.64066864e+00 6.63610853e-04 -2.70880512e-03 -5.13009031e+00
2765             4.37699441e-02 2.09441782e+00 -1.47710824e+01 4.31046825e-02 2.09711512e+00 -9.64063025e+00 6.65261586e-04 -2.69729743e-03 -5.13045218e+00
2766             4.45655910e-02 2.09623783e+00 -1.47715556e+01 4.39047531e-02 2.09892207e+00 -9.64095512e+00 6.60837906e-04 -2.68424298e-03 -5.13060048e+00
2767             4.75427984e-02 2.09748536e+00 -1.47708953e+01 4.68864807e-02 2.10015123e+00 -9.64039301e+00 6.56317626e-04 -2.66587849e-03 -5.13050229e+00
2768             5.16168478e-02 2.09809938e+00 -1.47700582e+01 5.09566699e-02 2.10074212e+00 -9.63986296e+00 6.60177889e-04 -2.64274778e-03 -5.13019522e+00
2769             5.61936251e-02 2.09837742e+00 -1.47685428e+01 5.55202899e-02 2.10099747e+00 -9.63877439e+00 6.73335217e-04 -2.62005412e-03 -5.12976841e+00
2770             6.14769816e-02 2.09919846e+00 -1.47681756e+01 6.07822885e-02 2.10180356e+00 -9.63884262e+00 6.94693104e-04 -2.60509313e-03 -5.12933294e+00
2771             6.76325967e-02 2.10020399e+00 -1.47689708e+01 6.69072174e-02 2.10280137e+00 -9.64000010e+00 7.25379268e-04 -2.59738281e-03 -5.12897071e+00
2772             7.33043760e-02 2.10267229e+00 -1.47715627e+01 7.25477879e-02 2.10526794e+00 -9.64282865e+00 7.56588131e-04 -2.59564861e-03 -5.12873402e+00
2773             7.77931555e-02 2.10517183e+00 -1.47737791e+01 7.70072660e-02 2.10776438e+00 -9.64512696e+00 7.85889453e-04 -2.59255054e-03 -5.12865217e+00
2774             8.20766986e-02 2.10720154e+00 -1.47754438e+01 8.12675586e-02 2.10979750e+00 -9.64669885e+00 8.09140042e-04 -2.59595819e-03 -5.12874491e+00
2775             8.53059114e-02 2.10692279e+00 -1.47755181e+01 8.44797897e-02 2.10952418e+00 -9.64651284e+00 8.26121651e-04 -2.60138962e-03 -5.12900525e+00
2776             8.80095643e-02 2.10702916e+00 -1.47755850e+01 8.71727164e-02 2.10962935e+00 -9.64618938e+00 8.36847878e-04 -2.60019121e-03 -5.12939559e+00
2777             9.04824045e-02 2.10645151e+00 -1.47752669e+01 8.96435181e-02 2.10905042e+00 -9.64543623e+00 8.38886320e-04 -2.59891705e-03 -5.12983063e+00
2778             9.16423916e-02 2.10615893e+00 -1.47756504e+01 9.08041733e-02 2.10875084e+00 -9.64544593e+00 8.38218358e-04 -2.59191454e-03 -5.13020448e+00
2779             9.12311055e-02 2.10578982e+00 -1.47752432e+01 9.03960472e-02 2.10838100e+00 -9.64482536e+00 8.35058240e-04 -2.59117978e-03 -5.13041789e+00
2780             8.94585564e-02 2.10517343e+00 -1.47745622e+01 8.86193158e-02 2.10777067e+00 -9.64414944e+00 8.39240535e-04 -2.59724367e-03 -5.13041274e+00
2781             8.68789536e-02 2.10327107e+00 -1.47725236e+01 8.60395948e-02 2.10587575e+00 -9.64234254e+00 8.39358759e-04 -2.60467665e-03 -5.13018110e+00
2782             8.29322955e-02 2.10035006e+00 -1.47704632e+01 8.20976955e-02 2.10296274e+00 -9.64067867e+00 8.34600022e-04 -2.61267679e-03 -5.12978451e+00
2783             7.81434728e-02 2.09745176e+00 -1.47681360e+01 7.73242112e-02 2.10007764e+00 -9.63881499e+00 8.19261641e-04 -2.62588071e-03 -5.12932103e+00
2784             7.28085296e-02 2.09513996e+00 -1.47668918e+01 7.20129377e-02 2.09778592e+00 -9.63799642e+00 7.95591937e-04 -2.64595700e-03 -5.12889539e+00
2785             6.79278642e-02 2.09265411e+00 -1.47666235e+01 6.71644676e-02 2.09532527e+00 -9.63804885e+00 7.63396641e-04 -2.67116631e-03 -5.12857466e+00
2786             6.25699567e-02 2.09100846e+00 -1.47682197e+01 6.18396971e-02 2.09370446e+00 -9.63982221e+00 7.30259587e-04 -2.69599642e-03 -5.12839747e+00
2787             5.70290471e-02 2.08958392e+00 -1.47698111e+01 5.63290461e-02 2.09230186e+00 -9.64142449e+00 7.00000972e-04 -2.71793727e-03 -5.12838665e+00
2788             5.16473177e-02 2.08848578e+00 -1.47709893e+01 5.09690247e-02 2.09121965e+00 -9.64243167e+00 6.78293013e-04 -2.73387379e-03 -5.12855761e+00
2789             4.76254683e-02 2.08652821e+00 -1.47705917e+01 4.69634535e-02 2.08927225e+00 -9.64169176e+00 6.62014768e-04 -2.74403950e-03 -5.12889994e+00
2790             4.49907951e-02 2.08561600e+00 -1.47704169e+01 4.43348872e-02 2.08835956e+00 -9.64105265e+00 6.55907936e-04 -2.74355580e-03 -5.12936428e+00
2791             4.39197033e-02 2.08533807e+00 -1.47701385e+01 4.32647518e-02 2.08807845e+00 -9.64027399e+00 6.54951508e-04 -2.74038633e-03 -5.12986448e+00
2792             4.37721915e-02 2.08656201e+00 -1.47708508e+01 4.31158912e-02 2.08929129e+00 -9.64056231e+00 6.56300270e-04 -2.72928250e-03 -5.13028851e+00
2793             4.39473311e-02 2.08922789e+00 -1.47711202e+01 4.32868261e-02 2.09194319e+00 -9.64058320e+00 6.60504957e-04 -2.71529913e-03 -5.13053701e+00
2794             4.53132487e-02 2.09262926e+00 -1.47712889e+01 4.46526347e-02 2.09532519e+00 -9.64073642e+00 6.60613954e-04 -2.69592465e-03 -5.13055245e+00
2795             4.84479886e-02 2.09513905e+00 -1.47703048e+01 4.77840736e-02 2.09780799e+00 -9.63996421e+00 6.63915032e-04 -2.66894424e-03 -5.13034063e+00
2796             5.26778469e-02 2.09701815e+00 -1.47693672e+01 5.20052717e-02 2.09965459e+00 -9.63940117e+00 6.72575181e-04 -2.63643471e-03 -5.12996607e+00
2797             5.83569333e-02 2.09871463e+00 -1.47682307e+01 5.76713486e-02 2.10132079e+00 -9.63870207e+00 6.85584696e-04 -2.60615578e-03 -5.12952868e+00
2798             6.51769922e-02 2.10122627e+00 -1.47686716e+01 6.44716742e-02 2.10380967e+00 -9.63954604e+00 7.05318037e-04 -2.58340348e-03 -5.12912561e+00
2799             7.17536435e-02 2.10461355e+00 -1.47701237e+01 7.10244927e-02 2.10718235e+00 -9.64130124e+00 7.29150844e-04 -2.56880668e-03 -5.12882245e+00
2800             7.64941707e-02 2.10860765e+00 -1.47727403e+01 7.57409592e-02 2.11116566e+00 -9.64407585e+00 7.53211494e-04 -2.55800734e-03 -5.12866442e+00
2801             8.03680875e-02 2.11200182e+00 -1.47744575e+01 7.95905468e-02 2.11455880e+00 -9.64578501e+00 7.77540740e-04 -2.55697643e-03 -5.12867244e+00
2802             8.34206491e-02 2.11397153e+00 -1.47755993e+01 8.26222639e-02 2.11653750e+00 -9.64675025e+00 7.98385237e-04 -2.56597002e-03 -5.12884902e+00
2803             8.60473430e-02 2.11416093e+00 -1.47754249e+01 8.52307522e-02 2.11673341e+00 -9.64625008e+00 8.16590833e-04 -2.57248097e-03 -5.12917481e+00
2804             8.88008878e-02 2.11423875e+00 -1.47753991e+01 8.79735381e-02 2.11681485e+00 -9.64581060e+00 8.27349716e-04 -2.57609665e-03 -5.12958853e+00
2805             9.12726487e-02 2.11346361e+00 -1.47751087e+01 9.04413248e-02 2.11603710e+00 -9.64511332e+00 8.31323859e-04 -2.57348772e-03 -5.12999537e+00
2806             9.20481832e-02 2.11257345e+00 -1.47753364e+01 9.12165418e-02 2.11514435e+00 -9.64504750e+00 8.31641344e-04 -2.57090552e-03 -5.13028893e+00
2807             9.02926848e-02 2.11095682e+00 -1.47747122e+01 8.94550204e-02 2.11353289e+00 -9.64431837e+00 8.37664386e-04 -2.57607857e-03 -5.13039380e+00
2808             8.79511589e-02 2.10831133e+00 -1.47736038e+01 8.71050633e-02 2.11089823e+00 -9.64332714e+00 8.46095594e-04 -2.58690358e-03 -5.13027668e+00
2809             8.45627999e-02 2.10393339e+00 -1.47712689e+01 8.37175263e-02 2.10653506e+00 -9.64130169e+00 8.45273655e-04 -2.60166614e-03 -5.12996720e+00
2810             7.99307756e-02 2.09938652e+00 -1.47691757e+01 7.90976291e-02 2.10200805e+00 -9.63963470e+00 8.33146540e-04 -2.62152637e-03 -5.12954101e+00
2811             7.51703300e-02 2.09517450e+00 -1.47670623e+01 7.43634440e-02 2.09782372e+00 -9.63796125e+00 8.06885977e-04 -2.64922237e-03 -5.12910103e+00
2812             7.05326488e-02 2.09129837e+00 -1.47665921e+01 6.97608529e-02 2.09398196e+00 -9.63785927e+00 7.71795869e-04 -2.68358964e-03 -5.12873280e+00
2813             6.54701907e-02 2.08780367e+00 -1.47672240e+01 6.47395560e-02 2.09051958e+00 -9.63873774e+00 7.30634681e-04 -2.71591371e-03 -5.12848628e+00
2814             5.95749523e-02 2.08521326e+00 -1.47691178e+01 5.88823509e-02 2.08795788e+00 -9.64071907e+00 6.92601419e-04 -2.74462461e-03 -5.12839878e+00
2815             5.35618007e-02 2.08284376e+00 -1.47702794e+01 5.28967796e-02 2.08560893e+00 -9.64179309e+00 6.65021103e-04 -2.76517650e-03 -5.12848633e+00
2816             4.80084507e-02 2.08085338e+00 -1.47707809e+01 4.73615176e-02 2.08362975e+00 -9.64203043e+00 6.46933136e-04 -2.77637046e-03 -5.12875050e+00
2817             4.40854348e-02 2.07927559e+00 -1.47702380e+01 4.34473918e-02 2.08205393e+00 -9.64108336e+00 6.38043030e-04 -2.77833878e-03 -5.12915464e+00
2818             4.23490507e-02 2.07861391e+00 -1.47703062e+01 4.17083757e-02 2.08138457e+00 -9.64066903e+00 6.40674950e-04 -2.77066456e-03 -5.12963714e+00
2819             4.24032107e-02 2.07898113e+00 -1.47704305e+01 4.17589234e-02 2.08174413e+00 -9.64033238e+00 6.44287284e-04 -2.76300452e-03 -5.13009810e+00
2820             4.27233076e-02 2.08180128e+00 -1.47712564e+01 4.20698800e-02 2.08455026e+00 -9.64082712e+00 6.53427638e-04 -2.74898387e-03 -5.13042929e+00
2821             4.35393717e-02 2.08590719e+00 -1.47712082e+01 4.28791371e-02 2.08863694e+00 -9.64065566e+00 6.60234593e-04 -2.72975007e-03 -5.13055255e+00
2822             4.56004515e-02 2.09082441e+00 -1.47709286e+01 4.49337334e-02 2.09352473e+00 -9.64048218e+00 6.66718099e-04 -2.70031107e-03 -5.13044643e+00
2823             4.90223163e-02 2.09442767e+00 -1.47697440e+01 4.83487491e-02 2.09708972e+00 -9.63959525e+00 6.73567165e-04 -2.66205003e-03 -5.13014876e+00
2824             5.42121482e-02 2.09783877e+00 -1.47690594e+01 5.35302705e-02 2.10045703e+00 -9.63932198e+00 6.81877733e-04 -2.61826245e-03 -5.12973742e+00
2825             6.13891412e-02 2.10129119e+00 -1.47684742e+01 6.06964792e-02 2.10387208e+00 -9.63916329e+00 6.92662066e-04 -2.58089329e-03 -5.12931093e+00
2826             6.88287063e-02 2.10565292e+00 -1.47694965e+01 6.81206368e-02 2.10820329e+00 -9.64054445e+00 7.08069519e-04 -2.55036736e-03 -5.12895209e+00
2827             7.47281483e-02 2.11074895e+00 -1.47711999e+01 7.40031797e-02 2.11327945e+00 -9.64247973e+00 7.24968658e-04 -2.53050801e-03 -5.12872021e+00
2828             7.84752683e-02 2.11600624e+00 -1.47736713e+01 7.77278569e-02 2.11852615e+00 -9.64502193e+00 7.47411392e-04 -2.51990863e-03 -5.12864935e+00
2829             8.17692895e-02 2.11978230e+00 -1.47750733e+01 8.09992070e-02 2.12230914e+00 -9.64633080e+00 7.70082483e-04 -2.52683890e-03 -5.12874248e+00
2830             8.39659579e-02 2.12126987e+00 -1.47758370e+01 8.31719345e-02 2.12380943e+00 -9.64684596e+00 7.94023381e-04 -2.53956087e-03 -5.12899107e+00
2831             8.66716374e-02 2.12151163e+00 -1.47753474e+01 8.58569975e-02 2.12405844e+00 -9.64599176e+00 8.14639920e-04 -2.54680898e-03 -5.12935569e+00
2832             9.02942627e-02 2.12127368e+00 -1.47751170e+01 8.94699725e-02 2.12382516e+00 -9.64535450e+00 8.24290208e-04 -2.55147477e-03 -5.12976249e+00
2833             9.21170904e-02 2.11968873e+00 -1.47748071e+01 9.12870709e-02 2.12223770e+00 -9.64469754e+00 8.30019507e-04 -2.54897469e-03 -5.13010961e+00
2834             9.12096593e-02 2.11781216e+00 -1.47749563e+01 9.03739318e-02 2.12036397e+00 -9.64464793e+00 8.35727469e-04 -2.55181717e-03 -5.13030836e+00
2835             8.86029435e-02 2.11413282e+00 -1.47740103e+01 8.77530847e-02 2.11669693e+00 -9.64370630e+00 8.49858854e-04 -2.56411512e-03 -5.13030402e+00
2836             8.54946623e-02 2.10903002e+00 -1.47725300e+01 8.46385844e-02 2.11161367e+00 -9.64243378e+00 8.56077867e-04 -2.58365195e-03 -5.13009618e+00
2837             8.18330724e-02 2.10237912e+00 -1.47699432e+01 8.09841031e-02 2.10498820e+00 -9.64020939e+00 8.48969323e-04 -2.60907852e-03 -5.12973379e+00
2838             7.74302584e-02 2.09678991e+00 -1.47679292e+01 7.66051794e-02 2.09943305e+00 -9.63862269e+00 8.25078947e-04 -2.64314351e-03 -5.12930650e+00
2839             7.28820192e-02 2.09130549e+00 -1.47663964e+01 7.20939591e-02 2.09399101e+00 -9.63749046e+00 7.88060160e-04 -2.68552459e-03 -5.12890595e+00
2840             6.84147011e-02 2.08604645e+00 -1.47668023e+01 6.76725735e-02 2.08877285e+00 -9.63820129e+00 7.42127628e-04 -2.72640298e-03 -5.12860099e+00
2841             6.30345043e-02 2.08111702e+00 -1.47679052e+01 6.23381641e-02 2.08388038e+00 -9.63946749e+00 6.96340214e-04 -2.76335392e-03 -5.12843771e+00
2842             5.59577668e-02 2.07787696e+00 -1.47697201e+01 5.52973034e-02 2.08066855e+00 -9.64127466e+00 6.60463354e-04 -2.79158825e-03 -5.12844542e+00
2843             4.96202628e-02 2.07506129e+00 -1.47703201e+01 4.89807149e-02 2.07786781e+00 -9.64169071e+00 6.39547810e-04 -2.80651290e-03 -5.12862937e+00
2844             4.45086719e-02 2.07291595e+00 -1.47705401e+01 4.38824965e-02 2.07572473e+00 -9.64157484e+00 6.26175439e-04 -2.80878176e-03 -5.12896521e+00
2845             4.18816963e-02 2.07157237e+00 -1.47701324e+01 4.12542796e-02 2.07437255e+00 -9.64072477e+00 6.27416692e-04 -2.80017863e-03 -5.12940763e+00
2846             4.15865780e-02 2.07147762e+00 -1.47704580e+01 4.09512938e-02 2.07426761e+00 -9.64057850e+00 6.35284207e-04 -2.78998458e-03 -5.12987954e+00
2847             4.20333334e-02 2.07315211e+00 -1.47707372e+01 4.13892417e-02 2.07593055e+00 -9.64046382e+00 6.44091679e-04 -2.77844427e-03 -5.13027335e+00
2848             4.24129959e-02 2.07818617e+00 -1.47713820e+01 4.17542353e-02 2.08094545e+00 -9.64088500e+00 6.58760665e-04 -2.75927277e-03 -5.13049701e+00
2849             4.32693063e-02 2.08438005e+00 -1.47709945e+01 4.25995766e-02 2.08711138e+00 -9.64049082e+00 6.69729767e-04 -2.73132407e-03 -5.13050366e+00
2850             4.57860897e-02 2.09051316e+00 -1.47705551e+01 4.51067849e-02 2.09320354e+00 -9.64025250e+00 6.79304882e-04 -2.69038371e-03 -5.13030261e+00
2851             4.99779114e-02 2.09514467e+00 -1.47694926e+01 4.92918026e-02 2.09778413e+00 -9.63954309e+00 6.86108843e-04 -2.63945521e-03 -5.12994950e+00
2852             5.71404151e-02 2.10008727e+00 -1.47691288e+01 5.64498304e-02 2.10267509e+00 -9.63959848e+00 6.90584657e-04 -2.58782518e-03 -5.12953027e+00
2853             6.57214556e-02 2.10539637e+00 -1.47689653e+01 6.50258577e-02 2.10793851e+00 -9.63983110e+00 6.95597891e-04 -2.54214553e-03 -5.12913421e+00
2854             7.30292748e-02 2.11199787e+00 -1.47703639e+01 7.23238352e-02 2.11450527e+00 -9.64152508e+00 7.05439620e-04 -2.50739538e-03 -5.12883882e+00
2855             7.71968907e-02 2.11833157e+00 -1.47722101e+01 7.64760196e-02 2.12081870e+00 -9.64351772e+00 7.20871094e-04 -2.48712972e-03 -5.12869234e+00
2856             7.98534820e-02 2.12419772e+00 -1.47745273e+01 7.91098140e-02 2.12668311e+00 -9.64582243e+00 7.43667991e-04 -2.48538522e-03 -5.12870482e+00
2857             8.23300922e-02 2.12759447e+00 -1.47755738e+01 8.15600505e-02 2.13009509e+00 -9.64670337e+00 7.70041774e-04 -2.50062207e-03 -5.12887045e+00
2858             8.51477545e-02 2.12838625e+00 -1.47758981e+01 8.43504813e-02 2.13090064e+00 -9.64672997e+00 7.97273262e-04 -2.51439453e-03 -5.12916815e+00
2859             8.91089721e-02 2.12818318e+00 -1.47750431e+01 8.82921081e-02 2.13070656e+00 -9.64549741e+00 8.16863954e-04 -2.52337458e-03 -5.12954567e+00
2860             9.17791105e-02 2.12734461e+00 -1.47748612e+01 9.09509802e-02 2.12987081e+00 -9.64494624e+00 8.28130305e-04 -2.52620293e-03 -5.12991494e+00
2861             9.17038468e-02 2.12490248e+00 -1.47746145e+01 9.08665508e-02 2.12743014e+00 -9.64443309e+00 8.37296014e-04 -2.52765210e-03 -5.13018137e+00
2862             8.95912133e-02 2.12090554e+00 -1.47745090e+01 8.87386926e-02 2.12344270e+00 -9.64423277e+00 8.52520633e-04 -2.53715739e-03 -5.13027624e+00
2863             8.72539914e-02 2.11437034e+00 -1.47730265e+01 8.63858922e-02 2.11692899e+00 -9.64285257e+00 8.68099287e-04 -2.55865419e-03 -5.13017390e+00
2864             8.38317964e-02 2.10696129e+00 -1.47710877e+01 8.29637206e-02 2.10955068e+00 -9.64119316e+00 8.68075890e-04 -2.58939031e-03 -5.12989456e+00
2865             7.92458841e-02 2.09906212e+00 -1.47685427e+01 7.83969694e-02 2.10169069e+00 -9.63903660e+00 8.48914644e-04 -2.62856763e-03 -5.12950613e+00
2866             7.48618799e-02 2.09229554e+00 -1.47670754e+01 7.40505223e-02 2.09497351e+00 -9.63798019e+00 8.11357652e-04 -2.67796987e-03 -5.12909522e+00
2867             7.09710450e-02 2.08519763e+00 -1.47662987e+01 7.02088309e-02 2.08792673e+00 -9.63755460e+00 7.62214090e-04 -2.72910207e-03 -5.12874414e+00
2868             6.62402932e-02 2.07892949e+00 -1.47672572e+01 6.55317851e-02 2.08170371e+00 -9.63874695e+00 7.08508139e-04 -2.77422104e-03 -5.12851021e+00
2869             5.92417013e-02 2.07333728e+00 -1.47684403e+01 5.85788011e-02 2.07614869e+00 -9.64000184e+00 6.62900206e-04 -2.81140391e-03 -5.12843847e+00
2870             5.21215886e-02 2.06943797e+00 -1.47699021e+01 5.14866597e-02 2.07226983e+00 -9.64136132e+00 6.34928854e-04 -2.83186748e-03 -5.12854075e+00
2871             4.58660330e-02 2.06694388e+00 -1.47700662e+01 4.52474626e-02 2.06978141e+00 -9.64126499e+00 6.18570410e-04 -2.83753093e-03 -5.12880123e+00
2872             4.18792525e-02 2.06530238e+00 -1.47702231e+01 4.12629149e-02 2.06813376e+00 -9.64103670e+00 6.16337579e-04 -2.83138669e-03 -5.12918636e+00
2873             4.08372963e-02 2.06416996e+00 -1.47699533e+01 4.02113273e-02 2.06698612e+00 -9.64031296e+00 6.25969005e-04 -2.81616775e-03 -5.12964036e+00
2874             4.14313188e-02 2.06523258e+00 -1.47705585e+01 4.07945769e-02 2.06803993e+00 -9.64048708e+00 6.36741906e-04 -2.80734600e-03 -5.13007138e+00
2875             4.18742095e-02 2.06935531e+00 -1.47709323e+01 4.12210015e-02 2.07214494e+00 -9.64055497e+00 6.53208042e-04 -2.78963392e-03 -5.13037732e+00
2876             4.20227162e-02 2.07670171e+00 -1.47713422e+01 4.13507108e-02 2.07946427e+00 -9.64085001e+00 6.72005417e-04 -2.76255465e-03 -5.13049214e+00
2877             4.34391013e-02 2.08457743e+00 -1.47706732e+01 4.27530374e-02 2.08729973e+00 -9.64027314e+00 6.86063913e-04 -2.72229682e-03 -5.13040004e+00
2878             4.67345667e-02 2.09157183e+00 -1.47702354e+01 4.60414027e-02 2.09423995e+00 -9.64010206e+00 6.93164084e-04 -2.66811513e-03 -5.13013336e+00
2879             5.32915546e-02 2.09770802e+00 -1.47694148e+01 5.25976699e-02 2.10031459e+00 -9.63966138e+00 6.93884691e-04 -2.60656764e-03 -5.12975342e+00
2880             6.20591830e-02 2.10457436e+00 -1.47693335e+01 6.13670694e-02 2.10712068e+00 -9.63998868e+00 6.92113583e-04 -2.54631906e-03 -5.12934486e+00
2881             7.06021317e-02 2.11171255e+00 -1.47695335e+01 6.99110062e-02 2.11420879e+00 -9.64053389e+00 6.91125557e-04 -2.49623635e-03 -5.12899966e+00
2882             7.58969069e-02 2.11992161e+00 -1.47713545e+01 7.51983456e-02 2.12238482e+00 -9.64257108e+00 6.98561285e-04 -2.46320094e-03 -5.12878346e+00
2883             7.86314294e-02 2.12730060e+00 -1.47733082e+01 7.79150078e-02 2.12975166e+00 -9.64458708e+00 7.16421630e-04 -2.45105626e-03 -5.12872114e+00
2884             8.08982396e-02 2.13307137e+00 -1.47754224e+01 8.01557084e-02 2.13553373e+00 -9.64661466e+00 7.42531252e-04 -2.46235505e-03 -5.12880772e+00
2885             8.33936395e-02 2.13511382e+00 -1.47758244e+01 8.26196842e-02 2.13759494e+00 -9.64679446e+00 7.73955301e-04 -2.48112553e-03 -5.12902992e+00
2886             8.70975661e-02 2.13586283e+00 -1.47755464e+01 8.62941410e-02 2.13835828e+00 -9.64619081e+00 8.03425186e-04 -2.49544473e-03 -5.12935555e+00
2887             9.10554282e-02 2.13535724e+00 -1.47745832e+01 9.02348865e-02 2.13786227e+00 -9.64486582e+00 8.20541749e-04 -2.50502760e-03 -5.12971743e+00
2888             9.21257072e-02 2.13318553e+00 -1.47746730e+01 9.12907797e-02 2.13569242e+00 -9.64464668e+00 8.34927462e-04 -2.50688581e-03 -5.13002632e+00
2889             9.04925416e-02 2.12869603e+00 -1.47744511e+01 8.96423370e-02 2.13120943e+00 -9.64424895e+00 8.50204590e-04 -2.51339825e-03 -5.13020215e+00
2890             8.79129437e-02 2.12186313e+00 -1.47738811e+01 8.70410933e-02 2.12439688e+00 -9.64368064e+00 8.71850452e-04 -2.53375272e-03 -5.13020047e+00
2891             8.54260010e-02 2.11277396e+00 -1.47717026e+01 8.45458095e-02 2.11534168e+00 -9.64168669e+00 8.80191558e-04 -2.56772286e-03 -5.13001586e+00
2892             8.15152622e-02 2.10347932e+00 -1.47696458e+01 8.06471753e-02 2.10609125e+00 -9.63995551e+00 8.68086943e-04 -2.61192906e-03 -5.12969030e+00
2893             7.69414856e-02 2.09487577e+00 -1.47674488e+01 7.61076868e-02 2.09754347e+00 -9.63815487e+00 8.33798773e-04 -2.66769634e-03 -5.12929390e+00
2894             7.29298717e-02 2.08673268e+00 -1.47666678e+01 7.21471113e-02 2.08946040e+00 -9.63775437e+00 7.82760374e-04 -2.72772300e-03 -5.12891340e+00
2895             6.90940874e-02 2.07806940e+00 -1.47665312e+01 6.83709549e-02 2.08085199e+00 -9.63791144e+00 7.23132565e-04 -2.78259539e-03 -5.12861975e+00
2896             6.30010754e-02 2.07058413e+00 -1.47677538e+01 6.23325312e-02 2.07341284e+00 -9.63928423e+00 6.68544212e-04 -2.82870994e-03 -5.12846956e+00
2897             5.51166268e-02 2.06491450e+00 -1.47688099e+01 5.44867373e-02 2.06777465e+00 -9.64031973e+00 6.29889468e-04 -2.86015446e-03 -5.12849019e+00
2898             4.80021290e-02 2.06169820e+00 -1.47699892e+01 4.73921451e-02 2.06456894e+00 -9.64131731e+00 6.09983900e-04 -2.87074225e-03 -5.12867190e+00
2899             4.25324088e-02 2.05895657e+00 -1.47700093e+01 4.19300822e-02 2.06182254e+00 -9.64102267e+00 6.02326598e-04 -2.86597268e-03 -5.12898664e+00
2900             4.01158793e-02 2.05783585e+00 -1.47701972e+01 3.95056923e-02 2.06068590e+00 -9.64080037e+00 6.10186978e-04 -2.85004695e-03 -5.12939679e+00
2901             4.04055246e-02 2.05754537e+00 -1.47700917e+01 3.97809972e-02 2.06038151e+00 -9.64026048e+00 6.24527382e-04 -2.83613879e-03 -5.12983122e+00
2902             4.12022516e-02 2.06066128e+00 -1.47708452e+01 4.05615821e-02 2.06348302e+00 -9.64065194e+00 6.40669495e-04 -2.82174117e-03 -5.13019327e+00
2903             4.12040112e-02 2.06807473e+00 -1.47710313e+01 4.05382333e-02 2.07087184e+00 -9.64063041e+00 6.65777885e-04 -2.79710878e-03 -5.13040094e+00
2904             4.13059508e-02 2.07780207e+00 -1.47711641e+01 4.06194215e-02 2.08056144e+00 -9.64074635e+00 6.86529307e-04 -2.75936808e-03 -5.13041771e+00
2905             4.35845910e-02 2.08678363e+00 -1.47704398e+01 4.28870029e-02 2.08948794e+00 -9.64019057e+00 6.97588056e-04 -2.70430924e-03 -5.13024926e+00
2906             4.91205393e-02 2.09460499e+00 -1.47701894e+01 4.84231847e-02 2.09724127e+00 -9.64025233e+00 6.97354660e-04 -2.63627066e-03 -5.12993706e+00
2907             5.78411091e-02 2.10233707e+00 -1.47695716e+01 5.71500600e-02 2.10490010e+00 -9.64002484e+00 6.91049145e-04 -2.56303696e-03 -5.12954678e+00
2908             6.69861222e-02 2.11126146e+00 -1.47695784e+01 6.63040819e-02 2.11375902e+00 -9.64040621e+00 6.82040320e-04 -2.49755981e-03 -5.12917221e+00
2909             7.37936553e-02 2.12032914e+00 -1.47701182e+01 7.31141078e-02 2.12277653e+00 -9.64122076e+00 6.79547453e-04 -2.44739443e-03 -5.12889740e+00
2910             7.73827454e-02 2.12935333e+00 -1.47722738e+01 7.66941495e-02 2.13177673e+00 -9.64350543e+00 6.88595937e-04 -2.42340750e-03 -5.12876838e+00
2911             7.93304297e-02 2.13687663e+00 -1.47743203e+01 7.86193039e-02 2.13930241e+00 -9.64553674e+00 7.11125801e-04 -2.42577281e-03 -5.12878354e+00
2912             8.15564857e-02 2.14160892e+00 -1.47760586e+01 8.08127419e-02 2.14405331e+00 -9.64712608e+00 7.43743779e-04 -2.44439576e-03 -5.12893257e+00
2913             8.46060257e-02 2.14260419e+00 -1.47757712e+01 8.38263514e-02 2.14507059e+00 -9.64657698e+00 7.79674214e-04 -2.46639595e-03 -5.12919424e+00
2914             8.89241770e-02 2.14292860e+00 -1.47750981e+01 8.81162642e-02 2.14540823e+00 -9.64557100e+00 8.07912770e-04 -2.47962923e-03 -5.12952708e+00
2915             9.19135915e-02 2.14093623e+00 -1.47743008e+01 9.10865584e-02 2.14342553e+00 -9.64444757e+00 8.27033063e-04 -2.48930557e-03 -5.12985318e+00
2916             9.14327858e-02 2.13677033e+00 -1.47746247e+01 9.05852446e-02 2.13926471e+00 -9.64453301e+00 8.47541290e-04 -2.49437941e-03 -5.13009168e+00
2917             8.94277517e-02 2.12932554e+00 -1.47741017e+01 8.85573467e-02 2.13183614e+00 -9.64391949e+00 8.70405079e-04 -2.51060976e-03 -5.13018225e+00
2918             8.68402519e-02 2.11967635e+00 -1.47729111e+01 8.59500569e-02 2.12222121e+00 -9.64280941e+00 8.90194984e-04 -2.54486313e-03 -5.13010170e+00
2919             8.33993496e-02 2.10893261e+00 -1.47704147e+01 8.25131979e-02 2.11152607e+00 -9.64055459e+00 8.86151695e-04 -2.59345711e-03 -5.12986011e+00
2920             7.89319746e-02 2.09850404e+00 -1.47685208e+01 7.80736249e-02 2.10115662e+00 -9.63901132e+00 8.58349719e-04 -2.65257606e-03 -5.12950949e+00
2921             7.52128297e-02 2.08853500e+00 -1.47670177e+01 7.44047936e-02 2.09125566e+00 -9.63789331e+00 8.08036087e-04 -2.72065725e-03 -5.12912440e+00
2922             7.14198033e-02 2.07876431e+00 -1.47667998e+01 7.06737439e-02 2.08154949e+00 -9.63801399e+00 7.46059436e-04 -2.78517525e-03 -5.12878582e+00
2923             6.63725144e-02 2.06915959e+00 -1.47669196e+01 6.56903651e-02 2.07199986e+00 -9.63835592e+00 6.82149247e-04 -2.84026656e-03 -5.12856364e+00
2924             5.88849044e-02 2.06141330e+00 -1.47681199e+01 5.82515529e-02 2.06429416e+00 -9.63961551e+00 6.33351468e-04 -2.88085487e-03 -5.12850435e+00
2925             5.08404674e-02 2.05614572e+00 -1.47691014e+01 5.02356005e-02 2.05904539e+00 -9.64049535e+00 6.04866927e-04 -2.89966552e-03 -5.12860602e+00
2926             4.37659698e-02 2.05354794e+00 -1.47700712e+01 4.31720571e-02 2.05644615e+00 -9.64122676e+00 5.93912687e-04 -2.89820511e-03 -5.12884448e+00
2927             4.00625455e-02 2.05131820e+00 -1.47700429e+01 3.94657238e-02 2.05420165e+00 -9.64085075e+00 5.96821762e-04 -2.88344604e-03 -5.12919215e+00
2928             3.96678117e-02 2.05048060e+00 -1.47703062e+01 3.90552615e-02 2.05334473e+00 -9.64070528e+00 6.12550135e-04 -2.86413216e-03 -5.12960094e+00
2929             4.07168444e-02 2.05216127e+00 -1.47703674e+01 4.00860795e-02 2.05501330e+00 -9.64037869e+00 6.30764878e-04 -2.85203088e-03 -5.12998868e+00
2930             4.07207507e-02 2.05888659e+00 -1.47710684e+01 4.00639692e-02 2.06171612e+00 -9.64080185e+00 6.56781535e-04 -2.82953119e-03 -5.13026651e+00
2931             4.02755617e-02 2.06908324e+00 -1.47709773e+01 3.95900395e-02 2.07187623e+00 -9.64059702e+00 6.85522127e-04 -2.79299460e-03 -5.13038030e+00
2932             4.10930547e-02 2.08031897e+00 -1.47709501e+01 4.03899222e-02 2.08305862e+00 -9.64063463e+00 7.03132414e-04 -2.73964724e-03 -5.13031545e+00
2933             4.50248715e-02 2.09008321e+00 -1.47703643e+01 4.43180921e-02 2.09275237e+00 -9.64027640e+00 7.06779339e-04 -2.66916286e-03 -5.13008792e+00
2934             5.30900989e-02 2.09941026e+00 -1.47702881e+01 5.23919254e-02 2.10199719e+00 -9.64054603e+00 6.98173485e-04 -2.58692871e-03 -5.12974207e+00
2935             6.31174355e-02 2.10903119e+00 -1.47696086e+01 6.24353669e-02 2.11153759e+00 -9.64024952e+00 6.82068601e-04 -2.50640441e-03 -5.12935909e+00
2936             7.15776241e-02 2.11940179e+00 -1.47698681e+01 7.09096126e-02 2.12184005e+00 -9.64083186e+00 6.68011498e-04 -2.43825910e-03 -5.12903624e+00
2937             7.63236190e-02 2.12986198e+00 -1.47709079e+01 7.56554667e-02 2.13226046e+00 -9.64206666e+00 6.68152256e-04 -2.39848049e-03 -5.12884121e+00
2938             7.82025667e-02 2.13944263e+00 -1.47733813e+01 7.75186585e-02 2.14183126e+00 -9.64459217e+00 6.83908138e-04 -2.38862957e-03 -5.12878915e+00
2939             7.98450562e-02 2.14596447e+00 -1.47752935e+01 7.91309480e-02 2.14836709e+00 -9.64642678e+00 7.14108215e-04 -2.40262793e-03 -5.12886675e+00
2940             8.24568052e-02 2.14899654e+00 -1.47762248e+01 8.17031515e-02 2.15142485e+00 -9.64716582e+00 7.53653678e-04 -2.42830451e-03 -5.12905899e+00
2941             8.66853856e-02 2.14979380e+00 -1.47753122e+01 8.58953666e-02 2.15224245e+00 -9.64596983e+00 7.90019031e-04 -2.44865624e-03 -5.12934241e+00
2942             9.08413022e-02 2.14884192e+00 -1.47746597e+01 9.00250278e-02 2.15130539e+00 -9.64499840e+00 8.16274418e-04 -2.46346377e-03 -5.12966134e+00
2943             9.17385926e-02 2.14473233e+00 -1.47742639e+01 9.08976258e-02 2.14720412e+00 -9.64432288e+00 8.40966810e-04 -2.47179066e-03 -5.12994103e+00
2944             9.02107091e-02 2.13763162e+00 -1.47744865e+01 8.93447670e-02 2.14011656e+00 -9.64437634e+00 8.65942081e-04 -2.48494256e-03 -5.13011012e+00
2945             8.77190538e-02 2.12713611e+00 -1.47733379e+01 8.68280053e-02 2.12965338e+00 -9.64320773e+00 8.91048557e-04 -2.51726405e-03 -5.13013014e+00
2946             8.48353256e-02 2.11537366e+00 -1.47715917e+01 8.39363473e-02 2.11794084e+00 -9.64160412e+00 8.98978334e-04 -2.56717412e-03 -5.12998761e+00
2947             8.09759063e-02 2.10323368e+00 -1.47692024e+01 8.00965909e-02 2.10586490e+00 -9.63949411e+00 8.79315347e-04 -2.63122109e-03 -5.12970827e+00
2948             7.69764273e-02 2.09190307e+00 -1.47678630e+01 7.61421495e-02 2.09460913e+00 -9.63851605e+00 8.34277808e-04 -2.70605540e-03 -5.12934695e+00
2949             7.34195260e-02 2.08038881e+00 -1.47668074e+01 7.26493582e-02 2.08316973e+00 -9.63782385e+00 7.70167877e-04 -2.78091475e-03 -5.12898356e+00
2950             6.93636409e-02 2.06887425e+00 -1.47668322e+01 6.86626527e-02 2.07172082e+00 -9.63812893e+00 7.00988196e-04 -2.84657594e-03 -5.12870331e+00
2951             6.27932806e-02 2.05875770e+00 -1.47671400e+01 6.21523530e-02 2.06165525e+00 -9.63857403e+00 6.40927627e-04 -2.89755350e-03 -5.12856595e+00
2952             5.41244249e-02 2.05192499e+00 -1.47685021e+01 5.35225256e-02 2.05485252e+00 -9.63991176e+00 6.01899285e-04 -2.92753424e-03 -5.12859034e+00
2953             4.62568567e-02 2.04774571e+00 -1.47694925e+01 4.56721716e-02 2.05067748e+00 -9.64074211e+00 5.84685056e-04 -2.93176670e-03 -5.12875039e+00
2954             4.08531539e-02 2.04518686e+00 -1.47702479e+01 4.02697220e-02 2.04810528e+00 -9.64122195e+00 5.83431879e-04 -2.91842037e-03 -5.12902599e+00
2955             3.90956799e-02 2.04346289e+00 -1.47700584e+01 3.84995544e-02 2.04636118e+00 -9.64067363e+00 5.96125543e-04 -2.89828945e-03 -5.12938476e+00
2956             3.96424388e-02 2.04423713e+00 -1.47703666e+01 3.90244974e-02 2.04711704e+00 -9.64059884e+00 6.17941408e-04 -2.87991719e-03 -5.12976773e+00
2957             4.03032065e-02 2.04925704e+00 -1.47705605e+01 3.96603564e-02 2.05211800e+00 -9.64046980e+00 6.42850176e-04 -2.86095568e-03 -5.13009069e+00
2958             3.97660318e-02 2.05959754e+00 -1.47711310e+01 3.90884397e-02 2.06242411e+00 -9.64084385e+00 6.77592104e-04 -2.82657257e-03 -5.13028719e+00
2959             3.94652695e-02 2.07172645e+00 -1.47709315e+01 3.87623430e-02 2.07450272e+00 -9.64060956e+00 7.02926504e-04 -2.77627035e-03 -5.13032197e+00
2960             4.23159664e-02 2.08387647e+00 -1.47710387e+01 4.16040906e-02 2.08658115e+00 -9.64084878e+00 7.11875766e-04 -2.70467546e-03 -5.13018994e+00
2961             4.93140069e-02 2.09464167e+00 -1.47706528e+01 4.86099654e-02 2.09726010e+00 -9.64073915e+00 7.04041448e-04 -2.61842783e-03 -5.12991362e+00
2962             5.88386917e-02 2.10595979e+00 -1.47704599e+01 5.81537135e-02 2.10848441e+00 -9.64090918e+00 6.84978234e-04 -2.52462136e-03 -5.12955067e+00
2963             6.79136941e-02 2.11755131e+00 -1.47696476e+01 6.72515969e-02 2.11999211e+00 -9.64045065e+00 6.62097136e-04 -2.44079689e-03 -5.12919698e+00
2964             7.44003238e-02 2.12918215e+00 -1.47702792e+01 7.37495649e-02 2.13156295e+00 -9.64133570e+00 6.50758879e-04 -2.38079651e-03 -5.12894348e+00
2965             7.76942512e-02 2.14008100e+00 -1.47719025e+01 7.70385089e-02 2.14243882e+00 -9.64307850e+00 6.55742203e-04 -2.35782148e-03 -5.12882398e+00
2966             7.88515560e-02 2.14922413e+00 -1.47746525e+01 7.81688361e-02 2.15158549e+00 -9.64581858e+00 6.82719863e-04 -2.36136056e-03 -5.12883387e+00
2967             8.12021886e-02 2.15463975e+00 -1.47760394e+01 8.04799915e-02 2.15702588e+00 -9.64708427e+00 7.22197061e-04 -2.38613066e-03 -5.12895512e+00
2968             8.48300004e-02 2.15629404e+00 -1.47760917e+01 8.40645530e-02 2.15870738e+00 -9.64691676e+00 7.65447481e-04 -2.41334250e-03 -5.12917496e+00
2969             8.92373643e-02 2.15565901e+00 -1.47748310e+01 8.84357001e-02 2.15809054e+00 -9.64537095e+00 8.01664124e-04 -2.43153420e-03 -5.12946004e+00
2970             9.17298168e-02 2.15276604e+00 -1.47743948e+01 9.08986717e-02 2.15521333e+00 -9.64464346e+00 8.31145135e-04 -2.44729326e-03 -5.12975134e+00
2971             9.12370997e-02 2.14581711e+00 -1.47741632e+01 9.03756581e-02 2.14827568e+00 -9.64418597e+00 8.61441673e-04 -2.45856942e-03 -5.12997727e+00
2972             8.93479056e-02 2.13557429e+00 -1.47739228e+01 8.84592956e-02 2.13805956e+00 -9.64383551e+00 8.88609932e-04 -2.48527023e-03 -5.13008725e+00
2973             8.65729913e-02 2.12261514e+00 -1.47722131e+01 8.56650754e-02 2.12514986e+00 -9.64216445e+00 9.07915911e-04 -2.53472801e-03 -5.13004860e+00
2974             8.27293415e-02 2.10945990e+00 -1.47704103e+01 8.18307127e-02 2.11206216e+00 -9.64054835e+00 8.98628821e-04 -2.60225988e-03 -5.12986198e+00
2975             7.89480130e-02 2.09579023e+00 -1.47684579e+01 7.80872614e-02 2.09847304e+00 -9.63889988e+00 8.60751651e-04 -2.68280301e-03 -5.12955798e+00
2976             7.57167538e-02 2.08303568e+00 -1.47675686e+01 7.49180445e-02 2.08580248e+00 -9.63836650e+00 7.98709316e-04 -2.76680427e-03 -5.12920208e+00
2977             7.21533077e-02 2.06988300e+00 -1.47666133e+01 7.14273607e-02 2.07272769e+00 -9.63773001e+00 7.25947017e-04 -2.84468816e-03 -5.12888326e+00
2978             6.63503292e-02 2.05799664e+00 -1.47667660e+01 6.56933084e-02 2.06090373e+00 -9.63808664e+00 6.57020726e-04 -2.90709010e-03 -5.12867935e+00
2979             5.83290895e-02 2.04818232e+00 -1.47673100e+01 5.77217270e-02 2.05113083e+00 -9.63868199e+00 6.07362518e-04 -2.94851060e-03 -5.12862803e+00
2980             4.95441357e-02 2.04249451e+00 -1.47689396e+01 4.89636330e-02 2.04545730e+00 -9.64022466e+00 5.80502742e-04 -2.96279048e-03 -5.12871494e+00
2981             4.29597546e-02 2.03911133e+00 -1.47697450e+01 4.23838209e-02 2.04206581e+00 -9.64082817e+00 5.75933650e-04 -2.95447622e-03 -5.12891688e+00
2982             3.96811279e-02 2.03701480e+00 -1.47702447e+01 3.90969957e-02 2.03994942e+00 -9.64103218e+00 5.84132245e-04 -2.93461921e-03 -5.12921255e+00
2983             3.92165110e-02 2.03673166e+00 -1.47700434e+01 3.86112730e-02 2.03964482e+00 -9.64047995e+00 6.05237976e-04 -2.91315883e-03 -5.12956347e+00
2984             3.99455377e-02 2.04041835e+00 -1.47705147e+01 3.93123781e-02 2.04331221e+00 -9.64061308e+00 6.33159647e-04 -2.89385408e-03 -5.12990166e+00
2985             3.96551227e-02 2.04905243e+00 -1.47707436e+01 3.89872640e-02 2.05191506e+00 -9.64058806e+00 6.67858630e-04 -2.86263711e-03 -5.13015552e+00
2986             3.88727180e-02 2.06219885e+00 -1.47712656e+01 3.81693186e-02 2.06501247e+00 -9.64098693e+00 7.03399455e-04 -2.81362330e-03 -5.13027863e+00
2987             3.99674814e-02 2.07592120e+00 -1.47711427e+01 3.92473611e-02 2.07866594e+00 -9.64089699e+00 7.20120325e-04 -2.74474384e-03 -5.13024574e+00
2988             4.55133295e-02 2.08915919e+00 -1.47713965e+01 4.47960656e-02 2.09181622e+00 -9.64133973e+00 7.17263854e-04 -2.65702321e-03 -5.13005674e+00
2989             5.47229797e-02 2.10151430e+00 -1.47708825e+01 5.40261841e-02 2.10406928e+00 -9.64113972e+00 6.96795587e-04 -2.55497844e-03 -5.12974279e+00
2990             6.45317138e-02 2.11460754e+00 -1.47702965e+01 6.38630368e-02 2.11706223e+00 -9.64091101e+00 6.68676970e-04 -2.45469534e-03 -5.12938544e+00
2991             7.23480496e-02 2.12731631e+00 -1.47697275e+01 7.17034635e-02 2.12969191e+00 -9.64064277e+00 6.44586106e-04 -2.37560490e-03 -5.12908474e+00
2992             7.67568384e-02 2.14023204e+00 -1.47710937e+01 7.61163623e-02 2.14256518e+00 -9.64219238e+00 6.40476125e-04 -2.33314085e-03 -5.12890128e+00
2993             7.83545393e-02 2.15106945e+00 -1.47732811e+01 7.76967282e-02 2.15339509e+00 -9.64443640e+00 6.57811131e-04 -2.32564186e-03 -5.12884469e+00
2994             7.99804434e-02 2.15892681e+00 -1.47757270e+01 7.92859262e-02 2.16126985e+00 -9.64683043e+00 6.94517238e-04 -2.34303454e-03 -5.12889652e+00
2995             8.33917311e-02 2.16249376e+00 -1.47760647e+01 8.26515445e-02 2.16486782e+00 -9.64701888e+00 7.40186613e-04 -2.37405980e-03 -5.12904582e+00
2996             8.74065750e-02 2.16317788e+00 -1.47754508e+01 8.66227078e-02 2.16557725e+00 -9.64617398e+00 7.83867236e-04 -2.39936755e-03 -5.12927685e+00
2997             9.08645704e-02 2.16072577e+00 -1.47742609e+01 9.00440302e-02 2.16314519e+00 -9.64471063e+00 8.20540121e-04 -2.41942210e-03 -5.12955027e+00
2998             9.15855110e-02 2.15475339e+00 -1.47742430e+01 9.07292223e-02 2.15718825e+00 -9.64443843e+00 8.56288736e-04 -2.43486140e-03 -5.12980456e+00
2999             9.03002201e-02 2.14441425e+00 -1.47738733e+01 8.94130448e-02 2.14687208e+00 -9.64389188e+00 8.87175290e-04 -2.45782902e-03 -5.12998141e+00
3000             8.77428143e-02 2.13124299e+00 -1.47730918e+01 8.68305924e-02 2.13374658e+00 -9.64305389e+00 9.12221831e-04 -2.50358571e-03 -5.13003788e+00
