# Force         
# CofR          : (0.00000000e+00 0.00000000e+00 3.99000000e-01)
#
# Time          	total_x total_y total_z	pressure_x pressure_y pressure_z	viscous_x viscous_y viscous_z
1                -7.88710780e-03 4.25069602e-01 -6.82099849e+01 -7.87933324e-03 4.25054618e-01 -6.45212686e+01 -7.77455786e-06 1.49834211e-05 -3.68871633e+00
2                1.57027998e-02 4.19123940e-01 -4.23778096e+01 1.56774650e-02 4.19081169e-01 -3.90079714e+01 2.53348840e-05 4.27716309e-05 -3.36983820e+00
3                3.51459353e-02 1.36008789e-01 3.68147328e+01 3.52068999e-02 1.35988897e-01 3.98836171e+01 -6.09645395e-05 1.98922723e-05 -3.06888425e+00
4                3.35625581e-02 -6.61813539e-02 8.65240963e+01 3.37848569e-02 -6.58868861e-02 8.98639055e+01 -2.22298738e-04 -2.94467840e-04 -3.33980920e+00
5                9.75744743e-04 -2.75029435e-02 3.61583076e+01 6.28744252e-04 -2.71176068e-02 3.96501832e+01 3.47000490e-04 -3.85336713e-04 -3.49187567e+00
6                -3.11999978e-03 1.27732652e-01 -3.67956311e+01 -3.85261804e-03 1.28124594e-01 -3.32229871e+01 7.32618254e-04 -3.91942719e-04 -3.57264402e+00
7                1.12928616e-02 2.11133712e-01 -6.66379583e+01 1.02133946e-02 2.11585803e-01 -6.32582067e+01 1.07946701e-03 -4.52090614e-04 -3.37975155e+00
8                3.21464338e-02 1.73481118e-01 -3.74441404e+01 3.11859010e-02 1.73563462e-01 -3.44272167e+01 9.60532843e-04 -8.23444943e-05 -3.01692371e+00
9                3.08611530e-02 1.03000464e-01 3.58165586e+00 2.99798808e-02 1.03066061e-01 6.30583474e+00 8.81272196e-04 -6.55978262e-05 -2.72417888e+00
10               -9.84661873e-04 9.10727825e-02 1.66213712e+01 -9.41451913e-04 9.16389537e-02 1.92746040e+01 -4.32099602e-05 -5.66171253e-04 -2.65323279e+00
11               -2.77518864e-02 1.53080695e-01 3.40007551e+00 -2.82611802e-02 1.53600920e-01 6.10822525e+00 5.09293810e-04 -5.20224806e-04 -2.70814974e+00
12               -3.86838208e-02 2.14504770e-01 -1.32735652e+01 -3.84250912e-02 2.15357704e-01 -1.05692381e+01 -2.58729640e-04 -8.52933574e-04 -2.70432707e+00
13               -3.33516547e-02 2.33541131e-01 -1.78355885e+01 -3.33381042e-02 2.34055099e-01 -1.52167603e+01 -1.35504465e-05 -5.13968088e-04 -2.61882819e+00
14               -1.28113930e-02 2.06606723e-01 -1.00717305e+01 -1.28721876e-02 2.06870093e-01 -7.57901646e+00 6.07946371e-05 -2.63369928e-04 -2.49271400e+00
15               1.38219003e-02 1.78895282e-01 -2.27088144e+00 1.36863151e-02 1.78918965e-01 1.07383351e-01 1.35585266e-04 -2.36833685e-05 -2.37826479e+00
16               2.46997239e-02 1.82191591e-01 -1.25195289e+00 2.43980617e-02 1.81933243e-01 1.05477131e+00 3.01662213e-04 2.58348377e-04 -2.30672420e+00
17               -3.03178212e-03 2.11407331e-01 -4.58180219e+00 -3.47597909e-03 2.10971749e-01 -2.31678666e+00 4.44196971e-04 4.35582323e-04 -2.26501554e+00
18               -3.52949645e-02 2.42144007e-01 -7.17590165e+00 -3.54529029e-02 2.41809856e-01 -4.94925367e+00 1.57938383e-04 3.34150894e-04 -2.22664798e+00
19               -3.94607586e-02 2.50725978e-01 -6.73074686e+00 -3.92081198e-02 2.50447557e-01 -4.55304181e+00 -2.52638776e-04 2.78420910e-04 -2.17770505e+00
20               -1.12591136e-02 2.30288742e-01 -4.52313221e+00 -1.08226263e-02 2.30032638e-01 -2.39443325e+00 -4.36487364e-04 2.56104156e-04 -2.12869896e+00
21               3.40828893e-02 1.98337254e-01 -3.18921913e+00 3.45190922e-02 1.98071587e-01 -1.10097589e+00 -4.36202924e-04 2.65667138e-04 -2.08824324e+00
22               7.47456058e-02 1.73817183e-01 -3.63789529e+00 7.51322204e-02 1.73573061e-01 -1.58283360e+00 -3.86614651e-04 2.44121221e-04 -2.05506169e+00
23               9.30532258e-02 1.60527782e-01 -4.78267897e+00 9.33980913e-02 1.60311892e-01 -2.75819236e+00 -3.44865541e-04 2.15889505e-04 -2.02448661e+00
24               9.20558463e-02 1.51937487e-01 -5.28050538e+00 9.23327710e-02 1.51769456e-01 -3.28656458e+00 -2.76924741e-04 1.68031311e-04 -1.99394080e+00
25               8.41824692e-02 1.41422260e-01 -4.84187649e+00 8.43942675e-02 1.41316843e-01 -2.87680134e+00 -2.11798359e-04 1.05417773e-04 -1.96507514e+00
26               8.10044919e-02 1.28847100e-01 -4.13123725e+00 8.11704236e-02 1.28821379e-01 -2.19103290e+00 -1.65931736e-04 2.57209624e-05 -1.94020435e+00
27               8.25688633e-02 1.19550997e-01 -3.83824953e+00 8.27081469e-02 1.19621353e-01 -1.91860548e+00 -1.39283587e-04 -7.03557675e-05 -1.91964405e+00
28               8.44259956e-02 1.18536240e-01 -4.05992242e+00 8.45530270e-02 1.18692734e-01 -2.15806739e+00 -1.27031456e-04 -1.56494565e-04 -1.90185504e+00
29               8.13068154e-02 1.28650539e-01 -4.41428357e+00 8.14220107e-02 1.28860128e-01 -2.52912384e+00 -1.15195394e-04 -2.09589819e-04 -1.88515973e+00
30               7.00976782e-02 1.47589186e-01 -4.53785174e+00 7.01881142e-02 1.47811923e-01 -2.66882227e+00 -9.04360170e-05 -2.22737196e-04 -1.86902947e+00
31               5.40040893e-02 1.70591585e-01 -4.39378453e+00 5.40640339e-02 1.70790570e-01 -2.53977211e+00 -5.99446128e-05 -1.98985789e-04 -1.85401242e+00
32               3.75872422e-02 1.93653721e-01 -4.18690762e+00 3.76403691e-02 1.93793977e-01 -2.34612418e+00 -5.31268766e-05 -1.40255366e-04 -1.84078344e+00
33               2.42553296e-02 2.13219168e-01 -4.10422096e+00 2.43269798e-02 2.13288378e-01 -2.27477964e+00 -7.16502237e-05 -6.92100074e-05 -1.82944132e+00
34               1.63448944e-02 2.27548942e-01 -4.15904400e+00 1.64410485e-02 2.27551005e-01 -2.33960927e+00 -9.61541386e-05 -2.06302145e-06 -1.81943472e+00
35               1.45802304e-02 2.36704082e-01 -4.24111970e+00 1.46867895e-02 2.36650529e-01 -2.43101951e+00 -1.06559072e-04 5.35528013e-05 -1.81010019e+00
36               1.77556613e-02 2.41087998e-01 -4.26001380e+00 1.78552161e-02 2.40987540e-01 -2.45890074e+00 -9.95548324e-05 1.00458902e-04 -1.80111306e+00
37               2.37636340e-02 2.41056607e-01 -4.21785117e+00 2.38492543e-02 2.40921119e-01 -2.42531647e+00 -8.56203100e-05 1.35488171e-04 -1.79253470e+00
38               3.06130439e-02 2.37335349e-01 -4.17445839e+00 3.06883514e-02 2.37180157e-01 -2.38989180e+00 -7.53075399e-05 1.55192118e-04 -1.78456659e+00
39               3.70084993e-02 2.30952022e-01 -4.17302957e+00 3.70793614e-02 2.30795537e-01 -2.39574438e+00 -7.08620520e-05 1.56485372e-04 -1.77728519e+00
40               4.24832301e-02 2.23205216e-01 -4.20481763e+00 4.25536335e-02 2.23061292e-01 -2.43424545e+00 -7.04033773e-05 1.43923843e-04 -1.77057218e+00
41               4.70910199e-02 2.15181292e-01 -4.23279570e+00 4.71674475e-02 2.15057390e-01 -2.46856493e+00 -7.64275333e-05 1.23901976e-04 -1.76423077e+00
42               5.08413535e-02 2.08328510e-01 -4.23350381e+00 5.09319953e-02 2.08224820e-01 -2.47538620e+00 -9.06417820e-05 1.03689529e-04 -1.75811761e+00
43               5.30857731e-02 2.03532792e-01 -4.21336044e+00 5.31990977e-02 2.03444079e-01 -2.46116767e+00 -1.13324626e-04 8.87127702e-05 -1.75219278e+00
44               5.33234900e-02 2.01140345e-01 -4.19378426e+00 5.34663514e-02 2.01061109e-01 -2.44730252e+00 -1.42861360e-04 7.92364501e-05 -1.74648175e+00
45               5.12931722e-02 2.00512029e-01 -4.18874119e+00 5.14691752e-02 2.00437741e-01 -2.44773226e+00 -1.76003002e-04 7.42880311e-05 -1.74100893e+00
46               4.75022584e-02 2.01038275e-01 -4.19611637e+00 4.77129279e-02 2.00964998e-01 -2.46034927e+00 -2.10669572e-04 7.32769790e-05 -1.73576710e+00
47               4.33047303e-02 2.02267494e-01 -4.20514167e+00 4.35481944e-02 2.02189611e-01 -2.47441932e+00 -2.43464084e-04 7.78833474e-05 -1.73072235e+00
48               3.99674347e-02 2.04029756e-01 -4.20761205e+00 4.02384379e-02 2.03940123e-01 -2.48176963e+00 -2.71003161e-04 8.96330955e-05 -1.72584242e+00
49               3.79784798e-02 2.06472284e-01 -4.20325131e+00 3.82702571e-02 2.06363999e-01 -2.48214209e+00 -2.91777369e-04 1.08284471e-04 -1.72110922e+00
50               3.74674578e-02 2.09790227e-01 -4.19665114e+00 3.77727123e-02 2.09657558e-01 -2.48014171e+00 -3.05254508e-04 1.32668188e-04 -1.71650943e+00
51               3.84101490e-02 2.13771305e-01 -4.19185596e+00 3.87202751e-02 2.13610713e-01 -2.47982184e+00 -3.10126097e-04 1.60591754e-04 -1.71203412e+00
52               4.03747243e-02 2.17745171e-01 -4.18969334e+00 4.06814071e-02 2.17555594e-01 -2.48201487e+00 -3.06682786e-04 1.89577024e-04 -1.70767847e+00
53               4.30490197e-02 2.21077685e-01 -4.18890589e+00 4.33448306e-02 2.20859498e-01 -2.48546810e+00 -2.95810909e-04 2.18186047e-04 -1.70343779e+00
54               4.65149023e-02 2.23934924e-01 -4.18856451e+00 4.67956790e-02 2.23689336e-01 -2.48925967e+00 -2.80776736e-04 2.45588434e-04 -1.69930483e+00
55               5.04909941e-02 2.26555191e-01 -4.18817231e+00 5.07555913e-02 2.26283907e-01 -2.49290029e+00 -2.64597268e-04 2.71283270e-04 -1.69527202e+00
56               5.42764699e-02 2.28184866e-01 -4.18727642e+00 5.45258439e-02 2.27889491e-01 -2.49594425e+00 -2.49374078e-04 2.95375315e-04 -1.69133218e+00
57               5.73754385e-02 2.28976922e-01 -4.18568231e+00 5.76104650e-02 2.28659135e-01 -2.49820198e+00 -2.35026440e-04 3.17787371e-04 -1.68748033e+00
58               5.95898357e-02 2.29536838e-01 -4.18370102e+00 5.98115561e-02 2.29199240e-01 -2.49998787e+00 -2.21720388e-04 3.37598236e-04 -1.68371315e+00
59               6.08574542e-02 2.30141285e-01 -4.18171792e+00 6.10662993e-02 2.29786798e-01 -2.50168830e+00 -2.08845142e-04 3.54486396e-04 -1.68002962e+00
60               6.14119089e-02 2.30577153e-01 -4.18005434e+00 6.16086908e-02 2.30209698e-01 -2.50362458e+00 -1.96781897e-04 3.67454843e-04 -1.67642976e+00
61               6.15118805e-02 2.30602638e-01 -4.17898703e+00 6.16979341e-02 2.30225828e-01 -2.50607355e+00 -1.86053533e-04 3.76810728e-04 -1.67291349e+00
62               6.13371448e-02 2.30189586e-01 -4.17866235e+00 6.15139240e-02 2.29807147e-01 -2.50918105e+00 -1.76779152e-04 3.82439269e-04 -1.66948130e+00
63               5.94102121e-02 2.28430008e-01 -4.18089783e+00 5.95792722e-02 2.28043715e-01 -2.51464566e+00 -1.69060197e-04 3.86293145e-04 -1.66625217e+00
64               5.72422700e-02 2.27288180e-01 -4.18259371e+00 5.74056644e-02 2.26898432e-01 -2.51948214e+00 -1.63394386e-04 3.89747762e-04 -1.66311157e+00
65               5.58715404e-02 2.27583291e-01 -4.18292610e+00 5.60303599e-02 2.27188893e-01 -2.52286751e+00 -1.58819465e-04 3.94397359e-04 -1.66005859e+00
66               5.56392366e-02 2.29577392e-01 -4.18277346e+00 5.57931789e-02 2.29176337e-01 -2.52568341e+00 -1.53942264e-04 4.01054574e-04 -1.65709006e+00
67               5.65867402e-02 2.33285535e-01 -4.18309503e+00 5.67358502e-02 2.32875869e-01 -2.52888993e+00 -1.49110040e-04 4.09666011e-04 -1.65420510e+00
68               5.88729170e-02 2.38842909e-01 -4.18430570e+00 5.90172937e-02 2.38422849e-01 -2.53289805e+00 -1.44376750e-04 4.20059889e-04 -1.65140765e+00
69               6.14303201e-02 2.44887055e-01 -4.18604011e+00 6.15705420e-02 2.44454568e-01 -2.53733792e+00 -1.40221940e-04 4.32487318e-04 -1.64870219e+00
70               6.34595448e-02 2.49959283e-01 -4.18798913e+00 6.35967327e-02 2.49512728e-01 -2.54189844e+00 -1.37187940e-04 4.46555388e-04 -1.64609069e+00
71               6.47392925e-02 2.53886523e-01 -4.19000580e+00 6.48755311e-02 2.53425162e-01 -2.54643247e+00 -1.36238584e-04 4.61360943e-04 -1.64357333e+00
72               6.57383684e-02 2.57514304e-01 -4.19212630e+00 6.58756798e-02 2.57038241e-01 -2.55097657e+00 -1.37311456e-04 4.76063270e-04 -1.64114973e+00
73               6.70324254e-02 2.61470743e-01 -4.19437313e+00 6.71728068e-02 2.60980660e-01 -2.55555483e+00 -1.40381368e-04 4.90083785e-04 -1.63881831e+00
74               6.86867659e-02 2.65423461e-01 -4.19683494e+00 6.88324286e-02 2.64920330e-01 -2.56025569e+00 -1.45662670e-04 5.03131297e-04 -1.63657925e+00
75               7.03589971e-02 2.68630904e-01 -4.19965917e+00 7.05122536e-02 2.68116547e-01 -2.56522517e+00 -1.53256489e-04 5.14356836e-04 -1.63443400e+00
76               7.16854239e-02 2.70596582e-01 -4.20291675e+00 7.18486806e-02 2.70073440e-01 -2.57053103e+00 -1.63256755e-04 5.23142103e-04 -1.63238572e+00
77               7.25943614e-02 2.71421441e-01 -4.20646084e+00 7.27693746e-02 2.70892002e-01 -2.57602348e+00 -1.75013198e-04 5.29438789e-04 -1.63043736e+00
78               7.31955392e-02 2.71411416e-01 -4.21014520e+00 7.33839926e-02 2.70877600e-01 -2.58155454e+00 -1.88453451e-04 5.33816423e-04 -1.62859065e+00
79               7.36447373e-02 2.70969665e-01 -4.21397618e+00 7.38477116e-02 2.70432450e-01 -2.58713050e+00 -2.02974351e-04 5.37215468e-04 -1.62684568e+00
80               7.40915210e-02 2.70472342e-01 -4.21811915e+00 7.43097569e-02 2.69931716e-01 -2.59291845e+00 -2.18235913e-04 5.40626389e-04 -1.62520071e+00
81               7.46741065e-02 2.70258548e-01 -4.22284133e+00 7.49078244e-02 2.69713863e-01 -2.59918750e+00 -2.33717905e-04 5.44685229e-04 -1.62365382e+00
82               7.54194883e-02 2.70421043e-01 -4.22808012e+00 7.56689201e-02 2.69870622e-01 -2.60587642e+00 -2.49431768e-04 5.50421238e-04 -1.62220371e+00
83               7.63574521e-02 2.71011467e-01 -4.23363492e+00 7.66222893e-02 2.70452849e-01 -2.61278503e+00 -2.64837186e-04 5.58618076e-04 -1.62084989e+00
84               7.74602133e-02 2.72255933e-01 -4.23930341e+00 7.77389391e-02 2.71686460e-01 -2.61971125e+00 -2.78725822e-04 5.69473022e-04 -1.61959216e+00
85               7.87198439e-02 2.74224864e-01 -4.24505065e+00 7.90106738e-02 2.73641504e-01 -2.62662103e+00 -2.90829829e-04 5.83359185e-04 -1.61842961e+00
86               8.00525536e-02 2.76761933e-01 -4.25094679e+00 8.03538007e-02 2.76161833e-01 -2.63358709e+00 -3.01247072e-04 6.00100343e-04 -1.61735969e+00
87               8.13990110e-02 2.79625073e-01 -4.25710279e+00 8.17088451e-02 2.79006086e-01 -2.64072333e+00 -3.09834113e-04 6.18986460e-04 -1.61637946e+00
88               8.27767727e-02 2.82643283e-01 -4.26354191e+00 8.30933364e-02 2.82004035e-01 -2.64805616e+00 -3.16563663e-04 6.39248433e-04 -1.61548575e+00
89               8.41673233e-02 2.85686870e-01 -4.27016501e+00 8.44885049e-02 2.85027175e-01 -2.65548981e+00 -3.21181617e-04 6.59695455e-04 -1.61467520e+00
90               8.54093927e-02 2.88537164e-01 -4.27685630e+00 8.57334889e-02 2.87857633e-01 -2.66291281e+00 -3.24096173e-04 6.79530338e-04 -1.61394349e+00
91               8.63531819e-02 2.90915584e-01 -4.28362770e+00 8.66787173e-02 2.90217472e-01 -2.67033909e+00 -3.25535475e-04 6.98112163e-04 -1.61328861e+00
92               8.70348371e-02 2.92639063e-01 -4.29056881e+00 8.73604183e-02 2.91924026e-01 -2.67786041e+00 -3.25581180e-04 7.15037351e-04 -1.61270840e+00
93               8.75524646e-02 2.93765968e-01 -4.29771454e+00 8.78770150e-02 2.93036202e-01 -2.68551372e+00 -3.24550392e-04 7.29766001e-04 -1.61220082e+00
94               8.79147989e-02 2.94392924e-01 -4.30501282e+00 8.82370783e-02 2.93650839e-01 -2.69324894e+00 -3.22279457e-04 7.42085908e-04 -1.61176388e+00
95               8.82456133e-02 2.94493599e-01 -4.31238384e+00 8.85640948e-02 2.93741350e-01 -2.70098831e+00 -3.18481525e-04 7.52249479e-04 -1.61139554e+00
96               8.86374678e-02 2.94094789e-01 -4.31982343e+00 8.89506889e-02 2.93334470e-01 -2.70872899e+00 -3.13221049e-04 7.60318616e-04 -1.61109445e+00
97               8.91282955e-02 2.93313906e-01 -4.32741698e+00 8.94349857e-02 2.92547590e-01 -2.71655787e+00 -3.06690203e-04 7.66316157e-04 -1.61085911e+00
98               8.96824584e-02 2.92384481e-01 -4.33528183e+00 8.99818923e-02 2.91613658e-01 -2.72459314e+00 -2.99433917e-04 7.70822724e-04 -1.61068869e+00
99               9.01998119e-02 2.91474877e-01 -4.34340430e+00 9.04918517e-02 2.90700242e-01 -2.73282182e+00 -2.92039810e-04 7.74635269e-04 -1.61058248e+00
100              9.06576849e-02 2.90712516e-01 -4.35171128e+00 9.09427782e-02 2.89933936e-01 -2.74117134e+00 -2.85093354e-04 7.78579406e-04 -1.61053995e+00
101              9.10618608e-02 2.90152117e-01 -4.36013948e+00 9.13408649e-02 2.89369006e-01 -2.74957880e+00 -2.79004161e-04 7.83110989e-04 -1.61056068e+00
102              9.14514591e-02 2.89855698e-01 -4.36871217e+00 9.17256239e-02 2.89067264e-01 -2.75806798e+00 -2.74164774e-04 7.88434548e-04 -1.61064418e+00
103              9.18524516e-02 2.89820876e-01 -4.37751268e+00 9.21234497e-02 2.89026300e-01 -2.76672266e+00 -2.70998044e-04 7.94576008e-04 -1.61079002e+00
104              9.21841458e-02 2.89966027e-01 -4.38662716e+00 9.24541206e-02 2.89164471e-01 -2.77562994e+00 -2.69974835e-04 8.01556502e-04 -1.61099722e+00
105              9.23864805e-02 2.90187098e-01 -4.39608855e+00 9.26581713e-02 2.89378008e-01 -2.78482322e+00 -2.71690861e-04 8.09090801e-04 -1.61126533e+00
106              9.24399539e-02 2.90378999e-01 -4.40585479e+00 9.27163818e-02 2.89562144e-01 -2.79426116e+00 -2.76427964e-04 8.16854244e-04 -1.61159363e+00
107              9.23749870e-02 2.90416643e-01 -4.41585860e+00 9.26592048e-02 2.89592065e-01 -2.80387763e+00 -2.84217792e-04 8.24578026e-04 -1.61198097e+00
108              9.22594315e-02 2.90196129e-01 -4.42605005e+00 9.25543042e-02 2.89364271e-01 -2.81362391e+00 -2.94872662e-04 8.31858777e-04 -1.61242614e+00
109              9.21731476e-02 2.89659624e-01 -4.43645539e+00 9.24810890e-02 2.88820982e-01 -2.82352751e+00 -3.07941426e-04 8.38641780e-04 -1.61292789e+00
110              9.21334520e-02 2.88825241e-01 -4.44714198e+00 9.24562910e-02 2.87980303e-01 -2.83365702e+00 -3.22839013e-04 8.44938406e-04 -1.61348495e+00
111              9.21433795e-02 2.87765860e-01 -4.45814820e+00 9.24823578e-02 2.86915179e-01 -2.84405156e+00 -3.38978302e-04 8.50680887e-04 -1.61409664e+00
112              9.21889291e-02 2.86506571e-01 -4.46945366e+00 9.25449017e-02 2.85650636e-01 -2.85469157e+00 -3.55972593e-04 8.55935455e-04 -1.61476209e+00
113              9.22662495e-02 2.85095848e-01 -4.48098483e+00 9.26395683e-02 2.84234928e-01 -2.86550461e+00 -3.73318729e-04 8.60919920e-04 -1.61548021e+00
114              9.23795720e-02 2.83596221e-01 -4.49268602e+00 9.27702612e-02 2.82730437e-01 -2.87643625e+00 -3.90689264e-04 8.65784125e-04 -1.61624977e+00
115              9.25352196e-02 2.82113290e-01 -4.50455810e+00 9.29427929e-02 2.81242518e-01 -2.88748870e+00 -4.07573365e-04 8.70771233e-04 -1.61706940e+00
116              9.26913944e-02 2.80774712e-01 -4.51659467e+00 9.31151170e-02 2.79898501e-01 -2.89865685e+00 -4.23722553e-04 8.76210902e-04 -1.61793783e+00
117              9.27953125e-02 2.79657687e-01 -4.52881544e+00 9.32341426e-02 2.78775531e-01 -2.90996164e+00 -4.38830004e-04 8.82156179e-04 -1.61885380e+00
118              9.28193724e-02 2.78756028e-01 -4.54122736e+00 9.32721860e-02 2.77867507e-01 -2.92141116e+00 -4.52813639e-04 8.88521559e-04 -1.61981620e+00
119              9.27563119e-02 2.78030639e-01 -4.55379154e+00 9.32219716e-02 2.77135656e-01 -2.93296756e+00 -4.65659664e-04 8.94983184e-04 -1.62082398e+00
120              9.26130490e-02 2.77431602e-01 -4.56646734e+00 9.30904135e-02 2.76530255e-01 -2.94459122e+00 -4.77364475e-04 9.01347361e-04 -1.62187612e+00
121              9.23818055e-02 2.76915922e-01 -4.57924300e+00 9.28695350e-02 2.76008615e-01 -2.95627096e+00 -4.87729492e-04 9.07306773e-04 -1.62297205e+00
122              9.20446674e-02 2.76460509e-01 -4.59213899e+00 9.25413033e-02 2.75547739e-01 -2.96802752e+00 -4.96635855e-04 9.12769321e-04 -1.62411147e+00
123              9.16105958e-02 2.76011264e-01 -4.60515250e+00 9.21146604e-02 2.75093710e-01 -2.97985764e+00 -5.04064681e-04 9.17553591e-04 -1.62529486e+00
124              9.10987874e-02 2.75532504e-01 -4.61827933e+00 9.16087653e-02 2.74610965e-01 -2.99175656e+00 -5.09977916e-04 9.21538931e-04 -1.62652277e+00
125              9.05500164e-02 2.74998798e-01 -4.63152676e+00 9.10645758e-02 2.74074294e-01 -3.00373106e+00 -5.14559479e-04 9.24503197e-04 -1.62779570e+00
126              8.99974576e-02 2.74390077e-01 -4.64490071e+00 9.05155953e-02 2.73463586e-01 -3.01578614e+00 -5.18137761e-04 9.26490920e-04 -1.62911458e+00
127              8.94509375e-02 2.73746638e-01 -4.65841521e+00 8.99720234e-02 2.72819145e-01 -3.02793495e+00 -5.21085924e-04 9.27493025e-04 -1.63048026e+00
128              8.88799169e-02 2.73105808e-01 -4.67206031e+00 8.94037301e-02 2.72178296e-01 -3.04016672e+00 -5.23813203e-04 9.27511345e-04 -1.63189359e+00
129              8.82979508e-02 2.72465131e-01 -4.68584205e+00 8.88245562e-02 2.71538346e-01 -3.05248671e+00 -5.26605403e-04 9.26785503e-04 -1.63335534e+00
130              8.77179045e-02 2.71879069e-01 -4.69976211e+00 8.82477570e-02 2.70953594e-01 -3.06489544e+00 -5.29852428e-04 9.25475279e-04 -1.63486667e+00
131              8.71437001e-02 2.71389433e-01 -4.71381533e+00 8.76774257e-02 2.70465660e-01 -3.07738744e+00 -5.33725618e-04 9.23772448e-04 -1.63642790e+00
132              8.65813699e-02 2.71025683e-01 -4.72801271e+00 8.71196634e-02 2.70103748e-01 -3.08997265e+00 -5.38293511e-04 9.21935645e-04 -1.63804007e+00
133              8.60416784e-02 2.70799521e-01 -4.74235286e+00 8.65852554e-02 2.69879334e-01 -3.10264882e+00 -5.43576969e-04 9.20186919e-04 -1.63970404e+00
134              8.55290903e-02 2.70744093e-01 -4.75682008e+00 8.60786167e-02 2.69825342e-01 -3.11539975e+00 -5.49526385e-04 9.18750223e-04 -1.64142033e+00
135              8.50635359e-02 2.70873468e-01 -4.77140666e+00 8.56195100e-02 2.69955724e-01 -3.12821759e+00 -5.55974090e-04 9.17743544e-04 -1.64318907e+00
136              8.46775479e-02 2.71171790e-01 -4.78612563e+00 8.52404086e-02 2.70254490e-01 -3.14111556e+00 -5.62860663e-04 9.17300090e-04 -1.64501007e+00
137              8.43766741e-02 2.71595583e-01 -4.80097343e+00 8.49466118e-02 2.70678187e-01 -3.15409040e+00 -5.69937636e-04 9.17396347e-04 -1.64688304e+00
138              8.41686942e-02 2.72115269e-01 -4.81593900e+00 8.47456387e-02 2.71197279e-01 -3.16713102e+00 -5.76944418e-04 9.17990917e-04 -1.64880798e+00
139              8.40631692e-02 2.72711608e-01 -4.83101488e+00 8.46467912e-02 2.71792589e-01 -3.18023055e+00 -5.83621996e-04 9.19018477e-04 -1.65078434e+00
140              8.40701417e-02 2.73331774e-01 -4.84618049e+00 8.46600476e-02 2.72411562e-01 -3.19336924e+00 -5.89905888e-04 9.20212444e-04 -1.65281125e+00
141              8.41838078e-02 2.73971270e-01 -4.86143155e+00 8.47795186e-02 2.73049828e-01 -3.20654381e+00 -5.95710894e-04 9.21441890e-04 -1.65488774e+00
142              8.43550640e-02 2.74614977e-01 -4.87678772e+00 8.49559746e-02 2.73692520e-01 -3.21977477e+00 -6.00910549e-04 9.22457159e-04 -1.65701295e+00
143              8.45553407e-02 2.75177044e-01 -4.89226330e+00 8.51607765e-02 2.74253864e-01 -3.23307756e+00 -6.05435716e-04 9.23179183e-04 -1.65918574e+00
144              8.47449342e-02 2.75667026e-01 -4.90787066e+00 8.53542152e-02 2.74743505e-01 -3.24646541e+00 -6.09281015e-04 9.23521266e-04 -1.66140525e+00
145              8.48933849e-02 2.76157203e-01 -4.92360560e+00 8.55057701e-02 2.75233644e-01 -3.25993498e+00 -6.12385208e-04 9.23559043e-04 -1.66367061e+00
146              8.49546855e-02 2.76673076e-01 -4.93947326e+00 8.55692337e-02 2.75749774e-01 -3.27349257e+00 -6.14548235e-04 9.23302548e-04 -1.66598069e+00
147              8.48917456e-02 2.77207449e-01 -4.95546433e+00 8.55074723e-02 2.76284535e-01 -3.28712942e+00 -6.15726680e-04 9.22914483e-04 -1.66833491e+00
148              8.46672374e-02 2.77780066e-01 -4.97155688e+00 8.52829735e-02 2.76857692e-01 -3.30082462e+00 -6.15736075e-04 9.22374161e-04 -1.67073225e+00
149              8.42589690e-02 2.78419005e-01 -4.98773606e+00 8.48734443e-02 2.77497287e-01 -3.31456367e+00 -6.14475351e-04 9.21717463e-04 -1.67317239e+00
150              8.36559550e-02 2.79154357e-01 -5.00400423e+00 8.42677265e-02 2.78233429e-01 -3.32834946e+00 -6.11771542e-04 9.20928616e-04 -1.67565477e+00
151              8.28429816e-02 2.80023232e-01 -5.02039004e+00 8.34505092e-02 2.79103057e-01 -3.34221148e+00 -6.07527641e-04 9.20175645e-04 -1.67817856e+00
152              8.18186454e-02 2.81007867e-01 -5.03691543e+00 8.24201947e-02 2.80088501e-01 -3.35617193e+00 -6.01549278e-04 9.19365635e-04 -1.68074350e+00
153              8.05863388e-02 2.82058917e-01 -5.05356633e+00 8.11801628e-02 2.81140383e-01 -3.37021693e+00 -5.93824013e-04 9.18534013e-04 -1.68334940e+00
154              7.91633059e-02 2.83173720e-01 -5.07031246e+00 7.97475759e-02 2.82256128e-01 -3.38431666e+00 -5.84269955e-04 9.17592637e-04 -1.68599580e+00
155              7.75922506e-02 2.84320602e-01 -5.08714064e+00 7.81652504e-02 2.83404239e-01 -3.39845820e+00 -5.72999768e-04 9.16362564e-04 -1.68868244e+00
156              7.59143443e-02 2.85460350e-01 -5.10404645e+00 7.64744327e-02 2.84545759e-01 -3.41263713e+00 -5.60088423e-04 9.14591231e-04 -1.69140932e+00
157              7.41281702e-02 2.86593993e-01 -5.12105214e+00 7.46740040e-02 2.85681831e-01 -3.42687525e+00 -5.45833778e-04 9.12162365e-04 -1.69417688e+00
158              7.22562130e-02 2.87705794e-01 -5.13817987e+00 7.27867147e-02 2.86796827e-01 -3.44119414e+00 -5.30501722e-04 9.08967035e-04 -1.69698573e+00
159              7.03098432e-02 2.88800572e-01 -5.15544198e+00 7.08242674e-02 2.87895532e-01 -3.45560604e+00 -5.14424206e-04 9.05040069e-04 -1.69983594e+00
160              6.83120016e-02 2.89900012e-01 -5.17283988e+00 6.88098810e-02 2.88999857e-01 -3.47011196e+00 -4.97879419e-04 9.00155176e-04 -1.70272792e+00
161              6.62974800e-02 2.91003561e-01 -5.19036208e+00 6.67787318e-02 2.90109182e-01 -3.48469967e+00 -4.81251795e-04 8.94378416e-04 -1.70566241e+00
162              6.42864013e-02 2.92118428e-01 -5.20798780e+00 6.47510570e-02 2.91230581e-01 -3.49934756e+00 -4.64655704e-04 8.87846832e-04 -1.70864024e+00
163              6.22802877e-02 2.93266840e-01 -5.22571566e+00 6.27286267e-02 2.92386184e-01 -3.51405374e+00 -4.48338963e-04 8.80656759e-04 -1.71166192e+00
164              6.02814058e-02 2.94468858e-01 -5.24355333e+00 6.07141691e-02 2.93596047e-01 -3.52882553e+00 -4.32763299e-04 8.72810966e-04 -1.71472780e+00
165              5.83081078e-02 2.95744338e-01 -5.26151238e+00 5.87264931e-02 2.94880016e-01 -3.54367424e+00 -4.18385307e-04 8.64322200e-04 -1.71783813e+00
166              5.63940471e-02 2.97054885e-01 -5.27959191e+00 5.67995104e-02 2.96199420e-01 -3.55859968e+00 -4.05463332e-04 8.55465078e-04 -1.72099223e+00
167              5.45741590e-02 2.98366409e-01 -5.29777574e+00 5.49682063e-02 2.97519959e-01 -3.57358647e+00 -3.94047310e-04 8.46450130e-04 -1.72418927e+00
168              5.28729810e-02 2.99717175e-01 -5.31606123e+00 5.32572421e-02 2.98880139e-01 -3.58863256e+00 -3.84261085e-04 8.37035424e-04 -1.72742867e+00
169              5.13371436e-02 3.01114617e-01 -5.33444462e+00 5.17129941e-02 3.00287327e-01 -3.60373484e+00 -3.75850504e-04 8.27289498e-04 -1.73070978e+00
170              4.99795339e-02 3.02596601e-01 -5.35293543e+00 5.03479708e-02 3.01779292e-01 -3.61890355e+00 -3.68436821e-04 8.17309830e-04 -1.73403187e+00
171              4.87806007e-02 3.04169160e-01 -5.37152341e+00 4.91424828e-02 3.03362028e-01 -3.63412951e+00 -3.61882064e-04 8.07132664e-04 -1.73739390e+00
172              4.77167862e-02 3.05781414e-01 -5.39018800e+00 4.80726046e-02 3.04984595e-01 -3.64939238e+00 -3.55818357e-04 7.96818811e-04 -1.74079562e+00
173              4.67837845e-02 3.07395767e-01 -5.40892000e+00 4.71336943e-02 3.06609506e-01 -3.66468361e+00 -3.49909848e-04 7.86260678e-04 -1.74423639e+00
174              4.59927337e-02 3.08985605e-01 -5.42773358e+00 4.63366121e-02 3.08210187e-01 -3.68001778e+00 -3.43878347e-04 7.75418050e-04 -1.74771580e+00
175              4.53182761e-02 3.10600981e-01 -5.44665293e+00 4.56557494e-02 3.09836664e-01 -3.69541940e+00 -3.37473287e-04 7.64316559e-04 -1.75123353e+00
176              4.46954469e-02 3.12289678e-01 -5.46569502e+00 4.50260676e-02 3.11536777e-01 -3.71090545e+00 -3.30620698e-04 7.52901113e-04 -1.75478958e+00
177              4.40419071e-02 3.14032740e-01 -5.48486566e+00 4.43652541e-02 3.13291614e-01 -3.72648173e+00 -3.23346979e-04 7.41125962e-04 -1.75838393e+00
178              4.32907621e-02 3.15769141e-01 -5.50416103e+00 4.36062867e-02 3.15040145e-01 -3.74214412e+00 -3.15524588e-04 7.28995585e-04 -1.76201691e+00
179              4.24306410e-02 3.17475226e-01 -5.52357248e+00 4.27376237e-02 3.16758701e-01 -3.75788308e+00 -3.06982699e-04 7.16525119e-04 -1.76568941e+00
180              4.14636932e-02 3.19188995e-01 -5.54311281e+00 4.17611877e-02 3.18485262e-01 -3.77371049e+00 -2.97494547e-04 7.03732575e-04 -1.76940232e+00
181              4.03916593e-02 3.20973190e-01 -5.56280641e+00 4.06787159e-02 3.20282448e-01 -3.78965058e+00 -2.87056526e-04 6.90741666e-04 -1.77315583e+00
182              3.92072465e-02 3.22838987e-01 -5.58265909e+00 3.94827743e-02 3.22161379e-01 -3.80570862e+00 -2.75527802e-04 6.77608298e-04 -1.77695047e+00
183              3.78856529e-02 3.24737419e-01 -5.60265138e+00 3.81484878e-02 3.24073005e-01 -3.82186469e+00 -2.62834921e-04 6.64414429e-04 -1.78078669e+00
184              3.64213009e-02 3.26649518e-01 -5.62275202e+00 3.66699731e-02 3.25998391e-01 -3.83808732e+00 -2.48672192e-04 6.51127464e-04 -1.78466470e+00
185              3.48142144e-02 3.28571558e-01 -5.64295786e+00 3.50469964e-02 3.27933818e-01 -3.85437330e+00 -2.32782072e-04 6.37740117e-04 -1.78858456e+00
186              3.30795486e-02 3.30486204e-01 -5.66328215e+00 3.32946675e-02 3.29862008e-01 -3.87073552e+00 -2.15118934e-04 6.24195908e-04 -1.79254663e+00
187              3.12137869e-02 3.32422456e-01 -5.68373408e+00 3.14095647e-02 3.31811964e-01 -3.88718365e+00 -1.95777764e-04 6.10491283e-04 -1.79655043e+00
188              2.92107324e-02 3.34388987e-01 -5.70430613e+00 2.93858179e-02 3.33792548e-01 -3.90371031e+00 -1.75085479e-04 5.96438898e-04 -1.80059582e+00
189              2.70679565e-02 3.36366094e-01 -5.72498579e+00 2.72213199e-02 3.35784168e-01 -3.92030284e+00 -1.53363439e-04 5.81926004e-04 -1.80468295e+00
190              2.47903746e-02 3.38336101e-01 -5.74577582e+00 2.49214025e-02 3.37769207e-01 -3.93696462e+00 -1.31027827e-04 5.66893494e-04 -1.80881120e+00
191              2.23948049e-02 3.40280806e-01 -5.76668362e+00 2.25032531e-02 3.39729515e-01 -3.95370284e+00 -1.08448139e-04 5.51291077e-04 -1.81298078e+00
192              1.98989564e-02 3.42230180e-01 -5.78772037e+00 1.99851638e-02 3.41695005e-01 -3.97052838e+00 -8.62073486e-05 5.35175085e-04 -1.81719199e+00
193              1.73193356e-02 3.44235401e-01 -5.80889971e+00 1.73838792e-02 3.43716944e-01 -3.98745457e+00 -6.45435445e-05 5.18457005e-04 -1.82144514e+00
194              1.46897615e-02 3.46339064e-01 -5.83022009e+00 1.47335863e-02 3.45837951e-01 -4.00447921e+00 -4.38248068e-05 5.01113117e-04 -1.82574088e+00
195              1.20642841e-02 3.48496017e-01 -5.85166178e+00 1.20887133e-02 3.48012815e-01 -4.02158214e+00 -2.44292635e-05 4.83202575e-04 -1.83007965e+00
196              9.50274584e-03 3.50644135e-01 -5.87322400e+00 9.50936037e-03 3.50179565e-01 -4.03876194e+00 -6.61453679e-06 4.64569712e-04 -1.83446206e+00
197              7.07637425e-03 3.52783413e-01 -5.89489938e+00 7.06688448e-03 3.52338148e-01 -4.05601074e+00 9.48977161e-06 4.45264700e-04 -1.83888864e+00
198              4.83721454e-03 3.54963795e-01 -5.91667176e+00 4.81343374e-03 3.54538395e-01 -4.07331166e+00 2.37807927e-05 4.25399217e-04 -1.84336010e+00
199              2.81828820e-03 3.57226957e-01 -5.93854271e+00 2.78216380e-03 3.56821745e-01 -4.09066624e+00 3.61243961e-05 4.05211635e-04 -1.84787648e+00
200              1.05744171e-03 3.59580502e-01 -5.96052872e+00 1.01090493e-03 3.59195675e-01 -4.10809075e+00 4.65367807e-05 3.84826467e-04 -1.85243796e+00
201              -3.99932171e-04 3.62006300e-01 -5.98264175e+00 -4.54988325e-04 3.61642055e-01 -4.12559717e+00 5.50561542e-05 3.64245119e-04 -1.85704457e+00
202              -1.49887060e-03 3.64460538e-01 -6.00486813e+00 -1.56066920e-03 3.64117000e-01 -4.14317205e+00 6.17985965e-05 3.43538757e-04 -1.86169608e+00
203              -2.22868778e-03 3.66907882e-01 -6.02718456e+00 -2.29557304e-03 3.66585306e-01 -4.16079259e+00 6.68852553e-05 3.22575887e-04 -1.86639197e+00
204              -2.63632518e-03 3.69337255e-01 -6.04958697e+00 -2.70709047e-03 3.69035538e-01 -4.17845494e+00 7.07652917e-05 3.01716851e-04 -1.87113203e+00
205              -2.77860967e-03 3.71764187e-01 -6.07209911e+00 -2.85216706e-03 3.71482986e-01 -4.19618369e+00 7.35573860e-05 2.81200115e-04 -1.87591542e+00
206              -2.70139201e-03 3.74151880e-01 -6.09473978e+00 -2.77688894e-03 3.73890478e-01 -4.21399788e+00 7.54969293e-05 2.61402903e-04 -1.88074190e+00
207              -2.44093913e-03 3.76499307e-01 -6.11751122e+00 -2.51800085e-03 3.76256985e-01 -4.23190009e+00 7.70617186e-05 2.42322159e-04 -1.88561113e+00
208              -2.02954425e-03 3.78814622e-01 -6.14040986e+00 -2.10799513e-03 3.78590497e-01 -4.24988648e+00 7.84508751e-05 2.24125211e-04 -1.89052338e+00
209              -1.54253492e-03 3.81123749e-01 -6.16343163e+00 -1.62220554e-03 3.80917048e-01 -4.26795194e+00 7.96706178e-05 2.06700513e-04 -1.89547969e+00
210              -1.05323333e-03 3.83424387e-01 -6.18658342e+00 -1.13414458e-03 3.83234210e-01 -4.28610270e+00 8.09112489e-05 1.90176737e-04 -1.90048073e+00
211              -6.15030861e-04 3.85694090e-01 -6.20986402e+00 -6.97540558e-04 3.85519493e-01 -4.30433653e+00 8.25096967e-05 1.74596340e-04 -1.90552749e+00
212              -2.40273596e-04 3.87939763e-01 -6.23326746e+00 -3.24930238e-04 3.87779762e-01 -4.32264614e+00 8.46566417e-05 1.60000571e-04 -1.91062133e+00
213              2.36437149e-05 3.90185005e-01 -6.25681955e+00 -6.40314269e-05 3.90038624e-01 -4.34105680e+00 8.76751418e-05 1.46380905e-04 -1.91576275e+00
214              1.37731729e-04 3.92406704e-01 -6.28054592e+00 4.60014520e-05 3.92272917e-01 -4.35959339e+00 9.17302771e-05 1.33787564e-04 -1.92095253e+00
215              9.63094355e-05 3.94597201e-01 -6.30447082e+00 -6.35400283e-07 3.94475251e-01 -4.37827980e+00 9.69448357e-05 1.21950024e-04 -1.92619101e+00
216              -1.16155006e-04 3.96727916e-01 -6.32857768e+00 -2.19406617e-04 3.96616995e-01 -4.39709877e+00 1.03251611e-04 1.10921249e-04 -1.93147891e+00
217              -5.41541034e-04 3.98839474e-01 -6.35283621e+00 -6.52060113e-04 3.98738851e-01 -4.41602041e+00 1.10519079e-04 1.00623850e-04 -1.93681580e+00
218              -1.21297984e-03 4.00987630e-01 -6.37722582e+00 -1.33138906e-03 4.00896410e-01 -4.43502413e+00 1.18409218e-04 9.12195737e-05 -1.94220169e+00
219              -2.13111824e-03 4.03172047e-01 -6.40173382e+00 -2.25772870e-03 4.03089290e-01 -4.45409736e+00 1.26610463e-04 8.27564655e-05 -1.94763646e+00
220              -3.28133100e-03 4.05354816e-01 -6.42635974e+00 -3.41615817e-03 4.05279625e-01 -4.47324011e+00 1.34827173e-04 7.51910418e-05 -1.95311964e+00
221              -4.65837608e-03 4.07511028e-01 -6.45109735e+00 -4.80107264e-03 4.07442384e-01 -4.49244661e+00 1.42696559e-04 6.86447816e-05 -1.95865074e+00
222              -6.26174309e-03 4.09682372e-01 -6.47594502e+00 -6.41156272e-03 4.09619262e-01 -4.51171573e+00 1.49819629e-04 6.31102096e-05 -1.96422929e+00
223              -8.08360026e-03 4.11906015e-01 -6.50089035e+00 -8.23939871e-03 4.11847406e-01 -4.53103532e+00 1.55798441e-04 5.86084777e-05 -1.96985503e+00
224              -1.00777041e-02 4.14143136e-01 -6.52594157e+00 -1.02378390e-02 4.14088122e-01 -4.55041384e+00 1.60134861e-04 5.50143599e-05 -1.97552773e+00
225              -1.21900003e-02 4.16366933e-01 -6.55109969e+00 -1.23523948e-02 4.16314372e-01 -4.56985252e+00 1.62394544e-04 5.25615278e-05 -1.98124718e+00
226              -1.43642850e-02 4.18580610e-01 -6.57638357e+00 -1.45264029e-02 4.18529442e-01 -4.58937020e+00 1.62117957e-04 5.11677150e-05 -1.98701337e+00
227              -1.65180684e-02 4.20832235e-01 -6.60181016e+00 -1.66770895e-02 4.20781172e-01 -4.60898379e+00 1.59021057e-04 5.10629160e-05 -1.99282637e+00
228              -1.85854300e-02 4.23124791e-01 -6.62738246e+00 -1.87385763e-02 4.23072546e-01 -4.62869555e+00 1.53146291e-04 5.22448782e-05 -1.99868691e+00
229              -2.04976967e-02 4.25459068e-01 -6.65309714e+00 -2.06422612e-02 4.25404353e-01 -4.64850144e+00 1.44564443e-04 5.47153992e-05 -2.00459571e+00
230              -2.22159498e-02 4.27813194e-01 -6.67896704e+00 -2.23494937e-02 4.27754783e-01 -4.66841326e+00 1.33543960e-04 5.84112120e-05 -2.01055378e+00
231              -2.37040654e-02 4.30204831e-01 -6.70500506e+00 -2.38243722e-02 4.30141247e-01 -4.68844332e+00 1.20306764e-04 6.35833935e-05 -2.01656173e+00
232              -2.49313082e-02 4.32644336e-01 -6.73121653e+00 -2.50364777e-02 4.32574164e-01 -4.70859593e+00 1.05169452e-04 7.01719435e-05 -2.02262059e+00
233              -2.58922179e-02 4.35123385e-01 -6.75760342e+00 -2.59806069e-02 4.35045040e-01 -4.72887324e+00 8.83890579e-05 7.83447665e-05 -2.02873018e+00
234              -2.65595442e-02 4.37613046e-01 -6.78416428e+00 -2.66298229e-02 4.37525011e-01 -4.74927397e+00 7.02786973e-05 8.80350163e-05 -2.03489031e+00
235              -2.68850444e-02 4.40080019e-01 -6.81088578e+00 -2.69363053e-02 4.39980813e-01 -4.76978502e+00 5.12609002e-05 9.92062158e-05 -2.04110076e+00
236              -2.68246365e-02 4.42517828e-01 -6.83774099e+00 -2.68563805e-02 4.42406100e-01 -4.79037956e+00 3.17439291e-05 1.11727900e-04 -2.04736143e+00
237              -2.63486530e-02 4.44959698e-01 -6.86470671e+00 -2.63608053e-02 4.44834112e-01 -4.81103437e+00 1.21522793e-05 1.25586652e-04 -2.05367235e+00
238              -2.54704222e-02 4.47410164e-01 -6.89178420e+00 -2.54633831e-02 4.47269640e-01 -4.83175090e+00 -7.03909485e-06 1.40524270e-04 -2.06003330e+00
239              -2.42173508e-02 4.49831053e-01 -6.91899035e+00 -2.41919988e-02 4.49674692e-01 -4.85254601e+00 -2.53520029e-05 1.56361778e-04 -2.06644435e+00
240              -2.26312475e-02 4.52161073e-01 -6.94631774e+00 -2.25889475e-02 4.51988207e-01 -4.87341247e+00 -4.23000377e-05 1.72865904e-04 -2.07290527e+00
241              -2.07637891e-02 4.54355318e-01 -6.97374990e+00 -2.07062848e-02 4.54165482e-01 -4.89433407e+00 -5.75042691e-05 1.89835618e-04 -2.07941583e+00
242              -1.86870791e-02 4.56405167e-01 -7.00128973e+00 -1.86164221e-02 4.56198249e-01 -4.91531333e+00 -7.06569358e-05 2.06918050e-04 -2.08597640e+00
243              -1.64763516e-02 4.58327969e-01 -7.02895075e+00 -1.63948962e-02 4.58104013e-01 -4.93636285e+00 -8.14553990e-05 2.23956370e-04 -2.09258790e+00
244              -1.42107748e-02 4.60177541e-01 -7.05673644e+00 -1.41210941e-02 4.59936823e-01 -4.95748559e+00 -8.96807095e-05 2.40718051e-04 -2.09925085e+00
245              -1.19911026e-02 4.61951849e-01 -7.08466137e+00 -1.18958049e-02 4.61694778e-01 -4.97869547e+00 -9.52977599e-05 2.57070599e-04 -2.10596590e+00
246              -9.91874037e-03 4.63630476e-01 -7.11273954e+00 -9.82051756e-03 4.63357802e-01 -5.00000526e+00 -9.82228152e-05 2.72674172e-04 -2.11273428e+00
247              -8.06206556e-03 4.65214350e-01 -7.14097557e+00 -7.96370480e-03 4.64926928e-01 -5.02141911e+00 -9.83607585e-05 2.87422146e-04 -2.11955646e+00
248              -6.48470595e-03 4.66709095e-01 -7.16936919e+00 -6.38904120e-03 4.66408108e-01 -5.04293644e+00 -9.56647541e-05 3.00987531e-04 -2.12643276e+00
249              -5.22910368e-03 4.68166245e-01 -7.19790107e+00 -5.13850384e-03 4.67852613e-01 -5.06453736e+00 -9.05998346e-05 3.13631861e-04 -2.13336371e+00
250              -4.35596672e-03 4.69661897e-01 -7.22657632e+00 -4.27249496e-03 4.69336529e-01 -5.08622650e+00 -8.34717541e-05 3.25368263e-04 -2.14034983e+00
251              -3.90694299e-03 4.71201771e-01 -7.25539806e+00 -3.83224149e-03 4.70865439e-01 -5.10800700e+00 -7.47015037e-05 3.36331931e-04 -2.14739106e+00
252              -3.94942987e-03 4.72745219e-01 -7.28435490e+00 -3.88462496e-03 4.72398724e-01 -5.12986784e+00 -6.48049075e-05 3.46494704e-04 -2.15448707e+00
253              -4.52478817e-03 4.74296160e-01 -7.31344155e+00 -4.47045066e-03 4.73940135e-01 -5.15180431e+00 -5.43375105e-05 3.56025135e-04 -2.16163724e+00
254              -5.65930379e-03 4.75898491e-01 -7.34265876e+00 -5.61548352e-03 4.75533519e-01 -5.17381725e+00 -4.38202680e-05 3.64972477e-04 -2.16884151e+00
255              -7.33611700e-03 4.77593762e-01 -7.37198079e+00 -7.30223786e-03 4.77220066e-01 -5.19588067e+00 -3.38791380e-05 3.73695956e-04 -2.17610012e+00
256              -9.54440029e-03 4.79346058e-01 -7.40139295e+00 -9.51901532e-03 4.78963922e-01 -5.21797972e+00 -2.53849758e-05 3.82135609e-04 -2.18341323e+00
257              -1.22982891e-02 4.81126871e-01 -7.43089284e+00 -1.22794634e-02 4.80736458e-01 -5.24011190e+00 -1.88256986e-05 3.90412935e-04 -2.19078094e+00
258              -1.55523507e-02 4.82948015e-01 -7.46048299e+00 -1.55375885e-02 4.82549375e-01 -5.26227935e+00 -1.47622395e-05 3.98640058e-04 -2.19820364e+00
259              -1.92016858e-02 4.84876651e-01 -7.49016551e+00 -1.91879032e-02 4.84469750e-01 -5.28448396e+00 -1.37826243e-05 4.06900877e-04 -2.20568156e+00
260              -2.31188019e-02 4.86914949e-01 -7.51995817e+00 -2.31025597e-02 4.86499809e-01 -5.30674271e+00 -1.62421607e-05 4.15140241e-04 -2.21321545e+00
261              -2.71675117e-02 4.89045031e-01 -7.54986861e+00 -2.71453173e-02 4.88621582e-01 -5.32906242e+00 -2.21943539e-05 4.23449019e-04 -2.22080619e+00
262              -3.12299873e-02 4.91239368e-01 -7.57989319e+00 -3.11983564e-02 4.90807491e-01 -5.35143776e+00 -3.16309119e-05 4.31876419e-04 -2.22845543e+00
263              -3.52056759e-02 4.93459114e-01 -7.61002768e+00 -3.51610580e-02 4.93018632e-01 -5.37386416e+00 -4.46179217e-05 4.40481471e-04 -2.23616352e+00
264              -3.90280686e-02 4.95711971e-01 -7.64028207e+00 -3.89671166e-02 4.95262582e-01 -5.39635089e+00 -6.09520264e-05 4.49389232e-04 -2.24393118e+00
265              -4.26077666e-02 4.98020573e-01 -7.67067803e+00 -4.25270906e-02 4.97561827e-01 -5.41891889e+00 -8.06759430e-05 4.58746102e-04 -2.25175914e+00
266              -4.58711743e-02 5.00419249e-01 -7.70126308e+00 -4.57676747e-02 4.99950910e-01 -5.44161576e+00 -1.03499581e-04 4.68338956e-04 -2.25964732e+00
267              -4.87090108e-02 5.02878707e-01 -7.73206599e+00 -4.85799719e-02 5.02400586e-01 -5.46446990e+00 -1.29038933e-04 4.78120448e-04 -2.26759609e+00
268              -5.10326571e-02 5.05358326e-01 -7.76306366e+00 -5.08758309e-02 5.04870210e-01 -5.48745885e+00 -1.56826158e-04 4.88115632e-04 -2.27560482e+00
269              -5.27844734e-02 5.07810410e-01 -7.79420571e+00 -5.25981553e-02 5.07312077e-01 -5.51053294e+00 -1.86318109e-04 4.98333285e-04 -2.28367277e+00
270              -5.39006688e-02 5.10226538e-01 -7.82546680e+00 -5.36839086e-02 5.09717830e-01 -5.53366769e+00 -2.16760227e-04 5.08707728e-04 -2.29179912e+00
271              -5.43307168e-02 5.12629524e-01 -7.85686144e+00 -5.40832871e-02 5.12110009e-01 -5.55687874e+00 -2.47429681e-04 5.19515350e-04 -2.29998270e+00
272              -5.40080187e-02 5.14944174e-01 -7.88841094e+00 -5.37305206e-02 5.14413744e-01 -5.58018886e+00 -2.77498165e-04 5.30430602e-04 -2.30822208e+00
273              -5.29605042e-02 5.17108870e-01 -7.92010871e+00 -5.26539674e-02 5.16567155e-01 -5.60359407e+00 -3.06536760e-04 5.41715245e-04 -2.31651464e+00
274              -5.12677718e-02 5.19165158e-01 -7.95192392e+00 -5.09338607e-02 5.18612022e-01 -5.62706443e+00 -3.33911087e-04 5.53135424e-04 -2.32485949e+00
275              -4.90099404e-02 5.21094086e-01 -7.98380954e+00 -4.86508550e-02 5.20529236e-01 -5.65055321e+00 -3.59085394e-04 5.64850132e-04 -2.33325633e+00
276              -4.62277994e-02 5.22844766e-01 -8.01575220e+00 -4.58459095e-02 5.22267940e-01 -5.67404701e+00 -3.81889920e-04 5.76825645e-04 -2.34170518e+00
277              -4.30204474e-02 5.24359813e-01 -8.04775105e+00 -4.26185095e-02 5.23770724e-01 -5.69754499e+00 -4.01937914e-04 5.89088485e-04 -2.35020606e+00
278              -3.94915951e-02 5.25694443e-01 -8.07982616e+00 -3.90726616e-02 5.25093285e-01 -5.72106715e+00 -4.18933536e-04 6.01158625e-04 -2.35875900e+00
279              -3.58543288e-02 5.26895568e-01 -8.11196927e+00 -3.54220368e-02 5.26282293e-01 -5.74460494e+00 -4.32292062e-04 6.13275435e-04 -2.36736434e+00
280              -3.22889320e-02 5.27971874e-01 -8.14416513e+00 -3.18470939e-02 5.27346609e-01 -5.76814236e+00 -4.41838021e-04 6.25265086e-04 -2.37602277e+00
281              -2.88938048e-02 5.28930805e-01 -8.17641615e+00 -2.84466215e-02 5.28293820e-01 -5.79168201e+00 -4.47183261e-04 6.36985116e-04 -2.38473415e+00
282              -2.57956689e-02 5.29799341e-01 -8.20875240e+00 -2.53477879e-02 5.29150978e-01 -5.81525228e+00 -4.47881023e-04 6.48362659e-04 -2.39350012e+00
283              -2.31492205e-02 5.30590305e-01 -8.24119348e+00 -2.27055100e-02 5.29930766e-01 -5.83887232e+00 -4.43710527e-04 6.59539336e-04 -2.40232117e+00
284              -2.10910192e-02 5.31375536e-01 -8.27378220e+00 -2.06561174e-02 5.30705061e-01 -5.86258386e+00 -4.34901767e-04 6.70474419e-04 -2.41119834e+00
285              -1.97637928e-02 5.32146169e-01 -8.30655728e+00 -1.93421114e-02 5.31465123e-01 -5.88642486e+00 -4.21681386e-04 6.81045380e-04 -2.42013242e+00
286              -1.92160668e-02 5.32978102e-01 -8.33954575e+00 -1.88111446e-02 5.32286681e-01 -5.91042167e+00 -4.04922128e-04 6.91420695e-04 -2.42912408e+00
287              -1.95450962e-02 5.33914118e-01 -8.37273694e+00 -1.91599847e-02 5.33212505e-01 -5.93456316e+00 -3.85111504e-04 7.01613030e-04 -2.43817377e+00
288              -2.07887219e-02 5.35004616e-01 -8.40610348e+00 -2.04257234e-02 5.34292914e-01 -5.95882060e+00 -3.62998552e-04 7.11702495e-04 -2.44728288e+00
289              -2.29738632e-02 5.36136328e-01 -8.43961476e+00 -2.26344373e-02 5.35414707e-01 -5.98316398e+00 -3.39425860e-04 7.21621894e-04 -2.45645079e+00
290              -2.61832622e-02 5.37336620e-01 -8.47329004e+00 -2.58680453e-02 5.36605479e-01 -6.00761441e+00 -3.15216968e-04 7.31141238e-04 -2.46567562e+00
291              -3.03826574e-02 5.38705092e-01 -8.50712324e+00 -3.00911025e-02 5.37964583e-01 -6.03216838e+00 -2.91554834e-04 7.40508548e-04 -2.47495485e+00
292              -3.55066743e-02 5.40178029e-01 -8.54110658e+00 -3.52373520e-02 5.39428138e-01 -6.05682039e+00 -2.69322305e-04 7.49891562e-04 -2.48428619e+00
293              -4.14169762e-02 5.41699079e-01 -8.57519237e+00 -4.11672709e-02 5.40939496e-01 -6.08152442e+00 -2.49705244e-04 7.59583186e-04 -2.49366795e+00
294              -4.78904774e-02 5.43268223e-01 -8.60932104e+00 -4.76574558e-02 5.42498515e-01 -6.10622256e+00 -2.33021584e-04 7.69707913e-04 -2.50309848e+00
295              -5.47101997e-02 5.44913230e-01 -8.64346461e+00 -5.44903364e-02 5.44132681e-01 -6.13088754e+00 -2.19863313e-04 7.80549616e-04 -2.51257707e+00
296              -6.16956010e-02 5.46687732e-01 -8.67763890e+00 -6.14855119e-02 5.45895386e-01 -6.15553662e+00 -2.10089149e-04 7.92346452e-04 -2.52210228e+00
297              -6.86800324e-02 5.48543597e-01 -8.71187683e+00 -6.84756295e-02 5.47738265e-01 -6.18020346e+00 -2.04402847e-04 8.05331875e-04 -2.53167337e+00
298              -7.53534542e-02 5.50374877e-01 -8.74614158e+00 -7.51502946e-02 5.49554914e-01 -6.20485036e+00 -2.03159553e-04 8.19962717e-04 -2.54129122e+00
299              -8.14443525e-02 5.52136650e-01 -8.78043122e+00 -8.12373509e-02 5.51300380e-01 -6.22947455e+00 -2.07001655e-04 8.36269963e-04 -2.55095667e+00
300              -8.67311297e-02 5.53977080e-01 -8.81478662e+00 -8.65144705e-02 5.53122307e-01 -6.25411598e+00 -2.16659209e-04 8.54772704e-04 -2.56067064e+00
301              -9.10582097e-02 5.55815246e-01 -8.83244405e+00 -9.08251701e-02 5.54939405e-01 -6.26201854e+00 -2.33039611e-04 8.75840604e-04 -2.57042551e+00
302              -9.27212640e-02 5.60915524e-01 -8.85463702e+00 -9.24664095e-02 5.60016755e-01 -6.27414582e+00 -2.54854464e-04 8.98768310e-04 -2.58049120e+00
303              -9.44557844e-02 5.63613077e-01 -8.89477031e+00 -9.41729957e-02 5.62688550e-01 -6.30415602e+00 -2.82788777e-04 9.24527038e-04 -2.59061428e+00
304              -9.57917813e-02 5.64219555e-01 -8.94319168e+00 -9.54753284e-02 5.63266506e-01 -6.34239154e+00 -3.16452905e-04 9.53049019e-04 -2.60080014e+00
305              -9.60990838e-02 5.64227373e-01 -8.98203277e+00 -9.57429799e-02 5.63242944e-01 -6.37098445e+00 -3.56103864e-04 9.84429522e-04 -2.61104832e+00
306              -9.56434425e-02 5.63448531e-01 -9.00887083e+00 -9.52423186e-02 5.62429645e-01 -6.38752679e+00 -4.01123902e-04 1.01888641e-03 -2.62134404e+00
307              -9.46640214e-02 5.61533215e-01 -9.03735961e+00 -9.42137910e-02 5.60476633e-01 -6.40568329e+00 -4.50230347e-04 1.05658215e-03 -2.63167633e+00
308              -9.24447251e-02 5.59325551e-01 -9.07794038e+00 -9.19426414e-02 5.58228065e-01 -6.43589118e+00 -5.02083707e-04 1.09748632e-03 -2.64204920e+00
309              -8.80401269e-02 5.58005208e-01 -9.12479642e+00 -8.74852674e-02 5.56864014e-01 -6.47232352e+00 -5.54859461e-04 1.14119448e-03 -2.65247291e+00
310              -8.19861350e-02 5.57408631e-01 -9.16201029e+00 -8.13772617e-02 5.56220223e-01 -6.49906366e+00 -6.08873335e-04 1.18840858e-03 -2.66294663e+00
311              -7.39345618e-02 5.57544745e-01 -9.18570575e+00 -7.32732085e-02 5.56307012e-01 -6.51224833e+00 -6.61353319e-04 1.23773292e-03 -2.67345741e+00
312              -6.42116671e-02 5.57864063e-01 -9.20608184e+00 -6.34998660e-02 5.56575370e-01 -6.52208995e+00 -7.11801085e-04 1.28869328e-03 -2.68399189e+00
313              -5.39201532e-02 5.57567992e-01 -9.23587630e+00 -5.31596588e-02 5.56227464e-01 -6.54132845e+00 -7.60494382e-04 1.34052815e-03 -2.69454785e+00
314              -4.41356936e-02 5.56263579e-01 -9.27777091e+00 -4.33286024e-02 5.54870925e-01 -6.57263642e+00 -8.07091217e-04 1.39265442e-03 -2.70513449e+00
315              -3.54118853e-02 5.50613334e-01 -9.32385983e+00 -3.45608649e-02 5.49169041e-01 -6.60835808e+00 -8.51020402e-04 1.44429310e-03 -2.71550176e+00
316              -2.57668367e-02 5.47565884e-01 -9.36149285e+00 -2.48759180e-02 5.46070399e-01 -6.63559229e+00 -8.90918724e-04 1.49548541e-03 -2.72590055e+00
317              -1.62103341e-02 5.47923110e-01 -9.38657026e+00 -1.52844419e-02 5.46376438e-01 -6.65024306e+00 -9.25892259e-04 1.54667181e-03 -2.73632720e+00
318              -7.94184638e-03 5.48871610e-01 -9.40566446e+00 -6.98673189e-03 5.47273589e-01 -6.65888460e+00 -9.55114491e-04 1.59802182e-03 -2.74677986e+00
319              -6.88075871e-04 5.49719265e-01 -9.42788231e+00 2.90634056e-04 5.48070190e-01 -6.67062199e+00 -9.78709927e-04 1.64907501e-03 -2.75726032e+00
320              5.35456419e-03 5.50339028e-01 -9.45773540e+00 6.35073719e-03 5.48639348e-01 -6.68996187e+00 -9.96173001e-04 1.69967960e-03 -2.76777353e+00
321              9.29217711e-03 5.50595439e-01 -9.49340108e+00 1.02994551e-02 5.48845473e-01 -6.71507654e+00 -1.00727795e-03 1.74996581e-03 -2.77832455e+00
322              9.97504639e-03 5.50523412e-01 -9.52997864e+00 1.09873492e-02 5.48722697e-01 -6.74105959e+00 -1.01230276e-03 1.80071491e-03 -2.78891906e+00
323              6.96561252e-03 5.50154772e-01 -9.56397429e+00 7.97752819e-03 5.48302761e-01 -6.76441557e+00 -1.01191567e-03 1.85201085e-03 -2.79955872e+00
324              1.08775360e-03 5.49499645e-01 -9.59502342e+00 2.09399289e-03 5.47595797e-01 -6.78478643e+00 -1.00623928e-03 1.90384812e-03 -2.81023699e+00
325              -6.63439608e-03 5.49289808e-01 -9.62494917e+00 -5.63788427e-03 5.47333623e-01 -6.80399985e+00 -9.96511812e-04 1.95618502e-03 -2.82094931e+00
326              -1.55271880e-02 5.49770848e-01 -9.65540193e+00 -1.45441570e-02 5.47761879e-01 -6.82370586e+00 -9.83031038e-04 2.00896911e-03 -2.83169607e+00
327              -2.51951653e-02 5.50937060e-01 -9.68793637e+00 -2.42279996e-02 5.48875788e-01 -6.84545923e+00 -9.67165714e-04 2.06127181e-03 -2.84247713e+00
328              -3.60309905e-02 5.52263609e-01 -9.72094195e+00 -3.50803680e-02 5.50150486e-01 -6.86765595e+00 -9.50622435e-04 2.11312232e-03 -2.85328600e+00
329              -4.81209782e-02 5.53197750e-01 -9.75342605e+00 -4.71865463e-02 5.51033305e-01 -6.88930734e+00 -9.34431849e-04 2.16444489e-03 -2.86411870e+00
330              -6.14122942e-02 5.54295465e-01 -9.78469392e+00 -6.04920183e-02 5.52079154e-01 -6.90971871e+00 -9.20275901e-04 2.21631144e-03 -2.87497521e+00
331              -7.45384635e-02 5.55160869e-01 -9.81900466e+00 -7.36305137e-02 5.52895003e-01 -6.93315137e+00 -9.07949813e-04 2.26586610e-03 -2.88585329e+00
332              -8.67335720e-02 5.56414984e-01 -9.85501274e+00 -8.58349600e-02 5.54101136e-01 -6.95826449e+00 -8.98611943e-04 2.31384765e-03 -2.89674825e+00
333              -9.77165352e-02 5.58007258e-01 -9.88969888e+00 -9.68235267e-02 5.55646876e-01 -6.98203910e+00 -8.93008500e-04 2.36038190e-03 -2.90765978e+00
334              -1.07180473e-01 5.59244930e-01 -9.92159679e+00 -1.06288431e-01 5.56839108e-01 -7.00300736e+00 -8.92042069e-04 2.40582205e-03 -2.91858943e+00
335              -1.14733219e-01 5.59556689e-01 -9.95186457e+00 -1.13835680e-01 5.57105988e-01 -7.02232878e+00 -8.97539917e-04 2.45070047e-03 -2.92953579e+00
336              -1.20019364e-01 5.58995314e-01 -9.98261869e+00 -1.19108371e-01 5.56499895e-01 -7.04212182e+00 -9.10992938e-04 2.49541954e-03 -2.94049687e+00
337              -1.22667536e-01 5.57892038e-01 -1.00154966e+01 -1.21733848e-01 5.55352415e-01 -7.06402175e+00 -9.33687980e-04 2.53962275e-03 -2.95147488e+00
338              -1.22335905e-01 5.56747574e-01 -1.00505985e+01 -1.21369244e-01 5.54164836e-01 -7.08812186e+00 -9.66661472e-04 2.58273783e-03 -2.96247660e+00
339              -1.19058033e-01 5.56178897e-01 -1.00864463e+01 -1.18047468e-01 5.53553611e-01 -7.11294016e+00 -1.01056507e-03 2.62528568e-03 -2.97350613e+00
340              -1.12978829e-01 5.55384831e-01 -1.01211117e+01 -1.11913906e-01 5.52716508e-01 -7.13654817e+00 -1.06492399e-03 2.66832265e-03 -2.98456350e+00
341              -1.04666871e-01 5.53343586e-01 -1.01534605e+01 -1.03537431e-01 5.50630781e-01 -7.15781306e+00 -1.12943944e-03 2.71280595e-03 -2.99564746e+00
342              -9.49242145e-02 5.50468118e-01 -1.01840764e+01 -9.37206695e-02 5.47708872e-01 -7.17731851e+00 -1.20354502e-03 2.75924603e-03 -3.00675792e+00
343              -8.42408938e-02 5.47508972e-01 -1.02145980e+01 -8.29545028e-02 5.44701400e-01 -7.19670621e+00 -1.28639097e-03 2.80757154e-03 -3.01789181e+00
344              -7.29070251e-02 5.44750695e-01 -1.02463708e+01 -7.15308991e-02 5.41893738e-01 -7.21732396e+00 -1.37612600e-03 2.85695703e-03 -3.02904686e+00
345              -6.12309485e-02 5.42165669e-01 -1.02797653e+01 -5.97609638e-02 5.39258735e-01 -7.23954353e+00 -1.46998465e-03 2.90693427e-03 -3.04022173e+00
346              -4.92287363e-02 5.39702489e-01 -1.03142189e+01 -4.76631102e-02 5.36745784e-01 -7.26280305e+00 -1.56562611e-03 2.95670480e-03 -3.05141587e+00
347              -3.69709080e-02 5.37375740e-01 -1.03485123e+01 -3.53089952e-02 5.34370187e-01 -7.28588637e+00 -1.66191273e-03 3.00555290e-03 -3.06262593e+00
348              -2.43002662e-02 5.35260375e-01 -1.03813226e+01 -2.25425278e-02 5.32207471e-01 -7.30747543e+00 -1.75773835e-03 3.05290455e-03 -3.07384718e+00
349              -1.13191690e-02 5.33333820e-01 -1.04121291e+01 -9.46536600e-03 5.30235446e-01 -7.32705536e+00 -1.85380299e-03 3.09837436e-03 -3.08507373e+00
350              2.04950387e-03 5.31356893e-01 -1.04414084e+01 3.99742924e-03 5.28214678e-01 -7.34511046e+00 -1.94792538e-03 3.14221477e-03 -3.09629797e+00
351              1.53683481e-02 5.29192155e-01 -1.04703180e+01 1.74072601e-02 5.26008041e-01 -7.36280236e+00 -2.03891201e-03 3.18411404e-03 -3.10751561e+00
352              2.80605438e-02 5.26566511e-01 -1.04997617e+01 3.01858063e-02 5.23343392e-01 -7.38103766e+00 -2.12526253e-03 3.22311863e-03 -3.11872401e+00
353              3.90769171e-02 5.23283154e-01 -1.05297598e+01 4.12828722e-02 5.20024928e-01 -7.39983926e+00 -2.20595518e-03 3.25822586e-03 -3.12992052e+00
354              4.75363360e-02 5.19486727e-01 -1.05597342e+01 4.98166103e-02 5.16197464e-01 -7.41862959e+00 -2.28027422e-03 3.28926352e-03 -3.14110459e+00
355              5.29743782e-02 5.15742013e-01 -1.05891035e+01 5.53213433e-02 5.12426659e-01 -7.43682893e+00 -2.34696502e-03 3.31535397e-03 -3.15227456e+00
356              5.53293889e-02 5.12046011e-01 -1.06176175e+01 5.77328549e-02 5.08709391e-01 -7.45418700e+00 -2.40346597e-03 3.33662044e-03 -3.16343054e+00
357              5.45289399e-02 5.08630685e-01 -1.06453354e+01 5.69775172e-02 5.05277646e-01 -7.47076076e+00 -2.44857726e-03 3.35303925e-03 -3.17457462e+00
358              5.06898206e-02 5.05777018e-01 -1.06724297e+01 5.31716931e-02 5.02413011e-01 -7.48672219e+00 -2.48187255e-03 3.36400690e-03 -3.18570748e+00
359              4.45591862e-02 5.02548104e-01 -1.06988897e+01 4.70607863e-02 4.99177558e-01 -7.50205710e+00 -2.50160011e-03 3.37054590e-03 -3.19683256e+00
360              3.68393045e-02 4.98573651e-01 -1.07248688e+01 3.93465015e-02 4.95199753e-01 -7.51691680e+00 -2.50719698e-03 3.37389844e-03 -3.20795196e+00
361              2.81051742e-02 4.93928735e-01 -1.07507758e+01 3.06032226e-02 4.90554709e-01 -7.53171068e+00 -2.49804842e-03 3.37402687e-03 -3.21906512e+00
362              1.86445294e-02 4.89587290e-01 -1.07771752e+01 2.11182985e-02 4.86215983e-01 -7.54700447e+00 -2.47376906e-03 3.37130681e-03 -3.23017077e+00
363              8.26945903e-03 4.86312500e-01 -1.08040285e+01 1.07054225e-02 4.82945495e-01 -7.56276198e+00 -2.43596345e-03 3.36700523e-03 -3.24126648e+00
364              -3.09234756e-03 4.83866221e-01 -1.08311255e+01 -7.04852753e-04 4.80503547e-01 -7.57877651e+00 -2.38749480e-03 3.36267466e-03 -3.25234900e+00
365              -1.52725820e-02 4.81642710e-01 -1.08583652e+01 -1.29421527e-02 4.78282712e-01 -7.59495022e+00 -2.33042932e-03 3.35999757e-03 -3.26341499e+00
366              -2.75709684e-02 4.78507832e-01 -1.08855678e+01 -2.53047779e-02 4.75146781e-01 -7.61110686e+00 -2.26619054e-03 3.36105095e-03 -3.27446095e+00
367              -3.93717310e-02 4.74395830e-01 -1.09127828e+01 -3.71745225e-02 4.71029418e-01 -7.62729971e+00 -2.19720846e-03 3.36641173e-03 -3.28548306e+00
368              -5.01906961e-02 4.69944934e-01 -1.09401222e+01 -4.80650347e-02 4.66569956e-01 -7.64364479e+00 -2.12566137e-03 3.37497800e-03 -3.29647736e+00
369              -5.94242198e-02 4.65656391e-01 -1.09676927e+01 -5.73695235e-02 4.62271452e-01 -7.66025246e+00 -2.05469626e-03 3.38493934e-03 -3.30744025e+00
370              -6.66233112e-02 4.60907595e-01 -1.09953050e+01 -6.46366499e-02 4.57513028e-01 -7.67693418e+00 -1.98666138e-03 3.39456640e-03 -3.31837082e+00
371              -7.10798163e-02 4.55549982e-01 -1.10226502e+01 -6.91552186e-02 4.52147650e-01 -7.69337985e+00 -1.92459775e-03 3.40233197e-03 -3.32927033e+00
372              -7.24877036e-02 4.49582049e-01 -1.10496209e+01 -7.06162728e-02 4.46175667e-01 -7.70947828e+00 -1.87143073e-03 3.40638210e-03 -3.34014264e+00
373              -7.06488998e-02 4.43057862e-01 -1.10764637e+01 -6.88181215e-02 4.39652099e-01 -7.72547120e+00 -1.83077825e-03 3.40576297e-03 -3.35099245e+00
374              -6.56162104e-02 4.36556272e-01 -1.11035506e+01 -6.38118066e-02 4.33155733e-01 -7.74172374e+00 -1.80440378e-03 3.40053860e-03 -3.36182686e+00
375              -5.90224591e-02 4.30254101e-01 -1.11318708e+01 -5.72305347e-02 4.26863153e-01 -7.75904619e+00 -1.79192447e-03 3.39094809e-03 -3.37282462e+00
376              -5.02944179e-02 4.22767828e-01 -1.11595591e+01 -4.85013329e-02 4.19391156e-01 -7.77572825e+00 -1.79308505e-03 3.37667181e-03 -3.38383082e+00
377              -4.00031687e-02 4.14522912e-01 -1.11852808e+01 -3.81945836e-02 4.11165504e-01 -7.79043599e+00 -1.80858508e-03 3.35740877e-03 -3.39484479e+00
378              -2.87410199e-02 4.06783209e-01 -1.12097920e+01 -2.69056067e-02 4.03448069e-01 -7.80392533e+00 -1.83541319e-03 3.33513955e-03 -3.40586667e+00
379              -1.69943289e-02 4.00325945e-01 -1.12337840e+01 -1.51216075e-02 3.97013736e-01 -7.81688763e+00 -1.87272140e-03 3.31220923e-03 -3.41689634e+00
380              -5.00513200e-03 3.94848530e-01 -1.12583869e+01 -3.08563787e-03 3.91557056e-01 -7.83045491e+00 -1.91949413e-03 3.29147333e-03 -3.42793196e+00
381              7.14743180e-03 3.90537219e-01 -1.12837377e+01 9.12555027e-03 3.87263572e-01 -7.84476924e+00 -1.97811848e-03 3.27364726e-03 -3.43896843e+00
382              1.99658820e-02 3.87218785e-01 -1.13091729e+01 2.20143853e-02 3.83959233e-01 -7.85917250e+00 -2.04850325e-03 3.25955233e-03 -3.45000041e+00
383              3.44006304e-02 3.84724237e-01 -1.13340820e+01 3.65310772e-02 3.81473879e-01 -7.87306170e+00 -2.13044678e-03 3.25035805e-03 -3.46102032e+00
384              5.07848021e-02 3.82687449e-01 -1.13582398e+01 5.30074043e-02 3.79441196e-01 -7.88621964e+00 -2.22260219e-03 3.24625350e-03 -3.47202014e+00
385              6.93307765e-02 3.80525533e-01 -1.13817975e+01 7.16522622e-02 3.77278204e-01 -7.89880562e+00 -2.32148570e-03 3.24732859e-03 -3.48299190e+00
386              8.92287644e-02 3.78191141e-01 -1.14052940e+01 9.16519351e-02 3.74938961e-01 -7.91136840e+00 -2.42317070e-03 3.25218015e-03 -3.49392559e+00
387              1.09371561e-01 3.75397700e-01 -1.14289192e+01 1.11894151e-01 3.72138725e-01 -7.92410793e+00 -2.52259035e-03 3.25897470e-03 -3.50481132e+00
388              1.28855047e-01 3.72311363e-01 -1.14523648e+01 1.31469323e-01 3.69043599e-01 -7.93672313e+00 -2.61427582e-03 3.26776449e-03 -3.51564169e+00
389              1.46634776e-01 3.68803921e-01 -1.14754229e+01 1.49329667e-01 3.65527298e-01 -7.94901172e+00 -2.69489098e-03 3.27662320e-03 -3.52641120e+00
390              1.61709038e-01 3.64949026e-01 -1.14980266e+01 1.64473335e-01 3.61665399e-01 -7.96090767e+00 -2.76429697e-03 3.28362685e-03 -3.53711892e+00
391              1.73435521e-01 3.61599044e-01 -1.15204541e+01 1.76256569e-01 3.58311550e-01 -7.97268614e+00 -2.82104773e-03 3.28749375e-03 -3.54776795e+00
392              1.81195341e-01 3.59859730e-01 -1.15429107e+01 1.84059186e-01 3.56571798e-01 -7.98454960e+00 -2.86384448e-03 3.28793251e-03 -3.55836108e+00
393              1.84759545e-01 3.59031334e-01 -1.15651641e+01 1.87652316e-01 3.55746391e-01 -7.99626305e+00 -2.89277050e-03 3.28494271e-03 -3.56890105e+00
394              1.83419721e-01 3.59678756e-01 -1.15871885e+01 1.86325437e-01 3.56401673e-01 -8.00779245e+00 -2.90571631e-03 3.27708291e-03 -3.57939609e+00
395              1.76726925e-01 3.61103414e-01 -1.16090115e+01 1.79630842e-01 3.57842187e-01 -8.01916233e+00 -2.90391626e-03 3.26122679e-03 -3.58984920e+00
396              1.65005474e-01 3.63838991e-01 -1.16307444e+01 1.67892891e-01 3.60602514e-01 -8.03047585e+00 -2.88741697e-03 3.23647688e-03 -3.60026853e+00
397              1.49317875e-01 3.68143688e-01 -1.16521975e+01 1.52179302e-01 3.64936877e-01 -8.04154038e+00 -2.86142730e-03 3.20681087e-03 -3.61065711e+00
398              1.30579312e-01 3.73600730e-01 -1.16732573e+01 1.33408615e-01 3.70421937e-01 -8.05224469e+00 -2.82930280e-03 3.17879295e-03 -3.62101258e+00
399              1.09483460e-01 3.80644086e-01 -1.16941503e+01 1.12275839e-01 3.77487937e-01 -8.06281705e+00 -2.79237885e-03 3.15614921e-03 -3.63133324e+00
400              8.65939109e-02 3.90167903e-01 -1.17154129e+01 8.93404496e-02 3.87028250e-01 -8.07379767e+00 -2.74653870e-03 3.13965331e-03 -3.64161518e+00
401              6.25533298e-02 4.01933016e-01 -1.17371386e+01 6.52401977e-02 3.98801371e-01 -8.08528674e+00 -2.68686796e-03 3.13164564e-03 -3.65185190e+00
402              3.82950332e-02 4.14553461e-01 -1.17589518e+01 4.09062290e-02 4.11421722e-01 -8.09691366e+00 -2.61119583e-03 3.13173928e-03 -3.66203813e+00
403              1.41158295e-02 4.26897084e-01 -1.17806140e+01 1.66319662e-02 4.23757532e-01 -8.10844437e+00 -2.51613674e-03 3.13955210e-03 -3.67216962e+00
404              -9.20139125e-03 4.38390830e-01 -1.18021531e+01 -6.79550819e-03 4.35236468e-01 -8.11990893e+00 -2.40588306e-03 3.15436219e-03 -3.68224413e+00
405              -3.00264263e-02 4.49041101e-01 -1.18237310e+01 -2.77378596e-02 4.45868627e-01 -8.13147505e+00 -2.28856674e-03 3.17247382e-03 -3.69225595e+00
406              -4.73355826e-02 4.59057355e-01 -1.18456309e+01 -4.51639522e-02 4.55864982e-01 -8.14342806e+00 -2.17163045e-03 3.19237289e-03 -3.70220281e+00
407              -6.05404984e-02 4.67950221e-01 -1.18677350e+01 -5.84768558e-02 4.64736007e-01 -8.15565394e+00 -2.06364255e-03 3.21421447e-03 -3.71208108e+00
408              -7.01141638e-02 4.74934497e-01 -1.18893517e+01 -6.81475852e-02 4.71695762e-01 -8.16746163e+00 -1.96657858e-03 3.23873466e-03 -3.72189009e+00
409              -7.63861204e-02 4.80159846e-01 -1.19103135e+01 -7.45049227e-02 4.76897862e-01 -8.17867670e+00 -1.88119770e-03 3.26198409e-03 -3.73163679e+00
410              -7.94054811e-02 4.83864365e-01 -1.19307200e+01 -7.75957434e-02 4.80585244e-01 -8.18938698e+00 -1.80973778e-03 3.27912125e-03 -3.74133303e+00
411              -7.89394841e-02 4.85713582e-01 -1.19510093e+01 -7.71818338e-02 4.82423724e-01 -8.20001441e+00 -1.75765033e-03 3.28985759e-03 -3.75099485e+00
412              -7.55715859e-02 4.86852319e-01 -1.19712389e+01 -7.38454085e-02 4.83558205e-01 -8.21060070e+00 -1.72617744e-03 3.29411414e-03 -3.76063819e+00
413              -6.96118297e-02 4.87820430e-01 -1.19909048e+01 -6.79030504e-02 4.84528965e-01 -8.22063624e+00 -1.70877930e-03 3.29146513e-03 -3.77026856e+00
414              -6.16385544e-02 4.87963416e-01 -1.20094858e+01 -5.99363196e-02 4.84680821e-01 -8.22959016e+00 -1.70223480e-03 3.28259537e-03 -3.77989565e+00
415              -5.19110183e-02 4.87343404e-01 -1.20272740e+01 -5.02056024e-02 4.84075782e-01 -8.23775088e+00 -1.70541591e-03 3.26762173e-03 -3.78952317e+00
416              -4.15821464e-02 4.85989209e-01 -1.20446239e+01 -3.98618792e-02 4.82740551e-01 -8.24547471e+00 -1.72026719e-03 3.24865797e-03 -3.79914914e+00
417              -3.08316586e-02 4.84322411e-01 -1.20620000e+01 -2.90825919e-02 4.81095685e-01 -8.25323143e+00 -1.74906669e-03 3.22672602e-03 -3.80876862e+00
418              -1.91988291e-02 4.83912784e-01 -1.20795940e+01 -1.74055573e-02 4.80708254e-01 -8.26121996e+00 -1.79327176e-03 3.20453066e-03 -3.81837404e+00
419              -6.00431627e-03 4.85507518e-01 -1.20974519e+01 -4.14819142e-03 4.82323483e-01 -8.26949376e+00 -1.85612485e-03 3.18403518e-03 -3.82795813e+00
420              9.28139612e-03 4.88306062e-01 -1.21153383e+01 1.12198433e-02 4.85138624e-01 -8.27782813e+00 -1.93844716e-03 3.16743833e-03 -3.83751015e+00
421              2.59679472e-02 4.90564842e-01 -1.21329231e+01 2.80070826e-02 4.87409060e-01 -8.28590255e+00 -2.03913536e-03 3.15578224e-03 -3.84702056e+00
422              4.34748076e-02 4.91621385e-01 -1.21500291e+01 4.56290873e-02 4.88473189e-01 -8.29355078e+00 -2.15427969e-03 3.14819645e-03 -3.85647828e+00
423              6.14977976e-02 4.92896307e-01 -1.21669699e+01 6.37735340e-02 4.89754160e-01 -8.30109708e+00 -2.27573639e-03 3.14214733e-03 -3.86587279e+00
424              7.96775115e-02 4.94939905e-01 -1.21840095e+01 8.20673331e-02 4.91803166e-01 -8.30881704e+00 -2.38982155e-03 3.13673853e-03 -3.87519246e+00
425              9.73613207e-02 4.96577621e-01 -1.22011947e+01 9.98513633e-02 4.93445879e-01 -8.31676424e+00 -2.49004260e-03 3.13174264e-03 -3.88443047e+00
426              1.13233323e-01 4.96629518e-01 -1.22181407e+01 1.15801501e-01 4.93500093e-01 -8.32455828e+00 -2.56817834e-03 3.12942440e-03 -3.89358243e+00
427              1.26610601e-01 4.94939081e-01 -1.22344842e+01 1.29237531e-01 4.91806959e-01 -8.33183901e+00 -2.62693010e-03 3.13212211e-03 -3.90264517e+00
428              1.36553903e-01 4.92585615e-01 -1.22501446e+01 1.39223974e-01 4.89442660e-01 -8.33852193e+00 -2.67007084e-03 3.14295544e-03 -3.91162266e+00
429              1.42290160e-01 4.91430584e-01 -1.22655497e+01 1.44991689e-01 4.88269689e-01 -8.34502599e+00 -2.70152877e-03 3.16089465e-03 -3.92052367e+00
430              1.43494883e-01 4.92058373e-01 -1.22809444e+01 1.46217789e-01 4.88876135e-01 -8.35157626e+00 -2.72290633e-03 3.18223824e-03 -3.92936816e+00
431              1.39940936e-01 4.93790482e-01 -1.22962788e+01 1.42675210e-01 4.90591184e-01 -8.35809933e+00 -2.73427347e-03 3.19929792e-03 -3.93817946e+00
432              1.31674513e-01 4.97343179e-01 -1.23112473e+01 1.34411925e-01 4.94139316e-01 -8.36428673e+00 -2.73741220e-03 3.20386298e-03 -3.94696058e+00
433              1.18924938e-01 5.01782113e-01 -1.23261278e+01 1.21655162e-01 4.98590406e-01 -8.37040958e+00 -2.73022381e-03 3.19170689e-03 -3.95571820e+00
434              1.02492263e-01 5.06063967e-01 -1.23410875e+01 1.05203387e-01 5.02901786e-01 -8.37663255e+00 -2.71112453e-03 3.16218059e-03 -3.96445491e+00
435              8.33455560e-02 5.09715619e-01 -1.23556821e+01 8.60275964e-02 5.06597535e-01 -8.38251344e+00 -2.68204040e-03 3.11808410e-03 -3.97316867e+00
436              6.13870315e-02 5.14052900e-01 -1.23696723e+01 6.40256171e-02 5.10985383e-01 -8.38781280e+00 -2.63858561e-03 3.06751689e-03 -3.98185950e+00
437              3.71129056e-02 5.20750614e-01 -1.23837902e+01 3.96889744e-02 5.17735126e-01 -8.39326900e+00 -2.57606881e-03 3.01548778e-03 -3.99052118e+00
438              1.15217794e-02 5.29859320e-01 -1.23988176e+01 1.40145371e-02 5.26892420e-01 -8.39967329e+00 -2.49275768e-03 2.96690007e-03 -3.99914435e+00
439              -1.40549650e-02 5.39929537e-01 -1.24145320e+01 -1.16659222e-02 5.37003703e-01 -8.40681380e+00 -2.38904279e-03 2.92583428e-03 -4.00771823e+00
440              -3.94002407e-02 5.49254582e-01 -1.24304075e+01 -3.71307838e-02 5.46359807e-01 -8.41417193e+00 -2.26945697e-03 2.89477488e-03 -4.01623552e+00
441              -6.48997154e-02 5.58026670e-01 -1.24460373e+01 -6.27603690e-02 5.55153986e-01 -8.42134820e+00 -2.13934645e-03 2.87268409e-03 -4.02468908e+00
442              -9.00882998e-02 5.66470862e-01 -1.24615630e+01 -8.80847978e-02 5.63612353e-01 -8.42849136e+00 -2.00350195e-03 2.85850952e-03 -4.03307160e+00
443              -1.13990598e-01 5.75114850e-01 -1.24771850e+01 -1.12118608e-01 5.72263753e-01 -8.43580534e+00 -1.87199054e-03 2.85109673e-03 -4.04137967e+00
444              -1.35729069e-01 5.83396560e-01 -1.24929314e+01 -1.33977639e-01 5.80545186e-01 -8.44331574e+00 -1.75143060e-03 2.85137438e-03 -4.04961567e+00
445              -1.54677113e-01 5.90114791e-01 -1.25087273e+01 -1.53030190e-01 5.87253673e-01 -8.45094592e+00 -1.64692255e-03 2.86111756e-03 -4.05778141e+00
446              -1.70489919e-01 5.95204215e-01 -1.25237191e+01 -1.68928412e-01 5.92324766e-01 -8.45783702e+00 -1.56150684e-03 2.87944895e-03 -4.06588209e+00
447              -1.82703813e-01 5.98925192e-01 -1.25376106e+01 -1.81207234e-01 5.96020753e-01 -8.46367471e+00 -1.49657877e-03 2.90443859e-03 -4.07393590e+00
448              -1.90906778e-01 6.01660627e-01 -1.25508859e+01 -1.89452141e-01 5.98726813e-01 -8.46892663e+00 -1.45463688e-03 2.93381389e-03 -4.08195925e+00
449              -1.95530164e-01 6.04500745e-01 -1.25644055e+01 -1.94094385e-01 6.01538006e-01 -8.47443239e+00 -1.43577837e-03 2.96273849e-03 -4.08997309e+00
450              -1.96939781e-01 6.07965771e-01 -1.25783945e+01 -1.95503483e-01 6.04980795e-01 -8.48040578e+00 -1.43629794e-03 2.98497632e-03 -4.09798868e+00
451              -1.95505952e-01 6.10080697e-01 -1.25919842e+01 -1.94049034e-01 6.07084799e-01 -8.48597233e+00 -1.45691843e-03 2.99589872e-03 -4.10601183e+00
452              -1.91778332e-01 6.10384014e-01 -1.26047420e+01 -1.90280125e-01 6.07393041e-01 -8.49069545e+00 -1.49820702e-03 2.99097316e-03 -4.11404658e+00
453              -1.86054760e-01 6.09198746e-01 -1.26167801e+01 -1.84494054e-01 6.06230001e-01 -8.49468990e+00 -1.56070606e-03 2.96874493e-03 -4.12209017e+00
454              -1.77697651e-01 6.07511030e-01 -1.26286229e+01 -1.76055461e-01 6.04580876e-01 -8.49848713e+00 -1.64218968e-03 2.93015406e-03 -4.13013578e+00
455              -1.65877035e-01 6.06704619e-01 -1.26403207e+01 -1.64135491e-01 6.03821443e-01 -8.50214862e+00 -1.74154475e-03 2.88317545e-03 -4.13817210e+00
456              -1.50285894e-01 6.07506167e-01 -1.26522216e+01 -1.48432259e-01 6.04669798e-01 -8.50603427e+00 -1.85363431e-03 2.83636896e-03 -4.14618738e+00
457              -1.32055745e-01 6.08551162e-01 -1.26644723e+01 -1.30083344e-01 6.05754282e-01 -8.51030628e+00 -1.97240077e-03 2.79688043e-03 -4.15416601e+00
458              -1.12722135e-01 6.09164166e-01 -1.26769755e+01 -1.10631405e-01 6.06395176e-01 -8.51488216e+00 -2.09073004e-03 2.76898942e-03 -4.16209336e+00
459              -9.20225281e-02 6.09882930e-01 -1.26895412e+01 -8.98170082e-02 6.07129904e-01 -8.51958433e+00 -2.20551995e-03 2.75302555e-03 -4.16995690e+00
460              -6.97539353e-02 6.10643970e-01 -1.27017764e+01 -6.74391175e-02 6.07897421e-01 -8.52403113e+00 -2.31481779e-03 2.74654879e-03 -4.17774531e+00
461              -4.63759864e-02 6.11405858e-01 -1.27135921e+01 -4.39586977e-02 6.08657745e-01 -8.52814482e+00 -2.41728873e-03 2.74811278e-03 -4.18544729e+00
462              -2.35078390e-02 6.11482440e-01 -1.27250445e+01 -2.09993278e-02 6.08727977e-01 -8.53199209e+00 -2.50851116e-03 2.75446265e-03 -4.19305244e+00
463              -2.51495577e-03 6.09896152e-01 -1.27362164e+01 6.97000148e-05 6.07130840e-01 -8.53565614e+00 -2.58465578e-03 2.76531212e-03 -4.20056026e+00
464              1.58163080e-02 6.05993851e-01 -1.27475535e+01 1.84572857e-02 6.03212363e-01 -8.53956969e+00 -2.64097773e-03 2.78148865e-03 -4.20798381e+00
465              2.98190505e-02 6.02372084e-01 -1.27588577e+01 3.24974422e-02 5.99568128e-01 -8.54353170e+00 -2.67839173e-03 2.80395632e-03 -4.21532604e+00
466              3.91835991e-02 5.99741522e-01 -1.27697508e+01 4.18829935e-02 5.96912147e-01 -8.54715862e+00 -2.69939442e-03 2.82937411e-03 -4.22259216e+00
467              4.32585804e-02 5.97947394e-01 -1.27800065e+01 4.59678177e-02 5.95092566e-01 -8.55020746e+00 -2.70923732e-03 2.85482797e-03 -4.22979908e+00
468              4.16248693e-02 5.97549206e-01 -1.27901308e+01 4.43339632e-02 5.94678150e-01 -8.55315811e+00 -2.70909393e-03 2.87105533e-03 -4.23697272e+00
469              3.51705747e-02 5.97996311e-01 -1.28007226e+01 3.78692655e-02 5.95121169e-01 -8.55660146e+00 -2.69869079e-03 2.87514196e-03 -4.24412110e+00
470              2.50007678e-02 5.97324185e-01 -1.28118302e+01 2.76737825e-02 5.94461450e-01 -8.56057400e+00 -2.67301473e-03 2.86273530e-03 -4.25125625e+00
471              1.15388440e-02 5.94831673e-01 -1.28231852e+01 1.41676974e-02 5.92000227e-01 -8.56480226e+00 -2.62885343e-03 2.83144554e-03 -4.25838292e+00
472              -4.74016665e-03 5.91927241e-01 -1.28338480e+01 -2.17538870e-03 5.89142453e-01 -8.56834821e+00 -2.56477795e-03 2.78478844e-03 -4.26549975e+00
473              -2.32316690e-02 5.90017742e-01 -1.28433135e+01 -2.07484886e-02 5.87291596e-01 -8.57071255e+00 -2.48318034e-03 2.72614570e-03 -4.27260091e+00
474              -4.35381558e-02 5.89039703e-01 -1.28524613e+01 -4.11523498e-02 5.86377715e-01 -8.57278086e+00 -2.38580601e-03 2.66198863e-03 -4.27968043e+00
475              -6.45158674e-02 5.88163825e-01 -1.28629131e+01 -6.22444893e-02 5.85566998e-01 -8.57618885e+00 -2.27137808e-03 2.59682664e-03 -4.28672421e+00
476              -8.55319591e-02 5.86695062e-01 -1.28748972e+01 -8.33890878e-02 5.84162175e-01 -8.58118256e+00 -2.14287136e-03 2.53288653e-03 -4.29371464e+00
477              -1.06416710e-01 5.84550255e-01 -1.28874626e+01 -1.04413128e-01 5.82077604e-01 -8.58681853e+00 -2.00358183e-03 2.47265113e-03 -4.30064410e+00
478              -1.27030842e-01 5.82235104e-01 -1.28993359e+01 -1.25177610e-01 5.79815421e-01 -8.59182787e+00 -1.85323247e-03 2.41968290e-03 -4.30750799e+00
479              -1.46035756e-01 5.79815768e-01 -1.29103697e+01 -1.44338777e-01 5.77438180e-01 -8.59607297e+00 -1.69697881e-03 2.37758802e-03 -4.31429669e+00
480              -1.62243775e-01 5.77145361e-01 -1.29213988e+01 -1.60698604e-01 5.74797808e-01 -8.60039067e+00 -1.54517059e-03 2.34755254e-03 -4.32100817e+00
481              -1.75412213e-01 5.73167146e-01 -1.29329188e+01 -1.74003020e-01 5.70840952e-01 -8.60526990e+00 -1.40919308e-03 2.32619393e-03 -4.32764890e+00
482              -1.85524415e-01 5.68028323e-01 -1.29443512e+01 -1.84230279e-01 5.65716197e-01 -8.61013177e+00 -1.29413582e-03 2.31212632e-03 -4.33421942e+00
483              -1.92137196e-01 5.62292528e-01 -1.29549047e+01 -1.90937046e-01 5.59987531e-01 -8.61417231e+00 -1.20015032e-03 2.30499728e-03 -4.34073243e+00
484              -1.95203816e-01 5.56812069e-01 -1.29642688e+01 -1.94079176e-01 5.54508086e-01 -8.61707141e+00 -1.12463982e-03 2.30398263e-03 -4.34719744e+00
485              -1.94367986e-01 5.51993751e-01 -1.29732174e+01 -1.93300592e-01 5.49690843e-01 -8.61958720e+00 -1.06739388e-03 2.30290838e-03 -4.35363020e+00
486              -1.89641088e-01 5.48455270e-01 -1.29825407e+01 -1.88611699e-01 5.46157210e-01 -8.62249008e+00 -1.02938940e-03 2.29806034e-03 -4.36005064e+00
487              -1.81785057e-01 5.44929640e-01 -1.29923570e+01 -1.80773368e-01 5.42644514e-01 -8.62588063e+00 -1.01168956e-03 2.28512589e-03 -4.36647641e+00
488              -1.71418993e-01 5.40344504e-01 -1.30019499e+01 -1.70404051e-01 5.38083453e-01 -8.62903988e+00 -1.01494210e-03 2.26105134e-03 -4.37290999e+00
489              -1.58715322e-01 5.35379309e-01 -1.30107362e+01 -1.57677939e-01 5.33158012e-01 -8.63137654e+00 -1.03738346e-03 2.22129738e-03 -4.37935971e+00
490              -1.43900724e-01 5.30812525e-01 -1.30190986e+01 -1.42821906e-01 5.28643260e-01 -8.63327897e+00 -1.07881888e-03 2.16926453e-03 -4.38581965e+00
491              -1.26025336e-01 5.26582536e-01 -1.30272541e+01 -1.24889093e-01 5.24473822e-01 -8.63497500e+00 -1.13624305e-03 2.10871428e-03 -4.39227907e+00
492              -1.05506721e-01 5.22306780e-01 -1.30353423e+01 -1.04300780e-01 5.20256696e-01 -8.63661959e+00 -1.20594135e-03 2.05008400e-03 -4.39872271e+00
493              -8.35007547e-02 5.17942209e-01 -1.30438572e+01 -8.22174128e-02 5.15943444e-01 -8.63871978e+00 -1.28334186e-03 1.99876463e-03 -4.40513738e+00
494              -6.12822232e-02 5.13378176e-01 -1.30528118e+01 -5.99167521e-02 5.11421982e-01 -8.64130810e+00 -1.36547113e-03 1.95619378e-03 -4.41150366e+00
495              -3.89714860e-02 5.09282375e-01 -1.30622412e+01 -3.75193180e-02 5.07361421e-01 -8.64443550e+00 -1.45216806e-03 1.92095364e-03 -4.41780571e+00
496              -1.65228661e-02 5.06024450e-01 -1.30715501e+01 -1.49801129e-02 5.04135014e-01 -8.64751922e+00 -1.54275312e-03 1.88943594e-03 -4.42403087e+00
497              5.18698418e-03 5.03818028e-01 -1.30803568e+01 6.82142173e-03 5.01955810e-01 -8.65018794e+00 -1.63443755e-03 1.86221774e-03 -4.43016883e+00
498              2.49356247e-02 5.01789028e-01 -1.30889785e+01 2.66593432e-02 4.99951937e-01 -8.65276707e+00 -1.72371849e-03 1.83709022e-03 -4.43621148e+00
499              4.20130937e-02 4.98428697e-01 -1.30974217e+01 4.38143144e-02 4.96615563e-01 -8.65526568e+00 -1.80122076e-03 1.81313324e-03 -4.44215603e+00
500              5.55718104e-02 4.94344817e-01 -1.31058139e+01 5.74345685e-02 4.92551243e-01 -8.65780522e+00 -1.86275807e-03 1.79357469e-03 -4.44800871e+00
501              6.55946778e-02 4.91086718e-01 -1.31143173e+01 6.75066464e-02 4.89308292e-01 -8.66054059e+00 -1.91196859e-03 1.77842609e-03 -4.45377676e+00
502              7.18963553e-02 4.89626227e-01 -1.31227484e+01 7.38458532e-02 4.87858001e-01 -8.66327494e+00 -1.94949791e-03 1.76822577e-03 -4.45947343e+00
503              7.44052186e-02 4.89373994e-01 -1.31310941e+01 7.63816045e-02 4.87612149e-01 -8.66597398e+00 -1.97638596e-03 1.76184463e-03 -4.46512008e+00
504              7.23770611e-02 4.89436685e-01 -1.31394191e+01 7.43678135e-02 4.87678218e-01 -8.66868350e+00 -1.99075242e-03 1.75846764e-03 -4.47073561e+00
505              6.58696060e-02 4.88888724e-01 -1.31478004e+01 6.78607842e-02 4.87137206e-01 -8.67146077e+00 -1.99117824e-03 1.75151824e-03 -4.47633960e+00
506              5.65410646e-02 4.86865234e-01 -1.31559332e+01 5.85163212e-02 4.85131823e-01 -8.67399473e+00 -1.97525654e-03 1.73341111e-03 -4.48193847e+00
507              4.51790744e-02 4.83947665e-01 -1.31643390e+01 4.71185294e-02 4.82249261e-01 -8.67680336e+00 -1.93945503e-03 1.69840376e-03 -4.48753563e+00
508              3.17815907e-02 4.80906877e-01 -1.31732431e+01 3.36609169e-02 4.79261641e-01 -8.68011392e+00 -1.87932617e-03 1.64523585e-03 -4.49312914e+00
509              1.63391463e-02 4.78332330e-01 -1.31823199e+01 1.81363943e-02 4.76754700e-01 -8.68360553e+00 -1.79724795e-03 1.57762956e-03 -4.49871442e+00
510              -6.55989942e-04 4.76368024e-01 -1.31909383e+01 1.03800972e-03 4.74865214e-01 -8.68666061e+00 -1.69399966e-03 1.50280933e-03 -4.50427772e+00
511              -1.84338749e-02 4.75067243e-01 -1.31993251e+01 -1.68601739e-02 4.73636451e-01 -8.68952400e+00 -1.57370094e-03 1.43079163e-03 -4.50980109e+00
512              -3.50772338e-02 4.73378186e-01 -1.32083444e+01 -3.36364146e-02 4.72014846e-01 -8.69307543e+00 -1.44081923e-03 1.36333996e-03 -4.51526898e+00
513              -5.06188704e-02 4.71628232e-01 -1.32182239e+01 -4.93221174e-02 4.70328956e-01 -8.69755297e+00 -1.29675300e-03 1.29927624e-03 -4.52067094e+00
514              -6.49492622e-02 4.70525991e-01 -1.32284336e+01 -6.38060293e-02 4.69281721e-01 -8.70243277e+00 -1.14323287e-03 1.24426992e-03 -4.52600080e+00
515              -7.75588339e-02 4.69727561e-01 -1.32387094e+01 -7.65737525e-02 4.68527692e-01 -8.70745556e+00 -9.85081447e-04 1.19986903e-03 -4.53125389e+00
516              -8.77592451e-02 4.68501342e-01 -1.32486442e+01 -8.69273253e-02 4.67337195e-01 -8.71221809e+00 -8.31919810e-04 1.16414711e-03 -4.53642610e+00
517              -9.48703444e-02 4.66551068e-01 -1.32579594e+01 -9.41777552e-02 4.65412435e-01 -8.71644001e+00 -6.92589273e-04 1.13863283e-03 -4.54151943e+00
518              -9.87528777e-02 4.64437516e-01 -1.32667385e+01 -9.81826542e-02 4.63312959e-01 -8.72019660e+00 -5.70223486e-04 1.12455652e-03 -4.54654186e+00
519              -9.99776603e-02 4.61768051e-01 -1.32752041e+01 -9.95117325e-02 4.60646676e-01 -8.72369667e+00 -4.65927866e-04 1.12137473e-03 -4.55150739e+00
520              -9.84269490e-02 4.59716550e-01 -1.32833493e+01 -9.80488247e-02 4.58592748e-01 -8.72692063e+00 -3.78124352e-04 1.12380255e-03 -4.55642870e+00
521              -9.41596589e-02 4.59003197e-01 -1.32915970e+01 -9.38510601e-02 4.57874237e-01 -8.73026232e+00 -3.08598781e-04 1.12895974e-03 -4.56133467e+00
522              -8.74406858e-02 4.59029649e-01 -1.32998308e+01 -8.71816593e-02 4.57897510e-01 -8.73359131e+00 -2.59026573e-04 1.13213856e-03 -4.56623948e+00
523              -7.90395842e-02 4.59712773e-01 -1.33077730e+01 -7.88079480e-02 4.58587733e-01 -8.73662052e+00 -2.31636246e-04 1.12503965e-03 -4.57115246e+00
524              -6.91263740e-02 4.61376969e-01 -1.33152512e+01 -6.88968407e-02 4.60272628e-01 -8.73916989e+00 -2.29533300e-04 1.10434095e-03 -4.57608131e+00
525              -5.80193698e-02 4.63536316e-01 -1.33224365e+01 -5.77716537e-02 4.62464468e-01 -8.74141291e+00 -2.47716117e-04 1.07184795e-03 -4.58102360e+00
526              -4.58986797e-02 4.65427452e-01 -1.33297064e+01 -4.56168355e-02 4.64392355e-01 -8.74374198e+00 -2.81844191e-04 1.03509659e-03 -4.58596443e+00
527              -3.31685956e-02 4.66790932e-01 -1.33370038e+01 -3.28357299e-02 4.65794003e-01 -8.74610963e+00 -3.32865655e-04 9.96928585e-04 -4.59089414e+00
528              -2.03664096e-02 4.67799719e-01 -1.33443231e+01 -1.99677330e-02 4.66843467e-01 -8.74852631e+00 -3.98676592e-04 9.56251498e-04 -4.59579682e+00
529              -7.37045116e-03 4.68300623e-01 -1.33515622e+01 -6.89400687e-03 4.67382996e-01 -8.75091041e+00 -4.76444296e-04 9.17627103e-04 -4.60065175e+00
530              5.32065530e-03 4.69027024e-01 -1.33591901e+01 5.87931834e-03 4.68142525e-01 -8.75374934e+00 -5.58663037e-04 8.84499171e-04 -4.60544073e+00
531              1.71068315e-02 4.70387875e-01 -1.33675164e+01 1.77534356e-02 4.69532158e-01 -8.75736657e+00 -6.46604156e-04 8.55717121e-04 -4.61014984e+00
532              2.70871335e-02 4.71933126e-01 -1.33763663e+01 2.78271041e-02 4.71102002e-01 -8.76159055e+00 -7.39970661e-04 8.31124706e-04 -4.61477578e+00
533              3.45432838e-02 4.73632808e-01 -1.33851488e+01 3.53769713e-02 4.72823095e-01 -8.76583506e+00 -8.33687530e-04 8.09713008e-04 -4.61931378e+00
534              4.03168003e-02 4.74789538e-01 -1.33931393e+01 4.12376515e-02 4.73996718e-01 -8.76937481e+00 -9.20851235e-04 7.92820426e-04 -4.62376451e+00
535              4.37102383e-02 4.75391568e-01 -1.34004373e+01 4.47067549e-02 4.74609073e-01 -8.77229731e+00 -9.96516589e-04 7.82495295e-04 -4.62814003e+00
536              4.47367150e-02 4.76393771e-01 -1.34075666e+01 4.57956445e-02 4.75613872e-01 -8.77511349e+00 -1.05892954e-03 7.79898905e-04 -4.63245309e+00
537              4.30745881e-02 4.78234753e-01 -1.34150548e+01 4.41843794e-02 4.77452910e-01 -8.77833839e+00 -1.10979126e-03 7.81842595e-04 -4.63671645e+00
538              3.85975710e-02 4.80724597e-01 -1.34229934e+01 3.97481272e-02 4.79937759e-01 -8.78204245e+00 -1.15055617e-03 7.86838122e-04 -4.64095098e+00
539              3.15313795e-02 4.82775046e-01 -1.34307163e+01 3.27103933e-02 4.81983539e-01 -8.78554463e+00 -1.17901375e-03 7.91507037e-04 -4.64517172e+00
540              2.28166956e-02 4.83446221e-01 -1.34379789e+01 2.40062469e-02 4.82652493e-01 -8.78857446e+00 -1.18955131e-03 7.93728012e-04 -4.64940447e+00
541              1.31669266e-02 4.83066977e-01 -1.34448337e+01 1.43421737e-02 4.82276299e-01 -8.79117922e+00 -1.17524704e-03 7.90678122e-04 -4.65365447e+00
542              2.83292122e-03 4.82452162e-01 -1.34517135e+01 3.97365868e-03 4.81679562e-01 -8.79379477e+00 -1.14073747e-03 7.72600237e-04 -4.65791869e+00
543              -8.63971031e-03 4.81644882e-01 -1.34585571e+01 -7.55192714e-03 4.80908203e-01 -8.79636948e+00 -1.08778317e-03 7.36679404e-04 -4.66218765e+00
544              -2.08272947e-02 4.80651651e-01 -1.34652004e+01 -1.98125645e-02 4.79960568e-01 -8.79874333e+00 -1.01473023e-03 6.91082759e-04 -4.66645704e+00
545              -3.30743823e-02 4.79530526e-01 -1.34718158e+01 -3.21523786e-02 4.78891904e-01 -8.80110743e+00 -9.22003736e-04 6.38622660e-04 -4.67070834e+00
546              -4.45084970e-02 4.77679403e-01 -1.34782230e+01 -4.36952194e-02 4.77096520e-01 -8.80330109e+00 -8.13277580e-04 5.82883259e-04 -4.67492194e+00
547              -5.44362197e-02 4.75532810e-01 -1.34848186e+01 -5.37410695e-02 4.75005072e-01 -8.80574047e+00 -6.95150210e-04 5.27738664e-04 -4.67907817e+00
548              -6.30048719e-02 4.74035112e-01 -1.34920107e+01 -6.24356612e-02 4.73560478e-01 -8.80884687e+00 -5.69210724e-04 4.74634004e-04 -4.68316386e+00
549              -7.02467774e-02 4.73317531e-01 -1.34997330e+01 -6.98080189e-02 4.72890769e-01 -8.81256236e+00 -4.38758453e-04 4.26762245e-04 -4.68717063e+00
550              -7.53690376e-02 4.73235536e-01 -1.35074188e+01 -7.50590771e-02 4.72849314e-01 -8.81632438e+00 -3.09960498e-04 3.86222456e-04 -4.69109439e+00
551              -7.85452309e-02 4.72883663e-01 -1.35144505e+01 -7.83573236e-02 4.72527543e-01 -8.81951713e+00 -1.87907279e-04 3.56119780e-04 -4.69493338e+00
552              -7.94015926e-02 4.71687666e-01 -1.35210718e+01 -7.93242551e-02 4.71350128e-01 -8.82237294e+00 -7.73375607e-05 3.37537685e-04 -4.69869888e+00
553              -7.75622064e-02 4.70296493e-01 -1.35277927e+01 -7.75804800e-02 4.69966395e-01 -8.82538773e+00 1.82735768e-05 3.30098858e-04 -4.70240496e+00
554              -7.35644411e-02 4.69772770e-01 -1.35349926e+01 -7.36621509e-02 4.69441413e-01 -8.82892212e+00 9.77097368e-05 3.31356588e-04 -4.70607045e+00
555              -6.71135000e-02 4.69839814e-01 -1.35420736e+01 -6.72734185e-02 4.69499553e-01 -8.83236494e+00 1.59918509e-04 3.40261273e-04 -4.70970867e+00
556              -5.92895832e-02 4.70387780e-01 -1.35487337e+01 -5.94936697e-02 4.70035646e-01 -8.83539747e+00 2.04086444e-04 3.52133880e-04 -4.71333628e+00
557              -5.02860744e-02 4.70691382e-01 -1.35551758e+01 -5.05128521e-02 4.70333489e-01 -8.83819605e+00 2.26777707e-04 3.57892476e-04 -4.71697971e+00
558              -4.04342824e-02 4.71795868e-01 -1.35615756e+01 -4.06610164e-02 4.71440175e-01 -8.84093221e+00 2.26734019e-04 3.55692965e-04 -4.72064334e+00
559              -3.02809576e-02 4.72809885e-01 -1.35678523e+01 -3.04869011e-02 4.72465476e-01 -8.84352524e+00 2.05943479e-04 3.44408561e-04 -4.72432707e+00
560              -2.02480995e-02 4.74071186e-01 -1.35737296e+01 -2.04146686e-02 4.73745772e-01 -8.84571219e+00 1.66569159e-04 3.25414464e-04 -4.72801739e+00
561              -1.02079673e-02 4.75760283e-01 -1.35793727e+01 -1.03192273e-02 4.75458028e-01 -8.84767054e+00 1.11260044e-04 3.02254103e-04 -4.73170216e+00
562              -5.46792290e-04 4.77873570e-01 -1.35851113e+01 -5.90807238e-04 4.77594687e-01 -8.84974818e+00 4.40149484e-05 2.78883502e-04 -4.73536316e+00
563              8.30590810e-03 4.79694684e-01 -1.35910738e+01 8.34187297e-03 4.79438981e-01 -8.85209012e+00 -3.59648710e-05 2.55703031e-04 -4.73898371e+00
564              1.55626673e-02 4.81397515e-01 -1.35972417e+01 1.56898978e-02 4.81165112e-01 -8.85469605e+00 -1.27230477e-04 2.32402706e-04 -4.74254562e+00
565              2.09842979e-02 4.82841889e-01 -1.36036834e+01 2.12124811e-02 4.82630860e-01 -8.85764668e+00 -2.28183199e-04 2.11028872e-04 -4.74603676e+00
566              2.41825707e-02 4.84961822e-01 -1.36103571e+01 2.45138806e-02 4.84768329e-01 -8.86090488e+00 -3.31309983e-04 1.93493127e-04 -4.74945223e+00
567              2.53252614e-02 4.87360814e-01 -1.36169036e+01 2.57574016e-02 4.87180011e-01 -8.86411276e+00 -4.32140203e-04 1.80802567e-04 -4.75279086e+00
568              2.45035057e-02 4.88760027e-01 -1.36232330e+01 2.50310584e-02 4.88585454e-01 -8.86717406e+00 -5.27552708e-04 1.74573244e-04 -4.75605895e+00
569              2.14099457e-02 4.89394511e-01 -1.36293690e+01 2.20244127e-02 4.89218733e-01 -8.87010130e+00 -6.14467062e-04 1.75777794e-04 -4.75926766e+00
570              1.57339415e-02 4.90346370e-01 -1.36357342e+01 1.64247952e-02 4.90163156e-01 -8.87329896e+00 -6.90853716e-04 1.83213242e-04 -4.76243522e+00
571              7.94294693e-03 4.91800154e-01 -1.36420426e+01 8.69788690e-03 4.91605444e-01 -8.87646397e+00 -7.54939970e-04 1.94710580e-04 -4.76557862e+00
572              -1.46579582e-03 4.92979863e-01 -1.36482369e+01 -6.62638649e-04 4.92772095e-01 -8.87952407e+00 -8.03157174e-04 2.07767896e-04 -4.76871285e+00
573              -1.19732810e-02 4.93321778e-01 -1.36544788e+01 -1.11379135e-02 4.93102590e-01 -8.88261442e+00 -8.35367445e-04 2.19187633e-04 -4.77186437e+00
574              -2.29323430e-02 4.93213489e-01 -1.36606469e+01 -2.20851315e-02 4.92987115e-01 -8.88560649e+00 -8.47211440e-04 2.26373645e-04 -4.77504039e+00
575              -3.39289936e-02 4.92753468e-01 -1.36665869e+01 -3.30937064e-02 4.92525523e-01 -8.88834032e+00 -8.35287141e-04 2.27944814e-04 -4.77824654e+00
576              -4.44766428e-02 4.92173334e-01 -1.36720606e+01 -4.36730829e-02 4.91954505e-01 -8.89058817e+00 -8.03559955e-04 2.18828377e-04 -4.78147246e+00
577              -5.48202446e-02 4.91257867e-01 -1.36770807e+01 -5.40664576e-02 4.91058491e-01 -8.89237615e+00 -7.53786972e-04 1.99375971e-04 -4.78470456e+00
578              -6.45637310e-02 4.90046123e-01 -1.36819338e+01 -6.38729178e-02 4.89875814e-01 -8.89400881e+00 -6.90813182e-04 1.70309039e-04 -4.78792498e+00
579              -7.33615841e-02 4.88318947e-01 -1.36870133e+01 -7.27497422e-02 4.88182706e-01 -8.89590059e+00 -6.11841878e-04 1.36241012e-04 -4.79111270e+00
580              -8.04225069e-02 4.86572163e-01 -1.36921813e+01 -7.99036670e-02 4.86470870e-01 -8.89793394e+00 -5.18839980e-04 1.01293470e-04 -4.79424741e+00
581              -8.51945165e-02 4.84951454e-01 -1.36974120e+01 -8.47793306e-02 4.84883548e-01 -8.90009680e+00 -4.15185882e-04 6.79051243e-05 -4.79731517e+00
582              -8.75694830e-02 4.84329027e-01 -1.37028122e+01 -8.72623889e-02 4.84291411e-01 -8.90250591e+00 -3.07094130e-04 3.76160332e-05 -4.80030627e+00
583              -8.78950287e-02 4.84485299e-01 -1.37083219e+01 -8.76939727e-02 4.84472200e-01 -8.90510321e+00 -2.01055933e-04 1.30994030e-05 -4.80321866e+00
584              -8.65463356e-02 4.84428759e-01 -1.37139823e+01 -8.64455589e-02 4.84429984e-01 -8.90792877e+00 -1.00776716e-04 -1.22550169e-06 -4.80605353e+00
585              -8.30744339e-02 4.84041429e-01 -1.37196972e+01 -8.30659655e-02 4.84045750e-01 -8.91087130e+00 -8.46842026e-06 -4.32054797e-06 -4.80882592e+00
586              -7.69233288e-02 4.84447118e-01 -1.37255956e+01 -7.69963490e-02 4.84445795e-01 -8.91403988e+00 7.30201985e-05 1.32306547e-06 -4.81155575e+00
587              -6.86073266e-02 4.85154334e-01 -1.37312305e+01 -6.87475796e-02 4.85140564e-01 -8.91697341e+00 1.40252964e-04 1.37699586e-05 -4.81425710e+00
588              -5.89120496e-02 4.85621468e-01 -1.37367140e+01 -5.91037776e-02 4.85590031e-01 -8.91976867e+00 1.91727968e-04 3.14368208e-05 -4.81694538e+00
589              -4.83025319e-02 4.85876577e-01 -1.37422579e+01 -4.85297919e-02 4.85826072e-01 -8.92261193e+00 2.27260078e-04 5.05047857e-05 -4.81964593e+00
590              -3.75408371e-02 4.86235444e-01 -1.37477734e+01 -3.77837919e-02 4.86171212e-01 -8.92539522e+00 2.42954748e-04 6.42314578e-05 -4.82237815e+00
591              -2.69102891e-02 4.86685782e-01 -1.37532339e+01 -2.71458806e-02 4.86614977e-01 -8.92808569e+00 2.35591450e-04 7.08051134e-05 -4.82514822e+00
592              -1.61157033e-02 4.87509911e-01 -1.37584066e+01 -1.63258149e-02 4.87438263e-01 -8.93046551e+00 2.10111552e-04 7.16482985e-05 -4.82794107e+00
593              -5.31403320e-03 4.88386924e-01 -1.37631545e+01 -5.48261916e-03 4.88318771e-01 -8.93241215e+00 1.68585958e-04 6.81528699e-05 -4.83074230e+00
594              4.98090909e-03 4.89499559e-01 -1.37677232e+01 4.86479440e-03 4.89441864e-01 -8.93418650e+00 1.16114694e-04 5.76943765e-05 -4.83353675e+00
595              1.44883851e-02 4.90804492e-01 -1.37723620e+01 1.44376819e-02 4.90763784e-01 -8.93605603e+00 5.07032204e-05 4.07085080e-05 -4.83630593e+00
596              2.20258569e-02 4.91855369e-01 -1.37769545e+01 2.20535336e-02 4.91835091e-01 -8.93792845e+00 -2.76766234e-05 2.02777164e-05 -4.83902610e+00
597              2.71604463e-02 4.92321411e-01 -1.37814911e+01 2.72765849e-02 4.92321943e-01 -8.93981266e+00 -1.16138599e-04 -5.32565072e-07 -4.84167842e+00
598              3.00832013e-02 4.93211209e-01 -1.37862807e+01 3.02931400e-02 4.93229784e-01 -8.94202502e+00 -2.09938716e-04 -1.85754748e-05 -4.84425570e+00
599              3.09035463e-02 4.94681507e-01 -1.37915185e+01 3.12060502e-02 4.94712842e-01 -8.94476302e+00 -3.02503871e-04 -3.13352720e-05 -4.84675548e+00
600              2.97713282e-02 4.95831049e-01 -1.37967985e+01 3.01608756e-02 4.95868101e-01 -8.94761516e+00 -3.89547446e-04 -3.70525402e-05 -4.84918335e+00
601              2.64450983e-02 4.96820962e-01 -1.38018329e+01 2.69150295e-02 4.96854747e-01 -8.95027849e+00 -4.69931134e-04 -3.37853385e-05 -4.85155438e+00
602              2.04603920e-02 4.98393057e-01 -1.38068305e+01 2.10031467e-02 4.98415959e-01 -8.95294175e+00 -5.42754762e-04 -2.29018534e-05 -4.85388873e+00
603              1.17353251e-02 4.99629426e-01 -1.38117431e+01 1.23406868e-02 4.99636443e-01 -8.95553758e+00 -6.05361705e-04 -7.01756474e-06 -4.85620548e+00
604              1.18793045e-03 5.00175443e-01 -1.38167879e+01 1.84133949e-03 5.00165632e-01 -8.95826377e+00 -6.53409038e-04 9.81098294e-06 -4.85852417e+00
605              -1.01461130e-02 5.00517977e-01 -1.38220216e+01 -9.45904232e-03 5.00492295e-01 -8.96115737e+00 -6.87070724e-04 2.56821501e-05 -4.86086428e+00
606              -2.11818515e-02 5.00162699e-01 -1.38273289e+01 -2.04794419e-02 5.00124839e-01 -8.96408378e+00 -7.02409605e-04 3.78601601e-05 -4.86324511e+00
607              -3.26808254e-02 4.99947027e-01 -1.38325201e+01 -3.19824090e-02 4.99902994e-01 -8.96684775e+00 -6.98416378e-04 4.40334195e-05 -4.86567239e+00
608              -4.45098978e-02 4.99637680e-01 -1.38373175e+01 -4.38318202e-02 4.99594301e-01 -8.96918465e+00 -6.78077564e-04 4.33785471e-05 -4.86813283e+00
609              -5.61029441e-02 4.98742617e-01 -1.38415142e+01 -5.54603606e-02 4.98708115e-01 -8.97090521e+00 -6.42583449e-04 3.45017417e-05 -4.87060897e+00
610              -6.71110417e-02 4.97628617e-01 -1.38453909e+01 -6.65176335e-02 4.97612482e-01 -8.97231404e+00 -5.93408262e-04 1.61348341e-05 -4.87307682e+00
611              -7.71344070e-02 4.96847552e-01 -1.38493287e+01 -7.66035515e-02 4.96857451e-01 -8.97381265e+00 -5.30855561e-04 -9.89891343e-06 -4.87551600e+00
612              -8.59991766e-02 4.95694515e-01 -1.38532038e+01 -8.55432680e-02 4.95734251e-01 -8.97530268e+00 -4.55908620e-04 -3.97356249e-05 -4.87790112e+00
613              -9.25475847e-02 4.93501021e-01 -1.38570501e+01 -9.21760612e-02 4.93570729e-01 -8.97684035e+00 -3.71523477e-04 -6.97082484e-05 -4.88020974e+00
614              -9.62052748e-02 4.91374392e-01 -1.38610103e+01 -9.59231508e-02 4.91471862e-01 -8.97857473e+00 -2.82124083e-04 -9.74696570e-05 -4.88243560e+00
615              -9.74281064e-02 4.90359243e-01 -1.38654320e+01 -9.72341981e-02 4.90479048e-01 -8.98085323e+00 -1.93908263e-04 -1.19805456e-04 -4.88457877e+00
616              -9.68084753e-02 4.89599199e-01 -1.38700845e+01 -9.66962263e-02 4.89732086e-01 -8.98343589e+00 -1.12248988e-04 -1.32887355e-04 -4.88664859e+00
617              -9.39493942e-02 4.88805788e-01 -1.38745323e+01 -9.39117243e-02 4.88941044e-01 -8.98586920e+00 -3.76698626e-05 -1.35255380e-04 -4.88866314e+00
618              -8.84786297e-02 4.88757681e-01 -1.38788057e+01 -8.85087424e-02 4.88886191e-01 -8.98816073e+00 3.01127074e-05 -1.28510009e-04 -4.89064492e+00
619              -8.05658044e-02 4.88754625e-01 -1.38829390e+01 -8.06533422e-02 4.88870097e-01 -8.99032139e+00 8.75377887e-05 -1.15471282e-04 -4.89261760e+00
620              -7.07641863e-02 4.88546386e-01 -1.38873160e+01 -7.08955870e-02 4.88645775e-01 -8.99271496e+00 1.31400669e-04 -9.93892988e-05 -4.89460099e+00
621              -6.00684995e-02 4.87947583e-01 -1.38920908e+01 -6.02288198e-02 4.88030143e-01 -8.99547790e+00 1.60320309e-04 -8.25598077e-05 -4.89661293e+00
622              -4.91173880e-02 4.86932203e-01 -1.38971141e+01 -4.92883130e-02 4.86999226e-01 -8.99844239e+00 1.70925023e-04 -6.70232146e-05 -4.89867174e+00
623              -3.76217976e-02 4.86425307e-01 -1.39020865e+01 -3.77859421e-02 4.86481354e-01 -9.00130277e+00 1.64144428e-04 -5.60475235e-05 -4.90078368e+00
624              -2.55971537e-02 4.86887539e-01 -1.39065266e+01 -2.57400947e-02 4.86936408e-01 -9.00359129e+00 1.42941037e-04 -4.88692780e-05 -4.90293526e+00
625              -1.36052744e-02 4.87491609e-01 -1.39102564e+01 -1.37143366e-02 4.87540414e-01 -9.00515221e+00 1.09062216e-04 -4.88051949e-05 -4.90510417e+00
626              -1.60052538e-03 4.88289437e-01 -1.39137183e+01 -1.66390820e-03 4.88346615e-01 -9.00645437e+00 6.33828148e-05 -5.71783251e-05 -4.90726394e+00
627              9.19216118e-03 4.89325052e-01 -1.39174439e+01 9.18444457e-03 4.89397855e-01 -9.00804889e+00 7.71661440e-06 -7.28026092e-05 -4.90939505e+00
628              1.83398166e-02 4.90164152e-01 -1.39210744e+01 1.83990094e-02 4.90257236e-01 -9.00960365e+00 -5.91927681e-05 -9.30845494e-05 -4.91147078e+00
629              2.55104144e-02 4.90450918e-01 -1.39246011e+01 2.56435405e-02 4.90564106e-01 -9.01112911e+00 -1.33126185e-04 -1.13187970e-04 -4.91347198e+00
630              3.05610831e-02 4.91226759e-01 -1.39282192e+01 3.07726582e-02 4.91355771e-01 -9.01282985e+00 -2.11575057e-04 -1.29012607e-04 -4.91538935e+00
631              3.36142402e-02 4.93253918e-01 -1.39322055e+01 3.39024135e-02 4.93391218e-01 -9.01498092e+00 -2.88173278e-04 -1.37300314e-04 -4.91722454e+00
632              3.47002533e-02 4.95649730e-01 -1.39363065e+01 3.50576354e-02 4.95786172e-01 -9.01731910e+00 -3.57382097e-04 -1.36441775e-04 -4.91898741e+00
633              3.35951760e-02 4.97511470e-01 -1.39399872e+01 3.40150939e-02 4.97638715e-01 -9.01928677e+00 -4.19917895e-04 -1.27244547e-04 -4.92070046e+00
634              2.98433296e-02 4.99252981e-01 -1.39433092e+01 3.03200791e-02 4.99365563e-01 -9.02092399e+00 -4.76749547e-04 -1.12581783e-04 -4.92238523e+00
635              2.35198834e-02 5.00503224e-01 -1.39465652e+01 2.40442136e-02 5.00599263e-01 -9.02249772e+00 -5.24330179e-04 -9.60386976e-05 -4.92406743e+00
636              1.49285000e-02 5.01597756e-01 -1.39502377e+01 1.54896441e-02 5.01677426e-01 -9.02447095e+00 -5.61144075e-04 -7.96695164e-05 -4.92576673e+00
637              4.98561192e-03 5.02090962e-01 -1.39545713e+01 5.56956504e-03 5.02155352e-01 -9.02706481e+00 -5.83953122e-04 -6.43899625e-05 -4.92750647e+00
638              -4.83982369e-03 5.01998899e-01 -1.39593588e+01 -4.24819132e-03 5.02051214e-01 -9.03005867e+00 -5.91632370e-04 -5.23148228e-05 -4.92930013e+00
639              -1.51201573e-02 5.01934456e-01 -1.39641029e+01 -1.45361745e-02 5.01981198e-01 -9.03295296e+00 -5.83982780e-04 -4.67420442e-05 -4.93114999e+00
640              -2.65438059e-02 5.02444787e-01 -1.39681211e+01 -2.59801771e-02 5.02493569e-01 -9.03507139e+00 -5.63628858e-04 -4.87827170e-05 -4.93304974e+00
641              -3.89498815e-02 5.02941881e-01 -1.39712667e+01 -3.84192438e-02 5.02997953e-01 -9.03629206e+00 -5.30637696e-04 -5.60718676e-05 -4.93497466e+00
642              -5.17704778e-02 5.02977935e-01 -1.39740038e+01 -5.12828337e-02 5.03050033e-01 -9.03710738e+00 -4.87644084e-04 -7.20976196e-05 -4.93689639e+00
643              -6.38739719e-02 5.03043953e-01 -1.39770011e+01 -6.34376944e-02 5.03141077e-01 -9.03821037e+00 -4.36277491e-04 -9.71241110e-05 -4.93879072e+00
644              -7.47940098e-02 5.02831611e-01 -1.39802549e+01 -7.44195246e-02 5.02958214e-01 -9.03962196e+00 -3.74485226e-04 -1.26602962e-04 -4.94063298e+00
645              -8.40837146e-02 5.01329352e-01 -1.39833689e+01 -8.37764997e-02 5.01485609e-01 -9.04096680e+00 -3.07214815e-04 -1.56257252e-04 -4.94240208e+00
646              -9.12107770e-02 4.99023756e-01 -1.39864573e+01 -9.09728798e-02 4.99206204e-01 -9.04237061e+00 -2.37897226e-04 -1.82447836e-04 -4.94408669e+00
647              -9.54982163e-02 4.97128319e-01 -1.39896291e+01 -9.53267278e-02 4.97328405e-01 -9.04394438e+00 -1.71488501e-04 -2.00086352e-04 -4.94568467e+00
648              -9.83203477e-02 4.95808035e-01 -1.39929842e+01 -9.82067077e-02 4.96015874e-01 -9.04577895e+00 -1.13639960e-04 -2.07838747e-04 -4.94720527e+00
649              -9.92172306e-02 4.94782209e-01 -1.39960708e+01 -9.91550513e-02 4.94985803e-01 -9.04740080e+00 -6.21792858e-05 -2.03593679e-04 -4.94867003e+00
650              -9.81372250e-02 4.94003095e-01 -1.39987162e+01 -9.81202568e-02 4.94194176e-01 -9.04861154e+00 -1.69682087e-05 -1.91080293e-04 -4.95010468e+00
651              -9.44478470e-02 4.93335430e-01 -1.40013642e+01 -9.44682937e-02 4.93509189e-01 -9.04982884e+00 2.04467381e-05 -1.73759264e-04 -4.95153538e+00
652              -8.81525872e-02 4.92770765e-01 -1.40045157e+01 -8.82008804e-02 4.92925347e-01 -9.05153001e+00 4.82932185e-05 -1.54581647e-04 -4.95298565e+00
653              -7.97796916e-02 4.92172792e-01 -1.40084986e+01 -7.98429840e-02 4.92307493e-01 -9.05402033e+00 6.32924129e-05 -1.34700777e-04 -4.95447827e+00
654              -7.05110300e-02 4.90617389e-01 -1.40129388e+01 -7.05771833e-02 4.90734859e-01 -9.05691125e+00 6.61533246e-05 -1.17470814e-04 -4.95602758e+00
655              -6.05672871e-02 4.89339390e-01 -1.40173578e+01 -6.06215870e-02 4.89443671e-01 -9.05972130e+00 5.42999513e-05 -1.04280405e-04 -4.95763652e+00
656              -4.98334481e-02 4.89462530e-01 -1.40211964e+01 -4.98652823e-02 4.89558254e-01 -9.06189627e+00 3.18341941e-05 -9.57242574e-05 -4.95930011e+00
657              -3.84144110e-02 4.89813563e-01 -1.40242294e+01 -3.84151096e-02 4.89906339e-01 -9.06323165e+00 6.98592842e-07 -9.27767655e-05 -4.96099775e+00
658              -2.59311847e-02 4.89777653e-01 -1.40268238e+01 -2.58934235e-02 4.89875092e-01 -9.06412525e+00 -3.77612103e-05 -9.74392293e-05 -4.96269850e+00
659              -1.31866900e-02 4.90291538e-01 -1.40295048e+01 -1.31066216e-02 4.90402642e-01 -9.06512877e+00 -8.00683879e-05 -1.11104635e-04 -4.96437606e+00
660              -9.65657488e-04 4.91537113e-01 -1.40324818e+01 -8.34618220e-04 4.91668467e-01 -9.06647342e+00 -1.31039268e-04 -1.31353218e-04 -4.96600840e+00
661              9.80234940e-03 4.93056456e-01 -1.40352058e+01 9.99037685e-03 4.93209203e-01 -9.06763224e+00 -1.88027455e-04 -1.52746739e-04 -4.96757356e+00
662              1.85840828e-02 4.94069464e-01 -1.40379067e+01 1.88307684e-02 4.94238967e-01 -9.06884927e+00 -2.46685654e-04 -1.69502363e-04 -4.96905746e+00
663              2.59045941e-02 4.95932350e-01 -1.40406628e+01 2.62090854e-02 4.96111045e-01 -9.07020831e+00 -3.04491260e-04 -1.78695167e-04 -4.97045446e+00
664              3.15944204e-02 4.98129014e-01 -1.40436943e+01 3.19498104e-02 4.98308238e-01 -9.07192305e+00 -3.55389999e-04 -1.79224146e-04 -4.97177121e+00
665              3.53710948e-02 5.00180523e-01 -1.40465135e+01 3.57720033e-02 5.00351335e-01 -9.07348587e+00 -4.00908470e-04 -1.70812265e-04 -4.97302758e+00
666              3.65443645e-02 5.01338788e-01 -1.40488315e+01 3.69848863e-02 5.01494079e-01 -9.07458170e+00 -4.40521853e-04 -1.55290259e-04 -4.97424985e+00
667              3.51730057e-02 5.02428100e-01 -1.40509594e+01 3.56474317e-02 5.02567116e-01 -9.07549572e+00 -4.74426012e-04 -1.39015523e-04 -4.97546368e+00
668              3.16197211e-02 5.02992157e-01 -1.40534010e+01 3.21193992e-02 5.03115905e-01 -9.07670631e+00 -4.99678116e-04 -1.23748362e-04 -4.97669466e+00
669              2.59378186e-02 5.03543681e-01 -1.40565398e+01 2.64522823e-02 5.03654328e-01 -9.07857366e+00 -5.14463759e-04 -1.10647326e-04 -4.97796611e+00
670              1.87156984e-02 5.03232426e-01 -1.40602386e+01 1.92348698e-02 5.03334219e-01 -9.08094473e+00 -5.19171370e-04 -1.01793173e-04 -4.97929385e+00
671              1.05132948e-02 5.02834506e-01 -1.40642264e+01 1.10235089e-02 5.02932871e-01 -9.08354097e+00 -5.10214123e-04 -9.83648477e-05 -4.98068545e+00
672              6.05179415e-04 5.03302948e-01 -1.40679622e+01 1.09621684e-03 5.03404908e-01 -9.08582498e+00 -4.91037424e-04 -1.01960180e-04 -4.98213723e+00
673              -1.11738091e-02 5.04015082e-01 -1.40710138e+01 -1.07103563e-02 5.04129046e-01 -9.08737997e+00 -4.63452729e-04 -1.13963865e-04 -4.98363385e+00
674              -2.41857635e-02 5.03883902e-01 -1.40734297e+01 -2.37562755e-02 5.04016410e-01 -9.08828320e+00 -4.29487974e-04 -1.32508735e-04 -4.98514652e+00
675              -3.77345568e-02 5.03782100e-01 -1.40756475e+01 -3.73436551e-02 5.03939113e-01 -9.08899898e+00 -3.90901702e-04 -1.57012510e-04 -4.98664849e+00
676              -5.10119012e-02 5.04111776e-01 -1.40779935e+01 -5.06660875e-02 5.04299907e-01 -9.08987706e+00 -3.45813666e-04 -1.88131086e-04 -4.98811646e+00
677              -6.39991510e-02 5.04194409e-01 -1.40803420e+01 -6.37040164e-02 5.04414057e-01 -9.09081657e+00 -2.95134657e-04 -2.19648039e-04 -4.98952546e+00
678              -7.60466071e-02 5.03237410e-01 -1.40826644e+01 -7.58031721e-02 5.03484912e-01 -9.09180970e+00 -2.43434977e-04 -2.47501602e-04 -4.99085467e+00
679              -8.63667756e-02 5.02395837e-01 -1.40850643e+01 -8.61737500e-02 5.02662676e-01 -9.09297112e+00 -1.93025584e-04 -2.66838489e-04 -4.99209315e+00
680              -9.42413663e-02 5.01570006e-01 -1.40877261e+01 -9.40908818e-02 5.01844729e-01 -9.09447990e+00 -1.50484486e-04 -2.74723552e-04 -4.99324620e+00
681              -1.00259956e-01 5.00912831e-01 -1.40902672e+01 -1.00145417e-01 5.01182143e-01 -9.09593832e+00 -1.14539230e-04 -2.69311689e-04 -4.99432884e+00
682              -1.04184893e-01 5.00190545e-01 -1.40924699e+01 -1.04100346e-01 5.00442884e-01 -9.09710274e+00 -8.45470228e-05 -2.52338501e-04 -4.99536713e+00
683              -1.06390277e-01 4.99730721e-01 -1.40943649e+01 -1.06331106e-01 4.99961256e-01 -9.09797638e+00 -5.91705370e-05 -2.30534476e-04 -4.99638855e+00
684              -1.05489487e-01 4.99373912e-01 -1.40963338e+01 -1.05449915e-01 4.99582408e-01 -9.09891404e+00 -3.95722088e-05 -2.08496143e-04 -4.99741973e+00
685              -1.01811031e-01 4.99149062e-01 -1.40989234e+01 -1.01784236e-01 4.99337392e-01 -9.10043487e+00 -2.67945287e-05 -1.88329510e-04 -4.99848852e+00
686              -9.57275006e-02 4.97606936e-01 -1.41022173e+01 -9.57044991e-02 4.97778944e-01 -9.10260617e+00 -2.30014776e-05 -1.72008799e-04 -4.99961117e+00
687              -8.80231538e-02 4.95280201e-01 -1.41059632e+01 -8.79931757e-02 4.95440840e-01 -9.10516720e+00 -2.99781333e-05 -1.60638153e-04 -5.00079601e+00
688              -7.91533432e-02 4.94214136e-01 -1.41096197e+01 -7.91061197e-02 4.94368242e-01 -9.10757538e+00 -4.72235117e-05 -1.54105196e-04 -5.00204431e+00
689              -6.91351351e-02 4.94004170e-01 -1.41126481e+01 -6.90641044e-02 4.94157052e-01 -9.10930076e+00 -7.10306572e-05 -1.52882404e-04 -5.00334737e+00
690              -5.72492176e-02 4.93522749e-01 -1.41150774e+01 -5.71515008e-02 4.93680947e-01 -9.11039855e+00 -9.77168391e-05 -1.58197739e-04 -5.00467881e+00
691              -4.36339985e-02 4.93614026e-01 -1.41172248e+01 -4.35074517e-02 4.93783486e-01 -9.11121450e+00 -1.26546784e-04 -1.69459153e-04 -5.00601028e+00
692              -2.92026083e-02 4.94445471e-01 -1.41194604e+01 -2.90441791e-02 4.94632631e-01 -9.11214344e+00 -1.58429182e-04 -1.87159310e-04 -5.00731701e+00
693              -1.48237549e-02 4.95697044e-01 -1.41215877e+01 -1.46276292e-02 4.95905798e-01 -9.11301604e+00 -1.96125743e-04 -2.08754336e-04 -5.00857164e+00
694              -1.30858150e-03 4.97117798e-01 -1.41235951e+01 -1.07128023e-03 4.97345970e-01 -9.11384165e+00 -2.37301270e-04 -2.28171980e-04 -5.00975345e+00
695              1.06772002e-02 4.99063314e-01 -1.41256348e+01 1.09551722e-02 4.99303738e-01 -9.11478629e+00 -2.77971992e-04 -2.40424017e-04 -5.01084854e+00
696              2.13136411e-02 5.01188593e-01 -1.41278621e+01 2.16289144e-02 5.01431952e-01 -9.11600709e+00 -3.15273328e-04 -2.43359304e-04 -5.01185499e+00
697              3.04374941e-02 5.02950552e-01 -1.41302547e+01 3.07840901e-02 5.03186386e-01 -9.11747192e+00 -3.46595992e-04 -2.35833707e-04 -5.01278283e+00
698              3.78714268e-02 5.04495423e-01 -1.41322090e+01 3.82450111e-02 5.04714601e-01 -9.11855270e+00 -3.73584377e-04 -2.19177084e-04 -5.01365631e+00
699              4.25302579e-02 5.05352908e-01 -1.41338692e+01 4.29270716e-02 5.05550882e-01 -9.11936676e+00 -3.96813609e-04 -1.97973911e-04 -5.01450241e+00
700              4.42598136e-02 5.05908428e-01 -1.41353593e+01 4.46757347e-02 5.06086153e-01 -9.12001101e+00 -4.15921095e-04 -1.77725009e-04 -5.01534827e+00
701              4.34542704e-02 5.06547295e-01 -1.41372073e+01 4.38833242e-02 5.06708057e-01 -9.12098376e+00 -4.29053785e-04 -1.60762456e-04 -5.01622349e+00
702              4.02839134e-02 5.06589446e-01 -1.41396818e+01 4.07193892e-02 5.06738715e-01 -9.12253259e+00 -4.35475748e-04 -1.49269202e-04 -5.01714918e+00
703              3.52100975e-02 5.05315524e-01 -1.41426254e+01 3.56432493e-02 5.05459034e-01 -9.12448655e+00 -4.33151790e-04 -1.43509562e-04 -5.01813888e+00
704              2.83968748e-02 5.04339790e-01 -1.41459410e+01 2.88172339e-02 5.04484036e-01 -9.12674522e+00 -4.20359049e-04 -1.44246113e-04 -5.01919573e+00
705              1.90947040e-02 5.04179670e-01 -1.41489848e+01 1.94947907e-02 5.04332534e-01 -9.12867049e+00 -4.00086720e-04 -1.52863531e-04 -5.02031434e+00
706              7.04339866e-03 5.04048554e-01 -1.41515467e+01 7.41887423e-03 5.04219761e-01 -9.13006979e+00 -3.75475572e-04 -1.71206916e-04 -5.02147693e+00
707              -6.75103925e-03 5.04104036e-01 -1.41536366e+01 -6.40172302e-03 5.04299517e-01 -9.13097915e+00 -3.49316229e-04 -1.95480835e-04 -5.02265743e+00
708              -2.13077636e-02 5.04466692e-01 -1.41555872e+01 -2.09865413e-02 5.04690596e-01 -9.13175710e+00 -3.21222259e-04 -2.23904533e-04 -5.02383011e+00
709              -3.66227090e-02 5.04963197e-01 -1.41574630e+01 -3.63336470e-02 5.05219398e-01 -9.13249507e+00 -2.89061965e-04 -2.56200698e-04 -5.02496788e+00
710              -5.23194559e-02 5.05391054e-01 -1.41592236e+01 -5.20659757e-02 5.05676555e-01 -9.13317993e+00 -2.53480120e-04 -2.85501291e-04 -5.02604368e+00
711              -6.75513811e-02 5.05629997e-01 -1.41610179e+01 -6.73334808e-02 5.05937895e-01 -9.13398134e+00 -2.17900259e-04 -3.07897762e-04 -5.02703658e+00
712              -8.12250475e-02 5.05880160e-01 -1.41629422e+01 -8.10389679e-02 5.06199358e-01 -9.13500368e+00 -1.86079692e-04 -3.19197828e-04 -5.02793853e+00
713              -9.28435369e-02 5.05714191e-01 -1.41650940e+01 -9.26819406e-02 5.06031776e-01 -9.13634142e+00 -1.61596325e-04 -3.17584905e-04 -5.02875261e+00
714              -1.02501892e-01 5.05592710e-01 -1.41671370e+01 -1.02358447e-01 5.05893730e-01 -9.13763954e+00 -1.43444968e-04 -3.01019268e-04 -5.02949744e+00
715              -1.10164941e-01 5.05233232e-01 -1.41687762e+01 -1.10035612e-01 5.05509022e-01 -9.13857646e+00 -1.29329790e-04 -2.75789418e-04 -5.03019976e+00
716              -1.15856863e-01 5.04742219e-01 -1.41701917e+01 -1.15739101e-01 5.04990333e-01 -9.13930403e+00 -1.17762535e-04 -2.48113931e-04 -5.03088762e+00
717              -1.18052594e-01 5.04653872e-01 -1.41715032e+01 -1.17942657e-01 5.04876015e-01 -9.13991247e+00 -1.09936715e-04 -2.22143371e-04 -5.03159073e+00
718              -1.17036022e-01 5.04414531e-01 -1.41733259e+01 -1.16929004e-01 5.04615273e-01 -9.14099016e+00 -1.07017453e-04 -2.00742620e-04 -5.03233572e+00
719              -1.13431944e-01 5.02579574e-01 -1.41757810e+01 -1.13321215e-01 5.02765873e-01 -9.14264163e+00 -1.10729322e-04 -1.86299661e-04 -5.03313934e+00
720              -1.07827109e-01 5.00278303e-01 -1.41788012e+01 -1.07705232e-01 5.00456925e-01 -9.14479151e+00 -1.21877151e-04 -1.78622344e-04 -5.03400967e+00
721              -1.00401837e-01 4.99370903e-01 -1.41820135e+01 -1.00262071e-01 4.99547203e-01 -9.14706767e+00 -1.39765554e-04 -1.76300110e-04 -5.03494588e+00
722              -9.06797685e-02 4.98906782e-01 -1.41845630e+01 -9.05178327e-02 4.99087160e-01 -9.14862655e+00 -1.61935771e-04 -1.80378116e-04 -5.03593647e+00
723              -7.83654387e-02 4.98200564e-01 -1.41866713e+01 -7.81826593e-02 4.98391189e-01 -9.14970895e+00 -1.82779409e-04 -1.90624782e-04 -5.03696238e+00
724              -6.39346956e-02 4.98300822e-01 -1.41884216e+01 -6.37321249e-02 4.98506115e-01 -9.15042853e+00 -2.02570731e-04 -2.05292246e-04 -5.03799308e+00
725              -4.82552356e-02 4.99070600e-01 -1.41901628e+01 -4.80326196e-02 4.99295826e-01 -9.15115873e+00 -2.22616041e-04 -2.25225640e-04 -5.03900407e+00
726              -3.19544277e-02 5.00047077e-01 -1.41918150e+01 -3.17081006e-02 5.00294215e-01 -9.15184631e+00 -2.46327055e-04 -2.47137303e-04 -5.03996870e+00
727              -1.56089437e-02 5.01519549e-01 -1.41932936e+01 -1.53365586e-02 5.01784679e-01 -9.15243298e+00 -2.72385097e-04 -2.65129428e-04 -5.04086060e+00
728              -2.78029616e-04 5.03481302e-01 -1.41948222e+01 1.95790152e-05 5.03755224e-01 -9.15315630e+00 -2.97608631e-04 -2.73921706e-04 -5.04166591e+00
729              1.38044081e-02 5.05617092e-01 -1.41964971e+01 1.41228433e-02 5.05889800e-01 -9.15411368e+00 -3.18435239e-04 -2.72707677e-04 -5.04238341e+00
730              2.66969249e-02 5.07119583e-01 -1.41983927e+01 2.70306655e-02 5.07378388e-01 -9.15537446e+00 -3.33740679e-04 -2.58805684e-04 -5.04301823e+00
731              3.78463059e-02 5.08257668e-01 -1.41998316e+01 3.81915810e-02 5.08494889e-01 -9.15623629e+00 -3.45275072e-04 -2.37221101e-04 -5.04359533e+00
732              4.62800355e-02 5.09016402e-01 -1.42009896e+01 4.66346222e-02 5.09229097e-01 -9.15684765e+00 -3.54586717e-04 -2.12694284e-04 -5.04414192e+00
733              5.18407341e-02 5.09572248e-01 -1.42020423e+01 5.22030729e-02 5.09761748e-01 -9.15735561e+00 -3.62338776e-04 -1.89499949e-04 -5.04468668e+00
734              5.45322598e-02 5.10159228e-01 -1.42032071e+01 5.48962848e-02 5.10330142e-01 -9.15794474e+00 -3.64024995e-04 -1.70913940e-04 -5.04526234e+00
735              5.43972250e-02 5.09948308e-01 -1.42048882e+01 5.47582219e-02 5.10107559e-01 -9.15900053e+00 -3.60996894e-04 -1.59251501e-04 -5.04588767e+00
736              5.16128374e-02 5.08265460e-01 -1.42070995e+01 5.19641446e-02 5.08420727e-01 -9.16051870e+00 -3.51307224e-04 -1.55266236e-04 -5.04658075e+00
737              4.63812980e-02 5.06547898e-01 -1.42098050e+01 4.67160665e-02 5.06706127e-01 -9.16246266e+00 -3.34768439e-04 -1.58229271e-04 -5.04734237e+00
738              3.85229928e-02 5.05812205e-01 -1.42125868e+01 3.88367660e-02 5.05980991e-01 -9.16441855e+00 -3.13773155e-04 -1.68786202e-04 -5.04816827e+00
739              2.72746159e-02 5.05110908e-01 -1.42148664e+01 2.75648790e-02 5.05298627e-01 -9.16582155e+00 -2.90263116e-04 -1.87719262e-04 -5.04904483e+00
740              1.37973065e-02 5.04701081e-01 -1.42167605e+01 1.40666515e-02 5.04914494e-01 -9.16681133e+00 -2.69345007e-04 -2.13412452e-04 -5.04994919e+00
741              -1.59339031e-03 5.04694728e-01 -1.42183186e+01 -1.34411414e-03 5.04938431e-01 -9.16746503e+00 -2.49276168e-04 -2.43703922e-04 -5.05085360e+00
742              -1.84898540e-02 5.05022520e-01 -1.42197491e+01 -1.82614474e-02 5.05299139e-01 -9.16801659e+00 -2.28406605e-04 -2.76618316e-04 -5.05173249e+00
743              -3.60729688e-02 5.06027300e-01 -1.42211066e+01 -3.58677744e-02 5.06332909e-01 -9.16854906e+00 -2.05194382e-04 -3.05609394e-04 -5.05255758e+00
744              -5.39079591e-02 5.07219797e-01 -1.42224285e+01 -5.37252089e-02 5.07544894e-01 -9.16912439e+00 -1.82750176e-04 -3.25097083e-04 -5.05330415e+00
745              -7.07288903e-02 5.08506936e-01 -1.42237708e+01 -7.05643240e-02 5.08838948e-01 -9.16981042e+00 -1.64566364e-04 -3.32012659e-04 -5.05396039e+00
746              -8.62510350e-02 5.09616347e-01 -1.42253829e+01 -8.60979103e-02 5.09940290e-01 -9.17085588e+00 -1.53124639e-04 -3.23942791e-04 -5.05452700e+00
747              -9.98207833e-02 5.10441931e-01 -1.42269857e+01 -9.96727036e-02 5.10743334e-01 -9.17196930e+00 -1.48079772e-04 -3.01403423e-04 -5.05501641e+00
748              -1.11402539e-01 5.10749040e-01 -1.42281964e+01 -1.11256059e-01 5.11019257e-01 -9.17273848e+00 -1.46479964e-04 -2.70217299e-04 -5.05545790e+00
749              -1.20997853e-01 5.10600012e-01 -1.42292421e+01 -1.20849851e-01 5.10837352e-01 -9.17336456e+00 -1.48001666e-04 -2.37339853e-04 -5.05587758e+00
750              -1.27186303e-01 5.10508001e-01 -1.42301208e+01 -1.27034437e-01 5.10715007e-01 -9.17381474e+00 -1.51866020e-04 -2.07006252e-04 -5.05630604e+00
751              -1.29792699e-01 5.10519864e-01 -1.42312188e+01 -1.29632249e-01 5.10702264e-01 -9.17444409e+00 -1.60450182e-04 -1.82399861e-04 -5.05677470e+00
752              -1.29205897e-01 5.09355834e-01 -1.42327816e+01 -1.29033641e-01 5.09522019e-01 -9.17548215e+00 -1.72256562e-04 -1.66185100e-04 -5.05729947e+00
753              -1.26366793e-01 5.07480022e-01 -1.42349414e+01 -1.26178393e-01 5.07638885e-01 -9.17704790e+00 -1.88399940e-04 -1.58863548e-04 -5.05789350e+00
754              -1.21502021e-01 5.06693213e-01 -1.42376973e+01 -1.21293092e-01 5.06852029e-01 -9.17914299e+00 -2.08929479e-04 -1.58816404e-04 -5.05855433e+00
755              -1.13505899e-01 5.06455718e-01 -1.42401690e+01 -1.13274317e-01 5.06620641e-01 -9.18089417e+00 -2.31581257e-04 -1.64923226e-04 -5.05927487e+00
756              -1.02112971e-01 5.05824176e-01 -1.42420228e+01 -1.01860211e-01 5.06001274e-01 -9.18198144e+00 -2.52759961e-04 -1.77098098e-04 -5.06004136e+00
757              -8.78224708e-02 5.05710575e-01 -1.42433875e+01 -8.75541709e-02 5.05904424e-01 -9.18256022e+00 -2.68299974e-04 -1.93848704e-04 -5.06082725e+00
758              -7.16610094e-02 5.06352263e-01 -1.42445257e+01 -7.13791069e-02 5.06565997e-01 -9.18291959e+00 -2.81902487e-04 -2.13733792e-04 -5.06160611e+00
759              -5.44502190e-02 5.07244187e-01 -1.42457569e+01 -5.41544724e-02 5.07480496e-01 -9.18340549e+00 -2.95746557e-04 -2.36309029e-04 -5.06235137e+00
760              -3.63747379e-02 5.08872956e-01 -1.42469680e+01 -3.60639266e-02 5.09128123e-01 -9.18393158e+00 -3.10811276e-04 -2.55167155e-04 -5.06303645e+00
761              -1.82194366e-02 5.10713859e-01 -1.42480778e+01 -1.78953417e-02 5.10979299e-01 -9.18443931e+00 -3.24094883e-04 -2.65439130e-04 -5.06363852e+00
762              -8.05352446e-04 5.12215527e-01 -1.42491417e+01 -4.72971303e-04 5.12480481e-01 -9.18498946e+00 -3.32381143e-04 -2.64953862e-04 -5.06415220e+00
763              1.55948067e-02 5.13439166e-01 -1.42503318e+01 1.59306385e-02 5.13691362e-01 -9.18575186e+00 -3.35831771e-04 -2.52196032e-04 -5.06457992e+00
764              3.05473283e-02 5.14356711e-01 -1.42513930e+01 3.08814919e-02 5.14586229e-01 -9.18645525e+00 -3.34163644e-04 -2.29517250e-04 -5.06493774e+00
765              4.31065194e-02 5.14894901e-01 -1.42521566e+01 4.34377503e-02 5.15097630e-01 -9.18690009e+00 -3.31230903e-04 -2.02729084e-04 -5.06525652e+00
766              5.27468117e-02 5.14667638e-01 -1.42528641e+01 5.30728430e-02 5.14845203e-01 -9.18730157e+00 -3.26031284e-04 -1.77565828e-04 -5.06556255e+00
767              5.91964550e-02 5.14690054e-01 -1.42534305e+01 5.95142601e-02 5.14847307e-01 -9.18754124e+00 -3.17805148e-04 -1.57252276e-04 -5.06588924e+00
768              6.27421158e-02 5.14609988e-01 -1.42542318e+01 6.30472323e-02 5.14753835e-01 -9.18796941e+00 -3.05116582e-04 -1.43847418e-04 -5.06626242e+00
769              6.33921922e-02 5.13087480e-01 -1.42554806e+01 6.36810580e-02 5.13226566e-01 -9.18878267e+00 -2.88865709e-04 -1.39085957e-04 -5.06669797e+00
770              6.09617340e-02 5.10462811e-01 -1.42574690e+01 6.12317171e-02 5.10606962e-01 -9.19026508e+00 -2.69983081e-04 -1.44151388e-04 -5.06720396e+00
771              5.52829679e-02 5.09263743e-01 -1.42600686e+01 5.55307651e-02 5.09419730e-01 -9.19229123e+00 -2.47797221e-04 -1.55986950e-04 -5.06777739e+00
772              4.61656722e-02 5.08207608e-01 -1.42623217e+01 4.63907447e-02 5.08381519e-01 -9.19391190e+00 -2.25072574e-04 -1.73910750e-04 -5.06840976e+00
773              3.39275198e-02 5.06728374e-01 -1.42639044e+01 3.41324934e-02 5.06927356e-01 -9.19481885e+00 -2.04973598e-04 -1.98981664e-04 -5.06908557e+00
774              1.93187787e-02 5.05505952e-01 -1.42649192e+01 1.95093977e-02 5.05735752e-01 -9.19514149e+00 -1.90619016e-04 -2.29799603e-04 -5.06977771e+00
775              2.48171504e-03 5.05157151e-01 -1.42657925e+01 2.66071698e-03 5.05420450e-01 -9.19533286e+00 -1.79001950e-04 -2.63299530e-04 -5.07045966e+00
776              -1.59445997e-02 5.05450009e-01 -1.42668768e+01 -1.57771218e-02 5.05744020e-01 -9.19577006e+00 -1.67477957e-04 -2.94011356e-04 -5.07110674e+00
777              -3.53872823e-02 5.06939667e-01 -1.42679331e+01 -3.52312356e-02 5.07255114e-01 -9.19624416e+00 -1.56046604e-04 -3.15447610e-04 -5.07168894e+00
778              -5.44625318e-02 5.09282339e-01 -1.42688953e+01 -5.43146923e-02 5.09605608e-01 -9.19671032e+00 -1.47839465e-04 -3.23269549e-04 -5.07218501e+00
779              -7.30137413e-02 5.11486880e-01 -1.42698170e+01 -7.28691292e-02 5.11802630e-01 -9.19722606e+00 -1.44612100e-04 -3.15749569e-04 -5.07259098e+00
780              -9.03349080e-02 5.13329227e-01 -1.42708348e+01 -9.01871581e-02 5.13622263e-01 -9.19792309e+00 -1.47749848e-04 -2.93035996e-04 -5.07291173e+00
781              -1.05739228e-01 5.14760960e-01 -1.42716831e+01 -1.05583302e-01 5.15020962e-01 -9.19851469e+00 -1.55925964e-04 -2.60001997e-04 -5.07316836e+00
782              -1.19248264e-01 5.16072891e-01 -1.42723062e+01 -1.19082524e-01 5.16296571e-01 -9.19891492e+00 -1.65739960e-04 -2.23680700e-04 -5.07339129e+00
783              -1.29707787e-01 5.16163761e-01 -1.42729029e+01 -1.29528573e-01 5.16353099e-01 -9.19929607e+00 -1.79213954e-04 -1.89337511e-04 -5.07360687e+00
784              -1.36559760e-01 5.16271122e-01 -1.42733264e+01 -1.36363863e-01 5.16431184e-01 -9.19947552e+00 -1.95896538e-04 -1.60062047e-04 -5.07385092e+00
785              -1.39896437e-01 5.16224186e-01 -1.42740187e+01 -1.39680926e-01 5.16363371e-01 -9.19987489e+00 -2.15511101e-04 -1.39184917e-04 -5.07414380e+00
786              -1.40560656e-01 5.15303370e-01 -1.42752637e+01 -1.40323944e-01 5.15432172e-01 -9.20076306e+00 -2.36712632e-04 -1.28801365e-04 -5.07450069e+00
787              -1.38993496e-01 5.13873618e-01 -1.42773291e+01 -1.38733932e-01 5.14001034e-01 -9.20240302e+00 -2.59563998e-04 -1.27416240e-04 -5.07492613e+00
788              -1.34096710e-01 5.14385014e-01 -1.42797976e+01 -1.33812349e-01 5.14518176e-01 -9.20438046e+00 -2.84360913e-04 -1.33162230e-04 -5.07541711e+00
789              -1.24904980e-01 5.14986220e-01 -1.42816468e+01 -1.24597972e-01 5.15131703e-01 -9.20568309e+00 -3.07008505e-04 -1.45482182e-04 -5.07596369e+00
790              -1.12471697e-01 5.15358919e-01 -1.42826984e+01 -1.12148810e-01 5.15521424e-01 -9.20614856e+00 -3.22886679e-04 -1.62505307e-04 -5.07654984e+00
791              -9.74129428e-02 5.15924544e-01 -1.42832746e+01 -9.70798079e-02 5.16107335e-01 -9.20612658e+00 -3.33134919e-04 -1.82790963e-04 -5.07714805e+00
792              -8.06101549e-02 5.16919271e-01 -1.42840004e+01 -8.02700728e-02 5.17123820e-01 -9.20626840e+00 -3.40082134e-04 -2.04549128e-04 -5.07773198e+00
793              -6.23340190e-02 5.18054547e-01 -1.42850387e+01 -6.19868100e-02 5.18280360e-01 -9.20676197e+00 -3.47208945e-04 -2.25812536e-04 -5.07827674e+00
794              -4.22282114e-02 5.19388115e-01 -1.42859271e+01 -4.18763858e-02 5.19628328e-01 -9.20717343e+00 -3.51825603e-04 -2.40212096e-04 -5.07875366e+00
795              -2.19436468e-02 5.20983352e-01 -1.42864874e+01 -2.15931847e-02 5.21228759e-01 -9.20734357e+00 -3.50462117e-04 -2.45407474e-04 -5.07914388e+00
796              -2.69671342e-03 5.22487714e-01 -1.42870397e+01 -2.35342378e-03 5.22725489e-01 -9.20759269e+00 -3.43289638e-04 -2.37775164e-04 -5.07944703e+00
797              1.54332602e-02 5.23149937e-01 -1.42876597e+01 1.57647433e-02 5.23368792e-01 -9.20799012e+00 -3.31483159e-04 -2.18855007e-04 -5.07966957e+00
798              3.17220228e-02 5.23184150e-01 -1.42881038e+01 3.20374275e-02 5.23376354e-01 -9.20826880e+00 -3.15404626e-04 -1.92203389e-04 -5.07983505e+00
799              4.59862794e-02 5.22946647e-01 -1.42884103e+01 4.62841424e-02 5.23109961e-01 -9.20843793e+00 -2.97862996e-04 -1.63314670e-04 -5.07997233e+00
800              5.72364276e-02 5.21941103e-01 -1.42885507e+01 5.75145683e-02 5.22080425e-01 -9.20844128e+00 -2.78140683e-04 -1.39321598e-04 -5.08010937e+00
801              6.47792828e-02 5.21094506e-01 -1.42885174e+01 6.50358620e-02 5.21215799e-01 -9.20823776e+00 -2.56579195e-04 -1.21292848e-04 -5.08027966e+00
802              6.94673595e-02 5.20211883e-01 -1.42888134e+01 6.97005103e-02 5.20323847e-01 -9.20831088e+00 -2.33150803e-04 -1.11963249e-04 -5.08050249e+00
803              7.07271277e-02 5.17878746e-01 -1.42898244e+01 7.09359397e-02 5.17992156e-01 -9.20903398e+00 -2.08812021e-04 -1.13409711e-04 -5.08079038e+00
804              6.84923581e-02 5.14745324e-01 -1.42918785e+01 6.86778467e-02 5.14871415e-01 -9.21073011e+00 -1.85488632e-04 -1.26091707e-04 -5.08114835e+00
805              6.26830419e-02 5.12904441e-01 -1.42942900e+01 6.28459769e-02 5.13049269e-01 -9.21271911e+00 -1.62934960e-04 -1.44828369e-04 -5.08157089e+00
806              5.36451530e-02 5.11040474e-01 -1.42958997e+01 5.37883422e-02 5.11208363e-01 -9.21385082e+00 -1.43189231e-04 -1.67888230e-04 -5.08204891e+00
807              4.10913749e-02 5.08788528e-01 -1.42965533e+01 4.12198766e-02 5.08985989e-01 -9.21398666e+00 -1.28501624e-04 -1.97460509e-04 -5.08256666e+00
808              2.54386880e-02 5.06556994e-01 -1.42968748e+01 2.55598235e-02 5.06788720e-01 -9.21377792e+00 -1.21135468e-04 -2.31725963e-04 -5.08309683e+00
809              7.28436003e-03 5.05478644e-01 -1.42975382e+01 7.40400834e-03 5.05743855e-01 -9.21392492e+00 -1.19648313e-04 -2.65211954e-04 -5.08361330e+00
810              -1.22876881e-02 5.05788841e-01 -1.42985439e+01 -1.21686635e-02 5.06079950e-01 -9.21445293e+00 -1.19024641e-04 -2.91109375e-04 -5.08409100e+00
811              -3.24642568e-02 5.07431495e-01 -1.42993476e+01 -3.23445115e-02 5.07736608e-01 -9.21484863e+00 -1.19745357e-04 -3.05112793e-04 -5.08449896e+00
812              -5.26021257e-02 5.10182735e-01 -1.42998485e+01 -5.24782492e-02 5.10485756e-01 -9.21502897e+00 -1.23876566e-04 -3.03021531e-04 -5.08481952e+00
813              -7.24978835e-02 5.13837819e-01 -1.43002423e+01 -7.23656743e-02 5.14124019e-01 -9.21519049e+00 -1.32209251e-04 -2.86199945e-04 -5.08505183e+00
814              -9.18554577e-02 5.17165490e-01 -1.43006892e+01 -9.17088262e-02 5.17420999e-01 -9.21548382e+00 -1.46631465e-04 -2.55509446e-04 -5.08520540e+00
815              -1.09737486e-01 5.19191527e-01 -1.43009983e+01 -1.09573173e-01 5.19408627e-01 -9.21569422e+00 -1.64313334e-04 -2.17100186e-04 -5.08530403e+00
816              -1.24574401e-01 5.20963973e-01 -1.43012846e+01 -1.24390217e-01 5.21143342e-01 -9.21590749e+00 -1.84184189e-04 -1.79368701e-04 -5.08537710e+00
817              -1.35750994e-01 5.21645398e-01 -1.43014246e+01 -1.35543223e-01 5.21789849e-01 -9.21597136e+00 -2.07771444e-04 -1.44451165e-04 -5.08545327e+00
818              -1.44219679e-01 5.22145903e-01 -1.43013906e+01 -1.43985434e-01 5.22262959e-01 -9.21582710e+00 -2.34245483e-04 -1.17056074e-04 -5.08556348e+00
819              -1.49430048e-01 5.22738053e-01 -1.43016359e+01 -1.49166518e-01 5.22836932e-01 -9.21590896e+00 -2.63530042e-04 -9.88788726e-05 -5.08572690e+00
820              -1.51681325e-01 5.22619010e-01 -1.43026305e+01 -1.51389111e-01 5.22710283e-01 -9.21667799e+00 -2.92213970e-04 -9.12729073e-05 -5.08595249e+00
821              -1.51124203e-01 5.22253457e-01 -1.43045926e+01 -1.50803540e-01 5.22345941e-01 -9.21834771e+00 -3.20662865e-04 -9.24846098e-05 -5.08624485e+00
822              -1.46566641e-01 5.23490706e-01 -1.43068178e+01 -1.46217927e-01 5.23592028e-01 -9.22021756e+00 -3.48714003e-04 -1.01322603e-04 -5.08660028e+00
823              -1.36810113e-01 5.25159680e-01 -1.43081146e+01 -1.36439969e-01 5.25276344e-01 -9.22110576e+00 -3.70143757e-04 -1.16664184e-04 -5.08700881e+00
824              -1.24534384e-01 5.27047149e-01 -1.43083531e+01 -1.24151099e-01 5.27182230e-01 -9.22089814e+00 -3.83285805e-04 -1.35080547e-04 -5.08745492e+00
825              -1.10051554e-01 5.28582972e-01 -1.43085186e+01 -1.09660929e-01 5.28738655e-01 -9.22060531e+00 -3.90624351e-04 -1.55683198e-04 -5.08791330e+00
826              -9.33195052e-02 5.29953770e-01 -1.43091582e+01 -9.29258284e-02 5.30130571e-01 -9.22080150e+00 -3.93676803e-04 -1.76800406e-04 -5.08835674e+00
827              -7.39488207e-02 5.31159891e-01 -1.43100433e+01 -7.35545460e-02 5.31356001e-01 -9.22128360e+00 -3.94274669e-04 -1.96109444e-04 -5.08875972e+00
828              -5.17902642e-02 5.32232522e-01 -1.43105738e+01 -5.14018313e-02 5.32441044e-01 -9.22148030e+00 -3.88432857e-04 -2.08522144e-04 -5.08909350e+00
829              -2.98598542e-02 5.33629451e-01 -1.43106981e+01 -2.94860035e-02 5.33841531e-01 -9.22135704e+00 -3.73850669e-04 -2.12079854e-04 -5.08934109e+00
830              -8.80999482e-03 5.34953929e-01 -1.43107527e+01 -8.45673586e-03 5.35155698e-01 -9.22124874e+00 -3.53258963e-04 -2.01769613e-04 -5.08950398e+00
831              1.09009722e-02 5.35021980e-01 -1.43108562e+01 1.12286777e-02 5.35201971e-01 -9.22126296e+00 -3.27705496e-04 -1.79990739e-04 -5.08959321e+00
832              2.84476632e-02 5.34170478e-01 -1.43108090e+01 2.87459061e-02 5.34322507e-01 -9.22117736e+00 -2.98242895e-04 -1.52028885e-04 -5.08963164e+00
833              4.47019505e-02 5.32885511e-01 -1.43106823e+01 4.49687179e-02 5.33007795e-01 -9.22103530e+00 -2.66767415e-04 -1.22283496e-04 -5.08964700e+00
834              5.80589914e-02 5.31083880e-01 -1.43103454e+01 5.82932167e-02 5.31182490e-01 -9.22067638e+00 -2.34225296e-04 -9.86099222e-05 -5.08966903e+00
835              6.71363095e-02 5.29252979e-01 -1.43098394e+01 6.73383871e-02 5.29335448e-01 -9.22011402e+00 -2.02077609e-04 -8.24694400e-05 -5.08972537e+00
836              7.30397052e-02 5.27684661e-01 -1.43096987e+01 7.32098143e-02 5.27760902e-01 -9.21986277e+00 -1.70109104e-04 -7.62409573e-05 -5.08983590e+00
837              7.54551448e-02 5.24641123e-01 -1.43104691e+01 7.55951853e-02 5.24722837e-01 -9.22046034e+00 -1.40040456e-04 -8.17147418e-05 -5.09000879e+00
838              7.38468705e-02 5.20416206e-01 -1.43124158e+01 7.39614635e-02 5.20516850e-01 -9.22216740e+00 -1.14592952e-04 -1.00644273e-04 -5.09024837e+00
839              6.86952741e-02 5.17230968e-01 -1.43146240e+01 6.87885090e-02 5.17356714e-01 -9.22407298e+00 -9.32349035e-05 -1.25746313e-04 -5.09055102e+00
840              6.10075012e-02 5.14362905e-01 -1.43157350e+01 6.10836657e-02 5.14516143e-01 -9.22482761e+00 -7.61645000e-05 -1.53238435e-04 -5.09090740e+00
841              4.88683044e-02 5.10790890e-01 -1.43157284e+01 4.89330333e-02 5.10977132e-01 -9.22442494e+00 -6.47288297e-05 -1.86241775e-04 -5.09130349e+00
842              3.27045855e-02 5.07578243e-01 -1.43157358e+01 3.27674540e-02 5.07800970e-01 -9.22402037e+00 -6.28685907e-05 -2.22727254e-04 -5.09171544e+00
843              1.35935165e-02 5.05637944e-01 -1.43163521e+01 1.36630962e-02 5.05893199e-01 -9.22423726e+00 -6.95797943e-05 -2.55255071e-04 -5.09211486e+00
844              -6.29074094e-03 5.05059808e-01 -1.43172503e+01 -6.21204854e-03 5.05337550e-01 -9.22477520e+00 -7.86923969e-05 -2.77741850e-04 -5.09247507e+00
845              -2.61937242e-02 5.06417354e-01 -1.43178733e+01 -2.61057145e-02 5.06703520e-01 -9.22510625e+00 -8.80096915e-05 -2.86166618e-04 -5.09276705e+00
846              -4.69123368e-02 5.09866283e-01 -1.43180296e+01 -4.68128057e-02 5.10144653e-01 -9.22505609e+00 -9.95310788e-05 -2.78370501e-04 -5.09297355e+00
847              -6.80244981e-02 5.15066749e-01 -1.43180087e+01 -6.79092528e-02 5.15323193e-01 -9.22491401e+00 -1.15245264e-04 -2.56444323e-04 -5.09309474e+00
848              -8.93844595e-02 5.19773728e-01 -1.43179715e+01 -8.92490140e-02 5.19996375e-01 -9.22482800e+00 -1.35445471e-04 -2.22647149e-04 -5.09314349e+00
849              -1.09542980e-01 5.22791938e-01 -1.43178613e+01 -1.09383671e-01 5.22974243e-01 -9.22471910e+00 -1.59309513e-04 -1.82304469e-04 -5.09314222e+00
850              -1.26078044e-01 5.25320455e-01 -1.43178410e+01 -1.25892062e-01 5.25464405e-01 -9.22472460e+00 -1.85981080e-04 -1.43949629e-04 -5.09311637e+00
851              -1.38657951e-01 5.26953269e-01 -1.43176584e+01 -1.38442075e-01 5.27062359e-01 -9.22456097e+00 -2.15876136e-04 -1.09089903e-04 -5.09309746e+00
852              -1.48712361e-01 5.28111043e-01 -1.43171948e+01 -1.48462195e-01 5.28192613e-01 -9.22408453e+00 -2.50165315e-04 -8.15691058e-05 -5.09311030e+00
853              -1.56382602e-01 5.29848164e-01 -1.43171024e+01 -1.56096236e-01 5.29911036e-01 -9.22392766e+00 -2.86365566e-04 -6.28715750e-05 -5.09317472e+00
854              -1.61123970e-01 5.30616655e-01 -1.43178938e+01 -1.60801425e-01 5.30670888e-01 -9.22459541e+00 -3.22544468e-04 -5.42333932e-05 -5.09329842e+00
855              -1.62420448e-01 5.31039814e-01 -1.43196629e+01 -1.62063402e-01 5.31094427e-01 -9.22617925e+00 -3.57045901e-04 -5.46131143e-05 -5.09348369e+00
856              -1.58962662e-01 5.33567826e-01 -1.43217040e+01 -1.58573732e-01 5.33630205e-01 -9.22797283e+00 -3.88929933e-04 -6.23783198e-05 -5.09373121e+00
857              -1.49838591e-01 5.37141403e-01 -1.43226457e+01 -1.49426458e-01 5.37218690e-01 -9.22861495e+00 -4.12132574e-04 -7.72878708e-05 -5.09403078e+00
858              -1.38494285e-01 5.40616287e-01 -1.43224539e+01 -1.38068871e-01 5.40710338e-01 -9.22808504e+00 -4.25414238e-04 -9.40510873e-05 -5.09436889e+00
859              -1.25505876e-01 5.43490539e-01 -1.43224112e+01 -1.25072846e-01 5.43602697e-01 -9.22768698e+00 -4.33029903e-04 -1.12157897e-04 -5.09472417e+00
860              -1.09787495e-01 5.45600473e-01 -1.43230308e+01 -1.09351537e-01 5.45733389e-01 -9.22796284e+00 -4.35957653e-04 -1.32915642e-04 -5.09506801e+00
861              -9.02349616e-02 5.46787995e-01 -1.43238002e+01 -8.98018721e-02 5.46939358e-01 -9.22842600e+00 -4.33089518e-04 -1.51362344e-04 -5.09537423e+00
862              -6.70442306e-02 5.47407218e-01 -1.43241764e+01 -6.66244913e-02 5.47571237e-01 -9.22856201e+00 -4.19739373e-04 -1.64019773e-04 -5.09561442e+00
863              -4.33868579e-02 5.48582481e-01 -1.43239496e+01 -4.29920098e-02 5.48750672e-01 -9.22817717e+00 -3.94848105e-04 -1.68191107e-04 -5.09577243e+00
864              -2.10423529e-02 5.49870063e-01 -1.43235377e+01 -2.06794118e-02 5.50029160e-01 -9.22768718e+00 -3.62941138e-04 -1.59096664e-04 -5.09585049e+00
865              -1.09930343e-04 5.49549681e-01 -1.43232235e+01 2.15902223e-04 5.49687030e-01 -9.22736272e+00 -3.25832566e-04 -1.37349174e-04 -5.09586083e+00
866              1.88703373e-02 5.47992770e-01 -1.43228599e+01 1.91552001e-02 5.48100602e-01 -9.22703592e+00 -2.84862890e-04 -1.07831278e-04 -5.09582397e+00
867              3.68136301e-02 5.45588796e-01 -1.43223540e+01 3.70555759e-02 5.45665368e-01 -9.22659110e+00 -2.41945798e-04 -7.65717860e-05 -5.09576294e+00
868              5.26117274e-02 5.42669616e-01 -1.43216429e+01 5.28106819e-02 5.42720832e-01 -9.22593453e+00 -1.98954553e-04 -5.12155273e-05 -5.09570833e+00
869              6.39610733e-02 5.39585561e-01 -1.43206911e+01 6.41196072e-02 5.39620042e-01 -9.22500736e+00 -1.58533883e-04 -3.44807992e-05 -5.09568374e+00
870              7.15902572e-02 5.37032670e-01 -1.43202048e+01 7.17105920e-02 5.37061774e-01 -9.22449592e+00 -1.20334837e-04 -2.91036217e-05 -5.09570892e+00
871              7.56514976e-02 5.33450266e-01 -1.43208166e+01 7.57377953e-02 5.33486169e-01 -9.22502368e+00 -8.62976128e-05 -3.59039075e-05 -5.09579287e+00
872              7.54434670e-02 5.28352063e-01 -1.43225395e+01 7.55025905e-02 5.28409926e-01 -9.22660277e+00 -5.91235587e-05 -5.78624997e-05 -5.09593676e+00
873              7.20214540e-02 5.23457668e-01 -1.43244875e+01 7.20604677e-02 5.23546089e-01 -9.22834487e+00 -3.90136803e-05 -8.84206099e-05 -5.09614263e+00
874              6.62048832e-02 5.18953457e-01 -1.43253592e+01 6.62292908e-02 5.19075196e-01 -9.22895721e+00 -2.44076375e-05 -1.21739590e-04 -5.09640196e+00
875              5.56317259e-02 5.13830271e-01 -1.43251112e+01 5.56471116e-02 5.13988152e-01 -9.22840848e+00 -1.53857168e-05 -1.57881240e-04 -5.09670274e+00
876              4.02927836e-02 5.09340779e-01 -1.43249747e+01 4.03089449e-02 5.09536644e-01 -9.22794841e+00 -1.61613049e-05 -1.95864360e-04 -5.09702626e+00
877              2.14020277e-02 5.05977525e-01 -1.43255552e+01 2.14300199e-02 5.06205037e-01 -9.22821201e+00 -2.79922303e-05 -2.27512245e-04 -5.09734319e+00
878              1.50609820e-03 5.03826712e-01 -1.43264402e+01 1.55017082e-03 5.04074557e-01 -9.22881482e+00 -4.40726215e-05 -2.47844941e-04 -5.09762542e+00
879              -1.79485481e-02 5.04269594e-01 -1.43270559e+01 -1.78893942e-02 5.04523072e-01 -9.22921058e+00 -5.91539357e-05 -2.53478493e-04 -5.09784533e+00
880              -3.77944822e-02 5.08288247e-01 -1.43270357e+01 -3.77191913e-02 5.08533296e-01 -9.22905084e+00 -7.52909145e-05 -2.45049177e-04 -5.09798487e+00
881              -5.91560240e-02 5.14560992e-01 -1.43266009e+01 -5.90615375e-02 5.14783889e-01 -9.22855529e+00 -9.44864598e-05 -2.22896517e-04 -5.09804565e+00
882              -8.21722222e-02 5.20690878e-01 -1.43261660e+01 -8.20560285e-02 5.20880234e-01 -9.22812820e+00 -1.16193670e-04 -1.89356755e-04 -5.09803780e+00
883              -1.04835154e-01 5.25113166e-01 -1.43258390e+01 -1.04692785e-01 5.25263085e-01 -9.22785678e+00 -1.42368718e-04 -1.49919657e-04 -5.09798222e+00
884              -1.23575460e-01 5.28507480e-01 -1.43255807e+01 -1.23402924e-01 5.28618829e-01 -9.22768180e+00 -1.72535615e-04 -1.11349203e-04 -5.09789894e+00
885              -1.37799214e-01 5.31248219e-01 -1.43252037e+01 -1.37592538e-01 5.31324278e-01 -9.22738410e+00 -2.06675874e-04 -7.60590873e-05 -5.09781960e+00
886              -1.49636326e-01 5.33811930e-01 -1.43244356e+01 -1.49390964e-01 5.33858653e-01 -9.22667039e+00 -2.45362452e-04 -4.67233125e-05 -5.09776518e+00
887              -1.59589747e-01 5.36516649e-01 -1.43239670e+01 -1.59302746e-01 5.36541903e-01 -9.22621206e+00 -2.87001019e-04 -2.52535942e-05 -5.09775494e+00
888              -1.67718760e-01 5.38823044e-01 -1.43246604e+01 -1.67389468e-01 5.38835512e-01 -9.22686134e+00 -3.29292176e-04 -1.24677900e-05 -5.09779907e+00
889              -1.71878956e-01 5.40740111e-01 -1.43262507e+01 -1.71508336e-01 5.40748294e-01 -9.22835225e+00 -3.70619322e-04 -8.18366505e-06 -5.09789841e+00
890              -1.70486200e-01 5.44399681e-01 -1.43280741e+01 -1.70078037e-01 5.44412623e-01 -9.23001662e+00 -4.08163068e-04 -1.29417667e-05 -5.09805747e+00
891              -1.63296168e-01 5.49661374e-01 -1.43289468e+01 -1.62860168e-01 5.49685668e-01 -9.23067808e+00 -4.36000405e-04 -2.42932729e-05 -5.09826867e+00
892              -1.53318095e-01 5.55281391e-01 -1.43287014e+01 -1.52865875e-01 5.55319277e-01 -9.23018035e+00 -4.52219710e-04 -3.78862297e-05 -5.09852109e+00
893              -1.42547688e-01 5.60034726e-01 -1.43285279e+01 -1.42085449e-01 5.60087787e-01 -9.22972995e+00 -4.62238225e-04 -5.30618537e-05 -5.09879794e+00
894              -1.29010507e-01 5.63217132e-01 -1.43291163e+01 -1.28543845e-01 5.63290391e-01 -9.23004435e+00 -4.66661584e-04 -7.32591129e-05 -5.09907193e+00
895              -1.10530320e-01 5.64790172e-01 -1.43299647e+01 -1.10067139e-01 5.64883267e-01 -9.23065052e+00 -4.63180703e-04 -9.30952727e-05 -5.09931418e+00
896              -8.77571173e-02 5.65552317e-01 -1.43304220e+01 -8.73102258e-02 5.65660346e-01 -9.23092195e+00 -4.46891543e-04 -1.08029087e-04 -5.09950005e+00
897              -6.27553019e-02 5.66197074e-01 -1.43300621e+01 -6.23398219e-02 5.66312115e-01 -9.23045122e+00 -4.15480003e-04 -1.15041294e-04 -5.09961088e+00
898              -3.89701217e-02 5.66771498e-01 -1.43292616e+01 -3.85958641e-02 5.66880831e-01 -9.22961300e+00 -3.74257640e-04 -1.09332909e-04 -5.09964858e+00
899              -1.71041692e-02 5.66454029e-01 -1.43285211e+01 -1.67772005e-02 5.66544487e-01 -9.22889779e+00 -3.26968668e-04 -9.04574953e-05 -5.09962330e+00
900              3.20538642e-03 5.64527993e-01 -1.43279704e+01 3.48160252e-03 5.64588798e-01 -9.22841914e+00 -2.76216100e-04 -6.08051801e-05 -5.09955130e+00
901              2.26929686e-02 5.61336032e-01 -1.43272039e+01 2.29166620e-02 5.61364426e-01 -9.22775232e+00 -2.23693375e-04 -2.83940765e-05 -5.09945163e+00
902              4.08069252e-02 5.57211014e-01 -1.43262734e+01 4.09789081e-02 5.57210444e-01 -9.22692217e+00 -1.71982977e-04 5.70372610e-07 -5.09935124e+00
903              5.49020101e-02 5.52931919e-01 -1.43250202e+01 5.50264105e-02 5.52911892e-01 -9.22574766e+00 -1.24400447e-04 2.00266102e-05 -5.09927250e+00
904              6.48753285e-02 5.48810602e-01 -1.43241061e+01 6.49567885e-02 5.48783484e-01 -9.22487221e+00 -8.14599587e-05 2.71181080e-05 -5.09923392e+00
905              7.08703141e-02 5.44688031e-01 -1.43245000e+01 7.09140641e-02 5.44666720e-01 -9.22525198e+00 -4.37500373e-05 2.13102035e-05 -5.09924804e+00
906              7.29244776e-02 5.38932884e-01 -1.43258921e+01 7.29395624e-02 5.38932924e-01 -9.22657704e+00 -1.50847667e-05 -4.06133153e-08 -5.09931509e+00
907              7.20943431e-02 5.32295989e-01 -1.43275589e+01 7.20896149e-02 5.32329531e-01 -9.22811883e+00 4.72820092e-06 -3.35422458e-05 -5.09944003e+00
908              6.87058755e-02 5.25580304e-01 -1.43285658e+01 6.86877743e-02 5.25652719e-01 -9.22894626e+00 1.81012304e-05 -7.24150370e-05 -5.09961951e+00
909              6.08494532e-02 5.18670352e-01 -1.43284467e+01 6.08244779e-02 5.18783267e-01 -9.22860446e+00 2.49752148e-05 -1.12915375e-04 -5.09984226e+00
910              4.71832763e-02 5.12595202e-01 -1.43281608e+01 4.71600658e-02 5.12748109e-01 -9.22806504e+00 2.32104462e-05 -1.52906947e-04 -5.10009573e+00
911              2.93327580e-02 5.07526274e-01 -1.43286183e+01 2.93224400e-02 5.07711491e-01 -9.22826399e+00 1.03180062e-05 -1.85217285e-04 -5.10035435e+00
912              1.03385874e-02 5.03639491e-01 -1.43295652e+01 1.03480855e-02 5.03845341e-01 -9.22897907e+00 -9.49818102e-06 -2.05850943e-04 -5.10058617e+00
913              -8.31841391e-03 5.02417814e-01 -1.43303366e+01 -8.28964569e-03 5.02629790e-01 -9.22956974e+00 -2.87682211e-05 -2.11976068e-04 -5.10076686e+00
914              -2.69158283e-02 5.05320017e-01 -1.43304257e+01 -2.68695585e-02 5.05525454e-01 -9.22954973e+00 -4.62697422e-05 -2.05436845e-04 -5.10087600e+00
915              -4.73154520e-02 5.11858478e-01 -1.43298791e+01 -4.72499496e-02 5.12045711e-01 -9.22896532e+00 -6.55024158e-05 -1.87233050e-04 -5.10091382e+00
916              -7.05317957e-02 5.19461296e-01 -1.43291154e+01 -7.04450967e-02 5.19619563e-01 -9.22822693e+00 -8.66990187e-05 -1.58266415e-04 -5.10088843e+00
917              -9.50146054e-02 5.25843783e-01 -1.43286035e+01 -9.49032940e-02 5.25966126e-01 -9.22778928e+00 -1.11311378e-04 -1.22343109e-04 -5.10081425e+00
918              -1.16522022e-01 5.30781039e-01 -1.43281607e+01 -1.16380442e-01 5.30865651e-01 -9.22745132e+00 -1.41580238e-04 -8.46122694e-05 -5.10070939e+00
919              -1.33560015e-01 5.34822788e-01 -1.43276446e+01 -1.33383191e-01 5.34871051e-01 -9.22704712e+00 -1.76824143e-04 -4.82625887e-05 -5.10059744e+00
920              -1.47243016e-01 5.38751236e-01 -1.43268348e+01 -1.47025875e-01 5.38767051e-01 -9.22633410e+00 -2.17141016e-04 -1.58152802e-05 -5.10050071e+00
921              -1.59234481e-01 5.42951858e-01 -1.43261113e+01 -1.58972914e-01 5.42941862e-01 -9.22567375e+00 -2.61566227e-04 9.99613116e-06 -5.10043760e+00
922              -1.70109982e-01 5.46904619e-01 -1.43264932e+01 -1.69800677e-01 5.46874760e-01 -9.22607268e+00 -3.09305090e-04 2.98586408e-05 -5.10042052e+00
923              -1.78433659e-01 5.50442388e-01 -1.43278830e+01 -1.78075704e-01 5.50401303e-01 -9.22743096e+00 -3.57954483e-04 4.10848564e-05 -5.10045202e+00
924              -1.80760845e-01 5.55066253e-01 -1.43294380e+01 -1.80358100e-01 5.55022981e-01 -9.22890005e+00 -4.02745465e-04 4.32715981e-05 -5.10053798e+00
925              -1.76244807e-01 5.62199689e-01 -1.43303971e+01 -1.75806044e-01 5.62161832e-01 -9.22972055e+00 -4.38762353e-04 3.78566966e-05 -5.10067658e+00
926              -1.68412262e-01 5.70150442e-01 -1.43304195e+01 -1.67949936e-01 5.70121811e-01 -9.22956215e+00 -4.62325740e-04 2.86305421e-05 -5.10085737e+00
927              -1.59906230e-01 5.76945160e-01 -1.43302278e+01 -1.59428681e-01 5.76928020e-01 -9.22915802e+00 -4.77549178e-04 1.71401459e-05 -5.10106977e+00
928              -1.49649137e-01 5.82375487e-01 -1.43307485e+01 -1.49162938e-01 5.82374259e-01 -9.22945741e+00 -4.86198186e-04 1.22796339e-06 -5.10129105e+00
929              -1.33787574e-01 5.85167791e-01 -1.43316557e+01 -1.33301476e-01 5.85186048e-01 -9.23016485e+00 -4.86098047e-04 -1.82570450e-05 -5.10149088e+00
930              -1.12572996e-01 5.86185734e-01 -1.43322818e+01 -1.12100570e-01 5.86221890e-01 -9.23063574e+00 -4.72425684e-04 -3.61551658e-05 -5.10164602e+00
931              -8.77177519e-02 5.86291030e-01 -1.43321638e+01 -8.72757667e-02 5.86337803e-01 -9.23042500e+00 -4.41985203e-04 -4.67727271e-05 -5.10173880e+00
932              -6.28952880e-02 5.86176546e-01 -1.43313348e+01 -6.24989293e-02 5.86222574e-01 -9.22956890e+00 -3.96358745e-04 -4.60275692e-05 -5.10176586e+00
933              -4.02575370e-02 5.85724608e-01 -1.43302192e+01 -3.99158892e-02 5.85757618e-01 -9.22848359e+00 -3.41647816e-04 -3.30091754e-05 -5.10173561e+00
934              -1.90707970e-02 5.83801159e-01 -1.43292330e+01 -1.87880097e-02 5.83808034e-01 -9.22757233e+00 -2.82787206e-04 -6.87499139e-06 -5.10166072e+00
935              1.92267564e-03 5.80239851e-01 -1.43283018e+01 2.14589929e-03 5.80214485e-01 -9.22674705e+00 -2.23223647e-04 2.53657737e-05 -5.10155475e+00
936              2.17053705e-02 5.75405390e-01 -1.43272422e+01 2.18698890e-02 5.75347979e-01 -9.22580590e+00 -1.64518514e-04 5.74103820e-05 -5.10143631e+00
937              3.87318520e-02 5.69628168e-01 -1.43259349e+01 3.88417636e-02 5.69545445e-01 -9.22460733e+00 -1.09911680e-04 8.27221789e-05 -5.10132758e+00
938              5.13861695e-02 5.63982079e-01 -1.43247232e+01 5.14479093e-02 5.63886649e-01 -9.22347565e+00 -6.17397480e-05 9.54300162e-05 -5.10124754e+00
939              5.97594908e-02 5.58764129e-01 -1.43245642e+01 5.97809159e-02 5.58670429e-01 -9.22335465e+00 -2.14251471e-05 9.36999678e-05 -5.10120954e+00
940              6.46105485e-02 5.52187960e-01 -1.43255955e+01 6.46008898e-02 5.52110777e-01 -9.22437839e+00 9.65869050e-06 7.71826499e-05 -5.10121709e+00
941              6.65543934e-02 5.44051691e-01 -1.43268643e+01 6.65242048e-02 5.44005363e-01 -9.22558780e+00 3.01885750e-05 4.63283992e-05 -5.10127651e+00
942              6.64039459e-02 5.35422409e-01 -1.43278223e+01 6.63604911e-02 5.35417411e-01 -9.22643300e+00 4.34548290e-05 4.99796324e-06 -5.10138933e+00
943              6.18227423e-02 5.26610768e-01 -1.43280484e+01 6.17728200e-02 5.26651369e-01 -9.22650317e+00 4.99222357e-05 -4.06011087e-05 -5.10154520e+00
944              5.13046422e-02 5.18079706e-01 -1.43279472e+01 5.12571667e-02 5.18163407e-01 -9.22621019e+00 4.74755778e-05 -8.37009680e-05 -5.10173700e+00
945              3.57714241e-02 5.11002505e-01 -1.43283068e+01 3.57345550e-02 5.11121385e-01 -9.22636152e+00 3.68690421e-05 -1.18880412e-04 -5.10194527e+00
946              1.87311938e-02 5.05512841e-01 -1.43291686e+01 1.87126730e-02 5.05655713e-01 -9.22702775e+00 1.85208342e-05 -1.42872022e-04 -5.10214085e+00
947              1.35868632e-03 5.02151974e-01 -1.43300345e+01 1.35956456e-03 5.02305154e-01 -9.22773823e+00 -8.78236399e-07 -1.53179383e-04 -5.10229627e+00
948              -1.60150594e-02 5.02496521e-01 -1.43303453e+01 -1.59969555e-02 5.02646783e-01 -9.22794906e+00 -1.81039415e-05 -1.50261430e-04 -5.10239622e+00
949              -3.46678960e-02 5.07688722e-01 -1.43300311e+01 -3.46337198e-02 5.07827335e-01 -9.22759855e+00 -3.41761931e-05 -1.38613147e-04 -5.10243260e+00
950              -5.64427020e-02 5.15882076e-01 -1.43292561e+01 -5.63904224e-02 5.15999249e-01 -9.22684408e+00 -5.22796357e-05 -1.17172452e-04 -5.10241205e+00
951              -8.06573141e-02 5.24176397e-01 -1.43284272e+01 -8.05846951e-02 5.24264606e-01 -9.22608257e+00 -7.26189924e-05 -8.82090170e-05 -5.10234458e+00
952              -1.04118217e-01 5.30949627e-01 -1.43278287e+01 -1.04020827e-01 5.31003371e-01 -9.22558534e+00 -9.73901365e-05 -5.37438978e-05 -5.10224339e+00
953              -1.24513634e-01 5.36719895e-01 -1.43272574e+01 -1.24384296e-01 5.36738634e-01 -9.22513127e+00 -1.29338029e-04 -1.87390773e-05 -5.10212613e+00
954              -1.41000237e-01 5.42250105e-01 -1.43264854e+01 -1.40832288e-01 5.42233692e-01 -9.22447529e+00 -1.67948921e-04 1.64128841e-05 -5.10201011e+00
955              -1.54990504e-01 5.48012645e-01 -1.43257417e+01 -1.54778297e-01 5.47965488e-01 -9.22382709e+00 -2.12207215e-04 4.71569918e-05 -5.10191466e+00
956              -1.68008057e-01 5.54158062e-01 -1.43256557e+01 -1.67746738e-01 5.54084329e-01 -9.22380323e+00 -2.61319141e-04 7.37327661e-05 -5.10185246e+00
957              -1.79495474e-01 5.59765215e-01 -1.43266231e+01 -1.79180044e-01 5.59670338e-01 -9.22479124e+00 -3.15429247e-04 9.48767769e-05 -5.10183181e+00
958              -1.86278981e-01 5.65491032e-01 -1.43279372e+01 -1.85910882e-01 5.65384884e-01 -9.22607916e+00 -3.68098901e-04 1.06147446e-04 -5.10185806e+00
959              -1.86965822e-01 5.73547294e-01 -1.43288975e+01 -1.86553179e-01 5.73437800e-01 -9.22696333e+00 -4.12643622e-04 1.09493684e-04 -5.10193415e+00
960              -1.82497098e-01 5.83854234e-01 -1.43292697e+01 -1.82050129e-01 5.83747192e-01 -9.22721721e+00 -4.46969738e-04 1.07041991e-04 -5.10205246e+00
961              -1.76047150e-01 5.93417040e-01 -1.43293513e+01 -1.75575974e-01 5.93317447e-01 -9.22714748e+00 -4.71176418e-04 9.95935057e-05 -5.10220378e+00
962              -1.68711245e-01 6.00968617e-01 -1.43296969e+01 -1.68224718e-01 6.00881451e-01 -9.22732244e+00 -4.86526240e-04 8.71653836e-05 -5.10237451e+00
963              -1.57191327e-01 6.06125986e-01 -1.43305385e+01 -1.56699303e-01 6.06054573e-01 -9.22800041e+00 -4.92023496e-04 7.14130866e-05 -5.10253813e+00
964              -1.39658958e-01 6.08735912e-01 -1.43313700e+01 -1.39175240e-01 6.08683375e-01 -9.22870110e+00 -4.83717224e-04 5.25367229e-05 -5.10266893e+00
965              -1.16736918e-01 6.09017834e-01 -1.43316375e+01 -1.16277660e-01 6.08980167e-01 -9.22888315e+00 -4.59258239e-04 3.76676718e-05 -5.10275433e+00
966              -9.20524780e-02 6.08389659e-01 -1.43311897e+01 -9.16349284e-02 6.08356779e-01 -9.22840313e+00 -4.17549633e-04 3.28798792e-05 -5.10278659e+00
967              -6.88321409e-02 6.07281360e-01 -1.43301125e+01 -6.84713578e-02 6.07241486e-01 -9.22734593e+00 -3.60783017e-04 3.98742246e-05 -5.10276654e+00
968              -4.73334884e-02 6.05385755e-01 -1.43287427e+01 -4.70363399e-02 6.05326345e-01 -9.22603716e+00 -2.97148438e-04 5.94097667e-05 -5.10270556e+00
969              -2.58374429e-02 6.01822280e-01 -1.43274046e+01 -2.56059945e-02 6.01734211e-01 -9.22479155e+00 -2.31448340e-04 8.80682723e-05 -5.10261307e+00
970              -4.75392792e-03 5.97017170e-01 -1.43261659e+01 -4.58546408e-03 5.96896966e-01 -9.22366467e+00 -1.68463835e-04 1.20203624e-04 -5.10250120e+00
971              1.45192408e-02 5.90487188e-01 -1.43248022e+01 1.46285164e-02 5.90338045e-01 -9.22241811e+00 -1.09275541e-04 1.49142654e-04 -5.10238409e+00
972              2.99061920e-02 5.83100577e-01 -1.43235936e+01 2.99620169e-02 5.82930838e-01 -9.22131255e+00 -5.58249501e-05 1.69739499e-04 -5.10228104e+00
973              4.08532760e-02 5.75925193e-01 -1.43229843e+01 4.08654589e-02 5.75749121e-01 -9.22077884e+00 -1.21828841e-05 1.76071815e-04 -5.10220542e+00
974              4.85185935e-02 5.68744748e-01 -1.43232543e+01 4.84981753e-02 5.68578552e-01 -9.22108677e+00 2.04182000e-05 1.66195886e-04 -5.10216753e+00
975              5.41624633e-02 5.59749670e-01 -1.43240285e+01 5.41201497e-02 5.59607331e-01 -9.22185564e+00 4.23136126e-05 1.42339379e-04 -5.10217281e+00
976              5.71231237e-02 5.49101758e-01 -1.43247638e+01 5.70677205e-02 5.48996409e-01 -9.22253714e+00 5.54031535e-05 1.05349123e-04 -5.10222667e+00
977              5.58905227e-02 5.38191170e-01 -1.43251986e+01 5.58288105e-02 5.38133358e-01 -9.22287437e+00 6.17121695e-05 5.78119873e-05 -5.10232427e+00
978              4.93636884e-02 5.27788695e-01 -1.43254973e+01 4.93044229e-02 5.27779145e-01 -9.22304107e+00 5.92654778e-05 9.54980296e-06 -5.10245623e+00
979              3.75974356e-02 5.18090967e-01 -1.43258072e+01 3.75486412e-02 5.18121348e-01 -9.22319453e+00 4.87943962e-05 -3.03809712e-05 -5.10261266e+00
980              2.34953138e-02 5.10236758e-01 -1.43264764e+01 2.34613291e-02 5.10295894e-01 -9.22370538e+00 3.39847301e-05 -5.91352915e-05 -5.10277103e+00
981              8.49271160e-03 5.04977232e-01 -1.43273547e+01 8.47463577e-03 5.05052517e-01 -9.22444947e+00 1.80758363e-05 -7.52842074e-05 -5.10290519e+00
982              -6.94350010e-03 5.02788396e-01 -1.43279412e+01 -6.94631725e-03 5.02868200e-01 -9.22494211e+00 2.81715066e-06 -7.98040883e-05 -5.10299912e+00
983              -2.37148798e-02 5.04761962e-01 -1.43279743e+01 -2.37051327e-02 5.04836506e-01 -9.22492868e+00 -9.74712551e-06 -7.45437193e-05 -5.10304562e+00
984              -4.33503553e-02 5.11047969e-01 -1.43274245e+01 -4.33290830e-02 5.11109859e-01 -9.22438384e+00 -2.12722906e-05 -6.18908325e-05 -5.10304069e+00
985              -6.54230359e-02 5.20065294e-01 -1.43265923e+01 -6.53877151e-02 5.20108128e-01 -9.22359802e+00 -3.53207700e-05 -4.28344334e-05 -5.10299428e+00
986              -8.84856718e-02 5.28872096e-01 -1.43257760e+01 -8.84324749e-02 5.28888920e-01 -9.22286046e+00 -5.31968640e-05 -1.68239715e-05 -5.10291559e+00
987              -1.10772679e-01 5.36623896e-01 -1.43251576e+01 -1.10695848e-01 5.36609404e-01 -9.22234331e+00 -7.68312603e-05 1.44926535e-05 -5.10281433e+00
988              -1.30505184e-01 5.44234075e-01 -1.43243806e+01 -1.30396277e-01 5.44185591e-01 -9.22167967e+00 -1.08907006e-04 4.84843897e-05 -5.10270095e+00
989              -1.47251929e-01 5.51664440e-01 -1.43236927e+01 -1.47102899e-01 5.51581443e-01 -9.22109944e+00 -1.49029534e-04 8.29962147e-05 -5.10259326e+00
990              -1.62269806e-01 5.59062377e-01 -1.43234149e+01 -1.62073488e-01 5.58946299e-01 -9.22091130e+00 -1.96318615e-04 1.16078081e-04 -5.10250356e+00
991              -1.76106677e-01 5.67272007e-01 -1.43238223e+01 -1.75856833e-01 5.67126846e-01 -9.22137853e+00 -2.49843231e-04 1.45160738e-04 -5.10244374e+00
992              -1.86384139e-01 5.75509670e-01 -1.43246905e+01 -1.86077096e-01 5.75341873e-01 -9.22226721e+00 -3.07043136e-04 1.67797160e-04 -5.10242325e+00
993              -1.91976151e-01 5.84170762e-01 -1.43254698e+01 -1.91617179e-01 5.83989997e-01 -9.22302363e+00 -3.58971775e-04 1.80764105e-04 -5.10244617e+00
994              -1.93225710e-01 5.95219899e-01 -1.43260713e+01 -1.92823283e-01 5.95032873e-01 -9.22356220e+00 -4.02426495e-04 1.87025808e-04 -5.10250909e+00
995              -1.90452064e-01 6.07496678e-01 -1.43266025e+01 -1.90014368e-01 6.07311226e-01 -9.22399790e+00 -4.37695882e-04 1.85452481e-04 -5.10260458e+00
996              -1.85523917e-01 6.18379430e-01 -1.43270716e+01 -1.85061552e-01 6.18203549e-01 -9.22435023e+00 -4.62365125e-04 1.75880880e-04 -5.10272137e+00
997              -1.77743498e-01 6.26054436e-01 -1.43276239e+01 -1.77268203e-01 6.25891890e-01 -9.22477955e+00 -4.75294223e-04 1.62546051e-04 -5.10284438e+00
998              -1.65274365e-01 6.31259512e-01 -1.43285273e+01 -1.64801352e-01 6.31112242e-01 -9.22557593e+00 -4.73013650e-04 1.47270269e-04 -5.10295142e+00
999              -1.46972581e-01 6.33603210e-01 -1.43291517e+01 -1.46516663e-01 6.33471453e-01 -9.22612446e+00 -4.55918549e-04 1.31757099e-04 -5.10302723e+00
1000             -1.24496790e-01 6.33007501e-01 -1.43292343e+01 -1.24074204e-01 6.32884604e-01 -9.22616685e+00 -4.22585613e-04 1.22897252e-04 -5.10306746e+00
1001             -1.01969008e-01 6.31544313e-01 -1.43285368e+01 -1.01596121e-01 6.31419542e-01 -9.22547022e+00 -3.72887225e-04 1.24771182e-04 -5.10306655e+00
1002             -8.03046517e-02 6.29313351e-01 -1.43272560e+01 -7.99939158e-02 6.29174374e-01 -9.22422819e+00 -3.10735907e-04 1.38976577e-04 -5.10302779e+00
1003             -5.87471890e-02 6.26032538e-01 -1.43256624e+01 -5.85039187e-02 6.25870519e-01 -9.22270250e+00 -2.43270272e-04 1.62019706e-04 -5.10295987e+00
1004             -3.75663633e-02 6.21213862e-01 -1.43241310e+01 -3.73894964e-02 6.21023544e-01 -9.22125949e+00 -1.76866970e-04 1.90317976e-04 -5.10287150e+00
1005             -1.74189059e-02 6.14873991e-01 -1.43225278e+01 -1.73028470e-02 6.14654686e-01 -9.21975989e+00 -1.16058854e-04 2.19304886e-04 -5.10276788e+00
1006             5.41520799e-04 6.06897227e-01 -1.43212938e+01 6.02547137e-04 6.06653601e-01 -9.21863078e+00 -6.10263386e-05 2.43626705e-04 -5.10266303e+00
1007             1.41036400e-02 5.97968669e-01 -1.43205744e+01 1.41176236e-02 5.97709895e-01 -9.21800544e+00 -1.39835811e-05 2.58774141e-04 -5.10256893e+00
1008             2.40730306e-02 5.88773850e-01 -1.43201828e+01 2.40532164e-02 5.88514544e-01 -9.21768497e+00 1.98142571e-05 2.59305759e-04 -5.10249784e+00
1009             3.25922332e-02 5.79323704e-01 -1.43202073e+01 3.25508086e-02 5.79078857e-01 -9.21774429e+00 4.14245441e-05 2.44847445e-04 -5.10246303e+00
1010             3.94947908e-02 5.67703773e-01 -1.43204238e+01 3.94414974e-02 5.67486522e-01 -9.21795471e+00 5.32934008e-05 2.17251027e-04 -5.10246911e+00
1011             4.20322789e-02 5.54441995e-01 -1.43207107e+01 4.19744292e-02 5.54265444e-01 -9.21819616e+00 5.78497512e-05 1.76550841e-04 -5.10251456e+00
1012             3.93334617e-02 5.41801267e-01 -1.43211675e+01 3.92803114e-02 5.41671917e-01 -9.21857276e+00 5.31503090e-05 1.29350168e-04 -5.10259475e+00
1013             3.23702564e-02 5.30084632e-01 -1.43218805e+01 3.23277890e-02 5.29999989e-01 -9.21918250e+00 4.24674163e-05 8.46424855e-05 -5.10269800e+00
1014             2.23412127e-02 5.19792390e-01 -1.43224783e+01 2.23131764e-02 5.19742293e-01 -9.21966662e+00 2.80362322e-05 5.00971480e-05 -5.10281172e+00
1015             1.04157752e-02 5.11591800e-01 -1.43231502e+01 1.04001171e-02 5.11564277e-01 -9.22023280e+00 1.56580864e-05 2.75232913e-05 -5.10291742e+00
1016             -2.37593803e-03 5.06993461e-01 -1.43237622e+01 -2.38159313e-03 5.06978492e-01 -9.22076137e+00 5.65510458e-06 1.49692157e-05 -5.10300084e+00
1017             -1.64445186e-02 5.05901538e-01 -1.43240301e+01 -1.64408672e-02 5.05890802e-01 -9.22097789e+00 -3.65143996e-06 1.07362771e-05 -5.10305223e+00
1018             -3.34758842e-02 5.08759172e-01 -1.43239855e+01 -3.34661091e-02 5.08744277e-01 -9.22091638e+00 -9.77517432e-06 1.48943720e-05 -5.10306911e+00
1019             -5.29405296e-02 5.15476698e-01 -1.43234670e+01 -5.29254061e-02 5.15452774e-01 -9.22041858e+00 -1.51235349e-05 2.39243012e-05 -5.10304839e+00
1020             -7.34432225e-02 5.24865940e-01 -1.43226224e+01 -7.34197668e-02 5.24827260e-01 -9.21962421e+00 -2.34556914e-05 3.86796679e-05 -5.10299817e+00
1021             -9.50908367e-02 5.34303137e-01 -1.43218703e+01 -9.50539307e-02 5.34242466e-01 -9.21894273e+00 -3.69060466e-05 6.06711027e-05 -5.10292760e+00
1022             -1.16302111e-01 5.43413233e-01 -1.43210237e+01 -1.16245107e-01 5.43323783e-01 -9.21818611e+00 -5.70044147e-05 8.94503959e-05 -5.10283760e+00
1023             -1.35691971e-01 5.52833847e-01 -1.43203928e+01 -1.35605057e-01 5.52712037e-01 -9.21765397e+00 -8.69138646e-05 1.21809555e-04 -5.10273886e+00
1024             -1.53263534e-01 5.62124510e-01 -1.43202578e+01 -1.53137081e-01 5.61967080e-01 -9.21761555e+00 -1.26452519e-04 1.57429994e-04 -5.10264230e+00
1025             -1.69036306e-01 5.71743563e-01 -1.43203869e+01 -1.68861437e-01 5.71550807e-01 -9.21782618e+00 -1.74868914e-04 1.92755942e-04 -5.10256068e+00
1026             -1.81642460e-01 5.82442054e-01 -1.43206647e+01 -1.81413760e-01 5.82218716e-01 -9.21815825e+00 -2.28700079e-04 2.23338187e-04 -5.10250641e+00
1027             -1.90859145e-01 5.93803169e-01 -1.43210373e+01 -1.90576765e-01 5.93556357e-01 -9.21854932e+00 -2.82380758e-04 2.46812016e-04 -5.10248803e+00
1028             -1.97278793e-01 6.05399609e-01 -1.43215064e+01 -1.96947286e-01 6.05137769e-01 -9.21900225e+00 -3.31506737e-04 2.61840108e-04 -5.10250416e+00
1029             -2.00397246e-01 6.18307262e-01 -1.43221708e+01 -2.00023037e-01 6.18039911e-01 -9.21961970e+00 -3.74208926e-04 2.67350243e-04 -5.10255115e+00
1030             -1.99482431e-01 6.31802347e-01 -1.43230777e+01 -1.99074601e-01 6.31539686e-01 -9.22045872e+00 -4.07830039e-04 2.62660580e-04 -5.10261895e+00
1031             -1.94422374e-01 6.43279296e-01 -1.43238788e+01 -1.93992906e-01 6.43028818e-01 -9.22118387e+00 -4.29468178e-04 2.50478928e-04 -5.10269491e+00
1032             -1.86045585e-01 6.51353371e-01 -1.43245733e+01 -1.85609586e-01 6.51117622e-01 -9.22180545e+00 -4.35998514e-04 2.35748388e-04 -5.10276785e+00
1033             -1.73071038e-01 6.56187324e-01 -1.43253348e+01 -1.72645697e-01 6.55963890e-01 -9.22250714e+00 -4.25341644e-04 2.23433747e-04 -5.10282763e+00
1034             -1.55941608e-01 6.57923690e-01 -1.43258324e+01 -1.55542484e-01 6.57708460e-01 -9.22296529e+00 -3.99124434e-04 2.15229340e-04 -5.10286711e+00
1035             -1.36347197e-01 6.56862200e-01 -1.43257063e+01 -1.35989225e-01 6.56648310e-01 -9.22282400e+00 -3.57972258e-04 2.13889767e-04 -5.10288235e+00
1036             -1.15862128e-01 6.54476279e-01 -1.43248361e+01 -1.15557940e-01 6.54252049e-01 -9.22196512e+00 -3.04188854e-04 2.24230318e-04 -5.10287101e+00
1037             -9.46238855e-02 6.51207720e-01 -1.43232594e+01 -9.43823545e-02 6.50963831e-01 -9.22042724e+00 -2.41531033e-04 2.43888373e-04 -5.10283217e+00
1038             -7.36015626e-02 6.46814990e-01 -1.43215918e+01 -7.34250241e-02 6.46546891e-01 -9.21881773e+00 -1.76538471e-04 2.68099323e-04 -5.10277408e+00
1039             -5.35317822e-02 6.40697965e-01 -1.43198767e+01 -5.34164803e-02 6.40404325e-01 -9.21717651e+00 -1.15301857e-04 2.93640261e-04 -5.10270020e+00
1040             -3.49703786e-02 6.32970379e-01 -1.43185403e+01 -3.49088300e-02 6.32652357e-01 -9.21592555e+00 -6.15486320e-05 3.18021567e-04 -5.10261477e+00
1041             -1.91569867e-02 6.23657827e-01 -1.43178271e+01 -1.91413148e-02 6.23321590e-01 -9.21530270e+00 -1.56719257e-05 3.36237588e-04 -5.10252440e+00
1042             -6.75051830e-03 6.12901331e-01 -1.43172480e+01 -6.77021864e-03 6.12555906e-01 -9.21480688e+00 1.97003355e-05 3.45425538e-04 -5.10244112e+00
1043             3.99398269e-03 6.01227944e-01 -1.43165456e+01 3.95349364e-03 6.00885579e-01 -9.21416677e+00 4.04890454e-05 3.42364839e-04 -5.10237886e+00
1044             1.33655790e-02 5.88842884e-01 -1.43160099e+01 1.33150458e-02 5.88516903e-01 -9.21365955e+00 5.05332277e-05 3.25980125e-04 -5.10235036e+00
1045             1.96318352e-02 5.75064718e-01 -1.43158464e+01 1.95806084e-02 5.74768296e-01 -9.21349241e+00 5.12267736e-05 2.96421686e-04 -5.10235395e+00
1046             2.11876877e-02 5.60250508e-01 -1.43161849e+01 2.11449613e-02 5.59992402e-01 -9.21379573e+00 4.27263873e-05 2.58106024e-04 -5.10238922e+00
1047             1.81011482e-02 5.46050601e-01 -1.43168611e+01 1.80735126e-02 5.45833454e-01 -9.21441386e+00 2.76356569e-05 2.17147621e-04 -5.10244722e+00
1048             1.28679548e-02 5.33318348e-01 -1.43176426e+01 1.28565266e-02 5.33139157e-01 -9.21512813e+00 1.14282564e-05 1.79191075e-04 -5.10251443e+00
1049             5.16747341e-03 5.22827938e-01 -1.43182605e+01 5.16860715e-03 5.22676803e-01 -9.21567907e+00 -1.13373703e-06 1.51135734e-04 -5.10258140e+00
1050             -4.29158680e-03 5.15188442e-01 -1.43187393e+01 -4.28311904e-03 5.15055866e-01 -9.21609705e+00 -8.46775534e-06 1.32576804e-04 -5.10264223e+00
1051             -1.55479372e-02 5.11307610e-01 -1.43191576e+01 -1.55358311e-02 5.11187864e-01 -9.21646760e+00 -1.21061244e-05 1.19746290e-04 -5.10269002e+00
1052             -2.95898375e-02 5.10680972e-01 -1.43193898e+01 -2.95761512e-02 5.10567276e-01 -9.21667275e+00 -1.36862705e-05 1.13695592e-04 -5.10271708e+00
1053             -4.58102904e-02 5.13934539e-01 -1.43193445e+01 -4.57968917e-02 5.13821722e-01 -9.21662030e+00 -1.33986791e-05 1.12817380e-04 -5.10272421e+00
1054             -6.32462300e-02 5.20967231e-01 -1.43187627e+01 -6.32334900e-02 5.20850742e-01 -9.21605625e+00 -1.27400389e-05 1.16489003e-04 -5.10270640e+00
1055             -8.22462859e-02 5.30698226e-01 -1.43179675e+01 -8.22310293e-02 5.30571219e-01 -9.21529824e+00 -1.52565733e-05 1.27007597e-04 -5.10266924e+00
1056             -1.02560942e-01 5.41137893e-01 -1.43170592e+01 -1.02536926e-01 5.40991804e-01 -9.21444520e+00 -2.40161946e-05 1.46089034e-04 -5.10261405e+00
1057             -1.23110186e-01 5.51553438e-01 -1.43164648e+01 -1.23070026e-01 5.51381561e-01 -9.21391993e+00 -4.01596581e-05 1.71876975e-04 -5.10254487e+00
1058             -1.42794611e-01 5.62314286e-01 -1.43164348e+01 -1.42727759e-01 5.62109874e-01 -9.21397118e+00 -6.68525361e-05 2.04411690e-04 -5.10246360e+00
1059             -1.60437441e-01 5.73698202e-01 -1.43166257e+01 -1.60332275e-01 5.73457707e-01 -9.21424440e+00 -1.05166305e-04 2.40494588e-04 -5.10238127e+00
1060             -1.74565288e-01 5.85914365e-01 -1.43166066e+01 -1.74413692e-01 5.85638827e-01 -9.21429501e+00 -1.51595847e-04 2.75538000e-04 -5.10231161e+00
1061             -1.86038681e-01 5.99295219e-01 -1.43164150e+01 -1.85839119e-01 5.98988992e-01 -9.21414881e+00 -1.99562236e-04 3.06227039e-04 -5.10226616e+00
1062             -1.95918436e-01 6.13269687e-01 -1.43165014e+01 -1.95670665e-01 6.12939200e-01 -9.21425385e+00 -2.47770913e-04 3.30486177e-04 -5.10224759e+00
1063             -2.03896236e-01 6.27146506e-01 -1.43172592e+01 -2.03602417e-01 6.26802856e-01 -9.21500508e+00 -2.93819396e-04 3.43649849e-04 -5.10225415e+00
1064             -2.08347065e-01 6.41461784e-01 -1.43182979e+01 -2.08014155e-01 6.41116846e-01 -9.21601805e+00 -3.32909969e-04 3.44938112e-04 -5.10227985e+00
1065             -2.07670842e-01 6.55306088e-01 -1.43193179e+01 -2.07309878e-01 6.54968986e-01 -9.21700395e+00 -3.60963920e-04 3.37102038e-04 -5.10231394e+00
1066             -2.02314873e-01 6.66997818e-01 -1.43202247e+01 -2.01939860e-01 6.66675726e-01 -9.21787815e+00 -3.75013007e-04 3.22092117e-04 -5.10234656e+00
1067             -1.93553474e-01 6.74989051e-01 -1.43209278e+01 -1.93180128e-01 6.74681029e-01 -9.21855009e+00 -3.73346342e-04 3.08021694e-04 -5.10237768e+00
1068             -1.81585651e-01 6.79344310e-01 -1.43216474e+01 -1.81230969e-01 6.79043773e-01 -9.21924134e+00 -3.54682684e-04 3.00537175e-04 -5.10240604e+00
1069             -1.67147720e-01 6.80642447e-01 -1.43219987e+01 -1.66826728e-01 6.80341802e-01 -9.21957313e+00 -3.20991596e-04 3.00645024e-04 -5.10242557e+00
1070             -1.49877890e-01 6.79070073e-01 -1.43215966e+01 -1.49601931e-01 6.78760614e-01 -9.21916315e+00 -2.75959512e-04 3.09459478e-04 -5.10243341e+00
1071             -1.30291790e-01 6.75881153e-01 -1.43203748e+01 -1.30069718e-01 6.75553856e-01 -9.21794877e+00 -2.22071976e-04 3.27296877e-04 -5.10242607e+00
1072             -1.10199924e-01 6.71832235e-01 -1.43188037e+01 -1.10036340e-01 6.71481584e-01 -9.21640242e+00 -1.63584374e-04 3.50650986e-04 -5.10240124e+00
1073             -9.06380815e-02 6.66493492e-01 -1.43171699e+01 -9.05320556e-02 6.66119293e-01 -9.21480951e+00 -1.06025871e-04 3.74198982e-04 -5.10236036e+00
1074             -7.23888415e-02 6.59128338e-01 -1.43158805e+01 -7.23346748e-02 6.58732183e-01 -9.21357287e+00 -5.41667108e-05 3.96155490e-04 -5.10230764e+00
1075             -5.62105569e-02 6.49666077e-01 -1.43151821e+01 -5.61986904e-02 6.49251651e-01 -9.21294163e+00 -1.18665672e-05 4.14426127e-04 -5.10224050e+00
1076             -4.19922682e-02 6.38497185e-01 -1.43145338e+01 -4.20126779e-02 6.38071033e-01 -9.21236766e+00 2.04096728e-05 4.26152342e-04 -5.10216619e+00
1077             -2.91284737e-02 6.25632014e-01 -1.43135236e+01 -2.91695578e-02 6.25201488e-01 -9.21142569e+00 4.10840936e-05 4.30525954e-04 -5.10209789e+00
1078             -1.77273583e-02 6.11460427e-01 -1.43123254e+01 -1.77768498e-02 6.11035307e-01 -9.21027727e+00 4.94915181e-05 4.25119587e-04 -5.10204817e+00
1079             -9.26812391e-03 5.96504994e-01 -1.43114490e+01 -9.31504912e-03 5.96098257e-01 -9.20942634e+00 4.69252060e-05 4.06737414e-04 -5.10202268e+00
1080             -4.60843139e-03 5.80940372e-01 -1.43113595e+01 -4.64194190e-03 5.80560769e-01 -9.20933776e+00 3.35105152e-05 3.79602827e-04 -5.10202178e+00
1081             -3.68853515e-03 5.64950758e-01 -1.43119894e+01 -3.70142014e-03 5.64602225e-01 -9.20994915e+00 1.28849951e-05 3.48533012e-04 -5.10204027e+00
1082             -5.06077624e-03 5.50167325e-01 -1.43126787e+01 -5.05130120e-03 5.49851810e-01 -9.21061072e+00 -9.47504726e-06 3.15514707e-04 -5.10206803e+00
1083             -7.95085907e-03 5.37135326e-01 -1.43133282e+01 -7.92483533e-03 5.36849597e-01 -9.21123291e+00 -2.60237425e-05 2.85728253e-04 -5.10209525e+00
1084             -1.32791876e-02 5.26867903e-01 -1.43137516e+01 -1.32448089e-02 5.26605603e-01 -9.21162913e+00 -3.43786465e-05 2.62299771e-04 -5.10212248e+00
1085             -2.11706642e-02 5.19769779e-01 -1.43141158e+01 -2.11353434e-02 5.19525684e-01 -9.21196387e+00 -3.53208411e-05 2.44094496e-04 -5.10215191e+00
1086             -3.22953706e-02 5.16309024e-01 -1.43145331e+01 -3.22647648e-02 5.16079798e-01 -9.21235392e+00 -3.06057889e-05 2.29226045e-04 -5.10217913e+00
1087             -4.54638855e-02 5.16237427e-01 -1.43147193e+01 -4.54395293e-02 5.16019350e-01 -9.21252076e+00 -2.43561330e-05 2.18077235e-04 -5.10219858e+00
1088             -5.94696715e-02 5.19946430e-01 -1.43144554e+01 -5.94520130e-02 5.19735005e-01 -9.21224592e+00 -1.76585035e-05 2.11425128e-04 -5.10220949e+00
1089             -7.50941775e-02 5.27130509e-01 -1.43138202e+01 -7.50824599e-02 5.26920238e-01 -9.21161366e+00 -1.17175498e-05 2.10271165e-04 -5.10220652e+00
1090             -9.25477403e-02 5.37258441e-01 -1.43130040e+01 -9.25380323e-02 5.37041195e-01 -9.21081834e+00 -9.70798554e-06 2.17246061e-04 -5.10218566e+00
1091             -1.11694563e-01 5.48589209e-01 -1.43124662e+01 -1.11680942e-01 5.48356729e-01 -9.21031549e+00 -1.36208972e-05 2.32480062e-04 -5.10215069e+00
1092             -1.31784530e-01 5.60054793e-01 -1.43125164e+01 -1.31758468e-01 5.59797636e-01 -9.21041742e+00 -2.60619272e-05 2.57157566e-04 -5.10209894e+00
1093             -1.50846946e-01 5.72313710e-01 -1.43128152e+01 -1.50796891e-01 5.72025001e-01 -9.21078086e+00 -5.00551556e-05 2.88709046e-04 -5.10203434e+00
1094             -1.66311321e-01 5.85863299e-01 -1.43127325e+01 -1.66226668e-01 5.85540716e-01 -9.21076438e+00 -8.46528269e-05 3.22583412e-04 -5.10196813e+00
1095             -1.78670392e-01 6.00877957e-01 -1.43122195e+01 -1.78546434e-01 6.00522509e-01 -9.21030749e+00 -1.23957653e-04 3.55447244e-04 -5.10191197e+00
1096             -1.90255452e-01 6.16649786e-01 -1.43119095e+01 -1.90091222e-01 6.16264781e-01 -9.21003846e+00 -1.64229913e-04 3.85005243e-04 -5.10187107e+00
1097             -2.01249123e-01 6.32294516e-01 -1.43123703e+01 -2.01042387e-01 6.31889081e-01 -9.21052152e+00 -2.06735889e-04 4.05434637e-04 -5.10184880e+00
1098             -2.09984389e-01 6.47689437e-01 -1.43136145e+01 -2.09737309e-01 6.47276263e-01 -9.21177526e+00 -2.47080082e-04 4.13173836e-04 -5.10183924e+00
1099             -2.13848114e-01 6.62715221e-01 -1.43148490e+01 -2.13569833e-01 6.62305587e-01 -9.21301280e+00 -2.78281530e-04 4.09634096e-04 -5.10183625e+00
1100             -2.12591352e-01 6.76523161e-01 -1.43158084e+01 -2.12295128e-01 6.76125039e-01 -9.21397576e+00 -2.96223505e-04 3.98122134e-04 -5.10183264e+00
1101             -2.07015789e-01 6.87809866e-01 -1.43165500e+01 -2.06715759e-01 6.87426761e-01 -9.21472115e+00 -3.00030128e-04 3.83104592e-04 -5.10182885e+00
1102             -1.99142560e-01 6.95258835e-01 -1.43172017e+01 -1.98853411e-01 6.94885653e-01 -9.21537028e+00 -2.89148480e-04 3.73181701e-04 -5.10183137e+00
1103             -1.89538512e-01 6.99143519e-01 -1.43177611e+01 -1.89275846e-01 6.98771502e-01 -9.21592044e+00 -2.62665967e-04 3.72017344e-04 -5.10184067e+00
1104             -1.77156775e-01 6.99963968e-01 -1.43178772e+01 -1.76932615e-01 6.99582249e-01 -9.21602390e+00 -2.24160178e-04 3.81719323e-04 -5.10185325e+00
1105             -1.60868290e-01 6.97983051e-01 -1.43172928e+01 -1.60690869e-01 6.97583984e-01 -9.21542848e+00 -1.77421710e-04 3.99066697e-04 -5.10186427e+00
1106             -1.42616504e-01 6.94301696e-01 -1.43161652e+01 -1.42490422e-01 6.93880082e-01 -9.21429504e+00 -1.26081751e-04 4.21614042e-04 -5.10187014e+00
1107             -1.24349494e-01 6.89336066e-01 -1.43146292e+01 -1.24274919e-01 6.88890455e-01 -9.21276599e+00 -7.45747281e-05 4.45611028e-04 -5.10186318e+00
1108             -1.06868992e-01 6.82763598e-01 -1.43133637e+01 -1.06842158e-01 6.82296474e-01 -9.21151992e+00 -2.68339466e-05 4.67124223e-04 -5.10184375e+00
1109             -9.11692842e-02 6.74113265e-01 -1.43126640e+01 -9.11819442e-02 6.73629489e-01 -9.21085566e+00 1.26599766e-05 4.83776414e-04 -5.10180833e+00
1110             -7.69761720e-02 6.62974462e-01 -1.43121235e+01 -7.70166377e-02 6.62479588e-01 -9.21036635e+00 4.04657078e-05 4.94874944e-04 -5.10175715e+00
1111             -6.32322621e-02 6.49613491e-01 -1.43112007e+01 -6.32896137e-02 6.49112393e-01 -9.20950147e+00 5.73516143e-05 5.01097790e-04 -5.10169924e+00
1112             -5.01552994e-02 6.34220396e-01 -1.43097263e+01 -5.02191700e-02 6.33718953e-01 -9.20807936e+00 6.38705855e-05 5.01443826e-04 -5.10164692e+00
1113             -3.95887225e-02 6.17726780e-01 -1.43082249e+01 -3.96482076e-02 6.17234412e-01 -9.20661949e+00 5.94850867e-05 4.92367892e-04 -5.10160542e+00
1114             -3.27622060e-02 6.00961595e-01 -1.43074293e+01 -3.28047679e-02 6.00486523e-01 -9.20584897e+00 4.25618986e-05 4.75072060e-04 -5.10158037e+00
1115             -2.94465737e-02 5.84080644e-01 -1.43075374e+01 -2.94634437e-02 5.83626732e-01 -9.20596935e+00 1.68699522e-05 4.53911908e-04 -5.10156810e+00
1116             -2.76485209e-02 5.67403372e-01 -1.43081308e+01 -2.76367465e-02 5.66972891e-01 -9.20656999e+00 -1.17743244e-05 4.30481036e-04 -5.10156080e+00
1117             -2.70896971e-02 5.52494849e-01 -1.43086960e+01 -2.70539020e-02 5.52089081e-01 -9.20714275e+00 -3.57951665e-05 4.05768516e-04 -5.10155322e+00
1118             -2.77706462e-02 5.40039098e-01 -1.43091262e+01 -2.77198918e-02 5.39658110e-01 -9.20758055e+00 -5.07544132e-05 3.80987937e-04 -5.10154563e+00
1119             -3.16135718e-02 5.30754776e-01 -1.43094204e+01 -3.15591195e-02 5.30395189e-01 -9.20787567e+00 -5.44523334e-05 3.59586645e-04 -5.10154478e+00
1120             -3.96269271e-02 5.24193674e-01 -1.43098407e+01 -3.95780659e-02 5.23852443e-01 -9.20828629e+00 -4.88611640e-05 3.41231378e-04 -5.10155442e+00
1121             -5.02879819e-02 5.21121553e-01 -1.43101979e+01 -5.02504294e-02 5.20798154e-01 -9.20862495e+00 -3.75524965e-05 3.23399124e-04 -5.10157291e+00
1122             -6.13890731e-02 5.21652640e-01 -1.43101859e+01 -6.13635470e-02 5.21345270e-01 -9.20859084e+00 -2.55261341e-05 3.07369853e-04 -5.10159510e+00
1123             -7.34415866e-02 5.25610628e-01 -1.43098658e+01 -7.34265594e-02 5.25313915e-01 -9.20824773e+00 -1.50271972e-05 2.96712288e-04 -5.10161810e+00
1124             -8.74557694e-02 5.33217195e-01 -1.43091036e+01 -8.74492039e-02 5.32924124e-01 -9.20747274e+00 -6.56551374e-06 2.93071413e-04 -5.10163088e+00
1125             -1.03736669e-01 5.43818826e-01 -1.43085853e+01 -1.03734478e-01 5.43521298e-01 -9.20695508e+00 -2.19048902e-06 2.97528825e-04 -5.10163024e+00
1126             -1.22194552e-01 5.55764718e-01 -1.43086752e+01 -1.22191003e-01 5.55452834e-01 -9.20706339e+00 -3.54975327e-06 3.11884154e-04 -5.10161185e+00
1127             -1.41040446e-01 5.68480382e-01 -1.43090165e+01 -1.41025819e-01 5.68144570e-01 -9.20744064e+00 -1.46275996e-05 3.35811546e-04 -5.10157585e+00
1128             -1.57233441e-01 5.82439242e-01 -1.43091141e+01 -1.57197503e-01 5.82074707e-01 -9.20758571e+00 -3.59380291e-05 3.64534324e-04 -5.10152839e+00
1129             -1.70443886e-01 5.98093863e-01 -1.43085629e+01 -1.70380438e-01 5.97699088e-01 -9.20708405e+00 -6.34480652e-05 3.94774912e-04 -5.10147882e+00
1130             -1.82497565e-01 6.15138412e-01 -1.43079118e+01 -1.82402185e-01 6.14713622e-01 -9.20647931e+00 -9.53795235e-05 4.24790067e-04 -5.10143247e+00
1131             -1.94509080e-01 6.32249495e-01 -1.43080224e+01 -1.94378467e-01 6.31801043e-01 -9.20662858e+00 -1.30612547e-04 4.48452775e-04 -5.10139385e+00
1132             -2.05469448e-01 6.49142610e-01 -1.43089795e+01 -2.05302843e-01 6.48681922e-01 -9.20761822e+00 -1.66604863e-04 4.60687690e-04 -5.10136132e+00
1133             -2.12962630e-01 6.65231746e-01 -1.43103210e+01 -2.12764597e-01 6.64770069e-01 -9.20899293e+00 -1.98032989e-04 4.61676525e-04 -5.10132805e+00
1134             -2.15440479e-01 6.80129239e-01 -1.43114661e+01 -2.15223357e-01 6.79675780e-01 -9.21017480e+00 -2.17122072e-04 4.53458890e-04 -5.10129135e+00
1135             -2.13336657e-01 6.93176942e-01 -1.43122988e+01 -2.13114674e-01 6.92737126e-01 -9.21104332e+00 -2.21982569e-04 4.39815900e-04 -5.10125548e+00
1136             -2.08106982e-01 7.03472570e-01 -1.43130492e+01 -2.07893187e-01 7.03044585e-01 -9.21182145e+00 -2.13794555e-04 4.27985488e-04 -5.10122772e+00
1137             -2.01831985e-01 7.10027963e-01 -1.43136024e+01 -2.01639391e-01 7.09605288e-01 -9.21238786e+00 -1.92594006e-04 4.22674698e-04 -5.10121458e+00
1138             -1.93770300e-01 7.13210795e-01 -1.43139216e+01 -1.93611286e-01 7.12782081e-01 -9.21270367e+00 -1.59014044e-04 4.28714740e-04 -5.10121788e+00
1139             -1.81969549e-01 7.13406191e-01 -1.43137657e+01 -1.81852524e-01 7.12961735e-01 -9.21253227e+00 -1.17024641e-04 4.44456666e-04 -5.10123348e+00
1140             -1.66899405e-01 7.10810151e-01 -1.43132111e+01 -1.66829558e-01 7.10344147e-01 -9.21195505e+00 -6.98466153e-05 4.66003749e-04 -5.10125603e+00
1141             -1.50535609e-01 7.06184770e-01 -1.43121396e+01 -1.50512735e-01 7.05695106e-01 -9.21086188e+00 -2.28743143e-05 4.89664009e-04 -5.10127776e+00
1142             -1.34331478e-01 7.00272942e-01 -1.43110684e+01 -1.34352326e-01 6.99760819e-01 -9.20977598e+00 2.08480388e-05 5.12122812e-04 -5.10129240e+00
1143             -1.19420915e-01 6.92563496e-01 -1.43104619e+01 -1.19478434e-01 6.92034682e-01 -9.20917058e+00 5.75190795e-05 5.28814691e-04 -5.10129128e+00
1144             -1.05692334e-01 6.82193712e-01 -1.43099471e+01 -1.05775470e-01 6.81655001e-01 -9.20867538e+00 8.31366037e-05 5.38710751e-04 -5.10127172e+00
1145             -9.21521453e-02 6.68996438e-01 -1.43091031e+01 -9.22485831e-02 6.68453278e-01 -9.20786511e+00 9.64377367e-05 5.43159846e-04 -5.10123800e+00
1146             -7.86302839e-02 6.53225587e-01 -1.43076399e+01 -7.87304433e-02 6.52681607e-01 -9.20644171e+00 1.00159414e-04 5.43979922e-04 -5.10119822e+00
1147             -6.69940809e-02 6.35755292e-01 -1.43058310e+01 -6.70885537e-02 6.35216830e-01 -9.20467378e+00 9.44728690e-05 5.38461878e-04 -5.10115726e+00
1148             -5.84077119e-02 6.17801570e-01 -1.43044916e+01 -5.84845989e-02 6.17272885e-01 -9.20337036e+00 7.68870651e-05 5.28685372e-04 -5.10112121e+00
1149             -5.30139376e-02 5.99846572e-01 -1.43040353e+01 -5.30626107e-02 5.99331111e-01 -9.20294545e+00 4.86731033e-05 5.15460418e-04 -5.10108981e+00
1150             -4.91768135e-02 5.82436373e-01 -1.43041656e+01 -4.91923385e-02 5.81936439e-01 -9.20310894e+00 1.55250608e-05 4.99933280e-04 -5.10105663e+00
1151             -4.60357708e-02 5.65900952e-01 -1.43046054e+01 -4.60213264e-02 5.65417891e-01 -9.20358729e+00 -1.44443081e-05 4.83060609e-04 -5.10101811e+00
1152             -4.39686968e-02 5.51663167e-01 -1.43049503e+01 -4.39318077e-02 5.51199322e-01 -9.20397184e+00 -3.68891014e-05 4.63845307e-04 -5.10097849e+00
1153             -4.38307616e-02 5.40420048e-01 -1.43053183e+01 -4.37819202e-02 5.39978695e-01 -9.20437184e+00 -4.88414374e-05 4.41352911e-04 -5.10094651e+00
1154             -4.80925640e-02 5.31981860e-01 -1.43056617e+01 -4.80440771e-02 5.31561151e-01 -9.20473206e+00 -4.84868943e-05 4.20708309e-04 -5.10092966e+00
1155             -5.59946387e-02 5.26318134e-01 -1.43059580e+01 -5.59558095e-02 5.25917909e-01 -9.20502468e+00 -3.88292777e-05 4.00225627e-04 -5.10093332e+00
1156             -6.49584098e-02 5.24108911e-01 -1.43061041e+01 -6.49338506e-02 5.23729021e-01 -9.20514916e+00 -2.45592861e-05 3.79889516e-04 -5.10095496e+00
1157             -7.43874082e-02 5.25290699e-01 -1.43060157e+01 -7.43774903e-02 5.24928757e-01 -9.20502510e+00 -9.91788813e-06 3.61941281e-04 -5.10099064e+00
1158             -8.51720547e-02 5.29901135e-01 -1.43055340e+01 -8.51728981e-02 5.29550199e-01 -9.20450495e+00 8.43407977e-07 3.50936148e-04 -5.10102904e+00
1159             -9.83983063e-02 5.38150718e-01 -1.43050641e+01 -9.84072328e-02 5.37803738e-01 -9.20400145e+00 8.92649741e-06 3.46980098e-04 -5.10106269e+00
1160             -1.14124090e-01 5.49220795e-01 -1.43051746e+01 -1.14136437e-01 5.48868032e-01 -9.20409372e+00 1.23471210e-05 3.52762657e-04 -5.10108091e+00
1161             -1.31422494e-01 5.62189649e-01 -1.43056012e+01 -1.31431143e-01 5.61821727e-01 -9.20452153e+00 8.64853904e-06 3.67922142e-04 -5.10107966e+00
1162             -1.47416884e-01 5.76407399e-01 -1.43057146e+01 -1.47413590e-01 5.76016604e-01 -9.20465266e+00 -3.29398563e-06 3.90794537e-04 -5.10106194e+00
1163             -1.61088818e-01 5.92385651e-01 -1.43052988e+01 -1.61067806e-01 5.91968346e-01 -9.20426602e+00 -2.10123122e-05 4.17305263e-04 -5.10103277e+00
1164             -1.73681393e-01 6.09855109e-01 -1.43046186e+01 -1.73637372e-01 6.09409700e-01 -9.20362359e+00 -4.40211610e-05 4.45408849e-04 -5.10099500e+00
1165             -1.85861153e-01 6.27898532e-01 -1.43043587e+01 -1.85788753e-01 6.27428816e-01 -9.20340526e+00 -7.24004679e-05 4.69715782e-04 -5.10095348e+00
1166             -1.97606860e-01 6.45790921e-01 -1.43049530e+01 -1.97503834e-01 6.45306227e-01 -9.20404374e+00 -1.03026303e-04 4.84693761e-04 -5.10090923e+00
1167             -2.06856115e-01 6.63050353e-01 -1.43060786e+01 -2.06724871e-01 6.62561485e-01 -9.20522134e+00 -1.31243902e-04 4.88867710e-04 -5.10085727e+00
1168             -2.12196782e-01 6.78932463e-01 -1.43072828e+01 -2.12045958e-01 6.78448826e-01 -9.20648735e+00 -1.50824585e-04 4.83637470e-04 -5.10079543e+00
1169             -2.13044754e-01 6.92894126e-01 -1.43082619e+01 -2.12888137e-01 6.92421986e-01 -9.20753221e+00 -1.56617055e-04 4.72140193e-04 -5.10072973e+00
1170             -2.10751392e-01 7.04672106e-01 -1.43091300e+01 -2.10603219e-01 7.04212089e-01 -9.20845725e+00 -1.48172924e-04 4.60016118e-04 -5.10067280e+00
1171             -2.06814318e-01 7.13661650e-01 -1.43099021e+01 -2.06686834e-01 7.13210151e-01 -9.20926922e+00 -1.27483725e-04 4.51499474e-04 -5.10063284e+00
1172             -2.01531890e-01 7.19044333e-01 -1.43103518e+01 -2.01435361e-01 7.18592352e-01 -9.20973510e+00 -9.65287444e-05 4.51980430e-04 -5.10061668e+00
1173             -1.93446166e-01 7.21296987e-01 -1.43103800e+01 -1.93389541e-01 7.20834523e-01 -9.20975550e+00 -5.66252546e-05 4.62464322e-04 -5.10062445e+00
1174             -1.82213922e-01 7.20708274e-01 -1.43101438e+01 -1.82202484e-01 7.20227714e-01 -9.20949070e+00 -1.14381534e-05 4.80560372e-04 -5.10065305e+00
1175             -1.68693207e-01 7.16991075e-01 -1.43094958e+01 -1.68727830e-01 7.16488709e-01 -9.20880235e+00 3.46227041e-05 5.02365454e-04 -5.10069347e+00
1176             -1.54255339e-01 7.11351013e-01 -1.43087923e+01 -1.54332385e-01 7.10826805e-01 -9.20805553e+00 7.70458839e-05 5.24207278e-04 -5.10073681e+00
1177             -1.40466807e-01 7.04254001e-01 -1.43084294e+01 -1.40579664e-01 7.03712085e-01 -9.20765759e+00 1.12857608e-04 5.41916057e-04 -5.10077178e+00
1178             -1.27381335e-01 6.94820787e-01 -1.43081044e+01 -1.27520166e-01 6.94269242e-01 -9.20731525e+00 1.38830697e-04 5.51544624e-04 -5.10078913e+00
1179             -1.14295435e-01 6.82423517e-01 -1.43073836e+01 -1.14448057e-01 6.81869157e-01 -9.20659437e+00 1.52622599e-04 5.54360568e-04 -5.10078925e+00
1180             -1.00893936e-01 6.67061296e-01 -1.43059251e+01 -1.01049491e-01 6.66508291e-01 -9.20514943e+00 1.55555199e-04 5.53004391e-04 -5.10077563e+00
1181             -8.88777678e-02 6.49356268e-01 -1.43040223e+01 -8.90273839e-02 6.48809382e-01 -9.20327167e+00 1.49616068e-04 5.46885832e-04 -5.10075065e+00
1182             -7.94264658e-02 6.30481061e-01 -1.43023352e+01 -7.95591024e-02 6.29942485e-01 -9.20161738e+00 1.32636677e-04 5.38575630e-04 -5.10071779e+00
1183             -7.25885436e-02 6.11437973e-01 -1.43014222e+01 -7.26940552e-02 6.10907281e-01 -9.20074285e+00 1.05511548e-04 5.30692135e-04 -5.10067933e+00
1184             -6.70105850e-02 5.93141002e-01 -1.43011818e+01 -6.70820701e-02 5.92619688e-01 -9.20055036e+00 7.14851195e-05 5.21314012e-04 -5.10063139e+00
1185             -6.20800458e-02 5.75937295e-01 -1.43013074e+01 -6.21179245e-02 5.75426568e-01 -9.20073630e+00 3.78787046e-05 5.10726775e-04 -5.10057105e+00
1186             -5.77722492e-02 5.60336461e-01 -1.43015220e+01 -5.77826996e-02 5.59838688e-01 -9.20101824e+00 1.04504445e-05 4.97773024e-04 -5.10050380e+00
1187             -5.52395690e-02 5.47572777e-01 -1.43016974e+01 -5.52312231e-02 5.47092662e-01 -9.20125480e+00 -8.34592783e-06 4.80114571e-04 -5.10044260e+00
1188             -5.60704404e-02 5.37531595e-01 -1.43020661e+01 -5.60539672e-02 5.37072840e-01 -9.20166888e+00 -1.64732489e-05 4.58754884e-04 -5.10039719e+00
1189             -6.06420598e-02 5.30142933e-01 -1.43024871e+01 -6.06283787e-02 5.29706594e-01 -9.20210999e+00 -1.36810997e-05 4.36339421e-04 -5.10037710e+00
1190             -6.71109736e-02 5.25623412e-01 -1.43026702e+01 -6.71084173e-02 5.25209316e-01 -9.20228434e+00 -2.55626799e-06 4.14095426e-04 -5.10038590e+00
1191             -7.47022735e-02 5.24363845e-01 -1.43027190e+01 -7.47143448e-02 5.23970213e-01 -9.20229754e+00 1.20713307e-05 3.93632268e-04 -5.10042143e+00
1192             -8.31052324e-02 5.26577604e-01 -1.43023793e+01 -8.31301338e-02 5.26200196e-01 -9.20190532e+00 2.49014591e-05 3.77408079e-04 -5.10047402e+00
1193             -9.33981558e-02 5.32137973e-01 -1.43021004e+01 -9.34313262e-02 5.31769958e-01 -9.20156766e+00 3.31704853e-05 3.68015738e-04 -5.10053270e+00
1194             -1.06568005e-01 5.41119975e-01 -1.43022928e+01 -1.06605447e-01 5.40752117e-01 -9.20170716e+00 3.74419137e-05 3.67858091e-04 -5.10058559e+00
1195             -1.21586149e-01 5.53365787e-01 -1.43027824e+01 -1.21621312e-01 5.52988409e-01 -9.20216019e+00 3.51632489e-05 3.77378202e-04 -5.10062223e+00
1196             -1.36425936e-01 5.67867769e-01 -1.43030333e+01 -1.36452264e-01 5.67473306e-01 -9.20239233e+00 2.63283096e-05 3.94462376e-04 -5.10064099e+00
1197             -1.49868360e-01 5.84039773e-01 -1.43026274e+01 -1.49881316e-01 5.83621871e-01 -9.20198454e+00 1.29566695e-05 4.17902620e-04 -5.10064288e+00
1198             -1.62919572e-01 6.01818537e-01 -1.43018896e+01 -1.62914976e-01 6.01373090e-01 -9.20126179e+00 -4.59582278e-06 4.45446355e-04 -5.10062783e+00
1199             -1.75774477e-01 6.20358185e-01 -1.43015120e+01 -1.75745873e-01 6.19887665e-01 -9.20091453e+00 -2.86036131e-05 4.70520486e-04 -5.10059749e+00
1200             -1.87920482e-01 6.39075750e-01 -1.43017722e+01 -1.87864494e-01 6.38587780e-01 -9.20121975e+00 -5.59882127e-05 4.87969913e-04 -5.10055241e+00
1201             -1.98142939e-01 6.57192096e-01 -1.43025907e+01 -1.98060622e-01 6.56696087e-01 -9.20209919e+00 -8.23177992e-05 4.96008296e-04 -5.10049154e+00
1202             -2.05187981e-01 6.74088714e-01 -1.43036155e+01 -2.05086762e-01 6.73594368e-01 -9.20320245e+00 -1.01218797e-04 4.94346062e-04 -5.10041305e+00
1203             -2.08600225e-01 6.89000940e-01 -1.43046374e+01 -2.08491501e-01 6.88515483e-01 -9.20431278e+00 -1.08723588e-04 4.85456737e-04 -5.10032459e+00
1204             -2.08991320e-01 7.01598713e-01 -1.43056138e+01 -2.08888808e-01 7.01124397e-01 -9.20537401e+00 -1.02511685e-04 4.74315943e-04 -5.10023983e+00
1205             -2.07672788e-01 7.12003735e-01 -1.43065043e+01 -2.07590415e-01 7.11539721e-01 -9.20633218e+00 -8.23730032e-05 4.64013644e-04 -5.10017210e+00
1206             -2.04742556e-01 7.19594456e-01 -1.43072150e+01 -2.04690611e-01 7.19134112e-01 -9.20708436e+00 -5.19449944e-05 4.60344636e-04 -5.10013064e+00
1207             -1.99298650e-01 7.23747589e-01 -1.43074588e+01 -1.99284719e-01 7.23282746e-01 -9.20733814e+00 -1.39312287e-05 4.64842786e-04 -5.10012066e+00
1208             -1.91375214e-01 7.24932930e-01 -1.43073884e+01 -1.91405466e-01 7.24455945e-01 -9.20724610e+00 3.02522518e-05 4.76985432e-04 -5.10014230e+00
1209             -1.81102745e-01 7.23033217e-01 -1.43070582e+01 -1.81178787e-01 7.22538714e-01 -9.20686929e+00 7.60422999e-05 4.94502720e-04 -5.10018887e+00
1210             -1.69182962e-01 7.18223441e-01 -1.43066873e+01 -1.69302616e-01 7.17709464e-01 -9.20643569e+00 1.19654109e-04 5.13976272e-04 -5.10025162e+00
1211             -1.57012937e-01 7.11415855e-01 -1.43066154e+01 -1.57169259e-01 7.10884606e-01 -9.20630016e+00 1.56321810e-04 5.31249057e-04 -5.10031526e+00
1212             -1.45003917e-01 7.02615940e-01 -1.43064975e+01 -1.45187694e-01 7.02073981e-01 -9.20612877e+00 1.83777149e-04 5.41959552e-04 -5.10036874e+00
1213             -1.32449689e-01 6.91041749e-01 -1.43060230e+01 -1.32650134e-01 6.90497071e-01 -9.20561641e+00 2.00445861e-04 5.44678498e-04 -5.10040657e+00
1214             -1.19080016e-01 6.76370650e-01 -1.43048300e+01 -1.19285989e-01 6.75829482e-01 -9.20440220e+00 2.05972178e-04 5.41167399e-04 -5.10042775e+00
1215             -1.06877160e-01 6.59000989e-01 -1.43029406e+01 -1.07078950e-01 6.58468340e-01 -9.20251045e+00 2.01789483e-04 5.32649778e-04 -5.10043019e+00
1216             -9.69407890e-02 6.40012303e-01 -1.43010966e+01 -9.71277189e-02 6.39489307e-01 -9.20068127e+00 1.86929859e-04 5.22995523e-04 -5.10041535e+00
1217             -8.92154642e-02 6.20220327e-01 -1.42998282e+01 -8.93777269e-02 6.19704936e-01 -9.19944638e+00 1.62262628e-04 5.15390853e-04 -5.10038184e+00
1218             -8.22975262e-02 6.00867948e-01 -1.42991379e+01 -8.24277334e-02 6.00357915e-01 -9.19880927e+00 1.30207235e-04 5.10033945e-04 -5.10032864e+00
1219             -7.55651314e-02 5.82825329e-01 -1.42989196e+01 -7.56620785e-02 5.82321235e-01 -9.19866443e+00 9.69470882e-05 5.04093332e-04 -5.10025521e+00
1220             -6.93353584e-02 5.66574852e-01 -1.42988253e+01 -6.94021601e-02 5.66078506e-01 -9.19865841e+00 6.68016699e-05 4.96346687e-04 -5.10016692e+00
1221             -6.45298016e-02 5.52504499e-01 -1.42988287e+01 -6.45734890e-02 5.52020363e-01 -9.19875013e+00 4.36873566e-05 4.84135530e-04 -5.10007860e+00
1222             -6.29953079e-02 5.41087368e-01 -1.42989966e+01 -6.30250918e-02 5.40620635e-01 -9.19899220e+00 2.97839630e-05 4.66732732e-04 -5.10000444e+00
1223             -6.45551975e-02 5.32264416e-01 -1.42994112e+01 -6.45804820e-02 5.31820721e-01 -9.19945536e+00 2.52844562e-05 4.43695021e-04 -5.09995588e+00
1224             -6.79321059e-02 5.26165089e-01 -1.42998235e+01 -6.79622036e-02 5.25745475e-01 -9.19988272e+00 3.00977216e-05 4.19613350e-04 -5.09994079e+00
1225             -7.31810586e-02 5.22792686e-01 -1.43000758e+01 -7.32226033e-02 5.22395428e-01 -9.20011252e+00 4.15447457e-05 3.97257925e-04 -5.09996330e+00
1226             -7.98949160e-02 5.22905268e-01 -1.42999717e+01 -7.99489005e-02 5.22526009e-01 -9.19995653e+00 5.39845003e-05 3.79258281e-04 -5.10001520e+00
1227             -8.80573505e-02 5.26336952e-01 -1.42997893e+01 -8.81207767e-02 5.25970879e-01 -9.19970148e+00 6.34261954e-05 3.66072659e-04 -5.10008777e+00
1228             -9.87324129e-02 5.32937796e-01 -1.43000589e+01 -9.87991500e-02 5.32575599e-01 -9.19989299e+00 6.67371191e-05 3.62197641e-04 -5.10016586e+00
1229             -1.11635513e-01 5.43393849e-01 -1.43006138e+01 -1.11699071e-01 5.43025574e-01 -9.20037696e+00 6.35585538e-05 3.68275176e-04 -5.10023682e+00
1230             -1.24797963e-01 5.57348099e-01 -1.43009697e+01 -1.24852101e-01 5.56965401e-01 -9.20067636e+00 5.41379177e-05 3.82698900e-04 -5.10029337e+00
1231             -1.37313003e-01 5.73853603e-01 -1.43007407e+01 -1.37353948e-01 5.73450285e-01 -9.20040862e+00 4.09457463e-05 4.03318218e-04 -5.10033205e+00
1232             -1.50313374e-01 5.92048599e-01 -1.43000653e+01 -1.50338091e-01 5.91618201e-01 -9.19971677e+00 2.47177563e-05 4.30397878e-04 -5.10034856e+00
1233             -1.63873180e-01 6.11047462e-01 -1.42995384e+01 -1.63876526e-01 6.10589532e-01 -9.19919645e+00 3.34636089e-06 4.57930370e-04 -5.10034195e+00
1234             -1.77030010e-01 6.30449722e-01 -1.42995961e+01 -1.77007202e-01 6.29970603e-01 -9.19928607e+00 -2.28078618e-05 4.79119526e-04 -5.10031001e+00
1235             -1.88206373e-01 6.49403766e-01 -1.43000380e+01 -1.88156987e-01 6.48912004e-01 -9.19978814e+00 -4.93860721e-05 4.91762098e-04 -5.10024983e+00
1236             -1.96452269e-01 6.67197370e-01 -1.43007420e+01 -1.96382259e-01 6.66701936e-01 -9.20057844e+00 -7.00107762e-05 4.95434669e-04 -5.10016356e+00
1237             -2.01637543e-01 6.83102063e-01 -1.43015818e+01 -2.01557892e-01 6.82611160e-01 -9.20152340e+00 -7.96507183e-05 4.90902362e-04 -5.10005841e+00
1238             -2.04566987e-01 6.96759671e-01 -1.43025786e+01 -2.04489952e-01 6.96277146e-01 -9.20262830e+00 -7.70349436e-05 4.82524688e-04 -5.09995028e+00
1239             -2.05898406e-01 7.08014468e-01 -1.43036287e+01 -2.05838032e-01 7.07541008e-01 -9.20377442e+00 -6.03745119e-05 4.73460086e-04 -5.09985427e+00
1240             -2.05771734e-01 7.17031121e-01 -1.43044655e+01 -2.05740175e-01 7.16563268e-01 -9.20468115e+00 -3.15591035e-05 4.67853090e-04 -5.09978436e+00
1241             -2.02655053e-01 7.23204418e-01 -1.43049809e+01 -2.02660244e-01 7.22736821e-01 -9.20523239e+00 5.19081913e-06 4.67597656e-04 -5.09974849e+00
1242             -1.97233257e-01 7.26166997e-01 -1.43051589e+01 -1.97280689e-01 7.25693232e-01 -9.20540756e+00 4.74329006e-05 4.73765041e-04 -5.09975136e+00
1243             -1.90076340e-01 7.25867431e-01 -1.43049940e+01 -1.90168927e-01 7.25382520e-01 -9.20520408e+00 9.25869592e-05 4.84911340e-04 -5.09978994e+00
1244             -1.81172546e-01 7.22673110e-01 -1.43048750e+01 -1.81309352e-01 7.22173086e-01 -9.20501823e+00 1.36805668e-04 5.00024659e-04 -5.09985676e+00
1245             -1.71188283e-01 7.16720441e-01 -1.43050944e+01 -1.71364293e-01 7.16205841e-01 -9.20515555e+00 1.76009348e-04 5.14600199e-04 -5.09993880e+00
1246             -1.60586580e-01 7.08161828e-01 -1.43053189e+01 -1.60792661e-01 7.07637058e-01 -9.20529896e+00 2.06081258e-04 5.24770079e-04 -5.10001991e+00
1247             -1.49026098e-01 6.97122384e-01 -1.43050818e+01 -1.49251691e-01 6.96594149e-01 -9.20498951e+00 2.25593147e-04 5.28235651e-04 -5.10009231e+00
1248             -1.35974348e-01 6.83184598e-01 -1.43041069e+01 -1.36209931e-01 6.82659739e-01 -9.20395610e+00 2.35583054e-04 5.24858824e-04 -5.10015075e+00
1249             -1.23515530e-01 6.66343335e-01 -1.43024731e+01 -1.23751618e-01 6.65829330e-01 -9.20228525e+00 2.36088417e-04 5.14005249e-04 -5.10018790e+00
1250             -1.13082314e-01 6.47476059e-01 -1.43005963e+01 -1.13307114e-01 6.46974681e-01 -9.20039575e+00 2.24800246e-04 5.01377770e-04 -5.10020059e+00
1251             -1.04645627e-01 6.27507575e-01 -1.42991168e+01 -1.04849294e-01 6.27016060e-01 -9.19893029e+00 2.03667444e-04 4.91514675e-04 -5.10018656e+00
1252             -9.67362348e-02 6.07417719e-01 -1.42980507e+01 -9.69118047e-02 6.06932110e-01 -9.19791071e+00 1.75569926e-04 4.85608737e-04 -5.10014000e+00
1253             -8.85772077e-02 5.88377656e-01 -1.42973286e+01 -8.87226069e-02 5.87894979e-01 -9.19726624e+00 1.45399200e-04 4.82676491e-04 -5.10006232e+00
1254             -8.04895674e-02 5.71270561e-01 -1.42968722e+01 -8.06064103e-02 5.70791828e-01 -9.19691118e+00 1.16842936e-04 4.78733484e-04 -5.09996099e+00
1255             -7.36318102e-02 5.56472127e-01 -1.42966069e+01 -7.37241997e-02 5.56001272e-01 -9.19675571e+00 9.23895055e-05 4.70854921e-04 -5.09985123e+00
1256             -6.96420284e-02 5.43802085e-01 -1.42966047e+01 -6.97172353e-02 5.43344315e-01 -9.19685584e+00 7.52068725e-05 4.57770938e-04 -5.09974884e+00
1257             -6.88042291e-02 5.33680289e-01 -1.42968296e+01 -6.88705045e-02 5.33242157e-01 -9.19715956e+00 6.62753709e-05 4.38132487e-04 -5.09967007e+00
1258             -6.94299172e-02 5.26281168e-01 -1.42972011e+01 -6.94950876e-02 5.25867814e-01 -9.19757607e+00 6.51703584e-05 4.13354347e-04 -5.09962505e+00
1259             -7.16979240e-02 5.21496688e-01 -1.42976703e+01 -7.17691735e-02 5.21107842e-01 -9.19804825e+00 7.12494910e-05 3.88845492e-04 -5.09962204e+00
1260             -7.61260793e-02 5.19612974e-01 -1.42978705e+01 -7.62072586e-02 5.19244329e-01 -9.19821108e+00 8.11793018e-05 3.68644933e-04 -5.09965938e+00
1261             -8.26299557e-02 5.21063031e-01 -1.42979861e+01 -8.27204725e-02 5.20709294e-01 -9.19825676e+00 9.05168282e-05 3.53736528e-04 -5.09972930e+00
1262             -9.13602296e-02 5.25732148e-01 -1.42983961e+01 -9.14551128e-02 5.25385714e-01 -9.19857687e+00 9.48832090e-05 3.46434363e-04 -5.09981921e+00
1263             -1.02124753e-01 5.33990644e-01 -1.42990319e+01 -1.02215858e-01 5.33640742e-01 -9.19911815e+00 9.11051845e-05 3.49902113e-04 -5.09991373e+00
1264             -1.13499531e-01 5.46364748e-01 -1.42995002e+01 -1.13579581e-01 5.46002295e-01 -9.19949742e+00 8.00498981e-05 3.62452772e-04 -5.10000274e+00
1265             -1.24668433e-01 5.62438669e-01 -1.42993565e+01 -1.24733311e-01 5.62056532e-01 -9.19927803e+00 6.48781407e-05 3.82136931e-04 -5.10007845e+00
1266             -1.36799777e-01 5.81052246e-01 -1.42987895e+01 -1.36847383e-01 5.80643565e-01 -9.19865764e+00 4.76065184e-05 4.08680652e-04 -5.10013185e+00
1267             -1.50470085e-01 6.00669913e-01 -1.42983017e+01 -1.50495836e-01 6.00232333e-01 -9.19814507e+00 2.57502142e-05 4.37580413e-04 -5.10015667e+00
1268             -1.64543067e-01 6.20630694e-01 -1.42982103e+01 -1.64543337e-01 6.20167953e-01 -9.19806125e+00 2.69403457e-07 4.62740950e-04 -5.10014910e+00
1269             -1.77025527e-01 6.40517609e-01 -1.42984700e+01 -1.76998782e-01 6.40036584e-01 -9.19836645e+00 -2.67452502e-05 4.81024805e-04 -5.10010355e+00
1270             -1.86606732e-01 6.59277787e-01 -1.42988416e+01 -1.86557120e-01 6.58787230e-01 -9.19882248e+00 -4.96118059e-05 4.90557021e-04 -5.10001910e+00
1271             -1.93217735e-01 6.76170036e-01 -1.42993341e+01 -1.93154931e-01 6.75677851e-01 -9.19942799e+00 -6.28038538e-05 4.92184924e-04 -5.09990613e+00
1272             -1.97994329e-01 6.90808534e-01 -1.43001067e+01 -1.97930251e-01 6.90319754e-01 -9.20032559e+00 -6.40779901e-05 4.88779197e-04 -5.09978109e+00
1273             -2.01806081e-01 7.03200300e-01 -1.43011015e+01 -2.01753788e-01 7.02717246e-01 -9.20144077e+00 -5.22937078e-05 4.83053331e-04 -5.09966078e+00
1274             -2.04530728e-01 7.13193569e-01 -1.43021200e+01 -2.04502758e-01 7.12714531e-01 -9.20255840e+00 -2.79701040e-05 4.79037824e-04 -5.09956163e+00
1275             -2.04342431e-01 7.20812799e-01 -1.43027623e+01 -2.04348846e-01 7.20335451e-01 -9.20326667e+00 6.41504442e-06 4.77347430e-04 -5.09949564e+00
1276             -2.01321508e-01 7.25668192e-01 -1.43031992e+01 -2.01368629e-01 7.25189354e-01 -9.20372846e+00 4.71202479e-05 4.78837978e-04 -5.09947078e+00
1277             -1.96484537e-01 7.27120049e-01 -1.43033523e+01 -1.96574734e-01 7.26635842e-01 -9.20386360e+00 9.01964292e-05 4.84207454e-04 -5.09948866e+00
1278             -1.90542037e-01 7.25447520e-01 -1.43034231e+01 -1.90675991e-01 7.24955040e-01 -9.20387762e+00 1.33954671e-04 4.92480592e-04 -5.09954549e+00
1279             -1.83493427e-01 7.21010816e-01 -1.43038749e+01 -1.83667753e-01 7.20508155e-01 -9.20424529e+00 1.74326251e-04 5.02660790e-04 -5.09962964e+00
1280             -1.75063308e-01 7.13503527e-01 -1.43043665e+01 -1.75270851e-01 7.12993474e-01 -9.20463976e+00 2.07542960e-04 5.10052296e-04 -5.09972675e+00
1281             -1.64968620e-01 7.02696673e-01 -1.43044437e+01 -1.65199385e-01 7.02183761e-01 -9.20461907e+00 2.30764467e-04 5.12911823e-04 -5.09982462e+00
1282             -1.52643230e-01 6.89128777e-01 -1.43037235e+01 -1.52887158e-01 6.88618746e-01 -9.20380761e+00 2.43927907e-04 5.10030564e-04 -5.09991588e+00
1283             -1.40266518e-01 6.72879231e-01 -1.43023335e+01 -1.40516004e-01 6.72379670e-01 -9.20234359e+00 2.49485347e-04 4.99561238e-04 -5.09998995e+00
1284             -1.29456556e-01 6.54367717e-01 -1.43006839e+01 -1.29700686e-01 6.53883039e-01 -9.20064642e+00 2.44130343e-04 4.84677339e-04 -5.10003751e+00
1285             -1.20476874e-01 6.34414347e-01 -1.42991243e+01 -1.20704522e-01 6.33942998e-01 -9.19907257e+00 2.27647397e-04 4.71349605e-04 -5.10005169e+00
1286             -1.11839156e-01 6.14022079e-01 -1.42978020e+01 -1.12042849e-01 6.13559329e-01 -9.19777576e+00 2.03692417e-04 4.62749117e-04 -5.10002627e+00
1287             -1.02506591e-01 5.94267270e-01 -1.42966916e+01 -1.02684309e-01 5.93808670e-01 -9.19673397e+00 1.77718016e-04 4.58599866e-04 -5.09995760e+00
1288             -9.28102454e-02 5.76116392e-01 -1.42957282e+01 -9.29634996e-02 5.75659634e-01 -9.19587567e+00 1.53254226e-04 4.56757836e-04 -5.09985256e+00
1289             -8.39866577e-02 5.60381203e-01 -1.42950517e+01 -8.41179325e-02 5.59928904e-01 -9.19532179e+00 1.31274725e-04 4.52298660e-04 -5.09972991e+00
1290             -7.77514841e-02 5.46870805e-01 -1.42947785e+01 -7.78655292e-02 5.46428167e-01 -9.19517252e+00 1.14045102e-04 4.42637843e-04 -5.09960601e+00
1291             -7.45497707e-02 5.35471399e-01 -1.42948242e+01 -7.46525400e-02 5.35044970e-01 -9.19532592e+00 1.02769290e-04 4.26429034e-04 -5.09949825e+00
1292             -7.27281817e-02 5.26758186e-01 -1.42950235e+01 -7.28263424e-02 5.26353643e-01 -9.19560233e+00 9.81607267e-05 4.04542925e-04 -5.09942119e+00
1293             -7.23148103e-02 5.20779980e-01 -1.42954137e+01 -7.24142281e-02 5.20400888e-01 -9.19602737e+00 9.94177584e-05 3.79092085e-04 -5.09938637e+00
1294             -7.37123817e-02 5.17599572e-01 -1.42958079e+01 -7.38169834e-02 5.17243421e-01 -9.19641163e+00 1.04601679e-04 3.56151061e-04 -5.09939630e+00
1295             -7.79044857e-02 5.17136683e-01 -1.42962237e+01 -7.80162095e-02 5.16797851e-01 -9.19677451e+00 1.11723857e-04 3.38832147e-04 -5.09944921e+00
1296             -8.49142758e-02 5.19849185e-01 -1.42969464e+01 -8.50306748e-02 5.19519881e-01 -9.19741185e+00 1.16398972e-04 3.29303690e-04 -5.09953453e+00
1297             -9.39193879e-02 5.26241316e-01 -1.42978126e+01 -9.40334332e-02 5.25911903e-01 -9.19817469e+00 1.14045247e-04 3.29413462e-04 -5.09963788e+00
1298             -1.03460330e-01 5.36579316e-01 -1.42984335e+01 -1.03563205e-01 5.36239468e-01 -9.19868512e+00 1.02874762e-04 3.39848441e-04 -5.09974843e+00
1299             -1.12824346e-01 5.51029895e-01 -1.42984250e+01 -1.12910088e-01 5.50671856e-01 -9.19857053e+00 8.57422599e-05 3.58039004e-04 -5.09985444e+00
1300             -1.23713711e-01 5.69227770e-01 -1.42978995e+01 -1.23780116e-01 5.68843443e-01 -9.19795513e+00 6.64041366e-05 3.84326852e-04 -5.09994441e+00
1301             -1.36524792e-01 5.89342246e-01 -1.42974577e+01 -1.36567651e-01 5.88928318e-01 -9.19745130e+00 4.28591067e-05 4.13928107e-04 -5.10000644e+00
1302             -1.50768318e-01 6.10102974e-01 -1.42974097e+01 -1.50784449e-01 6.09661624e-01 -9.19737845e+00 1.61308815e-05 4.41350270e-04 -5.10003121e+00
1303             -1.64352665e-01 6.30663464e-01 -1.42975495e+01 -1.64341179e-01 6.30199389e-01 -9.19753833e+00 -1.14861492e-05 4.64074652e-04 -5.10001116e+00
1304             -1.75360230e-01 6.50410600e-01 -1.42977539e+01 -1.75324416e-01 6.49930321e-01 -9.19781049e+00 -3.58142201e-05 4.80278377e-04 -5.09994339e+00
1305             -1.83435505e-01 6.68437381e-01 -1.42979541e+01 -1.83383296e-01 6.67949193e-01 -9.19812083e+00 -5.22099052e-05 4.88187379e-04 -5.09983332e+00
1306             -1.89728508e-01 6.84235175e-01 -1.42983634e+01 -1.89670381e-01 6.83744032e-01 -9.19866289e+00 -5.81271525e-05 4.91142674e-04 -5.09970053e+00
1307             -1.95333215e-01 6.97613905e-01 -1.42991025e+01 -1.95282088e-01 6.97123088e-01 -9.19953899e+00 -5.11272325e-05 4.90816817e-04 -5.09956355e+00
1308             -2.00641230e-01 7.08799557e-01 -1.43000151e+01 -2.00609085e-01 7.08308685e-01 -9.20057561e+00 -3.21450203e-05 4.90871530e-04 -5.09943953e+00
1309             -2.03440072e-01 7.17453879e-01 -1.43007996e+01 -2.03437113e-01 7.16962728e-01 -9.20145609e+00 -2.95850685e-06 4.91151006e-04 -5.09934351e+00
1310             -2.03289828e-01 7.23754406e-01 -1.43013664e+01 -2.03324674e-01 7.23262376e-01 -9.20207934e+00 3.48460088e-05 4.92029246e-04 -5.09928703e+00
1311             -2.00960152e-01 7.27049583e-01 -1.43017724e+01 -2.01036380e-01 7.26556473e-01 -9.20249686e+00 7.62277068e-05 4.93109844e-04 -5.09927554e+00
1312             -1.97287032e-01 7.27173478e-01 -1.43021718e+01 -1.97404848e-01 7.26677627e-01 -9.20286266e+00 1.17815886e-04 4.95851498e-04 -5.09930911e+00
1313             -1.93005455e-01 7.24198644e-01 -1.43028365e+01 -1.93163195e-01 7.23699550e-01 -9.20345521e+00 1.57739199e-04 4.99093629e-04 -5.09938131e+00
1314             -1.87556373e-01 7.18242544e-01 -1.43036353e+01 -1.87748665e-01 7.17740647e-01 -9.20415751e+00 1.92291393e-04 5.01897451e-04 -5.09947781e+00
1315             -1.79770050e-01 7.08569219e-01 -1.43039831e+01 -1.79988614e-01 7.08067530e-01 -9.20439452e+00 2.18564252e-04 5.01689554e-04 -5.09958857e+00
1316             -1.68858240e-01 6.95311344e-01 -1.43035061e+01 -1.69094421e-01 6.94813331e-01 -9.20380268e+00 2.36180608e-04 4.98012606e-04 -5.09970338e+00
1317             -1.57064110e-01 6.79236830e-01 -1.43023568e+01 -1.57309524e-01 6.78748868e-01 -9.20254789e+00 2.45413704e-04 4.87961454e-04 -5.09980889e+00
1318             -1.46367895e-01 6.61233870e-01 -1.43009449e+01 -1.46613270e-01 6.60760257e-01 -9.20105212e+00 2.45375423e-04 4.73612928e-04 -5.09989276e+00
1319             -1.37030883e-01 6.41543738e-01 -1.42996199e+01 -1.37266071e-01 6.41085245e-01 -9.19967700e+00 2.35188562e-04 4.58492797e-04 -5.09994294e+00
1320             -1.27895265e-01 6.21099691e-01 -1.42982654e+01 -1.28111721e-01 6.20653383e-01 -9.19831827e+00 2.16456355e-04 4.46308685e-04 -5.09994712e+00
1321             -1.17803056e-01 6.00932178e-01 -1.42968846e+01 -1.17997612e-01 6.00493075e-01 -9.19698355e+00 1.94556017e-04 4.39102429e-04 -5.09990103e+00
1322             -1.06814214e-01 5.82076206e-01 -1.42955340e+01 -1.06988603e-01 5.81640303e-01 -9.19572652e+00 1.74389128e-04 4.35903764e-04 -5.09980744e+00
1323             -9.62643710e-02 5.65189830e-01 -1.42943252e+01 -9.64212782e-02 5.64757227e-01 -9.19464311e+00 1.56907234e-04 4.32603090e-04 -5.09968213e+00
1324             -8.79244224e-02 5.50724932e-01 -1.42935845e+01 -8.80672499e-02 5.50299014e-01 -9.19403856e+00 1.42827475e-04 4.25917152e-04 -5.09954599e+00
1325             -8.25400312e-02 5.38448179e-01 -1.42933310e+01 -8.26725868e-02 5.38035625e-01 -9.19391390e+00 1.32555567e-04 4.12554046e-04 -5.09941710e+00
1326             -7.84340501e-02 5.28488313e-01 -1.42933424e+01 -7.85606575e-02 5.28094570e-01 -9.19403142e+00 1.26607436e-04 3.93742826e-04 -5.09931097e+00
1327             -7.54442475e-02 5.21137479e-01 -1.42935775e+01 -7.55694506e-02 5.20766772e-01 -9.19433454e+00 1.25203124e-04 3.70707365e-04 -5.09924300e+00
1328             -7.41932187e-02 5.16758248e-01 -1.42938734e+01 -7.43196040e-02 5.16411351e-01 -9.19465308e+00 1.26385307e-04 3.46896890e-04 -5.09922033e+00
1329             -7.53343651e-02 5.15048913e-01 -1.42944094e+01 -7.54636530e-02 5.14722566e-01 -9.19516581e+00 1.29287933e-04 3.26346973e-04 -5.09924357e+00
1330             -7.99263361e-02 5.16010469e-01 -1.42954141e+01 -8.00582003e-02 5.15696492e-01 -9.19610452e+00 1.31864199e-04 3.13976898e-04 -5.09930961e+00
1331             -8.72068626e-02 5.20372852e-01 -1.42966498e+01 -8.73371690e-02 5.20061366e-01 -9.19724427e+00 1.30306463e-04 3.11485920e-04 -5.09940556e+00
1332             -9.52195261e-02 5.28859213e-01 -1.42975703e+01 -9.53404051e-02 5.28540331e-01 -9.19804849e+00 1.20878945e-04 3.18881973e-04 -5.09952184e+00
1333             -1.02734146e-01 5.41454740e-01 -1.42977217e+01 -1.02838402e-01 5.41119911e-01 -9.19807480e+00 1.04256319e-04 3.34828303e-04 -5.09964692e+00
1334             -1.11674409e-01 5.57996800e-01 -1.42973231e+01 -1.11757658e-01 5.57636998e-01 -9.19755782e+00 8.32494779e-05 3.59801432e-04 -5.09976527e+00
1335             -1.23238166e-01 5.77539883e-01 -1.42969303e+01 -1.23295891e-01 5.77150253e-01 -9.19706733e+00 5.77248340e-05 3.89630328e-04 -5.09986294e+00
1336             -1.36704419e-01 5.98714107e-01 -1.42969183e+01 -1.36733317e-01 5.98295642e-01 -9.19699278e+00 2.88977277e-05 4.18465386e-04 -5.09992549e+00
1337             -1.50447935e-01 6.20201307e-01 -1.42971146e+01 -1.50447348e-01 6.19757399e-01 -9.19717534e+00 -5.86833610e-07 4.43908252e-04 -5.09993927e+00
1338             -1.62519363e-01 6.40778384e-01 -1.42972127e+01 -1.62492889e-01 6.40313823e-01 -9.19731433e+00 -2.64742451e-05 4.64561353e-04 -5.09989832e+00
1339             -1.72032878e-01 6.59749690e-01 -1.42972254e+01 -1.71988245e-01 6.59270452e-01 -9.19741879e+00 -4.46330066e-05 4.79237555e-04 -5.09980662e+00
1340             -1.79877516e-01 6.76786096e-01 -1.42973770e+01 -1.79823470e-01 6.76297494e-01 -9.19769838e+00 -5.40465738e-05 4.88602393e-04 -5.09967861e+00
1341             -1.86962942e-01 6.91382459e-01 -1.42977495e+01 -1.86910955e-01 6.90887578e-01 -9.19821508e+00 -5.19873433e-05 4.94880721e-04 -5.09953447e+00
1342             -1.94058987e-01 7.03586118e-01 -1.42983965e+01 -1.94020837e-01 7.03085768e-01 -9.19900226e+00 -3.81495704e-05 5.00349950e-04 -5.09939420e+00
1343             -1.99391891e-01 7.13393556e-01 -1.42990610e+01 -1.99377488e-01 7.12888455e-01 -9.19978752e+00 -1.44027743e-05 5.05101531e-04 -5.09927348e+00
1344             -2.02262459e-01 7.20722582e-01 -1.42997126e+01 -2.02280392e-01 7.20214014e-01 -9.20052597e+00 1.79331671e-05 5.08568011e-04 -5.09918665e+00
1345             -2.02756121e-01 7.25510462e-01 -1.43002742e+01 -2.02812227e-01 7.25000626e-01 -9.20113155e+00 5.61058413e-05 5.09836206e-04 -5.09914269e+00
1346             -2.01729885e-01 7.27444133e-01 -1.43008447e+01 -2.01825890e-01 7.26935110e-01 -9.20169960e+00 9.60050527e-05 5.09022571e-04 -5.09914511e+00
1347             -1.99669406e-01 7.26269972e-01 -1.43017967e+01 -1.99803487e-01 7.25763055e-01 -9.20260453e+00 1.34081328e-04 5.06917370e-04 -5.09919216e+00
1348             -1.96880586e-01 7.21760035e-01 -1.43028701e+01 -1.97048422e-01 7.21256893e-01 -9.20359598e+00 1.67835960e-04 5.03142368e-04 -5.09927411e+00
1349             -1.92189723e-01 7.13699996e-01 -1.43035463e+01 -1.92385133e-01 7.13202321e-01 -9.20416526e+00 1.95409647e-04 4.97674429e-04 -5.09938105e+00
1350             -1.83652754e-01 7.01735182e-01 -1.43033908e+01 -1.83868352e-01 7.01244534e-01 -9.20388561e+00 2.15598257e-04 4.90647481e-04 -5.09950523e+00
1351             -1.73270188e-01 6.86035256e-01 -1.43024849e+01 -1.73499720e-01 6.85555652e-01 -9.20285232e+00 2.29531405e-04 4.79603689e-04 -5.09963263e+00
1352             -1.63197595e-01 6.67989114e-01 -1.43013046e+01 -1.63431518e-01 6.67524116e-01 -9.20155827e+00 2.33923344e-04 4.64998415e-04 -5.09974636e+00
1353             -1.54106404e-01 6.48745702e-01 -1.43001748e+01 -1.54335250e-01 6.48295602e-01 -9.20034236e+00 2.28845973e-04 4.50099488e-04 -5.09983243e+00
1354             -1.44781641e-01 6.28502060e-01 -1.42990579e+01 -1.44997904e-01 6.28065318e-01 -9.19918365e+00 2.16262700e-04 4.36741645e-04 -5.09987426e+00
1355             -1.34174574e-01 6.08199789e-01 -1.42977010e+01 -1.34374241e-01 6.07773660e-01 -9.19784130e+00 1.99666860e-04 4.26129556e-04 -5.09985975e+00
1356             -1.22333325e-01 5.88843127e-01 -1.42960865e+01 -1.22517248e-01 5.88423566e-01 -9.19629644e+00 1.83923386e-04 4.19560492e-04 -5.09979005e+00
1357             -1.10467733e-01 5.71226476e-01 -1.42945115e+01 -1.10638561e-01 5.70811704e-01 -9.19483297e+00 1.70828258e-04 4.14771686e-04 -5.09967849e+00
1358             -1.00283091e-01 5.55697035e-01 -1.42932449e+01 -1.00444575e-01 5.55288777e-01 -9.19370318e+00 1.61484754e-04 4.08258025e-04 -5.09954175e+00
1359             -9.29293592e-02 5.42455528e-01 -1.42924999e+01 -9.30844238e-02 5.42057673e-01 -9.19309831e+00 1.55064596e-04 3.97854880e-04 -5.09940163e+00
1360             -8.66807974e-02 5.31577021e-01 -1.42921832e+01 -8.68318435e-02 5.31195406e-01 -9.19290784e+00 1.51046012e-04 3.81614844e-04 -5.09927535e+00
1361             -8.13856228e-02 5.23098590e-01 -1.42921917e+01 -8.15349779e-02 5.22737318e-01 -9.19301273e+00 1.49355047e-04 3.61272227e-04 -5.09917895e+00
1362             -7.74998739e-02 5.17339609e-01 -1.42923268e+01 -7.76485790e-02 5.17000005e-01 -9.19320371e+00 1.48705109e-04 3.39603354e-04 -5.09912307e+00
1363             -7.60258741e-02 5.14422416e-01 -1.42926816e+01 -7.61741633e-02 5.14103474e-01 -9.19356901e+00 1.48289217e-04 3.18942258e-04 -5.09911262e+00
1364             -7.75443020e-02 5.14159293e-01 -1.42937317e+01 -7.76913484e-02 5.13856367e-01 -9.19458397e+00 1.47046446e-04 3.02925879e-04 -5.09914771e+00
1365             -8.23406357e-02 5.16914198e-01 -1.42952612e+01 -8.24837197e-02 5.16616814e-01 -9.19603989e+00 1.43083994e-04 2.97383890e-04 -5.09922129e+00
1366             -8.87048511e-02 5.23363789e-01 -1.42966025e+01 -8.88391042e-02 5.23061735e-01 -9.19727564e+00 1.34253075e-04 3.02053710e-04 -5.09932682e+00
1367             -9.46547681e-02 5.34039001e-01 -1.42971165e+01 -9.47741411e-02 5.33723828e-01 -9.19766248e+00 1.19373049e-04 3.15173063e-04 -5.09945398e+00
1368             -1.01688421e-01 5.48808089e-01 -1.42968988e+01 -1.01788022e-01 5.48470765e-01 -9.19730988e+00 9.96008058e-05 3.37324082e-04 -5.09958893e+00
1369             -1.11295881e-01 5.66732711e-01 -1.42966014e+01 -1.11368751e-01 5.66366509e-01 -9.19688831e+00 7.28697388e-05 3.66202911e-04 -5.09971308e+00
1370             -1.23417626e-01 5.87109672e-01 -1.42966250e+01 -1.23459701e-01 5.86714184e-01 -9.19681475e+00 4.20755615e-05 3.95488457e-04 -5.09981029e+00
1371             -1.36513429e-01 6.08900334e-01 -1.42968677e+01 -1.36523528e-01 6.08477772e-01 -9.19700536e+00 1.00992613e-05 4.22562257e-04 -5.09986229e+00
1372             -1.48564580e-01 6.30364085e-01 -1.42970417e+01 -1.48546411e-01 6.29918140e-01 -9.19718477e+00 -1.81692775e-05 4.45945430e-04 -5.09985697e+00
1373             -1.58927911e-01 6.50329683e-01 -1.42969854e+01 -1.58889316e-01 6.49865101e-01 -9.19719249e+00 -3.85953155e-05 4.64581362e-04 -5.09979294e+00
1374             -1.68133407e-01 6.68263789e-01 -1.42969471e+01 -1.68083506e-01 6.67783678e-01 -9.19726269e+00 -4.99017688e-05 4.80110997e-04 -5.09968443e+00
1375             -1.76668408e-01 6.84106323e-01 -1.42971194e+01 -1.76617142e-01 6.83613117e-01 -9.19757161e+00 -5.12660020e-05 4.93206175e-04 -5.09954781e+00
1376             -1.85322669e-01 6.97510704e-01 -1.42973902e+01 -1.85280410e-01 6.97005793e-01 -9.19798866e+00 -4.22584454e-05 5.04910841e-04 -5.09940151e+00
1377             -1.92484680e-01 7.08396329e-01 -1.42977618e+01 -1.92460871e-01 7.07881019e-01 -9.19849608e+00 -2.38089911e-05 5.15310324e-04 -5.09926569e+00
1378             -1.97639166e-01 7.16849285e-01 -1.42982460e+01 -1.97642553e-01 7.16325963e-01 -9.19909096e+00 3.38713136e-06 5.23321594e-04 -5.09915502e+00
1379             -2.01059099e-01 7.22653480e-01 -1.42988565e+01 -2.01095034e-01 7.22125553e-01 -9.19977527e+00 3.59341709e-05 5.27926935e-04 -5.09908128e+00
1380             -2.02908235e-01 7.25984979e-01 -1.42995599e+01 -2.02980313e-01 7.25457069e-01 -9.20050938e+00 7.20780675e-05 5.27910585e-04 -5.09905050e+00
1381             -2.03561042e-01 7.26577971e-01 -1.43006152e+01 -2.03669183e-01 7.26054764e-01 -9.20154919e+00 1.08141124e-04 5.23206848e-04 -5.09906600e+00
1382             -2.03078864e-01 7.24027467e-01 -1.43019753e+01 -2.03219228e-01 7.23513191e-01 -9.20285435e+00 1.40364009e-04 5.14275904e-04 -5.09912098e+00
1383             -2.01002366e-01 7.17405970e-01 -1.43029755e+01 -2.01169023e-01 7.16903415e-01 -9.20376526e+00 1.66656166e-04 5.02555226e-04 -5.09921024e+00
1384             -1.95492168e-01 7.06934512e-01 -1.43031276e+01 -1.95680084e-01 7.06445333e-01 -9.20379963e+00 1.87915685e-04 4.89179654e-04 -5.09932793e+00
1385             -1.87556714e-01 6.92619031e-01 -1.43025636e+01 -1.87760876e-01 6.92144509e-01 -9.20310217e+00 2.04161941e-04 4.74521438e-04 -5.09946138e+00
1386             -1.78957874e-01 6.75210573e-01 -1.43016567e+01 -1.79171007e-01 6.74752506e-01 -9.20206206e+00 2.13132054e-04 4.58067318e-04 -5.09959461e+00
1387             -1.70691821e-01 6.55876690e-01 -1.43007737e+01 -1.70904688e-01 6.55434190e-01 -9.20106467e+00 2.12866679e-04 4.42500092e-04 -5.09970907e+00
1388             -1.61835219e-01 6.35775963e-01 -1.42998521e+01 -1.62040119e-01 6.35346957e-01 -9.20006603e+00 2.04899873e-04 4.29006660e-04 -5.09978606e+00
1389             -1.51216279e-01 6.15582675e-01 -1.42987007e+01 -1.51410342e-01 6.15165052e-01 -9.19889085e+00 1.94062659e-04 4.17622739e-04 -5.09980984e+00
1390             -1.38816509e-01 5.96058371e-01 -1.42971626e+01 -1.39000411e-01 5.95650241e-01 -9.19738936e+00 1.83902051e-04 4.08130493e-04 -5.09977323e+00
1391             -1.26053517e-01 5.77969544e-01 -1.42953360e+01 -1.26228921e-01 5.77569708e-01 -9.19564968e+00 1.75404760e-04 3.99835815e-04 -5.09968636e+00
1392             -1.14490386e-01 5.61797893e-01 -1.42937054e+01 -1.14660745e-01 5.61406616e-01 -9.19413963e+00 1.70358493e-04 3.91276246e-04 -5.09956581e+00
1393             -1.05449016e-01 5.47612225e-01 -1.42924902e+01 -1.05617729e-01 5.47231660e-01 -9.19306240e+00 1.68712960e-04 3.80564464e-04 -5.09942776e+00
1394             -9.73251633e-02 5.35714700e-01 -1.42916556e+01 -9.74942716e-02 5.35347845e-01 -9.19236434e+00 1.69108291e-04 3.66855457e-04 -5.09929127e+00
1395             -8.98631688e-02 5.26241799e-01 -1.42912756e+01 -9.00334238e-02 5.25892793e-01 -9.19209964e+00 1.70254972e-04 3.49006189e-04 -5.09917596e+00
1396             -8.36821380e-02 5.19402955e-01 -1.42911910e+01 -8.38523727e-02 5.19073294e-01 -9.19209782e+00 1.70234651e-04 3.29661300e-04 -5.09909316e+00
1397             -7.95814960e-02 5.15138309e-01 -1.42913399e+01 -7.97502383e-02 5.14827359e-01 -9.19229027e+00 1.68742353e-04 3.10949408e-04 -5.09904966e+00
1398             -7.84434995e-02 5.13716665e-01 -1.42921583e+01 -7.86085287e-02 5.13421310e-01 -9.19310756e+00 1.65029158e-04 2.95354573e-04 -5.09905072e+00
1399             -8.03496352e-02 5.15184479e-01 -1.42937000e+01 -8.05072492e-02 5.14898103e-01 -9.19460758e+00 1.57614029e-04 2.86375655e-04 -5.09909240e+00
1400             -8.41669940e-02 5.20126750e-01 -1.42953244e+01 -8.43130426e-02 5.19839130e-01 -9.19615197e+00 1.46048586e-04 2.87620045e-04 -5.09917241e+00
1401             -8.83267162e-02 5.28783433e-01 -1.42962218e+01 -8.84579439e-02 5.28485477e-01 -9.19693621e+00 1.31227749e-04 2.97955453e-04 -5.09928563e+00
1402             -9.37002403e-02 5.41664036e-01 -1.42964089e+01 -9.38133475e-02 5.41346686e-01 -9.19698953e+00 1.13107195e-04 3.17349805e-04 -5.09941937e+00
1403             -1.01417455e-01 5.57927547e-01 -1.42963294e+01 -1.01505781e-01 5.57584209e-01 -9.19677236e+00 8.83253812e-05 3.43338127e-04 -5.09955700e+00
1404             -1.11665200e-01 5.76672632e-01 -1.42964603e+01 -1.11722110e-01 5.76300996e-01 -9.19678120e+00 5.69101845e-05 3.71635702e-04 -5.09967908e+00
1405             -1.23304680e-01 5.97402810e-01 -1.42967749e+01 -1.23327260e-01 5.97003976e-01 -9.19701021e+00 2.25804957e-05 3.98833458e-04 -5.09976466e+00
1406             -1.34667087e-01 6.18963022e-01 -1.42969718e+01 -1.34658573e-01 6.18539301e-01 -9.19717423e+00 -8.51374607e-06 4.23720038e-04 -5.09979758e+00
1407             -1.44812374e-01 6.39734631e-01 -1.42969747e+01 -1.44780662e-01 6.39289642e-01 -9.19720468e+00 -3.17119871e-05 4.44989770e-04 -5.09977003e+00
1408             -1.54622335e-01 6.58768195e-01 -1.42969009e+01 -1.54576768e-01 6.58304313e-01 -9.19721084e+00 -4.55672407e-05 4.63882238e-04 -5.09969011e+00
1409             -1.64335991e-01 6.75523983e-01 -1.42968964e+01 -1.64286895e-01 6.75041395e-01 -9.19732224e+00 -4.90967960e-05 4.82588039e-04 -5.09957420e+00
1410             -1.74360177e-01 6.90065553e-01 -1.42970160e+01 -1.74317120e-01 6.89564276e-01 -9.19757784e+00 -4.30569715e-05 5.01276737e-04 -5.09943816e+00
1411             -1.83140252e-01 7.02159546e-01 -1.42970497e+01 -1.83111188e-01 7.01641741e-01 -9.19775111e+00 -2.90636705e-05 5.17805534e-04 -5.09929864e+00
1412             -1.90053794e-01 7.11770114e-01 -1.42972016e+01 -1.90046621e-01 7.11238029e-01 -9.19802714e+00 -7.17264886e-06 5.32085035e-04 -5.09917448e+00
1413             -1.95605198e-01 7.18736493e-01 -1.42976097e+01 -1.95625691e-01 7.18194939e-01 -9.19853078e+00 2.04929547e-05 5.41554044e-04 -5.09907892e+00
1414             -2.00277304e-01 7.23090669e-01 -1.42982676e+01 -2.00328498e-01 7.22545194e-01 -9.19924830e+00 5.11935720e-05 5.45474450e-04 -5.09901931e+00
1415             -2.03842859e-01 7.24863433e-01 -1.42993925e+01 -2.03925906e-01 7.24320875e-01 -9.20039031e+00 8.30469532e-05 5.42557257e-04 -5.09900219e+00
1416             -2.06101987e-01 7.23984430e-01 -1.43008539e+01 -2.06215091e-01 7.23452222e-01 -9.20182864e+00 1.13104291e-04 5.32207905e-04 -5.09902524e+00
1417             -2.06518973e-01 7.19434719e-01 -1.43021440e+01 -2.06656958e-01 7.18919014e-01 -9.20305823e+00 1.37985454e-04 5.15704618e-04 -5.09908580e+00
1418             -2.03517200e-01 7.10567594e-01 -1.43026907e+01 -2.03674724e-01 7.10071083e-01 -9.20350800e+00 1.57523769e-04 4.96510951e-04 -5.09918271e+00
1419             -1.98459939e-01 6.97626507e-01 -1.43023892e+01 -1.98634430e-01 6.97151329e-01 -9.20308203e+00 1.74490740e-04 4.75177852e-04 -5.09930716e+00
1420             -1.92462421e-01 6.81557269e-01 -1.43017914e+01 -1.92648074e-01 6.81103108e-01 -9.20234833e+00 1.85652850e-04 4.54161346e-04 -5.09944311e+00
1421             -1.85855262e-01 6.62989744e-01 -1.43011774e+01 -1.86044620e-01 6.62554007e-01 -9.20160286e+00 1.89357858e-04 4.35737342e-04 -5.09957455e+00
1422             -1.78093622e-01 6.42891551e-01 -1.43005671e+01 -1.78280163e-01 6.42470061e-01 -9.20088830e+00 1.86540709e-04 4.21490246e-04 -5.09967880e+00
1423             -1.68061308e-01 6.22631888e-01 -1.42996495e+01 -1.68241018e-01 6.22222071e-01 -9.19991292e+00 1.79710250e-04 4.09817707e-04 -5.09973660e+00
1424             -1.55794961e-01 6.03187937e-01 -1.42982807e+01 -1.55969984e-01 6.02787838e-01 -9.19854301e+00 1.75022665e-04 4.00098676e-04 -5.09973768e+00
1425             -1.42510664e-01 5.84912744e-01 -1.42965311e+01 -1.42682985e-01 5.84523233e-01 -9.19684617e+00 1.72320580e-04 3.89510701e-04 -5.09968497e+00
1426             -1.30020791e-01 5.68302103e-01 -1.42946684e+01 -1.30193030e-01 5.67924771e-01 -9.19507870e+00 1.72238822e-04 3.77331232e-04 -5.09958970e+00
1427             -1.19703091e-01 5.53448186e-01 -1.42930942e+01 -1.19878084e-01 5.53084014e-01 -9.19362483e+00 1.74992550e-04 3.64171841e-04 -5.09946938e+00
1428             -1.10090781e-01 5.40741054e-01 -1.42918578e+01 -1.10270901e-01 5.40391355e-01 -9.19251971e+00 1.80119658e-04 3.49699233e-04 -5.09933809e+00
1429             -1.00776535e-01 5.30242851e-01 -1.42909620e+01 -1.00962791e-01 5.29909588e-01 -9.19174743e+00 1.86255961e-04 3.33263012e-04 -5.09921453e+00
1430             -9.24400324e-02 5.22365362e-01 -1.42904641e+01 -9.26298644e-02 5.22049136e-01 -9.19134938e+00 1.89831975e-04 3.16225980e-04 -5.09911469e+00
1431             -8.60795318e-02 5.17030532e-01 -1.42903250e+01 -8.62693330e-02 5.16731223e-01 -9.19127904e+00 1.89801167e-04 2.99309689e-04 -5.09904597e+00
1432             -8.23207483e-02 5.14255257e-01 -1.42908977e+01 -8.25064427e-02 5.13969963e-01 -9.19188223e+00 1.85694402e-04 2.85293674e-04 -5.09901552e+00
1433             -8.15495875e-02 5.14444993e-01 -1.42922664e+01 -8.17261867e-02 5.14167969e-01 -9.19324327e+00 1.76599216e-04 2.77024476e-04 -5.09902314e+00
1434             -8.27608628e-02 5.18184219e-01 -1.42938481e+01 -8.29228534e-02 5.17908524e-01 -9.19477769e+00 1.61990660e-04 2.75695221e-04 -5.09907045e+00
1435             -8.41557297e-02 5.25436240e-01 -1.42950006e+01 -8.42996651e-02 5.25154120e-01 -9.19584504e+00 1.43935374e-04 2.82120191e-04 -5.09915555e+00
1436             -8.74221412e-02 5.36409842e-01 -1.42955087e+01 -8.75473230e-02 5.36111277e-01 -9.19623624e+00 1.25181750e-04 2.98565473e-04 -5.09927248e+00
1437             -9.34133832e-02 5.50763221e-01 -1.42958059e+01 -9.35155258e-02 5.50441301e-01 -9.19640026e+00 1.02142609e-04 3.21920043e-04 -5.09940566e+00
1438             -1.01884333e-01 5.67881593e-01 -1.42962088e+01 -1.01957294e-01 5.67534067e-01 -9.19667105e+00 7.29617495e-05 3.47525582e-04 -5.09953774e+00
1439             -1.11793113e-01 5.87042919e-01 -1.42966599e+01 -1.11831767e-01 5.86669509e-01 -9.19701360e+00 3.86536478e-05 3.73409978e-04 -5.09964625e+00
1440             -1.21574510e-01 6.07407768e-01 -1.42969443e+01 -1.21579441e-01 6.07009804e-01 -9.19723356e+00 4.93069427e-06 3.97964267e-04 -5.09971071e+00
1441             -1.30840091e-01 6.28041207e-01 -1.42969777e+01 -1.30818860e-01 6.27620946e-01 -9.19725747e+00 -2.12313343e-05 4.20261664e-04 -5.09972024e+00
1442             -1.40207527e-01 6.47759929e-01 -1.42969538e+01 -1.40169475e-01 6.47318504e-01 -9.19727682e+00 -3.80513011e-05 4.41424791e-04 -5.09967695e+00
1443             -1.50185750e-01 6.65542133e-01 -1.42969648e+01 -1.50141490e-01 6.65078763e-01 -9.19737434e+00 -4.42598586e-05 4.63370114e-04 -5.09959041e+00
1444             -1.61300288e-01 6.81071796e-01 -1.42969514e+01 -1.61259787e-01 6.80585214e-01 -9.19747517e+00 -4.05012855e-05 4.86582146e-04 -5.09947620e+00
1445             -1.71482082e-01 6.94280793e-01 -1.42968200e+01 -1.71453224e-01 6.93770809e-01 -9.19747073e+00 -2.88579682e-05 5.09984316e-04 -5.09934925e+00
1446             -1.79990685e-01 7.05130347e-01 -1.42966348e+01 -1.79979765e-01 7.04599594e-01 -9.19741053e+00 -1.09202504e-05 5.30753725e-04 -5.09922430e+00
1447             -1.87257749e-01 7.13282466e-01 -1.42966898e+01 -1.87269430e-01 7.12735518e-01 -9.19757248e+00 1.16804271e-05 5.46948023e-04 -5.09911728e+00
1448             -1.93939518e-01 7.18780970e-01 -1.42971159e+01 -1.93977005e-01 7.18224649e-01 -9.19807832e+00 3.74867786e-05 5.56321072e-04 -5.09903758e+00
1449             -2.00094655e-01 7.21658572e-01 -1.42981492e+01 -2.00158825e-01 7.21100458e-01 -9.19915580e+00 6.41703123e-05 5.58114561e-04 -5.09899344e+00
1450             -2.05322627e-01 7.21896258e-01 -1.42996774e+01 -2.05412185e-01 7.21345642e-01 -9.20069275e+00 8.95580711e-05 5.50616103e-04 -5.09898466e+00
1451             -2.08645141e-01 7.18960187e-01 -1.43010493e+01 -2.08757052e-01 7.18426262e-01 -9.20203677e+00 1.11911207e-04 5.33924751e-04 -5.09901255e+00
1452             -2.08287912e-01 7.12105467e-01 -1.43018393e+01 -2.08417830e-01 7.11594904e-01 -9.20276004e+00 1.29918634e-04 5.10563765e-04 -5.09907927e+00
1453             -2.05589271e-01 7.00898479e-01 -1.43019398e+01 -2.05734352e-01 7.00414752e-01 -9.20275944e+00 1.45080801e-04 4.83727113e-04 -5.09918041e+00
1454             -2.02298808e-01 6.86111231e-01 -1.43015982e+01 -2.02455213e-01 6.85655473e-01 -9.20229373e+00 1.56404868e-04 4.55758121e-04 -5.09930445e+00
1455             -1.98480544e-01 6.68898178e-01 -1.43012929e+01 -1.98642386e-01 6.68466210e-01 -9.20185763e+00 1.61842361e-04 4.31968866e-04 -5.09943529e+00
1456             -1.92769167e-01 6.49780557e-01 -1.43009773e+01 -1.92931230e-01 6.49366296e-01 -9.20142387e+00 1.62063235e-04 4.14260844e-04 -5.09955344e+00
1457             -1.84010099e-01 6.29645927e-01 -1.43003737e+01 -1.84170252e-01 6.29244442e-01 -9.20073699e+00 1.60152482e-04 4.01484874e-04 -5.09963670e+00
1458             -1.72448601e-01 6.09853696e-01 -1.42992857e+01 -1.72608239e-01 6.09462351e-01 -9.19961569e+00 1.59637521e-04 3.91345585e-04 -5.09967005e+00
1459             -1.59446990e-01 5.91603927e-01 -1.42976915e+01 -1.59608913e-01 5.91223182e-01 -9.19803787e+00 1.61923187e-04 3.80744198e-04 -5.09965363e+00
1460             -1.46455507e-01 5.74942538e-01 -1.42958953e+01 -1.46623178e-01 5.74575452e-01 -9.19630171e+00 1.67671565e-04 3.67085550e-04 -5.09959354e+00
1461             -1.35268305e-01 5.59778385e-01 -1.42941532e+01 -1.35444147e-01 5.59427716e-01 -9.19465334e+00 1.75842176e-04 3.50669115e-04 -5.09949989e+00
1462             -1.24545211e-01 5.46400730e-01 -1.42925692e+01 -1.24730892e-01 5.46067561e-01 -9.19318138e+00 1.85681314e-04 3.33168921e-04 -5.09938784e+00
1463             -1.13808899e-01 5.35124335e-01 -1.42913205e+01 -1.14005610e-01 5.34808882e-01 -9.19204752e+00 1.96710824e-04 3.15453283e-04 -5.09927301e+00
1464             -1.03704867e-01 5.26186925e-01 -1.42903582e+01 -1.03910686e-01 5.25888394e-01 -9.19118980e+00 2.05819569e-04 2.98531010e-04 -5.09916840e+00
1465             -9.52654818e-02 5.19853548e-01 -1.42897386e+01 -9.54755863e-02 5.19569661e-01 -9.19065361e+00 2.10104488e-04 2.83887145e-04 -5.09908495e+00
1466             -8.92069423e-02 5.16083671e-01 -1.42899338e+01 -8.94153825e-02 5.15812396e-01 -9.19090188e+00 2.08440287e-04 2.71275273e-04 -5.09903190e+00
1467             -8.59954449e-02 5.14993974e-01 -1.42910542e+01 -8.61952088e-02 5.14729451e-01 -9.19204420e+00 1.99763881e-04 2.64523056e-04 -5.09901001e+00
1468             -8.46178239e-02 5.17341423e-01 -1.42925124e+01 -8.48017501e-02 5.17077322e-01 -9.19348897e+00 1.83926189e-04 2.64101469e-04 -5.09902347e+00
1469             -8.34500152e-02 5.23374491e-01 -1.42935966e+01 -8.36130896e-02 5.23105271e-01 -9.19452120e+00 1.63074363e-04 2.69219710e-04 -5.09907536e+00
1470             -8.37869713e-02 5.33037602e-01 -1.42942816e+01 -8.39279895e-02 5.32756229e-01 -9.19511914e+00 1.41018119e-04 2.81372718e-04 -5.09916249e+00
1471             -8.74599375e-02 5.45752942e-01 -1.42948415e+01 -8.75764281e-02 5.45451061e-01 -9.19556605e+00 1.16490581e-04 3.01880753e-04 -5.09927549e+00
1472             -9.42029670e-02 5.60971472e-01 -1.42955733e+01 -9.42915217e-02 5.60646424e-01 -9.19617343e+00 8.85547051e-05 3.25048471e-04 -5.09939983e+00
1473             -1.02466457e-01 5.78474532e-01 -1.42963715e+01 -1.02522702e-01 5.78126193e-01 -9.19685694e+00 5.62446522e-05 3.48339778e-04 -5.09951460e+00
1474             -1.10563091e-01 5.97307468e-01 -1.42968449e+01 -1.10586231e-01 5.96936418e-01 -9.19724577e+00 2.31393516e-05 3.71049646e-04 -5.09959918e+00
1475             -1.18205867e-01 6.16656770e-01 -1.42969810e+01 -1.18200433e-01 6.16263971e-01 -9.19734350e+00 -5.43433980e-06 3.92798567e-04 -5.09963749e+00
1476             -1.26404759e-01 6.35921062e-01 -1.42969873e+01 -1.26379452e-01 6.35506430e-01 -9.19735827e+00 -2.53071874e-05 4.14631573e-04 -5.09962906e+00
1477             -1.35760314e-01 6.54260763e-01 -1.42970371e+01 -1.35725553e-01 6.53822210e-01 -9.19745805e+00 -3.47610073e-05 4.38553124e-04 -5.09957908e+00
1478             -1.46810953e-01 6.70775110e-01 -1.42970740e+01 -1.46777301e-01 6.70310357e-01 -9.19757750e+00 -3.36521177e-05 4.64752896e-04 -5.09949652e+00
1479             -1.58003918e-01 6.85036120e-01 -1.42968733e+01 -1.57979491e-01 6.84543802e-01 -9.19748029e+00 -2.44276337e-05 4.92318111e-04 -5.09939306e+00
1480             -1.67866665e-01 6.96897886e-01 -1.42965016e+01 -1.67858095e-01 6.96378053e-01 -9.19721814e+00 -8.57035200e-06 5.19833405e-04 -5.09928342e+00
1481             -1.76679439e-01 7.06370469e-01 -1.42962805e+01 -1.76690036e-01 7.05827293e-01 -9.19710088e+00 1.05977346e-05 5.43175914e-04 -5.09917958e+00
1482             -1.84983944e-01 7.13079312e-01 -1.42963120e+01 -1.85015504e-01 7.12519864e-01 -9.19722119e+00 3.15596953e-05 5.59447111e-04 -5.09909083e+00
1483             -1.92956440e-01 7.17126300e-01 -1.42970863e+01 -1.93009579e-01 7.16558882e-01 -9.19805698e+00 5.31391080e-05 5.67418055e-04 -5.09902933e+00
1484             -2.00546577e-01 7.18572223e-01 -1.42985085e+01 -2.00620364e-01 7.18007190e-01 -9.19951285e+00 7.37867098e-05 5.65032617e-04 -5.09899561e+00
1485             -2.06928345e-01 7.16699155e-01 -1.42999345e+01 -2.07019328e-01 7.16147127e-01 -9.20094170e+00 9.09828634e-05 5.52028644e-04 -5.09899282e+00
1486             -2.09578797e-01 7.11314446e-01 -1.43008084e+01 -2.09684464e-01 7.10784964e-01 -9.20178187e+00 1.05666161e-04 5.29481857e-04 -5.09902649e+00
1487             -2.09597600e-01 7.02005151e-01 -1.43010723e+01 -2.09716536e-01 7.01505463e-01 -9.20197544e+00 1.18935791e-04 4.99688332e-04 -5.09909688e+00
1488             -2.08660539e-01 6.89130343e-01 -1.43010514e+01 -2.08789220e-01 6.88664193e-01 -9.20185631e+00 1.28680967e-04 4.66149875e-04 -5.09919510e+00
1489             -2.07397803e-01 6.73205005e-01 -1.43010083e+01 -2.07531121e-01 6.72769418e-01 -9.20169713e+00 1.33317338e-04 4.35586984e-04 -5.09931116e+00
1490             -2.04632719e-01 6.55308055e-01 -1.43010363e+01 -2.04767523e-01 6.54896620e-01 -9.20160986e+00 1.34803660e-04 4.11434786e-04 -5.09942640e+00
1491             -1.98282323e-01 6.36265600e-01 -1.43008163e+01 -1.98417339e-01 6.35870824e-01 -9.20129668e+00 1.35015672e-04 3.94776024e-04 -5.09951958e+00
1492             -1.88208612e-01 6.16847090e-01 -1.43000643e+01 -1.88347246e-01 6.16463862e-01 -9.20048930e+00 1.38634573e-04 3.83227764e-04 -5.09957497e+00
1493             -1.76011059e-01 5.98239112e-01 -1.42987586e+01 -1.76156313e-01 5.97866875e-01 -9.19917080e+00 1.45254208e-04 3.72236738e-04 -5.09958784e+00
1494             -1.63263946e-01 5.81432666e-01 -1.42970845e+01 -1.63419417e-01 5.81074070e-01 -9.19752273e+00 1.55471293e-04 3.58596180e-04 -5.09956181e+00
1495             -1.51797945e-01 5.66176832e-01 -1.42954049e+01 -1.51967379e-01 5.65835388e-01 -9.19590170e+00 1.69434058e-04 3.41443373e-04 -5.09950319e+00
1496             -1.40389441e-01 5.52534565e-01 -1.42937363e+01 -1.40574444e-01 5.52213475e-01 -9.19431686e+00 1.85003470e-04 3.21089875e-04 -5.09941949e+00
1497             -1.28629867e-01 5.40707004e-01 -1.42921494e+01 -1.28830904e-01 5.40407400e-01 -9.19282370e+00 2.01037027e-04 2.99604562e-04 -5.09932567e+00
1498             -1.17152768e-01 5.31004644e-01 -1.42908605e+01 -1.17367754e-01 5.30724189e-01 -9.19162733e+00 2.14986374e-04 2.80455675e-04 -5.09923315e+00
1499             -1.06988604e-01 5.23698394e-01 -1.42897661e+01 -1.07213484e-01 5.23433418e-01 -9.19061760e+00 2.24879543e-04 2.64975858e-04 -5.09914848e+00
1500             -9.88624996e-02 5.18917422e-01 -1.42894203e+01 -9.90907069e-02 5.18663500e-01 -9.19033676e+00 2.28207246e-04 2.53921868e-04 -5.09908358e+00
1501             -9.34084492e-02 5.16817474e-01 -1.42901283e+01 -9.36312244e-02 5.16568877e-01 -9.19108678e+00 2.22775168e-04 2.48597464e-04 -5.09904147e+00
1502             -8.98255909e-02 5.17958651e-01 -1.42913718e+01 -9.00336277e-02 5.17709009e-01 -9.19234464e+00 2.08036846e-04 2.49642074e-04 -5.09902720e+00
1503             -8.60742093e-02 5.22599624e-01 -1.42923556e+01 -8.62605425e-02 5.22343667e-01 -9.19330963e+00 1.86333196e-04 2.55956589e-04 -5.09904595e+00
1504             -8.38150201e-02 5.31160176e-01 -1.42929427e+01 -8.39768959e-02 5.30892224e-01 -9.19384318e+00 1.61875738e-04 2.67951763e-04 -5.09909954e+00
1505             -8.45454920e-02 5.42660440e-01 -1.42935871e+01 -8.46796162e-02 5.42375648e-01 -9.19440546e+00 1.34124297e-04 2.84792226e-04 -5.09918161e+00
1506             -8.87495986e-02 5.56371669e-01 -1.42945440e+01 -8.88533856e-02 5.56066479e-01 -9.19526118e+00 1.03786954e-04 3.05189811e-04 -5.09928281e+00
1507             -9.52820723e-02 5.72005217e-01 -1.42956355e+01 -9.53538836e-02 5.71679105e-01 -9.19624881e+00 7.18112909e-05 3.26112424e-04 -5.09938668e+00
1508             -1.01850299e-01 5.89183695e-01 -1.42964836e+01 -1.01890353e-01 5.88837280e-01 -9.19701005e+00 4.00535347e-05 3.46415238e-04 -5.09947355e+00
1509             -1.07808036e-01 6.07117404e-01 -1.42968735e+01 -1.07820533e-01 6.06751655e-01 -9.19734548e+00 1.24970807e-05 3.65749783e-04 -5.09952798e+00
1510             -1.14239825e-01 6.25001943e-01 -1.42969893e+01 -1.14230485e-01 6.24615201e-01 -9.19744391e+00 -9.33960836e-06 3.86742193e-04 -5.09954538e+00
1511             -1.22131521e-01 6.42468321e-01 -1.42970938e+01 -1.22109545e-01 6.42057607e-01 -9.19756589e+00 -2.19756339e-05 4.10713861e-04 -5.09952789e+00
1512             -1.32453085e-01 6.59292726e-01 -1.42971659e+01 -1.32428810e-01 6.58854495e-01 -9.19768558e+00 -2.42745949e-05 4.38231100e-04 -5.09948035e+00
1513             -1.43524320e-01 6.74471794e-01 -1.42970276e+01 -1.43506526e-01 6.74003070e-01 -9.19761787e+00 -1.77939502e-05 4.68724136e-04 -5.09940971e+00
1514             -1.54115028e-01 6.87434813e-01 -1.42966234e+01 -1.54110462e-01 6.86934755e-01 -9.19729841e+00 -4.56664070e-06 5.00058662e-04 -5.09932503e+00
1515             -1.64175671e-01 6.97921682e-01 -1.42962133e+01 -1.64188213e-01 6.97392086e-01 -9.19697457e+00 1.25419626e-05 5.29596373e-04 -5.09923874e+00
1516             -1.73855693e-01 7.05880146e-01 -1.42959981e+01 -1.73886314e-01 7.05326700e-01 -9.19684083e+00 3.06217262e-05 5.53446158e-04 -5.09915722e+00
1517             -1.83419338e-01 7.11191044e-01 -1.42963815e+01 -1.83467092e-01 7.10622800e-01 -9.19729129e+00 4.77537370e-05 5.68243615e-04 -5.09909020e+00
1518             -1.92832975e-01 7.13824527e-01 -1.42975541e+01 -1.92896318e-01 7.13252004e-01 -9.19851209e+00 6.33434793e-05 5.72523026e-04 -5.09904199e+00
1519             -2.01468852e-01 7.13219507e-01 -1.42988748e+01 -2.01544749e-01 7.12654779e-01 -9.19985798e+00 7.58962504e-05 5.64728788e-04 -5.09901684e+00
1520             -2.07056473e-01 7.08964085e-01 -1.42997526e+01 -2.07141612e-01 7.08417662e-01 -9.20073111e+00 8.51395044e-05 5.46423364e-04 -5.09902147e+00
1521             -2.10057675e-01 7.00946550e-01 -1.43000701e+01 -2.10152067e-01 7.00428135e-01 -9.20101070e+00 9.43916550e-05 5.18414459e-04 -5.09905945e+00
1522             -2.11845513e-01 6.89759117e-01 -1.43001212e+01 -2.11947466e-01 6.89276287e-01 -9.20099471e+00 1.01953309e-04 4.82830059e-04 -5.09912647e+00
1523             -2.12986808e-01 6.75806545e-01 -1.43003487e+01 -2.13091727e-01 6.75359689e-01 -9.20113345e+00 1.04919059e-04 4.46855340e-04 -5.09921521e+00
1524             -2.12763912e-01 6.59318065e-01 -1.43006820e+01 -2.12868539e-01 6.58901638e-01 -9.20136983e+00 1.04626377e-04 4.16427170e-04 -5.09931213e+00
1525             -2.09406019e-01 6.41449433e-01 -1.43008191e+01 -2.09511359e-01 6.41056796e-01 -9.20141974e+00 1.05339732e-04 3.92637304e-04 -5.09939933e+00
1526             -2.02040617e-01 6.23122574e-01 -1.43005153e+01 -2.02151018e-01 6.22745943e-01 -9.20105477e+00 1.10400502e-04 3.76631583e-04 -5.09946057e+00
1527             -1.91491484e-01 6.05021744e-01 -1.42995619e+01 -1.91611988e-01 6.04658357e-01 -9.20007002e+00 1.20504530e-04 3.63386299e-04 -5.09949185e+00
1528             -1.79601159e-01 5.88042662e-01 -1.42981498e+01 -1.79736574e-01 5.87693128e-01 -9.19865718e+00 1.35414051e-04 3.49534628e-04 -5.09949261e+00
1529             -1.68452525e-01 5.72573939e-01 -1.42966011e+01 -1.68606148e-01 5.72241519e-01 -9.19713514e+00 1.53622814e-04 3.32420594e-04 -5.09946591e+00
1530             -1.57050565e-01 5.58850135e-01 -1.42949945e+01 -1.57225463e-01 5.58538405e-01 -9.19557753e+00 1.74898587e-04 3.11729728e-04 -5.09941700e+00
1531             -1.44716259e-01 5.46768771e-01 -1.42933761e+01 -1.44913150e-01 5.46481074e-01 -9.19402304e+00 1.96891830e-04 2.87696199e-04 -5.09935308e+00
1532             -1.32387627e-01 5.36569436e-01 -1.42918241e+01 -1.32603942e-01 5.36305058e-01 -9.19254080e+00 2.16315149e-04 2.64378027e-04 -5.09928326e+00
1533             -1.20901726e-01 5.28526638e-01 -1.42903957e+01 -1.21132958e-01 5.28280677e-01 -9.19118201e+00 2.31232336e-04 2.45961293e-04 -5.09921365e+00
1534             -1.11111886e-01 5.22873777e-01 -1.42896108e+01 -1.11351882e-01 5.22640404e-01 -9.19045874e+00 2.39995997e-04 2.33372412e-04 -5.09915204e+00
1535             -1.03687840e-01 5.19688207e-01 -1.42897561e+01 -1.03928062e-01 5.19459683e-01 -9.19065480e+00 2.40221420e-04 2.28524303e-04 -5.09910131e+00
1536             -9.79974701e-02 5.19818615e-01 -1.42905623e+01 -9.82267996e-02 5.19587300e-01 -9.19149304e+00 2.29329497e-04 2.31315010e-04 -5.09906922e+00
1537             -9.21330932e-02 5.23381859e-01 -1.42913049e+01 -9.23423185e-02 5.23142955e-01 -9.19224242e+00 2.09225273e-04 2.38904522e-04 -5.09906250e+00
1538             -8.73437709e-02 5.30533369e-01 -1.42918107e+01 -8.75280632e-02 5.30281319e-01 -9.19272602e+00 1.84292335e-04 2.52049589e-04 -5.09908468e+00
1539             -8.53979434e-02 5.40832910e-01 -1.42923404e+01 -8.55527919e-02 5.40563164e-01 -9.19320711e+00 1.54848468e-04 2.69745959e-04 -5.09913333e+00
1540             -8.67617399e-02 5.53441649e-01 -1.42932808e+01 -8.68831394e-02 5.53153990e-01 -9.19407745e+00 1.21399454e-04 2.87659656e-04 -5.09920339e+00
1541             -9.05808185e-02 5.67792957e-01 -1.42945657e+01 -9.06668437e-02 5.67487655e-01 -9.19528386e+00 8.60251819e-05 3.05302606e-04 -5.09928180e+00
1542             -9.53153675e-02 5.83221296e-01 -1.42956792e+01 -9.53687655e-02 5.82897976e-01 -9.19632460e+00 5.33979976e-05 3.23319565e-04 -5.09935456e+00
1543             -9.97895845e-02 5.99414006e-01 -1.42964560e+01 -9.98163206e-02 5.99073752e-01 -9.19704864e+00 2.67360864e-05 3.40254758e-04 -5.09940732e+00
1544             -1.04465839e-01 6.15890337e-01 -1.42968534e+01 -1.04472113e-01 6.15531880e-01 -9.19741738e+00 6.27432311e-06 3.58456807e-04 -5.09943606e+00
1545             -1.10508195e-01 6.31954155e-01 -1.42970732e+01 -1.10500888e-01 6.31573052e-01 -9.19763210e+00 -7.30705451e-06 3.81102643e-04 -5.09944113e+00
1546             -1.19131463e-01 6.47679019e-01 -1.42972376e+01 -1.19118648e-01 6.47270956e-01 -9.19781436e+00 -1.28146212e-05 4.08062692e-04 -5.09942325e+00
1547             -1.29388951e-01 6.62841526e-01 -1.42971662e+01 -1.29379416e-01 6.62401863e-01 -9.19777930e+00 -9.53486898e-06 4.39663115e-04 -5.09938690e+00
1548             -1.39714206e-01 6.76587696e-01 -1.42968107e+01 -1.39715084e-01 6.76113771e-01 -9.19747470e+00 8.77968747e-07 4.73925140e-04 -5.09933604e+00
1549             -1.50199004e-01 6.88205211e-01 -1.42963947e+01 -1.50214520e-01 6.87697850e-01 -9.19711782e+00 1.55156865e-05 5.07360999e-04 -5.09927686e+00
1550             -1.60998843e-01 6.97189527e-01 -1.42959807e+01 -1.61030287e-01 6.96652855e-01 -9.19676548e+00 3.14439859e-05 5.36672408e-04 -5.09921525e+00
1551             -1.71864793e-01 7.03655981e-01 -1.42961209e+01 -1.71911072e-01 7.03096666e-01 -9.19696162e+00 4.62790806e-05 5.59314412e-04 -5.09915932e+00
1552             -1.82912767e-01 7.07646778e-01 -1.42969762e+01 -1.82970765e-01 7.07076032e-01 -9.19786663e+00 5.79983307e-05 5.70746040e-04 -5.09910954e+00
1553             -1.93343005e-01 7.08287711e-01 -1.42980358e+01 -1.93408617e-01 7.07717747e-01 -9.19896307e+00 6.56119827e-05 5.69963942e-04 -5.09907269e+00
1554             -2.01097845e-01 7.05269874e-01 -1.42987905e+01 -2.01167801e-01 7.04712503e-01 -9.19973307e+00 6.99556215e-05 5.57371734e-04 -5.09905738e+00
1555             -2.06791321e-01 6.98376608e-01 -1.42990697e+01 -2.06865156e-01 6.97842318e-01 -9.20000127e+00 7.38350443e-05 5.34289863e-04 -5.09906844e+00
1556             -2.11542336e-01 6.88323645e-01 -1.42991275e+01 -2.11619017e-01 6.87822394e-01 -9.20002363e+00 7.66812278e-05 5.01251602e-04 -5.09910385e+00
1557             -2.15452519e-01 6.75938017e-01 -1.42993639e+01 -2.15529492e-01 6.75473622e-01 -9.20020289e+00 7.69728441e-05 4.64395019e-04 -5.09916100e+00
1558             -2.17768145e-01 6.61316565e-01 -1.42999057e+01 -2.17843023e-01 6.60887442e-01 -9.20067607e+00 7.48782673e-05 4.29123117e-04 -5.09922966e+00
1559             -2.16954144e-01 6.44970667e-01 -1.43003807e+01 -2.17027499e-01 6.44571322e-01 -9.20108506e+00 7.33545911e-05 3.99344864e-04 -5.09929565e+00
1560             -2.12561882e-01 6.27752671e-01 -1.43004614e+01 -2.12640018e-01 6.27376414e-01 -9.20111404e+00 7.81362432e-05 3.76256362e-04 -5.09934736e+00
1561             -2.04852735e-01 6.10789891e-01 -1.42999846e+01 -2.04942099e-01 6.10431880e-01 -9.20060453e+00 8.93641409e-05 3.58010722e-04 -5.09938004e+00
1562             -1.94781267e-01 5.94575852e-01 -1.42989563e+01 -1.94888200e-01 5.94234559e-01 -9.19956164e+00 1.06933521e-04 3.41293088e-04 -5.09939466e+00
1563             -1.84588135e-01 5.79093638e-01 -1.42976593e+01 -1.84718103e-01 5.78769813e-01 -9.19826760e+00 1.29968734e-04 3.23824146e-04 -5.09939173e+00
1564             -1.73778498e-01 5.64990420e-01 -1.42961945e+01 -1.73934199e-01 5.64687563e-01 -9.19682172e+00 1.55701020e-04 3.02856709e-04 -5.09937282e+00
1565             -1.61667308e-01 5.52860480e-01 -1.42946057e+01 -1.61850348e-01 5.52581977e-01 -9.19526321e+00 1.83039865e-04 2.78503053e-04 -5.09934245e+00
1566             -1.48926220e-01 5.42452727e-01 -1.42930579e+01 -1.49134983e-01 5.42199537e-01 -9.19375326e+00 2.08763614e-04 2.53190096e-04 -5.09930462e+00
1567             -1.36598516e-01 5.33975673e-01 -1.42914411e+01 -1.36828155e-01 5.33744988e-01 -9.19218125e+00 2.29639363e-04 2.30685226e-04 -5.09925988e+00
1568             -1.25501723e-01 5.27649074e-01 -1.42903276e+01 -1.25745423e-01 5.27434829e-01 -9.19111147e+00 2.43699122e-04 2.14245100e-04 -5.09921613e+00
1569             -1.16497911e-01 5.23646181e-01 -1.42901198e+01 -1.16747388e-01 5.23438681e-01 -9.19094679e+00 2.49476749e-04 2.07499528e-04 -5.09917299e+00
1570             -1.09085559e-01 5.22649262e-01 -1.42903988e+01 -1.09330124e-01 5.22439553e-01 -9.19126282e+00 2.44564437e-04 2.09709229e-04 -5.09913594e+00
1571             -1.01270423e-01 5.25157014e-01 -1.42906750e+01 -1.01499218e-01 5.24937769e-01 -9.19156069e+00 2.28795391e-04 2.19244933e-04 -5.09911433e+00
1572             -9.42972717e-02 5.31294921e-01 -1.42908342e+01 -9.45035543e-02 5.31061371e-01 -9.19172032e+00 2.06282634e-04 2.33549912e-04 -5.09911384e+00
1573             -8.98926970e-02 5.40363584e-01 -1.42911869e+01 -9.00697118e-02 5.40110711e-01 -9.19205362e+00 1.77014806e-04 2.52872967e-04 -5.09913327e+00
1574             -8.85402453e-02 5.51693182e-01 -1.42920492e+01 -8.86825279e-02 5.51420981e-01 -9.19287864e+00 1.42282655e-04 2.72200379e-04 -5.09917060e+00
1575             -8.97069482e-02 5.64937256e-01 -1.42932972e+01 -8.98110022e-02 5.64648439e-01 -9.19407961e+00 1.04053999e-04 2.88816805e-04 -5.09921761e+00
1576             -9.16976453e-02 5.79201852e-01 -1.42945714e+01 -9.17652418e-02 5.78898669e-01 -9.19530875e+00 6.75965259e-05 3.03182980e-04 -5.09926263e+00
1577             -9.41577847e-02 5.93907272e-01 -1.42955781e+01 -9.41967131e-02 5.93589550e-01 -9.19628094e+00 3.89284042e-05 3.17721946e-04 -5.09929720e+00
1578             -9.72045266e-02 6.08592731e-01 -1.42963128e+01 -9.72235758e-02 6.08259339e-01 -9.19699329e+00 1.90492237e-05 3.33391814e-04 -5.09931946e+00
1579             -1.01444130e-01 6.23156424e-01 -1.42968393e+01 -1.01451014e-01 6.22803343e-01 -9.19750859e+00 6.88433525e-06 3.53081456e-04 -5.09933072e+00
1580             -1.08187142e-01 6.37440794e-01 -1.42971505e+01 -1.08188793e-01 6.37062774e-01 -9.19781901e+00 1.65089422e-06 3.78020113e-04 -5.09933150e+00
1581             -1.16768161e-01 6.51363073e-01 -1.42972216e+01 -1.16770564e-01 6.50953966e-01 -9.19789953e+00 2.40309876e-06 4.09106541e-04 -5.09932203e+00
1582             -1.26070306e-01 6.64700863e-01 -1.42969587e+01 -1.26080057e-01 6.64256672e-01 -9.19765491e+00 9.75090692e-06 4.44191191e-04 -5.09930382e+00
1583             -1.36116177e-01 6.76971737e-01 -1.42965806e+01 -1.36137781e-01 6.76491503e-01 -9.19730155e+00 2.16045943e-05 4.80234393e-04 -5.09927905e+00
1584             -1.46947255e-01 6.87060611e-01 -1.42961455e+01 -1.46982490e-01 6.86547237e-01 -9.19689840e+00 3.52350254e-05 5.13374024e-04 -5.09924708e+00
1585             -1.58732073e-01 6.94622255e-01 -1.42961194e+01 -1.58779914e-01 6.94081324e-01 -9.19690579e+00 4.78401594e-05 5.40930621e-04 -5.09921358e+00
1586             -1.71081321e-01 6.99628453e-01 -1.42967694e+01 -1.71139029e-01 6.99068616e-01 -9.19759078e+00 5.77072884e-05 5.59837473e-04 -5.09917862e+00
1587             -1.83149634e-01 7.01617421e-01 -1.42976078e+01 -1.83211701e-01 7.01050774e-01 -9.19846315e+00 6.20672699e-05 5.66647052e-04 -5.09914467e+00
1588             -1.92790008e-01 6.99902240e-01 -1.42980808e+01 -1.92851678e-01 6.99341151e-01 -9.19896026e+00 6.16701736e-05 5.61088119e-04 -5.09912056e+00
1589             -2.00412675e-01 6.94310998e-01 -1.42981827e+01 -2.00472807e-01 6.93766716e-01 -9.19906826e+00 6.01318123e-05 5.44281047e-04 -5.09911442e+00
1590             -2.07529687e-01 6.85411350e-01 -1.42981415e+01 -2.07587592e-01 6.84895159e-01 -9.19901642e+00 5.79051136e-05 5.16191435e-04 -5.09912512e+00
1591             -2.14358165e-01 6.73971867e-01 -1.42983564e+01 -2.14411061e-01 6.73489393e-01 -9.19920409e+00 5.28956868e-05 4.82473882e-04 -5.09915235e+00
1592             -2.19618467e-01 6.60712710e-01 -1.42989167e+01 -2.19665905e-01 6.60265276e-01 -9.19972694e+00 4.74382063e-05 4.47434287e-04 -5.09918975e+00
1593             -2.21570688e-01 6.46167652e-01 -1.42995053e+01 -2.21614373e-01 6.45753727e-01 -9.20027832e+00 4.36847680e-05 4.13925400e-04 -5.09922695e+00
1594             -2.19748183e-01 6.30656197e-01 -1.42999259e+01 -2.19794293e-01 6.30271078e-01 -9.20067129e+00 4.61099851e-05 3.85118368e-04 -5.09925457e+00
1595             -2.14786889e-01 6.14784691e-01 -1.42998359e+01 -2.14843073e-01 6.14424222e-01 -9.20056259e+00 5.61845526e-05 3.60468356e-04 -5.09927329e+00
1596             -2.07590316e-01 5.99630465e-01 -1.42992969e+01 -2.07664982e-01 5.99292620e-01 -9.20001209e+00 7.46663844e-05 3.37844965e-04 -5.09928485e+00
1597             -1.99537464e-01 5.85115220e-01 -1.42984403e+01 -1.99637285e-01 5.84798206e-01 -9.19914964e+00 9.98209387e-05 3.17014032e-04 -5.09929069e+00
1598             -1.89976905e-01 5.71262738e-01 -1.42972504e+01 -1.90106948e-01 5.70967789e-01 -9.19795826e+00 1.30042751e-04 2.94948688e-04 -5.09929214e+00
1599             -1.78571731e-01 5.58794795e-01 -1.42958124e+01 -1.78733813e-01 5.58524704e-01 -9.19652324e+00 1.62082037e-04 2.70091801e-04 -5.09928918e+00
1600             -1.66123062e-01 5.48190148e-01 -1.42942781e+01 -1.66315979e-01 5.47945855e-01 -9.19499418e+00 1.92917069e-04 2.44292764e-04 -5.09928393e+00
1601             -1.53577736e-01 5.39543819e-01 -1.42926535e+01 -1.53797865e-01 5.39323511e-01 -9.19338111e+00 2.20128696e-04 2.20307787e-04 -5.09927240e+00
1602             -1.41742490e-01 5.32852891e-01 -1.42914231e+01 -1.41982984e-01 5.32652748e-01 -9.19216731e+00 2.40494769e-04 2.00143182e-04 -5.09925582e+00
1603             -1.31569279e-01 5.28252139e-01 -1.42909153e+01 -1.31821242e-01 5.28063221e-01 -9.19168233e+00 2.51963198e-04 1.88918235e-04 -5.09923300e+00
1604             -1.22701688e-01 5.26481666e-01 -1.42908976e+01 -1.22954042e-01 5.26293122e-01 -9.19169015e+00 2.52354356e-04 1.88544050e-04 -5.09920749e+00
1605             -1.13279195e-01 5.27978353e-01 -1.42907321e+01 -1.13521575e-01 5.27781477e-01 -9.19154724e+00 2.42380682e-04 1.96876008e-04 -5.09918487e+00
1606             -1.04332607e-01 5.33031511e-01 -1.42903771e+01 -1.04557358e-01 5.32818953e-01 -9.19120419e+00 2.24750427e-04 2.12558372e-04 -5.09917293e+00
1607             -9.77022530e-02 5.41106093e-01 -1.42902898e+01 -9.79009864e-02 5.40872561e-01 -9.19111732e+00 1.98733442e-04 2.33531944e-04 -5.09917245e+00
1608             -9.40346939e-02 5.51339528e-01 -1.42908842e+01 -9.41994195e-02 5.51084710e-01 -9.19170098e+00 1.64725553e-04 2.54818061e-04 -5.09918321e+00
1609             -9.26110095e-02 5.63335857e-01 -1.42920739e+01 -9.27365772e-02 5.63062846e-01 -9.19287497e+00 1.25567709e-04 2.73010666e-04 -5.09919892e+00
1610             -9.20543114e-02 5.76601650e-01 -1.42933299e+01 -9.21408270e-02 5.76313855e-01 -9.19411736e+00 8.65156619e-05 2.87794974e-04 -5.09921253e+00
1611             -9.17327398e-02 5.90180877e-01 -1.42944515e+01 -9.17865876e-02 5.89881968e-01 -9.19523351e+00 5.38477409e-05 2.98909707e-04 -5.09921794e+00
1612             -9.23822963e-02 6.03504819e-01 -1.42953842e+01 -9.24131978e-02 6.03193045e-01 -9.19616652e+00 3.09015425e-05 3.11773931e-04 -5.09921767e+00
1613             -9.48598917e-02 6.16320152e-01 -1.42961652e+01 -9.48785403e-02 6.15991410e-01 -9.19694740e+00 1.86485987e-05 3.28742262e-04 -5.09921776e+00
1614             -9.98637089e-02 6.29020326e-01 -1.42967991e+01 -9.98782986e-02 6.28669686e-01 -9.19757944e+00 1.45897296e-05 3.50640151e-04 -5.09921968e+00
1615             -1.06633921e-01 6.41515838e-01 -1.42970901e+01 -1.06650344e-01 6.41136584e-01 -9.19786553e+00 1.64225341e-05 3.79254186e-04 -5.09922462e+00
1616             -1.14186710e-01 6.53514918e-01 -1.42969857e+01 -1.14208731e-01 6.53101216e-01 -9.19775509e+00 2.20211097e-05 4.13702615e-04 -5.09923063e+00
1617             -1.22880839e-01 6.65056331e-01 -1.42967093e+01 -1.22911789e-01 6.64606202e-01 -9.19747240e+00 3.09495962e-05 4.50128620e-04 -5.09923694e+00
1618             -1.33105301e-01 6.75521395e-01 -1.42962822e+01 -1.33147067e-01 6.75035911e-01 -9.19704262e+00 4.17656900e-05 4.85484206e-04 -5.09923955e+00
1619             -1.44728983e-01 6.84019610e-01 -1.42962253e+01 -1.44781002e-01 6.83502876e-01 -9.19698712e+00 5.20191769e-05 5.16734241e-04 -5.09923814e+00
1620             -1.57749277e-01 6.90166903e-01 -1.42967837e+01 -1.57808785e-01 6.89626777e-01 -9.19755542e+00 5.95077849e-05 5.40126420e-04 -5.09922823e+00
1621             -1.71044002e-01 6.93213798e-01 -1.42974599e+01 -1.71105960e-01 6.92660263e-01 -9.19824768e+00 6.19583621e-05 5.53534556e-04 -5.09921220e+00
1622             -1.82317869e-01 6.92803979e-01 -1.42978113e+01 -1.82376672e-01 6.92248063e-01 -9.19861603e+00 5.88020960e-05 5.55916654e-04 -5.09919527e+00
1623             -1.91729374e-01 6.88514091e-01 -1.42976170e+01 -1.91781953e-01 6.87968102e-01 -9.19843313e+00 5.25787208e-05 5.45989200e-04 -5.09918392e+00
1624             -2.00680330e-01 6.80850362e-01 -1.42973080e+01 -2.00725169e-01 6.80325970e-01 -9.19812755e+00 4.48391845e-05 5.24392415e-04 -5.09918047e+00
1625             -2.09655899e-01 6.70620904e-01 -1.42973551e+01 -2.09690597e-01 6.70125448e-01 -9.19816927e+00 3.46983481e-05 4.95456064e-04 -5.09918581e+00
1626             -2.17730630e-01 6.58321303e-01 -1.42978754e+01 -2.17754125e-01 6.57857178e-01 -9.19867993e+00 2.34949580e-05 4.64124627e-04 -5.09919552e+00
1627             -2.22729155e-01 6.44892825e-01 -1.42985133e+01 -2.22744453e-01 6.44461012e-01 -9.19931154e+00 1.52978805e-05 4.31812618e-04 -5.09920171e+00
1628             -2.23784348e-01 6.30993990e-01 -1.42989840e+01 -2.23799110e-01 6.30593418e-01 -9.19978437e+00 1.47620036e-05 4.00572091e-04 -5.09919965e+00
1629             -2.21367568e-01 6.16986869e-01 -1.42991711e+01 -2.21390067e-01 6.16616201e-01 -9.19997956e+00 2.24982889e-05 3.70667179e-04 -5.09919156e+00
1630             -2.16742955e-01 6.03086149e-01 -1.42990424e+01 -2.16781927e-01 6.02743896e-01 -9.19985793e+00 3.89724767e-05 3.42252261e-04 -5.09918447e+00
1631             -2.11504950e-01 5.89572159e-01 -1.42986905e+01 -2.11569638e-01 5.89257361e-01 -9.19950760e+00 6.46881419e-05 3.14798012e-04 -5.09918294e+00
1632             -2.04488252e-01 5.76752196e-01 -1.42979963e+01 -2.04584759e-01 5.76463728e-01 -9.19880778e+00 9.65070473e-05 2.88468212e-04 -5.09918849e+00
1633             -1.94605067e-01 5.64770285e-01 -1.42968499e+01 -1.94737315e-01 5.64508863e-01 -9.19764778e+00 1.32247790e-04 2.61422111e-04 -5.09920213e+00
1634             -1.83016235e-01 5.53953308e-01 -1.42954689e+01 -1.83184383e-01 5.53718278e-01 -9.19624677e+00 1.68148831e-04 2.35030238e-04 -5.09922212e+00
1635             -1.70833332e-01 5.44975117e-01 -1.42938512e+01 -1.71033443e-01 5.44764785e-01 -9.19460946e+00 2.00110703e-04 2.10332280e-04 -5.09924177e+00
1636             -1.58921287e-01 5.38166555e-01 -1.42925966e+01 -1.59147927e-01 5.37977565e-01 -9.19333739e+00 2.26639610e-04 1.88989951e-04 -5.09925923e+00
1637             -1.48085523e-01 5.33267357e-01 -1.42920412e+01 -1.48330252e-01 5.33092970e-01 -9.19277450e+00 2.44729278e-04 1.74387193e-04 -5.09926666e+00
1638             -1.38295527e-01 5.30936059e-01 -1.42918319e+01 -1.38546579e-01 5.30766766e-01 -9.19256818e+00 2.51052565e-04 1.69293252e-04 -5.09926368e+00
1639             -1.27620773e-01 5.31634201e-01 -1.42914128e+01 -1.27867060e-01 5.31459976e-01 -9.19215668e+00 2.46286833e-04 1.74225623e-04 -5.09925612e+00
1640             -1.17059878e-01 5.35767545e-01 -1.42906717e+01 -1.17294022e-01 5.35579310e-01 -9.19142417e+00 2.34143244e-04 1.88234155e-04 -5.09924758e+00
1641             -1.08455373e-01 5.42797847e-01 -1.42899966e+01 -1.08668978e-01 5.42588034e-01 -9.19075755e+00 2.13605490e-04 2.09813007e-04 -5.09923905e+00
1642             -1.02580499e-01 5.52100502e-01 -1.42900752e+01 -1.02763787e-01 5.51867269e-01 -9.19084238e+00 1.83288563e-04 2.33232758e-04 -5.09923280e+00
1643             -9.90208680e-02 5.63094680e-01 -1.42909450e+01 -9.91663798e-02 5.62841437e-01 -9.19172048e+00 1.45511782e-04 2.53243695e-04 -5.09922454e+00
1644             -9.60203531e-02 5.75128474e-01 -1.42921193e+01 -9.61259883e-02 5.74858861e-01 -9.19291079e+00 1.05635198e-04 2.69612913e-04 -5.09920852e+00
1645             -9.31964770e-02 5.87655828e-01 -1.42932591e+01 -9.32670920e-02 5.87373899e-01 -9.19407701e+00 7.06149550e-05 2.81929119e-04 -5.09918209e+00
1646             -9.10563794e-02 5.99947471e-01 -1.42942612e+01 -9.11003023e-02 5.99655250e-01 -9.19511014e+00 4.39228204e-05 2.92221397e-04 -5.09915108e+00
1647             -9.07931486e-02 6.11518441e-01 -1.42952125e+01 -9.08208159e-02 6.11212796e-01 -9.19608785e+00 2.76672879e-05 3.05644583e-04 -5.09912463e+00
1648             -9.38345906e-02 6.22534503e-01 -1.42960259e+01 -9.38572854e-02 6.22209636e-01 -9.19691540e+00 2.26948109e-05 3.24866198e-04 -5.09911054e+00
1649             -9.89514226e-02 6.33332389e-01 -1.42966178e+01 -9.89768765e-02 6.32981773e-01 -9.19750598e+00 2.54538899e-05 3.50616055e-04 -5.09911177e+00
1650             -1.04707937e-01 6.43929987e-01 -1.42967810e+01 -1.04740531e-01 6.43547678e-01 -9.19765378e+00 3.25938723e-05 3.82308943e-04 -5.09912720e+00
1651             -1.11621936e-01 6.54054470e-01 -1.42966645e+01 -1.11662862e-01 6.53636772e-01 -9.19750991e+00 4.09264767e-05 4.17698382e-04 -5.09915455e+00
1652             -1.20229356e-01 6.63517694e-01 -1.42963590e+01 -1.20278407e-01 6.63064616e-01 -9.19717297e+00 4.90505859e-05 4.53077689e-04 -5.09918606e+00
1653             -1.30958484e-01 6.72078951e-01 -1.42963036e+01 -1.31015135e-01 6.71592671e-01 -9.19708475e+00 5.66513590e-05 4.86279948e-04 -5.09921881e+00
1654             -1.43694542e-01 6.79033343e-01 -1.42968264e+01 -1.43756363e-01 6.78520068e-01 -9.19758348e+00 6.18206420e-05 5.13274895e-04 -5.09924288e+00
1655             -1.57413347e-01 6.83222773e-01 -1.42974752e+01 -1.57475509e-01 6.82691779e-01 -9.19822075e+00 6.21615106e-05 5.30994218e-04 -5.09925442e+00
1656             -1.69997819e-01 6.83946521e-01 -1.42977194e+01 -1.70054753e-01 6.83407413e-01 -9.19846148e+00 5.69333938e-05 5.39107668e-04 -5.09925796e+00
1657             -1.80834514e-01 6.80929667e-01 -1.42974310e+01 -1.80882818e-01 6.80392556e-01 -9.19817321e+00 4.83037347e-05 5.37110719e-04 -5.09925784e+00
1658             -1.91458151e-01 6.74589406e-01 -1.42968539e+01 -1.91494676e-01 6.74066773e-01 -9.19760063e+00 3.65251764e-05 5.22632995e-04 -5.09925330e+00
1659             -2.02208601e-01 6.65518718e-01 -1.42965617e+01 -2.02229582e-01 6.65018374e-01 -9.19731383e+00 2.09810290e-05 5.00344176e-04 -5.09924782e+00
1660             -2.12401327e-01 6.54373490e-01 -1.42968596e+01 -2.12405683e-01 6.53899370e-01 -9.19762072e+00 4.35577194e-06 4.74119874e-04 -5.09923889e+00
1661             -2.20089454e-01 6.41938334e-01 -1.42974230e+01 -2.20079790e-01 6.41492234e-01 -9.19820318e+00 -9.66409289e-06 4.46100333e-04 -5.09921983e+00
1662             -2.24264641e-01 6.29025929e-01 -1.42979673e+01 -2.24249061e-01 6.28608955e-01 -9.19877963e+00 -1.55795737e-05 4.16974757e-04 -5.09918771e+00
1663             -2.24747239e-01 6.16475894e-01 -1.42981974e+01 -2.24735894e-01 6.16089568e-01 -9.19904886e+00 -1.13445652e-05 3.86326089e-04 -5.09914850e+00
1664             -2.22639469e-01 6.04392900e-01 -1.42982552e+01 -2.22642315e-01 6.04039560e-01 -9.19914265e+00 2.84656955e-06 3.53340306e-04 -5.09911250e+00
1665             -2.19819467e-01 5.92346081e-01 -1.42983132e+01 -2.19845787e-01 5.92025530e-01 -9.19922534e+00 2.63199310e-05 3.20551216e-04 -5.09908785e+00
1666             -2.15709118e-01 5.80543626e-01 -1.42981524e+01 -2.15767249e-01 5.80256211e-01 -9.19907065e+00 5.81309224e-05 2.87415832e-04 -5.09908177e+00
1667             -2.08668878e-01 5.69616438e-01 -1.42975364e+01 -2.08764111e-01 5.69361289e-01 -9.19844165e+00 9.52321992e-05 2.55149016e-04 -5.09909473e+00
1668             -1.98913144e-01 5.59522388e-01 -1.42965034e+01 -1.99047415e-01 5.59296778e-01 -9.19737635e+00 1.34270792e-04 2.25609689e-04 -5.09912707e+00
1669             -1.87646829e-01 5.50557495e-01 -1.42950368e+01 -1.87818284e-01 5.50357471e-01 -9.19586701e+00 1.71454055e-04 2.00024182e-04 -5.09916978e+00
1670             -1.76230788e-01 5.43314997e-01 -1.42937812e+01 -1.76433723e-01 5.43137338e-01 -9.19456420e+00 2.02935276e-04 1.77658818e-04 -5.09921695e+00
1671             -1.65516440e-01 5.38244495e-01 -1.42931712e+01 -1.65743346e-01 5.38082449e-01 -9.19391284e+00 2.26906021e-04 1.62046019e-04 -5.09925841e+00
1672             -1.55298497e-01 5.35667355e-01 -1.42929501e+01 -1.55538546e-01 5.35513083e-01 -9.19366220e+00 2.40049616e-04 1.54271465e-04 -5.09928792e+00
1673             -1.43932760e-01 5.35877996e-01 -1.42924593e+01 -1.44174300e-01 5.35723278e-01 -9.19315379e+00 2.41540323e-04 1.54718071e-04 -5.09930555e+00
1674             -1.32081755e-01 5.39259794e-01 -1.42915098e+01 -1.32316566e-01 5.39095176e-01 -9.19219471e+00 2.34810205e-04 1.64617407e-04 -5.09931504e+00
1675             -1.21882177e-01 5.45485996e-01 -1.42905069e+01 -1.22101992e-01 5.45301585e-01 -9.19119241e+00 2.19815417e-04 1.84410689e-04 -5.09931453e+00
1676             -1.14183628e-01 5.53809861e-01 -1.42899802e+01 -1.14378959e-01 5.53602091e-01 -9.19067581e+00 1.95331135e-04 2.07770435e-04 -5.09930439e+00
1677             -1.08584229e-01 5.63900249e-01 -1.42902807e+01 -1.08746088e-01 5.63670168e-01 -9.19099779e+00 1.61858789e-04 2.30081105e-04 -5.09928296e+00
1678             -1.03509965e-01 5.74985661e-01 -1.42910778e+01 -1.03633995e-01 5.74737442e-01 -9.19183182e+00 1.24029702e-04 2.48219243e-04 -5.09924603e+00
1679             -9.84100202e-02 5.86395674e-01 -1.42920667e+01 -9.84985793e-02 5.86133253e-01 -9.19287464e+00 8.85590861e-05 2.62421820e-04 -5.09919208e+00
1680             -9.36481197e-02 5.97531963e-01 -1.42930549e+01 -9.37081094e-02 5.97258008e-01 -9.19392594e+00 5.99896963e-05 2.73954771e-04 -5.09912900e+00
1681             -9.06241518e-02 6.08106256e-01 -1.42940296e+01 -9.06646326e-02 6.07819914e-01 -9.19495922e+00 4.04808069e-05 2.86342365e-04 -5.09907037e+00
1682             -9.07567909e-02 6.17967531e-01 -1.42949873e+01 -9.07881792e-02 6.17666070e-01 -9.19596072e+00 3.13882834e-05 3.01460407e-04 -5.09902653e+00
1683             -9.37623986e-02 6.27260860e-01 -1.42957476e+01 -9.37946363e-02 6.26936266e-01 -9.19674074e+00 3.22377691e-05 3.24594729e-04 -5.09900684e+00
1684             -9.78439013e-02 6.36074542e-01 -1.42961807e+01 -9.78840991e-02 6.35721001e-01 -9.19716716e+00 4.01977881e-05 3.53541714e-04 -5.09901350e+00
1685             -1.02943472e-01 6.44724879e-01 -1.42963707e+01 -1.02993738e-01 6.44338834e-01 -9.19732556e+00 5.02669150e-05 3.86044091e-04 -5.09904517e+00
1686             -1.09709051e-01 6.52717282e-01 -1.42962200e+01 -1.09768170e-01 6.52297299e-01 -9.19712566e+00 5.91193260e-05 4.19983235e-04 -5.09909437e+00
1687             -1.18685088e-01 6.60097944e-01 -1.42962873e+01 -1.18749818e-01 6.59644999e-01 -9.19713375e+00 6.47301218e-05 4.52945261e-04 -5.09915353e+00
1688             -1.30302586e-01 6.66715574e-01 -1.42968405e+01 -1.30370053e-01 6.66234241e-01 -9.19762964e+00 6.74666801e-05 4.81332886e-04 -5.09921089e+00
1689             -1.43593739e-01 6.71607627e-01 -1.42974812e+01 -1.43659255e-01 6.71105433e-01 -9.19822377e+00 6.55160197e-05 5.02194613e-04 -5.09925742e+00
1690             -1.56427984e-01 6.73487585e-01 -1.42977524e+01 -1.56486290e-01 6.72973324e-01 -9.19846105e+00 5.83064116e-05 5.14261189e-04 -5.09929133e+00
1691             -1.68303285e-01 6.71655208e-01 -1.42974103e+01 -1.68350584e-01 6.71137741e-01 -9.19809601e+00 4.72989796e-05 5.17466697e-04 -5.09931433e+00
1692             -1.80212928e-01 6.66423060e-01 -1.42967124e+01 -1.80246400e-01 6.65912783e-01 -9.19738724e+00 3.34718985e-05 5.10276418e-04 -5.09932518e+00
1693             -1.92582663e-01 6.58645639e-01 -1.42962093e+01 -1.92597182e-01 6.58150367e-01 -9.19688592e+00 1.45198425e-05 4.95271510e-04 -5.09932341e+00
1694             -2.04635414e-01 6.48653699e-01 -1.42961491e+01 -2.04628200e-01 6.48177902e-01 -9.19684176e+00 -7.21321328e-06 4.75796978e-04 -5.09930736e+00
1695             -2.14360146e-01 6.37369287e-01 -1.42964562e+01 -2.14333028e-01 6.36915803e-01 -9.19718338e+00 -2.71177153e-05 4.53484106e-04 -5.09927285e+00
1696             -2.21059193e-01 6.25500629e-01 -1.42968794e+01 -2.21020410e-01 6.25071795e-01 -9.19766151e+00 -3.87832200e-05 4.28833724e-04 -5.09921790e+00
1697             -2.24557405e-01 6.13816849e-01 -1.42971476e+01 -2.24516833e-01 6.13415563e-01 -9.19799805e+00 -4.05722942e-05 4.01286668e-04 -5.09914957e+00
1698             -2.25411702e-01 6.02926199e-01 -1.42972492e+01 -2.25381110e-01 6.02557376e-01 -9.19816770e+00 -3.05918286e-05 3.68822899e-04 -5.09908152e+00
1699             -2.25233882e-01 5.92570958e-01 -1.42974028e+01 -2.25224156e-01 5.92238237e-01 -9.19837659e+00 -9.72624929e-06 3.32720799e-04 -5.09902621e+00
1700             -2.23627818e-01 5.82479536e-01 -1.42976328e+01 -2.23647772e-01 5.82185242e-01 -9.19863937e+00 1.99539608e-05 2.94293415e-04 -5.09899346e+00
1701             -2.19353626e-01 5.72673267e-01 -1.42975391e+01 -2.19409858e-01 5.72417474e-01 -9.19854912e+00 5.62324225e-05 2.55792969e-04 -5.09898996e+00
1702             -2.12531752e-01 5.63576047e-01 -1.42970828e+01 -2.12628355e-01 5.63356140e-01 -9.19806545e+00 9.66031732e-05 2.19906998e-04 -5.09901737e+00
1703             -2.03457321e-01 5.55526095e-01 -1.42960254e+01 -2.03593575e-01 5.55335637e-01 -9.19695764e+00 1.36253733e-04 1.90458061e-04 -5.09906777e+00
1704             -1.93167121e-01 5.48560397e-01 -1.42949198e+01 -1.93339743e-01 5.48393798e-01 -9.19578498e+00 1.72621599e-04 1.66599212e-04 -5.09913484e+00
1705             -1.83096392e-01 5.43149444e-01 -1.42943258e+01 -1.83298134e-01 5.42999500e-01 -9.19512144e+00 2.01742065e-04 1.49944467e-04 -5.09920438e+00
1706             -1.73121631e-01 5.40276867e-01 -1.42940777e+01 -1.73341905e-01 5.40135572e-01 -9.19481043e+00 2.20274507e-04 1.41294859e-04 -5.09926731e+00
1707             -1.61682098e-01 5.40244406e-01 -1.42936264e+01 -1.61910382e-01 5.40104462e-01 -9.19430733e+00 2.28283733e-04 1.39943855e-04 -5.09931905e+00
1708             -1.49129119e-01 5.43181066e-01 -1.42926517e+01 -1.49357000e-01 5.43035150e-01 -9.19329486e+00 2.27881814e-04 1.45916570e-04 -5.09935683e+00
1709             -1.37750740e-01 5.48809942e-01 -1.42914315e+01 -1.37969340e-01 5.48648629e-01 -9.19205421e+00 2.18599345e-04 1.61313818e-04 -5.09937734e+00
1710             -1.28531617e-01 5.56422217e-01 -1.42906072e+01 -1.28731024e-01 5.56239776e-01 -9.19122740e+00 1.99406708e-04 1.82441291e-04 -5.09937980e+00
1711             -1.21233871e-01 5.65632722e-01 -1.42903910e+01 -1.21405553e-01 5.65428630e-01 -9.19103192e+00 1.71681997e-04 2.04091747e-04 -5.09935906e+00
1712             -1.14292064e-01 5.75821045e-01 -1.42906192e+01 -1.14430647e-01 5.75596930e-01 -9.19130643e+00 1.38583368e-04 2.24115542e-04 -5.09931282e+00
1713             -1.07126078e-01 5.86365592e-01 -1.42911811e+01 -1.07231594e-01 5.86125160e-01 -9.19194037e+00 1.05516071e-04 2.40431990e-04 -5.09924073e+00
1714             -1.00134925e-01 5.96496081e-01 -1.42919163e+01 -1.00211855e-01 5.96242261e-01 -9.19276437e+00 7.69296492e-05 2.53819417e-04 -5.09915195e+00
1715             -9.44880980e-02 6.05924812e-01 -1.42928416e+01 -9.45439989e-02 6.05657368e-01 -9.19378007e+00 5.59009166e-05 2.67444064e-04 -5.09906154e+00
1716             -9.18820628e-02 6.14848433e-01 -1.42938039e+01 -9.19261936e-02 6.14565536e-01 -9.19481964e+00 4.41307522e-05 2.82897219e-04 -5.09898428e+00
1717             -9.19860533e-02 6.23013472e-01 -1.42946821e+01 -9.20271262e-02 6.22711121e-01 -9.19574935e+00 4.10728346e-05 3.02350988e-04 -5.09893274e+00
1718             -9.36230467e-02 6.30440369e-01 -1.42952784e+01 -9.36689879e-02 6.30111926e-01 -9.19636450e+00 4.59412384e-05 3.28442789e-04 -5.09891394e+00
1719             -9.69298644e-02 6.37340728e-01 -1.42956885e+01 -9.69861075e-02 6.36982235e-01 -9.19675648e+00 5.62430887e-05 3.58493892e-04 -5.09893200e+00
1720             -1.01899990e-01 6.43735329e-01 -1.42958419e+01 -1.01966646e-01 6.43345665e-01 -9.19686097e+00 6.66556128e-05 3.89663817e-04 -5.09898088e+00
1721             -1.08943659e-01 6.49690994e-01 -1.42960566e+01 -1.09017501e-01 6.49270316e-01 -9.19700300e+00 7.38412409e-05 4.20678448e-04 -5.09905357e+00
1722             -1.18726546e-01 6.55030157e-01 -1.42967223e+01 -1.18802090e-01 6.54581217e-01 -9.19758661e+00 7.55442637e-05 4.48939889e-04 -5.09913570e+00
1723             -1.30640083e-01 6.59260438e-01 -1.42974845e+01 -1.30711340e-01 6.58789811e-01 -9.19827013e+00 7.12574948e-05 4.70627391e-04 -5.09921441e+00
1724             -1.43023870e-01 6.61559818e-01 -1.42978120e+01 -1.43085501e-01 6.61074548e-01 -9.19852816e+00 6.16308444e-05 4.85270051e-04 -5.09928387e+00
1725             -1.54851929e-01 6.60758723e-01 -1.42975089e+01 -1.54900205e-01 6.60266388e-01 -9.19816897e+00 4.82756131e-05 4.92334157e-04 -5.09933991e+00
1726             -1.67418441e-01 6.56663163e-01 -1.42967724e+01 -1.67450337e-01 6.56173556e-01 -9.19739551e+00 3.18959105e-05 4.89606489e-04 -5.09937689e+00
1727             -1.80976784e-01 6.49951309e-01 -1.42961238e+01 -1.80987398e-01 6.49470528e-01 -9.19672959e+00 1.06141054e-05 4.80781637e-04 -5.09939417e+00
1728             -1.94593918e-01 6.41211598e-01 -1.42959069e+01 -1.94579759e-01 6.40742908e-01 -9.19651989e+00 -1.41591758e-05 4.68690295e-04 -5.09938698e+00
1729             -2.06263700e-01 6.31083215e-01 -1.42958771e+01 -2.06224619e-01 6.30630231e-01 -9.19652752e+00 -3.90816922e-05 4.52983694e-04 -5.09934962e+00
1730             -2.14970395e-01 6.20265754e-01 -1.42959821e+01 -2.14913291e-01 6.19831192e-01 -9.19669941e+00 -5.71043538e-05 4.34562653e-04 -5.09928274e+00
1731             -2.20750139e-01 6.09600856e-01 -1.42960681e+01 -2.20685251e-01 6.09189018e-01 -9.19687444e+00 -6.48878661e-05 4.11838128e-04 -5.09919366e+00
1732             -2.24396980e-01 5.99616461e-01 -1.42961470e+01 -2.24335628e-01 5.99233085e-01 -9.19704921e+00 -6.13518805e-05 3.83375548e-04 -5.09909778e+00
1733             -2.27184042e-01 5.90278544e-01 -1.42963523e+01 -2.27138554e-01 5.89929896e-01 -9.19734249e+00 -4.54886522e-05 3.48648897e-04 -5.09900983e+00
1734             -2.28413123e-01 5.81647075e-01 -1.42966331e+01 -2.28394080e-01 5.81338742e-01 -9.19768859e+00 -1.90428194e-05 3.08333277e-04 -5.09894456e+00
1735             -2.26706566e-01 5.73638361e-01 -1.42968779e+01 -2.26721714e-01 5.73373789e-01 -9.19796666e+00 1.51475549e-05 2.64571807e-04 -5.09891125e+00
1736             -2.22495237e-01 5.65877097e-01 -1.42969400e+01 -2.22549113e-01 5.65654275e-01 -9.19802283e+00 5.38751905e-05 2.22822199e-04 -5.09891715e+00
1737             -2.16302704e-01 5.58858131e-01 -1.42964592e+01 -2.16397126e-01 5.58671978e-01 -9.19750076e+00 9.44219000e-05 1.86152527e-04 -5.09895847e+00
1738             -2.08483306e-01 5.52852375e-01 -1.42958189e+01 -2.08616067e-01 5.52695001e-01 -9.19679057e+00 1.32760461e-04 1.57373301e-04 -5.09902830e+00
1739             -1.99871388e-01 5.47870583e-01 -1.42954306e+01 -2.00037439e-01 5.47732502e-01 -9.19631613e+00 1.66050902e-04 1.38081031e-04 -5.09911448e+00
1740             -1.90719388e-01 5.44812575e-01 -1.42952347e+01 -1.90909425e-01 5.44684127e-01 -9.19603116e+00 1.90036887e-04 1.28447728e-04 -5.09920353e+00
1741             -1.79785695e-01 5.44393583e-01 -1.42947729e+01 -1.79988543e-01 5.44267471e-01 -9.19548529e+00 2.02847667e-04 1.26111405e-04 -5.09928761e+00
1742             -1.67216518e-01 5.47140346e-01 -1.42938110e+01 -1.67424914e-01 5.47009592e-01 -9.19445077e+00 2.08396136e-04 1.30753762e-04 -5.09936026e+00
1743             -1.55187916e-01 5.52444924e-01 -1.42925995e+01 -1.55393803e-01 5.52302179e-01 -9.19318715e+00 2.05887210e-04 1.42744582e-04 -5.09941234e+00
1744             -1.44997631e-01 5.59559797e-01 -1.42916396e+01 -1.45190238e-01 5.59400263e-01 -9.19220077e+00 1.92607657e-04 1.59533633e-04 -5.09943885e+00
1745             -1.36300197e-01 5.68139577e-01 -1.42911525e+01 -1.36470510e-01 5.67961464e-01 -9.19171725e+00 1.70313469e-04 1.78113103e-04 -5.09943523e+00
1746             -1.27832394e-01 5.77590208e-01 -1.42909761e+01 -1.27974941e-01 5.77393146e-01 -9.19158142e+00 1.42547723e-04 1.97062241e-04 -5.09939464e+00
1747             -1.18880117e-01 5.87213904e-01 -1.42909461e+01 -1.18994623e-01 5.86999648e-01 -9.19162917e+00 1.14505406e-04 2.14255882e-04 -5.09931695e+00
1748             -1.09811411e-01 5.96535188e-01 -1.42911821e+01 -1.09900259e-01 5.96305344e-01 -9.19196957e+00 8.88471564e-05 2.29843988e-04 -5.09921254e+00
1749             -1.01963048e-01 6.05108108e-01 -1.42917635e+01 -1.02031454e-01 6.04863104e-01 -9.19266543e+00 6.84068396e-05 2.45003955e-04 -5.09909809e+00
1750             -9.67389563e-02 6.12897990e-01 -1.42926183e+01 -9.67943494e-02 6.12636330e-01 -9.19362829e+00 5.53930737e-05 2.61659419e-04 -5.09899003e+00
1751             -9.42127742e-02 6.20008605e-01 -1.42935116e+01 -9.42629711e-02 6.19726512e-01 -9.19460747e+00 5.01969398e-05 2.82093157e-04 -5.09890411e+00
1752             -9.30488335e-02 6.26384358e-01 -1.42941932e+01 -9.31004495e-02 6.26078723e-01 -9.19534141e+00 5.16160023e-05 3.05634647e-04 -5.09885182e+00
1753             -9.35897195e-02 6.32028777e-01 -1.42947585e+01 -9.36478485e-02 6.31696580e-01 -9.19591819e+00 5.81289741e-05 3.32196844e-04 -5.09884035e+00
1754             -9.65317743e-02 6.36745821e-01 -1.42950754e+01 -9.65996489e-02 6.36384697e-01 -9.19620439e+00 6.78745669e-05 3.61124108e-04 -5.09887100e+00
1755             -1.01791408e-01 6.41022527e-01 -1.42955391e+01 -1.01867789e-01 6.40633044e-01 -9.19660081e+00 7.63812962e-05 3.89482609e-04 -5.09893833e+00
1756             -1.09644186e-01 6.44971264e-01 -1.42963910e+01 -1.09724314e-01 6.44555937e-01 -9.19736165e+00 8.01287248e-05 4.15327806e-04 -5.09902931e+00
1757             -1.19686118e-01 6.47851241e-01 -1.42973090e+01 -1.19762204e-01 6.47414548e-01 -9.19817931e+00 7.60860539e-05 4.36693461e-04 -5.09912967e+00
1758             -1.30566108e-01 6.49232017e-01 -1.42978367e+01 -1.30630597e-01 6.48780340e-01 -9.19860772e+00 6.44891896e-05 4.51677479e-04 -5.09922900e+00
1759             -1.41625564e-01 6.48524108e-01 -1.42976170e+01 -1.41674195e-01 6.48063374e-01 -9.19829644e+00 4.86307912e-05 4.60734636e-04 -5.09932053e+00
1760             -1.53916898e-01 6.45286412e-01 -1.42968946e+01 -1.53946945e-01 6.44824881e-01 -9.19750174e+00 3.00471191e-05 4.61531639e-04 -5.09939289e+00
1761             -1.67822477e-01 6.39667408e-01 -1.42961988e+01 -1.67828958e-01 6.39210690e-01 -9.19675922e+00 6.48150281e-06 4.56718164e-04 -5.09943959e+00
1762             -1.82619647e-01 6.31970026e-01 -1.42958675e+01 -1.82598800e-01 6.31520150e-01 -9.19641265e+00 -2.08478037e-05 4.49875960e-04 -5.09945490e+00
1763             -1.95880111e-01 6.22961669e-01 -1.42957271e+01 -1.95831600e-01 6.22520379e-01 -9.19629599e+00 -4.85106580e-05 4.41290372e-04 -5.09943115e+00
1764             -2.06468256e-01 6.13295614e-01 -1.42955593e+01 -2.06397011e-01 6.12865901e-01 -9.19619351e+00 -7.12449815e-05 4.29713262e-04 -5.09936581e+00
1765             -2.14202515e-01 6.03650599e-01 -1.42952740e+01 -2.14117411e-01 6.03236885e-01 -9.19600657e+00 -8.51042440e-05 4.13713556e-04 -5.09926740e+00
1766             -2.19961290e-01 5.94655807e-01 -1.42951066e+01 -2.19873462e-01 5.94265048e-01 -9.19595364e+00 -8.78278454e-05 3.90758755e-04 -5.09915296e+00
1767             -2.25272077e-01 5.86241030e-01 -1.42952374e+01 -2.25193998e-01 5.85880387e-01 -9.19619883e+00 -7.80797300e-05 3.60642766e-04 -5.09903860e+00
1768             -2.29559065e-01 5.78560738e-01 -1.42955906e+01 -2.29501862e-01 5.78238311e-01 -9.19664929e+00 -5.72032593e-05 3.22426985e-04 -5.09894132e+00
1769             -2.30811453e-01 5.71848414e-01 -1.42958889e+01 -2.30784950e-01 5.71570155e-01 -9.19701453e+00 -2.65028357e-05 2.78258326e-04 -5.09887437e+00
1770             -2.29227224e-01 5.65791784e-01 -1.42961768e+01 -2.29237484e-01 5.65559972e-01 -9.19732826e+00 1.02602137e-05 2.31811801e-04 -5.09884854e+00
1771             -2.25537635e-01 5.60283969e-01 -1.42961722e+01 -2.25586707e-01 5.60094511e-01 -9.19730787e+00 4.90721080e-05 1.89458040e-04 -5.09886431e+00
1772             -2.20533896e-01 5.55371654e-01 -1.42960592e+01 -2.20621645e-01 5.55218267e-01 -9.19713875e+00 8.77488220e-05 1.53386572e-04 -5.09892041e+00
1773             -2.14701553e-01 5.51430474e-01 -1.42962054e+01 -2.14824349e-01 5.51302457e-01 -9.19720030e+00 1.22795271e-04 1.28017931e-04 -5.09900507e+00
1774             -2.07408135e-01 5.49016056e-01 -1.42963412e+01 -2.07558448e-01 5.48901211e-01 -9.19723490e+00 1.50312879e-04 1.14845053e-04 -5.09910626e+00
1775             -1.97561814e-01 5.48584784e-01 -1.42959993e+01 -1.97730542e-01 5.48473313e-01 -9.19678539e+00 1.68728144e-04 1.11470887e-04 -5.09921395e+00
1776             -1.85594672e-01 5.50892686e-01 -1.42950423e+01 -1.85773636e-01 5.50777719e-01 -9.19572465e+00 1.78964540e-04 1.14967253e-04 -5.09931762e+00
1777             -1.73690018e-01 5.56057615e-01 -1.42937933e+01 -1.73872081e-01 5.55931521e-01 -9.19438821e+00 1.82063133e-04 1.26094012e-04 -5.09940509e+00
1778             -1.63030550e-01 5.62977880e-01 -1.42928456e+01 -1.63206062e-01 5.62837299e-01 -9.19337972e+00 1.75512366e-04 1.40580720e-04 -5.09946585e+00
1779             -1.53494905e-01 5.71130248e-01 -1.42922807e+01 -1.53654536e-01 5.70975040e-01 -9.19279061e+00 1.59631733e-04 1.55207751e-04 -5.09949007e+00
1780             -1.43831778e-01 5.80050407e-01 -1.42918748e+01 -1.43969330e-01 5.79879926e-01 -9.19240452e+00 1.37551431e-04 1.70481288e-04 -5.09947023e+00
1781             -1.33433065e-01 5.89067905e-01 -1.42915359e+01 -1.33547720e-01 5.88881629e-01 -9.19213280e+00 1.14654783e-04 1.86275450e-04 -5.09940313e+00
1782             -1.22629394e-01 5.97524856e-01 -1.42912113e+01 -1.22723880e-01 5.97323249e-01 -9.19191470e+00 9.44862365e-05 2.01606990e-04 -5.09929662e+00
1783             -1.12774658e-01 6.05266231e-01 -1.42912280e+01 -1.12852544e-01 6.05047393e-01 -9.19205850e+00 7.78855935e-05 2.18837966e-04 -5.09916947e+00
1784             -1.05286998e-01 6.12201919e-01 -1.42916462e+01 -1.05353613e-01 6.11964954e-01 -9.19260678e+00 6.66150884e-05 2.36965325e-04 -5.09903942e+00
1785             -1.00382983e-01 6.18298868e-01 -1.42923148e+01 -1.00443874e-01 6.18039845e-01 -9.19339051e+00 6.08905258e-05 2.59023389e-04 -5.09892429e+00
1786             -9.66302295e-02 6.23547730e-01 -1.42929869e+01 -9.66909226e-02 6.23264178e-01 -9.19414929e+00 6.06931279e-05 2.83552277e-04 -5.09883761e+00
1787             -9.44450744e-02 6.28161576e-01 -1.42936242e+01 -9.45097606e-02 6.27852173e-01 -9.19483289e+00 6.46861783e-05 3.09403419e-04 -5.09879127e+00
1788             -9.44510891e-02 6.31709989e-01 -1.42941160e+01 -9.45216908e-02 6.31375478e-01 -9.19532620e+00 7.06016560e-05 3.34511242e-04 -5.09878982e+00
1789             -9.74163551e-02 6.34511827e-01 -1.42946980e+01 -9.74938633e-02 6.34151257e-01 -9.19586410e+00 7.75082677e-05 3.60570802e-04 -5.09883385e+00
1790             -1.03405830e-01 6.36704467e-01 -1.42957244e+01 -1.03488309e-01 6.36320416e-01 -9.19680952e+00 8.24790069e-05 3.84050528e-04 -5.09891488e+00
1791             -1.11541228e-01 6.38103699e-01 -1.42968894e+01 -1.11621902e-01 6.37700957e-01 -9.19787043e+00 8.06740825e-05 4.02742373e-04 -5.09901899e+00
1792             -1.20673222e-01 6.38087075e-01 -1.42976182e+01 -1.20743563e-01 6.37670243e-01 -9.19848209e+00 7.03409776e-05 4.16831840e-04 -5.09913607e+00
1793             -1.30019033e-01 6.36303787e-01 -1.42976404e+01 -1.30072094e-01 6.35877831e-01 -9.19838531e+00 5.30612432e-05 4.25955806e-04 -5.09925507e+00
1794             -1.41143271e-01 6.32705314e-01 -1.42970431e+01 -1.41175502e-01 6.32277190e-01 -9.19768043e+00 3.22308663e-05 4.28123106e-04 -5.09936266e+00
1795             -1.54574591e-01 6.27691316e-01 -1.42963365e+01 -1.54581009e-01 6.27265199e-01 -9.19689015e+00 6.41810286e-06 4.26116548e-04 -5.09944634e+00
1796             -1.69517036e-01 6.21003856e-01 -1.42959538e+01 -1.69493923e-01 6.20581191e-01 -9.19645899e+00 -2.31134178e-05 4.22664826e-04 -5.09949480e+00
1797             -1.83862264e-01 6.12999356e-01 -1.42957449e+01 -1.83808685e-01 6.12580689e-01 -9.19624786e+00 -5.35790003e-05 4.18666623e-04 -5.09949706e+00
1798             -1.95931900e-01 6.04297776e-01 -1.42954944e+01 -1.95852583e-01 6.03884054e-01 -9.19604477e+00 -7.93161898e-05 4.13721900e-04 -5.09944966e+00
1799             -2.05433199e-01 5.95733456e-01 -1.42950392e+01 -2.05335848e-01 5.95328350e-01 -9.19568249e+00 -9.73508010e-05 4.05106565e-04 -5.09935669e+00
1800             -2.13106717e-01 5.87723173e-01 -1.42944715e+01 -2.13000708e-01 5.87334067e-01 -9.19523580e+00 -1.06009263e-04 3.89106443e-04 -5.09923572e+00
1801             -2.20358679e-01 5.80330780e-01 -1.42942801e+01 -2.20255922e-01 5.79965659e-01 -9.19517503e+00 -1.02757074e-04 3.65120643e-04 -5.09910503e+00
1802             -2.27059815e-01 5.73623079e-01 -1.42944998e+01 -2.26972100e-01 5.73291454e-01 -9.19551685e+00 -8.77143910e-05 3.31624326e-04 -5.09898297e+00
1803             -2.31316768e-01 5.67751341e-01 -1.42948480e+01 -2.31253748e-01 5.67460825e-01 -9.19596335e+00 -6.30206638e-05 2.90516577e-04 -5.09888470e+00
1804             -2.32791769e-01 5.62757862e-01 -1.42952335e+01 -2.32761327e-01 5.62513278e-01 -9.19640948e+00 -3.04418483e-05 2.44584699e-04 -5.09882402e+00
1805             -2.31816143e-01 5.58866138e-01 -1.42953927e+01 -2.31822197e-01 5.58667466e-01 -9.19658588e+00 6.05407894e-06 1.98671915e-04 -5.09880682e+00
1806             -2.29269340e-01 5.55651762e-01 -1.42956401e+01 -2.29312635e-01 5.55494800e-01 -9.19680642e+00 4.32948039e-05 1.56961325e-04 -5.09883369e+00
1807             -2.26103229e-01 5.52896526e-01 -1.42962045e+01 -2.26181016e-01 5.52771749e-01 -9.19730441e+00 7.77878931e-05 1.24776992e-04 -5.09890012e+00
1808             -2.21756210e-01 5.51496865e-01 -1.42968782e+01 -2.21863386e-01 5.51392340e-01 -9.19788276e+00 1.07175256e-04 1.04525418e-04 -5.09899546e+00
1809             -2.14293855e-01 5.51915778e-01 -1.42970417e+01 -2.14422231e-01 5.51818840e-01 -9.19793166e+00 1.28376330e-04 9.69376856e-05 -5.09911003e+00
1810             -2.03616085e-01 5.54390570e-01 -1.42963696e+01 -2.03759496e-01 5.54291655e-01 -9.19713561e+00 1.43410760e-04 9.89157553e-05 -5.09923401e+00
1811             -1.92386389e-01 5.59290005e-01 -1.42951906e+01 -1.92537932e-01 5.59180952e-01 -9.19583964e+00 1.51542477e-04 1.09052961e-04 -5.09935098e+00
1812             -1.81929917e-01 5.66039607e-01 -1.42941263e+01 -1.82079983e-01 5.65916675e-01 -9.19467919e+00 1.50066381e-04 1.22931429e-04 -5.09944715e+00
1813             -1.72198864e-01 5.74150384e-01 -1.42935098e+01 -1.72339442e-01 5.74014232e-01 -9.19400180e+00 1.40577347e-04 1.36152051e-04 -5.09950804e+00
1814             -1.61929460e-01 5.82767083e-01 -1.42930597e+01 -1.62054217e-01 5.82619042e-01 -9.19353987e+00 1.24757281e-04 1.48040370e-04 -5.09951988e+00
1815             -1.50537057e-01 5.91341044e-01 -1.42925516e+01 -1.50644321e-01 5.91181144e-01 -9.19307486e+00 1.07264508e-04 1.59900193e-04 -5.09947676e+00
1816             -1.38290310e-01 5.99282962e-01 -1.42919831e+01 -1.38382378e-01 5.99110038e-01 -9.19259829e+00 9.20685022e-05 1.72924154e-04 -5.09938479e+00
1817             -1.26710187e-01 6.06261856e-01 -1.42915315e+01 -1.26790794e-01 6.06072725e-01 -9.19227251e+00 8.06069675e-05 1.89130551e-04 -5.09925898e+00
1818             -1.17186980e-01 6.12330554e-01 -1.42913637e+01 -1.17260779e-01 6.12121988e-01 -9.19224448e+00 7.37990266e-05 2.08565455e-04 -5.09911921e+00
1819             -1.10199838e-01 6.17590441e-01 -1.42915481e+01 -1.10270176e-01 6.17358033e-01 -9.19256392e+00 7.03371944e-05 2.32407982e-04 -5.09898419e+00
1820             -1.04269621e-01 6.21887800e-01 -1.42918847e+01 -1.04339722e-01 6.21629242e-01 -9.19301491e+00 7.01018198e-05 2.58558378e-04 -5.09886982e+00
1821             -9.94819540e-02 6.25354475e-01 -1.42924333e+01 -9.95547875e-02 6.25068842e-01 -9.19364342e+00 7.28335218e-05 2.85632230e-04 -5.09878985e+00
1822             -9.66788790e-02 6.27865358e-01 -1.42929600e+01 -9.67555551e-02 6.27553803e-01 -9.19420723e+00 7.66760686e-05 3.11555161e-04 -5.09875281e+00
1823             -9.66490723e-02 6.29525769e-01 -1.42936891e+01 -9.67292978e-02 6.29191473e-01 -9.19492640e+00 8.02254078e-05 3.34296497e-04 -5.09876274e+00
1824             -9.99921371e-02 6.30408479e-01 -1.42948657e+01 -1.00074329e-01 6.30053322e-01 -9.19604932e+00 8.21922419e-05 3.55157858e-04 -5.09881641e+00
1825             -1.06226133e-01 6.30192024e-01 -1.42961885e+01 -1.06307011e-01 6.29820231e-01 -9.19728287e+00 8.08775981e-05 3.71793312e-04 -5.09890567e+00
1826             -1.13634950e-01 6.28581873e-01 -1.42971946e+01 -1.13707333e-01 6.28198660e-01 -9.19817333e+00 7.23826330e-05 3.83213003e-04 -5.09902129e+00
1827             -1.21051765e-01 6.25338234e-01 -1.42974151e+01 -1.21108480e-01 6.24947633e-01 -9.19826162e+00 5.67152627e-05 3.90601832e-04 -5.09915347e+00
1828             -1.30234692e-01 6.20495959e-01 -1.42970159e+01 -1.30270018e-01 6.20103273e-01 -9.19772940e+00 3.53260175e-05 3.92686509e-04 -5.09928646e+00
1829             -1.42161923e-01 6.14767671e-01 -1.42964688e+01 -1.42169439e-01 6.14376504e-01 -9.19706473e+00 7.51594260e-06 3.91167083e-04 -5.09940406e+00
1830             -1.56504698e-01 6.08349928e-01 -1.42961156e+01 -1.56480238e-01 6.07960056e-01 -9.19662478e+00 -2.44599537e-05 3.89871938e-04 -5.09949080e+00
1831             -1.70911233e-01 6.01147658e-01 -1.42958862e+01 -1.70853794e-01 6.00758569e-01 -9.19635646e+00 -5.74395923e-05 3.89088450e-04 -5.09952971e+00
1832             -1.83749666e-01 5.93438981e-01 -1.42955711e+01 -1.83663214e-01 5.93050871e-01 -9.19605908e+00 -8.64521171e-05 3.88110310e-04 -5.09951200e+00
1833             -1.94567152e-01 5.85816186e-01 -1.42950175e+01 -1.94459354e-01 5.85430688e-01 -9.19557724e+00 -1.07797937e-04 3.85498185e-04 -5.09944029e+00
1834             -2.03797320e-01 5.78834091e-01 -1.42943361e+01 -2.03677006e-01 5.78456888e-01 -9.19500701e+00 -1.20313786e-04 3.77202825e-04 -5.09932909e+00
1835             -2.12823415e-01 5.72465445e-01 -1.42938101e+01 -2.12700838e-01 5.72105184e-01 -9.19461488e+00 -1.22576442e-04 3.60260825e-04 -5.09919523e+00
1836             -2.21512679e-01 5.66761336e-01 -1.42936740e+01 -2.21398496e-01 5.66427931e-01 -9.19461413e+00 -1.14182977e-04 3.33405612e-04 -5.09905985e+00
1837             -2.28086871e-01 5.61863373e-01 -1.42938232e+01 -2.27991309e-01 5.61565826e-01 -9.19488423e+00 -9.55617554e-05 2.97547406e-04 -5.09893897e+00
1838             -2.32363980e-01 5.57744145e-01 -1.42941594e+01 -2.32294940e-01 5.57488627e-01 -9.19531084e+00 -6.90399301e-05 2.55517722e-04 -5.09884852e+00
1839             -2.34427884e-01 5.54826783e-01 -1.42944376e+01 -2.34390407e-01 5.54615976e-01 -9.19564099e+00 -3.74767239e-05 2.10807245e-04 -5.09879664e+00
1840             -2.34651934e-01 5.53019342e-01 -1.42948126e+01 -2.34648679e-01 5.52851963e-01 -9.19602354e+00 -3.25501220e-06 1.67378220e-04 -5.09878908e+00
1841             -2.33937903e-01 5.52032535e-01 -1.42957243e+01 -2.33967629e-01 5.51903116e-01 -9.19689986e+00 2.97258612e-05 1.29418786e-04 -5.09882443e+00
1842             -2.32180413e-01 5.51996698e-01 -1.42968418e+01 -2.32238274e-01 5.51893707e-01 -9.19794506e+00 5.78602826e-05 1.02991395e-04 -5.09889677e+00
1843             -2.27847324e-01 5.53464410e-01 -1.42975010e+01 -2.27927625e-01 5.53376579e-01 -9.19850001e+00 8.03008415e-05 8.78310991e-05 -5.09900101e+00
1844             -2.19898407e-01 5.56929293e-01 -1.42973266e+01 -2.19995559e-01 5.56844859e-01 -9.19819970e+00 9.71528109e-05 8.44344322e-05 -5.09912694e+00
1845             -2.10182795e-01 5.62287281e-01 -1.42964371e+01 -2.10292264e-01 5.62194976e-01 -9.19717662e+00 1.09469348e-04 9.23052568e-05 -5.09926052e+00
1846             -2.00504009e-01 5.69002902e-01 -1.42954957e+01 -2.00617415e-01 5.68897204e-01 -9.19611137e+00 1.13405817e-04 1.05698169e-04 -5.09938438e+00
1847             -1.91172430e-01 5.76900114e-01 -1.42948440e+01 -1.91280999e-01 5.76781614e-01 -9.19536359e+00 1.08569759e-04 1.18500490e-04 -5.09948038e+00
1848             -1.81046844e-01 5.85636971e-01 -1.42943508e+01 -1.81145200e-01 5.85507193e-01 -9.19482043e+00 9.83557228e-05 1.29777950e-04 -5.09953034e+00
1849             -1.69255294e-01 5.94110117e-01 -1.42937894e+01 -1.69342384e-01 5.93971213e-01 -9.19426702e+00 8.70903314e-05 1.38904121e-04 -5.09952236e+00
1850             -1.56136724e-01 6.01684295e-01 -1.42930840e+01 -1.56214297e-01 6.01536446e-01 -9.19362680e+00 7.75728509e-05 1.47849168e-04 -5.09945725e+00
1851             -1.43145324e-01 6.08174737e-01 -1.42924366e+01 -1.43216662e-01 6.08014135e-01 -9.19308704e+00 7.13374956e-05 1.60602106e-04 -5.09934952e+00
1852             -1.31855262e-01 6.13553490e-01 -1.42919529e+01 -1.31924839e-01 6.13374909e-01 -9.19273757e+00 6.95766794e-05 1.78580975e-04 -5.09921536e+00
1853             -1.23015953e-01 6.17892562e-01 -1.42915896e+01 -1.23087378e-01 6.17690078e-01 -9.19251596e+00 7.14250581e-05 2.02484518e-04 -5.09907360e+00
1854             -1.15081887e-01 6.21339885e-01 -1.42913773e+01 -1.15156266e-01 6.21109348e-01 -9.19243523e+00 7.43790472e-05 2.30537009e-04 -5.09894212e+00
1855             -1.08178615e-01 6.23910520e-01 -1.42914557e+01 -1.08256726e-01 6.23651520e-01 -9.19261950e+00 7.81114438e-05 2.58999259e-04 -5.09883615e+00
1856             -1.02907346e-01 6.25314851e-01 -1.42917846e+01 -1.02988260e-01 6.25028698e-01 -9.19301766e+00 8.09134881e-05 2.86152640e-04 -5.09876698e+00
1857             -1.00041224e-01 6.25822452e-01 -1.42924956e+01 -1.00124042e-01 6.25512362e-01 -9.19375471e+00 8.28177030e-05 3.10090094e-04 -5.09874090e+00
1858             -1.00394863e-01 6.25552331e-01 -1.42937834e+01 -1.00476778e-01 6.25223333e-01 -9.19502378e+00 8.19153142e-05 3.28998344e-04 -5.09875963e+00
1859             -1.03753857e-01 6.24088089e-01 -1.42953274e+01 -1.03830836e-01 6.23745932e-01 -9.19650950e+00 7.69789921e-05 3.42156405e-04 -5.09881792e+00
1860             -1.09175640e-01 6.20997596e-01 -1.42965310e+01 -1.09243324e-01 6.20646205e-01 -9.19761771e+00 6.76845813e-05 3.51391144e-04 -5.09891328e+00
1861             -1.14763233e-01 6.16151032e-01 -1.42970113e+01 -1.14816639e-01 6.15794882e-01 -9.19797269e+00 5.34056906e-05 3.56149931e-04 -5.09903860e+00
1862             -1.21906139e-01 6.09801562e-01 -1.42968155e+01 -1.21940232e-01 6.09445840e-01 -9.19763605e+00 3.40928407e-05 3.55722082e-04 -5.09917947e+00
1863             -1.31857013e-01 6.02557563e-01 -1.42964060e+01 -1.31863987e-01 6.02203900e-01 -9.19708704e+00 6.97394560e-06 3.53662498e-04 -5.09931897e+00
1864             -1.44490240e-01 5.95142466e-01 -1.42962298e+01 -1.44463756e-01 5.94790454e-01 -9.19679229e+00 -2.64834807e-05 3.52011720e-04 -5.09943746e+00
1865             -1.58097736e-01 5.87803243e-01 -1.42960934e+01 -1.58035880e-01 5.87450728e-01 -9.19657841e+00 -6.18565549e-05 3.52514738e-04 -5.09951496e+00
1866             -1.70817516e-01 5.80728605e-01 -1.42957774e+01 -1.70723962e-01 5.80374295e-01 -9.19624127e+00 -9.35543462e-05 3.54310424e-04 -5.09953609e+00
1867             -1.82032738e-01 5.74024619e-01 -1.42951779e+01 -1.81915029e-01 5.73669305e-01 -9.19568102e+00 -1.17708737e-04 3.55314848e-04 -5.09949692e+00
1868             -1.92400559e-01 5.67991714e-01 -1.42944118e+01 -1.92267249e-01 5.67639330e-01 -9.19500232e+00 -1.33310361e-04 3.52384693e-04 -5.09940950e+00
1869             -2.02778114e-01 5.62610702e-01 -1.42937669e+01 -2.02639273e-01 5.62267909e-01 -9.19447772e+00 -1.38840809e-04 3.42792814e-04 -5.09928917e+00
1870             -2.13283313e-01 5.57877021e-01 -1.42933772e+01 -2.13148254e-01 5.57553622e-01 -9.19422317e+00 -1.35059364e-04 3.23398791e-04 -5.09915407e+00
1871             -2.21913268e-01 5.53984420e-01 -1.42931532e+01 -2.21790893e-01 5.53689922e-01 -9.19413075e+00 -1.22375318e-04 2.94498547e-04 -5.09902248e+00
1872             -2.28297538e-01 5.51026137e-01 -1.42932146e+01 -2.28195902e-01 5.50767998e-01 -9.19430284e+00 -1.01635265e-04 2.58138990e-04 -5.09891174e+00
1873             -2.32888469e-01 5.49070036e-01 -1.42933596e+01 -2.32813006e-01 5.48852293e-01 -9.19452754e+00 -7.54632926e-05 2.17743218e-04 -5.09883205e+00
1874             -2.36098650e-01 5.48119800e-01 -1.42938023e+01 -2.36052397e-01 5.47943368e-01 -9.19501147e+00 -4.62534405e-05 1.76431635e-04 -5.09879081e+00
1875             -2.38302148e-01 5.48276519e-01 -1.42948560e+01 -2.38285652e-01 5.48138411e-01 -9.19606503e+00 -1.64961081e-05 1.38107587e-04 -5.09879099e+00
1876             -2.39176968e-01 5.49926864e-01 -1.42962976e+01 -2.39187162e-01 5.49820107e-01 -9.19746707e+00 1.01943877e-05 1.06756824e-04 -5.09883057e+00
1877             -2.37462651e-01 5.53027584e-01 -1.42974377e+01 -2.37494187e-01 5.52941648e-01 -9.19853014e+00 3.15367214e-05 8.59362764e-05 -5.09890759e+00
1878             -2.32460699e-01 5.57648640e-01 -1.42977159e+01 -2.32509269e-01 5.57573322e-01 -9.19869774e+00 4.85703223e-05 7.53182987e-05 -5.09901821e+00
1879             -2.25602319e-01 5.64036568e-01 -1.42973083e+01 -2.25665245e-01 5.63959654e-01 -9.19815796e+00 6.29265424e-05 7.69131683e-05 -5.09915036e+00
1880             -2.17826331e-01 5.71485427e-01 -1.42966384e+01 -2.17897105e-01 5.71398032e-01 -9.19735258e+00 7.07731813e-05 8.73956527e-05 -5.09928583e+00
1881             -2.09469395e-01 5.79633176e-01 -1.42961079e+01 -2.09541262e-01 5.79533299e-01 -9.19670094e+00 7.18672145e-05 9.98769672e-05 -5.09940699e+00
1882             -2.00062678e-01 5.88286577e-01 -1.42956773e+01 -2.00128905e-01 5.88175884e-01 -9.19618609e+00 6.62269411e-05 1.10693115e-04 -5.09949117e+00
1883             -1.88636777e-01 5.96860180e-01 -1.42951208e+01 -1.88696104e-01 5.96740488e-01 -9.19559857e+00 5.93269688e-05 1.19691551e-04 -5.09952222e+00
1884             -1.75275551e-01 6.04464754e-01 -1.42944279e+01 -1.75331224e-01 6.04338071e-01 -9.19493348e+00 5.56728545e-05 1.26683194e-04 -5.09949443e+00
1885             -1.61487743e-01 6.10672416e-01 -1.42937238e+01 -1.61543225e-01 6.10536848e-01 -9.19430755e+00 5.54824414e-05 1.35568180e-04 -5.09941622e+00
1886             -1.48841104e-01 6.15583315e-01 -1.42930613e+01 -1.48900571e-01 6.15433598e-01 -9.19375845e+00 5.94676455e-05 1.49716970e-04 -5.09930283e+00
1887             -1.38377536e-01 6.19384242e-01 -1.42924151e+01 -1.38444124e-01 6.19212677e-01 -9.19324398e+00 6.65885860e-05 1.71565068e-04 -5.09917111e+00
1888             -1.28746181e-01 6.21951503e-01 -1.42916901e+01 -1.28821157e-01 6.21752778e-01 -9.19265321e+00 7.49763162e-05 1.98725294e-04 -5.09903688e+00
1889             -1.19871976e-01 6.23618614e-01 -1.42911880e+01 -1.19954911e-01 6.23389796e-01 -9.19227053e+00 8.29351384e-05 2.28818627e-04 -5.09891745e+00
1890             -1.12405647e-01 6.24074703e-01 -1.42910663e+01 -1.12493480e-01 6.23817195e-01 -9.19224091e+00 8.78336554e-05 2.57508107e-04 -5.09882536e+00
1891             -1.07169466e-01 6.23511895e-01 -1.42914641e+01 -1.07258891e-01 6.23228950e-01 -9.19269483e+00 8.94248502e-05 2.82945042e-04 -5.09876929e+00
1892             -1.04749783e-01 6.22043566e-01 -1.42926480e+01 -1.04837113e-01 6.21740565e-01 -9.19389500e+00 8.73294550e-05 3.03000875e-04 -5.09875301e+00
1893             -1.05279102e-01 6.19532803e-01 -1.42942091e+01 -1.05359408e-01 6.19216674e-01 -9.19543321e+00 8.03059545e-05 3.16129174e-04 -5.09877586e+00
1894             -1.07813892e-01 6.15260461e-01 -1.42956228e+01 -1.07881249e-01 6.14938873e-01 -9.19678471e+00 6.73567888e-05 3.21588378e-04 -5.09883809e+00
1895             -1.10960445e-01 6.09058107e-01 -1.42963448e+01 -1.11011246e-01 6.08734370e-01 -9.19740628e+00 5.08010297e-05 3.23737441e-04 -5.09893853e+00
1896             -1.16070726e-01 6.01045185e-01 -1.42964384e+01 -1.16103147e-01 6.00724296e-01 -9.19737022e+00 3.24211286e-05 3.20888351e-04 -5.09906822e+00
1897             -1.23996961e-01 5.92212111e-01 -1.42963050e+01 -1.24004380e-01 5.91896569e-01 -9.19709443e+00 7.41948105e-06 3.15541697e-04 -5.09921059e+00
1898             -1.34669164e-01 5.83189131e-01 -1.42962509e+01 -1.34644538e-01 5.82876650e-01 -9.19690341e+00 -2.46256808e-05 3.12480743e-04 -5.09934748e+00
1899             -1.46546519e-01 5.74574387e-01 -1.42962399e+01 -1.46485440e-01 5.74261839e-01 -9.19678506e+00 -6.10790623e-05 3.12547985e-04 -5.09945484e+00
1900             -1.58175443e-01 5.66950301e-01 -1.42960354e+01 -1.58080075e-01 5.66635303e-01 -9.19652142e+00 -9.53682772e-05 3.14998166e-04 -5.09951396e+00
1901             -1.69016304e-01 5.60653400e-01 -1.42954888e+01 -1.68893922e-01 5.60334821e-01 -9.19597418e+00 -1.22381870e-04 3.18579349e-04 -5.09951466e+00
1902             -1.79496142e-01 5.55399360e-01 -1.42947432e+01 -1.79355316e-01 5.55080217e-01 -9.19528064e+00 -1.40825504e-04 3.19143243e-04 -5.09946255e+00
1903             -1.90684067e-01 5.50992603e-01 -1.42940215e+01 -1.90534478e-01 5.50678330e-01 -9.19465266e+00 -1.49589298e-04 3.14273099e-04 -5.09936885e+00
1904             -2.02563369e-01 5.47265827e-01 -1.42934777e+01 -2.02414243e-01 5.46964034e-01 -9.19422659e+00 -1.49125345e-04 3.01793658e-04 -5.09925108e+00
1905             -2.12924003e-01 5.44403355e-01 -1.42930340e+01 -2.12783551e-01 5.44122584e-01 -9.19391004e+00 -1.40451544e-04 2.80770501e-04 -5.09912399e+00
1906             -2.21323350e-01 5.42420772e-01 -1.42927144e+01 -2.21198124e-01 5.42169315e-01 -9.19370875e+00 -1.25226871e-04 2.51456686e-04 -5.09900564e+00
1907             -2.27924512e-01 5.41538759e-01 -1.42925721e+01 -2.27819527e-01 5.41321338e-01 -9.19366307e+00 -1.04984694e-04 2.17420940e-04 -5.09890907e+00
1908             -2.33452240e-01 5.41654049e-01 -1.42928150e+01 -2.33371280e-01 5.41473258e-01 -9.19397245e+00 -8.09601385e-05 1.80790939e-04 -5.09884250e+00
1909             -2.38455656e-01 5.42762094e-01 -1.42938415e+01 -2.38399269e-01 5.42616685e-01 -9.19502999e+00 -5.63872289e-05 1.45408856e-04 -5.09881149e+00
1910             -2.42370345e-01 5.45320819e-01 -1.42954302e+01 -2.42336782e-01 5.45206248e-01 -9.19661409e+00 -3.35632832e-05 1.14571206e-04 -5.09881609e+00
1911             -2.43571303e-01 5.49874077e-01 -1.42968726e+01 -2.43556966e-01 5.49783432e-01 -9.19801356e+00 -1.43368116e-05 9.06449020e-05 -5.09885907e+00
1912             -2.41122302e-01 5.56229825e-01 -1.42976081e+01 -2.41123878e-01 5.56155470e-01 -9.19866870e+00 1.57588410e-06 7.43555841e-05 -5.09893935e+00
1913             -2.36966061e-01 5.64008247e-01 -1.42975992e+01 -2.36981009e-01 5.63938821e-01 -9.19854875e+00 1.49485705e-05 6.94261065e-05 -5.09905048e+00
1914             -2.32160856e-01 5.72602284e-01 -1.42973751e+01 -2.32184902e-01 5.72529221e-01 -9.19819568e+00 2.40463170e-05 7.30632759e-05 -5.09917942e+00
1915             -2.26216073e-01 5.81629842e-01 -1.42972038e+01 -2.26243526e-01 5.81548190e-01 -9.19789640e+00 2.74533340e-05 8.16517772e-05 -5.09930741e+00
1916             -2.18223475e-01 5.90648023e-01 -1.42969538e+01 -2.18250207e-01 5.90556257e-01 -9.19754036e+00 2.67329241e-05 9.17660643e-05 -5.09941346e+00
1917             -2.07662285e-01 5.99257507e-01 -1.42964722e+01 -2.07687157e-01 5.99156840e-01 -9.19699554e+00 2.48724127e-05 1.00667140e-04 -5.09947665e+00
1918             -1.94701861e-01 6.06911659e-01 -1.42957249e+01 -1.94727563e-01 6.06804184e-01 -9.19623778e+00 2.57016469e-05 1.07474982e-04 -5.09948708e+00
1919             -1.80811899e-01 6.13371733e-01 -1.42949965e+01 -1.80842903e-01 6.13256864e-01 -9.19554921e+00 3.10041426e-05 1.14868481e-04 -5.09944729e+00
1920             -1.67384149e-01 6.18163019e-01 -1.42943502e+01 -1.67425010e-01 6.18037554e-01 -9.19498387e+00 4.08612958e-05 1.25465044e-04 -5.09936628e+00
1921             -1.55774159e-01 6.21545113e-01 -1.42936052e+01 -1.55827725e-01 6.21402112e-01 -9.19434754e+00 5.35656038e-05 1.43001047e-04 -5.09925770e+00
1922             -1.44671378e-01 6.23551016e-01 -1.42926675e+01 -1.44738762e-01 6.23383692e-01 -9.19353062e+00 6.73840711e-05 1.67323276e-04 -5.09913690e+00
1923             -1.34082384e-01 6.24373000e-01 -1.42917099e+01 -1.34163519e-01 6.24176757e-01 -9.19269164e+00 8.11352843e-05 1.96242194e-04 -5.09901829e+00
1924             -1.24665422e-01 6.23972004e-01 -1.42909695e+01 -1.24756779e-01 6.23746102e-01 -9.19205350e+00 9.13574884e-05 2.25901532e-04 -5.09891600e+00
1925             -1.17247389e-01 6.22543602e-01 -1.42908264e+01 -1.17343285e-01 6.22290271e-01 -9.19198683e+00 9.58953568e-05 2.53330778e-04 -5.09883953e+00
1926             -1.12413118e-01 6.20056050e-01 -1.42915906e+01 -1.12507558e-01 6.19781100e-01 -9.19279466e+00 9.44400636e-05 2.74949395e-04 -5.09879595e+00
1927             -1.10231819e-01 6.16406247e-01 -1.42930235e+01 -1.10318138e-01 6.16116883e-01 -9.19423799e+00 8.63197734e-05 2.89363933e-04 -5.09878548e+00
1928             -1.10084731e-01 6.11060209e-01 -1.42944539e+01 -1.10156533e-01 6.10764137e-01 -9.19564248e+00 7.18015606e-05 2.96072406e-04 -5.09881143e+00
1929             -1.10337923e-01 6.03794144e-01 -1.42953167e+01 -1.10390031e-01 6.03498836e-01 -9.19643984e+00 5.21082188e-05 2.95308801e-04 -5.09887686e+00
1930             -1.12620149e-01 5.94533308e-01 -1.42956184e+01 -1.12650431e-01 5.94243792e-01 -9.19664050e+00 3.02825711e-05 2.89515738e-04 -5.09897786e+00
1931             -1.18377759e-01 5.84134281e-01 -1.42956908e+01 -1.18383461e-01 5.83852497e-01 -9.19658675e+00 5.70216685e-06 2.81783814e-04 -5.09910406e+00
1932             -1.27097299e-01 5.73454003e-01 -1.42959392e+01 -1.27072904e-01 5.73178445e-01 -9.19670045e+00 -2.43950916e-05 2.75558857e-04 -5.09923875e+00
1933             -1.37108693e-01 5.63201361e-01 -1.42961572e+01 -1.37049704e-01 5.62928009e-01 -9.19679738e+00 -5.89883833e-05 2.73352080e-04 -5.09935982e+00
1934             -1.46957134e-01 5.54096154e-01 -1.42961134e+01 -1.46863457e-01 5.53820605e-01 -9.19666724e+00 -9.36765652e-05 2.75548807e-04 -5.09944612e+00
1935             -1.56339245e-01 5.46894594e-01 -1.42957091e+01 -1.56216462e-01 5.46615089e-01 -9.19622615e+00 -1.22783176e-04 2.79504366e-04 -5.09948292e+00
1936             -1.66155533e-01 5.41698593e-01 -1.42950002e+01 -1.66011653e-01 5.41416201e-01 -9.19552947e+00 -1.43879256e-04 2.82391504e-04 -5.09947070e+00
1937             -1.77182291e-01 5.38019580e-01 -1.42942787e+01 -1.77026990e-01 5.37738773e-01 -9.19486419e+00 -1.55300838e-04 2.80807029e-04 -5.09941449e+00
1938             -1.89666256e-01 5.35233022e-01 -1.42936916e+01 -1.89508426e-01 5.34960311e-01 -9.19436534e+00 -1.57830144e-04 2.72711157e-04 -5.09932627e+00
1939             -2.01390932e-01 5.33336726e-01 -1.42931309e+01 -2.01238494e-01 5.33078586e-01 -9.19391142e+00 -1.52437364e-04 2.58139914e-04 -5.09921944e+00
1940             -2.11383880e-01 5.32345615e-01 -1.42926459e+01 -2.11243236e-01 5.32108957e-01 -9.19353575e+00 -1.40644652e-04 2.36658010e-04 -5.09911011e+00
1941             -2.19866145e-01 5.32482576e-01 -1.42922219e+01 -2.19741010e-01 5.32272781e-01 -9.19321203e+00 -1.25135145e-04 2.09794406e-04 -5.09900990e+00
1942             -2.27393318e-01 5.33691539e-01 -1.42921264e+01 -2.27286464e-01 5.33511574e-01 -9.19319692e+00 -1.06854197e-04 1.79965501e-04 -5.09892948e+00
1943             -2.34502381e-01 5.35846993e-01 -1.42928507e+01 -2.34414874e-01 5.35697308e-01 -9.19397452e+00 -8.75068790e-05 1.49685497e-04 -5.09887615e+00
1944             -2.41070049e-01 5.39306467e-01 -1.42943207e+01 -2.41000403e-01 5.39183702e-01 -9.19546931e+00 -6.96460048e-05 1.22764980e-04 -5.09885142e+00
1945             -2.45445095e-01 5.44709247e-01 -1.42959128e+01 -2.45390235e-01 5.44609012e-01 -9.19705298e+00 -5.48606187e-05 1.00235306e-04 -5.09885986e+00
1946             -2.45951503e-01 5.52252259e-01 -1.42969119e+01 -2.45909589e-01 5.52169430e-01 -9.19800717e+00 -4.19141962e-05 8.28285825e-05 -5.09890472e+00
1947             -2.44284546e-01 5.61768374e-01 -1.42972688e+01 -2.44254791e-01 5.61695849e-01 -9.19828524e+00 -2.97551241e-05 7.25246659e-05 -5.09898354e+00
1948             -2.42004282e-01 5.71972029e-01 -1.42974275e+01 -2.41982460e-01 5.71901396e-01 -9.19833978e+00 -2.18218250e-05 7.06322936e-05 -5.09908767e+00
1949             -2.39056040e-01 5.82228591e-01 -1.42976533e+01 -2.39038639e-01 5.82156241e-01 -9.19844907e+00 -1.74013884e-05 7.23502718e-05 -5.09920419e+00
1950             -2.33931832e-01 5.92342250e-01 -1.42978669e+01 -2.33915684e-01 5.92264831e-01 -9.19855522e+00 -1.61485293e-05 7.74197208e-05 -5.09931170e+00
1951             -2.25181838e-01 6.01532973e-01 -1.42976885e+01 -2.25167376e-01 6.01448518e-01 -9.19829685e+00 -1.44621338e-05 8.44550237e-05 -5.09939165e+00
1952             -2.13204550e-01 6.09403214e-01 -1.42970856e+01 -2.13195658e-01 6.09312123e-01 -9.19765530e+00 -8.89243158e-06 9.10905195e-05 -5.09943026e+00
1953             -1.99840785e-01 6.15869755e-01 -1.42963301e+01 -1.99841349e-01 6.15771793e-01 -9.19690403e+00 5.64075817e-07 9.79622708e-05 -5.09942603e+00
1954             -1.86422870e-01 6.20849445e-01 -1.42956027e+01 -1.86438406e-01 6.20741577e-01 -9.19621947e+00 1.55357960e-05 1.07867873e-04 -5.09938323e+00
1955             -1.74242759e-01 6.24133518e-01 -1.42948361e+01 -1.74277254e-01 6.24011176e-01 -9.19552711e+00 3.44944145e-05 1.22341403e-04 -5.09930899e+00
1956             -1.62207420e-01 6.25796818e-01 -1.42938447e+01 -1.62261846e-01 6.25654514e-01 -9.19463038e+00 5.44256359e-05 1.42303907e-04 -5.09921435e+00
1957             -1.50186125e-01 6.26117238e-01 -1.42927560e+01 -1.50260111e-01 6.25949815e-01 -9.19364340e+00 7.39859925e-05 1.67422923e-04 -5.09911261e+00
1958             -1.39096846e-01 6.24971083e-01 -1.42917310e+01 -1.39186700e-01 6.24775741e-01 -9.19271511e+00 8.98534226e-05 1.95341698e-04 -5.09901589e+00
1959             -1.29857500e-01 6.22605674e-01 -1.42909737e+01 -1.29957929e-01 6.22383203e-01 -9.19204083e+00 1.00429043e-04 2.22470669e-04 -5.09893287e+00
1960             -1.22905932e-01 6.19237012e-01 -1.42910836e+01 -1.23008870e-01 6.18990775e-01 -9.19221049e+00 1.02938510e-04 2.46236505e-04 -5.09887310e+00
1961             -1.18444630e-01 6.14708431e-01 -1.42920360e+01 -1.18541113e-01 6.14446189e-01 -9.19319808e+00 9.64828628e-05 2.62242285e-04 -5.09883789e+00
1962             -1.15834076e-01 6.08328411e-01 -1.42932555e+01 -1.15915233e-01 6.08058334e-01 -9.19442304e+00 8.11564356e-05 2.70076829e-04 -5.09883246e+00
1963             -1.13335557e-01 5.99927830e-01 -1.42941423e+01 -1.13395454e-01 5.99657484e-01 -9.19528021e+00 5.98966169e-05 2.70346084e-04 -5.09886209e+00
1964             -1.12725338e-01 5.89626690e-01 -1.42945344e+01 -1.12760679e-01 5.89363508e-01 -9.19560727e+00 3.53410321e-05 2.63182176e-04 -5.09892714e+00
1965             -1.15471801e-01 5.78056655e-01 -1.42947985e+01 -1.15478430e-01 5.77805247e-01 -9.19577751e+00 6.62892533e-06 2.51408083e-04 -5.09902100e+00
1966             -1.21899559e-01 5.65985110e-01 -1.42952113e+01 -1.21874434e-01 5.65742974e-01 -9.19607702e+00 -2.51255014e-05 2.42136208e-04 -5.09913428e+00
1967             -1.30083628e-01 5.54067268e-01 -1.42957303e+01 -1.30024923e-01 5.53830581e-01 -9.19648172e+00 -5.87042802e-05 2.36687365e-04 -5.09924857e+00
1968             -1.38094944e-01 5.43293301e-01 -1.42959892e+01 -1.38003045e-01 5.43057714e-01 -9.19664622e+00 -9.18991775e-05 2.35587032e-04 -5.09934299e+00
1969             -1.45621004e-01 5.34428072e-01 -1.42957837e+01 -1.45500283e-01 5.34189104e-01 -9.19638110e+00 -1.20721317e-04 2.38967963e-04 -5.09940262e+00
1970             -1.53756482e-01 5.28084790e-01 -1.42952570e+01 -1.53612826e-01 5.27842965e-01 -9.19583411e+00 -1.43655973e-04 2.41824849e-04 -5.09942293e+00
1971             -1.63732662e-01 5.24103901e-01 -1.42946235e+01 -1.63574744e-01 5.23862320e-01 -9.19521797e+00 -1.57918172e-04 2.41580352e-04 -5.09940552e+00
1972             -1.75932751e-01 5.21936681e-01 -1.42940242e+01 -1.75769530e-01 5.21700203e-01 -9.19466832e+00 -1.63221030e-04 2.36477365e-04 -5.09935585e+00
1973             -1.88017076e-01 5.20900449e-01 -1.42934162e+01 -1.87856486e-01 5.20674865e-01 -9.19413452e+00 -1.60589752e-04 2.25584432e-04 -5.09928166e+00
1974             -1.99147776e-01 5.20792700e-01 -1.42928301e+01 -1.98996034e-01 5.20583307e-01 -9.19363445e+00 -1.51742081e-04 2.09392792e-04 -5.09919565e+00
1975             -2.09105207e-01 5.21840993e-01 -1.42922688e+01 -2.08965930e-01 5.21651169e-01 -9.19315995e+00 -1.39277010e-04 1.89823051e-04 -5.09910886e+00
1976             -2.18394218e-01 5.24005141e-01 -1.42919196e+01 -2.18269052e-01 5.23837876e-01 -9.19289065e+00 -1.25166249e-04 1.67264795e-04 -5.09902897e+00
1977             -2.27434057e-01 5.27248716e-01 -1.42922556e+01 -2.27322984e-01 5.27105087e-01 -9.19328998e+00 -1.11073013e-04 1.43629681e-04 -5.09896558e+00
1978             -2.36048580e-01 5.31745412e-01 -1.42934367e+01 -2.35950206e-01 5.31623003e-01 -9.19451491e+00 -9.83735279e-05 1.22408871e-04 -5.09892178e+00
1979             -2.42967483e-01 5.38095122e-01 -1.42948778e+01 -2.42879235e-01 5.37990903e-01 -9.19597431e+00 -8.82480007e-05 1.04218971e-04 -5.09890348e+00
1980             -2.46469947e-01 5.46461845e-01 -1.42959658e+01 -2.46389770e-01 5.46372594e-01 -9.19704982e+00 -8.01766538e-05 8.92512379e-05 -5.09891595e+00
1981             -2.47778613e-01 5.56950111e-01 -1.42965332e+01 -2.47707053e-01 5.56870828e-01 -9.19757343e+00 -7.15593063e-05 7.92834211e-05 -5.09895978e+00
1982             -2.48135119e-01 5.68768131e-01 -1.42969543e+01 -2.48069759e-01 5.68694626e-01 -9.19792338e+00 -6.53593876e-05 7.35053230e-05 -5.09903096e+00
1983             -2.47675696e-01 5.80778805e-01 -1.42975383e+01 -2.47613540e-01 5.80708559e-01 -9.19841886e+00 -6.21558360e-05 7.02460880e-05 -5.09911942e+00
1984             -2.45467741e-01 5.92297252e-01 -1.42981339e+01 -2.45406534e-01 5.92228085e-01 -9.19892268e+00 -6.12064377e-05 6.91669286e-05 -5.09921125e+00
1985             -2.39806222e-01 6.02710018e-01 -1.42984202e+01 -2.39748213e-01 6.02639789e-01 -9.19913165e+00 -5.80089259e-05 7.02293310e-05 -5.09928854e+00
1986             -2.30025596e-01 6.11386877e-01 -1.42981991e+01 -2.29975734e-01 6.11313178e-01 -9.19886087e+00 -4.98626149e-05 7.36997482e-05 -5.09933821e+00
1987             -2.17818375e-01 6.18203791e-01 -1.42976413e+01 -2.17782592e-01 6.18123758e-01 -9.19828309e+00 -3.57837704e-05 8.00324509e-05 -5.09935820e+00
1988             -2.04980136e-01 6.23269048e-01 -1.42969869e+01 -2.04963602e-01 6.23179607e-01 -9.19763841e+00 -1.65339158e-05 8.94409908e-05 -5.09934849e+00
1989             -1.92918728e-01 6.26733328e-01 -1.42961903e+01 -1.92925943e-01 6.26629939e-01 -9.19687830e+00 7.21448677e-06 1.03388999e-04 -5.09931198e+00
1990             -1.80567871e-01 6.28465167e-01 -1.42951654e+01 -1.80601298e-01 6.28343977e-01 -9.19591179e+00 3.34268116e-05 1.21190792e-04 -5.09925365e+00
1991             -1.67681474e-01 6.28411066e-01 -1.42939822e+01 -1.67741010e-01 6.28268594e-01 -9.19480073e+00 5.95357235e-05 1.42472154e-04 -5.09918148e+00
1992             -1.55286152e-01 6.26828362e-01 -1.42927915e+01 -1.55367989e-01 6.26661885e-01 -9.19368614e+00 8.18366565e-05 1.66477715e-04 -5.09910536e+00
1993             -1.44429470e-01 6.23857922e-01 -1.42917958e+01 -1.44528019e-01 6.23666623e-01 -9.19276298e+00 9.85486441e-05 1.91299576e-04 -5.09903284e+00
1994             -1.35707628e-01 6.19520193e-01 -1.42914372e+01 -1.35815047e-01 6.19306060e-01 -9.19246616e+00 1.07419061e-04 2.14133289e-04 -5.09897106e+00
1995             -1.29213267e-01 6.14087125e-01 -1.42917864e+01 -1.29319576e-01 6.13855448e-01 -9.19286234e+00 1.06309091e-04 2.31676398e-04 -5.09892402e+00
1996             -1.24368556e-01 6.06899111e-01 -1.42924811e+01 -1.24462413e-01 6.06657850e-01 -9.19358426e+00 9.38572583e-05 2.41261826e-04 -5.09889681e+00
1997             -1.19572917e-01 5.97587745e-01 -1.42930354e+01 -1.19645542e-01 5.97345085e-01 -9.19413776e+00 7.26242650e-05 2.42659706e-04 -5.09889764e+00
1998             -1.16245667e-01 5.86151571e-01 -1.42933780e+01 -1.16292421e-01 5.85915165e-01 -9.19444955e+00 4.67544402e-05 2.36406588e-04 -5.09892841e+00
1999             -1.16157251e-01 5.73479379e-01 -1.42936769e+01 -1.16173377e-01 5.73254787e-01 -9.19469010e+00 1.61258900e-05 2.24592629e-04 -5.09898681e+00
2000             -1.19559614e-01 5.60256873e-01 -1.42942407e+01 -1.19540349e-01 5.60045659e-01 -9.19517348e+00 -1.92650530e-05 2.11214852e-04 -5.09906725e+00
2001             -1.25226787e-01 5.47056410e-01 -1.42949513e+01 -1.25170797e-01 5.46853838e-01 -9.19579488e+00 -5.59896063e-05 2.02572094e-04 -5.09915638e+00
2002             -1.31348862e-01 5.34672250e-01 -1.42954902e+01 -1.31259648e-01 5.34473656e-01 -9.19625104e+00 -8.92142478e-05 1.98594028e-04 -5.09923912e+00
2003             -1.37109955e-01 5.24109930e-01 -1.42956303e+01 -1.36993163e-01 5.23911284e-01 -9.19632987e+00 -1.16791373e-04 1.98645719e-04 -5.09930046e+00
2004             -1.43381515e-01 5.16029730e-01 -1.42953319e+01 -1.43242562e-01 5.15829316e-01 -9.19599443e+00 -1.38952406e-04 2.00414053e-04 -5.09933747e+00
2005             -1.51471396e-01 5.10727864e-01 -1.42948509e+01 -1.51316967e-01 5.10527550e-01 -9.19550258e+00 -1.54429038e-04 2.00313580e-04 -5.09934830e+00
2006             -1.62344455e-01 5.07882128e-01 -1.42943625e+01 -1.62181982e-01 5.07685897e-01 -9.19502806e+00 -1.62472226e-04 1.96231594e-04 -5.09933442e+00
2007             -1.74018914e-01 5.07168232e-01 -1.42938002e+01 -1.73856186e-01 5.06980071e-01 -9.19450179e+00 -1.62728337e-04 1.88161226e-04 -5.09929840e+00
2008             -1.85291977e-01 5.07869128e-01 -1.42932366e+01 -1.85135479e-01 5.07693681e-01 -9.19398921e+00 -1.56498623e-04 1.75446536e-04 -5.09924735e+00
2009             -1.96124610e-01 5.09836588e-01 -1.42926337e+01 -1.95977680e-01 5.09676237e-01 -9.19344629e+00 -1.46929919e-04 1.60350794e-04 -5.09918736e+00
2010             -2.06770897e-01 5.12900950e-01 -1.42921065e+01 -2.06635038e-01 5.12756508e-01 -9.19298149e+00 -1.35858986e-04 1.44442098e-04 -5.09912506e+00
2011             -2.17375025e-01 5.17095847e-01 -1.42921944e+01 -2.17249634e-01 5.16967643e-01 -9.19312690e+00 -1.25390704e-04 1.28204328e-04 -5.09906748e+00
2012             -2.27912944e-01 5.22541490e-01 -1.42929903e+01 -2.27795283e-01 5.22427875e-01 -9.19397245e+00 -1.17661422e-04 1.13615367e-04 -5.09901782e+00
2013             -2.36969714e-01 5.29886005e-01 -1.42941329e+01 -2.36856664e-01 5.29784116e-01 -9.19514892e+00 -1.13049929e-04 1.01889143e-04 -5.09898395e+00
2014             -2.42834180e-01 5.39207451e-01 -1.42950482e+01 -2.42723985e-01 5.39115745e-01 -9.19607597e+00 -1.10194997e-04 9.17059250e-05 -5.09897224e+00
2015             -2.46893926e-01 5.50587786e-01 -1.42955992e+01 -2.46787166e-01 5.50502607e-01 -9.19661327e+00 -1.06759764e-04 8.51795576e-05 -5.09898597e+00
2016             -2.50263193e-01 5.63321920e-01 -1.42961503e+01 -2.50158474e-01 5.63241318e-01 -9.19712755e+00 -1.04718399e-04 8.06017081e-05 -5.09902273e+00
2017             -2.52591827e-01 5.76713119e-01 -1.42969191e+01 -2.52487611e-01 5.76637545e-01 -9.19784135e+00 -1.04216386e-04 7.55742924e-05 -5.09907777e+00
2018             -2.52958209e-01 5.90008737e-01 -1.42978431e+01 -2.52853589e-01 5.89939242e-01 -9.19870332e+00 -1.04620001e-04 6.94956058e-05 -5.09913981e+00
2019             -2.50075199e-01 6.01987871e-01 -1.42985152e+01 -2.49972200e-01 6.01922837e-01 -9.19931846e+00 -1.02999630e-04 6.50334718e-05 -5.09919676e+00
2020             -2.43449426e-01 6.12042333e-01 -1.42987444e+01 -2.43355371e-01 6.11980595e-01 -9.19950548e+00 -9.40555330e-05 6.17376405e-05 -5.09923895e+00
2021             -2.33809829e-01 6.19983528e-01 -1.42986247e+01 -2.33731578e-01 6.19920140e-01 -9.19936098e+00 -7.82505126e-05 6.33883481e-05 -5.09926373e+00
2022             -2.22380350e-01 6.25522326e-01 -1.42982489e+01 -2.22325274e-01 6.25450827e-01 -9.19897577e+00 -5.50758070e-05 7.14986415e-05 -5.09927315e+00
2023             -2.11028359e-01 6.29142409e-01 -1.42976031e+01 -2.11001738e-01 6.29057430e-01 -9.19833689e+00 -2.66209198e-05 8.49795343e-05 -5.09926620e+00
2024             -1.98999289e-01 6.30974947e-01 -1.42965911e+01 -1.99003457e-01 6.30872717e-01 -9.19734698e+00 4.16801432e-06 1.02229436e-04 -5.09924414e+00
2025             -1.85983927e-01 6.31200157e-01 -1.42953452e+01 -1.86020207e-01 6.31077792e-01 -9.19613592e+00 3.62806038e-05 1.22365059e-04 -5.09920925e+00
2026             -1.72837362e-01 6.29408403e-01 -1.42940902e+01 -1.72902935e-01 6.29265255e-01 -9.19492456e+00 6.55735498e-05 1.43148139e-04 -5.09916561e+00
2027             -1.60831146e-01 6.25959522e-01 -1.42929192e+01 -1.60920171e-01 6.25795637e-01 -9.19380320e+00 8.90247921e-05 1.63885464e-04 -5.09911602e+00
2028             -1.50508627e-01 6.21073746e-01 -1.42923178e+01 -1.50613015e-01 6.20890069e-01 -9.19324910e+00 1.04387768e-04 1.83676828e-04 -5.09906871e+00
2029             -1.42225401e-01 6.14824731e-01 -1.42923209e+01 -1.42335013e-01 6.14624861e-01 -9.19329702e+00 1.09612023e-04 1.99870755e-04 -5.09902391e+00
2030             -1.35531134e-01 6.06736651e-01 -1.42924796e+01 -1.35634377e-01 6.06526793e-01 -9.19349152e+00 1.03242994e-04 2.09858301e-04 -5.09898806e+00
2031             -1.28628131e-01 5.96613901e-01 -1.42925083e+01 -1.28713656e-01 5.96400443e-01 -9.19353803e+00 8.55249644e-05 2.13458129e-04 -5.09897025e+00
2032             -1.22999014e-01 5.84337873e-01 -1.42924127e+01 -1.23059634e-01 5.84129396e-01 -9.19343775e+00 6.06195203e-05 2.08477387e-04 -5.09897491e+00
2033             -1.20219682e-01 5.70617687e-01 -1.42925198e+01 -1.20248679e-01 5.70420421e-01 -9.19351863e+00 2.89971885e-05 1.97265981e-04 -5.09900119e+00
2034             -1.20750548e-01 5.56201130e-01 -1.42930403e+01 -1.20742499e-01 5.56016668e-01 -9.19399387e+00 -8.04901095e-06 1.84461899e-04 -5.09904647e+00
2035             -1.23587700e-01 5.41840007e-01 -1.42938616e+01 -1.23539652e-01 5.41667271e-01 -9.19475947e+00 -4.80474851e-05 1.72735942e-04 -5.09910211e+00
2036             -1.26998622e-01 5.28170715e-01 -1.42946461e+01 -1.26912792e-01 5.28005823e-01 -9.19549004e+00 -8.58299236e-05 1.64892193e-04 -5.09915605e+00
2037             -1.30710871e-01 5.16121602e-01 -1.42950670e+01 -1.30596010e-01 5.15959513e-01 -9.19586678e+00 -1.14860429e-04 1.62088596e-04 -5.09920025e+00
2038             -1.35147306e-01 5.06326739e-01 -1.42951016e+01 -1.35011209e-01 5.06165941e-01 -9.19586866e+00 -1.36096834e-04 1.60798244e-04 -5.09923291e+00
2039             -1.41298205e-01 4.99302475e-01 -1.42948520e+01 -1.41147714e-01 4.99143872e-01 -9.19559780e+00 -1.50490858e-04 1.58603402e-04 -5.09925419e+00
2040             -1.50243775e-01 4.94938529e-01 -1.42945148e+01 -1.50085015e-01 4.94783711e-01 -9.19525030e+00 -1.58760179e-04 1.54818535e-04 -5.09926447e+00
2041             -1.60377698e-01 4.93290697e-01 -1.42941180e+01 -1.60216732e-01 4.93143505e-01 -9.19485635e+00 -1.60966009e-04 1.47191728e-04 -5.09926163e+00
2042             -1.70947584e-01 4.93974736e-01 -1.42936461e+01 -1.70790288e-01 4.93838180e-01 -9.19439743e+00 -1.57295900e-04 1.36556063e-04 -5.09924871e+00
2043             -1.81709084e-01 4.96581097e-01 -1.42930986e+01 -1.81559047e-01 4.96456651e-01 -9.19387264e+00 -1.50037159e-04 1.24446569e-04 -5.09922594e+00
2044             -1.92850076e-01 5.00515920e-01 -1.42925221e+01 -1.92708577e-01 5.00403622e-01 -9.19332819e+00 -1.41498907e-04 1.12298905e-04 -5.09919391e+00
2045             -2.04665511e-01 5.05645497e-01 -1.42924030e+01 -2.04531711e-01 5.05543789e-01 -9.19324508e+00 -1.33799549e-04 1.01707826e-04 -5.09915795e+00
2046             -2.16727185e-01 5.11988599e-01 -1.42929825e+01 -2.16598065e-01 5.11894206e-01 -9.19386294e+00 -1.29119297e-04 9.43931992e-05 -5.09911953e+00
2047             -2.27729852e-01 5.20215201e-01 -1.42938347e+01 -2.27600867e-01 5.20125675e-01 -9.19475085e+00 -1.28985644e-04 8.95259548e-05 -5.09908390e+00
2048             -2.35668203e-01 5.30505427e-01 -1.42944345e+01 -2.35536651e-01 5.30419386e-01 -9.19537421e+00 -1.31552703e-04 8.60407005e-05 -5.09906028e+00
2049             -2.41841163e-01 5.42876387e-01 -1.42947492e+01 -2.41707655e-01 5.42791655e-01 -9.19569611e+00 -1.33508133e-04 8.47315737e-05 -5.09905309e+00
2050             -2.47687515e-01 5.56526307e-01 -1.42951760e+01 -2.47551126e-01 5.56441830e-01 -9.19611389e+00 -1.36389150e-04 8.44770822e-05 -5.09906210e+00
2051             -2.53061915e-01 5.70767095e-01 -1.42960102e+01 -2.52921218e-01 5.70685407e-01 -9.19692540e+00 -1.40697133e-04 8.16877503e-05 -5.09908480e+00
2052             -2.56486878e-01 5.85199671e-01 -1.42971062e+01 -2.56342123e-01 5.85124166e-01 -9.19799270e+00 -1.44755014e-04 7.55058622e-05 -5.09911351e+00
2053             -2.56348392e-01 5.98964361e-01 -1.42980681e+01 -2.56203081e-01 5.98897882e-01 -9.19892836e+00 -1.45310971e-04 6.64789562e-05 -5.09913971e+00
2054             -2.52352097e-01 6.10820833e-01 -1.42986582e+01 -2.52213595e-01 6.10762826e-01 -9.19950121e+00 -1.38502215e-04 5.80070302e-05 -5.09915697e+00
2055             -2.45693466e-01 6.20212847e-01 -1.42989184e+01 -2.45570345e-01 6.20160038e-01 -9.19974990e+00 -1.23121324e-04 5.28093071e-05 -5.09916854e+00
2056             -2.37118537e-01 6.27034043e-01 -1.42989839e+01 -2.37019866e-01 6.26978899e-01 -9.19980719e+00 -9.86709982e-05 5.51441037e-05 -5.09917668e+00
2057             -2.27595863e-01 6.31307634e-01 -1.42987143e+01 -2.27528683e-01 6.31241697e-01 -9.19953161e+00 -6.71799734e-05 6.59373592e-05 -5.09918274e+00
2058             -2.16571205e-01 6.33449175e-01 -1.42979470e+01 -2.16539771e-01 6.33366414e-01 -9.19876070e+00 -3.14339740e-05 8.27610158e-05 -5.09918635e+00
2059             -2.04026329e-01 6.33733183e-01 -1.42967646e+01 -2.04031621e-01 6.33630670e-01 -9.19757907e+00 5.29192619e-06 1.02512291e-04 -5.09918554e+00
2060             -1.90938040e-01 6.32281706e-01 -1.42954827e+01 -1.90978350e-01 6.32158600e-01 -9.19630280e+00 4.03101845e-05 1.23105769e-04 -5.09917992e+00
2061             -1.78341010e-01 6.28832956e-01 -1.42942412e+01 -1.78411700e-01 6.28691303e-01 -9.19507549e+00 7.06904737e-05 1.41652375e-04 -5.09916574e+00
2062             -1.66908851e-01 6.23528811e-01 -1.42934855e+01 -1.67002058e-01 6.23370930e-01 -9.19433924e+00 9.32071318e-05 1.57881460e-04 -5.09914628e+00
2063             -1.57156892e-01 6.16799006e-01 -1.42932924e+01 -1.57262446e-01 6.16628378e-01 -9.19417232e+00 1.05553560e-04 1.70627378e-04 -5.09912011e+00
2064             -1.48840617e-01 6.08089410e-01 -1.42931925e+01 -1.48946441e-01 6.07910621e-01 -9.19410082e+00 1.05823735e-04 1.78789231e-04 -5.09909169e+00
2065             -1.40179528e-01 5.97106524e-01 -1.42927471e+01 -1.40274220e-01 5.96924814e-01 -9.19367814e+00 9.46916515e-05 1.81709285e-04 -5.09906901e+00
2066             -1.32411324e-01 5.83996792e-01 -1.42921060e+01 -1.32485844e-01 5.83817826e-01 -9.19304673e+00 7.45199366e-05 1.78966535e-04 -5.09905929e+00
2067             -1.27256303e-01 5.69418654e-01 -1.42917254e+01 -1.27301600e-01 5.69249718e-01 -9.19266321e+00 4.52977166e-05 1.68935921e-04 -5.09906222e+00
2068             -1.25283592e-01 5.54028851e-01 -1.42919023e+01 -1.25291544e-01 5.53872177e-01 -9.19282411e+00 7.95134682e-06 1.56674532e-04 -5.09907818e+00
2069             -1.25393795e-01 5.38460033e-01 -1.42926169e+01 -1.25360176e-01 5.38314721e-01 -9.19351701e+00 -3.36193214e-05 1.45311376e-04 -5.09909985e+00
2070             -1.26130178e-01 5.23647876e-01 -1.42934199e+01 -1.26055961e-01 5.23511731e-01 -9.19430003e+00 -7.42167960e-05 1.36144823e-04 -5.09911983e+00
2071             -1.27026322e-01 5.10294184e-01 -1.42940983e+01 -1.26918329e-01 5.10164866e-01 -9.19496556e+00 -1.07992369e-04 1.29317966e-04 -5.09913271e+00
2072             -1.29098158e-01 4.99080772e-01 -1.42944525e+01 -1.28965874e-01 4.98955634e-01 -9.19530993e+00 -1.32283573e-04 1.25137574e-04 -5.09914253e+00
2073             -1.33200635e-01 4.90423839e-01 -1.42945378e+01 -1.33054284e-01 4.90303502e-01 -9.19538416e+00 -1.46351130e-04 1.20337288e-04 -5.09915359e+00
2074             -1.40229768e-01 4.84350980e-01 -1.42944913e+01 -1.40076450e-01 4.84237107e-01 -9.19532419e+00 -1.53318665e-04 1.13873053e-04 -5.09916709e+00
2075             -1.48536659e-01 4.81001415e-01 -1.42942638e+01 -1.48381674e-01 4.80895166e-01 -9.19508119e+00 -1.54984691e-04 1.06248410e-04 -5.09918261e+00
2076             -1.57410035e-01 4.80510070e-01 -1.42939168e+01 -1.57257488e-01 4.80414235e-01 -9.19471813e+00 -1.52547172e-04 9.58346267e-05 -5.09919868e+00
2077             -1.67145158e-01 4.82682687e-01 -1.42934692e+01 -1.66997628e-01 4.82597765e-01 -9.19425659e+00 -1.47530913e-04 8.49224918e-05 -5.09921265e+00
2078             -1.77994943e-01 4.87116225e-01 -1.42929123e+01 -1.77853802e-01 4.87040864e-01 -9.19369375e+00 -1.41141393e-04 7.53613424e-05 -5.09921856e+00
2079             -1.89965625e-01 4.93006799e-01 -1.42927779e+01 -1.89830038e-01 4.92938929e-01 -9.19356181e+00 -1.35587129e-04 6.78694920e-05 -5.09921609e+00
2080             -2.03038888e-01 5.00209138e-01 -1.42932591e+01 -2.02905546e-01 5.00143920e-01 -9.19405666e+00 -1.33341514e-04 6.52181598e-05 -5.09920247e+00
2081             -2.15599394e-01 5.09262143e-01 -1.42939209e+01 -2.15463424e-01 5.09194953e-01 -9.19473874e+00 -1.35969453e-04 6.71903044e-05 -5.09918213e+00
2082             -2.25382300e-01 5.20389120e-01 -1.42942812e+01 -2.25239677e-01 5.20318021e-01 -9.19511995e+00 -1.42623421e-04 7.10989111e-05 -5.09916121e+00
2083             -2.33541226e-01 5.33682339e-01 -1.42942418e+01 -2.33391348e-01 5.33605912e-01 -9.19509584e+00 -1.49878539e-04 7.64273197e-05 -5.09914593e+00
2084             -2.41393624e-01 5.48315962e-01 -1.42943569e+01 -2.41235392e-01 5.48233551e-01 -9.19521931e+00 -1.58232007e-04 8.24112989e-05 -5.09913755e+00
2085             -2.49111768e-01 5.63543174e-01 -1.42950063e+01 -2.48944328e-01 5.63458672e-01 -9.19587082e+00 -1.67439951e-04 8.45022405e-05 -5.09913549e+00
2086             -2.55498822e-01 5.78906339e-01 -1.42961141e+01 -2.55322035e-01 5.78824827e-01 -9.19697955e+00 -1.76787362e-04 8.15125970e-05 -5.09913452e+00
2087             -2.58585002e-01 5.93677073e-01 -1.42972472e+01 -2.58403052e-01 5.93603593e-01 -9.19811934e+00 -1.81950238e-04 7.34797983e-05 -5.09912790e+00
2088             -2.57539006e-01 6.07147361e-01 -1.42980685e+01 -2.57360710e-01 6.07085479e-01 -9.19895521e+00 -1.78296022e-04 6.18817822e-05 -5.09911329e+00
2089             -2.53438723e-01 6.18401498e-01 -1.42986419e+01 -2.53273649e-01 6.18350033e-01 -9.19954585e+00 -1.65074461e-04 5.14653982e-05 -5.09909604e+00
2090             -2.47624953e-01 6.26763396e-01 -1.42990366e+01 -2.47482654e-01 6.26715947e-01 -9.19995153e+00 -1.42299376e-04 4.74488633e-05 -5.09908510e+00
2091             -2.41096235e-01 6.32418544e-01 -1.42992116e+01 -2.40986371e-01 6.32367318e-01 -9.20012727e+00 -1.09864201e-04 5.12261056e-05 -5.09908429e+00
2092             -2.32416053e-01 6.35527937e-01 -1.42989103e+01 -2.32344028e-01 6.35463968e-01 -9.19981601e+00 -7.20249591e-05 6.39694764e-05 -5.09909424e+00
2093             -2.21153356e-01 6.36250834e-01 -1.42980429e+01 -2.21122678e-01 6.36167764e-01 -9.19892900e+00 -3.06780270e-05 8.30700183e-05 -5.09911389e+00
2094             -2.08730997e-01 6.34934264e-01 -1.42969141e+01 -2.08740133e-01 6.34830850e-01 -9.19777553e+00 9.13586439e-06 1.03414505e-04 -5.09913853e+00
2095             -1.96283270e-01 6.31673104e-01 -1.42956521e+01 -1.96327871e-01 6.31551058e-01 -9.19649083e+00 4.46005218e-05 1.22046045e-04 -5.09916123e+00
2096             -1.84484431e-01 6.26605989e-01 -1.42947950e+01 -1.84558134e-01 6.26469047e-01 -9.19561615e+00 7.37024426e-05 1.36941895e-04 -5.09917884e+00
2097             -1.73777696e-01 6.19624510e-01 -1.42945074e+01 -1.73870950e-01 6.19478042e-01 -9.19532319e+00 9.32545782e-05 1.46468824e-04 -5.09918424e+00
2098             -1.64204716e-01 6.10513648e-01 -1.42942565e+01 -1.64305294e-01 6.10362643e-01 -9.19507831e+00 1.00578591e-04 1.51004881e-04 -5.09917815e+00
2099             -1.54024256e-01 5.99040346e-01 -1.42936270e+01 -1.54120363e-01 5.98888910e-01 -9.19445918e+00 9.61068717e-05 1.51435967e-04 -5.09916785e+00
2100             -1.44497648e-01 5.85096951e-01 -1.42926092e+01 -1.44580283e-01 5.84949471e-01 -9.19345112e+00 8.26352552e-05 1.47480319e-04 -5.09915807e+00
2101             -1.37232418e-01 5.69660462e-01 -1.42916326e+01 -1.37291750e-01 5.69522052e-01 -9.19248181e+00 5.93320086e-05 1.38409682e-04 -5.09915075e+00
2102             -1.32871510e-01 5.53410643e-01 -1.42912781e+01 -1.32896578e-01 5.53283111e-01 -9.19213107e+00 2.50674220e-05 1.27532191e-04 -5.09914699e+00
2103             -1.30663286e-01 5.36856209e-01 -1.42915885e+01 -1.30647339e-01 5.36739407e-01 -9.19244594e+00 -1.59464781e-05 1.16802315e-04 -5.09914256e+00
2104             -1.28830003e-01 5.20841758e-01 -1.42922343e+01 -1.28771695e-01 5.20733964e-01 -9.19310351e+00 -5.83073476e-05 1.07793068e-04 -5.09913083e+00
2105             -1.27105617e-01 5.06242652e-01 -1.42928773e+01 -1.27011041e-01 5.06141525e-01 -9.19376770e+00 -9.45760422e-05 1.01127119e-04 -5.09910963e+00
2106             -1.26327356e-01 4.93788187e-01 -1.42933862e+01 -1.26204441e-01 4.93694853e-01 -9.19429965e+00 -1.22914967e-04 9.33345660e-05 -5.09908656e+00
2107             -1.27632177e-01 4.83806181e-01 -1.42937562e+01 -1.27490899e-01 4.83720824e-01 -9.19468624e+00 -1.41278461e-04 8.53569703e-05 -5.09906996e+00
2108             -1.32488212e-01 4.76212199e-01 -1.42940328e+01 -1.32339446e-01 4.76135595e-01 -9.19496532e+00 -1.48765595e-04 7.66043357e-05 -5.09906749e+00
2109             -1.38987682e-01 4.71171411e-01 -1.42941546e+01 -1.38838451e-01 4.71105208e-01 -9.19507448e+00 -1.49230900e-04 6.62024299e-05 -5.09908016e+00
2110             -1.46063840e-01 4.68903579e-01 -1.42940230e+01 -1.45918281e-01 4.68848970e-01 -9.19491456e+00 -1.45559620e-04 5.46082302e-05 -5.09910848e+00
2111             -1.54023628e-01 4.69646060e-01 -1.42936943e+01 -1.53882829e-01 4.69602179e-01 -9.19454650e+00 -1.40798721e-04 4.38813451e-05 -5.09914777e+00
2112             -1.63473488e-01 4.73303688e-01 -1.42932163e+01 -1.63337341e-01 4.73268724e-01 -9.19402832e+00 -1.36146915e-04 3.49639936e-05 -5.09918802e+00
2113             -1.74814210e-01 4.79430407e-01 -1.42931085e+01 -1.74681481e-01 4.79400848e-01 -9.19388426e+00 -1.32729421e-04 2.95589393e-05 -5.09922425e+00
2114             -1.87873239e-01 4.87341879e-01 -1.42936249e+01 -1.87740826e-01 4.87312182e-01 -9.19437770e+00 -1.32412677e-04 2.96968212e-05 -5.09924717e+00
2115             -2.01302406e-01 4.97209631e-01 -1.42942405e+01 -2.01164972e-01 4.97173975e-01 -9.19498498e+00 -1.37433597e-04 3.56568745e-05 -5.09925550e+00
2116             -2.12576963e-01 5.09130719e-01 -1.42944285e+01 -2.12429826e-01 5.09084943e-01 -9.19517426e+00 -1.47136795e-04 4.57757826e-05 -5.09925429e+00
2117             -2.22366827e-01 5.23249361e-01 -1.42941853e+01 -2.22208727e-01 5.23190703e-01 -9.19493772e+00 -1.58099649e-04 5.86577286e-05 -5.09924758e+00
2118             -2.32083167e-01 5.38782115e-01 -1.42939575e+01 -2.31911755e-01 5.38710299e-01 -9.19472175e+00 -1.71412054e-04 7.18160087e-05 -5.09923571e+00
2119             -2.41790018e-01 5.54993504e-01 -1.42942613e+01 -2.41603541e-01 5.54912574e-01 -9.19504056e+00 -1.86476949e-04 8.09304040e-05 -5.09922077e+00
2120             -2.50482696e-01 5.71409847e-01 -1.42951197e+01 -2.50281345e-01 5.71326426e-01 -9.19592112e+00 -2.01350932e-04 8.34215191e-05 -5.09919859e+00
2121             -2.56429633e-01 5.87215387e-01 -1.42961629e+01 -2.56217427e-01 5.87135715e-01 -9.19699806e+00 -2.12206151e-04 7.96719464e-05 -5.09916481e+00
2122             -2.58669245e-01 6.01695959e-01 -1.42971441e+01 -2.58455263e-01 6.01626120e-01 -9.19802587e+00 -2.13982102e-04 6.98389690e-05 -5.09911824e+00
2123             -2.57525450e-01 6.14339935e-01 -1.42979063e+01 -2.57320573e-01 6.14281737e-01 -9.19883843e+00 -2.04877084e-04 5.81978988e-05 -5.09906782e+00
2124             -2.54206934e-01 6.24556735e-01 -1.42985896e+01 -2.54022476e-01 6.24507848e-01 -9.19956388e+00 -1.84457937e-04 4.88865050e-05 -5.09902568e+00
2125             -2.50212979e-01 6.31934992e-01 -1.42990947e+01 -2.50058654e-01 6.31888201e-01 -9.20009421e+00 -1.54325173e-04 4.67911344e-05 -5.09900048e+00
2126             -2.44665642e-01 6.36482313e-01 -1.42992119e+01 -2.44549375e-01 6.36429905e-01 -9.20021346e+00 -1.16266841e-04 5.24074279e-05 -5.09899845e+00
2127             -2.36193112e-01 6.38415113e-01 -1.42988352e+01 -2.36119805e-01 6.38348786e-01 -9.19981700e+00 -7.33067841e-05 6.63272748e-05 -5.09901815e+00
2128             -2.25397417e-01 6.37746862e-01 -1.42980933e+01 -2.25367956e-01 6.37661596e-01 -9.19903551e+00 -2.94601989e-05 8.52661187e-05 -5.09905776e+00
2129             -2.13715508e-01 6.34751704e-01 -1.42970362e+01 -2.13726686e-01 6.34647815e-01 -9.19792902e+00 1.11782809e-05 1.03889469e-04 -5.09910723e+00
2130             -2.02167487e-01 6.29764192e-01 -1.42961755e+01 -2.02212666e-01 6.29645208e-01 -9.19701537e+00 4.51788808e-05 1.18984742e-04 -5.09916011e+00
2131             -1.91333886e-01 6.23109444e-01 -1.42958242e+01 -1.91404942e-01 6.22981267e-01 -9.19662083e+00 7.10565498e-05 1.28177704e-04 -5.09920341e+00
2132             -1.81034171e-01 6.13953358e-01 -1.42955266e+01 -1.81119911e-01 6.13823281e-01 -9.19629482e+00 8.57391499e-05 1.30076744e-04 -5.09923181e+00
2133             -1.69805854e-01 6.02165157e-01 -1.42948099e+01 -1.69894213e-01 6.02038407e-01 -9.19556274e+00 8.83594318e-05 1.26749835e-04 -5.09924716e+00
2134             -1.58762481e-01 5.87808641e-01 -1.42936338e+01 -1.58844122e-01 5.87689015e-01 -9.19437958e+00 8.16403331e-05 1.19626299e-04 -5.09925421e+00
2135             -1.49695572e-01 5.71603322e-01 -1.42923334e+01 -1.49760446e-01 5.71494629e-01 -9.19308163e+00 6.48741926e-05 1.08693319e-04 -5.09925181e+00
2136             -1.43317637e-01 5.54402726e-01 -1.42913880e+01 -1.43354925e-01 5.54305337e-01 -9.19214606e+00 3.72877176e-05 9.73885157e-05 -5.09924192e+00
2137             -1.38903748e-01 5.36924662e-01 -1.42911487e+01 -1.38904037e-01 5.36836460e-01 -9.19192638e+00 2.88850442e-07 8.82021603e-05 -5.09922228e+00
2138             -1.34878602e-01 5.19933087e-01 -1.42913501e+01 -1.34837933e-01 5.19853247e-01 -9.19216253e+00 -4.06686203e-05 7.98392050e-05 -5.09918755e+00
2139             -1.30780201e-01 5.04151409e-01 -1.42917531e+01 -1.30701819e-01 5.04078153e-01 -9.19261603e+00 -7.83815632e-05 7.32558512e-05 -5.09913705e+00
2140             -1.27244606e-01 4.90373321e-01 -1.42921784e+01 -1.27135677e-01 4.90307407e-01 -9.19309869e+00 -1.08928692e-04 6.59137052e-05 -5.09907969e+00
2141             -1.25647496e-01 4.79178342e-01 -1.42926077e+01 -1.25516696e-01 4.79122666e-01 -9.19357897e+00 -1.30799448e-04 5.56761895e-05 -5.09902874e+00
2142             -1.27499625e-01 4.70257816e-01 -1.42931328e+01 -1.27356496e-01 4.70214513e-01 -9.19413836e+00 -1.43129704e-04 4.33025413e-05 -5.09899443e+00
2143             -1.31815409e-01 4.63790190e-01 -1.42935467e+01 -1.31669850e-01 4.63759951e-01 -9.19456120e+00 -1.45558872e-04 3.02391787e-05 -5.09898547e+00
2144             -1.37044495e-01 4.59916991e-01 -1.42937977e+01 -1.36903612e-01 4.59901138e-01 -9.19479296e+00 -1.40882964e-04 1.58534418e-05 -5.09900475e+00
2145             -1.43192598e-01 4.58930912e-01 -1.42937697e+01 -1.43058290e-01 4.58928273e-01 -9.19471975e+00 -1.34308080e-04 2.63864161e-06 -5.09904992e+00
2146             -1.50741186e-01 4.60949452e-01 -1.42934046e+01 -1.50612182e-01 4.60955720e-01 -9.19429374e+00 -1.29003672e-04 -6.26837322e-06 -5.09911082e+00
2147             -1.60377156e-01 4.66001721e-01 -1.42933457e+01 -1.60250514e-01 4.66013466e-01 -9.19416742e+00 -1.26642439e-04 -1.17449483e-05 -5.09917830e+00
2148             -1.72547072e-01 4.73719614e-01 -1.42939067e+01 -1.72418957e-01 4.73729864e-01 -9.19466717e+00 -1.28115648e-04 -1.02508045e-05 -5.09923952e+00
2149             -1.85875895e-01 4.84175019e-01 -1.42946008e+01 -1.85740896e-01 4.84176803e-01 -9.19531501e+00 -1.34998374e-04 -1.78375385e-06 -5.09928579e+00
2150             -1.97653675e-01 4.96849745e-01 -1.42948030e+01 -1.97506695e-01 4.96838005e-01 -9.19548658e+00 -1.46980285e-04 1.17391879e-05 -5.09931647e+00
2151             -2.08672232e-01 5.11734619e-01 -1.42944347e+01 -2.08511537e-01 5.11704787e-01 -9.19510177e+00 -1.60695532e-04 2.98317082e-05 -5.09933294e+00
2152             -2.19866819e-01 5.28113932e-01 -1.42939787e+01 -2.19689763e-01 5.28063241e-01 -9.19464423e+00 -1.77055264e-04 5.06914409e-05 -5.09933450e+00
2153             -2.31363358e-01 5.45215202e-01 -1.42939598e+01 -2.31166844e-01 5.45147462e-01 -9.19463886e+00 -1.96513557e-04 6.77395739e-05 -5.09932092e+00
2154             -2.42113200e-01 5.62641317e-01 -1.42944633e+01 -2.41896021e-01 5.62563854e-01 -9.19517308e+00 -2.17178957e-04 7.74622962e-05 -5.09929024e+00
2155             -2.50318397e-01 5.79559041e-01 -1.42952369e+01 -2.50084481e-01 5.79479157e-01 -9.19599800e+00 -2.33915565e-04 7.98840838e-05 -5.09923891e+00
2156             -2.55225641e-01 5.95167435e-01 -1.42960477e+01 -2.54984275e-01 5.95092467e-01 -9.19688012e+00 -2.41366854e-04 7.49681520e-05 -5.09916761e+00
2157             -2.57170370e-01 6.08816999e-01 -1.42968897e+01 -2.56932361e-01 6.08751025e-01 -9.19780314e+00 -2.38008267e-04 6.59739267e-05 -5.09908655e+00
2158             -2.56886445e-01 6.20202569e-01 -1.42977420e+01 -2.56664193e-01 6.20145761e-01 -9.19873143e+00 -2.22252088e-04 5.68078646e-05 -5.09901053e+00
2159             -2.55577225e-01 6.29337933e-01 -1.42984805e+01 -2.55382209e-01 6.29287877e-01 -9.19952818e+00 -1.95015613e-04 5.00556951e-05 -5.09895231e+00
2160             -2.52609068e-01 6.35772822e-01 -1.42989274e+01 -2.52449875e-01 6.35722556e-01 -9.20000576e+00 -1.59192806e-04 5.02653119e-05 -5.09892165e+00
2161             -2.47095838e-01 6.39228532e-01 -1.42989187e+01 -2.46978716e-01 6.39170957e-01 -9.19999495e+00 -1.17122002e-04 5.75754880e-05 -5.09892370e+00
2162             -2.39325969e-01 6.39906429e-01 -1.42986733e+01 -2.39254167e-01 6.39835924e-01 -9.19971556e+00 -7.18018228e-05 7.05054209e-05 -5.09895774e+00
2163             -2.29662457e-01 6.37688284e-01 -1.42980536e+01 -2.29634398e-01 6.37601912e-01 -9.19903749e+00 -2.80586536e-05 8.63724946e-05 -5.09901612e+00
2164             -2.19129401e-01 6.33095965e-01 -1.42974457e+01 -2.19140611e-01 6.32994422e-01 -9.19835405e+00 1.12096019e-05 1.01543688e-04 -5.09909168e+00
2165             -2.08793408e-01 6.26575155e-01 -1.42971696e+01 -2.08835373e-01 6.26464153e-01 -9.19800176e+00 4.19643249e-05 1.11002536e-04 -5.09916785e+00
2166             -1.98522646e-01 6.17735137e-01 -1.42968608e+01 -1.98585075e-01 6.17621934e-01 -9.19762651e+00 6.24289020e-05 1.13202834e-04 -5.09923427e+00
2167             -1.86933465e-01 6.06106356e-01 -1.42961460e+01 -1.87005516e-01 6.05998192e-01 -9.19685964e+00 7.20512878e-05 1.08163790e-04 -5.09928640e+00
2168             -1.74874883e-01 5.91515499e-01 -1.42949247e+01 -1.74947082e-01 5.91417836e-01 -9.19560150e+00 7.21993088e-05 9.76624324e-05 -5.09932325e+00
2169             -1.64368048e-01 5.74913271e-01 -1.42934493e+01 -1.64430467e-01 5.74830365e-01 -9.19410767e+00 6.24192481e-05 8.29055233e-05 -5.09934167e+00
2170             -1.56224809e-01 5.57071116e-01 -1.42922091e+01 -1.56266319e-01 5.57002149e-01 -9.19286641e+00 4.15092989e-05 6.89674770e-05 -5.09934264e+00
2171             -1.49938027e-01 5.38589223e-01 -1.42914784e+01 -1.49949244e-01 5.38530941e-01 -9.19215649e+00 1.12171202e-05 5.82822297e-05 -5.09932189e+00
2172             -1.43883789e-01 5.20633796e-01 -1.42911328e+01 -1.43858982e-01 5.20582752e-01 -9.19185601e+00 -2.48066320e-05 5.10434811e-05 -5.09927677e+00
2173             -1.37578456e-01 5.03849683e-01 -1.42910618e+01 -1.37518082e-01 5.03804334e-01 -9.19185523e+00 -6.03735779e-05 4.53483318e-05 -5.09920657e+00
2174             -1.31701363e-01 4.88908110e-01 -1.42911326e+01 -1.31609826e-01 4.88869433e-01 -9.19201050e+00 -9.15367624e-05 3.86774378e-05 -5.09912209e+00
2175             -1.27288550e-01 4.76399852e-01 -1.42914257e+01 -1.27173104e-01 4.76370967e-01 -9.19238831e+00 -1.15445377e-04 2.88847505e-05 -5.09903739e+00
2176             -1.26282700e-01 4.66298379e-01 -1.42919311e+01 -1.26152132e-01 4.66282175e-01 -9.19296354e+00 -1.30568293e-04 1.62035040e-05 -5.09896752e+00
2177             -1.27654718e-01 4.58559653e-01 -1.42925299e+01 -1.27517342e-01 4.58560299e-01 -9.19360542e+00 -1.37375160e-04 -6.45655273e-07 -5.09892444e+00
2178             -1.30377660e-01 4.53331052e-01 -1.42930524e+01 -1.30241612e-01 4.53349015e-01 -9.19413580e+00 -1.36048150e-04 -1.79634402e-05 -5.09891661e+00
2179             -1.34549024e-01 4.50715309e-01 -1.42934164e+01 -1.34420133e-01 4.50749212e-01 -9.19446886e+00 -1.28891540e-04 -3.39030491e-05 -5.09894755e+00
2180             -1.40251245e-01 4.51077481e-01 -1.42933969e+01 -1.40129596e-01 4.51123387e-01 -9.19438906e+00 -1.21649050e-04 -4.59063411e-05 -5.09900787e+00
2181             -1.47942295e-01 4.54452968e-01 -1.42934470e+01 -1.47824486e-01 4.54505072e-01 -9.19435623e+00 -1.17809097e-04 -5.21037422e-05 -5.09909082e+00
2182             -1.58255161e-01 4.60841994e-01 -1.42940658e+01 -1.58135735e-01 4.60892783e-01 -9.19488643e+00 -1.19425415e-04 -5.07896825e-05 -5.09917934e+00
2183             -1.70444621e-01 4.70644062e-01 -1.42948610e+01 -1.70316756e-01 4.70685650e-01 -9.19559916e+00 -1.27864963e-04 -4.15877430e-05 -5.09926183e+00
2184             -1.82022826e-01 4.83668731e-01 -1.42951621e+01 -1.81881102e-01 4.83694365e-01 -9.19583107e+00 -1.41724666e-04 -2.56337876e-05 -5.09933108e+00
2185             -1.93209669e-01 4.99219709e-01 -1.42948313e+01 -1.93052048e-01 4.99224340e-01 -9.19544859e+00 -1.57620821e-04 -4.63080117e-06 -5.09938270e+00
2186             -2.05313354e-01 5.16423077e-01 -1.42942655e+01 -2.05136951e-01 5.16402095e-01 -9.19485431e+00 -1.76403100e-04 2.09828724e-05 -5.09941117e+00
2187             -2.18203051e-01 5.34394097e-01 -1.42940218e+01 -2.18004358e-01 5.34348839e-01 -9.19460598e+00 -1.98692751e-04 4.52582440e-05 -5.09941580e+00
2188             -2.30705525e-01 5.52723339e-01 -1.42942589e+01 -2.30482301e-01 5.52659966e-01 -9.19486693e+00 -2.23223554e-04 6.33729851e-05 -5.09939200e+00
2189             -2.40986113e-01 5.70653636e-01 -1.42946745e+01 -2.40740338e-01 5.70580474e-01 -9.19533793e+00 -2.45774974e-04 7.31615651e-05 -5.09933659e+00
2190             -2.48136534e-01 5.87388293e-01 -1.42951958e+01 -2.47876842e-01 5.87313023e-01 -9.19594428e+00 -2.59691873e-04 7.52698366e-05 -5.09925150e+00
2191             -2.52559281e-01 6.02219512e-01 -1.42958218e+01 -2.52297061e-01 6.02148025e-01 -9.19667402e+00 -2.62220572e-04 7.14873457e-05 -5.09914777e+00
2192             -2.55129399e-01 6.14728471e-01 -1.42966406e+01 -2.54876769e-01 6.14662732e-01 -9.19759811e+00 -2.52630047e-04 6.57384349e-05 -5.09904246e+00
2193             -2.56892507e-01 6.24992831e-01 -1.42975293e+01 -2.56661855e-01 6.24933070e-01 -9.19857936e+00 -2.30652363e-04 5.97612571e-05 -5.09894992e+00
2194             -2.56857545e-01 6.32944650e-01 -1.42981719e+01 -2.56659213e-01 6.32887478e-01 -9.19928714e+00 -1.98332247e-04 5.71724473e-05 -5.09888475e+00
2195             -2.53946812e-01 6.38279564e-01 -1.42984768e+01 -2.53788477e-01 6.38220340e-01 -9.19962205e+00 -1.58335121e-04 5.92241829e-05 -5.09885476e+00
2196             -2.48901476e-01 6.40662955e-01 -1.42985854e+01 -2.48786858e-01 6.40596747e-01 -9.19971954e+00 -1.14617236e-04 6.62081778e-05 -5.09886586e+00
2197             -2.42283554e-01 6.39908249e-01 -1.42984213e+01 -2.42213720e-01 6.39832635e-01 -9.19950729e+00 -6.98346569e-05 7.56138069e-05 -5.09891396e+00
2198             -2.34150610e-01 6.36375726e-01 -1.42982864e+01 -2.34122445e-01 6.36288990e-01 -9.19929377e+00 -2.81647377e-05 8.67364328e-05 -5.09899265e+00
2199             -2.25175368e-01 6.30324515e-01 -1.42983302e+01 -2.25182861e-01 6.30228681e-01 -9.19924286e+00 7.49296433e-06 9.58338245e-05 -5.09908730e+00
2200             -2.15620716e-01 6.21734418e-01 -1.42982057e+01 -2.15654043e-01 6.21636198e-01 -9.19902241e+00 3.33268211e-05 9.82205282e-05 -5.09918326e+00
2201             -2.04392409e-01 6.10338171e-01 -1.42975539e+01 -2.04440648e-01 6.10244721e-01 -9.19828174e+00 4.82396613e-05 9.34497119e-05 -5.09927219e+00
2202             -1.92041274e-01 5.96110419e-01 -1.42963049e+01 -1.92096109e-01 5.96028357e-01 -9.19695794e+00 5.48345182e-05 8.20614791e-05 -5.09934696e+00
2203             -1.80565918e-01 5.79338223e-01 -1.42947704e+01 -1.80618108e-01 5.79274129e-01 -9.19537160e+00 5.21896645e-05 6.40938941e-05 -5.09939878e+00
2204             -1.71158620e-01 5.61074433e-01 -1.42933621e+01 -1.71196766e-01 5.61028610e-01 -9.19393757e+00 3.81459772e-05 4.58236260e-05 -5.09942449e+00
2205             -1.63326070e-01 5.42032903e-01 -1.42923996e+01 -1.63340555e-01 5.42001313e-01 -9.19297957e+00 1.44853788e-05 3.15897338e-05 -5.09942005e+00
2206             -1.55571868e-01 5.23081734e-01 -1.42916852e+01 -1.55556549e-01 5.23059465e-01 -9.19230607e+00 -1.53186955e-05 2.22691338e-05 -5.09937909e+00
2207             -1.47357008e-01 5.05221570e-01 -1.42910837e+01 -1.47311551e-01 5.05205133e-01 -9.19178114e+00 -4.54575291e-05 1.64373382e-05 -5.09930256e+00
2208             -1.39221099e-01 4.89273948e-01 -1.42906462e+01 -1.39147258e-01 4.89262740e-01 -9.19144493e+00 -7.38410283e-05 1.12083139e-05 -5.09920123e+00
2209             -1.32424556e-01 4.75682354e-01 -1.42904846e+01 -1.32327243e-01 4.75680166e-01 -9.19139335e+00 -9.73128285e-05 2.18861415e-06 -5.09909124e+00
2210             -1.28654187e-01 4.64255430e-01 -1.42908097e+01 -1.28539988e-01 4.64265448e-01 -9.19182077e+00 -1.14198786e-04 -1.00172911e-05 -5.09898889e+00
2211             -1.27282163e-01 4.55157172e-01 -1.42913593e+01 -1.27158913e-01 4.55183530e-01 -9.19244958e+00 -1.23249526e-04 -2.63585396e-05 -5.09890973e+00
2212             -1.27172406e-01 4.48775518e-01 -1.42919541e+01 -1.27046859e-01 4.48822610e-01 -9.19308793e+00 -1.25546399e-04 -4.70918862e-05 -5.09886615e+00
2213             -1.28550330e-01 4.44870728e-01 -1.42925385e+01 -1.28427861e-01 4.44937382e-01 -9.19367279e+00 -1.22469245e-04 -6.66540227e-05 -5.09886569e+00
2214             -1.32067462e-01 4.43691438e-01 -1.42928371e+01 -1.31951743e-01 4.43772997e-01 -9.19393052e+00 -1.15719322e-04 -8.15591391e-05 -5.09890660e+00
2215             -1.37844750e-01 4.45350812e-01 -1.42932395e+01 -1.37734687e-01 4.45441873e-01 -9.19425616e+00 -1.10062491e-04 -9.10618000e-05 -5.09898332e+00
2216             -1.46244435e-01 4.49975380e-01 -1.42940561e+01 -1.46134949e-01 4.50067257e-01 -9.19497448e+00 -1.09485628e-04 -9.18768599e-05 -5.09908165e+00
2217             -1.56581847e-01 4.58252268e-01 -1.42949952e+01 -1.56464734e-01 4.58335100e-01 -9.19580755e+00 -1.17113112e-04 -8.28318799e-05 -5.09918764e+00
2218             -1.66843329e-01 4.70288430e-01 -1.42954646e+01 -1.66711201e-01 4.70355081e-01 -9.19617396e+00 -1.32127266e-04 -6.66502945e-05 -5.09929062e+00
2219             -1.77385772e-01 4.85830436e-01 -1.42952258e+01 -1.77235658e-01 4.85874112e-01 -9.19584452e+00 -1.50113996e-04 -4.36765023e-05 -5.09938129e+00
2220             -1.89387289e-01 5.03711330e-01 -1.42946601e+01 -1.89216448e-01 5.03726384e-01 -9.19521235e+00 -1.70841025e-04 -1.50545946e-05 -5.09944773e+00
2221             -2.02804660e-01 5.22562783e-01 -1.42943099e+01 -2.02609079e-01 5.22549012e-01 -9.19482615e+00 -1.95581150e-04 1.37705619e-05 -5.09948374e+00
2222             -2.16695839e-01 5.41789883e-01 -1.42943664e+01 -2.16472851e-01 5.41751314e-01 -9.19488331e+00 -2.22988015e-04 3.85696937e-05 -5.09948310e+00
2223             -2.28725419e-01 5.60651846e-01 -1.42945676e+01 -2.28476277e-01 5.60595056e-01 -9.19512684e+00 -2.49141667e-04 5.67891970e-05 -5.09944077e+00
2224             -2.37933238e-01 5.78456158e-01 -1.42947685e+01 -2.37664520e-01 5.78389467e-01 -9.19541214e+00 -2.68717599e-04 6.66908613e-05 -5.09935634e+00
2225             -2.44450775e-01 5.94467833e-01 -1.42950422e+01 -2.44172841e-01 5.94397839e-01 -9.19579995e+00 -2.77934406e-04 6.99943346e-05 -5.09924220e+00
2226             -2.49244697e-01 6.08172057e-01 -1.42955994e+01 -2.48969980e-01 6.08102204e-01 -9.19648289e+00 -2.74716582e-04 6.98530447e-05 -5.09911648e+00
2227             -2.53614506e-01 6.19565225e-01 -1.42963697e+01 -2.53355775e-01 6.19497204e-01 -9.19737397e+00 -2.58730982e-04 6.80210808e-05 -5.09899577e+00
2228             -2.56747506e-01 6.28633652e-01 -1.42971673e+01 -2.56515421e-01 6.28566448e-01 -9.19827069e+00 -2.32084365e-04 6.72043242e-05 -5.09889659e+00
2229             -2.56883833e-01 6.35345183e-01 -1.42976524e+01 -2.56687622e-01 6.35276702e-01 -9.19882154e+00 -1.96210455e-04 6.84814753e-05 -5.09883081e+00
2230             -2.54477318e-01 6.39562146e-01 -1.42980157e+01 -2.54322767e-01 6.39491502e-01 -9.19920791e+00 -1.54551234e-04 7.06439084e-05 -5.09880779e+00
2231             -2.50383779e-01 6.40610754e-01 -1.42981550e+01 -2.50272162e-01 6.40535933e-01 -9.19932665e+00 -1.11617060e-04 7.48207123e-05 -5.09882839e+00
2232             -2.45172355e-01 6.38585559e-01 -1.42983863e+01 -2.45102748e-01 6.38505996e-01 -9.19949441e+00 -6.96073080e-05 7.95626188e-05 -5.09889193e+00
2233             -2.38974359e-01 6.33850915e-01 -1.42989532e+01 -2.38942499e-01 6.33767209e-01 -9.19996891e+00 -3.18599214e-05 8.37062182e-05 -5.09898434e+00
2234             -2.31172973e-01 6.25965845e-01 -1.42992793e+01 -2.31171163e-01 6.25881086e-01 -9.20018609e+00 -1.80935959e-06 8.47588884e-05 -5.09909321e+00
2235             -2.21060942e-01 6.14944623e-01 -1.42989057e+01 -2.21079712e-01 6.14864423e-01 -9.19969805e+00 1.87695520e-05 8.02002094e-05 -5.09920765e+00
2236             -2.09124493e-01 6.00881147e-01 -1.42977443e+01 -2.09154673e-01 6.00812066e-01 -9.19842736e+00 3.01800125e-05 6.90805898e-05 -5.09931693e+00
2237             -1.97479243e-01 5.84465507e-01 -1.42961677e+01 -1.97512897e-01 5.84414600e-01 -9.19676037e+00 3.36544974e-05 5.09077792e-05 -5.09940738e+00
2238             -1.87261996e-01 5.66123073e-01 -1.42947093e+01 -1.87288742e-01 5.66093084e-01 -9.19523965e+00 2.67460529e-05 2.99889319e-05 -5.09946964e+00
2239             -1.78367506e-01 5.46662598e-01 -1.42936083e+01 -1.78377496e-01 5.46651113e-01 -9.19411395e+00 9.98919145e-06 1.14856831e-05 -5.09949440e+00
2240             -1.69321568e-01 5.27204361e-01 -1.42927047e+01 -1.69308240e-01 5.27206337e-01 -9.19323032e+00 -1.33285472e-05 -1.97620098e-06 -5.09947443e+00
2241             -1.59543114e-01 5.08500937e-01 -1.42918239e+01 -1.59505300e-01 5.08511172e-01 -9.19241604e+00 -3.78134757e-05 -1.02353770e-05 -5.09940781e+00
2242             -1.49501764e-01 4.91391909e-01 -1.42908460e+01 -1.49441378e-01 4.91408141e-01 -9.19154269e+00 -6.03856036e-05 -1.62315095e-05 -5.09930327e+00
2243             -1.40418974e-01 4.76717957e-01 -1.42901426e+01 -1.40338910e-01 4.76741391e-01 -9.19096307e+00 -8.00641000e-05 -2.34337790e-05 -5.09917954e+00
2244             -1.34168143e-01 4.64256456e-01 -1.42900066e+01 -1.34072703e-01 4.64290932e-01 -9.19095283e+00 -9.54399349e-05 -3.44765495e-05 -5.09905381e+00
2245             -1.30393598e-01 4.53977567e-01 -1.42903025e+01 -1.30288051e-01 4.54027869e-01 -9.19135861e+00 -1.05546372e-04 -5.03020352e-05 -5.09894390e+00
2246             -1.27558579e-01 4.46204070e-01 -1.42908051e+01 -1.27448871e-01 4.46274513e-01 -9.19194136e+00 -1.09708771e-04 -7.04426490e-05 -5.09886373e+00
2247             -1.26152153e-01 4.41060078e-01 -1.42913874e+01 -1.26042769e-01 4.41151997e-01 -9.19256117e+00 -1.09384322e-04 -9.19190633e-05 -5.09882623e+00
2248             -1.26662739e-01 4.38640190e-01 -1.42918405e+01 -1.26555923e-01 4.38751090e-01 -9.19300757e+00 -1.06816481e-04 -1.10899682e-04 -5.09883288e+00
2249             -1.30013871e-01 4.38898196e-01 -1.42924765e+01 -1.29910983e-01 4.39021837e-01 -9.19359149e+00 -1.02887972e-04 -1.23641126e-04 -5.09888498e+00
2250             -1.36426100e-01 4.41843790e-01 -1.42936281e+01 -1.36325422e-01 4.41971441e-01 -9.19465577e+00 -1.00678470e-04 -1.27651284e-04 -5.09897233e+00
2251             -1.44916603e-01 4.48304944e-01 -1.42948941e+01 -1.44810766e-01 4.48426627e-01 -9.19581204e+00 -1.05837612e-04 -1.21683124e-04 -5.09908202e+00
2252             -1.53500955e-01 4.58584704e-01 -1.42956079e+01 -1.53381608e-01 4.58690616e-01 -9.19640396e+00 -1.19347113e-04 -1.05912050e-04 -5.09920393e+00
2253             -1.62333985e-01 4.72875650e-01 -1.42955334e+01 -1.62195805e-01 4.72958752e-01 -9.19620873e+00 -1.38179603e-04 -8.31018463e-05 -5.09932470e+00
2254             -1.73295172e-01 4.90404981e-01 -1.42950168e+01 -1.73134520e-01 4.90458016e-01 -9.19558739e+00 -1.60651864e-04 -5.30347560e-05 -5.09942945e+00
2255             -1.86407753e-01 5.09889277e-01 -1.42946519e+01 -1.86220382e-01 5.09910308e-01 -9.19514687e+00 -1.87370743e-04 -2.10306276e-05 -5.09950501e+00
2256             -2.00596531e-01 5.30048966e-01 -1.42946474e+01 -2.00379611e-01 5.30041068e-01 -9.19510768e+00 -2.16919743e-04 7.89823175e-06 -5.09953974e+00
2257             -2.13929831e-01 5.49898154e-01 -1.42947449e+01 -2.13683878e-01 5.49865985e-01 -9.19522051e+00 -2.45953175e-04 3.21692447e-05 -5.09952442e+00
2258             -2.24830973e-01 5.68632931e-01 -1.42947467e+01 -2.24561851e-01 5.68582641e-01 -9.19528910e+00 -2.69121835e-04 5.02901237e-05 -5.09945762e+00
2259             -2.33236783e-01 5.85673141e-01 -1.42947310e+01 -2.32953347e-01 5.85611546e-01 -9.19538312e+00 -2.83435855e-04 6.15954908e-05 -5.09934786e+00
2260             -2.40048977e-01 6.00580006e-01 -1.42949070e+01 -2.39762137e-01 6.00511538e-01 -9.19569253e+00 -2.86840211e-04 6.84680782e-05 -5.09921442e+00
2261             -2.46418734e-01 6.13226906e-01 -1.42954015e+01 -2.46141393e-01 6.13154129e-01 -9.19632577e+00 -2.77341195e-04 7.27773759e-05 -5.09907568e+00
2262             -2.52083676e-01 6.23477215e-01 -1.42960502e+01 -2.51827260e-01 6.23400573e-01 -9.19710027e+00 -2.56416513e-04 7.66419931e-05 -5.09894989e+00
2263             -2.55344937e-01 6.31243195e-01 -1.42965941e+01 -2.55118570e-01 6.31162552e-01 -9.19774281e+00 -2.26366328e-04 8.06421232e-05 -5.09885129e+00
2264             -2.56088009e-01 6.36665537e-01 -1.42971062e+01 -2.55898924e-01 6.36582126e-01 -9.19831439e+00 -1.89085369e-04 8.34102782e-05 -5.09879180e+00
2265             -2.54700512e-01 6.39432245e-01 -1.42974384e+01 -2.54551976e-01 6.39348184e-01 -9.19866115e+00 -1.48536115e-04 8.40607381e-05 -5.09877729e+00
2266             -2.51911321e-01 6.39299515e-01 -1.42979223e+01 -2.51803368e-01 6.39215687e-01 -9.19911248e+00 -1.07953030e-04 8.38284928e-05 -5.09880977e+00
2267             -2.48473661e-01 6.36133227e-01 -1.42988057e+01 -2.48402887e-01 6.36050999e-01 -9.19992289e+00 -7.07737637e-05 8.22284786e-05 -5.09888281e+00
2268             -2.43734750e-01 6.29692949e-01 -1.42997141e+01 -2.43696073e-01 6.29615489e-01 -9.20072922e+00 -3.86769065e-05 7.74594438e-05 -5.09898485e+00
2269             -2.35995688e-01 6.19664423e-01 -1.42999017e+01 -2.35980966e-01 6.19594318e-01 -9.20079525e+00 -1.47225213e-05 7.01049528e-05 -5.09910646e+00
2270             -2.25271920e-01 6.06114720e-01 -1.42990729e+01 -2.25273889e-01 6.06055663e-01 -9.19983528e+00 1.96977518e-06 5.90572769e-05 -5.09923762e+00
2271             -2.14103527e-01 5.89793346e-01 -1.42976142e+01 -2.14114099e-01 5.89752579e-01 -9.19825373e+00 1.05717860e-05 4.07667649e-05 -5.09936045e+00
2272             -2.03863229e-01 5.71682096e-01 -1.42961272e+01 -2.03872476e-01 5.71662537e-01 -9.19666563e+00 9.24644958e-06 1.95588136e-05 -5.09946157e+00
2273             -1.94574217e-01 5.52305298e-01 -1.42949836e+01 -1.94573469e-01 5.52306262e-01 -9.19545771e+00 -7.47230828e-07 -9.63988448e-07 -5.09952588e+00
2274             -1.84789260e-01 5.32421060e-01 -1.42939997e+01 -1.84771734e-01 5.32439665e-01 -9.19445986e+00 -1.75262717e-05 -1.86042685e-05 -5.09953980e+00
2275             -1.73893040e-01 5.13147581e-01 -1.42929307e+01 -1.73857233e-01 5.13178907e-01 -9.19343255e+00 -3.58076443e-05 -3.13264268e-05 -5.09949817e+00
2276             -1.62264064e-01 4.95323543e-01 -1.42917090e+01 -1.62211366e-01 4.95363625e-01 -9.19230107e+00 -5.26978560e-05 -4.00811502e-05 -5.09940792e+00
2277             -1.51277265e-01 4.79524337e-01 -1.42905344e+01 -1.51210639e-01 4.79572806e-01 -9.19124991e+00 -6.66255444e-05 -4.84688823e-05 -5.09928452e+00
2278             -1.42779851e-01 4.65983923e-01 -1.42898336e+01 -1.42702580e-01 4.66042123e-01 -9.19068566e+00 -7.72710594e-05 -5.81996623e-05 -5.09914796e+00
2279             -1.36717458e-01 4.54675317e-01 -1.42896606e+01 -1.36632461e-01 4.54747987e-01 -9.19064382e+00 -8.49972081e-05 -7.26702569e-05 -5.09901678e+00
2280             -1.31623419e-01 4.45762525e-01 -1.42898194e+01 -1.31534142e-01 4.45854364e-01 -9.19091202e+00 -8.92763331e-05 -9.18392801e-05 -5.09890740e+00
2281             -1.27497341e-01 4.39265129e-01 -1.42902970e+01 -1.27407023e-01 4.39378191e-01 -9.19146306e+00 -9.03177208e-05 -1.13061266e-04 -5.09883396e+00
2282             -1.25187066e-01 4.35568452e-01 -1.42906924e+01 -1.25097366e-01 4.35700956e-01 -9.19188904e+00 -8.97001964e-05 -1.32504035e-04 -5.09880338e+00
2283             -1.25481589e-01 4.34607789e-01 -1.42913768e+01 -1.25392496e-01 4.34757270e-01 -9.19255712e+00 -8.90924612e-05 -1.49480928e-04 -5.09881971e+00
2284             -1.29158754e-01 4.36215837e-01 -1.42926854e+01 -1.29069049e-01 4.36373000e-01 -9.19380650e+00 -8.97052299e-05 -1.57162857e-04 -5.09887886e+00
2285             -1.35613309e-01 4.40982208e-01 -1.42942641e+01 -1.35519511e-01 4.41136591e-01 -9.19529098e+00 -9.37978232e-05 -1.54383325e-04 -5.09897311e+00
2286             -1.42586497e-01 4.49459756e-01 -1.42954223e+01 -1.42481518e-01 4.49601715e-01 -9.19632904e+00 -1.04978629e-04 -1.41959327e-04 -5.09909329e+00
2287             -1.49592509e-01 4.61878449e-01 -1.42956595e+01 -1.49470373e-01 4.61998971e-01 -9.19643130e+00 -1.22135830e-04 -1.20522459e-04 -5.09922824e+00
2288             -1.58620667e-01 4.78021030e-01 -1.42952877e+01 -1.58476045e-01 4.78111525e-01 -9.19592736e+00 -1.44621660e-04 -9.04947002e-05 -5.09936037e+00
2289             -1.70374804e-01 4.96842250e-01 -1.42949508e+01 -1.70201906e-01 4.96899564e-01 -9.19547779e+00 -1.72897866e-04 -5.73141034e-05 -5.09947296e+00
2290             -1.84098884e-01 5.17389514e-01 -1.42949439e+01 -1.83894273e-01 5.17414919e-01 -9.19539485e+00 -2.04610420e-04 -2.54049068e-05 -5.09954909e+00
2291             -1.97650917e-01 5.38149424e-01 -1.42950551e+01 -1.97414648e-01 5.38146763e-01 -9.19548221e+00 -2.36269586e-04 2.66102369e-06 -5.09957294e+00
2292             -2.09556598e-01 5.57975453e-01 -1.42949893e+01 -2.09293744e-01 5.57949300e-01 -9.19545192e+00 -2.62854191e-04 2.61530671e-05 -5.09953737e+00
2293             -2.19475058e-01 5.76036448e-01 -1.42947779e+01 -2.19194207e-01 5.75991825e-01 -9.19532895e+00 -2.80850718e-04 4.46230758e-05 -5.09944898e+00
2294             -2.27985478e-01 5.92010711e-01 -1.42947034e+01 -2.27696658e-01 5.91951157e-01 -9.19537929e+00 -2.88819589e-04 5.95535188e-05 -5.09932412e+00
2295             -2.36156522e-01 6.05743075e-01 -1.42948245e+01 -2.35870878e-01 6.05672364e-01 -9.19564379e+00 -2.85644468e-04 7.07114714e-05 -5.09918071e+00
2296             -2.43942294e-01 6.17242421e-01 -1.42951767e+01 -2.43670857e-01 6.17161234e-01 -9.19613725e+00 -2.71436487e-04 8.11864486e-05 -5.09903949e+00
2297             -2.49643732e-01 6.26258278e-01 -1.42955318e+01 -2.49396438e-01 6.26168093e-01 -9.19661582e+00 -2.47294654e-04 9.01849506e-05 -5.09891603e+00
2298             -2.53255146e-01 6.32802981e-01 -1.42959917e+01 -2.53039500e-01 6.32706138e-01 -9.19716685e+00 -2.15646807e-04 9.68433778e-05 -5.09882487e+00
2299             -2.54938763e-01 6.36680894e-01 -1.42964528e+01 -2.54758900e-01 6.36581910e-01 -9.19767860e+00 -1.79862070e-04 9.89847387e-05 -5.09877421e+00
2300             -2.54961958e-01 6.38067133e-01 -1.42970506e+01 -2.54819877e-01 6.37970027e-01 -9.19828029e+00 -1.42081516e-04 9.71058836e-05 -5.09877030e+00
2301             -2.53968146e-01 6.36828767e-01 -1.42981636e+01 -2.53862158e-01 6.36738048e-01 -9.19935298e+00 -1.05987823e-04 9.07189437e-05 -5.09881060e+00
2302             -2.51845746e-01 6.32150064e-01 -1.42994460e+01 -2.51770770e-01 6.32069150e-01 -9.20055711e+00 -7.49758061e-05 8.09145657e-05 -5.09888885e+00
2303             -2.47381894e-01 6.23647907e-01 -1.43002276e+01 -2.47332307e-01 6.23580598e-01 -9.20122831e+00 -4.95861927e-05 6.73087391e-05 -5.09899933e+00
2304             -2.39289415e-01 6.11395035e-01 -1.42999950e+01 -2.39258903e-01 6.11342798e-01 -9.20086273e+00 -3.05120108e-05 5.22373936e-05 -5.09913229e+00
2305             -2.29505892e-01 5.95659539e-01 -1.42988812e+01 -2.29488819e-01 5.95626257e-01 -9.19960807e+00 -1.70736011e-05 3.32819265e-05 -5.09927313e+00
2306             -2.19948754e-01 5.77672324e-01 -1.42975409e+01 -2.19935836e-01 5.77660418e-01 -9.19813699e+00 -1.29182615e-05 1.19058545e-05 -5.09940386e+00
2307             -2.10923910e-01 5.58310817e-01 -1.42963709e+01 -2.10906045e-01 5.58320083e-01 -9.19686436e+00 -1.78650697e-05 -9.26577954e-06 -5.09950653e+00
2308             -2.01105017e-01 5.38594924e-01 -1.42953668e+01 -2.01076558e-01 5.38623150e-01 -9.19580548e+00 -2.84590006e-05 -2.82258921e-05 -5.09956135e+00
2309             -1.89572070e-01 5.18993666e-01 -1.42942941e+01 -1.89531509e-01 5.19038352e-01 -9.19473703e+00 -4.05609958e-05 -4.46853424e-05 -5.09955703e+00
2310             -1.76929641e-01 5.00556907e-01 -1.42929397e+01 -1.76877968e-01 5.00614648e-01 -9.19344562e+00 -5.16728247e-05 -5.77404899e-05 -5.09949412e+00
2311             -1.64442667e-01 4.84048522e-01 -1.42915074e+01 -1.64382598e-01 4.84117860e-01 -9.19211915e+00 -6.00684178e-05 -6.93386947e-05 -5.09938823e+00
2312             -1.53982502e-01 4.69519536e-01 -1.42903725e+01 -1.53917276e-01 4.69600162e-01 -9.19111709e+00 -6.52260215e-05 -8.06254985e-05 -5.09925544e+00
2313             -1.45900969e-01 4.57117682e-01 -1.42896500e+01 -1.45833427e-01 4.57212588e-01 -9.19053409e+00 -6.75423250e-05 -9.49063915e-05 -5.09911588e+00
2314             -1.38601452e-01 4.47131890e-01 -1.42893310e+01 -1.38532844e-01 4.47244123e-01 -9.19034361e+00 -6.86080523e-05 -1.12233187e-04 -5.09898742e+00
2315             -1.32264073e-01 4.39549815e-01 -1.42894061e+01 -1.32195418e-01 4.39682478e-01 -9.19051980e+00 -6.86548780e-05 -1.32663147e-04 -5.09888628e+00
2316             -1.27310531e-01 4.34617244e-01 -1.42896524e+01 -1.27241448e-01 4.34769281e-01 -9.19083075e+00 -6.90837498e-05 -1.52037034e-04 -5.09882166e+00
2317             -1.24719257e-01 4.32288002e-01 -1.42902207e+01 -1.24649418e-01 4.32456757e-01 -9.19142038e+00 -6.98389788e-05 -1.68754381e-04 -5.09880036e+00
2318             -1.25402017e-01 4.32644698e-01 -1.42914712e+01 -1.25328745e-01 4.32824916e-01 -9.19264751e+00 -7.32723816e-05 -1.80218660e-04 -5.09882371e+00
2319             -1.28928086e-01 4.36011937e-01 -1.42931995e+01 -1.28847384e-01 4.36193700e-01 -9.19431321e+00 -8.07015364e-05 -1.81762212e-04 -5.09888632e+00
2320             -1.33912258e-01 4.42908391e-01 -1.42946615e+01 -1.33820091e-01 4.43080825e-01 -9.19567516e+00 -9.21670855e-05 -1.72434351e-04 -5.09898630e+00
2321             -1.39162356e-01 4.53509985e-01 -1.42953632e+01 -1.39054735e-01 4.53664309e-01 -9.19624866e+00 -1.07621160e-04 -1.54323763e-04 -5.09911454e+00
2322             -1.46268975e-01 4.67865047e-01 -1.42953407e+01 -1.46141103e-01 4.67991864e-01 -9.19608486e+00 -1.27871485e-04 -1.26817731e-04 -5.09925579e+00
2323             -1.56051051e-01 4.85147999e-01 -1.42951533e+01 -1.55895594e-01 4.85241423e-01 -9.19576079e+00 -1.55457203e-04 -9.34240212e-05 -5.09939250e+00
2324             -1.68153958e-01 5.04788693e-01 -1.42951990e+01 -1.67965626e-01 5.04849483e-01 -9.19569530e+00 -1.88332067e-04 -6.07905612e-05 -5.09950372e+00
2325             -1.81087579e-01 5.25670796e-01 -1.42953239e+01 -1.80865162e-01 5.25700976e-01 -9.19575446e+00 -2.22416859e-04 -3.01803866e-05 -5.09956947e+00
2326             -1.93054283e-01 5.46369041e-01 -1.42952925e+01 -1.92802279e-01 5.46372183e-01 -9.19571712e+00 -2.52004139e-04 -3.14203309e-06 -5.09957537e+00
2327             -2.03557943e-01 5.65507322e-01 -1.42950432e+01 -2.03284700e-01 5.65487556e-01 -9.19552222e+00 -2.73243085e-04 1.97656378e-05 -5.09952098e+00
2328             -2.13416489e-01 5.82577219e-01 -1.42947728e+01 -2.13131397e-01 5.82536469e-01 -9.19535296e+00 -2.85091965e-04 4.07496364e-05 -5.09941988e+00
2329             -2.23017765e-01 5.97407996e-01 -1.42946885e+01 -2.22731845e-01 5.97348303e-01 -9.19539968e+00 -2.85919837e-04 5.96939238e-05 -5.09928886e+00
2330             -2.32691224e-01 6.10028531e-01 -1.42947593e+01 -2.32413998e-01 6.09951184e-01 -9.19561326e+00 -2.77225838e-04 7.73468909e-05 -5.09914601e+00
2331             -2.40508384e-01 6.20247105e-01 -1.42947926e+01 -2.40248813e-01 6.20154083e-01 -9.19578276e+00 -2.59571077e-04 9.30217994e-05 -5.09900983e+00
2332             -2.46338167e-01 6.28014961e-01 -1.42949892e+01 -2.46104469e-01 6.27909656e-01 -9.19609320e+00 -2.33698439e-04 1.05305315e-04 -5.09889596e+00
2333             -2.50584494e-01 6.33045154e-01 -1.42953167e+01 -2.50381384e-01 6.32933023e-01 -9.19650117e+00 -2.03110379e-04 1.12130426e-04 -5.09881558e+00
2334             -2.53632536e-01 6.35504672e-01 -1.42959605e+01 -2.53462327e-01 6.35392017e-01 -9.19718408e+00 -1.70208786e-04 1.12655183e-04 -5.09877639e+00
2335             -2.55534099e-01 6.35591856e-01 -1.42971550e+01 -2.55396892e-01 6.35485289e-01 -9.19837448e+00 -1.37206971e-04 1.06567177e-04 -5.09878049e+00
2336             -2.56062866e-01 6.32851259e-01 -1.42986839e+01 -2.55955476e-01 6.32758542e-01 -9.19985885e+00 -1.07390433e-04 9.27174362e-05 -5.09882508e+00
2337             -2.54314223e-01 6.26274228e-01 -1.42998796e+01 -2.54231019e-01 6.26199918e-01 -9.20097186e+00 -8.32042408e-05 7.43101500e-05 -5.09890770e+00
2338             -2.49230759e-01 6.15587324e-01 -1.43001773e+01 -2.49166901e-01 6.15534427e-01 -9.20115196e+00 -6.38581732e-05 5.28974602e-05 -5.09902538e+00
2339             -2.42212510e-01 6.01222838e-01 -1.42996341e+01 -2.42164092e-01 6.01193952e-01 -9.20047022e+00 -4.84174332e-05 2.88862457e-05 -5.09916385e+00
2340             -2.34421256e-01 5.83948054e-01 -1.42986687e+01 -2.34381125e-01 5.83942701e-01 -9.19936088e+00 -4.01310643e-05 5.35305690e-06 -5.09930779e+00
2341             -2.26419473e-01 5.64815806e-01 -1.42976941e+01 -2.26379995e-01 5.64831892e-01 -9.19825680e+00 -3.94781068e-05 -1.60865229e-05 -5.09943733e+00
2342             -2.17232460e-01 5.44945156e-01 -1.42967434e+01 -2.17187055e-01 5.44980929e-01 -9.19721411e+00 -4.54053886e-05 -3.57733240e-05 -5.09952929e+00
2343             -2.05924062e-01 5.25451041e-01 -1.42956682e+01 -2.05871648e-01 5.25503908e-01 -9.19610163e+00 -5.24141248e-05 -5.28672207e-05 -5.09956661e+00
2344             -1.92811785e-01 5.06800749e-01 -1.42943380e+01 -1.92754292e-01 5.06869148e-01 -9.19479508e+00 -5.74927655e-05 -6.83986154e-05 -5.09954289e+00
2345             -1.79327467e-01 4.89689356e-01 -1.42928058e+01 -1.79267322e-01 4.89772956e-01 -9.19333875e+00 -6.01449461e-05 -8.35995275e-05 -5.09946707e+00
2346             -1.67300102e-01 4.74531125e-01 -1.42914084e+01 -1.67240556e-01 4.74629695e-01 -9.19205383e+00 -5.95454917e-05 -9.85695162e-05 -5.09935454e+00
2347             -1.57548556e-01 4.61269589e-01 -1.42903399e+01 -1.57492222e-01 4.61384218e-01 -9.19111690e+00 -5.63337693e-05 -1.14628930e-04 -5.09922301e+00
2348             -1.48429735e-01 4.50151924e-01 -1.42894769e+01 -1.48378265e-01 4.50284361e-01 -9.19038793e+00 -5.14699279e-05 -1.32437104e-04 -5.09908902e+00
2349             -1.39948956e-01 4.41529336e-01 -1.42890456e+01 -1.39901952e-01 4.41680395e-01 -9.19007390e+00 -4.70041464e-05 -1.51058816e-04 -5.09897170e+00
2350             -1.32657628e-01 4.35536533e-01 -1.42888984e+01 -1.32612527e-01 4.35706079e-01 -9.19001634e+00 -4.51018173e-05 -1.69545928e-04 -5.09888210e+00
2351             -1.27542634e-01 4.32023449e-01 -1.42891743e+01 -1.27496679e-01 4.32209296e-01 -9.19034541e+00 -4.59551189e-05 -1.85847189e-04 -5.09882884e+00
2352             -1.25318602e-01 4.31013866e-01 -1.42902428e+01 -1.25268216e-01 4.31211202e-01 -9.19142695e+00 -5.03863273e-05 -1.97336558e-04 -5.09881587e+00
2353             -1.26051210e-01 4.33096050e-01 -1.42919011e+01 -1.25991574e-01 4.33297033e-01 -9.19305892e+00 -5.96358462e-05 -2.00982996e-04 -5.09884217e+00
2354             -1.28234961e-01 4.38604562e-01 -1.42935375e+01 -1.28160497e-01 4.38800809e-01 -9.19462926e+00 -7.44639950e-05 -1.96246250e-04 -5.09890822e+00
2355             -1.31164897e-01 4.47660686e-01 -1.42945338e+01 -1.31072868e-01 4.47842150e-01 -9.19552187e+00 -9.20290552e-05 -1.81464434e-04 -5.09901193e+00
2356             -1.36225356e-01 4.60306453e-01 -1.42949295e+01 -1.36114486e-01 4.60463563e-01 -9.19578675e+00 -1.10869724e-04 -1.57110230e-04 -5.09914276e+00
2357             -1.44050536e-01 4.75912138e-01 -1.42950928e+01 -1.43914468e-01 4.76038879e-01 -9.19580926e+00 -1.36068422e-04 -1.26741584e-04 -5.09928350e+00
2358             -1.54228472e-01 4.93900198e-01 -1.42953040e+01 -1.54060943e-01 4.93994428e-01 -9.19588876e+00 -1.67529117e-04 -9.42301917e-05 -5.09941526e+00
2359             -1.65614318e-01 5.13719120e-01 -1.42955257e+01 -1.65411594e-01 5.13782183e-01 -9.19601217e+00 -2.02724204e-04 -6.30632729e-05 -5.09951352e+00
2360             -1.76757834e-01 5.34193427e-01 -1.42955424e+01 -1.76522728e-01 5.34227522e-01 -9.19598189e+00 -2.35106294e-04 -3.40947888e-05 -5.09956056e+00
2361             -1.87055066e-01 5.54137813e-01 -1.42953199e+01 -1.86795475e-01 5.54145991e-01 -9.19577216e+00 -2.59591190e-04 -8.17764677e-06 -5.09954777e+00
2362             -1.97136131e-01 5.72294815e-01 -1.42950451e+01 -1.96861443e-01 5.72278612e-01 -9.19556276e+00 -2.74687819e-04 1.62026924e-05 -5.09948230e+00
2363             -2.07715455e-01 5.88210097e-01 -1.42948203e+01 -2.07436204e-01 5.88169701e-01 -9.19544318e+00 -2.79251245e-04 4.03966288e-05 -5.09937716e+00
2364             -2.18881437e-01 6.01894516e-01 -1.42947038e+01 -2.18607302e-01 6.01829312e-01 -9.19545409e+00 -2.74134868e-04 6.52039873e-05 -5.09924966e+00
2365             -2.28576218e-01 6.13238140e-01 -1.42945276e+01 -2.28314937e-01 6.13149801e-01 -9.19541221e+00 -2.61281325e-04 8.83387462e-05 -5.09911542e+00
2366             -2.36436669e-01 6.22148958e-01 -1.42943720e+01 -2.36195310e-01 6.22041499e-01 -9.19538044e+00 -2.41358656e-04 1.07458649e-04 -5.09899159e+00
2367             -2.42752464e-01 6.28376233e-01 -1.42944229e+01 -2.42536007e-01 6.28255438e-01 -9.19553115e+00 -2.16456678e-04 1.20794119e-04 -5.09889170e+00
2368             -2.48163814e-01 6.32067252e-01 -1.42948356e+01 -2.47975410e-01 6.31940803e-01 -9.19601080e+00 -1.88404167e-04 1.26449041e-04 -5.09882480e+00
2369             -2.52902718e-01 6.33238374e-01 -1.42959606e+01 -2.52742565e-01 6.33114508e-01 -9.19716441e+00 -1.60153501e-04 1.23865789e-04 -5.09879616e+00
2370             -2.56498388e-01 6.31745084e-01 -1.42976132e+01 -2.56364614e-01 6.31633440e-01 -9.19880816e+00 -1.33773476e-04 1.11643721e-04 -5.09880504e+00
2371             -2.57711771e-01 6.26938762e-01 -1.42990534e+01 -2.57600377e-01 6.26848151e-01 -9.20020041e+00 -1.11394258e-04 9.06109088e-05 -5.09885302e+00
2372             -2.55221765e-01 6.18240565e-01 -1.42997666e+01 -2.55128579e-01 6.18176084e-01 -9.20082659e+00 -9.31858441e-05 6.44806555e-05 -5.09894004e+00
2373             -2.50865208e-01 6.05482038e-01 -1.42996758e+01 -2.50786846e-01 6.05447167e-01 -9.20061637e+00 -7.83625393e-05 3.48717412e-05 -5.09905941e+00
2374             -2.45995356e-01 5.89574130e-01 -1.42992394e+01 -2.45927407e-01 5.89568979e-01 -9.20004211e+00 -6.79489924e-05 5.15125217e-06 -5.09919724e+00
2375             -2.40245463e-01 5.71367178e-01 -1.42987118e+01 -2.40181223e-01 5.71387150e-01 -9.19937644e+00 -6.42400661e-05 -1.99719335e-05 -5.09933538e+00
2376             -2.32487674e-01 5.51742825e-01 -1.42980142e+01 -2.32422332e-01 5.51783080e-01 -9.19856288e+00 -6.53427181e-05 -4.02547501e-05 -5.09945134e+00
2377             -2.22048669e-01 5.32044655e-01 -1.42970537e+01 -2.21980425e-01 5.32102666e-01 -9.19753039e+00 -6.82440142e-05 -5.80102874e-05 -5.09952327e+00
2378             -2.09203525e-01 5.13298454e-01 -1.42957413e+01 -2.09134584e-01 5.13372289e-01 -9.19620133e+00 -6.89411052e-05 -7.38348487e-05 -5.09953998e+00
2379             -1.95431720e-01 4.96065374e-01 -1.42942269e+01 -1.95365746e-01 4.96155942e-01 -9.19472305e+00 -6.59735274e-05 -9.05678870e-05 -5.09950381e+00
2380             -1.82379560e-01 4.80409260e-01 -1.42927464e+01 -1.82319942e-01 4.80518253e-01 -9.19332275e+00 -5.96178125e-05 -1.08992926e-04 -5.09942361e+00
2381             -1.71391253e-01 4.66579541e-01 -1.42914681e+01 -1.71340508e-01 4.66708374e-01 -9.19215358e+00 -5.07450055e-05 -1.28833036e-04 -5.09931447e+00
2382             -1.60765245e-01 4.54749146e-01 -1.42903159e+01 -1.60724999e-01 4.54898078e-01 -9.19112361e+00 -4.02457826e-05 -1.48932784e-04 -5.09919225e+00
2383             -1.50484744e-01 4.45017689e-01 -1.42893804e+01 -1.50454986e-01 4.45186519e-01 -9.19030752e+00 -2.97578190e-05 -1.68830212e-04 -5.09907285e+00
2384             -1.41110685e-01 4.37973351e-01 -1.42886980e+01 -1.41088276e-01 4.38159853e-01 -9.18972722e+00 -2.24092918e-05 -1.86502382e-04 -5.09897074e+00
2385             -1.33656649e-01 4.33444898e-01 -1.42885198e+01 -1.33636577e-01 4.33646713e-01 -9.18962482e+00 -2.00719613e-05 -2.01815519e-04 -5.09889501e+00
2386             -1.28996981e-01 4.31315208e-01 -1.42892001e+01 -1.28973383e-01 4.31528242e-01 -9.19034709e+00 -2.35974552e-05 -2.13034079e-04 -5.09885299e+00
2387             -1.26992788e-01 4.31981558e-01 -1.42907142e+01 -1.26959331e-01 4.32198598e-01 -9.19186960e+00 -3.34574533e-05 -2.17039994e-04 -5.09884459e+00
2388             -1.26603439e-01 4.36105017e-01 -1.42923033e+01 -1.26553866e-01 4.36317865e-01 -9.19342914e+00 -4.95730713e-05 -2.12848052e-04 -5.09887419e+00
2389             -1.26617023e-01 4.43853699e-01 -1.42934023e+01 -1.26546705e-01 4.44056209e-01 -9.19445915e+00 -7.03185928e-05 -2.02510322e-04 -5.09894320e+00
2390             -1.28852504e-01 4.55108106e-01 -1.42940239e+01 -1.28760263e-01 4.55289833e-01 -9.19497767e+00 -9.22414376e-05 -1.81727411e-04 -5.09904627e+00
2391             -1.34524417e-01 4.69116169e-01 -1.42945164e+01 -1.34407683e-01 4.69270224e-01 -9.19534394e+00 -1.16733424e-04 -1.54055790e-04 -5.09917243e+00
2392             -1.42877997e-01 4.85452201e-01 -1.42950919e+01 -1.42731875e-01 4.85576690e-01 -9.19578784e+00 -1.46121381e-04 -1.24488352e-04 -5.09930403e+00
2393             -1.52539472e-01 5.03670260e-01 -1.42955635e+01 -1.52359708e-01 5.03764608e-01 -9.19614470e+00 -1.79763020e-04 -9.43480475e-05 -5.09941877e+00
2394             -1.62045256e-01 5.22915125e-01 -1.42957174e+01 -1.61832186e-01 5.22980056e-01 -9.19622201e+00 -2.13070033e-04 -6.49303960e-05 -5.09949544e+00
2395             -1.71066861e-01 5.42307613e-01 -1.42955654e+01 -1.70826569e-01 5.42345583e-01 -9.19604439e+00 -2.40292336e-04 -3.79695156e-05 -5.09952100e+00
2396             -1.80635713e-01 5.61008293e-01 -1.42953148e+01 -1.80376988e-01 5.61019563e-01 -9.19581838e+00 -2.58724697e-04 -1.12700233e-05 -5.09949647e+00
2397             -1.91140757e-01 5.77961048e-01 -1.42951049e+01 -1.90874064e-01 5.77945008e-01 -9.19567625e+00 -2.66693097e-04 1.60403887e-05 -5.09942866e+00
2398             -2.03047544e-01 5.92757700e-01 -1.42949007e+01 -2.02782442e-01 5.92712460e-01 -9.19557127e+00 -2.65102202e-04 4.52401741e-05 -5.09932938e+00
2399             -2.14227079e-01 6.05172196e-01 -1.42945526e+01 -2.13971335e-01 6.05097383e-01 -9.19533886e+00 -2.55743887e-04 7.48126256e-05 -5.09921373e+00
2400             -2.23755530e-01 6.15227562e-01 -1.42941979e+01 -2.23515804e-01 6.15125712e-01 -9.19510158e+00 -2.39726589e-04 1.01849549e-04 -5.09909630e+00
2401             -2.31935881e-01 6.22616696e-01 -1.42939221e+01 -2.31715717e-01 6.22494378e-01 -9.19493185e+00 -2.20164354e-04 1.22317666e-04 -5.09899027e+00
2402             -2.39339108e-01 6.27523876e-01 -1.42939922e+01 -2.39141182e-01 6.27388853e-01 -9.19508517e+00 -1.97926092e-04 1.35022885e-04 -5.09890700e+00
2403             -2.46295055e-01 6.29897293e-01 -1.42948292e+01 -2.46120518e-01 6.29759075e-01 -9.19597540e+00 -1.74537400e-04 1.38217926e-04 -5.09885378e+00
2404             -2.52626436e-01 6.29584891e-01 -1.42963734e+01 -2.52473492e-01 6.29454063e-01 -9.19754130e+00 -1.52944386e-04 1.30827915e-04 -5.09883214e+00
2405             -2.57066315e-01 6.26003244e-01 -1.42979265e+01 -2.56931635e-01 6.25891193e-01 -9.19908148e+00 -1.34679581e-04 1.12050740e-04 -5.09884501e+00
2406             -2.57532514e-01 6.18890141e-01 -1.42988596e+01 -2.57413359e-01 6.18805180e-01 -9.19996270e+00 -1.19154403e-04 8.49611934e-05 -5.09889691e+00
2407             -2.55646049e-01 6.08059096e-01 -1.42991647e+01 -2.55540635e-01 6.08008263e-01 -9.20018017e+00 -1.05413830e-04 5.08322476e-05 -5.09898450e+00
2408             -2.53272179e-01 5.93813692e-01 -1.42991372e+01 -2.53176103e-01 5.93798036e-01 -9.20003783e+00 -9.60759339e-05 1.56557889e-05 -5.09909935e+00
2409             -2.50532410e-01 5.76970413e-01 -1.42990957e+01 -2.50441283e-01 5.76986863e-01 -9.19986746e+00 -9.11272619e-05 -1.64501446e-05 -5.09922819e+00
2410             -2.45579234e-01 5.58408275e-01 -1.42989099e+01 -2.45489032e-01 5.58449869e-01 -9.19956104e+00 -9.02020571e-05 -4.15944221e-05 -5.09934889e+00
2411             -2.36928381e-01 5.39037461e-01 -1.42982353e+01 -2.36838899e-01 5.39098343e-01 -9.19879428e+00 -8.94820625e-05 -6.08820121e-05 -5.09944106e+00
2412             -2.25068031e-01 5.20139348e-01 -1.42970920e+01 -2.24982198e-01 5.20216269e-01 -9.19760307e+00 -8.58330458e-05 -7.69216107e-05 -5.09948892e+00
2413             -2.11655671e-01 5.02611473e-01 -1.42956288e+01 -2.11576602e-01 5.02705237e-01 -9.19613814e+00 -7.90691191e-05 -9.37635448e-05 -5.09949067e+00
2414             -1.98365577e-01 4.86945615e-01 -1.42941508e+01 -1.98298062e-01 4.87058689e-01 -9.19470118e+00 -6.75147016e-05 -1.13073919e-04 -5.09944959e+00
2415             -1.86612052e-01 4.72765246e-01 -1.42928287e+01 -1.86559284e-01 4.72901024e-01 -9.19345404e+00 -5.27675730e-05 -1.35778463e-04 -5.09937464e+00
2416             -1.75022283e-01 4.60389037e-01 -1.42915325e+01 -1.74985701e-01 4.60548681e-01 -9.19225576e+00 -3.65818175e-05 -1.59644125e-04 -5.09927677e+00
2417             -1.63328881e-01 4.50048379e-01 -1.42903513e+01 -1.63308569e-01 4.50231201e-01 -9.19117906e+00 -2.03115896e-05 -1.82822093e-04 -5.09917228e+00
2418             -1.52177821e-01 4.42003221e-01 -1.42892876e+01 -1.52170814e-01 4.42205575e-01 -9.19021506e+00 -7.00666419e-06 -2.02353732e-04 -5.09907256e+00
2419             -1.42702247e-01 4.36335792e-01 -1.42884756e+01 -1.42703699e-01 4.36553762e-01 -9.18948841e+00 1.45169351e-06 -2.17970148e-04 -5.09898722e+00
2420             -1.35680223e-01 4.33162138e-01 -1.42885946e+01 -1.35682371e-01 4.33390341e-01 -9.18966831e+00 2.14841576e-06 -2.28203104e-04 -5.09892629e+00
2421             -1.31389705e-01 4.32703744e-01 -1.42896888e+01 -1.31383889e-01 4.32935863e-01 -9.19079745e+00 -5.81569436e-06 -2.32118730e-04 -5.09889134e+00
2422             -1.28608800e-01 4.35531818e-01 -1.42911514e+01 -1.28586523e-01 4.35759964e-01 -9.19226331e+00 -2.22771466e-05 -2.28146404e-04 -5.09888804e+00
2423             -1.25926430e-01 4.41857290e-01 -1.42922534e+01 -1.25882168e-01 4.42075048e-01 -9.19333283e+00 -4.42620815e-05 -2.17758107e-04 -5.09892058e+00
2424             -1.25208099e-01 4.51817477e-01 -1.42928967e+01 -1.25139167e-01 4.52017840e-01 -9.19390794e+00 -6.89321526e-05 -2.00363028e-04 -5.09898877e+00
2425             -1.27834518e-01 4.64509784e-01 -1.42935451e+01 -1.27737439e-01 4.64686401e-01 -9.19446033e+00 -9.70790942e-05 -1.76617737e-04 -5.09908474e+00
2426             -1.33961040e-01 4.79382842e-01 -1.42943722e+01 -1.33833897e-01 4.79532398e-01 -9.19517425e+00 -1.27143845e-04 -1.49555885e-04 -5.09919796e+00
2427             -1.41903628e-01 4.96030309e-01 -1.42952186e+01 -1.41744177e-01 4.96152523e-01 -9.19591026e+00 -1.59451303e-04 -1.22213995e-04 -5.09930829e+00
2428             -1.49727974e-01 5.13765884e-01 -1.42956984e+01 -1.49536567e-01 5.13860865e-01 -9.19630227e+00 -1.91407178e-04 -9.49810623e-05 -5.09939618e+00
2429             -1.56994809e-01 5.31808053e-01 -1.42957298e+01 -1.56775755e-01 5.31876026e-01 -9.19628305e+00 -2.19053519e-04 -6.79723582e-05 -5.09944673e+00
2430             -1.64972209e-01 5.49726905e-01 -1.42955664e+01 -1.64732357e-01 5.49768070e-01 -9.19611013e+00 -2.39851738e-04 -4.11656678e-05 -5.09945626e+00
2431             -1.74578465e-01 5.66818986e-01 -1.42953690e+01 -1.74327393e-01 5.66831002e-01 -9.19594109e+00 -2.51072253e-04 -1.20155897e-05 -5.09942794e+00
2432             -1.86256587e-01 5.82498317e-01 -1.42951743e+01 -1.86003976e-01 5.82478543e-01 -9.19580791e+00 -2.52611161e-04 1.97738802e-05 -5.09936637e+00
2433             -1.97913911e-01 5.96021292e-01 -1.42947978e+01 -1.97667538e-01 5.95968405e-01 -9.19551659e+00 -2.46372829e-04 5.28870351e-05 -5.09928117e+00
2434             -2.08708769e-01 6.07177802e-01 -1.42942982e+01 -2.08475233e-01 6.07092035e-01 -9.19511343e+00 -2.33535903e-04 8.57674185e-05 -5.09918473e+00
2435             -2.18442754e-01 6.15750608e-01 -1.42938553e+01 -2.18225754e-01 6.15636406e-01 -9.19476580e+00 -2.16999975e-04 1.14202306e-04 -5.09908954e+00
2436             -2.27698766e-01 6.21782827e-01 -1.42936055e+01 -2.27499529e-01 6.21648362e-01 -9.19460183e+00 -1.99237854e-04 1.34464092e-04 -5.09900369e+00
2437             -2.36554146e-01 6.25310472e-01 -1.42940281e+01 -2.36372872e-01 6.25165450e-01 -9.19508985e+00 -1.81274304e-04 1.45021246e-04 -5.09893823e+00
2438             -2.44956738e-01 6.26264190e-01 -1.42952942e+01 -2.44792181e-01 6.26120058e-01 -9.19639903e+00 -1.64557565e-04 1.44132675e-04 -5.09889520e+00
2439             -2.52040752e-01 6.23917229e-01 -1.42967218e+01 -2.51889918e-01 6.23786504e-01 -9.19784230e+00 -1.50834624e-04 1.30724931e-04 -5.09887949e+00
2440             -2.55665394e-01 6.17992337e-01 -1.42977581e+01 -2.55525466e-01 6.17885838e-01 -9.19886032e+00 -1.39927967e-04 1.06498533e-04 -5.09889782e+00
2441             -2.56754159e-01 6.08499661e-01 -1.42982461e+01 -2.56624875e-01 6.08426414e-01 -9.19929553e+00 -1.29284040e-04 7.32474648e-05 -5.09895062e+00
2442             -2.56931988e-01 5.96057201e-01 -1.42985024e+01 -2.56810772e-01 5.96023444e-01 -9.19946921e+00 -1.21216051e-04 3.37563677e-05 -5.09903322e+00
2443             -2.56642571e-01 5.80942623e-01 -1.42988139e+01 -2.56525091e-01 5.80946367e-01 -9.19967743e+00 -1.17479324e-04 -3.74345663e-06 -5.09913649e+00
2444             -2.54741687e-01 5.63701019e-01 -1.42990940e+01 -2.54625189e-01 5.63736854e-01 -9.19984942e+00 -1.16497846e-04 -3.58348710e-05 -5.09924458e+00
2445             -2.49212716e-01 5.45441447e-01 -1.42989854e+01 -2.49098116e-01 5.45502282e-01 -9.19964825e+00 -1.14600528e-04 -6.08344800e-05 -5.09933712e+00
2446             -2.39477450e-01 5.27006682e-01 -1.42982209e+01 -2.39369202e-01 5.27086093e-01 -9.19882101e+00 -1.08248438e-04 -7.94112076e-05 -5.09939985e+00
2447             -2.27212918e-01 5.09410387e-01 -1.42969634e+01 -2.27115897e-01 5.09506709e-01 -9.19753522e+00 -9.70213023e-05 -9.63220633e-05 -5.09942815e+00
2448             -2.14394257e-01 4.93445323e-01 -1.42955410e+01 -2.14312427e-01 4.93561280e-01 -9.19611905e+00 -8.18303057e-05 -1.15957143e-04 -5.09942195e+00
2449             -2.02623276e-01 4.79251560e-01 -1.42942026e+01 -2.02560889e-01 4.79390092e-01 -9.19481766e+00 -6.23867100e-05 -1.38532741e-04 -5.09938496e+00
2450             -1.90571752e-01 4.66675191e-01 -1.42929050e+01 -1.90531502e-01 4.66839627e-01 -9.19358240e+00 -4.02499996e-05 -1.64436611e-04 -5.09932262e+00
2451             -1.78015975e-01 4.55832282e-01 -1.42916363e+01 -1.77997994e-01 4.56023551e-01 -9.19239102e+00 -1.79811324e-05 -1.91268784e-04 -5.09924527e+00
2452             -1.65594651e-01 4.47181692e-01 -1.42903959e+01 -1.65596175e-01 4.47396552e-01 -9.19123194e+00 1.52425963e-06 -2.14859995e-04 -5.09916397e+00
2453             -1.54414979e-01 4.40704342e-01 -1.42892559e+01 -1.54431064e-01 4.40937152e-01 -9.19017005e+00 1.60848743e-05 -2.32810018e-04 -5.09908581e+00
2454             -1.45385182e-01 4.36417953e-01 -1.42887389e+01 -1.45408616e-01 4.36662405e-01 -9.18971934e+00 2.34331839e-05 -2.44451698e-04 -5.09901953e+00
2455             -1.38906021e-01 4.34853728e-01 -1.42892291e+01 -1.38926888e-01 4.35101221e-01 -9.19025935e+00 2.08663939e-05 -2.47492825e-04 -5.09896977e+00
2456             -1.33997169e-01 4.36593215e-01 -1.42902458e+01 -1.34004555e-01 4.36836291e-01 -9.19130331e+00 7.38598461e-06 -2.43076538e-04 -5.09894251e+00
2457             -1.29026666e-01 4.41706762e-01 -1.42911456e+01 -1.29012157e-01 4.41939175e-01 -9.19220110e+00 -1.45082868e-05 -2.32413211e-04 -5.09894453e+00
2458             -1.25479696e-01 4.50304974e-01 -1.42917678e+01 -1.25439635e-01 4.50520116e-01 -9.19279023e+00 -4.00607443e-05 -2.15141719e-04 -5.09897758e+00
2459             -1.25223345e-01 4.61794385e-01 -1.42923749e+01 -1.25153240e-01 4.61987022e-01 -9.19333634e+00 -7.01044416e-05 -1.92637436e-04 -5.09903857e+00
2460             -1.28309328e-01 4.75410806e-01 -1.42933218e+01 -1.28205444e-01 4.75580371e-01 -9.19420158e+00 -1.03884411e-04 -1.69564780e-04 -5.09912019e+00
2461             -1.33899284e-01 4.90712624e-01 -1.42944189e+01 -1.33760703e-01 4.90857437e-01 -9.19521065e+00 -1.38581060e-04 -1.44813003e-04 -5.09920830e+00
2462             -1.39960203e-01 5.06956383e-01 -1.42952664e+01 -1.39790018e-01 5.07076548e-01 -9.19597837e+00 -1.70185466e-04 -1.20165414e-04 -5.09928799e+00
2463             -1.45540591e-01 5.23559366e-01 -1.42956697e+01 -1.45343951e-01 5.23655620e-01 -9.19632538e+00 -1.96640740e-04 -9.62546228e-05 -5.09934429e+00
2464             -1.51633634e-01 5.40078372e-01 -1.42956988e+01 -1.51416411e-01 5.40148500e-01 -9.19632494e+00 -2.17222298e-04 -7.01275978e-05 -5.09937389e+00
2465             -1.59406845e-01 5.56155205e-01 -1.42955953e+01 -1.59176455e-01 5.56196188e-01 -9.19621962e+00 -2.30390269e-04 -4.09836886e-05 -5.09937567e+00
2466             -1.69907860e-01 5.71572189e-01 -1.42954352e+01 -1.69673055e-01 5.71580430e-01 -9.19608362e+00 -2.34805026e-04 -8.24129654e-06 -5.09935158e+00
2467             -1.81277490e-01 5.85829542e-01 -1.42950949e+01 -1.81045910e-01 5.85802257e-01 -9.19579053e+00 -2.31580443e-04 2.72850816e-05 -5.09930440e+00
2468             -1.92238653e-01 5.98032410e-01 -1.42945835e+01 -1.92017107e-01 5.97968917e-01 -9.19534261e+00 -2.21546574e-04 6.34924030e-05 -5.09924087e+00
2469             -2.03028350e-01 6.07770187e-01 -1.42940457e+01 -2.02820461e-01 6.07672870e-01 -9.19487589e+00 -2.07889399e-04 9.73169771e-05 -5.09916984e+00
2470             -2.13742155e-01 6.14921281e-01 -1.42936082e+01 -2.13549267e-01 6.14796051e-01 -9.19450964e+00 -1.92888191e-04 1.25230403e-04 -5.09909855e+00
2471             -2.24272791e-01 6.19595138e-01 -1.42937582e+01 -2.24094152e-01 6.19451115e-01 -9.19472272e+00 -1.78639367e-04 1.44022828e-04 -5.09903546e+00
2472             -2.34557203e-01 6.21714971e-01 -1.42946115e+01 -2.34390272e-01 6.21564329e-01 -9.19562773e+00 -1.66931044e-04 1.50642009e-04 -5.09898381e+00
2473             -2.43774944e-01 6.20647669e-01 -1.42957669e+01 -2.43616604e-01 6.20503135e-01 -9.19681713e+00 -1.58339171e-04 1.44534271e-04 -5.09894978e+00
2474             -2.49895019e-01 6.16032886e-01 -1.42966606e+01 -2.49742983e-01 6.15906969e-01 -9.19771887e+00 -1.52036445e-04 1.25916052e-04 -5.09894175e+00
2475             -2.53875602e-01 6.07673965e-01 -1.42971749e+01 -2.53729430e-01 6.07577379e-01 -9.19821161e+00 -1.46171560e-04 9.65856906e-05 -5.09896330e+00
2476             -2.57020873e-01 5.96379989e-01 -1.42975555e+01 -2.56879223e-01 5.96321574e-01 -9.19854393e+00 -1.41649326e-04 5.84152499e-05 -5.09901159e+00
2477             -2.59426666e-01 5.82838558e-01 -1.42980600e+01 -2.59286709e-01 5.82820689e-01 -9.19897767e+00 -1.39956614e-04 1.78690803e-05 -5.09908235e+00
2478             -2.60106292e-01 5.67314960e-01 -1.42987097e+01 -2.59966088e-01 5.67334486e-01 -9.19954680e+00 -1.40204133e-04 -1.95260374e-05 -5.09916285e+00
2479             -2.57535426e-01 5.50366115e-01 -1.42990453e+01 -2.57395857e-01 5.50416957e-01 -9.19980649e+00 -1.39568646e-04 -5.08418101e-05 -5.09923877e+00
2480             -2.51059714e-01 5.33042905e-01 -1.42988473e+01 -2.50927354e-01 5.33118776e-01 -9.19954988e+00 -1.32359682e-04 -7.58712879e-05 -5.09929740e+00
2481             -2.41229279e-01 5.16131295e-01 -1.42980248e+01 -2.41109865e-01 5.16227537e-01 -9.19869046e+00 -1.19413832e-04 -9.62424774e-05 -5.09933435e+00
2482             -2.29666292e-01 5.00215232e-01 -1.42968274e+01 -2.29566074e-01 5.00331548e-01 -9.19747724e+00 -1.00217988e-04 -1.16315952e-04 -5.09935013e+00
2483             -2.18540360e-01 4.85729922e-01 -1.42955962e+01 -2.18463436e-01 4.85868973e-01 -9.19625216e+00 -7.69241495e-05 -1.39050981e-04 -5.09934399e+00
2484             -2.06745989e-01 4.72985979e-01 -1.42943056e+01 -2.06695406e-01 4.73150781e-01 -9.19498759e+00 -5.05835865e-05 -1.64801973e-04 -5.09931800e+00
2485             -1.93961761e-01 4.62103158e-01 -1.42930229e+01 -1.93939277e-01 4.62296401e-01 -9.19374605e+00 -2.24839553e-05 -1.93242903e-04 -5.09927686e+00
2486             -1.80779009e-01 4.53013894e-01 -1.42917453e+01 -1.80782220e-01 4.53234558e-01 -9.19251955e+00 3.21053172e-06 -2.20664281e-04 -5.09922574e+00
2487             -1.68427065e-01 4.45976271e-01 -1.42904163e+01 -1.68451048e-01 4.46219264e-01 -9.19124771e+00 2.39826009e-05 -2.42992649e-04 -5.09916860e+00
2488             -1.57730536e-01 4.41045459e-01 -1.42895983e+01 -1.57768148e-01 4.41303388e-01 -9.19048416e+00 3.76118655e-05 -2.57928612e-04 -5.09911418e+00
2489             -1.49390560e-01 4.38393326e-01 -1.42895792e+01 -1.49432252e-01 4.38656370e-01 -9.19051589e+00 4.16916963e-05 -2.63043498e-04 -5.09906335e+00
2490             -1.42567315e-01 4.38990532e-01 -1.42899956e+01 -1.42601474e-01 4.39249179e-01 -9.19097103e+00 3.41595317e-05 -2.58646750e-04 -5.09902460e+00
2491             -1.35431795e-01 4.43027714e-01 -1.42904380e+01 -1.35447453e-01 4.43275051e-01 -9.19143246e+00 1.56580635e-05 -2.47337944e-04 -5.09900557e+00
2492             -1.29556981e-01 4.50572862e-01 -1.42907520e+01 -1.29547958e-01 4.50802623e-01 -9.19174121e+00 -9.02215819e-06 -2.29760645e-04 -5.09901078e+00
2493             -1.26511785e-01 4.60825470e-01 -1.42912694e+01 -1.26471981e-01 4.61032631e-01 -9.19223085e+00 -3.98047798e-05 -2.07160779e-04 -5.09903851e+00
2494             -1.26810251e-01 4.73159689e-01 -1.42921653e+01 -1.26735122e-01 4.73343306e-01 -9.19307955e+00 -7.51291114e-05 -1.83616506e-04 -5.09908575e+00
2495             -1.29489441e-01 4.87280894e-01 -1.42933428e+01 -1.29376128e-01 4.87443379e-01 -9.19420006e+00 -1.13312912e-04 -1.62485080e-04 -5.09914278e+00
2496             -1.32970619e-01 5.02362904e-01 -1.42944012e+01 -1.32821807e-01 5.02503908e-01 -9.19520408e+00 -1.48812799e-04 -1.41004054e-04 -5.09919710e+00
2497             -1.36692776e-01 5.17626362e-01 -1.42951012e+01 -1.36516944e-01 5.17746021e-01 -9.19586077e+00 -1.75832533e-04 -1.19658420e-04 -5.09924042e+00
2498             -1.40987206e-01 5.32669902e-01 -1.42955315e+01 -1.40791560e-01 5.32766821e-01 -9.19626192e+00 -1.95645873e-04 -9.69192949e-05 -5.09926959e+00
2499             -1.46786617e-01 5.47226620e-01 -1.42956963e+01 -1.46578472e-01 5.47296146e-01 -9.19641079e+00 -2.08145792e-04 -6.95259172e-05 -5.09928551e+00
2500             -1.55306441e-01 5.61416759e-01 -1.42956497e+01 -1.55092714e-01 5.61453905e-01 -9.19636248e+00 -2.13726774e-04 -3.71451416e-05 -5.09928719e+00
2501             -1.65302051e-01 5.75114702e-01 -1.42953613e+01 -1.65089039e-01 5.75115940e-01 -9.19608685e+00 -2.13012365e-04 -1.23826479e-06 -5.09927445e+00
2502             -1.75743710e-01 5.87776021e-01 -1.42948544e+01 -1.75537846e-01 5.87738741e-01 -9.19560556e+00 -2.05863965e-04 3.72799597e-05 -5.09924887e+00
2503             -1.86543059e-01 5.98516390e-01 -1.42943406e+01 -1.86348328e-01 5.98442028e-01 -9.19512768e+00 -1.94730702e-04 7.43624591e-05 -5.09921289e+00
2504             -1.97921915e-01 6.06821301e-01 -1.42938329e+01 -1.97739383e-01 6.06714256e-01 -9.19466403e+00 -1.82531813e-04 1.07044402e-04 -5.09916885e+00
2505             -2.09730197e-01 6.12596513e-01 -1.42937807e+01 -2.09559182e-01 6.12463638e-01 -9.19465619e+00 -1.71015054e-04 1.32875884e-04 -5.09912451e+00
2506             -2.21568485e-01 6.15900250e-01 -1.42944148e+01 -2.21406201e-01 6.15752245e-01 -9.19533424e+00 -1.62283564e-04 1.48005556e-04 -5.09908052e+00
2507             -2.32725297e-01 6.16002438e-01 -1.42952235e+01 -2.32567000e-01 6.15853056e-01 -9.19618166e+00 -1.58297356e-04 1.49382469e-04 -5.09904183e+00
2508             -2.40936314e-01 6.12651194e-01 -1.42958167e+01 -2.40778746e-01 6.12512831e-01 -9.19679776e+00 -1.57567682e-04 1.38362880e-04 -5.09901899e+00
2509             -2.47198915e-01 6.05567191e-01 -1.42961401e+01 -2.47042275e-01 6.05452047e-01 -9.19712274e+00 -1.56639462e-04 1.15143948e-04 -5.09901738e+00
2510             -2.52984020e-01 5.95389757e-01 -1.42964302e+01 -2.52827148e-01 5.95308334e-01 -9.19739372e+00 -1.56871386e-04 8.14222005e-05 -5.09903644e+00
2511             -2.58375376e-01 5.82910983e-01 -1.42970015e+01 -2.58215901e-01 5.82868586e-01 -9.19792739e+00 -1.59475435e-04 4.23976843e-05 -5.09907411e+00
2512             -2.61921709e-01 5.68731474e-01 -1.42978193e+01 -2.61758942e-01 5.68727736e-01 -9.19869707e+00 -1.62767800e-04 3.73864514e-06 -5.09912223e+00
2513             -2.62016628e-01 5.53472568e-01 -1.42985413e+01 -2.61852872e-01 5.53505398e-01 -9.19937204e+00 -1.63755801e-04 -3.28298337e-05 -5.09916929e+00
2514             -2.58378464e-01 5.37516835e-01 -1.42987975e+01 -2.58219833e-01 5.37580144e-01 -9.19959062e+00 -1.58631801e-04 -6.33090014e-05 -5.09920688e+00
2515             -2.51765741e-01 5.21667575e-01 -1.42985063e+01 -2.51620203e-01 5.21758094e-01 -9.19927123e+00 -1.45537535e-04 -9.05183999e-05 -5.09923506e+00
2516             -2.42895964e-01 5.06684719e-01 -1.42977608e+01 -2.42770761e-01 5.06799755e-01 -9.19850697e+00 -1.25202501e-04 -1.15035224e-04 -5.09925384e+00
2517             -2.33300966e-01 4.92510403e-01 -1.42967718e+01 -2.33202411e-01 4.92649307e-01 -9.19750734e+00 -9.85548147e-05 -1.38903943e-04 -5.09926446e+00
2518             -2.22419324e-01 4.79584541e-01 -1.42956403e+01 -2.22351478e-01 4.79749069e-01 -9.19637441e+00 -6.78467743e-05 -1.64527862e-04 -5.09926584e+00
2519             -2.10033666e-01 4.68374175e-01 -1.42943833e+01 -2.09997875e-01 4.68567412e-01 -9.19512409e+00 -3.57905150e-05 -1.93236577e-04 -5.09925919e+00
2520             -1.96827739e-01 4.59254537e-01 -1.42931155e+01 -1.96823234e-01 4.59476347e-01 -9.19387090e+00 -4.50535299e-06 -2.21810003e-04 -5.09924465e+00
2521             -1.83811329e-01 4.51938261e-01 -1.42917618e+01 -1.83834169e-01 4.52185895e-01 -9.19254169e+00 2.28400708e-05 -2.47634013e-04 -5.09922016e+00
2522             -1.72034690e-01 4.46516134e-01 -1.42907857e+01 -1.72077552e-01 4.46783347e-01 -9.19159569e+00 4.28626742e-05 -2.67213149e-04 -5.09918999e+00
2523             -1.62176152e-01 4.43248693e-01 -1.42905126e+01 -1.62229588e-01 4.43525153e-01 -9.19135765e+00 5.34367154e-05 -2.76459967e-04 -5.09915500e+00
2524             -1.53669398e-01 4.42848326e-01 -1.42905440e+01 -1.53721713e-01 4.43122759e-01 -9.19142441e+00 5.23156099e-05 -2.74432365e-04 -5.09911957e+00
2525             -1.44686461e-01 4.45707166e-01 -1.42903969e+01 -1.44726606e-01 4.45971068e-01 -9.19130452e+00 4.01452465e-05 -2.63901525e-04 -5.09909237e+00
2526             -1.36614353e-01 4.52142733e-01 -1.42902041e+01 -1.36633940e-01 4.52388103e-01 -9.19112398e+00 1.95869905e-05 -2.45369884e-04 -5.09908014e+00
2527             -1.31246537e-01 4.61420940e-01 -1.42902986e+01 -1.31237262e-01 4.61643014e-01 -9.19121602e+00 -9.27488105e-06 -2.22073560e-04 -5.09908262e+00
2528             -1.28940605e-01 4.72708519e-01 -1.42910099e+01 -1.28895455e-01 4.72906493e-01 -9.19191083e+00 -4.51499920e-05 -1.97974571e-04 -5.09909907e+00
2529             -1.28845117e-01 4.85604566e-01 -1.42921606e+01 -1.28760382e-01 4.85780598e-01 -9.19303832e+00 -8.47348598e-05 -1.76031756e-04 -5.09912231e+00
2530             -1.29600814e-01 4.99524059e-01 -1.42932808e+01 -1.29477380e-01 4.99680934e-01 -9.19413618e+00 -1.23433200e-04 -1.56874997e-04 -5.09914460e+00
2531             -1.30577030e-01 5.13617160e-01 -1.42941906e+01 -1.30421867e-01 5.13756554e-01 -9.19503152e+00 -1.55163811e-04 -1.39394568e-04 -5.09915906e+00
2532             -1.32723358e-01 5.27420443e-01 -1.42948343e+01 -1.32546535e-01 5.27539779e-01 -9.19566459e+00 -1.76822897e-04 -1.19336078e-04 -5.09916971e+00
2533             -1.36590434e-01 5.40551063e-01 -1.42953710e+01 -1.36401605e-01 5.40646289e-01 -9.19619153e+00 -1.88829494e-04 -9.52256235e-05 -5.09917946e+00
2534             -1.43138049e-01 5.53241848e-01 -1.42956624e+01 -1.42944793e-01 5.53307672e-01 -9.19647331e+00 -1.93256128e-04 -6.58238128e-05 -5.09918904e+00
2535             -1.51282877e-01 5.65503909e-01 -1.42955498e+01 -1.51090144e-01 5.65534285e-01 -9.19635184e+00 -1.92733093e-04 -3.03768824e-05 -5.09919798e+00
2536             -1.60114453e-01 5.77322560e-01 -1.42950988e+01 -1.59926943e-01 5.77314331e-01 -9.19589531e+00 -1.87509353e-04 8.22842537e-06 -5.09920348e+00
2537             -1.70103678e-01 5.88198563e-01 -1.42945867e+01 -1.69924807e-01 5.88151361e-01 -9.19538201e+00 -1.78871936e-04 4.72023180e-05 -5.09920470e+00
2538             -1.81256082e-01 5.97375123e-01 -1.42940632e+01 -1.81086962e-01 5.97292151e-01 -9.19486597e+00 -1.69120241e-04 8.29716002e-05 -5.09919722e+00
2539             -1.93382148e-01 6.04269475e-01 -1.42939646e+01 -1.93222019e-01 6.04156609e-01 -9.19478116e+00 -1.60128808e-04 1.12866004e-04 -5.09918343e+00
2540             -2.06410505e-01 6.08732251e-01 -1.42944498e+01 -2.06256606e-01 6.08597967e-01 -9.19528841e+00 -1.53898511e-04 1.34283941e-04 -5.09916136e+00
2541             -2.19114042e-01 6.10051421e-01 -1.42951022e+01 -2.18961656e-01 6.09907429e-01 -9.19596757e+00 -1.52385774e-04 1.43991594e-04 -5.09913461e+00
2542             -2.29257179e-01 6.07860311e-01 -1.42954405e+01 -2.29101503e-01 6.07719541e-01 -9.19632967e+00 -1.55675882e-04 1.40770138e-04 -5.09911084e+00
2543             -2.37503621e-01 6.01987884e-01 -1.42954216e+01 -2.37343530e-01 6.01862682e-01 -9.19632336e+00 -1.60091436e-04 1.25201763e-04 -5.09909822e+00
2544             -2.45318506e-01 5.93059047e-01 -1.42954312e+01 -2.45153114e-01 5.92961278e-01 -9.19633411e+00 -1.65392529e-04 9.77696514e-05 -5.09909705e+00
2545             -2.53138755e-01 5.81699383e-01 -1.42958240e+01 -2.52965984e-01 5.81635859e-01 -9.19671615e+00 -1.72770583e-04 6.35239858e-05 -5.09910784e+00
2546             -2.59694784e-01 5.68454591e-01 -1.42966841e+01 -2.59513926e-01 5.68427538e-01 -9.19755916e+00 -1.80857969e-04 2.70533848e-05 -5.09912495e+00
2547             -2.62912313e-01 5.54263155e-01 -1.42976044e+01 -2.62726714e-01 5.54272413e-01 -9.19846487e+00 -1.85599300e-04 -9.25769534e-06 -5.09913955e+00
2548             -2.62120421e-01 5.39890660e-01 -1.42982204e+01 -2.61937762e-01 5.39934675e-01 -9.19907345e+00 -1.82659124e-04 -4.40150977e-05 -5.09914691e+00
2549             -2.58141851e-01 5.25577000e-01 -1.42983316e+01 -2.57970297e-01 5.25653255e-01 -9.19918190e+00 -1.71553555e-04 -7.62555484e-05 -5.09914969e+00
2550             -2.52208762e-01 5.11717578e-01 -1.42980309e+01 -2.52056863e-01 5.11824806e-01 -9.19887650e+00 -1.51898462e-04 -1.07227891e-04 -5.09915437e+00
2551             -2.45538581e-01 4.98526794e-01 -1.42975219e+01 -2.45414348e-01 4.98663172e-01 -9.19835954e+00 -1.24233110e-04 -1.36378061e-04 -5.09916237e+00
2552             -2.36731324e-01 4.86073809e-01 -1.42967167e+01 -2.36640434e-01 4.86238231e-01 -9.19754166e+00 -9.08895182e-05 -1.64421083e-04 -5.09917506e+00
2553             -2.25483122e-01 4.74891704e-01 -1.42956521e+01 -2.25428928e-01 4.75084978e-01 -9.19646035e+00 -5.41941286e-05 -1.93273817e-04 -5.09919176e+00
2554             -2.12885904e-01 4.65404269e-01 -1.42944828e+01 -2.12867168e-01 4.65626839e-01 -9.19527338e+00 -1.87356192e-05 -2.22570296e-04 -5.09920947e+00
2555             -1.99961594e-01 4.57997719e-01 -1.42931202e+01 -1.99975342e-01 4.58246742e-01 -9.19389867e+00 1.37473979e-05 -2.49022544e-04 -5.09922157e+00
2556             -1.87666657e-01 4.52428910e-01 -1.42921148e+01 -1.87706959e-01 4.52700413e-01 -9.19288821e+00 4.03018620e-05 -2.71502862e-04 -5.09922662e+00
2557             -1.76866161e-01 4.48701303e-01 -1.42917425e+01 -1.76923770e-01 4.48986531e-01 -9.19252286e+00 5.76084023e-05 -2.85227972e-04 -5.09921961e+00
2558             -1.67143683e-01 4.47700167e-01 -1.42915687e+01 -1.67206827e-01 4.47987992e-01 -9.19236529e+00 6.31435068e-05 -2.87824720e-04 -5.09920344e+00
2559             -1.56589497e-01 4.49727684e-01 -1.42911223e+01 -1.56646756e-01 4.50007706e-01 -9.19193767e+00 5.72597818e-05 -2.80022463e-04 -5.09918459e+00
2560             -1.46637471e-01 4.54964347e-01 -1.42903866e+01 -1.46680712e-01 4.55227498e-01 -9.19121815e+00 4.32405131e-05 -2.63150596e-04 -5.09916841e+00
2561             -1.39094973e-01 4.63185798e-01 -1.42898935e+01 -1.39114570e-01 4.63424426e-01 -9.19073598e+00 1.95973587e-05 -2.38628093e-04 -5.09915749e+00
2562             -1.34457391e-01 4.73542944e-01 -1.42901174e+01 -1.34443895e-01 4.73756218e-01 -9.19096553e+00 -1.34961805e-05 -2.13273722e-04 -5.09915182e+00
2563             -1.32035279e-01 4.85464979e-01 -1.42910138e+01 -1.31982078e-01 4.85655349e-01 -9.19186664e+00 -5.32013432e-05 -1.90369737e-04 -5.09914716e+00
2564             -1.30170123e-01 4.98275800e-01 -1.42920991e+01 -1.30076612e-01 4.98446364e-01 -9.19296215e+00 -9.35109607e-05 -1.70563878e-04 -5.09913696e+00
2565             -1.28532057e-01 5.11338608e-01 -1.42930273e+01 -1.28404042e-01 5.11492228e-01 -9.19390864e+00 -1.28014503e-04 -1.53619863e-04 -5.09911868e+00
2566             -1.27733558e-01 5.24004392e-01 -1.42938291e+01 -1.27579312e-01 5.24142000e-01 -9.19473115e+00 -1.54246099e-04 -1.37607655e-04 -5.09909791e+00
2567             -1.29079569e-01 5.35919475e-01 -1.42945604e+01 -1.28910040e-01 5.36035920e-01 -9.19547623e+00 -1.69529438e-04 -1.16444729e-04 -5.09908418e+00
2568             -1.33589675e-01 5.47198142e-01 -1.42951863e+01 -1.33415848e-01 5.47288296e-01 -9.19610386e+00 -1.73826983e-04 -9.01541552e-05 -5.09908247e+00
2569             -1.39926906e-01 5.58019975e-01 -1.42954843e+01 -1.39754931e-01 5.58078072e-01 -9.19639072e+00 -1.71975258e-04 -5.80971464e-05 -5.09909363e+00
2570             -1.46904681e-01 5.68334252e-01 -1.42952610e+01 -1.46738432e-01 5.68354481e-01 -9.19614479e+00 -1.66248937e-04 -2.02293453e-05 -5.09911616e+00
2571             -1.55120867e-01 5.78159269e-01 -1.42948225e+01 -1.54961950e-01 5.78140347e-01 -9.19567721e+00 -1.58916845e-04 1.89221763e-05 -5.09914529e+00
2572             -1.65084221e-01 5.87092103e-01 -1.42942677e+01 -1.64932779e-01 5.87035971e-01 -9.19509383e+00 -1.51441412e-04 5.61323158e-05 -5.09917382e+00
2573             -1.76791597e-01 5.94673834e-01 -1.42941019e+01 -1.76646728e-01 5.94584692e-01 -9.19490411e+00 -1.44869649e-04 8.91422025e-05 -5.09919778e+00
2574             -1.89946122e-01 6.00148386e-01 -1.42945794e+01 -1.89805312e-01 6.00034089e-01 -9.19537003e+00 -1.40810218e-04 1.14297450e-04 -5.09920935e+00
2575             -2.03632792e-01 6.02666340e-01 -1.42951892e+01 -2.03490990e-01 6.02536747e-01 -9.19598136e+00 -1.41802246e-04 1.29593571e-04 -5.09920786e+00
2576             -2.15330200e-01 6.01707367e-01 -1.42954294e+01 -2.15182601e-01 6.01573334e-01 -9.19622938e+00 -1.47599120e-04 1.34033041e-04 -5.09920000e+00
2577             -2.25309184e-01 5.97046050e-01 -1.42952277e+01 -2.25153475e-01 5.96919349e-01 -9.19603665e+00 -1.55708711e-04 1.26701265e-04 -5.09919108e+00
2578             -2.34992484e-01 5.89200821e-01 -1.42948342e+01 -2.34826279e-01 5.89094269e-01 -9.19565169e+00 -1.66204873e-04 1.06552537e-04 -5.09918248e+00
2579             -2.44753189e-01 5.78961866e-01 -1.42948716e+01 -2.44574094e-01 5.78882841e-01 -9.19569470e+00 -1.79095435e-04 7.90251432e-05 -5.09917688e+00
2580             -2.53679396e-01 5.66878880e-01 -1.42955086e+01 -2.53487276e-01 5.66831356e-01 -9.19633841e+00 -1.92119745e-04 4.75239364e-05 -5.09917015e+00
2581             -2.59851862e-01 5.53689616e-01 -1.42964173e+01 -2.59649631e-01 5.53675078e-01 -9.19726139e+00 -2.02230449e-04 1.45378673e-05 -5.09915592e+00
2582             -2.62297297e-01 5.40189633e-01 -1.42972354e+01 -2.62093341e-01 5.40208838e-01 -9.19810462e+00 -2.03956244e-04 -1.92045921e-05 -5.09913080e+00
2583             -2.61160071e-01 5.27215765e-01 -1.42976233e+01 -2.60964211e-01 5.27269684e-01 -9.19852175e+00 -1.95860307e-04 -5.39188448e-05 -5.09910151e+00
2584             -2.57726611e-01 5.14947642e-01 -1.42977290e+01 -2.57548594e-01 5.15037317e-01 -9.19865189e+00 -1.78016856e-04 -8.96750597e-05 -5.09907710e+00
2585             -2.53788653e-01 5.03008364e-01 -1.42976314e+01 -2.53636864e-01 5.03132813e-01 -9.19856596e+00 -1.51789342e-04 -1.24449246e-04 -5.09906547e+00
2586             -2.48162999e-01 4.91608435e-01 -1.42973098e+01 -2.48045503e-01 4.91767242e-01 -9.19823907e+00 -1.17495772e-04 -1.58807339e-04 -5.09907076e+00
2587             -2.39367042e-01 4.81133211e-01 -1.42966321e+01 -2.39288153e-01 4.81324652e-01 -9.19753935e+00 -7.88887856e-05 -1.91440596e-04 -5.09909279e+00
2588             -2.28142884e-01 4.71763283e-01 -1.42956819e+01 -2.28103852e-01 4.71984862e-01 -9.19655183e+00 -3.90320593e-05 -2.21578652e-04 -5.09913008e+00
2589             -2.15923310e-01 4.64074782e-01 -1.42944521e+01 -2.15921186e-01 4.64323577e-01 -9.19528054e+00 -2.12407596e-06 -2.48794579e-04 -5.09917158e+00
2590             -2.03825495e-01 4.58283354e-01 -1.42934468e+01 -2.03854624e-01 4.58555442e-01 -9.19423414e+00 2.91291716e-05 -2.72088325e-04 -5.09921264e+00
2591             -1.92743929e-01 4.54526287e-01 -1.42930374e+01 -1.92796766e-01 4.54814459e-01 -9.19379508e+00 5.28365489e-05 -2.88172019e-04 -5.09924232e+00
2592             -1.82247684e-01 4.53134339e-01 -1.42928123e+01 -1.82312903e-01 4.53429388e-01 -9.19355515e+00 6.52192666e-05 -2.95048795e-04 -5.09925711e+00
2593             -1.70696333e-01 4.54589079e-01 -1.42922298e+01 -1.70762073e-01 4.54880984e-01 -9.19296954e+00 6.57395228e-05 -2.91905161e-04 -5.09926030e+00
2594             -1.59182388e-01 4.59138936e-01 -1.42912541e+01 -1.59240243e-01 4.59417406e-01 -9.19199713e+00 5.78543463e-05 -2.78469639e-04 -5.09925696e+00
2595             -1.49747699e-01 4.66255223e-01 -1.42902773e+01 -1.49788458e-01 4.66510886e-01 -9.19103107e+00 4.07588033e-05 -2.55662701e-04 -5.09924621e+00
2596             -1.43015487e-01 4.75616608e-01 -1.42898629e+01 -1.43028925e-01 4.75846226e-01 -9.19063184e+00 1.34370721e-05 -2.29617341e-04 -5.09923111e+00
2597             -1.38403435e-01 4.86564544e-01 -1.42902469e+01 -1.38380322e-01 4.86769664e-01 -9.19103913e+00 -2.31123522e-05 -2.05119684e-04 -5.09920778e+00
2598             -1.34367815e-01 4.98470923e-01 -1.42910109e+01 -1.34304734e-01 4.98655238e-01 -9.19183860e+00 -6.30813839e-05 -1.84315348e-04 -5.09917228e+00
2599             -1.30240546e-01 5.10536745e-01 -1.42918824e+01 -1.30141174e-01 5.10703530e-01 -9.19275929e+00 -9.93723821e-05 -1.66784786e-04 -5.09912307e+00
2600             -1.26750171e-01 5.22144441e-01 -1.42926718e+01 -1.26622191e-01 5.22294659e-01 -9.19360315e+00 -1.27979635e-04 -1.50218818e-04 -5.09906862e+00
2601             -1.25101914e-01 5.33009315e-01 -1.42934916e+01 -1.24954535e-01 5.33142070e-01 -9.19446978e+00 -1.47379249e-04 -1.32755065e-04 -5.09902185e+00
2602             -1.26801617e-01 5.43139919e-01 -1.42942842e+01 -1.26645514e-01 5.43250017e-01 -9.19529243e+00 -1.56103604e-04 -1.10097879e-04 -5.09899180e+00
2603             -1.31143594e-01 5.52599068e-01 -1.42948545e+01 -1.30988855e-01 5.52679821e-01 -9.19586813e+00 -1.54739613e-04 -8.07535920e-05 -5.09898636e+00
2604             -1.36295005e-01 5.61428801e-01 -1.42950478e+01 -1.36146993e-01 5.61475055e-01 -9.19604261e+00 -1.48011809e-04 -4.62538423e-05 -5.09900523e+00
2605             -1.42589357e-01 5.69739321e-01 -1.42949132e+01 -1.42449908e-01 5.69748046e-01 -9.19586735e+00 -1.39448680e-04 -8.72429522e-06 -5.09904583e+00
2606             -1.50625896e-01 5.77417247e-01 -1.42944625e+01 -1.50493570e-01 5.77388476e-01 -9.19536373e+00 -1.32326696e-04 2.87705844e-05 -5.09909878e+00
2607             -1.60818570e-01 5.84423428e-01 -1.42942723e+01 -1.60691065e-01 5.84360630e-01 -9.19511562e+00 -1.27504456e-04 6.27981654e-05 -5.09915665e+00
2608             -1.73352330e-01 5.90310011e-01 -1.42946884e+01 -1.73226711e-01 5.90219209e-01 -9.19548164e+00 -1.25618876e-04 9.08018714e-05 -5.09920674e+00
2609             -1.86994486e-01 5.93813893e-01 -1.42953081e+01 -1.86865976e-01 5.93704307e-01 -9.19606673e+00 -1.28510398e-04 1.09586109e-04 -5.09924140e+00
2610             -1.99533657e-01 5.94069823e-01 -1.42955465e+01 -1.99396977e-01 5.93950964e-01 -9.19628442e+00 -1.36679271e-04 1.18859028e-04 -5.09926207e+00
2611             -2.10850210e-01 5.90628845e-01 -1.42952457e+01 -2.10702582e-01 5.90510413e-01 -9.19597277e+00 -1.47628527e-04 1.18431695e-04 -5.09927293e+00
2612             -2.22052962e-01 5.83999504e-01 -1.42946944e+01 -2.21891731e-01 5.83893105e-01 -9.19542121e+00 -1.61230523e-04 1.06399483e-04 -5.09927321e+00
2613             -2.33587444e-01 5.74827358e-01 -1.42943791e+01 -2.33408534e-01 5.74741412e-01 -9.19511467e+00 -1.78910708e-04 8.59458463e-05 -5.09926447e+00
2614             -2.44493847e-01 5.63806738e-01 -1.42946435e+01 -2.44296096e-01 5.63745450e-01 -9.19539778e+00 -1.97750461e-04 6.12883087e-05 -5.09924571e+00
2615             -2.52989307e-01 5.51723288e-01 -1.42953000e+01 -2.52775980e-01 5.51689522e-01 -9.19608896e+00 -2.13326633e-04 3.37666759e-05 -5.09921106e+00
2616             -2.58266352e-01 5.39222740e-01 -1.42960381e+01 -2.58045746e-01 5.39218387e-01 -9.19687888e+00 -2.20605477e-04 4.35250893e-06 -5.09915919e+00
2617             -2.60302271e-01 5.27128251e-01 -1.42965689e+01 -2.60084521e-01 5.27156753e-01 -9.19747110e+00 -2.17750033e-04 -2.85023487e-05 -5.09909779e+00
2618             -2.59729241e-01 5.15968611e-01 -1.42968621e+01 -2.59525511e-01 5.16033436e-01 -9.19782225e+00 -2.03729790e-04 -6.48251592e-05 -5.09903986e+00
2619             -2.58244682e-01 5.05582885e-01 -1.42971455e+01 -2.58065384e-01 5.05687006e-01 -9.19814869e+00 -1.79297657e-04 -1.04120837e-04 -5.09899678e+00
2620             -2.55327111e-01 4.95581153e-01 -1.42972562e+01 -2.55180254e-01 4.95724660e-01 -9.19827851e+00 -1.46856893e-04 -1.43506767e-04 -5.09897768e+00
2621             -2.49711672e-01 4.86209085e-01 -1.42970534e+01 -2.49603866e-01 4.86392046e-01 -9.19806586e+00 -1.07806504e-04 -1.82961625e-04 -5.09898752e+00
2622             -2.41306237e-01 4.77702096e-01 -1.42965550e+01 -2.41239891e-01 4.77920346e-01 -9.19753004e+00 -6.63455101e-05 -2.18249488e-04 -5.09902498e+00
2623             -2.30736269e-01 4.70317452e-01 -1.42955561e+01 -2.30710621e-01 4.70564769e-01 -9.19647464e+00 -2.56480161e-05 -2.47316845e-04 -5.09908147e+00
2624             -2.19444215e-01 4.64405697e-01 -1.42946964e+01 -2.19454788e-01 4.64676871e-01 -9.19554727e+00 1.05729622e-05 -2.71174631e-04 -5.09914909e+00
2625             -2.08667244e-01 4.60307049e-01 -1.42943266e+01 -2.08706250e-01 4.60595361e-01 -9.19511283e+00 3.90059857e-05 -2.88311981e-04 -5.09921372e+00
2626             -1.98140898e-01 4.58833862e-01 -1.42941135e+01 -1.98198260e-01 4.59130734e-01 -9.19484741e+00 5.73626705e-05 -2.96872894e-04 -5.09926605e+00
2627             -1.86136570e-01 4.59980193e-01 -1.42935359e+01 -1.86201455e-01 4.60277705e-01 -9.19423280e+00 6.48847041e-05 -2.97511432e-04 -5.09930314e+00
2628             -1.73649861e-01 4.64003462e-01 -1.42924558e+01 -1.73713378e-01 4.64292336e-01 -9.19313041e+00 6.35167540e-05 -2.88874198e-04 -5.09932543e+00
2629             -1.62688796e-01 4.70604527e-01 -1.42912371e+01 -1.62741695e-01 4.70874503e-01 -9.19190535e+00 5.28991015e-05 -2.69976369e-04 -5.09933177e+00
2630             -1.54099124e-01 4.79011322e-01 -1.42904095e+01 -1.54130922e-01 4.79257129e-01 -9.19108753e+00 3.17974920e-05 -2.45807072e-04 -5.09932193e+00
2631             -1.47549914e-01 4.89006136e-01 -1.42901561e+01 -1.47551545e-01 4.89227636e-01 -9.19086276e+00 1.63071935e-06 -2.21500788e-04 -5.09929336e+00
2632             -1.41448112e-01 4.99915528e-01 -1.42903756e+01 -1.41413767e-01 5.00114299e-01 -9.19113232e+00 -3.43451048e-05 -1.98770818e-04 -5.09924327e+00
2633             -1.35249276e-01 5.11123343e-01 -1.42908580e+01 -1.35179743e-01 5.11303440e-01 -9.19168685e+00 -6.95328382e-05 -1.80097400e-04 -5.09917118e+00
2634             -1.29359700e-01 5.21849469e-01 -1.42915010e+01 -1.29260137e-01 5.22012543e-01 -9.19241382e+00 -9.95627845e-05 -1.63073649e-04 -5.09908720e+00
2635             -1.24917814e-01 5.31649802e-01 -1.42923043e+01 -1.24796880e-01 5.31794923e-01 -9.19329832e+00 -1.20934505e-04 -1.45121160e-04 -5.09900595e+00
2636             -1.23690616e-01 5.40760269e-01 -1.42931509e+01 -1.23557627e-01 5.40885258e-01 -9.19420977e+00 -1.32989559e-04 -1.24988869e-04 -5.09894110e+00
2637             -1.25153705e-01 5.49069694e-01 -1.42938937e+01 -1.25017337e-01 5.49169412e-01 -9.19499006e+00 -1.36368215e-04 -9.97179524e-05 -5.09890363e+00
2638             -1.28161875e-01 5.56659361e-01 -1.42943117e+01 -1.28030386e-01 5.56727328e-01 -9.19541120e+00 -1.31488737e-04 -6.79670341e-05 -5.09890045e+00
2639             -1.32558606e-01 5.63553381e-01 -1.42945493e+01 -1.32436559e-01 5.63586712e-01 -9.19561721e+00 -1.22046528e-04 -3.33306944e-05 -5.09893204e+00
2640             -1.38646311e-01 5.69718087e-01 -1.42944253e+01 -1.38533023e-01 5.69716474e-01 -9.19543435e+00 -1.13288131e-04 1.61243087e-06 -5.09899090e+00
2641             -1.46830112e-01 5.75293214e-01 -1.42943680e+01 -1.46722161e-01 5.75257285e-01 -9.19529864e+00 -1.07951306e-04 3.59293537e-05 -5.09906937e+00
2642             -1.57630399e-01 5.80356097e-01 -1.42948144e+01 -1.57523141e-01 5.80291537e-01 -9.19566343e+00 -1.07257555e-04 6.45604673e-05 -5.09915096e+00
2643             -1.70415194e-01 5.83960602e-01 -1.42954210e+01 -1.70303113e-01 5.83875112e-01 -9.19619703e+00 -1.12081705e-04 8.54898763e-05 -5.09922395e+00
2644             -1.82945844e-01 5.85154800e-01 -1.42957006e+01 -1.82823632e-01 5.85056728e-01 -9.19641811e+00 -1.22212251e-04 9.80716171e-05 -5.09928250e+00
2645             -1.94645803e-01 5.82915157e-01 -1.42954210e+01 -1.94510144e-01 5.82813365e-01 -9.19609579e+00 -1.35658381e-04 1.01792023e-04 -5.09932519e+00
2646             -2.06944607e-01 5.77444523e-01 -1.42947728e+01 -2.06792724e-01 5.77348822e-01 -9.19542407e+00 -1.51883199e-04 9.57014955e-05 -5.09934868e+00
2647             -2.19901037e-01 5.69429564e-01 -1.42942750e+01 -2.19728567e-01 5.69346667e-01 -9.19492152e+00 -1.72470171e-04 8.28970011e-05 -5.09935348e+00
2648             -2.32649843e-01 5.59454678e-01 -1.42942443e+01 -2.32454286e-01 5.59389045e-01 -9.19490811e+00 -1.95557520e-04 6.56326701e-05 -5.09933615e+00
2649             -2.43181737e-01 5.48418725e-01 -1.42945087e+01 -2.42964718e-01 5.48373828e-01 -9.19521525e+00 -2.17018993e-04 4.48970463e-05 -5.09929343e+00
2650             -2.50680723e-01 5.36989881e-01 -1.42949965e+01 -2.50450427e-01 5.36968358e-01 -9.19577225e+00 -2.30295440e-04 2.15230463e-05 -5.09922427e+00
2651             -2.55284141e-01 5.25872419e-01 -1.42954084e+01 -2.55051223e-01 5.25878666e-01 -9.19627087e+00 -2.32917558e-04 -6.24686577e-06 -5.09913755e+00
2652             -2.57681410e-01 5.15568648e-01 -1.42957699e+01 -2.57457027e-01 5.15608405e-01 -9.19672141e+00 -2.24382405e-04 -3.97567278e-05 -5.09904849e+00
2653             -2.59183133e-01 5.06068572e-01 -1.42962102e+01 -2.58978903e-01 5.06146662e-01 -9.19723950e+00 -2.04229904e-04 -7.80900566e-05 -5.09897073e+00
2654             -2.59020829e-01 4.97505172e-01 -1.42966271e+01 -2.58846678e-01 4.97626434e-01 -9.19770892e+00 -1.74150805e-04 -1.21262231e-04 -5.09891814e+00
2655             -2.56045357e-01 4.89674824e-01 -1.42968087e+01 -2.55908581e-01 4.89840339e-01 -9.19790988e+00 -1.36775581e-04 -1.65514558e-04 -5.09889878e+00
2656             -2.50621859e-01 4.82352303e-01 -1.42967399e+01 -2.50526221e-01 4.82559642e-01 -9.19782124e+00 -9.56378725e-05 -2.07339518e-04 -5.09891866e+00
2657             -2.43029285e-01 4.75945531e-01 -1.42962436e+01 -2.42975922e-01 4.76188028e-01 -9.19727329e+00 -5.33637409e-05 -2.42497786e-04 -5.09897031e+00
2658             -2.33734654e-01 4.70471700e-01 -1.42956877e+01 -2.33720693e-01 4.70741355e-01 -9.19664044e+00 -1.39609393e-05 -2.69654553e-04 -5.09904730e+00
2659             -2.24008216e-01 4.66353296e-01 -1.42955082e+01 -2.24027903e-01 4.66640738e-01 -9.19637303e+00 1.96871248e-05 -2.87442400e-04 -5.09913520e+00
2660             -2.14056654e-01 4.64558162e-01 -1.42954156e+01 -2.14099324e-01 4.64855290e-01 -9.19619522e+00 4.26702681e-05 -2.97127868e-04 -5.09922034e+00
2661             -2.02309871e-01 4.65550921e-01 -1.42948928e+01 -2.02365339e-01 4.65849776e-01 -9.19559765e+00 5.54680574e-05 -2.98855333e-04 -5.09929518e+00
2662             -1.89394568e-01 4.69370163e-01 -1.42938256e+01 -1.89455163e-01 4.69663422e-01 -9.19447173e+00 6.05946165e-05 -2.93258666e-04 -5.09935390e+00
2663             -1.77471592e-01 4.75520853e-01 -1.42925108e+01 -1.77528496e-01 4.75799552e-01 -9.19312088e+00 5.69047727e-05 -2.78699269e-04 -5.09938992e+00
2664             -1.67543472e-01 4.83500770e-01 -1.42914380e+01 -1.67585881e-01 4.83759245e-01 -9.19203679e+00 4.24087375e-05 -2.58474538e-04 -5.09940119e+00
2665             -1.59321508e-01 4.92831104e-01 -1.42908336e+01 -1.59340021e-01 4.93067526e-01 -9.19144985e+00 1.85130973e-05 -2.36421607e-04 -5.09938370e+00
2666             -1.51456078e-01 5.02769820e-01 -1.42905013e+01 -1.51444812e-01 5.02984456e-01 -9.19116852e+00 -1.12656741e-05 -2.14635711e-04 -5.09933282e+00
2667             -1.43284394e-01 5.13051663e-01 -1.42904333e+01 -1.43242633e-01 5.13246063e-01 -9.19118300e+00 -4.17608556e-05 -1.94399436e-04 -5.09925026e+00
2668             -1.35174143e-01 5.22932611e-01 -1.42906348e+01 -1.35104443e-01 5.23108760e-01 -9.19148927e+00 -6.97006284e-05 -1.76149332e-04 -5.09914557e+00
2669             -1.28416515e-01 5.31896305e-01 -1.42911635e+01 -1.28324540e-01 5.32053828e-01 -9.19212715e+00 -9.19753867e-05 -1.57522919e-04 -5.09903634e+00
2670             -1.24424628e-01 5.39973439e-01 -1.42919468e+01 -1.24318679e-01 5.40110698e-01 -9.19300952e+00 -1.05948509e-04 -1.37259370e-04 -5.09893733e+00
2671             -1.23138869e-01 5.47240640e-01 -1.42927049e+01 -1.23026978e-01 5.47353199e-01 -9.19384098e+00 -1.11891451e-04 -1.12558556e-04 -5.09886395e+00
2672             -1.23244253e-01 5.53745647e-01 -1.42932753e+01 -1.23132928e-01 5.53830531e-01 -9.19444904e+00 -1.11325865e-04 -8.48843385e-05 -5.09882628e+00
2673             -1.25148415e-01 5.59504881e-01 -1.42937338e+01 -1.25043273e-01 5.59557964e-01 -9.19490278e+00 -1.05141096e-04 -5.30828019e-05 -5.09883097e+00
2674             -1.29189559e-01 5.64267484e-01 -1.42939310e+01 -1.29093673e-01 5.64287926e-01 -9.19505493e+00 -9.58862339e-05 -2.04421711e-05 -5.09887605e+00
2675             -1.35414909e-01 5.68349719e-01 -1.42942047e+01 -1.35326094e-01 5.68338923e-01 -9.19524992e+00 -8.88148022e-05 1.07968152e-05 -5.09895478e+00
2676             -1.44207060e-01 5.71927605e-01 -1.42948164e+01 -1.44120103e-01 5.71888326e-01 -9.19576353e+00 -8.69567365e-05 3.92794578e-05 -5.09905286e+00
2677             -1.55158617e-01 5.74521875e-01 -1.42954959e+01 -1.55066324e-01 5.74461047e-01 -9.19634163e+00 -9.22933208e-05 6.08279614e-05 -5.09915427e+00
2678             -1.66701486e-01 5.75484339e-01 -1.42958315e+01 -1.66597268e-01 5.75409462e-01 -9.19658159e+00 -1.04218969e-04 7.48772664e-05 -5.09924986e+00
2679             -1.78082397e-01 5.73987950e-01 -1.42956166e+01 -1.77962453e-01 5.73906130e-01 -9.19628490e+00 -1.19943162e-04 8.18198993e-05 -5.09933167e+00
2680             -1.90426545e-01 5.69559268e-01 -1.42949847e+01 -1.90288152e-01 5.69479905e-01 -9.19559417e+00 -1.38393122e-04 7.93631760e-05 -5.09939057e+00
2681             -2.04208381e-01 5.62681344e-01 -1.42944073e+01 -2.04046678e-01 5.62609856e-01 -9.19498462e+00 -1.61703188e-04 7.14877965e-05 -5.09942269e+00
2682             -2.18380743e-01 5.53830187e-01 -1.42942097e+01 -2.18192841e-01 5.53769084e-01 -9.19478569e+00 -1.87902104e-04 6.11031410e-05 -5.09942403e+00
2683             -2.30770280e-01 5.43847332e-01 -1.42942389e+01 -2.30556821e-01 5.43799342e-01 -9.19485097e+00 -2.13459055e-04 4.79901374e-05 -5.09938795e+00
2684             -2.40363004e-01 5.33389809e-01 -1.42943221e+01 -2.40130263e-01 5.33358366e-01 -9.19500743e+00 -2.32741102e-04 3.14426438e-05 -5.09931468e+00
2685             -2.47047435e-01 5.23253099e-01 -1.42944179e+01 -2.46805576e-01 5.23242530e-01 -9.19520435e+00 -2.41858833e-04 1.05682727e-05 -5.09921356e+00
2686             -2.51778018e-01 5.13928365e-01 -1.42946215e+01 -2.51538902e-01 5.13945669e-01 -9.19552056e+00 -2.39116288e-04 -1.73036818e-05 -5.09910098e+00
2687             -2.56034451e-01 5.05335288e-01 -1.42950563e+01 -2.55809713e-01 5.05386910e-01 -9.19606320e+00 -2.24737659e-04 -5.16222281e-05 -5.09899314e+00
2688             -2.59043691e-01 4.97611146e-01 -1.42956373e+01 -2.58844202e-01 4.97704495e-01 -9.19673153e+00 -1.99488228e-04 -9.33493298e-05 -5.09890579e+00
2689             -2.58955960e-01 4.91016927e-01 -1.42960611e+01 -2.58790745e-01 4.91156529e-01 -9.19720989e+00 -1.65214832e-04 -1.39601494e-04 -5.09885126e+00
2690             -2.56100542e-01 4.85225237e-01 -1.42963545e+01 -2.55975119e-01 4.85411641e-01 -9.19751579e+00 -1.25422916e-04 -1.86403389e-04 -5.09883873e+00
2691             -2.51318867e-01 4.80137723e-01 -1.42962383e+01 -2.51234594e-01 4.80365274e-01 -9.19737037e+00 -8.42732877e-05 -2.27550855e-04 -5.09886796e+00
2692             -2.45090314e-01 4.75765115e-01 -1.42961577e+01 -2.45046892e-01 4.76026815e-01 -9.19722214e+00 -4.34227072e-05 -2.61699740e-04 -5.09893554e+00
2693             -2.37781099e-01 4.72312886e-01 -1.42963954e+01 -2.37773789e-01 4.72597157e-01 -9.19736727e+00 -7.31034428e-06 -2.84271004e-04 -5.09902808e+00
2694             -2.29189127e-01 4.70554899e-01 -1.42965624e+01 -2.29209690e-01 4.70850031e-01 -9.19742948e+00 2.05629631e-05 -2.95132188e-04 -5.09913289e+00
2695             -2.18319524e-01 4.71247672e-01 -1.42962439e+01 -2.18357792e-01 4.71545458e-01 -9.19700586e+00 3.82679908e-05 -2.97786159e-04 -5.09923806e+00
2696             -2.05677193e-01 4.74823874e-01 -1.42952238e+01 -2.05725127e-01 4.75117124e-01 -9.19588957e+00 4.79332711e-05 -2.93250427e-04 -5.09933426e+00
2697             -1.93441333e-01 4.80998656e-01 -1.42938873e+01 -1.93491718e-01 4.81279499e-01 -9.19447874e+00 5.03850741e-05 -2.80842633e-04 -5.09940852e+00
2698             -1.82638800e-01 4.88639989e-01 -1.42927462e+01 -1.82681753e-01 4.88904470e-01 -9.19329310e+00 4.29527418e-05 -2.64481069e-04 -5.09945315e+00
2699             -1.73322933e-01 4.97517892e-01 -1.42919622e+01 -1.73348640e-01 4.97764386e-01 -9.19250151e+00 2.57070969e-05 -2.46494001e-04 -5.09946067e+00
2700             -1.64031739e-01 5.07036970e-01 -1.42913375e+01 -1.64033806e-01 5.07264520e-01 -9.19191187e+00 2.06621040e-06 -2.27550591e-04 -5.09942567e+00
2701             -1.54140480e-01 5.16444820e-01 -1.42907848e+01 -1.54117815e-01 5.16653517e-01 -9.19143834e+00 -2.26649363e-05 -2.08697624e-04 -5.09934642e+00
2702             -1.44067242e-01 5.25384863e-01 -1.42903924e+01 -1.44021893e-01 5.25575126e-01 -9.19115835e+00 -4.53496301e-05 -1.90262346e-04 -5.09923408e+00
2703             -1.35058525e-01 5.33487649e-01 -1.42904594e+01 -1.34993707e-01 5.33657856e-01 -9.19135300e+00 -6.48176742e-05 -1.70207553e-04 -5.09910638e+00
2704             -1.28702688e-01 5.40777597e-01 -1.42909049e+01 -1.28624008e-01 5.40927075e-01 -9.19192409e+00 -7.86809321e-05 -1.49478303e-04 -5.09898077e+00
2705             -1.24870116e-01 5.47137770e-01 -1.42915554e+01 -1.24783692e-01 5.47262476e-01 -9.19268133e+00 -8.64239422e-05 -1.24706816e-04 -5.09887407e+00
2706             -1.22288591e-01 5.52488594e-01 -1.42920804e+01 -1.22200834e-01 5.52585252e-01 -9.19328093e+00 -8.77570049e-05 -9.66577069e-05 -5.09879949e+00
2707             -1.21306228e-01 5.57172045e-01 -1.42926076e+01 -1.21221118e-01 5.57240138e-01 -9.19383970e+00 -8.51100065e-05 -6.80931219e-05 -5.09876787e+00
2708             -1.22512186e-01 5.60810379e-01 -1.42930141e+01 -1.22432221e-01 5.60849274e-01 -9.19423241e+00 -7.99646861e-05 -3.88946661e-05 -5.09878165e+00
2709             -1.26552539e-01 5.63650801e-01 -1.42935416e+01 -1.26479386e-01 5.63660711e-01 -9.19470056e+00 -7.31520958e-05 -9.91023425e-06 -5.09884099e+00
2710             -1.33372167e-01 5.65738826e-01 -1.42944968e+01 -1.33302416e-01 5.65723071e-01 -9.19556290e+00 -6.97512626e-05 1.57554769e-05 -5.09893391e+00
2711             -1.42368743e-01 5.66793276e-01 -1.42954330e+01 -1.42295459e-01 5.66757222e-01 -9.19638703e+00 -7.32844312e-05 3.60536652e-05 -5.09904600e+00
2712             -1.52145364e-01 5.66563219e-01 -1.42958877e+01 -1.52060540e-01 5.66512515e-01 -9.19672160e+00 -8.48241113e-05 5.07039902e-05 -5.09916613e+00
2713             -1.62087015e-01 5.64612070e-01 -1.42957574e+01 -1.61985088e-01 5.64553412e-01 -9.19647480e+00 -1.01926554e-04 5.86579895e-05 -5.09928262e+00
2714             -1.73727817e-01 5.60578399e-01 -1.42951873e+01 -1.73605492e-01 5.60519523e-01 -9.19580571e+00 -1.22325154e-04 5.88751112e-05 -5.09938157e+00
2715             -1.87405598e-01 5.54623095e-01 -1.42946363e+01 -1.87257972e-01 5.54569025e-01 -9.19518443e+00 -1.47625670e-04 5.40703461e-05 -5.09945189e+00
2716             -2.02226596e-01 5.46876619e-01 -1.42943875e+01 -2.02050151e-01 5.46828821e-01 -9.19490261e+00 -1.76444914e-04 4.77982139e-05 -5.09948485e+00
2717             -2.16085179e-01 5.37961153e-01 -1.42942767e+01 -2.15879780e-01 5.37920284e-01 -9.19480485e+00 -2.05399427e-04 4.08690056e-05 -5.09947190e+00
2718             -2.27399980e-01 5.28526248e-01 -1.42941507e+01 -2.27171237e-01 5.28494358e-01 -9.19473992e+00 -2.28743041e-04 3.18902204e-05 -5.09941079e+00
2719             -2.36027402e-01 5.19267748e-01 -1.42938969e+01 -2.35784061e-01 5.19249513e-01 -9.19458824e+00 -2.43341364e-04 1.82346447e-05 -5.09930867e+00
2720             -2.42753315e-01 5.10880585e-01 -1.42937513e+01 -2.42506125e-01 5.10883080e-01 -9.19456672e+00 -2.47189856e-04 -2.49535468e-06 -5.09918457e+00
2721             -2.49144237e-01 5.03300649e-01 -1.42939646e+01 -2.48905465e-01 5.03331304e-01 -9.19490945e+00 -2.38771518e-04 -3.06549681e-05 -5.09905516e+00
2722             -2.54856241e-01 4.96513949e-01 -1.42944506e+01 -2.54637189e-01 4.96581470e-01 -9.19551182e+00 -2.19052527e-04 -6.75208909e-05 -5.09893882e+00
2723             -2.57948466e-01 4.90734421e-01 -1.42950029e+01 -2.57758531e-01 4.90846118e-01 -9.19615327e+00 -1.89935221e-04 -1.11697684e-04 -5.09884963e+00
2724             -2.58101886e-01 4.85914203e-01 -1.42955034e+01 -2.57948115e-01 4.86072971e-01 -9.19670285e+00 -1.53770256e-04 -1.58767988e-04 -5.09880053e+00
2725             -2.55856623e-01 4.82373289e-01 -1.42957410e+01 -2.55742478e-01 4.82578031e-01 -9.19694539e+00 -1.14144496e-04 -2.04742105e-04 -5.09879557e+00
2726             -2.52231071e-01 4.79467099e-01 -1.42959985e+01 -2.52156568e-01 4.79711343e-01 -9.19716274e+00 -7.45029096e-05 -2.44244540e-04 -5.09883574e+00
2727             -2.47990512e-01 4.77162443e-01 -1.42966470e+01 -2.47952912e-01 4.77436533e-01 -9.19773290e+00 -3.75995509e-05 -2.74089363e-04 -5.09891407e+00
2728             -2.42238861e-01 4.76265803e-01 -1.42973235e+01 -2.42231338e-01 4.76556782e-01 -9.19830552e+00 -7.52269830e-06 -2.90978571e-04 -5.09901802e+00
2729             -2.33273478e-01 4.77184358e-01 -1.42973430e+01 -2.33287745e-01 4.77480092e-01 -9.19820524e+00 1.42673978e-05 -2.95733651e-04 -5.09913776e+00
2730             -2.21556049e-01 4.80550844e-01 -1.42965606e+01 -2.21584932e-01 4.80842679e-01 -9.19729933e+00 2.88832690e-05 -2.91834770e-04 -5.09926123e+00
2731             -2.09662038e-01 4.86463087e-01 -1.42953021e+01 -2.09697928e-01 4.86743555e-01 -9.19593002e+00 3.58894527e-05 -2.80467748e-04 -5.09937209e+00
2732             -1.98768175e-01 4.94169645e-01 -1.42941367e+01 -1.98802250e-01 4.94434775e-01 -9.19468019e+00 3.40753484e-05 -2.65129257e-04 -5.09945654e+00
2733             -1.88782110e-01 5.02905972e-01 -1.42932834e+01 -1.88805954e-01 5.03156294e-01 -9.19378196e+00 2.38432262e-05 -2.50322432e-04 -5.09950143e+00
2734             -1.78603873e-01 5.12032940e-01 -1.42925352e+01 -1.78610821e-01 5.12268280e-01 -9.19303915e+00 6.94777191e-06 -2.35340896e-04 -5.09949607e+00
2735             -1.67438456e-01 5.21091101e-01 -1.42917483e+01 -1.67426710e-01 5.21310984e-01 -9.19231114e+00 -1.17462983e-05 -2.19883899e-04 -5.09943717e+00
2736             -1.55645737e-01 5.29394970e-01 -1.42909798e+01 -1.55616904e-01 5.29598398e-01 -9.19164701e+00 -2.88327754e-05 -2.03428126e-04 -5.09933281e+00
2737             -1.44691374e-01 5.36627526e-01 -1.42904466e+01 -1.44648755e-01 5.36811814e-01 -9.19124617e+00 -4.26185059e-05 -1.84287656e-04 -5.09920045e+00
2738             -1.36066509e-01 5.42965789e-01 -1.42903690e+01 -1.36013855e-01 5.43127899e-01 -9.19130935e+00 -5.26544741e-05 -1.62110543e-04 -5.09905961e+00
2739             -1.30066721e-01 5.48463668e-01 -1.42906080e+01 -1.30007700e-01 5.48600207e-01 -9.19167992e+00 -5.90207557e-05 -1.36538966e-04 -5.09892803e+00
2740             -1.25127647e-01 5.52992229e-01 -1.42909348e+01 -1.25066044e-01 5.53100457e-01 -9.19211296e+00 -6.16027847e-05 -1.08227915e-04 -5.09882181e+00
2741             -1.21399001e-01 5.56565886e-01 -1.42913919e+01 -1.21338636e-01 5.56644939e-01 -9.19263872e+00 -6.03650409e-05 -7.90529424e-05 -5.09875315e+00
2742             -1.19637763e-01 5.59135137e-01 -1.42918233e+01 -1.19579916e-01 5.59186621e-01 -9.19309371e+00 -5.78477561e-05 -5.14838335e-05 -5.09872961e+00
2743             -1.20702487e-01 5.60813174e-01 -1.42925198e+01 -1.20647130e-01 5.60839492e-01 -9.19376565e+00 -5.53561917e-05 -2.63181787e-05 -5.09875416e+00
2744             -1.25200486e-01 5.61761354e-01 -1.42936880e+01 -1.25146886e-01 5.61764359e-01 -9.19486510e+00 -5.36001403e-05 -3.00448002e-06 -5.09882285e+00
2745             -1.32224196e-01 5.61499710e-01 -1.42949975e+01 -1.32168419e-01 5.61484708e-01 -9.19607299e+00 -5.57763725e-05 1.50024106e-05 -5.09892452e+00
2746             -1.40228269e-01 5.59754755e-01 -1.42958219e+01 -1.40162846e-01 5.59727449e-01 -9.19677249e+00 -6.54227207e-05 2.73058211e-05 -5.09904946e+00
2747             -1.48238535e-01 5.56403997e-01 -1.42958461e+01 -1.48156752e-01 5.56368345e-01 -9.19665967e+00 -8.17828593e-05 3.56519694e-05 -5.09918640e+00
2748             -1.58097968e-01 5.51613157e-01 -1.42953460e+01 -1.57994961e-01 5.51576702e-01 -9.19602808e+00 -1.03007331e-04 3.64552190e-05 -5.09931796e+00
2749             -1.70740713e-01 5.45726094e-01 -1.42948253e+01 -1.70610556e-01 5.45692708e-01 -9.19539651e+00 -1.30156936e-04 3.33862610e-05 -5.09942884e+00
2750             -1.85380940e-01 5.38761490e-01 -1.42946119e+01 -1.85219860e-01 5.38731755e-01 -9.19510893e+00 -1.61080126e-04 2.97347118e-05 -5.09950301e+00
2751             -1.99757011e-01 5.30783489e-01 -1.42945063e+01 -1.99564195e-01 5.30757316e-01 -9.19498001e+00 -1.92815518e-04 2.61732727e-05 -5.09952624e+00
2752             -2.12340344e-01 5.22346439e-01 -1.42942846e+01 -2.12120436e-01 5.22323797e-01 -9.19479209e+00 -2.19907641e-04 2.26421927e-05 -5.09949250e+00
2753             -2.22558330e-01 5.14109523e-01 -1.42938348e+01 -2.22319634e-01 5.14092941e-01 -9.19442814e+00 -2.38695896e-04 1.65815808e-05 -5.09940670e+00
2754             -2.31117757e-01 5.06557849e-01 -1.42933849e+01 -2.30870131e-01 5.06554094e-01 -9.19409954e+00 -2.47625726e-04 3.75490604e-06 -5.09928531e+00
2755             -2.39396129e-01 4.99871164e-01 -1.42932242e+01 -2.39150425e-01 4.99888469e-01 -9.19407685e+00 -2.45703640e-04 -1.73042909e-05 -5.09914736e+00
2756             -2.47207092e-01 4.94049316e-01 -1.42934625e+01 -2.46974770e-01 4.94096841e-01 -9.19445043e+00 -2.32321688e-04 -4.75251115e-05 -5.09901212e+00
2757             -2.52843828e-01 4.89233716e-01 -1.42938543e+01 -2.52635271e-01 4.89320021e-01 -9.19495874e+00 -2.08557387e-04 -8.63043244e-05 -5.09889555e+00
2758             -2.56016980e-01 4.85290787e-01 -1.42943951e+01 -2.55839357e-01 4.85421271e-01 -9.19558200e+00 -1.77622825e-04 -1.30483178e-04 -5.09881305e+00
2759             -2.56865173e-01 4.82516507e-01 -1.42947986e+01 -2.56723005e-01 4.82692163e-01 -9.19602725e+00 -1.42168524e-04 -1.75656105e-04 -5.09877133e+00
2760             -2.55923396e-01 4.80975371e-01 -1.42953122e+01 -2.55818746e-01 4.81194134e-01 -9.19653648e+00 -1.04650255e-04 -2.18763010e-04 -5.09877574e+00
2761             -2.54153333e-01 4.80234550e-01 -1.42962895e+01 -2.54084494e-01 4.80488601e-01 -9.19746618e+00 -6.88390486e-05 -2.54051086e-04 -5.09882329e+00
2762             -2.51315585e-01 4.80559988e-01 -1.42973802e+01 -2.51276889e-01 4.80837723e-01 -9.19847227e+00 -3.86962165e-05 -2.77734294e-04 -5.09890792e+00
2763             -2.45579819e-01 4.82451904e-01 -1.42979616e+01 -2.45564951e-01 4.82741101e-01 -9.19894017e+00 -1.48673412e-05 -2.89196885e-04 -5.09902141e+00
2764             -2.36105530e-01 4.86192120e-01 -1.42976004e+01 -2.36108258e-01 4.86480996e-01 -9.19844684e+00 2.72792341e-06 -2.88875400e-04 -5.09915354e+00
2765             -2.25301934e-01 4.92119379e-01 -1.42965749e+01 -2.25316733e-01 4.92397341e-01 -9.19728652e+00 1.47989934e-05 -2.77962306e-04 -5.09928836e+00
2766             -2.14914111e-01 4.99681301e-01 -1.42955252e+01 -2.14931570e-01 4.99944591e-01 -9.19611754e+00 1.74582290e-05 -2.63290507e-04 -5.09940766e+00
2767             -2.05002141e-01 5.08399318e-01 -1.42947017e+01 -2.05014236e-01 5.08648322e-01 -9.19520820e+00 1.20947515e-05 -2.49003705e-04 -5.09949352e+00
2768             -1.94506432e-01 5.17587356e-01 -1.42939369e+01 -1.94507792e-01 5.17823702e-01 -9.19440838e+00 1.35962583e-06 -2.36346445e-04 -5.09952848e+00
2769             -1.82552568e-01 5.26359122e-01 -1.42930555e+01 -1.82541759e-01 5.26583793e-01 -9.19355188e+00 -1.08085188e-05 -2.24670655e-04 -5.09950360e+00
2770             -1.69601382e-01 5.34330778e-01 -1.42920681e+01 -1.69579780e-01 5.34542906e-01 -9.19264544e+00 -2.16023348e-05 -2.12127522e-04 -5.09942269e+00
2771             -1.57008394e-01 5.41127092e-01 -1.42911924e+01 -1.56978778e-01 5.41322942e-01 -9.19189003e+00 -2.96157973e-05 -1.95849944e-04 -5.09930240e+00
2772             -1.46371965e-01 5.46603263e-01 -1.42905959e+01 -1.46338095e-01 5.46778529e-01 -9.19143564e+00 -3.38703104e-05 -1.75265482e-04 -5.09916028e+00
2773             -1.38279403e-01 5.51212875e-01 -1.42903013e+01 -1.38243959e-01 5.51361924e-01 -9.19128474e+00 -3.54439835e-05 -1.49049012e-04 -5.09901660e+00
2774             -1.31151544e-01 5.54868153e-01 -1.42901929e+01 -1.31115817e-01 5.54987869e-01 -9.19130551e+00 -3.57268191e-05 -1.19716024e-04 -5.09888739e+00
2775             -1.25162706e-01 5.57602698e-01 -1.42903391e+01 -1.25127796e-01 5.57692793e-01 -9.19155053e+00 -3.49104183e-05 -9.00943674e-05 -5.09878859e+00
2776             -1.20815834e-01 5.59130839e-01 -1.42906424e+01 -1.20781905e-01 5.59193036e-01 -9.19191323e+00 -3.39288863e-05 -6.21976421e-05 -5.09872921e+00
2777             -1.18999092e-01 5.59687722e-01 -1.42912645e+01 -1.18965741e-01 5.59724792e-01 -9.19254863e+00 -3.33504850e-05 -3.70705428e-05 -5.09871584e+00
2778             -1.20384336e-01 5.59499609e-01 -1.42925491e+01 -1.20348894e-01 5.59516818e-01 -9.19380068e+00 -3.54416470e-05 -1.72083338e-05 -5.09874840e+00
2779             -1.24766094e-01 5.58137559e-01 -1.42941335e+01 -1.24725194e-01 5.58139318e-01 -9.19531206e+00 -4.08993815e-05 -1.75904474e-06 -5.09882142e+00
2780             -1.30870109e-01 5.55198391e-01 -1.42953281e+01 -1.30820077e-01 5.55189903e-01 -9.19639768e+00 -5.00318419e-05 8.48765460e-06 -5.09893041e+00
2781             -1.37038519e-01 5.50449049e-01 -1.42957157e+01 -1.36973617e-01 5.50435206e-01 -9.19664923e+00 -6.49017778e-05 1.38426224e-05 -5.09906651e+00
2782             -1.44835874e-01 5.44134349e-01 -1.42954057e+01 -1.44750998e-01 5.44119927e-01 -9.19619169e+00 -8.48755241e-05 1.44216520e-05 -5.09921397e+00
2783             -1.55294511e-01 5.37146242e-01 -1.42948708e+01 -1.55182302e-01 5.37134516e-01 -9.19551459e+00 -1.12208616e-04 1.17250846e-05 -5.09935616e+00
2784             -1.68796503e-01 5.29851529e-01 -1.42947395e+01 -1.68651735e-01 5.29842683e-01 -9.19527003e+00 -1.44767755e-04 8.84562928e-06 -5.09946948e+00
2785             -1.83139279e-01 5.22356669e-01 -1.42947923e+01 -1.82960467e-01 5.22348903e-01 -9.19525695e+00 -1.78812000e-04 7.76670050e-06 -5.09953532e+00
2786             -1.96122240e-01 5.14752466e-01 -1.42946752e+01 -1.95913524e-01 5.14745099e-01 -9.19513423e+00 -2.08715995e-04 7.36732783e-06 -5.09954092e+00
2787             -2.07228333e-01 5.07460743e-01 -1.42941524e+01 -2.06997270e-01 5.07454288e-01 -9.19466692e+00 -2.31063195e-04 6.45446081e-06 -5.09948552e+00
2788             -2.17051608e-01 5.00905433e-01 -1.42934502e+01 -2.16807474e-01 5.00904466e-01 -9.19406643e+00 -2.44133632e-04 9.67255905e-07 -5.09938381e+00
2789             -2.26843718e-01 4.95142804e-01 -1.42929817e+01 -2.26596970e-01 4.95154778e-01 -9.19372935e+00 -2.46748299e-04 -1.19740408e-05 -5.09925237e+00
2790             -2.36740132e-01 4.90129478e-01 -1.42928910e+01 -2.36500692e-01 4.90164347e-01 -9.19377960e+00 -2.39439104e-04 -3.48695963e-05 -5.09911136e+00
2791             -2.44605608e-01 4.86205594e-01 -1.42930488e+01 -2.44383418e-01 4.86272012e-01 -9.19407024e+00 -2.22189244e-04 -6.64178177e-05 -5.09897859e+00
2792             -2.50174048e-01 4.83202328e-01 -1.42934192e+01 -2.49977427e-01 4.83307241e-01 -9.19454859e+00 -1.96620640e-04 -1.04912434e-04 -5.09887056e+00
2793             -2.53717039e-01 4.81389672e-01 -1.42937564e+01 -2.53550914e-01 4.81536008e-01 -9.19495920e+00 -1.66125651e-04 -1.46336301e-04 -5.09879719e+00
2794             -2.55783873e-01 4.80630203e-01 -1.42943010e+01 -2.55650943e-01 4.80818286e-01 -9.19553595e+00 -1.32929849e-04 -1.88082968e-04 -5.09876506e+00
2795             -2.56788149e-01 4.81000305e-01 -1.42954389e+01 -2.56688338e-01 4.81225614e-01 -9.19666272e+00 -9.98107591e-05 -2.25309338e-04 -5.09877620e+00
2796             -2.56539269e-01 4.82803757e-01 -1.42969079e+01 -2.56469041e-01 4.83058050e-01 -9.19808066e+00 -7.02281014e-05 -2.54293833e-04 -5.09882723e+00
2797             -2.53802594e-01 4.86062564e-01 -1.42979606e+01 -2.53755491e-01 4.86334086e-01 -9.19904428e+00 -4.71029022e-05 -2.71521316e-04 -5.09891630e+00
2798             -2.47573731e-01 4.90921460e-01 -1.42981833e+01 -2.47545854e-01 4.91199713e-01 -9.19914409e+00 -2.78773346e-05 -2.78252997e-04 -5.09903918e+00
2799             -2.39312351e-01 4.97554547e-01 -1.42976081e+01 -2.39299860e-01 4.97826806e-01 -9.19842976e+00 -1.24910394e-05 -2.72258701e-04 -5.09917833e+00
2800             -2.30271605e-01 5.05352198e-01 -1.42967356e+01 -2.30267439e-01 5.05610126e-01 -9.19741809e+00 -4.16629334e-06 -2.57927982e-04 -5.09931748e+00
2801             -2.21111782e-01 5.14056957e-01 -1.42959838e+01 -2.21107519e-01 5.14300557e-01 -9.19654641e+00 -4.26235301e-06 -2.43599467e-04 -5.09943736e+00
2802             -2.11055985e-01 5.23312293e-01 -1.42953870e+01 -2.11045048e-01 5.23543554e-01 -9.19587316e+00 -1.09369178e-05 -2.31261130e-04 -5.09951384e+00
2803             -1.99096392e-01 5.32333875e-01 -1.42946854e+01 -1.99077934e-01 5.32554707e-01 -9.19515399e+00 -1.84579649e-05 -2.20831692e-04 -5.09953145e+00
2804             -1.85436969e-01 5.40143483e-01 -1.42937192e+01 -1.85414038e-01 5.40355262e-01 -9.19423171e+00 -2.29308465e-05 -2.11779388e-04 -5.09948754e+00
2805             -1.71734961e-01 5.46648954e-01 -1.42926394e+01 -1.71710374e-01 5.46848629e-01 -9.19324576e+00 -2.45871105e-05 -1.99675022e-04 -5.09939364e+00
2806             -1.59398472e-01 5.51814304e-01 -1.42916804e+01 -1.59375966e-01 5.51996750e-01 -9.19241351e+00 -2.25065138e-05 -1.82445888e-04 -5.09926687e+00
2807             -1.49413140e-01 5.55630023e-01 -1.42909086e+01 -1.49394923e-01 5.55788333e-01 -9.19178329e+00 -1.82175646e-05 -1.58309281e-04 -5.09912533e+00
2808             -1.40423921e-01 5.58395219e-01 -1.42902746e+01 -1.40410861e-01 5.58524764e-01 -9.19128704e+00 -1.30601669e-05 -1.29544286e-04 -5.09898753e+00
2809             -1.32294699e-01 5.60207062e-01 -1.42899792e+01 -1.32285796e-01 5.60305594e-01 -9.19111006e+00 -8.90323872e-06 -9.85315252e-05 -5.09886918e+00
2810             -1.25682187e-01 5.60856439e-01 -1.42899233e+01 -1.25675086e-01 5.60926338e-01 -9.19114096e+00 -7.10146095e-06 -6.98992117e-05 -5.09878237e+00
2811             -1.21288123e-01 5.60462833e-01 -1.42903126e+01 -1.21280320e-01 5.60507432e-01 -9.19157746e+00 -7.80303303e-06 -4.45995114e-05 -5.09873516e+00
2812             -1.19792956e-01 5.59056530e-01 -1.42914578e+01 -1.19781994e-01 5.59080615e-01 -9.19272734e+00 -1.09618627e-05 -2.40850476e-05 -5.09873050e+00
2813             -1.21264328e-01 5.56658549e-01 -1.42931270e+01 -1.21245152e-01 5.56669631e-01 -9.19435995e+00 -1.91765955e-05 -1.10816534e-05 -5.09876707e+00
2814             -1.24654789e-01 5.52593784e-01 -1.42946302e+01 -1.24622246e-01 5.52598079e-01 -9.19578647e+00 -3.25431220e-05 -4.29543077e-06 -5.09884378e+00
2815             -1.28630412e-01 5.46710474e-01 -1.42953658e+01 -1.28581961e-01 5.46711900e-01 -9.19640713e+00 -4.84508335e-05 -1.42661316e-06 -5.09895867e+00
2816             -1.34369359e-01 5.38955986e-01 -1.42954149e+01 -1.34302221e-01 5.38960012e-01 -9.19631467e+00 -6.71377235e-05 -4.02559703e-06 -5.09910024e+00
2817             -1.42924157e-01 5.30363007e-01 -1.42950908e+01 -1.42831380e-01 5.30371810e-01 -9.19583790e+00 -9.27766872e-05 -8.80361631e-06 -5.09925285e+00
2818             -1.54433953e-01 5.21664705e-01 -1.42950247e+01 -1.54309079e-01 5.21676358e-01 -9.19563224e+00 -1.24873962e-04 -1.16532493e-05 -5.09939243e+00
2819             -1.67276145e-01 5.13411321e-01 -1.42951724e+01 -1.67115898e-01 5.13424019e-01 -9.19567573e+00 -1.60247283e-04 -1.26980857e-05 -5.09949669e+00
2820             -1.79657144e-01 5.05907123e-01 -1.42951419e+01 -1.79464272e-01 5.05918570e-01 -9.19559521e+00 -1.92871760e-04 -1.14469383e-05 -5.09954669e+00
2821             -1.90832956e-01 4.99356074e-01 -1.42947122e+01 -1.90614938e-01 4.99365874e-01 -9.19517894e+00 -2.18017735e-04 -9.79958078e-06 -5.09953323e+00
2822             -2.01287620e-01 4.93671409e-01 -1.42940332e+01 -2.01052988e-01 4.93682467e-01 -9.19456776e+00 -2.34632011e-04 -1.10580306e-05 -5.09946547e+00
2823             -2.12336849e-01 4.88872026e-01 -1.42934360e+01 -2.12095441e-01 4.88889660e-01 -9.19407880e+00 -2.41407993e-04 -1.76340023e-05 -5.09935723e+00
2824             -2.23873792e-01 4.84819082e-01 -1.42930662e+01 -2.23635319e-01 4.84851748e-01 -9.19383900e+00 -2.38472546e-04 -3.26656760e-05 -5.09922723e+00
2825             -2.33720202e-01 4.81628195e-01 -1.42928505e+01 -2.33493614e-01 4.81684872e-01 -9.19375831e+00 -2.26587726e-04 -5.66765844e-05 -5.09909214e+00
2826             -2.41330727e-01 4.79596949e-01 -1.42928646e+01 -2.41123610e-01 4.79685296e-01 -9.19389331e+00 -2.07117519e-04 -8.83478045e-05 -5.09897125e+00
2827             -2.47069221e-01 4.78747544e-01 -1.42930215e+01 -2.46887050e-01 4.78871642e-01 -9.19414575e+00 -1.82171475e-04 -1.24097545e-04 -5.09887580e+00
2828             -2.51694216e-01 4.78911143e-01 -1.42934173e+01 -2.51540513e-01 4.79072863e-01 -9.19460275e+00 -1.53702903e-04 -1.61719545e-04 -5.09881455e+00
2829             -2.55672770e-01 4.80049544e-01 -1.42945392e+01 -2.55547569e-01 4.80247244e-01 -9.19574750e+00 -1.25200952e-04 -1.97699353e-04 -5.09879169e+00
2830             -2.58435937e-01 4.82638269e-01 -1.42961567e+01 -2.58336959e-01 4.82865806e-01 -9.19735012e+00 -9.89780413e-05 -2.27537792e-04 -5.09880661e+00
2831             -2.58513970e-01 4.87335866e-01 -1.42975709e+01 -2.58436957e-01 4.87585771e-01 -9.19870949e+00 -7.70130177e-05 -2.49904900e-04 -5.09886141e+00
2832             -2.55047932e-01 4.93749890e-01 -1.42981910e+01 -2.54988762e-01 4.94012346e-01 -9.19923667e+00 -5.91704379e-05 -2.62455592e-04 -5.09895436e+00
2833             -2.49834828e-01 5.01663162e-01 -1.42980823e+01 -2.49790555e-01 5.01927062e-01 -9.19900449e+00 -4.42728953e-05 -2.63899979e-04 -5.09907784e+00
2834             -2.43706984e-01 5.10334288e-01 -1.42977462e+01 -2.43672223e-01 5.10590288e-01 -9.19852939e+00 -3.47603423e-05 -2.55999718e-04 -5.09921676e+00
2835             -2.36417205e-01 5.19328218e-01 -1.42973492e+01 -2.36386309e-01 5.19571776e-01 -9.19799776e+00 -3.08959417e-05 -2.43558036e-04 -5.09935143e+00
2836             -2.27395555e-01 5.28831445e-01 -1.42969242e+01 -2.27363408e-01 5.29062492e-01 -9.19746638e+00 -3.21462810e-05 -2.31046992e-04 -5.09945784e+00
2837             -2.15987179e-01 5.38101261e-01 -1.42962842e+01 -2.15951600e-01 5.38322330e-01 -9.19676832e+00 -3.55782685e-05 -2.21069183e-04 -5.09951587e+00
2838             -2.02363491e-01 5.46285278e-01 -1.42953265e+01 -2.02327478e-01 5.46498371e-01 -9.19581104e+00 -3.60130896e-05 -2.13093272e-04 -5.09951544e+00
2839             -1.88048097e-01 5.52834930e-01 -1.42942342e+01 -1.88015938e-01 5.53039614e-01 -9.19477309e+00 -3.21589466e-05 -2.04683784e-04 -5.09946109e+00
2840             -1.74562813e-01 5.57637796e-01 -1.42931845e+01 -1.74539002e-01 5.57829727e-01 -9.19381963e+00 -2.38110757e-05 -1.91931676e-04 -5.09936488e+00
2841             -1.63082812e-01 5.61122483e-01 -1.42922050e+01 -1.63070094e-01 5.61294613e-01 -9.19296274e+00 -1.27174677e-05 -1.72130788e-04 -5.09924231e+00
2842             -1.52279044e-01 5.63261921e-01 -1.42912202e+01 -1.52277983e-01 5.63408015e-01 -9.19210935e+00 -1.06074300e-06 -1.46093481e-04 -5.09911083e+00
2843             -1.42149143e-01 5.64217001e-01 -1.42903415e+01 -1.42158956e-01 5.64333267e-01 -9.19135488e+00 9.81287197e-06 -1.16266726e-04 -5.09898662e+00
2844             -1.33333641e-01 5.64007293e-01 -1.42897443e+01 -1.33350200e-01 5.64093367e-01 -9.19086040e+00 1.65586438e-05 -8.60736683e-05 -5.09888395e+00
2845             -1.26632153e-01 5.62769740e-01 -1.42896395e+01 -1.26650430e-01 5.62828995e-01 -9.19082832e+00 1.82772519e-05 -5.92553303e-05 -5.09881123e+00
2846             -1.22629608e-01 5.60444064e-01 -1.42904383e+01 -1.22644320e-01 5.60481998e-01 -9.19166277e+00 1.47119814e-05 -3.79348981e-05 -5.09877557e+00
2847             -1.21323005e-01 5.56924227e-01 -1.42919726e+01 -1.21328815e-01 5.56948112e-01 -9.19319695e+00 5.80974027e-06 -2.38846972e-05 -5.09877569e+00
2848             -1.22074807e-01 5.51780646e-01 -1.42935174e+01 -1.22065407e-01 5.51798103e-01 -9.19470244e+00 -9.40044955e-06 -1.74573970e-05 -5.09881497e+00
2849             -1.23189665e-01 5.44759338e-01 -1.42945081e+01 -1.23160279e-01 5.44776986e-01 -9.19561321e+00 -2.93859518e-05 -1.76473218e-05 -5.09889490e+00
2850             -1.26415370e-01 5.35916192e-01 -1.42948793e+01 -1.26365110e-01 5.35938298e-01 -9.19586931e+00 -5.02599707e-05 -2.21060615e-05 -5.09901003e+00
2851             -1.32884174e-01 5.25907482e-01 -1.42949730e+01 -1.32809896e-01 5.25936552e-01 -9.19582461e+00 -7.42777931e-05 -2.90701002e-05 -5.09914837e+00
2852             -1.42337227e-01 5.15590215e-01 -1.42951302e+01 -1.42232949e-01 5.15624700e-01 -9.19583814e+00 -1.04277817e-04 -3.44850014e-05 -5.09929204e+00
2853             -1.53125854e-01 5.05769464e-01 -1.42953178e+01 -1.52987267e-01 5.05804619e-01 -9.19590013e+00 -1.38587044e-04 -3.51551940e-05 -5.09941770e+00
2854             -1.63899458e-01 4.97223699e-01 -1.42953449e+01 -1.63727295e-01 4.97257194e-01 -9.19584262e+00 -1.72162233e-04 -3.34944111e-05 -5.09950232e+00
2855             -1.74266840e-01 4.90395892e-01 -1.42950325e+01 -1.74066993e-01 4.90425993e-01 -9.19550104e+00 -1.99846347e-04 -3.01016645e-05 -5.09953151e+00
2856             -1.84703554e-01 4.85240394e-01 -1.42944789e+01 -1.84484455e-01 4.85268834e-01 -9.19497285e+00 -2.19099542e-04 -2.84400882e-05 -5.09950609e+00
2857             -1.96048615e-01 4.81248702e-01 -1.42939118e+01 -1.95819597e-01 4.81280027e-01 -9.19447744e+00 -2.29017380e-04 -3.13244865e-05 -5.09943432e+00
2858             -2.08637481e-01 4.78155546e-01 -1.42934139e+01 -2.08407576e-01 4.78195915e-01 -9.19408368e+00 -2.29905336e-04 -4.03690762e-05 -5.09933026e+00
2859             -2.20065024e-01 4.75967951e-01 -1.42929609e+01 -2.19842681e-01 4.76024586e-01 -9.19375113e+00 -2.22342568e-04 -5.66354296e-05 -5.09920981e+00
2860             -2.29573922e-01 4.74679915e-01 -1.42926774e+01 -2.29366235e-01 4.74760209e-01 -9.19358721e+00 -2.07687171e-04 -8.02940776e-05 -5.09909022e+00
2861             -2.37444410e-01 4.74762905e-01 -1.42925157e+01 -2.37255514e-01 4.74872044e-01 -9.19353038e+00 -1.88895971e-04 -1.09138747e-04 -5.09898532e+00
2862             -2.44232741e-01 4.75898501e-01 -1.42926812e+01 -2.44066149e-01 4.76038954e-01 -9.19377670e+00 -1.66591105e-04 -1.40452524e-04 -5.09890452e+00
2863             -2.50608810e-01 4.78049406e-01 -1.42935609e+01 -2.50465817e-01 4.78221164e-01 -9.19470623e+00 -1.42993322e-04 -1.71758016e-04 -5.09885464e+00
2864             -2.56224002e-01 4.81529449e-01 -1.42950805e+01 -2.56102350e-01 4.81728517e-01 -9.19624336e+00 -1.21652152e-04 -1.99067920e-04 -5.09883716e+00
2865             -2.59510132e-01 4.86919187e-01 -1.42966009e+01 -2.59406204e-01 4.87140161e-01 -9.19774528e+00 -1.03928238e-04 -2.20974685e-04 -5.09885559e+00
2866             -2.58916127e-01 4.94528405e-01 -1.42975496e+01 -2.58827457e-01 4.94765368e-01 -9.19863712e+00 -8.86700938e-05 -2.36963668e-04 -5.09891252e+00
2867             -2.56242976e-01 5.04048416e-01 -1.42978466e+01 -2.56168205e-01 5.04292275e-01 -9.19884242e+00 -7.47711182e-05 -2.43858893e-04 -5.09900419e+00
2868             -2.53037642e-01 5.14307486e-01 -1.42978994e+01 -2.52971400e-01 5.14549781e-01 -9.19877825e+00 -6.62421781e-05 -2.42295592e-04 -5.09912120e+00
2869             -2.48908076e-01 5.24595517e-01 -1.42980404e+01 -2.48846630e-01 5.24832155e-01 -9.19879221e+00 -6.14460762e-05 -2.36637883e-04 -5.09924823e+00
2870             -2.42301382e-01 5.34536462e-01 -1.42980539e+01 -2.42240768e-01 5.34764046e-01 -9.19869057e+00 -6.06139327e-05 -2.27584045e-04 -5.09936331e+00
2871             -2.32308506e-01 5.43841594e-01 -1.42976064e+01 -2.32248625e-01 5.44059240e-01 -9.19816029e+00 -5.98812898e-05 -2.17645956e-04 -5.09944613e+00
2872             -2.19385369e-01 5.52078658e-01 -1.42967283e+01 -2.19329034e-01 5.52288998e-01 -9.19724652e+00 -5.63346025e-05 -2.10340186e-04 -5.09948174e+00
2873             -2.05260577e-01 5.58902765e-01 -1.42956857e+01 -2.05212178e-01 5.59105377e-01 -9.19621661e+00 -4.83988989e-05 -2.02611636e-04 -5.09946913e+00
2874             -1.91349512e-01 5.64027931e-01 -1.42946663e+01 -1.91314844e-01 5.64220184e-01 -9.19525349e+00 -3.46674733e-05 -1.92253473e-04 -5.09941281e+00
2875             -1.78861049e-01 5.67307729e-01 -1.42936351e+01 -1.78843865e-01 5.67484361e-01 -9.19431197e+00 -1.71839782e-05 -1.76631749e-04 -5.09932315e+00
2876             -1.66799145e-01 5.69105994e-01 -1.42924436e+01 -1.66800029e-01 5.69260823e-01 -9.19323018e+00 8.83978494e-07 -1.54829047e-04 -5.09921337e+00
2877             -1.54960770e-01 5.69527973e-01 -1.42912152e+01 -1.54978946e-01 5.69656319e-01 -9.19211548e+00 1.81755043e-05 -1.28346910e-04 -5.09909973e+00
2878             -1.44207582e-01 5.68332995e-01 -1.42901213e+01 -1.44239099e-01 5.68432909e-01 -9.19112619e+00 3.15169376e-05 -9.99142058e-05 -5.09899511e+00
2879             -1.35432158e-01 5.66137664e-01 -1.42894472e+01 -1.35471322e-01 5.66210359e-01 -9.19053713e+00 3.91645163e-05 -7.26955990e-05 -5.09891005e+00
2880             -1.29099026e-01 5.62939590e-01 -1.42897299e+01 -1.29137830e-01 5.62989153e-01 -9.19087787e+00 3.88033406e-05 -4.95624662e-05 -5.09885201e+00
2881             -1.25483810e-01 5.58602586e-01 -1.42908734e+01 -1.25513952e-01 5.58637138e-01 -9.19205035e+00 3.01421929e-05 -3.45521377e-05 -5.09882308e+00
2882             -1.23654823e-01 5.52457399e-01 -1.42922482e+01 -1.23668505e-01 5.52484819e-01 -9.19342103e+00 1.36817462e-05 -2.74205785e-05 -5.09882716e+00
2883             -1.22061256e-01 5.44236330e-01 -1.42931918e+01 -1.22053366e-01 5.44263347e-01 -9.19432259e+00 -7.89018095e-06 -2.70167079e-05 -5.09886920e+00
2884             -1.22334322e-01 5.34251022e-01 -1.42937238e+01 -1.22301769e-01 5.34285289e-01 -9.19477555e+00 -3.25528746e-05 -3.42675049e-05 -5.09894825e+00
2885             -1.25982400e-01 5.23097005e-01 -1.42941113e+01 -1.25921968e-01 5.23141188e-01 -9.19505449e+00 -6.04323691e-05 -4.41828932e-05 -5.09905677e+00
2886             -1.33240107e-01 5.11551529e-01 -1.42946064e+01 -1.33149618e-01 5.11603576e-01 -9.19542268e+00 -9.04881814e-05 -5.20471198e-05 -5.09918368e+00
2887             -1.42173553e-01 5.00174944e-01 -1.42951010e+01 -1.42050094e-01 5.00230856e-01 -9.19579351e+00 -1.23459131e-04 -5.59118909e-05 -5.09930749e+00
2888             -1.51069546e-01 4.89892845e-01 -1.42953109e+01 -1.50913392e-01 4.89947613e-01 -9.19590361e+00 -1.56153385e-04 -5.47688586e-05 -5.09940731e+00
2889             -1.59622016e-01 4.81734537e-01 -1.42951138e+01 -1.59438032e-01 4.81785300e-01 -9.19564762e+00 -1.83983939e-04 -5.07626958e-05 -5.09946618e+00
2890             -1.68786758e-01 4.76006582e-01 -1.42946648e+01 -1.68581706e-01 4.76054466e-01 -9.19518491e+00 -2.05051610e-04 -4.78835359e-05 -5.09947993e+00
2891             -1.79634866e-01 4.72308493e-01 -1.42941551e+01 -1.79417464e-01 4.72356687e-01 -9.19470468e+00 -2.17402576e-04 -4.81945867e-05 -5.09945038e+00
2892             -1.92394675e-01 4.69971680e-01 -1.42936933e+01 -1.92173657e-01 4.70025734e-01 -9.19430860e+00 -2.21018098e-04 -5.40533653e-05 -5.09938475e+00
2893             -2.04726363e-01 4.68703431e-01 -1.42931895e+01 -2.04509505e-01 4.68768710e-01 -9.19389580e+00 -2.16858038e-04 -6.52784995e-05 -5.09929369e+00
2894             -2.15723391e-01 4.68409698e-01 -1.42927356e+01 -2.15517271e-01 4.68491736e-01 -9.19354288e+00 -2.06119622e-04 -8.20380459e-05 -5.09919268e+00
2895             -2.25333162e-01 4.69315923e-01 -1.42923425e+01 -2.25141802e-01 4.69418943e-01 -9.19324846e+00 -1.91360461e-04 -1.03020334e-04 -5.09909406e+00
2896             -2.34093852e-01 4.71308550e-01 -1.42921741e+01 -2.33919429e-01 4.71435655e-01 -9.19316666e+00 -1.74422864e-04 -1.27104968e-04 -5.09900740e+00
2897             -2.42472604e-01 4.74436941e-01 -1.42927571e+01 -2.42315913e-01 4.74588837e-01 -9.19381508e+00 -1.56691112e-04 -1.51895720e-04 -5.09894206e+00
2898             -2.50394015e-01 4.78886529e-01 -1.42940546e+01 -2.50253775e-01 4.79060294e-01 -9.19515439e+00 -1.40239886e-04 -1.73765675e-04 -5.09890016e+00
2899             -2.56484572e-01 4.85179026e-01 -1.42954278e+01 -2.56357602e-01 4.85370865e-01 -9.19653998e+00 -1.26969495e-04 -1.91838561e-04 -5.09888786e+00
2900             -2.59040253e-01 4.93529837e-01 -1.42964313e+01 -2.58923898e-01 4.93736303e-01 -9.19752251e+00 -1.16354329e-04 -2.06466148e-04 -5.09890881e+00
2901             -2.59285166e-01 5.03996444e-01 -1.42969808e+01 -2.59179554e-01 5.04211189e-01 -9.19801733e+00 -1.05611802e-04 -2.14745029e-04 -5.09896345e+00
2902             -2.58623382e-01 5.15769055e-01 -1.42974258e+01 -2.58525566e-01 5.15986951e-01 -9.19837940e+00 -9.78162374e-05 -2.17896104e-04 -5.09904639e+00
2903             -2.57219156e-01 5.27693574e-01 -1.42979344e+01 -2.57124951e-01 5.27910956e-01 -9.19878685e+00 -9.42052159e-05 -2.17381509e-04 -5.09914756e+00
2904             -2.53910527e-01 5.39090739e-01 -1.42983975e+01 -2.53817890e-01 5.39305581e-01 -9.19914703e+00 -9.26372772e-05 -2.14841672e-04 -5.09925051e+00
2905             -2.46803699e-01 5.49301271e-01 -1.42984752e+01 -2.46713504e-01 5.49511190e-01 -9.19913939e+00 -9.01952706e-05 -2.09918709e-04 -5.09933579e+00
2906             -2.35660258e-01 5.57850694e-01 -1.42979388e+01 -2.35577251e-01 5.58053869e-01 -9.19854887e+00 -8.30078693e-05 -2.03174236e-04 -5.09938993e+00
2907             -2.22432324e-01 5.64866038e-01 -1.42970919e+01 -2.22361325e-01 5.65061914e-01 -9.19768328e+00 -7.09986691e-05 -1.95875443e-04 -5.09940864e+00
2908             -2.08807593e-01 5.70179035e-01 -1.42961411e+01 -2.08754016e-01 5.70364983e-01 -9.19674894e+00 -5.35770265e-05 -1.85947466e-04 -5.09939213e+00
2909             -1.96133533e-01 5.73813052e-01 -1.42950931e+01 -1.96102389e-01 5.73984845e-01 -9.19574985e+00 -3.11434696e-05 -1.71792638e-04 -5.09934326e+00
2910             -1.83308708e-01 5.75486291e-01 -1.42938600e+01 -1.83302326e-01 5.75639847e-01 -9.19459027e+00 -6.38195265e-06 -1.53555565e-04 -5.09926969e+00
2911             -1.70338577e-01 5.75541451e-01 -1.42925085e+01 -1.70356495e-01 5.75672522e-01 -9.19332596e+00 1.79177009e-05 -1.31071097e-04 -5.09918250e+00
2912             -1.58003687e-01 5.74004635e-01 -1.42911883e+01 -1.58041948e-01 5.74110742e-01 -9.19209528e+00 3.82610718e-05 -1.06107311e-04 -5.09909299e+00
2913             -1.47372637e-01 5.70980802e-01 -1.42900894e+01 -1.47425145e-01 5.71061931e-01 -9.19107869e+00 5.25075462e-05 -8.11296374e-05 -5.09901069e+00
2914             -1.39034549e-01 5.66799480e-01 -1.42897425e+01 -1.39093230e-01 5.66858097e-01 -9.19079752e+00 5.86817081e-05 -5.86166535e-05 -5.09894498e+00
2915             -1.33174655e-01 5.61529122e-01 -1.42903288e+01 -1.33228975e-01 5.61570912e-01 -9.19143040e+00 5.43207273e-05 -4.17897037e-05 -5.09889835e+00
2916             -1.29119881e-01 5.54549624e-01 -1.42912503e+01 -1.29159282e-01 5.54583340e-01 -9.19237434e+00 3.94014117e-05 -3.37160867e-05 -5.09887598e+00
2917             -1.25107125e-01 5.45504982e-01 -1.42919649e+01 -1.25123676e-01 5.45538103e-01 -9.19307957e+00 1.65510732e-05 -3.31218740e-05 -5.09888535e+00
2918             -1.22615415e-01 5.34305525e-01 -1.42924383e+01 -1.22605912e-01 5.34345194e-01 -9.19351090e+00 -9.50302100e-06 -3.96691363e-05 -5.09892736e+00
2919             -1.23396372e-01 5.22032113e-01 -1.42929228e+01 -1.23356100e-01 5.22083905e-01 -9.19392363e+00 -4.02724472e-05 -5.17914402e-05 -5.09899913e+00
2920             -1.27696446e-01 5.09293119e-01 -1.42936497e+01 -1.27621401e-01 5.09356790e-01 -9.19455623e+00 -7.50451083e-05 -6.36713656e-05 -5.09909344e+00
2921             -1.34300667e-01 4.96762405e-01 -1.42944579e+01 -1.34190697e-01 4.96833150e-01 -9.19526185e+00 -1.09969562e-04 -7.07450608e-05 -5.09919608e+00
2922             -1.41240017e-01 4.84963791e-01 -1.42950228e+01 -1.41098008e-01 4.85036724e-01 -9.19573388e+00 -1.42008777e-04 -7.29336198e-05 -5.09928896e+00
2923             -1.47952812e-01 4.74912433e-01 -1.42950907e+01 -1.47783939e-01 4.74983459e-01 -9.19573373e+00 -1.68873626e-04 -7.10260803e-05 -5.09935700e+00
2924             -1.55196209e-01 4.67565754e-01 -1.42947934e+01 -1.55006507e-01 4.67633533e-01 -9.19539756e+00 -1.89702487e-04 -6.77788425e-05 -5.09939581e+00
2925             -1.64374401e-01 4.63023578e-01 -1.42943988e+01 -1.64171090e-01 4.63091351e-01 -9.19499591e+00 -2.03310919e-04 -6.77726789e-05 -5.09940289e+00
2926             -1.76323412e-01 4.60652397e-01 -1.42940225e+01 -1.76114081e-01 4.60724174e-01 -9.19464274e+00 -2.09331172e-04 -7.17769855e-05 -5.09937979e+00
2927             -1.88678632e-01 4.60028661e-01 -1.42935695e+01 -1.88470849e-01 4.60109216e-01 -9.19424001e+00 -2.07782931e-04 -8.05545822e-05 -5.09932952e+00
2928             -2.00271375e-01 4.60551528e-01 -1.42930618e+01 -2.00071199e-01 4.60645207e-01 -9.19379947e+00 -2.00176061e-04 -9.36787578e-05 -5.09926228e+00
2929             -2.11195324e-01 4.62362621e-01 -1.42925273e+01 -2.11006228e-01 4.62471565e-01 -9.19334054e+00 -1.89096702e-04 -1.08943245e-04 -5.09918676e+00
2930             -2.21595368e-01 4.65223173e-01 -1.42921260e+01 -2.21419267e-01 4.65348910e-01 -9.19301437e+00 -1.76101419e-04 -1.25737352e-04 -5.09911159e+00
2931             -2.31825908e-01 4.69092539e-01 -1.42924041e+01 -2.31662728e-01 4.69235894e-01 -9.19335896e+00 -1.63179928e-04 -1.43354788e-04 -5.09904509e+00
2932             -2.41752531e-01 4.74442983e-01 -1.42933847e+01 -2.41599977e-01 4.74602085e-01 -9.19439285e+00 -1.52554259e-04 -1.59101829e-04 -5.09899189e+00
2933             -2.50082251e-01 4.81715889e-01 -1.42945431e+01 -2.49937563e-01 4.81887346e-01 -9.19558475e+00 -1.44688263e-04 -1.71457378e-04 -5.09895836e+00
2934             -2.55224899e-01 4.90999645e-01 -1.42953428e+01 -2.55086286e-01 4.91181485e-01 -9.19639183e+00 -1.38612327e-04 -1.81839966e-04 -5.09895099e+00
2935             -2.58417530e-01 5.02305922e-01 -1.42958628e+01 -2.58284693e-01 5.02494219e-01 -9.19689088e+00 -1.32837331e-04 -1.88297210e-04 -5.09897192e+00
2936             -2.60782145e-01 5.14863393e-01 -1.42964622e+01 -2.60653170e-01 5.15054783e-01 -9.19744389e+00 -1.28974955e-04 -1.91390194e-04 -5.09901835e+00
2937             -2.62084140e-01 5.28174788e-01 -1.42972942e+01 -2.61956903e-01 5.28369460e-01 -9.19820954e+00 -1.27237144e-04 -1.94671562e-04 -5.09908469e+00
2938             -2.61424481e-01 5.41316546e-01 -1.42981520e+01 -2.61297401e-01 5.41513469e-01 -9.19899330e+00 -1.27080402e-04 -1.96923112e-04 -5.09915871e+00
2939             -2.57489306e-01 5.53150290e-01 -1.42986733e+01 -2.57364007e-01 5.53348389e-01 -9.19944596e+00 -1.25299604e-04 -1.98099038e-04 -5.09922738e+00
2940             -2.49503707e-01 5.63007361e-01 -1.42986723e+01 -2.49386757e-01 5.63204875e-01 -9.19939405e+00 -1.16950289e-04 -1.97513597e-04 -5.09927821e+00
2941             -2.38432382e-01 5.70574825e-01 -1.42982160e+01 -2.38330108e-01 5.70767111e-01 -9.19890702e+00 -1.02274408e-04 -1.92286482e-04 -5.09930900e+00
2942             -2.25902350e-01 5.76133305e-01 -1.42975122e+01 -2.25821468e-01 5.76315575e-01 -9.19819291e+00 -8.08827808e-05 -1.82269778e-04 -5.09931930e+00
2943             -2.13682320e-01 5.79948016e-01 -1.42965967e+01 -2.13627424e-01 5.80116668e-01 -9.19728882e+00 -5.48966341e-05 -1.68651710e-04 -5.09930786e+00
2944             -2.00854296e-01 5.81992366e-01 -1.42953880e+01 -2.00828478e-01 5.82143435e-01 -9.19611249e+00 -2.58176144e-05 -1.51068518e-04 -5.09927555e+00
2945             -1.87310330e-01 5.82190544e-01 -1.42939969e+01 -1.87315142e-01 5.82321762e-01 -9.19477065e+00 4.81234516e-06 -1.31218336e-04 -5.09922628e+00
2946             -1.73886415e-01 5.80397236e-01 -1.42926003e+01 -1.73918727e-01 5.80506948e-01 -9.19343265e+00 3.23115180e-05 -1.09711172e-04 -5.09916768e+00
2947             -1.61815768e-01 5.77045635e-01 -1.42912994e+01 -1.61869577e-01 5.77133787e-01 -9.19219466e+00 5.38085999e-05 -8.81520121e-05 -5.09910472e+00
2948             -1.51639545e-01 5.72226335e-01 -1.42906021e+01 -1.51706413e-01 5.72294410e-01 -9.19155520e+00 6.68685354e-05 -6.80753738e-05 -5.09904687e+00
2949             -1.43749326e-01 5.65966946e-01 -1.42906225e+01 -1.43818868e-01 5.66019262e-01 -9.19162656e+00 6.95422032e-05 -5.23159400e-05 -5.09899591e+00
2950             -1.37571974e-01 5.58054340e-01 -1.42909743e+01 -1.37632123e-01 5.58097318e-01 -9.19201510e+00 6.01489289e-05 -4.29770282e-05 -5.09895919e+00
2951             -1.31316959e-01 5.48196660e-01 -1.42912290e+01 -1.31356779e-01 5.48237603e-01 -9.19228455e+00 3.98194403e-05 -4.09431122e-05 -5.09894446e+00
2952             -1.26501611e-01 5.36219206e-01 -1.42913656e+01 -1.26514820e-01 5.36266150e-01 -9.19240932e+00 1.32088092e-05 -4.69439365e-05 -5.09895627e+00
2953             -1.24540774e-01 5.22842289e-01 -1.42917078e+01 -1.24521848e-01 5.22900936e-01 -9.19271562e+00 -1.89262059e-05 -5.86470574e-05 -5.09899221e+00
2954             -1.26035775e-01 5.08842788e-01 -1.42924408e+01 -1.25979836e-01 5.08914064e-01 -9.19339127e+00 -5.59392488e-05 -7.12761353e-05 -5.09904950e+00
2955             -1.29710854e-01 4.95002385e-01 -1.42934527e+01 -1.29615421e-01 4.95084423e-01 -9.19433489e+00 -9.54325516e-05 -8.20372652e-05 -5.09911785e+00
2956             -1.34070038e-01 4.82049378e-01 -1.42943134e+01 -1.33938623e-01 4.82136910e-01 -9.19512865e+00 -1.31415145e-04 -8.75322239e-05 -5.09918479e+00
2957             -1.38663624e-01 4.70645325e-01 -1.42947561e+01 -1.38505163e-01 4.70733531e-01 -9.19551581e+00 -1.58461537e-04 -8.82065530e-05 -5.09924031e+00
2958             -1.44046742e-01 4.61463441e-01 -1.42947639e+01 -1.43868218e-01 4.61551145e-01 -9.19548271e+00 -1.78523778e-04 -8.77040510e-05 -5.09928120e+00
2959             -1.51199632e-01 4.55088747e-01 -1.42945271e+01 -1.51007908e-01 4.55176343e-01 -9.19522022e+00 -1.91723919e-04 -8.75952636e-05 -5.09930686e+00
2960             -1.61293623e-01 4.51525473e-01 -1.42942653e+01 -1.61095405e-01 4.51616650e-01 -9.19494972e+00 -1.98218005e-04 -9.11772249e-05 -5.09931558e+00
2961             -1.72577944e-01 4.50520140e-01 -1.42939266e+01 -1.72379232e-01 4.50618679e-01 -9.19462098e+00 -1.98712139e-04 -9.85384476e-05 -5.09930564e+00
2962             -1.83976682e-01 4.51495001e-01 -1.42934858e+01 -1.83783294e-01 4.51604331e-01 -9.19420593e+00 -1.93387602e-04 -1.09329869e-04 -5.09927990e+00
2963             -1.95235476e-01 4.54002349e-01 -1.42929346e+01 -1.95050519e-01 4.54124043e-01 -9.19369330e+00 -1.84956786e-04 -1.21694853e-04 -5.09924129e+00
2964             -2.06694551e-01 4.57736836e-01 -1.42923943e+01 -2.06519141e-01 4.57870388e-01 -9.19320128e+00 -1.75409807e-04 -1.33551657e-04 -5.09919306e+00
2965             -2.18397432e-01 4.62548499e-01 -1.42924256e+01 -2.18231056e-01 4.62693037e-01 -9.19328280e+00 -1.66375563e-04 -1.44538553e-04 -5.09914284e+00
2966             -2.30110882e-01 4.68585233e-01 -1.42931590e+01 -2.29950976e-01 4.68738137e-01 -9.19406558e+00 -1.59906578e-04 -1.52903776e-04 -5.09909339e+00
2967             -2.40569730e-01 4.76651664e-01 -1.42940287e+01 -2.40412102e-01 4.76810594e-01 -9.19497629e+00 -1.57627768e-04 -1.58930090e-04 -5.09905244e+00
2968             -2.47878517e-01 4.86831272e-01 -1.42945873e+01 -2.47721123e-01 4.86994454e-01 -9.19555964e+00 -1.57393494e-04 -1.63182001e-04 -5.09902769e+00
2969             -2.53421675e-01 4.99084977e-01 -1.42948513e+01 -2.53265126e-01 4.99249800e-01 -9.19582812e+00 -1.56548328e-04 -1.64823165e-04 -5.09902322e+00
2970             -2.58524688e-01 5.12590065e-01 -1.42952875e+01 -2.58367196e-01 5.12754886e-01 -9.19624893e+00 -1.57492175e-04 -1.64820942e-04 -5.09903856e+00
2971             -2.62969969e-01 5.26654743e-01 -1.42962012e+01 -2.62809626e-01 5.26821690e-01 -9.19713130e+00 -1.60343393e-04 -1.66946382e-04 -5.09906987e+00
2972             -2.65271609e-01 5.41028079e-01 -1.42973324e+01 -2.65108272e-01 5.41199494e-01 -9.19822325e+00 -1.63336758e-04 -1.71414970e-04 -5.09910911e+00
2973             -2.64027435e-01 5.54603956e-01 -1.42982625e+01 -2.63864420e-01 5.54781143e-01 -9.19911584e+00 -1.63015370e-04 -1.77186305e-04 -5.09914669e+00
2974             -2.59040572e-01 5.66190997e-01 -1.42987187e+01 -2.58884177e-01 5.66373236e-01 -9.19954255e+00 -1.56395191e-04 -1.82239553e-04 -5.09917611e+00
2975             -2.51217072e-01 5.75250018e-01 -1.42987538e+01 -2.51075902e-01 5.75433811e-01 -9.19955550e+00 -1.41169773e-04 -1.83792585e-04 -5.09919828e+00
2976             -2.41197891e-01 5.81605918e-01 -1.42985042e+01 -2.41079926e-01 5.81783775e-01 -9.19928990e+00 -1.17965058e-04 -1.77857392e-04 -5.09921432e+00
2977             -2.30436018e-01 5.85778876e-01 -1.42978949e+01 -2.30347920e-01 5.85943316e-01 -9.19867056e+00 -8.80984433e-05 -1.64439871e-04 -5.09922430e+00
2978             -2.18364162e-01 5.88074764e-01 -1.42968806e+01 -2.18308975e-01 5.88222152e-01 -9.19765463e+00 -5.51872017e-05 -1.47387961e-04 -5.09922594e+00
2979             -2.05010075e-01 5.88597871e-01 -1.42955505e+01 -2.04989551e-01 5.88725450e-01 -9.19633270e+00 -2.05231900e-05 -1.27578886e-04 -5.09921776e+00
2980             -1.91244355e-01 5.87176958e-01 -1.42941445e+01 -1.91257134e-01 5.87284615e-01 -9.19494501e+00 1.27788181e-05 -1.07656643e-04 -5.09919950e+00
2981             -1.78182418e-01 5.83644491e-01 -1.42927667e+01 -1.78224127e-01 5.83733898e-01 -9.19359600e+00 4.17091437e-05 -8.94069110e-05 -5.09917068e+00
2982             -1.66682149e-01 5.78459990e-01 -1.42918814e+01 -1.66744502e-01 5.78532725e-01 -9.19274509e+00 6.23527376e-05 -7.27344803e-05 -5.09913633e+00
2983             -1.57057577e-01 5.71805423e-01 -1.42916212e+01 -1.57130118e-01 5.71865279e-01 -9.19252300e+00 7.25410245e-05 -5.98560954e-05 -5.09909821e+00
2984             -1.48996940e-01 5.63006154e-01 -1.42915179e+01 -1.49067163e-01 5.63058168e-01 -9.19245650e+00 7.02232723e-05 -5.20140973e-05 -5.09906135e+00
2985             -1.40719376e-01 5.52225820e-01 -1.42911999e+01 -1.40775748e-01 5.52275533e-01 -9.19216376e+00 5.63722373e-05 -4.97125063e-05 -5.09903610e+00
2986             -1.33571687e-01 5.39376888e-01 -1.42908502e+01 -1.33605033e-01 5.39430713e-01 -9.19182283e+00 3.33463409e-05 -5.38244432e-05 -5.09902739e+00
2987             -1.29271690e-01 5.25167422e-01 -1.42907514e+01 -1.29273815e-01 5.25232479e-01 -9.19171568e+00 2.12503487e-06 -6.50567872e-05 -5.09903572e+00
2988             -1.28153111e-01 5.10200341e-01 -1.42912569e+01 -1.28116762e-01 5.10278255e-01 -9.19219715e+00 -3.63492137e-05 -7.79132574e-05 -5.09905974e+00
2989             -1.29132473e-01 4.95017492e-01 -1.42922110e+01 -1.29055039e-01 4.95106169e-01 -9.19311908e+00 -7.74337441e-05 -8.86767472e-05 -5.09909194e+00
2990             -1.30682170e-01 4.80743309e-01 -1.42932211e+01 -1.30564815e-01 4.80840577e-01 -9.19409714e+00 -1.17355030e-04 -9.72674842e-05 -5.09912395e+00
2991             -1.32444451e-01 4.68022416e-01 -1.42939457e+01 -1.32295116e-01 4.68124195e-01 -9.19479616e+00 -1.49334962e-04 -1.01778735e-04 -5.09914955e+00
2992             -1.35486739e-01 4.57546591e-01 -1.42942926e+01 -1.35315965e-01 4.57650514e-01 -9.19512050e+00 -1.70773737e-04 -1.03923438e-04 -5.09917208e+00
2993             -1.40628692e-01 4.49521173e-01 -1.42943967e+01 -1.40445489e-01 4.49628110e-01 -9.19520362e+00 -1.83203264e-04 -1.06937258e-04 -5.09919306e+00
2994             -1.48785820e-01 4.44061533e-01 -1.42943642e+01 -1.48596835e-01 4.44172745e-01 -9.19515075e+00 -1.88985114e-04 -1.11211808e-04 -5.09921344e+00
2995             -1.58212864e-01 4.41544180e-01 -1.42941787e+01 -1.58023739e-01 4.41662097e-01 -9.19494850e+00 -1.89125006e-04 -1.17917035e-04 -5.09923017e+00
2996             -1.68228944e-01 4.41826230e-01 -1.42938832e+01 -1.68043982e-01 4.41954252e-01 -9.19464137e+00 -1.84961518e-04 -1.28022399e-04 -5.09924186e+00
2997             -1.78949019e-01 4.44470039e-01 -1.42934113e+01 -1.78770547e-01 4.44608545e-01 -9.19416601e+00 -1.78471812e-04 -1.38505631e-04 -5.09924528e+00
2998             -1.90548107e-01 4.48883157e-01 -1.42928318e+01 -1.90377047e-01 4.49031318e-01 -9.19359552e+00 -1.71060025e-04 -1.48161549e-04 -5.09923624e+00
2999             -2.02984209e-01 4.54527193e-01 -1.42927216e+01 -2.02819384e-01 4.54682490e-01 -9.19350416e+00 -1.64824454e-04 -1.55296999e-04 -5.09921740e+00
3000             -2.16131071e-01 4.61477653e-01 -1.42932895e+01 -2.15969381e-01 4.61635446e-01 -9.19410091e+00 -1.61689990e-04 -1.57792426e-04 -5.09918857e+00
