# Force and moment coefficients
# dragDir       : (0.00000000e+00 0.00000000e+00 -1.00000000e+00)
# sideDir       : (-0.00000000e+00 1.00000000e+00 0.00000000e+00)
# liftDir       : (1.00000000e+00 0.00000000e+00 0.00000000e+00)
# rollAxis      : (0.00000000e+00 0.00000000e+00 -1.00000000e+00)
# pitchAxis     : (-0.00000000e+00 1.00000000e+00 0.00000000e+00)
# yawAxis       : (1.00000000e+00 0.00000000e+00 0.00000000e+00)
# magUInf       : 2.88200000e+02
# lRef          : 5.78100000e-02
# Aref          : 2.62480000e-03
# CofR          : (0.00000000e+00 0.00000000e+00 3.99000000e-01)
#
# Time          	Cd              	Cl              	CmPitch         	CmRoll          	CmYaw           
1               	-2.17781053e-02	7.40328402e-06	3.20759858e-02	1.18937301e-02	4.92178325e-02
2               	-2.30016307e-02	-7.82644951e-05	3.44069708e-02	1.05206829e-02	4.33108812e-02
3               	-2.63444016e-02	-2.74301890e-04	4.05550881e-02	4.17765101e-03	1.62924742e-02
4               	-2.82193650e-02	-3.66763602e-04	4.39023435e-02	2.17359714e-04	-5.60482381e-04
5               	-2.75319672e-02	-3.22307402e-04	4.26234608e-02	1.42257259e-03	4.58309666e-03
6               	-2.58320776e-02	-2.34469231e-04	3.95731091e-02	4.93356537e-03	1.95443267e-02
7               	-2.49213783e-02	-1.57764111e-04	3.77503592e-02	6.83326237e-03	2.76440965e-02
8               	-2.53150568e-02	-1.81463587e-04	3.84703954e-02	6.02952633e-03	2.42129245e-02
9               	-2.61355861e-02	-2.63765709e-04	4.01851561e-02	4.18879673e-03	1.63604927e-02
10              	-2.65359717e-02	-3.17305350e-04	4.11073824e-02	3.30948123e-03	1.26072211e-02
11              	-2.63800363e-02	-3.01430684e-04	4.07821472e-02	3.85070507e-03	1.49109946e-02
12              	-2.60518306e-02	-2.54527050e-04	4.00090229e-02	4.83375053e-03	1.91002260e-02
13              	-2.59288246e-02	-2.20727402e-04	3.96169106e-02	5.24011909e-03	2.08325225e-02
14              	-2.60470857e-02	-2.21444411e-04	3.97929846e-02	4.91753801e-03	1.94571785e-02
15              	-2.62073368e-02	-2.40208312e-04	4.01438037e-02	4.40695167e-03	1.72804617e-02
16              	-2.62491477e-02	-2.53662787e-04	4.02891382e-02	4.21797131e-03	1.64748190e-02
17              	-2.61807115e-02	-2.50742110e-04	4.01714809e-02	4.40965862e-03	1.72919145e-02
18              	-2.61084375e-02	-2.41404048e-04	4.00079318e-02	4.68761607e-03	1.84757736e-02
19              	-2.61042912e-02	-2.35689206e-04	3.99662864e-02	4.78400239e-03	1.88848791e-02
20              	-2.61514074e-02	-2.36553421e-04	4.00405172e-02	4.67872436e-03	1.84350306e-02
21              	-2.61888973e-02	-2.39596499e-04	4.01145216e-02	4.53346678e-03	1.78166332e-02
22              	-2.61834053e-02	-2.40493557e-04	4.01127902e-02	4.49057216e-03	1.76355840e-02
23              	-2.61505965e-02	-2.39837533e-04	4.00618461e-02	4.55967158e-03	1.79306447e-02
24              	-2.61263222e-02	-2.40733994e-04	4.00329241e-02	4.65155844e-03	1.83205686e-02
25              	-2.61294991e-02	-2.45687396e-04	4.00690150e-02	4.68574008e-03	1.84628247e-02
26              	-2.61499109e-02	-2.51985751e-04	4.01383092e-02	4.65421720e-03	1.83254611e-02
27              	-2.61656453e-02	-2.55399977e-04	4.01825877e-02	4.60459785e-03	1.81131399e-02
28              	-2.61640006e-02	-2.55569049e-04	4.01811036e-02	4.58452562e-03	1.80289286e-02
29              	-2.61494551e-02	-2.53829926e-04	4.01489179e-02	4.60455498e-03	1.81163741e-02
30              	-2.61352657e-02	-2.53801997e-04	4.01280151e-02	4.64063373e-03	1.82712428e-02
31              	-2.61303871e-02	-2.56170113e-04	4.01357960e-02	4.66375442e-03	1.83694109e-02
32              	-2.61335927e-02	-2.61607515e-04	4.01744744e-02	4.66438845e-03	1.83706824e-02
33              	-2.61378922e-02	-2.67754242e-04	4.02189483e-02	4.65274524e-03	1.83196515e-02
34              	-2.61375434e-02	-2.72614508e-04	4.02483750e-02	4.64457226e-03	1.82840159e-02
35              	-2.61325363e-02	-2.76884300e-04	4.02672688e-02	4.64688949e-03	1.82934757e-02
36              	-2.61271709e-02	-2.81542846e-04	4.02881736e-02	4.65527234e-03	1.83286756e-02
37              	-2.61248969e-02	-2.87768621e-04	4.03231934e-02	4.66283516e-03	1.83601297e-02
38              	-2.61267100e-02	-2.95644400e-04	4.03741121e-02	4.66733526e-03	1.83780421e-02
39              	-2.61310532e-02	-3.01262808e-04	4.04146784e-02	4.66995050e-03	1.83875173e-02
40              	-2.61356752e-02	-2.99091725e-04	4.04079624e-02	4.67304809e-03	1.83990174e-02
41              	-2.61391676e-02	-2.87510810e-04	4.03422610e-02	4.67564373e-03	1.84088781e-02
42              	-2.61407157e-02	-2.76309084e-04	4.02763286e-02	4.67843462e-03	1.84197414e-02
43              	-2.61409230e-02	-2.70963695e-04	4.02443689e-02	4.68182267e-03	1.84331818e-02
44              	-2.61401460e-02	-2.69949040e-04	4.02372372e-02	4.68645275e-03	1.84523021e-02
45              	-2.61387152e-02	-2.69129068e-04	4.02300020e-02	4.69257196e-03	1.84784157e-02
46              	-2.61371621e-02	-2.65001544e-04	4.02022736e-02	4.69966918e-03	1.85091713e-02
47              	-2.61360513e-02	-2.58283762e-04	4.01594217e-02	4.70653152e-03	1.85389539e-02
48              	-2.61353408e-02	-2.52474831e-04	4.01228906e-02	4.71221006e-03	1.85633178e-02
49              	-2.61344275e-02	-2.51938272e-04	4.01185228e-02	4.71664493e-03	1.85818498e-02
50              	-2.61324445e-02	-2.55599279e-04	4.01382828e-02	4.72055851e-03	1.85980540e-02
51              	-2.61289238e-02	-2.58874424e-04	4.01532568e-02	4.72496369e-03	1.86168062e-02
52              	-2.61243751e-02	-2.60153202e-04	4.01544657e-02	4.73042309e-03	1.86404390e-02
53              	-2.61195319e-02	-2.59066521e-04	4.01408396e-02	4.73682402e-03	1.86681827e-02
54              	-2.61148768e-02	-2.55757122e-04	4.01138149e-02	4.74316326e-03	1.86957376e-02
55              	-2.61108379e-02	-2.50461423e-04	4.00753938e-02	4.74823120e-03	1.87178231e-02
56              	-2.61072426e-02	-2.45411764e-04	4.00390024e-02	4.75117427e-03	1.87306905e-02
57              	-2.61034838e-02	-2.40415565e-04	4.00026602e-02	4.75192055e-03	1.87341270e-02
58              	-2.60992415e-02	-2.35261925e-04	3.99645933e-02	4.75132021e-03	1.87318826e-02
59              	-2.60945188e-02	-2.30166626e-04	3.99260283e-02	4.74976655e-03	1.87258541e-02
60              	-2.60896956e-02	-2.25045173e-04	3.98868850e-02	4.74824463e-03	1.87203006e-02
61              	-2.60853040e-02	-2.20751989e-04	3.98532381e-02	4.74759574e-03	1.87185111e-02
62              	-2.60820472e-02	-2.18676400e-04	3.98348293e-02	4.74848893e-03	1.87228491e-02
63              	-2.60800051e-02	-2.19433503e-04	3.98355455e-02	4.75093855e-03	1.87335686e-02
64              	-2.60788739e-02	-2.22013910e-04	3.98486295e-02	4.75531365e-03	1.87526528e-02
65              	-2.60784707e-02	-2.24373288e-04	3.98613825e-02	4.76248369e-03	1.87839094e-02
66              	-2.60781434e-02	-2.25149144e-04	3.98648518e-02	4.77108835e-03	1.88213041e-02
67              	-2.60772529e-02	-2.26825051e-04	3.98734147e-02	4.78016900e-03	1.88601584e-02
68              	-2.60749406e-02	-2.26379549e-04	3.98673790e-02	4.78881392e-03	1.88969025e-02
69              	-2.60711761e-02	-2.22730802e-04	3.98397840e-02	4.79659889e-03	1.89301220e-02
70              	-2.60662783e-02	-2.17305228e-04	3.97995463e-02	4.80513914e-03	1.89668105e-02
71              	-2.60606755e-02	-2.13535900e-04	3.97682994e-02	4.81572347e-03	1.90120981e-02
72              	-2.60548217e-02	-2.14395757e-04	3.97650185e-02	4.82763512e-03	1.90626056e-02
73              	-2.60489181e-02	-2.17968281e-04	3.97782553e-02	4.83964142e-03	1.91131170e-02
74              	-2.60430956e-02	-2.19609632e-04	3.97796337e-02	4.85020402e-03	1.91576068e-02
75              	-2.60372982e-02	-2.17422160e-04	3.97573273e-02	4.85882372e-03	1.91942977e-02
76              	-2.60311595e-02	-2.12294469e-04	3.97163221e-02	4.86625536e-03	1.92263361e-02
77              	-2.60245295e-02	-2.05465197e-04	3.96641712e-02	4.87353422e-03	1.92578436e-02
78              	-2.60174640e-02	-1.99485582e-04	3.96166806e-02	4.88061994e-03	1.92883749e-02
79              	-2.60102075e-02	-1.95150768e-04	3.95790855e-02	4.88688077e-03	1.93151894e-02
80              	-2.60028361e-02	-1.92263261e-04	3.95501882e-02	4.89246857e-03	1.93390375e-02
81              	-2.59954377e-02	-1.90889063e-04	3.95305362e-02	4.89812447e-03	1.93630420e-02
82              	-2.59882327e-02	-1.90813262e-04	3.95191883e-02	4.90438693e-03	1.93894474e-02
83              	-2.59815697e-02	-1.92404724e-04	3.95191673e-02	4.91093037e-03	1.94166125e-02
84              	-2.59755888e-02	-1.96331645e-04	3.95349547e-02	4.91753724e-03	1.94435313e-02
85              	-2.59699570e-02	-2.01956499e-04	3.95620749e-02	4.92495124e-03	1.94735236e-02
86              	-2.59643567e-02	-2.06613743e-04	3.95834433e-02	4.93399614e-03	1.95104499e-02
87              	-2.59587556e-02	-2.07102730e-04	3.95792394e-02	4.94534277e-03	1.95573207e-02
88              	-2.59528959e-02	-2.04044999e-04	3.95528484e-02	4.95899268e-03	1.96141642e-02
89              	-2.59465650e-02	-2.01546656e-04	3.95290796e-02	4.97311098e-03	1.96732733e-02
90              	-2.59394749e-02	-2.02852448e-04	3.95273430e-02	4.98677830e-03	1.97307246e-02
91              	-2.59317162e-02	-2.08390417e-04	3.95503803e-02	4.99979090e-03	1.97854391e-02
92              	-2.59230919e-02	-2.14508047e-04	3.95755908e-02	5.01379320e-03	1.98443739e-02
93              	-2.59135051e-02	-2.18924931e-04	3.95889231e-02	5.02971017e-03	1.99114976e-02
94              	-2.59031956e-02	-2.21932790e-04	3.95925590e-02	5.04670606e-03	1.99832332e-02
95              	-2.58926446e-02	-2.23741997e-04	3.95884395e-02	5.06371607e-03	2.00549897e-02
96              	-2.58820670e-02	-2.24394012e-04	3.95770535e-02	5.07942478e-03	2.01212612e-02
97              	-2.58714898e-02	-2.23973369e-04	3.95589790e-02	5.09339996e-03	2.01802281e-02
98              	-2.58608635e-02	-2.22999827e-04	3.95374224e-02	5.10561178e-03	2.02316307e-02
99              	-2.58500816e-02	-2.21541132e-04	3.95126824e-02	5.11654151e-03	2.02774511e-02
100             	-2.58391515e-02	-2.20683725e-04	3.94914680e-02	5.12718323e-03	2.03216951e-02
101             	-2.58282318e-02	-2.20826864e-04	3.94764070e-02	5.13772962e-03	2.03651963e-02
102             	-2.58175570e-02	-2.23157950e-04	3.94752021e-02	5.14820694e-03	2.04079616e-02
103             	-2.58071110e-02	-2.26011967e-04	3.94776029e-02	5.15874951e-03	2.04507821e-02
104             	-2.57967385e-02	-2.30607009e-04	3.94909711e-02	5.16940181e-03	2.04939016e-02
105             	-2.57861891e-02	-2.36627358e-04	3.95130297e-02	5.18064544e-03	2.05394785e-02
106             	-2.57753774e-02	-2.42450762e-04	3.95336595e-02	5.19307962e-03	2.05900412e-02
107             	-2.57641705e-02	-2.45701003e-04	3.95379979e-02	5.20734865e-03	2.06483627e-02
108             	-2.57526391e-02	-2.45386616e-04	3.95200631e-02	5.22334966e-03	2.07140798e-02
109             	-2.57409504e-02	-2.42942241e-04	3.94888550e-02	5.24063515e-03	2.07853849e-02
110             	-2.57290547e-02	-2.41654092e-04	3.94643629e-02	5.25838073e-03	2.08589330e-02
111             	-2.57167571e-02	-2.44288090e-04	3.94632074e-02	5.27617736e-03	2.09329012e-02
112             	-2.57038895e-02	-2.49543931e-04	3.94771458e-02	5.29426549e-03	2.10083171e-02
113             	-2.56904406e-02	-2.54817754e-04	3.94902315e-02	5.31303516e-03	2.10867605e-02
114             	-2.56766359e-02	-2.59249087e-04	3.94975590e-02	5.33216360e-03	2.11668140e-02
115             	-2.56624249e-02	-2.64135664e-04	3.95071659e-02	5.35148756e-03	2.12476164e-02
116             	-2.56479720e-02	-2.70659371e-04	3.95265457e-02	5.37058489e-03	2.13272469e-02
117             	-2.56335903e-02	-2.76627155e-04	3.95425888e-02	5.38908134e-03	2.14041801e-02
118             	-2.56193896e-02	-2.79488102e-04	3.95397153e-02	5.40696431e-03	2.14784762e-02
119             	-2.56053200e-02	-2.80245357e-04	3.95240512e-02	5.42416850e-03	2.15497466e-02
120             	-2.55914408e-02	-2.80701328e-04	3.95068480e-02	5.44083154e-03	2.16183965e-02
121             	-2.55773740e-02	-2.81772064e-04	3.94931682e-02	5.45747276e-03	2.16866426e-02
122             	-2.55636231e-02	-2.83581385e-04	3.94844323e-02	5.47162221e-03	2.17440988e-02
123             	-2.55496794e-02	-2.86080317e-04	3.94796002e-02	5.48626190e-03	2.18035045e-02
124             	-2.55355305e-02	-2.88837377e-04	3.94760265e-02	5.50280120e-03	2.18709851e-02
125             	-2.55209077e-02	-2.91645967e-04	3.94720982e-02	5.52097163e-03	2.19454531e-02
126             	-2.55058538e-02	-2.94649468e-04	3.94688172e-02	5.53958328e-03	2.20218242e-02
127             	-2.54905714e-02	-2.97449114e-04	3.94640171e-02	5.55831295e-03	2.20987957e-02
128             	-2.54749598e-02	-2.99598497e-04	3.94547679e-02	5.57804027e-03	2.21801096e-02
129             	-2.54590122e-02	-3.00391343e-04	3.94366935e-02	5.59997910e-03	2.22709856e-02
130             	-2.54429457e-02	-2.99993128e-04	3.94111265e-02	5.62433721e-03	2.23722646e-02
131             	-2.54269619e-02	-2.99026824e-04	3.93822305e-02	5.65052616e-03	2.24814498e-02
132             	-2.54109317e-02	-2.98617407e-04	3.93567513e-02	5.67768695e-03	2.25948097e-02
133             	-2.53947808e-02	-2.99599655e-04	3.93397120e-02	5.70502397e-03	2.27090179e-02
134             	-2.53780723e-02	-3.03679124e-04	3.93409548e-02	5.73291889e-03	2.28255397e-02
135             	-2.53612506e-02	-3.10004238e-04	3.93558082e-02	5.76159951e-03	2.29453274e-02
136             	-2.53446916e-02	-3.16257138e-04	3.93704992e-02	5.79021371e-03	2.30648626e-02
137             	-2.53284632e-02	-3.21208985e-04	3.93775776e-02	5.81818207e-03	2.31817552e-02
138             	-2.53121432e-02	-3.25765342e-04	3.93819806e-02	5.84519982e-03	2.32946720e-02
139             	-2.52954365e-02	-3.29662014e-04	3.93817395e-02	5.87164858e-03	2.34052245e-02
140             	-2.52782206e-02	-3.32929391e-04	3.93769115e-02	5.89830748e-03	2.35165083e-02
141             	-2.52607838e-02	-3.35312676e-04	3.93663192e-02	5.92532509e-03	2.36290836e-02
142             	-2.52431918e-02	-3.36420418e-04	3.93476510e-02	5.95230916e-03	2.37412706e-02
143             	-2.52252705e-02	-3.36046783e-04	3.93193881e-02	5.97915993e-03	2.38527676e-02
144             	-2.52068308e-02	-3.34282677e-04	3.92818462e-02	6.00561344e-03	2.39625081e-02
145             	-2.51876508e-02	-3.31519299e-04	3.92370591e-02	6.03229723e-03	2.40732882e-02
146             	-2.51676670e-02	-3.28313714e-04	3.91883219e-02	6.05978624e-03	2.41875557e-02
147             	-2.51471241e-02	-3.25797118e-04	3.91429441e-02	6.08824581e-03	2.43059916e-02
148             	-2.51261783e-02	-3.24009212e-04	3.91013649e-02	6.11736413e-03	2.44273036e-02
149             	-2.51049760e-02	-3.22668516e-04	3.90620636e-02	6.14746663e-03	2.45529713e-02
150             	-2.50834431e-02	-3.22016239e-04	3.90264449e-02	6.17869635e-03	2.46836111e-02
151             	-2.50616410e-02	-3.22282293e-04	3.89960130e-02	6.21141041e-03	2.48207735e-02
152             	-2.50395572e-02	-3.24202461e-04	3.89753114e-02	6.24531325e-03	2.49630453e-02
153             	-2.50176216e-02	-3.27936300e-04	3.89660289e-02	6.28010658e-03	2.51090165e-02
154             	-2.49959055e-02	-3.33219363e-04	3.89666981e-02	6.31525944e-03	2.52562950e-02
155             	-2.49746054e-02	-3.39596654e-04	3.89747311e-02	6.35059821e-03	2.54042469e-02
156             	-2.49534550e-02	-3.46576970e-04	3.89866574e-02	6.38596047e-03	2.55522333e-02
157             	-2.49324240e-02	-3.53640808e-04	3.89992405e-02	6.42135234e-03	2.57002899e-02
158             	-2.49114317e-02	-3.60174002e-04	3.90086770e-02	6.45641715e-03	2.58467890e-02
159             	-2.48905728e-02	-3.65326203e-04	3.90099448e-02	6.49095744e-03	2.59908801e-02
160             	-2.48695388e-02	-3.69248140e-04	3.90035451e-02	6.52481171e-03	2.61318515e-02
161             	-2.48482114e-02	-3.71398228e-04	3.89859407e-02	6.55828731e-03	2.62711709e-02
162             	-2.48265482e-02	-3.71546782e-04	3.89556343e-02	6.59152627e-03	2.64095022e-02
163             	-2.48044835e-02	-3.70478634e-04	3.89173087e-02	6.62524040e-03	2.65499057e-02
164             	-2.47817625e-02	-3.69123583e-04	3.88763194e-02	6.65954803e-03	2.66927915e-02
165             	-2.47584328e-02	-3.67679275e-04	3.88339322e-02	6.69460893e-03	2.68388685e-02
166             	-2.47345733e-02	-3.66653892e-04	3.87933846e-02	6.73043750e-03	2.69881577e-02
167             	-2.47102267e-02	-3.66038522e-04	3.87546520e-02	6.76706365e-03	2.71408666e-02
168             	-2.46851800e-02	-3.66060919e-04	3.87188007e-02	6.80415211e-03	2.72955470e-02
169             	-2.46595248e-02	-3.66758430e-04	3.86861212e-02	6.84173694e-03	2.74524123e-02
170             	-2.46335450e-02	-3.67977558e-04	3.86560998e-02	6.87989790e-03	2.76117285e-02
171             	-2.46076096e-02	-3.69680693e-04	3.86290673e-02	6.91869108e-03	2.77736825e-02
172             	-2.45816414e-02	-3.72152377e-04	3.86066934e-02	6.95751188e-03	2.79355941e-02
173             	-2.45556218e-02	-3.75299048e-04	3.85882649e-02	6.99635639e-03	2.80976410e-02
174             	-2.45295552e-02	-3.79160078e-04	3.85739971e-02	7.03528493e-03	2.82601047e-02
175             	-2.45035251e-02	-3.83357185e-04	3.85616707e-02	7.07467680e-03	2.84246309e-02
176             	-2.44772924e-02	-3.87666360e-04	3.85496470e-02	7.11411828e-03	2.85893265e-02
177             	-2.44509506e-02	-3.91653770e-04	3.85354296e-02	7.15378741e-03	2.87549562e-02
178             	-2.44246140e-02	-3.95119061e-04	3.85180191e-02	7.19365952e-03	2.89213937e-02
179             	-2.43982597e-02	-3.97494125e-04	3.84939020e-02	7.23412376e-03	2.90903736e-02
180             	-2.43714798e-02	-3.98666706e-04	3.84618420e-02	7.27512279e-03	2.92616002e-02
181             	-2.43442343e-02	-3.98705376e-04	3.84221835e-02	7.31679530e-03	2.94357115e-02
182             	-2.43166979e-02	-3.97683703e-04	3.83756908e-02	7.35921687e-03	2.96129907e-02
183             	-2.42890597e-02	-3.96292327e-04	3.83269144e-02	7.40274709e-03	2.97949698e-02
184             	-2.42610197e-02	-3.95667137e-04	3.82824138e-02	7.44721788e-03	2.99808521e-02
185             	-2.42325129e-02	-3.95789406e-04	3.82419234e-02	7.49259762e-03	3.01706085e-02
186             	-2.42036980e-02	-3.96903074e-04	3.82071634e-02	7.53840387e-03	3.03621641e-02
187             	-2.41747595e-02	-3.99278034e-04	3.81799983e-02	7.58447409e-03	3.05549091e-02
188             	-2.41453833e-02	-4.02720987e-04	3.81587794e-02	7.63024401e-03	3.07463740e-02
189             	-2.41157416e-02	-4.06911785e-04	3.81417715e-02	7.67558170e-03	3.09359790e-02
190             	-2.40860254e-02	-4.11798695e-04	3.81289620e-02	7.72055793e-03	3.11238672e-02
191             	-2.40563958e-02	-4.16847617e-04	3.81172067e-02	7.76563232e-03	3.13121179e-02
192             	-2.40264832e-02	-4.21943069e-04	3.81051807e-02	7.81054606e-03	3.14996677e-02
193             	-2.39963143e-02	-4.26552701e-04	3.80895979e-02	7.85543137e-03	3.16871407e-02
194             	-2.39660584e-02	-4.30578781e-04	3.80702018e-02	7.90003439e-03	3.18733022e-02
195             	-2.39358945e-02	-4.34090271e-04	3.80476966e-02	7.94483568e-03	3.20602156e-02
196             	-2.39053035e-02	-4.36798085e-04	3.80195779e-02	7.98994161e-03	3.22483258e-02
197             	-2.38741565e-02	-4.38293459e-04	3.79831114e-02	8.03569930e-03	3.24392927e-02
198             	-2.38424630e-02	-4.37846214e-04	3.79338523e-02	8.08207861e-03	3.26330452e-02
199             	-2.38104800e-02	-4.35590483e-04	3.78730367e-02	8.12946713e-03	3.28312731e-02
200             	-2.37778893e-02	-4.32379265e-04	3.78054924e-02	8.17781855e-03	3.30336572e-02
201             	-2.37448841e-02	-4.29074576e-04	3.77368396e-02	8.22729711e-03	3.32408596e-02
202             	-2.37115538e-02	-4.26758544e-04	3.76739008e-02	8.27776608e-03	3.34521715e-02
203             	-2.36781281e-02	-4.25400252e-04	3.76167937e-02	8.32931700e-03	3.36681174e-02
204             	-2.36442576e-02	-4.24769259e-04	3.75636034e-02	8.38142733e-03	3.38864874e-02
205             	-2.36101596e-02	-4.26039874e-04	3.75218467e-02	8.43403539e-03	3.41069509e-02
206             	-2.35758316e-02	-4.29110395e-04	3.74908952e-02	8.48682209e-03	3.43280884e-02
207             	-2.35417904e-02	-4.33950824e-04	3.74713123e-02	8.53954107e-03	3.45488093e-02
208             	-2.35078495e-02	-4.40213174e-04	3.74607059e-02	8.59169227e-03	3.47668514e-02
209             	-2.34741187e-02	-4.47902615e-04	3.74592123e-02	8.64340033e-03	3.49827808e-02
210             	-2.34405665e-02	-4.56384631e-04	3.74627381e-02	8.69476876e-03	3.51972352e-02
211             	-2.34074013e-02	-4.64608751e-04	3.74650429e-02	8.74616562e-03	3.54119578e-02
212             	-2.33739982e-02	-4.72327006e-04	3.74637431e-02	8.79745260e-03	3.56262146e-02
213             	-2.33402527e-02	-4.78758175e-04	3.74539627e-02	8.84874968e-03	3.58404312e-02
214             	-2.33065250e-02	-4.84310089e-04	3.74388111e-02	8.90027430e-03	3.60553781e-02
215             	-2.32728739e-02	-4.88371799e-04	3.74145839e-02	8.95243537e-03	3.62729913e-02
216             	-2.32383818e-02	-4.89679330e-04	3.73721516e-02	9.00514221e-03	3.64930496e-02
217             	-2.32028903e-02	-4.87749196e-04	3.73083173e-02	9.05855755e-03	3.67163387e-02
218             	-2.31665813e-02	-4.83313929e-04	3.72279440e-02	9.11276325e-03	3.69430868e-02
219             	-2.31297883e-02	-4.77421472e-04	3.71379507e-02	9.16826566e-03	3.71755479e-02
220             	-2.30921661e-02	-4.71584765e-04	3.70471910e-02	9.22488631e-03	3.74127754e-02
221             	-2.30539083e-02	-4.66901447e-04	3.69626689e-02	9.28273432e-03	3.76552361e-02
222             	-2.30148854e-02	-4.63564986e-04	3.68853641e-02	9.34162544e-03	3.79021241e-02
223             	-2.29755725e-02	-4.60907978e-04	3.68118536e-02	9.40123357e-03	3.81521797e-02
224             	-2.29357079e-02	-4.60371615e-04	3.67506062e-02	9.46098700e-03	3.84028279e-02
225             	-2.28955178e-02	-4.61881052e-04	3.67014497e-02	9.52063951e-03	3.86530871e-02
226             	-2.28553128e-02	-4.65633003e-04	3.66660973e-02	9.57950091e-03	3.88997998e-02
227             	-2.28158057e-02	-4.71487178e-04	3.66447355e-02	9.63786510e-03	3.91441030e-02
228             	-2.27766073e-02	-4.78939545e-04	3.66336298e-02	9.69586795e-03	3.93865887e-02
229             	-2.27374276e-02	-4.86939265e-04	3.66256812e-02	9.75387104e-03	3.96291809e-02
230             	-2.26983881e-02	-4.95464398e-04	3.66209252e-02	9.81192897e-03	3.98720753e-02
231             	-2.26601512e-02	-5.03939547e-04	3.66168800e-02	9.86996596e-03	4.01148545e-02
232             	-2.26220191e-02	-5.11884746e-04	3.66096605e-02	9.92750634e-03	4.03553404e-02
233             	-2.25836379e-02	-5.18565145e-04	3.65942588e-02	9.98493327e-03	4.05952467e-02
234             	-2.25450768e-02	-5.23069932e-04	3.65651975e-02	1.00429441e-02	4.08376152e-02
235             	-2.25064899e-02	-5.23523375e-04	3.65111895e-02	1.01019344e-02	4.10843624e-02
236             	-2.24672361e-02	-5.19765072e-04	3.64304240e-02	1.01611721e-02	4.13323690e-02
237             	-2.24269502e-02	-5.13203504e-04	3.63310234e-02	1.02210665e-02	4.15834028e-02
238             	-2.23856944e-02	-5.06034113e-04	3.62266305e-02	1.02822576e-02	4.18400339e-02
239             	-2.23440959e-02	-4.99496914e-04	3.61257888e-02	1.03455061e-02	4.21054294e-02
240             	-2.23017479e-02	-4.94774819e-04	3.60351697e-02	1.04099632e-02	4.23758488e-02
241             	-2.22585112e-02	-4.91087702e-04	3.59496655e-02	1.04753204e-02	4.26501865e-02
242             	-2.22147146e-02	-4.88286658e-04	3.58689140e-02	1.05410073e-02	4.29259592e-02
243             	-2.21708124e-02	-4.88051316e-04	3.58038022e-02	1.06068322e-02	4.32023986e-02
244             	-2.21261723e-02	-4.90410508e-04	3.57535676e-02	1.06719841e-02	4.34759236e-02
245             	-2.20810617e-02	-4.94687926e-04	3.57144593e-02	1.07364957e-02	4.37465388e-02
246             	-2.20362857e-02	-5.01263792e-04	3.56900392e-02	1.08007615e-02	4.40155682e-02
247             	-2.19923313e-02	-5.08865091e-04	3.56729050e-02	1.08655423e-02	4.42867302e-02
248             	-2.19483348e-02	-5.16602039e-04	3.56562365e-02	1.09298704e-02	4.45560458e-02
249             	-2.19039852e-02	-5.24512510e-04	3.56397662e-02	1.09940345e-02	4.48247722e-02
250             	-2.18598404e-02	-5.31660373e-04	3.56187611e-02	1.10581625e-02	4.50931178e-02
251             	-2.18164763e-02	-5.37951694e-04	3.55935407e-02	1.11234270e-02	4.53660456e-02
252             	-2.17729289e-02	-5.42716667e-04	3.55586156e-02	1.11893345e-02	4.56415571e-02
253             	-2.17284797e-02	-5.44800584e-04	3.55057701e-02	1.12559235e-02	4.59201306e-02
254             	-2.16834704e-02	-5.42631854e-04	3.54259361e-02	1.13232293e-02	4.62019674e-02
255             	-2.16385282e-02	-5.35878250e-04	3.53180979e-02	1.13922770e-02	4.64914605e-02
256             	-2.15928148e-02	-5.26267782e-04	3.51917108e-02	1.14626273e-02	4.67866693e-02
257             	-2.15458578e-02	-5.17142119e-04	3.50666640e-02	1.15345281e-02	4.70885900e-02
258             	-2.14981917e-02	-5.10294401e-04	3.49548742e-02	1.16081211e-02	4.73975477e-02
259             	-2.14504384e-02	-5.05771899e-04	3.48574221e-02	1.16840890e-02	4.77165897e-02
260             	-2.14018109e-02	-5.02689639e-04	3.47677091e-02	1.17612114e-02	4.80404836e-02
261             	-2.13524135e-02	-5.02296426e-04	3.46935427e-02	1.18384156e-02	4.83646608e-02
262             	-2.13027010e-02	-5.05393774e-04	3.46404677e-02	1.19149756e-02	4.86860075e-02
263             	-2.12535223e-02	-5.11860708e-04	3.46089397e-02	1.19906944e-02	4.90037206e-02
264             	-2.12045292e-02	-5.21098268e-04	3.45948042e-02	1.20646571e-02	4.93136543e-02
265             	-2.11554409e-02	-5.31662091e-04	3.45886016e-02	1.21380085e-02	4.96208029e-02
266             	-2.11061863e-02	-5.42481367e-04	3.45834865e-02	1.22108901e-02	4.99259445e-02
267             	-2.10574655e-02	-5.52449503e-04	3.45735602e-02	1.22831037e-02	5.02284886e-02
268             	-2.10092897e-02	-5.61595385e-04	3.45591359e-02	1.23534784e-02	5.05231840e-02
269             	-2.09617335e-02	-5.69021011e-04	3.45348743e-02	1.24228982e-02	5.08137777e-02
270             	-2.09138579e-02	-5.75024882e-04	3.45013310e-02	1.24923486e-02	5.11042402e-02
271             	-2.08652330e-02	-5.77541075e-04	3.44451029e-02	1.25627036e-02	5.13986376e-02
272             	-2.08159478e-02	-5.75135401e-04	3.43575671e-02	1.26336335e-02	5.16956788e-02
273             	-2.07665915e-02	-5.67021689e-04	3.42348263e-02	1.27053815e-02	5.19965843e-02
274             	-2.07162665e-02	-5.55064092e-04	3.40870979e-02	1.27782283e-02	5.23024549e-02
275             	-2.06644325e-02	-5.42627933e-04	3.39343325e-02	1.28525154e-02	5.26146230e-02
276             	-2.06119646e-02	-5.32370442e-04	3.37942733e-02	1.29285032e-02	5.29339050e-02
277             	-2.05595727e-02	-5.24405313e-04	3.36685760e-02	1.30071647e-02	5.32645604e-02
278             	-2.05060232e-02	-5.18513530e-04	3.35541068e-02	1.30875705e-02	5.36025422e-02
279             	-2.04514142e-02	-5.15254261e-04	3.34544460e-02	1.31689152e-02	5.39444489e-02
280             	-2.03960111e-02	-5.16556743e-04	3.33818070e-02	1.32506381e-02	5.42877622e-02
281             	-2.03409980e-02	-5.22675597e-04	3.33394369e-02	1.33325807e-02	5.46318321e-02
282             	-2.02864741e-02	-5.33025963e-04	3.33239528e-02	1.34133832e-02	5.49705208e-02
283             	-2.02320649e-02	-5.45730534e-04	3.33230480e-02	1.34940235e-02	5.53081624e-02
284             	-2.01777847e-02	-5.58665866e-04	3.33235242e-02	1.35745615e-02	5.56452602e-02
285             	-2.01245186e-02	-5.70039301e-04	3.33155362e-02	1.36551383e-02	5.59827463e-02
286             	-2.00713114e-02	-5.80270279e-04	3.33004254e-02	1.37342585e-02	5.63140279e-02
287             	-2.00178831e-02	-5.89302680e-04	3.32775481e-02	1.38127727e-02	5.66425924e-02
288             	-1.99643251e-02	-5.96912984e-04	3.32457216e-02	1.38918587e-02	5.69733191e-02
289             	-1.99109861e-02	-6.00272140e-04	3.31878649e-02	1.39724248e-02	5.73106018e-02
290             	-1.98568922e-02	-5.98153972e-04	3.30951023e-02	1.40532593e-02	5.76493110e-02
291             	-1.98012509e-02	-5.90265268e-04	3.29644955e-02	1.41343936e-02	5.79897640e-02
292             	-1.97444925e-02	-5.78591839e-04	3.28091042e-02	1.42170080e-02	5.83366896e-02
293             	-1.96875964e-02	-5.66225326e-04	3.26494199e-02	1.43025800e-02	5.86963212e-02
294             	-1.96293066e-02	-5.55735936e-04	3.24993918e-02	1.43902323e-02	5.90648290e-02
295             	-1.95691441e-02	-5.46849314e-04	3.23566054e-02	1.44798053e-02	5.94416048e-02
296             	-1.95078102e-02	-5.40690775e-04	3.22290728e-02	1.45712748e-02	5.98262289e-02
297             	-1.94465933e-02	-5.37204587e-04	3.21182705e-02	1.46648434e-02	6.02197263e-02
298             	-1.93846404e-02	-5.38351555e-04	3.20350606e-02	1.47586695e-02	6.06141202e-02
299             	-1.93219981e-02	-5.44486749e-04	3.19816408e-02	1.48520822e-02	6.10065682e-02
300             	-1.92594770e-02	-5.55132346e-04	3.19562197e-02	1.49444740e-02	6.13942147e-02
301             	-1.91980955e-02	-5.67542453e-04	3.19431336e-02	1.50365727e-02	6.17804246e-02
302             	-1.91346890e-02	-5.78351947e-04	3.19168558e-02	1.51440562e-02	6.22320863e-02
303             	-1.90719555e-02	-5.87574981e-04	3.18815492e-02	1.52473274e-02	6.26659172e-02
304             	-1.90118700e-02	-5.97308614e-04	3.18533491e-02	1.53341462e-02	6.30293655e-02
305             	-1.89544942e-02	-6.06792511e-04	3.18275958e-02	1.54110918e-02	6.33505889e-02
306             	-1.88971185e-02	-6.14086947e-04	3.17883452e-02	1.54889050e-02	6.36753882e-02
307             	-1.88378173e-02	-6.16463790e-04	3.17156954e-02	1.55735760e-02	6.40299301e-02
308             	-1.87774045e-02	-6.13320596e-04	3.16072919e-02	1.56627305e-02	6.44039390e-02
309             	-1.87178667e-02	-6.05150461e-04	3.14691972e-02	1.57518149e-02	6.47780029e-02
310             	-1.86584319e-02	-5.94505526e-04	3.13161828e-02	1.58381393e-02	6.51403390e-02
311             	-1.85978673e-02	-5.83823163e-04	3.11614000e-02	1.59239540e-02	6.55005684e-02
312             	-1.85362303e-02	-5.75235655e-04	3.10181140e-02	1.60126069e-02	6.58727576e-02
313             	-1.84742828e-02	-5.68321859e-04	3.08847047e-02	1.61065659e-02	6.62677730e-02
314             	-1.84111992e-02	-5.63817367e-04	3.07645609e-02	1.62039578e-02	6.66774442e-02
315             	-1.83469274e-02	-5.61500687e-04	3.06562937e-02	1.63023768e-02	6.70915432e-02
316             	-1.82819805e-02	-5.64526314e-04	3.05801467e-02	1.64001612e-02	6.75025573e-02
317             	-1.82174167e-02	-5.72996318e-04	3.05381303e-02	1.64984318e-02	6.79153991e-02
318             	-1.81525774e-02	-5.84846059e-04	3.05164663e-02	1.65971761e-02	6.83299719e-02
319             	-1.80877806e-02	-5.96965865e-04	3.04963169e-02	1.66965514e-02	6.87471099e-02
320             	-1.80229839e-02	-6.06416774e-04	3.04596018e-02	1.67959706e-02	6.91643426e-02
321             	-1.79592724e-02	-6.13603289e-04	3.04104744e-02	1.68937468e-02	6.95745461e-02
322             	-1.78958599e-02	-6.20038402e-04	3.03572483e-02	1.69882370e-02	6.99705045e-02
323             	-1.78322094e-02	-6.24267968e-04	3.02900953e-02	1.70805432e-02	7.03571793e-02
324             	-1.77679858e-02	-6.25257306e-04	3.02019748e-02	1.71728812e-02	7.07441313e-02
325             	-1.77040206e-02	-6.21623493e-04	3.00854841e-02	1.72673466e-02	7.11405485e-02
326             	-1.76388601e-02	-6.13576375e-04	2.99398712e-02	1.73629740e-02	7.15422398e-02
327             	-1.75722316e-02	-6.02441735e-04	2.97730489e-02	1.74592510e-02	7.19469416e-02
328             	-1.75047052e-02	-5.90737278e-04	2.96015056e-02	1.75565843e-02	7.23561693e-02
329             	-1.74375332e-02	-5.81199662e-04	2.94437745e-02	1.76565245e-02	7.27766693e-02
330             	-1.73693715e-02	-5.73485251e-04	2.92957663e-02	1.77592570e-02	7.32092192e-02
331             	-1.72993904e-02	-5.66527888e-04	2.91496991e-02	1.78645834e-02	7.36531482e-02
332             	-1.72282601e-02	-5.62923324e-04	2.90227835e-02	1.79715645e-02	7.41039260e-02
333             	-1.71571358e-02	-5.63127621e-04	2.89193950e-02	1.80808397e-02	7.45645281e-02
334             	-1.70848679e-02	-5.67478777e-04	2.88398915e-02	1.81912383e-02	7.50299713e-02
335             	-1.70115267e-02	-5.74634730e-04	2.87759756e-02	1.83024397e-02	7.54989899e-02
336             	-1.69377251e-02	-5.82526610e-04	2.87158445e-02	1.84136134e-02	7.59678857e-02
337             	-1.68652555e-02	-5.88568243e-04	2.86462055e-02	1.85247860e-02	7.64369127e-02
338             	-1.67929254e-02	-5.92328822e-04	2.85627394e-02	1.86342899e-02	7.68987722e-02
339             	-1.67208235e-02	-5.93910064e-04	2.84662151e-02	1.87410599e-02	7.73490361e-02
340             	-1.66490950e-02	-5.93308940e-04	2.83568387e-02	1.88448438e-02	7.77866820e-02
341             	-1.65788889e-02	-5.88999075e-04	2.82267419e-02	1.89472947e-02	7.82191468e-02
342             	-1.65085745e-02	-5.81012543e-04	2.80736227e-02	1.90491651e-02	7.86496587e-02
343             	-1.64378861e-02	-5.69623200e-04	2.78988414e-02	1.91507338e-02	7.90792505e-02
344             	-1.63674252e-02	-5.56474260e-04	2.77136388e-02	1.92516017e-02	7.95058049e-02
345             	-1.62983604e-02	-5.43175642e-04	2.75295672e-02	1.93528750e-02	7.99342425e-02
346             	-1.62294025e-02	-5.31219749e-04	2.73539478e-02	1.94540259e-02	8.03622284e-02
347             	-1.61597228e-02	-5.21299364e-04	2.71897387e-02	1.95555639e-02	8.07920782e-02
348             	-1.60898720e-02	-5.14051300e-04	2.70417977e-02	1.96579925e-02	8.12256042e-02
349             	-1.60210929e-02	-5.09009876e-04	2.69090305e-02	1.97621249e-02	8.16664363e-02
350             	-1.59521849e-02	-5.06629381e-04	2.67925679e-02	1.98663830e-02	8.21077147e-02
351             	-1.58824348e-02	-5.07140466e-04	2.66926813e-02	1.99701478e-02	8.25469544e-02
352             	-1.58120433e-02	-5.10016694e-04	2.66064061e-02	2.00735998e-02	8.29848483e-02
353             	-1.57422084e-02	-5.13294041e-04	2.65233028e-02	2.01775599e-02	8.34251255e-02
354             	-1.56722467e-02	-5.16158983e-04	2.64373769e-02	2.02811067e-02	8.38637445e-02
355             	-1.56019073e-02	-5.17174904e-04	2.63394260e-02	2.03831576e-02	8.42960793e-02
356             	-1.55319736e-02	-5.16575865e-04	2.62321973e-02	2.04827176e-02	8.47176339e-02
357             	-1.54633669e-02	-5.13663182e-04	2.61126881e-02	2.05801865e-02	8.51304083e-02
358             	-1.53951999e-02	-5.08648694e-04	2.59808398e-02	2.06764394e-02	8.55382216e-02
359             	-1.53262999e-02	-5.01156752e-04	2.58325700e-02	2.07720800e-02	8.59437224e-02
360             	-1.52578428e-02	-4.92513037e-04	2.56778466e-02	2.08682593e-02	8.63514863e-02
361             	-1.51900848e-02	-4.83271771e-04	2.55204986e-02	2.09649922e-02	8.67614946e-02
362             	-1.51224747e-02	-4.74178376e-04	2.53643256e-02	2.10620257e-02	8.71726410e-02
363             	-1.50551899e-02	-4.66568779e-04	2.52178499e-02	2.11597139e-02	8.75863781e-02
364             	-1.49874298e-02	-4.60984397e-04	2.50832206e-02	2.12577096e-02	8.80012336e-02
365             	-1.49198311e-02	-4.57388281e-04	2.49610921e-02	2.13572262e-02	8.84224471e-02
366             	-1.48521887e-02	-4.55277821e-04	2.48480532e-02	2.14580969e-02	8.88493989e-02
367             	-1.47839293e-02	-4.54662002e-04	2.47433273e-02	2.15593454e-02	8.92779418e-02
368             	-1.47161013e-02	-4.56035352e-04	2.46515607e-02	2.16612504e-02	8.97090529e-02
369             	-1.46483870e-02	-4.58975932e-04	2.45695948e-02	2.17628149e-02	9.01386414e-02
370             	-1.45798403e-02	-4.62335699e-04	2.44888909e-02	2.18634817e-02	9.05644689e-02
371             	-1.45110066e-02	-4.65270099e-04	2.44050584e-02	2.19633680e-02	9.09870841e-02
372             	-1.44411060e-02	-4.67003030e-04	2.43121472e-02	2.20613368e-02	9.14017195e-02
373             	-1.43721913e-02	-4.67236131e-04	2.42113869e-02	2.21586130e-02	9.18134907e-02
374             	-1.43036191e-02	-4.65553919e-04	2.40992651e-02	2.22537094e-02	9.22161527e-02
375             	-1.42348424e-02	-4.61648498e-04	2.39730591e-02	2.23463523e-02	9.26086527e-02
376             	-1.41675554e-02	-4.57343749e-04	2.38467123e-02	2.24377571e-02	9.29951373e-02
377             	-1.41000020e-02	-4.51639202e-04	2.37111886e-02	2.25289347e-02	9.33809540e-02
378             	-1.40323308e-02	-4.44710485e-04	2.35677525e-02	2.26195704e-02	9.37651314e-02
379             	-1.39649578e-02	-4.37118638e-04	2.34206019e-02	2.27077783e-02	9.41392801e-02
380             	-1.39002545e-02	-4.30508260e-04	2.32835480e-02	2.27942758e-02	9.45057471e-02
381             	-1.38375004e-02	-4.25850425e-04	2.31615330e-02	2.28793839e-02	9.48656933e-02
382             	-1.37755959e-02	-4.23252031e-04	2.30535039e-02	2.29638255e-02	9.52224272e-02
383             	-1.37146749e-02	-4.22833903e-04	2.29603603e-02	2.30477908e-02	9.55768848e-02
384             	-1.36553665e-02	-4.23738682e-04	2.28776459e-02	2.31308454e-02	9.59274740e-02
385             	-1.35971874e-02	-4.25962475e-04	2.28046854e-02	2.32118870e-02	9.62693650e-02
386             	-1.35395892e-02	-4.28929102e-04	2.27371800e-02	2.32901979e-02	9.65994653e-02
387             	-1.34834570e-02	-4.32799067e-04	2.26774854e-02	2.33657408e-02	9.69175209e-02
388             	-1.34287922e-02	-4.36292223e-04	2.26176237e-02	2.34385863e-02	9.72241423e-02
389             	-1.33756787e-02	-4.38572963e-04	2.25525638e-02	2.35092840e-02	9.75217334e-02
390             	-1.33228849e-02	-4.38750156e-04	2.24749441e-02	2.35771970e-02	9.78077615e-02
391             	-1.32706449e-02	-4.36291026e-04	2.23818399e-02	2.36422149e-02	9.80818071e-02
392             	-1.32182102e-02	-4.31353713e-04	2.22731148e-02	2.37039187e-02	9.83420938e-02
393             	-1.31659578e-02	-4.24152588e-04	2.21506501e-02	2.37632275e-02	9.85925487e-02
394             	-1.31153836e-02	-4.15217469e-04	2.20198837e-02	2.38220146e-02	9.88411177e-02
395             	-1.30660042e-02	-4.04666591e-04	2.18808207e-02	2.38809092e-02	9.90904998e-02
396             	-1.30172325e-02	-3.93089561e-04	2.17362367e-02	2.39399546e-02	9.93407940e-02
397             	-1.29681682e-02	-3.80782823e-04	2.15867420e-02	2.39982787e-02	9.95881014e-02
398             	-1.29181788e-02	-3.68484587e-04	2.14360119e-02	2.40552371e-02	9.98295312e-02
399             	-1.28700844e-02	-3.57283703e-04	2.12948887e-02	2.41130185e-02	1.00074281e-01
400             	-1.28241133e-02	-3.47030122e-04	2.11626970e-02	2.41721389e-02	1.00324719e-01
401             	-1.27794763e-02	-3.37456977e-04	2.10365944e-02	2.42328142e-02	1.00581824e-01
402             	-1.27353086e-02	-3.28711272e-04	2.09162995e-02	2.42951288e-02	1.00845813e-01
403             	-1.26908162e-02	-3.20748276e-04	2.08004174e-02	2.43571320e-02	1.01108354e-01
404             	-1.26454622e-02	-3.13057457e-04	2.06849881e-02	2.44172562e-02	1.01362901e-01
405             	-1.26016751e-02	-3.05519526e-04	2.05728650e-02	2.44767768e-02	1.01614822e-01
406             	-1.25597753e-02	-2.97416507e-04	2.04600236e-02	2.45359954e-02	1.01865589e-01
407             	-1.25194981e-02	-2.87477472e-04	2.03381046e-02	2.45913552e-02	1.02100276e-01
408             	-1.24788483e-02	-2.75938965e-04	2.02057382e-02	2.46473366e-02	1.02337937e-01
409             	-1.24366207e-02	-2.62580099e-04	2.00597466e-02	2.47052668e-02	1.02584496e-01
410             	-1.23925574e-02	-2.47364269e-04	1.98995124e-02	2.47630233e-02	1.02830983e-01
411             	-1.23478454e-02	-2.30340364e-04	1.97270728e-02	2.48186745e-02	1.03069099e-01
412             	-1.23038762e-02	-2.12250748e-04	1.95490775e-02	2.48724859e-02	1.03299747e-01
413             	-1.22614150e-02	-1.93323628e-04	1.93680403e-02	2.49263843e-02	1.03531108e-01
414             	-1.22195175e-02	-1.74009964e-04	1.91853462e-02	2.49817671e-02	1.03769194e-01
415             	-1.21773058e-02	-1.55166021e-04	1.90050138e-02	2.50386509e-02	1.04013969e-01
416             	-1.21341656e-02	-1.37630047e-04	1.88313971e-02	2.50955124e-02	1.04258670e-01
417             	-1.20903942e-02	-1.21883460e-04	1.86679740e-02	2.51509508e-02	1.04497075e-01
418             	-1.20488253e-02	-1.08310857e-04	1.85213336e-02	2.52067045e-02	1.04736393e-01
419             	-1.20094004e-02	-9.65853030e-05	1.83893115e-02	2.52626037e-02	1.04976067e-01
420             	-1.19711345e-02	-8.67149660e-05	1.82704923e-02	2.53180440e-02	1.05213625e-01
421             	-1.19336267e-02	-7.85990667e-05	1.81636952e-02	2.53728509e-02	1.05448305e-01
422             	-1.18971634e-02	-7.14602579e-05	1.80645181e-02	2.54265589e-02	1.05678207e-01
423             	-1.18617066e-02	-6.49749528e-05	1.79709395e-02	2.54782482e-02	1.05899330e-01
424             	-1.18257425e-02	-5.89063067e-05	1.78793115e-02	2.55265988e-02	1.06106040e-01
425             	-1.17902144e-02	-5.34238089e-05	1.77920953e-02	2.55721315e-02	1.06300561e-01
426             	-1.17563493e-02	-4.80949926e-05	1.77083507e-02	2.56159506e-02	1.06487785e-01
427             	-1.17240362e-02	-4.19878813e-05	1.76220122e-02	2.56584229e-02	1.06669620e-01
428             	-1.16924119e-02	-3.47352600e-05	1.75294893e-02	2.56996518e-02	1.06846670e-01
429             	-1.16604830e-02	-2.64298726e-05	1.74299416e-02	2.57392194e-02	1.07017110e-01
430             	-1.16278618e-02	-1.72775436e-05	1.73241510e-02	2.57766649e-02	1.07178826e-01
431             	-1.15948731e-02	-7.52094485e-06	1.72141451e-02	2.58118142e-02	1.07330954e-01
432             	-1.15631591e-02	2.21413761e-06	1.71062260e-02	2.58459407e-02	1.07478786e-01
433             	-1.15334811e-02	1.20773621e-05	1.70004937e-02	2.58805147e-02	1.07628709e-01
434             	-1.15052538e-02	2.17359645e-05	1.68981206e-02	2.59164713e-02	1.07784681e-01
435             	-1.14773587e-02	3.11140749e-05	1.67979549e-02	2.59538028e-02	1.07946620e-01
436             	-1.14485670e-02	3.99384358e-05	1.66999697e-02	2.59915418e-02	1.08110180e-01
437             	-1.14196974e-02	4.77173151e-05	1.66084844e-02	2.60295755e-02	1.08274622e-01
438             	-1.13916832e-02	5.41685226e-05	1.65266430e-02	2.60680369e-02	1.08440367e-01
439             	-1.13651353e-02	5.94104561e-05	1.64545394e-02	2.61074015e-02	1.08609533e-01
440             	-1.13406056e-02	6.36005046e-05	1.63919812e-02	2.61483773e-02	1.08785184e-01
441             	-1.13171223e-02	6.73122017e-05	1.63339293e-02	2.61904477e-02	1.08965304e-01
442             	-1.12935789e-02	7.05746730e-05	1.62785927e-02	2.62326887e-02	1.09145936e-01
443             	-1.12690295e-02	7.34646559e-05	1.62241452e-02	2.62737561e-02	1.09321333e-01
444             	-1.12430331e-02	7.61909386e-05	1.61686514e-02	2.63124808e-02	1.09486595e-01
445             	-1.12167068e-02	7.87714408e-05	1.61136655e-02	2.63495659e-02	1.09644718e-01
446             	-1.11910415e-02	8.16135025e-05	1.60580070e-02	2.63858055e-02	1.09799330e-01
447             	-1.11663357e-02	8.51234281e-05	1.59994743e-02	2.64221750e-02	1.09954846e-01
448             	-1.11412916e-02	8.95887234e-05	1.59343478e-02	2.64584103e-02	1.10110280e-01
449             	-1.11149823e-02	9.49770635e-05	1.58615241e-02	2.64940810e-02	1.10263724e-01
450             	-1.10879251e-02	1.00849796e-04	1.57845621e-02	2.65293976e-02	1.10415880e-01
451             	-1.10603315e-02	1.07301908e-04	1.57031753e-02	2.65643326e-02	1.10566645e-01
452             	-1.10331882e-02	1.14150275e-04	1.56199509e-02	2.65997535e-02	1.10719669e-01
453             	-1.10070221e-02	1.21248998e-04	1.55365409e-02	2.66365275e-02	1.10878660e-01
454             	-1.09818037e-02	1.28905558e-04	1.54509305e-02	2.66747980e-02	1.11044384e-01
455             	-1.09573426e-02	1.36630730e-04	1.53659545e-02	2.67143483e-02	1.11215731e-01
456             	-1.09330814e-02	1.44072404e-04	1.52830478e-02	2.67543237e-02	1.11388875e-01
457             	-1.09084960e-02	1.50909508e-04	1.52035128e-02	2.67935006e-02	1.11558370e-01
458             	-1.08846048e-02	1.56589288e-04	1.51323611e-02	2.68314475e-02	1.11722138e-01
459             	-1.08614767e-02	1.61381223e-04	1.50679838e-02	2.68675438e-02	1.11877641e-01
460             	-1.08399365e-02	1.65225520e-04	1.50119301e-02	2.69026035e-02	1.12028414e-01
461             	-1.08192301e-02	1.68529149e-04	1.49604997e-02	2.69364625e-02	1.12173963e-01
462             	-1.07988094e-02	1.71810404e-04	1.49095927e-02	2.69686523e-02	1.12312508e-01
463             	-1.07775943e-02	1.74988695e-04	1.48581560e-02	2.69983805e-02	1.12440606e-01
464             	-1.07549567e-02	1.78050662e-04	1.48053967e-02	2.70244524e-02	1.12553098e-01
465             	-1.07324054e-02	1.80768408e-04	1.47549821e-02	2.70473469e-02	1.12651909e-01
466             	-1.07101443e-02	1.83723371e-04	1.47035423e-02	2.70670205e-02	1.12737050e-01
467             	-1.06892111e-02	1.87104157e-04	1.46513747e-02	2.70849117e-02	1.12814774e-01
468             	-1.06700401e-02	1.91362172e-04	1.45962381e-02	2.71026504e-02	1.12892226e-01
469             	-1.06515093e-02	1.96813392e-04	1.45344899e-02	2.71208638e-02	1.12972174e-01
470             	-1.06330942e-02	2.03265399e-04	1.44665746e-02	2.71400938e-02	1.13056834e-01
471             	-1.06142586e-02	2.10220223e-04	1.43948938e-02	2.71604148e-02	1.13146255e-01
472             	-1.05947586e-02	2.17338972e-04	1.43212588e-02	2.71814857e-02	1.13238788e-01
473             	-1.05772236e-02	2.23827728e-04	1.42545215e-02	2.72050618e-02	1.13341633e-01
474             	-1.05613106e-02	2.29953502e-04	1.41924649e-02	2.72308003e-02	1.13453459e-01
475             	-1.05461620e-02	2.35506086e-04	1.41351326e-02	2.72584030e-02	1.13572963e-01
476             	-1.05316304e-02	2.40035958e-04	1.40851260e-02	2.72878800e-02	1.13700086e-01
477             	-1.05174359e-02	2.43758764e-04	1.40406591e-02	2.73186954e-02	1.13832666e-01
478             	-1.05023525e-02	2.46544261e-04	1.40007807e-02	2.73494171e-02	1.13964505e-01
479             	-1.04854095e-02	2.48251450e-04	1.39649860e-02	2.73782945e-02	1.14088068e-01
480             	-1.04677970e-02	2.48438417e-04	1.39378064e-02	2.74052884e-02	1.14203042e-01
481             	-1.04499389e-02	2.47451846e-04	1.39176392e-02	2.74302677e-02	1.14309049e-01
482             	-1.04326363e-02	2.45567288e-04	1.39038849e-02	2.74537898e-02	1.14408611e-01
483             	-1.04153455e-02	2.43236603e-04	1.38928852e-02	2.74758183e-02	1.14501742e-01
484             	-1.03976272e-02	2.40943465e-04	1.38809480e-02	2.74964933e-02	1.14589203e-01
485             	-1.03784307e-02	2.39052389e-04	1.38642879e-02	2.75154293e-02	1.14669432e-01
486             	-1.03576880e-02	2.38123341e-04	1.38393152e-02	2.75325490e-02	1.14742296e-01
487             	-1.03377755e-02	2.38286698e-04	1.38086957e-02	2.75499417e-02	1.14816768e-01
488             	-1.03189455e-02	2.40389245e-04	1.37674377e-02	2.75682299e-02	1.14895823e-01
489             	-1.03010026e-02	2.44546332e-04	1.37145193e-02	2.75880197e-02	1.14982101e-01
490             	-1.02841321e-02	2.50285613e-04	1.36531950e-02	2.76100492e-02	1.15078590e-01
491             	-1.02677509e-02	2.57231942e-04	1.35850003e-02	2.76340569e-02	1.15183984e-01
492             	-1.02515684e-02	2.64864788e-04	1.35128044e-02	2.76595685e-02	1.15296034e-01
493             	-1.02357159e-02	2.72358945e-04	1.34420339e-02	2.76865227e-02	1.15414138e-01
494             	-1.02192252e-02	2.79545369e-04	1.33723410e-02	2.77136577e-02	1.15532871e-01
495             	-1.02046798e-02	2.85662997e-04	1.33122488e-02	2.77419157e-02	1.15656045e-01
496             	-1.01908555e-02	2.90718602e-04	1.32599130e-02	2.77697780e-02	1.15777201e-01
497             	-1.01773092e-02	2.94576130e-04	1.32154988e-02	2.77960161e-02	1.15891083e-01
498             	-1.01631628e-02	2.96991971e-04	1.31792636e-02	2.78197117e-02	1.15993708e-01
499             	-1.01477241e-02	2.97700078e-04	1.31519040e-02	2.78393211e-02	1.16078337e-01
500             	-1.01312404e-02	2.96904435e-04	1.31324978e-02	2.78535305e-02	1.16139409e-01
501             	-1.01149374e-02	2.94723331e-04	1.31220933e-02	2.78626975e-02	1.16178474e-01
502             	-1.00987769e-02	2.92149968e-04	1.31143563e-02	2.78672925e-02	1.16197916e-01
503             	-1.00840047e-02	2.89714921e-04	1.31077486e-02	2.78695875e-02	1.16207623e-01
504             	-1.00694179e-02	2.88151140e-04	1.30959020e-02	2.78707433e-02	1.16212790e-01
505             	-1.00550004e-02	2.87932150e-04	1.30757896e-02	2.78723266e-02	1.16220267e-01
506             	-1.00406723e-02	2.89081443e-04	1.30471774e-02	2.78758387e-02	1.16236398e-01
507             	-1.00266461e-02	2.91698916e-04	1.30097793e-02	2.78824076e-02	1.16265979e-01
508             	-1.00135819e-02	2.95818380e-04	1.29643724e-02	2.78931084e-02	1.16313561e-01
509             	-1.00007086e-02	3.01500188e-04	1.29094505e-02	2.79081127e-02	1.16379907e-01
510             	-9.98957553e-03	3.08145014e-04	1.28510144e-02	2.79288811e-02	1.16471107e-01
511             	-9.97898441e-03	3.15436194e-04	1.27893081e-02	2.79546310e-02	1.16583692e-01
512             	-9.96827370e-03	3.22518270e-04	1.27287418e-02	2.79844278e-02	1.16713390e-01
513             	-9.95733310e-03	3.28391096e-04	1.26754684e-02	2.80173521e-02	1.16855950e-01
514             	-9.94612314e-03	3.32685975e-04	1.26317558e-02	2.80516553e-02	1.17003801e-01
515             	-9.93430653e-03	3.35050963e-04	1.25993131e-02	2.80850296e-02	1.17146975e-01
516             	-9.92097577e-03	3.35218712e-04	1.25784974e-02	2.81152121e-02	1.17275748e-01
517             	-9.90625589e-03	3.33206638e-04	1.25693798e-02	2.81404900e-02	1.17382876e-01
518             	-9.89173324e-03	3.28942091e-04	1.25747179e-02	2.81606021e-02	1.17467248e-01
519             	-9.87725102e-03	3.23248927e-04	1.25890687e-02	2.81748308e-02	1.17526125e-01
520             	-9.86237633e-03	3.16985511e-04	1.26063784e-02	2.81830245e-02	1.17559210e-01
521             	-9.84643452e-03	3.10916444e-04	1.26208790e-02	2.81853356e-02	1.17567396e-01
522             	-9.82963222e-03	3.05951049e-04	1.26271587e-02	2.81833032e-02	1.17557576e-01
523             	-9.81296781e-03	3.02748930e-04	1.26225400e-02	2.81795433e-02	1.17541136e-01
524             	-9.79644930e-03	3.02565419e-04	1.25991035e-02	2.81762162e-02	1.17527752e-01
525             	-9.78110372e-03	3.05661920e-04	1.25567057e-02	2.81759919e-02	1.17528882e-01
526             	-9.76654258e-03	3.12475296e-04	1.24920347e-02	2.81803600e-02	1.17551011e-01
527             	-9.75267863e-03	3.22470906e-04	1.24083430e-02	2.81906391e-02	1.17599541e-01
528             	-9.73923217e-03	3.34774597e-04	1.23107796e-02	2.82070036e-02	1.17674801e-01
529             	-9.72640522e-03	3.48260422e-04	1.22067633e-02	2.82288613e-02	1.17773785e-01
530             	-9.71535244e-03	3.61387312e-04	1.21076930e-02	2.82562197e-02	1.17895928e-01
531             	-9.70589340e-03	3.73429359e-04	1.20178403e-02	2.82879511e-02	1.18036191e-01
532             	-9.69704414e-03	3.83433780e-04	1.19417477e-02	2.83218242e-02	1.18184734e-01
533             	-9.68805485e-03	3.90865156e-04	1.18816784e-02	2.83546029e-02	1.18327577e-01
534             	-9.67860188e-03	3.95202824e-04	1.18404208e-02	2.83835140e-02	1.18452758e-01
535             	-9.66856359e-03	3.96113040e-04	1.18198777e-02	2.84064860e-02	1.18551359e-01
536             	-9.65839298e-03	3.93441876e-04	1.18216638e-02	2.84217552e-02	1.18615794e-01
537             	-9.64809529e-03	3.87518407e-04	1.18436998e-02	2.84284100e-02	1.18642312e-01
538             	-9.63707342e-03	3.79156389e-04	1.18799695e-02	2.84263943e-02	1.18631029e-01
539             	-9.62517089e-03	3.69524076e-04	1.19228727e-02	2.84169255e-02	1.18587582e-01
540             	-9.61251681e-03	3.59831576e-04	1.19649764e-02	2.84025491e-02	1.18523241e-01
541             	-9.59930219e-03	3.51318981e-04	1.19987523e-02	2.83864733e-02	1.18452125e-01
542             	-9.58576368e-03	3.45207267e-04	1.20168567e-02	2.83723155e-02	1.18390133e-01
543             	-9.57245710e-03	3.42444836e-04	1.20141586e-02	2.83627881e-02	1.18349115e-01
544             	-9.55931744e-03	3.43359292e-04	1.19885171e-02	2.83604371e-02	1.18340001e-01
545             	-9.54661689e-03	3.47836958e-04	1.19410510e-02	2.83679124e-02	1.18374027e-01
546             	-9.53402913e-03	3.55316192e-04	1.18748352e-02	2.83863134e-02	1.18455675e-01
547             	-9.52210074e-03	3.65240689e-04	1.17942203e-02	2.84150603e-02	1.18582262e-01
548             	-9.51118919e-03	3.76504145e-04	1.17067402e-02	2.84526637e-02	1.18746981e-01
549             	-9.50128433e-03	3.87562750e-04	1.16221171e-02	2.84972158e-02	1.18941102e-01
550             	-9.49250069e-03	3.96953990e-04	1.15497328e-02	2.85451152e-02	1.19148708e-01
551             	-9.48491753e-03	4.03682716e-04	1.14959438e-02	2.85923015e-02	1.19352177e-01
552             	-9.47755636e-03	4.06816525e-04	1.14652027e-02	2.86347074e-02	1.19533908e-01
553             	-9.46951972e-03	4.05963018e-04	1.14586535e-02	2.86691601e-02	1.19680376e-01
554             	-9.46022331e-03	4.01616217e-04	1.14722942e-02	2.86923688e-02	1.19777793e-01
555             	-9.44933499e-03	3.94313766e-04	1.15022034e-02	2.87020568e-02	1.19816750e-01
556             	-9.43637374e-03	3.84667852e-04	1.15438034e-02	2.86976629e-02	1.19795095e-01
557             	-9.42222561e-03	3.73776933e-04	1.15914592e-02	2.86803880e-02	1.19718308e-01
558             	-9.40806934e-03	3.63277169e-04	1.16366001e-02	2.86526255e-02	1.19597072e-01
559             	-9.39401988e-03	3.54702351e-04	1.16697230e-02	2.86195278e-02	1.19453943e-01
560             	-9.37934819e-03	3.49255563e-04	1.16821994e-02	2.85859069e-02	1.19309853e-01
561             	-9.36461504e-03	3.47789756e-04	1.16694744e-02	2.85564741e-02	1.19185162e-01
562             	-9.35001020e-03	3.50828444e-04	1.16285761e-02	2.85348149e-02	1.19095260e-01
563             	-9.33614742e-03	3.58670116e-04	1.15585290e-02	2.85235668e-02	1.19051433e-01
564             	-9.32266921e-03	3.71010840e-04	1.14607648e-02	2.85255334e-02	1.19065424e-01
565             	-9.31059119e-03	3.87065771e-04	1.13417167e-02	2.85424420e-02	1.19144268e-01
566             	-9.30119317e-03	4.05226524e-04	1.12134189e-02	2.85729248e-02	1.19281411e-01
567             	-9.29527144e-03	4.23719603e-04	1.10882243e-02	2.86148485e-02	1.19467025e-01
568             	-9.29187906e-03	4.40356198e-04	1.09785559e-02	2.86643393e-02	1.19683752e-01
569             	-9.29112115e-03	4.53832145e-04	1.08927286e-02	2.87169139e-02	1.19912038e-01
570             	-9.29161831e-03	4.62617326e-04	1.08383111e-02	2.87681793e-02	1.20132740e-01
571             	-9.29128612e-03	4.65466929e-04	1.08200408e-02	2.88133844e-02	1.20325401e-01
572             	-9.28854056e-03	4.61911757e-04	1.08385215e-02	2.88479004e-02	1.20470267e-01
573             	-9.28317459e-03	4.52398379e-04	1.08905921e-02	2.88685269e-02	1.20553938e-01
574             	-9.27485301e-03	4.37984704e-04	1.09690749e-02	2.88729730e-02	1.20567071e-01
575             	-9.26358372e-03	4.19819154e-04	1.10667448e-02	2.88610157e-02	1.20509136e-01
576             	-9.25077964e-03	3.99937784e-04	1.11728414e-02	2.88337067e-02	1.20385286e-01
577             	-9.23686932e-03	3.80311824e-04	1.12755910e-02	2.87965996e-02	1.20219940e-01
578             	-9.22210784e-03	3.63843505e-04	1.13571151e-02	2.87566068e-02	1.20043639e-01
579             	-9.20759823e-03	3.52793054e-04	1.14047916e-02	2.87189630e-02	1.19879523e-01
580             	-9.19324624e-03	3.47572952e-04	1.14159326e-02	2.86880851e-02	1.19746533e-01
581             	-9.17840656e-03	3.47458138e-04	1.13942310e-02	2.86683500e-02	1.19663024e-01
582             	-9.16242353e-03	3.51950020e-04	1.13419451e-02	2.86623009e-02	1.19639609e-01
583             	-9.14708286e-03	3.62443675e-04	1.12529081e-02	2.86725918e-02	1.19688046e-01
584             	-9.13390246e-03	3.79482388e-04	1.11259478e-02	2.87002898e-02	1.19812948e-01
585             	-9.12363404e-03	4.00927900e-04	1.09756224e-02	2.87436419e-02	1.20006055e-01
586             	-9.11638517e-03	4.23582477e-04	1.08222590e-02	2.87993174e-02	1.20251850e-01
587             	-9.11316821e-03	4.44991373e-04	1.06827800e-02	2.88628986e-02	1.20530493e-01
588             	-9.11387059e-03	4.62874567e-04	1.05713699e-02	2.89283705e-02	1.20815497e-01
589             	-9.11759122e-03	4.74965615e-04	1.05009546e-02	2.89888533e-02	1.21076771e-01
590             	-9.12027323e-03	4.79252842e-04	1.04782191e-02	2.90383736e-02	1.21288450e-01
591             	-9.12049800e-03	4.75357951e-04	1.05033659e-02	2.90710210e-02	1.21425408e-01
592             	-9.11734641e-03	4.64543131e-04	1.05670099e-02	2.90826755e-02	1.21470736e-01
593             	-9.11074720e-03	4.48876053e-04	1.06560352e-02	2.90703757e-02	1.21412527e-01
594             	-9.10077051e-03	4.29141147e-04	1.07656277e-02	2.90338110e-02	1.21249677e-01
595             	-9.08719359e-03	4.05296229e-04	1.08957743e-02	2.89790455e-02	1.21008054e-01
596             	-9.07248795e-03	3.80576406e-04	1.10297536e-02	2.89135176e-02	1.20720432e-01
597             	-9.06086783e-03	3.61198608e-04	1.11345087e-02	2.88444265e-02	1.20419588e-01
598             	-9.05311243e-03	3.51423189e-04	1.11842870e-02	2.87788021e-02	1.20136957e-01
599             	-9.04647798e-03	3.51074575e-04	1.11761973e-02	2.87241712e-02	1.19904656e-01
600             	-9.03575865e-03	3.56170791e-04	1.11278101e-02	2.86875819e-02	1.19751496e-01
601             	-9.01953390e-03	3.64435176e-04	1.10514968e-02	2.86740132e-02	1.19697900e-01
602             	-9.00114288e-03	3.77805863e-04	1.09399811e-02	2.86852180e-02	1.19751814e-01
603             	-8.98545818e-03	3.98368100e-04	1.07872247e-02	2.87223213e-02	1.19918473e-01
604             	-8.97442206e-03	4.24151100e-04	1.06084942e-02	2.87813599e-02	1.20180005e-01
605             	-8.96890497e-03	4.51353117e-04	1.04290077e-02	2.88583118e-02	1.20517708e-01
606             	-8.96966245e-03	4.76561097e-04	1.02713704e-02	2.89474487e-02	1.20905813e-01
607             	-8.97586081e-03	4.96285233e-04	1.01563596e-02	2.90400011e-02	1.21305747e-01
608             	-8.98365728e-03	5.07054497e-04	1.01001749e-02	2.91266487e-02	1.21676904e-01
609             	-8.98929607e-03	5.07186307e-04	1.01078556e-02	2.91988717e-02	1.21982812e-01
610             	-8.99242975e-03	4.97954487e-04	1.01707532e-02	2.92473320e-02	1.22184325e-01
611             	-8.99283252e-03	4.81146240e-04	1.02772201e-02	2.92668232e-02	1.22259929e-01
612             	-8.98925788e-03	4.58719208e-04	1.04130326e-02	2.92544006e-02	1.22197888e-01
613             	-8.97950868e-03	4.29558266e-04	1.05820538e-02	2.92097603e-02	1.21996641e-01
614             	-8.96061981e-03	3.92732256e-04	1.07859252e-02	2.91437736e-02	1.21702461e-01
615             	-8.93892103e-03	3.55721298e-04	1.09868560e-02	2.90657258e-02	1.21357329e-01
616             	-8.92238246e-03	3.29200501e-04	1.11291581e-02	2.89822952e-02	1.20993145e-01
617             	-8.91312093e-03	3.19768708e-04	1.11742175e-02	2.89018871e-02	1.20647979e-01
618             	-8.90593102e-03	3.24364817e-04	1.11337740e-02	2.88338405e-02	1.20360691e-01
619             	-8.89394853e-03	3.35802162e-04	1.10432848e-02	2.87874398e-02	1.20168536e-01
620             	-8.87376672e-03	3.49843752e-04	1.09246673e-02	2.87682654e-02	1.20093878e-01
621             	-8.84921719e-03	3.67801223e-04	1.07752976e-02	2.87779710e-02	1.20144001e-01
622             	-8.82744371e-03	3.93954353e-04	1.05785910e-02	2.88172556e-02	1.20322960e-01
623             	-8.81317932e-03	4.28000125e-04	1.03433340e-02	2.88826641e-02	1.20615466e-01
624             	-8.80783281e-03	4.65251257e-04	1.01011329e-02	2.89683500e-02	1.20994533e-01
625             	-8.81205152e-03	5.00359832e-04	9.88661301e-03	2.90673570e-02	1.21428417e-01
626             	-8.82501855e-03	5.27561467e-04	9.73491443e-03	2.91697160e-02	1.21872568e-01
627             	-8.84263963e-03	5.42573208e-04	9.66697860e-03	2.92655098e-02	1.22283627e-01
628             	-8.86043585e-03	5.44429151e-04	9.68217702e-03	2.93448329e-02	1.22619688e-01
629             	-8.87523511e-03	5.35356602e-04	9.76167734e-03	2.93961191e-02	1.22832666e-01
630             	-8.88652343e-03	5.18667273e-04	9.88372169e-03	2.94113767e-02	1.22889753e-01
631             	-8.89227365e-03	4.96343832e-04	1.00327568e-02	2.93874442e-02	1.22778318e-01
632             	-8.88767490e-03	4.64666862e-04	1.02252460e-02	2.93255755e-02	1.22502597e-01
633             	-8.86876047e-03	4.20946033e-04	1.04725042e-02	2.92390156e-02	1.22118382e-01
634             	-8.84447291e-03	3.74422864e-04	1.07295109e-02	2.91394540e-02	1.21678458e-01
635             	-8.82537483e-03	3.39230607e-04	1.09225336e-02	2.90360105e-02	1.21226261e-01
636             	-8.81567490e-03	3.24566718e-04	1.09996773e-02	2.89374296e-02	1.20801975e-01
637             	-8.81079422e-03	3.28350970e-04	1.09674001e-02	2.88548300e-02	1.20452260e-01
638             	-8.80167626e-03	3.41365653e-04	1.08707795e-02	2.87974237e-02	1.20213443e-01
639             	-8.78118315e-03	3.56863969e-04	1.07421458e-02	2.87727371e-02	1.20115535e-01
640             	-8.75223521e-03	3.74047302e-04	1.05909872e-02	2.87822982e-02	1.20164599e-01
641             	-8.72372095e-03	3.98105064e-04	1.03975181e-02	2.88262036e-02	1.20362475e-01
642             	-8.70403055e-03	4.31623511e-04	1.01576107e-02	2.89016946e-02	1.20697750e-01
643             	-8.69563594e-03	4.70083884e-04	9.90337026e-03	2.90028422e-02	1.21143036e-01
644             	-8.69949284e-03	5.07512852e-04	9.67381123e-03	2.91214239e-02	1.21660812e-01
645             	-8.71408059e-03	5.37356649e-04	9.50800577e-03	2.92465914e-02	1.22202533e-01
646             	-8.73507685e-03	5.54632485e-04	9.43088172e-03	2.93673440e-02	1.22720099e-01
647             	-8.75627624e-03	5.57852667e-04	9.44249510e-03	2.94718403e-02	1.23163334e-01
648             	-8.77251479e-03	5.49643318e-04	9.51856380e-03	2.95484379e-02	1.23484251e-01
649             	-8.78528875e-03	5.33880127e-04	9.63676534e-03	2.95836517e-02	1.23626711e-01
650             	-8.79286971e-03	5.12879801e-04	9.77991390e-03	2.95713934e-02	1.23565651e-01
651             	-8.79002845e-03	4.82900164e-04	9.96403516e-03	2.95099658e-02	1.23292616e-01
652             	-8.76862755e-03	4.37722480e-04	1.02166090e-02	2.94141811e-02	1.22869005e-01
653             	-8.73610407e-03	3.84955302e-04	1.05007090e-02	2.92987927e-02	1.22360273e-01
654             	-8.70753785e-03	3.42188353e-04	1.07274582e-02	2.91757750e-02	1.21823133e-01
655             	-8.69147031e-03	3.22422005e-04	1.08273412e-02	2.90535081e-02	1.21297238e-01
656             	-8.68469697e-03	3.24947141e-04	1.08002127e-02	2.89440204e-02	1.20833396e-01
657             	-8.67965642e-03	3.41618141e-04	1.06865663e-02	2.88580791e-02	1.20474667e-01
658             	-8.66721025e-03	3.62423940e-04	1.05364043e-02	2.88059459e-02	1.20261669e-01
659             	-8.64346179e-03	3.82586947e-04	1.03743083e-02	2.87942443e-02	1.20221294e-01
660             	-8.61507843e-03	4.06289210e-04	1.01835938e-02	2.88209134e-02	1.20345969e-01
661             	-8.59231025e-03	4.40816327e-04	9.93315131e-03	2.88843655e-02	1.20630872e-01
662             	-8.58004425e-03	4.85210558e-04	9.63611864e-03	2.89814857e-02	1.21061816e-01
663             	-8.58042332e-03	5.30634826e-04	9.35134102e-03	2.91052899e-02	1.21605401e-01
664             	-8.59523216e-03	5.69366594e-04	9.13011867e-03	2.92427084e-02	1.22202781e-01
665             	-8.62017440e-03	5.93918271e-04	9.01322121e-03	2.93824010e-02	1.22803387e-01
666             	-8.64810052e-03	6.02134388e-04	9.00341869e-03	2.95118754e-02	1.23354166e-01
667             	-8.67145353e-03	5.95208421e-04	9.08191462e-03	2.96181286e-02	1.23801096e-01
668             	-8.69062770e-03	5.79202379e-04	9.21106360e-03	2.96851564e-02	1.24078207e-01
669             	-8.70570308e-03	5.58766102e-04	9.36165806e-03	2.97003048e-02	1.24133200e-01
670             	-8.71106964e-03	5.33252484e-04	9.52950220e-03	2.96591713e-02	1.23947416e-01
671             	-8.69523168e-03	4.90614525e-04	9.77382977e-03	2.95699318e-02	1.23551978e-01
672             	-8.65965070e-03	4.31100585e-04	1.00954549e-02	2.94504402e-02	1.23023289e-01
673             	-8.62149519e-03	3.72006475e-04	1.04106438e-02	2.93168090e-02	1.22435505e-01
674             	-8.59512615e-03	3.35070463e-04	1.06032889e-02	2.91806363e-02	1.21844966e-01
675             	-8.58196447e-03	3.26972183e-04	1.06333579e-02	2.90517522e-02	1.21295373e-01
676             	-8.57331757e-03	3.39762688e-04	1.05383918e-02	2.89449722e-02	1.20847083e-01
677             	-8.56134431e-03	3.62148334e-04	1.03783958e-02	2.88706818e-02	1.20540522e-01
678             	-8.53902133e-03	3.85308866e-04	1.01989719e-02	2.88380202e-02	1.20411903e-01
679             	-8.50856073e-03	4.08246283e-04	1.00096440e-02	2.88493686e-02	1.20471223e-01
680             	-8.47921958e-03	4.38551021e-04	9.77606602e-03	2.89033382e-02	1.20714703e-01
681             	-8.45800754e-03	4.80548079e-04	9.48105500e-03	2.89959413e-02	1.21126349e-01
682             	-8.44996832e-03	5.28415631e-04	9.16872056e-03	2.91211615e-02	1.21677690e-01
683             	-8.45793967e-03	5.73246492e-04	8.89934906e-03	2.92657370e-02	1.22308494e-01
684             	-8.48124153e-03	6.07195103e-04	8.72129092e-03	2.94153277e-02	1.22954736e-01
685             	-8.51140499e-03	6.23518492e-04	8.66439316e-03	2.95612096e-02	1.23577871e-01
686             	-8.54178628e-03	6.21770787e-04	8.72131605e-03	2.96887040e-02	1.24116313e-01
687             	-8.56819197e-03	6.05836680e-04	8.86122970e-03	2.97826917e-02	1.24507645e-01
688             	-8.59438476e-03	5.84976957e-04	9.03127728e-03	2.98236411e-02	1.24671622e-01
689             	-8.61548494e-03	5.62546441e-04	9.20321415e-03	2.98012607e-02	1.24565705e-01
690             	-8.61983140e-03	5.29641242e-04	9.41613905e-03	2.97172205e-02	1.24194676e-01
691             	-8.59895459e-03	4.75347610e-04	9.72664654e-03	2.95888647e-02	1.23629134e-01
692             	-8.56186632e-03	4.10566222e-04	1.00793494e-02	2.94373131e-02	1.22962916e-01
693             	-8.52702253e-03	3.57672129e-04	1.03602369e-02	2.92798344e-02	1.22276722e-01
694             	-8.50861832e-03	3.35025033e-04	1.04743287e-02	2.91249700e-02	1.21612111e-01
695             	-8.50072350e-03	3.40764526e-04	1.04248032e-02	2.89859361e-02	1.21024449e-01
696             	-8.49307419e-03	3.61759164e-04	1.02796931e-02	2.88784053e-02	1.20576035e-01
697             	-8.47886190e-03	3.86482936e-04	1.01020231e-02	2.88149449e-02	1.20316529e-01
698             	-8.45427020e-03	4.09784058e-04	9.91883315e-03	2.88008106e-02	1.20266796e-01
699             	-8.42456026e-03	4.34749818e-04	9.71824951e-03	2.88351511e-02	1.20424342e-01
700             	-8.39885064e-03	4.68723298e-04	9.46719341e-03	2.89167230e-02	1.20785981e-01
701             	-8.38257233e-03	5.11420067e-04	9.17534753e-03	2.90390556e-02	1.21323447e-01
702             	-8.38108425e-03	5.55507344e-04	8.89689525e-03	2.91913143e-02	1.21987101e-01
703             	-8.39790317e-03	5.91827457e-04	8.69456126e-03	2.93561954e-02	1.22699509e-01
704             	-8.42646863e-03	6.11662409e-04	8.61344841e-03	2.95222733e-02	1.23409502e-01
705             	-8.45827452e-03	6.12583340e-04	8.65610242e-03	2.96775337e-02	1.24066164e-01
706             	-8.48830516e-03	5.97871432e-04	8.79403481e-03	2.98061657e-02	1.24604318e-01
707             	-8.51556896e-03	5.75178028e-04	8.97746654e-03	2.98879072e-02	1.24940707e-01
708             	-8.54152625e-03	5.53086159e-04	9.15444167e-03	2.99053000e-02	1.25003808e-01
709             	-8.55864564e-03	5.31143438e-04	9.31674823e-03	2.98522259e-02	1.24767874e-01
710             	-8.54907873e-03	4.90652894e-04	9.55644075e-03	2.97402235e-02	1.24276354e-01
711             	-8.51232143e-03	4.28048613e-04	9.89557941e-03	2.95923459e-02	1.23626503e-01
712             	-8.46701242e-03	3.65149858e-04	1.02238953e-02	2.94285007e-02	1.22910303e-01
713             	-8.43353301e-03	3.26568868e-04	1.04160583e-02	2.92628515e-02	1.22195561e-01
714             	-8.41904458e-03	3.21525350e-04	1.04245841e-02	2.91042332e-02	1.21521900e-01
715             	-8.41123091e-03	3.41049967e-04	1.02881404e-02	2.89687680e-02	1.20954987e-01
716             	-8.40011766e-03	3.70173879e-04	1.00868231e-02	2.88717191e-02	1.20554779e-01
717             	-8.38029552e-03	3.99294929e-04	9.87365974e-03	2.88238366e-02	1.20363827e-01
718             	-8.35248177e-03	4.26883379e-04	9.65929188e-03	2.88267542e-02	1.20388790e-01
719             	-8.32509987e-03	4.58682860e-04	9.41968298e-03	2.88776811e-02	1.20619557e-01
720             	-8.30617284e-03	4.99521392e-04	9.13595591e-03	2.89754794e-02	1.21052503e-01
721             	-8.30072484e-03	5.45146853e-04	8.84232507e-03	2.91120573e-02	1.21650707e-01
722             	-8.31288392e-03	5.87931767e-04	8.59278271e-03	2.92717107e-02	1.22344101e-01
723             	-8.34154423e-03	6.18671286e-04	8.44345828e-03	2.94385359e-02	1.23061684e-01
724             	-8.37641546e-03	6.29528434e-04	8.42845062e-03	2.96040704e-02	1.23765627e-01
725             	-8.41139769e-03	6.21420462e-04	8.53268431e-03	2.97530114e-02	1.24392032e-01
726             	-8.44364972e-03	5.99609287e-04	8.71849199e-03	2.98680230e-02	1.24869547e-01
727             	-8.47545807e-03	5.74575200e-04	8.92312226e-03	2.99271673e-02	1.25108402e-01
728             	-8.50385721e-03	5.51504612e-04	9.10948259e-03	2.99166413e-02	1.25051917e-01
729             	-8.51427537e-03	5.22282326e-04	9.30745598e-03	2.98364238e-02	1.24698074e-01
730             	-8.49422352e-03	4.71098653e-04	9.59882601e-03	2.97058060e-02	1.24124088e-01
731             	-8.45121224e-03	4.05686066e-04	9.94608762e-03	2.95479347e-02	1.23431274e-01
732             	-8.40661519e-03	3.50216200e-04	1.02281144e-02	2.93820635e-02	1.22709631e-01
733             	-8.37873229e-03	3.24631789e-04	1.03461593e-02	2.92185513e-02	1.22008552e-01
734             	-8.36703186e-03	3.31336344e-04	1.02844041e-02	2.90685342e-02	1.21375575e-01
735             	-8.35721719e-03	3.56382357e-04	1.01100989e-02	2.89481949e-02	1.20875055e-01
736             	-8.34091963e-03	3.85644324e-04	9.90034682e-03	2.88722880e-02	1.20565117e-01
737             	-8.31435821e-03	4.13930013e-04	9.68265234e-03	2.88478657e-02	1.20474184e-01
738             	-8.28324939e-03	4.43094182e-04	9.45357213e-03	2.88726987e-02	1.20593299e-01
739             	-8.25594755e-03	4.78841411e-04	9.18920781e-03	2.89466190e-02	1.20923476e-01
740             	-8.23908046e-03	5.22284696e-04	8.89214999e-03	2.90655287e-02	1.21447039e-01
741             	-8.23700583e-03	5.66568330e-04	8.61210533e-03	2.92188421e-02	1.22115533e-01
742             	-8.25319088e-03	6.03947331e-04	8.40273258e-03	2.93880175e-02	1.22846838e-01
743             	-8.28235361e-03	6.25613077e-04	8.31142472e-03	2.95607936e-02	1.23586168e-01
744             	-8.31552900e-03	6.27655676e-04	8.34952421e-03	2.97256357e-02	1.24283893e-01
745             	-8.34891112e-03	6.13301462e-04	8.49073602e-03	2.98655349e-02	1.24869597e-01
746             	-8.38129591e-03	5.89681383e-04	8.68801930e-03	2.99609230e-02	1.25262890e-01
747             	-8.41473274e-03	5.66648930e-04	8.88218501e-03	2.99907595e-02	1.25377682e-01
748             	-8.44169657e-03	5.45917686e-04	9.05143749e-03	2.99458762e-02	1.25176117e-01
749             	-8.44212629e-03	5.10364138e-04	9.27463949e-03	2.98352291e-02	1.24691423e-01
750             	-8.41165336e-03	4.52193884e-04	9.59492110e-03	2.96828412e-02	1.24023402e-01
751             	-8.36765449e-03	3.90280289e-04	9.91870453e-03	2.95105702e-02	1.23271637e-01
752             	-8.33127448e-03	3.47903550e-04	1.01302397e-02	2.93363192e-02	1.22519507e-01
753             	-8.31416171e-03	3.39166821e-04	1.01578751e-02	2.91685693e-02	1.21806406e-01
754             	-8.30787527e-03	3.58431117e-04	1.00249378e-02	2.90217371e-02	1.21191581e-01
755             	-8.29871233e-03	3.89318134e-04	9.81497530e-03	2.89116057e-02	1.20736760e-01
756             	-8.27933660e-03	4.20378583e-04	9.58975036e-03	2.88520500e-02	1.20497293e-01
757             	-8.25080960e-03	4.49092038e-04	9.36686030e-03	2.88462006e-02	1.20485658e-01
758             	-8.22185143e-03	4.80600586e-04	9.12651048e-03	2.88910343e-02	1.20690521e-01
759             	-8.20043610e-03	5.19542512e-04	8.85089130e-03	2.89865680e-02	1.21113310e-01
760             	-8.19141819e-03	5.62464466e-04	8.56894734e-03	2.91253433e-02	1.21720215e-01
761             	-8.19820452e-03	6.01917266e-04	8.33260461e-03	2.92921211e-02	1.22442975e-01
762             	-8.22209120e-03	6.30334723e-04	8.19113508e-03	2.94691330e-02	1.23203065e-01
763             	-8.25408855e-03	6.37822620e-04	8.19344189e-03	2.96469708e-02	1.23957852e-01
764             	-8.28875814e-03	6.24820432e-04	8.32852805e-03	2.98098641e-02	1.24641108e-01
765             	-8.32231174e-03	5.97733407e-04	8.54995527e-03	2.99401677e-02	1.25180937e-01
766             	-8.35549945e-03	5.67583522e-04	8.78911402e-03	3.00148481e-02	1.25483328e-01
767             	-8.38767458e-03	5.41751316e-04	8.99852137e-03	3.00171125e-02	1.25479626e-01
768             	-8.40539226e-03	5.15407936e-04	9.18906322e-03	2.99432678e-02	1.25153266e-01
769             	-8.39016114e-03	4.69753340e-04	9.45261329e-03	2.98130659e-02	1.24582798e-01
770             	-8.34851849e-03	4.08069427e-04	9.77828628e-03	2.96494796e-02	1.23867166e-01
771             	-8.30168985e-03	3.52896416e-04	1.00550872e-02	2.94742391e-02	1.23106320e-01
772             	-8.26973518e-03	3.26251630e-04	1.01736769e-02	2.93002021e-02	1.22361140e-01
773             	-8.25614812e-03	3.33821749e-04	1.01035037e-02	2.91369675e-02	1.21673318e-01
774             	-8.24743544e-03	3.63418412e-04	9.90193765e-03	2.90008648e-02	1.21108215e-01
775             	-8.23174636e-03	3.98787361e-04	9.65446682e-03	2.89080107e-02	1.20729135e-01
776             	-8.20570600e-03	4.33053907e-04	9.39979513e-03	2.88682067e-02	1.20575584e-01
777             	-8.17526598e-03	4.65819410e-04	9.14914005e-03	2.88801602e-02	1.20641570e-01
778             	-8.14911729e-03	5.03619077e-04	8.87373880e-03	2.89425629e-02	1.20923600e-01
779             	-8.13495038e-03	5.47701582e-04	8.57685333e-03	2.90523079e-02	1.21408434e-01
780             	-8.13571986e-03	5.91478603e-04	8.30449227e-03	2.92002836e-02	1.22054012e-01
781             	-8.15395334e-03	6.27020007e-04	8.11013345e-03	2.93693014e-02	1.22783776e-01
782             	-8.18581370e-03	6.46249874e-04	8.03863370e-03	2.95448912e-02	1.23533694e-01
783             	-8.22228997e-03	6.43312343e-04	8.11345808e-03	2.97153008e-02	1.24252618e-01
784             	-8.26018169e-03	6.22329565e-04	8.30352390e-03	2.98629175e-02	1.24867750e-01
785             	-8.29733086e-03	5.91361471e-04	8.55437474e-03	2.99686734e-02	1.25301483e-01
786             	-8.33487642e-03	5.61185075e-04	8.79970963e-03	3.00104311e-02	1.25463390e-01
787             	-8.36680987e-03	5.35373341e-04	9.00828705e-03	2.99773847e-02	1.25309269e-01
788             	-8.37250703e-03	4.98800523e-04	9.24552730e-03	2.98766613e-02	1.24865498e-01
789             	-8.34610454e-03	4.42001293e-04	9.56287183e-03	2.97318341e-02	1.24229444e-01
790             	-8.30263586e-03	3.80201858e-04	9.88638232e-03	2.95640532e-02	1.23496412e-01
791             	-8.26246771e-03	3.36291182e-04	1.01016611e-02	2.93931809e-02	1.22758135e-01
792             	-8.23932065e-03	3.25033214e-04	1.01358925e-02	2.92279293e-02	1.22055256e-01
793             	-8.22891667e-03	3.43333325e-04	1.00025755e-02	2.90815062e-02	1.21442321e-01
794             	-8.21715639e-03	3.76135066e-04	9.77637562e-03	2.89697395e-02	1.20981679e-01
795             	-8.19562031e-03	4.10481853e-04	9.52691653e-03	2.89062628e-02	1.20727316e-01
796             	-8.16434358e-03	4.42551943e-04	9.27857071e-03	2.88951137e-02	1.20695049e-01
797             	-8.13239371e-03	4.75425316e-04	9.02506437e-03	2.89334366e-02	1.20873347e-01
798             	-8.10897079e-03	5.16259784e-04	8.73445564e-03	2.90205471e-02	1.21261572e-01
799             	-8.09884324e-03	5.60505418e-04	8.44248199e-03	2.91502422e-02	1.21830970e-01
800             	-8.10379462e-03	6.00496242e-04	8.20012992e-03	2.93103979e-02	1.22526407e-01
801             	-8.12565361e-03	6.29048949e-04	8.05508086e-03	2.94839889e-02	1.23272495e-01
802             	-8.15702962e-03	6.37550685e-04	8.05042348e-03	2.96597431e-02	1.24018998e-01
803             	-8.19107644e-03	6.25566001e-04	8.17854210e-03	2.98211710e-02	1.24696438e-01
804             	-8.22505271e-03	5.99010311e-04	8.39770013e-03	2.99517624e-02	1.25237436e-01
805             	-8.26011849e-03	5.69012082e-04	8.63904366e-03	3.00294615e-02	1.25552321e-01
806             	-8.29535341e-03	5.42752697e-04	8.85592871e-03	3.00367075e-02	1.25569100e-01
807             	-8.31969175e-03	5.18194143e-04	9.04521265e-03	2.99678190e-02	1.25263580e-01
808             	-8.31169390e-03	4.76027244e-04	9.29763368e-03	2.98417647e-02	1.24711088e-01
809             	-8.27549346e-03	4.16525964e-04	9.61776598e-03	2.96816625e-02	1.24010172e-01
810             	-8.23159149e-03	3.61208770e-04	9.89992424e-03	2.95092725e-02	1.23260713e-01
811             	-8.20128071e-03	3.32936672e-04	1.00311813e-02	2.93378330e-02	1.22525635e-01
812             	-8.18961388e-03	3.39305233e-04	9.97125274e-03	2.91757397e-02	1.21842063e-01
813             	-8.18358079e-03	3.68877678e-04	9.77351890e-03	2.90395877e-02	1.21276626e-01
814             	-8.17048591e-03	4.05170632e-04	9.52372108e-03	2.89456387e-02	1.20893119e-01
815             	-8.14584437e-03	4.39938963e-04	9.26753657e-03	2.89048868e-02	1.20735771e-01
816             	-8.11435087e-03	4.72641232e-04	9.01531033e-03	2.89160185e-02	1.20798536e-01
817             	-8.08631802e-03	5.09317749e-04	8.74384810e-03	2.89771982e-02	1.21075235e-01
818             	-8.07008944e-03	5.52614821e-04	8.44849622e-03	2.90855990e-02	1.21554341e-01
819             	-8.06880986e-03	5.94942592e-04	8.18184511e-03	2.92327663e-02	1.22196339e-01
820             	-8.08371823e-03	6.28679820e-04	7.99366069e-03	2.94025886e-02	1.22929311e-01
821             	-8.11218024e-03	6.46537113e-04	7.92573171e-03	2.95803540e-02	1.23688147e-01
822             	-8.14666868e-03	6.42228902e-04	8.00630999e-03	2.97531979e-02	1.24416784e-01
823             	-8.18189790e-03	6.18901248e-04	8.20741173e-03	2.99042446e-02	1.25045404e-01
824             	-8.21723749e-03	5.84972821e-04	8.47447902e-03	3.00140009e-02	1.25494737e-01
825             	-8.25346345e-03	5.51598275e-04	8.73814191e-03	3.00608739e-02	1.25677001e-01
826             	-8.28471078e-03	5.22940165e-04	8.96371056e-03	3.00335874e-02	1.25546098e-01
827             	-8.29131873e-03	4.86832866e-04	9.19940574e-03	2.99373527e-02	1.25121187e-01
828             	-8.26515146e-03	4.32063876e-04	9.50438988e-03	2.97952742e-02	1.24497292e-01
829             	-8.22115248e-03	3.71910201e-04	9.81687938e-03	2.96283301e-02	1.23768235e-01
830             	-8.17959466e-03	3.29008468e-04	1.00238815e-02	2.94561895e-02	1.23024942e-01
831             	-8.15557062e-03	3.19546857e-04	1.00455491e-02	2.92884070e-02	1.22312165e-01
832             	-8.14467654e-03	3.40813153e-04	9.89282636e-03	2.91383019e-02	1.21684971e-01
833             	-8.13269086e-03	3.77151191e-04	9.64403390e-03	2.90212713e-02	1.21203648e-01
834             	-8.11081139e-03	4.15971674e-04	9.36589621e-03	2.89516882e-02	1.20925424e-01
835             	-8.07944497e-03	4.53072830e-04	9.08574796e-03	2.89341219e-02	1.20868159e-01
836             	-8.04813870e-03	4.90326083e-04	8.80569386e-03	2.89660709e-02	1.21021254e-01
837             	-8.02679202e-03	5.34232213e-04	8.49894491e-03	2.90464448e-02	1.21382044e-01
838             	-8.02012964e-03	5.80502553e-04	8.19939099e-03	2.91692094e-02	1.21922765e-01
839             	-8.02938600e-03	6.20693357e-04	7.96218917e-03	2.93240649e-02	1.22595765e-01
840             	-8.05420374e-03	6.48326146e-04	7.82745077e-03	2.94937354e-02	1.23324806e-01
841             	-8.08830350e-03	6.55037370e-04	7.83833044e-03	2.96662097e-02	1.24056479e-01
842             	-8.12562057e-03	6.39889064e-04	7.99146107e-03	2.98248949e-02	1.24720651e-01
843             	-8.16316124e-03	6.09108437e-04	8.24269836e-03	2.99532057e-02	1.25249745e-01
844             	-8.20258304e-03	5.74085790e-04	8.52218289e-03	3.00302712e-02	1.25559393e-01
845             	-8.24117083e-03	5.42348655e-04	8.77851153e-03	3.00394292e-02	1.25581678e-01
846             	-8.26842599e-03	5.12388820e-04	9.00611655e-03	2.99737471e-02	1.25287134e-01
847             	-8.26225939e-03	4.66082392e-04	9.28726978e-03	2.98517259e-02	1.24749637e-01
848             	-8.22694458e-03	4.04001393e-04	9.62487195e-03	2.96958148e-02	1.24065040e-01
849             	-8.18291399e-03	3.47309884e-04	9.91538520e-03	2.95284515e-02	1.23336045e-01
850             	-8.15130150e-03	3.18921482e-04	1.00453105e-02	2.93615556e-02	1.22620048e-01
851             	-8.13768697e-03	3.25708383e-04	9.97972263e-03	2.92041329e-02	1.21956446e-01
852             	-8.12977152e-03	3.55514991e-04	9.77762645e-03	2.90720267e-02	1.21408312e-01
853             	-8.11455596e-03	3.92017859e-04	9.52330555e-03	2.89816634e-02	1.21040301e-01
854             	-8.08763817e-03	4.28206226e-04	9.25470657e-03	2.89441701e-02	1.20897706e-01
855             	-8.05292767e-03	4.62941864e-04	8.98483446e-03	2.89575605e-02	1.20971397e-01
856             	-8.02264964e-03	5.01794902e-04	8.69629133e-03	2.90189036e-02	1.21250169e-01
857             	-8.00549282e-03	5.47132912e-04	8.38666848e-03	2.91248968e-02	1.21720415e-01
858             	-8.00371446e-03	5.90701121e-04	8.11141986e-03	2.92671309e-02	1.22342594e-01
859             	-8.01811817e-03	6.24808637e-04	7.92018533e-03	2.94312241e-02	1.23051974e-01
860             	-8.04580026e-03	6.42392985e-04	7.85293853e-03	2.96032295e-02	1.23786754e-01
861             	-8.08001718e-03	6.38049878e-04	7.93347174e-03	2.97699938e-02	1.24489924e-01
862             	-8.11493498e-03	6.15058326e-04	8.13216150e-03	2.99144280e-02	1.25090784e-01
863             	-8.15096306e-03	5.82590433e-04	8.39121851e-03	3.00171555e-02	1.25510821e-01
864             	-8.18891469e-03	5.50904289e-04	8.64698443e-03	3.00572261e-02	1.25664692e-01
865             	-8.22258901e-03	5.23235834e-04	8.87013234e-03	3.00243626e-02	1.25510167e-01
866             	-8.23196513e-03	4.87749629e-04	9.10623615e-03	2.99248473e-02	1.25071192e-01
867             	-8.20890362e-03	4.34245889e-04	9.40808157e-03	2.97816404e-02	1.24442545e-01
868             	-8.16827177e-03	3.76103116e-04	9.71310599e-03	2.96156809e-02	1.23717954e-01
869             	-8.13121084e-03	3.35200731e-04	9.91431312e-03	2.94458568e-02	1.22984750e-01
870             	-8.11236257e-03	3.27507158e-04	9.93255533e-03	2.92811122e-02	1.22285010e-01
871             	-8.10566842e-03	3.49612303e-04	9.78075663e-03	2.91347989e-02	1.21673856e-01
872             	-8.09684062e-03	3.85707228e-04	9.53809323e-03	2.90221646e-02	1.21210911e-01
873             	-8.07775245e-03	4.23466076e-04	9.27065318e-03	2.89583362e-02	1.20956626e-01
874             	-8.04823739e-03	4.59578848e-04	8.99928905e-03	2.89467575e-02	1.20924428e-01
875             	-8.01789711e-03	4.96466505e-04	8.72270568e-03	2.89847047e-02	1.21103011e-01
876             	-7.99723801e-03	5.39735478e-04	8.42071337e-03	2.90698967e-02	1.21484250e-01
877             	-7.99074655e-03	5.84846835e-04	8.12843189e-03	2.91964999e-02	1.22041125e-01
878             	-7.99991507e-03	6.23217710e-04	7.90226906e-03	2.93542309e-02	1.22725943e-01
879             	-8.02401597e-03	6.48285656e-04	7.78238101e-03	2.95260150e-02	1.23463254e-01
880             	-8.05708573e-03	6.52366188e-04	7.80815164e-03	2.96996309e-02	1.24198908e-01
881             	-8.09345654e-03	6.34780761e-04	7.97510729e-03	2.98584719e-02	1.24862862e-01
882             	-8.12899757e-03	6.02065109e-04	8.23546840e-03	2.99858665e-02	1.25387451e-01
883             	-8.16637123e-03	5.65842517e-04	8.51942590e-03	3.00606398e-02	1.25686979e-01
884             	-8.20235854e-03	5.33153488e-04	8.77787019e-03	3.00661200e-02	1.25693434e-01
885             	-8.22582857e-03	5.01765733e-04	9.00888163e-03	2.99972519e-02	1.25385068e-01
886             	-8.21486942e-03	4.54254113e-04	9.29059723e-03	2.98741682e-02	1.24842973e-01
887             	-8.17558297e-03	3.93154976e-04	9.61617757e-03	2.97183212e-02	1.24159466e-01
888             	-8.12932451e-03	3.39765421e-04	9.88259647e-03	2.95511125e-02	1.23432788e-01
889             	-8.09740896e-03	3.16282562e-04	9.98118202e-03	2.93840698e-02	1.22718166e-01
890             	-8.08345300e-03	3.27829890e-04	9.88512196e-03	2.92270635e-02	1.22058361e-01
891             	-8.07361655e-03	3.61284080e-04	9.65733562e-03	2.90968789e-02	1.21520167e-01
892             	-8.05531163e-03	4.01074935e-04	9.37787902e-03	2.90099533e-02	1.21168590e-01
893             	-8.02667217e-03	4.40809140e-04	9.08457183e-03	2.89750009e-02	1.21038544e-01
894             	-7.99200573e-03	4.79239290e-04	8.79161354e-03	2.89903070e-02	1.21122078e-01
895             	-7.96392026e-03	5.22298082e-04	8.47989027e-03	2.90529804e-02	1.21408257e-01
896             	-7.95051864e-03	5.70903742e-04	8.15531388e-03	2.91583469e-02	1.21876952e-01
897             	-7.95300780e-03	6.15999769e-04	7.87683012e-03	2.93002170e-02	1.22497957e-01
898             	-7.97137672e-03	6.49462295e-04	7.69560315e-03	2.94637301e-02	1.23204446e-01
899             	-8.00215577e-03	6.64254674e-04	7.65063831e-03	2.96348819e-02	1.23934425e-01
900             	-8.03995408e-03	6.56930876e-04	7.75531537e-03	2.97982912e-02	1.24621918e-01
901             	-8.07812980e-03	6.30942511e-04	7.97768734e-03	2.99377444e-02	1.25200188e-01
902             	-8.11791104e-03	5.95422042e-04	8.26137581e-03	3.00341443e-02	1.25591840e-01
903             	-8.15923296e-03	5.60297663e-04	8.54360079e-03	3.00678175e-02	1.25716878e-01
904             	-8.19487005e-03	5.28756300e-04	8.79393144e-03	3.00298576e-02	1.25538891e-01
905             	-8.20299933e-03	4.87721346e-04	9.06310758e-03	2.99278751e-02	1.25087204e-01
906             	-8.17798735e-03	4.29068585e-04	9.39443936e-03	2.97850313e-02	1.24458142e-01
907             	-8.13638520e-03	3.68367618e-04	9.71400779e-03	2.96215265e-02	1.23743068e-01
908             	-8.10005926e-03	3.28364326e-04	9.91046300e-03	2.94544118e-02	1.23021538e-01
909             	-8.08187939e-03	3.22971031e-04	9.91507685e-03	2.92928575e-02	1.22336011e-01
910             	-8.07407558e-03	3.46208109e-04	9.75445642e-03	2.91512961e-02	1.21745463e-01
911             	-8.06263120e-03	3.82082188e-04	9.50937990e-03	2.90450702e-02	1.21309758e-01
912             	-8.04028467e-03	4.18981068e-04	9.24268691e-03	2.89885262e-02	1.21086258e-01
913             	-8.00756937e-03	4.55179714e-04	8.96615323e-03	2.89835869e-02	1.21082587e-01
914             	-7.97505566e-03	4.93496853e-04	8.67733653e-03	2.90274324e-02	1.21287164e-01
915             	-7.95273755e-03	5.38219563e-04	8.36372096e-03	2.91166798e-02	1.21686614e-01
916             	-7.94521850e-03	5.83868828e-04	8.06655823e-03	2.92451500e-02	1.22252028e-01
917             	-7.95383906e-03	6.22136176e-04	7.84031215e-03	2.94009527e-02	1.22928935e-01
918             	-7.97723123e-03	6.46263192e-04	7.72542236e-03	2.95683668e-02	1.23647668e-01
919             	-8.00949151e-03	6.49450467e-04	7.75569973e-03	2.97353562e-02	1.24355237e-01
920             	-8.04487179e-03	6.31599266e-04	7.92290725e-03	2.98859970e-02	1.24984656e-01
921             	-8.07982466e-03	5.99725235e-04	8.17706279e-03	3.00026262e-02	1.25464187e-01
922             	-8.11793312e-03	5.65453292e-04	8.44982772e-03	3.00641464e-02	1.25708312e-01
923             	-8.15431836e-03	5.35286744e-04	8.69306161e-03	3.00555731e-02	1.25656027e-01
924             	-8.17689011e-03	5.04580707e-04	8.91865110e-03	2.99748624e-02	1.25297631e-01
925             	-8.16542092e-03	4.56429248e-04	9.20390288e-03	2.98440835e-02	1.24722619e-01
926             	-8.12825420e-03	3.96972758e-04	9.52245885e-03	2.96848239e-02	1.24025125e-01
927             	-8.08671170e-03	3.47606566e-04	9.77062630e-03	2.95174628e-02	1.23299013e-01
928             	-8.06164121e-03	3.29073921e-04	9.84821179e-03	2.93513696e-02	1.22589699e-01
929             	-8.05295797e-03	3.43773636e-04	9.74019828e-03	2.91980405e-02	1.21946073e-01
930             	-8.04600019e-03	3.77440538e-04	9.51542857e-03	2.90742507e-02	1.21434719e-01
931             	-8.02926399e-03	4.15092054e-04	9.25184946e-03	2.89957787e-02	1.21118050e-01
932             	-8.00261084e-03	4.52407885e-04	8.97674438e-03	2.89698508e-02	1.21025252e-01
933             	-7.97079119e-03	4.89652812e-04	8.69536147e-03	2.89944122e-02	1.21147418e-01
934             	-7.94637365e-03	5.32235825e-04	8.39185902e-03	2.90659614e-02	1.21470870e-01
935             	-7.93660785e-03	5.79191041e-04	8.08288609e-03	2.91790991e-02	1.21971668e-01
936             	-7.94186905e-03	6.21307779e-04	7.82713444e-03	2.93266742e-02	1.22615538e-01
937             	-7.96156544e-03	6.50825789e-04	7.67260318e-03	2.94934972e-02	1.23334410e-01
938             	-7.99202213e-03	6.60894387e-04	7.65680607e-03	2.96660717e-02	1.24068673e-01
939             	-8.02907301e-03	6.49272452e-04	7.78730209e-03	2.98281007e-02	1.24748745e-01
940             	-8.06602276e-03	6.19897503e-04	8.02898861e-03	2.99638094e-02	1.25309940e-01
941             	-8.10515214e-03	5.83355546e-04	8.31790715e-03	3.00534740e-02	1.25672596e-01
942             	-8.14442196e-03	5.48836024e-04	8.59306284e-03	3.00785193e-02	1.25761350e-01
943             	-8.17591906e-03	5.17699711e-04	8.83457048e-03	3.00307279e-02	1.25542069e-01
944             	-8.17643177e-03	4.74207582e-04	9.10796168e-03	2.99221718e-02	1.25062208e-01
945             	-8.14453991e-03	4.14158326e-04	9.43792273e-03	2.97752155e-02	1.24415852e-01
946             	-8.09880113e-03	3.55617004e-04	9.73772730e-03	2.96110516e-02	1.23699493e-01
947             	-8.06197037e-03	3.21690848e-04	9.89505997e-03	2.94445023e-02	1.22983058e-01
948             	-8.04434800e-03	3.23540838e-04	9.85487705e-03	2.92846840e-02	1.22307741e-01
949             	-8.03543410e-03	3.52295467e-04	9.65799108e-03	2.91465211e-02	1.21733823e-01
950             	-8.02048122e-03	3.91648620e-04	9.38598321e-03	2.90462175e-02	1.21324977e-01
951             	-7.99444622e-03	4.31766372e-04	9.09377013e-03	2.89969713e-02	1.21134173e-01
952             	-7.95958597e-03	4.71383846e-04	8.79271386e-03	2.89997582e-02	1.21165031e-01
953             	-7.92752704e-03	5.13812878e-04	8.47881681e-03	2.90506987e-02	1.21401496e-01
954             	-7.90843063e-03	5.62321805e-04	8.14626409e-03	2.91451466e-02	1.21824316e-01
955             	-7.90608949e-03	6.10357318e-04	7.84191266e-03	2.92765301e-02	1.22402455e-01
956             	-7.91975248e-03	6.48653064e-04	7.62310127e-03	2.94338491e-02	1.23085184e-01
957             	-7.94708303e-03	6.70060350e-04	7.53127555e-03	2.96025108e-02	1.23807723e-01
958             	-7.98276467e-03	6.69329752e-04	7.59128323e-03	2.97688238e-02	1.24510591e-01
959             	-8.02105202e-03	6.47626507e-04	7.78695160e-03	2.99155105e-02	1.25121443e-01
960             	-8.05950594e-03	6.12613339e-04	8.06582702e-03	3.00245229e-02	1.25567083e-01
961             	-8.10134876e-03	5.75948964e-04	8.35888951e-03	3.00759770e-02	1.25767080e-01
962             	-8.13981091e-03	5.42837196e-04	8.62348975e-03	3.00575637e-02	1.25671423e-01
963             	-8.15886525e-03	5.06011667e-04	8.88229322e-03	2.99718932e-02	1.25289733e-01
964             	-8.14284176e-03	4.51400491e-04	9.20142326e-03	2.98405414e-02	1.24710107e-01
965             	-8.10411517e-03	3.89387079e-04	9.53359922e-03	2.96827683e-02	1.24018125e-01
966             	-8.06502474e-03	3.42056878e-04	9.77230605e-03	2.95170926e-02	1.23299694e-01
967             	-8.04316796e-03	3.27923499e-04	9.82671557e-03	2.93540598e-02	1.22604663e-01
968             	-8.03501100e-03	3.45597075e-04	9.70066853e-03	2.92068035e-02	1.21987722e-01
969             	-8.02570517e-03	3.79574702e-04	9.47052745e-03	2.90913358e-02	1.21511939e-01
970             	-8.00549937e-03	4.16477828e-04	9.20669197e-03	2.90222956e-02	1.21235287e-01
971             	-7.97517641e-03	4.53088998e-04	8.93079346e-03	2.90050296e-02	1.21179299e-01
972             	-7.94214622e-03	4.91042771e-04	8.64325475e-03	2.90370435e-02	1.21333567e-01
973             	-7.91747567e-03	5.35150099e-04	8.32983516e-03	2.91149084e-02	1.21684604e-01
974             	-7.90735454e-03	5.82293063e-04	8.01922325e-03	2.92328506e-02	1.22206045e-01
975             	-7.91205291e-03	6.23531897e-04	7.76830656e-03	2.93817643e-02	1.22855286e-01
976             	-7.93092682e-03	6.51346039e-04	7.62345932e-03	2.95457884e-02	1.23561673e-01
977             	-7.95969746e-03	6.58672055e-04	7.62253879e-03	2.97126624e-02	1.24270973e-01
978             	-7.99454837e-03	6.44675476e-04	7.76477296e-03	2.98665824e-02	1.24916123e-01
979             	-8.02976101e-03	6.14778176e-04	8.00714132e-03	2.99909079e-02	1.25429125e-01
980             	-8.06766658e-03	5.79763655e-04	8.28460105e-03	3.00660352e-02	1.25730831e-01
981             	-8.10552224e-03	5.48083604e-04	8.53978547e-03	3.00749440e-02	1.25752187e-01
982             	-8.13488620e-03	5.18768258e-04	8.76676747e-03	3.00108925e-02	1.25464533e-01
983             	-8.13190505e-03	4.74331429e-04	9.04118016e-03	2.98920522e-02	1.24940832e-01
984             	-8.09897742e-03	4.14975623e-04	9.36544182e-03	2.97397062e-02	1.24272035e-01
985             	-8.05672376e-03	3.60877121e-04	9.64255564e-03	2.95734741e-02	1.23548393e-01
986             	-8.02688964e-03	3.34169856e-04	9.76480990e-03	2.94061459e-02	1.22830740e-01
987             	-8.01496327e-03	3.42195547e-04	9.69418083e-03	2.92493428e-02	1.22169881e-01
988             	-8.00830079e-03	3.73185731e-04	9.48663245e-03	2.91187805e-02	1.21628722e-01
989             	-7.99343271e-03	4.11100176e-04	9.22395375e-03	2.90292239e-02	1.21264897e-01
990             	-7.96830246e-03	4.48774261e-04	8.94859014e-03	2.89918647e-02	1.21123494e-01
991             	-7.93571155e-03	4.85908620e-04	8.66654889e-03	2.90062078e-02	1.21202233e-01
992             	-7.90807045e-03	5.27314248e-04	8.36552760e-03	2.90689974e-02	1.21488239e-01
993             	-7.89452960e-03	5.74331039e-04	8.05043365e-03	2.91737871e-02	1.21953890e-01
994             	-7.89686279e-03	6.18470158e-04	7.77743783e-03	2.93129895e-02	1.22563239e-01
995             	-7.91362283e-03	6.50983642e-04	7.59959583e-03	2.94747660e-02	1.23262250e-01
996             	-7.94205468e-03	6.65156734e-04	7.55493668e-03	2.96453284e-02	1.23989955e-01
997             	-7.97835275e-03	6.57994100e-04	7.65629465e-03	2.98091445e-02	1.24679688e-01
998             	-8.01651673e-03	6.31526056e-04	7.88164434e-03	2.99495169e-02	1.25261888e-01
999             	-8.05611406e-03	5.94861170e-04	8.17238040e-03	3.00477951e-02	1.25661118e-01
1000            	-8.09761973e-03	5.58657405e-04	8.46179434e-03	3.00854088e-02	1.25802425e-01
1001            	-8.13327139e-03	5.26279525e-04	8.71744191e-03	3.00525200e-02	1.25645688e-01
1002            	-8.14290302e-03	4.85640374e-04	8.98637173e-03	2.99553912e-02	1.25214646e-01
1003            	-8.11857850e-03	4.28026191e-04	9.31219684e-03	2.98165148e-02	1.24602768e-01
1004            	-8.07582693e-03	3.67695649e-04	9.62782129e-03	2.96547784e-02	1.23895285e-01
1005            	-8.03679614e-03	3.27251410e-04	9.82316553e-03	2.94876656e-02	1.23173764e-01
1006            	-8.01603058e-03	3.21675409e-04	9.82525096e-03	2.93254935e-02	1.22485733e-01
1007            	-8.00658844e-03	3.45913546e-04	9.65601351e-03	2.91825989e-02	1.21890013e-01
1008            	-7.99359770e-03	3.83699409e-04	9.39662464e-03	2.90743917e-02	1.21446865e-01
1009            	-7.96993660e-03	4.23643890e-04	9.10879271e-03	2.90144375e-02	1.21210307e-01
1010            	-7.93671837e-03	4.63559815e-04	8.80809191e-03	2.90059743e-02	1.21193302e-01
1011            	-7.90366545e-03	5.06017315e-04	8.49237335e-03	2.90469698e-02	1.21387568e-01
1012            	-7.88158710e-03	5.54613118e-04	8.15471641e-03	2.91323330e-02	1.21772002e-01
1013            	-7.87563856e-03	6.03732630e-04	7.83805125e-03	2.92566081e-02	1.22320662e-01
1014            	-7.88568640e-03	6.44678095e-04	7.59708676e-03	2.94099135e-02	1.22987805e-01
1015            	-7.90994362e-03	6.69839813e-04	7.47700399e-03	2.95758520e-02	1.23700684e-01
1016            	-7.94340387e-03	6.73231592e-04	7.50779396e-03	2.97417636e-02	1.24403803e-01
1017            	-7.98141891e-03	6.54984368e-04	7.68137752e-03	2.98916836e-02	1.25029906e-01
1018            	-8.01932394e-03	6.21808096e-04	7.94810526e-03	3.00087313e-02	1.25510417e-01
1019            	-8.06047150e-03	5.85032120e-04	8.24111019e-03	3.00729783e-02	1.25764692e-01
1020            	-8.09978309e-03	5.51534873e-04	8.50954670e-03	3.00694166e-02	1.25731917e-01
1021            	-8.12597636e-03	5.17614197e-04	8.76060092e-03	2.99950557e-02	1.25398714e-01
1022            	-8.11725275e-03	4.66461515e-04	9.06869985e-03	2.98717891e-02	1.24853995e-01
1023            	-8.08119677e-03	4.03965723e-04	9.40793763e-03	2.97194957e-02	1.24184552e-01
1024            	-8.04036028e-03	3.51925598e-04	9.67390388e-03	2.95568117e-02	1.23476847e-01
1025            	-8.01532018e-03	3.31284612e-04	9.76474950e-03	2.93940672e-02	1.22780654e-01
1026            	-8.00630765e-03	3.44608850e-04	9.66485679e-03	2.92436302e-02	1.22148561e-01
1027            	-7.99883432e-03	3.77173666e-04	9.44619992e-03	2.91219869e-02	1.21645862e-01
1028            	-7.98114016e-03	4.14336028e-04	9.18422497e-03	2.90444149e-02	1.21332854e-01
1029            	-7.95372714e-03	4.51540322e-04	8.90866363e-03	2.90186486e-02	1.21240730e-01
1030            	-7.92059580e-03	4.89162130e-04	8.62292003e-03	2.90428146e-02	1.21361540e-01
1031            	-7.89397665e-03	5.32262623e-04	8.31284541e-03	2.91138903e-02	1.21683515e-01
1032            	-7.88161004e-03	5.79685551e-04	7.99700426e-03	2.92249570e-02	1.22176057e-01
1033            	-7.88412265e-03	6.22509847e-04	7.73267987e-03	2.93691122e-02	1.22806042e-01
1034            	-7.90044760e-03	6.52609793e-04	7.56953892e-03	2.95305512e-02	1.23502741e-01
1035            	-7.92758851e-03	6.63447831e-04	7.54405962e-03	2.96961704e-02	1.24208296e-01
1036            	-7.96160161e-03	6.53279325e-04	7.66100242e-03	2.98514506e-02	1.24860883e-01
1037            	-7.99664887e-03	6.25816984e-04	7.88794061e-03	2.99801930e-02	1.25393662e-01
1038            	-8.03388441e-03	5.91052713e-04	8.16310531e-03	3.00633393e-02	1.25729553e-01
1039            	-8.07258342e-03	5.58406080e-04	8.42581459e-03	3.00830366e-02	1.25796296e-01
1040            	-8.10495444e-03	5.28991490e-04	8.65792887e-03	3.00315856e-02	1.25561933e-01
1041            	-8.10788898e-03	4.87230052e-04	8.92420159e-03	2.99210763e-02	1.25074044e-01
1042            	-8.07878806e-03	4.29250395e-04	9.24545897e-03	2.97744966e-02	1.24429692e-01
1043            	-8.03627917e-03	3.72530559e-04	9.53884221e-03	2.96111105e-02	1.23716757e-01
1044            	-8.00326670e-03	3.40159468e-04	9.69228123e-03	2.94450773e-02	1.23002416e-01
1045            	-7.98934839e-03	3.42643014e-04	9.65371359e-03	2.92865445e-02	1.22332176e-01
1046            	-7.98327867e-03	3.70814681e-04	9.46473530e-03	2.91512117e-02	1.21769591e-01
1047            	-7.97046961e-03	4.08701279e-04	9.20510840e-03	2.90547222e-02	1.21376081e-01
1048            	-7.94680595e-03	4.47075234e-04	8.92731250e-03	2.90093557e-02	1.21200747e-01
1049            	-7.91440628e-03	4.84595872e-04	8.64298710e-03	2.90166301e-02	1.21249490e-01
1050            	-7.88484192e-03	5.25292453e-04	8.34349821e-03	2.90726557e-02	1.21506595e-01
1051            	-7.86846042e-03	5.71842705e-04	8.02706244e-03	2.91711239e-02	1.21945434e-01
1052            	-7.86804318e-03	6.16872501e-04	7.74426747e-03	2.93054876e-02	1.22534837e-01
1053            	-7.88267714e-03	6.51413039e-04	7.55036627e-03	2.94639360e-02	1.23220761e-01
1054            	-7.90960930e-03	6.68865816e-04	7.48276569e-03	2.96324370e-02	1.23941152e-01
1055            	-7.94496775e-03	6.65385885e-04	7.55960123e-03	2.97963711e-02	1.24632899e-01
1056            	-7.98334618e-03	6.41681560e-04	7.76799323e-03	2.99390230e-02	1.25225877e-01
1057            	-8.02296940e-03	6.05818503e-04	8.05396455e-03	3.00430256e-02	1.25649745e-01
1058            	-8.06534554e-03	5.68621443e-04	8.35118620e-03	3.00894353e-02	1.25827977e-01
1059            	-8.10282438e-03	5.34970128e-04	8.61771150e-03	3.00663141e-02	1.25712137e-01
1060            	-8.11922239e-03	4.96192413e-04	8.88492188e-03	2.99774895e-02	1.25316477e-01
1061            	-8.10046430e-03	4.40130101e-04	9.20920826e-03	2.98451506e-02	1.24732360e-01
1062            	-8.06003252e-03	3.78431667e-04	9.53697154e-03	2.96868355e-02	1.24038417e-01
1063            	-8.02057549e-03	3.33851045e-04	9.75792809e-03	2.95198984e-02	1.23315738e-01
1064            	-7.99823117e-03	3.23508115e-04	9.78782633e-03	2.93558802e-02	1.22618028e-01
1065            	-7.98863660e-03	3.44490533e-04	9.63888314e-03	2.92088760e-02	1.22003598e-01
1066            	-7.97672800e-03	3.80940999e-04	9.38941702e-03	2.90946634e-02	1.21534387e-01
1067            	-7.95434577e-03	4.20033619e-04	9.10869490e-03	2.90269629e-02	1.21264546e-01
1068            	-7.92246137e-03	4.59343130e-04	8.81362798e-03	2.90107689e-02	1.21214402e-01
1069            	-7.88946196e-03	5.01497747e-04	8.49981018e-03	2.90441407e-02	1.21376146e-01
1070            	-7.86608175e-03	5.49832062e-04	8.16178594e-03	2.91233682e-02	1.21734539e-01
1071            	-7.85820944e-03	5.99791579e-04	7.83685322e-03	2.92412619e-02	1.22256571e-01
1072            	-7.86604329e-03	6.42362325e-04	7.58222328e-03	2.93898117e-02	1.22904436e-01
1073            	-7.88768732e-03	6.69744368e-04	7.44421894e-03	2.95536508e-02	1.23609595e-01
1074            	-7.91880769e-03	6.75928365e-04	7.45401074e-03	2.97197700e-02	1.24314969e-01
1075            	-7.95586975e-03	6.60812789e-04	7.60656261e-03	2.98715536e-02	1.24950315e-01
1076            	-7.99381326e-03	6.29605108e-04	7.86113345e-03	2.99923165e-02	1.25447318e-01
1077            	-8.03486141e-03	5.92992837e-04	8.15315635e-03	3.00636136e-02	1.25731612e-01
1078            	-8.07482639e-03	5.58870578e-04	8.42661987e-03	3.00701771e-02	1.25741614e-01
1079            	-8.10442191e-03	5.25999681e-04	8.67613812e-03	3.00055394e-02	1.25449782e-01
1080            	-8.10068177e-03	4.77347946e-04	8.97583740e-03	2.98885996e-02	1.24932247e-01
1081            	-8.06718677e-03	4.14936816e-04	9.31834685e-03	2.97408055e-02	1.24281455e-01
1082            	-8.02526749e-03	3.59768393e-04	9.60253853e-03	2.95816330e-02	1.23587263e-01
1083            	-7.99768174e-03	3.34114634e-04	9.72134987e-03	2.94206716e-02	1.22896741e-01
1084            	-7.98809193e-03	3.43620292e-04	9.64472754e-03	2.92685435e-02	1.22255977e-01
1085            	-7.98208068e-03	3.74915085e-04	9.43619252e-03	2.91423374e-02	1.21733244e-01
1086            	-7.96667268e-03	4.12511853e-04	9.17472292e-03	2.90583868e-02	1.21393096e-01
1087            	-7.94103494e-03	4.50090403e-04	8.89923943e-03	2.90264559e-02	1.21274841e-01
1088            	-7.90838986e-03	4.87350011e-04	8.61635256e-03	2.90455128e-02	1.21373847e-01
1089            	-7.88114642e-03	5.29455045e-04	8.31155183e-03	2.91118464e-02	1.21675396e-01
1090            	-7.86767403e-03	5.76804152e-04	7.99447544e-03	2.92176956e-02	1.22145853e-01
1091            	-7.86946027e-03	6.20434229e-04	7.72384583e-03	2.93569778e-02	1.22755619e-01
1092            	-7.88481226e-03	6.51970414e-04	7.55007491e-03	2.95164164e-02	1.23444597e-01
1093            	-7.91086310e-03	6.65044464e-04	7.50885230e-03	2.96821919e-02	1.24151898e-01
1094            	-7.94485541e-03	6.57730580e-04	7.60779900e-03	2.98380381e-02	1.24808013e-01
1095            	-7.98003369e-03	6.32264400e-04	7.82246671e-03	2.99687474e-02	1.25349917e-01
1096            	-8.01717563e-03	5.98051424e-04	8.09418975e-03	3.00561218e-02	1.25703995e-01
1097            	-8.05642096e-03	5.64988901e-04	8.36050658e-03	3.00826882e-02	1.25799706e-01
1098            	-8.08991922e-03	5.35454900e-04	8.59511224e-03	3.00394413e-02	1.25600074e-01
1099            	-8.09651335e-03	4.95258196e-04	8.85691489e-03	2.99358307e-02	1.25141772e-01
1100            	-8.07047074e-03	4.38510551e-04	9.17492289e-03	2.97940499e-02	1.24517866e-01
1101            	-8.02849265e-03	3.80714343e-04	9.47592839e-03	2.96331179e-02	1.23814618e-01
1102            	-7.99350373e-03	3.44788410e-04	9.64895879e-03	2.94680088e-02	1.23102759e-01
1103            	-7.97758977e-03	3.43357248e-04	9.63218598e-03	2.93089513e-02	1.22428841e-01
1104            	-7.97123809e-03	3.69161474e-04	9.45769630e-03	2.91713476e-02	1.21855695e-01
1105            	-7.95933500e-03	4.06339312e-04	9.20379666e-03	2.90707533e-02	1.21444392e-01
1106            	-7.93672192e-03	4.44506873e-04	8.92872164e-03	2.90197177e-02	1.21244831e-01
1107            	-7.90503724e-03	4.81843985e-04	8.64647127e-03	2.90209359e-02	1.21267731e-01
1108            	-7.87489353e-03	5.22414275e-04	8.34679374e-03	2.90722364e-02	1.21504755e-01
1109            	-7.85659580e-03	5.68849157e-04	8.02816710e-03	2.91670322e-02	1.21928077e-01
1110            	-7.85407044e-03	6.14341807e-04	7.73923702e-03	2.92981544e-02	1.22504083e-01
1111            	-7.86667802e-03	6.50110331e-04	7.53450368e-03	2.94548198e-02	1.23183187e-01
1112            	-7.89249195e-03	6.69677022e-04	7.45187145e-03	2.96219457e-02	1.23898661e-01
1113            	-7.92696304e-03	6.68733273e-04	7.51141254e-03	2.97859690e-02	1.24591885e-01
1114            	-7.96513170e-03	6.47592275e-04	7.70341980e-03	2.99307856e-02	1.25195103e-01
1115            	-8.00454323e-03	6.13144177e-04	7.98032229e-03	3.00389130e-02	1.25637047e-01
1116            	-8.04733419e-03	5.75875884e-04	8.27878161e-03	3.00912589e-02	1.25840455e-01
1117            	-8.08637115e-03	5.41495699e-04	8.55233528e-03	3.00755651e-02	1.25755812e-01
1118            	-8.10799070e-03	5.04233628e-04	8.81773851e-03	2.99921917e-02	1.25383424e-01
1119            	-8.09401360e-03	4.49986393e-04	9.13763756e-03	2.98630696e-02	1.24813144e-01
1120            	-8.05488172e-03	3.87507552e-04	9.47227321e-03	2.97081857e-02	1.24133209e-01
1121            	-8.01413189e-03	3.39396719e-04	9.71366604e-03	2.95439749e-02	1.23420723e-01
1122            	-7.99070573e-03	3.24860968e-04	9.76847311e-03	2.93794385e-02	1.22719216e-01
1123            	-7.98132479e-03	3.43204926e-04	9.63649362e-03	2.92290828e-02	1.22089490e-01
1124            	-7.97048829e-03	3.78584965e-04	9.39531213e-03	2.91099570e-02	1.21598934e-01
1125            	-7.94899370e-03	4.17488057e-04	9.11699320e-03	2.90365288e-02	1.21304647e-01
1126            	-7.91815002e-03	4.56525267e-04	8.82503786e-03	2.90147563e-02	1.21230678e-01
1127            	-7.88492713e-03	4.98072654e-04	8.51462153e-03	2.90425109e-02	1.21368387e-01
1128            	-7.86023476e-03	5.45757022e-04	8.17870563e-03	2.91164833e-02	1.21704340e-01
1129            	-7.85067463e-03	5.95837545e-04	7.85045915e-03	2.92297079e-02	1.22206764e-01
1130            	-7.85654612e-03	6.39255972e-04	7.58750923e-03	2.93752742e-02	1.22842543e-01
1131            	-7.87625790e-03	6.68141451e-04	7.43712473e-03	2.95376231e-02	1.23542182e-01
1132            	-7.90598174e-03	6.76389939e-04	7.43185508e-03	2.97030905e-02	1.24245723e-01
1133            	-7.94238984e-03	6.63557149e-04	7.56913861e-03	2.98555588e-02	1.24884921e-01
1134            	-7.98018397e-03	6.34116895e-04	7.81248086e-03	2.99786925e-02	1.25392650e-01
1135            	-8.02052924e-03	5.98059335e-04	8.10011526e-03	3.00545782e-02	1.25696707e-01
1136            	-8.06076995e-03	5.63624371e-04	8.37607524e-03	3.00676028e-02	1.25734051e-01
1137            	-8.09214576e-03	5.30871889e-04	8.62754227e-03	3.00104970e-02	1.25474155e-01
1138            	-8.09175283e-03	4.83725920e-04	8.92270624e-03	2.98988589e-02	1.24979357e-01
1139            	-8.06051698e-03	4.21971781e-04	9.26441814e-03	2.97548341e-02	1.24344448e-01
1140            	-8.01873627e-03	3.64996354e-04	9.56023900e-03	2.95972771e-02	1.23656140e-01
1141            	-7.98903116e-03	3.35559034e-04	9.69982291e-03	2.94381680e-02	1.22972055e-01
1142            	-7.97811179e-03	3.41678829e-04	9.64261383e-03	2.92860755e-02	1.22330221e-01
1143            	-7.97269069e-03	3.71715497e-04	9.44286055e-03	2.91573490e-02	1.21796267e-01
1144            	-7.95896784e-03	4.09089854e-04	9.18521028e-03	2.90684001e-02	1.21434724e-01
1145            	-7.93485927e-03	4.46572329e-04	8.91248739e-03	2.90308956e-02	1.21292675e-01
1146            	-7.90292723e-03	4.83621304e-04	8.63189936e-03	2.90449722e-02	1.21370399e-01
1147            	-7.87540529e-03	5.25373999e-04	8.32885221e-03	2.91069579e-02	1.21653380e-01
1148            	-7.86117167e-03	5.72530260e-04	8.01181825e-03	2.92092708e-02	1.22108889e-01
1149            	-7.86225534e-03	6.16835836e-04	7.73583468e-03	2.93449273e-02	1.22703625e-01
1150            	-7.87715724e-03	6.49487868e-04	7.55428135e-03	2.95022876e-02	1.23384322e-01
1151            	-7.90318515e-03	6.64417653e-04	7.50126620e-03	2.96669489e-02	1.24087660e-01
1152            	-7.93688691e-03	6.58894061e-04	7.58851578e-03	2.98239564e-02	1.24749500e-01
1153            	-7.97247007e-03	6.34885003e-04	7.79464048e-03	2.99564603e-02	1.25299611e-01
1154            	-8.00938589e-03	6.00908377e-04	8.06466407e-03	3.00470817e-02	1.25667627e-01
1155            	-8.04914183e-03	5.67426388e-04	8.33452952e-03	3.00782860e-02	1.25782831e-01
1156            	-8.08358227e-03	5.37473657e-04	8.57325505e-03	3.00406179e-02	1.25606694e-01
1157            	-8.09356110e-03	4.98846193e-04	8.83017718e-03	2.99410841e-02	1.25165979e-01
1158            	-8.06978678e-03	4.43226882e-04	9.14442069e-03	2.98031010e-02	1.24558395e-01
1159            	-8.02815799e-03	3.84687224e-04	9.45064921e-03	2.96443019e-02	1.23863733e-01
1160            	-7.99167915e-03	3.46029330e-04	9.63876492e-03	2.94801122e-02	1.23154719e-01
1161            	-7.97428581e-03	3.41722682e-04	9.63799177e-03	2.93204676e-02	1.22477259e-01
1162            	-7.96769961e-03	3.66053372e-04	9.47243718e-03	2.91807984e-02	1.21894763e-01
1163            	-7.95631104e-03	4.02677531e-04	9.22272591e-03	2.90770659e-02	1.21469910e-01
1164            	-7.93420782e-03	4.40598490e-04	8.94986170e-03	2.90219504e-02	1.21252935e-01
1165            	-7.90293062e-03	4.78045033e-04	8.66743468e-03	2.90189286e-02	1.21257823e-01
1166            	-7.87239823e-03	5.18393166e-04	8.36851486e-03	2.90660358e-02	1.21476934e-01
1167            	-7.85275016e-03	5.64574966e-04	8.04942380e-03	2.91575462e-02	1.21886270e-01
1168            	-7.84852219e-03	6.10366650e-04	7.75601818e-03	2.92864721e-02	1.22453185e-01
1169            	-7.85972376e-03	6.47400362e-04	7.54113362e-03	2.94422406e-02	1.23129133e-01
1170            	-7.88423470e-03	6.68553626e-04	7.44650764e-03	2.96094028e-02	1.23845547e-01
1171            	-7.91792563e-03	6.69461887e-04	7.49320577e-03	2.97739555e-02	1.24541799e-01
1172            	-7.95607849e-03	6.50181031e-04	7.67349123e-03	2.99206004e-02	1.25153516e-01
1173            	-7.99502228e-03	6.16790253e-04	7.94313805e-03	3.00321860e-02	1.25610602e-01
1174            	-8.03762355e-03	5.79693477e-04	8.24035972e-03	3.00893514e-02	1.25834595e-01
1175            	-8.07774012e-03	5.45309761e-04	8.51561932e-03	3.00793417e-02	1.25774078e-01
1176            	-8.10284038e-03	5.09156786e-04	8.77920403e-03	3.00009975e-02	1.25423246e-01
1177            	-8.09268223e-03	4.56315163e-04	9.09587523e-03	2.98747089e-02	1.24865198e-01
1178            	-8.05545404e-03	3.93460359e-04	9.43568554e-03	2.97215667e-02	1.24192246e-01
1179            	-8.01388896e-03	3.42807240e-04	9.69193282e-03	2.95593650e-02	1.23487300e-01
1180            	-7.98902856e-03	3.24832104e-04	9.76635938e-03	2.93958823e-02	1.22789047e-01
1181            	-7.97956693e-03	3.40725928e-04	9.64972919e-03	2.92439017e-02	1.22151489e-01
1182            	-7.96984932e-03	3.75257061e-04	9.41551512e-03	2.91210868e-02	1.21644847e-01
1183            	-7.94944601e-03	4.14268901e-04	9.13803511e-03	2.90431734e-02	1.21331465e-01
1184            	-7.91956516e-03	4.53488984e-04	8.84626130e-03	2.90169691e-02	1.21238674e-01
1185            	-7.88592571e-03	4.94565402e-04	8.53812809e-03	2.90405820e-02	1.21358681e-01
1186            	-7.85990067e-03	5.41555699e-04	8.20457563e-03	2.91107132e-02	1.21678187e-01
1187            	-7.84885563e-03	5.91606961e-04	7.87429036e-03	2.92205155e-02	1.22166236e-01
1188            	-7.85341425e-03	6.35837966e-04	7.60422879e-03	2.93629306e-02	1.22789082e-01
1189            	-7.87169265e-03	6.65993458e-04	7.44369089e-03	2.95239137e-02	1.23483566e-01
1190            	-7.90040216e-03	6.75980632e-04	7.42596126e-03	2.96892152e-02	1.24187193e-01
1191            	-7.93600080e-03	6.64960205e-04	7.55066030e-03	2.98429515e-02	1.24832569e-01
1192            	-7.97335062e-03	6.36682491e-04	7.78608850e-03	2.99681460e-02	1.25349551e-01
1193            	-8.01325958e-03	6.00946370e-04	8.07115442e-03	3.00471901e-02	1.25667215e-01
1194            	-8.05369729e-03	5.66389239e-04	8.34828759e-03	3.00643460e-02	1.25722074e-01
1195            	-8.08625680e-03	5.33855944e-04	8.60017294e-03	3.00128027e-02	1.25485857e-01
1196            	-8.08810514e-03	4.87720477e-04	8.89227609e-03	2.99060854e-02	1.25012206e-01
1197            	-8.05837998e-03	4.26419455e-04	9.23337263e-03	2.97658805e-02	1.24393446e-01
1198            	-8.01683753e-03	3.68123064e-04	9.53790707e-03	2.96095114e-02	1.23709420e-01
1199            	-7.98567981e-03	3.35862201e-04	9.69318624e-03	2.94505703e-02	1.23024919e-01
1200            	-7.97319262e-03	3.39152347e-04	9.65151927e-03	2.92986779e-02	1.22382916e-01
1201            	-7.96751234e-03	3.67806544e-04	9.46008137e-03	2.91691548e-02	1.21845058e-01
1202            	-7.95465657e-03	4.05133701e-04	9.20395777e-03	2.90771388e-02	1.21470399e-01
1203            	-7.93177062e-03	4.42851453e-04	8.93149682e-03	2.90348860e-02	1.21308172e-01
1204            	-7.90063607e-03	4.79823616e-04	8.65253590e-03	2.90440505e-02	1.21364912e-01
1205            	-7.87285245e-03	5.21280992e-04	8.35091797e-03	2.91017521e-02	1.21629583e-01
1206            	-7.85800658e-03	5.68374289e-04	8.03333900e-03	2.92011903e-02	1.22072948e-01
1207            	-7.85835719e-03	6.13091127e-04	7.75366132e-03	2.93348303e-02	1.22659388e-01
1208            	-7.87300493e-03	6.46516531e-04	7.56679679e-03	2.94901996e-02	1.23332066e-01
1209            	-7.89911472e-03	6.62655325e-04	7.50624061e-03	2.96537302e-02	1.24031172e-01
1210            	-7.93301267e-03	6.58686133e-04	7.58396047e-03	2.98105880e-02	1.24693063e-01
1211            	-7.96867387e-03	6.35952295e-04	7.78221006e-03	2.99450108e-02	1.25251870e-01
1212            	-8.00562671e-03	6.02395731e-04	8.04971841e-03	3.00389246e-02	1.25634083e-01
1213            	-8.04581815e-03	5.68520150e-04	8.32281033e-03	3.00738800e-02	1.25765102e-01
1214            	-8.08131871e-03	5.38012334e-04	8.56666577e-03	3.00401188e-02	1.25605374e-01
1215            	-8.09406345e-03	5.00301531e-04	8.82190983e-03	2.99440609e-02	1.25179601e-01
1216            	-8.07261791e-03	4.45643600e-04	9.13354024e-03	2.98080505e-02	1.24580513e-01
1217            	-8.03119913e-03	3.86471997e-04	9.44410779e-03	2.96509195e-02	1.23892560e-01
1218            	-7.99357308e-03	3.45814955e-04	9.64320587e-03	2.94871578e-02	1.23184546e-01
1219            	-7.97496531e-03	3.39259236e-04	9.65487941e-03	2.93267535e-02	1.22503022e-01
1220            	-7.96805935e-03	3.62167246e-04	9.49785654e-03	2.91849782e-02	1.21911040e-01
1221            	-7.95691601e-03	3.98365565e-04	9.25115352e-03	2.90782571e-02	1.21473324e-01
1222            	-7.93492467e-03	4.36310278e-04	8.97824499e-03	2.90196874e-02	1.21241675e-01
1223            	-7.90381422e-03	4.73792209e-04	8.69577655e-03	2.90133055e-02	1.21232313e-01
1224            	-7.87283435e-03	5.13947121e-04	8.39734512e-03	2.90570487e-02	1.21437085e-01
1225            	-7.85219612e-03	5.60085002e-04	8.07699167e-03	2.91456616e-02	1.21834116e-01
1226            	-7.84671823e-03	6.06489534e-04	7.77780827e-03	2.92725664e-02	1.22392720e-01
1227            	-7.85643079e-03	6.44542424e-04	7.55423132e-03	2.94282752e-02	1.23068982e-01
1228            	-7.87965135e-03	6.67016133e-04	7.44931688e-03	2.95960355e-02	1.23788625e-01
1229            	-7.91231182e-03	6.69122245e-04	7.48692231e-03	2.97620438e-02	1.24491679e-01
1230            	-7.95024365e-03	6.51086452e-04	7.65903320e-03	2.99106835e-02	1.25112388e-01
1231            	-7.98928165e-03	6.18413918e-04	7.92433074e-03	3.00250804e-02	1.25581699e-01
1232            	-8.03180964e-03	5.81658804e-04	8.21936102e-03	3.00865945e-02	1.25824336e-01
1233            	-8.07248275e-03	5.47544187e-04	8.49380891e-03	3.00815557e-02	1.25785068e-01
1234            	-8.09977759e-03	5.12467921e-04	8.75386208e-03	3.00074594e-02	1.25452583e-01
1235            	-8.09244955e-03	4.60578313e-04	9.06872205e-03	2.98844814e-02	1.24908751e-01
1236            	-8.05722412e-03	3.97531534e-04	9.41272513e-03	2.97323849e-02	1.24239899e-01
1237            	-8.01597220e-03	3.45163736e-04	9.68027687e-03	2.95703039e-02	1.23534642e-01
1238            	-7.98994792e-03	3.24511355e-04	9.76989355e-03	2.94076191e-02	1.22838807e-01
1239            	-7.97991162e-03	3.38305073e-04	9.66567524e-03	2.92554949e-02	1.22199888e-01
1240            	-7.97098672e-03	3.72149650e-04	9.43693390e-03	2.91307837e-02	1.21684860e-01
1241            	-7.95169584e-03	4.10833444e-04	9.16311303e-03	2.90491119e-02	1.21355319e-01
1242            	-7.92294058e-03	4.49976528e-04	8.87342238e-03	2.90190624e-02	1.21246088e-01
1243            	-7.88914442e-03	4.90783925e-04	8.56669452e-03	2.90395022e-02	1.21352529e-01
1244            	-7.86200871e-03	5.37370202e-04	8.23399697e-03	2.91070485e-02	1.21660997e-01
1245            	-7.84959069e-03	5.87709638e-04	7.89983811e-03	2.92144942e-02	1.22139265e-01
1246            	-7.85285491e-03	6.32595224e-04	7.62370327e-03	2.93549620e-02	1.22754295e-01
1247            	-7.87026499e-03	6.63856855e-04	7.45486814e-03	2.95142683e-02	1.23442230e-01
1248            	-7.89838992e-03	6.75421529e-04	7.42629517e-03	2.96792732e-02	1.24145311e-01
1249            	-7.93367682e-03	6.66044186e-04	7.54016113e-03	2.98340353e-02	1.24795743e-01
1250            	-7.97026796e-03	6.38657136e-04	7.76891821e-03	2.99616779e-02	1.25323563e-01
1251            	-8.00962559e-03	6.03196003e-04	8.05153037e-03	3.00440009e-02	1.25655328e-01
1252            	-8.05026965e-03	5.68641788e-04	8.32902964e-03	3.00646028e-02	1.25724850e-01
1253            	-8.08378259e-03	5.36492540e-04	8.57994172e-03	3.00168646e-02	1.25504878e-01
1254            	-8.08759594e-03	4.91437690e-04	8.86813174e-03	2.99133331e-02	1.25045012e-01
1255            	-8.05911868e-03	4.30565978e-04	9.20835826e-03	2.97756276e-02	1.24436859e-01
1256            	-8.01701200e-03	3.71082412e-04	9.51957867e-03	2.96213016e-02	1.23760972e-01
1257            	-7.98449804e-03	3.36390313e-04	9.68821530e-03	2.94626999e-02	1.23076952e-01
1258            	-7.97087518e-03	3.37255321e-04	9.66017777e-03	2.93106322e-02	1.22433280e-01
1259            	-7.96508207e-03	3.64871356e-04	9.47507990e-03	2.91801585e-02	1.21890948e-01
1260            	-7.95282287e-03	4.02416482e-04	9.21840690e-03	2.90866339e-02	1.21509853e-01
1261            	-7.93055901e-03	4.40332380e-04	8.94556866e-03	2.90414794e-02	1.21335294e-01
1262            	-7.89983597e-03	4.77295797e-04	8.66725073e-03	2.90470677e-02	1.21376791e-01
1263            	-7.87174814e-03	5.18365415e-04	8.36759851e-03	2.91014057e-02	1.21627048e-01
1264            	-7.85628432e-03	5.65299143e-04	8.05009049e-03	2.91979233e-02	1.22057980e-01
1265            	-7.85594080e-03	6.10335273e-04	7.76734096e-03	2.93297883e-02	1.22637145e-01
1266            	-7.86991973e-03	6.44708948e-04	7.57350237e-03	2.94844869e-02	1.23307472e-01
1267            	-7.89603666e-03	6.62032123e-04	7.50549085e-03	2.96475018e-02	1.24004893e-01
1268            	-7.93040985e-03	6.59246323e-04	7.57645520e-03	2.98041235e-02	1.24666270e-01
1269            	-7.96666703e-03	6.37449501e-04	7.76969137e-03	2.99396140e-02	1.25230024e-01
1270            	-8.00365888e-03	6.04280545e-04	8.03486593e-03	3.00361927e-02	1.25623788e-01
1271            	-8.04394696e-03	5.69993511e-04	8.31076457e-03	3.00748753e-02	1.25770572e-01
1272            	-8.08002153e-03	5.39137622e-04	8.55770822e-03	3.00451452e-02	1.25627860e-01
1273            	-8.09506255e-03	5.02480353e-04	8.80971353e-03	2.99519711e-02	1.25214579e-01
1274            	-8.07570936e-03	4.48634761e-04	9.11933151e-03	2.98172704e-02	1.24621168e-01
1275            	-8.03530774e-03	3.89164791e-04	9.43330360e-03	2.96595282e-02	1.23930303e-01
1276            	-7.99656494e-03	3.46743163e-04	9.64193091e-03	2.94959338e-02	1.23222350e-01
1277            	-7.97661463e-03	3.38185298e-04	9.66428589e-03	2.93351310e-02	1.22538469e-01
1278            	-7.96928377e-03	3.60016275e-04	9.51344633e-03	2.91916685e-02	1.21938909e-01
1279            	-7.95860659e-03	3.96053720e-04	9.26842009e-03	2.90822813e-02	1.21489748e-01
1280            	-7.93702008e-03	4.33980789e-04	8.99617802e-03	2.90202894e-02	1.21243515e-01
1281            	-7.90609543e-03	4.71436420e-04	8.71410347e-03	2.90105365e-02	1.21219814e-01
1282            	-7.87469953e-03	5.11384362e-04	8.41634755e-03	2.90511783e-02	1.21411321e-01
1283            	-7.85301218e-03	5.57195817e-04	8.09646874e-03	2.91376491e-02	1.21799201e-01
1284            	-7.84639890e-03	6.03924394e-04	7.79351565e-03	2.92625067e-02	1.22349265e-01
1285            	-7.85507809e-03	6.42815092e-04	7.56305834e-03	2.94171501e-02	1.23021402e-01
1286            	-7.87688127e-03	6.66235716e-04	7.45003290e-03	2.95860880e-02	1.23746591e-01
1287            	-7.90847323e-03	6.69379108e-04	7.47949671e-03	2.97539281e-02	1.24457950e-01
1288            	-7.94591769e-03	6.52395290e-04	7.64427077e-03	2.99048555e-02	1.25088831e-01
1289            	-7.98450367e-03	6.20317621e-04	7.90521093e-03	3.00221963e-02	1.25570888e-01
1290            	-8.02684164e-03	5.83702265e-04	8.19914651e-03	3.00873998e-02	1.25829262e-01
1291            	-8.06803745e-03	5.49832327e-04	8.47286931e-03	3.00868437e-02	1.25809136e-01
1292            	-8.09732495e-03	5.15900338e-04	8.72866551e-03	3.00165258e-02	1.25493020e-01
1293            	-8.09265764e-03	4.65412931e-04	9.03861087e-03	2.98957285e-02	1.24958767e-01
1294            	-8.05873283e-03	4.02381294e-04	9.38446042e-03	2.97450026e-02	1.24295604e-01
1295            	-8.01760605e-03	3.48529379e-04	9.66159543e-03	2.95827354e-02	1.23588896e-01
1296            	-7.99073855e-03	3.25225757e-04	9.76671373e-03	2.94198124e-02	1.22891065e-01
1297            	-7.98037917e-03	3.36960409e-04	9.67501245e-03	2.92674378e-02	1.22250355e-01
1298            	-7.97234647e-03	3.69951222e-04	9.45294686e-03	2.91411936e-02	1.21728443e-01
1299            	-7.95450566e-03	4.08716038e-04	9.18068324e-03	2.90565663e-02	1.21386266e-01
1300            	-7.92683861e-03	4.48037337e-04	8.89140294e-03	2.90231270e-02	1.21262576e-01
1301            	-7.89317976e-03	4.88384434e-04	8.58773587e-03	2.90407638e-02	1.21356891e-01
1302            	-7.86525773e-03	5.34276691e-04	8.25822384e-03	2.91059072e-02	1.21654961e-01
1303            	-7.85164254e-03	5.84534658e-04	7.92277674e-03	2.92112232e-02	1.22124293e-01
1304            	-7.85397183e-03	6.30020945e-04	7.64143660e-03	2.93496909e-02	1.22731173e-01
1305            	-7.87065345e-03	6.62487378e-04	7.46390037e-03	2.95075168e-02	1.23413377e-01
1306            	-7.89826423e-03	6.75544880e-04	7.42514220e-03	2.96719601e-02	1.24114740e-01
1307            	-7.93323851e-03	6.67718620e-04	7.52878602e-03	2.98273163e-02	1.24768362e-01
1308            	-7.96952345e-03	6.41512228e-04	7.74969879e-03	2.99568362e-02	1.25304669e-01
1309            	-8.00837851e-03	6.06284111e-04	8.03018156e-03	3.00423359e-02	1.25650089e-01
1310            	-8.04896323e-03	5.71617539e-04	8.30836611e-03	3.00665414e-02	1.25734918e-01
1311            	-8.08306437e-03	5.39703265e-04	8.55869644e-03	3.00224249e-02	1.25530427e-01
1312            	-8.08890595e-03	4.96055384e-04	8.84100401e-03	2.99209805e-02	1.25079766e-01
1313            	-8.06163198e-03	4.35770097e-04	9.17930963e-03	2.97852887e-02	1.24480246e-01
1314            	-8.01931371e-03	3.75416089e-04	9.49571590e-03	2.96323034e-02	1.23809614e-01
1315            	-7.98517088e-03	3.38383649e-04	9.67673617e-03	2.94750707e-02	1.23130555e-01
1316            	-7.97032633e-03	3.36914987e-04	9.66161014e-03	2.93227339e-02	1.22484871e-01
1317            	-7.96438003e-03	3.63229668e-04	9.48446558e-03	2.91911972e-02	1.21937472e-01
1318            	-7.95257647e-03	4.00491515e-04	9.23020533e-03	2.90957242e-02	1.21547902e-01
1319            	-7.93068807e-03	4.38652432e-04	8.95631338e-03	2.90485579e-02	1.21364782e-01
1320            	-7.90029301e-03	4.75994115e-04	8.67604271e-03	2.90520325e-02	1.21397345e-01
1321            	-7.87202626e-03	5.16875283e-04	8.37728593e-03	2.91033743e-02	1.21634772e-01
1322            	-7.85600553e-03	5.63509749e-04	8.06082641e-03	2.91969799e-02	1.22053277e-01
1323            	-7.85525083e-03	6.08801364e-04	7.77583254e-03	2.93262000e-02	1.22621351e-01
1324            	-7.86873450e-03	6.43831929e-04	7.57706807e-03	2.94798667e-02	1.23287705e-01
1325            	-7.89438957e-03	6.62272278e-04	7.50131630e-03	2.96431526e-02	1.23986828e-01
1326            	-7.92856834e-03	6.60815328e-04	7.56365812e-03	2.98004293e-02	1.24651533e-01
1327            	-7.96570988e-03	6.40146824e-04	7.75112318e-03	2.99366882e-02	1.25218956e-01
1328            	-8.00310980e-03	6.07284597e-04	8.01501390e-03	3.00354468e-02	1.25622155e-01
1329            	-8.04349084e-03	5.72739012e-04	8.29275867e-03	3.00777915e-02	1.25784452e-01
1330            	-8.07995666e-03	5.41351814e-04	8.54367577e-03	3.00524307e-02	1.25660164e-01
1331            	-8.09720676e-03	5.05729130e-04	8.79241648e-03	2.99619839e-02	1.25258707e-01
1332            	-8.07989912e-03	4.53021023e-04	9.09787693e-03	2.98283733e-02	1.24670187e-01
1333            	-8.04024706e-03	3.93300976e-04	9.41454430e-03	2.96707575e-02	1.23979657e-01
1334            	-8.00099316e-03	3.49267081e-04	9.63260533e-03	2.95063412e-02	1.23267570e-01
1335            	-7.97980563e-03	3.38713559e-04	9.66575588e-03	2.93445839e-02	1.22578955e-01
1336            	-7.97199958e-03	3.59445493e-04	9.52117305e-03	2.91993581e-02	1.21971526e-01
1337            	-7.96173463e-03	3.95330008e-04	9.27771959e-03	2.90868820e-02	1.21509117e-01
1338            	-7.94057131e-03	4.33232502e-04	9.00622230e-03	2.90212030e-02	1.21247146e-01
1339            	-7.90994022e-03	4.70602278e-04	8.72507094e-03	2.90079450e-02	1.21208488e-01
1340            	-7.87803308e-03	5.10250874e-04	8.42842400e-03	2.90452942e-02	1.21385929e-01
1341            	-7.85515395e-03	5.55683336e-04	8.10915565e-03	2.91290154e-02	1.21762073e-01
1342            	-7.84714054e-03	6.02431326e-04	7.80398511e-03	2.92521368e-02	1.22304901e-01
1343            	-7.85468435e-03	6.41767232e-04	7.56900135e-03	2.94053965e-02	1.22971413e-01
1344            	-7.87551846e-03	6.66090123e-04	7.44879924e-03	2.95739342e-02	1.23695301e-01
1345            	-7.90580988e-03	6.70281050e-04	7.46972300e-03	2.97433631e-02	1.24413920e-01
1346            	-7.94245080e-03	6.54604092e-04	7.62508894e-03	2.98966872e-02	1.25055509e-01
1347            	-7.98060831e-03	6.23417159e-04	7.87982306e-03	3.00171602e-02	1.25551212e-01
1348            	-8.02227066e-03	5.86751676e-04	8.17315437e-03	3.00866001e-02	1.25827596e-01
1349            	-8.06369434e-03	5.52492161e-04	8.44973941e-03	3.00905957e-02	1.25826659e-01
1350            	-8.09493109e-03	5.19372476e-04	8.70332262e-03	3.00242567e-02	1.25527608e-01
1351            	-8.09288594e-03	4.70473620e-04	9.00712433e-03	2.99058400e-02	1.25003842e-01
1352            	-8.06069400e-03	4.07967037e-04	9.35221756e-03	2.97558804e-02	1.24343911e-01
1353            	-8.01905097e-03	3.52454788e-04	9.63909102e-03	2.95950524e-02	1.23642706e-01
1354            	-7.99135122e-03	3.26493082e-04	9.75977958e-03	2.94317984e-02	1.22942519e-01
1355            	-7.98117188e-03	3.36130730e-04	9.68156848e-03	2.92774430e-02	1.22292604e-01
1356            	-7.97428055e-03	3.68434244e-04	9.46549762e-03	2.91484698e-02	1.21758783e-01
1357            	-7.95782920e-03	4.07335862e-04	9.19436276e-03	2.90608290e-02	1.21403755e-01
1358            	-7.93125421e-03	4.46646521e-04	8.90668098e-03	2.90243288e-02	1.21266977e-01
1359            	-7.89778793e-03	4.86226411e-04	8.60807578e-03	2.90387353e-02	1.21347270e-01
1360            	-7.86959739e-03	5.31217645e-04	8.28381485e-03	2.91009213e-02	1.21632460e-01
1361            	-7.85535634e-03	5.81296247e-04	7.94854766e-03	2.92033546e-02	1.22089551e-01
1362            	-7.85686267e-03	6.27283882e-04	7.66281025e-03	2.93396557e-02	1.22687503e-01
1363            	-7.87268610e-03	6.60603807e-04	7.47860476e-03	2.94964171e-02	1.23365644e-01
1364            	-7.89973627e-03	6.75100530e-04	7.42994020e-03	2.96603190e-02	1.24065364e-01
1365            	-7.93450147e-03	6.69033952e-04	7.52220790e-03	2.98157559e-02	1.24720034e-01
1366            	-7.97055925e-03	6.44246259e-04	7.73390427e-03	2.99467086e-02	1.25262981e-01
1367            	-8.00890682e-03	6.09625442e-04	8.00989282e-03	3.00349571e-02	1.25620340e-01
1368            	-8.04947582e-03	5.74921554e-04	8.28836930e-03	3.00630976e-02	1.25721878e-01
1369            	-8.08400465e-03	5.43026374e-04	8.53927524e-03	3.00228849e-02	1.25533954e-01
1370            	-8.09160615e-03	5.00359398e-04	8.81800798e-03	2.99241003e-02	1.25094830e-01
1371            	-8.06570779e-03	4.40710668e-04	9.15433222e-03	2.97899511e-02	1.24501953e-01
1372            	-8.02343890e-03	3.79711026e-04	9.47487645e-03	2.96377771e-02	1.23834414e-01
1373            	-7.98802831e-03	3.40692201e-04	9.66655587e-03	2.94810065e-02	1.23156558e-01
1374            	-7.97181645e-03	3.36949092e-04	9.66375135e-03	2.93287547e-02	1.22510451e-01
1375            	-7.96544100e-03	3.61821909e-04	9.49502021e-03	2.91960606e-02	1.21957570e-01
1376            	-7.95379266e-03	3.98751133e-04	9.24303108e-03	2.90987436e-02	1.21559951e-01
1377            	-7.93213039e-03	4.36737164e-04	8.97049591e-03	2.90494318e-02	1.21367604e-01
1378            	-7.90201094e-03	4.74047547e-04	8.69076183e-03	2.90503363e-02	1.21389168e-01
1379            	-7.87361261e-03	5.14748019e-04	8.39290345e-03	2.90993024e-02	1.21616388e-01
1380            	-7.85698053e-03	5.61278809e-04	8.07617689e-03	2.91907077e-02	1.22025511e-01
1381            	-7.85561208e-03	6.06817152e-04	7.78870532e-03	2.93180779e-02	1.22585850e-01
1382            	-7.86876942e-03	6.42573697e-04	7.58484561e-03	2.94706905e-02	1.23248068e-01
1383            	-7.89444872e-03	6.62229572e-04	7.50144005e-03	2.96330244e-02	1.23943649e-01
1384            	-7.92838119e-03	6.61849760e-04	7.55664485e-03	2.97911037e-02	1.24612290e-01
1385            	-7.96567585e-03	6.42224678e-04	7.73780755e-03	2.99290515e-02	1.25187342e-01
1386            	-8.00355888e-03	6.09970366e-04	7.99863651e-03	3.00302679e-02	1.25601204e-01
1387            	-8.04440179e-03	5.75457732e-04	8.27692868e-03	3.00760909e-02	1.25778268e-01
1388            	-8.08147771e-03	5.43819178e-04	8.53037814e-03	3.00548753e-02	1.25671502e-01
1389            	-8.10099505e-03	5.08952146e-04	8.77770638e-03	2.99675075e-02	1.25283282e-01
1390            	-8.08567628e-03	4.57117116e-04	9.08060066e-03	2.98354814e-02	1.24701664e-01
1391            	-8.04663351e-03	3.97183249e-04	9.39953084e-03	2.96783036e-02	1.24012801e-01
1392            	-8.00663910e-03	3.51585140e-04	9.62639031e-03	2.95135360e-02	1.23298636e-01
1393            	-7.98434558e-03	3.38902171e-04	9.67136191e-03	2.93506193e-02	1.22604366e-01
1394            	-7.97627639e-03	3.58076286e-04	9.53622805e-03	2.92027346e-02	1.21985099e-01
1395            	-7.96642328e-03	3.93536586e-04	9.29605173e-03	2.90869224e-02	1.21508340e-01
1396            	-7.94557940e-03	4.31496102e-04	9.02463317e-03	2.90176227e-02	1.21230969e-01
1397            	-7.91525048e-03	4.68958927e-04	8.74329695e-03	2.90008162e-02	1.21177212e-01
1398            	-7.88293271e-03	5.08288898e-04	8.44802009e-03	2.90347633e-02	1.21340089e-01
1399            	-7.85901484e-03	5.53251201e-04	8.13015390e-03	2.91157634e-02	1.21704567e-01
1400            	-7.84977502e-03	6.00205228e-04	7.82184166e-03	2.92365339e-02	1.22237592e-01
1401            	-7.85574773e-03	6.40166807e-04	7.58056384e-03	2.93889980e-02	1.22901130e-01
1402            	-7.87560879e-03	6.65577536e-04	7.45203714e-03	2.95568445e-02	1.23622567e-01
1403            	-7.90528959e-03	6.70971301e-04	7.46445753e-03	2.97268661e-02	1.24344185e-01
1404            	-7.94141792e-03	6.56381285e-04	7.61220746e-03	2.98824798e-02	1.24995950e-01
1405            	-7.97891356e-03	6.25917050e-04	7.86145427e-03	3.00066102e-02	1.25507501e-01
1406            	-8.01980102e-03	5.89358563e-04	8.15303557e-03	3.00806232e-02	1.25803391e-01
1407            	-8.06127971e-03	5.54865486e-04	8.43124705e-03	3.00892190e-02	1.25821856e-01
1408            	-8.09385970e-03	5.22003467e-04	8.68523113e-03	3.00274992e-02	1.25542392e-01
1409            	-8.09398465e-03	4.74244900e-04	8.98506410e-03	2.99120463e-02	1.25031436e-01
1410            	-8.06315536e-03	4.12162510e-04	9.32951003e-03	2.97642766e-02	1.24380837e-01
1411            	-8.02220748e-03	3.55679586e-04	9.62354089e-03	2.96027225e-02	1.23676033e-01
1412            	-7.99380743e-03	3.27497016e-04	9.75722374e-03	2.94387180e-02	1.22971852e-01
1413            	-7.98333759e-03	3.35080753e-04	9.69154566e-03	2.92824083e-02	1.22312889e-01
1414            	-7.97695943e-03	3.66501268e-04	9.48177185e-03	2.91506328e-02	1.21766852e-01
1415            	-7.96151492e-03	4.05374619e-04	9.21225589e-03	2.90596890e-02	1.21397766e-01
1416            	-7.93582421e-03	4.44599669e-04	8.92635866e-03	2.90197048e-02	1.21246124e-01
1417            	-7.90284063e-03	4.83612726e-04	8.63199264e-03	2.90308100e-02	1.21312154e-01
1418            	-7.87445993e-03	5.27910596e-04	8.31178447e-03	2.90897107e-02	1.21583119e-01
1419            	-7.85968210e-03	5.77765479e-04	7.97708943e-03	2.91901713e-02	1.22031848e-01
1420            	-7.86049971e-03	6.24367206e-04	7.68642385e-03	2.93245510e-02	1.22621973e-01
1421            	-7.87552920e-03	6.58708420e-04	7.49459447e-03	2.94802625e-02	1.23296149e-01
1422            	-7.90233715e-03	6.74588122e-04	7.43685777e-03	2.96433580e-02	1.23992986e-01
1423            	-7.93695988e-03	6.69746805e-04	7.52124408e-03	2.97992036e-02	1.24649912e-01
1424            	-7.97311087e-03	6.46159702e-04	7.72557926e-03	2.99314796e-02	1.25198962e-01
1425            	-8.01108543e-03	6.12002040e-04	7.99818135e-03	3.00222186e-02	1.25567144e-01
1426            	-8.05166288e-03	5.77400436e-04	8.27611652e-03	3.00539489e-02	1.25683959e-01
1427            	-8.08661545e-03	5.45312829e-04	8.52889756e-03	3.00180257e-02	1.25514209e-01
1428            	-8.09611156e-03	5.03579599e-04	8.80454230e-03	2.99218535e-02	1.25086367e-01
1429            	-8.07183936e-03	4.44838521e-04	9.13754730e-03	2.97886613e-02	1.24497680e-01
1430            	-8.02933593e-03	3.83280141e-04	9.46128349e-03	2.96374402e-02	1.23833932e-01
1431            	-7.99261877e-03	3.42415502e-04	9.66269065e-03	2.94810845e-02	1.23157180e-01
1432            	-7.97532998e-03	3.36599155e-04	9.67135244e-03	2.93282349e-02	1.22507797e-01
1433            	-7.96869409e-03	3.60148878e-04	9.51053497e-03	2.91942004e-02	1.21948711e-01
1434            	-7.95706912e-03	3.96530005e-04	9.26198417e-03	2.90949511e-02	1.21542640e-01
1435            	-7.93518147e-03	4.34425133e-04	8.98961713e-03	2.90436068e-02	1.21341596e-01
1436            	-7.90500137e-03	4.71631134e-04	8.71037121e-03	2.90428260e-02	1.21355938e-01
1437            	-7.87615103e-03	5.12065331e-04	8.41347907e-03	2.90897151e-02	1.21574188e-01
1438            	-7.85891284e-03	5.58525225e-04	8.09627759e-03	2.91793752e-02	1.21975831e-01
1439            	-7.85695249e-03	6.04504341e-04	7.80513780e-03	2.93051836e-02	1.22529694e-01
1440            	-7.86965049e-03	6.41232580e-04	7.59445357e-03	2.94570486e-02	1.23189173e-01
1441            	-7.89499061e-03	6.61946632e-04	7.50385922e-03	2.96196658e-02	1.23886450e-01
1442            	-7.92883079e-03	6.62613639e-04	7.55232542e-03	2.97789707e-02	1.24560754e-01
1443            	-7.96664359e-03	6.43911354e-04	7.72847034e-03	2.99185650e-02	1.25143174e-01
1444            	-8.00483898e-03	6.11974876e-04	7.98783983e-03	3.00223024e-02	1.25567880e-01
1445            	-8.04622737e-03	5.77354245e-04	8.26768420e-03	3.00720070e-02	1.25761399e-01
1446            	-8.08408193e-03	5.45346597e-04	8.52465416e-03	3.00552925e-02	1.25673628e-01
1447            	-8.10551155e-03	5.10987818e-04	8.77159976e-03	2.99716654e-02	1.25301414e-01
1448            	-8.09203691e-03	4.59859757e-04	9.07275068e-03	2.98417087e-02	1.24728715e-01
1449            	-8.05386052e-03	3.99697458e-04	9.39440059e-03	2.96850552e-02	1.24041847e-01
1450            	-8.01318175e-03	3.52614550e-04	9.62964493e-03	2.95203499e-02	1.23327388e-01
1451            	-7.99004727e-03	3.38055494e-04	9.68522487e-03	2.93558791e-02	1.22625842e-01
1452            	-7.98168861e-03	3.56241016e-04	9.55588823e-03	2.92053188e-02	1.21994854e-01
1453            	-7.97222405e-03	3.91476479e-04	9.31769076e-03	2.90860081e-02	1.21503170e-01
1454            	-7.95183755e-03	4.29531762e-04	9.04631997e-03	2.90128703e-02	1.21209557e-01
1455            	-7.92203203e-03	4.67013006e-04	8.76560220e-03	2.89925468e-02	1.21140855e-01
1456            	-7.88928862e-03	5.06072865e-04	8.47138206e-03	2.90231932e-02	1.21289620e-01
1457            	-7.86444586e-03	5.50621089e-04	8.15474194e-03	2.91015297e-02	1.21642647e-01
1458            	-7.85412287e-03	5.97697975e-04	7.84403215e-03	2.92201978e-02	1.22166850e-01
1459            	-7.85888414e-03	6.38317443e-04	7.59678874e-03	2.93713587e-02	1.22825220e-01
1460            	-7.87742176e-03	6.64550007e-04	7.46111051e-03	2.95395834e-02	1.23548745e-01
1461            	-7.90642758e-03	6.71050969e-04	7.46554276e-03	2.97104341e-02	1.24274361e-01
1462            	-7.94215458e-03	6.57490475e-04	7.60621738e-03	2.98680163e-02	1.24934901e-01
1463            	-7.97926723e-03	6.27717556e-04	7.85056931e-03	2.99952764e-02	1.25460005e-01
1464            	-8.01946933e-03	5.91366796e-04	8.13988052e-03	3.00739561e-02	1.25775828e-01
1465            	-8.06078783e-03	5.56827306e-04	8.41819889e-03	3.00880634e-02	1.25817681e-01
1466            	-8.09439927e-03	5.24284622e-04	8.67172085e-03	3.00308873e-02	1.25557517e-01
1467            	-8.09627294e-03	4.77304836e-04	8.96923596e-03	2.99191808e-02	1.25062583e-01
1468            	-8.06684453e-03	4.15636034e-04	9.31315126e-03	2.97736720e-02	1.24421536e-01
1469            	-8.02618439e-03	3.58277881e-04	9.61314513e-03	2.96123978e-02	1.23717475e-01
1470            	-7.99700710e-03	3.27978726e-04	9.75904718e-03	2.94478802e-02	1.23010350e-01
1471            	-7.98608183e-03	3.33470194e-04	9.70590725e-03	2.92904789e-02	1.22346018e-01
1472            	-7.98023595e-03	3.63962724e-04	9.50274378e-03	2.91562619e-02	1.21789262e-01
1473            	-7.96591430e-03	4.02893639e-04	9.23446613e-03	2.90614843e-02	1.21403900e-01
1474            	-7.94111439e-03	4.42306986e-04	8.94864485e-03	2.90174869e-02	1.21235277e-01
1475            	-7.90856884e-03	4.81118243e-04	8.65615094e-03	2.90252102e-02	1.21286873e-01
1476            	-7.88006218e-03	5.24821084e-04	8.33946911e-03	2.90814186e-02	1.21546203e-01
1477            	-7.86473015e-03	5.74335063e-04	8.00607306e-03	2.91796981e-02	1.21985605e-01
1478            	-7.86481098e-03	6.21264969e-04	7.71222125e-03	2.93122246e-02	1.22568085e-01
1479            	-7.87930856e-03	6.56633353e-04	7.51310280e-03	2.94665855e-02	1.23237000e-01
1480            	-7.90540830e-03	6.73739416e-04	7.44661016e-03	2.96299238e-02	1.23935458e-01
1481            	-7.94005263e-03	6.70281249e-04	7.52233794e-03	2.97859889e-02	1.24593876e-01
1482            	-7.97651059e-03	6.47876338e-04	7.71973949e-03	2.99191577e-02	1.25147183e-01
1483            	-8.01442162e-03	6.14461073e-04	7.98766118e-03	3.00123265e-02	1.25526019e-01
1484            	-8.05509839e-03	5.79971132e-04	8.26514745e-03	3.00476750e-02	1.25658254e-01
1485            	-8.09049288e-03	5.47869149e-04	8.51873908e-03	3.00155210e-02	1.25504487e-01
1486            	-8.10173805e-03	5.07033060e-04	8.79131836e-03	2.99229863e-02	1.25092333e-01
1487            	-8.07887226e-03	4.48860074e-04	9.12281716e-03	2.97919883e-02	1.24513040e-01
1488            	-8.03691977e-03	3.86794049e-04	9.45056474e-03	2.96404469e-02	1.23847581e-01
1489            	-7.99895693e-03	3.44004470e-04	9.66229804e-03	2.94840276e-02	1.23169839e-01
1490            	-7.98028577e-03	3.36061944e-04	9.68232810e-03	2.93309593e-02	1.22518801e-01
1491            	-7.97311003e-03	3.58140680e-04	9.52995360e-03	2.91957973e-02	1.21954436e-01
1492            	-7.96159938e-03	3.94145512e-04	9.28387085e-03	2.90947415e-02	1.21540535e-01
1493            	-7.93972146e-03	4.31890701e-04	9.01238808e-03	2.90406634e-02	1.21327785e-01
1494            	-7.90939856e-03	4.69098062e-04	8.73285302e-03	2.90375742e-02	1.21332268e-01
1495            	-7.88002544e-03	5.09227361e-04	8.43705524e-03	2.90828871e-02	1.21543689e-01
1496            	-7.86166991e-03	5.55308499e-04	8.12055556e-03	2.91714591e-02	1.21940592e-01
1497            	-7.85874030e-03	6.01730264e-04	7.82516386e-03	2.92959013e-02	1.22488785e-01
1498            	-7.87068369e-03	6.39504694e-04	7.60674721e-03	2.94472143e-02	1.23146369e-01
1499            	-7.89549766e-03	6.61358532e-04	7.50817812e-03	2.96100650e-02	1.23845169e-01
1500            	-7.92904253e-03	6.63028679e-04	7.54989308e-03	2.97705305e-02	1.24524876e-01
1501            	-7.96719883e-03	6.45259344e-04	7.72070116e-03	2.99118840e-02	1.25115160e-01
1502            	-8.00573675e-03	6.13813147e-04	7.97756019e-03	3.00180028e-02	1.25550211e-01
1503            	-8.04745469e-03	5.79205286e-04	8.25789107e-03	3.00714267e-02	1.25759581e-01
1504            	-8.08632477e-03	5.47153784e-04	8.51668748e-03	3.00592258e-02	1.25690973e-01
1505            	-8.11027618e-03	5.13516651e-04	8.76280225e-03	2.99794980e-02	1.25335451e-01
1506            	-8.09919660e-03	4.63170608e-04	9.06253299e-03	2.98521392e-02	1.24773894e-01
1507            	-8.06175962e-03	4.02524202e-04	9.38832584e-03	2.96968910e-02	1.24092717e-01
1508            	-8.02068121e-03	3.53720996e-04	9.63385597e-03	2.95317569e-02	1.23375719e-01
1509            	-7.99634681e-03	3.36844675e-04	9.70231451e-03	2.93664460e-02	1.22669788e-01
1510            	-7.98744272e-03	3.53281396e-04	9.58321818e-03	2.92143718e-02	1.22031803e-01
1511            	-7.97865251e-03	3.88208620e-04	9.34793808e-03	2.90920345e-02	1.21527128e-01
1512            	-7.95930086e-03	4.26746496e-04	9.07500663e-03	2.90143819e-02	1.21214457e-01
1513            	-7.93056804e-03	4.64789914e-04	8.79227467e-03	2.89895690e-02	1.21126820e-01
1514            	-7.89752946e-03	5.03630849e-04	8.49897627e-03	2.90166496e-02	1.21260371e-01
1515            	-7.87146128e-03	5.47582903e-04	8.18427716e-03	2.90922720e-02	1.21601743e-01
1516            	-7.85977584e-03	5.94556552e-04	7.87218823e-03	2.92088777e-02	1.22117248e-01
1517            	-7.86326695e-03	6.35728351e-04	7.61955758e-03	2.93585680e-02	1.22769689e-01
1518            	-7.88049832e-03	6.62968294e-04	7.47556752e-03	2.95263724e-02	1.23491952e-01
1519            	-7.90844265e-03	6.70817580e-04	7.46993155e-03	2.96977610e-02	1.24220473e-01
1520            	-7.94376417e-03	6.58566383e-04	7.60176469e-03	2.98566487e-02	1.24887090e-01
1521            	-7.98048465e-03	6.29508248e-04	7.84106162e-03	2.99867935e-02	1.25424759e-01
1522            	-8.01977566e-03	5.93248182e-04	8.12851611e-03	3.00698896e-02	1.25759447e-01
1523            	-8.06062969e-03	5.58578716e-04	8.40701850e-03	3.00895534e-02	1.25824887e-01
1524            	-8.09498851e-03	5.26468427e-04	8.65893855e-03	3.00382158e-02	1.25589622e-01
1525            	-8.09946619e-03	4.81053268e-04	8.95041158e-03	2.99297887e-02	1.25108928e-01
1526            	-8.07167095e-03	4.19997413e-04	9.29286633e-03	2.97873140e-02	1.24480757e-01
1527            	-8.03091507e-03	3.61412833e-04	9.60047548e-03	2.96279282e-02	1.23784112e-01
1528            	-8.00030625e-03	3.28476452e-04	9.76093317e-03	2.94641374e-02	1.23079119e-01
1529            	-7.98852811e-03	3.31518358e-04	9.72199773e-03	2.93060072e-02	1.22410836e-01
1530            	-7.98343924e-03	3.60801257e-04	9.52756660e-03	2.91695463e-02	1.21844063e-01
1531            	-7.97083692e-03	3.99872391e-04	9.26088132e-03	2.90708749e-02	1.21442121e-01
1532            	-7.94755076e-03	4.39776906e-04	8.97412290e-03	2.90226100e-02	1.21255465e-01
1533            	-7.91569865e-03	4.78439995e-04	8.68353612e-03	2.90260858e-02	1.21288935e-01
1534            	-7.88677826e-03	5.21200680e-04	8.37215732e-03	2.90787404e-02	1.21532851e-01
1535            	-7.87049706e-03	5.69976239e-04	8.04200498e-03	2.91738432e-02	1.21958526e-01
1536            	-7.86962622e-03	6.16990890e-04	7.74617509e-03	2.93040945e-02	1.22531492e-01
1537            	-7.88303043e-03	6.53200435e-04	7.54009491e-03	2.94578995e-02	1.23198578e-01
1538            	-7.90880755e-03	6.72062496e-04	7.46202338e-03	2.96201402e-02	1.23893119e-01
1539            	-7.94305281e-03	6.70398990e-04	7.52587783e-03	2.97762024e-02	1.24552295e-01
1540            	-7.97958226e-03	6.49392611e-04	7.71464665e-03	2.99105444e-02	1.25111162e-01
1541            	-8.01721315e-03	6.16638859e-04	7.97810673e-03	3.00059798e-02	1.25499965e-01
1542            	-8.05782030e-03	5.82413729e-04	8.25394180e-03	3.00452619e-02	1.25649066e-01
1543            	-8.09367382e-03	5.50551789e-04	8.50675543e-03	3.00178774e-02	1.25515697e-01
1544            	-8.10745070e-03	5.11294267e-04	8.77312517e-03	2.99289153e-02	1.25119155e-01
1545            	-8.08665944e-03	4.54244155e-04	9.10061088e-03	2.98001417e-02	1.24549541e-01
1546            	-8.04511386e-03	3.91495744e-04	9.43328028e-03	2.96497900e-02	1.23888723e-01
1547            	-8.00568771e-03	3.46414866e-04	9.65733705e-03	2.94938794e-02	1.23212275e-01
1548            	-7.98531830e-03	3.35941583e-04	9.69082737e-03	2.93402335e-02	1.22557923e-01
1549            	-7.97752558e-03	3.56383700e-04	9.54783722e-03	2.92038213e-02	1.21987674e-01
1550            	-7.96650771e-03	3.91723329e-04	9.30660439e-03	2.91002734e-02	1.21562902e-01
1551            	-7.94505647e-03	4.29246075e-04	9.03707186e-03	2.90426506e-02	1.21334939e-01
1552            	-7.91484045e-03	4.66231877e-04	8.75900594e-03	2.90364019e-02	1.21325859e-01
1553            	-7.88491342e-03	5.05705119e-04	8.46647519e-03	2.90787996e-02	1.21524603e-01
1554            	-7.86521251e-03	5.51046213e-04	8.15261703e-03	2.91651679e-02	1.21911872e-01
1555            	-7.86067019e-03	5.97288513e-04	7.85592482e-03	2.92885877e-02	1.22455765e-01
1556            	-7.87165716e-03	6.36039591e-04	7.62988918e-03	2.94389409e-02	1.23109678e-01
1557            	-7.89563224e-03	6.59586995e-04	7.51937979e-03	2.96014124e-02	1.23807573e-01
1558            	-7.92869634e-03	6.62922818e-04	7.54988414e-03	2.97620357e-02	1.24488645e-01
1559            	-7.96658475e-03	6.46570513e-04	7.71140912e-03	2.99053611e-02	1.25087912e-01
1560            	-8.00512036e-03	6.15863451e-04	7.96368887e-03	3.00142793e-02	1.25535210e-01
1561            	-8.04694445e-03	5.81165421e-04	8.24486168e-03	3.00712823e-02	1.25759859e-01
1562            	-8.08684829e-03	5.49140569e-04	8.50509203e-03	3.00638058e-02	1.25711374e-01
1563            	-8.11361956e-03	5.16671880e-04	8.74800376e-03	2.99882523e-02	1.25373892e-01
1564            	-8.10582603e-03	4.67829216e-04	9.04307218e-03	2.98638498e-02	1.24825218e-01
1565            	-8.06977878e-03	4.07057579e-04	9.37170507e-03	2.97103715e-02	1.24151333e-01
1566            	-8.02784974e-03	3.56148851e-04	9.62929140e-03	2.95462322e-02	1.23437751e-01
1567            	-8.00163451e-03	3.36136023e-04	9.71481409e-03	2.93814698e-02	1.22733105e-01
1568            	-7.99212798e-03	3.50292467e-04	9.60923177e-03	2.92278195e-02	1.22087605e-01
1569            	-7.98450196e-03	3.84653064e-04	9.37920957e-03	2.91015259e-02	1.21565800e-01
1570            	-7.96673722e-03	4.23664548e-04	9.10556539e-03	2.90188989e-02	1.21232051e-01
1571            	-7.93923341e-03	4.62129553e-04	8.82192380e-03	2.89892041e-02	1.21123761e-01
1572            	-7.90596180e-03	5.00629576e-04	8.53039856e-03	2.90118193e-02	1.21238254e-01
1573            	-7.87871447e-03	5.43706523e-04	8.21946203e-03	2.90834439e-02	1.21562416e-01
1574            	-7.86547409e-03	5.90472011e-04	7.90636919e-03	2.91969508e-02	1.22064804e-01
1575            	-7.86767941e-03	6.32217350e-04	7.64818460e-03	2.93443877e-02	1.22707985e-01
1576            	-7.88369296e-03	6.60697146e-04	7.49453679e-03	2.95110909e-02	1.23426138e-01
1577            	-7.91067041e-03	6.70327213e-04	7.47622364e-03	2.96824590e-02	1.24155350e-01
1578            	-7.94527875e-03	6.59813502e-04	7.59605716e-03	2.98424268e-02	1.24827281e-01
1579            	-7.98153079e-03	6.31846640e-04	7.82781313e-03	2.99750409e-02	1.25375909e-01
1580            	-8.02010383e-03	5.95856500e-04	8.11257187e-03	3.00624160e-02	1.25728956e-01
1581            	-8.06041503e-03	5.60941805e-04	8.39189460e-03	3.00876304e-02	1.25817956e-01
1582            	-8.09522466e-03	5.29081751e-04	8.64294876e-03	3.00426516e-02	1.25609775e-01
1583            	-8.10231308e-03	4.85387673e-04	8.92741842e-03	2.99387721e-02	1.25148791e-01
1584            	-8.07697995e-03	4.25473360e-04	9.26629538e-03	2.97989145e-02	1.24531802e-01
1585            	-8.03608605e-03	3.65581238e-04	9.58196203e-03	2.96424730e-02	1.23847009e-01
1586            	-8.00347894e-03	3.29614925e-04	9.75861262e-03	2.94805065e-02	1.23148659e-01
1587            	-7.99028485e-03	3.29716018e-04	9.73616078e-03	2.93222393e-02	1.22478755e-01
1588            	-7.98583125e-03	3.57677046e-04	9.55098355e-03	2.91834127e-02	1.21901355e-01
1589            	-7.97496524e-03	3.96629241e-04	9.28755790e-03	2.90808970e-02	1.21482901e-01
1590            	-7.95315436e-03	4.36456729e-04	9.00338240e-03	2.90281377e-02	1.21277061e-01
1591            	-7.92203470e-03	4.75006631e-04	8.71452892e-03	2.90271352e-02	1.21291449e-01
1592            	-7.89272154e-03	5.17080699e-04	8.40684727e-03	2.90752713e-02	1.21515961e-01
1593            	-7.87536750e-03	5.65149643e-04	8.07953049e-03	2.91667740e-02	1.21926169e-01
1594            	-7.87345607e-03	6.12331611e-04	7.78106890e-03	2.92943407e-02	1.22487880e-01
1595            	-7.88605802e-03	6.49502398e-04	7.56768923e-03	2.94465669e-02	1.23148758e-01
1596            	-7.91126973e-03	6.70022705e-04	7.47829122e-03	2.96080488e-02	1.23840839e-01
1597            	-7.94506519e-03	6.70143725e-04	7.53022219e-03	2.97642757e-02	1.24501536e-01
1598            	-7.98147440e-03	6.50906874e-04	7.70771650e-03	2.99000469e-02	1.25067233e-01
1599            	-8.01883701e-03	6.19217720e-04	7.96419759e-03	2.99980540e-02	1.25467424e-01
1600            	-8.05938466e-03	5.85264599e-04	8.23836688e-03	3.00410156e-02	1.25632310e-01
1601            	-8.09570900e-03	5.53385201e-04	8.49206879e-03	3.00180714e-02	1.25517873e-01
1602            	-8.11234390e-03	5.15781214e-04	8.75225343e-03	2.99326537e-02	1.25136862e-01
1603            	-8.09405387e-03	4.60227134e-04	9.07401598e-03	2.98063815e-02	1.24578234e-01
1604            	-8.05299951e-03	3.97101715e-04	9.40982753e-03	2.96580261e-02	1.23925603e-01
1605            	-8.01283444e-03	3.49852109e-04	9.64649632e-03	2.95020451e-02	1.23247918e-01
1606            	-7.99071000e-03	3.36398786e-04	9.69621260e-03	2.93483569e-02	1.22592335e-01
1607            	-7.98207480e-03	3.54756089e-04	9.56510700e-03	2.92100707e-02	1.22013378e-01
1608            	-7.97131240e-03	3.89170880e-04	9.33002579e-03	2.91033607e-02	1.21574808e-01
1609            	-7.95007221e-03	4.26437726e-04	9.06234170e-03	2.90418117e-02	1.21330027e-01
1610            	-7.91987288e-03	4.63348146e-04	8.78469826e-03	2.90314980e-02	1.21303576e-01
1611            	-7.88924613e-03	5.02151307e-04	8.49528911e-03	2.90702950e-02	1.21486765e-01
1612            	-7.86812801e-03	5.46900504e-04	8.18300825e-03	2.91539704e-02	1.21862408e-01
1613            	-7.86207099e-03	5.93261805e-04	7.88326591e-03	2.92754600e-02	1.22398188e-01
1614            	-7.87147067e-03	6.32555005e-04	7.65141441e-03	2.94256468e-02	1.23051735e-01
1615            	-7.89433005e-03	6.57487071e-04	7.53049319e-03	2.95881300e-02	1.23750271e-01
1616            	-7.92661311e-03	6.62601154e-04	7.54863718e-03	2.97496173e-02	1.24435736e-01
1617            	-7.96458938e-03	6.47954361e-04	7.69955946e-03	2.98944925e-02	1.25042232e-01
1618            	-8.00317464e-03	6.18345917e-04	7.94504973e-03	3.00063569e-02	1.25502506e-01
1619            	-8.04452637e-03	5.83948959e-04	8.22372784e-03	3.00679845e-02	1.25747051e-01
1620            	-8.08490176e-03	5.51838141e-04	8.48528140e-03	3.00654713e-02	1.25719751e-01
1621            	-8.11440845e-03	5.20274442e-04	8.72655566e-03	2.99940698e-02	1.25400172e-01
1622            	-8.11026615e-03	4.72829202e-04	9.01819059e-03	2.98724575e-02	1.24863649e-01
1623            	-8.07609530e-03	4.12244756e-04	9.34841631e-03	2.97211307e-02	1.24198780e-01
1624            	-8.03395775e-03	3.59583606e-04	9.61677370e-03	2.95580187e-02	1.23488817e-01
1625            	-8.00612851e-03	3.36481166e-04	9.71943753e-03	2.93932223e-02	1.22782915e-01
1626            	-7.99592985e-03	3.48005598e-04	9.62944766e-03	2.92377614e-02	1.22128774e-01
1627            	-7.98906284e-03	3.81537131e-04	9.40575655e-03	2.91077725e-02	1.21590896e-01
1628            	-7.97257886e-03	4.20808064e-04	9.13232453e-03	2.90198854e-02	1.21234819e-01
1629            	-7.94601608e-03	4.59566519e-04	8.84817293e-03	2.89846551e-02	1.21103071e-01
1630            	-7.91263539e-03	4.97752839e-04	8.55843260e-03	2.90022046e-02	1.21195947e-01
1631            	-7.88440456e-03	5.40332073e-04	8.24915999e-03	2.90692271e-02	1.21500464e-01
1632            	-7.86985052e-03	5.87219696e-04	7.93333034e-03	2.91790606e-02	1.21987423e-01
1633            	-7.87097313e-03	6.29708263e-04	7.66881382e-03	2.93238015e-02	1.22619524e-01
1634            	-7.88607758e-03	6.59374426e-04	7.50629934e-03	2.94893206e-02	1.23333172e-01
1635            	-7.91229098e-03	6.70551938e-04	7.47707137e-03	2.96609466e-02	1.24064139e-01
1636            	-7.94625086e-03	6.61562139e-04	7.58634127e-03	2.98225235e-02	1.24743566e-01
1637            	-7.98172481e-03	6.34794232e-04	7.80943621e-03	2.99579761e-02	1.25304790e-01
1638            	-8.01955731e-03	5.99282293e-04	8.09015605e-03	3.00495036e-02	1.25675731e-01
1639            	-8.05975433e-03	5.64227914e-04	8.37026204e-03	3.00801834e-02	1.25787942e-01
1640            	-8.09486081e-03	5.32226318e-04	8.62269226e-03	3.00412078e-02	1.25605207e-01
1641            	-8.10404022e-03	4.89681179e-04	8.90300911e-03	2.99421277e-02	1.25164837e-01
1642            	-8.08037733e-03	4.30512059e-04	9.23965674e-03	2.98060326e-02	1.24563847e-01
1643            	-8.04019743e-03	3.70108560e-04	9.55959504e-03	2.96511164e-02	1.23885027e-01
1644            	-8.00639477e-03	3.31669845e-04	9.75007013e-03	2.94903992e-02	1.23190988e-01
1645            	-7.99160480e-03	3.28737291e-04	9.74440467e-03	2.93329791e-02	1.22523619e-01
1646            	-7.98686963e-03	3.54868676e-04	9.57033577e-03	2.91930124e-02	1.21940685e-01
1647            	-7.97673396e-03	3.93119323e-04	9.31238114e-03	2.90868780e-02	1.21506537e-01
1648            	-7.95580631e-03	4.32813717e-04	9.03028818e-03	2.90292012e-02	1.21279715e-01
1649            	-7.92555891e-03	4.71599143e-04	8.74117690e-03	2.90231776e-02	1.21272811e-01
1650            	-7.89629461e-03	5.13662451e-04	8.43356656e-03	2.90671069e-02	1.21479485e-01
1651            	-7.87833565e-03	5.61435992e-04	8.10716452e-03	2.91553141e-02	1.21875700e-01
1652            	-7.87558409e-03	6.08781752e-04	7.80638193e-03	2.92801893e-02	1.22426161e-01
1653            	-7.88758645e-03	6.46887196e-04	7.58617505e-03	2.94307913e-02	1.23080603e-01
1654            	-7.91234246e-03	6.68867405e-04	7.48687766e-03	2.95918819e-02	1.23771648e-01
1655            	-7.94570549e-03	6.70611879e-04	7.52793837e-03	2.97492496e-02	1.24437880e-01
1656            	-7.98255342e-03	6.52728338e-04	7.69758208e-03	2.98869821e-02	1.25012478e-01
1657            	-8.01984736e-03	6.21952419e-04	7.94831338e-03	2.99883676e-02	1.25427434e-01
1658            	-8.06010722e-03	5.88067610e-04	8.22178135e-03	3.00353199e-02	1.25609374e-01
1659            	-8.09689649e-03	5.55916674e-04	8.47798963e-03	3.00168386e-02	1.25513827e-01
1660            	-8.11636882e-03	5.19614313e-04	8.73419270e-03	2.99343189e-02	1.25145426e-01
1661            	-8.10076267e-03	4.65436285e-04	9.05126026e-03	2.98095373e-02	1.24593419e-01
1662            	-8.06049390e-03	4.02135641e-04	9.38935700e-03	2.96623422e-02	1.23945485e-01
1663            	-8.01917914e-03	3.52734778e-04	9.63793409e-03	2.95075572e-02	1.23272070e-01
1664            	-7.99569519e-03	3.36596834e-04	9.70258221e-03	2.93530494e-02	1.22612008e-01
1665            	-7.98629027e-03	3.53059858e-04	9.58226331e-03	2.92124506e-02	1.22022527e-01
1666            	-7.97533901e-03	3.86726404e-04	9.35156754e-03	2.91023644e-02	1.21569347e-01
1667            	-7.95383917e-03	4.23678979e-04	9.08540752e-03	2.90371549e-02	1.21308947e-01
1668            	-7.92343596e-03	4.60646910e-04	8.80702771e-03	2.90229324e-02	1.21265913e-01
1669            	-7.89183493e-03	4.99423272e-04	8.51627504e-03	2.90583835e-02	1.21434883e-01
1670            	-7.86950459e-03	5.43923937e-04	8.20368974e-03	2.91394014e-02	1.21799172e-01
1671            	-7.86220981e-03	5.90503713e-04	7.90066402e-03	2.92593344e-02	1.22328514e-01
1672            	-7.87011379e-03	6.30501030e-04	7.66211054e-03	2.94093500e-02	1.22981724e-01
1673            	-7.89176479e-03	6.56348366e-04	7.53360920e-03	2.95728396e-02	1.23684964e-01
1674            	-7.92329532e-03	6.62626475e-04	7.54330921e-03	2.97366108e-02	1.24380590e-01
1675            	-7.96120134e-03	6.49345432e-04	7.68554109e-03	2.98844106e-02	1.25000012e-01
1676            	-8.00018083e-03	6.20716178e-04	7.92550217e-03	2.99997526e-02	1.25475390e-01
1677            	-8.04157238e-03	5.86638217e-04	8.20232151e-03	3.00657294e-02	1.25738577e-01
1678            	-8.08263247e-03	5.54301794e-04	8.46640390e-03	3.00679509e-02	1.25731348e-01
1679            	-8.11423128e-03	5.23004008e-04	8.70914357e-03	3.00007326e-02	1.25429573e-01
1680            	-8.11334545e-03	4.76658212e-04	8.99865406e-03	2.98809008e-02	1.24900786e-01
1681            	-8.08111545e-03	4.16263401e-04	9.33053757e-03	2.97310767e-02	1.24242209e-01
1682            	-8.03909286e-03	3.62090561e-04	9.60860584e-03	2.95683325e-02	1.23533165e-01
1683            	-8.00996657e-03	3.36270546e-04	9.72651656e-03	2.94031925e-02	1.22824846e-01
1684            	-7.99904498e-03	3.45437875e-04	9.65034212e-03	2.92458099e-02	1.22161708e-01
1685            	-7.99250618e-03	3.77921893e-04	9.43374299e-03	2.91126624e-02	1.21610005e-01
1686            	-7.97690441e-03	4.17494160e-04	9.15966993e-03	2.90203048e-02	1.21234998e-01
1687            	-7.95082503e-03	4.56914406e-04	8.87200545e-03	2.89801999e-02	1.21082782e-01
1688            	-7.91735577e-03	4.95290240e-04	8.58090805e-03	2.89930555e-02	1.21155832e-01
1689            	-7.88847629e-03	5.37721976e-04	8.27159269e-03	2.90555386e-02	1.21441085e-01
1690            	-7.87308980e-03	5.84888322e-04	7.95276285e-03	2.91612288e-02	1.21910689e-01
1691            	-7.87302391e-03	6.28173136e-04	7.68143991e-03	2.93035190e-02	1.22532859e-01
1692            	-7.88711502e-03	6.59213757e-04	7.50872567e-03	2.94683689e-02	1.23244284e-01
1693            	-7.91239764e-03	6.72001187e-04	7.46794207e-03	2.96413397e-02	1.23981659e-01
1694            	-7.94568050e-03	6.64409374e-04	7.56741224e-03	2.98054479e-02	1.24672438e-01
1695            	-7.98084208e-03	6.38515070e-04	7.78458994e-03	2.99440956e-02	1.25247606e-01
1696            	-8.01818754e-03	6.03192603e-04	8.06347097e-03	3.00398919e-02	1.25636792e-01
1697            	-8.05870207e-03	5.67933970e-04	8.34539622e-03	3.00753783e-02	1.25769331e-01
1698            	-8.09409068e-03	5.35474897e-04	8.60117562e-03	3.00422838e-02	1.25611422e-01
1699            	-8.10493757e-03	4.93781984e-04	8.87858618e-03	2.99477787e-02	1.25190665e-01
1700            	-8.08279302e-03	4.35255368e-04	9.21342123e-03	2.98148418e-02	1.24603110e-01
1701            	-8.04308299e-03	3.74185802e-04	9.53824431e-03	2.96608525e-02	1.23927717e-01
1702            	-8.00805540e-03	3.33294242e-04	9.74237345e-03	2.95010373e-02	1.23236481e-01
1703            	-7.99175868e-03	3.27658910e-04	9.75149464e-03	2.93435772e-02	1.22567933e-01
1704            	-7.98636942e-03	3.52178242e-04	9.58658822e-03	2.92028110e-02	1.21981007e-01
1705            	-7.97652561e-03	3.89982410e-04	9.33184744e-03	2.90941847e-02	1.21536063e-01
1706            	-7.95623303e-03	4.29729719e-04	9.05030323e-03	2.90321596e-02	1.21290768e-01
1707            	-7.92675825e-03	4.68778050e-04	8.76061880e-03	2.90215127e-02	1.21264289e-01
1708            	-7.89772823e-03	5.10779396e-04	8.45370404e-03	2.90610387e-02	1.21452233e-01
1709            	-7.87943651e-03	5.58537802e-04	8.12687321e-03	2.91453316e-02	1.21831874e-01
1710            	-7.87577808e-03	6.06152170e-04	7.82301804e-03	2.92677299e-02	1.22372072e-01
1711            	-7.88687903e-03	6.45292604e-04	7.59490408e-03	2.94176384e-02	1.23024135e-01
1712            	-7.91100587e-03	6.68599768e-04	7.48629060e-03	2.95792800e-02	1.23718152e-01
1713            	-7.94402138e-03	6.71688855e-04	7.51837669e-03	2.97382315e-02	1.24391729e-01
1714            	-7.98121268e-03	6.55121166e-04	7.68027328e-03	2.98786855e-02	1.24978416e-01
1715            	-8.01876515e-03	6.24946533e-04	7.92770253e-03	2.99835885e-02	1.25408558e-01
1716            	-8.05942607e-03	5.91194659e-04	8.20104212e-03	3.00353655e-02	1.25611083e-01
1717            	-8.09695467e-03	5.59193309e-04	8.45748878e-03	3.00219231e-02	1.25537020e-01
1718            	-8.11895161e-03	5.24158434e-04	8.70946065e-03	2.99428260e-02	1.25183497e-01
1719            	-8.10582483e-03	4.71169876e-04	9.02270615e-03	2.98194244e-02	1.24637617e-01
1720            	-8.06675834e-03	4.07671761e-04	9.36384060e-03	2.96716028e-02	1.23986731e-01
1721            	-8.02433099e-03	3.56132650e-04	9.62429412e-03	2.95166947e-02	1.23311981e-01
1722            	-7.99887818e-03	3.37002837e-04	9.70494185e-03	2.93621273e-02	1.22650632e-01
1723            	-7.98864981e-03	3.51348198e-04	9.59675118e-03	2.92197889e-02	1.22052981e-01
1724            	-7.97802526e-03	3.84198562e-04	9.37162090e-03	2.91063912e-02	1.21585359e-01
1725            	-7.95692594e-03	4.21209570e-04	9.10558225e-03	2.90370437e-02	1.21307350e-01
1726            	-7.92684931e-03	4.58522113e-04	8.82540537e-03	2.90190839e-02	1.21248555e-01
1727            	-7.89403961e-03	4.97265562e-04	8.53302791e-03	2.90510354e-02	1.21402700e-01
1728            	-7.86996698e-03	5.41388178e-04	8.22020529e-03	2.91293972e-02	1.21755656e-01
1729            	-7.86111829e-03	5.88156887e-04	7.91364100e-03	2.92472019e-02	1.22276098e-01
1730            	-7.86750528e-03	6.29018120e-04	7.66734050e-03	2.93966468e-02	1.22927323e-01
1731            	-7.88744030e-03	6.55905749e-04	7.52970562e-03	2.95623584e-02	1.23640573e-01
1732            	-7.91788790e-03	6.63524136e-04	7.52936264e-03	2.97291761e-02	1.24349709e-01
1733            	-7.95551739e-03	6.51474952e-04	7.66344866e-03	2.98804109e-02	1.24984158e-01
1734            	-7.99467811e-03	6.23412335e-04	7.90017590e-03	2.99999292e-02	1.25477441e-01
1735            	-8.03606715e-03	5.89384864e-04	8.17677516e-03	3.00707869e-02	1.25761393e-01
1736            	-8.07781379e-03	5.57034735e-04	8.44204287e-03	3.00782917e-02	1.25776602e-01
1737            	-8.11127912e-03	5.26274986e-04	8.68417673e-03	3.00161381e-02	1.25496501e-01
1738            	-8.11322369e-03	4.81116791e-04	8.97037507e-03	2.98996034e-02	1.24982048e-01
1739            	-8.08366484e-03	4.21245473e-04	9.30288951e-03	2.97502081e-02	1.24325228e-01
1740            	-8.04213096e-03	3.65603413e-04	9.59095302e-03	2.95867467e-02	1.23612458e-01
1741            	-8.01150725e-03	3.36700082e-04	9.72611873e-03	2.94210861e-02	1.22900860e-01
1742            	-7.99938756e-03	3.43028785e-04	9.66608948e-03	2.92627975e-02	1.22232938e-01
1743            	-7.99313680e-03	3.74349241e-04	9.45722171e-03	2.91274518e-02	1.21671466e-01
1744            	-7.97892925e-03	4.14284445e-04	9.18285711e-03	2.90305200e-02	1.21277057e-01
1745            	-7.95424749e-03	4.54400140e-04	8.89281145e-03	2.89848778e-02	1.21101462e-01
1746            	-7.92126642e-03	4.93184130e-04	8.59983516e-03	2.89923744e-02	1.21151875e-01
1747            	-7.89164216e-03	5.35375094e-04	8.29093408e-03	2.90502492e-02	1.21417547e-01
1748            	-7.87490391e-03	5.82459557e-04	7.97062536e-03	2.91520824e-02	1.21870900e-01
1749            	-7.87338673e-03	6.26396101e-04	7.69304103e-03	2.92912165e-02	1.22480088e-01
1750            	-7.88604214e-03	6.58677767e-04	7.51036703e-03	2.94549846e-02	1.23187584e-01
1751            	-7.91038172e-03	6.73061100e-04	7.45812655e-03	2.96281738e-02	1.23926588e-01
1752            	-7.94306973e-03	6.67067504e-04	7.54665218e-03	2.97941236e-02	1.24625836e-01
1753            	-7.97769862e-03	6.42288325e-04	7.75607063e-03	2.99364436e-02	1.25217047e-01
1754            	-8.01434829e-03	6.07070511e-04	8.03334833e-03	3.00370513e-02	1.25626768e-01
1755            	-8.05441494e-03	5.71656549e-04	8.31567748e-03	3.00784016e-02	1.25784211e-01
1756            	-8.09006757e-03	5.39295546e-04	8.57127187e-03	3.00511523e-02	1.25651183e-01
1757            	-8.10327413e-03	4.99167008e-04	8.84229075e-03	2.99617465e-02	1.25252483e-01
1758            	-8.08292196e-03	4.41607791e-04	9.17364962e-03	2.98319812e-02	1.24678555e-01
1759            	-8.04311296e-03	3.79481863e-04	9.50499423e-03	2.96799398e-02	1.24010874e-01
1760            	-8.00655685e-03	3.35780018e-04	9.72461110e-03	2.95208107e-02	1.23321409e-01
1761            	-7.98864649e-03	3.27136109e-04	9.75030269e-03	2.93633195e-02	1.22651599e-01
1762            	-7.98249093e-03	3.49569932e-04	9.59734219e-03	2.92221659e-02	1.22062267e-01
1763            	-7.97291326e-03	3.86887718e-04	9.34596696e-03	2.91123760e-02	1.21612142e-01
1764            	-7.95311572e-03	4.26726432e-04	9.06449810e-03	2.90467620e-02	1.21351568e-01
1765            	-7.92430245e-03	4.66044335e-04	8.77402335e-03	2.90312716e-02	1.21304564e-01
1766            	-7.89546257e-03	5.07816614e-04	8.46879595e-03	2.90657719e-02	1.21471052e-01
1767            	-7.87649069e-03	5.55191672e-04	8.14335010e-03	2.91462480e-02	1.21834423e-01
1768            	-7.87193785e-03	6.03035652e-04	7.83669261e-03	2.92655433e-02	1.22361659e-01
1769            	-7.88202662e-03	6.42943842e-04	7.60220147e-03	2.94141980e-02	1.23008924e-01
1770            	-7.90552042e-03	6.67716535e-04	7.48338771e-03	2.95749956e-02	1.23700040e-01
1771            	-7.93810896e-03	6.72223157e-04	7.50591979e-03	2.97344447e-02	1.24376370e-01
1772            	-7.97540620e-03	6.56847332e-04	7.66050774e-03	2.98770976e-02	1.24972927e-01
1773            	-8.01304827e-03	6.27247612e-04	7.90456406e-03	2.99857368e-02	1.25419205e-01
1774            	-8.05377246e-03	5.93527703e-04	8.17793112e-03	3.00420898e-02	1.25641240e-01
1775            	-8.09238120e-03	5.62002843e-04	8.43306163e-03	3.00337463e-02	1.25589019e-01
1776            	-8.11743909e-03	5.28650644e-04	8.67898019e-03	2.99586048e-02	1.25252752e-01
1777            	-8.10756873e-03	4.77438031e-04	8.98584456e-03	2.98372114e-02	1.24715827e-01
1778            	-8.06983164e-03	4.13867555e-04	9.32943049e-03	2.96897564e-02	1.24066296e-01
1779            	-8.02664084e-03	3.60200948e-04	9.60221932e-03	2.95339002e-02	1.23386639e-01
1780            	-7.99899649e-03	3.37687293e-04	9.70101356e-03	2.93791138e-02	1.22723184e-01
1781            	-7.98752294e-03	3.49325739e-04	9.60805085e-03	2.92363311e-02	1.22122701e-01
1782            	-7.97750520e-03	3.80993161e-04	9.39121858e-03	2.91207620e-02	1.21645305e-01
1783            	-7.95742419e-03	4.18026647e-04	9.12644887e-03	2.90470243e-02	1.21348490e-01
1784            	-7.92818911e-03	4.55574336e-04	8.84592668e-03	2.90242096e-02	1.21269039e-01
1785            	-7.89445201e-03	4.93996807e-04	8.55413484e-03	2.90521581e-02	1.21406102e-01
1786            	-7.86807753e-03	5.37374332e-04	8.24256987e-03	2.91274636e-02	1.21745915e-01
1787            	-7.85706571e-03	5.84213712e-04	7.93232256e-03	2.92426489e-02	1.22255381e-01
1788            	-7.86182421e-03	6.25806696e-04	7.67894701e-03	2.93904115e-02	1.22899845e-01
1789            	-7.88015463e-03	6.53856927e-04	7.53155121e-03	2.95564608e-02	1.23615100e-01
1790            	-7.90911518e-03	6.63041051e-04	7.51912901e-03	2.97251751e-02	1.24333001e-01
1791            	-7.94583086e-03	6.52393853e-04	7.64305551e-03	2.98795708e-02	1.24981448e-01
1792            	-7.98438577e-03	6.25330324e-04	7.87264530e-03	3.00034739e-02	1.25493723e-01
1793            	-8.02538575e-03	5.91370532e-04	8.14834223e-03	3.00796067e-02	1.25800140e-01
1794            	-8.06752040e-03	5.59066260e-04	8.41400148e-03	3.00929017e-02	1.25839966e-01
1795            	-8.10265475e-03	5.29110621e-04	8.65357739e-03	3.00365650e-02	1.25584847e-01
1796            	-8.10833088e-03	4.86021880e-04	8.93221829e-03	2.99232435e-02	1.25084599e-01
1797            	-8.08172369e-03	4.26989502e-04	9.26377674e-03	2.97757179e-02	1.24435814e-01
1798            	-8.04070093e-03	3.69770726e-04	9.56255653e-03	2.96125676e-02	1.23723657e-01
1799            	-8.00854767e-03	3.37423557e-04	9.71721777e-03	2.94465710e-02	1.23009420e-01
1800            	-7.99509476e-03	3.40373631e-04	9.67655421e-03	2.92878311e-02	1.22338454e-01
1801            	-7.98958115e-03	3.70006943e-04	9.47938475e-03	2.91503311e-02	1.21767169e-01
1802            	-7.97747380e-03	4.09907945e-04	9.20826425e-03	2.90490005e-02	1.21353891e-01
1803            	-7.95460109e-03	4.50479651e-04	8.91794319e-03	2.89975630e-02	1.21153682e-01
1804            	-7.92248977e-03	4.89534559e-04	8.62450269e-03	2.89993096e-02	1.21179701e-01
1805            	-7.89215721e-03	5.31213074e-04	8.31777341e-03	2.90516481e-02	1.21421734e-01
1806            	-7.87381477e-03	5.77786651e-04	7.99832357e-03	2.91487468e-02	1.21854954e-01
1807            	-7.87084250e-03	6.22124358e-04	7.71605873e-03	2.92836030e-02	1.22446286e-01
1808            	-7.88202298e-03	6.55586651e-04	7.52374783e-03	2.94449731e-02	1.23144260e-01
1809            	-7.90562744e-03	6.71927522e-04	7.45806898e-03	2.96166143e-02	1.23877508e-01
1810            	-7.93748846e-03	6.67794603e-04	7.53366269e-03	2.97830568e-02	1.24579628e-01
1811            	-7.97169298e-03	6.44573390e-04	7.73267623e-03	2.99280857e-02	1.25182952e-01
1812            	-8.00706219e-03	6.09869110e-04	8.00492237e-03	3.00334248e-02	1.25613056e-01
1813            	-8.04622277e-03	5.74180939e-04	8.28775535e-03	3.00806115e-02	1.25795260e-01
1814            	-8.08186282e-03	5.41707212e-04	8.54411061e-03	3.00595277e-02	1.25688440e-01
1815            	-8.09807237e-03	5.03678900e-04	8.80631944e-03	2.99748922e-02	1.25310572e-01
1816            	-8.08037320e-03	4.47965668e-04	9.12993997e-03	2.98484031e-02	1.24750981e-01
1817            	-8.04094339e-03	3.85228323e-04	9.46570589e-03	2.96989604e-02	1.24093904e-01
1818            	-8.00253364e-03	3.38534776e-04	9.70148176e-03	2.95420592e-02	1.23412760e-01
1819            	-7.98247955e-03	3.26330711e-04	9.74647154e-03	2.93861431e-02	1.22748374e-01
1820            	-7.97583559e-03	3.46322983e-04	9.60813869e-03	2.92442513e-02	1.22154919e-01
1821            	-7.96703344e-03	3.82567172e-04	9.36458734e-03	2.91320817e-02	1.21694140e-01
1822            	-7.94807986e-03	4.22186803e-04	9.08562594e-03	2.90631400e-02	1.21419224e-01
1823            	-7.91963441e-03	4.61680148e-04	8.79449934e-03	2.90436946e-02	1.21355430e-01
1824            	-7.89042488e-03	5.03227813e-04	8.49009228e-03	2.90735729e-02	1.21502218e-01
1825            	-7.87056868e-03	5.50104774e-04	8.16644480e-03	2.91492101e-02	1.21844939e-01
1826            	-7.86531547e-03	5.98020129e-04	7.85826130e-03	2.92640888e-02	1.22353546e-01
1827            	-7.87466155e-03	6.38707755e-04	7.61770473e-03	2.94095735e-02	1.22987852e-01
1828            	-7.89709116e-03	6.64795244e-04	7.48900641e-03	2.95690738e-02	1.23674197e-01
1829            	-7.92891620e-03	6.70930787e-04	7.50015749e-03	2.97285442e-02	1.24351365e-01
1830            	-7.96636521e-03	6.57250660e-04	7.64430486e-03	2.98722924e-02	1.24953246e-01
1831            	-8.00418324e-03	6.28635252e-04	7.88250987e-03	2.99838129e-02	1.25412151e-01
1832            	-8.04469647e-03	5.95034629e-04	8.15495260e-03	3.00446963e-02	1.25653569e-01
1833            	-8.08388047e-03	5.63588545e-04	8.41056274e-03	3.00420083e-02	1.25625482e-01
1834            	-8.11184631e-03	5.31838844e-04	8.65074124e-03	2.99713633e-02	1.25308757e-01
1835            	-8.10605023e-03	4.82978518e-04	8.94880250e-03	2.98521794e-02	1.24781790e-01
1836            	-8.07038089e-03	4.19925694e-04	9.29220927e-03	2.97058022e-02	1.24136805e-01
1837            	-8.02645587e-03	3.64230065e-04	9.57677269e-03	2.95506788e-02	1.23459461e-01
1838            	-7.99667140e-03	3.38082392e-04	9.69540665e-03	2.93960543e-02	1.22795434e-01
1839            	-7.98422853e-03	3.46653627e-04	9.62038182e-03	2.92519242e-02	1.22188108e-01
1840            	-7.97497464e-03	3.77258900e-04	9.41131890e-03	2.91332399e-02	1.21696944e-01
1841            	-7.95614250e-03	4.14345025e-04	9.14793988e-03	2.90553549e-02	1.21382378e-01
1842            	-7.92747212e-03	4.52023779e-04	8.86729538e-03	2.90283573e-02	1.21285126e-01
1843            	-7.89284374e-03	4.90009593e-04	8.57686690e-03	2.90521310e-02	1.21404335e-01
1844            	-7.86468920e-03	5.32479831e-04	8.26834703e-03	2.91234499e-02	1.21727010e-01
1845            	-7.85159022e-03	5.79176312e-04	7.95587667e-03	2.92350718e-02	1.22221410e-01
1846            	-7.85480716e-03	6.21468707e-04	7.69574606e-03	2.93803603e-02	1.22855728e-01
1847            	-7.87187856e-03	6.50851562e-04	7.53800311e-03	2.95454448e-02	1.23567486e-01
1848            	-7.89973618e-03	6.61635584e-04	7.51382114e-03	2.97150058e-02	1.24289682e-01
1849            	-7.93560964e-03	6.52643193e-04	7.62607498e-03	2.98718715e-02	1.24949273e-01
1850            	-7.97344059e-03	6.26549633e-04	7.84853751e-03	2.99998389e-02	1.25479186e-01
1851            	-8.01369314e-03	5.92687220e-04	8.12260979e-03	3.00810824e-02	1.25807362e-01
1852            	-8.05579064e-03	5.59911568e-04	8.39131962e-03	3.00995435e-02	1.25868945e-01
1853            	-8.09206745e-03	5.30139601e-04	8.63150428e-03	3.00492319e-02	1.25639458e-01
1854            	-8.10113260e-03	4.88960837e-04	8.90311653e-03	2.99401704e-02	1.25157802e-01
1855            	-8.07741496e-03	4.31155444e-04	9.23120205e-03	2.97948772e-02	1.24518726e-01
1856            	-8.03742756e-03	3.73150770e-04	9.53648704e-03	2.96324163e-02	1.23809034e-01
1857            	-8.00418561e-03	3.38074397e-04	9.70680372e-03	2.94665522e-02	1.23094376e-01
1858            	-7.98948899e-03	3.38020935e-04	9.68326372e-03	2.93068112e-02	1.22418140e-01
1859            	-7.98421775e-03	3.65868172e-04	9.49769907e-03	2.91672111e-02	1.21837297e-01
1860            	-7.97336329e-03	4.05199648e-04	9.23197325e-03	2.90626898e-02	1.21410180e-01
1861            	-7.95177726e-03	4.45729368e-04	8.94375077e-03	2.90067851e-02	1.21190893e-01
1862            	-7.92069840e-03	4.84980891e-04	8.65053734e-03	2.90034863e-02	1.21195484e-01
1863            	-7.89041683e-03	5.26635525e-04	8.34398777e-03	2.90504643e-02	1.21414754e-01
1864            	-7.87116558e-03	5.73212146e-04	8.02315135e-03	2.91427792e-02	1.21827770e-01
1865            	-7.86711083e-03	6.18027407e-04	7.73625153e-03	2.92738196e-02	1.22403233e-01
1866            	-7.87757589e-03	6.52586265e-04	7.53592527e-03	2.94322585e-02	1.23089340e-01
1867            	-7.90043414e-03	6.70557630e-04	7.45884962e-03	2.96023420e-02	1.23816738e-01
1868            	-7.93158757e-03	6.68106620e-04	7.52281196e-03	2.97688058e-02	1.24519687e-01
1869            	-7.96579122e-03	6.46224475e-04	7.71343875e-03	2.99153103e-02	1.25129771e-01
1870            	-8.00094462e-03	6.12009148e-04	7.98235985e-03	3.00240711e-02	1.25574584e-01
1871            	-8.03948781e-03	5.76019238e-04	8.26627228e-03	3.00766336e-02	1.25779532e-01
1872            	-8.07469068e-03	5.43166058e-04	8.52443010e-03	3.00614706e-02	1.25697801e-01
1873            	-8.09300730e-03	5.06433185e-04	8.78160840e-03	2.99811183e-02	1.25338449e-01
1874            	-8.07743904e-03	4.52114530e-04	9.09960188e-03	2.98573726e-02	1.24790812e-01
1875            	-8.03875755e-03	3.89223610e-04	9.43745900e-03	2.97096056e-02	1.24140590e-01
1876            	-7.99937305e-03	3.40481212e-04	9.68474507e-03	2.95541933e-02	1.23464903e-01
1877            	-7.97780985e-03	3.25291838e-04	9.74634173e-03	2.93990816e-02	1.22802838e-01
1878            	-7.97023957e-03	3.43112034e-04	9.62032460e-03	2.92568124e-02	1.22206949e-01
1879            	-7.96132009e-03	3.78305753e-04	9.38315882e-03	2.91428721e-02	1.21738168e-01
1880            	-7.94230733e-03	4.17412381e-04	9.10725975e-03	2.90714980e-02	1.21452658e-01
1881            	-7.91421677e-03	4.56806431e-04	8.81718535e-03	2.90492589e-02	1.21376917e-01
1882            	-7.88462549e-03	4.98413747e-04	8.51177753e-03	2.90755049e-02	1.21508318e-01
1883            	-7.86392366e-03	5.45511421e-04	8.18543697e-03	2.91478372e-02	1.21837172e-01
1884            	-7.85786809e-03	5.94049111e-04	7.87209003e-03	2.92596373e-02	1.22333078e-01
1885            	-7.86676716e-03	6.35706656e-04	7.62469614e-03	2.94023999e-02	1.22956322e-01
1886            	-7.88868869e-03	6.63013075e-04	7.48752827e-03	2.95605249e-02	1.23637465e-01
1887            	-7.92021020e-03	6.70375595e-04	7.49049439e-03	2.97200682e-02	1.24315562e-01
1888            	-7.95777238e-03	6.57897329e-04	7.62727562e-03	2.98650674e-02	1.24923288e-01
1889            	-7.99642337e-03	6.30137246e-04	7.86137988e-03	2.99786660e-02	1.25391309e-01
1890            	-8.03719959e-03	5.96857677e-04	8.13228550e-03	3.00434862e-02	1.25649581e-01
1891            	-8.07692202e-03	5.65271929e-04	8.38967972e-03	3.00451111e-02	1.25639782e-01
1892            	-8.10673319e-03	5.34007248e-04	8.62958840e-03	2.99780457e-02	1.25338384e-01
1893            	-8.10363978e-03	4.86318507e-04	8.92428515e-03	2.98608551e-02	1.24820160e-01
1894            	-8.06987843e-03	4.23777493e-04	9.26731866e-03	2.97152886e-02	1.24178630e-01
1895            	-8.02650214e-03	3.67111077e-04	9.55886452e-03	2.95596542e-02	1.23498588e-01
1896            	-7.99585718e-03	3.38853269e-04	9.68958975e-03	2.94038755e-02	1.22828836e-01
1897            	-7.98273198e-03	3.45328777e-04	9.62680196e-03	2.92576904e-02	1.22212016e-01
1898            	-7.97352010e-03	3.74671641e-04	9.42573820e-03	2.91363471e-02	1.21709097e-01
1899            	-7.95508640e-03	4.11227869e-04	9.16623552e-03	2.90551932e-02	1.21380414e-01
1900            	-7.92652209e-03	4.48551731e-04	8.88790892e-03	2.90248807e-02	1.21268907e-01
1901            	-7.89124826e-03	4.86241680e-04	8.59833061e-03	2.90456142e-02	1.21375092e-01
1902            	-7.86174414e-03	5.28561020e-04	8.28869405e-03	2.91140926e-02	1.21685754e-01
1903            	-7.84721504e-03	5.75667940e-04	7.97146715e-03	2.92228857e-02	1.22168423e-01
1904            	-7.84919329e-03	6.18879848e-04	7.70365762e-03	2.93661271e-02	1.22794500e-01
1905            	-7.86530261e-03	6.49288657e-04	7.53796413e-03	2.95306194e-02	1.23504241e-01
1906            	-7.89256693e-03	6.61338329e-04	7.50487933e-03	2.97011288e-02	1.24230983e-01
1907            	-7.92770401e-03	6.53557504e-04	7.60840546e-03	2.98607767e-02	1.24902908e-01
1908            	-7.96495202e-03	6.28193374e-04	7.82543886e-03	2.99927465e-02	1.25450106e-01
1909            	-8.00463271e-03	5.94272917e-04	8.09909570e-03	3.00790600e-02	1.25799777e-01
1910            	-8.04695890e-03	5.61123575e-04	8.37057306e-03	3.01028337e-02	1.25883708e-01
1911            	-8.08388768e-03	5.30965435e-04	8.61421025e-03	3.00569002e-02	1.25672616e-01
1912            	-8.09497368e-03	4.90508771e-04	8.88428246e-03	2.99510035e-02	1.25204538e-01
1913            	-8.07300115e-03	4.33501774e-04	9.20992383e-03	2.98078960e-02	1.24574891e-01
1914            	-8.03380436e-03	3.74993708e-04	9.51955769e-03	2.96462102e-02	1.23868168e-01
1915            	-8.00021941e-03	3.38088632e-04	9.70093035e-03	2.94799802e-02	1.23151250e-01
1916            	-7.98523134e-03	3.35993879e-04	9.68984602e-03	2.93181209e-02	1.22465263e-01
1917            	-7.98006052e-03	3.62548631e-04	9.51256473e-03	2.91761058e-02	1.21873708e-01
1918            	-7.96958073e-03	4.01316499e-04	9.25091845e-03	2.90688712e-02	1.21434874e-01
1919            	-7.94846517e-03	4.41700661e-04	8.96426538e-03	2.90097695e-02	1.21201956e-01
1920            	-7.91795034e-03	4.81158297e-04	8.67055065e-03	2.90023155e-02	1.21188948e-01
1921            	-7.88803485e-03	5.23185521e-04	8.36215267e-03	2.90457102e-02	1.21393154e-01
1922            	-7.86871631e-03	5.70219440e-04	8.03829955e-03	2.91348485e-02	1.21792918e-01
1923            	-7.86420748e-03	6.15902287e-04	7.74524129e-03	2.92629445e-02	1.22356308e-01
1924            	-7.87438116e-03	6.51710025e-04	7.53657926e-03	2.94192010e-02	1.23033732e-01
1925            	-7.89677208e-03	6.70986009e-04	7.45057821e-03	2.95889836e-02	1.23760485e-01
1926            	-7.92769118e-03	6.69694027e-04	7.50690513e-03	2.97562861e-02	1.24467542e-01
1927            	-7.96231213e-03	6.48585935e-04	7.69331064e-03	2.99045688e-02	1.25085504e-01
1928            	-7.99744808e-03	6.14497202e-04	7.96148664e-03	3.00165717e-02	1.25544120e-01
1929            	-8.03601824e-03	5.77918673e-04	8.24922758e-03	3.00731947e-02	1.25766048e-01
1930            	-8.07135438e-03	5.44610176e-04	8.51049458e-03	3.00629230e-02	1.25704872e-01
1931            	-8.09097016e-03	5.08484406e-04	8.76576695e-03	2.99862880e-02	1.25361424e-01
1932            	-8.07667107e-03	4.54962750e-04	9.08061042e-03	2.98641711e-02	1.24820856e-01
1933            	-8.03809998e-03	3.91806068e-04	9.42031608e-03	2.97170455e-02	1.24173159e-01
1934            	-7.99783351e-03	3.41487546e-04	9.67625913e-03	2.95619139e-02	1.23498006e-01
1935            	-7.97494919e-03	3.24260876e-04	9.74875124e-03	2.94066831e-02	1.22834649e-01
1936            	-7.96654260e-03	3.40546780e-04	9.63114582e-03	2.92632963e-02	1.22233429e-01
1937            	-7.95722759e-03	3.75003411e-04	9.39799378e-03	2.91479122e-02	1.21758218e-01
1938            	-7.93778921e-03	4.13808773e-04	9.12330075e-03	2.90751646e-02	1.21466744e-01
1939            	-7.90957122e-03	4.53195918e-04	8.83300459e-03	2.90513242e-02	1.21384172e-01
1940            	-7.87943091e-03	4.94749330e-04	8.52706585e-03	2.90758475e-02	1.21508277e-01
1941            	-7.85785494e-03	5.42103004e-04	8.19778792e-03	2.91458561e-02	1.21827393e-01
1942            	-7.85120258e-03	5.91498586e-04	7.87812234e-03	2.92553124e-02	1.22313717e-01
1943            	-7.85939813e-03	6.33915618e-04	7.62487157e-03	2.93975444e-02	1.22935189e-01
1944            	-7.88112234e-03	6.62195922e-04	7.48125333e-03	2.95556689e-02	1.23616821e-01
1945            	-7.91280866e-03	6.70603855e-04	7.47787417e-03	2.97160036e-02	1.24298786e-01
1946            	-7.95094253e-03	6.59113715e-04	7.60929841e-03	2.98624701e-02	1.24913168e-01
1947            	-7.99033879e-03	6.31902840e-04	7.84108966e-03	2.99785545e-02	1.25391946e-01
1948            	-8.03163537e-03	5.98695668e-04	8.11238759e-03	3.00468739e-02	1.25665106e-01
1949            	-8.07235504e-03	5.66996936e-04	8.37204754e-03	3.00520962e-02	1.25670515e-01
1950            	-8.10373040e-03	5.35830129e-04	8.61369518e-03	2.99883215e-02	1.25383110e-01
1951            	-8.10289513e-03	4.88923964e-04	8.90680905e-03	2.98721846e-02	1.24869500e-01
1952            	-8.07085003e-03	4.26913672e-04	9.24904130e-03	2.97261760e-02	1.24226136e-01
1953            	-8.02760219e-03	3.69513282e-04	9.54545169e-03	2.95695505e-02	1.23541560e-01
1954            	-7.99628725e-03	3.39556716e-04	9.68593364e-03	2.94116794e-02	1.22862267e-01
1955            	-7.98258947e-03	3.44324368e-04	9.63308758e-03	2.92629481e-02	1.22234006e-01
1956            	-7.97337423e-03	3.72851146e-04	9.43713633e-03	2.91386769e-02	1.21718343e-01
1957            	-7.95524795e-03	4.09260446e-04	9.17896556e-03	2.90544780e-02	1.21376652e-01
1958            	-7.92674473e-03	4.46540992e-04	8.90095140e-03	2.90211755e-02	1.21252427e-01
1959            	-7.89106935e-03	4.84051635e-04	8.61187341e-03	2.90393335e-02	1.21347610e-01
1960            	-7.86060804e-03	5.26273422e-04	8.30139896e-03	2.91054627e-02	1.21648290e-01
1961            	-7.84476041e-03	5.73737015e-04	7.97993963e-03	2.92124066e-02	1.22123328e-01
1962            	-7.84539753e-03	6.17804478e-04	7.70472331e-03	2.93542497e-02	1.22743905e-01
1963            	-7.86039853e-03	6.49336194e-04	7.53028305e-03	2.95189963e-02	1.23455265e-01
1964            	-7.88689585e-03	6.62504114e-04	7.48900133e-03	2.96914426e-02	1.24190730e-01
1965            	-7.92173306e-03	6.55563470e-04	7.58677895e-03	2.98538603e-02	1.24874763e-01
1966            	-7.95858325e-03	6.30535109e-04	7.80113458e-03	2.99899874e-02	1.25439767e-01
1967            	-7.99777351e-03	5.96283771e-04	8.07620029e-03	3.00815398e-02	1.25811567e-01
1968            	-8.04040314e-03	5.62619178e-04	8.35142843e-03	3.01107365e-02	1.25918253e-01
1969            	-8.07802558e-03	5.32061788e-04	8.59863961e-03	3.00696365e-02	1.25727450e-01
1970            	-8.09105178e-03	4.92631699e-04	8.86508673e-03	2.99663520e-02	1.25270660e-01
1971            	-8.07032607e-03	4.36208489e-04	9.18887111e-03	2.98252781e-02	1.24649773e-01
1972            	-8.03149623e-03	3.77093204e-04	9.50287019e-03	2.96634030e-02	1.23941937e-01
1973            	-7.99728595e-03	3.38246470e-04	9.69557770e-03	2.94960283e-02	1.23219441e-01
1974            	-7.98182729e-03	3.34371972e-04	9.69502902e-03	2.93322561e-02	1.22524713e-01
1975            	-7.97689850e-03	3.60161332e-04	9.52291083e-03	2.91876451e-02	1.21921860e-01
1976            	-7.96707275e-03	3.98678973e-04	9.26377035e-03	2.90774637e-02	1.21470425e-01
1977            	-7.94654029e-03	4.39028747e-04	8.97816452e-03	2.90147971e-02	1.21222356e-01
1978            	-7.91675324e-03	4.78742570e-04	8.68387906e-03	2.90037152e-02	1.21194010e-01
1979            	-7.88719288e-03	5.20930445e-04	8.37498709e-03	2.90434642e-02	1.21382761e-01
1980            	-7.86764568e-03	5.68183203e-04	8.04941726e-03	2.91295672e-02	1.21769736e-01
1981            	-7.86246498e-03	6.14416525e-04	7.75189860e-03	2.92553073e-02	1.22323427e-01
1982            	-7.87205504e-03	6.51357110e-04	7.53523503e-03	2.94102883e-02	1.22995999e-01
1983            	-7.89403913e-03	6.71796899e-04	7.44131017e-03	2.95799905e-02	1.23722977e-01
1984            	-7.92466861e-03	6.71535273e-04	7.49074553e-03	2.97483843e-02	1.24435152e-01
1985            	-7.95950875e-03	6.51319554e-04	7.67188963e-03	2.98986894e-02	1.25062075e-01
1986            	-7.99484954e-03	6.17293122e-04	7.94004880e-03	3.00138355e-02	1.25534091e-01
1987            	-8.03354560e-03	5.80406397e-04	8.22999081e-03	3.00749604e-02	1.25775021e-01
1988            	-8.06942070e-03	5.46717210e-04	8.49449824e-03	3.00692352e-02	1.25732968e-01
1989            	-8.09080361e-03	5.11310279e-04	8.74784106e-03	2.99958270e-02	1.25403299e-01
1990            	-8.07777283e-03	4.58473836e-04	9.06021607e-03	2.98762813e-02	1.24873752e-01
1991            	-8.03929569e-03	3.95080450e-04	9.40153944e-03	2.97296468e-02	1.24227953e-01
1992            	-7.99793153e-03	3.43099478e-04	9.66635043e-03	2.95739080e-02	1.23549579e-01
1993            	-7.97346703e-03	3.23529588e-04	9.75128946e-03	2.94180875e-02	1.22882903e-01
1994            	-7.96426779e-03	3.38089539e-04	9.64336444e-03	2.92739483e-02	1.22277851e-01
1995            	-7.95498592e-03	3.71873134e-04	9.41443809e-03	2.91571833e-02	1.21796449e-01
1996            	-7.93573238e-03	4.10666753e-04	9.13999250e-03	2.90821000e-02	1.21494964e-01
1997            	-7.90782880e-03	4.50223396e-04	8.84900468e-03	2.90560235e-02	1.21402865e-01
1998            	-7.87695707e-03	4.91631796e-04	8.54284625e-03	2.90785091e-02	1.21518272e-01
1999            	-7.85414944e-03	5.38621433e-04	8.21402306e-03	2.91473020e-02	1.21832159e-01
2000            	-7.84628654e-03	5.88248681e-04	7.89110225e-03	2.92554628e-02	1.22313161e-01
2001            	-7.85370097e-03	6.31585174e-04	7.63089516e-03	2.93960064e-02	1.22927868e-01
2002            	-7.87475134e-03	6.61017203e-04	7.47901578e-03	2.95539206e-02	1.23609163e-01
2003            	-7.90614405e-03	6.70767082e-04	7.46674579e-03	2.97153993e-02	1.24296592e-01
2004            	-7.94443710e-03	6.60417177e-04	7.59124630e-03	2.98636843e-02	1.24919191e-01
2005            	-7.98412846e-03	6.33717858e-04	7.82032793e-03	2.99822194e-02	1.25408625e-01
2006            	-8.02613358e-03	6.00489431e-04	8.09289649e-03	3.00539176e-02	1.25696156e-01
2007            	-8.06812285e-03	5.68687773e-04	8.35516753e-03	3.00629835e-02	1.25717820e-01
2008            	-8.10140723e-03	5.38054265e-04	8.59630864e-03	3.00030749e-02	1.25446964e-01
2009            	-8.10305044e-03	4.92395085e-04	8.88521398e-03	2.98892409e-02	1.24943465e-01
2010            	-8.07266388e-03	4.30806333e-04	9.22724023e-03	2.97440084e-02	1.24303444e-01
2011            	-8.03001984e-03	3.72359457e-04	9.53117350e-03	2.95855686e-02	1.23610639e-01
2012            	-7.99771072e-03	3.40092801e-04	9.68480504e-03	2.94259155e-02	1.22922947e-01
2013            	-7.98313222e-03	3.42799673e-04	9.64367976e-03	2.92753099e-02	1.22286030e-01
2014            	-7.97411549e-03	3.70402090e-04	9.45381382e-03	2.91488504e-02	1.21760745e-01
2015            	-7.95704022e-03	4.06898422e-04	9.19658300e-03	2.90606819e-02	1.21402144e-01
2016            	-7.92958132e-03	4.44309216e-04	8.91921596e-03	2.90228279e-02	1.21258526e-01
2017            	-7.89411118e-03	4.81706230e-04	8.63110580e-03	2.90369859e-02	1.21336616e-01
2018            	-7.86260116e-03	5.23386766e-04	8.32247176e-03	2.90999619e-02	1.21623721e-01
2019            	-7.84499448e-03	5.70462591e-04	8.00084918e-03	2.92051492e-02	1.22091279e-01
2020            	-7.84382617e-03	6.14905823e-04	7.72058444e-03	2.93452023e-02	1.22704508e-01
2021            	-7.85729829e-03	6.47589649e-04	7.53659837e-03	2.95091759e-02	1.23413156e-01
2022            	-7.88283053e-03	6.62445497e-04	7.48323364e-03	2.96817302e-02	1.24149781e-01
2023            	-7.91684818e-03	6.56783457e-04	7.57174898e-03	2.98461677e-02	1.24842931e-01
2024            	-7.95335935e-03	6.32513723e-04	7.78084761e-03	2.99858820e-02	1.25423479e-01
2025            	-7.99166917e-03	5.98179616e-04	8.05519690e-03	3.00827026e-02	1.25817688e-01
2026            	-8.03393925e-03	5.64132289e-04	8.33237985e-03	3.01181295e-02	1.25950692e-01
2027            	-8.07209256e-03	5.33532986e-04	8.58067578e-03	3.00828817e-02	1.25784678e-01
2028            	-8.08771356e-03	4.95579057e-04	8.84162483e-03	2.99843662e-02	1.25348476e-01
2029            	-8.06922058e-03	4.40285205e-04	9.16155543e-03	2.98450277e-02	1.24735144e-01
2030            	-8.03047201e-03	3.80338979e-04	9.48091036e-03	2.96842402e-02	1.24031548e-01
2031            	-7.99493555e-03	3.39167505e-04	9.68634225e-03	2.95167583e-02	1.23307758e-01
2032            	-7.97833330e-03	3.32684066e-04	9.70057679e-03	2.93518473e-02	1.22607309e-01
2033            	-7.97356434e-03	3.56855134e-04	9.53888146e-03	2.92051918e-02	1.21995208e-01
2034            	-7.96501704e-03	3.95346982e-04	9.28173907e-03	2.90915252e-02	1.21528911e-01
2035            	-7.94573991e-03	4.36027166e-04	8.99582828e-03	2.90244513e-02	1.21262176e-01
2036            	-7.91696191e-03	4.75933030e-04	8.70176099e-03	2.90087747e-02	1.21214335e-01
2037            	-7.88773922e-03	5.17799257e-04	8.39538518e-03	2.90440349e-02	1.21383867e-01
2038            	-7.86772306e-03	5.64623834e-04	8.07182601e-03	2.91263474e-02	1.21754632e-01
2039            	-7.86182256e-03	6.11170254e-04	7.77127043e-03	2.92488853e-02	1.22294925e-01
2040            	-7.87066288e-03	6.49078539e-04	7.54738639e-03	2.94019270e-02	1.22959804e-01
2041            	-7.89206518e-03	6.71201561e-04	7.44197881e-03	2.95701979e-02	1.23681441e-01
2042            	-7.92198573e-03	6.72591684e-04	7.47998693e-03	2.97389798e-02	1.24395998e-01
2043            	-7.95665922e-03	6.53564586e-04	7.65345156e-03	2.98910595e-02	1.25030972e-01
2044            	-7.99200023e-03	6.20058584e-04	7.91842248e-03	3.00090623e-02	1.25515361e-01
2045            	-8.03056612e-03	5.83000301e-04	8.20936462e-03	3.00745138e-02	1.25774645e-01
2046            	-8.06729476e-03	5.49252921e-04	8.47555544e-03	3.00740995e-02	1.25755119e-01
2047            	-8.09102753e-03	5.15094120e-04	8.72450020e-03	3.00051770e-02	1.25444811e-01
2048            	-8.08042914e-03	4.63724793e-04	9.03120336e-03	2.98885070e-02	1.24927775e-01
2049            	-8.04253509e-03	4.00138773e-04	9.37459857e-03	2.97435608e-02	1.24288896e-01
2050            	-7.99976783e-03	3.46069099e-04	9.65053304e-03	2.95882556e-02	1.23611558e-01
2051            	-7.97316916e-03	3.23480226e-04	9.75138208e-03	2.94323577e-02	1.22943501e-01
2052            	-7.96295938e-03	3.35651515e-04	9.65700688e-03	2.92874590e-02	1.22334357e-01
2053            	-7.95417180e-03	3.68410951e-04	9.43519377e-03	2.91686460e-02	1.21843779e-01
2054            	-7.93561547e-03	4.07084244e-04	9.16242686e-03	2.90904681e-02	1.21528961e-01
2055            	-7.90836555e-03	4.46633521e-04	8.87233407e-03	2.90613615e-02	1.21423862e-01
2056            	-7.87673166e-03	4.87460986e-04	8.56863616e-03	2.90810835e-02	1.21527306e-01
2057            	-7.85226080e-03	5.33517998e-04	8.24320106e-03	2.91475578e-02	1.21831060e-01
2058            	-7.84274582e-03	5.83008250e-04	7.91866679e-03	2.92535990e-02	1.22303111e-01
2059            	-7.84884725e-03	6.27085746e-04	7.65181343e-03	2.93923850e-02	1.22910750e-01
2060            	-7.86872034e-03	6.57800681e-04	7.49008743e-03	2.95497857e-02	1.23590503e-01
2061            	-7.89946940e-03	6.69318531e-04	7.46572729e-03	2.97111692e-02	1.24278290e-01
2062            	-7.93767591e-03	6.60796245e-04	7.57860147e-03	2.98607738e-02	1.24907224e-01
2063            	-7.97734133e-03	6.35264806e-04	7.80034935e-03	2.99820608e-02	1.25408859e-01
2064            	-8.01937719e-03	6.02257454e-04	8.07168779e-03	3.00573417e-02	1.25711777e-01
2065            	-8.06212999e-03	5.70391301e-04	8.33561560e-03	3.00706824e-02	1.25751589e-01
2066            	-8.09761042e-03	5.40486122e-04	8.57546879e-03	3.00152802e-02	1.25500076e-01
2067            	-8.10308840e-03	4.96814244e-04	8.85749640e-03	2.99043254e-02	1.25009344e-01
2068            	-8.07541085e-03	4.36260428e-04	9.19699067e-03	2.97609746e-02	1.24377494e-01
2069            	-8.03317259e-03	3.76663130e-04	9.50881344e-03	2.96027329e-02	1.23684985e-01
2070            	-7.99928980e-03	3.41395624e-04	9.67912509e-03	2.94429089e-02	1.22995526e-01
2071            	-7.98372599e-03	3.41241410e-04	9.65462619e-03	2.92905063e-02	1.22349963e-01
2072            	-7.97539860e-03	3.67234195e-04	9.47590529e-03	2.91608216e-02	1.21810332e-01
2073            	-7.96005439e-03	4.03569522e-04	9.22217475e-03	2.90684773e-02	1.21433789e-01
2074            	-7.93402496e-03	4.41297507e-04	8.94481662e-03	2.90262461e-02	1.21271570e-01
2075            	-7.89905964e-03	4.78520601e-04	8.65847470e-03	2.90357654e-02	1.21329828e-01
2076            	-7.86647114e-03	5.19377528e-04	8.35340480e-03	2.90941247e-02	1.21597054e-01
2077            	-7.84683645e-03	5.65787666e-04	8.03296890e-03	2.91956468e-02	1.22048913e-01
2078            	-7.84376829e-03	6.10364148e-04	7.74903026e-03	2.93331863e-02	1.22651625e-01
2079            	-7.85549177e-03	6.43982681e-04	7.55652644e-03	2.94959925e-02	1.23355833e-01
2080            	-7.87975972e-03	6.60608830e-04	7.49010086e-03	2.96680496e-02	1.24091126e-01
2081            	-7.91268650e-03	6.56884944e-04	7.56479012e-03	2.98334528e-02	1.24789185e-01
2082            	-7.94856532e-03	6.34129057e-04	7.76344622e-03	2.99758810e-02	1.25381857e-01
2083            	-7.98596066e-03	6.00243853e-04	8.03367708e-03	3.00774728e-02	1.25796557e-01
2084            	-8.02730334e-03	5.65750590e-04	8.31239830e-03	3.01193917e-02	1.25957032e-01
2085            	-8.06534393e-03	5.34749345e-04	8.56313231e-03	3.00908359e-02	1.25819333e-01
2086            	-8.08389319e-03	4.98563175e-04	8.81725731e-03	2.99974570e-02	1.25405381e-01
2087            	-8.06810563e-03	4.45000828e-04	9.13024069e-03	2.98616397e-02	1.24807384e-01
2088            	-8.03026280e-03	3.84759363e-04	9.45277381e-03	2.97027809e-02	1.24111654e-01
2089            	-7.99307547e-03	3.41024186e-04	9.67196289e-03	2.95372952e-02	1.23395409e-01
2090            	-7.97479793e-03	3.31738820e-04	9.70141955e-03	2.93726958e-02	1.22695328e-01
2091            	-7.97012490e-03	3.53906741e-04	9.55249440e-03	2.92237324e-02	1.22072689e-01
2092            	-7.96299780e-03	3.91609495e-04	9.30238873e-03	2.91062855e-02	1.21589963e-01
2093            	-7.94508286e-03	4.32132471e-04	9.01940344e-03	2.90342901e-02	1.21302202e-01
2094            	-7.91732900e-03	4.72012729e-04	8.72693111e-03	2.90137270e-02	1.21233563e-01
2095            	-7.88834324e-03	5.13610976e-04	8.42255978e-03	2.90437887e-02	1.21380919e-01
2096            	-7.86791759e-03	5.60041503e-04	8.10086364e-03	2.91210931e-02	1.21730323e-01
2097            	-7.86144194e-03	6.06824419e-04	7.79794110e-03	2.92394795e-02	1.22253159e-01
2098            	-7.86944586e-03	6.45619732e-04	7.56720384e-03	2.93897404e-02	1.22906741e-01
2099            	-7.89017423e-03	6.69244553e-04	7.45132122e-03	2.95559511e-02	1.23620319e-01
2100            	-7.91950883e-03	6.72401187e-04	7.47734373e-03	2.97241254e-02	1.24333068e-01
2101            	-7.95407328e-03	6.55138097e-04	7.63957031e-03	2.98773758e-02	1.24973741e-01
2102            	-7.98927476e-03	6.22415997e-04	7.89949668e-03	2.99979453e-02	1.25469360e-01
2103            	-8.02741572e-03	5.85096397e-04	8.19158466e-03	3.00676081e-02	1.25746502e-01
2104            	-8.06444125e-03	5.51070443e-04	8.46005980e-03	3.00724313e-02	1.25749175e-01
2105            	-8.09063485e-03	5.18103674e-04	8.70515546e-03	3.00083209e-02	1.25459603e-01
2106            	-8.08347720e-03	4.69002424e-04	9.00263345e-03	2.98943514e-02	1.24954555e-01
2107            	-8.04689787e-03	4.05966794e-04	9.34450210e-03	2.97516473e-02	1.24325157e-01
2108            	-8.00258798e-03	3.49856475e-04	9.63106722e-03	2.95989268e-02	1.23658000e-01
2109            	-7.97353340e-03	3.23672072e-04	9.75101485e-03	2.94442197e-02	1.22993760e-01
2110            	-7.96242198e-03	3.32858683e-04	9.67414782e-03	2.92980319e-02	1.22378053e-01
2111            	-7.95441872e-03	3.64491457e-04	9.46054556e-03	2.91764818e-02	1.21875314e-01
2112            	-7.93686276e-03	4.03099849e-04	9.18955124e-03	2.90951819e-02	1.21547056e-01
2113            	-7.90978289e-03	4.42563819e-04	8.90011911e-03	2.90630674e-02	1.21429040e-01
2114            	-7.87720195e-03	4.82649809e-04	8.59959069e-03	2.90799447e-02	1.21520158e-01
2115            	-7.85103040e-03	5.27777155e-04	8.27743432e-03	2.91433221e-02	1.21810516e-01
2116            	-7.83962619e-03	5.77045760e-04	7.95145184e-03	2.92467775e-02	1.22271645e-01
2117            	-7.84446981e-03	6.21827152e-04	7.67823931e-03	2.93834716e-02	1.22870762e-01
2118            	-7.86351932e-03	6.53833303e-04	7.50709791e-03	2.95397579e-02	1.23546354e-01
2119            	-7.89355165e-03	6.67199195e-04	7.47000908e-03	2.97010814e-02	1.24234677e-01
2120            	-7.93139357e-03	6.60561021e-04	7.57048333e-03	2.98516746e-02	1.24868609e-01
2121            	-7.97092990e-03	6.36418812e-04	7.78334094e-03	2.99754863e-02	1.25381545e-01
2122            	-8.01265511e-03	6.03698098e-04	8.05253921e-03	3.00543024e-02	1.25699657e-01
2123            	-8.05616127e-03	5.71673937e-04	8.31871149e-03	3.00717522e-02	1.25756869e-01
2124            	-8.09320392e-03	5.41805500e-04	8.56072362e-03	3.00206737e-02	1.25523732e-01
2125            	-8.10208387e-03	4.99679419e-04	8.83806343e-03	2.99125529e-02	1.25045425e-01
2126            	-8.07737625e-03	4.40409116e-04	9.17386688e-03	2.97708726e-02	1.24420865e-01
2127            	-8.03590312e-03	3.80255376e-04	9.49036390e-03	2.96140259e-02	1.23733949e-01
2128            	-8.00124670e-03	3.42619544e-04	9.67452036e-03	2.94541362e-02	1.23043329e-01
2129            	-7.98468509e-03	3.39620644e-04	9.66653441e-03	2.93009812e-02	1.22393600e-01
2130            	-7.97678229e-03	3.64025643e-04	9.49845384e-03	2.91687626e-02	1.21842578e-01
2131            	-7.96265347e-03	3.99860211e-04	9.24962944e-03	2.90729104e-02	1.21450848e-01
2132            	-7.93766726e-03	4.37328299e-04	8.97537256e-03	2.90265102e-02	1.21270751e-01
2133            	-7.90334189e-03	4.74503733e-04	8.69020100e-03	2.90315245e-02	1.21309812e-01
2134            	-7.87038062e-03	5.15143303e-04	8.38589385e-03	2.90853993e-02	1.21557924e-01
2135            	-7.84940491e-03	5.61452697e-04	8.06405437e-03	2.91836174e-02	1.21995833e-01
2136            	-7.84464759e-03	6.06261401e-04	7.77610014e-03	2.93191476e-02	1.22590269e-01
2137            	-7.85538253e-03	6.40868539e-04	7.57584985e-03	2.94799014e-02	1.23286199e-01
2138            	-7.87881857e-03	6.58908497e-04	7.49924445e-03	2.96513109e-02	1.24019324e-01
2139            	-7.91076744e-03	6.56724523e-04	7.56277680e-03	2.98178069e-02	1.24722687e-01
2140            	-7.94613377e-03	6.35263489e-04	7.75254084e-03	2.99625774e-02	1.25325831e-01
2141            	-7.98266792e-03	6.01778211e-04	8.01904087e-03	3.00681980e-02	1.25757829e-01
2142            	-8.02328961e-03	5.66791399e-04	8.29989014e-03	3.01155079e-02	1.25941052e-01
2143            	-8.06090076e-03	5.35106242e-04	8.55437182e-03	3.00928168e-02	1.25828037e-01
2144            	-8.08127755e-03	4.99869014e-04	8.80523116e-03	3.00039984e-02	1.25433653e-01
2145            	-8.06726626e-03	4.47513772e-04	9.11322722e-03	2.98716103e-02	1.24850469e-01
2146            	-8.03006564e-03	3.87131261e-04	9.43759475e-03	2.97150172e-02	1.24164124e-01
2147            	-7.99233574e-03	3.41586030e-04	9.66740086e-03	2.95504618e-02	1.23451046e-01
2148            	-7.97255512e-03	3.29847876e-04	9.71012754e-03	2.93866102e-02	1.22753307e-01
2149            	-7.96716575e-03	3.50496605e-04	9.56972694e-03	2.92366959e-02	1.22126111e-01
2150            	-7.96039893e-03	3.87755708e-04	9.32293197e-03	2.91168514e-02	1.21633021e-01
2151            	-7.94314462e-03	4.28226925e-04	9.04119673e-03	2.90413781e-02	1.21330459e-01
2152            	-7.91638277e-03	4.68348038e-04	8.74860665e-03	2.90168703e-02	1.21245144e-01
2153            	-7.88777268e-03	5.10096118e-04	8.44381310e-03	2.90425072e-02	1.21373804e-01
2154            	-7.86716341e-03	5.56786621e-04	8.12017604e-03	2.91160966e-02	1.21707632e-01
2155            	-7.86043978e-03	6.04230841e-04	7.81267954e-03	2.92312790e-02	1.22217223e-01
2156            	-7.86828239e-03	6.44011470e-04	7.57544734e-03	2.93789952e-02	1.22860472e-01
2157            	-7.88861472e-03	6.68568489e-04	7.45309796e-03	2.95443122e-02	1.23570795e-01
2158            	-7.91798289e-03	6.72707585e-04	7.47299030e-03	2.97123125e-02	1.24283271e-01
2159            	-7.95299916e-03	6.56657577e-04	7.62827306e-03	2.98661469e-02	1.24926879e-01
2160            	-7.98856488e-03	6.24846801e-04	7.88306418e-03	2.99883568e-02	1.25429757e-01
2161            	-8.02653261e-03	5.87719338e-04	8.17376475e-03	3.00609745e-02	1.25719533e-01
2162            	-8.06373089e-03	5.53338167e-04	8.44479821e-03	3.00694485e-02	1.25737616e-01
2163            	-8.09111460e-03	5.20595532e-04	8.69027515e-03	3.00085718e-02	1.25461822e-01
2164            	-8.08577231e-03	4.72292516e-04	8.98542762e-03	2.98965264e-02	1.24965104e-01
2165            	-8.05019733e-03	4.09458832e-04	9.32753152e-03	2.97551630e-02	1.24341312e-01
2166            	-8.00576264e-03	3.52321590e-04	9.62041967e-03	2.96027839e-02	1.23675055e-01
2167            	-7.97542886e-03	3.23931762e-04	9.75240816e-03	2.94482419e-02	1.23010646e-01
2168            	-7.96329210e-03	3.31255596e-04	9.68577459e-03	2.93014703e-02	1.22391751e-01
2169            	-7.95493947e-03	3.61821472e-04	9.47835841e-03	2.91782521e-02	1.21881512e-01
2170            	-7.93735783e-03	4.00034855e-04	9.20975543e-03	2.90947586e-02	1.21543774e-01
2171            	-7.91009348e-03	4.39230514e-04	8.92165866e-03	2.90605956e-02	1.21416955e-01
2172            	-7.87683295e-03	4.79016742e-04	8.62194811e-03	2.90754880e-02	1.21499527e-01
2173            	-7.84961202e-03	5.24021106e-04	8.29893995e-03	2.91373128e-02	1.21783332e-01
2174            	-7.83698502e-03	5.73657851e-04	7.96875946e-03	2.92394353e-02	1.22239062e-01
2175            	-7.84074502e-03	6.19160383e-04	7.68934165e-03	2.93752979e-02	1.22835021e-01
2176            	-7.85910148e-03	6.51989971e-04	7.51193587e-03	2.95315973e-02	1.23511058e-01
2177            	-7.88881083e-03	6.66559277e-04	7.46676453e-03	2.96937395e-02	1.24203347e-01
2178            	-7.92655273e-03	6.61294850e-04	7.55843744e-03	2.98457414e-02	1.24843817e-01
2179            	-7.96605372e-03	6.37969778e-04	7.76613569e-03	2.99715512e-02	1.25365589e-01
2180            	-8.00763449e-03	6.05439762e-04	8.03399859e-03	3.00528900e-02	1.25694544e-01
2181            	-8.05167118e-03	5.73210849e-04	8.30233838e-03	3.00731094e-02	1.25763442e-01
2182            	-8.08983274e-03	5.43383817e-04	8.54579723e-03	3.00248001e-02	1.25542074e-01
2183            	-8.10096562e-03	5.02209398e-04	8.82049289e-03	2.99183207e-02	1.25070974e-01
2184            	-8.07815856e-03	4.43518019e-04	9.15548741e-03	2.97769783e-02	1.24447930e-01
2185            	-8.03775636e-03	3.82975158e-04	9.47604531e-03	2.96193519e-02	1.23757410e-01
2186            	-8.00262303e-03	3.43709560e-04	9.66982675e-03	2.94594652e-02	1.23066237e-01
2187            	-7.98574187e-03	3.39003050e-04	9.67216264e-03	2.93050399e-02	1.22410495e-01
2188            	-7.97807976e-03	3.62445674e-04	9.51050562e-03	2.91710074e-02	1.21851399e-01
2189            	-7.96434114e-03	3.98054039e-04	9.26365189e-03	2.90728427e-02	1.21449737e-01
2190            	-7.93964160e-03	4.35524095e-04	8.98976446e-03	2.90236765e-02	1.21257871e-01
2191            	-7.90562593e-03	4.72714759e-04	8.70490882e-03	2.90257594e-02	1.21284476e-01
2192            	-7.87264905e-03	5.13331322e-04	8.40068939e-03	2.90768233e-02	1.21520646e-01
2193            	-7.85123788e-03	5.59883824e-04	8.07664243e-03	2.91725118e-02	1.21947954e-01
2194            	-7.84568318e-03	6.05250000e-04	7.78395603e-03	2.93063511e-02	1.22535516e-01
2195            	-7.85557962e-03	6.40641367e-04	7.57747858e-03	2.94667636e-02	1.23230409e-01
2196            	-7.87843036e-03	6.59517699e-04	7.49470340e-03	2.96388833e-02	1.23966922e-01
2197            	-7.90991234e-03	6.58179324e-04	7.55220619e-03	2.98071165e-02	1.24678015e-01
2198            	-7.94519621e-03	6.37389475e-04	7.73763798e-03	2.99542418e-02	1.25291394e-01
2199            	-7.98138479e-03	6.04003146e-04	8.00304448e-03	3.00630177e-02	1.25736841e-01
2200            	-8.02148153e-03	5.68583892e-04	8.28589224e-03	3.01142742e-02	1.25936677e-01
2201            	-8.05912108e-03	5.36182883e-04	8.54495994e-03	3.00961507e-02	1.25842792e-01
2202            	-8.08065774e-03	5.01246283e-04	8.79563321e-03	3.00101658e-02	1.25460432e-01
2203            	-8.06767430e-03	4.49266320e-04	9.10276931e-03	2.98792133e-02	1.24883347e-01
2204            	-8.03045186e-03	3.88441917e-04	9.42988135e-03	2.97237221e-02	1.24201429e-01
2205            	-7.99189306e-03	3.41463134e-04	9.66750303e-03	2.95599369e-02	1.23491044e-01
2206            	-7.97116022e-03	3.27797823e-04	9.72097770e-03	2.93962487e-02	1.22793290e-01
2207            	-7.96528285e-03	3.47330028e-04	9.58689507e-03	2.92451459e-02	1.22160614e-01
2208            	-7.95845844e-03	3.84373163e-04	9.34135915e-03	2.91235222e-02	1.21659868e-01
2209            	-7.94122159e-03	4.25178180e-04	9.05752125e-03	2.90458533e-02	1.21348115e-01
2210            	-7.91485783e-03	4.65743011e-04	8.76269112e-03	2.90189493e-02	1.21252783e-01
2211            	-7.88648316e-03	5.07826582e-04	8.45612277e-03	2.90417681e-02	1.21369620e-01
2212            	-7.86600757e-03	5.54912312e-04	8.13019349e-03	2.91124821e-02	1.21691436e-01
2213            	-7.85939450e-03	6.03061039e-04	7.81841386e-03	2.92251097e-02	1.22190516e-01
2214            	-7.86710581e-03	6.43633331e-04	7.57599642e-03	2.93717886e-02	1.22829795e-01
2215            	-7.88782002e-03	6.69210490e-04	7.44777146e-03	2.95361981e-02	1.23536690e-01
2216            	-7.91736100e-03	6.74281144e-04	7.46205643e-03	2.97052657e-02	1.24254120e-01
2217            	-7.95273516e-03	6.59073455e-04	7.61258550e-03	2.98608874e-02	1.24905666e-01
2218            	-7.98896153e-03	6.27789741e-04	7.86506631e-03	2.99852013e-02	1.25417662e-01
2219            	-8.02707449e-03	5.90591937e-04	8.15649730e-03	3.00605880e-02	1.25719195e-01
2220            	-8.06484908e-03	5.55838625e-04	8.43078230e-03	3.00718980e-02	1.25749170e-01
2221            	-8.09333139e-03	5.22953395e-04	8.67880334e-03	3.00134213e-02	1.25483454e-01
2222            	-8.08931425e-03	4.75122901e-04	8.97293569e-03	2.99023736e-02	1.24991056e-01
2223            	-8.05458209e-03	4.12516582e-04	9.31485122e-03	2.97608451e-02	1.24366526e-01
2224            	-8.01014463e-03	3.54639002e-04	9.61239985e-03	2.96069887e-02	1.23693602e-01
2225            	-7.97843563e-03	3.24612319e-04	9.75267348e-03	2.94519578e-02	1.23026518e-01
2226            	-7.96503023e-03	3.30281863e-04	9.69459927e-03	2.93050907e-02	1.22406641e-01
2227            	-7.95632412e-03	3.59948549e-04	9.49231137e-03	2.91806944e-02	1.21891047e-01
2228            	-7.93885041e-03	3.97964925e-04	9.22506743e-03	2.90948554e-02	1.21543235e-01
2229            	-7.91145675e-03	4.37122825e-04	8.93696193e-03	2.90583832e-02	1.21406569e-01
2230            	-7.87746025e-03	4.76442389e-04	8.63907004e-03	2.90714560e-02	1.21481245e-01
2231            	-7.84921214e-03	5.21158630e-04	8.31632363e-03	2.91320445e-02	1.21759719e-01
2232            	-7.83556007e-03	5.71039095e-04	7.98304518e-03	2.92333173e-02	1.22212000e-01
2233            	-7.83833385e-03	6.17321733e-04	7.69720550e-03	2.93684618e-02	1.22805281e-01
2234            	-7.85557272e-03	6.50946983e-04	7.51309356e-03	2.95259665e-02	1.23486897e-01
2235            	-7.88459508e-03	6.66402105e-04	7.46131082e-03	2.96903484e-02	1.24189101e-01
2236            	-7.92205552e-03	6.61890564e-04	7.54783858e-03	2.98448617e-02	1.24840539e-01
2237            	-7.96162847e-03	6.39242752e-04	7.75141187e-03	2.99733593e-02	1.25373981e-01
2238            	-8.00322312e-03	6.07068554e-04	8.01711120e-03	3.00580794e-02	1.25717450e-01
2239            	-8.04797587e-03	5.74932098e-04	8.28598083e-03	3.00817897e-02	1.25801214e-01
2240            	-8.08711618e-03	5.45215195e-04	8.53022994e-03	3.00363071e-02	1.25591883e-01
2241            	-8.10036118e-03	5.05063414e-04	8.80161769e-03	2.99307565e-02	1.25125021e-01
2242            	-8.07948767e-03	4.47136691e-04	9.13466591e-03	2.97891905e-02	1.24501207e-01
2243            	-8.04004157e-03	3.86245714e-04	9.45884793e-03	2.96301225e-02	1.23804350e-01
2244            	-8.00484463e-03	3.45499685e-04	9.66188118e-03	2.94682683e-02	1.23104254e-01
2245            	-7.98747715e-03	3.39114284e-04	9.67410422e-03	2.93124924e-02	1.22442212e-01
2246            	-7.97991902e-03	3.61561984e-04	9.51887138e-03	2.91766221e-02	1.21874954e-01
2247            	-7.96684458e-03	3.96847026e-04	9.27501114e-03	2.90757715e-02	1.21461720e-01
2248            	-7.94280002e-03	4.34272904e-04	9.00233749e-03	2.90231295e-02	1.21255015e-01
2249            	-7.90935764e-03	4.71512526e-04	8.71798812e-03	2.90219024e-02	1.21267519e-01
2250            	-7.87640709e-03	5.11869889e-04	8.41542817e-03	2.90699732e-02	1.21490846e-01
2251            	-7.85437468e-03	5.58351311e-04	8.09090585e-03	2.91631570e-02	1.21907519e-01
2252            	-7.84776596e-03	6.04161412e-04	7.79385854e-03	2.92949440e-02	1.22486639e-01
2253            	-7.85652180e-03	6.40227854e-04	7.58143249e-03	2.94550374e-02	1.23180613e-01
2254            	-7.87880551e-03	6.60042634e-04	7.49189314e-03	2.96272875e-02	1.23918087e-01
2255            	-7.90975294e-03	6.59357226e-04	7.54449993e-03	2.97973274e-02	1.24637113e-01
2256            	-7.94477500e-03	6.39060646e-04	7.72646587e-03	2.99476047e-02	1.25264043e-01
2257            	-7.98056630e-03	6.05886728e-04	7.98998827e-03	3.00604334e-02	1.25726787e-01
2258            	-8.02038215e-03	5.70303294e-04	8.27348809e-03	3.01164351e-02	1.25946740e-01
2259            	-8.05807163e-03	5.37734205e-04	8.53370610e-03	3.01027314e-02	1.25871549e-01
2260            	-8.08104331e-03	5.03343088e-04	8.78304920e-03	3.00202628e-02	1.25504210e-01
2261            	-8.06916309e-03	4.51815105e-04	9.08894858e-03	2.98918407e-02	1.24937946e-01
2262            	-8.03200838e-03	3.90605569e-04	9.41856914e-03	2.97370351e-02	1.24258708e-01
2263            	-7.99242806e-03	3.41910080e-04	9.66549956e-03	2.95734218e-02	1.23548402e-01
2264            	-7.97041116e-03	3.26116031e-04	9.73047548e-03	2.94094667e-02	1.22848730e-01
2265            	-7.96375624e-03	3.44298751e-04	9.60371058e-03	2.92579208e-02	1.22213675e-01
2266            	-7.95696498e-03	3.81047575e-04	9.36002823e-03	2.91347928e-02	1.21706404e-01
2267            	-7.94019183e-03	4.22148838e-04	9.07495069e-03	2.90544849e-02	1.21383518e-01
2268            	-7.91454642e-03	4.63220187e-04	8.77795530e-03	2.90242628e-02	1.21274217e-01
2269            	-7.88614566e-03	5.05393407e-04	8.47078475e-03	2.90436281e-02	1.21376400e-01
2270            	-7.86547041e-03	5.52451277e-04	8.14475490e-03	2.91114709e-02	1.21686052e-01
2271            	-7.85859821e-03	6.01116689e-04	7.82935213e-03	2.92213965e-02	1.22173952e-01
2272            	-7.86598968e-03	6.42486116e-04	7.58144624e-03	2.93661033e-02	1.22805288e-01
2273            	-7.88632744e-03	6.68992923e-04	7.44682725e-03	2.95298543e-02	1.23509892e-01
2274            	-7.91633163e-03	6.75162316e-04	7.45488006e-03	2.96986631e-02	1.24226666e-01
2275            	-7.95206737e-03	6.60923681e-04	7.59987270e-03	2.98558858e-02	1.24885393e-01
2276            	-7.98863834e-03	6.30330357e-04	7.84858102e-03	2.99832942e-02	1.25410772e-01
2277            	-8.02737609e-03	5.93151615e-04	8.14087287e-03	3.00622100e-02	1.25727286e-01
2278            	-8.06583895e-03	5.58066255e-04	8.41832628e-03	3.00771967e-02	1.25772747e-01
2279            	-8.09570868e-03	5.25342040e-04	8.66741243e-03	3.00221332e-02	1.25521541e-01
2280            	-8.09366965e-03	4.78529155e-04	8.95804488e-03	2.99130483e-02	1.25037739e-01
2281            	-8.06028489e-03	4.16572760e-04	9.29784742e-03	2.97717305e-02	1.24414197e-01
2282            	-8.01566922e-03	3.57868328e-04	9.60035851e-03	2.96171271e-02	1.23737687e-01
2283            	-7.98252497e-03	3.25630795e-04	9.75247145e-03	2.94612502e-02	1.23066226e-01
2284            	-7.96794913e-03	3.29068676e-04	9.70672437e-03	2.93133396e-02	1.22441144e-01
2285            	-7.95916626e-03	3.57683455e-04	9.51090581e-03	2.91881428e-02	1.21921716e-01
2286            	-7.94220769e-03	3.95457895e-04	9.24589196e-03	2.91000466e-02	1.21564118e-01
2287            	-7.91512990e-03	4.34497873e-04	8.95892369e-03	2.90605128e-02	1.21414311e-01
2288            	-7.88085778e-03	4.73494112e-04	8.66260448e-03	2.90708267e-02	1.21477122e-01
2289            	-7.85134517e-03	5.17668616e-04	8.34137079e-03	2.91286796e-02	1.21743793e-01
2290            	-7.83603767e-03	5.67415722e-04	8.00645610e-03	2.92277251e-02	1.22186636e-01
2291            	-7.83701891e-03	6.14092588e-04	7.71544806e-03	2.93620573e-02	1.22776778e-01
2292            	-7.85300866e-03	6.48738245e-04	7.52300468e-03	2.95193390e-02	1.23457961e-01
2293            	-7.88104537e-03	6.65315697e-04	7.46267518e-03	2.96849355e-02	1.24165851e-01
2294            	-7.91776498e-03	6.61765670e-04	7.54206486e-03	2.98416893e-02	1.24827225e-01
2295            	-7.95694082e-03	6.39915439e-04	7.74006506e-03	2.99734713e-02	1.25374943e-01
2296            	-7.99815590e-03	6.08065036e-04	8.00323666e-03	3.00622738e-02	1.25735900e-01
2297            	-8.04290735e-03	5.76015352e-04	8.27165132e-03	3.00905090e-02	1.25838919e-01
2298            	-8.08309259e-03	5.46624394e-04	8.51544454e-03	3.00491902e-02	1.25647381e-01
2299            	-8.09931936e-03	5.08276734e-04	8.77986771e-03	2.99462938e-02	1.25192314e-01
2300            	-8.08091763e-03	4.51827590e-04	9.10726150e-03	2.98052245e-02	1.24571039e-01
2301            	-8.04244733e-03	3.90656763e-04	9.43467657e-03	2.96453655e-02	1.23870641e-01
2302            	-8.00673237e-03	3.47951178e-04	9.64934253e-03	2.94823098e-02	1.23164754e-01
2303            	-7.98886689e-03	3.39328000e-04	9.67496932e-03	2.93249862e-02	1.22495387e-01
2304            	-7.98179461e-03	3.60403317e-04	9.52909548e-03	2.91870916e-02	1.21919016e-01
2305            	-7.96995673e-03	3.95308546e-04	9.28940381e-03	2.90833301e-02	1.21493195e-01
2306            	-7.94696044e-03	4.32590783e-04	9.01911387e-03	2.90268564e-02	1.21270074e-01
2307            	-7.91427251e-03	4.69756629e-04	8.73627913e-03	2.90216368e-02	1.21265531e-01
2308            	-7.88127172e-03	5.09723170e-04	8.43608766e-03	2.90656269e-02	1.21471356e-01
2309            	-7.85839053e-03	5.55786109e-04	8.11294178e-03	2.91552144e-02	1.21872641e-01
2310            	-7.85063302e-03	6.01822764e-04	7.81274901e-03	2.92842878e-02	1.22440416e-01
2311            	-7.85828246e-03	6.38869519e-04	7.59248436e-03	2.94426090e-02	1.23127375e-01
2312            	-7.87940493e-03	6.59816623e-04	7.49408798e-03	2.96142328e-02	1.23862783e-01
2313            	-7.90959725e-03	6.60074729e-04	7.53964715e-03	2.97847201e-02	1.24584127e-01
2314            	-7.94417363e-03	6.40580226e-04	7.71594093e-03	2.99375180e-02	1.25222058e-01
2315            	-7.97937152e-03	6.07565575e-04	7.97765300e-03	3.00541736e-02	1.25701093e-01
2316            	-8.01843343e-03	5.71583811e-04	8.26263066e-03	3.01152552e-02	1.25942483e-01
2317            	-8.05623284e-03	5.38980390e-04	8.52327159e-03	3.01072676e-02	1.25891573e-01
2318            	-8.08106711e-03	5.05786984e-04	8.76781146e-03	3.00288594e-02	1.25541776e-01
2319            	-8.07131973e-03	4.55728607e-04	9.06757009e-03	2.99028527e-02	1.24986120e-01
2320            	-8.03463238e-03	3.94444528e-04	9.39833048e-03	2.97496742e-02	1.24313643e-01
2321            	-7.99371106e-03	3.43777666e-04	9.65570997e-03	2.95872026e-02	1.23607464e-01
2322            	-7.96968266e-03	3.25056540e-04	9.73618341e-03	2.94241966e-02	1.22910845e-01
2323            	-7.96213387e-03	3.41101107e-04	9.62155485e-03	2.92720647e-02	1.22272512e-01
2324            	-7.95581631e-03	3.77145371e-04	9.38294716e-03	2.91472624e-02	1.21757770e-01
2325            	-7.93978682e-03	4.18330051e-04	9.09834800e-03	2.90641907e-02	1.21423087e-01
2326            	-7.91503678e-03	4.59804967e-04	8.80005347e-03	2.90309151e-02	1.21300892e-01
2327            	-7.88624498e-03	5.02046176e-04	8.49185255e-03	2.90467600e-02	1.21388164e-01
2328            	-7.86474104e-03	5.48907109e-04	8.16585129e-03	2.91106383e-02	1.21680941e-01
2329            	-7.85727440e-03	5.98011261e-04	7.84680644e-03	2.92171805e-02	1.22154751e-01
2330            	-7.86427285e-03	6.40321005e-04	7.59238820e-03	2.93589433e-02	1.22774087e-01
2331            	-7.88427253e-03	6.67966297e-04	7.45009143e-03	2.95208080e-02	1.23471266e-01
2332            	-7.91420448e-03	6.75475153e-04	7.44962444e-03	2.96887411e-02	1.24184928e-01
2333            	-7.95044063e-03	6.62469087e-04	7.58761701e-03	2.98464550e-02	1.24846208e-01
2334            	-7.98736863e-03	6.32564787e-04	7.83258168e-03	2.99761500e-02	1.25381551e-01
2335            	-8.02612191e-03	5.95696381e-04	8.12302272e-03	3.00592179e-02	1.25715831e-01
2336            	-8.06503964e-03	5.60367190e-04	8.40276122e-03	3.00787446e-02	1.25780495e-01
2337            	-8.09620309e-03	5.27944799e-04	8.65189562e-03	3.00277233e-02	1.25546532e-01
2338            	-8.09694862e-03	4.82444632e-04	8.93836308e-03	2.99208375e-02	1.25072373e-01
2339            	-8.06562470e-03	4.21249841e-04	9.27641313e-03	2.97808393e-02	1.24454518e-01
2340            	-8.02109479e-03	3.61690637e-04	9.58447613e-03	2.96266964e-02	1.23779526e-01
2341            	-7.98641460e-03	3.27004691e-04	9.74980072e-03	2.94705940e-02	1.23106242e-01
2342            	-7.97063350e-03	3.27814257e-04	9.71885705e-03	2.93217542e-02	1.22476288e-01
2343            	-7.96201650e-03	3.55118845e-04	9.53150099e-03	2.91948733e-02	1.21949145e-01
2344            	-7.94609580e-03	3.92632521e-04	9.26957495e-03	2.91048109e-02	1.21582944e-01
2345            	-7.91975645e-03	4.31512389e-04	8.98460192e-03	2.90630226e-02	1.21423393e-01
2346            	-7.88518649e-03	4.70180648e-04	8.68986200e-03	2.90698872e-02	1.21471351e-01
2347            	-7.85444555e-03	5.13495685e-04	8.37217873e-03	2.91243527e-02	1.21723376e-01
2348            	-7.83726770e-03	5.62665104e-04	8.03810689e-03	2.92210218e-02	1.22156076e-01
2349            	-7.83659203e-03	6.09651950e-04	7.74265839e-03	2.93532494e-02	1.22737500e-01
2350            	-7.85116595e-03	6.45169552e-04	7.54256744e-03	2.95095160e-02	1.23414837e-01
2351            	-7.87831119e-03	6.63190270e-04	7.47176963e-03	2.96747105e-02	1.24121625e-01
2352            	-7.91396183e-03	6.61129613e-04	7.54018701e-03	2.98331642e-02	1.24790868e-01
2353            	-7.95250505e-03	6.40215415e-04	7.73138751e-03	2.99677368e-02	1.25350835e-01
2354            	-7.99295768e-03	6.08499658e-04	7.99265838e-03	3.00606564e-02	1.25729379e-01
2355            	-8.03734009e-03	5.76312588e-04	8.26149369e-03	3.00935931e-02	1.25852346e-01
2356            	-8.07793517e-03	5.47108179e-04	8.50479476e-03	3.00570847e-02	1.25681313e-01
2357            	-8.09685807e-03	5.10517018e-04	8.76216304e-03	2.99579104e-02	1.25242551e-01
2358            	-8.08130435e-03	4.55886592e-04	9.08232244e-03	2.98181787e-02	1.24627411e-01
2359            	-8.04418194e-03	3.94708563e-04	9.41181285e-03	2.96583779e-02	1.23927117e-01
2360            	-8.00816002e-03	3.50158834e-04	9.63770900e-03	2.94947631e-02	1.23218188e-01
2361            	-7.98973238e-03	3.39176298e-04	9.67742306e-03	2.93363198e-02	1.22543286e-01
2362            	-7.98306892e-03	3.58753667e-04	9.54160147e-03	2.91963681e-02	1.21957624e-01
2363            	-7.97251365e-03	3.93058955e-04	9.30754922e-03	2.90898238e-02	1.21519679e-01
2364            	-7.95060249e-03	4.30034182e-04	9.04073031e-03	2.90300473e-02	1.21282334e-01
2365            	-7.91866941e-03	4.66954860e-04	8.76048557e-03	2.90212589e-02	1.21262487e-01
2366            	-7.88581744e-03	5.06523928e-04	8.46297177e-03	2.90613207e-02	1.21451464e-01
2367            	-7.86234684e-03	5.52195053e-04	8.14139204e-03	2.91470858e-02	1.21836414e-01
2368            	-7.85375954e-03	5.98580563e-04	7.83773899e-03	2.92726860e-02	1.22389645e-01
2369            	-7.86055160e-03	6.36686255e-04	7.60949319e-03	2.94284915e-02	1.23066431e-01
2370            	-7.88071900e-03	6.58914731e-04	7.50158028e-03	2.95987594e-02	1.23796710e-01
2371            	-7.91005040e-03	6.60503841e-04	7.53748497e-03	2.97692700e-02	1.24518767e-01
2372            	-7.94428970e-03	6.42003971e-04	7.70705171e-03	2.99232922e-02	1.25162277e-01
2373            	-7.97914788e-03	6.09110036e-04	7.96757508e-03	3.00430849e-02	1.25654654e-01
2374            	-8.01757802e-03	5.72809085e-04	8.25370156e-03	3.01089838e-02	1.25916392e-01
2375            	-8.05495895e-03	5.40066952e-04	8.51465021e-03	3.01067186e-02	1.25889772e-01
2376            	-8.08080595e-03	5.07672789e-04	8.75566533e-03	3.00332755e-02	1.25561329e-01
2377            	-8.07339649e-03	4.59270863e-04	9.04842150e-03	2.99092363e-02	1.25014398e-01
2378            	-8.03733207e-03	3.98113531e-04	9.37930465e-03	2.97579834e-02	1.24350020e-01
2379            	-7.99536117e-03	3.45765197e-04	9.64574985e-03	2.95969155e-02	1.23649159e-01
2380            	-7.96936810e-03	3.24178707e-04	9.74140243e-03	2.94348010e-02	1.22955354e-01
2381            	-7.96072649e-03	3.37942602e-04	9.63953900e-03	2.92827690e-02	1.22316650e-01
2382            	-7.95457757e-03	3.73118937e-04	9.40659731e-03	2.91565420e-02	1.21795450e-01
2383            	-7.93905050e-03	4.14232015e-04	9.12309562e-03	2.90712445e-02	1.21451189e-01
2384            	-7.91458423e-03	4.55873241e-04	8.82408581e-03	2.90353788e-02	1.21317992e-01
2385            	-7.88530453e-03	4.98022268e-04	8.51569262e-03	2.90486346e-02	1.21394278e-01
2386            	-7.86278548e-03	5.44766331e-04	8.18892202e-03	2.91092016e-02	1.21673019e-01
2387            	-7.85462441e-03	5.94469550e-04	7.86506303e-03	2.92124954e-02	1.22133376e-01
2388            	-7.86142241e-03	6.37951172e-04	7.60293808e-03	2.93511264e-02	1.22739969e-01
2389            	-7.88147444e-03	6.67096488e-04	7.45124501e-03	2.95107534e-02	1.23428316e-01
2390            	-7.91164753e-03	6.76141118e-04	7.44145807e-03	2.96773533e-02	1.24137000e-01
2391            	-7.94835832e-03	6.64427595e-04	7.57203129e-03	2.98351085e-02	1.24799000e-01
2392            	-7.98561715e-03	6.35272615e-04	7.81282151e-03	2.99665859e-02	1.25342223e-01
2393            	-8.02447963e-03	5.98433737e-04	8.10332657e-03	3.00528875e-02	1.25690268e-01
2394            	-8.06397707e-03	5.62797799e-04	8.38594367e-03	3.00763929e-02	1.25771684e-01
2395            	-8.09632638e-03	5.30244864e-04	8.63769700e-03	3.00298677e-02	1.25556743e-01
2396            	-8.09979006e-03	4.85842297e-04	8.92126271e-03	2.99251406e-02	1.25091946e-01
2397            	-8.07034209e-03	4.25405289e-04	9.25731798e-03	2.97863512e-02	1.24479310e-01
2398            	-8.02603923e-03	3.65245454e-04	9.56954264e-03	2.96324119e-02	1.23804836e-01
2399            	-7.99018757e-03	3.28484975e-04	9.74627115e-03	2.94759659e-02	1.23129332e-01
2400            	-7.97337447e-03	3.26950821e-04	9.72860754e-03	2.93259972e-02	1.22493766e-01
2401            	-7.96483930e-03	3.52777997e-04	9.55066947e-03	2.91973635e-02	1.21958591e-01
2402            	-7.94963549e-03	3.89745386e-04	9.29319535e-03	2.91051211e-02	1.21582803e-01
2403            	-7.92366149e-03	4.28292044e-04	9.01078289e-03	2.90610468e-02	1.21413316e-01
2404            	-7.88901262e-03	4.66817665e-04	8.71673832e-03	2.90663537e-02	1.21454561e-01
2405            	-7.85702439e-03	5.09763749e-04	8.39948488e-03	2.91181053e-02	1.21694927e-01
2406            	-7.83830321e-03	5.58715061e-04	8.06446708e-03	2.92121829e-02	1.22116655e-01
2407            	-7.83617100e-03	6.05968928e-04	7.76513303e-03	2.93428251e-02	1.22691618e-01
2408            	-7.84965113e-03	6.42372911e-04	7.55777690e-03	2.94980403e-02	1.23364944e-01
2409            	-7.87585882e-03	6.61591913e-04	7.47799277e-03	2.96632984e-02	1.24072556e-01
2410            	-7.91064671e-03	6.60651015e-04	7.53805651e-03	2.98232506e-02	1.24748670e-01
2411            	-7.94870505e-03	6.40623055e-04	7.72296248e-03	2.99606069e-02	1.25320842e-01
2412            	-7.98848606e-03	6.09172291e-04	7.98161204e-03	3.00574701e-02	1.25716275e-01
2413            	-8.03238498e-03	5.76721809e-04	8.25146628e-03	3.00951818e-02	1.25859436e-01
2414            	-8.07306078e-03	5.47313983e-04	8.49623081e-03	3.00633210e-02	1.25708069e-01
2415            	-8.09412991e-03	5.12171802e-04	8.74766106e-03	2.99669382e-02	1.25281522e-01
2416            	-8.08026212e-03	4.58736480e-04	9.06281694e-03	2.98294278e-02	1.24676189e-01
2417            	-8.04445241e-03	3.97769881e-04	9.39296006e-03	2.96693911e-02	1.23974821e-01
2418            	-8.00870469e-03	3.52023174e-04	9.62686611e-03	2.95047096e-02	1.23260850e-01
2419            	-7.99004874e-03	3.39304536e-04	9.67723791e-03	2.93446864e-02	1.22578636e-01
2420            	-7.98370581e-03	3.57602741e-04	9.54997522e-03	2.92025030e-02	1.21983039e-01
2421            	-7.97395728e-03	3.91283838e-04	9.32103199e-03	2.90934010e-02	1.21533980e-01
2422            	-7.95282303e-03	4.27665989e-04	9.05906395e-03	2.90303760e-02	1.21282568e-01
2423            	-7.92170372e-03	4.64087517e-04	8.78312379e-03	2.90183236e-02	1.21248596e-01
2424            	-7.88915243e-03	5.03355946e-04	8.48790440e-03	2.90556608e-02	1.21425845e-01
2425            	-7.86542464e-03	5.48993218e-04	8.16611535e-03	2.91389007e-02	1.21800070e-01
2426            	-7.85620728e-03	5.95924460e-04	7.85805604e-03	2.92615934e-02	1.22341236e-01
2427            	-7.86220816e-03	6.34940565e-04	7.62287094e-03	2.94152716e-02	1.23009464e-01
2428            	-7.88170584e-03	6.58282195e-04	7.50692599e-03	2.95844311e-02	1.23735583e-01
2429            	-7.91065822e-03	6.60897269e-04	7.53580601e-03	2.97550186e-02	1.24458446e-01
2430            	-7.94497092e-03	6.43463335e-04	7.69878079e-03	2.99105090e-02	1.25108608e-01
2431            	-7.97980580e-03	6.11152721e-04	7.95563601e-03	3.00331387e-02	1.25613228e-01
2432            	-8.01762830e-03	5.74617120e-04	8.24241152e-03	3.01032791e-02	1.25892904e-01
2433            	-8.05478559e-03	5.41291735e-04	8.50675494e-03	3.01061534e-02	1.25887881e-01
2434            	-8.08165420e-03	5.09079385e-04	8.74814793e-03	3.00374093e-02	1.25579378e-01
2435            	-8.07553606e-03	4.61402627e-04	9.03824473e-03	2.99163376e-02	1.25045225e-01
2436            	-8.04010459e-03	4.00641993e-04	9.36756011e-03	2.97658347e-02	1.24384047e-01
2437            	-7.99740893e-03	3.47322582e-04	9.63905717e-03	2.96048352e-02	1.23683065e-01
2438            	-7.96973343e-03	3.23616757e-04	9.74558719e-03	2.94429644e-02	1.22989563e-01
2439            	-7.95997047e-03	3.35219673e-04	9.65567574e-03	2.92904909e-02	1.22348237e-01
2440            	-7.95351120e-03	3.69374312e-04	9.42867776e-03	2.91629561e-02	1.21821100e-01
2441            	-7.93805473e-03	4.10494295e-04	9.14516821e-03	2.90761630e-02	1.21470449e-01
2442            	-7.91349265e-03	4.52291955e-04	8.84495403e-03	2.90386586e-02	1.21330306e-01
2443            	-7.88362834e-03	4.94227001e-04	8.53699685e-03	2.90499887e-02	1.21398332e-01
2444            	-7.86030406e-03	5.40847672e-04	8.20979917e-03	2.91084563e-02	1.21668175e-01
2445            	-7.85136817e-03	5.91243937e-04	7.88043378e-03	2.92088335e-02	1.22116474e-01
2446            	-7.85773357e-03	6.36104677e-04	7.60897158e-03	2.93448477e-02	1.22712572e-01
2447            	-7.87770496e-03	6.66661568e-04	7.44825134e-03	2.95029902e-02	1.23395288e-01
2448            	-7.90812445e-03	6.77339178e-04	7.42853582e-03	2.96689106e-02	1.24101818e-01
2449            	-7.94544591e-03	6.67049147e-04	7.55106304e-03	2.98269265e-02	1.24765524e-01
2450            	-7.98330493e-03	6.38671795e-04	7.78789092e-03	2.99600146e-02	1.25315909e-01
2451            	-8.02248017e-03	6.01665418e-04	8.08000508e-03	3.00492284e-02	1.25676287e-01
2452            	-8.06298924e-03	5.65604156e-04	8.36686405e-03	3.00764967e-02	1.25773474e-01
2453            	-8.09657500e-03	5.32812247e-04	8.62197030e-03	3.00339936e-02	1.25575470e-01
2454            	-8.10186762e-03	4.88969227e-04	8.90470375e-03	2.99322120e-02	1.25123311e-01
2455            	-8.07405305e-03	4.29084655e-04	9.23969473e-03	2.97940524e-02	1.24513385e-01
2456            	-8.03020184e-03	3.68689606e-04	9.55409464e-03	2.96394679e-02	1.23835951e-01
2457            	-7.99358195e-03	3.30533301e-04	9.73851884e-03	2.94822352e-02	1.23156565e-01
2458            	-7.97592010e-03	3.27234846e-04	9.73073499e-03	2.93309595e-02	1.22514841e-01
2459            	-7.96727546e-03	3.51846698e-04	9.56027892e-03	2.92003055e-02	1.21970637e-01
2460            	-7.95238595e-03	3.88187339e-04	9.30719128e-03	2.91056910e-02	1.21584490e-01
2461            	-7.92656429e-03	4.26285679e-04	9.02778237e-03	2.90591793e-02	1.21404422e-01
2462            	-7.89190682e-03	4.64444973e-04	8.73597586e-03	2.90624789e-02	1.21436929e-01
2463            	-7.85935142e-03	5.06841833e-04	8.42128674e-03	2.91125884e-02	1.21670098e-01
2464            	-7.83940206e-03	5.55775083e-04	8.08453475e-03	2.92042776e-02	1.22081669e-01
2465            	-7.83588107e-03	6.03621684e-04	7.77936921e-03	2.93328462e-02	1.22648157e-01
2466            	-7.84772853e-03	6.40878096e-04	7.56417760e-03	2.94878942e-02	1.23321332e-01
2467            	-7.87285263e-03	6.61102106e-04	7.47642421e-03	2.96539430e-02	1.24032831e-01
2468            	-7.90706368e-03	6.60984569e-04	7.53042763e-03	2.98154004e-02	1.24715715e-01
2469            	-7.94480395e-03	6.41826557e-04	7.70938640e-03	2.99556229e-02	1.25300407e-01
2470            	-7.98399884e-03	6.10451131e-04	7.96673872e-03	3.00564004e-02	1.25712532e-01
2471            	-8.02744660e-03	5.77481973e-04	8.23926414e-03	3.00990704e-02	1.25876571e-01
2472            	-8.06811890e-03	5.47577713e-04	8.48720348e-03	3.00724360e-02	1.25747201e-01
2473            	-8.09098618e-03	5.13490021e-04	8.73465198e-03	2.99794862e-02	1.25335473e-01
2474            	-8.07886981e-03	4.61352074e-04	9.04422863e-03	2.98432619e-02	1.24735934e-01
2475            	-8.04382023e-03	4.00809978e-04	9.37285389e-03	2.96827876e-02	1.24032764e-01
2476            	-8.00778810e-03	3.53962254e-04	9.61333201e-03	2.95171720e-02	1.23314403e-01
2477            	-7.98865901e-03	3.39597866e-04	9.67342734e-03	2.93556104e-02	1.22625103e-01
2478            	-7.98267994e-03	3.56834479e-04	9.55342008e-03	2.92106983e-02	1.22017555e-01
2479            	-7.97389857e-03	3.90113322e-04	9.32842653e-03	2.90984606e-02	1.21555009e-01
2480            	-7.95367054e-03	4.26364948e-04	9.06857887e-03	2.90322094e-02	1.21289813e-01
2481            	-7.92342026e-03	4.62651426e-04	8.79471883e-03	2.90173392e-02	1.21243766e-01
2482            	-7.89105312e-03	5.01619349e-04	8.50163183e-03	2.90517793e-02	1.21408552e-01
2483            	-7.86707974e-03	5.46930075e-04	8.18150010e-03	2.91329327e-02	1.21773841e-01
2484            	-7.85757354e-03	5.94289247e-04	7.87028622e-03	2.92531089e-02	1.22304495e-01
2485            	-7.86283099e-03	6.34095841e-04	7.62899730e-03	2.94054188e-02	1.22967342e-01
2486            	-7.88166343e-03	6.58424761e-04	7.50583560e-03	2.95740043e-02	1.23691526e-01
2487            	-7.91025774e-03	6.62026812e-04	7.52797934e-03	2.97449065e-02	1.24416182e-01
2488            	-7.94472108e-03	6.45492166e-04	7.68553838e-03	2.99016926e-02	1.25072194e-01
2489            	-7.97983767e-03	6.13602493e-04	7.94020990e-03	3.00267697e-02	1.25587328e-01
2490            	-8.01754361e-03	5.76695121e-04	8.22922320e-03	3.01009576e-02	1.25884044e-01
2491            	-8.05486935e-03	5.42800302e-04	8.49745377e-03	3.01086589e-02	1.25899265e-01
2492            	-8.08282729e-03	5.10684773e-04	8.73985052e-03	3.00440746e-02	1.25608315e-01
2493            	-8.07802640e-03	4.63510164e-04	9.02871280e-03	2.99260397e-02	1.25087108e-01
2494            	-8.04314699e-03	4.02895009e-04	9.35792038e-03	2.97766085e-02	1.24430427e-01
2495            	-7.99975447e-03	3.48517826e-04	9.63506703e-03	2.96152427e-02	1.23727456e-01
2496            	-7.97055319e-03	3.22662415e-04	9.75291241e-03	2.94528826e-02	1.23031137e-01
2497            	-7.95981634e-03	3.32320618e-04	9.67380798e-03	2.92994520e-02	1.22385060e-01
2498            	-7.95311497e-03	3.65553451e-04	9.45221803e-03	2.91705470e-02	1.21851745e-01
2499            	-7.93776520e-03	4.06612459e-04	9.16917325e-03	2.90816602e-02	1.21492130e-01
2500            	-7.91308244e-03	4.48518477e-04	8.86801787e-03	2.90422334e-02	1.21343824e-01
2501            	-7.88249003e-03	4.90259950e-04	8.56015642e-03	2.90519549e-02	1.21404950e-01
2502            	-7.85819153e-03	5.36685538e-04	8.23272754e-03	2.91087093e-02	1.21667470e-01
2503            	-7.84844985e-03	5.87652843e-04	7.89857143e-03	2.92070723e-02	1.22107494e-01
2504            	-7.85409041e-03	6.33836103e-04	7.61770933e-03	2.93410267e-02	1.22695451e-01
2505            	-7.87360506e-03	6.65951308e-04	7.44650017e-03	2.94980378e-02	1.23374071e-01
2506            	-7.90402078e-03	6.78239618e-04	7.41664279e-03	2.96636406e-02	1.24079958e-01
2507            	-7.94185084e-03	6.69361353e-04	7.53105825e-03	2.98218908e-02	1.24745265e-01
2508            	-7.98034014e-03	6.41823496e-04	7.76358812e-03	2.99564382e-02	1.25302206e-01
2509            	-8.01992447e-03	6.04877452e-04	8.05601154e-03	3.00484805e-02	1.25674658e-01
2510            	-8.06130617e-03	5.68696340e-04	8.34497663e-03	3.00798307e-02	1.25789119e-01
2511            	-8.09609624e-03	5.35635109e-04	8.60358241e-03	3.00413687e-02	1.25608137e-01
2512            	-8.10366715e-03	4.92337634e-04	8.88623295e-03	2.99420576e-02	1.25166524e-01
2513            	-8.07751493e-03	4.32677681e-04	9.22226341e-03	2.98053948e-02	1.24562916e-01
2514            	-8.03441745e-03	3.71822074e-04	9.54069564e-03	2.96499504e-02	1.23881507e-01
2515            	-7.99705367e-03	3.32165642e-04	9.73350803e-03	2.94914827e-02	1.23196293e-01
2516            	-7.97847053e-03	3.27096230e-04	9.73553642e-03	2.93386220e-02	1.22547227e-01
2517            	-7.96968348e-03	3.50534591e-04	9.57224014e-03	2.92060120e-02	1.21994294e-01
2518            	-7.95528658e-03	3.86502778e-04	9.32219286e-03	2.91086022e-02	1.21596082e-01
2519            	-7.93001345e-03	4.24262726e-04	9.04568153e-03	2.90588564e-02	1.21402072e-01
2520            	-7.89563212e-03	4.62122324e-04	8.75611787e-03	2.90593610e-02	1.21422519e-01
2521            	-7.86255207e-03	5.04011449e-04	8.44380883e-03	2.91073448e-02	1.21646428e-01
2522            	-7.84133332e-03	5.52425890e-04	8.10841965e-03	2.91978491e-02	1.22052828e-01
2523            	-7.83623347e-03	6.00591840e-04	7.79888620e-03	2.93246841e-02	1.22612154e-01
2524            	-7.84661304e-03	6.38923154e-04	7.57471699e-03	2.94786109e-02	1.23281125e-01
2525            	-7.87052000e-03	6.60420981e-04	7.47710953e-03	2.96445446e-02	1.23992775e-01
2526            	-7.90367134e-03	6.61335993e-04	7.52303161e-03	2.98074763e-02	1.24682446e-01
2527            	-7.94089197e-03	6.42870976e-04	7.69686755e-03	2.99505087e-02	1.25279401e-01
2528            	-7.97947337e-03	6.11889018e-04	7.95085972e-03	3.00556080e-02	1.25710080e-01
2529            	-8.02235083e-03	5.78677959e-04	8.22411920e-03	3.01032905e-02	1.25895359e-01
2530            	-8.06293658e-03	5.48462732e-04	8.47393470e-03	3.00818993e-02	1.25788163e-01
2531            	-8.08769351e-03	5.15373622e-04	8.71788360e-03	2.99930095e-02	1.25393882e-01
2532            	-8.07769032e-03	4.64699080e-04	9.02134746e-03	2.98584862e-02	1.24801873e-01
2533            	-8.04296028e-03	4.04352731e-04	9.34923234e-03	2.96988417e-02	1.24102233e-01
2534            	-8.00604520e-03	3.56325215e-04	9.59589574e-03	2.95328388e-02	1.23381813e-01
2535            	-7.98606166e-03	3.40016745e-04	9.66703955e-03	2.93697613e-02	1.22685436e-01
2536            	-7.98037871e-03	3.55890356e-04	9.55609139e-03	2.92221249e-02	1.22065843e-01
2537            	-7.97289141e-03	3.88778145e-04	9.33546044e-03	2.91062888e-02	1.21587824e-01
2538            	-7.95395044e-03	4.25197670e-04	9.07640255e-03	2.90361737e-02	1.21306217e-01
2539            	-7.92481813e-03	4.61640943e-04	8.80313876e-03	2.90178180e-02	1.21245359e-01
2540            	-7.89259075e-03	5.00210007e-04	8.51273597e-03	2.90491521e-02	1.21396793e-01
2541            	-7.86820990e-03	5.44747132e-04	8.19686999e-03	2.91270470e-02	1.21747928e-01
2542            	-7.85819711e-03	5.91865513e-04	7.88640058e-03	2.92451647e-02	1.22269813e-01
2543            	-7.86292203e-03	6.32374337e-04	7.63986260e-03	2.93958136e-02	1.22925957e-01
2544            	-7.88100355e-03	6.58035138e-04	7.50716752e-03	2.95636487e-02	1.23647596e-01
2545            	-7.90897122e-03	6.63028505e-04	7.51962844e-03	2.97350970e-02	1.24375229e-01
2546            	-7.94346355e-03	6.47480013e-04	7.67105710e-03	2.98930564e-02	1.25036625e-01
2547            	-7.97901573e-03	6.16074244e-04	7.92339081e-03	3.00202330e-02	1.25560805e-01
2548            	-8.01677034e-03	5.79078300e-04	8.21311482e-03	3.00981696e-02	1.25873386e-01
2549            	-8.05433640e-03	5.44738881e-04	8.48456641e-03	3.01107409e-02	1.25909113e-01
2550            	-8.08327340e-03	5.12796085e-04	8.72733980e-03	3.00512247e-02	1.25639674e-01
2551            	-8.08046991e-03	4.66687654e-04	9.01240157e-03	2.99363994e-02	1.25132270e-01
2552            	-8.04666971e-03	4.06431282e-04	9.34091900e-03	2.97890089e-02	1.24484227e-01
2553            	-8.00275201e-03	3.50896685e-04	9.62459461e-03	2.96277983e-02	1.23781426e-01
2554            	-7.97173138e-03	3.22644367e-04	9.75488787e-03	2.94648573e-02	1.23081825e-01
2555            	-7.95955931e-03	3.30013313e-04	9.68809466e-03	2.93103720e-02	1.22430507e-01
2556            	-7.95263826e-03	3.62226341e-04	9.47255336e-03	2.91799700e-02	1.21890435e-01
2557            	-7.93761446e-03	4.02873872e-04	9.19250339e-03	2.90883699e-02	1.21519084e-01
2558            	-7.91309882e-03	4.44663075e-04	8.89224040e-03	2.90462699e-02	1.21359334e-01
2559            	-7.88194554e-03	4.86116837e-04	8.58530018e-03	2.90537487e-02	1.21410823e-01
2560            	-7.85640327e-03	5.32103119e-04	8.25876681e-03	2.91084035e-02	1.21664281e-01
2561            	-7.84538893e-03	5.83113125e-04	7.92244787e-03	2.92047606e-02	1.22095852e-01
2562            	-7.84994086e-03	6.30156289e-04	7.63455223e-03	2.93365565e-02	1.22675073e-01
2563            	-7.86873532e-03	6.63845517e-04	7.45235909e-03	2.94920116e-02	1.23347807e-01
2564            	-7.89889396e-03	6.78058667e-04	7.41000822e-03	2.96568968e-02	1.24051466e-01
2565            	-7.93687251e-03	6.70934003e-04	7.51363147e-03	2.98154205e-02	1.24718672e-01
2566            	-7.97585466e-03	6.44647623e-04	7.73907272e-03	2.99515506e-02	1.25282847e-01
2567            	-8.01572553e-03	6.08197057e-04	8.02889126e-03	3.00464326e-02	1.25667594e-01
2568            	-8.05784676e-03	5.71832555e-04	8.32020677e-03	3.00817396e-02	1.25798790e-01
2569            	-8.09410391e-03	5.38464288e-04	8.58296144e-03	3.00477137e-02	1.25636523e-01
2570            	-8.10483995e-03	4.96245401e-04	8.86347519e-03	2.99518291e-02	1.25209676e-01
2571            	-8.08116880e-03	4.37442375e-04	9.19775311e-03	2.98172377e-02	1.24614969e-01
2572            	-8.03856463e-03	3.75995629e-04	9.52065292e-03	2.96625409e-02	1.23936407e-01
2573            	-8.00026756e-03	3.34342684e-04	9.72472698e-03	2.95033608e-02	1.23247407e-01
2574            	-7.98084770e-03	3.27068326e-04	9.73944151e-03	2.93485220e-02	1.22589149e-01
2575            	-7.97212998e-03	3.49203492e-04	9.58443994e-03	2.92134319e-02	1.22025184e-01
2576            	-7.95846995e-03	3.84698548e-04	9.33840928e-03	2.91130903e-02	1.21614279e-01
2577            	-7.93383766e-03	4.22171245e-04	9.06459167e-03	2.90597283e-02	1.21404725e-01
2578            	-7.89992275e-03	4.59767966e-04	8.77730672e-03	2.90565135e-02	1.21409208e-01
2579            	-7.86646817e-03	5.01020662e-04	8.46841265e-03	2.91011402e-02	1.21618580e-01
2580            	-7.84393853e-03	5.48874452e-04	8.13457536e-03	2.91895477e-02	1.22015902e-01
2581            	-7.83699904e-03	5.96959202e-04	7.82279686e-03	2.93150405e-02	1.22569636e-01
2582            	-7.84594734e-03	6.36262630e-04	7.59034819e-03	2.94674725e-02	1.23232742e-01
2583            	-7.86845242e-03	6.59240219e-04	7.48131237e-03	2.96326111e-02	1.23941730e-01
2584            	-7.90026180e-03	6.61496568e-04	7.51678824e-03	2.97963378e-02	1.24635454e-01
2585            	-7.93673316e-03	6.44017793e-04	7.68331631e-03	2.99420502e-02	1.25244265e-01
2586            	-7.97454864e-03	6.13333900e-04	7.93434973e-03	3.00512975e-02	1.25692744e-01
2587            	-8.01670024e-03	5.79832117e-04	8.20844137e-03	3.01044497e-02	1.25901205e-01
2588            	-8.05734756e-03	5.49529153e-04	8.45895136e-03	3.00889366e-02	1.25818964e-01
2589            	-8.08411395e-03	5.17655742e-04	8.69820438e-03	3.00046834e-02	1.25444665e-01
2590            	-8.07637248e-03	4.68473330e-04	8.99558939e-03	2.98731886e-02	1.24865836e-01
2591            	-8.04238231e-03	4.08287034e-04	9.32357007e-03	2.97149900e-02	1.24172246e-01
2592            	-8.00463193e-03	3.58918274e-04	9.57751185e-03	2.95489014e-02	1.23450956e-01
2593            	-7.98333154e-03	3.40633356e-04	9.65923253e-03	2.93848256e-02	1.22749674e-01
2594            	-7.97741078e-03	3.54973588e-04	9.55763552e-03	2.92348658e-02	1.22119691e-01
2595            	-7.97113833e-03	3.87311876e-04	9.34225174e-03	2.91154497e-02	1.21626220e-01
2596            	-7.95369502e-03	4.23880041e-04	9.08441130e-03	2.90408713e-02	1.21325646e-01
2597            	-7.92604794e-03	4.60542783e-04	8.81188613e-03	2.90182559e-02	1.21246694e-01
2598            	-7.89401593e-03	4.98697600e-04	8.52433712e-03	2.90458201e-02	1.21381964e-01
2599            	-7.86911563e-03	5.42481254e-04	8.21241400e-03	2.91209317e-02	1.21721055e-01
2600            	-7.85843616e-03	5.89451702e-04	7.90186126e-03	2.92363792e-02	1.22231620e-01
2601            	-7.86237775e-03	6.30584899e-04	7.65020099e-03	2.93849538e-02	1.22879296e-01
2602            	-7.87960157e-03	6.57406603e-04	7.50890132e-03	2.95517106e-02	1.23596923e-01
2603            	-7.90708664e-03	6.63997633e-04	7.51058166e-03	2.97229019e-02	1.24324143e-01
2604            	-7.94162446e-03	6.49810293e-04	7.65352800e-03	2.98817137e-02	1.24989709e-01
2605            	-7.97736994e-03	6.19052578e-04	7.90212820e-03	3.00112428e-02	1.25524117e-01
2606            	-8.01506161e-03	5.82004295e-04	8.19218378e-03	3.00930282e-02	1.25853010e-01
2607            	-8.05293637e-03	5.47241224e-04	8.46684522e-03	3.01102030e-02	1.25908110e-01
2608            	-8.08303900e-03	5.15311580e-04	8.71129629e-03	3.00557624e-02	1.25660149e-01
2609            	-8.08250021e-03	4.70208120e-04	8.99335679e-03	2.99444595e-02	1.25167876e-01
2610            	-8.05038306e-03	4.10420637e-04	9.32139030e-03	2.97988268e-02	1.24527208e-01
2611            	-8.00579004e-03	3.53608294e-04	9.61213619e-03	2.96390694e-02	1.23830027e-01
2612            	-7.97262747e-03	3.22871120e-04	9.75495354e-03	2.94764903e-02	1.23131145e-01
2613            	-7.95900274e-03	3.27748708e-04	9.70172697e-03	2.93209988e-02	1.22474737e-01
2614            	-7.95205863e-03	3.58420085e-04	9.49582507e-03	2.91884583e-02	1.21925009e-01
2615            	-7.93765337e-03	3.98842061e-04	9.21802484e-03	2.90941757e-02	1.21542090e-01
2616            	-7.91338343e-03	4.40731248e-04	8.91738701e-03	2.90493511e-02	1.21370731e-01
2617            	-7.88172679e-03	4.82056306e-04	8.61042972e-03	2.90539778e-02	1.21410040e-01
2618            	-7.85489902e-03	5.27565038e-04	8.28495003e-03	2.91058370e-02	1.21651493e-01
2619            	-7.84248068e-03	5.78369054e-04	7.94782610e-03	2.92002974e-02	1.22075030e-01
2620            	-7.84580646e-03	6.26042632e-04	7.65412730e-03	2.93303750e-02	1.22647285e-01
2621            	-7.86362021e-03	6.61305912e-04	7.46055284e-03	2.94844255e-02	1.23314780e-01
2622            	-7.89324684e-03	6.77473177e-04	7.40511246e-03	2.96482952e-02	1.24014971e-01
2623            	-7.93102158e-03	6.72264341e-04	7.49640300e-03	2.98068597e-02	1.24683166e-01
2624            	-7.97042195e-03	6.47596001e-04	7.71233063e-03	2.99444550e-02	1.25254208e-01
2625            	-8.01060387e-03	6.11676221e-04	7.99937161e-03	3.00422825e-02	1.25651705e-01
2626            	-8.05331639e-03	5.74914705e-04	8.29418513e-03	3.00810921e-02	1.25797624e-01
2627            	-8.09075435e-03	5.41250615e-04	8.56060493e-03	3.00510324e-02	1.25652052e-01
2628            	-8.10463248e-03	5.00143503e-04	8.83874181e-03	2.99585531e-02	1.25239875e-01
2629            	-8.08329623e-03	4.42062247e-04	9.17191028e-03	2.98266489e-02	1.24656714e-01
2630            	-8.04164899e-03	3.79961972e-04	9.50035844e-03	2.96730078e-02	1.23982253e-01
2631            	-8.00280792e-03	3.36311544e-04	9.71626942e-03	2.95135630e-02	1.23291332e-01
2632            	-7.98253221e-03	3.26766065e-04	9.74406820e-03	2.93576356e-02	1.22627635e-01
2633            	-7.97384859e-03	3.47598790e-04	9.59732928e-03	2.92205446e-02	1.22054674e-01
2634            	-7.96099189e-03	3.82684716e-04	9.35500597e-03	2.91172873e-02	1.21631156e-01
2635            	-7.93703997e-03	4.19906518e-04	9.08369921e-03	2.90604310e-02	1.21406587e-01
2636            	-7.90358630e-03	4.57200464e-04	8.79893857e-03	2.90536817e-02	1.21395885e-01
2637            	-7.87003405e-03	4.97831084e-04	8.49377947e-03	2.90949119e-02	1.21590564e-01
2638            	-7.84667254e-03	5.45120206e-04	8.16223395e-03	2.91804576e-02	1.21975541e-01
2639            	-7.83852163e-03	5.93343338e-04	7.84774027e-03	2.93037464e-02	1.22520033e-01
2640            	-7.84603258e-03	6.33420924e-04	7.60823826e-03	2.94554612e-02	1.23180549e-01
2641            	-7.86733486e-03	6.57782974e-04	7.48866321e-03	2.96199200e-02	1.23887288e-01
2642            	-7.89808671e-03	6.61364178e-04	7.51421702e-03	2.97839703e-02	1.24583007e-01
2643            	-7.93393989e-03	6.44911572e-04	7.67338301e-03	2.99314182e-02	1.25199667e-01
2644            	-7.97102544e-03	6.14580516e-04	7.92116615e-03	3.00441226e-02	1.25663033e-01
2645            	-8.01232975e-03	5.81044805e-04	8.19428282e-03	3.01027102e-02	1.25894637e-01
2646            	-8.05284807e-03	5.50449138e-04	8.44649867e-03	3.00929963e-02	1.25836969e-01
2647            	-8.08090854e-03	5.19178773e-04	8.68388049e-03	3.00133109e-02	1.25482226e-01
2648            	-8.07515050e-03	4.71152975e-04	8.97690945e-03	2.98848661e-02	1.24916578e-01
2649            	-8.04227052e-03	4.11382831e-04	9.30391670e-03	2.97279262e-02	1.24228240e-01
2650            	-8.00389084e-03	3.61044083e-04	9.56308296e-03	2.95622845e-02	1.23508391e-01
2651            	-7.98106412e-03	3.40835491e-04	9.65472840e-03	2.93980073e-02	1.22805616e-01
2652            	-7.97442067e-03	3.53678884e-04	9.56153254e-03	2.92465624e-02	1.22168855e-01
2653            	-7.96887237e-03	3.85601061e-04	9.34984093e-03	2.91241475e-02	1.21662475e-01
2654            	-7.95263554e-03	4.22294604e-04	9.09294707e-03	2.90457374e-02	1.21345620e-01
2655            	-7.92630694e-03	4.59134444e-04	8.82120111e-03	2.90189434e-02	1.21248919e-01
2656            	-7.89456224e-03	4.97049058e-04	8.53554754e-03	2.90430106e-02	1.21369279e-01
2657            	-7.86914079e-03	5.40273174e-04	8.22635799e-03	2.91151706e-02	1.21695700e-01
2658            	-7.85787902e-03	5.87424262e-04	7.91377632e-03	2.92276187e-02	1.22193650e-01
2659            	-7.86145762e-03	6.29225081e-04	7.65732126e-03	2.93740254e-02	1.22832451e-01
2660            	-7.87820549e-03	6.57039494e-04	7.50901507e-03	2.95399782e-02	1.23547163e-01
2661            	-7.90551527e-03	6.64971678e-04	7.50195896e-03	2.97110264e-02	1.24274360e-01
2662            	-7.94004935e-03	6.52246288e-04	7.63569339e-03	2.98705592e-02	1.24943596e-01
2663            	-7.97558643e-03	6.22360255e-04	7.87855835e-03	3.00022285e-02	1.25487463e-01
2664            	-8.01328814e-03	5.85243929e-04	8.16915957e-03	3.00873754e-02	1.25830594e-01
2665            	-8.05184329e-03	5.49934611e-04	8.44834944e-03	3.01086455e-02	1.25902822e-01
2666            	-8.08312697e-03	5.17930644e-04	8.69505226e-03	3.00586756e-02	1.25673738e-01
2667            	-8.08475721e-03	4.73748107e-04	8.97450184e-03	2.99502540e-02	1.25193864e-01
2668            	-8.05403964e-03	4.14317916e-04	9.30234429e-03	2.98066112e-02	1.24561595e-01
2669            	-8.00943661e-03	3.56556420e-04	9.59906695e-03	2.96471802e-02	1.23865287e-01
2670            	-7.97427760e-03	3.23495955e-04	9.75360975e-03	2.94854568e-02	1.23169233e-01
2671            	-7.95903845e-03	3.25966771e-04	9.71318530e-03	2.93294193e-02	1.22509704e-01
2672            	-7.95192537e-03	3.55323915e-04	9.51529658e-03	2.91948702e-02	1.21950960e-01
2673            	-7.93804303e-03	3.95204384e-04	9.24161734e-03	2.90976636e-02	1.21555374e-01
2674            	-7.91387302e-03	4.36726189e-04	8.94336103e-03	2.90498853e-02	1.21371285e-01
2675            	-7.88167286e-03	4.77838733e-04	8.63687175e-03	2.90520997e-02	1.21400244e-01
2676            	-7.85348489e-03	5.23068598e-04	8.31107320e-03	2.91018902e-02	1.21632872e-01
2677            	-7.83945768e-03	5.73994527e-04	7.97075623e-03	2.91941222e-02	1.22047073e-01
2678            	-7.84145615e-03	6.22282595e-04	7.67118672e-03	2.93229183e-02	1.22614251e-01
2679            	-7.85821740e-03	6.58803677e-04	7.46809954e-03	2.94763185e-02	1.23279595e-01
2680            	-7.88721653e-03	6.76842168e-04	7.39993771e-03	2.96399106e-02	1.23979396e-01
2681            	-7.92461268e-03	6.73431413e-04	7.47937348e-03	2.97988156e-02	1.24649805e-01
2682            	-7.96432998e-03	6.50077952e-04	7.68754939e-03	2.99374383e-02	1.25225754e-01
2683            	-8.00467124e-03	6.14666160e-04	7.97172354e-03	3.00378445e-02	1.25634436e-01
2684            	-8.04783297e-03	5.77972420e-04	8.26687069e-03	3.00806897e-02	1.25797535e-01
2685            	-8.08624444e-03	5.44311462e-04	8.53476078e-03	3.00549686e-02	1.25670394e-01
2686            	-8.10292908e-03	5.04272621e-04	8.81031259e-03	2.99655573e-02	1.25271491e-01
2687            	-8.08438682e-03	4.47030276e-04	9.14231558e-03	2.98347492e-02	1.24693080e-01
2688            	-8.04377588e-03	3.84200013e-04	9.47690497e-03	2.96819637e-02	1.24021854e-01
2689            	-8.00457314e-03	3.38658633e-04	9.70423596e-03	2.95228058e-02	1.23331400e-01
2690            	-7.98358660e-03	3.26998092e-04	9.74434337e-03	2.93663475e-02	1.22664682e-01
2691            	-7.97497713e-03	3.46228966e-04	9.60781350e-03	2.92270670e-02	1.22081821e-01
2692            	-7.96285806e-03	3.80654797e-04	9.37070827e-03	2.91206266e-02	1.21644482e-01
2693            	-7.93956509e-03	4.17877587e-04	9.10031046e-03	2.90606455e-02	1.21406558e-01
2694            	-7.90664776e-03	4.55027428e-04	8.81718729e-03	2.90510506e-02	1.21383623e-01
2695            	-7.87302798e-03	4.95164509e-04	8.51499610e-03	2.90891867e-02	1.21564940e-01
2696            	-7.84893780e-03	5.41908520e-04	8.18577847e-03	2.91717470e-02	1.21937066e-01
2697            	-7.83985350e-03	5.90142451e-04	7.86979389e-03	2.92925857e-02	1.22471230e-01
2698            	-7.84622882e-03	6.30977487e-04	7.62379234e-03	2.94430564e-02	1.23126880e-01
2699            	-7.86633902e-03	6.56451300e-04	7.49541604e-03	2.96075188e-02	1.23834173e-01
2700            	-7.89609185e-03	6.61189842e-04	7.51218707e-03	2.97724891e-02	1.24534342e-01
2701            	-7.93152287e-03	6.45811712e-04	7.66396194e-03	2.99215629e-02	1.25158373e-01
2702            	-7.96785959e-03	6.15873035e-04	7.90822493e-03	3.00373707e-02	1.25635133e-01
2703            	-8.00826369e-03	5.82106406e-04	8.18154141e-03	3.01005265e-02	1.25886135e-01
2704            	-8.04854240e-03	5.51238527e-04	8.43517393e-03	3.00961301e-02	1.25850966e-01
2705            	-8.07796980e-03	5.20573376e-04	8.67076194e-03	3.00210899e-02	1.25516092e-01
2706            	-8.07414604e-03	4.73715608e-04	8.95926255e-03	2.98954754e-02	1.24962719e-01
2707            	-8.04168646e-03	4.14079787e-04	9.28604624e-03	2.97409560e-02	1.24284623e-01
2708            	-8.00256891e-03	3.62455466e-04	9.55227547e-03	2.95761719e-02	1.23567888e-01
2709            	-7.97863064e-03	3.40115684e-04	9.65576305e-03	2.94111423e-02	1.22861117e-01
2710            	-7.97143979e-03	3.51596687e-04	9.57037260e-03	2.92578737e-02	1.22216111e-01
2711            	-7.96636769e-03	3.83425607e-04	9.35996617e-03	2.91326171e-02	1.21697594e-01
2712            	-7.95106534e-03	4.20572515e-04	9.10155477e-03	2.90508072e-02	1.21366414e-01
2713            	-7.92565807e-03	4.57941100e-04	8.82777528e-03	2.90207533e-02	1.21256026e-01
2714            	-7.89412255e-03	4.95701535e-04	8.54337378e-03	2.90412549e-02	1.21361197e-01
2715            	-7.86844728e-03	5.38410279e-04	8.23704813e-03	2.91097981e-02	1.21672119e-01
2716            	-7.85667998e-03	5.85438427e-04	7.92447556e-03	2.92196843e-02	1.22159272e-01
2717            	-7.86006338e-03	6.27859138e-04	7.66379180e-03	2.93637421e-02	1.22788386e-01
2718            	-7.87657152e-03	6.56776119e-04	7.50814503e-03	2.95287220e-02	1.23499459e-01
2719            	-7.90367253e-03	6.66191961e-04	7.49140989e-03	2.96999290e-02	1.24227961e-01
2720            	-7.93824638e-03	6.54760946e-04	7.61705441e-03	2.98606403e-02	1.24902737e-01
2721            	-7.97413988e-03	6.25664282e-04	7.85551119e-03	2.99943118e-02	1.25455418e-01
2722            	-8.01171470e-03	5.88735712e-04	8.14483134e-03	3.00826908e-02	1.25812359e-01
2723            	-8.05079629e-03	5.53102700e-04	8.42692041e-03	3.01079701e-02	1.25901448e-01
2724            	-8.08320319e-03	5.20777468e-04	8.67735040e-03	3.00622323e-02	1.25690150e-01
2725            	-8.08703727e-03	4.77336628e-04	8.95538240e-03	2.99566332e-02	1.25222353e-01
2726            	-8.05789841e-03	4.18262047e-04	9.28331572e-03	2.98146322e-02	1.24596988e-01
2727            	-8.01330989e-03	3.59638598e-04	9.58550580e-03	2.96555693e-02	1.23901799e-01
2728            	-7.97673780e-03	3.24371043e-04	9.75188363e-03	2.94933934e-02	1.23203013e-01
2729            	-7.95984811e-03	3.24583462e-04	9.72325821e-03	2.93372430e-02	1.22542253e-01
2730            	-7.95219486e-03	3.52558161e-04	9.53325604e-03	2.92013384e-02	1.21977271e-01
2731            	-7.93855981e-03	3.92050969e-04	9.26233435e-03	2.91015516e-02	1.21570542e-01
2732            	-7.91459096e-03	4.33250046e-04	8.96633323e-03	2.90506916e-02	1.21373227e-01
2733            	-7.88228328e-03	4.74290918e-04	8.66006188e-03	2.90505678e-02	1.21392212e-01
2734            	-7.85281687e-03	5.19268258e-04	8.33390798e-03	2.90980237e-02	1.21614873e-01
2735            	-7.83692452e-03	5.69979458e-04	7.99215277e-03	2.91881830e-02	1.22020303e-01
2736            	-7.83758965e-03	6.18826606e-04	7.68705535e-03	2.93149337e-02	1.22579086e-01
2737            	-7.85326669e-03	6.56543562e-04	7.47478342e-03	2.94676480e-02	1.23242120e-01
2738            	-7.88138669e-03	6.76221671e-04	7.39498043e-03	2.96318399e-02	1.23945220e-01
2739            	-7.91822063e-03	6.74460015e-04	7.46322225e-03	2.97918297e-02	1.24620949e-01
2740            	-7.95815729e-03	6.52554328e-04	7.66265747e-03	2.99316652e-02	1.25202627e-01
2741            	-7.99859795e-03	6.17927592e-04	7.94212728e-03	3.00345268e-02	1.25622048e-01
2742            	-8.04197278e-03	5.81249069e-04	8.23759952e-03	3.00811215e-02	1.25801094e-01
2743            	-8.08111739e-03	5.47378194e-04	8.50796521e-03	3.00596192e-02	1.25691807e-01
2744            	-8.10047901e-03	5.08499772e-04	8.78016421e-03	2.99732371e-02	1.25306063e-01
2745            	-8.08446369e-03	4.52125430e-04	9.11042735e-03	2.98439777e-02	1.24734381e-01
2746            	-8.04530747e-03	3.88894119e-04	9.44969511e-03	2.96911858e-02	1.24062811e-01
2747            	-8.00563484e-03	3.41466176e-04	9.68825731e-03	2.95324778e-02	1.23373572e-01
2748            	-7.98381724e-03	3.27642721e-04	9.74081634e-03	2.93759577e-02	1.22705831e-01
2749            	-7.97538060e-03	3.45409052e-04	9.61375849e-03	2.92345452e-02	1.22113315e-01
2750            	-7.96415197e-03	3.79202087e-04	9.38191896e-03	2.91252479e-02	1.21663520e-01
2751            	-7.94165017e-03	4.16325620e-04	9.11325181e-03	2.90620710e-02	1.21411898e-01
2752            	-7.90938409e-03	4.53448031e-04	8.83120085e-03	2.90495832e-02	1.21376583e-01
2753            	-7.87569372e-03	4.93146162e-04	8.53163284e-03	2.90848497e-02	1.21545523e-01
2754            	-7.85093482e-03	5.39379358e-04	8.20461830e-03	2.91648017e-02	1.21906400e-01
2755            	-7.84103629e-03	5.87673356e-04	7.88701436e-03	2.92831657e-02	1.22430131e-01
2756            	-7.84638149e-03	6.28983934e-04	7.63645220e-03	2.94320387e-02	1.23079308e-01
2757            	-7.86527758e-03	6.55335885e-04	7.50072264e-03	2.95963432e-02	1.23786425e-01
2758            	-7.89414832e-03	6.61068489e-04	7.50991217e-03	2.97619223e-02	1.24489642e-01
2759            	-7.92900890e-03	6.46674797e-04	7.65464695e-03	2.99127448e-02	1.25121523e-01
2760            	-7.96500191e-03	6.17230672e-04	7.89531718e-03	3.00313078e-02	1.25610201e-01
2761            	-8.00431677e-03	5.83388425e-04	8.16756782e-03	3.00986917e-02	1.25879235e-01
2762            	-8.04410397e-03	5.52403834e-04	8.42125970e-03	3.00997199e-02	1.25867136e-01
2763            	-8.07472634e-03	5.22243595e-04	8.65544200e-03	3.00292075e-02	1.25551601e-01
2764            	-8.07275116e-03	4.76285218e-04	8.94098794e-03	2.99064009e-02	1.25010322e-01
2765            	-8.04111009e-03	4.16890243e-04	9.26746149e-03	2.97533684e-02	1.24338474e-01
2766            	-8.00125203e-03	3.64196209e-04	9.53937535e-03	2.95889927e-02	1.23623008e-01
2767            	-7.97565919e-03	3.39872008e-04	9.65297868e-03	2.94241580e-02	1.22916376e-01
2768            	-7.96772033e-03	3.49566042e-04	9.57777486e-03	2.92701706e-02	1.22267682e-01
2769            	-7.96309942e-03	3.80981650e-04	9.37063118e-03	2.91425823e-02	1.21739067e-01
2770            	-7.94883429e-03	4.18583709e-04	9.11085031e-03	2.90571416e-02	1.21392565e-01
2771            	-7.92419147e-03	4.56392334e-04	8.83538305e-03	2.90234829e-02	1.21266972e-01
2772            	-7.89276251e-03	4.94048383e-04	8.55177002e-03	2.90408932e-02	1.21358968e-01
2773            	-7.86688151e-03	5.36366919e-04	8.24758172e-03	2.91064053e-02	1.21656898e-01
2774            	-7.85479864e-03	5.83401384e-04	7.93448472e-03	2.92134288e-02	1.22131972e-01
2775            	-7.85771021e-03	6.26318991e-04	7.66994532e-03	2.93553262e-02	1.22752245e-01
2776            	-7.87415648e-03	6.56338695e-04	7.50722929e-03	2.95185789e-02	1.23456468e-01
2777            	-7.90128456e-03	6.67224139e-04	7.48125176e-03	2.96893208e-02	1.24183607e-01
2778            	-7.93601319e-03	6.57263408e-04	7.59785570e-03	2.98511776e-02	1.24863831e-01
2779            	-7.97207901e-03	6.29117981e-04	7.83060902e-03	2.99872029e-02	1.25426887e-01
2780            	-8.00975920e-03	5.92163277e-04	8.12032428e-03	3.00786957e-02	1.25797065e-01
2781            	-8.04924066e-03	5.56116587e-04	8.40570264e-03	3.01078162e-02	1.25902294e-01
2782            	-8.08258626e-03	5.23625435e-04	8.65861053e-03	3.00663006e-02	1.25708816e-01
2783            	-8.08865398e-03	4.80890069e-04	8.93549569e-03	2.99639541e-02	1.25254905e-01
2784            	-8.06133314e-03	4.22210281e-04	9.26362508e-03	2.98237560e-02	1.24637138e-01
2785            	-8.01727333e-03	3.62961447e-04	9.57054964e-03	2.96647972e-02	1.23942001e-01
2786            	-7.97965362e-03	3.25819344e-04	9.74722024e-03	2.95020308e-02	1.23240009e-01
2787            	-7.96131201e-03	3.23884456e-04	9.72998066e-03	2.93448112e-02	1.22573990e-01
2788            	-7.95302700e-03	3.50409105e-04	9.54815295e-03	2.92079743e-02	1.22004539e-01
2789            	-7.93950781e-03	3.89158429e-04	9.28203747e-03	2.91062749e-02	1.21589374e-01
2790            	-7.91553974e-03	4.30018528e-04	8.98810983e-03	2.90523617e-02	1.21378932e-01
2791            	-7.88321383e-03	4.70833421e-04	8.68317303e-03	2.90490850e-02	1.21384416e-01
2792            	-7.85311653e-03	5.15472521e-04	8.35816198e-03	2.90941037e-02	1.21596616e-01
2793            	-7.83569771e-03	5.65982833e-04	8.01538507e-03	2.91820387e-02	1.21992580e-01
2794            	-7.83467400e-03	6.15172776e-04	7.70559936e-03	2.93071150e-02	1.22544501e-01
2795            	-7.84891377e-03	6.53954579e-04	7.48445401e-03	2.94588798e-02	1.23204090e-01
2796            	-7.87606557e-03	6.75272581e-04	7.39287447e-03	2.96228304e-02	1.23906914e-01
2797            	-7.91216732e-03	6.75222860e-04	7.44925700e-03	2.97840436e-02	1.24588559e-01
2798            	-7.95192682e-03	6.54623914e-04	7.64024168e-03	2.99259009e-02	1.25179361e-01
2799            	-7.99221032e-03	6.20722455e-04	7.91500465e-03	3.00314032e-02	1.25610327e-01
2800            	-8.03562278e-03	5.84156933e-04	8.20993175e-03	3.00817519e-02	1.25805408e-01
2801            	-8.07540746e-03	5.50353292e-04	8.48089145e-03	3.00647018e-02	1.25715060e-01
2802            	-8.09754249e-03	5.12827940e-04	8.74866068e-03	2.99814937e-02	1.25343122e-01
2803            	-8.08414751e-03	4.57736773e-04	9.07469808e-03	2.98537791e-02	1.24778282e-01
2804            	-8.04608316e-03	3.94306090e-04	9.41684585e-03	2.97013292e-02	1.24107978e-01
2805            	-8.00595755e-03	3.45020866e-04	9.66648216e-03	2.95425068e-02	1.23417569e-01
2806            	-7.98332967e-03	3.28915395e-04	9.73226286e-03	2.93853141e-02	1.22746183e-01
2807            	-7.97492264e-03	3.45151399e-04	9.61489870e-03	2.92425224e-02	1.22147235e-01
2808            	-7.96463102e-03	3.78309436e-04	9.38840143e-03	2.91305506e-02	1.21685757e-01
2809            	-7.94307070e-03	4.14889230e-04	9.12449523e-03	2.90637819e-02	1.21418585e-01
2810            	-7.91164553e-03	4.51746265e-04	8.84530427e-03	2.90478050e-02	1.21368251e-01
2811            	-7.87790109e-03	4.91170456e-04	8.54733496e-03	2.90804071e-02	1.21525727e-01
2812            	-7.85248829e-03	5.36933736e-04	8.22227209e-03	2.91583541e-02	1.21877918e-01
2813            	-7.84181149e-03	5.85146456e-04	7.90398830e-03	2.92744668e-02	1.22392111e-01
2814            	-7.84622647e-03	6.26810439e-04	7.64979067e-03	2.94213825e-02	1.23033253e-01
2815            	-7.86416047e-03	6.54098806e-04	7.50671172e-03	2.95845144e-02	1.23735902e-01
2816            	-7.89205265e-03	6.61072171e-04	7.50664259e-03	2.97505426e-02	1.24441611e-01
2817            	-7.92648764e-03	6.47626209e-04	7.64479942e-03	2.99029943e-02	1.25080792e-01
2818            	-7.96258880e-03	6.18704843e-04	7.88235827e-03	3.00243410e-02	1.25581459e-01
2819            	-8.00135866e-03	5.84857953e-04	8.15387710e-03	3.00958679e-02	1.25868151e-01
2820            	-8.04051782e-03	5.53618275e-04	8.40830785e-03	3.01017477e-02	1.25876652e-01
2821            	-8.07163968e-03	5.23830828e-04	8.64090665e-03	3.00356353e-02	1.25579910e-01
2822            	-8.07115871e-03	4.78820501e-04	8.92267520e-03	2.99162993e-02	1.25053611e-01
2823            	-8.04066419e-03	4.19816784e-04	9.24836395e-03	2.97653332e-02	1.24390531e-01
2824            	-8.00051432e-03	3.66158282e-04	9.52594712e-03	2.96014143e-02	1.23676543e-01
2825            	-7.97326860e-03	3.39708718e-04	9.65056544e-03	2.94366806e-02	1.22969612e-01
2826            	-7.96420024e-03	3.47563438e-04	9.58531595e-03	2.92816872e-02	1.22315984e-01
2827            	-7.95955342e-03	3.78319116e-04	9.38227728e-03	2.91524547e-02	1.21780097e-01
2828            	-7.94606557e-03	4.16238493e-04	9.12159811e-03	2.90640028e-02	1.21420858e-01
2829            	-7.92214967e-03	4.54477989e-04	8.84443294e-03	2.90268846e-02	1.21280682e-01
2830            	-7.89078418e-03	4.92126448e-04	8.56093463e-03	2.90411477e-02	1.21359299e-01
2831            	-7.86436099e-03	5.34223804e-04	8.25732213e-03	2.91034407e-02	1.21643473e-01
2832            	-7.85179246e-03	5.81365587e-04	7.94280706e-03	2.92078847e-02	1.22107725e-01
2833            	-7.85434508e-03	6.24971761e-04	7.67336839e-03	2.93472747e-02	1.22717731e-01
2834            	-7.87050905e-03	6.55874077e-04	7.50465092e-03	2.95092496e-02	1.23417000e-01
2835            	-7.89781385e-03	6.68100944e-04	7.47046705e-03	2.96790696e-02	1.24140777e-01
2836            	-7.93280133e-03	6.59356189e-04	7.57979783e-03	2.98413649e-02	1.24823358e-01
2837            	-7.96916054e-03	6.32090809e-04	7.80747314e-03	2.99795786e-02	1.25396053e-01
2838            	-8.00694537e-03	5.95458602e-04	8.09536919e-03	3.00749382e-02	1.25782787e-01
2839            	-8.04715273e-03	5.59339066e-04	8.38234326e-03	3.01086480e-02	1.25907451e-01
2840            	-8.08142971e-03	5.26469219e-04	8.63906954e-03	3.00712581e-02	1.25731300e-01
2841            	-8.08999576e-03	4.84386264e-04	8.91555080e-03	2.99716954e-02	1.25289237e-01
2842            	-8.06468368e-03	4.26201492e-04	9.24352852e-03	2.98333094e-02	1.24679124e-01
2843            	-8.02123650e-03	3.66339459e-04	9.55523494e-03	2.96747781e-02	1.23985397e-01
2844            	-7.98266408e-03	3.27368904e-04	9.74205699e-03	2.95114926e-02	1.23280494e-01
2845            	-7.96313280e-03	3.23206430e-04	9.73711785e-03	2.93531362e-02	1.22608900e-01
2846            	-7.95450457e-03	3.48259739e-04	9.56401912e-03	2.92145414e-02	1.22031468e-01
2847            	-7.94120412e-03	3.86129514e-04	9.30371844e-03	2.91106570e-02	1.21606662e-01
2848            	-7.91729945e-03	4.26425026e-04	9.01338034e-03	2.90540257e-02	1.21384424e-01
2849            	-7.88466750e-03	4.67177198e-04	8.70833281e-03	2.90475135e-02	1.21376095e-01
2850            	-7.85380339e-03	5.11549110e-04	8.38381912e-03	2.90897659e-02	1.21576457e-01
2851            	-7.83486942e-03	5.61782082e-04	8.04050786e-03	2.91757454e-02	1.21964133e-01
2852            	-7.83216177e-03	6.11263336e-04	7.72636122e-03	2.92987846e-02	1.22507612e-01
2853            	-7.84508247e-03	6.51112118e-04	7.49649977e-03	2.94492741e-02	1.23162313e-01
2854            	-7.87118844e-03	6.73960620e-04	7.39370207e-03	2.96126209e-02	1.23863285e-01
2855            	-7.90612045e-03	6.75396121e-04	7.43901572e-03	2.97749777e-02	1.24550515e-01
2856            	-7.94543513e-03	6.56133282e-04	7.62096115e-03	2.99191164e-02	1.25151590e-01
2857            	-7.98552554e-03	6.22911559e-04	7.89123696e-03	3.00277401e-02	1.25596095e-01
2858            	-8.02893183e-03	5.86442717e-04	8.18564604e-03	3.00820903e-02	1.25808226e-01
2859            	-8.06932665e-03	5.52745090e-04	8.45692635e-03	3.00695086e-02	1.25736895e-01
2860            	-8.09391828e-03	5.16613272e-04	8.71956810e-03	2.99897550e-02	1.25379975e-01
2861            	-8.08312070e-03	4.63025148e-04	9.03996710e-03	2.98639599e-02	1.24823639e-01
2862            	-8.04627883e-03	3.99530440e-04	9.38433035e-03	2.97122275e-02	1.24156233e-01
2863            	-8.00591720e-03	3.48430352e-04	9.64508983e-03	2.95532316e-02	1.23464403e-01
2864            	-7.98258511e-03	3.29916394e-04	9.72504321e-03	2.93947874e-02	1.22786861e-01
2865            	-7.97414734e-03	3.44566040e-04	9.61764566e-03	2.92504253e-02	1.22180685e-01
2866            	-7.96489579e-03	3.77136111e-04	9.39635670e-03	2.91359710e-02	1.21708368e-01
2867            	-7.94453308e-03	4.13698659e-04	9.13426320e-03	2.90659191e-02	1.21427113e-01
2868            	-7.91423934e-03	4.50529043e-04	8.85683719e-03	2.90466084e-02	1.21362468e-01
2869            	-7.88060969e-03	4.89359824e-04	8.56272586e-03	2.90763118e-02	1.21507382e-01
2870            	-7.85448969e-03	5.34400296e-04	8.24115015e-03	2.91515591e-02	1.21847866e-01
2871            	-7.84287539e-03	5.82538394e-04	7.92192717e-03	2.92653339e-02	1.22352157e-01
2872            	-7.84636569e-03	6.24767246e-04	7.66276967e-03	2.94105362e-02	1.22986324e-01
2873            	-7.86332932e-03	6.53013974e-04	7.51218816e-03	2.95726284e-02	1.23685080e-01
2874            	-7.89055405e-03	6.61141924e-04	7.50384743e-03	2.97384861e-02	1.24390642e-01
2875            	-7.92466571e-03	6.48791295e-04	7.63463428e-03	2.98918934e-02	1.25034375e-01
2876            	-7.96035198e-03	6.20215019e-04	7.86946389e-03	3.00156170e-02	1.25545292e-01
2877            	-7.99868278e-03	5.86156704e-04	8.14172838e-03	3.00914294e-02	1.25850116e-01
2878            	-8.03759033e-03	5.54622451e-04	8.39769267e-03	3.01024503e-02	1.25880375e-01
2879            	-8.06907047e-03	5.25250173e-04	8.62821407e-03	3.00417881e-02	1.25606962e-01
2880            	-8.07010823e-03	4.81664062e-04	8.90322688e-03	2.99255457e-02	1.25094221e-01
2881            	-8.04065709e-03	4.23194628e-04	9.22708472e-03	2.97763372e-02	1.24438653e-01
2882            	-8.00023217e-03	3.68494001e-04	9.51085558e-03	2.96130609e-02	1.23726912e-01
2883            	-7.97141250e-03	3.40040021e-04	9.64582320e-03	2.94482765e-02	1.23019049e-01
2884            	-7.96102727e-03	3.46020764e-04	9.59047380e-03	2.92926487e-02	1.22362105e-01
2885            	-7.95623978e-03	3.75758080e-04	9.39363403e-03	2.91614814e-02	1.21817615e-01
2886            	-7.94343383e-03	4.13638469e-04	9.13416301e-03	2.90700898e-02	1.21445794e-01
2887            	-7.92019127e-03	4.51954006e-04	8.85746031e-03	2.90296354e-02	1.21291393e-01
2888            	-7.88896933e-03	4.89779504e-04	8.57302565e-03	2.90407480e-02	1.21356652e-01
2889            	-7.86191469e-03	5.31785694e-04	8.26902320e-03	2.91003751e-02	1.21629536e-01
2890            	-7.84848500e-03	5.79020806e-04	7.95263971e-03	2.92017892e-02	1.22081009e-01
2891            	-7.85038973e-03	6.23074077e-04	7.67940853e-03	2.93383974e-02	1.22679447e-01
2892            	-7.86627210e-03	6.54979817e-04	7.50391709e-03	2.94985263e-02	1.23371370e-01
2893            	-7.89343138e-03	6.68724597e-04	7.45994181e-03	2.96678409e-02	1.24093680e-01
2894            	-7.92870667e-03	6.61643769e-04	7.55920950e-03	2.98305095e-02	1.24778524e-01
2895            	-7.96549591e-03	6.35399171e-04	7.78112021e-03	2.99704627e-02	1.25359021e-01
2896            	-8.00335575e-03	5.98913058e-04	8.06827237e-03	3.00692102e-02	1.25760229e-01
2897            	-8.04395352e-03	5.62470433e-04	8.35793944e-03	3.01077095e-02	1.25905094e-01
2898            	-8.07925214e-03	5.29267019e-04	8.61832777e-03	3.00754180e-02	1.25750422e-01
2899            	-8.09057515e-03	4.88338056e-04	8.89160870e-03	2.99796757e-02	1.25324819e-01
2900            	-8.06743377e-03	4.30961670e-04	9.21769140e-03	2.98436807e-02	1.24724959e-01
2901            	-8.02447482e-03	3.70324008e-04	9.53503092e-03	2.96865170e-02	1.24036605e-01
2902            	-7.98542883e-03	3.29362106e-04	9.73374029e-03	2.95223632e-02	1.23327177e-01
2903            	-7.96492999e-03	3.23001474e-04	9.74123936e-03	2.93625129e-02	1.22648458e-01
2904            	-7.95587226e-03	3.46486008e-04	9.57736403e-03	2.92218751e-02	1.22061827e-01
2905            	-7.94269096e-03	3.83610937e-04	9.32188115e-03	2.91156560e-02	1.21626830e-01
2906            	-7.91888966e-03	4.23278987e-04	9.03557769e-03	2.90563849e-02	1.21393101e-01
2907            	-7.88628709e-03	4.63559552e-04	8.73346451e-03	2.90472356e-02	1.21373361e-01
2908            	-7.85460377e-03	5.07555918e-04	8.41006512e-03	2.90859747e-02	1.21558622e-01
2909            	-7.83435836e-03	5.57543710e-04	8.06632061e-03	2.91691199e-02	1.21934228e-01
2910            	-7.83010443e-03	6.07380129e-04	7.74760293e-03	2.92899674e-02	1.22468641e-01
2911            	-7.84153540e-03	6.48220742e-04	7.50924256e-03	2.94395277e-02	1.23119948e-01
2912            	-7.86635086e-03	6.72538606e-04	7.39525181e-03	2.96024355e-02	1.23819775e-01
2913            	-7.90023230e-03	6.75385540e-04	7.43013747e-03	2.97650296e-02	1.24508709e-01
2914            	-7.93917676e-03	6.57479663e-04	7.60302290e-03	2.99109521e-02	1.25117960e-01
2915            	-7.97902386e-03	6.25230988e-04	7.86687773e-03	3.00230825e-02	1.25577745e-01
2916            	-8.02214870e-03	5.89083179e-04	8.15892950e-03	3.00824860e-02	1.25811473e-01
2917            	-8.06296160e-03	5.55426778e-04	8.43064775e-03	3.00748204e-02	1.25761045e-01
2918            	-8.08972145e-03	5.20363124e-04	8.68979971e-03	2.99986231e-02	1.25419503e-01
2919            	-8.08143776e-03	4.68058098e-04	9.00584908e-03	2.98755369e-02	1.24874969e-01
2920            	-8.04597069e-03	4.04639617e-04	9.35178654e-03	2.97251246e-02	1.24213020e-01
2921            	-8.00586166e-03	3.52159175e-04	9.62165515e-03	2.95654517e-02	1.23517671e-01
2922            	-7.98174496e-03	3.31418573e-04	9.71452558e-03	2.94057789e-02	1.22834109e-01
2923            	-7.97291125e-03	3.44310236e-04	9.61764137e-03	2.92594819e-02	1.22219119e-01
2924            	-7.96442521e-03	3.76022188e-04	9.40286250e-03	2.91421632e-02	1.21734293e-01
2925            	-7.94525680e-03	4.12291860e-04	9.14431525e-03	2.90684268e-02	1.21437192e-01
2926            	-7.91633717e-03	4.49010904e-04	8.86954703e-03	2.90456080e-02	1.21357469e-01
2927            	-7.88297583e-03	4.87336496e-04	8.57896573e-03	2.90722502e-02	1.21489124e-01
2928            	-7.85620821e-03	5.31678223e-04	8.26081087e-03	2.91447960e-02	1.21817891e-01
2929            	-7.84371943e-03	5.79810660e-04	7.94029858e-03	2.92560596e-02	1.22311578e-01
2930            	-7.84653327e-03	6.22703806e-04	7.67591165e-03	2.93988935e-02	1.22935983e-01
2931            	-7.86262637e-03	6.51848494e-04	7.51833677e-03	2.95599290e-02	1.23630737e-01
2932            	-7.88898360e-03	6.61240483e-04	7.50074199e-03	2.97259750e-02	1.24337749e-01
2933            	-7.92276197e-03	6.50206240e-04	7.62276045e-03	2.98802283e-02	1.24985668e-01
2934            	-7.95832880e-03	6.22507787e-04	7.85192647e-03	3.00062331e-02	1.25506632e-01
2935            	-7.99634269e-03	5.88196081e-04	8.12539850e-03	3.00857607e-02	1.25827151e-01
2936            	-8.03529434e-03	5.56067217e-04	8.38524099e-03	3.01017034e-02	1.25878061e-01
2937            	-8.06731008e-03	5.26757557e-04	8.61617804e-03	3.00466933e-02	1.25628672e-01
2938            	-8.07005856e-03	4.84460076e-04	8.88558204e-03	2.99339713e-02	1.25131242e-01
2939            	-8.04169208e-03	4.26723812e-04	9.20641494e-03	2.97867398e-02	1.24484206e-01
2940            	-8.00088303e-03	3.71109765e-04	9.49540275e-03	2.96240966e-02	1.23774714e-01
2941            	-7.97031433e-03	3.40473967e-04	9.64158805e-03	2.94592159e-02	1.23065668e-01
2942            	-7.95856633e-03	3.44307764e-04	9.59778806e-03	2.93024916e-02	1.22403355e-01
2943            	-7.95368009e-03	3.73172810e-04	9.40627385e-03	2.91694499e-02	1.21850583e-01
2944            	-7.94148400e-03	4.10912373e-04	9.14854799e-03	2.90751186e-02	1.21466163e-01
2945            	-7.91880514e-03	4.49289228e-04	8.87223415e-03	2.90314355e-02	1.21297994e-01
2946            	-7.88767047e-03	4.87263466e-04	8.58694096e-03	2.90395683e-02	1.21350591e-01
2947            	-7.85986128e-03	5.29199785e-04	8.28222729e-03	2.90961041e-02	1.21610357e-01
2948            	-7.84530615e-03	5.76486965e-04	7.96383079e-03	2.91949645e-02	1.22051114e-01
2949            	-7.84630255e-03	6.21102534e-04	7.68569426e-03	2.93295114e-02	1.22641106e-01
2950            	-7.86171503e-03	6.54265107e-04	7.50154691e-03	2.94877856e-02	1.23325734e-01
2951            	-7.88854264e-03	6.69749380e-04	7.44610707e-03	2.96564136e-02	1.24045905e-01
2952            	-7.92361125e-03	6.64274223e-04	7.53498316e-03	2.98194958e-02	1.24733226e-01
2953            	-7.96107123e-03	6.39143374e-04	7.75090257e-03	2.99608046e-02	1.25319922e-01
2954            	-7.99943396e-03	6.02977211e-04	8.03684027e-03	3.00626591e-02	1.25734455e-01
2955            	-8.04059151e-03	5.66080029e-04	8.33028175e-03	3.01058366e-02	1.25898981e-01
2956            	-8.07675048e-03	5.32532098e-04	8.59415579e-03	3.00793412e-02	1.25768771e-01
2957            	-8.09071604e-03	4.92627344e-04	8.86488235e-03	2.99878964e-02	1.25361590e-01
2958            	-8.06989985e-03	4.35896632e-04	9.19033145e-03	2.98543347e-02	1.24772086e-01
2959            	-8.02789743e-03	3.74466280e-04	9.51409769e-03	2.96979916e-02	1.24086750e-01
2960            	-7.98814756e-03	3.31299965e-04	9.72571139e-03	2.95342364e-02	1.23378140e-01
2961            	-7.96684042e-03	3.22706962e-04	9.74610392e-03	2.93728774e-02	1.22692182e-01
2962            	-7.95754057e-03	3.44791797e-04	9.59067356e-03	2.92296771e-02	1.22094158e-01
2963            	-7.94470095e-03	3.81266368e-04	9.33974067e-03	2.91205046e-02	1.21646364e-01
2964            	-7.92111530e-03	4.20379738e-04	9.05717860e-03	2.90579826e-02	1.21398604e-01
2965            	-7.88845820e-03	4.60102223e-04	8.75841996e-03	2.90459865e-02	1.21366548e-01
2966            	-7.85615320e-03	5.03486254e-04	8.43790485e-03	2.90821931e-02	1.21540837e-01
2967            	-7.83442697e-03	5.53199531e-04	8.09366666e-03	2.91621332e-02	1.21902757e-01
2968            	-7.82853167e-03	6.03435036e-04	7.76996589e-03	2.92805911e-02	1.22427294e-01
2969            	-7.83844740e-03	6.45390031e-04	7.52229912e-03	2.94288365e-02	1.23073619e-01
2970            	-7.86184982e-03	6.71206883e-04	7.39675025e-03	2.95914230e-02	1.23772819e-01
2971            	-7.89475073e-03	6.75668241e-04	7.42000937e-03	2.97544680e-02	1.24464393e-01
2972            	-7.93290021e-03	6.59073028e-04	7.58350266e-03	2.99021678e-02	1.25081798e-01
2973            	-7.97220354e-03	6.27415239e-04	7.84291415e-03	3.00172890e-02	1.25554576e-01
2974            	-8.01499450e-03	5.91256526e-04	8.13464240e-03	3.00811312e-02	1.25807195e-01
2975            	-8.05626753e-03	5.57809671e-04	8.40577584e-03	3.00793474e-02	1.25781814e-01
2976            	-8.08504315e-03	5.23826468e-04	8.66112021e-03	3.00077691e-02	1.25460147e-01
2977            	-8.07957042e-03	4.73259012e-04	8.97036526e-03	2.98869270e-02	1.24925529e-01
2978            	-8.04514983e-03	4.10073492e-04	9.31639920e-03	2.97382429e-02	1.24270868e-01
2979            	-8.00455914e-03	3.56182012e-04	9.59449691e-03	2.95788496e-02	1.23576132e-01
2980            	-7.97933384e-03	3.32915110e-04	9.70171620e-03	2.94188860e-02	1.22890469e-01
2981            	-7.97042501e-03	3.43868777e-04	9.61694954e-03	2.92702066e-02	1.22264673e-01
2982            	-7.96303282e-03	3.74918389e-04	9.40793171e-03	2.91498421e-02	1.21766613e-01
2983            	-7.94528493e-03	4.11240514e-04	9.15108071e-03	2.90723104e-02	1.21453324e-01
2984            	-7.91759667e-03	4.47961399e-04	8.87803480e-03	2.90459767e-02	1.21358567e-01
2985            	-7.88429743e-03	4.85736427e-04	8.59096095e-03	2.90694523e-02	1.21476498e-01
2986            	-7.85704764e-03	5.29073074e-04	8.27839392e-03	2.91395626e-02	1.21794548e-01
2987            	-7.84381413e-03	5.76875617e-04	7.95882658e-03	2.92485617e-02	1.22278562e-01
2988            	-7.84594919e-03	6.20234454e-04	7.69046839e-03	2.93893122e-02	1.22894374e-01
2989            	-7.86144852e-03	6.50415881e-04	7.52545038e-03	2.95490732e-02	1.23584194e-01
2990            	-7.88754148e-03	6.61391174e-04	7.49746526e-03	2.97142758e-02	1.24288286e-01
2991            	-7.92088366e-03	6.51685365e-04	7.61049233e-03	2.98694593e-02	1.24940768e-01
2992            	-7.95614491e-03	6.24644405e-04	7.83512878e-03	2.99973374e-02	1.25470013e-01
2993            	-7.99399622e-03	5.90252244e-04	8.10894569e-03	3.00801787e-02	1.25804611e-01
2994            	-8.03325722e-03	5.57657357e-04	8.37225472e-03	3.01006138e-02	1.25874393e-01
2995            	-8.06601656e-03	5.28293739e-04	8.60465628e-03	3.00507355e-02	1.25646692e-01
2996            	-8.07061733e-03	4.87029500e-04	8.87027151e-03	2.99419874e-02	1.25166362e-01
2997            	-8.04340642e-03	4.29972537e-04	9.18852509e-03	2.97970291e-02	1.24529084e-01
2998            	-8.00214379e-03	3.73567403e-04	9.48185800e-03	2.96350458e-02	1.23822015e-01
2999            	-7.96977181e-03	3.40711847e-04	9.63942639e-03	2.94700791e-02	1.23111824e-01
3000            	-7.95653093e-03	3.42418267e-04	9.60686238e-03	2.93124023e-02	1.22444752e-01
