# Moment        
# CofR          : (-8.54110000e-02 -1.23374000e-09 5.25000000e-02)
#
# Time          	total_x total_y total_z	pressure_x pressure_y pressure_z	viscous_x viscous_y viscous_z
1                1.42849750e-02 -6.75880728e-05 -6.18501080e-05 1.42207837e-02 -6.74543171e-05 -6.20053882e-05 6.41913527e-05 -1.33755613e-07 1.55280227e-07
2                9.78541537e-03 -6.55061806e-05 -6.36568828e-05 9.74533643e-03 -6.39021203e-05 -6.47217315e-05 4.00789410e-05 -1.60406026e-06 1.06484872e-06
3                -6.56989114e-03 6.89005047e-05 -1.13681965e-04 -6.58757477e-03 7.13944303e-05 -1.14886064e-04 1.76836316e-05 -2.49392564e-06 1.20409968e-06
4                -1.62368071e-02 1.86851802e-04 -1.52190402e-04 -1.62403983e-02 1.89195530e-04 -1.53248931e-04 3.59118437e-06 -2.34372774e-06 1.05852936e-06
5                -1.23668084e-02 1.99793401e-04 -1.56395577e-04 -1.23718717e-02 2.00752111e-04 -1.56889091e-04 5.06328137e-06 -9.58709692e-07 4.93513856e-07
6                -2.90781681e-03 1.52223899e-04 -1.40257232e-04 -2.92216366e-03 1.52352452e-04 -1.40414278e-04 1.43468514e-05 -1.28552769e-07 1.57046542e-07
7                1.78362302e-03 9.85348745e-05 -1.24078799e-04 1.76444234e-03 9.85640714e-05 -1.24272552e-04 1.91806799e-05 -2.91968417e-08 1.93753437e-07
8                -9.16598223e-04 5.71713280e-05 -1.13774577e-04 -9.35552846e-04 5.75970348e-05 -1.14149251e-04 1.89546229e-05 -4.25706783e-07 3.74673980e-07
9                -6.00630989e-03 4.12323761e-05 -1.09591759e-04 -6.02025667e-03 4.21103637e-05 -1.10162154e-04 1.39467871e-05 -8.77987504e-07 5.70394608e-07
10               -8.08377368e-03 4.93065132e-05 -1.09342679e-04 -8.09297794e-03 5.01682297e-05 -1.10000503e-04 9.20426562e-06 -8.61716429e-07 6.57823706e-07
11               -6.30495446e-03 7.17255018e-05 -1.10190994e-04 -6.31263773e-03 7.22913118e-05 -1.10797912e-04 7.68327159e-06 -5.65810005e-07 6.06918044e-07
12               -3.60936469e-03 9.65494700e-05 -1.14711774e-04 -3.61859178e-03 9.67495426e-05 -1.15269429e-04 9.22708795e-06 -2.00072583e-07 5.57654882e-07
13               -2.73614441e-03 9.92328966e-05 -1.16912775e-04 -2.74666238e-03 9.93715237e-05 -1.17464934e-04 1.05179695e-05 -1.38627115e-07 5.52158513e-07
14               -3.86738031e-03 7.33049470e-05 -1.11683404e-04 -3.87727603e-03 7.32695246e-05 -1.12202596e-04 9.89572020e-06 3.54223904e-08 5.19192589e-07
15               -5.32465865e-03 4.10501901e-05 -1.03255007e-04 -5.33257594e-03 4.08889634e-05 -1.03754207e-04 7.91728469e-06 1.61226671e-07 4.99200088e-07
16               -5.72323757e-03 2.61227743e-05 -9.72320231e-05 -5.72973311e-03 2.58889689e-05 -9.77344988e-05 6.49554006e-06 2.33805405e-07 5.02475693e-07
17               -5.05868253e-03 3.61559261e-05 -9.75551930e-05 -5.06501956e-03 3.58720416e-05 -9.80818804e-05 6.33702357e-06 2.83884496e-07 5.26687351e-07
18               -4.28476613e-03 6.36992840e-05 -1.05011131e-04 -4.29172215e-03 6.33409780e-05 -1.05548872e-04 6.95601731e-06 3.58305977e-07 5.37741641e-07
19               -4.13612369e-03 8.50154316e-05 -1.12992974e-04 -4.14366618e-03 8.45473556e-05 -1.13512873e-04 7.54248962e-06 4.68075965e-07 5.19899329e-07
20               -4.55910265e-03 8.70218236e-05 -1.16127479e-04 -4.56684659e-03 8.64156028e-05 -1.16609058e-04 7.74393455e-06 6.06220801e-07 4.81578593e-07
21               -5.00798254e-03 7.36906018e-05 -1.13340554e-04 -5.01573485e-03 7.29347400e-05 -1.13781354e-04 7.75230366e-06 7.55861775e-07 4.40799859e-07
22               -5.08335973e-03 6.08740493e-05 -1.08939860e-04 -5.09123360e-03 5.99715990e-05 -1.09350531e-04 7.87386792e-06 9.02450350e-07 4.10670385e-07
23               -4.83449093e-03 6.07260044e-05 -1.07748330e-04 -4.84265960e-03 5.96625656e-05 -1.08131977e-04 8.16866919e-06 1.06343886e-06 3.83647069e-07
24               -4.57095885e-03 7.33024032e-05 -1.11057532e-04 -4.57939797e-03 7.20021574e-05 -1.11398633e-04 8.43912433e-06 1.30024579e-06 3.41101827e-07
25               -4.51345890e-03 9.11526566e-05 -1.17279462e-04 -4.52194499e-03 8.95316262e-05 -1.17556821e-04 8.48609296e-06 1.62103044e-06 2.77358912e-07
26               -4.64249380e-03 1.04943106e-04 -1.22981556e-04 -4.65081687e-03 1.02953109e-04 -1.23178727e-04 8.32307459e-06 1.98999764e-06 1.97171288e-07
27               -4.78271046e-03 1.11366495e-04 -1.26203410e-04 -4.79083731e-03 1.09014323e-04 -1.26316880e-04 8.12685246e-06 2.35217215e-06 1.13470323e-07
28               -4.79580959e-03 1.13266177e-04 -1.27299601e-04 -4.80387234e-03 1.10580595e-04 -1.27332393e-04 8.06275054e-06 2.68558198e-06 3.27917943e-08
29               -4.68218748e-03 1.16289610e-04 -1.28101694e-04 -4.69033812e-03 1.13288711e-04 -1.28055459e-04 8.15063523e-06 3.00089973e-06 -4.62353654e-08
30               -4.54249667e-03 1.24704273e-04 -1.30461566e-04 -4.55078468e-03 1.21382384e-04 -1.30332096e-04 8.28800947e-06 3.32188897e-06 -1.29470726e-07
31               -4.47053787e-03 1.38237574e-04 -1.34772577e-04 -4.47891055e-03 1.34583795e-04 -1.34553117e-04 8.37267722e-06 3.65377881e-06 -2.19459952e-07
32               -4.48411925e-03 1.53562570e-04 -1.40053007e-04 -4.49251154e-03 1.49581151e-04 -1.39737554e-04 8.39228273e-06 3.98141837e-06 -3.15452970e-07
33               -4.53506661e-03 1.67753012e-04 -1.45300763e-04 -4.54348657e-03 1.63478509e-04 -1.44889600e-04 8.41995939e-06 4.27450285e-06 -4.11163470e-07
34               -4.56954398e-03 1.78347507e-04 -1.49377273e-04 -4.57807782e-03 1.73831205e-04 -1.48876045e-04 8.53384396e-06 4.51630198e-06 -5.01227748e-07
35               -4.56635305e-03 1.84884957e-04 -1.51953994e-04 -4.57510085e-03 1.80181706e-04 -1.51373149e-04 8.74779930e-06 4.70325107e-06 -5.80845191e-07
36               -4.54167418e-03 1.88544712e-04 -1.53390546e-04 -4.55068121e-03 1.83701890e-04 -1.52742903e-04 9.00703031e-06 4.84282214e-06 -6.47643568e-07
37               -4.52338116e-03 1.91037461e-04 -1.54345470e-04 -4.53262173e-03 1.86097958e-04 -1.53645543e-04 9.24056581e-06 4.93950368e-06 -6.99927468e-07
38               -4.52597496e-03 1.92650935e-04 -1.55085987e-04 -4.53539697e-03 1.87650091e-04 -1.54346266e-04 9.42200871e-06 5.00084396e-06 -7.39720556e-07
39               -4.54560118e-03 1.92148205e-04 -1.55227175e-04 -4.55517721e-03 1.87119485e-04 -1.54459568e-04 9.57602774e-06 5.02871954e-06 -7.67607410e-07
40               -4.56937842e-03 1.88837008e-04 -1.54418501e-04 -4.57912633e-03 1.83813824e-04 -1.53633807e-04 9.74791019e-06 5.02318476e-06 -7.84693887e-07
41               -4.58488713e-03 1.83485089e-04 -1.52864656e-04 -4.59484164e-03 1.78504595e-04 -1.52075241e-04 9.95450779e-06 4.98049380e-06 -7.89415802e-07
42               -4.58660315e-03 1.77604607e-04 -1.51032540e-04 -4.59677705e-03 1.72704237e-04 -1.50250756e-04 1.01738944e-05 4.90036996e-06 -7.81784224e-07
43               -4.57420410e-03 1.72371285e-04 -1.49387659e-04 -4.58456750e-03 1.67579044e-04 -1.48623116e-04 1.03633991e-05 4.79224130e-06 -7.64542835e-07
44               -4.55062273e-03 1.68360287e-04 -1.48229040e-04 -4.56111165e-03 1.63689056e-04 -1.47486725e-04 1.04889144e-05 4.67123109e-06 -7.42314411e-07
45               -4.52051046e-03 1.66400655e-04 -1.47863201e-04 -4.53105195e-03 1.61845190e-04 -1.47143331e-04 1.05414898e-05 4.55546473e-06 -7.19869710e-07
46               -4.49189085e-03 1.67112527e-04 -1.48455336e-04 -4.50243265e-03 1.62649850e-04 -1.47752267e-04 1.05417998e-05 4.46267707e-06 -7.03068198e-07
47               -4.46859601e-03 1.70663003e-04 -1.49989930e-04 -4.47912059e-03 1.66262314e-04 -1.49295525e-04 1.05245745e-05 4.40068900e-06 -6.94405827e-07
48               -4.45184638e-03 1.77253651e-04 -1.52468882e-04 -4.46236575e-03 1.72878282e-04 -1.51772686e-04 1.05193774e-05 4.37536899e-06 -6.96196087e-07
49               -4.43986593e-03 1.86167180e-04 -1.55657061e-04 -4.45039980e-03 1.81782620e-04 -1.54949471e-04 1.05338718e-05 4.38455907e-06 -7.07590418e-07
50               -4.42862156e-03 1.96251498e-04 -1.59246453e-04 -4.43917971e-03 1.91823913e-04 -1.58517247e-04 1.05581584e-05 4.42758478e-06 -7.29206026e-07
51               -4.41606432e-03 2.06120969e-04 -1.62815794e-04 -4.42664095e-03 2.01620329e-04 -1.62056348e-04 1.05766351e-05 4.50064012e-06 -7.59446544e-07
52               -4.40295167e-03 2.15272337e-04 -1.66220820e-04 -4.41353139e-03 2.10676285e-04 -1.65424721e-04 1.05797290e-05 4.59605163e-06 -7.96098959e-07
53               -4.39248814e-03 2.23197914e-04 -1.69266164e-04 -4.40306010e-03 2.18491306e-04 -1.68429792e-04 1.05719591e-05 4.70660826e-06 -8.36371741e-07
54               -4.38820899e-03 2.29780368e-04 -1.71862687e-04 -4.39877454e-03 2.24959284e-04 -1.70985786e-04 1.05655439e-05 4.82108366e-06 -8.76900973e-07
55               -4.39101071e-03 2.35007529e-04 -1.73973109e-04 -4.40158398e-03 2.30078748e-04 -1.73058792e-04 1.05732764e-05 4.92878032e-06 -9.14316860e-07
56               -4.39856927e-03 2.38712584e-04 -1.75531998e-04 -4.40916906e-03 2.33695124e-04 -1.74586631e-04 1.05997921e-05 5.01745984e-06 -9.45366453e-07
57               -4.40694798e-03 2.40496657e-04 -1.76423049e-04 -4.41759066e-03 2.35419165e-04 -1.75456045e-04 1.06426769e-05 5.07749167e-06 -9.67004498e-07
58               -4.41314756e-03 2.39751229e-04 -1.76448353e-04 -4.42384029e-03 2.34652444e-04 -1.75471749e-04 1.06927258e-05 5.09878511e-06 -9.76603992e-07
59               -4.41621316e-03 2.35989080e-04 -1.75427622e-04 -4.42695021e-03 2.30913664e-04 -1.74455319e-04 1.07370429e-05 5.07541641e-06 -9.72303653e-07
60               -4.41597272e-03 2.29222463e-04 -1.73353988e-04 -4.42673635e-03 2.24219186e-04 -1.72400713e-04 1.07636275e-05 5.00327629e-06 -9.53275650e-07
61               -4.41264095e-03 2.20002980e-04 -1.70423326e-04 -4.42340765e-03 2.15118275e-04 -1.69503404e-04 1.07667011e-05 4.88470489e-06 -9.19921694e-07
62               -4.40610706e-03 2.09559521e-04 -1.67046789e-04 -4.41685311e-03 2.04832267e-04 -1.66172386e-04 1.07460497e-05 4.72725372e-06 -8.74403291e-07
63               -4.39607076e-03 1.99014301e-04 -1.63611273e-04 -4.40677711e-03 1.94472054e-04 -1.62791654e-04 1.07063460e-05 4.54224728e-06 -8.19619017e-07
64               -4.38283493e-03 1.89925482e-04 -1.60628247e-04 -4.39348762e-03 1.85583043e-04 -1.59869139e-04 1.06526850e-05 4.34243899e-06 -7.59108331e-07
65               -4.36705414e-03 1.83217150e-04 -1.58407786e-04 -4.37764390e-03 1.79077816e-04 -1.57711430e-04 1.05897614e-05 4.13933384e-06 -6.96355932e-07
66               -4.34960037e-03 1.79428745e-04 -1.57130351e-04 -4.36011935e-03 1.75487768e-04 -1.56496201e-04 1.05189867e-05 3.94097651e-06 -6.34149550e-07
67               -4.33121930e-03 1.78479657e-04 -1.56792079e-04 -4.34166181e-03 1.74725459e-04 -1.56217131e-04 1.04425114e-05 3.75419761e-06 -5.74948359e-07
68               -4.31256205e-03 1.80038746e-04 -1.57301019e-04 -4.32292186e-03 1.76452222e-04 -1.56779645e-04 1.03598061e-05 3.58652322e-06 -5.21373015e-07
69               -4.29443144e-03 1.83624184e-04 -1.58527996e-04 -4.30470884e-03 1.80181846e-04 -1.58053327e-04 1.02773995e-05 3.44233854e-06 -4.74669249e-07
70               -4.27764907e-03 1.88849814e-04 -1.60357222e-04 -4.28784804e-03 1.85521727e-04 -1.59920455e-04 1.01989729e-05 3.32808740e-06 -4.36767353e-07
71               -4.26282349e-03 1.95388699e-04 -1.62703946e-04 -4.27295554e-03 1.92141193e-04 -1.62295771e-04 1.01320532e-05 3.24750626e-06 -4.08175142e-07
72               -4.25036572e-03 2.02903545e-04 -1.65447095e-04 -4.26044550e-03 1.99701697e-04 -1.65057970e-04 1.00797814e-05 3.20184810e-06 -3.89125107e-07
73               -4.24035556e-03 2.10745084e-04 -1.68357408e-04 -4.25040063e-03 2.07555239e-04 -1.67978378e-04 1.00450708e-05 3.18984565e-06 -3.79029395e-07
74               -4.23232461e-03 2.18114476e-04 -1.71146836e-04 -4.24235047e-03 2.14912536e-04 -1.70771393e-04 1.00258616e-05 3.20193999e-06 -3.75442982e-07
75               -4.22533492e-03 2.24323013e-04 -1.73577055e-04 -4.23535579e-03 2.21093746e-04 -1.73201082e-04 1.00208698e-05 3.22926696e-06 -3.75973511e-07
76               -4.21839234e-03 2.28836467e-04 -1.75450308e-04 -4.22841732e-03 2.25575889e-04 -1.75072910e-04 1.00249733e-05 3.26057772e-06 -3.77397897e-07
77               -4.21068539e-03 2.31249937e-04 -1.76616877e-04 -4.22072082e-03 2.27961031e-04 -1.76239402e-04 1.00354290e-05 3.28890599e-06 -3.77474752e-07
78               -4.20157811e-03 2.31358854e-04 -1.76977810e-04 -4.21162542e-03 2.28051675e-04 -1.76604003e-04 1.00473064e-05 3.30717835e-06 -3.73806169e-07
79               -4.19049713e-03 2.29323295e-04 -1.76568378e-04 -4.20055608e-03 2.26011182e-04 -1.76203237e-04 1.00589521e-05 3.31211364e-06 -3.65141109e-07
80               -4.17710701e-03 2.25607584e-04 -1.75530022e-04 -4.18717418e-03 2.22305664e-04 -1.75179355e-04 1.00671645e-05 3.30191943e-06 -3.50666846e-07
81               -4.16100870e-03 2.20846264e-04 -1.74082922e-04 -4.17108044e-03 2.17567805e-04 -1.73752099e-04 1.00717381e-05 3.27845862e-06 -3.30822224e-07
82               -4.14206925e-03 2.15606691e-04 -1.72415944e-04 -4.15214062e-03 2.12361741e-04 -1.72109615e-04 1.00713616e-05 3.24495012e-06 -3.06328777e-07
83               -4.12080407e-03 2.10567972e-04 -1.70759656e-04 -4.13086986e-03 2.07362500e-04 -1.70481311e-04 1.00657896e-05 3.20547193e-06 -2.78345417e-07
84               -4.09771505e-03 2.06438721e-04 -1.69358488e-04 -4.10776968e-03 2.03274679e-04 -1.69110148e-04 1.00546382e-05 3.16404136e-06 -2.48339797e-07
85               -4.07336756e-03 2.03717924e-04 -1.68397761e-04 -4.08340653e-03 2.00592914e-04 -1.68179806e-04 1.00389745e-05 3.12500964e-06 -2.17955183e-07
86               -4.04850311e-03 2.02693781e-04 -1.67998935e-04 -4.05852313e-03 1.99601276e-04 -1.67809959e-04 1.00200130e-05 3.09250547e-06 -1.88976321e-07
87               -4.02374974e-03 2.03468582e-04 -1.68219084e-04 -4.03374948e-03 2.00398675e-04 -1.68056386e-04 9.99973318e-06 3.06990665e-06 -1.62698422e-07
88               -3.99980759e-03 2.05911916e-04 -1.69026239e-04 -4.00978721e-03 2.02851811e-04 -1.68885873e-04 9.97962134e-06 3.06010505e-06 -1.40365341e-07
89               -3.97736521e-03 2.09694539e-04 -1.70321398e-04 -3.98732637e-03 2.06631220e-04 -1.70199065e-04 9.96115701e-06 3.06331876e-06 -1.22333225e-07
90               -3.95684979e-03 2.14390257e-04 -1.71966582e-04 -3.96679468e-03 2.11311428e-04 -1.71857979e-04 9.94488421e-06 3.07882830e-06 -1.08603446e-07
91               -3.93847963e-03 2.19472904e-04 -1.73782818e-04 -3.94841088e-03 2.16369794e-04 -1.73684530e-04 9.93125241e-06 3.10311052e-06 -9.82880529e-08
92               -3.92190933e-03 2.24341551e-04 -1.75563653e-04 -3.93182919e-03 2.21209577e-04 -1.75473264e-04 9.91986549e-06 3.13197407e-06 -9.03896414e-08
93               -3.90645800e-03 2.28501158e-04 -1.77130449e-04 -3.91636852e-03 2.25341223e-04 -1.77047154e-04 9.91052099e-06 3.15993585e-06 -8.32947162e-08
94               -3.89111623e-03 2.31582556e-04 -1.78344142e-04 -3.90101885e-03 2.28400020e-04 -1.78268537e-04 9.90262023e-06 3.18253654e-06 -7.56045623e-08
95               -3.87500261e-03 2.33257491e-04 -1.79074806e-04 -3.88489842e-03 2.30062090e-04 -1.79008940e-04 9.89581301e-06 3.19540091e-06 -6.58658345e-08
96               -3.85750776e-03 2.33314217e-04 -1.79228364e-04 -3.86739733e-03 2.30119575e-04 -1.79175613e-04 9.88957076e-06 3.19464198e-06 -5.27513798e-08
97               -3.83822249e-03 2.31742798e-04 -1.78779355e-04 -3.84810629e-03 2.28566831e-04 -1.78744523e-04 9.88380206e-06 3.17596621e-06 -3.48318810e-08
98               -3.81663686e-03 2.28832569e-04 -1.77835786e-04 -3.82651638e-03 2.25696073e-04 -1.77824641e-04 9.87951836e-06 3.13649588e-06 -1.11455968e-08
99               -3.79259983e-03 2.25064159e-04 -1.76561618e-04 -3.80247927e-03 2.21990024e-04 -1.76580667e-04 9.87943320e-06 3.07413413e-06 1.90497784e-08
100              -3.76631036e-03 2.21084190e-04 -1.75178442e-04 -3.77619666e-03 2.18094663e-04 -1.75234019e-04 9.88630652e-06 2.98952775e-06 5.55773689e-08
101              -3.73803295e-03 2.17468773e-04 -1.73894166e-04 -3.74793572e-03 2.14583730e-04 -1.73991771e-04 9.90277649e-06 2.88504259e-06 9.76048503e-08
102              -3.70836030e-03 2.14705189e-04 -1.72895480e-04 -3.71828987e-03 2.11939595e-04 -1.73038888e-04 9.92957227e-06 2.76559389e-06 1.43407809e-07
103              -3.68028294e-03 2.13269435e-04 -1.72398493e-04 -3.69024308e-03 2.10632069e-04 -1.72589388e-04 9.96013782e-06 2.63736652e-06 1.90894676e-07
104              -3.64859468e-03 2.12886008e-04 -1.72291652e-04 -3.65860525e-03 2.10380234e-04 -1.72530212e-04 1.00105745e-05 2.50577320e-06 2.38560307e-07
105              -3.61565904e-03 2.13632664e-04 -1.72615519e-04 -3.62573205e-03 2.11258454e-04 -1.72900908e-04 1.00730092e-05 2.37420996e-06 2.85389077e-07
106              -3.58944796e-03 2.15612193e-04 -1.73414483e-04 -3.59958544e-03 2.13369957e-04 -1.73745896e-04 1.01374725e-05 2.24223630e-06 3.31412837e-07
107              -3.56250269e-03 2.18644299e-04 -1.74668861e-04 -3.57271579e-03 2.16526737e-04 -1.75042702e-04 1.02131021e-05 2.11756184e-06 3.73840656e-07
108              -3.53402117e-03 2.22303602e-04 -1.76196402e-04 -3.54432177e-03 2.20306415e-04 -1.76610333e-04 1.03005945e-05 1.99718753e-06 4.13930741e-07
109              -3.50819454e-03 2.25958534e-04 -1.77717679e-04 -3.51859413e-03 2.24082366e-04 -1.78171066e-04 1.03995883e-05 1.87616725e-06 4.53387091e-07
110              -3.48379576e-03 2.29286983e-04 -1.79143062e-04 -3.49430098e-03 2.27533974e-04 -1.79635395e-04 1.05052224e-05 1.75300871e-06 4.92332641e-07
111              -3.45936786e-03 2.32149356e-04 -1.80452886e-04 -3.46998483e-03 2.30524912e-04 -1.80984962e-04 1.06169671e-05 1.62444412e-06 5.32076525e-07
112              -3.43438251e-03 2.34314394e-04 -1.81564860e-04 -3.44511465e-03 2.32824900e-04 -1.82138365e-04 1.07321388e-05 1.48949390e-06 5.73504726e-07
113              -3.40897498e-03 2.35526214e-04 -1.82362330e-04 -3.41982618e-03 2.34181385e-04 -1.82980559e-04 1.08512055e-05 1.34482904e-06 6.18229135e-07
114              -3.38340626e-03 2.35604913e-04 -1.82751094e-04 -3.39437441e-03 2.34413546e-04 -1.83417075e-04 1.09681512e-05 1.19136694e-06 6.65980838e-07
115              -3.35718661e-03 2.34567845e-04 -1.82720016e-04 -3.36827101e-03 2.33543741e-04 -1.83438534e-04 1.10843953e-05 1.02410459e-06 7.18518338e-07
116              -3.32949062e-03 2.32647351e-04 -1.82354495e-04 -3.34068631e-03 2.31802694e-04 -1.83129706e-04 1.11956940e-05 8.44656830e-07 7.75210868e-07
117              -3.29987232e-03 2.30250825e-04 -1.81806044e-04 -3.31117803e-03 2.29599090e-04 -1.82642776e-04 1.13057028e-05 6.51734571e-07 8.36731818e-07
118              -3.26836711e-03 2.27818389e-04 -1.81227900e-04 -3.27977988e-03 2.27367265e-04 -1.82128949e-04 1.14127646e-05 4.51123713e-07 9.01049088e-07
119              -3.23550565e-03 2.25726232e-04 -1.80751858e-04 -3.24702595e-03 2.25480731e-04 -1.81719718e-04 1.15202984e-05 2.45500846e-07 9.67860017e-07
120              -3.20191204e-03 2.24315959e-04 -1.80497508e-04 -3.21354040e-03 2.24274414e-04 -1.81532529e-04 1.16283638e-05 4.15441679e-08 1.03502037e-06
121              -3.16776905e-03 2.23826967e-04 -1.80553861e-04 -3.17950907e-03 2.23980988e-04 -1.81654445e-04 1.17400152e-05 -1.54020870e-07 1.10058403e-06
122              -3.13304742e-03 2.24511650e-04 -1.81011245e-04 -3.14490407e-03 2.24848479e-04 -1.82174587e-04 1.18566456e-05 -3.36829528e-07 1.16334271e-06
123              -3.09783708e-03 2.26478639e-04 -1.81907684e-04 -3.10981793e-03 2.26978459e-04 -1.83128273e-04 1.19808516e-05 -4.99819650e-07 1.22058952e-06
124              -3.06232349e-03 2.29771673e-04 -1.83260291e-04 -3.07443758e-03 2.30412292e-04 -1.84532252e-04 1.21140877e-05 -6.40619868e-07 1.27196080e-06
125              -3.02675481e-03 2.34296039e-04 -1.85037533e-04 -3.03901259e-03 2.35051659e-04 -1.86353737e-04 1.22577768e-05 -7.55619269e-07 1.31620341e-06
126              -2.99132114e-03 2.39917311e-04 -1.87204312e-04 -3.00373319e-03 2.40763776e-04 -1.88557942e-04 1.24120484e-05 -8.46465428e-07 1.35362990e-06
127              -2.95596721e-03 2.46395845e-04 -1.89684335e-04 -2.96854543e-03 2.47308926e-04 -1.91068696e-04 1.25782159e-05 -9.13081914e-07 1.38436107e-06
128              -2.92030528e-03 2.53306627e-04 -1.92329476e-04 -2.93306183e-03 2.54265315e-04 -1.93739090e-04 1.27565464e-05 -9.58687993e-07 1.40961377e-06
129              -2.88407596e-03 2.60271914e-04 -1.95003844e-04 -2.89702350e-03 2.61258935e-04 -1.96434500e-04 1.29475416e-05 -9.87020531e-07 1.43065569e-06
130              -2.84710626e-03 2.66970418e-04 -1.97594301e-04 -2.86025646e-03 2.67974301e-04 -1.99043232e-04 1.31502030e-05 -1.00388297e-06 1.44893110e-06
131              -2.80923512e-03 2.73168059e-04 -2.00018100e-04 -2.82259864e-03 2.74183653e-04 -2.01483994e-04 1.33635125e-05 -1.01559432e-06 1.46589350e-06
132              -2.77034073e-03 2.78756318e-04 -2.02235124e-04 -2.78392835e-03 2.79783634e-04 -2.03717881e-04 1.35876190e-05 -1.02731555e-06 1.48275638e-06
133              -2.73029132e-03 2.83760211e-04 -2.04258080e-04 -2.74411284e-03 2.84800919e-04 -2.05757781e-04 1.38215264e-05 -1.04070799e-06 1.49970069e-06
134              -2.68900743e-03 2.88291546e-04 -2.06128030e-04 -2.70307327e-03 2.89348526e-04 -2.07645121e-04 1.40658454e-05 -1.05697970e-06 1.51709095e-06
135              -2.64649845e-03 2.92481612e-04 -2.07890055e-04 -2.66081930e-03 2.93557565e-04 -2.09425624e-04 1.43208537e-05 -1.07595382e-06 1.53556885e-06
136              -2.60294605e-03 2.96415409e-04 -2.09571203e-04 -2.61753069e-03 2.97512209e-04 -2.11126122e-04 1.45846412e-05 -1.09680021e-06 1.55491859e-06
137              -2.55852567e-03 3.00188105e-04 -2.11202162e-04 -2.57338326e-03 3.01308717e-04 -2.12777633e-04 1.48575832e-05 -1.12061182e-06 1.57547099e-06
138              -2.51347201e-03 3.03899094e-04 -2.12817466e-04 -2.52861236e-03 3.05046236e-04 -2.14415167e-04 1.51403452e-05 -1.14714284e-06 1.59770060e-06
139              -2.46801084e-03 3.07655900e-04 -2.14457332e-04 -2.48344208e-03 3.08832229e-04 -2.16078305e-04 1.54312397e-05 -1.17632862e-06 1.62097260e-06
140              -2.42227637e-03 3.11561579e-04 -2.16160440e-04 -2.43800874e-03 3.12769083e-04 -2.17805413e-04 1.57323658e-05 -1.20750464e-06 1.64497325e-06
141              -2.37633112e-03 3.15697779e-04 -2.17956177e-04 -2.39237290e-03 3.16936231e-04 -2.19624916e-04 1.60417846e-05 -1.23845191e-06 1.66873952e-06
142              -2.33023499e-03 3.20099872e-04 -2.19857498e-04 -2.34659608e-03 3.21369114e-04 -2.21549983e-04 1.63610824e-05 -1.26924240e-06 1.69248535e-06
143              -2.28401035e-03 3.24733221e-04 -2.21850812e-04 -2.30069753e-03 3.26032517e-04 -2.23566878e-04 1.66871796e-05 -1.29929604e-06 1.71606637e-06
144              -2.23756699e-03 3.29526579e-04 -2.23908313e-04 -2.25458784e-03 3.30854697e-04 -2.25647936e-04 1.70208497e-05 -1.32811835e-06 1.73962297e-06
145              -2.19084683e-03 3.34400801e-04 -2.26004034e-04 -2.20820690e-03 3.35756444e-04 -2.27766671e-04 1.73600608e-05 -1.35564265e-06 1.76263754e-06
146              -2.14373801e-03 3.39287441e-04 -2.28112930e-04 -2.16144397e-03 3.40670423e-04 -2.29898478e-04 1.77059624e-05 -1.38298264e-06 1.78554822e-06
147              -2.09606920e-03 3.44116708e-04 -2.30209974e-04 -2.11412578e-03 3.45526744e-04 -2.32018036e-04 1.80565768e-05 -1.41003628e-06 1.80806161e-06
148              -2.04765746e-03 3.48843116e-04 -2.32278023e-04 -2.06607096e-03 3.50280139e-04 -2.34108851e-04 1.84134985e-05 -1.43702282e-06 1.83082804e-06
149              -1.99836534e-03 3.53432227e-04 -2.34304190e-04 -2.01714011e-03 3.54896238e-04 -2.36157784e-04 1.87747739e-05 -1.46401096e-06 1.85359360e-06
150              -1.94814380e-03 3.57885470e-04 -2.36288092e-04 -1.96728566e-03 3.59376751e-04 -2.38164473e-04 1.91418655e-05 -1.49128172e-06 1.87638021e-06
151              -1.89697267e-03 3.62223387e-04 -2.38236356e-04 -1.91648376e-03 3.63740683e-04 -2.40135242e-04 1.95110928e-05 -1.51729601e-06 1.89888623e-06
152              -1.84485188e-03 3.66507084e-04 -2.40171063e-04 -1.86473537e-03 3.68049107e-04 -2.42092633e-04 1.98834804e-05 -1.54202329e-06 1.92157048e-06
153              -1.79180343e-03 3.70803206e-04 -2.42117059e-04 -1.81205927e-03 3.72367821e-04 -2.44061069e-04 2.02558402e-05 -1.56461578e-06 1.94400939e-06
154              -1.73787672e-03 3.75193581e-04 -2.44103942e-04 -1.75850564e-03 3.76777411e-04 -2.46070131e-04 2.06289171e-05 -1.58382965e-06 1.96618899e-06
155              -1.68321060e-03 3.79730130e-04 -2.46149951e-04 -1.70421111e-03 3.81327586e-04 -2.48137326e-04 2.10005062e-05 -1.59745514e-06 1.98737561e-06
156              -1.62795788e-03 3.84468287e-04 -2.48275583e-04 -1.64932915e-03 3.86072349e-04 -2.50283208e-04 2.13712751e-05 -1.60406258e-06 2.00762518e-06
157              -1.57225249e-03 3.89435825e-04 -2.50492407e-04 -1.59399273e-03 3.91037955e-04 -2.52518670e-04 2.17402424e-05 -1.60212934e-06 2.02626324e-06
158              -1.51618017e-03 3.94654820e-04 -2.52809227e-04 -1.53828785e-03 3.96245285e-04 -2.54852542e-04 2.21076769e-05 -1.59046503e-06 2.04331540e-06
159              -1.45975642e-03 4.00114281e-04 -2.55222692e-04 -1.48222849e-03 4.01683533e-04 -2.57281430e-04 2.24720620e-05 -1.56925176e-06 2.05873769e-06
160              -1.40296085e-03 4.05800018e-04 -2.57729057e-04 -1.42579730e-03 4.07338285e-04 -2.59801491e-04 2.28364497e-05 -1.53826766e-06 2.07243409e-06
161              -1.34575356e-03 4.11665343e-04 -2.60311160e-04 -1.36895308e-03 4.13162206e-04 -2.62395292e-04 2.31995240e-05 -1.49686333e-06 2.08413138e-06
162              -1.28807291e-03 4.17683920e-04 -2.62957330e-04 -1.31163561e-03 4.19129386e-04 -2.65051448e-04 2.35626994e-05 -1.44546591e-06 2.09411828e-06
163              -1.22989191e-03 4.23805565e-04 -2.65649112e-04 -1.25381807e-03 4.25189957e-04 -2.67751514e-04 2.39261572e-05 -1.38439198e-06 2.10240212e-06
164              -1.17111333e-03 4.29984153e-04 -2.68369467e-04 -1.19540395e-03 4.31298749e-04 -2.70478700e-04 2.42906222e-05 -1.31459615e-06 2.10923310e-06
165              -1.11167548e-03 4.36168900e-04 -2.71101032e-04 -1.13633168e-03 4.37405566e-04 -2.73215655e-04 2.46562040e-05 -1.23666521e-06 2.11462281e-06
166              -1.05151281e-03 4.42339053e-04 -2.73839138e-04 -1.07653411e-03 4.43489578e-04 -2.75957704e-04 2.50213018e-05 -1.15052521e-06 2.11856619e-06
167              -9.90541224e-04 4.48489616e-04 -2.76582180e-04 -1.01592855e-03 4.49547216e-04 -2.78703375e-04 2.53873278e-05 -1.05759947e-06 2.12119547e-06
168              -9.28715660e-04 4.54636109e-04 -2.79335938e-04 -9.54467830e-04 4.55593557e-04 -2.81458247e-04 2.57521705e-05 -9.57447921e-07 2.12230899e-06
169              -8.65961900e-04 4.60789496e-04 -2.82103043e-04 -8.92079163e-04 4.61643760e-04 -2.84226024e-04 2.61172625e-05 -8.54263512e-07 2.12298132e-06
170              -8.02214456e-04 4.66979711e-04 -2.84891049e-04 -8.28696157e-04 4.67727323e-04 -2.87013613e-04 2.64817009e-05 -7.47611434e-07 2.12256334e-06
171              -7.37563686e-04 4.73244398e-04 -2.87714769e-04 -7.64409741e-04 4.73882219e-04 -2.89836228e-04 2.68460548e-05 -6.37820600e-07 2.12145852e-06
172              -6.72164767e-04 4.79615306e-04 -2.90589631e-04 -6.99373854e-04 4.80139760e-04 -2.92709105e-04 2.72090868e-05 -5.24454302e-07 2.11947365e-06
173              -6.06102870e-04 4.86119348e-04 -2.93525717e-04 -6.33675724e-04 4.86529431e-04 -2.95643074e-04 2.75728546e-05 -4.10083733e-07 2.11735689e-06
174              -5.39415844e-04 4.92769036e-04 -2.96527118e-04 -5.67351933e-04 4.93063122e-04 -2.98641649e-04 2.79360887e-05 -2.94085890e-07 2.11453153e-06
175              -4.72118450e-04 4.99573833e-04 -2.99595656e-04 -5.00418053e-04 4.99752444e-04 -3.01707317e-04 2.82996031e-05 -1.78610805e-07 2.11166161e-06
176              -4.04222076e-04 5.06531096e-04 -3.02728729e-04 -4.32884013e-04 5.06595000e-04 -3.04837211e-04 2.86619370e-05 -6.39046435e-08 2.10848190e-06
177              -3.35725093e-04 5.13631170e-04 -3.05921685e-04 -3.64750632e-04 5.13583215e-04 -3.08027391e-04 2.90255400e-05 4.79556722e-08 2.10570542e-06
178              -2.66685744e-04 5.20838543e-04 -3.09162306e-04 -2.96075937e-04 5.20682104e-04 -3.11265227e-04 2.93901925e-05 1.56439566e-07 2.10292101e-06
179              -1.97106406e-04 5.28124405e-04 -3.12438584e-04 -2.26863346e-04 5.27863962e-04 -3.14539378e-04 2.97569399e-05 2.60442607e-07 2.10079384e-06
180              -1.26976762e-04 5.35441584e-04 -3.15735399e-04 -1.57101244e-04 5.35080220e-04 -3.17834095e-04 3.01244816e-05 3.61364726e-07 2.09869508e-06
181              -5.62676834e-05 5.42748915e-04 -3.19036182e-04 -8.67618942e-05 5.42290526e-04 -3.21133425e-04 3.04942109e-05 4.58388924e-07 2.09724354e-06
182              1.50713936e-05 5.50005404e-04 -3.22324867e-04 -1.57934319e-05 5.49452996e-04 -3.24420955e-04 3.08648256e-05 5.52408433e-07 2.09608846e-06
183              8.71310163e-05 5.57196772e-04 -3.25592097e-04 5.58939229e-05 5.56555581e-04 -3.27688370e-04 3.12370933e-05 6.41191423e-07 2.09627330e-06
184              1.59962663e-04 5.64311825e-04 -3.28833304e-04 1.28353454e-04 5.63585229e-04 -3.30930474e-04 3.16092096e-05 7.26595837e-07 2.09716955e-06
185              2.33571669e-04 5.71358974e-04 -3.32051473e-04 2.01588309e-04 5.70553070e-04 -3.34151153e-04 3.19833591e-05 8.05903612e-07 2.09968078e-06
186              3.07885673e-04 5.78336284e-04 -3.35248263e-04 2.75527567e-04 5.77454306e-04 -3.37351003e-04 3.23581052e-05 8.81978162e-07 2.10274003e-06
187              3.82873987e-04 5.85259661e-04 -3.38426730e-04 3.50139389e-04 5.84307186e-04 -3.40534095e-04 3.27345978e-05 9.52475074e-07 2.10736547e-06
188              4.58529204e-04 5.92136819e-04 -3.41590169e-04 4.25416985e-04 5.91117133e-04 -3.43702959e-04 3.31122188e-05 1.01968582e-06 2.11279086e-06
189              5.34854594e-04 5.99003898e-04 -3.44747543e-04 5.01361563e-04 5.97921000e-04 -3.46867252e-04 3.34930310e-05 1.08289834e-06 2.11970847e-06
190              6.11836772e-04 6.05874084e-04 -3.47906648e-04 5.77961929e-04 6.04730177e-04 -3.50033892e-04 3.38748426e-05 1.14390772e-06 2.12724424e-06
191              6.89483815e-04 6.12783029e-04 -3.51077222e-04 6.55224243e-04 6.11580636e-04 -3.53213123e-04 3.42595720e-05 1.20239254e-06 2.13590152e-06
192              7.67713080e-04 6.19731864e-04 -3.54264515e-04 7.33068118e-04 6.18473033e-04 -3.56409852e-04 3.46449617e-05 1.25883109e-06 2.14533729e-06
193              8.46495455e-04 6.26745879e-04 -3.57472996e-04 8.11462368e-04 6.25433072e-04 -3.59628995e-04 3.50330870e-05 1.31280626e-06 2.15599890e-06
194              9.25806860e-04 6.33805744e-04 -3.60700315e-04 8.90384386e-04 6.32440127e-04 -3.62867373e-04 3.54224734e-05 1.36561791e-06 2.16705809e-06
195              1.00567153e-03 6.40910813e-04 -3.63941457e-04 9.69855143e-04 6.39494822e-04 -3.66120870e-04 3.58163879e-05 1.41599084e-06 2.17941317e-06
196              1.08609184e-03 6.48033171e-04 -3.67191820e-04 1.04988004e-03 6.46569286e-04 -3.69384182e-04 3.62117911e-05 1.46388416e-06 2.19236156e-06
197              1.16707929e-03 6.55190883e-04 -3.70453045e-04 1.13046743e-03 6.53681328e-04 -3.72659529e-04 3.66118548e-05 1.50955494e-06 2.20648358e-06
198              1.24863399e-03 6.62359886e-04 -3.73722134e-04 1.21162027e-03 6.60808027e-04 -3.75943532e-04 3.70137198e-05 1.55185921e-06 2.22139791e-06
199              1.33081575e-03 6.69548417e-04 -3.76997023e-04 1.29339578e-03 6.67957029e-04 -3.79234600e-04 3.74199782e-05 1.59138848e-06 2.23757679e-06
200              1.41366374e-03 6.76728203e-04 -3.80273231e-04 1.37583668e-03 6.75099421e-04 -3.82527340e-04 3.78270599e-05 1.62878264e-06 2.25410856e-06
201              1.49721162e-03 6.83898299e-04 -3.83545666e-04 1.45897401e-03 6.82233404e-04 -3.85817151e-04 3.82376055e-05 1.66489483e-06 2.27148596e-06
202              1.58146186e-03 6.91041512e-04 -3.86813043e-04 1.54281187e-03 6.89342139e-04 -3.89102301e-04 3.86499823e-05 1.69937286e-06 2.28925775e-06
203              1.66646111e-03 6.98170160e-04 -3.90074663e-04 1.62739522e-03 6.96438346e-04 -3.92382628e-04 3.90658905e-05 1.73181434e-06 2.30796526e-06
204              1.75220484e-03 7.05282474e-04 -3.93333900e-04 1.71272091e-03 7.03520059e-04 -3.95661280e-04 3.94839260e-05 1.76241420e-06 2.32738005e-06
205              1.83871428e-03 7.12389571e-04 -3.96592239e-04 1.79880936e-03 7.10599145e-04 -3.98940030e-04 3.99049208e-05 1.79042556e-06 2.34779128e-06
206              1.92596289e-03 7.19505333e-04 -3.99859200e-04 1.88563420e-03 7.17687359e-04 -4.02227818e-04 4.03286896e-05 1.81797442e-06 2.36861763e-06
207              2.01394658e-03 7.26648629e-04 -4.03139444e-04 1.97319177e-03 7.24805136e-04 -4.05529540e-04 4.07548190e-05 1.84349254e-06 2.39009569e-06
208              2.10263232e-03 7.33835073e-04 -4.06440915e-04 2.06144902e-03 7.31967534e-04 -4.08852975e-04 4.11832921e-05 1.86753805e-06 2.41205968e-06
209              2.19202162e-03 7.41067617e-04 -4.09762158e-04 2.15040775e-03 7.39178029e-04 -4.12196772e-04 4.16138638e-05 1.88958809e-06 2.43461380e-06
210              2.28207550e-03 7.48346593e-04 -4.13105244e-04 2.24002880e-03 7.46436071e-04 -4.15562784e-04 4.20466995e-05 1.91052225e-06 2.45753974e-06
211              2.37277787e-03 7.55664646e-04 -4.16465335e-04 2.33029655e-03 7.53734350e-04 -4.18946173e-04 4.24813156e-05 1.93029590e-06 2.48083797e-06
212              2.46409836e-03 7.63025412e-04 -4.19845728e-04 2.42117991e-03 7.61076484e-04 -4.22350268e-04 4.29184462e-05 1.94892823e-06 2.50453968e-06
213              2.55603297e-03 7.70412786e-04 -4.23239239e-04 2.51267563e-03 7.68447207e-04 -4.25768029e-04 4.33573369e-05 1.96557972e-06 2.52878977e-06
214              2.64859367e-03 7.77815495e-04 -4.26641607e-04 2.60479417e-03 7.75834993e-04 -4.29195375e-04 4.37995042e-05 1.98050218e-06 2.55376757e-06
215              2.74179152e-03 7.85201425e-04 -4.30040055e-04 2.69754731e-03 7.83207653e-04 -4.32619626e-04 4.42442069e-05 1.99377127e-06 2.57957046e-06
216              2.83561563e-03 7.92572481e-04 -4.33435737e-04 2.79092320e-03 7.90567630e-04 -4.36041972e-04 4.46924333e-05 2.00485130e-06 2.60623491e-06
217              2.93006022e-03 7.99908250e-04 -4.36820639e-04 2.88491870e-03 7.97893522e-04 -4.39453820e-04 4.51415197e-05 2.01472823e-06 2.63318069e-06
218              3.02515270e-03 8.07214278e-04 -4.40196736e-04 2.97955803e-03 8.05192720e-04 -4.42857894e-04 4.55946625e-05 2.02155846e-06 2.66115736e-06
219              3.12092749e-03 8.14467835e-04 -4.43555563e-04 3.07487930e-03 8.12439980e-04 -4.46244825e-04 4.60481886e-05 2.02785418e-06 2.68926231e-06
220              3.21737814e-03 8.21674262e-04 -4.46899507e-04 3.17087336e-03 8.19641851e-04 -4.49617597e-04 4.65047877e-05 2.03241069e-06 2.71808972e-06
221              3.31450677e-03 8.28810324e-04 -4.50220392e-04 3.26754549e-03 8.26773448e-04 -4.52967338e-04 4.69612742e-05 2.03687591e-06 2.74694531e-06
222              3.41237178e-03 8.35898179e-04 -4.53526419e-04 3.36495076e-03 8.33858808e-04 -4.56303093e-04 4.74210177e-05 2.03937059e-06 2.77667373e-06
223              3.51099773e-03 8.42941410e-04 -4.56818598e-04 3.46311801e-03 8.40898982e-04 -4.59624777e-04 4.78797178e-05 2.04242786e-06 2.80617879e-06
224              3.61038465e-03 8.49987753e-04 -4.60114344e-04 3.56204245e-03 8.47943590e-04 -4.62950811e-04 4.83422048e-05 2.04416288e-06 2.83646660e-06
225              3.71048028e-03 8.57042653e-04 -4.63415141e-04 3.66167697e-03 8.54995811e-04 -4.66281489e-04 4.88033120e-05 2.04684230e-06 2.86634815e-06
226              3.81127903e-03 8.64141727e-04 -4.66734317e-04 3.76201086e-03 8.62093680e-04 -4.69631321e-04 4.92681784e-05 2.04804732e-06 2.89700427e-06
227              3.91276851e-03 8.71263752e-04 -4.70065147e-04 3.86303730e-03 8.69213240e-04 -4.72992279e-04 4.97312159e-05 2.05051233e-06 2.92713162e-06
228              4.01495529e-03 8.78445902e-04 -4.73422045e-04 3.96475715e-03 8.76394207e-04 -4.76380083e-04 5.01981466e-05 2.05169522e-06 2.95803878e-06
229              4.11780893e-03 8.85677201e-04 -4.76801171e-04 4.06714505e-03 8.83621951e-04 -4.79789383e-04 5.06638830e-05 2.05524975e-06 2.98821255e-06
230              4.22130713e-03 8.92983016e-04 -4.80212226e-04 4.17017328e-03 8.90925886e-04 -4.83231528e-04 5.11338532e-05 2.05713018e-06 3.01930247e-06
231              4.32540930e-03 9.00348743e-04 -4.83649998e-04 4.27380773e-03 8.98288106e-04 -4.86699634e-04 5.16015676e-05 2.06063750e-06 3.04963583e-06
232              4.43012176e-03 9.07817668e-04 -4.87129945e-04 4.37804810e-03 9.05754997e-04 -4.90210798e-04 5.20736653e-05 2.06267146e-06 3.08085300e-06
233              4.53539935e-03 9.15361180e-04 -4.90642182e-04 4.48285619e-03 9.13294068e-04 -4.93753264e-04 5.25431605e-05 2.06711191e-06 3.11108260e-06
234              4.64122708e-03 9.22994729e-04 -4.94193395e-04 4.58820993e-03 9.20924377e-04 -4.97335559e-04 5.30171539e-05 2.07035243e-06 3.14216460e-06
235              4.74757232e-03 9.30674526e-04 -4.97767856e-04 4.69408413e-03 9.28598667e-04 -5.00940160e-04 5.34881955e-05 2.07585896e-06 3.17230422e-06
236              4.85444633e-03 9.38422410e-04 -5.01373458e-04 4.80048278e-03 9.36342474e-04 -5.04576803e-04 5.39635486e-05 2.07993580e-06 3.20334498e-06
237              4.96185855e-03 9.46215030e-04 -5.05001950e-04 4.90742279e-03 9.44127991e-04 -5.08235181e-04 5.44357630e-05 2.08703866e-06 3.23323070e-06
238              5.06987437e-03 9.54087933e-04 -5.08665464e-04 5.01496173e-03 9.51994730e-04 -5.11929406e-04 5.49126405e-05 2.09320331e-06 3.26394267e-06
239              5.17848188e-03 9.61990786e-04 -5.12345183e-04 5.12309527e-03 9.59888072e-04 -5.15638559e-04 5.53866028e-05 2.10271446e-06 3.29337632e-06
240              5.28766236e-03 9.69934027e-04 -5.16044602e-04 5.23179634e-03 9.67823028e-04 -5.19368376e-04 5.58660225e-05 2.11099894e-06 3.32377383e-06
241              5.39742785e-03 9.77872968e-04 -5.19746842e-04 5.34108492e-03 9.75749934e-04 -5.23099633e-04 5.63429334e-05 2.12303399e-06 3.35279112e-06
242              5.50786938e-03 9.85850797e-04 -5.23467246e-04 5.45104421e-03 9.83717287e-04 -5.26850071e-04 5.68251671e-05 2.13351085e-06 3.38282493e-06
243              5.61900416e-03 9.93835200e-04 -5.27194339e-04 5.56169930e-03 9.91687514e-04 -5.30605740e-04 5.73048597e-05 2.14768659e-06 3.41140095e-06
244              5.73087237e-03 1.00186550e-03 -5.30942553e-04 5.67308221e-03 9.99705648e-04 -5.34383740e-04 5.77901566e-05 2.15985513e-06 3.44118739e-06
245              5.84349545e-03 1.00991133e-03 -5.34699839e-04 5.78522259e-03 1.00773523e-03 -5.38169206e-04 5.82728682e-05 2.17609703e-06 3.46936685e-06
246              5.95692048e-03 1.01801021e-03 -5.38478168e-04 5.89815961e-03 1.01581935e-03 -5.41976675e-04 5.87608688e-05 2.19085771e-06 3.49850677e-06
247              6.07116949e-03 1.02611352e-03 -5.42260956e-04 6.01192298e-03 1.02390364e-03 -5.45787094e-04 5.92465065e-05 2.20987245e-06 3.52613878e-06
248              6.18631323e-03 1.03425216e-03 -5.46060305e-04 6.12657510e-03 1.03202545e-03 -5.49615350e-04 5.97381363e-05 2.22671349e-06 3.55504530e-06
249              6.30234124e-03 1.04238396e-03 -5.49861362e-04 6.24211368e-03 1.04013594e-03 -5.53443728e-04 6.02275639e-05 2.24801928e-06 3.58236588e-06
250              6.41927858e-03 1.05055062e-03 -5.53678463e-04 6.35855570e-03 1.04828371e-03 -5.57289556e-04 6.07228771e-05 2.26690962e-06 3.61109326e-06
251              6.53705906e-03 1.05870253e-03 -5.57494061e-04 6.47584294e-03 1.05641228e-03 -5.61132269e-04 6.12161167e-05 2.29025178e-06 3.63820764e-06
252              6.65566481e-03 1.06688037e-03 -5.61321909e-04 6.59394945e-03 1.06456971e-03 -5.64988809e-04 6.17153549e-05 2.31066052e-06 3.66690027e-06
253              6.77505895e-03 1.07504389e-03 -5.65146312e-04 6.71284625e-03 1.07270840e-03 -5.68840359e-04 6.22126993e-05 2.33548454e-06 3.69404737e-06
254              6.89527257e-03 1.08323370e-03 -5.68980598e-04 6.83255614e-03 1.08087680e-03 -5.72703533e-04 6.27164306e-05 2.35690575e-06 3.72293528e-06
255              7.01622656e-03 1.09141001e-03 -5.72811091e-04 6.95300851e-03 1.08902727e-03 -5.76561357e-04 6.32180440e-05 2.38274579e-06 3.75026527e-06
256              7.13792462e-03 1.09962490e-03 -5.76657769e-04 7.07419842e-03 1.09722039e-03 -5.80437331e-04 6.37262059e-05 2.40451394e-06 3.77956243e-06
257              7.26029892e-03 1.10784120e-03 -5.80506506e-04 7.19606685e-03 1.10541050e-03 -5.84313739e-04 6.42320733e-05 2.43070059e-06 3.80723328e-06
258              7.38333570e-03 1.11610512e-03 -5.84373754e-04 7.31859087e-03 1.11365297e-03 -5.88210720e-04 6.47448373e-05 2.45215144e-06 3.83696555e-06
259              7.50694864e-03 1.12437906e-03 -5.88249444e-04 7.44169351e-03 1.12190106e-03 -5.92114468e-04 6.52551366e-05 2.47800476e-06 3.86502456e-06
260              7.63116070e-03 1.13272277e-03 -5.92157589e-04 7.56538866e-03 1.13022340e-03 -5.96052773e-04 6.57720454e-05 2.49936896e-06 3.89518387e-06
261              7.75594268e-03 1.14107964e-03 -5.96076886e-04 7.68965674e-03 1.13855412e-03 -6.00000473e-04 6.62859402e-05 2.52551923e-06 3.92358728e-06
262              7.88133408e-03 1.14949527e-03 -6.00022095e-04 7.81452737e-03 1.14694881e-03 -6.03976353e-04 6.68067149e-05 2.54645968e-06 3.95425750e-06
263              8.00721692e-03 1.15792206e-03 -6.03975812e-04 7.93989238e-03 1.15534983e-03 -6.07958927e-04 6.73245391e-05 2.57222540e-06 3.98311527e-06
264              8.13355688e-03 1.16640434e-03 -6.07955185e-04 8.06570764e-03 1.16381169e-03 -6.11969522e-04 6.78492454e-05 2.59264959e-06 4.01433643e-06
265              8.26031478e-03 1.17491764e-03 -6.11952747e-04 8.19194384e-03 1.17229962e-03 -6.15996454e-04 6.83709407e-05 2.61801609e-06 4.04370696e-06
266              8.38754415e-03 1.18350940e-03 -6.15984947e-04 8.31864410e-03 1.18087181e-03 -6.20060533e-04 6.89000406e-05 2.63759281e-06 4.07558621e-06
267              8.51513585e-03 1.19211527e-03 -6.20028509e-04 8.44570978e-03 1.18945310e-03 -6.24134098e-04 6.94260659e-05 2.66216794e-06 4.10558869e-06
268              8.64314553e-03 1.20079036e-03 -6.24102247e-04 8.57318541e-03 1.19810961e-03 -6.28240415e-04 6.99601190e-05 2.68075295e-06 4.13816873e-06
269              8.77163822e-03 1.20950512e-03 -6.28195095e-04 8.70114705e-03 1.20680073e-03 -6.32363943e-04 7.04911701e-05 2.70438711e-06 4.16884742e-06
270              8.90074186e-03 1.21832255e-03 -6.32329960e-04 8.82971157e-03 1.21560071e-03 -6.36532157e-04 7.10302843e-05 2.72183724e-06 4.20219738e-06
271              9.03049286e-03 1.22720106e-03 -6.36492507e-04 8.95892646e-03 1.22445611e-03 -6.40725983e-04 7.15663969e-05 2.74494574e-06 4.23347592e-06
272              9.16098691e-03 1.23619090e-03 -6.40700678e-04 9.08887606e-03 1.23342886e-03 -6.44968109e-04 7.21108521e-05 2.76203631e-06 4.26743072e-06
273              9.29226409e-03 1.24524769e-03 -6.44939242e-04 9.21961206e-03 1.24246242e-03 -6.49238315e-04 7.26520362e-05 2.78527121e-06 4.29907340e-06
274              9.42443991e-03 1.25442957e-03 -6.49229008e-04 9.35123820e-03 1.25162708e-03 -6.53562328e-04 7.32017108e-05 2.80248850e-06 4.33332042e-06
275              9.55756119e-03 1.26369630e-03 -6.53556444e-04 9.48381308e-03 1.26086984e-03 -6.57921498e-04 7.37481138e-05 2.82646207e-06 4.36505441e-06
276              9.69173862e-03 1.27309282e-03 -6.57936883e-04 9.61743549e-03 1.27024835e-03 -6.62336264e-04 7.43031244e-05 2.84446714e-06 4.39938084e-06
277              9.82692523e-03 1.28255073e-03 -6.62345227e-04 9.75207051e-03 1.27968109e-03 -6.66776236e-04 7.48547129e-05 2.86964452e-06 4.43100956e-06
278              9.96310360e-03 1.29210858e-03 -6.66795116e-04 9.88768829e-03 1.28922009e-03 -6.71260436e-04 7.54153096e-05 2.88848747e-06 4.46531926e-06
279              1.01001727e-02 1.30168792e-03 -6.71258305e-04 1.00242007e-02 1.29877342e-03 -6.75755197e-04 7.59720200e-05 2.91449654e-06 4.49689166e-06
280              1.02382334e-02 1.31133337e-03 -6.75753809e-04 1.01616961e-02 1.30839922e-03 -6.80284984e-04 7.65372922e-05 2.93414591e-06 4.53117546e-06
281              1.03772932e-02 1.32098787e-03 -6.80259150e-04 1.03001953e-02 1.31802649e-03 -6.84821773e-04 7.70979096e-05 2.96138636e-06 4.56262273e-06
282              1.05174141e-02 1.33071330e-03 -6.84793285e-04 1.04397473e-02 1.32773125e-03 -6.89390199e-04 7.76667464e-05 2.98204939e-06 4.59691402e-06
283              1.06585216e-02 1.34044446e-03 -6.89331780e-04 1.05802912e-02 1.33743377e-03 -6.93960034e-04 7.82304132e-05 3.01068342e-06 4.62825405e-06
284              1.08006410e-02 1.35024611e-03 -6.93901027e-04 1.07218384e-02 1.34721376e-03 -6.98563607e-04 7.88025379e-05 3.03235199e-06 4.66258003e-06
285              1.09436351e-02 1.36006338e-03 -6.98483400e-04 1.08642659e-02 1.35700109e-03 -7.03177245e-04 7.93691655e-05 3.06228385e-06 4.69384561e-06
286              1.10875564e-02 1.36996421e-03 -7.03104669e-04 1.10076122e-02 1.36687902e-03 -7.07832793e-04 7.99442202e-05 3.08518618e-06 4.72812416e-06
287              1.12323267e-02 1.37990855e-03 -7.07750784e-04 1.11518131e-02 1.37679207e-03 -7.12510049e-04 8.05135103e-05 3.11647950e-06 4.75926512e-06
288              1.13779587e-02 1.38995436e-03 -7.12442866e-04 1.12968674e-02 1.38681377e-03 -7.17236335e-04 8.10913219e-05 3.14058606e-06 4.79346841e-06
289              1.15244009e-02 1.40004234e-03 -7.17157037e-04 1.14427376e-02 1.39686913e-03 -7.21981554e-04 8.16633307e-05 3.17321123e-06 4.82451690e-06
290              1.16717185e-02 1.41022290e-03 -7.21909779e-04 1.15894742e-02 1.40702428e-03 -7.26768499e-04 8.22442650e-05 3.19861429e-06 4.85871995e-06
291              1.18198349e-02 1.42043286e-03 -7.26678404e-04 1.17370155e-02 1.41720010e-03 -7.31568075e-04 8.28193924e-05 3.23275377e-06 4.88967188e-06
292              1.19686876e-02 1.43071665e-03 -7.31480440e-04 1.18852839e-02 1.42745740e-03 -7.36404324e-04 8.34036642e-05 3.25924924e-06 4.92388369e-06
293              1.21181394e-02 1.44100588e-03 -7.36289964e-04 1.20341572e-02 1.43771141e-03 -7.41244800e-04 8.39821244e-05 3.29446734e-06 4.95483655e-06
294              1.22682230e-02 1.45133960e-03 -7.41122090e-04 1.21836528e-02 1.44801774e-03 -7.46111272e-04 8.45701701e-05 3.32186269e-06 4.98918206e-06
295              1.24189119e-02 1.46163372e-03 -7.45945413e-04 1.23337597e-02 1.45827557e-03 -7.50965636e-04 8.51521950e-05 3.35814977e-06 5.02022308e-06
296              1.25702416e-02 1.47195156e-03 -7.50782103e-04 1.24844975e-02 1.46856527e-03 -7.55836881e-04 8.57441239e-05 3.38629709e-06 5.05477771e-06
297              1.27221201e-02 1.48224707e-03 -7.55616687e-04 1.26357902e-02 1.47882361e-03 -7.60702699e-04 8.63298702e-05 3.42345718e-06 5.08601104e-06
298              1.28746220e-02 1.49260518e-03 -7.60483018e-04 1.27876963e-02 1.48915273e-03 -7.65603854e-04 8.69256808e-05 3.45244459e-06 5.12083598e-06
299              1.30277077e-02 1.50294777e-03 -7.65353208e-04 1.29401928e-02 1.49945706e-03 -7.70505497e-04 8.75149574e-05 3.49070717e-06 5.15228903e-06
300              1.31815326e-02 1.51335801e-03 -7.70257335e-04 1.30934180e-02 1.50983752e-03 -7.75444831e-04 8.81146361e-05 3.52049013e-06 5.18749587e-06
301              1.33367849e-02 1.52372883e-03 -7.75153342e-04 1.32480759e-02 1.52016869e-03 -7.80372530e-04 8.87090017e-05 3.56013896e-06 5.21918824e-06
302              1.35280714e-02 1.53311200e-03 -7.79620546e-04 1.34387262e-02 1.52952161e-03 -7.84875064e-04 8.93451881e-05 3.59038346e-06 5.25451846e-06
303              1.37134056e-02 1.54261441e-03 -7.84120359e-04 1.36234363e-02 1.53898625e-03 -7.89407503e-04 8.99693551e-05 3.62816136e-06 5.28714394e-06
304              1.38678259e-02 1.55290019e-03 -7.88946247e-04 1.37772356e-02 1.54924378e-03 -7.94270108e-04 9.05903139e-05 3.65641238e-06 5.32386175e-06
305              1.40036674e-02 1.56363061e-03 -7.93993317e-04 1.39124759e-02 1.55993583e-03 -7.99350016e-04 9.11915675e-05 3.69477992e-06 5.35669911e-06
306              1.41469154e-02 1.57426657e-03 -7.99023202e-04 1.40551155e-02 1.57054190e-03 -8.04416426e-04 9.17998501e-05 3.72467666e-06 5.39322412e-06
307              1.43081657e-02 1.58440662e-03 -8.03831947e-04 1.42157610e-02 1.58064222e-03 -8.09258124e-04 9.24047276e-05 3.76439860e-06 5.42617741e-06
308              1.44802049e-02 1.59424658e-03 -8.08497366e-04 1.43871786e-02 1.59045226e-03 -8.13960833e-04 9.30263649e-05 3.79432034e-06 5.46346738e-06
309              1.46487222e-02 1.60401176e-03 -8.13129029e-04 1.45550803e-02 1.60017825e-03 -8.18626444e-04 9.36419266e-05 3.83351215e-06 5.49741490e-06
310              1.48079036e-02 1.61387782e-03 -8.17815626e-04 1.47136378e-02 1.61001493e-03 -8.23351355e-04 9.42658531e-05 3.86289305e-06 5.53572954e-06
311              1.49623191e-02 1.62363519e-03 -8.22487628e-04 1.48674412e-02 1.61973316e-03 -8.28058195e-04 9.48778830e-05 3.90202818e-06 5.57056695e-06
312              1.51178140e-02 1.63318286e-03 -8.27078619e-04 1.50223151e-02 1.62925140e-03 -8.32688525e-04 9.54989100e-05 3.93146096e-06 5.60990598e-06
313              1.52783122e-02 1.64246403e-03 -8.31562605e-04 1.51822004e-02 1.63849318e-03 -8.37208303e-04 9.61117656e-05 3.97085296e-06 5.64569782e-06
314              1.54233104e-02 1.65194242e-03 -8.36180902e-04 1.53265946e-02 1.64794112e-03 -8.41866868e-04 9.67158309e-05 4.00129606e-06 5.68596636e-06
315              1.55663985e-02 1.66177993e-03 -8.40905717e-04 1.54690758e-02 1.65773584e-03 -8.46628316e-04 9.73226903e-05 4.04409376e-06 5.72259896e-06
316              1.57293566e-02 1.67138582e-03 -8.45492378e-04 1.56314046e-02 1.66730787e-03 -8.51255801e-04 9.79519208e-05 4.07795461e-06 5.76342281e-06
317              1.59094002e-02 1.68049299e-03 -8.49871208e-04 1.58108198e-02 1.67637149e-03 -8.55671858e-04 9.85804089e-05 4.12149865e-06 5.80064965e-06
318              1.60906409e-02 1.68942725e-03 -8.54205812e-04 1.59914144e-02 1.68527281e-03 -8.60048379e-04 9.92264802e-05 4.15444124e-06 5.84256670e-06
319              1.62631053e-02 1.69843494e-03 -8.58605386e-04 1.61632384e-02 1.69423701e-03 -8.64486149e-04 9.98669442e-05 4.19792914e-06 5.88076289e-06
320              1.64616267e-02 1.70695197e-03 -8.62774298e-04 1.63610776e-02 1.70272047e-03 -8.68697431e-04 1.00549130e-04 4.23149507e-06 5.92313289e-06
321              1.66546741e-02 1.71566129e-03 -8.66997045e-04 1.65534570e-02 1.71138609e-03 -8.72958947e-04 1.01217140e-04 4.27519315e-06 5.96190180e-06
322              1.68254993e-02 1.72484004e-03 -8.71422439e-04 1.67236135e-02 1.72053049e-03 -8.77427381e-04 1.01885724e-04 4.30955029e-06 6.00494174e-06
323              1.69824704e-02 1.73407886e-03 -8.75906809e-04 1.68799373e-02 1.72972264e-03 -8.81950209e-04 1.02533062e-04 4.35621327e-06 6.04339951e-06
324              1.71456836e-02 1.74310832e-03 -8.80339324e-04 1.70424956e-02 1.73871371e-03 -8.86425081e-04 1.03187919e-04 4.39460272e-06 6.08575702e-06
325              1.73221384e-02 1.75174838e-03 -8.84596554e-04 1.72183043e-02 1.74730284e-03 -8.90720140e-04 1.03834101e-04 4.44554334e-06 6.12358561e-06
326              1.75072205e-02 1.76023831e-03 -8.88769117e-04 1.74027234e-02 1.75575079e-03 -8.94934776e-04 1.04497015e-04 4.48751233e-06 6.16565842e-06
327              1.76910561e-02 1.76867538e-03 -8.92908621e-04 1.75859046e-02 1.76413382e-03 -8.99111795e-04 1.05151491e-04 4.54155715e-06 6.20317380e-06
328              1.78705341e-02 1.77707586e-03 -8.97035598e-04 1.77647159e-02 1.77248953e-03 -9.03280460e-04 1.05818137e-04 4.58632947e-06 6.24486256e-06
329              1.80488506e-02 1.78522565e-03 -9.01072164e-04 1.79423781e-02 1.78058263e-03 -9.07354047e-04 1.06472541e-04 4.64301608e-06 6.28188321e-06
330              1.82306802e-02 1.79302714e-03 -9.04978425e-04 1.81235408e-02 1.78833742e-03 -9.11301698e-04 1.07139450e-04 4.68971130e-06 6.32327286e-06
331              1.84164192e-02 1.80042579e-03 -9.08726700e-04 1.83086240e-02 1.79567795e-03 -9.15086880e-04 1.07795171e-04 4.74783577e-06 6.36018019e-06
332              1.86033794e-02 1.80771493e-03 -9.12428354e-04 1.84949161e-02 1.80291971e-03 -9.18830225e-04 1.08463315e-04 4.79522585e-06 6.40187078e-06
333              1.87890643e-02 1.81495678e-03 -9.16117005e-04 1.86799464e-02 1.81010259e-03 -9.22556086e-04 1.09117922e-04 4.85419654e-06 6.43908101e-06
334              1.89737182e-02 1.82216448e-03 -9.19799675e-04 1.88639346e-02 1.81726137e-03 -9.26280569e-04 1.09783600e-04 4.90310880e-06 6.48089453e-06
335              1.91589758e-02 1.82907807e-03 -9.23379556e-04 1.90485399e-02 1.82411382e-03 -9.29897634e-04 1.10435906e-04 4.96425362e-06 6.51807839e-06
336              1.93457231e-02 1.83558977e-03 -9.26812100e-04 1.92346213e-02 1.83057458e-03 -9.33372143e-04 1.11101757e-04 5.01519179e-06 6.56004333e-06
337              1.95329610e-02 1.84165188e-03 -9.30079114e-04 1.94212051e-02 1.83657364e-03 -9.36676631e-04 1.11755913e-04 5.07824092e-06 6.59751705e-06
338              1.97192451e-02 1.84736669e-03 -9.33220603e-04 1.96068213e-02 1.84223592e-03 -9.39860732e-04 1.12423814e-04 5.13076349e-06 6.64012830e-06
339              1.99032962e-02 1.85260559e-03 -9.36195218e-04 1.97902191e-02 1.84740990e-03 -9.42873488e-04 1.13077154e-04 5.19569038e-06 6.67826943e-06
340              2.00852666e-02 1.85743596e-03 -9.39026226e-04 1.99715236e-02 1.85218637e-03 -9.45748152e-04 1.13742952e-04 5.24959337e-06 6.72192622e-06
341              2.02661446e-02 1.86174683e-03 -9.41669495e-04 2.01517516e-02 1.85643100e-03 -9.48430694e-04 1.14393010e-04 5.31583311e-06 6.76119848e-06
342              2.04469594e-02 1.86562035e-03 -9.44150738e-04 2.03319026e-02 1.86025006e-03 -9.50957070e-04 1.15056770e-04 5.37029112e-06 6.80633156e-06
343              2.06282081e-02 1.86901047e-03 -9.46447297e-04 2.05125028e-02 1.86357332e-03 -9.53294252e-04 1.15705341e-04 5.43715301e-06 6.84695566e-06
344              2.08095261e-02 1.87212714e-03 -9.48632633e-04 2.06931569e-02 1.86663538e-03 -9.55526223e-04 1.16369158e-04 5.49175914e-06 6.89358992e-06
345              2.09905622e-02 1.87489856e-03 -9.50680670e-04 2.08735446e-02 1.86933941e-03 -9.57616114e-04 1.17017573e-04 5.55914450e-06 6.93544384e-06
346              2.11715510e-02 1.87734417e-03 -9.52599221e-04 2.10538692e-02 1.87173019e-03 -9.59582574e-04 1.17681782e-04 5.61397789e-06 6.98335305e-06
347              2.13525095e-02 1.87926351e-03 -9.54311513e-04 2.12341797e-02 1.87358168e-03 -9.61337742e-04 1.18329840e-04 5.68182350e-06 7.02622980e-06
348              2.15336425e-02 1.88070132e-03 -9.55830314e-04 2.14146480e-02 1.87496477e-03 -9.62905646e-04 1.18994552e-04 5.73655421e-06 7.07533166e-06
349              2.17149853e-02 1.88156038e-03 -9.57112701e-04 2.15953424e-02 1.87575591e-03 -9.64231978e-04 1.19642893e-04 5.80446924e-06 7.11927645e-06
350              2.18964561e-02 1.88190912e-03 -9.58178238e-04 2.17761476e-02 1.87604973e-03 -9.65347867e-04 1.20308536e-04 5.85938150e-06 7.16962948e-06
351              2.20776510e-02 1.88175201e-03 -9.59030535e-04 2.19566943e-02 1.87582327e-03 -9.66244991e-04 1.20956770e-04 5.92873767e-06 7.21445554e-06
352              2.22585162e-02 1.88126373e-03 -9.59744423e-04 2.21368939e-02 1.87527802e-03 -9.67009839e-04 1.21622289e-04 5.98571259e-06 7.26541588e-06
353              2.24389434e-02 1.88038043e-03 -9.60298281e-04 2.23166748e-02 1.87432150e-03 -9.67608394e-04 1.22268586e-04 6.05892643e-06 7.31011247e-06
354              2.26187607e-02 1.87941218e-03 -9.60814957e-04 2.24958294e-02 1.87329096e-03 -9.68175580e-04 1.22931348e-04 6.12122525e-06 7.36062309e-06
355              2.27975183e-02 1.87851598e-03 -9.61348364e-04 2.26739454e-02 1.87231384e-03 -9.68752417e-04 1.23572946e-04 6.20214145e-06 7.40405302e-06
356              2.29751619e-02 1.87789383e-03 -9.61988511e-04 2.28509314e-02 1.87161974e-03 -9.69441227e-04 1.24230528e-04 6.27408506e-06 7.45271525e-06
357              2.31520554e-02 1.87772651e-03 -9.62789688e-04 2.30271901e-02 1.87135957e-03 -9.70283098e-04 1.24865349e-04 6.36694245e-06 7.49340985e-06
358              2.33285860e-02 1.87810243e-03 -9.63802542e-04 2.32030694e-02 1.87165073e-03 -9.71341811e-04 1.25516593e-04 6.45169776e-06 7.53926906e-06
359              2.35054385e-02 1.87904438e-03 -9.65016111e-04 2.33792937e-02 1.87248577e-03 -9.72593278e-04 1.26144881e-04 6.55861813e-06 7.57716697e-06
360              2.36829705e-02 1.88052177e-03 -9.66441417e-04 2.35561774e-02 1.87386438e-03 -9.74068826e-04 1.26793110e-04 6.65738444e-06 7.62740942e-06
361              2.38608074e-02 1.88222694e-03 -9.67942351e-04 2.37333930e-02 1.87545052e-03 -9.75587068e-04 1.27414372e-04 6.77642068e-06 7.64471726e-06
362              2.40384113e-02 1.88402827e-03 -9.69509337e-04 2.39103542e-02 1.87714355e-03 -9.77182148e-04 1.28057113e-04 6.88472116e-06 7.67281128e-06
363              2.42156817e-02 1.88586579e-03 -9.71110178e-04 2.40870020e-02 1.87885354e-03 -9.78803677e-04 1.28679644e-04 7.01224379e-06 7.69349895e-06
364              2.43931194e-02 1.88768431e-03 -9.72754546e-04 2.42637951e-02 1.88055603e-03 -9.80475340e-04 1.29324242e-04 7.12828349e-06 7.72079386e-06
365              2.45712348e-02 1.88959232e-03 -9.74362150e-04 2.44412855e-02 1.88232839e-03 -9.82101837e-04 1.29949285e-04 7.26393684e-06 7.73968741e-06
366              2.47492400e-02 1.89162227e-03 -9.75954610e-04 2.46186421e-02 1.88423492e-03 -9.83719137e-04 1.30597905e-04 7.38734771e-06 7.76452629e-06
367              2.49267876e-02 1.89357944e-03 -9.77409393e-04 2.47955599e-02 1.88605069e-03 -9.85189451e-04 1.31227691e-04 7.52875355e-06 7.78005825e-06
368              2.51038623e-02 1.89505663e-03 -9.78704316e-04 2.49719811e-02 1.88740180e-03 -9.86504700e-04 1.31881287e-04 7.65483073e-06 7.80038399e-06
369              2.52805407e-02 1.89610720e-03 -9.79834706e-04 2.51480256e-02 1.88831117e-03 -9.87645192e-04 1.32515030e-04 7.79603580e-06 7.81048596e-06
370              2.54566284e-02 1.89720473e-03 -9.81046445e-04 2.53234565e-02 1.88928507e-03 -9.88871994e-04 1.33171861e-04 7.91966078e-06 7.82554845e-06
371              2.56322773e-02 1.89882319e-03 -9.82408882e-04 2.54984701e-02 1.89076525e-03 -9.90239406e-04 1.33807167e-04 8.05793526e-06 7.83052484e-06
372              2.58069263e-02 1.90128701e-03 -9.84096831e-04 2.56724620e-02 1.89310792e-03 -9.91937350e-04 1.34464273e-04 8.17908968e-06 7.84051876e-06
373              2.59804600e-02 1.90490857e-03 -9.86174919e-04 2.58453626e-02 1.89659212e-03 -9.94014590e-04 1.35097391e-04 8.31644663e-06 7.83967156e-06
374              2.61518143e-02 1.90947308e-03 -9.88695281e-04 2.60160644e-02 1.90103493e-03 -9.96538414e-04 1.35749891e-04 8.43815156e-06 7.84313368e-06
375              2.63191658e-02 1.91716237e-03 -9.92345801e-04 2.61827643e-02 1.90858411e-03 -1.00018041e-03 1.36401450e-04 8.57826126e-06 7.83460491e-06
376              2.64860884e-02 1.92480024e-03 -9.96134887e-04 2.63490203e-02 1.91609568e-03 -1.00396439e-03 1.37068189e-04 8.70455310e-06 7.82950010e-06
377              2.66509787e-02 1.93136180e-03 -9.99624582e-04 2.65132760e-02 1.92251215e-03 -1.00743699e-03 1.37702640e-04 8.84965213e-06 7.81240900e-06
378              2.68101006e-02 1.93756899e-03 -1.00313076e-03 2.66717481e-02 1.92859033e-03 -1.01093097e-03 1.38352511e-04 8.97866340e-06 7.80021182e-06
379              2.69634199e-02 1.94462356e-03 -1.00698983e-03 2.68244474e-02 1.93549866e-03 -1.01476675e-03 1.38972495e-04 9.12489401e-06 7.77692703e-06
380              2.71125011e-02 1.95283308e-03 -1.01139361e-03 2.69728891e-02 1.94357874e-03 -1.01915238e-03 1.39612071e-04 9.25434074e-06 7.75876979e-06
381              2.72587364e-02 1.96179114e-03 -1.01609766e-03 2.71185133e-02 1.95239059e-03 -1.02382669e-03 1.40223157e-04 9.40054867e-06 7.72903520e-06
382              2.74010927e-02 1.97078643e-03 -1.02091680e-03 2.72602375e-02 1.96125972e-03 -1.02862160e-03 1.40855140e-04 9.52671581e-06 7.70479266e-06
383              2.75382141e-02 1.97968204e-03 -1.02571650e-03 2.73967536e-02 1.97001705e-03 -1.03338623e-03 1.41460493e-04 9.66498196e-06 7.66973236e-06
384              2.76703974e-02 1.98850547e-03 -1.03057946e-03 2.75283063e-02 1.97872613e-03 -1.03822059e-03 1.42091049e-04 9.77934031e-06 7.64112661e-06
385              2.78005586e-02 1.99731992e-03 -1.03545048e-03 2.76578602e-02 1.98741620e-03 -1.04305264e-03 1.42698379e-04 9.90371850e-06 7.60216243e-06
386              2.79309976e-02 2.00620690e-03 -1.04042227e-03 2.77876633e-02 1.99620512e-03 -1.04799247e-03 1.43334307e-04 1.00017805e-05 7.57019441e-06
387              2.80620311e-02 2.01495503e-03 -1.04530298e-03 2.79180829e-02 2.00484776e-03 -1.05283119e-03 1.43948170e-04 1.01072661e-05 7.52820705e-06
388              2.81924449e-02 2.02308879e-03 -1.04998742e-03 2.80478533e-02 2.01290603e-03 -1.05748130e-03 1.44591557e-04 1.01827555e-05 7.49387627e-06
389              2.83220018e-02 2.03062457e-03 -1.05439667e-03 2.81767901e-02 2.02036219e-03 -1.06184675e-03 1.45211756e-04 1.02623793e-05 7.45008363e-06
390              2.84509911e-02 2.03776440e-03 -1.05868519e-03 2.83051314e-02 2.02745364e-03 -1.06609947e-03 1.45859738e-04 1.03107578e-05 7.41428153e-06
391              2.85796295e-02 2.04484540e-03 -1.06288814e-03 2.84331488e-02 2.03447975e-03 -1.07025655e-03 1.46480722e-04 1.03656561e-05 7.36841576e-06
392              2.87069424e-02 2.05215885e-03 -1.06719866e-03 2.85598167e-02 2.04176444e-03 -1.07452796e-03 1.47125672e-04 1.03944132e-05 7.32930189e-06
393              2.88316641e-02 2.06003867e-03 -1.07167019e-03 2.86839264e-02 2.04960164e-03 -1.07894838e-03 1.47737732e-04 1.04370368e-05 7.27818734e-06
394              2.89522891e-02 2.06863181e-03 -1.07645570e-03 2.88039205e-02 2.05816974e-03 -1.08368751e-03 1.48368570e-04 1.04620712e-05 7.23181087e-06
395              2.90691683e-02 2.07814607e-03 -1.08154946e-03 2.89202071e-02 2.06763682e-03 -1.08872079e-03 1.48961190e-04 1.05092472e-05 7.17133186e-06
396              2.91822327e-02 2.08867026e-03 -1.08706265e-03 2.90326627e-02 2.07812503e-03 -1.09417669e-03 1.49570004e-04 1.05452334e-05 7.11404002e-06
397              2.92921546e-02 2.10003065e-03 -1.09287190e-03 2.91420168e-02 2.08942253e-03 -1.09991309e-03 1.50137722e-04 1.06081223e-05 7.04118231e-06
398              2.93987805e-02 2.11176315e-03 -1.09888813e-03 2.92480595e-02 2.10110080e-03 -1.10585882e-03 1.50721037e-04 1.06623484e-05 6.97068948e-06
399              2.95018560e-02 2.12386766e-03 -1.10497400e-03 2.93505937e-02 2.11312457e-03 -1.11185870e-03 1.51262376e-04 1.07430869e-05 6.88470413e-06
400              2.96017456e-02 2.13633891e-03 -1.11117720e-03 2.94499269e-02 2.12552608e-03 -1.11797896e-03 1.51818663e-04 1.08128317e-05 6.80175981e-06
401              2.97004492e-02 2.14915845e-03 -1.11740739e-03 2.95481158e-02 2.13825279e-03 -1.12411170e-03 1.52333432e-04 1.09056615e-05 6.70431054e-06
402              2.97983881e-02 2.16203243e-03 -1.12365592e-03 2.96455219e-02 2.15104639e-03 -1.13026640e-03 1.52866273e-04 1.09860424e-05 6.61047804e-06
403              2.98958848e-02 2.17469067e-03 -1.12971507e-03 2.97425232e-02 2.16360272e-03 -1.13621811e-03 1.53361579e-04 1.10879492e-05 6.50304286e-06
404              2.99929380e-02 2.18689418e-03 -1.13558927e-03 2.98390626e-02 2.17571589e-03 -1.14198807e-03 1.53875407e-04 1.11782836e-05 6.39880130e-06
405              3.00903763e-02 2.19850708e-03 -1.14107659e-03 2.99360129e-02 2.18722457e-03 -1.14736134e-03 1.54363416e-04 1.12825136e-05 6.28475009e-06
406              3.01891991e-02 2.20906245e-03 -1.14611252e-03 3.00343297e-02 2.19768787e-03 -1.15228601e-03 1.54869429e-04 1.13745855e-05 6.17349705e-06
407              3.02791610e-02 2.21775890e-03 -1.15037710e-03 3.01238130e-02 2.20628328e-03 -1.15643221e-03 1.55348029e-04 1.14756160e-05 6.05510297e-06
408              3.03741450e-02 2.22682075e-03 -1.15483050e-03 3.02182907e-02 2.21525225e-03 -1.16076594e-03 1.55854287e-04 1.15684947e-05 5.93543601e-06
409              3.04818136e-02 2.23558480e-03 -1.15898162e-03 3.03254654e-02 2.22391582e-03 -1.16479111e-03 1.56348133e-04 1.16689726e-05 5.80949338e-06
410              3.05968445e-02 2.24262981e-03 -1.16240607e-03 3.04399794e-02 2.23087507e-03 -1.16809516e-03 1.56865115e-04 1.17547334e-05 5.68908868e-06
411              3.07103604e-02 2.24827410e-03 -1.16512239e-03 3.05530016e-02 2.23642535e-03 -1.17068597e-03 1.57358798e-04 1.18487551e-05 5.56357177e-06
412              3.08181428e-02 2.25355223e-03 -1.16768938e-03 3.06602762e-02 2.24161994e-03 -1.17313323e-03 1.57866527e-04 1.19322896e-05 5.44384688e-06
413              3.09237502e-02 2.25979394e-03 -1.17050922e-03 3.07654057e-02 2.24776420e-03 -1.17582727e-03 1.58344526e-04 1.20297335e-05 5.31804318e-06
414              3.10314312e-02 2.26739645e-03 -1.17390340e-03 3.08725985e-02 2.25527349e-03 -1.17909981e-03 1.58832654e-04 1.21229579e-05 5.19640760e-06
415              3.11407892e-02 2.27615007e-03 -1.17769353e-03 3.09815035e-02 2.26391528e-03 -1.18276120e-03 1.59285759e-04 1.22347904e-05 5.06766719e-06
416              3.12488302e-02 2.28527419e-03 -1.18174289e-03 3.10890876e-02 2.27292713e-03 -1.18668554e-03 1.59742673e-04 1.23470551e-05 4.94265741e-06
417              3.13527962e-02 2.29474180e-03 -1.18587031e-03 3.11926380e-02 2.28225991e-03 -1.19068100e-03 1.60158248e-04 1.24818842e-05 4.81068614e-06
418              3.14502791e-02 2.30442115e-03 -1.19019500e-03 3.12897032e-02 2.29180249e-03 -1.19487800e-03 1.60575887e-04 1.26186652e-05 4.68299858e-06
419              3.15426226e-02 2.31464308e-03 -1.19470793e-03 3.13816691e-02 2.30186652e-03 -1.19925718e-03 1.60953521e-04 1.27765543e-05 4.54924417e-06
420              3.16312014e-02 2.32501965e-03 -1.19940736e-03 3.14698660e-02 2.31208353e-03 -1.20382808e-03 1.61335322e-04 1.29361143e-05 4.42071660e-06
421              3.17171753e-02 2.33512779e-03 -1.20397671e-03 3.15554962e-02 2.32201023e-03 -1.20826397e-03 1.61679086e-04 1.31175570e-05 4.28725123e-06
422              3.17998249e-02 2.34432233e-03 -1.20829506e-03 3.16377942e-02 2.33102185e-03 -1.21245522e-03 1.62030685e-04 1.33004755e-05 4.16016786e-06
423              3.18794191e-02 2.35253786e-03 -1.21215846e-03 3.17170700e-02 2.33903887e-03 -1.21618870e-03 1.62349046e-04 1.34989920e-05 4.03023990e-06
424              3.19558095e-02 2.35941140e-03 -1.21554308e-03 3.17931303e-02 2.34571513e-03 -1.21945089e-03 1.62679263e-04 1.36962688e-05 3.90781203e-06
425              3.20313470e-02 2.36520330e-03 -1.21840463e-03 3.18683603e-02 2.35130548e-03 -1.22218992e-03 1.62986661e-04 1.38978243e-05 3.78529004e-06
426              3.21077567e-02 2.36964600e-03 -1.22077877e-03 3.19444477e-02 2.35554903e-03 -1.22444911e-03 1.63308931e-04 1.40969638e-05 3.67034059e-06
427              3.21857786e-02 2.37261804e-03 -1.22247113e-03 3.20221623e-02 2.35833326e-03 -1.22602975e-03 1.63616335e-04 1.42847822e-05 3.55861653e-06
428              3.22656011e-02 2.37388422e-03 -1.22351217e-03 3.21016647e-02 2.35941079e-03 -1.22696530e-03 1.63936397e-04 1.44734240e-05 3.45312511e-06
429              3.23474965e-02 2.37370948e-03 -1.22388252e-03 3.21832538e-02 2.35906796e-03 -1.22723569e-03 1.64242714e-04 1.46415161e-05 3.35317074e-06
430              3.24302963e-02 2.37241488e-03 -1.22380620e-03 3.22657355e-02 2.35760593e-03 -1.22706489e-03 1.64560740e-04 1.48089497e-05 3.25869147e-06
431              3.25134165e-02 2.37050871e-03 -1.22336170e-03 3.23485524e-02 2.35555451e-03 -1.22653209e-03 1.64864099e-04 1.49542015e-05 3.17039345e-06
432              3.25955125e-02 2.36817727e-03 -1.22276196e-03 3.24303361e-02 2.35306857e-03 -1.22584585e-03 1.65176389e-04 1.51087048e-05 3.08389007e-06
433              3.26765952e-02 2.36568801e-03 -1.22203108e-03 3.25111227e-02 2.35044699e-03 -1.22503491e-03 1.65472534e-04 1.52410233e-05 3.00382761e-06
434              3.27552376e-02 2.36320352e-03 -1.22133900e-03 3.25894660e-02 2.34781632e-03 -1.22426249e-03 1.65771538e-04 1.53872007e-05 2.92349290e-06
435              3.28313795e-02 2.36100401e-03 -1.22068671e-03 3.26653297e-02 2.34548770e-03 -1.22353533e-03 1.66049748e-04 1.55163050e-05 2.84861098e-06
436              3.29045009e-02 2.35915381e-03 -1.22019671e-03 3.27381753e-02 2.34348805e-03 -1.22296730e-03 1.66325619e-04 1.56657656e-05 2.77059172e-06
437              3.29755786e-02 2.35783400e-03 -1.21983843e-03 3.28089981e-02 2.34203225e-03 -1.22253585e-03 1.66580479e-04 1.58017464e-05 2.69741807e-06
438              3.30440415e-02 2.35712665e-03 -1.21976748e-03 3.28772098e-02 2.34116653e-03 -1.22238680e-03 1.66831658e-04 1.59601208e-05 2.61932218e-06
439              3.31102484e-02 2.35728887e-03 -1.21999257e-03 3.29431901e-02 2.34118100e-03 -1.22253754e-03 1.67058330e-04 1.61078778e-05 2.54496756e-06
440              3.31745815e-02 2.35786503e-03 -1.22046394e-03 3.30073002e-02 2.34158731e-03 -1.22292890e-03 1.67281273e-04 1.62777278e-05 2.46496367e-06
441              3.32380614e-02 2.35873796e-03 -1.22102076e-03 3.30705823e-02 2.34230226e-03 -1.22340955e-03 1.67479064e-04 1.64356962e-05 2.38878390e-06
442              3.33009325e-02 2.35957644e-03 -1.22164750e-03 3.31332556e-02 2.34296477e-03 -1.22395490e-03 1.67676888e-04 1.66116759e-05 2.30739859e-06
443              3.33643169e-02 2.36020164e-03 -1.22215715e-03 3.31964642e-02 2.34342834e-03 -1.22438765e-03 1.67852747e-04 1.67733004e-05 2.23049914e-06
444              3.34290546e-02 2.36020851e-03 -1.22249046e-03 3.32610211e-02 2.34326110e-03 -1.22463972e-03 1.68033489e-04 1.69474021e-05 2.14926304e-06
445              3.34964398e-02 2.35955382e-03 -1.22250927e-03 3.33282432e-02 2.34245034e-03 -1.22458285e-03 1.68196551e-04 1.71034753e-05 2.07358384e-06
446              3.35672258e-02 2.35789220e-03 -1.22217457e-03 3.33988557e-02 2.34062836e-03 -1.22416960e-03 1.68370024e-04 1.72638414e-05 1.99502733e-06
447              3.36418288e-02 2.35518168e-03 -1.22135646e-03 3.34732999e-02 2.33777932e-03 -1.22327937e-03 1.68528832e-04 1.74023624e-05 1.92290576e-06
448              3.37194908e-02 2.35127401e-03 -1.22010164e-03 3.35507894e-02 2.33373635e-03 -1.22195136e-03 1.68701394e-04 1.75376626e-05 1.84971591e-06
449              3.37998141e-02 2.34667449e-03 -1.21849545e-03 3.36309533e-02 2.32902581e-03 -1.22027909e-03 1.68860898e-04 1.76486896e-05 1.78364394e-06
450              3.38815373e-02 2.34184811e-03 -1.21682486e-03 3.37125025e-02 2.32409243e-03 -1.21854095e-03 1.69034777e-04 1.77556753e-05 1.71609046e-06
451              3.39638959e-02 2.33781774e-03 -1.21538741e-03 3.37947032e-02 2.31997755e-03 -1.21704272e-03 1.69192704e-04 1.78401953e-05 1.65531806e-06
452              3.40451672e-02 2.33457118e-03 -1.21429951e-03 3.38758100e-02 2.31663744e-03 -1.21588846e-03 1.69357225e-04 1.79337389e-05 1.58895359e-06
453              3.41257019e-02 2.33239230e-03 -1.21358752e-03 3.39562039e-02 2.31437669e-03 -1.21511430e-03 1.69497981e-04 1.80156104e-05 1.52677399e-06
454              3.42048712e-02 2.33115072e-03 -1.21332365e-03 3.40352321e-02 2.31303503e-03 -1.21478052e-03 1.69639091e-04 1.81156957e-05 1.45686738e-06
455              3.42826968e-02 2.33113863e-03 -1.21353873e-03 3.41129437e-02 2.31292699e-03 -1.21492835e-03 1.69753085e-04 1.82116411e-05 1.38962080e-06
456              3.43579552e-02 2.33208818e-03 -1.21424923e-03 3.41880920e-02 2.31375712e-03 -1.21556262e-03 1.69863197e-04 1.83310571e-05 1.31339088e-06
457              3.44293207e-02 2.33419738e-03 -1.21543062e-03 3.42593786e-02 2.31574492e-03 -1.21666931e-03 1.69942121e-04 1.84524637e-05 1.23868919e-06
458              3.44960862e-02 2.33695243e-03 -1.21696588e-03 3.43260708e-02 2.31835146e-03 -1.21812022e-03 1.70015469e-04 1.86009714e-05 1.15434054e-06
459              3.45590509e-02 2.34023265e-03 -1.21871195e-03 3.43889940e-02 2.32147987e-03 -1.21978345e-03 1.70056894e-04 1.87527882e-05 1.07149278e-06
460              3.46189824e-02 2.34356525e-03 -1.22056752e-03 3.44488848e-02 2.32463949e-03 -1.22154833e-03 1.70097616e-04 1.89257625e-05 9.80808926e-07
461              3.46766554e-02 2.34678571e-03 -1.22239088e-03 3.45065448e-02 2.32767999e-03 -1.22328110e-03 1.70110591e-04 1.91057231e-05 8.90224983e-07
462              3.47321693e-02 2.34937371e-03 -1.22403392e-03 3.45620362e-02 2.33008013e-03 -1.22482950e-03 1.70133081e-04 1.92935847e-05 7.95578845e-07
463              3.47861103e-02 2.35124200e-03 -1.22537479e-03 3.46159753e-02 2.33176219e-03 -1.22607779e-03 1.70135006e-04 1.94798102e-05 7.02991892e-07
464              3.48394759e-02 2.35217974e-03 -1.22639482e-03 3.46693213e-02 2.33251747e-03 -1.22700401e-03 1.70154609e-04 1.96622755e-05 6.09190250e-07
465              3.48923711e-02 2.35225662e-03 -1.22703309e-03 3.47222125e-02 2.33242211e-03 -1.22755245e-03 1.70158570e-04 1.98345088e-05 5.19358956e-07
466              3.49455389e-02 2.35155968e-03 -1.22738523e-03 3.47753529e-02 2.33156597e-03 -1.22781555e-03 1.70186098e-04 1.99937121e-05 4.30318758e-07
467              3.49990161e-02 2.35028897e-03 -1.22747809e-03 3.48288142e-02 2.33015307e-03 -1.22782486e-03 1.70201904e-04 2.01359012e-05 3.46771424e-07
468              3.50521747e-02 2.34840583e-03 -1.22737646e-03 3.48819308e-02 2.32813975e-03 -1.22763991e-03 1.70243817e-04 2.02660856e-05 2.63448373e-07
469              3.51046861e-02 2.34610764e-03 -1.22709212e-03 3.49344131e-02 2.32572977e-03 -1.22727852e-03 1.70273057e-04 2.03778722e-05 1.86405500e-07
470              3.51560955e-02 2.34355321e-03 -1.22672328e-03 3.49857695e-02 2.32307203e-03 -1.22683253e-03 1.70326081e-04 2.04811728e-05 1.09245684e-07
471              3.52061684e-02 2.34101080e-03 -1.22630125e-03 3.50358056e-02 2.32043956e-03 -1.22633916e-03 1.70362784e-04 2.05712434e-05 3.79105468e-08
472              3.52546042e-02 2.33832709e-03 -1.22583001e-03 3.50841819e-02 2.31767370e-03 -1.22579672e-03 1.70422340e-04 2.06533908e-05 -3.32893874e-08
473              3.53016785e-02 2.33564590e-03 -1.22535027e-03 3.51312188e-02 2.31491921e-03 -1.22525102e-03 1.70459679e-04 2.07266927e-05 -9.92521010e-08
474              3.53475875e-02 2.33313014e-03 -1.22500212e-03 3.51770734e-02 2.31233626e-03 -1.22483686e-03 1.70514122e-04 2.07938763e-05 -1.65261580e-07
475              3.53923366e-02 2.33115775e-03 -1.22486356e-03 3.52217932e-02 2.31030450e-03 -1.22463699e-03 1.70543342e-04 2.08532526e-05 -2.26567278e-07
476              3.54357779e-02 2.32999929e-03 -1.22505034e-03 3.52651876e-02 2.30909173e-03 -1.22476218e-03 1.70590281e-04 2.09075615e-05 -2.88156669e-07
477              3.54783862e-02 2.32971885e-03 -1.22554605e-03 3.53077780e-02 2.30875906e-03 -1.22519915e-03 1.70608234e-04 2.09597971e-05 -3.46894819e-07
478              3.55201718e-02 2.33001252e-03 -1.22630690e-03 3.53495323e-02 2.30900676e-03 -1.22590088e-03 1.70639482e-04 2.10057621e-05 -4.06023424e-07
479              3.55615678e-02 2.33076824e-03 -1.22726360e-03 3.53909270e-02 2.30971834e-03 -1.22680053e-03 1.70640713e-04 2.10498947e-05 -4.63066273e-07
480              3.56032430e-02 2.33165002e-03 -1.22831683e-03 3.54325861e-02 2.31056744e-03 -1.22779762e-03 1.70656927e-04 2.10825790e-05 -5.19212640e-07
481              3.56466604e-02 2.33220648e-03 -1.22924211e-03 3.54760127e-02 2.31109383e-03 -1.22866889e-03 1.70647702e-04 2.11126478e-05 -5.73222910e-07
482              3.56927381e-02 2.33216745e-03 -1.22995343e-03 3.55220789e-02 2.31104284e-03 -1.22932912e-03 1.70659201e-04 2.11246044e-05 -6.24307077e-07
483              3.57420888e-02 2.33138863e-03 -1.23034691e-03 3.55714388e-02 2.31026198e-03 -1.22967528e-03 1.70649998e-04 2.11266533e-05 -6.71629929e-07
484              3.57947741e-02 2.32984503e-03 -1.23043797e-03 3.56241077e-02 2.30874503e-03 -1.22972454e-03 1.70666364e-04 2.11000056e-05 -7.13432940e-07
485              3.58508813e-02 2.32770041e-03 -1.23026971e-03 3.56802147e-02 2.30664067e-03 -1.22951897e-03 1.70666588e-04 2.10597415e-05 -7.50738013e-07
486              3.59097918e-02 2.32541661e-03 -1.23003839e-03 3.57390943e-02 2.30442737e-03 -1.22925628e-03 1.70697523e-04 2.09892398e-05 -7.82113339e-07
487              3.59706825e-02 2.32341454e-03 -1.22988356e-03 3.57999722e-02 2.30251238e-03 -1.22907470e-03 1.70710360e-04 2.09021690e-05 -8.08861636e-07
488              3.60326628e-02 2.32180646e-03 -1.22988672e-03 3.58619086e-02 2.30101843e-03 -1.22905592e-03 1.70754166e-04 2.07880318e-05 -8.30804006e-07
489              3.60946794e-02 2.32033047e-03 -1.22995206e-03 3.59239060e-02 2.29966323e-03 -1.22910195e-03 1.70773389e-04 2.06672411e-05 -8.50111777e-07
490              3.61561783e-02 2.31910808e-03 -1.23017797e-03 3.59853592e-02 2.29857770e-03 -1.22931066e-03 1.70819084e-04 2.05303889e-05 -8.67307505e-07
491              3.62165091e-02 2.31801445e-03 -1.23051086e-03 3.60456771e-02 2.29761955e-03 -1.22962714e-03 1.70832001e-04 2.03949044e-05 -8.83717268e-07
492              3.62742525e-02 2.31717333e-03 -1.23101212e-03 3.61033833e-02 2.29692023e-03 -1.23011182e-03 1.70869192e-04 2.02530956e-05 -9.00307457e-07
493              3.63281144e-02 2.31674014e-03 -1.23172811e-03 3.61572476e-02 2.29662174e-03 -1.23081095e-03 1.70866809e-04 2.01183934e-05 -9.17154530e-07
494              3.63776303e-02 2.31690782e-03 -1.23270929e-03 3.62067406e-02 2.29692424e-03 -1.23177292e-03 1.70889693e-04 1.99835765e-05 -9.36368190e-07
495              3.64225980e-02 2.31749337e-03 -1.23387838e-03 3.62517316e-02 2.29763931e-03 -1.23292254e-03 1.70866368e-04 1.98540598e-05 -9.55846139e-07
496              3.64642938e-02 2.31845398e-03 -1.23522856e-03 3.62934213e-02 2.29872421e-03 -1.23424892e-03 1.70872485e-04 1.97297694e-05 -9.79645377e-07
497              3.65035211e-02 2.31970559e-03 -1.23671939e-03 3.63326923e-02 2.30009257e-03 -1.23571607e-03 1.70828736e-04 1.96130277e-05 -1.00332244e-06
498              3.65412428e-02 2.32095809e-03 -1.23823545e-03 3.63704177e-02 2.30144812e-03 -1.23720185e-03 1.70825099e-04 1.95099703e-05 -1.03359605e-06
499              3.65775048e-02 2.32173122e-03 -1.23958135e-03 3.64067325e-02 2.30231136e-03 -1.23851820e-03 1.70772394e-04 1.94198652e-05 -1.06315434e-06
500              3.66133521e-02 2.32192758e-03 -1.24069786e-03 3.64425832e-02 2.30258516e-03 -1.23959936e-03 1.70768879e-04 1.93424124e-05 -1.09849916e-06
501              3.66492681e-02 2.32155487e-03 -1.24156847e-03 3.64785451e-02 2.30227767e-03 -1.24043612e-03 1.70723031e-04 1.92772029e-05 -1.13235690e-06
502              3.66856524e-02 2.32069312e-03 -1.24225010e-03 3.65149195e-02 2.30147183e-03 -1.24107879e-03 1.70732914e-04 1.92212894e-05 -1.17131227e-06
503              3.67213453e-02 2.31923191e-03 -1.24271496e-03 3.65506426e-02 2.30005745e-03 -1.24150692e-03 1.70702649e-04 1.91744537e-05 -1.20804727e-06
504              3.67556714e-02 2.31715576e-03 -1.24296421e-03 3.65849475e-02 2.29802610e-03 -1.24171741e-03 1.70723984e-04 1.91296578e-05 -1.24680584e-06
505              3.67882325e-02 2.31439968e-03 -1.24295364e-03 3.66175214e-02 2.29530283e-03 -1.24166908e-03 1.70711104e-04 1.90968539e-05 -1.28455003e-06
506              3.68189072e-02 2.31096466e-03 -1.24267326e-03 3.66481613e-02 2.29190103e-03 -1.24135054e-03 1.70745921e-04 1.90636312e-05 -1.32271286e-06
507              3.68474599e-02 2.30698597e-03 -1.24217210e-03 3.66767124e-02 2.28793865e-03 -1.24081091e-03 1.70747509e-04 1.90473250e-05 -1.36118766e-06
508              3.68741801e-02 2.30276400e-03 -1.24156677e-03 3.67033919e-02 2.28373465e-03 -1.24016840e-03 1.70788212e-04 1.90293438e-05 -1.39837224e-06
509              3.68988351e-02 2.29885105e-03 -1.24104290e-03 3.67280355e-02 2.27981200e-03 -1.23960361e-03 1.70799678e-04 1.90390447e-05 -1.43929109e-06
510              3.69223683e-02 2.29574953e-03 -1.24080483e-03 3.67515281e-02 2.27670391e-03 -1.23932716e-03 1.70840181e-04 1.90456225e-05 -1.47767070e-06
511              3.69452024e-02 2.29334956e-03 -1.24080927e-03 3.67743560e-02 2.27426873e-03 -1.23928913e-03 1.70846357e-04 1.90808278e-05 -1.52013688e-06
512              3.69679298e-02 2.29146875e-03 -1.24098726e-03 3.67970515e-02 2.27235221e-03 -1.23942611e-03 1.70878285e-04 1.91165348e-05 -1.56115198e-06
513              3.69910972e-02 2.28989258e-03 -1.24126015e-03 3.68202264e-02 2.27072057e-03 -1.23965553e-03 1.70870731e-04 1.91720090e-05 -1.60461617e-06
514              3.70164062e-02 2.28830084e-03 -1.24156518e-03 3.68455146e-02 2.26907742e-03 -1.23991866e-03 1.70891663e-04 1.92234205e-05 -1.64652342e-06
515              3.70433275e-02 2.28634627e-03 -1.24170463e-03 3.68724494e-02 2.26705385e-03 -1.24001440e-03 1.70878027e-04 1.92924112e-05 -1.69023737e-06
516              3.70724008e-02 2.28399727e-03 -1.24161763e-03 3.69015017e-02 2.26464584e-03 -1.23988613e-03 1.70899085e-04 1.93514306e-05 -1.73149837e-06
517              3.71050769e-02 2.28122830e-03 -1.24129589e-03 3.69341884e-02 2.26180376e-03 -1.23952231e-03 1.70888545e-04 1.94245409e-05 -1.77357986e-06
518              3.71415748e-02 2.27821440e-03 -1.24078253e-03 3.69706587e-02 2.25873125e-03 -1.23896990e-03 1.70916091e-04 1.94831514e-05 -1.81263128e-06
519              3.71820139e-02 2.27522283e-03 -1.24018477e-03 3.70110985e-02 2.25566837e-03 -1.23833211e-03 1.70915448e-04 1.95544536e-05 -1.85265242e-06
520              3.72263318e-02 2.27260871e-03 -1.23964464e-03 3.70553765e-02 2.25299953e-03 -1.23775494e-03 1.70955278e-04 1.96091762e-05 -1.88969538e-06
521              3.72741239e-02 2.27049842e-03 -1.23919317e-03 3.71031557e-02 2.25082427e-03 -1.23726567e-03 1.70968254e-04 1.96741529e-05 -1.92750470e-06
522              3.73244811e-02 2.26883393e-03 -1.23880467e-03 3.71534620e-02 2.24911423e-03 -1.23684252e-03 1.71019132e-04 1.97196946e-05 -1.96214631e-06
523              3.73759161e-02 2.26753390e-03 -1.23846327e-03 3.72048756e-02 2.24776115e-03 -1.23646586e-03 1.71040513e-04 1.97727562e-05 -1.99740706e-06
524              3.74274871e-02 2.26656343e-03 -1.23823211e-03 3.72563915e-02 2.24675683e-03 -1.23620194e-03 1.71095533e-04 1.98066051e-05 -2.03016499e-06
525              3.74785615e-02 2.26553035e-03 -1.23799566e-03 3.73074430e-02 2.24567868e-03 -1.23593133e-03 1.71118567e-04 1.98516679e-05 -2.06432902e-06
526              3.75282881e-02 2.26417856e-03 -1.23766538e-03 3.73571156e-02 2.24429525e-03 -1.23556854e-03 1.71172506e-04 1.98833071e-05 -2.09683684e-06
527              3.75754481e-02 2.26239036e-03 -1.23717979e-03 3.74042536e-02 2.24245578e-03 -1.23504745e-03 1.71194544e-04 1.99345790e-05 -2.13233709e-06
528              3.76196434e-02 2.26022060e-03 -1.23657841e-03 3.74483997e-02 2.24024347e-03 -1.23441197e-03 1.71243789e-04 1.99771313e-05 -2.16644150e-06
529              3.76604569e-02 2.25772650e-03 -1.23584888e-03 3.74891960e-02 2.23767840e-03 -1.23364385e-03 1.71260891e-04 2.00481040e-05 -2.20502734e-06
530              3.76978958e-02 2.25499925e-03 -1.23502001e-03 3.75265963e-02 2.23488524e-03 -1.23277785e-03 1.71299532e-04 2.01140041e-05 -2.24215341e-06
531              3.77320243e-02 2.25218504e-03 -1.23414739e-03 3.75607193e-02 2.23197186e-03 -1.23186223e-03 1.71305020e-04 2.02131729e-05 -2.28516532e-06
532              3.77641471e-02 2.24941257e-03 -1.23328551e-03 3.75928175e-02 2.22910296e-03 -1.23095791e-03 1.71329613e-04 2.03096066e-05 -2.32759699e-06
533              3.77950972e-02 2.24672746e-03 -1.23243131e-03 3.76237734e-02 2.22628541e-03 -1.23005401e-03 1.71323723e-04 2.04420465e-05 -2.37729729e-06
534              3.78253562e-02 2.24420529e-03 -1.23161280e-03 3.76540243e-02 2.22363913e-03 -1.22918780e-03 1.71331891e-04 2.05661629e-05 -2.42499486e-06
535              3.78551931e-02 2.24186020e-03 -1.23081889e-03 3.76838785e-02 2.22113227e-03 -1.22833778e-03 1.71314613e-04 2.07279260e-05 -2.48111191e-06
536              3.78848796e-02 2.23985302e-03 -1.23016319e-03 3.77135702e-02 2.21897783e-03 -1.22762952e-03 1.71309383e-04 2.08751899e-05 -2.53366916e-06
537              3.79147334e-02 2.23811575e-03 -1.22956143e-03 3.77434472e-02 2.21705225e-03 -1.22696515e-03 1.71286175e-04 2.10635019e-05 -2.59628020e-06
538              3.79447323e-02 2.23656940e-03 -1.22898400e-03 3.77734621e-02 2.21534347e-03 -1.22633190e-03 1.71270146e-04 2.12259305e-05 -2.65209618e-06
539              3.79738011e-02 2.23518548e-03 -1.22844572e-03 3.78025612e-02 2.21375636e-03 -1.22572643e-03 1.71239898e-04 2.14291189e-05 -2.71929436e-06
540              3.80024791e-02 2.23402885e-03 -1.22801663e-03 3.78312615e-02 2.21242784e-03 -1.22523750e-03 1.71217580e-04 2.16010156e-05 -2.77912962e-06
541              3.80304168e-02 2.23320581e-03 -1.22775477e-03 3.78592321e-02 2.21139217e-03 -1.22490422e-03 1.71184621e-04 2.18136357e-05 -2.85054799e-06
542              3.80575610e-02 2.23329134e-03 -1.22783019e-03 3.78863983e-02 2.21129566e-03 -1.22491549e-03 1.71162676e-04 2.19956734e-05 -2.91469715e-06
543              3.80832949e-02 2.23446818e-03 -1.22836173e-03 3.79121648e-02 2.21224898e-03 -1.22537094e-03 1.71130076e-04 2.22192020e-05 -2.99079390e-06
544              3.81079421e-02 2.23641285e-03 -1.22916893e-03 3.79368356e-02 2.21400161e-03 -1.22610916e-03 1.71106503e-04 2.24112431e-05 -3.05977216e-06
545              3.81323257e-02 2.23885240e-03 -1.23023039e-03 3.79612563e-02 2.21621139e-03 -1.22709061e-03 1.71069335e-04 2.26410040e-05 -3.13978273e-06
546              3.81572212e-02 2.24152583e-03 -1.23137592e-03 3.79861812e-02 2.21869013e-03 -1.22816400e-03 1.71040022e-04 2.28357045e-05 -3.21191981e-06
547              3.81832309e-02 2.24424091e-03 -1.23260437e-03 3.80122349e-02 2.22117945e-03 -1.22931101e-03 1.70996014e-04 2.30614666e-05 -3.29336300e-06
548              3.82117797e-02 2.24687686e-03 -1.23373531e-03 3.80408177e-02 2.22363247e-03 -1.23037063e-03 1.70962001e-04 2.32443981e-05 -3.36468868e-06
549              3.82431782e-02 2.24927953e-03 -1.23478035e-03 3.80722615e-02 2.22582971e-03 -1.23133729e-03 1.70916732e-04 2.34498232e-05 -3.44306673e-06
550              3.82779817e-02 2.25149534e-03 -1.23566089e-03 3.81070971e-02 2.22789036e-03 -1.23215134e-03 1.70884622e-04 2.36049799e-05 -3.50954636e-06
551              3.83154402e-02 2.25392430e-03 -1.23664738e-03 3.81445956e-02 2.23014550e-03 -1.23306512e-03 1.70844543e-04 2.37788067e-05 -3.58225927e-06
552              3.83553636e-02 2.25654164e-03 -1.23763814e-03 3.81845442e-02 2.23264029e-03 -1.23399531e-03 1.70819349e-04 2.39013486e-05 -3.64282708e-06
553              3.83968736e-02 2.25917900e-03 -1.23865893e-03 3.82260880e-02 2.23513537e-03 -1.23494918e-03 1.70785610e-04 2.40436230e-05 -3.70975009e-06
554              3.84398046e-02 2.26207878e-03 -1.23971756e-03 3.82690385e-02 2.23794215e-03 -1.23595266e-03 1.70766115e-04 2.41366322e-05 -3.76489840e-06
555              3.84834553e-02 2.26507164e-03 -1.24086331e-03 3.83127173e-02 2.24082005e-03 -1.23703685e-03 1.70738002e-04 2.42515883e-05 -3.82645628e-06
556              3.85268336e-02 2.26832699e-03 -1.24209236e-03 3.83561104e-02 2.24400570e-03 -1.23821554e-03 1.70723136e-04 2.43212885e-05 -3.87681847e-06
557              3.85673454e-02 2.27164009e-03 -1.24340363e-03 3.83966486e-02 2.24722219e-03 -1.23946953e-03 1.70696809e-04 2.44179031e-05 -3.93410802e-06
558              3.86048129e-02 2.27537952e-03 -1.24486071e-03 3.84341332e-02 2.25090378e-03 -1.24087947e-03 1.70679715e-04 2.44757331e-05 -3.98123683e-06
559              3.86387066e-02 2.27896548e-03 -1.24634595e-03 3.84680590e-02 2.25439786e-03 -1.24230937e-03 1.70647522e-04 2.45676216e-05 -4.03658476e-06
560              3.86696017e-02 2.28182344e-03 -1.24754914e-03 3.84989794e-02 2.25719688e-03 -1.24346671e-03 1.70622223e-04 2.46265636e-05 -4.08242991e-06
561              3.86979921e-02 2.28368308e-03 -1.24846837e-03 3.85274113e-02 2.25895946e-03 -1.24433151e-03 1.70580793e-04 2.47236270e-05 -4.13686384e-06
562              3.87249334e-02 2.28454942e-03 -1.24900353e-03 3.85543862e-02 2.25976082e-03 -1.24482206e-03 1.70547188e-04 2.47886006e-05 -4.18146689e-06
563              3.87504487e-02 2.28423555e-03 -1.24913428e-03 3.85799497e-02 2.25934561e-03 -1.24490060e-03 1.70499039e-04 2.48899412e-05 -4.23367835e-06
564              3.87759297e-02 2.28297178e-03 -1.24883817e-03 3.86054692e-02 2.25801385e-03 -1.24456259e-03 1.70460516e-04 2.49579291e-05 -4.27558349e-06
565              3.88011680e-02 2.28128650e-03 -1.24838817e-03 3.86307588e-02 2.25622535e-03 -1.24406326e-03 1.70409168e-04 2.50611468e-05 -4.32491192e-06
566              3.88259506e-02 2.27949712e-03 -1.24778940e-03 3.86555846e-02 2.25436391e-03 -1.24342441e-03 1.70365994e-04 2.51332083e-05 -4.36499025e-06
567              3.88512087e-02 2.27783791e-03 -1.24725850e-03 3.86808976e-02 2.25259552e-03 -1.24284486e-03 1.70311124e-04 2.52423914e-05 -4.41364124e-06
568              3.88773666e-02 2.27672776e-03 -1.24689857e-03 3.87071016e-02 2.25140234e-03 -1.24244331e-03 1.70265036e-04 2.53254148e-05 -4.45525738e-06
569              3.89034509e-02 2.27612611e-03 -1.24679048e-03 3.87332430e-02 2.25067714e-03 -1.24228363e-03 1.70207883e-04 2.54489714e-05 -4.50685372e-06
570              3.89288777e-02 2.27598185e-03 -1.24680094e-03 3.87587193e-02 2.25043083e-03 -1.24224789e-03 1.70158427e-04 2.55510225e-05 -4.55305365e-06
571              3.89531817e-02 2.27647140e-03 -1.24709036e-03 3.87830836e-02 2.25077588e-03 -1.24248041e-03 1.70098139e-04 2.56955219e-05 -4.60994511e-06
572              3.89764388e-02 2.27806337e-03 -1.24775927e-03 3.88063942e-02 2.25224149e-03 -1.24309655e-03 1.70044565e-04 2.58218794e-05 -4.66272524e-06
573              3.89973822e-02 2.28099065e-03 -1.24899544e-03 3.88274031e-02 2.25499802e-03 -1.24426851e-03 1.69979111e-04 2.59926269e-05 -4.72693078e-06
574              3.90165104e-02 2.28494002e-03 -1.25060977e-03 3.88465931e-02 2.25879127e-03 -1.24582159e-03 1.69917225e-04 2.61487414e-05 -4.78817923e-06
575              3.90337801e-02 2.28924092e-03 -1.25246412e-03 3.88639360e-02 2.26289253e-03 -1.24760379e-03 1.69844058e-04 2.63483949e-05 -4.86032993e-06
576              3.90499098e-02 2.29339934e-03 -1.25428809e-03 3.88801363e-02 2.26686701e-03 -1.24935888e-03 1.69773548e-04 2.65323299e-05 -4.92921069e-06
577              3.90654819e-02 2.29703958e-03 -1.25598398e-03 3.88957867e-02 2.27028746e-03 -1.25097739e-03 1.69695263e-04 2.67521187e-05 -5.00659210e-06
578              3.90830599e-02 2.29994124e-03 -1.25733346e-03 3.89134372e-02 2.27299202e-03 -1.25225443e-03 1.69622611e-04 2.69492171e-05 -5.07902299e-06
579              3.91037881e-02 2.30234535e-03 -1.25849664e-03 3.89342387e-02 2.27517481e-03 -1.25333965e-03 1.69549420e-04 2.71705368e-05 -5.15698624e-06
580              3.91288390e-02 2.30472262e-03 -1.25956354e-03 3.89593550e-02 2.27736110e-03 -1.25433475e-03 1.69483996e-04 2.73615198e-05 -5.22879090e-06
581              3.91574796e-02 2.30762582e-03 -1.26078520e-03 3.89880575e-02 2.28005710e-03 -1.25548058e-03 1.69422061e-04 2.75687169e-05 -5.30462454e-06
582              3.91896305e-02 2.31103764e-03 -1.26201641e-03 3.90202638e-02 2.28329364e-03 -1.25664141e-03 1.69366683e-04 2.77440000e-05 -5.37499832e-06
583              3.92250002e-02 2.31497104e-03 -1.26334041e-03 3.90556826e-02 2.28703731e-03 -1.25789079e-03 1.69317654e-04 2.79337321e-05 -5.44961566e-06
584              3.92636713e-02 2.31930913e-03 -1.26468634e-03 3.90943941e-02 2.29121386e-03 -1.25916548e-03 1.69277176e-04 2.80952703e-05 -5.52085789e-06
585              3.93048454e-02 2.32419603e-03 -1.26626362e-03 3.91355985e-02 2.29592248e-03 -1.26066620e-03 1.69246923e-04 2.82735485e-05 -5.59741936e-06
586              3.93483238e-02 2.32922960e-03 -1.26813809e-03 3.91791015e-02 2.30080295e-03 -1.26246463e-03 1.69222351e-04 2.84266542e-05 -5.67346237e-06
587              3.93911399e-02 2.33438996e-03 -1.27063988e-03 3.92219322e-02 2.30579901e-03 -1.26487705e-03 1.69207732e-04 2.85909492e-05 -5.76283590e-06
588              3.94296666e-02 2.34014923e-03 -1.27337118e-03 3.92604724e-02 2.31142301e-03 -1.26751500e-03 1.69194147e-04 2.87262141e-05 -5.85618125e-06
589              3.94618166e-02 2.34651886e-03 -1.27586357e-03 3.92926321e-02 2.31764985e-03 -1.26990710e-03 1.69184459e-04 2.88690102e-05 -5.95647366e-06
590              3.94904451e-02 2.35299031e-03 -1.27784665e-03 3.93212665e-02 2.32400639e-03 -1.27178585e-03 1.69178566e-04 2.89839217e-05 -6.06080491e-06
591              3.95173868e-02 2.35916458e-03 -1.27960639e-03 3.93482101e-02 2.33004723e-03 -1.27343746e-03 1.69176702e-04 2.91173563e-05 -6.16892673e-06
592              3.95428766e-02 2.36440101e-03 -1.28137763e-03 3.93737005e-02 2.33515159e-03 -1.27510555e-03 1.69176151e-04 2.92494214e-05 -6.27208221e-06
593              3.95656157e-02 2.36827032e-03 -1.28333232e-03 3.93964339e-02 2.33884874e-03 -1.27695916e-03 1.69181755e-04 2.94215879e-05 -6.37316393e-06
594              3.95852405e-02 2.37051682e-03 -1.28502139e-03 3.94160590e-02 2.34092036e-03 -1.27855946e-03 1.69181527e-04 2.95964632e-05 -6.46193041e-06
595              3.96025888e-02 2.37161327e-03 -1.28626183e-03 3.94334072e-02 2.34180823e-03 -1.27971717e-03 1.69181626e-04 2.98050346e-05 -6.54465594e-06
596              3.96198783e-02 2.37217639e-03 -1.28705421e-03 3.94507117e-02 2.34217235e-03 -1.28044541e-03 1.69166625e-04 3.00040453e-05 -6.60880584e-06
597              3.96388644e-02 2.37280702e-03 -1.28778753e-03 3.94697178e-02 2.34257854e-03 -1.28112341e-03 1.69146571e-04 3.02284808e-05 -6.66411611e-06
598              3.96604574e-02 2.37375162e-03 -1.28858953e-03 3.94913422e-02 2.34330443e-03 -1.28188123e-03 1.69115210e-04 3.04471805e-05 -6.70829690e-06
599              3.96830530e-02 2.37510075e-03 -1.28969039e-03 3.95139691e-02 2.34440775e-03 -1.28293856e-03 1.69083868e-04 3.06930037e-05 -6.75183542e-06
600              3.97058092e-02 2.37671553e-03 -1.29087401e-03 3.95367649e-02 2.34578497e-03 -1.28408108e-03 1.69044302e-04 3.09305671e-05 -6.79292201e-06
601              3.97273936e-02 2.37837876e-03 -1.29207849e-03 3.95583923e-02 2.34719498e-03 -1.28524148e-03 1.69001307e-04 3.11837809e-05 -6.83700551e-06
602              3.97473939e-02 2.37991301e-03 -1.29314067e-03 3.95784417e-02 2.34848528e-03 -1.28625792e-03 1.68952120e-04 3.14277377e-05 -6.88274685e-06
603              3.97645778e-02 2.38167286e-03 -1.29425321e-03 3.95956715e-02 2.34998128e-03 -1.28731861e-03 1.68906333e-04 3.16915781e-05 -6.93459695e-06
604              3.97782328e-02 2.38407075e-03 -1.29551886e-03 3.96093822e-02 2.35212713e-03 -1.28853187e-03 1.68850617e-04 3.19436286e-05 -6.98699283e-06
605              3.97873459e-02 2.38706018e-03 -1.29705548e-03 3.96185567e-02 2.35484891e-03 -1.29001238e-03 1.68789253e-04 3.22112779e-05 -7.04310408e-06
606              3.97927318e-02 2.39035344e-03 -1.29873108e-03 3.96240189e-02 2.35788737e-03 -1.29163265e-03 1.68712925e-04 3.24660660e-05 -7.09843697e-06
607              3.97957956e-02 2.39368932e-03 -1.30052982e-03 3.96271589e-02 2.36095019e-03 -1.29337149e-03 1.68636695e-04 3.27391301e-05 -7.15832246e-06
608              3.97991731e-02 2.39680231e-03 -1.30222452e-03 3.96306237e-02 2.36380712e-03 -1.29500837e-03 1.68549390e-04 3.29951837e-05 -7.21615234e-06
609              3.98058855e-02 2.39953837e-03 -1.30373741e-03 3.96374192e-02 2.36628120e-03 -1.29646219e-03 1.68466360e-04 3.32571628e-05 -7.27522281e-06
610              3.98168695e-02 2.40165682e-03 -1.30482657e-03 3.96484913e-02 2.36816658e-03 -1.29749633e-03 1.68378275e-04 3.34902388e-05 -7.33023885e-06
611              3.98331807e-02 2.40381974e-03 -1.30587518e-03 3.96648769e-02 2.37009859e-03 -1.29848829e-03 1.68303805e-04 3.37211514e-05 -7.38689709e-06
612              3.98548797e-02 2.40601722e-03 -1.30687899e-03 3.96866491e-02 2.37210293e-03 -1.29944056e-03 1.68230611e-04 3.39142986e-05 -7.43842554e-06
613              3.98809763e-02 2.40841572e-03 -1.30797620e-03 3.97128038e-02 2.37431664e-03 -1.30048605e-03 1.68172547e-04 3.40990752e-05 -7.49014912e-06
614              3.99107488e-02 2.41066618e-03 -1.30891716e-03 3.97426325e-02 2.37642046e-03 -1.30138137e-03 1.68116311e-04 3.42457222e-05 -7.53579021e-06
615              3.99434959e-02 2.41313594e-03 -1.30992705e-03 3.97754180e-02 2.37874711e-03 -1.30234459e-03 1.68077879e-04 3.43888299e-05 -7.58246422e-06
616              3.99785917e-02 2.41576216e-03 -1.31095791e-03 3.98105517e-02 2.38126389e-03 -1.30333460e-03 1.68040008e-04 3.44982735e-05 -7.62331236e-06
617              4.00142403e-02 2.41919134e-03 -1.31230004e-03 3.98462232e-02 2.38458087e-03 -1.30463423e-03 1.68017032e-04 3.46104653e-05 -7.66581552e-06
618              4.00493618e-02 2.42334504e-03 -1.31386088e-03 3.98813707e-02 2.38864813e-03 -1.30615747e-03 1.67991127e-04 3.46969153e-05 -7.70341098e-06
619              4.00828642e-02 2.42879098e-03 -1.31598076e-03 3.99148870e-02 2.39399521e-03 -1.30823634e-03 1.67977192e-04 3.47957739e-05 -7.74442189e-06
620              4.01138403e-02 2.43581564e-03 -1.31869580e-03 3.99458851e-02 2.40093634e-03 -1.31091356e-03 1.67955191e-04 3.48792940e-05 -7.78223788e-06
621              4.01417231e-02 2.44429495e-03 -1.32203757e-03 3.99737842e-02 2.40930980e-03 -1.31421230e-03 1.67938927e-04 3.49851552e-05 -7.82526265e-06
622              4.01670702e-02 2.45338721e-03 -1.32563002e-03 3.99991617e-02 2.41830212e-03 -1.31776304e-03 1.67908534e-04 3.50850896e-05 -7.86697963e-06
623              4.01893870e-02 2.46243285e-03 -1.32932440e-03 4.00215062e-02 2.42722046e-03 -1.32140967e-03 1.67880819e-04 3.52123880e-05 -7.91473538e-06
624              4.02082841e-02 2.47020796e-03 -1.33257619e-03 4.00404472e-02 2.43487214e-03 -1.32461509e-03 1.67836925e-04 3.53358205e-05 -7.96109909e-06
625              4.02240988e-02 2.47582797e-03 -1.33507434e-03 4.00563038e-02 2.44034655e-03 -1.32706331e-03 1.67795042e-04 3.54814163e-05 -8.01103158e-06
626              4.02378958e-02 2.47895855e-03 -1.33660121e-03 4.00701569e-02 2.44334109e-03 -1.32854396e-03 1.67738882e-04 3.56174526e-05 -8.05725210e-06
627              4.02498572e-02 2.48046309e-03 -1.33753056e-03 4.00821698e-02 2.44469402e-03 -1.32942578e-03 1.67687463e-04 3.57690666e-05 -8.10478031e-06
628              4.02606346e-02 2.48087079e-03 -1.33798696e-03 4.00930093e-02 2.44496320e-03 -1.32983948e-03 1.67625296e-04 3.59075922e-05 -8.14748288e-06
629              4.02707159e-02 2.48090840e-03 -1.33831346e-03 4.01031471e-02 2.44484825e-03 -1.33012223e-03 1.67568739e-04 3.60601458e-05 -8.19123033e-06
630              4.02827563e-02 2.48078156e-03 -1.33851597e-03 4.01152513e-02 2.44457848e-03 -1.33028412e-03 1.67504984e-04 3.62030798e-05 -8.23184378e-06
631              4.02970409e-02 2.48092054e-03 -1.33884691e-03 4.01295915e-02 2.44455855e-03 -1.33057215e-03 1.67449418e-04 3.63619906e-05 -8.27476261e-06
632              4.03115403e-02 2.48127843e-03 -1.33919683e-03 4.01441504e-02 2.44476471e-03 -1.33088101e-03 1.67389852e-04 3.65137231e-05 -8.31582314e-06
633              4.03238987e-02 2.48179687e-03 -1.33960344e-03 4.01565596e-02 2.44511404e-03 -1.33124340e-03 1.67339114e-04 3.66828243e-05 -8.36004722e-06
634              4.03337763e-02 2.48247945e-03 -1.33997592e-03 4.01664919e-02 2.44563354e-03 -1.33157305e-03 1.67284391e-04 3.68459006e-05 -8.40286256e-06
635              4.03410998e-02 2.48389653e-03 -1.34063937e-03 4.01738639e-02 2.44686934e-03 -1.33219008e-03 1.67235955e-04 3.70271884e-05 -8.44929773e-06
636              4.03456931e-02 2.48669123e-03 -1.34182961e-03 4.01785131e-02 2.44948597e-03 -1.33333446e-03 1.67179967e-04 3.72052625e-05 -8.49514783e-06
637              4.03463794e-02 2.49089302e-03 -1.34364023e-03 4.01792555e-02 2.45348832e-03 -1.33509505e-03 1.67123894e-04 3.74047040e-05 -8.54517910e-06
638              4.03436969e-02 2.49554425e-03 -1.34562991e-03 4.01766412e-02 2.45793981e-03 -1.33703484e-03 1.67055663e-04 3.76044348e-05 -8.59506249e-06
639              4.03396782e-02 2.49989986e-03 -1.34754705e-03 4.01726916e-02 2.46207384e-03 -1.33889794e-03 1.66986586e-04 3.78260256e-05 -8.64910729e-06
640              4.03385527e-02 2.50358281e-03 -1.34914695e-03 4.01716443e-02 2.46554090e-03 -1.34044545e-03 1.66908492e-04 3.80419084e-05 -8.70150800e-06
641              4.03419174e-02 2.50655977e-03 -1.35046069e-03 4.01750850e-02 2.46829518e-03 -1.34170624e-03 1.66832439e-04 3.82645896e-05 -8.75445697e-06
642              4.03515389e-02 2.50843623e-03 -1.35131297e-03 4.01847861e-02 2.46996977e-03 -1.34251053e-03 1.66752834e-04 3.84664620e-05 -8.80243691e-06
643              4.03657987e-02 2.50976802e-03 -1.35196805e-03 4.01991153e-02 2.47110248e-03 -1.34311837e-03 1.66683395e-04 3.86655406e-05 -8.84968021e-06
644              4.03836068e-02 2.51075964e-03 -1.35239713e-03 4.02169908e-02 2.47192356e-03 -1.34350611e-03 1.66615980e-04 3.88360873e-05 -8.89101959e-06
645              4.04040834e-02 2.51149172e-03 -1.35268409e-03 4.02375241e-02 2.47249375e-03 -1.34375308e-03 1.66559328e-04 3.89979741e-05 -8.93100672e-06
646              4.04268011e-02 2.51146163e-03 -1.35262561e-03 4.02602960e-02 2.47233045e-03 -1.34365996e-03 1.66505119e-04 3.91311865e-05 -8.96565657e-06
647              4.04518844e-02 2.51143018e-03 -1.35260509e-03 4.02854220e-02 2.47217117e-03 -1.34360526e-03 1.66462373e-04 3.92590099e-05 -8.99983542e-06
648              4.04787846e-02 2.51168445e-03 -1.35265444e-03 4.03123611e-02 2.47232125e-03 -1.34362477e-03 1.66423440e-04 3.93631954e-05 -9.02966343e-06
649              4.05062211e-02 2.51312451e-03 -1.35312132e-03 4.03398248e-02 2.47365575e-03 -1.34406067e-03 1.66396288e-04 3.94687646e-05 -9.06065478e-06
650              4.05336452e-02 2.51591064e-03 -1.35402214e-03 4.03672752e-02 2.47635330e-03 -1.34493321e-03 1.66370004e-04 3.95573441e-05 -9.08892787e-06
651              4.05600282e-02 2.52053884e-03 -1.35564431e-03 4.03936772e-02 2.48088280e-03 -1.34652364e-03 1.66350996e-04 3.96560460e-05 -9.12067518e-06
652              4.05859685e-02 2.52720520e-03 -1.35804345e-03 4.04196416e-02 2.48745810e-03 -1.34889152e-03 1.66326926e-04 3.97471039e-05 -9.15193631e-06
653              4.06098544e-02 2.53561454e-03 -1.36118508e-03 4.04435499e-02 2.49575633e-03 -1.35199615e-03 1.66304489e-04 3.98582042e-05 -9.18893060e-06
654              4.06325729e-02 2.54486558e-03 -1.36469897e-03 4.04663020e-02 2.50489662e-03 -1.35547238e-03 1.66270908e-04 3.99689564e-05 -9.22659043e-06
655              4.06542694e-02 2.55381824e-03 -1.36824798e-03 4.04880341e-02 2.51371455e-03 -1.35897795e-03 1.66235305e-04 4.01036924e-05 -9.27003771e-06
656              4.06745163e-02 2.56083838e-03 -1.37114581e-03 4.05083293e-02 2.52060194e-03 -1.36183347e-03 1.66186979e-04 4.02364348e-05 -9.31233400e-06
657              4.06928229e-02 2.56568075e-03 -1.37329320e-03 4.05266848e-02 2.52529353e-03 -1.36393558e-03 1.66138092e-04 4.03872184e-05 -9.35761905e-06
658              4.07088771e-02 2.56824217e-03 -1.37454282e-03 4.05427985e-02 2.52771413e-03 -1.36514422e-03 1.66078607e-04 4.05280359e-05 -9.39859837e-06
659              4.07228241e-02 2.56968237e-03 -1.37534952e-03 4.05568028e-02 2.52900020e-03 -1.36590851e-03 1.66021351e-04 4.06821725e-05 -9.44101509e-06
660              4.07351286e-02 2.57049539e-03 -1.37585116e-03 4.05691737e-02 2.52967060e-03 -1.36637208e-03 1.65954916e-04 4.08247881e-05 -9.47907776e-06
661              4.07474939e-02 2.57096137e-03 -1.37626074e-03 4.05816004e-02 2.52997833e-03 -1.36674084e-03 1.65893452e-04 4.09830377e-05 -9.51989986e-06
662              4.07609050e-02 2.57117334e-03 -1.37656320e-03 4.05950787e-02 2.53004130e-03 -1.36700593e-03 1.65826343e-04 4.11320389e-05 -9.55727357e-06
663              4.07733475e-02 2.57113483e-03 -1.37681210e-03 4.06075785e-02 2.52983631e-03 -1.36721402e-03 1.65769070e-04 4.12985198e-05 -9.59808329e-06
664              4.07848879e-02 2.57072187e-03 -1.37683409e-03 4.06191789e-02 2.52926614e-03 -1.36719860e-03 1.65709087e-04 4.14557233e-05 -9.63548677e-06
665              4.07950000e-02 2.57052294e-03 -1.37686627e-03 4.06293398e-02 2.52889333e-03 -1.36718981e-03 1.65660121e-04 4.16296140e-05 -9.67645482e-06
666              4.08029180e-02 2.57095501e-03 -1.37705516e-03 4.06373119e-02 2.52916144e-03 -1.36734089e-03 1.65606019e-04 4.17935728e-05 -9.71426766e-06
667              4.08064737e-02 2.57214476e-03 -1.37756217e-03 4.06409156e-02 2.53016867e-03 -1.36780579e-03 1.65558139e-04 4.19760884e-05 -9.75638311e-06
668              4.08059733e-02 2.57336160e-03 -1.37813842e-03 4.06404741e-02 2.53120928e-03 -1.36834256e-03 1.65499191e-04 4.21523227e-05 -9.79586019e-06
669              4.08025480e-02 2.57411377e-03 -1.37860922e-03 4.06371062e-02 2.53176421e-03 -1.36876979e-03 1.65441774e-04 4.23495607e-05 -9.83942925e-06
670              4.07994431e-02 2.57407950e-03 -1.37872207e-03 4.06340714e-02 2.53154061e-03 -1.36884284e-03 1.65371737e-04 4.25388901e-05 -9.87922960e-06
671              4.07980778e-02 2.57357292e-03 -1.37861059e-03 4.06327724e-02 2.53083004e-03 -1.36868890e-03 1.65305379e-04 4.27428807e-05 -9.92168733e-06
672              4.07995813e-02 2.57277742e-03 -1.37830089e-03 4.06343500e-02 2.52984646e-03 -1.36834186e-03 1.65231217e-04 4.29309659e-05 -9.95902870e-06
673              4.08059454e-02 2.57249134e-03 -1.37814840e-03 4.06407803e-02 2.52936496e-03 -1.36815004e-03 1.65165094e-04 4.31263819e-05 -9.99835954e-06
674              4.08179791e-02 2.57279299e-03 -1.37819121e-03 4.06528846e-02 2.52949133e-03 -1.36815845e-03 1.65094447e-04 4.33016611e-05 -1.00327669e-05
675              4.08346900e-02 2.57354771e-03 -1.37840604e-03 4.06696566e-02 2.53006470e-03 -1.36833603e-03 1.65033421e-04 4.34830109e-05 -1.00700099e-05
676              4.08552996e-02 2.57393455e-03 -1.37843993e-03 4.06903299e-02 2.53029073e-03 -1.36833676e-03 1.64969635e-04 4.36438288e-05 -1.01031727e-05
677              4.08780186e-02 2.57365667e-03 -1.37825567e-03 4.07130999e-02 2.52984579e-03 -1.36811573e-03 1.64918734e-04 4.38108777e-05 -1.01399421e-05
678              4.09020265e-02 2.57265748e-03 -1.37777536e-03 4.07371596e-02 2.52870103e-03 -1.36760277e-03 1.64866887e-04 4.39564425e-05 -1.01725831e-05
679              4.09281064e-02 2.57163321e-03 -1.37723815e-03 4.07632758e-02 2.52752410e-03 -1.36702925e-03 1.64830629e-04 4.41091127e-05 -1.02089004e-05
680              4.09558585e-02 2.57118259e-03 -1.37681648e-03 4.07910667e-02 2.52694138e-03 -1.36657503e-03 1.64791739e-04 4.42412112e-05 -1.02414532e-05
681              4.09843832e-02 2.57224012e-03 -1.37695097e-03 4.08196165e-02 2.52785520e-03 -1.36667194e-03 1.64766690e-04 4.43849186e-05 -1.02790257e-05
682              4.10133187e-02 2.57483684e-03 -1.37764010e-03 4.08485853e-02 2.53032238e-03 -1.36732548e-03 1.64733407e-04 4.45144617e-05 -1.03146209e-05
683              4.10428523e-02 2.57934617e-03 -1.37911439e-03 4.08781429e-02 2.53468084e-03 -1.36875694e-03 1.64709436e-04 4.46653312e-05 -1.03574487e-05
684              4.10721982e-02 2.58593637e-03 -1.38140314e-03 4.09075272e-02 2.54112555e-03 -1.37100281e-03 1.64670994e-04 4.48108189e-05 -1.04003323e-05
685              4.11003214e-02 2.59451647e-03 -1.38448764e-03 4.09356840e-02 2.54953052e-03 -1.37403542e-03 1.64637443e-04 4.49859570e-05 -1.04522234e-05
686              4.11272173e-02 2.60393640e-03 -1.38795803e-03 4.09626321e-02 2.55877564e-03 -1.37745313e-03 1.64585265e-04 4.51607644e-05 -1.05048997e-05
687              4.11520372e-02 2.61299911e-03 -1.39139671e-03 4.09875015e-02 2.56763313e-03 -1.38083099e-03 1.64535734e-04 4.53659771e-05 -1.05657161e-05
688              4.11734044e-02 2.62055411e-03 -1.39441118e-03 4.10089367e-02 2.57498602e-03 -1.38378608e-03 1.64467731e-04 4.55680877e-05 -1.06250980e-05
689              4.11894246e-02 2.62636140e-03 -1.39684744e-03 4.10250202e-02 2.58056541e-03 -1.38615754e-03 1.64404443e-04 4.57959833e-05 -1.06898968e-05
690              4.11992186e-02 2.63003857e-03 -1.39849415e-03 4.10348941e-02 2.58402450e-03 -1.38774390e-03 1.64324485e-04 4.60140738e-05 -1.07502502e-05
691              4.12034441e-02 2.63198551e-03 -1.39947064e-03 4.10391930e-02 2.58573087e-03 -1.38865602e-03 1.64251114e-04 4.62546434e-05 -1.08146153e-05
692              4.12039508e-02 2.63273660e-03 -1.39997705e-03 4.10397870e-02 2.58625806e-03 -1.38910478e-03 1.64163822e-04 4.64785444e-05 -1.08722680e-05
693              4.12019438e-02 2.63314330e-03 -1.40037027e-03 4.10378568e-02 2.58642063e-03 -1.38943698e-03 1.64087011e-04 4.67226777e-05 -1.09332898e-05
694              4.11986367e-02 2.63375375e-03 -1.40083523e-03 4.10346371e-02 2.58680266e-03 -1.38984694e-03 1.63999570e-04 4.69510886e-05 -1.09882888e-05
695              4.11941578e-02 2.63478265e-03 -1.40144356e-03 4.10302290e-02 2.58758161e-03 -1.39039598e-03 1.63928761e-04 4.72010460e-05 -1.10475828e-05
696              4.11893409e-02 2.63577181e-03 -1.40198536e-03 4.10254907e-02 2.58834454e-03 -1.39088586e-03 1.63850204e-04 4.74272719e-05 -1.10995064e-05
697              4.11854711e-02 2.63630150e-03 -1.40227757e-03 4.10216788e-02 2.58863113e-03 -1.39112266e-03 1.63792270e-04 4.76703713e-05 -1.11549110e-05
698              4.11834173e-02 2.63662440e-03 -1.40241227e-03 4.10196921e-02 2.58874328e-03 -1.39121125e-03 1.63725201e-04 4.78811211e-05 -1.12010261e-05
699              4.11824465e-02 2.63732839e-03 -1.40268417e-03 4.10187678e-02 2.58922682e-03 -1.39143529e-03 1.63678704e-04 4.81015750e-05 -1.12488750e-05
700              4.11797204e-02 2.63838244e-03 -1.40305134e-03 4.10161001e-02 2.59009667e-03 -1.39176464e-03 1.63620340e-04 4.82857727e-05 -1.12866955e-05
701              4.11748599e-02 2.63885877e-03 -1.40319094e-03 4.10112789e-02 2.59038126e-03 -1.39186520e-03 1.63581060e-04 4.84775136e-05 -1.13257412e-05
702              4.11703400e-02 2.63834971e-03 -1.40290841e-03 4.10068119e-02 2.58971926e-03 -1.39155426e-03 1.63528114e-04 4.86304434e-05 -1.13541491e-05
703              4.11686165e-02 2.63728440e-03 -1.40237322e-03 4.10051204e-02 2.58849748e-03 -1.39099051e-03 1.63496076e-04 4.87869199e-05 -1.13827126e-05
704              4.11706103e-02 2.63592657e-03 -1.40169107e-03 4.10071564e-02 2.58702494e-03 -1.39029062e-03 1.63453822e-04 4.89016339e-05 -1.14004487e-05
705              4.11758287e-02 2.63443143e-03 -1.40097324e-03 4.10123919e-02 2.58541380e-03 -1.38955469e-03 1.63436857e-04 4.90176245e-05 -1.14185537e-05
706              4.11839493e-02 2.63314277e-03 -1.40031400e-03 4.10205370e-02 2.58404880e-03 -1.38888686e-03 1.63412306e-04 4.90939692e-05 -1.14271338e-05
707              4.11939084e-02 2.63240170e-03 -1.39978374e-03 4.10304950e-02 2.58322845e-03 -1.38834650e-03 1.63413403e-04 4.91732470e-05 -1.14372395e-05
708              4.12058692e-02 2.63212894e-03 -1.39944872e-03 4.10424617e-02 2.58290545e-03 -1.38800729e-03 1.63407469e-04 4.92234954e-05 -1.14414247e-05
709              4.12190251e-02 2.63248596e-03 -1.39938307e-03 4.10556045e-02 2.58320692e-03 -1.38793421e-03 1.63420623e-04 4.92790391e-05 -1.14488651e-05
710              4.12345573e-02 2.63369720e-03 -1.39959526e-03 4.10711313e-02 2.58438257e-03 -1.38814237e-03 1.63426047e-04 4.93146376e-05 -1.14528912e-05
711              4.12523726e-02 2.63582926e-03 -1.40014824e-03 4.10889233e-02 2.58646644e-03 -1.38868633e-03 1.63449275e-04 4.93628182e-05 -1.14619105e-05
712              4.12726100e-02 2.63911312e-03 -1.40115091e-03 4.11091470e-02 2.58971433e-03 -1.38968151e-03 1.63463007e-04 4.93987882e-05 -1.14693927e-05
713              4.12950116e-02 2.64341931e-03 -1.40251614e-03 4.11315222e-02 2.59396941e-03 -1.39103359e-03 1.63489444e-04 4.94498977e-05 -1.14825471e-05
714              4.13200849e-02 2.64909884e-03 -1.40441544e-03 4.11565829e-02 2.59960482e-03 -1.39291961e-03 1.63502054e-04 4.94940114e-05 -1.14958281e-05
715              4.13460358e-02 2.65643251e-03 -1.40699777e-03 4.11825094e-02 2.60687992e-03 -1.39548400e-03 1.63526402e-04 4.95525896e-05 -1.15137722e-05
716              4.13736894e-02 2.66482860e-03 -1.41003616e-03 4.12101540e-02 2.61522029e-03 -1.39850382e-03 1.63535373e-04 4.96083056e-05 -1.15323447e-05
717              4.13999078e-02 2.67295635e-03 -1.41304783e-03 4.12363642e-02 2.62326807e-03 -1.40148927e-03 1.63543576e-04 4.96882832e-05 -1.15585609e-05
718              4.14211898e-02 2.67934647e-03 -1.41548139e-03 4.12576484e-02 2.62958438e-03 -1.40389870e-03 1.63541369e-04 4.97620954e-05 -1.15826913e-05
719              4.14375371e-02 2.68348097e-03 -1.41718654e-03 4.12739971e-02 2.63362622e-03 -1.40557526e-03 1.63540049e-04 4.98547412e-05 -1.16112768e-05
720              4.14499681e-02 2.68514420e-03 -1.41809348e-03 4.12864453e-02 2.63520039e-03 -1.40645512e-03 1.63522792e-04 4.99438093e-05 -1.16383591e-05
721              4.14589569e-02 2.68508560e-03 -1.41837567e-03 4.12954414e-02 2.63504213e-03 -1.40671036e-03 1.63515479e-04 5.00434682e-05 -1.16653017e-05
722              4.14633968e-02 2.68447628e-03 -1.41839897e-03 4.12999006e-02 2.63433587e-03 -1.40670913e-03 1.63496156e-04 5.01404069e-05 -1.16898324e-05
723              4.14622843e-02 2.68427867e-03 -1.41846221e-03 4.12988035e-02 2.63402299e-03 -1.40674496e-03 1.63480789e-04 5.02556708e-05 -1.17172489e-05
724              4.14595228e-02 2.68486772e-03 -1.41874947e-03 4.12960653e-02 2.63449750e-03 -1.40700609e-03 1.63457429e-04 5.03702246e-05 -1.17433744e-05
725              4.14582718e-02 2.68686853e-03 -1.41959652e-03 4.12948353e-02 2.63635799e-03 -1.40782067e-03 1.63436417e-04 5.05105384e-05 -1.17758485e-05
726              4.14599889e-02 2.68966572e-03 -1.42086084e-03 4.12965758e-02 2.63901384e-03 -1.40905322e-03 1.63413148e-04 5.06518820e-05 -1.18076247e-05
727              4.14637377e-02 2.69249368e-03 -1.42214634e-03 4.13003437e-02 2.64167474e-03 -1.41030095e-03 1.63393960e-04 5.08189407e-05 -1.18453876e-05
728              4.14674509e-02 2.69473322e-03 -1.42310380e-03 4.13040785e-02 2.64375174e-03 -1.41122307e-03 1.63372322e-04 5.09814767e-05 -1.18807293e-05
729              4.14687435e-02 2.69665247e-03 -1.42383640e-03 4.13053905e-02 2.64549317e-03 -1.41191685e-03 1.63353023e-04 5.11593037e-05 -1.19195490e-05
730              4.14661916e-02 2.69778947e-03 -1.42425434e-03 4.13028631e-02 2.64646578e-03 -1.41230017e-03 1.63328536e-04 5.13236923e-05 -1.19541762e-05
731              4.14600334e-02 2.69793020e-03 -1.42433864e-03 4.12967312e-02 2.64643342e-03 -1.41234821e-03 1.63302181e-04 5.14967810e-05 -1.19904236e-05
732              4.14512460e-02 2.69665644e-03 -1.42392980e-03 4.12879774e-02 2.64500361e-03 -1.41190875e-03 1.63268541e-04 5.16528350e-05 -1.20210475e-05
733              4.14417333e-02 2.69446696e-03 -1.42312656e-03 4.12784989e-02 2.64265441e-03 -1.41107507e-03 1.63234394e-04 5.18125504e-05 -1.20514942e-05
734              4.14343312e-02 2.69202745e-03 -1.42216361e-03 4.12711337e-02 2.64007666e-03 -1.41008809e-03 1.63197557e-04 5.19507842e-05 -1.20755226e-05
735              4.14300571e-02 2.68978504e-03 -1.42121046e-03 4.12668920e-02 2.63769523e-03 -1.40911123e-03 1.63165120e-04 5.20898044e-05 -1.20992331e-05
736              4.14293001e-02 2.68830253e-03 -1.42051482e-03 4.12661654e-02 2.63609472e-03 -1.40839709e-03 1.63134714e-04 5.22078117e-05 -1.21177259e-05
737              4.14307612e-02 2.68789945e-03 -1.42022368e-03 4.12676504e-02 2.63557230e-03 -1.40808653e-03 1.63110823e-04 5.23271522e-05 -1.21371489e-05
738              4.14347178e-02 2.68823281e-03 -1.42018495e-03 4.12716280e-02 2.63580418e-03 -1.40803159e-03 1.63089852e-04 5.24286281e-05 -1.21533541e-05
739              4.14428983e-02 2.68900573e-03 -1.42022717e-03 4.12798231e-02 2.63647294e-03 -1.40805544e-03 1.63075208e-04 5.25327917e-05 -1.21717327e-05
740              4.14550799e-02 2.68975335e-03 -1.42015411e-03 4.12920154e-02 2.63713360e-03 -1.40796601e-03 1.63064457e-04 5.26197461e-05 -1.21880956e-05
741              4.14709636e-02 2.69067647e-03 -1.42016628e-03 4.13079033e-02 2.63796823e-03 -1.40795953e-03 1.63060242e-04 5.27082497e-05 -1.22067559e-05
742              4.14889102e-02 2.69170377e-03 -1.42026165e-03 4.13258496e-02 2.63892190e-03 -1.40803780e-03 1.63060549e-04 5.27818631e-05 -1.22238499e-05
743              4.15074384e-02 2.69341858e-03 -1.42061513e-03 4.13443730e-02 2.64055982e-03 -1.40837212e-03 1.63065414e-04 5.28587577e-05 -1.22430131e-05
744              4.15265599e-02 2.69589627e-03 -1.42124626e-03 4.13634874e-02 2.64297171e-03 -1.40898500e-03 1.63072544e-04 5.29245583e-05 -1.22612616e-05
745              4.15463058e-02 2.69946615e-03 -1.42226819e-03 4.13832258e-02 2.64646943e-03 -1.40998627e-03 1.63079987e-04 5.29967233e-05 -1.22819184e-05
746              4.15679851e-02 2.70446172e-03 -1.42380536e-03 4.14048978e-02 2.65139797e-03 -1.41150223e-03 1.63087342e-04 5.30637515e-05 -1.23031313e-05
747              4.15909347e-02 2.71060274e-03 -1.42579143e-03 4.14278430e-02 2.65746121e-03 -1.41346360e-03 1.63091670e-04 5.31415387e-05 -1.23278306e-05
748              4.16134378e-02 2.71685766e-03 -1.42790807e-03 4.14503423e-02 2.66363833e-03 -1.41555379e-03 1.63095533e-04 5.32193342e-05 -1.23542806e-05
749              4.16336008e-02 2.72257692e-03 -1.42994847e-03 4.14705047e-02 2.66926855e-03 -1.41756505e-03 1.63096070e-04 5.33083684e-05 -1.23834146e-05
750              4.16502696e-02 2.72703972e-03 -1.43158414e-03 4.14871730e-02 2.67364167e-03 -1.41917079e-03 1.63096620e-04 5.33980498e-05 -1.24133417e-05
751              4.16631786e-02 2.73032724e-03 -1.43280186e-03 4.15000844e-02 2.67683260e-03 -1.42035843e-03 1.63094212e-04 5.34946358e-05 -1.24434361e-05
752              4.16717891e-02 2.73248679e-03 -1.43359144e-03 4.15086980e-02 2.67889454e-03 -1.42111744e-03 1.63091140e-04 5.35922470e-05 -1.24739916e-05
753              4.16755285e-02 2.73369942e-03 -1.43408070e-03 4.15124435e-02 2.68000469e-03 -1.42157694e-03 1.63084936e-04 5.36947308e-05 -1.25037546e-05
754              4.16765087e-02 2.73426705e-03 -1.43440234e-03 4.15134310e-02 2.68046512e-03 -1.42186774e-03 1.63077746e-04 5.38019319e-05 -1.25346024e-05
755              4.16754174e-02 2.73508387e-03 -1.43479941e-03 4.15123495e-02 2.68116540e-03 -1.42223431e-03 1.63067948e-04 5.39184638e-05 -1.25651013e-05
756              4.16731621e-02 2.73660381e-03 -1.43541014e-03 4.15101039e-02 2.68256002e-03 -1.42281255e-03 1.63058168e-04 5.40437824e-05 -1.25975898e-05
757              4.16716597e-02 2.73832282e-03 -1.43610170e-03 4.15086125e-02 2.68414430e-03 -1.42347153e-03 1.63047245e-04 5.41785229e-05 -1.26301727e-05
758              4.16712800e-02 2.73930651e-03 -1.43654118e-03 4.15082417e-02 2.68498762e-03 -1.42387691e-03 1.63038275e-04 5.43188871e-05 -1.26642770e-05
759              4.16688838e-02 2.73917158e-03 -1.43651925e-03 4.15058545e-02 2.68471023e-03 -1.42382263e-03 1.63029327e-04 5.44613515e-05 -1.26966159e-05
760              4.16617202e-02 2.73820193e-03 -1.43611837e-03 4.14986979e-02 2.68360117e-03 -1.42339002e-03 1.63022264e-04 5.46007628e-05 -1.27283552e-05
761              4.16510574e-02 2.73687933e-03 -1.43557951e-03 4.14880438e-02 2.68214435e-03 -1.42282293e-03 1.63013650e-04 5.47349820e-05 -1.27565731e-05
762              4.16398319e-02 2.73525809e-03 -1.43492358e-03 4.14768262e-02 2.68039537e-03 -1.42214021e-03 1.63005768e-04 5.48627200e-05 -1.27833678e-05
763              4.16275681e-02 2.73317799e-03 -1.43403171e-03 4.14645723e-02 2.67819522e-03 -1.42122568e-03 1.62995822e-04 5.49827676e-05 -1.28060222e-05
764              4.16141368e-02 2.73064977e-03 -1.43287298e-03 4.14511491e-02 2.67555665e-03 -1.42004601e-03 1.62987706e-04 5.50931186e-05 -1.28269661e-05
765              4.16019008e-02 2.72843063e-03 -1.43179408e-03 4.14389211e-02 2.67323865e-03 -1.41895039e-03 1.62979635e-04 5.51919819e-05 -1.28436856e-05
766              4.15931023e-02 2.72689860e-03 -1.43100407e-03 4.14301254e-02 2.67161881e-03 -1.41814492e-03 1.62976933e-04 5.52797932e-05 -1.28591454e-05
767              4.15904230e-02 2.72621861e-03 -1.43058873e-03 4.14274449e-02 2.67086159e-03 -1.41771774e-03 1.62978142e-04 5.53570173e-05 -1.28709955e-05
768              4.15930021e-02 2.72619520e-03 -1.43031970e-03 4.14300133e-02 2.67077100e-03 -1.41743721e-03 1.62988764e-04 5.54242009e-05 -1.28824831e-05
769              4.15982506e-02 2.72664759e-03 -1.43018206e-03 4.14352453e-02 2.67116825e-03 -1.41729091e-03 1.63005283e-04 5.54793424e-05 -1.28911491e-05
770              4.16053185e-02 2.72721294e-03 -1.43009368e-03 4.14422867e-02 2.67168894e-03 -1.41719337e-03 1.63031760e-04 5.55239960e-05 -1.29003066e-05
771              4.16142653e-02 2.72780886e-03 -1.43009099e-03 4.14512029e-02 2.67225059e-03 -1.41718389e-03 1.63062420e-04 5.55582658e-05 -1.29070988e-05
772              4.16248693e-02 2.72855308e-03 -1.43013801e-03 4.14617680e-02 2.67296719e-03 -1.41722298e-03 1.63101323e-04 5.55858918e-05 -1.29150331e-05
773              4.16373546e-02 2.72966272e-03 -1.43026647e-03 4.14742121e-02 2.67405621e-03 -1.41734522e-03 1.63142480e-04 5.56065101e-05 -1.29212571e-05
774              4.16519900e-02 2.73141508e-03 -1.43059832e-03 4.14887988e-02 2.67579155e-03 -1.41766878e-03 1.63191196e-04 5.56235332e-05 -1.29295408e-05
775              4.16679469e-02 2.73399771e-03 -1.43125732e-03 4.15047060e-02 2.67836128e-03 -1.41832064e-03 1.63240896e-04 5.56364238e-05 -1.29366840e-05
776              4.16850592e-02 2.73788670e-03 -1.43243829e-03 4.15217626e-02 2.68223643e-03 -1.41949150e-03 1.63296560e-04 5.56502761e-05 -1.29467903e-05
777              4.17041994e-02 2.74383097e-03 -1.43444445e-03 4.15408498e-02 2.68816593e-03 -1.42148773e-03 1.63349685e-04 5.56650394e-05 -1.29567173e-05
778              4.17243980e-02 2.75136016e-03 -1.43705730e-03 4.15609927e-02 2.69567344e-03 -1.42408605e-03 1.63405328e-04 5.56867192e-05 -1.29712558e-05
779              4.17448822e-02 2.75904767e-03 -1.43981723e-03 4.15814272e-02 2.70333545e-03 -1.42683087e-03 1.63454958e-04 5.57122201e-05 -1.29863618e-05
780              4.17630970e-02 2.76569925e-03 -1.44228698e-03 4.15995903e-02 2.70995469e-03 -1.42928147e-03 1.63506657e-04 5.57445620e-05 -1.30055115e-05
781              4.17775688e-02 2.77081289e-03 -1.44430534e-03 4.16140160e-02 2.71503530e-03 -1.43128246e-03 1.63552804e-04 5.57775907e-05 -1.30228787e-05
782              4.17866381e-02 2.77421247e-03 -1.44570066e-03 4.16230358e-02 2.71839734e-03 -1.43265859e-03 1.63602327e-04 5.58151373e-05 -1.30420607e-05
783              4.17904435e-02 2.77626732e-03 -1.44659852e-03 4.16267976e-02 2.72041569e-03 -1.43354064e-03 1.63645832e-04 5.58516303e-05 -1.30578769e-05
784              4.17908168e-02 2.77721110e-03 -1.44701636e-03 4.16271246e-02 2.72131841e-03 -1.43394101e-03 1.63692124e-04 5.58926942e-05 -1.30753451e-05
785              4.17895062e-02 2.77771028e-03 -1.44731914e-03 4.16257743e-02 2.72177639e-03 -1.43422910e-03 1.63731923e-04 5.59338903e-05 -1.30900321e-05
786              4.17870114e-02 2.77868637e-03 -1.44786011e-03 4.16232365e-02 2.72270333e-03 -1.43475278e-03 1.63774903e-04 5.59830412e-05 -1.31073365e-05
787              4.17826546e-02 2.78057347e-03 -1.44878236e-03 4.16188417e-02 2.72453560e-03 -1.43565909e-03 1.63812920e-04 5.60378668e-05 -1.31232678e-05
788              4.17770455e-02 2.78271912e-03 -1.44969453e-03 4.16131902e-02 2.72661492e-03 -1.43655169e-03 1.63855274e-04 5.61041935e-05 -1.31428363e-05
789              4.17719191e-02 2.78426640e-03 -1.45028369e-03 4.16080248e-02 2.72809243e-03 -1.43712264e-03 1.63894314e-04 5.61739766e-05 -1.31610539e-05
790              4.17675501e-02 2.78466241e-03 -1.45041296e-03 4.16036115e-02 2.72841463e-03 -1.43723163e-03 1.63938560e-04 5.62477800e-05 -1.31813356e-05
791              4.17622704e-02 2.78460174e-03 -1.45046424e-03 4.15982911e-02 2.72828412e-03 -1.43726601e-03 1.63979292e-04 5.63176203e-05 -1.31982353e-05
792              4.17547563e-02 2.78413665e-03 -1.45038942e-03 4.15907335e-02 2.72774935e-03 -1.43717388e-03 1.64022766e-04 5.63873013e-05 -1.32155412e-05
793              4.17447329e-02 2.78303001e-03 -1.45006866e-03 4.15806723e-02 2.72657831e-03 -1.43683969e-03 1.64060652e-04 5.64516997e-05 -1.32289634e-05
794              4.17334406e-02 2.78109524e-03 -1.44933805e-03 4.15693417e-02 2.72458214e-03 -1.43609620e-03 1.64098942e-04 5.65131019e-05 -1.32418501e-05
795              4.17231411e-02 2.77911175e-03 -1.44846613e-03 4.15590078e-02 2.72254568e-03 -1.43521542e-03 1.64133260e-04 5.65660632e-05 -1.32507105e-05
796              4.17158817e-02 2.77748525e-03 -1.44767103e-03 4.15517124e-02 2.72087372e-03 -1.43441230e-03 1.64169289e-04 5.66115325e-05 -1.32587328e-05
797              4.17117847e-02 2.77634839e-03 -1.44712525e-03 4.15475792e-02 2.71970069e-03 -1.43386147e-03 1.64205518e-04 5.66476984e-05 -1.32637740e-05
798              4.17122559e-02 2.77571484e-03 -1.44680247e-03 4.15480110e-02 2.71903847e-03 -1.43353418e-03 1.64244965e-04 5.66763726e-05 -1.32682975e-05
799              4.17166421e-02 2.77563347e-03 -1.44674027e-03 4.15523551e-02 2.71893712e-03 -1.43346971e-03 1.64287056e-04 5.66963426e-05 -1.32705509e-05
800              4.17233986e-02 2.77547609e-03 -1.44656809e-03 4.15590669e-02 2.71876502e-03 -1.43329487e-03 1.64331693e-04 5.67110700e-05 -1.32732176e-05
801              4.17299716e-02 2.77515877e-03 -1.44625780e-03 4.15655923e-02 2.71844287e-03 -1.43298368e-03 1.64379224e-04 5.67159070e-05 -1.32741166e-05
802              4.17384848e-02 2.77479523e-03 -1.44586970e-03 4.15740569e-02 2.71807806e-03 -1.43259337e-03 1.64427857e-04 5.67171646e-05 -1.32763238e-05
803              4.17502222e-02 2.77476605e-03 -1.44565514e-03 4.15857425e-02 2.71805725e-03 -1.43237800e-03 1.64479718e-04 5.67088013e-05 -1.32771448e-05
804              4.17647408e-02 2.77535402e-03 -1.44569615e-03 4.16002094e-02 2.71865221e-03 -1.43241606e-03 1.64531379e-04 5.67018008e-05 -1.32800916e-05
805              4.17819931e-02 2.77701189e-03 -1.44617254e-03 4.16174072e-02 2.72032181e-03 -1.43288995e-03 1.64585921e-04 5.66900793e-05 -1.32825936e-05
806              4.18004258e-02 2.77998991e-03 -1.44706728e-03 4.16357890e-02 2.72330496e-03 -1.43377905e-03 1.64636786e-04 5.66849498e-05 -1.32882273e-05
807              4.18205454e-02 2.78493279e-03 -1.44869767e-03 4.16558575e-02 2.72825220e-03 -1.43540241e-03 1.64687927e-04 5.66805899e-05 -1.32952636e-05
808              4.18439797e-02 2.79137161e-03 -1.45091817e-03 4.16792485e-02 2.73468441e-03 -1.43761150e-03 1.64731150e-04 5.66872010e-05 -1.33066774e-05
809              4.18688766e-02 2.79827399e-03 -1.45344154e-03 4.17041026e-02 2.74157491e-03 -1.44012100e-03 1.64774029e-04 5.66990734e-05 -1.33205414e-05
810              4.18928300e-02 2.80452781e-03 -1.45585071e-03 4.17280213e-02 2.74780465e-03 -1.44251281e-03 1.64808729e-04 5.67231556e-05 -1.33378934e-05
811              4.19132035e-02 2.80957193e-03 -1.45787864e-03 4.17483581e-02 2.75282026e-03 -1.44452256e-03 1.64845322e-04 5.67516707e-05 -1.33560744e-05
812              4.19293148e-02 2.81306015e-03 -1.45929087e-03 4.17644408e-02 2.75627161e-03 -1.44591551e-03 1.64873973e-04 5.67885383e-05 -1.33753542e-05
813              4.19416573e-02 2.81520119e-03 -1.46020557e-03 4.17767528e-02 2.75837500e-03 -1.44681149e-03 1.64904510e-04 5.68261893e-05 -1.33940829e-05
814              4.19501368e-02 2.81604887e-03 -1.46067984e-03 4.17852123e-02 2.75917848e-03 -1.44726688e-03 1.64924532e-04 5.68703961e-05 -1.34129610e-05
815              4.19537083e-02 2.81603104e-03 -1.46090957e-03 4.17887625e-02 2.75911310e-03 -1.44747818e-03 1.64945788e-04 5.69179445e-05 -1.34313829e-05
816              4.19544034e-02 2.81605220e-03 -1.46111438e-03 4.17894471e-02 2.75907621e-03 -1.44766414e-03 1.64956326e-04 5.69759878e-05 -1.34502393e-05
817              4.19543095e-02 2.81693703e-03 -1.46159131e-03 4.17893387e-02 2.75989575e-03 -1.44812145e-03 1.64970772e-04 5.70412829e-05 -1.34698583e-05
818              4.19542202e-02 2.81829512e-03 -1.46216544e-03 4.17892439e-02 2.76117732e-03 -1.44867467e-03 1.64976240e-04 5.71178054e-05 -1.34907729e-05
819              4.19540091e-02 2.81924457e-03 -1.46262449e-03 4.17890211e-02 2.76204534e-03 -1.44911181e-03 1.64988001e-04 5.71992316e-05 -1.35126738e-05
820              4.19524663e-02 2.81900553e-03 -1.46268074e-03 4.17874750e-02 2.76171891e-03 -1.44914627e-03 1.64991375e-04 5.72866212e-05 -1.35344741e-05
821              4.19478947e-02 2.81784619e-03 -1.46236761e-03 4.17828934e-02 2.76047255e-03 -1.44881216e-03 1.65001358e-04 5.73736426e-05 -1.35554553e-05
822              4.19398635e-02 2.81605210e-03 -1.46166321e-03 4.17748617e-02 2.75859126e-03 -1.44808870e-03 1.65001788e-04 5.74608352e-05 -1.35745103e-05
823              4.19289855e-02 2.81394979e-03 -1.46083346e-03 4.17639766e-02 2.75640724e-03 -1.44724154e-03 1.65008857e-04 5.75425506e-05 -1.35919185e-05
824              4.19177676e-02 2.81157645e-03 -1.45991447e-03 4.17527628e-02 2.75395590e-03 -1.44630790e-03 1.65004781e-04 5.76205501e-05 -1.36065608e-05
825              4.19058127e-02 2.80903892e-03 -1.45898680e-03 4.17408052e-02 2.75134599e-03 -1.44536714e-03 1.65007447e-04 5.76929294e-05 -1.36196617e-05
826              4.18951225e-02 2.80682870e-03 -1.45811867e-03 4.17301233e-02 2.74906966e-03 -1.44448939e-03 1.64999205e-04 5.77590368e-05 -1.36292797e-05
827              4.18867319e-02 2.80571154e-03 -1.45760757e-03 4.17217300e-02 2.74789130e-03 -1.44396894e-03 1.65001935e-04 5.78202407e-05 -1.36386289e-05
828              4.18811229e-02 2.80546784e-03 -1.45733735e-03 4.17161264e-02 2.74759641e-03 -1.44369257e-03 1.64996526e-04 5.78714329e-05 -1.36447806e-05
829              4.18791069e-02 2.80581875e-03 -1.45725220e-03 4.17141004e-02 2.74790182e-03 -1.44359999e-03 1.65006494e-04 5.79169262e-05 -1.36522153e-05
830              4.18831859e-02 2.80642954e-03 -1.45728923e-03 4.17181764e-02 2.74848176e-03 -1.44363313e-03 1.65009455e-04 5.79477739e-05 -1.36561063e-05
831              4.18916815e-02 2.80705801e-03 -1.45738150e-03 4.17266513e-02 2.74908428e-03 -1.44371947e-03 1.65030247e-04 5.79737247e-05 -1.36620269e-05
832              4.19021738e-02 2.80777371e-03 -1.45753113e-03 4.17371313e-02 2.74979014e-03 -1.44386766e-03 1.65042463e-04 5.79835702e-05 -1.36634717e-05
833              4.19130231e-02 2.80862896e-03 -1.45775184e-03 4.17479511e-02 2.75063704e-03 -1.44408412e-03 1.65071965e-04 5.79919212e-05 -1.36677198e-05
834              4.19241492e-02 2.80973516e-03 -1.45799487e-03 4.17590600e-02 2.75174921e-03 -1.44432726e-03 1.65089211e-04 5.79859514e-05 -1.36676043e-05
835              4.19368659e-02 2.81148975e-03 -1.45844013e-03 4.17717435e-02 2.75350857e-03 -1.44476895e-03 1.65122414e-04 5.79811746e-05 -1.36711799e-05
836              4.19511871e-02 2.81381591e-03 -1.45914024e-03 4.17860456e-02 2.75585145e-03 -1.44546932e-03 1.65141456e-04 5.79644536e-05 -1.36709216e-05
837              4.19671272e-02 2.81713084e-03 -1.46029162e-03 4.18019508e-02 2.75917816e-03 -1.44661646e-03 1.65176348e-04 5.79526873e-05 -1.36751523e-05
838              4.19848146e-02 2.82205554e-03 -1.46201585e-03 4.18196189e-02 2.76412289e-03 -1.44833970e-03 1.65195689e-04 5.79326491e-05 -1.36761520e-05
839              4.20024267e-02 2.82834381e-03 -1.46431728e-03 4.18371966e-02 2.77042247e-03 -1.45063432e-03 1.65230120e-04 5.79213409e-05 -1.36829660e-05
840              4.20212038e-02 2.83485294e-03 -1.46679424e-03 4.18559571e-02 2.77694806e-03 -1.45310718e-03 1.65246799e-04 5.79048768e-05 -1.36870582e-05
841              4.20383502e-02 2.84071030e-03 -1.46913801e-03 4.18730720e-02 2.78281060e-03 -1.45544150e-03 1.65278196e-04 5.78997019e-05 -1.36965118e-05
842              4.20508631e-02 2.84535840e-03 -1.47094675e-03 4.18855721e-02 2.78746930e-03 -1.45724497e-03 1.65291022e-04 5.78891046e-05 -1.37017859e-05
843              4.20588267e-02 2.84866642e-03 -1.47228841e-03 4.18935080e-02 2.79077898e-03 -1.45857727e-03 1.65318750e-04 5.78874384e-05 -1.37111471e-05
844              4.20643469e-02 2.85082021e-03 -1.47329000e-03 4.18990202e-02 2.79294155e-03 -1.45957481e-03 1.65326702e-04 5.78786661e-05 -1.37151866e-05
845              4.20656285e-02 2.85197706e-03 -1.47403187e-03 4.19002792e-02 2.79409615e-03 -1.46030900e-03 1.65349354e-04 5.78809110e-05 -1.37228744e-05
846              4.20646075e-02 2.85263716e-03 -1.47450912e-03 4.18992555e-02 2.79475769e-03 -1.46078388e-03 1.65351968e-04 5.78794663e-05 -1.37252393e-05
847              4.20619937e-02 2.85387505e-03 -1.47515989e-03 4.18966229e-02 2.79598296e-03 -1.46142756e-03 1.65370793e-04 5.78920921e-05 -1.37323348e-05
848              4.20575809e-02 2.85591561e-03 -1.47608634e-03 4.18922105e-02 2.79801187e-03 -1.46235075e-03 1.65370404e-04 5.79037382e-05 -1.37355982e-05
849              4.20525346e-02 2.85803635e-03 -1.47709502e-03 4.18871474e-02 2.80010439e-03 -1.46335018e-03 1.65387129e-04 5.79319583e-05 -1.37448395e-05
850              4.20472072e-02 2.85897802e-03 -1.47764253e-03 4.18818221e-02 2.80101968e-03 -1.46389260e-03 1.65385039e-04 5.79583463e-05 -1.37499262e-05
851              4.20402814e-02 2.85826215e-03 -1.47757382e-03 4.18748794e-02 2.80026599e-03 -1.46381444e-03 1.65402039e-04 5.79961557e-05 -1.37593740e-05
852              4.20301127e-02 2.85658120e-03 -1.47709719e-03 4.18647114e-02 2.79855649e-03 -1.46333480e-03 1.65401367e-04 5.80247072e-05 -1.37623973e-05
853              4.20169217e-02 2.85452732e-03 -1.47648848e-03 4.18515018e-02 2.79646776e-03 -1.46272008e-03 1.65419843e-04 5.80595579e-05 -1.37684049e-05
854              4.20037183e-02 2.85212734e-03 -1.47574211e-03 4.18383004e-02 2.79404392e-03 -1.46197480e-03 1.65417912e-04 5.80834190e-05 -1.37673063e-05
855              4.19914314e-02 2.84925115e-03 -1.47484018e-03 4.18259979e-02 2.79113737e-03 -1.46107092e-03 1.65433509e-04 5.81137795e-05 -1.37692607e-05
856              4.19804098e-02 2.84667031e-03 -1.47395206e-03 4.18149813e-02 2.78853807e-03 -1.46018783e-03 1.65428561e-04 5.81322397e-05 -1.37642265e-05
857              4.19714598e-02 2.84516343e-03 -1.47339109e-03 4.18060157e-02 2.78700787e-03 -1.45962793e-03 1.65444100e-04 5.81555642e-05 -1.37631547e-05
858              4.19661563e-02 2.84454557e-03 -1.47310737e-03 4.18007148e-02 2.78638056e-03 -1.45935125e-03 1.65441571e-04 5.81650070e-05 -1.37561204e-05
859              4.19659250e-02 2.84458277e-03 -1.47312914e-03 4.18004628e-02 2.78640414e-03 -1.45937493e-03 1.65462217e-04 5.81786359e-05 -1.37542114e-05
860              4.19704320e-02 2.84494993e-03 -1.47327746e-03 4.18049668e-02 2.78677158e-03 -1.45953060e-03 1.65465194e-04 5.81783475e-05 -1.37468567e-05
861              4.19771958e-02 2.84502454e-03 -1.47330805e-03 4.18117043e-02 2.78684197e-03 -1.45956290e-03 1.65491443e-04 5.81825722e-05 -1.37451493e-05
862              4.19841515e-02 2.84469861e-03 -1.47311373e-03 4.18186536e-02 2.78652705e-03 -1.45937610e-03 1.65497892e-04 5.81715638e-05 -1.37376345e-05
863              4.19920206e-02 2.84425486e-03 -1.47294084e-03 4.18264941e-02 2.78609003e-03 -1.45920523e-03 1.65526489e-04 5.81648309e-05 -1.37356126e-05
864              4.20017242e-02 2.84415162e-03 -1.47284910e-03 4.18361916e-02 2.78600681e-03 -1.45912120e-03 1.65532652e-04 5.81448078e-05 -1.37279050e-05
865              4.20125285e-02 2.84472488e-03 -1.47297182e-03 4.18469697e-02 2.78659176e-03 -1.45924501e-03 1.65558811e-04 5.81331190e-05 -1.37268044e-05
866              4.20260276e-02 2.84596712e-03 -1.47335036e-03 4.18604675e-02 2.78785486e-03 -1.45962949e-03 1.65560131e-04 5.81122595e-05 -1.37208699e-05
867              4.20425768e-02 2.84829691e-03 -1.47413698e-03 4.18769949e-02 2.79019268e-03 -1.46041462e-03 1.65581974e-04 5.81042287e-05 -1.37223568e-05
868              4.20606370e-02 2.85233363e-03 -1.47555042e-03 4.18950575e-02 2.79424257e-03 -1.46183023e-03 1.65579529e-04 5.80910661e-05 -1.37201841e-05
869              4.20784619e-02 2.85784868e-03 -1.47758879e-03 4.19128650e-02 2.79975434e-03 -1.46386193e-03 1.65596882e-04 5.80943349e-05 -1.37268577e-05
870              4.20977534e-02 2.86374169e-03 -1.47979972e-03 4.19321645e-02 2.80564649e-03 -1.46606937e-03 1.65588874e-04 5.80952002e-05 -1.37303488e-05
871              4.21178496e-02 2.86898914e-03 -1.48177494e-03 4.19522487e-02 2.81087678e-03 -1.46803303e-03 1.65600829e-04 5.81123624e-05 -1.37419147e-05
872              4.21352139e-02 2.87290719e-03 -1.48321323e-03 4.19696261e-02 2.81478351e-03 -1.46946416e-03 1.65587882e-04 5.81236843e-05 -1.37490780e-05
873              4.21478577e-02 2.87522059e-03 -1.48415652e-03 4.19822633e-02 2.81707391e-03 -1.47039383e-03 1.65594450e-04 5.81466833e-05 -1.37626911e-05
874              4.21569864e-02 2.87608601e-03 -1.48468549e-03 4.19914107e-02 2.81792397e-03 -1.47091555e-03 1.65575704e-04 5.81620313e-05 -1.37699479e-05
875              4.21609866e-02 2.87573015e-03 -1.48479604e-03 4.19954102e-02 2.81753960e-03 -1.47101395e-03 1.65576341e-04 5.81905518e-05 -1.37820858e-05
876              4.21609478e-02 2.87463104e-03 -1.48454353e-03 4.19953960e-02 2.81641709e-03 -1.47075574e-03 1.65551877e-04 5.82139586e-05 -1.37877908e-05
877              4.21591883e-02 2.87389867e-03 -1.48436037e-03 4.19936408e-02 2.81564619e-03 -1.47056100e-03 1.65547454e-04 5.82524768e-05 -1.37993704e-05
878              4.21568613e-02 2.87396410e-03 -1.48439261e-03 4.19913410e-02 2.81567599e-03 -1.47058659e-03 1.65520245e-04 5.82881146e-05 -1.38060167e-05
879              4.21547956e-02 2.87422573e-03 -1.48453884e-03 4.19892799e-02 2.81588560e-03 -1.47071932e-03 1.65515694e-04 5.83401259e-05 -1.38195228e-05
880              4.21525571e-02 2.87358609e-03 -1.48431382e-03 4.19870666e-02 2.81519827e-03 -1.47048573e-03 1.65490488e-04 5.83878161e-05 -1.38280917e-05
881              4.21479472e-02 2.87154059e-03 -1.48359372e-03 4.19824588e-02 2.81309403e-03 -1.46975173e-03 1.65488416e-04 5.84465551e-05 -1.38419956e-05
882              4.21402262e-02 2.86843048e-03 -1.48243902e-03 4.19747601e-02 2.80993608e-03 -1.46859038e-03 1.65466112e-04 5.84943989e-05 -1.38486390e-05
883              4.21288968e-02 2.86484469e-03 -1.48108857e-03 4.19634300e-02 2.80629643e-03 -1.46722987e-03 1.65466786e-04 5.85482628e-05 -1.38587033e-05
884              4.21161763e-02 2.86105054e-03 -1.47958346e-03 4.19507300e-02 2.80246190e-03 -1.46572235e-03 1.65446340e-04 5.85886402e-05 -1.38611128e-05
885              4.21040684e-02 2.85714981e-03 -1.47804260e-03 4.19386211e-02 2.79851575e-03 -1.46417512e-03 1.65447328e-04 5.86340571e-05 -1.38674887e-05
886              4.20917322e-02 2.85335252e-03 -1.47651078e-03 4.19263058e-02 2.79468674e-03 -1.46264431e-03 1.65426487e-04 5.86657837e-05 -1.38664743e-05
887              4.20804708e-02 2.85053507e-03 -1.47537893e-03 4.19150421e-02 2.79183183e-03 -1.46150927e-03 1.65428754e-04 5.87032365e-05 -1.38696628e-05
888              4.20736302e-02 2.84883024e-03 -1.47468601e-03 4.19082184e-02 2.79010211e-03 -1.46081971e-03 1.65411772e-04 5.87281317e-05 -1.38662987e-05
889              4.20707300e-02 2.84776771e-03 -1.47429822e-03 4.19053097e-02 2.78900794e-03 -1.46042972e-03 1.65420370e-04 5.87597661e-05 -1.38685009e-05
890              4.20719098e-02 2.84703889e-03 -1.47399491e-03 4.19064991e-02 2.78826085e-03 -1.46013041e-03 1.65410663e-04 5.87780391e-05 -1.38645022e-05
891              4.20770229e-02 2.84641769e-03 -1.47367440e-03 4.19115951e-02 2.78761683e-03 -1.45980830e-03 1.65427814e-04 5.88008554e-05 -1.38660983e-05
892              4.20858213e-02 2.84575780e-03 -1.47326099e-03 4.19203951e-02 2.78695109e-03 -1.45939945e-03 1.65426190e-04 5.88067085e-05 -1.38615468e-05
893              4.20963852e-02 2.84504158e-03 -1.47286743e-03 4.19309355e-02 2.78622634e-03 -1.45900436e-03 1.65449790e-04 5.88152445e-05 -1.38630707e-05
894              4.21071733e-02 2.84443324e-03 -1.47250128e-03 4.19417228e-02 2.78562560e-03 -1.45864308e-03 1.65450468e-04 5.88076394e-05 -1.38581986e-05
895              4.21177608e-02 2.84442022e-03 -1.47238047e-03 4.19522868e-02 2.78561363e-03 -1.45852090e-03 1.65474030e-04 5.88065871e-05 -1.38595752e-05
896              4.21302543e-02 2.84511048e-03 -1.47255342e-03 4.19647816e-02 2.78631706e-03 -1.45869812e-03 1.65472703e-04 5.87934169e-05 -1.38552931e-05
897              4.21450354e-02 2.84657416e-03 -1.47302613e-03 4.19795413e-02 2.78778373e-03 -1.45916775e-03 1.65494122e-04 5.87904262e-05 -1.38583832e-05
898              4.21613106e-02 2.84929564e-03 -1.47387832e-03 4.19958193e-02 2.79051835e-03 -1.46002214e-03 1.65491261e-04 5.87772944e-05 -1.38561793e-05
899              4.21786071e-02 2.85354435e-03 -1.47533369e-03 4.20130945e-02 2.79476849e-03 -1.46147188e-03 1.65512530e-04 5.87758611e-05 -1.38618093e-05
900              4.21962624e-02 2.85865572e-03 -1.47714682e-03 4.20307537e-02 2.79988939e-03 -1.46328384e-03 1.65508697e-04 5.87663385e-05 -1.38629824e-05
901              4.22138794e-02 2.86377986e-03 -1.47910033e-03 4.20483527e-02 2.80500962e-03 -1.46522795e-03 1.65526737e-04 5.87702399e-05 -1.38723816e-05
902              4.22291766e-02 2.86793168e-03 -1.48074303e-03 4.20636583e-02 2.80916568e-03 -1.46686689e-03 1.65518360e-04 5.87659990e-05 -1.38761412e-05
903              4.22412442e-02 2.87062466e-03 -1.48188665e-03 4.20757112e-02 2.81185121e-03 -1.46800061e-03 1.65533037e-04 5.87734510e-05 -1.38860351e-05
904              4.22488478e-02 2.87195745e-03 -1.48246075e-03 4.20833254e-02 2.81318706e-03 -1.46857210e-03 1.65522341e-04 5.87703927e-05 -1.38886451e-05
905              4.22513223e-02 2.87212739e-03 -1.48261609e-03 4.20857880e-02 2.81334980e-03 -1.46871933e-03 1.65534378e-04 5.87775950e-05 -1.38967628e-05
906              4.22498784e-02 2.87139302e-03 -1.48238270e-03 4.20843583e-02 2.81261839e-03 -1.46848542e-03 1.65520113e-04 5.87746369e-05 -1.38972735e-05
907              4.22471036e-02 2.87063295e-03 -1.48216023e-03 4.20815747e-02 2.81184873e-03 -1.46825683e-03 1.65528934e-04 5.87842229e-05 -1.39033975e-05
908              4.22429505e-02 2.87054165e-03 -1.48218073e-03 4.20774382e-02 2.81175399e-03 -1.46827757e-03 1.65512328e-04 5.87876660e-05 -1.39031573e-05
909              4.22375569e-02 2.87098726e-03 -1.48243773e-03 4.20720375e-02 2.81217892e-03 -1.46852753e-03 1.65519390e-04 5.88083354e-05 -1.39101977e-05
910              4.22313901e-02 2.87091573e-03 -1.48245056e-03 4.20658881e-02 2.81209063e-03 -1.46853922e-03 1.65501941e-04 5.88250977e-05 -1.39113355e-05
911              4.22236010e-02 2.86937658e-03 -1.48187772e-03 4.20580913e-02 2.81052020e-03 -1.46795912e-03 1.65509672e-04 5.88563797e-05 -1.39186023e-05
912              4.22147109e-02 2.86644034e-03 -1.48077173e-03 4.20492173e-02 2.80756314e-03 -1.46685353e-03 1.65493585e-04 5.88772004e-05 -1.39182042e-05
913              4.22039978e-02 2.86271978e-03 -1.47935620e-03 4.20384959e-02 2.80381372e-03 -1.46543368e-03 1.65501931e-04 5.89060632e-05 -1.39225244e-05
914              4.21913487e-02 2.85863444e-03 -1.47772861e-03 4.20258630e-02 2.79971389e-03 -1.46381035e-03 1.65485743e-04 5.89205561e-05 -1.39182618e-05
915              4.21761342e-02 2.85442960e-03 -1.47608453e-03 4.20106395e-02 2.79548764e-03 -1.46216602e-03 1.65494650e-04 5.89419623e-05 -1.39185136e-05
916              4.21605647e-02 2.85006902e-03 -1.47430499e-03 4.19950848e-02 2.79111963e-03 -1.46039420e-03 1.65479852e-04 5.89493890e-05 -1.39107940e-05
917              4.21484501e-02 2.84659604e-03 -1.47283217e-03 4.19829592e-02 2.78763251e-03 -1.45892354e-03 1.65490932e-04 5.89635357e-05 -1.39086257e-05
918              4.21414300e-02 2.84438956e-03 -1.47181498e-03 4.19759504e-02 2.78542604e-03 -1.45791559e-03 1.65479618e-04 5.89635203e-05 -1.38993907e-05
919              4.21399740e-02 2.84308277e-03 -1.47123458e-03 4.19744778e-02 2.78411148e-03 -1.45733799e-03 1.65496142e-04 5.89712919e-05 -1.38965903e-05
920              4.21425552e-02 2.84244857e-03 -1.47088165e-03 4.19770637e-02 2.78348234e-03 -1.45699389e-03 1.65491475e-04 5.89662325e-05 -1.38877551e-05
921              4.21464162e-02 2.84205043e-03 -1.47060651e-03 4.19809013e-02 2.78308152e-03 -1.45672032e-03 1.65514832e-04 5.89689090e-05 -1.38861943e-05
922              4.21528532e-02 2.84141750e-03 -1.47025281e-03 4.19873371e-02 2.78245999e-03 -1.45637437e-03 1.65516100e-04 5.89575046e-05 -1.38784404e-05
923              4.21617967e-02 2.84059926e-03 -1.46992004e-03 4.19962526e-02 2.78164555e-03 -1.45604280e-03 1.65544148e-04 5.89537110e-05 -1.38772379e-05
924              4.21704813e-02 2.83986047e-03 -1.46960456e-03 4.20049340e-02 2.78092281e-03 -1.45573485e-03 1.65547254e-04 5.89376587e-05 -1.38697085e-05
925              4.21773707e-02 2.83980770e-03 -1.46955657e-03 4.20117972e-02 2.78087591e-03 -1.45568713e-03 1.65573542e-04 5.89317957e-05 -1.38694402e-05
926              4.21859286e-02 2.84051563e-03 -1.46976551e-03 4.20203559e-02 2.78159945e-03 -1.45590196e-03 1.65572636e-04 5.89161776e-05 -1.38635554e-05
927              4.21984175e-02 2.84188331e-03 -1.47027585e-03 4.20328222e-02 2.78297012e-03 -1.45641045e-03 1.65595330e-04 5.89131867e-05 -1.38654054e-05
928              4.22137186e-02 2.84444877e-03 -1.47118846e-03 4.20481271e-02 2.78554585e-03 -1.45732618e-03 1.65591572e-04 5.89029207e-05 -1.38622725e-05
929              4.22310080e-02 2.84873040e-03 -1.47276570e-03 4.20653969e-02 2.78982278e-03 -1.45889787e-03 1.65611013e-04 5.89076178e-05 -1.38678312e-05
930              4.22485771e-02 2.85395393e-03 -1.47470827e-03 4.20829742e-02 2.79504679e-03 -1.46083924e-03 1.65602822e-04 5.89071415e-05 -1.38690329e-05
931              4.22659028e-02 2.85910785e-03 -1.47674261e-03 4.21002857e-02 2.80018492e-03 -1.46286389e-03 1.65617068e-04 5.89229242e-05 -1.38787227e-05
932              4.22816696e-02 2.86325664e-03 -1.47840586e-03 4.21160661e-02 2.80432390e-03 -1.46452264e-03 1.65603548e-04 5.89327336e-05 -1.38832120e-05
933              4.22939704e-02 2.86587346e-03 -1.47956287e-03 4.21283577e-02 2.80691794e-03 -1.46566814e-03 1.65612728e-04 5.89555211e-05 -1.38947302e-05
934              4.23023695e-02 2.86703995e-03 -1.48015136e-03 4.21367752e-02 2.80807103e-03 -1.46625238e-03 1.65594381e-04 5.89689194e-05 -1.38989760e-05
935              4.23056635e-02 2.86701765e-03 -1.48035385e-03 4.21400648e-02 2.80802328e-03 -1.46644520e-03 1.65598725e-04 5.89943747e-05 -1.39086527e-05
936              4.23056724e-02 2.86602403e-03 -1.48018489e-03 4.21400972e-02 2.80701187e-03 -1.46627406e-03 1.65575166e-04 5.90121595e-05 -1.39108304e-05
937              4.23043619e-02 2.86490576e-03 -1.48005599e-03 4.21387881e-02 2.80586067e-03 -1.46613696e-03 1.65573738e-04 5.90450836e-05 -1.39190286e-05
938              4.23009764e-02 2.86447094e-03 -1.48009420e-03 4.21354311e-02 2.80539683e-03 -1.46617363e-03 1.65545315e-04 5.90741111e-05 -1.39205614e-05
939              4.22972216e-02 2.86472507e-03 -1.48028174e-03 4.21316803e-02 2.80560410e-03 -1.46635243e-03 1.65541364e-04 5.91209646e-05 -1.39293144e-05
940              4.22941883e-02 2.86464831e-03 -1.48022840e-03 4.21286757e-02 2.80548548e-03 -1.46629578e-03 1.65512559e-04 5.91628358e-05 -1.39326139e-05
941              4.22899691e-02 2.86320037e-03 -1.47974009e-03 4.21244597e-02 2.80398276e-03 -1.46579714e-03 1.65509385e-04 5.92176156e-05 -1.39429493e-05
942              4.22830069e-02 2.86022677e-03 -1.47871291e-03 4.21175248e-02 2.80096533e-03 -1.46476716e-03 1.65482040e-04 5.92614382e-05 -1.39457520e-05
943              4.22722735e-02 2.85629234e-03 -1.47729645e-03 4.21067926e-02 2.79697899e-03 -1.46334327e-03 1.65480880e-04 5.93133526e-05 -1.39531807e-05
944              4.22575884e-02 2.85195066e-03 -1.47553551e-03 4.20921330e-02 2.79260053e-03 -1.46158329e-03 1.65455341e-04 5.93501234e-05 -1.39522184e-05
945              4.22434942e-02 2.84751355e-03 -1.47370640e-03 4.20780399e-02 2.78812246e-03 -1.45975020e-03 1.65454351e-04 5.93910900e-05 -1.39561929e-05
946              4.22303286e-02 2.84286748e-03 -1.47182763e-03 4.20649008e-02 2.78345229e-03 -1.45787570e-03 1.65427759e-04 5.94151926e-05 -1.39519333e-05
947              4.22190580e-02 2.83891643e-03 -1.47022176e-03 4.20536314e-02 2.77947162e-03 -1.45626905e-03 1.65426597e-04 5.94448115e-05 -1.39527160e-05
948              4.22114541e-02 2.83622402e-03 -1.46906508e-03 4.20460520e-02 2.77676390e-03 -1.45511880e-03 1.65402151e-04 5.94601112e-05 -1.39462811e-05
949              4.22069081e-02 2.83448788e-03 -1.46828683e-03 4.20415034e-02 2.77500516e-03 -1.45434040e-03 1.65404745e-04 5.94827254e-05 -1.39464395e-05
950              4.22068035e-02 2.83326891e-03 -1.46763572e-03 4.20414186e-02 2.77377827e-03 -1.45369558e-03 1.65384942e-04 5.94906434e-05 -1.39401376e-05
951              4.22106098e-02 2.83226077e-03 -1.46706514e-03 4.20452167e-02 2.77275738e-03 -1.45312467e-03 1.65393077e-04 5.95033937e-05 -1.39404771e-05
952              4.22177634e-02 2.83121914e-03 -1.46646398e-03 4.20523847e-02 2.77171997e-03 -1.45252948e-03 1.65378654e-04 5.94991722e-05 -1.39345000e-05
953              4.22240369e-02 2.83022837e-03 -1.46599362e-03 4.20586465e-02 2.77072865e-03 -1.45205820e-03 1.65390346e-04 5.94997120e-05 -1.39354178e-05
954              4.22313367e-02 2.82932791e-03 -1.46562834e-03 4.20659598e-02 2.76984191e-03 -1.45169853e-03 1.65376827e-04 5.94859998e-05 -1.39298117e-05
955              4.22412324e-02 2.82894763e-03 -1.46542624e-03 4.20758445e-02 2.76946646e-03 -1.45149527e-03 1.65387889e-04 5.94811757e-05 -1.39309721e-05
956              4.22521152e-02 2.82925629e-03 -1.46535541e-03 4.20867423e-02 2.76979140e-03 -1.45142906e-03 1.65372867e-04 5.94648870e-05 -1.39263467e-05
957              4.22646362e-02 2.83017953e-03 -1.46560856e-03 4.20992543e-02 2.77072070e-03 -1.45167904e-03 1.65381951e-04 5.94588284e-05 -1.39295202e-05
958              4.22799879e-02 2.83207852e-03 -1.46637986e-03 4.21146226e-02 2.77263451e-03 -1.45245278e-03 1.65365287e-04 5.94440071e-05 -1.39270812e-05
959              4.22975008e-02 2.83558621e-03 -1.46782128e-03 4.21321269e-02 2.77614211e-03 -1.45388890e-03 1.65373867e-04 5.94440999e-05 -1.39323736e-05
960              4.23150524e-02 2.84023249e-03 -1.46959145e-03 4.21496952e-02 2.78079391e-03 -1.45565862e-03 1.65357201e-04 5.94385754e-05 -1.39328328e-05
961              4.23322721e-02 2.84528531e-03 -1.47153341e-03 4.21669071e-02 2.78583793e-03 -1.45759155e-03 1.65365023e-04 5.94473764e-05 -1.39418665e-05
962              4.23474272e-02 2.84960161e-03 -1.47322768e-03 4.21820805e-02 2.79015322e-03 -1.45928221e-03 1.65346647e-04 5.94483819e-05 -1.39454690e-05
963              4.23587386e-02 2.85258948e-03 -1.47451374e-03 4.21933858e-02 2.79312736e-03 -1.46055783e-03 1.65352816e-04 5.94621140e-05 -1.39559046e-05
964              4.23669532e-02 2.85408764e-03 -1.47527975e-03 4.22016206e-02 2.79462057e-03 -1.46132047e-03 1.65332601e-04 5.94670774e-05 -1.39592725e-05
965              4.23719760e-02 2.85429905e-03 -1.47563605e-03 4.22066399e-02 2.79481457e-03 -1.46166772e-03 1.65336142e-04 5.94844794e-05 -1.39683297e-05
966              4.23723081e-02 2.85351509e-03 -1.47552494e-03 4.22069951e-02 2.79402172e-03 -1.46155542e-03 1.65313027e-04 5.94933715e-05 -1.39695228e-05
967              4.23674663e-02 2.85251723e-03 -1.47523566e-03 4.22021524e-02 2.79300199e-03 -1.46125935e-03 1.65313917e-04 5.95152328e-05 -1.39763103e-05
968              4.23624799e-02 2.85212779e-03 -1.47510569e-03 4.21971913e-02 2.79259743e-03 -1.46112919e-03 1.65288597e-04 5.95303610e-05 -1.39765030e-05
969              4.23582493e-02 2.85248279e-03 -1.47530119e-03 4.21929615e-02 2.79292047e-03 -1.46131693e-03 1.65287782e-04 5.95623140e-05 -1.39842625e-05
970              4.23531299e-02 2.85257988e-03 -1.47540525e-03 4.21878680e-02 2.79298893e-03 -1.46141884e-03 1.65261883e-04 5.95909519e-05 -1.39864164e-05
971              4.23453277e-02 2.85144737e-03 -1.47500411e-03 4.21800650e-02 2.79181219e-03 -1.46100860e-03 1.65262653e-04 5.96351749e-05 -1.39955070e-05
972              4.23346634e-02 2.84878931e-03 -1.47400976e-03 4.21694237e-02 2.78911952e-03 -1.46001230e-03 1.65239797e-04 5.96697915e-05 -1.39974618e-05
973              4.23219168e-02 2.84502668e-03 -1.47266708e-03 4.21566735e-02 2.78531358e-03 -1.45866252e-03 1.65243282e-04 5.97131031e-05 -1.40045570e-05
974              4.23093134e-02 2.84074287e-03 -1.47104133e-03 4.21440910e-02 2.78100030e-03 -1.45703832e-03 1.65222401e-04 5.97425761e-05 -1.40030186e-05
975              4.22962904e-02 2.83635991e-03 -1.46935347e-03 4.21310629e-02 2.77658145e-03 -1.45534739e-03 1.65227544e-04 5.97784518e-05 -1.40060765e-05
976              4.22813561e-02 2.83181811e-03 -1.46752904e-03 4.21161479e-02 2.77201847e-03 -1.45352816e-03 1.65208243e-04 5.97996427e-05 -1.40008746e-05
977              4.22667690e-02 2.82777687e-03 -1.46584510e-03 4.21015536e-02 2.76794982e-03 -1.45184414e-03 1.65215369e-04 5.98270565e-05 -1.40009617e-05
978              4.22542893e-02 2.82501351e-03 -1.46467014e-03 4.20890894e-02 2.76517407e-03 -1.45067674e-03 1.65199930e-04 5.98394422e-05 -1.39934062e-05
979              4.22451383e-02 2.82336710e-03 -1.46397188e-03 4.20799248e-02 2.76350838e-03 -1.44997973e-03 1.65213563e-04 5.98587199e-05 -1.39921494e-05
980              4.22422207e-02 2.82244986e-03 -1.46346833e-03 4.20770154e-02 2.76258650e-03 -1.44948364e-03 1.65205286e-04 5.98633620e-05 -1.39846861e-05
981              4.22448557e-02 2.82199240e-03 -1.46309172e-03 4.20796303e-02 2.76211957e-03 -1.44910698e-03 1.65225443e-04 5.98728236e-05 -1.39847487e-05
982              4.22492100e-02 2.82151546e-03 -1.46265572e-03 4.20839871e-02 2.76165108e-03 -1.44867682e-03 1.65222831e-04 5.98643852e-05 -1.39788979e-05
983              4.22548269e-02 2.82092456e-03 -1.46230816e-03 4.20895795e-02 2.76106541e-03 -1.44832816e-03 1.65247397e-04 5.98591553e-05 -1.39799947e-05
984              4.22615424e-02 2.82033217e-03 -1.46200381e-03 4.20962951e-02 2.76049401e-03 -1.44802935e-03 1.65247290e-04 5.98381618e-05 -1.39744651e-05
985              4.22690927e-02 2.82022871e-03 -1.46196315e-03 4.21038206e-02 2.76040374e-03 -1.44798740e-03 1.65272109e-04 5.98249734e-05 -1.39757456e-05
986              4.22774565e-02 2.82085832e-03 -1.46210377e-03 4.21121868e-02 2.76105813e-03 -1.44813300e-03 1.65269780e-04 5.98001883e-05 -1.39707666e-05
987              4.22869345e-02 2.82211167e-03 -1.46240205e-03 4.21216432e-02 2.76232652e-03 -1.44842857e-03 1.65291292e-04 5.97851493e-05 -1.39734850e-05
988              4.22989259e-02 2.82426175e-03 -1.46302188e-03 4.21336403e-02 2.76450312e-03 -1.44905091e-03 1.65285590e-04 5.97586313e-05 -1.39709714e-05
989              4.23143751e-02 2.82795242e-03 -1.46439874e-03 4.21490708e-02 2.76820872e-03 -1.45042179e-03 1.65304334e-04 5.97436969e-05 -1.39769442e-05
990              4.23313829e-02 2.83291432e-03 -1.46629367e-03 4.21660864e-02 2.77319202e-03 -1.45231557e-03 1.65296425e-04 5.97223005e-05 -1.39781014e-05
991              4.23483483e-02 2.83826045e-03 -1.46834689e-03 4.21830354e-02 2.77854402e-03 -1.45435928e-03 1.65312877e-04 5.97164339e-05 -1.39876092e-05
992              4.23637835e-02 2.84287508e-03 -1.47012140e-03 4.21984814e-02 2.78317150e-03 -1.45612987e-03 1.65302078e-04 5.97035800e-05 -1.39915267e-05
993              4.23756391e-02 2.84610422e-03 -1.47156037e-03 4.22103242e-02 2.78640083e-03 -1.45755804e-03 1.65314908e-04 5.97033878e-05 -1.40023277e-05
994              4.23831841e-02 2.84773253e-03 -1.47250462e-03 4.22178841e-02 2.78803807e-03 -1.45849916e-03 1.65299972e-04 5.96944516e-05 -1.40054622e-05
995              4.23853248e-02 2.84812483e-03 -1.47296407e-03 4.22200157e-02 2.78842698e-03 -1.45895022e-03 1.65309098e-04 5.96978439e-05 -1.40138416e-05
996              4.23834788e-02 2.84757507e-03 -1.47288459e-03 4.22181874e-02 2.78788301e-03 -1.45887027e-03 1.65291391e-04 5.96920576e-05 -1.40143201e-05
997              4.23803166e-02 2.84672343e-03 -1.47262830e-03 4.22150180e-02 2.78702490e-03 -1.45860743e-03 1.65298625e-04 5.96985287e-05 -1.40208680e-05
998              4.23769474e-02 2.84637863e-03 -1.47262061e-03 4.22116671e-02 2.78668015e-03 -1.45859997e-03 1.65280259e-04 5.96984809e-05 -1.40206351e-05
999              4.23737973e-02 2.84674446e-03 -1.47307860e-03 4.22085097e-02 2.78702769e-03 -1.45905118e-03 1.65287615e-04 5.97167766e-05 -1.40274165e-05
1000             4.23692444e-02 2.84699900e-03 -1.47346256e-03 4.22039749e-02 2.78726483e-03 -1.45943451e-03 1.65269530e-04 5.97341657e-05 -1.40280428e-05
1001             4.23622145e-02 2.84600969e-03 -1.47326775e-03 4.21969374e-02 2.78624068e-03 -1.45923215e-03 1.65277152e-04 5.97690145e-05 -1.40355931e-05
1002             4.23528368e-02 2.84341217e-03 -1.47235851e-03 4.21875764e-02 2.78361692e-03 -1.45832279e-03 1.65260386e-04 5.97952455e-05 -1.40357190e-05
1003             4.23411952e-02 2.83972514e-03 -1.47095621e-03 4.21759242e-02 2.77989466e-03 -1.45691530e-03 1.65271005e-04 5.98304704e-05 -1.40409095e-05
1004             4.23289502e-02 2.83547739e-03 -1.46931692e-03 4.21636929e-02 2.77562539e-03 -1.45527933e-03 1.65257274e-04 5.98520025e-05 -1.40375948e-05
1005             4.23162684e-02 2.83106988e-03 -1.46768378e-03 4.21509996e-02 2.77118852e-03 -1.45364454e-03 1.65268841e-04 5.98813593e-05 -1.40392354e-05
1006             4.23032543e-02 2.82648252e-03 -1.46599661e-03 4.21380004e-02 2.76658414e-03 -1.45196402e-03 1.65253902e-04 5.98983761e-05 -1.40325912e-05
1007             4.22895585e-02 2.82240620e-03 -1.46444856e-03 4.21242943e-02 2.76248162e-03 -1.45041726e-03 1.65264196e-04 5.99245821e-05 -1.40312945e-05
1008             4.22784094e-02 2.81963683e-03 -1.46327758e-03 4.21131596e-02 2.75969824e-03 -1.44925470e-03 1.65249859e-04 5.99385816e-05 -1.40228793e-05
1009             4.22717946e-02 2.81801088e-03 -1.46246839e-03 4.21065314e-02 2.75804986e-03 -1.44844675e-03 1.65263195e-04 5.99610229e-05 -1.40216429e-05
1010             4.22711530e-02 2.81702717e-03 -1.46185451e-03 4.21058990e-02 2.75705741e-03 -1.44784001e-03 1.65254049e-04 5.99697590e-05 -1.40144968e-05
1011             4.22751023e-02 2.81644100e-03 -1.46145713e-03 4.21098282e-02 2.75645612e-03 -1.44744224e-03 1.65274098e-04 5.99848814e-05 -1.40148818e-05
1012             4.22803764e-02 2.81581362e-03 -1.46107171e-03 4.21151052e-02 2.75582901e-03 -1.44706237e-03 1.65271140e-04 5.99846079e-05 -1.40093407e-05
1013             4.22838086e-02 2.81510902e-03 -1.46063100e-03 4.21185140e-02 2.75511928e-03 -1.44661980e-03 1.65294644e-04 5.99897329e-05 -1.40112006e-05
1014             4.22878283e-02 2.81438027e-03 -1.46014333e-03 4.21225368e-02 2.75440123e-03 -1.44613642e-03 1.65291535e-04 5.99790421e-05 -1.40069055e-05
1015             4.22958243e-02 2.81401719e-03 -1.45991670e-03 4.21305122e-02 2.75404247e-03 -1.44590682e-03 1.65312038e-04 5.99747136e-05 -1.40098779e-05
1016             4.23059268e-02 2.81428232e-03 -1.45988827e-03 4.21406223e-02 2.75432510e-03 -1.44588138e-03 1.65304528e-04 5.99572234e-05 -1.40068933e-05
1017             4.23150401e-02 2.81518290e-03 -1.46006583e-03 4.21497194e-02 2.75523464e-03 -1.44605414e-03 1.65320757e-04 5.99482565e-05 -1.40116956e-05
1018             4.23267949e-02 2.81697081e-03 -1.46055907e-03 4.21614849e-02 2.75704366e-03 -1.44654819e-03 1.65309956e-04 5.99271557e-05 -1.40108786e-05
1019             4.23425424e-02 2.82036013e-03 -1.46168462e-03 4.21772180e-02 2.76044332e-03 -1.44766642e-03 1.65324432e-04 5.99168069e-05 -1.40181991e-05
1020             4.23599727e-02 2.82505916e-03 -1.46340165e-03 4.21946604e-02 2.76516108e-03 -1.44938111e-03 1.65312290e-04 5.98980815e-05 -1.40205419e-05
1021             4.23767607e-02 2.83036323e-03 -1.46546274e-03 4.22114366e-02 2.77046984e-03 -1.45143144e-03 1.65324101e-04 5.98933920e-05 -1.40312975e-05
1022             4.23924086e-02 2.83520030e-03 -1.46738335e-03 4.22271005e-02 2.77531946e-03 -1.45334711e-03 1.65308042e-04 5.98808380e-05 -1.40362417e-05
1023             4.24054752e-02 2.83879657e-03 -1.46890451e-03 4.22401592e-02 2.77891674e-03 -1.45485671e-03 1.65316004e-04 5.98798319e-05 -1.40478044e-05
1024             4.24142461e-02 2.84081201e-03 -1.46982362e-03 4.22489491e-02 2.78094435e-03 -1.45577190e-03 1.65296983e-04 5.98676622e-05 -1.40517139e-05
1025             4.24176188e-02 2.84150849e-03 -1.47025114e-03 4.22523166e-02 2.78164344e-03 -1.45619025e-03 1.65302219e-04 5.98650470e-05 -1.40608851e-05
1026             4.24163058e-02 2.84111187e-03 -1.47029450e-03 4.22510260e-02 2.78126015e-03 -1.45623299e-03 1.65279810e-04 5.98517206e-05 -1.40615077e-05
1027             4.24136199e-02 2.84020445e-03 -1.47021284e-03 4.22483383e-02 2.78035351e-03 -1.45614567e-03 1.65281572e-04 5.98509415e-05 -1.40671744e-05
1028             4.24112559e-02 2.83959469e-03 -1.47015779e-03 4.22459991e-02 2.77975109e-03 -1.45609259e-03 1.65256757e-04 5.98436002e-05 -1.40651995e-05
1029             4.24086020e-02 2.83965397e-03 -1.47033605e-03 4.22433444e-02 2.77980154e-03 -1.45626605e-03 1.65257599e-04 5.98524310e-05 -1.40700020e-05
1030             4.24055406e-02 2.83959524e-03 -1.47049157e-03 4.22403072e-02 2.77973808e-03 -1.45642299e-03 1.65233430e-04 5.98571630e-05 -1.40685806e-05
1031             4.24002535e-02 2.83844996e-03 -1.47027514e-03 4.22350176e-02 2.77857155e-03 -1.45620117e-03 1.65235892e-04 5.98784053e-05 -1.40739664e-05
1032             4.23917011e-02 2.83583304e-03 -1.46936377e-03 4.22264873e-02 2.77594085e-03 -1.45529176e-03 1.65213792e-04 5.98921885e-05 -1.40720132e-05
1033             4.23797546e-02 2.83212190e-03 -1.46798209e-03 4.22145364e-02 2.77220599e-03 -1.45390674e-03 1.65218151e-04 5.99159138e-05 -1.40753436e-05
1034             4.23659614e-02 2.82781681e-03 -1.46638011e-03 4.22007634e-02 2.76789024e-03 -1.45231011e-03 1.65198028e-04 5.99265736e-05 -1.40700051e-05
1035             4.23513173e-02 2.82340574e-03 -1.46471438e-03 4.21861127e-02 2.76345997e-03 -1.45064487e-03 1.65204562e-04 5.99457777e-05 -1.40695095e-05
1036             4.23365814e-02 2.81900629e-03 -1.46298641e-03 4.21713957e-02 2.75905356e-03 -1.44892537e-03 1.65185651e-04 5.99527289e-05 -1.40610356e-05
1037             4.23238642e-02 2.81499591e-03 -1.46144458e-03 4.21586725e-02 2.75502681e-03 -1.44738612e-03 1.65191722e-04 5.99691016e-05 -1.40584615e-05
1038             4.23140030e-02 2.81225589e-03 -1.46034201e-03 4.21488306e-02 2.75228198e-03 -1.44629327e-03 1.65172428e-04 5.99739140e-05 -1.40487367e-05
1039             4.23073456e-02 2.81077364e-03 -1.45971594e-03 4.21421652e-02 2.75078499e-03 -1.44567002e-03 1.65180382e-04 5.99886421e-05 -1.40459210e-05
1040             4.23061952e-02 2.81003602e-03 -1.45928720e-03 4.21410297e-02 2.75004506e-03 -1.44525013e-03 1.65165466e-04 5.99909629e-05 -1.40370709e-05
1041             4.23099909e-02 2.80980318e-03 -1.45907786e-03 4.21448115e-02 2.74980217e-03 -1.44504196e-03 1.65179369e-04 6.00010036e-05 -1.40359043e-05
1042             4.23157178e-02 2.80959149e-03 -1.45889017e-03 4.21505474e-02 2.74959501e-03 -1.44486151e-03 1.65170351e-04 5.99964813e-05 -1.40286567e-05
1043             4.23220442e-02 2.80924912e-03 -1.45865401e-03 4.21568555e-02 2.74925011e-03 -1.44462533e-03 1.65188731e-04 5.99990132e-05 -1.40286824e-05
1044             4.23287234e-02 2.80882952e-03 -1.45828567e-03 4.21635428e-02 2.74884339e-03 -1.44426322e-03 1.65180568e-04 5.99861368e-05 -1.40224492e-05
1045             4.23354964e-02 2.80864072e-03 -1.45803060e-03 4.21703010e-02 2.74866017e-03 -1.44400688e-03 1.65195409e-04 5.99805436e-05 -1.40237228e-05
1046             4.23431491e-02 2.80907092e-03 -1.45806071e-03 4.21779689e-02 2.74910940e-03 -1.44404180e-03 1.65180194e-04 5.99615275e-05 -1.40189042e-05
1047             4.23524384e-02 2.81019832e-03 -1.45843177e-03 4.21872505e-02 2.75024451e-03 -1.44440995e-03 1.65187943e-04 5.99538076e-05 -1.40218203e-05
1048             4.23636318e-02 2.81221228e-03 -1.45908904e-03 4.21984638e-02 2.75227664e-03 -1.44507006e-03 1.65168004e-04 5.99356412e-05 -1.40189708e-05
1049             4.23757898e-02 2.81571106e-03 -1.46030511e-03 4.22106159e-02 2.75578119e-03 -1.44628075e-03 1.65173911e-04 5.99298771e-05 -1.40243576e-05
1050             4.23903981e-02 2.82059131e-03 -1.46203578e-03 4.22252448e-02 2.76067693e-03 -1.44801122e-03 1.65153346e-04 5.99143823e-05 -1.40245608e-05
1051             4.24056046e-02 2.82612573e-03 -1.46402888e-03 4.22404465e-02 2.76621343e-03 -1.44999535e-03 1.65158162e-04 5.99122961e-05 -1.40335323e-05
1052             4.24211204e-02 2.83122158e-03 -1.46594972e-03 4.22559851e-02 2.77132097e-03 -1.45191245e-03 1.65135297e-04 5.99006034e-05 -1.40372662e-05
1053             4.24341060e-02 2.83505354e-03 -1.46752499e-03 4.22689685e-02 2.77515207e-03 -1.45347650e-03 1.65137471e-04 5.99014735e-05 -1.40484858e-05
1054             4.24429484e-02 2.83722765e-03 -1.46844437e-03 4.22778355e-02 2.77733620e-03 -1.45439207e-03 1.65112938e-04 5.98914501e-05 -1.40522963e-05
1055             4.24461655e-02 2.83803711e-03 -1.46890461e-03 4.22810509e-02 2.77814561e-03 -1.45484305e-03 1.65114638e-04 5.98914987e-05 -1.40615528e-05
1056             4.24449285e-02 2.83777808e-03 -1.46893518e-03 4.22798384e-02 2.77789855e-03 -1.45487285e-03 1.65090086e-04 5.98795382e-05 -1.40623219e-05
1057             4.24401429e-02 2.83697011e-03 -1.46875985e-03 4.22750519e-02 2.77709188e-03 -1.45469141e-03 1.65091016e-04 5.98782305e-05 -1.40684385e-05
1058             4.24338412e-02 2.83633864e-03 -1.46869007e-03 4.22687753e-02 2.77647048e-03 -1.45462333e-03 1.65065859e-04 5.98681572e-05 -1.40667349e-05
1059             4.24283214e-02 2.83636131e-03 -1.46886743e-03 4.22632534e-02 2.77648762e-03 -1.45479583e-03 1.65068045e-04 5.98736918e-05 -1.40716007e-05
1060             4.24248666e-02 2.83639609e-03 -1.46893223e-03 4.22598196e-02 2.77652213e-03 -1.45486201e-03 1.65047021e-04 5.98739620e-05 -1.40702186e-05
1061             4.24197784e-02 2.83548296e-03 -1.46862944e-03 4.22547232e-02 2.77559484e-03 -1.45455356e-03 1.65055177e-04 5.98881171e-05 -1.40758852e-05
1062             4.24116726e-02 2.83299554e-03 -1.46779101e-03 4.22466320e-02 2.77310307e-03 -1.45371708e-03 1.65040601e-04 5.98924766e-05 -1.40739284e-05
1063             4.23989749e-02 2.82928448e-03 -1.46653631e-03 4.22339204e-02 2.76937784e-03 -1.45245956e-03 1.65054484e-04 5.99066389e-05 -1.40767543e-05
1064             4.23838295e-02 2.82494159e-03 -1.46502033e-03 4.22187852e-02 2.76503315e-03 -1.45094974e-03 1.65044314e-04 5.99084391e-05 -1.40705847e-05
1065             4.23679685e-02 2.82044345e-03 -1.46334365e-03 4.22029075e-02 2.76052476e-03 -1.44927448e-03 1.65061004e-04 5.99186947e-05 -1.40691665e-05
1066             4.23536266e-02 2.81593822e-03 -1.46155872e-03 4.21885738e-02 2.75602249e-03 -1.44749936e-03 1.65052832e-04 5.99157259e-05 -1.40593604e-05
1067             4.23406409e-02 2.81175655e-03 -1.45994666e-03 4.21755688e-02 2.75183525e-03 -1.44589157e-03 1.65072094e-04 5.99213070e-05 -1.40550906e-05
1068             4.23300417e-02 2.80881523e-03 -1.45879042e-03 4.21649742e-02 2.74889995e-03 -1.44474695e-03 1.65067558e-04 5.99152815e-05 -1.40434623e-05
1069             4.23217718e-02 2.80716205e-03 -1.45810034e-03 4.21566804e-02 2.74724221e-03 -1.44406160e-03 1.65091346e-04 5.99198319e-05 -1.40387466e-05
1070             4.23196852e-02 2.80627812e-03 -1.45765995e-03 4.21545932e-02 2.74636483e-03 -1.44363210e-03 1.65091948e-04 5.99132933e-05 -1.40278475e-05
1071             4.23240787e-02 2.80592421e-03 -1.45741624e-03 4.21589576e-02 2.74600801e-03 -1.44339162e-03 1.65121095e-04 5.99161957e-05 -1.40246149e-05
1072             4.23323374e-02 2.80562473e-03 -1.45716767e-03 4.21672111e-02 2.74571913e-03 -1.44315201e-03 1.65126385e-04 5.99055993e-05 -1.40156557e-05
1073             4.23393082e-02 2.80515759e-03 -1.45692621e-03 4.21741498e-02 2.74525517e-03 -1.44291187e-03 1.65158436e-04 5.99024115e-05 -1.40143441e-05
1074             4.23457691e-02 2.80458354e-03 -1.45665794e-03 4.21806053e-02 2.74469824e-03 -1.44265125e-03 1.65163758e-04 5.98852920e-05 -1.40066882e-05
1075             4.23529152e-02 2.80423617e-03 -1.45647266e-03 4.21877219e-02 2.74435848e-03 -1.44246626e-03 1.65193266e-04 5.98776894e-05 -1.40063983e-05
1076             4.23636286e-02 2.80455084e-03 -1.45648429e-03 4.21984349e-02 2.74469205e-03 -1.44248409e-03 1.65193700e-04 5.98587934e-05 -1.40001999e-05
1077             4.23743026e-02 2.80561966e-03 -1.45676987e-03 4.22090856e-02 2.74576719e-03 -1.44276763e-03 1.65216948e-04 5.98524783e-05 -1.40022375e-05
1078             4.23858750e-02 2.80755955e-03 -1.45732103e-03 4.22206640e-02 2.74772280e-03 -1.44332210e-03 1.65210942e-04 5.98367526e-05 -1.39989337e-05
1079             4.24009800e-02 2.81091544e-03 -1.45852483e-03 4.22357509e-02 2.75108093e-03 -1.44452070e-03 1.65229038e-04 5.98345036e-05 -1.40041331e-05
1080             4.24203307e-02 2.81571864e-03 -1.46032494e-03 4.22551114e-02 2.75589345e-03 -1.44632046e-03 1.65219350e-04 5.98251866e-05 -1.40044805e-05
1081             4.24407679e-02 2.82128052e-03 -1.46246095e-03 4.22755339e-02 2.76144815e-03 -1.44844716e-03 1.65234081e-04 5.98323702e-05 -1.40137902e-05
1082             4.24584111e-02 2.82658754e-03 -1.46448076e-03 4.22931907e-02 2.76675435e-03 -1.45046292e-03 1.65220437e-04 5.98331890e-05 -1.40178335e-05
1083             4.24707932e-02 2.83074739e-03 -1.46610547e-03 4.23055625e-02 2.77089958e-03 -1.45207602e-03 1.65230717e-04 5.98478098e-05 -1.40294578e-05
1084             4.24774799e-02 2.83323925e-03 -1.46709946e-03 4.23122672e-02 2.77338791e-03 -1.45306534e-03 1.65212631e-04 5.98513377e-05 -1.40341201e-05
1085             4.24793506e-02 2.83431047e-03 -1.46757636e-03 4.23141312e-02 2.77444614e-03 -1.45353149e-03 1.65219361e-04 5.98643334e-05 -1.40448694e-05
1086             4.24793110e-02 2.83418793e-03 -1.46761100e-03 4.23141115e-02 2.77432312e-03 -1.45356340e-03 1.65199442e-04 5.98648080e-05 -1.40476007e-05
1087             4.24774488e-02 2.83337192e-03 -1.46745087e-03 4.23122430e-02 2.77349509e-03 -1.45339497e-03 1.65205748e-04 5.98768324e-05 -1.40559007e-05
1088             4.24741569e-02 2.83259017e-03 -1.46730120e-03 4.23089707e-02 2.77270944e-03 -1.45324467e-03 1.65186218e-04 5.98807362e-05 -1.40565327e-05
1089             4.24706060e-02 2.83240431e-03 -1.46730382e-03 4.23054132e-02 2.77250407e-03 -1.45324001e-03 1.65192777e-04 5.99002427e-05 -1.40638026e-05
1090             4.24669327e-02 2.83229992e-03 -1.46723422e-03 4.23017593e-02 2.77238662e-03 -1.45316963e-03 1.65173450e-04 5.99132936e-05 -1.40645911e-05
1091             4.24623932e-02 2.83130430e-03 -1.46693197e-03 4.22972123e-02 2.77136369e-03 -1.45285964e-03 1.65180834e-04 5.99406128e-05 -1.40723361e-05
1092             4.24552180e-02 2.82883734e-03 -1.46609983e-03 4.22900547e-02 2.76887862e-03 -1.45202709e-03 1.65163316e-04 5.99587187e-05 -1.40727472e-05
1093             4.24446949e-02 2.82517778e-03 -1.46479345e-03 4.22795218e-02 2.76519102e-03 -1.45071493e-03 1.65173097e-04 5.99867600e-05 -1.40785146e-05
1094             4.24313911e-02 2.82085222e-03 -1.46312438e-03 4.22662327e-02 2.76085194e-03 -1.44904898e-03 1.65158388e-04 6.00002804e-05 -1.40753968e-05
1095             4.24187439e-02 2.81632886e-03 -1.46138776e-03 4.22535731e-02 2.75630845e-03 -1.44731089e-03 1.65170785e-04 6.00204106e-05 -1.40768635e-05
1096             4.24079174e-02 2.81186652e-03 -1.45967049e-03 4.22427597e-02 2.75184094e-03 -1.44560085e-03 1.65157713e-04 6.00255734e-05 -1.40696455e-05
1097             4.23973002e-02 2.80769308e-03 -1.45812825e-03 4.22321296e-02 2.74765414e-03 -1.44406056e-03 1.65170587e-04 6.00389415e-05 -1.40676889e-05
1098             4.23858000e-02 2.80466436e-03 -1.45691535e-03 4.22206421e-02 2.74462573e-03 -1.44285765e-03 1.65157863e-04 6.00386322e-05 -1.40577026e-05
1099             4.23772352e-02 2.80296249e-03 -1.45617630e-03 4.22120625e-02 2.74291556e-03 -1.44212220e-03 1.65172738e-04 6.00469275e-05 -1.40541072e-05
1100             4.23748132e-02 2.80214197e-03 -1.45571534e-03 4.22096495e-02 2.74210147e-03 -1.44167139e-03 1.65163669e-04 6.00405001e-05 -1.40439466e-05
1101             4.23788560e-02 2.80186392e-03 -1.45549529e-03 4.22136726e-02 2.74182193e-03 -1.44145396e-03 1.65183399e-04 6.00419898e-05 -1.40413322e-05
1102             4.23873504e-02 2.80168034e-03 -1.45534770e-03 4.22221708e-02 2.74165214e-03 -1.44131531e-03 1.65179619e-04 6.00282011e-05 -1.40323905e-05
1103             4.23969634e-02 2.80132677e-03 -1.45521315e-03 4.22317596e-02 2.74130410e-03 -1.44118255e-03 1.65203818e-04 6.00226675e-05 -1.40305985e-05
1104             4.24061503e-02 2.80087007e-03 -1.45505462e-03 4.22409488e-02 2.74086789e-03 -1.44103265e-03 1.65201420e-04 6.00021834e-05 -1.40219676e-05
1105             4.24141591e-02 2.80059713e-03 -1.45489557e-03 4.22489363e-02 2.74060584e-03 -1.44087509e-03 1.65222799e-04 5.99912849e-05 -1.40204741e-05
1106             4.24229946e-02 2.80100487e-03 -1.45490025e-03 4.22577805e-02 2.74103809e-03 -1.44088768e-03 1.65214119e-04 5.99667743e-05 -1.40125726e-05
1107             4.24343469e-02 2.80221816e-03 -1.45524226e-03 4.22691180e-02 2.74226392e-03 -1.44122956e-03 1.65228909e-04 5.99542387e-05 -1.40126959e-05
1108             4.24488471e-02 2.80426587e-03 -1.45593070e-03 4.22836321e-02 2.74433471e-03 -1.44192333e-03 1.65215050e-04 5.99311620e-05 -1.40073707e-05
1109             4.24658991e-02 2.80765981e-03 -1.45716151e-03 4.23006726e-02 2.74773683e-03 -1.44315074e-03 1.65226503e-04 5.99229795e-05 -1.40107654e-05
1110             4.24863453e-02 2.81254249e-03 -1.45892598e-03 4.23211348e-02 2.75263652e-03 -1.44491687e-03 1.65210420e-04 5.99059619e-05 -1.40091076e-05
1111             4.25064588e-02 2.81826405e-03 -1.46106335e-03 4.23412390e-02 2.75835914e-03 -1.44704693e-03 1.65219827e-04 5.99049158e-05 -1.40164153e-05
1112             4.25252278e-02 2.82385607e-03 -1.46315866e-03 4.23600268e-02 2.76396071e-03 -1.44914017e-03 1.65201087e-04 5.98953627e-05 -1.40184856e-05
1113             4.25411546e-02 2.82833421e-03 -1.46493992e-03 4.23759474e-02 2.76843374e-03 -1.45091147e-03 1.65207122e-04 5.99004683e-05 -1.40284519e-05
1114             4.25516396e-02 2.83113389e-03 -1.46612737e-03 4.23864550e-02 2.77123925e-03 -1.45209617e-03 1.65184632e-04 5.98946362e-05 -1.40311977e-05
1115             4.25580958e-02 2.83244276e-03 -1.46682005e-03 4.23929087e-02 2.77254150e-03 -1.45278026e-03 1.65187062e-04 5.99012632e-05 -1.40397930e-05
1116             4.25597329e-02 2.83252762e-03 -1.46693603e-03 4.23945717e-02 2.77263148e-03 -1.45289593e-03 1.65161170e-04 5.98961399e-05 -1.40401010e-05
1117             4.25586140e-02 2.83186266e-03 -1.46676209e-03 4.23934534e-02 2.77195934e-03 -1.45271585e-03 1.65160548e-04 5.99033254e-05 -1.40462408e-05
1118             4.25546014e-02 2.83114609e-03 -1.46654781e-03 4.23894682e-02 2.77124585e-03 -1.45250313e-03 1.65133233e-04 5.99002494e-05 -1.40446848e-05
1119             4.25485249e-02 2.83096160e-03 -1.46656322e-03 4.23833912e-02 2.77104902e-03 -1.45251336e-03 1.65133696e-04 5.99125832e-05 -1.40498595e-05
1120             4.25421052e-02 2.83097228e-03 -1.46660854e-03 4.23769957e-02 2.77105407e-03 -1.45255994e-03 1.65109497e-04 5.99182045e-05 -1.40485967e-05
1121             4.25360485e-02 2.83024936e-03 -1.46638759e-03 4.23709351e-02 2.77030891e-03 -1.45233285e-03 1.65113355e-04 5.99404432e-05 -1.40547448e-05
1122             4.25286156e-02 2.82804920e-03 -1.46558916e-03 4.23635233e-02 2.76809549e-03 -1.45153551e-03 1.65092277e-04 5.99537067e-05 -1.40536583e-05
1123             4.25185097e-02 2.82449803e-03 -1.46433117e-03 4.23534105e-02 2.76451893e-03 -1.45027312e-03 1.65099214e-04 5.99791005e-05 -1.40580524e-05
1124             4.25052381e-02 2.82015551e-03 -1.46270594e-03 4.23401571e-02 2.76016394e-03 -1.44865232e-03 1.65080984e-04 5.99915715e-05 -1.40536260e-05
1125             4.24897241e-02 2.81556736e-03 -1.46093815e-03 4.23246342e-02 2.75555382e-03 -1.44688397e-03 1.65089917e-04 6.00135368e-05 -1.40541786e-05
1126             4.24739291e-02 2.81104344e-03 -1.45906302e-03 4.23088560e-02 2.75102292e-03 -1.44501682e-03 1.65073032e-04 6.00205225e-05 -1.40461943e-05
1127             4.24601450e-02 2.80675506e-03 -1.45733578e-03 4.22950612e-02 2.74671920e-03 -1.44329183e-03 1.65083840e-04 6.00358604e-05 -1.40439493e-05
1128             4.24499776e-02 2.80355091e-03 -1.45603040e-03 4.22849075e-02 2.74351408e-03 -1.44199610e-03 1.65070154e-04 6.00368294e-05 -1.40343071e-05
1129             4.24419481e-02 2.80172855e-03 -1.45522850e-03 4.22768625e-02 2.74168040e-03 -1.44119659e-03 1.65085616e-04 6.00481498e-05 -1.40319071e-05
1130             4.24381987e-02 2.80088210e-03 -1.45476330e-03 4.22731214e-02 2.74083666e-03 -1.44074008e-03 1.65077367e-04 6.00454368e-05 -1.40232175e-05
1131             4.24401855e-02 2.80064832e-03 -1.45453477e-03 4.22750869e-02 2.74059621e-03 -1.44051254e-03 1.65098611e-04 6.00521061e-05 -1.40222252e-05
1132             4.24476946e-02 2.80055197e-03 -1.45432975e-03 4.22825989e-02 2.74050923e-03 -1.44031482e-03 1.65095721e-04 6.00427346e-05 -1.40149317e-05
1133             4.24555483e-02 2.80023659e-03 -1.45418566e-03 4.22904269e-02 2.74019544e-03 -1.44017066e-03 1.65121371e-04 6.00411495e-05 -1.40149925e-05
1134             4.24610148e-02 2.79977133e-03 -1.45399168e-03 4.22958943e-02 2.73974809e-03 -1.43998356e-03 1.65120526e-04 6.00232402e-05 -1.40081147e-05
1135             4.24660541e-02 2.79945398e-03 -1.45377811e-03 4.23009090e-02 2.73944011e-03 -1.43976965e-03 1.65145082e-04 6.00138753e-05 -1.40084609e-05
1136             4.24737568e-02 2.79976652e-03 -1.45378806e-03 4.23086164e-02 2.73977766e-03 -1.43978552e-03 1.65140400e-04 5.99888629e-05 -1.40025448e-05
1137             4.24820251e-02 2.80083745e-03 -1.45416211e-03 4.23168653e-02 2.74086232e-03 -1.44015738e-03 1.65159799e-04 5.99751325e-05 -1.40047306e-05
1138             4.24937714e-02 2.80267935e-03 -1.45483056e-03 4.23286216e-02 2.74272934e-03 -1.44082955e-03 1.65149838e-04 5.99500115e-05 -1.40010086e-05
1139             4.25102494e-02 2.80580047e-03 -1.45601010e-03 4.23450842e-02 2.74586036e-03 -1.44200465e-03 1.65165171e-04 5.99401091e-05 -1.40054438e-05
1140             4.25287313e-02 2.81045051e-03 -1.45771612e-03 4.23635793e-02 2.75052876e-03 -1.44371177e-03 1.65151921e-04 5.99217482e-05 -1.40043508e-05
1141             4.25453026e-02 2.81602846e-03 -1.45981333e-03 4.23801393e-02 2.75610787e-03 -1.44580131e-03 1.65163294e-04 5.99205867e-05 -1.40120193e-05
1142             4.25615454e-02 2.82158319e-03 -1.46197844e-03 4.23964003e-02 2.76167167e-03 -1.44796426e-03 1.65145104e-04 5.99115266e-05 -1.40141781e-05
1143             4.25742186e-02 2.82609590e-03 -1.46385399e-03 4.24090669e-02 2.76617698e-03 -1.44982977e-03 1.65151678e-04 5.99189161e-05 -1.40242225e-05
1144             4.25848151e-02 2.82903497e-03 -1.46509444e-03 4.24196854e-02 2.76911951e-03 -1.45106717e-03 1.65129787e-04 5.99154515e-05 -1.40272670e-05
1145             4.25921037e-02 2.83049363e-03 -1.46578660e-03 4.24269702e-02 2.77056936e-03 -1.45175008e-03 1.65133555e-04 5.99242685e-05 -1.40365237e-05
1146             4.25951102e-02 2.83064176e-03 -1.46598390e-03 4.24300012e-02 2.77072182e-03 -1.45194650e-03 1.65108981e-04 5.99199392e-05 -1.40374006e-05
1147             4.25938189e-02 2.82997800e-03 -1.46589220e-03 4.24287089e-02 2.77004839e-03 -1.45184822e-03 1.65110008e-04 5.99296138e-05 -1.40439789e-05
1148             4.25909104e-02 2.82923266e-03 -1.46572701e-03 4.24258272e-02 2.76930308e-03 -1.45168417e-03 1.65083154e-04 5.99295867e-05 -1.40428445e-05
1149             4.25864562e-02 2.82898998e-03 -1.46574428e-03 4.24213731e-02 2.76904273e-03 -1.45169553e-03 1.65083118e-04 5.99472499e-05 -1.40487507e-05
1150             4.25819230e-02 2.82898332e-03 -1.46577223e-03 4.24168661e-02 2.76902547e-03 -1.45172410e-03 1.65056907e-04 5.99578481e-05 -1.40481299e-05
1151             4.25784354e-02 2.82831802e-03 -1.46562160e-03 4.24133765e-02 2.76833154e-03 -1.45156675e-03 1.65058956e-04 5.99864794e-05 -1.40548476e-05
1152             4.25747019e-02 2.82622556e-03 -1.46493501e-03 4.24096661e-02 2.76621998e-03 -1.45088083e-03 1.65035813e-04 6.00055793e-05 -1.40541749e-05
1153             4.25662277e-02 2.82278207e-03 -1.46367723e-03 4.24011866e-02 2.76274426e-03 -1.44961804e-03 1.65041124e-04 6.00378022e-05 -1.40591832e-05
1154             4.25529153e-02 2.81851287e-03 -1.46201689e-03 4.23878943e-02 2.75845869e-03 -1.44796167e-03 1.65021066e-04 6.00541815e-05 -1.40552264e-05
1155             4.25361927e-02 2.81395976e-03 -1.46024465e-03 4.23711639e-02 2.75387993e-03 -1.44618842e-03 1.65028807e-04 6.00798265e-05 -1.40562285e-05
1156             4.25202176e-02 2.80946287e-03 -1.45844423e-03 4.23552078e-02 2.74937375e-03 -1.44439567e-03 1.65009786e-04 6.00891166e-05 -1.40485574e-05
1157             4.25052106e-02 2.80521104e-03 -1.45673623e-03 4.23401929e-02 2.74510230e-03 -1.44268948e-03 1.65017747e-04 6.01087464e-05 -1.40467533e-05
1158             4.24927255e-02 2.80193991e-03 -1.45540474e-03 4.23277255e-02 2.74182665e-03 -1.44136755e-03 1.64999985e-04 6.01132584e-05 -1.40371834e-05
1159             4.24842269e-02 2.80007430e-03 -1.45457918e-03 4.23192148e-02 2.73994418e-03 -1.44054459e-03 1.65012103e-04 6.01301253e-05 -1.40345900e-05
1160             4.24810203e-02 2.79930405e-03 -1.45409650e-03 4.23160191e-02 2.73917122e-03 -1.44007079e-03 1.65001172e-04 6.01328321e-05 -1.40257092e-05
1161             4.24813683e-02 2.79913381e-03 -1.45377855e-03 4.23163472e-02 2.73898741e-03 -1.43975344e-03 1.65021108e-04 6.01464044e-05 -1.40251134e-05
1162             4.24859804e-02 2.79909890e-03 -1.45357770e-03 4.23209630e-02 2.73895608e-03 -1.43955908e-03 1.65017365e-04 6.01428210e-05 -1.40186179e-05
1163             4.24934127e-02 2.79881689e-03 -1.45347461e-03 4.23283697e-02 2.73866810e-03 -1.43945461e-03 1.65043017e-04 6.01487866e-05 -1.40200024e-05
1164             4.25000620e-02 2.79840126e-03 -1.45329510e-03 4.23350198e-02 2.73826247e-03 -1.43928016e-03 1.65042225e-04 6.01387964e-05 -1.40149373e-05
1165             4.25043649e-02 2.79812170e-03 -1.45310018e-03 4.23392973e-02 2.73798281e-03 -1.43908256e-03 1.65067532e-04 6.01388878e-05 -1.40176203e-05
1166             4.25099763e-02 2.79843448e-03 -1.45304522e-03 4.23449122e-02 2.73831198e-03 -1.43903122e-03 1.65064155e-04 6.01224966e-05 -1.40139993e-05
1167             4.25191561e-02 2.79950747e-03 -1.45333728e-03 4.23540699e-02 2.73939082e-03 -1.43931893e-03 1.65086275e-04 6.01166493e-05 -1.40183441e-05
1168             4.25308814e-02 2.80132582e-03 -1.45395455e-03 4.23658017e-02 2.74122882e-03 -1.43993794e-03 1.65079711e-04 6.00970045e-05 -1.40166055e-05
1169             4.25445621e-02 2.80431225e-03 -1.45512466e-03 4.23794636e-02 2.74422101e-03 -1.44110167e-03 1.65098543e-04 6.00912373e-05 -1.40229867e-05
1170             4.25592173e-02 2.80883449e-03 -1.45689069e-03 4.23941286e-02 2.74875965e-03 -1.44286717e-03 1.65088617e-04 6.00748356e-05 -1.40235188e-05
1171             4.25750680e-02 2.81440646e-03 -1.45908238e-03 4.24099639e-02 2.75433222e-03 -1.44504982e-03 1.65104153e-04 6.00742315e-05 -1.40325660e-05
1172             4.25914751e-02 2.82014509e-03 -1.46128523e-03 4.24263840e-02 2.76008214e-03 -1.44724925e-03 1.65091115e-04 6.00629552e-05 -1.40359811e-05
1173             4.26056677e-02 2.82492661e-03 -1.46314985e-03 4.24405638e-02 2.76486155e-03 -1.44910255e-03 1.65103949e-04 6.00650598e-05 -1.40472998e-05
1174             4.26149437e-02 2.82814181e-03 -1.46448364e-03 4.24498550e-02 2.76808800e-03 -1.45043229e-03 1.65088642e-04 6.00538066e-05 -1.40513528e-05
1175             4.26188495e-02 2.82977210e-03 -1.46536191e-03 4.24537510e-02 2.76971738e-03 -1.45130072e-03 1.65098500e-04 6.00547259e-05 -1.40611859e-05
1176             4.26192369e-02 2.82999041e-03 -1.46578254e-03 4.24541582e-02 2.76994704e-03 -1.45172036e-03 1.65078673e-04 6.00433688e-05 -1.40621798e-05
1177             4.26181371e-02 2.82933838e-03 -1.46581655e-03 4.24530542e-02 2.76929227e-03 -1.45174820e-03 1.65082823e-04 6.00461137e-05 -1.40683568e-05
1178             4.26161542e-02 2.82855791e-03 -1.46559850e-03 4.24510957e-02 2.76851994e-03 -1.45153237e-03 1.65058476e-04 6.00379654e-05 -1.40661269e-05
1179             4.26143084e-02 2.82826673e-03 -1.46555376e-03 4.24492474e-02 2.76822162e-03 -1.45148347e-03 1.65061006e-04 6.00451088e-05 -1.40702911e-05
1180             4.26094185e-02 2.82828901e-03 -1.46562689e-03 4.24443810e-02 2.76824450e-03 -1.45155916e-03 1.65037553e-04 6.00445061e-05 -1.40677371e-05
1181             4.26026139e-02 2.82775375e-03 -1.46560006e-03 4.24375723e-02 2.76769129e-03 -1.45152746e-03 1.65041571e-04 6.00624559e-05 -1.40725997e-05
1182             4.25962526e-02 2.82581211e-03 -1.46493260e-03 4.24312333e-02 2.76573954e-03 -1.45086232e-03 1.65019317e-04 6.00725723e-05 -1.40702879e-05
1183             4.25894393e-02 2.82246450e-03 -1.46365954e-03 4.24244146e-02 2.76236806e-03 -1.44958568e-03 1.65024630e-04 6.00964353e-05 -1.40738573e-05
1184             4.25792132e-02 2.81824829e-03 -1.46200257e-03 4.24142093e-02 2.75814251e-03 -1.44793377e-03 1.65003941e-04 6.01057799e-05 -1.40688000e-05
1185             4.25641579e-02 2.81373981e-03 -1.46026347e-03 4.23991476e-02 2.75361441e-03 -1.44619456e-03 1.65010353e-04 6.01254024e-05 -1.40689144e-05
1186             4.25483062e-02 2.80928709e-03 -1.45857221e-03 4.23833163e-02 2.74915689e-03 -1.44451193e-03 1.64989950e-04 6.01302012e-05 -1.40602853e-05
1187             4.25351922e-02 2.80505542e-03 -1.45701196e-03 4.23701954e-02 2.74490845e-03 -1.44295468e-03 1.64996787e-04 6.01469688e-05 -1.40572763e-05
1188             4.25251942e-02 2.80175818e-03 -1.45571444e-03 4.23602164e-02 2.74160820e-03 -1.44166786e-03 1.64977800e-04 6.01499714e-05 -1.40465738e-05
1189             4.25174854e-02 2.79990528e-03 -1.45481894e-03 4.23524978e-02 2.73974024e-03 -1.44077583e-03 1.64987620e-04 6.01650427e-05 -1.40431141e-05
1190             4.25118805e-02 2.79921212e-03 -1.45425718e-03 4.23469074e-02 2.73904750e-03 -1.44022370e-03 1.64973123e-04 6.01646169e-05 -1.40334721e-05
1191             4.25104745e-02 2.79910983e-03 -1.45405290e-03 4.23454859e-02 2.73893532e-03 -1.44002088e-03 1.64988597e-04 6.01745118e-05 -1.40320189e-05
1192             4.25135890e-02 2.79916734e-03 -1.45402071e-03 4.23486092e-02 2.73899853e-03 -1.43999608e-03 1.64979755e-04 6.01688100e-05 -1.40246208e-05
1193             4.25174045e-02 2.79897339e-03 -1.45391025e-03 4.23524050e-02 2.73879919e-03 -1.43988508e-03 1.64999467e-04 6.01741949e-05 -1.40251731e-05
1194             4.25200241e-02 2.79860951e-03 -1.45361266e-03 4.23550318e-02 2.73844625e-03 -1.43959346e-03 1.64992259e-04 6.01632606e-05 -1.40192042e-05
1195             4.25230302e-02 2.79830846e-03 -1.45339446e-03 4.23580191e-02 2.73814656e-03 -1.43937370e-03 1.65011053e-04 6.01619000e-05 -1.40207624e-05
1196             4.25288824e-02 2.79852119e-03 -1.45341305e-03 4.23638814e-02 2.73837584e-03 -1.43939708e-03 1.65001049e-04 6.01453528e-05 -1.40159642e-05
1197             4.25359002e-02 2.79948947e-03 -1.45370784e-03 4.23708836e-02 2.73934810e-03 -1.43968844e-03 1.65016622e-04 6.01413692e-05 -1.40194002e-05
1198             4.25444224e-02 2.80117446e-03 -1.45420790e-03 4.23794185e-02 2.74104965e-03 -1.44019073e-03 1.65003901e-04 6.01248075e-05 -1.40171731e-05
1199             4.25565796e-02 2.80394257e-03 -1.45518619e-03 4.23915620e-02 2.74382050e-03 -1.44116276e-03 1.65017590e-04 6.01220704e-05 -1.40234289e-05
1200             4.25706055e-02 2.80826678e-03 -1.45678189e-03 4.24056019e-02 2.74815778e-03 -1.44275765e-03 1.65003615e-04 6.01089976e-05 -1.40242437e-05
1201             4.25854604e-02 2.81374197e-03 -1.45882470e-03 4.24204448e-02 2.75363029e-03 -1.44479081e-03 1.65015619e-04 6.01116803e-05 -1.40338985e-05
1202             4.25996037e-02 2.81948056e-03 -1.46092189e-03 4.24346044e-02 2.75937666e-03 -1.44688377e-03 1.64999308e-04 6.01039006e-05 -1.40381262e-05
1203             4.26096832e-02 2.82431551e-03 -1.46280124e-03 4.24446743e-02 2.76420620e-03 -1.44875094e-03 1.65008855e-04 6.01093151e-05 -1.40502972e-05
1204             4.26155094e-02 2.82758876e-03 -1.46419127e-03 4.24505190e-02 2.76748669e-03 -1.45013593e-03 1.64990435e-04 6.01020761e-05 -1.40553456e-05
1205             4.26177881e-02 2.82924709e-03 -1.46505726e-03 4.24527900e-02 2.76914062e-03 -1.45099101e-03 1.64998090e-04 6.01064722e-05 -1.40662513e-05
1206             4.26161281e-02 2.82951445e-03 -1.46531226e-03 4.24511499e-02 2.76941699e-03 -1.45124388e-03 1.64978168e-04 6.00974602e-05 -1.40683762e-05
1207             4.26113892e-02 2.82885832e-03 -1.46522159e-03 4.24464047e-02 2.76875874e-03 -1.45114598e-03 1.64984532e-04 6.00995812e-05 -1.40756080e-05
1208             4.26053491e-02 2.82794456e-03 -1.46494937e-03 4.24403854e-02 2.76785508e-03 -1.45087488e-03 1.64963710e-04 6.00894737e-05 -1.40744844e-05
1209             4.25992360e-02 2.82744292e-03 -1.46486572e-03 4.24342662e-02 2.76734936e-03 -1.45078605e-03 1.64969816e-04 6.00935598e-05 -1.40796628e-05
1210             4.25929911e-02 2.82727142e-03 -1.46498300e-03 4.24280409e-02 2.76718084e-03 -1.45090520e-03 1.64950228e-04 6.00905765e-05 -1.40777977e-05
1211             4.25856513e-02 2.82664458e-03 -1.46500030e-03 4.24206920e-02 2.76653801e-03 -1.45091737e-03 1.64959213e-04 6.01065693e-05 -1.40829272e-05
1212             4.25762833e-02 2.82465872e-03 -1.46440018e-03 4.24113394e-02 2.76454292e-03 -1.45031930e-03 1.64943974e-04 6.01157927e-05 -1.40808790e-05
1213             4.25635892e-02 2.82130522e-03 -1.46319633e-03 4.23986313e-02 2.76116659e-03 -1.44911157e-03 1.64957895e-04 6.01386366e-05 -1.40847599e-05
1214             4.25497209e-02 2.81705934e-03 -1.46157681e-03 4.23847732e-02 2.75691188e-03 -1.44749685e-03 1.64947680e-04 6.01474608e-05 -1.40799605e-05
1215             4.25339397e-02 2.81252792e-03 -1.45982676e-03 4.23689737e-02 2.75236216e-03 -1.44574659e-03 1.64966011e-04 6.01657629e-05 -1.40801729e-05
1216             4.25173462e-02 2.80807977e-03 -1.45811110e-03 4.23523875e-02 2.74791022e-03 -1.44403918e-03 1.64958635e-04 6.01695473e-05 -1.40719254e-05
1217             4.25019571e-02 2.80391330e-03 -1.45652433e-03 4.23369789e-02 2.74372838e-03 -1.44245473e-03 1.64978164e-04 6.01849221e-05 -1.40695983e-05
1218             4.24890273e-02 2.80058992e-03 -1.45513989e-03 4.23240552e-02 2.74040261e-03 -1.44108023e-03 1.64972089e-04 6.01873061e-05 -1.40596616e-05
1219             4.24797396e-02 2.79866759e-03 -1.45423112e-03 4.23147441e-02 2.73846645e-03 -1.44017442e-03 1.64995537e-04 6.02011407e-05 -1.40566963e-05
1220             4.24754186e-02 2.79792254e-03 -1.45371846e-03 4.23104224e-02 2.73772197e-03 -1.43967090e-03 1.64996190e-04 6.02005630e-05 -1.40475553e-05
1221             4.24753268e-02 2.79784327e-03 -1.45351796e-03 4.23102994e-02 2.73763305e-03 -1.43947139e-03 1.65027360e-04 6.02102113e-05 -1.40465655e-05
1222             4.24791813e-02 2.79798996e-03 -1.45343172e-03 4.23141469e-02 2.73778570e-03 -1.43939216e-03 1.65034330e-04 6.02042592e-05 -1.40395670e-05
1223             4.24839006e-02 2.79790063e-03 -1.45331621e-03 4.23188317e-02 2.73769313e-03 -1.43927598e-03 1.65068854e-04 6.02075043e-05 -1.40402292e-05
1224             4.24908263e-02 2.79760406e-03 -1.45306949e-03 4.23257505e-02 2.73741017e-03 -1.43903517e-03 1.65075799e-04 6.01938901e-05 -1.40343216e-05
1225             4.24973900e-02 2.79735536e-03 -1.45283077e-03 4.23322821e-02 2.73716669e-03 -1.43879494e-03 1.65107913e-04 6.01886671e-05 -1.40358337e-05
1226             4.25026212e-02 2.79760406e-03 -1.45275275e-03 4.23375100e-02 2.73743659e-03 -1.43872188e-03 1.65111233e-04 6.01674653e-05 -1.40308633e-05
1227             4.25081971e-02 2.79860331e-03 -1.45297648e-03 4.23430578e-02 2.73844578e-03 -1.43894269e-03 1.65139340e-04 6.01575248e-05 -1.40337860e-05
1228             4.25168311e-02 2.80032173e-03 -1.45345556e-03 4.23516929e-02 2.74018644e-03 -1.43942463e-03 1.65138247e-04 6.01352935e-05 -1.40309299e-05
1229             4.25302187e-02 2.80306460e-03 -1.45441403e-03 4.23650572e-02 2.74293755e-03 -1.44037757e-03 1.65161466e-04 6.01270426e-05 -1.40364566e-05
1230             4.25462977e-02 2.80732650e-03 -1.45595542e-03 4.23811422e-02 2.74721776e-03 -1.44191891e-03 1.65155483e-04 6.01087449e-05 -1.40365063e-05
1231             4.25608997e-02 2.81280988e-03 -1.45797163e-03 4.23957256e-02 2.75270411e-03 -1.44392634e-03 1.65174103e-04 6.01057684e-05 -1.40452936e-05
1232             4.25729605e-02 2.81866640e-03 -1.46013303e-03 4.24077967e-02 2.75857311e-03 -1.44608419e-03 1.65163830e-04 6.00932863e-05 -1.40488400e-05
1233             4.25823616e-02 2.82372755e-03 -1.46207587e-03 4.24171834e-02 2.76363270e-03 -1.44801539e-03 1.65178118e-04 6.00948575e-05 -1.40604739e-05
1234             4.25890455e-02 2.82726985e-03 -1.46350689e-03 4.24238817e-02 2.76718497e-03 -1.44944171e-03 1.65163773e-04 6.00848788e-05 -1.40651743e-05
1235             4.25924149e-02 2.82911481e-03 -1.46440177e-03 4.24272407e-02 2.76902780e-03 -1.45032594e-03 1.65174227e-04 6.00870171e-05 -1.40758297e-05
1236             4.25932090e-02 2.82952191e-03 -1.46476244e-03 4.24280531e-02 2.76944436e-03 -1.45068444e-03 1.65155907e-04 6.00775493e-05 -1.40780078e-05
1237             4.25900363e-02 2.82897634e-03 -1.46474961e-03 4.24248747e-02 2.76889527e-03 -1.45066416e-03 1.65161571e-04 6.00810663e-05 -1.40854457e-05
1238             4.25828511e-02 2.82808381e-03 -1.46444592e-03 4.24177124e-02 2.76800984e-03 -1.45036142e-03 1.65138692e-04 6.00739706e-05 -1.40845039e-05
1239             4.25757664e-02 2.82750168e-03 -1.46427929e-03 4.24106247e-02 2.76742098e-03 -1.45018965e-03 1.65141747e-04 6.00807065e-05 -1.40896435e-05
1240             4.25687728e-02 2.82729253e-03 -1.46430290e-03 4.24036535e-02 2.76721260e-03 -1.45021500e-03 1.65119287e-04 6.00799349e-05 -1.40879057e-05
1241             4.25613855e-02 2.82671793e-03 -1.46421609e-03 4.23962604e-02 2.76662095e-03 -1.45012263e-03 1.65125050e-04 6.00969864e-05 -1.40934610e-05
1242             4.25532123e-02 2.82482057e-03 -1.46362707e-03 4.23881055e-02 2.76471336e-03 -1.44953505e-03 1.65106884e-04 6.01072061e-05 -1.40920162e-05
1243             4.25429849e-02 2.82154376e-03 -1.46251846e-03 4.23778673e-02 2.76141222e-03 -1.44842210e-03 1.65117552e-04 6.01315312e-05 -1.40963538e-05
1244             4.25297649e-02 2.81728762e-03 -1.46099049e-03 4.23646614e-02 2.75714422e-03 -1.44689845e-03 1.65103552e-04 6.01433963e-05 -1.40920307e-05
1245             4.25151982e-02 2.81267755e-03 -1.45931374e-03 4.23500817e-02 2.75251299e-03 -1.44522114e-03 1.65116468e-04 6.01645578e-05 -1.40925976e-05
1246             4.24993033e-02 2.80816119e-03 -1.45755218e-03 4.23341998e-02 2.74798999e-03 -1.44346764e-03 1.65103490e-04 6.01712047e-05 -1.40845444e-05
1247             4.24835203e-02 2.80394618e-03 -1.45592267e-03 4.23184025e-02 2.74375881e-03 -1.44184055e-03 1.65117822e-04 6.01873643e-05 -1.40821217e-05
1248             4.24705660e-02 2.80045946e-03 -1.45455767e-03 4.23054584e-02 2.74026892e-03 -1.44048547e-03 1.65107570e-04 6.01905424e-05 -1.40722059e-05
1249             4.24625042e-02 2.79835483e-03 -1.45367074e-03 4.22973781e-02 2.73814998e-03 -1.43960147e-03 1.65126132e-04 6.02048482e-05 -1.40692706e-05
1250             4.24599563e-02 2.79744085e-03 -1.45321924e-03 4.22948352e-02 2.73723463e-03 -1.43915918e-03 1.65121098e-04 6.02062222e-05 -1.40600655e-05
1251             4.24621672e-02 2.79726340e-03 -1.45307846e-03 4.22970228e-02 2.73704534e-03 -1.43901985e-03 1.65144456e-04 6.02180511e-05 -1.40586145e-05
1252             4.24669542e-02 2.79744855e-03 -1.45301699e-03 4.23018120e-02 2.73723304e-03 -1.43896587e-03 1.65142240e-04 6.02155064e-05 -1.40511112e-05
1253             4.24748914e-02 2.79742626e-03 -1.45290328e-03 4.23097253e-02 2.73720511e-03 -1.43885200e-03 1.65166128e-04 6.02211561e-05 -1.40512830e-05
1254             4.24839001e-02 2.79716001e-03 -1.45269934e-03 4.23187375e-02 2.73694917e-03 -1.43865434e-03 1.65162610e-04 6.02108424e-05 -1.40449945e-05
1255             4.24911809e-02 2.79689349e-03 -1.45247818e-03 4.23259974e-02 2.73668432e-03 -1.43843211e-03 1.65183577e-04 6.02091719e-05 -1.40460704e-05
1256             4.24975643e-02 2.79707599e-03 -1.45237539e-03 4.23323894e-02 2.73688284e-03 -1.43833444e-03 1.65174954e-04 6.01931460e-05 -1.40409486e-05
1257             4.25062261e-02 2.79802337e-03 -1.45258044e-03 4.23410370e-02 2.73783528e-03 -1.43853652e-03 1.65189081e-04 6.01880842e-05 -1.40439257e-05
1258             4.25201681e-02 2.79966964e-03 -1.45311051e-03 4.23549948e-02 2.73949852e-03 -1.43906928e-03 1.65173343e-04 6.01711136e-05 -1.40412249e-05
1259             4.25359972e-02 2.80229384e-03 -1.45405529e-03 4.23708151e-02 2.74212621e-03 -1.44000854e-03 1.65182152e-04 6.01676334e-05 -1.40467577e-05
1260             4.25522969e-02 2.80642118e-03 -1.45555631e-03 4.23871335e-02 2.74626676e-03 -1.44150948e-03 1.65163460e-04 6.01544257e-05 -1.40468262e-05
1261             4.25686127e-02 2.81183601e-03 -1.45757133e-03 4.24034426e-02 2.75167951e-03 -1.44351568e-03 1.65170162e-04 6.01565019e-05 -1.40556556e-05
1262             4.25845661e-02 2.81770771e-03 -1.45972696e-03 4.24194174e-02 2.75755778e-03 -1.44566763e-03 1.65148652e-04 6.01499267e-05 -1.40593283e-05
1263             4.25976248e-02 2.82288047e-03 -1.46173713e-03 4.24324730e-02 2.76272298e-03 -1.44766598e-03 1.65151817e-04 6.01574899e-05 -1.40711488e-05
1264             4.26083381e-02 2.82652199e-03 -1.46325920e-03 4.24432111e-02 2.76636755e-03 -1.44918293e-03 1.65127040e-04 6.01544359e-05 -1.40762727e-05
1265             4.26158581e-02 2.82842482e-03 -1.46419368e-03 4.24507303e-02 2.76826127e-03 -1.45010619e-03 1.65127809e-04 6.01635473e-05 -1.40874858e-05
1266             4.26171262e-02 2.82889051e-03 -1.46452635e-03 4.24520244e-02 2.76873003e-03 -1.45043619e-03 1.65101804e-04 6.01604745e-05 -1.40901579e-05
1267             4.26137806e-02 2.82838903e-03 -1.46447813e-03 4.24486787e-02 2.76822062e-03 -1.45038022e-03 1.65101903e-04 6.01684112e-05 -1.40979059e-05
1268             4.26085446e-02 2.82746045e-03 -1.46418686e-03 4.24434691e-02 2.76729587e-03 -1.45008949e-03 1.65075561e-04 6.01645826e-05 -1.40973676e-05
1269             4.26017808e-02 2.82675634e-03 -1.46399648e-03 4.24367051e-02 2.76658234e-03 -1.44989344e-03 1.65075698e-04 6.01739965e-05 -1.41030328e-05
1270             4.25948558e-02 2.82642991e-03 -1.46401137e-03 4.24298053e-02 2.76625429e-03 -1.44990962e-03 1.65050502e-04 6.01756152e-05 -1.41017545e-05
1271             4.25902167e-02 2.82579832e-03 -1.46397301e-03 4.24251632e-02 2.76560341e-03 -1.44986541e-03 1.65053524e-04 6.01949109e-05 -1.41075987e-05
1272             4.25856186e-02 2.82397689e-03 -1.46341881e-03 4.24205857e-02 2.76376921e-03 -1.44931219e-03 1.65032922e-04 6.02076781e-05 -1.41066122e-05
1273             4.25788143e-02 2.82081451e-03 -1.46230550e-03 4.24137735e-02 2.76058001e-03 -1.44819375e-03 1.65040782e-04 6.02344976e-05 -1.41117526e-05
1274             4.25673557e-02 2.81664918e-03 -1.46065521e-03 4.24023318e-02 2.75640098e-03 -1.44654681e-03 1.65023886e-04 6.02482010e-05 -1.41084054e-05
1275             4.25527226e-02 2.81209280e-03 -1.45882593e-03 4.23876887e-02 2.75182312e-03 -1.44471595e-03 1.65033927e-04 6.02696743e-05 -1.41099774e-05
1276             4.25351215e-02 2.80755898e-03 -1.45703108e-03 4.23701035e-02 2.74728363e-03 -1.44292804e-03 1.65017995e-04 6.02753418e-05 -1.41030387e-05
1277             4.25172249e-02 2.80335769e-03 -1.45544763e-03 4.23521963e-02 2.74306698e-03 -1.44134575e-03 1.65028631e-04 6.02907107e-05 -1.41018808e-05
1278             4.25046254e-02 2.79978655e-03 -1.45413161e-03 4.23396110e-02 2.73949288e-03 -1.44003845e-03 1.65014440e-04 6.02936711e-05 -1.40931568e-05
1279             4.24986125e-02 2.79754676e-03 -1.45326916e-03 4.23335833e-02 2.73723852e-03 -1.43917803e-03 1.65029189e-04 6.03082382e-05 -1.40911347e-05
1280             4.24960929e-02 2.79654086e-03 -1.45274610e-03 4.23310720e-02 2.73623136e-03 -1.43866345e-03 1.65020930e-04 6.03095006e-05 -1.40826466e-05
1281             4.24947893e-02 2.79628210e-03 -1.45252902e-03 4.23297477e-02 2.73596206e-03 -1.43844722e-03 1.65041587e-04 6.03200428e-05 -1.40817999e-05
1282             4.24979961e-02 2.79641005e-03 -1.45249421e-03 4.23329580e-02 2.73609441e-03 -1.43841954e-03 1.65038172e-04 6.03156381e-05 -1.40746763e-05
1283             4.25041786e-02 2.79636198e-03 -1.45245825e-03 4.23391160e-02 2.73604178e-03 -1.43838325e-03 1.65062659e-04 6.03202004e-05 -1.40749924e-05
1284             4.25128656e-02 2.79605306e-03 -1.45231824e-03 4.23478041e-02 2.73574378e-03 -1.43824942e-03 1.65061460e-04 6.03092819e-05 -1.40688184e-05
1285             4.25222567e-02 2.79573726e-03 -1.45217046e-03 4.23571707e-02 2.73542990e-03 -1.43810040e-03 1.65085994e-04 6.03073586e-05 -1.40700655e-05
1286             4.25301246e-02 2.79579251e-03 -1.45212831e-03 4.23650426e-02 2.73550159e-03 -1.43806345e-03 1.65082054e-04 6.02909230e-05 -1.40648654e-05
1287             4.25378865e-02 2.79661557e-03 -1.45239964e-03 4.23727850e-02 2.73632929e-03 -1.43833227e-03 1.65101489e-04 6.02862800e-05 -1.40673667e-05
1288             4.25476304e-02 2.79823942e-03 -1.45296285e-03 4.23825394e-02 2.73796904e-03 -1.43889885e-03 1.65091023e-04 6.02703838e-05 -1.40639983e-05
1289             4.25622185e-02 2.80084876e-03 -1.45390875e-03 4.23971142e-02 2.74057975e-03 -1.43983975e-03 1.65104356e-04 6.02690110e-05 -1.40689995e-05
1290             4.25814790e-02 2.80491473e-03 -1.45534860e-03 4.24163894e-02 2.74465688e-03 -1.44127994e-03 1.65089582e-04 6.02578539e-05 -1.40686631e-05
1291             4.26011514e-02 2.81033580e-03 -1.45732486e-03 4.24360511e-02 2.75007321e-03 -1.44324755e-03 1.65100340e-04 6.02625821e-05 -1.40773067e-05
1292             4.26179305e-02 2.81631109e-03 -1.45950598e-03 4.24528475e-02 2.75605223e-03 -1.44542486e-03 1.65082956e-04 6.02588534e-05 -1.40811196e-05
1293             4.26314007e-02 2.82173834e-03 -1.46157151e-03 4.24663108e-02 2.76146783e-03 -1.44747798e-03 1.65089898e-04 6.02705032e-05 -1.40935306e-05
1294             4.26435927e-02 2.82570485e-03 -1.46319142e-03 4.24785242e-02 2.76543384e-03 -1.44909206e-03 1.65068423e-04 6.02710018e-05 -1.40993581e-05
1295             4.26528331e-02 2.82789146e-03 -1.46425802e-03 4.24877609e-02 2.76760786e-03 -1.45014678e-03 1.65072255e-04 6.02836087e-05 -1.41112457e-05
1296             4.26568133e-02 2.82858640e-03 -1.46467931e-03 4.24917643e-02 2.76830357e-03 -1.45056476e-03 1.65049076e-04 6.02828301e-05 -1.41145536e-05
1297             4.26567499e-02 2.82826207e-03 -1.46471789e-03 4.24916980e-02 2.76796964e-03 -1.45059496e-03 1.65051936e-04 6.02924297e-05 -1.41229274e-05
1298             4.26527684e-02 2.82738625e-03 -1.46447510e-03 4.24877401e-02 2.76709712e-03 -1.45035246e-03 1.65028269e-04 6.02891301e-05 -1.41226369e-05
1299             4.26479576e-02 2.82658100e-03 -1.46427181e-03 4.24829263e-02 2.76628177e-03 -1.45014367e-03 1.65031356e-04 6.02992286e-05 -1.41281321e-05
1300             4.26457391e-02 2.82613951e-03 -1.46415629e-03 4.24807300e-02 2.76583909e-03 -1.45002989e-03 1.65009168e-04 6.03004226e-05 -1.41264009e-05
1301             4.26459621e-02 2.82549372e-03 -1.46399762e-03 4.24809475e-02 2.76517591e-03 -1.44986589e-03 1.65014619e-04 6.03178089e-05 -1.41317279e-05
1302             4.26446552e-02 2.82377518e-03 -1.46339459e-03 4.24796597e-02 2.76344939e-03 -1.44926467e-03 1.64995494e-04 6.03257888e-05 -1.41299209e-05
1303             4.26388731e-02 2.82068128e-03 -1.46225486e-03 4.24738685e-02 2.76033500e-03 -1.44812082e-03 1.65004633e-04 6.03462794e-05 -1.41340407e-05
1304             4.26273954e-02 2.81650374e-03 -1.46061861e-03 4.24624063e-02 2.75615181e-03 -1.44648899e-03 1.64989079e-04 6.03519300e-05 -1.41296148e-05
1305             4.26127546e-02 2.81187462e-03 -1.45883056e-03 4.24477539e-02 2.75150854e-03 -1.44470031e-03 1.65000626e-04 6.03660808e-05 -1.41302456e-05
1306             4.25972694e-02 2.80722456e-03 -1.45705308e-03 4.24322833e-02 2.74685998e-03 -1.44293098e-03 1.64986135e-04 6.03645751e-05 -1.41221022e-05
1307             4.25830759e-02 2.80299299e-03 -1.45541563e-03 4.24180776e-02 2.74261893e-03 -1.44129611e-03 1.64998243e-04 6.03740629e-05 -1.41195195e-05
1308             4.25724226e-02 2.79939440e-03 -1.45395737e-03 4.24074381e-02 2.73902430e-03 -1.43984811e-03 1.64984423e-04 6.03700992e-05 -1.41092609e-05
1309             4.25665902e-02 2.79705849e-03 -1.45307125e-03 4.24015922e-02 2.73667983e-03 -1.43896534e-03 1.64997959e-04 6.03786512e-05 -1.41059069e-05
1310             4.25660929e-02 2.79598633e-03 -1.45262958e-03 4.24011062e-02 2.73561087e-03 -1.43853350e-03 1.64986650e-04 6.03754567e-05 -1.40960769e-05
1311             4.25672003e-02 2.79577134e-03 -1.45245168e-03 4.24021963e-02 2.73538605e-03 -1.43835745e-03 1.65003997e-04 6.03852890e-05 -1.40942277e-05
1312             4.25709539e-02 2.79602220e-03 -1.45237592e-03 4.24059567e-02 2.73564147e-03 -1.43828929e-03 1.64997187e-04 6.03807303e-05 -1.40866290e-05
1313             4.25764759e-02 2.79613161e-03 -1.45230471e-03 4.24114570e-02 2.73574581e-03 -1.43821752e-03 1.65018925e-04 6.03858061e-05 -1.40871913e-05
1314             4.25841424e-02 2.79592265e-03 -1.45216148e-03 4.24191270e-02 2.73554787e-03 -1.43808001e-03 1.65015387e-04 6.03747831e-05 -1.40814652e-05
1315             4.25929692e-02 2.79561860e-03 -1.45209941e-03 4.24279307e-02 2.73524435e-03 -1.43801618e-03 1.65038473e-04 6.03742484e-05 -1.40832288e-05
1316             4.26033794e-02 2.79558543e-03 -1.45210200e-03 4.24383460e-02 2.73522525e-03 -1.43802345e-03 1.65033416e-04 6.03601795e-05 -1.40785421e-05
1317             4.26138492e-02 2.79635842e-03 -1.45236748e-03 4.24487966e-02 2.73599977e-03 -1.43828575e-03 1.65052604e-04 6.03586542e-05 -1.40817208e-05
1318             4.26266817e-02 2.79797152e-03 -1.45291463e-03 4.24616387e-02 2.73762688e-03 -1.43883567e-03 1.65042996e-04 6.03446465e-05 -1.40789533e-05
1319             4.26430004e-02 2.80051962e-03 -1.45387124e-03 4.24779416e-02 2.74017538e-03 -1.43978679e-03 1.65058791e-04 6.03442409e-05 -1.40844488e-05
1320             4.26616330e-02 2.80439336e-03 -1.45530693e-03 4.24965855e-02 2.74406060e-03 -1.44122255e-03 1.65047450e-04 6.03327664e-05 -1.40843823e-05
1321             4.26799318e-02 2.80966725e-03 -1.45729790e-03 4.25148695e-02 2.74933111e-03 -1.44320483e-03 1.65062229e-04 6.03361333e-05 -1.40930622e-05
1322             4.26974396e-02 2.81555741e-03 -1.45951741e-03 4.25323903e-02 2.75522831e-03 -1.44542100e-03 1.65049284e-04 6.03291056e-05 -1.40964109e-05
1323             4.27133196e-02 2.82101953e-03 -1.46165126e-03 4.25482580e-02 2.76068330e-03 -1.44754336e-03 1.65061615e-04 6.03362212e-05 -1.41079040e-05
1324             4.27280160e-02 2.82508811e-03 -1.46335770e-03 4.25629703e-02 2.76475713e-03 -1.44924517e-03 1.65045624e-04 6.03309853e-05 -1.41125236e-05
1325             4.27396550e-02 2.82737157e-03 -1.46446355e-03 4.25746009e-02 2.76703364e-03 -1.45034038e-03 1.65054048e-04 6.03379294e-05 -1.41231710e-05
1326             4.27445136e-02 2.82814237e-03 -1.46489649e-03 4.25794804e-02 2.76781176e-03 -1.45077154e-03 1.65033226e-04 6.03306103e-05 -1.41249505e-05
1327             4.27432396e-02 2.82788893e-03 -1.46487703e-03 4.25782029e-02 2.76755507e-03 -1.45074532e-03 1.65036726e-04 6.03338619e-05 -1.41317042e-05
1328             4.27405206e-02 2.82699421e-03 -1.46462472e-03 4.25755085e-02 2.76667079e-03 -1.45049486e-03 1.65012105e-04 6.03234135e-05 -1.41298625e-05
1329             4.27401226e-02 2.82605451e-03 -1.46441930e-03 4.25751088e-02 2.76572700e-03 -1.45028524e-03 1.65013770e-04 6.03275045e-05 -1.41340533e-05
1330             4.27399199e-02 2.82545703e-03 -1.46427084e-03 4.25749304e-02 2.76513404e-03 -1.45013993e-03 1.64989556e-04 6.03229940e-05 -1.41309064e-05
1331             4.27379503e-02 2.82478767e-03 -1.46406510e-03 4.25729572e-02 2.76445121e-03 -1.44993021e-03 1.64993117e-04 6.03364546e-05 -1.41348886e-05
1332             4.27333046e-02 2.82318976e-03 -1.46349054e-03 4.25683339e-02 2.76284853e-03 -1.44935858e-03 1.64970771e-04 6.03412280e-05 -1.41319562e-05
1333             4.27263550e-02 2.82023647e-03 -1.46242388e-03 4.25613797e-02 2.75987525e-03 -1.44828844e-03 1.64975292e-04 6.03612156e-05 -1.41354421e-05
1334             4.27199699e-02 2.81612394e-03 -1.46088918e-03 4.25550161e-02 2.75575618e-03 -1.44675876e-03 1.64953814e-04 6.03677517e-05 -1.41304173e-05
1335             4.27135530e-02 2.81149850e-03 -1.45916628e-03 4.25485922e-02 2.75111250e-03 -1.44503579e-03 1.64960735e-04 6.03859958e-05 -1.41304954e-05
1336             4.27036511e-02 2.80684361e-03 -1.45733462e-03 4.25387083e-02 2.74645459e-03 -1.44321275e-03 1.64942725e-04 6.03890246e-05 -1.41218682e-05
1337             4.26907483e-02 2.80264495e-03 -1.45562520e-03 4.25257958e-02 2.74224130e-03 -1.44150599e-03 1.64952527e-04 6.04036560e-05 -1.41192105e-05
1338             4.26781649e-02 2.79900009e-03 -1.45410694e-03 4.25132289e-02 2.73859723e-03 -1.43999808e-03 1.64935989e-04 6.04028620e-05 -1.41088627e-05
1339             4.26699791e-02 2.79658098e-03 -1.45306169e-03 4.25050315e-02 2.73616641e-03 -1.43895621e-03 1.64947582e-04 6.04145732e-05 -1.41054806e-05
1340             4.26686511e-02 2.79544681e-03 -1.45239959e-03 4.25037164e-02 2.73503564e-03 -1.43830404e-03 1.64934739e-04 6.04111754e-05 -1.40955540e-05
1341             4.26722623e-02 2.79521481e-03 -1.45208227e-03 4.25073100e-02 2.73479512e-03 -1.43798843e-03 1.64952359e-04 6.04196895e-05 -1.40938354e-05
1342             4.26769873e-02 2.79546686e-03 -1.45199367e-03 4.25120409e-02 2.73505552e-03 -1.43790763e-03 1.64946363e-04 6.04113358e-05 -1.40860427e-05
1343             4.26821218e-02 2.79564025e-03 -1.45198586e-03 4.25171518e-02 2.73522648e-03 -1.43789964e-03 1.64969959e-04 6.04137724e-05 -1.40862146e-05
1344             4.26891321e-02 2.79551101e-03 -1.45183865e-03 4.25241650e-02 2.73511274e-03 -1.43775890e-03 1.64967066e-04 6.03982731e-05 -1.40797487e-05
1345             4.26963706e-02 2.79529502e-03 -1.45168308e-03 4.25313802e-02 2.73490201e-03 -1.43760224e-03 1.64990324e-04 6.03930094e-05 -1.40808348e-05
1346             4.27040155e-02 2.79528064e-03 -1.45159689e-03 4.25390316e-02 2.73490976e-03 -1.43752181e-03 1.64983911e-04 6.03708842e-05 -1.40750814e-05
1347             4.27136125e-02 2.79604080e-03 -1.45184612e-03 4.25486104e-02 2.73567871e-03 -1.43776905e-03 1.65002160e-04 6.03620896e-05 -1.40770770e-05
1348             4.27255736e-02 2.79768213e-03 -1.45236720e-03 4.25605828e-02 2.73734253e-03 -1.43829430e-03 1.64990799e-04 6.03396098e-05 -1.40728973e-05
1349             4.27380474e-02 2.80023020e-03 -1.45323992e-03 4.25730420e-02 2.73989821e-03 -1.43916268e-03 1.65005380e-04 6.03319857e-05 -1.40772386e-05
1350             4.27509046e-02 2.80399018e-03 -1.45457070e-03 4.25859127e-02 2.74367873e-03 -1.44049486e-03 1.64991965e-04 6.03114486e-05 -1.40758417e-05
1351             4.27653656e-02 2.80916408e-03 -1.45651785e-03 4.26003600e-02 2.74885654e-03 -1.44243456e-03 1.65005637e-04 6.03075335e-05 -1.40832916e-05
1352             4.27817814e-02 2.81501147e-03 -1.45876735e-03 4.26167902e-02 2.75471772e-03 -1.44468195e-03 1.64991156e-04 6.02937452e-05 -1.40854097e-05
1353             4.27970035e-02 2.82054278e-03 -1.46096165e-03 4.26320010e-02 2.76024491e-03 -1.44686554e-03 1.65002532e-04 6.02978769e-05 -1.40961152e-05
1354             4.28082766e-02 2.82477083e-03 -1.46265196e-03 4.26432916e-02 2.76448084e-03 -1.44855195e-03 1.64984972e-04 6.02899869e-05 -1.41000096e-05
1355             4.28149836e-02 2.82722483e-03 -1.46372000e-03 4.26499901e-02 2.76692960e-03 -1.44960972e-03 1.64993572e-04 6.02952258e-05 -1.41102710e-05
1356             4.28177895e-02 2.82812636e-03 -1.46418909e-03 4.26528152e-02 2.76784192e-03 -1.45007721e-03 1.64974230e-04 6.02844399e-05 -1.41118810e-05
1357             4.28146243e-02 2.82795914e-03 -1.46427427e-03 4.26496426e-02 2.76767378e-03 -1.45015539e-03 1.64981701e-04 6.02853540e-05 -1.41188824e-05
1358             4.28094396e-02 2.82709919e-03 -1.46410409e-03 4.26444777e-02 2.76682719e-03 -1.44998698e-03 1.64961930e-04 6.02719941e-05 -1.41171110e-05
1359             4.28047164e-02 2.82612528e-03 -1.46387816e-03 4.26397462e-02 2.76585111e-03 -1.44975688e-03 1.64970205e-04 6.02741639e-05 -1.41212828e-05
1360             4.27984807e-02 2.82543150e-03 -1.46369725e-03 4.26335285e-02 2.76516566e-03 -1.44957940e-03 1.64952226e-04 6.02658433e-05 -1.41178504e-05
1361             4.27912659e-02 2.82477585e-03 -1.46352416e-03 4.26263040e-02 2.76450050e-03 -1.44940263e-03 1.64961933e-04 6.02753443e-05 -1.41215267e-05
1362             4.27826822e-02 2.82331467e-03 -1.46303306e-03 4.26177376e-02 2.76303995e-03 -1.44891517e-03 1.64944616e-04 6.02747138e-05 -1.41178943e-05
1363             4.27731333e-02 2.82050558e-03 -1.46204511e-03 4.26081782e-02 2.76021538e-03 -1.44792452e-03 1.64955057e-04 6.02902074e-05 -1.41205917e-05
1364             4.27625159e-02 2.81649423e-03 -1.46047592e-03 4.25975763e-02 2.75620252e-03 -1.44636106e-03 1.64939527e-04 6.02917103e-05 -1.41148568e-05
1365             4.27490653e-02 2.81190457e-03 -1.45865569e-03 4.25841126e-02 2.75159981e-03 -1.44454106e-03 1.64952708e-04 6.03047626e-05 -1.41146249e-05
1366             4.27321682e-02 2.80723523e-03 -1.45677000e-03 4.25672281e-02 2.74693421e-03 -1.44266440e-03 1.64940080e-04 6.03010226e-05 -1.41055987e-05
1367             4.27137117e-02 2.80300480e-03 -1.45506060e-03 4.25487561e-02 2.74269540e-03 -1.44095823e-03 1.64955657e-04 6.03093993e-05 -1.41023700e-05
1368             4.26985314e-02 2.79927599e-03 -1.45353143e-03 4.25335867e-02 2.73897325e-03 -1.43944013e-03 1.64944732e-04 6.03027482e-05 -1.40913001e-05
1369             4.26895326e-02 2.79670397e-03 -1.45245241e-03 4.25245703e-02 2.73639386e-03 -1.43836506e-03 1.64962330e-04 6.03101105e-05 -1.40873433e-05
1370             4.26851296e-02 2.79545421e-03 -1.45183506e-03 4.25201747e-02 2.73515094e-03 -1.43775832e-03 1.64954947e-04 6.03032715e-05 -1.40767480e-05
1371             4.26848194e-02 2.79520766e-03 -1.45157708e-03 4.25198415e-02 2.73489734e-03 -1.43750277e-03 1.64977876e-04 6.03103230e-05 -1.40743125e-05
1372             4.26872612e-02 2.79547454e-03 -1.45149853e-03 4.25222850e-02 2.73517332e-03 -1.43743265e-03 1.64976214e-04 6.03012197e-05 -1.40658791e-05
1373             4.26902457e-02 2.79572417e-03 -1.45144870e-03 4.25252418e-02 2.73542021e-03 -1.43738295e-03 1.65003921e-04 6.03039590e-05 -1.40657493e-05
1374             4.26971267e-02 2.79568469e-03 -1.45128565e-03 4.25321218e-02 2.73539612e-03 -1.43722655e-03 1.65004863e-04 6.02885614e-05 -1.40591041e-05
1375             4.27050945e-02 2.79557426e-03 -1.45116548e-03 4.25400618e-02 2.73529009e-03 -1.43710537e-03 1.65032735e-04 6.02841689e-05 -1.40601126e-05
1376             4.27117343e-02 2.79566445e-03 -1.45106788e-03 4.25467036e-02 2.73540198e-03 -1.43701348e-03 1.65030711e-04 6.02624746e-05 -1.40543953e-05
1377             4.27167873e-02 2.79650998e-03 -1.45127282e-03 4.25517341e-02 2.73625608e-03 -1.43721611e-03 1.65053165e-04 6.02539053e-05 -1.40567111e-05
1378             4.27240577e-02 2.79822549e-03 -1.45174400e-03 4.25590125e-02 2.73799530e-03 -1.43769113e-03 1.65045149e-04 6.02301907e-05 -1.40528658e-05
1379             4.27342212e-02 2.80077640e-03 -1.45255702e-03 4.25691579e-02 2.74055566e-03 -1.43849949e-03 1.65063323e-04 6.02207471e-05 -1.40575312e-05
1380             4.27466068e-02 2.80443317e-03 -1.45386107e-03 4.25815536e-02 2.74423611e-03 -1.43980468e-03 1.65053202e-04 6.01970556e-05 -1.40563876e-05
1381             4.27590469e-02 2.80952815e-03 -1.45584615e-03 4.25939770e-02 2.74933796e-03 -1.44178212e-03 1.65069915e-04 6.01901896e-05 -1.40640267e-05
1382             4.27708993e-02 2.81535391e-03 -1.45815395e-03 4.26058420e-02 2.75518068e-03 -1.44408799e-03 1.65057264e-04 6.01732239e-05 -1.40659669e-05
1383             4.27811936e-02 2.82096811e-03 -1.46033285e-03 4.26161235e-02 2.76079370e-03 -1.44625662e-03 1.65070074e-04 6.01744074e-05 -1.40762301e-05
1384             4.27898679e-02 2.82532233e-03 -1.46199302e-03 4.26248145e-02 2.76516015e-03 -1.44791338e-03 1.65053410e-04 6.01621819e-05 -1.40796392e-05
1385             4.27949775e-02 2.82792533e-03 -1.46311003e-03 4.26299146e-02 2.76776311e-03 -1.44902052e-03 1.65062844e-04 6.01622199e-05 -1.40895157e-05
1386             4.27935628e-02 2.82890025e-03 -1.46369317e-03 4.26285191e-02 2.76875397e-03 -1.44960258e-03 1.65043683e-04 6.01462837e-05 -1.40905975e-05
1387             4.27869067e-02 2.82870396e-03 -1.46389855e-03 4.26218558e-02 2.76856023e-03 -1.44980166e-03 1.65050970e-04 6.01437351e-05 -1.40968866e-05
1388             4.27788478e-02 2.82775743e-03 -1.46371083e-03 4.26138179e-02 2.76762895e-03 -1.44961643e-03 1.65029907e-04 6.01284822e-05 -1.40944062e-05
1389             4.27705554e-02 2.82664734e-03 -1.46342773e-03 4.26055200e-02 2.76651808e-03 -1.44932976e-03 1.65035477e-04 6.01292592e-05 -1.40979648e-05
1390             4.27632797e-02 2.82577415e-03 -1.46321948e-03 4.25982661e-02 2.76565389e-03 -1.44912564e-03 1.65013560e-04 6.01202643e-05 -1.40938421e-05
1391             4.27564866e-02 2.82501271e-03 -1.46305846e-03 4.25914667e-02 2.76488220e-03 -1.44896170e-03 1.65019893e-04 6.01305066e-05 -1.40967661e-05
1392             4.27493227e-02 2.82359533e-03 -1.46258027e-03 4.25843227e-02 2.76346318e-03 -1.44848754e-03 1.64999970e-04 6.01321579e-05 -1.40927293e-05
1393             4.27391056e-02 2.82087667e-03 -1.46164308e-03 4.25740975e-02 2.76072651e-03 -1.44754765e-03 1.65008084e-04 6.01501544e-05 -1.40954304e-05
1394             4.27255671e-02 2.81689224e-03 -1.46017932e-03 4.25605769e-02 2.75673715e-03 -1.44608947e-03 1.64990192e-04 6.01550986e-05 -1.40898519e-05
1395             4.27087268e-02 2.81229226e-03 -1.45842280e-03 4.25437261e-02 2.75212060e-03 -1.44433322e-03 1.65000665e-04 6.01716596e-05 -1.40895795e-05
1396             4.26898730e-02 2.80759729e-03 -1.45654767e-03 4.25248881e-02 2.74742513e-03 -1.44246702e-03 1.64984969e-04 6.01721621e-05 -1.40806500e-05
1397             4.26718228e-02 2.80333796e-03 -1.45487100e-03 4.25068262e-02 2.74315429e-03 -1.44079336e-03 1.64996537e-04 6.01836692e-05 -1.40776389e-05
1398             4.26563646e-02 2.79952423e-03 -1.45337956e-03 4.24913831e-02 2.73934328e-03 -1.43931269e-03 1.64981450e-04 6.01809560e-05 -1.40668703e-05
1399             4.26449226e-02 2.79678612e-03 -1.45229981e-03 4.24799281e-02 2.73659471e-03 -1.43823688e-03 1.64994510e-04 6.01914079e-05 -1.40629240e-05
1400             4.26382847e-02 2.79542592e-03 -1.45165193e-03 4.24733018e-02 2.73523704e-03 -1.43759950e-03 1.64982906e-04 6.01888754e-05 -1.40524332e-05
1401             4.26351924e-02 2.79515692e-03 -1.45139936e-03 4.24701912e-02 2.73495772e-03 -1.43734926e-03 1.65001151e-04 6.01991961e-05 -1.40501014e-05
1402             4.26355273e-02 2.79541619e-03 -1.45130808e-03 4.24705318e-02 2.73522106e-03 -1.43726614e-03 1.64995496e-04 6.01951239e-05 -1.40419399e-05
1403             4.26393060e-02 2.79570104e-03 -1.45124983e-03 4.24742865e-02 2.73549964e-03 -1.43720795e-03 1.65019452e-04 6.02013933e-05 -1.40418843e-05
1404             4.26445738e-02 2.79567919e-03 -1.45108246e-03 4.24795558e-02 2.73548829e-03 -1.43704683e-03 1.65018067e-04 6.01909023e-05 -1.40356270e-05
1405             4.26493210e-02 2.79555372e-03 -1.45093146e-03 4.24842773e-02 2.73536437e-03 -1.43689443e-03 1.65043701e-04 6.01893504e-05 -1.40370311e-05
1406             4.26532829e-02 2.79559709e-03 -1.45085088e-03 4.24882415e-02 2.73542491e-03 -1.43681894e-03 1.65041335e-04 6.01721792e-05 -1.40319337e-05
1407             4.26589700e-02 2.79635873e-03 -1.45107773e-03 4.24939058e-02 2.73619212e-03 -1.43704316e-03 1.65064195e-04 6.01666126e-05 -1.40345763e-05
1408             4.26662914e-02 2.79797442e-03 -1.45161228e-03 4.25012331e-02 2.73782569e-03 -1.43758096e-03 1.65058274e-04 6.01487287e-05 -1.40313220e-05
1409             4.26765409e-02 2.80040007e-03 -1.45250287e-03 4.25114636e-02 2.74025566e-03 -1.43846646e-03 1.65077358e-04 6.01444122e-05 -1.40364113e-05
1410             4.26909287e-02 2.80390542e-03 -1.45377593e-03 4.25258604e-02 2.74377624e-03 -1.43974010e-03 1.65068248e-04 6.01291821e-05 -1.40358360e-05
1411             4.27054891e-02 2.80894650e-03 -1.45557557e-03 4.25404040e-02 2.74881819e-03 -1.44153171e-03 1.65085175e-04 6.01283167e-05 -1.40438614e-05
1412             4.27179360e-02 2.81484231e-03 -1.45768662e-03 4.25528615e-02 2.75472506e-03 -1.44363981e-03 1.65074471e-04 6.01172534e-05 -1.40468185e-05
1413             4.27274725e-02 2.82065780e-03 -1.45986941e-03 4.25623832e-02 2.76053742e-03 -1.44581107e-03 1.65089304e-04 6.01203782e-05 -1.40583398e-05
1414             4.27344435e-02 2.82527487e-03 -1.46169296e-03 4.25693675e-02 2.76516224e-03 -1.44762951e-03 1.65075980e-04 6.01126302e-05 -1.40634487e-05
1415             4.27359598e-02 2.82818567e-03 -1.46296955e-03 4.25708719e-02 2.76806882e-03 -1.44889476e-03 1.65087901e-04 6.01168566e-05 -1.40747887e-05
1416             4.27314759e-02 2.82942837e-03 -1.46358800e-03 4.25664043e-02 2.76932030e-03 -1.44951037e-03 1.65071590e-04 6.01080615e-05 -1.40776295e-05
1417             4.27230371e-02 2.82940620e-03 -1.46376193e-03 4.25579570e-02 2.76929675e-03 -1.44967646e-03 1.65080052e-04 6.01094528e-05 -1.40854663e-05
1418             4.27138688e-02 2.82847654e-03 -1.46358145e-03 4.25488081e-02 2.76837782e-03 -1.44949696e-03 1.65060751e-04 6.00987276e-05 -1.40844839e-05
1419             4.27051180e-02 2.82727500e-03 -1.46325476e-03 4.25400505e-02 2.76717468e-03 -1.44916593e-03 1.65067476e-04 6.01003145e-05 -1.40888300e-05
1420             4.26952287e-02 2.82629620e-03 -1.46293972e-03 4.25301804e-02 2.76620345e-03 -1.44885411e-03 1.65048252e-04 6.00927480e-05 -1.40856060e-05
1421             4.26823477e-02 2.82549521e-03 -1.46272290e-03 4.25172912e-02 2.76539527e-03 -1.44863368e-03 1.65056573e-04 6.00999446e-05 -1.40892205e-05
1422             4.26704392e-02 2.82410635e-03 -1.46226865e-03 4.25053991e-02 2.76400617e-03 -1.44818256e-03 1.65040066e-04 6.01001846e-05 -1.40860924e-05
1423             4.26585211e-02 2.82142258e-03 -1.46134078e-03 4.24934696e-02 2.76130848e-03 -1.44725152e-03 1.65051551e-04 6.01141081e-05 -1.40892581e-05
1424             4.26441504e-02 2.81741369e-03 -1.45988367e-03 4.24791113e-02 2.75729605e-03 -1.44579927e-03 1.65039070e-04 6.01176476e-05 -1.40844007e-05
1425             4.26262279e-02 2.81274475e-03 -1.45817903e-03 4.24611732e-02 2.75261369e-03 -1.44409444e-03 1.65054719e-04 6.01310557e-05 -1.40845962e-05
1426             4.26055677e-02 2.80798522e-03 -1.45636553e-03 4.24405215e-02 2.74785267e-03 -1.44228926e-03 1.65046199e-04 6.01325496e-05 -1.40762652e-05
1427             4.25857393e-02 2.80372025e-03 -1.45469727e-03 4.24206741e-02 2.74357672e-03 -1.44062389e-03 1.65065155e-04 6.01435298e-05 -1.40733825e-05
1428             4.25661819e-02 2.79993349e-03 -1.45315126e-03 4.24011229e-02 2.73979064e-03 -1.43908813e-03 1.65059054e-04 6.01428508e-05 -1.40631316e-05
1429             4.25501669e-02 2.79713786e-03 -1.45202385e-03 4.23850876e-02 2.73698589e-03 -1.43796422e-03 1.65079244e-04 6.01519753e-05 -1.40596339e-05
1430             4.25403188e-02 2.79573472e-03 -1.45139669e-03 4.23752442e-02 2.73558461e-03 -1.43734684e-03 1.65074650e-04 6.01501063e-05 -1.40498495e-05
1431             4.25349957e-02 2.79549618e-03 -1.45122248e-03 4.23698973e-02 2.73533798e-03 -1.43717471e-03 1.65098419e-04 6.01582009e-05 -1.40477682e-05
1432             4.25319189e-02 2.79578668e-03 -1.45117128e-03 4.23668193e-02 2.73563208e-03 -1.43713111e-03 1.65099660e-04 6.01545913e-05 -1.40401645e-05
1433             4.25308391e-02 2.79612724e-03 -1.45114965e-03 4.23657091e-02 2.73596824e-03 -1.43710918e-03 1.65130048e-04 6.01589970e-05 -1.40404713e-05
1434             4.25315937e-02 2.79611061e-03 -1.45104490e-03 4.23664571e-02 2.73596097e-03 -1.43701018e-03 1.65136691e-04 6.01496414e-05 -1.40347177e-05
1435             4.25319464e-02 2.79595035e-03 -1.45099924e-03 4.23667768e-02 2.73580252e-03 -1.43696315e-03 1.65169555e-04 6.01478357e-05 -1.40360922e-05
1436             4.25329185e-02 2.79593449e-03 -1.45101280e-03 4.23677439e-02 2.73580096e-03 -1.43698174e-03 1.65174638e-04 6.01335348e-05 -1.40310588e-05
1437             4.25359668e-02 2.79660928e-03 -1.45124193e-03 4.23707642e-02 2.73648057e-03 -1.43720844e-03 1.65202550e-04 6.01287015e-05 -1.40334920e-05
1438             4.25429042e-02 2.79815040e-03 -1.45169575e-03 4.23777029e-02 2.73803752e-03 -1.43766557e-03 1.65201246e-04 6.01128844e-05 -1.40301858e-05
1439             4.25517660e-02 2.80047403e-03 -1.45242346e-03 4.23865422e-02 2.74036641e-03 -1.43838844e-03 1.65223773e-04 6.01076186e-05 -1.40350172e-05
1440             4.25616346e-02 2.80376083e-03 -1.45353013e-03 4.23964152e-02 2.74366823e-03 -1.43949552e-03 1.65219445e-04 6.00925976e-05 -1.40346089e-05
1441             4.25733324e-02 2.80854232e-03 -1.45531681e-03 4.24080914e-02 2.74845210e-03 -1.44127414e-03 1.65240999e-04 6.00902227e-05 -1.40426691e-05
1442             4.25840755e-02 2.81426678e-03 -1.45754669e-03 4.24188394e-02 2.75418593e-03 -1.44350104e-03 1.65236102e-04 6.00808479e-05 -1.40456483e-05
1443             4.25927815e-02 2.82006754e-03 -1.45986493e-03 4.24275257e-02 2.75998183e-03 -1.44580810e-03 1.65255770e-04 6.00857108e-05 -1.40568255e-05
1444             4.26000194e-02 2.82480590e-03 -1.46178510e-03 4.24347720e-02 2.76472373e-03 -1.44772308e-03 1.65247358e-04 6.00821747e-05 -1.40620207e-05
1445             4.26041928e-02 2.82788877e-03 -1.46313395e-03 4.24389301e-02 2.76779946e-03 -1.44906019e-03 1.65262701e-04 6.00893091e-05 -1.40737538e-05
1446             4.26040532e-02 2.82925406e-03 -1.46384747e-03 4.24388030e-02 2.76916893e-03 -1.44977007e-03 1.65250265e-04 6.00851296e-05 -1.40774029e-05
1447             4.26006977e-02 2.82933291e-03 -1.46406845e-03 4.24354352e-02 2.76924204e-03 -1.44998253e-03 1.65262450e-04 6.00908748e-05 -1.40859186e-05
1448             4.25938798e-02 2.82850556e-03 -1.46385456e-03 4.24286323e-02 2.76841971e-03 -1.44976865e-03 1.65247581e-04 6.00858499e-05 -1.40859073e-05
1449             4.25858992e-02 2.82730320e-03 -1.46351099e-03 4.24206417e-02 2.76721154e-03 -1.44941968e-03 1.65257584e-04 6.00916668e-05 -1.40913144e-05
1450             4.25787053e-02 2.82624757e-03 -1.46318975e-03 4.24134641e-02 2.76615890e-03 -1.44910056e-03 1.65241221e-04 6.00886676e-05 -1.40891908e-05
1451             4.25720111e-02 2.82540962e-03 -1.46296489e-03 4.24067603e-02 2.76531023e-03 -1.44887126e-03 1.65250859e-04 6.00993927e-05 -1.40936290e-05
1452             4.25623268e-02 2.82409430e-03 -1.46248557e-03 4.23970920e-02 2.76399110e-03 -1.44839407e-03 1.65234844e-04 6.01031981e-05 -1.40915027e-05
1453             4.25492728e-02 2.82149622e-03 -1.46155715e-03 4.23840281e-02 2.76137642e-03 -1.44746130e-03 1.65244726e-04 6.01198061e-05 -1.40958505e-05
1454             4.25340701e-02 2.81753442e-03 -1.46013575e-03 4.23688407e-02 2.75740792e-03 -1.44604348e-03 1.65229418e-04 6.01264981e-05 -1.40922696e-05
1455             4.25188745e-02 2.81282266e-03 -1.45847060e-03 4.23536334e-02 2.75267945e-03 -1.44437704e-03 1.65241101e-04 6.01432130e-05 -1.40935535e-05
1456             4.25020062e-02 2.80799963e-03 -1.45665749e-03 4.23367778e-02 2.74785137e-03 -1.44257114e-03 1.65228379e-04 6.01482613e-05 -1.40863518e-05
1457             4.24840282e-02 2.80368129e-03 -1.45494446e-03 4.23187858e-02 2.74351930e-03 -1.44085986e-03 1.65242459e-04 6.01619902e-05 -1.40845955e-05
1458             4.24683052e-02 2.79981616e-03 -1.45333944e-03 4.23030732e-02 2.73965292e-03 -1.43926413e-03 1.65232026e-04 6.01632419e-05 -1.40753117e-05
1459             4.24569533e-02 2.79683847e-03 -1.45211638e-03 4.22917043e-02 2.73666466e-03 -1.43804394e-03 1.65248957e-04 6.01738054e-05 -1.40724412e-05
1460             4.24495959e-02 2.79526798e-03 -1.45138883e-03 4.22843536e-02 2.73509429e-03 -1.43732556e-03 1.65242332e-04 6.01736876e-05 -1.40632700e-05
1461             4.24471590e-02 2.79489301e-03 -1.45117869e-03 4.22818951e-02 2.73470873e-03 -1.43711674e-03 1.65263863e-04 6.01842798e-05 -1.40619559e-05
1462             4.24483652e-02 2.79511248e-03 -1.45117914e-03 4.22831029e-02 2.73492804e-03 -1.43712395e-03 1.65262344e-04 6.01844393e-05 -1.40551889e-05
1463             4.24514797e-02 2.79541979e-03 -1.45123304e-03 4.22861905e-02 2.73522592e-03 -1.43717678e-03 1.65289228e-04 6.01938723e-05 -1.40562603e-05
1464             4.24561277e-02 2.79540511e-03 -1.45111605e-03 4.22908357e-02 2.73521505e-03 -1.43706468e-03 1.65292060e-04 6.01900616e-05 -1.40513740e-05
1465             4.24616981e-02 2.79525023e-03 -1.45099181e-03 4.22963776e-02 2.73505705e-03 -1.43693806e-03 1.65320459e-04 6.01931888e-05 -1.40537463e-05
1466             4.24679491e-02 2.79524143e-03 -1.45092527e-03 4.23026283e-02 2.73505858e-03 -1.43687553e-03 1.65320781e-04 6.01828469e-05 -1.40497349e-05
1467             4.24755116e-02 2.79591228e-03 -1.45113389e-03 4.23101680e-02 2.73573078e-03 -1.43708079e-03 1.65343543e-04 6.01814999e-05 -1.40531038e-05
1468             4.24834992e-02 2.79743585e-03 -1.45160520e-03 4.23181622e-02 2.73726618e-03 -1.43755438e-03 1.65337073e-04 6.01696666e-05 -1.40508192e-05
1469             4.24921854e-02 2.79972718e-03 -1.45242298e-03 4.23268311e-02 2.73955765e-03 -1.43836624e-03 1.65354285e-04 6.01695277e-05 -1.40567441e-05
1470             4.25034405e-02 2.80290205e-03 -1.45360040e-03 4.23380958e-02 2.74274115e-03 -1.43954307e-03 1.65344773e-04 6.01608936e-05 -1.40573234e-05
1471             4.25174127e-02 2.80756296e-03 -1.45535064e-03 4.23520518e-02 2.74739781e-03 -1.44128449e-03 1.65360847e-04 6.01651579e-05 -1.40661532e-05
1472             4.25328792e-02 2.81325013e-03 -1.45742493e-03 4.23675293e-02 2.75308914e-03 -1.44335507e-03 1.65349840e-04 6.01609955e-05 -1.40698642e-05
1473             4.25473104e-02 2.81909343e-03 -1.45963923e-03 4.23819481e-02 2.75892458e-03 -1.44555748e-03 1.65362245e-04 6.01688524e-05 -1.40817533e-05
1474             4.25590341e-02 2.82392761e-03 -1.46158037e-03 4.23936882e-02 2.76376024e-03 -1.44749292e-03 1.65345889e-04 6.01673739e-05 -1.40874481e-05
1475             4.25658931e-02 2.82710139e-03 -1.46296304e-03 4.24005400e-02 2.76692446e-03 -1.44886366e-03 1.65353032e-04 6.01769302e-05 -1.40993791e-05
1476             4.25677084e-02 2.82850072e-03 -1.46361666e-03 4.24023757e-02 2.76832590e-03 -1.44951350e-03 1.65332680e-04 6.01748143e-05 -1.41031620e-05
1477             4.25669147e-02 2.82859686e-03 -1.46376747e-03 4.24015776e-02 2.76841597e-03 -1.44965567e-03 1.65337052e-04 6.01808899e-05 -1.41118042e-05
1478             4.25648723e-02 2.82774333e-03 -1.46353631e-03 4.23995569e-02 2.76756883e-03 -1.44942458e-03 1.65315391e-04 6.01745061e-05 -1.41117260e-05
1479             4.25618557e-02 2.82644085e-03 -1.46319490e-03 4.23965354e-02 2.76626211e-03 -1.44907805e-03 1.65320312e-04 6.01787474e-05 -1.41168440e-05
1480             4.25576689e-02 2.82522860e-03 -1.46289466e-03 4.23923680e-02 2.76505331e-03 -1.44878013e-03 1.65300921e-04 6.01752807e-05 -1.41145298e-05
1481             4.25541148e-02 2.82430652e-03 -1.46269387e-03 4.23888064e-02 2.76411918e-03 -1.44857495e-03 1.65308422e-04 6.01873372e-05 -1.41189207e-05
1482             4.25504007e-02 2.82300838e-03 -1.46225103e-03 4.23851095e-02 2.76281461e-03 -1.44813439e-03 1.65291200e-04 6.01937737e-05 -1.41166414e-05
1483             4.25454568e-02 2.82052864e-03 -1.46130475e-03 4.23801564e-02 2.76031508e-03 -1.44718405e-03 1.65300387e-04 6.02135600e-05 -1.41207077e-05
1484             4.25379654e-02 2.81676745e-03 -1.45983668e-03 4.23726809e-02 2.75654449e-03 -1.44571953e-03 1.65284517e-04 6.02229591e-05 -1.41171465e-05
1485             4.25280170e-02 2.81220492e-03 -1.45809981e-03 4.23627225e-02 2.75196309e-03 -1.44398083e-03 1.65294526e-04 6.02418332e-05 -1.41189808e-05
1486             4.25168660e-02 2.80745734e-03 -1.45626745e-03 4.23515866e-02 2.74720838e-03 -1.44215481e-03 1.65279384e-04 6.02489605e-05 -1.41126408e-05
1487             4.25062655e-02 2.80320028e-03 -1.45458857e-03 4.23409750e-02 2.74293446e-03 -1.44047670e-03 1.65290443e-04 6.02658263e-05 -1.41118747e-05
1488             4.24950535e-02 2.79940730e-03 -1.45304235e-03 4.23297771e-02 2.73913586e-03 -1.43893853e-03 1.65276420e-04 6.02714412e-05 -1.41038189e-05
1489             4.24854300e-02 2.79637470e-03 -1.45183238e-03 4.23201416e-02 2.73608715e-03 -1.43772995e-03 1.65288461e-04 6.02875500e-05 -1.41024321e-05
1490             4.24789204e-02 2.79469749e-03 -1.45107647e-03 4.23136438e-02 2.73440373e-03 -1.43698175e-03 1.65276630e-04 6.02937629e-05 -1.40947148e-05
1491             4.24786492e-02 2.79421076e-03 -1.45075902e-03 4.23133559e-02 2.73389973e-03 -1.43666436e-03 1.65293355e-04 6.03110297e-05 -1.40946637e-05
1492             4.24850833e-02 2.79434822e-03 -1.45064732e-03 4.23197953e-02 2.73403125e-03 -1.43655823e-03 1.65287991e-04 6.03169738e-05 -1.40890907e-05
1493             4.24946789e-02 2.79467350e-03 -1.45065462e-03 4.23293678e-02 2.73434249e-03 -1.43656327e-03 1.65311027e-04 6.03310072e-05 -1.40913485e-05
1494             4.25039054e-02 2.79469075e-03 -1.45052876e-03 4.23385955e-02 2.73436023e-03 -1.43644129e-03 1.65309920e-04 6.03305233e-05 -1.40874732e-05
1495             4.25134890e-02 2.79451046e-03 -1.45039674e-03 4.23481548e-02 2.73417438e-03 -1.43630615e-03 1.65334191e-04 6.03360751e-05 -1.40905882e-05
1496             4.25252912e-02 2.79440673e-03 -1.45028179e-03 4.23599600e-02 2.73407938e-03 -1.43619456e-03 1.65331170e-04 6.03273534e-05 -1.40872253e-05
1497             4.25381820e-02 2.79488747e-03 -1.45041364e-03 4.23728308e-02 2.73456080e-03 -1.43632247e-03 1.65351245e-04 6.03266717e-05 -1.40911655e-05
1498             4.25520836e-02 2.79619324e-03 -1.45082843e-03 4.23867406e-02 2.73587885e-03 -1.43673929e-03 1.65343072e-04 6.03143864e-05 -1.40891413e-05
1499             4.25663948e-02 2.79825633e-03 -1.45153838e-03 4.24010365e-02 2.73794332e-03 -1.43744347e-03 1.65358292e-04 6.03130109e-05 -1.40949036e-05
1500             4.25824136e-02 2.80115446e-03 -1.45257645e-03 4.24170676e-02 2.74085203e-03 -1.43848137e-03 1.65345965e-04 6.03024233e-05 -1.40950814e-05
1501             4.26007132e-02 2.80554878e-03 -1.45422411e-03 4.24353555e-02 2.74524387e-03 -1.44012064e-03 1.65357620e-04 6.03049113e-05 -1.41034644e-05
1502             4.26215563e-02 2.81105707e-03 -1.45626705e-03 4.24562142e-02 2.75075709e-03 -1.44216033e-03 1.65342113e-04 6.02999715e-05 -1.41067158e-05
1503             4.26412100e-02 2.81687346e-03 -1.45845820e-03 4.24758592e-02 2.75656529e-03 -1.44433998e-03 1.65350766e-04 6.03081756e-05 -1.41182169e-05
1504             4.26556497e-02 2.82184213e-03 -1.46036908e-03 4.24903177e-02 2.76153478e-03 -1.44624523e-03 1.65332009e-04 6.03073494e-05 -1.41238472e-05
1505             4.26637584e-02 2.82517530e-03 -1.46178660e-03 4.24984216e-02 2.76485802e-03 -1.44765049e-03 1.65336846e-04 6.03172847e-05 -1.41361088e-05
1506             4.26671001e-02 2.82667230e-03 -1.46258732e-03 4.25017857e-02 2.76635564e-03 -1.44844694e-03 1.65314388e-04 6.03166559e-05 -1.41403823e-05
1507             4.26691942e-02 2.82685121e-03 -1.46290501e-03 4.25038775e-02 2.76652509e-03 -1.44875553e-03 1.65316686e-04 6.03261218e-05 -1.41494792e-05
1508             4.26697372e-02 2.82609649e-03 -1.46273380e-03 4.25044436e-02 2.76577171e-03 -1.44858383e-03 1.65293535e-04 6.03247891e-05 -1.41499707e-05
1509             4.26679623e-02 2.82483119e-03 -1.46233458e-03 4.25026660e-02 2.76449842e-03 -1.44817893e-03 1.65296252e-04 6.03327767e-05 -1.41556517e-05
1510             4.26654947e-02 2.82355275e-03 -1.46194239e-03 4.25002200e-02 2.76322081e-03 -1.44778875e-03 1.65274780e-04 6.03319402e-05 -1.41536399e-05
1511             4.26631147e-02 2.82258295e-03 -1.46170341e-03 4.24978345e-02 2.76223823e-03 -1.44754552e-03 1.65280194e-04 6.03447244e-05 -1.41578906e-05
1512             4.26630726e-02 2.82133770e-03 -1.46127534e-03 4.24978102e-02 2.76098409e-03 -1.44711964e-03 1.65262357e-04 6.03536099e-05 -1.41557003e-05
1513             4.26621199e-02 2.81900479e-03 -1.46042509e-03 4.24968491e-02 2.75862944e-03 -1.44626501e-03 1.65270775e-04 6.03753539e-05 -1.41600811e-05
1514             4.26571717e-02 2.81533911e-03 -1.45905652e-03 4.24919160e-02 2.75494968e-03 -1.44489943e-03 1.65255734e-04 6.03894300e-05 -1.41570904e-05
1515             4.26484588e-02 2.81075372e-03 -1.45733137e-03 4.24831920e-02 2.75034254e-03 -1.44317227e-03 1.65266758e-04 6.04111805e-05 -1.41590995e-05
1516             4.26387004e-02 2.80594015e-03 -1.45547896e-03 4.24734458e-02 2.74551801e-03 -1.44132599e-03 1.65254629e-04 6.04221375e-05 -1.41529713e-05
1517             4.26300215e-02 2.80161068e-03 -1.45380138e-03 4.24647529e-02 2.74117070e-03 -1.43964920e-03 1.65268588e-04 6.04399743e-05 -1.41521779e-05
1518             4.26230972e-02 2.79780146e-03 -1.45228084e-03 4.24578378e-02 2.73735306e-03 -1.43813672e-03 1.65259427e-04 6.04484003e-05 -1.41441198e-05
1519             4.26191573e-02 2.79471259e-03 -1.45104315e-03 4.24538814e-02 2.73424781e-03 -1.43690083e-03 1.65275889e-04 6.04647866e-05 -1.41423171e-05
1520             4.26192285e-02 2.79301383e-03 -1.45024823e-03 4.24539600e-02 2.73254195e-03 -1.43611391e-03 1.65268487e-04 6.04718821e-05 -1.41343221e-05
1521             4.26226730e-02 2.79255878e-03 -1.44995751e-03 4.24573869e-02 2.73207289e-03 -1.43582373e-03 1.65286056e-04 6.04858932e-05 -1.41337712e-05
1522             4.26304363e-02 2.79274829e-03 -1.44988979e-03 4.24651563e-02 2.73225826e-03 -1.43576202e-03 1.65279989e-04 6.04900335e-05 -1.41277665e-05
1523             4.26413214e-02 2.79320210e-03 -1.44994513e-03 4.24760218e-02 2.73270219e-03 -1.43581594e-03 1.65299661e-04 6.04999101e-05 -1.41291877e-05
1524             4.26538085e-02 2.79340195e-03 -1.44989675e-03 4.24885126e-02 2.73290357e-03 -1.43577195e-03 1.65295921e-04 6.04983810e-05 -1.41248014e-05
1525             4.26675468e-02 2.79340265e-03 -1.44981815e-03 4.25022301e-02 2.73290187e-03 -1.43569076e-03 1.65316763e-04 6.05007790e-05 -1.41273814e-05
1526             4.26792021e-02 2.79345557e-03 -1.44975419e-03 4.25138898e-02 2.73296347e-03 -1.43563036e-03 1.65312302e-04 6.04921001e-05 -1.41238344e-05
1527             4.26901674e-02 2.79399197e-03 -1.44993375e-03 4.25248371e-02 2.73350256e-03 -1.43580642e-03 1.65330241e-04 6.04894123e-05 -1.41273321e-05
1528             4.27053062e-02 2.79534171e-03 -1.45037222e-03 4.25399843e-02 2.73486237e-03 -1.43624686e-03 1.65321831e-04 6.04793353e-05 -1.41253565e-05
1529             4.27244730e-02 2.79747813e-03 -1.45108587e-03 4.25591366e-02 2.73700093e-03 -1.43695474e-03 1.65336315e-04 6.04771914e-05 -1.41311370e-05
1530             4.27455635e-02 2.80040999e-03 -1.45211069e-03 4.25802375e-02 2.73994178e-03 -1.43797899e-03 1.65325968e-04 6.04682094e-05 -1.41316988e-05
1531             4.27676729e-02 2.80475462e-03 -1.45376586e-03 4.26023333e-02 2.74428669e-03 -1.43962583e-03 1.65339527e-04 6.04679357e-05 -1.41400323e-05
1532             4.27892469e-02 2.81025163e-03 -1.45589581e-03 4.26239191e-02 2.74978810e-03 -1.44175229e-03 1.65327770e-04 6.04635311e-05 -1.41435145e-05
1533             4.28090284e-02 2.81614438e-03 -1.45822615e-03 4.26436904e-02 2.75567444e-03 -1.44407115e-03 1.65338010e-04 6.04699334e-05 -1.41549940e-05
1534             4.28270970e-02 2.82131874e-03 -1.46028648e-03 4.26617755e-02 2.76084706e-03 -1.44612560e-03 1.65321409e-04 6.04716818e-05 -1.41608774e-05
1535             4.28413423e-02 2.82492452e-03 -1.46178738e-03 4.26760156e-02 2.76444387e-03 -1.44761441e-03 1.65326696e-04 6.04806517e-05 -1.41729657e-05
1536             4.28496251e-02 2.82669811e-03 -1.46262962e-03 4.26843192e-02 2.76621732e-03 -1.44845221e-03 1.65305888e-04 6.04807923e-05 -1.41774016e-05
1537             4.28525829e-02 2.82712404e-03 -1.46300951e-03 4.26872753e-02 2.76663780e-03 -1.44882304e-03 1.65307596e-04 6.04862433e-05 -1.41864720e-05
1538             4.28535806e-02 2.82656540e-03 -1.46295018e-03 4.26882970e-02 2.76608196e-03 -1.44876310e-03 1.65283624e-04 6.04834440e-05 -1.41870760e-05
1539             4.28540161e-02 2.82538259e-03 -1.46262444e-03 4.26887330e-02 2.76489564e-03 -1.44843217e-03 1.65283090e-04 6.04869526e-05 -1.41922686e-05
1540             4.28549214e-02 2.82404126e-03 -1.46216938e-03 4.26896631e-02 2.76355790e-03 -1.44797961e-03 1.65258372e-04 6.04833597e-05 -1.41897702e-05
1541             4.28558016e-02 2.82294465e-03 -1.46183763e-03 4.26905438e-02 2.76245599e-03 -1.44764443e-03 1.65257844e-04 6.04886639e-05 -1.41932015e-05
1542             4.28552108e-02 2.82160035e-03 -1.46143951e-03 4.26899770e-02 2.76110955e-03 -1.44724941e-03 1.65233847e-04 6.04907979e-05 -1.41900976e-05
1543             4.28524088e-02 2.81929358e-03 -1.46066621e-03 4.26871737e-02 2.75878932e-03 -1.44647310e-03 1.65235099e-04 6.05042609e-05 -1.41931067e-05
1544             4.28459778e-02 2.81571455e-03 -1.45928667e-03 4.26807645e-02 2.75520192e-03 -1.44509780e-03 1.65213340e-04 6.05126306e-05 -1.41888679e-05
1545             4.28387781e-02 2.81120131e-03 -1.45754495e-03 4.26735612e-02 2.75067472e-03 -1.44335536e-03 1.65216954e-04 6.05265925e-05 -1.41895888e-05
1546             4.28324937e-02 2.80640755e-03 -1.45569616e-03 4.26672954e-02 2.74587607e-03 -1.44151399e-03 1.65198294e-04 6.05314878e-05 -1.41821696e-05
1547             4.28269120e-02 2.80202349e-03 -1.45405429e-03 4.26617063e-02 2.74148171e-03 -1.43987461e-03 1.65205765e-04 6.05417777e-05 -1.41796745e-05
1548             4.28225296e-02 2.79821814e-03 -1.45256461e-03 4.26573387e-02 2.73767261e-03 -1.43839453e-03 1.65190816e-04 6.05455322e-05 -1.41700877e-05
1549             4.28180581e-02 2.79510276e-03 -1.45127122e-03 4.26528575e-02 2.73454689e-03 -1.43710442e-03 1.65200583e-04 6.05558776e-05 -1.41667986e-05
1550             4.28169473e-02 2.79330821e-03 -1.45035709e-03 4.26517598e-02 2.73274954e-03 -1.43619963e-03 1.65187508e-04 6.05586744e-05 -1.41574523e-05
1551             4.28218509e-02 2.79275605e-03 -1.44998590e-03 4.26566501e-02 2.73218997e-03 -1.43583068e-03 1.65200796e-04 6.05660793e-05 -1.41552259e-05
1552             4.28302632e-02 2.79288319e-03 -1.44993289e-03 4.26650699e-02 2.73231704e-03 -1.43578514e-03 1.65193357e-04 6.05661508e-05 -1.41477459e-05
1553             4.28413255e-02 2.79334008e-03 -1.45004406e-03 4.26761127e-02 2.73276858e-03 -1.43589627e-03 1.65212807e-04 6.05714979e-05 -1.41477901e-05
1554             4.28545530e-02 2.79363595e-03 -1.45003398e-03 4.26893429e-02 2.73306770e-03 -1.43589171e-03 1.65210117e-04 6.05682469e-05 -1.41422693e-05
1555             4.28691847e-02 2.79371248e-03 -1.44998081e-03 4.27039533e-02 2.73314529e-03 -1.43583726e-03 1.65231357e-04 6.05671868e-05 -1.41435469e-05
1556             4.28841567e-02 2.79383944e-03 -1.44995176e-03 4.27189302e-02 2.73328312e-03 -1.43581290e-03 1.65226488e-04 6.05563225e-05 -1.41388579e-05
1557             4.28975900e-02 2.79440448e-03 -1.45014275e-03 4.27323479e-02 2.73385510e-03 -1.43600154e-03 1.65242032e-04 6.05493868e-05 -1.41412096e-05
1558             4.29105345e-02 2.79582482e-03 -1.45059344e-03 4.27453047e-02 2.73528873e-03 -1.43645532e-03 1.65229770e-04 6.05360934e-05 -1.41381145e-05
1559             4.29251842e-02 2.79806218e-03 -1.45131981e-03 4.27599454e-02 2.73753283e-03 -1.43717721e-03 1.65238800e-04 6.05293489e-05 -1.41425981e-05
1560             4.29454260e-02 2.80107776e-03 -1.45230924e-03 4.27802036e-02 2.74056068e-03 -1.43816722e-03 1.65222373e-04 6.05170854e-05 -1.41420219e-05
1561             4.29686733e-02 2.80536411e-03 -1.45386597e-03 4.28034439e-02 2.74485215e-03 -1.43971673e-03 1.65229331e-04 6.05119636e-05 -1.41492410e-05
1562             4.29901554e-02 2.81078050e-03 -1.45589582e-03 4.28249447e-02 2.75027760e-03 -1.44174432e-03 1.65210691e-04 6.05029000e-05 -1.41514997e-05
1563             4.30076488e-02 2.81660592e-03 -1.45815052e-03 4.28424349e-02 2.75610270e-03 -1.44398901e-03 1.65213939e-04 6.05032174e-05 -1.41615123e-05
1564             4.30231065e-02 2.82182644e-03 -1.46018453e-03 4.28579162e-02 2.76132701e-03 -1.44601855e-03 1.65190283e-04 6.04994265e-05 -1.41659774e-05
1565             4.30350631e-02 2.82554354e-03 -1.46171416e-03 4.28698741e-02 2.76504069e-03 -1.44753730e-03 1.65189019e-04 6.05028504e-05 -1.41768639e-05
1566             4.30426983e-02 2.82739018e-03 -1.46252041e-03 4.28775360e-02 2.76689222e-03 -1.44834033e-03 1.65162366e-04 6.04979634e-05 -1.41800864e-05
1567             4.30471364e-02 2.82779935e-03 -1.46285121e-03 4.28819763e-02 2.76730210e-03 -1.44866344e-03 1.65160127e-04 6.04972547e-05 -1.41877707e-05
1568             4.30491715e-02 2.82717684e-03 -1.46278949e-03 4.28840382e-02 2.76668903e-03 -1.44860254e-03 1.65133264e-04 6.04878114e-05 -1.41869496e-05
1569             4.30471893e-02 2.82584824e-03 -1.46248079e-03 4.28820588e-02 2.76536258e-03 -1.44828987e-03 1.65130490e-04 6.04856630e-05 -1.41909240e-05
1570             4.30453322e-02 2.82429142e-03 -1.46196459e-03 4.28802297e-02 2.76381365e-03 -1.44777754e-03 1.65102546e-04 6.04777736e-05 -1.41870573e-05
1571             4.30444331e-02 2.82300465e-03 -1.46154590e-03 4.28793335e-02 2.76252472e-03 -1.44735696e-03 1.65099613e-04 6.04799332e-05 -1.41889374e-05
1572             4.30423580e-02 2.82163157e-03 -1.46109819e-03 4.28772853e-02 2.76115317e-03 -1.44691399e-03 1.65072706e-04 6.04784025e-05 -1.41841960e-05
1573             4.30357319e-02 2.81944440e-03 -1.46039212e-03 4.28706606e-02 2.75895547e-03 -1.44620616e-03 1.65071349e-04 6.04889329e-05 -1.41859635e-05
1574             4.30252860e-02 2.81600681e-03 -1.45910665e-03 4.28602404e-02 2.75551281e-03 -1.44492620e-03 1.65045589e-04 6.04939985e-05 -1.41804433e-05
1575             4.30137259e-02 2.81159045e-03 -1.45741771e-03 4.28486802e-02 2.75108424e-03 -1.44323774e-03 1.65045727e-04 6.05062045e-05 -1.41799736e-05
1576             4.30023272e-02 2.80686580e-03 -1.45556331e-03 4.28373051e-02 2.74635805e-03 -1.44139206e-03 1.65022192e-04 6.05077446e-05 -1.41712475e-05
1577             4.29899533e-02 2.80252130e-03 -1.45391066e-03 4.28249281e-02 2.74200587e-03 -1.43974285e-03 1.65025139e-04 6.05154378e-05 -1.41678068e-05
1578             4.29760883e-02 2.79875070e-03 -1.45245041e-03 4.28110840e-02 2.73823620e-03 -1.43829343e-03 1.65004244e-04 6.05145019e-05 -1.41569752e-05
1579             4.29625305e-02 2.79561413e-03 -1.45115255e-03 4.27975205e-02 2.73509214e-03 -1.43700009e-03 1.65010096e-04 6.05219857e-05 -1.41524598e-05
1580             4.29539526e-02 2.79373587e-03 -1.45027062e-03 4.27889594e-02 2.73321553e-03 -1.43612902e-03 1.64993194e-04 6.05203374e-05 -1.41415994e-05
1581             4.29510306e-02 2.79311640e-03 -1.44990536e-03 4.27860257e-02 2.73258998e-03 -1.43576708e-03 1.65004871e-04 6.05264199e-05 -1.41382742e-05
1582             4.29526654e-02 2.79323706e-03 -1.44981894e-03 4.27876707e-02 2.73271410e-03 -1.43568955e-03 1.64994718e-04 6.05229537e-05 -1.41293950e-05
1583             4.29572607e-02 2.79371158e-03 -1.44991560e-03 4.27922477e-02 2.73318517e-03 -1.43578743e-03 1.65012984e-04 6.05264048e-05 -1.41281670e-05
1584             4.29633730e-02 2.79405468e-03 -1.44997377e-03 4.27983654e-02 2.73353633e-03 -1.43585276e-03 1.65007527e-04 6.05183431e-05 -1.41210161e-05
1585             4.29699794e-02 2.79419410e-03 -1.44994746e-03 4.28049515e-02 2.73367862e-03 -1.43582640e-03 1.65027914e-04 6.05154871e-05 -1.41210570e-05
1586             4.29752127e-02 2.79436723e-03 -1.44986679e-03 4.28101911e-02 2.73386740e-03 -1.43575208e-03 1.65021651e-04 6.04998259e-05 -1.41147055e-05
1587             4.29802335e-02 2.79491429e-03 -1.44994531e-03 4.28151945e-02 2.73442436e-03 -1.43582981e-03 1.65039021e-04 6.04899375e-05 -1.41155019e-05
1588             4.29872745e-02 2.79634449e-03 -1.45037031e-03 4.28222460e-02 2.73587438e-03 -1.43625984e-03 1.65028501e-04 6.04701052e-05 -1.41104708e-05
1589             4.29968663e-02 2.79864996e-03 -1.45114119e-03 4.28318243e-02 2.73818997e-03 -1.43702769e-03 1.65041993e-04 6.04599867e-05 -1.41134927e-05
1590             4.30091428e-02 2.80170134e-03 -1.45217561e-03 4.28441140e-02 2.74125933e-03 -1.43806445e-03 1.65028753e-04 6.04420079e-05 -1.41111682e-05
1591             4.30234385e-02 2.80596738e-03 -1.45372225e-03 4.28583976e-02 2.74553310e-03 -1.43960530e-03 1.65040886e-04 6.04342845e-05 -1.41169505e-05
1592             4.30375866e-02 2.81147970e-03 -1.45575609e-03 4.28725605e-02 2.75106030e-03 -1.44163855e-03 1.65026119e-04 6.04193942e-05 -1.41175438e-05
1593             4.30489905e-02 2.81749099e-03 -1.45802693e-03 4.28839551e-02 2.75707488e-03 -1.44390050e-03 1.65035380e-04 6.04161103e-05 -1.41264352e-05
1594             4.30568409e-02 2.82295030e-03 -1.46013840e-03 4.28918244e-02 2.76254497e-03 -1.44600892e-03 1.65016440e-04 6.04053306e-05 -1.41294750e-05
1595             4.30615156e-02 2.82692162e-03 -1.46174270e-03 4.28964937e-02 2.76651731e-03 -1.44760353e-03 1.65021880e-04 6.04043094e-05 -1.41391757e-05
1596             4.30633670e-02 2.82900549e-03 -1.46262075e-03 4.28983669e-02 2.76861329e-03 -1.44847978e-03 1.65000092e-04 6.03922068e-05 -1.41409770e-05
1597             4.30620677e-02 2.82958097e-03 -1.46299813e-03 4.28970642e-02 2.76919393e-03 -1.44885041e-03 1.65003516e-04 6.03870344e-05 -1.41477194e-05
1598             4.30551080e-02 2.82903275e-03 -1.46292722e-03 4.28901283e-02 2.76866213e-03 -1.44878160e-03 1.64979630e-04 6.03706186e-05 -1.41456207e-05
1599             4.30470503e-02 2.82769469e-03 -1.46262173e-03 4.28820695e-02 2.76733052e-03 -1.44847323e-03 1.64980794e-04 6.03641752e-05 -1.41485035e-05
1600             4.30392125e-02 2.82602275e-03 -1.46214785e-03 4.28742573e-02 2.76567190e-03 -1.44800438e-03 1.64955161e-04 6.03508481e-05 -1.41434723e-05
1601             4.30305719e-02 2.82458140e-03 -1.46165619e-03 4.28656157e-02 2.76423025e-03 -1.44751144e-03 1.64956251e-04 6.03511520e-05 -1.41447524e-05
1602             4.30180988e-02 2.82313754e-03 -1.46110363e-03 4.28531661e-02 2.76279238e-03 -1.44696447e-03 1.64932678e-04 6.03451614e-05 -1.41391666e-05
1603             4.30045197e-02 2.82099516e-03 -1.46030606e-03 4.28395820e-02 2.76064243e-03 -1.44616570e-03 1.64937729e-04 6.03527309e-05 -1.41403583e-05
1604             4.29915520e-02 2.81762522e-03 -1.45903913e-03 4.28266331e-02 2.75727284e-03 -1.44490473e-03 1.64918878e-04 6.03523810e-05 -1.41343974e-05
1605             4.29770163e-02 2.81326477e-03 -1.45739926e-03 4.28120877e-02 2.75290169e-03 -1.44326493e-03 1.64928662e-04 6.03630809e-05 -1.41343331e-05
1606             4.29594215e-02 2.80858348e-03 -1.45560579e-03 4.27945079e-02 2.74822076e-03 -1.44147975e-03 1.64913676e-04 6.03627222e-05 -1.41260400e-05
1607             4.29399538e-02 2.80432005e-03 -1.45394312e-03 4.27750274e-02 2.74394765e-03 -1.43981979e-03 1.64926433e-04 6.03724012e-05 -1.41233352e-05
1608             4.29200089e-02 2.80068983e-03 -1.45241070e-03 4.27550953e-02 2.74031859e-03 -1.43829752e-03 1.64913540e-04 6.03712412e-05 -1.41131788e-05
1609             4.29021483e-02 2.79757954e-03 -1.45113894e-03 4.27372202e-02 2.73719942e-03 -1.43702913e-03 1.64928139e-04 6.03801205e-05 -1.41098089e-05
1610             4.28892174e-02 2.79559947e-03 -1.45027533e-03 4.27242993e-02 2.73522108e-03 -1.43617547e-03 1.64918048e-04 6.03783903e-05 -1.40998587e-05
1611             4.28807543e-02 2.79486856e-03 -1.44989091e-03 4.27158172e-02 2.73448180e-03 -1.43579348e-03 1.64937130e-04 6.03867627e-05 -1.40974311e-05
1612             4.28768329e-02 2.79492696e-03 -1.44976857e-03 4.27119007e-02 2.73454331e-03 -1.43567938e-03 1.64932204e-04 6.03836493e-05 -1.40891880e-05
1613             4.28768268e-02 2.79534165e-03 -1.44979190e-03 4.27118709e-02 2.73495265e-03 -1.43570301e-03 1.64955937e-04 6.03889983e-05 -1.40888904e-05
1614             4.28776987e-02 2.79566987e-03 -1.44975061e-03 4.27127441e-02 2.73528905e-03 -1.43566806e-03 1.64954596e-04 6.03808207e-05 -1.40825483e-05
1615             4.28773163e-02 2.79576388e-03 -1.44966932e-03 4.27123357e-02 2.73538457e-03 -1.43558572e-03 1.64980547e-04 6.03793112e-05 -1.40836027e-05
1616             4.28779417e-02 2.79586748e-03 -1.44956846e-03 4.27129623e-02 2.73550387e-03 -1.43549022e-03 1.64979391e-04 6.03636040e-05 -1.40782464e-05
1617             4.28809903e-02 2.79629052e-03 -1.44960966e-03 4.27159867e-02 2.73593541e-03 -1.43552938e-03 1.65003602e-04 6.03551105e-05 -1.40802847e-05
1618             4.28840945e-02 2.79754355e-03 -1.44996111e-03 4.27190952e-02 2.73720927e-03 -1.43588499e-03 1.64999324e-04 6.03342830e-05 -1.40761159e-05
1619             4.28894193e-02 2.79963074e-03 -1.45073322e-03 4.27243990e-02 2.73930666e-03 -1.43665341e-03 1.65020316e-04 6.03240850e-05 -1.40798148e-05
1620             4.28972518e-02 2.80241545e-03 -1.45174916e-03 4.27322383e-02 2.74211013e-03 -1.43767126e-03 1.65013458e-04 6.03053119e-05 -1.40778990e-05
1621             4.29044960e-02 2.80635565e-03 -1.45315678e-03 4.27394634e-02 2.74605640e-03 -1.43907256e-03 1.65032656e-04 6.02992508e-05 -1.40842261e-05
1622             4.29113339e-02 2.81158146e-03 -1.45500817e-03 4.27463096e-02 2.75129650e-03 -1.44092304e-03 1.65024349e-04 6.02849610e-05 -1.40851361e-05
1623             4.29174537e-02 2.81741164e-03 -1.45717074e-03 4.27524121e-02 2.75712791e-03 -1.44307632e-03 1.65041564e-04 6.02837289e-05 -1.40944214e-05
1624             4.29196634e-02 2.82284618e-03 -1.45928307e-03 4.27546336e-02 2.76257119e-03 -1.44518499e-03 1.65029759e-04 6.02749965e-05 -1.40980845e-05
1625             4.29161331e-02 2.82689438e-03 -1.46099457e-03 4.27510907e-02 2.76661519e-03 -1.44688550e-03 1.65042398e-04 6.02791819e-05 -1.41090659e-05
1626             4.29097734e-02 2.82915446e-03 -1.46203688e-03 4.27447466e-02 2.76888065e-03 -1.44792444e-03 1.65026845e-04 6.02738114e-05 -1.41124430e-05
1627             4.29031155e-02 2.82992500e-03 -1.46251251e-03 4.27380775e-02 2.76964700e-03 -1.44839149e-03 1.65038073e-04 6.02780036e-05 -1.41210211e-05
1628             4.28947791e-02 2.82949081e-03 -1.46248364e-03 4.27297563e-02 2.76922067e-03 -1.44836280e-03 1.65022783e-04 6.02701361e-05 -1.41208395e-05
1629             4.28822735e-02 2.82814513e-03 -1.46209421e-03 4.27172400e-02 2.76787373e-03 -1.44796851e-03 1.65033479e-04 6.02714045e-05 -1.41256992e-05
1630             4.28670042e-02 2.82636431e-03 -1.46149085e-03 4.27019872e-02 2.76610239e-03 -1.44736868e-03 1.65017002e-04 6.02619152e-05 -1.41221729e-05
1631             4.28508627e-02 2.82474706e-03 -1.46094395e-03 4.26858350e-02 2.76448293e-03 -1.44681950e-03 1.65027741e-04 6.02641370e-05 -1.41244568e-05
1632             4.28351012e-02 2.82321695e-03 -1.46038095e-03 4.26700883e-02 2.76295814e-03 -1.44626131e-03 1.65012896e-04 6.02588116e-05 -1.41196382e-05
1633             4.28187758e-02 2.82109127e-03 -1.45964043e-03 4.26537496e-02 2.76082410e-03 -1.44551886e-03 1.65026215e-04 6.02671753e-05 -1.41215703e-05
1634             4.28009593e-02 2.81774620e-03 -1.45841270e-03 4.26359447e-02 2.75747879e-03 -1.44429655e-03 1.65014562e-04 6.02674123e-05 -1.41161521e-05
1635             4.27807165e-02 2.81330985e-03 -1.45676953e-03 4.26156857e-02 2.75303148e-03 -1.44265326e-03 1.65030812e-04 6.02783734e-05 -1.41162765e-05
1636             4.27573836e-02 2.80849901e-03 -1.45491385e-03 4.25923623e-02 2.74822126e-03 -1.44080571e-03 1.65021384e-04 6.02777462e-05 -1.41081400e-05
1637             4.27309560e-02 2.80406067e-03 -1.45316814e-03 4.25659171e-02 2.74377488e-03 -1.43906255e-03 1.65038910e-04 6.02857875e-05 -1.41055966e-05
1638             4.27060924e-02 2.80024807e-03 -1.45161077e-03 4.25410617e-02 2.73996582e-03 -1.43751521e-03 1.65030691e-04 6.02822480e-05 -1.40955594e-05
1639             4.26845554e-02 2.79695062e-03 -1.45022411e-03 4.25195049e-02 2.73666213e-03 -1.43613200e-03 1.65050458e-04 6.02884924e-05 -1.40921175e-05
1640             4.26670248e-02 2.79475418e-03 -1.44920923e-03 4.25019786e-02 2.73447020e-03 -1.43512698e-03 1.65046160e-04 6.02839799e-05 -1.40822467e-05
1641             4.26528751e-02 2.79389775e-03 -1.44872930e-03 4.24878040e-02 2.73360811e-03 -1.43464925e-03 1.65071100e-04 6.02896407e-05 -1.40800578e-05
1642             4.26407281e-02 2.79401277e-03 -1.44861591e-03 4.24756555e-02 2.73372800e-03 -1.43454364e-03 1.65072602e-04 6.02847715e-05 -1.40722649e-05
1643             4.26316895e-02 2.79450258e-03 -1.44871692e-03 4.24665861e-02 2.73421310e-03 -1.43464449e-03 1.65103456e-04 6.02894744e-05 -1.40724368e-05
1644             4.26262286e-02 2.79486299e-03 -1.44880234e-03 4.24611181e-02 2.73458093e-03 -1.43473556e-03 1.65110540e-04 6.02820567e-05 -1.40667744e-05
1645             4.26229846e-02 2.79489527e-03 -1.44881569e-03 4.24578391e-02 2.73461308e-03 -1.43474721e-03 1.65145538e-04 6.02821854e-05 -1.40684723e-05
1646             4.26193355e-02 2.79488757e-03 -1.44871838e-03 4.24541814e-02 2.73461928e-03 -1.43465480e-03 1.65154055e-04 6.02682912e-05 -1.40635847e-05
1647             4.26153196e-02 2.79521959e-03 -1.44870911e-03 4.24501323e-02 2.73495865e-03 -1.43464338e-03 1.65187282e-04 6.02609382e-05 -1.40657335e-05
1648             4.26130580e-02 2.79642303e-03 -1.44902324e-03 4.24478666e-02 2.73618224e-03 -1.43496142e-03 1.65191344e-04 6.02407916e-05 -1.40618154e-05
1649             4.26136828e-02 2.79846250e-03 -1.44973327e-03 4.24484638e-02 2.73823165e-03 -1.43566732e-03 1.65219004e-04 6.02308478e-05 -1.40659491e-05
1650             4.26164988e-02 2.80115618e-03 -1.45071285e-03 4.24512800e-02 2.74094452e-03 -1.43664826e-03 1.65218729e-04 6.02116605e-05 -1.40645934e-05
1651             4.26182109e-02 2.80492594e-03 -1.45209295e-03 4.24529662e-02 2.74472160e-03 -1.43802171e-03 1.65244721e-04 6.02043399e-05 -1.40712391e-05
1652             4.26187205e-02 2.81003126e-03 -1.45395585e-03 4.24534760e-02 2.74984316e-03 -1.43988341e-03 1.65244489e-04 6.01881043e-05 -1.40724459e-05
1653             4.26193494e-02 2.81580981e-03 -1.45613203e-03 4.24540792e-02 2.75562584e-03 -1.44205018e-03 1.65270177e-04 6.01839630e-05 -1.40818494e-05
1654             4.26201384e-02 2.82131385e-03 -1.45824444e-03 4.24548703e-02 2.76114280e-03 -1.44415902e-03 1.65268117e-04 6.01710499e-05 -1.40854173e-05
1655             4.26153814e-02 2.82549118e-03 -1.46001176e-03 4.24500912e-02 2.76532144e-03 -1.44591588e-03 1.65290187e-04 6.01697357e-05 -1.40958720e-05
1656             4.26061192e-02 2.82794180e-03 -1.46118602e-03 4.24408360e-02 2.76778285e-03 -1.44708730e-03 1.65283203e-04 6.01589503e-05 -1.40987230e-05
1657             4.25938625e-02 2.82888426e-03 -1.46178082e-03 4.24285624e-02 2.76872571e-03 -1.44767410e-03 1.65300027e-04 6.01585538e-05 -1.41067226e-05
1658             4.25801507e-02 2.82859567e-03 -1.46182081e-03 4.24148614e-02 2.76844893e-03 -1.44771490e-03 1.65289328e-04 6.01467461e-05 -1.41059058e-05
1659             4.25634219e-02 2.82731341e-03 -1.46144970e-03 4.23981173e-02 2.76716924e-03 -1.44733987e-03 1.65304583e-04 6.01441708e-05 -1.41098313e-05
1660             4.25446264e-02 2.82555973e-03 -1.46083353e-03 4.23793323e-02 2.76542883e-03 -1.44672802e-03 1.65294139e-04 6.01308941e-05 -1.41055114e-05
1661             4.25257709e-02 2.82398061e-03 -1.46031091e-03 4.23604606e-02 2.76385103e-03 -1.44620375e-03 1.65310256e-04 6.01295758e-05 -1.41071648e-05
1662             4.25094821e-02 2.82262347e-03 -1.45980502e-03 4.23441813e-02 2.76250203e-03 -1.44570310e-03 1.65300773e-04 6.01214493e-05 -1.41019243e-05
1663             4.24917685e-02 2.82075955e-03 -1.45911402e-03 4.23264501e-02 2.76063206e-03 -1.44501062e-03 1.65318467e-04 6.01274852e-05 -1.41033981e-05
1664             4.24711548e-02 2.81766347e-03 -1.45796508e-03 4.23058436e-02 2.75753774e-03 -1.44386727e-03 1.65311160e-04 6.01257276e-05 -1.40978089e-05
1665             4.24462451e-02 2.81335932e-03 -1.45636894e-03 4.22809144e-02 2.75322442e-03 -1.44227106e-03 1.65330632e-04 6.01348995e-05 -1.40978841e-05
1666             4.24193822e-02 2.80863709e-03 -1.45457210e-03 4.22540569e-02 2.74850467e-03 -1.44048245e-03 1.65325284e-04 6.01324178e-05 -1.40896505e-05
1667             4.23945413e-02 2.80425614e-03 -1.45297115e-03 4.22291937e-02 2.74411697e-03 -1.43888448e-03 1.65347632e-04 6.01391744e-05 -1.40866742e-05
1668             4.23743034e-02 2.80046770e-03 -1.45149676e-03 4.22089575e-02 2.74033223e-03 -1.43742054e-03 1.65345922e-04 6.01354688e-05 -1.40762134e-05
1669             4.23576128e-02 2.79715951e-03 -1.45008706e-03 4.21922412e-02 2.73701835e-03 -1.43601486e-03 1.65371538e-04 6.01411616e-05 -1.40721970e-05
1670             4.23429535e-02 2.79488293e-03 -1.44899874e-03 4.21775811e-02 2.73474847e-03 -1.43493722e-03 1.65372329e-04 6.01344623e-05 -1.40615182e-05
1671             4.23290693e-02 2.79397404e-03 -1.44848529e-03 4.21636695e-02 2.73383726e-03 -1.43442714e-03 1.65399870e-04 6.01367737e-05 -1.40581458e-05
1672             4.23187928e-02 2.79408777e-03 -1.44839756e-03 4.21533899e-02 2.73395917e-03 -1.43434823e-03 1.65402879e-04 6.01286015e-05 -1.40493244e-05
1673             4.23141439e-02 2.79461732e-03 -1.44850014e-03 4.21487101e-02 2.73448660e-03 -1.43445143e-03 1.65433819e-04 6.01307252e-05 -1.40487194e-05
1674             4.23130285e-02 2.79521686e-03 -1.44854610e-03 4.21475869e-02 2.73509612e-03 -1.43450349e-03 1.65441571e-04 6.01207418e-05 -1.40426140e-05
1675             4.23124196e-02 2.79558627e-03 -1.44852063e-03 4.21469428e-02 2.73546871e-03 -1.43447660e-03 1.65476827e-04 6.01175560e-05 -1.40440307e-05
1676             4.23113695e-02 2.79590954e-03 -1.44845235e-03 4.21458839e-02 2.73580930e-03 -1.43441300e-03 1.65485623e-04 6.01002410e-05 -1.40393522e-05
1677             4.23097499e-02 2.79645887e-03 -1.44852247e-03 4.21442327e-02 2.73636825e-03 -1.43448042e-03 1.65517245e-04 6.00906204e-05 -1.40420559e-05
1678             4.23092900e-02 2.79772509e-03 -1.44892001e-03 4.21437710e-02 2.73765493e-03 -1.43488106e-03 1.65519068e-04 6.00701650e-05 -1.40389499e-05
1679             4.23118537e-02 2.79977356e-03 -1.44966809e-03 4.21463101e-02 2.73971170e-03 -1.43562426e-03 1.65543617e-04 6.00618564e-05 -1.40438322e-05
1680             4.23165647e-02 2.80239801e-03 -1.45058785e-03 4.21510240e-02 2.74235272e-03 -1.43654444e-03 1.65540626e-04 6.00452959e-05 -1.40434073e-05
1681             4.23217503e-02 2.80580930e-03 -1.45186646e-03 4.21561877e-02 2.74576882e-03 -1.43781554e-03 1.65562665e-04 6.00404797e-05 -1.40509238e-05
1682             4.23262276e-02 2.81047185e-03 -1.45364269e-03 4.21606695e-02 2.75044484e-03 -1.43958984e-03 1.65558044e-04 6.00270044e-05 -1.40528469e-05
1683             4.23275673e-02 2.81596260e-03 -1.45575190e-03 4.21619900e-02 2.75593567e-03 -1.44168913e-03 1.65577243e-04 6.00269321e-05 -1.40627692e-05
1684             4.23285617e-02 2.82138308e-03 -1.45777715e-03 4.21629935e-02 2.76136360e-03 -1.44370988e-03 1.65568177e-04 6.00194790e-05 -1.40672712e-05
1685             4.23289932e-02 2.82561142e-03 -1.45943923e-03 4.21634106e-02 2.76558733e-03 -1.44536008e-03 1.65582552e-04 6.00240967e-05 -1.40791535e-05
1686             4.23269980e-02 2.82816856e-03 -1.46052621e-03 4.21614282e-02 2.76814960e-03 -1.44644223e-03 1.65569720e-04 6.00189581e-05 -1.40839821e-05
1687             4.23207725e-02 2.82915582e-03 -1.46111650e-03 4.21551910e-02 2.76913164e-03 -1.44702229e-03 1.65581498e-04 6.00241830e-05 -1.40942064e-05
1688             4.23108949e-02 2.82886031e-03 -1.46120101e-03 4.21453281e-02 2.76884132e-03 -1.44710492e-03 1.65566823e-04 6.00189887e-05 -1.40960894e-05
1689             4.22991670e-02 2.82751520e-03 -1.46085346e-03 4.21335903e-02 2.76749080e-03 -1.44675053e-03 1.65576671e-04 6.00243970e-05 -1.41029287e-05
1690             4.22855749e-02 2.82569814e-03 -1.46028087e-03 4.21200138e-02 2.76567794e-03 -1.44617926e-03 1.65561087e-04 6.00202011e-05 -1.41016172e-05
1691             4.22717055e-02 2.82403838e-03 -1.45978934e-03 4.21061329e-02 2.76400921e-03 -1.44568326e-03 1.65572574e-04 6.00291746e-05 -1.41060773e-05
1692             4.22596302e-02 2.82258837e-03 -1.45938611e-03 4.20940691e-02 2.76255576e-03 -1.44528227e-03 1.65561065e-04 6.00326121e-05 -1.41038376e-05
1693             4.22478018e-02 2.82070995e-03 -1.45881218e-03 4.20822247e-02 2.76065808e-03 -1.44470377e-03 1.65577156e-04 6.00518706e-05 -1.41084072e-05
1694             4.22343870e-02 2.81757744e-03 -1.45767128e-03 4.20688168e-02 2.75751346e-03 -1.44356527e-03 1.65570161e-04 6.00639821e-05 -1.41060042e-05
1695             4.22177856e-02 2.81319833e-03 -1.45601732e-03 4.20521958e-02 2.75311173e-03 -1.44190834e-03 1.65589735e-04 6.00866039e-05 -1.41089863e-05
1696             4.22006927e-02 2.80838852e-03 -1.45414710e-03 4.20351077e-02 2.74829109e-03 -1.44004309e-03 1.65585068e-04 6.00974322e-05 -1.41040048e-05
1697             4.21852193e-02 2.80394798e-03 -1.45242905e-03 4.20196134e-02 2.74383009e-03 -1.43832438e-03 1.65605820e-04 6.01178933e-05 -1.41046738e-05
1698             4.21716722e-02 2.80014316e-03 -1.45091084e-03 4.20060699e-02 2.74001463e-03 -1.43681243e-03 1.65602298e-04 6.01285376e-05 -1.40984119e-05
1699             4.21581539e-02 2.79681444e-03 -1.44956951e-03 4.19925293e-02 2.73666384e-03 -1.43547065e-03 1.65624599e-04 6.01506045e-05 -1.40988527e-05
1700             4.21463662e-02 2.79439099e-03 -1.44849755e-03 4.19807435e-02 2.73422860e-03 -1.43440443e-03 1.65622628e-04 6.01623834e-05 -1.40931116e-05
1701             4.21381867e-02 2.79323529e-03 -1.44795361e-03 4.19725399e-02 2.73305126e-03 -1.43385886e-03 1.65646753e-04 6.01840374e-05 -1.40947526e-05
1702             4.21352395e-02 2.79305956e-03 -1.44780433e-03 4.19695914e-02 2.73286475e-03 -1.43371353e-03 1.65648094e-04 6.01948040e-05 -1.40907956e-05
1703             4.21365281e-02 2.79329570e-03 -1.44784854e-03 4.19708509e-02 2.73308033e-03 -1.43375400e-03 1.65677192e-04 6.02153666e-05 -1.40945381e-05
1704             4.21446348e-02 2.79360813e-03 -1.44791900e-03 4.19789509e-02 2.73338418e-03 -1.43382637e-03 1.65683871e-04 6.02239441e-05 -1.40926307e-05
1705             4.21554757e-02 2.79365325e-03 -1.44787231e-03 4.19897593e-02 2.73341300e-03 -1.43377423e-03 1.65716418e-04 6.02402472e-05 -1.40980816e-05
1706             4.21654835e-02 2.79356640e-03 -1.44770844e-03 4.19997605e-02 2.73332468e-03 -1.43361121e-03 1.65722986e-04 6.02417202e-05 -1.40972337e-05
1707             4.21738377e-02 2.79366661e-03 -1.44764897e-03 4.20080857e-02 2.73341741e-03 -1.43354569e-03 1.65751972e-04 6.02491958e-05 -1.41032796e-05
1708             4.21819504e-02 2.79447884e-03 -1.44787149e-03 4.20161974e-02 2.73423531e-03 -1.43376818e-03 1.65753025e-04 6.02435291e-05 -1.41033117e-05
1709             4.21925943e-02 2.79613007e-03 -1.44848081e-03 4.20268179e-02 2.73588191e-03 -1.43436972e-03 1.65776354e-04 6.02481513e-05 -1.41110933e-05
1710             4.22081108e-02 2.79843837e-03 -1.44932164e-03 4.20423381e-02 2.73819503e-03 -1.43520817e-03 1.65772723e-04 6.02433432e-05 -1.41134721e-05
1711             4.22263109e-02 2.80164802e-03 -1.45047454e-03 4.20605182e-02 2.74139779e-03 -1.43635084e-03 1.65792702e-04 6.02502254e-05 -1.41237028e-05
1712             4.22433593e-02 2.80619836e-03 -1.45209301e-03 4.20775729e-02 2.74595049e-03 -1.43796437e-03 1.65786355e-04 6.02478629e-05 -1.41286339e-05
1713             4.22563682e-02 2.81164477e-03 -1.45413686e-03 4.20905650e-02 2.75138623e-03 -1.43999509e-03 1.65803125e-04 6.02585391e-05 -1.41417642e-05
1714             4.22672252e-02 2.81708766e-03 -1.45626661e-03 4.21014321e-02 2.75682533e-03 -1.44211708e-03 1.65793119e-04 6.02623222e-05 -1.41495343e-05
1715             4.22781546e-02 2.82141657e-03 -1.45810091e-03 4.21123474e-02 2.76113652e-03 -1.44393640e-03 1.65807186e-04 6.02800501e-05 -1.41645068e-05
1716             4.22881328e-02 2.82409448e-03 -1.45928832e-03 4.21223361e-02 2.76380603e-03 -1.44511598e-03 1.65796669e-04 6.02884539e-05 -1.41723408e-05
1717             4.22939471e-02 2.82510018e-03 -1.45986606e-03 4.21281353e-02 2.76479415e-03 -1.44568074e-03 1.65811853e-04 6.03060340e-05 -1.41853263e-05
1718             4.22963051e-02 2.82472454e-03 -1.45991082e-03 4.21305027e-02 2.76441377e-03 -1.44572129e-03 1.65802386e-04 6.03107695e-05 -1.41895352e-05
1719             4.22927503e-02 2.82328436e-03 -1.45950720e-03 4.21269332e-02 2.76295986e-03 -1.44530894e-03 1.65817192e-04 6.03244988e-05 -1.41982689e-05
1720             4.22887505e-02 2.82126643e-03 -1.45885631e-03 4.21229440e-02 2.76093945e-03 -1.44465758e-03 1.65806501e-04 6.03269789e-05 -1.41987302e-05
1721             4.22887685e-02 2.81940874e-03 -1.45828910e-03 4.21229473e-02 2.75906613e-03 -1.44408404e-03 1.65821183e-04 6.03426155e-05 -1.42050568e-05
1722             4.22893626e-02 2.81796396e-03 -1.45781851e-03 4.21235511e-02 2.75761203e-03 -1.44361388e-03 1.65811552e-04 6.03519382e-05 -1.42046222e-05
1723             4.22853012e-02 2.81626299e-03 -1.45723657e-03 4.21194738e-02 2.75588524e-03 -1.44302543e-03 1.65827411e-04 6.03777473e-05 -1.42111418e-05
1724             4.22764579e-02 2.81337669e-03 -1.45615969e-03 4.21106398e-02 2.75298093e-03 -1.44194881e-03 1.65818094e-04 6.03957614e-05 -1.42108738e-05
1725             4.22677668e-02 2.80925753e-03 -1.45463806e-03 4.21019324e-02 2.74883147e-03 -1.44042160e-03 1.65834485e-04 6.04260660e-05 -1.42164609e-05
1726             4.22596396e-02 2.80453633e-03 -1.45290757e-03 4.20938121e-02 2.74409255e-03 -1.43869385e-03 1.65827503e-04 6.04437846e-05 -1.42137184e-05
1727             4.22521403e-02 2.79998993e-03 -1.45128828e-03 4.20862918e-02 2.73951710e-03 -1.43707208e-03 1.65848564e-04 6.04728334e-05 -1.42162016e-05
1728             4.22463869e-02 2.79597374e-03 -1.44977822e-03 4.20805406e-02 2.73548475e-03 -1.43556745e-03 1.65846291e-04 6.04889936e-05 -1.42107694e-05
1729             4.22412564e-02 2.79239288e-03 -1.44839668e-03 4.20753857e-02 2.73187580e-03 -1.43418504e-03 1.65870701e-04 6.05170827e-05 -1.42116370e-05
1730             4.22367111e-02 2.78958745e-03 -1.44724918e-03 4.20708420e-02 2.72905706e-03 -1.43304398e-03 1.65869124e-04 6.05303884e-05 -1.42052066e-05
1731             4.22367025e-02 2.78812863e-03 -1.44658951e-03 4.20708094e-02 2.72757336e-03 -1.43238361e-03 1.65893111e-04 6.05552762e-05 -1.42058975e-05
1732             4.22440291e-02 2.78779271e-03 -1.44628957e-03 4.20781377e-02 2.72722775e-03 -1.43208912e-03 1.65891443e-04 6.05649546e-05 -1.42004543e-05
1733             4.22538326e-02 2.78802562e-03 -1.44625399e-03 4.20879163e-02 2.72743966e-03 -1.43205079e-03 1.65916330e-04 6.05859540e-05 -1.42031954e-05
1734             4.22655363e-02 2.78847395e-03 -1.44628290e-03 4.20996207e-02 2.72788350e-03 -1.43208302e-03 1.65915687e-04 6.05904552e-05 -1.41998745e-05
1735             4.22765089e-02 2.78869783e-03 -1.44626857e-03 4.21105670e-02 2.72809321e-03 -1.43206444e-03 1.65941983e-04 6.06046261e-05 -1.42041255e-05
1736             4.22874842e-02 2.78881093e-03 -1.44621066e-03 4.21215415e-02 2.72821065e-03 -1.43200909e-03 1.65942646e-04 6.06002756e-05 -1.42015651e-05
1737             4.22998966e-02 2.78913238e-03 -1.44626802e-03 4.21339269e-02 2.72852678e-03 -1.43206172e-03 1.65969698e-04 6.06055939e-05 -1.42062975e-05
1738             4.23145001e-02 2.79011277e-03 -1.44663064e-03 4.21485301e-02 2.72951793e-03 -1.43242625e-03 1.65969993e-04 6.05948445e-05 -1.42043892e-05
1739             4.23323315e-02 2.79191901e-03 -1.44736671e-03 4.21663360e-02 2.73132003e-03 -1.43315625e-03 1.65995484e-04 6.05989828e-05 -1.42104579e-05
1740             4.23520867e-02 2.79433448e-03 -1.44828199e-03 4.21860945e-02 2.73374362e-03 -1.43407139e-03 1.65992243e-04 6.05908556e-05 -1.42105986e-05
1741             4.23726904e-02 2.79755402e-03 -1.44950196e-03 4.22066774e-02 2.73695603e-03 -1.43528294e-03 1.66012973e-04 6.05979894e-05 -1.42190218e-05
1742             4.23932485e-02 2.80204894e-03 -1.45119024e-03 4.22272432e-02 2.74145752e-03 -1.43696885e-03 1.66005322e-04 6.05914235e-05 -1.42213956e-05
1743             4.24117628e-02 2.80749542e-03 -1.45331051e-03 4.22457395e-02 2.74689373e-03 -1.43907827e-03 1.66023261e-04 6.06016847e-05 -1.42322416e-05
1744             4.24311320e-02 2.81307455e-03 -1.45546601e-03 4.22651190e-02 2.75247478e-03 -1.44122885e-03 1.66012988e-04 6.05997720e-05 -1.42371587e-05
1745             4.24508552e-02 2.81771826e-03 -1.45728697e-03 4.22848271e-02 2.75710350e-03 -1.44303695e-03 1.66028062e-04 6.06147637e-05 -1.42500234e-05
1746             4.24660095e-02 2.82077715e-03 -1.45856709e-03 4.22999956e-02 2.76016373e-03 -1.44431194e-03 1.66013885e-04 6.06134138e-05 -1.42551522e-05
1747             4.24751370e-02 2.82218417e-03 -1.45928543e-03 4.23091113e-02 2.76155821e-03 -1.44501933e-03 1.66025724e-04 6.06259566e-05 -1.42660964e-05
1748             4.24801025e-02 2.82218567e-03 -1.45944897e-03 4.23140927e-02 2.76156531e-03 -1.44518120e-03 1.66009737e-04 6.06203588e-05 -1.42677647e-05
1749             4.24820102e-02 2.82110724e-03 -1.45923450e-03 4.23159891e-02 2.76047863e-03 -1.44495982e-03 1.66021063e-04 6.06286102e-05 -1.42746875e-05
1750             4.24814255e-02 2.81928810e-03 -1.45872807e-03 4.23154200e-02 2.75866700e-03 -1.44445560e-03 1.66005463e-04 6.06210973e-05 -1.42724701e-05
1751             4.24810246e-02 2.81743672e-03 -1.45826676e-03 4.23150074e-02 2.75680594e-03 -1.44399060e-03 1.66017232e-04 6.06307776e-05 -1.42761570e-05
1752             4.24769932e-02 2.81589317e-03 -1.45782811e-03 4.23109917e-02 2.75526367e-03 -1.44355598e-03 1.66001466e-04 6.06295021e-05 -1.42721364e-05
1753             4.24731411e-02 2.81414595e-03 -1.45726936e-03 4.23071299e-02 2.75349924e-03 -1.44299409e-03 1.66011149e-04 6.06467116e-05 -1.42752756e-05
1754             4.24711970e-02 2.81139973e-03 -1.45630267e-03 4.23052042e-02 2.75074771e-03 -1.44203171e-03 1.65992820e-04 6.06520221e-05 -1.42709625e-05
1755             4.24695545e-02 2.80755379e-03 -1.45487511e-03 4.23035534e-02 2.74688117e-03 -1.44060215e-03 1.66001130e-04 6.06726211e-05 -1.42729588e-05
1756             4.24662716e-02 2.80309743e-03 -1.45316404e-03 4.23002880e-02 2.74241929e-03 -1.43889745e-03 1.65983597e-04 6.06781470e-05 -1.42665940e-05
1757             4.24622391e-02 2.79877063e-03 -1.45157278e-03 4.22962452e-02 2.73807451e-03 -1.43730662e-03 1.65993950e-04 6.06961155e-05 -1.42661603e-05
1758             4.24558642e-02 2.79490325e-03 -1.45011741e-03 4.22898852e-02 2.73420366e-03 -1.43585977e-03 1.65979004e-04 6.06995855e-05 -1.42576435e-05
1759             4.24504138e-02 2.79152720e-03 -1.44881520e-03 4.22844224e-02 2.73081118e-03 -1.43455956e-03 1.65991406e-04 6.07160209e-05 -1.42556328e-05
1760             4.24491132e-02 2.78879552e-03 -1.44774405e-03 4.22831352e-02 2.72807701e-03 -1.43349764e-03 1.65978010e-04 6.07185084e-05 -1.42464094e-05
1761             4.24488730e-02 2.78733837e-03 -1.44722725e-03 4.22828812e-02 2.72660442e-03 -1.43298260e-03 1.65991871e-04 6.07339463e-05 -1.42446530e-05
1762             4.24483236e-02 2.78696779e-03 -1.44711077e-03 4.22823432e-02 2.72623080e-03 -1.43287410e-03 1.65980381e-04 6.07369906e-05 -1.42366672e-05
1763             4.24508450e-02 2.78718209e-03 -1.44720575e-03 4.22848486e-02 2.72642922e-03 -1.43296895e-03 1.65996345e-04 6.07528713e-05 -1.42367995e-05
1764             4.24597996e-02 2.78774217e-03 -1.44737793e-03 4.22938129e-02 2.72698823e-03 -1.43314710e-03 1.65986729e-04 6.07539440e-05 -1.42308289e-05
1765             4.24734138e-02 2.78828701e-03 -1.44753113e-03 4.23074092e-02 2.72752251e-03 -1.43329831e-03 1.66004544e-04 6.07644997e-05 -1.42328188e-05
1766             4.24893180e-02 2.78881889e-03 -1.44763832e-03 4.23233218e-02 2.72805993e-03 -1.43340987e-03 1.65996232e-04 6.07589563e-05 -1.42284545e-05
1767             4.25030411e-02 2.78958417e-03 -1.44781497e-03 4.23370287e-02 2.72882183e-03 -1.43358333e-03 1.66012331e-04 6.07623364e-05 -1.42316390e-05
1768             4.25165737e-02 2.79094090e-03 -1.44819325e-03 4.23505750e-02 2.73019010e-03 -1.43396465e-03 1.65998689e-04 6.07507949e-05 -1.42286064e-05
1769             4.25296118e-02 2.79304187e-03 -1.44891976e-03 4.23636045e-02 2.73229166e-03 -1.43468630e-03 1.66007267e-04 6.07502031e-05 -1.42334608e-05
1770             4.25438134e-02 2.79566664e-03 -1.44987027e-03 4.23778263e-02 2.73492932e-03 -1.43563786e-03 1.65987181e-04 6.07373164e-05 -1.42324130e-05
1771             4.25556595e-02 2.79894830e-03 -1.45114946e-03 4.23896671e-02 2.73821122e-03 -1.43691031e-03 1.65992396e-04 6.07370763e-05 -1.42391580e-05
1772             4.25654491e-02 2.80337656e-03 -1.45290175e-03 4.23994784e-02 2.74265070e-03 -1.43866178e-03 1.65970619e-04 6.07258631e-05 -1.42399735e-05
1773             4.25759226e-02 2.80878945e-03 -1.45508059e-03 4.24099495e-02 2.74806001e-03 -1.44083174e-03 1.65973185e-04 6.07294381e-05 -1.42488542e-05
1774             4.25877390e-02 2.81440431e-03 -1.45731836e-03 4.24217925e-02 2.75368077e-03 -1.44306653e-03 1.65946456e-04 6.07235422e-05 -1.42518249e-05
1775             4.25990951e-02 2.81918175e-03 -1.45928615e-03 4.24331523e-02 2.75845001e-03 -1.44502395e-03 1.65942850e-04 6.07317364e-05 -1.42622000e-05
1776             4.26092869e-02 2.82235952e-03 -1.46060928e-03 4.24433771e-02 2.76163211e-03 -1.44634406e-03 1.65909778e-04 6.07274048e-05 -1.42652243e-05
1777             4.26139152e-02 2.82380275e-03 -1.46128002e-03 4.24480138e-02 2.76307012e-03 -1.44700627e-03 1.65901336e-04 6.07326214e-05 -1.42737507e-05
1778             4.26124299e-02 2.82381831e-03 -1.46140157e-03 4.24465649e-02 2.76309655e-03 -1.44712850e-03 1.65865003e-04 6.07217598e-05 -1.42730748e-05
1779             4.26071337e-02 2.82270134e-03 -1.46112504e-03 4.24412787e-02 2.76198077e-03 -1.44684791e-03 1.65855003e-04 6.07205717e-05 -1.42771339e-05
1780             4.26007090e-02 2.82087231e-03 -1.46049671e-03 4.24348917e-02 2.76016592e-03 -1.44622432e-03 1.65817264e-04 6.07063867e-05 -1.42723895e-05
1781             4.25916938e-02 2.81902296e-03 -1.45985895e-03 4.24258867e-02 2.75831734e-03 -1.44558528e-03 1.65807029e-04 6.07056164e-05 -1.42736776e-05
1782             4.25783923e-02 2.81758314e-03 -1.45933487e-03 4.24126214e-02 2.75688763e-03 -1.44506733e-03 1.65770965e-04 6.06955066e-05 -1.42675395e-05
1783             4.25606876e-02 2.81601800e-03 -1.45881630e-03 4.23949244e-02 2.75531556e-03 -1.44454771e-03 1.65763209e-04 6.07024349e-05 -1.42685869e-05
1784             4.25434025e-02 2.81349603e-03 -1.45797549e-03 4.23776730e-02 2.75279446e-03 -1.44371296e-03 1.65729408e-04 6.07015687e-05 -1.42625314e-05
1785             4.25283611e-02 2.80973943e-03 -1.45672675e-03 4.23626360e-02 2.74902285e-03 -1.44246376e-03 1.65725092e-04 6.07165827e-05 -1.42629825e-05
1786             4.25143108e-02 2.80540455e-03 -1.45517182e-03 4.23486138e-02 2.74468387e-03 -1.44091671e-03 1.65696964e-04 6.07206741e-05 -1.42551128e-05
1787             4.24999159e-02 2.80122269e-03 -1.45355802e-03 4.23342167e-02 2.74048573e-03 -1.43930493e-03 1.65699255e-04 6.07369610e-05 -1.42530920e-05
1788             4.24879049e-02 2.79747824e-03 -1.45202879e-03 4.23222289e-02 2.73673889e-03 -1.43778566e-03 1.65675949e-04 6.07393485e-05 -1.42431342e-05
1789             4.24743216e-02 2.79421847e-03 -1.45068777e-03 4.23086416e-02 2.73346597e-03 -1.43644783e-03 1.65679976e-04 6.07525049e-05 -1.42399387e-05
1790             4.24569715e-02 2.79152064e-03 -1.44957318e-03 4.22913160e-02 2.73076869e-03 -1.43534361e-03 1.65655552e-04 6.07519530e-05 -1.42295714e-05
1791             4.24421214e-02 2.79009643e-03 -1.44899214e-03 4.22764642e-02 2.72933340e-03 -1.43476546e-03 1.65657207e-04 6.07630276e-05 -1.42266739e-05
1792             4.24322483e-02 2.78984468e-03 -1.44883470e-03 4.22666170e-02 2.72908317e-03 -1.43461711e-03 1.65631338e-04 6.07615095e-05 -1.42175878e-05
1793             4.24267597e-02 2.79020434e-03 -1.44890337e-03 4.22611253e-02 2.72943303e-03 -1.43468659e-03 1.65634393e-04 6.07713097e-05 -1.42167818e-05
1794             4.24232235e-02 2.79080885e-03 -1.44905533e-03 4.22576116e-02 2.73004285e-03 -1.43484572e-03 1.65611918e-04 6.07660034e-05 -1.42096058e-05
1795             4.24200335e-02 2.79118126e-03 -1.44915594e-03 4.22544150e-02 2.73041266e-03 -1.43494605e-03 1.65618499e-04 6.07685944e-05 -1.42098913e-05
1796             4.24185180e-02 2.79137087e-03 -1.44916800e-03 4.22529196e-02 2.73061708e-03 -1.43496492e-03 1.65598391e-04 6.07537965e-05 -1.42030814e-05
1797             4.24160238e-02 2.79176935e-03 -1.44928059e-03 4.22504171e-02 2.73102274e-03 -1.43507702e-03 1.65606698e-04 6.07466107e-05 -1.42035652e-05
1798             4.24124761e-02 2.79280744e-03 -1.44957286e-03 4.22468885e-02 2.73208319e-03 -1.43537551e-03 1.65587568e-04 6.07242522e-05 -1.41973532e-05
1799             4.24108263e-02 2.79480291e-03 -1.45026972e-03 4.22452302e-02 2.73409030e-03 -1.43607053e-03 1.65596040e-04 6.07126112e-05 -1.41991888e-05
1800             4.24137724e-02 2.79752110e-03 -1.45119889e-03 4.22481962e-02 2.73683129e-03 -1.43700362e-03 1.65576172e-04 6.06898075e-05 -1.41952738e-05
1801             4.24180183e-02 2.80094021e-03 -1.45242075e-03 4.22524353e-02 2.74026057e-03 -1.43822084e-03 1.65583049e-04 6.06796324e-05 -1.41999069e-05
1802             4.24179887e-02 2.80544375e-03 -1.45404405e-03 4.22524277e-02 2.74478510e-03 -1.43984537e-03 1.65560966e-04 6.06586544e-05 -1.41986762e-05
1803             4.24148665e-02 2.81093373e-03 -1.45607821e-03 4.22493004e-02 2.75028343e-03 -1.44187249e-03 1.65566055e-04 6.06503031e-05 -1.42057231e-05
1804             4.24100393e-02 2.81661411e-03 -1.45822808e-03 4.22444957e-02 2.75598188e-03 -1.44402128e-03 1.65543641e-04 6.06322246e-05 -1.42067950e-05
1805             4.24067071e-02 2.82147004e-03 -1.46022604e-03 4.22411568e-02 2.76084236e-03 -1.44601042e-03 1.65550281e-04 6.06276809e-05 -1.42156203e-05
1806             4.24008224e-02 2.82474344e-03 -1.46169650e-03 4.22352920e-02 2.76412956e-03 -1.44747939e-03 1.65530485e-04 6.06138818e-05 -1.42171050e-05
1807             4.23893893e-02 2.82621457e-03 -1.46250491e-03 4.22238508e-02 2.76560332e-03 -1.44828067e-03 1.65538484e-04 6.06112568e-05 -1.42242423e-05
1808             4.23714868e-02 2.82615043e-03 -1.46271735e-03 4.22059702e-02 2.76555409e-03 -1.44849500e-03 1.65516523e-04 6.05963441e-05 -1.42223508e-05
1809             4.23468225e-02 2.82479942e-03 -1.46243037e-03 4.21813040e-02 2.76420916e-03 -1.44820509e-03 1.65518527e-04 6.05902527e-05 -1.42252782e-05
1810             4.23214210e-02 2.82261199e-03 -1.46176942e-03 4.21559310e-02 2.76203939e-03 -1.44755012e-03 1.65489967e-04 6.05726012e-05 -1.42193033e-05
1811             4.23010238e-02 2.82036924e-03 -1.46100811e-03 4.21355349e-02 2.75980326e-03 -1.44678917e-03 1.65488812e-04 6.05659728e-05 -1.42189415e-05
1812             4.22797574e-02 2.81860811e-03 -1.46031488e-03 4.21142950e-02 2.75805626e-03 -1.44610347e-03 1.65462427e-04 6.05518551e-05 -1.42114040e-05
1813             4.22547455e-02 2.81696911e-03 -1.45963337e-03 4.20892787e-02 2.75641673e-03 -1.44542217e-03 1.65466811e-04 6.05523883e-05 -1.42112053e-05
1814             4.22256123e-02 2.81461880e-03 -1.45866818e-03 4.20601659e-02 2.75407151e-03 -1.44446363e-03 1.65446391e-04 6.05472857e-05 -1.42045492e-05
1815             4.21909512e-02 2.81113080e-03 -1.45738071e-03 4.20254960e-02 2.75057496e-03 -1.44317615e-03 1.65455261e-04 6.05558442e-05 -1.42045619e-05
1816             4.21560778e-02 2.80688181e-03 -1.45582418e-03 4.19906393e-02 2.74632514e-03 -1.44162712e-03 1.65438532e-04 6.05566697e-05 -1.41970627e-05
1817             4.21224645e-02 2.80257699e-03 -1.45419649e-03 4.19570119e-02 2.74200899e-03 -1.44000111e-03 1.65452575e-04 6.05679966e-05 -1.41953780e-05
1818             4.20868054e-02 2.79858522e-03 -1.45259763e-03 4.19213625e-02 2.73801721e-03 -1.43841183e-03 1.65442934e-04 6.05680016e-05 -1.41857954e-05
1819             4.20509662e-02 2.79511460e-03 -1.45118509e-03 4.18855025e-02 2.73453846e-03 -1.43700283e-03 1.65463644e-04 6.05761391e-05 -1.41822625e-05
1820             4.20197196e-02 2.79233563e-03 -1.44994379e-03 4.18542612e-02 2.73176252e-03 -1.43577189e-03 1.65458436e-04 6.05731043e-05 -1.41719005e-05
1821             4.19934380e-02 2.79085960e-03 -1.44917146e-03 4.18279553e-02 2.73028082e-03 -1.43500259e-03 1.65482767e-04 6.05787769e-05 -1.41688735e-05
1822             4.19718925e-02 2.79052143e-03 -1.44880747e-03 4.18064103e-02 2.72994774e-03 -1.43464740e-03 1.65482152e-04 6.05736900e-05 -1.41600708e-05
1823             4.19509552e-02 2.79094803e-03 -1.44876992e-03 4.17854432e-02 2.73037108e-03 -1.43461075e-03 1.65511958e-04 6.05769515e-05 -1.41591726e-05
1824             4.19295177e-02 2.79179068e-03 -1.44891799e-03 4.17640013e-02 2.73122210e-03 -1.43476529e-03 1.65516493e-04 6.05685860e-05 -1.41527040e-05
1825             4.19095346e-02 2.79253725e-03 -1.44913552e-03 4.17439829e-02 2.73197007e-03 -1.43498170e-03 1.65551699e-04 6.05671802e-05 -1.41538276e-05
1826             4.18957497e-02 2.79306499e-03 -1.44927353e-03 4.17301869e-02 2.73251213e-03 -1.43512493e-03 1.65562769e-04 6.05528622e-05 -1.41485972e-05
1827             4.18815747e-02 2.79360828e-03 -1.44951088e-03 4.17159707e-02 2.73306387e-03 -1.43536076e-03 1.65604043e-04 6.05444110e-05 -1.41501186e-05
1828             4.18671674e-02 2.79452342e-03 -1.44982791e-03 4.17015504e-02 2.73399965e-03 -1.43568276e-03 1.65617048e-04 6.05237652e-05 -1.41451464e-05
1829             4.18539186e-02 2.79624648e-03 -1.45038793e-03 4.16882633e-02 2.73573638e-03 -1.43624063e-03 1.65655253e-04 6.05101011e-05 -1.41473050e-05
1830             4.18448800e-02 2.79872288e-03 -1.45117582e-03 4.16792173e-02 2.73823769e-03 -1.43703229e-03 1.65662667e-04 6.04851933e-05 -1.41435265e-05
1831             4.18370991e-02 2.80189439e-03 -1.45222131e-03 4.16714030e-02 2.74142639e-03 -1.43807409e-03 1.65696054e-04 6.04680046e-05 -1.41472195e-05
1832             4.18298282e-02 2.80620721e-03 -1.45359530e-03 4.16641282e-02 2.74576727e-03 -1.43945006e-03 1.65699961e-04 6.04399402e-05 -1.41452356e-05
1833             4.18194312e-02 2.81168801e-03 -1.45550000e-03 4.16537014e-02 2.75126730e-03 -1.44134890e-03 1.65729811e-04 6.04207101e-05 -1.41511042e-05
1834             4.18012902e-02 2.81745500e-03 -1.45753446e-03 4.16355616e-02 2.75706088e-03 -1.44338280e-03 1.65728565e-04 6.03941205e-05 -1.41516588e-05
1835             4.17790340e-02 2.82257948e-03 -1.45941672e-03 4.16132819e-02 2.76220064e-03 -1.44525710e-03 1.65752076e-04 6.03788415e-05 -1.41596224e-05
1836             4.17564040e-02 2.82637445e-03 -1.46085050e-03 4.15906574e-02 2.76601867e-03 -1.44668949e-03 1.65746649e-04 6.03557752e-05 -1.41610180e-05
1837             4.17328674e-02 2.82845586e-03 -1.46176292e-03 4.15670963e-02 2.76811328e-03 -1.44759476e-03 1.65771091e-04 6.03425815e-05 -1.41681598e-05
1838             4.17067007e-02 2.82893438e-03 -1.46207895e-03 4.15409299e-02 2.76861377e-03 -1.44791185e-03 1.65770860e-04 6.03206044e-05 -1.41671001e-05
1839             4.16787572e-02 2.82800444e-03 -1.46186768e-03 4.15129573e-02 2.76769679e-03 -1.44769723e-03 1.65799954e-04 6.03076481e-05 -1.41704424e-05
1840             4.16468385e-02 2.82607765e-03 -1.46124311e-03 4.14810377e-02 2.76579146e-03 -1.44707757e-03 1.65800749e-04 6.02861941e-05 -1.41655330e-05
1841             4.16106735e-02 2.82385401e-03 -1.46042253e-03 4.14448491e-02 2.76357976e-03 -1.44625707e-03 1.65824405e-04 6.02742481e-05 -1.41654578e-05
1842             4.15727364e-02 2.82194458e-03 -1.45957053e-03 4.14069187e-02 2.76168968e-03 -1.44541219e-03 1.65817785e-04 6.02549026e-05 -1.41583351e-05
1843             4.15346781e-02 2.82013316e-03 -1.45869969e-03 4.13688416e-02 2.75988780e-03 -1.44454286e-03 1.65836573e-04 6.02453553e-05 -1.41568220e-05
1844             4.14950714e-02 2.81766150e-03 -1.45762760e-03 4.13292386e-02 2.75743171e-03 -1.44347833e-03 1.65832732e-04 6.02297898e-05 -1.41492727e-05
1845             4.14532099e-02 2.81397174e-03 -1.45613585e-03 4.12873500e-02 2.75374733e-03 -1.44198877e-03 1.65859906e-04 6.02244078e-05 -1.41470831e-05
1846             4.14105990e-02 2.80943827e-03 -1.45424638e-03 4.12447301e-02 2.74922663e-03 -1.44010819e-03 1.65868847e-04 6.02116406e-05 -1.41381859e-05
1847             4.13683285e-02 2.80502652e-03 -1.45239476e-03 4.12024213e-02 2.74482059e-03 -1.43826110e-03 1.65907168e-04 6.02059258e-05 -1.41336533e-05
1848             4.13201802e-02 2.80108700e-03 -1.45074602e-03 4.11542569e-02 2.74089333e-03 -1.43662281e-03 1.65923262e-04 6.01936706e-05 -1.41232165e-05
1849             4.12699862e-02 2.79785179e-03 -1.44945239e-03 4.11040238e-02 2.73766016e-03 -1.43533404e-03 1.65962445e-04 6.01916240e-05 -1.41183566e-05
1850             4.12226918e-02 2.79517284e-03 -1.44829060e-03 4.10567132e-02 2.73498704e-03 -1.43418173e-03 1.65978574e-04 6.01857977e-05 -1.41088725e-05
1851             4.11817912e-02 2.79355228e-03 -1.44748486e-03 4.10157700e-02 2.73336389e-03 -1.43337965e-03 1.66021122e-04 6.01883917e-05 -1.41052135e-05
1852             4.11483623e-02 2.79306617e-03 -1.44711841e-03 4.09823151e-02 2.73288244e-03 -1.43302097e-03 1.66047238e-04 6.01837330e-05 -1.40974371e-05
1853             4.11160967e-02 2.79328736e-03 -1.44711053e-03 4.09499944e-02 2.73310229e-03 -1.43301463e-03 1.66102254e-04 6.01850779e-05 -1.40958993e-05
1854             4.10844129e-02 2.79375899e-03 -1.44722214e-03 4.09182735e-02 2.73358127e-03 -1.43313178e-03 1.66139374e-04 6.01777211e-05 -1.40903612e-05
1855             4.10547597e-02 2.79419036e-03 -1.44734565e-03 4.08885591e-02 2.73401697e-03 -1.43325533e-03 1.66200628e-04 6.01733892e-05 -1.40903151e-05
1856             4.10225733e-02 2.79451032e-03 -1.44731362e-03 4.08563333e-02 2.73435385e-03 -1.43322805e-03 1.66240041e-04 6.01564619e-05 -1.40855626e-05
1857             4.09894398e-02 2.79501855e-03 -1.44736601e-03 4.08231399e-02 2.73487909e-03 -1.43328028e-03 1.66299891e-04 6.01394549e-05 -1.40857297e-05
1858             4.09576443e-02 2.79589044e-03 -1.44763471e-03 4.07913073e-02 2.73577937e-03 -1.43355345e-03 1.66336992e-04 6.01110659e-05 -1.40812623e-05
1859             4.09293515e-02 2.79747111e-03 -1.44825874e-03 4.07629559e-02 2.73738351e-03 -1.43417668e-03 1.66395579e-04 6.00876000e-05 -1.40820664e-05
1860             4.09047160e-02 2.79976734e-03 -1.44907856e-03 4.07382819e-02 2.73970992e-03 -1.43499955e-03 1.66434119e-04 6.00574149e-05 -1.40790136e-05
1861             4.08842543e-02 2.80289034e-03 -1.45019304e-03 4.07177600e-02 2.74285747e-03 -1.43611153e-03 1.66494272e-04 6.00328712e-05 -1.40815093e-05
1862             4.08641542e-02 2.80704351e-03 -1.45164403e-03 4.06976198e-02 2.74704263e-03 -1.43756372e-03 1.66534396e-04 6.00008840e-05 -1.40803122e-05
1863             4.08417726e-02 2.81250891e-03 -1.45360829e-03 4.06751786e-02 2.75253393e-03 -1.43952370e-03 1.66593990e-04 5.99749764e-05 -1.40845873e-05
1864             4.08133887e-02 2.81827546e-03 -1.45568119e-03 4.06467573e-02 2.75833165e-03 -1.44159559e-03 1.66631321e-04 5.99438124e-05 -1.40855977e-05
1865             4.07823362e-02 2.82337738e-03 -1.45760765e-03 4.06156521e-02 2.76345788e-03 -1.44351606e-03 1.66684158e-04 5.99195005e-05 -1.40915894e-05
1866             4.07511030e-02 2.82697264e-03 -1.45903500e-03 4.05843877e-02 2.76708399e-03 -1.44494199e-03 1.66715335e-04 5.98886531e-05 -1.40930105e-05
1867             4.07170091e-02 2.82876095e-03 -1.45983471e-03 4.05502444e-02 2.76889932e-03 -1.44573758e-03 1.66764715e-04 5.98616319e-05 -1.40971264e-05
1868             4.06827703e-02 2.82884473e-03 -1.45997195e-03 4.05159732e-02 2.76901931e-03 -1.44587706e-03 1.66797157e-04 5.98254163e-05 -1.40948936e-05
1869             4.06478034e-02 2.82753271e-03 -1.45957337e-03 4.04809544e-02 2.76774121e-03 -1.44547939e-03 1.66848929e-04 5.97915018e-05 -1.40939801e-05
1870             4.06094473e-02 2.82535607e-03 -1.45877543e-03 4.04425642e-02 2.76560667e-03 -1.44468879e-03 1.66883184e-04 5.97494045e-05 -1.40866389e-05
1871             4.05748443e-02 2.82287014e-03 -1.45782529e-03 4.04079115e-02 2.76315810e-03 -1.44374409e-03 1.66932817e-04 5.97120394e-05 -1.40811966e-05
1872             4.05408751e-02 2.82054653e-03 -1.45693379e-03 4.03739122e-02 2.76087590e-03 -1.44286268e-03 1.66962937e-04 5.96706341e-05 -1.40711029e-05
1873             4.05073625e-02 2.81840874e-03 -1.45613448e-03 4.03403556e-02 2.75877065e-03 -1.44207005e-03 1.67006915e-04 5.96380983e-05 -1.40644300e-05
1874             4.04741815e-02 2.81575629e-03 -1.45510593e-03 4.03071482e-02 2.75615184e-03 -1.44105177e-03 1.67033315e-04 5.96044504e-05 -1.40541602e-05
1875             4.04381912e-02 2.81208193e-03 -1.45365842e-03 4.02711167e-02 2.75250381e-03 -1.43961180e-03 1.67074549e-04 5.95781187e-05 -1.40466281e-05
1876             4.03970628e-02 2.80765119e-03 -1.45182132e-03 4.02299633e-02 2.74810458e-03 -1.43778663e-03 1.67099467e-04 5.95466019e-05 -1.40346848e-05
1877             4.03540999e-02 2.80320707e-03 -1.44996816e-03 4.01869607e-02 2.74368921e-03 -1.43594343e-03 1.67139204e-04 5.95178612e-05 -1.40247252e-05
1878             4.03150583e-02 2.79913229e-03 -1.44822087e-03 4.01478915e-02 2.73964876e-03 -1.43421001e-03 1.67166844e-04 5.94835326e-05 -1.40108558e-05
1879             4.02784798e-02 2.79572761e-03 -1.44680484e-03 4.01112662e-02 2.73627261e-03 -1.43280495e-03 1.67213677e-04 5.94550070e-05 -1.39998910e-05
1880             4.02433427e-02 2.79279039e-03 -1.44558601e-03 4.00760913e-02 2.73336440e-03 -1.43159931e-03 1.67251390e-04 5.94259861e-05 -1.39867026e-05
1881             4.02103426e-02 2.79090474e-03 -1.44478687e-03 4.00430365e-02 2.73149887e-03 -1.43080920e-03 1.67306120e-04 5.94058715e-05 -1.39776641e-05
1882             4.01835021e-02 2.79021076e-03 -1.44436047e-03 4.00161525e-02 2.73082489e-03 -1.43039299e-03 1.67349601e-04 5.93858694e-05 -1.39674734e-05
1883             4.01619160e-02 2.79055688e-03 -1.44429499e-03 3.99945073e-02 2.73118335e-03 -1.43033279e-03 1.67408756e-04 5.93735288e-05 -1.39621922e-05
1884             4.01420244e-02 2.79138135e-03 -1.44441147e-03 3.99745678e-02 2.73202183e-03 -1.43045509e-03 1.67456614e-04 5.93595168e-05 -1.39563730e-05
1885             4.01217242e-02 2.79226090e-03 -1.44464254e-03 3.99542046e-02 2.73290914e-03 -1.43068699e-03 1.67519557e-04 5.93517578e-05 -1.39555523e-05
1886             4.00988269e-02 2.79282829e-03 -1.44485618e-03 3.99312567e-02 2.73348721e-03 -1.43090266e-03 1.67570267e-04 5.93410786e-05 -1.39535262e-05
1887             4.00746458e-02 2.79337819e-03 -1.44512123e-03 3.99070109e-02 2.73404259e-03 -1.43116571e-03 1.67634932e-04 5.93355963e-05 -1.39555200e-05
1888             4.00502801e-02 2.79417994e-03 -1.44538856e-03 3.98825949e-02 2.73485437e-03 -1.43143301e-03 1.67685235e-04 5.93255659e-05 -1.39555541e-05
1889             4.00288902e-02 2.79565900e-03 -1.44597482e-03 3.98611445e-02 2.73633971e-03 -1.43201541e-03 1.67745671e-04 5.93192911e-05 -1.39594072e-05
1890             4.00161885e-02 2.79770099e-03 -1.44681888e-03 3.98484010e-02 2.73839188e-03 -1.43285754e-03 1.67787508e-04 5.93091128e-05 -1.39613337e-05
1891             4.00117482e-02 2.80017966e-03 -1.44788373e-03 3.98439115e-02 2.74087491e-03 -1.43391670e-03 1.67836680e-04 5.93047532e-05 -1.39670344e-05
1892             4.00071440e-02 2.80326765e-03 -1.44906934e-03 3.98392779e-02 2.74397052e-03 -1.43509861e-03 1.67866094e-04 5.92971364e-05 -1.39707273e-05
1893             4.00031027e-02 2.80760402e-03 -1.45067413e-03 3.98352015e-02 2.74831012e-03 -1.43669606e-03 1.67901189e-04 5.92938990e-05 -1.39780735e-05
1894             3.99976422e-02 2.81268920e-03 -1.45259102e-03 3.98297255e-02 2.75340132e-03 -1.43860712e-03 1.67916677e-04 5.92878797e-05 -1.39839035e-05
1895             3.99914175e-02 2.81738543e-03 -1.45435040e-03 3.98234792e-02 2.75809779e-03 -1.44035709e-03 1.67938267e-04 5.92876344e-05 -1.39933091e-05
1896             3.99822279e-02 2.82054522e-03 -1.45556803e-03 3.98142862e-02 2.76126260e-03 -1.44156781e-03 1.67941729e-04 5.92826235e-05 -1.40002168e-05
1897             3.99712184e-02 2.82206721e-03 -1.45627909e-03 3.98032670e-02 2.76278826e-03 -1.44227063e-03 1.67951361e-04 5.92789485e-05 -1.40084602e-05
1898             3.99547171e-02 2.82195803e-03 -1.45640625e-03 3.97867720e-02 2.76268889e-03 -1.44239383e-03 1.67945080e-04 5.92691405e-05 -1.40124284e-05
1899             3.99382781e-02 2.82059780e-03 -1.45608753e-03 3.97703303e-02 2.76133641e-03 -1.44207098e-03 1.67947799e-04 5.92613896e-05 -1.40165476e-05
1900             3.99227514e-02 2.81831573e-03 -1.45539319e-03 3.97548126e-02 2.75906584e-03 -1.44137665e-03 1.67938766e-04 5.92498890e-05 -1.40165435e-05
1901             3.99067488e-02 2.81571653e-03 -1.45454054e-03 3.97388075e-02 2.75647275e-03 -1.44052303e-03 1.67941263e-04 5.92437813e-05 -1.40175071e-05
1902             3.98938872e-02 2.81342549e-03 -1.45372286e-03 3.97259522e-02 2.75418743e-03 -1.43970698e-03 1.67934937e-04 5.92380654e-05 -1.40158799e-05
1903             3.98805550e-02 2.81154900e-03 -1.45302498e-03 3.97126138e-02 2.75230783e-03 -1.43900830e-03 1.67941183e-04 5.92411666e-05 -1.40166802e-05
1904             3.98641015e-02 2.80934577e-03 -1.45219558e-03 3.96961623e-02 2.75009846e-03 -1.43817930e-03 1.67939247e-04 5.92473104e-05 -1.40162823e-05
1905             3.98467694e-02 2.80610048e-03 -1.45105866e-03 3.96788190e-02 2.74683753e-03 -1.43704007e-03 1.67950445e-04 5.92629502e-05 -1.40185892e-05
1906             3.98282792e-02 2.80191189e-03 -1.44958365e-03 3.96603232e-02 2.74263153e-03 -1.43556474e-03 1.67956008e-04 5.92803622e-05 -1.40189048e-05
1907             3.98103781e-02 2.79746326e-03 -1.44805112e-03 3.96424017e-02 2.73815891e-03 -1.43403038e-03 1.67976413e-04 5.93043562e-05 -1.40207363e-05
1908             3.97926902e-02 2.79317108e-03 -1.44648410e-03 3.96246994e-02 2.73384402e-03 -1.43246394e-03 1.67990816e-04 5.93270601e-05 -1.40201565e-05
1909             3.97803217e-02 2.78933104e-03 -1.44507167e-03 3.96123035e-02 2.72997769e-03 -1.43105032e-03 1.68018168e-04 5.93533495e-05 -1.40213543e-05
1910             3.97705221e-02 2.78582304e-03 -1.44372204e-03 3.96024858e-02 2.72644683e-03 -1.42970150e-03 1.68036318e-04 5.93762081e-05 -1.40205354e-05
1911             3.97611026e-02 2.78314443e-03 -1.44266206e-03 3.95930382e-02 2.72374186e-03 -1.42863985e-03 1.68064392e-04 5.94025739e-05 -1.40222064e-05
1912             3.97527208e-02 2.78155273e-03 -1.44198346e-03 3.95846394e-02 2.72212690e-03 -1.42796079e-03 1.68081479e-04 5.94258230e-05 -1.40226770e-05
1913             3.97470621e-02 2.78101645e-03 -1.44174754e-03 3.95789526e-02 2.72156321e-03 -1.42772065e-03 1.68109497e-04 5.94532428e-05 -1.40268929e-05
1914             3.97423268e-02 2.78101916e-03 -1.44169720e-03 3.95741985e-02 2.72154239e-03 -1.42766690e-03 1.68128258e-04 5.94767715e-05 -1.40303056e-05
1915             3.97407596e-02 2.78129369e-03 -1.44182036e-03 3.95725983e-02 2.72179052e-03 -1.42778289e-03 1.68161274e-04 5.95031650e-05 -1.40374665e-05
1916             3.97400117e-02 2.78149482e-03 -1.44188213e-03 3.95718255e-02 2.72197103e-03 -1.42783896e-03 1.68186124e-04 5.95237921e-05 -1.40431661e-05
1917             3.97422318e-02 2.78179249e-03 -1.44202349e-03 3.95740061e-02 2.72224567e-03 -1.42797106e-03 1.68225631e-04 5.95468190e-05 -1.40524323e-05
1918             3.97468695e-02 2.78235844e-03 -1.44225392e-03 3.95786153e-02 2.72279433e-03 -1.42819415e-03 1.68254207e-04 5.95641190e-05 -1.40597672e-05
1919             3.97538819e-02 2.78355797e-03 -1.44273729e-03 3.95855868e-02 2.72397173e-03 -1.42866624e-03 1.68295111e-04 5.95862419e-05 -1.40710449e-05
1920             3.97619835e-02 2.78544225e-03 -1.44345273e-03 3.95936619e-02 2.72583773e-03 -1.42937216e-03 1.68321598e-04 5.96045112e-05 -1.40805698e-05
1921             3.97718259e-02 2.78763188e-03 -1.44433007e-03 3.96034658e-02 2.72800276e-03 -1.43023562e-03 1.68360132e-04 5.96291234e-05 -1.40944502e-05
1922             3.97808651e-02 2.79027879e-03 -1.44537608e-03 3.96124801e-02 2.73062976e-03 -1.43127019e-03 1.68385002e-04 5.96490294e-05 -1.41058875e-05
1923             3.97888532e-02 2.79416313e-03 -1.44695265e-03 3.96204279e-02 2.73448737e-03 -1.43283113e-03 1.68425336e-04 5.96757662e-05 -1.41215202e-05
1924             3.98003462e-02 2.79882652e-03 -1.44884059e-03 3.96318928e-02 2.73912656e-03 -1.43470572e-03 1.68453380e-04 5.96999555e-05 -1.41348699e-05
1925             3.98060340e-02 2.80346053e-03 -1.45076532e-03 3.96375368e-02 2.74372688e-03 -1.43661245e-03 1.68497165e-04 5.97336487e-05 -1.41528743e-05
1926             3.98082188e-02 2.80700837e-03 -1.45228795e-03 3.96396933e-02 2.74724495e-03 -1.43812053e-03 1.68525422e-04 5.97634202e-05 -1.41674161e-05
1927             3.98078851e-02 2.80900946e-03 -1.45331277e-03 3.96393173e-02 2.74921008e-03 -1.43912784e-03 1.68567808e-04 5.97993833e-05 -1.41849266e-05
1928             3.98047059e-02 2.80936884e-03 -1.45372562e-03 3.96361127e-02 2.74954159e-03 -1.43952879e-03 1.68593155e-04 5.98272508e-05 -1.41968270e-05
1929             3.97968310e-02 2.80825746e-03 -1.45361143e-03 3.96281980e-02 2.74839776e-03 -1.43940072e-03 1.68633009e-04 5.98597001e-05 -1.42107073e-05
1930             3.97840896e-02 2.80585196e-03 -1.45296576e-03 3.96154367e-02 2.74596945e-03 -1.43874787e-03 1.68652836e-04 5.98825075e-05 -1.42178909e-05
1931             3.97701309e-02 2.80263438e-03 -1.45196703e-03 3.96014446e-02 2.74272505e-03 -1.43774021e-03 1.68686293e-04 5.99093308e-05 -1.42268197e-05
1932             3.97530613e-02 2.79938441e-03 -1.45091498e-03 3.95843605e-02 2.73945861e-03 -1.43668592e-03 1.68700776e-04 5.99257929e-05 -1.42290612e-05
1933             3.97317537e-02 2.79670076e-03 -1.45008177e-03 3.95630198e-02 2.73675133e-03 -1.43584709e-03 1.68733961e-04 5.99494318e-05 -1.42346740e-05
1934             3.97115001e-02 2.79405884e-03 -1.44922317e-03 3.95427475e-02 2.73409124e-03 -1.43498798e-03 1.68752580e-04 5.99676038e-05 -1.42351911e-05
1935             3.96950006e-02 2.79057257e-03 -1.44808101e-03 3.95262047e-02 2.73057488e-03 -1.43384057e-03 1.68795835e-04 5.99976886e-05 -1.42404443e-05
1936             3.96833406e-02 2.78635165e-03 -1.44662862e-03 3.95145121e-02 2.72632786e-03 -1.43238795e-03 1.68828438e-04 6.00237997e-05 -1.42406742e-05
1937             3.96679491e-02 2.78200513e-03 -1.44510756e-03 3.94990612e-02 2.72194319e-03 -1.43086169e-03 1.68887921e-04 6.00619325e-05 -1.42458713e-05
1938             3.96439643e-02 2.77798928e-03 -1.44363890e-03 3.94750307e-02 2.71789509e-03 -1.42939317e-03 1.68933615e-04 6.00941964e-05 -1.42457343e-05
1939             3.96136974e-02 2.77448333e-03 -1.44237656e-03 3.94446944e-02 2.71434568e-03 -1.42812547e-03 1.69002999e-04 6.01376579e-05 -1.42510867e-05
1940             3.95837184e-02 2.77138788e-03 -1.44125584e-03 3.94146651e-02 2.71121402e-03 -1.42700460e-03 1.69053322e-04 6.01738586e-05 -1.42512399e-05
1941             3.95567030e-02 2.76905621e-03 -1.44045047e-03 3.93875758e-02 2.70883435e-03 -1.42619247e-03 1.69127173e-04 6.02218677e-05 -1.42580023e-05
1942             3.95338208e-02 2.76797812e-03 -1.44012074e-03 3.93646391e-02 2.70771573e-03 -1.42586098e-03 1.69181663e-04 6.02623932e-05 -1.42597545e-05
1943             3.95130551e-02 2.76781209e-03 -1.44008095e-03 3.93437948e-02 2.70749719e-03 -1.42581190e-03 1.69260357e-04 6.03148956e-05 -1.42690505e-05
1944             3.94936700e-02 2.76804056e-03 -1.44016326e-03 3.93243561e-02 2.70768556e-03 -1.42589042e-03 1.69313844e-04 6.03549999e-05 -1.42728354e-05
1945             3.94692937e-02 2.76854154e-03 -1.44042561e-03 3.92999053e-02 2.70813926e-03 -1.42614183e-03 1.69388404e-04 6.04022811e-05 -1.42837871e-05
1946             3.94471339e-02 2.76898402e-03 -1.44070824e-03 3.92776942e-02 2.70854838e-03 -1.42641957e-03 1.69439686e-04 6.04356493e-05 -1.42886716e-05
1947             3.94240664e-02 2.76945434e-03 -1.44104955e-03 3.92545488e-02 2.70897918e-03 -1.42674935e-03 1.69517624e-04 6.04751610e-05 -1.43001980e-05
1948             3.93978077e-02 2.77011210e-03 -1.44139987e-03 3.92282331e-02 2.70961134e-03 -1.42709450e-03 1.69574629e-04 6.05007655e-05 -1.43053730e-05
1949             3.93758007e-02 2.77142033e-03 -1.44202859e-03 3.92061466e-02 2.71088753e-03 -1.42771134e-03 1.69654063e-04 6.05327957e-05 -1.43172567e-05
1950             3.93559417e-02 2.77343915e-03 -1.44295426e-03 3.91862365e-02 2.71288652e-03 -1.42863122e-03 1.69705148e-04 6.05526331e-05 -1.43230386e-05
1951             3.93344241e-02 2.77614229e-03 -1.44417993e-03 3.91646498e-02 2.71556124e-03 -1.42984406e-03 1.69774292e-04 6.05810511e-05 -1.43358677e-05
1952             3.93139740e-02 2.77952518e-03 -1.44564992e-03 3.91441577e-02 2.71892590e-03 -1.43130713e-03 1.69816303e-04 6.05992746e-05 -1.43427938e-05
1953             3.92971381e-02 2.78410144e-03 -1.44763531e-03 3.91272581e-02 2.72347584e-03 -1.43327860e-03 1.69880012e-04 6.06255943e-05 -1.43567050e-05
1954             3.92778545e-02 2.78957269e-03 -1.45003102e-03 3.91079337e-02 2.72892795e-03 -1.43566613e-03 1.69920807e-04 6.06447462e-05 -1.43648904e-05
1955             3.92471142e-02 2.79509072e-03 -1.45247403e-03 3.90771313e-02 2.73441810e-03 -1.43809407e-03 1.69982911e-04 6.06726166e-05 -1.43799609e-05
1956             3.92093709e-02 2.79966419e-03 -1.45453870e-03 3.90393491e-02 2.73897086e-03 -1.44015000e-03 1.70021772e-04 6.06933308e-05 -1.43886985e-05
1957             3.91737679e-02 2.80284993e-03 -1.45618772e-03 3.90036884e-02 2.74213206e-03 -1.44178496e-03 1.70079460e-04 6.07178741e-05 -1.44027590e-05
1958             3.91422473e-02 2.80429715e-03 -1.45724147e-03 3.89721340e-02 2.74356221e-03 -1.44283253e-03 1.70113267e-04 6.07349430e-05 -1.44089443e-05
1959             3.91077030e-02 2.80442594e-03 -1.45781350e-03 3.89375402e-02 2.74367386e-03 -1.44339470e-03 1.70162829e-04 6.07520820e-05 -1.44187917e-05
1960             3.90709590e-02 2.80354484e-03 -1.45787476e-03 3.89007719e-02 2.74278283e-03 -1.44345443e-03 1.70187151e-04 6.07620092e-05 -1.44203366e-05
1961             3.90337453e-02 2.80211107e-03 -1.45771619e-03 3.88635169e-02 2.74133901e-03 -1.44329035e-03 1.70228411e-04 6.07720521e-05 -1.44258445e-05
1962             3.89987491e-02 2.80068125e-03 -1.45751786e-03 3.88285009e-02 2.73990433e-03 -1.44309398e-03 1.70248227e-04 6.07769211e-05 -1.44238842e-05
1963             3.89619360e-02 2.79968384e-03 -1.45750424e-03 3.87916458e-02 2.73889647e-03 -1.44307694e-03 1.70290196e-04 6.07873734e-05 -1.44273027e-05
1964             3.89204983e-02 2.79849540e-03 -1.45738391e-03 3.87501872e-02 2.73770063e-03 -1.44295954e-03 1.70311034e-04 6.07947779e-05 -1.44243726e-05
1965             3.88651166e-02 2.79625929e-03 -1.45685618e-03 3.86947649e-02 2.73545060e-03 -1.44242908e-03 1.70351712e-04 6.08086904e-05 -1.44270979e-05
1966             3.88046314e-02 2.79308407e-03 -1.45597249e-03 3.86342661e-02 2.73227214e-03 -1.44155080e-03 1.70365292e-04 6.08119276e-05 -1.44216905e-05
1967             3.87468559e-02 2.78951664e-03 -1.45490068e-03 3.85764569e-02 2.72869933e-03 -1.44048027e-03 1.70398967e-04 6.08173063e-05 -1.44204110e-05
1968             3.87003404e-02 2.78607342e-03 -1.45384230e-03 3.85299322e-02 2.72526446e-03 -1.43943165e-03 1.70408202e-04 6.08089630e-05 -1.44106506e-05
1969             3.86579324e-02 2.78307143e-03 -1.45300000e-03 3.84874913e-02 2.72226633e-03 -1.43859404e-03 1.70441100e-04 6.08050994e-05 -1.44059617e-05
1970             3.86088556e-02 2.78052213e-03 -1.45233047e-03 3.84384049e-02 2.71973038e-03 -1.43793622e-03 1.70450717e-04 6.07917510e-05 -1.43942467e-05
1971             3.85596040e-02 2.77868429e-03 -1.45191641e-03 3.83891192e-02 2.71789811e-03 -1.43752772e-03 1.70484797e-04 6.07861826e-05 -1.43886923e-05
1972             3.85193589e-02 2.77802744e-03 -1.45190822e-03 3.83488617e-02 2.71725590e-03 -1.43753109e-03 1.70497283e-04 6.07715387e-05 -1.43771260e-05
1973             3.84837529e-02 2.77852726e-03 -1.45238252e-03 3.83132172e-02 2.71776355e-03 -1.43801001e-03 1.70535736e-04 6.07637095e-05 -1.43725047e-05
1974             3.84452584e-02 2.77972133e-03 -1.45310554e-03 3.82747081e-02 2.71897549e-03 -1.43874307e-03 1.70550320e-04 6.07458314e-05 -1.43624732e-05
1975             3.84034259e-02 2.78138680e-03 -1.45406917e-03 3.82328399e-02 2.72065314e-03 -1.43970977e-03 1.70586012e-04 6.07336543e-05 -1.43594035e-05
1976             3.83722004e-02 2.78301134e-03 -1.45491907e-03 3.82016067e-02 2.72230151e-03 -1.44056822e-03 1.70593655e-04 6.07098254e-05 -1.43508513e-05
1977             3.83459725e-02 2.78467135e-03 -1.45585390e-03 3.81753523e-02 2.72398284e-03 -1.44150525e-03 1.70620240e-04 6.06885127e-05 -1.43486468e-05
1978             3.83169754e-02 2.78649114e-03 -1.45697227e-03 3.81463590e-02 2.72583607e-03 -1.44263170e-03 1.70616418e-04 6.06550680e-05 -1.43405700e-05
1979             3.82951052e-02 2.78864651e-03 -1.45827182e-03 3.81244733e-02 2.72801852e-03 -1.44393296e-03 1.70631861e-04 6.06279890e-05 -1.43388554e-05
1980             3.82795665e-02 2.79154034e-03 -1.45971492e-03 3.81089459e-02 2.73094949e-03 -1.44538358e-03 1.70620532e-04 6.05908478e-05 -1.43313382e-05
1981             3.82664360e-02 2.79517122e-03 -1.46135919e-03 3.80958019e-02 2.73461391e-03 -1.44702917e-03 1.70634110e-04 6.05573083e-05 -1.43300160e-05
1982             3.82533904e-02 2.79941477e-03 -1.46318395e-03 3.80827684e-02 2.73890474e-03 -1.44886169e-03 1.70622030e-04 6.05100285e-05 -1.43222638e-05
1983             3.82445611e-02 2.80461512e-03 -1.46543582e-03 3.80739251e-02 2.74414968e-03 -1.45111531e-03 1.70636047e-04 6.04654418e-05 -1.43205088e-05
1984             3.82346883e-02 2.81054148e-03 -1.46796928e-03 3.80640651e-02 2.75013278e-03 -1.45365705e-03 1.70623250e-04 6.04087053e-05 -1.43122217e-05
1985             3.82174620e-02 2.81634510e-03 -1.47060573e-03 3.80468262e-02 2.75598670e-03 -1.45629534e-03 1.70635766e-04 6.03584065e-05 -1.43103937e-05
1986             3.81929799e-02 2.82144468e-03 -1.47306714e-03 3.80223623e-02 2.76114604e-03 -1.45876568e-03 1.70617616e-04 6.02986476e-05 -1.43014562e-05
1987             3.81685194e-02 2.82520597e-03 -1.47509148e-03 3.79978955e-02 2.76495908e-03 -1.46079325e-03 1.70623952e-04 6.02468854e-05 -1.42982264e-05
1988             3.81473984e-02 2.82705181e-03 -1.47632627e-03 3.79767979e-02 2.76686716e-03 -1.46203956e-03 1.70600582e-04 6.01846423e-05 -1.42867128e-05
1989             3.81124646e-02 2.82709264e-03 -1.47684113e-03 3.79418596e-02 2.76696536e-03 -1.46256133e-03 1.70605062e-04 6.01272806e-05 -1.42797984e-05
1990             3.80819545e-02 2.82576270e-03 -1.47678861e-03 3.79113718e-02 2.76570418e-03 -1.46252479e-03 1.70582702e-04 6.00585139e-05 -1.42638211e-05
1991             3.80600569e-02 2.82345427e-03 -1.47638732e-03 3.78894684e-02 2.76345709e-03 -1.46213463e-03 1.70588494e-04 5.99971733e-05 -1.42526819e-05
1992             3.80343996e-02 2.82089145e-03 -1.47586784e-03 3.78638337e-02 2.76096023e-03 -1.46163369e-03 1.70565947e-04 5.99312114e-05 -1.42341448e-05
1993             3.79970182e-02 2.81889938e-03 -1.47559845e-03 3.78264483e-02 2.75901892e-03 -1.46137565e-03 1.70569851e-04 5.98804683e-05 -1.42227998e-05
1994             3.79677622e-02 2.81714320e-03 -1.47541747e-03 3.77972152e-02 2.75731199e-03 -1.46121122e-03 1.70546989e-04 5.98312094e-05 -1.42062447e-05
1995             3.79495088e-02 2.81481381e-03 -1.47501662e-03 3.77789506e-02 2.75501046e-03 -1.46081824e-03 1.70558191e-04 5.98033500e-05 -1.41983810e-05
1996             3.79338965e-02 2.81151084e-03 -1.47415582e-03 3.77633501e-02 2.75173560e-03 -1.45997066e-03 1.70546399e-04 5.97752342e-05 -1.41851612e-05
1997             3.79076753e-02 2.80761536e-03 -1.47311397e-03 3.77371119e-02 2.74785236e-03 -1.45893445e-03 1.70563435e-04 5.97630034e-05 -1.41795212e-05
1998             3.78749448e-02 2.80377990e-03 -1.47208172e-03 3.77043998e-02 2.74403323e-03 -1.45791406e-03 1.70545033e-04 5.97466733e-05 -1.41676572e-05
1999             3.78439179e-02 2.80051314e-03 -1.47125131e-03 3.76733734e-02 2.74076766e-03 -1.45708792e-03 1.70544568e-04 5.97454759e-05 -1.41633910e-05
2000             3.78211086e-02 2.79773489e-03 -1.47056479e-03 3.76506006e-02 2.73799504e-03 -1.45641132e-03 1.70507977e-04 5.97398444e-05 -1.41534683e-05
2001             3.78048623e-02 2.79537338e-03 -1.47006113e-03 3.76343640e-02 2.73562413e-03 -1.45590930e-03 1.70498327e-04 5.97492450e-05 -1.41518292e-05
2002             3.77922381e-02 2.79368465e-03 -1.46977069e-03 3.76217747e-02 2.73393219e-03 -1.45562621e-03 1.70463426e-04 5.97524612e-05 -1.41444861e-05
2003             3.77794940e-02 2.79288546e-03 -1.46987318e-03 3.76090336e-02 2.73311793e-03 -1.45572814e-03 1.70460410e-04 5.97675343e-05 -1.41450409e-05
2004             3.77683812e-02 2.79269801e-03 -1.47017033e-03 3.75979517e-02 2.73292490e-03 -1.45603063e-03 1.70429514e-04 5.97731161e-05 -1.41396997e-05
2005             3.77694288e-02 2.79291252e-03 -1.47060500e-03 3.75990041e-02 2.73312535e-03 -1.45646285e-03 1.70424702e-04 5.97871682e-05 -1.41421486e-05
2006             3.77833478e-02 2.79284921e-03 -1.47086087e-03 3.76129589e-02 2.73306282e-03 -1.45672294e-03 1.70388845e-04 5.97863897e-05 -1.41379244e-05
2007             3.78086176e-02 2.79249392e-03 -1.47100097e-03 3.76382377e-02 2.73270592e-03 -1.45686083e-03 1.70379868e-04 5.97879975e-05 -1.41401358e-05
2008             3.78397881e-02 2.79211710e-03 -1.47111667e-03 3.76694443e-02 2.73234698e-03 -1.45698213e-03 1.70343763e-04 5.97701245e-05 -1.41345403e-05
2009             3.78661013e-02 2.79200756e-03 -1.47140857e-03 3.76957661e-02 2.73225253e-03 -1.45727355e-03 1.70335124e-04 5.97550259e-05 -1.41350135e-05
2010             3.78768978e-02 2.79283349e-03 -1.47199919e-03 3.77066019e-02 2.73310987e-03 -1.45787127e-03 1.70295880e-04 5.97236206e-05 -1.41279229e-05
2011             3.78884505e-02 2.79442302e-03 -1.47290481e-03 3.77181703e-02 2.73472066e-03 -1.45877624e-03 1.70280232e-04 5.97023524e-05 -1.41285732e-05
2012             3.79164011e-02 2.79660176e-03 -1.47401668e-03 3.77461644e-02 2.73693591e-03 -1.45989473e-03 1.70236659e-04 5.96658492e-05 -1.41219497e-05
2013             3.79588843e-02 2.79987627e-03 -1.47562287e-03 3.77886620e-02 2.74023310e-03 -1.46149906e-03 1.70222221e-04 5.96431753e-05 -1.41238095e-05
2014             3.79969948e-02 2.80418789e-03 -1.47766734e-03 3.78268121e-02 2.74457921e-03 -1.46354846e-03 1.70182679e-04 5.96086759e-05 -1.41188774e-05
2015             3.80196540e-02 2.80859384e-03 -1.47980498e-03 3.78494886e-02 2.74900050e-03 -1.46568199e-03 1.70165418e-04 5.95933438e-05 -1.41229914e-05
2016             3.80376597e-02 2.81274973e-03 -1.48182609e-03 3.78675448e-02 2.75318189e-03 -1.46770558e-03 1.70114878e-04 5.95678451e-05 -1.41205089e-05
2017             3.80738859e-02 2.81562152e-03 -1.48334489e-03 3.79038042e-02 2.75606231e-03 -1.46921922e-03 1.70081637e-04 5.95592123e-05 -1.41256731e-05
2018             3.81171134e-02 2.81657679e-03 -1.48402522e-03 3.79470896e-02 2.75703969e-03 -1.46990213e-03 1.70023812e-04 5.95371001e-05 -1.41230873e-05
2019             3.81473137e-02 2.81540128e-03 -1.48396481e-03 3.79773243e-02 2.75587594e-03 -1.46983942e-03 1.69989434e-04 5.95253380e-05 -1.41253969e-05
2020             3.81698542e-02 2.81245829e-03 -1.48323757e-03 3.79999221e-02 2.75296073e-03 -1.46911880e-03 1.69932111e-04 5.94975568e-05 -1.41187791e-05
2021             3.81953685e-02 2.80831871e-03 -1.48203358e-03 3.80254777e-02 2.74883911e-03 -1.46791751e-03 1.69890778e-04 5.94796093e-05 -1.41160722e-05
2022             3.82235345e-02 2.80384676e-03 -1.48058936e-03 3.80537121e-02 2.74439805e-03 -1.46648395e-03 1.69822405e-04 5.94487097e-05 -1.41054079e-05
2023             3.82455334e-02 2.79984396e-03 -1.47929166e-03 3.80757687e-02 2.74041280e-03 -1.46519192e-03 1.69764757e-04 5.94311587e-05 -1.40997351e-05
2024             3.82673459e-02 2.79638061e-03 -1.47814662e-03 3.80976677e-02 2.73697279e-03 -1.46405769e-03 1.69678208e-04 5.94078183e-05 -1.40889303e-05
2025             3.82865504e-02 2.79270044e-03 -1.47699807e-03 3.81169482e-02 2.73329646e-03 -1.46291314e-03 1.69602267e-04 5.94039731e-05 -1.40849322e-05
2026             3.83157219e-02 2.78848348e-03 -1.47561534e-03 3.81462147e-02 2.72908412e-03 -1.46153824e-03 1.69507185e-04 5.93993644e-05 -1.40770913e-05
2027             3.83570067e-02 2.78356178e-03 -1.47393977e-03 3.81875729e-02 2.72414829e-03 -1.45986464e-03 1.69433775e-04 5.94134954e-05 -1.40751360e-05
2028             3.84054701e-02 2.77842266e-03 -1.47211987e-03 3.82361190e-02 2.71899848e-03 -1.45805090e-03 1.69351045e-04 5.94241847e-05 -1.40689720e-05
2029             3.84501555e-02 2.77337830e-03 -1.47037668e-03 3.82808688e-02 2.71392872e-03 -1.45630878e-03 1.69286749e-04 5.94495865e-05 -1.40678999e-05
2030             3.84890845e-02 2.76881114e-03 -1.46876341e-03 3.83198791e-02 2.70934040e-03 -1.45470035e-03 1.69205416e-04 5.94707392e-05 -1.40630553e-05
2031             3.85319710e-02 2.76445951e-03 -1.46721612e-03 3.83628349e-02 2.70495458e-03 -1.45315291e-03 1.69136072e-04 5.95049264e-05 -1.40632102e-05
2032             3.85870308e-02 2.76077513e-03 -1.46585379e-03 3.84179758e-02 2.70124133e-03 -1.45179350e-03 1.69055023e-04 5.95338079e-05 -1.40602929e-05
2033             3.86464537e-02 2.75862192e-03 -1.46511003e-03 3.84774621e-02 2.69904718e-03 -1.45104713e-03 1.68991628e-04 5.95747419e-05 -1.40629000e-05
2034             3.87009134e-02 2.75745418e-03 -1.46465618e-03 3.85320016e-02 2.69784314e-03 -1.45059270e-03 1.68911828e-04 5.96110456e-05 -1.40634798e-05
2035             3.87534978e-02 2.75660291e-03 -1.46429188e-03 3.85846636e-02 2.69694733e-03 -1.45022257e-03 1.68834165e-04 5.96555719e-05 -1.40693119e-05
2036             3.87982269e-02 2.75562779e-03 -1.46387014e-03 3.86294958e-02 2.69593948e-03 -1.44979817e-03 1.68731075e-04 5.96883072e-05 -1.40719700e-05
2037             3.88554815e-02 2.75458950e-03 -1.46352399e-03 3.86868453e-02 2.69486557e-03 -1.44944560e-03 1.68636161e-04 5.97239306e-05 -1.40783967e-05
2038             3.89303026e-02 2.75380875e-03 -1.46324067e-03 3.87617716e-02 2.69406013e-03 -1.44915940e-03 1.68530943e-04 5.97486214e-05 -1.40812673e-05
2039             3.90045653e-02 2.75338657e-03 -1.46304869e-03 3.88361240e-02 2.69360787e-03 -1.44896084e-03 1.68441360e-04 5.97787025e-05 -1.40878519e-05
2040             3.90740851e-02 2.75377706e-03 -1.46302649e-03 3.89057465e-02 2.69397859e-03 -1.44893533e-03 1.68338586e-04 5.97984739e-05 -1.40911518e-05
2041             3.91434872e-02 2.75495044e-03 -1.46332923e-03 3.89752429e-02 2.69512877e-03 -1.44923130e-03 1.68244288e-04 5.98216778e-05 -1.40979322e-05
2042             3.92164208e-02 2.75677122e-03 -1.46390955e-03 3.90482851e-02 2.69693542e-03 -1.44980781e-03 1.68135715e-04 5.98358009e-05 -1.41017369e-05
2043             3.93008820e-02 2.75962128e-03 -1.46488634e-03 3.91328410e-02 2.69976505e-03 -1.45077733e-03 1.68041014e-04 5.98562219e-05 -1.41090089e-05
2044             3.93921124e-02 2.76377500e-03 -1.46627939e-03 3.92241720e-02 2.70390436e-03 -1.45216556e-03 1.67940378e-04 5.98706379e-05 -1.41138290e-05
2045             3.94795674e-02 2.76860110e-03 -1.46792535e-03 3.93117125e-02 2.70870792e-03 -1.45380274e-03 1.67854943e-04 5.98931822e-05 -1.41226095e-05
2046             3.95661079e-02 2.77306534e-03 -1.46947390e-03 3.93983489e-02 2.71315476e-03 -1.45534493e-03 1.67759090e-04 5.99105794e-05 -1.41289665e-05
2047             3.96537276e-02 2.77605630e-03 -1.47049646e-03 3.94860516e-02 2.71612243e-03 -1.45635848e-03 1.67676012e-04 5.99338758e-05 -1.41379828e-05
2048             3.97397531e-02 2.77724253e-03 -1.47087000e-03 3.95721683e-02 2.71729583e-03 -1.45672758e-03 1.67584802e-04 5.99467021e-05 -1.41424184e-05
2049             3.98233990e-02 2.77677806e-03 -1.47065765e-03 3.96558892e-02 2.71681603e-03 -1.45650982e-03 1.67509785e-04 5.99620304e-05 -1.41478336e-05
2050             3.99065375e-02 2.77526597e-03 -1.47002511e-03 3.97391105e-02 2.71529763e-03 -1.45587708e-03 1.67427059e-04 5.99683401e-05 -1.41480312e-05
2051             3.99894078e-02 2.77314021e-03 -1.46915105e-03 3.98220497e-02 2.71315684e-03 -1.45500090e-03 1.67358051e-04 5.99833666e-05 -1.41501550e-05
2052             4.00632923e-02 2.77082152e-03 -1.46810563e-03 3.98960170e-02 2.71082508e-03 -1.45395704e-03 1.67275268e-04 5.99964396e-05 -1.41485942e-05
2053             4.01228684e-02 2.76892296e-03 -1.46719285e-03 3.99556692e-02 2.70889955e-03 -1.45304203e-03 1.67199249e-04 6.00234109e-05 -1.41508197e-05
2054             4.01834427e-02 2.76745840e-03 -1.46639323e-03 4.00163392e-02 2.70740681e-03 -1.45224242e-03 1.67103547e-04 6.00515922e-05 -1.41508126e-05
2055             4.02498050e-02 2.76576757e-03 -1.46555449e-03 4.00827882e-02 2.70567320e-03 -1.45139932e-03 1.67016813e-04 6.00943708e-05 -1.41551691e-05
2056             4.03140371e-02 2.76315534e-03 -1.46433449e-03 4.01471199e-02 2.70301625e-03 -1.45017701e-03 1.66917211e-04 6.01390842e-05 -1.41574813e-05
2057             4.03745635e-02 2.75967299e-03 -1.46281283e-03 4.02077344e-02 2.69947955e-03 -1.44865030e-03 1.66829063e-04 6.01934476e-05 -1.41625303e-05
2058             4.04347132e-02 2.75575556e-03 -1.46111037e-03 4.02679857e-02 2.69551019e-03 -1.44694598e-03 1.66727553e-04 6.02453708e-05 -1.41643980e-05
2059             4.04958823e-02 2.75208713e-03 -1.45950141e-03 4.03292471e-02 2.69178634e-03 -1.44533405e-03 1.66635197e-04 6.03007852e-05 -1.41673567e-05
2060             4.05613192e-02 2.74872249e-03 -1.45793751e-03 4.03947907e-02 2.68836931e-03 -1.44376978e-03 1.66528527e-04 6.03531875e-05 -1.41677289e-05
2061             4.06300339e-02 2.74568622e-03 -1.45642550e-03 4.04636047e-02 2.68528262e-03 -1.44225697e-03 1.66429176e-04 6.04036022e-05 -1.41685314e-05
2062             4.06912787e-02 2.74356873e-03 -1.45521930e-03 4.05249626e-02 2.68312142e-03 -1.44105254e-03 1.66316179e-04 6.04473096e-05 -1.41667682e-05
2063             4.07592283e-02 2.74310239e-03 -1.45463536e-03 4.05930151e-02 2.68261287e-03 -1.44046896e-03 1.66213257e-04 6.04895177e-05 -1.41663956e-05
2064             4.08425612e-02 2.74397189e-03 -1.45447975e-03 4.06764565e-02 2.68344378e-03 -1.44031450e-03 1.66104741e-04 6.05281141e-05 -1.41652513e-05
2065             4.09306343e-02 2.74563419e-03 -1.45463686e-03 4.07646198e-02 2.68506765e-03 -1.44047005e-03 1.66014424e-04 6.05665383e-05 -1.41668172e-05
2066             4.10197826e-02 2.74742643e-03 -1.45482563e-03 4.08538621e-02 2.68682707e-03 -1.44065795e-03 1.65920566e-04 6.05993601e-05 -1.41676789e-05
2067             4.11115485e-02 2.74917807e-03 -1.45502256e-03 4.09457083e-02 2.68854972e-03 -1.44085227e-03 1.65840207e-04 6.06283484e-05 -1.41702940e-05
2068             4.12076551e-02 2.75126771e-03 -1.45532875e-03 4.10419045e-02 2.69061777e-03 -1.44115697e-03 1.65750623e-04 6.06499397e-05 -1.41717791e-05
2069             4.13001765e-02 2.75405435e-03 -1.45593424e-03 4.11345096e-02 2.69338379e-03 -1.44175859e-03 1.65666901e-04 6.06705676e-05 -1.41756503e-05
2070             4.13902989e-02 2.75764713e-03 -1.45682705e-03 4.12247324e-02 2.69695682e-03 -1.44264734e-03 1.65566529e-04 6.06903033e-05 -1.41797151e-05
2071             4.14855633e-02 2.76210206e-03 -1.45802200e-03 4.13200955e-02 2.70138717e-03 -1.44383476e-03 1.65467742e-04 6.07148888e-05 -1.41872351e-05
2072             4.15808637e-02 2.76655204e-03 -1.45909392e-03 4.14155134e-02 2.70581275e-03 -1.44489874e-03 1.65350249e-04 6.07392951e-05 -1.41951832e-05
2073             4.16727012e-02 2.77155256e-03 -1.46042863e-03 4.15074696e-02 2.71078876e-03 -1.44622325e-03 1.65231637e-04 6.07638035e-05 -1.42053866e-05
2074             4.17658871e-02 2.77750680e-03 -1.46218803e-03 4.16007892e-02 2.71672097e-03 -1.44797291e-03 1.65097850e-04 6.07858339e-05 -1.42151157e-05
2075             4.18559664e-02 2.78344131e-03 -1.46400555e-03 4.16909952e-02 2.72263157e-03 -1.44977901e-03 1.64971230e-04 6.08097470e-05 -1.42265430e-05
2076             4.19443062e-02 2.78896355e-03 -1.46565742e-03 4.17794663e-02 2.72813131e-03 -1.45142029e-03 1.64839916e-04 6.08322377e-05 -1.42371319e-05
2077             4.20298587e-02 2.79342543e-03 -1.46697226e-03 4.18651363e-02 2.73257013e-03 -1.45272401e-03 1.64722434e-04 6.08552995e-05 -1.42482529e-05
2078             4.21106475e-02 2.79609187e-03 -1.46766312e-03 4.19460401e-02 2.73521479e-03 -1.45340555e-03 1.64607388e-04 6.08770819e-05 -1.42575739e-05
2079             4.21821363e-02 2.79698016e-03 -1.46771879e-03 4.20176302e-02 2.73608022e-03 -1.45345280e-03 1.64506096e-04 6.08999463e-05 -1.42659900e-05
2080             4.22469373e-02 2.79638569e-03 -1.46717872e-03 4.20825322e-02 2.73546255e-03 -1.45290652e-03 1.64405154e-04 6.09231381e-05 -1.42721950e-05
2081             4.23076245e-02 2.79493440e-03 -1.46628945e-03 4.21433077e-02 2.73398476e-03 -1.45201171e-03 1.64316806e-04 6.09496428e-05 -1.42777392e-05
2082             4.23664840e-02 2.79326313e-03 -1.46526449e-03 4.22022547e-02 2.73228335e-03 -1.45098249e-03 1.64229235e-04 6.09797803e-05 -1.42819954e-05
2083             4.24262838e-02 2.79225770e-03 -1.46447096e-03 4.22621290e-02 2.73124089e-03 -1.45018427e-03 1.64154791e-04 6.10168008e-05 -1.42866881e-05
2084             4.24849729e-02 2.79192298e-03 -1.46388482e-03 4.23208914e-02 2.73086211e-03 -1.44959311e-03 1.64081436e-04 6.10608645e-05 -1.42917076e-05
2085             4.25391746e-02 2.79154530e-03 -1.46330029e-03 4.23751571e-02 2.73043174e-03 -1.44900181e-03 1.64017559e-04 6.11135667e-05 -1.42984773e-05
2086             4.25936466e-02 2.79031849e-03 -1.46234672e-03 4.24296973e-02 2.72914734e-03 -1.44804138e-03 1.63949341e-04 6.11711434e-05 -1.43053448e-05
2087             4.26494146e-02 2.78822946e-03 -1.46106812e-03 4.24855254e-02 2.72699764e-03 -1.44675563e-03 1.63889166e-04 6.12318120e-05 -1.43124857e-05
2088             4.27018194e-02 2.78565476e-03 -1.45957037e-03 4.25379933e-02 2.72436395e-03 -1.44525239e-03 1.63826043e-04 6.12908023e-05 -1.43179737e-05
2089             4.27533049e-02 2.78341092e-03 -1.45820742e-03 4.25895317e-02 2.72206121e-03 -1.44388409e-03 1.63773217e-04 6.13497025e-05 -1.43233226e-05
2090             4.28050030e-02 2.78168309e-03 -1.45696099e-03 4.26412851e-02 2.72027674e-03 -1.44263377e-03 1.63717946e-04 6.14063553e-05 -1.43272155e-05
2091             4.28543978e-02 2.78028184e-03 -1.45583497e-03 4.26907277e-02 2.71881814e-03 -1.44150319e-03 1.63670049e-04 6.14637003e-05 -1.43317796e-05
2092             4.29049248e-02 2.77937834e-03 -1.45485626e-03 4.27413124e-02 2.71786047e-03 -1.44052089e-03 1.63612384e-04 6.15178711e-05 -1.43353708e-05
2093             4.29567192e-02 2.77945874e-03 -1.45425702e-03 4.27931629e-02 2.71788821e-03 -1.43991692e-03 1.63556294e-04 6.15705304e-05 -1.43401036e-05
2094             4.30106527e-02 2.78031512e-03 -1.45394516e-03 4.28471631e-02 2.71869864e-03 -1.43960131e-03 1.63489600e-04 6.16164793e-05 -1.43438522e-05
2095             4.30663578e-02 2.78166098e-03 -1.45389160e-03 4.29029312e-02 2.72000183e-03 -1.43954269e-03 1.63426674e-04 6.16591505e-05 -1.43489182e-05
2096             4.31246669e-02 2.78329803e-03 -1.45397807e-03 4.29613117e-02 2.72160253e-03 -1.43962468e-03 1.63355185e-04 6.16955048e-05 -1.43533930e-05
2097             4.31842983e-02 2.78511327e-03 -1.45416492e-03 4.30210088e-02 2.72338282e-03 -1.43980517e-03 1.63289452e-04 6.17304461e-05 -1.43597487e-05
2098             4.32438066e-02 2.78711703e-03 -1.45437925e-03 4.30805895e-02 2.72535633e-03 -1.44001352e-03 1.63217043e-04 6.17606939e-05 -1.43657327e-05
2099             4.33017939e-02 2.78935245e-03 -1.45468618e-03 4.31386412e-02 2.72756227e-03 -1.44031270e-03 1.63152622e-04 6.17901809e-05 -1.43734822e-05
2100             4.33587392e-02 2.79203606e-03 -1.45513927e-03 4.31956551e-02 2.73022139e-03 -1.44075858e-03 1.63084053e-04 6.18146669e-05 -1.43806851e-05
2101             4.34148294e-02 2.79526599e-03 -1.45585612e-03 4.32518029e-02 2.73342777e-03 -1.44146656e-03 1.63026474e-04 6.18382214e-05 -1.43895601e-05
2102             4.34704241e-02 2.79872113e-03 -1.45667030e-03 4.33074543e-02 2.73686353e-03 -1.44227247e-03 1.62969763e-04 6.18576015e-05 -1.43978345e-05
2103             4.35230626e-02 2.80278201e-03 -1.45774104e-03 4.33601333e-02 2.74090487e-03 -1.44333353e-03 1.62929332e-04 6.18771353e-05 -1.44075074e-05
2104             4.35731778e-02 2.80830045e-03 -1.45939170e-03 4.34102851e-02 2.74640296e-03 -1.44497407e-03 1.62892742e-04 6.18974876e-05 -1.44176346e-05
2105             4.36230505e-02 2.81497733e-03 -1.46156059e-03 4.34601788e-02 2.75305361e-03 -1.44713024e-03 1.62871731e-04 6.19237271e-05 -1.44303527e-05
2106             4.36694542e-02 2.82180975e-03 -1.46380004e-03 4.35065998e-02 2.75985197e-03 -1.44935517e-03 1.62854460e-04 6.19577754e-05 -1.44448735e-05
2107             4.37116717e-02 2.82751530e-03 -1.46566615e-03 4.35488184e-02 2.76551875e-03 -1.45120507e-03 1.62853277e-04 6.19965519e-05 -1.44610735e-05
2108             4.37504462e-02 2.83109128e-03 -1.46673732e-03 4.35875917e-02 2.76905530e-03 -1.45226091e-03 1.62854503e-04 6.20359757e-05 -1.44764100e-05
2109             4.37838120e-02 2.83254269e-03 -1.46707076e-03 4.36209437e-02 2.77047291e-03 -1.45258073e-03 1.62868366e-04 6.20697766e-05 -1.44900210e-05
2110             4.38121432e-02 2.83209477e-03 -1.46668621e-03 4.36492656e-02 2.76999668e-03 -1.45218614e-03 1.62877658e-04 6.20980894e-05 -1.45000717e-05
2111             4.38372417e-02 2.83025042e-03 -1.46578087e-03 4.36743477e-02 2.76813196e-03 -1.45127370e-03 1.62893968e-04 6.21184625e-05 -1.45071723e-05
2112             4.38594722e-02 2.82750609e-03 -1.46445840e-03 4.36965717e-02 2.76537029e-03 -1.44994718e-03 1.62900588e-04 6.21358045e-05 -1.45112173e-05
2113             4.38794402e-02 2.82487519e-03 -1.46315400e-03 4.37165273e-02 2.76272775e-03 -1.44864049e-03 1.62912966e-04 6.21474405e-05 -1.45135048e-05
2114             4.38991260e-02 2.82265787e-03 -1.46198090e-03 4.37362101e-02 2.76049652e-03 -1.44746629e-03 1.62915813e-04 6.21613442e-05 -1.45146081e-05
2115             4.39164163e-02 2.82045214e-03 -1.46085578e-03 4.37534893e-02 2.75827759e-03 -1.44634012e-03 1.62926921e-04 6.21745421e-05 -1.45156598e-05
2116             4.39321171e-02 2.81754899e-03 -1.45942477e-03 4.37691873e-02 2.75535635e-03 -1.44490841e-03 1.62929728e-04 6.21926428e-05 -1.45163560e-05
2117             4.39459361e-02 2.81398501e-03 -1.45772452e-03 4.37829935e-02 2.75177647e-03 -1.44320750e-03 1.62942546e-04 6.22085320e-05 -1.45170177e-05
2118             4.39581953e-02 2.81018731e-03 -1.45588814e-03 4.37952473e-02 2.74796314e-03 -1.44137213e-03 1.62947980e-04 6.22241710e-05 -1.45160167e-05
2119             4.39685855e-02 2.80665011e-03 -1.45413918e-03 4.38056189e-02 2.74441605e-03 -1.43962481e-03 1.62966682e-04 6.22340642e-05 -1.45143659e-05
2120             4.39786647e-02 2.80345072e-03 -1.45247940e-03 4.38156846e-02 2.74120958e-03 -1.43796861e-03 1.62980047e-04 6.22411464e-05 -1.45107909e-05
2121             4.39874434e-02 2.80080110e-03 -1.45105163e-03 4.38244341e-02 2.73855818e-03 -1.43654407e-03 1.63009315e-04 6.22429236e-05 -1.45075640e-05
2122             4.39972514e-02 2.79920240e-03 -1.45002350e-03 4.38342174e-02 2.73695863e-03 -1.43552042e-03 1.63034037e-04 6.22437686e-05 -1.45030722e-05
2123             4.40091451e-02 2.79894033e-03 -1.44952400e-03 4.38460664e-02 2.73669633e-03 -1.43502334e-03 1.63078766e-04 6.22440071e-05 -1.45006594e-05
2124             4.40233326e-02 2.79962527e-03 -1.44933686e-03 4.38602125e-02 2.73738089e-03 -1.43483913e-03 1.63120076e-04 6.22443749e-05 -1.44977311e-05
2125             4.40393081e-02 2.80059558e-03 -1.44925398e-03 4.38761259e-02 2.73835332e-03 -1.43475633e-03 1.63182260e-04 6.22422640e-05 -1.44976481e-05
2126             4.40573834e-02 2.80178811e-03 -1.44927826e-03 4.38941470e-02 2.73955358e-03 -1.43478246e-03 1.63236385e-04 6.22345260e-05 -1.44957989e-05
2127             4.40768345e-02 2.80303700e-03 -1.44938800e-03 4.39135257e-02 2.74081349e-03 -1.43489113e-03 1.63308780e-04 6.22235066e-05 -1.44968710e-05
2128             4.40951845e-02 2.80415063e-03 -1.44944078e-03 4.39318187e-02 2.74194360e-03 -1.43494517e-03 1.63365720e-04 6.22070366e-05 -1.44956073e-05
2129             4.41104005e-02 2.80515768e-03 -1.44947278e-03 4.39469636e-02 2.74296884e-03 -1.43497504e-03 1.63436921e-04 6.21888438e-05 -1.44977450e-05
2130             4.41241804e-02 2.80637448e-03 -1.44955787e-03 4.39606940e-02 2.74421079e-03 -1.43506145e-03 1.63486432e-04 6.21636885e-05 -1.44964267e-05
2131             4.41357724e-02 2.80801227e-03 -1.44984240e-03 4.39722225e-02 2.74587498e-03 -1.43534389e-03 1.63549916e-04 6.21372918e-05 -1.44985077e-05
2132             4.41461017e-02 2.80984607e-03 -1.45020081e-03 4.39825123e-02 2.74774195e-03 -1.43570421e-03 1.63589389e-04 6.21041232e-05 -1.44966015e-05
2133             4.41562477e-02 2.81214769e-03 -1.45077940e-03 4.39926039e-02 2.75007611e-03 -1.43628092e-03 1.63643786e-04 6.20715851e-05 -1.44984776e-05
2134             4.41656296e-02 2.81543544e-03 -1.45173192e-03 4.40019549e-02 2.75340165e-03 -1.43723562e-03 1.63674745e-04 6.20337900e-05 -1.44962993e-05
2135             4.41724113e-02 2.81954905e-03 -1.45302396e-03 4.40086894e-02 2.75755035e-03 -1.43852576e-03 1.63721918e-04 6.19987068e-05 -1.44982017e-05
2136             4.41773328e-02 2.82379648e-03 -1.45436894e-03 4.40135875e-02 2.76183725e-03 -1.43987280e-03 1.63745298e-04 6.19592227e-05 -1.44961426e-05
2137             4.41794542e-02 2.82728771e-03 -1.45550502e-03 4.40156697e-02 2.76536648e-03 -1.44100745e-03 1.63784512e-04 6.19212271e-05 -1.44975686e-05
2138             4.41778772e-02 2.82917803e-03 -1.45606431e-03 4.40140758e-02 2.76730194e-03 -1.44157083e-03 1.63801330e-04 6.18760899e-05 -1.44934768e-05
2139             4.41718758e-02 2.82927174e-03 -1.45599339e-03 4.40080386e-02 2.76744204e-03 -1.44150239e-03 1.63837247e-04 6.18296976e-05 -1.44910022e-05
2140             4.41615402e-02 2.82773970e-03 -1.45528699e-03 4.39976867e-02 2.76596536e-03 -1.44080535e-03 1.63853514e-04 6.17743339e-05 -1.44816421e-05
2141             4.41464227e-02 2.82498707e-03 -1.45412995e-03 4.39825328e-02 2.76326924e-03 -1.43965653e-03 1.63889897e-04 6.17178308e-05 -1.44734206e-05
2142             4.41285734e-02 2.82149440e-03 -1.45265147e-03 4.39646658e-02 2.75983984e-03 -1.43819292e-03 1.63907601e-04 6.16545649e-05 -1.44585509e-05
2143             4.41092360e-02 2.81829973e-03 -1.45127578e-03 4.39452884e-02 2.75670501e-03 -1.43682985e-03 1.63947535e-04 6.15947205e-05 -1.44459278e-05
2144             4.40898037e-02 2.81590961e-03 -1.45015999e-03 4.39258321e-02 2.75437521e-03 -1.43573115e-03 1.63971605e-04 6.15343919e-05 -1.44288353e-05
2145             4.40694451e-02 2.81392778e-03 -1.44921909e-03 4.39054248e-02 2.75244396e-03 -1.43480262e-03 1.64020325e-04 6.14838146e-05 -1.44164673e-05
2146             4.40487125e-02 2.81153475e-03 -1.44811719e-03 4.38846580e-02 2.75009848e-03 -1.43371629e-03 1.64054525e-04 6.14362638e-05 -1.44009090e-05
2147             4.40268044e-02 2.80858411e-03 -1.44682059e-03 4.38626903e-02 2.74718617e-03 -1.43243068e-03 1.64114142e-04 6.13979407e-05 -1.43899142e-05
2148             4.40034370e-02 2.80537385e-03 -1.44539495e-03 4.38392781e-02 2.74401448e-03 -1.43101993e-03 1.64158934e-04 6.13593696e-05 -1.43750246e-05
2149             4.39788222e-02 2.80248868e-03 -1.44411324e-03 4.38145945e-02 2.74116160e-03 -1.42974878e-03 1.64227701e-04 6.13270756e-05 -1.43644593e-05
2150             4.39533762e-02 2.80010144e-03 -1.44300639e-03 4.37890968e-02 2.73880811e-03 -1.42865628e-03 1.64279424e-04 6.12933332e-05 -1.43501075e-05
2151             4.39268359e-02 2.79813339e-03 -1.44208665e-03 4.37624822e-02 2.73686756e-03 -1.42774623e-03 1.64353761e-04 6.12658264e-05 -1.43404206e-05
2152             4.39002501e-02 2.79662350e-03 -1.44130555e-03 4.37358400e-02 2.73538738e-03 -1.42697834e-03 1.64410055e-04 6.12361158e-05 -1.43272118e-05
2153             4.38757439e-02 2.79615010e-03 -1.44094124e-03 4.37112545e-02 2.73493938e-03 -1.42662229e-03 1.64489393e-04 6.12107148e-05 -1.43189480e-05
2154             4.38546772e-02 2.79666565e-03 -1.44094677e-03 4.36901255e-02 2.73548455e-03 -1.42663946e-03 1.64551698e-04 6.11811052e-05 -1.43073091e-05
2155             4.38366798e-02 2.79781959e-03 -1.44123408e-03 4.36720417e-02 2.73666505e-03 -1.42693323e-03 1.64638075e-04 6.11545341e-05 -1.43008459e-05
2156             4.38208764e-02 2.79912083e-03 -1.44155785e-03 4.36561706e-02 2.73799894e-03 -1.42726689e-03 1.64705775e-04 6.11218953e-05 -1.42909601e-05
2157             4.38058590e-02 2.80036253e-03 -1.44190526e-03 4.36410646e-02 2.73927245e-03 -1.42761924e-03 1.64794430e-04 6.10900722e-05 -1.42860184e-05
2158             4.37912089e-02 2.80150378e-03 -1.44222970e-03 4.36263486e-02 2.74045278e-03 -1.42795251e-03 1.64860245e-04 6.10510020e-05 -1.42771876e-05
2159             4.37751111e-02 2.80270569e-03 -1.44261701e-03 4.36101679e-02 2.74169270e-03 -1.42834394e-03 1.64943191e-04 6.10129868e-05 -1.42730687e-05
2160             4.37575070e-02 2.80426676e-03 -1.44312705e-03 4.35925073e-02 2.74329762e-03 -1.42886194e-03 1.64999667e-04 6.09691420e-05 -1.42651079e-05
2161             4.37383147e-02 2.80635124e-03 -1.44386393e-03 4.35732433e-02 2.74542371e-03 -1.42960182e-03 1.65071364e-04 6.09275229e-05 -1.42621173e-05
2162             4.37194498e-02 2.80871280e-03 -1.44470502e-03 4.35543328e-02 2.74783107e-03 -1.43044962e-03 1.65117010e-04 6.08817367e-05 -1.42553932e-05
2163             4.37005312e-02 2.81157367e-03 -1.44578761e-03 4.35353524e-02 2.75073630e-03 -1.43153456e-03 1.65178791e-04 6.08373726e-05 -1.42530511e-05
2164             4.36807919e-02 2.81547727e-03 -1.44726411e-03 4.35155737e-02 2.75468385e-03 -1.43301676e-03 1.65218191e-04 6.07934268e-05 -1.42473539e-05
2165             4.36594702e-02 2.82037548e-03 -1.44916440e-03 4.34941957e-02 2.75962250e-03 -1.43491792e-03 1.65274422e-04 6.07529756e-05 -1.42464803e-05
2166             4.36375460e-02 2.82556688e-03 -1.45120372e-03 4.34722402e-02 2.76485524e-03 -1.43696152e-03 1.65305813e-04 6.07116490e-05 -1.42421993e-05
2167             4.36140912e-02 2.83008562e-03 -1.45305957e-03 4.34487369e-02 2.76941029e-03 -1.43881718e-03 1.65354260e-04 6.06753249e-05 -1.42423878e-05
2168             4.35878920e-02 2.83298779e-03 -1.45431802e-03 4.34225144e-02 2.77235115e-03 -1.44007985e-03 1.65377640e-04 6.06366385e-05 -1.42381772e-05
2169             4.35578674e-02 2.83405457e-03 -1.45493814e-03 4.33924470e-02 2.77345401e-03 -1.44070126e-03 1.65420323e-04 6.06005649e-05 -1.42368810e-05
2170             4.35236652e-02 2.83352176e-03 -1.45495729e-03 4.33582259e-02 2.77296194e-03 -1.44072767e-03 1.65439262e-04 6.05598216e-05 -1.42296107e-05
2171             4.34850689e-02 2.83173961e-03 -1.45451344e-03 4.33195904e-02 2.77121754e-03 -1.44028908e-03 1.65478556e-04 6.05220658e-05 -1.42243632e-05
2172             4.34444284e-02 2.82918655e-03 -1.45372797e-03 4.32789342e-02 2.76870565e-03 -1.43951467e-03 1.65494267e-04 6.04808991e-05 -1.42133050e-05
2173             4.34036445e-02 2.82678170e-03 -1.45298306e-03 4.32381127e-02 2.76633550e-03 -1.43877770e-03 1.65531781e-04 6.04462001e-05 -1.42053597e-05
2174             4.33636380e-02 2.82491544e-03 -1.45242326e-03 4.31980919e-02 2.76450515e-03 -1.43823031e-03 1.65546037e-04 6.04102948e-05 -1.41929445e-05
2175             4.33239109e-02 2.82318914e-03 -1.45193962e-03 4.31583269e-02 2.76280378e-03 -1.43775449e-03 1.65583983e-04 6.03853586e-05 -1.41851350e-05
2176             4.32841781e-02 2.82090629e-03 -1.45121785e-03 4.31185788e-02 2.76054632e-03 -1.43704429e-03 1.65599299e-04 6.03599762e-05 -1.41735613e-05
2177             4.32442479e-02 2.81796678e-03 -1.45025067e-03 4.30786082e-02 2.75762272e-03 -1.43608425e-03 1.65639677e-04 6.03440596e-05 -1.41664160e-05
2178             4.32036627e-02 2.81461476e-03 -1.44910024e-03 4.30380054e-02 2.75429179e-03 -1.43494574e-03 1.65657325e-04 6.03229752e-05 -1.41544991e-05
2179             4.31620652e-02 2.81150271e-03 -1.44805687e-03 4.29963655e-02 2.75119507e-03 -1.43391062e-03 1.65699657e-04 6.03076376e-05 -1.41462519e-05
2180             4.31206529e-02 2.80878371e-03 -1.44713336e-03 4.29549342e-02 2.74849657e-03 -1.43299985e-03 1.65718785e-04 6.02871398e-05 -1.41335106e-05
2181             4.30793109e-02 2.80648495e-03 -1.44638442e-03 4.29135499e-02 2.74621199e-03 -1.43225921e-03 1.65760992e-04 6.02729647e-05 -1.41252110e-05
2182             4.30403038e-02 2.80459572e-03 -1.44576545e-03 4.28745257e-02 2.74434499e-03 -1.43165335e-03 1.65778093e-04 6.02507309e-05 -1.41121091e-05
2183             4.30047330e-02 2.80378551e-03 -1.44556711e-03 4.28389126e-02 2.74354670e-03 -1.43146213e-03 1.65820468e-04 6.02388106e-05 -1.41049792e-05
2184             4.29738977e-02 2.80407751e-03 -1.44575961e-03 4.28080597e-02 2.74386195e-03 -1.43166664e-03 1.65837952e-04 6.02155643e-05 -1.40929762e-05
2185             4.29464901e-02 2.80506682e-03 -1.44625247e-03 4.27806075e-02 2.74486061e-03 -1.43216381e-03 1.65882646e-04 6.02062107e-05 -1.40886598e-05
2186             4.29219306e-02 2.80632413e-03 -1.44683176e-03 4.27560299e-02 2.74614303e-03 -1.43275280e-03 1.65900757e-04 6.01811027e-05 -1.40789554e-05
2187             4.29002366e-02 2.80750511e-03 -1.44741204e-03 4.27342904e-02 2.74733509e-03 -1.43333505e-03 1.65946185e-04 6.01700242e-05 -1.40769940e-05
2188             4.28804345e-02 2.80855494e-03 -1.44793021e-03 4.27144706e-02 2.74841458e-03 -1.43386132e-03 1.65963910e-04 6.01403610e-05 -1.40688923e-05
2189             4.28603522e-02 2.80970206e-03 -1.44851548e-03 4.26943454e-02 2.74957894e-03 -1.43444735e-03 1.66006784e-04 6.01231188e-05 -1.40681251e-05
2190             4.28395631e-02 2.81122605e-03 -1.44922809e-03 4.26735417e-02 2.75113419e-03 -1.43516656e-03 1.66021395e-04 6.00918570e-05 -1.40615315e-05
2191             4.28179810e-02 2.81336349e-03 -1.45020289e-03 4.26519239e-02 2.75329349e-03 -1.43614089e-03 1.66057093e-04 6.00700003e-05 -1.40619938e-05
2192             4.27972293e-02 2.81587647e-03 -1.45129291e-03 4.26311623e-02 2.75583350e-03 -1.43723530e-03 1.66067048e-04 6.00429760e-05 -1.40576107e-05
2193             4.27774430e-02 2.81884772e-03 -1.45259118e-03 4.26113463e-02 2.75882649e-03 -1.43853125e-03 1.66096663e-04 6.00212257e-05 -1.40599307e-05
2194             4.27582954e-02 2.82276267e-03 -1.45423196e-03 4.25921930e-02 2.76276775e-03 -1.44017478e-03 1.66102379e-04 5.99949184e-05 -1.40571830e-05
2195             4.27384207e-02 2.82761904e-03 -1.45626701e-03 4.25722911e-02 2.76764231e-03 -1.44220559e-03 1.66129584e-04 5.99767363e-05 -1.40614159e-05
2196             4.27182072e-02 2.83270412e-03 -1.45839997e-03 4.25520747e-02 2.77274930e-03 -1.44433937e-03 1.66132460e-04 5.99548227e-05 -1.40606024e-05
2197             4.26972060e-02 2.83705732e-03 -1.46033550e-03 4.25310483e-02 2.77711436e-03 -1.44626877e-03 1.66157719e-04 5.99429584e-05 -1.40667351e-05
2198             4.26734191e-02 2.83967741e-03 -1.46165635e-03 4.25072606e-02 2.77975306e-03 -1.44759014e-03 1.66158493e-04 5.99243521e-05 -1.40662083e-05
2199             4.26463121e-02 2.84029153e-03 -1.46226803e-03 4.24801288e-02 2.78037844e-03 -1.44819732e-03 1.66183341e-04 5.99130870e-05 -1.40707083e-05
2200             4.26154517e-02 2.83924016e-03 -1.46221955e-03 4.24492680e-02 2.77934862e-03 -1.44815285e-03 1.66183733e-04 5.98915327e-05 -1.40666992e-05
2201             4.25813825e-02 2.83695663e-03 -1.46170444e-03 4.24151743e-02 2.77707937e-03 -1.44763726e-03 1.66208208e-04 5.98772645e-05 -1.40671859e-05
2202             4.25459687e-02 2.83390754e-03 -1.46085468e-03 4.23797618e-02 2.77405375e-03 -1.44679548e-03 1.66206895e-04 5.98537894e-05 -1.40592059e-05
2203             4.25101645e-02 2.83088163e-03 -1.46000509e-03 4.23439342e-02 2.77103955e-03 -1.44594826e-03 1.66230352e-04 5.98420849e-05 -1.40568278e-05
2204             4.24751240e-02 2.82846437e-03 -1.45932516e-03 4.23088956e-02 2.76863912e-03 -1.44527753e-03 1.66228445e-04 5.98252470e-05 -1.40476342e-05
2205             4.24413097e-02 2.82629123e-03 -1.45873134e-03 4.22750574e-02 2.76646695e-03 -1.44468543e-03 1.66252320e-04 5.98242738e-05 -1.40459083e-05
2206             4.24086175e-02 2.82373695e-03 -1.45795490e-03 4.22423661e-02 2.76391850e-03 -1.44391689e-03 1.66251385e-04 5.98184466e-05 -1.40380044e-05
2207             4.23762421e-02 2.82051409e-03 -1.45692844e-03 4.22099646e-02 2.76068760e-03 -1.44289136e-03 1.66277474e-04 5.98264891e-05 -1.40370785e-05
2208             4.23435133e-02 2.81688690e-03 -1.45569984e-03 4.21772344e-02 2.75706133e-03 -1.44167074e-03 1.66278949e-04 5.98255710e-05 -1.40291021e-05
2209             4.23106898e-02 2.81340750e-03 -1.45452966e-03 4.21443829e-02 2.75357194e-03 -1.44050199e-03 1.66306909e-04 5.98355562e-05 -1.40276648e-05
2210             4.22778989e-02 2.81031243e-03 -1.45347220e-03 4.21115902e-02 2.75047754e-03 -1.43945308e-03 1.66308646e-04 5.98348942e-05 -1.40191192e-05
2211             4.22452872e-02 2.80758378e-03 -1.45256742e-03 4.20789515e-02 2.74773838e-03 -1.43854998e-03 1.66335662e-04 5.98453930e-05 -1.40174442e-05
2212             4.22146010e-02 2.80515934e-03 -1.45173679e-03 4.20482653e-02 2.74531407e-03 -1.43772769e-03 1.66335712e-04 5.98452739e-05 -1.40090976e-05
2213             4.21875236e-02 2.80374867e-03 -1.45130596e-03 4.20211618e-02 2.74389328e-03 -1.43729794e-03 1.66361821e-04 5.98553886e-05 -1.40080199e-05
2214             4.21651815e-02 2.80345663e-03 -1.45126897e-03 4.19988186e-02 2.74360237e-03 -1.43726820e-03 1.66362873e-04 5.98542654e-05 -1.40007687e-05
2215             4.21472115e-02 2.80390467e-03 -1.45152648e-03 4.19808198e-02 2.74404161e-03 -1.43752511e-03 1.66391612e-04 5.98630570e-05 -1.40013631e-05
2216             4.21332524e-02 2.80475726e-03 -1.45190807e-03 4.19668572e-02 2.74489797e-03 -1.43791199e-03 1.66395234e-04 5.98592875e-05 -1.39960733e-05
2217             4.21220792e-02 2.80558355e-03 -1.45232036e-03 4.19556540e-02 2.74572041e-03 -1.43832188e-03 1.66425200e-04 5.98631405e-05 -1.39984764e-05
2218             4.21123512e-02 2.80630183e-03 -1.45269114e-03 4.19459231e-02 2.74644911e-03 -1.43869667e-03 1.66428115e-04 5.98527167e-05 -1.39944764e-05
2219             4.21024535e-02 2.80714121e-03 -1.45313986e-03 4.19359979e-02 2.74729122e-03 -1.43914207e-03 1.66455605e-04 5.98499832e-05 -1.39977853e-05
2220             4.20929739e-02 2.80838050e-03 -1.45371611e-03 4.19265197e-02 2.74854551e-03 -1.43972125e-03 1.66454232e-04 5.98349921e-05 -1.39948669e-05
2221             4.20838409e-02 2.81028678e-03 -1.45458069e-03 4.19173646e-02 2.75045611e-03 -1.44058088e-03 1.66476290e-04 5.98306632e-05 -1.39998178e-05
2222             4.20756944e-02 2.81261754e-03 -1.45559603e-03 4.19092251e-02 2.75280061e-03 -1.44159710e-03 1.66469358e-04 5.98169312e-05 -1.39989321e-05
2223             4.20681148e-02 2.81535665e-03 -1.45678700e-03 4.19016279e-02 2.75554133e-03 -1.44278114e-03 1.66486876e-04 5.98153178e-05 -1.40058551e-05
2224             4.20610736e-02 2.81892044e-03 -1.45825174e-03 4.18945970e-02 2.75911615e-03 -1.44424501e-03 1.66476624e-04 5.98042949e-05 -1.40067343e-05
2225             4.20539398e-02 2.82343343e-03 -1.46010286e-03 4.18874483e-02 2.76362824e-03 -1.44608748e-03 1.66491515e-04 5.98051899e-05 -1.40153859e-05
2226             4.20465099e-02 2.82823889e-03 -1.46208014e-03 4.18800311e-02 2.76844185e-03 -1.44806222e-03 1.66478777e-04 5.97970459e-05 -1.40179183e-05
2227             4.20386604e-02 2.83243637e-03 -1.46388333e-03 4.18721686e-02 2.77263568e-03 -1.44985569e-03 1.66491851e-04 5.98006873e-05 -1.40276366e-05
2228             4.20288482e-02 2.83500774e-03 -1.46508120e-03 4.18623698e-02 2.77521436e-03 -1.45105117e-03 1.66478442e-04 5.97933881e-05 -1.40300304e-05
2229             4.20157946e-02 2.83558850e-03 -1.46557923e-03 4.18493027e-02 2.77579397e-03 -1.45154136e-03 1.66491866e-04 5.97945300e-05 -1.40378727e-05
2230             4.19986012e-02 2.83448041e-03 -1.46543637e-03 4.18321220e-02 2.77469821e-03 -1.45139973e-03 1.66479108e-04 5.97821943e-05 -1.40366425e-05
2231             4.19776134e-02 2.83214167e-03 -1.46483887e-03 4.18111206e-02 2.77236333e-03 -1.45079896e-03 1.66492768e-04 5.97783349e-05 -1.40399117e-05
2232             4.19545055e-02 2.82898270e-03 -1.46387300e-03 4.17880259e-02 2.76921937e-03 -1.44983859e-03 1.66479577e-04 5.97633347e-05 -1.40344085e-05
2233             4.19311398e-02 2.82572466e-03 -1.46285605e-03 4.17646473e-02 2.76596448e-03 -1.44882151e-03 1.66492542e-04 5.97601753e-05 -1.40345455e-05
2234             4.19085434e-02 2.82301088e-03 -1.46199579e-03 4.17420641e-02 2.76326095e-03 -1.44796838e-03 1.66479296e-04 5.97499314e-05 -1.40274130e-05
2235             4.18870840e-02 2.82067704e-03 -1.46128085e-03 4.17205905e-02 2.76092155e-03 -1.44725340e-03 1.66493500e-04 5.97554897e-05 -1.40274461e-05
2236             4.18672090e-02 2.81810859e-03 -1.46043544e-03 4.17007264e-02 2.75835266e-03 -1.44641414e-03 1.66482577e-04 5.97559315e-05 -1.40213082e-05
2237             4.18483482e-02 2.81488096e-03 -1.45936166e-03 4.16818486e-02 2.75511017e-03 -1.44533923e-03 1.66499659e-04 5.97707892e-05 -1.40224333e-05
2238             4.18294178e-02 2.81115746e-03 -1.45807453e-03 4.16629261e-02 2.75138039e-03 -1.44405801e-03 1.66491677e-04 5.97770706e-05 -1.40165236e-05
2239             4.18094904e-02 2.80750246e-03 -1.45681310e-03 4.16429793e-02 2.74770806e-03 -1.44279613e-03 1.66511151e-04 5.97943936e-05 -1.40169630e-05
2240             4.17892090e-02 2.80419107e-03 -1.45562437e-03 4.16227050e-02 2.74438983e-03 -1.44161412e-03 1.66503986e-04 5.98012349e-05 -1.40102592e-05
2241             4.17692061e-02 2.80134922e-03 -1.45461484e-03 4.16026839e-02 2.74153065e-03 -1.44060439e-03 1.66522222e-04 5.98185739e-05 -1.40104551e-05
2242             4.17508651e-02 2.79886373e-03 -1.45370602e-03 4.15843526e-02 2.73903822e-03 -1.43970202e-03 1.66512533e-04 5.98255060e-05 -1.40039950e-05
2243             4.17362530e-02 2.79738927e-03 -1.45319281e-03 4.15697241e-02 2.73754643e-03 -1.43918805e-03 1.66528888e-04 5.98428386e-05 -1.40047643e-05
2244             4.17261203e-02 2.79698443e-03 -1.45304984e-03 4.15596012e-02 2.73713493e-03 -1.43905035e-03 1.66519126e-04 5.98495054e-05 -1.39994861e-05
2245             4.17196497e-02 2.79734770e-03 -1.45322312e-03 4.15531127e-02 2.73748177e-03 -1.43922098e-03 1.66536976e-04 5.98659298e-05 -1.40021412e-05
2246             4.17171084e-02 2.79819881e-03 -1.45355876e-03 4.15505791e-02 2.73832850e-03 -1.43955985e-03 1.66529341e-04 5.98703115e-05 -1.39989086e-05
2247             4.17174543e-02 2.79913524e-03 -1.45393933e-03 4.15509050e-02 2.73925281e-03 -1.43993604e-03 1.66549310e-04 5.98824307e-05 -1.40032863e-05
2248             4.17194575e-02 2.79995982e-03 -1.45425739e-03 4.15529145e-02 2.74007935e-03 -1.44025603e-03 1.66542961e-04 5.98804738e-05 -1.40013572e-05
2249             4.17213950e-02 2.80081141e-03 -1.45463279e-03 4.15548325e-02 2.74092595e-03 -1.44062605e-03 1.66562563e-04 5.98854552e-05 -1.40067442e-05
2250             4.17229883e-02 2.80193844e-03 -1.45511358e-03 4.15564344e-02 2.74206078e-03 -1.44110788e-03 1.66553840e-04 5.98776550e-05 -1.40056933e-05
2251             4.17244478e-02 2.80370791e-03 -1.45587038e-03 4.15578780e-02 2.74382837e-03 -1.44185826e-03 1.66569734e-04 5.98795408e-05 -1.40121149e-05
2252             4.17269825e-02 2.80593459e-03 -1.45676796e-03 4.15604257e-02 2.74606325e-03 -1.44275546e-03 1.66556755e-04 5.98713418e-05 -1.40124991e-05
2253             4.17298997e-02 2.80851436e-03 -1.45781338e-03 4.15633311e-02 2.74864028e-03 -1.44379283e-03 1.66568581e-04 5.98740782e-05 -1.40205519e-05
2254             4.17328712e-02 2.81182565e-03 -1.45912232e-03 4.15663189e-02 2.75195870e-03 -1.44509993e-03 1.66552306e-04 5.98669510e-05 -1.40223891e-05
2255             4.17356543e-02 2.81614999e-03 -1.46085494e-03 4.15690926e-02 2.75627834e-03 -1.44682312e-03 1.66561643e-04 5.98716445e-05 -1.40318203e-05
2256             4.17383621e-02 2.82091331e-03 -1.46274652e-03 4.15718190e-02 2.76104534e-03 -1.44871123e-03 1.66543112e-04 5.98679750e-05 -1.40352907e-05
2257             4.17411025e-02 2.82519792e-03 -1.46450866e-03 4.15745522e-02 2.76532157e-03 -1.45046245e-03 1.66550300e-04 5.98763577e-05 -1.40462043e-05
2258             4.17420459e-02 2.82795383e-03 -1.46571195e-03 4.15755156e-02 2.76807939e-03 -1.45166201e-03 1.66530358e-04 5.98744397e-05 -1.40499334e-05
2259             4.17390978e-02 2.82873357e-03 -1.46621925e-03 4.15725607e-02 2.76885233e-03 -1.45216015e-03 1.66537070e-04 5.98812410e-05 -1.40590934e-05
2260             4.17321989e-02 2.82778813e-03 -1.46605733e-03 4.15656820e-02 2.76791334e-03 -1.45199800e-03 1.66516900e-04 5.98747882e-05 -1.40593300e-05
2261             4.17211209e-02 2.82556932e-03 -1.46542820e-03 4.15545982e-02 2.76569298e-03 -1.45136402e-03 1.66522712e-04 5.98763366e-05 -1.40641817e-05
2262             4.17071790e-02 2.82246978e-03 -1.46443122e-03 4.15406780e-02 2.76260317e-03 -1.45037103e-03 1.66501052e-04 5.98666073e-05 -1.40601894e-05
2263             4.16935574e-02 2.81919972e-03 -1.46335703e-03 4.15270515e-02 2.75933115e-03 -1.44929542e-03 1.66505830e-04 5.98685719e-05 -1.40616045e-05
2264             4.16809749e-02 2.81642759e-03 -1.46240677e-03 4.15144903e-02 2.75656406e-03 -1.44835103e-03 1.66484599e-04 5.98635351e-05 -1.40557467e-05
2265             4.16690907e-02 2.81412875e-03 -1.46163734e-03 4.15025996e-02 2.75425482e-03 -1.44758024e-03 1.66491144e-04 5.98739361e-05 -1.40571027e-05
2266             4.16581025e-02 2.81167884e-03 -1.46078820e-03 4.14916297e-02 2.75179959e-03 -1.44673596e-03 1.66472750e-04 5.98792493e-05 -1.40522383e-05
2267             4.16478671e-02 2.80858738e-03 -1.45970814e-03 4.14813840e-02 2.74868835e-03 -1.44565366e-03 1.66483070e-04 5.98990383e-05 -1.40544786e-05
2268             4.16385087e-02 2.80497734e-03 -1.45838245e-03 4.14720399e-02 2.74506694e-03 -1.44433266e-03 1.66468891e-04 5.99104032e-05 -1.40497837e-05
2269             4.16290867e-02 2.80139232e-03 -1.45707031e-03 4.14626038e-02 2.74145979e-03 -1.44301874e-03 1.66482893e-04 5.99325293e-05 -1.40515741e-05
2270             4.16187765e-02 2.79810931e-03 -1.45583877e-03 4.14523055e-02 2.73816512e-03 -1.44179258e-03 1.66470997e-04 5.99441935e-05 -1.40461960e-05
2271             4.16074971e-02 2.79528836e-03 -1.45479305e-03 4.14410116e-02 2.73532195e-03 -1.44074553e-03 1.66485502e-04 5.99664087e-05 -1.40475218e-05
2272             4.15970767e-02 2.79275438e-03 -1.45381325e-03 4.14306041e-02 2.73277598e-03 -1.43977105e-03 1.66472590e-04 5.99784000e-05 -1.40421995e-05
2273             4.15898456e-02 2.79116860e-03 -1.45319871e-03 4.14233598e-02 2.73116806e-03 -1.43915458e-03 1.66485815e-04 6.00005363e-05 -1.40441269e-05
2274             4.15873074e-02 2.79069950e-03 -1.45297006e-03 4.14208346e-02 2.73068773e-03 -1.43893016e-03 1.66472812e-04 6.00117638e-05 -1.40398937e-05
2275             4.15886718e-02 2.79109849e-03 -1.45308587e-03 4.14221842e-02 2.73106602e-03 -1.43904246e-03 1.66487673e-04 6.00324683e-05 -1.40434164e-05
2276             4.15932045e-02 2.79202804e-03 -1.45338097e-03 4.14267273e-02 2.73198682e-03 -1.43933983e-03 1.66477253e-04 6.00412156e-05 -1.40411432e-05
2277             4.16006997e-02 2.79308839e-03 -1.45377247e-03 4.14342049e-02 2.73303043e-03 -1.43972581e-03 1.66494792e-04 6.00579688e-05 -1.40466637e-05
2278             4.16101136e-02 2.79403470e-03 -1.45411215e-03 4.14436272e-02 2.73397332e-03 -1.44006619e-03 1.66486415e-04 6.00613760e-05 -1.40459629e-05
2279             4.16191228e-02 2.79502504e-03 -1.45449966e-03 4.14526180e-02 2.73495289e-03 -1.44044713e-03 1.66504709e-04 6.00721441e-05 -1.40525316e-05
2280             4.16272057e-02 2.79627938e-03 -1.45496453e-03 4.14607108e-02 2.73620909e-03 -1.44091178e-03 1.66494900e-04 6.00702943e-05 -1.40527496e-05
2281             4.16352303e-02 2.79814310e-03 -1.45569273e-03 4.14687207e-02 2.73806527e-03 -1.44163220e-03 1.66509633e-04 6.00778336e-05 -1.40605347e-05
2282             4.16432952e-02 2.80045482e-03 -1.45657368e-03 4.14768000e-02 2.74037970e-03 -1.44251145e-03 1.66495139e-04 6.00751202e-05 -1.40622304e-05
2283             4.16523263e-02 2.80304093e-03 -1.45758380e-03 4.14858208e-02 2.74295766e-03 -1.44351234e-03 1.66505546e-04 6.00832653e-05 -1.40714571e-05
2284             4.16620057e-02 2.80624565e-03 -1.45880168e-03 4.14955180e-02 2.74616424e-03 -1.44472726e-03 1.66487772e-04 6.00814071e-05 -1.40744196e-05
2285             4.16722251e-02 2.81047278e-03 -1.46043947e-03 4.15057295e-02 2.75038214e-03 -1.44635457e-03 1.66495674e-04 6.00906419e-05 -1.40849079e-05
2286             4.16822612e-02 2.81517111e-03 -1.46226349e-03 4.15157857e-02 2.75508029e-03 -1.44817428e-03 1.66475535e-04 6.00908119e-05 -1.40892077e-05
2287             4.16916740e-02 2.81948711e-03 -1.46399644e-03 4.15251928e-02 2.75938449e-03 -1.44989571e-03 1.66481210e-04 6.01026241e-05 -1.41007247e-05
2288             4.16988961e-02 2.82234388e-03 -1.46519001e-03 4.15324369e-02 2.76223983e-03 -1.45108491e-03 1.66459183e-04 6.01040489e-05 -1.41051031e-05
2289             4.17021218e-02 2.82330967e-03 -1.46571944e-03 4.15356587e-02 2.76319558e-03 -1.45160435e-03 1.66463131e-04 6.01140820e-05 -1.41150980e-05
2290             4.17015825e-02 2.82252381e-03 -1.46557584e-03 4.15351430e-02 2.76241292e-03 -1.45145968e-03 1.66439448e-04 6.01108840e-05 -1.41161601e-05
2291             4.16971347e-02 2.82043264e-03 -1.46495470e-03 4.15306929e-02 2.76031695e-03 -1.45083298e-03 1.66441861e-04 6.01156954e-05 -1.41217185e-05
2292             4.16898036e-02 2.81743508e-03 -1.46394627e-03 4.15233871e-02 2.75732579e-03 -1.44982780e-03 1.66416512e-04 6.01092913e-05 -1.41184625e-05
2293             4.16809391e-02 2.81423239e-03 -1.46286052e-03 4.15145220e-02 2.75411803e-03 -1.44873981e-03 1.66417107e-04 6.01143568e-05 -1.41207115e-05
2294             4.16729621e-02 2.81148878e-03 -1.46189474e-03 4.15065713e-02 2.75137658e-03 -1.44777922e-03 1.66390771e-04 6.01121989e-05 -1.41155245e-05
2295             4.16670937e-02 2.80931043e-03 -1.46112795e-03 4.15007013e-02 2.74918529e-03 -1.44701064e-03 1.66392382e-04 6.01251373e-05 -1.41173082e-05
2296             4.16629234e-02 2.80711990e-03 -1.46030788e-03 4.14965541e-02 2.74698726e-03 -1.44619501e-03 1.66369268e-04 6.01326406e-05 -1.41128697e-05
2297             4.16585339e-02 2.80431185e-03 -1.45927547e-03 4.14921584e-02 2.74415775e-03 -1.44515977e-03 1.66375430e-04 6.01540990e-05 -1.41157012e-05
2298             4.16539693e-02 2.80090731e-03 -1.45798704e-03 4.14876119e-02 2.74074053e-03 -1.44387555e-03 1.66357375e-04 6.01667771e-05 -1.41114964e-05
2299             4.16491619e-02 2.79746044e-03 -1.45668221e-03 4.14827934e-02 2.73727060e-03 -1.44256866e-03 1.66368441e-04 6.01898421e-05 -1.41135472e-05
2300             4.16442492e-02 2.79428975e-03 -1.45543249e-03 4.14778951e-02 2.73408773e-03 -1.44132416e-03 1.66354093e-04 6.02020146e-05 -1.41083312e-05
2301             4.16393904e-02 2.79156044e-03 -1.45435928e-03 4.14730235e-02 2.73133635e-03 -1.44024942e-03 1.66366904e-04 6.02240906e-05 -1.41098515e-05
2302             4.16351751e-02 2.78904634e-03 -1.45334185e-03 4.14688224e-02 2.72881080e-03 -1.43923730e-03 1.66352709e-04 6.02355344e-05 -1.41045514e-05
2303             4.16338956e-02 2.78740662e-03 -1.45267472e-03 4.14675300e-02 2.72714969e-03 -1.43856845e-03 1.66365575e-04 6.02569288e-05 -1.41062726e-05
2304             4.16369280e-02 2.78693541e-03 -1.45241383e-03 4.14705757e-02 2.72666785e-03 -1.43831207e-03 1.66352289e-04 6.02675643e-05 -1.41017695e-05
2305             4.16443558e-02 2.78743251e-03 -1.45253762e-03 4.14779888e-02 2.72714463e-03 -1.43843247e-03 1.66366956e-04 6.02878869e-05 -1.41051588e-05
2306             4.16558646e-02 2.78848182e-03 -1.45284493e-03 4.14895089e-02 2.72818531e-03 -1.43874220e-03 1.66355744e-04 6.02965144e-05 -1.41027328e-05
2307             4.16696901e-02 2.78967838e-03 -1.45323898e-03 4.15033178e-02 2.72936526e-03 -1.43913094e-03 1.66372265e-04 6.03131178e-05 -1.41080466e-05
2308             4.16848687e-02 2.79071124e-03 -1.45355970e-03 4.15185069e-02 2.73039509e-03 -1.43945256e-03 1.66361795e-04 6.03161512e-05 -1.41071415e-05
2309             4.17000043e-02 2.79173203e-03 -1.45392566e-03 4.15336270e-02 2.73140585e-03 -1.43981207e-03 1.66377374e-04 6.03261798e-05 -1.41135898e-05
2310             4.17152603e-02 2.79297013e-03 -1.45436969e-03 4.15488963e-02 2.73264667e-03 -1.44025614e-03 1.66363950e-04 6.03234631e-05 -1.41135513e-05
2311             4.17297869e-02 2.79478812e-03 -1.45505843e-03 4.15634118e-02 2.73445814e-03 -1.44093751e-03 1.66375066e-04 6.03299758e-05 -1.41209201e-05
2312             4.17438360e-02 2.79705616e-03 -1.45588299e-03 4.15774798e-02 2.73673012e-03 -1.44176086e-03 1.66356167e-04 6.03260363e-05 -1.41221257e-05
2313             4.17582600e-02 2.79960108e-03 -1.45682274e-03 4.15918985e-02 2.73926860e-03 -1.44269182e-03 1.66361538e-04 6.03324798e-05 -1.41309209e-05
2314             4.17735291e-02 2.80271731e-03 -1.45795820e-03 4.16071916e-02 2.74238884e-03 -1.44382491e-03 1.66337526e-04 6.03284729e-05 -1.41332948e-05
2315             4.17899675e-02 2.80692549e-03 -1.45953370e-03 4.16236282e-02 2.74659023e-03 -1.44539065e-03 1.66339300e-04 6.03352601e-05 -1.41430483e-05
2316             4.18060670e-02 2.81170794e-03 -1.46132479e-03 4.16397541e-02 2.75137493e-03 -1.44717816e-03 1.66312888e-04 6.03330055e-05 -1.41466345e-05
2317             4.18204023e-02 2.81625873e-03 -1.46308637e-03 4.16540899e-02 2.75591629e-03 -1.44892871e-03 1.66312418e-04 6.03424445e-05 -1.41576607e-05
2318             4.18320676e-02 2.81942564e-03 -1.46435132e-03 4.16657839e-02 2.75908385e-03 -1.45018974e-03 1.66283633e-04 6.03417859e-05 -1.41615792e-05
2319             4.18407358e-02 2.82076521e-03 -1.46498321e-03 4.16744545e-02 2.76041508e-03 -1.45081208e-03 1.66281286e-04 6.03501290e-05 -1.41711317e-05
2320             4.18458374e-02 2.82030649e-03 -1.46491131e-03 4.16795859e-02 2.75996082e-03 -1.45073943e-03 1.66251443e-04 6.03456665e-05 -1.41718782e-05
2321             4.18477010e-02 2.81842395e-03 -1.46431344e-03 4.16814528e-02 2.75807494e-03 -1.45013616e-03 1.66248132e-04 6.03490039e-05 -1.41772816e-05
2322             4.18472217e-02 2.81549700e-03 -1.46329275e-03 4.16810046e-02 2.75515646e-03 -1.44911910e-03 1.66217134e-04 6.03405399e-05 -1.41736465e-05
2323             4.18460039e-02 2.81231167e-03 -1.46216797e-03 4.16797909e-02 2.75196878e-03 -1.44799278e-03 1.66213055e-04 6.03428862e-05 -1.41751906e-05
2324             4.18450444e-02 2.80958063e-03 -1.46114376e-03 4.16788623e-02 2.74924317e-03 -1.44697461e-03 1.66182165e-04 6.03374532e-05 -1.41691566e-05
2325             4.18450263e-02 2.80746421e-03 -1.46035256e-03 4.16788472e-02 2.74711764e-03 -1.44618240e-03 1.66179062e-04 6.03465658e-05 -1.41701602e-05
2326             4.18464504e-02 2.80540618e-03 -1.45956027e-03 4.16803000e-02 2.74505592e-03 -1.44539541e-03 1.66150378e-04 6.03502622e-05 -1.41648673e-05
2327             4.18482681e-02 2.80276931e-03 -1.45856821e-03 4.16821174e-02 2.74240083e-03 -1.44440138e-03 1.66150754e-04 6.03684798e-05 -1.41668268e-05
2328             4.18498515e-02 2.79952280e-03 -1.45730402e-03 4.16837254e-02 2.73914396e-03 -1.44314204e-03 1.66126084e-04 6.03788320e-05 -1.41619750e-05
2329             4.18506389e-02 2.79621343e-03 -1.45602421e-03 4.16845090e-02 2.73581305e-03 -1.44186047e-03 1.66129851e-04 6.04003746e-05 -1.41637395e-05
2330             4.18502666e-02 2.79318752e-03 -1.45480845e-03 4.16841593e-02 2.73277568e-03 -1.44065012e-03 1.66107307e-04 6.04118384e-05 -1.41583303e-05
2331             4.18494063e-02 2.79062763e-03 -1.45376609e-03 4.16832945e-02 2.73019392e-03 -1.43960648e-03 1.66111813e-04 6.04337076e-05 -1.41596099e-05
2332             4.18487514e-02 2.78827694e-03 -1.45276488e-03 4.16826626e-02 2.72783181e-03 -1.43861075e-03 1.66088832e-04 6.04451338e-05 -1.41541288e-05
2333             4.18505468e-02 2.78676675e-03 -1.45210216e-03 4.16844542e-02 2.72630034e-03 -1.43794635e-03 1.66092597e-04 6.04664117e-05 -1.41558083e-05
2334             4.18571678e-02 2.78647397e-03 -1.45187469e-03 4.16910978e-02 2.72599699e-03 -1.43772348e-03 1.66069989e-04 6.04769775e-05 -1.41512097e-05
2335             4.18685287e-02 2.78720852e-03 -1.45205012e-03 4.17024528e-02 2.72671128e-03 -1.43789577e-03 1.66075905e-04 6.04972408e-05 -1.41543561e-05
2336             4.18839626e-02 2.78839274e-03 -1.45235798e-03 4.17179063e-02 2.72788733e-03 -1.43820639e-03 1.66056378e-04 6.05054093e-05 -1.41515930e-05
2337             4.19019251e-02 2.78971628e-03 -1.45275159e-03 4.17358601e-02 2.72919588e-03 -1.43859519e-03 1.66065010e-04 6.05204002e-05 -1.41564028e-05
2338             4.19217189e-02 2.79081629e-03 -1.45305538e-03 4.17556718e-02 2.73029577e-03 -1.43890074e-03 1.66047092e-04 6.05205203e-05 -1.41546382e-05
2339             4.19417532e-02 2.79184485e-03 -1.45337559e-03 4.17756973e-02 2.73131857e-03 -1.43921581e-03 1.66055904e-04 6.05262822e-05 -1.41597802e-05
2340             4.19608029e-02 2.79304777e-03 -1.45374197e-03 4.17947666e-02 2.73252970e-03 -1.43958377e-03 1.66036261e-04 6.05180699e-05 -1.41581985e-05
2341             4.19787681e-02 2.79477877e-03 -1.45433755e-03 4.18127268e-02 2.73426073e-03 -1.44017365e-03 1.66041255e-04 6.05180445e-05 -1.41639033e-05
2342             4.19965244e-02 2.79693965e-03 -1.45508517e-03 4.18305079e-02 2.73643257e-03 -1.44092186e-03 1.66016427e-04 6.05070821e-05 -1.41633013e-05
2343             4.20145421e-02 2.79936233e-03 -1.45596658e-03 4.18485258e-02 2.73885565e-03 -1.44179644e-03 1.66016253e-04 6.05066767e-05 -1.41701331e-05
2344             4.20332998e-02 2.80231025e-03 -1.45701695e-03 4.18673126e-02 2.74181391e-03 -1.44284632e-03 1.65987261e-04 6.04963440e-05 -1.41706298e-05
2345             4.20524681e-02 2.80643722e-03 -1.45853752e-03 4.18864842e-02 2.74594020e-03 -1.44435890e-03 1.65983947e-04 6.04970206e-05 -1.41786143e-05
2346             4.20714042e-02 2.81129522e-03 -1.46032927e-03 4.19054518e-02 2.75080648e-03 -1.44614880e-03 1.65952434e-04 6.04887461e-05 -1.41804638e-05
2347             4.20893007e-02 2.81609673e-03 -1.46214676e-03 4.19233539e-02 2.75560444e-03 -1.44795703e-03 1.65946791e-04 6.04922949e-05 -1.41897256e-05
2348             4.21048745e-02 2.81962452e-03 -1.46349542e-03 4.19389615e-02 2.75913859e-03 -1.44930328e-03 1.65913036e-04 6.04859318e-05 -1.41921424e-05
2349             4.21169751e-02 2.82135599e-03 -1.46423819e-03 4.19510698e-02 2.76086731e-03 -1.45003771e-03 1.65905308e-04 6.04886847e-05 -1.42004852e-05
2350             4.21250073e-02 2.82122958e-03 -1.46427973e-03 4.19591369e-02 2.76075075e-03 -1.45007960e-03 1.65870388e-04 6.04788301e-05 -1.42001328e-05
2351             4.21286953e-02 2.81964148e-03 -1.46378067e-03 4.19628328e-02 2.75916439e-03 -1.44957634e-03 1.65862553e-04 6.04770924e-05 -1.42043324e-05
2352             4.21301266e-02 2.81696840e-03 -1.46282407e-03 4.19642984e-02 2.75650465e-03 -1.44862446e-03 1.65828107e-04 6.04637569e-05 -1.41996113e-05
2353             4.21311162e-02 2.81394100e-03 -1.46172676e-03 4.19652954e-02 2.75347995e-03 -1.44752662e-03 1.65820749e-04 6.04610467e-05 -1.42001419e-05
2354             4.21329182e-02 2.81125502e-03 -1.46070789e-03 4.19671309e-02 2.75080484e-03 -1.44651493e-03 1.65787315e-04 6.04501779e-05 -1.41929576e-05
2355             4.21356225e-02 2.80923022e-03 -1.45994196e-03 4.19698405e-02 2.74877648e-03 -1.44574945e-03 1.65781929e-04 6.04537390e-05 -1.41925070e-05
2356             4.21389223e-02 2.80734609e-03 -1.45919773e-03 4.19731709e-02 2.74689401e-03 -1.44501188e-03 1.65751400e-04 6.04520871e-05 -1.41858501e-05
2357             4.21420934e-02 2.80486199e-03 -1.45824652e-03 4.19763441e-02 2.74439686e-03 -1.44405992e-03 1.65749332e-04 6.04651324e-05 -1.41865985e-05
2358             4.21458151e-02 2.80170029e-03 -1.45700610e-03 4.19800923e-02 2.74123007e-03 -1.44282558e-03 1.65722768e-04 6.04702179e-05 -1.41805176e-05
2359             4.21493307e-02 2.79838421e-03 -1.45570460e-03 4.19836055e-02 2.73789804e-03 -1.44152385e-03 1.65725200e-04 6.04861691e-05 -1.41807474e-05
2360             4.21517230e-02 2.79534472e-03 -1.45445584e-03 4.19860206e-02 2.73485319e-03 -1.44028208e-03 1.65702409e-04 6.04915336e-05 -1.41737569e-05
2361             4.21533822e-02 2.79284844e-03 -1.45343011e-03 4.19876760e-02 2.73234119e-03 -1.43925659e-03 1.65706182e-04 6.05072524e-05 -1.41735223e-05
2362             4.21560140e-02 2.79060883e-03 -1.45246844e-03 4.19903314e-02 2.73009564e-03 -1.43830178e-03 1.65682522e-04 6.05131879e-05 -1.41666602e-05
2363             4.21609303e-02 2.78912311e-03 -1.45179838e-03 4.19952453e-02 2.72859329e-03 -1.43763146e-03 1.65685018e-04 6.05298220e-05 -1.41669222e-05
2364             4.21697159e-02 2.78884428e-03 -1.45154285e-03 4.20040546e-02 2.72830814e-03 -1.43738177e-03 1.65661295e-04 6.05361474e-05 -1.41610767e-05
2365             4.21824163e-02 2.78966369e-03 -1.45171743e-03 4.20167511e-02 2.72911130e-03 -1.43755431e-03 1.65665253e-04 6.05523900e-05 -1.41631205e-05
2366             4.21993364e-02 2.79105635e-03 -1.45208492e-03 4.20336922e-02 2.73049938e-03 -1.43792550e-03 1.65644219e-04 6.05569765e-05 -1.41594217e-05
2367             4.22196304e-02 2.79267861e-03 -1.45256964e-03 4.20539789e-02 2.73210926e-03 -1.43840628e-03 1.65651436e-04 6.05693463e-05 -1.41633658e-05
2368             4.22413920e-02 2.79406799e-03 -1.45295325e-03 4.20757588e-02 2.73350026e-03 -1.43879218e-03 1.65633222e-04 6.05677297e-05 -1.41610700e-05
2369             4.22625165e-02 2.79535140e-03 -1.45333481e-03 4.20968751e-02 2.73477909e-03 -1.43916892e-03 1.65641435e-04 6.05723088e-05 -1.41658941e-05
2370             4.22823249e-02 2.79669835e-03 -1.45372620e-03 4.21167033e-02 2.73613546e-03 -1.43956214e-03 1.65621605e-04 6.05628903e-05 -1.41640617e-05
2371             4.23009237e-02 2.79844812e-03 -1.45430417e-03 4.21352980e-02 2.73788666e-03 -1.44013488e-03 1.65625747e-04 6.05614646e-05 -1.41692886e-05
2372             4.23192419e-02 2.80056783e-03 -1.45500522e-03 4.21536414e-02 2.74001900e-03 -1.44083700e-03 1.65600468e-04 6.05488291e-05 -1.41682192e-05
2373             4.23381030e-02 2.80291907e-03 -1.45582751e-03 4.21725039e-02 2.74237246e-03 -1.44165295e-03 1.65599093e-04 6.05466098e-05 -1.41745569e-05
2374             4.23573253e-02 2.80572145e-03 -1.45680615e-03 4.21917557e-02 2.74518701e-03 -1.44263160e-03 1.65569630e-04 6.05344386e-05 -1.41745518e-05
2375             4.23765431e-02 2.80969529e-03 -1.45824393e-03 4.22109773e-02 2.74916157e-03 -1.44406205e-03 1.65565781e-04 6.05337201e-05 -1.41818808e-05
2376             4.23956014e-02 2.81450098e-03 -1.45997714e-03 4.22300665e-02 2.75397638e-03 -1.44579383e-03 1.65534865e-04 6.05245985e-05 -1.41833063e-05
2377             4.24146040e-02 2.81928143e-03 -1.46175090e-03 4.22490746e-02 2.75875345e-03 -1.44755853e-03 1.65529417e-04 6.05279789e-05 -1.41923746e-05
2378             4.24317256e-02 2.82286064e-03 -1.46309973e-03 4.22662285e-02 2.76233857e-03 -1.44890490e-03 1.65497076e-04 6.05220667e-05 -1.41948286e-05
2379             4.24447058e-02 2.82466710e-03 -1.46384148e-03 4.22792151e-02 2.76414096e-03 -1.44963825e-03 1.65490743e-04 6.05261378e-05 -1.42032217e-05
2380             4.24533305e-02 2.82455858e-03 -1.46384520e-03 4.22878724e-02 2.76404069e-03 -1.44964200e-03 1.65458127e-04 6.05178912e-05 -1.42031967e-05
2381             4.24575173e-02 2.82294784e-03 -1.46330063e-03 4.22920659e-02 2.76243018e-03 -1.44909281e-03 1.65451466e-04 6.05176600e-05 -1.42078237e-05
2382             4.24580310e-02 2.82024047e-03 -1.46231042e-03 4.22926126e-02 2.75973487e-03 -1.44810685e-03 1.65418435e-04 6.05056036e-05 -1.42035650e-05
2383             4.24569002e-02 2.81714799e-03 -1.46116690e-03 4.22914886e-02 2.75664349e-03 -1.44696252e-03 1.65411630e-04 6.05044938e-05 -1.42043840e-05
2384             4.24565288e-02 2.81443307e-03 -1.46010494e-03 4.22911491e-02 2.75393735e-03 -1.44590718e-03 1.65379762e-04 6.04957267e-05 -1.41977627e-05
2385             4.24577259e-02 2.81247201e-03 -1.45933390e-03 4.22923503e-02 2.75196983e-03 -1.44513575e-03 1.65375612e-04 6.05021739e-05 -1.41981484e-05
2386             4.24600510e-02 2.81072556e-03 -1.45862379e-03 4.22947027e-02 2.75022148e-03 -1.44443120e-03 1.65348267e-04 6.05040754e-05 -1.41925872e-05
2387             4.24624139e-02 2.80848694e-03 -1.45776092e-03 4.22970636e-02 2.74796512e-03 -1.44356647e-03 1.65350260e-04 6.05218170e-05 -1.41944455e-05
2388             4.24646009e-02 2.80558073e-03 -1.45660062e-03 4.22992708e-02 2.74504803e-03 -1.44241072e-03 1.65330057e-04 6.05327035e-05 -1.41898969e-05
2389             4.24662367e-02 2.80243275e-03 -1.45533844e-03 4.23008980e-02 2.74187759e-03 -1.44114654e-03 1.65338695e-04 6.05551585e-05 -1.41919012e-05
2390             4.24666766e-02 2.79940758e-03 -1.45407421e-03 4.23013528e-02 2.73884082e-03 -1.43988747e-03 1.65323786e-04 6.05667581e-05 -1.41867334e-05
2391             4.24661105e-02 2.79676675e-03 -1.45295883e-03 4.23007747e-02 2.73617888e-03 -1.43877097e-03 1.65335723e-04 6.05878730e-05 -1.41878536e-05
2392             4.24658220e-02 2.79430436e-03 -1.45186833e-03 4.23004997e-02 2.73370678e-03 -1.43768619e-03 1.65322292e-04 6.05975796e-05 -1.41821331e-05
2393             4.24676036e-02 2.79248908e-03 -1.45104403e-03 4.23022690e-02 2.73187236e-03 -1.43686078e-03 1.65334625e-04 6.06167230e-05 -1.41832482e-05
2394             4.24737004e-02 2.79192929e-03 -1.45067039e-03 4.23083781e-02 2.73130432e-03 -1.43649224e-03 1.65322350e-04 6.06249718e-05 -1.41781510e-05
2395             4.24832972e-02 2.79255639e-03 -1.45076824e-03 4.23179597e-02 2.73191240e-03 -1.43658744e-03 1.65337517e-04 6.06439881e-05 -1.41808052e-05
2396             4.24964333e-02 2.79387319e-03 -1.45109796e-03 4.23311043e-02 2.73322053e-03 -1.43691982e-03 1.65328968e-04 6.06526620e-05 -1.41781427e-05
2397             4.25124903e-02 2.79552083e-03 -1.45158088e-03 4.23471430e-02 2.73485027e-03 -1.43739741e-03 1.65347293e-04 6.06705527e-05 -1.41834764e-05
2398             4.25299206e-02 2.79696920e-03 -1.45198590e-03 4.23645798e-02 2.73629395e-03 -1.43780300e-03 1.65340825e-04 6.06752541e-05 -1.41829093e-05
2399             4.25469208e-02 2.79827950e-03 -1.45238203e-03 4.23815610e-02 2.73759260e-03 -1.43819261e-03 1.65359882e-04 6.06868948e-05 -1.41894229e-05
2400             4.25626820e-02 2.79960901e-03 -1.45276536e-03 4.23973295e-02 2.73892433e-03 -1.43857588e-03 1.65352425e-04 6.06846831e-05 -1.41894774e-05
2401             4.25771152e-02 2.80130700e-03 -1.45331173e-03 4.24117466e-02 2.74061649e-03 -1.43911513e-03 1.65368561e-04 6.06905132e-05 -1.41966011e-05
2402             4.25907373e-02 2.80334227e-03 -1.45397379e-03 4.24253803e-02 2.74265770e-03 -1.43977637e-03 1.65357005e-04 6.06845733e-05 -1.41974239e-05
2403             4.26046646e-02 2.80554975e-03 -1.45472944e-03 4.24392955e-02 2.74486110e-03 -1.44052408e-03 1.65369049e-04 6.06886574e-05 -1.42053589e-05
2404             4.26191068e-02 2.80807887e-03 -1.45558320e-03 4.24537523e-02 2.74739716e-03 -1.44137631e-03 1.65354416e-04 6.06817149e-05 -1.42068953e-05
2405             4.26339954e-02 2.81166738e-03 -1.45685748e-03 4.24686309e-02 2.75098238e-03 -1.44264199e-03 1.65364495e-04 6.06849958e-05 -1.42154944e-05
2406             4.26489024e-02 2.81610078e-03 -1.45843921e-03 4.24835535e-02 2.75542267e-03 -1.44422136e-03 1.65348890e-04 6.06781052e-05 -1.42178442e-05
2407             4.26630207e-02 2.82066503e-03 -1.46011804e-03 4.24976621e-02 2.75998231e-03 -1.44589068e-03 1.65358664e-04 6.06827105e-05 -1.42273606e-05
2408             4.26749004e-02 2.82417232e-03 -1.46140856e-03 4.25095573e-02 2.76349515e-03 -1.44717828e-03 1.65343137e-04 6.06771672e-05 -1.42302775e-05
2409             4.26826814e-02 2.82601575e-03 -1.46213790e-03 4.25173285e-02 2.76533439e-03 -1.44789870e-03 1.65352918e-04 6.06813619e-05 -1.42392003e-05
2410             4.26858225e-02 2.82590071e-03 -1.46214238e-03 4.25204849e-02 2.76522776e-03 -1.44790263e-03 1.65337573e-04 6.06729475e-05 -1.42397523e-05
2411             4.26842770e-02 2.82429019e-03 -1.46160564e-03 4.25189291e-02 2.76361725e-03 -1.44736086e-03 1.65347825e-04 6.06729356e-05 -1.42447765e-05
2412             4.26795769e-02 2.82157064e-03 -1.46059519e-03 4.25142437e-02 2.76090969e-03 -1.44635417e-03 1.65333144e-04 6.06609449e-05 -1.42410204e-05
2413             4.26735942e-02 2.81843553e-03 -1.45941769e-03 4.25082501e-02 2.75777583e-03 -1.44517530e-03 1.65344100e-04 6.06596957e-05 -1.42423897e-05
2414             4.26680828e-02 2.81564392e-03 -1.45832192e-03 4.25027518e-02 2.75499378e-03 -1.44408570e-03 1.65331011e-04 6.06501425e-05 -1.42362243e-05
2415             4.26635858e-02 2.81371851e-03 -1.45755357e-03 4.24982408e-02 2.75306266e-03 -1.44331674e-03 1.65344997e-04 6.06558556e-05 -1.42368307e-05
2416             4.26603271e-02 2.81214073e-03 -1.45688214e-03 4.24949910e-02 2.75148385e-03 -1.44265051e-03 1.65336091e-04 6.06568770e-05 -1.42316352e-05
2417             4.26574682e-02 2.81006294e-03 -1.45604319e-03 4.24921136e-02 2.74938919e-03 -1.44180913e-03 1.65354648e-04 6.06737528e-05 -1.42340593e-05
2418             4.26548123e-02 2.80726910e-03 -1.45491111e-03 4.24894617e-02 2.74658609e-03 -1.44068109e-03 1.65350639e-04 6.06830126e-05 -1.42300182e-05
2419             4.26514723e-02 2.80416356e-03 -1.45366608e-03 4.24860980e-02 2.74345981e-03 -1.43943378e-03 1.65374322e-04 6.07037574e-05 -1.42322931e-05
2420             4.26464885e-02 2.80115808e-03 -1.45240901e-03 4.24811139e-02 2.74044470e-03 -1.43818162e-03 1.65374623e-04 6.07133782e-05 -1.42273826e-05
2421             4.26398627e-02 2.79849203e-03 -1.45129460e-03 4.24744622e-02 2.73775923e-03 -1.43706573e-03 1.65400492e-04 6.07328042e-05 -1.42288717e-05
2422             4.26329652e-02 2.79602704e-03 -1.45022983e-03 4.24675643e-02 2.73528620e-03 -1.43600638e-03 1.65400852e-04 6.07408438e-05 -1.42234485e-05
2423             4.26279036e-02 2.79412610e-03 -1.44939240e-03 4.24624774e-02 2.73336731e-03 -1.43516773e-03 1.65426115e-04 6.07587811e-05 -1.42246716e-05
2424             4.26269868e-02 2.79339998e-03 -1.44895120e-03 4.24615599e-02 2.73263489e-03 -1.43473171e-03 1.65426894e-04 6.07650948e-05 -1.42194889e-05
2425             4.26299062e-02 2.79381280e-03 -1.44895380e-03 4.24644519e-02 2.73303192e-03 -1.43473200e-03 1.65454256e-04 6.07808777e-05 -1.42218052e-05
2426             4.26363447e-02 2.79491207e-03 -1.44919793e-03 4.24708865e-02 2.73412788e-03 -1.43497967e-03 1.65458202e-04 6.07841892e-05 -1.42182544e-05
2427             4.26456063e-02 2.79644625e-03 -1.44964085e-03 4.24801174e-02 2.73565077e-03 -1.43541865e-03 1.65488926e-04 6.07954869e-05 -1.42222017e-05
2428             4.26564496e-02 2.79783182e-03 -1.45001974e-03 4.24909542e-02 2.73703937e-03 -1.43579975e-03 1.65495386e-04 6.07924461e-05 -1.42199904e-05
2429             4.26668950e-02 2.79912063e-03 -1.45041076e-03 4.25013682e-02 2.73832470e-03 -1.43618590e-03 1.65526861e-04 6.07959285e-05 -1.42248579e-05
2430             4.26759455e-02 2.80043862e-03 -1.45080981e-03 4.25104138e-02 2.73965371e-03 -1.43658672e-03 1.65531716e-04 6.07849129e-05 -1.42230863e-05
2431             4.26832844e-02 2.80209805e-03 -1.45137299e-03 4.25177249e-02 2.74131610e-03 -1.43714477e-03 1.65559482e-04 6.07819459e-05 -1.42282218e-05
2432             4.26897732e-02 2.80409152e-03 -1.45204201e-03 4.25242140e-02 2.74332477e-03 -1.43781510e-03 1.65559188e-04 6.07667502e-05 -1.42269140e-05
2433             4.26964027e-02 2.80627625e-03 -1.45281176e-03 4.25308212e-02 2.74551486e-03 -1.43857903e-03 1.65581544e-04 6.07613960e-05 -1.42327320e-05
2434             4.27038421e-02 2.80874771e-03 -1.45367808e-03 4.25382651e-02 2.74800324e-03 -1.43944617e-03 1.65576920e-04 6.07444625e-05 -1.42319119e-05
2435             4.27118041e-02 2.81225586e-03 -1.45495720e-03 4.25462072e-02 2.75151803e-03 -1.44071921e-03 1.65596930e-04 6.07378266e-05 -1.42379851e-05
2436             4.27195970e-02 2.81667866e-03 -1.45656737e-03 4.25540057e-02 2.75595790e-03 -1.44232964e-03 1.65591279e-04 6.07207601e-05 -1.42377261e-05
2437             4.27259349e-02 2.82131644e-03 -1.45832019e-03 4.25603248e-02 2.76060103e-03 -1.44407539e-03 1.65610138e-04 6.07154118e-05 -1.42447999e-05
2438             4.27304603e-02 2.82492592e-03 -1.45971346e-03 4.25648574e-02 2.76422618e-03 -1.44546834e-03 1.65602954e-04 6.06997444e-05 -1.42451210e-05
2439             4.27318905e-02 2.82685031e-03 -1.46053055e-03 4.25662697e-02 2.76615647e-03 -1.44627926e-03 1.65620761e-04 6.06938453e-05 -1.42512880e-05
2440             4.27292033e-02 2.82678345e-03 -1.46058713e-03 4.25635899e-02 2.76610885e-03 -1.44633820e-03 1.65613406e-04 6.06745985e-05 -1.42489295e-05
2441             4.27219002e-02 2.82521246e-03 -1.46009911e-03 4.25562689e-02 2.76454940e-03 -1.44584803e-03 1.65631279e-04 6.06630554e-05 -1.42510859e-05
2442             4.27116138e-02 2.82252492e-03 -1.45915746e-03 4.25459900e-02 2.76188635e-03 -1.44491329e-03 1.65623887e-04 6.06385647e-05 -1.42441713e-05
2443             4.26997198e-02 2.81940600e-03 -1.45804830e-03 4.25340778e-02 2.75878127e-03 -1.44380611e-03 1.65641957e-04 6.06247311e-05 -1.42421925e-05
2444             4.26883793e-02 2.81660887e-03 -1.45700499e-03 4.25227439e-02 2.75600647e-03 -1.44277237e-03 1.65635446e-04 6.06024007e-05 -1.42326195e-05
2445             4.26782760e-02 2.81473493e-03 -1.45631344e-03 4.25126209e-02 2.75413938e-03 -1.44208339e-03 1.65655101e-04 6.05955595e-05 -1.42300458e-05
2446             4.26691836e-02 2.81325084e-03 -1.45574284e-03 4.25035325e-02 2.75266687e-03 -1.44152126e-03 1.65651150e-04 6.05839715e-05 -1.42215797e-05
2447             4.26601779e-02 2.81136047e-03 -1.45503671e-03 4.24945034e-02 2.75077177e-03 -1.44081599e-03 1.65674515e-04 6.05886949e-05 -1.42207118e-05
2448             4.26512689e-02 2.80877814e-03 -1.45402955e-03 4.24855939e-02 2.74819221e-03 -1.43981608e-03 1.65675010e-04 6.05859327e-05 -1.42134698e-05
2449             4.26414317e-02 2.80581583e-03 -1.45289324e-03 4.24757291e-02 2.74522083e-03 -1.43868036e-03 1.65702605e-04 6.05950080e-05 -1.42128780e-05
2450             4.26304089e-02 2.80288681e-03 -1.45173993e-03 4.24647027e-02 2.74229372e-03 -1.43753487e-03 1.65706290e-04 6.05930910e-05 -1.42050662e-05
2451             4.26180277e-02 2.80026433e-03 -1.45070658e-03 4.24522922e-02 2.73966270e-03 -1.43650295e-03 1.65735516e-04 6.06016252e-05 -1.42036353e-05
2452             4.26053883e-02 2.79788561e-03 -1.44972180e-03 4.24396494e-02 2.73728659e-03 -1.43552647e-03 1.65738913e-04 6.05990209e-05 -1.41953296e-05
2453             4.25941125e-02 2.79599807e-03 -1.44893709e-03 4.24283459e-02 2.73539136e-03 -1.43474314e-03 1.65766598e-04 6.06067156e-05 -1.41939549e-05
2454             4.25866374e-02 2.79524719e-03 -1.44855470e-03 4.24208684e-02 2.73464430e-03 -1.43436860e-03 1.65769029e-04 6.06028978e-05 -1.41861019e-05
2455             4.25829265e-02 2.79565401e-03 -1.44863126e-03 4.24171287e-02 2.73504476e-03 -1.43444551e-03 1.65797868e-04 6.06092498e-05 -1.41857484e-05
2456             4.25832389e-02 2.79675290e-03 -1.44894292e-03 4.24174360e-02 2.73614919e-03 -1.43476332e-03 1.65802935e-04 6.06037127e-05 -1.41796039e-05
2457             4.25866924e-02 2.79833789e-03 -1.44946827e-03 4.24208580e-02 2.73773090e-03 -1.43528697e-03 1.65834451e-04 6.06069846e-05 -1.41813023e-05
2458             4.25920983e-02 2.79979517e-03 -1.44994612e-03 4.24262573e-02 2.73919876e-03 -1.43576922e-03 1.65841089e-04 6.05964044e-05 -1.41769021e-05
2459             4.25974503e-02 2.80113210e-03 -1.45042396e-03 4.24315777e-02 2.74053894e-03 -1.43624423e-03 1.65872611e-04 6.05931669e-05 -1.41797238e-05
2460             4.26012198e-02 2.80244814e-03 -1.45088829e-03 4.24353430e-02 2.74187212e-03 -1.43671224e-03 1.65876873e-04 6.05760264e-05 -1.41760489e-05
2461             4.26031981e-02 2.80401053e-03 -1.45148875e-03 4.24372947e-02 2.74344296e-03 -1.43730914e-03 1.65903313e-04 6.05675717e-05 -1.41796170e-05
2462             4.26041472e-02 2.80589906e-03 -1.45220477e-03 4.24382464e-02 2.74535161e-03 -1.43802800e-03 1.65900712e-04 6.05474477e-05 -1.41767755e-05
2463             4.26054833e-02 2.80804599e-03 -1.45304021e-03 4.24395627e-02 2.74750804e-03 -1.43885903e-03 1.65920628e-04 6.05379473e-05 -1.41811816e-05
2464             4.26077531e-02 2.81049713e-03 -1.45395998e-03 4.24418400e-02 2.74997947e-03 -1.43978084e-03 1.65913109e-04 6.05176627e-05 -1.41791428e-05
2465             4.26108146e-02 2.81394701e-03 -1.45527737e-03 4.24448847e-02 2.75343888e-03 -1.44109300e-03 1.65929881e-04 6.05081270e-05 -1.41843675e-05
2466             4.26143151e-02 2.81835209e-03 -1.45695200e-03 4.24483947e-02 2.75786318e-03 -1.44276863e-03 1.65920369e-04 6.04889169e-05 -1.41833732e-05
2467             4.26168734e-02 2.82303550e-03 -1.45878989e-03 4.24509379e-02 2.76255351e-03 -1.44460002e-03 1.65935506e-04 6.04819845e-05 -1.41898743e-05
2468             4.26177542e-02 2.82678696e-03 -1.46029105e-03 4.24518298e-02 2.76632095e-03 -1.44610112e-03 1.65924421e-04 6.04660083e-05 -1.41899317e-05
2469             4.26150754e-02 2.82889852e-03 -1.46124241e-03 4.24491373e-02 2.76843852e-03 -1.44704616e-03 1.65938055e-04 6.04600013e-05 -1.41962557e-05
2470             4.26082350e-02 2.82893500e-03 -1.46142402e-03 4.24423088e-02 2.76849299e-03 -1.44722980e-03 1.65926194e-04 6.04420102e-05 -1.41942122e-05
2471             4.25968397e-02 2.82742411e-03 -1.46104164e-03 4.24309002e-02 2.76699277e-03 -1.44684501e-03 1.65939435e-04 6.04313402e-05 -1.41966326e-05
2472             4.25824273e-02 2.82478614e-03 -1.46018229e-03 4.24165000e-02 2.76437665e-03 -1.44599209e-03 1.65927304e-04 6.04094851e-05 -1.41901922e-05
2473             4.25664627e-02 2.82163976e-03 -1.45912867e-03 4.24005230e-02 2.76124325e-03 -1.44493992e-03 1.65939712e-04 6.03965136e-05 -1.41887542e-05
2474             4.25509531e-02 2.81868820e-03 -1.45810251e-03 4.23850255e-02 2.75831116e-03 -1.44392276e-03 1.65927550e-04 6.03770405e-05 -1.41797512e-05
2475             4.25366937e-02 2.81663756e-03 -1.45741355e-03 4.23707526e-02 2.75626722e-03 -1.44323626e-03 1.65941096e-04 6.03703405e-05 -1.41772943e-05
2476             4.25240265e-02 2.81507717e-03 -1.45686314e-03 4.23580946e-02 2.75471543e-03 -1.44269396e-03 1.65931883e-04 6.03617371e-05 -1.41691778e-05
2477             4.25117843e-02 2.81322958e-03 -1.45622761e-03 4.23458354e-02 2.75286311e-03 -1.44205897e-03 1.65948973e-04 6.03664704e-05 -1.41686335e-05
2478             4.24992330e-02 2.81068750e-03 -1.45531541e-03 4.23332892e-02 2.75032031e-03 -1.44115338e-03 1.65943757e-04 6.03671913e-05 -1.41620377e-05
2479             4.24857993e-02 2.80770229e-03 -1.45424577e-03 4.23198344e-02 2.74732501e-03 -1.44008397e-03 1.65964906e-04 6.03772813e-05 -1.41617950e-05
2480             4.24711349e-02 2.80472815e-03 -1.45312682e-03 4.23051720e-02 2.74434820e-03 -1.43897213e-03 1.65962892e-04 6.03799487e-05 -1.41546930e-05
2481             4.24552493e-02 2.80203319e-03 -1.45211539e-03 4.22892641e-02 2.74164330e-03 -1.43796151e-03 1.65985242e-04 6.03898913e-05 -1.41538733e-05
2482             4.24390891e-02 2.79957529e-03 -1.45116246e-03 4.22731067e-02 2.73918331e-03 -1.43701606e-03 1.65982368e-04 6.03919800e-05 -1.41464046e-05
2483             4.24244558e-02 2.79753131e-03 -1.45038583e-03 4.22584527e-02 2.73713012e-03 -1.43624039e-03 1.66003018e-04 6.04011964e-05 -1.41454355e-05
2484             4.24139829e-02 2.79657749e-03 -1.44997927e-03 4.22479837e-02 2.73617508e-03 -1.43584101e-03 1.65999191e-04 6.04024086e-05 -1.41382691e-05
2485             4.24078221e-02 2.79678913e-03 -1.45002597e-03 4.22418015e-02 2.73637898e-03 -1.43588760e-03 1.66020586e-04 6.04101509e-05 -1.41383650e-05
2486             4.24059170e-02 2.79773370e-03 -1.45032751e-03 4.22398979e-02 2.73732452e-03 -1.43619466e-03 1.66019019e-04 6.04091844e-05 -1.41328454e-05
2487             4.24072995e-02 2.79919222e-03 -1.45085953e-03 4.22412562e-02 2.73877888e-03 -1.43672485e-03 1.66043303e-04 6.04133380e-05 -1.41346743e-05
2488             4.24105605e-02 2.80057359e-03 -1.45135220e-03 4.22445166e-02 2.74016629e-03 -1.43722147e-03 1.66043899e-04 6.04072978e-05 -1.41307284e-05
2489             4.24133990e-02 2.80180885e-03 -1.45183418e-03 4.22473306e-02 2.74140401e-03 -1.43770042e-03 1.66068337e-04 6.04048406e-05 -1.41337630e-05
2490             4.24147164e-02 2.80300068e-03 -1.45229718e-03 4.22486498e-02 2.74260881e-03 -1.43816665e-03 1.66066510e-04 6.03918697e-05 -1.41305304e-05
2491             4.24145744e-02 2.80437109e-03 -1.45286345e-03 4.22484881e-02 2.74398739e-03 -1.43872940e-03 1.66086373e-04 6.03836994e-05 -1.41340495e-05
2492             4.24135740e-02 2.80613233e-03 -1.45355327e-03 4.22474952e-02 2.74576484e-03 -1.43942174e-03 1.66078766e-04 6.03674943e-05 -1.41315248e-05
2493             4.24124453e-02 2.80823615e-03 -1.45439735e-03 4.22463525e-02 2.74787782e-03 -1.44026125e-03 1.66092745e-04 6.03583288e-05 -1.41360975e-05
2494             4.24120419e-02 2.81065497e-03 -1.45533982e-03 4.22459616e-02 2.75031259e-03 -1.44120519e-03 1.66080337e-04 6.03423729e-05 -1.41346316e-05
2495             4.24129429e-02 2.81397932e-03 -1.45664717e-03 4.22468513e-02 2.75364543e-03 -1.44250710e-03 1.66091621e-04 6.03338919e-05 -1.41400624e-05
2496             4.24147918e-02 2.81827571e-03 -1.45829918e-03 4.22487136e-02 2.75795661e-03 -1.44415957e-03 1.66078181e-04 6.03190991e-05 -1.41396062e-05
2497             4.24159053e-02 2.82286437e-03 -1.46011269e-03 4.22498165e-02 2.76255177e-03 -1.44596634e-03 1.66088802e-04 6.03126028e-05 -1.41463473e-05
2498             4.24157914e-02 2.82660619e-03 -1.46163614e-03 4.22497171e-02 2.76630664e-03 -1.44748936e-03 1.66074321e-04 6.02995542e-05 -1.41467777e-05
2499             4.24120233e-02 2.82871059e-03 -1.46261608e-03 4.22459391e-02 2.76841714e-03 -1.44846301e-03 1.66084141e-04 6.02934490e-05 -1.41530726e-05
2500             4.24042333e-02 2.82881429e-03 -1.46283532e-03 4.22381641e-02 2.76853608e-03 -1.44868395e-03 1.66069289e-04 6.02782125e-05 -1.41513681e-05
2501             4.23922853e-02 2.82739486e-03 -1.46249971e-03 4.22262063e-02 2.76712684e-03 -1.44834555e-03 1.66079029e-04 6.02680240e-05 -1.41541544e-05
2502             4.23775856e-02 2.82481306e-03 -1.46168585e-03 4.22115214e-02 2.76456460e-03 -1.44753761e-03 1.66064119e-04 6.02484584e-05 -1.41482412e-05
2503             4.23612046e-02 2.82159983e-03 -1.46062781e-03 4.21951303e-02 2.76136351e-03 -1.44648077e-03 1.66074266e-04 6.02363164e-05 -1.41470476e-05
2504             4.23451080e-02 2.81847303e-03 -1.45954392e-03 4.21790476e-02 2.75825476e-03 -1.44540560e-03 1.66060385e-04 6.02182695e-05 -1.41383220e-05
2505             4.23303423e-02 2.81624494e-03 -1.45880032e-03 4.21642700e-02 2.75603269e-03 -1.44466412e-03 1.66072310e-04 6.02122450e-05 -1.41362081e-05
2506             4.23172874e-02 2.81463813e-03 -1.45825878e-03 4.21512266e-02 2.75443385e-03 -1.44413042e-03 1.66060786e-04 6.02042726e-05 -1.41283598e-05
2507             4.23048890e-02 2.81287472e-03 -1.45767527e-03 4.21388131e-02 2.75266422e-03 -1.44354714e-03 1.66075966e-04 6.02104983e-05 -1.41281310e-05
2508             4.22928543e-02 2.81043067e-03 -1.45679867e-03 4.21267863e-02 2.75021780e-03 -1.44267666e-03 1.66067956e-04 6.02128659e-05 -1.41220108e-05
2509             4.22801455e-02 2.80746694e-03 -1.45574712e-03 4.21140590e-02 2.74724148e-03 -1.44162449e-03 1.66086450e-04 6.02254558e-05 -1.41226287e-05
2510             4.22662505e-02 2.80443360e-03 -1.45463915e-03 4.21001698e-02 2.74420357e-03 -1.44052289e-03 1.66080667e-04 6.02300321e-05 -1.41162572e-05
2511             4.22512601e-02 2.80165607e-03 -1.45362955e-03 4.20851601e-02 2.74141315e-03 -1.43951343e-03 1.66100036e-04 6.02429138e-05 -1.41161153e-05
2512             4.22361642e-02 2.79914345e-03 -1.45266599e-03 4.20700710e-02 2.73889645e-03 -1.43855680e-03 1.66093229e-04 6.02470002e-05 -1.41091879e-05
2513             4.22223991e-02 2.79700815e-03 -1.45185561e-03 4.20562886e-02 2.73674904e-03 -1.43774661e-03 1.66110466e-04 6.02591125e-05 -1.41089989e-05
2514             4.22125974e-02 2.79592072e-03 -1.45141546e-03 4.20464955e-02 2.73565896e-03 -1.43731311e-03 1.66101914e-04 6.02617646e-05 -1.41023495e-05
2515             4.22066477e-02 2.79600247e-03 -1.45143308e-03 4.20405282e-02 2.73573014e-03 -1.43733013e-03 1.66119528e-04 6.02723334e-05 -1.41029505e-05
2516             4.22044527e-02 2.79685145e-03 -1.45170739e-03 4.20383398e-02 2.73657865e-03 -1.43760964e-03 1.66112921e-04 6.02728022e-05 -1.40977494e-05
2517             4.22056055e-02 2.79824721e-03 -1.45222634e-03 4.20394724e-02 2.73796724e-03 -1.43812614e-03 1.66133126e-04 6.02799626e-05 -1.41001966e-05
2518             4.22091504e-02 2.79958601e-03 -1.45272391e-03 4.20430217e-02 2.73931078e-03 -1.43862728e-03 1.66128738e-04 6.02752295e-05 -1.40966233e-05
2519             4.22130228e-02 2.80078511e-03 -1.45321427e-03 4.20468725e-02 2.74050907e-03 -1.43911412e-03 1.66150379e-04 6.02760363e-05 -1.41001557e-05
2520             4.22158563e-02 2.80191480e-03 -1.45366469e-03 4.20497109e-02 2.74165029e-03 -1.43956745e-03 1.66145418e-04 6.02645135e-05 -1.40972334e-05
2521             4.22171106e-02 2.80313782e-03 -1.45418335e-03 4.20509466e-02 2.74287805e-03 -1.44008195e-03 1.66164007e-04 6.02597668e-05 -1.41013935e-05
2522             4.22173074e-02 2.80475898e-03 -1.45483685e-03 4.20511535e-02 2.74451427e-03 -1.44073768e-03 1.66153828e-04 6.02447128e-05 -1.40991663e-05
2523             4.22177710e-02 2.80674783e-03 -1.45564912e-03 4.20516041e-02 2.74650874e-03 -1.44154491e-03 1.66166910e-04 6.02390876e-05 -1.41042101e-05
2524             4.22197521e-02 2.80904973e-03 -1.45654715e-03 4.20535999e-02 2.74882512e-03 -1.44244410e-03 1.66152176e-04 6.02246060e-05 -1.41030465e-05
2525             4.22227297e-02 2.81222054e-03 -1.45779303e-03 4.20565673e-02 2.75200020e-03 -1.44368373e-03 1.66162431e-04 6.02203425e-05 -1.41092972e-05
2526             4.22265110e-02 2.81642627e-03 -1.45941748e-03 4.20603650e-02 2.75621848e-03 -1.44530801e-03 1.66145948e-04 6.02077910e-05 -1.41094702e-05
2527             4.22295421e-02 2.82099777e-03 -1.46122775e-03 4.20633872e-02 2.76079100e-03 -1.44711053e-03 1.66154953e-04 6.02067696e-05 -1.41172115e-05
2528             4.22311482e-02 2.82489265e-03 -1.46279506e-03 4.20650112e-02 2.76469533e-03 -1.44867646e-03 1.66136930e-04 6.01973218e-05 -1.41186012e-05
2529             4.22291902e-02 2.82720265e-03 -1.46383369e-03 4.20630458e-02 2.76700489e-03 -1.44970721e-03 1.66144461e-04 6.01977607e-05 -1.41264840e-05
2530             4.22232538e-02 2.82748913e-03 -1.46412268e-03 4.20571284e-02 2.76730263e-03 -1.44999658e-03 1.66125379e-04 6.01864984e-05 -1.41261012e-05
2531             4.22136824e-02 2.82617984e-03 -1.46383677e-03 4.20475495e-02 2.76599676e-03 -1.44970635e-03 1.66132876e-04 6.01830736e-05 -1.41304204e-05
2532             4.22013199e-02 2.82363952e-03 -1.46304050e-03 4.20352058e-02 2.76347182e-03 -1.44891474e-03 1.66114048e-04 6.01676994e-05 -1.41257602e-05
2533             4.21864474e-02 2.82037453e-03 -1.46196579e-03 4.20203259e-02 2.76021228e-03 -1.44783957e-03 1.66121474e-04 6.01622488e-05 -1.41262127e-05
2534             4.21714477e-02 2.81707274e-03 -1.46083202e-03 4.20053452e-02 2.75692479e-03 -1.44671340e-03 1.66102469e-04 6.01479475e-05 -1.41186174e-05
2535             4.21587829e-02 2.81462623e-03 -1.46001285e-03 4.19926719e-02 2.75447838e-03 -1.44589526e-03 1.66111023e-04 6.01478433e-05 -1.41175834e-05
2536             4.21488703e-02 2.81287958e-03 -1.45940403e-03 4.19827755e-02 2.75273679e-03 -1.44529363e-03 1.66094866e-04 6.01427947e-05 -1.41103914e-05
2537             4.21395916e-02 2.81109173e-03 -1.45880048e-03 4.19734843e-02 2.75093774e-03 -1.44468929e-03 1.66107276e-04 6.01539872e-05 -1.41111892e-05
2538             4.21305388e-02 2.80867154e-03 -1.45793926e-03 4.19644440e-02 2.74851263e-03 -1.44383347e-03 1.66094806e-04 6.01589165e-05 -1.41057888e-05
2539             4.21209160e-02 2.80571654e-03 -1.45688791e-03 4.19548058e-02 2.74554000e-03 -1.44278062e-03 1.66110262e-04 6.01765344e-05 -1.41072931e-05
2540             4.21100056e-02 2.80263547e-03 -1.45573944e-03 4.19439061e-02 2.74245141e-03 -1.44163781e-03 1.66099516e-04 6.01840584e-05 -1.41016292e-05
2541             4.20978937e-02 2.79977578e-03 -1.45467976e-03 4.19317789e-02 2.73957403e-03 -1.44057719e-03 1.66114788e-04 6.02017542e-05 -1.41025748e-05
2542             4.20858462e-02 2.79723077e-03 -1.45370557e-03 4.19197440e-02 2.73702222e-03 -1.43960913e-03 1.66102181e-04 6.02085532e-05 -1.40964367e-05
2543             4.20750067e-02 2.79496989e-03 -1.45284984e-03 4.19088915e-02 2.73474446e-03 -1.43875273e-03 1.66115178e-04 6.02254328e-05 -1.40971034e-05
2544             4.20685759e-02 2.79372365e-03 -1.45232756e-03 4.19024747e-02 2.73349258e-03 -1.43823648e-03 1.66101173e-04 6.02310669e-05 -1.40910840e-05
2545             4.20663549e-02 2.79374356e-03 -1.45229444e-03 4.19002404e-02 2.73349727e-03 -1.43820182e-03 1.66114503e-04 6.02462925e-05 -1.40926143e-05
2546             4.20679758e-02 2.79463814e-03 -1.45256982e-03 4.19018736e-02 2.73438825e-03 -1.43848166e-03 1.66102230e-04 6.02498934e-05 -1.40881536e-05
2547             4.20729869e-02 2.79610661e-03 -1.45309271e-03 4.19068689e-02 2.73584441e-03 -1.43900121e-03 1.66117982e-04 6.02621927e-05 -1.40915075e-05
2548             4.20804273e-02 2.79752942e-03 -1.45358515e-03 4.19143195e-02 2.73726815e-03 -1.43949638e-03 1.66107876e-04 6.02612762e-05 -1.40887704e-05
2549             4.20883999e-02 2.79878594e-03 -1.45406080e-03 4.19222751e-02 2.73851865e-03 -1.43996736e-03 1.66124744e-04 6.02672887e-05 -1.40934463e-05
2550             4.20951307e-02 2.79993111e-03 -1.45449446e-03 4.19290167e-02 2.73967180e-03 -1.44040303e-03 1.66113983e-04 6.02593020e-05 -1.40914277e-05
2551             4.21000439e-02 2.80109988e-03 -1.45497211e-03 4.19339158e-02 2.74084075e-03 -1.44087566e-03 1.66128149e-04 6.02591377e-05 -1.40964508e-05
2552             4.21041335e-02 2.80262264e-03 -1.45555156e-03 4.19380207e-02 2.74237565e-03 -1.44145671e-03 1.66112804e-04 6.02469905e-05 -1.40948495e-05
2553             4.21083997e-02 2.80451219e-03 -1.45628932e-03 4.19422781e-02 2.74426738e-03 -1.44218870e-03 1.66121551e-04 6.02448142e-05 -1.41006212e-05
2554             4.21142126e-02 2.80662624e-03 -1.45709149e-03 4.19481112e-02 2.74639408e-03 -1.44299160e-03 1.66101438e-04 6.02321586e-05 -1.40998881e-05
2555             4.21210605e-02 2.80952376e-03 -1.45821440e-03 4.19549531e-02 2.74929341e-03 -1.44410797e-03 1.66107414e-04 6.02303530e-05 -1.41064353e-05
2556             4.21292216e-02 2.81351881e-03 -1.45972755e-03 4.19631353e-02 2.75329956e-03 -1.44562079e-03 1.66086275e-04 6.02192546e-05 -1.41067661e-05
2557             4.21370068e-02 2.81799363e-03 -1.46146721e-03 4.19709151e-02 2.75777313e-03 -1.44735232e-03 1.66091679e-04 6.02205000e-05 -1.41148891e-05
2558             4.21437755e-02 2.82193520e-03 -1.46302379e-03 4.19777059e-02 2.76172221e-03 -1.44890715e-03 1.66069657e-04 6.02129885e-05 -1.41166465e-05
2559             4.21470935e-02 2.82436032e-03 -1.46407091e-03 4.19810194e-02 2.76414399e-03 -1.44994593e-03 1.66074037e-04 6.02163339e-05 -1.41249829e-05
2560             4.21467397e-02 2.82484371e-03 -1.46438242e-03 4.19806886e-02 2.76463590e-03 -1.45025722e-03 1.66051176e-04 6.02078139e-05 -1.41251989e-05
2561             4.21423091e-02 2.82371258e-03 -1.46411082e-03 4.19762543e-02 2.76350532e-03 -1.44998046e-03 1.66054811e-04 6.02072517e-05 -1.41303673e-05
2562             4.21346047e-02 2.82131157e-03 -1.46333090e-03 4.19685737e-02 2.76111744e-03 -1.44920443e-03 1.66031025e-04 6.01941239e-05 -1.41264692e-05
2563             4.21248871e-02 2.81814089e-03 -1.46225854e-03 4.19588535e-02 2.75795011e-03 -1.44813104e-03 1.66033663e-04 6.01907834e-05 -1.41274982e-05
2564             4.21154418e-02 2.81489668e-03 -1.46109568e-03 4.19494324e-02 2.75471848e-03 -1.44697523e-03 1.66009451e-04 6.01782030e-05 -1.41204537e-05
2565             4.21075242e-02 2.81245462e-03 -1.46022677e-03 4.19415114e-02 2.75227534e-03 -1.44610675e-03 1.66012765e-04 6.01792779e-05 -1.41200167e-05
2566             4.21014520e-02 2.81076960e-03 -1.45960982e-03 4.19354612e-02 2.75059460e-03 -1.44549655e-03 1.65990739e-04 6.01749960e-05 -1.41132717e-05
2567             4.20967449e-02 2.80910511e-03 -1.45901918e-03 4.19307472e-02 2.74891837e-03 -1.44490489e-03 1.65997741e-04 6.01867328e-05 -1.41142944e-05
2568             4.20929293e-02 2.80679344e-03 -1.45815300e-03 4.19269491e-02 2.74660116e-03 -1.44404383e-03 1.65980234e-04 6.01922748e-05 -1.41091693e-05
2569             4.20882207e-02 2.80386897e-03 -1.45707361e-03 4.19222294e-02 2.74365885e-03 -1.44296257e-03 1.65991264e-04 6.02101230e-05 -1.41110395e-05
2570             4.20822475e-02 2.80075416e-03 -1.45589128e-03 4.19162710e-02 2.74053639e-03 -1.44178563e-03 1.65976474e-04 6.02177737e-05 -1.41056478e-05
2571             4.20752592e-02 2.79783139e-03 -1.45478314e-03 4.19092705e-02 2.73759593e-03 -1.44067651e-03 1.65988700e-04 6.02354619e-05 -1.41066258e-05
2572             4.20686816e-02 2.79526298e-03 -1.45375548e-03 4.19027081e-02 2.73502054e-03 -1.43965492e-03 1.65973548e-04 6.02424426e-05 -1.41005571e-05
2573             4.20631572e-02 2.79295742e-03 -1.45284131e-03 4.18971729e-02 2.73269800e-03 -1.43873989e-03 1.65984233e-04 6.02594248e-05 -1.41014223e-05
2574             4.20611560e-02 2.79159759e-03 -1.45225485e-03 4.18951883e-02 2.73133207e-03 -1.43815923e-03 1.65967647e-04 6.02655116e-05 -1.40956186e-05
2575             4.20632052e-02 2.79153793e-03 -1.45217187e-03 4.18972268e-02 2.73125635e-03 -1.43807462e-03 1.65978416e-04 6.02815780e-05 -1.40972476e-05
2576             4.20694466e-02 2.79246492e-03 -1.45242728e-03 4.19034833e-02 2.73217820e-03 -1.43833424e-03 1.65963329e-04 6.02867250e-05 -1.40930380e-05
2577             4.20792818e-02 2.79399685e-03 -1.45294401e-03 4.19133058e-02 2.73369587e-03 -1.43884715e-03 1.65976048e-04 6.03009865e-05 -1.40968561e-05
2578             4.20915525e-02 2.79550482e-03 -1.45344210e-03 4.19255897e-02 2.73520228e-03 -1.43934742e-03 1.65962744e-04 6.03025352e-05 -1.40946801e-05
2579             4.21042219e-02 2.79683999e-03 -1.45391230e-03 4.19382453e-02 2.73652887e-03 -1.43981247e-03 1.65976537e-04 6.03111154e-05 -1.40998309e-05
2580             4.21154772e-02 2.79805287e-03 -1.45432666e-03 4.19495146e-02 2.73774711e-03 -1.44022830e-03 1.65962628e-04 6.03057619e-05 -1.40983671e-05
2581             4.21246289e-02 2.79928191e-03 -1.45478366e-03 4.19586556e-02 2.73897400e-03 -1.44067966e-03 1.65973371e-04 6.03079065e-05 -1.41039982e-05
2582             4.21327330e-02 2.80080859e-03 -1.45533487e-03 4.19667786e-02 2.74051064e-03 -1.44123190e-03 1.65954402e-04 6.02979525e-05 -1.41029689e-05
2583             4.21411526e-02 2.80265421e-03 -1.45602323e-03 4.19751928e-02 2.74235646e-03 -1.44191412e-03 1.65959770e-04 6.02977460e-05 -1.41091142e-05
2584             4.21509608e-02 2.80468107e-03 -1.45674249e-03 4.19850240e-02 2.74439419e-03 -1.44263373e-03 1.65936734e-04 6.02868827e-05 -1.41087543e-05
2585             4.21618260e-02 2.80743066e-03 -1.45775614e-03 4.19958859e-02 2.74714447e-03 -1.44364052e-03 1.65940074e-04 6.02861902e-05 -1.41156177e-05
2586             4.21737294e-02 2.81132098e-03 -1.45919085e-03 4.20078126e-02 2.75104531e-03 -1.44507473e-03 1.65916822e-04 6.02756631e-05 -1.41161177e-05
2587             4.21855178e-02 2.81577335e-03 -1.46088159e-03 4.20195972e-02 2.75549624e-03 -1.44675742e-03 1.65920692e-04 6.02771072e-05 -1.41241748e-05
2588             4.21967462e-02 2.81980232e-03 -1.46241095e-03 4.20308486e-02 2.75953259e-03 -1.44828499e-03 1.65897612e-04 6.02697290e-05 -1.41259585e-05
2589             4.22047685e-02 2.82237765e-03 -1.46346145e-03 4.20388678e-02 2.76210469e-03 -1.44932699e-03 1.65900780e-04 6.02729551e-05 -1.41344601e-05
2590             4.22094973e-02 2.82312828e-03 -1.46384437e-03 4.20436207e-02 2.76286382e-03 -1.44970944e-03 1.65876632e-04 6.02644582e-05 -1.41349289e-05
2591             4.22095639e-02 2.82216220e-03 -1.46361076e-03 4.20436852e-02 2.76189801e-03 -1.44947047e-03 1.65878777e-04 6.02641905e-05 -1.41402911e-05
2592             4.22064513e-02 2.81985157e-03 -1.46282584e-03 4.20405979e-02 2.75959996e-03 -1.44868911e-03 1.65853395e-04 6.02516094e-05 -1.41367301e-05
2593             4.22013196e-02 2.81670352e-03 -1.46172400e-03 4.20354658e-02 2.75645490e-03 -1.44758581e-03 1.65853712e-04 6.02486222e-05 -1.41381822e-05
2594             4.21963604e-02 2.81345442e-03 -1.46054086e-03 4.20305334e-02 2.75321808e-03 -1.44640937e-03 1.65826920e-04 6.02363338e-05 -1.41314887e-05
2595             4.21931232e-02 2.81102419e-03 -1.45965723e-03 4.20272957e-02 2.75078631e-03 -1.44552604e-03 1.65827462e-04 6.02378725e-05 -1.41311890e-05
2596             4.21917441e-02 2.80943937e-03 -1.45904121e-03 4.20259413e-02 2.74920500e-03 -1.44491650e-03 1.65802821e-04 6.02343736e-05 -1.41247126e-05
2597             4.21913234e-02 2.80795682e-03 -1.45848123e-03 4.20255169e-02 2.74770991e-03 -1.44435505e-03 1.65806561e-04 6.02469122e-05 -1.41261811e-05
2598             4.21912999e-02 2.80579531e-03 -1.45764874e-03 4.20255143e-02 2.74554200e-03 -1.44352718e-03 1.65785553e-04 6.02533103e-05 -1.41215559e-05
2599             4.21903757e-02 2.80297065e-03 -1.45658232e-03 4.20245829e-02 2.74269856e-03 -1.44245857e-03 1.65792822e-04 6.02720926e-05 -1.41237516e-05
2600             4.21879905e-02 2.79991961e-03 -1.45538374e-03 4.20222161e-02 2.73963888e-03 -1.44126498e-03 1.65774462e-04 6.02807234e-05 -1.41187632e-05
2601             4.21842852e-02 2.79703316e-03 -1.45425419e-03 4.20185027e-02 2.73673394e-03 -1.44013397e-03 1.65782526e-04 6.02992245e-05 -1.41202130e-05
2602             4.21808759e-02 2.79450990e-03 -1.45322518e-03 4.20151126e-02 2.73420288e-03 -1.43911059e-03 1.65763321e-04 6.03070255e-05 -1.41145892e-05
2603             4.21787541e-02 2.79224334e-03 -1.45229975e-03 4.20129842e-02 2.73191833e-03 -1.43818405e-03 1.65769942e-04 6.03250032e-05 -1.41157019e-05
2604             4.21798353e-02 2.79087552e-03 -1.45166730e-03 4.20140855e-02 2.73054335e-03 -1.43755709e-03 1.65749772e-04 6.03321718e-05 -1.41102093e-05
2605             4.21845583e-02 2.79082291e-03 -1.45154307e-03 4.20188017e-02 2.73047378e-03 -1.43743089e-03 1.65756644e-04 6.03491310e-05 -1.41121755e-05
2606             4.21934493e-02 2.79182738e-03 -1.45179292e-03 4.20277110e-02 2.73147231e-03 -1.43768464e-03 1.65738300e-04 6.03550618e-05 -1.41082804e-05
2607             4.22058616e-02 2.79342509e-03 -1.45230132e-03 4.20401135e-02 2.73305490e-03 -1.43818907e-03 1.65748159e-04 6.03701941e-05 -1.41122420e-05
2608             4.22205334e-02 2.79504991e-03 -1.45281125e-03 4.20548004e-02 2.73467710e-03 -1.43870094e-03 1.65733024e-04 6.03728148e-05 -1.41103164e-05
2609             4.22356498e-02 2.79648750e-03 -1.45329564e-03 4.20699047e-02 2.73610481e-03 -1.43917982e-03 1.65745085e-04 6.03826880e-05 -1.41158187e-05
2610             4.22496469e-02 2.79775822e-03 -1.45371711e-03 4.20839165e-02 2.73737943e-03 -1.43960236e-03 1.65730351e-04 6.03787889e-05 -1.41147430e-05
2611             4.22616840e-02 2.79899413e-03 -1.45416053e-03 4.20959433e-02 2.73861166e-03 -1.44003994e-03 1.65740646e-04 6.03824787e-05 -1.41205928e-05
2612             4.22728471e-02 2.80050826e-03 -1.45468251e-03 4.21071250e-02 2.74013424e-03 -1.44056267e-03 1.65722164e-04 6.03740158e-05 -1.41198337e-05
2613             4.22843549e-02 2.80235034e-03 -1.45534417e-03 4.21186272e-02 2.74197522e-03 -1.44121791e-03 1.65727725e-04 6.03751221e-05 -1.41262600e-05
2614             4.22971981e-02 2.80437650e-03 -1.45604552e-03 4.21314931e-02 2.74401116e-03 -1.44191939e-03 1.65705092e-04 6.03653404e-05 -1.41261375e-05
2615             4.23115449e-02 2.80706321e-03 -1.45700762e-03 4.21458366e-02 2.74669766e-03 -1.44287458e-03 1.65708250e-04 6.03655563e-05 -1.41330392e-05
2616             4.23274005e-02 2.81091355e-03 -1.45838082e-03 4.21617155e-02 2.75055799e-03 -1.44424722e-03 1.65684937e-04 6.03555516e-05 -1.41336059e-05
2617             4.23426396e-02 2.81539207e-03 -1.46003632e-03 4.21769518e-02 2.75503501e-03 -1.44589456e-03 1.65687794e-04 6.03570619e-05 -1.41417544e-05
2618             4.23565242e-02 2.81954658e-03 -1.46158994e-03 4.21908606e-02 2.75919705e-03 -1.44744630e-03 1.65663586e-04 6.03495299e-05 -1.41436424e-05
2619             4.23671558e-02 2.82232850e-03 -1.46269347e-03 4.22014908e-02 2.76197563e-03 -1.44854133e-03 1.65664985e-04 6.03528688e-05 -1.41521442e-05
2620             4.23743830e-02 2.82329276e-03 -1.46311474e-03 4.22087436e-02 2.76294814e-03 -1.44896195e-03 1.65639399e-04 6.03446249e-05 -1.41527844e-05
2621             4.23776414e-02 2.82246016e-03 -1.46289378e-03 4.22120019e-02 2.76211570e-03 -1.44873537e-03 1.65639556e-04 6.03444515e-05 -1.41584058e-05
2622             4.23774011e-02 2.82015460e-03 -1.46209266e-03 4.22117882e-02 2.75982306e-03 -1.44793766e-03 1.65612929e-04 6.03315485e-05 -1.41550045e-05
2623             4.23744440e-02 2.81692159e-03 -1.46094279e-03 4.22088318e-02 2.75659355e-03 -1.44678650e-03 1.65612235e-04 6.03280440e-05 -1.41562867e-05
2624             4.23714627e-02 2.81356469e-03 -1.45968478e-03 4.22058773e-02 2.75324963e-03 -1.44553535e-03 1.65585321e-04 6.03150576e-05 -1.41494288e-05
2625             4.23701996e-02 2.81107530e-03 -1.45874815e-03 4.22046144e-02 2.75075944e-03 -1.44459911e-03 1.65585207e-04 6.03158603e-05 -1.41490428e-05
2626             4.23711262e-02 2.80956861e-03 -1.45815023e-03 4.22055657e-02 2.74925663e-03 -1.44400764e-03 1.65560463e-04 6.03119814e-05 -1.41425842e-05
2627             4.23729725e-02 2.80831577e-03 -1.45766567e-03 4.22074084e-02 2.74799046e-03 -1.44352155e-03 1.65564068e-04 6.03253033e-05 -1.41441246e-05
2628             4.23750677e-02 2.80639965e-03 -1.45689379e-03 4.22095238e-02 2.74606608e-03 -1.44275382e-03 1.65543931e-04 6.03335651e-05 -1.41399709e-05
2629             4.23760813e-02 2.80376627e-03 -1.45587250e-03 4.22105295e-02 2.74341144e-03 -1.44172957e-03 1.65551831e-04 6.03548262e-05 -1.41429388e-05
2630             4.23757366e-02 2.80087954e-03 -1.45473173e-03 4.22102016e-02 2.74051330e-03 -1.44059289e-03 1.65535014e-04 6.03662385e-05 -1.41388400e-05
2631             4.23739049e-02 2.79818740e-03 -1.45366536e-03 4.22083602e-02 2.73779937e-03 -1.43952431e-03 1.65544755e-04 6.03880326e-05 -1.41410590e-05
2632             4.23715732e-02 2.79583371e-03 -1.45267013e-03 4.22060449e-02 2.73543436e-03 -1.43853376e-03 1.65528253e-04 6.03993504e-05 -1.41363657e-05
2633             4.23695669e-02 2.79368460e-03 -1.45175949e-03 4.22040297e-02 2.73326364e-03 -1.43762096e-03 1.65537124e-04 6.04209597e-05 -1.41385274e-05
2634             4.23707209e-02 2.79233024e-03 -1.45112184e-03 4.22052009e-02 2.73189848e-03 -1.43698775e-03 1.65520013e-04 6.04317608e-05 -1.41340885e-05
2635             4.23759505e-02 2.79229325e-03 -1.45099980e-03 4.22104203e-02 2.73184052e-03 -1.43686290e-03 1.65530195e-04 6.04527294e-05 -1.41369012e-05
2636             4.23854437e-02 2.79336934e-03 -1.45126224e-03 4.22199272e-02 2.73290638e-03 -1.43712830e-03 1.65516512e-04 6.04629652e-05 -1.41339471e-05
2637             4.23983501e-02 2.79504575e-03 -1.45177611e-03 4.22328193e-02 2.73456319e-03 -1.43763719e-03 1.65530865e-04 6.04825564e-05 -1.41389191e-05
2638             4.24133838e-02 2.79674445e-03 -1.45229072e-03 4.22478628e-02 2.73625516e-03 -1.43815274e-03 1.65521002e-04 6.04892951e-05 -1.41379830e-05
2639             4.24290342e-02 2.79820881e-03 -1.45276376e-03 4.22634962e-02 2.73770591e-03 -1.43861955e-03 1.65537954e-04 6.05028991e-05 -1.41442161e-05
2640             4.24437335e-02 2.79946592e-03 -1.45315248e-03 4.22782049e-02 2.73896381e-03 -1.43900863e-03 1.65528624e-04 6.05021115e-05 -1.41438453e-05
2641             4.24565281e-02 2.80062878e-03 -1.45353844e-03 4.22909848e-02 2.74012045e-03 -1.43938812e-03 1.65543318e-04 6.05083322e-05 -1.41503190e-05
2642             4.24675929e-02 2.80195345e-03 -1.45396279e-03 4.23020635e-02 2.74145193e-03 -1.43981276e-03 1.65529350e-04 6.05015293e-05 -1.41500273e-05
2643             4.24780926e-02 2.80359152e-03 -1.45452010e-03 4.23125541e-02 2.74308781e-03 -1.44036351e-03 1.65538521e-04 6.05037105e-05 -1.41565909e-05
2644             4.24899983e-02 2.80542903e-03 -1.45511493e-03 4.23244784e-02 2.74493447e-03 -1.44095832e-03 1.65519933e-04 6.04945599e-05 -1.41566119e-05
2645             4.25032722e-02 2.80789781e-03 -1.45597052e-03 4.23377455e-02 2.74740236e-03 -1.44180681e-03 1.65526614e-04 6.04954526e-05 -1.41637061e-05
2646             4.25176618e-02 2.81158178e-03 -1.45726913e-03 4.23521540e-02 2.75109547e-03 -1.44310462e-03 1.65507851e-04 6.04863072e-05 -1.41645144e-05
2647             4.25311795e-02 2.81599854e-03 -1.45888396e-03 4.23656641e-02 2.75550925e-03 -1.44471113e-03 1.65515421e-04 6.04892887e-05 -1.41728272e-05
2648             4.25433470e-02 2.82020693e-03 -1.46042000e-03 4.23778499e-02 2.75972344e-03 -1.44624492e-03 1.65497148e-04 6.04834821e-05 -1.41750836e-05
2649             4.25525537e-02 2.82313292e-03 -1.46154084e-03 4.23870495e-02 2.76264429e-03 -1.44735672e-03 1.65504132e-04 6.04886353e-05 -1.41841247e-05
2650             4.25581073e-02 2.82426016e-03 -1.46200888e-03 4.23926223e-02 2.76377816e-03 -1.44782352e-03 1.65485023e-04 6.04819943e-05 -1.41853596e-05
2651             4.25592996e-02 2.82356513e-03 -1.46183166e-03 4.23938078e-02 2.76308154e-03 -1.44764023e-03 1.65491733e-04 6.04835848e-05 -1.41914310e-05
2652             4.25570889e-02 2.82139402e-03 -1.46105921e-03 4.23916160e-02 2.76092172e-03 -1.44687063e-03 1.65472912e-04 6.04722998e-05 -1.41885889e-05
2653             4.25525314e-02 2.81827204e-03 -1.45992908e-03 4.23870517e-02 2.75780190e-03 -1.44573857e-03 1.65479778e-04 6.04701416e-05 -1.41905116e-05
2654             4.25476457e-02 2.81494769e-03 -1.45867693e-03 4.23821845e-02 2.75448984e-03 -1.44449274e-03 1.65461256e-04 6.04578564e-05 -1.41841870e-05
2655             4.25443127e-02 2.81244254e-03 -1.45772543e-03 4.23788433e-02 2.75198342e-03 -1.44354139e-03 1.65469410e-04 6.04591263e-05 -1.41840359e-05
2656             4.25430413e-02 2.81096690e-03 -1.45711587e-03 4.23775877e-02 2.75051165e-03 -1.44293806e-03 1.65453682e-04 6.04552536e-05 -1.41778131e-05
2657             4.25426990e-02 2.80982226e-03 -1.45665643e-03 4.23772333e-02 2.74935380e-03 -1.44247673e-03 1.65465625e-04 6.04684624e-05 -1.41797036e-05
2658             4.25427034e-02 2.80806271e-03 -1.45595308e-03 4.23772491e-02 2.74758608e-03 -1.44177712e-03 1.65454364e-04 6.04766333e-05 -1.41759554e-05
2659             4.25418985e-02 2.80556783e-03 -1.45499148e-03 4.23764273e-02 2.74506923e-03 -1.44081220e-03 1.65471208e-04 6.04985951e-05 -1.41792822e-05
2660             4.25394827e-02 2.80272578e-03 -1.45385283e-03 4.23740182e-02 2.74221490e-03 -1.43967717e-03 1.65464491e-04 6.05108789e-05 -1.41756622e-05
2661             4.25353749e-02 2.79999969e-03 -1.45275988e-03 4.23698908e-02 2.73946630e-03 -1.43858147e-03 1.65484151e-04 6.05333845e-05 -1.41784188e-05
2662             4.25308137e-02 2.79754647e-03 -1.45172996e-03 4.23653355e-02 2.73700186e-03 -1.43755589e-03 1.65478193e-04 6.05446119e-05 -1.41740690e-05
2663             4.25267589e-02 2.79530690e-03 -1.45078928e-03 4.23612615e-02 2.73474108e-03 -1.43661303e-03 1.65497432e-04 6.05658124e-05 -1.41762491e-05
2664             4.25252177e-02 2.79381449e-03 -1.45009092e-03 4.23597268e-02 2.73323891e-03 -1.43591920e-03 1.65490910e-04 6.05755765e-05 -1.41717274e-05
2665             4.25270143e-02 2.79363357e-03 -1.44990834e-03 4.23615038e-02 2.73303829e-03 -1.43573389e-03 1.65510499e-04 6.05952883e-05 -1.41744521e-05
2666             4.25325494e-02 2.79458000e-03 -1.45012867e-03 4.23670436e-02 2.73397636e-03 -1.43595743e-03 1.65505769e-04 6.06036380e-05 -1.41712441e-05
2667             4.25414166e-02 2.79618263e-03 -1.45062234e-03 4.23758883e-02 2.73556118e-03 -1.43644659e-03 1.65528297e-04 6.06214455e-05 -1.41757493e-05
2668             4.25527856e-02 2.79789990e-03 -1.45114102e-03 4.23872591e-02 2.73727429e-03 -1.43696676e-03 1.65526471e-04 6.06256097e-05 -1.41742613e-05
2669             4.25648404e-02 2.79940696e-03 -1.45162568e-03 4.23992893e-02 2.73876980e-03 -1.43744560e-03 1.65551013e-04 6.06371620e-05 -1.41800725e-05
2670             4.25758281e-02 2.80065644e-03 -1.45201674e-03 4.24102788e-02 2.74002346e-03 -1.43783766e-03 1.65549278e-04 6.06329769e-05 -1.41790799e-05
2671             4.25845040e-02 2.80176248e-03 -1.45238949e-03 4.24189320e-02 2.74112586e-03 -1.43820466e-03 1.65571956e-04 6.06366199e-05 -1.41848318e-05
2672             4.25918268e-02 2.80301942e-03 -1.45279025e-03 4.24262608e-02 2.74239397e-03 -1.43860662e-03 1.65566024e-04 6.06254544e-05 -1.41836220e-05
2673             4.25986592e-02 2.80457804e-03 -1.45332336e-03 4.24330757e-02 2.74395319e-03 -1.43913387e-03 1.65583548e-04 6.06248490e-05 -1.41894896e-05
2674             4.26066843e-02 2.80632802e-03 -1.45390328e-03 4.24411115e-02 2.74571726e-03 -1.43971478e-03 1.65572725e-04 6.06107520e-05 -1.41885022e-05
2675             4.26158602e-02 2.80861517e-03 -1.45470276e-03 4.24502727e-02 2.74800689e-03 -1.44050821e-03 1.65587463e-04 6.06082778e-05 -1.41945565e-05
2676             4.26261846e-02 2.81205003e-03 -1.45590626e-03 4.24606085e-02 2.75145667e-03 -1.44171225e-03 1.65576051e-04 6.05933594e-05 -1.41940142e-05
2677             4.26355686e-02 2.81626776e-03 -1.45744517e-03 4.24699777e-02 2.75567618e-03 -1.44324406e-03 1.65590824e-04 6.05915758e-05 -1.42011099e-05
2678             4.26434366e-02 2.82037374e-03 -1.45896006e-03 4.24778577e-02 2.75979497e-03 -1.44475824e-03 1.65578856e-04 6.05787673e-05 -1.42018170e-05
2679             4.26482095e-02 2.82331884e-03 -1.46010486e-03 4.24826170e-02 2.76274002e-03 -1.44589546e-03 1.65592525e-04 6.05788185e-05 -1.42094045e-05
2680             4.26493748e-02 2.82455698e-03 -1.46061652e-03 4.24837951e-02 2.76399123e-03 -1.44640734e-03 1.65579688e-04 6.05657513e-05 -1.42091836e-05
2681             4.26463101e-02 2.82396148e-03 -1.46047939e-03 4.24807171e-02 2.76339868e-03 -1.44626515e-03 1.65593013e-04 6.05628082e-05 -1.42142335e-05
2682             4.26398045e-02 2.82189936e-03 -1.45976771e-03 4.24742241e-02 2.76135423e-03 -1.44555757e-03 1.65580430e-04 6.05451242e-05 -1.42101428e-05
2683             4.26305693e-02 2.81887290e-03 -1.45869099e-03 4.24649749e-02 2.75833467e-03 -1.44448017e-03 1.65594429e-04 6.05382253e-05 -1.42108261e-05
2684             4.26209589e-02 2.81562976e-03 -1.45747433e-03 4.24553761e-02 2.75511053e-03 -1.44327127e-03 1.65582818e-04 6.05192326e-05 -1.42030626e-05
2685             4.26129313e-02 2.81319688e-03 -1.45655997e-03 4.24473330e-02 2.75268167e-03 -1.44235821e-03 1.65598301e-04 6.05152181e-05 -1.42017606e-05
2686             4.26070341e-02 2.81184088e-03 -1.45602182e-03 4.24414448e-02 2.75133678e-03 -1.44182773e-03 1.65589367e-04 6.05041061e-05 -1.41940907e-05
2687             4.26021531e-02 2.81086842e-03 -1.45564883e-03 4.24365443e-02 2.75035657e-03 -1.44145427e-03 1.65608824e-04 6.05118502e-05 -1.41945634e-05
2688             4.25976121e-02 2.80930095e-03 -1.45502342e-03 4.24320076e-02 2.74878811e-03 -1.44083416e-03 1.65604483e-04 6.05128392e-05 -1.41892587e-05
2689             4.25922506e-02 2.80698288e-03 -1.45413998e-03 4.24266225e-02 2.74645391e-03 -1.43994863e-03 1.65628133e-04 6.05289668e-05 -1.41913537e-05
2690             4.25854144e-02 2.80421507e-03 -1.45306351e-03 4.24197874e-02 2.74368160e-03 -1.43887731e-03 1.65627086e-04 6.05334673e-05 -1.41862010e-05
2691             4.25770308e-02 2.80149042e-03 -1.45200804e-03 4.24113782e-02 2.74094086e-03 -1.43782068e-03 1.65652650e-04 6.05495661e-05 -1.41873565e-05
2692             4.25680863e-02 2.79900616e-03 -1.45099103e-03 4.24024346e-02 2.73845343e-03 -1.43680986e-03 1.65651754e-04 6.05527321e-05 -1.41811685e-05
2693             4.25592166e-02 2.79675832e-03 -1.45007305e-03 4.23935408e-02 2.73619105e-03 -1.43589128e-03 1.65675814e-04 6.05672730e-05 -1.41817732e-05
2694             4.25525364e-02 2.79515875e-03 -1.44937272e-03 4.23868635e-02 2.73458983e-03 -1.43519730e-03 1.65672887e-04 6.05689206e-05 -1.41754196e-05
2695             4.25493520e-02 2.79484748e-03 -1.44917090e-03 4.23836558e-02 2.73426540e-03 -1.43499460e-03 1.65696257e-04 6.05820766e-05 -1.41763003e-05
2696             4.25503255e-02 2.79568565e-03 -1.44936837e-03 4.23846308e-02 2.73510331e-03 -1.43519733e-03 1.65694633e-04 6.05823482e-05 -1.41710403e-05
2697             4.25545737e-02 2.79722984e-03 -1.44986117e-03 4.23888531e-02 2.73663640e-03 -1.43568740e-03 1.65720567e-04 6.05934335e-05 -1.41737672e-05
2698             4.25610366e-02 2.79898548e-03 -1.45042889e-03 4.23953150e-02 2.73839562e-03 -1.43625854e-03 1.65721611e-04 6.05898602e-05 -1.41703468e-05
2699             4.25680458e-02 2.80057411e-03 -1.45097612e-03 4.24022963e-02 2.73997907e-03 -1.43680178e-03 1.65749424e-04 6.05950381e-05 -1.41743380e-05
2700             4.25740199e-02 2.80191037e-03 -1.45142115e-03 4.24082694e-02 2.74132644e-03 -1.43724961e-03 1.65750469e-04 6.05839307e-05 -1.41715405e-05
2701             4.25778773e-02 2.80307391e-03 -1.45184232e-03 4.24121014e-02 2.74249237e-03 -1.43766653e-03 1.65775884e-04 6.05815330e-05 -1.41757962e-05
2702             4.25804952e-02 2.80433621e-03 -1.45228970e-03 4.24147229e-02 2.74377202e-03 -1.43811664e-03 1.65772346e-04 6.05641878e-05 -1.41730567e-05
2703             4.25824645e-02 2.80588521e-03 -1.45286560e-03 4.24166719e-02 2.74532711e-03 -1.43868816e-03 1.65792527e-04 6.05580993e-05 -1.41774361e-05
2704             4.25853762e-02 2.80762043e-03 -1.45347562e-03 4.24195919e-02 2.74708152e-03 -1.43930056e-03 1.65784230e-04 6.05389136e-05 -1.41750552e-05
2705             4.25895413e-02 2.80983967e-03 -1.45428548e-03 4.24237401e-02 2.74930762e-03 -1.44010549e-03 1.65801208e-04 6.05320518e-05 -1.41799892e-05
2706             4.25950637e-02 2.81316885e-03 -1.45549791e-03 4.24292722e-02 2.75265627e-03 -1.44131965e-03 1.65791482e-04 6.05125866e-05 -1.41782546e-05
2707             4.25999275e-02 2.81732387e-03 -1.45706170e-03 4.24341192e-02 2.75681662e-03 -1.44287750e-03 1.65808339e-04 6.05072458e-05 -1.41841999e-05
2708             4.26035205e-02 2.82143585e-03 -1.45861436e-03 4.24377223e-02 2.76094522e-03 -1.44443056e-03 1.65798251e-04 6.04906323e-05 -1.41838023e-05
2709             4.26043502e-02 2.82445730e-03 -1.45982559e-03 4.24385362e-02 2.76396922e-03 -1.44563491e-03 1.65814007e-04 6.04880842e-05 -1.41906780e-05
2710             4.26016567e-02 2.82576401e-03 -1.46041659e-03 4.24358542e-02 2.76529224e-03 -1.44622692e-03 1.65802466e-04 6.04717681e-05 -1.41896760e-05
2711             4.25948388e-02 2.82521008e-03 -1.46034653e-03 4.24290215e-02 2.76474333e-03 -1.44615251e-03 1.65817357e-04 6.04667537e-05 -1.41940231e-05
2712             4.25846979e-02 2.82319127e-03 -1.45968838e-03 4.24188924e-02 2.76274493e-03 -1.44549916e-03 1.65805540e-04 6.04463478e-05 -1.41892182e-05
2713             4.25720047e-02 2.82019521e-03 -1.45866663e-03 4.24061845e-02 2.75975771e-03 -1.44447712e-03 1.65820143e-04 6.04374959e-05 -1.41895077e-05
2714             4.25588145e-02 2.81692359e-03 -1.45750055e-03 4.23930063e-02 2.75650762e-03 -1.44331933e-03 1.65808163e-04 6.04159689e-05 -1.41812170e-05
2715             4.25471071e-02 2.81442313e-03 -1.45661873e-03 4.23812836e-02 2.75401270e-03 -1.44243935e-03 1.65823505e-04 6.04104309e-05 -1.41793848e-05
2716             4.25374045e-02 2.81304538e-03 -1.45610976e-03 4.23715909e-02 2.75264788e-03 -1.44193858e-03 1.65813577e-04 6.03974998e-05 -1.41711800e-05
2717             4.25288204e-02 2.81212041e-03 -1.45579279e-03 4.23629887e-02 2.75171624e-03 -1.44162133e-03 1.65831680e-04 6.04041745e-05 -1.41714543e-05
2718             4.25206348e-02 2.81066587e-03 -1.45526657e-03 4.23548098e-02 2.75026216e-03 -1.44110068e-03 1.65824937e-04 6.04037042e-05 -1.41658914e-05
2719             4.25115564e-02 2.80845655e-03 -1.45448219e-03 4.23457099e-02 2.74803708e-03 -1.44031439e-03 1.65846508e-04 6.04194707e-05 -1.41677926e-05
2720             4.25011768e-02 2.80573957e-03 -1.45346524e-03 4.23353340e-02 2.74531636e-03 -1.43930280e-03 1.65842845e-04 6.04232087e-05 -1.41624418e-05
2721             4.24893465e-02 2.80301761e-03 -1.45245028e-03 4.23234804e-02 2.74257842e-03 -1.43828662e-03 1.65866111e-04 6.04391885e-05 -1.41636644e-05
2722             4.24769283e-02 2.80049422e-03 -1.45147334e-03 4.23110660e-02 2.74005305e-03 -1.43731603e-03 1.65862307e-04 6.04411778e-05 -1.41573103e-05
2723             4.24645507e-02 2.79821499e-03 -1.45059773e-03 4.22986665e-02 2.73775974e-03 -1.43644007e-03 1.65884222e-04 6.04552561e-05 -1.41576514e-05
2724             4.24543249e-02 2.79648503e-03 -1.44988982e-03 4.22884463e-02 2.73602964e-03 -1.43573897e-03 1.65878586e-04 6.04553930e-05 -1.41508480e-05
2725             4.24477853e-02 2.79601429e-03 -1.44966954e-03 4.22818857e-02 2.73554666e-03 -1.43551811e-03 1.65899592e-04 6.04676253e-05 -1.41514260e-05
2726             4.24453008e-02 2.79670831e-03 -1.44986353e-03 4.22794060e-02 2.73624255e-03 -1.43571795e-03 1.65894813e-04 6.04657647e-05 -1.41455825e-05
2727             4.24460964e-02 2.79812979e-03 -1.45035756e-03 4.22801780e-02 2.73765406e-03 -1.43620987e-03 1.65918352e-04 6.04757239e-05 -1.41476943e-05
2728             4.24495604e-02 2.79985908e-03 -1.45094687e-03 4.22836440e-02 2.73938896e-03 -1.43680331e-03 1.65916440e-04 6.04701214e-05 -1.41435559e-05
2729             4.24537578e-02 2.80146074e-03 -1.45153020e-03 4.22878158e-02 2.74098628e-03 -1.43738305e-03 1.65941976e-04 6.04744629e-05 -1.41471504e-05
2730             4.24573189e-02 2.80277449e-03 -1.45200951e-03 4.22913788e-02 2.74231285e-03 -1.43786566e-03 1.65940083e-04 6.04616403e-05 -1.41438448e-05
2731             4.24587185e-02 2.80387871e-03 -1.45244754e-03 4.22927549e-02 2.74341991e-03 -1.43829986e-03 1.65963553e-04 6.04588054e-05 -1.41476832e-05
2732             4.24585732e-02 2.80501738e-03 -1.45287386e-03 4.22926156e-02 2.74457733e-03 -1.43872942e-03 1.65957561e-04 6.04400482e-05 -1.41444343e-05
2733             4.24578511e-02 2.80646305e-03 -1.45343675e-03 4.22918751e-02 2.74602962e-03 -1.43928820e-03 1.65975930e-04 6.04334275e-05 -1.41485478e-05
2734             4.24582765e-02 2.80814317e-03 -1.45406456e-03 4.22923113e-02 2.74773035e-03 -1.43991880e-03 1.65965220e-04 6.04128189e-05 -1.41457547e-05
2735             4.24600947e-02 2.81030446e-03 -1.45488801e-03 4.22941138e-02 2.74989877e-03 -1.44073764e-03 1.65980874e-04 6.04056925e-05 -1.41503661e-05
2736             4.24631629e-02 2.81348503e-03 -1.45606941e-03 4.22971932e-02 2.75309958e-03 -1.44192111e-03 1.65969627e-04 6.03854470e-05 -1.41483031e-05
2737             4.24660408e-02 2.81762559e-03 -1.45764913e-03 4.23000551e-02 2.75724555e-03 -1.44349494e-03 1.65985658e-04 6.03800432e-05 -1.41541884e-05
2738             4.24676580e-02 2.82180625e-03 -1.45925952e-03 4.23016837e-02 2.76144337e-03 -1.44510586e-03 1.65974228e-04 6.03628855e-05 -1.41536609e-05
2739             4.24666885e-02 2.82494197e-03 -1.46054209e-03 4.23006992e-02 2.76458167e-03 -1.44638166e-03 1.65989264e-04 6.03602938e-05 -1.41604324e-05
2740             4.24623115e-02 2.82633232e-03 -1.46118279e-03 4.22963350e-02 2.76598862e-03 -1.44702341e-03 1.65976538e-04 6.03436951e-05 -1.41593722e-05
2741             4.24541431e-02 2.82581754e-03 -1.46115321e-03 4.22881526e-02 2.76547913e-03 -1.44698935e-03 1.65990475e-04 6.03384100e-05 -1.41638623e-05
2742             4.24426921e-02 2.82382722e-03 -1.46055059e-03 4.22767148e-02 2.76350999e-03 -1.44639155e-03 1.65977286e-04 6.03172284e-05 -1.41590437e-05
2743             4.24287285e-02 2.82084332e-03 -1.45957310e-03 4.22627372e-02 2.76053546e-03 -1.44541389e-03 1.65991375e-04 6.03078562e-05 -1.41592044e-05
2744             4.24144232e-02 2.81752761e-03 -1.45841105e-03 4.22484445e-02 2.75724211e-03 -1.44426029e-03 1.65978681e-04 6.02854991e-05 -1.41507547e-05
2745             4.24014384e-02 2.81486141e-03 -1.45748852e-03 4.22354448e-02 2.75458231e-03 -1.44333960e-03 1.65993566e-04 6.02791070e-05 -1.41489202e-05
2746             4.23905485e-02 2.81329389e-03 -1.45694676e-03 4.22245659e-02 2.75302907e-03 -1.44280623e-03 1.65982602e-04 6.02648167e-05 -1.41405315e-05
2747             4.23811318e-02 2.81225439e-03 -1.45662085e-03 4.22151315e-02 2.75198371e-03 -1.44248031e-03 1.66000331e-04 6.02706817e-05 -1.41405409e-05
2748             4.23722901e-02 2.81082743e-03 -1.45612120e-03 4.22062974e-02 2.75055776e-03 -1.44198636e-03 1.65992724e-04 6.02696717e-05 -1.41348332e-05
2749             4.23624652e-02 2.80868197e-03 -1.45537701e-03 4.21964518e-02 2.74839610e-03 -1.44123999e-03 1.66013416e-04 6.02858728e-05 -1.41370198e-05
2750             4.23512594e-02 2.80599552e-03 -1.45440647e-03 4.21852516e-02 2.74570505e-03 -1.44027442e-03 1.66007833e-04 6.02904659e-05 -1.41320503e-05
2751             4.23387945e-02 2.80326899e-03 -1.45342247e-03 4.21727650e-02 2.74296063e-03 -1.43928875e-03 1.66029498e-04 6.03083624e-05 -1.41337205e-05
2752             4.23258285e-02 2.80072026e-03 -1.45244977e-03 4.21598050e-02 2.74040782e-03 -1.43832190e-03 1.66023501e-04 6.03124360e-05 -1.41278739e-05
2753             4.23127982e-02 2.79843643e-03 -1.45158270e-03 4.21467549e-02 2.73810747e-03 -1.43745375e-03 1.66043315e-04 6.03289642e-05 -1.41289531e-05
2754             4.23015204e-02 2.79662019e-03 -1.45086865e-03 4.21354857e-02 2.73628893e-03 -1.43674587e-03 1.66034665e-04 6.03312639e-05 -1.41227759e-05
2755             4.22939398e-02 2.79601724e-03 -1.45062908e-03 4.21278869e-02 2.73567122e-03 -1.43650523e-03 1.66052940e-04 6.03460246e-05 -1.41238522e-05
2756             4.22906631e-02 2.79661348e-03 -1.45080350e-03 4.21246182e-02 2.73626700e-03 -1.43668508e-03 1.66044832e-04 6.03464805e-05 -1.41184191e-05
2757             4.22907780e-02 2.79794890e-03 -1.45128054e-03 4.21247126e-02 2.73759005e-03 -1.43715949e-03 1.66065341e-04 6.03588480e-05 -1.41210538e-05
2758             4.22934069e-02 2.79960020e-03 -1.45187035e-03 4.21273470e-02 2.73924493e-03 -1.43775307e-03 1.66059965e-04 6.03552646e-05 -1.41172839e-05
2759             4.22970702e-02 2.80115177e-03 -1.45246387e-03 4.21309874e-02 2.74079001e-03 -1.43834275e-03 1.66082802e-04 6.03617618e-05 -1.41211249e-05
2760             4.23003873e-02 2.80238903e-03 -1.45292846e-03 4.21343091e-02 2.74203830e-03 -1.43881047e-03 1.66078175e-04 6.03507319e-05 -1.41179884e-05
2761             4.23016943e-02 2.80337569e-03 -1.45333357e-03 4.21355948e-02 2.74302630e-03 -1.43921152e-03 1.66099498e-04 6.03493920e-05 -1.41220497e-05
2762             4.23016321e-02 2.80431234e-03 -1.45370465e-03 4.21355411e-02 2.74398085e-03 -1.43958582e-03 1.66091014e-04 6.03314930e-05 -1.41188283e-05
2763             4.23009805e-02 2.80558104e-03 -1.45421821e-03 4.21348731e-02 2.74525551e-03 -1.44009541e-03 1.66107452e-04 6.03255243e-05 -1.41227983e-05
2764             4.23016301e-02 2.80715749e-03 -1.45480969e-03 4.21355357e-02 2.74685214e-03 -1.44068985e-03 1.66094394e-04 6.03053504e-05 -1.41198414e-05
2765             4.23040069e-02 2.80923899e-03 -1.45560747e-03 4.21378991e-02 2.74894043e-03 -1.44148302e-03 1.66107732e-04 6.02985621e-05 -1.41244520e-05
2766             4.23076955e-02 2.81223296e-03 -1.45673529e-03 4.21416020e-02 2.75195443e-03 -1.44261297e-03 1.66093526e-04 6.02785311e-05 -1.41223203e-05
2767             4.23113387e-02 2.81623059e-03 -1.45827527e-03 4.21452318e-02 2.75595737e-03 -1.44414725e-03 1.66106978e-04 6.02732281e-05 -1.41280135e-05
2768             4.23135219e-02 2.82037532e-03 -1.45987416e-03 4.21474292e-02 2.76011892e-03 -1.44574678e-03 1.66092695e-04 6.02564012e-05 -1.41273731e-05
2769             4.23134558e-02 2.82364751e-03 -1.46121084e-03 4.21473508e-02 2.76339320e-03 -1.44707653e-03 1.66104956e-04 6.02543070e-05 -1.41343117e-05
2770             4.23102705e-02 2.82528205e-03 -1.46195805e-03 4.21441814e-02 2.76504310e-03 -1.44782448e-03 1.66089119e-04 6.02389495e-05 -1.41335728e-05
2771             4.23034500e-02 2.82500663e-03 -1.46202981e-03 4.21373495e-02 2.76477132e-03 -1.44789136e-03 1.66100553e-04 6.02353090e-05 -1.41384533e-05
2772             4.22934120e-02 2.82323236e-03 -1.46150447e-03 4.21273272e-02 2.76301592e-03 -1.44737025e-03 1.66084826e-04 6.02164355e-05 -1.41342201e-05
2773             4.22806227e-02 2.82040564e-03 -1.46058767e-03 4.21145264e-02 2.76019664e-03 -1.44645252e-03 1.66096308e-04 6.02090029e-05 -1.41351493e-05
2774             4.22670728e-02 2.81713570e-03 -1.45946326e-03 4.21009924e-02 2.75694700e-03 -1.44533589e-03 1.66080429e-04 6.01887050e-05 -1.41273728e-05
2775             4.22550485e-02 2.81439811e-03 -1.45853191e-03 4.20889561e-02 2.75421437e-03 -1.44440600e-03 1.66092359e-04 6.01837356e-05 -1.41259100e-05
2776             4.22456152e-02 2.81273082e-03 -1.45795140e-03 4.20795368e-02 2.75255996e-03 -1.44383361e-03 1.66078365e-04 6.01708523e-05 -1.41177930e-05
2777             4.22378824e-02 2.81167705e-03 -1.45761877e-03 4.20717894e-02 2.75149996e-03 -1.44350071e-03 1.66093046e-04 6.01770923e-05 -1.41180633e-05
2778             4.22304619e-02 2.81031682e-03 -1.45715992e-03 4.20643798e-02 2.75014026e-03 -1.44304740e-03 1.66082011e-04 6.01765623e-05 -1.41125199e-05
2779             4.22223599e-02 2.80828798e-03 -1.45647327e-03 4.20562605e-02 2.74809520e-03 -1.44235858e-03 1.66099445e-04 6.01927790e-05 -1.41146976e-05
2780             4.22132555e-02 2.80566243e-03 -1.45552314e-03 4.20471650e-02 2.74546445e-03 -1.44141332e-03 1.66090417e-04 6.01979828e-05 -1.41098251e-05
2781             4.22027823e-02 2.80286891e-03 -1.45451386e-03 4.20366738e-02 2.74265304e-03 -1.44040216e-03 1.66108456e-04 6.02158755e-05 -1.41116996e-05
2782             4.21917210e-02 2.80022438e-03 -1.45351996e-03 4.20256226e-02 2.74000394e-03 -1.43941395e-03 1.66098419e-04 6.02204336e-05 -1.41060115e-05
2783             4.21806846e-02 2.79790985e-03 -1.45265294e-03 4.20145702e-02 2.73767270e-03 -1.43854587e-03 1.66114380e-04 6.02371507e-05 -1.41070671e-05
2784             4.21714214e-02 2.79604812e-03 -1.45191435e-03 4.20053196e-02 2.73580761e-03 -1.43781337e-03 1.66101814e-04 6.02405098e-05 -1.41009821e-05
2785             4.21658095e-02 2.79537060e-03 -1.45163705e-03 4.19996935e-02 2.73511477e-03 -1.43753478e-03 1.66116046e-04 6.02558333e-05 -1.41022658e-05
2786             4.21644932e-02 2.79590761e-03 -1.45179103e-03 4.19983896e-02 2.73565002e-03 -1.43769396e-03 1.66103650e-04 6.02575959e-05 -1.40970688e-05
2787             4.21665828e-02 2.79721944e-03 -1.45226069e-03 4.20004628e-02 2.73694843e-03 -1.43816087e-03 1.66120043e-04 6.02710086e-05 -1.40998192e-05
2788             4.21712927e-02 2.79889876e-03 -1.45284967e-03 4.20051821e-02 2.73862921e-03 -1.43875335e-03 1.66110522e-04 6.02695452e-05 -1.40963283e-05
2789             4.21771184e-02 2.80049969e-03 -1.45345463e-03 4.20109892e-02 2.74022186e-03 -1.43935402e-03 1.66129144e-04 6.02778257e-05 -1.41006079e-05
2790             4.21826365e-02 2.80172990e-03 -1.45392338e-03 4.20165163e-02 2.74146031e-03 -1.43982538e-03 1.66120250e-04 6.02695936e-05 -1.40980066e-05
2791             4.21862755e-02 2.80269605e-03 -1.45432823e-03 4.20201379e-02 2.74242533e-03 -1.44022574e-03 1.66137613e-04 6.02707180e-05 -1.41024980e-05
2792             4.21883184e-02 2.80352720e-03 -1.45465485e-03 4.20221930e-02 2.74327101e-03 -1.44055502e-03 1.66125380e-04 6.02561873e-05 -1.40998235e-05
2793             4.21897562e-02 2.80469060e-03 -1.45512184e-03 4.20236182e-02 2.74443778e-03 -1.44101747e-03 1.66138007e-04 6.02528267e-05 -1.41043702e-05
2794             4.21923913e-02 2.80614551e-03 -1.45566886e-03 4.20262703e-02 2.74590964e-03 -1.44156688e-03 1.66121034e-04 6.02358649e-05 -1.41019792e-05
2795             4.21969163e-02 2.80804676e-03 -1.45639611e-03 4.20307856e-02 2.74781509e-03 -1.44228913e-03 1.66130631e-04 6.02316687e-05 -1.41069725e-05
2796             4.22031174e-02 2.81085134e-03 -1.45743538e-03 4.20370046e-02 2.75063644e-03 -1.44333006e-03 1.66112797e-04 6.02149012e-05 -1.41053182e-05
2797             4.22094151e-02 2.81474624e-03 -1.45892056e-03 4.20432926e-02 2.75453421e-03 -1.44480901e-03 1.66122494e-04 6.02120227e-05 -1.41115538e-05
2798             4.22144006e-02 2.81883047e-03 -1.46048988e-03 4.20482961e-02 2.75863209e-03 -1.44637837e-03 1.66104442e-04 6.01983829e-05 -1.41115178e-05
2799             4.22172166e-02 2.82212391e-03 -1.46182445e-03 4.20511036e-02 2.76192513e-03 -1.44770554e-03 1.66113020e-04 6.01987834e-05 -1.41189104e-05
2800             4.22169386e-02 2.82385694e-03 -1.46258527e-03 4.20508450e-02 2.76367006e-03 -1.44846644e-03 1.66093576e-04 6.01868792e-05 -1.41188331e-05
2801             4.22131503e-02 2.82369040e-03 -1.46267674e-03 4.20470494e-02 2.76350461e-03 -1.44855224e-03 1.66100881e-04 6.01857879e-05 -1.41245008e-05
2802             4.22061085e-02 2.82195495e-03 -1.46216157e-03 4.20400276e-02 2.76178468e-03 -1.44804045e-03 1.66080869e-04 6.01702701e-05 -1.41211258e-05
2803             4.21964163e-02 2.81916262e-03 -1.46125249e-03 4.20303283e-02 2.75899733e-03 -1.44712982e-03 1.66088016e-04 6.01652886e-05 -1.41226731e-05
2804             4.21858230e-02 2.81590815e-03 -1.46011381e-03 4.20197549e-02 2.75575971e-03 -1.44599814e-03 1.66068103e-04 6.01484497e-05 -1.41156693e-05
2805             4.21765154e-02 2.81309970e-03 -1.45913946e-03 4.20104400e-02 2.75295401e-03 -1.44502447e-03 1.66075459e-04 6.01456822e-05 -1.41149922e-05
2806             4.21696421e-02 2.81131731e-03 -1.45851363e-03 4.20035852e-02 2.75118139e-03 -1.44440597e-03 1.66056928e-04 6.01359183e-05 -1.41076584e-05
2807             4.21644698e-02 2.81024718e-03 -1.45816710e-03 4.19984028e-02 2.75010304e-03 -1.44405870e-03 1.66066989e-04 6.01441474e-05 -1.41084064e-05
2808             4.21595337e-02 2.80898612e-03 -1.45772040e-03 4.19934818e-02 2.74883899e-03 -1.44361681e-03 1.66051901e-04 6.01471332e-05 -1.41035894e-05
2809             4.21540258e-02 2.80707442e-03 -1.45705548e-03 4.19879609e-02 2.74690865e-03 -1.44294885e-03 1.66064894e-04 6.01657699e-05 -1.41066279e-05
2810             4.21476567e-02 2.80450251e-03 -1.45611985e-03 4.19816046e-02 2.74432748e-03 -1.44201704e-03 1.66052067e-04 6.01750301e-05 -1.41028185e-05
2811             4.21400979e-02 2.80170107e-03 -1.45510337e-03 4.19740314e-02 2.74150528e-03 -1.44099787e-03 1.66066502e-04 6.01957832e-05 -1.41054925e-05
2812             4.21320336e-02 2.79902734e-03 -1.45407908e-03 4.19659797e-02 2.73882254e-03 -1.43997829e-03 1.66053870e-04 6.02047989e-05 -1.41007900e-05
2813             4.21239244e-02 2.79670805e-03 -1.45319191e-03 4.19578576e-02 2.73648376e-03 -1.43908914e-03 1.66066797e-04 6.02242864e-05 -1.41027668e-05
2814             4.21173965e-02 2.79478305e-03 -1.45242525e-03 4.19513448e-02 2.73455109e-03 -1.43832755e-03 1.66051711e-04 6.02319687e-05 -1.40977047e-05
2815             4.21143684e-02 2.79397459e-03 -1.45209211e-03 4.19483053e-02 2.73372443e-03 -1.43799244e-03 1.66063037e-04 6.02501631e-05 -1.40996706e-05
2816             4.21155936e-02 2.79441030e-03 -1.45219101e-03 4.19495452e-02 2.73415369e-03 -1.43809567e-03 1.66048408e-04 6.02566079e-05 -1.40953378e-05
2817             4.21202179e-02 2.79569268e-03 -1.45263498e-03 4.19541561e-02 2.73541952e-03 -1.43853609e-03 1.66061848e-04 6.02731608e-05 -1.40988927e-05
2818             4.21274257e-02 2.79737891e-03 -1.45322407e-03 4.19613758e-02 2.73710217e-03 -1.43912769e-03 1.66049931e-04 6.02767461e-05 -1.40963815e-05
2819             4.21357899e-02 2.79901065e-03 -1.45383021e-03 4.19697243e-02 2.73872212e-03 -1.43972886e-03 1.66065669e-04 6.02885282e-05 -1.41013555e-05
2820             4.21440318e-02 2.80024019e-03 -1.45427010e-03 4.19779772e-02 2.73995478e-03 -1.44017045e-03 1.66054682e-04 6.02854089e-05 -1.40996447e-05
2821             4.21506123e-02 2.80118696e-03 -1.45463901e-03 4.19845430e-02 2.74089762e-03 -1.44053416e-03 1.66069319e-04 6.02893415e-05 -1.41048543e-05
2822             4.21555206e-02 2.80194219e-03 -1.45491912e-03 4.19894655e-02 2.74166331e-03 -1.44081617e-03 1.66055136e-04 6.02788805e-05 -1.41029501e-05
2823             4.21596302e-02 2.80302784e-03 -1.45533967e-03 4.19935649e-02 2.74275048e-03 -1.44123181e-03 1.66065343e-04 6.02773631e-05 -1.41078556e-05
2824             4.21646709e-02 2.80445359e-03 -1.45584862e-03 4.19986241e-02 2.74418971e-03 -1.44174261e-03 1.66046801e-04 6.02638727e-05 -1.41060107e-05
2825             4.21716790e-02 2.80629217e-03 -1.45652619e-03 4.20056251e-02 2.74603118e-03 -1.44241477e-03 1.66053920e-04 6.02609878e-05 -1.41114126e-05
2826             4.21803751e-02 2.80896236e-03 -1.45749843e-03 4.20143407e-02 2.74871523e-03 -1.44338816e-03 1.66034366e-04 6.02471339e-05 -1.41102624e-05
2827             4.21893271e-02 2.81276738e-03 -1.45892927e-03 4.20232851e-02 2.75252224e-03 -1.44481267e-03 1.66042022e-04 6.02451373e-05 -1.41166013e-05
2828             4.21968906e-02 2.81684530e-03 -1.46046172e-03 4.20308676e-02 2.75661138e-03 -1.44634485e-03 1.66023000e-04 6.02339248e-05 -1.41168718e-05
2829             4.22023104e-02 2.82025534e-03 -1.46180634e-03 4.20362805e-02 2.76002045e-03 -1.44768181e-03 1.66029837e-04 6.02348932e-05 -1.41245267e-05
2830             4.22047592e-02 2.82216169e-03 -1.46261182e-03 4.20387500e-02 2.76193653e-03 -1.44848691e-03 1.66009220e-04 6.02251678e-05 -1.41249144e-05
2831             4.22038487e-02 2.82219090e-03 -1.46276029e-03 4.20378338e-02 2.76196602e-03 -1.44862947e-03 1.66014897e-04 6.02248725e-05 -1.41308200e-05
2832             4.21997855e-02 2.82062395e-03 -1.46227887e-03 4.20337914e-02 2.76041218e-03 -1.44815090e-03 1.65994091e-04 6.02117752e-05 -1.41279689e-05
2833             4.21929611e-02 2.81796082e-03 -1.46139159e-03 4.20269615e-02 2.75775324e-03 -1.44726157e-03 1.65999627e-04 6.02075774e-05 -1.41300159e-05
2834             4.21852133e-02 2.81478136e-03 -1.46027079e-03 4.20192348e-02 2.75458870e-03 -1.44614723e-03 1.65978523e-04 6.01926647e-05 -1.41235670e-05
2835             4.21786402e-02 2.81200196e-03 -1.45929529e-03 4.20126559e-02 2.75181154e-03 -1.44517222e-03 1.65984292e-04 6.01904163e-05 -1.41230723e-05
2836             4.21744472e-02 2.81019750e-03 -1.45863046e-03 4.20084824e-02 2.75001532e-03 -1.44451444e-03 1.65964782e-04 6.01821824e-05 -1.41160243e-05
2837             4.21723225e-02 2.80919463e-03 -1.45827740e-03 4.20063493e-02 2.74900414e-03 -1.44416039e-03 1.65973172e-04 6.01904950e-05 -1.41170094e-05
2838             4.21705767e-02 2.80810064e-03 -1.45787790e-03 4.20046199e-02 2.74790631e-03 -1.44376542e-03 1.65956817e-04 6.01943347e-05 -1.41124852e-05
2839             4.21682180e-02 2.80636256e-03 -1.45726316e-03 4.20022496e-02 2.74614953e-03 -1.44314757e-03 1.65968420e-04 6.02130292e-05 -1.41155876e-05
2840             4.21648497e-02 2.80391732e-03 -1.45634449e-03 4.19988950e-02 2.74369413e-03 -1.44223248e-03 1.65954765e-04 6.02231956e-05 -1.41120041e-05
2841             4.21601710e-02 2.80118214e-03 -1.45532292e-03 4.19942031e-02 2.74093830e-03 -1.44120800e-03 1.65967839e-04 6.02438357e-05 -1.41149228e-05
2842             4.21547950e-02 2.79853967e-03 -1.45429472e-03 4.19888409e-02 2.73828648e-03 -1.44018427e-03 1.65954156e-04 6.02531907e-05 -1.41104504e-05
2843             4.21493173e-02 2.79623213e-03 -1.45339423e-03 4.19833513e-02 2.73595992e-03 -1.43928187e-03 1.65966035e-04 6.02722070e-05 -1.41123582e-05
2844             4.21450932e-02 2.79426324e-03 -1.45257786e-03 4.19791427e-02 2.73398329e-03 -1.43847058e-03 1.65950468e-04 6.02799491e-05 -1.41072816e-05
2845             4.21441653e-02 2.79335316e-03 -1.45217649e-03 4.19782044e-02 2.73305595e-03 -1.43806730e-03 1.65960812e-04 6.02972076e-05 -1.41091858e-05
2846             4.21474767e-02 2.79372580e-03 -1.45223376e-03 4.19815312e-02 2.73342262e-03 -1.43812901e-03 1.65945470e-04 6.03031727e-05 -1.41047536e-05
2847             4.21541535e-02 2.79502795e-03 -1.45266579e-03 4.19881954e-02 2.73470923e-03 -1.43855781e-03 1.65958050e-04 6.03187260e-05 -1.41079871e-05
2848             4.21635415e-02 2.79677557e-03 -1.45324766e-03 4.19975957e-02 2.73645336e-03 -1.43914234e-03 1.65945723e-04 6.03222104e-05 -1.41053190e-05
2849             4.21742551e-02 2.79848007e-03 -1.45385585e-03 4.20082944e-02 2.73814662e-03 -1.43974562e-03 1.65960666e-04 6.03334481e-05 -1.41102273e-05
2850             4.21849314e-02 2.79975551e-03 -1.45430093e-03 4.20189822e-02 2.73942494e-03 -1.44019238e-03 1.65949249e-04 6.03305648e-05 -1.41085492e-05
2851             4.21938180e-02 2.80071582e-03 -1.45466221e-03 4.20278547e-02 2.74038153e-03 -1.44054858e-03 1.65963289e-04 6.03342913e-05 -1.41136262e-05
2852             4.22009703e-02 2.80146001e-03 -1.45491529e-03 4.20350214e-02 2.74113573e-03 -1.44080358e-03 1.65948821e-04 6.03242744e-05 -1.41117128e-05
2853             4.22075778e-02 2.80251374e-03 -1.45530234e-03 4.20416196e-02 2.74219118e-03 -1.44118570e-03 1.65958110e-04 6.03225634e-05 -1.41166380e-05
2854             4.22149214e-02 2.80387846e-03 -1.45577743e-03 4.20489828e-02 2.74356902e-03 -1.44166258e-03 1.65938681e-04 6.03094353e-05 -1.41148468e-05
2855             4.22240164e-02 2.80560733e-03 -1.45640086e-03 4.20580719e-02 2.74530073e-03 -1.44228073e-03 1.65944514e-04 6.03065997e-05 -1.41201373e-05
2856             4.22347274e-02 2.80812213e-03 -1.45728598e-03 4.20688036e-02 2.74782869e-03 -1.44316698e-03 1.65923789e-04 6.02934434e-05 -1.41190031e-05
2857             4.22456916e-02 2.81173767e-03 -1.45861666e-03 4.20797620e-02 2.75144603e-03 -1.44449125e-03 1.65929616e-04 6.02916482e-05 -1.41254074e-05
2858             4.22555657e-02 2.81577634e-03 -1.46011458e-03 4.20896570e-02 2.75549529e-03 -1.44598881e-03 1.65908765e-04 6.02810434e-05 -1.41257684e-05
2859             4.22634988e-02 2.81930316e-03 -1.46148240e-03 4.20975851e-02 2.75902052e-03 -1.44734894e-03 1.65913701e-04 6.02826456e-05 -1.41334515e-05
2860             4.22684748e-02 2.82138542e-03 -1.46231987e-03 4.21025832e-02 2.76111107e-03 -1.44818572e-03 1.65891537e-04 6.02743470e-05 -1.41341468e-05
2861             4.22700499e-02 2.82162386e-03 -1.46251600e-03 4.21041547e-02 2.76134835e-03 -1.44837539e-03 1.65895217e-04 6.02755121e-05 -1.41406115e-05
2862             4.22682130e-02 2.82018184e-03 -1.46207073e-03 4.21023406e-02 2.75991766e-03 -1.44793233e-03 1.65872411e-04 6.02641774e-05 -1.41383976e-05
2863             4.22635849e-02 2.81757839e-03 -1.46119645e-03 4.20977089e-02 2.75731672e-03 -1.44705555e-03 1.65876041e-04 6.02616686e-05 -1.41408997e-05
2864             4.22580724e-02 2.81443544e-03 -1.46006204e-03 4.20922189e-02 2.75418705e-03 -1.44592710e-03 1.65853449e-04 6.02483945e-05 -1.41349349e-05
2865             4.22539130e-02 2.81169589e-03 -1.45907376e-03 4.20880554e-02 2.75144848e-03 -1.44493876e-03 1.65857548e-04 6.02474151e-05 -1.41349983e-05
2866             4.22518097e-02 2.80987598e-03 -1.45839236e-03 4.20859733e-02 2.74963578e-03 -1.44426394e-03 1.65836401e-04 6.02402002e-05 -1.41284215e-05
2867             4.22513562e-02 2.80889430e-03 -1.45804034e-03 4.20855131e-02 2.74864468e-03 -1.44391065e-03 1.65843184e-04 6.02496174e-05 -1.41296893e-05
2868             4.22515145e-02 2.80797401e-03 -1.45768405e-03 4.20856892e-02 2.74771917e-03 -1.44355848e-03 1.65825341e-04 6.02548398e-05 -1.41255740e-05
2869             4.22510210e-02 2.80636770e-03 -1.45710034e-03 4.20851859e-02 2.74609260e-03 -1.44297103e-03 1.65835044e-04 6.02751087e-05 -1.41293101e-05
2870             4.22495834e-02 2.80396317e-03 -1.45619597e-03 4.20837638e-02 2.74367617e-03 -1.44206959e-03 1.65819517e-04 6.02869916e-05 -1.41263807e-05
2871             4.22468089e-02 2.80120736e-03 -1.45516387e-03 4.20809780e-02 2.74089788e-03 -1.44103410e-03 1.65830919e-04 6.03094825e-05 -1.41297632e-05
2872             4.22433118e-02 2.79853500e-03 -1.45410481e-03 4.20774958e-02 2.73821432e-03 -1.43997905e-03 1.65816048e-04 6.03206796e-05 -1.41257579e-05
2873             4.22396925e-02 2.79622796e-03 -1.45318394e-03 4.20738659e-02 2.73588658e-03 -1.43905573e-03 1.65826589e-04 6.03413758e-05 -1.41282026e-05
2874             4.22371435e-02 2.79423949e-03 -1.45235196e-03 4.20713336e-02 2.73388874e-03 -1.43822833e-03 1.65809842e-04 6.03507555e-05 -1.41236209e-05
2875             4.22375519e-02 2.79326100e-03 -1.45191236e-03 4.20717329e-02 2.73289116e-03 -1.43778650e-03 1.65819035e-04 6.03698447e-05 -1.41258542e-05
2876             4.22421018e-02 2.79361706e-03 -1.45193670e-03 4.20762991e-02 2.73323927e-03 -1.43781489e-03 1.65802720e-04 6.03777914e-05 -1.41218076e-05
2877             4.22499936e-02 2.79500658e-03 -1.45237379e-03 4.20841796e-02 2.73461120e-03 -1.43824825e-03 1.65813965e-04 6.03953744e-05 -1.41255480e-05
2878             4.22603216e-02 2.79680730e-03 -1.45295862e-03 4.20945211e-02 2.73640639e-03 -1.43883521e-03 1.65800485e-04 6.04009147e-05 -1.41234024e-05
2879             4.22720723e-02 2.79857413e-03 -1.45357399e-03 4.21062578e-02 2.73815986e-03 -1.43944529e-03 1.65814509e-04 6.04142733e-05 -1.41286978e-05
2880             4.22839827e-02 2.79989927e-03 -1.45401224e-03 4.21181799e-02 2.73948580e-03 -1.43988479e-03 1.65802832e-04 6.04134738e-05 -1.41274463e-05
2881             4.22942790e-02 2.80087586e-03 -1.45435769e-03 4.21284623e-02 2.74045680e-03 -1.44022470e-03 1.65816732e-04 6.04190562e-05 -1.41329883e-05
2882             4.23026708e-02 2.80158651e-03 -1.45458737e-03 4.21368682e-02 2.74117592e-03 -1.44045592e-03 1.65802571e-04 6.04105863e-05 -1.41314484e-05
2883             4.23101047e-02 2.80249489e-03 -1.45490673e-03 4.21442923e-02 2.74208471e-03 -1.44077020e-03 1.65812343e-04 6.04101758e-05 -1.41365211e-05
2884             4.23182576e-02 2.80373959e-03 -1.45530914e-03 4.21524638e-02 2.74334157e-03 -1.44117430e-03 1.65793779e-04 6.03980164e-05 -1.41348376e-05
2885             4.23282933e-02 2.80535168e-03 -1.45586091e-03 4.21624931e-02 2.74495590e-03 -1.44172066e-03 1.65800270e-04 6.03957784e-05 -1.41402523e-05
2886             4.23401018e-02 2.80768676e-03 -1.45666328e-03 4.21743212e-02 2.74730385e-03 -1.44252413e-03 1.65780530e-04 6.03829046e-05 -1.41391555e-05
2887             4.23520823e-02 2.81114824e-03 -1.45792118e-03 4.21862947e-02 2.75076689e-03 -1.44377576e-03 1.65787640e-04 6.03813511e-05 -1.41454158e-05
2888             4.23628525e-02 2.81514023e-03 -1.45937367e-03 4.21970838e-02 2.75476916e-03 -1.44522795e-03 1.65768634e-04 6.03710703e-05 -1.41457192e-05
2889             4.23716231e-02 2.81875452e-03 -1.46074574e-03 4.22058480e-02 2.75838141e-03 -1.44659221e-03 1.65775113e-04 6.03731123e-05 -1.41535281e-05
2890             4.23775880e-02 2.82101327e-03 -1.46163421e-03 4.22118335e-02 2.76064791e-03 -1.44747979e-03 1.65754568e-04 6.03653577e-05 -1.41544217e-05
2891             4.23803815e-02 2.82146907e-03 -1.46189762e-03 4.22146215e-02 2.76110179e-03 -1.44773659e-03 1.65759958e-04 6.03672855e-05 -1.41610272e-05
2892             4.23800042e-02 2.82017434e-03 -1.46148074e-03 4.22142648e-02 2.75981768e-03 -1.44732167e-03 1.65739407e-04 6.03566597e-05 -1.41590652e-05
2893             4.23767090e-02 2.81763507e-03 -1.46061063e-03 4.22109639e-02 2.75728062e-03 -1.44644874e-03 1.65745135e-04 6.03544502e-05 -1.41618904e-05
2894             4.23722129e-02 2.81447397e-03 -1.45946718e-03 4.22064881e-02 2.75413303e-03 -1.44531108e-03 1.65724796e-04 6.03409448e-05 -1.41560970e-05
2895             4.23686879e-02 2.81166752e-03 -1.45845070e-03 4.22029568e-02 2.75132808e-03 -1.44429467e-03 1.65731084e-04 6.03394397e-05 -1.41560328e-05
2896             4.23674090e-02 2.80981245e-03 -1.45773531e-03 4.22016967e-02 2.74948102e-03 -1.44358601e-03 1.65712307e-04 6.03314332e-05 -1.41493025e-05
2897             4.23677809e-02 2.80890542e-03 -1.45739009e-03 4.22020600e-02 2.74856555e-03 -1.44323957e-03 1.65720903e-04 6.03398731e-05 -1.41505269e-05
2898             4.23686427e-02 2.80812894e-03 -1.45708293e-03 4.22029379e-02 2.74778478e-03 -1.44293654e-03 1.65704829e-04 6.03441584e-05 -1.41463894e-05
2899             4.23687766e-02 2.80667863e-03 -1.45655388e-03 4.22030603e-02 2.74631472e-03 -1.44240385e-03 1.65716281e-04 6.03639065e-05 -1.41500323e-05
2900             4.23681600e-02 2.80445011e-03 -1.45569573e-03 4.22024571e-02 2.74407452e-03 -1.44154856e-03 1.65702861e-04 6.03755818e-05 -1.41471648e-05
2901             4.23659781e-02 2.80176719e-03 -1.45467587e-03 4.22002620e-02 2.74136924e-03 -1.44052509e-03 1.65716138e-04 6.03979495e-05 -1.41507857e-05
2902             4.23628999e-02 2.79909620e-03 -1.45361801e-03 4.21971965e-02 2.73868730e-03 -1.43947105e-03 1.65703347e-04 6.04088975e-05 -1.41469608e-05
2903             4.23596314e-02 2.79678580e-03 -1.45269604e-03 4.21939153e-02 2.73635643e-03 -1.43854666e-03 1.65716088e-04 6.04293770e-05 -1.41493732e-05
2904             4.23571323e-02 2.79479803e-03 -1.45184948e-03 4.21914304e-02 2.73435949e-03 -1.43770471e-03 1.65701888e-04 6.04385340e-05 -1.41447667e-05
2905             4.23573482e-02 2.79374728e-03 -1.45137049e-03 4.21916349e-02 2.73329002e-03 -1.43722345e-03 1.65713214e-04 6.04572531e-05 -1.41470342e-05
2906             4.23616161e-02 2.79402541e-03 -1.45136934e-03 4.21959169e-02 2.73356069e-03 -1.43722642e-03 1.65699136e-04 6.04647229e-05 -1.41429206e-05
2907             4.23694411e-02 2.79540687e-03 -1.45180838e-03 4.22037285e-02 2.73492491e-03 -1.43766197e-03 1.65712661e-04 6.04819575e-05 -1.41464063e-05
2908             4.23796892e-02 2.79723058e-03 -1.45239422e-03 4.22139873e-02 2.73674319e-03 -1.43825017e-03 1.65701894e-04 6.04873933e-05 -1.41440543e-05
2909             4.23912465e-02 2.79907089e-03 -1.45302636e-03 4.22255282e-02 2.73857029e-03 -1.43887713e-03 1.65718311e-04 6.05005962e-05 -1.41492364e-05
2910             4.24029736e-02 2.80044747e-03 -1.45348021e-03 4.22372645e-02 2.73994793e-03 -1.43933237e-03 1.65709136e-04 6.04995441e-05 -1.41478359e-05
2911             4.24130689e-02 2.80142859e-03 -1.45382155e-03 4.22473435e-02 2.74092414e-03 -1.43966853e-03 1.65725392e-04 6.05044485e-05 -1.41530170e-05
2912             4.24214507e-02 2.80217372e-03 -1.45404584e-03 4.22557367e-02 2.74167867e-03 -1.43989473e-03 1.65713987e-04 6.04950408e-05 -1.41511090e-05
2913             4.24287610e-02 2.80307043e-03 -1.45434551e-03 4.22630349e-02 2.74257750e-03 -1.44018971e-03 1.65726090e-04 6.04929263e-05 -1.41558027e-05
2914             4.24364610e-02 2.80428875e-03 -1.45473752e-03 4.22707510e-02 2.74380978e-03 -1.44058385e-03 1.65710043e-04 6.04789682e-05 -1.41536667e-05
2915             4.24457763e-02 2.80584453e-03 -1.45526930e-03 4.22800576e-02 2.74537015e-03 -1.44111090e-03 1.65718692e-04 6.04743734e-05 -1.41584001e-05
2916             4.24567762e-02 2.80803138e-03 -1.45600314e-03 4.22910748e-02 2.74757187e-03 -1.44184648e-03 1.65701452e-04 6.04595072e-05 -1.41566615e-05
2917             4.24681000e-02 2.81134036e-03 -1.45718761e-03 4.23023897e-02 2.75088559e-03 -1.44302541e-03 1.65710280e-04 6.04547664e-05 -1.41621977e-05
2918             4.24781349e-02 2.81523861e-03 -1.45859947e-03 4.23124415e-02 2.75479685e-03 -1.44443773e-03 1.65693411e-04 6.04417516e-05 -1.41617324e-05
2919             4.24861302e-02 2.81884463e-03 -1.45996337e-03 4.23204287e-02 2.75840478e-03 -1.44579488e-03 1.65701571e-04 6.04398441e-05 -1.41684912e-05
2920             4.24915844e-02 2.82118781e-03 -1.46086499e-03 4.23259009e-02 2.76075834e-03 -1.44669641e-03 1.65683544e-04 6.04294672e-05 -1.41685831e-05
2921             4.24938531e-02 2.82177663e-03 -1.46116488e-03 4.23281626e-02 2.76134896e-03 -1.44699039e-03 1.65690552e-04 6.04276751e-05 -1.41744941e-05
2922             4.24927021e-02 2.82058119e-03 -1.46078912e-03 4.23270298e-02 2.76016637e-03 -1.44661709e-03 1.65672248e-04 6.04148216e-05 -1.41720323e-05
2923             4.24886496e-02 2.81811446e-03 -1.45994655e-03 4.23229698e-02 2.75770509e-03 -1.44577241e-03 1.65679788e-04 6.04093744e-05 -1.41741322e-05
2924             4.24834124e-02 2.81501510e-03 -1.45880851e-03 4.23177500e-02 2.75462108e-03 -1.44464067e-03 1.65662359e-04 6.03940236e-05 -1.41678407e-05
2925             4.24790712e-02 2.81224879e-03 -1.45779248e-03 4.23134004e-02 2.75185961e-03 -1.44362520e-03 1.65670819e-04 6.03891885e-05 -1.41672732e-05
2926             4.24766804e-02 2.81042333e-03 -1.45709100e-03 4.23110254e-02 2.75004426e-03 -1.44293087e-03 1.65655046e-04 6.03790680e-05 -1.41601327e-05
2927             4.24760049e-02 2.80962102e-03 -1.45679038e-03 4.23103386e-02 2.74923665e-03 -1.44262969e-03 1.65666288e-04 6.03843633e-05 -1.41606910e-05
2928             4.24760595e-02 2.80906362e-03 -1.45655860e-03 4.23104056e-02 2.74867638e-03 -1.44240241e-03 1.65653864e-04 6.03872382e-05 -1.41561909e-05
2929             4.24756416e-02 2.80785319e-03 -1.45611668e-03 4.23099735e-02 2.74744849e-03 -1.44195705e-03 1.65668124e-04 6.04047053e-05 -1.41596294e-05
2930             4.24743197e-02 2.80578919e-03 -1.45533195e-03 4.23086615e-02 2.74537344e-03 -1.44117518e-03 1.65658256e-04 6.04157535e-05 -1.41567686e-05
2931             4.24714141e-02 2.80320647e-03 -1.45435965e-03 4.23057395e-02 2.74277007e-03 -1.44019951e-03 1.65674581e-04 6.04363988e-05 -1.41601373e-05
2932             4.24673366e-02 2.80060131e-03 -1.45332341e-03 4.23016709e-02 2.74015424e-03 -1.43916718e-03 1.65665778e-04 6.04470655e-05 -1.41562327e-05
2933             4.24628225e-02 2.79831687e-03 -1.45240887e-03 4.22971410e-02 2.73785126e-03 -1.43825038e-03 1.65681514e-04 6.04656151e-05 -1.41584927e-05
2934             4.24588518e-02 2.79630456e-03 -1.45156521e-03 4.22931808e-02 2.73583044e-03 -1.43741143e-03 1.65670969e-04 6.04741189e-05 -1.41537834e-05
2935             4.24573202e-02 2.79513243e-03 -1.45105362e-03 4.22916350e-02 2.73464174e-03 -1.43689803e-03 1.65685199e-04 6.04906873e-05 -1.41555823e-05
2936             4.24596214e-02 2.79527532e-03 -1.45100025e-03 4.22939465e-02 2.73477769e-03 -1.43684911e-03 1.65674869e-04 6.04976239e-05 -1.41511403e-05
2937             4.24654037e-02 2.79654904e-03 -1.45139640e-03 4.22997126e-02 2.73603645e-03 -1.43724221e-03 1.65691106e-04 6.05125935e-05 -1.41541872e-05
2938             4.24736453e-02 2.79832115e-03 -1.45196978e-03 4.23079614e-02 2.73780381e-03 -1.43781828e-03 1.65683927e-04 6.05173397e-05 -1.41515024e-05
2939             4.24832288e-02 2.80015507e-03 -1.45260636e-03 4.23175255e-02 2.73962684e-03 -1.43845030e-03 1.65703288e-04 6.05282282e-05 -1.41560517e-05
2940             4.24930344e-02 2.80154153e-03 -1.45305979e-03 4.23273363e-02 2.74101484e-03 -1.43890553e-03 1.65698063e-04 6.05266935e-05 -1.41542641e-05
2941             4.25013854e-02 2.80252207e-03 -1.45339936e-03 4.23356682e-02 2.74199267e-03 -1.43924034e-03 1.65717183e-04 6.05293974e-05 -1.41590160e-05
2942             4.25080389e-02 2.80324188e-03 -1.45362510e-03 4.23423295e-02 2.74272231e-03 -1.43946824e-03 1.65709376e-04 6.05195649e-05 -1.41568542e-05
2943             4.25135436e-02 2.80406688e-03 -1.45390944e-03 4.23478194e-02 2.74355134e-03 -1.43974841e-03 1.65724231e-04 6.05155367e-05 -1.41610377e-05
2944             4.25192282e-02 2.80519713e-03 -1.45426795e-03 4.23535165e-02 2.74469565e-03 -1.44010932e-03 1.65711704e-04 6.05014822e-05 -1.41586364e-05
2945             4.25262432e-02 2.80661588e-03 -1.45475021e-03 4.23605205e-02 2.74612061e-03 -1.44058715e-03 1.65722654e-04 6.04952686e-05 -1.41630597e-05
2946             4.25350895e-02 2.80866955e-03 -1.45544640e-03 4.23693813e-02 2.74818936e-03 -1.44128529e-03 1.65708167e-04 6.04801875e-05 -1.41611131e-05
2947             4.25444942e-02 2.81183232e-03 -1.45658701e-03 4.23787750e-02 2.75135819e-03 -1.44242081e-03 1.65719225e-04 6.04741243e-05 -1.41661984e-05
2948             4.25527208e-02 2.81566247e-03 -1.45796895e-03 4.23870154e-02 2.75520161e-03 -1.44380349e-03 1.65705431e-04 6.04608601e-05 -1.41654612e-05
2949             4.25587749e-02 2.81927837e-03 -1.45933154e-03 4.23930588e-02 2.75882050e-03 -1.44515950e-03 1.65716071e-04 6.04578702e-05 -1.41720401e-05
2950             4.25624519e-02 2.82171258e-03 -1.46027497e-03 4.23967510e-02 2.76126552e-03 -1.44610293e-03 1.65700866e-04 6.04470561e-05 -1.41720354e-05
2951             4.25630885e-02 2.82244000e-03 -1.46063390e-03 4.23973780e-02 2.76199559e-03 -1.44645617e-03 1.65710534e-04 6.04444118e-05 -1.41777312e-05
2952             4.25604230e-02 2.82133255e-03 -1.46028656e-03 4.23947275e-02 2.76090138e-03 -1.44611136e-03 1.65695472e-04 6.04311751e-05 -1.41752014e-05
2953             4.25547977e-02 2.81892860e-03 -1.45946728e-03 4.23890918e-02 2.75850404e-03 -1.44528998e-03 1.65705850e-04 6.04245555e-05 -1.41773041e-05
2954             4.25478961e-02 2.81585452e-03 -1.45835592e-03 4.23822045e-02 2.75544653e-03 -1.44418499e-03 1.65691518e-04 6.04079965e-05 -1.41709299e-05
2955             4.25416043e-02 2.81304054e-03 -1.45733750e-03 4.23759013e-02 2.75263909e-03 -1.44316748e-03 1.65703001e-04 6.04014446e-05 -1.41700179e-05
2956             4.25372728e-02 2.81112133e-03 -1.45659892e-03 4.23715823e-02 2.75073158e-03 -1.44243638e-03 1.65690500e-04 6.03897500e-05 -1.41625383e-05
2957             4.25346340e-02 2.81029069e-03 -1.45628651e-03 4.23689296e-02 2.74989778e-03 -1.44212368e-03 1.65704349e-04 6.03929151e-05 -1.41628302e-05
2958             4.25326148e-02 2.80978854e-03 -1.45608931e-03 4.23669204e-02 2.74939454e-03 -1.44193123e-03 1.65694448e-04 6.03939937e-05 -1.41580740e-05
2959             4.25300367e-02 2.80867626e-03 -1.45569750e-03 4.23643257e-02 2.74826648e-03 -1.44153632e-03 1.65711044e-04 6.04097820e-05 -1.41611763e-05
2960             4.25267481e-02 2.80671255e-03 -1.45495140e-03 4.23610444e-02 2.74629273e-03 -1.44079325e-03 1.65703744e-04 6.04198210e-05 -1.41581493e-05
2961             4.25219521e-02 2.80417730e-03 -1.45400054e-03 4.23562299e-02 2.74373797e-03 -1.43983901e-03 1.65722176e-04 6.04393328e-05 -1.41615313e-05
2962             4.25159043e-02 2.80154581e-03 -1.45297102e-03 4.23501888e-02 2.74109675e-03 -1.43881341e-03 1.65715529e-04 6.04490601e-05 -1.41576072e-05
2963             4.25091598e-02 2.79922364e-03 -1.45205838e-03 4.23434265e-02 2.73875724e-03 -1.43789875e-03 1.65733349e-04 6.04664008e-05 -1.41596309e-05
2964             4.25027355e-02 2.79720564e-03 -1.45121339e-03 4.23370106e-02 2.73673178e-03 -1.43705870e-03 1.65724979e-04 6.04738593e-05 -1.41546929e-05
2965             4.24985158e-02 2.79595643e-03 -1.45067488e-03 4.23327751e-02 2.73546742e-03 -1.43651855e-03 1.65740708e-04 6.04890096e-05 -1.41563314e-05
2966             4.24980464e-02 2.79599463e-03 -1.45059742e-03 4.23323148e-02 2.73550008e-03 -1.43644579e-03 1.65731589e-04 6.04945567e-05 -1.41516270e-05
2967             4.25010423e-02 2.79718196e-03 -1.45097509e-03 4.23352935e-02 2.73667397e-03 -1.43682089e-03 1.65748767e-04 6.05079900e-05 -1.41542078e-05
2968             4.25065708e-02 2.79892866e-03 -1.45154080e-03 4.23408282e-02 2.73841725e-03 -1.43738973e-03 1.65742513e-04 6.05114086e-05 -1.41510671e-05
2969             4.25134820e-02 2.80080455e-03 -1.45219585e-03 4.23477196e-02 2.74028371e-03 -1.43804057e-03 1.65762368e-04 6.05208398e-05 -1.41552756e-05
2970             4.25205549e-02 2.80223692e-03 -1.45268180e-03 4.23547973e-02 2.74171891e-03 -1.43852867e-03 1.65757587e-04 6.05180043e-05 -1.41531364e-05
2971             4.25262616e-02 2.80322880e-03 -1.45304053e-03 4.23604844e-02 2.74270941e-03 -1.43888310e-03 1.65777245e-04 6.05193904e-05 -1.41574291e-05
2972             4.25302072e-02 2.80387935e-03 -1.45324358e-03 4.23644369e-02 2.74337110e-03 -1.43908877e-03 1.65770283e-04 6.05082442e-05 -1.41548114e-05
2973             4.25331753e-02 2.80462228e-03 -1.45350185e-03 4.23673894e-02 2.74411977e-03 -1.43934327e-03 1.65785917e-04 6.05025103e-05 -1.41585866e-05
2974             4.25362607e-02 2.80568926e-03 -1.45385404e-03 4.23704864e-02 2.74520268e-03 -1.43969836e-03 1.65774283e-04 6.04865775e-05 -1.41556790e-05
2975             4.25405988e-02 2.80706999e-03 -1.45433869e-03 4.23748125e-02 2.74659149e-03 -1.44017920e-03 1.65786284e-04 6.04784957e-05 -1.41594892e-05
2976             4.25467291e-02 2.80902110e-03 -1.45500074e-03 4.23809562e-02 2.74855938e-03 -1.44084375e-03 1.65772980e-04 6.04617241e-05 -1.41569955e-05
2977             4.25533735e-02 2.81204760e-03 -1.45609572e-03 4.23875886e-02 2.75159375e-03 -1.44193406e-03 1.65784966e-04 6.04538532e-05 -1.41616587e-05
2978             4.25588949e-02 2.81581828e-03 -1.45747491e-03 4.23931229e-02 2.75537952e-03 -1.44331446e-03 1.65771965e-04 6.04387621e-05 -1.41604433e-05
2979             4.25623157e-02 2.81946647e-03 -1.45886842e-03 4.23965322e-02 2.75903230e-03 -1.44470193e-03 1.65783505e-04 6.04341755e-05 -1.41664898e-05
2980             4.25635204e-02 2.82201568e-03 -1.45986027e-03 4.23977511e-02 2.76159355e-03 -1.44569416e-03 1.65769218e-04 6.04221267e-05 -1.41661056e-05
2981             4.25618269e-02 2.82290114e-03 -1.46028818e-03 4.23960474e-02 2.76248271e-03 -1.44611649e-03 1.65779492e-04 6.04184292e-05 -1.41716886e-05
2982             4.25568528e-02 2.82188773e-03 -1.46000368e-03 4.23910880e-02 2.76148349e-03 -1.44583464e-03 1.65764809e-04 6.04042343e-05 -1.41690472e-05
2983             4.25489416e-02 2.81958453e-03 -1.45924879e-03 4.23831658e-02 2.75918776e-03 -1.44507786e-03 1.65775758e-04 6.03967710e-05 -1.41709245e-05
2984             4.25397480e-02 2.81661516e-03 -1.45818744e-03 4.23739859e-02 2.75623579e-03 -1.44402308e-03 1.65762058e-04 6.03793637e-05 -1.41643591e-05
2985             4.25310422e-02 2.81382962e-03 -1.45719414e-03 4.23652683e-02 2.75345792e-03 -1.44303075e-03 1.65773888e-04 6.03717048e-05 -1.41633889e-05
2986             4.25241301e-02 2.81184997e-03 -1.45646529e-03 4.23583687e-02 2.75149135e-03 -1.44230958e-03 1.65761398e-04 6.03586142e-05 -1.41557058e-05
2987             4.25188323e-02 2.81098068e-03 -1.45616882e-03 4.23530570e-02 2.75062039e-03 -1.44201324e-03 1.65775369e-04 6.03602928e-05 -1.41555778e-05
2988             4.25144026e-02 2.81051945e-03 -1.45599882e-03 4.23486370e-02 2.75015952e-03 -1.44184841e-03 1.65765570e-04 6.03599287e-05 -1.41504146e-05
2989             4.25095626e-02 2.80951328e-03 -1.45565833e-03 4.23437806e-02 2.74913903e-03 -1.44150502e-03 1.65782002e-04 6.03742461e-05 -1.41533136e-05
2990             4.25039970e-02 2.80763859e-03 -1.45497243e-03 4.23382227e-02 2.74725568e-03 -1.44082235e-03 1.65774306e-04 6.03829087e-05 -1.41500845e-05
2991             4.24969613e-02 2.80512318e-03 -1.45405662e-03 4.23311688e-02 2.74472197e-03 -1.43990345e-03 1.65792571e-04 6.04012104e-05 -1.41531673e-05
2992             4.24888024e-02 2.80248256e-03 -1.45303790e-03 4.23230165e-02 2.74207271e-03 -1.43888893e-03 1.65785855e-04 6.04098505e-05 -1.41489724e-05
2993             4.24797263e-02 2.80014607e-03 -1.45213655e-03 4.23139229e-02 2.73972010e-03 -1.43798570e-03 1.65803453e-04 6.04259695e-05 -1.41508546e-05
2994             4.24708321e-02 2.79813730e-03 -1.45132431e-03 4.23050375e-02 2.73770503e-03 -1.43717860e-03 1.65794655e-04 6.04322641e-05 -1.41457091e-05
2995             4.24639661e-02 2.79681263e-03 -1.45078424e-03 4.22981560e-02 2.73636622e-03 -1.43663723e-03 1.65810066e-04 6.04464104e-05 -1.41470082e-05
2996             4.24610656e-02 2.79680190e-03 -1.45069991e-03 4.22952650e-02 2.73635073e-03 -1.43655793e-03 1.65800571e-04 6.04511728e-05 -1.41419795e-05
2997             4.24613818e-02 2.79790874e-03 -1.45106214e-03 4.22955646e-02 2.73744498e-03 -1.43691778e-03 1.65817219e-04 6.04637598e-05 -1.41443604e-05
2998             4.24641172e-02 2.79956588e-03 -1.45162228e-03 4.22983070e-02 2.73909943e-03 -1.43748133e-03 1.65810255e-04 6.04664525e-05 -1.41409572e-05
2999             4.24684663e-02 2.80142160e-03 -1.45229571e-03 4.23026367e-02 2.74094632e-03 -1.43815094e-03 1.65829605e-04 6.04752757e-05 -1.41447759e-05
3000             4.24733053e-02 2.80285135e-03 -1.45279163e-03 4.23074808e-02 2.74237926e-03 -1.43864932e-03 1.65824489e-04 6.04720887e-05 -1.41423058e-05
