solid rocket_tab
 facet normal -0.39001878 -0.89863964 0.20082867
  outer loop
   vertex -0.082559949 0.0022473684 0.052499998
   vertex -0.083131834 0.0024955722 0.052499998
   vertex -0.083116752 0.0023288188 0.051783123
  endloop
 endfacet
 facet normal -0.39001878 -0.89863964 0.20082867
  outer loop
   vertex -0.082559949 0.0022473684 0.052499998
   vertex -0.083116752 0.0023288188 0.051783123
   vertex -0.082410976 0.0023510096 0.051769257
  endloop
 endfacet
 facet normal -0.049693416 0.88997979 -0.45328417
  outer loop
   vertex -0.082641138 -0.0047207579 0.049766577
   vertex -0.082411728 -0.0045463285 0.050083903
   vertex -0.082411062 -0.0047978441 0.049590003
  endloop
 endfacet
 facet normal -0.049693416 0.88997979 -0.45328417
  outer loop
   vertex -0.082641138 -0.0047207579 0.049766577
   vertex -0.082411062 -0.0047978441 0.049590003
   vertex -0.082411821 -0.0049001586 0.049371494
  endloop
 endfacet
 facet normal -5.1185511e-16 0.99862953 -0.052335952
  outer loop
   vertex -0.088021007 -0.0059590494 0.034331177
   vertex -0.088090945 -0.0059894863 0.033750406
   vertex -0.088410981 -0.0059884851 0.033769511
  endloop
 endfacet
 facet normal -5.1185511e-16 0.99862953 -0.052335952
  outer loop
   vertex -0.088021007 -0.0059590494 0.034331177
   vertex -0.088410981 -0.0059884851 0.033769511
   vertex -0.088410981 -0.0059563572 0.034382547
  endloop
 endfacet
 facet normal 0.9980871 -0.061738778 0.003235592
  outer loop
   vertex -0.088410981 -0.0060217973 0.033133876
   vertex -0.088408438 -0.005980061 0.033145739
   vertex -0.088410981 -0.0059884851 0.033769511
  endloop
 endfacet
 facet normal 0.9980871 -0.061738778 0.003235592
  outer loop
   vertex -0.088410981 -0.0060217973 0.033133876
   vertex -0.088410981 -0.0059884851 0.033769511
   vertex -0.088090945 -0.0059894863 0.033750406
  endloop
 endfacet
 facet normal -0.99922291 0.036915579 -0.013813856
  outer loop
   vertex -0.082410985 -0.0050908301 0.0488015
   vertex -0.082411821 -0.0049001586 0.049371494
   vertex -0.082411062 -0.0047978441 0.049590003
  endloop
 endfacet
 facet normal -0.99922291 0.036915579 -0.013813856
  outer loop
   vertex -0.082410985 -0.0050908301 0.0488015
   vertex -0.082411062 -0.0047978441 0.049590003
   vertex -0.082412205 -0.0045580535 0.04883209
  endloop
 endfacet
 facet normal -0.99999969 -0.00045718634 0.00063797621
  outer loop
   vertex -0.082411164 -0.0038877349 0.050081976
   vertex -0.08241152 -0.0039515337 0.049478423
   vertex -0.082411062 -0.0047978441 0.049590003
  endloop
 endfacet
 facet normal -0.99999969 -0.00045718634 0.00063797621
  outer loop
   vertex -0.082411164 -0.0038877349 0.050081976
   vertex -0.082411062 -0.0047978441 0.049590003
   vertex -0.082411728 -0.0045463285 0.050083903
  endloop
 endfacet
 facet normal 0.99999998 -1.7595123e-05 0.00020102004
  outer loop
   vertex -0.088411109 0.0038101286 0.049409191
   vertex -0.088410981 0.0038414197 0.048776122
   vertex -0.088410981 0.0045571057 0.048838765
  endloop
 endfacet
 facet normal 0.99999998 -1.7595123e-05 0.00020102004
  outer loop
   vertex -0.088411109 0.0038101286 0.049409191
   vertex -0.088410981 0.0045571057 0.048838765
   vertex -0.088410965 0.0043636868 0.049403971
  endloop
 endfacet
 facet normal -1.5509846e-15 0.052336044 0.99862953
  outer loop
   vertex -0.088410981 0.00060719925 0.025931811
   vertex -0.088059031 0.00085511597 0.025918818
   vertex -0.088102391 0.001287633 0.025896151
  endloop
 endfacet
 facet normal -1.5509846e-15 0.052336044 0.99862953
  outer loop
   vertex -0.088410981 0.00060719925 0.025931811
   vertex -0.088102391 0.001287633 0.025896151
   vertex -0.088410981 0.0012414008 0.025898574
  endloop
 endfacet
 facet normal 0.87750948 0.47036132 0.093473768
  outer loop
   vertex -0.088102391 0.001287633 0.025896151
   vertex -0.088410981 0.0018693994 0.025865662
   vertex -0.088408419 0.0018565299 0.025906371
  endloop
 endfacet
 facet normal 0.87750948 0.47036132 0.093473768
  outer loop
   vertex -0.088102391 0.001287633 0.025896151
   vertex -0.088408419 0.0018565299 0.025906371
   vertex -0.088410981 0.0012414008 0.025898574
  endloop
 endfacet
 facet normal -0.99999934 0.00085901825 0.00076363618
  outer loop
   vertex -0.082411164 -0.0038877349 0.050081976
   vertex -0.082411728 -0.0045463285 0.050083903
   vertex -0.082411175 -0.0042690916 0.050496333
  endloop
 endfacet
 facet normal -0.99999934 0.00085901825 0.00076363618
  outer loop
   vertex -0.082411164 -0.0038877349 0.050081976
   vertex -0.082411175 -0.0042690916 0.050496333
   vertex -0.082410977 -0.0039979319 0.050828479
  endloop
 endfacet
 facet normal -1 4.3940529e-06 1.4746861e-05
  outer loop
   vertex -0.082410982 -0.0036648487 0.051169764
   vertex -0.082410976 -0.0033049125 0.051473342
   vertex -0.082410987 -0.0032283069 0.050728695
  endloop
 endfacet
 facet normal -1 4.3940529e-06 1.4746861e-05
  outer loop
   vertex -0.082410982 -0.0036648487 0.051169764
   vertex -0.082410987 -0.0032283069 0.050728695
   vertex -0.082410977 -0.0039979319 0.050828479
  endloop
 endfacet
 facet normal -0.99095339 0.12005668 -0.059981426
  outer loop
   vertex -0.088409537 -0.0049001586 0.049371494
   vertex -0.088410875 -0.0048012051 0.049591655
   vertex -0.088409623 -0.0045393813 0.05009502
  endloop
 endfacet
 facet normal -0.99095339 0.12005668 -0.059981426
  outer loop
   vertex -0.088409537 -0.0049001586 0.049371494
   vertex -0.088409623 -0.0045393813 0.05009502
   vertex -0.088139811 -0.0047177383 0.049769108
  endloop
 endfacet
 facet normal 0.99999999 0.00014170253 9.3647326e-05
  outer loop
   vertex -0.088410987 -0.0045046269 0.047510931
   vertex -0.088411048 -0.0045049745 0.048160759
   vertex -0.088410948 -0.0052171169 0.04816809
  endloop
 endfacet
 facet normal 0.99999999 0.00014170253 9.3647326e-05
  outer loop
   vertex -0.088410987 -0.0045046269 0.047510931
   vertex -0.088410948 -0.0052171169 0.04816809
   vertex -0.088410979 -0.0052672751 0.047531017
  endloop
 endfacet
 facet normal 1 1.8358953e-07 9.4794946e-06
  outer loop
   vertex -0.088410981 -0.0053007705 0.046891888
   vertex -0.088410981 -0.0045097682 0.046876568
   vertex -0.088410987 -0.0045046269 0.047510931
  endloop
 endfacet
 facet normal 1 1.8358953e-07 9.4794946e-06
  outer loop
   vertex -0.088410981 -0.0053007705 0.046891888
   vertex -0.088410987 -0.0045046269 0.047510931
   vertex -0.088410979 -0.0052672751 0.047531017
  endloop
 endfacet
 facet normal 0.029742476 -0.99761038 -0.062361104
  outer loop
   vertex -0.088014158 0.0047226726 0.04789431
   vertex -0.088410981 0.0046937034 0.04816848
   vertex -0.088410981 0.0047375588 0.047466911
  endloop
 endfacet
 facet normal 0.029742476 -0.99761038 -0.062361104
  outer loop
   vertex -0.088014158 0.0047226726 0.04789431
   vertex -0.088410981 0.0047375588 0.047466911
   vertex -0.08799385 0.0047375588 0.04745336
  endloop
 endfacet
 facet normal 0.0026707498 -0.99485714 -0.10125283
  outer loop
   vertex -0.088410981 0.0046937034 0.04816848
   vertex -0.088014158 0.0047226726 0.04789431
   vertex -0.087559543 0.004719993 0.04793263
  endloop
 endfacet
 facet normal 0.0026707498 -0.99485714 -0.10125283
  outer loop
   vertex -0.088410981 0.0046937034 0.04816848
   vertex -0.087559543 0.004719993 0.04793263
   vertex -0.087655923 0.0045649663 0.048811353
  endloop
 endfacet
 facet normal 0.0026707498 -0.99485714 -0.10125283
  outer loop
   vertex -0.088410981 0.0046937034 0.04816848
   vertex -0.087655923 0.0045649663 0.048811353
   vertex -0.088410981 0.0045571057 0.048838765
  endloop
 endfacet
 facet normal 0.0010303159 -0.99906704 0.043173829
  outer loop
   vertex -0.088410981 0.0047375588 0.047466911
   vertex -0.088410981 0.004711565 0.046865401
   vertex -0.087983638 0.0047140773 0.046913337
  endloop
 endfacet
 facet normal 0.0010303159 -0.99906704 0.043173829
  outer loop
   vertex -0.088410981 0.0047375588 0.047466911
   vertex -0.087983638 0.0047140773 0.046913337
   vertex -0.08799385 0.0047375588 0.04745336
  endloop
 endfacet
 facet normal 0.99999618 0.0025210569 0.0011371684
  outer loop
   vertex -0.088410971 -0.00185804 0.052242149
   vertex -0.08841047 -0.0019132709 0.051923822
   vertex -0.08841215 -0.0012563374 0.051944939
  endloop
 endfacet
 facet normal 0.99999618 0.0025210569 0.0011371684
  outer loop
   vertex -0.088410971 -0.00185804 0.052242149
   vertex -0.08841215 -0.0012563374 0.051944939
   vertex -0.088410982 -0.0012001572 0.052414683
  endloop
 endfacet
 facet normal 0.20772552 -0.59784546 -0.77422924
  outer loop
   vertex -0.087991592 0.0022300577 0.051899024
   vertex -0.088407589 0.0019974791 0.051967005
   vertex -0.088409947 0.0022147228 0.05179862
  endloop
 endfacet
 facet normal 0.20772552 -0.59784546 -0.77422924
  outer loop
   vertex -0.087991592 0.0022300577 0.051899024
   vertex -0.088409947 0.0022147228 0.05179862
   vertex -0.088405765 0.002707443 0.051528893
  endloop
 endfacet
 facet normal -1.0167048e-15 0.99862953 -0.052335952
  outer loop
   vertex -0.088410981 -0.0059231201 0.035016749
   vertex -0.088023338 -0.0059365605 0.034760291
   vertex -0.088021007 -0.0059590494 0.034331177
  endloop
 endfacet
 facet normal -1.0167048e-15 0.99862953 -0.052335952
  outer loop
   vertex -0.088410981 -0.0059231201 0.035016749
   vertex -0.088021007 -0.0059590494 0.034331177
   vertex -0.088410981 -0.0059563572 0.034382547
  endloop
 endfacet
 facet normal 0.87873282 -0.095883202 0.46758427
  outer loop
   vertex -0.088104687 0.0040917257 0.035038161
   vertex -0.088410981 0.0041222203 0.035620034
   vertex -0.088408419 0.0040826487 0.035607105
  endloop
 endfacet
 facet normal 0.87873282 -0.095883202 0.46758427
  outer loop
   vertex -0.088104687 0.0040917257 0.035038161
   vertex -0.088408419 0.0040826487 0.035607105
   vertex -0.088410981 0.0040893083 0.034992036
  endloop
 endfacet
 facet normal -7.9815952e-16 -0.99862953 0.052335957
  outer loop
   vertex -0.088410981 0.0040560712 0.034357834
   vertex -0.088061125 0.0040691718 0.034607809
   vertex -0.088104687 0.0040917257 0.035038161
  endloop
 endfacet
 facet normal -7.9815952e-16 -0.99862953 0.052335957
  outer loop
   vertex -0.088410981 0.0040560712 0.034357834
   vertex -0.088104687 0.0040917257 0.035038161
   vertex -0.088410981 0.0040893083 0.034992036
  endloop
 endfacet
 facet normal 0.0094659828 0.99990462 0.010057244
  outer loop
   vertex -0.088408419 -0.0053278456 0.045642643
   vertex -0.088410981 -0.0053340076 0.046257686
   vertex -0.088105317 -0.0053364353 0.046211362
  endloop
 endfacet
 facet normal 0.0094659828 0.99990462 0.010057244
  outer loop
   vertex -0.088408419 -0.0053278456 0.045642643
   vertex -0.088105317 -0.0053364353 0.046211362
   vertex -0.088410981 -0.0053669196 0.045629688
  endloop
 endfacet
 facet normal 1.4807714e-15 0.99862953 -0.052335952
  outer loop
   vertex -0.088105317 -0.0053364353 0.046211362
   vertex -0.088410981 -0.0053340076 0.046257686
   vertex -0.088410981 -0.0053007705 0.046891888
  endloop
 endfacet
 facet normal 1.4807714e-15 0.99862953 -0.052335952
  outer loop
   vertex -0.088105317 -0.0053364353 0.046211362
   vertex -0.088410981 -0.0053007705 0.046891888
   vertex -0.088062181 -0.0053139069 0.04664123
  endloop
 endfacet
 facet normal 0.99996436 0.0080808236 0.0024433432
  outer loop
   vertex -0.088411091 -0.0045447228 0.048831776
   vertex -0.088410875 -0.0048012051 0.049591655
   vertex -0.088409537 -0.0049001586 0.049371494
  endloop
 endfacet
 facet normal 0.99996436 0.0080808236 0.0024433432
  outer loop
   vertex -0.088411091 -0.0045447228 0.048831776
   vertex -0.088409537 -0.0049001586 0.049371494
   vertex -0.088410702 -0.0050878674 0.048812934
  endloop
 endfacet
 facet normal 0.99999734 -0.00042106898 -0.0022691399
  outer loop
   vertex -0.088409623 -0.0045393813 0.05009502
   vertex -0.088410875 -0.0048012051 0.049591655
   vertex -0.088410765 -0.0039371553 0.049479585
  endloop
 endfacet
 facet normal 0.99999734 -0.00042106898 -0.0022691399
  outer loop
   vertex -0.088409623 -0.0045393813 0.05009502
   vertex -0.088410765 -0.0039371553 0.049479585
   vertex -0.088412073 -0.0038722865 0.050085534
  endloop
 endfacet
 facet normal 0.99999999 0.00014148597 7.2608109e-05
  outer loop
   vertex -0.088410948 -0.0052171169 0.04816809
   vertex -0.088411048 -0.0045049745 0.048160759
   vertex -0.088411091 -0.0045447228 0.048831776
  endloop
 endfacet
 facet normal 0.99999999 0.00014148597 7.2608109e-05
  outer loop
   vertex -0.088410948 -0.0052171169 0.04816809
   vertex -0.088411091 -0.0045447228 0.048831776
   vertex -0.088410702 -0.0050878674 0.048812934
  endloop
 endfacet
 facet normal 0.99999994 -0.00020997709 -0.00028676811
  outer loop
   vertex -0.088410938 0.0042330442 0.049695425
   vertex -0.088410862 0.0039882126 0.050139561
   vertex -0.088411109 0.0038101286 0.049409191
  endloop
 endfacet
 facet normal 0.99999994 -0.00020997709 -0.00028676811
  outer loop
   vertex -0.088410938 0.0042330442 0.049695425
   vertex -0.088411109 0.0038101286 0.049409191
   vertex -0.088410965 0.0043636868 0.049403971
  endloop
 endfacet
 facet normal 1.3620548e-15 -0.99862953 0.052335957
  outer loop
   vertex -0.088410981 0.0046784209 0.046232973
   vertex -0.088006098 0.0046919732 0.046491566
   vertex -0.087983638 0.0047140773 0.046913337
  endloop
 endfacet
 facet normal 1.3620548e-15 -0.99862953 0.052335957
  outer loop
   vertex -0.088410981 0.0046784209 0.046232973
   vertex -0.087983638 0.0047140773 0.046913337
   vertex -0.088410981 0.004711565 0.046865401
  endloop
 endfacet
 facet normal 0.87461698 0.25129963 -0.41460058
  outer loop
   vertex -0.088407425 -0.0032995898 0.051477368
   vertex -0.088409954 -0.0028179784 0.05176395
   vertex -0.088397589 -0.0025630033 0.05194458
  endloop
 endfacet
 facet normal 0.87461698 0.25129963 -0.41460058
  outer loop
   vertex -0.088407425 -0.0032995898 0.051477368
   vertex -0.088397589 -0.0025630033 0.05194458
   vertex -0.087990089 -0.002814623 0.051839268
  endloop
 endfacet
 facet normal 0.99988541 -0.011717574 0.0095848456
  outer loop
   vertex -0.088410303 -0.0039925983 0.050834465
   vertex -0.088410264 -0.0042946158 0.050461198
   vertex -0.088409623 -0.0045393813 0.05009502
  endloop
 endfacet
 facet normal 0.99988541 -0.011717574 0.0095848456
  outer loop
   vertex -0.088410303 -0.0039925983 0.050834465
   vertex -0.088409623 -0.0045393813 0.05009502
   vertex -0.088412073 -0.0038722865 0.050085534
  endloop
 endfacet
 facet normal 0.99999886 -0.00095183375 -0.0011699743
  outer loop
   vertex -0.088411619 0.0032492552 0.050093347
   vertex -0.088410862 0.0039882126 0.050139561
   vertex -0.088410659 0.0037182241 0.050532911
  endloop
 endfacet
 facet normal 0.99999886 -0.00095183375 -0.0011699743
  outer loop
   vertex -0.088411619 0.0032492552 0.050093347
   vertex -0.088410659 0.0037182241 0.050532911
   vertex -0.08841021 0.0034245736 0.050884063
  endloop
 endfacet
 facet normal 0.99980301 0.019761113 -0.0018543491
  outer loop
   vertex -0.088397589 -0.0025630033 0.05194458
   vertex -0.08841047 -0.0019132709 0.051923822
   vertex -0.088410971 -0.00185804 0.052242149
  endloop
 endfacet
 facet normal 0.99980301 0.019761113 -0.0018543491
  outer loop
   vertex -0.088397589 -0.0025630033 0.05194458
   vertex -0.088410971 -0.00185804 0.052242149
   vertex -0.088398649 -0.0018110535 0.052323734
  endloop
 endfacet
 facet normal 0.096216443 -0.4339296 -0.89579434
  outer loop
   vertex -0.088401385 0.001164247 0.052371295
   vertex -0.088407589 0.0019974791 0.051967005
   vertex -0.087991592 0.0022300577 0.051899024
  endloop
 endfacet
 facet normal 0.096216443 -0.4339296 -0.89579434
  outer loop
   vertex -0.088401385 0.001164247 0.052371295
   vertex -0.087991592 0.0022300577 0.051899024
   vertex -0.088194208 0.0022514506 0.052497391
  endloop
 endfacet
 facet normal 0.059233009 0.97055383 0.23348812
  outer loop
   vertex -0.082410976 -0.0029499573 0.051722024
   vertex -0.083116484 -0.0029125268 0.051745413
   vertex -0.083135629 -0.0030928906 0.052499998
  endloop
 endfacet
 facet normal 0.059233009 0.97055383 0.23348812
  outer loop
   vertex -0.082410976 -0.0029499573 0.051722024
   vertex -0.083135629 -0.0030928906 0.052499998
   vertex -0.082575997 -0.0028509052 0.052499998
  endloop
 endfacet
 facet normal 0.55378823 0.79950125 0.23262921
  outer loop
   vertex -0.088167344 -0.0028811892 0.052490011
   vertex -0.087990089 -0.002814623 0.051839268
   vertex -0.088397589 -0.0025630033 0.05194458
  endloop
 endfacet
 facet normal 0.55378823 0.79950125 0.23262921
  outer loop
   vertex -0.088167344 -0.0028811892 0.052490011
   vertex -0.088397589 -0.0025630033 0.05194458
   vertex -0.088398649 -0.0018110535 0.052323734
  endloop
 endfacet
 facet normal 0.99971829 -0.0039151432 -0.023409786
  outer loop
   vertex -0.088410687 0.0013059446 0.05195034
   vertex -0.088407589 0.0019974791 0.051967005
   vertex -0.088401385 0.001164247 0.052371295
  endloop
 endfacet
 facet normal 0.99971829 -0.0039151432 -0.023409786
  outer loop
   vertex -0.088410687 0.0013059446 0.05195034
   vertex -0.088401385 0.001164247 0.052371295
   vertex -0.088410974 0.0012182497 0.052279917
  endloop
 endfacet
 facet normal -1 0 -0
  outer loop
   vertex -0.082410976 -0.0018163905 0.052258206
   vertex -0.082410976 -0.0016412222 0.052311979
   vertex -0.082410976 -0.0018433763 0.05189581
  endloop
 endfacet
 facet normal -1 0 -0
  outer loop
   vertex -0.082410976 -0.0018163905 0.052258206
   vertex -0.082410976 -0.0018433763 0.05189581
   vertex -0.082410976 -0.0025582903 0.05194771
  endloop
 endfacet
 facet normal -0.96955105 -0.11827686 -0.21443263
  outer loop
   vertex -0.082559949 0.0022473684 0.052499998
   vertex -0.082410976 0.0023510096 0.051769257
   vertex -0.082410976 0.0019521961 0.051989234
  endloop
 endfacet
 facet normal -0.96955105 -0.11827686 -0.21443263
  outer loop
   vertex -0.082559949 0.0022473684 0.052499998
   vertex -0.082410976 0.0019521961 0.051989234
   vertex -0.082410976 0.0012275239 0.052279491
  endloop
 endfacet
 facet normal 1 1.0010881e-07 -2.3920058e-07
  outer loop
   vertex -0.082410976 -0.0018163905 0.052258206
   vertex -0.082410976 -0.0025582903 0.05194771
   vertex -0.082410976 -0.0029499573 0.051722024
  endloop
 endfacet
 facet normal 1 1.0010881e-07 -2.3920058e-07
  outer loop
   vertex -0.082410976 -0.0018163905 0.052258206
   vertex -0.082410976 -0.0029499573 0.051722024
   vertex -0.082575997 -0.0028509052 0.052499998
  endloop
 endfacet
 facet normal -1 0 0
  outer loop
   vertex -0.082410976 0.0010509267 0.052331173
   vertex -0.082410976 0.0012275239 0.052279491
   vertex -0.082410976 0.0019521961 0.051989234
  endloop
 endfacet
 facet normal -1 0 0
  outer loop
   vertex -0.082410976 0.0010509267 0.052331173
   vertex -0.082410976 0.0019521961 0.051989234
   vertex -0.082410976 0.0012361593 0.051916655
  endloop
 endfacet
 facet normal 1.6571057e-05 -0.99862953 0.052335968
  outer loop
   vertex -0.084990942 0.0041233092 0.035640811
   vertex -0.084990565 0.004092755 0.035057803
   vertex -0.084337109 0.0040927926 0.035058313
  endloop
 endfacet
 facet normal 1.6571057e-05 -0.99862953 0.052335968
  outer loop
   vertex -0.084990942 0.0041233092 0.035640811
   vertex -0.084337109 0.0040927926 0.035058313
   vertex -0.084336185 0.0041233166 0.035641049
  endloop
 endfacet
 facet normal 5.8649769e-16 -0.99862953 0.052335957
  outer loop
   vertex -0.084345672 0.0043520202 0.040004878
   vertex -0.084995807 0.0043520374 0.040005205
   vertex -0.084995364 0.0043193723 0.039381918
  endloop
 endfacet
 facet normal 5.8649769e-16 -0.99862953 0.052335957
  outer loop
   vertex -0.084345672 0.0043520202 0.040004878
   vertex -0.084995364 0.0043193723 0.039381918
   vertex -0.084344217 0.004319356 0.039381607
  endloop
 endfacet
 facet normal 4.3945609e-05 -0.99862954 0.052335928
  outer loop
   vertex -0.084357927 0.0046131289 0.044986589
   vertex -0.084999313 0.0046131107 0.044986781
   vertex -0.084999725 0.0045807637 0.044369563
  endloop
 endfacet
 facet normal 4.3945609e-05 -0.99862954 0.052335928
  outer loop
   vertex -0.084357927 0.0046131289 0.044986589
   vertex -0.084999725 0.0045807637 0.044369563
   vertex -0.084357738 0.0045807606 0.044369278
  endloop
 endfacet
 facet normal 5.8710476e-16 -0.99862953 0.052335957
  outer loop
   vertex -0.084996296 0.0043847018 0.040628478
   vertex -0.084995807 0.0043520374 0.040005205
   vertex -0.084345672 0.0043520202 0.040004878
  endloop
 endfacet
 facet normal 5.8710476e-16 -0.99862953 0.052335957
  outer loop
   vertex -0.084996296 0.0043847018 0.040628478
   vertex -0.084345672 0.0043520202 0.040004878
   vertex -0.084347221 0.0043846834 0.040628128
  endloop
 endfacet
 facet normal 1.6571102e-05 -0.99862954 0.052335911
  outer loop
   vertex -0.084337109 0.0040927926 0.035058313
   vertex -0.084990565 0.004092755 0.035057803
   vertex -0.08499203 0.004065352 0.034534922
  endloop
 endfacet
 facet normal 1.6571102e-05 -0.99862954 0.052335911
  outer loop
   vertex -0.084337109 0.0040927926 0.035058313
   vertex -0.08499203 0.004065352 0.034534922
   vertex -0.084341531 0.0040654316 0.034535677
  endloop
 endfacet
 facet normal 1.1638505e-15 -0.99862953 0.052335957
  outer loop
   vertex -0.085640867 0.0040927429 0.035057571
   vertex -0.084990565 0.004092755 0.035057803
   vertex -0.084990942 0.0041233092 0.035640811
  endloop
 endfacet
 facet normal 1.1638505e-15 -0.99862953 0.052335957
  outer loop
   vertex -0.085640867 0.0040927429 0.035057571
   vertex -0.084990942 0.0041233092 0.035640811
   vertex -0.085643625 0.0041232853 0.035640355
  endloop
 endfacet
 facet normal 1.7520706e-15 -0.99862953 0.052335957
  outer loop
   vertex -0.084995364 0.0043193723 0.039381918
   vertex -0.084995807 0.0043520374 0.040005205
   vertex -0.085646331 0.0043520339 0.040005139
  endloop
 endfacet
 facet normal 1.7520706e-15 -0.99862953 0.052335957
  outer loop
   vertex -0.084995364 0.0043193723 0.039381918
   vertex -0.085646331 0.0043520339 0.040005139
   vertex -0.085646781 0.0043193663 0.039381803
  endloop
 endfacet
 facet normal 1.1660789e-15 -0.99862953 0.052335957
  outer loop
   vertex -0.08499203 0.004065352 0.034534922
   vertex -0.084990565 0.004092755 0.035057803
   vertex -0.085640867 0.0040927429 0.035057571
  endloop
 endfacet
 facet normal 1.1660789e-15 -0.99862953 0.052335957
  outer loop
   vertex -0.08499203 0.004065352 0.034534922
   vertex -0.085640867 0.0040927429 0.035057571
   vertex -0.08563947 0.0040653771 0.034535401
  endloop
 endfacet
 facet normal -3.8306328e-05 0.91378471 -0.40619884
  outer loop
   vertex -0.084995986 -0.0047191929 0.049771718
   vertex -0.084996767 -0.0049301158 0.049297226
   vertex -0.085645115 -0.004929993 0.049297563
  endloop
 endfacet
 facet normal -3.8306328e-05 0.91378471 -0.40619884
  outer loop
   vertex -0.084995986 -0.0047191929 0.049771718
   vertex -0.085645115 -0.004929993 0.049297563
   vertex -0.085645229 -0.0047191348 0.049771837
  endloop
 endfacet
 facet normal 3.532151e-15 -0.99862953 0.052335957
  outer loop
   vertex -0.084999725 0.0045807637 0.044369563
   vertex -0.084999313 0.0046131107 0.044986781
   vertex -0.085641931 0.0046131116 0.044986797
  endloop
 endfacet
 facet normal 3.532151e-15 -0.99862953 0.052335957
  outer loop
   vertex -0.084999725 0.0045807637 0.044369563
   vertex -0.085641931 0.0046131116 0.044986797
   vertex -0.085643332 0.0045807615 0.04436952
  endloop
 endfacet
 facet normal 1.7572758e-15 -0.99862953 0.052335957
  outer loop
   vertex -0.085646331 0.0043520339 0.040005139
   vertex -0.084995807 0.0043520374 0.040005205
   vertex -0.084996296 0.0043847018 0.040628478
  endloop
 endfacet
 facet normal 1.7572758e-15 -0.99862953 0.052335957
  outer loop
   vertex -0.085646331 0.0043520339 0.040005139
   vertex -0.084996296 0.0043847018 0.040628478
   vertex -0.085645899 0.0043847 0.040628446
  endloop
 endfacet
 facet normal 4.3945578e-05 -0.99862954 0.052335824
  outer loop
   vertex -0.084997592 0.0046428168 0.045553606
   vertex -0.084999313 0.0046131107 0.044986781
   vertex -0.084357927 0.0046131289 0.044986589
  endloop
 endfacet
 facet normal 4.3945578e-05 -0.99862954 0.052335824
  outer loop
   vertex -0.084997592 0.0046428168 0.045553606
   vertex -0.084357927 0.0046131289 0.044986589
   vertex -0.084355731 0.0046428799 0.045554009
  endloop
 endfacet
 facet normal 3.6825636e-05 -0.90953014 -0.41563796
  outer loop
   vertex -0.084344158 0.0041697456 0.049821214
   vertex -0.084995459 0.0041695928 0.04982149
   vertex -0.084995577 0.0043888318 0.049341735
  endloop
 endfacet
 facet normal 3.6825636e-05 -0.90953014 -0.41563796
  outer loop
   vertex -0.084344158 0.0041697456 0.049821214
   vertex -0.084995577 0.0043888318 0.049341735
   vertex -0.08434615 0.0043888779 0.049341642
  endloop
 endfacet
 facet normal 3.5339023e-15 -0.99862953 0.052335957
  outer loop
   vertex -0.085641931 0.0046131116 0.044986797
   vertex -0.084999313 0.0046131107 0.044986781
   vertex -0.084997592 0.0046428168 0.045553606
  endloop
 endfacet
 facet normal 3.5339023e-15 -0.99862953 0.052335957
  outer loop
   vertex -0.085641931 0.0046131116 0.044986797
   vertex -0.084997592 0.0046428168 0.045553606
   vertex -0.085639576 0.0046428276 0.045553813
  endloop
 endfacet
 facet normal -0.00014189377 -0.90953015 -0.41563792
  outer loop
   vertex -0.084995577 0.0043888318 0.049341735
   vertex -0.084995459 0.0041695928 0.04982149
   vertex -0.085646761 0.0041703158 0.049820131
  endloop
 endfacet
 facet normal -0.00014189377 -0.90953015 -0.41563792
  outer loop
   vertex -0.084995577 0.0043888318 0.049341735
   vertex -0.085646761 0.0041703158 0.049820131
   vertex -0.085644979 0.0043892506 0.049340699
  endloop
 endfacet
 facet normal 1.8725788e-05 0.84887653 -0.52859118
  outer loop
   vertex -0.084995928 -0.0042609178 0.050507586
   vertex -0.084346398 -0.0042610186 0.050507447
   vertex -0.084347438 -0.004719338 0.049771422
  endloop
 endfacet
 facet normal 1.8725788e-05 0.84887653 -0.52859118
  outer loop
   vertex -0.084995928 -0.0042609178 0.050507586
   vertex -0.084347438 -0.004719338 0.049771422
   vertex -0.084995986 -0.0047191929 0.049771718
  endloop
 endfacet
 facet normal -1 -2.8926624e-17 2.1549862e-14
  outer loop
   vertex -0.082410976 3.1302413e-06 0.050019189
   vertex -0.082410976 -0.00062671147 0.050018344
   vertex -0.082410976 -0.00062541181 0.05066233
  endloop
 endfacet
 facet normal -1 -2.8926624e-17 2.1549862e-14
  outer loop
   vertex -0.082410976 3.1302413e-06 0.050019189
   vertex -0.082410976 -0.00062541181 0.05066233
   vertex -0.082410976 3.7015929e-06 0.050664047
  endloop
 endfacet
 facet normal -1 4.3094165e-07 1.8175122e-06
  outer loop
   vertex -0.082410978 -0.0025585432 0.05005388
   vertex -0.082410977 -0.002564265 0.050705828
   vertex -0.082410976 -0.0019011094 0.05067913
  endloop
 endfacet
 facet normal -1 4.3094165e-07 1.8175122e-06
  outer loop
   vertex -0.082410978 -0.0025585432 0.05005388
   vertex -0.082410976 -0.0019011094 0.05067913
   vertex -0.082410976 -0.0019014804 0.050033984
  endloop
 endfacet
 facet normal -1 0 0
  outer loop
   vertex -0.082410976 2.6562953e-18 0.052499998
   vertex -0.082410976 -1.3335534e-06 0.051926797
   vertex -0.082410976 -0.00061817764 0.051923147
  endloop
 endfacet
 facet normal -1 0 0
  outer loop
   vertex -0.082410976 2.6562953e-18 0.052499998
   vertex -0.082410976 -0.00061817764 0.051923147
   vertex -0.082410976 -0.00062311058 0.052493023
  endloop
 endfacet
 facet normal -1 2.1903162e-14 -1.9406456e-17
  outer loop
   vertex -0.082410976 3.1302413e-06 0.050019189
   vertex -0.082410976 3.7015929e-06 0.050664047
   vertex -0.082410976 0.00063730572 0.050671569
  endloop
 endfacet
 facet normal -1 2.1903162e-14 -1.9406456e-17
  outer loop
   vertex -0.082410976 3.1302413e-06 0.050019189
   vertex -0.082410976 0.00063730572 0.050671569
   vertex -0.082410976 0.00063604882 0.050025212
  endloop
 endfacet
 facet normal -1 -3.2089883e-05 9.0221258e-07
  outer loop
   vertex -0.082410998 0.0026017139 0.050084025
   vertex -0.082410976 0.0019337649 0.050059839
   vertex -0.082410976 0.0019524062 0.050722873
  endloop
 endfacet
 facet normal -1 -3.2089883e-05 9.0221258e-07
  outer loop
   vertex -0.082410998 0.0026017139 0.050084025
   vertex -0.082410976 0.0019524062 0.050722873
   vertex -0.082410984 0.0026278625 0.050753383
  endloop
 endfacet
 facet normal -1 0 0
  outer loop
   vertex -0.082410976 2.6562953e-18 0.052499998
   vertex -0.082410976 0.00057910867 0.052434957
   vertex -0.082410976 0.00061303251 0.051917421
  endloop
 endfacet
 facet normal -1 0 0
  outer loop
   vertex -0.082410976 2.6562953e-18 0.052499998
   vertex -0.082410976 0.00061303251 0.051917421
   vertex -0.082410976 -1.3335534e-06 0.051926797
  endloop
 endfacet
 facet normal -1 0 0
  outer loop
   vertex -0.082410976 -0.0025056398 0.037500365
   vertex -0.082410976 -0.0031407205 0.037501017
   vertex -0.082410976 -0.0031388923 0.038125952
  endloop
 endfacet
 facet normal -1 0 0
  outer loop
   vertex -0.082410976 -0.0025056398 0.037500365
   vertex -0.082410976 -0.0031388923 0.038125952
   vertex -0.082410976 -0.0025049826 0.038125344
  endloop
 endfacet
 facet normal -1 -4.5113821e-14 -2.1493732e-14
  outer loop
   vertex -0.082410976 -0.005023766 0.040004843
   vertex -0.082410976 -0.0044075475 0.040002778
   vertex -0.082410976 -0.0044176715 0.03937836
  endloop
 endfacet
 facet normal -1 -4.5113821e-14 -2.1493732e-14
  outer loop
   vertex -0.082410976 -0.005023766 0.040004843
   vertex -0.082410976 -0.0044176715 0.03937836
   vertex -0.082410976 -0.0050415699 0.039380957
  endloop
 endfacet
 facet normal -1 0 0
  outer loop
   vertex -0.082410976 -0.0025026855 0.040000201
   vertex -0.082410976 -0.0025034625 0.039375253
   vertex -0.082410976 -0.0031346894 0.039375702
  endloop
 endfacet
 facet normal -1 0 0
  outer loop
   vertex -0.082410976 -0.0025026855 0.040000201
   vertex -0.082410976 -0.0031346894 0.039375702
   vertex -0.082410976 -0.0031325519 0.040000563
  endloop
 endfacet
 facet normal -1 2.639515e-07 4.7038355e-05
  outer loop
   vertex -0.082411006 -0.005092465 0.037509124
   vertex -0.082410976 -0.0050760653 0.038133164
   vertex -0.082410976 -0.00443812 0.038129584
  endloop
 endfacet
 facet normal -1 2.639515e-07 4.7038355e-05
  outer loop
   vertex -0.082411006 -0.005092465 0.037509124
   vertex -0.082410976 -0.00443812 0.038129584
   vertex -0.082410984 -0.0044472659 0.037505071
  endloop
 endfacet
 facet normal -1 2.1800417e-14 -2.2220204e-14
  outer loop
   vertex -0.082410976 -0.0025056398 0.037500365
   vertex -0.082410976 -0.0025061069 0.036875349
   vertex -0.082410976 -0.0031420435 0.036875984
  endloop
 endfacet
 facet normal -1 2.1800417e-14 -2.2220204e-14
  outer loop
   vertex -0.082410976 -0.0025056398 0.037500365
   vertex -0.082410976 -0.0031420435 0.036875984
   vertex -0.082410976 -0.0031407205 0.037501017
  endloop
 endfacet
 facet normal -0.99999613 0.0026698054 -0.00077644365
  outer loop
   vertex -0.082412508 -0.0051131397 0.034997102
   vertex -0.082413029 -0.0051247664 0.035627622
   vertex -0.08241124 -0.004454692 0.035627097
  endloop
 endfacet
 facet normal -0.99999613 0.0026698054 -0.00077644365
  outer loop
   vertex -0.082412508 -0.0051131397 0.034997102
   vertex -0.08241124 -0.004454692 0.035627097
   vertex -0.082411189 -0.0044399711 0.034999998
  endloop
 endfacet
 facet normal -1 -2.1916635e-14 -2.2305097e-14
  outer loop
   vertex -0.082410976 -0.0025046207 0.035000076
   vertex -0.082410976 -0.0031379518 0.035000197
   vertex -0.082410976 -0.0031411346 0.035625505
  endloop
 endfacet
 facet normal -1 -2.1916635e-14 -2.2305097e-14
  outer loop
   vertex -0.082410976 -0.0025046207 0.035000076
   vertex -0.082410976 -0.0031411346 0.035625505
   vertex -0.082410976 -0.0025057468 0.035625179
  endloop
 endfacet
 facet normal -1 3.4326949e-05 4.9271863e-05
  outer loop
   vertex -0.082411006 -0.005092465 0.037509124
   vertex -0.082410984 -0.0044472659 0.037505071
   vertex -0.082411015 -0.004454564 0.036880124
  endloop
 endfacet
 facet normal -1 3.4326949e-05 4.9271863e-05
  outer loop
   vertex -0.082411006 -0.005092465 0.037509124
   vertex -0.082411015 -0.004454564 0.036880124
   vertex -0.082411153 -0.0051070355 0.03688454
  endloop
 endfacet
 facet normal -1 -2.2546162e-14 2.2350758e-14
  outer loop
   vertex -0.082410976 0.0024912186 0.03750035
   vertex -0.082410976 0.002494997 0.038125071
   vertex -0.082410976 0.0031105422 0.038125088
  endloop
 endfacet
 facet normal -1 -2.2546162e-14 2.2350758e-14
  outer loop
   vertex -0.082410976 0.0024912186 0.03750035
   vertex -0.082410976 0.0031105422 0.038125088
   vertex -0.082410976 0.0031021986 0.037500653
  endloop
 endfacet
 facet normal -1 -2.201888e-14 3.4522918e-16
  outer loop
   vertex -0.082410976 0.0025090596 0.039999217
   vertex -0.082410976 0.0031393138 0.039998362
   vertex -0.082410976 0.0031295238 0.039373949
  endloop
 endfacet
 facet normal -1 -2.201888e-14 3.4522918e-16
  outer loop
   vertex -0.082410976 0.0025090596 0.039999217
   vertex -0.082410976 0.0031295238 0.039373949
   vertex -0.082410976 0.0025042318 0.039374508
  endloop
 endfacet
 facet normal -1 2.3817142e-08 -4.8111326e-05
  outer loop
   vertex -0.082410976 0.0024912186 0.03750035
   vertex -0.082410976 0.0031021986 0.037500653
   vertex -0.082410946 0.0030965616 0.03687623
  endloop
 endfacet
 facet normal -1 2.3817142e-08 -4.8111326e-05
  outer loop
   vertex -0.082410976 0.0024912186 0.03750035
   vertex -0.082410946 0.0030965616 0.03687623
   vertex -0.082410971 0.0024893675 0.036875635
  endloop
 endfacet
 facet normal -0.99999981 0.00058648246 0.00020815773
  outer loop
   vertex -0.082411064 0.0025264022 0.035001058
   vertex -0.082410947 0.0025030971 0.035626095
   vertex -0.082410589 0.0031133192 0.035627884
  endloop
 endfacet
 facet normal -0.99999981 0.00058648246 0.00020815773
  outer loop
   vertex -0.082411064 0.0025264022 0.035001058
   vertex -0.082410589 0.0031133192 0.035627884
   vertex -0.08241109 0.0031564529 0.035003314
  endloop
 endfacet
 facet normal -1 4.2181376e-18 2.2205866e-14
  outer loop
   vertex -0.082410976 -0.0024997359 0.042500022
   vertex -0.082410976 -0.0025004321 0.041875061
   vertex -0.082410976 -0.0031263461 0.04187518
  endloop
 endfacet
 facet normal -1 4.2181376e-18 2.2205866e-14
  outer loop
   vertex -0.082410976 -0.0024997359 0.042500022
   vertex -0.082410976 -0.0031263461 0.04187518
   vertex -0.082410976 -0.0031244074 0.042500067
  endloop
 endfacet
 facet normal -1 -5.4840373e-17 -2.2245351e-14
  outer loop
   vertex -0.082410976 -0.005023766 0.040004843
   vertex -0.082410976 -0.0050060322 0.04062865
   vertex -0.082410976 -0.0043975915 0.040627151
  endloop
 endfacet
 facet normal -1 -5.4840373e-17 -2.2245351e-14
  outer loop
   vertex -0.082410976 -0.005023766 0.040004843
   vertex -0.082410976 -0.0043975915 0.040627151
   vertex -0.082410976 -0.0044075475 0.040002778
  endloop
 endfacet
 facet normal -1 0 0
  outer loop
   vertex -0.082410976 -0.0025026855 0.040000201
   vertex -0.082410976 -0.0031325519 0.040000563
   vertex -0.082410976 -0.0031304464 0.040625428
  endloop
 endfacet
 facet normal -1 0 0
  outer loop
   vertex -0.082410976 -0.0025026855 0.040000201
   vertex -0.082410976 -0.0031304464 0.040625428
   vertex -0.082410976 -0.0025019193 0.040625151
  endloop
 endfacet
 facet normal -1 -2.3744469e-14 -2.1862907e-14
  outer loop
   vertex -0.082410976 -0.0049530481 0.042500513
   vertex -0.082410976 -0.004368484 0.042500404
   vertex -0.082410976 -0.0043779902 0.041875965
  endloop
 endfacet
 facet normal -1 -2.3744469e-14 -2.1862907e-14
  outer loop
   vertex -0.082410976 -0.0049530481 0.042500513
   vertex -0.082410976 -0.0043779902 0.041875965
   vertex -0.082410976 -0.0049705658 0.041876522
  endloop
 endfacet
 facet normal -1 2.2217751e-14 2.2148233e-14
  outer loop
   vertex -0.082410976 -0.0024997359 0.042500022
   vertex -0.082410976 -0.0031244074 0.042500067
   vertex -0.082410976 -0.0031227245 0.043124965
  endloop
 endfacet
 facet normal -1 2.2217751e-14 2.2148233e-14
  outer loop
   vertex -0.082410976 -0.0024997359 0.042500022
   vertex -0.082410976 -0.0031227245 0.043124965
   vertex -0.082410976 -0.002499149 0.043124987
  endloop
 endfacet
 facet normal -0.99999995 -0.00028647479 0.00012035878
  outer loop
   vertex -0.08241074 -0.0049113682 0.044997504
   vertex -0.082410899 -0.0043580835 0.044998922
   vertex -0.082410976 -0.0043501532 0.044374041
  endloop
 endfacet
 facet normal -0.99999995 -0.00028647479 0.00012035878
  outer loop
   vertex -0.08241074 -0.0049113682 0.044997504
   vertex -0.082410976 -0.0043501532 0.044374041
   vertex -0.082410976 -0.0049097569 0.044372867
  endloop
 endfacet
 facet normal -1 -2.4075535e-14 6.5503524e-16
  outer loop
   vertex -0.082410976 -0.0049530481 0.042500513
   vertex -0.082410976 -0.0049360699 0.043124538
   vertex -0.082410976 -0.0043596338 0.043124874
  endloop
 endfacet
 facet normal -1 -2.4075535e-14 6.5503524e-16
  outer loop
   vertex -0.082410976 -0.0049530481 0.042500513
   vertex -0.082410976 -0.0043596338 0.043124874
   vertex -0.082410976 -0.004368484 0.042500404
  endloop
 endfacet
 facet normal -1 2.2272914e-14 5.6922198e-17
  outer loop
   vertex -0.082410976 -0.0025008237 0.04499999
   vertex -0.082410976 -0.0024992263 0.044374955
   vertex -0.082410976 -0.0031223052 0.044374852
  endloop
 endfacet
 facet normal -1 2.2272914e-14 5.6922198e-17
  outer loop
   vertex -0.082410976 -0.0025008237 0.04499999
   vertex -0.082410976 -0.0031223052 0.044374852
   vertex -0.082410975 -0.0031258741 0.044999914
  endloop
 endfacet
 facet normal -1 0 0
  outer loop
   vertex -0.082410976 0.0025290036 0.042497984
   vertex -0.082410976 0.0031795248 0.042496
   vertex -0.082410976 0.0031692569 0.041871528
  endloop
 endfacet
 facet normal -1 0 0
  outer loop
   vertex -0.082410976 0.0025290036 0.042497984
   vertex -0.082410976 0.0031692569 0.041871528
   vertex -0.082410976 0.0025239289 0.041873289
  endloop
 endfacet
 facet normal -1 2.1805554e-14 -2.2385686e-14
  outer loop
   vertex -0.082410976 0.0025090596 0.039999217
   vertex -0.082410976 0.0025139436 0.040623915
   vertex -0.082410976 0.0031491844 0.040622753
  endloop
 endfacet
 facet normal -1 2.1805554e-14 -2.2385686e-14
  outer loop
   vertex -0.082410976 0.0025090596 0.039999217
   vertex -0.082410976 0.0031491844 0.040622753
   vertex -0.082410976 0.0031393138 0.039998362
  endloop
 endfacet
 facet normal -1 2.1082071e-14 -2.2380882e-14
  outer loop
   vertex -0.082410976 0.0025290036 0.042497984
   vertex -0.082410976 0.0025339168 0.043122686
   vertex -0.082410976 0.0031896568 0.043120298
  endloop
 endfacet
 facet normal -1 2.1082071e-14 -2.2380882e-14
  outer loop
   vertex -0.082410976 0.0025290036 0.042497984
   vertex -0.082410976 0.0031896568 0.043120298
   vertex -0.082410976 0.0031795248 0.042496
  endloop
 endfacet
 facet normal -0.99999997 -0.00018793228 -0.00016184399
  outer loop
   vertex -0.082410998 0.0025423644 0.044997905
   vertex -0.082411123 0.0032091324 0.04499558
   vertex -0.082411021 0.0032058659 0.044369698
  endloop
 endfacet
 facet normal -0.99999997 -0.00018793228 -0.00016184399
  outer loop
   vertex -0.082410998 0.0025423644 0.044997905
   vertex -0.082411021 0.0032058659 0.044369698
   vertex -0.082410984 0.0025414522 0.044372501
  endloop
 endfacet
 facet normal -1 0 -0
  outer loop
   vertex -0.082410976 -0.0024997819 0.032499982
   vertex -0.082410976 -0.0024996263 0.03187497
   vertex -0.082410976 -0.0031237938 0.031874943
  endloop
 endfacet
 facet normal -1 0 -0
  outer loop
   vertex -0.082410976 -0.0024997819 0.032499982
   vertex -0.082410976 -0.0031237938 0.031874943
   vertex -0.082410976 -0.0031241533 0.032499943
  endloop
 endfacet
 facet normal -1 0 0
  outer loop
   vertex -0.082410976 -0.0050021707 0.030000246
   vertex -0.082410976 -0.0049926982 0.030625194
   vertex -0.082410976 -0.0043734813 0.03062492
  endloop
 endfacet
 facet normal -1 0 0
  outer loop
   vertex -0.082410976 -0.0050021707 0.030000246
   vertex -0.082410976 -0.0043734813 0.03062492
   vertex -0.082410976 -0.0043781141 0.029999485
  endloop
 endfacet
 facet normal -1 -3.6456703e-05 8.563551e-06
  outer loop
   vertex -0.082410949 -0.004974353 0.032498983
   vertex -0.082410971 -0.0043666103 0.032499551
   vertex -0.082410976 -0.0043664492 0.031874684
  endloop
 endfacet
 facet normal -1 -3.6456703e-05 8.563551e-06
  outer loop
   vertex -0.082410949 -0.004974353 0.032498983
   vertex -0.082410976 -0.0043664492 0.031874684
   vertex -0.082410976 -0.0049768118 0.031874349
  endloop
 endfacet
 facet normal -1 0 0
  outer loop
   vertex -0.082410976 -0.0025002015 0.029998345
   vertex -0.082410976 -0.0031254616 0.029998615
   vertex -0.082410976 -0.0031246991 0.030624646
  endloop
 endfacet
 facet normal -1 0 0
  outer loop
   vertex -0.082410976 -0.0025002015 0.029998345
   vertex -0.082410976 -0.0031246991 0.030624646
   vertex -0.082410976 -0.002499905 0.03062457
  endloop
 endfacet
 facet normal -1 2.2226813e-14 5.5100193e-17
  outer loop
   vertex -0.082410976 -0.0024997819 0.032499982
   vertex -0.082410976 -0.0031241533 0.032499943
   vertex -0.082410976 -0.0031257026 0.033124951
  endloop
 endfacet
 facet normal -1 2.2226813e-14 5.5100193e-17
  outer loop
   vertex -0.082410976 -0.0024997819 0.032499982
   vertex -0.082410976 -0.0031257026 0.033124951
   vertex -0.082410976 -0.0025003527 0.033124988
  endloop
 endfacet
 facet normal -0.99999805 0.0019614294 -0.0002229144
  outer loop
   vertex -0.082412508 -0.0051131397 0.034997102
   vertex -0.082411189 -0.0044399711 0.034999998
   vertex -0.082410999 -0.0044144202 0.034374992
  endloop
 endfacet
 facet normal -0.99999805 0.0019614294 -0.0002229144
  outer loop
   vertex -0.082412508 -0.0051131397 0.034997102
   vertex -0.082410999 -0.0044144202 0.034374992
   vertex -0.082410813 -0.0050636887 0.034374928
  endloop
 endfacet
 facet normal -1 0 -0
  outer loop
   vertex -0.082410976 -0.0025046207 0.035000076
   vertex -0.082410976 -0.0025030355 0.034375021
   vertex -0.082410976 -0.0031333748 0.034375048
  endloop
 endfacet
 facet normal -1 0 -0
  outer loop
   vertex -0.082410976 -0.0025046207 0.035000076
   vertex -0.082410976 -0.0031333748 0.034375048
   vertex -0.082410976 -0.0031379518 0.035000197
  endloop
 endfacet
 facet normal -0.99999997 -0.00018716666 0.00017010485
  outer loop
   vertex -0.082410949 -0.004974353 0.032498983
   vertex -0.082410841 -0.0049822115 0.033123813
   vertex -0.082410955 -0.00437286 0.033124539
  endloop
 endfacet
 facet normal -0.99999997 -0.00018716666 0.00017010485
  outer loop
   vertex -0.082410949 -0.004974353 0.032498983
   vertex -0.082410955 -0.00437286 0.033124539
   vertex -0.082410971 -0.0043666103 0.032499551
  endloop
 endfacet
 facet normal -1 -2.0802267e-14 4.5081859e-14
  outer loop
   vertex -0.082410976 -0.005023766 0.040004843
   vertex -0.082410976 -0.0050415699 0.039380957
   vertex -0.082410976 -0.0056940473 0.039387718
  endloop
 endfacet
 facet normal -1 -2.0802267e-14 4.5081859e-14
  outer loop
   vertex -0.082410976 -0.005023766 0.040004843
   vertex -0.082410976 -0.0056940473 0.039387718
   vertex -0.082410976 -0.0056613822 0.040011006
  endloop
 endfacet
 facet normal -1 -4.0926758e-05 3.265008e-06
  outer loop
   vertex -0.082411006 -0.005092465 0.037509124
   vertex -0.082410977 -0.0057920124 0.037517852
   vertex -0.082410976 -0.0057593776 0.038141141
  endloop
 endfacet
 facet normal -1 -4.0926758e-05 3.265008e-06
  outer loop
   vertex -0.082411006 -0.005092465 0.037509124
   vertex -0.082410976 -0.0057593776 0.038141141
   vertex -0.082410976 -0.0050760653 0.038133164
  endloop
 endfacet
 facet normal -0.99999839 -0.0017904366 8.7757775e-05
  outer loop
   vertex -0.082412508 -0.0051131397 0.034997102
   vertex -0.082411064 -0.005919074 0.035016537
   vertex -0.082411069 -0.0058846445 0.035655618
  endloop
 endfacet
 facet normal -0.99999839 -0.0017904366 8.7757775e-05
  outer loop
   vertex -0.082412508 -0.0051131397 0.034997102
   vertex -0.082411069 -0.0058846445 0.035655618
   vertex -0.082413029 -0.0051247664 0.035627622
  endloop
 endfacet
 facet normal -0.99999994 -0.00023592821 0.0002409032
  outer loop
   vertex -0.082411006 -0.005092465 0.037509124
   vertex -0.082411153 -0.0051070355 0.03688454
   vertex -0.082410981 -0.0058244837 0.036894554
  endloop
 endfacet
 facet normal -0.99999994 -0.00023592821 0.0002409032
  outer loop
   vertex -0.082411006 -0.005092465 0.037509124
   vertex -0.082410981 -0.0058244837 0.036894554
   vertex -0.082410977 -0.0057920124 0.037517852
  endloop
 endfacet
 facet normal -1 0 0
  outer loop
   vertex -0.082410976 -0.0050021707 0.030000246
   vertex -0.082410976 -0.005594084 0.03000108
   vertex -0.082410976 -0.0055766261 0.030625343
  endloop
 endfacet
 facet normal -1 0 0
  outer loop
   vertex -0.082410976 -0.0050021707 0.030000246
   vertex -0.082410976 -0.0055766261 0.030625343
   vertex -0.082410976 -0.0049926982 0.030625194
  endloop
 endfacet
 facet normal -1 -6.2499011e-08 4.4039437e-05
  outer loop
   vertex -0.082410949 -0.004974353 0.032498983
   vertex -0.082410976 -0.0049768118 0.031874349
   vertex -0.082410976 -0.0055442468 0.031873544
  endloop
 endfacet
 facet normal -1 -6.2499011e-08 4.4039437e-05
  outer loop
   vertex -0.082410949 -0.004974353 0.032498983
   vertex -0.082410976 -0.0055442468 0.031873544
   vertex -0.082410889 -0.0055333307 0.032497783
  endloop
 endfacet
 facet normal -0.99998277 -0.0049720155 -0.0031195356
  outer loop
   vertex -0.082412508 -0.0051131397 0.034997102
   vertex -0.082410813 -0.0050636887 0.034374928
   vertex -0.08240769 -0.0056865597 0.034366589
  endloop
 endfacet
 facet normal -0.99998277 -0.0049720155 -0.0031195356
  outer loop
   vertex -0.082412508 -0.0051131397 0.034997102
   vertex -0.08240769 -0.0056865597 0.034366589
   vertex -0.082411064 -0.005919074 0.035016537
  endloop
 endfacet
 facet normal -0.99999973 -0.0001080783 0.00072082523
  outer loop
   vertex -0.082410949 -0.004974353 0.032498983
   vertex -0.082410889 -0.0055333307 0.032497783
   vertex -0.082410439 -0.0055349462 0.033122408
  endloop
 endfacet
 facet normal -0.99999973 -0.0001080783 0.00072082523
  outer loop
   vertex -0.082410949 -0.004974353 0.032498983
   vertex -0.082410439 -0.0055349462 0.033122408
   vertex -0.082410841 -0.0049822115 0.033123813
  endloop
 endfacet
 facet normal -0.99999994 -0.00023957485 -0.00026118066
  outer loop
   vertex -0.082411021 0.002581423 0.032494634
   vertex -0.082411177 0.0032357086 0.032490089
   vertex -0.08241101 0.0032215224 0.031865583
  endloop
 endfacet
 facet normal -0.99999994 -0.00023957485 -0.00026118066
  outer loop
   vertex -0.082411021 0.002581423 0.032494634
   vertex -0.08241101 0.0032215224 0.031865583
   vertex -0.082410985 0.0025744821 0.031869741
  endloop
 endfacet
 facet normal -1 0 0
  outer loop
   vertex -0.082410976 0.0025450848 0.029996413
   vertex -0.082410976 0.0025553194 0.030620937
   vertex -0.082410976 0.0031872685 0.03061812
  endloop
 endfacet
 facet normal -1 0 0
  outer loop
   vertex -0.082410976 0.0025450848 0.029996413
   vertex -0.082410976 0.0031872685 0.03061812
   vertex -0.082410976 0.0031709104 0.029993741
  endloop
 endfacet
 facet normal -0.99999941 -0.0010736092 -0.00015497252
  outer loop
   vertex -0.082411021 0.002581423 0.032494634
   vertex -0.082411121 0.0025840032 0.033120464
   vertex -0.08241183 0.0032452537 0.033116083
  endloop
 endfacet
 facet normal -0.99999941 -0.0010736092 -0.00015497252
  outer loop
   vertex -0.082411021 0.002581423 0.032494634
   vertex -0.08241183 0.0032452537 0.033116083
   vertex -0.082411177 0.0032357086 0.032490089
  endloop
 endfacet
 facet normal -0.99999217 -5.5617055e-05 0.0039581262
  outer loop
   vertex -0.082411064 0.0025264022 0.035001058
   vertex -0.08241109 0.0031564529 0.035003314
   vertex -0.082413567 0.0032268668 0.034378536
  endloop
 endfacet
 facet normal -0.99999217 -5.5617055e-05 0.0039581262
  outer loop
   vertex -0.082411064 0.0025264022 0.035001058
   vertex -0.082413567 0.0032268668 0.034378536
   vertex -0.08241131 0.0025584425 0.034375331
  endloop
 endfacet
 facet normal 2.5019104e-16 -0.99862953 0.052335957
  outer loop
   vertex -0.087673437 0.0043190883 0.039376498
   vertex -0.087669896 0.0043517783 0.040000262
   vertex -0.088410981 0.0043513527 0.03999214
  endloop
 endfacet
 facet normal 2.5019104e-16 -0.99862953 0.052335957
  outer loop
   vertex -0.087673437 0.0043190883 0.039376498
   vertex -0.088410981 0.0043513527 0.03999214
   vertex -0.088410981 0.0043186875 0.039368852
  endloop
 endfacet
 facet normal 4.6114086e-16 -0.99862953 0.052335957
  outer loop
   vertex -0.088410981 0.004220303 0.037491563
   vertex -0.087683191 0.0042208666 0.037502317
   vertex -0.087680357 0.0042536326 0.038127529
  endloop
 endfacet
 facet normal 4.6114086e-16 -0.99862953 0.052335957
  outer loop
   vertex -0.088410981 0.004220303 0.037491563
   vertex -0.087680357 0.0042536326 0.038127529
   vertex -0.088410981 0.0042531714 0.03811873
  endloop
 endfacet
 facet normal 7.1110548e-16 -0.99862953 0.052335957
  outer loop
   vertex -0.088104687 0.0040917257 0.035038161
   vertex -0.087607998 0.0040925136 0.035053196
   vertex -0.087666868 0.0041227715 0.035630551
  endloop
 endfacet
 facet normal 7.1110548e-16 -0.99862953 0.052335957
  outer loop
   vertex -0.088104687 0.0040917257 0.035038161
   vertex -0.087666868 0.0041227715 0.035630551
   vertex -0.088410981 0.0041222203 0.035620034
  endloop
 endfacet
 facet normal 4.6493158e-16 -0.99862953 0.052335957
  outer loop
   vertex -0.087684333 0.0041881132 0.036877344
   vertex -0.087683191 0.0042208666 0.037502317
   vertex -0.088410981 0.004220303 0.037491563
  endloop
 endfacet
 facet normal 4.6493158e-16 -0.99862953 0.052335957
  outer loop
   vertex -0.087684333 0.0041881132 0.036877344
   vertex -0.088410981 0.004220303 0.037491563
   vertex -0.088410981 0.0041876404 0.036868323
  endloop
 endfacet
 facet normal 7.0109615e-16 -0.99862953 0.052335957
  outer loop
   vertex -0.087598375 0.0040671677 0.034569567
   vertex -0.087607998 0.0040925136 0.035053196
   vertex -0.088104687 0.0040917257 0.035038161
  endloop
 endfacet
 facet normal 7.0109615e-16 -0.99862953 0.052335957
  outer loop
   vertex -0.087598375 0.0040671677 0.034569567
   vertex -0.088104687 0.0040917257 0.035038161
   vertex -0.088061125 0.0040691718 0.034607809
  endloop
 endfacet
 facet normal -0.0034381412 0.91315247 -0.40760365
  outer loop
   vertex -0.087643044 -0.0047184567 0.049772095
   vertex -0.087665393 -0.0049225746 0.049314999
   vertex -0.088409537 -0.0049001586 0.049371494
  endloop
 endfacet
 facet normal -0.0034381412 0.91315247 -0.40760365
  outer loop
   vertex -0.087643044 -0.0047184567 0.049772095
   vertex -0.088409537 -0.0049001586 0.049371494
   vertex -0.088139811 -0.0047177383 0.049769108
  endloop
 endfacet
 facet normal 0.00063457984 0.99691475 -0.078489406
  outer loop
   vertex -0.087647256 -0.0052663056 0.047549505
   vertex -0.088410979 -0.0052672751 0.047531017
   vertex -0.088410948 -0.0052171169 0.04816809
  endloop
 endfacet
 facet normal 0.00063457984 0.99691475 -0.078489406
  outer loop
   vertex -0.087647256 -0.0052663056 0.047549505
   vertex -0.088410948 -0.0052171169 0.04816809
   vertex -0.087651924 -0.0052201627 0.048146319
  endloop
 endfacet
 facet normal 5.5738932e-08 0.9986295 -0.052336625
  outer loop
   vertex -0.087647256 -0.0052663056 0.047549505
   vertex -0.08759972 -0.0053119043 0.046679441
   vertex -0.088062181 -0.0053139069 0.04664123
  endloop
 endfacet
 facet normal 5.5738932e-08 0.9986295 -0.052336625
  outer loop
   vertex -0.087647256 -0.0052663056 0.047549505
   vertex -0.088062181 -0.0053139069 0.04664123
   vertex -0.088410981 -0.0053007705 0.046891888
  endloop
 endfacet
 facet normal 5.5738932e-08 0.9986295 -0.052336625
  outer loop
   vertex -0.087647256 -0.0052663056 0.047549505
   vertex -0.088410981 -0.0053007705 0.046891888
   vertex -0.088410979 -0.0052672751 0.047531017
  endloop
 endfacet
 facet normal -1 2.1754091e-14 -1.1400835e-15
  outer loop
   vertex -0.082410976 -0.005023766 0.040004843
   vertex -0.082410976 -0.0056613822 0.040011006
   vertex -0.082410976 -0.0056287171 0.040634294
  endloop
 endfacet
 facet normal -1 2.1754091e-14 -1.1400835e-15
  outer loop
   vertex -0.082410976 -0.005023766 0.040004843
   vertex -0.082410976 -0.0056287171 0.040634294
   vertex -0.082410976 -0.0050060322 0.04062865
  endloop
 endfacet
 facet normal -1 -2.3241846e-14 2.2892852e-14
  outer loop
   vertex -0.082410976 -0.0049530481 0.042500513
   vertex -0.082410976 -0.0049705658 0.041876522
   vertex -0.082410976 -0.0055633868 0.04188087
  endloop
 endfacet
 facet normal -1 -2.3241846e-14 2.2892852e-14
  outer loop
   vertex -0.082410976 -0.0049530481 0.042500513
   vertex -0.082410976 -0.0055633868 0.04188087
   vertex -0.082410976 -0.0055307216 0.042504158
  endloop
 endfacet
 facet normal -0.99999993 8.3405482e-07 0.00037752254
  outer loop
   vertex -0.08241074 -0.0049113682 0.044997504
   vertex -0.082410976 -0.0049097569 0.044372867
   vertex -0.082410976 -0.0054327262 0.044374022
  endloop
 endfacet
 facet normal -0.99999993 8.3405482e-07 0.00037752254
  outer loop
   vertex -0.08241074 -0.0049113682 0.044997504
   vertex -0.082410976 -0.0054327262 0.044374022
   vertex -0.082411049 -0.0054000615 0.044997311
  endloop
 endfacet
 facet normal -1 2.4015641e-14 -1.2586063e-15
  outer loop
   vertex -0.082410976 -0.0049530481 0.042500513
   vertex -0.082410976 -0.0055307216 0.042504158
   vertex -0.082410976 -0.0054980565 0.043127446
  endloop
 endfacet
 facet normal -1 2.4015641e-14 -1.2586063e-15
  outer loop
   vertex -0.082410976 -0.0049530481 0.042500513
   vertex -0.082410976 -0.0054980565 0.043127446
   vertex -0.082410976 -0.0049360699 0.043124538
  endloop
 endfacet
 facet normal -1 5.5709258e-05 -3.3971946e-06
  outer loop
   vertex -0.082410976 -0.0025223987 0.04750512
   vertex -0.082411013 -0.0031748905 0.047509276
   vertex -0.082411016 -0.0031907433 0.048145571
  endloop
 endfacet
 facet normal -1 5.5709258e-05 -3.3971946e-06
  outer loop
   vertex -0.082410976 -0.0025223987 0.04750512
   vertex -0.082411016 -0.0031907433 0.048145571
   vertex -0.082410976 -0.002530977 0.048136347
  endloop
 endfacet
 facet normal -0.99999949 -0.0010064994 9.8971197e-05
  outer loop
   vertex -0.082411 -0.0052660103 0.047530951
   vertex -0.082410986 -0.0052190063 0.048151289
   vertex -0.082411689 -0.00451961 0.048159491
  endloop
 endfacet
 facet normal -0.99999949 -0.0010064994 9.8971197e-05
  outer loop
   vertex -0.082411 -0.0052660103 0.047530951
   vertex -0.082411689 -0.00451961 0.048159491
   vertex -0.082411996 -0.0045107844 0.04751164
  endloop
 endfacet
 facet normal -1 4.698512e-05 -3.2261158e-08
  outer loop
   vertex -0.082410978 -0.0025585432 0.05005388
   vertex -0.082410977 -0.0025531482 0.049411181
   vertex -0.082411009 -0.0032324633 0.049436658
  endloop
 endfacet
 facet normal -1 4.698512e-05 -3.2261158e-08
  outer loop
   vertex -0.082410978 -0.0025585432 0.05005388
   vertex -0.082411009 -0.0032324633 0.049436658
   vertex -0.082411007 -0.0032288403 0.050077815
  endloop
 endfacet
 facet normal -1 4.2931925e-05 4.7524921e-07
  outer loop
   vertex -0.082410976 -0.0025223987 0.04750512
   vertex -0.082410976 -0.0025154448 0.046876936
   vertex -0.082411004 -0.0031606582 0.046878417
  endloop
 endfacet
 facet normal -1 4.2931925e-05 4.7524921e-07
  outer loop
   vertex -0.082410976 -0.0025223987 0.04750512
   vertex -0.082411004 -0.0031606582 0.046878417
   vertex -0.082411013 -0.0031748905 0.047509276
  endloop
 endfacet
 facet normal -0.99999926 -0.00096827046 0.00072999022
  outer loop
   vertex -0.08241074 -0.0049113682 0.044997504
   vertex -0.082410249 -0.0049483641 0.045621746
   vertex -0.082410792 -0.0043858016 0.045623995
  endloop
 endfacet
 facet normal -0.99999926 -0.00096827046 0.00072999022
  outer loop
   vertex -0.08241074 -0.0049113682 0.044997504
   vertex -0.082410792 -0.0043858016 0.045623995
   vertex -0.082410899 -0.0043580835 0.044998922
  endloop
 endfacet
 facet normal -1 -1.6345957e-06 -4.7216376e-07
  outer loop
   vertex -0.082410976 -0.0025008237 0.04499999
   vertex -0.082410975 -0.0031258741 0.044999914
   vertex -0.082410976 -0.0031338605 0.045625203
  endloop
 endfacet
 facet normal -1 -1.6345957e-06 -4.7216376e-07
  outer loop
   vertex -0.082410976 -0.0025008237 0.04499999
   vertex -0.082410976 -0.0031338605 0.045625203
   vertex -0.082410976 -0.0025041652 0.045625139
  endloop
 endfacet
 facet normal -0.99999913 -0.0013152305 0.00013516159
  outer loop
   vertex -0.082411 -0.0052660103 0.047530951
   vertex -0.082411996 -0.0045107844 0.04751164
   vertex -0.082412105 -0.0044928884 0.046875129
  endloop
 endfacet
 facet normal -0.99999913 -0.0013152305 0.00013516159
  outer loop
   vertex -0.082411 -0.0052660103 0.047530951
   vertex -0.082412105 -0.0044928884 0.046875129
   vertex -0.082411043 -0.0052976593 0.046891725
  endloop
 endfacet
 facet normal -0.99999974 0.00063105549 -0.00036162148
  outer loop
   vertex -0.08241074 -0.0049113682 0.044997504
   vertex -0.082411049 -0.0054000615 0.044997311
   vertex -0.082411252 -0.0053675771 0.04561719
  endloop
 endfacet
 facet normal -0.99999974 0.00063105549 -0.00036162148
  outer loop
   vertex -0.08241074 -0.0049113682 0.044997504
   vertex -0.082411252 -0.0053675771 0.04561719
   vertex -0.082410249 -0.0049483641 0.045621746
  endloop
 endfacet
 facet normal 2.3354509e-16 -0.99862953 0.052335957
  outer loop
   vertex -0.088410981 0.0043513527 0.03999214
   vertex -0.087669896 0.0043517783 0.040000262
   vertex -0.087666376 0.0043844533 0.040623738
  endloop
 endfacet
 facet normal 2.3354509e-16 -0.99862953 0.052335957
  outer loop
   vertex -0.088410981 0.0043513527 0.03999214
   vertex -0.087666376 0.0043844533 0.040623738
   vertex -0.088410981 0.0043840178 0.040615428
  endloop
 endfacet
 facet normal 6.1792605e-16 -0.99862953 0.052335957
  outer loop
   vertex -0.087659422 0.0044497911 0.041870456
   vertex -0.087656025 0.0044824583 0.042493784
   vertex -0.088410981 0.0044820133 0.042485293
  endloop
 endfacet
 facet normal 6.1792605e-16 -0.99862953 0.052335957
  outer loop
   vertex -0.087659422 0.0044497911 0.041870456
   vertex -0.088410981 0.0044820133 0.042485293
   vertex -0.088410981 0.0044493481 0.041862005
  endloop
 endfacet
 facet normal 4.2962353e-16 -0.99862953 0.052335957
  outer loop
   vertex -0.087646419 0.0045805069 0.044364663
   vertex -0.087643065 0.0046130512 0.044985646
   vertex -0.088410981 0.0046126138 0.044977299
  endloop
 endfacet
 facet normal 4.2962353e-16 -0.99862953 0.052335957
  outer loop
   vertex -0.087646419 0.0045805069 0.044364663
   vertex -0.088410981 0.0046126138 0.044977299
   vertex -0.088410981 0.0045800087 0.044355157
  endloop
 endfacet
 facet normal 6.2635017e-16 -0.99862953 0.052335957
  outer loop
   vertex -0.088410981 0.0044820133 0.042485293
   vertex -0.087656025 0.0044824583 0.042493784
   vertex -0.08765274 0.0045151266 0.043117133
  endloop
 endfacet
 facet normal 6.2635017e-16 -0.99862953 0.052335957
  outer loop
   vertex -0.088410981 0.0044820133 0.042485293
   vertex -0.08765274 0.0045151266 0.043117133
   vertex -0.088410981 0.0045146784 0.043108581
  endloop
 endfacet
 facet normal -0.9999999 -0.00044097082 -7.8500004e-06
  outer loop
   vertex -0.082411019 0.0025275539 0.047504746
   vertex -0.082411028 0.0025367046 0.048136108
   vertex -0.082411318 0.0031928487 0.048139537
  endloop
 endfacet
 facet normal -0.9999999 -0.00044097082 -7.8500004e-06
  outer loop
   vertex -0.082411019 0.0025275539 0.047504746
   vertex -0.082411318 0.0031928487 0.048139537
   vertex -0.082411224 0.0031749467 0.047506681
  endloop
 endfacet
 facet normal -0.99936292 -0.034935863 0.0072960348
  outer loop
   vertex -0.08242033 0.0047376859 0.047469272
   vertex -0.082407555 0.0043776992 0.047495311
   vertex -0.082412635 0.0046631062 0.048166226
  endloop
 endfacet
 facet normal -0.99936292 -0.034935863 0.0072960348
  outer loop
   vertex -0.08242033 0.0047376859 0.047469272
   vertex -0.082412635 0.0046631062 0.048166226
   vertex -0.082434284 0.0047181263 0.047957166
  endloop
 endfacet
 facet normal -0.99999999 -0.00010189904 5.1808484e-05
  outer loop
   vertex -0.082410998 0.0026017139 0.050084025
   vertex -0.082411065 0.0032637085 0.050090541
   vertex -0.082411095 0.0032237748 0.049430769
  endloop
 endfacet
 facet normal -0.99999999 -0.00010189904 5.1808484e-05
  outer loop
   vertex -0.082410998 0.0026017139 0.050084025
   vertex -0.082411095 0.0032237748 0.049430769
   vertex -0.082411007 0.0025697269 0.049421997
  endloop
 endfacet
 facet normal -0.99999995 -0.00031543569 4.2066127e-05
  outer loop
   vertex -0.082411019 0.0025275539 0.047504746
   vertex -0.082411224 0.0031749467 0.047506681
   vertex -0.08241125 0.0031741973 0.04687819
  endloop
 endfacet
 facet normal -0.99999995 -0.00031543569 4.2066127e-05
  outer loop
   vertex -0.082411019 0.0025275539 0.047504746
   vertex -0.08241125 0.0031741973 0.04687819
   vertex -0.082411021 0.0025266063 0.046876847
  endloop
 endfacet
 facet normal -0.99999989 -0.00046393921 -3.8261418e-05
  outer loop
   vertex -0.082410998 0.0025423644 0.044997905
   vertex -0.082411021 0.0025396434 0.045623833
   vertex -0.08241133 0.0032054338 0.045622861
  endloop
 endfacet
 facet normal -0.99999989 -0.00046393921 -3.8261418e-05
  outer loop
   vertex -0.082410998 0.0025423644 0.044997905
   vertex -0.08241133 0.0032054338 0.045622861
   vertex -0.082411123 0.0032091324 0.04499558
  endloop
 endfacet
 facet normal -0.99951779 -0.031047339 -0.00049743806
  outer loop
   vertex -0.08242033 0.0047376859 0.047469272
   vertex -0.082419313 0.0047139491 0.04690826
   vertex -0.082408605 0.0043694657 0.046892092
  endloop
 endfacet
 facet normal -0.99951779 -0.031047339 -0.00049743806
  outer loop
   vertex -0.08242033 0.0047376859 0.047469272
   vertex -0.082408605 0.0043694657 0.046892092
   vertex -0.082407555 0.0043776992 0.047495311
  endloop
 endfacet
 facet normal -0.0044210598 -0.91207556 -0.40999832
  outer loop
   vertex -0.087671849 0.004392196 0.049333409
   vertex -0.087695969 0.0041913234 0.049780527
   vertex -0.088410938 0.0042330442 0.049695425
  endloop
 endfacet
 facet normal -0.0044210598 -0.91207556 -0.40999832
  outer loop
   vertex -0.087671849 0.004392196 0.049333409
   vertex -0.088410938 0.0042330442 0.049695425
   vertex -0.088410965 0.0043636868 0.049403971
  endloop
 endfacet
 facet normal 4.2624409e-16 -0.99862953 0.052335957
  outer loop
   vertex -0.088410981 0.0046126138 0.044977299
   vertex -0.087643065 0.0046130512 0.044985646
   vertex -0.087639823 0.0046440102 0.045576378
  endloop
 endfacet
 facet normal 4.2624409e-16 -0.99862953 0.052335957
  outer loop
   vertex -0.088410981 0.0046126138 0.044977299
   vertex -0.087639823 0.0046440102 0.045576378
   vertex -0.088410981 0.0046449255 0.045593844
  endloop
 endfacet
 facet normal -1 -1.518287e-05 4.2038259e-05
  outer loop
   vertex -0.082410976 -0.0025057234 0.027430642
   vertex -0.082410986 -0.0018806926 0.027421765
   vertex -0.082411013 -0.0018849543 0.026772034
  endloop
 endfacet
 facet normal -1 -1.518287e-05 4.2038259e-05
  outer loop
   vertex -0.082410976 -0.0025057234 0.027430642
   vertex -0.082411013 -0.0018849543 0.026772034
   vertex -0.082410976 -0.0025093537 0.026788326
  endloop
 endfacet
 facet normal -0.99998958 -0.0029127818 0.0035154652
  outer loop
   vertex -0.082411364 -2.4080206e-06 0.02741854
   vertex -0.082413726 -4.2777627e-06 0.02674497
   vertex -0.08241188 -0.00063432833 0.026748256
  endloop
 endfacet
 facet normal -0.99998958 -0.0029127818 0.0035154652
  outer loop
   vertex -0.082411364 -2.4080206e-06 0.02741854
   vertex -0.08241188 -0.00063432833 0.026748256
   vertex -0.082411135 -0.00062972539 0.027412441
  endloop
 endfacet
 facet normal -1 0 0
  outer loop
   vertex -0.082410976 -0.0025057234 0.027430642
   vertex -0.082410976 -0.0031315763 0.027440553
   vertex -0.082410976 -0.0031293346 0.028093676
  endloop
 endfacet
 facet normal -1 0 0
  outer loop
   vertex -0.082410976 -0.0025057234 0.027430642
   vertex -0.082410976 -0.0031293346 0.028093676
   vertex -0.082410976 -0.0025031239 0.028088765
  endloop
 endfacet
 facet normal -1 0 0
  outer loop
   vertex -0.082410976 -0.0050021707 0.030000246
   vertex -0.082410976 -0.0043781141 0.029999485
   vertex -0.082410976 -0.0043828897 0.029372588
  endloop
 endfacet
 facet normal -1 0 0
  outer loop
   vertex -0.082410976 -0.0050021707 0.030000246
   vertex -0.082410976 -0.0043828897 0.029372588
   vertex -0.082410976 -0.005011741 0.029374267
  endloop
 endfacet
 facet normal -1 0 0
  outer loop
   vertex -0.082410976 -0.0025002015 0.029998345
   vertex -0.082410976 -0.0025006787 0.029369572
   vertex -0.082410976 -0.0031263945 0.029370372
  endloop
 endfacet
 facet normal -1 0 0
  outer loop
   vertex -0.082410976 -0.0025002015 0.029998345
   vertex -0.082410976 -0.0031263945 0.029370372
   vertex -0.082410976 -0.0031254616 0.029998615
  endloop
 endfacet
 facet normal -1 0 0
  outer loop
   vertex -0.082410976 -0.005031557 0.02747728
   vertex -0.082410976 -0.0050284499 0.028112793
   vertex -0.082410976 -0.0043915163 0.028105379
  endloop
 endfacet
 facet normal -1 0 0
  outer loop
   vertex -0.082410976 -0.005031557 0.02747728
   vertex -0.082410976 -0.0043915163 0.028105379
   vertex -0.082410976 -0.0043933773 0.02746344
  endloop
 endfacet
 facet normal -1 2.161163e-14 -2.1728009e-14
  outer loop
   vertex -0.082410976 -0.0025057234 0.027430642
   vertex -0.082410976 -0.0025093537 0.026788326
   vertex -0.082410976 -0.0031342368 0.026805495
  endloop
 endfacet
 facet normal -1 2.161163e-14 -2.1728009e-14
  outer loop
   vertex -0.082410976 -0.0025057234 0.027430642
   vertex -0.082410976 -0.0031342368 0.026805495
   vertex -0.082410976 -0.0031315763 0.027440553
  endloop
 endfacet
 facet normal -1 4.8516073e-16 2.2371521e-14
  outer loop
   vertex -0.082410976 -0.005031557 0.02747728
   vertex -0.082410976 -0.0043933773 0.02746344
   vertex -0.082410976 -0.0043907512 0.026843051
  endloop
 endfacet
 facet normal -1 4.8516073e-16 2.2371521e-14
  outer loop
   vertex -0.082410976 -0.005031557 0.02747728
   vertex -0.082410976 -0.0043907512 0.026843051
   vertex -0.082410976 -0.0050243492 0.026866145
  endloop
 endfacet
 facet normal -1 -2.3137428e-14 3.5373729e-16
  outer loop
   vertex -0.082410976 -0.0050021707 0.030000246
   vertex -0.082410976 -0.005011741 0.029374267
   vertex -0.082410976 -0.0056115082 0.02937629
  endloop
 endfacet
 facet normal -1 -2.3137428e-14 3.5373729e-16
  outer loop
   vertex -0.082410976 -0.0050021707 0.030000246
   vertex -0.082410976 -0.0056115082 0.02937629
   vertex -0.082410976 -0.005594084 0.03000108
  endloop
 endfacet
 facet normal -1 -6.0401518e-16 -2.210144e-14
  outer loop
   vertex -0.082410976 -0.005031557 0.02747728
   vertex -0.082410976 -0.005652081 0.027494239
   vertex -0.082410976 -0.0056430062 0.028121904
  endloop
 endfacet
 facet normal -1 -6.0401518e-16 -2.210144e-14
  outer loop
   vertex -0.082410976 -0.005031557 0.02747728
   vertex -0.082410976 -0.0056430062 0.028121904
   vertex -0.082410976 -0.0050284499 0.028112793
  endloop
 endfacet
 facet normal -3.477404e-06 0.052336027 0.99862953
  outer loop
   vertex -0.084996312 0.0030881662 0.025801789
   vertex -0.084993451 0.0025114333 0.025832014
   vertex -0.084345398 0.0025109475 0.025832042
  endloop
 endfacet
 facet normal -3.477404e-06 0.052336027 0.99862953
  outer loop
   vertex -0.084996312 0.0030881662 0.025801789
   vertex -0.084345398 0.0025109475 0.025832042
   vertex -0.084357067 0.0030872608 0.025801836
  endloop
 endfacet
 facet normal 0.00018588622 0.052334832 0.99862958
  outer loop
   vertex -0.083061455 0.0025057071 0.025832435
   vertex -0.082411148 0.0024968007 0.02583278
   vertex -0.082411005 0.0030760124 0.025802426
  endloop
 endfacet
 facet normal 0.00018588622 0.052334832 0.99862958
  outer loop
   vertex -0.083061455 0.0025057071 0.025832435
   vertex -0.082411005 0.0030760124 0.025802426
   vertex -0.083090184 0.0030822553 0.025802118
  endloop
 endfacet
 facet normal -0.9999999 -0.00036300802 -0.00026854322
  outer loop
   vertex -0.082410899 0.0025074567 0.027502775
   vertex -0.082410734 0.0025007959 0.026895349
   vertex -0.082410505 0.0018804707 0.026881499
  endloop
 endfacet
 facet normal -0.9999999 -0.00036300802 -0.00026854322
  outer loop
   vertex -0.082410899 0.0025074567 0.027502775
   vertex -0.082410505 0.0018804707 0.026881499
   vertex -0.082410888 0.0018818872 0.027493337
  endloop
 endfacet
 facet normal -0.99999026 -0.00021391988 0.0044081074
  outer loop
   vertex -0.082411364 -2.4080206e-06 0.02741854
   vertex -0.08241141 0.00062607644 0.027438579
   vertex -0.082414367 0.00062873549 0.026767914
  endloop
 endfacet
 facet normal -0.99999026 -0.00021391988 0.0044081074
  outer loop
   vertex -0.082411364 -2.4080206e-06 0.02741854
   vertex -0.082414367 0.00062873549 0.026767914
   vertex -0.082413726 -4.2777627e-06 0.02674497
  endloop
 endfacet
 facet normal -1 -2.1906165e-05 -8.6705263e-05
  outer loop
   vertex -0.082410899 0.0025074567 0.027502775
   vertex -0.082410953 0.0025159099 0.028123583
   vertex -0.082410966 0.0031176962 0.028123481
  endloop
 endfacet
 facet normal -1 -2.1906165e-05 -8.6705263e-05
  outer loop
   vertex -0.082410899 0.0025074567 0.027502775
   vertex -0.082410966 0.0031176962 0.028123481
   vertex -0.082410947 0.0031001687 0.027502833
  endloop
 endfacet
 facet normal -1 -9.4998083e-17 -2.2244631e-14
  outer loop
   vertex -0.082410976 0.0025450848 0.029996413
   vertex -0.082410976 0.0031709104 0.029993741
   vertex -0.082410976 0.0031531642 0.029369945
  endloop
 endfacet
 facet normal -1 -9.4998083e-17 -2.2244631e-14
  outer loop
   vertex -0.082410976 0.0025450848 0.029996413
   vertex -0.082410976 0.0031531642 0.029369945
   vertex -0.082410976 0.0025350348 0.029371883
  endloop
 endfacet
 facet normal 1.0557252e-14 0.052336044 0.99862953
  outer loop
   vertex -0.085639938 0.0025110826 0.025832032
   vertex -0.084993451 0.0025114333 0.025832014
   vertex -0.084996312 0.0030881662 0.025801789
  endloop
 endfacet
 facet normal 1.0557252e-14 0.052336044 0.99862953
  outer loop
   vertex -0.085639938 0.0025110826 0.025832032
   vertex -0.084996312 0.0030881662 0.025801789
   vertex -0.085634427 0.0030880401 0.025801795
  endloop
 endfacet
 facet normal -3.5800648e-15 0.052336044 0.99862953
  outer loop
   vertex -0.087604549 0.0030793451 0.025802251
   vertex -0.087651607 0.0024991969 0.025832655
   vertex -0.08697332 0.0025063006 0.025832283
  endloop
 endfacet
 facet normal -3.5800648e-15 0.052336044 0.99862953
  outer loop
   vertex -0.087604549 0.0030793451 0.025802251
   vertex -0.08697332 0.0025063006 0.025832283
   vertex -0.086939949 0.0030841489 0.025801999
  endloop
 endfacet
 facet normal -2.7843628e-15 0.052336044 0.99862953
  outer loop
   vertex -0.087655012 0.0018834305 0.025864926
   vertex -0.087651607 0.0024991969 0.025832655
   vertex -0.088410981 0.0024876987 0.025833258
  endloop
 endfacet
 facet normal -2.7843628e-15 0.052336044 0.99862953
  outer loop
   vertex -0.087655012 0.0018834305 0.025864926
   vertex -0.088410981 0.0024876987 0.025833258
   vertex -0.088410981 0.0018693994 0.025865662
  endloop
 endfacet
 facet normal -2.8309192e-15 0.052336044 0.99862953
  outer loop
   vertex -0.088410981 0.0024876987 0.025833258
   vertex -0.087651607 0.0024991969 0.025832655
   vertex -0.087604549 0.0030793451 0.025802251
  endloop
 endfacet
 facet normal -2.8309192e-15 0.052336044 0.99862953
  outer loop
   vertex -0.088410981 0.0024876987 0.025833258
   vertex -0.087604549 0.0030793451 0.025802251
   vertex -0.088410981 0.0030790036 0.025802269
  endloop
 endfacet
 facet normal -1 4.5423631e-05 3.1398846e-05
  outer loop
   vertex -0.082410978 -0.0025585432 0.05005388
   vertex -0.082411007 -0.0032288403 0.050077815
   vertex -0.082410987 -0.0032283069 0.050728695
  endloop
 endfacet
 facet normal -1 4.5423631e-05 3.1398846e-05
  outer loop
   vertex -0.082410978 -0.0025585432 0.05005388
   vertex -0.082410987 -0.0032283069 0.050728695
   vertex -0.082410977 -0.002564265 0.050705828
  endloop
 endfacet
 facet normal -0.0027332422 0.84934681 -0.52782813
  outer loop
   vertex -0.082641138 -0.0047207579 0.049766577
   vertex -0.083081445 -0.0047195642 0.049770778
   vertex -0.083042742 -0.004265468 0.05050128
  endloop
 endfacet
 facet normal -0.0027332422 0.84934681 -0.52782813
  outer loop
   vertex -0.082641138 -0.0047207579 0.049766577
   vertex -0.083042742 -0.004265468 0.05050128
   vertex -0.082411175 -0.0042690916 0.050496333
  endloop
 endfacet
 facet normal -0.0027332422 0.84934681 -0.52782813
  outer loop
   vertex -0.082641138 -0.0047207579 0.049766577
   vertex -0.082411175 -0.0042690916 0.050496333
   vertex -0.082411728 -0.0045463285 0.050083903
  endloop
 endfacet
 facet normal -0.00074028265 0.84959828 -0.52742983
  outer loop
   vertex -0.087643044 -0.0047184567 0.049772095
   vertex -0.087691232 -0.0042717373 0.05049175
   vertex -0.086995691 -0.0042644456 0.05050252
  endloop
 endfacet
 facet normal -0.00074028265 0.84959828 -0.52742983
  outer loop
   vertex -0.087643044 -0.0047184567 0.049772095
   vertex -0.086995691 -0.0042644456 0.05050252
   vertex -0.086985726 -0.0047190326 0.04977194
  endloop
 endfacet
 facet normal -1 6.0802023e-06 2.0441593e-05
  outer loop
   vertex -0.082410998 0.0026017139 0.050084025
   vertex -0.082410984 0.0026278625 0.050753383
   vertex -0.082410976 0.0034310726 0.050876865
  endloop
 endfacet
 facet normal -1 6.0802023e-06 2.0441593e-05
  outer loop
   vertex -0.082410998 0.0026017139 0.050084025
   vertex -0.082410976 0.0034310726 0.050876865
   vertex -0.082411065 0.0032637085 0.050090541
  endloop
 endfacet
 facet normal -1 0 0
  outer loop
   vertex -0.082410976 -0.0025056398 0.037500365
   vertex -0.082410976 -0.0025049826 0.038125344
   vertex -0.082410976 -0.0018765272 0.038125106
  endloop
 endfacet
 facet normal -1 0 0
  outer loop
   vertex -0.082410976 -0.0025056398 0.037500365
   vertex -0.082410976 -0.0018765272 0.038125106
   vertex -0.082410976 -0.0018767312 0.037500112
  endloop
 endfacet
 facet normal -1 0 0
  outer loop
   vertex -0.082410976 8.2593847e-08 0.039999993
   vertex -0.082410976 1.8499822e-08 0.039374997
   vertex -0.082410976 -0.00062505574 0.039375004
  endloop
 endfacet
 facet normal -1 0 0
  outer loop
   vertex -0.082410976 8.2593847e-08 0.039999993
   vertex -0.082410976 -0.00062505574 0.039375004
   vertex -0.082410976 -0.00062502685 0.040000002
  endloop
 endfacet
 facet normal -1 0 0
  outer loop
   vertex -0.082410976 -1.3957892e-07 0.037500007
   vertex -0.082410976 -0.00062513102 0.037500008
   vertex -0.082410976 -0.00062511032 0.038125007
  endloop
 endfacet
 facet normal -1 0 0
  outer loop
   vertex -0.082410976 -1.3957892e-07 0.037500007
   vertex -0.082410976 -0.00062511032 0.038125007
   vertex -0.082410976 -1.0008751e-07 0.038125003
  endloop
 endfacet
 facet normal -1 0 0
  outer loop
   vertex -0.082410976 -0.0025026855 0.040000201
   vertex -0.082410976 -0.0018758113 0.040000061
   vertex -0.082410976 -0.0018760539 0.039375077
  endloop
 endfacet
 facet normal -1 0 0
  outer loop
   vertex -0.082410976 -0.0025026855 0.040000201
   vertex -0.082410976 -0.0018760539 0.039375077
   vertex -0.082410976 -0.0025034625 0.039375253
  endloop
 endfacet
 facet normal -1 -0 0
  outer loop
   vertex -0.082410976 0.0024912186 0.03750035
   vertex -0.082410976 0.0018713085 0.037500157
   vertex -0.082410976 0.0018727876 0.03812504
  endloop
 endfacet
 facet normal -1 -0 0
  outer loop
   vertex -0.082410976 0.0024912186 0.03750035
   vertex -0.082410976 0.0018727876 0.03812504
   vertex -0.082410976 0.002494997 0.038125071
  endloop
 endfacet
 facet normal -1 0 0
  outer loop
   vertex -0.082410976 8.2593847e-08 0.039999993
   vertex -0.082410976 0.00062537436 0.039999968
   vertex -0.082410976 0.00062514395 0.039374981
  endloop
 endfacet
 facet normal -1 0 0
  outer loop
   vertex -0.082410976 8.2593847e-08 0.039999993
   vertex -0.082410976 0.00062514395 0.039374981
   vertex -0.082410976 1.8499822e-08 0.039374997
  endloop
 endfacet
 facet normal -1 0 0
  outer loop
   vertex -0.082410976 -1.3957892e-07 0.037500007
   vertex -0.082410976 -1.0008751e-07 0.038125003
   vertex -0.082410976 0.00062471597 0.038125007
  endloop
 endfacet
 facet normal -1 0 0
  outer loop
   vertex -0.082410976 -1.3957892e-07 0.037500007
   vertex -0.082410976 0.00062471597 0.038125007
   vertex -0.082410976 0.00062456984 0.037500019
  endloop
 endfacet
 facet normal -1 0 0
  outer loop
   vertex -0.082410976 0.0025090596 0.039999217
   vertex -0.082410976 0.0025042318 0.039374508
   vertex -0.082410976 0.0018766562 0.039374803
  endloop
 endfacet
 facet normal -1 0 0
  outer loop
   vertex -0.082410976 0.0025090596 0.039999217
   vertex -0.082410976 0.0018766562 0.039374803
   vertex -0.082410976 0.0018787027 0.03999968
  endloop
 endfacet
 facet normal -1 -2.2210688e-14 -2.2197245e-14
  outer loop
   vertex -0.082410976 -0.0024997359 0.042500022
   vertex -0.082410976 -0.0018748949 0.042500005
   vertex -0.082410976 -0.0018751097 0.041875017
  endloop
 endfacet
 facet normal -1 -2.2210688e-14 -2.2197245e-14
  outer loop
   vertex -0.082410976 -0.0024997359 0.042500022
   vertex -0.082410976 -0.0018751097 0.041875017
   vertex -0.082410976 -0.0025004321 0.041875061
  endloop
 endfacet
 facet normal -1 0 0
  outer loop
   vertex -0.082410976 8.2593847e-08 0.039999993
   vertex -0.082410976 -0.00062502685 0.040000002
   vertex -0.082410976 -0.00062499778 0.040625
  endloop
 endfacet
 facet normal -1 0 0
  outer loop
   vertex -0.082410976 8.2593847e-08 0.039999993
   vertex -0.082410976 -0.00062499778 0.040625
   vertex -0.082410976 1.4803925e-07 0.040624989
  endloop
 endfacet
 facet normal -1 0 0
  outer loop
   vertex -0.082410976 -0.0025026855 0.040000201
   vertex -0.082410976 -0.0025019193 0.040625151
   vertex -0.082410976 -0.0018755722 0.040625045
  endloop
 endfacet
 facet normal -1 0 0
  outer loop
   vertex -0.082410976 -0.0025026855 0.040000201
   vertex -0.082410976 -0.0018755722 0.040625045
   vertex -0.082410976 -0.0018758113 0.040000061
  endloop
 endfacet
 facet normal -1 0 0
  outer loop
   vertex -0.082410976 3.4894461e-07 0.042499974
   vertex -0.082410976 2.8213032e-07 0.041874979
   vertex -0.082410976 -0.00062493999 0.041874996
  endloop
 endfacet
 facet normal -1 0 0
  outer loop
   vertex -0.082410976 3.4894461e-07 0.042499974
   vertex -0.082410976 -0.00062493999 0.041874996
   vertex -0.082410976 -0.00062491233 0.042499994
  endloop
 endfacet
 facet normal -1 0 0
  outer loop
   vertex -0.082410976 0.0025290036 0.042497984
   vertex -0.082410976 0.0025239289 0.041873289
   vertex -0.082410976 0.0018850196 0.041874276
  endloop
 endfacet
 facet normal -1 0 0
  outer loop
   vertex -0.082410976 0.0025290036 0.042497984
   vertex -0.082410976 0.0018850196 0.041874276
   vertex -0.082410976 0.0018871558 0.04249914
  endloop
 endfacet
 facet normal -1 0 0
  outer loop
   vertex -0.082410976 8.2593847e-08 0.039999993
   vertex -0.082410976 1.4803925e-07 0.040624989
   vertex -0.082410976 0.00062560926 0.040624953
  endloop
 endfacet
 facet normal -1 0 0
  outer loop
   vertex -0.082410976 8.2593847e-08 0.039999993
   vertex -0.082410976 0.00062560926 0.040624953
   vertex -0.082410976 0.00062537436 0.039999968
  endloop
 endfacet
 facet normal -1 0 0
  outer loop
   vertex -0.082410976 0.0025090596 0.039999217
   vertex -0.082410976 0.0018787027 0.03999968
   vertex -0.082410976 0.001880778 0.040624551
  endloop
 endfacet
 facet normal -1 0 0
  outer loop
   vertex -0.082410976 0.0025090596 0.039999217
   vertex -0.082410976 0.001880778 0.040624551
   vertex -0.082410976 0.0025139436 0.040623915
  endloop
 endfacet
 facet normal -1 2.2172101e-14 2.2196484e-14
  outer loop
   vertex -0.082410976 3.4894461e-07 0.042499974
   vertex -0.082410976 0.00062633205 0.042499904
   vertex -0.082410976 0.00062609084 0.04187492
  endloop
 endfacet
 facet normal -1 2.2172101e-14 2.2196484e-14
  outer loop
   vertex -0.082410976 3.4894461e-07 0.042499974
   vertex -0.082410976 0.00062609084 0.04187492
   vertex -0.082410976 2.8213032e-07 0.041874979
  endloop
 endfacet
 facet normal -1 0 0
  outer loop
   vertex -0.082410976 -0.0024997819 0.032499982
   vertex -0.082410976 -0.0018749292 0.032499993
   vertex -0.082410976 -0.001874879 0.031874976
  endloop
 endfacet
 facet normal -1 0 0
  outer loop
   vertex -0.082410976 -0.0024997819 0.032499982
   vertex -0.082410976 -0.001874879 0.031874976
   vertex -0.082410976 -0.0024996263 0.03187497
  endloop
 endfacet
 facet normal -1 -0 0
  outer loop
   vertex -0.082410976 1.0433722e-06 0.029998155
   vertex -0.082410976 -0.00062481291 0.029997997
   vertex -0.082410976 -0.00062467209 0.030624456
  endloop
 endfacet
 facet normal -1 -0 0
  outer loop
   vertex -0.082410976 1.0433722e-06 0.029998155
   vertex -0.082410976 -0.00062467209 0.030624456
   vertex -0.082410976 1.3330288e-06 0.030624442
  endloop
 endfacet
 facet normal -1 0 0
  outer loop
   vertex -0.082410976 1.9095574e-06 0.032499883
   vertex -0.082410976 1.7794147e-06 0.031874863
   vertex -0.082410976 -0.00062453011 0.031874947
  endloop
 endfacet
 facet normal -1 0 0
  outer loop
   vertex -0.082410976 1.9095574e-06 0.032499883
   vertex -0.082410976 -0.00062453011 0.031874947
   vertex -0.082410976 -0.00062449758 0.032499967
  endloop
 endfacet
 facet normal -1 0 0
  outer loop
   vertex -0.082410976 -0.0025002015 0.029998345
   vertex -0.082410976 -0.002499905 0.03062457
   vertex -0.082410976 -0.0018749758 0.030624513
  endloop
 endfacet
 facet normal -1 0 0
  outer loop
   vertex -0.082410976 -0.0025002015 0.029998345
   vertex -0.082410976 -0.0018749758 0.030624513
   vertex -0.082410976 -0.0018751246 0.029998137
  endloop
 endfacet
 facet normal -1 -1.1053688e-05 -5.7989327e-05
  outer loop
   vertex -0.082411021 0.002581423 0.032494634
   vertex -0.082410985 0.0025744821 0.031869741
   vertex -0.082410978 0.001913626 0.031872457
  endloop
 endfacet
 facet normal -1 -1.1053688e-05 -5.7989327e-05
  outer loop
   vertex -0.082411021 0.002581423 0.032494634
   vertex -0.082410978 0.001913626 0.031872457
   vertex -0.082410984 0.0019166919 0.032497468
  endloop
 endfacet
 facet normal -1 0 0
  outer loop
   vertex -0.082410976 1.0433722e-06 0.029998155
   vertex -0.082410976 1.3330288e-06 0.030624442
   vertex -0.082410976 0.00062940756 0.03062434
  endloop
 endfacet
 facet normal -1 0 0
  outer loop
   vertex -0.082410976 1.0433722e-06 0.029998155
   vertex -0.082410976 0.00062940756 0.03062434
   vertex -0.082410976 0.00062861519 0.029998411
  endloop
 endfacet
 facet normal -1 0 0
  outer loop
   vertex -0.082410976 1.9095574e-06 0.032499883
   vertex -0.082410976 0.0006312224 0.032499626
   vertex -0.082410976 0.0006307985 0.031874604
  endloop
 endfacet
 facet normal -1 0 0
  outer loop
   vertex -0.082410976 1.9095574e-06 0.032499883
   vertex -0.082410976 0.0006307985 0.031874604
   vertex -0.082410976 1.7794147e-06 0.031874863
  endloop
 endfacet
 facet normal -1 0 0
  outer loop
   vertex -0.082410976 0.0025450848 0.029996413
   vertex -0.082410976 0.00189934 0.029997946
   vertex -0.082410976 0.0019043955 0.030622881
  endloop
 endfacet
 facet normal -1 0 0
  outer loop
   vertex -0.082410976 0.0025450848 0.029996413
   vertex -0.082410976 0.0019043955 0.030622881
   vertex -0.082410976 0.0025553194 0.030620937
  endloop
 endfacet
 facet normal -1 -4.2942168e-14 2.1401834e-14
  outer loop
   vertex -0.082410976 -0.0025223987 0.04750512
   vertex -0.082410976 -0.002530977 0.048136347
   vertex -0.082410976 -0.0018875701 0.048130446
  endloop
 endfacet
 facet normal -1 -4.2942168e-14 2.1401834e-14
  outer loop
   vertex -0.082410976 -0.0025223987 0.04750512
   vertex -0.082410976 -0.0018875701 0.048130446
   vertex -0.082410976 -0.0018836762 0.047502368
  endloop
 endfacet
 facet normal -1 4.4145505e-14 -2.1909388e-14
  outer loop
   vertex -0.082410976 3.1302413e-06 0.050019189
   vertex -0.082410976 1.9464483e-06 0.049383386
   vertex -0.082410976 -0.00062690067 0.049383149
  endloop
 endfacet
 facet normal -1 4.4145505e-14 -2.1909388e-14
  outer loop
   vertex -0.082410976 3.1302413e-06 0.050019189
   vertex -0.082410976 -0.00062690067 0.049383149
   vertex -0.082410976 -0.00062671147 0.050018344
  endloop
 endfacet
 facet normal -1 -2.2169918e-14 -1.370405e-17
  outer loop
   vertex -0.082410976 2.6608892e-07 0.047500347
   vertex -0.082410976 -0.00062570776 0.047500417
   vertex -0.082410976 -0.0006260946 0.048126228
  endloop
 endfacet
 facet normal -1 -2.2169918e-14 -1.370405e-17
  outer loop
   vertex -0.082410976 2.6608892e-07 0.047500347
   vertex -0.082410976 -0.0006260946 0.048126228
   vertex -0.082410976 4.7675993e-07 0.048126126
  endloop
 endfacet
 facet normal -1 2.1610529e-06 1.1658207e-08
  outer loop
   vertex -0.082410978 -0.0025585432 0.05005388
   vertex -0.082410976 -0.0019014804 0.050033984
   vertex -0.082410976 -0.0018980337 0.049395082
  endloop
 endfacet
 facet normal -1 2.1610529e-06 1.1658207e-08
  outer loop
   vertex -0.082410978 -0.0025585432 0.05005388
   vertex -0.082410976 -0.0018980337 0.049395082
   vertex -0.082410977 -0.0025531482 0.049411181
  endloop
 endfacet
 facet normal -1 -6.7445534e-05 5.1041644e-07
  outer loop
   vertex -0.082411019 0.0025275539 0.047504746
   vertex -0.082410976 0.0018876183 0.047502773
   vertex -0.082410976 0.0018923797 0.048131938
  endloop
 endfacet
 facet normal -1 -6.7445534e-05 5.1041644e-07
  outer loop
   vertex -0.082411019 0.0025275539 0.047504746
   vertex -0.082410976 0.0018923797 0.048131938
   vertex -0.082411028 0.0025367046 0.048136108
  endloop
 endfacet
 facet normal -1 -2.1720859e-14 -2.1625837e-14
  outer loop
   vertex -0.082410976 3.1302413e-06 0.050019189
   vertex -0.082410976 0.00063604882 0.050025212
   vertex -0.082410976 0.00063251539 0.049387038
  endloop
 endfacet
 facet normal -1 -2.1720859e-14 -2.1625837e-14
  outer loop
   vertex -0.082410976 3.1302413e-06 0.050019189
   vertex -0.082410976 0.00063251539 0.049387038
   vertex -0.082410976 1.9464483e-06 0.049383386
  endloop
 endfacet
 facet normal -1 -2.7677858e-17 2.2176852e-14
  outer loop
   vertex -0.082410976 2.6608892e-07 0.047500347
   vertex -0.082410976 4.7675993e-07 0.048126126
   vertex -0.082410976 0.00062753499 0.048126908
  endloop
 endfacet
 facet normal -1 -2.7677858e-17 2.2176852e-14
  outer loop
   vertex -0.082410976 2.6608892e-07 0.047500347
   vertex -0.082410976 0.00062753499 0.048126908
   vertex -0.082410976 0.0006265955 0.047500641
  endloop
 endfacet
 facet normal -1 -4.7830299e-05 1.6931225e-05
  outer loop
   vertex -0.082410998 0.0026017139 0.050084025
   vertex -0.082411007 0.0025697269 0.049421997
   vertex -0.082410976 0.0019146042 0.049407637
  endloop
 endfacet
 facet normal -1 -4.7830299e-05 1.6931225e-05
  outer loop
   vertex -0.082410998 0.0026017139 0.050084025
   vertex -0.082410976 0.0019146042 0.049407637
   vertex -0.082410976 0.0019337649 0.050059839
  endloop
 endfacet
 facet normal -1 -2.8893087e-06 1.1412731e-08
  outer loop
   vertex -0.082410976 -0.0025057234 0.027430642
   vertex -0.082410976 -0.0025031239 0.028088765
   vertex -0.082410978 -0.0018778272 0.028084514
  endloop
 endfacet
 facet normal -1 -2.8893087e-06 1.1412731e-08
  outer loop
   vertex -0.082410976 -0.0025057234 0.027430642
   vertex -0.082410978 -0.0018778272 0.028084514
   vertex -0.082410986 -0.0018806926 0.027421765
  endloop
 endfacet
 facet normal -1 2.2177405e-14 -1.3682548e-17
  outer loop
   vertex -0.082410976 1.0433722e-06 0.029998155
   vertex -0.082410976 6.5530832e-07 0.02936916
   vertex -0.082410976 -0.00062510756 0.029368512
  endloop
 endfacet
 facet normal -1 2.2177405e-14 -1.3682548e-17
  outer loop
   vertex -0.082410976 1.0433722e-06 0.029998155
   vertex -0.082410976 -0.00062510756 0.029368512
   vertex -0.082410976 -0.00062481291 0.029997997
  endloop
 endfacet
 facet normal -1 0 0
  outer loop
   vertex -0.082410976 -0.0025002015 0.029998345
   vertex -0.082410976 -0.0018751246 0.029998137
   vertex -0.082410976 -0.0018754613 0.029368922
  endloop
 endfacet
 facet normal -1 0 0
  outer loop
   vertex -0.082410976 -0.0025002015 0.029998345
   vertex -0.082410976 -0.0018754613 0.029368922
   vertex -0.082410976 -0.0025006787 0.029369572
  endloop
 endfacet
 facet normal -0.99999991 -0.00036630692 0.00020343393
  outer loop
   vertex -0.082411364 -2.4080206e-06 0.02741854
   vertex -0.082411135 -0.00062972539 0.027412441
   vertex -0.082411 -0.00062718009 0.028081118
  endloop
 endfacet
 facet normal -0.99999991 -0.00036630692 0.00020343393
  outer loop
   vertex -0.082411364 -2.4080206e-06 0.02741854
   vertex -0.082411 -0.00062718009 0.028081118
   vertex -0.082411025 -1.0253368e-06 0.028085285
  endloop
 endfacet
 facet normal -0.99999999 -1.6636694e-05 -0.00010772018
  outer loop
   vertex -0.082410899 0.0025074567 0.027502775
   vertex -0.082410888 0.0018818872 0.027493337
   vertex -0.082410955 0.0018853089 0.028119193
  endloop
 endfacet
 facet normal -0.99999999 -1.6636694e-05 -0.00010772018
  outer loop
   vertex -0.082410899 0.0025074567 0.027502775
   vertex -0.082410955 0.0018853089 0.028119193
   vertex -0.082410953 0.0025159099 0.028123583
  endloop
 endfacet
 facet normal -1 -9.0314183e-18 2.2099804e-14
  outer loop
   vertex -0.082410976 1.0433722e-06 0.029998155
   vertex -0.082410976 0.00062861519 0.029998411
   vertex -0.082410976 0.00062779173 0.029370451
  endloop
 endfacet
 facet normal -1 -9.0314183e-18 2.2099804e-14
  outer loop
   vertex -0.082410976 1.0433722e-06 0.029998155
   vertex -0.082410976 0.00062779173 0.029370451
   vertex -0.082410976 6.5530832e-07 0.02936916
  endloop
 endfacet
 facet normal -1 0 0
  outer loop
   vertex -0.082410976 0.0025450848 0.029996413
   vertex -0.082410976 0.0025350348 0.029371883
   vertex -0.082410976 0.0018943659 0.029372561
  endloop
 endfacet
 facet normal -1 0 0
  outer loop
   vertex -0.082410976 0.0025450848 0.029996413
   vertex -0.082410976 0.0018943659 0.029372561
   vertex -0.082410976 0.00189934 0.029997946
  endloop
 endfacet
 facet normal -0.99999987 -1.4356491e-05 0.0005078777
  outer loop
   vertex -0.082411364 -2.4080206e-06 0.02741854
   vertex -0.082411025 -1.0253368e-06 0.028085285
   vertex -0.082411029 0.00062609956 0.028095325
  endloop
 endfacet
 facet normal -0.99999987 -1.4356491e-05 0.0005078777
  outer loop
   vertex -0.082411364 -2.4080206e-06 0.02741854
   vertex -0.082411029 0.00062609956 0.028095325
   vertex -0.08241141 0.00062607644 0.027438579
  endloop
 endfacet
 facet normal -1 0 0
  outer loop
   vertex -0.082410976 -0.0025056398 0.037500365
   vertex -0.082410976 -0.0018767312 0.037500112
   vertex -0.082410976 -0.001876875 0.036875107
  endloop
 endfacet
 facet normal -1 0 0
  outer loop
   vertex -0.082410976 -0.0025056398 0.037500365
   vertex -0.082410976 -0.001876875 0.036875107
   vertex -0.082410976 -0.0025061069 0.036875349
  endloop
 endfacet
 facet normal -1 -0 0
  outer loop
   vertex -0.082410976 7.1786241e-07 0.035000003
   vertex -0.082410976 -0.00062489025 0.035000002
   vertex -0.082410976 -0.00062502999 0.035625006
  endloop
 endfacet
 facet normal -1 -0 0
  outer loop
   vertex -0.082410976 7.1786241e-07 0.035000003
   vertex -0.082410976 -0.00062502999 0.035625006
   vertex -0.082410976 2.5498979e-07 0.035625012
  endloop
 endfacet
 facet normal -1 0 -0
  outer loop
   vertex -0.082410976 -1.3957892e-07 0.037500007
   vertex -0.082410976 -1.3238402e-07 0.03687501
   vertex -0.082410976 -0.00062513685 0.036875008
  endloop
 endfacet
 facet normal -1 0 -0
  outer loop
   vertex -0.082410976 -1.3957892e-07 0.037500007
   vertex -0.082410976 -0.00062513685 0.036875008
   vertex -0.082410976 -0.00062513102 0.037500008
  endloop
 endfacet
 facet normal -1 0 0
  outer loop
   vertex -0.082410976 -0.0025046207 0.035000076
   vertex -0.082410976 -0.0025057468 0.035625179
   vertex -0.082410976 -0.0018767573 0.035625054
  endloop
 endfacet
 facet normal -1 0 0
  outer loop
   vertex -0.082410976 -0.0025046207 0.035000076
   vertex -0.082410976 -0.0018767573 0.035625054
   vertex -0.082410976 -0.0018764087 0.035000024
  endloop
 endfacet
 facet normal 0.00082071814 -0.99859357 0.053011427
  outer loop
   vertex -0.082412064 0.004122887 0.035632532
   vertex -0.083043201 0.0041227688 0.035640076
   vertex -0.083042365 0.0040918876 0.035058345
  endloop
 endfacet
 facet normal 0.00082071814 -0.99859357 0.053011427
  outer loop
   vertex -0.082412064 0.004122887 0.035632532
   vertex -0.083042365 0.0040918876 0.035058345
   vertex -0.082417741 0.0040917516 0.035036679
  endloop
 endfacet
 facet normal -8.5069952e-16 -0.99862953 0.052335957
  outer loop
   vertex -0.084339917 0.0042213209 0.037510987
   vertex -0.084993897 0.0042213339 0.037511235
   vertex -0.084993123 0.0041885919 0.036886479
  endloop
 endfacet
 facet normal -8.5069952e-16 -0.99862953 0.052335957
  outer loop
   vertex -0.084339917 0.0042213209 0.037510987
   vertex -0.084993123 0.0041885919 0.036886479
   vertex -0.08433843 0.004188581 0.036886296
  endloop
 endfacet
 facet normal 4.4242907e-05 -0.9986272 0.052380451
  outer loop
   vertex -0.083048726 0.0042211229 0.037507207
   vertex -0.08304603 0.0041883913 0.036883182
   vertex -0.082411002 0.004188027 0.0368757
  endloop
 endfacet
 facet normal 4.4242907e-05 -0.9986272 0.052380451
  outer loop
   vertex -0.083048726 0.0042211229 0.037507207
   vertex -0.082411002 0.004188027 0.0368757
   vertex -0.082410976 0.0042206921 0.037498988
  endloop
 endfacet
 facet normal -1 8.4770185e-06 -9.2321514e-06
  outer loop
   vertex -0.082410976 0.0024912186 0.03750035
   vertex -0.082410971 0.0024893675 0.036875635
   vertex -0.082410976 0.0018708596 0.036875277
  endloop
 endfacet
 facet normal -1 8.4770185e-06 -9.2321514e-06
  outer loop
   vertex -0.082410976 0.0024912186 0.03750035
   vertex -0.082410976 0.0018708596 0.036875277
   vertex -0.082410976 0.0018713085 0.037500157
  endloop
 endfacet
 facet normal -1 0 0
  outer loop
   vertex -0.082410976 7.1786241e-07 0.035000003
   vertex -0.082410976 2.5498979e-07 0.035625012
   vertex -0.082410976 0.00062582939 0.035625045
  endloop
 endfacet
 facet normal -1 0 0
  outer loop
   vertex -0.082410976 7.1786241e-07 0.035000003
   vertex -0.082410976 0.00062582939 0.035625045
   vertex -0.082410976 0.00062735006 0.035000016
  endloop
 endfacet
 facet normal -1 0 0
  outer loop
   vertex -0.082410976 -1.3957892e-07 0.037500007
   vertex -0.082410976 0.00062456984 0.037500019
   vertex -0.082410976 0.00062457991 0.036875032
  endloop
 endfacet
 facet normal -1 0 0
  outer loop
   vertex -0.082410976 -1.3957892e-07 0.037500007
   vertex -0.082410976 0.00062457991 0.036875032
   vertex -0.082410976 -1.3238402e-07 0.03687501
  endloop
 endfacet
 facet normal -0.99999999 -0.00010968932 2.4587742e-05
  outer loop
   vertex -0.082411064 0.0025264022 0.035001058
   vertex -0.082410994 0.0018893896 0.035000286
   vertex -0.082410977 0.0018785058 0.035625438
  endloop
 endfacet
 facet normal -0.99999999 -0.00010968932 2.4587742e-05
  outer loop
   vertex -0.082411064 0.0025264022 0.035001058
   vertex -0.082410977 0.0018785058 0.035625438
   vertex -0.082410947 0.0025030971 0.035626095
  endloop
 endfacet
 facet normal -8.5032209e-16 -0.99862953 0.052335957
  outer loop
   vertex -0.084994464 0.0042540305 0.038135122
   vertex -0.084993897 0.0042213339 0.037511235
   vertex -0.084339917 0.0042213209 0.037510987
  endloop
 endfacet
 facet normal -8.5032209e-16 -0.99862953 0.052335957
  outer loop
   vertex -0.084994464 0.0042540305 0.038135122
   vertex -0.084339917 0.0042213209 0.037510987
   vertex -0.084341371 0.0042540158 0.038134843
  endloop
 endfacet
 facet normal -1.7777891e-15 -0.99862953 0.052335957
  outer loop
   vertex -0.083061263 0.0043518114 0.040000894
   vertex -0.083058079 0.0043191454 0.039377588
   vertex -0.082410976 0.0043186875 0.039368852
  endloop
 endfacet
 facet normal -1.7777891e-15 -0.99862953 0.052335957
  outer loop
   vertex -0.083061263 0.0043518114 0.040000894
   vertex -0.082410976 0.0043186875 0.039368852
   vertex -0.082410976 0.0043513527 0.03999214
  endloop
 endfacet
 facet normal 2.6647703e-15 -0.99862953 0.052335957
  outer loop
   vertex -0.083048726 0.0042211229 0.037507207
   vertex -0.082410976 0.0042206921 0.037498988
   vertex -0.082410976 0.0042533573 0.038122276
  endloop
 endfacet
 facet normal 2.6647703e-15 -0.99862953 0.052335957
  outer loop
   vertex -0.083048726 0.0042211229 0.037507207
   vertex -0.082410976 0.0042533573 0.038122276
   vertex -0.083051757 0.0042538055 0.038130828
  endloop
 endfacet
 facet normal -1 2.2224699e-14 -2.0871893e-17
  outer loop
   vertex -0.082410976 -0.0024997359 0.042500022
   vertex -0.082410976 -0.002499149 0.043124987
   vertex -0.082410976 -0.0018747181 0.043124995
  endloop
 endfacet
 facet normal -1 2.2224699e-14 -2.0871893e-17
  outer loop
   vertex -0.082410976 -0.0024997359 0.042500022
   vertex -0.082410976 -0.0018747181 0.043124995
   vertex -0.082410976 -0.0018748949 0.042500005
  endloop
 endfacet
 facet normal -1 -2.2191031e-14 -2.183176e-19
  outer loop
   vertex -0.082410976 4.9261599e-07 0.044999976
   vertex -0.082410976 4.9876487e-07 0.04437497
   vertex -0.082410976 -0.00062487948 0.044374993
  endloop
 endfacet
 facet normal -1 -2.2191031e-14 -2.183176e-19
  outer loop
   vertex -0.082410976 4.9261599e-07 0.044999976
   vertex -0.082410976 -0.00062487948 0.044374993
   vertex -0.082410976 -0.00062492649 0.044999996
  endloop
 endfacet
 facet normal -1 -7.0107002e-19 -2.2204506e-14
  outer loop
   vertex -0.082410976 3.4894461e-07 0.042499974
   vertex -0.082410976 -0.00062491233 0.042499994
   vertex -0.082410976 -0.00062488804 0.043124993
  endloop
 endfacet
 facet normal -1 -7.0107002e-19 -2.2204506e-14
  outer loop
   vertex -0.082410976 3.4894461e-07 0.042499974
   vertex -0.082410976 -0.00062488804 0.043124993
   vertex -0.082410976 4.1223939e-07 0.043124971
  endloop
 endfacet
 facet normal -1 -2.2189318e-14 -2.1001376e-17
  outer loop
   vertex -0.082410976 -0.0025008237 0.04499999
   vertex -0.082410976 -0.0018753972 0.045000004
   vertex -0.082410976 -0.0018748057 0.044374989
  endloop
 endfacet
 facet normal -1 -2.2189318e-14 -2.1001376e-17
  outer loop
   vertex -0.082410976 -0.0025008237 0.04499999
   vertex -0.082410976 -0.0018748057 0.044374989
   vertex -0.082410976 -0.0024992263 0.044374955
  endloop
 endfacet
 facet normal -0.0008408831 -0.99853111 0.054174854
  outer loop
   vertex -0.083081996 0.0046145275 0.044985497
   vertex -0.083083744 0.004580915 0.044365938
   vertex -0.082410982 0.0045797642 0.04435517
  endloop
 endfacet
 facet normal -0.0008408831 -0.99853111 0.054174854
  outer loop
   vertex -0.083081996 0.0046145275 0.044985497
   vertex -0.082410982 0.0045797642 0.04435517
   vertex -0.082411013 0.0046110221 0.044977383
  endloop
 endfacet
 facet normal 4.9279281e-17 -0.99862953 0.052335957
  outer loop
   vertex -0.084998895 0.0045153677 0.043121732
   vertex -0.08499822 0.0044826959 0.042498318
   vertex -0.0843529 0.0044826808 0.042498029
  endloop
 endfacet
 facet normal 4.9279281e-17 -0.99862953 0.052335957
  outer loop
   vertex -0.084998895 0.0045153677 0.043121732
   vertex -0.0843529 0.0044826808 0.042498029
   vertex -0.084354805 0.0045153548 0.043121486
  endloop
 endfacet
 facet normal 1.0657779e-15 -0.99862953 0.052335957
  outer loop
   vertex -0.082410976 0.0045146784 0.043108581
   vertex -0.083078902 0.0045151905 0.043118352
   vertex -0.0830753 0.0044825114 0.042494798
  endloop
 endfacet
 facet normal 1.0657779e-15 -0.99862953 0.052335957
  outer loop
   vertex -0.082410976 0.0045146784 0.043108581
   vertex -0.0830753 0.0044825114 0.042494798
   vertex -0.082410976 0.0044820133 0.042485293
  endloop
 endfacet
 facet normal -1 0 0
  outer loop
   vertex -0.082410976 0.0025290036 0.042497984
   vertex -0.082410976 0.0018871558 0.04249914
   vertex -0.082410976 0.0018892093 0.043124021
  endloop
 endfacet
 facet normal -1 0 0
  outer loop
   vertex -0.082410976 0.0025290036 0.042497984
   vertex -0.082410976 0.0018892093 0.043124021
   vertex -0.082410976 0.0025339168 0.043122686
  endloop
 endfacet
 facet normal -1 0 0
  outer loop
   vertex -0.082410976 4.9261599e-07 0.044999976
   vertex -0.082410976 0.00062691369 0.044999909
   vertex -0.082410976 0.00062689765 0.044374887
  endloop
 endfacet
 facet normal -1 0 0
  outer loop
   vertex -0.082410976 4.9261599e-07 0.044999976
   vertex -0.082410976 0.00062689765 0.044374887
   vertex -0.082410976 4.9876487e-07 0.04437497
  endloop
 endfacet
 facet normal -1 2.2160815e-14 -2.2206837e-14
  outer loop
   vertex -0.082410976 3.4894461e-07 0.042499974
   vertex -0.082410976 4.1223939e-07 0.043124971
   vertex -0.082410976 0.00062656245 0.04312489
  endloop
 endfacet
 facet normal -1 2.2160815e-14 -2.2206837e-14
  outer loop
   vertex -0.082410976 3.4894461e-07 0.042499974
   vertex -0.082410976 0.00062656245 0.04312489
   vertex -0.082410976 0.00062633205 0.042499904
  endloop
 endfacet
 facet normal -1 -1.204928e-05 -2.2402264e-05
  outer loop
   vertex -0.082410998 0.0025423644 0.044997905
   vertex -0.082410984 0.0025414522 0.044372501
   vertex -0.082410976 0.0018922782 0.044373972
  endloop
 endfacet
 facet normal -1 -1.204928e-05 -2.2402264e-05
  outer loop
   vertex -0.082410998 0.0025423644 0.044997905
   vertex -0.082410976 0.0018922782 0.044373972
   vertex -0.082410976 0.0018925406 0.044999155
  endloop
 endfacet
 facet normal 5.1276854e-17 -0.99862953 0.052335957
  outer loop
   vertex -0.0843529 0.0044826808 0.042498029
   vertex -0.08499822 0.0044826959 0.042498318
   vertex -0.084997521 0.0044500295 0.041875006
  endloop
 endfacet
 facet normal 5.1276854e-17 -0.99862953 0.052335957
  outer loop
   vertex -0.0843529 0.0044826808 0.042498029
   vertex -0.084997521 0.0044500295 0.041875006
   vertex -0.084350892 0.0044500102 0.041874638
  endloop
 endfacet
 facet normal -5.2033489e-16 -0.99862953 0.052335957
  outer loop
   vertex -0.083061263 0.0043518114 0.040000894
   vertex -0.082410976 0.0043513527 0.03999214
   vertex -0.082410976 0.0043840178 0.040615428
  endloop
 endfacet
 facet normal -5.2033489e-16 -0.99862953 0.052335957
  outer loop
   vertex -0.083061263 0.0043518114 0.040000894
   vertex -0.082410976 0.0043840178 0.040615428
   vertex -0.083064484 0.0043844754 0.04062416
  endloop
 endfacet
 facet normal 2.872756e-16 -0.99862953 0.052335957
  outer loop
   vertex -0.082410976 0.0044493481 0.041862005
   vertex -0.082410976 0.0044820133 0.042485293
   vertex -0.0830753 0.0044825114 0.042494798
  endloop
 endfacet
 facet normal 2.872756e-16 -0.99862953 0.052335957
  outer loop
   vertex -0.082410976 0.0044493481 0.041862005
   vertex -0.0830753 0.0044825114 0.042494798
   vertex -0.083072495 0.0044497769 0.041870185
  endloop
 endfacet
 facet normal -1 0 0
  outer loop
   vertex -0.082410976 -0.0024997819 0.032499982
   vertex -0.082410976 -0.0025003527 0.033124988
   vertex -0.082410976 -0.0018751057 0.033124997
  endloop
 endfacet
 facet normal -1 0 0
  outer loop
   vertex -0.082410976 -0.0024997819 0.032499982
   vertex -0.082410976 -0.0018751057 0.033124997
   vertex -0.082410976 -0.0018749292 0.032499993
  endloop
 endfacet
 facet normal -1 0 -0
  outer loop
   vertex -0.082410976 7.1786241e-07 0.035000003
   vertex -0.082410976 1.2615557e-06 0.034374978
   vertex -0.082410976 -0.00062472194 0.034374994
  endloop
 endfacet
 facet normal -1 0 -0
  outer loop
   vertex -0.082410976 7.1786241e-07 0.035000003
   vertex -0.082410976 -0.00062472194 0.034374994
   vertex -0.082410976 -0.00062489025 0.035000002
  endloop
 endfacet
 facet normal -1 0 0
  outer loop
   vertex -0.082410976 -0.0025046207 0.035000076
   vertex -0.082410976 -0.0018764087 0.035000024
   vertex -0.082410976 -0.0018759242 0.034375007
  endloop
 endfacet
 facet normal -1 0 0
  outer loop
   vertex -0.082410976 -0.0025046207 0.035000076
   vertex -0.082410976 -0.0018759242 0.034375007
   vertex -0.082410976 -0.0025030355 0.034375021
  endloop
 endfacet
 facet normal -1 0 0
  outer loop
   vertex -0.082410976 1.9095574e-06 0.032499883
   vertex -0.082410976 -0.00062449758 0.032499967
   vertex -0.082410976 -0.00062450816 0.033124975
  endloop
 endfacet
 facet normal -1 0 0
  outer loop
   vertex -0.082410976 1.9095574e-06 0.032499883
   vertex -0.082410976 -0.00062450816 0.033124975
   vertex -0.082410976 1.904665e-06 0.033124905
  endloop
 endfacet
 facet normal 0.0015875364 -0.99864373 0.052040245
  outer loop
   vertex -0.082425832 0.0040659207 0.034541236
   vertex -0.082417741 0.0040917516 0.035036679
   vertex -0.083042365 0.0040918876 0.035058345
  endloop
 endfacet
 facet normal 0.0015875364 -0.99864373 0.052040245
  outer loop
   vertex -0.082425832 0.0040659207 0.034541236
   vertex -0.083042365 0.0040918876 0.035058345
   vertex -0.0830392 0.0040667367 0.034548796
  endloop
 endfacet
 facet normal -1 -5.6122776e-05 -2.1668767e-05
  outer loop
   vertex -0.082411021 0.002581423 0.032494634
   vertex -0.082410984 0.0019166919 0.032497468
   vertex -0.082410998 0.001917171 0.03312284
  endloop
 endfacet
 facet normal -1 -5.6122776e-05 -2.1668767e-05
  outer loop
   vertex -0.082411021 0.002581423 0.032494634
   vertex -0.082410998 0.001917171 0.03312284
   vertex -0.082411121 0.0025840032 0.033120464
  endloop
 endfacet
 facet normal -1 -4.6808998e-19 2.2201532e-14
  outer loop
   vertex -0.082410976 7.1786241e-07 0.035000003
   vertex -0.082410976 0.00062735006 0.035000016
   vertex -0.082410976 0.00062914781 0.034374934
  endloop
 endfacet
 facet normal -1 -4.6808998e-19 2.2201532e-14
  outer loop
   vertex -0.082410976 7.1786241e-07 0.035000003
   vertex -0.082410976 0.00062914781 0.034374934
   vertex -0.082410976 1.2615557e-06 0.034374978
  endloop
 endfacet
 facet normal -0.99999983 -0.00044454308 0.00037158772
  outer loop
   vertex -0.082411064 0.0025264022 0.035001058
   vertex -0.08241131 0.0025584425 0.034375331
   vertex -0.082411019 0.0019031809 0.034374721
  endloop
 endfacet
 facet normal -0.99999983 -0.00044454308 0.00037158772
  outer loop
   vertex -0.082411064 0.0025264022 0.035001058
   vertex -0.082411019 0.0019031809 0.034374721
   vertex -0.082410994 0.0018893896 0.035000286
  endloop
 endfacet
 facet normal -1 0 0
  outer loop
   vertex -0.082410976 1.9095574e-06 0.032499883
   vertex -0.082410976 1.904665e-06 0.033124905
   vertex -0.082410976 0.00063122025 0.03312469
  endloop
 endfacet
 facet normal -1 0 0
  outer loop
   vertex -0.082410976 1.9095574e-06 0.032499883
   vertex -0.082410976 0.00063122025 0.03312469
   vertex -0.082410976 0.0006312224 0.032499626
  endloop
 endfacet
 facet normal 1.3751349e-15 -0.99862953 0.052335957
  outer loop
   vertex -0.084993123 0.0041885919 0.036886479
   vertex -0.084993897 0.0042213339 0.037511235
   vertex -0.085647717 0.0042213164 0.037510901
  endloop
 endfacet
 facet normal 1.3751349e-15 -0.99862953 0.052335957
  outer loop
   vertex -0.084993123 0.0041885919 0.036886479
   vertex -0.085647717 0.0042213164 0.037510901
   vertex -0.085647326 0.0041885711 0.036886082
  endloop
 endfacet
 facet normal -1.0109817e-16 -0.99862953 0.052335957
  outer loop
   vertex -0.086970301 0.0040927137 0.035057015
   vertex -0.086990256 0.0041230825 0.035636486
   vertex -0.087666868 0.0041227715 0.035630551
  endloop
 endfacet
 facet normal -1.0109817e-16 -0.99862953 0.052335957
  outer loop
   vertex -0.086970301 0.0040927137 0.035057015
   vertex -0.087666868 0.0041227715 0.035630551
   vertex -0.087607998 0.0040925136 0.035053196
  endloop
 endfacet
 facet normal 1.057857e-15 -0.99862953 0.052335957
  outer loop
   vertex -0.087684333 0.0041881132 0.036877344
   vertex -0.087003968 0.0041883737 0.036882316
   vertex -0.08700379 0.0042211346 0.037507431
  endloop
 endfacet
 facet normal 1.057857e-15 -0.99862953 0.052335957
  outer loop
   vertex -0.087684333 0.0041881132 0.036877344
   vertex -0.08700379 0.0042211346 0.037507431
   vertex -0.087683191 0.0042208666 0.037502317
  endloop
 endfacet
 facet normal 1.3841734e-15 -0.99862953 0.052335957
  outer loop
   vertex -0.085647717 0.0042213164 0.037510901
   vertex -0.084993897 0.0042213339 0.037511235
   vertex -0.084994464 0.0042540305 0.038135122
  endloop
 endfacet
 facet normal 1.3841734e-15 -0.99862953 0.052335957
  outer loop
   vertex -0.085647717 0.0042213164 0.037510901
   vertex -0.084994464 0.0042540305 0.038135122
   vertex -0.085647581 0.004254017 0.038134864
  endloop
 endfacet
 facet normal -8.9400545e-16 -0.99862953 0.052335957
  outer loop
   vertex -0.087673437 0.0043190883 0.039376498
   vertex -0.086996834 0.0043192669 0.039379907
   vertex -0.08699414 0.0043519491 0.04000352
  endloop
 endfacet
 facet normal -8.9400545e-16 -0.99862953 0.052335957
  outer loop
   vertex -0.087673437 0.0043190883 0.039376498
   vertex -0.08699414 0.0043519491 0.04000352
   vertex -0.087669896 0.0043517783 0.040000262
  endloop
 endfacet
 facet normal 1.3613322e-15 -0.99862953 0.052335957
  outer loop
   vertex -0.087680357 0.0042536326 0.038127529
   vertex -0.087683191 0.0042208666 0.037502317
   vertex -0.08700379 0.0042211346 0.037507431
  endloop
 endfacet
 facet normal 1.3613322e-15 -0.99862953 0.052335957
  outer loop
   vertex -0.087680357 0.0042536326 0.038127529
   vertex -0.08700379 0.0042211346 0.037507431
   vertex -0.087001948 0.0042538645 0.038131956
  endloop
 endfacet
 facet normal -1.1697436e-15 -0.99862953 0.052335957
  outer loop
   vertex -0.086970301 0.0040927137 0.035057015
   vertex -0.087607998 0.0040925136 0.035053196
   vertex -0.087598375 0.0040671677 0.034569567
  endloop
 endfacet
 facet normal -1.1697436e-15 -0.99862953 0.052335957
  outer loop
   vertex -0.086970301 0.0040927137 0.035057015
   vertex -0.087598375 0.0040671677 0.034569567
   vertex -0.086961979 0.004065907 0.034545513
  endloop
 endfacet
 facet normal 2.2621509e-16 0.99862953 -0.052335952
  outer loop
   vertex -0.084997305 -0.0052652251 0.047570134
   vertex -0.084991248 -0.0053101028 0.046713817
   vertex -0.085639421 -0.0053101168 0.04671355
  endloop
 endfacet
 facet normal 2.2621509e-16 0.99862953 -0.052335952
  outer loop
   vertex -0.084997305 -0.0052652251 0.047570134
   vertex -0.085639421 -0.0053101168 0.04671355
   vertex -0.085640831 -0.0052652301 0.047570039
  endloop
 endfacet
 facet normal 8.7070564e-07 0.99862954 -0.052335945
  outer loop
   vertex -0.087647256 -0.0052663056 0.047549505
   vertex -0.086970261 -0.0052654494 0.047565855
   vertex -0.086962904 -0.0053106462 0.046703448
  endloop
 endfacet
 facet normal 8.7070564e-07 0.99862954 -0.052335945
  outer loop
   vertex -0.087647256 -0.0052663056 0.047549505
   vertex -0.086962904 -0.0053106462 0.046703448
   vertex -0.08759972 -0.0053119043 0.046679441
  endloop
 endfacet
 facet normal 3.6209718e-06 0.99705012 -0.076753193
  outer loop
   vertex -0.084997305 -0.0052652251 0.047570134
   vertex -0.085640831 -0.0052652301 0.047570039
   vertex -0.085642639 -0.0052217041 0.048135456
  endloop
 endfacet
 facet normal 3.6209718e-06 0.99705012 -0.076753193
  outer loop
   vertex -0.084997305 -0.0052652251 0.047570134
   vertex -0.085642639 -0.0052217041 0.048135456
   vertex -0.084998291 -0.0052217637 0.048135032
  endloop
 endfacet
 facet normal 0.00070452962 0.91356432 -0.40669367
  outer loop
   vertex -0.087643044 -0.0047184567 0.049772095
   vertex -0.086985726 -0.0047190326 0.04977194
   vertex -0.086988659 -0.0049280734 0.049302362
  endloop
 endfacet
 facet normal 0.00070452962 0.91356432 -0.40669367
  outer loop
   vertex -0.087643044 -0.0047184567 0.049772095
   vertex -0.086988659 -0.0049280734 0.049302362
   vertex -0.087665393 -0.0049225746 0.049314999
  endloop
 endfacet
 facet normal 0.00068666634 0.99702467 -0.077080067
  outer loop
   vertex -0.087647256 -0.0052663056 0.047549505
   vertex -0.087651924 -0.0052201627 0.048146319
   vertex -0.086976623 -0.0052211791 0.048139188
  endloop
 endfacet
 facet normal 0.00068666634 0.99702467 -0.077080067
  outer loop
   vertex -0.087647256 -0.0052663056 0.047549505
   vertex -0.086976623 -0.0052211791 0.048139188
   vertex -0.086970261 -0.0052654494 0.047565855
  endloop
 endfacet
 facet normal -1 0 0
  outer loop
   vertex -0.082410976 -0.0025223987 0.04750512
   vertex -0.082410976 -0.0018836762 0.047502368
   vertex -0.082410976 -0.0018807688 0.046875879
  endloop
 endfacet
 facet normal -1 0 0
  outer loop
   vertex -0.082410976 -0.0025223987 0.04750512
   vertex -0.082410976 -0.0018807688 0.046875879
   vertex -0.082410976 -0.0025154448 0.046876936
  endloop
 endfacet
 facet normal -1 -2.219096e-14 -4.4412064e-14
  outer loop
   vertex -0.082410976 4.9261599e-07 0.044999976
   vertex -0.082410976 -0.00062492649 0.044999996
   vertex -0.082410976 -0.00062503182 0.045625004
  endloop
 endfacet
 facet normal -1 -2.219096e-14 -4.4412064e-14
  outer loop
   vertex -0.082410976 4.9261599e-07 0.044999976
   vertex -0.082410976 -0.00062503182 0.045625004
   vertex -0.082410976 4.3324402e-07 0.045624989
  endloop
 endfacet
 facet normal -1 -2.2113591e-14 -1.1819782e-16
  outer loop
   vertex -0.082410976 -0.0025008237 0.04499999
   vertex -0.082410976 -0.0025041652 0.045625139
   vertex -0.082410976 -0.0018765965 0.045625066
  endloop
 endfacet
 facet normal -1 -2.2113591e-14 -1.1819782e-16
  outer loop
   vertex -0.082410976 -0.0025008237 0.04499999
   vertex -0.082410976 -0.0018765965 0.045625066
   vertex -0.082410976 -0.0018753972 0.045000004
  endloop
 endfacet
 facet normal -1 2.217954e-14 -2.2196103e-14
  outer loop
   vertex -0.082410976 2.6608892e-07 0.047500347
   vertex -0.082410976 2.4827109e-07 0.046875094
   vertex -0.082410976 -0.00062542112 0.046875127
  endloop
 endfacet
 facet normal -1 2.217954e-14 -2.2196103e-14
  outer loop
   vertex -0.082410976 2.6608892e-07 0.047500347
   vertex -0.082410976 -0.00062542112 0.046875127
   vertex -0.082410976 -0.00062570776 0.047500417
  endloop
 endfacet
 facet normal -5.8097562e-16 -0.99862953 0.052335957
  outer loop
   vertex -0.085644826 0.0044826949 0.042498298
   vertex -0.08499822 0.0044826959 0.042498318
   vertex -0.084998895 0.0045153677 0.043121732
  endloop
 endfacet
 facet normal -5.8097562e-16 -0.99862953 0.052335957
  outer loop
   vertex -0.085644826 0.0044826949 0.042498298
   vertex -0.084998895 0.0045153677 0.043121732
   vertex -0.085644495 0.0045153658 0.043121697
  endloop
 endfacet
 facet normal -1.6600488e-16 -0.99862953 0.052335957
  outer loop
   vertex -0.087646419 0.0045805069 0.044364663
   vertex -0.086974931 0.0045806801 0.044367969
   vertex -0.086970685 0.0046131038 0.044986648
  endloop
 endfacet
 facet normal -1.6600488e-16 -0.99862953 0.052335957
  outer loop
   vertex -0.087646419 0.0045805069 0.044364663
   vertex -0.086970685 0.0046131038 0.044986648
   vertex -0.087643065 0.0046130512 0.044985646
  endloop
 endfacet
 facet normal -2.3666886e-17 -0.99862953 0.052335957
  outer loop
   vertex -0.086983446 0.0044826237 0.042496941
   vertex -0.086980821 0.0045152925 0.043120298
   vertex -0.08765274 0.0045151266 0.043117133
  endloop
 endfacet
 facet normal -2.3666886e-17 -0.99862953 0.052335957
  outer loop
   vertex -0.086983446 0.0044826237 0.042496941
   vertex -0.08765274 0.0045151266 0.043117133
   vertex -0.087656025 0.0044824583 0.042493784
  endloop
 endfacet
 facet normal -5.820742e-16 -0.99862953 0.052335957
  outer loop
   vertex -0.084997521 0.0044500295 0.041875006
   vertex -0.08499822 0.0044826959 0.042498318
   vertex -0.085644826 0.0044826949 0.042498298
  endloop
 endfacet
 facet normal -5.820742e-16 -0.99862953 0.052335957
  outer loop
   vertex -0.084997521 0.0044500295 0.041875006
   vertex -0.085644826 0.0044826949 0.042498298
   vertex -0.085645149 0.0044500293 0.041875002
  endloop
 endfacet
 facet normal -5.6467683e-16 -0.99862953 0.052335957
  outer loop
   vertex -0.087666376 0.0043844533 0.040623738
   vertex -0.087669896 0.0043517783 0.040000262
   vertex -0.08699414 0.0043519491 0.04000352
  endloop
 endfacet
 facet normal -5.6467683e-16 -0.99862953 0.052335957
  outer loop
   vertex -0.087666376 0.0043844533 0.040623738
   vertex -0.08699414 0.0043519491 0.04000352
   vertex -0.086991445 0.0043846221 0.040626958
  endloop
 endfacet
 facet normal -3.5806043e-16 -0.99862953 0.052335957
  outer loop
   vertex -0.086983446 0.0044826237 0.042496941
   vertex -0.087656025 0.0044824583 0.042493784
   vertex -0.087659422 0.0044497911 0.041870456
  endloop
 endfacet
 facet normal -3.5806043e-16 -0.99862953 0.052335957
  outer loop
   vertex -0.086983446 0.0044826237 0.042496941
   vertex -0.087659422 0.0044497911 0.041870456
   vertex -0.086986089 0.0044499575 0.041873632
  endloop
 endfacet
 facet normal -0.0047426618 -0.99920927 0.039475927
  outer loop
   vertex -0.083081996 0.0046145275 0.044985497
   vertex -0.082411013 0.0046110221 0.044977383
   vertex -0.082411244 0.0046353976 0.045594343
  endloop
 endfacet
 facet normal -0.0047426618 -0.99920927 0.039475927
  outer loop
   vertex -0.083081996 0.0046145275 0.044985497
   vertex -0.082411244 0.0046353976 0.045594343
   vertex -0.083072523 0.0046482387 0.045570707
  endloop
 endfacet
 facet normal -1 -7.0127635e-05 2.8277228e-06
  outer loop
   vertex -0.082411019 0.0025275539 0.047504746
   vertex -0.082411021 0.0025266063 0.046876847
   vertex -0.082410976 0.0018867543 0.046875983
  endloop
 endfacet
 facet normal -1 -7.0127635e-05 2.8277228e-06
  outer loop
   vertex -0.082411019 0.0025275539 0.047504746
   vertex -0.082410976 0.0018867543 0.046875983
   vertex -0.082410976 0.0018876183 0.047502773
  endloop
 endfacet
 facet normal -1 0 0
  outer loop
   vertex -0.082410976 4.9261599e-07 0.044999976
   vertex -0.082410976 4.3324402e-07 0.045624989
   vertex -0.082410976 0.00062676968 0.045624952
  endloop
 endfacet
 facet normal -1 0 0
  outer loop
   vertex -0.082410976 4.9261599e-07 0.044999976
   vertex -0.082410976 0.00062676968 0.045624952
   vertex -0.082410976 0.00062691369 0.044999909
  endloop
 endfacet
 facet normal -1 -3.3563958e-05 -6.4320582e-08
  outer loop
   vertex -0.082410998 0.0025423644 0.044997905
   vertex -0.082410976 0.0018925406 0.044999155
   vertex -0.082410976 0.0018913421 0.04562454
  endloop
 endfacet
 facet normal -1 -3.3563958e-05 -6.4320582e-08
  outer loop
   vertex -0.082410998 0.0025423644 0.044997905
   vertex -0.082410976 0.0018913421 0.04562454
   vertex -0.082411021 0.0025396434 0.045623833
  endloop
 endfacet
 facet normal -1 2.216773e-14 -2.2197135e-14
  outer loop
   vertex -0.082410976 2.6608892e-07 0.047500347
   vertex -0.082410976 0.0006265955 0.047500641
   vertex -0.082410976 0.00062634916 0.046875188
  endloop
 endfacet
 facet normal -1 2.216773e-14 -2.2197135e-14
  outer loop
   vertex -0.082410976 2.6608892e-07 0.047500347
   vertex -0.082410976 0.00062634916 0.046875188
   vertex -0.082410976 2.4827109e-07 0.046875094
  endloop
 endfacet
 facet normal 0.00040353901 -0.90737296 -0.42032623
  outer loop
   vertex -0.082412024 0.0043635528 0.049404231
   vertex -0.082411199 0.0041748093 0.049811679
   vertex -0.08304152 0.0041726249 0.049815789
  endloop
 endfacet
 facet normal 0.00040353901 -0.90737296 -0.42032623
  outer loop
   vertex -0.082412024 0.0043635528 0.049404231
   vertex -0.08304152 0.0041726249 0.049815789
   vertex -0.08305873 0.0043872075 0.049345762
  endloop
 endfacet
 facet normal 1.0564943e-15 -0.99862953 0.052335957
  outer loop
   vertex -0.087639823 0.0046440102 0.045576378
   vertex -0.087643065 0.0046130512 0.044985646
   vertex -0.086970685 0.0046131038 0.044986648
  endloop
 endfacet
 facet normal 1.0564943e-15 -0.99862953 0.052335957
  outer loop
   vertex -0.087639823 0.0046440102 0.045576378
   vertex -0.086970685 0.0046131038 0.044986648
   vertex -0.086964193 0.0046431093 0.045559187
  endloop
 endfacet
 facet normal -0.0026997417 -0.91211588 -0.40992357
  outer loop
   vertex -0.087001444 0.0041778359 0.049805963
   vertex -0.087695969 0.0041913234 0.049780527
   vertex -0.087671849 0.004392196 0.049333409
  endloop
 endfacet
 facet normal -0.0026997417 -0.91211588 -0.40992357
  outer loop
   vertex -0.087001444 0.0041778359 0.049805963
   vertex -0.087671849 0.004392196 0.049333409
   vertex -0.086992354 0.0043924806 0.049332704
  endloop
 endfacet
 facet normal 7.2630852e-17 0.052336044 0.99862953
  outer loop
   vertex -0.08625 -0.0063800504 0.026297998
   vertex -0.085625 -0.0063800504 0.026297998
   vertex -0.085634173 -0.0057065352 0.0262627
  endloop
 endfacet
 facet normal 7.2630852e-17 0.052336044 0.99862953
  outer loop
   vertex -0.08625 -0.0063800504 0.026297998
   vertex -0.085634173 -0.0057065352 0.0262627
   vertex -0.086277327 -0.0057031979 0.026262525
  endloop
 endfacet
 facet normal -5.2909306e-15 0.052336044 0.99862953
  outer loop
   vertex -0.084997447 -0.0050670742 0.026229187
   vertex -0.0856403 -0.0050670253 0.026229185
   vertex -0.085634173 -0.0057065352 0.0262627
  endloop
 endfacet
 facet normal -5.2909306e-15 0.052336044 0.99862953
  outer loop
   vertex -0.084997447 -0.0050670742 0.026229187
   vertex -0.085634173 -0.0057065352 0.0262627
   vertex -0.084998287 -0.0057065148 0.026262699
  endloop
 endfacet
 facet normal -2.129287e-15 0.052336044 0.99862953
  outer loop
   vertex -0.085 -0.0063800504 0.026297998
   vertex -0.084998287 -0.0057065148 0.026262699
   vertex -0.085634173 -0.0057065352 0.0262627
  endloop
 endfacet
 facet normal -2.129287e-15 0.052336044 0.99862953
  outer loop
   vertex -0.085 -0.0063800504 0.026297998
   vertex -0.085634173 -0.0057065352 0.0262627
   vertex -0.085625 -0.0063800504 0.026297998
  endloop
 endfacet
 facet normal 8.9463516e-15 0.052336044 0.99862953
  outer loop
   vertex -0.086294196 -0.0050639666 0.026229025
   vertex -0.086277327 -0.0057031979 0.026262525
   vertex -0.085634173 -0.0057065352 0.0262627
  endloop
 endfacet
 facet normal 8.9463516e-15 0.052336044 0.99862953
  outer loop
   vertex -0.086294196 -0.0050639666 0.026229025
   vertex -0.085634173 -0.0057065352 0.0262627
   vertex -0.0856403 -0.0050670253 0.026229185
  endloop
 endfacet
 facet normal 2.0210139e-15 0.052336044 0.99862953
  outer loop
   vertex -0.083754887 -0.0063800504 0.026297998
   vertex -0.083724232 -0.0056927696 0.026261979
   vertex -0.084362219 -0.0057031662 0.026262524
  endloop
 endfacet
 facet normal 2.0210139e-15 0.052336044 0.99862953
  outer loop
   vertex -0.083754887 -0.0063800504 0.026297998
   vertex -0.084362219 -0.0057031662 0.026262524
   vertex -0.084375 -0.0063800504 0.026297998
  endloop
 endfacet
 facet normal -6.3447546e-15 0.052336044 0.99862953
  outer loop
   vertex -0.084997447 -0.0050670742 0.026229187
   vertex -0.084998287 -0.0057065148 0.026262699
   vertex -0.084362219 -0.0057031662 0.026262524
  endloop
 endfacet
 facet normal -6.3447546e-15 0.052336044 0.99862953
  outer loop
   vertex -0.084997447 -0.0050670742 0.026229187
   vertex -0.084362219 -0.0057031662 0.026262524
   vertex -0.084354741 -0.005064163 0.026229035
  endloop
 endfacet
 facet normal -0 0.052336044 0.99862953
  outer loop
   vertex -0.085 -0.0063800504 0.026297998
   vertex -0.084375 -0.0063800504 0.026297998
   vertex -0.084362219 -0.0057031662 0.026262524
  endloop
 endfacet
 facet normal -0 0.052336044 0.99862953
  outer loop
   vertex -0.085 -0.0063800504 0.026297998
   vertex -0.084362219 -0.0057031662 0.026262524
   vertex -0.084998287 -0.0057065148 0.026262699
  endloop
 endfacet
 facet normal -1.5568827e-15 0.052336044 0.99862953
  outer loop
   vertex -0.083708287 -0.0050555898 0.026228586
   vertex -0.084354741 -0.005064163 0.026229035
   vertex -0.084362219 -0.0057031662 0.026262524
  endloop
 endfacet
 facet normal -1.5568827e-15 0.052336044 0.99862953
  outer loop
   vertex -0.083708287 -0.0050555898 0.026228586
   vertex -0.084362219 -0.0057031662 0.026262524
   vertex -0.083724232 -0.0056927696 0.026261979
  endloop
 endfacet
 facet normal -5.5890505e-06 0.052338247 0.99862941
  outer loop
   vertex -0.08499154 0.0018963505 0.025864249
   vertex -0.084339696 0.0018963323 0.025864254
   vertex -0.084345398 0.0025109475 0.025832042
  endloop
 endfacet
 facet normal -5.5890505e-06 0.052338247 0.99862941
  outer loop
   vertex -0.08499154 0.0018963505 0.025864249
   vertex -0.084345398 0.0025109475 0.025832042
   vertex -0.084993451 0.0025114333 0.025832014
  endloop
 endfacet
 facet normal 0.00018574713 0.052324696 0.99863011
  outer loop
   vertex -0.082411912 0.001881897 0.025864999
   vertex -0.082411148 0.0024968007 0.02583278
   vertex -0.083061455 0.0025057071 0.025832435
  endloop
 endfacet
 facet normal 0.00018574713 0.052324696 0.99863011
  outer loop
   vertex -0.082411912 0.001881897 0.025864999
   vertex -0.083061455 0.0025057071 0.025832435
   vertex -0.083050312 0.0018924632 0.025864913
  endloop
 endfacet
 facet normal 1.0552951e-14 0.052336044 0.99862953
  outer loop
   vertex -0.08499154 0.0018963505 0.025864249
   vertex -0.084993451 0.0025114333 0.025832014
   vertex -0.085639938 0.0025110826 0.025832032
  endloop
 endfacet
 facet normal 1.0552951e-14 0.052336044 0.99862953
  outer loop
   vertex -0.08499154 0.0018963505 0.025864249
   vertex -0.085639938 0.0025110826 0.025832032
   vertex -0.085641121 0.0018959075 0.025864272
  endloop
 endfacet
 facet normal -3.5489989e-15 0.052336044 0.99862953
  outer loop
   vertex -0.08697332 0.0025063006 0.025832283
   vertex -0.087651607 0.0024991969 0.025832655
   vertex -0.087655012 0.0018834305 0.025864926
  endloop
 endfacet
 facet normal -3.5489989e-15 0.052336044 0.99862953
  outer loop
   vertex -0.08697332 0.0025063006 0.025832283
   vertex -0.087655012 0.0018834305 0.025864926
   vertex -0.086979273 0.0018911305 0.025864523
  endloop
 endfacet
 facet normal -0.00025823696 0.74489317 -0.66718371
  outer loop
   vertex -0.083689565 -0.0042619899 0.050506109
   vertex -0.084346398 -0.0042610186 0.050507447
   vertex -0.084348052 -0.0036837247 0.051151981
  endloop
 endfacet
 facet normal -0.00025823696 0.74489317 -0.66718371
  outer loop
   vertex -0.083689565 -0.0042619899 0.050506109
   vertex -0.084348052 -0.0036837247 0.051151981
   vertex -0.083692996 -0.0036788359 0.051156703
  endloop
 endfacet
 facet normal -5.8269467e-07 0.84894818 -0.5284761
  outer loop
   vertex -0.083689565 -0.0042619899 0.050506109
   vertex -0.083697075 -0.0047193582 0.049771389
   vertex -0.084347438 -0.004719338 0.049771422
  endloop
 endfacet
 facet normal -5.8269467e-07 0.84894818 -0.5284761
  outer loop
   vertex -0.083689565 -0.0042619899 0.050506109
   vertex -0.084347438 -0.004719338 0.049771422
   vertex -0.084346398 -0.0042610186 0.050507447
  endloop
 endfacet
 facet normal 0.00024698099 0.74510783 -0.66694397
  outer loop
   vertex -0.085645424 -0.004261283 0.050507084
   vertex -0.086308818 -0.0042622044 0.050505808
   vertex -0.086303089 -0.0036845091 0.05115121
  endloop
 endfacet
 facet normal 0.00024698099 0.74510783 -0.66694397
  outer loop
   vertex -0.085645424 -0.004261283 0.050507084
   vertex -0.086303089 -0.0036845091 0.05115121
   vertex -0.085643182 -0.0036870924 0.051148729
  endloop
 endfacet
 facet normal -0.00016302177 0.84886735 -0.5286059
  outer loop
   vertex -0.086308818 -0.0042622044 0.050505808
   vertex -0.085645424 -0.004261283 0.050507084
   vertex -0.085645229 -0.0047191348 0.049771837
  endloop
 endfacet
 facet normal -0.00016302177 0.84886735 -0.5286059
  outer loop
   vertex -0.086308818 -0.0042622044 0.050505808
   vertex -0.085645229 -0.0047191348 0.049771837
   vertex -0.086307273 -0.0047191706 0.04977176
  endloop
 endfacet
 facet normal 9.7197429e-05 0.74510546 -0.66694666
  outer loop
   vertex -0.084995762 -0.003686619 0.051149186
   vertex -0.084995928 -0.0042609178 0.050507586
   vertex -0.085645424 -0.004261283 0.050507084
  endloop
 endfacet
 facet normal 9.7197429e-05 0.74510546 -0.66694666
  outer loop
   vertex -0.084995762 -0.003686619 0.051149186
   vertex -0.085645424 -0.004261283 0.050507084
   vertex -0.085643182 -0.0036870924 0.051148729
  endloop
 endfacet
 facet normal -1.3129257e-05 -0.84246575 -0.53874991
  outer loop
   vertex -0.08434755 0.0036984281 0.050558255
   vertex -0.084996535 0.0036984841 0.050558183
   vertex -0.084995459 0.0041695928 0.04982149
  endloop
 endfacet
 facet normal -1.3129257e-05 -0.84246575 -0.53874991
  outer loop
   vertex -0.08434755 0.0036984281 0.050558255
   vertex -0.084995459 0.0041695928 0.04982149
   vertex -0.084344158 0.0041697456 0.049821214
  endloop
 endfacet
 facet normal 0.00017262537 -0.84247337 -0.53873797
  outer loop
   vertex -0.083691672 0.0036991628 0.050557316
   vertex -0.08434755 0.0036984281 0.050558255
   vertex -0.084344158 0.0041697456 0.049821214
  endloop
 endfacet
 facet normal 0.00017262537 -0.84247337 -0.53873797
  outer loop
   vertex -0.083691672 0.0036991628 0.050557316
   vertex -0.084344158 0.0041697456 0.049821214
   vertex -0.083686161 0.0041705312 0.049819762
  endloop
 endfacet
 facet normal 0.00018958176 -0.84246587 -0.53874969
  outer loop
   vertex -0.085646761 0.0041703158 0.049820131
   vertex -0.084995459 0.0041695928 0.04982149
   vertex -0.084996535 0.0036984841 0.050558183
  endloop
 endfacet
 facet normal 0.00018958176 -0.84246587 -0.53874969
  outer loop
   vertex -0.085646761 0.0041703158 0.049820131
   vertex -0.084996535 0.0036984841 0.050558183
   vertex -0.085645882 0.0036990709 0.050557432
  endloop
 endfacet
 facet normal -0.00025998856 -0.84293763 -0.53801124
  outer loop
   vertex -0.085645882 0.0036990709 0.050557432
   vertex -0.086309181 0.0037003024 0.050555823
   vertex -0.086312498 0.004172559 0.049815909
  endloop
 endfacet
 facet normal -0.00025998856 -0.84293763 -0.53801124
  outer loop
   vertex -0.085645882 0.0036990709 0.050557432
   vertex -0.086312498 0.004172559 0.049815909
   vertex -0.085646761 0.0041703158 0.049820131
  endloop
 endfacet
 facet normal -1 3.3637211e-10 4.6283876e-09
  outer loop
   vertex -0.082410976 -0.0025596114 0.051354385
   vertex -0.082410976 -0.0025582903 0.05194771
   vertex -0.082410976 -0.0018433763 0.05189581
  endloop
 endfacet
 facet normal -1 3.3637211e-10 4.6283876e-09
  outer loop
   vertex -0.082410976 -0.0025596114 0.051354385
   vertex -0.082410976 -0.0018433763 0.05189581
   vertex -0.082410976 -0.0018883322 0.051319868
  endloop
 endfacet
 facet normal -1 0 0
  outer loop
   vertex -0.082410976 -0.0011892156 0.052419661
   vertex -0.082410976 -0.0012273723 0.051906506
   vertex -0.082410976 -0.0018433763 0.05189581
  endloop
 endfacet
 facet normal -1 0 0
  outer loop
   vertex -0.082410976 -0.0011892156 0.052419661
   vertex -0.082410976 -0.0018433763 0.05189581
   vertex -0.082410976 -0.0016412222 0.052311979
  endloop
 endfacet
 facet normal -1 0 0
  outer loop
   vertex -0.082410976 -0.0012482623 0.051310417
   vertex -0.082410976 -0.0018883322 0.051319868
   vertex -0.082410976 -0.0018433763 0.05189581
  endloop
 endfacet
 facet normal -1 0 0
  outer loop
   vertex -0.082410976 -0.0012482623 0.051310417
   vertex -0.082410976 -0.0018433763 0.05189581
   vertex -0.082410976 -0.0012273723 0.051906506
  endloop
 endfacet
 facet normal -1 0 0
  outer loop
   vertex -0.082410976 -0.0012593564 0.050022571
   vertex -0.082410976 -0.0012573591 0.050666004
   vertex -0.082410976 -0.00062541181 0.05066233
  endloop
 endfacet
 facet normal -1 0 0
  outer loop
   vertex -0.082410976 -0.0012593564 0.050022571
   vertex -0.082410976 -0.00062541181 0.05066233
   vertex -0.082410976 -0.00062671147 0.050018344
  endloop
 endfacet
 facet normal -1 -2.2117384e-14 2.1294169e-14
  outer loop
   vertex -0.082410976 2.3255248e-06 0.051314335
   vertex -0.082410976 3.7015929e-06 0.050664047
   vertex -0.082410976 -0.00062541181 0.05066233
  endloop
 endfacet
 facet normal -1 -2.2117384e-14 2.1294169e-14
  outer loop
   vertex -0.082410976 2.3255248e-06 0.051314335
   vertex -0.082410976 -0.00062541181 0.05066233
   vertex -0.082410976 -0.00062228707 0.051311642
  endloop
 endfacet
 facet normal -1 2.2170075e-14 -1.0669087e-16
  outer loop
   vertex -0.082410976 -0.0012482623 0.051310417
   vertex -0.082410976 -0.00062228707 0.051311642
   vertex -0.082410976 -0.00062541181 0.05066233
  endloop
 endfacet
 facet normal -1 2.2170075e-14 -1.0669087e-16
  outer loop
   vertex -0.082410976 -0.0012482623 0.051310417
   vertex -0.082410976 -0.00062541181 0.05066233
   vertex -0.082410976 -0.0012573591 0.050666004
  endloop
 endfacet
 facet normal -1 4.0877639e-09 -8.1515369e-11
  outer loop
   vertex -0.082410976 -0.0025596114 0.051354385
   vertex -0.082410976 -0.0018883322 0.051319868
   vertex -0.082410976 -0.0019011094 0.05067913
  endloop
 endfacet
 facet normal -1 4.0877639e-09 -8.1515369e-11
  outer loop
   vertex -0.082410976 -0.0025596114 0.051354385
   vertex -0.082410976 -0.0019011094 0.05067913
   vertex -0.082410977 -0.002564265 0.050705828
  endloop
 endfacet
 facet normal -1 2.1612097e-14 -1.2429425e-17
  outer loop
   vertex -0.082410976 -0.0012593564 0.050022571
   vertex -0.082410976 -0.0019014804 0.050033984
   vertex -0.082410976 -0.0019011094 0.05067913
  endloop
 endfacet
 facet normal -1 2.1612097e-14 -1.2429425e-17
  outer loop
   vertex -0.082410976 -0.0012593564 0.050022571
   vertex -0.082410976 -0.0019011094 0.05067913
   vertex -0.082410976 -0.0012573591 0.050666004
  endloop
 endfacet
 facet normal -1 2.1112543e-14 -2.1833599e-14
  outer loop
   vertex -0.082410976 -0.0012482623 0.051310417
   vertex -0.082410976 -0.0012573591 0.050666004
   vertex -0.082410976 -0.0019011094 0.05067913
  endloop
 endfacet
 facet normal -1 2.1112543e-14 -2.1833599e-14
  outer loop
   vertex -0.082410976 -0.0012482623 0.051310417
   vertex -0.082410976 -0.0019011094 0.05067913
   vertex -0.082410976 -0.0018883322 0.051319868
  endloop
 endfacet
 facet normal -1 0 0
  outer loop
   vertex -0.082410976 -0.0011892156 0.052419661
   vertex -0.082410976 -0.00062311058 0.052493023
   vertex -0.082410976 -0.00061817764 0.051923147
  endloop
 endfacet
 facet normal -1 0 0
  outer loop
   vertex -0.082410976 -0.0011892156 0.052419661
   vertex -0.082410976 -0.00061817764 0.051923147
   vertex -0.082410976 -0.0012273723 0.051906506
  endloop
 endfacet
 facet normal -1 9.7871822e-17 -2.269513e-14
  outer loop
   vertex -0.082410976 2.3255248e-06 0.051314335
   vertex -0.082410976 -0.00062228707 0.051311642
   vertex -0.082410976 -0.00061817764 0.051923147
  endloop
 endfacet
 facet normal -1 9.7871822e-17 -2.269513e-14
  outer loop
   vertex -0.082410976 2.3255248e-06 0.051314335
   vertex -0.082410976 -0.00061817764 0.051923147
   vertex -0.082410976 -1.3335534e-06 0.051926797
  endloop
 endfacet
 facet normal -1 0 0
  outer loop
   vertex -0.082410976 -0.0012482623 0.051310417
   vertex -0.082410976 -0.0012273723 0.051906506
   vertex -0.082410976 -0.00061817764 0.051923147
  endloop
 endfacet
 facet normal -1 0 0
  outer loop
   vertex -0.082410976 -0.0012482623 0.051310417
   vertex -0.082410976 -0.00061817764 0.051923147
   vertex -0.082410976 -0.00062228707 0.051311642
  endloop
 endfacet
 facet normal 0.99997274 0.0023323511 0.0070058782
  outer loop
   vertex -0.08841215 -0.0012563374 0.051944939
   vertex -0.08841047 -0.0019132709 0.051923822
   vertex -0.08840708 -0.0019856247 0.051464094
  endloop
 endfacet
 facet normal 0.99997274 0.0023323511 0.0070058782
  outer loop
   vertex -0.08841215 -0.0012563374 0.051944939
   vertex -0.08840708 -0.0019856247 0.051464094
   vertex -0.088410661 -0.0012893917 0.051382478
  endloop
 endfacet
 facet normal 0.99999998 0.0001515411 0.00013687084
  outer loop
   vertex -0.088410856 -0.0012871067 0.050723902
   vertex -0.088410952 -0.00063412626 0.050700653
   vertex -0.088411042 -0.00063338511 0.051358297
  endloop
 endfacet
 facet normal 0.99999998 0.0001515411 0.00013687084
  outer loop
   vertex -0.088410856 -0.0012871067 0.050723902
   vertex -0.088411042 -0.00063338511 0.051358297
   vertex -0.088410661 -0.0012893917 0.051382478
  endloop
 endfacet
 facet normal 0.99998798 0.00021560312 -0.0048985163
  outer loop
   vertex -0.08840708 -0.0019856247 0.051464094
   vertex -0.088410451 -0.0019585544 0.050777089
   vertex -0.088410856 -0.0012871067 0.050723902
  endloop
 endfacet
 facet normal 0.99998798 0.00021560312 -0.0048985163
  outer loop
   vertex -0.08840708 -0.0019856247 0.051464094
   vertex -0.088410856 -0.0012871067 0.050723902
   vertex -0.088410661 -0.0012893917 0.051382478
  endloop
 endfacet
 facet normal 0.99999899 -0.00054444258 0.0013096248
  outer loop
   vertex -0.088411042 -0.00063338511 0.051358297
   vertex -0.088411824 -0.00062578058 0.051958639
   vertex -0.08841215 -0.0012563374 0.051944939
  endloop
 endfacet
 facet normal 0.99999899 -0.00054444258 0.0013096248
  outer loop
   vertex -0.088411042 -0.00063338511 0.051358297
   vertex -0.08841215 -0.0012563374 0.051944939
   vertex -0.088410661 -0.0012893917 0.051382478
  endloop
 endfacet
 facet normal -1 -0 0
  outer loop
   vertex -0.082410976 0.0027207253 0.051519407
   vertex -0.082410976 0.0019544498 0.051382598
   vertex -0.082410976 0.0019521961 0.051989234
  endloop
 endfacet
 facet normal -1 -0 0
  outer loop
   vertex -0.082410976 0.0027207253 0.051519407
   vertex -0.082410976 0.0019521961 0.051989234
   vertex -0.082410976 0.0023510096 0.051769257
  endloop
 endfacet
 facet normal -1 0 0
  outer loop
   vertex -0.082410976 0.0012764726 0.051336555
   vertex -0.082410976 0.0012361593 0.051916655
   vertex -0.082410976 0.0019521961 0.051989234
  endloop
 endfacet
 facet normal -1 0 0
  outer loop
   vertex -0.082410976 0.0012764726 0.051336555
   vertex -0.082410976 0.0019521961 0.051989234
   vertex -0.082410976 0.0019544498 0.051382598
  endloop
 endfacet
 facet normal -1 2.0726233e-14 4.2901273e-14
  outer loop
   vertex -0.082410976 0.0012780741 0.050038522
   vertex -0.082410976 0.00063604882 0.050025212
   vertex -0.082410976 0.00063730572 0.050671569
  endloop
 endfacet
 facet normal -1 2.0726233e-14 4.2901273e-14
  outer loop
   vertex -0.082410976 0.0012780741 0.050038522
   vertex -0.082410976 0.00063730572 0.050671569
   vertex -0.082410976 0.0012841422 0.050689717
  endloop
 endfacet
 facet normal -1 -2.1901316e-14 -2.1636001e-14
  outer loop
   vertex -0.082410976 2.3255248e-06 0.051314335
   vertex -0.082410976 0.00063132174 0.051319047
   vertex -0.082410976 0.00063730572 0.050671569
  endloop
 endfacet
 facet normal -1 -2.1901316e-14 -2.1636001e-14
  outer loop
   vertex -0.082410976 2.3255248e-06 0.051314335
   vertex -0.082410976 0.00063730572 0.050671569
   vertex -0.082410976 3.7015929e-06 0.050664047
  endloop
 endfacet
 facet normal -1 6.0176393e-16 -2.1447693e-14
  outer loop
   vertex -0.082410976 0.0012764726 0.051336555
   vertex -0.082410976 0.0012841422 0.050689717
   vertex -0.082410976 0.00063730572 0.050671569
  endloop
 endfacet
 facet normal -1 6.0176393e-16 -2.1447693e-14
  outer loop
   vertex -0.082410976 0.0012764726 0.051336555
   vertex -0.082410976 0.00063730572 0.050671569
   vertex -0.082410976 0.00063132174 0.051319047
  endloop
 endfacet
 facet normal -1 -1.1719084e-05 1.1303978e-05
  outer loop
   vertex -0.082410976 0.0027207253 0.051519407
   vertex -0.082410984 0.0026278625 0.050753383
   vertex -0.082410976 0.0019524062 0.050722873
  endloop
 endfacet
 facet normal -1 -1.1719084e-05 1.1303978e-05
  outer loop
   vertex -0.082410976 0.0027207253 0.051519407
   vertex -0.082410976 0.0019524062 0.050722873
   vertex -0.082410976 0.0019544498 0.051382598
  endloop
 endfacet
 facet normal -1 -2.1834389e-14 2.1514723e-14
  outer loop
   vertex -0.082410976 0.0012780741 0.050038522
   vertex -0.082410976 0.0012841422 0.050689717
   vertex -0.082410976 0.0019524062 0.050722873
  endloop
 endfacet
 facet normal -1 -2.1834389e-14 2.1514723e-14
  outer loop
   vertex -0.082410976 0.0012780741 0.050038522
   vertex -0.082410976 0.0019524062 0.050722873
   vertex -0.082410976 0.0019337649 0.050059839
  endloop
 endfacet
 facet normal -1 0 0
  outer loop
   vertex -0.082410976 0.0012764726 0.051336555
   vertex -0.082410976 0.0019544498 0.051382598
   vertex -0.082410976 0.0019524062 0.050722873
  endloop
 endfacet
 facet normal -1 0 0
  outer loop
   vertex -0.082410976 0.0012764726 0.051336555
   vertex -0.082410976 0.0019524062 0.050722873
   vertex -0.082410976 0.0012841422 0.050689717
  endloop
 endfacet
 facet normal -1 0 -0
  outer loop
   vertex -0.082410976 0.0010509267 0.052331173
   vertex -0.082410976 0.0012361593 0.051916655
   vertex -0.082410976 0.00061303251 0.051917421
  endloop
 endfacet
 facet normal -1 0 -0
  outer loop
   vertex -0.082410976 0.0010509267 0.052331173
   vertex -0.082410976 0.00061303251 0.051917421
   vertex -0.082410976 0.00057910867 0.052434957
  endloop
 endfacet
 facet normal -1 -3.4584793e-16 -2.2661104e-14
  outer loop
   vertex -0.082410976 2.3255248e-06 0.051314335
   vertex -0.082410976 -1.3335534e-06 0.051926797
   vertex -0.082410976 0.00061303251 0.051917421
  endloop
 endfacet
 facet normal -1 -3.4584793e-16 -2.2661104e-14
  outer loop
   vertex -0.082410976 2.3255248e-06 0.051314335
   vertex -0.082410976 0.00061303251 0.051917421
   vertex -0.082410976 0.00063132174 0.051319047
  endloop
 endfacet
 facet normal -1 -0 0
  outer loop
   vertex -0.082410976 0.0012764726 0.051336555
   vertex -0.082410976 0.00063132174 0.051319047
   vertex -0.082410976 0.00061303251 0.051917421
  endloop
 endfacet
 facet normal -1 -0 0
  outer loop
   vertex -0.082410976 0.0012764726 0.051336555
   vertex -0.082410976 0.00061303251 0.051917421
   vertex -0.082410976 0.0012361593 0.051916655
  endloop
 endfacet
 facet normal 0.99989742 0.0015631712 0.014237825
  outer loop
   vertex -0.088410687 0.0013059446 0.05195034
   vertex -0.088404235 0.0013790788 0.051489187
   vertex -0.088409947 0.0022147228 0.05179862
  endloop
 endfacet
 facet normal 0.99989742 0.0015631712 0.014237825
  outer loop
   vertex -0.088410687 0.0013059446 0.05195034
   vertex -0.088409947 0.0022147228 0.05179862
   vertex -0.088407589 0.0019974791 0.051967005
  endloop
 endfacet
 facet normal 0.99999863 -0.0015320825 -0.00062572881
  outer loop
   vertex -0.088410236 0.00067419534 0.051393077
   vertex -0.088410661 0.00066786648 0.050730164
   vertex -0.08840959 0.0013425944 0.050789395
  endloop
 endfacet
 facet normal 0.99999863 -0.0015320825 -0.00062572881
  outer loop
   vertex -0.088410236 0.00067419534 0.051393077
   vertex -0.08840959 0.0013425944 0.050789395
   vertex -0.088404235 0.0013790788 0.051489187
  endloop
 endfacet
 facet normal 0.9999932 -0.0026077622 0.0026075409
  outer loop
   vertex -0.08840959 0.0013425944 0.050789395
   vertex -0.088407996 0.0020351577 0.050870759
   vertex -0.088409947 0.0022147228 0.05179862
  endloop
 endfacet
 facet normal 0.9999932 -0.0026077622 0.0026075409
  outer loop
   vertex -0.08840959 0.0013425944 0.050789395
   vertex -0.088409947 0.0022147228 0.05179862
   vertex -0.088404235 0.0013790788 0.051489187
  endloop
 endfacet
 facet normal 0.99999396 -0.0018703346 0.00292902
  outer loop
   vertex -0.088410687 0.0013059446 0.05195034
   vertex -0.088411952 0.00064290955 0.051958624
   vertex -0.088410236 0.00067419534 0.051393077
  endloop
 endfacet
 facet normal 0.99999396 -0.0018703346 0.00292902
  outer loop
   vertex -0.088410687 0.0013059446 0.05195034
   vertex -0.088410236 0.00067419534 0.051393077
   vertex -0.088404235 0.0013790788 0.051489187
  endloop
 endfacet
 facet normal -1 0 0
  outer loop
   vertex -0.082410976 -0.0025042379 0.038750303
   vertex -0.082410976 -0.0025049826 0.038125344
   vertex -0.082410976 -0.0031388923 0.038125952
  endloop
 endfacet
 facet normal -1 0 0
  outer loop
   vertex -0.082410976 -0.0025042379 0.038750303
   vertex -0.082410976 -0.0031388923 0.038125952
   vertex -0.082410976 -0.0031368299 0.038750836
  endloop
 endfacet
 facet normal -1 4.3367518e-09 2.1487823e-06
  outer loop
   vertex -0.082410978 -0.0037875628 0.03750244
   vertex -0.082410976 -0.0037831647 0.038127252
   vertex -0.082410976 -0.0031388923 0.038125952
  endloop
 endfacet
 facet normal -1 4.3367518e-09 2.1487823e-06
  outer loop
   vertex -0.082410978 -0.0037875628 0.03750244
   vertex -0.082410976 -0.0031388923 0.038125952
   vertex -0.082410976 -0.0031407205 0.037501017
  endloop
 endfacet
 facet normal -1 0 0
  outer loop
   vertex -0.082410976 -0.0037782348 0.038751959
   vertex -0.082410976 -0.0031368299 0.038750836
   vertex -0.082410976 -0.0031388923 0.038125952
  endloop
 endfacet
 facet normal -1 0 0
  outer loop
   vertex -0.082410976 -0.0037782348 0.038751959
   vertex -0.082410976 -0.0031388923 0.038125952
   vertex -0.082410976 -0.0037831647 0.038127252
  endloop
 endfacet
 facet normal -1 5.8713305e-17 2.2214968e-14
  outer loop
   vertex -0.082410976 -0.0037681089 0.040001348
   vertex -0.082410976 -0.0037731488 0.039376657
   vertex -0.082410976 -0.0044176715 0.03937836
  endloop
 endfacet
 facet normal -1 5.8713305e-17 2.2214968e-14
  outer loop
   vertex -0.082410976 -0.0037681089 0.040001348
   vertex -0.082410976 -0.0044176715 0.03937836
   vertex -0.082410976 -0.0044075475 0.040002778
  endloop
 endfacet
 facet normal -1 2.2148716e-14 -2.2813146e-14
  outer loop
   vertex -0.082410976 -0.0050581071 0.038756577
   vertex -0.082410976 -0.0050415699 0.039380957
   vertex -0.082410976 -0.0044176715 0.03937836
  endloop
 endfacet
 facet normal -1 2.2148716e-14 -2.2813146e-14
  outer loop
   vertex -0.082410976 -0.0050581071 0.038756577
   vertex -0.082410976 -0.0044176715 0.03937836
   vertex -0.082410976 -0.004427968 0.038753886
  endloop
 endfacet
 facet normal -1 0 0
  outer loop
   vertex -0.082410976 -0.0037782348 0.038751959
   vertex -0.082410976 -0.004427968 0.038753886
   vertex -0.082410976 -0.0044176715 0.03937836
  endloop
 endfacet
 facet normal -1 0 0
  outer loop
   vertex -0.082410976 -0.0037782348 0.038751959
   vertex -0.082410976 -0.0044176715 0.03937836
   vertex -0.082410976 -0.0037731488 0.039376657
  endloop
 endfacet
 facet normal -1 0 0
  outer loop
   vertex -0.082410976 -0.0025042379 0.038750303
   vertex -0.082410976 -0.0031368299 0.038750836
   vertex -0.082410976 -0.0031346894 0.039375702
  endloop
 endfacet
 facet normal -1 0 0
  outer loop
   vertex -0.082410976 -0.0025042379 0.038750303
   vertex -0.082410976 -0.0031346894 0.039375702
   vertex -0.082410976 -0.0025034625 0.039375253
  endloop
 endfacet
 facet normal -1 -2.1835538e-14 7.4695635e-17
  outer loop
   vertex -0.082410976 -0.0037681089 0.040001348
   vertex -0.082410976 -0.0031325519 0.040000563
   vertex -0.082410976 -0.0031346894 0.039375702
  endloop
 endfacet
 facet normal -1 -2.1835538e-14 7.4695635e-17
  outer loop
   vertex -0.082410976 -0.0037681089 0.040001348
   vertex -0.082410976 -0.0031346894 0.039375702
   vertex -0.082410976 -0.0037731488 0.039376657
  endloop
 endfacet
 facet normal -1 0 0
  outer loop
   vertex -0.082410976 -0.0037782348 0.038751959
   vertex -0.082410976 -0.0037731488 0.039376657
   vertex -0.082410976 -0.0031346894 0.039375702
  endloop
 endfacet
 facet normal -1 0 0
  outer loop
   vertex -0.082410976 -0.0037782348 0.038751959
   vertex -0.082410976 -0.0031346894 0.039375702
   vertex -0.082410976 -0.0031368299 0.038750836
  endloop
 endfacet
 facet normal -1 9.2440955e-06 1.1730033e-05
  outer loop
   vertex -0.082410978 -0.0037875628 0.03750244
   vertex -0.082410984 -0.0044472659 0.037505071
   vertex -0.082410976 -0.00443812 0.038129584
  endloop
 endfacet
 facet normal -1 9.2440955e-06 1.1730033e-05
  outer loop
   vertex -0.082410978 -0.0037875628 0.03750244
   vertex -0.082410976 -0.00443812 0.038129584
   vertex -0.082410976 -0.0037831647 0.038127252
  endloop
 endfacet
 facet normal -1 0 0
  outer loop
   vertex -0.082410976 -0.0050581071 0.038756577
   vertex -0.082410976 -0.004427968 0.038753886
   vertex -0.082410976 -0.00443812 0.038129584
  endloop
 endfacet
 facet normal -1 0 0
  outer loop
   vertex -0.082410976 -0.0050581071 0.038756577
   vertex -0.082410976 -0.00443812 0.038129584
   vertex -0.082410976 -0.0050760653 0.038133164
  endloop
 endfacet
 facet normal -1 0 0
  outer loop
   vertex -0.082410976 -0.0037782348 0.038751959
   vertex -0.082410976 -0.0037831647 0.038127252
   vertex -0.082410976 -0.00443812 0.038129584
  endloop
 endfacet
 facet normal -1 0 0
  outer loop
   vertex -0.082410976 -0.0037782348 0.038751959
   vertex -0.082410976 -0.00443812 0.038129584
   vertex -0.082410976 -0.004427968 0.038753886
  endloop
 endfacet
 facet normal -1 2.1814432e-14 -1.1932129e-17
  outer loop
   vertex -0.082410976 -0.0025062112 0.036250285
   vertex -0.082410976 -0.0031423855 0.036250809
   vertex -0.082410976 -0.0031420435 0.036875984
  endloop
 endfacet
 facet normal -1 2.1814432e-14 -1.1932129e-17
  outer loop
   vertex -0.082410976 -0.0025062112 0.036250285
   vertex -0.082410976 -0.0031420435 0.036875984
   vertex -0.082410976 -0.0025061069 0.036875349
  endloop
 endfacet
 facet normal -1 2.0756183e-06 -4.3934464e-09
  outer loop
   vertex -0.082410978 -0.0037875628 0.03750244
   vertex -0.082410976 -0.0031407205 0.037501017
   vertex -0.082410976 -0.0031420435 0.036875984
  endloop
 endfacet
 facet normal -1 2.0756183e-06 -4.3934464e-09
  outer loop
   vertex -0.082410978 -0.0037875628 0.03750244
   vertex -0.082410976 -0.0031420435 0.036875984
   vertex -0.082410983 -0.003790858 0.036877403
  endloop
 endfacet
 facet normal -1 1.026243e-05 1.7727242e-05
  outer loop
   vertex -0.082410994 -0.003791937 0.036252006
   vertex -0.082410983 -0.003790858 0.036877403
   vertex -0.082410976 -0.0031420435 0.036875984
  endloop
 endfacet
 facet normal -1 1.026243e-05 1.7727242e-05
  outer loop
   vertex -0.082410994 -0.003791937 0.036252006
   vertex -0.082410976 -0.0031420435 0.036875984
   vertex -0.082410976 -0.0031423855 0.036250809
  endloop
 endfacet
 facet normal -0.99999996 0.00027882473 -7.4707806e-05
  outer loop
   vertex -0.082411005 -0.0037813781 0.035000396
   vertex -0.082411189 -0.0044399711 0.034999998
   vertex -0.08241124 -0.004454692 0.035627097
  endloop
 endfacet
 facet normal -0.99999996 0.00027882473 -7.4707806e-05
  outer loop
   vertex -0.082411005 -0.0037813781 0.035000396
   vertex -0.08241124 -0.004454692 0.035627097
   vertex -0.082411008 -0.0037891695 0.035626229
  endloop
 endfacet
 facet normal -0.99999952 0.0009574036 0.00023042962
  outer loop
   vertex -0.082411729 -0.005117803 0.036258345
   vertex -0.082411098 -0.004458155 0.036254217
   vertex -0.08241124 -0.004454692 0.035627097
  endloop
 endfacet
 facet normal -0.99999952 0.0009574036 0.00023042962
  outer loop
   vertex -0.082411729 -0.005117803 0.036258345
   vertex -0.08241124 -0.004454692 0.035627097
   vertex -0.082413029 -0.0051247664 0.035627622
  endloop
 endfacet
 facet normal -0.99999994 0.00034754006 2.4407165e-05
  outer loop
   vertex -0.082410994 -0.003791937 0.036252006
   vertex -0.082411008 -0.0037891695 0.035626229
   vertex -0.08241124 -0.004454692 0.035627097
  endloop
 endfacet
 facet normal -0.99999994 0.00034754006 2.4407165e-05
  outer loop
   vertex -0.082410994 -0.003791937 0.036252006
   vertex -0.08241124 -0.004454692 0.035627097
   vertex -0.082411098 -0.004458155 0.036254217
  endloop
 endfacet
 facet normal -1 1.1374015e-17 2.2200726e-14
  outer loop
   vertex -0.082410976 -0.0025062112 0.036250285
   vertex -0.082410976 -0.0025057468 0.035625179
   vertex -0.082410976 -0.0031411346 0.035625505
  endloop
 endfacet
 facet normal -1 1.1374015e-17 2.2200726e-14
  outer loop
   vertex -0.082410976 -0.0025062112 0.036250285
   vertex -0.082410976 -0.0031411346 0.035625505
   vertex -0.082410976 -0.0031423855 0.036250809
  endloop
 endfacet
 facet normal -1 4.9440451e-05 -4.6278568e-06
  outer loop
   vertex -0.082411005 -0.0037813781 0.035000396
   vertex -0.082411008 -0.0037891695 0.035626229
   vertex -0.082410976 -0.0031411346 0.035625505
  endloop
 endfacet
 facet normal -1 4.9440451e-05 -4.6278568e-06
  outer loop
   vertex -0.082411005 -0.0037813781 0.035000396
   vertex -0.082410976 -0.0031411346 0.035625505
   vertex -0.082410976 -0.0031379518 0.035000197
  endloop
 endfacet
 facet normal -1 2.7297236e-05 5.46087e-08
  outer loop
   vertex -0.082410994 -0.003791937 0.036252006
   vertex -0.082410976 -0.0031423855 0.036250809
   vertex -0.082410976 -0.0031411346 0.035625505
  endloop
 endfacet
 facet normal -1 2.7297236e-05 5.46087e-08
  outer loop
   vertex -0.082410994 -0.003791937 0.036252006
   vertex -0.082410976 -0.0031411346 0.035625505
   vertex -0.082411008 -0.0037891695 0.035626229
  endloop
 endfacet
 facet normal -1 4.7976054e-05 8.2116183e-06
  outer loop
   vertex -0.082410978 -0.0037875628 0.03750244
   vertex -0.082410983 -0.003790858 0.036877403
   vertex -0.082411015 -0.004454564 0.036880124
  endloop
 endfacet
 facet normal -1 4.7976054e-05 8.2116183e-06
  outer loop
   vertex -0.082410978 -0.0037875628 0.03750244
   vertex -0.082411015 -0.004454564 0.036880124
   vertex -0.082410984 -0.0044472659 0.037505071
  endloop
 endfacet
 facet normal -0.99999956 0.0002176027 0.00091664052
  outer loop
   vertex -0.082411729 -0.005117803 0.036258345
   vertex -0.082411153 -0.0051070355 0.03688454
   vertex -0.082411015 -0.004454564 0.036880124
  endloop
 endfacet
 facet normal -0.99999956 0.0002176027 0.00091664052
  outer loop
   vertex -0.082411729 -0.005117803 0.036258345
   vertex -0.082411015 -0.004454564 0.036880124
   vertex -0.082411098 -0.004458155 0.036254217
  endloop
 endfacet
 facet normal -0.99999998 0.00015713818 0.00013278068
  outer loop
   vertex -0.082410994 -0.003791937 0.036252006
   vertex -0.082411098 -0.004458155 0.036254217
   vertex -0.082411015 -0.004454564 0.036880124
  endloop
 endfacet
 facet normal -0.99999998 0.00015713818 0.00013278068
  outer loop
   vertex -0.082410994 -0.003791937 0.036252006
   vertex -0.082411015 -0.004454564 0.036880124
   vertex -0.082410983 -0.003790858 0.036877403
  endloop
 endfacet
 facet normal -1 0 0
  outer loop
   vertex -0.082410976 0.0024994933 0.038749792
   vertex -0.082410976 0.0031198648 0.038749523
   vertex -0.082410976 0.0031105422 0.038125088
  endloop
 endfacet
 facet normal -1 0 0
  outer loop
   vertex -0.082410976 0.0024994933 0.038749792
   vertex -0.082410976 0.0031105422 0.038125088
   vertex -0.082410976 0.002494997 0.038125071
  endloop
 endfacet
 facet normal -1 -2.4364138e-14 3.2554807e-16
  outer loop
   vertex -0.082410976 0.0036718069 0.03750135
   vertex -0.082410976 0.0031021986 0.037500653
   vertex -0.082410976 0.0031105422 0.038125088
  endloop
 endfacet
 facet normal -1 -2.4364138e-14 3.2554807e-16
  outer loop
   vertex -0.082410976 0.0036718069 0.03750135
   vertex -0.082410976 0.0031105422 0.038125088
   vertex -0.082410976 0.0036883964 0.038125348
  endloop
 endfacet
 facet normal -1 2.4016372e-14 -6.6854343e-16
  outer loop
   vertex -0.082410976 0.0037057664 0.03874934
   vertex -0.082410976 0.0036883964 0.038125348
   vertex -0.082410976 0.0031105422 0.038125088
  endloop
 endfacet
 facet normal -1 2.4016372e-14 -6.6854343e-16
  outer loop
   vertex -0.082410976 0.0037057664 0.03874934
   vertex -0.082410976 0.0031105422 0.038125088
   vertex -0.082410976 0.0031198648 0.038749523
  endloop
 endfacet
 facet normal -1 0 0
  outer loop
   vertex -0.082410976 0.003741141 0.039997274
   vertex -0.082410976 0.0043513527 0.03999214
   vertex -0.082410976 0.0043186875 0.039368852
  endloop
 endfacet
 facet normal -1 0 0
  outer loop
   vertex -0.082410976 0.003741141 0.039997274
   vertex -0.082410976 0.0043186875 0.039368852
   vertex -0.082410976 0.0037234031 0.039373319
  endloop
 endfacet
 facet normal -1 -1.6683727e-16 -2.223608e-14
  outer loop
   vertex -0.082410976 0.0037057664 0.03874934
   vertex -0.082410976 0.0037234031 0.039373319
   vertex -0.082410976 0.0043186875 0.039368852
  endloop
 endfacet
 facet normal -1 -1.6683727e-16 -2.223608e-14
  outer loop
   vertex -0.082410976 0.0037057664 0.03874934
   vertex -0.082410976 0.0043186875 0.039368852
   vertex -0.082410976 0.0042860224 0.038745564
  endloop
 endfacet
 facet normal -1 -2.2193943e-14 1.6834276e-16
  outer loop
   vertex -0.082410976 0.0024994933 0.038749792
   vertex -0.082410976 0.0025042318 0.039374508
   vertex -0.082410976 0.0031295238 0.039373949
  endloop
 endfacet
 facet normal -1 -2.2193943e-14 1.6834276e-16
  outer loop
   vertex -0.082410976 0.0024994933 0.038749792
   vertex -0.082410976 0.0031295238 0.039373949
   vertex -0.082410976 0.0031198648 0.038749523
  endloop
 endfacet
 facet normal -1 2.3367323e-14 -6.6429108e-16
  outer loop
   vertex -0.082410976 0.003741141 0.039997274
   vertex -0.082410976 0.0037234031 0.039373319
   vertex -0.082410976 0.0031295238 0.039373949
  endloop
 endfacet
 facet normal -1 2.3367323e-14 -6.6429108e-16
  outer loop
   vertex -0.082410976 0.003741141 0.039997274
   vertex -0.082410976 0.0031295238 0.039373949
   vertex -0.082410976 0.0031393138 0.039998362
  endloop
 endfacet
 facet normal -1 2.3679142e-14 -2.2591141e-14
  outer loop
   vertex -0.082410976 0.0037057664 0.03874934
   vertex -0.082410976 0.0031198648 0.038749523
   vertex -0.082410976 0.0031295238 0.039373949
  endloop
 endfacet
 facet normal -1 2.3679142e-14 -2.2591141e-14
  outer loop
   vertex -0.082410976 0.0037057664 0.03874934
   vertex -0.082410976 0.0031295238 0.039373949
   vertex -0.082410976 0.0037234031 0.039373319
  endloop
 endfacet
 facet normal -1 2.4182288e-16 4.4473827e-14
  outer loop
   vertex -0.082410976 0.0036718069 0.03750135
   vertex -0.082410976 0.0036883964 0.038125348
   vertex -0.082410976 0.0042533573 0.038122276
  endloop
 endfacet
 facet normal -1 2.4182288e-16 4.4473827e-14
  outer loop
   vertex -0.082410976 0.0036718069 0.03750135
   vertex -0.082410976 0.0042533573 0.038122276
   vertex -0.082410976 0.0042206921 0.037498988
  endloop
 endfacet
 facet normal -1 -2.4053339e-14 -2.1004865e-14
  outer loop
   vertex -0.082410976 0.0037057664 0.03874934
   vertex -0.082410976 0.0042860224 0.038745564
   vertex -0.082410976 0.0042533573 0.038122276
  endloop
 endfacet
 facet normal -1 -2.4053339e-14 -2.1004865e-14
  outer loop
   vertex -0.082410976 0.0037057664 0.03874934
   vertex -0.082410976 0.0042533573 0.038122276
   vertex -0.082410976 0.0036883964 0.038125348
  endloop
 endfacet
 facet normal -1 4.0027531e-05 -2.4523762e-05
  outer loop
   vertex -0.082410955 0.0024919661 0.036250916
   vertex -0.082410971 0.0024893675 0.036875635
   vertex -0.082410946 0.0030965616 0.03687623
  endloop
 endfacet
 facet normal -1 4.0027531e-05 -2.4523762e-05
  outer loop
   vertex -0.082410955 0.0024919661 0.036250916
   vertex -0.082410946 0.0030965616 0.03687623
   vertex -0.082410834 0.0030976692 0.036251851
  endloop
 endfacet
 facet normal -0.99999998 0.00011175996 -0.00015090072
  outer loop
   vertex -0.082410976 0.0036718069 0.03750135
   vertex -0.082410884 0.0036574988 0.036877366
   vertex -0.082410946 0.0030965616 0.03687623
  endloop
 endfacet
 facet normal -0.99999998 0.00011175996 -0.00015090072
  outer loop
   vertex -0.082410976 0.0036718069 0.03750135
   vertex -0.082410946 0.0030965616 0.03687623
   vertex -0.082410976 0.0031021986 0.037500653
  endloop
 endfacet
 facet normal -0.99999969 0.00076911344 -0.00017806597
  outer loop
   vertex -0.08241041 0.0036496613 0.036253457
   vertex -0.082410834 0.0030976692 0.036251851
   vertex -0.082410946 0.0030965616 0.03687623
  endloop
 endfacet
 facet normal -0.99999969 0.00076911344 -0.00017806597
  outer loop
   vertex -0.08241041 0.0036496613 0.036253457
   vertex -0.082410946 0.0030965616 0.03687623
   vertex -0.082410884 0.0036574988 0.036877366
  endloop
 endfacet
 facet normal -0.99996643 -0.0075434476 -0.0031991783
  outer loop
   vertex -0.082407027 0.0037157222 0.035018101
   vertex -0.08240856 0.0036587725 0.035631544
   vertex -0.082412064 0.004122887 0.035632532
  endloop
 endfacet
 facet normal -0.99996643 -0.0075434476 -0.0031991783
  outer loop
   vertex -0.082407027 0.0037157222 0.035018101
   vertex -0.082412064 0.004122887 0.035632532
   vertex -0.082417741 0.0040917516 0.035036679
  endloop
 endfacet
 facet normal -0.99999773 -0.0014724023 0.0015414512
  outer loop
   vertex -0.08241041 0.0036496613 0.036253457
   vertex -0.082411156 0.0041553628 0.036252412
   vertex -0.082412064 0.004122887 0.035632532
  endloop
 endfacet
 facet normal -0.99999773 -0.0014724023 0.0015414512
  outer loop
   vertex -0.08241041 0.0036496613 0.036253457
   vertex -0.082412064 0.004122887 0.035632532
   vertex -0.08240856 0.0036587725 0.035631544
  endloop
 endfacet
 facet normal -0.9999999 0.00020019842 -0.00038811564
  outer loop
   vertex -0.082410955 0.0024919661 0.036250916
   vertex -0.082410834 0.0030976692 0.036251851
   vertex -0.082410589 0.0031133192 0.035627884
  endloop
 endfacet
 facet normal -0.9999999 0.00020019842 -0.00038811564
  outer loop
   vertex -0.082410955 0.0024919661 0.036250916
   vertex -0.082410589 0.0031133192 0.035627884
   vertex -0.082410947 0.0025030971 0.035626095
  endloop
 endfacet
 facet normal -0.99997301 0.0072304528 0.0013011639
  outer loop
   vertex -0.082407027 0.0037157222 0.035018101
   vertex -0.08241109 0.0031564529 0.035003314
   vertex -0.082410589 0.0031133192 0.035627884
  endloop
 endfacet
 facet normal -0.99997301 0.0072304528 0.0013011639
  outer loop
   vertex -0.082407027 0.0037157222 0.035018101
   vertex -0.082410589 0.0031133192 0.035627884
   vertex -0.08240856 0.0036587725 0.035631544
  endloop
 endfacet
 facet normal -0.99998874 0.0037400304 -0.002920497
  outer loop
   vertex -0.08241041 0.0036496613 0.036253457
   vertex -0.08240856 0.0036587725 0.035631544
   vertex -0.082410589 0.0031133192 0.035627884
  endloop
 endfacet
 facet normal -0.99998874 0.0037400304 -0.002920497
  outer loop
   vertex -0.08241041 0.0036496613 0.036253457
   vertex -0.082410589 0.0031133192 0.035627884
   vertex -0.082410834 0.0030976692 0.036251851
  endloop
 endfacet
 facet normal -1 1.7908017e-07 4.1608444e-05
  outer loop
   vertex -0.082410976 0.0036718069 0.03750135
   vertex -0.082410976 0.0042206921 0.037498988
   vertex -0.082411002 0.004188027 0.0368757
  endloop
 endfacet
 facet normal -1 1.7908017e-07 4.1608444e-05
  outer loop
   vertex -0.082410976 0.0036718069 0.03750135
   vertex -0.082411002 0.004188027 0.0368757
   vertex -0.082410884 0.0036574988 0.036877366
  endloop
 endfacet
 facet normal -0.99999969 -0.0002257388 -0.00075652598
  outer loop
   vertex -0.08241041 0.0036496613 0.036253457
   vertex -0.082410884 0.0036574988 0.036877366
   vertex -0.082411002 0.004188027 0.0368757
  endloop
 endfacet
 facet normal -0.99999969 -0.0002257388 -0.00075652598
  outer loop
   vertex -0.08241041 0.0036496613 0.036253457
   vertex -0.082411002 0.004188027 0.0368757
   vertex -0.082411156 0.0041553628 0.036252412
  endloop
 endfacet
 facet normal -1 -2.2140157e-14 -4.4345594e-14
  outer loop
   vertex -0.082410976 -0.0025011668 0.041250104
   vertex -0.082410976 -0.0031283754 0.041250301
   vertex -0.082410976 -0.0031263461 0.04187518
  endloop
 endfacet
 facet normal -1 -2.2140157e-14 -4.4345594e-14
  outer loop
   vertex -0.082410976 -0.0025011668 0.041250104
   vertex -0.082410976 -0.0031263461 0.04187518
   vertex -0.082410976 -0.0025004321 0.041875061
  endloop
 endfacet
 facet normal -1 -2.2223788e-14 6.8950699e-17
  outer loop
   vertex -0.082410976 -0.0037488635 0.042500178
   vertex -0.082410976 -0.0031244074 0.042500067
   vertex -0.082410976 -0.0031263461 0.04187518
  endloop
 endfacet
 facet normal -1 -2.2223788e-14 6.8950699e-17
  outer loop
   vertex -0.082410976 -0.0037488635 0.042500178
   vertex -0.082410976 -0.0031263461 0.04187518
   vertex -0.082410976 -0.0037534894 0.041875451
  endloop
 endfacet
 facet normal -1 -2.2128503e-14 1.6984495e-16
  outer loop
   vertex -0.082410976 -0.0037582843 0.041250738
   vertex -0.082410976 -0.0037534894 0.041875451
   vertex -0.082410976 -0.0031263461 0.04187518
  endloop
 endfacet
 facet normal -1 -2.2128503e-14 1.6984495e-16
  outer loop
   vertex -0.082410976 -0.0037582843 0.041250738
   vertex -0.082410976 -0.0031263461 0.04187518
   vertex -0.082410976 -0.0031283754 0.041250301
  endloop
 endfacet
 facet normal -1 4.3454305e-14 2.1533858e-14
  outer loop
   vertex -0.082410976 -0.0037681089 0.040001348
   vertex -0.082410976 -0.0044075475 0.040002778
   vertex -0.082410976 -0.0043975915 0.040627151
  endloop
 endfacet
 facet normal -1 4.3454305e-14 2.1533858e-14
  outer loop
   vertex -0.082410976 -0.0037681089 0.040001348
   vertex -0.082410976 -0.0043975915 0.040627151
   vertex -0.082410976 -0.0037631597 0.040626037
  endloop
 endfacet
 facet normal -1 4.6254377e-14 2.1495751e-14
  outer loop
   vertex -0.082410976 -0.0049882698 0.041252561
   vertex -0.082410976 -0.0043877343 0.041251546
   vertex -0.082410976 -0.0043975915 0.040627151
  endloop
 endfacet
 facet normal -1 4.6254377e-14 2.1495751e-14
  outer loop
   vertex -0.082410976 -0.0049882698 0.041252561
   vertex -0.082410976 -0.0043975915 0.040627151
   vertex -0.082410976 -0.0050060322 0.04062865
  endloop
 endfacet
 facet normal -1 2.1835073e-14 -2.2385516e-14
  outer loop
   vertex -0.082410976 -0.0037582843 0.041250738
   vertex -0.082410976 -0.0037631597 0.040626037
   vertex -0.082410976 -0.0043975915 0.040627151
  endloop
 endfacet
 facet normal -1 2.1835073e-14 -2.2385516e-14
  outer loop
   vertex -0.082410976 -0.0037582843 0.041250738
   vertex -0.082410976 -0.0043975915 0.040627151
   vertex -0.082410976 -0.0043877343 0.041251546
  endloop
 endfacet
 facet normal -1 0 0
  outer loop
   vertex -0.082410976 -0.0025011668 0.041250104
   vertex -0.082410976 -0.0025019193 0.040625151
   vertex -0.082410976 -0.0031304464 0.040625428
  endloop
 endfacet
 facet normal -1 0 0
  outer loop
   vertex -0.082410976 -0.0025011668 0.041250104
   vertex -0.082410976 -0.0031304464 0.040625428
   vertex -0.082410976 -0.0031283754 0.041250301
  endloop
 endfacet
 facet normal -1 -2.1933602e-14 1.7377209e-16
  outer loop
   vertex -0.082410976 -0.0037681089 0.040001348
   vertex -0.082410976 -0.0037631597 0.040626037
   vertex -0.082410976 -0.0031304464 0.040625428
  endloop
 endfacet
 facet normal -1 -2.1933602e-14 1.7377209e-16
  outer loop
   vertex -0.082410976 -0.0037681089 0.040001348
   vertex -0.082410976 -0.0031304464 0.040625428
   vertex -0.082410976 -0.0031325519 0.040000563
  endloop
 endfacet
 facet normal -1 2.2046773e-14 2.2135929e-14
  outer loop
   vertex -0.082410976 -0.0037582843 0.041250738
   vertex -0.082410976 -0.0031283754 0.041250301
   vertex -0.082410976 -0.0031304464 0.040625428
  endloop
 endfacet
 facet normal -1 2.2046773e-14 2.2135929e-14
  outer loop
   vertex -0.082410976 -0.0037582843 0.041250738
   vertex -0.082410976 -0.0031304464 0.040625428
   vertex -0.082410976 -0.0037631597 0.040626037
  endloop
 endfacet
 facet normal -1 -2.2222075e-14 1.6454763e-16
  outer loop
   vertex -0.082410976 -0.0037488635 0.042500178
   vertex -0.082410976 -0.0037534894 0.041875451
   vertex -0.082410976 -0.0043779902 0.041875965
  endloop
 endfacet
 facet normal -1 -2.2222075e-14 1.6454763e-16
  outer loop
   vertex -0.082410976 -0.0037488635 0.042500178
   vertex -0.082410976 -0.0043779902 0.041875965
   vertex -0.082410976 -0.004368484 0.042500404
  endloop
 endfacet
 facet normal -1 2.3439738e-14 2.1576363e-14
  outer loop
   vertex -0.082410976 -0.0049882698 0.041252561
   vertex -0.082410976 -0.0049705658 0.041876522
   vertex -0.082410976 -0.0043779902 0.041875965
  endloop
 endfacet
 facet normal -1 2.3439738e-14 2.1576363e-14
  outer loop
   vertex -0.082410976 -0.0049882698 0.041252561
   vertex -0.082410976 -0.0043779902 0.041875965
   vertex -0.082410976 -0.0043877343 0.041251546
  endloop
 endfacet
 facet normal -1 -2.204704e-14 3.4404763e-16
  outer loop
   vertex -0.082410976 -0.0037582843 0.041250738
   vertex -0.082410976 -0.0043877343 0.041251546
   vertex -0.082410976 -0.0043779902 0.041875965
  endloop
 endfacet
 facet normal -1 -2.204704e-14 3.4404763e-16
  outer loop
   vertex -0.082410976 -0.0037582843 0.041250738
   vertex -0.082410976 -0.0043779902 0.041875965
   vertex -0.082410976 -0.0037534894 0.041875451
  endloop
 endfacet
 facet normal -1 0 0
  outer loop
   vertex -0.082410976 -0.0037488635 0.042500178
   vertex -0.082410976 -0.0037447112 0.043124926
   vertex -0.082410976 -0.0031227245 0.043124965
  endloop
 endfacet
 facet normal -1 0 0
  outer loop
   vertex -0.082410976 -0.0037488635 0.042500178
   vertex -0.082410976 -0.0031227245 0.043124965
   vertex -0.082410976 -0.0031244074 0.042500067
  endloop
 endfacet
 facet normal -1 0 0
  outer loop
   vertex -0.082410976 -0.002498855 0.043749962
   vertex -0.082410976 -0.002499149 0.043124987
   vertex -0.082410976 -0.0031227245 0.043124965
  endloop
 endfacet
 facet normal -1 0 0
  outer loop
   vertex -0.082410976 -0.002498855 0.043749962
   vertex -0.082410976 -0.0031227245 0.043124965
   vertex -0.082410976 -0.0031217266 0.043749886
  endloop
 endfacet
 facet normal -1 4.4752667e-14 2.2135824e-14
  outer loop
   vertex -0.082410976 -0.0037418415 0.043749715
   vertex -0.082410976 -0.0031217266 0.043749886
   vertex -0.082410976 -0.0031227245 0.043124965
  endloop
 endfacet
 facet normal -1 4.4752667e-14 2.2135824e-14
  outer loop
   vertex -0.082410976 -0.0037418415 0.043749715
   vertex -0.082410976 -0.0031227245 0.043124965
   vertex -0.082410976 -0.0037447112 0.043124926
  endloop
 endfacet
 facet normal -1 0 0
  outer loop
   vertex -0.082410976 -0.0049206705 0.043748627
   vertex -0.082410976 -0.0049097569 0.044372867
   vertex -0.082410976 -0.0043501532 0.044374041
  endloop
 endfacet
 facet normal -1 0 0
  outer loop
   vertex -0.082410976 -0.0049206705 0.043748627
   vertex -0.082410976 -0.0043501532 0.044374041
   vertex -0.082410976 -0.0043525962 0.043749399
  endloop
 endfacet
 facet normal -1 -1.9267084e-08 2.1332186e-05
  outer loop
   vertex -0.082410963 -0.0037483812 0.044999643
   vertex -0.082410976 -0.0037420274 0.04437459
   vertex -0.082410976 -0.0043501532 0.044374041
  endloop
 endfacet
 facet normal -1 -1.9267084e-08 2.1332186e-05
  outer loop
   vertex -0.082410963 -0.0037483812 0.044999643
   vertex -0.082410976 -0.0043501532 0.044374041
   vertex -0.082410899 -0.0043580835 0.044998922
  endloop
 endfacet
 facet normal -1 -2.2722406e-14 8.8868662e-17
  outer loop
   vertex -0.082410976 -0.0037418415 0.043749715
   vertex -0.082410976 -0.0043525962 0.043749399
   vertex -0.082410976 -0.0043501532 0.044374041
  endloop
 endfacet
 facet normal -1 -2.2722406e-14 8.8868662e-17
  outer loop
   vertex -0.082410976 -0.0037418415 0.043749715
   vertex -0.082410976 -0.0043501532 0.044374041
   vertex -0.082410976 -0.0037420274 0.04437459
  endloop
 endfacet
 facet normal -1 0 0
  outer loop
   vertex -0.082410976 -0.0037488635 0.042500178
   vertex -0.082410976 -0.004368484 0.042500404
   vertex -0.082410976 -0.0043596338 0.043124874
  endloop
 endfacet
 facet normal -1 0 0
  outer loop
   vertex -0.082410976 -0.0037488635 0.042500178
   vertex -0.082410976 -0.0043596338 0.043124874
   vertex -0.082410976 -0.0037447112 0.043124926
  endloop
 endfacet
 facet normal -1 0 0
  outer loop
   vertex -0.082410976 -0.0049206705 0.043748627
   vertex -0.082410976 -0.0043525962 0.043749399
   vertex -0.082410976 -0.0043596338 0.043124874
  endloop
 endfacet
 facet normal -1 0 0
  outer loop
   vertex -0.082410976 -0.0049206705 0.043748627
   vertex -0.082410976 -0.0043596338 0.043124874
   vertex -0.082410976 -0.0049360699 0.043124538
  endloop
 endfacet
 facet normal -1 1.8858865e-18 -2.2211962e-14
  outer loop
   vertex -0.082410976 -0.0037418415 0.043749715
   vertex -0.082410976 -0.0037447112 0.043124926
   vertex -0.082410976 -0.0043596338 0.043124874
  endloop
 endfacet
 facet normal -1 1.8858865e-18 -2.2211962e-14
  outer loop
   vertex -0.082410976 -0.0037418415 0.043749715
   vertex -0.082410976 -0.0043596338 0.043124874
   vertex -0.082410976 -0.0043525962 0.043749399
  endloop
 endfacet
 facet normal -1 -2.2277635e-14 -2.2226306e-14
  outer loop
   vertex -0.082410976 -0.002498855 0.043749962
   vertex -0.082410976 -0.0031217266 0.043749886
   vertex -0.082410976 -0.0031223052 0.044374852
  endloop
 endfacet
 facet normal -1 -2.2277635e-14 -2.2226306e-14
  outer loop
   vertex -0.082410976 -0.002498855 0.043749962
   vertex -0.082410976 -0.0031223052 0.044374852
   vertex -0.082410976 -0.0024992263 0.044374955
  endloop
 endfacet
 facet normal -1 -1.9778974e-05 1.5216909e-06
  outer loop
   vertex -0.082410963 -0.0037483812 0.044999643
   vertex -0.082410975 -0.0031258741 0.044999914
   vertex -0.082410976 -0.0031223052 0.044374852
  endloop
 endfacet
 facet normal -1 -1.9778974e-05 1.5216909e-06
  outer loop
   vertex -0.082410963 -0.0037483812 0.044999643
   vertex -0.082410976 -0.0031223052 0.044374852
   vertex -0.082410976 -0.0037420274 0.04437459
  endloop
 endfacet
 facet normal -1 -9.3831463e-18 2.2208912e-14
  outer loop
   vertex -0.082410976 -0.0037418415 0.043749715
   vertex -0.082410976 -0.0037420274 0.04437459
   vertex -0.082410976 -0.0031223052 0.044374852
  endloop
 endfacet
 facet normal -1 -9.3831463e-18 2.2208912e-14
  outer loop
   vertex -0.082410976 -0.0037418415 0.043749715
   vertex -0.082410976 -0.0031223052 0.044374852
   vertex -0.082410976 -0.0031217266 0.043749886
  endloop
 endfacet
 facet normal -1 -6.0620168e-17 -2.2215077e-14
  outer loop
   vertex -0.082410976 0.0025188936 0.041248601
   vertex -0.082410976 0.0025239289 0.041873289
   vertex -0.082410976 0.0031692569 0.041871528
  endloop
 endfacet
 facet normal -1 -6.0620168e-17 -2.2215077e-14
  outer loop
   vertex -0.082410976 0.0025188936 0.041248601
   vertex -0.082410976 0.0031692569 0.041871528
   vertex -0.082410976 0.003159142 0.04124712
  endloop
 endfacet
 facet normal -1 2.2099883e-14 -2.2808113e-14
  outer loop
   vertex -0.082410976 0.0038108667 0.042493214
   vertex -0.082410976 0.0037944325 0.041868832
   vertex -0.082410976 0.0031692569 0.041871528
  endloop
 endfacet
 facet normal -1 2.2099883e-14 -2.2808113e-14
  outer loop
   vertex -0.082410976 0.0038108667 0.042493214
   vertex -0.082410976 0.0031692569 0.041871528
   vertex -0.082410976 0.0031795248 0.042496
  endloop
 endfacet
 facet normal -1 0 0
  outer loop
   vertex -0.082410976 0.0037766453 0.041244978
   vertex -0.082410976 0.003159142 0.04124712
   vertex -0.082410976 0.0031692569 0.041871528
  endloop
 endfacet
 facet normal -1 0 0
  outer loop
   vertex -0.082410976 0.0037766453 0.041244978
   vertex -0.082410976 0.0031692569 0.041871528
   vertex -0.082410976 0.0037944325 0.041868832
  endloop
 endfacet
 facet normal -1 0 0
  outer loop
   vertex -0.082410976 0.003741141 0.039997274
   vertex -0.082410976 0.0037589124 0.04062118
   vertex -0.082410976 0.0043840178 0.040615428
  endloop
 endfacet
 facet normal -1 0 0
  outer loop
   vertex -0.082410976 0.003741141 0.039997274
   vertex -0.082410976 0.0043840178 0.040615428
   vertex -0.082410976 0.0043513527 0.03999214
  endloop
 endfacet
 facet normal -1 0 0
  outer loop
   vertex -0.082410976 0.0037766453 0.041244978
   vertex -0.082410976 0.004416683 0.041238716
   vertex -0.082410976 0.0043840178 0.040615428
  endloop
 endfacet
 facet normal -1 0 0
  outer loop
   vertex -0.082410976 0.0037766453 0.041244978
   vertex -0.082410976 0.0043840178 0.040615428
   vertex -0.082410976 0.0037589124 0.04062118
  endloop
 endfacet
 facet normal -1 -2.1674831e-14 3.4567581e-16
  outer loop
   vertex -0.082410976 0.0025188936 0.041248601
   vertex -0.082410976 0.003159142 0.04124712
   vertex -0.082410976 0.0031491844 0.040622753
  endloop
 endfacet
 facet normal -1 -2.1674831e-14 3.4567581e-16
  outer loop
   vertex -0.082410976 0.0025188936 0.041248601
   vertex -0.082410976 0.0031491844 0.040622753
   vertex -0.082410976 0.0025139436 0.040623915
  endloop
 endfacet
 facet normal -1 2.3098929e-14 2.186096e-14
  outer loop
   vertex -0.082410976 0.003741141 0.039997274
   vertex -0.082410976 0.0031393138 0.039998362
   vertex -0.082410976 0.0031491844 0.040622753
  endloop
 endfacet
 facet normal -1 2.3098929e-14 2.186096e-14
  outer loop
   vertex -0.082410976 0.003741141 0.039997274
   vertex -0.082410976 0.0031491844 0.040622753
   vertex -0.082410976 0.0037589124 0.04062118
  endloop
 endfacet
 facet normal -1 0 0
  outer loop
   vertex -0.082410976 0.0037766453 0.041244978
   vertex -0.082410976 0.0037589124 0.04062118
   vertex -0.082410976 0.0031491844 0.040622753
  endloop
 endfacet
 facet normal -1 0 0
  outer loop
   vertex -0.082410976 0.0037766453 0.041244978
   vertex -0.082410976 0.0031491844 0.040622753
   vertex -0.082410976 0.003159142 0.04124712
  endloop
 endfacet
 facet normal -1 2.6264416e-16 2.2251682e-14
  outer loop
   vertex -0.082410976 0.0038108667 0.042493214
   vertex -0.082410976 0.0044820133 0.042485293
   vertex -0.082410976 0.0044493481 0.041862005
  endloop
 endfacet
 facet normal -1 2.6264416e-16 2.2251682e-14
  outer loop
   vertex -0.082410976 0.0038108667 0.042493214
   vertex -0.082410976 0.0044493481 0.041862005
   vertex -0.082410976 0.0037944325 0.041868832
  endloop
 endfacet
 facet normal -1 -4.213595e-14 2.3446601e-14
  outer loop
   vertex -0.082410976 0.0037766453 0.041244978
   vertex -0.082410976 0.0037944325 0.041868832
   vertex -0.082410976 0.0044493481 0.041862005
  endloop
 endfacet
 facet normal -1 -4.213595e-14 2.3446601e-14
  outer loop
   vertex -0.082410976 0.0037766453 0.041244978
   vertex -0.082410976 0.0044493481 0.041862005
   vertex -0.082410976 0.004416683 0.041238716
  endloop
 endfacet
 facet normal -1 0 0
  outer loop
   vertex -0.082410976 0.0038108667 0.042493214
   vertex -0.082410976 0.0031795248 0.042496
   vertex -0.082410976 0.0031896568 0.043120298
  endloop
 endfacet
 facet normal -1 0 0
  outer loop
   vertex -0.082410976 0.0038108667 0.042493214
   vertex -0.082410976 0.0031896568 0.043120298
   vertex -0.082410976 0.0038288131 0.043116649
  endloop
 endfacet
 facet normal -1 -1.0735269e-05 -1.3627728e-05
  outer loop
   vertex -0.082410978 0.0025382688 0.043747484
   vertex -0.082410985 0.0031987426 0.04374479
   vertex -0.082410976 0.0031896568 0.043120298
  endloop
 endfacet
 facet normal -1 -1.0735269e-05 -1.3627728e-05
  outer loop
   vertex -0.082410978 0.0025382688 0.043747484
   vertex -0.082410976 0.0031896568 0.043120298
   vertex -0.082410976 0.0025339168 0.043122686
  endloop
 endfacet
 facet normal -1 -3.0522331e-07 -5.3452428e-05
  outer loop
   vertex -0.08241101 0.003845168 0.043740666
   vertex -0.082410976 0.0038288131 0.043116649
   vertex -0.082410976 0.0031896568 0.043120298
  endloop
 endfacet
 facet normal -1 -3.0522331e-07 -5.3452428e-05
  outer loop
   vertex -0.08241101 0.003845168 0.043740666
   vertex -0.082410976 0.0031896568 0.043120298
   vertex -0.082410985 0.0031987426 0.04374479
  endloop
 endfacet
 facet normal -0.99999939 0.0010979701 -0.00010630504
  outer loop
   vertex -0.082411829 0.0038696939 0.044991237
   vertex -0.082411013 0.0046110221 0.044977383
   vertex -0.082410982 0.0045797642 0.04435517
  endloop
 endfacet
 facet normal -0.99999939 0.0010979701 -0.00010630504
  outer loop
   vertex -0.082411829 0.0038696939 0.044991237
   vertex -0.082410982 0.0045797642 0.04435517
   vertex -0.082411174 0.0038595137 0.044365188
  endloop
 endfacet
 facet normal -0.99999993 0.00026339068 -0.00026931992
  outer loop
   vertex -0.08241101 0.003845168 0.043740666
   vertex -0.082411174 0.0038595137 0.044365188
   vertex -0.082410982 0.0045797642 0.04435517
  endloop
 endfacet
 facet normal -0.99999993 0.00026339068 -0.00026931992
  outer loop
   vertex -0.08241101 0.003845168 0.043740666
   vertex -0.082410982 0.0045797642 0.04435517
   vertex -0.082410977 0.0045473117 0.04373187
  endloop
 endfacet
 facet normal -1 0 0
  outer loop
   vertex -0.082410976 0.0038108667 0.042493214
   vertex -0.082410976 0.0038288131 0.043116649
   vertex -0.082410976 0.0045146784 0.043108581
  endloop
 endfacet
 facet normal -1 0 0
  outer loop
   vertex -0.082410976 0.0038108667 0.042493214
   vertex -0.082410976 0.0045146784 0.043108581
   vertex -0.082410976 0.0044820133 0.042485293
  endloop
 endfacet
 facet normal -1 4.6440797e-05 -3.5875426e-06
  outer loop
   vertex -0.08241101 0.003845168 0.043740666
   vertex -0.082410977 0.0045473117 0.04373187
   vertex -0.082410976 0.0045146784 0.043108581
  endloop
 endfacet
 facet normal -1 4.6440797e-05 -3.5875426e-06
  outer loop
   vertex -0.08241101 0.003845168 0.043740666
   vertex -0.082410976 0.0045146784 0.043108581
   vertex -0.082410976 0.0038288131 0.043116649
  endloop
 endfacet
 facet normal -1 -5.5794095e-05 -9.6912915e-06
  outer loop
   vertex -0.082410978 0.0025382688 0.043747484
   vertex -0.082410984 0.0025414522 0.044372501
   vertex -0.082411021 0.0032058659 0.044369698
  endloop
 endfacet
 facet normal -1 -5.5794095e-05 -9.6912915e-06
  outer loop
   vertex -0.082410978 0.0025382688 0.043747484
   vertex -0.082411021 0.0032058659 0.044369698
   vertex -0.082410985 0.0031987426 0.04374479
  endloop
 endfacet
 facet normal -0.99999943 -0.00024117664 -0.0010420797
  outer loop
   vertex -0.082411829 0.0038696939 0.044991237
   vertex -0.082411174 0.0038595137 0.044365188
   vertex -0.082411021 0.0032058659 0.044369698
  endloop
 endfacet
 facet normal -0.99999943 -0.00024117664 -0.0010420797
  outer loop
   vertex -0.082411829 0.0038696939 0.044991237
   vertex -0.082411021 0.0032058659 0.044369698
   vertex -0.082411123 0.0032091324 0.04499558
  endloop
 endfacet
 facet normal -1 -3.8658026e-05 -5.7526906e-05
  outer loop
   vertex -0.08241101 0.003845168 0.043740666
   vertex -0.082410985 0.0031987426 0.04374479
   vertex -0.082411021 0.0032058659 0.044369698
  endloop
 endfacet
 facet normal -1 -3.8658026e-05 -5.7526906e-05
  outer loop
   vertex -0.08241101 0.003845168 0.043740666
   vertex -0.082411021 0.0032058659 0.044369698
   vertex -0.082411174 0.0038595137 0.044365188
  endloop
 endfacet
 facet normal -1.2344178e-16 0.99862953 -0.052335952
  outer loop
   vertex -0.087679475 -0.0060551029 0.032498367
   vertex -0.087683861 -0.0060878972 0.031872613
   vertex -0.088410981 -0.0060873723 0.031882629
  endloop
 endfacet
 facet normal -1.2344178e-16 0.99862953 -0.052335952
  outer loop
   vertex -0.087679475 -0.0060551029 0.032498367
   vertex -0.088410981 -0.0060873723 0.031882629
   vertex -0.088410981 -0.0060544624 0.032510588
  endloop
 endfacet
 facet normal 7.4836715e-17 0.99862953 -0.052335952
  outer loop
   vertex -0.087682378 -0.0061206657 0.031247353
   vertex -0.088410981 -0.0061202221 0.031255818
   vertex -0.088410981 -0.0060873723 0.031882629
  endloop
 endfacet
 facet normal 7.4836715e-17 0.99862953 -0.052335952
  outer loop
   vertex -0.087682378 -0.0061206657 0.031247353
   vertex -0.088410981 -0.0060873723 0.031882629
   vertex -0.087683861 -0.0060878972 0.031872613
  endloop
 endfacet
 facet normal 1 -0 0
  outer loop
   vertex -0.088410981 -0.0061528872 0.030632531
   vertex -0.088410981 -0.0055817679 0.030627183
   vertex -0.088410981 -0.0056222457 0.031253805
  endloop
 endfacet
 facet normal 1 -0 0
  outer loop
   vertex -0.088410981 -0.0061528872 0.030632531
   vertex -0.088410981 -0.0056222457 0.031253805
   vertex -0.088410981 -0.0061202221 0.031255818
  endloop
 endfacet
 facet normal 1 0 0
  outer loop
   vertex -0.088410981 -0.0060873723 0.031882629
   vertex -0.088410981 -0.0061202221 0.031255818
   vertex -0.088410981 -0.0056222457 0.031253805
  endloop
 endfacet
 facet normal 1 0 0
  outer loop
   vertex -0.088410981 -0.0060873723 0.031882629
   vertex -0.088410981 -0.0056222457 0.031253805
   vertex -0.088410981 -0.0056903715 0.031880663
  endloop
 endfacet
 facet normal -3.057327e-18 0.99862953 -0.052335952
  outer loop
   vertex -0.087679475 -0.0060551029 0.032498367
   vertex -0.088410981 -0.0060544624 0.032510588
   vertex -0.088410981 -0.0060217973 0.033133876
  endloop
 endfacet
 facet normal -3.057327e-18 0.99862953 -0.052335952
  outer loop
   vertex -0.087679475 -0.0060551029 0.032498367
   vertex -0.088410981 -0.0060217973 0.033133876
   vertex -0.08766067 -0.0060223074 0.033124141
  endloop
 endfacet
 facet normal 2.4852821e-16 0.99862953 -0.052335952
  outer loop
   vertex -0.087586362 -0.0059898559 0.033743355
   vertex -0.08766067 -0.0060223074 0.033124141
   vertex -0.088410981 -0.0060217973 0.033133876
  endloop
 endfacet
 facet normal 2.4852821e-16 0.99862953 -0.052335952
  outer loop
   vertex -0.087586362 -0.0059898559 0.033743355
   vertex -0.088410981 -0.0060217973 0.033133876
   vertex -0.088090945 -0.0059894863 0.033750406
  endloop
 endfacet
 facet normal -1 -8.1534325e-07 -4.6889242e-10
  outer loop
   vertex -0.082410976 -0.0037471162 0.032499829
   vertex -0.082410976 -0.0031241533 0.032499943
   vertex -0.082410976 -0.0031237938 0.031874943
  endloop
 endfacet
 facet normal -1 -8.1534325e-07 -4.6889242e-10
  outer loop
   vertex -0.082410976 -0.0037471162 0.032499829
   vertex -0.082410976 -0.0031237938 0.031874943
   vertex -0.082410976 -0.0037465581 0.031874865
  endloop
 endfacet
 facet normal -1 0 0
  outer loop
   vertex -0.082410976 -0.0024997059 0.031249899
   vertex -0.082410976 -0.003124094 0.031249903
   vertex -0.082410976 -0.0031237938 0.031874943
  endloop
 endfacet
 facet normal -1 0 0
  outer loop
   vertex -0.082410976 -0.0024997059 0.031249899
   vertex -0.082410976 -0.0031237938 0.031874943
   vertex -0.082410976 -0.0024996263 0.03187497
  endloop
 endfacet
 facet normal -1 0 0
  outer loop
   vertex -0.082410976 -0.0037475624 0.031249893
   vertex -0.082410976 -0.0037465581 0.031874865
   vertex -0.082410976 -0.0031237938 0.031874943
  endloop
 endfacet
 facet normal -1 0 0
  outer loop
   vertex -0.082410976 -0.0037475624 0.031249893
   vertex -0.082410976 -0.0031237938 0.031874943
   vertex -0.082410976 -0.003124094 0.031249903
  endloop
 endfacet
 facet normal -1 0 0
  outer loop
   vertex -0.082410976 -0.004983852 0.031249798
   vertex -0.082410976 -0.0043693246 0.031249857
   vertex -0.082410976 -0.0043734813 0.03062492
  endloop
 endfacet
 facet normal -1 0 0
  outer loop
   vertex -0.082410976 -0.004983852 0.031249798
   vertex -0.082410976 -0.0043734813 0.03062492
   vertex -0.082410976 -0.0049926982 0.030625194
  endloop
 endfacet
 facet normal -1 0 0
  outer loop
   vertex -0.082410976 -0.0037512377 0.029998972
   vertex -0.082410976 -0.0043781141 0.029999485
   vertex -0.082410976 -0.0043734813 0.03062492
  endloop
 endfacet
 facet normal -1 0 0
  outer loop
   vertex -0.082410976 -0.0037512377 0.029998972
   vertex -0.082410976 -0.0043734813 0.03062492
   vertex -0.082410976 -0.0037492575 0.030624753
  endloop
 endfacet
 facet normal -1 0 0
  outer loop
   vertex -0.082410976 -0.0037475624 0.031249893
   vertex -0.082410976 -0.0037492575 0.030624753
   vertex -0.082410976 -0.0043734813 0.03062492
  endloop
 endfacet
 facet normal -1 0 0
  outer loop
   vertex -0.082410976 -0.0037475624 0.031249893
   vertex -0.082410976 -0.0043734813 0.03062492
   vertex -0.082410976 -0.0043693246 0.031249857
  endloop
 endfacet
 facet normal -1 -2.3634645e-10 8.1273244e-07
  outer loop
   vertex -0.082410976 -0.0037471162 0.032499829
   vertex -0.082410976 -0.0037465581 0.031874865
   vertex -0.082410976 -0.0043664492 0.031874684
  endloop
 endfacet
 facet normal -1 -2.3634645e-10 8.1273244e-07
  outer loop
   vertex -0.082410976 -0.0037471162 0.032499829
   vertex -0.082410976 -0.0043664492 0.031874684
   vertex -0.082410971 -0.0043666103 0.032499551
  endloop
 endfacet
 facet normal -1 0 0
  outer loop
   vertex -0.082410976 -0.004983852 0.031249798
   vertex -0.082410976 -0.0049768118 0.031874349
   vertex -0.082410976 -0.0043664492 0.031874684
  endloop
 endfacet
 facet normal -1 0 0
  outer loop
   vertex -0.082410976 -0.004983852 0.031249798
   vertex -0.082410976 -0.0043664492 0.031874684
   vertex -0.082410976 -0.0043693246 0.031249857
  endloop
 endfacet
 facet normal -1 -0 0
  outer loop
   vertex -0.082410976 -0.0037475624 0.031249893
   vertex -0.082410976 -0.0043693246 0.031249857
   vertex -0.082410976 -0.0043664492 0.031874684
  endloop
 endfacet
 facet normal -1 -0 0
  outer loop
   vertex -0.082410976 -0.0037475624 0.031249893
   vertex -0.082410976 -0.0043664492 0.031874684
   vertex -0.082410976 -0.0037465581 0.031874865
  endloop
 endfacet
 facet normal -1 0 0
  outer loop
   vertex -0.082410976 -0.0024997059 0.031249899
   vertex -0.082410976 -0.002499905 0.03062457
   vertex -0.082410976 -0.0031246991 0.030624646
  endloop
 endfacet
 facet normal -1 0 0
  outer loop
   vertex -0.082410976 -0.0024997059 0.031249899
   vertex -0.082410976 -0.0031246991 0.030624646
   vertex -0.082410976 -0.003124094 0.031249903
  endloop
 endfacet
 facet normal -1 0 0
  outer loop
   vertex -0.082410976 -0.0037512377 0.029998972
   vertex -0.082410976 -0.0037492575 0.030624753
   vertex -0.082410976 -0.0031246991 0.030624646
  endloop
 endfacet
 facet normal -1 0 0
  outer loop
   vertex -0.082410976 -0.0037512377 0.029998972
   vertex -0.082410976 -0.0031246991 0.030624646
   vertex -0.082410976 -0.0031254616 0.029998615
  endloop
 endfacet
 facet normal -1 0 0
  outer loop
   vertex -0.082410976 -0.0037475624 0.031249893
   vertex -0.082410976 -0.003124094 0.031249903
   vertex -0.082410976 -0.0031246991 0.030624646
  endloop
 endfacet
 facet normal -1 0 0
  outer loop
   vertex -0.082410976 -0.0037475624 0.031249893
   vertex -0.082410976 -0.0031246991 0.030624646
   vertex -0.082410976 -0.0037492575 0.030624753
  endloop
 endfacet
 facet normal -1 2.2192033e-14 3.9742541e-17
  outer loop
   vertex -0.082410976 -0.002501472 0.033749998
   vertex -0.082410976 -0.0025003527 0.033124988
   vertex -0.082410976 -0.0031257026 0.033124951
  endloop
 endfacet
 facet normal -1 2.2192033e-14 3.9742541e-17
  outer loop
   vertex -0.082410976 -0.002501472 0.033749998
   vertex -0.082410976 -0.0031257026 0.033124951
   vertex -0.082410976 -0.0031288647 0.033749982
  endloop
 endfacet
 facet normal -1 -2.833859e-06 2.0045173e-06
  outer loop
   vertex -0.082410976 -0.0037471162 0.032499829
   vertex -0.082410975 -0.0037506009 0.03312484
   vertex -0.082410976 -0.0031257026 0.033124951
  endloop
 endfacet
 facet normal -1 -2.833859e-06 2.0045173e-06
  outer loop
   vertex -0.082410976 -0.0037471162 0.032499829
   vertex -0.082410976 -0.0031257026 0.033124951
   vertex -0.082410976 -0.0031241533 0.032499943
  endloop
 endfacet
 facet normal -1 -2.3528413e-06 -1.1903204e-08
  outer loop
   vertex -0.082410975 -0.0037582785 0.033749921
   vertex -0.082410976 -0.0031288647 0.033749982
   vertex -0.082410976 -0.0031257026 0.033124951
  endloop
 endfacet
 facet normal -1 -2.3528413e-06 -1.1903204e-08
  outer loop
   vertex -0.082410975 -0.0037582785 0.033749921
   vertex -0.082410976 -0.0031257026 0.033124951
   vertex -0.082410975 -0.0037506009 0.03312484
  endloop
 endfacet
 facet normal -1 2.2155539e-05 -3.1759564e-05
  outer loop
   vertex -0.082411005 -0.0037813781 0.035000396
   vertex -0.082410985 -0.003769714 0.034375083
   vertex -0.082410999 -0.0044144202 0.034374992
  endloop
 endfacet
 facet normal -1 2.2155539e-05 -3.1759564e-05
  outer loop
   vertex -0.082411005 -0.0037813781 0.035000396
   vertex -0.082410999 -0.0044144202 0.034374992
   vertex -0.082411189 -0.0044399711 0.034999998
  endloop
 endfacet
 facet normal -0.99999988 -0.00028625554 -0.00040065246
  outer loop
   vertex -0.082410578 -0.0050096531 0.033748684
   vertex -0.082410813 -0.0050636887 0.034374928
   vertex -0.082410999 -0.0044144202 0.034374992
  endloop
 endfacet
 facet normal -0.99999988 -0.00028625554 -0.00040065246
  outer loop
   vertex -0.082410578 -0.0050096531 0.033748684
   vertex -0.082410999 -0.0044144202 0.034374992
   vertex -0.082410936 -0.0043888104 0.033749735
  endloop
 endfacet
 facet normal -0.99999999 -6.0932327e-05 -0.00010300435
  outer loop
   vertex -0.082410975 -0.0037582785 0.033749921
   vertex -0.082410936 -0.0043888104 0.033749735
   vertex -0.082410999 -0.0044144202 0.034374992
  endloop
 endfacet
 facet normal -0.99999999 -6.0932327e-05 -0.00010300435
  outer loop
   vertex -0.082410975 -0.0037582785 0.033749921
   vertex -0.082410999 -0.0044144202 0.034374992
   vertex -0.082410985 -0.003769714 0.034375083
  endloop
 endfacet
 facet normal -1 -0 0
  outer loop
   vertex -0.082410976 -0.002501472 0.033749998
   vertex -0.082410976 -0.0031288647 0.033749982
   vertex -0.082410976 -0.0031333748 0.034375048
  endloop
 endfacet
 facet normal -1 -0 0
  outer loop
   vertex -0.082410976 -0.002501472 0.033749998
   vertex -0.082410976 -0.0031333748 0.034375048
   vertex -0.082410976 -0.0025030355 0.034375021
  endloop
 endfacet
 facet normal -1 4.4699884e-05 3.2726548e-07
  outer loop
   vertex -0.082411005 -0.0037813781 0.035000396
   vertex -0.082410976 -0.0031379518 0.035000197
   vertex -0.082410976 -0.0031333748 0.034375048
  endloop
 endfacet
 facet normal -1 4.4699884e-05 3.2726548e-07
  outer loop
   vertex -0.082411005 -0.0037813781 0.035000396
   vertex -0.082410976 -0.0031333748 0.034375048
   vertex -0.082410985 -0.003769714 0.034375083
  endloop
 endfacet
 facet normal -1 1.3581369e-05 -1.5945493e-05
  outer loop
   vertex -0.082410975 -0.0037582785 0.033749921
   vertex -0.082410985 -0.003769714 0.034375083
   vertex -0.082410976 -0.0031333748 0.034375048
  endloop
 endfacet
 facet normal -1 1.3581369e-05 -1.5945493e-05
  outer loop
   vertex -0.082410975 -0.0037582785 0.033749921
   vertex -0.082410976 -0.0031333748 0.034375048
   vertex -0.082410976 -0.0031288647 0.033749982
  endloop
 endfacet
 facet normal -1 -7.8388164e-06 2.5493361e-05
  outer loop
   vertex -0.082410976 -0.0037471162 0.032499829
   vertex -0.082410971 -0.0043666103 0.032499551
   vertex -0.082410955 -0.00437286 0.033124539
  endloop
 endfacet
 facet normal -1 -7.8388164e-06 2.5493361e-05
  outer loop
   vertex -0.082410976 -0.0037471162 0.032499829
   vertex -0.082410955 -0.00437286 0.033124539
   vertex -0.082410975 -0.0037506009 0.03312484
  endloop
 endfacet
 facet normal -0.99999983 -0.00057742938 1.498835e-05
  outer loop
   vertex -0.082410578 -0.0050096531 0.033748684
   vertex -0.082410936 -0.0043888104 0.033749735
   vertex -0.082410955 -0.00437286 0.033124539
  endloop
 endfacet
 facet normal -0.99999983 -0.00057742938 1.498835e-05
  outer loop
   vertex -0.082410578 -0.0050096531 0.033748684
   vertex -0.082410955 -0.00437286 0.033124539
   vertex -0.082410841 -0.0049822115 0.033123813
  endloop
 endfacet
 facet normal -1 -3.1446822e-05 -8.4977081e-07
  outer loop
   vertex -0.082410975 -0.0037582785 0.033749921
   vertex -0.082410975 -0.0037506009 0.03312484
   vertex -0.082410955 -0.00437286 0.033124539
  endloop
 endfacet
 facet normal -1 -3.1446822e-05 -8.4977081e-07
  outer loop
   vertex -0.082410975 -0.0037582785 0.033749921
   vertex -0.082410955 -0.00437286 0.033124539
   vertex -0.082410936 -0.0043888104 0.033749735
  endloop
 endfacet
 facet normal -0.99999469 -0.0025020401 0.0020887017
  outer loop
   vertex -0.082411729 -0.005117803 0.036258345
   vertex -0.082413029 -0.0051247664 0.035627622
   vertex -0.082411069 -0.0058846445 0.035655618
  endloop
 endfacet
 facet normal -0.99999469 -0.0025020401 0.0020887017
  outer loop
   vertex -0.082411729 -0.005117803 0.036258345
   vertex -0.082411069 -0.0058846445 0.035655618
   vertex -0.082411001 -0.0058560617 0.036272357
  endloop
 endfacet
 facet normal -0.99999951 -0.0009852049 8.140749e-05
  outer loop
   vertex -0.082411729 -0.005117803 0.036258345
   vertex -0.082411001 -0.0058560617 0.036272357
   vertex -0.082410981 -0.0058244837 0.036894554
  endloop
 endfacet
 facet normal -0.99999951 -0.0009852049 8.140749e-05
  outer loop
   vertex -0.082411729 -0.005117803 0.036258345
   vertex -0.082410981 -0.0058244837 0.036894554
   vertex -0.082411153 -0.0051070355 0.03688454
  endloop
 endfacet
 facet normal 1 2.8856708e-17 2.2211761e-14
  outer loop
   vertex -0.088410981 -0.0031307714 0.038750593
   vertex -0.088410981 -0.0037658059 0.038751418
   vertex -0.088410981 -0.0037704823 0.03812663
  endloop
 endfacet
 facet normal 1 2.8856708e-17 2.2211761e-14
  outer loop
   vertex -0.088410981 -0.0031307714 0.038750593
   vertex -0.088410981 -0.0037704823 0.03812663
   vertex -0.088410981 -0.003132739 0.038125669
  endloop
 endfacet
 facet normal 1 -2.1790336e-14 3.321223e-16
  outer loop
   vertex -0.088410981 -0.0037611696 0.03937617
   vertex -0.088410981 -0.0043980286 0.039377427
   vertex -0.088410981 -0.0044075466 0.038752959
  endloop
 endfacet
 facet normal 1 -2.1790336e-14 3.321223e-16
  outer loop
   vertex -0.088410981 -0.0037611696 0.03937617
   vertex -0.088410981 -0.0044075466 0.038752959
   vertex -0.088410981 -0.0037658059 0.038751418
  endloop
 endfacet
 facet normal 1 5.3346949e-17 2.2211577e-14
  outer loop
   vertex -0.088410981 -0.0037704823 0.03812663
   vertex -0.088410981 -0.0037658059 0.038751418
   vertex -0.088410981 -0.0044075466 0.038752959
  endloop
 endfacet
 facet normal 1 5.3346949e-17 2.2211577e-14
  outer loop
   vertex -0.088410981 -0.0037704823 0.03812663
   vertex -0.088410981 -0.0044075466 0.038752959
   vertex -0.088410981 -0.0044171006 0.038128447
  endloop
 endfacet
 facet normal 1 2.1946939e-14 -6.7898374e-17
  outer loop
   vertex -0.088410981 -0.0031307714 0.038750593
   vertex -0.088410981 -0.0031288381 0.039375496
   vertex -0.088410981 -0.0037611696 0.03937617
  endloop
 endfacet
 facet normal 1 2.1946939e-14 -6.7898374e-17
  outer loop
   vertex -0.088410981 -0.0031307714 0.038750593
   vertex -0.088410981 -0.0037611696 0.03937617
   vertex -0.088410981 -0.0037658059 0.038751418
  endloop
 endfacet
 facet normal 1 0 0
  outer loop
   vertex -0.088410981 -0.0037792961 0.0368766
   vertex -0.088410981 -0.0037830002 0.036251116
   vertex -0.088410981 -0.0031381328 0.036250364
  endloop
 endfacet
 facet normal 1 0 0
  outer loop
   vertex -0.088410981 -0.0037792961 0.0368766
   vertex -0.088410981 -0.0031381328 0.036250364
   vertex -0.088410981 -0.0031364847 0.036875597
  endloop
 endfacet
 facet normal 1 -2.3972532e-17 -4.4268893e-14
  outer loop
   vertex -0.088410981 -0.0044427579 0.036252698
   vertex -0.088410981 -0.0044491008 0.035625724
   vertex -0.088410981 -0.0037862077 0.035625365
  endloop
 endfacet
 facet normal 1 -2.3972532e-17 -4.4268893e-14
  outer loop
   vertex -0.088410981 -0.0044427579 0.036252698
   vertex -0.088410981 -0.0037862077 0.035625365
   vertex -0.088410981 -0.0037830002 0.036251116
  endloop
 endfacet
 facet normal 1 -2.5877852e-17 -2.2177684e-14
  outer loop
   vertex -0.088410981 -0.0031381328 0.036250364
   vertex -0.088410981 -0.0037830002 0.036251116
   vertex -0.088410981 -0.0037862077 0.035625365
  endloop
 endfacet
 facet normal 1 -2.5877852e-17 -2.2177684e-14
  outer loop
   vertex -0.088410981 -0.0031381328 0.036250364
   vertex -0.088410981 -0.0037862077 0.035625365
   vertex -0.088410981 -0.0031396984 0.035625059
  endloop
 endfacet
 facet normal 1 7.0917631e-17 2.2168124e-14
  outer loop
   vertex -0.088410981 -0.0037792961 0.0368766
   vertex -0.088410981 -0.0044351509 0.036878698
   vertex -0.088410981 -0.0044427579 0.036252698
  endloop
 endfacet
 facet normal 1 7.0917631e-17 2.2168124e-14
  outer loop
   vertex -0.088410981 -0.0037792961 0.0368766
   vertex -0.088410981 -0.0044427579 0.036252698
   vertex -0.088410981 -0.0037830002 0.036251116
  endloop
 endfacet
 facet normal -1 0 0
  outer loop
   vertex -0.082410976 -0.004983852 0.031249798
   vertex -0.082410976 -0.0049926982 0.030625194
   vertex -0.082410976 -0.0055766261 0.030625343
  endloop
 endfacet
 facet normal -1 0 0
  outer loop
   vertex -0.082410976 -0.004983852 0.031249798
   vertex -0.082410976 -0.0055766261 0.030625343
   vertex -0.082410976 -0.0055596512 0.03124944
  endloop
 endfacet
 facet normal -1 0 0
  outer loop
   vertex -0.082410976 -0.0061857364 0.030005731
   vertex -0.082410976 -0.0061530712 0.030629019
   vertex -0.082410976 -0.0055766261 0.030625343
  endloop
 endfacet
 facet normal -1 0 0
  outer loop
   vertex -0.082410976 -0.0061857364 0.030005731
   vertex -0.082410976 -0.0055766261 0.030625343
   vertex -0.082410976 -0.005594084 0.03000108
  endloop
 endfacet
 facet normal -1 2.474496e-14 -6.7304448e-16
  outer loop
   vertex -0.082410976 -0.0061204061 0.031252307
   vertex -0.082410976 -0.0055596512 0.03124944
   vertex -0.082410976 -0.0055766261 0.030625343
  endloop
 endfacet
 facet normal -1 2.474496e-14 -6.7304448e-16
  outer loop
   vertex -0.082410976 -0.0061204061 0.031252307
   vertex -0.082410976 -0.0055766261 0.030625343
   vertex -0.082410976 -0.0061530712 0.030629019
  endloop
 endfacet
 facet normal -0.99999997 0.00021501262 0.0001357
  outer loop
   vertex -0.082411001 -0.0060550759 0.032498884
   vertex -0.082410889 -0.0055333307 0.032497783
   vertex -0.082410976 -0.0055442468 0.031873544
  endloop
 endfacet
 facet normal -0.99999997 0.00021501262 0.0001357
  outer loop
   vertex -0.082411001 -0.0060550759 0.032498884
   vertex -0.082410976 -0.0055442468 0.031873544
   vertex -0.082410976 -0.006087741 0.031875595
  endloop
 endfacet
 facet normal -1 -1.3812567e-17 2.2236707e-14
  outer loop
   vertex -0.082410976 -0.004983852 0.031249798
   vertex -0.082410976 -0.0055596512 0.03124944
   vertex -0.082410976 -0.0055442468 0.031873544
  endloop
 endfacet
 facet normal -1 -1.3812567e-17 2.2236707e-14
  outer loop
   vertex -0.082410976 -0.004983852 0.031249798
   vertex -0.082410976 -0.0055442468 0.031873544
   vertex -0.082410976 -0.0049768118 0.031874349
  endloop
 endfacet
 facet normal -1 2.5613371e-14 2.0923107e-14
  outer loop
   vertex -0.082410976 -0.0061204061 0.031252307
   vertex -0.082410976 -0.006087741 0.031875595
   vertex -0.082410976 -0.0055442468 0.031873544
  endloop
 endfacet
 facet normal -1 2.5613371e-14 2.0923107e-14
  outer loop
   vertex -0.082410976 -0.0061204061 0.031252307
   vertex -0.082410976 -0.0055442468 0.031873544
   vertex -0.082410976 -0.0055596512 0.03124944
  endloop
 endfacet
 facet normal -0.99999406 -0.0032690399 0.0010919125
  outer loop
   vertex -0.082410578 -0.0050096531 0.033748684
   vertex -0.082408742 -0.0055720002 0.033746621
   vertex -0.08240769 -0.0056865597 0.034366589
  endloop
 endfacet
 facet normal -0.99999406 -0.0032690399 0.0010919125
  outer loop
   vertex -0.082410578 -0.0050096531 0.033748684
   vertex -0.08240769 -0.0056865597 0.034366589
   vertex -0.082410813 -0.0050636887 0.034374928
  endloop
 endfacet
 facet normal -0.9975385 0.067505537 0.018972215
  outer loop
   vertex -0.082416157 -0.0059344336 0.034803407
   vertex -0.082411064 -0.005919074 0.035016537
   vertex -0.08240769 -0.0056865597 0.034366589
  endloop
 endfacet
 facet normal -0.9975385 0.067505537 0.018972215
  outer loop
   vertex -0.082416157 -0.0059344336 0.034803407
   vertex -0.08240769 -0.0056865597 0.034366589
   vertex -0.08241435 -0.0059587331 0.034337901
  endloop
 endfacet
 facet normal -0.99967076 0.025046945 -0.0055688684
  outer loop
   vertex -0.082411812 -0.0059899321 0.033742051
   vertex -0.08241435 -0.0059587331 0.034337901
   vertex -0.08240769 -0.0056865597 0.034366589
  endloop
 endfacet
 facet normal -0.99967076 0.025046945 -0.0055688684
  outer loop
   vertex -0.082411812 -0.0059899321 0.033742051
   vertex -0.08240769 -0.0056865597 0.034366589
   vertex -0.082408742 -0.0055720002 0.033746621
  endloop
 endfacet
 facet normal -0.99999892 0.0014390792 -0.0002983935
  outer loop
   vertex -0.082411001 -0.0060550759 0.032498884
   vertex -0.08241114 -0.0060224117 0.033122172
   vertex -0.082410439 -0.0055349462 0.033122408
  endloop
 endfacet
 facet normal -0.99999892 0.0014390792 -0.0002983935
  outer loop
   vertex -0.082411001 -0.0060550759 0.032498884
   vertex -0.082410439 -0.0055349462 0.033122408
   vertex -0.082410889 -0.0055333307 0.032497783
  endloop
 endfacet
 facet normal -0.99999966 -0.00072866317 0.00038909706
  outer loop
   vertex -0.082410578 -0.0050096531 0.033748684
   vertex -0.082410841 -0.0049822115 0.033123813
   vertex -0.082410439 -0.0055349462 0.033122408
  endloop
 endfacet
 facet normal -0.99999966 -0.00072866317 0.00038909706
  outer loop
   vertex -0.082410578 -0.0050096531 0.033748684
   vertex -0.082410439 -0.0055349462 0.033122408
   vertex -0.082408742 -0.0055720002 0.033746621
  endloop
 endfacet
 facet normal -0.9999683 0.0073121403 0.0031526169
  outer loop
   vertex -0.082411812 -0.0059899321 0.033742051
   vertex -0.082408742 -0.0055720002 0.033746621
   vertex -0.082410439 -0.0055349462 0.033122408
  endloop
 endfacet
 facet normal -0.9999683 0.0073121403 0.0031526169
  outer loop
   vertex -0.082411812 -0.0059899321 0.033742051
   vertex -0.082410439 -0.0055349462 0.033122408
   vertex -0.08241114 -0.0060224117 0.033122172
  endloop
 endfacet
 facet normal 1 0 0
  outer loop
   vertex -0.088410981 -0.0031289331 0.031250387
   vertex -0.088410981 -0.0031328917 0.031875536
   vertex -0.088410981 -0.0037685409 0.031876256
  endloop
 endfacet
 facet normal 1 0 0
  outer loop
   vertex -0.088410981 -0.0031289331 0.031250387
   vertex -0.088410981 -0.0037685409 0.031876256
   vertex -0.088410981 -0.0037590096 0.031250889
  endloop
 endfacet
 facet normal 1 0 0
  outer loop
   vertex -0.088410981 -0.0037526218 0.030625548
   vertex -0.088410981 -0.0037590096 0.031250889
   vertex -0.088410981 -0.0043921299 0.031251662
  endloop
 endfacet
 facet normal 1 0 0
  outer loop
   vertex -0.088410981 -0.0037526218 0.030625548
   vertex -0.088410981 -0.0043921299 0.031251662
   vertex -0.088410981 -0.0043791792 0.030626049
  endloop
 endfacet
 facet normal 1 0 0
  outer loop
   vertex -0.088410981 -0.0037685409 0.031876256
   vertex -0.088410981 -0.0044120188 0.03187743
   vertex -0.088410981 -0.0043921299 0.031251662
  endloop
 endfacet
 facet normal 1 0 0
  outer loop
   vertex -0.088410981 -0.0037685409 0.031876256
   vertex -0.088410981 -0.0043921299 0.031251662
   vertex -0.088410981 -0.0037590096 0.031250889
  endloop
 endfacet
 facet normal 1 0 0
  outer loop
   vertex -0.088410981 -0.0031289331 0.031250387
   vertex -0.088410981 -0.0037590096 0.031250889
   vertex -0.088410981 -0.0037526218 0.030625548
  endloop
 endfacet
 facet normal 1 0 0
  outer loop
   vertex -0.088410981 -0.0031289331 0.031250387
   vertex -0.088410981 -0.0037526218 0.030625548
   vertex -0.088410981 -0.0031262225 0.030625191
  endloop
 endfacet
 facet normal 1 -2.1372201e-14 -7.0633104e-17
  outer loop
   vertex -0.088410981 -0.0037911594 0.033126839
   vertex -0.088410981 -0.0031418174 0.033125688
   vertex -0.088410981 -0.0031438823 0.033750502
  endloop
 endfacet
 facet normal 1 -2.1372201e-14 -7.0633104e-17
  outer loop
   vertex -0.088410981 -0.0037911594 0.033126839
   vertex -0.088410981 -0.0031438823 0.033750502
   vertex -0.088410981 -0.0037963744 0.033751482
  endloop
 endfacet
 facet normal 1 0 0
  outer loop
   vertex -0.088410981 -0.0037948102 0.034375615
   vertex -0.088410981 -0.0044695294 0.034376854
   vertex -0.088410981 -0.0044746662 0.033753834
  endloop
 endfacet
 facet normal 1 0 0
  outer loop
   vertex -0.088410981 -0.0037948102 0.034375615
   vertex -0.088410981 -0.0044746662 0.033753834
   vertex -0.088410981 -0.0037963744 0.033751482
  endloop
 endfacet
 facet normal 1 -7.7059362e-17 -2.2217819e-14
  outer loop
   vertex -0.088410981 -0.0037911594 0.033126839
   vertex -0.088410981 -0.0037963744 0.033751482
   vertex -0.088410981 -0.0044746662 0.033753834
  endloop
 endfacet
 facet normal 1 -7.7059362e-17 -2.2217819e-14
  outer loop
   vertex -0.088410981 -0.0037911594 0.033126839
   vertex -0.088410981 -0.0044746662 0.033753834
   vertex -0.088410981 -0.0044632917 0.033129264
  endloop
 endfacet
 facet normal 1 0 -0
  outer loop
   vertex -0.088410981 -0.0031438823 0.033750502
   vertex -0.088410981 -0.0031433729 0.034375155
   vertex -0.088410981 -0.0037948102 0.034375615
  endloop
 endfacet
 facet normal 1 0 -0
  outer loop
   vertex -0.088410981 -0.0031438823 0.033750502
   vertex -0.088410981 -0.0037948102 0.034375615
   vertex -0.088410981 -0.0037963744 0.033751482
  endloop
 endfacet
 facet normal -1 4.7266947e-05 -1.004093e-05
  outer loop
   vertex -0.082410982 0.0039574089 0.032480031
   vertex -0.082410977 0.0039249611 0.031856732
   vertex -0.08241101 0.0032215224 0.031865583
  endloop
 endfacet
 facet normal -1 4.7266947e-05 -1.004093e-05
  outer loop
   vertex -0.082410982 0.0039574089 0.032480031
   vertex -0.08241101 0.0032215224 0.031865583
   vertex -0.082411177 0.0032357086 0.032490089
  endloop
 endfacet
 facet normal -1 -3.929473e-05 -1.337309e-05
  outer loop
   vertex -0.082410976 0.0025654372 0.031245251
   vertex -0.082410985 0.0025744821 0.031869741
   vertex -0.08241101 0.0032215224 0.031865583
  endloop
 endfacet
 facet normal -1 -3.929473e-05 -1.337309e-05
  outer loop
   vertex -0.082410976 0.0025654372 0.031245251
   vertex -0.08241101 0.0032215224 0.031865583
   vertex -0.082410976 0.0032052002 0.031241569
  endloop
 endfacet
 facet normal -1 -6.4568475e-07 -5.4591549e-05
  outer loop
   vertex -0.082410976 0.0038923288 0.031233442
   vertex -0.082410976 0.0032052002 0.031241569
   vertex -0.08241101 0.0032215224 0.031865583
  endloop
 endfacet
 facet normal -1 -6.4568475e-07 -5.4591549e-05
  outer loop
   vertex -0.082410976 0.0038923288 0.031233442
   vertex -0.08241101 0.0032215224 0.031865583
   vertex -0.082410977 0.0039249611 0.031856732
  endloop
 endfacet
 facet normal -1 2.1688485e-14 -6.2380783e-16
  outer loop
   vertex -0.082410976 0.0025654372 0.031245251
   vertex -0.082410976 0.0032052002 0.031241569
   vertex -0.082410976 0.0031872685 0.03061812
  endloop
 endfacet
 facet normal -1 2.1688485e-14 -6.2380783e-16
  outer loop
   vertex -0.082410976 0.0025654372 0.031245251
   vertex -0.082410976 0.0031872685 0.03061812
   vertex -0.082410976 0.0025553194 0.030620937
  endloop
 endfacet
 facet normal -1 0 0
  outer loop
   vertex -0.082410976 0.0038269985 0.029986866
   vertex -0.082410976 0.0031709104 0.029993741
   vertex -0.082410976 0.0031872685 0.03061812
  endloop
 endfacet
 facet normal -1 0 0
  outer loop
   vertex -0.082410976 0.0038269985 0.029986866
   vertex -0.082410976 0.0031872685 0.03061812
   vertex -0.082410976 0.0038596636 0.030610154
  endloop
 endfacet
 facet normal -1 2.6363205e-16 2.225163e-14
  outer loop
   vertex -0.082410976 0.0038923288 0.031233442
   vertex -0.082410976 0.0038596636 0.030610154
   vertex -0.082410976 0.0031872685 0.03061812
  endloop
 endfacet
 facet normal -1 2.6363205e-16 2.225163e-14
  outer loop
   vertex -0.082410976 0.0038923288 0.031233442
   vertex -0.082410976 0.0031872685 0.03061812
   vertex -0.082410976 0.0032052002 0.031241569
  endloop
 endfacet
 facet normal -0.99999133 -0.0032482174 -0.0026074624
  outer loop
   vertex -0.08241131 0.0025780967 0.03374758
   vertex -0.082413484 0.0032486413 0.033746153
   vertex -0.08241183 0.0032452537 0.033116083
  endloop
 endfacet
 facet normal -0.99999133 -0.0032482174 -0.0026074624
  outer loop
   vertex -0.08241131 0.0025780967 0.03374758
   vertex -0.08241183 0.0032452537 0.033116083
   vertex -0.082411121 0.0025840032 0.033120464
  endloop
 endfacet
 facet normal -0.99999942 0.00025576096 -0.0010477419
  outer loop
   vertex -0.082410982 0.0039574089 0.032480031
   vertex -0.082411177 0.0032357086 0.032490089
   vertex -0.08241183 0.0032452537 0.033116083
  endloop
 endfacet
 facet normal -0.99999942 0.00025576096 -0.0010477419
  outer loop
   vertex -0.082410982 0.0039574089 0.032480031
   vertex -0.08241183 0.0032452537 0.033116083
   vertex -0.082411014 0.0039886502 0.033102245
  endloop
 endfacet
 facet normal -0.99999932 0.0010905779 -0.00041658182
  outer loop
   vertex -0.082411244 0.004012971 0.033719208
   vertex -0.082411014 0.0039886502 0.033102245
   vertex -0.08241183 0.0032452537 0.033116083
  endloop
 endfacet
 facet normal -0.99999932 0.0010905779 -0.00041658182
  outer loop
   vertex -0.082411244 0.004012971 0.033719208
   vertex -0.08241183 0.0032452537 0.033116083
   vertex -0.082413484 0.0032486413 0.033746153
  endloop
 endfacet
 facet normal -0.99940949 -0.02935921 0.017852469
  outer loop
   vertex -0.082407027 0.0037157222 0.035018101
   vertex -0.082417741 0.0040917516 0.035036679
   vertex -0.082425832 0.0040659207 0.034541236
  endloop
 endfacet
 facet normal -0.99940949 -0.02935921 0.017852469
  outer loop
   vertex -0.082407027 0.0037157222 0.035018101
   vertex -0.082425832 0.0040659207 0.034541236
   vertex -0.082412343 0.0040281933 0.034359295
  endloop
 endfacet
 facet normal -0.9999943 -0.0033749329 -0.00010649424
  outer loop
   vertex -0.08241131 0.0025780967 0.03374758
   vertex -0.08241131 0.0025584425 0.034375331
   vertex -0.082413567 0.0032268668 0.034378536
  endloop
 endfacet
 facet normal -0.9999943 -0.0033749329 -0.00010649424
  outer loop
   vertex -0.08241131 0.0025780967 0.03374758
   vertex -0.082413567 0.0032268668 0.034378536
   vertex -0.082413484 0.0032486413 0.033746153
  endloop
 endfacet
 facet normal -0.99995892 0.0017403635 0.0088950332
  outer loop
   vertex -0.082407027 0.0037157222 0.035018101
   vertex -0.082412343 0.0040281933 0.034359295
   vertex -0.082413567 0.0032268668 0.034378536
  endloop
 endfacet
 facet normal -0.99995892 0.0017403635 0.0088950332
  outer loop
   vertex -0.082407027 0.0037157222 0.035018101
   vertex -0.082413567 0.0032268668 0.034378536
   vertex -0.08241109 0.0031564529 0.035003314
  endloop
 endfacet
 facet normal -0.99999571 0.0029295011 -2.9412853e-05
  outer loop
   vertex -0.082411244 0.004012971 0.033719208
   vertex -0.082413484 0.0032486413 0.033746153
   vertex -0.082413567 0.0032268668 0.034378536
  endloop
 endfacet
 facet normal -0.99999571 0.0029295011 -2.9412853e-05
  outer loop
   vertex -0.082411244 0.004012971 0.033719208
   vertex -0.082413567 0.0032268668 0.034378536
   vertex -0.082412343 0.0040281933 0.034359295
  endloop
 endfacet
 facet normal 1 0 0
  outer loop
   vertex -0.088410981 0.0031040999 0.03874907
   vertex -0.088410981 0.0031001655 0.038123878
   vertex -0.088410981 0.0036755047 0.038123407
  endloop
 endfacet
 facet normal 1 0 0
  outer loop
   vertex -0.088410981 0.0031040999 0.03874907
   vertex -0.088410981 0.0036755047 0.038123407
   vertex -0.088410981 0.0036878397 0.03874841
  endloop
 endfacet
 facet normal 1 0 0
  outer loop
   vertex -0.088410981 0.0037035765 0.039373814
   vertex -0.088410981 0.0036878397 0.03874841
   vertex -0.088410981 0.0042858371 0.038742028
  endloop
 endfacet
 facet normal 1 0 0
  outer loop
   vertex -0.088410981 0.0037035765 0.039373814
   vertex -0.088410981 0.0042858371 0.038742028
   vertex -0.088410981 0.0043186875 0.039368852
  endloop
 endfacet
 facet normal 1.02582e-16 -0.99862953 0.052335957
  outer loop
   vertex -0.088410981 0.0042858371 0.038742028
   vertex -0.087676969 0.0042863499 0.038751813
   vertex -0.087673437 0.0043190883 0.039376498
  endloop
 endfacet
 facet normal 1.02582e-16 -0.99862953 0.052335957
  outer loop
   vertex -0.088410981 0.0042858371 0.038742028
   vertex -0.087673437 0.0043190883 0.039376498
   vertex -0.088410981 0.0043186875 0.039368852
  endloop
 endfacet
 facet normal 1 -0 0
  outer loop
   vertex -0.088410981 0.0036755047 0.038123407
   vertex -0.088410981 0.0042531714 0.03811873
   vertex -0.088410981 0.0042858371 0.038742028
  endloop
 endfacet
 facet normal 1 -0 0
  outer loop
   vertex -0.088410981 0.0036755047 0.038123407
   vertex -0.088410981 0.0042858371 0.038742028
   vertex -0.088410981 0.0036878397 0.03874841
  endloop
 endfacet
 facet normal 7.2556208e-17 -0.99862953 0.052335957
  outer loop
   vertex -0.088410981 0.0042858371 0.038742028
   vertex -0.088410981 0.0042531714 0.03811873
   vertex -0.087680357 0.0042536326 0.038127529
  endloop
 endfacet
 facet normal 7.2556208e-17 -0.99862953 0.052335957
  outer loop
   vertex -0.088410981 0.0042858371 0.038742028
   vertex -0.087680357 0.0042536326 0.038127529
   vertex -0.087676969 0.0042863499 0.038751813
  endloop
 endfacet
 facet normal 1 -0 0
  outer loop
   vertex -0.088410981 0.0031040999 0.03874907
   vertex -0.088410981 0.0036878397 0.03874841
   vertex -0.088410981 0.0037035765 0.039373814
  endloop
 endfacet
 facet normal 1 -0 0
  outer loop
   vertex -0.088410981 0.0031040999 0.03874907
   vertex -0.088410981 0.0037035765 0.039373814
   vertex -0.088410981 0.0031117021 0.039374188
  endloop
 endfacet
 facet normal 1 0 0
  outer loop
   vertex -0.088410981 0.0036950851 0.036871763
   vertex -0.088410981 0.0031281172 0.036872653
   vertex -0.088410981 0.003183166 0.036246041
  endloop
 endfacet
 facet normal 1 0 0
  outer loop
   vertex -0.088410981 0.0036950851 0.036871763
   vertex -0.088410981 0.003183166 0.036246041
   vertex -0.088410981 0.0037923818 0.03624326
  endloop
 endfacet
 facet normal 0.99999183 3.3476296e-05 0.0040423648
  outer loop
   vertex -0.088410981 0.0041547249 0.036240259
   vertex -0.088410981 0.0037923818 0.03624326
   vertex -0.088408419 0.0040826487 0.035607105
  endloop
 endfacet
 facet normal 0.99999183 3.3476296e-05 0.0040423648
  outer loop
   vertex -0.088410981 0.0041547249 0.036240259
   vertex -0.088408419 0.0040826487 0.035607105
   vertex -0.088410981 0.0041222203 0.035620034
  endloop
 endfacet
 facet normal -2.1478218e-17 -0.99862953 0.052335957
  outer loop
   vertex -0.088410981 0.0041547249 0.036240259
   vertex -0.088410981 0.0041222203 0.035620034
   vertex -0.087666868 0.0041227715 0.035630551
  endloop
 endfacet
 facet normal -2.1478218e-17 -0.99862953 0.052335957
  outer loop
   vertex -0.088410981 0.0041547249 0.036240259
   vertex -0.087666868 0.0041227715 0.035630551
   vertex -0.087680911 0.0041553015 0.03625126
  endloop
 endfacet
 facet normal 0.99999498 -0.0031417755 -0.00041336638
  outer loop
   vertex -0.088410981 0.003183166 0.036246041
   vertex -0.088410981 0.0032656919 0.035618806
   vertex -0.088408419 0.0040826487 0.035607105
  endloop
 endfacet
 facet normal 0.99999498 -0.0031417755 -0.00041336638
  outer loop
   vertex -0.088410981 0.003183166 0.036246041
   vertex -0.088408419 0.0040826487 0.035607105
   vertex -0.088410981 0.0037923818 0.03624326
  endloop
 endfacet
 facet normal 1 0 0
  outer loop
   vertex -0.088410981 0.0036950851 0.036871763
   vertex -0.088410981 0.0037923818 0.03624326
   vertex -0.088410981 0.0041547249 0.036240259
  endloop
 endfacet
 facet normal 1 0 0
  outer loop
   vertex -0.088410981 0.0036950851 0.036871763
   vertex -0.088410981 0.0041547249 0.036240259
   vertex -0.088410981 0.0041876404 0.036868323
  endloop
 endfacet
 facet normal -1.2064719e-15 -0.99862953 0.052335957
  outer loop
   vertex -0.087684333 0.0041881132 0.036877344
   vertex -0.088410981 0.0041876404 0.036868323
   vertex -0.088410981 0.0041547249 0.036240259
  endloop
 endfacet
 facet normal -1.2064719e-15 -0.99862953 0.052335957
  outer loop
   vertex -0.087684333 0.0041881132 0.036877344
   vertex -0.088410981 0.0041547249 0.036240259
   vertex -0.087680911 0.0041553015 0.03625126
  endloop
 endfacet
 facet normal 1 -0 0
  outer loop
   vertex -0.088410981 0.0031836776 0.03124341
   vertex -0.088410981 0.0038923288 0.031233442
   vertex -0.088410981 0.0039249939 0.03185673
  endloop
 endfacet
 facet normal 1 -0 0
  outer loop
   vertex -0.088410981 0.0031836776 0.03124341
   vertex -0.088410981 0.0039249939 0.03185673
   vertex -0.088410981 0.0032007183 0.031867579
  endloop
 endfacet
 facet normal -1.1931885e-16 -0.99862953 0.052335957
  outer loop
   vertex -0.087659119 0.0038274387 0.029995266
   vertex -0.087655754 0.0038601087 0.030618647
   vertex -0.088410981 0.0038596636 0.030610154
  endloop
 endfacet
 facet normal -1.1931885e-16 -0.99862953 0.052335957
  outer loop
   vertex -0.087659119 0.0038274387 0.029995266
   vertex -0.088410981 0.0038596636 0.030610154
   vertex -0.088410981 0.0038269985 0.029986866
  endloop
 endfacet
 facet normal 6.2464602e-16 -0.99862953 0.052335957
  outer loop
   vertex -0.087652477 0.0038927779 0.031242012
   vertex -0.088410981 0.0038923288 0.031233442
   vertex -0.088410981 0.0038596636 0.030610154
  endloop
 endfacet
 facet normal 6.2464602e-16 -0.99862953 0.052335957
  outer loop
   vertex -0.087652477 0.0038927779 0.031242012
   vertex -0.088410981 0.0038596636 0.030610154
   vertex -0.087655754 0.0038601087 0.030618647
  endloop
 endfacet
 facet normal 1 0 0
  outer loop
   vertex -0.088410981 0.0031836776 0.03124341
   vertex -0.088410981 0.0031663254 0.030619304
   vertex -0.088410981 0.0038596636 0.030610154
  endloop
 endfacet
 facet normal 1 0 0
  outer loop
   vertex -0.088410981 0.0031836776 0.03124341
   vertex -0.088410981 0.0038596636 0.030610154
   vertex -0.088410981 0.0038923288 0.031233442
  endloop
 endfacet
 facet normal 1 0 0
  outer loop
   vertex -0.088410981 0.0032474295 0.033748338
   vertex -0.088410981 0.0032312738 0.03311826
   vertex -0.088410981 0.0039902641 0.033102161
  endloop
 endfacet
 facet normal 1 0 0
  outer loop
   vertex -0.088410981 0.0032474295 0.033748338
   vertex -0.088410981 0.0039902641 0.033102161
   vertex -0.088410981 0.0040225759 0.033718705
  endloop
 endfacet
 facet normal 1 -0 0
  outer loop
   vertex -0.088410981 0.0032474295 0.033748338
   vertex -0.088410981 0.0040225759 0.033718705
   vertex -0.088410981 0.0040560712 0.034357834
  endloop
 endfacet
 facet normal 1 -0 0
  outer loop
   vertex -0.088410981 0.0032474295 0.033748338
   vertex -0.088410981 0.0040560712 0.034357834
   vertex -0.088410981 0.003259029 0.034376371
  endloop
 endfacet
 facet normal -0.0053704623 0.94789536 -0.31853656
  outer loop
   vertex -0.0876603 -0.0051013605 0.04876013
   vertex -0.088410702 -0.0050878674 0.048812934
   vertex -0.088409537 -0.0049001586 0.049371494
  endloop
 endfacet
 facet normal -0.0053704623 0.94789536 -0.31853656
  outer loop
   vertex -0.0876603 -0.0051013605 0.04876013
   vertex -0.088409537 -0.0049001586 0.049371494
   vertex -0.087665393 -0.0049225746 0.049314999
  endloop
 endfacet
 facet normal -0.0015112949 0.98177485 -0.19004175
  outer loop
   vertex -0.0876603 -0.0051013605 0.04876013
   vertex -0.087651924 -0.0052201627 0.048146319
   vertex -0.088410948 -0.0052171169 0.04816809
  endloop
 endfacet
 facet normal -0.0015112949 0.98177485 -0.19004175
  outer loop
   vertex -0.0876603 -0.0051013605 0.04876013
   vertex -0.088410948 -0.0052171169 0.04816809
   vertex -0.088410702 -0.0050878674 0.048812934
  endloop
 endfacet
 facet normal 1 -2.2212861e-14 -2.2116982e-14
  outer loop
   vertex -0.088410981 -0.0037465815 0.041875424
   vertex -0.088410981 -0.0037491022 0.041250484
   vertex -0.088410981 -0.0031240976 0.041250242
  endloop
 endfacet
 facet normal 1 -2.2212861e-14 -2.2116982e-14
  outer loop
   vertex -0.088410981 -0.0037465815 0.041875424
   vertex -0.088410981 -0.0031240976 0.041250242
   vertex -0.088410981 -0.0031232596 0.041875231
  endloop
 endfacet
 facet normal 1 2.2122472e-14 -2.8299354e-16
  outer loop
   vertex -0.088410981 -0.0043719274 0.041250891
   vertex -0.088410981 -0.0043799162 0.040626377
   vertex -0.088410981 -0.0037526088 0.040625679
  endloop
 endfacet
 facet normal 1 2.2122472e-14 -2.8299354e-16
  outer loop
   vertex -0.088410981 -0.0043719274 0.041250891
   vertex -0.088410981 -0.0037526088 0.040625679
   vertex -0.088410981 -0.0037491022 0.041250484
  endloop
 endfacet
 facet normal 1 -4.4239034e-14 2.2298716e-14
  outer loop
   vertex -0.088410981 -0.0037526088 0.040625679
   vertex -0.088410981 -0.0031253961 0.040625307
   vertex -0.088410981 -0.0031240976 0.041250242
  endloop
 endfacet
 facet normal 1 -4.4239034e-14 2.2298716e-14
  outer loop
   vertex -0.088410981 -0.0037526088 0.040625679
   vertex -0.088410981 -0.0031240976 0.041250242
   vertex -0.088410981 -0.0037491022 0.041250484
  endloop
 endfacet
 facet normal 1 0 0
  outer loop
   vertex -0.088410981 -0.0037465815 0.041875424
   vertex -0.088410981 -0.0043656478 0.041875696
   vertex -0.088410981 -0.0043719274 0.041250891
  endloop
 endfacet
 facet normal 1 0 0
  outer loop
   vertex -0.088410981 -0.0037465815 0.041875424
   vertex -0.088410981 -0.0043719274 0.041250891
   vertex -0.088410981 -0.0037491022 0.041250484
  endloop
 endfacet
 facet normal 1 -2.2195123e-14 4.422005e-14
  outer loop
   vertex -0.088410981 -0.0031266714 0.043750534
   vertex -0.088410981 -0.0037510022 0.043751002
   vertex -0.088410981 -0.0037462193 0.043125733
  endloop
 endfacet
 facet normal 1 -2.2195123e-14 4.422005e-14
  outer loop
   vertex -0.088410981 -0.0031266714 0.043750534
   vertex -0.088410981 -0.0037462193 0.043125733
   vertex -0.088410981 -0.0031238093 0.043125387
  endloop
 endfacet
 facet normal 1 -2.2282534e-14 -7.027952e-16
  outer loop
   vertex -0.088410981 -0.0037639874 0.044376463
   vertex -0.088410981 -0.0043868166 0.044377067
   vertex -0.088410981 -0.0043670861 0.043751502
  endloop
 endfacet
 facet normal 1 -2.2282534e-14 -7.027952e-16
  outer loop
   vertex -0.088410981 -0.0037639874 0.044376463
   vertex -0.088410981 -0.0043670861 0.043751502
   vertex -0.088410981 -0.0037510022 0.043751002
  endloop
 endfacet
 facet normal 1 2.2561992e-14 4.4562412e-14
  outer loop
   vertex -0.088410981 -0.0037462193 0.043125733
   vertex -0.088410981 -0.0037510022 0.043751002
   vertex -0.088410981 -0.0043670861 0.043751502
  endloop
 endfacet
 facet normal 1 2.2561992e-14 4.4562412e-14
  outer loop
   vertex -0.088410981 -0.0037462193 0.043125733
   vertex -0.088410981 -0.0043670861 0.043751502
   vertex -0.088410981 -0.004361949 0.043126225
  endloop
 endfacet
 facet normal 1 2.2004569e-14 2.3337522e-16
  outer loop
   vertex -0.088410981 -0.0031266714 0.043750534
   vertex -0.088410981 -0.0031333022 0.04437575
   vertex -0.088410981 -0.0037639874 0.044376463
  endloop
 endfacet
 facet normal 1 2.2004569e-14 2.3337522e-16
  outer loop
   vertex -0.088410981 -0.0031266714 0.043750534
   vertex -0.088410981 -0.0037639874 0.044376463
   vertex -0.088410981 -0.0037510022 0.043751002
  endloop
 endfacet
 facet normal -0.99999997 0.00025765889 2.4841525e-05
  outer loop
   vertex -0.0824112 -0.0038435033 0.047512913
   vertex -0.082411189 -0.0038655413 0.048155863
   vertex -0.082411016 -0.0031907433 0.048145571
  endloop
 endfacet
 facet normal -0.99999997 0.00025765889 2.4841525e-05
  outer loop
   vertex -0.0824112 -0.0038435033 0.047512913
   vertex -0.082411016 -0.0031907433 0.048145571
   vertex -0.082411013 -0.0031748905 0.047509276
  endloop
 endfacet
 facet normal -1 5.9742928e-05 8.2904378e-07
  outer loop
   vertex -0.082410976 -0.0025419553 0.048771684
   vertex -0.082410976 -0.002530977 0.048136347
   vertex -0.082411016 -0.0031907433 0.048145571
  endloop
 endfacet
 facet normal -1 5.9742928e-05 8.2904378e-07
  outer loop
   vertex -0.082410976 -0.0025419553 0.048771684
   vertex -0.082411016 -0.0031907433 0.048145571
   vertex -0.082411027 -0.0032114304 0.048789012
  endloop
 endfacet
 facet normal -0.99999992 0.00039892792 -4.8666535e-06
  outer loop
   vertex -0.082411302 -0.0038995172 0.04881217
   vertex -0.082411027 -0.0032114304 0.048789012
   vertex -0.082411016 -0.0031907433 0.048145571
  endloop
 endfacet
 facet normal -0.99999992 0.00039892792 -4.8666535e-06
  outer loop
   vertex -0.082411302 -0.0038995172 0.04881217
   vertex -0.082411016 -0.0031907433 0.048145571
   vertex -0.082411189 -0.0038655413 0.048155863
  endloop
 endfacet
 facet normal -0.99999705 0.0014309023 0.0019609626
  outer loop
   vertex -0.082411302 -0.0038995172 0.04881217
   vertex -0.082412205 -0.0045580535 0.04883209
   vertex -0.082411062 -0.0047978441 0.049590003
  endloop
 endfacet
 facet normal -0.99999705 0.0014309023 0.0019609626
  outer loop
   vertex -0.082411302 -0.0038995172 0.04881217
   vertex -0.082411062 -0.0047978441 0.049590003
   vertex -0.08241152 -0.0039515337 0.049478423
  endloop
 endfacet
 facet normal -0.99999917 0.0011920433 0.00048990107
  outer loop
   vertex -0.0824112 -0.0038435033 0.047512913
   vertex -0.082411996 -0.0045107844 0.04751164
   vertex -0.082411689 -0.00451961 0.048159491
  endloop
 endfacet
 facet normal -0.99999917 0.0011920433 0.00048990107
  outer loop
   vertex -0.0824112 -0.0038435033 0.047512913
   vertex -0.082411689 -0.00451961 0.048159491
   vertex -0.082411189 -0.0038655413 0.048155863
  endloop
 endfacet
 facet normal -0.9999971 -0.0022379234 -0.00089528918
  outer loop
   vertex -0.082410985 -0.0050908301 0.0488015
   vertex -0.082412205 -0.0045580535 0.04883209
   vertex -0.082411689 -0.00451961 0.048159491
  endloop
 endfacet
 facet normal -0.9999971 -0.0022379234 -0.00089528918
  outer loop
   vertex -0.082410985 -0.0050908301 0.0488015
   vertex -0.082411689 -0.00451961 0.048159491
   vertex -0.082410986 -0.0052190063 0.048151289
  endloop
 endfacet
 facet normal -0.9999997 0.00076292478 -0.00013173835
  outer loop
   vertex -0.082411302 -0.0038995172 0.04881217
   vertex -0.082411189 -0.0038655413 0.048155863
   vertex -0.082411689 -0.00451961 0.048159491
  endloop
 endfacet
 facet normal -0.9999997 0.00076292478 -0.00013173835
  outer loop
   vertex -0.082411302 -0.0038995172 0.04881217
   vertex -0.082411689 -0.00451961 0.048159491
   vertex -0.082412205 -0.0045580535 0.04883209
  endloop
 endfacet
 facet normal -1 7.6449446e-05 2.9856964e-05
  outer loop
   vertex -0.082410976 -0.0025419553 0.048771684
   vertex -0.082411027 -0.0032114304 0.048789012
   vertex -0.082411009 -0.0032324633 0.049436658
  endloop
 endfacet
 facet normal -1 7.6449446e-05 2.9856964e-05
  outer loop
   vertex -0.082410976 -0.0025419553 0.048771684
   vertex -0.082411009 -0.0032324633 0.049436658
   vertex -0.082410977 -0.0025531482 0.049411181
  endloop
 endfacet
 facet normal -0.99999997 0.00023772027 1.6957619e-06
  outer loop
   vertex -0.082411164 -0.0038877349 0.050081976
   vertex -0.082411007 -0.0032288403 0.050077815
   vertex -0.082411009 -0.0032324633 0.049436658
  endloop
 endfacet
 facet normal -0.99999997 0.00023772027 1.6957619e-06
  outer loop
   vertex -0.082411164 -0.0038877349 0.050081976
   vertex -0.082411009 -0.0032324633 0.049436658
   vertex -0.08241152 -0.0039515337 0.049478423
  endloop
 endfacet
 facet normal -0.99999972 0.00069415341 -0.0002733428
  outer loop
   vertex -0.082411302 -0.0038995172 0.04881217
   vertex -0.08241152 -0.0039515337 0.049478423
   vertex -0.082411009 -0.0032324633 0.049436658
  endloop
 endfacet
 facet normal -0.99999972 0.00069415341 -0.0002733428
  outer loop
   vertex -0.082411302 -0.0038995172 0.04881217
   vertex -0.082411009 -0.0032324633 0.049436658
   vertex -0.082411027 -0.0032114304 0.048789012
  endloop
 endfacet
 facet normal -1 1.137169e-05 -3.2322152e-05
  outer loop
   vertex -0.082410976 -0.0025092569 0.046250612
   vertex -0.082410984 -0.0031462813 0.046251069
   vertex -0.082411004 -0.0031606582 0.046878417
  endloop
 endfacet
 facet normal -1 1.137169e-05 -3.2322152e-05
  outer loop
   vertex -0.082410976 -0.0025092569 0.046250612
   vertex -0.082411004 -0.0031606582 0.046878417
   vertex -0.082410976 -0.0025154448 0.046876936
  endloop
 endfacet
 facet normal -0.99999996 0.00027956896 -7.4271494e-06
  outer loop
   vertex -0.0824112 -0.0038435033 0.047512913
   vertex -0.082411013 -0.0031748905 0.047509276
   vertex -0.082411004 -0.0031606582 0.046878417
  endloop
 endfacet
 facet normal -0.99999996 0.00027956896 -7.4271494e-06
  outer loop
   vertex -0.0824112 -0.0038435033 0.047512913
   vertex -0.082411004 -0.0031606582 0.046878417
   vertex -0.082411163 -0.0038204889 0.046878908
  endloop
 endfacet
 facet normal -0.99999994 0.00024070221 -0.00025458022
  outer loop
   vertex -0.082410996 -0.0037915487 0.046251256
   vertex -0.082411163 -0.0038204889 0.046878908
   vertex -0.082411004 -0.0031606582 0.046878417
  endloop
 endfacet
 facet normal -0.99999994 0.00024070221 -0.00025458022
  outer loop
   vertex -0.082410996 -0.0037915487 0.046251256
   vertex -0.082411004 -0.0031606582 0.046878417
   vertex -0.082410984 -0.0031462813 0.046251069
  endloop
 endfacet
 facet normal -0.99999998 -0.00010540849 0.00016614247
  outer loop
   vertex -0.082410963 -0.0037483812 0.044999643
   vertex -0.082410899 -0.0043580835 0.044998922
   vertex -0.082410792 -0.0043858016 0.045623995
  endloop
 endfacet
 facet normal -0.99999998 -0.00010540849 0.00016614247
  outer loop
   vertex -0.082410963 -0.0037483812 0.044999643
   vertex -0.082410792 -0.0043858016 0.045623995
   vertex -0.082410952 -0.003764714 0.045625104
  endloop
 endfacet
 facet normal -0.99999905 -0.0013383134 -0.00033143098
  outer loop
   vertex -0.08241009 -0.0050630258 0.046241734
   vertex -0.082410926 -0.0044407905 0.046250916
   vertex -0.082410792 -0.0043858016 0.045623995
  endloop
 endfacet
 facet normal -0.99999905 -0.0013383134 -0.00033143098
  outer loop
   vertex -0.08241009 -0.0050630258 0.046241734
   vertex -0.082410792 -0.0043858016 0.045623995
   vertex -0.082410249 -0.0049483641 0.045621746
  endloop
 endfacet
 facet normal -0.99999996 -0.000258173 -8.08726e-05
  outer loop
   vertex -0.082410996 -0.0037915487 0.046251256
   vertex -0.082410952 -0.003764714 0.045625104
   vertex -0.082410792 -0.0043858016 0.045623995
  endloop
 endfacet
 facet normal -0.99999996 -0.000258173 -8.08726e-05
  outer loop
   vertex -0.082410996 -0.0037915487 0.046251256
   vertex -0.082410792 -0.0043858016 0.045623995
   vertex -0.082410926 -0.0044407905 0.046250916
  endloop
 endfacet
 facet normal -1 -1.174468e-06 -9.5608219e-09
  outer loop
   vertex -0.082410976 -0.0025092569 0.046250612
   vertex -0.082410976 -0.0025041652 0.045625139
   vertex -0.082410976 -0.0031338605 0.045625203
  endloop
 endfacet
 facet normal -1 -1.174468e-06 -9.5608219e-09
  outer loop
   vertex -0.082410976 -0.0025092569 0.046250612
   vertex -0.082410976 -0.0031338605 0.045625203
   vertex -0.082410984 -0.0031462813 0.046251069
  endloop
 endfacet
 facet normal -1 -3.6583706e-05 1.580524e-05
  outer loop
   vertex -0.082410963 -0.0037483812 0.044999643
   vertex -0.082410952 -0.003764714 0.045625104
   vertex -0.082410976 -0.0031338605 0.045625203
  endloop
 endfacet
 facet normal -1 -3.6583706e-05 1.580524e-05
  outer loop
   vertex -0.082410963 -0.0037483812 0.044999643
   vertex -0.082410976 -0.0031338605 0.045625203
   vertex -0.082410975 -0.0031258741 0.044999914
  endloop
 endfacet
 facet normal -1 1.957713e-05 -1.2391183e-05
  outer loop
   vertex -0.082410996 -0.0037915487 0.046251256
   vertex -0.082410984 -0.0031462813 0.046251069
   vertex -0.082410976 -0.0031338605 0.045625203
  endloop
 endfacet
 facet normal -1 1.957713e-05 -1.2391183e-05
  outer loop
   vertex -0.082410996 -0.0037915487 0.046251256
   vertex -0.082410976 -0.0031338605 0.045625203
   vertex -0.082410952 -0.003764714 0.045625104
  endloop
 endfacet
 facet normal -0.99999902 0.0014014199 -6.9625406e-06
  outer loop
   vertex -0.0824112 -0.0038435033 0.047512913
   vertex -0.082411163 -0.0038204889 0.046878908
   vertex -0.082412105 -0.0044928884 0.046875129
  endloop
 endfacet
 facet normal -0.99999902 0.0014014199 -6.9625406e-06
  outer loop
   vertex -0.0824112 -0.0038435033 0.047512913
   vertex -0.082412105 -0.0044928884 0.046875129
   vertex -0.082411996 -0.0045107844 0.04751164
  endloop
 endfacet
 facet normal -0.99999716 -0.0013603043 -0.0019564802
  outer loop
   vertex -0.08241009 -0.0050630258 0.046241734
   vertex -0.082411043 -0.0052976593 0.046891725
   vertex -0.082412105 -0.0044928884 0.046875129
  endloop
 endfacet
 facet normal -0.99999716 -0.0013603043 -0.0019564802
  outer loop
   vertex -0.08241009 -0.0050630258 0.046241734
   vertex -0.082412105 -0.0044928884 0.046875129
   vertex -0.082410926 -0.0044407905 0.046250916
  endloop
 endfacet
 facet normal -0.99999819 -0.00010676096 -0.0018976868
  outer loop
   vertex -0.082410996 -0.0037915487 0.046251256
   vertex -0.082410926 -0.0044407905 0.046250916
   vertex -0.082412105 -0.0044928884 0.046875129
  endloop
 endfacet
 facet normal -0.99999819 -0.00010676096 -0.0018976868
  outer loop
   vertex -0.082410996 -0.0037915487 0.046251256
   vertex -0.082412105 -0.0044928884 0.046875129
   vertex -0.082411163 -0.0038204889 0.046878908
  endloop
 endfacet
 facet normal 1 -1.5665627e-05 7.2134042e-06
  outer loop
   vertex -0.088410982 -0.0032020298 0.048791905
   vertex -0.088410993 -0.0038817826 0.048810964
   vertex -0.088410987 -0.0038501103 0.048154973
  endloop
 endfacet
 facet normal 1 -1.5665627e-05 7.2134042e-06
  outer loop
   vertex -0.088410982 -0.0032020298 0.048791905
   vertex -0.088410987 -0.0038501103 0.048154973
   vertex -0.088410981 -0.0031820907 0.048145932
  endloop
 endfacet
 facet normal 0.99999993 -0.0001711066 -0.0003419468
  outer loop
   vertex -0.088410765 -0.0039371553 0.049479585
   vertex -0.088410875 -0.0048012051 0.049591655
   vertex -0.088411091 -0.0045447228 0.048831776
  endloop
 endfacet
 facet normal 0.99999993 -0.0001711066 -0.0003419468
  outer loop
   vertex -0.088410765 -0.0039371553 0.049479585
   vertex -0.088411091 -0.0045447228 0.048831776
   vertex -0.088410993 -0.0038817826 0.048810964
  endloop
 endfacet
 facet normal 0.99999999 -9.1851692e-05 5.8786134e-05
  outer loop
   vertex -0.088411091 -0.0045447228 0.048831776
   vertex -0.088411048 -0.0045049745 0.048160759
   vertex -0.088410987 -0.0038501103 0.048154973
  endloop
 endfacet
 facet normal 0.99999999 -9.1851692e-05 5.8786134e-05
  outer loop
   vertex -0.088411091 -0.0045447228 0.048831776
   vertex -0.088410987 -0.0038501103 0.048154973
   vertex -0.088410993 -0.0038817826 0.048810964
  endloop
 endfacet
 facet normal 0.99999995 0.00031533297 2.2511295e-05
  outer loop
   vertex -0.088410982 -0.0032020298 0.048791905
   vertex -0.088410989 -0.0032259249 0.049446235
   vertex -0.088410765 -0.0039371553 0.049479585
  endloop
 endfacet
 facet normal 0.99999995 0.00031533297 2.2511295e-05
  outer loop
   vertex -0.088410982 -0.0032020298 0.048791905
   vertex -0.088410765 -0.0039371553 0.049479585
   vertex -0.088410993 -0.0038817826 0.048810964
  endloop
 endfacet
 facet normal 1 0 0
  outer loop
   vertex -0.088410981 -0.0031638739 0.04625135
   vertex -0.088410981 -0.0031659957 0.046877943
   vertex -0.088410981 -0.0038315116 0.04687834
  endloop
 endfacet
 facet normal 1 0 0
  outer loop
   vertex -0.088410981 -0.0031638739 0.04625135
   vertex -0.088410981 -0.0038315116 0.04687834
   vertex -0.088410981 -0.0038338519 0.046252709
  endloop
 endfacet
 facet normal 1 0 0
  outer loop
   vertex -0.088410981 -0.0038204226 0.045627925
   vertex -0.088410981 -0.0038338519 0.046252709
   vertex -0.088410981 -0.0045372499 0.046256893
  endloop
 endfacet
 facet normal 1 0 0
  outer loop
   vertex -0.088410981 -0.0038204226 0.045627925
   vertex -0.088410981 -0.0045372499 0.046256893
   vertex -0.088410981 -0.0045141996 0.045631326
  endloop
 endfacet
 facet normal 1 0 0
  outer loop
   vertex -0.088410981 -0.0038315116 0.04687834
   vertex -0.088410981 -0.0045097682 0.046876568
   vertex -0.088410981 -0.0045372499 0.046256893
  endloop
 endfacet
 facet normal 1 0 0
  outer loop
   vertex -0.088410981 -0.0038315116 0.04687834
   vertex -0.088410981 -0.0045372499 0.046256893
   vertex -0.088410981 -0.0038338519 0.046252709
  endloop
 endfacet
 facet normal 1 0 0
  outer loop
   vertex -0.088410981 -0.0031638739 0.04625135
   vertex -0.088410981 -0.0038338519 0.046252709
   vertex -0.088410981 -0.0038204226 0.045627925
  endloop
 endfacet
 facet normal 1 0 0
  outer loop
   vertex -0.088410981 -0.0031638739 0.04625135
   vertex -0.088410981 -0.0038204226 0.045627925
   vertex -0.088410981 -0.0031570142 0.04562616
  endloop
 endfacet
 facet normal 1 -7.1948253e-17 -2.2222685e-14
  outer loop
   vertex -0.088410981 0.00377247 0.041870491
   vertex -0.088410981 0.0031493635 0.041872508
   vertex -0.088410981 0.0031397003 0.041248052
  endloop
 endfacet
 facet normal 1 -7.1948253e-17 -2.2222685e-14
  outer loop
   vertex -0.088410981 0.00377247 0.041870491
   vertex -0.088410981 0.0031397003 0.041248052
   vertex -0.088410981 0.0037550486 0.04124648
  endloop
 endfacet
 facet normal 1 -0 0
  outer loop
   vertex -0.088410981 0.0037376798 0.040622431
   vertex -0.088410981 0.0043840178 0.040615428
   vertex -0.088410981 0.004416683 0.041238716
  endloop
 endfacet
 facet normal 1 -0 0
  outer loop
   vertex -0.088410981 0.0037376798 0.040622431
   vertex -0.088410981 0.004416683 0.041238716
   vertex -0.088410981 0.0037550486 0.04124648
  endloop
 endfacet
 facet normal 1.2031967e-15 -0.99862953 0.052335957
  outer loop
   vertex -0.088410981 0.004416683 0.041238716
   vertex -0.088410981 0.0043840178 0.040615428
   vertex -0.087666376 0.0043844533 0.040623738
  endloop
 endfacet
 facet normal 1.2031967e-15 -0.99862953 0.052335957
  outer loop
   vertex -0.088410981 0.004416683 0.041238716
   vertex -0.087666376 0.0043844533 0.040623738
   vertex -0.087662881 0.0044171232 0.041247116
  endloop
 endfacet
 facet normal 1 4.1272169e-17 2.2221881e-14
  outer loop
   vertex -0.088410981 0.0031397003 0.041248052
   vertex -0.088410981 0.0031301028 0.04062356
   vertex -0.088410981 0.0037376798 0.040622431
  endloop
 endfacet
 facet normal 1 4.1272169e-17 2.2221881e-14
  outer loop
   vertex -0.088410981 0.0031397003 0.041248052
   vertex -0.088410981 0.0037376798 0.040622431
   vertex -0.088410981 0.0037550486 0.04124648
  endloop
 endfacet
 facet normal 1 0 -0
  outer loop
   vertex -0.088410981 0.004416683 0.041238716
   vertex -0.088410981 0.0044493481 0.041862005
   vertex -0.088410981 0.00377247 0.041870491
  endloop
 endfacet
 facet normal 1 0 -0
  outer loop
   vertex -0.088410981 0.004416683 0.041238716
   vertex -0.088410981 0.00377247 0.041870491
   vertex -0.088410981 0.0037550486 0.04124648
  endloop
 endfacet
 facet normal 5.3607613e-16 -0.99862953 0.052335957
  outer loop
   vertex -0.087659422 0.0044497911 0.041870456
   vertex -0.088410981 0.0044493481 0.041862005
   vertex -0.088410981 0.004416683 0.041238716
  endloop
 endfacet
 facet normal 5.3607613e-16 -0.99862953 0.052335957
  outer loop
   vertex -0.087659422 0.0044497911 0.041870456
   vertex -0.088410981 0.004416683 0.041238716
   vertex -0.087662881 0.0044171232 0.041247116
  endloop
 endfacet
 facet normal 1 -2.1935883e-14 -4.4104226e-14
  outer loop
   vertex -0.088410981 0.0031780142 0.043746132
   vertex -0.088410981 0.0031686587 0.043121467
   vertex -0.088410981 0.0038072513 0.043118513
  endloop
 endfacet
 facet normal 1 -2.1935883e-14 -4.4104226e-14
  outer loop
   vertex -0.088410981 0.0031780142 0.043746132
   vertex -0.088410981 0.0038072513 0.043118513
   vertex -0.088410981 0.0038242986 0.043742665
  endloop
 endfacet
 facet normal 1 0 0
  outer loop
   vertex -0.088410981 0.0038404243 0.04436729
   vertex -0.088410981 0.0038242986 0.043742665
   vertex -0.088410981 0.0045473436 0.043731869
  endloop
 endfacet
 facet normal 1 0 0
  outer loop
   vertex -0.088410981 0.0038404243 0.04436729
   vertex -0.088410981 0.0045473436 0.043731869
   vertex -0.088410981 0.0045800087 0.044355157
  endloop
 endfacet
 facet normal 1.6745707e-16 -0.99862953 0.052335957
  outer loop
   vertex -0.088410981 0.0045473436 0.043731869
   vertex -0.087649596 0.0045478029 0.043740634
   vertex -0.087646419 0.0045805069 0.044364663
  endloop
 endfacet
 facet normal 1.6745707e-16 -0.99862953 0.052335957
  outer loop
   vertex -0.088410981 0.0045473436 0.043731869
   vertex -0.087646419 0.0045805069 0.044364663
   vertex -0.088410981 0.0045800087 0.044355157
  endloop
 endfacet
 facet normal 1 -0 0
  outer loop
   vertex -0.088410981 0.0038072513 0.043118513
   vertex -0.088410981 0.0045146784 0.043108581
   vertex -0.088410981 0.0045473436 0.043731869
  endloop
 endfacet
 facet normal 1 -0 0
  outer loop
   vertex -0.088410981 0.0038072513 0.043118513
   vertex -0.088410981 0.0045473436 0.043731869
   vertex -0.088410981 0.0038242986 0.043742665
  endloop
 endfacet
 facet normal 2.0275268e-16 -0.99862953 0.052335957
  outer loop
   vertex -0.088410981 0.0045473436 0.043731869
   vertex -0.088410981 0.0045146784 0.043108581
   vertex -0.08765274 0.0045151266 0.043117133
  endloop
 endfacet
 facet normal 2.0275268e-16 -0.99862953 0.052335957
  outer loop
   vertex -0.088410981 0.0045473436 0.043731869
   vertex -0.08765274 0.0045151266 0.043117133
   vertex -0.087649596 0.0045478029 0.043740634
  endloop
 endfacet
 facet normal 1 2.1470217e-14 -5.5428576e-16
  outer loop
   vertex -0.088410981 0.0031780142 0.043746132
   vertex -0.088410981 0.0038242986 0.043742665
   vertex -0.088410981 0.0038404243 0.04436729
  endloop
 endfacet
 facet normal 1 2.1470217e-14 -5.5428576e-16
  outer loop
   vertex -0.088410981 0.0031780142 0.043746132
   vertex -0.088410981 0.0038404243 0.04436729
   vertex -0.088410981 0.0031866723 0.044371197
  endloop
 endfacet
 facet normal -0.99999968 -0.0007870132 -0.00012663273
  outer loop
   vertex -0.082411728 0.0038157225 0.047507483
   vertex -0.082411224 0.0031749467 0.047506681
   vertex -0.082411318 0.0031928487 0.048139537
  endloop
 endfacet
 facet normal -0.99999968 -0.0007870132 -0.00012663273
  outer loop
   vertex -0.082411728 0.0038157225 0.047507483
   vertex -0.082411318 0.0031928487 0.048139537
   vertex -0.082413247 0.0038595463 0.04813906
  endloop
 endfacet
 facet normal -0.99999994 -0.00033388373 0.00012836187
  outer loop
   vertex -0.082411022 0.0025496276 0.04877407
   vertex -0.08241124 0.0032053443 0.048780311
   vertex -0.082411318 0.0031928487 0.048139537
  endloop
 endfacet
 facet normal -0.99999994 -0.00033388373 0.00012836187
  outer loop
   vertex -0.082411022 0.0025496276 0.04877407
   vertex -0.082411318 0.0031928487 0.048139537
   vertex -0.082411028 0.0025367046 0.048136108
  endloop
 endfacet
 facet normal -0.99999529 -0.0028923068 0.0010287233
  outer loop
   vertex -0.082412549 0.0038464482 0.048780469
   vertex -0.082413247 0.0038595463 0.04813906
   vertex -0.082411318 0.0031928487 0.048139537
  endloop
 endfacet
 facet normal -0.99999529 -0.0028923068 0.0010287233
  outer loop
   vertex -0.082412549 0.0038464482 0.048780469
   vertex -0.082411318 0.0031928487 0.048139537
   vertex -0.08241124 0.0032053443 0.048780311
  endloop
 endfacet
 facet normal -0.99988706 0.01276225 0.0079372058
  outer loop
   vertex -0.082410979 0.0039919507 0.0501334
   vertex -0.082411199 0.0041748093 0.049811679
   vertex -0.082412024 0.0043635528 0.049404231
  endloop
 endfacet
 facet normal -0.99988706 0.01276225 0.0079372058
  outer loop
   vertex -0.082410979 0.0039919507 0.0501334
   vertex -0.082412024 0.0043635528 0.049404231
   vertex -0.082411048 0.0038244337 0.049415367
  endloop
 endfacet
 facet normal -0.9999958 -0.0017616317 0.0023021844
  outer loop
   vertex -0.082412549 0.0038464482 0.048780469
   vertex -0.082411048 0.0038244337 0.049415367
   vertex -0.082412024 0.0043635528 0.049404231
  endloop
 endfacet
 facet normal -0.9999958 -0.0017616317 0.0023021844
  outer loop
   vertex -0.082412549 0.0038464482 0.048780469
   vertex -0.082412024 0.0043635528 0.049404231
   vertex -0.082411332 0.004552045 0.048823302
  endloop
 endfacet
 facet normal -0.99999661 0.00084486603 -0.0024631116
  outer loop
   vertex -0.082411728 0.0038157225 0.047507483
   vertex -0.082413247 0.0038595463 0.04813906
   vertex -0.082412635 0.0046631062 0.048166226
  endloop
 endfacet
 facet normal -0.99999661 0.00084486603 -0.0024631116
  outer loop
   vertex -0.082411728 0.0038157225 0.047507483
   vertex -0.082412635 0.0046631062 0.048166226
   vertex -0.082407555 0.0043776992 0.047495311
  endloop
 endfacet
 facet normal -0.99999621 0.0015876361 0.0022503876
  outer loop
   vertex -0.082412549 0.0038464482 0.048780469
   vertex -0.082411332 0.004552045 0.048823302
   vertex -0.082412635 0.0046631062 0.048166226
  endloop
 endfacet
 facet normal -0.99999621 0.0015876361 0.0022503876
  outer loop
   vertex -0.082412549 0.0038464482 0.048780469
   vertex -0.082412635 0.0046631062 0.048166226
   vertex -0.082413247 0.0038595463 0.04813906
  endloop
 endfacet
 facet normal -0.99999999 -0.0001342128 2.6104066e-05
  outer loop
   vertex -0.082411022 0.0025496276 0.04877407
   vertex -0.082411007 0.0025697269 0.049421997
   vertex -0.082411095 0.0032237748 0.049430769
  endloop
 endfacet
 facet normal -0.99999999 -0.0001342128 2.6104066e-05
  outer loop
   vertex -0.082411022 0.0025496276 0.04877407
   vertex -0.082411095 0.0032237748 0.049430769
   vertex -0.08241124 0.0032053443 0.048780311
  endloop
 endfacet
 facet normal -0.99999999 7.9416998e-05 7.8730414e-05
  outer loop
   vertex -0.082410979 0.0039919507 0.0501334
   vertex -0.082411048 0.0038244337 0.049415367
   vertex -0.082411095 0.0032237748 0.049430769
  endloop
 endfacet
 facet normal -0.99999999 7.9416998e-05 7.8730414e-05
  outer loop
   vertex -0.082410979 0.0039919507 0.0501334
   vertex -0.082411095 0.0032237748 0.049430769
   vertex -0.082411065 0.0032637085 0.050090541
  endloop
 endfacet
 facet normal -0.99999788 -0.0020420937 0.000280467
  outer loop
   vertex -0.082412549 0.0038464482 0.048780469
   vertex -0.08241124 0.0032053443 0.048780311
   vertex -0.082411095 0.0032237748 0.049430769
  endloop
 endfacet
 facet normal -0.99999788 -0.0020420937 0.000280467
  outer loop
   vertex -0.082412549 0.0038464482 0.048780469
   vertex -0.082411095 0.0032237748 0.049430769
   vertex -0.082411048 0.0038244337 0.049415367
  endloop
 endfacet
 facet normal -0.99999994 -0.00035306334 1.3811573e-05
  outer loop
   vertex -0.082411032 0.0025331339 0.046250248
   vertex -0.082411021 0.0025266063 0.046876847
   vertex -0.08241125 0.0031741973 0.04687819
  endloop
 endfacet
 facet normal -0.99999994 -0.00035306334 1.3811573e-05
  outer loop
   vertex -0.082411032 0.0025331339 0.046250248
   vertex -0.08241125 0.0031741973 0.04687819
   vertex -0.082411396 0.0031918209 0.046251095
  endloop
 endfacet
 facet normal -0.99999936 -0.0010801067 0.00034120345
  outer loop
   vertex -0.082411728 0.0038157225 0.047507483
   vertex -0.08241194 0.0038139647 0.046879923
   vertex -0.08241125 0.0031741973 0.04687819
  endloop
 endfacet
 facet normal -0.99999936 -0.0010801067 0.00034120345
  outer loop
   vertex -0.082411728 0.0038157225 0.047507483
   vertex -0.08241125 0.0031741973 0.04687819
   vertex -0.082411224 0.0031749467 0.047506681
  endloop
 endfacet
 facet normal -0.99999277 -0.0038012947 0.00012622233
  outer loop
   vertex -0.082413938 0.0038605491 0.046254334
   vertex -0.082411396 0.0031918209 0.046251095
   vertex -0.08241125 0.0031741973 0.04687819
  endloop
 endfacet
 facet normal -0.99999277 -0.0038012947 0.00012622233
  outer loop
   vertex -0.082413938 0.0038605491 0.046254334
   vertex -0.08241125 0.0031741973 0.04687819
   vertex -0.08241194 0.0038139647 0.046879923
  endloop
 endfacet
 facet normal -0.99999193 0.0029291937 -0.002748557
  outer loop
   vertex -0.082411829 0.0038696939 0.044991237
   vertex -0.082413545 0.0038753079 0.045621471
   vertex -0.082411244 0.0046353976 0.045594343
  endloop
 endfacet
 facet normal -0.99999193 0.0029291937 -0.002748557
  outer loop
   vertex -0.082411829 0.0038696939 0.044991237
   vertex -0.082411244 0.0046353976 0.045594343
   vertex -0.082411013 0.0046110221 0.044977383
  endloop
 endfacet
 facet normal -0.9999965 0.0019709919 -0.0017676806
  outer loop
   vertex -0.082413938 0.0038605491 0.046254334
   vertex -0.082412345 0.0046507493 0.046234423
   vertex -0.082411244 0.0046353976 0.045594343
  endloop
 endfacet
 facet normal -0.9999965 0.0019709919 -0.0017676806
  outer loop
   vertex -0.082413938 0.0038605491 0.046254334
   vertex -0.082411244 0.0046353976 0.045594343
   vertex -0.082413545 0.0038753079 0.045621471
  endloop
 endfacet
 facet normal -0.99999984 -0.00055217527 -0.00011748576
  outer loop
   vertex -0.082411032 0.0025331339 0.046250248
   vertex -0.082411396 0.0031918209 0.046251095
   vertex -0.08241133 0.0032054338 0.045622861
  endloop
 endfacet
 facet normal -0.99999984 -0.00055217527 -0.00011748576
  outer loop
   vertex -0.082411032 0.0025331339 0.046250248
   vertex -0.08241133 0.0032054338 0.045622861
   vertex -0.082411021 0.0025396434 0.045623833
  endloop
 endfacet
 facet normal -0.99999937 -0.0010708193 -0.00033567907
  outer loop
   vertex -0.082411829 0.0038696939 0.044991237
   vertex -0.082411123 0.0032091324 0.04499558
   vertex -0.08241133 0.0032054338 0.045622861
  endloop
 endfacet
 facet normal -0.99999937 -0.0010708193 -0.00033567907
  outer loop
   vertex -0.082411829 0.0038696939 0.044991237
   vertex -0.08241133 0.0032054338 0.045622861
   vertex -0.082413545 0.0038753079 0.045621471
  endloop
 endfacet
 facet normal -0.99999428 -0.003308146 -0.00069789578
  outer loop
   vertex -0.082413938 0.0038605491 0.046254334
   vertex -0.082413545 0.0038753079 0.045621471
   vertex -0.08241133 0.0032054338 0.045622861
  endloop
 endfacet
 facet normal -0.99999428 -0.003308146 -0.00069789578
  outer loop
   vertex -0.082413938 0.0038605491 0.046254334
   vertex -0.08241133 0.0032054338 0.045622861
   vertex -0.082411396 0.0031918209 0.046251095
  endloop
 endfacet
 facet normal -0.99997083 0.0074600016 0.0016380361
  outer loop
   vertex -0.082411728 0.0038157225 0.047507483
   vertex -0.082407555 0.0043776992 0.047495311
   vertex -0.082408605 0.0043694657 0.046892092
  endloop
 endfacet
 facet normal -0.99997083 0.0074600016 0.0016380361
  outer loop
   vertex -0.082411728 0.0038157225 0.047507483
   vertex -0.082408605 0.0043694657 0.046892092
   vertex -0.08241194 0.0038139647 0.046879923
  endloop
 endfacet
 facet normal -0.99102092 -0.1248801 -0.047775434
  outer loop
   vertex -0.082425845 0.0046882777 0.046416374
   vertex -0.082412345 0.0046507493 0.046234423
   vertex -0.082408605 0.0043694657 0.046892092
  endloop
 endfacet
 facet normal -0.99102092 -0.1248801 -0.047775434
  outer loop
   vertex -0.082425845 0.0046882777 0.046416374
   vertex -0.082408605 0.0043694657 0.046892092
   vertex -0.082419313 0.0047139491 0.04690826
  endloop
 endfacet
 facet normal -0.99997585 0.0059242144 0.0036338436
  outer loop
   vertex -0.082413938 0.0038605491 0.046254334
   vertex -0.08241194 0.0038139647 0.046879923
   vertex -0.082408605 0.0043694657 0.046892092
  endloop
 endfacet
 facet normal -0.99997585 0.0059242144 0.0036338436
  outer loop
   vertex -0.082413938 0.0038605491 0.046254334
   vertex -0.082408605 0.0043694657 0.046892092
   vertex -0.082412345 0.0046507493 0.046234423
  endloop
 endfacet
 facet normal 1 0 0
  outer loop
   vertex -0.088410981 0.0031983481 0.048775616
   vertex -0.088410981 0.0032047382 0.048133555
   vertex -0.088410981 0.0038815997 0.048132854
  endloop
 endfacet
 facet normal 1 0 0
  outer loop
   vertex -0.088410981 0.0031983481 0.048775616
   vertex -0.088410981 0.0038815997 0.048132854
   vertex -0.088410981 0.0038414197 0.048776122
  endloop
 endfacet
 facet normal -0.0015248016 -0.94934713 -0.31422555
  outer loop
   vertex -0.088410981 0.0045571057 0.048838765
   vertex -0.087655923 0.0045649663 0.048811353
   vertex -0.087671849 0.004392196 0.049333409
  endloop
 endfacet
 facet normal -0.0015248016 -0.94934713 -0.31422555
  outer loop
   vertex -0.088410981 0.0045571057 0.048838765
   vertex -0.087671849 0.004392196 0.049333409
   vertex -0.088410965 0.0043636868 0.049403971
  endloop
 endfacet
 facet normal 1 0 0
  outer loop
   vertex -0.088410981 0.0038815997 0.048132854
   vertex -0.088410981 0.0046937034 0.04816848
   vertex -0.088410981 0.0045571057 0.048838765
  endloop
 endfacet
 facet normal 1 0 0
  outer loop
   vertex -0.088410981 0.0038815997 0.048132854
   vertex -0.088410981 0.0045571057 0.048838765
   vertex -0.088410981 0.0038414197 0.048776122
  endloop
 endfacet
 facet normal 0.99999998 -1.5872693e-07 0.00020188188
  outer loop
   vertex -0.088410981 0.0031983481 0.048775616
   vertex -0.088410981 0.0038414197 0.048776122
   vertex -0.088411109 0.0038101286 0.049409191
  endloop
 endfacet
 facet normal 0.99999998 -1.5872693e-07 0.00020188188
  outer loop
   vertex -0.088410981 0.0031983481 0.048775616
   vertex -0.088411109 0.0038101286 0.049409191
   vertex -0.088411152 0.0032086382 0.049427819
  endloop
 endfacet
 facet normal 1 -1.7430357e-16 -2.2264182e-14
  outer loop
   vertex -0.088410981 0.0039197053 0.046868175
   vertex -0.088410981 0.0032160578 0.046873684
   vertex -0.088410981 0.0032051628 0.046250446
  endloop
 endfacet
 facet normal 1 -1.7430357e-16 -2.2264182e-14
  outer loop
   vertex -0.088410981 0.0039197053 0.046868175
   vertex -0.088410981 0.0032051628 0.046250446
   vertex -0.088410981 0.0038850734 0.046251536
  endloop
 endfacet
 facet normal 1 -0 0
  outer loop
   vertex -0.088410981 0.0038717299 0.045623432
   vertex -0.088410981 0.0046449255 0.045593844
   vertex -0.088410981 0.0046784209 0.046232973
  endloop
 endfacet
 facet normal 1 -0 0
  outer loop
   vertex -0.088410981 0.0038717299 0.045623432
   vertex -0.088410981 0.0046784209 0.046232973
   vertex -0.088410981 0.0038850734 0.046251536
  endloop
 endfacet
 facet normal -7.3743735e-17 -0.99862953 0.052335957
  outer loop
   vertex -0.088410981 0.0046784209 0.046232973
   vertex -0.088410981 0.0046449255 0.045593844
   vertex -0.087639823 0.0046440102 0.045576378
  endloop
 endfacet
 facet normal -7.3743735e-17 -0.99862953 0.052335957
  outer loop
   vertex -0.088410981 0.0046784209 0.046232973
   vertex -0.087639823 0.0046440102 0.045576378
   vertex -0.087557 0.0046899794 0.046453523
  endloop
 endfacet
 facet normal -7.3743735e-17 -0.99862953 0.052335957
  outer loop
   vertex -0.088410981 0.0046784209 0.046232973
   vertex -0.087557 0.0046899794 0.046453523
   vertex -0.088006098 0.0046919732 0.046491566
  endloop
 endfacet
 facet normal 1 0 0
  outer loop
   vertex -0.088410981 0.0039197053 0.046868175
   vertex -0.088410981 0.0038850734 0.046251536
   vertex -0.088410981 0.0046784209 0.046232973
  endloop
 endfacet
 facet normal 1 0 0
  outer loop
   vertex -0.088410981 0.0039197053 0.046868175
   vertex -0.088410981 0.0046784209 0.046232973
   vertex -0.088410981 0.004711565 0.046865401
  endloop
 endfacet
 facet normal 1 2.2864655e-17 2.2157428e-14
  outer loop
   vertex -0.088410981 0.0032051628 0.046250446
   vertex -0.088410981 0.0031998862 0.045624125
   vertex -0.088410981 0.0038717299 0.045623432
  endloop
 endfacet
 facet normal 1 2.2864655e-17 2.2157428e-14
  outer loop
   vertex -0.088410981 0.0032051628 0.046250446
   vertex -0.088410981 0.0038717299 0.045623432
   vertex -0.088410981 0.0038850734 0.046251536
  endloop
 endfacet
 facet normal 0 0.99862953 -0.052335952
  outer loop
   vertex -0.08625 -0.0063800504 0.026297998
   vertex -0.086870113 -0.0063800504 0.026297998
   vertex -0.086930193 -0.006348637 0.026897403
  endloop
 endfacet
 facet normal 0 0.99862953 -0.052335952
  outer loop
   vertex -0.08625 -0.0063800504 0.026297998
   vertex -0.086930193 -0.006348637 0.026897403
   vertex -0.086275989 -0.0063486185 0.026897755
  endloop
 endfacet
 facet normal 1.8612838e-17 0.99862953 -0.052335952
  outer loop
   vertex -0.087638003 -0.0063170961 0.027499237
   vertex -0.086965076 -0.0063174056 0.027493332
   vertex -0.086930193 -0.006348637 0.026897403
  endloop
 endfacet
 facet normal 1.8612838e-17 0.99862953 -0.052335952
  outer loop
   vertex -0.087638003 -0.0063170961 0.027499237
   vertex -0.086930193 -0.006348637 0.026897403
   vertex -0.087586663 -0.0063487953 0.026894382
  endloop
 endfacet
 facet normal -7.1382209e-16 0.99862953 -0.052335952
  outer loop
   vertex -0.086293635 -0.0063174705 0.027492094
   vertex -0.086275989 -0.0063486185 0.026897755
   vertex -0.086930193 -0.006348637 0.026897403
  endloop
 endfacet
 facet normal -7.1382209e-16 0.99862953 -0.052335952
  outer loop
   vertex -0.086293635 -0.0063174705 0.027492094
   vertex -0.086930193 -0.006348637 0.026897403
   vertex -0.086965076 -0.0063174056 0.027493332
  endloop
 endfacet
 facet normal -3.3723426e-16 0.99862953 -0.052335952
  outer loop
   vertex -0.087451785 -0.0063800504 0.026297998
   vertex -0.087586663 -0.0063487953 0.026894382
   vertex -0.086930193 -0.006348637 0.026897403
  endloop
 endfacet
 facet normal -3.3723426e-16 0.99862953 -0.052335952
  outer loop
   vertex -0.087451785 -0.0063800504 0.026297998
   vertex -0.086930193 -0.006348637 0.026897403
   vertex -0.086870113 -0.0063800504 0.026297998
  endloop
 endfacet
 facet normal -4.9179049e-15 0.052336044 0.99862953
  outer loop
   vertex -0.08625 -0.0063800504 0.026297998
   vertex -0.086277327 -0.0057031979 0.026262525
   vertex -0.086932895 -0.0056926104 0.02626197
  endloop
 endfacet
 facet normal -4.9179049e-15 0.052336044 0.99862953
  outer loop
   vertex -0.08625 -0.0063800504 0.026297998
   vertex -0.086932895 -0.0056926104 0.02626197
   vertex -0.086870113 -0.0063800504 0.026297998
  endloop
 endfacet
 facet normal 1.6084212e-17 0.052336044 0.99862953
  outer loop
   vertex -0.087638235 -0.0050356893 0.026227543
   vertex -0.087590905 -0.0056622715 0.02626038
   vertex -0.086932895 -0.0056926104 0.02626197
  endloop
 endfacet
 facet normal 1.6084212e-17 0.052336044 0.99862953
  outer loop
   vertex -0.087638235 -0.0050356893 0.026227543
   vertex -0.086932895 -0.0056926104 0.02626197
   vertex -0.086965972 -0.0050551016 0.02622856
  endloop
 endfacet
 facet normal -0 0.052336044 0.99862953
  outer loop
   vertex -0.087451785 -0.0063800504 0.026297998
   vertex -0.086870113 -0.0063800504 0.026297998
   vertex -0.086932895 -0.0056926104 0.02626197
  endloop
 endfacet
 facet normal -0 0.052336044 0.99862953
  outer loop
   vertex -0.087451785 -0.0063800504 0.026297998
   vertex -0.086932895 -0.0056926104 0.02626197
   vertex -0.087590905 -0.0056622715 0.02626038
  endloop
 endfacet
 facet normal 1.8483614e-15 0.052336044 0.99862953
  outer loop
   vertex -0.086294196 -0.0050639666 0.026229025
   vertex -0.086965972 -0.0050551016 0.02622856
   vertex -0.086932895 -0.0056926104 0.02626197
  endloop
 endfacet
 facet normal 1.8483614e-15 0.052336044 0.99862953
  outer loop
   vertex -0.086294196 -0.0050639666 0.026229025
   vertex -0.086932895 -0.0056926104 0.02626197
   vertex -0.086277327 -0.0057031979 0.026262525
  endloop
 endfacet
 facet normal 1.9379033e-16 0.99862953 -0.052335952
  outer loop
   vertex -0.087638003 -0.0063170961 0.027499237
   vertex -0.088410981 -0.0063161362 0.027517555
   vertex -0.088410981 -0.0062837318 0.028135867
  endloop
 endfacet
 facet normal 1.9379033e-16 0.99862953 -0.052335952
  outer loop
   vertex -0.087638003 -0.0063170961 0.027499237
   vertex -0.088410981 -0.0062837318 0.028135867
   vertex -0.087656639 -0.0062843778 0.028123541
  endloop
 endfacet
 facet normal 3.9203103e-16 0.99862953 -0.052335952
  outer loop
   vertex -0.087665185 -0.0062515791 0.028749377
   vertex -0.087656639 -0.0062843778 0.028123541
   vertex -0.088410981 -0.0062837318 0.028135867
  endloop
 endfacet
 facet normal 3.9203103e-16 0.99862953 -0.052335952
  outer loop
   vertex -0.087665185 -0.0062515791 0.028749377
   vertex -0.088410981 -0.0062837318 0.028135867
   vertex -0.088410981 -0.0062510667 0.028759155
  endloop
 endfacet
 facet normal 1 0 -0
  outer loop
   vertex -0.088410981 -0.005607587 0.02875055
   vertex -0.088410981 -0.0055923537 0.029375874
   vertex -0.088410981 -0.0062184015 0.029382443
  endloop
 endfacet
 facet normal 1 0 -0
  outer loop
   vertex -0.088410981 -0.005607587 0.02875055
   vertex -0.088410981 -0.0062184015 0.029382443
   vertex -0.088410981 -0.0062510667 0.028759155
  endloop
 endfacet
 facet normal 1 -0 0
  outer loop
   vertex -0.088410981 -0.0062837318 0.028135867
   vertex -0.088410981 -0.0056216217 0.028123245
   vertex -0.088410981 -0.005607587 0.02875055
  endloop
 endfacet
 facet normal 1 -0 0
  outer loop
   vertex -0.088410981 -0.0062837318 0.028135867
   vertex -0.088410981 -0.005607587 0.02875055
   vertex -0.088410981 -0.0062510667 0.028759155
  endloop
 endfacet
 facet normal -3.3632333e-16 0.99862953 -0.052335952
  outer loop
   vertex -0.087638003 -0.0063170961 0.027499237
   vertex -0.087586663 -0.0063487953 0.026894382
   vertex -0.088410981 -0.0063512996 0.026846596
  endloop
 endfacet
 facet normal -3.3632333e-16 0.99862953 -0.052335952
  outer loop
   vertex -0.087638003 -0.0063170961 0.027499237
   vertex -0.088410981 -0.0063512996 0.026846596
   vertex -0.088410981 -0.0063161362 0.027517555
  endloop
 endfacet
 facet normal 0 0.99862953 -0.052335952
  outer loop
   vertex -0.087451785 -0.0063800504 0.026297998
   vertex -0.088410981 -0.0063800504 0.026297998
   vertex -0.088410981 -0.0063512996 0.026846596
  endloop
 endfacet
 facet normal 0 0.99862953 -0.052335952
  outer loop
   vertex -0.087451785 -0.0063800504 0.026297998
   vertex -0.088410981 -0.0063512996 0.026846596
   vertex -0.087586663 -0.0063487953 0.026894382
  endloop
 endfacet
 facet normal -1.6086717e-15 0.052336044 0.99862953
  outer loop
   vertex -0.087638235 -0.0050356893 0.026227543
   vertex -0.088410981 -0.0050055739 0.026225964
   vertex -0.088410981 -0.0055865202 0.02625641
  endloop
 endfacet
 facet normal -1.6086717e-15 0.052336044 0.99862953
  outer loop
   vertex -0.087638235 -0.0050356893 0.026227543
   vertex -0.088410981 -0.0055865202 0.02625641
   vertex -0.087590905 -0.0056622715 0.02626038
  endloop
 endfacet
 facet normal 2.8463928e-15 0.052336044 0.99862953
  outer loop
   vertex -0.087451785 -0.0063800504 0.026297998
   vertex -0.087590905 -0.0056622715 0.02626038
   vertex -0.088410981 -0.0055865202 0.02625641
  endloop
 endfacet
 facet normal 2.8463928e-15 0.052336044 0.99862953
  outer loop
   vertex -0.087451785 -0.0063800504 0.026297998
   vertex -0.088410981 -0.0055865202 0.02625641
   vertex -0.088410981 -0.0063800504 0.026297998
  endloop
 endfacet
 facet normal 1 0 0
  outer loop
   vertex -0.088410981 -0.0063512996 0.026846596
   vertex -0.088410981 -0.0063800504 0.026297998
   vertex -0.088410981 -0.0055865202 0.02625641
  endloop
 endfacet
 facet normal 1 0 0
  outer loop
   vertex -0.088410981 -0.0063512996 0.026846596
   vertex -0.088410981 -0.0055865202 0.02625641
   vertex -0.088410981 -0.005625511 0.026881262
  endloop
 endfacet
 facet normal -1 -5.9418417e-05 6.7238908e-07
  outer loop
   vertex -0.082410976 -0.0025171933 0.026095554
   vertex -0.082410976 -0.0025093537 0.026788326
   vertex -0.082411013 -0.0018849543 0.026772034
  endloop
 endfacet
 facet normal -1 -5.9418417e-05 6.7238908e-07
  outer loop
   vertex -0.082410976 -0.0025171933 0.026095554
   vertex -0.082411013 -0.0018849543 0.026772034
   vertex -0.082410977 -0.0018939034 0.026062922
  endloop
 endfacet
 facet normal -0.99999993 -0.00027477951 0.00025071313
  outer loop
   vertex -0.082411025 -0.0012556341 0.027414919
   vertex -0.082411189 -0.0012603378 0.026757817
   vertex -0.082411013 -0.0018849543 0.026772034
  endloop
 endfacet
 facet normal -0.99999993 -0.00027477951 0.00025071313
  outer loop
   vertex -0.082411025 -0.0012556341 0.027414919
   vertex -0.082411013 -0.0018849543 0.026772034
   vertex -0.082410986 -0.0018806926 0.027421765
  endloop
 endfacet
 facet normal -1 -9.4751527e-06 -5.1172708e-05
  outer loop
   vertex -0.082410981 -0.0012706042 0.02603047
   vertex -0.082410977 -0.0018939034 0.026062922
   vertex -0.082411013 -0.0018849543 0.026772034
  endloop
 endfacet
 facet normal -1 -9.4751527e-06 -5.1172708e-05
  outer loop
   vertex -0.082410981 -0.0012706042 0.02603047
   vertex -0.082411013 -0.0018849543 0.026772034
   vertex -0.082411189 -0.0012603378 0.026757817
  endloop
 endfacet
 facet normal -0.99999936 -0.00017163795 0.0011217647
  outer loop
   vertex -0.082411025 -0.0012556341 0.027414919
   vertex -0.082411135 -0.00062972539 0.027412441
   vertex -0.08241188 -0.00063432833 0.026748256
  endloop
 endfacet
 facet normal -0.99999936 -0.00017163795 0.0011217647
  outer loop
   vertex -0.082411025 -0.0012556341 0.027414919
   vertex -0.08241188 -0.00063432833 0.026748256
   vertex -0.082411189 -0.0012603378 0.026757817
  endloop
 endfacet
 facet normal -0.99999928 -0.00029977323 -0.0011612591
  outer loop
   vertex -0.08241116 -3.1529974e-05 0.025972946
   vertex -0.082411005 -0.00064839879 0.025999064
   vertex -0.08241188 -0.00063432833 0.026748256
  endloop
 endfacet
 facet normal -0.99999928 -0.00029977323 -0.0011612591
  outer loop
   vertex -0.08241116 -3.1529974e-05 0.025972946
   vertex -0.08241188 -0.00063432833 0.026748256
   vertex -0.082413726 -4.2777627e-06 0.02674497
  endloop
 endfacet
 facet normal -0.99999935 -0.0011079747 -0.00026940122
  outer loop
   vertex -0.082410981 -0.0012706042 0.02603047
   vertex -0.082411189 -0.0012603378 0.026757817
   vertex -0.08241188 -0.00063432833 0.026748256
  endloop
 endfacet
 facet normal -0.99999935 -0.0011079747 -0.00026940122
  outer loop
   vertex -0.082410981 -0.0012706042 0.02603047
   vertex -0.08241188 -0.00063432833 0.026748256
   vertex -0.082411005 -0.00064839879 0.025999064
  endloop
 endfacet
 facet normal -1 0 0
  outer loop
   vertex -0.082410976 -0.002501546 0.028734832
   vertex -0.082410976 -0.0025031239 0.028088765
   vertex -0.082410976 -0.0031293346 0.028093676
  endloop
 endfacet
 facet normal -1 0 0
  outer loop
   vertex -0.082410976 -0.002501546 0.028734832
   vertex -0.082410976 -0.0031293346 0.028093676
   vertex -0.082410976 -0.003127628 0.028736945
  endloop
 endfacet
 facet normal -1 0 0
  outer loop
   vertex -0.082410976 -0.0037597935 0.027451485
   vertex -0.082410976 -0.0037579633 0.028099163
   vertex -0.082410976 -0.0031293346 0.028093676
  endloop
 endfacet
 facet normal -1 0 0
  outer loop
   vertex -0.082410976 -0.0037597935 0.027451485
   vertex -0.082410976 -0.0031293346 0.028093676
   vertex -0.082410976 -0.0031315763 0.027440553
  endloop
 endfacet
 facet normal -1 0 0
  outer loop
   vertex -0.082410976 -0.0037556589 0.028739371
   vertex -0.082410976 -0.003127628 0.028736945
   vertex -0.082410976 -0.0031293346 0.028093676
  endloop
 endfacet
 facet normal -1 0 0
  outer loop
   vertex -0.082410976 -0.0037556589 0.028739371
   vertex -0.082410976 -0.0031293346 0.028093676
   vertex -0.082410976 -0.0037579633 0.028099163
  endloop
 endfacet
 facet normal -1 0 0
  outer loop
   vertex -0.082410976 -0.0037512377 0.029998972
   vertex -0.082410976 -0.0037533781 0.029371343
   vertex -0.082410976 -0.0043828897 0.029372588
  endloop
 endfacet
 facet normal -1 0 0
  outer loop
   vertex -0.082410976 -0.0037512377 0.029998972
   vertex -0.082410976 -0.0043828897 0.029372588
   vertex -0.082410976 -0.0043781141 0.029999485
  endloop
 endfacet
 facet normal -1 0 0
  outer loop
   vertex -0.082410976 -0.0050208924 0.028745852
   vertex -0.082410976 -0.005011741 0.029374267
   vertex -0.082410976 -0.0043828897 0.029372588
  endloop
 endfacet
 facet normal -1 0 0
  outer loop
   vertex -0.082410976 -0.0050208924 0.028745852
   vertex -0.082410976 -0.0043828897 0.029372588
   vertex -0.082410976 -0.004387553 0.028742249
  endloop
 endfacet
 facet normal -1 0 0
  outer loop
   vertex -0.082410976 -0.0037556589 0.028739371
   vertex -0.082410976 -0.004387553 0.028742249
   vertex -0.082410976 -0.0043828897 0.029372588
  endloop
 endfacet
 facet normal -1 0 0
  outer loop
   vertex -0.082410976 -0.0037556589 0.028739371
   vertex -0.082410976 -0.0043828897 0.029372588
   vertex -0.082410976 -0.0037533781 0.029371343
  endloop
 endfacet
 facet normal -1 0 0
  outer loop
   vertex -0.082410976 -0.002501546 0.028734832
   vertex -0.082410976 -0.003127628 0.028736945
   vertex -0.082410976 -0.0031263945 0.029370372
  endloop
 endfacet
 facet normal -1 0 0
  outer loop
   vertex -0.082410976 -0.002501546 0.028734832
   vertex -0.082410976 -0.0031263945 0.029370372
   vertex -0.082410976 -0.0025006787 0.029369572
  endloop
 endfacet
 facet normal -1 0 0
  outer loop
   vertex -0.082410976 -0.0037512377 0.029998972
   vertex -0.082410976 -0.0031254616 0.029998615
   vertex -0.082410976 -0.0031263945 0.029370372
  endloop
 endfacet
 facet normal -1 0 0
  outer loop
   vertex -0.082410976 -0.0037512377 0.029998972
   vertex -0.082410976 -0.0031263945 0.029370372
   vertex -0.082410976 -0.0037533781 0.029371343
  endloop
 endfacet
 facet normal -1 0 0
  outer loop
   vertex -0.082410976 -0.0037556589 0.028739371
   vertex -0.082410976 -0.0037533781 0.029371343
   vertex -0.082410976 -0.0031263945 0.029370372
  endloop
 endfacet
 facet normal -1 0 0
  outer loop
   vertex -0.082410976 -0.0037556589 0.028739371
   vertex -0.082410976 -0.0031263945 0.029370372
   vertex -0.082410976 -0.003127628 0.028736945
  endloop
 endfacet
 facet normal -1 0 0
  outer loop
   vertex -0.082410976 -0.0037597935 0.027451485
   vertex -0.082410976 -0.0043933773 0.02746344
   vertex -0.082410976 -0.0043915163 0.028105379
  endloop
 endfacet
 facet normal -1 0 0
  outer loop
   vertex -0.082410976 -0.0037597935 0.027451485
   vertex -0.082410976 -0.0043915163 0.028105379
   vertex -0.082410976 -0.0037579633 0.028099163
  endloop
 endfacet
 facet normal -1 0 0
  outer loop
   vertex -0.082410976 -0.0050208924 0.028745852
   vertex -0.082410976 -0.004387553 0.028742249
   vertex -0.082410976 -0.0043915163 0.028105379
  endloop
 endfacet
 facet normal -1 0 0
  outer loop
   vertex -0.082410976 -0.0050208924 0.028745852
   vertex -0.082410976 -0.0043915163 0.028105379
   vertex -0.082410976 -0.0050284499 0.028112793
  endloop
 endfacet
 facet normal -1 0 0
  outer loop
   vertex -0.082410976 -0.0037556589 0.028739371
   vertex -0.082410976 -0.0037579633 0.028099163
   vertex -0.082410976 -0.0043915163 0.028105379
  endloop
 endfacet
 facet normal -1 0 0
  outer loop
   vertex -0.082410976 -0.0037556589 0.028739371
   vertex -0.082410976 -0.0043915163 0.028105379
   vertex -0.082410976 -0.004387553 0.028742249
  endloop
 endfacet
 facet normal -1 0 0
  outer loop
   vertex -0.082410976 -0.0025171933 0.026095554
   vertex -0.082410976 -0.0031404814 0.026128219
   vertex -0.082410976 -0.0031342368 0.026805495
  endloop
 endfacet
 facet normal -1 0 0
  outer loop
   vertex -0.082410976 -0.0025171933 0.026095554
   vertex -0.082410976 -0.0031342368 0.026805495
   vertex -0.082410976 -0.0025093537 0.026788326
  endloop
 endfacet
 facet normal -1 0 0
  outer loop
   vertex -0.082410976 -0.0037597935 0.027451485
   vertex -0.082410976 -0.0031315763 0.027440553
   vertex -0.082410976 -0.0031342368 0.026805495
  endloop
 endfacet
 facet normal -1 0 0
  outer loop
   vertex -0.082410976 -0.0037597935 0.027451485
   vertex -0.082410976 -0.0031342368 0.026805495
   vertex -0.082410976 -0.0037601662 0.026824303
  endloop
 endfacet
 facet normal -1 0 0
  outer loop
   vertex -0.082410976 -0.0037637694 0.026160884
   vertex -0.082410976 -0.0037601662 0.026824303
   vertex -0.082410976 -0.0031342368 0.026805495
  endloop
 endfacet
 facet normal -1 0 0
  outer loop
   vertex -0.082410976 -0.0037637694 0.026160884
   vertex -0.082410976 -0.0031342368 0.026805495
   vertex -0.082410976 -0.0031404814 0.026128219
  endloop
 endfacet
 facet normal -1 2.2007412e-14 -1.3077835e-17
  outer loop
   vertex -0.082410976 -0.0037597935 0.027451485
   vertex -0.082410976 -0.0037601662 0.026824303
   vertex -0.082410976 -0.0043907512 0.026843051
  endloop
 endfacet
 facet normal -1 2.2007412e-14 -1.3077835e-17
  outer loop
   vertex -0.082410976 -0.0037597935 0.027451485
   vertex -0.082410976 -0.0043907512 0.026843051
   vertex -0.082410976 -0.0043933773 0.02746344
  endloop
 endfacet
 facet normal -1 -2.1135569e-14 2.1058038e-14
  outer loop
   vertex -0.082410976 -0.0050055739 0.026225964
   vertex -0.082410976 -0.0050243492 0.026866145
   vertex -0.082410976 -0.0043907512 0.026843051
  endloop
 endfacet
 facet normal -1 -2.1135569e-14 2.1058038e-14
  outer loop
   vertex -0.082410976 -0.0050055739 0.026225964
   vertex -0.082410976 -0.0043907512 0.026843051
   vertex -0.082410976 -0.0043870575 0.026193549
  endloop
 endfacet
 facet normal -1 -1.1201239e-15 -2.13732e-14
  outer loop
   vertex -0.082410976 -0.0037637694 0.026160884
   vertex -0.082410976 -0.0043870575 0.026193549
   vertex -0.082410976 -0.0043907512 0.026843051
  endloop
 endfacet
 facet normal -1 -1.1201239e-15 -2.13732e-14
  outer loop
   vertex -0.082410976 -0.0037637694 0.026160884
   vertex -0.082410976 -0.0043907512 0.026843051
   vertex -0.082410976 -0.0037601662 0.026824303
  endloop
 endfacet
 facet normal 2.7004951e-15 0.99862953 -0.052335952
  outer loop
   vertex -0.083754887 -0.0063800504 0.026297998
   vertex -0.083725904 -0.0063482846 0.026904126
   vertex -0.083105682 -0.0063477334 0.026914643
  endloop
 endfacet
 facet normal 2.7004951e-15 0.99862953 -0.052335952
  outer loop
   vertex -0.083754887 -0.0063800504 0.026297998
   vertex -0.083105682 -0.0063477334 0.026914643
   vertex -0.083173215 -0.0063800504 0.026297998
  endloop
 endfacet
 facet normal -1.92151e-15 0.99862953 -0.052335952
  outer loop
   vertex -0.082410976 -0.0063161362 0.027517555
   vertex -0.082410976 -0.0063464914 0.026938343
   vertex -0.083105682 -0.0063477334 0.026914643
  endloop
 endfacet
 facet normal -1.92151e-15 0.99862953 -0.052335952
  outer loop
   vertex -0.082410976 -0.0063161362 0.027517555
   vertex -0.083105682 -0.0063477334 0.026914643
   vertex -0.08308194 -0.0063167811 0.027505248
  endloop
 endfacet
 facet normal 4.9017609e-16 0.99862953 -0.052335952
  outer loop
   vertex -0.083708759 -0.0063172116 0.027497034
   vertex -0.08308194 -0.0063167811 0.027505248
   vertex -0.083105682 -0.0063477334 0.026914643
  endloop
 endfacet
 facet normal 4.9017609e-16 0.99862953 -0.052335952
  outer loop
   vertex -0.083708759 -0.0063172116 0.027497034
   vertex -0.083105682 -0.0063477334 0.026914643
   vertex -0.083725904 -0.0063482846 0.026904126
  endloop
 endfacet
 facet normal -1.1363541e-15 0.99862953 -0.052335952
  outer loop
   vertex -0.082410976 -0.0063800504 0.026297998
   vertex -0.083173215 -0.0063800504 0.026297998
   vertex -0.083105682 -0.0063477334 0.026914643
  endloop
 endfacet
 facet normal -1.1363541e-15 0.99862953 -0.052335952
  outer loop
   vertex -0.082410976 -0.0063800504 0.026297998
   vertex -0.083105682 -0.0063477334 0.026914643
   vertex -0.082410976 -0.0063464914 0.026938343
  endloop
 endfacet
 facet normal 7.8041003e-17 0.052336044 0.99862953
  outer loop
   vertex -0.083754887 -0.0063800504 0.026297998
   vertex -0.083173215 -0.0063800504 0.026297998
   vertex -0.083104483 -0.005663949 0.026260468
  endloop
 endfacet
 facet normal 7.8041003e-17 0.052336044 0.99862953
  outer loop
   vertex -0.083754887 -0.0063800504 0.026297998
   vertex -0.083104483 -0.005663949 0.026260468
   vertex -0.083724232 -0.0056927696 0.026261979
  endloop
 endfacet
 facet normal -5.6642634e-15 0.052336044 0.99862953
  outer loop
   vertex -0.082410976 -0.0050055739 0.026225964
   vertex -0.083080697 -0.0050364797 0.026227584
   vertex -0.083104483 -0.005663949 0.026260468
  endloop
 endfacet
 facet normal -5.6642634e-15 0.052336044 0.99862953
  outer loop
   vertex -0.082410976 -0.0050055739 0.026225964
   vertex -0.083104483 -0.005663949 0.026260468
   vertex -0.082410976 -0.0055865202 0.02625641
  endloop
 endfacet
 facet normal -2.5298796e-15 0.052336044 0.99862953
  outer loop
   vertex -0.083708287 -0.0050555898 0.026228586
   vertex -0.083724232 -0.0056927696 0.026261979
   vertex -0.083104483 -0.005663949 0.026260468
  endloop
 endfacet
 facet normal -2.5298796e-15 0.052336044 0.99862953
  outer loop
   vertex -0.083708287 -0.0050555898 0.026228586
   vertex -0.083104483 -0.005663949 0.026260468
   vertex -0.083080697 -0.0050364797 0.026227584
  endloop
 endfacet
 facet normal 1.5310545e-15 0.052336044 0.99862953
  outer loop
   vertex -0.082410976 -0.0063800504 0.026297998
   vertex -0.082410976 -0.0055865202 0.02625641
   vertex -0.083104483 -0.005663949 0.026260468
  endloop
 endfacet
 facet normal 1.5310545e-15 0.052336044 0.99862953
  outer loop
   vertex -0.082410976 -0.0063800504 0.026297998
   vertex -0.083104483 -0.005663949 0.026260468
   vertex -0.083173215 -0.0063800504 0.026297998
  endloop
 endfacet
 facet normal -1 -1.7456927e-16 -2.2207047e-14
  outer loop
   vertex -0.082410976 -0.0061857364 0.030005731
   vertex -0.082410976 -0.005594084 0.03000108
   vertex -0.082410976 -0.0056115082 0.02937629
  endloop
 endfacet
 facet normal -1 -1.7456927e-16 -2.2207047e-14
  outer loop
   vertex -0.082410976 -0.0061857364 0.030005731
   vertex -0.082410976 -0.0056115082 0.02937629
   vertex -0.082410976 -0.0062184015 0.029382443
  endloop
 endfacet
 facet normal -1 1.6102323e-16 2.2163786e-14
  outer loop
   vertex -0.082410976 -0.0050208924 0.028745852
   vertex -0.082410976 -0.0056282909 0.028750265
   vertex -0.082410976 -0.0056115082 0.02937629
  endloop
 endfacet
 facet normal -1 1.6102323e-16 2.2163786e-14
  outer loop
   vertex -0.082410976 -0.0050208924 0.028745852
   vertex -0.082410976 -0.0056115082 0.02937629
   vertex -0.082410976 -0.005011741 0.029374267
  endloop
 endfacet
 facet normal -1 2.2562327e-16 2.2253622e-14
  outer loop
   vertex -0.082410976 -0.0062510667 0.028759155
   vertex -0.082410976 -0.0062184015 0.029382443
   vertex -0.082410976 -0.0056115082 0.02937629
  endloop
 endfacet
 facet normal -1 2.2562327e-16 2.2253622e-14
  outer loop
   vertex -0.082410976 -0.0062510667 0.028759155
   vertex -0.082410976 -0.0056115082 0.02937629
   vertex -0.082410976 -0.0056282909 0.028750265
  endloop
 endfacet
 facet normal -1 -4.8856117e-16 -2.2419024e-14
  outer loop
   vertex -0.082410976 -0.0063161362 0.027517555
   vertex -0.082410976 -0.0062837318 0.028135867
   vertex -0.082410976 -0.0056430062 0.028121904
  endloop
 endfacet
 facet normal -1 -4.8856117e-16 -2.2419024e-14
  outer loop
   vertex -0.082410976 -0.0063161362 0.027517555
   vertex -0.082410976 -0.0056430062 0.028121904
   vertex -0.082410976 -0.005652081 0.027494239
  endloop
 endfacet
 facet normal -1 2.2577802e-14 -2.6953484e-16
  outer loop
   vertex -0.082410976 -0.0050208924 0.028745852
   vertex -0.082410976 -0.0050284499 0.028112793
   vertex -0.082410976 -0.0056430062 0.028121904
  endloop
 endfacet
 facet normal -1 2.2577802e-14 -2.6953484e-16
  outer loop
   vertex -0.082410976 -0.0050208924 0.028745852
   vertex -0.082410976 -0.0056430062 0.028121904
   vertex -0.082410976 -0.0056282909 0.028750265
  endloop
 endfacet
 facet normal -1 3.1516634e-16 2.2078316e-14
  outer loop
   vertex -0.082410976 -0.0062510667 0.028759155
   vertex -0.082410976 -0.0056282909 0.028750265
   vertex -0.082410976 -0.0056430062 0.028121904
  endloop
 endfacet
 facet normal -1 3.1516634e-16 2.2078316e-14
  outer loop
   vertex -0.082410976 -0.0062510667 0.028759155
   vertex -0.082410976 -0.0056430062 0.028121904
   vertex -0.082410976 -0.0062837318 0.028135867
  endloop
 endfacet
 facet normal 1 -4.4195065e-14 2.1885919e-14
  outer loop
   vertex -0.088410981 -0.0037525282 0.02811054
   vertex -0.088410981 -0.0031266978 0.02810611
   vertex -0.088410981 -0.0031253263 0.028742976
  endloop
 endfacet
 facet normal 1 -4.4195065e-14 2.1885919e-14
  outer loop
   vertex -0.088410981 -0.0037525282 0.02811054
   vertex -0.088410981 -0.0031253263 0.028742976
   vertex -0.088410981 -0.0037505193 0.028744858
  endloop
 endfacet
 facet normal 1 2.2209988e-14 -1.0300134e-16
  outer loop
   vertex -0.088410981 -0.0037492986 0.029373698
   vertex -0.088410981 -0.0043741398 0.029374407
   vertex -0.088410981 -0.0043770512 0.028746618
  endloop
 endfacet
 facet normal 1 2.2209988e-14 -1.0300134e-16
  outer loop
   vertex -0.088410981 -0.0037492986 0.029373698
   vertex -0.088410981 -0.0043770512 0.028746618
   vertex -0.088410981 -0.0037505193 0.028744858
  endloop
 endfacet
 facet normal 1 -2.2217832e-14 2.295107e-17
  outer loop
   vertex -0.088410981 -0.0031253263 0.028742976
   vertex -0.088410981 -0.0031246755 0.029372955
   vertex -0.088410981 -0.0037492986 0.029373698
  endloop
 endfacet
 facet normal 1 -2.2217832e-14 2.295107e-17
  outer loop
   vertex -0.088410981 -0.0031253263 0.028742976
   vertex -0.088410981 -0.0037492986 0.029373698
   vertex -0.088410981 -0.0037505193 0.028744858
  endloop
 endfacet
 facet normal 1 2.2091364e-14 -1.2769293e-16
  outer loop
   vertex -0.088410981 -0.0043770512 0.028746618
   vertex -0.088410981 -0.0043807041 0.028114662
   vertex -0.088410981 -0.0037525282 0.02811054
  endloop
 endfacet
 facet normal 1 2.2091364e-14 -1.2769293e-16
  outer loop
   vertex -0.088410981 -0.0043770512 0.028746618
   vertex -0.088410981 -0.0037525282 0.02811054
   vertex -0.088410981 -0.0037505193 0.028744858
  endloop
 endfacet
 facet normal 1 0 0
  outer loop
   vertex -0.088410981 -0.0012581824 0.02677665
   vertex -0.088410981 -0.0018827963 0.026792733
   vertex -0.088410981 -0.0018939052 0.026062888
  endloop
 endfacet
 facet normal 1 0 0
  outer loop
   vertex -0.088410981 -0.0012581824 0.02677665
   vertex -0.088410981 -0.0018939052 0.026062888
   vertex -0.088410981 -0.0012706171 0.026030223
  endloop
 endfacet
 facet normal -1.7994831e-15 0.052336044 0.99862953
  outer loop
   vertex -0.087642421 -4.941011e-05 0.025966222
   vertex -0.088410981 -3.193034e-05 0.025965306
   vertex -0.088410981 -0.00064847459 0.025997618
  endloop
 endfacet
 facet normal -1.7994831e-15 0.052336044 0.99862953
  outer loop
   vertex -0.087642421 -4.941011e-05 0.025966222
   vertex -0.088410981 -0.00064847459 0.025997618
   vertex -0.087642709 -0.0006399468 0.025997171
  endloop
 endfacet
 facet normal 2.6316037e-16 0.052336044 0.99862953
  outer loop
   vertex -0.087645185 -0.0012610047 0.026029719
   vertex -0.087642709 -0.0006399468 0.025997171
   vertex -0.088410981 -0.00064847459 0.025997618
  endloop
 endfacet
 facet normal 2.6316037e-16 0.052336044 0.99862953
  outer loop
   vertex -0.087645185 -0.0012610047 0.026029719
   vertex -0.088410981 -0.00064847459 0.025997618
   vertex -0.088410981 -0.0012706171 0.026030223
  endloop
 endfacet
 facet normal 1 0 0
  outer loop
   vertex -0.088410981 -0.0012581824 0.02677665
   vertex -0.088410981 -0.0012706171 0.026030223
   vertex -0.088410981 -0.00064847459 0.025997618
  endloop
 endfacet
 facet normal 1 0 0
  outer loop
   vertex -0.088410981 -0.0012581824 0.02677665
   vertex -0.088410981 -0.00064847459 0.025997618
   vertex -0.088410981 -0.00063217659 0.026762213
  endloop
 endfacet
 facet normal 1 0 -0
  outer loop
   vertex -0.088410981 -0.0031404814 0.026128219
   vertex -0.088410981 -0.0031314249 0.026827093
   vertex -0.088410981 -0.0037565879 0.02684438
  endloop
 endfacet
 facet normal 1 0 -0
  outer loop
   vertex -0.088410981 -0.0031404814 0.026128219
   vertex -0.088410981 -0.0037565879 0.02684438
   vertex -0.088410981 -0.0037637694 0.026160884
  endloop
 endfacet
 facet normal -7.1527733e-16 0.052336044 0.99862953
  outer loop
   vertex -0.087638235 -0.0050356893 0.026227543
   vertex -0.087652502 -0.0043960271 0.026194019
   vertex -0.088410981 -0.0043870575 0.026193549
  endloop
 endfacet
 facet normal -7.1527733e-16 0.052336044 0.99862953
  outer loop
   vertex -0.087638235 -0.0050356893 0.026227543
   vertex -0.088410981 -0.0043870575 0.026193549
   vertex -0.088410981 -0.0050055739 0.026225964
  endloop
 endfacet
 facet normal 2.6851343e-15 0.052336044 0.99862953
  outer loop
   vertex -0.087655161 -0.0037623277 0.026160808
   vertex -0.088410981 -0.0037637694 0.026160884
   vertex -0.088410981 -0.0043870575 0.026193549
  endloop
 endfacet
 facet normal 2.6851343e-15 0.052336044 0.99862953
  outer loop
   vertex -0.087655161 -0.0037623277 0.026160808
   vertex -0.088410981 -0.0043870575 0.026193549
   vertex -0.087652502 -0.0043960271 0.026194019
  endloop
 endfacet
 facet normal 1 0 0
  outer loop
   vertex -0.088410981 -0.0037565879 0.02684438
   vertex -0.088410981 -0.0043837874 0.02686111
   vertex -0.088410981 -0.0043870575 0.026193549
  endloop
 endfacet
 facet normal 1 0 0
  outer loop
   vertex -0.088410981 -0.0037565879 0.02684438
   vertex -0.088410981 -0.0043870575 0.026193549
   vertex -0.088410981 -0.0037637694 0.026160884
  endloop
 endfacet
 facet normal -1.2488361e-15 -0.99862953 0.052335957
  outer loop
   vertex -0.083718996 0.0036340217 0.02630465
   vertex -0.083700597 0.0036643219 0.026882812
   vertex -0.084350447 0.003664284 0.026882089
  endloop
 endfacet
 facet normal -1.2488361e-15 -0.99862953 0.052335957
  outer loop
   vertex -0.083718996 0.0036340217 0.02630465
   vertex -0.084350447 0.003664284 0.026882089
   vertex -0.084359606 0.0036339256 0.026302816
  endloop
 endfacet
 facet normal 6.7592435e-16 -0.99862953 0.052335957
  outer loop
   vertex -0.084995685 0.0036967857 0.027502259
   vertex -0.084996017 0.0036642446 0.026881337
   vertex -0.084350447 0.003664284 0.026882089
  endloop
 endfacet
 facet normal 6.7592435e-16 -0.99862953 0.052335957
  outer loop
   vertex -0.084995685 0.0036967857 0.027502259
   vertex -0.084350447 0.003664284 0.026882089
   vertex -0.084346988 0.0036967945 0.027502426
  endloop
 endfacet
 facet normal -2.0117466e-15 -0.99862953 0.052335957
  outer loop
   vertex -0.083693958 0.0036967842 0.027502229
   vertex -0.084346988 0.0036967945 0.027502426
   vertex -0.084350447 0.003664284 0.026882089
  endloop
 endfacet
 facet normal -2.0117466e-15 -0.99862953 0.052335957
  outer loop
   vertex -0.083693958 0.0036967842 0.027502229
   vertex -0.084350447 0.003664284 0.026882089
   vertex -0.083700597 0.0036643219 0.026882812
  endloop
 endfacet
 facet normal 3.9369542e-17 -0.99862953 0.052335957
  outer loop
   vertex -0.084997458 0.0036338567 0.026301501
   vertex -0.084359606 0.0036339256 0.026302816
   vertex -0.084350447 0.003664284 0.026882089
  endloop
 endfacet
 facet normal 3.9369542e-17 -0.99862953 0.052335957
  outer loop
   vertex -0.084997458 0.0036338567 0.026301501
   vertex -0.084350447 0.003664284 0.026882089
   vertex -0.084996017 0.0036642446 0.026881337
  endloop
 endfacet
 facet normal -4.2018521e-07 0.052336547 0.9986295
  outer loop
   vertex -0.084996312 0.0030881662 0.025801789
   vertex -0.084357067 0.0030872608 0.025801836
   vertex -0.084375 0.0036062449 0.025774637
  endloop
 endfacet
 facet normal -4.2018521e-07 0.052336547 0.9986295
  outer loop
   vertex -0.084996312 0.0030881662 0.025801789
   vertex -0.084375 0.0036062449 0.025774637
   vertex -0.085 0.0036062449 0.025774637
  endloop
 endfacet
 facet normal -4.269885e-06 0.052339392 0.99862935
  outer loop
   vertex -0.083714605 0.0030854311 0.025801935
   vertex -0.084357067 0.0030872608 0.025801836
   vertex -0.084345398 0.0025109475 0.025832042
  endloop
 endfacet
 facet normal -4.269885e-06 0.052339392 0.99862935
  outer loop
   vertex -0.083714605 0.0030854311 0.025801935
   vertex -0.084345398 0.0025109475 0.025832042
   vertex -0.083692568 0.0025095333 0.025832133
  endloop
 endfacet
 facet normal -2.5683357e-05 0.052508869 0.99862046
  outer loop
   vertex -0.083061455 0.0025057071 0.025832435
   vertex -0.083090184 0.0030822553 0.025802118
   vertex -0.083714605 0.0030854311 0.025801935
  endloop
 endfacet
 facet normal -2.5683357e-05 0.052508869 0.99862046
  outer loop
   vertex -0.083061455 0.0025057071 0.025832435
   vertex -0.083714605 0.0030854311 0.025801935
   vertex -0.083692568 0.0025095333 0.025832133
  endloop
 endfacet
 facet normal 2.9188479e-05 0.052377971 0.99862733
  outer loop
   vertex -0.083173215 0.0036062449 0.025774637
   vertex -0.083090184 0.0030822553 0.025802118
   vertex -0.082411005 0.0030760124 0.025802426
  endloop
 endfacet
 facet normal 2.9188479e-05 0.052377971 0.99862733
  outer loop
   vertex -0.083173215 0.0036062449 0.025774637
   vertex -0.082411005 0.0030760124 0.025802426
   vertex -0.082410976 0.0036062449 0.025774637
  endloop
 endfacet
 facet normal -0.99999119 -0.0025729997 -0.0033179769
  outer loop
   vertex -0.082410311 0.0024979881 0.026344136
   vertex -0.082408697 0.0018821048 0.026335346
   vertex -0.082410505 0.0018804707 0.026881499
  endloop
 endfacet
 facet normal -0.99999119 -0.0025729997 -0.0033179769
  outer loop
   vertex -0.082410311 0.0024979881 0.026344136
   vertex -0.082410505 0.0018804707 0.026881499
   vertex -0.082410734 0.0025007959 0.026895349
  endloop
 endfacet
 facet normal -0.99999975 0.0003343472 -0.00062678362
  outer loop
   vertex -0.082411084 0.0012535203 0.027470689
   vertex -0.082410888 0.0018818872 0.027493337
   vertex -0.082410505 0.0018804707 0.026881499
  endloop
 endfacet
 facet normal -0.99999975 0.0003343472 -0.00062678362
  outer loop
   vertex -0.082411084 0.0012535203 0.027470689
   vertex -0.082410505 0.0018804707 0.026881499
   vertex -0.082411532 0.0012546584 0.026838848
  endloop
 endfacet
 facet normal -0.99999518 0.001813267 -0.0025215744
  outer loop
   vertex -0.082410091 0.0012690385 0.026277852
   vertex -0.082411532 0.0012546584 0.026838848
   vertex -0.082410505 0.0018804707 0.026881499
  endloop
 endfacet
 facet normal -0.99999518 0.001813267 -0.0025215744
  outer loop
   vertex -0.082410091 0.0012690385 0.026277852
   vertex -0.082410505 0.0018804707 0.026881499
   vertex -0.082408697 0.0018821048 0.026335346
  endloop
 endfacet
 facet normal -0.99978855 0.012342362 0.016447351
  outer loop
   vertex -0.082410091 0.0012690385 0.026277852
   vertex -0.082416139 0.0012879086 0.025896075
   vertex -0.082421851 0.00079060571 0.025922056
  endloop
 endfacet
 facet normal -0.99978855 0.012342362 0.016447351
  outer loop
   vertex -0.082410091 0.0012690385 0.026277852
   vertex -0.082421851 0.00079060571 0.025922056
   vertex -0.08241269 0.00060884018 0.025963122
  endloop
 endfacet
 facet normal -0.99999778 0.0013285822 0.0016338939
  outer loop
   vertex -0.082410311 0.0024979881 0.026344136
   vertex -0.082411148 0.0024968007 0.02583278
   vertex -0.082411912 0.001881897 0.025864999
  endloop
 endfacet
 facet normal -0.99999778 0.0013285822 0.0016338939
  outer loop
   vertex -0.082410311 0.0024979881 0.026344136
   vertex -0.082411912 0.001881897 0.025864999
   vertex -0.082408697 0.0018821048 0.026335346
  endloop
 endfacet
 facet normal -0.99997531 0.0016335566 0.0068349925
  outer loop
   vertex -0.082410091 0.0012690385 0.026277852
   vertex -0.082408697 0.0018821048 0.026335346
   vertex -0.082411912 0.001881897 0.025864999
  endloop
 endfacet
 facet normal -0.99997531 0.0016335566 0.0068349925
  outer loop
   vertex -0.082410091 0.0012690385 0.026277852
   vertex -0.082411912 0.001881897 0.025864999
   vertex -0.082416139 0.0012879086 0.025896075
  endloop
 endfacet
 facet normal -0.99998985 0.0044480943 0.00071753197
  outer loop
   vertex -0.082411084 0.0012535203 0.027470689
   vertex -0.082411532 0.0012546584 0.026838848
   vertex -0.082414367 0.00062873549 0.026767914
  endloop
 endfacet
 facet normal -0.99998985 0.0044480943 0.00071753197
  outer loop
   vertex -0.082411084 0.0012535203 0.027470689
   vertex -0.082414367 0.00062873549 0.026767914
   vertex -0.08241141 0.00062607644 0.027438579
  endloop
 endfacet
 facet normal -0.99999418 -0.00089260561 -0.003292724
  outer loop
   vertex -0.08241116 -3.1529974e-05 0.025972946
   vertex -0.082413726 -4.2777627e-06 0.02674497
   vertex -0.082414367 0.00062873549 0.026767914
  endloop
 endfacet
 facet normal -0.99999418 -0.00089260561 -0.003292724
  outer loop
   vertex -0.08241116 -3.1529974e-05 0.025972946
   vertex -0.082414367 0.00062873549 0.026767914
   vertex -0.08241269 0.00060884018 0.025963122
  endloop
 endfacet
 facet normal -0.99998512 0.0049888366 -0.0022065263
  outer loop
   vertex -0.082410091 0.0012690385 0.026277852
   vertex -0.08241269 0.00060884018 0.025963122
   vertex -0.082414367 0.00062873549 0.026767914
  endloop
 endfacet
 facet normal -0.99998512 0.0049888366 -0.0022065263
  outer loop
   vertex -0.082410091 0.0012690385 0.026277852
   vertex -0.082414367 0.00062873549 0.026767914
   vertex -0.082411532 0.0012546584 0.026838848
  endloop
 endfacet
 facet normal -1 -2.6738137e-08 -1.6047517e-05
  outer loop
   vertex -0.082410976 0.0025252603 0.028747403
   vertex -0.082410976 0.003135452 0.028746386
   vertex -0.082410966 0.0031176962 0.028123481
  endloop
 endfacet
 facet normal -1 -2.6738137e-08 -1.6047517e-05
  outer loop
   vertex -0.082410976 0.0025252603 0.028747403
   vertex -0.082410966 0.0031176962 0.028123481
   vertex -0.082410953 0.0025159099 0.028123583
  endloop
 endfacet
 facet normal -1 -5.0090324e-05 -3.0150463e-05
  outer loop
   vertex -0.082410976 0.0036963379 0.027493713
   vertex -0.082410947 0.0031001687 0.027502833
   vertex -0.082410966 0.0031176962 0.028123481
  endloop
 endfacet
 facet normal -1 -5.0090324e-05 -3.0150463e-05
  outer loop
   vertex -0.082410976 0.0036963379 0.027493713
   vertex -0.082410966 0.0031176962 0.028123481
   vertex -0.082410976 0.003729003 0.028117001
  endloop
 endfacet
 facet normal -1 -1.6343685e-05 8.5653622e-07
  outer loop
   vertex -0.082410976 0.0037616682 0.028740289
   vertex -0.082410976 0.003729003 0.028117001
   vertex -0.082410966 0.0031176962 0.028123481
  endloop
 endfacet
 facet normal -1 -1.6343685e-05 8.5653622e-07
  outer loop
   vertex -0.082410976 0.0037616682 0.028740289
   vertex -0.082410966 0.0031176962 0.028123481
   vertex -0.082410976 0.003135452 0.028746386
  endloop
 endfacet
 facet normal -1 2.2450165e-14 -3.5139403e-16
  outer loop
   vertex -0.082410976 0.0025252603 0.028747403
   vertex -0.082410976 0.0025350348 0.029371883
   vertex -0.082410976 0.0031531642 0.029369945
  endloop
 endfacet
 facet normal -1 2.2450165e-14 -3.5139403e-16
  outer loop
   vertex -0.082410976 0.0025252603 0.028747403
   vertex -0.082410976 0.0031531642 0.029369945
   vertex -0.082410976 0.003135452 0.028746386
  endloop
 endfacet
 facet normal -1 -2.1633244e-14 1.1337503e-15
  outer loop
   vertex -0.082410976 0.0038269985 0.029986866
   vertex -0.082410976 0.0037943333 0.029363578
   vertex -0.082410976 0.0031531642 0.029369945
  endloop
 endfacet
 facet normal -1 -2.1633244e-14 1.1337503e-15
  outer loop
   vertex -0.082410976 0.0038269985 0.029986866
   vertex -0.082410976 0.0031531642 0.029369945
   vertex -0.082410976 0.0031709104 0.029993741
  endloop
 endfacet
 facet normal -1 2.1662687e-16 2.224963e-14
  outer loop
   vertex -0.082410976 0.0037616682 0.028740289
   vertex -0.082410976 0.003135452 0.028746386
   vertex -0.082410976 0.0031531642 0.029369945
  endloop
 endfacet
 facet normal -1 2.1662687e-16 2.224963e-14
  outer loop
   vertex -0.082410976 0.0037616682 0.028740289
   vertex -0.082410976 0.0031531642 0.029369945
   vertex -0.082410976 0.0037943333 0.029363578
  endloop
 endfacet
 facet normal 3.2737054e-16 -0.99862953 0.052335957
  outer loop
   vertex -0.086279122 0.003633621 0.026297004
   vertex -0.085634595 0.0036337841 0.026300117
   vertex -0.08564113 0.0036641769 0.026880046
  endloop
 endfacet
 facet normal 3.2737054e-16 -0.99862953 0.052335957
  outer loop
   vertex -0.086279122 0.003633621 0.026297004
   vertex -0.08564113 0.0036641769 0.026880046
   vertex -0.086297532 0.0036640346 0.02687733
  endloop
 endfacet
 facet normal -7.3202642e-17 -0.99862953 0.052335957
  outer loop
   vertex -0.084995685 0.0036967857 0.027502259
   vertex -0.085644353 0.003696745 0.027501482
   vertex -0.08564113 0.0036641769 0.026880046
  endloop
 endfacet
 facet normal -7.3202642e-17 -0.99862953 0.052335957
  outer loop
   vertex -0.084995685 0.0036967857 0.027502259
   vertex -0.08564113 0.0036641769 0.026880046
   vertex -0.084996017 0.0036642446 0.026881337
  endloop
 endfacet
 facet normal -1.6783398e-16 -0.99862953 0.052335957
  outer loop
   vertex -0.084997458 0.0036338567 0.026301501
   vertex -0.084996017 0.0036642446 0.026881337
   vertex -0.08564113 0.0036641769 0.026880046
  endloop
 endfacet
 facet normal -1.6783398e-16 -0.99862953 0.052335957
  outer loop
   vertex -0.084997458 0.0036338567 0.026301501
   vertex -0.08564113 0.0036641769 0.026880046
   vertex -0.085634595 0.0036337841 0.026300117
  endloop
 endfacet
 facet normal 5.4178897e-16 -0.99862953 0.052335957
  outer loop
   vertex -0.086305818 0.0036966566 0.027499796
   vertex -0.086297532 0.0036640346 0.02687733
   vertex -0.08564113 0.0036641769 0.026880046
  endloop
 endfacet
 facet normal 5.4178897e-16 -0.99862953 0.052335957
  outer loop
   vertex -0.086305818 0.0036966566 0.027499796
   vertex -0.08564113 0.0036641769 0.026880046
   vertex -0.085644353 0.003696745 0.027501482
  endloop
 endfacet
 facet normal -4.996155e-17 0.052336044 0.99862953
  outer loop
   vertex -0.085625 0.0036062449 0.025774637
   vertex -0.085634427 0.0030880401 0.025801795
   vertex -0.084996312 0.0030881662 0.025801789
  endloop
 endfacet
 facet normal -4.996155e-17 0.052336044 0.99862953
  outer loop
   vertex -0.085625 0.0036062449 0.025774637
   vertex -0.084996312 0.0030881662 0.025801789
   vertex -0.085 0.0036062449 0.025774637
  endloop
 endfacet
 facet normal -6.5499296e-15 0.052336044 0.99862953
  outer loop
   vertex -0.086280178 0.0030867513 0.025801863
   vertex -0.086297265 0.0025095951 0.02583211
   vertex -0.085639938 0.0025110826 0.025832032
  endloop
 endfacet
 facet normal -6.5499296e-15 0.052336044 0.99862953
  outer loop
   vertex -0.086280178 0.0030867513 0.025801863
   vertex -0.085639938 0.0025110826 0.025832032
   vertex -0.085634427 0.0030880401 0.025801795
  endloop
 endfacet
 facet normal -1.6484854e-15 0.052336044 0.99862953
  outer loop
   vertex -0.086280178 0.0030867513 0.025801863
   vertex -0.086939949 0.0030841489 0.025801999
   vertex -0.08697332 0.0025063006 0.025832283
  endloop
 endfacet
 facet normal -1.6484854e-15 0.052336044 0.99862953
  outer loop
   vertex -0.086280178 0.0030867513 0.025801863
   vertex -0.08697332 0.0025063006 0.025832283
   vertex -0.086297265 0.0025095951 0.02583211
  endloop
 endfacet
 facet normal -5.3102385e-16 0.052336044 0.99862953
  outer loop
   vertex -0.087604549 0.0030793451 0.025802251
   vertex -0.086939949 0.0030841489 0.025801999
   vertex -0.086870113 0.0036062449 0.025774637
  endloop
 endfacet
 facet normal -5.3102385e-16 0.052336044 0.99862953
  outer loop
   vertex -0.087604549 0.0030793451 0.025802251
   vertex -0.086870113 0.0036062449 0.025774637
   vertex -0.087451785 0.0036062449 0.025774637
  endloop
 endfacet
 facet normal 1 0 -0
  outer loop
   vertex -0.088410981 0.003729003 0.028117001
   vertex -0.088410981 0.0037616682 0.028740289
   vertex -0.088410981 0.0031139192 0.028743263
  endloop
 endfacet
 facet normal 1 0 -0
  outer loop
   vertex -0.088410981 0.003729003 0.028117001
   vertex -0.088410981 0.0031139192 0.028743263
   vertex -0.088410981 0.0030964731 0.02811365
  endloop
 endfacet
 facet normal -9.5262801e-16 -0.99862953 0.052335957
  outer loop
   vertex -0.087659119 0.0038274387 0.029995266
   vertex -0.088410981 0.0038269985 0.029986866
   vertex -0.088410981 0.0037943333 0.029363578
  endloop
 endfacet
 facet normal -9.5262801e-16 -0.99862953 0.052335957
  outer loop
   vertex -0.087659119 0.0038274387 0.029995266
   vertex -0.088410981 0.0037943333 0.029363578
   vertex -0.087662404 0.0037947604 0.029371728
  endloop
 endfacet
 facet normal 6.2960325e-16 -0.99862953 0.052335957
  outer loop
   vertex -0.087665215 0.0037620589 0.028747745
   vertex -0.087662404 0.0037947604 0.029371728
   vertex -0.088410981 0.0037943333 0.029363578
  endloop
 endfacet
 facet normal 6.2960325e-16 -0.99862953 0.052335957
  outer loop
   vertex -0.087665215 0.0037620589 0.028747745
   vertex -0.088410981 0.0037943333 0.029363578
   vertex -0.088410981 0.0037616682 0.028740289
  endloop
 endfacet
 facet normal 1 0 0
  outer loop
   vertex -0.088410981 0.0037943333 0.029363578
   vertex -0.088410981 0.0031314132 0.029369942
   vertex -0.088410981 0.0031139192 0.028743263
  endloop
 endfacet
 facet normal 1 0 0
  outer loop
   vertex -0.088410981 0.0037943333 0.029363578
   vertex -0.088410981 0.0031139192 0.028743263
   vertex -0.088410981 0.0037616682 0.028740289
  endloop
 endfacet
 facet normal 0.99999513 -0.00011533705 0.0031188483
  outer loop
   vertex -0.088408419 0.0018565299 0.025906371
   vertex -0.088410981 0.0018638921 0.026728055
   vertex -0.088410981 0.0012415816 0.026705042
  endloop
 endfacet
 facet normal 0.99999513 -0.00011533705 0.0031188483
  outer loop
   vertex -0.088408419 0.0018565299 0.025906371
   vertex -0.088410981 0.0012415816 0.026705042
   vertex -0.088410981 0.0012414008 0.025898574
  endloop
 endfacet
 facet normal 2.0437009e-15 0.052336044 0.99862953
  outer loop
   vertex -0.087642421 -4.941011e-05 0.025966222
   vertex -0.087595073 0.00081798229 0.025920764
   vertex -0.088059031 0.00085511597 0.025918818
  endloop
 endfacet
 facet normal 2.0437009e-15 0.052336044 0.99862953
  outer loop
   vertex -0.087642421 -4.941011e-05 0.025966222
   vertex -0.088059031 0.00085511597 0.025918818
   vertex -0.088410981 0.00060719925 0.025931811
  endloop
 endfacet
 facet normal 2.0437009e-15 0.052336044 0.99862953
  outer loop
   vertex -0.087642421 -4.941011e-05 0.025966222
   vertex -0.088410981 0.00060719925 0.025931811
   vertex -0.088410981 -3.193034e-05 0.025965306
  endloop
 endfacet
 facet normal 1.9835797e-15 0.052336044 0.99862953
  outer loop
   vertex -0.088102391 0.001287633 0.025896151
   vertex -0.088059031 0.00085511597 0.025918818
   vertex -0.087595073 0.00081798229 0.025920764
  endloop
 endfacet
 facet normal 1.9835797e-15 0.052336044 0.99862953
  outer loop
   vertex -0.088102391 0.001287633 0.025896151
   vertex -0.087595073 0.00081798229 0.025920764
   vertex -0.087601163 0.0013045291 0.025895265
  endloop
 endfacet
 facet normal 1 0 0
  outer loop
   vertex -0.088410981 0.0012415816 0.026705042
   vertex -0.088410981 0.00062537435 0.026734675
   vertex -0.088410981 0.00060719925 0.025931811
  endloop
 endfacet
 facet normal 1 0 0
  outer loop
   vertex -0.088410981 0.0012415816 0.026705042
   vertex -0.088410981 0.00060719925 0.025931811
   vertex -0.088410981 0.0012414008 0.025898574
  endloop
 endfacet
 facet normal -1.8766719e-15 0.052336044 0.99862953
  outer loop
   vertex -0.087655012 0.0018834305 0.025864926
   vertex -0.088410981 0.0018693994 0.025865662
   vertex -0.088102391 0.001287633 0.025896151
  endloop
 endfacet
 facet normal -1.8766719e-15 0.052336044 0.99862953
  outer loop
   vertex -0.087655012 0.0018834305 0.025864926
   vertex -0.088102391 0.001287633 0.025896151
   vertex -0.087601163 0.0013045291 0.025895265
  endloop
 endfacet
 facet normal 1 0 0
  outer loop
   vertex -0.088410981 0.0036637288 0.026871494
   vertex -0.088410981 0.0030637442 0.02684843
   vertex -0.088410981 0.0030536578 0.026246522
  endloop
 endfacet
 facet normal 1 0 0
  outer loop
   vertex -0.088410981 0.0036637288 0.026871494
   vertex -0.088410981 0.0030536578 0.026246522
   vertex -0.088410981 0.0036237904 0.026109425
  endloop
 endfacet
 facet normal 1 0 0
  outer loop
   vertex -0.088410981 0.0030536578 0.026246522
   vertex -0.088410981 0.0030790036 0.025802269
   vertex -0.088410981 0.0036062449 0.025774637
  endloop
 endfacet
 facet normal 1 0 0
  outer loop
   vertex -0.088410981 0.0030536578 0.026246522
   vertex -0.088410981 0.0036062449 0.025774637
   vertex -0.088410981 0.0036237904 0.026109425
  endloop
 endfacet
 facet normal -1.1151664e-15 0.052336044 0.99862953
  outer loop
   vertex -0.088410981 0.0036062449 0.025774637
   vertex -0.088410981 0.0030790036 0.025802269
   vertex -0.087604549 0.0030793451 0.025802251
  endloop
 endfacet
 facet normal -1.1151664e-15 0.052336044 0.99862953
  outer loop
   vertex -0.088410981 0.0036062449 0.025774637
   vertex -0.087604549 0.0030793451 0.025802251
   vertex -0.087451785 0.0036062449 0.025774637
  endloop
 endfacet
 facet normal -1 5.0941387e-09 -2.7308967e-08
  outer loop
   vertex -0.082410976 -0.0025596114 0.051354385
   vertex -0.082410976 -0.0033049125 0.051473342
   vertex -0.082410976 -0.0029499573 0.051722024
  endloop
 endfacet
 facet normal -1 5.0941387e-09 -2.7308967e-08
  outer loop
   vertex -0.082410976 -0.0025596114 0.051354385
   vertex -0.082410976 -0.0029499573 0.051722024
   vertex -0.082410976 -0.0025582903 0.05194771
  endloop
 endfacet
 facet normal -1 1.5696039e-05 2.489662e-07
  outer loop
   vertex -0.082410976 -0.0025596114 0.051354385
   vertex -0.082410977 -0.002564265 0.050705828
   vertex -0.082410987 -0.0032283069 0.050728695
  endloop
 endfacet
 facet normal -1 1.5696039e-05 2.489662e-07
  outer loop
   vertex -0.082410976 -0.0025596114 0.051354385
   vertex -0.082410987 -0.0032283069 0.050728695
   vertex -0.082410976 -0.0033049125 0.051473342
  endloop
 endfacet
 facet normal -0.99999997 2.0490287e-05 0.00025293008
  outer loop
   vertex -0.082411164 -0.0038877349 0.050081976
   vertex -0.082410977 -0.0039979319 0.050828479
   vertex -0.082410987 -0.0032283069 0.050728695
  endloop
 endfacet
 facet normal -0.99999997 2.0490287e-05 0.00025293008
  outer loop
   vertex -0.082411164 -0.0038877349 0.050081976
   vertex -0.082410987 -0.0032283069 0.050728695
   vertex -0.082411007 -0.0032288403 0.050077815
  endloop
 endfacet
 facet normal 0.0020348262 0.60851904 -0.79353667
  outer loop
   vertex -0.083724384 -0.0029015472 0.051752274
   vertex -0.083116484 -0.0029125268 0.051745413
   vertex -0.08304548 -0.0036725354 0.051162787
  endloop
 endfacet
 facet normal 0.0020348262 0.60851904 -0.79353667
  outer loop
   vertex -0.083724384 -0.0029015472 0.051752274
   vertex -0.08304548 -0.0036725354 0.051162787
   vertex -0.083692996 -0.0036788359 0.051156703
  endloop
 endfacet
 facet normal -0.00097869653 0.74464452 -0.66746055
  outer loop
   vertex -0.083042742 -0.004265468 0.05050128
   vertex -0.083689565 -0.0042619899 0.050506109
   vertex -0.083692996 -0.0036788359 0.051156703
  endloop
 endfacet
 facet normal -0.00097869653 0.74464452 -0.66746055
  outer loop
   vertex -0.083042742 -0.004265468 0.05050128
   vertex -0.083692996 -0.0036788359 0.051156703
   vertex -0.08304548 -0.0036725354 0.051162787
  endloop
 endfacet
 facet normal 0.00062533607 0.84927004 -0.52795835
  outer loop
   vertex -0.083689565 -0.0042619899 0.050506109
   vertex -0.083042742 -0.004265468 0.05050128
   vertex -0.083081445 -0.0047195642 0.049770778
  endloop
 endfacet
 facet normal 0.00062533607 0.84927004 -0.52795835
  outer loop
   vertex -0.083689565 -0.0042619899 0.050506109
   vertex -0.083081445 -0.0047195642 0.049770778
   vertex -0.083697075 -0.0047193582 0.049771389
  endloop
 endfacet
 facet normal 0.99998581 0.0038199976 -0.0037138895
  outer loop
   vertex -0.082410982 -0.0036648487 0.051169764
   vertex -0.082410977 -0.0039979319 0.050828479
   vertex -0.082411175 -0.0042690916 0.050496333
  endloop
 endfacet
 facet normal 0.99998581 0.0038199976 -0.0037138895
  outer loop
   vertex -0.082410982 -0.0036648487 0.051169764
   vertex -0.082411175 -0.0042690916 0.050496333
   vertex -0.083042742 -0.004265468 0.05050128
  endloop
 endfacet
 facet normal 0.99998581 0.0038199976 -0.0037138895
  outer loop
   vertex -0.082410982 -0.0036648487 0.051169764
   vertex -0.083042742 -0.004265468 0.05050128
   vertex -0.08304548 -0.0036725354 0.051162787
  endloop
 endfacet
 facet normal 0.99997133 0.002483246 -0.0071540155
  outer loop
   vertex -0.088410303 -0.0039925983 0.050834465
   vertex -0.088412662 -0.003238212 0.050766612
   vertex -0.088407425 -0.0032995898 0.051477368
  endloop
 endfacet
 facet normal 0.99997133 0.002483246 -0.0071540155
  outer loop
   vertex -0.088410303 -0.0039925983 0.050834465
   vertex -0.088407425 -0.0032995898 0.051477368
   vertex -0.088409666 -0.0036583391 0.051175609
  endloop
 endfacet
 facet normal -0.00094479915 0.60983746 -0.79252595
  outer loop
   vertex -0.086280324 -0.0029075104 0.051749072
   vertex -0.086303089 -0.0036845091 0.05115121
   vertex -0.086985562 -0.0036778637 0.051157137
  endloop
 endfacet
 facet normal -0.00094479915 0.60983746 -0.79252595
  outer loop
   vertex -0.086280324 -0.0029075104 0.051749072
   vertex -0.086985562 -0.0036778637 0.051157137
   vertex -0.086924454 -0.0028855619 0.051770318
  endloop
 endfacet
 facet normal 0.00076530462 0.74474234 -0.66735168
  outer loop
   vertex -0.086308818 -0.0042622044 0.050505808
   vertex -0.086995691 -0.0042644456 0.05050252
   vertex -0.086985562 -0.0036778637 0.051157137
  endloop
 endfacet
 facet normal 0.00076530462 0.74474234 -0.66735168
  outer loop
   vertex -0.086308818 -0.0042622044 0.050505808
   vertex -0.086985562 -0.0036778637 0.051157137
   vertex -0.086303089 -0.0036845091 0.05115121
  endloop
 endfacet
 facet normal -0.00023955873 0.84893962 -0.5284898
  outer loop
   vertex -0.086995691 -0.0042644456 0.05050252
   vertex -0.086308818 -0.0042622044 0.050505808
   vertex -0.086307273 -0.0047191706 0.04977176
  endloop
 endfacet
 facet normal -0.00023955873 0.84893962 -0.5284898
  outer loop
   vertex -0.086995691 -0.0042644456 0.05050252
   vertex -0.086307273 -0.0047191706 0.04977176
   vertex -0.086985726 -0.0047190326 0.04977194
  endloop
 endfacet
 facet normal 0.0027718771 0.74472426 -0.66736653
  outer loop
   vertex -0.087679482 -0.003667423 0.051165906
   vertex -0.086985562 -0.0036778637 0.051157137
   vertex -0.086995691 -0.0042644456 0.05050252
  endloop
 endfacet
 facet normal 0.0027718771 0.74472426 -0.66736653
  outer loop
   vertex -0.087679482 -0.003667423 0.051165906
   vertex -0.086995691 -0.0042644456 0.05050252
   vertex -0.087691232 -0.0042717373 0.05049175
  endloop
 endfacet
 facet normal 0.0011250849 0.61071169 -0.79185224
  outer loop
   vertex -0.086280324 -0.0029075104 0.051749072
   vertex -0.085635722 -0.0029173531 0.051742397
   vertex -0.085643182 -0.0036870924 0.051148729
  endloop
 endfacet
 facet normal 0.0011250849 0.61071169 -0.79185224
  outer loop
   vertex -0.086280324 -0.0029075104 0.051749072
   vertex -0.085643182 -0.0036870924 0.051148729
   vertex -0.086303089 -0.0036845091 0.05115121
  endloop
 endfacet
 facet normal -1 2.2228869e-06 2.7111572e-06
  outer loop
   vertex -0.082410976 0.0027207253 0.051519407
   vertex -0.082410976 0.0030836493 0.051221844
   vertex -0.082410976 0.0034310726 0.050876865
  endloop
 endfacet
 facet normal -1 2.2228869e-06 2.7111572e-06
  outer loop
   vertex -0.082410976 0.0027207253 0.051519407
   vertex -0.082410976 0.0034310726 0.050876865
   vertex -0.082410984 0.0026278625 0.050753383
  endloop
 endfacet
 facet normal -0.99999999 0.00011318768 8.8290691e-05
  outer loop
   vertex -0.082410979 0.0039919507 0.0501334
   vertex -0.082411065 0.0032637085 0.050090541
   vertex -0.082410976 0.0034310726 0.050876865
  endloop
 endfacet
 facet normal -0.99999999 0.00011318768 8.8290691e-05
  outer loop
   vertex -0.082410979 0.0039919507 0.0501334
   vertex -0.082410976 0.0034310726 0.050876865
   vertex -0.082410992 0.003708871 0.050544888
  endloop
 endfacet
 facet normal 0.0010929586 -0.63403452 -0.77330397
  outer loop
   vertex -0.083051258 0.0030948898 0.051211723
   vertex -0.082410976 0.0030836493 0.051221844
   vertex -0.082410976 0.0027207253 0.051519407
  endloop
 endfacet
 facet normal 0.0010929586 -0.63403452 -0.77330397
  outer loop
   vertex -0.083051258 0.0030948898 0.051211723
   vertex -0.082410976 0.0027207253 0.051519407
   vertex -0.082410976 0.0023510096 0.051769257
  endloop
 endfacet
 facet normal 0.0010929586 -0.63403452 -0.77330397
  outer loop
   vertex -0.083051258 0.0030948898 0.051211723
   vertex -0.082410976 0.0023510096 0.051769257
   vertex -0.083116752 0.0023288188 0.051783123
  endloop
 endfacet
 facet normal 0.001266005 -0.59795518 -0.80152854
  outer loop
   vertex -0.083697852 0.0031015046 0.051205767
   vertex -0.083051258 0.0030948898 0.051211723
   vertex -0.083116752 0.0023288188 0.051783123
  endloop
 endfacet
 facet normal 0.001266005 -0.59795518 -0.80152854
  outer loop
   vertex -0.083697852 0.0031015046 0.051205767
   vertex -0.083116752 0.0023288188 0.051783123
   vertex -0.083725464 0.0023222557 0.051787224
  endloop
 endfacet
 facet normal 0.00096568521 -0.82387168 -0.56677554
  outer loop
   vertex -0.082410979 0.0039919507 0.0501334
   vertex -0.082410992 0.003708871 0.050544888
   vertex -0.083045157 0.0037026207 0.050552893
  endloop
 endfacet
 facet normal 0.00096568521 -0.82387168 -0.56677554
  outer loop
   vertex -0.082410979 0.0039919507 0.0501334
   vertex -0.083045157 0.0037026207 0.050552893
   vertex -0.08304152 0.0041726249 0.049815789
  endloop
 endfacet
 facet normal 0.00096568521 -0.82387168 -0.56677554
  outer loop
   vertex -0.082410979 0.0039919507 0.0501334
   vertex -0.08304152 0.0041726249 0.049815789
   vertex -0.082411199 0.0041748093 0.049811679
  endloop
 endfacet
 facet normal 0.00082264966 -0.84261919 -0.53850926
  outer loop
   vertex -0.083045157 0.0037026207 0.050552893
   vertex -0.083691672 0.0036991628 0.050557316
   vertex -0.083686161 0.0041705312 0.049819762
  endloop
 endfacet
 facet normal 0.00082264966 -0.84261919 -0.53850926
  outer loop
   vertex -0.083045157 0.0037026207 0.050552893
   vertex -0.083686161 0.0041705312 0.049819762
   vertex -0.08304152 0.0041726249 0.049815789
  endloop
 endfacet
 facet normal -0.00014630684 -0.7353181 -0.67772212
  outer loop
   vertex -0.08434755 0.0036984281 0.050558255
   vertex -0.083691672 0.0036991628 0.050557316
   vertex -0.083697852 0.0031015046 0.051205767
  endloop
 endfacet
 facet normal -0.00014630684 -0.7353181 -0.67772212
  outer loop
   vertex -0.08434755 0.0036984281 0.050558255
   vertex -0.083697852 0.0031015046 0.051205767
   vertex -0.084350789 0.0031059616 0.051201754
  endloop
 endfacet
 facet normal -0.0012738982 -0.73503058 -0.67803276
  outer loop
   vertex -0.083045157 0.0037026207 0.050552893
   vertex -0.083051258 0.0030948898 0.051211723
   vertex -0.083697852 0.0031015046 0.051205767
  endloop
 endfacet
 facet normal -0.0012738982 -0.73503058 -0.67803276
  outer loop
   vertex -0.083045157 0.0037026207 0.050552893
   vertex -0.083697852 0.0031015046 0.051205767
   vertex -0.083691672 0.0036991628 0.050557316
  endloop
 endfacet
 facet normal 0.00019332284 -0.60457346 -0.79654937
  outer loop
   vertex -0.087674946 0.0030898159 0.051214028
   vertex -0.086981849 0.0030998223 0.051206602
   vertex -0.086925953 0.0023081249 0.051807506
  endloop
 endfacet
 facet normal 0.00019332284 -0.60457346 -0.79654937
  outer loop
   vertex -0.087674946 0.0030898159 0.051214028
   vertex -0.086925953 0.0023081249 0.051807506
   vertex -0.087536094 0.0022713989 0.051845159
  endloop
 endfacet
 facet normal -0.00051522782 -0.60163727 -0.79876926
  outer loop
   vertex -0.086981849 0.0030998223 0.051206602
   vertex -0.086301067 0.00310622 0.051201344
   vertex -0.086280385 0.0023302701 0.05178578
  endloop
 endfacet
 facet normal -0.00051522782 -0.60163727 -0.79876926
  outer loop
   vertex -0.086981849 0.0030998223 0.051206602
   vertex -0.086280385 0.0023302701 0.05178578
   vertex -0.086925953 0.0023081249 0.051807506
  endloop
 endfacet
 facet normal -0.00088984472 -0.84535418 -0.5342055
  outer loop
   vertex -0.086995736 0.0037025275 0.050552856
   vertex -0.08769033 0.0037075516 0.050546062
   vertex -0.087695969 0.0041913234 0.049780527
  endloop
 endfacet
 facet normal -0.00088984472 -0.84535418 -0.5342055
  outer loop
   vertex -0.086995736 0.0037025275 0.050552856
   vertex -0.087695969 0.0041913234 0.049780527
   vertex -0.087001444 0.0041778359 0.049805963
  endloop
 endfacet
 facet normal -0.0004140703 -0.84365611 -0.53688378
  outer loop
   vertex -0.086309181 0.0037003024 0.050555823
   vertex -0.086995736 0.0037025275 0.050552856
   vertex -0.087001444 0.0041778359 0.049805963
  endloop
 endfacet
 facet normal -0.0004140703 -0.84365611 -0.53688378
  outer loop
   vertex -0.086309181 0.0037003024 0.050555823
   vertex -0.087001444 0.0041778359 0.049805963
   vertex -0.086312498 0.004172559 0.049815909
  endloop
 endfacet
 facet normal 0.00067864219 -0.73601763 -0.67696203
  outer loop
   vertex -0.085645882 0.0036990709 0.050557432
   vertex -0.085642721 0.0031088029 0.051199196
   vertex -0.086301067 0.00310622 0.051201344
  endloop
 endfacet
 facet normal 0.00067864219 -0.73601763 -0.67696203
  outer loop
   vertex -0.085645882 0.0036990709 0.050557432
   vertex -0.086301067 0.00310622 0.051201344
   vertex -0.086309181 0.0037003024 0.050555823
  endloop
 endfacet
 facet normal 0.00054178756 -0.7358122 -0.67718543
  outer loop
   vertex -0.086995736 0.0037025275 0.050552856
   vertex -0.086309181 0.0037003024 0.050555823
   vertex -0.086301067 0.00310622 0.051201344
  endloop
 endfacet
 facet normal 0.00054178756 -0.7358122 -0.67718543
  outer loop
   vertex -0.086995736 0.0037025275 0.050552856
   vertex -0.086301067 0.00310622 0.051201344
   vertex -0.086981849 0.0030998223 0.051206602
  endloop
 endfacet
 facet normal -8.2132975e-05 -0.60020931 -0.79984297
  outer loop
   vertex -0.084996659 0.0023392812 0.051776585
   vertex -0.085635741 0.002339804 0.051776259
   vertex -0.085642721 0.0031088029 0.051199196
  endloop
 endfacet
 facet normal -8.2132975e-05 -0.60020931 -0.79984297
  outer loop
   vertex -0.084996659 0.0023392812 0.051776585
   vertex -0.085642721 0.0031088029 0.051199196
   vertex -0.084996726 0.0031084762 0.05119949
  endloop
 endfacet
 facet normal -0.0028991593 -0.60167537 -0.79873547
  outer loop
   vertex -0.085635741 0.002339804 0.051776259
   vertex -0.086280385 0.0023302701 0.05178578
   vertex -0.086301067 0.00310622 0.051201344
  endloop
 endfacet
 facet normal -0.0028991593 -0.60167537 -0.79873547
  outer loop
   vertex -0.085635741 0.002339804 0.051776259
   vertex -0.086301067 0.00310622 0.051201344
   vertex -0.085642721 0.0031088029 0.051199196
  endloop
 endfacet
 facet normal -8.273241e-05 -0.99863095 0.052308881
  outer loop
   vertex -0.083676232 0.0041232724 0.035641249
   vertex -0.084336185 0.0041233166 0.035641049
   vertex -0.084337109 0.0040927926 0.035058313
  endloop
 endfacet
 facet normal -8.273241e-05 -0.99863095 0.052308881
  outer loop
   vertex -0.083676232 0.0041232724 0.035641249
   vertex -0.084337109 0.0040927926 0.035058313
   vertex -0.083677323 0.0040928167 0.035059212
  endloop
 endfacet
 facet normal -6.7394592e-06 -0.99862954 0.052335945
  outer loop
   vertex -0.084337025 0.0041557889 0.036260646
   vertex -0.084992066 0.0041557956 0.036260689
   vertex -0.084990942 0.0041233092 0.035640811
  endloop
 endfacet
 facet normal -6.7394592e-06 -0.99862954 0.052335945
  outer loop
   vertex -0.084337025 0.0041557889 0.036260646
   vertex -0.084990942 0.0041233092 0.035640811
   vertex -0.084336185 0.0041233166 0.035641049
  endloop
 endfacet
 facet normal -4.0705412e-16 -0.99862953 0.052335957
  outer loop
   vertex -0.084342796 0.0042866897 0.038758296
   vertex -0.084344217 0.004319356 0.039381607
   vertex -0.084995364 0.0043193723 0.039381918
  endloop
 endfacet
 facet normal -4.0705412e-16 -0.99862953 0.052335957
  outer loop
   vertex -0.084342796 0.0042866897 0.038758296
   vertex -0.084995364 0.0043193723 0.039381918
   vertex -0.08499493 0.0042867052 0.038758592
  endloop
 endfacet
 facet normal -2.7871424e-15 -0.99862953 0.052335957
  outer loop
   vertex -0.083688789 0.0043193073 0.039380678
   vertex -0.083691354 0.0043519716 0.04000395
   vertex -0.084345672 0.0043520202 0.040004878
  endloop
 endfacet
 facet normal -2.7871424e-15 -0.99862953 0.052335957
  outer loop
   vertex -0.083688789 0.0043193073 0.039380678
   vertex -0.084345672 0.0043520202 0.040004878
   vertex -0.084344217 0.004319356 0.039381607
  endloop
 endfacet
 facet normal 0.00034532275 -0.99861498 0.052611715
  outer loop
   vertex -0.083712569 0.0045807883 0.044368501
   vertex -0.083712765 0.0046133416 0.044986392
   vertex -0.084357927 0.0046131289 0.044986589
  endloop
 endfacet
 facet normal 0.00034532275 -0.99861498 0.052611715
  outer loop
   vertex -0.083712569 0.0045807883 0.044368501
   vertex -0.084357927 0.0046131289 0.044986589
   vertex -0.084357738 0.0045807606 0.044369278
  endloop
 endfacet
 facet normal 1.8428888e-05 -0.99862876 0.05235077
  outer loop
   vertex -0.084356497 0.0045480428 0.043745162
   vertex -0.084357738 0.0045807606 0.044369278
   vertex -0.084999725 0.0045807637 0.044369563
  endloop
 endfacet
 facet normal 1.8428888e-05 -0.99862876 0.05235077
  outer loop
   vertex -0.084356497 0.0045480428 0.043745162
   vertex -0.084999725 0.0045807637 0.044369563
   vertex -0.084999458 0.0045480537 0.043745419
  endloop
 endfacet
 facet normal -1.1082898e-15 -0.99862953 0.052335957
  outer loop
   vertex -0.084348946 0.0044173458 0.041251364
   vertex -0.084996864 0.0044173655 0.041251739
   vertex -0.084996296 0.0043847018 0.040628478
  endloop
 endfacet
 facet normal -1.1082898e-15 -0.99862953 0.052335957
  outer loop
   vertex -0.084348946 0.0044173458 0.041251364
   vertex -0.084996296 0.0043847018 0.040628478
   vertex -0.084347221 0.0043846834 0.040628128
  endloop
 endfacet
 facet normal -2.3768494e-16 -0.99862953 0.052335957
  outer loop
   vertex -0.083694059 0.0043846336 0.040627178
   vertex -0.084347221 0.0043846834 0.040628128
   vertex -0.084345672 0.0043520202 0.040004878
  endloop
 endfacet
 facet normal -2.3768494e-16 -0.99862953 0.052335957
  outer loop
   vertex -0.083694059 0.0043846336 0.040627178
   vertex -0.084345672 0.0043520202 0.040004878
   vertex -0.083691354 0.0043519716 0.04000395
  endloop
 endfacet
 facet normal 0.00061647131 0.998629 -0.052342597
  outer loop
   vertex -0.083707502 -0.0058881363 0.035692479
   vertex -0.084354994 -0.0058876124 0.035694849
   vertex -0.084357371 -0.0058578388 0.036262864
  endloop
 endfacet
 facet normal 0.00061647131 0.998629 -0.052342597
  outer loop
   vertex -0.083707502 -0.0058881363 0.035692479
   vertex -0.084357371 -0.0058578388 0.036262864
   vertex -0.083711781 -0.0058580329 0.036262965
  endloop
 endfacet
 facet normal 4.6687226e-05 0.99862956 -0.052335543
  outer loop
   vertex -0.084989923 -0.0059324429 0.034838859
   vertex -0.084997447 -0.0058875575 0.035695323
   vertex -0.084354994 -0.0058876124 0.035694849
  endloop
 endfacet
 facet normal 4.6687226e-05 0.99862956 -0.052335543
  outer loop
   vertex -0.084989923 -0.0059324429 0.034838859
   vertex -0.084354994 -0.0058876124 0.035694849
   vertex -0.084338909 -0.0059325397 0.034837419
  endloop
 endfacet
 facet normal 3.1781522e-16 0.99862953 -0.052335952
  outer loop
   vertex -0.084352605 -0.0057273802 0.038751689
   vertex -0.084350624 -0.0056947096 0.039375081
   vertex -0.083700202 -0.0056946537 0.039376148
  endloop
 endfacet
 facet normal 3.1781522e-16 0.99862953 -0.052335952
  outer loop
   vertex -0.084352605 -0.0057273802 0.038751689
   vertex -0.083700202 -0.0056946537 0.039376148
   vertex -0.083703729 -0.0057273391 0.038752473
  endloop
 endfacet
 facet normal 4.0104695e-16 0.99862953 -0.052335952
  outer loop
   vertex -0.085642041 -0.0058578216 0.036262719
   vertex -0.085639907 -0.0058875666 0.03569515
   vertex -0.086293128 -0.0058876264 0.035694009
  endloop
 endfacet
 facet normal 4.0104695e-16 0.99862953 -0.052335952
  outer loop
   vertex -0.085642041 -0.0058578216 0.036262719
   vertex -0.086293128 -0.0058876264 0.035694009
   vertex -0.08629698 -0.0058578144 0.036262856
  endloop
 endfacet
 facet normal 1.7121112e-15 0.99862953 -0.052335952
  outer loop
   vertex -0.086306266 -0.0056947084 0.039375105
   vertex -0.085645223 -0.0056947284 0.039374722
   vertex -0.085644886 -0.0057273941 0.038751423
  endloop
 endfacet
 facet normal 1.7121112e-15 0.99862953 -0.052335952
  outer loop
   vertex -0.086306266 -0.0056947084 0.039375105
   vertex -0.085644886 -0.0057273941 0.038751423
   vertex -0.086304824 -0.0057273745 0.038751798
  endloop
 endfacet
 facet normal 0.00030521664 -0.99862998 0.05232663
  outer loop
   vertex -0.083683047 0.0040657313 0.034537556
   vertex -0.084341531 0.0040654316 0.034535677
   vertex -0.084356162 0.0040205639 0.033679483
  endloop
 endfacet
 facet normal 0.00030521664 -0.99862998 0.05232663
  outer loop
   vertex -0.083683047 0.0040657313 0.034537556
   vertex -0.084356162 0.0040205639 0.033679483
   vertex -0.083709515 0.0040211796 0.033681478
  endloop
 endfacet
 facet normal -3.4144648e-05 -0.99865475 0.051852477
  outer loop
   vertex -0.083683047 0.0040657313 0.034537556
   vertex -0.083677323 0.0040928167 0.035059212
   vertex -0.084337109 0.0040927926 0.035058313
  endloop
 endfacet
 facet normal -3.4144648e-05 -0.99865475 0.051852477
  outer loop
   vertex -0.083683047 0.0040657313 0.034537556
   vertex -0.084337109 0.0040927926 0.035058313
   vertex -0.084341531 0.0040654316 0.034535677
  endloop
 endfacet
 facet normal 6.7806407e-05 -0.99862981 0.052330678
  outer loop
   vertex -0.08499817 0.0040205066 0.033679222
   vertex -0.084356162 0.0040205639 0.033679483
   vertex -0.084341531 0.0040654316 0.034535677
  endloop
 endfacet
 facet normal 6.7806407e-05 -0.99862981 0.052330678
  outer loop
   vertex -0.08499817 0.0040205066 0.033679222
   vertex -0.084341531 0.0040654316 0.034535677
   vertex -0.08499203 0.004065352 0.034534922
  endloop
 endfacet
 facet normal 3.0269468e-17 -0.99862953 0.052335957
  outer loop
   vertex -0.083707788 0.0038929717 0.03124571
   vertex -0.084354957 0.0038930067 0.031246378
   vertex -0.084353044 0.0038603324 0.030622916
  endloop
 endfacet
 facet normal 3.0269468e-17 -0.99862953 0.052335957
  outer loop
   vertex -0.083707788 0.0038929717 0.03124571
   vertex -0.084353044 0.0038603324 0.030622916
   vertex -0.083704499 0.0038602921 0.030622146
  endloop
 endfacet
 facet normal -1.9225056e-15 -0.99862953 0.052335957
  outer loop
   vertex -0.084997565 0.0038276797 0.029999864
   vertex -0.084351031 0.0038276604 0.029999497
   vertex -0.084353044 0.0038603324 0.030622916
  endloop
 endfacet
 facet normal -1.9225056e-15 -0.99862953 0.052335957
  outer loop
   vertex -0.084997565 0.0038276797 0.029999864
   vertex -0.084353044 0.0038603324 0.030622916
   vertex -0.08499827 0.0038603475 0.030623203
  endloop
 endfacet
 facet normal -2.4642966e-16 -0.99862953 0.052335957
  outer loop
   vertex -0.084998952 0.0038930196 0.031246623
   vertex -0.08499827 0.0038603475 0.030623203
   vertex -0.084353044 0.0038603324 0.030622916
  endloop
 endfacet
 facet normal -2.4642966e-16 -0.99862953 0.052335957
  outer loop
   vertex -0.084998952 0.0038930196 0.031246623
   vertex -0.084353044 0.0038603324 0.030622916
   vertex -0.084354957 0.0038930067 0.031246378
  endloop
 endfacet
 facet normal 8.3318348e-16 -0.99862953 0.052335957
  outer loop
   vertex -0.08370091 0.0038276045 0.029998429
   vertex -0.083704499 0.0038602921 0.030622146
   vertex -0.084353044 0.0038603324 0.030622916
  endloop
 endfacet
 facet normal 8.3318348e-16 -0.99862953 0.052335957
  outer loop
   vertex -0.08370091 0.0038276045 0.029998429
   vertex -0.084353044 0.0038603324 0.030622916
   vertex -0.084351031 0.0038276604 0.029999497
  endloop
 endfacet
 facet normal 3.5116799e-16 -0.99862953 0.052335957
  outer loop
   vertex -0.085646012 0.0041557723 0.036260245
   vertex -0.085643625 0.0041232853 0.035640355
   vertex -0.084990942 0.0041233092 0.035640811
  endloop
 endfacet
 facet normal 3.5116799e-16 -0.99862953 0.052335957
  outer loop
   vertex -0.085646012 0.0041557723 0.036260245
   vertex -0.084990942 0.0041233092 0.035640811
   vertex -0.084992066 0.0041557956 0.036260689
  endloop
 endfacet
 facet normal -1.0682015e-15 -0.99862953 0.052335957
  outer loop
   vertex -0.086307955 0.0041232263 0.035639229
   vertex -0.086300173 0.0040927374 0.035057467
   vertex -0.085640867 0.0040927429 0.035057571
  endloop
 endfacet
 facet normal -1.0682015e-15 -0.99862953 0.052335957
  outer loop
   vertex -0.086307955 0.0041232263 0.035639229
   vertex -0.085640867 0.0040927429 0.035057571
   vertex -0.085643625 0.0041232853 0.035640355
  endloop
 endfacet
 facet normal -1.293871e-15 -0.99862953 0.052335957
  outer loop
   vertex -0.085647219 0.0042866956 0.038758409
   vertex -0.08499493 0.0042867052 0.038758592
   vertex -0.084995364 0.0043193723 0.039381918
  endloop
 endfacet
 facet normal -1.293871e-15 -0.99862953 0.052335957
  outer loop
   vertex -0.085647219 0.0042866956 0.038758409
   vertex -0.084995364 0.0043193723 0.039381918
   vertex -0.085646781 0.0043193663 0.039381803
  endloop
 endfacet
 facet normal 1.45397e-15 -0.99862953 0.052335957
  outer loop
   vertex -0.086311896 0.0043193354 0.039381213
   vertex -0.085646781 0.0043193663 0.039381803
   vertex -0.085646331 0.0043520339 0.040005139
  endloop
 endfacet
 facet normal 1.45397e-15 -0.99862953 0.052335957
  outer loop
   vertex -0.086311896 0.0043193354 0.039381213
   vertex -0.085646331 0.0043520339 0.040005139
   vertex -0.086310406 0.0043520086 0.040004655
  endloop
 endfacet
 facet normal 1.5495641e-15 -0.99862953 0.052335957
  outer loop
   vertex -0.08563947 0.0040653771 0.034535401
   vertex -0.08629533 0.0040655192 0.034538113
   vertex -0.086294597 0.0040205805 0.033680631
  endloop
 endfacet
 facet normal 1.5495641e-15 -0.99862953 0.052335957
  outer loop
   vertex -0.08563947 0.0040653771 0.034535401
   vertex -0.086294597 0.0040205805 0.033680631
   vertex -0.085640756 0.0040205204 0.033679484
  endloop
 endfacet
 facet normal 1.553511e-15 -0.99862953 0.052335957
  outer loop
   vertex -0.08629533 0.0040655192 0.034538113
   vertex -0.08563947 0.0040653771 0.034535401
   vertex -0.085640867 0.0040927429 0.035057571
  endloop
 endfacet
 facet normal 1.553511e-15 -0.99862953 0.052335957
  outer loop
   vertex -0.08629533 0.0040655192 0.034538113
   vertex -0.085640867 0.0040927429 0.035057571
   vertex -0.086300173 0.0040927374 0.035057467
  endloop
 endfacet
 facet normal 8.0348016e-16 -0.99862953 0.052335957
  outer loop
   vertex -0.086303043 0.0038929976 0.031246205
   vertex -0.086304462 0.0038603267 0.030622806
   vertex -0.085644796 0.0038603463 0.030623181
  endloop
 endfacet
 facet normal 8.0348016e-16 -0.99862953 0.052335957
  outer loop
   vertex -0.086303043 0.0038929976 0.031246205
   vertex -0.085644796 0.0038603463 0.030623181
   vertex -0.085644475 0.0038930178 0.03124659
  endloop
 endfacet
 facet normal 7.7889417e-16 -0.99862953 0.052335957
  outer loop
   vertex -0.084997565 0.0038276797 0.029999864
   vertex -0.08499827 0.0038603475 0.030623203
   vertex -0.085644796 0.0038603463 0.030623181
  endloop
 endfacet
 facet normal 7.7889417e-16 -0.99862953 0.052335957
  outer loop
   vertex -0.084997565 0.0038276797 0.029999864
   vertex -0.085644796 0.0038603463 0.030623181
   vertex -0.085645106 0.0038276789 0.029999849
  endloop
 endfacet
 facet normal 4.0663264e-16 -0.99862953 0.052335957
  outer loop
   vertex -0.084998952 0.0038930196 0.031246623
   vertex -0.085644475 0.0038930178 0.03124659
   vertex -0.085644796 0.0038603463 0.030623181
  endloop
 endfacet
 facet normal 4.0663264e-16 -0.99862953 0.052335957
  outer loop
   vertex -0.084998952 0.0038930196 0.031246623
   vertex -0.085644796 0.0038603463 0.030623181
   vertex -0.08499827 0.0038603475 0.030623203
  endloop
 endfacet
 facet normal -3.9935139e-16 -0.99862953 0.052335957
  outer loop
   vertex -0.086305859 0.0038276581 0.029999453
   vertex -0.085645106 0.0038276789 0.029999849
   vertex -0.085644796 0.0038603463 0.030623181
  endloop
 endfacet
 facet normal -3.9935139e-16 -0.99862953 0.052335957
  outer loop
   vertex -0.086305859 0.0038276581 0.029999453
   vertex -0.085644796 0.0038603463 0.030623181
   vertex -0.086304462 0.0038603267 0.030622806
  endloop
 endfacet
 facet normal 1.0838923e-15 0.99862953 -0.052335952
  outer loop
   vertex -0.085640881 -0.0053374576 0.046191855
   vertex -0.085643753 -0.0053679826 0.045609404
   vertex -0.086308443 -0.0053679247 0.045610509
  endloop
 endfacet
 facet normal 1.0838923e-15 0.99862953 -0.052335952
  outer loop
   vertex -0.085640881 -0.0053374576 0.046191855
   vertex -0.086308443 -0.0053679247 0.045610509
   vertex -0.086300576 -0.0053374525 0.046191953
  endloop
 endfacet
 facet normal -2.0228996e-06 0.91376157 -0.40625091
  outer loop
   vertex -0.086307273 -0.0047191706 0.04977176
   vertex -0.085645229 -0.0047191348 0.049771837
   vertex -0.085645115 -0.004929993 0.049297563
  endloop
 endfacet
 facet normal -2.0228996e-06 0.91376157 -0.40625091
  outer loop
   vertex -0.086307273 -0.0047191706 0.04977176
   vertex -0.085645115 -0.004929993 0.049297563
   vertex -0.086306936 -0.0049294929 0.049298912
  endloop
 endfacet
 facet normal -5.9392341e-05 0.95342825 -0.3016199
  outer loop
   vertex -0.08499783 -0.0051071215 0.048737528
   vertex -0.085644254 -0.0051069717 0.048738129
   vertex -0.085645115 -0.004929993 0.049297563
  endloop
 endfacet
 facet normal -5.9392341e-05 0.95342825 -0.3016199
  outer loop
   vertex -0.08499783 -0.0051071215 0.048737528
   vertex -0.085645115 -0.004929993 0.049297563
   vertex -0.084996767 -0.0049301158 0.049297226
  endloop
 endfacet
 facet normal 0.00010536598 0.95333239 -0.30192273
  outer loop
   vertex -0.086303925 -0.0051065167 0.048739954
   vertex -0.086306936 -0.0049294929 0.049298912
   vertex -0.085645115 -0.004929993 0.049297563
  endloop
 endfacet
 facet normal 0.00010536598 0.95333239 -0.30192273
  outer loop
   vertex -0.086303925 -0.0051065167 0.048739954
   vertex -0.085645115 -0.004929993 0.049297563
   vertex -0.085644254 -0.0051069717 0.048738129
  endloop
 endfacet
 facet normal 1.0263243e-15 0.99862953 -0.052335952
  outer loop
   vertex -0.084339701 -0.0054660195 0.043738748
   vertex -0.08433817 -0.00543328 0.044363455
   vertex -0.083678518 -0.0054332433 0.044364155
  endloop
 endfacet
 facet normal 1.0263243e-15 0.99862953 -0.052335952
  outer loop
   vertex -0.084339701 -0.0054660195 0.043738748
   vertex -0.083678518 -0.0054332433 0.044364155
   vertex -0.083680905 -0.0054659735 0.043739626
  endloop
 endfacet
 facet normal 3.8882764e-16 0.99862953 -0.052335952
  outer loop
   vertex -0.083693644 -0.0056293328 0.040622545
   vertex -0.08434699 -0.0056293826 0.040621595
   vertex -0.084345452 -0.0055967192 0.041244848
  endloop
 endfacet
 facet normal 3.8882764e-16 0.99862953 -0.052335952
  outer loop
   vertex -0.083693644 -0.0056293328 0.040622545
   vertex -0.084345452 -0.0055967192 0.041244848
   vertex -0.083690949 -0.0055966707 0.041245775
  endloop
 endfacet
 facet normal -5.6889935e-05 0.99863016 -0.052323968
  outer loop
   vertex -0.083674682 -0.0053679904 0.045608459
   vertex -0.084335383 -0.0053680169 0.045608672
   vertex -0.08433553 -0.0053375079 0.046190952
  endloop
 endfacet
 facet normal -5.6889935e-05 0.99863016 -0.052323968
  outer loop
   vertex -0.083674682 -0.0053679904 0.045608459
   vertex -0.08433553 -0.0053375079 0.046190952
   vertex -0.083673887 -0.0053375116 0.04619002
  endloop
 endfacet
 facet normal -1.7925965e-16 0.99862953 -0.052335952
  outer loop
   vertex -0.086316154 -0.0054332014 0.044364955
   vertex -0.085647609 -0.0054332675 0.044363693
   vertex -0.085648021 -0.0054660127 0.043738878
  endloop
 endfacet
 facet normal -1.7925965e-16 0.99862953 -0.052335952
  outer loop
   vertex -0.086316154 -0.0054332014 0.044364955
   vertex -0.085648021 -0.0054660127 0.043738878
   vertex -0.086316354 -0.0054659504 0.043740067
  endloop
 endfacet
 facet normal 2.4616392e-15 0.99862953 -0.052335952
  outer loop
   vertex -0.085646496 -0.0055967315 0.041244615
   vertex -0.085646022 -0.0056293983 0.040621296
   vertex -0.086309277 -0.0056293745 0.040621749
  endloop
 endfacet
 facet normal 2.4616392e-15 0.99862953 -0.052335952
  outer loop
   vertex -0.085646496 -0.0055967315 0.041244615
   vertex -0.086309277 -0.0056293745 0.040621749
   vertex -0.086310859 -0.0055967038 0.041245143
  endloop
 endfacet
 facet normal -6.4716533e-16 -0.99862953 0.052335957
  outer loop
   vertex -0.085644067 0.0045480513 0.043745374
   vertex -0.084999458 0.0045480537 0.043745419
   vertex -0.084999725 0.0045807637 0.044369563
  endloop
 endfacet
 facet normal -6.4716533e-16 -0.99862953 0.052335957
  outer loop
   vertex -0.085644067 0.0045480513 0.043745374
   vertex -0.084999725 0.0045807637 0.044369563
   vertex -0.085643332 0.0045807615 0.04436952
  endloop
 endfacet
 facet normal 1.3663845e-15 -0.99862953 0.052335957
  outer loop
   vertex -0.086299572 0.0045807387 0.044369086
   vertex -0.085643332 0.0045807615 0.04436952
   vertex -0.085641931 0.0046131116 0.044986797
  endloop
 endfacet
 facet normal 1.3663845e-15 -0.99862953 0.052335957
  outer loop
   vertex -0.086299572 0.0045807387 0.044369086
   vertex -0.085641931 0.0046131116 0.044986797
   vertex -0.086296553 0.0046131055 0.044986681
  endloop
 endfacet
 facet normal 5.1412878e-16 -0.99862953 0.052335957
  outer loop
   vertex -0.085645502 0.0044173649 0.041251729
   vertex -0.085645899 0.0043847 0.040628446
   vertex -0.084996296 0.0043847018 0.040628478
  endloop
 endfacet
 facet normal 5.1412878e-16 -0.99862953 0.052335957
  outer loop
   vertex -0.085645502 0.0044173649 0.041251729
   vertex -0.084996296 0.0043847018 0.040628478
   vertex -0.084996864 0.0044173655 0.041251739
  endloop
 endfacet
 facet normal 5.1084225e-16 -0.99862953 0.052335957
  outer loop
   vertex -0.08630892 0.0043846776 0.040628018
   vertex -0.086310406 0.0043520086 0.040004655
   vertex -0.085646331 0.0043520339 0.040005139
  endloop
 endfacet
 facet normal 5.1084225e-16 -0.99862953 0.052335957
  outer loop
   vertex -0.08630892 0.0043846776 0.040628018
   vertex -0.085646331 0.0043520339 0.040005139
   vertex -0.085645899 0.0043847 0.040628446
  endloop
 endfacet
 facet normal 0.00078786378 -0.99862812 0.052357044
  outer loop
   vertex -0.083709039 0.0046435059 0.045556217
   vertex -0.084355731 0.0046428799 0.045554009
   vertex -0.084357927 0.0046131289 0.044986589
  endloop
 endfacet
 facet normal 0.00078786378 -0.99862812 0.052357044
  outer loop
   vertex -0.083709039 0.0046435059 0.045556217
   vertex -0.084357927 0.0046131289 0.044986589
   vertex -0.083712765 0.0046133416 0.044986392
  endloop
 endfacet
 facet normal 6.5311477e-05 -0.99862917 0.052342896
  outer loop
   vertex -0.084997592 0.0046428168 0.045553606
   vertex -0.084355731 0.0046428799 0.045554009
   vertex -0.084340329 0.0046879303 0.046413489
  endloop
 endfacet
 facet normal 6.5311477e-05 -0.99862917 0.052342896
  outer loop
   vertex -0.084997592 0.0046428168 0.045553606
   vertex -0.084340329 0.0046879303 0.046413489
   vertex -0.084989516 0.0046878458 0.04641281
  endloop
 endfacet
 facet normal 0.00016955045 -0.90963691 -0.41540421
  outer loop
   vertex -0.083691238 0.0043892582 0.0493408
   vertex -0.083686161 0.0041705312 0.049819762
   vertex -0.084344158 0.0041697456 0.049821214
  endloop
 endfacet
 facet normal 0.00016955045 -0.90963691 -0.41540421
  outer loop
   vertex -0.083691238 0.0043892582 0.0493408
   vertex -0.084344158 0.0041697456 0.049821214
   vertex -0.08434615 0.0043888779 0.049341642
  endloop
 endfacet
 facet normal 2.1696046e-05 -0.94869941 -0.31617942
  outer loop
   vertex -0.084348451 0.0045609927 0.048825209
   vertex -0.08434615 0.0043888779 0.049341642
   vertex -0.084995577 0.0043888318 0.049341735
  endloop
 endfacet
 facet normal 2.1696046e-05 -0.94869941 -0.31617942
  outer loop
   vertex -0.084348451 0.0045609927 0.048825209
   vertex -0.084995577 0.0043888318 0.049341735
   vertex -0.084995151 0.0045607919 0.04882591
  endloop
 endfacet
 facet normal -8.9697853e-16 -0.99862953 0.052335957
  outer loop
   vertex -0.086292217 0.0046428913 0.045555028
   vertex -0.086296553 0.0046131055 0.044986681
   vertex -0.085641931 0.0046131116 0.044986797
  endloop
 endfacet
 facet normal -8.9697853e-16 -0.99862953 0.052335957
  outer loop
   vertex -0.086292217 0.0046428913 0.045555028
   vertex -0.085641931 0.0046131116 0.044986797
   vertex -0.085639576 0.0046428276 0.045553813
  endloop
 endfacet
 facet normal -2.0577963e-15 -0.99862953 0.052335957
  outer loop
   vertex -0.085639576 0.0046428276 0.045553813
   vertex -0.084997592 0.0046428168 0.045553606
   vertex -0.084989516 0.0046878458 0.04641281
  endloop
 endfacet
 facet normal -2.0577963e-15 -0.99862953 0.052335957
  outer loop
   vertex -0.085639576 0.0046428276 0.045553813
   vertex -0.084989516 0.0046878458 0.04641281
   vertex -0.085633441 0.0046878782 0.046413429
  endloop
 endfacet
 facet normal 5.8744519e-16 -0.99862953 0.052335957
  outer loop
   vertex -0.086281898 0.004688057 0.046416842
   vertex -0.086292217 0.0046428913 0.045555028
   vertex -0.085639576 0.0046428276 0.045553813
  endloop
 endfacet
 facet normal 5.8744519e-16 -0.99862953 0.052335957
  outer loop
   vertex -0.086281898 0.004688057 0.046416842
   vertex -0.085639576 0.0046428276 0.045553813
   vertex -0.085633441 0.0046878782 0.046413429
  endloop
 endfacet
 facet normal -0.00043656616 -0.90997427 -0.4146645
  outer loop
   vertex -0.085646761 0.0041703158 0.049820131
   vertex -0.086312498 0.004172559 0.049815909
   vertex -0.086307889 0.0043903934 0.04933787
  endloop
 endfacet
 facet normal -0.00043656616 -0.90997427 -0.4146645
  outer loop
   vertex -0.085646761 0.0041703158 0.049820131
   vertex -0.086307889 0.0043903934 0.04933787
   vertex -0.085644979 0.0043892506 0.049340699
  endloop
 endfacet
 facet normal 3.9254337e-05 -0.94867313 -0.31625826
  outer loop
   vertex -0.08564131 0.0045609564 0.048825337
   vertex -0.084995151 0.0045607919 0.04882591
   vertex -0.084995577 0.0043888318 0.049341735
  endloop
 endfacet
 facet normal 3.9254337e-05 -0.94867313 -0.31625826
  outer loop
   vertex -0.08564131 0.0045609564 0.048825337
   vertex -0.084995577 0.0043888318 0.049341735
   vertex -0.085644979 0.0043892506 0.049340699
  endloop
 endfacet
 facet normal -2.4272991e-15 0.052336044 0.99862953
  outer loop
   vertex -0.084997447 -0.0050670742 0.026229187
   vertex -0.084354741 -0.005064163 0.026229035
   vertex -0.084352403 -0.0044091236 0.026194706
  endloop
 endfacet
 facet normal -2.4272991e-15 0.052336044 0.99862953
  outer loop
   vertex -0.084997447 -0.0050670742 0.026229187
   vertex -0.084352403 -0.0044091236 0.026194706
   vertex -0.084997508 -0.0044106446 0.026194785
  endloop
 endfacet
 facet normal 3.959951e-15 0.052336044 0.99862953
  outer loop
   vertex -0.083708287 -0.0050555898 0.026228586
   vertex -0.083703564 -0.0044048474 0.026194482
   vertex -0.084352403 -0.0044091236 0.026194706
  endloop
 endfacet
 facet normal 3.959951e-15 0.052336044 0.99862953
  outer loop
   vertex -0.083708287 -0.0050555898 0.026228586
   vertex -0.084352403 -0.0044091236 0.026194706
   vertex -0.084354741 -0.005064163 0.026229035
  endloop
 endfacet
 facet normal 1.096001e-15 0.052336044 0.99862953
  outer loop
   vertex -0.08370395 -0.0037638713 0.026160889
   vertex -0.084352725 -0.0037654708 0.026160973
   vertex -0.084352403 -0.0044091236 0.026194706
  endloop
 endfacet
 facet normal 1.096001e-15 0.052336044 0.99862953
  outer loop
   vertex -0.08370395 -0.0037638713 0.026160889
   vertex -0.084352403 -0.0044091236 0.026194706
   vertex -0.083703564 -0.0044048474 0.026194482
  endloop
 endfacet
 facet normal 4.4815017e-15 0.052336044 0.99862953
  outer loop
   vertex -0.08499799 -0.0037660469 0.026161003
   vertex -0.084997508 -0.0044106446 0.026194785
   vertex -0.084352403 -0.0044091236 0.026194706
  endloop
 endfacet
 facet normal 4.4815017e-15 0.052336044 0.99862953
  outer loop
   vertex -0.08499799 -0.0037660469 0.026161003
   vertex -0.084352403 -0.0044091236 0.026194706
   vertex -0.084352725 -0.0037654708 0.026160973
  endloop
 endfacet
 facet normal 0.00037419297 0.052638917 0.99861354
  outer loop
   vertex -0.0837141 -0.0012571164 0.026029429
   vertex -0.083714388 -0.00063904673 0.02599685
   vertex -0.08435892 -0.00063871085 0.025997074
  endloop
 endfacet
 facet normal 0.00037419297 0.052638917 0.99861354
  outer loop
   vertex -0.0837141 -0.0012571164 0.026029429
   vertex -0.08435892 -0.00063871085 0.025997074
   vertex -0.084358656 -0.0012562986 0.02602946
  endloop
 endfacet
 facet normal 5.0807018e-05 0.052335921 0.99862954
  outer loop
   vertex -0.084998452 -7.1454426e-05 0.025967378
   vertex -0.084999835 -0.00063844777 0.025997093
   vertex -0.08435892 -0.00063871085 0.025997074
  endloop
 endfacet
 facet normal 5.0807018e-05 0.052335921 0.99862954
  outer loop
   vertex -0.084998452 -7.1454426e-05 0.025967378
   vertex -0.08435892 -0.00063871085 0.025997074
   vertex -0.084356928 -7.1204e-05 0.025967309
  endloop
 endfacet
 facet normal 2.0234831e-05 0.052367691 0.99862787
  outer loop
   vertex -0.085000121 -0.0012559845 0.026029456
   vertex -0.084358656 -0.0012562986 0.02602946
   vertex -0.08435892 -0.00063871085 0.025997074
  endloop
 endfacet
 facet normal 2.0234831e-05 0.052367691 0.99862787
  outer loop
   vertex -0.085000121 -0.0012559845 0.026029456
   vertex -0.08435892 -0.00063871085 0.025997074
   vertex -0.084999835 -0.00063844777 0.025997093
  endloop
 endfacet
 facet normal 0.00090332411 0.052373755 0.99862714
  outer loop
   vertex -0.083710893 -6.9286459e-05 0.025966624
   vertex -0.084356928 -7.1204e-05 0.025967309
   vertex -0.08435892 -0.00063871085 0.025997074
  endloop
 endfacet
 facet normal 0.00090332411 0.052373755 0.99862714
  outer loop
   vertex -0.083710893 -6.9286459e-05 0.025966624
   vertex -0.08435892 -0.00063871085 0.025997074
   vertex -0.083714388 -0.00063904673 0.02599685
  endloop
 endfacet
 facet normal -4.7235471e-15 0.052336044 0.99862953
  outer loop
   vertex -0.084997447 -0.0050670742 0.026229187
   vertex -0.084997508 -0.0044106446 0.026194785
   vertex -0.085643283 -0.0044105927 0.026194783
  endloop
 endfacet
 facet normal -4.7235471e-15 0.052336044 0.99862953
  outer loop
   vertex -0.084997447 -0.0050670742 0.026229187
   vertex -0.085643283 -0.0044105927 0.026194783
   vertex -0.0856403 -0.0050670253 0.026229185
  endloop
 endfacet
 facet normal 5.2921908e-15 0.052336044 0.99862953
  outer loop
   vertex -0.086294196 -0.0050639666 0.026229025
   vertex -0.0856403 -0.0050670253 0.026229185
   vertex -0.085643283 -0.0044105927 0.026194783
  endloop
 endfacet
 facet normal 5.2921908e-15 0.052336044 0.99862953
  outer loop
   vertex -0.086294196 -0.0050639666 0.026229025
   vertex -0.085643283 -0.0044105927 0.026194783
   vertex -0.086301576 -0.0044089368 0.026194696
  endloop
 endfacet
 facet normal -7.176617e-16 0.052336044 0.99862953
  outer loop
   vertex -0.086303676 -0.0037654833 0.026160974
   vertex -0.086301576 -0.0044089368 0.026194696
   vertex -0.085643283 -0.0044105927 0.026194783
  endloop
 endfacet
 facet normal -7.176617e-16 0.052336044 0.99862953
  outer loop
   vertex -0.086303676 -0.0037654833 0.026160974
   vertex -0.085643283 -0.0044105927 0.026194783
   vertex -0.085644343 -0.0037660395 0.026161003
  endloop
 endfacet
 facet normal 2.6831427e-15 0.052336044 0.99862953
  outer loop
   vertex -0.08499799 -0.0037660469 0.026161003
   vertex -0.085644343 -0.0037660395 0.026161003
   vertex -0.085643283 -0.0044105927 0.026194783
  endloop
 endfacet
 facet normal 2.6831427e-15 0.052336044 0.99862953
  outer loop
   vertex -0.08499799 -0.0037660469 0.026161003
   vertex -0.085643283 -0.0044105927 0.026194783
   vertex -0.084997508 -0.0044106446 0.026194785
  endloop
 endfacet
 facet normal 2.2753002e-15 0.052336044 0.99862953
  outer loop
   vertex -0.086299171 -0.0012564514 0.026029481
   vertex -0.085643333 -0.0012560114 0.026029458
   vertex -0.08564222 -0.00063840865 0.02599709
  endloop
 endfacet
 facet normal 2.2753002e-15 0.052336044 0.99862953
  outer loop
   vertex -0.086299171 -0.0012564514 0.026029481
   vertex -0.08564222 -0.00063840865 0.02599709
   vertex -0.08629674 -0.00063856223 0.025997099
  endloop
 endfacet
 facet normal 1.931436e-15 0.052336044 0.99862953
  outer loop
   vertex -0.084998452 -7.1454426e-05 0.025967378
   vertex -0.085640648 -7.1198294e-05 0.025967364
   vertex -0.08564222 -0.00063840865 0.02599709
  endloop
 endfacet
 facet normal 1.931436e-15 0.052336044 0.99862953
  outer loop
   vertex -0.084998452 -7.1454426e-05 0.025967378
   vertex -0.08564222 -0.00063840865 0.02599709
   vertex -0.084999835 -0.00063844777 0.025997093
  endloop
 endfacet
 facet normal -1.5159244e-15 0.052336044 0.99862953
  outer loop
   vertex -0.085000121 -0.0012559845 0.026029456
   vertex -0.084999835 -0.00063844777 0.025997093
   vertex -0.08564222 -0.00063840865 0.02599709
  endloop
 endfacet
 facet normal -1.5159244e-15 0.052336044 0.99862953
  outer loop
   vertex -0.085000121 -0.0012559845 0.026029456
   vertex -0.08564222 -0.00063840865 0.02599709
   vertex -0.085643333 -0.0012560114 0.026029458
  endloop
 endfacet
 facet normal -4.0315187e-15 0.052336044 0.99862953
  outer loop
   vertex -0.086294052 -7.0063573e-05 0.025967305
   vertex -0.08629674 -0.00063856223 0.025997099
   vertex -0.08564222 -0.00063840865 0.02599709
  endloop
 endfacet
 facet normal -4.0315187e-15 0.052336044 0.99862953
  outer loop
   vertex -0.086294052 -7.0063573e-05 0.025967305
   vertex -0.08564222 -0.00063840865 0.02599709
   vertex -0.085640648 -7.1198294e-05 0.025967364
  endloop
 endfacet
 facet normal 5.5283428e-16 -0.99862953 0.052335957
  outer loop
   vertex -0.083694651 0.0037622537 0.028751462
   vertex -0.083697373 0.0037949354 0.029375066
   vertex -0.084349111 0.0037949882 0.029376073
  endloop
 endfacet
 facet normal 5.5283428e-16 -0.99862953 0.052335957
  outer loop
   vertex -0.083694651 0.0037622537 0.028751462
   vertex -0.084349111 0.0037949882 0.029376073
   vertex -0.08434754 0.0037623002 0.02875235
  endloop
 endfacet
 facet normal -1.4072608e-15 -0.99862953 0.052335957
  outer loop
   vertex -0.084997565 0.0038276797 0.029999864
   vertex -0.084996902 0.0037950074 0.02937644
   vertex -0.084349111 0.0037949882 0.029376073
  endloop
 endfacet
 facet normal -1.4072608e-15 -0.99862953 0.052335957
  outer loop
   vertex -0.084997565 0.0038276797 0.029999864
   vertex -0.084349111 0.0037949882 0.029376073
   vertex -0.084351031 0.0038276604 0.029999497
  endloop
 endfacet
 facet normal -1.9217208e-16 -0.99862953 0.052335957
  outer loop
   vertex -0.08370091 0.0038276045 0.029998429
   vertex -0.084351031 0.0038276604 0.029999497
   vertex -0.084349111 0.0037949882 0.029376073
  endloop
 endfacet
 facet normal -1.9217208e-16 -0.99862953 0.052335957
  outer loop
   vertex -0.08370091 0.0038276045 0.029998429
   vertex -0.084349111 0.0037949882 0.029376073
   vertex -0.083697373 0.0037949354 0.029375066
  endloop
 endfacet
 facet normal -3.1997224e-16 -0.99862953 0.052335957
  outer loop
   vertex -0.084996336 0.0037623161 0.028752652
   vertex -0.08434754 0.0037623002 0.02875235
   vertex -0.084349111 0.0037949882 0.029376073
  endloop
 endfacet
 facet normal -3.1997224e-16 -0.99862953 0.052335957
  outer loop
   vertex -0.084996336 0.0037623161 0.028752652
   vertex -0.084349111 0.0037949882 0.029376073
   vertex -0.084996902 0.0037950074 0.02937644
  endloop
 endfacet
 facet normal 1.9471512e-05 0.052335992 0.99862953
  outer loop
   vertex -0.084338642 0.0013111872 0.025894904
   vertex -0.084990877 0.0013107686 0.025894938
   vertex -0.08499229 0.00078475262 0.025922506
  endloop
 endfacet
 facet normal 1.9471512e-05 0.052335992 0.99862953
  outer loop
   vertex -0.084338642 0.0013111872 0.025894904
   vertex -0.08499229 0.00078475262 0.025922506
   vertex -0.084342441 0.00078555395 0.025922415
  endloop
 endfacet
 facet normal 7.453138e-05 0.052335509 0.99862956
  outer loop
   vertex -0.084342441 0.00078555395 0.025922415
   vertex -0.08499229 0.00078475262 0.025922506
   vertex -0.084998452 -7.1454426e-05 0.025967378
  endloop
 endfacet
 facet normal 7.453138e-05 0.052335509 0.99862956
  outer loop
   vertex -0.084342441 0.00078555395 0.025922415
   vertex -0.084998452 -7.1454426e-05 0.025967378
   vertex -0.084356928 -7.1204e-05 0.025967309
  endloop
 endfacet
 facet normal 0.00039710849 0.051939073 0.99865018
  outer loop
   vertex -0.083710893 -6.9286459e-05 0.025966624
   vertex -0.083684681 0.00078747193 0.025922054
   vertex -0.084342441 0.00078555395 0.025922415
  endloop
 endfacet
 facet normal 0.00039710849 0.051939073 0.99865018
  outer loop
   vertex -0.083710893 -6.9286459e-05 0.025966624
   vertex -0.084342441 0.00078555395 0.025922415
   vertex -0.084356928 -7.1204e-05 0.025967309
  endloop
 endfacet
 facet normal -2.3217247e-15 -0.99862953 0.052335957
  outer loop
   vertex -0.086308238 0.0037622757 0.028751883
   vertex -0.085645628 0.0037623083 0.028752505
   vertex -0.08564541 0.0037950049 0.029376393
  endloop
 endfacet
 facet normal -2.3217247e-15 -0.99862953 0.052335957
  outer loop
   vertex -0.086308238 0.0037622757 0.028751883
   vertex -0.08564541 0.0037950049 0.029376393
   vertex -0.086307193 0.0037949807 0.02937593
  endloop
 endfacet
 facet normal 1.8021778e-15 -0.99862953 0.052335957
  outer loop
   vertex -0.084997565 0.0038276797 0.029999864
   vertex -0.085645106 0.0038276789 0.029999849
   vertex -0.08564541 0.0037950049 0.029376393
  endloop
 endfacet
 facet normal 1.8021778e-15 -0.99862953 0.052335957
  outer loop
   vertex -0.084997565 0.0038276797 0.029999864
   vertex -0.08564541 0.0037950049 0.029376393
   vertex -0.084996902 0.0037950074 0.02937644
  endloop
 endfacet
 facet normal 7.8473527e-16 -0.99862953 0.052335957
  outer loop
   vertex -0.086305859 0.0038276581 0.029999453
   vertex -0.086307193 0.0037949807 0.02937593
   vertex -0.08564541 0.0037950049 0.029376393
  endloop
 endfacet
 facet normal 7.8473527e-16 -0.99862953 0.052335957
  outer loop
   vertex -0.086305859 0.0038276581 0.029999453
   vertex -0.08564541 0.0037950049 0.029376393
   vertex -0.085645106 0.0038276789 0.029999849
  endloop
 endfacet
 facet normal 1.2006862e-15 -0.99862953 0.052335957
  outer loop
   vertex -0.084996336 0.0037623161 0.028752652
   vertex -0.084996902 0.0037950074 0.02937644
   vertex -0.08564541 0.0037950049 0.029376393
  endloop
 endfacet
 facet normal 1.2006862e-15 -0.99862953 0.052335957
  outer loop
   vertex -0.084996336 0.0037623161 0.028752652
   vertex -0.08564541 0.0037950049 0.029376393
   vertex -0.085645628 0.0037623083 0.028752505
  endloop
 endfacet
 facet normal 2.2851847e-16 0.052336044 0.99862953
  outer loop
   vertex -0.085639913 0.0013105095 0.025894952
   vertex -0.085639126 0.00078519724 0.025922482
   vertex -0.08499229 0.00078475262 0.025922506
  endloop
 endfacet
 facet normal 2.2851847e-16 0.052336044 0.99862953
  outer loop
   vertex -0.085639913 0.0013105095 0.025894952
   vertex -0.08499229 0.00078475262 0.025922506
   vertex -0.084990877 0.0013107686 0.025894938
  endloop
 endfacet
 facet normal 2.2756514e-16 0.052336044 0.99862953
  outer loop
   vertex -0.08499229 0.00078475262 0.025922506
   vertex -0.085639126 0.00078519724 0.025922482
   vertex -0.085640648 -7.1198294e-05 0.025967364
  endloop
 endfacet
 facet normal 2.2756514e-16 0.052336044 0.99862953
  outer loop
   vertex -0.08499229 0.00078475262 0.025922506
   vertex -0.085640648 -7.1198294e-05 0.025967364
   vertex -0.084998452 -7.1454426e-05 0.025967378
  endloop
 endfacet
 facet normal 7.5930156e-16 0.052336044 0.99862953
  outer loop
   vertex -0.086294052 -7.0063573e-05 0.025967305
   vertex -0.085640648 -7.1198294e-05 0.025967364
   vertex -0.085639126 0.00078519724 0.025922482
  endloop
 endfacet
 facet normal 7.5930156e-16 0.052336044 0.99862953
  outer loop
   vertex -0.086294052 -7.0063573e-05 0.025967305
   vertex -0.085639126 0.00078519724 0.025922482
   vertex -0.08629419 0.00078784376 0.025922344
  endloop
 endfacet
 facet normal -1 0 0
  outer loop
   vertex -0.082410976 -0.0050581071 0.038756577
   vertex -0.082410976 -0.0057267125 0.03876443
   vertex -0.082410976 -0.0056940473 0.039387718
  endloop
 endfacet
 facet normal -1 0 0
  outer loop
   vertex -0.082410976 -0.0050581071 0.038756577
   vertex -0.082410976 -0.0056940473 0.039387718
   vertex -0.082410976 -0.0050415699 0.039380957
  endloop
 endfacet
 facet normal -1 0 0
  outer loop
   vertex -0.082410976 -0.0050581071 0.038756577
   vertex -0.082410976 -0.0050760653 0.038133164
   vertex -0.082410976 -0.0057593776 0.038141141
  endloop
 endfacet
 facet normal -1 0 0
  outer loop
   vertex -0.082410976 -0.0050581071 0.038756577
   vertex -0.082410976 -0.0057593776 0.038141141
   vertex -0.082410976 -0.0057267125 0.03876443
  endloop
 endfacet
 facet normal -1 -2.0153741e-16 -2.2237493e-14
  outer loop
   vertex -0.082410976 -0.0049882698 0.041252561
   vertex -0.082410976 -0.0050060322 0.04062865
   vertex -0.082410976 -0.0056287171 0.040634294
  endloop
 endfacet
 facet normal -1 -2.0153741e-16 -2.2237493e-14
  outer loop
   vertex -0.082410976 -0.0049882698 0.041252561
   vertex -0.082410976 -0.0056287171 0.040634294
   vertex -0.082410976 -0.0055960519 0.041257582
  endloop
 endfacet
 facet normal -1 0 0
  outer loop
   vertex -0.082410976 -0.0025042379 0.038750303
   vertex -0.082410976 -0.0018762956 0.038750094
   vertex -0.082410976 -0.0018765272 0.038125106
  endloop
 endfacet
 facet normal -1 0 0
  outer loop
   vertex -0.082410976 -0.0025042379 0.038750303
   vertex -0.082410976 -0.0018765272 0.038125106
   vertex -0.082410976 -0.0025049826 0.038125344
  endloop
 endfacet
 facet normal -1 0 0
  outer loop
   vertex -0.082410976 -0.001250459 0.03750003
   vertex -0.082410976 -0.0018767312 0.037500112
   vertex -0.082410976 -0.0018765272 0.038125106
  endloop
 endfacet
 facet normal -1 0 0
  outer loop
   vertex -0.082410976 -0.001250459 0.03750003
   vertex -0.082410976 -0.0018765272 0.038125106
   vertex -0.082410976 -0.001250403 0.038125028
  endloop
 endfacet
 facet normal -1 0 0
  outer loop
   vertex -0.082410976 -0.001250339 0.038750025
   vertex -0.082410976 -0.001250403 0.038125028
   vertex -0.082410976 -0.0018765272 0.038125106
  endloop
 endfacet
 facet normal -1 0 0
  outer loop
   vertex -0.082410976 -0.001250339 0.038750025
   vertex -0.082410976 -0.0018765272 0.038125106
   vertex -0.082410976 -0.0018762956 0.038750094
  endloop
 endfacet
 facet normal -1 0 0
  outer loop
   vertex -0.082410976 -4.353682e-08 0.03875
   vertex -0.082410976 -0.000625084 0.038750006
   vertex -0.082410976 -0.00062505574 0.039375004
  endloop
 endfacet
 facet normal -1 0 0
  outer loop
   vertex -0.082410976 -4.353682e-08 0.03875
   vertex -0.082410976 -0.00062505574 0.039375004
   vertex -0.082410976 1.8499822e-08 0.039374997
  endloop
 endfacet
 facet normal -1 0 0
  outer loop
   vertex -0.082410976 -0.0012502045 0.040000015
   vertex -0.082410976 -0.00062502685 0.040000002
   vertex -0.082410976 -0.00062505574 0.039375004
  endloop
 endfacet
 facet normal -1 0 0
  outer loop
   vertex -0.082410976 -0.0012502045 0.040000015
   vertex -0.082410976 -0.00062505574 0.039375004
   vertex -0.082410976 -0.001250272 0.03937502
  endloop
 endfacet
 facet normal -1 0 0
  outer loop
   vertex -0.082410976 -0.001250339 0.038750025
   vertex -0.082410976 -0.001250272 0.03937502
   vertex -0.082410976 -0.00062505574 0.039375004
  endloop
 endfacet
 facet normal -1 0 0
  outer loop
   vertex -0.082410976 -0.001250339 0.038750025
   vertex -0.082410976 -0.00062505574 0.039375004
   vertex -0.082410976 -0.000625084 0.038750006
  endloop
 endfacet
 facet normal -1 0 0
  outer loop
   vertex -0.082410976 -0.001250459 0.03750003
   vertex -0.082410976 -0.001250403 0.038125028
   vertex -0.082410976 -0.00062511032 0.038125007
  endloop
 endfacet
 facet normal -1 0 0
  outer loop
   vertex -0.082410976 -0.001250459 0.03750003
   vertex -0.082410976 -0.00062511032 0.038125007
   vertex -0.082410976 -0.00062513102 0.037500008
  endloop
 endfacet
 facet normal -1 0 0
  outer loop
   vertex -0.082410976 -4.353682e-08 0.03875
   vertex -0.082410976 -1.0008751e-07 0.038125003
   vertex -0.082410976 -0.00062511032 0.038125007
  endloop
 endfacet
 facet normal -1 0 0
  outer loop
   vertex -0.082410976 -4.353682e-08 0.03875
   vertex -0.082410976 -0.00062511032 0.038125007
   vertex -0.082410976 -0.000625084 0.038750006
  endloop
 endfacet
 facet normal -1 0 0
  outer loop
   vertex -0.082410976 -0.001250339 0.038750025
   vertex -0.082410976 -0.000625084 0.038750006
   vertex -0.082410976 -0.00062511032 0.038125007
  endloop
 endfacet
 facet normal -1 0 0
  outer loop
   vertex -0.082410976 -0.001250339 0.038750025
   vertex -0.082410976 -0.00062511032 0.038125007
   vertex -0.082410976 -0.001250403 0.038125028
  endloop
 endfacet
 facet normal -1 0 0
  outer loop
   vertex -0.082410976 -0.0025042379 0.038750303
   vertex -0.082410976 -0.0025034625 0.039375253
   vertex -0.082410976 -0.0018760539 0.039375077
  endloop
 endfacet
 facet normal -1 0 0
  outer loop
   vertex -0.082410976 -0.0025042379 0.038750303
   vertex -0.082410976 -0.0018760539 0.039375077
   vertex -0.082410976 -0.0018762956 0.038750094
  endloop
 endfacet
 facet normal -1 0 0
  outer loop
   vertex -0.082410976 -0.0012502045 0.040000015
   vertex -0.082410976 -0.001250272 0.03937502
   vertex -0.082410976 -0.0018760539 0.039375077
  endloop
 endfacet
 facet normal -1 0 0
  outer loop
   vertex -0.082410976 -0.0012502045 0.040000015
   vertex -0.082410976 -0.0018760539 0.039375077
   vertex -0.082410976 -0.0018758113 0.040000061
  endloop
 endfacet
 facet normal -1 0 0
  outer loop
   vertex -0.082410976 -0.001250339 0.038750025
   vertex -0.082410976 -0.0018762956 0.038750094
   vertex -0.082410976 -0.0018760539 0.039375077
  endloop
 endfacet
 facet normal -1 0 0
  outer loop
   vertex -0.082410976 -0.001250339 0.038750025
   vertex -0.082410976 -0.0018760539 0.039375077
   vertex -0.082410976 -0.001250272 0.03937502
  endloop
 endfacet
 facet normal -1 2.230517e-14 -2.2374922e-14
  outer loop
   vertex -0.082410976 0.0024994933 0.038749792
   vertex -0.082410976 0.002494997 0.038125071
   vertex -0.082410976 0.0018727876 0.03812504
  endloop
 endfacet
 facet normal -1 2.230517e-14 -2.2374922e-14
  outer loop
   vertex -0.082410976 0.0024994933 0.038749792
   vertex -0.082410976 0.0018727876 0.03812504
   vertex -0.082410976 0.0018746566 0.038749922
  endloop
 endfacet
 facet normal -1 0 0
  outer loop
   vertex -0.082410976 0.0012486558 0.037500059
   vertex -0.082410976 0.001249155 0.038125017
   vertex -0.082410976 0.0018727876 0.03812504
  endloop
 endfacet
 facet normal -1 0 0
  outer loop
   vertex -0.082410976 0.0012486558 0.037500059
   vertex -0.082410976 0.0018727876 0.03812504
   vertex -0.082410976 0.0018713085 0.037500157
  endloop
 endfacet
 facet normal -1 0 0
  outer loop
   vertex -0.082410976 0.0012498214 0.038749976
   vertex -0.082410976 0.0018746566 0.038749922
   vertex -0.082410976 0.0018727876 0.03812504
  endloop
 endfacet
 facet normal -1 0 0
  outer loop
   vertex -0.082410976 0.0012498214 0.038749976
   vertex -0.082410976 0.0018727876 0.03812504
   vertex -0.082410976 0.001249155 0.038125017
  endloop
 endfacet
 facet normal -1 0 0
  outer loop
   vertex -0.082410976 -4.353682e-08 0.03875
   vertex -0.082410976 1.8499822e-08 0.039374997
   vertex -0.082410976 0.00062514395 0.039374981
  endloop
 endfacet
 facet normal -1 0 0
  outer loop
   vertex -0.082410976 -4.353682e-08 0.03875
   vertex -0.082410976 0.00062514395 0.039374981
   vertex -0.082410976 0.00062492046 0.038749994
  endloop
 endfacet
 facet normal -1 0 0
  outer loop
   vertex -0.082410976 0.001251285 0.039999889
   vertex -0.082410976 0.0012505433 0.039374933
   vertex -0.082410976 0.00062514395 0.039374981
  endloop
 endfacet
 facet normal -1 0 0
  outer loop
   vertex -0.082410976 0.001251285 0.039999889
   vertex -0.082410976 0.00062514395 0.039374981
   vertex -0.082410976 0.00062537436 0.039999968
  endloop
 endfacet
 facet normal -1 0 0
  outer loop
   vertex -0.082410976 0.0012498214 0.038749976
   vertex -0.082410976 0.00062492046 0.038749994
   vertex -0.082410976 0.00062514395 0.039374981
  endloop
 endfacet
 facet normal -1 0 0
  outer loop
   vertex -0.082410976 0.0012498214 0.038749976
   vertex -0.082410976 0.00062514395 0.039374981
   vertex -0.082410976 0.0012505433 0.039374933
  endloop
 endfacet
 facet normal -1 -0 0
  outer loop
   vertex -0.082410976 0.0012486558 0.037500059
   vertex -0.082410976 0.00062456984 0.037500019
   vertex -0.082410976 0.00062471597 0.038125007
  endloop
 endfacet
 facet normal -1 -0 0
  outer loop
   vertex -0.082410976 0.0012486558 0.037500059
   vertex -0.082410976 0.00062471597 0.038125007
   vertex -0.082410976 0.001249155 0.038125017
  endloop
 endfacet
 facet normal -1 0 0
  outer loop
   vertex -0.082410976 -4.353682e-08 0.03875
   vertex -0.082410976 0.00062492046 0.038749994
   vertex -0.082410976 0.00062471597 0.038125007
  endloop
 endfacet
 facet normal -1 0 0
  outer loop
   vertex -0.082410976 -4.353682e-08 0.03875
   vertex -0.082410976 0.00062471597 0.038125007
   vertex -0.082410976 -1.0008751e-07 0.038125003
  endloop
 endfacet
 facet normal -1 0 0
  outer loop
   vertex -0.082410976 0.0012498214 0.038749976
   vertex -0.082410976 0.001249155 0.038125017
   vertex -0.082410976 0.00062471597 0.038125007
  endloop
 endfacet
 facet normal -1 0 0
  outer loop
   vertex -0.082410976 0.0012498214 0.038749976
   vertex -0.082410976 0.00062471597 0.038125007
   vertex -0.082410976 0.00062492046 0.038749994
  endloop
 endfacet
 facet normal -1 0 0
  outer loop
   vertex -0.082410976 0.0024994933 0.038749792
   vertex -0.082410976 0.0018746566 0.038749922
   vertex -0.082410976 0.0018766562 0.039374803
  endloop
 endfacet
 facet normal -1 0 0
  outer loop
   vertex -0.082410976 0.0024994933 0.038749792
   vertex -0.082410976 0.0018766562 0.039374803
   vertex -0.082410976 0.0025042318 0.039374508
  endloop
 endfacet
 facet normal -1 0 0
  outer loop
   vertex -0.082410976 0.001251285 0.039999889
   vertex -0.082410976 0.0018787027 0.03999968
   vertex -0.082410976 0.0018766562 0.039374803
  endloop
 endfacet
 facet normal -1 0 0
  outer loop
   vertex -0.082410976 0.001251285 0.039999889
   vertex -0.082410976 0.0018766562 0.039374803
   vertex -0.082410976 0.0012505433 0.039374933
  endloop
 endfacet
 facet normal -1 0 0
  outer loop
   vertex -0.082410976 0.0012498214 0.038749976
   vertex -0.082410976 0.0012505433 0.039374933
   vertex -0.082410976 0.0018766562 0.039374803
  endloop
 endfacet
 facet normal -1 0 0
  outer loop
   vertex -0.082410976 0.0012498214 0.038749976
   vertex -0.082410976 0.0018766562 0.039374803
   vertex -0.082410976 0.0018746566 0.038749922
  endloop
 endfacet
 facet normal -1 2.2191441e-14 -2.2232082e-14
  outer loop
   vertex -0.082410976 -0.0025011668 0.041250104
   vertex -0.082410976 -0.0025004321 0.041875061
   vertex -0.082410976 -0.0018751097 0.041875017
  endloop
 endfacet
 facet normal -1 2.2191441e-14 -2.2232082e-14
  outer loop
   vertex -0.082410976 -0.0025011668 0.041250104
   vertex -0.082410976 -0.0018751097 0.041875017
   vertex -0.082410976 -0.0018753378 0.04125003
  endloop
 endfacet
 facet normal -1 -5.0163138e-19 -2.2204572e-14
  outer loop
   vertex -0.082410976 -0.0012499494 0.0425
   vertex -0.082410976 -0.001250009 0.041875003
   vertex -0.082410976 -0.0018751097 0.041875017
  endloop
 endfacet
 facet normal -1 -5.0163138e-19 -2.2204572e-14
  outer loop
   vertex -0.082410976 -0.0012499494 0.0425
   vertex -0.082410976 -0.0018751097 0.041875017
   vertex -0.082410976 -0.0018748949 0.042500005
  endloop
 endfacet
 facet normal -1 0 0
  outer loop
   vertex -0.082410976 -0.0012500725 0.041250007
   vertex -0.082410976 -0.0018753378 0.04125003
   vertex -0.082410976 -0.0018751097 0.041875017
  endloop
 endfacet
 facet normal -1 0 0
  outer loop
   vertex -0.082410976 -0.0012500725 0.041250007
   vertex -0.082410976 -0.0018751097 0.041875017
   vertex -0.082410976 -0.001250009 0.041875003
  endloop
 endfacet
 facet normal -1 0 0
  outer loop
   vertex -0.082410976 -0.0012502045 0.040000015
   vertex -0.082410976 -0.0012501378 0.040625011
   vertex -0.082410976 -0.00062499778 0.040625
  endloop
 endfacet
 facet normal -1 0 0
  outer loop
   vertex -0.082410976 -0.0012502045 0.040000015
   vertex -0.082410976 -0.00062499778 0.040625
   vertex -0.082410976 -0.00062502685 0.040000002
  endloop
 endfacet
 facet normal -1 0 0
  outer loop
   vertex -0.082410976 2.1470501e-07 0.041249984
   vertex -0.082410976 1.4803925e-07 0.040624989
   vertex -0.082410976 -0.00062499778 0.040625
  endloop
 endfacet
 facet normal -1 0 0
  outer loop
   vertex -0.082410976 2.1470501e-07 0.041249984
   vertex -0.082410976 -0.00062499778 0.040625
   vertex -0.082410976 -0.00062496874 0.041249998
  endloop
 endfacet
 facet normal -1 0 0
  outer loop
   vertex -0.082410976 -0.0012500725 0.041250007
   vertex -0.082410976 -0.00062496874 0.041249998
   vertex -0.082410976 -0.00062499778 0.040625
  endloop
 endfacet
 facet normal -1 0 0
  outer loop
   vertex -0.082410976 -0.0012500725 0.041250007
   vertex -0.082410976 -0.00062499778 0.040625
   vertex -0.082410976 -0.0012501378 0.040625011
  endloop
 endfacet
 facet normal -1 0 0
  outer loop
   vertex -0.082410976 -0.0025011668 0.041250104
   vertex -0.082410976 -0.0018753378 0.04125003
   vertex -0.082410976 -0.0018755722 0.040625045
  endloop
 endfacet
 facet normal -1 0 0
  outer loop
   vertex -0.082410976 -0.0025011668 0.041250104
   vertex -0.082410976 -0.0018755722 0.040625045
   vertex -0.082410976 -0.0025019193 0.040625151
  endloop
 endfacet
 facet normal -1 0 0
  outer loop
   vertex -0.082410976 -0.0012502045 0.040000015
   vertex -0.082410976 -0.0018758113 0.040000061
   vertex -0.082410976 -0.0018755722 0.040625045
  endloop
 endfacet
 facet normal -1 0 0
  outer loop
   vertex -0.082410976 -0.0012502045 0.040000015
   vertex -0.082410976 -0.0018755722 0.040625045
   vertex -0.082410976 -0.0012501378 0.040625011
  endloop
 endfacet
 facet normal -1 0 0
  outer loop
   vertex -0.082410976 -0.0012500725 0.041250007
   vertex -0.082410976 -0.0012501378 0.040625011
   vertex -0.082410976 -0.0018755722 0.040625045
  endloop
 endfacet
 facet normal -1 0 0
  outer loop
   vertex -0.082410976 -0.0012500725 0.041250007
   vertex -0.082410976 -0.0018755722 0.040625045
   vertex -0.082410976 -0.0018753378 0.04125003
  endloop
 endfacet
 facet normal -1 2.2203143e-14 -9.8268033e-19
  outer loop
   vertex -0.082410976 -0.0012499494 0.0425
   vertex -0.082410976 -0.00062491233 0.042499994
   vertex -0.082410976 -0.00062493999 0.041874996
  endloop
 endfacet
 facet normal -1 2.2203143e-14 -9.8268033e-19
  outer loop
   vertex -0.082410976 -0.0012499494 0.0425
   vertex -0.082410976 -0.00062493999 0.041874996
   vertex -0.082410976 -0.001250009 0.041875003
  endloop
 endfacet
 facet normal -1 0 0
  outer loop
   vertex -0.082410976 2.1470501e-07 0.041249984
   vertex -0.082410976 -0.00062496874 0.041249998
   vertex -0.082410976 -0.00062493999 0.041874996
  endloop
 endfacet
 facet normal -1 0 0
  outer loop
   vertex -0.082410976 2.1470501e-07 0.041249984
   vertex -0.082410976 -0.00062493999 0.041874996
   vertex -0.082410976 2.8213032e-07 0.041874979
  endloop
 endfacet
 facet normal -1 0 0
  outer loop
   vertex -0.082410976 -0.0012500725 0.041250007
   vertex -0.082410976 -0.001250009 0.041875003
   vertex -0.082410976 -0.00062493999 0.041874996
  endloop
 endfacet
 facet normal -1 0 0
  outer loop
   vertex -0.082410976 -0.0012500725 0.041250007
   vertex -0.082410976 -0.00062493999 0.041874996
   vertex -0.082410976 -0.00062496874 0.041249998
  endloop
 endfacet
 facet normal -1 -2.8433903e-17 -2.2209332e-14
  outer loop
   vertex -0.082410976 0.0025188936 0.041248601
   vertex -0.082410976 0.0018828839 0.041249415
   vertex -0.082410976 0.0018850196 0.041874276
  endloop
 endfacet
 facet normal -1 -2.8433903e-17 -2.2209332e-14
  outer loop
   vertex -0.082410976 0.0025188936 0.041248601
   vertex -0.082410976 0.0018850196 0.041874276
   vertex -0.082410976 0.0025239289 0.041873289
  endloop
 endfacet
 facet normal -1 2.1930703e-14 -7.4972743e-17
  outer loop
   vertex -0.082410976 0.0012543559 0.042499688
   vertex -0.082410976 0.0018871558 0.04249914
   vertex -0.082410976 0.0018850196 0.041874276
  endloop
 endfacet
 facet normal -1 2.1930703e-14 -7.4972743e-17
  outer loop
   vertex -0.082410976 0.0012543559 0.042499688
   vertex -0.082410976 0.0018850196 0.041874276
   vertex -0.082410976 0.0012535819 0.041874739
  endloop
 endfacet
 facet normal -1 2.197806e-14 -2.7305395e-17
  outer loop
   vertex -0.082410976 0.0012528055 0.041249792
   vertex -0.082410976 0.0012535819 0.041874739
   vertex -0.082410976 0.0018850196 0.041874276
  endloop
 endfacet
 facet normal -1 2.197806e-14 -2.7305395e-17
  outer loop
   vertex -0.082410976 0.0012528055 0.041249792
   vertex -0.082410976 0.0018850196 0.041874276
   vertex -0.082410976 0.0018828839 0.041249415
  endloop
 endfacet
 facet normal -1 0 0
  outer loop
   vertex -0.082410976 0.001251285 0.039999889
   vertex -0.082410976 0.00062537436 0.039999968
   vertex -0.082410976 0.00062560926 0.040624953
  endloop
 endfacet
 facet normal -1 0 0
  outer loop
   vertex -0.082410976 0.001251285 0.039999889
   vertex -0.082410976 0.00062560926 0.040624953
   vertex -0.082410976 0.0012520391 0.040624842
  endloop
 endfacet
 facet normal -1 0 0
  outer loop
   vertex -0.082410976 2.1470501e-07 0.041249984
   vertex -0.082410976 0.00062584846 0.041249937
   vertex -0.082410976 0.00062560926 0.040624953
  endloop
 endfacet
 facet normal -1 0 0
  outer loop
   vertex -0.082410976 2.1470501e-07 0.041249984
   vertex -0.082410976 0.00062560926 0.040624953
   vertex -0.082410976 1.4803925e-07 0.040624989
  endloop
 endfacet
 facet normal -1 -3.9397039e-18 -2.2206245e-14
  outer loop
   vertex -0.082410976 0.0012528055 0.041249792
   vertex -0.082410976 0.0012520391 0.040624842
   vertex -0.082410976 0.00062560926 0.040624953
  endloop
 endfacet
 facet normal -1 -3.9397039e-18 -2.2206245e-14
  outer loop
   vertex -0.082410976 0.0012528055 0.041249792
   vertex -0.082410976 0.00062560926 0.040624953
   vertex -0.082410976 0.00062584846 0.041249937
  endloop
 endfacet
 facet normal -1 -2.1873264e-14 4.4604551e-14
  outer loop
   vertex -0.082410976 0.0025188936 0.041248601
   vertex -0.082410976 0.0025139436 0.040623915
   vertex -0.082410976 0.001880778 0.040624551
  endloop
 endfacet
 facet normal -1 -2.1873264e-14 4.4604551e-14
  outer loop
   vertex -0.082410976 0.0025188936 0.041248601
   vertex -0.082410976 0.001880778 0.040624551
   vertex -0.082410976 0.0018828839 0.041249415
  endloop
 endfacet
 facet normal -1 0 0
  outer loop
   vertex -0.082410976 0.001251285 0.039999889
   vertex -0.082410976 0.0012520391 0.040624842
   vertex -0.082410976 0.001880778 0.040624551
  endloop
 endfacet
 facet normal -1 0 0
  outer loop
   vertex -0.082410976 0.001251285 0.039999889
   vertex -0.082410976 0.001880778 0.040624551
   vertex -0.082410976 0.0018787027 0.03999968
  endloop
 endfacet
 facet normal -1 4.4064159e-14 2.206079e-14
  outer loop
   vertex -0.082410976 0.0012528055 0.041249792
   vertex -0.082410976 0.0018828839 0.041249415
   vertex -0.082410976 0.001880778 0.040624551
  endloop
 endfacet
 facet normal -1 4.4064159e-14 2.206079e-14
  outer loop
   vertex -0.082410976 0.0012528055 0.041249792
   vertex -0.082410976 0.001880778 0.040624551
   vertex -0.082410976 0.0012520391 0.040624842
  endloop
 endfacet
 facet normal -1 -2.2116303e-14 2.7389261e-17
  outer loop
   vertex -0.082410976 0.0012543559 0.042499688
   vertex -0.082410976 0.0012535819 0.041874739
   vertex -0.082410976 0.00062609084 0.04187492
  endloop
 endfacet
 facet normal -1 -2.2116303e-14 2.7389261e-17
  outer loop
   vertex -0.082410976 0.0012543559 0.042499688
   vertex -0.082410976 0.00062609084 0.04187492
   vertex -0.082410976 0.00062633205 0.042499904
  endloop
 endfacet
 facet normal -1 0 0
  outer loop
   vertex -0.082410976 2.1470501e-07 0.041249984
   vertex -0.082410976 2.8213032e-07 0.041874979
   vertex -0.082410976 0.00062609084 0.04187492
  endloop
 endfacet
 facet normal -1 0 0
  outer loop
   vertex -0.082410976 2.1470501e-07 0.041249984
   vertex -0.082410976 0.00062609084 0.04187492
   vertex -0.082410976 0.00062584846 0.041249937
  endloop
 endfacet
 facet normal -1 -2.2135148e-14 8.5843437e-18
  outer loop
   vertex -0.082410976 0.0012528055 0.041249792
   vertex -0.082410976 0.00062584846 0.041249937
   vertex -0.082410976 0.00062609084 0.04187492
  endloop
 endfacet
 facet normal -1 -2.2135148e-14 8.5843437e-18
  outer loop
   vertex -0.082410976 0.0012528055 0.041249792
   vertex -0.082410976 0.00062609084 0.04187492
   vertex -0.082410976 0.0012535819 0.041874739
  endloop
 endfacet
 facet normal -1 0 0
  outer loop
   vertex -0.082410976 -0.0024997059 0.031249899
   vertex -0.082410976 -0.0024996263 0.03187497
   vertex -0.082410976 -0.001874879 0.031874976
  endloop
 endfacet
 facet normal -1 0 0
  outer loop
   vertex -0.082410976 -0.0024997059 0.031249899
   vertex -0.082410976 -0.001874879 0.031874976
   vertex -0.082410976 -0.0018749028 0.031249889
  endloop
 endfacet
 facet normal -1 0 -0
  outer loop
   vertex -0.082410976 -0.0012498773 0.032499989
   vertex -0.082410976 -0.001249872 0.031874971
   vertex -0.082410976 -0.001874879 0.031874976
  endloop
 endfacet
 facet normal -1 0 -0
  outer loop
   vertex -0.082410976 -0.0012498773 0.032499989
   vertex -0.082410976 -0.001874879 0.031874976
   vertex -0.082410976 -0.0018749292 0.032499993
  endloop
 endfacet
 facet normal -1 0 0
  outer loop
   vertex -0.082410976 -0.0012498927 0.031249877
   vertex -0.082410976 -0.0018749028 0.031249889
   vertex -0.082410976 -0.001874879 0.031874976
  endloop
 endfacet
 facet normal -1 0 0
  outer loop
   vertex -0.082410976 -0.0012498927 0.031249877
   vertex -0.082410976 -0.001874879 0.031874976
   vertex -0.082410976 -0.001249872 0.031874971
  endloop
 endfacet
 facet normal -1 0 0
  outer loop
   vertex -0.082410976 1.5769051e-06 0.031249787
   vertex -0.082410976 1.3330288e-06 0.030624442
   vertex -0.082410976 -0.00062467209 0.030624456
  endloop
 endfacet
 facet normal -1 0 0
  outer loop
   vertex -0.082410976 1.5769051e-06 0.031249787
   vertex -0.082410976 -0.00062467209 0.030624456
   vertex -0.082410976 -0.00062458843 0.031249855
  endloop
 endfacet
 facet normal -1 0 0
  outer loop
   vertex -0.082410976 -0.0012500563 0.029998004
   vertex -0.082410976 -0.001249941 0.030624473
   vertex -0.082410976 -0.00062467209 0.030624456
  endloop
 endfacet
 facet normal -1 0 0
  outer loop
   vertex -0.082410976 -0.0012500563 0.029998004
   vertex -0.082410976 -0.00062467209 0.030624456
   vertex -0.082410976 -0.00062481291 0.029997997
  endloop
 endfacet
 facet normal -1 0 0
  outer loop
   vertex -0.082410976 -0.0012498927 0.031249877
   vertex -0.082410976 -0.00062458843 0.031249855
   vertex -0.082410976 -0.00062467209 0.030624456
  endloop
 endfacet
 facet normal -1 0 0
  outer loop
   vertex -0.082410976 -0.0012498927 0.031249877
   vertex -0.082410976 -0.00062467209 0.030624456
   vertex -0.082410976 -0.001249941 0.030624473
  endloop
 endfacet
 facet normal -1 0 0
  outer loop
   vertex -0.082410976 -0.0012498773 0.032499989
   vertex -0.082410976 -0.00062449758 0.032499967
   vertex -0.082410976 -0.00062453011 0.031874947
  endloop
 endfacet
 facet normal -1 0 0
  outer loop
   vertex -0.082410976 -0.0012498773 0.032499989
   vertex -0.082410976 -0.00062453011 0.031874947
   vertex -0.082410976 -0.001249872 0.031874971
  endloop
 endfacet
 facet normal -1 0 0
  outer loop
   vertex -0.082410976 1.5769051e-06 0.031249787
   vertex -0.082410976 -0.00062458843 0.031249855
   vertex -0.082410976 -0.00062453011 0.031874947
  endloop
 endfacet
 facet normal -1 0 0
  outer loop
   vertex -0.082410976 1.5769051e-06 0.031249787
   vertex -0.082410976 -0.00062453011 0.031874947
   vertex -0.082410976 1.7794147e-06 0.031874863
  endloop
 endfacet
 facet normal -1 0 0
  outer loop
   vertex -0.082410976 -0.0012498927 0.031249877
   vertex -0.082410976 -0.001249872 0.031874971
   vertex -0.082410976 -0.00062453011 0.031874947
  endloop
 endfacet
 facet normal -1 0 0
  outer loop
   vertex -0.082410976 -0.0012498927 0.031249877
   vertex -0.082410976 -0.00062453011 0.031874947
   vertex -0.082410976 -0.00062458843 0.031249855
  endloop
 endfacet
 facet normal -1 0 0
  outer loop
   vertex -0.082410976 -0.0024997059 0.031249899
   vertex -0.082410976 -0.0018749028 0.031249889
   vertex -0.082410976 -0.0018749758 0.030624513
  endloop
 endfacet
 facet normal -1 0 0
  outer loop
   vertex -0.082410976 -0.0024997059 0.031249899
   vertex -0.082410976 -0.0018749758 0.030624513
   vertex -0.082410976 -0.002499905 0.03062457
  endloop
 endfacet
 facet normal -1 0 0
  outer loop
   vertex -0.082410976 -0.0012500563 0.029998004
   vertex -0.082410976 -0.0018751246 0.029998137
   vertex -0.082410976 -0.0018749758 0.030624513
  endloop
 endfacet
 facet normal -1 0 0
  outer loop
   vertex -0.082410976 -0.0012500563 0.029998004
   vertex -0.082410976 -0.0018749758 0.030624513
   vertex -0.082410976 -0.001249941 0.030624473
  endloop
 endfacet
 facet normal -1 0 0
  outer loop
   vertex -0.082410976 -0.0012498927 0.031249877
   vertex -0.082410976 -0.001249941 0.030624473
   vertex -0.082410976 -0.0018749758 0.030624513
  endloop
 endfacet
 facet normal -1 0 0
  outer loop
   vertex -0.082410976 -0.0012498927 0.031249877
   vertex -0.082410976 -0.0018749758 0.030624513
   vertex -0.082410976 -0.0018749028 0.031249889
  endloop
 endfacet
 facet normal 1 1.9294922e-18 2.2204622e-14
  outer loop
   vertex -0.088410981 -0.0018753563 0.03875007
   vertex -0.088410981 -0.00187557 0.038125075
   vertex -0.088410981 -0.001250101 0.03812502
  endloop
 endfacet
 facet normal 1 1.9294922e-18 2.2204622e-14
  outer loop
   vertex -0.088410981 -0.0018753563 0.03875007
   vertex -0.088410981 -0.001250101 0.03812502
   vertex -0.088410981 -0.0012500495 0.03875002
  endloop
 endfacet
 facet normal 1 5.4525162e-19 2.220445e-14
  outer loop
   vertex -0.088410981 -0.00062505795 0.038750003
   vertex -0.088410981 -0.00062504456 0.039375003
   vertex -0.088410981 -0.0012499991 0.039375018
  endloop
 endfacet
 facet normal 1 5.4525162e-19 2.220445e-14
  outer loop
   vertex -0.088410981 -0.00062505795 0.038750003
   vertex -0.088410981 -0.0012499991 0.039375018
   vertex -0.088410981 -0.0012500495 0.03875002
  endloop
 endfacet
 facet normal 1 -6.5703026e-19 -2.2204421e-14
  outer loop
   vertex -0.088410981 -0.001250101 0.03812502
   vertex -0.088410981 -0.00062505725 0.038125002
   vertex -0.088410981 -0.00062505795 0.038750003
  endloop
 endfacet
 facet normal 1 -6.5703026e-19 -2.2204421e-14
  outer loop
   vertex -0.088410981 -0.001250101 0.03812502
   vertex -0.088410981 -0.00062505795 0.038750003
   vertex -0.088410981 -0.0012500495 0.03875002
  endloop
 endfacet
 facet normal 1 2.2195891e-14 -4.4416696e-14
  outer loop
   vertex -0.088410981 -0.0012499991 0.039375018
   vertex -0.088410981 -0.0018751529 0.039375062
   vertex -0.088410981 -0.0018753563 0.03875007
  endloop
 endfacet
 facet normal 1 2.2195891e-14 -4.4416696e-14
  outer loop
   vertex -0.088410981 -0.0012499991 0.039375018
   vertex -0.088410981 -0.0018753563 0.03875007
   vertex -0.088410981 -0.0012500495 0.03875002
  endloop
 endfacet
 facet normal 1 -2.21791e-14 2.2187853e-14
  outer loop
   vertex -0.088410981 -0.0012502158 0.031875002
   vertex -0.088410981 -0.0018758803 0.031875052
   vertex -0.088410981 -0.0018754478 0.031250017
  endloop
 endfacet
 facet normal 1 -2.21791e-14 2.2187853e-14
  outer loop
   vertex -0.088410981 -0.0012502158 0.031875002
   vertex -0.088410981 -0.0018754478 0.031250017
   vertex -0.088410981 -0.0012501144 0.031249965
  endloop
 endfacet
 facet normal 1 2.2198551e-14 -2.2197286e-14
  outer loop
   vertex -0.088410981 -0.0012500528 0.030624762
   vertex -0.088410981 -0.00062496483 0.030624684
   vertex -0.088410981 -0.00062492458 0.031249926
  endloop
 endfacet
 facet normal 1 2.2198551e-14 -2.2197286e-14
  outer loop
   vertex -0.088410981 -0.0012500528 0.030624762
   vertex -0.088410981 -0.00062492458 0.031249926
   vertex -0.088410981 -0.0012501144 0.031249965
  endloop
 endfacet
 facet normal 1 0 -0
  outer loop
   vertex -0.088410981 -0.00062492458 0.031249926
   vertex -0.088410981 -0.00062489356 0.031874973
   vertex -0.088410981 -0.0012502158 0.031875002
  endloop
 endfacet
 facet normal 1 0 -0
  outer loop
   vertex -0.088410981 -0.00062492458 0.031249926
   vertex -0.088410981 -0.0012502158 0.031875002
   vertex -0.088410981 -0.0012501144 0.031249965
  endloop
 endfacet
 facet normal 1 -2.2204006e-14 -2.2208976e-14
  outer loop
   vertex -0.088410981 -0.0018754478 0.031250017
   vertex -0.088410981 -0.0018751522 0.030624848
   vertex -0.088410981 -0.0012500528 0.030624762
  endloop
 endfacet
 facet normal 1 -2.2204006e-14 -2.2208976e-14
  outer loop
   vertex -0.088410981 -0.0018754478 0.031250017
   vertex -0.088410981 -0.0012500528 0.030624762
   vertex -0.088410981 -0.0012501144 0.031249965
  endloop
 endfacet
 facet normal -1 -9.1138735e-09 -2.4956702e-06
  outer loop
   vertex -0.082410976 0.0025654372 0.031245251
   vertex -0.082410976 0.0019093002 0.031247647
   vertex -0.082410978 0.001913626 0.031872457
  endloop
 endfacet
 facet normal -1 -9.1138735e-09 -2.4956702e-06
  outer loop
   vertex -0.082410976 0.0025654372 0.031245251
   vertex -0.082410978 0.001913626 0.031872457
   vertex -0.082410985 0.0025744821 0.031869741
  endloop
 endfacet
 facet normal -1 -1.1997482e-05 -9.886723e-06
  outer loop
   vertex -0.082410976 0.0012673747 0.032498957
   vertex -0.082410984 0.0019166919 0.032497468
   vertex -0.082410978 0.001913626 0.031872457
  endloop
 endfacet
 facet normal -1 -1.1997482e-05 -9.886723e-06
  outer loop
   vertex -0.082410976 0.0012673747 0.032498957
   vertex -0.082410978 0.001913626 0.031872457
   vertex -0.082410976 0.0012661632 0.03187393
  endloop
 endfacet
 facet normal -1 -2.4083981e-06 6.9064282e-09
  outer loop
   vertex -0.082410976 0.001264371 0.031248968
   vertex -0.082410976 0.0012661632 0.03187393
   vertex -0.082410978 0.001913626 0.031872457
  endloop
 endfacet
 facet normal -1 -2.4083981e-06 6.9064282e-09
  outer loop
   vertex -0.082410976 0.001264371 0.031248968
   vertex -0.082410978 0.001913626 0.031872457
   vertex -0.082410976 0.0019093002 0.031247647
  endloop
 endfacet
 facet normal -1 0 0
  outer loop
   vertex -0.082410976 1.5769051e-06 0.031249787
   vertex -0.082410976 0.00063015394 0.031249566
   vertex -0.082410976 0.00062940756 0.03062434
  endloop
 endfacet
 facet normal -1 0 0
  outer loop
   vertex -0.082410976 1.5769051e-06 0.031249787
   vertex -0.082410976 0.00062940756 0.03062434
   vertex -0.082410976 1.3330288e-06 0.030624442
  endloop
 endfacet
 facet normal -1 -0 0
  outer loop
   vertex -0.082410976 0.0012601876 0.02999849
   vertex -0.082410976 0.00062861519 0.029998411
   vertex -0.082410976 0.00062940756 0.03062434
  endloop
 endfacet
 facet normal -1 -0 0
  outer loop
   vertex -0.082410976 0.0012601876 0.02999849
   vertex -0.082410976 0.00062940756 0.03062434
   vertex -0.082410976 0.0012623194 0.03062393
  endloop
 endfacet
 facet normal -1 1.4403329e-17 2.2203052e-14
  outer loop
   vertex -0.082410976 0.001264371 0.031248968
   vertex -0.082410976 0.0012623194 0.03062393
   vertex -0.082410976 0.00062940756 0.03062434
  endloop
 endfacet
 facet normal -1 1.4403329e-17 2.2203052e-14
  outer loop
   vertex -0.082410976 0.001264371 0.031248968
   vertex -0.082410976 0.00062940756 0.03062434
   vertex -0.082410976 0.00063015394 0.031249566
  endloop
 endfacet
 facet normal -1 0 0
  outer loop
   vertex -0.082410976 0.0012673747 0.032498957
   vertex -0.082410976 0.0012661632 0.03187393
   vertex -0.082410976 0.0006307985 0.031874604
  endloop
 endfacet
 facet normal -1 0 0
  outer loop
   vertex -0.082410976 0.0012673747 0.032498957
   vertex -0.082410976 0.0006307985 0.031874604
   vertex -0.082410976 0.0006312224 0.032499626
  endloop
 endfacet
 facet normal -1 0 0
  outer loop
   vertex -0.082410976 1.5769051e-06 0.031249787
   vertex -0.082410976 1.7794147e-06 0.031874863
   vertex -0.082410976 0.0006307985 0.031874604
  endloop
 endfacet
 facet normal -1 0 0
  outer loop
   vertex -0.082410976 1.5769051e-06 0.031249787
   vertex -0.082410976 0.0006307985 0.031874604
   vertex -0.082410976 0.00063015394 0.031249566
  endloop
 endfacet
 facet normal -1 2.1881742e-14 -2.256498e-17
  outer loop
   vertex -0.082410976 0.001264371 0.031248968
   vertex -0.082410976 0.00063015394 0.031249566
   vertex -0.082410976 0.0006307985 0.031874604
  endloop
 endfacet
 facet normal -1 2.1881742e-14 -2.256498e-17
  outer loop
   vertex -0.082410976 0.001264371 0.031248968
   vertex -0.082410976 0.0006307985 0.031874604
   vertex -0.082410976 0.0012661632 0.03187393
  endloop
 endfacet
 facet normal -1 -6.6377112e-17 -2.2227779e-14
  outer loop
   vertex -0.082410976 0.0025654372 0.031245251
   vertex -0.082410976 0.0025553194 0.030620937
   vertex -0.082410976 0.0019043955 0.030622881
  endloop
 endfacet
 facet normal -1 -6.6377112e-17 -2.2227779e-14
  outer loop
   vertex -0.082410976 0.0025654372 0.031245251
   vertex -0.082410976 0.0019043955 0.030622881
   vertex -0.082410976 0.0019093002 0.031247647
  endloop
 endfacet
 facet normal -1 0 0
  outer loop
   vertex -0.082410976 0.0012601876 0.02999849
   vertex -0.082410976 0.0012623194 0.03062393
   vertex -0.082410976 0.0019043955 0.030622881
  endloop
 endfacet
 facet normal -1 0 0
  outer loop
   vertex -0.082410976 0.0012601876 0.02999849
   vertex -0.082410976 0.0019043955 0.030622881
   vertex -0.082410976 0.00189934 0.029997946
  endloop
 endfacet
 facet normal -1 -2.1517965e-14 1.689281e-16
  outer loop
   vertex -0.082410976 0.001264371 0.031248968
   vertex -0.082410976 0.0019093002 0.031247647
   vertex -0.082410976 0.0019043955 0.030622881
  endloop
 endfacet
 facet normal -1 -2.1517965e-14 1.689281e-16
  outer loop
   vertex -0.082410976 0.001264371 0.031248968
   vertex -0.082410976 0.0019043955 0.030622881
   vertex -0.082410976 0.0012623194 0.03062393
  endloop
 endfacet
 facet normal 1 -2.2306047e-14 -5.9060118e-18
  outer loop
   vertex -0.088410981 0.0012481434 0.038124867
   vertex -0.088410981 0.001870297 0.03812468
   vertex -0.088410981 0.0018701315 0.038749782
  endloop
 endfacet
 facet normal 1 -2.2306047e-14 -5.9060118e-18
  outer loop
   vertex -0.088410981 0.0012481434 0.038124867
   vertex -0.088410981 0.0018701315 0.038749782
   vertex -0.088410981 0.0012479307 0.038749912
  endloop
 endfacet
 facet normal 1 -1.6637187e-18 -2.2204228e-14
  outer loop
   vertex -0.088410981 0.001248308 0.039374929
   vertex -0.088410981 0.00062433015 0.039374975
   vertex -0.088410981 0.00062423033 0.038749969
  endloop
 endfacet
 facet normal 1 -1.6637187e-18 -2.2204228e-14
  outer loop
   vertex -0.088410981 0.001248308 0.039374929
   vertex -0.088410981 0.00062423033 0.038749969
   vertex -0.088410981 0.0012479307 0.038749912
  endloop
 endfacet
 facet normal 1 3.064453e-18 2.2203892e-14
  outer loop
   vertex -0.088410981 0.00062423033 0.038749969
   vertex -0.088410981 0.00062434013 0.038124953
   vertex -0.088410981 0.0012481434 0.038124867
  endloop
 endfacet
 facet normal 1 3.064453e-18 2.2203892e-14
  outer loop
   vertex -0.088410981 0.00062423033 0.038749969
   vertex -0.088410981 0.0012481434 0.038124867
   vertex -0.088410981 0.0012479307 0.038749912
  endloop
 endfacet
 facet normal 1 -2.2274687e-14 4.2972555e-17
  outer loop
   vertex -0.088410981 0.0018701315 0.038749782
   vertex -0.088410981 0.0018713374 0.039374818
   vertex -0.088410981 0.001248308 0.039374929
  endloop
 endfacet
 facet normal 1 -2.2274687e-14 4.2972555e-17
  outer loop
   vertex -0.088410981 0.0018701315 0.038749782
   vertex -0.088410981 0.001248308 0.039374929
   vertex -0.088410981 0.0012479307 0.038749912
  endloop
 endfacet
 facet normal 1 -2.1648357e-14 1.5829005e-16
  outer loop
   vertex -0.088410981 0.0018966323 0.031248235
   vertex -0.088410981 0.0019012019 0.031873186
   vertex -0.088410981 0.0012601548 0.031874267
  endloop
 endfacet
 facet normal 1 -2.1648357e-14 1.5829005e-16
  outer loop
   vertex -0.088410981 0.0018966323 0.031248235
   vertex -0.088410981 0.0012601548 0.031874267
   vertex -0.088410981 0.0012582223 0.031249222
  endloop
 endfacet
 facet normal 1 1.3980145e-17 2.2194297e-14
  outer loop
   vertex -0.088410981 0.00062756541 0.031249672
   vertex -0.088410981 0.00062685487 0.030624387
   vertex -0.088410981 0.0012562311 0.03062399
  endloop
 endfacet
 facet normal 1 1.3980145e-17 2.2194297e-14
  outer loop
   vertex -0.088410981 0.00062756541 0.031249672
   vertex -0.088410981 0.0012562311 0.03062399
   vertex -0.088410981 0.0012582223 0.031249222
  endloop
 endfacet
 facet normal 1 0 0
  outer loop
   vertex -0.088410981 0.0012601548 0.031874267
   vertex -0.088410981 0.0006282646 0.031874738
   vertex -0.088410981 0.00062756541 0.031249672
  endloop
 endfacet
 facet normal 1 0 0
  outer loop
   vertex -0.088410981 0.0012601548 0.031874267
   vertex -0.088410981 0.00062756541 0.031249672
   vertex -0.088410981 0.0012582223 0.031249222
  endloop
 endfacet
 facet normal 1 2.1803284e-14 -2.2367578e-14
  outer loop
   vertex -0.088410981 0.0012562311 0.03062399
   vertex -0.088410981 0.0018919082 0.030623188
   vertex -0.088410981 0.0018966323 0.031248235
  endloop
 endfacet
 facet normal 1 2.1803284e-14 -2.2367578e-14
  outer loop
   vertex -0.088410981 0.0012562311 0.03062399
   vertex -0.088410981 0.0018966323 0.031248235
   vertex -0.088410981 0.0012582223 0.031249222
  endloop
 endfacet
 facet normal 1 2.180974e-18 4.4408763e-14
  outer loop
   vertex -0.088410981 -0.0012499209 0.041875017
   vertex -0.088410981 -0.0018747228 0.041875048
   vertex -0.088410981 -0.0018747451 0.041250046
  endloop
 endfacet
 facet normal 1 2.180974e-18 4.4408763e-14
  outer loop
   vertex -0.088410981 -0.0012499209 0.041875017
   vertex -0.088410981 -0.0018747451 0.041250046
   vertex -0.088410981 -0.0012499137 0.041250016
  endloop
 endfacet
 facet normal 1 -2.2207089e-14 2.2204819e-14
  outer loop
   vertex -0.088410981 -0.0012499258 0.040625016
   vertex -0.088410981 -0.00062501357 0.040625003
   vertex -0.088410981 -0.00062500399 0.041250002
  endloop
 endfacet
 facet normal 1 -2.2207089e-14 2.2204819e-14
  outer loop
   vertex -0.088410981 -0.0012499258 0.040625016
   vertex -0.088410981 -0.00062500399 0.041250002
   vertex -0.088410981 -0.0012499137 0.041250016
  endloop
 endfacet
 facet normal 1 2.2206668e-14 -2.2207638e-14
  outer loop
   vertex -0.088410981 -0.0018747451 0.041250046
   vertex -0.088410981 -0.0018748316 0.040625048
   vertex -0.088410981 -0.0012499258 0.040625016
  endloop
 endfacet
 facet normal 1 2.2206668e-14 -2.2207638e-14
  outer loop
   vertex -0.088410981 -0.0018747451 0.041250046
   vertex -0.088410981 -0.0012499258 0.040625016
   vertex -0.088410981 -0.0012499137 0.041250016
  endloop
 endfacet
 facet normal 1 -2.2207801e-14 -2.2204312e-14
  outer loop
   vertex -0.088410981 -0.00062500399 0.041250002
   vertex -0.088410981 -0.00062499935 0.041875002
   vertex -0.088410981 -0.0012499209 0.041875017
  endloop
 endfacet
 facet normal 1 -2.2207801e-14 -2.2204312e-14
  outer loop
   vertex -0.088410981 -0.00062500399 0.041250002
   vertex -0.088410981 -0.0012499209 0.041875017
   vertex -0.088410981 -0.0012499137 0.041250016
  endloop
 endfacet
 facet normal -1 1.989437e-07 1.6116334e-09
  outer loop
   vertex -0.082410976 -0.0025419553 0.048771684
   vertex -0.082410976 -0.0018926782 0.048761014
   vertex -0.082410976 -0.0018875701 0.048130446
  endloop
 endfacet
 facet normal -1 1.989437e-07 1.6116334e-09
  outer loop
   vertex -0.082410976 -0.0025419553 0.048771684
   vertex -0.082410976 -0.0018875701 0.048130446
   vertex -0.082410976 -0.002530977 0.048136347
  endloop
 endfacet
 facet normal -1 -2.2049316e-14 -2.2232349e-14
  outer loop
   vertex -0.082410976 -0.0012528639 0.047500965
   vertex -0.082410976 -0.0018836762 0.047502368
   vertex -0.082410976 -0.0018875701 0.048130446
  endloop
 endfacet
 facet normal -1 -2.2049316e-14 -2.2232349e-14
  outer loop
   vertex -0.082410976 -0.0012528639 0.047500965
   vertex -0.082410976 -0.0018875701 0.048130446
   vertex -0.082410976 -0.0012543411 0.04812742
  endloop
 endfacet
 facet normal -1 2.1916239e-14 6.9267521e-17
  outer loop
   vertex -0.082410976 -0.0012563262 0.048755487
   vertex -0.082410976 -0.0012543411 0.04812742
   vertex -0.082410976 -0.0018875701 0.048130446
  endloop
 endfacet
 facet normal -1 2.1916239e-14 6.9267521e-17
  outer loop
   vertex -0.082410976 -0.0012563262 0.048755487
   vertex -0.082410976 -0.0018875701 0.048130446
   vertex -0.082410976 -0.0018926782 0.048761014
  endloop
 endfacet
 facet normal -1 -2.1790119e-14 2.1854583e-14
  outer loop
   vertex -0.082410976 -0.0012593564 0.050022571
   vertex -0.082410976 -0.00062671147 0.050018344
   vertex -0.082410976 -0.00062690067 0.049383149
  endloop
 endfacet
 facet normal -1 -2.1790119e-14 2.1854583e-14
  outer loop
   vertex -0.082410976 -0.0012593564 0.050022571
   vertex -0.082410976 -0.00062690067 0.049383149
   vertex -0.082410976 -0.0012583767 0.04938651
  endloop
 endfacet
 facet normal -1 -1.5956918e-18 -2.2033578e-14
  outer loop
   vertex -0.082410976 9.9970624e-07 0.048753256
   vertex -0.082410976 -0.00062655937 0.048753302
   vertex -0.082410976 -0.00062690067 0.049383149
  endloop
 endfacet
 facet normal -1 -1.5956918e-18 -2.2033578e-14
  outer loop
   vertex -0.082410976 9.9970624e-07 0.048753256
   vertex -0.082410976 -0.00062690067 0.049383149
   vertex -0.082410976 1.9464483e-06 0.049383386
  endloop
 endfacet
 facet normal -1 -2.1977126e-14 -7.1415038e-17
  outer loop
   vertex -0.082410976 -0.0012563262 0.048755487
   vertex -0.082410976 -0.0012583767 0.04938651
   vertex -0.082410976 -0.00062690067 0.049383149
  endloop
 endfacet
 facet normal -1 -2.1977126e-14 -7.1415038e-17
  outer loop
   vertex -0.082410976 -0.0012563262 0.048755487
   vertex -0.082410976 -0.00062690067 0.049383149
   vertex -0.082410976 -0.00062655937 0.048753302
  endloop
 endfacet
 facet normal -1 4.2040209e-17 2.2152988e-14
  outer loop
   vertex -0.082410976 -0.0012528639 0.047500965
   vertex -0.082410976 -0.0012543411 0.04812742
   vertex -0.082410976 -0.0006260946 0.048126228
  endloop
 endfacet
 facet normal -1 4.2040209e-17 2.2152988e-14
  outer loop
   vertex -0.082410976 -0.0012528639 0.047500965
   vertex -0.082410976 -0.0006260946 0.048126228
   vertex -0.082410976 -0.00062570776 0.047500417
  endloop
 endfacet
 facet normal -1 0 0
  outer loop
   vertex -0.082410976 9.9970624e-07 0.048753256
   vertex -0.082410976 4.7675993e-07 0.048126126
   vertex -0.082410976 -0.0006260946 0.048126228
  endloop
 endfacet
 facet normal -1 0 0
  outer loop
   vertex -0.082410976 9.9970624e-07 0.048753256
   vertex -0.082410976 -0.0006260946 0.048126228
   vertex -0.082410976 -0.00062655937 0.048753302
  endloop
 endfacet
 facet normal -1 0 0
  outer loop
   vertex -0.082410976 -0.0012563262 0.048755487
   vertex -0.082410976 -0.00062655937 0.048753302
   vertex -0.082410976 -0.0006260946 0.048126228
  endloop
 endfacet
 facet normal -1 0 0
  outer loop
   vertex -0.082410976 -0.0012563262 0.048755487
   vertex -0.082410976 -0.0006260946 0.048126228
   vertex -0.082410976 -0.0012543411 0.04812742
  endloop
 endfacet
 facet normal -1 1.7102199e-06 -1.5593496e-06
  outer loop
   vertex -0.082410976 -0.0025419553 0.048771684
   vertex -0.082410977 -0.0025531482 0.049411181
   vertex -0.082410976 -0.0018980337 0.049395082
  endloop
 endfacet
 facet normal -1 1.7102199e-06 -1.5593496e-06
  outer loop
   vertex -0.082410976 -0.0025419553 0.048771684
   vertex -0.082410976 -0.0018980337 0.049395082
   vertex -0.082410976 -0.0018926782 0.048761014
  endloop
 endfacet
 facet normal -1 -2.1403734e-14 2.1785384e-14
  outer loop
   vertex -0.082410976 -0.0012593564 0.050022571
   vertex -0.082410976 -0.0012583767 0.04938651
   vertex -0.082410976 -0.0018980337 0.049395082
  endloop
 endfacet
 facet normal -1 -2.1403734e-14 2.1785384e-14
  outer loop
   vertex -0.082410976 -0.0012593564 0.050022571
   vertex -0.082410976 -0.0018980337 0.049395082
   vertex -0.082410976 -0.0019014804 0.050033984
  endloop
 endfacet
 facet normal -1 1.9014275e-16 2.1888529e-14
  outer loop
   vertex -0.082410976 -0.0012563262 0.048755487
   vertex -0.082410976 -0.0018926782 0.048761014
   vertex -0.082410976 -0.0018980337 0.049395082
  endloop
 endfacet
 facet normal -1 1.9014275e-16 2.1888529e-14
  outer loop
   vertex -0.082410976 -0.0012563262 0.048755487
   vertex -0.082410976 -0.0018980337 0.049395082
   vertex -0.082410976 -0.0012583767 0.04938651
  endloop
 endfacet
 facet normal 1 -2.1943849e-14 -2.6243192e-16
  outer loop
   vertex -0.088410981 -0.0018946342 0.048768924
   vertex -0.088410981 -0.0018870269 0.048132822
   vertex -0.088410981 -0.0012545624 0.048129328
  endloop
 endfacet
 facet normal 1 -2.1943849e-14 -2.6243192e-16
  outer loop
   vertex -0.088410981 -0.0018946342 0.048768924
   vertex -0.088410981 -0.0012545624 0.048129328
   vertex -0.088410981 -0.0012583511 0.048761558
  endloop
 endfacet
 facet normal 1 3.5481322e-07 -5.45986e-08
  outer loop
   vertex -0.088410981 -0.00062728494 0.048757758
   vertex -0.088410981 -0.00062911974 0.049394464
   vertex -0.088410981 -0.001265041 0.049402209
  endloop
 endfacet
 facet normal 1 3.5481322e-07 -5.45986e-08
  outer loop
   vertex -0.088410981 -0.00062728494 0.048757758
   vertex -0.088410981 -0.001265041 0.049402209
   vertex -0.088410981 -0.0012583511 0.048761558
  endloop
 endfacet
 facet normal 1 2.2026082e-14 -2.1985683e-14
  outer loop
   vertex -0.088410981 -0.0012545624 0.048129328
   vertex -0.088410981 -0.00062619109 0.048127635
   vertex -0.088410981 -0.00062728494 0.048757758
  endloop
 endfacet
 facet normal 1 2.2026082e-14 -2.1985683e-14
  outer loop
   vertex -0.088410981 -0.0012545624 0.048129328
   vertex -0.088410981 -0.00062728494 0.048757758
   vertex -0.088410981 -0.0012583511 0.048761558
  endloop
 endfacet
 facet normal 1 1.3874805e-06 -1.7922719e-06
  outer loop
   vertex -0.088410981 -0.001265041 0.049402209
   vertex -0.08841098 -0.0019074107 0.049416586
   vertex -0.088410981 -0.0018946342 0.048768924
  endloop
 endfacet
 facet normal 1 1.3874805e-06 -1.7922719e-06
  outer loop
   vertex -0.088410981 -0.001265041 0.049402209
   vertex -0.088410981 -0.0018946342 0.048768924
   vertex -0.088410981 -0.0012583511 0.048761558
  endloop
 endfacet
 facet normal 1 -2.2135801e-14 2.2231494e-14
  outer loop
   vertex -0.088410981 0.0012510552 0.041874821
   vertex -0.088410981 0.0012503313 0.04124986
   vertex -0.088410981 0.0018770244 0.041249615
  endloop
 endfacet
 facet normal 1 -2.2135801e-14 2.2231494e-14
  outer loop
   vertex -0.088410981 0.0012510552 0.041874821
   vertex -0.088410981 0.0018770244 0.041249615
   vertex -0.088410981 0.0018790386 0.041874505
  endloop
 endfacet
 facet normal 1 2.2205782e-14 -2.2212565e-14
  outer loop
   vertex -0.088410981 0.00062493971 0.041249955
   vertex -0.088410981 0.0006247226 0.040624966
   vertex -0.088410981 0.0012496147 0.040624895
  endloop
 endfacet
 facet normal 1 2.2205782e-14 -2.2212565e-14
  outer loop
   vertex -0.088410981 0.00062493971 0.041249955
   vertex -0.088410981 0.0012496147 0.040624895
   vertex -0.088410981 0.0012503313 0.04124986
  endloop
 endfacet
 facet normal 1 -2.219615e-14 -2.2137116e-14
  outer loop
   vertex -0.088410981 0.0012496147 0.040624895
   vertex -0.088410981 0.0018750283 0.040624715
   vertex -0.088410981 0.0018770244 0.041249615
  endloop
 endfacet
 facet normal 1 -2.219615e-14 -2.2137116e-14
  outer loop
   vertex -0.088410981 0.0012496147 0.040624895
   vertex -0.088410981 0.0018770244 0.041249615
   vertex -0.088410981 0.0012503313 0.04124986
  endloop
 endfacet
 facet normal 1 2.217701e-14 2.2197107e-14
  outer loop
   vertex -0.088410981 0.0012510552 0.041874821
   vertex -0.088410981 0.00062515905 0.041874943
   vertex -0.088410981 0.00062493971 0.041249955
  endloop
 endfacet
 facet normal 1 2.217701e-14 2.2197107e-14
  outer loop
   vertex -0.088410981 0.0012510552 0.041874821
   vertex -0.088410981 0.00062493971 0.041249955
   vertex -0.088410981 0.0012503313 0.04124986
  endloop
 endfacet
 facet normal -1 -8.1019325e-05 1.2368576e-05
  outer loop
   vertex -0.082411022 0.0025496276 0.04877407
   vertex -0.082411028 0.0025367046 0.048136108
   vertex -0.082410976 0.0018923797 0.048131938
  endloop
 endfacet
 facet normal -1 -8.1019325e-05 1.2368576e-05
  outer loop
   vertex -0.082411022 0.0025496276 0.04877407
   vertex -0.082410976 0.0018923797 0.048131938
   vertex -0.082410976 0.0019008279 0.048765834
  endloop
 endfacet
 facet normal -1 -1.1022047e-16 2.2120767e-14
  outer loop
   vertex -0.082410976 0.001254909 0.047501397
   vertex -0.082410976 0.0012572108 0.048128773
   vertex -0.082410976 0.0018923797 0.048131938
  endloop
 endfacet
 facet normal -1 -1.1022047e-16 2.2120767e-14
  outer loop
   vertex -0.082410976 0.001254909 0.047501397
   vertex -0.082410976 0.0018923797 0.048131938
   vertex -0.082410976 0.0018876183 0.047502773
  endloop
 endfacet
 facet normal -1 2.1715579e-14 -2.8941499e-16
  outer loop
   vertex -0.082410976 0.0012616688 0.048759191
   vertex -0.082410976 0.0019008279 0.048765834
   vertex -0.082410976 0.0018923797 0.048131938
  endloop
 endfacet
 facet normal -1 2.1715579e-14 -2.8941499e-16
  outer loop
   vertex -0.082410976 0.0012616688 0.048759191
   vertex -0.082410976 0.0018923797 0.048131938
   vertex -0.082410976 0.0012572108 0.048128773
  endloop
 endfacet
 facet normal -1 0 0
  outer loop
   vertex -0.082410976 0.0012780741 0.050038522
   vertex -0.082410976 0.001268879 0.049394993
   vertex -0.082410976 0.00063251539 0.049387038
  endloop
 endfacet
 facet normal -1 0 0
  outer loop
   vertex -0.082410976 0.0012780741 0.050038522
   vertex -0.082410976 0.00063251539 0.049387038
   vertex -0.082410976 0.00063604882 0.050025212
  endloop
 endfacet
 facet normal -1 -2.2136106e-14 2.2056949e-14
  outer loop
   vertex -0.082410976 9.9970624e-07 0.048753256
   vertex -0.082410976 1.9464483e-06 0.049383386
   vertex -0.082410976 0.00063251539 0.049387038
  endloop
 endfacet
 facet normal -1 -2.2136106e-14 2.2056949e-14
  outer loop
   vertex -0.082410976 9.9970624e-07 0.048753256
   vertex -0.082410976 0.00063251539 0.049387038
   vertex -0.082410976 0.00062944428 0.048755084
  endloop
 endfacet
 facet normal -1 -2.1951419e-14 1.0667769e-16
  outer loop
   vertex -0.082410976 0.0012616688 0.048759191
   vertex -0.082410976 0.00062944428 0.048755084
   vertex -0.082410976 0.00063251539 0.049387038
  endloop
 endfacet
 facet normal -1 -2.1951419e-14 1.0667769e-16
  outer loop
   vertex -0.082410976 0.0012616688 0.048759191
   vertex -0.082410976 0.00063251539 0.049387038
   vertex -0.082410976 0.001268879 0.049394993
  endloop
 endfacet
 facet normal -1 -2.2087402e-14 3.3134412e-17
  outer loop
   vertex -0.082410976 0.001254909 0.047501397
   vertex -0.082410976 0.0006265955 0.047500641
   vertex -0.082410976 0.00062753499 0.048126908
  endloop
 endfacet
 facet normal -1 -2.2087402e-14 3.3134412e-17
  outer loop
   vertex -0.082410976 0.001254909 0.047501397
   vertex -0.082410976 0.00062753499 0.048126908
   vertex -0.082410976 0.0012572108 0.048128773
  endloop
 endfacet
 facet normal -1 0 0
  outer loop
   vertex -0.082410976 9.9970624e-07 0.048753256
   vertex -0.082410976 0.00062944428 0.048755084
   vertex -0.082410976 0.00062753499 0.048126908
  endloop
 endfacet
 facet normal -1 0 0
  outer loop
   vertex -0.082410976 9.9970624e-07 0.048753256
   vertex -0.082410976 0.00062753499 0.048126908
   vertex -0.082410976 4.7675993e-07 0.048126126
  endloop
 endfacet
 facet normal -1 6.5187325e-17 -2.2014078e-14
  outer loop
   vertex -0.082410976 0.0012616688 0.048759191
   vertex -0.082410976 0.0012572108 0.048128773
   vertex -0.082410976 0.00062753499 0.048126908
  endloop
 endfacet
 facet normal -1 6.5187325e-17 -2.2014078e-14
  outer loop
   vertex -0.082410976 0.0012616688 0.048759191
   vertex -0.082410976 0.00062753499 0.048126908
   vertex -0.082410976 0.00062944428 0.048755084
  endloop
 endfacet
 facet normal -1 -6.985186e-05 1.4993699e-06
  outer loop
   vertex -0.082411022 0.0025496276 0.04877407
   vertex -0.082410976 0.0019008279 0.048765834
   vertex -0.082410976 0.0019146042 0.049407637
  endloop
 endfacet
 facet normal -1 -6.985186e-05 1.4993699e-06
  outer loop
   vertex -0.082411022 0.0025496276 0.04877407
   vertex -0.082410976 0.0019146042 0.049407637
   vertex -0.082411007 0.0025697269 0.049421997
  endloop
 endfacet
 facet normal -1 -2.0492961e-14 -2.0676323e-14
  outer loop
   vertex -0.082410976 0.0012780741 0.050038522
   vertex -0.082410976 0.0019337649 0.050059839
   vertex -0.082410976 0.0019146042 0.049407637
  endloop
 endfacet
 facet normal -1 -2.0492961e-14 -2.0676323e-14
  outer loop
   vertex -0.082410976 0.0012780741 0.050038522
   vertex -0.082410976 0.0019146042 0.049407637
   vertex -0.082410976 0.001268879 0.049394993
  endloop
 endfacet
 facet normal -1 -4.2749483e-16 2.1832065e-14
  outer loop
   vertex -0.082410976 0.0012616688 0.048759191
   vertex -0.082410976 0.001268879 0.049394993
   vertex -0.082410976 0.0019146042 0.049407637
  endloop
 endfacet
 facet normal -1 -4.2749483e-16 2.1832065e-14
  outer loop
   vertex -0.082410976 0.0012616688 0.048759191
   vertex -0.082410976 0.0019146042 0.049407637
   vertex -0.082410976 0.0019008279 0.048765834
  endloop
 endfacet
 facet normal 1 0 0
  outer loop
   vertex -0.088410981 0.0012589468 0.048130823
   vertex -0.088410981 0.0018953112 0.04813287
   vertex -0.088410981 0.0019024975 0.048772391
  endloop
 endfacet
 facet normal 1 0 0
  outer loop
   vertex -0.088410981 0.0012589468 0.048130823
   vertex -0.088410981 0.0019024975 0.048772391
   vertex -0.088410981 0.0012648904 0.048766897
  endloop
 endfacet
 facet normal 1 -9.0179787e-06 -1.755956e-05
  outer loop
   vertex -0.088410964 0.0012787067 0.049416549
   vertex -0.08841097 0.00063945411 0.049402856
   vertex -0.088410981 0.00063193173 0.048761143
  endloop
 endfacet
 facet normal 1 -9.0179787e-06 -1.755956e-05
  outer loop
   vertex -0.088410964 0.0012787067 0.049416549
   vertex -0.088410981 0.00063193173 0.048761143
   vertex -0.088410981 0.0012648904 0.048766897
  endloop
 endfacet
 facet normal 1 0 0
  outer loop
   vertex -0.088410981 0.00063193173 0.048761143
   vertex -0.088410981 0.0006285052 0.048128737
   vertex -0.088410981 0.0012589468 0.048130823
  endloop
 endfacet
 facet normal 1 0 0
  outer loop
   vertex -0.088410981 0.00063193173 0.048761143
   vertex -0.088410981 0.0012589468 0.048130823
   vertex -0.088410981 0.0012648904 0.048766897
  endloop
 endfacet
 facet normal 1 5.6300982e-05 2.7600027e-05
  outer loop
   vertex -0.088410981 0.0019024975 0.048772391
   vertex -0.088411 0.0019214893 0.049429027
   vertex -0.088410964 0.0012787067 0.049416549
  endloop
 endfacet
 facet normal 1 5.6300982e-05 2.7600027e-05
  outer loop
   vertex -0.088410981 0.0019024975 0.048772391
   vertex -0.088410964 0.0012787067 0.049416549
   vertex -0.088410981 0.0012648904 0.048766897
  endloop
 endfacet
 facet normal -1 7.9218687e-09 2.7858128e-06
  outer loop
   vertex -0.082410976 -0.002501546 0.028734832
   vertex -0.082410976 -0.0018762307 0.028733054
   vertex -0.082410978 -0.0018778272 0.028084514
  endloop
 endfacet
 facet normal -1 7.9218687e-09 2.7858128e-06
  outer loop
   vertex -0.082410976 -0.002501546 0.028734832
   vertex -0.082410978 -0.0018778272 0.028084514
   vertex -0.082410976 -0.0025031239 0.028088765
  endloop
 endfacet
 facet normal -1 -6.2247473e-05 1.2424887e-05
  outer loop
   vertex -0.082411025 -0.0012556341 0.027414919
   vertex -0.082410986 -0.0018806926 0.027421765
   vertex -0.082410978 -0.0018778272 0.028084514
  endloop
 endfacet
 facet normal -1 -6.2247473e-05 1.2424887e-05
  outer loop
   vertex -0.082411025 -0.0012556341 0.027414919
   vertex -0.082410978 -0.0018778272 0.028084514
   vertex -0.082410985 -0.0012526647 0.028081517
  endloop
 endfacet
 facet normal -1 -1.0742208e-05 1.3191065e-05
  outer loop
   vertex -0.082410976 -0.0012510832 0.028731871
   vertex -0.082410985 -0.0012526647 0.028081517
   vertex -0.082410978 -0.0018778272 0.028084514
  endloop
 endfacet
 facet normal -1 -1.0742208e-05 1.3191065e-05
  outer loop
   vertex -0.082410976 -0.0012510832 0.028731871
   vertex -0.082410978 -0.0018778272 0.028084514
   vertex -0.082410976 -0.0018762307 0.028733054
  endloop
 endfacet
 facet normal -1 2.5653585e-19 2.2046261e-14
  outer loop
   vertex -0.082410976 -0.0012500563 0.029998004
   vertex -0.082410976 -0.00062481291 0.029997997
   vertex -0.082410976 -0.00062510756 0.029368512
  endloop
 endfacet
 facet normal -1 2.5653585e-19 2.2046261e-14
  outer loop
   vertex -0.082410976 -0.0012500563 0.029998004
   vertex -0.082410976 -0.00062510756 0.029368512
   vertex -0.082410976 -0.001250354 0.029368505
  endloop
 endfacet
 facet normal -1 -2.2047509e-14 -4.3572153e-14
  outer loop
   vertex -0.082410976 4.230753e-08 0.028733685
   vertex -0.082410976 -0.00062576948 0.028731845
   vertex -0.082410976 -0.00062510756 0.029368512
  endloop
 endfacet
 facet normal -1 -2.2047509e-14 -4.3572153e-14
  outer loop
   vertex -0.082410976 4.230753e-08 0.028733685
   vertex -0.082410976 -0.00062510756 0.029368512
   vertex -0.082410976 6.5530832e-07 0.02936916
  endloop
 endfacet
 facet normal -1 2.5792086e-19 -2.179871e-14
  outer loop
   vertex -0.082410976 -0.0012510832 0.028731871
   vertex -0.082410976 -0.001250354 0.029368505
   vertex -0.082410976 -0.00062510756 0.029368512
  endloop
 endfacet
 facet normal -1 2.5792086e-19 -2.179871e-14
  outer loop
   vertex -0.082410976 -0.0012510832 0.028731871
   vertex -0.082410976 -0.00062510756 0.029368512
   vertex -0.082410976 -0.00062576948 0.028731845
  endloop
 endfacet
 facet normal -1 0 0
  outer loop
   vertex -0.082410976 -0.002501546 0.028734832
   vertex -0.082410976 -0.0025006787 0.029369572
   vertex -0.082410976 -0.0018754613 0.029368922
  endloop
 endfacet
 facet normal -1 0 0
  outer loop
   vertex -0.082410976 -0.002501546 0.028734832
   vertex -0.082410976 -0.0018754613 0.029368922
   vertex -0.082410976 -0.0018762307 0.028733054
  endloop
 endfacet
 facet normal -1 -2.2185941e-14 2.205624e-14
  outer loop
   vertex -0.082410976 -0.0012500563 0.029998004
   vertex -0.082410976 -0.001250354 0.029368505
   vertex -0.082410976 -0.0018754613 0.029368922
  endloop
 endfacet
 facet normal -1 -2.2185941e-14 2.205624e-14
  outer loop
   vertex -0.082410976 -0.0012500563 0.029998004
   vertex -0.082410976 -0.0018754613 0.029368922
   vertex -0.082410976 -0.0018751246 0.029998137
  endloop
 endfacet
 facet normal -1 0 0
  outer loop
   vertex -0.082410976 -0.0012510832 0.028731871
   vertex -0.082410976 -0.0018762307 0.028733054
   vertex -0.082410976 -0.0018754613 0.029368922
  endloop
 endfacet
 facet normal -1 0 0
  outer loop
   vertex -0.082410976 -0.0012510832 0.028731871
   vertex -0.082410976 -0.0018754613 0.029368922
   vertex -0.082410976 -0.001250354 0.029368505
  endloop
 endfacet
 facet normal -1 -2.4590905e-05 6.0557428e-05
  outer loop
   vertex -0.082411025 -0.0012556341 0.027414919
   vertex -0.082410985 -0.0012526647 0.028081517
   vertex -0.082411 -0.00062718009 0.028081118
  endloop
 endfacet
 facet normal -1 -2.4590905e-05 6.0557428e-05
  outer loop
   vertex -0.082411025 -0.0012556341 0.027414919
   vertex -0.082411 -0.00062718009 0.028081118
   vertex -0.082411135 -0.00062972539 0.027412441
  endloop
 endfacet
 facet normal -1 -4.0500177e-05 7.5654899e-05
  outer loop
   vertex -0.082410976 4.230753e-08 0.028733685
   vertex -0.082411025 -1.0253368e-06 0.028085285
   vertex -0.082411 -0.00062718009 0.028081118
  endloop
 endfacet
 facet normal -1 -4.0500177e-05 7.5654899e-05
  outer loop
   vertex -0.082410976 4.230753e-08 0.028733685
   vertex -0.082411 -0.00062718009 0.028081118
   vertex -0.082410976 -0.00062576948 0.028731845
  endloop
 endfacet
 facet normal -1 1.581419e-09 3.6831586e-05
  outer loop
   vertex -0.082410976 -0.0012510832 0.028731871
   vertex -0.082410976 -0.00062576948 0.028731845
   vertex -0.082411 -0.00062718009 0.028081118
  endloop
 endfacet
 facet normal -1 1.581419e-09 3.6831586e-05
  outer loop
   vertex -0.082410976 -0.0012510832 0.028731871
   vertex -0.082411 -0.00062718009 0.028081118
   vertex -0.082410985 -0.0012526647 0.028081517
  endloop
 endfacet
 facet normal 1 2.22025e-14 -4.0863159e-17
  outer loop
   vertex -0.088410981 -0.0018756511 0.028739095
   vertex -0.088410981 -0.0018768329 0.02809699
   vertex -0.088410981 -0.0012517854 0.028092813
  endloop
 endfacet
 facet normal 1 2.22025e-14 -4.0863159e-17
  outer loop
   vertex -0.088410981 -0.0018756511 0.028739095
   vertex -0.088410981 -0.0012517854 0.028092813
   vertex -0.088410981 -0.0012506689 0.028737308
  endloop
 endfacet
 facet normal 1 -2.2203349e-14 1.2805528e-17
  outer loop
   vertex -0.088410981 -0.00062554192 0.028735785
   vertex -0.088410981 -0.00062517602 0.029370214
   vertex -0.088410981 -0.001250207 0.029370809
  endloop
 endfacet
 facet normal 1 -2.2203349e-14 1.2805528e-17
  outer loop
   vertex -0.088410981 -0.00062554192 0.028735785
   vertex -0.088410981 -0.001250207 0.029370809
   vertex -0.088410981 -0.0012506689 0.028737308
  endloop
 endfacet
 facet normal 1 2.2206448e-14 -1.7577759e-17
  outer loop
   vertex -0.088410981 -0.001250207 0.029370809
   vertex -0.088410981 -0.0018751505 0.029371482
   vertex -0.088410981 -0.0018756511 0.028739095
  endloop
 endfacet
 facet normal 1 2.2206448e-14 -1.7577759e-17
  outer loop
   vertex -0.088410981 -0.001250207 0.029370809
   vertex -0.088410981 -0.0018756511 0.028739095
   vertex -0.088410981 -0.0012506689 0.028737308
  endloop
 endfacet
 facet normal 1 -2.2191357e-14 3.0179035e-17
  outer loop
   vertex -0.088410981 -0.0012517854 0.028092813
   vertex -0.088410981 -0.00062642101 0.028089366
   vertex -0.088410981 -0.00062554192 0.028735785
  endloop
 endfacet
 facet normal 1 -2.2191357e-14 3.0179035e-17
  outer loop
   vertex -0.088410981 -0.0012517854 0.028092813
   vertex -0.088410981 -0.00062554192 0.028735785
   vertex -0.088410981 -0.0012506689 0.028737308
  endloop
 endfacet
 facet normal -1 3.4902676e-06 -3.7195303e-05
  outer loop
   vertex -0.082410976 0.0025252603 0.028747403
   vertex -0.082410953 0.0025159099 0.028123583
   vertex -0.082410955 0.0018853089 0.028119193
  endloop
 endfacet
 facet normal -1 3.4902676e-06 -3.7195303e-05
  outer loop
   vertex -0.082410976 0.0025252603 0.028747403
   vertex -0.082410955 0.0018853089 0.028119193
   vertex -0.082410976 0.0018896162 0.028746311
  endloop
 endfacet
 facet normal -0.99999999 4.8843069e-05 0.00015044602
  outer loop
   vertex -0.082411084 0.0012535203 0.027470689
   vertex -0.082410988 0.0012543744 0.028108979
   vertex -0.082410955 0.0018853089 0.028119193
  endloop
 endfacet
 facet normal -0.99999999 4.8843069e-05 0.00015044602
  outer loop
   vertex -0.082411084 0.0012535203 0.027470689
   vertex -0.082410955 0.0018853089 0.028119193
   vertex -0.082410888 0.0018818872 0.027493337
  endloop
 endfacet
 facet normal -1 1.9362873e-07 -3.3699708e-05
  outer loop
   vertex -0.082410976 0.001256078 0.028742671
   vertex -0.082410976 0.0018896162 0.028746311
   vertex -0.082410955 0.0018853089 0.028119193
  endloop
 endfacet
 facet normal -1 1.9362873e-07 -3.3699708e-05
  outer loop
   vertex -0.082410976 0.001256078 0.028742671
   vertex -0.082410955 0.0018853089 0.028119193
   vertex -0.082410988 0.0012543744 0.028108979
  endloop
 endfacet
 facet normal -1 2.2018456e-14 -7.4186373e-17
  outer loop
   vertex -0.082410976 0.0012601876 0.02999849
   vertex -0.082410976 0.0012580764 0.029371887
   vertex -0.082410976 0.00062779173 0.029370451
  endloop
 endfacet
 facet normal -1 2.2018456e-14 -7.4186373e-17
  outer loop
   vertex -0.082410976 0.0012601876 0.02999849
   vertex -0.082410976 0.00062779173 0.029370451
   vertex -0.082410976 0.00062861519 0.029998411
  endloop
 endfacet
 facet normal -1 -2.2128862e-14 2.1346252e-17
  outer loop
   vertex -0.082410976 4.230753e-08 0.028733685
   vertex -0.082410976 6.5530832e-07 0.02936916
   vertex -0.082410976 0.00062779173 0.029370451
  endloop
 endfacet
 facet normal -1 -2.2128862e-14 2.1346252e-17
  outer loop
   vertex -0.082410976 4.230753e-08 0.028733685
   vertex -0.082410976 0.00062779173 0.029370451
   vertex -0.082410976 0.00062693667 0.02873766
  endloop
 endfacet
 facet normal -1 1.7469198e-16 -2.193129e-14
  outer loop
   vertex -0.082410976 0.001256078 0.028742671
   vertex -0.082410976 0.00062693667 0.02873766
   vertex -0.082410976 0.00062779173 0.029370451
  endloop
 endfacet
 facet normal -1 1.7469198e-16 -2.193129e-14
  outer loop
   vertex -0.082410976 0.001256078 0.028742671
   vertex -0.082410976 0.00062779173 0.029370451
   vertex -0.082410976 0.0012580764 0.029371887
  endloop
 endfacet
 facet normal -1 -0 0
  outer loop
   vertex -0.082410976 0.0025252603 0.028747403
   vertex -0.082410976 0.0018896162 0.028746311
   vertex -0.082410976 0.0018943659 0.029372561
  endloop
 endfacet
 facet normal -1 -0 0
  outer loop
   vertex -0.082410976 0.0025252603 0.028747403
   vertex -0.082410976 0.0018943659 0.029372561
   vertex -0.082410976 0.0025350348 0.029371883
  endloop
 endfacet
 facet normal -1 0 0
  outer loop
   vertex -0.082410976 0.0012601876 0.02999849
   vertex -0.082410976 0.00189934 0.029997946
   vertex -0.082410976 0.0018943659 0.029372561
  endloop
 endfacet
 facet normal -1 0 0
  outer loop
   vertex -0.082410976 0.0012601876 0.02999849
   vertex -0.082410976 0.0018943659 0.029372561
   vertex -0.082410976 0.0012580764 0.029371887
  endloop
 endfacet
 facet normal -1 0 0
  outer loop
   vertex -0.082410976 0.001256078 0.028742671
   vertex -0.082410976 0.0012580764 0.029371887
   vertex -0.082410976 0.0018943659 0.029372561
  endloop
 endfacet
 facet normal -1 0 0
  outer loop
   vertex -0.082410976 0.001256078 0.028742671
   vertex -0.082410976 0.0018943659 0.029372561
   vertex -0.082410976 0.0018896162 0.028746311
  endloop
 endfacet
 facet normal -0.99999971 0.00049059654 0.00057983438
  outer loop
   vertex -0.082411084 0.0012535203 0.027470689
   vertex -0.08241141 0.00062607644 0.027438579
   vertex -0.082411029 0.00062609956 0.028095325
  endloop
 endfacet
 facet normal -0.99999971 0.00049059654 0.00057983438
  outer loop
   vertex -0.082411084 0.0012535203 0.027470689
   vertex -0.082411029 0.00062609956 0.028095325
   vertex -0.082410988 0.0012543744 0.028108979
  endloop
 endfacet
 facet normal -1 -5.2228944e-07 8.2380844e-05
  outer loop
   vertex -0.082410976 4.230753e-08 0.028733685
   vertex -0.082410976 0.00062693667 0.02873766
   vertex -0.082411029 0.00062609956 0.028095325
  endloop
 endfacet
 facet normal -1 -5.2228944e-07 8.2380844e-05
  outer loop
   vertex -0.082410976 4.230753e-08 0.028733685
   vertex -0.082411029 0.00062609956 0.028095325
   vertex -0.082411025 -1.0253368e-06 0.028085285
  endloop
 endfacet
 facet normal -1 6.5983301e-05 1.7529381e-05
  outer loop
   vertex -0.082410976 0.001256078 0.028742671
   vertex -0.082410988 0.0012543744 0.028108979
   vertex -0.082411029 0.00062609956 0.028095325
  endloop
 endfacet
 facet normal -1 6.5983301e-05 1.7529381e-05
  outer loop
   vertex -0.082410976 0.001256078 0.028742671
   vertex -0.082411029 0.00062609956 0.028095325
   vertex -0.082410976 0.00062693667 0.02873766
  endloop
 endfacet
 facet normal 1 0 0
  outer loop
   vertex -0.088410981 0.0012482604 0.02808503
   vertex -0.088410981 0.0018728097 0.02809099
   vertex -0.088410981 0.0018775862 0.028735913
  endloop
 endfacet
 facet normal 1 0 0
  outer loop
   vertex -0.088410981 0.0012482604 0.02808503
   vertex -0.088410981 0.0018775862 0.028735913
   vertex -0.088410981 0.0012502589 0.028733786
  endloop
 endfacet
 facet normal 1 -2.214795e-14 -2.181542e-14
  outer loop
   vertex -0.088410981 0.0012522405 0.029369121
   vertex -0.088410981 0.00062546936 0.0293693
   vertex -0.088410981 0.00062481763 0.028733816
  endloop
 endfacet
 facet normal 1 -2.214795e-14 -2.181542e-14
  outer loop
   vertex -0.088410981 0.0012522405 0.029369121
   vertex -0.088410981 0.00062481763 0.028733816
   vertex -0.088410981 0.0012502589 0.028733786
  endloop
 endfacet
 facet normal 1 2.2023936e-14 -1.6616233e-16
  outer loop
   vertex -0.088410981 0.0018775862 0.028735913
   vertex -0.088410981 0.0018823659 0.029369437
   vertex -0.088410981 0.0012522405 0.029369121
  endloop
 endfacet
 facet normal 1 2.2023936e-14 -1.6616233e-16
  outer loop
   vertex -0.088410981 0.0018775862 0.028735913
   vertex -0.088410981 0.0012522405 0.029369121
   vertex -0.088410981 0.0012502589 0.028733786
  endloop
 endfacet
 facet normal 1 -2.2240132e-14 1.9016404e-17
  outer loop
   vertex -0.088410981 0.00062481763 0.028733816
   vertex -0.088410981 0.00062426326 0.028085475
   vertex -0.088410981 0.0012482604 0.02808503
  endloop
 endfacet
 facet normal 1 -2.2240132e-14 1.9016404e-17
  outer loop
   vertex -0.088410981 0.00062481763 0.028733816
   vertex -0.088410981 0.0012482604 0.02808503
   vertex -0.088410981 0.0012502589 0.028733786
  endloop
 endfacet
 facet normal -1 -2.2055124e-14 3.6806072e-18
  outer loop
   vertex -0.082410976 -0.0025062112 0.036250285
   vertex -0.082410976 -0.0025061069 0.036875349
   vertex -0.082410976 -0.001876875 0.036875107
  endloop
 endfacet
 facet normal -1 -2.2055124e-14 3.6806072e-18
  outer loop
   vertex -0.082410976 -0.0025062112 0.036250285
   vertex -0.082410976 -0.001876875 0.036875107
   vertex -0.082410976 -0.0018769045 0.036250086
  endloop
 endfacet
 facet normal -1 0 0
  outer loop
   vertex -0.082410976 -0.001250459 0.03750003
   vertex -0.082410976 -0.0012504968 0.036875028
   vertex -0.082410976 -0.001876875 0.036875107
  endloop
 endfacet
 facet normal -1 0 0
  outer loop
   vertex -0.082410976 -0.001250459 0.03750003
   vertex -0.082410976 -0.001876875 0.036875107
   vertex -0.082410976 -0.0018767312 0.037500112
  endloop
 endfacet
 facet normal -1 0 0
  outer loop
   vertex -0.082410976 -0.0012504991 0.036250023
   vertex -0.082410976 -0.0018769045 0.036250086
   vertex -0.082410976 -0.001876875 0.036875107
  endloop
 endfacet
 facet normal -1 0 0
  outer loop
   vertex -0.082410976 -0.0012504991 0.036250023
   vertex -0.082410976 -0.001876875 0.036875107
   vertex -0.082410976 -0.0012504968 0.036875028
  endloop
 endfacet
 facet normal -1 0 -0
  outer loop
   vertex -0.082410976 -2.2902078e-08 0.036250012
   vertex -0.082410976 2.5498979e-07 0.035625012
   vertex -0.082410976 -0.00062502999 0.035625006
  endloop
 endfacet
 facet normal -1 0 -0
  outer loop
   vertex -0.082410976 -2.2902078e-08 0.036250012
   vertex -0.082410976 -0.00062502999 0.035625006
   vertex -0.082410976 -0.00062511023 0.036250008
  endloop
 endfacet
 facet normal -1 0 0
  outer loop
   vertex -0.082410976 -0.0012503286 0.035000006
   vertex -0.082410976 -0.0012504454 0.035625014
   vertex -0.082410976 -0.00062502999 0.035625006
  endloop
 endfacet
 facet normal -1 0 0
  outer loop
   vertex -0.082410976 -0.0012503286 0.035000006
   vertex -0.082410976 -0.00062502999 0.035625006
   vertex -0.082410976 -0.00062489025 0.035000002
  endloop
 endfacet
 facet normal -1 0 0
  outer loop
   vertex -0.082410976 -0.0012504991 0.036250023
   vertex -0.082410976 -0.00062511023 0.036250008
   vertex -0.082410976 -0.00062502999 0.035625006
  endloop
 endfacet
 facet normal -1 0 0
  outer loop
   vertex -0.082410976 -0.0012504991 0.036250023
   vertex -0.082410976 -0.00062502999 0.035625006
   vertex -0.082410976 -0.0012504454 0.035625014
  endloop
 endfacet
 facet normal -1 0 0
  outer loop
   vertex -0.082410976 -0.001250459 0.03750003
   vertex -0.082410976 -0.00062513102 0.037500008
   vertex -0.082410976 -0.00062513685 0.036875008
  endloop
 endfacet
 facet normal -1 0 0
  outer loop
   vertex -0.082410976 -0.001250459 0.03750003
   vertex -0.082410976 -0.00062513685 0.036875008
   vertex -0.082410976 -0.0012504968 0.036875028
  endloop
 endfacet
 facet normal -1 -0 0
  outer loop
   vertex -0.082410976 -2.2902078e-08 0.036250012
   vertex -0.082410976 -0.00062511023 0.036250008
   vertex -0.082410976 -0.00062513685 0.036875008
  endloop
 endfacet
 facet normal -1 -0 0
  outer loop
   vertex -0.082410976 -2.2902078e-08 0.036250012
   vertex -0.082410976 -0.00062513685 0.036875008
   vertex -0.082410976 -1.3238402e-07 0.03687501
  endloop
 endfacet
 facet normal -1 0 0
  outer loop
   vertex -0.082410976 -0.0012504991 0.036250023
   vertex -0.082410976 -0.0012504968 0.036875028
   vertex -0.082410976 -0.00062513685 0.036875008
  endloop
 endfacet
 facet normal -1 0 0
  outer loop
   vertex -0.082410976 -0.0012504991 0.036250023
   vertex -0.082410976 -0.00062513685 0.036875008
   vertex -0.082410976 -0.00062511023 0.036250008
  endloop
 endfacet
 facet normal -1 -2.2052506e-14 -5.1935887e-18
  outer loop
   vertex -0.082410976 -0.0025062112 0.036250285
   vertex -0.082410976 -0.0018769045 0.036250086
   vertex -0.082410976 -0.0018767573 0.035625054
  endloop
 endfacet
 facet normal -1 -2.2052506e-14 -5.1935887e-18
  outer loop
   vertex -0.082410976 -0.0025062112 0.036250285
   vertex -0.082410976 -0.0018767573 0.035625054
   vertex -0.082410976 -0.0025057468 0.035625179
  endloop
 endfacet
 facet normal -1 0 0
  outer loop
   vertex -0.082410976 -0.0012503286 0.035000006
   vertex -0.082410976 -0.0018764087 0.035000024
   vertex -0.082410976 -0.0018767573 0.035625054
  endloop
 endfacet
 facet normal -1 0 0
  outer loop
   vertex -0.082410976 -0.0012503286 0.035000006
   vertex -0.082410976 -0.0018767573 0.035625054
   vertex -0.082410976 -0.0012504454 0.035625014
  endloop
 endfacet
 facet normal -1 0 -0
  outer loop
   vertex -0.082410976 -0.0012504991 0.036250023
   vertex -0.082410976 -0.0012504454 0.035625014
   vertex -0.082410976 -0.0018767573 0.035625054
  endloop
 endfacet
 facet normal -1 0 -0
  outer loop
   vertex -0.082410976 -0.0012504991 0.036250023
   vertex -0.082410976 -0.0018767573 0.035625054
   vertex -0.082410976 -0.0018769045 0.036250086
  endloop
 endfacet
 facet normal 0.00022492954 -0.99863043 0.052318451
  outer loop
   vertex -0.082412064 0.004122887 0.035632532
   vertex -0.082411156 0.0041553628 0.036252412
   vertex -0.083044092 0.0041555528 0.036258758
  endloop
 endfacet
 facet normal 0.00022492954 -0.99863043 0.052318451
  outer loop
   vertex -0.082412064 0.004122887 0.035632532
   vertex -0.083044092 0.0041555528 0.036258758
   vertex -0.083043201 0.0041227688 0.035640076
  endloop
 endfacet
 facet normal -0.00069621916 -0.99859378 0.053009257
  outer loop
   vertex -0.083042365 0.0040918876 0.035058345
   vertex -0.083043201 0.0041227688 0.035640076
   vertex -0.083676232 0.0041232724 0.035641249
  endloop
 endfacet
 facet normal -0.00069621916 -0.99859378 0.053009257
  outer loop
   vertex -0.083042365 0.0040918876 0.035058345
   vertex -0.083676232 0.0041232724 0.035641249
   vertex -0.083677323 0.0040928167 0.035059212
  endloop
 endfacet
 facet normal -6.7394592e-06 -0.99862954 0.052335945
  outer loop
   vertex -0.084993123 0.0041885919 0.036886479
   vertex -0.084992066 0.0041557956 0.036260689
   vertex -0.084337025 0.0041557889 0.036260646
  endloop
 endfacet
 facet normal -6.7394592e-06 -0.99862954 0.052335945
  outer loop
   vertex -0.084993123 0.0041885919 0.036886479
   vertex -0.084337025 0.0041557889 0.036260646
   vertex -0.08433843 0.004188581 0.036886296
  endloop
 endfacet
 facet normal -8.5126566e-06 -0.99862943 0.052337938
  outer loop
   vertex -0.084339917 0.0042213209 0.037510987
   vertex -0.08433843 0.004188581 0.036886296
   vertex -0.083679029 0.0041885385 0.036885591
  endloop
 endfacet
 facet normal -8.5126566e-06 -0.99862943 0.052337938
  outer loop
   vertex -0.084339917 0.0042213209 0.037510987
   vertex -0.083679029 0.0041885385 0.036885591
   vertex -0.083681334 0.0042212748 0.037510106
  endloop
 endfacet
 facet normal 4.5864868e-05 -0.99861999 0.052517761
  outer loop
   vertex -0.082411002 0.004188027 0.0368757
   vertex -0.08304603 0.0041883913 0.036883182
   vertex -0.083044092 0.0041555528 0.036258758
  endloop
 endfacet
 facet normal 4.5864868e-05 -0.99861999 0.052517761
  outer loop
   vertex -0.082411002 0.004188027 0.0368757
   vertex -0.083044092 0.0041555528 0.036258758
   vertex -0.082411156 0.0041553628 0.036252412
  endloop
 endfacet
 facet normal 5.0391734e-08 -0.99862896 0.052346925
  outer loop
   vertex -0.083048726 0.0042211229 0.037507207
   vertex -0.083681334 0.0042212748 0.037510106
   vertex -0.083679029 0.0041885385 0.036885591
  endloop
 endfacet
 facet normal 5.0391734e-08 -0.99862896 0.052346925
  outer loop
   vertex -0.083048726 0.0042211229 0.037507207
   vertex -0.083679029 0.0041885385 0.036885591
   vertex -0.08304603 0.0041883913 0.036883182
  endloop
 endfacet
 facet normal -1 3.1859908e-05 -1.4028231e-06
  outer loop
   vertex -0.082410955 0.0024919661 0.036250916
   vertex -0.082410975 0.0018726833 0.036250389
   vertex -0.082410976 0.0018708596 0.036875277
  endloop
 endfacet
 facet normal -1 3.1859908e-05 -1.4028231e-06
  outer loop
   vertex -0.082410955 0.0024919661 0.036250916
   vertex -0.082410976 0.0018708596 0.036875277
   vertex -0.082410971 0.0024893675 0.036875635
  endloop
 endfacet
 facet normal -1 1.2923192e-10 -8.1931834e-07
  outer loop
   vertex -0.082410976 0.0012486558 0.037500059
   vertex -0.082410976 0.0018713085 0.037500157
   vertex -0.082410976 0.0018708596 0.036875277
  endloop
 endfacet
 facet normal -1 1.2923192e-10 -8.1931834e-07
  outer loop
   vertex -0.082410976 0.0012486558 0.037500059
   vertex -0.082410976 0.0018708596 0.036875277
   vertex -0.082410976 0.0012485983 0.036875102
  endloop
 endfacet
 facet normal -1 8.2276612e-07 1.1803768e-09
  outer loop
   vertex -0.082410976 0.0012494949 0.036250141
   vertex -0.082410976 0.0012485983 0.036875102
   vertex -0.082410976 0.0018708596 0.036875277
  endloop
 endfacet
 facet normal -1 8.2276612e-07 1.1803768e-09
  outer loop
   vertex -0.082410976 0.0012494949 0.036250141
   vertex -0.082410976 0.0018708596 0.036875277
   vertex -0.082410975 0.0018726833 0.036250389
  endloop
 endfacet
 facet normal -1 0 0
  outer loop
   vertex -0.082410976 -2.2902078e-08 0.036250012
   vertex -0.082410976 0.00062492721 0.036250044
   vertex -0.082410976 0.00062582939 0.035625045
  endloop
 endfacet
 facet normal -1 0 0
  outer loop
   vertex -0.082410976 -2.2902078e-08 0.036250012
   vertex -0.082410976 0.00062582939 0.035625045
   vertex -0.082410976 2.5498979e-07 0.035625012
  endloop
 endfacet
 facet normal -1 -0 0
  outer loop
   vertex -0.082410976 0.0012563554 0.035000075
   vertex -0.082410976 0.00062735006 0.035000016
   vertex -0.082410976 0.00062582939 0.035625045
  endloop
 endfacet
 facet normal -1 -0 0
  outer loop
   vertex -0.082410976 0.0012563554 0.035000075
   vertex -0.082410976 0.00062582939 0.035625045
   vertex -0.082410976 0.0012519931 0.035625151
  endloop
 endfacet
 facet normal -1 0 -0
  outer loop
   vertex -0.082410976 0.0012494949 0.036250141
   vertex -0.082410976 0.0012519931 0.035625151
   vertex -0.082410976 0.00062582939 0.035625045
  endloop
 endfacet
 facet normal -1 0 -0
  outer loop
   vertex -0.082410976 0.0012494949 0.036250141
   vertex -0.082410976 0.00062582939 0.035625045
   vertex -0.082410976 0.00062492721 0.036250044
  endloop
 endfacet
 facet normal -1 -2.2241877e-14 2.2208031e-14
  outer loop
   vertex -0.082410976 0.0012486558 0.037500059
   vertex -0.082410976 0.0012485983 0.036875102
   vertex -0.082410976 0.00062457991 0.036875032
  endloop
 endfacet
 facet normal -1 -2.2241877e-14 2.2208031e-14
  outer loop
   vertex -0.082410976 0.0012486558 0.037500059
   vertex -0.082410976 0.00062457991 0.036875032
   vertex -0.082410976 0.00062456984 0.037500019
  endloop
 endfacet
 facet normal -1 0 0
  outer loop
   vertex -0.082410976 -2.2902078e-08 0.036250012
   vertex -0.082410976 -1.3238402e-07 0.03687501
   vertex -0.082410976 0.00062457991 0.036875032
  endloop
 endfacet
 facet normal -1 0 0
  outer loop
   vertex -0.082410976 -2.2902078e-08 0.036250012
   vertex -0.082410976 0.00062457991 0.036875032
   vertex -0.082410976 0.00062492721 0.036250044
  endloop
 endfacet
 facet normal -1 -0 0
  outer loop
   vertex -0.082410976 0.0012494949 0.036250141
   vertex -0.082410976 0.00062492721 0.036250044
   vertex -0.082410976 0.00062457991 0.036875032
  endloop
 endfacet
 facet normal -1 -0 0
  outer loop
   vertex -0.082410976 0.0012494949 0.036250141
   vertex -0.082410976 0.00062457991 0.036875032
   vertex -0.082410976 0.0012485983 0.036875102
  endloop
 endfacet
 facet normal -1 4.8074156e-05 -1.1859644e-05
  outer loop
   vertex -0.082410955 0.0024919661 0.036250916
   vertex -0.082410947 0.0025030971 0.035626095
   vertex -0.082410977 0.0018785058 0.035625438
  endloop
 endfacet
 facet normal -1 4.8074156e-05 -1.1859644e-05
  outer loop
   vertex -0.082410955 0.0024919661 0.036250916
   vertex -0.082410977 0.0018785058 0.035625438
   vertex -0.082410975 0.0018726833 0.036250389
  endloop
 endfacet
 facet normal -1 -1.4323597e-06 -9.9963083e-09
  outer loop
   vertex -0.082410976 0.0012563554 0.035000075
   vertex -0.082410976 0.0012519931 0.035625151
   vertex -0.082410977 0.0018785058 0.035625438
  endloop
 endfacet
 facet normal -1 -1.4323597e-06 -9.9963083e-09
  outer loop
   vertex -0.082410976 0.0012563554 0.035000075
   vertex -0.082410977 0.0018785058 0.035625438
   vertex -0.082410994 0.0018893896 0.035000286
  endloop
 endfacet
 facet normal -1 2.3199268e-06 3.7724411e-06
  outer loop
   vertex -0.082410976 0.0012494949 0.036250141
   vertex -0.082410975 0.0018726833 0.036250389
   vertex -0.082410977 0.0018785058 0.035625438
  endloop
 endfacet
 facet normal -1 2.3199268e-06 3.7724411e-06
  outer loop
   vertex -0.082410976 0.0012494949 0.036250141
   vertex -0.082410977 0.0018785058 0.035625438
   vertex -0.082410976 0.0012519931 0.035625151
  endloop
 endfacet
 facet normal 2.4269577e-15 -0.99862953 0.052335957
  outer loop
   vertex -0.084994464 0.0042540305 0.038135122
   vertex -0.084341371 0.0042540158 0.038134843
   vertex -0.084342796 0.0042866897 0.038758296
  endloop
 endfacet
 facet normal 2.4269577e-15 -0.99862953 0.052335957
  outer loop
   vertex -0.084994464 0.0042540305 0.038135122
   vertex -0.084342796 0.0042866897 0.038758296
   vertex -0.08499493 0.0042867052 0.038758592
  endloop
 endfacet
 facet normal -7.4625136e-16 -0.99862953 0.052335957
  outer loop
   vertex -0.083683784 0.0042539667 0.038133906
   vertex -0.084341371 0.0042540158 0.038134843
   vertex -0.084339917 0.0042213209 0.037510987
  endloop
 endfacet
 facet normal -7.4625136e-16 -0.99862953 0.052335957
  outer loop
   vertex -0.083683784 0.0042539667 0.038133906
   vertex -0.084339917 0.0042213209 0.037510987
   vertex -0.083681334 0.0042212748 0.037510106
  endloop
 endfacet
 facet normal 8.6661346e-16 -0.99862953 0.052335957
  outer loop
   vertex -0.083054904 0.0042864775 0.038754248
   vertex -0.082410976 0.0042860224 0.038745564
   vertex -0.082410976 0.0043186875 0.039368852
  endloop
 endfacet
 facet normal 8.6661346e-16 -0.99862953 0.052335957
  outer loop
   vertex -0.083054904 0.0042864775 0.038754248
   vertex -0.082410976 0.0043186875 0.039368852
   vertex -0.083058079 0.0043191454 0.039377588
  endloop
 endfacet
 facet normal 1.2665406e-15 -0.99862953 0.052335957
  outer loop
   vertex -0.083061263 0.0043518114 0.040000894
   vertex -0.083691354 0.0043519716 0.04000395
   vertex -0.083688789 0.0043193073 0.039380678
  endloop
 endfacet
 facet normal 1.2665406e-15 -0.99862953 0.052335957
  outer loop
   vertex -0.083061263 0.0043518114 0.040000894
   vertex -0.083688789 0.0043193073 0.039380678
   vertex -0.083058079 0.0043191454 0.039377588
  endloop
 endfacet
 facet normal 9.3028774e-16 -0.99862953 0.052335957
  outer loop
   vertex -0.082410976 0.0042533573 0.038122276
   vertex -0.082410976 0.0042860224 0.038745564
   vertex -0.083054904 0.0042864775 0.038754248
  endloop
 endfacet
 facet normal 9.3028774e-16 -0.99862953 0.052335957
  outer loop
   vertex -0.082410976 0.0042533573 0.038122276
   vertex -0.083054904 0.0042864775 0.038754248
   vertex -0.083051757 0.0042538055 0.038130828
  endloop
 endfacet
 facet normal -1.5425402e-15 -0.99862953 0.052335957
  outer loop
   vertex -0.083048726 0.0042211229 0.037507207
   vertex -0.083051757 0.0042538055 0.038130828
   vertex -0.083683784 0.0042539667 0.038133906
  endloop
 endfacet
 facet normal -1.5425402e-15 -0.99862953 0.052335957
  outer loop
   vertex -0.083048726 0.0042211229 0.037507207
   vertex -0.083683784 0.0042539667 0.038133906
   vertex -0.083681334 0.0042212748 0.037510106
  endloop
 endfacet
 facet normal -1 9.6789034e-19 -2.2204692e-14
  outer loop
   vertex -0.082410976 -0.002498855 0.043749962
   vertex -0.082410976 -0.0018746444 0.043749989
   vertex -0.082410976 -0.0018747181 0.043124995
  endloop
 endfacet
 facet normal -1 9.6789034e-19 -2.2204692e-14
  outer loop
   vertex -0.082410976 -0.002498855 0.043749962
   vertex -0.082410976 -0.0018747181 0.043124995
   vertex -0.082410976 -0.002499149 0.043124987
  endloop
 endfacet
 facet normal -1 3.9003066e-19 4.440962e-14
  outer loop
   vertex -0.082410976 -0.0012499494 0.0425
   vertex -0.082410976 -0.0018748949 0.042500005
   vertex -0.082410976 -0.0018747181 0.043124995
  endloop
 endfacet
 facet normal -1 3.9003066e-19 4.440962e-14
  outer loop
   vertex -0.082410976 -0.0012499494 0.0425
   vertex -0.082410976 -0.0018747181 0.043124995
   vertex -0.082410976 -0.0012499009 0.043124997
  endloop
 endfacet
 facet normal -1 6.7898198e-20 -2.2204508e-14
  outer loop
   vertex -0.082410976 -0.001249883 0.043749996
   vertex -0.082410976 -0.0012499009 0.043124997
   vertex -0.082410976 -0.0018747181 0.043124995
  endloop
 endfacet
 facet normal -1 6.7898198e-20 -2.2204508e-14
  outer loop
   vertex -0.082410976 -0.001249883 0.043749996
   vertex -0.082410976 -0.0018747181 0.043124995
   vertex -0.082410976 -0.0018746444 0.043749989
  endloop
 endfacet
 facet normal -1 8.3426959e-19 2.2204439e-14
  outer loop
   vertex -0.082410976 4.660401e-07 0.043749969
   vertex -0.082410976 -0.00062487299 0.043749992
   vertex -0.082410976 -0.00062487948 0.044374993
  endloop
 endfacet
 facet normal -1 8.3426959e-19 2.2204439e-14
  outer loop
   vertex -0.082410976 4.660401e-07 0.043749969
   vertex -0.082410976 -0.00062487948 0.044374993
   vertex -0.082410976 4.9876487e-07 0.04437497
  endloop
 endfacet
 facet normal -1 0 0
  outer loop
   vertex -0.082410976 -0.0012501192 0.045000002
   vertex -0.082410976 -0.00062492649 0.044999996
   vertex -0.082410976 -0.00062487948 0.044374993
  endloop
 endfacet
 facet normal -1 0 0
  outer loop
   vertex -0.082410976 -0.0012501192 0.045000002
   vertex -0.082410976 -0.00062487948 0.044374993
   vertex -0.082410976 -0.0012499357 0.044374997
  endloop
 endfacet
 facet normal -1 1.274421e-19 2.2204439e-14
  outer loop
   vertex -0.082410976 -0.001249883 0.043749996
   vertex -0.082410976 -0.0012499357 0.044374997
   vertex -0.082410976 -0.00062487948 0.044374993
  endloop
 endfacet
 facet normal -1 1.274421e-19 2.2204439e-14
  outer loop
   vertex -0.082410976 -0.001249883 0.043749996
   vertex -0.082410976 -0.00062487948 0.044374993
   vertex -0.082410976 -0.00062487299 0.043749992
  endloop
 endfacet
 facet normal -1 -4.4407695e-14 4.4412541e-14
  outer loop
   vertex -0.082410976 -0.0012499494 0.0425
   vertex -0.082410976 -0.0012499009 0.043124997
   vertex -0.082410976 -0.00062488804 0.043124993
  endloop
 endfacet
 facet normal -1 -4.4407695e-14 4.4412541e-14
  outer loop
   vertex -0.082410976 -0.0012499494 0.0425
   vertex -0.082410976 -0.00062488804 0.043124993
   vertex -0.082410976 -0.00062491233 0.042499994
  endloop
 endfacet
 facet normal -1 7.8787801e-19 2.2204526e-14
  outer loop
   vertex -0.082410976 4.660401e-07 0.043749969
   vertex -0.082410976 4.1223939e-07 0.043124971
   vertex -0.082410976 -0.00062488804 0.043124993
  endloop
 endfacet
 facet normal -1 7.8787801e-19 2.2204526e-14
  outer loop
   vertex -0.082410976 4.660401e-07 0.043749969
   vertex -0.082410976 -0.00062488804 0.043124993
   vertex -0.082410976 -0.00062487299 0.043749992
  endloop
 endfacet
 facet normal -1 1.2746982e-19 2.220448e-14
  outer loop
   vertex -0.082410976 -0.001249883 0.043749996
   vertex -0.082410976 -0.00062487299 0.043749992
   vertex -0.082410976 -0.00062488804 0.043124993
  endloop
 endfacet
 facet normal -1 1.2746982e-19 2.220448e-14
  outer loop
   vertex -0.082410976 -0.001249883 0.043749996
   vertex -0.082410976 -0.00062488804 0.043124993
   vertex -0.082410976 -0.0012499009 0.043124997
  endloop
 endfacet
 facet normal -1 -2.2226259e-14 2.2191491e-14
  outer loop
   vertex -0.082410976 -0.002498855 0.043749962
   vertex -0.082410976 -0.0024992263 0.044374955
   vertex -0.082410976 -0.0018748057 0.044374989
  endloop
 endfacet
 facet normal -1 -2.2226259e-14 2.2191491e-14
  outer loop
   vertex -0.082410976 -0.002498855 0.043749962
   vertex -0.082410976 -0.0018748057 0.044374989
   vertex -0.082410976 -0.0018746444 0.043749989
  endloop
 endfacet
 facet normal -1 2.2209081e-14 6.5203308e-18
  outer loop
   vertex -0.082410976 -0.0012501192 0.045000002
   vertex -0.082410976 -0.0012499357 0.044374997
   vertex -0.082410976 -0.0018748057 0.044374989
  endloop
 endfacet
 facet normal -1 2.2209081e-14 6.5203308e-18
  outer loop
   vertex -0.082410976 -0.0012501192 0.045000002
   vertex -0.082410976 -0.0018748057 0.044374989
   vertex -0.082410976 -0.0018753972 0.045000004
  endloop
 endfacet
 facet normal -1 -0 0
  outer loop
   vertex -0.082410976 -0.001249883 0.043749996
   vertex -0.082410976 -0.0018746444 0.043749989
   vertex -0.082410976 -0.0018748057 0.044374989
  endloop
 endfacet
 facet normal -1 -0 0
  outer loop
   vertex -0.082410976 -0.001249883 0.043749996
   vertex -0.082410976 -0.0018748057 0.044374989
   vertex -0.082410976 -0.0012499357 0.044374997
  endloop
 endfacet
 facet normal -0.00013967694 -0.99864732 0.051995262
  outer loop
   vertex -0.083081999 0.0045479304 0.04374195
   vertex -0.082410977 0.0045473117 0.04373187
   vertex -0.082410982 0.0045797642 0.04435517
  endloop
 endfacet
 facet normal -0.00013967694 -0.99864732 0.051995262
  outer loop
   vertex -0.083081999 0.0045479304 0.04374195
   vertex -0.082410982 0.0045797642 0.04435517
   vertex -0.083083744 0.004580915 0.044365938
  endloop
 endfacet
 facet normal 0.0019520393 -0.99861312 0.052612125
  outer loop
   vertex -0.083081996 0.0046145275 0.044985497
   vertex -0.083712765 0.0046133416 0.044986392
   vertex -0.083712569 0.0045807883 0.044368501
  endloop
 endfacet
 facet normal 0.0019520393 -0.99861312 0.052612125
  outer loop
   vertex -0.083081996 0.0046145275 0.044985497
   vertex -0.083712569 0.0045807883 0.044368501
   vertex -0.083083744 0.004580915 0.044365938
  endloop
 endfacet
 facet normal 1.5779579e-09 -0.99862932 0.052340081
  outer loop
   vertex -0.084998895 0.0045153677 0.043121732
   vertex -0.084354805 0.0045153548 0.043121486
   vertex -0.084356497 0.0045480428 0.043745162
  endloop
 endfacet
 facet normal 1.5779579e-09 -0.99862932 0.052340081
  outer loop
   vertex -0.084998895 0.0045153677 0.043121732
   vertex -0.084356497 0.0045480428 0.043745162
   vertex -0.084999458 0.0045480537 0.043745419
  endloop
 endfacet
 facet normal 1.5159235e-15 -0.99862953 0.052335957
  outer loop
   vertex -0.0843529 0.0044826808 0.042498029
   vertex -0.083704248 0.0044826403 0.042497257
   vertex -0.083707526 0.0045153197 0.043120817
  endloop
 endfacet
 facet normal 1.5159235e-15 -0.99862953 0.052335957
  outer loop
   vertex -0.0843529 0.0044826808 0.042498029
   vertex -0.083707526 0.0045153197 0.043120817
   vertex -0.084354805 0.0045153548 0.043121486
  endloop
 endfacet
 facet normal -0.00013531128 -0.9986322 0.052284978
  outer loop
   vertex -0.082410976 0.0045146784 0.043108581
   vertex -0.082410977 0.0045473117 0.04373187
   vertex -0.083081999 0.0045479304 0.04374195
  endloop
 endfacet
 facet normal -0.00013531128 -0.9986322 0.052284978
  outer loop
   vertex -0.082410976 0.0045146784 0.043108581
   vertex -0.083081999 0.0045479304 0.04374195
   vertex -0.083078902 0.0045151905 0.043118352
  endloop
 endfacet
 facet normal -8.4296506e-16 -0.99862953 0.052335957
  outer loop
   vertex -0.0830753 0.0044825114 0.042494798
   vertex -0.083078902 0.0045151905 0.043118352
   vertex -0.083707526 0.0045153197 0.043120817
  endloop
 endfacet
 facet normal -8.4296506e-16 -0.99862953 0.052335957
  outer loop
   vertex -0.0830753 0.0044825114 0.042494798
   vertex -0.083707526 0.0045153197 0.043120817
   vertex -0.083704248 0.0044826403 0.042497257
  endloop
 endfacet
 facet normal -1 -5.1505745e-09 -2.4876261e-06
  outer loop
   vertex -0.082410978 0.0025382688 0.043747484
   vertex -0.082410976 0.0025339168 0.043122686
   vertex -0.082410976 0.0018892093 0.043124021
  endloop
 endfacet
 facet normal -1 -5.1505745e-09 -2.4876261e-06
  outer loop
   vertex -0.082410978 0.0025382688 0.043747484
   vertex -0.082410976 0.0018892093 0.043124021
   vertex -0.082410976 0.0018910128 0.043748948
  endloop
 endfacet
 facet normal -1 2.1883665e-17 2.2205951e-14
  outer loop
   vertex -0.082410976 0.0012543559 0.042499688
   vertex -0.082410976 0.001255097 0.043124646
   vertex -0.082410976 0.0018892093 0.043124021
  endloop
 endfacet
 facet normal -1 2.1883665e-17 2.2205951e-14
  outer loop
   vertex -0.082410976 0.0012543559 0.042499688
   vertex -0.082410976 0.0018892093 0.043124021
   vertex -0.082410976 0.0018871558 0.04249914
  endloop
 endfacet
 facet normal -1 0 0
  outer loop
   vertex -0.082410976 0.001255744 0.043749622
   vertex -0.082410976 0.0018910128 0.043748948
   vertex -0.082410976 0.0018892093 0.043124021
  endloop
 endfacet
 facet normal -1 0 0
  outer loop
   vertex -0.082410976 0.001255744 0.043749622
   vertex -0.082410976 0.0018892093 0.043124021
   vertex -0.082410976 0.001255097 0.043124646
  endloop
 endfacet
 facet normal -1 0 0
  outer loop
   vertex -0.082410976 4.660401e-07 0.043749969
   vertex -0.082410976 4.9876487e-07 0.04437497
   vertex -0.082410976 0.00062689765 0.044374887
  endloop
 endfacet
 facet normal -1 0 0
  outer loop
   vertex -0.082410976 4.660401e-07 0.043749969
   vertex -0.082410976 0.00062689765 0.044374887
   vertex -0.082410976 0.0006267628 0.043749883
  endloop
 endfacet
 facet normal -1 2.2035211e-14 -4.440655e-14
  outer loop
   vertex -0.082410976 0.0012562568 0.044999702
   vertex -0.082410976 0.0012561866 0.044374633
   vertex -0.082410976 0.00062689765 0.044374887
  endloop
 endfacet
 facet normal -1 2.2035211e-14 -4.440655e-14
  outer loop
   vertex -0.082410976 0.0012562568 0.044999702
   vertex -0.082410976 0.00062689765 0.044374887
   vertex -0.082410976 0.00062691369 0.044999909
  endloop
 endfacet
 facet normal -1 -2.2073144e-14 -2.2199549e-14
  outer loop
   vertex -0.082410976 0.001255744 0.043749622
   vertex -0.082410976 0.0006267628 0.043749883
   vertex -0.082410976 0.00062689765 0.044374887
  endloop
 endfacet
 facet normal -1 -2.2073144e-14 -2.2199549e-14
  outer loop
   vertex -0.082410976 0.001255744 0.043749622
   vertex -0.082410976 0.00062689765 0.044374887
   vertex -0.082410976 0.0012561866 0.044374633
  endloop
 endfacet
 facet normal -1 -4.4202711e-14 -2.2188642e-14
  outer loop
   vertex -0.082410976 0.0012543559 0.042499688
   vertex -0.082410976 0.00062633205 0.042499904
   vertex -0.082410976 0.00062656245 0.04312489
  endloop
 endfacet
 facet normal -1 -4.4202711e-14 -2.2188642e-14
  outer loop
   vertex -0.082410976 0.0012543559 0.042499688
   vertex -0.082410976 0.00062656245 0.04312489
   vertex -0.082410976 0.001255097 0.043124646
  endloop
 endfacet
 facet normal -1 2.2161528e-14 2.219761e-14
  outer loop
   vertex -0.082410976 4.660401e-07 0.043749969
   vertex -0.082410976 0.0006267628 0.043749883
   vertex -0.082410976 0.00062656245 0.04312489
  endloop
 endfacet
 facet normal -1 2.2161528e-14 2.219761e-14
  outer loop
   vertex -0.082410976 4.660401e-07 0.043749969
   vertex -0.082410976 0.00062656245 0.04312489
   vertex -0.082410976 4.1223939e-07 0.043124971
  endloop
 endfacet
 facet normal -1 0 0
  outer loop
   vertex -0.082410976 0.001255744 0.043749622
   vertex -0.082410976 0.001255097 0.043124646
   vertex -0.082410976 0.00062656245 0.04312489
  endloop
 endfacet
 facet normal -1 0 0
  outer loop
   vertex -0.082410976 0.001255744 0.043749622
   vertex -0.082410976 0.00062656245 0.04312489
   vertex -0.082410976 0.0006267628 0.043749883
  endloop
 endfacet
 facet normal -1 -2.401336e-06 4.861532e-09
  outer loop
   vertex -0.082410978 0.0025382688 0.043747484
   vertex -0.082410976 0.0018910128 0.043748948
   vertex -0.082410976 0.0018922782 0.044373972
  endloop
 endfacet
 facet normal -1 -2.401336e-06 4.861532e-09
  outer loop
   vertex -0.082410978 0.0025382688 0.043747484
   vertex -0.082410976 0.0018922782 0.044373972
   vertex -0.082410984 0.0025414522 0.044372501
  endloop
 endfacet
 facet normal -1 2.1791603e-14 -2.2207126e-14
  outer loop
   vertex -0.082410976 0.0012562568 0.044999702
   vertex -0.082410976 0.0018925406 0.044999155
   vertex -0.082410976 0.0018922782 0.044373972
  endloop
 endfacet
 facet normal -1 2.1791603e-14 -2.2207126e-14
  outer loop
   vertex -0.082410976 0.0012562568 0.044999702
   vertex -0.082410976 0.0018922782 0.044373972
   vertex -0.082410976 0.0012561866 0.044374633
  endloop
 endfacet
 facet normal -1 2.3079707e-17 2.2204025e-14
  outer loop
   vertex -0.082410976 0.001255744 0.043749622
   vertex -0.082410976 0.0012561866 0.044374633
   vertex -0.082410976 0.0018922782 0.044373972
  endloop
 endfacet
 facet normal -1 2.3079707e-17 2.2204025e-14
  outer loop
   vertex -0.082410976 0.001255744 0.043749622
   vertex -0.082410976 0.0018922782 0.044373972
   vertex -0.082410976 0.0018910128 0.043748948
  endloop
 endfacet
 facet normal -1.1045992e-15 -0.99862953 0.052335957
  outer loop
   vertex -0.084997521 0.0044500295 0.041875006
   vertex -0.084996864 0.0044173655 0.041251739
   vertex -0.084348946 0.0044173458 0.041251364
  endloop
 endfacet
 facet normal -1.1045992e-15 -0.99862953 0.052335957
  outer loop
   vertex -0.084997521 0.0044500295 0.041875006
   vertex -0.084348946 0.0044173458 0.041251364
   vertex -0.084350892 0.0044500102 0.041874638
  endloop
 endfacet
 facet normal 1.519168e-15 -0.99862953 0.052335957
  outer loop
   vertex -0.083700673 0.0044499545 0.041873574
   vertex -0.083704248 0.0044826403 0.042497257
   vertex -0.0843529 0.0044826808 0.042498029
  endloop
 endfacet
 facet normal 1.519168e-15 -0.99862953 0.052335957
  outer loop
   vertex -0.083700673 0.0044499545 0.041873574
   vertex -0.0843529 0.0044826808 0.042498029
   vertex -0.084350892 0.0044500102 0.041874638
  endloop
 endfacet
 facet normal -1.5656204e-15 -0.99862953 0.052335957
  outer loop
   vertex -0.082410976 0.0043840178 0.040615428
   vertex -0.082410976 0.004416683 0.041238716
   vertex -0.083067864 0.0044171365 0.04124737
  endloop
 endfacet
 facet normal -1.5656204e-15 -0.99862953 0.052335957
  outer loop
   vertex -0.082410976 0.0043840178 0.040615428
   vertex -0.083067864 0.0044171365 0.04124737
   vertex -0.083064484 0.0043844754 0.04062416
  endloop
 endfacet
 facet normal 1.2621616e-15 -0.99862953 0.052335957
  outer loop
   vertex -0.083694059 0.0043846336 0.040627178
   vertex -0.083691354 0.0043519716 0.04000395
   vertex -0.083061263 0.0043518114 0.040000894
  endloop
 endfacet
 facet normal 1.2621616e-15 -0.99862953 0.052335957
  outer loop
   vertex -0.083694059 0.0043846336 0.040627178
   vertex -0.083061263 0.0043518114 0.040000894
   vertex -0.083064484 0.0043844754 0.04062416
  endloop
 endfacet
 facet normal -7.6320371e-16 -0.99862953 0.052335957
  outer loop
   vertex -0.082410976 0.0044493481 0.041862005
   vertex -0.083072495 0.0044497769 0.041870185
   vertex -0.083067864 0.0044171365 0.04124737
  endloop
 endfacet
 facet normal -7.6320371e-16 -0.99862953 0.052335957
  outer loop
   vertex -0.082410976 0.0044493481 0.041862005
   vertex -0.083067864 0.0044171365 0.04124737
   vertex -0.082410976 0.004416683 0.041238716
  endloop
 endfacet
 facet normal 4.8603707e-16 -0.99862953 0.052335957
  outer loop
   vertex -0.083700673 0.0044499545 0.041873574
   vertex -0.083072495 0.0044497769 0.041870185
   vertex -0.0830753 0.0044825114 0.042494798
  endloop
 endfacet
 facet normal 4.8603707e-16 -0.99862953 0.052335957
  outer loop
   vertex -0.083700673 0.0044499545 0.041873574
   vertex -0.0830753 0.0044825114 0.042494798
   vertex -0.083704248 0.0044826403 0.042497257
  endloop
 endfacet
 facet normal -1.0771298e-15 0.99862953 -0.052335952
  outer loop
   vertex -0.087679475 -0.0060551029 0.032498367
   vertex -0.08766067 -0.0060223074 0.033124141
   vertex -0.08698435 -0.0060225949 0.033118657
  endloop
 endfacet
 facet normal -1.0771298e-15 0.99862953 -0.052335952
  outer loop
   vertex -0.087679475 -0.0060551029 0.032498367
   vertex -0.08698435 -0.0060225949 0.033118657
   vertex -0.086998045 -0.0060554026 0.032492649
  endloop
 endfacet
 facet normal 6.3204249e-16 0.99862953 -0.052335952
  outer loop
   vertex -0.087586362 -0.0059898559 0.033743355
   vertex -0.086957491 -0.0059901611 0.03373753
   vertex -0.08698435 -0.0060225949 0.033118657
  endloop
 endfacet
 facet normal 6.3204249e-16 0.99862953 -0.052335952
  outer loop
   vertex -0.087586362 -0.0059898559 0.033743355
   vertex -0.08698435 -0.0060225949 0.033118657
   vertex -0.08766067 -0.0060223074 0.033124141
  endloop
 endfacet
 facet normal 1.0904313e-15 0.99862953 -0.052335952
  outer loop
   vertex -0.086293897 -0.0059902888 0.033735094
   vertex -0.086304431 -0.0060227517 0.033115664
   vertex -0.08698435 -0.0060225949 0.033118657
  endloop
 endfacet
 facet normal 1.0904313e-15 0.99862953 -0.052335952
  outer loop
   vertex -0.086293897 -0.0059902888 0.033735094
   vertex -0.08698435 -0.0060225949 0.033118657
   vertex -0.086957491 -0.0059901611 0.03373753
  endloop
 endfacet
 facet normal 6.1248077e-16 0.99862953 -0.052335952
  outer loop
   vertex -0.086311516 -0.0060555502 0.032489833
   vertex -0.086998045 -0.0060554026 0.032492649
   vertex -0.08698435 -0.0060225949 0.033118657
  endloop
 endfacet
 facet normal 6.1248077e-16 0.99862953 -0.052335952
  outer loop
   vertex -0.086311516 -0.0060555502 0.032489833
   vertex -0.08698435 -0.0060225949 0.033118657
   vertex -0.086304431 -0.0060227517 0.033115664
  endloop
 endfacet
 facet normal -6.4977961e-16 0.99862953 -0.052335952
  outer loop
   vertex -0.087679475 -0.0060551029 0.032498367
   vertex -0.086998045 -0.0060554026 0.032492649
   vertex -0.087002747 -0.0060881723 0.031867364
  endloop
 endfacet
 facet normal -6.4977961e-16 0.99862953 -0.052335952
  outer loop
   vertex -0.087679475 -0.0060551029 0.032498367
   vertex -0.087002747 -0.0060881723 0.031867364
   vertex -0.087683861 -0.0060878972 0.031872613
  endloop
 endfacet
 facet normal -2.4517672e-15 0.99862953 -0.052335952
  outer loop
   vertex -0.087682378 -0.0061206657 0.031247353
   vertex -0.087683861 -0.0060878972 0.031872613
   vertex -0.087002747 -0.0060881723 0.031867364
  endloop
 endfacet
 facet normal -2.4517672e-15 0.99862953 -0.052335952
  outer loop
   vertex -0.087682378 -0.0061206657 0.031247353
   vertex -0.087002747 -0.0060881723 0.031867364
   vertex -0.087002685 -0.0061209056 0.031242777
  endloop
 endfacet
 facet normal 1.281926e-15 0.99862953 -0.052335952
  outer loop
   vertex -0.086314839 -0.0061210141 0.031240706
   vertex -0.087002685 -0.0061209056 0.031242777
   vertex -0.087002747 -0.0060881723 0.031867364
  endloop
 endfacet
 facet normal 1.281926e-15 0.99862953 -0.052335952
  outer loop
   vertex -0.086314839 -0.0061210141 0.031240706
   vertex -0.087002747 -0.0060881723 0.031867364
   vertex -0.086314511 -0.0060883028 0.031864875
  endloop
 endfacet
 facet normal 2.1509352e-15 0.99862953 -0.052335952
  outer loop
   vertex -0.086311516 -0.0060555502 0.032489833
   vertex -0.086314511 -0.0060883028 0.031864875
   vertex -0.087002747 -0.0060881723 0.031867364
  endloop
 endfacet
 facet normal 2.1509352e-15 0.99862953 -0.052335952
  outer loop
   vertex -0.086311516 -0.0060555502 0.032489833
   vertex -0.087002747 -0.0060881723 0.031867364
   vertex -0.086998045 -0.0060554026 0.032492649
  endloop
 endfacet
 facet normal -1 0 0
  outer loop
   vertex -0.082410976 -0.002501472 0.033749998
   vertex -0.082410976 -0.0018754481 0.03375
   vertex -0.082410976 -0.0018751057 0.033124997
  endloop
 endfacet
 facet normal -1 0 0
  outer loop
   vertex -0.082410976 -0.002501472 0.033749998
   vertex -0.082410976 -0.0018751057 0.033124997
   vertex -0.082410976 -0.0025003527 0.033124988
  endloop
 endfacet
 facet normal -1 0 0
  outer loop
   vertex -0.082410976 -0.0012498773 0.032499989
   vertex -0.082410976 -0.0018749292 0.032499993
   vertex -0.082410976 -0.0018751057 0.033124997
  endloop
 endfacet
 facet normal -1 0 0
  outer loop
   vertex -0.082410976 -0.0012498773 0.032499989
   vertex -0.082410976 -0.0018751057 0.033124997
   vertex -0.082410976 -0.0012499232 0.033124994
  endloop
 endfacet
 facet normal -1 0 -0
  outer loop
   vertex -0.082410976 -0.001250024 0.033749997
   vertex -0.082410976 -0.0012499232 0.033124994
   vertex -0.082410976 -0.0018751057 0.033124997
  endloop
 endfacet
 facet normal -1 0 -0
  outer loop
   vertex -0.082410976 -0.001250024 0.033749997
   vertex -0.082410976 -0.0018751057 0.033124997
   vertex -0.082410976 -0.0018754481 0.03375
  endloop
 endfacet
 facet normal -1 0 0
  outer loop
   vertex -0.082410976 -0.0012503286 0.035000006
   vertex -0.082410976 -0.00062489025 0.035000002
   vertex -0.082410976 -0.00062472194 0.034374994
  endloop
 endfacet
 facet normal -1 0 0
  outer loop
   vertex -0.082410976 -0.0012503286 0.035000006
   vertex -0.082410976 -0.00062472194 0.034374994
   vertex -0.082410976 -0.0012501721 0.034375001
  endloop
 endfacet
 facet normal -1 0 0
  outer loop
   vertex -0.082410976 1.6935999e-06 0.03374994
   vertex -0.082410976 -0.00062458248 0.033749984
   vertex -0.082410976 -0.00062472194 0.034374994
  endloop
 endfacet
 facet normal -1 0 0
  outer loop
   vertex -0.082410976 1.6935999e-06 0.03374994
   vertex -0.082410976 -0.00062472194 0.034374994
   vertex -0.082410976 1.2615557e-06 0.034374978
  endloop
 endfacet
 facet normal -1 0 0
  outer loop
   vertex -0.082410976 -0.001250024 0.033749997
   vertex -0.082410976 -0.0012501721 0.034375001
   vertex -0.082410976 -0.00062472194 0.034374994
  endloop
 endfacet
 facet normal -1 0 0
  outer loop
   vertex -0.082410976 -0.001250024 0.033749997
   vertex -0.082410976 -0.00062472194 0.034374994
   vertex -0.082410976 -0.00062458248 0.033749984
  endloop
 endfacet
 facet normal -1 0 0
  outer loop
   vertex -0.082410976 -0.002501472 0.033749998
   vertex -0.082410976 -0.0025030355 0.034375021
   vertex -0.082410976 -0.0018759242 0.034375007
  endloop
 endfacet
 facet normal -1 0 0
  outer loop
   vertex -0.082410976 -0.002501472 0.033749998
   vertex -0.082410976 -0.0018759242 0.034375007
   vertex -0.082410976 -0.0018754481 0.03375
  endloop
 endfacet
 facet normal -1 0 -0
  outer loop
   vertex -0.082410976 -0.0012503286 0.035000006
   vertex -0.082410976 -0.0012501721 0.034375001
   vertex -0.082410976 -0.0018759242 0.034375007
  endloop
 endfacet
 facet normal -1 0 -0
  outer loop
   vertex -0.082410976 -0.0012503286 0.035000006
   vertex -0.082410976 -0.0018759242 0.034375007
   vertex -0.082410976 -0.0018764087 0.035000024
  endloop
 endfacet
 facet normal -1 0 0
  outer loop
   vertex -0.082410976 -0.001250024 0.033749997
   vertex -0.082410976 -0.0018754481 0.03375
   vertex -0.082410976 -0.0018759242 0.034375007
  endloop
 endfacet
 facet normal -1 0 0
  outer loop
   vertex -0.082410976 -0.001250024 0.033749997
   vertex -0.082410976 -0.0018759242 0.034375007
   vertex -0.082410976 -0.0012501721 0.034375001
  endloop
 endfacet
 facet normal -1 0 0
  outer loop
   vertex -0.082410976 -0.0012498773 0.032499989
   vertex -0.082410976 -0.0012499232 0.033124994
   vertex -0.082410976 -0.00062450816 0.033124975
  endloop
 endfacet
 facet normal -1 0 0
  outer loop
   vertex -0.082410976 -0.0012498773 0.032499989
   vertex -0.082410976 -0.00062450816 0.033124975
   vertex -0.082410976 -0.00062449758 0.032499967
  endloop
 endfacet
 facet normal -1 0 -0
  outer loop
   vertex -0.082410976 1.6935999e-06 0.03374994
   vertex -0.082410976 1.904665e-06 0.033124905
   vertex -0.082410976 -0.00062450816 0.033124975
  endloop
 endfacet
 facet normal -1 0 -0
  outer loop
   vertex -0.082410976 1.6935999e-06 0.03374994
   vertex -0.082410976 -0.00062450816 0.033124975
   vertex -0.082410976 -0.00062458248 0.033749984
  endloop
 endfacet
 facet normal -1 0 0
  outer loop
   vertex -0.082410976 -0.001250024 0.033749997
   vertex -0.082410976 -0.00062458248 0.033749984
   vertex -0.082410976 -0.00062450816 0.033124975
  endloop
 endfacet
 facet normal -1 0 0
  outer loop
   vertex -0.082410976 -0.001250024 0.033749997
   vertex -0.082410976 -0.00062450816 0.033124975
   vertex -0.082410976 -0.0012499232 0.033124994
  endloop
 endfacet
 facet normal 0.004694958 0.9984258 -0.055891594
  outer loop
   vertex -0.083081167 -0.0058590999 0.036263787
   vertex -0.083071362 -0.0058919434 0.035677907
   vertex -0.083707502 -0.0058881363 0.035692479
  endloop
 endfacet
 facet normal 0.004694958 0.9984258 -0.055891594
  outer loop
   vertex -0.083081167 -0.0058590999 0.036263787
   vertex -0.083707502 -0.0058881363 0.035692479
   vertex -0.083711781 -0.0058580329 0.036262965
  endloop
 endfacet
 facet normal 9.9584422e-05 0.99862838 -0.052357978
  outer loop
   vertex -0.084357371 -0.0058578388 0.036262864
   vertex -0.084357308 -0.0058254631 0.036880367
   vertex -0.083711856 -0.005825489 0.036881101
  endloop
 endfacet
 facet normal 9.9584422e-05 0.99862838 -0.052357978
  outer loop
   vertex -0.084357371 -0.0058578388 0.036262864
   vertex -0.083711856 -0.005825489 0.036881101
   vertex -0.083711781 -0.0058580329 0.036262965
  endloop
 endfacet
 facet normal 0.0017582726 0.99861542 -0.052575273
  outer loop
   vertex -0.083081167 -0.0058590999 0.036263787
   vertex -0.083711781 -0.0058580329 0.036262965
   vertex -0.083711856 -0.005825489 0.036881101
  endloop
 endfacet
 facet normal 0.0017582726 0.99861542 -0.052575273
  outer loop
   vertex -0.083081167 -0.0058590999 0.036263787
   vertex -0.083711856 -0.005825489 0.036881101
   vertex -0.08308306 -0.0058256013 0.036883675
  endloop
 endfacet
 facet normal 1.225554e-15 0.99862953 -0.052335952
  outer loop
   vertex -0.083706977 -0.005760019 0.038128903
   vertex -0.084354485 -0.0057600544 0.038128228
   vertex -0.084352605 -0.0057273802 0.038751689
  endloop
 endfacet
 facet normal 1.225554e-15 0.99862953 -0.052335952
  outer loop
   vertex -0.083706977 -0.005760019 0.038128903
   vertex -0.084352605 -0.0057273802 0.038751689
   vertex -0.083703729 -0.0057273391 0.038752473
  endloop
 endfacet
 facet normal -1.3351096e-16 0.99862953 -0.052335952
  outer loop
   vertex -0.083700202 -0.0056946537 0.039376148
   vertex -0.083071919 -0.0056944761 0.039379536
   vertex -0.08307466 -0.0057272085 0.038754964
  endloop
 endfacet
 facet normal -1.3351096e-16 0.99862953 -0.052335952
  outer loop
   vertex -0.083700202 -0.0056946537 0.039376148
   vertex -0.08307466 -0.0057272085 0.038754964
   vertex -0.083703729 -0.0057273391 0.038752473
  endloop
 endfacet
 facet normal -9.6869654e-16 0.99862953 -0.052335952
  outer loop
   vertex -0.083706977 -0.005760019 0.038128903
   vertex -0.083703729 -0.0057273391 0.038752473
   vertex -0.08307466 -0.0057272085 0.038754964
  endloop
 endfacet
 facet normal -9.6869654e-16 0.99862953 -0.052335952
  outer loop
   vertex -0.083706977 -0.005760019 0.038128903
   vertex -0.08307466 -0.0057272085 0.038754964
   vertex -0.083078263 -0.0057598887 0.03813139
  endloop
 endfacet
 facet normal 1 1.3982822e-18 2.2203155e-14
  outer loop
   vertex -0.088410981 -0.0012501858 0.036875011
   vertex -0.088410981 -0.0018759942 0.03687505
   vertex -0.088410981 -0.0018762002 0.036250013
  endloop
 endfacet
 facet normal 1 1.3982822e-18 2.2203155e-14
  outer loop
   vertex -0.088410981 -0.0012501858 0.036875011
   vertex -0.088410981 -0.0018762002 0.036250013
   vertex -0.088410981 -0.0012502187 0.036249999
  endloop
 endfacet
 facet normal 1 -9.9872415e-20 -2.2204083e-14
  outer loop
   vertex -0.088410981 -0.00062483611 0.036249997
   vertex -0.088410981 -0.0012502187 0.036249999
   vertex -0.088410981 -0.0012502618 0.035624989
  endloop
 endfacet
 facet normal 1 -9.9872415e-20 -2.2204083e-14
  outer loop
   vertex -0.088410981 -0.00062483611 0.036249997
   vertex -0.088410981 -0.0012502618 0.035624989
   vertex -0.088410981 -0.00062473406 0.035625001
  endloop
 endfacet
 facet normal 1 2.2163939e-14 -2.2210835e-14
  outer loop
   vertex -0.088410981 -0.0018762002 0.036250013
   vertex -0.088410981 -0.0018764199 0.035624973
   vertex -0.088410981 -0.0012502618 0.035624989
  endloop
 endfacet
 facet normal 1 2.2163939e-14 -2.2210835e-14
  outer loop
   vertex -0.088410981 -0.0018762002 0.036250013
   vertex -0.088410981 -0.0012502618 0.035624989
   vertex -0.088410981 -0.0012502187 0.036249999
  endloop
 endfacet
 facet normal 1 0 0
  outer loop
   vertex -0.088410981 -0.0012501858 0.036875011
   vertex -0.088410981 -0.0012502187 0.036249999
   vertex -0.088410981 -0.00062483611 0.036249997
  endloop
 endfacet
 facet normal 1 0 0
  outer loop
   vertex -0.088410981 -0.0012501858 0.036875011
   vertex -0.088410981 -0.00062483611 0.036249997
   vertex -0.088410981 -0.0006249489 0.036874997
  endloop
 endfacet
 facet normal 4.5778588e-05 0.99861992 -0.052519027
  outer loop
   vertex -0.082411001 -0.0060550759 0.032498884
   vertex -0.0830451 -0.0060554389 0.032491428
   vertex -0.083042855 -0.0060225991 0.03311586
  endloop
 endfacet
 facet normal 4.5778588e-05 0.99861992 -0.052519027
  outer loop
   vertex -0.082411001 -0.0060550759 0.032498884
   vertex -0.083042855 -0.0060225991 0.03311586
   vertex -0.08241114 -0.0060224117 0.033122172
  endloop
 endfacet
 facet normal 0.00022646902 0.99863011 -0.052324514
  outer loop
   vertex -0.082411812 -0.0059899321 0.033742051
   vertex -0.08241114 -0.0060224117 0.033122172
   vertex -0.083042855 -0.0060225991 0.03311586
  endloop
 endfacet
 facet normal 0.00022646902 0.99863011 -0.052324514
  outer loop
   vertex -0.082411812 -0.0059899321 0.033742051
   vertex -0.083042855 -0.0060225991 0.03311586
   vertex -0.083041106 -0.0059897952 0.03373447
  endloop
 endfacet
 facet normal -0.00071895317 0.9985968 -0.052952022
  outer loop
   vertex -0.083674305 -0.005990308 0.033733396
   vertex -0.083041106 -0.0059897952 0.03373447
   vertex -0.083042855 -0.0060225991 0.03311586
  endloop
 endfacet
 facet normal -0.00071895317 0.9985968 -0.052952022
  outer loop
   vertex -0.083674305 -0.005990308 0.033733396
   vertex -0.083042855 -0.0060225991 0.03311586
   vertex -0.083675999 -0.0060227924 0.033114339
  endloop
 endfacet
 facet normal -0.00017899506 0.99862773 -0.052370099
  outer loop
   vertex -0.083678218 -0.0060555859 0.032489017
   vertex -0.083675999 -0.0060227924 0.033114339
   vertex -0.083042855 -0.0060225991 0.03311586
  endloop
 endfacet
 facet normal -0.00017899506 0.99862773 -0.052370099
  outer loop
   vertex -0.083678218 -0.0060555859 0.032489017
   vertex -0.083042855 -0.0060225991 0.03311586
   vertex -0.0830451 -0.0060554389 0.032491428
  endloop
 endfacet
 facet normal -1.2505254e-09 0.99862954 -0.052335855
  outer loop
   vertex -0.082411001 -0.0060550759 0.032498884
   vertex -0.082410976 -0.006087741 0.031875595
   vertex -0.083047891 -0.0060881709 0.031867392
  endloop
 endfacet
 facet normal -1.2505254e-09 0.99862954 -0.052335855
  outer loop
   vertex -0.082411001 -0.0060550759 0.032498884
   vertex -0.083047891 -0.0060881709 0.031867392
   vertex -0.0830451 -0.0060554389 0.032491428
  endloop
 endfacet
 facet normal 9.4190379e-16 0.99862953 -0.052335952
  outer loop
   vertex -0.082410976 -0.0061204061 0.031252307
   vertex -0.083050964 -0.0061208538 0.031243764
   vertex -0.083047891 -0.0060881709 0.031867392
  endloop
 endfacet
 facet normal 9.4190379e-16 0.99862953 -0.052335952
  outer loop
   vertex -0.082410976 -0.0061204061 0.031252307
   vertex -0.083047891 -0.0060881709 0.031867392
   vertex -0.082410976 -0.006087741 0.031875595
  endloop
 endfacet
 facet normal 2.1764656e-16 0.99862953 -0.052335952
  outer loop
   vertex -0.083683158 -0.0061210157 0.031240676
   vertex -0.083680656 -0.0060883232 0.031864486
   vertex -0.083047891 -0.0060881709 0.031867392
  endloop
 endfacet
 facet normal 2.1764656e-16 0.99862953 -0.052335952
  outer loop
   vertex -0.083683158 -0.0061210157 0.031240676
   vertex -0.083047891 -0.0060881709 0.031867392
   vertex -0.083050964 -0.0061208538 0.031243764
  endloop
 endfacet
 facet normal -3.2464856e-05 0.99862723 -0.052379913
  outer loop
   vertex -0.083678218 -0.0060555859 0.032489017
   vertex -0.0830451 -0.0060554389 0.032491428
   vertex -0.083047891 -0.0060881709 0.031867392
  endloop
 endfacet
 facet normal -3.2464856e-05 0.99862723 -0.052379913
  outer loop
   vertex -0.083678218 -0.0060555859 0.032489017
   vertex -0.083047891 -0.0060881709 0.031867392
   vertex -0.083680656 -0.0060883232 0.031864486
  endloop
 endfacet
 facet normal 1 -2.2150683e-14 -2.2205707e-14
  outer loop
   vertex -0.088410981 -0.0012504274 0.033125011
   vertex -0.088410981 -0.0012504568 0.033750005
   vertex -0.088410981 -0.0018769944 0.033750025
  endloop
 endfacet
 facet normal 1 -2.2150683e-14 -2.2205707e-14
  outer loop
   vertex -0.088410981 -0.0012504274 0.033125011
   vertex -0.088410981 -0.0018769944 0.033750025
   vertex -0.088410981 -0.0018768022 0.033125055
  endloop
 endfacet
 facet normal 1 2.2180201e-14 -1.9831835e-18
  outer loop
   vertex -0.088410981 -0.00062478448 0.033750012
   vertex -0.088410981 -0.0006247286 0.034375015
   vertex -0.088410981 -0.0012504122 0.034374994
  endloop
 endfacet
 facet normal 1 2.2180201e-14 -1.9831835e-18
  outer loop
   vertex -0.088410981 -0.00062478448 0.033750012
   vertex -0.088410981 -0.0012504122 0.034374994
   vertex -0.088410981 -0.0012504568 0.033750005
  endloop
 endfacet
 facet normal 1 -2.2150854e-14 -2.2203093e-14
  outer loop
   vertex -0.088410981 -0.0012504122 0.034374994
   vertex -0.088410981 -0.0018769132 0.034374983
   vertex -0.088410981 -0.0018769944 0.033750025
  endloop
 endfacet
 facet normal 1 -2.2150854e-14 -2.2203093e-14
  outer loop
   vertex -0.088410981 -0.0012504122 0.034374994
   vertex -0.088410981 -0.0018769944 0.033750025
   vertex -0.088410981 -0.0012504568 0.033750005
  endloop
 endfacet
 facet normal 1 -2.2183325e-14 1.6837749e-18
  outer loop
   vertex -0.088410981 -0.0012504274 0.033125011
   vertex -0.088410981 -0.00062483193 0.033125
   vertex -0.088410981 -0.00062478448 0.033750012
  endloop
 endfacet
 facet normal 1 -2.2183325e-14 1.6837749e-18
  outer loop
   vertex -0.088410981 -0.0012504274 0.033125011
   vertex -0.088410981 -0.00062478448 0.033750012
   vertex -0.088410981 -0.0012504568 0.033750005
  endloop
 endfacet
 facet normal 1.5025869e-16 0.99862953 -0.052335952
  outer loop
   vertex -0.086299847 -0.0058254394 0.036880608
   vertex -0.085643382 -0.0058254624 0.036880168
   vertex -0.085642041 -0.0058578216 0.036262719
  endloop
 endfacet
 facet normal 1.5025869e-16 0.99862953 -0.052335952
  outer loop
   vertex -0.086299847 -0.0058254394 0.036880608
   vertex -0.085642041 -0.0058578216 0.036262719
   vertex -0.08629698 -0.0058578144 0.036262856
  endloop
 endfacet
 facet normal -1.6478435e-16 0.99862953 -0.052335952
  outer loop
   vertex -0.086293128 -0.0058876264 0.035694009
   vertex -0.08696574 -0.0058878347 0.035690035
   vertex -0.086971434 -0.0058578099 0.036262941
  endloop
 endfacet
 facet normal -1.6478435e-16 0.99862953 -0.052335952
  outer loop
   vertex -0.086293128 -0.0058876264 0.035694009
   vertex -0.086971434 -0.0058578099 0.036262941
   vertex -0.08629698 -0.0058578144 0.036262856
  endloop
 endfacet
 facet normal -4.2031497e-16 0.99862953 -0.052335952
  outer loop
   vertex -0.086299847 -0.0058254394 0.036880608
   vertex -0.08629698 -0.0058578144 0.036262856
   vertex -0.086971434 -0.0058578099 0.036262941
  endloop
 endfacet
 facet normal -4.2031497e-16 0.99862953 -0.052335952
  outer loop
   vertex -0.086299847 -0.0058254394 0.036880608
   vertex -0.086971434 -0.0058578099 0.036262941
   vertex -0.086975437 -0.0058253803 0.036881736
  endloop
 endfacet
 facet normal -2.0916735e-16 0.99862953 -0.052335952
  outer loop
   vertex -0.085644886 -0.0057273941 0.038751423
   vertex -0.085644545 -0.0057600651 0.038128024
   vertex -0.086303382 -0.0057600447 0.038128413
  endloop
 endfacet
 facet normal -2.0916735e-16 0.99862953 -0.052335952
  outer loop
   vertex -0.085644886 -0.0057273941 0.038751423
   vertex -0.086303382 -0.0057600447 0.038128413
   vertex -0.086304824 -0.0057273745 0.038751798
  endloop
 endfacet
 facet normal 1.9246638e-15 0.99862953 -0.052335952
  outer loop
   vertex -0.086983893 -0.0057273224 0.038752791
   vertex -0.086986563 -0.0056946556 0.039376111
   vertex -0.086306266 -0.0056947084 0.039375105
  endloop
 endfacet
 facet normal 1.9246638e-15 0.99862953 -0.052335952
  outer loop
   vertex -0.086983893 -0.0057273224 0.038752791
   vertex -0.086306266 -0.0056947084 0.039375105
   vertex -0.086304824 -0.0057273745 0.038751798
  endloop
 endfacet
 facet normal -1.4062861e-16 0.99862953 -0.052335952
  outer loop
   vertex -0.086303382 -0.0057600447 0.038128413
   vertex -0.086981257 -0.0057599914 0.038129431
   vertex -0.086983893 -0.0057273224 0.038752791
  endloop
 endfacet
 facet normal -1.4062861e-16 0.99862953 -0.052335952
  outer loop
   vertex -0.086303382 -0.0057600447 0.038128413
   vertex -0.086983893 -0.0057273224 0.038752791
   vertex -0.086304824 -0.0057273745 0.038751798
  endloop
 endfacet
 facet normal -0.93020192 -0.36697894 0.0071305364
  outer loop
   vertex -0.082411244 0.004012971 0.033719208
   vertex -0.082412343 0.0040281933 0.034359295
   vertex -0.082425832 0.0040659207 0.034541236
  endloop
 endfacet
 facet normal -0.93020192 -0.36697894 0.0071305364
  outer loop
   vertex -0.082411244 0.004012971 0.033719208
   vertex -0.082425832 0.0040659207 0.034541236
   vertex -0.0830392 0.0040667367 0.034548796
  endloop
 endfacet
 facet normal -0.93020192 -0.36697894 0.0071305364
  outer loop
   vertex -0.082411244 0.004012971 0.033719208
   vertex -0.0830392 0.0040667367 0.034548796
   vertex -0.083072933 0.0040259217 0.03369574
  endloop
 endfacet
 facet normal 0.00065251581 -0.99864941 0.051951178
  outer loop
   vertex -0.0830392 0.0040667367 0.034548796
   vertex -0.083683047 0.0040657313 0.034537556
   vertex -0.083709515 0.0040211796 0.033681478
  endloop
 endfacet
 facet normal 0.00065251581 -0.99864941 0.051951178
  outer loop
   vertex -0.0830392 0.0040667367 0.034548796
   vertex -0.083709515 0.0040211796 0.033681478
   vertex -0.083072933 0.0040259217 0.03369574
  endloop
 endfacet
 facet normal 0.00069894956 -0.9987836 0.049303433
  outer loop
   vertex -0.083683047 0.0040657313 0.034537556
   vertex -0.0830392 0.0040667367 0.034548796
   vertex -0.083042365 0.0040918876 0.035058345
  endloop
 endfacet
 facet normal 0.00069894956 -0.9987836 0.049303433
  outer loop
   vertex -0.083683047 0.0040657313 0.034537556
   vertex -0.083042365 0.0040918876 0.035058345
   vertex -0.083677323 0.0040928167 0.035059212
  endloop
 endfacet
 facet normal 0.00078928876 -0.99862801 0.052359148
  outer loop
   vertex -0.083709515 0.0040211796 0.033681478
   vertex -0.084356162 0.0040205639 0.033679483
   vertex -0.084358174 0.0039907956 0.033111751
  endloop
 endfacet
 facet normal 0.00078928876 -0.99862801 0.052359148
  outer loop
   vertex -0.083709515 0.0040211796 0.033681478
   vertex -0.084358174 0.0039907956 0.033111751
   vertex -0.083713101 0.0039910052 0.033111471
  endloop
 endfacet
 facet normal 1.8660611e-05 -0.99862812 0.052363034
  outer loop
   vertex -0.084999836 0.003958422 0.032494577
   vertex -0.084357921 0.003958418 0.032494272
   vertex -0.084358174 0.0039907956 0.033111751
  endloop
 endfacet
 facet normal 1.8660611e-05 -0.99862812 0.052363034
  outer loop
   vertex -0.084999836 0.003958422 0.032494577
   vertex -0.084358174 0.0039907956 0.033111751
   vertex -0.08499955 0.0039907797 0.033111998
  endloop
 endfacet
 facet normal 0.00034750255 -0.99861489 0.05261342
  outer loop
   vertex -0.083712859 0.003958445 0.032493468
   vertex -0.083713101 0.0039910052 0.033111471
   vertex -0.084358174 0.0039907956 0.033111751
  endloop
 endfacet
 facet normal 0.00034750255 -0.99861489 0.05261342
  outer loop
   vertex -0.083712859 0.003958445 0.032493468
   vertex -0.084358174 0.0039907956 0.033111751
   vertex -0.084357921 0.003958418 0.032494272
  endloop
 endfacet
 facet normal 4.4795607e-05 -0.99862954 0.052335848
  outer loop
   vertex -0.08499817 0.0040205066 0.033679222
   vertex -0.08499955 0.0039907797 0.033111998
   vertex -0.084358174 0.0039907956 0.033111751
  endloop
 endfacet
 facet normal 4.4795607e-05 -0.99862954 0.052335848
  outer loop
   vertex -0.08499817 0.0040205066 0.033679222
   vertex -0.084358174 0.0039907956 0.033111751
   vertex -0.084356162 0.0040205639 0.033679483
  endloop
 endfacet
 facet normal -0.99999994 -0.00018616856 -0.00030277442
  outer loop
   vertex -0.08241131 0.0025780967 0.03374758
   vertex -0.082411121 0.0025840032 0.033120464
   vertex -0.082410998 0.001917171 0.03312284
  endloop
 endfacet
 facet normal -0.99999994 -0.00018616856 -0.00030277442
  outer loop
   vertex -0.08241131 0.0025780967 0.03374758
   vertex -0.082410998 0.001917171 0.03312284
   vertex -0.082411018 0.0019131152 0.033748657
  endloop
 endfacet
 facet normal -1 -3.2864795e-05 3.2890612e-09
  outer loop
   vertex -0.082410976 0.0012673747 0.032498957
   vertex -0.082410976 0.0012674372 0.033124125
   vertex -0.082410998 0.001917171 0.03312284
  endloop
 endfacet
 facet normal -1 -3.2864795e-05 3.2890612e-09
  outer loop
   vertex -0.082410976 0.0012673747 0.032498957
   vertex -0.082410998 0.001917171 0.03312284
   vertex -0.082410984 0.0019166919 0.032497468
  endloop
 endfacet
 facet normal -1 -6.3766648e-05 -3.2226031e-05
  outer loop
   vertex -0.082410976 0.0012656297 0.033749452
   vertex -0.082411018 0.0019131152 0.033748657
   vertex -0.082410998 0.001917171 0.03312284
  endloop
 endfacet
 facet normal -1 -6.3766648e-05 -3.2226031e-05
  outer loop
   vertex -0.082410976 0.0012656297 0.033749452
   vertex -0.082410998 0.001917171 0.03312284
   vertex -0.082410976 0.0012674372 0.033124125
  endloop
 endfacet
 facet normal -1 2.1941989e-14 1.8492625e-16
  outer loop
   vertex -0.082410976 0.0012563554 0.035000075
   vertex -0.082410976 0.0012616249 0.03437484
   vertex -0.082410976 0.00062914781 0.034374934
  endloop
 endfacet
 facet normal -1 2.1941989e-14 1.8492625e-16
  outer loop
   vertex -0.082410976 0.0012563554 0.035000075
   vertex -0.082410976 0.00062914781 0.034374934
   vertex -0.082410976 0.00062735006 0.035000016
  endloop
 endfacet
 facet normal -1 -2.2102393e-14 -1.5277808e-17
  outer loop
   vertex -0.082410976 1.6935999e-06 0.03374994
   vertex -0.082410976 1.2615557e-06 0.034374978
   vertex -0.082410976 0.00062914781 0.034374934
  endloop
 endfacet
 facet normal -1 -2.2102393e-14 -1.5277808e-17
  outer loop
   vertex -0.082410976 1.6935999e-06 0.03374994
   vertex -0.082410976 0.00062914781 0.034374934
   vertex -0.082410976 0.0006305528 0.033749805
  endloop
 endfacet
 facet normal -1 -2.186449e-14 -2.2249019e-14
  outer loop
   vertex -0.082410976 0.0012656297 0.033749452
   vertex -0.082410976 0.0006305528 0.033749805
   vertex -0.082410976 0.00062914781 0.034374934
  endloop
 endfacet
 facet normal -1 -2.186449e-14 -2.2249019e-14
  outer loop
   vertex -0.082410976 0.0012656297 0.033749452
   vertex -0.082410976 0.00062914781 0.034374934
   vertex -0.082410976 0.0012616249 0.03437484
  endloop
 endfacet
 facet normal -0.9999999 -0.00043956193 -9.7614852e-06
  outer loop
   vertex -0.08241131 0.0025780967 0.03374758
   vertex -0.082411018 0.0019131152 0.033748657
   vertex -0.082411019 0.0019031809 0.034374721
  endloop
 endfacet
 facet normal -0.9999999 -0.00043956193 -9.7614852e-06
  outer loop
   vertex -0.08241131 0.0025780967 0.03374758
   vertex -0.082411019 0.0019031809 0.034374721
   vertex -0.08241131 0.0025584425 0.034375331
  endloop
 endfacet
 facet normal -1 -2.7598494e-05 4.0226103e-05
  outer loop
   vertex -0.082410976 0.0012563554 0.035000075
   vertex -0.082410994 0.0018893896 0.035000286
   vertex -0.082411019 0.0019031809 0.034374721
  endloop
 endfacet
 facet normal -1 -2.7598494e-05 4.0226103e-05
  outer loop
   vertex -0.082410976 0.0012563554 0.035000075
   vertex -0.082411019 0.0019031809 0.034374721
   vertex -0.082410976 0.0012616249 0.03437484
  endloop
 endfacet
 facet normal -1 -6.7035465e-05 -4.2928265e-07
  outer loop
   vertex -0.082410976 0.0012656297 0.033749452
   vertex -0.082410976 0.0012616249 0.03437484
   vertex -0.082411019 0.0019031809 0.034374721
  endloop
 endfacet
 facet normal -1 -6.7035465e-05 -4.2928265e-07
  outer loop
   vertex -0.082410976 0.0012656297 0.033749452
   vertex -0.082411019 0.0019031809 0.034374721
   vertex -0.082411018 0.0019131152 0.033748657
  endloop
 endfacet
 facet normal -1 0 0
  outer loop
   vertex -0.082410976 0.0012673747 0.032498957
   vertex -0.082410976 0.0006312224 0.032499626
   vertex -0.082410976 0.00063122025 0.03312469
  endloop
 endfacet
 facet normal -1 0 0
  outer loop
   vertex -0.082410976 0.0012673747 0.032498957
   vertex -0.082410976 0.00063122025 0.03312469
   vertex -0.082410976 0.0012674372 0.033124125
  endloop
 endfacet
 facet normal -1 0 0
  outer loop
   vertex -0.082410976 1.6935999e-06 0.03374994
   vertex -0.082410976 0.0006305528 0.033749805
   vertex -0.082410976 0.00063122025 0.03312469
  endloop
 endfacet
 facet normal -1 0 0
  outer loop
   vertex -0.082410976 1.6935999e-06 0.03374994
   vertex -0.082410976 0.00063122025 0.03312469
   vertex -0.082410976 1.904665e-06 0.033124905
  endloop
 endfacet
 facet normal -1 -1.9729946e-17 -2.2192897e-14
  outer loop
   vertex -0.082410976 0.0012656297 0.033749452
   vertex -0.082410976 0.0012674372 0.033124125
   vertex -0.082410976 0.00063122025 0.03312469
  endloop
 endfacet
 facet normal -1 -1.9729946e-17 -2.2192897e-14
  outer loop
   vertex -0.082410976 0.0012656297 0.033749452
   vertex -0.082410976 0.00063122025 0.03312469
   vertex -0.082410976 0.0006305528 0.033749805
  endloop
 endfacet
 facet normal 2.1572519e-05 -0.99862814 0.052362473
  outer loop
   vertex -0.083707788 0.0038929717 0.03124571
   vertex -0.083710694 0.0039256729 0.031869371
   vertex -0.084356658 0.0039256962 0.03187008
  endloop
 endfacet
 facet normal 2.1572519e-05 -0.99862814 0.052362473
  outer loop
   vertex -0.083707788 0.0038929717 0.03124571
   vertex -0.084356658 0.0039256962 0.03187008
   vertex -0.084354957 0.0038930067 0.031246378
  endloop
 endfacet
 facet normal 4.0501004e-06 -0.99862953 0.052335959
  outer loop
   vertex -0.084999836 0.003958422 0.032494577
   vertex -0.084999529 0.0039257073 0.031870343
   vertex -0.084356658 0.0039256962 0.03187008
  endloop
 endfacet
 facet normal 4.0501004e-06 -0.99862953 0.052335959
  outer loop
   vertex -0.084999836 0.003958422 0.032494577
   vertex -0.084356658 0.0039256962 0.03187008
   vertex -0.084357921 0.003958418 0.032494272
  endloop
 endfacet
 facet normal 0.000106962 -0.99862873 0.052351137
  outer loop
   vertex -0.083712859 0.003958445 0.032493468
   vertex -0.084357921 0.003958418 0.032494272
   vertex -0.084356658 0.0039256962 0.03187008
  endloop
 endfacet
 facet normal 0.000106962 -0.99862873 0.052351137
  outer loop
   vertex -0.083712859 0.003958445 0.032493468
   vertex -0.084356658 0.0039256962 0.03187008
   vertex -0.083710694 0.0039256729 0.031869371
  endloop
 endfacet
 facet normal 1.5931075e-09 -0.99862932 0.05234012
  outer loop
   vertex -0.084998952 0.0038930196 0.031246623
   vertex -0.084354957 0.0038930067 0.031246378
   vertex -0.084356658 0.0039256962 0.03187008
  endloop
 endfacet
 facet normal 1.5931075e-09 -0.99862932 0.05234012
  outer loop
   vertex -0.084998952 0.0038930196 0.031246623
   vertex -0.084356658 0.0039256962 0.03187008
   vertex -0.084999529 0.0039257073 0.031870343
  endloop
 endfacet
 facet normal 1.6750194e-16 -0.99862953 0.052335957
  outer loop
   vertex -0.082410976 0.0038269985 0.029986866
   vertex -0.082410976 0.0038596636 0.030610154
   vertex -0.083075599 0.0038601637 0.030619696
  endloop
 endfacet
 facet normal 1.6750194e-16 -0.99862953 0.052335957
  outer loop
   vertex -0.082410976 0.0038269985 0.029986866
   vertex -0.083075599 0.0038601637 0.030619696
   vertex -0.08307277 0.0038274268 0.029995039
  endloop
 endfacet
 facet normal -1.2593489e-15 -0.99862953 0.052335957
  outer loop
   vertex -0.082410976 0.0038923288 0.031233442
   vertex -0.083079207 0.0038928425 0.031243245
   vertex -0.083075599 0.0038601637 0.030619696
  endloop
 endfacet
 facet normal -1.2593489e-15 -0.99862953 0.052335957
  outer loop
   vertex -0.082410976 0.0038923288 0.031233442
   vertex -0.083075599 0.0038601637 0.030619696
   vertex -0.082410976 0.0038596636 0.030610154
  endloop
 endfacet
 facet normal -1.036374e-15 -0.99862953 0.052335957
  outer loop
   vertex -0.083707788 0.0038929717 0.03124571
   vertex -0.083704499 0.0038602921 0.030622146
   vertex -0.083075599 0.0038601637 0.030619696
  endloop
 endfacet
 facet normal -1.036374e-15 -0.99862953 0.052335957
  outer loop
   vertex -0.083707788 0.0038929717 0.03124571
   vertex -0.083075599 0.0038601637 0.030619696
   vertex -0.083079207 0.0038928425 0.031243245
  endloop
 endfacet
 facet normal 1.3988541e-15 -0.99862953 0.052335957
  outer loop
   vertex -0.08370091 0.0038276045 0.029998429
   vertex -0.08307277 0.0038274268 0.029995039
   vertex -0.083075599 0.0038601637 0.030619696
  endloop
 endfacet
 facet normal 1.3988541e-15 -0.99862953 0.052335957
  outer loop
   vertex -0.08370091 0.0038276045 0.029998429
   vertex -0.083075599 0.0038601637 0.030619696
   vertex -0.083704499 0.0038602921 0.030622146
  endloop
 endfacet
 facet normal -2.1025353e-15 -0.99862953 0.052335957
  outer loop
   vertex -0.085646012 0.0041557723 0.036260245
   vertex -0.084992066 0.0041557956 0.036260689
   vertex -0.084993123 0.0041885919 0.036886479
  endloop
 endfacet
 facet normal -2.1025353e-15 -0.99862953 0.052335957
  outer loop
   vertex -0.085646012 0.0041557723 0.036260245
   vertex -0.084993123 0.0041885919 0.036886479
   vertex -0.085647326 0.0041885711 0.036886082
  endloop
 endfacet
 facet normal 5.1126475e-16 -0.99862953 0.052335957
  outer loop
   vertex -0.085647717 0.0042213164 0.037510901
   vertex -0.086315565 0.0042212573 0.037509772
   vertex -0.086315409 0.0041885054 0.03688483
  endloop
 endfacet
 facet normal 5.1126475e-16 -0.99862953 0.052335957
  outer loop
   vertex -0.085647717 0.0042213164 0.037510901
   vertex -0.086315409 0.0041885054 0.03688483
   vertex -0.085647326 0.0041885711 0.036886082
  endloop
 endfacet
 facet normal 7.3961001e-16 -0.99862953 0.052335957
  outer loop
   vertex -0.087000424 0.0041555662 0.036256312
   vertex -0.087680911 0.0041553015 0.03625126
   vertex -0.087666868 0.0041227715 0.035630551
  endloop
 endfacet
 facet normal 7.3961001e-16 -0.99862953 0.052335957
  outer loop
   vertex -0.087000424 0.0041555662 0.036256312
   vertex -0.087666868 0.0041227715 0.035630551
   vertex -0.086990256 0.0041230825 0.035636486
  endloop
 endfacet
 facet normal 2.6372073e-15 -0.99862953 0.052335957
  outer loop
   vertex -0.086970301 0.0040927137 0.035057015
   vertex -0.086300173 0.0040927374 0.035057467
   vertex -0.086307955 0.0041232263 0.035639229
  endloop
 endfacet
 facet normal 2.6372073e-15 -0.99862953 0.052335957
  outer loop
   vertex -0.086970301 0.0040927137 0.035057015
   vertex -0.086307955 0.0041232263 0.035639229
   vertex -0.086990256 0.0041230825 0.035636486
  endloop
 endfacet
 facet normal 7.445028e-16 -0.99862953 0.052335957
  outer loop
   vertex -0.087684333 0.0041881132 0.036877344
   vertex -0.087680911 0.0041553015 0.03625126
   vertex -0.087000424 0.0041555662 0.036256312
  endloop
 endfacet
 facet normal 7.445028e-16 -0.99862953 0.052335957
  outer loop
   vertex -0.087684333 0.0041881132 0.036877344
   vertex -0.087000424 0.0041555662 0.036256312
   vertex -0.087003968 0.0041883737 0.036882316
  endloop
 endfacet
 facet normal -1.7655981e-16 -0.99862953 0.052335957
  outer loop
   vertex -0.08700379 0.0042211346 0.037507431
   vertex -0.087003968 0.0041883737 0.036882316
   vertex -0.086315409 0.0041885054 0.03688483
  endloop
 endfacet
 facet normal -1.7655981e-16 -0.99862953 0.052335957
  outer loop
   vertex -0.08700379 0.0042211346 0.037507431
   vertex -0.086315409 0.0041885054 0.03688483
   vertex -0.086315565 0.0042212573 0.037509772
  endloop
 endfacet
 facet normal 1 0 0
  outer loop
   vertex -0.088410981 0.0018932342 0.036249023
   vertex -0.088410981 0.001880829 0.036874246
   vertex -0.088410981 0.0012527171 0.036874702
  endloop
 endfacet
 facet normal 1 0 0
  outer loop
   vertex -0.088410981 0.0018932342 0.036249023
   vertex -0.088410981 0.0012527171 0.036874702
   vertex -0.088410981 0.0012575932 0.036249651
  endloop
 endfacet
 facet normal 1 -8.7856069e-18 -2.2207061e-14
  outer loop
   vertex -0.088410981 0.0012625687 0.035624722
   vertex -0.088410981 0.0012575932 0.036249651
   vertex -0.088410981 0.00062767812 0.0362499
  endloop
 endfacet
 facet normal 1 -8.7856069e-18 -2.2207061e-14
  outer loop
   vertex -0.088410981 0.0012625687 0.035624722
   vertex -0.088410981 0.00062767812 0.0362499
   vertex -0.088410981 0.00062933738 0.035624942
  endloop
 endfacet
 facet normal 1 7.1309777e-18 2.2204346e-14
  outer loop
   vertex -0.088410981 0.0012527171 0.036874702
   vertex -0.088410981 0.00062600303 0.036874904
   vertex -0.088410981 0.00062767812 0.0362499
  endloop
 endfacet
 facet normal 1 7.1309777e-18 2.2204346e-14
  outer loop
   vertex -0.088410981 0.0012527171 0.036874702
   vertex -0.088410981 0.00062767812 0.0362499
   vertex -0.088410981 0.0012575932 0.036249651
  endloop
 endfacet
 facet normal 1 2.1811006e-14 -2.2033336e-14
  outer loop
   vertex -0.088410981 0.0018932342 0.036249023
   vertex -0.088410981 0.0012575932 0.036249651
   vertex -0.088410981 0.0012625687 0.035624722
  endloop
 endfacet
 facet normal 1 2.1811006e-14 -2.2033336e-14
  outer loop
   vertex -0.088410981 0.0018932342 0.036249023
   vertex -0.088410981 0.0012625687 0.035624722
   vertex -0.088410981 0.0019065678 0.035624067
  endloop
 endfacet
 facet normal 5.9228164e-16 -0.99862953 0.052335957
  outer loop
   vertex -0.085647219 0.0042866956 0.038758409
   vertex -0.085647581 0.004254017 0.038134864
   vertex -0.084994464 0.0042540305 0.038135122
  endloop
 endfacet
 facet normal 5.9228164e-16 -0.99862953 0.052335957
  outer loop
   vertex -0.085647219 0.0042866956 0.038758409
   vertex -0.084994464 0.0042540305 0.038135122
   vertex -0.08499493 0.0042867052 0.038758592
  endloop
 endfacet
 facet normal 5.0731493e-16 -0.99862953 0.052335957
  outer loop
   vertex -0.086314671 0.0042539677 0.038133924
   vertex -0.086315565 0.0042212573 0.037509772
   vertex -0.085647717 0.0042213164 0.037510901
  endloop
 endfacet
 facet normal 5.0731493e-16 -0.99862953 0.052335957
  outer loop
   vertex -0.086314671 0.0042539677 0.038133924
   vertex -0.085647717 0.0042213164 0.037510901
   vertex -0.085647581 0.004254017 0.038134864
  endloop
 endfacet
 facet normal -2.0612167e-15 -0.99862953 0.052335957
  outer loop
   vertex -0.087673437 0.0043190883 0.039376498
   vertex -0.087676969 0.0042863499 0.038751813
   vertex -0.086999486 0.0042865686 0.038755987
  endloop
 endfacet
 facet normal -2.0612167e-15 -0.99862953 0.052335957
  outer loop
   vertex -0.087673437 0.0043190883 0.039376498
   vertex -0.086999486 0.0042865686 0.038755987
   vertex -0.086996834 0.0043192669 0.039379907
  endloop
 endfacet
 facet normal -1.3460191e-15 -0.99862953 0.052335957
  outer loop
   vertex -0.08699414 0.0043519491 0.04000352
   vertex -0.086996834 0.0043192669 0.039379907
   vertex -0.086311896 0.0043193354 0.039381213
  endloop
 endfacet
 facet normal -1.3460191e-15 -0.99862953 0.052335957
  outer loop
   vertex -0.08699414 0.0043519491 0.04000352
   vertex -0.086311896 0.0043193354 0.039381213
   vertex -0.086310406 0.0043520086 0.040004655
  endloop
 endfacet
 facet normal 9.1831803e-17 -0.99862953 0.052335957
  outer loop
   vertex -0.087680357 0.0042536326 0.038127529
   vertex -0.087001948 0.0042538645 0.038131956
   vertex -0.086999486 0.0042865686 0.038755987
  endloop
 endfacet
 facet normal 9.1831803e-17 -0.99862953 0.052335957
  outer loop
   vertex -0.087680357 0.0042536326 0.038127529
   vertex -0.086999486 0.0042865686 0.038755987
   vertex -0.087676969 0.0042863499 0.038751813
  endloop
 endfacet
 facet normal 2.3386164e-16 -0.99862953 0.052335957
  outer loop
   vertex -0.086314671 0.0042539677 0.038133924
   vertex -0.087001948 0.0042538645 0.038131956
   vertex -0.08700379 0.0042211346 0.037507431
  endloop
 endfacet
 facet normal 2.3386164e-16 -0.99862953 0.052335957
  outer loop
   vertex -0.086314671 0.0042539677 0.038133924
   vertex -0.08700379 0.0042211346 0.037507431
   vertex -0.086315565 0.0042212573 0.037509772
  endloop
 endfacet
 facet normal -3.1934378e-16 -0.99862953 0.052335957
  outer loop
   vertex -0.086294597 0.0040205805 0.033680631
   vertex -0.086297261 0.0039907748 0.033111903
   vertex -0.085642316 0.0039907819 0.03311204
  endloop
 endfacet
 facet normal -3.1934378e-16 -0.99862953 0.052335957
  outer loop
   vertex -0.086294597 0.0040205805 0.033680631
   vertex -0.085642316 0.0039907819 0.03311204
   vertex -0.085640756 0.0040205204 0.033679484
  endloop
 endfacet
 facet normal -6.6607046e-17 -0.99862953 0.052335957
  outer loop
   vertex -0.084999836 0.003958422 0.032494577
   vertex -0.08499955 0.0039907797 0.033111998
   vertex -0.085642316 0.0039907819 0.03311204
  endloop
 endfacet
 facet normal -6.6607046e-17 -0.99862953 0.052335957
  outer loop
   vertex -0.084999836 0.003958422 0.032494577
   vertex -0.085642316 0.0039907819 0.03311204
   vertex -0.085643428 0.0039584205 0.032494547
  endloop
 endfacet
 facet normal 1.2871342e-16 -0.99862953 0.052335957
  outer loop
   vertex -0.08499817 0.0040205066 0.033679222
   vertex -0.085640756 0.0040205204 0.033679484
   vertex -0.085642316 0.0039907819 0.03311204
  endloop
 endfacet
 facet normal 1.2871342e-16 -0.99862953 0.052335957
  outer loop
   vertex -0.08499817 0.0040205066 0.033679222
   vertex -0.085642316 0.0039907819 0.03311204
   vertex -0.08499955 0.0039907797 0.033111998
  endloop
 endfacet
 facet normal -2.0269936e-15 -0.99862953 0.052335957
  outer loop
   vertex -0.086299691 0.0039583976 0.03249411
   vertex -0.085643428 0.0039584205 0.032494547
   vertex -0.085642316 0.0039907819 0.03311204
  endloop
 endfacet
 facet normal -2.0269936e-15 -0.99862953 0.052335957
  outer loop
   vertex -0.086299691 0.0039583976 0.03249411
   vertex -0.085642316 0.0039907819 0.03311204
   vertex -0.086297261 0.0039907748 0.033111903
  endloop
 endfacet
 facet normal -1.0649814e-15 -0.99862953 0.052335957
  outer loop
   vertex -0.08629533 0.0040655192 0.034538113
   vertex -0.086961979 0.004065907 0.034545513
   vertex -0.08696798 0.0040207842 0.033684519
  endloop
 endfacet
 facet normal -1.0649814e-15 -0.99862953 0.052335957
  outer loop
   vertex -0.08629533 0.0040655192 0.034538113
   vertex -0.08696798 0.0040207842 0.033684519
   vertex -0.086294597 0.0040205805 0.033680631
  endloop
 endfacet
 facet normal 2.63453e-15 -0.99862953 0.052335957
  outer loop
   vertex -0.08629533 0.0040655192 0.034538113
   vertex -0.086300173 0.0040927374 0.035057467
   vertex -0.086970301 0.0040927137 0.035057015
  endloop
 endfacet
 facet normal 2.63453e-15 -0.99862953 0.052335957
  outer loop
   vertex -0.08629533 0.0040655192 0.034538113
   vertex -0.086970301 0.0040927137 0.035057015
   vertex -0.086961979 0.004065907 0.034545513
  endloop
 endfacet
 facet normal 1 -0 0
  outer loop
   vertex -0.088410981 0.0012634596 0.033124603
   vertex -0.088410981 0.0019088422 0.03312381
   vertex -0.088410981 0.0019112478 0.033749579
  endloop
 endfacet
 facet normal 1 -0 0
  outer loop
   vertex -0.088410981 0.0012634596 0.033124603
   vertex -0.088410981 0.0019112478 0.033749579
   vertex -0.088410981 0.0012646243 0.033749917
  endloop
 endfacet
 facet normal 1 0 0
  outer loop
   vertex -0.088410981 0.0012653649 0.034375095
   vertex -0.088410981 0.00063030926 0.034375076
   vertex -0.088410981 0.00062998748 0.033750015
  endloop
 endfacet
 facet normal 1 0 0
  outer loop
   vertex -0.088410981 0.0012653649 0.034375095
   vertex -0.088410981 0.00062998748 0.033750015
   vertex -0.088410981 0.0012646243 0.033749917
  endloop
 endfacet
 facet normal 1 -2.1901137e-14 -2.2183381e-14
  outer loop
   vertex -0.088410981 0.00062998748 0.033750015
   vertex -0.088410981 0.00062950629 0.033124896
   vertex -0.088410981 0.0012634596 0.033124603
  endloop
 endfacet
 facet normal 1 -2.1901137e-14 -2.2183381e-14
  outer loop
   vertex -0.088410981 0.00062998748 0.033750015
   vertex -0.088410981 0.0012634596 0.033124603
   vertex -0.088410981 0.0012646243 0.033749917
  endloop
 endfacet
 facet normal 1 0 -0
  outer loop
   vertex -0.088410981 0.0019112478 0.033749579
   vertex -0.088410981 0.0019127173 0.034375097
   vertex -0.088410981 0.0012653649 0.034375095
  endloop
 endfacet
 facet normal 1 0 -0
  outer loop
   vertex -0.088410981 0.0019112478 0.033749579
   vertex -0.088410981 0.0012653649 0.034375095
   vertex -0.088410981 0.0012646243 0.033749917
  endloop
 endfacet
 facet normal -8.7373833e-17 -0.99862953 0.052335957
  outer loop
   vertex -0.086303043 0.0038929976 0.031246205
   vertex -0.085644475 0.0038930178 0.03124659
   vertex -0.085644072 0.0039257052 0.031870303
  endloop
 endfacet
 facet normal -8.7373833e-17 -0.99862953 0.052335957
  outer loop
   vertex -0.086303043 0.0038929976 0.031246205
   vertex -0.085644072 0.0039257052 0.031870303
   vertex -0.086301526 0.003925683 0.03186988
  endloop
 endfacet
 facet normal 7.2372858e-16 -0.99862953 0.052335957
  outer loop
   vertex -0.084999836 0.003958422 0.032494577
   vertex -0.085643428 0.0039584205 0.032494547
   vertex -0.085644072 0.0039257052 0.031870303
  endloop
 endfacet
 facet normal 7.2372858e-16 -0.99862953 0.052335957
  outer loop
   vertex -0.084999836 0.003958422 0.032494577
   vertex -0.085644072 0.0039257052 0.031870303
   vertex -0.084999529 0.0039257073 0.031870343
  endloop
 endfacet
 facet normal 6.8218321e-16 -0.99862953 0.052335957
  outer loop
   vertex -0.084998952 0.0038930196 0.031246623
   vertex -0.084999529 0.0039257073 0.031870343
   vertex -0.085644072 0.0039257052 0.031870303
  endloop
 endfacet
 facet normal 6.8218321e-16 -0.99862953 0.052335957
  outer loop
   vertex -0.084998952 0.0038930196 0.031246623
   vertex -0.085644072 0.0039257052 0.031870303
   vertex -0.085644475 0.0038930178 0.03124659
  endloop
 endfacet
 facet normal 1.5297087e-15 -0.99862953 0.052335957
  outer loop
   vertex -0.086299691 0.0039583976 0.03249411
   vertex -0.086301526 0.003925683 0.03186988
   vertex -0.085644072 0.0039257052 0.031870303
  endloop
 endfacet
 facet normal 1.5297087e-15 -0.99862953 0.052335957
  outer loop
   vertex -0.086299691 0.0039583976 0.03249411
   vertex -0.085644072 0.0039257052 0.031870303
   vertex -0.085643428 0.0039584205 0.032494547
  endloop
 endfacet
 facet normal 6.4891778e-16 -0.99862953 0.052335957
  outer loop
   vertex -0.087659119 0.0038274387 0.029995266
   vertex -0.086985838 0.0038276048 0.029998435
   vertex -0.086983231 0.0038602745 0.030621811
  endloop
 endfacet
 facet normal 6.4891778e-16 -0.99862953 0.052335957
  outer loop
   vertex -0.087659119 0.0038274387 0.029995266
   vertex -0.086983231 0.0038602745 0.030621811
   vertex -0.087655754 0.0038601087 0.030618647
  endloop
 endfacet
 facet normal -1.8916324e-16 -0.99862953 0.052335957
  outer loop
   vertex -0.087652477 0.0038927779 0.031242012
   vertex -0.087655754 0.0038601087 0.030618647
   vertex -0.086983231 0.0038602745 0.030621811
  endloop
 endfacet
 facet normal -1.8916324e-16 -0.99862953 0.052335957
  outer loop
   vertex -0.087652477 0.0038927779 0.031242012
   vertex -0.086983231 0.0038602745 0.030621811
   vertex -0.086980621 0.0038929443 0.031245188
  endloop
 endfacet
 facet normal -6.2013338e-16 -0.99862953 0.052335957
  outer loop
   vertex -0.086303043 0.0038929976 0.031246205
   vertex -0.086980621 0.0038929443 0.031245188
   vertex -0.086983231 0.0038602745 0.030621811
  endloop
 endfacet
 facet normal -6.2013338e-16 -0.99862953 0.052335957
  outer loop
   vertex -0.086303043 0.0038929976 0.031246205
   vertex -0.086983231 0.0038602745 0.030621811
   vertex -0.086304462 0.0038603267 0.030622806
  endloop
 endfacet
 facet normal -1.4681406e-15 -0.99862953 0.052335957
  outer loop
   vertex -0.086305859 0.0038276581 0.029999453
   vertex -0.086304462 0.0038603267 0.030622806
   vertex -0.086983231 0.0038602745 0.030621811
  endloop
 endfacet
 facet normal -1.4681406e-15 -0.99862953 0.052335957
  outer loop
   vertex -0.086305859 0.0038276581 0.029999453
   vertex -0.086983231 0.0038602745 0.030621811
   vertex -0.086985838 0.0038276048 0.029998435
  endloop
 endfacet
 facet normal 6.7160769e-16 0.99862953 -0.052335952
  outer loop
   vertex -0.086308443 -0.0053679247 0.045610509
   vertex -0.086991183 -0.0053677836 0.045613201
   vertex -0.086971093 -0.0053374298 0.046192387
  endloop
 endfacet
 facet normal 6.7160769e-16 0.99862953 -0.052335952
  outer loop
   vertex -0.086308443 -0.0053679247 0.045610509
   vertex -0.086971093 -0.0053374298 0.046192387
   vertex -0.086300576 -0.0053374525 0.046191953
  endloop
 endfacet
 facet normal -1.8284896e-15 0.99862953 -0.052335952
  outer loop
   vertex -0.086295769 -0.0053102574 0.046710867
   vertex -0.085639421 -0.0053101168 0.04671355
   vertex -0.085640881 -0.0053374576 0.046191855
  endloop
 endfacet
 facet normal -1.8284896e-15 0.99862953 -0.052335952
  outer loop
   vertex -0.086295769 -0.0053102574 0.046710867
   vertex -0.085640881 -0.0053374576 0.046191855
   vertex -0.086300576 -0.0053374525 0.046191953
  endloop
 endfacet
 facet normal -1.8281897e-15 0.99862953 -0.052335952
  outer loop
   vertex -0.085639421 -0.0053101168 0.04671355
   vertex -0.086295769 -0.0053102574 0.046710867
   vertex -0.086295597 -0.0052652723 0.047569234
  endloop
 endfacet
 facet normal -1.8281897e-15 0.99862953 -0.052335952
  outer loop
   vertex -0.085639421 -0.0053101168 0.04671355
   vertex -0.086295597 -0.0052652723 0.047569234
   vertex -0.085640831 -0.0052652301 0.047570039
  endloop
 endfacet
 facet normal 6.1550203e-16 0.99862953 -0.052335952
  outer loop
   vertex -0.086971093 -0.0053374298 0.046192387
   vertex -0.086962904 -0.0053106462 0.046703448
   vertex -0.086295769 -0.0053102574 0.046710867
  endloop
 endfacet
 facet normal 6.1550203e-16 0.99862953 -0.052335952
  outer loop
   vertex -0.086971093 -0.0053374298 0.046192387
   vertex -0.086295769 -0.0053102574 0.046710867
   vertex -0.086300576 -0.0053374525 0.046191953
  endloop
 endfacet
 facet normal 6.46245e-16 0.99862953 -0.052335952
  outer loop
   vertex -0.086295597 -0.0052652723 0.047569234
   vertex -0.086295769 -0.0053102574 0.046710867
   vertex -0.086962904 -0.0053106462 0.046703448
  endloop
 endfacet
 facet normal 6.46245e-16 0.99862953 -0.052335952
  outer loop
   vertex -0.086295597 -0.0052652723 0.047569234
   vertex -0.086962904 -0.0053106462 0.046703448
   vertex -0.086970261 -0.0052654494 0.047565855
  endloop
 endfacet
 facet normal -3.2153021e-05 0.98237421 -0.18692487
  outer loop
   vertex -0.08499783 -0.0051071215 0.048737528
   vertex -0.084998291 -0.0052217637 0.048135032
   vertex -0.085642639 -0.0052217041 0.048135456
  endloop
 endfacet
 facet normal -3.2153021e-05 0.98237421 -0.18692487
  outer loop
   vertex -0.08499783 -0.0051071215 0.048737528
   vertex -0.085642639 -0.0052217041 0.048135456
   vertex -0.085644254 -0.0051069717 0.048738129
  endloop
 endfacet
 facet normal 0.00011900764 0.99704227 -0.076854998
  outer loop
   vertex -0.086295597 -0.0052652723 0.047569234
   vertex -0.086299397 -0.0052215305 0.048136692
   vertex -0.085642639 -0.0052217041 0.048135456
  endloop
 endfacet
 facet normal 0.00011900764 0.99704227 -0.076854998
  outer loop
   vertex -0.086295597 -0.0052652723 0.047569234
   vertex -0.085642639 -0.0052217041 0.048135456
   vertex -0.085640831 -0.0052652301 0.047570039
  endloop
 endfacet
 facet normal 0.00016040916 0.98235734 -0.18701345
  outer loop
   vertex -0.086303925 -0.0051065167 0.048739954
   vertex -0.085644254 -0.0051069717 0.048738129
   vertex -0.085642639 -0.0052217041 0.048135456
  endloop
 endfacet
 facet normal 0.00016040916 0.98235734 -0.18701345
  outer loop
   vertex -0.086303925 -0.0051065167 0.048739954
   vertex -0.085642639 -0.0052217041 0.048135456
   vertex -0.086299397 -0.0052215305 0.048136692
  endloop
 endfacet
 facet normal -0.00015448312 0.91369134 -0.4064088
  outer loop
   vertex -0.086307273 -0.0047191706 0.04977176
   vertex -0.086306936 -0.0049294929 0.049298912
   vertex -0.086988659 -0.0049280734 0.049302362
  endloop
 endfacet
 facet normal -0.00015448312 0.91369134 -0.4064088
  outer loop
   vertex -0.086307273 -0.0047191706 0.04977176
   vertex -0.086988659 -0.0049280734 0.049302362
   vertex -0.086985726 -0.0047190326 0.04977194
  endloop
 endfacet
 facet normal 0.0020074708 0.95181442 -0.30666803
  outer loop
   vertex -0.0876603 -0.0051013605 0.04876013
   vertex -0.087665393 -0.0049225746 0.049314999
   vertex -0.086988659 -0.0049280734 0.049302362
  endloop
 endfacet
 facet normal 0.0020074708 0.95181442 -0.30666803
  outer loop
   vertex -0.0876603 -0.0051013605 0.04876013
   vertex -0.086988659 -0.0049280734 0.049302362
   vertex -0.08698398 -0.0051053854 0.04874446
  endloop
 endfacet
 facet normal -0.00042191009 0.95302444 -0.3028931
  outer loop
   vertex -0.086303925 -0.0051065167 0.048739954
   vertex -0.08698398 -0.0051053854 0.04874446
   vertex -0.086988659 -0.0049280734 0.049302362
  endloop
 endfacet
 facet normal -0.00042191009 0.95302444 -0.3028931
  outer loop
   vertex -0.086303925 -0.0051065167 0.048739954
   vertex -0.086988659 -0.0049280734 0.049302362
   vertex -0.086306936 -0.0049294929 0.049298912
  endloop
 endfacet
 facet normal 0.0014922637 0.98219028 -0.18788303
  outer loop
   vertex -0.0876603 -0.0051013605 0.04876013
   vertex -0.08698398 -0.0051053854 0.04874446
   vertex -0.086976623 -0.0052211791 0.048139188
  endloop
 endfacet
 facet normal 0.0014922637 0.98219028 -0.18788303
  outer loop
   vertex -0.0876603 -0.0051013605 0.04876013
   vertex -0.086976623 -0.0052211791 0.048139188
   vertex -0.087651924 -0.0052201627 0.048146319
  endloop
 endfacet
 facet normal 0.00012387498 0.99703223 -0.076985127
  outer loop
   vertex -0.086295597 -0.0052652723 0.047569234
   vertex -0.086970261 -0.0052654494 0.047565855
   vertex -0.086976623 -0.0052211791 0.048139188
  endloop
 endfacet
 facet normal 0.00012387498 0.99703223 -0.076985127
  outer loop
   vertex -0.086295597 -0.0052652723 0.047569234
   vertex -0.086976623 -0.0052211791 0.048139188
   vertex -0.086299397 -0.0052215305 0.048136692
  endloop
 endfacet
 facet normal -0.00018054927 0.98230633 -0.18728116
  outer loop
   vertex -0.086303925 -0.0051065167 0.048739954
   vertex -0.086299397 -0.0052215305 0.048136692
   vertex -0.086976623 -0.0052211791 0.048139188
  endloop
 endfacet
 facet normal -0.00018054927 0.98230633 -0.18728116
  outer loop
   vertex -0.086303925 -0.0051065167 0.048739954
   vertex -0.086976623 -0.0052211791 0.048139188
   vertex -0.08698398 -0.0051053854 0.04874446
  endloop
 endfacet
 facet normal -2.1323095e-16 0.99862953 -0.052335952
  outer loop
   vertex -0.083683378 -0.0054986657 0.043115822
   vertex -0.084341166 -0.0054987147 0.043114887
   vertex -0.084339701 -0.0054660195 0.043738748
  endloop
 endfacet
 facet normal -2.1323095e-16 0.99862953 -0.052335952
  outer loop
   vertex -0.083683378 -0.0054986657 0.043115822
   vertex -0.084339701 -0.0054660195 0.043738748
   vertex -0.083680905 -0.0054659735 0.043739626
  endloop
 endfacet
 facet normal 1.0352765e-16 0.99862953 -0.052335952
  outer loop
   vertex -0.083678518 -0.0054332433 0.044364155
   vertex -0.083045393 -0.0054331172 0.044366562
   vertex -0.083048167 -0.0054658214 0.043742528
  endloop
 endfacet
 facet normal 1.0352765e-16 0.99862953 -0.052335952
  outer loop
   vertex -0.083678518 -0.0054332433 0.044364155
   vertex -0.083048167 -0.0054658214 0.043742528
   vertex -0.083680905 -0.0054659735 0.043739626
  endloop
 endfacet
 facet normal -2.4695751e-15 0.99862953 -0.052335952
  outer loop
   vertex -0.083683378 -0.0054986657 0.043115822
   vertex -0.083680905 -0.0054659735 0.043739626
   vertex -0.083048167 -0.0054658214 0.043742528
  endloop
 endfacet
 facet normal -2.4695751e-15 0.99862953 -0.052335952
  outer loop
   vertex -0.083683378 -0.0054986657 0.043115822
   vertex -0.083048167 -0.0054658214 0.043742528
   vertex -0.083051227 -0.0054985042 0.043118903
  endloop
 endfacet
 facet normal 3.5578765e-16 0.99862953 -0.052335952
  outer loop
   vertex -0.084345452 -0.0055967192 0.041244848
   vertex -0.084344005 -0.0055640549 0.041868121
   vertex -0.083688389 -0.0055640063 0.041869049
  endloop
 endfacet
 facet normal 3.5578765e-16 0.99862953 -0.052335952
  outer loop
   vertex -0.084345452 -0.0055967192 0.041244848
   vertex -0.083688389 -0.0055640063 0.041869049
   vertex -0.083690949 -0.0055966707 0.041245775
  endloop
 endfacet
 facet normal 3.0899352e-15 0.99862953 -0.052335952
  outer loop
   vertex -0.083060753 -0.0055965103 0.041248835
   vertex -0.083063969 -0.0056291745 0.040625566
   vertex -0.083693644 -0.0056293328 0.040622545
  endloop
 endfacet
 facet normal 3.0899352e-15 0.99862953 -0.052335952
  outer loop
   vertex -0.083060753 -0.0055965103 0.041248835
   vertex -0.083693644 -0.0056293328 0.040622545
   vertex -0.083690949 -0.0055966707 0.041245775
  endloop
 endfacet
 facet normal -1.3507851e-15 0.99862953 -0.052335952
  outer loop
   vertex -0.083688389 -0.0055640063 0.041869049
   vertex -0.083057567 -0.0055638442 0.041872142
   vertex -0.083060753 -0.0055965103 0.041248835
  endloop
 endfacet
 facet normal -1.3507851e-15 0.99862953 -0.052335952
  outer loop
   vertex -0.083688389 -0.0055640063 0.041869049
   vertex -0.083060753 -0.0055965103 0.041248835
   vertex -0.083690949 -0.0055966707 0.041245775
  endloop
 endfacet
 facet normal 1 -4.1538848e-18 -4.4408716e-14
  outer loop
   vertex -0.088410981 -0.001250015 0.043125022
   vertex -0.088410981 -0.0012501678 0.043750025
   vertex -0.088410981 -0.0018754671 0.043750083
  endloop
 endfacet
 facet normal 1 -4.1538848e-18 -4.4408716e-14
  outer loop
   vertex -0.088410981 -0.001250015 0.043125022
   vertex -0.088410981 -0.0018754671 0.043750083
   vertex -0.088410981 -0.0018749719 0.043125068
  endloop
 endfacet
 facet normal 1 2.2191466e-14 2.2542671e-18
  outer loop
   vertex -0.088410981 -0.00062503553 0.043750003
   vertex -0.088410981 -0.00062509902 0.044375004
   vertex -0.088410981 -0.001250465 0.044375026
  endloop
 endfacet
 facet normal 1 2.2191466e-14 2.2542671e-18
  outer loop
   vertex -0.088410981 -0.00062503553 0.043750003
   vertex -0.088410981 -0.001250465 0.044375026
   vertex -0.088410981 -0.0012501678 0.043750025
  endloop
 endfacet
 facet normal 1 -0 0
  outer loop
   vertex -0.088410981 -0.0018754671 0.043750083
   vertex -0.088410981 -0.0012501678 0.043750025
   vertex -0.088410981 -0.001250465 0.044375026
  endloop
 endfacet
 facet normal 1 -0 0
  outer loop
   vertex -0.088410981 -0.0018754671 0.043750083
   vertex -0.088410981 -0.001250465 0.044375026
   vertex -0.088410981 -0.0018764604 0.044375099
  endloop
 endfacet
 facet normal 1 -2.2204182e-14 -1.0063995e-18
  outer loop
   vertex -0.088410981 -0.001250015 0.043125022
   vertex -0.088410981 -0.0006250072 0.043125002
   vertex -0.088410981 -0.00062503553 0.043750003
  endloop
 endfacet
 facet normal 1 -2.2204182e-14 -1.0063995e-18
  outer loop
   vertex -0.088410981 -0.001250015 0.043125022
   vertex -0.088410981 -0.00062503553 0.043750003
   vertex -0.088410981 -0.0012501678 0.043750025
  endloop
 endfacet
 facet normal -1 2.1829397e-14 -2.1941833e-14
  outer loop
   vertex -0.082410976 -0.0025092569 0.046250612
   vertex -0.082410976 -0.0025154448 0.046876936
   vertex -0.082410976 -0.0018807688 0.046875879
  endloop
 endfacet
 facet normal -1 2.1829397e-14 -2.1941833e-14
  outer loop
   vertex -0.082410976 -0.0025092569 0.046250612
   vertex -0.082410976 -0.0018807688 0.046875879
   vertex -0.082410976 -0.0018784274 0.046250273
  endloop
 endfacet
 facet normal -1 -1.9137582e-17 -2.2182185e-14
  outer loop
   vertex -0.082410976 -0.0012528639 0.047500965
   vertex -0.082410976 -0.0012518308 0.046875336
   vertex -0.082410976 -0.0018807688 0.046875879
  endloop
 endfacet
 facet normal -1 -1.9137582e-17 -2.2182185e-14
  outer loop
   vertex -0.082410976 -0.0012528639 0.047500965
   vertex -0.082410976 -0.0018807688 0.046875879
   vertex -0.082410976 -0.0018836762 0.047502368
  endloop
 endfacet
 facet normal -1 0 0
  outer loop
   vertex -0.082410976 -0.0012510623 0.046250099
   vertex -0.082410976 -0.0018784274 0.046250273
   vertex -0.082410976 -0.0018807688 0.046875879
  endloop
 endfacet
 facet normal -1 0 0
  outer loop
   vertex -0.082410976 -0.0012510623 0.046250099
   vertex -0.082410976 -0.0018807688 0.046875879
   vertex -0.082410976 -0.0012518308 0.046875336
  endloop
 endfacet
 facet normal -1 -2.2188899e-14 -2.2216841e-14
  outer loop
   vertex -0.082410976 -0.0012501192 0.045000002
   vertex -0.082410976 -0.0012504893 0.045625023
   vertex -0.082410976 -0.00062503182 0.045625004
  endloop
 endfacet
 facet normal -1 -2.2188899e-14 -2.2216841e-14
  outer loop
   vertex -0.082410976 -0.0012501192 0.045000002
   vertex -0.082410976 -0.00062503182 0.045625004
   vertex -0.082410976 -0.00062492649 0.044999996
  endloop
 endfacet
 facet normal -1 2.218795e-14 3.5641394e-18
  outer loop
   vertex -0.082410976 3.3284337e-07 0.046250017
   vertex -0.082410976 4.3324402e-07 0.045624989
   vertex -0.082410976 -0.00062503182 0.045625004
  endloop
 endfacet
 facet normal -1 2.218795e-14 3.5641394e-18
  outer loop
   vertex -0.082410976 3.3284337e-07 0.046250017
   vertex -0.082410976 -0.00062503182 0.045625004
   vertex -0.082410976 -0.00062519926 0.046250032
  endloop
 endfacet
 facet normal -1 2.3824708e-18 2.2203458e-14
  outer loop
   vertex -0.082410976 -0.0012510623 0.046250099
   vertex -0.082410976 -0.00062519926 0.046250032
   vertex -0.082410976 -0.00062503182 0.045625004
  endloop
 endfacet
 facet normal -1 2.3824708e-18 2.2203458e-14
  outer loop
   vertex -0.082410976 -0.0012510623 0.046250099
   vertex -0.082410976 -0.00062503182 0.045625004
   vertex -0.082410976 -0.0012504893 0.045625023
  endloop
 endfacet
 facet normal -1 0 0
  outer loop
   vertex -0.082410976 -0.0025092569 0.046250612
   vertex -0.082410976 -0.0018784274 0.046250273
   vertex -0.082410976 -0.0018765965 0.045625066
  endloop
 endfacet
 facet normal -1 0 0
  outer loop
   vertex -0.082410976 -0.0025092569 0.046250612
   vertex -0.082410976 -0.0018765965 0.045625066
   vertex -0.082410976 -0.0025041652 0.045625139
  endloop
 endfacet
 facet normal -1 2.2194588e-14 4.2583168e-17
  outer loop
   vertex -0.082410976 -0.0012501192 0.045000002
   vertex -0.082410976 -0.0018753972 0.045000004
   vertex -0.082410976 -0.0018765965 0.045625066
  endloop
 endfacet
 facet normal -1 2.2194588e-14 4.2583168e-17
  outer loop
   vertex -0.082410976 -0.0012501192 0.045000002
   vertex -0.082410976 -0.0018765965 0.045625066
   vertex -0.082410976 -0.0012504893 0.045625023
  endloop
 endfacet
 facet normal -1 0 -0
  outer loop
   vertex -0.082410976 -0.0012510623 0.046250099
   vertex -0.082410976 -0.0012504893 0.045625023
   vertex -0.082410976 -0.0018765965 0.045625066
  endloop
 endfacet
 facet normal -1 0 -0
  outer loop
   vertex -0.082410976 -0.0012510623 0.046250099
   vertex -0.082410976 -0.0018765965 0.045625066
   vertex -0.082410976 -0.0018784274 0.046250273
  endloop
 endfacet
 facet normal -1 2.214751e-14 2.2204297e-14
  outer loop
   vertex -0.082410976 -0.0012528639 0.047500965
   vertex -0.082410976 -0.00062570776 0.047500417
   vertex -0.082410976 -0.00062542112 0.046875127
  endloop
 endfacet
 facet normal -1 2.214751e-14 2.2204297e-14
  outer loop
   vertex -0.082410976 -0.0012528639 0.047500965
   vertex -0.082410976 -0.00062542112 0.046875127
   vertex -0.082410976 -0.0012518308 0.046875336
  endloop
 endfacet
 facet normal -1 -5.6052289e-19 -2.2201102e-14
  outer loop
   vertex -0.082410976 3.3284337e-07 0.046250017
   vertex -0.082410976 -0.00062519926 0.046250032
   vertex -0.082410976 -0.00062542112 0.046875127
  endloop
 endfacet
 facet normal -1 -5.6052289e-19 -2.2201102e-14
  outer loop
   vertex -0.082410976 3.3284337e-07 0.046250017
   vertex -0.082410976 -0.00062542112 0.046875127
   vertex -0.082410976 2.4827109e-07 0.046875094
  endloop
 endfacet
 facet normal -1 -2.2154502e-14 -2.723079e-17
  outer loop
   vertex -0.082410976 -0.0012510623 0.046250099
   vertex -0.082410976 -0.0012518308 0.046875336
   vertex -0.082410976 -0.00062542112 0.046875127
  endloop
 endfacet
 facet normal -1 -2.2154502e-14 -2.723079e-17
  outer loop
   vertex -0.082410976 -0.0012510623 0.046250099
   vertex -0.082410976 -0.00062542112 0.046875127
   vertex -0.082410976 -0.00062519926 0.046250032
  endloop
 endfacet
 facet normal -0.00032136683 0.99860564 -0.052788857
  outer loop
   vertex -0.083037145 -0.0053369729 0.046191335
   vertex -0.083041387 -0.005367728 0.045609569
   vertex -0.083674682 -0.0053679904 0.045608459
  endloop
 endfacet
 facet normal -0.00032136683 0.99860564 -0.052788857
  outer loop
   vertex -0.083037145 -0.0053369729 0.046191335
   vertex -0.083674682 -0.0053679904 0.045608459
   vertex -0.083673887 -0.0053375116 0.04619002
  endloop
 endfacet
 facet normal 5.5545818e-05 0.99863097 -0.05230859
  outer loop
   vertex -0.08433553 -0.0053375079 0.046190952
   vertex -0.084339217 -0.0053101953 0.046712378
   vertex -0.083677464 -0.0053104209 0.046708773
  endloop
 endfacet
 facet normal 5.5545818e-05 0.99863097 -0.05230859
  outer loop
   vertex -0.08433553 -0.0053375079 0.046190952
   vertex -0.083677464 -0.0053104209 0.046708773
   vertex -0.083673887 -0.0053375116 0.04619002
  endloop
 endfacet
 facet normal -0.00073707452 0.99863864 -0.052156679
  outer loop
   vertex -0.083037145 -0.0053369729 0.046191335
   vertex -0.083673887 -0.0053375116 0.04619002
   vertex -0.083677464 -0.0053104209 0.046708773
  endloop
 endfacet
 facet normal -0.00073707452 0.99863864 -0.052156679
  outer loop
   vertex -0.083037145 -0.0053369729 0.046191335
   vertex -0.083677464 -0.0053104209 0.046708773
   vertex -0.083027829 -0.0053107915 0.04669373
  endloop
 endfacet
 facet normal -3.2207197e-15 0.99862953 -0.052335952
  outer loop
   vertex -0.085648021 -0.0054660127 0.043738878
   vertex -0.085647875 -0.0054987124 0.043114931
   vertex -0.086315435 -0.005498657 0.043115987
  endloop
 endfacet
 facet normal -3.2207197e-15 0.99862953 -0.052335952
  outer loop
   vertex -0.085648021 -0.0054660127 0.043738878
   vertex -0.086315435 -0.005498657 0.043115987
   vertex -0.086316354 -0.0054659504 0.043740067
  endloop
 endfacet
 facet normal 5.7526552e-16 0.99862953 -0.052335952
  outer loop
   vertex -0.087005368 -0.0054658228 0.043742502
   vertex -0.087005461 -0.0054330706 0.044367452
   vertex -0.086316154 -0.0054332014 0.044364955
  endloop
 endfacet
 facet normal 5.7526552e-16 0.99862953 -0.052335952
  outer loop
   vertex -0.087005368 -0.0054658228 0.043742502
   vertex -0.086316154 -0.0054332014 0.044364955
   vertex -0.086316354 -0.0054659504 0.043740067
  endloop
 endfacet
 facet normal 1.5841638e-15 0.99862953 -0.052335952
  outer loop
   vertex -0.086315435 -0.005498657 0.043115987
   vertex -0.087003469 -0.0054985392 0.043118236
   vertex -0.087005368 -0.0054658228 0.043742502
  endloop
 endfacet
 facet normal 1.5841638e-15 0.99862953 -0.052335952
  outer loop
   vertex -0.086315435 -0.005498657 0.043115987
   vertex -0.087005368 -0.0054658228 0.043742502
   vertex -0.086316354 -0.0054659504 0.043740067
  endloop
 endfacet
 facet normal 8.893517e-16 0.99862953 -0.052335952
  outer loop
   vertex -0.086312466 -0.0055640286 0.041868623
   vertex -0.085646995 -0.0055640629 0.041867968
   vertex -0.085646496 -0.0055967315 0.041244615
  endloop
 endfacet
 facet normal 8.893517e-16 0.99862953 -0.052335952
  outer loop
   vertex -0.086312466 -0.0055640286 0.041868623
   vertex -0.085646496 -0.0055967315 0.041244615
   vertex -0.086310859 -0.0055967038 0.041245143
  endloop
 endfacet
 facet normal -2.8138004e-15 0.99862953 -0.052335952
  outer loop
   vertex -0.086309277 -0.0056293745 0.040621749
   vertex -0.086992094 -0.0056293168 0.040622849
   vertex -0.086994985 -0.0055966406 0.04124635
  endloop
 endfacet
 facet normal -2.8138004e-15 0.99862953 -0.052335952
  outer loop
   vertex -0.086309277 -0.0056293745 0.040621749
   vertex -0.086994985 -0.0055966406 0.04124635
   vertex -0.086310859 -0.0055967038 0.041245143
  endloop
 endfacet
 facet normal -9.4507749e-16 0.99862953 -0.052335952
  outer loop
   vertex -0.086312466 -0.0055640286 0.041868623
   vertex -0.086310859 -0.0055967038 0.041245143
   vertex -0.086994985 -0.0055966406 0.04124635
  endloop
 endfacet
 facet normal -9.4507749e-16 0.99862953 -0.052335952
  outer loop
   vertex -0.086312466 -0.0055640286 0.041868623
   vertex -0.086994985 -0.0055966406 0.04124635
   vertex -0.086997937 -0.0055639544 0.041870038
  endloop
 endfacet
 facet normal 1 0 0
  outer loop
   vertex -0.088410981 -0.0012519771 0.046875372
   vertex -0.088410981 -0.0018813968 0.046875862
   vertex -0.088410981 -0.0018805767 0.046250237
  endloop
 endfacet
 facet normal 1 0 0
  outer loop
   vertex -0.088410981 -0.0012519771 0.046875372
   vertex -0.088410981 -0.0018805767 0.046250237
   vertex -0.088410981 -0.001251668 0.046250076
  endloop
 endfacet
 facet normal 1 0 0
  outer loop
   vertex -0.088410981 -0.00062535353 0.046250026
   vertex -0.088410981 -0.001251668 0.046250076
   vertex -0.088410981 -0.0012513489 0.045625022
  endloop
 endfacet
 facet normal 1 0 0
  outer loop
   vertex -0.088410981 -0.00062535353 0.046250026
   vertex -0.088410981 -0.0012513489 0.045625022
   vertex -0.088410981 -0.00062529091 0.045625004
  endloop
 endfacet
 facet normal 1 -2.2095953e-14 -2.2237767e-14
  outer loop
   vertex -0.088410981 -0.0018805767 0.046250237
   vertex -0.088410981 -0.0018795112 0.045625115
   vertex -0.088410981 -0.0012513489 0.045625022
  endloop
 endfacet
 facet normal 1 -2.2095953e-14 -2.2237767e-14
  outer loop
   vertex -0.088410981 -0.0018805767 0.046250237
   vertex -0.088410981 -0.0012513489 0.045625022
   vertex -0.088410981 -0.001251668 0.046250076
  endloop
 endfacet
 facet normal 1 0 0
  outer loop
   vertex -0.088410981 -0.0012519771 0.046875372
   vertex -0.088410981 -0.001251668 0.046250076
   vertex -0.088410981 -0.00062535353 0.046250026
  endloop
 endfacet
 facet normal 1 0 0
  outer loop
   vertex -0.088410981 -0.0012519771 0.046875372
   vertex -0.088410981 -0.00062535353 0.046250026
   vertex -0.088410981 -0.0006254255 0.046875168
  endloop
 endfacet
 facet normal -6.2367071e-16 -0.99862953 0.052335957
  outer loop
   vertex -0.085644067 0.0045480513 0.043745374
   vertex -0.085644495 0.0045153658 0.043121697
   vertex -0.084998895 0.0045153677 0.043121732
  endloop
 endfacet
 facet normal -6.2367071e-16 -0.99862953 0.052335957
  outer loop
   vertex -0.085644067 0.0045480513 0.043745374
   vertex -0.084998895 0.0045153677 0.043121732
   vertex -0.084999458 0.0045480537 0.043745419
  endloop
 endfacet
 facet normal -3.1383916e-16 -0.99862953 0.052335957
  outer loop
   vertex -0.085644826 0.0044826949 0.042498298
   vertex -0.085644495 0.0045153658 0.043121697
   vertex -0.086303148 0.0045153456 0.043121311
  endloop
 endfacet
 facet normal -3.1383916e-16 -0.99862953 0.052335957
  outer loop
   vertex -0.085644826 0.0044826949 0.042498298
   vertex -0.086303148 0.0045153456 0.043121311
   vertex -0.086304581 0.0044826755 0.042497929
  endloop
 endfacet
 facet normal 4.2582123e-16 -0.99862953 0.052335957
  outer loop
   vertex -0.087646419 0.0045805069 0.044364663
   vertex -0.087649596 0.0045478029 0.043740634
   vertex -0.08697811 0.004547972 0.043743859
  endloop
 endfacet
 facet normal 4.2582123e-16 -0.99862953 0.052335957
  outer loop
   vertex -0.087646419 0.0045805069 0.044364663
   vertex -0.08697811 0.004547972 0.043743859
   vertex -0.086974931 0.0045806801 0.044367969
  endloop
 endfacet
 facet normal -1.8504826e-15 -0.99862953 0.052335957
  outer loop
   vertex -0.086970685 0.0046131038 0.044986648
   vertex -0.086974931 0.0045806801 0.044367969
   vertex -0.086299572 0.0045807387 0.044369086
  endloop
 endfacet
 facet normal -1.8504826e-15 -0.99862953 0.052335957
  outer loop
   vertex -0.086970685 0.0046131038 0.044986648
   vertex -0.086299572 0.0045807387 0.044369086
   vertex -0.086296553 0.0046131055 0.044986681
  endloop
 endfacet
 facet normal -2.9204215e-17 -0.99862953 0.052335957
  outer loop
   vertex -0.08765274 0.0045151266 0.043117133
   vertex -0.086980821 0.0045152925 0.043120298
   vertex -0.08697811 0.004547972 0.043743859
  endloop
 endfacet
 facet normal -2.9204215e-17 -0.99862953 0.052335957
  outer loop
   vertex -0.08765274 0.0045151266 0.043117133
   vertex -0.08697811 0.004547972 0.043743859
   vertex -0.087649596 0.0045478029 0.043740634
  endloop
 endfacet
 facet normal -1.4517597e-17 -0.99862953 0.052335957
  outer loop
   vertex -0.086983446 0.0044826237 0.042496941
   vertex -0.086304581 0.0044826755 0.042497929
   vertex -0.086303148 0.0045153456 0.043121311
  endloop
 endfacet
 facet normal -1.4517597e-17 -0.99862953 0.052335957
  outer loop
   vertex -0.086983446 0.0044826237 0.042496941
   vertex -0.086303148 0.0045153456 0.043121311
   vertex -0.086980821 0.0045152925 0.043120298
  endloop
 endfacet
 facet normal 1 1.5535929e-17 2.220528e-14
  outer loop
   vertex -0.088410981 0.0012525024 0.043124758
   vertex -0.088410981 0.0018830542 0.043124317
   vertex -0.088410981 0.0018849895 0.043749293
  endloop
 endfacet
 facet normal 1 1.5535929e-17 2.220528e-14
  outer loop
   vertex -0.088410981 0.0012525024 0.043124758
   vertex -0.088410981 0.0018849895 0.043749293
   vertex -0.088410981 0.0012532052 0.043749758
  endloop
 endfacet
 facet normal 1 2.2098695e-14 -2.2211135e-14
  outer loop
   vertex -0.088410981 0.0012538658 0.0443748
   vertex -0.088410981 0.00062602287 0.044374947
   vertex -0.088410981 0.00062581595 0.043749929
  endloop
 endfacet
 facet normal 1 2.2098695e-14 -2.2211135e-14
  outer loop
   vertex -0.088410981 0.0012538658 0.0443748
   vertex -0.088410981 0.00062581595 0.043749929
   vertex -0.088410981 0.0012532052 0.043749758
  endloop
 endfacet
 facet normal 1 -2.2142995e-14 -2.2196672e-14
  outer loop
   vertex -0.088410981 0.00062581595 0.043749929
   vertex -0.088410981 0.00062559949 0.043124926
   vertex -0.088410981 0.0012525024 0.043124758
  endloop
 endfacet
 facet normal 1 -2.2142995e-14 -2.2196672e-14
  outer loop
   vertex -0.088410981 0.00062581595 0.043749929
   vertex -0.088410981 0.0012525024 0.043124758
   vertex -0.088410981 0.0012532052 0.043749758
  endloop
 endfacet
 facet normal 1 -1.4961546e-17 -2.2201558e-14
  outer loop
   vertex -0.088410981 0.0018849895 0.043749293
   vertex -0.088410981 0.0018867832 0.044374373
   vertex -0.088410981 0.0012538658 0.0443748
  endloop
 endfacet
 facet normal 1 -1.4961546e-17 -2.2201558e-14
  outer loop
   vertex -0.088410981 0.0018849895 0.043749293
   vertex -0.088410981 0.0012538658 0.0443748
   vertex -0.088410981 0.0012532052 0.043749758
  endloop
 endfacet
 facet normal 4.37199e-16 -0.99862953 0.052335957
  outer loop
   vertex -0.085645502 0.0044173649 0.041251729
   vertex -0.084996864 0.0044173655 0.041251739
   vertex -0.084997521 0.0044500295 0.041875006
  endloop
 endfacet
 facet normal 4.37199e-16 -0.99862953 0.052335957
  outer loop
   vertex -0.085645502 0.0044173649 0.041251729
   vertex -0.084997521 0.0044500295 0.041875006
   vertex -0.085645149 0.0044500293 0.041875002
  endloop
 endfacet
 facet normal 6.9420223e-16 -0.99862953 0.052335957
  outer loop
   vertex -0.086306004 0.0044500097 0.041874628
   vertex -0.085645149 0.0044500293 0.041875002
   vertex -0.085644826 0.0044826949 0.042498298
  endloop
 endfacet
 facet normal 6.9420223e-16 -0.99862953 0.052335957
  outer loop
   vertex -0.086306004 0.0044500097 0.041874628
   vertex -0.085644826 0.0044826949 0.042498298
   vertex -0.086304581 0.0044826755 0.042497929
  endloop
 endfacet
 facet normal 2.1684534e-17 -0.99862953 0.052335957
  outer loop
   vertex -0.086988758 0.0044172908 0.041250314
   vertex -0.087662881 0.0044171232 0.041247116
   vertex -0.087666376 0.0043844533 0.040623738
  endloop
 endfacet
 facet normal 2.1684534e-17 -0.99862953 0.052335957
  outer loop
   vertex -0.086988758 0.0044172908 0.041250314
   vertex -0.087666376 0.0043844533 0.040623738
   vertex -0.086991445 0.0043846221 0.040626958
  endloop
 endfacet
 facet normal -1.5020154e-15 -0.99862953 0.052335957
  outer loop
   vertex -0.08630892 0.0043846776 0.040628018
   vertex -0.086991445 0.0043846221 0.040626958
   vertex -0.08699414 0.0043519491 0.04000352
  endloop
 endfacet
 facet normal -1.5020154e-15 -0.99862953 0.052335957
  outer loop
   vertex -0.08630892 0.0043846776 0.040628018
   vertex -0.08699414 0.0043519491 0.04000352
   vertex -0.086310406 0.0043520086 0.040004655
  endloop
 endfacet
 facet normal 1.572683e-17 -0.99862953 0.052335957
  outer loop
   vertex -0.087659422 0.0044497911 0.041870456
   vertex -0.087662881 0.0044171232 0.041247116
   vertex -0.086988758 0.0044172908 0.041250314
  endloop
 endfacet
 facet normal 1.572683e-17 -0.99862953 0.052335957
  outer loop
   vertex -0.087659422 0.0044497911 0.041870456
   vertex -0.086988758 0.0044172908 0.041250314
   vertex -0.086986089 0.0044499575 0.041873632
  endloop
 endfacet
 facet normal -1.1536201e-15 -0.99862953 0.052335957
  outer loop
   vertex -0.086983446 0.0044826237 0.042496941
   vertex -0.086986089 0.0044499575 0.041873632
   vertex -0.086306004 0.0044500097 0.041874628
  endloop
 endfacet
 facet normal -1.1536201e-15 -0.99862953 0.052335957
  outer loop
   vertex -0.086983446 0.0044826237 0.042496941
   vertex -0.086306004 0.0044500097 0.041874628
   vertex -0.086304581 0.0044826755 0.042497929
  endloop
 endfacet
 facet normal -0.00098052996 -0.99884487 0.048041191
  outer loop
   vertex -0.082425845 0.0046882777 0.046416374
   vertex -0.083039337 0.0046893129 0.046425375
   vertex -0.083072523 0.0046482387 0.045570707
  endloop
 endfacet
 facet normal -0.00098052996 -0.99884487 0.048041191
  outer loop
   vertex -0.082425845 0.0046882777 0.046416374
   vertex -0.083072523 0.0046482387 0.045570707
   vertex -0.082411244 0.0046353976 0.045594343
  endloop
 endfacet
 facet normal -0.00098052996 -0.99884487 0.048041191
  outer loop
   vertex -0.082425845 0.0046882777 0.046416374
   vertex -0.082411244 0.0046353976 0.045594343
   vertex -0.082412345 0.0046507493 0.046234423
  endloop
 endfacet
 facet normal 0.0019523518 -0.9986006 0.052849106
  outer loop
   vertex -0.083709039 0.0046435059 0.045556217
   vertex -0.083712765 0.0046133416 0.044986392
   vertex -0.083081996 0.0046145275 0.044985497
  endloop
 endfacet
 facet normal 0.0019523518 -0.9986006 0.052849106
  outer loop
   vertex -0.083709039 0.0046435059 0.045556217
   vertex -0.083081996 0.0046145275 0.044985497
   vertex -0.083072523 0.0046482387 0.045570707
  endloop
 endfacet
 facet normal 0.0062452981 -0.99863584 0.051840599
  outer loop
   vertex -0.083682388 0.0046882506 0.046414952
   vertex -0.083709039 0.0046435059 0.045556217
   vertex -0.083072523 0.0046482387 0.045570707
  endloop
 endfacet
 facet normal 0.0062452981 -0.99863584 0.051840599
  outer loop
   vertex -0.083682388 0.0046882506 0.046414952
   vertex -0.083072523 0.0046482387 0.045570707
   vertex -0.083039337 0.0046893129 0.046425375
  endloop
 endfacet
 facet normal -1 -8.6653708e-05 -2.9301e-07
  outer loop
   vertex -0.082411032 0.0025331339 0.046250248
   vertex -0.082410976 0.0018888706 0.046250128
   vertex -0.082410976 0.0018867543 0.046875983
  endloop
 endfacet
 facet normal -1 -8.6653708e-05 -2.9301e-07
  outer loop
   vertex -0.082411032 0.0025331339 0.046250248
   vertex -0.082410976 0.0018867543 0.046875983
   vertex -0.082411021 0.0025266063 0.046876847
  endloop
 endfacet
 facet normal -1 2.1933976e-14 -3.0233553e-17
  outer loop
   vertex -0.082410976 0.001254909 0.047501397
   vertex -0.082410976 0.0018876183 0.047502773
   vertex -0.082410976 0.0018867543 0.046875983
  endloop
 endfacet
 facet normal -1 2.1933976e-14 -3.0233553e-17
  outer loop
   vertex -0.082410976 0.001254909 0.047501397
   vertex -0.082410976 0.0018867543 0.046875983
   vertex -0.082410976 0.0012543618 0.046875454
  endloop
 endfacet
 facet normal -1 0 0
  outer loop
   vertex -0.082410976 0.0012549749 0.046250062
   vertex -0.082410976 0.0012543618 0.046875454
   vertex -0.082410976 0.0018867543 0.046875983
  endloop
 endfacet
 facet normal -1 0 0
  outer loop
   vertex -0.082410976 0.0012549749 0.046250062
   vertex -0.082410976 0.0018867543 0.046875983
   vertex -0.082410976 0.0018888706 0.046250128
  endloop
 endfacet
 facet normal -1 -2.2051228e-14 -5.080607e-18
  outer loop
   vertex -0.082410976 0.0012562568 0.044999702
   vertex -0.082410976 0.00062691369 0.044999909
   vertex -0.082410976 0.00062676968 0.045624952
  endloop
 endfacet
 facet normal -1 -2.2051228e-14 -5.080607e-18
  outer loop
   vertex -0.082410976 0.0012562568 0.044999702
   vertex -0.082410976 0.00062676968 0.045624952
   vertex -0.082410976 0.0012558128 0.045624841
  endloop
 endfacet
 facet normal -1 0 0
  outer loop
   vertex -0.082410976 3.3284337e-07 0.046250017
   vertex -0.082410976 0.00062651282 0.046250027
   vertex -0.082410976 0.00062676968 0.045624952
  endloop
 endfacet
 facet normal -1 0 0
  outer loop
   vertex -0.082410976 3.3284337e-07 0.046250017
   vertex -0.082410976 0.00062676968 0.045624952
   vertex -0.082410976 4.3324402e-07 0.045624989
  endloop
 endfacet
 facet normal -1 0 -0
  outer loop
   vertex -0.082410976 0.0012549749 0.046250062
   vertex -0.082410976 0.0012558128 0.045624841
   vertex -0.082410976 0.00062676968 0.045624952
  endloop
 endfacet
 facet normal -1 0 -0
  outer loop
   vertex -0.082410976 0.0012549749 0.046250062
   vertex -0.082410976 0.00062676968 0.045624952
   vertex -0.082410976 0.00062651282 0.046250027
  endloop
 endfacet
 facet normal -1 -6.8656913e-05 -1.8801735e-05
  outer loop
   vertex -0.082411032 0.0025331339 0.046250248
   vertex -0.082411021 0.0025396434 0.045623833
   vertex -0.082410976 0.0018913421 0.04562454
  endloop
 endfacet
 facet normal -1 -6.8656913e-05 -1.8801735e-05
  outer loop
   vertex -0.082411032 0.0025331339 0.046250248
   vertex -0.082410976 0.0018913421 0.04562454
   vertex -0.082410976 0.0018888706 0.046250128
  endloop
 endfacet
 facet normal -1 1.0497869e-17 2.2199532e-14
  outer loop
   vertex -0.082410976 0.0012562568 0.044999702
   vertex -0.082410976 0.0012558128 0.045624841
   vertex -0.082410976 0.0018913421 0.04562454
  endloop
 endfacet
 facet normal -1 1.0497869e-17 2.2199532e-14
  outer loop
   vertex -0.082410976 0.0012562568 0.044999702
   vertex -0.082410976 0.0018913421 0.04562454
   vertex -0.082410976 0.0018925406 0.044999155
  endloop
 endfacet
 facet normal -1 -2.1890552e-14 -2.2270076e-14
  outer loop
   vertex -0.082410976 0.0012549749 0.046250062
   vertex -0.082410976 0.0018888706 0.046250128
   vertex -0.082410976 0.0018913421 0.04562454
  endloop
 endfacet
 facet normal -1 -2.1890552e-14 -2.2270076e-14
  outer loop
   vertex -0.082410976 0.0012549749 0.046250062
   vertex -0.082410976 0.0018913421 0.04562454
   vertex -0.082410976 0.0012558128 0.045624841
  endloop
 endfacet
 facet normal -1 -2.2088575e-14 -2.2151714e-14
  outer loop
   vertex -0.082410976 0.001254909 0.047501397
   vertex -0.082410976 0.0012543618 0.046875454
   vertex -0.082410976 0.00062634916 0.046875188
  endloop
 endfacet
 facet normal -1 -2.2088575e-14 -2.2151714e-14
  outer loop
   vertex -0.082410976 0.001254909 0.047501397
   vertex -0.082410976 0.00062634916 0.046875188
   vertex -0.082410976 0.0006265955 0.047500641
  endloop
 endfacet
 facet normal -1 2.2165417e-14 2.9989556e-18
  outer loop
   vertex -0.082410976 3.3284337e-07 0.046250017
   vertex -0.082410976 2.4827109e-07 0.046875094
   vertex -0.082410976 0.00062634916 0.046875188
  endloop
 endfacet
 facet normal -1 2.2165417e-14 2.9989556e-18
  outer loop
   vertex -0.082410976 3.3284337e-07 0.046250017
   vertex -0.082410976 0.00062634916 0.046875188
   vertex -0.082410976 0.00062651282 0.046250027
  endloop
 endfacet
 facet normal -1 -1.2405897e-18 2.2198737e-14
  outer loop
   vertex -0.082410976 0.0012549749 0.046250062
   vertex -0.082410976 0.00062651282 0.046250027
   vertex -0.082410976 0.00062634916 0.046875188
  endloop
 endfacet
 facet normal -1 -1.2405897e-18 2.2198737e-14
  outer loop
   vertex -0.082410976 0.0012549749 0.046250062
   vertex -0.082410976 0.00062634916 0.046875188
   vertex -0.082410976 0.0012543618 0.046875454
  endloop
 endfacet
 facet normal 0.00030905764 -0.90967996 -0.41530986
  outer loop
   vertex -0.083691238 0.0043892582 0.0493408
   vertex -0.08305873 0.0043872075 0.049345762
   vertex -0.08304152 0.0041726249 0.049815789
  endloop
 endfacet
 facet normal 0.00030905764 -0.90967996 -0.41530986
  outer loop
   vertex -0.083691238 0.0043892582 0.0493408
   vertex -0.08304152 0.0041726249 0.049815789
   vertex -0.083686161 0.0041705312 0.049819762
  endloop
 endfacet
 facet normal -0.016967382 -0.95104015 -0.30860125
  outer loop
   vertex -0.083058452 0.0045674001 0.04881156
   vertex -0.082411332 0.004552045 0.048823302
   vertex -0.082412024 0.0043635528 0.049404231
  endloop
 endfacet
 facet normal -0.016967382 -0.95104015 -0.30860125
  outer loop
   vertex -0.083058452 0.0045674001 0.04881156
   vertex -0.082412024 0.0043635528 0.049404231
   vertex -0.08305873 0.0043872075 0.049345762
  endloop
 endfacet
 facet normal -8.2909334e-16 -0.99862953 0.052335957
  outer loop
   vertex -0.087639823 0.0046440102 0.045576378
   vertex -0.086964193 0.0046431093 0.045559187
   vertex -0.086936201 0.0046885438 0.046426129
  endloop
 endfacet
 facet normal -8.2909334e-16 -0.99862953 0.052335957
  outer loop
   vertex -0.087639823 0.0046440102 0.045576378
   vertex -0.086936201 0.0046885438 0.046426129
   vertex -0.087557 0.0046899794 0.046453523
  endloop
 endfacet
 facet normal 2.1290062e-15 -0.99862953 0.052335957
  outer loop
   vertex -0.086292217 0.0046428913 0.045555028
   vertex -0.086964193 0.0046431093 0.045559187
   vertex -0.086970685 0.0046131038 0.044986648
  endloop
 endfacet
 facet normal 2.1290062e-15 -0.99862953 0.052335957
  outer loop
   vertex -0.086292217 0.0046428913 0.045555028
   vertex -0.086970685 0.0046131038 0.044986648
   vertex -0.086296553 0.0046131055 0.044986681
  endloop
 endfacet
 facet normal 1 0 -0
  outer loop
   vertex -0.088410981 0.0018910905 0.046250078
   vertex -0.088410981 0.0018925781 0.046875363
   vertex -0.088410981 0.0012561988 0.046875342
  endloop
 endfacet
 facet normal 1 0 -0
  outer loop
   vertex -0.088410981 0.0018910905 0.046250078
   vertex -0.088410981 0.0012561988 0.046875342
   vertex -0.088410981 0.00125558 0.046250079
  endloop
 endfacet
 facet normal 1 -2.2076931e-14 7.1092737e-18
  outer loop
   vertex -0.088410981 0.00062660599 0.046250051
   vertex -0.088410981 0.00062640471 0.045625013
   vertex -0.088410981 0.0012550151 0.045624988
  endloop
 endfacet
 facet normal 1 -2.2076931e-14 7.1092737e-18
  outer loop
   vertex -0.088410981 0.00062660599 0.046250051
   vertex -0.088410981 0.0012550151 0.045624988
   vertex -0.088410981 0.00125558 0.046250079
  endloop
 endfacet
 facet normal 1 -2.2046698e-14 -2.2189902e-14
  outer loop
   vertex -0.088410981 0.0012561988 0.046875342
   vertex -0.088410981 0.00062684879 0.04687522
   vertex -0.088410981 0.00062660599 0.046250051
  endloop
 endfacet
 facet normal 1 -2.2046698e-14 -2.2189902e-14
  outer loop
   vertex -0.088410981 0.0012561988 0.046875342
   vertex -0.088410981 0.00062660599 0.046250051
   vertex -0.088410981 0.00125558 0.046250079
  endloop
 endfacet
 facet normal 1 2.185652e-14 -4.4441895e-14
  outer loop
   vertex -0.088410981 0.0012550151 0.045624988
   vertex -0.088410981 0.0018897181 0.045624866
   vertex -0.088410981 0.0018910905 0.046250078
  endloop
 endfacet
 facet normal 1 2.185652e-14 -4.4441895e-14
  outer loop
   vertex -0.088410981 0.0012550151 0.045624988
   vertex -0.088410981 0.0018910905 0.046250078
   vertex -0.088410981 0.00125558 0.046250079
  endloop
 endfacet
 facet normal 0.00034035138 -0.91071154 -0.41304283
  outer loop
   vertex -0.087001444 0.0041778359 0.049805963
   vertex -0.086992354 0.0043924806 0.049332704
   vertex -0.086307889 0.0043903934 0.04933787
  endloop
 endfacet
 facet normal 0.00034035138 -0.91071154 -0.41304283
  outer loop
   vertex -0.087001444 0.0041778359 0.049805963
   vertex -0.086307889 0.0043903934 0.04933787
   vertex -0.086312498 0.004172559 0.049815909
  endloop
 endfacet
 facet normal 0.00045753875 -0.94936618 -0.31417137
  outer loop
   vertex -0.087671849 0.004392196 0.049333409
   vertex -0.087655923 0.0045649663 0.048811353
   vertex -0.08697661 0.0045628412 0.048818764
  endloop
 endfacet
 facet normal 0.00045753875 -0.94936618 -0.31417137
  outer loop
   vertex -0.087671849 0.004392196 0.049333409
   vertex -0.08697661 0.0045628412 0.048818764
   vertex -0.086992354 0.0043924806 0.049332704
  endloop
 endfacet
 facet normal -4.7063335e-16 0.99862953 -0.052335952
  outer loop
   vertex -0.087638003 -0.0063170961 0.027499237
   vertex -0.087656639 -0.0062843778 0.028123541
   vertex -0.086981747 -0.0062846424 0.028118492
  endloop
 endfacet
 facet normal -4.7063335e-16 0.99862953 -0.052335952
  outer loop
   vertex -0.087638003 -0.0063170961 0.027499237
   vertex -0.086981747 -0.0062846424 0.028118492
   vertex -0.086965076 -0.0063174056 0.027493332
  endloop
 endfacet
 facet normal -9.7498132e-16 0.99862953 -0.052335952
  outer loop
   vertex -0.086293635 -0.0063174705 0.027492094
   vertex -0.086965076 -0.0063174056 0.027493332
   vertex -0.086981747 -0.0062846424 0.028118492
  endloop
 endfacet
 facet normal -9.7498132e-16 0.99862953 -0.052335952
  outer loop
   vertex -0.086293635 -0.0063174705 0.027492094
   vertex -0.086981747 -0.0062846424 0.028118492
   vertex -0.086303062 -0.0062847124 0.028117155
  endloop
 endfacet
 facet normal 5.5429777e-16 0.99862953 -0.052335952
  outer loop
   vertex -0.087665185 -0.0062515791 0.028749377
   vertex -0.086989764 -0.0062517928 0.0287453
   vertex -0.086981747 -0.0062846424 0.028118492
  endloop
 endfacet
 facet normal 5.5429777e-16 0.99862953 -0.052335952
  outer loop
   vertex -0.087665185 -0.0062515791 0.028749377
   vertex -0.086981747 -0.0062846424 0.028118492
   vertex -0.087656639 -0.0062843778 0.028123541
  endloop
 endfacet
 facet normal -3.4170848e-16 0.99862953 -0.052335952
  outer loop
   vertex -0.086307803 -0.0062518578 0.028744059
   vertex -0.086303062 -0.0062847124 0.028117155
   vertex -0.086981747 -0.0062846424 0.028118492
  endloop
 endfacet
 facet normal -3.4170848e-16 0.99862953 -0.052335952
  outer loop
   vertex -0.086307803 -0.0062518578 0.028744059
   vertex -0.086981747 -0.0062846424 0.028118492
   vertex -0.086989764 -0.0062517928 0.0287453
  endloop
 endfacet
 facet normal 2.1785973e-15 0.052336044 0.99862953
  outer loop
   vertex -0.082410976 -0.0050055739 0.026225964
   vertex -0.082410976 -0.0043870575 0.026193549
   vertex -0.083075493 -0.004396843 0.026194062
  endloop
 endfacet
 facet normal 2.1785973e-15 0.052336044 0.99862953
  outer loop
   vertex -0.082410976 -0.0050055739 0.026225964
   vertex -0.083075493 -0.004396843 0.026194062
   vertex -0.083080697 -0.0050364797 0.026227584
  endloop
 endfacet
 facet normal 1.8291574e-15 0.052336044 0.99862953
  outer loop
   vertex -0.082410976 -0.0037637694 0.026160884
   vertex -0.083074647 -0.0037615638 0.026160768
   vertex -0.083075493 -0.004396843 0.026194062
  endloop
 endfacet
 facet normal 1.8291574e-15 0.052336044 0.99862953
  outer loop
   vertex -0.082410976 -0.0037637694 0.026160884
   vertex -0.083075493 -0.004396843 0.026194062
   vertex -0.082410976 -0.0043870575 0.026193549
  endloop
 endfacet
 facet normal 8.937526e-15 0.052336044 0.99862953
  outer loop
   vertex -0.083708287 -0.0050555898 0.026228586
   vertex -0.083080697 -0.0050364797 0.026227584
   vertex -0.083075493 -0.004396843 0.026194062
  endloop
 endfacet
 facet normal 8.937526e-15 0.052336044 0.99862953
  outer loop
   vertex -0.083708287 -0.0050555898 0.026228586
   vertex -0.083075493 -0.004396843 0.026194062
   vertex -0.083703564 -0.0044048474 0.026194482
  endloop
 endfacet
 facet normal -1.7235756e-15 0.052336044 0.99862953
  outer loop
   vertex -0.08370395 -0.0037638713 0.026160889
   vertex -0.083703564 -0.0044048474 0.026194482
   vertex -0.083075493 -0.004396843 0.026194062
  endloop
 endfacet
 facet normal -1.7235756e-15 0.052336044 0.99862953
  outer loop
   vertex -0.08370395 -0.0037638713 0.026160889
   vertex -0.083075493 -0.004396843 0.026194062
   vertex -0.083074647 -0.0037615638 0.026160768
  endloop
 endfacet
 facet normal 1.3896668e-15 0.052336044 0.99862953
  outer loop
   vertex -0.08370395 -0.0037638713 0.026160889
   vertex -0.083706257 -0.0031325994 0.026127806
   vertex -0.084354094 -0.0031328109 0.026127817
  endloop
 endfacet
 facet normal 1.3896668e-15 0.052336044 0.99862953
  outer loop
   vertex -0.08370395 -0.0037638713 0.026160889
   vertex -0.084354094 -0.0031328109 0.026127817
   vertex -0.084352725 -0.0037654708 0.026160973
  endloop
 endfacet
 facet normal -2.002454e-15 0.052336044 0.99862953
  outer loop
   vertex -0.084999256 -0.0025056528 0.026094949
   vertex -0.084998613 -0.0031328911 0.026127821
   vertex -0.084354094 -0.0031328109 0.026127817
  endloop
 endfacet
 facet normal -2.002454e-15 0.052336044 0.99862953
  outer loop
   vertex -0.084999256 -0.0025056528 0.026094949
   vertex -0.084354094 -0.0031328109 0.026127817
   vertex -0.084355773 -0.0025057971 0.026094956
  endloop
 endfacet
 facet normal 6.2829529e-15 0.052336044 0.99862953
  outer loop
   vertex -0.083709132 -0.0025061968 0.026094977
   vertex -0.084355773 -0.0025057971 0.026094956
   vertex -0.084354094 -0.0031328109 0.026127817
  endloop
 endfacet
 facet normal 6.2829529e-15 0.052336044 0.99862953
  outer loop
   vertex -0.083709132 -0.0025061968 0.026094977
   vertex -0.084354094 -0.0031328109 0.026127817
   vertex -0.083706257 -0.0031325994 0.026127806
  endloop
 endfacet
 facet normal 5.2235864e-15 0.052336044 0.99862953
  outer loop
   vertex -0.08499799 -0.0037660469 0.026161003
   vertex -0.084352725 -0.0037654708 0.026160973
   vertex -0.084354094 -0.0031328109 0.026127817
  endloop
 endfacet
 facet normal 5.2235864e-15 0.052336044 0.99862953
  outer loop
   vertex -0.08499799 -0.0037660469 0.026161003
   vertex -0.084354094 -0.0031328109 0.026127817
   vertex -0.084998613 -0.0031328911 0.026127821
  endloop
 endfacet
 facet normal 0.00011337748 0.052352437 0.99862866
  outer loop
   vertex -0.0837141 -0.0012571164 0.026029429
   vertex -0.084358656 -0.0012562986 0.02602946
   vertex -0.084357405 -0.0018808904 0.026062203
  endloop
 endfacet
 facet normal 0.00011337748 0.052352437 0.99862866
  outer loop
   vertex -0.0837141 -0.0012571164 0.026029429
   vertex -0.084357405 -0.0018808904 0.026062203
   vertex -0.083711941 -0.0018815459 0.026062223
  endloop
 endfacet
 facet normal 1.0211599e-09 0.052340584 0.99862929
  outer loop
   vertex -0.084999256 -0.0025056528 0.026094949
   vertex -0.084355773 -0.0025057971 0.026094956
   vertex -0.084357405 -0.0018808904 0.026062203
  endloop
 endfacet
 facet normal 1.0211599e-09 0.052340584 0.99862929
  outer loop
   vertex -0.084999256 -0.0025056528 0.026094949
   vertex -0.084357405 -0.0018808904 0.026062203
   vertex -0.084999817 -0.0018806426 0.026062193
  endloop
 endfacet
 facet normal 2.3263967e-05 0.052364633 0.99862803
  outer loop
   vertex -0.083709132 -0.0025061968 0.026094977
   vertex -0.083711941 -0.0018815459 0.026062223
   vertex -0.084357405 -0.0018808904 0.026062203
  endloop
 endfacet
 facet normal 2.3263967e-05 0.052364633 0.99862803
  outer loop
   vertex -0.083709132 -0.0025061968 0.026094977
   vertex -0.084357405 -0.0018808904 0.026062203
   vertex -0.084355773 -0.0025057971 0.026094956
  endloop
 endfacet
 facet normal 4.4279486e-06 0.052336046 0.99862953
  outer loop
   vertex -0.085000121 -0.0012559845 0.026029456
   vertex -0.084999817 -0.0018806426 0.026062193
   vertex -0.084357405 -0.0018808904 0.026062203
  endloop
 endfacet
 facet normal 4.4279486e-06 0.052336046 0.99862953
  outer loop
   vertex -0.085000121 -0.0012559845 0.026029456
   vertex -0.084357405 -0.0018808904 0.026062203
   vertex -0.084358656 -0.0012562986 0.02602946
  endloop
 endfacet
 facet normal -0.019037876 0.058235688 0.99812132
  outer loop
   vertex -0.08241116 -3.1529974e-05 0.025972946
   vertex -0.083074555 -5.5458728e-05 0.025961688
   vertex -0.083083743 -0.00064012702 0.025995626
  endloop
 endfacet
 facet normal -0.019037876 0.058235688 0.99812132
  outer loop
   vertex -0.08241116 -3.1529974e-05 0.025972946
   vertex -0.083083743 -0.00064012702 0.025995626
   vertex -0.082411005 -0.00064839879 0.025999064
  endloop
 endfacet
 facet normal -0.004484944 0.050409974 0.99871854
  outer loop
   vertex -0.082410981 -0.0012706042 0.02603047
   vertex -0.082411005 -0.00064839879 0.025999064
   vertex -0.083083743 -0.00064012702 0.025995626
  endloop
 endfacet
 facet normal -0.004484944 0.050409974 0.99871854
  outer loop
   vertex -0.082410981 -0.0012706042 0.02603047
   vertex -0.083083743 -0.00064012702 0.025995626
   vertex -0.083085436 -0.0012597152 0.026029291
  endloop
 endfacet
 facet normal 0.00044478329 0.054253001 0.99852712
  outer loop
   vertex -0.0837141 -0.0012571164 0.026029429
   vertex -0.083085436 -0.0012597152 0.026029291
   vertex -0.083083743 -0.00064012702 0.025995626
  endloop
 endfacet
 facet normal 0.00044478329 0.054253001 0.99852712
  outer loop
   vertex -0.0837141 -0.0012571164 0.026029429
   vertex -0.083083743 -0.00064012702 0.025995626
   vertex -0.083714388 -0.00063904673 0.02599685
  endloop
 endfacet
 facet normal 0.0020290368 0.052963833 0.99859437
  outer loop
   vertex -0.083710893 -6.9286459e-05 0.025966624
   vertex -0.083714388 -0.00063904673 0.02599685
   vertex -0.083083743 -0.00064012702 0.025995626
  endloop
 endfacet
 facet normal 0.0020290368 0.052963833 0.99859437
  outer loop
   vertex -0.083710893 -6.9286459e-05 0.025966624
   vertex -0.083083743 -0.00064012702 0.025995626
   vertex -0.083074555 -5.5458728e-05 0.025961688
  endloop
 endfacet
 facet normal -1.0779621e-15 0.99862953 -0.052335952
  outer loop
   vertex -0.082410976 -0.0063161362 0.027517555
   vertex -0.08308194 -0.0063167811 0.027505248
   vertex -0.083070347 -0.0062843026 0.028124976
  endloop
 endfacet
 facet normal -1.0779621e-15 0.99862953 -0.052335952
  outer loop
   vertex -0.082410976 -0.0063161362 0.027517555
   vertex -0.083070347 -0.0062843026 0.028124976
   vertex -0.082410976 -0.0062837318 0.028135867
  endloop
 endfacet
 facet normal 2.0658607e-15 0.99862953 -0.052335952
  outer loop
   vertex -0.083708759 -0.0063172116 0.027497034
   vertex -0.083699467 -0.0062845646 0.028119977
   vertex -0.083070347 -0.0062843026 0.028124976
  endloop
 endfacet
 facet normal 2.0658607e-15 0.99862953 -0.052335952
  outer loop
   vertex -0.083708759 -0.0063172116 0.027497034
   vertex -0.083070347 -0.0062843026 0.028124976
   vertex -0.08308194 -0.0063167811 0.027505248
  endloop
 endfacet
 facet normal -1.125575e-16 0.99862953 -0.052335952
  outer loop
   vertex -0.082410976 -0.0062510667 0.028759155
   vertex -0.082410976 -0.0062837318 0.028135867
   vertex -0.083070347 -0.0062843026 0.028124976
  endloop
 endfacet
 facet normal -1.125575e-16 0.99862953 -0.052335952
  outer loop
   vertex -0.082410976 -0.0062510667 0.028759155
   vertex -0.083070347 -0.0062843026 0.028124976
   vertex -0.083064768 -0.0062515761 0.028749434
  endloop
 endfacet
 facet normal -1.9182461e-15 0.99862953 -0.052335952
  outer loop
   vertex -0.083694386 -0.0062517759 0.028745622
   vertex -0.083064768 -0.0062515761 0.028749434
   vertex -0.083070347 -0.0062843026 0.028124976
  endloop
 endfacet
 facet normal -1.9182461e-15 0.99862953 -0.052335952
  outer loop
   vertex -0.083694386 -0.0062517759 0.028745622
   vertex -0.083070347 -0.0062843026 0.028124976
   vertex -0.083699467 -0.0062845646 0.028119977
  endloop
 endfacet
 facet normal 1.2413636e-15 0.052336044 0.99862953
  outer loop
   vertex -0.087638235 -0.0050356893 0.026227543
   vertex -0.086965972 -0.0050551016 0.02622856
   vertex -0.08697892 -0.0044044004 0.026194458
  endloop
 endfacet
 facet normal 1.2413636e-15 0.052336044 0.99862953
  outer loop
   vertex -0.087638235 -0.0050356893 0.026227543
   vertex -0.08697892 -0.0044044004 0.026194458
   vertex -0.087652502 -0.0043960271 0.026194019
  endloop
 endfacet
 facet normal -1.0128988e-15 0.052336044 0.99862953
  outer loop
   vertex -0.086294196 -0.0050639666 0.026229025
   vertex -0.086301576 -0.0044089368 0.026194696
   vertex -0.08697892 -0.0044044004 0.026194458
  endloop
 endfacet
 facet normal -1.0128988e-15 0.052336044 0.99862953
  outer loop
   vertex -0.086294196 -0.0050639666 0.026229025
   vertex -0.08697892 -0.0044044004 0.026194458
   vertex -0.086965972 -0.0050551016 0.02622856
  endloop
 endfacet
 facet normal -1.6024475e-15 0.052336044 0.99862953
  outer loop
   vertex -0.087655161 -0.0037623277 0.026160808
   vertex -0.087652502 -0.0043960271 0.026194019
   vertex -0.08697892 -0.0044044004 0.026194458
  endloop
 endfacet
 facet normal -1.6024475e-15 0.052336044 0.99862953
  outer loop
   vertex -0.087655161 -0.0037623277 0.026160808
   vertex -0.08697892 -0.0044044004 0.026194458
   vertex -0.086982166 -0.0037640239 0.026160897
  endloop
 endfacet
 facet normal 2.4650406e-15 0.052336044 0.99862953
  outer loop
   vertex -0.086303676 -0.0037654833 0.026160974
   vertex -0.086982166 -0.0037640239 0.026160897
   vertex -0.08697892 -0.0044044004 0.026194458
  endloop
 endfacet
 facet normal 2.4650406e-15 0.052336044 0.99862953
  outer loop
   vertex -0.086303676 -0.0037654833 0.026160974
   vertex -0.08697892 -0.0044044004 0.026194458
   vertex -0.086301576 -0.0044089368 0.026194696
  endloop
 endfacet
 facet normal -5.8029736e-15 0.052336044 0.99862953
  outer loop
   vertex -0.086303676 -0.0037654833 0.026160974
   vertex -0.085644343 -0.0037660395 0.026161003
   vertex -0.085644513 -0.0031329095 0.026127822
  endloop
 endfacet
 facet normal -5.8029736e-15 0.052336044 0.99862953
  outer loop
   vertex -0.086303676 -0.0037654833 0.026160974
   vertex -0.085644513 -0.0031329095 0.026127822
   vertex -0.086303472 -0.0031329347 0.026127823
  endloop
 endfacet
 facet normal 4.3787867e-15 0.052336044 0.99862953
  outer loop
   vertex -0.084999256 -0.0025056528 0.026094949
   vertex -0.085644334 -0.0025056799 0.02609495
   vertex -0.085644513 -0.0031329095 0.026127822
  endloop
 endfacet
 facet normal 4.3787867e-15 0.052336044 0.99862953
  outer loop
   vertex -0.084999256 -0.0025056528 0.026094949
   vertex -0.085644513 -0.0031329095 0.026127822
   vertex -0.084998613 -0.0031328911 0.026127821
  endloop
 endfacet
 facet normal -5.7688199e-15 0.052336044 0.99862953
  outer loop
   vertex -0.08499799 -0.0037660469 0.026161003
   vertex -0.084998613 -0.0031328911 0.026127821
   vertex -0.085644513 -0.0031329095 0.026127822
  endloop
 endfacet
 facet normal -5.7688199e-15 0.052336044 0.99862953
  outer loop
   vertex -0.08499799 -0.0037660469 0.026161003
   vertex -0.085644513 -0.0031329095 0.026127822
   vertex -0.085644343 -0.0037660395 0.026161003
  endloop
 endfacet
 facet normal 2.3512681e-15 0.052336044 0.99862953
  outer loop
   vertex -0.086302409 -0.0025059574 0.026094965
   vertex -0.086303472 -0.0031329347 0.026127823
   vertex -0.085644513 -0.0031329095 0.026127822
  endloop
 endfacet
 facet normal 2.3512681e-15 0.052336044 0.99862953
  outer loop
   vertex -0.086302409 -0.0025059574 0.026094965
   vertex -0.085644513 -0.0031329095 0.026127822
   vertex -0.085644334 -0.0025056799 0.02609495
  endloop
 endfacet
 facet normal 8.437856e-15 0.052336044 0.99862953
  outer loop
   vertex -0.086299171 -0.0012564514 0.026029481
   vertex -0.086300985 -0.001881074 0.026062216
   vertex -0.085643968 -0.0018806757 0.026062195
  endloop
 endfacet
 facet normal 8.437856e-15 0.052336044 0.99862953
  outer loop
   vertex -0.086299171 -0.0012564514 0.026029481
   vertex -0.085643968 -0.0018806757 0.026062195
   vertex -0.085643333 -0.0012560114 0.026029458
  endloop
 endfacet
 facet normal -4.3825967e-15 0.052336044 0.99862953
  outer loop
   vertex -0.084999256 -0.0025056528 0.026094949
   vertex -0.084999817 -0.0018806426 0.026062193
   vertex -0.085643968 -0.0018806757 0.026062195
  endloop
 endfacet
 facet normal -4.3825967e-15 0.052336044 0.99862953
  outer loop
   vertex -0.084999256 -0.0025056528 0.026094949
   vertex -0.085643968 -0.0018806757 0.026062195
   vertex -0.085644334 -0.0025056799 0.02609495
  endloop
 endfacet
 facet normal 3.5980378e-15 0.052336044 0.99862953
  outer loop
   vertex -0.085000121 -0.0012559845 0.026029456
   vertex -0.085643333 -0.0012560114 0.026029458
   vertex -0.085643968 -0.0018806757 0.026062195
  endloop
 endfacet
 facet normal 3.5980378e-15 0.052336044 0.99862953
  outer loop
   vertex -0.085000121 -0.0012559845 0.026029456
   vertex -0.085643968 -0.0018806757 0.026062195
   vertex -0.084999817 -0.0018806426 0.026062193
  endloop
 endfacet
 facet normal 7.4929781e-15 0.052336044 0.99862953
  outer loop
   vertex -0.086302409 -0.0025059574 0.026094965
   vertex -0.085644334 -0.0025056799 0.02609495
   vertex -0.085643968 -0.0018806757 0.026062195
  endloop
 endfacet
 facet normal 7.4929781e-15 0.052336044 0.99862953
  outer loop
   vertex -0.086302409 -0.0025059574 0.026094965
   vertex -0.085643968 -0.0018806757 0.026062195
   vertex -0.086300985 -0.001881074 0.026062216
  endloop
 endfacet
 facet normal -4.6628133e-16 0.052336044 0.99862953
  outer loop
   vertex -0.087642421 -4.941011e-05 0.025966222
   vertex -0.087642709 -0.0006399468 0.025997171
   vertex -0.086970726 -0.000638727 0.025997107
  endloop
 endfacet
 facet normal -4.6628133e-16 0.052336044 0.99862953
  outer loop
   vertex -0.087642421 -4.941011e-05 0.025966222
   vertex -0.086970726 -0.000638727 0.025997107
   vertex -0.086966954 -6.619576e-05 0.025967102
  endloop
 endfacet
 facet normal 1.3959067e-15 0.052336044 0.99862953
  outer loop
   vertex -0.087645185 -0.0012610047 0.026029719
   vertex -0.086974066 -0.0012576129 0.026029542
   vertex -0.086970726 -0.000638727 0.025997107
  endloop
 endfacet
 facet normal 1.3959067e-15 0.052336044 0.99862953
  outer loop
   vertex -0.087645185 -0.0012610047 0.026029719
   vertex -0.086970726 -0.000638727 0.025997107
   vertex -0.087642709 -0.0006399468 0.025997171
  endloop
 endfacet
 facet normal 2.4516715e-15 0.052336044 0.99862953
  outer loop
   vertex -0.086299171 -0.0012564514 0.026029481
   vertex -0.08629674 -0.00063856223 0.025997099
   vertex -0.086970726 -0.000638727 0.025997107
  endloop
 endfacet
 facet normal 2.4516715e-15 0.052336044 0.99862953
  outer loop
   vertex -0.086299171 -0.0012564514 0.026029481
   vertex -0.086970726 -0.000638727 0.025997107
   vertex -0.086974066 -0.0012576129 0.026029542
  endloop
 endfacet
 facet normal -3.1598111e-15 0.052336044 0.99862953
  outer loop
   vertex -0.086294052 -7.0063573e-05 0.025967305
   vertex -0.086966954 -6.619576e-05 0.025967102
   vertex -0.086970726 -0.000638727 0.025997107
  endloop
 endfacet
 facet normal -3.1598111e-15 0.052336044 0.99862953
  outer loop
   vertex -0.086294052 -7.0063573e-05 0.025967305
   vertex -0.086970726 -0.000638727 0.025997107
   vertex -0.08629674 -0.00063856223 0.025997099
  endloop
 endfacet
 facet normal 1.5856469e-15 -0.99862953 0.052335957
  outer loop
   vertex -0.084995685 0.0036967857 0.027502259
   vertex -0.084346988 0.0036967945 0.027502426
   vertex -0.084346586 0.0037295742 0.028127899
  endloop
 endfacet
 facet normal 1.5856469e-15 -0.99862953 0.052335957
  outer loop
   vertex -0.084995685 0.0036967857 0.027502259
   vertex -0.084346586 0.0037295742 0.028127899
   vertex -0.084995897 0.0037295822 0.028128053
  endloop
 endfacet
 facet normal 1.6988351e-16 -0.99862953 0.052335957
  outer loop
   vertex -0.083693958 0.0036967842 0.027502229
   vertex -0.083693073 0.0037295389 0.028127227
   vertex -0.084346586 0.0037295742 0.028127899
  endloop
 endfacet
 facet normal 1.6988351e-16 -0.99862953 0.052335957
  outer loop
   vertex -0.083693958 0.0036967842 0.027502229
   vertex -0.084346586 0.0037295742 0.028127899
   vertex -0.084346988 0.0036967945 0.027502426
  endloop
 endfacet
 facet normal -2.3400279e-16 -0.99862953 0.052335957
  outer loop
   vertex -0.083694651 0.0037622537 0.028751462
   vertex -0.08434754 0.0037623002 0.02875235
   vertex -0.084346586 0.0037295742 0.028127899
  endloop
 endfacet
 facet normal -2.3400279e-16 -0.99862953 0.052335957
  outer loop
   vertex -0.083694651 0.0037622537 0.028751462
   vertex -0.084346586 0.0037295742 0.028127899
   vertex -0.083693073 0.0037295389 0.028127227
  endloop
 endfacet
 facet normal 0 -0.99862953 0.052335957
  outer loop
   vertex -0.084996336 0.0037623161 0.028752652
   vertex -0.084995897 0.0037295822 0.028128053
   vertex -0.084346586 0.0037295742 0.028127899
  endloop
 endfacet
 facet normal 0 -0.99862953 0.052335957
  outer loop
   vertex -0.084996336 0.0037623161 0.028752652
   vertex -0.084346586 0.0037295742 0.028127899
   vertex -0.08434754 0.0037623002 0.02875235
  endloop
 endfacet
 facet normal -1.1014365e-15 -0.99862953 0.052335957
  outer loop
   vertex -0.082410976 0.0038269985 0.029986866
   vertex -0.08307277 0.0038274268 0.029995039
   vertex -0.083068199 0.0037947813 0.029372125
  endloop
 endfacet
 facet normal -1.1014365e-15 -0.99862953 0.052335957
  outer loop
   vertex -0.082410976 0.0038269985 0.029986866
   vertex -0.083068199 0.0037947813 0.029372125
   vertex -0.082410976 0.0037943333 0.029363578
  endloop
 endfacet
 facet normal -1.0485927e-16 -0.99862953 0.052335957
  outer loop
   vertex -0.082410976 0.0037616682 0.028740289
   vertex -0.082410976 0.0037943333 0.029363578
   vertex -0.083068199 0.0037947813 0.029372125
  endloop
 endfacet
 facet normal -1.0485927e-16 -0.99862953 0.052335957
  outer loop
   vertex -0.082410976 0.0037616682 0.028740289
   vertex -0.083068199 0.0037947813 0.029372125
   vertex -0.083065173 0.0037621065 0.028748654
  endloop
 endfacet
 facet normal -8.2989674e-16 -0.99862953 0.052335957
  outer loop
   vertex -0.083694651 0.0037622537 0.028751462
   vertex -0.083065173 0.0037621065 0.028748654
   vertex -0.083068199 0.0037947813 0.029372125
  endloop
 endfacet
 facet normal -8.2989674e-16 -0.99862953 0.052335957
  outer loop
   vertex -0.083694651 0.0037622537 0.028751462
   vertex -0.083068199 0.0037947813 0.029372125
   vertex -0.083697373 0.0037949354 0.029375066
  endloop
 endfacet
 facet normal -1.2131832e-15 -0.99862953 0.052335957
  outer loop
   vertex -0.08370091 0.0038276045 0.029998429
   vertex -0.083697373 0.0037949354 0.029375066
   vertex -0.083068199 0.0037947813 0.029372125
  endloop
 endfacet
 facet normal -1.2131832e-15 -0.99862953 0.052335957
  outer loop
   vertex -0.08370091 0.0038276045 0.029998429
   vertex -0.083068199 0.0037947813 0.029372125
   vertex -0.08307277 0.0038274268 0.029995039
  endloop
 endfacet
 facet normal -2.5671257e-05 0.052385051 0.99862696
  outer loop
   vertex -0.083682639 0.00189571 0.025864332
   vertex -0.083692568 0.0025095333 0.025832133
   vertex -0.084345398 0.0025109475 0.025832042
  endloop
 endfacet
 facet normal -2.5671257e-05 0.052385051 0.99862696
  outer loop
   vertex -0.083682639 0.00189571 0.025864332
   vertex -0.084345398 0.0025109475 0.025832042
   vertex -0.084339696 0.0018963323 0.025864254
  endloop
 endfacet
 facet normal 1.9471465e-05 0.052336066 0.99862953
  outer loop
   vertex -0.08499154 0.0018963505 0.025864249
   vertex -0.084990877 0.0013107686 0.025894938
   vertex -0.084338642 0.0013111872 0.025894904
  endloop
 endfacet
 facet normal 1.9471465e-05 0.052336066 0.99862953
  outer loop
   vertex -0.08499154 0.0018963505 0.025864249
   vertex -0.084338642 0.0013111872 0.025894904
   vertex -0.084339696 0.0018963323 0.025864254
  endloop
 endfacet
 facet normal 0.0013113528 0.052157932 0.99863799
  outer loop
   vertex -0.082421851 0.00079060571 0.025922056
   vertex -0.082416139 0.0012879086 0.025896075
   vertex -0.083045413 0.001310089 0.025895743
  endloop
 endfacet
 facet normal 0.0013113528 0.052157932 0.99863799
  outer loop
   vertex -0.082421851 0.00079060571 0.025922056
   vertex -0.083045413 0.001310089 0.025895743
   vertex -0.083040933 0.00079872041 0.025920782
  endloop
 endfacet
 facet normal 0.00088134321 0.22041199 0.97540647
  outer loop
   vertex -0.08241269 0.00060884018 0.025963122
   vertex -0.082421851 0.00079060571 0.025922056
   vertex -0.083040933 0.00079872041 0.025920782
  endloop
 endfacet
 facet normal 0.00088134321 0.22041199 0.97540647
  outer loop
   vertex -0.08241269 0.00060884018 0.025963122
   vertex -0.083040933 0.00079872041 0.025920782
   vertex -0.083074555 -5.5458728e-05 0.025961688
  endloop
 endfacet
 facet normal 0.00088134321 0.22041199 0.97540647
  outer loop
   vertex -0.08241269 0.00060884018 0.025963122
   vertex -0.083074555 -5.5458728e-05 0.025961688
   vertex -0.08241116 -3.1529974e-05 0.025972946
  endloop
 endfacet
 facet normal 0.0067130375 0.04756994 0.99884535
  outer loop
   vertex -0.083710893 -6.9286459e-05 0.025966624
   vertex -0.083074555 -5.5458728e-05 0.025961688
   vertex -0.083040933 0.00079872041 0.025920782
  endloop
 endfacet
 facet normal 0.0067130375 0.04756994 0.99884535
  outer loop
   vertex -0.083710893 -6.9286459e-05 0.025966624
   vertex -0.083040933 0.00079872041 0.025920782
   vertex -0.083684681 0.00078747193 0.025922054
  endloop
 endfacet
 facet normal -0.00016003315 0.052382883 0.99862706
  outer loop
   vertex -0.083061455 0.0025057071 0.025832435
   vertex -0.083692568 0.0025095333 0.025832133
   vertex -0.083682639 0.00189571 0.025864332
  endloop
 endfacet
 facet normal -0.00016003315 0.052382883 0.99862706
  outer loop
   vertex -0.083061455 0.0025057071 0.025832435
   vertex -0.083682639 0.00189571 0.025864332
   vertex -0.083050312 0.0018924632 0.025864913
  endloop
 endfacet
 facet normal 0.00074034654 0.052870956 0.99860108
  outer loop
   vertex -0.082411912 0.001881897 0.025864999
   vertex -0.083050312 0.0018924632 0.025864913
   vertex -0.083045413 0.001310089 0.025895743
  endloop
 endfacet
 facet normal 0.00074034654 0.052870956 0.99860108
  outer loop
   vertex -0.082411912 0.001881897 0.025864999
   vertex -0.083045413 0.001310089 0.025895743
   vertex -0.082416139 0.0012879086 0.025896075
  endloop
 endfacet
 facet normal -1.3817985e-16 -0.99862953 0.052335957
  outer loop
   vertex -0.084995685 0.0036967857 0.027502259
   vertex -0.084995897 0.0037295822 0.028128053
   vertex -0.085645484 0.0037295628 0.028127683
  endloop
 endfacet
 facet normal -1.3817985e-16 -0.99862953 0.052335957
  outer loop
   vertex -0.084995685 0.0036967857 0.027502259
   vertex -0.085645484 0.0037295628 0.028127683
   vertex -0.085644353 0.003696745 0.027501482
  endloop
 endfacet
 facet normal -5.3887178e-16 -0.99862953 0.052335957
  outer loop
   vertex -0.086305818 0.0036966566 0.027499796
   vertex -0.085644353 0.003696745 0.027501482
   vertex -0.085645484 0.0037295628 0.028127683
  endloop
 endfacet
 facet normal -5.3887178e-16 -0.99862953 0.052335957
  outer loop
   vertex -0.086305818 0.0036966566 0.027499796
   vertex -0.085645484 0.0037295628 0.028127683
   vertex -0.086308322 0.0037295115 0.028126703
  endloop
 endfacet
 facet normal -7.1762077e-16 -0.99862953 0.052335957
  outer loop
   vertex -0.086308238 0.0037622757 0.028751883
   vertex -0.086308322 0.0037295115 0.028126703
   vertex -0.085645484 0.0037295628 0.028127683
  endloop
 endfacet
 facet normal -7.1762077e-16 -0.99862953 0.052335957
  outer loop
   vertex -0.086308238 0.0037622757 0.028751883
   vertex -0.085645484 0.0037295628 0.028127683
   vertex -0.085645628 0.0037623083 0.028752505
  endloop
 endfacet
 facet normal 9.5127987e-16 -0.99862953 0.052335957
  outer loop
   vertex -0.084996336 0.0037623161 0.028752652
   vertex -0.085645628 0.0037623083 0.028752505
   vertex -0.085645484 0.0037295628 0.028127683
  endloop
 endfacet
 facet normal 9.5127987e-16 -0.99862953 0.052335957
  outer loop
   vertex -0.084996336 0.0037623161 0.028752652
   vertex -0.085645484 0.0037295628 0.028127683
   vertex -0.084995897 0.0037295822 0.028128053
  endloop
 endfacet
 facet normal -1.0219966e-15 -0.99862953 0.052335957
  outer loop
   vertex -0.087659119 0.0038274387 0.029995266
   vertex -0.087662404 0.0037947604 0.029371728
   vertex -0.086988332 0.0037949243 0.029374854
  endloop
 endfacet
 facet normal -1.0219966e-15 -0.99862953 0.052335957
  outer loop
   vertex -0.087659119 0.0038274387 0.029995266
   vertex -0.086988332 0.0037949243 0.029374854
   vertex -0.086985838 0.0038276048 0.029998435
  endloop
 endfacet
 facet normal -7.8845493e-16 -0.99862953 0.052335957
  outer loop
   vertex -0.087665215 0.0037620589 0.028747745
   vertex -0.086990336 0.0037622131 0.028750687
   vertex -0.086988332 0.0037949243 0.029374854
  endloop
 endfacet
 facet normal -7.8845493e-16 -0.99862953 0.052335957
  outer loop
   vertex -0.087665215 0.0037620589 0.028747745
   vertex -0.086988332 0.0037949243 0.029374854
   vertex -0.087662404 0.0037947604 0.029371728
  endloop
 endfacet
 facet normal -1.0105473e-16 -0.99862953 0.052335957
  outer loop
   vertex -0.086308238 0.0037622757 0.028751883
   vertex -0.086307193 0.0037949807 0.02937593
   vertex -0.086988332 0.0037949243 0.029374854
  endloop
 endfacet
 facet normal -1.0105473e-16 -0.99862953 0.052335957
  outer loop
   vertex -0.086308238 0.0037622757 0.028751883
   vertex -0.086988332 0.0037949243 0.029374854
   vertex -0.086990336 0.0037622131 0.028750687
  endloop
 endfacet
 facet normal 6.1480431e-16 -0.99862953 0.052335957
  outer loop
   vertex -0.086305859 0.0038276581 0.029999453
   vertex -0.086985838 0.0038276048 0.029998435
   vertex -0.086988332 0.0037949243 0.029374854
  endloop
 endfacet
 facet normal 6.1480431e-16 -0.99862953 0.052335957
  outer loop
   vertex -0.086305859 0.0038276581 0.029999453
   vertex -0.086988332 0.0037949243 0.029374854
   vertex -0.086307193 0.0037949807 0.02937593
  endloop
 endfacet
 facet normal -6.5449929e-15 0.052336044 0.99862953
  outer loop
   vertex -0.085639938 0.0025110826 0.025832032
   vertex -0.086297265 0.0025095951 0.02583211
   vertex -0.086301431 0.0018945783 0.025864342
  endloop
 endfacet
 facet normal -6.5449929e-15 0.052336044 0.99862953
  outer loop
   vertex -0.085639938 0.0025110826 0.025832032
   vertex -0.086301431 0.0018945783 0.025864342
   vertex -0.085641121 0.0018959075 0.025864272
  endloop
 endfacet
 facet normal 7.6120799e-15 0.052336044 0.99862953
  outer loop
   vertex -0.085639913 0.0013105095 0.025894952
   vertex -0.084990877 0.0013107686 0.025894938
   vertex -0.08499154 0.0018963505 0.025864249
  endloop
 endfacet
 facet normal 7.6120799e-15 0.052336044 0.99862953
  outer loop
   vertex -0.085639913 0.0013105095 0.025894952
   vertex -0.08499154 0.0018963505 0.025864249
   vertex -0.085641121 0.0018959075 0.025864272
  endloop
 endfacet
 facet normal 2.2415017e-15 0.052336044 0.99862953
  outer loop
   vertex -0.087595073 0.00081798229 0.025920764
   vertex -0.087642421 -4.941011e-05 0.025966222
   vertex -0.086966954 -6.619576e-05 0.025967102
  endloop
 endfacet
 facet normal 2.2415017e-15 0.052336044 0.99862953
  outer loop
   vertex -0.087595073 0.00081798229 0.025920764
   vertex -0.086966954 -6.619576e-05 0.025967102
   vertex -0.086959756 0.00079495648 0.025921971
  endloop
 endfacet
 facet normal -5.4863023e-15 0.052336044 0.99862953
  outer loop
   vertex -0.086965463 0.001309344 0.025895013
   vertex -0.087601163 0.0013045291 0.025895265
   vertex -0.087595073 0.00081798229 0.025920764
  endloop
 endfacet
 facet normal -5.4863023e-15 0.052336044 0.99862953
  outer loop
   vertex -0.086965463 0.001309344 0.025895013
   vertex -0.087595073 0.00081798229 0.025920764
   vertex -0.086959756 0.00079495648 0.025921971
  endloop
 endfacet
 facet normal 8.1592991e-15 0.052336044 0.99862953
  outer loop
   vertex -0.086294052 -7.0063573e-05 0.025967305
   vertex -0.08629419 0.00078784376 0.025922344
   vertex -0.086959756 0.00079495648 0.025921971
  endloop
 endfacet
 facet normal 8.1592991e-15 0.052336044 0.99862953
  outer loop
   vertex -0.086294052 -7.0063573e-05 0.025967305
   vertex -0.086959756 0.00079495648 0.025921971
   vertex -0.086966954 -6.619576e-05 0.025967102
  endloop
 endfacet
 facet normal 8.5582803e-16 0.052336044 0.99862953
  outer loop
   vertex -0.08697332 0.0025063006 0.025832283
   vertex -0.086979273 0.0018911305 0.025864523
   vertex -0.086301431 0.0018945783 0.025864342
  endloop
 endfacet
 facet normal 8.5582803e-16 0.052336044 0.99862953
  outer loop
   vertex -0.08697332 0.0025063006 0.025832283
   vertex -0.086301431 0.0018945783 0.025864342
   vertex -0.086297265 0.0025095951 0.02583211
  endloop
 endfacet
 facet normal -5.473083e-15 0.052336044 0.99862953
  outer loop
   vertex -0.087655012 0.0018834305 0.025864926
   vertex -0.087601163 0.0013045291 0.025895265
   vertex -0.086965463 0.001309344 0.025895013
  endloop
 endfacet
 facet normal -5.473083e-15 0.052336044 0.99862953
  outer loop
   vertex -0.087655012 0.0018834305 0.025864926
   vertex -0.086965463 0.001309344 0.025895013
   vertex -0.086979273 0.0018911305 0.025864523
  endloop
 endfacet
 facet normal -9.0157526e-16 0.99862953 -0.052335952
  outer loop
   vertex -0.0843487 -0.0056620452 0.039998356
   vertex -0.084350624 -0.0056947096 0.039375081
   vertex -0.084997435 -0.0056947289 0.039374713
  endloop
 endfacet
 facet normal -9.0157526e-16 0.99862953 -0.052335952
  outer loop
   vertex -0.0843487 -0.0056620452 0.039998356
   vertex -0.084997435 -0.0056947289 0.039374713
   vertex -0.084996793 -0.0056620647 0.039997984
  endloop
 endfacet
 facet normal -8.4855719e-16 0.99862953 -0.052335952
  outer loop
   vertex -0.085639907 -0.0058875666 0.03569515
   vertex -0.084997447 -0.0058875575 0.035695323
   vertex -0.084989923 -0.0059324429 0.034838859
  endloop
 endfacet
 facet normal -8.4855719e-16 0.99862953 -0.052335952
  outer loop
   vertex -0.085639907 -0.0058875666 0.03569515
   vertex -0.084989923 -0.0059324429 0.034838859
   vertex -0.085635692 -0.0059324639 0.034838458
  endloop
 endfacet
 facet normal -1.1440892e-15 0.99862953 -0.052335952
  outer loop
   vertex -0.084997435 -0.0056947289 0.039374713
   vertex -0.085645223 -0.0056947284 0.039374722
   vertex -0.085645596 -0.0056620637 0.039998002
  endloop
 endfacet
 facet normal -1.1440892e-15 0.99862953 -0.052335952
  outer loop
   vertex -0.084997435 -0.0056947289 0.039374713
   vertex -0.085645596 -0.0056620637 0.039998002
   vertex -0.084996793 -0.0056620647 0.039997984
  endloop
 endfacet
 facet normal -1.4529353e-15 0.99862953 -0.052335952
  outer loop
   vertex -0.085646236 -0.0054004676 0.044989552
   vertex -0.085643753 -0.0053679826 0.045609404
   vertex -0.084990698 -0.005368007 0.045608939
  endloop
 endfacet
 facet normal -1.4529353e-15 0.99862953 -0.052335952
  outer loop
   vertex -0.085646236 -0.0054004676 0.044989552
   vertex -0.084990698 -0.005368007 0.045608939
   vertex -0.084991988 -0.0054004912 0.044989103
  endloop
 endfacet
 facet normal 1.1268584e-09 0.99862931 -0.052340233
  outer loop
   vertex -0.084336616 -0.0054004871 0.04498913
   vertex -0.08433817 -0.00543328 0.044363455
   vertex -0.084993115 -0.005433289 0.044363283
  endloop
 endfacet
 facet normal 1.1268584e-09 0.99862931 -0.052340233
  outer loop
   vertex -0.084336616 -0.0054004871 0.04498913
   vertex -0.084993115 -0.005433289 0.044363283
   vertex -0.084991988 -0.0054004912 0.044989103
  endloop
 endfacet
 facet normal -1.871692e-15 0.99862953 -0.052335952
  outer loop
   vertex -0.084996242 -0.0056294007 0.04062125
   vertex -0.08434699 -0.0056293826 0.040621595
   vertex -0.0843487 -0.0056620452 0.039998356
  endloop
 endfacet
 facet normal -1.871692e-15 0.99862953 -0.052335952
  outer loop
   vertex -0.084996242 -0.0056294007 0.04062125
   vertex -0.0843487 -0.0056620452 0.039998356
   vertex -0.084996793 -0.0056620647 0.039997984
  endloop
 endfacet
 facet normal 1.8782218e-05 0.91375903 -0.40625661
  outer loop
   vertex -0.084995986 -0.0047191929 0.049771718
   vertex -0.084347438 -0.004719338 0.049771422
   vertex -0.084349057 -0.0049298972 0.049297829
  endloop
 endfacet
 facet normal 1.8782218e-05 0.91375903 -0.40625661
  outer loop
   vertex -0.084995986 -0.0047191929 0.049771718
   vertex -0.084349057 -0.0049298972 0.049297829
   vertex -0.084996767 -0.0049301158 0.049297226
  endloop
 endfacet
 facet normal -6.1329292e-06 0.99862942 -0.052338086
  outer loop
   vertex -0.084990698 -0.005368007 0.045608939
   vertex -0.084335383 -0.0053680169 0.045608672
   vertex -0.084336616 -0.0054004871 0.04498913
  endloop
 endfacet
 facet normal -6.1329292e-06 0.99862942 -0.052338086
  outer loop
   vertex -0.084990698 -0.005368007 0.045608939
   vertex -0.084336616 -0.0054004871 0.04498913
   vertex -0.084991988 -0.0054004912 0.044989103
  endloop
 endfacet
 facet normal -9.3283497e-16 0.99862953 -0.052335952
  outer loop
   vertex -0.084993115 -0.005433289 0.044363283
   vertex -0.085647609 -0.0054332675 0.044363693
   vertex -0.085646236 -0.0054004676 0.044989552
  endloop
 endfacet
 facet normal -9.3283497e-16 0.99862953 -0.052335952
  outer loop
   vertex -0.084993115 -0.005433289 0.044363283
   vertex -0.085646236 -0.0054004676 0.044989552
   vertex -0.084991988 -0.0054004912 0.044989103
  endloop
 endfacet
 facet normal 1.0279594e-15 0.99862953 -0.052335952
  outer loop
   vertex -0.085645596 -0.0056620637 0.039998002
   vertex -0.085646022 -0.0056293983 0.040621296
   vertex -0.084996242 -0.0056294007 0.04062125
  endloop
 endfacet
 facet normal 1.0279594e-15 0.99862953 -0.052335952
  outer loop
   vertex -0.085645596 -0.0056620637 0.039998002
   vertex -0.084996242 -0.0056294007 0.04062125
   vertex -0.084996793 -0.0056620647 0.039997984
  endloop
 endfacet
 facet normal -2.1057326e-05 0.84886738 -0.52860588
  outer loop
   vertex -0.084995986 -0.0047191929 0.049771718
   vertex -0.085645229 -0.0047191348 0.049771837
   vertex -0.085645424 -0.004261283 0.050507084
  endloop
 endfacet
 facet normal -2.1057326e-05 0.84886738 -0.52860588
  outer loop
   vertex -0.084995986 -0.0047191929 0.049771718
   vertex -0.085645424 -0.004261283 0.050507084
   vertex -0.084995928 -0.0042609178 0.050507586
  endloop
 endfacet
 facet normal 1 -4.1419675e-05 -2.8479226e-05
  outer loop
   vertex -0.088410925 1.3009094e-05 0.050702539
   vertex -0.088410952 -0.00063412626 0.050700653
   vertex -0.088410971 -0.00063169115 0.050041681
  endloop
 endfacet
 facet normal 1 -4.1419675e-05 -2.8479226e-05
  outer loop
   vertex -0.088410925 1.3009094e-05 0.050702539
   vertex -0.088410971 -0.00063169115 0.050041681
   vertex -0.088410961 8.4414007e-06 0.050042629
  endloop
 endfacet
 facet normal 0.99999971 0.00034381891 -0.00067852776
  outer loop
   vertex -0.088410932 -0.0019276091 0.050083863
   vertex -0.088410451 -0.0019585544 0.050777089
   vertex -0.088410164 -0.0026471562 0.050851004
  endloop
 endfacet
 facet normal 0.99999971 0.00034381891 -0.00067852776
  outer loop
   vertex -0.088410932 -0.0019276091 0.050083863
   vertex -0.088410164 -0.0026471562 0.050851004
   vertex -0.088410968 -0.0025852251 0.050110894
  endloop
 endfacet
 facet normal 0.99999875 2.2628787e-05 -0.0015818245
  outer loop
   vertex -0.088410981 -0.00062325978 0.052491692
   vertex -0.088411824 -0.00062578058 0.051958639
   vertex -0.088411832 7.1079016e-06 0.051962923
  endloop
 endfacet
 facet normal 0.99999875 2.2628787e-05 -0.0015818245
  outer loop
   vertex -0.088410981 -0.00062325978 0.052491692
   vertex -0.088411832 7.1079016e-06 0.051962923
   vertex -0.088410981 -9.7883144e-10 0.052498881
  endloop
 endfacet
 facet normal 0.99999986 -0.00038846043 -0.00036043425
  outer loop
   vertex -0.088410909 0.00065227258 0.050059072
   vertex -0.088410661 0.00066786648 0.050730164
   vertex -0.088410925 1.3009094e-05 0.050702539
  endloop
 endfacet
 facet normal 0.99999986 -0.00038846043 -0.00036043425
  outer loop
   vertex -0.088410909 0.00065227258 0.050059072
   vertex -0.088410925 1.3009094e-05 0.050702539
   vertex -0.088410961 8.4414007e-06 0.050042629
  endloop
 endfacet
 facet normal 0.99995034 0.0088076411 -0.004662412
  outer loop
   vertex -0.088413636 0.0026351761 0.050794663
   vertex -0.088407996 0.0020351577 0.050870759
   vertex -0.088410848 0.0019601425 0.050117361
  endloop
 endfacet
 facet normal 0.99995034 0.0088076411 -0.004662412
  outer loop
   vertex -0.088413636 0.0026351761 0.050794663
   vertex -0.088410848 0.0019601425 0.050117361
   vertex -0.088411559 0.0026007668 0.050107148
  endloop
 endfacet
 facet normal 0.99999793 0.00017433835 -0.0020286375
  outer loop
   vertex -0.088411832 7.1079016e-06 0.051962923
   vertex -0.088411952 0.00064290955 0.051958624
   vertex -0.088410981 0.00058617224 0.052431939
  endloop
 endfacet
 facet normal 0.99999793 0.00017433835 -0.0020286375
  outer loop
   vertex -0.088411832 7.1079016e-06 0.051962923
   vertex -0.088410981 0.00058617224 0.052431939
   vertex -0.088410981 -9.7883144e-10 0.052498881
  endloop
 endfacet
 facet normal 1 0 0
  outer loop
   vertex -0.088410981 -0.0049999045 0.030626569
   vertex -0.088410981 -0.0055817679 0.030627183
   vertex -0.088410981 -0.0055776854 0.030000936
  endloop
 endfacet
 facet normal 1 0 0
  outer loop
   vertex -0.088410981 -0.0049999045 0.030626569
   vertex -0.088410981 -0.0055776854 0.030000936
   vertex -0.088410981 -0.0049929747 0.030000794
  endloop
 endfacet
 facet normal 1 0 0
  outer loop
   vertex -0.088410981 -0.0057438555 0.032508059
   vertex -0.088410981 -0.0056903715 0.031880663
   vertex -0.088410981 -0.005059672 0.031878788
  endloop
 endfacet
 facet normal 1 0 0
  outer loop
   vertex -0.088410981 -0.0057438555 0.032508059
   vertex -0.088410981 -0.005059672 0.031878788
   vertex -0.088410981 -0.005102552 0.032505685
  endloop
 endfacet
 facet normal 1 0 0
  outer loop
   vertex -0.088410981 -0.0059231201 0.035016749
   vertex -0.088410981 -0.0059563572 0.034382547
   vertex -0.088410981 -0.0051736109 0.034381398
  endloop
 endfacet
 facet normal 1 0 0
  outer loop
   vertex -0.088410981 -0.0059231201 0.035016749
   vertex -0.088410981 -0.0051736109 0.034381398
   vertex -0.088410981 -0.0051344963 0.034998394
  endloop
 endfacet
 facet normal 0.99999119 0.0030869924 -0.0028447594
  outer loop
   vertex -0.088410981 -0.0051672288 0.033133786
   vertex -0.088408438 -0.005980061 0.033145739
   vertex -0.088410981 -0.0057438555 0.032508059
  endloop
 endfacet
 facet normal 0.99999119 0.0030869924 -0.0028447594
  outer loop
   vertex -0.088410981 -0.0051672288 0.033133786
   vertex -0.088410981 -0.0057438555 0.032508059
   vertex -0.088410981 -0.005102552 0.032505685
  endloop
 endfacet
 facet normal 1 -1.5163021e-17 -2.2205073e-14
  outer loop
   vertex -0.088410981 -0.0025023917 0.038125239
   vertex -0.088410981 -0.003132739 0.038125669
   vertex -0.088410981 -0.0031346696 0.037500688
  endloop
 endfacet
 facet normal 1 -1.5163021e-17 -2.2205073e-14
  outer loop
   vertex -0.088410981 -0.0025023917 0.038125239
   vertex -0.088410981 -0.0031346696 0.037500688
   vertex -0.088410981 -0.0025030916 0.037500236
  endloop
 endfacet
 facet normal 1 -0 0
  outer loop
   vertex -0.088410981 -0.0050198132 0.039379366
   vertex -0.088410981 -0.0043980286 0.039377427
   vertex -0.088410981 -0.0043887394 0.040001894
  endloop
 endfacet
 facet normal 1 -0 0
  outer loop
   vertex -0.088410981 -0.0050198132 0.039379366
   vertex -0.088410981 -0.0043887394 0.040001894
   vertex -0.088410981 -0.0050026452 0.040003381
  endloop
 endfacet
 facet normal 1 0 -0
  outer loop
   vertex -0.088410981 -0.0044264461 0.037503774
   vertex -0.088410981 -0.0044171006 0.038128447
   vertex -0.088410981 -0.0050544293 0.038131327
  endloop
 endfacet
 facet normal 1 0 -0
  outer loop
   vertex -0.088410981 -0.0044264461 0.037503774
   vertex -0.088410981 -0.0050544293 0.038131327
   vertex -0.088410981 -0.0050714686 0.03750717
  endloop
 endfacet
 facet normal 1 2.210414e-14 -6.4495105e-17
  outer loop
   vertex -0.088410981 -0.0031270148 0.040000397
   vertex -0.088410981 -0.0031288381 0.039375496
   vertex -0.088410981 -0.0025010024 0.039375186
  endloop
 endfacet
 facet normal 1 2.210414e-14 -6.4495105e-17
  outer loop
   vertex -0.088410981 -0.0031270148 0.040000397
   vertex -0.088410981 -0.0025010024 0.039375186
   vertex -0.088410981 -0.002500374 0.040000155
  endloop
 endfacet
 facet normal 1 1.4314504e-17 2.2201186e-14
  outer loop
   vertex -0.088410981 -0.0031346696 0.037500688
   vertex -0.088410981 -0.0031364847 0.036875597
   vertex -0.088410981 -0.0025037617 0.036875189
  endloop
 endfacet
 facet normal 1 1.4314504e-17 2.2201186e-14
  outer loop
   vertex -0.088410981 -0.0031346696 0.037500688
   vertex -0.088410981 -0.0025037617 0.036875189
   vertex -0.088410981 -0.0025030916 0.037500236
  endloop
 endfacet
 facet normal 1 2.0719607e-14 2.1938984e-14
  outer loop
   vertex -0.088410981 -0.0044557632 0.034999454
   vertex -0.088410981 -0.0044491008 0.035625724
   vertex -0.088410981 -0.0051196289 0.035626421
  endloop
 endfacet
 facet normal 1 2.0719607e-14 2.1938984e-14
  outer loop
   vertex -0.088410981 -0.0044557632 0.034999454
   vertex -0.088410981 -0.0051196289 0.035626421
   vertex -0.088410981 -0.0051344963 0.034998394
  endloop
 endfacet
 facet normal 1 -2.1866306e-14 6.1552569e-17
  outer loop
   vertex -0.088410981 -0.0025050333 0.035624976
   vertex -0.088410981 -0.0031396984 0.035625059
   vertex -0.088410981 -0.0031414582 0.034999914
  endloop
 endfacet
 facet normal 1 -2.1866306e-14 6.1552569e-17
  outer loop
   vertex -0.088410981 -0.0025050333 0.035624976
   vertex -0.088410981 -0.0031414582 0.034999914
   vertex -0.088410981 -0.0025057478 0.034999928
  endloop
 endfacet
 facet normal 1 -0 0
  outer loop
   vertex -0.088410981 -0.0050876345 0.036882543
   vertex -0.088410981 -0.0044351509 0.036878698
   vertex -0.088410981 -0.0044264461 0.037503774
  endloop
 endfacet
 facet normal 1 -0 0
  outer loop
   vertex -0.088410981 -0.0050876345 0.036882543
   vertex -0.088410981 -0.0044264461 0.037503774
   vertex -0.088410981 -0.0050714686 0.03750717
  endloop
 endfacet
 facet normal 1 0 0
  outer loop
   vertex -0.088410981 -0.0031375498 0.032500663
   vertex -0.088410981 -0.0031328917 0.031875536
   vertex -0.088410981 -0.0025028514 0.03187519
  endloop
 endfacet
 facet normal 1 0 0
  outer loop
   vertex -0.088410981 -0.0031375498 0.032500663
   vertex -0.088410981 -0.0025028514 0.03187519
   vertex -0.088410981 -0.0025044916 0.032500225
  endloop
 endfacet
 facet normal 1 -2.2376129e-14 -2.2371486e-14
  outer loop
   vertex -0.088410981 -0.0043739074 0.030000442
   vertex -0.088410981 -0.0043791792 0.030626049
   vertex -0.088410981 -0.0049999045 0.030626569
  endloop
 endfacet
 facet normal 1 -2.2376129e-14 -2.2371486e-14
  outer loop
   vertex -0.088410981 -0.0043739074 0.030000442
   vertex -0.088410981 -0.0049999045 0.030626569
   vertex -0.088410981 -0.0049929747 0.030000794
  endloop
 endfacet
 facet normal 1 -0 0
  outer loop
   vertex -0.088410981 -0.005059672 0.031878788
   vertex -0.088410981 -0.0044120188 0.03187743
   vertex -0.088410981 -0.00443628 0.032503381
  endloop
 endfacet
 facet normal 1 -0 0
  outer loop
   vertex -0.088410981 -0.005059672 0.031878788
   vertex -0.088410981 -0.00443628 0.032503381
   vertex -0.088410981 -0.005102552 0.032505685
  endloop
 endfacet
 facet normal 1 0 0
  outer loop
   vertex -0.088410981 -0.0025004553 0.030624976
   vertex -0.088410981 -0.0031262225 0.030625191
   vertex -0.088410981 -0.0031248784 0.029999675
  endloop
 endfacet
 facet normal 1 0 0
  outer loop
   vertex -0.088410981 -0.0025004553 0.030624976
   vertex -0.088410981 -0.0031248784 0.029999675
   vertex -0.088410981 -0.002499974 0.029999366
  endloop
 endfacet
 facet normal 1 2.1824767e-14 1.4901737e-16
  outer loop
   vertex -0.088410981 -0.0025059408 0.033125217
   vertex -0.088410981 -0.0031418174 0.033125688
   vertex -0.088410981 -0.0031375498 0.032500663
  endloop
 endfacet
 facet normal 1 2.1824767e-14 1.4901737e-16
  outer loop
   vertex -0.088410981 -0.0025059408 0.033125217
   vertex -0.088410981 -0.0031375498 0.032500663
   vertex -0.088410981 -0.0025044916 0.032500225
  endloop
 endfacet
 facet normal 1 -0 0
  outer loop
   vertex -0.088410981 -0.0051736109 0.034381398
   vertex -0.088410981 -0.0044695294 0.034376854
   vertex -0.088410981 -0.0044557632 0.034999454
  endloop
 endfacet
 facet normal 1 -0 0
  outer loop
   vertex -0.088410981 -0.0051736109 0.034381398
   vertex -0.088410981 -0.0044557632 0.034999454
   vertex -0.088410981 -0.0051344963 0.034998394
  endloop
 endfacet
 facet normal 1 0 0
  outer loop
   vertex -0.088410981 -0.00443628 0.032503381
   vertex -0.088410981 -0.0044632917 0.033129264
   vertex -0.088410981 -0.0051672288 0.033133786
  endloop
 endfacet
 facet normal 1 0 0
  outer loop
   vertex -0.088410981 -0.00443628 0.032503381
   vertex -0.088410981 -0.0051672288 0.033133786
   vertex -0.088410981 -0.005102552 0.032505685
  endloop
 endfacet
 facet normal 1 0 0
  outer loop
   vertex -0.088410981 -0.0031414582 0.034999914
   vertex -0.088410981 -0.0031433729 0.034375155
   vertex -0.088410981 -0.0025064466 0.034375008
  endloop
 endfacet
 facet normal 1 0 0
  outer loop
   vertex -0.088410981 -0.0031414582 0.034999914
   vertex -0.088410981 -0.0025064466 0.034375008
   vertex -0.088410981 -0.0025057478 0.034999928
  endloop
 endfacet
 facet normal 1 0 0
  outer loop
   vertex -0.088410981 -0.0056613822 0.040011006
   vertex -0.088410981 -0.0056940473 0.039387718
   vertex -0.088410981 -0.0050198132 0.039379366
  endloop
 endfacet
 facet normal 1 0 0
  outer loop
   vertex -0.088410981 -0.0056613822 0.040011006
   vertex -0.088410981 -0.0050198132 0.039379366
   vertex -0.088410981 -0.0050026452 0.040003381
  endloop
 endfacet
 facet normal 5.975056e-16 0.99862953 -0.052335952
  outer loop
   vertex -0.087660028 -0.0056944887 0.039379296
   vertex -0.088410981 -0.0056940473 0.039387718
   vertex -0.088410981 -0.0056613822 0.040011006
  endloop
 endfacet
 facet normal 5.975056e-16 0.99862953 -0.052335952
  outer loop
   vertex -0.087660028 -0.0056944887 0.039379296
   vertex -0.088410981 -0.0056613822 0.040011006
   vertex -0.08766357 -0.0056618191 0.04000267
  endloop
 endfacet
 facet normal 7.6962474e-17 0.99862953 -0.052335952
  outer loop
   vertex -0.088410981 -0.0057920428 0.037517853
   vertex -0.088410981 -0.0057593776 0.038141141
   vertex -0.087653294 -0.0057598253 0.038132599
  endloop
 endfacet
 facet normal 7.6962474e-17 0.99862953 -0.052335952
  outer loop
   vertex -0.088410981 -0.0057920428 0.037517853
   vertex -0.087653294 -0.0057598253 0.038132599
   vertex -0.087650151 -0.0057925017 0.037509097
  endloop
 endfacet
 facet normal 1 0 0
  outer loop
   vertex -0.088410981 -0.0050544293 0.038131327
   vertex -0.088410981 -0.0057593776 0.038141141
   vertex -0.088410981 -0.0057920428 0.037517853
  endloop
 endfacet
 facet normal 1 0 0
  outer loop
   vertex -0.088410981 -0.0050544293 0.038131327
   vertex -0.088410981 -0.0057920428 0.037517853
   vertex -0.088410981 -0.0050714686 0.03750717
  endloop
 endfacet
 facet normal 1 0 0
  outer loop
   vertex -0.088410981 -0.0051196289 0.035626421
   vertex -0.088410981 -0.0058896247 0.035655879
   vertex -0.088410981 -0.0059231201 0.035016749
  endloop
 endfacet
 facet normal 1 0 0
  outer loop
   vertex -0.088410981 -0.0051196289 0.035626421
   vertex -0.088410981 -0.0059231201 0.035016749
   vertex -0.088410981 -0.0051344963 0.034998394
  endloop
 endfacet
 facet normal 8.3270017e-17 0.99862953 -0.052335952
  outer loop
   vertex -0.087647025 -0.005825206 0.036885062
   vertex -0.088410981 -0.0058247079 0.036894565
   vertex -0.088410981 -0.0057920428 0.037517853
  endloop
 endfacet
 facet normal 8.3270017e-17 0.99862953 -0.052335952
  outer loop
   vertex -0.087647025 -0.005825206 0.036885062
   vertex -0.088410981 -0.0057920428 0.037517853
   vertex -0.087650151 -0.0057925017 0.037509097
  endloop
 endfacet
 facet normal 1 0 0
  outer loop
   vertex -0.088410981 -0.0057920428 0.037517853
   vertex -0.088410981 -0.0058247079 0.036894565
   vertex -0.088410981 -0.0050876345 0.036882543
  endloop
 endfacet
 facet normal 1 0 0
  outer loop
   vertex -0.088410981 -0.0057920428 0.037517853
   vertex -0.088410981 -0.0050876345 0.036882543
   vertex -0.088410981 -0.0050714686 0.03750717
  endloop
 endfacet
 facet normal 1 2.2703902e-14 -2.2012399e-14
  outer loop
   vertex -0.088410981 0.0031049643 0.037498374
   vertex -0.088410981 0.0031001655 0.038123878
   vertex -0.088410981 0.0024893751 0.038124353
  endloop
 endfacet
 facet normal 1 2.2703902e-14 -2.2012399e-14
  outer loop
   vertex -0.088410981 0.0031049643 0.037498374
   vertex -0.088410981 0.0024893751 0.038124353
   vertex -0.088410981 0.002494267 0.037499001
  endloop
 endfacet
 facet normal 1 1.4416157e-17 2.2211846e-14
  outer loop
   vertex -0.088410981 0.0024933593 0.039374589
   vertex -0.088410981 0.0031117021 0.039374188
   vertex -0.088410981 0.0031206682 0.039998974
  endloop
 endfacet
 facet normal 1 1.4416157e-17 2.2211846e-14
  outer loop
   vertex -0.088410981 0.0024933593 0.039374589
   vertex -0.088410981 0.0031206682 0.039998974
   vertex -0.088410981 0.0024976348 0.039999505
  endloop
 endfacet
 facet normal 1 2.2451475e-14 2.3009619e-14
  outer loop
   vertex -0.088410981 0.0025091548 0.036873472
   vertex -0.088410981 0.0031281172 0.036872653
   vertex -0.088410981 0.0031049643 0.037498374
  endloop
 endfacet
 facet normal 1 2.2451475e-14 2.3009619e-14
  outer loop
   vertex -0.088410981 0.0025091548 0.036873472
   vertex -0.088410981 0.0031049643 0.037498374
   vertex -0.088410981 0.002494267 0.037499001
  endloop
 endfacet
 facet normal 1 0 0
  outer loop
   vertex -0.088410981 0.0032887456 0.034993838
   vertex -0.088410981 0.0032656919 0.035618806
   vertex -0.088410981 0.00257031 0.035622337
  endloop
 endfacet
 facet normal 1 0 0
  outer loop
   vertex -0.088410981 0.0032887456 0.034993838
   vertex -0.088410981 0.00257031 0.035622337
   vertex -0.088410981 0.0025834601 0.034998444
  endloop
 endfacet
 facet normal 1 -2.1449288e-14 5.5257353e-16
  outer loop
   vertex -0.088410981 0.0025538038 0.031871078
   vertex -0.088410981 0.0032007183 0.031867579
   vertex -0.088410981 0.0032168098 0.032492204
  endloop
 endfacet
 facet normal 1 -2.1449288e-14 5.5257353e-16
  outer loop
   vertex -0.088410981 0.0025538038 0.031871078
   vertex -0.088410981 0.0032168098 0.032492204
   vertex -0.088410981 0.002562425 0.032496156
  endloop
 endfacet
 facet normal 1 0 -0
  outer loop
   vertex -0.088410981 0.0031488835 0.029994977
   vertex -0.088410981 0.0031663254 0.030619304
   vertex -0.088410981 0.0025348357 0.030621691
  endloop
 endfacet
 facet normal 1 0 -0
  outer loop
   vertex -0.088410981 0.0031488835 0.029994977
   vertex -0.088410981 0.0025348357 0.030621691
   vertex -0.088410981 0.0025251485 0.029996553
  endloop
 endfacet
 facet normal 1 0 -0
  outer loop
   vertex -0.088410981 0.0032168098 0.032492204
   vertex -0.088410981 0.0032312738 0.03311826
   vertex -0.088410981 0.0025696766 0.033122159
  endloop
 endfacet
 facet normal 1 0 -0
  outer loop
   vertex -0.088410981 0.0032168098 0.032492204
   vertex -0.088410981 0.0025696766 0.033122159
   vertex -0.088410981 0.002562425 0.032496156
  endloop
 endfacet
 facet normal 1 2.038328e-14 -9.8098047e-16
  outer loop
   vertex -0.088410981 0.0025781464 0.034375524
   vertex -0.088410981 0.003259029 0.034376371
   vertex -0.088410981 0.0032887456 0.034993838
  endloop
 endfacet
 facet normal 1 2.038328e-14 -9.8098047e-16
  outer loop
   vertex -0.088410981 0.0025781464 0.034375524
   vertex -0.088410981 0.0032887456 0.034993838
   vertex -0.088410981 0.0025834601 0.034998444
  endloop
 endfacet
 facet normal 0.99777528 -0.066575582 0.0034890782
  outer loop
   vertex -0.088408419 -0.0053278456 0.045642643
   vertex -0.088410981 -0.0053669196 0.045629688
   vertex -0.088410981 -0.0053994281 0.045009388
  endloop
 endfacet
 facet normal 0.99777528 -0.066575582 0.0034890782
  outer loop
   vertex -0.088408419 -0.0053278456 0.045642643
   vertex -0.088410981 -0.0053994281 0.045009388
   vertex -0.088410981 -0.005031886 0.045006329
  endloop
 endfacet
 facet normal 7.171285e-16 0.99862953 -0.052335952
  outer loop
   vertex -0.088410981 -0.0053994281 0.045009388
   vertex -0.088410981 -0.0053669196 0.045629688
   vertex -0.087668191 -0.0053674766 0.04561906
  endloop
 endfacet
 facet normal 7.171285e-16 0.99862953 -0.052335952
  outer loop
   vertex -0.088410981 -0.0053994281 0.045009388
   vertex -0.087668191 -0.0053674766 0.04561906
   vertex -0.08768294 -0.0054000094 0.044998296
  endloop
 endfacet
 facet normal 1 0 0
  outer loop
   vertex -0.088410981 -0.0031230616 0.042500286
   vertex -0.088410981 -0.0031232596 0.041875231
   vertex -0.088410981 -0.002499253 0.041875112
  endloop
 endfacet
 facet normal 1 0 0
  outer loop
   vertex -0.088410981 -0.0031230616 0.042500286
   vertex -0.088410981 -0.002499253 0.041875112
   vertex -0.088410981 -0.0024992919 0.042500135
  endloop
 endfacet
 facet normal 1 0 -0
  outer loop
   vertex -0.088410981 -0.0043887394 0.040001894
   vertex -0.088410981 -0.0043799162 0.040626377
   vertex -0.088410981 -0.0049857509 0.040627398
  endloop
 endfacet
 facet normal 1 0 -0
  outer loop
   vertex -0.088410981 -0.0043887394 0.040001894
   vertex -0.088410981 -0.0049857509 0.040627398
   vertex -0.088410981 -0.0050026452 0.040003381
  endloop
 endfacet
 facet normal 1 2.2178441e-14 -2.2265112e-14
  outer loop
   vertex -0.088410981 -0.0024998433 0.040625128
   vertex -0.088410981 -0.0031253961 0.040625307
   vertex -0.088410981 -0.0031270148 0.040000397
  endloop
 endfacet
 facet normal 1 2.2178441e-14 -2.2265112e-14
  outer loop
   vertex -0.088410981 -0.0024998433 0.040625128
   vertex -0.088410981 -0.0031270148 0.040000397
   vertex -0.088410981 -0.002500374 0.040000155
  endloop
 endfacet
 facet normal 1 -1.8581731e-18 -2.2197345e-14
  outer loop
   vertex -0.088410981 -0.0049528138 0.041875746
   vertex -0.088410981 -0.0043656478 0.041875696
   vertex -0.088410981 -0.004363116 0.042500897
  endloop
 endfacet
 facet normal 1 -1.8581731e-18 -2.2197345e-14
  outer loop
   vertex -0.088410981 -0.0049528138 0.041875746
   vertex -0.088410981 -0.004363116 0.042500897
   vertex -0.088410981 -0.0049489957 0.042501082
  endloop
 endfacet
 facet normal 1 2.2237429e-14 2.6601804e-17
  outer loop
   vertex -0.088410981 -0.0024997357 0.043125175
   vertex -0.088410981 -0.0031238093 0.043125387
   vertex -0.088410981 -0.0031230616 0.042500286
  endloop
 endfacet
 facet normal 1 2.2237429e-14 2.6601804e-17
  outer loop
   vertex -0.088410981 -0.0024997357 0.043125175
   vertex -0.088410981 -0.0031230616 0.042500286
   vertex -0.088410981 -0.0024992919 0.042500135
  endloop
 endfacet
 facet normal 1 -0 0
  outer loop
   vertex -0.088410981 -0.0049584766 0.044377512
   vertex -0.088410981 -0.0043868166 0.044377067
   vertex -0.088410981 -0.0044339456 0.045003795
  endloop
 endfacet
 facet normal 1 -0 0
  outer loop
   vertex -0.088410981 -0.0049584766 0.044377512
   vertex -0.088410981 -0.0044339456 0.045003795
   vertex -0.088410981 -0.005031886 0.045006329
  endloop
 endfacet
 facet normal 1 2.1648266e-17 2.2192773e-14
  outer loop
   vertex -0.088410981 -0.004363116 0.042500897
   vertex -0.088410981 -0.004361949 0.043126225
   vertex -0.088410981 -0.0049410374 0.043126789
  endloop
 endfacet
 facet normal 1 2.1648266e-17 2.2192773e-14
  outer loop
   vertex -0.088410981 -0.004363116 0.042500897
   vertex -0.088410981 -0.0049410374 0.043126789
   vertex -0.088410981 -0.0049489957 0.042501082
  endloop
 endfacet
 facet normal 1 -1.5787331e-17 -2.2195568e-14
  outer loop
   vertex -0.088410981 -0.0031444027 0.045001008
   vertex -0.088410981 -0.0031333022 0.04437575
   vertex -0.088410981 -0.0025038512 0.044375302
  endloop
 endfacet
 facet normal 1 -1.5787331e-17 -2.2195568e-14
  outer loop
   vertex -0.088410981 -0.0031444027 0.045001008
   vertex -0.088410981 -0.0025038512 0.044375302
   vertex -0.088410981 -0.0025082127 0.045000368
  endloop
 endfacet
 facet normal 1 0 0
  outer loop
   vertex -0.088410981 -0.0049857509 0.040627398
   vertex -0.088410981 -0.0056287171 0.040634294
   vertex -0.088410981 -0.0056613822 0.040011006
  endloop
 endfacet
 facet normal 1 0 0
  outer loop
   vertex -0.088410981 -0.0049857509 0.040627398
   vertex -0.088410981 -0.0056613822 0.040011006
   vertex -0.088410981 -0.0050026452 0.040003381
  endloop
 endfacet
 facet normal 6.4150747e-16 0.99862953 -0.052335952
  outer loop
   vertex -0.088410981 -0.0056613822 0.040011006
   vertex -0.088410981 -0.0056287171 0.040634294
   vertex -0.087667249 -0.0056291457 0.040626116
  endloop
 endfacet
 facet normal 6.4150747e-16 0.99862953 -0.052335952
  outer loop
   vertex -0.088410981 -0.0056613822 0.040011006
   vertex -0.087667249 -0.0056291457 0.040626116
   vertex -0.08766357 -0.0056618191 0.04000267
  endloop
 endfacet
 facet normal 4.6704384e-16 0.99862953 -0.052335952
  outer loop
   vertex -0.087675185 -0.0055637688 0.041873581
   vertex -0.088410981 -0.0055633868 0.04188087
   vertex -0.088410981 -0.0055305387 0.042507648
  endloop
 endfacet
 facet normal 4.6704384e-16 0.99862953 -0.052335952
  outer loop
   vertex -0.087675185 -0.0055637688 0.041873581
   vertex -0.088410981 -0.0055305387 0.042507648
   vertex -0.087679208 -0.005531022 0.042498427
  endloop
 endfacet
 facet normal 1 0 0
  outer loop
   vertex -0.088410981 -0.0055305387 0.042507648
   vertex -0.088410981 -0.0055633868 0.04188087
   vertex -0.088410981 -0.0049528138 0.041875746
  endloop
 endfacet
 facet normal 1 0 0
  outer loop
   vertex -0.088410981 -0.0055305387 0.042507648
   vertex -0.088410981 -0.0049528138 0.041875746
   vertex -0.088410981 -0.0049489957 0.042501082
  endloop
 endfacet
 facet normal 1 0 0
  outer loop
   vertex -0.088410981 -0.0053994281 0.045009388
   vertex -0.088410981 -0.0054323562 0.044381082
   vertex -0.088410981 -0.0049584766 0.044377512
  endloop
 endfacet
 facet normal 1 0 0
  outer loop
   vertex -0.088410981 -0.0053994281 0.045009388
   vertex -0.088410981 -0.0049584766 0.044377512
   vertex -0.088410981 -0.005031886 0.045006329
  endloop
 endfacet
 facet normal 1.583037e-16 0.99862953 -0.052335952
  outer loop
   vertex -0.087686884 -0.005432816 0.044372308
   vertex -0.088410981 -0.0054323562 0.044381082
   vertex -0.088410981 -0.0053994281 0.045009388
  endloop
 endfacet
 facet normal 1.583037e-16 0.99862953 -0.052335952
  outer loop
   vertex -0.087686884 -0.005432816 0.044372308
   vertex -0.088410981 -0.0053994281 0.045009388
   vertex -0.08768294 -0.0054000094 0.044998296
  endloop
 endfacet
 facet normal -4.4885796e-16 0.99862953 -0.052335952
  outer loop
   vertex -0.088410981 -0.0055305387 0.042507648
   vertex -0.088410981 -0.0054976859 0.043134516
   vertex -0.087682914 -0.0054982684 0.043123402
  endloop
 endfacet
 facet normal -4.4885796e-16 0.99862953 -0.052335952
  outer loop
   vertex -0.088410981 -0.0055305387 0.042507648
   vertex -0.087682914 -0.0054982684 0.043123402
   vertex -0.087679208 -0.005531022 0.042498427
  endloop
 endfacet
 facet normal 1 0 0
  outer loop
   vertex -0.088410981 -0.0049410374 0.043126789
   vertex -0.088410981 -0.0054976859 0.043134516
   vertex -0.088410981 -0.0055305387 0.042507648
  endloop
 endfacet
 facet normal 1 0 0
  outer loop
   vertex -0.088410981 -0.0049410374 0.043126789
   vertex -0.088410981 -0.0055305387 0.042507648
   vertex -0.088410981 -0.0049489957 0.042501082
  endloop
 endfacet
 facet normal 1 -2.3008819e-07 2.3507653e-07
  outer loop
   vertex -0.088410981 -0.0025277652 0.048138299
   vertex -0.088410981 -0.0031820907 0.048145932
   vertex -0.088410981 -0.0031709584 0.047508754
  endloop
 endfacet
 facet normal 1 -2.3008819e-07 2.3507653e-07
  outer loop
   vertex -0.088410981 -0.0025277652 0.048138299
   vertex -0.088410981 -0.0031709584 0.047508754
   vertex -0.088410981 -0.002520705 0.047505299
  endloop
 endfacet
 facet normal 0.0041410978 0.87866289 -0.47742473
  outer loop
   vertex -0.087643044 -0.0047184567 0.049772095
   vertex -0.088139811 -0.0047177383 0.049769108
   vertex -0.088409623 -0.0045393813 0.05009502
  endloop
 endfacet
 facet normal 0.0041410978 0.87866289 -0.47742473
  outer loop
   vertex -0.087643044 -0.0047184567 0.049772095
   vertex -0.088409623 -0.0045393813 0.05009502
   vertex -0.088410264 -0.0042946158 0.050461198
  endloop
 endfacet
 facet normal 0.0041410978 0.87866289 -0.47742473
  outer loop
   vertex -0.087643044 -0.0047184567 0.049772095
   vertex -0.088410264 -0.0042946158 0.050461198
   vertex -0.087691232 -0.0042717373 0.05049175
  endloop
 endfacet
 facet normal 0.99999987 -3.6630646e-06 0.00051041322
  outer loop
   vertex -0.088411323 -0.00322862 0.050100673
   vertex -0.088410989 -0.0032259249 0.049446235
   vertex -0.08841098 -0.0025592728 0.049432918
  endloop
 endfacet
 facet normal 0.99999987 -3.6630646e-06 0.00051041322
  outer loop
   vertex -0.088411323 -0.00322862 0.050100673
   vertex -0.08841098 -0.0025592728 0.049432918
   vertex -0.088410968 -0.0025852251 0.050110894
  endloop
 endfacet
 facet normal 1 2.1400497e-14 1.6835951e-16
  outer loop
   vertex -0.088410981 -0.0031709584 0.047508754
   vertex -0.088410981 -0.0031659957 0.046877943
   vertex -0.088410981 -0.0025175066 0.046876749
  endloop
 endfacet
 facet normal 1 2.1400497e-14 1.6835951e-16
  outer loop
   vertex -0.088410981 -0.0031709584 0.047508754
   vertex -0.088410981 -0.0025175066 0.046876749
   vertex -0.088410981 -0.002520705 0.047505299
  endloop
 endfacet
 facet normal 0.99999494 0.0031542255 0.00040338832
  outer loop
   vertex -0.088410981 -0.0044339456 0.045003795
   vertex -0.088410981 -0.0045141996 0.045631326
   vertex -0.088408419 -0.0053278456 0.045642643
  endloop
 endfacet
 facet normal 0.99999494 0.0031542255 0.00040338832
  outer loop
   vertex -0.088410981 -0.0044339456 0.045003795
   vertex -0.088408419 -0.0053278456 0.045642643
   vertex -0.088410981 -0.005031886 0.045006329
  endloop
 endfacet
 facet normal 1 -2.152033e-14 2.1764925e-14
  outer loop
   vertex -0.088410981 -0.0025129054 0.045625409
   vertex -0.088410981 -0.0031570142 0.04562616
   vertex -0.088410981 -0.0031444027 0.045001008
  endloop
 endfacet
 facet normal 1 -2.152033e-14 2.1764925e-14
  outer loop
   vertex -0.088410981 -0.0025129054 0.045625409
   vertex -0.088410981 -0.0031444027 0.045001008
   vertex -0.088410981 -0.0025082127 0.045000368
  endloop
 endfacet
 facet normal 1 -0 0
  outer loop
   vertex -0.088410981 0.0025117445 0.041873811
   vertex -0.088410981 0.0031493635 0.041872508
   vertex -0.088410981 0.0031590433 0.042496964
  endloop
 endfacet
 facet normal 1 -0 0
  outer loop
   vertex -0.088410981 0.0025117445 0.041873811
   vertex -0.088410981 0.0031590433 0.042496964
   vertex -0.088410981 0.0025165143 0.042498551
  endloop
 endfacet
 facet normal 1 -2.6824195e-17 -2.2218779e-14
  outer loop
   vertex -0.088410981 0.0031206682 0.039998974
   vertex -0.088410981 0.0031301028 0.04062356
   vertex -0.088410981 0.002502252 0.040624318
  endloop
 endfacet
 facet normal 1 -2.6824195e-17 -2.2218779e-14
  outer loop
   vertex -0.088410981 0.0031206682 0.039998974
   vertex -0.088410981 0.002502252 0.040624318
   vertex -0.088410981 0.0024976348 0.039999505
  endloop
 endfacet
 facet normal 1 2.1498594e-14 2.1891095e-14
  outer loop
   vertex -0.088410981 0.0031590433 0.042496964
   vertex -0.088410981 0.0031686587 0.043121467
   vertex -0.088410981 0.0025212402 0.043123331
  endloop
 endfacet
 facet normal 1 2.1498594e-14 2.1891095e-14
  outer loop
   vertex -0.088410981 0.0031590433 0.042496964
   vertex -0.088410981 0.0025212402 0.043123331
   vertex -0.088410981 0.0025165143 0.042498551
  endloop
 endfacet
 facet normal 1 2.113346e-14 -2.5054839e-16
  outer loop
   vertex -0.088410981 0.002530024 0.044373339
   vertex -0.088410981 0.0031866723 0.044371197
   vertex -0.088410981 0.0031940936 0.044997177
  endloop
 endfacet
 facet normal 1 2.113346e-14 -2.5054839e-16
  outer loop
   vertex -0.088410981 0.002530024 0.044373339
   vertex -0.088410981 0.0031940936 0.044997177
   vertex -0.088410981 0.0025335897 0.044998795
  endloop
 endfacet
 facet normal 1 2.0950701e-14 3.9871824e-16
  outer loop
   vertex -0.088410981 0.0032167984 0.04749985
   vertex -0.088410981 0.0032047382 0.048133555
   vertex -0.088410981 0.0025423295 0.048133903
  endloop
 endfacet
 facet normal 1 2.0950701e-14 3.9871824e-16
  outer loop
   vertex -0.088410981 0.0032167984 0.04749985
   vertex -0.088410981 0.0025423295 0.048133903
   vertex -0.088410981 0.0025436951 0.047501824
  endloop
 endfacet
 facet normal -0.0028176968 -0.9993314 -0.036452813
  outer loop
   vertex -0.087525415 0.0047375588 0.047448437
   vertex -0.087559543 0.004719993 0.04793263
   vertex -0.088014158 0.0047226726 0.04789431
  endloop
 endfacet
 facet normal -0.0028176968 -0.9993314 -0.036452813
  outer loop
   vertex -0.087525415 0.0047375588 0.047448437
   vertex -0.088014158 0.0047226726 0.04789431
   vertex -0.08799385 0.0047375588 0.04745336
  endloop
 endfacet
 facet normal 0.99999975 6.4248294e-05 0.0006976383
  outer loop
   vertex -0.088411113 0.0025642612 0.049430136
   vertex -0.088411152 0.0032086382 0.049427819
   vertex -0.088411619 0.0032492552 0.050093347
  endloop
 endfacet
 facet normal 0.99999975 6.4248294e-05 0.0006976383
  outer loop
   vertex -0.088411113 0.0025642612 0.049430136
   vertex -0.088411619 0.0032492552 0.050093347
   vertex -0.088411559 0.0026007668 0.050107148
  endloop
 endfacet
 facet normal 1 -0 0
  outer loop
   vertex -0.088410981 0.0025428706 0.046875004
   vertex -0.088410981 0.0032160578 0.046873684
   vertex -0.088410981 0.0032167984 0.04749985
  endloop
 endfacet
 facet normal 1 -0 0
  outer loop
   vertex -0.088410981 0.0025428706 0.046875004
   vertex -0.088410981 0.0032167984 0.04749985
   vertex -0.088410981 0.0025436951 0.047501824
  endloop
 endfacet
 facet normal 0.00045663781 -0.9990555 0.043450003
  outer loop
   vertex -0.087525415 0.0047375588 0.047448437
   vertex -0.08799385 0.0047375588 0.04745336
   vertex -0.087983638 0.0047140773 0.046913337
  endloop
 endfacet
 facet normal 0.00045663781 -0.9990555 0.043450003
  outer loop
   vertex -0.087525415 0.0047375588 0.047448437
   vertex -0.087983638 0.0047140773 0.046913337
   vertex -0.087526414 0.0047148758 0.046928574
  endloop
 endfacet
 facet normal 1 2.0916929e-14 -1.9325854e-16
  outer loop
   vertex -0.088410981 0.0031940936 0.044997177
   vertex -0.088410981 0.0031998862 0.045624125
   vertex -0.088410981 0.0025364182 0.045624514
  endloop
 endfacet
 facet normal 1 2.0916929e-14 -1.9325854e-16
  outer loop
   vertex -0.088410981 0.0031940936 0.044997177
   vertex -0.088410981 0.0025364182 0.045624514
   vertex -0.088410981 0.0025335897 0.044998795
  endloop
 endfacet
 facet normal 1 0 0
  outer loop
   vertex -0.088410981 -0.0055776854 0.030000936
   vertex -0.088410981 -0.0055923537 0.029375874
   vertex -0.088410981 -0.0049963254 0.029375102
  endloop
 endfacet
 facet normal 1 0 0
  outer loop
   vertex -0.088410981 -0.0055776854 0.030000936
   vertex -0.088410981 -0.0049963254 0.029375102
   vertex -0.088410981 -0.0049929747 0.030000794
  endloop
 endfacet
 facet normal 1 2.2704654e-14 -3.3705455e-16
  outer loop
   vertex -0.088410981 -0.0050104593 0.028118623
   vertex -0.088410981 -0.0056216217 0.028123245
   vertex -0.088410981 -0.0056309532 0.027494652
  endloop
 endfacet
 facet normal 1 2.2704654e-14 -3.3705455e-16
  outer loop
   vertex -0.088410981 -0.0050104593 0.028118623
   vertex -0.088410981 -0.0056309532 0.027494652
   vertex -0.088410981 -0.0050148454 0.027486867
  endloop
 endfacet
 facet normal 1 0 0
  outer loop
   vertex -0.088410981 -0.0056309532 0.027494652
   vertex -0.088410981 -0.005625511 0.026881262
   vertex -0.088410981 -0.0050122218 0.026875696
  endloop
 endfacet
 facet normal 1 0 0
  outer loop
   vertex -0.088410981 -0.0056309532 0.027494652
   vertex -0.088410981 -0.0050122218 0.026875696
   vertex -0.088410981 -0.0050148454 0.027486867
  endloop
 endfacet
 facet normal -1 0 -0
  outer loop
   vertex -0.082410976 -0.005031557 0.02747728
   vertex -0.082410976 -0.0050243492 0.026866145
   vertex -0.082410976 -0.0056423194 0.02689671
  endloop
 endfacet
 facet normal -1 0 -0
  outer loop
   vertex -0.082410976 -0.005031557 0.02747728
   vertex -0.082410976 -0.0056423194 0.02689671
   vertex -0.082410976 -0.005652081 0.027494239
  endloop
 endfacet
 facet normal 1 2.2045774e-14 -2.1591428e-14
  outer loop
   vertex -0.088410981 -0.0025016957 0.028101519
   vertex -0.088410981 -0.0031266978 0.02810611
   vertex -0.088410981 -0.0031287675 0.027461252
  endloop
 endfacet
 facet normal 1 2.2045774e-14 -2.1591428e-14
  outer loop
   vertex -0.088410981 -0.0025016957 0.028101519
   vertex -0.088410981 -0.0031287675 0.027461252
   vertex -0.088410981 -0.00250383 0.027451815
  endloop
 endfacet
 facet normal 1 -0 0
  outer loop
   vertex -0.088410981 -0.0049963254 0.029375102
   vertex -0.088410981 -0.0043741398 0.029374407
   vertex -0.088410981 -0.0043739074 0.030000442
  endloop
 endfacet
 facet normal 1 -0 0
  outer loop
   vertex -0.088410981 -0.0049963254 0.029375102
   vertex -0.088410981 -0.0043739074 0.030000442
   vertex -0.088410981 -0.0049929747 0.030000794
  endloop
 endfacet
 facet normal 1 0 0
  outer loop
   vertex -0.088410981 -0.0031248784 0.029999675
   vertex -0.088410981 -0.0031246755 0.029372955
   vertex -0.088410981 -0.0024999765 0.029372206
  endloop
 endfacet
 facet normal 1 0 0
  outer loop
   vertex -0.088410981 -0.0031248784 0.029999675
   vertex -0.088410981 -0.0024999765 0.029372206
   vertex -0.088410981 -0.002499974 0.029999366
  endloop
 endfacet
 facet normal 1 -2.2036187e-14 9.7021988e-17
  outer loop
   vertex -0.088410981 -0.0043835026 0.027479039
   vertex -0.088410981 -0.0043807041 0.028114662
   vertex -0.088410981 -0.0050104593 0.028118623
  endloop
 endfacet
 facet normal 1 -2.2036187e-14 9.7021988e-17
  outer loop
   vertex -0.088410981 -0.0043835026 0.027479039
   vertex -0.088410981 -0.0050104593 0.028118623
   vertex -0.088410981 -0.0050148454 0.027486867
  endloop
 endfacet
 facet normal 1 5.8271267e-16 2.1354129e-14
  outer loop
   vertex -0.088410981 -0.00250703 0.026809767
   vertex -0.088410981 -0.0018827963 0.026792733
   vertex -0.088410981 -0.0018791003 0.02744252
  endloop
 endfacet
 facet normal 1 5.8271267e-16 2.1354129e-14
  outer loop
   vertex -0.088410981 -0.00250703 0.026809767
   vertex -0.088410981 -0.0018791003 0.02744252
   vertex -0.088410981 -0.00250383 0.027451815
  endloop
 endfacet
 facet normal 1 0 0
  outer loop
   vertex -0.088410981 -0.00062816821 0.027426673
   vertex -0.088410981 -0.00063217659 0.026762213
   vertex -0.088410981 -2.240023e-06 0.026746133
  endloop
 endfacet
 facet normal 1 0 0
  outer loop
   vertex -0.088410981 -0.00062816821 0.027426673
   vertex -0.088410981 -2.240023e-06 0.026746133
   vertex -0.088410981 -1.4052268e-06 0.027421527
  endloop
 endfacet
 facet normal 1 0 0
  outer loop
   vertex -0.088410981 -0.0031287675 0.027461252
   vertex -0.088410981 -0.0031314249 0.026827093
   vertex -0.088410981 -0.00250703 0.026809767
  endloop
 endfacet
 facet normal 1 0 0
  outer loop
   vertex -0.088410981 -0.0031287675 0.027461252
   vertex -0.088410981 -0.00250703 0.026809767
   vertex -0.088410981 -0.00250383 0.027451815
  endloop
 endfacet
 facet normal 1 -0 0
  outer loop
   vertex -0.088410981 -0.0050122218 0.026875696
   vertex -0.088410981 -0.0043837874 0.02686111
   vertex -0.088410981 -0.0043835026 0.027479039
  endloop
 endfacet
 facet normal 1 -0 0
  outer loop
   vertex -0.088410981 -0.0050122218 0.026875696
   vertex -0.088410981 -0.0043835026 0.027479039
   vertex -0.088410981 -0.0050148454 0.027486867
  endloop
 endfacet
 facet normal -0.99999999 -8.0295408e-05 -6.2872879e-05
  outer loop
   vertex -0.082410899 0.0025074567 0.027502775
   vertex -0.082410947 0.0031001687 0.027502833
   vertex -0.082410907 0.0030838422 0.026892586
  endloop
 endfacet
 facet normal -0.99999999 -8.0295408e-05 -6.2872879e-05
  outer loop
   vertex -0.082410899 0.0025074567 0.027502775
   vertex -0.082410907 0.0030838422 0.026892586
   vertex -0.082410734 0.0025007959 0.026895349
  endloop
 endfacet
 facet normal 1 -2.3135823e-14 6.2111914e-16
  outer loop
   vertex -0.088410981 0.0030794689 0.027480264
   vertex -0.088410981 0.0030964731 0.02811365
   vertex -0.088410981 0.0024963472 0.028102993
  endloop
 endfacet
 facet normal 1 -2.3135823e-14 6.2111914e-16
  outer loop
   vertex -0.088410981 0.0030794689 0.027480264
   vertex -0.088410981 0.0024963472 0.028102993
   vertex -0.088410981 0.0024876817 0.02745688
  endloop
 endfacet
 facet normal 1 2.2530644e-14 -6.297546e-16
  outer loop
   vertex -0.088410981 0.0025154615 0.029369944
   vertex -0.088410981 0.0031314132 0.029369942
   vertex -0.088410981 0.0031488835 0.029994977
  endloop
 endfacet
 facet normal 1 2.2530644e-14 -6.297546e-16
  outer loop
   vertex -0.088410981 0.0025154615 0.029369944
   vertex -0.088410981 0.0031488835 0.029994977
   vertex -0.088410981 0.0025251485 0.029996553
  endloop
 endfacet
 facet normal 1 0 0
  outer loop
   vertex -0.088410981 0.0018680617 0.027425575
   vertex -0.088410981 0.0018638921 0.026728055
   vertex -0.088410981 0.0024815819 0.026809001
  endloop
 endfacet
 facet normal 1 0 0
  outer loop
   vertex -0.088410981 0.0018680617 0.027425575
   vertex -0.088410981 0.0024815819 0.026809001
   vertex -0.088410981 0.0024876817 0.02745688
  endloop
 endfacet
 facet normal 1 3.7065725e-16 2.0302345e-14
  outer loop
   vertex -0.088410981 -2.240023e-06 0.026746133
   vertex -0.088410981 0.00062537435 0.026734675
   vertex -0.088410981 0.00062438483 0.027418249
  endloop
 endfacet
 facet normal 1 3.7065725e-16 2.0302345e-14
  outer loop
   vertex -0.088410981 -2.240023e-06 0.026746133
   vertex -0.088410981 0.00062438483 0.027418249
   vertex -0.088410981 -1.4052268e-06 0.027421527
  endloop
 endfacet
 facet normal 1 0 0
  outer loop
   vertex -0.088410981 0.0024815819 0.026809001
   vertex -0.088410981 0.0030637442 0.02684843
   vertex -0.088410981 0.0030794689 0.027480264
  endloop
 endfacet
 facet normal 1 0 0
  outer loop
   vertex -0.088410981 0.0024815819 0.026809001
   vertex -0.088410981 0.0030794689 0.027480264
   vertex -0.088410981 0.0024876817 0.02745688
  endloop
 endfacet
 facet normal 0.99998797 -0.0045035547 0.0019456319
  outer loop
   vertex -0.088410164 -0.0026471562 0.050851004
   vertex -0.088412662 -0.003238212 0.050766612
   vertex -0.088411323 -0.00322862 0.050100673
  endloop
 endfacet
 facet normal 0.99998797 -0.0045035547 0.0019456319
  outer loop
   vertex -0.088410164 -0.0026471562 0.050851004
   vertex -0.088411323 -0.00322862 0.050100673
   vertex -0.088410968 -0.0025852251 0.050110894
  endloop
 endfacet
 facet normal 0.99999064 -0.0042450584 -0.00084142936
  outer loop
   vertex -0.088411619 0.0032492552 0.050093347
   vertex -0.08841021 0.0034245736 0.050884063
   vertex -0.088413636 0.0026351761 0.050794663
  endloop
 endfacet
 facet normal 0.99999064 -0.0042450584 -0.00084142936
  outer loop
   vertex -0.088411619 0.0032492552 0.050093347
   vertex -0.088413636 0.0026351761 0.050794663
   vertex -0.088411559 0.0026007668 0.050107148
  endloop
 endfacet
 facet normal 1 -2.2128665e-14 -2.2179578e-14
  outer loop
   vertex -0.088410981 -0.0025023917 0.038125239
   vertex -0.088410981 -0.0025030916 0.037500236
   vertex -0.088410981 -0.0018757847 0.03750007
  endloop
 endfacet
 facet normal 1 -2.2128665e-14 -2.2179578e-14
  outer loop
   vertex -0.088410981 -0.0025023917 0.038125239
   vertex -0.088410981 -0.0018757847 0.03750007
   vertex -0.088410981 -0.00187557 0.038125075
  endloop
 endfacet
 facet normal 1 0 0
  outer loop
   vertex -0.088410981 -0.00062502791 0.040000003
   vertex -0.088410981 -0.00062504456 0.039375003
   vertex -0.088410981 -2.192142e-07 0.039374994
  endloop
 endfacet
 facet normal 1 0 0
  outer loop
   vertex -0.088410981 -0.00062502791 0.040000003
   vertex -0.088410981 -2.192142e-07 0.039374994
   vertex -0.088410981 -1.7267825e-07 0.039999993
  endloop
 endfacet
 facet normal 1 0 0
  outer loop
   vertex -0.088410981 -2.0353129e-07 0.038124987
   vertex -0.088410981 -0.00062505725 0.038125002
   vertex -0.088410981 -0.00062502568 0.0375
  endloop
 endfacet
 facet normal 1 0 0
  outer loop
   vertex -0.088410981 -2.0353129e-07 0.038124987
   vertex -0.088410981 -0.00062502568 0.0375
   vertex -0.088410981 -4.0085961e-08 0.03749998
  endloop
 endfacet
 facet normal 1 -3.5572674e-18 -2.2205571e-14
  outer loop
   vertex -0.088410981 -0.0018749726 0.040000055
   vertex -0.088410981 -0.002500374 0.040000155
   vertex -0.088410981 -0.0025010024 0.039375186
  endloop
 endfacet
 facet normal 1 -3.5572674e-18 -2.2205571e-14
  outer loop
   vertex -0.088410981 -0.0018749726 0.040000055
   vertex -0.088410981 -0.0025010024 0.039375186
   vertex -0.088410981 -0.0018751529 0.039375062
  endloop
 endfacet
 facet normal 1 0 0
  outer loop
   vertex -0.088410981 -0.0018763763 0.032500062
   vertex -0.088410981 -0.0025044916 0.032500225
   vertex -0.088410981 -0.0025028514 0.03187519
  endloop
 endfacet
 facet normal 1 0 0
  outer loop
   vertex -0.088410981 -0.0018763763 0.032500062
   vertex -0.088410981 -0.0025028514 0.03187519
   vertex -0.088410981 -0.0018758803 0.031875052
  endloop
 endfacet
 facet normal 1 -2.218389e-14 4.4338662e-14
  outer loop
   vertex -0.088410981 4.0574516e-07 0.030624579
   vertex -0.088410981 -0.00062496483 0.030624684
   vertex -0.088410981 -0.00062503061 0.02999866
  endloop
 endfacet
 facet normal 1 -2.218389e-14 4.4338662e-14
  outer loop
   vertex -0.088410981 4.0574516e-07 0.030624579
   vertex -0.088410981 -0.00062503061 0.02999866
   vertex -0.088410981 1.9418182e-07 0.029998448
  endloop
 endfacet
 facet normal 1 0 0
  outer loop
   vertex -0.088410981 -0.00062486537 0.032499987
   vertex -0.088410981 -0.00062489356 0.031874973
   vertex -0.088410981 8.279603e-07 0.031874914
  endloop
 endfacet
 facet normal 1 0 0
  outer loop
   vertex -0.088410981 -0.00062486537 0.032499987
   vertex -0.088410981 8.279603e-07 0.031874914
   vertex -0.088410981 1.0321298e-06 0.032499943
  endloop
 endfacet
 facet normal 1 -2.2215921e-14 -2.2199919e-14
  outer loop
   vertex -0.088410981 -0.0025004553 0.030624976
   vertex -0.088410981 -0.002499974 0.029999366
   vertex -0.088410981 -0.001875034 0.029999104
  endloop
 endfacet
 facet normal 1 -2.2215921e-14 -2.2199919e-14
  outer loop
   vertex -0.088410981 -0.0025004553 0.030624976
   vertex -0.088410981 -0.001875034 0.029999104
   vertex -0.088410981 -0.0018751522 0.030624848
  endloop
 endfacet
 facet normal 1 -2.2366139e-14 -2.2366898e-14
  outer loop
   vertex -0.088410981 0.0018732902 0.037499495
   vertex -0.088410981 0.002494267 0.037499001
   vertex -0.088410981 0.0024893751 0.038124353
  endloop
 endfacet
 facet normal 1 -2.2366139e-14 -2.2366898e-14
  outer loop
   vertex -0.088410981 0.0018732902 0.037499495
   vertex -0.088410981 0.0024893751 0.038124353
   vertex -0.088410981 0.001870297 0.03812468
  endloop
 endfacet
 facet normal 1 6.421106e-19 2.2204522e-14
  outer loop
   vertex -0.088410981 -2.192142e-07 0.039374994
   vertex -0.088410981 0.00062433015 0.039374975
   vertex -0.088410981 0.00062451295 0.039999974
  endloop
 endfacet
 facet normal 1 6.421106e-19 2.2204522e-14
  outer loop
   vertex -0.088410981 -2.192142e-07 0.039374994
   vertex -0.088410981 0.00062451295 0.039999974
   vertex -0.088410981 -1.7267825e-07 0.039999993
  endloop
 endfacet
 facet normal 1 0 0
  outer loop
   vertex -0.088410981 0.00062486668 0.037499928
   vertex -0.088410981 0.00062434013 0.038124953
   vertex -0.088410981 -2.0353129e-07 0.038124987
  endloop
 endfacet
 facet normal 1 0 0
  outer loop
   vertex -0.088410981 0.00062486668 0.037499928
   vertex -0.088410981 -2.0353129e-07 0.038124987
   vertex -0.088410981 -4.0085961e-08 0.03749998
  endloop
 endfacet
 facet normal 1 0 -0
  outer loop
   vertex -0.088410981 0.0024933593 0.039374589
   vertex -0.088410981 0.0024976348 0.039999505
   vertex -0.088410981 0.0018730899 0.03999979
  endloop
 endfacet
 facet normal 1 0 -0
  outer loop
   vertex -0.088410981 0.0024933593 0.039374589
   vertex -0.088410981 0.0018730899 0.03999979
   vertex -0.088410981 0.0018713374 0.039374818
  endloop
 endfacet
 facet normal 1 -7.3251595e-17 -2.2200665e-14
  outer loop
   vertex -0.088410981 0.0025538038 0.031871078
   vertex -0.088410981 0.002562425 0.032496156
   vertex -0.088410981 0.0019053896 0.032498324
  endloop
 endfacet
 facet normal 1 -7.3251595e-17 -2.2200665e-14
  outer loop
   vertex -0.088410981 0.0025538038 0.031871078
   vertex -0.088410981 0.0019053896 0.032498324
   vertex -0.088410981 0.0019012019 0.031873186
  endloop
 endfacet
 facet normal 1 -2.2159892e-14 -2.2137613e-14
  outer loop
   vertex -0.088410981 0.00062615285 0.029998202
   vertex -0.088410981 0.00062685487 0.030624387
   vertex -0.088410981 4.0574516e-07 0.030624579
  endloop
 endfacet
 facet normal 1 -2.2159892e-14 -2.2137613e-14
  outer loop
   vertex -0.088410981 0.00062615285 0.029998202
   vertex -0.088410981 4.0574516e-07 0.030624579
   vertex -0.088410981 1.9418182e-07 0.029998448
  endloop
 endfacet
 facet normal 1 -6.2141052e-18 -2.2202411e-14
  outer loop
   vertex -0.088410981 8.279603e-07 0.031874914
   vertex -0.088410981 0.0006282646 0.031874738
   vertex -0.088410981 0.00062892269 0.032499796
  endloop
 endfacet
 facet normal 1 -6.2141052e-18 -2.2202411e-14
  outer loop
   vertex -0.088410981 8.279603e-07 0.031874914
   vertex -0.088410981 0.00062892269 0.032499796
   vertex -0.088410981 1.0321298e-06 0.032499943
  endloop
 endfacet
 facet normal 1 -0 0
  outer loop
   vertex -0.088410981 0.0018871402 0.029997429
   vertex -0.088410981 0.0025251485 0.029996553
   vertex -0.088410981 0.0025348357 0.030621691
  endloop
 endfacet
 facet normal 1 -0 0
  outer loop
   vertex -0.088410981 0.0018871402 0.029997429
   vertex -0.088410981 0.0025348357 0.030621691
   vertex -0.088410981 0.0018919082 0.030623188
  endloop
 endfacet
 facet normal 1 0 0
  outer loop
   vertex -0.088410981 -0.0018747784 0.042500056
   vertex -0.088410981 -0.0024992919 0.042500135
   vertex -0.088410981 -0.002499253 0.041875112
  endloop
 endfacet
 facet normal 1 0 0
  outer loop
   vertex -0.088410981 -0.0018747784 0.042500056
   vertex -0.088410981 -0.002499253 0.041875112
   vertex -0.088410981 -0.0018747228 0.041875048
  endloop
 endfacet
 facet normal 1 2.220823e-14 -5.0921829e-19
  outer loop
   vertex -0.088410981 -1.1967003e-07 0.040624991
   vertex -0.088410981 -0.00062501357 0.040625003
   vertex -0.088410981 -0.00062502791 0.040000003
  endloop
 endfacet
 facet normal 1 2.220823e-14 -5.0921829e-19
  outer loop
   vertex -0.088410981 -1.1967003e-07 0.040624991
   vertex -0.088410981 -0.00062502791 0.040000003
   vertex -0.088410981 -1.7267825e-07 0.039999993
  endloop
 endfacet
 facet normal 1 0 -0
  outer loop
   vertex -0.088410981 -0.0018749726 0.040000055
   vertex -0.088410981 -0.0018748316 0.040625048
   vertex -0.088410981 -0.0024998433 0.040625128
  endloop
 endfacet
 facet normal 1 0 -0
  outer loop
   vertex -0.088410981 -0.0018749726 0.040000055
   vertex -0.088410981 -0.0024998433 0.040625128
   vertex -0.088410981 -0.002500374 0.040000155
  endloop
 endfacet
 facet normal 1 -5.8493176e-19 -2.2204468e-14
  outer loop
   vertex -0.088410981 -0.00062499923 0.042500001
   vertex -0.088410981 -0.00062499935 0.041875002
   vertex -0.088410981 -1.2732672e-08 0.041874985
  endloop
 endfacet
 facet normal 1 -5.8493176e-19 -2.2204468e-14
  outer loop
   vertex -0.088410981 -0.00062499923 0.042500001
   vertex -0.088410981 -1.2732672e-08 0.041874985
   vertex -0.088410981 4.0109291e-08 0.042499982
  endloop
 endfacet
 facet normal 1 0 0
  outer loop
   vertex -0.088410981 -0.0025277652 0.048138299
   vertex -0.088410981 -0.002520705 0.047505299
   vertex -0.088410981 -0.0018830992 0.047502845
  endloop
 endfacet
 facet normal 1 0 0
  outer loop
   vertex -0.088410981 -0.0025277652 0.048138299
   vertex -0.088410981 -0.0018830992 0.047502845
   vertex -0.088410981 -0.0018870269 0.048132822
  endloop
 endfacet
 facet normal 1 -1.5377864e-05 -2.4899116e-05
  outer loop
   vertex -0.088410977 4.358224e-06 0.049394753
   vertex -0.088410961 8.4414007e-06 0.050042629
   vertex -0.088410971 -0.00063169115 0.050041681
  endloop
 endfacet
 facet normal 1 -1.5377864e-05 -2.4899116e-05
  outer loop
   vertex -0.088410977 4.358224e-06 0.049394753
   vertex -0.088410971 -0.00063169115 0.050041681
   vertex -0.088410981 -0.00062911974 0.049394464
  endloop
 endfacet
 facet normal 1 0 0
  outer loop
   vertex -0.088410981 8.3630145e-07 0.048127521
   vertex -0.088410981 -0.00062619109 0.048127635
   vertex -0.088410981 -0.00062564229 0.047500749
  endloop
 endfacet
 facet normal 1 0 0
  outer loop
   vertex -0.088410981 8.3630145e-07 0.048127521
   vertex -0.088410981 -0.00062564229 0.047500749
   vertex -0.088410981 4.7464012e-07 0.047500668
  endloop
 endfacet
 facet normal 1 -1.6464379e-06 -7.1521321e-05
  outer loop
   vertex -0.08841098 -0.0025592728 0.049432918
   vertex -0.08841098 -0.0019074107 0.049416586
   vertex -0.088410932 -0.0019276091 0.050083863
  endloop
 endfacet
 facet normal 1 -1.6464379e-06 -7.1521321e-05
  outer loop
   vertex -0.08841098 -0.0025592728 0.049432918
   vertex -0.088410932 -0.0019276091 0.050083863
   vertex -0.088410968 -0.0025852251 0.050110894
  endloop
 endfacet
 facet normal 1 -4.3707212e-14 -2.1880007e-14
  outer loop
   vertex -0.088410981 0.0025117445 0.041873811
   vertex -0.088410981 0.0025165143 0.042498551
   vertex -0.088410981 0.0018810555 0.042499399
  endloop
 endfacet
 facet normal 1 -4.3707212e-14 -2.1880007e-14
  outer loop
   vertex -0.088410981 0.0025117445 0.041873811
   vertex -0.088410981 0.0018810555 0.042499399
   vertex -0.088410981 0.0018790386 0.041874505
  endloop
 endfacet
 facet normal 1 -2.2210959e-14 -2.2197283e-14
  outer loop
   vertex -0.088410981 0.00062451295 0.039999974
   vertex -0.088410981 0.0006247226 0.040624966
   vertex -0.088410981 -1.1967003e-07 0.040624991
  endloop
 endfacet
 facet normal 1 -2.2210959e-14 -2.2197283e-14
  outer loop
   vertex -0.088410981 0.00062451295 0.039999974
   vertex -0.088410981 -1.1967003e-07 0.040624991
   vertex -0.088410981 -1.7267825e-07 0.039999993
  endloop
 endfacet
 facet normal 1 0 0
  outer loop
   vertex -0.088410981 0.002502252 0.040624318
   vertex -0.088410981 0.0018750283 0.040624715
   vertex -0.088410981 0.0018730899 0.03999979
  endloop
 endfacet
 facet normal 1 0 0
  outer loop
   vertex -0.088410981 0.002502252 0.040624318
   vertex -0.088410981 0.0018730899 0.03999979
   vertex -0.088410981 0.0024976348 0.039999505
  endloop
 endfacet
 facet normal 1 -0 0
  outer loop
   vertex -0.088410981 -1.2732672e-08 0.041874985
   vertex -0.088410981 0.00062515905 0.041874943
   vertex -0.088410981 0.00062537938 0.042499932
  endloop
 endfacet
 facet normal 1 -0 0
  outer loop
   vertex -0.088410981 -1.2732672e-08 0.041874985
   vertex -0.088410981 0.00062537938 0.042499932
   vertex -0.088410981 4.0109291e-08 0.042499982
  endloop
 endfacet
 facet normal 1 -8.3866144e-18 -2.1955779e-14
  outer loop
   vertex -0.088410981 0.0018935382 0.047502072
   vertex -0.088410981 0.0025436951 0.047501824
   vertex -0.088410981 0.0025423295 0.048133903
  endloop
 endfacet
 facet normal 1 -8.3866144e-18 -2.1955779e-14
  outer loop
   vertex -0.088410981 0.0018935382 0.047502072
   vertex -0.088410981 0.0025423295 0.048133903
   vertex -0.088410981 0.0018953112 0.04813287
  endloop
 endfacet
 facet normal 1 -1.0673524e-05 -9.2329889e-05
  outer loop
   vertex -0.088410977 4.358224e-06 0.049394753
   vertex -0.08841097 0.00063945411 0.049402856
   vertex -0.088410909 0.00065227258 0.050059072
  endloop
 endfacet
 facet normal 1 -1.0673524e-05 -9.2329889e-05
  outer loop
   vertex -0.088410977 4.358224e-06 0.049394753
   vertex -0.088410909 0.00065227258 0.050059072
   vertex -0.088410961 8.4414007e-06 0.050042629
  endloop
 endfacet
 facet normal 1 0 -0
  outer loop
   vertex -0.088410981 0.00062727367 0.047501016
   vertex -0.088410981 0.0006285052 0.048128737
   vertex -0.088410981 8.3630145e-07 0.048127521
  endloop
 endfacet
 facet normal 1 0 -0
  outer loop
   vertex -0.088410981 0.00062727367 0.047501016
   vertex -0.088410981 8.3630145e-07 0.048127521
   vertex -0.088410981 4.7464012e-07 0.047500668
  endloop
 endfacet
 facet normal 0.99999996 0.00017545311 -0.00023039218
  outer loop
   vertex -0.088410848 0.0019601425 0.050117361
   vertex -0.088411 0.0019214893 0.049429027
   vertex -0.088411113 0.0025642612 0.049430136
  endloop
 endfacet
 facet normal 0.99999996 0.00017545311 -0.00023039218
  outer loop
   vertex -0.088410848 0.0019601425 0.050117361
   vertex -0.088411113 0.0025642612 0.049430136
   vertex -0.088411559 0.0026007668 0.050107148
  endloop
 endfacet
 facet normal 1 -2.2516148e-14 -4.2331208e-14
  outer loop
   vertex -0.088410981 -0.0018791003 0.02744252
   vertex -0.088410981 -0.0018768329 0.02809699
   vertex -0.088410981 -0.0025016957 0.028101519
  endloop
 endfacet
 facet normal 1 -2.2516148e-14 -4.2331208e-14
  outer loop
   vertex -0.088410981 -0.0018791003 0.02744252
   vertex -0.088410981 -0.0025016957 0.028101519
   vertex -0.088410981 -0.00250383 0.027451815
  endloop
 endfacet
 facet normal 1 2.2199538e-14 -5.1362336e-18
  outer loop
   vertex -0.088410981 -0.00062503061 0.02999866
   vertex -0.088410981 -0.00062517602 0.029370214
   vertex -0.088410981 -3.7537143e-08 0.029369707
  endloop
 endfacet
 facet normal 1 2.2199538e-14 -5.1362336e-18
  outer loop
   vertex -0.088410981 -0.00062503061 0.02999866
   vertex -0.088410981 -3.7537143e-08 0.029369707
   vertex -0.088410981 1.9418182e-07 0.029998448
  endloop
 endfacet
 facet normal 1 -2.2184999e-14 2.2115814e-14
  outer loop
   vertex -0.088410981 -0.0024999765 0.029372206
   vertex -0.088410981 -0.0018751505 0.029371482
   vertex -0.088410981 -0.001875034 0.029999104
  endloop
 endfacet
 facet normal 1 -2.2184999e-14 2.2115814e-14
  outer loop
   vertex -0.088410981 -0.0024999765 0.029372206
   vertex -0.088410981 -0.001875034 0.029999104
   vertex -0.088410981 -0.002499974 0.029999366
  endloop
 endfacet
 facet normal 1 1.7120845e-16 2.0854995e-14
  outer loop
   vertex -0.088410981 -0.00062816821 0.027426673
   vertex -0.088410981 -1.4052268e-06 0.027421527
   vertex -0.088410981 -8.7160721e-07 0.028086965
  endloop
 endfacet
 facet normal 1 1.7120845e-16 2.0854995e-14
  outer loop
   vertex -0.088410981 -0.00062816821 0.027426673
   vertex -0.088410981 -8.7160721e-07 0.028086965
   vertex -0.088410981 -0.00062642101 0.028089366
  endloop
 endfacet
 facet normal 1 2.2259596e-14 -1.588285e-16
  outer loop
   vertex -0.088410981 0.0024963472 0.028102993
   vertex -0.088410981 0.0018728097 0.02809099
   vertex -0.088410981 0.0018680617 0.027425575
  endloop
 endfacet
 facet normal 1 2.2259596e-14 -1.588285e-16
  outer loop
   vertex -0.088410981 0.0024963472 0.028102993
   vertex -0.088410981 0.0018680617 0.027425575
   vertex -0.088410981 0.0024876817 0.02745688
  endloop
 endfacet
 facet normal 1 -0 0
  outer loop
   vertex -0.088410981 -3.7537143e-08 0.029369707
   vertex -0.088410981 0.00062546936 0.0293693
   vertex -0.088410981 0.00062615285 0.029998202
  endloop
 endfacet
 facet normal 1 -0 0
  outer loop
   vertex -0.088410981 -3.7537143e-08 0.029369707
   vertex -0.088410981 0.00062615285 0.029998202
   vertex -0.088410981 1.9418182e-07 0.029998448
  endloop
 endfacet
 facet normal 1 -2.1920657e-14 1.6665351e-16
  outer loop
   vertex -0.088410981 0.0018871402 0.029997429
   vertex -0.088410981 0.0018823659 0.029369437
   vertex -0.088410981 0.0025154615 0.029369944
  endloop
 endfacet
 facet normal 1 -2.1920657e-14 1.6665351e-16
  outer loop
   vertex -0.088410981 0.0018871402 0.029997429
   vertex -0.088410981 0.0025154615 0.029369944
   vertex -0.088410981 0.0025251485 0.029996553
  endloop
 endfacet
 facet normal 1 0 0
  outer loop
   vertex -0.088410981 0.00062438483 0.027418249
   vertex -0.088410981 0.00062426326 0.028085475
   vertex -0.088410981 -8.7160721e-07 0.028086965
  endloop
 endfacet
 facet normal 1 0 0
  outer loop
   vertex -0.088410981 0.00062438483 0.027418249
   vertex -0.088410981 -8.7160721e-07 0.028086965
   vertex -0.088410981 -1.4052268e-06 0.027421527
  endloop
 endfacet
 facet normal -0.60507254 0.79501719 -0.042835582
  outer loop
   vertex -0.082411069 -0.0058846445 0.035655618
   vertex -0.082411064 -0.005919074 0.035016537
   vertex -0.082416157 -0.0059344336 0.034803407
  endloop
 endfacet
 facet normal -0.60507254 0.79501719 -0.042835582
  outer loop
   vertex -0.082411069 -0.0058846445 0.035655618
   vertex -0.082416157 -0.0059344336 0.034803407
   vertex -0.083028127 -0.0059329894 0.034818582
  endloop
 endfacet
 facet normal -0.60507254 0.79501719 -0.042835582
  outer loop
   vertex -0.082411069 -0.0058846445 0.035655618
   vertex -0.083028127 -0.0059329894 0.034818582
   vertex -0.083071362 -0.0058919434 0.035677907
  endloop
 endfacet
 facet normal 1.7298495e-05 0.99862881 -0.052349765
  outer loop
   vertex -0.084356139 -0.0057927432 0.037504536
   vertex -0.084357308 -0.0058254631 0.036880367
   vertex -0.084999559 -0.0058254653 0.036880113
  endloop
 endfacet
 facet normal 1.7298495e-05 0.99862881 -0.052349765
  outer loop
   vertex -0.084356139 -0.0057927432 0.037504536
   vertex -0.084999559 -0.0058254653 0.036880113
   vertex -0.084999319 -0.0057927535 0.037504292
  endloop
 endfacet
 facet normal -0.00013379912 0.99864575 -0.052025377
  outer loop
   vertex -0.083081339 -0.0057926278 0.037507762
   vertex -0.082410977 -0.0057920124 0.037517852
   vertex -0.082410981 -0.0058244837 0.036894554
  endloop
 endfacet
 facet normal -0.00013379912 0.99864575 -0.052025377
  outer loop
   vertex -0.083081339 -0.0057926278 0.037507762
   vertex -0.082410981 -0.0058244837 0.036894554
   vertex -0.08308306 -0.0058256013 0.036883675
  endloop
 endfacet
 facet normal 1.501683e-09 0.99862933 -0.052339921
  outer loop
   vertex -0.084998776 -0.0057600672 0.038127984
   vertex -0.084354485 -0.0057600544 0.038128228
   vertex -0.084356139 -0.0057927432 0.037504536
  endloop
 endfacet
 facet normal 1.501683e-09 0.99862933 -0.052339921
  outer loop
   vertex -0.084998776 -0.0057600672 0.038127984
   vertex -0.084356139 -0.0057927432 0.037504536
   vertex -0.084999319 -0.0057927535 0.037504292
  endloop
 endfacet
 facet normal -1.8701656e-16 0.99862953 -0.052335952
  outer loop
   vertex -0.082410976 -0.0056940473 0.039387718
   vertex -0.083071919 -0.0056944761 0.039379536
   vertex -0.083067331 -0.0056618358 0.04000235
  endloop
 endfacet
 facet normal -1.8701656e-16 0.99862953 -0.052335952
  outer loop
   vertex -0.082410976 -0.0056940473 0.039387718
   vertex -0.083067331 -0.0056618358 0.04000235
   vertex -0.082410976 -0.0056613822 0.040011006
  endloop
 endfacet
 facet normal 1.314583e-06 0.99862483 -0.052425666
  outer loop
   vertex -0.083081339 -0.0057926278 0.037507762
   vertex -0.083078263 -0.0057598887 0.03813139
   vertex -0.082410976 -0.0057593776 0.038141141
  endloop
 endfacet
 facet normal 1.314583e-06 0.99862483 -0.052425666
  outer loop
   vertex -0.083081339 -0.0057926278 0.037507762
   vertex -0.082410976 -0.0057593776 0.038141141
   vertex -0.082410977 -0.0057920124 0.037517852
  endloop
 endfacet
 facet normal 1 -0 0
  outer loop
   vertex -0.088410981 -0.0025037617 0.036875189
   vertex -0.088410981 -0.0018759942 0.03687505
   vertex -0.088410981 -0.0018757847 0.03750007
  endloop
 endfacet
 facet normal 1 -0 0
  outer loop
   vertex -0.088410981 -0.0025037617 0.036875189
   vertex -0.088410981 -0.0018757847 0.03750007
   vertex -0.088410981 -0.0025030916 0.037500236
  endloop
 endfacet
 facet normal 1 2.2168457e-14 -2.220345e-14
  outer loop
   vertex -0.088410981 1.278155e-06 0.035624998
   vertex -0.088410981 -0.00062473406 0.035625001
   vertex -0.088410981 -0.00062469722 0.035000009
  endloop
 endfacet
 facet normal 1 2.2168457e-14 -2.220345e-14
  outer loop
   vertex -0.088410981 1.278155e-06 0.035624998
   vertex -0.088410981 -0.00062469722 0.035000009
   vertex -0.088410981 1.5297962e-06 0.035000028
  endloop
 endfacet
 facet normal 1 1.0541174e-18 -2.2202767e-14
  outer loop
   vertex -0.088410981 -0.0025050333 0.035624976
   vertex -0.088410981 -0.0025057478 0.034999928
   vertex -0.088410981 -0.0018766719 0.034999958
  endloop
 endfacet
 facet normal 1 1.0541174e-18 -2.2202767e-14
  outer loop
   vertex -0.088410981 -0.0025050333 0.035624976
   vertex -0.088410981 -0.0018766719 0.034999958
   vertex -0.088410981 -0.0018764199 0.035624973
  endloop
 endfacet
 facet normal 1 0 0
  outer loop
   vertex -0.088410981 -0.00062502568 0.0375
   vertex -0.088410981 -0.0006249489 0.036874997
   vertex -0.088410981 3.0381347e-07 0.036874975
  endloop
 endfacet
 facet normal 1 0 0
  outer loop
   vertex -0.088410981 -0.00062502568 0.0375
   vertex -0.088410981 3.0381347e-07 0.036874975
   vertex -0.088410981 -4.0085961e-08 0.03749998
  endloop
 endfacet
 facet normal 1 -2.2058397e-14 -1.5029087e-17
  outer loop
   vertex -0.088410981 -0.0018763763 0.032500062
   vertex -0.088410981 -0.0018768022 0.033125055
   vertex -0.088410981 -0.0025059408 0.033125217
  endloop
 endfacet
 facet normal 1 -2.2058397e-14 -1.5029087e-17
  outer loop
   vertex -0.088410981 -0.0018763763 0.032500062
   vertex -0.088410981 -0.0025059408 0.033125217
   vertex -0.088410981 -0.0025044916 0.032500225
  endloop
 endfacet
 facet normal 1 -1.0086414e-18 2.220468e-14
  outer loop
   vertex -0.088410981 -0.00062469722 0.035000009
   vertex -0.088410981 -0.0006247286 0.034375015
   vertex -0.088410981 1.5268692e-06 0.034375044
  endloop
 endfacet
 facet normal 1 -1.0086414e-18 2.220468e-14
  outer loop
   vertex -0.088410981 -0.00062469722 0.035000009
   vertex -0.088410981 1.5268692e-06 0.034375044
   vertex -0.088410981 1.5297962e-06 0.035000028
  endloop
 endfacet
 facet normal 1 -0 0
  outer loop
   vertex -0.088410981 -0.0025064466 0.034375008
   vertex -0.088410981 -0.0018769132 0.034374983
   vertex -0.088410981 -0.0018766719 0.034999958
  endloop
 endfacet
 facet normal 1 -0 0
  outer loop
   vertex -0.088410981 -0.0025064466 0.034375008
   vertex -0.088410981 -0.0018766719 0.034999958
   vertex -0.088410981 -0.0025057478 0.034999928
  endloop
 endfacet
 facet normal 1 0 0
  outer loop
   vertex -0.088410981 1.2234955e-06 0.033124982
   vertex -0.088410981 -0.00062483193 0.033125
   vertex -0.088410981 -0.00062486537 0.032499987
  endloop
 endfacet
 facet normal 1 0 0
  outer loop
   vertex -0.088410981 1.2234955e-06 0.033124982
   vertex -0.088410981 -0.00062486537 0.032499987
   vertex -0.088410981 1.0321298e-06 0.032499943
  endloop
 endfacet
 facet normal 5.0638469e-16 0.99862953 -0.052335952
  outer loop
   vertex -0.084999559 -0.0058254653 0.036880113
   vertex -0.085643382 -0.0058254624 0.036880168
   vertex -0.08564411 -0.0057927507 0.037504345
  endloop
 endfacet
 facet normal 5.0638469e-16 0.99862953 -0.052335952
  outer loop
   vertex -0.084999559 -0.0058254653 0.036880113
   vertex -0.08564411 -0.0057927507 0.037504345
   vertex -0.084999319 -0.0057927535 0.037504292
  endloop
 endfacet
 facet normal 5.5402887e-16 0.99862953 -0.052335952
  outer loop
   vertex -0.087641504 -0.0058887205 0.035673133
   vertex -0.08696574 -0.0058878347 0.035690035
   vertex -0.086945868 -0.0059330925 0.034826464
  endloop
 endfacet
 facet normal 5.5402887e-16 0.99862953 -0.052335952
  outer loop
   vertex -0.087641504 -0.0058887205 0.035673133
   vertex -0.086945868 -0.0059330925 0.034826464
   vertex -0.087571653 -0.0059345028 0.034799554
  endloop
 endfacet
 facet normal 8.1207149e-16 0.99862953 -0.052335952
  outer loop
   vertex -0.087647025 -0.005825206 0.036885062
   vertex -0.087650151 -0.0057925017 0.037509097
   vertex -0.086978554 -0.005792671 0.037505865
  endloop
 endfacet
 facet normal 8.1207149e-16 0.99862953 -0.052335952
  outer loop
   vertex -0.087647025 -0.005825206 0.036885062
   vertex -0.086978554 -0.005792671 0.037505865
   vertex -0.086975437 -0.0058253803 0.036881736
  endloop
 endfacet
 facet normal -1.804884e-16 0.99862953 -0.052335952
  outer loop
   vertex -0.08564411 -0.0057927507 0.037504345
   vertex -0.085644545 -0.0057600651 0.038128024
   vertex -0.084998776 -0.0057600672 0.038127984
  endloop
 endfacet
 facet normal -1.804884e-16 0.99862953 -0.052335952
  outer loop
   vertex -0.08564411 -0.0057927507 0.037504345
   vertex -0.084998776 -0.0057600672 0.038127984
   vertex -0.084999319 -0.0057927535 0.037504292
  endloop
 endfacet
 facet normal 2.751415e-16 0.99862953 -0.052335952
  outer loop
   vertex -0.087660028 -0.0056944887 0.039379296
   vertex -0.08766357 -0.0056618191 0.04000267
   vertex -0.086989291 -0.0056619877 0.039999452
  endloop
 endfacet
 facet normal 2.751415e-16 0.99862953 -0.052335952
  outer loop
   vertex -0.087660028 -0.0056944887 0.039379296
   vertex -0.086989291 -0.0056619877 0.039999452
   vertex -0.086986563 -0.0056946556 0.039376111
  endloop
 endfacet
 facet normal 2.3506973e-16 0.99862953 -0.052335952
  outer loop
   vertex -0.087653294 -0.0057598253 0.038132599
   vertex -0.086981257 -0.0057599914 0.038129431
   vertex -0.086978554 -0.005792671 0.037505865
  endloop
 endfacet
 facet normal 2.3506973e-16 0.99862953 -0.052335952
  outer loop
   vertex -0.087653294 -0.0057598253 0.038132599
   vertex -0.086978554 -0.005792671 0.037505865
   vertex -0.087650151 -0.0057925017 0.037509097
  endloop
 endfacet
 facet normal 1 -2.205989e-14 2.192964e-14
  outer loop
   vertex -0.088410981 0.0018732902 0.037499495
   vertex -0.088410981 0.001880829 0.036874246
   vertex -0.088410981 0.0025091548 0.036873472
  endloop
 endfacet
 facet normal 1 -2.205989e-14 2.192964e-14
  outer loop
   vertex -0.088410981 0.0018732902 0.037499495
   vertex -0.088410981 0.0025091548 0.036873472
   vertex -0.088410981 0.002494267 0.037499001
  endloop
 endfacet
 facet normal 1 -2.2098264e-14 -2.2239409e-14
  outer loop
   vertex -0.088410981 0.00063024217 0.035000026
   vertex -0.088410981 0.00062933738 0.035624942
   vertex -0.088410981 1.278155e-06 0.035624998
  endloop
 endfacet
 facet normal 1 -2.2098264e-14 -2.2239409e-14
  outer loop
   vertex -0.088410981 0.00063024217 0.035000026
   vertex -0.088410981 1.278155e-06 0.035624998
   vertex -0.088410981 1.5297962e-06 0.035000028
  endloop
 endfacet
 facet normal 1 -0 0
  outer loop
   vertex -0.088410981 3.0381347e-07 0.036874975
   vertex -0.088410981 0.00062600303 0.036874904
   vertex -0.088410981 0.00062486668 0.037499928
  endloop
 endfacet
 facet normal 1 -0 0
  outer loop
   vertex -0.088410981 3.0381347e-07 0.036874975
   vertex -0.088410981 0.00062486668 0.037499928
   vertex -0.088410981 -4.0085961e-08 0.03749998
  endloop
 endfacet
 facet normal 1 -2.0700613e-14 -4.3631796e-16
  outer loop
   vertex -0.088410981 0.0019130314 0.034999586
   vertex -0.088410981 0.0025834601 0.034998444
   vertex -0.088410981 0.00257031 0.035622337
  endloop
 endfacet
 facet normal 1 -2.0700613e-14 -4.3631796e-16
  outer loop
   vertex -0.088410981 0.0019130314 0.034999586
   vertex -0.088410981 0.00257031 0.035622337
   vertex -0.088410981 0.0019065678 0.035624067
  endloop
 endfacet
 facet normal 1 0 0
  outer loop
   vertex -0.088410981 0.0025696766 0.033122159
   vertex -0.088410981 0.0019088422 0.03312381
   vertex -0.088410981 0.0019053896 0.032498324
  endloop
 endfacet
 facet normal 1 0 0
  outer loop
   vertex -0.088410981 0.0025696766 0.033122159
   vertex -0.088410981 0.0019053896 0.032498324
   vertex -0.088410981 0.002562425 0.032496156
  endloop
 endfacet
 facet normal 1 -1.1343982e-18 2.2206242e-14
  outer loop
   vertex -0.088410981 1.5268692e-06 0.034375044
   vertex -0.088410981 0.00063030926 0.034375076
   vertex -0.088410981 0.00063024217 0.035000026
  endloop
 endfacet
 facet normal 1 -1.1343982e-18 2.2206242e-14
  outer loop
   vertex -0.088410981 1.5268692e-06 0.034375044
   vertex -0.088410981 0.00063024217 0.035000026
   vertex -0.088410981 1.5297962e-06 0.035000028
  endloop
 endfacet
 facet normal 1 2.2094505e-14 4.4381164e-14
  outer loop
   vertex -0.088410981 0.00062892269 0.032499796
   vertex -0.088410981 0.00062950629 0.033124896
   vertex -0.088410981 1.2234955e-06 0.033124982
  endloop
 endfacet
 facet normal 1 2.2094505e-14 4.4381164e-14
  outer loop
   vertex -0.088410981 0.00062892269 0.032499796
   vertex -0.088410981 1.2234955e-06 0.033124982
   vertex -0.088410981 1.0321298e-06 0.032499943
  endloop
 endfacet
 facet normal 1 -2.0869651e-14 2.2233139e-14
  outer loop
   vertex -0.088410981 0.0019130314 0.034999586
   vertex -0.088410981 0.0019127173 0.034375097
   vertex -0.088410981 0.0025781464 0.034375524
  endloop
 endfacet
 facet normal 1 -2.0869651e-14 2.2233139e-14
  outer loop
   vertex -0.088410981 0.0019130314 0.034999586
   vertex -0.088410981 0.0025781464 0.034375524
   vertex -0.088410981 0.0025834601 0.034998444
  endloop
 endfacet
 facet normal -3.6922102e-17 0.99862953 -0.052335952
  outer loop
   vertex -0.087001663 -0.0054002658 0.044993404
   vertex -0.08768294 -0.0054000094 0.044998296
   vertex -0.087668191 -0.0053674766 0.04561906
  endloop
 endfacet
 facet normal -3.6922102e-17 0.99862953 -0.052335952
  outer loop
   vertex -0.087001663 -0.0054002658 0.044993404
   vertex -0.087668191 -0.0053674766 0.04561906
   vertex -0.086991183 -0.0053677836 0.045613201
  endloop
 endfacet
 facet normal -2.2105475e-16 0.99862953 -0.052335952
  outer loop
   vertex -0.084994476 -0.0054987284 0.043114625
   vertex -0.084341166 -0.0054987147 0.043114887
   vertex -0.084342589 -0.0055313886 0.042491432
  endloop
 endfacet
 facet normal -2.2105475e-16 0.99862953 -0.052335952
  outer loop
   vertex -0.084994476 -0.0054987284 0.043114625
   vertex -0.084342589 -0.0055313886 0.042491432
   vertex -0.08499493 -0.0055314032 0.042491152
  endloop
 endfacet
 facet normal 1.4932049e-06 0.99862289 -0.052462588
  outer loop
   vertex -0.082410976 -0.0054327262 0.044374022
   vertex -0.083045393 -0.0054331172 0.044366562
   vertex -0.083043162 -0.0054003132 0.044990984
  endloop
 endfacet
 facet normal 1.4932049e-06 0.99862289 -0.052462588
  outer loop
   vertex -0.082410976 -0.0054327262 0.044374022
   vertex -0.083043162 -0.0054003132 0.044990984
   vertex -0.082411049 -0.0054000615 0.044997311
  endloop
 endfacet
 facet normal -3.9820609e-15 0.99862953 -0.052335952
  outer loop
   vertex -0.083054386 -0.0055311763 0.042495483
   vertex -0.083051227 -0.0054985042 0.043118903
   vertex -0.082410976 -0.0054980565 0.043127446
  endloop
 endfacet
 facet normal -3.9820609e-15 0.99862953 -0.052335952
  outer loop
   vertex -0.083054386 -0.0055311763 0.042495483
   vertex -0.082410976 -0.0054980565 0.043127446
   vertex -0.082410976 -0.0055307216 0.042504158
  endloop
 endfacet
 facet normal -2.4415902e-17 0.99862953 -0.052335952
  outer loop
   vertex -0.084342589 -0.0055313886 0.042491432
   vertex -0.084344005 -0.0055640549 0.041868121
   vertex -0.084995346 -0.0055640706 0.041867822
  endloop
 endfacet
 facet normal -2.4415902e-17 0.99862953 -0.052335952
  outer loop
   vertex -0.084342589 -0.0055313886 0.042491432
   vertex -0.084995346 -0.0055640706 0.041867822
   vertex -0.08499493 -0.0055314032 0.042491152
  endloop
 endfacet
 facet normal -2.0705664e-15 0.99862953 -0.052335952
  outer loop
   vertex -0.083067331 -0.0056618358 0.04000235
   vertex -0.083063969 -0.0056291745 0.040625566
   vertex -0.082410976 -0.0056287171 0.040634294
  endloop
 endfacet
 facet normal -2.0705664e-15 0.99862953 -0.052335952
  outer loop
   vertex -0.083067331 -0.0056618358 0.04000235
   vertex -0.082410976 -0.0056287171 0.040634294
   vertex -0.082410976 -0.0056613822 0.040011006
  endloop
 endfacet
 facet normal 1.0056098e-15 0.99862953 -0.052335952
  outer loop
   vertex -0.082410976 -0.0055633868 0.04188087
   vertex -0.083057567 -0.0055638442 0.041872142
   vertex -0.083054386 -0.0055311763 0.042495483
  endloop
 endfacet
 facet normal 1.0056098e-15 0.99862953 -0.052335952
  outer loop
   vertex -0.082410976 -0.0055633868 0.04188087
   vertex -0.083054386 -0.0055311763 0.042495483
   vertex -0.082410976 -0.0055307216 0.042504158
  endloop
 endfacet
 facet normal 1 -4.4429524e-14 -2.2217785e-14
  outer loop
   vertex -0.088410981 -0.0018747784 0.042500056
   vertex -0.088410981 -0.0018749719 0.043125068
   vertex -0.088410981 -0.0024997357 0.043125175
  endloop
 endfacet
 facet normal 1 -4.4429524e-14 -2.2217785e-14
  outer loop
   vertex -0.088410981 -0.0018747784 0.042500056
   vertex -0.088410981 -0.0024997357 0.043125175
   vertex -0.088410981 -0.0024992919 0.042500135
  endloop
 endfacet
 facet normal 1 0 0
  outer loop
   vertex -0.088410981 -0.00062519529 0.045000004
   vertex -0.088410981 -0.00062509902 0.044375004
   vertex -0.088410981 1.8091165e-07 0.04437499
  endloop
 endfacet
 facet normal 1 0 0
  outer loop
   vertex -0.088410981 -0.00062519529 0.045000004
   vertex -0.088410981 1.8091165e-07 0.04437499
   vertex -0.088410981 2.142457e-07 0.044999999
  endloop
 endfacet
 facet normal 1 4.4029008e-14 -2.1894903e-14
  outer loop
   vertex -0.088410981 -0.0018779497 0.045000107
   vertex -0.088410981 -0.0025082127 0.045000368
   vertex -0.088410981 -0.0025038512 0.044375302
  endloop
 endfacet
 facet normal 1 4.4029008e-14 -2.1894903e-14
  outer loop
   vertex -0.088410981 -0.0018779497 0.045000107
   vertex -0.088410981 -0.0025038512 0.044375302
   vertex -0.088410981 -0.0018764604 0.044375099
  endloop
 endfacet
 facet normal 1 7.226942e-19 2.2204451e-14
  outer loop
   vertex -0.088410981 9.2065206e-08 0.043124981
   vertex -0.088410981 -0.0006250072 0.043125002
   vertex -0.088410981 -0.00062499923 0.042500001
  endloop
 endfacet
 facet normal 1 7.226942e-19 2.2204451e-14
  outer loop
   vertex -0.088410981 9.2065206e-08 0.043124981
   vertex -0.088410981 -0.00062499923 0.042500001
   vertex -0.088410981 4.0109291e-08 0.042499982
  endloop
 endfacet
 facet normal 1.9652489e-05 0.99862928 -0.052340784
  outer loop
   vertex -0.084997305 -0.0052652251 0.047570134
   vertex -0.084353988 -0.0052652598 0.047569714
   vertex -0.084339217 -0.0053101953 0.046712378
  endloop
 endfacet
 facet normal 1.9652489e-05 0.99862928 -0.052340784
  outer loop
   vertex -0.084997305 -0.0052652251 0.047570134
   vertex -0.084339217 -0.0053101953 0.046712378
   vertex -0.084991248 -0.0053101028 0.046713817
  endloop
 endfacet
 facet normal -0.70387726 0.70945493 -0.035078533
  outer loop
   vertex -0.082411 -0.0052660103 0.047530951
   vertex -0.082411043 -0.0052976593 0.046891725
   vertex -0.082414925 -0.0053120493 0.046678584
  endloop
 endfacet
 facet normal -0.70387726 0.70945493 -0.035078533
  outer loop
   vertex -0.082411 -0.0052660103 0.047530951
   vertex -0.082414925 -0.0053120493 0.046678584
   vertex -0.083027829 -0.0053107915 0.04669373
  endloop
 endfacet
 facet normal -0.70387726 0.70945493 -0.035078533
  outer loop
   vertex -0.082411 -0.0052660103 0.047530951
   vertex -0.083027829 -0.0053107915 0.04669373
   vertex -0.083067719 -0.0052675814 0.04755267
  endloop
 endfacet
 facet normal 6.4455477e-06 0.99705345 -0.076710005
  outer loop
   vertex -0.084997305 -0.0052652251 0.047570134
   vertex -0.084998291 -0.0052217637 0.048135032
   vertex -0.08435484 -0.0052217626 0.0481351
  endloop
 endfacet
 facet normal 6.4455477e-06 0.99705345 -0.076710005
  outer loop
   vertex -0.084997305 -0.0052652251 0.047570134
   vertex -0.08435484 -0.0052217626 0.0481351
   vertex -0.084353988 -0.0052652598 0.047569714
  endloop
 endfacet
 facet normal 0.0038485146 0.91135711 -0.41159859
  outer loop
   vertex -0.082641138 -0.0047207579 0.049766577
   vertex -0.082411821 -0.0049001586 0.049371494
   vertex -0.083069199 -0.0049236158 0.049313409
  endloop
 endfacet
 facet normal 0.0038485146 0.91135711 -0.41159859
  outer loop
   vertex -0.082641138 -0.0047207579 0.049766577
   vertex -0.083069199 -0.0049236158 0.049313409
   vertex -0.083081445 -0.0047195642 0.049770778
  endloop
 endfacet
 facet normal -0.0049513737 0.99697245 -0.077597801
  outer loop
   vertex -0.082411 -0.0052660103 0.047530951
   vertex -0.083067719 -0.0052675814 0.04755267
   vertex -0.083072603 -0.0052221303 0.048136936
  endloop
 endfacet
 facet normal -0.0049513737 0.99697245 -0.077597801
  outer loop
   vertex -0.082411 -0.0052660103 0.047530951
   vertex -0.083072603 -0.0052221303 0.048136936
   vertex -0.082410986 -0.0052190063 0.048151289
  endloop
 endfacet
 facet normal 0.00039712023 0.99861531 -0.052605259
  outer loop
   vertex -0.083043162 -0.0054003132 0.044990984
   vertex -0.083041387 -0.005367728 0.045609569
   vertex -0.082411252 -0.0053675771 0.04561719
  endloop
 endfacet
 facet normal 0.00039712023 0.99861531 -0.052605259
  outer loop
   vertex -0.083043162 -0.0054003132 0.044990984
   vertex -0.082411252 -0.0053675771 0.04561719
   vertex -0.082411049 -0.0054000615 0.044997311
  endloop
 endfacet
 facet normal 1.8247171e-15 0.99862953 -0.052335952
  outer loop
   vertex -0.08564748 -0.0055313914 0.042491378
   vertex -0.085647875 -0.0054987124 0.043114931
   vertex -0.084994476 -0.0054987284 0.043114625
  endloop
 endfacet
 facet normal 1.8247171e-15 0.99862953 -0.052335952
  outer loop
   vertex -0.08564748 -0.0055313914 0.042491378
   vertex -0.084994476 -0.0054987284 0.043114625
   vertex -0.08499493 -0.0055314032 0.042491152
  endloop
 endfacet
 facet normal -6.8166354e-16 0.99862953 -0.052335952
  outer loop
   vertex -0.087001663 -0.0054002658 0.044993404
   vertex -0.087005461 -0.0054330706 0.044367452
   vertex -0.087686884 -0.005432816 0.044372308
  endloop
 endfacet
 facet normal -6.8166354e-16 0.99862953 -0.052335952
  outer loop
   vertex -0.087001663 -0.0054002658 0.044993404
   vertex -0.087686884 -0.005432816 0.044372308
   vertex -0.08768294 -0.0054000094 0.044998296
  endloop
 endfacet
 facet normal -1.7918503e-15 0.99862953 -0.052335952
  outer loop
   vertex -0.087000837 -0.0055312507 0.042494063
   vertex -0.087679208 -0.005531022 0.042498427
   vertex -0.087682914 -0.0054982684 0.043123402
  endloop
 endfacet
 facet normal -1.7918503e-15 0.99862953 -0.052335952
  outer loop
   vertex -0.087000837 -0.0055312507 0.042494063
   vertex -0.087682914 -0.0054982684 0.043123402
   vertex -0.087003469 -0.0054985392 0.043118236
  endloop
 endfacet
 facet normal -1.2892458e-15 0.99862953 -0.052335952
  outer loop
   vertex -0.084995346 -0.0055640706 0.041867822
   vertex -0.085646995 -0.0055640629 0.041867968
   vertex -0.08564748 -0.0055313914 0.042491378
  endloop
 endfacet
 facet normal -1.2892458e-15 0.99862953 -0.052335952
  outer loop
   vertex -0.084995346 -0.0055640706 0.041867822
   vertex -0.08564748 -0.0055313914 0.042491378
   vertex -0.08499493 -0.0055314032 0.042491152
  endloop
 endfacet
 facet normal -2.4349303e-16 0.99862953 -0.052335952
  outer loop
   vertex -0.087667249 -0.0056291457 0.040626116
   vertex -0.086992094 -0.0056293168 0.040622849
   vertex -0.086989291 -0.0056619877 0.039999452
  endloop
 endfacet
 facet normal -2.4349303e-16 0.99862953 -0.052335952
  outer loop
   vertex -0.087667249 -0.0056291457 0.040626116
   vertex -0.086989291 -0.0056619877 0.039999452
   vertex -0.08766357 -0.0056618191 0.04000267
  endloop
 endfacet
 facet normal -4.1438277e-16 0.99862953 -0.052335952
  outer loop
   vertex -0.087000837 -0.0055312507 0.042494063
   vertex -0.086997937 -0.0055639544 0.041870038
   vertex -0.087675185 -0.0055637688 0.041873581
  endloop
 endfacet
 facet normal -4.1438277e-16 0.99862953 -0.052335952
  outer loop
   vertex -0.087000837 -0.0055312507 0.042494063
   vertex -0.087675185 -0.0055637688 0.041873581
   vertex -0.087679208 -0.005531022 0.042498427
  endloop
 endfacet
 facet normal 1 -2.1816737e-14 -5.9236477e-17
  outer loop
   vertex -0.088410981 -0.0025175066 0.046876749
   vertex -0.088410981 -0.0018813968 0.046875862
   vertex -0.088410981 -0.0018830992 0.047502845
  endloop
 endfacet
 facet normal 1 -2.1816737e-14 -5.9236477e-17
  outer loop
   vertex -0.088410981 -0.0025175066 0.046876749
   vertex -0.088410981 -0.0018830992 0.047502845
   vertex -0.088410981 -0.002520705 0.047505299
  endloop
 endfacet
 facet normal 1 0 0
  outer loop
   vertex -0.088410981 2.4968361e-07 0.045625008
   vertex -0.088410981 -0.00062529091 0.045625004
   vertex -0.088410981 -0.00062519529 0.045000004
  endloop
 endfacet
 facet normal 1 0 0
  outer loop
   vertex -0.088410981 2.4968361e-07 0.045625008
   vertex -0.088410981 -0.00062519529 0.045000004
   vertex -0.088410981 2.142457e-07 0.044999999
  endloop
 endfacet
 facet normal 1 4.382043e-14 1.0948061e-16
  outer loop
   vertex -0.088410981 -0.0018779497 0.045000107
   vertex -0.088410981 -0.0018795112 0.045625115
   vertex -0.088410981 -0.0025129054 0.045625409
  endloop
 endfacet
 facet normal 1 4.382043e-14 1.0948061e-16
  outer loop
   vertex -0.088410981 -0.0018779497 0.045000107
   vertex -0.088410981 -0.0025129054 0.045625409
   vertex -0.088410981 -0.0025082127 0.045000368
  endloop
 endfacet
 facet normal 1 4.4354065e-14 2.2199215e-14
  outer loop
   vertex -0.088410981 -0.00062564229 0.047500749
   vertex -0.088410981 -0.0006254255 0.046875168
   vertex -0.088410981 3.6186802e-07 0.046875139
  endloop
 endfacet
 facet normal 1 4.4354065e-14 2.2199215e-14
  outer loop
   vertex -0.088410981 -0.00062564229 0.047500749
   vertex -0.088410981 3.6186802e-07 0.046875139
   vertex -0.088410981 4.7464012e-07 0.047500668
  endloop
 endfacet
 facet normal 1 -3.4303728e-17 -2.220728e-14
  outer loop
   vertex -0.088410981 0.0025212402 0.043123331
   vertex -0.088410981 0.0018830542 0.043124317
   vertex -0.088410981 0.0018810555 0.042499399
  endloop
 endfacet
 facet normal 1 -3.4303728e-17 -2.220728e-14
  outer loop
   vertex -0.088410981 0.0025212402 0.043123331
   vertex -0.088410981 0.0018810555 0.042499399
   vertex -0.088410981 0.0025165143 0.042498551
  endloop
 endfacet
 facet normal 1 -2.2173077e-14 2.2210212e-14
  outer loop
   vertex -0.088410981 1.8091165e-07 0.04437499
   vertex -0.088410981 0.00062602287 0.044374947
   vertex -0.088410981 0.00062621668 0.044999979
  endloop
 endfacet
 facet normal 1 -2.2173077e-14 2.2210212e-14
  outer loop
   vertex -0.088410981 1.8091165e-07 0.04437499
   vertex -0.088410981 0.00062621668 0.044999979
   vertex -0.088410981 2.142457e-07 0.044999999
  endloop
 endfacet
 facet normal 1 2.2188416e-14 2.219687e-14
  outer loop
   vertex -0.088410981 0.00062537938 0.042499932
   vertex -0.088410981 0.00062559949 0.043124926
   vertex -0.088410981 9.2065206e-08 0.043124981
  endloop
 endfacet
 facet normal 1 2.2188416e-14 2.219687e-14
  outer loop
   vertex -0.088410981 0.00062537938 0.042499932
   vertex -0.088410981 9.2065206e-08 0.043124981
   vertex -0.088410981 4.0109291e-08 0.042499982
  endloop
 endfacet
 facet normal 1 4.3070155e-14 4.4131014e-14
  outer loop
   vertex -0.088410981 0.002530024 0.044373339
   vertex -0.088410981 0.0025335897 0.044998795
   vertex -0.088410981 0.0018883533 0.044999585
  endloop
 endfacet
 facet normal 1 4.3070155e-14 4.4131014e-14
  outer loop
   vertex -0.088410981 0.002530024 0.044373339
   vertex -0.088410981 0.0018883533 0.044999585
   vertex -0.088410981 0.0018867832 0.044374373
  endloop
 endfacet
 facet normal 5.5526149e-05 -0.99908088 0.042864716
  outer loop
   vertex -0.084986567 0.0047375588 0.047457776
   vertex -0.084986794 0.0047147546 0.046926262
   vertex -0.084335668 0.0047148065 0.046926627
  endloop
 endfacet
 facet normal 5.5526149e-05 -0.99908088 0.042864716
  outer loop
   vertex -0.084986567 0.0047375588 0.047457776
   vertex -0.084335668 0.0047148065 0.046926627
   vertex -0.084335116 0.004737579 0.047457887
  endloop
 endfacet
 facet normal 0.0010541731 -0.99910106 0.042378793
  outer loop
   vertex -0.08242033 0.0047376859 0.047469272
   vertex -0.083039732 0.0047365396 0.047457655
   vertex -0.083042227 0.0047140003 0.046926342
  endloop
 endfacet
 facet normal 0.0010541731 -0.99910106 0.042378793
  outer loop
   vertex -0.08242033 0.0047376859 0.047469272
   vertex -0.083042227 0.0047140003 0.046926342
   vertex -0.082419313 0.0047139491 0.04690826
  endloop
 endfacet
 facet normal 3.8121303e-05 -0.99913341 -0.041622559
  outer loop
   vertex -0.084986567 0.0047375588 0.047457776
   vertex -0.084335116 0.004737579 0.047457887
   vertex -0.084338512 0.0047161195 0.04797301
  endloop
 endfacet
 facet normal 3.8121303e-05 -0.99913341 -0.041622559
  outer loop
   vertex -0.084986567 0.0047375588 0.047457776
   vertex -0.084338512 0.0047161195 0.04797301
   vertex -0.084988803 0.0047160243 0.047973737
  endloop
 endfacet
 facet normal 0.00011135271 -0.98383323 -0.17908702
  outer loop
   vertex -0.084338512 0.0047161195 0.04797301
   vertex -0.084348451 0.0045609927 0.048825209
   vertex -0.084995151 0.0045607919 0.04882591
  endloop
 endfacet
 facet normal 0.00011135271 -0.98383323 -0.17908702
  outer loop
   vertex -0.084338512 0.0047161195 0.04797301
   vertex -0.084995151 0.0045607919 0.04882591
   vertex -0.084988803 0.0047160243 0.047973737
  endloop
 endfacet
 facet normal 0.0009672376 -0.99919801 -0.0400299
  outer loop
   vertex -0.08242033 0.0047376859 0.047469272
   vertex -0.082434284 0.0047181263 0.047957166
   vertex -0.083032951 0.0047174241 0.047960229
  endloop
 endfacet
 facet normal 0.0009672376 -0.99919801 -0.0400299
  outer loop
   vertex -0.08242033 0.0047376859 0.047469272
   vertex -0.083032951 0.0047174241 0.047960229
   vertex -0.083039732 0.0047365396 0.047457655
  endloop
 endfacet
 facet normal -0.00016784192 -0.96707379 -0.25449609
  outer loop
   vertex -0.083032951 0.0047174241 0.047960229
   vertex -0.082434284 0.0047181263 0.047957166
   vertex -0.082412635 0.0046631062 0.048166226
  endloop
 endfacet
 facet normal -0.00016784192 -0.96707379 -0.25449609
  outer loop
   vertex -0.083032951 0.0047174241 0.047960229
   vertex -0.082412635 0.0046631062 0.048166226
   vertex -0.082411332 0.004552045 0.048823302
  endloop
 endfacet
 facet normal -0.00016784192 -0.96707379 -0.25449609
  outer loop
   vertex -0.083032951 0.0047174241 0.047960229
   vertex -0.082411332 0.004552045 0.048823302
   vertex -0.083058452 0.0045674001 0.04881156
  endloop
 endfacet
 facet normal -3.0713567e-05 -0.9990793 0.04290174
  outer loop
   vertex -0.084986567 0.0047375588 0.047457776
   vertex -0.085630923 0.0047375588 0.047457315
   vertex -0.085631093 0.0047147551 0.046926272
  endloop
 endfacet
 facet normal -3.0713567e-05 -0.9990793 0.04290174
  outer loop
   vertex -0.084986567 0.0047375588 0.047457776
   vertex -0.085631093 0.0047147551 0.046926272
   vertex -0.084986794 0.0047147546 0.046926262
  endloop
 endfacet
 facet normal 4.0364823e-06 -0.99904945 0.043591131
  outer loop
   vertex -0.087525415 0.0047375588 0.047448437
   vertex -0.087526414 0.0047148758 0.046928574
   vertex -0.086924347 0.0047148903 0.046928851
  endloop
 endfacet
 facet normal 4.0364823e-06 -0.99904945 0.043591131
  outer loop
   vertex -0.087525415 0.0047375588 0.047448437
   vertex -0.086924347 0.0047148903 0.046928851
   vertex -0.086923841 0.0047375588 0.047452848
  endloop
 endfacet
 facet normal 1 2.1353039e-14 2.2111199e-14
  outer loop
   vertex -0.088410981 0.0018935382 0.047502072
   vertex -0.088410981 0.0018925781 0.046875363
   vertex -0.088410981 0.0025428706 0.046875004
  endloop
 endfacet
 facet normal 1 2.1353039e-14 2.2111199e-14
  outer loop
   vertex -0.088410981 0.0018935382 0.047502072
   vertex -0.088410981 0.0025428706 0.046875004
   vertex -0.088410981 0.0025436951 0.047501824
  endloop
 endfacet
 facet normal 1 2.2163356e-14 2.2196595e-14
  outer loop
   vertex -0.088410981 0.00062621668 0.044999979
   vertex -0.088410981 0.00062640471 0.045625013
   vertex -0.088410981 2.4968361e-07 0.045625008
  endloop
 endfacet
 facet normal 1 2.2163356e-14 2.2196595e-14
  outer loop
   vertex -0.088410981 0.00062621668 0.044999979
   vertex -0.088410981 2.4968361e-07 0.045625008
   vertex -0.088410981 2.142457e-07 0.044999999
  endloop
 endfacet
 facet normal 1 -2.2151762e-14 1.5039733e-17
  outer loop
   vertex -0.088410981 3.6186802e-07 0.046875139
   vertex -0.088410981 0.00062684879 0.04687522
   vertex -0.088410981 0.00062727367 0.047501016
  endloop
 endfacet
 facet normal 1 -2.2151762e-14 1.5039733e-17
  outer loop
   vertex -0.088410981 3.6186802e-07 0.046875139
   vertex -0.088410981 0.00062727367 0.047501016
   vertex -0.088410981 4.7464012e-07 0.047500668
  endloop
 endfacet
 facet normal 1 -4.2894546e-14 4.4482533e-14
  outer loop
   vertex -0.088410981 0.0025364182 0.045624514
   vertex -0.088410981 0.0018897181 0.045624866
   vertex -0.088410981 0.0018883533 0.044999585
  endloop
 endfacet
 facet normal 1 -4.2894546e-14 4.4482533e-14
  outer loop
   vertex -0.088410981 0.0025364182 0.045624514
   vertex -0.088410981 0.0018883533 0.044999585
   vertex -0.088410981 0.0025335897 0.044998795
  endloop
 endfacet
 facet normal -9.4555776e-05 -0.99913014 -0.041700684
  outer loop
   vertex -0.084986567 0.0047375588 0.047457776
   vertex -0.084988803 0.0047160243 0.047973737
   vertex -0.085633325 0.0047161255 0.047972774
  endloop
 endfacet
 facet normal -9.4555776e-05 -0.99913014 -0.041700684
  outer loop
   vertex -0.084986567 0.0047375588 0.047457776
   vertex -0.085633325 0.0047161255 0.047972774
   vertex -0.085630923 0.0047375588 0.047457315
  endloop
 endfacet
 facet normal 0.00011321939 -0.98381071 -0.1792107
  outer loop
   vertex -0.085633325 0.0047161255 0.047972774
   vertex -0.084988803 0.0047160243 0.047973737
   vertex -0.084995151 0.0045607919 0.04882591
  endloop
 endfacet
 facet normal 0.00011321939 -0.98381071 -0.1792107
  outer loop
   vertex -0.085633325 0.0047161255 0.047972774
   vertex -0.084995151 0.0045607919 0.04882591
   vertex -0.08564131 0.0045609564 0.048825337
  endloop
 endfacet
 facet normal 0.00028880116 -0.99922376 -0.039392786
  outer loop
   vertex -0.087525415 0.0047375588 0.047448437
   vertex -0.086923841 0.0047375588 0.047452848
   vertex -0.086937068 0.0047176172 0.047958582
  endloop
 endfacet
 facet normal 0.00028880116 -0.99922376 -0.039392786
  outer loop
   vertex -0.087525415 0.0047375588 0.047448437
   vertex -0.086937068 0.0047176172 0.047958582
   vertex -0.087559543 0.004719993 0.04793263
  endloop
 endfacet
 facet normal 0.0036197144 -0.98421719 -0.17692774
  outer loop
   vertex -0.087559543 0.004719993 0.04793263
   vertex -0.086937068 0.0047176172 0.047958582
   vertex -0.08697661 0.0045628412 0.048818764
  endloop
 endfacet
 facet normal 0.0036197144 -0.98421719 -0.17692774
  outer loop
   vertex -0.087559543 0.004719993 0.04793263
   vertex -0.08697661 0.0045628412 0.048818764
   vertex -0.087655923 0.0045649663 0.048811353
  endloop
 endfacet
 facet normal -2.694633e-05 0.74510548 -0.66694665
  outer loop
   vertex -0.084346398 -0.0042610186 0.050507447
   vertex -0.084995928 -0.0042609178 0.050507586
   vertex -0.084995762 -0.003686619 0.051149186
  endloop
 endfacet
 facet normal -2.694633e-05 0.74510548 -0.66694665
  outer loop
   vertex -0.084346398 -0.0042610186 0.050507447
   vertex -0.084995762 -0.003686619 0.051149186
   vertex -0.084348052 -0.0036837247 0.051151981
  endloop
 endfacet
 facet normal 0.99893988 -0.018616089 -0.042101751
  outer loop
   vertex -0.088397589 -0.0025630033 0.05194458
   vertex -0.088409954 -0.0028179784 0.05176395
   vertex -0.08840708 -0.0019856247 0.051464094
  endloop
 endfacet
 facet normal 0.99893988 -0.018616089 -0.042101751
  outer loop
   vertex -0.088397589 -0.0025630033 0.05194458
   vertex -0.08840708 -0.0019856247 0.051464094
   vertex -0.08841047 -0.0019132709 0.051923822
  endloop
 endfacet
 facet normal 0.99999999 1.2667214e-05 -0.00015557286
  outer loop
   vertex -0.088410856 -0.0012871067 0.050723902
   vertex -0.08841096 -0.0012752292 0.050056125
   vertex -0.088410971 -0.00063169115 0.050041681
  endloop
 endfacet
 facet normal 0.99999999 1.2667214e-05 -0.00015557286
  outer loop
   vertex -0.088410856 -0.0012871067 0.050723902
   vertex -0.088410971 -0.00063169115 0.050041681
   vertex -0.088410952 -0.00063412626 0.050700653
  endloop
 endfacet
 facet normal 0.99999999 -5.6331402e-05 0.00012286574
  outer loop
   vertex -0.088410925 1.3009094e-05 0.050702539
   vertex -0.088411006 1.429587e-05 0.051361323
   vertex -0.088411042 -0.00063338511 0.051358297
  endloop
 endfacet
 facet normal 0.99999999 -5.6331402e-05 0.00012286574
  outer loop
   vertex -0.088410925 1.3009094e-05 0.050702539
   vertex -0.088411042 -0.00063338511 0.051358297
   vertex -0.088410952 -0.00063412626 0.050700653
  endloop
 endfacet
 facet normal 0.99999237 -0.0037911807 -0.00093993519
  outer loop
   vertex -0.08840708 -0.0019856247 0.051464094
   vertex -0.088409954 -0.0028179784 0.05176395
   vertex -0.088410164 -0.0026471562 0.050851004
  endloop
 endfacet
 facet normal 0.99999237 -0.0037911807 -0.00093993519
  outer loop
   vertex -0.08840708 -0.0019856247 0.051464094
   vertex -0.088410164 -0.0026471562 0.050851004
   vertex -0.088410451 -0.0019585544 0.050777089
  endloop
 endfacet
 facet normal 0.99999999 3.6836734e-05 -0.00015514297
  outer loop
   vertex -0.088410932 -0.0019276091 0.050083863
   vertex -0.08841096 -0.0012752292 0.050056125
   vertex -0.088410856 -0.0012871067 0.050723902
  endloop
 endfacet
 facet normal 0.99999999 3.6836734e-05 -0.00015514297
  outer loop
   vertex -0.088410932 -0.0019276091 0.050083863
   vertex -0.088410856 -0.0012871067 0.050723902
   vertex -0.088410451 -0.0019585544 0.050777089
  endloop
 endfacet
 facet normal 0.99999675 0.00033591573 -0.002526106
  outer loop
   vertex -0.088410981 -0.00062325978 0.052491692
   vertex -0.088410982 -0.0012001572 0.052414683
   vertex -0.08841215 -0.0012563374 0.051944939
  endloop
 endfacet
 facet normal 0.99999675 0.00033591573 -0.002526106
  outer loop
   vertex -0.088410981 -0.00062325978 0.052491692
   vertex -0.08841215 -0.0012563374 0.051944939
   vertex -0.088411824 -0.00062578058 0.051958639
  endloop
 endfacet
 facet normal 0.99999915 3.1051576e-06 0.0013026893
  outer loop
   vertex -0.088411832 7.1079016e-06 0.051962923
   vertex -0.088411824 -0.00062578058 0.051958639
   vertex -0.088411042 -0.00063338511 0.051358297
  endloop
 endfacet
 facet normal 0.99999915 3.1051576e-06 0.0013026893
  outer loop
   vertex -0.088411832 7.1079016e-06 0.051962923
   vertex -0.088411042 -0.00063338511 0.051358297
   vertex -0.088411006 1.429587e-05 0.051361323
  endloop
 endfacet
 facet normal -0.03440852 -0.63084584 -0.77514488
  outer loop
   vertex -0.087536094 0.0022713989 0.051845159
   vertex -0.087991592 0.0022300577 0.051899024
   vertex -0.088405765 0.002707443 0.051528893
  endloop
 endfacet
 facet normal -0.03440852 -0.63084584 -0.77514488
  outer loop
   vertex -0.087536094 0.0022713989 0.051845159
   vertex -0.088405765 0.002707443 0.051528893
   vertex -0.088408907 0.0030836049 0.05122185
  endloop
 endfacet
 facet normal -0.03440852 -0.63084584 -0.77514488
  outer loop
   vertex -0.087536094 0.0022713989 0.051845159
   vertex -0.088408907 0.0030836049 0.05122185
   vertex -0.087674946 0.0030898159 0.051214028
  endloop
 endfacet
 facet normal 0.99999873 -0.0015577565 -0.00033326336
  outer loop
   vertex -0.08840959 0.0013425944 0.050789395
   vertex -0.088410661 0.00066786648 0.050730164
   vertex -0.088410909 0.00065227258 0.050059072
  endloop
 endfacet
 facet normal 0.99999873 -0.0015577565 -0.00033326336
  outer loop
   vertex -0.08840959 0.0013425944 0.050789395
   vertex -0.088410909 0.00065227258 0.050059072
   vertex -0.088410797 0.0013044158 0.050088868
  endloop
 endfacet
 facet normal 0.9999993 -0.0011724267 0.00012504568
  outer loop
   vertex -0.088410236 0.00067419534 0.051393077
   vertex -0.088411006 1.429587e-05 0.051361323
   vertex -0.088410925 1.3009094e-05 0.050702539
  endloop
 endfacet
 facet normal 0.9999993 -0.0011724267 0.00012504568
  outer loop
   vertex -0.088410236 0.00067419534 0.051393077
   vertex -0.088410925 1.3009094e-05 0.050702539
   vertex -0.088410661 0.00066786648 0.050730164
  endloop
 endfacet
 facet normal 0.99986325 -0.013620976 -0.0093779954
  outer loop
   vertex -0.088413636 0.0026351761 0.050794663
   vertex -0.088405765 0.002707443 0.051528893
   vertex -0.088409947 0.0022147228 0.05179862
  endloop
 endfacet
 facet normal 0.99986325 -0.013620976 -0.0093779954
  outer loop
   vertex -0.088413636 0.0026351761 0.050794663
   vertex -0.088409947 0.0022147228 0.05179862
   vertex -0.088407996 0.0020351577 0.050870759
  endloop
 endfacet
 facet normal 0.99999176 -0.0018786541 -0.0035985432
  outer loop
   vertex -0.088410848 0.0019601425 0.050117361
   vertex -0.088407996 0.0020351577 0.050870759
   vertex -0.08840959 0.0013425944 0.050789395
  endloop
 endfacet
 facet normal 0.99999176 -0.0018786541 -0.0035985432
  outer loop
   vertex -0.088410848 0.0019601425 0.050117361
   vertex -0.08840959 0.0013425944 0.050789395
   vertex -0.088410797 0.0013044158 0.050088868
  endloop
 endfacet
 facet normal 0.99999955 0.0002120038 0.0009279155
  outer loop
   vertex -0.088410687 0.0013059446 0.05195034
   vertex -0.088410974 0.0012182497 0.052279917
   vertex -0.088410981 0.00058617224 0.052431939
  endloop
 endfacet
 facet normal 0.99999955 0.0002120038 0.0009279155
  outer loop
   vertex -0.088410687 0.0013059446 0.05195034
   vertex -0.088410981 0.00058617224 0.052431939
   vertex -0.088411952 0.00064290955 0.051958624
  endloop
 endfacet
 facet normal 0.99999832 -0.0012317488 0.0013578577
  outer loop
   vertex -0.088411832 7.1079016e-06 0.051962923
   vertex -0.088411006 1.429587e-05 0.051361323
   vertex -0.088410236 0.00067419534 0.051393077
  endloop
 endfacet
 facet normal 0.99999832 -0.0012317488 0.0013578577
  outer loop
   vertex -0.088411832 7.1079016e-06 0.051962923
   vertex -0.088410236 0.00067419534 0.051393077
   vertex -0.088411952 0.00064290955 0.051958624
  endloop
 endfacet
 facet normal 1 0 0
  outer loop
   vertex -0.088410981 -0.0049999045 0.030626569
   vertex -0.088410981 -0.0050229916 0.031252475
   vertex -0.088410981 -0.0056222457 0.031253805
  endloop
 endfacet
 facet normal 1 0 0
  outer loop
   vertex -0.088410981 -0.0049999045 0.030626569
   vertex -0.088410981 -0.0056222457 0.031253805
   vertex -0.088410981 -0.0055817679 0.030627183
  endloop
 endfacet
 facet normal 1 0 0
  outer loop
   vertex -0.088410981 -0.0055776854 0.030000936
   vertex -0.088410981 -0.0055817679 0.030627183
   vertex -0.088410981 -0.0061528872 0.030632531
  endloop
 endfacet
 facet normal 1 0 0
  outer loop
   vertex -0.088410981 -0.0055776854 0.030000936
   vertex -0.088410981 -0.0061528872 0.030632531
   vertex -0.088410981 -0.0061857364 0.030005731
  endloop
 endfacet
 facet normal -3.6467956e-16 0.99862953 -0.052335952
  outer loop
   vertex -0.087674895 -0.0061861365 0.029998096
   vertex -0.088410981 -0.0061857364 0.030005731
   vertex -0.088410981 -0.0061528872 0.030632531
  endloop
 endfacet
 facet normal -3.6467956e-16 0.99862953 -0.052335952
  outer loop
   vertex -0.087674895 -0.0061861365 0.029998096
   vertex -0.088410981 -0.0061528872 0.030632531
   vertex -0.087678901 -0.0061533891 0.030622953
  endloop
 endfacet
 facet normal -4.6988157e-16 0.99862953 -0.052335952
  outer loop
   vertex -0.087682378 -0.0061206657 0.031247353
   vertex -0.087678901 -0.0061533891 0.030622953
   vertex -0.088410981 -0.0061528872 0.030632531
  endloop
 endfacet
 facet normal -4.6988157e-16 0.99862953 -0.052335952
  outer loop
   vertex -0.087682378 -0.0061206657 0.031247353
   vertex -0.088410981 -0.0061528872 0.030632531
   vertex -0.088410981 -0.0061202221 0.031255818
  endloop
 endfacet
 facet normal 1 0 0
  outer loop
   vertex -0.088410981 -0.0057438555 0.032508059
   vertex -0.088410981 -0.0060544624 0.032510588
   vertex -0.088410981 -0.0060873723 0.031882629
  endloop
 endfacet
 facet normal 1 0 0
  outer loop
   vertex -0.088410981 -0.0057438555 0.032508059
   vertex -0.088410981 -0.0060873723 0.031882629
   vertex -0.088410981 -0.0056903715 0.031880663
  endloop
 endfacet
 facet normal 1 -0 0
  outer loop
   vertex -0.088410981 -0.0056222457 0.031253805
   vertex -0.088410981 -0.0050229916 0.031252475
   vertex -0.088410981 -0.005059672 0.031878788
  endloop
 endfacet
 facet normal 1 -0 0
  outer loop
   vertex -0.088410981 -0.0056222457 0.031253805
   vertex -0.088410981 -0.005059672 0.031878788
   vertex -0.088410981 -0.0056903715 0.031880663
  endloop
 endfacet
 facet normal 1 0 0
  outer loop
   vertex -0.088410981 -0.0051736109 0.034381398
   vertex -0.088410981 -0.0059563572 0.034382547
   vertex -0.088410981 -0.0059884851 0.033769511
  endloop
 endfacet
 facet normal 1 0 0
  outer loop
   vertex -0.088410981 -0.0051736109 0.034381398
   vertex -0.088410981 -0.0059884851 0.033769511
   vertex -0.088410981 -0.0051871791 0.033758273
  endloop
 endfacet
 facet normal -7.7572381e-16 0.99862953 -0.052335952
  outer loop
   vertex -0.087571653 -0.0059345028 0.034799554
   vertex -0.087557748 -0.0059598242 0.034316393
   vertex -0.088021007 -0.0059590494 0.034331177
  endloop
 endfacet
 facet normal -7.7572381e-16 0.99862953 -0.052335952
  outer loop
   vertex -0.087571653 -0.0059345028 0.034799554
   vertex -0.088021007 -0.0059590494 0.034331177
   vertex -0.088023338 -0.0059365605 0.034760291
  endloop
 endfacet
 facet normal -4.3844496e-16 0.99862953 -0.052335952
  outer loop
   vertex -0.087571653 -0.0059345028 0.034799554
   vertex -0.088023338 -0.0059365605 0.034760291
   vertex -0.088410981 -0.0059231201 0.035016749
  endloop
 endfacet
 facet normal -4.3844496e-16 0.99862953 -0.052335952
  outer loop
   vertex -0.087571653 -0.0059345028 0.034799554
   vertex -0.088410981 -0.0059231201 0.035016749
   vertex -0.088410981 -0.0058896247 0.035655879
  endloop
 endfacet
 facet normal -4.3844496e-16 0.99862953 -0.052335952
  outer loop
   vertex -0.087571653 -0.0059345028 0.034799554
   vertex -0.088410981 -0.0058896247 0.035655879
   vertex -0.087641504 -0.0058887205 0.035673133
  endloop
 endfacet
 facet normal 7.9093318e-16 0.99862953 -0.052335952
  outer loop
   vertex -0.087586362 -0.0059898559 0.033743355
   vertex -0.088090945 -0.0059894863 0.033750406
   vertex -0.088021007 -0.0059590494 0.034331177
  endloop
 endfacet
 facet normal 7.9093318e-16 0.99862953 -0.052335952
  outer loop
   vertex -0.087586362 -0.0059898559 0.033743355
   vertex -0.088021007 -0.0059590494 0.034331177
   vertex -0.087557748 -0.0059598242 0.034316393
  endloop
 endfacet
 facet normal 1 0 0
  outer loop
   vertex -0.088410981 -0.0060217973 0.033133876
   vertex -0.088410981 -0.0060544624 0.032510588
   vertex -0.088410981 -0.0057438555 0.032508059
  endloop
 endfacet
 facet normal 1 0 0
  outer loop
   vertex -0.088410981 -0.0060217973 0.033133876
   vertex -0.088410981 -0.0057438555 0.032508059
   vertex -0.088408438 -0.005980061 0.033145739
  endloop
 endfacet
 facet normal 1 0 0
  outer loop
   vertex -0.088410981 -0.0051672288 0.033133786
   vertex -0.088410981 -0.0051871791 0.033758273
   vertex -0.088410981 -0.0059884851 0.033769511
  endloop
 endfacet
 facet normal 1 0 0
  outer loop
   vertex -0.088410981 -0.0051672288 0.033133786
   vertex -0.088410981 -0.0059884851 0.033769511
   vertex -0.088408438 -0.005980061 0.033145739
  endloop
 endfacet
 facet normal 1 2.1727229e-14 -2.2272236e-14
  outer loop
   vertex -0.088410981 -0.0031346696 0.037500688
   vertex -0.088410981 -0.003132739 0.038125669
   vertex -0.088410981 -0.0037704823 0.03812663
  endloop
 endfacet
 facet normal 1 2.1727229e-14 -2.2272236e-14
  outer loop
   vertex -0.088410981 -0.0031346696 0.037500688
   vertex -0.088410981 -0.0037704823 0.03812663
   vertex -0.088410981 -0.003775048 0.037501731
  endloop
 endfacet
 facet normal 1 0 0
  outer loop
   vertex -0.088410981 -0.0031307714 0.038750593
   vertex -0.088410981 -0.003132739 0.038125669
   vertex -0.088410981 -0.0025023917 0.038125239
  endloop
 endfacet
 facet normal 1 0 0
  outer loop
   vertex -0.088410981 -0.0031307714 0.038750593
   vertex -0.088410981 -0.0025023917 0.038125239
   vertex -0.088410981 -0.0025016861 0.038750217
  endloop
 endfacet
 facet normal 1 0 0
  outer loop
   vertex -0.088410981 -0.0050198132 0.039379366
   vertex -0.088410981 -0.005037125 0.038755357
   vertex -0.088410981 -0.0044075466 0.038752959
  endloop
 endfacet
 facet normal 1 0 0
  outer loop
   vertex -0.088410981 -0.0050198132 0.039379366
   vertex -0.088410981 -0.0044075466 0.038752959
   vertex -0.088410981 -0.0043980286 0.039377427
  endloop
 endfacet
 facet normal 1 -2.1790352e-14 3.2413966e-16
  outer loop
   vertex -0.088410981 -0.0043887394 0.040001894
   vertex -0.088410981 -0.0043980286 0.039377427
   vertex -0.088410981 -0.0037611696 0.03937617
  endloop
 endfacet
 facet normal 1 -2.1790352e-14 3.2413966e-16
  outer loop
   vertex -0.088410981 -0.0043887394 0.040001894
   vertex -0.088410981 -0.0037611696 0.03937617
   vertex -0.088410981 -0.0037567126 0.040000917
  endloop
 endfacet
 facet normal 1 -6.9653191e-17 -2.2207562e-14
  outer loop
   vertex -0.088410981 -0.0044264461 0.037503774
   vertex -0.088410981 -0.003775048 0.037501731
   vertex -0.088410981 -0.0037704823 0.03812663
  endloop
 endfacet
 facet normal 1 -6.9653191e-17 -2.2207562e-14
  outer loop
   vertex -0.088410981 -0.0044264461 0.037503774
   vertex -0.088410981 -0.0037704823 0.03812663
   vertex -0.088410981 -0.0044171006 0.038128447
  endloop
 endfacet
 facet normal 1 0 0
  outer loop
   vertex -0.088410981 -0.0044075466 0.038752959
   vertex -0.088410981 -0.005037125 0.038755357
   vertex -0.088410981 -0.0050544293 0.038131327
  endloop
 endfacet
 facet normal 1 0 0
  outer loop
   vertex -0.088410981 -0.0044075466 0.038752959
   vertex -0.088410981 -0.0050544293 0.038131327
   vertex -0.088410981 -0.0044171006 0.038128447
  endloop
 endfacet
 facet normal 1 1.3280972e-17 2.2205542e-14
  outer loop
   vertex -0.088410981 -0.0031307714 0.038750593
   vertex -0.088410981 -0.0025016861 0.038750217
   vertex -0.088410981 -0.0025010024 0.039375186
  endloop
 endfacet
 facet normal 1 1.3280972e-17 2.2205542e-14
  outer loop
   vertex -0.088410981 -0.0031307714 0.038750593
   vertex -0.088410981 -0.0025010024 0.039375186
   vertex -0.088410981 -0.0031288381 0.039375496
  endloop
 endfacet
 facet normal 1 1.8338554e-17 2.2213293e-14
  outer loop
   vertex -0.088410981 -0.0031270148 0.040000397
   vertex -0.088410981 -0.0037567126 0.040000917
   vertex -0.088410981 -0.0037611696 0.03937617
  endloop
 endfacet
 facet normal 1 1.8338554e-17 2.2213293e-14
  outer loop
   vertex -0.088410981 -0.0031270148 0.040000397
   vertex -0.088410981 -0.0037611696 0.03937617
   vertex -0.088410981 -0.0031288381 0.039375496
  endloop
 endfacet
 facet normal 1 -0 0
  outer loop
   vertex -0.088410981 -0.0031381328 0.036250364
   vertex -0.088410981 -0.0025043951 0.03625009
   vertex -0.088410981 -0.0025037617 0.036875189
  endloop
 endfacet
 facet normal 1 -0 0
  outer loop
   vertex -0.088410981 -0.0031381328 0.036250364
   vertex -0.088410981 -0.0025037617 0.036875189
   vertex -0.088410981 -0.0031364847 0.036875597
  endloop
 endfacet
 facet normal 1 3.4647416e-17 2.2201127e-14
  outer loop
   vertex -0.088410981 -0.0037792961 0.0368766
   vertex -0.088410981 -0.0031364847 0.036875597
   vertex -0.088410981 -0.0031346696 0.037500688
  endloop
 endfacet
 facet normal 1 3.4647416e-17 2.2201127e-14
  outer loop
   vertex -0.088410981 -0.0037792961 0.0368766
   vertex -0.088410981 -0.0031346696 0.037500688
   vertex -0.088410981 -0.003775048 0.037501731
  endloop
 endfacet
 facet normal 1 -1.544486e-17 2.2188634e-14
  outer loop
   vertex -0.088410981 -0.0044557632 0.034999454
   vertex -0.088410981 -0.0037898078 0.034999917
   vertex -0.088410981 -0.0037862077 0.035625365
  endloop
 endfacet
 facet normal 1 -1.544486e-17 2.2188634e-14
  outer loop
   vertex -0.088410981 -0.0044557632 0.034999454
   vertex -0.088410981 -0.0037862077 0.035625365
   vertex -0.088410981 -0.0044491008 0.035625724
  endloop
 endfacet
 facet normal 1 2.0650565e-14 -4.4478052e-14
  outer loop
   vertex -0.088410981 -0.0051196289 0.035626421
   vertex -0.088410981 -0.0044491008 0.035625724
   vertex -0.088410981 -0.0044427579 0.036252698
  endloop
 endfacet
 facet normal 1 2.0650565e-14 -4.4478052e-14
  outer loop
   vertex -0.088410981 -0.0051196289 0.035626421
   vertex -0.088410981 -0.0044427579 0.036252698
   vertex -0.088410981 -0.0051024101 0.036256488
  endloop
 endfacet
 facet normal 1 9.5741549e-18 2.2200372e-14
  outer loop
   vertex -0.088410981 -0.0025050333 0.035624976
   vertex -0.088410981 -0.0025043951 0.03625009
   vertex -0.088410981 -0.0031381328 0.036250364
  endloop
 endfacet
 facet normal 1 9.5741549e-18 2.2200372e-14
  outer loop
   vertex -0.088410981 -0.0025050333 0.035624976
   vertex -0.088410981 -0.0031381328 0.036250364
   vertex -0.088410981 -0.0031396984 0.035625059
  endloop
 endfacet
 facet normal 1 9.4567714e-20 2.2188544e-14
  outer loop
   vertex -0.088410981 -0.0037862077 0.035625365
   vertex -0.088410981 -0.0037898078 0.034999917
   vertex -0.088410981 -0.0031414582 0.034999914
  endloop
 endfacet
 facet normal 1 9.4567714e-20 2.2188544e-14
  outer loop
   vertex -0.088410981 -0.0037862077 0.035625365
   vertex -0.088410981 -0.0031414582 0.034999914
   vertex -0.088410981 -0.0031396984 0.035625059
  endloop
 endfacet
 facet normal 1 0 -0
  outer loop
   vertex -0.088410981 -0.0037792961 0.0368766
   vertex -0.088410981 -0.003775048 0.037501731
   vertex -0.088410981 -0.0044264461 0.037503774
  endloop
 endfacet
 facet normal 1 0 -0
  outer loop
   vertex -0.088410981 -0.0037792961 0.0368766
   vertex -0.088410981 -0.0044264461 0.037503774
   vertex -0.088410981 -0.0044351509 0.036878698
  endloop
 endfacet
 facet normal 1 -2.1035183e-14 4.964532e-16
  outer loop
   vertex -0.088410981 -0.0050876345 0.036882543
   vertex -0.088410981 -0.0051024101 0.036256488
   vertex -0.088410981 -0.0044427579 0.036252698
  endloop
 endfacet
 facet normal 1 -2.1035183e-14 4.964532e-16
  outer loop
   vertex -0.088410981 -0.0050876345 0.036882543
   vertex -0.088410981 -0.0044427579 0.036252698
   vertex -0.088410981 -0.0044351509 0.036878698
  endloop
 endfacet
 facet normal 1 0 0
  outer loop
   vertex -0.088410981 -0.0031375498 0.032500663
   vertex -0.088410981 -0.0037799878 0.032501636
   vertex -0.088410981 -0.0037685409 0.031876256
  endloop
 endfacet
 facet normal 1 0 0
  outer loop
   vertex -0.088410981 -0.0031375498 0.032500663
   vertex -0.088410981 -0.0037685409 0.031876256
   vertex -0.088410981 -0.0031328917 0.031875536
  endloop
 endfacet
 facet normal 1 -0 0
  outer loop
   vertex -0.088410981 -0.0031289331 0.031250387
   vertex -0.088410981 -0.0025014352 0.031250131
   vertex -0.088410981 -0.0025028514 0.03187519
  endloop
 endfacet
 facet normal 1 -0 0
  outer loop
   vertex -0.088410981 -0.0031289331 0.031250387
   vertex -0.088410981 -0.0025028514 0.03187519
   vertex -0.088410981 -0.0031328917 0.031875536
  endloop
 endfacet
 facet normal 1 0 0
  outer loop
   vertex -0.088410981 -0.0043921299 0.031251662
   vertex -0.088410981 -0.0050229916 0.031252475
   vertex -0.088410981 -0.0049999045 0.030626569
  endloop
 endfacet
 facet normal 1 0 0
  outer loop
   vertex -0.088410981 -0.0043921299 0.031251662
   vertex -0.088410981 -0.0049999045 0.030626569
   vertex -0.088410981 -0.0043791792 0.030626049
  endloop
 endfacet
 facet normal 1 -0 0
  outer loop
   vertex -0.088410981 -0.0043739074 0.030000442
   vertex -0.088410981 -0.0037496436 0.030000042
   vertex -0.088410981 -0.0037526218 0.030625548
  endloop
 endfacet
 facet normal 1 -0 0
  outer loop
   vertex -0.088410981 -0.0043739074 0.030000442
   vertex -0.088410981 -0.0037526218 0.030625548
   vertex -0.088410981 -0.0043791792 0.030626049
  endloop
 endfacet
 facet normal 1 0 0
  outer loop
   vertex -0.088410981 -0.0037685409 0.031876256
   vertex -0.088410981 -0.0037799878 0.032501636
   vertex -0.088410981 -0.00443628 0.032503381
  endloop
 endfacet
 facet normal 1 0 0
  outer loop
   vertex -0.088410981 -0.0037685409 0.031876256
   vertex -0.088410981 -0.00443628 0.032503381
   vertex -0.088410981 -0.0044120188 0.03187743
  endloop
 endfacet
 facet normal 1 0 0
  outer loop
   vertex -0.088410981 -0.005059672 0.031878788
   vertex -0.088410981 -0.0050229916 0.031252475
   vertex -0.088410981 -0.0043921299 0.031251662
  endloop
 endfacet
 facet normal 1 0 0
  outer loop
   vertex -0.088410981 -0.005059672 0.031878788
   vertex -0.088410981 -0.0043921299 0.031251662
   vertex -0.088410981 -0.0044120188 0.03187743
  endloop
 endfacet
 facet normal 1 0 0
  outer loop
   vertex -0.088410981 -0.0025004553 0.030624976
   vertex -0.088410981 -0.0025014352 0.031250131
   vertex -0.088410981 -0.0031289331 0.031250387
  endloop
 endfacet
 facet normal 1 0 0
  outer loop
   vertex -0.088410981 -0.0025004553 0.030624976
   vertex -0.088410981 -0.0031289331 0.031250387
   vertex -0.088410981 -0.0031262225 0.030625191
  endloop
 endfacet
 facet normal 1 0 0
  outer loop
   vertex -0.088410981 -0.0037526218 0.030625548
   vertex -0.088410981 -0.0037496436 0.030000042
   vertex -0.088410981 -0.0031248784 0.029999675
  endloop
 endfacet
 facet normal 1 0 0
  outer loop
   vertex -0.088410981 -0.0037526218 0.030625548
   vertex -0.088410981 -0.0031248784 0.029999675
   vertex -0.088410981 -0.0031262225 0.030625191
  endloop
 endfacet
 facet normal 1 3.3630375e-17 2.2197845e-14
  outer loop
   vertex -0.088410981 -0.0037911594 0.033126839
   vertex -0.088410981 -0.0037799878 0.032501636
   vertex -0.088410981 -0.0031375498 0.032500663
  endloop
 endfacet
 facet normal 1 3.3630375e-17 2.2197845e-14
  outer loop
   vertex -0.088410981 -0.0037911594 0.033126839
   vertex -0.088410981 -0.0031375498 0.032500663
   vertex -0.088410981 -0.0031418174 0.033125688
  endloop
 endfacet
 facet normal 1 2.182471e-14 7.2128603e-17
  outer loop
   vertex -0.088410981 -0.0031438823 0.033750502
   vertex -0.088410981 -0.0031418174 0.033125688
   vertex -0.088410981 -0.0025059408 0.033125217
  endloop
 endfacet
 facet normal 1 2.182471e-14 7.2128603e-17
  outer loop
   vertex -0.088410981 -0.0031438823 0.033750502
   vertex -0.088410981 -0.0025059408 0.033125217
   vertex -0.088410981 -0.0025066364 0.033750136
  endloop
 endfacet
 facet normal 1 0 -0
  outer loop
   vertex -0.088410981 -0.0044746662 0.033753834
   vertex -0.088410981 -0.0044695294 0.034376854
   vertex -0.088410981 -0.0051736109 0.034381398
  endloop
 endfacet
 facet normal 1 0 -0
  outer loop
   vertex -0.088410981 -0.0044746662 0.033753834
   vertex -0.088410981 -0.0051736109 0.034381398
   vertex -0.088410981 -0.0051871791 0.033758273
  endloop
 endfacet
 facet normal 1 0 -0
  outer loop
   vertex -0.088410981 -0.0037948102 0.034375615
   vertex -0.088410981 -0.0037898078 0.034999917
   vertex -0.088410981 -0.0044557632 0.034999454
  endloop
 endfacet
 facet normal 1 0 -0
  outer loop
   vertex -0.088410981 -0.0037948102 0.034375615
   vertex -0.088410981 -0.0044557632 0.034999454
   vertex -0.088410981 -0.0044695294 0.034376854
  endloop
 endfacet
 facet normal 1 5.902266e-17 2.2198299e-14
  outer loop
   vertex -0.088410981 -0.00443628 0.032503381
   vertex -0.088410981 -0.0037799878 0.032501636
   vertex -0.088410981 -0.0037911594 0.033126839
  endloop
 endfacet
 facet normal 1 5.902266e-17 2.2198299e-14
  outer loop
   vertex -0.088410981 -0.00443628 0.032503381
   vertex -0.088410981 -0.0037911594 0.033126839
   vertex -0.088410981 -0.0044632917 0.033129264
  endloop
 endfacet
 facet normal 1 0 0
  outer loop
   vertex -0.088410981 -0.0044746662 0.033753834
   vertex -0.088410981 -0.0051871791 0.033758273
   vertex -0.088410981 -0.0051672288 0.033133786
  endloop
 endfacet
 facet normal 1 0 0
  outer loop
   vertex -0.088410981 -0.0044746662 0.033753834
   vertex -0.088410981 -0.0051672288 0.033133786
   vertex -0.088410981 -0.0044632917 0.033129264
  endloop
 endfacet
 facet normal 1 0 0
  outer loop
   vertex -0.088410981 -0.0025064466 0.034375008
   vertex -0.088410981 -0.0031433729 0.034375155
   vertex -0.088410981 -0.0031438823 0.033750502
  endloop
 endfacet
 facet normal 1 0 0
  outer loop
   vertex -0.088410981 -0.0025064466 0.034375008
   vertex -0.088410981 -0.0031438823 0.033750502
   vertex -0.088410981 -0.0025066364 0.033750136
  endloop
 endfacet
 facet normal 1 0 0
  outer loop
   vertex -0.088410981 -0.0031414582 0.034999914
   vertex -0.088410981 -0.0037898078 0.034999917
   vertex -0.088410981 -0.0037948102 0.034375615
  endloop
 endfacet
 facet normal 1 0 0
  outer loop
   vertex -0.088410981 -0.0031414582 0.034999914
   vertex -0.088410981 -0.0037948102 0.034375615
   vertex -0.088410981 -0.0031433729 0.034375155
  endloop
 endfacet
 facet normal 1 -0 0
  outer loop
   vertex -0.088410981 -0.0057267125 0.03876443
   vertex -0.088410981 -0.005037125 0.038755357
   vertex -0.088410981 -0.0050198132 0.039379366
  endloop
 endfacet
 facet normal 1 -0 0
  outer loop
   vertex -0.088410981 -0.0057267125 0.03876443
   vertex -0.088410981 -0.0050198132 0.039379366
   vertex -0.088410981 -0.0056940473 0.039387718
  endloop
 endfacet
 facet normal 5.9298322e-16 0.99862953 -0.052335952
  outer loop
   vertex -0.088410981 -0.0057267125 0.03876443
   vertex -0.088410981 -0.0056940473 0.039387718
   vertex -0.087660028 -0.0056944887 0.039379296
  endloop
 endfacet
 facet normal 5.9298322e-16 0.99862953 -0.052335952
  outer loop
   vertex -0.088410981 -0.0057267125 0.03876443
   vertex -0.087660028 -0.0056944887 0.039379296
   vertex -0.087656595 -0.0057271567 0.038755954
  endloop
 endfacet
 facet normal 1 0 -0
  outer loop
   vertex -0.088410981 -0.0050544293 0.038131327
   vertex -0.088410981 -0.005037125 0.038755357
   vertex -0.088410981 -0.0057267125 0.03876443
  endloop
 endfacet
 facet normal 1 0 -0
  outer loop
   vertex -0.088410981 -0.0050544293 0.038131327
   vertex -0.088410981 -0.0057267125 0.03876443
   vertex -0.088410981 -0.0057593776 0.038141141
  endloop
 endfacet
 facet normal -2.9622619e-16 0.99862953 -0.052335952
  outer loop
   vertex -0.088410981 -0.0057267125 0.03876443
   vertex -0.087656595 -0.0057271567 0.038755954
   vertex -0.087653294 -0.0057598253 0.038132599
  endloop
 endfacet
 facet normal -2.9622619e-16 0.99862953 -0.052335952
  outer loop
   vertex -0.088410981 -0.0057267125 0.03876443
   vertex -0.087653294 -0.0057598253 0.038132599
   vertex -0.088410981 -0.0057593776 0.038141141
  endloop
 endfacet
 facet normal 1 0 0
  outer loop
   vertex -0.088410981 -0.005857313 0.036272423
   vertex -0.088410981 -0.0058896247 0.035655879
   vertex -0.088410981 -0.0051196289 0.035626421
  endloop
 endfacet
 facet normal 1 0 0
  outer loop
   vertex -0.088410981 -0.005857313 0.036272423
   vertex -0.088410981 -0.0051196289 0.035626421
   vertex -0.088410981 -0.0051024101 0.036256488
  endloop
 endfacet
 facet normal 2.3362356e-16 0.99862953 -0.052335952
  outer loop
   vertex -0.088410981 -0.005857313 0.036272423
   vertex -0.087643902 -0.0058577528 0.036264031
   vertex -0.087641504 -0.0058887205 0.035673133
  endloop
 endfacet
 facet normal 2.3362356e-16 0.99862953 -0.052335952
  outer loop
   vertex -0.088410981 -0.005857313 0.036272423
   vertex -0.087641504 -0.0058887205 0.035673133
   vertex -0.088410981 -0.0058896247 0.035655879
  endloop
 endfacet
 facet normal 1 -0 0
  outer loop
   vertex -0.088410981 -0.005857313 0.036272423
   vertex -0.088410981 -0.0051024101 0.036256488
   vertex -0.088410981 -0.0050876345 0.036882543
  endloop
 endfacet
 facet normal 1 -0 0
  outer loop
   vertex -0.088410981 -0.005857313 0.036272423
   vertex -0.088410981 -0.0050876345 0.036882543
   vertex -0.088410981 -0.0058247079 0.036894565
  endloop
 endfacet
 facet normal 2.2196539e-16 0.99862953 -0.052335952
  outer loop
   vertex -0.087647025 -0.005825206 0.036885062
   vertex -0.087643902 -0.0058577528 0.036264031
   vertex -0.088410981 -0.005857313 0.036272423
  endloop
 endfacet
 facet normal 2.2196539e-16 0.99862953 -0.052335952
  outer loop
   vertex -0.087647025 -0.005825206 0.036885062
   vertex -0.088410981 -0.005857313 0.036272423
   vertex -0.088410981 -0.0058247079 0.036894565
  endloop
 endfacet
 facet normal 1 -2.445416e-14 1.188706e-16
  outer loop
   vertex -0.088410981 0.0031049643 0.037498374
   vertex -0.088410981 0.0036724622 0.037497506
   vertex -0.088410981 0.0036755047 0.038123407
  endloop
 endfacet
 facet normal 1 -2.445416e-14 1.188706e-16
  outer loop
   vertex -0.088410981 0.0031049643 0.037498374
   vertex -0.088410981 0.0036755047 0.038123407
   vertex -0.088410981 0.0031001655 0.038123878
  endloop
 endfacet
 facet normal 1 1.6530516e-17 2.2198248e-14
  outer loop
   vertex -0.088410981 0.0031040999 0.03874907
   vertex -0.088410981 0.0024900832 0.038749528
   vertex -0.088410981 0.0024893751 0.038124353
  endloop
 endfacet
 facet normal 1 1.6530516e-17 2.2198248e-14
  outer loop
   vertex -0.088410981 0.0031040999 0.03874907
   vertex -0.088410981 0.0024893751 0.038124353
   vertex -0.088410981 0.0031001655 0.038123878
  endloop
 endfacet
 facet normal 1 0 0
  outer loop
   vertex -0.088410981 0.0043513527 0.03999214
   vertex -0.088410981 0.0037204407 0.039998276
   vertex -0.088410981 0.0037035765 0.039373814
  endloop
 endfacet
 facet normal 1 0 0
  outer loop
   vertex -0.088410981 0.0043513527 0.03999214
   vertex -0.088410981 0.0037035765 0.039373814
   vertex -0.088410981 0.0043186875 0.039368852
  endloop
 endfacet
 facet normal 1 0 0
  outer loop
   vertex -0.088410981 0.0036755047 0.038123407
   vertex -0.088410981 0.0036724622 0.037497506
   vertex -0.088410981 0.004220303 0.037491563
  endloop
 endfacet
 facet normal 1 0 0
  outer loop
   vertex -0.088410981 0.0036755047 0.038123407
   vertex -0.088410981 0.004220303 0.037491563
   vertex -0.088410981 0.0042531714 0.03811873
  endloop
 endfacet
 facet normal 1 0 0
  outer loop
   vertex -0.088410981 0.0024933593 0.039374589
   vertex -0.088410981 0.0024900832 0.038749528
   vertex -0.088410981 0.0031040999 0.03874907
  endloop
 endfacet
 facet normal 1 0 0
  outer loop
   vertex -0.088410981 0.0024933593 0.039374589
   vertex -0.088410981 0.0031040999 0.03874907
   vertex -0.088410981 0.0031117021 0.039374188
  endloop
 endfacet
 facet normal 1 -2.3137693e-14 6.2485498e-16
  outer loop
   vertex -0.088410981 0.0037035765 0.039373814
   vertex -0.088410981 0.0037204407 0.039998276
   vertex -0.088410981 0.0031206682 0.039998974
  endloop
 endfacet
 facet normal 1 -2.3137693e-14 6.2485498e-16
  outer loop
   vertex -0.088410981 0.0037035765 0.039373814
   vertex -0.088410981 0.0031206682 0.039998974
   vertex -0.088410981 0.0031117021 0.039374188
  endloop
 endfacet
 facet normal 1 2.2423654e-14 1.9699486e-15
  outer loop
   vertex -0.088410981 0.003183166 0.036246041
   vertex -0.088410981 0.0031281172 0.036872653
   vertex -0.088410981 0.0025091548 0.036873472
  endloop
 endfacet
 facet normal 1 2.2423654e-14 1.9699486e-15
  outer loop
   vertex -0.088410981 0.003183166 0.036246041
   vertex -0.088410981 0.0025091548 0.036873472
   vertex -0.088410981 0.0025369754 0.03624778
  endloop
 endfacet
 facet normal 1 -2.4455694e-14 -8.8416003e-16
  outer loop
   vertex -0.088410981 0.0036950851 0.036871763
   vertex -0.088410981 0.0036724622 0.037497506
   vertex -0.088410981 0.0031049643 0.037498374
  endloop
 endfacet
 facet normal 1 -2.4455694e-14 -8.8416003e-16
  outer loop
   vertex -0.088410981 0.0036950851 0.036871763
   vertex -0.088410981 0.0031049643 0.037498374
   vertex -0.088410981 0.0031281172 0.036872653
  endloop
 endfacet
 facet normal 1 -2.1419676e-14 2.1047108e-14
  outer loop
   vertex -0.088410981 0.003183166 0.036246041
   vertex -0.088410981 0.0025369754 0.03624778
   vertex -0.088410981 0.00257031 0.035622337
  endloop
 endfacet
 facet normal 1 -2.1419676e-14 2.1047108e-14
  outer loop
   vertex -0.088410981 0.003183166 0.036246041
   vertex -0.088410981 0.00257031 0.035622337
   vertex -0.088410981 0.0032656919 0.035618806
  endloop
 endfacet
 facet normal 0.99999133 -9.3763399e-06 -0.0041652391
  outer loop
   vertex -0.088410981 0.0032887456 0.034993838
   vertex -0.088410981 0.0040893083 0.034992036
   vertex -0.088408419 0.0040826487 0.035607105
  endloop
 endfacet
 facet normal 0.99999133 -9.3763399e-06 -0.0041652391
  outer loop
   vertex -0.088410981 0.0032887456 0.034993838
   vertex -0.088408419 0.0040826487 0.035607105
   vertex -0.088410981 0.0032656919 0.035618806
  endloop
 endfacet
 facet normal 1 0 0
  outer loop
   vertex -0.088410981 0.004220303 0.037491563
   vertex -0.088410981 0.0036724622 0.037497506
   vertex -0.088410981 0.0036950851 0.036871763
  endloop
 endfacet
 facet normal 1 0 0
  outer loop
   vertex -0.088410981 0.004220303 0.037491563
   vertex -0.088410981 0.0036950851 0.036871763
   vertex -0.088410981 0.0041876404 0.036868323
  endloop
 endfacet
 facet normal 1 0 0
  outer loop
   vertex -0.088410981 0.0032168098 0.032492204
   vertex -0.088410981 0.0032007183 0.031867579
   vertex -0.088410981 0.0039249939 0.03185673
  endloop
 endfacet
 facet normal 1 0 0
  outer loop
   vertex -0.088410981 0.0032168098 0.032492204
   vertex -0.088410981 0.0039249939 0.03185673
   vertex -0.088410981 0.003957659 0.032480018
  endloop
 endfacet
 facet normal -4.2859234e-16 -0.99862953 0.052335957
  outer loop
   vertex -0.087646428 0.0039581605 0.032489587
   vertex -0.088410981 0.003957659 0.032480018
   vertex -0.088410981 0.0039249939 0.03185673
  endloop
 endfacet
 facet normal -4.2859234e-16 -0.99862953 0.052335957
  outer loop
   vertex -0.087646428 0.0039581605 0.032489587
   vertex -0.088410981 0.0039249939 0.03185673
   vertex -0.087649379 0.003925455 0.031865529
  endloop
 endfacet
 facet normal 1 -2.1449109e-14 5.855888e-16
  outer loop
   vertex -0.088410981 0.0031836776 0.03124341
   vertex -0.088410981 0.0032007183 0.031867579
   vertex -0.088410981 0.0025538038 0.031871078
  endloop
 endfacet
 facet normal 1 -2.1449109e-14 5.855888e-16
  outer loop
   vertex -0.088410981 0.0031836776 0.03124341
   vertex -0.088410981 0.0025538038 0.031871078
   vertex -0.088410981 0.0025444531 0.031246373
  endloop
 endfacet
 facet normal -5.9842776e-16 -0.99862953 0.052335957
  outer loop
   vertex -0.087652477 0.0038927779 0.031242012
   vertex -0.087649379 0.003925455 0.031865529
   vertex -0.088410981 0.0039249939 0.03185673
  endloop
 endfacet
 facet normal -5.9842776e-16 -0.99862953 0.052335957
  outer loop
   vertex -0.087652477 0.0038927779 0.031242012
   vertex -0.088410981 0.0039249939 0.03185673
   vertex -0.088410981 0.0038923288 0.031233442
  endloop
 endfacet
 facet normal 1 0 0
  outer loop
   vertex -0.088410981 0.0031836776 0.03124341
   vertex -0.088410981 0.0025444531 0.031246373
   vertex -0.088410981 0.0025348357 0.030621691
  endloop
 endfacet
 facet normal 1 0 0
  outer loop
   vertex -0.088410981 0.0031836776 0.03124341
   vertex -0.088410981 0.0025348357 0.030621691
   vertex -0.088410981 0.0031663254 0.030619304
  endloop
 endfacet
 facet normal 1 -0 0
  outer loop
   vertex -0.088410981 0.0031488835 0.029994977
   vertex -0.088410981 0.0038269985 0.029986866
   vertex -0.088410981 0.0038596636 0.030610154
  endloop
 endfacet
 facet normal 1 -0 0
  outer loop
   vertex -0.088410981 0.0031488835 0.029994977
   vertex -0.088410981 0.0038596636 0.030610154
   vertex -0.088410981 0.0031663254 0.030619304
  endloop
 endfacet
 facet normal 1 0 0
  outer loop
   vertex -0.088410981 0.0039902641 0.033102161
   vertex -0.088410981 0.0032312738 0.03311826
   vertex -0.088410981 0.0032168098 0.032492204
  endloop
 endfacet
 facet normal 1 0 0
  outer loop
   vertex -0.088410981 0.0039902641 0.033102161
   vertex -0.088410981 0.0032168098 0.032492204
   vertex -0.088410981 0.003957659 0.032480018
  endloop
 endfacet
 facet normal 1.6648551e-16 -0.99862953 0.052335957
  outer loop
   vertex -0.087646428 0.0039581605 0.032489587
   vertex -0.087643945 0.0039907066 0.033110603
   vertex -0.088410981 0.0039902641 0.033102161
  endloop
 endfacet
 facet normal 1.6648551e-16 -0.99862953 0.052335957
  outer loop
   vertex -0.087646428 0.0039581605 0.032489587
   vertex -0.088410981 0.0039902641 0.033102161
   vertex -0.088410981 0.003957659 0.032480018
  endloop
 endfacet
 facet normal 1 0 0
  outer loop
   vertex -0.088410981 0.0032474295 0.033748338
   vertex -0.088410981 0.0025748441 0.033749159
   vertex -0.088410981 0.0025696766 0.033122159
  endloop
 endfacet
 facet normal 1 0 0
  outer loop
   vertex -0.088410981 0.0032474295 0.033748338
   vertex -0.088410981 0.0025696766 0.033122159
   vertex -0.088410981 0.0032312738 0.03311826
  endloop
 endfacet
 facet normal 3.0119418e-17 -0.99862953 0.052335957
  outer loop
   vertex -0.08764365 0.0040216638 0.033701302
   vertex -0.088410981 0.0040225759 0.033718705
   vertex -0.088410981 0.0039902641 0.033102161
  endloop
 endfacet
 facet normal 3.0119418e-17 -0.99862953 0.052335957
  outer loop
   vertex -0.08764365 0.0040216638 0.033701302
   vertex -0.088410981 0.0039902641 0.033102161
   vertex -0.087643945 0.0039907066 0.033110603
  endloop
 endfacet
 facet normal 1.4241675e-16 -0.99862953 0.052335957
  outer loop
   vertex -0.087598375 0.0040671677 0.034569567
   vertex -0.088061125 0.0040691718 0.034607809
   vertex -0.088410981 0.0040560712 0.034357834
  endloop
 endfacet
 facet normal 1.4241675e-16 -0.99862953 0.052335957
  outer loop
   vertex -0.087598375 0.0040671677 0.034569567
   vertex -0.088410981 0.0040560712 0.034357834
   vertex -0.088410981 0.0040225759 0.033718705
  endloop
 endfacet
 facet normal 1.4241675e-16 -0.99862953 0.052335957
  outer loop
   vertex -0.087598375 0.0040671677 0.034569567
   vertex -0.088410981 0.0040225759 0.033718705
   vertex -0.08764365 0.0040216638 0.033701302
  endloop
 endfacet
 facet normal 1 -2.7060369e-17 -2.2155948e-14
  outer loop
   vertex -0.088410981 0.0025781464 0.034375524
   vertex -0.088410981 0.0025748441 0.033749159
   vertex -0.088410981 0.0032474295 0.033748338
  endloop
 endfacet
 facet normal 1 -2.7060369e-17 -2.2155948e-14
  outer loop
   vertex -0.088410981 0.0025781464 0.034375524
   vertex -0.088410981 0.0032474295 0.033748338
   vertex -0.088410981 0.003259029 0.034376371
  endloop
 endfacet
 facet normal 1 0 -0
  outer loop
   vertex -0.088410981 0.0040560712 0.034357834
   vertex -0.088410981 0.0040893083 0.034992036
   vertex -0.088410981 0.0032887456 0.034993838
  endloop
 endfacet
 facet normal 1 0 -0
  outer loop
   vertex -0.088410981 0.0040560712 0.034357834
   vertex -0.088410981 0.0032887456 0.034993838
   vertex -0.088410981 0.003259029 0.034376371
  endloop
 endfacet
 facet normal -2.0413074e-16 0.99862953 -0.052335952
  outer loop
   vertex -0.088105317 -0.0053364353 0.046211362
   vertex -0.087609093 -0.0053372269 0.046196258
   vertex -0.087668191 -0.0053674766 0.04561906
  endloop
 endfacet
 facet normal -2.0413074e-16 0.99862953 -0.052335952
  outer loop
   vertex -0.088105317 -0.0053364353 0.046211362
   vertex -0.087668191 -0.0053674766 0.04561906
   vertex -0.088410981 -0.0053669196 0.045629688
  endloop
 endfacet
 facet normal -2.0659034e-16 0.99862953 -0.052335952
  outer loop
   vertex -0.08759972 -0.0053119043 0.046679441
   vertex -0.087609093 -0.0053372269 0.046196258
   vertex -0.088105317 -0.0053364353 0.046211362
  endloop
 endfacet
 facet normal -2.0659034e-16 0.99862953 -0.052335952
  outer loop
   vertex -0.08759972 -0.0053119043 0.046679441
   vertex -0.088105317 -0.0053364353 0.046211362
   vertex -0.088062181 -0.0053139069 0.04664123
  endloop
 endfacet
 facet normal 1 -2.2212524e-14 2.221161e-14
  outer loop
   vertex -0.088410981 -0.0031240976 0.041250242
   vertex -0.088410981 -0.0024994557 0.04125011
   vertex -0.088410981 -0.002499253 0.041875112
  endloop
 endfacet
 facet normal 1 -2.2212524e-14 2.221161e-14
  outer loop
   vertex -0.088410981 -0.0031240976 0.041250242
   vertex -0.088410981 -0.002499253 0.041875112
   vertex -0.088410981 -0.0031232596 0.041875231
  endloop
 endfacet
 facet normal 1 0 0
  outer loop
   vertex -0.088410981 -0.0031230616 0.042500286
   vertex -0.088410981 -0.0037455834 0.042500534
   vertex -0.088410981 -0.0037465815 0.041875424
  endloop
 endfacet
 facet normal 1 0 0
  outer loop
   vertex -0.088410981 -0.0031230616 0.042500286
   vertex -0.088410981 -0.0037465815 0.041875424
   vertex -0.088410981 -0.0031232596 0.041875231
  endloop
 endfacet
 facet normal 1 2.2122439e-14 -3.1256305e-16
  outer loop
   vertex -0.088410981 -0.0037526088 0.040625679
   vertex -0.088410981 -0.0043799162 0.040626377
   vertex -0.088410981 -0.0043887394 0.040001894
  endloop
 endfacet
 facet normal 1 2.2122439e-14 -3.1256305e-16
  outer loop
   vertex -0.088410981 -0.0037526088 0.040625679
   vertex -0.088410981 -0.0043887394 0.040001894
   vertex -0.088410981 -0.0037567126 0.040000917
  endloop
 endfacet
 facet normal 1 -0 0
  outer loop
   vertex -0.088410981 -0.0049857509 0.040627398
   vertex -0.088410981 -0.0043799162 0.040626377
   vertex -0.088410981 -0.0043719274 0.041250891
  endloop
 endfacet
 facet normal 1 -0 0
  outer loop
   vertex -0.088410981 -0.0049857509 0.040627398
   vertex -0.088410981 -0.0043719274 0.041250891
   vertex -0.088410981 -0.0049692245 0.041251379
  endloop
 endfacet
 facet normal 1 -2.222185e-14 -2.2191288e-14
  outer loop
   vertex -0.088410981 -0.0024998433 0.040625128
   vertex -0.088410981 -0.0024994557 0.04125011
   vertex -0.088410981 -0.0031240976 0.041250242
  endloop
 endfacet
 facet normal 1 -2.222185e-14 -2.2191288e-14
  outer loop
   vertex -0.088410981 -0.0024998433 0.040625128
   vertex -0.088410981 -0.0031240976 0.041250242
   vertex -0.088410981 -0.0031253961 0.040625307
  endloop
 endfacet
 facet normal 1 -4.4265343e-14 -2.2093002e-14
  outer loop
   vertex -0.088410981 -0.0031270148 0.040000397
   vertex -0.088410981 -0.0031253961 0.040625307
   vertex -0.088410981 -0.0037526088 0.040625679
  endloop
 endfacet
 facet normal 1 -4.4265343e-14 -2.2093002e-14
  outer loop
   vertex -0.088410981 -0.0031270148 0.040000397
   vertex -0.088410981 -0.0037526088 0.040625679
   vertex -0.088410981 -0.0037567126 0.040000917
  endloop
 endfacet
 facet normal 1 2.2472945e-14 -3.5881228e-17
  outer loop
   vertex -0.088410981 -0.0037465815 0.041875424
   vertex -0.088410981 -0.0037455834 0.042500534
   vertex -0.088410981 -0.004363116 0.042500897
  endloop
 endfacet
 facet normal 1 2.2472945e-14 -3.5881228e-17
  outer loop
   vertex -0.088410981 -0.0037465815 0.041875424
   vertex -0.088410981 -0.004363116 0.042500897
   vertex -0.088410981 -0.0043656478 0.041875696
  endloop
 endfacet
 facet normal 1 0 0
  outer loop
   vertex -0.088410981 -0.0049528138 0.041875746
   vertex -0.088410981 -0.0049692245 0.041251379
   vertex -0.088410981 -0.0043719274 0.041250891
  endloop
 endfacet
 facet normal 1 0 0
  outer loop
   vertex -0.088410981 -0.0049528138 0.041875746
   vertex -0.088410981 -0.0043719274 0.041250891
   vertex -0.088410981 -0.0043656478 0.041875696
  endloop
 endfacet
 facet normal 1 -8.8254168e-18 -2.219739e-14
  outer loop
   vertex -0.088410981 -0.0037462193 0.043125733
   vertex -0.088410981 -0.0037455834 0.042500534
   vertex -0.088410981 -0.0031230616 0.042500286
  endloop
 endfacet
 facet normal 1 -8.8254168e-18 -2.219739e-14
  outer loop
   vertex -0.088410981 -0.0037462193 0.043125733
   vertex -0.088410981 -0.0031230616 0.042500286
   vertex -0.088410981 -0.0031238093 0.043125387
  endloop
 endfacet
 facet normal 1 2.2237454e-14 1.01806e-16
  outer loop
   vertex -0.088410981 -0.0031266714 0.043750534
   vertex -0.088410981 -0.0031238093 0.043125387
   vertex -0.088410981 -0.0024997357 0.043125175
  endloop
 endfacet
 facet normal 1 2.2237454e-14 1.01806e-16
  outer loop
   vertex -0.088410981 -0.0031266714 0.043750534
   vertex -0.088410981 -0.0024997357 0.043125175
   vertex -0.088410981 -0.0025010554 0.043750231
  endloop
 endfacet
 facet normal 1 0 0
  outer loop
   vertex -0.088410981 -0.0049584766 0.044377512
   vertex -0.088410981 -0.0049401333 0.043751908
   vertex -0.088410981 -0.0043670861 0.043751502
  endloop
 endfacet
 facet normal 1 0 0
  outer loop
   vertex -0.088410981 -0.0049584766 0.044377512
   vertex -0.088410981 -0.0043670861 0.043751502
   vertex -0.088410981 -0.0043868166 0.044377067
  endloop
 endfacet
 facet normal 1 -2.2283478e-14 -1.6756886e-15
  outer loop
   vertex -0.088410981 -0.0044339456 0.045003795
   vertex -0.088410981 -0.0043868166 0.044377067
   vertex -0.088410981 -0.0037639874 0.044376463
  endloop
 endfacet
 facet normal 1 -2.2283478e-14 -1.6756886e-15
  outer loop
   vertex -0.088410981 -0.0044339456 0.045003795
   vertex -0.088410981 -0.0037639874 0.044376463
   vertex -0.088410981 -0.0037886432 0.045002226
  endloop
 endfacet
 facet normal 1 2.2459933e-14 -2.2174536e-14
  outer loop
   vertex -0.088410981 -0.004363116 0.042500897
   vertex -0.088410981 -0.0037455834 0.042500534
   vertex -0.088410981 -0.0037462193 0.043125733
  endloop
 endfacet
 facet normal 1 2.2459933e-14 -2.2174536e-14
  outer loop
   vertex -0.088410981 -0.004363116 0.042500897
   vertex -0.088410981 -0.0037462193 0.043125733
   vertex -0.088410981 -0.004361949 0.043126225
  endloop
 endfacet
 facet normal 1 0 0
  outer loop
   vertex -0.088410981 -0.0043670861 0.043751502
   vertex -0.088410981 -0.0049401333 0.043751908
   vertex -0.088410981 -0.0049410374 0.043126789
  endloop
 endfacet
 facet normal 1 0 0
  outer loop
   vertex -0.088410981 -0.0043670861 0.043751502
   vertex -0.088410981 -0.0049410374 0.043126789
   vertex -0.088410981 -0.004361949 0.043126225
  endloop
 endfacet
 facet normal 1 -0 0
  outer loop
   vertex -0.088410981 -0.0031266714 0.043750534
   vertex -0.088410981 -0.0025010554 0.043750231
   vertex -0.088410981 -0.0025038512 0.044375302
  endloop
 endfacet
 facet normal 1 -0 0
  outer loop
   vertex -0.088410981 -0.0031266714 0.043750534
   vertex -0.088410981 -0.0025038512 0.044375302
   vertex -0.088410981 -0.0031333022 0.04437575
  endloop
 endfacet
 facet normal 1 -2.1500992e-14 2.1330203e-14
  outer loop
   vertex -0.088410981 -0.0031444027 0.045001008
   vertex -0.088410981 -0.0037886432 0.045002226
   vertex -0.088410981 -0.0037639874 0.044376463
  endloop
 endfacet
 facet normal 1 -2.1500992e-14 2.1330203e-14
  outer loop
   vertex -0.088410981 -0.0031444027 0.045001008
   vertex -0.088410981 -0.0037639874 0.044376463
   vertex -0.088410981 -0.0031333022 0.04437575
  endloop
 endfacet
 facet normal 1 0 0
  outer loop
   vertex -0.088410981 -0.0055960519 0.041257582
   vertex -0.088410981 -0.0056287171 0.040634294
   vertex -0.088410981 -0.0049857509 0.040627398
  endloop
 endfacet
 facet normal 1 0 0
  outer loop
   vertex -0.088410981 -0.0055960519 0.041257582
   vertex -0.088410981 -0.0049857509 0.040627398
   vertex -0.088410981 -0.0049692245 0.041251379
  endloop
 endfacet
 facet normal -3.4389858e-16 0.99862953 -0.052335952
  outer loop
   vertex -0.088410981 -0.0055960519 0.041257582
   vertex -0.087671128 -0.0055964646 0.041249707
   vertex -0.087667249 -0.0056291457 0.040626116
  endloop
 endfacet
 facet normal -3.4389858e-16 0.99862953 -0.052335952
  outer loop
   vertex -0.088410981 -0.0055960519 0.041257582
   vertex -0.087667249 -0.0056291457 0.040626116
   vertex -0.088410981 -0.0056287171 0.040634294
  endloop
 endfacet
 facet normal 1 0 0
  outer loop
   vertex -0.088410981 -0.0049528138 0.041875746
   vertex -0.088410981 -0.0055633868 0.04188087
   vertex -0.088410981 -0.0055960519 0.041257582
  endloop
 endfacet
 facet normal 1 0 0
  outer loop
   vertex -0.088410981 -0.0049528138 0.041875746
   vertex -0.088410981 -0.0055960519 0.041257582
   vertex -0.088410981 -0.0049692245 0.041251379
  endloop
 endfacet
 facet normal -3.2931461e-16 0.99862953 -0.052335952
  outer loop
   vertex -0.087675185 -0.0055637688 0.041873581
   vertex -0.087671128 -0.0055964646 0.041249707
   vertex -0.088410981 -0.0055960519 0.041257582
  endloop
 endfacet
 facet normal -3.2931461e-16 0.99862953 -0.052335952
  outer loop
   vertex -0.087675185 -0.0055637688 0.041873581
   vertex -0.088410981 -0.0055960519 0.041257582
   vertex -0.088410981 -0.0055633868 0.04188087
  endloop
 endfacet
 facet normal 1 -0 0
  outer loop
   vertex -0.088410981 -0.0054650209 0.043757803
   vertex -0.088410981 -0.0049401333 0.043751908
   vertex -0.088410981 -0.0049584766 0.044377512
  endloop
 endfacet
 facet normal 1 -0 0
  outer loop
   vertex -0.088410981 -0.0054650209 0.043757803
   vertex -0.088410981 -0.0049584766 0.044377512
   vertex -0.088410981 -0.0054323562 0.044381082
  endloop
 endfacet
 facet normal 1.610676e-16 0.99862953 -0.052335952
  outer loop
   vertex -0.088410981 -0.0054650209 0.043757803
   vertex -0.088410981 -0.0054323562 0.044381082
   vertex -0.087686884 -0.005432816 0.044372308
  endloop
 endfacet
 facet normal 1.610676e-16 0.99862953 -0.052335952
  outer loop
   vertex -0.088410981 -0.0054650209 0.043757803
   vertex -0.087686884 -0.005432816 0.044372308
   vertex -0.087685866 -0.0054655524 0.043747661
  endloop
 endfacet
 facet normal 1 0 -0
  outer loop
   vertex -0.088410981 -0.0049410374 0.043126789
   vertex -0.088410981 -0.0049401333 0.043751908
   vertex -0.088410981 -0.0054650209 0.043757803
  endloop
 endfacet
 facet normal 1 0 -0
  outer loop
   vertex -0.088410981 -0.0049410374 0.043126789
   vertex -0.088410981 -0.0054650209 0.043757803
   vertex -0.088410981 -0.0054976859 0.043134516
  endloop
 endfacet
 facet normal -7.2577847e-16 0.99862953 -0.052335952
  outer loop
   vertex -0.088410981 -0.0054650209 0.043757803
   vertex -0.087685866 -0.0054655524 0.043747661
   vertex -0.087682914 -0.0054982684 0.043123402
  endloop
 endfacet
 facet normal -7.2577847e-16 0.99862953 -0.052335952
  outer loop
   vertex -0.088410981 -0.0054650209 0.043757803
   vertex -0.087682914 -0.0054982684 0.043123402
   vertex -0.088410981 -0.0054976859 0.043134516
  endloop
 endfacet
 facet normal 1 -9.2455313e-06 7.7564846e-08
  outer loop
   vertex -0.088410981 -0.0031709584 0.047508754
   vertex -0.088410981 -0.0031820907 0.048145932
   vertex -0.088410987 -0.0038501103 0.048154973
  endloop
 endfacet
 facet normal 1 -9.2455313e-06 7.7564846e-08
  outer loop
   vertex -0.088410981 -0.0031709584 0.047508754
   vertex -0.088410987 -0.0038501103 0.048154973
   vertex -0.088410981 -0.0038364404 0.047511758
  endloop
 endfacet
 facet normal 1 -2.2173646e-07 9.5102545e-07
  outer loop
   vertex -0.088410982 -0.0032020298 0.048791905
   vertex -0.088410981 -0.0031820907 0.048145932
   vertex -0.088410981 -0.0025277652 0.048138299
  endloop
 endfacet
 facet normal 1 -2.2173646e-07 9.5102545e-07
  outer loop
   vertex -0.088410982 -0.0032020298 0.048791905
   vertex -0.088410981 -0.0025277652 0.048138299
   vertex -0.088410981 -0.0025404913 0.048779025
  endloop
 endfacet
 facet normal 1 -8.4727145e-06 9.0994041e-06
  outer loop
   vertex -0.088410987 -0.0045046269 0.047510931
   vertex -0.088410981 -0.0038364404 0.047511758
   vertex -0.088410987 -0.0038501103 0.048154973
  endloop
 endfacet
 facet normal 1 -8.4727145e-06 9.0994041e-06
  outer loop
   vertex -0.088410987 -0.0045046269 0.047510931
   vertex -0.088410987 -0.0038501103 0.048154973
   vertex -0.088411048 -0.0045049745 0.048160759
  endloop
 endfacet
 facet normal 1 -1.2132441e-06 -1.9728385e-06
  outer loop
   vertex -0.088410982 -0.0032020298 0.048791905
   vertex -0.088410981 -0.0025404913 0.048779025
   vertex -0.08841098 -0.0025592728 0.049432918
  endloop
 endfacet
 facet normal 1 -1.2132441e-06 -1.9728385e-06
  outer loop
   vertex -0.088410982 -0.0032020298 0.048791905
   vertex -0.08841098 -0.0025592728 0.049432918
   vertex -0.088410989 -0.0032259249 0.049446235
  endloop
 endfacet
 facet normal 0.99999664 -0.0012186904 0.0022880019
  outer loop
   vertex -0.088411323 -0.00322862 0.050100673
   vertex -0.088412073 -0.0038722865 0.050085534
   vertex -0.088410765 -0.0039371553 0.049479585
  endloop
 endfacet
 facet normal 0.99999664 -0.0012186904 0.0022880019
  outer loop
   vertex -0.088411323 -0.00322862 0.050100673
   vertex -0.088410765 -0.0039371553 0.049479585
   vertex -0.088410989 -0.0032259249 0.049446235
  endloop
 endfacet
 facet normal 1 -0 0
  outer loop
   vertex -0.088410981 -0.0038315116 0.04687834
   vertex -0.088410981 -0.0031659957 0.046877943
   vertex -0.088410981 -0.0031709584 0.047508754
  endloop
 endfacet
 facet normal 1 -0 0
  outer loop
   vertex -0.088410981 -0.0038315116 0.04687834
   vertex -0.088410981 -0.0031709584 0.047508754
   vertex -0.088410981 -0.0038364404 0.047511758
  endloop
 endfacet
 facet normal 1 2.1415445e-14 5.683523e-17
  outer loop
   vertex -0.088410981 -0.0031638739 0.04625135
   vertex -0.088410981 -0.0025158449 0.046250617
   vertex -0.088410981 -0.0025175066 0.046876749
  endloop
 endfacet
 facet normal 1 2.1415445e-14 5.683523e-17
  outer loop
   vertex -0.088410981 -0.0031638739 0.04625135
   vertex -0.088410981 -0.0025175066 0.046876749
   vertex -0.088410981 -0.0031659957 0.046877943
  endloop
 endfacet
 facet normal 0.99999132 4.1479621e-06 0.0041653558
  outer loop
   vertex -0.088410981 -0.0045372499 0.046256893
   vertex -0.088410981 -0.0053340076 0.046257686
   vertex -0.088408419 -0.0053278456 0.045642643
  endloop
 endfacet
 facet normal 0.99999132 4.1479621e-06 0.0041653558
  outer loop
   vertex -0.088410981 -0.0045372499 0.046256893
   vertex -0.088408419 -0.0053278456 0.045642643
   vertex -0.088410981 -0.0045141996 0.045631326
  endloop
 endfacet
 facet normal 1 0 0
  outer loop
   vertex -0.088410981 -0.0038204226 0.045627925
   vertex -0.088410981 -0.0045141996 0.045631326
   vertex -0.088410981 -0.0044339456 0.045003795
  endloop
 endfacet
 facet normal 1 0 0
  outer loop
   vertex -0.088410981 -0.0038204226 0.045627925
   vertex -0.088410981 -0.0044339456 0.045003795
   vertex -0.088410981 -0.0037886432 0.045002226
  endloop
 endfacet
 facet normal 1 -2.4760033e-08 9.4811832e-06
  outer loop
   vertex -0.088410987 -0.0045046269 0.047510931
   vertex -0.088410981 -0.0045097682 0.046876568
   vertex -0.088410981 -0.0038315116 0.04687834
  endloop
 endfacet
 facet normal 1 -2.4760033e-08 9.4811832e-06
  outer loop
   vertex -0.088410987 -0.0045046269 0.047510931
   vertex -0.088410981 -0.0038315116 0.04687834
   vertex -0.088410981 -0.0038364404 0.047511758
  endloop
 endfacet
 facet normal 1 0 0
  outer loop
   vertex -0.088410981 -0.0053007705 0.046891888
   vertex -0.088410981 -0.0053340076 0.046257686
   vertex -0.088410981 -0.0045372499 0.046256893
  endloop
 endfacet
 facet normal 1 0 0
  outer loop
   vertex -0.088410981 -0.0053007705 0.046891888
   vertex -0.088410981 -0.0045372499 0.046256893
   vertex -0.088410981 -0.0045097682 0.046876568
  endloop
 endfacet
 facet normal 1 2.1465774e-14 4.4495089e-14
  outer loop
   vertex -0.088410981 -0.0025129054 0.045625409
   vertex -0.088410981 -0.0025158449 0.046250617
   vertex -0.088410981 -0.0031638739 0.04625135
  endloop
 endfacet
 facet normal 1 2.1465774e-14 4.4495089e-14
  outer loop
   vertex -0.088410981 -0.0025129054 0.045625409
   vertex -0.088410981 -0.0031638739 0.04625135
   vertex -0.088410981 -0.0031570142 0.04562616
  endloop
 endfacet
 facet normal 1 -2.1543384e-14 -1.0941922e-15
  outer loop
   vertex -0.088410981 -0.0038204226 0.045627925
   vertex -0.088410981 -0.0037886432 0.045002226
   vertex -0.088410981 -0.0031444027 0.045001008
  endloop
 endfacet
 facet normal 1 -2.1543384e-14 -1.0941922e-15
  outer loop
   vertex -0.088410981 -0.0038204226 0.045627925
   vertex -0.088410981 -0.0031444027 0.045001008
   vertex -0.088410981 -0.0031570142 0.04562616
  endloop
 endfacet
 facet normal 1 -4.5422019e-17 -2.2223095e-14
  outer loop
   vertex -0.088410981 0.0031397003 0.041248052
   vertex -0.088410981 0.0031493635 0.041872508
   vertex -0.088410981 0.0025117445 0.041873811
  endloop
 endfacet
 facet normal 1 -4.5422019e-17 -2.2223095e-14
  outer loop
   vertex -0.088410981 0.0031397003 0.041248052
   vertex -0.088410981 0.0025117445 0.041873811
   vertex -0.088410981 0.0025069795 0.041249075
  endloop
 endfacet
 facet normal 1 0 0
  outer loop
   vertex -0.088410981 0.0031590433 0.042496964
   vertex -0.088410981 0.0031493635 0.041872508
   vertex -0.088410981 0.00377247 0.041870491
  endloop
 endfacet
 facet normal 1 0 0
  outer loop
   vertex -0.088410981 0.0031590433 0.042496964
   vertex -0.088410981 0.00377247 0.041870491
   vertex -0.088410981 0.0037898995 0.042494491
  endloop
 endfacet
 facet normal 1 0 0
  outer loop
   vertex -0.088410981 0.0037376798 0.040622431
   vertex -0.088410981 0.0037204407 0.039998276
   vertex -0.088410981 0.0043513527 0.03999214
  endloop
 endfacet
 facet normal 1 0 0
  outer loop
   vertex -0.088410981 0.0037376798 0.040622431
   vertex -0.088410981 0.0043513527 0.03999214
   vertex -0.088410981 0.0043840178 0.040615428
  endloop
 endfacet
 facet normal 1 2.1933239e-14 -1.6596732e-16
  outer loop
   vertex -0.088410981 0.0031397003 0.041248052
   vertex -0.088410981 0.0025069795 0.041249075
   vertex -0.088410981 0.002502252 0.040624318
  endloop
 endfacet
 facet normal 1 2.1933239e-14 -1.6596732e-16
  outer loop
   vertex -0.088410981 0.0031397003 0.041248052
   vertex -0.088410981 0.002502252 0.040624318
   vertex -0.088410981 0.0031301028 0.04062356
  endloop
 endfacet
 facet normal 1 -2.3137676e-14 6.3905914e-16
  outer loop
   vertex -0.088410981 0.0031206682 0.039998974
   vertex -0.088410981 0.0037204407 0.039998276
   vertex -0.088410981 0.0037376798 0.040622431
  endloop
 endfacet
 facet normal 1 -2.3137676e-14 6.3905914e-16
  outer loop
   vertex -0.088410981 0.0031206682 0.039998974
   vertex -0.088410981 0.0037376798 0.040622431
   vertex -0.088410981 0.0031301028 0.04062356
  endloop
 endfacet
 facet normal 1 0 0
  outer loop
   vertex -0.088410981 0.0044820133 0.042485293
   vertex -0.088410981 0.0037898995 0.042494491
   vertex -0.088410981 0.00377247 0.041870491
  endloop
 endfacet
 facet normal 1 0 0
  outer loop
   vertex -0.088410981 0.0044820133 0.042485293
   vertex -0.088410981 0.00377247 0.041870491
   vertex -0.088410981 0.0044493481 0.041862005
  endloop
 endfacet
 facet normal 1 -2.1627481e-14 2.2555102e-14
  outer loop
   vertex -0.088410981 0.0038072513 0.043118513
   vertex -0.088410981 0.0031686587 0.043121467
   vertex -0.088410981 0.0031590433 0.042496964
  endloop
 endfacet
 facet normal 1 -2.1627481e-14 2.2555102e-14
  outer loop
   vertex -0.088410981 0.0038072513 0.043118513
   vertex -0.088410981 0.0031590433 0.042496964
   vertex -0.088410981 0.0037898995 0.042494491
  endloop
 endfacet
 facet normal 1 -4.2484623e-14 2.2519253e-14
  outer loop
   vertex -0.088410981 0.0031780142 0.043746132
   vertex -0.088410981 0.002525813 0.043748222
   vertex -0.088410981 0.0025212402 0.043123331
  endloop
 endfacet
 facet normal 1 -4.2484623e-14 2.2519253e-14
  outer loop
   vertex -0.088410981 0.0031780142 0.043746132
   vertex -0.088410981 0.0025212402 0.043123331
   vertex -0.088410981 0.0031686587 0.043121467
  endloop
 endfacet
 facet normal 1 0 0
  outer loop
   vertex -0.088410981 0.0046126138 0.044977299
   vertex -0.088410981 0.0038550352 0.04499335
   vertex -0.088410981 0.0038404243 0.04436729
  endloop
 endfacet
 facet normal 1 0 0
  outer loop
   vertex -0.088410981 0.0046126138 0.044977299
   vertex -0.088410981 0.0038404243 0.04436729
   vertex -0.088410981 0.0045800087 0.044355157
  endloop
 endfacet
 facet normal 1 0 0
  outer loop
   vertex -0.088410981 0.0038072513 0.043118513
   vertex -0.088410981 0.0037898995 0.042494491
   vertex -0.088410981 0.0044820133 0.042485293
  endloop
 endfacet
 facet normal 1 0 0
  outer loop
   vertex -0.088410981 0.0038072513 0.043118513
   vertex -0.088410981 0.0044820133 0.042485293
   vertex -0.088410981 0.0045146784 0.043108581
  endloop
 endfacet
 facet normal 1 -4.2698087e-14 -4.4112954e-14
  outer loop
   vertex -0.088410981 0.002530024 0.044373339
   vertex -0.088410981 0.002525813 0.043748222
   vertex -0.088410981 0.0031780142 0.043746132
  endloop
 endfacet
 facet normal 1 -4.2698087e-14 -4.4112954e-14
  outer loop
   vertex -0.088410981 0.002530024 0.044373339
   vertex -0.088410981 0.0031780142 0.043746132
   vertex -0.088410981 0.0031866723 0.044371197
  endloop
 endfacet
 facet normal 1 0 -0
  outer loop
   vertex -0.088410981 0.0038404243 0.04436729
   vertex -0.088410981 0.0038550352 0.04499335
   vertex -0.088410981 0.0031940936 0.044997177
  endloop
 endfacet
 facet normal 1 0 -0
  outer loop
   vertex -0.088410981 0.0038404243 0.04436729
   vertex -0.088410981 0.0031940936 0.044997177
   vertex -0.088410981 0.0031866723 0.044371197
  endloop
 endfacet
 facet normal 1 -0 0
  outer loop
   vertex -0.088410981 0.0032167984 0.04749985
   vertex -0.088410981 0.0039233417 0.047495134
   vertex -0.088410981 0.0038815997 0.048132854
  endloop
 endfacet
 facet normal 1 -0 0
  outer loop
   vertex -0.088410981 0.0032167984 0.04749985
   vertex -0.088410981 0.0038815997 0.048132854
   vertex -0.088410981 0.0032047382 0.048133555
  endloop
 endfacet
 facet normal 1 -2.1510287e-17 2.1648146e-14
  outer loop
   vertex -0.088410981 0.0031983481 0.048775616
   vertex -0.088410981 0.002546779 0.048774969
   vertex -0.088410981 0.0025423295 0.048133903
  endloop
 endfacet
 facet normal 1 -2.1510287e-17 2.1648146e-14
  outer loop
   vertex -0.088410981 0.0031983481 0.048775616
   vertex -0.088410981 0.0025423295 0.048133903
   vertex -0.088410981 0.0032047382 0.048133555
  endloop
 endfacet
 facet normal 0.006359379 -0.8757339 -0.48275221
  outer loop
   vertex -0.088410862 0.0039882126 0.050139561
   vertex -0.088410938 0.0042330442 0.049695425
   vertex -0.087695969 0.0041913234 0.049780527
  endloop
 endfacet
 facet normal 0.006359379 -0.8757339 -0.48275221
  outer loop
   vertex -0.088410862 0.0039882126 0.050139561
   vertex -0.087695969 0.0041913234 0.049780527
   vertex -0.08769033 0.0037075516 0.050546062
  endloop
 endfacet
 facet normal 0.006359379 -0.8757339 -0.48275221
  outer loop
   vertex -0.088410862 0.0039882126 0.050139561
   vertex -0.08769033 0.0037075516 0.050546062
   vertex -0.088410659 0.0037182241 0.050532911
  endloop
 endfacet
 facet normal 1 0 0
  outer loop
   vertex -0.088410981 0.0047375588 0.047466911
   vertex -0.088410981 0.0046937034 0.04816848
   vertex -0.088410981 0.0038815997 0.048132854
  endloop
 endfacet
 facet normal 1 0 0
  outer loop
   vertex -0.088410981 0.0047375588 0.047466911
   vertex -0.088410981 0.0038815997 0.048132854
   vertex -0.088410981 0.0039233417 0.047495134
  endloop
 endfacet
 facet normal 0.99999998 -1.9976275e-07 0.00020104302
  outer loop
   vertex -0.088411113 0.0025642612 0.049430136
   vertex -0.088410981 0.002546779 0.048774969
   vertex -0.088410981 0.0031983481 0.048775616
  endloop
 endfacet
 facet normal 0.99999998 -1.9976275e-07 0.00020104302
  outer loop
   vertex -0.088411113 0.0025642612 0.049430136
   vertex -0.088410981 0.0031983481 0.048775616
   vertex -0.088411152 0.0032086382 0.049427819
  endloop
 endfacet
 facet normal 0.99999948 -0.0010194126 -8.9405545e-05
  outer loop
   vertex -0.088411109 0.0038101286 0.049409191
   vertex -0.088410862 0.0039882126 0.050139561
   vertex -0.088411619 0.0032492552 0.050093347
  endloop
 endfacet
 facet normal 0.99999948 -0.0010194126 -8.9405545e-05
  outer loop
   vertex -0.088411109 0.0038101286 0.049409191
   vertex -0.088411619 0.0032492552 0.050093347
   vertex -0.088411152 0.0032086382 0.049427819
  endloop
 endfacet
 facet normal 1 0 -0
  outer loop
   vertex -0.088410981 0.0039197053 0.046868175
   vertex -0.088410981 0.0039233417 0.047495134
   vertex -0.088410981 0.0032167984 0.04749985
  endloop
 endfacet
 facet normal 1 0 -0
  outer loop
   vertex -0.088410981 0.0039197053 0.046868175
   vertex -0.088410981 0.0032167984 0.04749985
   vertex -0.088410981 0.0032160578 0.046873684
  endloop
 endfacet
 facet normal 1 -4.3658278e-17 -2.2266466e-14
  outer loop
   vertex -0.088410981 0.0032051628 0.046250446
   vertex -0.088410981 0.0032160578 0.046873684
   vertex -0.088410981 0.0025428706 0.046875004
  endloop
 endfacet
 facet normal 1 -4.3658278e-17 -2.2266466e-14
  outer loop
   vertex -0.088410981 0.0032051628 0.046250446
   vertex -0.088410981 0.0025428706 0.046875004
   vertex -0.088410981 0.0025391886 0.04625004
  endloop
 endfacet
 facet normal 1 0 0
  outer loop
   vertex -0.088410981 0.0038717299 0.045623432
   vertex -0.088410981 0.0038550352 0.04499335
   vertex -0.088410981 0.0046126138 0.044977299
  endloop
 endfacet
 facet normal 1 0 0
  outer loop
   vertex -0.088410981 0.0038717299 0.045623432
   vertex -0.088410981 0.0046126138 0.044977299
   vertex -0.088410981 0.0046449255 0.045593844
  endloop
 endfacet
 facet normal 1 0 0
  outer loop
   vertex -0.088410981 0.0047375588 0.047466911
   vertex -0.088410981 0.0039233417 0.047495134
   vertex -0.088410981 0.0039197053 0.046868175
  endloop
 endfacet
 facet normal 1 0 0
  outer loop
   vertex -0.088410981 0.0047375588 0.047466911
   vertex -0.088410981 0.0039197053 0.046868175
   vertex -0.088410981 0.004711565 0.046865401
  endloop
 endfacet
 facet normal -9.5281454e-16 -0.99862953 0.052335957
  outer loop
   vertex -0.087557 0.0046899794 0.046453523
   vertex -0.087526414 0.0047148758 0.046928574
   vertex -0.087983638 0.0047140773 0.046913337
  endloop
 endfacet
 facet normal -9.5281454e-16 -0.99862953 0.052335957
  outer loop
   vertex -0.087557 0.0046899794 0.046453523
   vertex -0.087983638 0.0047140773 0.046913337
   vertex -0.088006098 0.0046919732 0.046491566
  endloop
 endfacet
 facet normal 1 2.0929944e-14 2.198129e-14
  outer loop
   vertex -0.088410981 0.0025364182 0.045624514
   vertex -0.088410981 0.0031998862 0.045624125
   vertex -0.088410981 0.0032051628 0.046250446
  endloop
 endfacet
 facet normal 1 2.0929944e-14 2.198129e-14
  outer loop
   vertex -0.088410981 0.0025364182 0.045624514
   vertex -0.088410981 0.0032051628 0.046250446
   vertex -0.088410981 0.0025391886 0.04625004
  endloop
 endfacet
 facet normal 1 -0 0
  outer loop
   vertex -0.088410981 0.0031940936 0.044997177
   vertex -0.088410981 0.0038550352 0.04499335
   vertex -0.088410981 0.0038717299 0.045623432
  endloop
 endfacet
 facet normal 1 -0 0
  outer loop
   vertex -0.088410981 0.0031940936 0.044997177
   vertex -0.088410981 0.0038717299 0.045623432
   vertex -0.088410981 0.0031998862 0.045624125
  endloop
 endfacet
 facet normal 1.1323035e-15 0.99862953 -0.052335952
  outer loop
   vertex -0.08625 -0.0063800504 0.026297998
   vertex -0.086275989 -0.0063486185 0.026897755
   vertex -0.085633751 -0.0063486103 0.026897911
  endloop
 endfacet
 facet normal 1.1323035e-15 0.99862953 -0.052335952
  outer loop
   vertex -0.08625 -0.0063800504 0.026297998
   vertex -0.085633751 -0.0063486103 0.026897911
   vertex -0.085625 -0.0063800504 0.026297998
  endloop
 endfacet
 facet normal 2.013935e-16 0.99862953 -0.052335952
  outer loop
   vertex -0.084997378 -0.0063174504 0.027492478
   vertex -0.084998483 -0.0063485809 0.026898472
   vertex -0.085633751 -0.0063486103 0.026897911
  endloop
 endfacet
 facet normal 2.013935e-16 0.99862953 -0.052335952
  outer loop
   vertex -0.084997378 -0.0063174504 0.027492478
   vertex -0.085633751 -0.0063486103 0.026897911
   vertex -0.085640067 -0.006317474 0.027492027
  endloop
 endfacet
 facet normal 8.5820268e-16 0.99862953 -0.052335952
  outer loop
   vertex -0.086293635 -0.0063174705 0.027492094
   vertex -0.085640067 -0.006317474 0.027492027
   vertex -0.085633751 -0.0063486103 0.026897911
  endloop
 endfacet
 facet normal 8.5820268e-16 0.99862953 -0.052335952
  outer loop
   vertex -0.086293635 -0.0063174705 0.027492094
   vertex -0.085633751 -0.0063486103 0.026897911
   vertex -0.086275989 -0.0063486185 0.026897755
  endloop
 endfacet
 facet normal -1.095354e-15 0.99862953 -0.052335952
  outer loop
   vertex -0.085 -0.0063800504 0.026297998
   vertex -0.085625 -0.0063800504 0.026297998
   vertex -0.085633751 -0.0063486103 0.026897911
  endloop
 endfacet
 facet normal -1.095354e-15 0.99862953 -0.052335952
  outer loop
   vertex -0.085 -0.0063800504 0.026297998
   vertex -0.085633751 -0.0063486103 0.026897911
   vertex -0.084998483 -0.0063485809 0.026898472
  endloop
 endfacet
 facet normal 1 -0 0
  outer loop
   vertex -0.088410981 -0.0062184015 0.029382443
   vertex -0.088410981 -0.0055923537 0.029375874
   vertex -0.088410981 -0.0055776854 0.030000936
  endloop
 endfacet
 facet normal 1 -0 0
  outer loop
   vertex -0.088410981 -0.0062184015 0.029382443
   vertex -0.088410981 -0.0055776854 0.030000936
   vertex -0.088410981 -0.0061857364 0.030005731
  endloop
 endfacet
 facet normal -7.6503279e-16 0.99862953 -0.052335952
  outer loop
   vertex -0.087674895 -0.0061861365 0.029998096
   vertex -0.087670533 -0.0062188483 0.029373917
   vertex -0.088410981 -0.0062184015 0.029382443
  endloop
 endfacet
 facet normal -7.6503279e-16 0.99862953 -0.052335952
  outer loop
   vertex -0.087674895 -0.0061861365 0.029998096
   vertex -0.088410981 -0.0062184015 0.029382443
   vertex -0.088410981 -0.0061857364 0.030005731
  endloop
 endfacet
 facet normal 1 0 0
  outer loop
   vertex -0.088410981 -0.0049963254 0.029375102
   vertex -0.088410981 -0.0055923537 0.029375874
   vertex -0.088410981 -0.005607587 0.02875055
  endloop
 endfacet
 facet normal 1 0 0
  outer loop
   vertex -0.088410981 -0.0049963254 0.029375102
   vertex -0.088410981 -0.005607587 0.02875055
   vertex -0.088410981 -0.0050032624 0.028748394
  endloop
 endfacet
 facet normal -2.6222357e-16 0.99862953 -0.052335952
  outer loop
   vertex -0.087665185 -0.0062515791 0.028749377
   vertex -0.088410981 -0.0062510667 0.028759155
   vertex -0.088410981 -0.0062184015 0.029382443
  endloop
 endfacet
 facet normal -2.6222357e-16 0.99862953 -0.052335952
  outer loop
   vertex -0.087665185 -0.0062515791 0.028749377
   vertex -0.088410981 -0.0062184015 0.029382443
   vertex -0.087670533 -0.0062188483 0.029373917
  endloop
 endfacet
 facet normal 1 0 0
  outer loop
   vertex -0.088410981 -0.0062837318 0.028135867
   vertex -0.088410981 -0.0063161362 0.027517555
   vertex -0.088410981 -0.0056309532 0.027494652
  endloop
 endfacet
 facet normal 1 0 0
  outer loop
   vertex -0.088410981 -0.0062837318 0.028135867
   vertex -0.088410981 -0.0056309532 0.027494652
   vertex -0.088410981 -0.0056216217 0.028123245
  endloop
 endfacet
 facet normal 1 -7.8622959e-17 -2.2035337e-14
  outer loop
   vertex -0.088410981 -0.0050104593 0.028118623
   vertex -0.088410981 -0.0050032624 0.028748394
   vertex -0.088410981 -0.005607587 0.02875055
  endloop
 endfacet
 facet normal 1 -7.8622959e-17 -2.2035337e-14
  outer loop
   vertex -0.088410981 -0.0050104593 0.028118623
   vertex -0.088410981 -0.005607587 0.02875055
   vertex -0.088410981 -0.0056216217 0.028123245
  endloop
 endfacet
 facet normal 1 0 0
  outer loop
   vertex -0.088410981 -0.0056309532 0.027494652
   vertex -0.088410981 -0.0063161362 0.027517555
   vertex -0.088410981 -0.0063512996 0.026846596
  endloop
 endfacet
 facet normal 1 0 0
  outer loop
   vertex -0.088410981 -0.0056309532 0.027494652
   vertex -0.088410981 -0.0063512996 0.026846596
   vertex -0.088410981 -0.005625511 0.026881262
  endloop
 endfacet
 facet normal 1 -0 0
  outer loop
   vertex -0.088410981 -0.0055865202 0.02625641
   vertex -0.088410981 -0.0050055739 0.026225964
   vertex -0.088410981 -0.0050122218 0.026875696
  endloop
 endfacet
 facet normal 1 -0 0
  outer loop
   vertex -0.088410981 -0.0055865202 0.02625641
   vertex -0.088410981 -0.0050122218 0.026875696
   vertex -0.088410981 -0.005625511 0.026881262
  endloop
 endfacet
 facet normal -1.6896117e-15 0.99862953 -0.052335952
  outer loop
   vertex -0.083754887 -0.0063800504 0.026297998
   vertex -0.084375 -0.0063800504 0.026297998
   vertex -0.084363126 -0.0063484973 0.026900068
  endloop
 endfacet
 facet normal -1.6896117e-15 0.99862953 -0.052335952
  outer loop
   vertex -0.083754887 -0.0063800504 0.026297998
   vertex -0.084363126 -0.0063484973 0.026900068
   vertex -0.083725904 -0.0063482846 0.026904126
  endloop
 endfacet
 facet normal -1.454979e-15 0.99862953 -0.052335952
  outer loop
   vertex -0.084997378 -0.0063174504 0.027492478
   vertex -0.084354864 -0.0063173832 0.027493759
   vertex -0.084363126 -0.0063484973 0.026900068
  endloop
 endfacet
 facet normal -1.454979e-15 0.99862953 -0.052335952
  outer loop
   vertex -0.084997378 -0.0063174504 0.027492478
   vertex -0.084363126 -0.0063484973 0.026900068
   vertex -0.084998483 -0.0063485809 0.026898472
  endloop
 endfacet
 facet normal -4.416974e-16 0.99862953 -0.052335952
  outer loop
   vertex -0.085 -0.0063800504 0.026297998
   vertex -0.084998483 -0.0063485809 0.026898472
   vertex -0.084363126 -0.0063484973 0.026900068
  endloop
 endfacet
 facet normal -4.416974e-16 0.99862953 -0.052335952
  outer loop
   vertex -0.085 -0.0063800504 0.026297998
   vertex -0.084363126 -0.0063484973 0.026900068
   vertex -0.084375 -0.0063800504 0.026297998
  endloop
 endfacet
 facet normal -1.0146697e-15 0.99862953 -0.052335952
  outer loop
   vertex -0.083708759 -0.0063172116 0.027497034
   vertex -0.083725904 -0.0063482846 0.026904126
   vertex -0.084363126 -0.0063484973 0.026900068
  endloop
 endfacet
 facet normal -1.0146697e-15 0.99862953 -0.052335952
  outer loop
   vertex -0.083708759 -0.0063172116 0.027497034
   vertex -0.084363126 -0.0063484973 0.026900068
   vertex -0.084354864 -0.0063173832 0.027493759
  endloop
 endfacet
 facet normal -1 0 0
  outer loop
   vertex -0.082410976 -0.0063161362 0.027517555
   vertex -0.082410976 -0.005652081 0.027494239
   vertex -0.082410976 -0.0056423194 0.02689671
  endloop
 endfacet
 facet normal -1 0 0
  outer loop
   vertex -0.082410976 -0.0063161362 0.027517555
   vertex -0.082410976 -0.0056423194 0.02689671
   vertex -0.082410976 -0.0063464914 0.026938343
  endloop
 endfacet
 facet normal -1 -2.3997848e-14 -2.0913063e-15
  outer loop
   vertex -0.082410976 -0.0050055739 0.026225964
   vertex -0.082410976 -0.0055865202 0.02625641
   vertex -0.082410976 -0.0056423194 0.02689671
  endloop
 endfacet
 facet normal -1 -2.3997848e-14 -2.0913063e-15
  outer loop
   vertex -0.082410976 -0.0050055739 0.026225964
   vertex -0.082410976 -0.0056423194 0.02689671
   vertex -0.082410976 -0.0050243492 0.026866145
  endloop
 endfacet
 facet normal -1 0 0
  outer loop
   vertex -0.082410976 -0.0063800504 0.026297998
   vertex -0.082410976 -0.0063464914 0.026938343
   vertex -0.082410976 -0.0056423194 0.02689671
  endloop
 endfacet
 facet normal -1 0 0
  outer loop
   vertex -0.082410976 -0.0063800504 0.026297998
   vertex -0.082410976 -0.0056423194 0.02689671
   vertex -0.082410976 -0.0055865202 0.02625641
  endloop
 endfacet
 facet normal 1 2.2364111e-14 2.1742584e-14
  outer loop
   vertex -0.088410981 -0.0031253263 0.028742976
   vertex -0.088410981 -0.0031266978 0.02810611
   vertex -0.088410981 -0.0025016957 0.028101519
  endloop
 endfacet
 facet normal 1 2.2364111e-14 2.1742584e-14
  outer loop
   vertex -0.088410981 -0.0031253263 0.028742976
   vertex -0.088410981 -0.0025016957 0.028101519
   vertex -0.088410981 -0.0025004947 0.028741023
  endloop
 endfacet
 facet normal 1 -4.4501327e-14 -2.1377843e-14
  outer loop
   vertex -0.088410981 -0.0031287675 0.027461252
   vertex -0.088410981 -0.0031266978 0.02810611
   vertex -0.088410981 -0.0037525282 0.02811054
  endloop
 endfacet
 facet normal 1 -4.4501327e-14 -2.1377843e-14
  outer loop
   vertex -0.088410981 -0.0031287675 0.027461252
   vertex -0.088410981 -0.0037525282 0.02811054
   vertex -0.088410981 -0.0037547472 0.027470449
  endloop
 endfacet
 facet normal 1 -1.4198962e-17 -2.2156817e-14
  outer loop
   vertex -0.088410981 -0.0037492986 0.029373698
   vertex -0.088410981 -0.0037496436 0.030000042
   vertex -0.088410981 -0.0043739074 0.030000442
  endloop
 endfacet
 facet normal 1 -1.4198962e-17 -2.2156817e-14
  outer loop
   vertex -0.088410981 -0.0037492986 0.029373698
   vertex -0.088410981 -0.0043739074 0.030000442
   vertex -0.088410981 -0.0043741398 0.029374407
  endloop
 endfacet
 facet normal 1 0 -0
  outer loop
   vertex -0.088410981 -0.0043770512 0.028746618
   vertex -0.088410981 -0.0043741398 0.029374407
   vertex -0.088410981 -0.0049963254 0.029375102
  endloop
 endfacet
 facet normal 1 0 -0
  outer loop
   vertex -0.088410981 -0.0043770512 0.028746618
   vertex -0.088410981 -0.0049963254 0.029375102
   vertex -0.088410981 -0.0050032624 0.028748394
  endloop
 endfacet
 facet normal 1 -2.2141653e-14 2.2005125e-14
  outer loop
   vertex -0.088410981 -0.0031253263 0.028742976
   vertex -0.088410981 -0.0025004947 0.028741023
   vertex -0.088410981 -0.0024999765 0.029372206
  endloop
 endfacet
 facet normal 1 -2.2141653e-14 2.2005125e-14
  outer loop
   vertex -0.088410981 -0.0031253263 0.028742976
   vertex -0.088410981 -0.0024999765 0.029372206
   vertex -0.088410981 -0.0031246755 0.029372955
  endloop
 endfacet
 facet normal 1 -1.2999137e-17 -2.2156817e-14
  outer loop
   vertex -0.088410981 -0.0031248784 0.029999675
   vertex -0.088410981 -0.0037496436 0.030000042
   vertex -0.088410981 -0.0037492986 0.029373698
  endloop
 endfacet
 facet normal 1 -1.2999137e-17 -2.2156817e-14
  outer loop
   vertex -0.088410981 -0.0031248784 0.029999675
   vertex -0.088410981 -0.0037492986 0.029373698
   vertex -0.088410981 -0.0031246755 0.029372955
  endloop
 endfacet
 facet normal 1 2.9618936e-16 2.167993e-14
  outer loop
   vertex -0.088410981 -0.0043835026 0.027479039
   vertex -0.088410981 -0.0037547472 0.027470449
   vertex -0.088410981 -0.0037525282 0.02811054
  endloop
 endfacet
 facet normal 1 2.9618936e-16 2.167993e-14
  outer loop
   vertex -0.088410981 -0.0043835026 0.027479039
   vertex -0.088410981 -0.0037525282 0.02811054
   vertex -0.088410981 -0.0043807041 0.028114662
  endloop
 endfacet
 facet normal 1 -2.2035996e-14 1.2737289e-16
  outer loop
   vertex -0.088410981 -0.0050104593 0.028118623
   vertex -0.088410981 -0.0043807041 0.028114662
   vertex -0.088410981 -0.0043770512 0.028746618
  endloop
 endfacet
 facet normal 1 -2.2035996e-14 1.2737289e-16
  outer loop
   vertex -0.088410981 -0.0050104593 0.028118623
   vertex -0.088410981 -0.0043770512 0.028746618
   vertex -0.088410981 -0.0050032624 0.028748394
  endloop
 endfacet
 facet normal 1 0 0
  outer loop
   vertex -0.088410981 -0.00250703 0.026809767
   vertex -0.088410981 -0.0025171933 0.026095554
   vertex -0.088410981 -0.0018939052 0.026062888
  endloop
 endfacet
 facet normal 1 0 0
  outer loop
   vertex -0.088410981 -0.00250703 0.026809767
   vertex -0.088410981 -0.0018939052 0.026062888
   vertex -0.088410981 -0.0018827963 0.026792733
  endloop
 endfacet
 facet normal 4.0947921e-16 0.052336044 0.99862953
  outer loop
   vertex -0.087651066 -0.0025093615 0.026095143
   vertex -0.087648111 -0.0018852562 0.026062435
   vertex -0.088410981 -0.0018939052 0.026062888
  endloop
 endfacet
 facet normal 4.0947921e-16 0.052336044 0.99862953
  outer loop
   vertex -0.087651066 -0.0025093615 0.026095143
   vertex -0.088410981 -0.0018939052 0.026062888
   vertex -0.088410981 -0.0025171933 0.026095554
  endloop
 endfacet
 facet normal 1 -2.2201434e-14 1.3894377e-16
  outer loop
   vertex -0.088410981 -0.0012581824 0.02677665
   vertex -0.088410981 -0.001254069 0.027433914
   vertex -0.088410981 -0.0018791003 0.02744252
  endloop
 endfacet
 facet normal 1 -2.2201434e-14 1.3894377e-16
  outer loop
   vertex -0.088410981 -0.0012581824 0.02677665
   vertex -0.088410981 -0.0018791003 0.02744252
   vertex -0.088410981 -0.0018827963 0.026792733
  endloop
 endfacet
 facet normal -1.9971419e-15 0.052336044 0.99862953
  outer loop
   vertex -0.087645185 -0.0012610047 0.026029719
   vertex -0.088410981 -0.0012706171 0.026030223
   vertex -0.088410981 -0.0018939052 0.026062888
  endloop
 endfacet
 facet normal -1.9971419e-15 0.052336044 0.99862953
  outer loop
   vertex -0.087645185 -0.0012610047 0.026029719
   vertex -0.088410981 -0.0018939052 0.026062888
   vertex -0.087648111 -0.0018852562 0.026062435
  endloop
 endfacet
 facet normal 1 0 0
  outer loop
   vertex -0.088410981 -0.00062816821 0.027426673
   vertex -0.088410981 -0.001254069 0.027433914
   vertex -0.088410981 -0.0012581824 0.02677665
  endloop
 endfacet
 facet normal 1 0 0
  outer loop
   vertex -0.088410981 -0.00062816821 0.027426673
   vertex -0.088410981 -0.0012581824 0.02677665
   vertex -0.088410981 -0.00063217659 0.026762213
  endloop
 endfacet
 facet normal 1 -0 0
  outer loop
   vertex -0.088410981 -0.00064847459 0.025997618
   vertex -0.088410981 -3.193034e-05 0.025965306
   vertex -0.088410981 -2.240023e-06 0.026746133
  endloop
 endfacet
 facet normal 1 -0 0
  outer loop
   vertex -0.088410981 -0.00064847459 0.025997618
   vertex -0.088410981 -2.240023e-06 0.026746133
   vertex -0.088410981 -0.00063217659 0.026762213
  endloop
 endfacet
 facet normal 1 -0 0
  outer loop
   vertex -0.088410981 -0.0037565879 0.02684438
   vertex -0.088410981 -0.0031314249 0.026827093
   vertex -0.088410981 -0.0031287675 0.027461252
  endloop
 endfacet
 facet normal 1 -0 0
  outer loop
   vertex -0.088410981 -0.0037565879 0.02684438
   vertex -0.088410981 -0.0031287675 0.027461252
   vertex -0.088410981 -0.0037547472 0.027470449
  endloop
 endfacet
 facet normal 1 -0 0
  outer loop
   vertex -0.088410981 -0.0031404814 0.026128219
   vertex -0.088410981 -0.0025171933 0.026095554
   vertex -0.088410981 -0.00250703 0.026809767
  endloop
 endfacet
 facet normal 1 -0 0
  outer loop
   vertex -0.088410981 -0.0031404814 0.026128219
   vertex -0.088410981 -0.00250703 0.026809767
   vertex -0.088410981 -0.0031314249 0.026827093
  endloop
 endfacet
 facet normal 3.6982976e-15 0.052336044 0.99862953
  outer loop
   vertex -0.087651066 -0.0025093615 0.026095143
   vertex -0.088410981 -0.0025171933 0.026095554
   vertex -0.088410981 -0.0031404814 0.026128219
  endloop
 endfacet
 facet normal 3.6982976e-15 0.052336044 0.99862953
  outer loop
   vertex -0.087651066 -0.0025093615 0.026095143
   vertex -0.088410981 -0.0031404814 0.026128219
   vertex -0.087653762 -0.0031344564 0.026127903
  endloop
 endfacet
 facet normal -4.934447e-16 0.052336044 0.99862953
  outer loop
   vertex -0.087655161 -0.0037623277 0.026160808
   vertex -0.087653762 -0.0031344564 0.026127903
   vertex -0.088410981 -0.0031404814 0.026128219
  endloop
 endfacet
 facet normal -4.934447e-16 0.052336044 0.99862953
  outer loop
   vertex -0.087655161 -0.0037623277 0.026160808
   vertex -0.088410981 -0.0031404814 0.026128219
   vertex -0.088410981 -0.0037637694 0.026160884
  endloop
 endfacet
 facet normal 1 0 0
  outer loop
   vertex -0.088410981 -0.0043835026 0.027479039
   vertex -0.088410981 -0.0043837874 0.02686111
   vertex -0.088410981 -0.0037565879 0.02684438
  endloop
 endfacet
 facet normal 1 0 0
  outer loop
   vertex -0.088410981 -0.0043835026 0.027479039
   vertex -0.088410981 -0.0037565879 0.02684438
   vertex -0.088410981 -0.0037547472 0.027470449
  endloop
 endfacet
 facet normal 1 0 0
  outer loop
   vertex -0.088410981 -0.0050122218 0.026875696
   vertex -0.088410981 -0.0050055739 0.026225964
   vertex -0.088410981 -0.0043870575 0.026193549
  endloop
 endfacet
 facet normal 1 0 0
  outer loop
   vertex -0.088410981 -0.0050122218 0.026875696
   vertex -0.088410981 -0.0043870575 0.026193549
   vertex -0.088410981 -0.0043837874 0.02686111
  endloop
 endfacet
 facet normal 5.3179778e-16 -0.99862953 0.052335957
  outer loop
   vertex -0.083718996 0.0036340217 0.02630465
   vertex -0.083095959 0.0036340788 0.02630574
   vertex -0.083071011 0.0036642981 0.026882359
  endloop
 endfacet
 facet normal 5.3179778e-16 -0.99862953 0.052335957
  outer loop
   vertex -0.083718996 0.0036340217 0.02630465
   vertex -0.083071011 0.0036642981 0.026882359
   vertex -0.083700597 0.0036643219 0.026882812
  endloop
 endfacet
 facet normal -0.99999966 -0.00030112685 -0.00076584943
  outer loop
   vertex -0.082410311 0.0024979881 0.026344136
   vertex -0.082410734 0.0025007959 0.026895349
   vertex -0.082410907 0.0030838422 0.026892586
  endloop
 endfacet
 facet normal -0.99999966 -0.00030112685 -0.00076584943
  outer loop
   vertex -0.082410311 0.0024979881 0.026344136
   vertex -0.082410907 0.0030838422 0.026892586
   vertex -0.082410844 0.0030742328 0.026331338
  endloop
 endfacet
 facet normal 1.4006799e-15 -0.99862953 0.052335957
  outer loop
   vertex -0.082410976 0.0036963379 0.027493713
   vertex -0.083063799 0.0036967026 0.027500673
   vertex -0.083071011 0.0036642981 0.026882359
  endloop
 endfacet
 facet normal 1.4006799e-15 -0.99862953 0.052335957
  outer loop
   vertex -0.082410976 0.0036963379 0.027493713
   vertex -0.083071011 0.0036642981 0.026882359
   vertex -0.082410976 0.0036639228 0.026875197
  endloop
 endfacet
 facet normal -0.99999999 -0.00011922077 6.2480958e-06
  outer loop
   vertex -0.082410976 0.0036963379 0.027493713
   vertex -0.082410976 0.0036639228 0.026875197
   vertex -0.082410907 0.0030838422 0.026892586
  endloop
 endfacet
 facet normal -0.99999999 -0.00011922077 6.2480958e-06
  outer loop
   vertex -0.082410976 0.0036963379 0.027493713
   vertex -0.082410907 0.0030838422 0.026892586
   vertex -0.082410947 0.0031001687 0.027502833
  endloop
 endfacet
 facet normal 9.7436336e-16 -0.99862953 0.052335957
  outer loop
   vertex -0.083693958 0.0036967842 0.027502229
   vertex -0.083700597 0.0036643219 0.026882812
   vertex -0.083071011 0.0036642981 0.026882359
  endloop
 endfacet
 facet normal 9.7436336e-16 -0.99862953 0.052335957
  outer loop
   vertex -0.083693958 0.0036967842 0.027502229
   vertex -0.083071011 0.0036642981 0.026882359
   vertex -0.083063799 0.0036967026 0.027500673
  endloop
 endfacet
 facet normal 2.498963e-16 -0.99862953 0.052335957
  outer loop
   vertex -0.082410976 0.0036334767 0.026294251
   vertex -0.082410976 0.0036639228 0.026875197
   vertex -0.083071011 0.0036642981 0.026882359
  endloop
 endfacet
 facet normal 2.498963e-16 -0.99862953 0.052335957
  outer loop
   vertex -0.082410976 0.0036334767 0.026294251
   vertex -0.083071011 0.0036642981 0.026882359
   vertex -0.083095959 0.0036340788 0.02630574
  endloop
 endfacet
 facet normal -0.99999996 -0.00024343542 -0.00010785631
  outer loop
   vertex -0.082410976 0.0036334767 0.026294251
   vertex -0.082410844 0.0030742328 0.026331338
   vertex -0.082410907 0.0030838422 0.026892586
  endloop
 endfacet
 facet normal -0.99999996 -0.00024343542 -0.00010785631
  outer loop
   vertex -0.082410976 0.0036334767 0.026294251
   vertex -0.082410907 0.0030838422 0.026892586
   vertex -0.082410976 0.0036639228 0.026875197
  endloop
 endfacet
 facet normal 0 0.052341824 0.99862923
  outer loop
   vertex -0.083714605 0.0030854311 0.025801935
   vertex -0.083754887 0.0036062449 0.025774637
   vertex -0.084375 0.0036062449 0.025774637
  endloop
 endfacet
 facet normal 0 0.052341824 0.99862923
  outer loop
   vertex -0.083714605 0.0030854311 0.025801935
   vertex -0.084375 0.0036062449 0.025774637
   vertex -0.084357067 0.0030872608 0.025801836
  endloop
 endfacet
 facet normal -3.0557539e-17 -0.99862953 0.052335957
  outer loop
   vertex -0.083718996 0.0036340217 0.02630465
   vertex -0.084359606 0.0036339256 0.026302816
   vertex -0.084375 0.0036062449 0.025774637
  endloop
 endfacet
 facet normal -3.0557539e-17 -0.99862953 0.052335957
  outer loop
   vertex -0.083718996 0.0036340217 0.02630465
   vertex -0.084375 0.0036062449 0.025774637
   vertex -0.083754887 0.0036062449 0.025774637
  endloop
 endfacet
 facet normal 0 -0.99862953 0.052335957
  outer loop
   vertex -0.084997458 0.0036338567 0.026301501
   vertex -0.085 0.0036062449 0.025774637
   vertex -0.084375 0.0036062449 0.025774637
  endloop
 endfacet
 facet normal 0 -0.99862953 0.052335957
  outer loop
   vertex -0.084997458 0.0036338567 0.026301501
   vertex -0.084375 0.0036062449 0.025774637
   vertex -0.084359606 0.0036339256 0.026302816
  endloop
 endfacet
 facet normal -2.6395932e-05 0.052369188 0.99862779
  outer loop
   vertex -0.083714605 0.0030854311 0.025801935
   vertex -0.083090184 0.0030822553 0.025802118
   vertex -0.083173215 0.0036062449 0.025774637
  endloop
 endfacet
 facet normal -2.6395932e-05 0.052369188 0.99862779
  outer loop
   vertex -0.083714605 0.0030854311 0.025801935
   vertex -0.083173215 0.0036062449 0.025774637
   vertex -0.083754887 0.0036062449 0.025774637
  endloop
 endfacet
 facet normal 0 -0.99862953 0.052335957
  outer loop
   vertex -0.083718996 0.0036340217 0.02630465
   vertex -0.083754887 0.0036062449 0.025774637
   vertex -0.083173215 0.0036062449 0.025774637
  endloop
 endfacet
 facet normal 0 -0.99862953 0.052335957
  outer loop
   vertex -0.083718996 0.0036340217 0.02630465
   vertex -0.083173215 0.0036062449 0.025774637
   vertex -0.083095959 0.0036340788 0.02630574
  endloop
 endfacet
 facet normal -0.99999953 -0.00091927854 0.0003003496
  outer loop
   vertex -0.082410311 0.0024979881 0.026344136
   vertex -0.082410844 0.0030742328 0.026331338
   vertex -0.082411005 0.0030760124 0.025802426
  endloop
 endfacet
 facet normal -0.99999953 -0.00091927854 0.0003003496
  outer loop
   vertex -0.082410311 0.0024979881 0.026344136
   vertex -0.082411005 0.0030760124 0.025802426
   vertex -0.082411148 0.0024968007 0.02583278
  endloop
 endfacet
 facet normal -1 5.3330262e-05 -2.7949206e-06
  outer loop
   vertex -0.082410976 0.0036334767 0.026294251
   vertex -0.082410976 0.0036062449 0.025774637
   vertex -0.082411005 0.0030760124 0.025802426
  endloop
 endfacet
 facet normal -1 5.3330262e-05 -2.7949206e-06
  outer loop
   vertex -0.082410976 0.0036334767 0.026294251
   vertex -0.082411005 0.0030760124 0.025802426
   vertex -0.082410844 0.0030742328 0.026331338
  endloop
 endfacet
 facet normal -4.3320127e-17 -0.99862953 0.052335957
  outer loop
   vertex -0.082410976 0.0036334767 0.026294251
   vertex -0.083095959 0.0036340788 0.02630574
   vertex -0.083173215 0.0036062449 0.025774637
  endloop
 endfacet
 facet normal -4.3320127e-17 -0.99862953 0.052335957
  outer loop
   vertex -0.082410976 0.0036334767 0.026294251
   vertex -0.083173215 0.0036062449 0.025774637
   vertex -0.082410976 0.0036062449 0.025774637
  endloop
 endfacet
 facet normal 1.6871604e-16 -0.99862953 0.052335957
  outer loop
   vertex -0.086279122 0.003633621 0.026297004
   vertex -0.086297532 0.0036640346 0.02687733
   vertex -0.086972312 0.0036637682 0.026872246
  endloop
 endfacet
 facet normal 1.6871604e-16 -0.99862953 0.052335957
  outer loop
   vertex -0.086279122 0.003633621 0.026297004
   vertex -0.086972312 0.0036637682 0.026872246
   vertex -0.086936167 0.0036331091 0.026287237
  endloop
 endfacet
 facet normal -1.0346873e-15 -0.99862953 0.052335957
  outer loop
   vertex -0.087663299 0.0036963977 0.027494855
   vertex -0.08764746 0.0036634366 0.026865919
   vertex -0.086972312 0.0036637682 0.026872246
  endloop
 endfacet
 facet normal -1.0346873e-15 -0.99862953 0.052335957
  outer loop
   vertex -0.087663299 0.0036963977 0.027494855
   vertex -0.086972312 0.0036637682 0.026872246
   vertex -0.086986818 0.0036965272 0.027497325
  endloop
 endfacet
 facet normal 9.7734305e-16 -0.99862953 0.052335957
  outer loop
   vertex -0.086305818 0.0036966566 0.027499796
   vertex -0.086986818 0.0036965272 0.027497325
   vertex -0.086972312 0.0036637682 0.026872246
  endloop
 endfacet
 facet normal 9.7734305e-16 -0.99862953 0.052335957
  outer loop
   vertex -0.086305818 0.0036966566 0.027499796
   vertex -0.086972312 0.0036637682 0.026872246
   vertex -0.086297532 0.0036640346 0.02687733
  endloop
 endfacet
 facet normal 3.0930222e-16 -0.99862953 0.052335957
  outer loop
   vertex -0.087593713 0.0036313072 0.026252853
   vertex -0.086936167 0.0036331091 0.026287237
   vertex -0.086972312 0.0036637682 0.026872246
  endloop
 endfacet
 facet normal 3.0930222e-16 -0.99862953 0.052335957
  outer loop
   vertex -0.087593713 0.0036313072 0.026252853
   vertex -0.086972312 0.0036637682 0.026872246
   vertex -0.08764746 0.0036634366 0.026865919
  endloop
 endfacet
 facet normal 0 0.052336044 0.99862953
  outer loop
   vertex -0.085625 0.0036062449 0.025774637
   vertex -0.08625 0.0036062449 0.025774637
   vertex -0.086280178 0.0030867513 0.025801863
  endloop
 endfacet
 facet normal 0 0.052336044 0.99862953
  outer loop
   vertex -0.085625 0.0036062449 0.025774637
   vertex -0.086280178 0.0030867513 0.025801863
   vertex -0.085634427 0.0030880401 0.025801795
  endloop
 endfacet
 facet normal 0 -0.99862953 0.052335957
  outer loop
   vertex -0.086279122 0.003633621 0.026297004
   vertex -0.08625 0.0036062449 0.025774637
   vertex -0.085625 0.0036062449 0.025774637
  endloop
 endfacet
 facet normal 0 -0.99862953 0.052335957
  outer loop
   vertex -0.086279122 0.003633621 0.026297004
   vertex -0.085625 0.0036062449 0.025774637
   vertex -0.085634595 0.0036337841 0.026300117
  endloop
 endfacet
 facet normal -2.2397253e-16 -0.99862953 0.052335957
  outer loop
   vertex -0.084997458 0.0036338567 0.026301501
   vertex -0.085634595 0.0036337841 0.026300117
   vertex -0.085625 0.0036062449 0.025774637
  endloop
 endfacet
 facet normal -2.2397253e-16 -0.99862953 0.052335957
  outer loop
   vertex -0.084997458 0.0036338567 0.026301501
   vertex -0.085625 0.0036062449 0.025774637
   vertex -0.085 0.0036062449 0.025774637
  endloop
 endfacet
 facet normal 0 0.052336044 0.99862953
  outer loop
   vertex -0.086280178 0.0030867513 0.025801863
   vertex -0.08625 0.0036062449 0.025774637
   vertex -0.086870113 0.0036062449 0.025774637
  endloop
 endfacet
 facet normal 0 0.052336044 0.99862953
  outer loop
   vertex -0.086280178 0.0030867513 0.025801863
   vertex -0.086870113 0.0036062449 0.025774637
   vertex -0.086939949 0.0030841489 0.025801999
  endloop
 endfacet
 facet normal -3.7147393e-16 -0.99862953 0.052335957
  outer loop
   vertex -0.086279122 0.003633621 0.026297004
   vertex -0.086936167 0.0036331091 0.026287237
   vertex -0.086870113 0.0036062449 0.025774637
  endloop
 endfacet
 facet normal -3.7147393e-16 -0.99862953 0.052335957
  outer loop
   vertex -0.086279122 0.003633621 0.026297004
   vertex -0.086870113 0.0036062449 0.025774637
   vertex -0.08625 0.0036062449 0.025774637
  endloop
 endfacet
 facet normal 0 -0.99862953 0.052335957
  outer loop
   vertex -0.087593713 0.0036313072 0.026252853
   vertex -0.087451785 0.0036062449 0.025774637
   vertex -0.086870113 0.0036062449 0.025774637
  endloop
 endfacet
 facet normal 0 -0.99862953 0.052335957
  outer loop
   vertex -0.087593713 0.0036313072 0.026252853
   vertex -0.086870113 0.0036062449 0.025774637
   vertex -0.086936167 0.0036331091 0.026287237
  endloop
 endfacet
 facet normal 1 1.2399016e-16 -2.1794479e-14
  outer loop
   vertex -0.088410981 0.0031139192 0.028743263
   vertex -0.088410981 0.0025058123 0.028739803
   vertex -0.088410981 0.0024963472 0.028102993
  endloop
 endfacet
 facet normal 1 1.2399016e-16 -2.1794479e-14
  outer loop
   vertex -0.088410981 0.0031139192 0.028743263
   vertex -0.088410981 0.0024963472 0.028102993
   vertex -0.088410981 0.0030964731 0.02811365
  endloop
 endfacet
 facet normal 1 0 0
  outer loop
   vertex -0.088410981 0.0030794689 0.027480264
   vertex -0.088410981 0.0036963379 0.027493713
   vertex -0.088410981 0.003729003 0.028117001
  endloop
 endfacet
 facet normal 1 0 0
  outer loop
   vertex -0.088410981 0.0030794689 0.027480264
   vertex -0.088410981 0.003729003 0.028117001
   vertex -0.088410981 0.0030964731 0.02811365
  endloop
 endfacet
 facet normal 1.9086963e-16 -0.99862953 0.052335957
  outer loop
   vertex -0.087663299 0.0036963977 0.027494855
   vertex -0.087666478 0.0037292983 0.028122636
   vertex -0.088410981 0.003729003 0.028117001
  endloop
 endfacet
 facet normal 1.9086963e-16 -0.99862953 0.052335957
  outer loop
   vertex -0.087663299 0.0036963977 0.027494855
   vertex -0.088410981 0.003729003 0.028117001
   vertex -0.088410981 0.0036963379 0.027493713
  endloop
 endfacet
 facet normal -3.5064545e-16 -0.99862953 0.052335957
  outer loop
   vertex -0.087665215 0.0037620589 0.028747745
   vertex -0.088410981 0.0037616682 0.028740289
   vertex -0.088410981 0.003729003 0.028117001
  endloop
 endfacet
 facet normal -3.5064545e-16 -0.99862953 0.052335957
  outer loop
   vertex -0.087665215 0.0037620589 0.028747745
   vertex -0.088410981 0.003729003 0.028117001
   vertex -0.087666478 0.0037292983 0.028122636
  endloop
 endfacet
 facet normal 1 1.2530298e-16 -2.2025241e-14
  outer loop
   vertex -0.088410981 0.0025154615 0.029369944
   vertex -0.088410981 0.0025058123 0.028739803
   vertex -0.088410981 0.0031139192 0.028743263
  endloop
 endfacet
 facet normal 1 1.2530298e-16 -2.2025241e-14
  outer loop
   vertex -0.088410981 0.0025154615 0.029369944
   vertex -0.088410981 0.0031139192 0.028743263
   vertex -0.088410981 0.0031314132 0.029369942
  endloop
 endfacet
 facet normal 1 0 0
  outer loop
   vertex -0.088410981 0.0031488835 0.029994977
   vertex -0.088410981 0.0031314132 0.029369942
   vertex -0.088410981 0.0037943333 0.029363578
  endloop
 endfacet
 facet normal 1 0 0
  outer loop
   vertex -0.088410981 0.0031488835 0.029994977
   vertex -0.088410981 0.0037943333 0.029363578
   vertex -0.088410981 0.0038269985 0.029986866
  endloop
 endfacet
 facet normal 1 0 0
  outer loop
   vertex -0.088410981 0.0012415816 0.026705042
   vertex -0.088410981 0.0018638921 0.026728055
   vertex -0.088410981 0.0018680617 0.027425575
  endloop
 endfacet
 facet normal 1 0 0
  outer loop
   vertex -0.088410981 0.0012415816 0.026705042
   vertex -0.088410981 0.0018680617 0.027425575
   vertex -0.088410981 0.0012460416 0.027412893
  endloop
 endfacet
 facet normal 0.99999504 -0.00040905914 0.0031214798
  outer loop
   vertex -0.088410981 0.0024815819 0.026809001
   vertex -0.088410981 0.0018638921 0.026728055
   vertex -0.088408419 0.0018565299 0.025906371
  endloop
 endfacet
 facet normal 0.99999504 -0.00040905914 0.0031214798
  outer loop
   vertex -0.088410981 0.0024815819 0.026809001
   vertex -0.088408419 0.0018565299 0.025906371
   vertex -0.088410981 0.0024801004 0.026213676
  endloop
 endfacet
 facet normal 1 -2.2322662e-14 1.4064959e-16
  outer loop
   vertex -0.088410981 0.0012415816 0.026705042
   vertex -0.088410981 0.0012460416 0.027412893
   vertex -0.088410981 0.00062438483 0.027418249
  endloop
 endfacet
 facet normal 1 -2.2322662e-14 1.4064959e-16
  outer loop
   vertex -0.088410981 0.0012415816 0.026705042
   vertex -0.088410981 0.00062438483 0.027418249
   vertex -0.088410981 0.00062537435 0.026734675
  endloop
 endfacet
 facet normal 1 0 0
  outer loop
   vertex -0.088410981 -2.240023e-06 0.026746133
   vertex -0.088410981 -3.193034e-05 0.025965306
   vertex -0.088410981 0.00060719925 0.025931811
  endloop
 endfacet
 facet normal 1 0 0
  outer loop
   vertex -0.088410981 -2.240023e-06 0.026746133
   vertex -0.088410981 0.00060719925 0.025931811
   vertex -0.088410981 0.00062537435 0.026734675
  endloop
 endfacet
 facet normal 0.99999172 0.0040683104 8.1258706e-05
  outer loop
   vertex -0.088410981 0.0024876987 0.025833258
   vertex -0.088410981 0.0024801004 0.026213676
   vertex -0.088408419 0.0018565299 0.025906371
  endloop
 endfacet
 facet normal 0.99999172 0.0040683104 8.1258706e-05
  outer loop
   vertex -0.088410981 0.0024876987 0.025833258
   vertex -0.088408419 0.0018565299 0.025906371
   vertex -0.088410981 0.0018693994 0.025865662
  endloop
 endfacet
 facet normal 1 0 -0
  outer loop
   vertex -0.088410981 0.0036637288 0.026871494
   vertex -0.088410981 0.0036963379 0.027493713
   vertex -0.088410981 0.0030794689 0.027480264
  endloop
 endfacet
 facet normal 1 0 -0
  outer loop
   vertex -0.088410981 0.0036637288 0.026871494
   vertex -0.088410981 0.0030794689 0.027480264
   vertex -0.088410981 0.0030637442 0.02684843
  endloop
 endfacet
 facet normal -7.3229466e-17 -0.99862953 0.052335957
  outer loop
   vertex -0.087663299 0.0036963977 0.027494855
   vertex -0.088410981 0.0036963379 0.027493713
   vertex -0.088410981 0.0036637288 0.026871494
  endloop
 endfacet
 facet normal -7.3229466e-17 -0.99862953 0.052335957
  outer loop
   vertex -0.087663299 0.0036963977 0.027494855
   vertex -0.088410981 0.0036637288 0.026871494
   vertex -0.08764746 0.0036634366 0.026865919
  endloop
 endfacet
 facet normal 1 0 -0
  outer loop
   vertex -0.088410981 0.0030536578 0.026246522
   vertex -0.088410981 0.0030637442 0.02684843
   vertex -0.088410981 0.0024815819 0.026809001
  endloop
 endfacet
 facet normal 1 0 -0
  outer loop
   vertex -0.088410981 0.0030536578 0.026246522
   vertex -0.088410981 0.0024815819 0.026809001
   vertex -0.088410981 0.0024801004 0.026213676
  endloop
 endfacet
 facet normal 7.0634132e-17 -0.99862953 0.052335957
  outer loop
   vertex -0.087593713 0.0036313072 0.026252853
   vertex -0.08764746 0.0036634366 0.026865919
   vertex -0.088410981 0.0036637288 0.026871494
  endloop
 endfacet
 facet normal 7.0634132e-17 -0.99862953 0.052335957
  outer loop
   vertex -0.087593713 0.0036313072 0.026252853
   vertex -0.088410981 0.0036637288 0.026871494
   vertex -0.088410981 0.0036237904 0.026109425
  endloop
 endfacet
 facet normal 1 -0 0
  outer loop
   vertex -0.088410981 0.0024876987 0.025833258
   vertex -0.088410981 0.0030790036 0.025802269
   vertex -0.088410981 0.0030536578 0.026246522
  endloop
 endfacet
 facet normal 1 -0 0
  outer loop
   vertex -0.088410981 0.0024876987 0.025833258
   vertex -0.088410981 0.0030536578 0.026246522
   vertex -0.088410981 0.0024801004 0.026213676
  endloop
 endfacet
 facet normal -2.1888148e-16 -0.99862953 0.052335957
  outer loop
   vertex -0.087593713 0.0036313072 0.026252853
   vertex -0.088410981 0.0036237904 0.026109425
   vertex -0.088410981 0.0036062449 0.025774637
  endloop
 endfacet
 facet normal -2.1888148e-16 -0.99862953 0.052335957
  outer loop
   vertex -0.087593713 0.0036313072 0.026252853
   vertex -0.088410981 0.0036062449 0.025774637
   vertex -0.087451785 0.0036062449 0.025774637
  endloop
 endfacet
 facet normal 0.0032904201 0.57378867 -0.81899679
  outer loop
   vertex -0.083116484 -0.0029125268 0.051745413
   vertex -0.082410976 -0.0029499573 0.051722024
   vertex -0.082410976 -0.0033049125 0.051473342
  endloop
 endfacet
 facet normal 0.0032904201 0.57378867 -0.81899679
  outer loop
   vertex -0.083116484 -0.0029125268 0.051745413
   vertex -0.082410976 -0.0033049125 0.051473342
   vertex -0.082410982 -0.0036648487 0.051169764
  endloop
 endfacet
 facet normal 0.0032904201 0.57378867 -0.81899679
  outer loop
   vertex -0.083116484 -0.0029125268 0.051745413
   vertex -0.082410982 -0.0036648487 0.051169764
   vertex -0.08304548 -0.0036725354 0.051162787
  endloop
 endfacet
 facet normal 0.001164763 0.60951238 -0.7927757
  outer loop
   vertex -0.083692996 -0.0036788359 0.051156703
   vertex -0.084348052 -0.0036837247 0.051151981
   vertex -0.084357779 -0.0029088931 0.051747684
  endloop
 endfacet
 facet normal 0.001164763 0.60951238 -0.7927757
  outer loop
   vertex -0.083692996 -0.0036788359 0.051156703
   vertex -0.084357779 -0.0029088931 0.051747684
   vertex -0.083724384 -0.0029015472 0.051752274
  endloop
 endfacet
 facet normal -0.0014143596 0.61059631 -0.79194075
  outer loop
   vertex -0.084995762 -0.003686619 0.051149186
   vertex -0.084996128 -0.0029166942 0.051742809
   vertex -0.084357779 -0.0029088931 0.051747684
  endloop
 endfacet
 facet normal -0.0014143596 0.61059631 -0.79194075
  outer loop
   vertex -0.084995762 -0.003686619 0.051149186
   vertex -0.084357779 -0.0029088931 0.051747684
   vertex -0.084348052 -0.0036837247 0.051151981
  endloop
 endfacet
 facet normal -0.0028384348 0.61451205 -0.78890233
  outer loop
   vertex -0.087531258 -0.0028511735 0.051801187
   vertex -0.087679482 -0.003667423 0.051165906
   vertex -0.088409666 -0.0036583391 0.051175609
  endloop
 endfacet
 facet normal -0.0028384348 0.61451205 -0.78890233
  outer loop
   vertex -0.087531258 -0.0028511735 0.051801187
   vertex -0.088409666 -0.0036583391 0.051175609
   vertex -0.088407425 -0.0032995898 0.051477368
  endloop
 endfacet
 facet normal -0.0028384348 0.61451205 -0.78890233
  outer loop
   vertex -0.087531258 -0.0028511735 0.051801187
   vertex -0.088407425 -0.0032995898 0.051477368
   vertex -0.087990089 -0.002814623 0.051839268
  endloop
 endfacet
 facet normal 0.0019914455 0.77739718 -0.62900689
  outer loop
   vertex -0.087691232 -0.0042717373 0.05049175
   vertex -0.088410264 -0.0042946158 0.050461198
   vertex -0.088410303 -0.0039925983 0.050834465
  endloop
 endfacet
 facet normal 0.0019914455 0.77739718 -0.62900689
  outer loop
   vertex -0.087691232 -0.0042717373 0.05049175
   vertex -0.088410303 -0.0039925983 0.050834465
   vertex -0.088409666 -0.0036583391 0.051175609
  endloop
 endfacet
 facet normal 0.0019914455 0.77739718 -0.62900689
  outer loop
   vertex -0.087691232 -0.0042717373 0.05049175
   vertex -0.088409666 -0.0036583391 0.051175609
   vertex -0.087679482 -0.003667423 0.051165906
  endloop
 endfacet
 facet normal 0.99998802 0.004848707 0.00067668379
  outer loop
   vertex -0.088410164 -0.0026471562 0.050851004
   vertex -0.088409954 -0.0028179784 0.05176395
   vertex -0.088407425 -0.0032995898 0.051477368
  endloop
 endfacet
 facet normal 0.99998802 0.004848707 0.00067668379
  outer loop
   vertex -0.088410164 -0.0026471562 0.050851004
   vertex -0.088407425 -0.0032995898 0.051477368
   vertex -0.088412662 -0.003238212 0.050766612
  endloop
 endfacet
 facet normal 0.9999924 0.0033119 0.0020582121
  outer loop
   vertex -0.088411323 -0.00322862 0.050100673
   vertex -0.088412662 -0.003238212 0.050766612
   vertex -0.088410303 -0.0039925983 0.050834465
  endloop
 endfacet
 facet normal 0.9999924 0.0033119 0.0020582121
  outer loop
   vertex -0.088411323 -0.00322862 0.050100673
   vertex -0.088410303 -0.0039925983 0.050834465
   vertex -0.088412073 -0.0038722865 0.050085534
  endloop
 endfacet
 facet normal -0.0055200558 0.61229613 -0.79060924
  outer loop
   vertex -0.087531258 -0.0028511735 0.051801187
   vertex -0.086924454 -0.0028855619 0.051770318
   vertex -0.086985562 -0.0036778637 0.051157137
  endloop
 endfacet
 facet normal -0.0055200558 0.61229613 -0.79060924
  outer loop
   vertex -0.087531258 -0.0028511735 0.051801187
   vertex -0.086985562 -0.0036778637 0.051157137
   vertex -0.087679482 -0.003667423 0.051165906
  endloop
 endfacet
 facet normal 0.00011257628 0.61071822 -0.79184799
  outer loop
   vertex -0.084995762 -0.003686619 0.051149186
   vertex -0.085643182 -0.0036870924 0.051148729
   vertex -0.085635722 -0.0029173531 0.051742397
  endloop
 endfacet
 facet normal 0.00011257628 0.61071822 -0.79184799
  outer loop
   vertex -0.084995762 -0.003686619 0.051149186
   vertex -0.085635722 -0.0029173531 0.051742397
   vertex -0.084996128 -0.0029166942 0.051742809
  endloop
 endfacet
 facet normal 1.138915e-05 -0.73567635 -0.67733324
  outer loop
   vertex -0.084996535 0.0036984841 0.050558183
   vertex -0.08434755 0.0036984281 0.050558255
   vertex -0.084350789 0.0031059616 0.051201754
  endloop
 endfacet
 facet normal 1.138915e-05 -0.73567635 -0.67733324
  outer loop
   vertex -0.084996535 0.0036984841 0.050558183
   vertex -0.084350789 0.0031059616 0.051201754
   vertex -0.084996726 0.0031084762 0.05119949
  endloop
 endfacet
 facet normal 0.00047345021 -0.59923329 -0.80057432
  outer loop
   vertex -0.084996726 0.0031084762 0.05119949
   vertex -0.084350789 0.0031059616 0.051201754
   vertex -0.084358945 0.0023314148 0.051781501
  endloop
 endfacet
 facet normal 0.00047345021 -0.59923329 -0.80057432
  outer loop
   vertex -0.084996726 0.0031084762 0.05119949
   vertex -0.084358945 0.0023314148 0.051781501
   vertex -0.084996659 0.0023392812 0.051776585
  endloop
 endfacet
 facet normal 0.00084356939 -0.59805575 -0.80145406
  outer loop
   vertex -0.084350789 0.0031059616 0.051201754
   vertex -0.083697852 0.0031015046 0.051205767
   vertex -0.083725464 0.0023222557 0.051787224
  endloop
 endfacet
 facet normal 0.00084356939 -0.59805575 -0.80145406
  outer loop
   vertex -0.084350789 0.0031059616 0.051201754
   vertex -0.083725464 0.0023222557 0.051787224
   vertex -0.084358945 0.0023314148 0.051781501
  endloop
 endfacet
 facet normal -0.0011529889 -0.70460651 -0.70959731
  outer loop
   vertex -0.082410976 0.0034310726 0.050876865
   vertex -0.082410976 0.0030836493 0.051221844
   vertex -0.083051258 0.0030948898 0.051211723
  endloop
 endfacet
 facet normal -0.0011529889 -0.70460651 -0.70959731
  outer loop
   vertex -0.082410976 0.0034310726 0.050876865
   vertex -0.083051258 0.0030948898 0.051211723
   vertex -0.083045157 0.0037026207 0.050552893
  endloop
 endfacet
 facet normal -0.0011529889 -0.70460651 -0.70959731
  outer loop
   vertex -0.082410976 0.0034310726 0.050876865
   vertex -0.083045157 0.0037026207 0.050552893
   vertex -0.082410992 0.003708871 0.050544888
  endloop
 endfacet
 facet normal 0.99994287 -0.00036939628 -0.010683143
  outer loop
   vertex -0.088408907 0.0030836049 0.05122185
   vertex -0.088405765 0.002707443 0.051528893
   vertex -0.088413636 0.0026351761 0.050794663
  endloop
 endfacet
 facet normal 0.99994287 -0.00036939628 -0.010683143
  outer loop
   vertex -0.088408907 0.0030836049 0.05122185
   vertex -0.088413636 0.0026351761 0.050794663
   vertex -0.08841021 0.0034245736 0.050884063
  endloop
 endfacet
 facet normal -0.0016151553 -0.70378705 -0.71040916
  outer loop
   vertex -0.087674946 0.0030898159 0.051214028
   vertex -0.088408907 0.0030836049 0.05122185
   vertex -0.08841021 0.0034245736 0.050884063
  endloop
 endfacet
 facet normal -0.0016151553 -0.70378705 -0.71040916
  outer loop
   vertex -0.087674946 0.0030898159 0.051214028
   vertex -0.08841021 0.0034245736 0.050884063
   vertex -0.088410659 0.0037182241 0.050532911
  endloop
 endfacet
 facet normal -0.0016151553 -0.70378705 -0.71040916
  outer loop
   vertex -0.087674946 0.0030898159 0.051214028
   vertex -0.088410659 0.0037182241 0.050532911
   vertex -0.08769033 0.0037075516 0.050546062
  endloop
 endfacet
 facet normal 0.00011808118 -0.73592791 -0.67705989
  outer loop
   vertex -0.085645882 0.0036990709 0.050557432
   vertex -0.084996535 0.0036984841 0.050558183
   vertex -0.084996726 0.0031084762 0.05119949
  endloop
 endfacet
 facet normal 0.00011808118 -0.73592791 -0.67705989
  outer loop
   vertex -0.085645882 0.0036990709 0.050557432
   vertex -0.084996726 0.0031084762 0.05119949
   vertex -0.085642721 0.0031088029 0.051199196
  endloop
 endfacet
 facet normal 0.0033233007 -0.73412998 -0.67900083
  outer loop
   vertex -0.086981849 0.0030998223 0.051206602
   vertex -0.087674946 0.0030898159 0.051214028
   vertex -0.08769033 0.0037075516 0.050546062
  endloop
 endfacet
 facet normal 0.0033233007 -0.73412998 -0.67900083
  outer loop
   vertex -0.086981849 0.0030998223 0.051206602
   vertex -0.08769033 0.0037075516 0.050546062
   vertex -0.086995736 0.0037025275 0.050552856
  endloop
 endfacet
 facet normal -3.5313048e-05 -0.99862684 0.052387357
  outer loop
   vertex -0.083676232 0.0041232724 0.035641249
   vertex -0.08367714 0.0041557476 0.036260302
   vertex -0.084337025 0.0041557889 0.036260646
  endloop
 endfacet
 facet normal -3.5313048e-05 -0.99862684 0.052387357
  outer loop
   vertex -0.083676232 0.0041232724 0.035641249
   vertex -0.084337025 0.0041557889 0.036260646
   vertex -0.084336185 0.0041233166 0.035641049
  endloop
 endfacet
 facet normal 3.7738296e-15 -0.99862953 0.052335957
  outer loop
   vertex -0.084342796 0.0042866897 0.038758296
   vertex -0.083686276 0.0042866405 0.038757357
   vertex -0.083688789 0.0043193073 0.039380678
  endloop
 endfacet
 facet normal 3.7738296e-15 -0.99862953 0.052335957
  outer loop
   vertex -0.084342796 0.0042866897 0.038758296
   vertex -0.083688789 0.0043193073 0.039380678
   vertex -0.084344217 0.004319356 0.039381607
  endloop
 endfacet
 facet normal 2.139496e-05 -0.99862418 0.052437985
  outer loop
   vertex -0.084356497 0.0045480428 0.043745162
   vertex -0.083710422 0.0045480197 0.043744458
   vertex -0.083712569 0.0045807883 0.044368501
  endloop
 endfacet
 facet normal 2.139496e-05 -0.99862418 0.052437985
  outer loop
   vertex -0.084356497 0.0045480428 0.043745162
   vertex -0.083712569 0.0045807883 0.044368501
   vertex -0.084357738 0.0045807606 0.044369278
  endloop
 endfacet
 facet normal 2.3344491e-15 -0.99862953 0.052335957
  outer loop
   vertex -0.083694059 0.0043846336 0.040627178
   vertex -0.083697086 0.0044172929 0.041250354
   vertex -0.084348946 0.0044173458 0.041251364
  endloop
 endfacet
 facet normal 2.3344491e-15 -0.99862953 0.052335957
  outer loop
   vertex -0.083694059 0.0043846336 0.040627178
   vertex -0.084348946 0.0044173458 0.041251364
   vertex -0.084347221 0.0043846834 0.040628128
  endloop
 endfacet
 facet normal -1.6824872e-15 0.99862953 -0.052335952
  outer loop
   vertex -0.086293897 -0.0059902888 0.033735094
   vertex -0.086287624 -0.0059598289 0.034316303
   vertex -0.085635484 -0.0059598054 0.034316751
  endloop
 endfacet
 facet normal -1.6824872e-15 0.99862953 -0.052335952
  outer loop
   vertex -0.086293897 -0.0059902888 0.033735094
   vertex -0.085635484 -0.0059598054 0.034316751
   vertex -0.085637882 -0.0059903362 0.033734189
  endloop
 endfacet
 facet normal -2.1988824e-16 0.99862953 -0.052335952
  outer loop
   vertex -0.084989923 -0.0059324429 0.034838859
   vertex -0.084988043 -0.0059598108 0.034316649
   vertex -0.085635484 -0.0059598054 0.034316751
  endloop
 endfacet
 facet normal -2.1988824e-16 0.99862953 -0.052335952
  outer loop
   vertex -0.084989923 -0.0059324429 0.034838859
   vertex -0.085635484 -0.0059598054 0.034316751
   vertex -0.085635692 -0.0059324639 0.034838458
  endloop
 endfacet
 facet normal -1.0033414e-15 0.99862953 -0.052335952
  outer loop
   vertex -0.084988533 -0.0059903553 0.033733825
   vertex -0.085637882 -0.0059903362 0.033734189
   vertex -0.085635484 -0.0059598054 0.034316751
  endloop
 endfacet
 facet normal -1.0033414e-15 0.99862953 -0.052335952
  outer loop
   vertex -0.084988533 -0.0059903553 0.033733825
   vertex -0.085635484 -0.0059598054 0.034316751
   vertex -0.084988043 -0.0059598108 0.034316649
  endloop
 endfacet
 facet normal 5.5377761e-16 0.99862953 -0.052335952
  outer loop
   vertex -0.086287095 -0.0059326315 0.03483526
   vertex -0.085635692 -0.0059324639 0.034838458
   vertex -0.085635484 -0.0059598054 0.034316751
  endloop
 endfacet
 facet normal 5.5377761e-16 0.99862953 -0.052335952
  outer loop
   vertex -0.086287095 -0.0059326315 0.03483526
   vertex -0.085635484 -0.0059598054 0.034316751
   vertex -0.086287624 -0.0059598289 0.034316303
  endloop
 endfacet
 facet normal 8.9406882e-17 0.99862953 -0.052335952
  outer loop
   vertex -0.086314839 -0.0061210141 0.031240706
   vertex -0.085647536 -0.0061210657 0.031239722
   vertex -0.085647375 -0.0061537467 0.03061613
  endloop
 endfacet
 facet normal 8.9406882e-17 0.99862953 -0.052335952
  outer loop
   vertex -0.086314839 -0.0061210141 0.031240706
   vertex -0.085647375 -0.0061537467 0.03061613
   vertex -0.08631387 -0.0061537054 0.030616919
  endloop
 endfacet
 facet normal 8.0337092e-16 0.99862953 -0.052335952
  outer loop
   vertex -0.084995288 -0.0061864333 0.029992433
   vertex -0.085646933 -0.0061864276 0.029992543
   vertex -0.085647375 -0.0061537467 0.03061613
  endloop
 endfacet
 facet normal 8.0337092e-16 0.99862953 -0.052335952
  outer loop
   vertex -0.084995288 -0.0061864333 0.029992433
   vertex -0.085647375 -0.0061537467 0.03061613
   vertex -0.084994841 -0.0061537567 0.03061594
  endloop
 endfacet
 facet normal -3.4920832e-16 0.99862953 -0.052335952
  outer loop
   vertex -0.084994284 -0.0061210798 0.031239453
   vertex -0.084994841 -0.0061537567 0.03061594
   vertex -0.085647375 -0.0061537467 0.03061613
  endloop
 endfacet
 facet normal -3.4920832e-16 0.99862953 -0.052335952
  outer loop
   vertex -0.084994284 -0.0061210798 0.031239453
   vertex -0.085647375 -0.0061537467 0.03061613
   vertex -0.085647536 -0.0061210657 0.031239722
  endloop
 endfacet
 facet normal -9.5372229e-17 0.99862953 -0.052335952
  outer loop
   vertex -0.086312357 -0.0061863961 0.029993143
   vertex -0.08631387 -0.0061537054 0.030616919
   vertex -0.085647375 -0.0061537467 0.03061613
  endloop
 endfacet
 facet normal -9.5372229e-17 0.99862953 -0.052335952
  outer loop
   vertex -0.086312357 -0.0061863961 0.029993143
   vertex -0.085647375 -0.0061537467 0.03061613
   vertex -0.085646933 -0.0061864276 0.029992543
  endloop
 endfacet
 facet normal 7.5627909e-05 0.99865145 -0.051915986
  outer loop
   vertex -0.083707502 -0.0058881363 0.035692479
   vertex -0.083677587 -0.005932779 0.03483378
   vertex -0.084338909 -0.0059325397 0.034837419
  endloop
 endfacet
 facet normal 7.5627909e-05 0.99865145 -0.051915986
  outer loop
   vertex -0.083707502 -0.0058881363 0.035692479
   vertex -0.084338909 -0.0059325397 0.034837419
   vertex -0.084354994 -0.0058876124 0.035694849
  endloop
 endfacet
 facet normal 4.6680211e-05 0.99862906 -0.052344984
  outer loop
   vertex -0.084357371 -0.0058578388 0.036262864
   vertex -0.084354994 -0.0058876124 0.035694849
   vertex -0.084997447 -0.0058875575 0.035695323
  endloop
 endfacet
 facet normal 4.6680211e-05 0.99862906 -0.052344984
  outer loop
   vertex -0.084357371 -0.0058578388 0.036262864
   vertex -0.084997447 -0.0058875575 0.035695323
   vertex -0.084999128 -0.0058578216 0.036262719
  endloop
 endfacet
 facet normal -4.7500241e-17 0.99862953 -0.052335952
  outer loop
   vertex -0.084352605 -0.0057273802 0.038751689
   vertex -0.084998117 -0.0057273953 0.0387514
   vertex -0.084997435 -0.0056947289 0.039374713
  endloop
 endfacet
 facet normal -4.7500241e-17 0.99862953 -0.052335952
  outer loop
   vertex -0.084352605 -0.0057273802 0.038751689
   vertex -0.084997435 -0.0056947289 0.039374713
   vertex -0.084350624 -0.0056947096 0.039375081
  endloop
 endfacet
 facet normal 3.1964211e-16 0.99862953 -0.052335952
  outer loop
   vertex -0.083700202 -0.0056946537 0.039376148
   vertex -0.084350624 -0.0056947096 0.039375081
   vertex -0.0843487 -0.0056620452 0.039998356
  endloop
 endfacet
 facet normal 3.1964211e-16 0.99862953 -0.052335952
  outer loop
   vertex -0.083700202 -0.0056946537 0.039376148
   vertex -0.0843487 -0.0056620452 0.039998356
   vertex -0.08369665 -0.0056619923 0.039999365
  endloop
 endfacet
 facet normal -9.531667e-05 0.99863039 -0.052319551
  outer loop
   vertex -0.083674305 -0.005990308 0.033733396
   vertex -0.084334596 -0.0059903604 0.0337336
   vertex -0.084334853 -0.0059598444 0.034316063
  endloop
 endfacet
 facet normal -9.531667e-05 0.99863039 -0.052319551
  outer loop
   vertex -0.083674305 -0.005990308 0.033733396
   vertex -0.084334853 -0.0059598444 0.034316063
   vertex -0.083673639 -0.0059598143 0.034315109
  endloop
 endfacet
 facet normal 3.2872679e-05 0.9986314 -0.052300398
  outer loop
   vertex -0.084989923 -0.0059324429 0.034838859
   vertex -0.084338909 -0.0059325397 0.034837419
   vertex -0.084334853 -0.0059598444 0.034316063
  endloop
 endfacet
 facet normal 3.2872679e-05 0.9986314 -0.052300398
  outer loop
   vertex -0.084989923 -0.0059324429 0.034838859
   vertex -0.084334853 -0.0059598444 0.034316063
   vertex -0.084988043 -0.0059598108 0.034316649
  endloop
 endfacet
 facet normal 4.4323707e-06 0.99862953 -0.052335956
  outer loop
   vertex -0.084988533 -0.0059903553 0.033733825
   vertex -0.084988043 -0.0059598108 0.034316649
   vertex -0.084334853 -0.0059598444 0.034316063
  endloop
 endfacet
 facet normal 4.4323707e-06 0.99862953 -0.052335956
  outer loop
   vertex -0.084988533 -0.0059903553 0.033733825
   vertex -0.084334853 -0.0059598444 0.034316063
   vertex -0.084334596 -0.0059903604 0.0337336
  endloop
 endfacet
 facet normal -0.00012043875 0.99864424 -0.052054529
  outer loop
   vertex -0.083677587 -0.005932779 0.03483378
   vertex -0.083673639 -0.0059598143 0.034315109
   vertex -0.084334853 -0.0059598444 0.034316063
  endloop
 endfacet
 facet normal -0.00012043875 0.99864424 -0.052054529
  outer loop
   vertex -0.083677587 -0.005932779 0.03483378
   vertex -0.084334853 -0.0059598444 0.034316063
   vertex -0.084338909 -0.0059325397 0.034837419
  endloop
 endfacet
 facet normal 5.809633e-16 0.99862953 -0.052335952
  outer loop
   vertex -0.083683158 -0.0061210157 0.031240676
   vertex -0.083685679 -0.0061536914 0.030617186
   vertex -0.084342462 -0.0061537411 0.030616238
  endloop
 endfacet
 facet normal 5.809633e-16 0.99862953 -0.052335952
  outer loop
   vertex -0.083683158 -0.0061210157 0.031240676
   vertex -0.084342462 -0.0061537411 0.030616238
   vertex -0.084340997 -0.0061210651 0.031239733
  endloop
 endfacet
 facet normal -1.8033364e-15 0.99862953 -0.052335952
  outer loop
   vertex -0.084995288 -0.0061864333 0.029992433
   vertex -0.084994841 -0.0061537567 0.03061594
   vertex -0.084342462 -0.0061537411 0.030616238
  endloop
 endfacet
 facet normal -1.8033364e-15 0.99862953 -0.052335952
  outer loop
   vertex -0.084995288 -0.0061864333 0.029992433
   vertex -0.084342462 -0.0061537411 0.030616238
   vertex -0.084343913 -0.0061864163 0.029992757
  endloop
 endfacet
 facet normal 1.4706578e-16 0.99862953 -0.052335952
  outer loop
   vertex -0.084994284 -0.0061210798 0.031239453
   vertex -0.084340997 -0.0061210651 0.031239733
   vertex -0.084342462 -0.0061537411 0.030616238
  endloop
 endfacet
 facet normal 1.4706578e-16 0.99862953 -0.052335952
  outer loop
   vertex -0.084994284 -0.0061210798 0.031239453
   vertex -0.084342462 -0.0061537411 0.030616238
   vertex -0.084994841 -0.0061537567 0.03061594
  endloop
 endfacet
 facet normal 1.5566963e-15 0.99862953 -0.052335952
  outer loop
   vertex -0.083688249 -0.0061863659 0.029993719
   vertex -0.084343913 -0.0061864163 0.029992757
   vertex -0.084342462 -0.0061537411 0.030616238
  endloop
 endfacet
 facet normal 1.5566963e-15 0.99862953 -0.052335952
  outer loop
   vertex -0.083688249 -0.0061863659 0.029993719
   vertex -0.084342462 -0.0061537411 0.030616238
   vertex -0.083685679 -0.0061536914 0.030617186
  endloop
 endfacet
 facet normal 1.8517838e-15 0.99862953 -0.052335952
  outer loop
   vertex -0.085642041 -0.0058578216 0.036262719
   vertex -0.084999128 -0.0058578216 0.036262719
   vertex -0.084997447 -0.0058875575 0.035695323
  endloop
 endfacet
 facet normal 1.8517838e-15 0.99862953 -0.052335952
  outer loop
   vertex -0.085642041 -0.0058578216 0.036262719
   vertex -0.084997447 -0.0058875575 0.035695323
   vertex -0.085639907 -0.0058875666 0.03569515
  endloop
 endfacet
 facet normal 4.0126908e-16 0.99862953 -0.052335952
  outer loop
   vertex -0.086293128 -0.0058876264 0.035694009
   vertex -0.085639907 -0.0058875666 0.03569515
   vertex -0.085635692 -0.0059324639 0.034838458
  endloop
 endfacet
 facet normal 4.0126908e-16 0.99862953 -0.052335952
  outer loop
   vertex -0.086293128 -0.0058876264 0.035694009
   vertex -0.085635692 -0.0059324639 0.034838458
   vertex -0.086287095 -0.0059326315 0.03483526
  endloop
 endfacet
 facet normal -1.1456782e-15 0.99862953 -0.052335952
  outer loop
   vertex -0.085644886 -0.0057273941 0.038751423
   vertex -0.085645223 -0.0056947284 0.039374722
   vertex -0.084997435 -0.0056947289 0.039374713
  endloop
 endfacet
 facet normal -1.1456782e-15 0.99862953 -0.052335952
  outer loop
   vertex -0.085644886 -0.0057273941 0.038751423
   vertex -0.084997435 -0.0056947289 0.039374713
   vertex -0.084998117 -0.0057273953 0.0387514
  endloop
 endfacet
 facet normal 9.3668689e-16 0.99862953 -0.052335952
  outer loop
   vertex -0.086306266 -0.0056947084 0.039375105
   vertex -0.086307746 -0.0056620423 0.03999841
   vertex -0.085645596 -0.0056620637 0.039998002
  endloop
 endfacet
 facet normal 9.3668689e-16 0.99862953 -0.052335952
  outer loop
   vertex -0.086306266 -0.0056947084 0.039375105
   vertex -0.085645596 -0.0056620637 0.039998002
   vertex -0.085645223 -0.0056947284 0.039374722
  endloop
 endfacet
 facet normal 5.6891762e-17 -0.99862953 0.052335957
  outer loop
   vertex -0.085646012 0.0041557723 0.036260245
   vertex -0.086313186 0.0041557045 0.036258951
   vertex -0.086307955 0.0041232263 0.035639229
  endloop
 endfacet
 facet normal 5.6891762e-17 -0.99862953 0.052335957
  outer loop
   vertex -0.085646012 0.0041557723 0.036260245
   vertex -0.086307955 0.0041232263 0.035639229
   vertex -0.085643625 0.0041232853 0.035640355
  endloop
 endfacet
 facet normal 3.8182556e-16 -0.99862953 0.052335957
  outer loop
   vertex -0.086311896 0.0043193354 0.039381213
   vertex -0.086313352 0.0042866558 0.038757649
   vertex -0.085647219 0.0042866956 0.038758409
  endloop
 endfacet
 facet normal 3.8182556e-16 -0.99862953 0.052335957
  outer loop
   vertex -0.086311896 0.0043193354 0.039381213
   vertex -0.085647219 0.0042866956 0.038758409
   vertex -0.085646781 0.0043193663 0.039381803
  endloop
 endfacet
 facet normal -1.2444775e-15 -0.99862953 0.052335957
  outer loop
   vertex -0.08499203 0.004065352 0.034534922
   vertex -0.08563947 0.0040653771 0.034535401
   vertex -0.085640756 0.0040205204 0.033679484
  endloop
 endfacet
 facet normal -1.2444775e-15 -0.99862953 0.052335957
  outer loop
   vertex -0.08499203 0.004065352 0.034534922
   vertex -0.085640756 0.0040205204 0.033679484
   vertex -0.08499817 0.0040205066 0.033679222
  endloop
 endfacet
 facet normal 1.0826211e-15 0.99862953 -0.052335952
  outer loop
   vertex -0.086308443 -0.0053679247 0.045610509
   vertex -0.085643753 -0.0053679826 0.045609404
   vertex -0.085646236 -0.0054004676 0.044989552
  endloop
 endfacet
 facet normal 1.0826211e-15 0.99862953 -0.052335952
  outer loop
   vertex -0.086308443 -0.0053679247 0.045610509
   vertex -0.085646236 -0.0054004676 0.044989552
   vertex -0.086313817 -0.0054004007 0.044990829
  endloop
 endfacet
 facet normal -1.1930504e-15 0.99862953 -0.052335952
  outer loop
   vertex -0.085640881 -0.0053374576 0.046191855
   vertex -0.084990033 -0.0053374722 0.046191577
   vertex -0.084990698 -0.005368007 0.045608939
  endloop
 endfacet
 facet normal -1.1930504e-15 0.99862953 -0.052335952
  outer loop
   vertex -0.085640881 -0.0053374576 0.046191855
   vertex -0.084990698 -0.005368007 0.045608939
   vertex -0.085643753 -0.0053679826 0.045609404
  endloop
 endfacet
 facet normal -1.4161669e-16 0.99862953 -0.052335952
  outer loop
   vertex -0.084339701 -0.0054660195 0.043738748
   vertex -0.08499391 -0.0054660318 0.043738513
   vertex -0.084993115 -0.005433289 0.044363283
  endloop
 endfacet
 facet normal -1.4161669e-16 0.99862953 -0.052335952
  outer loop
   vertex -0.084339701 -0.0054660195 0.043738748
   vertex -0.084993115 -0.005433289 0.044363283
   vertex -0.08433817 -0.00543328 0.044363455
  endloop
 endfacet
 facet normal 4.5535069e-09 0.99862931 -0.052340233
  outer loop
   vertex -0.083678518 -0.0054332433 0.044364155
   vertex -0.08433817 -0.00543328 0.044363455
   vertex -0.084336616 -0.0054004871 0.04498913
  endloop
 endfacet
 facet normal 4.5535069e-09 0.99862931 -0.052340233
  outer loop
   vertex -0.083678518 -0.0054332433 0.044364155
   vertex -0.084336616 -0.0054004871 0.04498913
   vertex -0.08367636 -0.0054004548 0.04498946
  endloop
 endfacet
 facet normal -1.8699193e-15 0.99862953 -0.052335952
  outer loop
   vertex -0.084345452 -0.0055967192 0.041244848
   vertex -0.08434699 -0.0056293826 0.040621595
   vertex -0.084996242 -0.0056294007 0.04062125
  endloop
 endfacet
 facet normal -1.8699193e-15 0.99862953 -0.052335952
  outer loop
   vertex -0.084345452 -0.0055967192 0.041244848
   vertex -0.084996242 -0.0056294007 0.04062125
   vertex -0.084995771 -0.005596736 0.041244528
  endloop
 endfacet
 facet normal -5.2042038e-16 0.99862953 -0.052335952
  outer loop
   vertex -0.083693644 -0.0056293328 0.040622545
   vertex -0.08369665 -0.0056619923 0.039999365
   vertex -0.0843487 -0.0056620452 0.039998356
  endloop
 endfacet
 facet normal -5.2042038e-16 0.99862953 -0.052335952
  outer loop
   vertex -0.083693644 -0.0056293328 0.040622545
   vertex -0.0843487 -0.0056620452 0.039998356
   vertex -0.08434699 -0.0056293826 0.040621595
  endloop
 endfacet
 facet normal 0.00021548376 0.91365277 -0.40649548
  outer loop
   vertex -0.083697075 -0.0047193582 0.049771389
   vertex -0.083697498 -0.0049288543 0.049300518
   vertex -0.084349057 -0.0049298972 0.049297829
  endloop
 endfacet
 facet normal 0.00021548376 0.91365277 -0.40649548
  outer loop
   vertex -0.083697075 -0.0047193582 0.049771389
   vertex -0.084349057 -0.0049298972 0.049297829
   vertex -0.084347438 -0.004719338 0.049771422
  endloop
 endfacet
 facet normal -4.1417149e-05 0.95345589 -0.30153251
  outer loop
   vertex -0.08499783 -0.0051071215 0.048737528
   vertex -0.084996767 -0.0049301158 0.049297226
   vertex -0.084349057 -0.0049298972 0.049297829
  endloop
 endfacet
 facet normal -4.1417149e-05 0.95345589 -0.30153251
  outer loop
   vertex -0.08499783 -0.0051071215 0.048737528
   vertex -0.084349057 -0.0049298972 0.049297829
   vertex -0.0843523 -0.005107057 0.048737808
  endloop
 endfacet
 facet normal 0.00024973688 0.95343 -0.30161429
  outer loop
   vertex -0.083702524 -0.005106655 0.048739616
   vertex -0.0843523 -0.005107057 0.048737808
   vertex -0.084349057 -0.0049298972 0.049297829
  endloop
 endfacet
 facet normal 0.00024973688 0.95343 -0.30161429
  outer loop
   vertex -0.083702524 -0.005106655 0.048739616
   vertex -0.084349057 -0.0049298972 0.049297829
   vertex -0.083697498 -0.0049288543 0.049300518
  endloop
 endfacet
 facet normal -2.2697299e-05 0.99862752 -0.052374435
  outer loop
   vertex -0.083674682 -0.0053679904 0.045608459
   vertex -0.08367636 -0.0054004548 0.04498946
   vertex -0.084336616 -0.0054004871 0.04498913
  endloop
 endfacet
 facet normal -2.2697299e-05 0.99862752 -0.052374435
  outer loop
   vertex -0.083674682 -0.0053679904 0.045608459
   vertex -0.084336616 -0.0054004871 0.04498913
   vertex -0.084335383 -0.0053680169 0.045608672
  endloop
 endfacet
 facet normal -6.12717e-06 0.99863016 -0.052323956
  outer loop
   vertex -0.08433553 -0.0053375079 0.046190952
   vertex -0.084335383 -0.0053680169 0.045608672
   vertex -0.084990698 -0.005368007 0.045608939
  endloop
 endfacet
 facet normal -6.12717e-06 0.99863016 -0.052323956
  outer loop
   vertex -0.08433553 -0.0053375079 0.046190952
   vertex -0.084990698 -0.005368007 0.045608939
   vertex -0.084990033 -0.0053374722 0.046191577
  endloop
 endfacet
 facet normal -9.3727018e-16 0.99862953 -0.052335952
  outer loop
   vertex -0.085648021 -0.0054660127 0.043738878
   vertex -0.085647609 -0.0054332675 0.044363693
   vertex -0.084993115 -0.005433289 0.044363283
  endloop
 endfacet
 facet normal -9.3727018e-16 0.99862953 -0.052335952
  outer loop
   vertex -0.085648021 -0.0054660127 0.043738878
   vertex -0.084993115 -0.005433289 0.044363283
   vertex -0.08499391 -0.0054660318 0.043738513
  endloop
 endfacet
 facet normal -2.0007428e-15 0.99862953 -0.052335952
  outer loop
   vertex -0.086316154 -0.0054332014 0.044364955
   vertex -0.086313817 -0.0054004007 0.044990829
   vertex -0.085646236 -0.0054004676 0.044989552
  endloop
 endfacet
 facet normal -2.0007428e-15 0.99862953 -0.052335952
  outer loop
   vertex -0.086316154 -0.0054332014 0.044364955
   vertex -0.085646236 -0.0054004676 0.044989552
   vertex -0.085647609 -0.0054332675 0.044363693
  endloop
 endfacet
 facet normal -1.8578362e-15 0.99862953 -0.052335952
  outer loop
   vertex -0.085646496 -0.0055967315 0.041244615
   vertex -0.084995771 -0.005596736 0.041244528
   vertex -0.084996242 -0.0056294007 0.04062125
  endloop
 endfacet
 facet normal -1.8578362e-15 0.99862953 -0.052335952
  outer loop
   vertex -0.085646496 -0.0055967315 0.041244615
   vertex -0.084996242 -0.0056294007 0.04062125
   vertex -0.085646022 -0.0056293983 0.040621296
  endloop
 endfacet
 facet normal 2.4686582e-15 0.99862953 -0.052335952
  outer loop
   vertex -0.086309277 -0.0056293745 0.040621749
   vertex -0.085646022 -0.0056293983 0.040621296
   vertex -0.085645596 -0.0056620637 0.039998002
  endloop
 endfacet
 facet normal 2.4686582e-15 0.99862953 -0.052335952
  outer loop
   vertex -0.086309277 -0.0056293745 0.040621749
   vertex -0.085645596 -0.0056620637 0.039998002
   vertex -0.086307746 -0.0056620423 0.03999841
  endloop
 endfacet
 facet normal 1.9484677e-15 -0.99862953 0.052335957
  outer loop
   vertex -0.086299572 0.0045807387 0.044369086
   vertex -0.086301584 0.004548029 0.043744948
   vertex -0.085644067 0.0045480513 0.043745374
  endloop
 endfacet
 facet normal 1.9484677e-15 -0.99862953 0.052335957
  outer loop
   vertex -0.086299572 0.0045807387 0.044369086
   vertex -0.085644067 0.0045480513 0.043745374
   vertex -0.085643332 0.0045807615 0.04436952
  endloop
 endfacet
 facet normal 7.8791635e-16 -0.99862953 0.052335957
  outer loop
   vertex -0.085645502 0.0044173649 0.041251729
   vertex -0.086307449 0.0044173443 0.041251335
   vertex -0.08630892 0.0043846776 0.040628018
  endloop
 endfacet
 facet normal 7.8791635e-16 -0.99862953 0.052335957
  outer loop
   vertex -0.085645502 0.0044173649 0.041251729
   vertex -0.08630892 0.0043846776 0.040628018
   vertex -0.085645899 0.0043847 0.040628446
  endloop
 endfacet
 facet normal 0.00037056365 -0.9986458 0.052023441
  outer loop
   vertex -0.083709039 0.0046435059 0.045556217
   vertex -0.083682388 0.0046882506 0.046414952
   vertex -0.084340329 0.0046879303 0.046413489
  endloop
 endfacet
 facet normal 0.00037056365 -0.9986458 0.052023441
  outer loop
   vertex -0.083709039 0.0046435059 0.045556217
   vertex -0.084340329 0.0046879303 0.046413489
   vertex -0.084355731 0.0046428799 0.045554009
  endloop
 endfacet
 facet normal 0.00014445928 -0.94869924 -0.31617991
  outer loop
   vertex -0.083691238 0.0043892582 0.0493408
   vertex -0.08434615 0.0043888779 0.049341642
   vertex -0.084348451 0.0045609927 0.048825209
  endloop
 endfacet
 facet normal 0.00014445928 -0.94869924 -0.31617991
  outer loop
   vertex -0.083691238 0.0043892582 0.0493408
   vertex -0.084348451 0.0045609927 0.048825209
   vertex -0.083696305 0.0045620924 0.048822126
  endloop
 endfacet
 facet normal 0.00013886532 -0.94889361 -0.3155961
  outer loop
   vertex -0.086307889 0.0043903934 0.04933787
   vertex -0.086298872 0.0045615583 0.048823238
   vertex -0.08564131 0.0045609564 0.048825337
  endloop
 endfacet
 facet normal 0.00013886532 -0.94889361 -0.3155961
  outer loop
   vertex -0.086307889 0.0043903934 0.04933787
   vertex -0.08564131 0.0045609564 0.048825337
   vertex -0.085644979 0.0043892506 0.049340699
  endloop
 endfacet
 facet normal 8.8355352e-16 0.99862953 -0.052335952
  outer loop
   vertex -0.086307803 -0.0062518578 0.028744059
   vertex -0.086310473 -0.0062191025 0.029369068
   vertex -0.085646317 -0.006219127 0.029368599
  endloop
 endfacet
 facet normal 8.8355352e-16 0.99862953 -0.052335952
  outer loop
   vertex -0.086307803 -0.0062518578 0.028744059
   vertex -0.085646317 -0.006219127 0.029368599
   vertex -0.085645373 -0.0062518768 0.028743697
  endloop
 endfacet
 facet normal 1.3513432e-15 0.99862953 -0.052335952
  outer loop
   vertex -0.084995288 -0.0061864333 0.029992433
   vertex -0.084995712 -0.0062191286 0.02936857
   vertex -0.085646317 -0.006219127 0.029368599
  endloop
 endfacet
 facet normal 1.3513432e-15 0.99862953 -0.052335952
  outer loop
   vertex -0.084995288 -0.0061864333 0.029992433
   vertex -0.085646317 -0.006219127 0.029368599
   vertex -0.085646933 -0.0061864276 0.029992543
  endloop
 endfacet
 facet normal 2.0618259e-15 0.99862953 -0.052335952
  outer loop
   vertex -0.086312357 -0.0061863961 0.029993143
   vertex -0.085646933 -0.0061864276 0.029992543
   vertex -0.085646317 -0.006219127 0.029368599
  endloop
 endfacet
 facet normal 2.0618259e-15 0.99862953 -0.052335952
  outer loop
   vertex -0.086312357 -0.0061863961 0.029993143
   vertex -0.085646317 -0.006219127 0.029368599
   vertex -0.086310473 -0.0062191025 0.029369068
  endloop
 endfacet
 facet normal -2.4755942e-15 0.99862953 -0.052335952
  outer loop
   vertex -0.084996157 -0.0062518728 0.028743773
   vertex -0.085645373 -0.0062518768 0.028743697
   vertex -0.085646317 -0.006219127 0.029368599
  endloop
 endfacet
 facet normal -2.4755942e-15 0.99862953 -0.052335952
  outer loop
   vertex -0.084996157 -0.0062518728 0.028743773
   vertex -0.085646317 -0.006219127 0.029368599
   vertex -0.084995712 -0.0062191286 0.02936857
  endloop
 endfacet
 facet normal 2.7855721e-16 0.99862953 -0.052335952
  outer loop
   vertex -0.083694386 -0.0062517759 0.028745622
   vertex -0.08434733 -0.0062518456 0.028744293
   vertex -0.084345456 -0.0062191086 0.029368951
  endloop
 endfacet
 facet normal 2.7855721e-16 0.99862953 -0.052335952
  outer loop
   vertex -0.083694386 -0.0062517759 0.028745622
   vertex -0.084345456 -0.0062191086 0.029368951
   vertex -0.083691011 -0.0062190536 0.029370001
  endloop
 endfacet
 facet normal -1.402979e-15 0.99862953 -0.052335952
  outer loop
   vertex -0.084995288 -0.0061864333 0.029992433
   vertex -0.084343913 -0.0061864163 0.029992757
   vertex -0.084345456 -0.0062191086 0.029368951
  endloop
 endfacet
 facet normal -1.402979e-15 0.99862953 -0.052335952
  outer loop
   vertex -0.084995288 -0.0061864333 0.029992433
   vertex -0.084345456 -0.0062191086 0.029368951
   vertex -0.084995712 -0.0062191286 0.02936857
  endloop
 endfacet
 facet normal 1.0199453e-15 0.99862953 -0.052335952
  outer loop
   vertex -0.083688249 -0.0061863659 0.029993719
   vertex -0.083691011 -0.0062190536 0.029370001
   vertex -0.084345456 -0.0062191086 0.029368951
  endloop
 endfacet
 facet normal 1.0199453e-15 0.99862953 -0.052335952
  outer loop
   vertex -0.083688249 -0.0061863659 0.029993719
   vertex -0.084345456 -0.0062191086 0.029368951
   vertex -0.084343913 -0.0061864163 0.029992757
  endloop
 endfacet
 facet normal -8.1328423e-17 0.99862953 -0.052335952
  outer loop
   vertex -0.084996157 -0.0062518728 0.028743773
   vertex -0.084995712 -0.0062191286 0.02936857
   vertex -0.084345456 -0.0062191086 0.029368951
  endloop
 endfacet
 facet normal -8.1328423e-17 0.99862953 -0.052335952
  outer loop
   vertex -0.084996157 -0.0062518728 0.028743773
   vertex -0.084345456 -0.0062191086 0.029368951
   vertex -0.08434733 -0.0062518456 0.028744293
  endloop
 endfacet
 facet normal -4.6627834e-06 0.05176625 0.99865923
  outer loop
   vertex -0.083684681 0.00078747193 0.025922054
   vertex -0.08368009 0.0013117385 0.025894878
   vertex -0.084338642 0.0013111872 0.025894904
  endloop
 endfacet
 facet normal -4.6627834e-06 0.05176625 0.99865923
  outer loop
   vertex -0.083684681 0.00078747193 0.025922054
   vertex -0.084338642 0.0013111872 0.025894904
   vertex -0.084342441 0.00078555395 0.025922415
  endloop
 endfacet
 facet normal -8.1785627e-15 0.052336044 0.99862953
  outer loop
   vertex -0.085639913 0.0013105095 0.025894952
   vertex -0.086297522 0.0013102551 0.025894965
   vertex -0.08629419 0.00078784376 0.025922344
  endloop
 endfacet
 facet normal -8.1785627e-15 0.052336044 0.99862953
  outer loop
   vertex -0.085639913 0.0013105095 0.025894952
   vertex -0.08629419 0.00078784376 0.025922344
   vertex -0.085639126 0.00078519724 0.025922482
  endloop
 endfacet
 facet normal 1 5.8139825e-18 2.2204621e-14
  outer loop
   vertex -0.088410981 -0.0025023917 0.038125239
   vertex -0.088410981 -0.00187557 0.038125075
   vertex -0.088410981 -0.0018753563 0.03875007
  endloop
 endfacet
 facet normal 1 5.8139825e-18 2.2204621e-14
  outer loop
   vertex -0.088410981 -0.0025023917 0.038125239
   vertex -0.088410981 -0.0018753563 0.03875007
   vertex -0.088410981 -0.0025016861 0.038750217
  endloop
 endfacet
 facet normal 1 -0 0
  outer loop
   vertex -0.088410981 -0.0018757847 0.03750007
   vertex -0.088410981 -0.0012501478 0.037500018
   vertex -0.088410981 -0.001250101 0.03812502
  endloop
 endfacet
 facet normal 1 -0 0
  outer loop
   vertex -0.088410981 -0.0018757847 0.03750007
   vertex -0.088410981 -0.001250101 0.03812502
   vertex -0.088410981 -0.00187557 0.038125075
  endloop
 endfacet
 facet normal 1 3.404646e-19 2.220445e-14
  outer loop
   vertex -0.088410981 -2.192142e-07 0.039374994
   vertex -0.088410981 -0.00062504456 0.039375003
   vertex -0.088410981 -0.00062505795 0.038750003
  endloop
 endfacet
 facet normal 1 3.404646e-19 2.220445e-14
  outer loop
   vertex -0.088410981 -2.192142e-07 0.039374994
   vertex -0.088410981 -0.00062505795 0.038750003
   vertex -0.088410981 -2.4232924e-07 0.038749992
  endloop
 endfacet
 facet normal 1 2.2206515e-14 -2.2206044e-14
  outer loop
   vertex -0.088410981 -0.00062502791 0.040000003
   vertex -0.088410981 -0.0012499559 0.040000017
   vertex -0.088410981 -0.0012499991 0.039375018
  endloop
 endfacet
 facet normal 1 2.2206515e-14 -2.2206044e-14
  outer loop
   vertex -0.088410981 -0.00062502791 0.040000003
   vertex -0.088410981 -0.0012499991 0.039375018
   vertex -0.088410981 -0.00062504456 0.039375003
  endloop
 endfacet
 facet normal 1 0 0
  outer loop
   vertex -0.088410981 -0.001250101 0.03812502
   vertex -0.088410981 -0.0012501478 0.037500018
   vertex -0.088410981 -0.00062502568 0.0375
  endloop
 endfacet
 facet normal 1 0 0
  outer loop
   vertex -0.088410981 -0.001250101 0.03812502
   vertex -0.088410981 -0.00062502568 0.0375
   vertex -0.088410981 -0.00062505725 0.038125002
  endloop
 endfacet
 facet normal 1 2.2211013e-14 1.3787762e-18
  outer loop
   vertex -0.088410981 -2.0353129e-07 0.038124987
   vertex -0.088410981 -2.4232924e-07 0.038749992
   vertex -0.088410981 -0.00062505795 0.038750003
  endloop
 endfacet
 facet normal 1 2.2211013e-14 1.3787762e-18
  outer loop
   vertex -0.088410981 -2.0353129e-07 0.038124987
   vertex -0.088410981 -0.00062505795 0.038750003
   vertex -0.088410981 -0.00062505725 0.038125002
  endloop
 endfacet
 facet normal 1 2.2162518e-14 2.2181311e-14
  outer loop
   vertex -0.088410981 -0.0025010024 0.039375186
   vertex -0.088410981 -0.0025016861 0.038750217
   vertex -0.088410981 -0.0018753563 0.03875007
  endloop
 endfacet
 facet normal 1 2.2162518e-14 2.2181311e-14
  outer loop
   vertex -0.088410981 -0.0025010024 0.039375186
   vertex -0.088410981 -0.0018753563 0.03875007
   vertex -0.088410981 -0.0018751529 0.039375062
  endloop
 endfacet
 facet normal 1 2.2200552e-14 2.219833e-14
  outer loop
   vertex -0.088410981 -0.0018749726 0.040000055
   vertex -0.088410981 -0.0018751529 0.039375062
   vertex -0.088410981 -0.0012499991 0.039375018
  endloop
 endfacet
 facet normal 1 2.2200552e-14 2.219833e-14
  outer loop
   vertex -0.088410981 -0.0018749726 0.040000055
   vertex -0.088410981 -0.0012499991 0.039375018
   vertex -0.088410981 -0.0012499559 0.040000017
  endloop
 endfacet
 facet normal 1 2.213954e-14 2.2218523e-14
  outer loop
   vertex -0.088410981 -0.0018754478 0.031250017
   vertex -0.088410981 -0.0018758803 0.031875052
   vertex -0.088410981 -0.0025028514 0.03187519
  endloop
 endfacet
 facet normal 1 2.213954e-14 2.2218523e-14
  outer loop
   vertex -0.088410981 -0.0018754478 0.031250017
   vertex -0.088410981 -0.0025028514 0.03187519
   vertex -0.088410981 -0.0025014352 0.031250131
  endloop
 endfacet
 facet normal 1 -2.2182658e-14 -2.2221716e-14
  outer loop
   vertex -0.088410981 -0.0018763763 0.032500062
   vertex -0.088410981 -0.0018758803 0.031875052
   vertex -0.088410981 -0.0012502158 0.031875002
  endloop
 endfacet
 facet normal 1 -2.2182658e-14 -2.2221716e-14
  outer loop
   vertex -0.088410981 -0.0018763763 0.032500062
   vertex -0.088410981 -0.0012502158 0.031875002
   vertex -0.088410981 -0.0012503327 0.03250001
  endloop
 endfacet
 facet normal 1 0 -0
  outer loop
   vertex -0.088410981 4.0574516e-07 0.030624579
   vertex -0.088410981 6.1703809e-07 0.031249854
   vertex -0.088410981 -0.00062492458 0.031249926
  endloop
 endfacet
 facet normal 1 0 -0
  outer loop
   vertex -0.088410981 4.0574516e-07 0.030624579
   vertex -0.088410981 -0.00062492458 0.031249926
   vertex -0.088410981 -0.00062496483 0.030624684
  endloop
 endfacet
 facet normal 1 2.2206893e-14 4.4333997e-14
  outer loop
   vertex -0.088410981 -0.00062503061 0.02999866
   vertex -0.088410981 -0.00062496483 0.030624684
   vertex -0.088410981 -0.0012500528 0.030624762
  endloop
 endfacet
 facet normal 1 2.2206893e-14 4.4333997e-14
  outer loop
   vertex -0.088410981 -0.00062503061 0.02999866
   vertex -0.088410981 -0.0012500528 0.030624762
   vertex -0.088410981 -0.0012500599 0.029998872
  endloop
 endfacet
 facet normal 1 0 0
  outer loop
   vertex -0.088410981 -0.00062486537 0.032499987
   vertex -0.088410981 -0.0012503327 0.03250001
   vertex -0.088410981 -0.0012502158 0.031875002
  endloop
 endfacet
 facet normal 1 0 0
  outer loop
   vertex -0.088410981 -0.00062486537 0.032499987
   vertex -0.088410981 -0.0012502158 0.031875002
   vertex -0.088410981 -0.00062489356 0.031874973
  endloop
 endfacet
 facet normal 1 0 0
  outer loop
   vertex -0.088410981 8.279603e-07 0.031874914
   vertex -0.088410981 -0.00062489356 0.031874973
   vertex -0.088410981 -0.00062492458 0.031249926
  endloop
 endfacet
 facet normal 1 0 0
  outer loop
   vertex -0.088410981 8.279603e-07 0.031874914
   vertex -0.088410981 -0.00062492458 0.031249926
   vertex -0.088410981 6.1703809e-07 0.031249854
  endloop
 endfacet
 facet normal 1 2.2189182e-14 -2.2187988e-14
  outer loop
   vertex -0.088410981 -0.0025004553 0.030624976
   vertex -0.088410981 -0.0018751522 0.030624848
   vertex -0.088410981 -0.0018754478 0.031250017
  endloop
 endfacet
 facet normal 1 2.2189182e-14 -2.2187988e-14
  outer loop
   vertex -0.088410981 -0.0025004553 0.030624976
   vertex -0.088410981 -0.0018754478 0.031250017
   vertex -0.088410981 -0.0025014352 0.031250131
  endloop
 endfacet
 facet normal 1 -2.219718e-14 2.2173158e-14
  outer loop
   vertex -0.088410981 -0.001875034 0.029999104
   vertex -0.088410981 -0.0012500599 0.029998872
   vertex -0.088410981 -0.0012500528 0.030624762
  endloop
 endfacet
 facet normal 1 -2.219718e-14 2.2173158e-14
  outer loop
   vertex -0.088410981 -0.001875034 0.029999104
   vertex -0.088410981 -0.0012500528 0.030624762
   vertex -0.088410981 -0.0018751522 0.030624848
  endloop
 endfacet
 facet normal 1 0 0
  outer loop
   vertex -0.088410981 0.0018701315 0.038749782
   vertex -0.088410981 0.001870297 0.03812468
   vertex -0.088410981 0.0024893751 0.038124353
  endloop
 endfacet
 facet normal 1 0 0
  outer loop
   vertex -0.088410981 0.0018701315 0.038749782
   vertex -0.088410981 0.0024893751 0.038124353
   vertex -0.088410981 0.0024900832 0.038749528
  endloop
 endfacet
 facet normal 1 -2.2319379e-14 -4.4502634e-14
  outer loop
   vertex -0.088410981 0.0018732902 0.037499495
   vertex -0.088410981 0.001870297 0.03812468
   vertex -0.088410981 0.0012481434 0.038124867
  endloop
 endfacet
 facet normal 1 -2.2319379e-14 -4.4502634e-14
  outer loop
   vertex -0.088410981 0.0018732902 0.037499495
   vertex -0.088410981 0.0012481434 0.038124867
   vertex -0.088410981 0.0012495377 0.037499791
  endloop
 endfacet
 facet normal 1 -6.421021e-19 -2.2204228e-14
  outer loop
   vertex -0.088410981 0.00062423033 0.038749969
   vertex -0.088410981 0.00062433015 0.039374975
   vertex -0.088410981 -2.192142e-07 0.039374994
  endloop
 endfacet
 facet normal 1 -6.421021e-19 -2.2204228e-14
  outer loop
   vertex -0.088410981 0.00062423033 0.038749969
   vertex -0.088410981 -2.192142e-07 0.039374994
   vertex -0.088410981 -2.4232924e-07 0.038749992
  endloop
 endfacet
 facet normal 1 1.6637407e-18 2.2204522e-14
  outer loop
   vertex -0.088410981 0.00062451295 0.039999974
   vertex -0.088410981 0.00062433015 0.039374975
   vertex -0.088410981 0.001248308 0.039374929
  endloop
 endfacet
 facet normal 1 1.6637407e-18 2.2204522e-14
  outer loop
   vertex -0.088410981 0.00062451295 0.039999974
   vertex -0.088410981 0.001248308 0.039374929
   vertex -0.088410981 0.0012489218 0.039999921
  endloop
 endfacet
 facet normal 1 -0 0
  outer loop
   vertex -0.088410981 0.00062486668 0.037499928
   vertex -0.088410981 0.0012495377 0.037499791
   vertex -0.088410981 0.0012481434 0.038124867
  endloop
 endfacet
 facet normal 1 -0 0
  outer loop
   vertex -0.088410981 0.00062486668 0.037499928
   vertex -0.088410981 0.0012481434 0.038124867
   vertex -0.088410981 0.00062434013 0.038124953
  endloop
 endfacet
 facet normal 1 1.2057506e-18 2.2203891e-14
  outer loop
   vertex -0.088410981 -2.0353129e-07 0.038124987
   vertex -0.088410981 0.00062434013 0.038124953
   vertex -0.088410981 0.00062423033 0.038749969
  endloop
 endfacet
 facet normal 1 1.2057506e-18 2.2203891e-14
  outer loop
   vertex -0.088410981 -2.0353129e-07 0.038124987
   vertex -0.088410981 0.00062423033 0.038749969
   vertex -0.088410981 -2.4232924e-07 0.038749992
  endloop
 endfacet
 facet normal 1 2.2310752e-14 -4.3042132e-17
  outer loop
   vertex -0.088410981 0.0024933593 0.039374589
   vertex -0.088410981 0.0018713374 0.039374818
   vertex -0.088410981 0.0018701315 0.038749782
  endloop
 endfacet
 facet normal 1 2.2310752e-14 -4.3042132e-17
  outer loop
   vertex -0.088410981 0.0024933593 0.039374589
   vertex -0.088410981 0.0018701315 0.038749782
   vertex -0.088410981 0.0024900832 0.038749528
  endloop
 endfacet
 facet normal 1 0 0
  outer loop
   vertex -0.088410981 0.0018730899 0.03999979
   vertex -0.088410981 0.0012489218 0.039999921
   vertex -0.088410981 0.001248308 0.039374929
  endloop
 endfacet
 facet normal 1 0 0
  outer loop
   vertex -0.088410981 0.0018730899 0.03999979
   vertex -0.088410981 0.001248308 0.039374929
   vertex -0.088410981 0.0018713374 0.039374818
  endloop
 endfacet
 facet normal 1 4.2529633e-14 -3.109713e-16
  outer loop
   vertex -0.088410981 0.0025538038 0.031871078
   vertex -0.088410981 0.0019012019 0.031873186
   vertex -0.088410981 0.0018966323 0.031248235
  endloop
 endfacet
 facet normal 1 4.2529633e-14 -3.109713e-16
  outer loop
   vertex -0.088410981 0.0025538038 0.031871078
   vertex -0.088410981 0.0018966323 0.031248235
   vertex -0.088410981 0.0025444531 0.031246373
  endloop
 endfacet
 facet normal 1 0 0
  outer loop
   vertex -0.088410981 0.0019053896 0.032498324
   vertex -0.088410981 0.0012619394 0.032499368
   vertex -0.088410981 0.0012601548 0.031874267
  endloop
 endfacet
 facet normal 1 0 0
  outer loop
   vertex -0.088410981 0.0019053896 0.032498324
   vertex -0.088410981 0.0012601548 0.031874267
   vertex -0.088410981 0.0019012019 0.031873186
  endloop
 endfacet
 facet normal 1 0 0
  outer loop
   vertex -0.088410981 0.00062756541 0.031249672
   vertex -0.088410981 6.1703809e-07 0.031249854
   vertex -0.088410981 4.0574516e-07 0.030624579
  endloop
 endfacet
 facet normal 1 0 0
  outer loop
   vertex -0.088410981 0.00062756541 0.031249672
   vertex -0.088410981 4.0574516e-07 0.030624579
   vertex -0.088410981 0.00062685487 0.030624387
  endloop
 endfacet
 facet normal 1 -1.1086384e-17 -2.2165334e-14
  outer loop
   vertex -0.088410981 0.00062615285 0.029998202
   vertex -0.088410981 0.0012542309 0.029997888
   vertex -0.088410981 0.0012562311 0.03062399
  endloop
 endfacet
 facet normal 1 -1.1086384e-17 -2.2165334e-14
  outer loop
   vertex -0.088410981 0.00062615285 0.029998202
   vertex -0.088410981 0.0012562311 0.03062399
   vertex -0.088410981 0.00062685487 0.030624387
  endloop
 endfacet
 facet normal 1 2.1923214e-14 -6.2590149e-17
  outer loop
   vertex -0.088410981 0.0012601548 0.031874267
   vertex -0.088410981 0.0012619394 0.032499368
   vertex -0.088410981 0.00062892269 0.032499796
  endloop
 endfacet
 facet normal 1 2.1923214e-14 -6.2590149e-17
  outer loop
   vertex -0.088410981 0.0012601548 0.031874267
   vertex -0.088410981 0.00062892269 0.032499796
   vertex -0.088410981 0.0006282646 0.031874738
  endloop
 endfacet
 facet normal 1 0 0
  outer loop
   vertex -0.088410981 8.279603e-07 0.031874914
   vertex -0.088410981 6.1703809e-07 0.031249854
   vertex -0.088410981 0.00062756541 0.031249672
  endloop
 endfacet
 facet normal 1 0 0
  outer loop
   vertex -0.088410981 8.279603e-07 0.031874914
   vertex -0.088410981 0.00062756541 0.031249672
   vertex -0.088410981 0.0006282646 0.031874738
  endloop
 endfacet
 facet normal 1 2.1421318e-14 -3.2979276e-16
  outer loop
   vertex -0.088410981 0.0025348357 0.030621691
   vertex -0.088410981 0.0025444531 0.031246373
   vertex -0.088410981 0.0018966323 0.031248235
  endloop
 endfacet
 facet normal 1 2.1421318e-14 -3.2979276e-16
  outer loop
   vertex -0.088410981 0.0025348357 0.030621691
   vertex -0.088410981 0.0018966323 0.031248235
   vertex -0.088410981 0.0018919082 0.030623188
  endloop
 endfacet
 facet normal 1 2.1831294e-14 -1.6634282e-16
  outer loop
   vertex -0.088410981 0.0018871402 0.029997429
   vertex -0.088410981 0.0018919082 0.030623188
   vertex -0.088410981 0.0012562311 0.03062399
  endloop
 endfacet
 facet normal 1 2.1831294e-14 -1.6634282e-16
  outer loop
   vertex -0.088410981 0.0018871402 0.029997429
   vertex -0.088410981 0.0012562311 0.03062399
   vertex -0.088410981 0.0012542309 0.029997888
  endloop
 endfacet
 facet normal 1 2.2225726e-14 4.440797e-14
  outer loop
   vertex -0.088410981 -0.0018747451 0.041250046
   vertex -0.088410981 -0.0018747228 0.041875048
   vertex -0.088410981 -0.002499253 0.041875112
  endloop
 endfacet
 facet normal 1 2.2225726e-14 4.440797e-14
  outer loop
   vertex -0.088410981 -0.0018747451 0.041250046
   vertex -0.088410981 -0.002499253 0.041875112
   vertex -0.088410981 -0.0024994557 0.04125011
  endloop
 endfacet
 facet normal 1 -1.0904771e-18 -2.220418e-14
  outer loop
   vertex -0.088410981 -0.0018747784 0.042500056
   vertex -0.088410981 -0.0018747228 0.041875048
   vertex -0.088410981 -0.0012499209 0.041875017
  endloop
 endfacet
 facet normal 1 -1.0904771e-18 -2.220418e-14
  outer loop
   vertex -0.088410981 -0.0018747784 0.042500056
   vertex -0.088410981 -0.0012499209 0.041875017
   vertex -0.088410981 -0.001249949 0.042500019
  endloop
 endfacet
 facet normal 1 2.2208029e-14 4.4407913e-14
  outer loop
   vertex -0.088410981 -0.0012499258 0.040625016
   vertex -0.088410981 -0.0012499559 0.040000017
   vertex -0.088410981 -0.00062502791 0.040000003
  endloop
 endfacet
 facet normal 1 2.2208029e-14 4.4407913e-14
  outer loop
   vertex -0.088410981 -0.0012499258 0.040625016
   vertex -0.088410981 -0.00062502791 0.040000003
   vertex -0.088410981 -0.00062501357 0.040625003
  endloop
 endfacet
 facet normal 1 -2.2207149e-14 -2.2202655e-14
  outer loop
   vertex -0.088410981 -1.1967003e-07 0.040624991
   vertex -0.088410981 -6.593899e-08 0.041249988
   vertex -0.088410981 -0.00062500399 0.041250002
  endloop
 endfacet
 facet normal 1 -2.2207149e-14 -2.2202655e-14
  outer loop
   vertex -0.088410981 -1.1967003e-07 0.040624991
   vertex -0.088410981 -0.00062500399 0.041250002
   vertex -0.088410981 -0.00062501357 0.040625003
  endloop
 endfacet
 facet normal 1 -2.8103496e-18 -2.2204564e-14
  outer loop
   vertex -0.088410981 -0.0024998433 0.040625128
   vertex -0.088410981 -0.0018748316 0.040625048
   vertex -0.088410981 -0.0018747451 0.041250046
  endloop
 endfacet
 facet normal 1 -2.8103496e-18 -2.2204564e-14
  outer loop
   vertex -0.088410981 -0.0024998433 0.040625128
   vertex -0.088410981 -0.0018747451 0.041250046
   vertex -0.088410981 -0.0024994557 0.04125011
  endloop
 endfacet
 facet normal 1 -2.2201212e-14 4.4410048e-14
  outer loop
   vertex -0.088410981 -0.0018749726 0.040000055
   vertex -0.088410981 -0.0012499559 0.040000017
   vertex -0.088410981 -0.0012499258 0.040625016
  endloop
 endfacet
 facet normal 1 -2.2201212e-14 4.4410048e-14
  outer loop
   vertex -0.088410981 -0.0018749726 0.040000055
   vertex -0.088410981 -0.0012499258 0.040625016
   vertex -0.088410981 -0.0018748316 0.040625048
  endloop
 endfacet
 facet normal 1 -2.2206876e-14 -2.2205389e-14
  outer loop
   vertex -0.088410981 -0.00062499923 0.042500001
   vertex -0.088410981 -0.001249949 0.042500019
   vertex -0.088410981 -0.0012499209 0.041875017
  endloop
 endfacet
 facet normal 1 -2.2206876e-14 -2.2205389e-14
  outer loop
   vertex -0.088410981 -0.00062499923 0.042500001
   vertex -0.088410981 -0.0012499209 0.041875017
   vertex -0.088410981 -0.00062499935 0.041875002
  endloop
 endfacet
 facet normal 1 -5.8493199e-19 -2.2204477e-14
  outer loop
   vertex -0.088410981 -1.2732672e-08 0.041874985
   vertex -0.088410981 -0.00062499935 0.041875002
   vertex -0.088410981 -0.00062500399 0.041250002
  endloop
 endfacet
 facet normal 1 -5.8493199e-19 -2.2204477e-14
  outer loop
   vertex -0.088410981 -1.2732672e-08 0.041874985
   vertex -0.088410981 -0.00062500399 0.041250002
   vertex -0.088410981 -6.593899e-08 0.041249988
  endloop
 endfacet
 facet normal 1 -0 0
  outer loop
   vertex -0.088410981 -0.0025277652 0.048138299
   vertex -0.088410981 -0.0018870269 0.048132822
   vertex -0.088410981 -0.0018946342 0.048768924
  endloop
 endfacet
 facet normal 1 -0 0
  outer loop
   vertex -0.088410981 -0.0025277652 0.048138299
   vertex -0.088410981 -0.0018946342 0.048768924
   vertex -0.088410981 -0.0025404913 0.048779025
  endloop
 endfacet
 facet normal 1 -2.2015215e-14 -6.4511204e-17
  outer loop
   vertex -0.088410981 -0.0018830992 0.047502845
   vertex -0.088410981 -0.0012527224 0.047501405
   vertex -0.088410981 -0.0012545624 0.048129328
  endloop
 endfacet
 facet normal 1 -2.2015215e-14 -6.4511204e-17
  outer loop
   vertex -0.088410981 -0.0018830992 0.047502845
   vertex -0.088410981 -0.0012545624 0.048129328
   vertex -0.088410981 -0.0018870269 0.048132822
  endloop
 endfacet
 facet normal 1 1.6543133e-07 -1.5605544e-05
  outer loop
   vertex -0.088410981 -0.001265041 0.049402209
   vertex -0.088410981 -0.00062911974 0.049394464
   vertex -0.088410971 -0.00063169115 0.050041681
  endloop
 endfacet
 facet normal 1 1.6543133e-07 -1.5605544e-05
  outer loop
   vertex -0.088410981 -0.001265041 0.049402209
   vertex -0.088410971 -0.00063169115 0.050041681
   vertex -0.08841096 -0.0012752292 0.050056125
  endloop
 endfacet
 facet normal 1 -5.9571364e-06 -7.2787793e-08
  outer loop
   vertex -0.088410977 4.358224e-06 0.049394753
   vertex -0.088410981 -0.00062911974 0.049394464
   vertex -0.088410981 -0.00062728494 0.048757758
  endloop
 endfacet
 facet normal 1 -5.9571364e-06 -7.2787793e-08
  outer loop
   vertex -0.088410977 4.358224e-06 0.049394753
   vertex -0.088410981 -0.00062728494 0.048757758
   vertex -0.088410981 1.9175298e-06 0.048757722
  endloop
 endfacet
 facet normal 1 2.2130873e-14 6.4850116e-17
  outer loop
   vertex -0.088410981 -0.0012545624 0.048129328
   vertex -0.088410981 -0.0012527224 0.047501405
   vertex -0.088410981 -0.00062564229 0.047500749
  endloop
 endfacet
 facet normal 1 2.2130873e-14 6.4850116e-17
  outer loop
   vertex -0.088410981 -0.0012545624 0.048129328
   vertex -0.088410981 -0.00062564229 0.047500749
   vertex -0.088410981 -0.00062619109 0.048127635
  endloop
 endfacet
 facet normal 1 2.2056154e-14 -3.7841448e-17
  outer loop
   vertex -0.088410981 8.3630145e-07 0.048127521
   vertex -0.088410981 1.9175298e-06 0.048757722
   vertex -0.088410981 -0.00062728494 0.048757758
  endloop
 endfacet
 facet normal 1 2.2056154e-14 -3.7841448e-17
  outer loop
   vertex -0.088410981 8.3630145e-07 0.048127521
   vertex -0.088410981 -0.00062728494 0.048757758
   vertex -0.088410981 -0.00062619109 0.048127635
  endloop
 endfacet
 facet normal 1 -2.08866e-08 -1.9385909e-06
  outer loop
   vertex -0.08841098 -0.0025592728 0.049432918
   vertex -0.088410981 -0.0025404913 0.048779025
   vertex -0.088410981 -0.0018946342 0.048768924
  endloop
 endfacet
 facet normal 1 -2.08866e-08 -1.9385909e-06
  outer loop
   vertex -0.08841098 -0.0025592728 0.049432918
   vertex -0.088410981 -0.0018946342 0.048768924
   vertex -0.08841098 -0.0019074107 0.049416586
  endloop
 endfacet
 facet normal 1 -1.721834e-07 -7.1476695e-05
  outer loop
   vertex -0.088410932 -0.0019276091 0.050083863
   vertex -0.08841098 -0.0019074107 0.049416586
   vertex -0.088410981 -0.001265041 0.049402209
  endloop
 endfacet
 facet normal 1 -1.721834e-07 -7.1476695e-05
  outer loop
   vertex -0.088410932 -0.0019276091 0.050083863
   vertex -0.088410981 -0.001265041 0.049402209
   vertex -0.08841096 -0.0012752292 0.050056125
  endloop
 endfacet
 facet normal 1 2.4360004e-17 2.2208286e-14
  outer loop
   vertex -0.088410981 0.0025117445 0.041873811
   vertex -0.088410981 0.0018790386 0.041874505
   vertex -0.088410981 0.0018770244 0.041249615
  endloop
 endfacet
 facet normal 1 2.4360004e-17 2.2208286e-14
  outer loop
   vertex -0.088410981 0.0025117445 0.041873811
   vertex -0.088410981 0.0018770244 0.041249615
   vertex -0.088410981 0.0025069795 0.041249075
  endloop
 endfacet
 facet normal 1 2.2040053e-14 -2.2231365e-14
  outer loop
   vertex -0.088410981 0.0018810555 0.042499399
   vertex -0.088410981 0.001251781 0.042499784
   vertex -0.088410981 0.0012510552 0.041874821
  endloop
 endfacet
 facet normal 1 2.2040053e-14 -2.2231365e-14
  outer loop
   vertex -0.088410981 0.0018810555 0.042499399
   vertex -0.088410981 0.0012510552 0.041874821
   vertex -0.088410981 0.0018790386 0.041874505
  endloop
 endfacet
 facet normal 1 2.2205782e-14 -2.2212182e-14
  outer loop
   vertex -0.088410981 0.0012496147 0.040624895
   vertex -0.088410981 0.0006247226 0.040624966
   vertex -0.088410981 0.00062451295 0.039999974
  endloop
 endfacet
 facet normal 1 2.2205782e-14 -2.2212182e-14
  outer loop
   vertex -0.088410981 0.0012496147 0.040624895
   vertex -0.088410981 0.00062451295 0.039999974
   vertex -0.088410981 0.0012489218 0.039999921
  endloop
 endfacet
 facet normal 1 -2.220544e-14 -2.2202655e-14
  outer loop
   vertex -0.088410981 0.00062493971 0.041249955
   vertex -0.088410981 -6.593899e-08 0.041249988
   vertex -0.088410981 -1.1967003e-07 0.040624991
  endloop
 endfacet
 facet normal 1 -2.220544e-14 -2.2202655e-14
  outer loop
   vertex -0.088410981 0.00062493971 0.041249955
   vertex -0.088410981 -1.1967003e-07 0.040624991
   vertex -0.088410981 0.0006247226 0.040624966
  endloop
 endfacet
 facet normal 1 2.2029661e-14 -1.6669694e-16
  outer loop
   vertex -0.088410981 0.002502252 0.040624318
   vertex -0.088410981 0.0025069795 0.041249075
   vertex -0.088410981 0.0018770244 0.041249615
  endloop
 endfacet
 facet normal 1 2.2029661e-14 -1.6669694e-16
  outer loop
   vertex -0.088410981 0.002502252 0.040624318
   vertex -0.088410981 0.0018770244 0.041249615
   vertex -0.088410981 0.0018750283 0.040624715
  endloop
 endfacet
 facet normal 1 -2.2189756e-14 6.8829714e-17
  outer loop
   vertex -0.088410981 0.0018730899 0.03999979
   vertex -0.088410981 0.0018750283 0.040624715
   vertex -0.088410981 0.0012496147 0.040624895
  endloop
 endfacet
 facet normal 1 -2.2189756e-14 6.8829714e-17
  outer loop
   vertex -0.088410981 0.0018730899 0.03999979
   vertex -0.088410981 0.0012496147 0.040624895
   vertex -0.088410981 0.0012489218 0.039999921
  endloop
 endfacet
 facet normal 1 -5.2573222e-18 -2.2205761e-14
  outer loop
   vertex -0.088410981 0.0012510552 0.041874821
   vertex -0.088410981 0.001251781 0.042499784
   vertex -0.088410981 0.00062537938 0.042499932
  endloop
 endfacet
 facet normal 1 -5.2573222e-18 -2.2205761e-14
  outer loop
   vertex -0.088410981 0.0012510552 0.041874821
   vertex -0.088410981 0.00062537938 0.042499932
   vertex -0.088410981 0.00062515905 0.041874943
  endloop
 endfacet
 facet normal 1 -2.220426e-14 1.8902607e-18
  outer loop
   vertex -0.088410981 -1.2732672e-08 0.041874985
   vertex -0.088410981 -6.593899e-08 0.041249988
   vertex -0.088410981 0.00062493971 0.041249955
  endloop
 endfacet
 facet normal 1 -2.220426e-14 1.8902607e-18
  outer loop
   vertex -0.088410981 -1.2732672e-08 0.041874985
   vertex -0.088410981 0.00062493971 0.041249955
   vertex -0.088410981 0.00062515905 0.041874943
  endloop
 endfacet
 facet normal 1 -2.1449217e-14 2.4102705e-16
  outer loop
   vertex -0.088410981 0.0019024975 0.048772391
   vertex -0.088410981 0.0018953112 0.04813287
   vertex -0.088410981 0.0025423295 0.048133903
  endloop
 endfacet
 facet normal 1 -2.1449217e-14 2.4102705e-16
  outer loop
   vertex -0.088410981 0.0019024975 0.048772391
   vertex -0.088410981 0.0025423295 0.048133903
   vertex -0.088410981 0.002546779 0.048774969
  endloop
 endfacet
 facet normal 1 0 -0
  outer loop
   vertex -0.088410981 0.0018935382 0.047502072
   vertex -0.088410981 0.0018953112 0.04813287
   vertex -0.088410981 0.0012589468 0.048130823
  endloop
 endfacet
 facet normal 1 0 -0
  outer loop
   vertex -0.088410981 0.0018935382 0.047502072
   vertex -0.088410981 0.0012589468 0.048130823
   vertex -0.088410981 0.0012569571 0.047501605
  endloop
 endfacet
 facet normal 1 -7.4150136e-06 -9.239354e-05
  outer loop
   vertex -0.088410909 0.00065227258 0.050059072
   vertex -0.08841097 0.00063945411 0.049402856
   vertex -0.088410964 0.0012787067 0.049416549
  endloop
 endfacet
 facet normal 1 -7.4150136e-06 -9.239354e-05
  outer loop
   vertex -0.088410909 0.00065227258 0.050059072
   vertex -0.088410964 0.0012787067 0.049416549
   vertex -0.088410797 0.0013044158 0.050088868
  endloop
 endfacet
 facet normal 1 -1.1627924e-05 -1.7528966e-05
  outer loop
   vertex -0.088410981 0.00063193173 0.048761143
   vertex -0.08841097 0.00063945411 0.049402856
   vertex -0.088410977 4.358224e-06 0.049394753
  endloop
 endfacet
 facet normal 1 -1.1627924e-05 -1.7528966e-05
  outer loop
   vertex -0.088410981 0.00063193173 0.048761143
   vertex -0.088410977 4.358224e-06 0.049394753
   vertex -0.088410981 1.9175298e-06 0.048757722
  endloop
 endfacet
 facet normal 1 -2.206003e-14 2.2125368e-14
  outer loop
   vertex -0.088410981 0.00062727367 0.047501016
   vertex -0.088410981 0.0012569571 0.047501605
   vertex -0.088410981 0.0012589468 0.048130823
  endloop
 endfacet
 facet normal 1 -2.206003e-14 2.2125368e-14
  outer loop
   vertex -0.088410981 0.00062727367 0.047501016
   vertex -0.088410981 0.0012589468 0.048130823
   vertex -0.088410981 0.0006285052 0.048128737
  endloop
 endfacet
 facet normal 1 0 0
  outer loop
   vertex -0.088410981 8.3630145e-07 0.048127521
   vertex -0.088410981 0.0006285052 0.048128737
   vertex -0.088410981 0.00063193173 0.048761143
  endloop
 endfacet
 facet normal 1 0 0
  outer loop
   vertex -0.088410981 8.3630145e-07 0.048127521
   vertex -0.088410981 0.00063193173 0.048761143
   vertex -0.088410981 1.9175298e-06 0.048757722
  endloop
 endfacet
 facet normal 0.99999998 0.00017501397 2.4166512e-05
  outer loop
   vertex -0.088411113 0.0025642612 0.049430136
   vertex -0.088411 0.0019214893 0.049429027
   vertex -0.088410981 0.0019024975 0.048772391
  endloop
 endfacet
 facet normal 0.99999998 0.00017501397 2.4166512e-05
  outer loop
   vertex -0.088411113 0.0025642612 0.049430136
   vertex -0.088410981 0.0019024975 0.048772391
   vertex -0.088410981 0.002546779 0.048774969
  endloop
 endfacet
 facet normal 0.99999996 8.9227547e-05 -0.00025124302
  outer loop
   vertex -0.088410848 0.0019601425 0.050117361
   vertex -0.088410797 0.0013044158 0.050088868
   vertex -0.088410964 0.0012787067 0.049416549
  endloop
 endfacet
 facet normal 0.99999996 8.9227547e-05 -0.00025124302
  outer loop
   vertex -0.088410848 0.0019601425 0.050117361
   vertex -0.088410964 0.0012787067 0.049416549
   vertex -0.088411 0.0019214893 0.049429027
  endloop
 endfacet
 facet normal 1 -2.2209037e-14 4.087519e-17
  outer loop
   vertex -0.088410981 -0.0025016957 0.028101519
   vertex -0.088410981 -0.0018768329 0.02809699
   vertex -0.088410981 -0.0018756511 0.028739095
  endloop
 endfacet
 facet normal 1 -2.2209037e-14 4.087519e-17
  outer loop
   vertex -0.088410981 -0.0025016957 0.028101519
   vertex -0.088410981 -0.0018756511 0.028739095
   vertex -0.088410981 -0.0025004947 0.028741023
  endloop
 endfacet
 facet normal 1 2.191883e-14 -4.2485157e-14
  outer loop
   vertex -0.088410981 -0.0012517854 0.028092813
   vertex -0.088410981 -0.0018768329 0.02809699
   vertex -0.088410981 -0.0018791003 0.02744252
  endloop
 endfacet
 facet normal 1 2.191883e-14 -4.2485157e-14
  outer loop
   vertex -0.088410981 -0.0012517854 0.028092813
   vertex -0.088410981 -0.0018791003 0.02744252
   vertex -0.088410981 -0.001254069 0.027433914
  endloop
 endfacet
 facet normal 1 -2.2203356e-14 5.1371171e-18
  outer loop
   vertex -0.088410981 -0.001250207 0.029370809
   vertex -0.088410981 -0.00062517602 0.029370214
   vertex -0.088410981 -0.00062503061 0.02999866
  endloop
 endfacet
 facet normal 1 -2.2203356e-14 5.1371171e-18
  outer loop
   vertex -0.088410981 -0.001250207 0.029370809
   vertex -0.088410981 -0.00062503061 0.02999866
   vertex -0.088410981 -0.0012500599 0.029998872
  endloop
 endfacet
 facet normal 1 2.2199531e-14 -1.2803326e-17
  outer loop
   vertex -0.088410981 -3.7537143e-08 0.029369707
   vertex -0.088410981 -0.00062517602 0.029370214
   vertex -0.088410981 -0.00062554192 0.028735785
  endloop
 endfacet
 facet normal 1 2.2199531e-14 -1.2803326e-17
  outer loop
   vertex -0.088410981 -3.7537143e-08 0.029369707
   vertex -0.088410981 -0.00062554192 0.028735785
   vertex -0.088410981 -3.499551e-07 0.02873461
  endloop
 endfacet
 facet normal 1 6.7836601e-17 2.1986891e-14
  outer loop
   vertex -0.088410981 -0.0024999765 0.029372206
   vertex -0.088410981 -0.0025004947 0.028741023
   vertex -0.088410981 -0.0018756511 0.028739095
  endloop
 endfacet
 facet normal 1 6.7836601e-17 2.1986891e-14
  outer loop
   vertex -0.088410981 -0.0024999765 0.029372206
   vertex -0.088410981 -0.0018756511 0.028739095
   vertex -0.088410981 -0.0018751505 0.029371482
  endloop
 endfacet
 facet normal 1 2.2230259e-14 2.2107568e-14
  outer loop
   vertex -0.088410981 -0.001875034 0.029999104
   vertex -0.088410981 -0.0018751505 0.029371482
   vertex -0.088410981 -0.001250207 0.029370809
  endloop
 endfacet
 facet normal 1 2.2230259e-14 2.2107568e-14
  outer loop
   vertex -0.088410981 -0.001875034 0.029999104
   vertex -0.088410981 -0.001250207 0.029370809
   vertex -0.088410981 -0.0012500599 0.029998872
  endloop
 endfacet
 facet normal 1 -2.2306624e-14 -2.0882694e-14
  outer loop
   vertex -0.088410981 -0.00062816821 0.027426673
   vertex -0.088410981 -0.00062642101 0.028089366
   vertex -0.088410981 -0.0012517854 0.028092813
  endloop
 endfacet
 facet normal 1 -2.2306624e-14 -2.0882694e-14
  outer loop
   vertex -0.088410981 -0.00062816821 0.027426673
   vertex -0.088410981 -0.0012517854 0.028092813
   vertex -0.088410981 -0.001254069 0.027433914
  endloop
 endfacet
 facet normal 1 2.2157328e-14 -2.1445933e-14
  outer loop
   vertex -0.088410981 -8.7160721e-07 0.028086965
   vertex -0.088410981 -3.499551e-07 0.02873461
   vertex -0.088410981 -0.00062554192 0.028735785
  endloop
 endfacet
 facet normal 1 2.2157328e-14 -2.1445933e-14
  outer loop
   vertex -0.088410981 -8.7160721e-07 0.028086965
   vertex -0.088410981 -0.00062554192 0.028735785
   vertex -0.088410981 -0.00062642101 0.028089366
  endloop
 endfacet
 facet normal 1 2.2259713e-14 -1.6486325e-16
  outer loop
   vertex -0.088410981 0.0018775862 0.028735913
   vertex -0.088410981 0.0018728097 0.02809099
   vertex -0.088410981 0.0024963472 0.028102993
  endloop
 endfacet
 facet normal 1 2.2259713e-14 -1.6486325e-16
  outer loop
   vertex -0.088410981 0.0018775862 0.028735913
   vertex -0.088410981 0.0024963472 0.028102993
   vertex -0.088410981 0.0025058123 0.028739803
  endloop
 endfacet
 facet normal 1 0 -0
  outer loop
   vertex -0.088410981 0.0018680617 0.027425575
   vertex -0.088410981 0.0018728097 0.02809099
   vertex -0.088410981 0.0012482604 0.02808503
  endloop
 endfacet
 facet normal 1 0 -0
  outer loop
   vertex -0.088410981 0.0018680617 0.027425575
   vertex -0.088410981 0.0012482604 0.02808503
   vertex -0.088410981 0.0012460416 0.027412893
  endloop
 endfacet
 facet normal 1 1.10394e-17 2.2071398e-14
  outer loop
   vertex -0.088410981 0.0012522405 0.029369121
   vertex -0.088410981 0.0012542309 0.029997888
   vertex -0.088410981 0.00062615285 0.029998202
  endloop
 endfacet
 facet normal 1 1.10394e-17 2.2071398e-14
  outer loop
   vertex -0.088410981 0.0012522405 0.029369121
   vertex -0.088410981 0.00062615285 0.029998202
   vertex -0.088410981 0.00062546936 0.0293693
  endloop
 endfacet
 facet normal 1 -1.4216581e-17 -2.1838119e-14
  outer loop
   vertex -0.088410981 0.00062481763 0.028733816
   vertex -0.088410981 0.00062546936 0.0293693
   vertex -0.088410981 -3.7537143e-08 0.029369707
  endloop
 endfacet
 facet normal 1 -1.4216581e-17 -2.1838119e-14
  outer loop
   vertex -0.088410981 0.00062481763 0.028733816
   vertex -0.088410981 -3.7537143e-08 0.029369707
   vertex -0.088410981 -3.499551e-07 0.02873461
  endloop
 endfacet
 facet normal 1 -2.1920656e-14 1.6538312e-16
  outer loop
   vertex -0.088410981 0.0025154615 0.029369944
   vertex -0.088410981 0.0018823659 0.029369437
   vertex -0.088410981 0.0018775862 0.028735913
  endloop
 endfacet
 facet normal 1 -2.1920656e-14 1.6538312e-16
  outer loop
   vertex -0.088410981 0.0025154615 0.029369944
   vertex -0.088410981 0.0018775862 0.028735913
   vertex -0.088410981 0.0025058123 0.028739803
  endloop
 endfacet
 facet normal 1 1.6006096e-17 2.2071383e-14
  outer loop
   vertex -0.088410981 0.0018871402 0.029997429
   vertex -0.088410981 0.0012542309 0.029997888
   vertex -0.088410981 0.0012522405 0.029369121
  endloop
 endfacet
 facet normal 1 1.6006096e-17 2.2071383e-14
  outer loop
   vertex -0.088410981 0.0018871402 0.029997429
   vertex -0.088410981 0.0012522405 0.029369121
   vertex -0.088410981 0.0018823659 0.029369437
  endloop
 endfacet
 facet normal 1 -2.2323238e-14 7.3691203e-17
  outer loop
   vertex -0.088410981 0.00062438483 0.027418249
   vertex -0.088410981 0.0012460416 0.027412893
   vertex -0.088410981 0.0012482604 0.02808503
  endloop
 endfacet
 facet normal 1 -2.2323238e-14 7.3691203e-17
  outer loop
   vertex -0.088410981 0.00062438483 0.027418249
   vertex -0.088410981 0.0012482604 0.02808503
   vertex -0.088410981 0.00062426326 0.028085475
  endloop
 endfacet
 facet normal 1 -0 0
  outer loop
   vertex -0.088410981 -8.7160721e-07 0.028086965
   vertex -0.088410981 0.00062426326 0.028085475
   vertex -0.088410981 0.00062481763 0.028733816
  endloop
 endfacet
 facet normal 1 -0 0
  outer loop
   vertex -0.088410981 -8.7160721e-07 0.028086965
   vertex -0.088410981 0.00062481763 0.028733816
   vertex -0.088410981 -3.499551e-07 0.02873461
  endloop
 endfacet
 facet normal -0.00017953688 -0.99862683 0.052387145
  outer loop
   vertex -0.083044092 0.0041555528 0.036258758
   vertex -0.08367714 0.0041557476 0.036260302
   vertex -0.083676232 0.0041232724 0.035641249
  endloop
 endfacet
 facet normal -0.00017953688 -0.99862683 0.052387145
  outer loop
   vertex -0.083044092 0.0041555528 0.036258758
   vertex -0.083676232 0.0041232724 0.035641249
   vertex -0.083043201 0.0041227688 0.035640076
  endloop
 endfacet
 facet normal -3.5322592e-05 -0.9986278 0.05236913
  outer loop
   vertex -0.084337025 0.0041557889 0.036260646
   vertex -0.08367714 0.0041557476 0.036260302
   vertex -0.083679029 0.0041885385 0.036885591
  endloop
 endfacet
 facet normal -3.5322592e-05 -0.9986278 0.05236913
  outer loop
   vertex -0.084337025 0.0041557889 0.036260646
   vertex -0.083679029 0.0041885385 0.036885591
   vertex -0.08433843 0.004188581 0.036886296
  endloop
 endfacet
 facet normal -0.00017958218 -0.9986278 0.052368694
  outer loop
   vertex -0.083679029 0.0041885385 0.036885591
   vertex -0.08367714 0.0041557476 0.036260302
   vertex -0.083044092 0.0041555528 0.036258758
  endloop
 endfacet
 facet normal -0.00017958218 -0.9986278 0.052368694
  outer loop
   vertex -0.083679029 0.0041885385 0.036885591
   vertex -0.083044092 0.0041555528 0.036258758
   vertex -0.08304603 0.0041883913 0.036883182
  endloop
 endfacet
 facet normal 3.7780009e-15 -0.99862953 0.052335957
  outer loop
   vertex -0.083683784 0.0042539667 0.038133906
   vertex -0.083686276 0.0042866405 0.038757357
   vertex -0.084342796 0.0042866897 0.038758296
  endloop
 endfacet
 facet normal 3.7780009e-15 -0.99862953 0.052335957
  outer loop
   vertex -0.083683784 0.0042539667 0.038133906
   vertex -0.084342796 0.0042866897 0.038758296
   vertex -0.084341371 0.0042540158 0.038134843
  endloop
 endfacet
 facet normal -1.6120488e-15 -0.99862953 0.052335957
  outer loop
   vertex -0.083688789 0.0043193073 0.039380678
   vertex -0.083686276 0.0042866405 0.038757357
   vertex -0.083054904 0.0042864775 0.038754248
  endloop
 endfacet
 facet normal -1.6120488e-15 -0.99862953 0.052335957
  outer loop
   vertex -0.083688789 0.0043193073 0.039380678
   vertex -0.083054904 0.0042864775 0.038754248
   vertex -0.083058079 0.0043191454 0.039377588
  endloop
 endfacet
 facet normal -1.5961663e-15 -0.99862953 0.052335957
  outer loop
   vertex -0.083054904 0.0042864775 0.038754248
   vertex -0.083686276 0.0042866405 0.038757357
   vertex -0.083683784 0.0042539667 0.038133906
  endloop
 endfacet
 facet normal -1.5961663e-15 -0.99862953 0.052335957
  outer loop
   vertex -0.083054904 0.0042864775 0.038754248
   vertex -0.083683784 0.0042539667 0.038133906
   vertex -0.083051757 0.0042538055 0.038130828
  endloop
 endfacet
 facet normal 6.7385765e-05 -0.99862417 0.052438143
  outer loop
   vertex -0.083712569 0.0045807883 0.044368501
   vertex -0.083710422 0.0045480197 0.043744458
   vertex -0.083081999 0.0045479304 0.04374195
  endloop
 endfacet
 facet normal 6.7385765e-05 -0.99862417 0.052438143
  outer loop
   vertex -0.083712569 0.0045807883 0.044368501
   vertex -0.083081999 0.0045479304 0.04374195
   vertex -0.083083744 0.004580915 0.044365938
  endloop
 endfacet
 facet normal 2.1312203e-05 -0.99862816 0.052362169
  outer loop
   vertex -0.083707526 0.0045153197 0.043120817
   vertex -0.083710422 0.0045480197 0.043744458
   vertex -0.084356497 0.0045480428 0.043745162
  endloop
 endfacet
 facet normal 2.1312203e-05 -0.99862816 0.052362169
  outer loop
   vertex -0.083707526 0.0045153197 0.043120817
   vertex -0.084356497 0.0045480428 0.043745162
   vertex -0.084354805 0.0045153548 0.043121486
  endloop
 endfacet
 facet normal 6.7082753e-05 -0.99862815 0.052362381
  outer loop
   vertex -0.083081999 0.0045479304 0.04374195
   vertex -0.083710422 0.0045480197 0.043744458
   vertex -0.083707526 0.0045153197 0.043120817
  endloop
 endfacet
 facet normal 6.7082753e-05 -0.99862815 0.052362381
  outer loop
   vertex -0.083081999 0.0045479304 0.04374195
   vertex -0.083707526 0.0045153197 0.043120817
   vertex -0.083078902 0.0045151905 0.043118352
  endloop
 endfacet
 facet normal 2.3357359e-15 -0.99862953 0.052335957
  outer loop
   vertex -0.084348946 0.0044173458 0.041251364
   vertex -0.083697086 0.0044172929 0.041250354
   vertex -0.083700673 0.0044499545 0.041873574
  endloop
 endfacet
 facet normal 2.3357359e-15 -0.99862953 0.052335957
  outer loop
   vertex -0.084348946 0.0044173458 0.041251364
   vertex -0.083700673 0.0044499545 0.041873574
   vertex -0.084350892 0.0044500102 0.041874638
  endloop
 endfacet
 facet normal -5.693318e-16 -0.99862953 0.052335957
  outer loop
   vertex -0.083067864 0.0044171365 0.04124737
   vertex -0.083697086 0.0044172929 0.041250354
   vertex -0.083694059 0.0043846336 0.040627178
  endloop
 endfacet
 facet normal -5.693318e-16 -0.99862953 0.052335957
  outer loop
   vertex -0.083067864 0.0044171365 0.04124737
   vertex -0.083694059 0.0043846336 0.040627178
   vertex -0.083064484 0.0043844754 0.04062416
  endloop
 endfacet
 facet normal -5.8983355e-16 -0.99862953 0.052335957
  outer loop
   vertex -0.083700673 0.0044499545 0.041873574
   vertex -0.083697086 0.0044172929 0.041250354
   vertex -0.083067864 0.0044171365 0.04124737
  endloop
 endfacet
 facet normal -5.8983355e-16 -0.99862953 0.052335957
  outer loop
   vertex -0.083700673 0.0044499545 0.041873574
   vertex -0.083067864 0.0044171365 0.04124737
   vertex -0.083072495 0.0044497769 0.041870185
  endloop
 endfacet
 facet normal -8.7253432e-16 0.99862953 -0.052335952
  outer loop
   vertex -0.086293897 -0.0059902888 0.033735094
   vertex -0.085637882 -0.0059903362 0.033734189
   vertex -0.085642035 -0.0060228203 0.033114355
  endloop
 endfacet
 facet normal -8.7253432e-16 0.99862953 -0.052335952
  outer loop
   vertex -0.086293897 -0.0059902888 0.033735094
   vertex -0.085642035 -0.0060228203 0.033114355
   vertex -0.086304431 -0.0060227517 0.033115664
  endloop
 endfacet
 facet normal 7.5350184e-16 0.99862953 -0.052335952
  outer loop
   vertex -0.084992161 -0.0060556402 0.032488114
   vertex -0.085645344 -0.0060556194 0.032488511
   vertex -0.085642035 -0.0060228203 0.033114355
  endloop
 endfacet
 facet normal 7.5350184e-16 0.99862953 -0.052335952
  outer loop
   vertex -0.084992161 -0.0060556402 0.032488114
   vertex -0.085642035 -0.0060228203 0.033114355
   vertex -0.084990342 -0.006022842 0.033113941
  endloop
 endfacet
 facet normal -5.1010497e-16 0.99862953 -0.052335952
  outer loop
   vertex -0.086311516 -0.0060555502 0.032489833
   vertex -0.086304431 -0.0060227517 0.033115664
   vertex -0.085642035 -0.0060228203 0.033114355
  endloop
 endfacet
 facet normal -5.1010497e-16 0.99862953 -0.052335952
  outer loop
   vertex -0.086311516 -0.0060555502 0.032489833
   vertex -0.085642035 -0.0060228203 0.033114355
   vertex -0.085645344 -0.0060556194 0.032488511
  endloop
 endfacet
 facet normal 4.3349703e-16 0.99862953 -0.052335952
  outer loop
   vertex -0.084988533 -0.0059903553 0.033733825
   vertex -0.084990342 -0.006022842 0.033113941
   vertex -0.085642035 -0.0060228203 0.033114355
  endloop
 endfacet
 facet normal 4.3349703e-16 0.99862953 -0.052335952
  outer loop
   vertex -0.084988533 -0.0059903553 0.033733825
   vertex -0.085642035 -0.0060228203 0.033114355
   vertex -0.085637882 -0.0059903362 0.033734189
  endloop
 endfacet
 facet normal 1.4930921e-15 0.99862953 -0.052335952
  outer loop
   vertex -0.087571653 -0.0059345028 0.034799554
   vertex -0.086945868 -0.0059330925 0.034826464
   vertex -0.0869438 -0.0059598856 0.034315222
  endloop
 endfacet
 facet normal 1.4930921e-15 0.99862953 -0.052335952
  outer loop
   vertex -0.087571653 -0.0059345028 0.034799554
   vertex -0.0869438 -0.0059598856 0.034315222
   vertex -0.087557748 -0.0059598242 0.034316393
  endloop
 endfacet
 facet normal 7.7944628e-16 0.99862953 -0.052335952
  outer loop
   vertex -0.087586362 -0.0059898559 0.033743355
   vertex -0.087557748 -0.0059598242 0.034316393
   vertex -0.0869438 -0.0059598856 0.034315222
  endloop
 endfacet
 facet normal 7.7944628e-16 0.99862953 -0.052335952
  outer loop
   vertex -0.087586362 -0.0059898559 0.033743355
   vertex -0.0869438 -0.0059598856 0.034315222
   vertex -0.086957491 -0.0059901611 0.03373753
  endloop
 endfacet
 facet normal -1.7341247e-16 0.99862953 -0.052335952
  outer loop
   vertex -0.086293897 -0.0059902888 0.033735094
   vertex -0.086957491 -0.0059901611 0.03373753
   vertex -0.0869438 -0.0059598856 0.034315222
  endloop
 endfacet
 facet normal -1.7341247e-16 0.99862953 -0.052335952
  outer loop
   vertex -0.086293897 -0.0059902888 0.033735094
   vertex -0.0869438 -0.0059598856 0.034315222
   vertex -0.086287624 -0.0059598289 0.034316303
  endloop
 endfacet
 facet normal 8.7813775e-16 0.99862953 -0.052335952
  outer loop
   vertex -0.086287095 -0.0059326315 0.03483526
   vertex -0.086287624 -0.0059598289 0.034316303
   vertex -0.0869438 -0.0059598856 0.034315222
  endloop
 endfacet
 facet normal 8.7813775e-16 0.99862953 -0.052335952
  outer loop
   vertex -0.086287095 -0.0059326315 0.03483526
   vertex -0.0869438 -0.0059598856 0.034315222
   vertex -0.086945868 -0.0059330925 0.034826464
  endloop
 endfacet
 facet normal -4.0448828e-16 0.99862953 -0.052335952
  outer loop
   vertex -0.086314839 -0.0061210141 0.031240706
   vertex -0.086314511 -0.0060883028 0.031864875
   vertex -0.08564705 -0.006088365 0.031863689
  endloop
 endfacet
 facet normal -4.0448828e-16 0.99862953 -0.052335952
  outer loop
   vertex -0.086314839 -0.0061210141 0.031240706
   vertex -0.08564705 -0.006088365 0.031863689
   vertex -0.085647536 -0.0061210657 0.031239722
  endloop
 endfacet
 facet normal -1.6992537e-16 0.99862953 -0.052335952
  outer loop
   vertex -0.084992161 -0.0060556402 0.032488114
   vertex -0.084993459 -0.006088383 0.031863345
   vertex -0.08564705 -0.006088365 0.031863689
  endloop
 endfacet
 facet normal -1.6992537e-16 0.99862953 -0.052335952
  outer loop
   vertex -0.084992161 -0.0060556402 0.032488114
   vertex -0.08564705 -0.006088365 0.031863689
   vertex -0.085645344 -0.0060556194 0.032488511
  endloop
 endfacet
 facet normal -6.1436911e-16 0.99862953 -0.052335952
  outer loop
   vertex -0.086311516 -0.0060555502 0.032489833
   vertex -0.085645344 -0.0060556194 0.032488511
   vertex -0.08564705 -0.006088365 0.031863689
  endloop
 endfacet
 facet normal -6.1436911e-16 0.99862953 -0.052335952
  outer loop
   vertex -0.086311516 -0.0060555502 0.032489833
   vertex -0.08564705 -0.006088365 0.031863689
   vertex -0.086314511 -0.0060883028 0.031864875
  endloop
 endfacet
 facet normal -1.8722055e-18 0.99862953 -0.052335952
  outer loop
   vertex -0.084994284 -0.0061210798 0.031239453
   vertex -0.085647536 -0.0061210657 0.031239722
   vertex -0.08564705 -0.006088365 0.031863689
  endloop
 endfacet
 facet normal -1.8722055e-18 0.99862953 -0.052335952
  outer loop
   vertex -0.084994284 -0.0061210798 0.031239453
   vertex -0.08564705 -0.006088365 0.031863689
   vertex -0.084993459 -0.006088383 0.031863345
  endloop
 endfacet
 facet normal 2.1049394e-16 0.99862953 -0.052335952
  outer loop
   vertex -0.087674895 -0.0061861365 0.029998096
   vertex -0.087678901 -0.0061533891 0.030622953
   vertex -0.087000595 -0.0061536144 0.030618654
  endloop
 endfacet
 facet normal 2.1049394e-16 0.99862953 -0.052335952
  outer loop
   vertex -0.087674895 -0.0061861365 0.029998096
   vertex -0.087000595 -0.0061536144 0.030618654
   vertex -0.086997743 -0.0061863243 0.029994514
  endloop
 endfacet
 facet normal -1.0882961e-15 0.99862953 -0.052335952
  outer loop
   vertex -0.087682378 -0.0061206657 0.031247353
   vertex -0.087002685 -0.0061209056 0.031242777
   vertex -0.087000595 -0.0061536144 0.030618654
  endloop
 endfacet
 facet normal -1.0882961e-15 0.99862953 -0.052335952
  outer loop
   vertex -0.087682378 -0.0061206657 0.031247353
   vertex -0.087000595 -0.0061536144 0.030618654
   vertex -0.087678901 -0.0061533891 0.030622953
  endloop
 endfacet
 facet normal 1.4964054e-15 0.99862953 -0.052335952
  outer loop
   vertex -0.086314839 -0.0061210141 0.031240706
   vertex -0.08631387 -0.0061537054 0.030616919
   vertex -0.087000595 -0.0061536144 0.030618654
  endloop
 endfacet
 facet normal 1.4964054e-15 0.99862953 -0.052335952
  outer loop
   vertex -0.086314839 -0.0061210141 0.031240706
   vertex -0.087000595 -0.0061536144 0.030618654
   vertex -0.087002685 -0.0061209056 0.031242777
  endloop
 endfacet
 facet normal -3.2276284e-15 0.99862953 -0.052335952
  outer loop
   vertex -0.086312357 -0.0061863961 0.029993143
   vertex -0.086997743 -0.0061863243 0.029994514
   vertex -0.087000595 -0.0061536144 0.030618654
  endloop
 endfacet
 facet normal -3.2276284e-15 0.99862953 -0.052335952
  outer loop
   vertex -0.086312357 -0.0061863961 0.029993143
   vertex -0.087000595 -0.0061536144 0.030618654
   vertex -0.08631387 -0.0061537054 0.030616919
  endloop
 endfacet
 facet normal -0.01293221 0.99833681 -0.056181611
  outer loop
   vertex -0.082411069 -0.0058846445 0.035655618
   vertex -0.083071362 -0.0058919434 0.035677907
   vertex -0.083081167 -0.0058590999 0.036263787
  endloop
 endfacet
 facet normal -0.01293221 0.99833681 -0.056181611
  outer loop
   vertex -0.082411069 -0.0058846445 0.035655618
   vertex -0.083081167 -0.0058590999 0.036263787
   vertex -0.082411001 -0.0058560617 0.036272357
  endloop
 endfacet
 facet normal 0.0048905846 0.99886093 -0.047464906
  outer loop
   vertex -0.083707502 -0.0058881363 0.035692479
   vertex -0.083071362 -0.0058919434 0.035677907
   vertex -0.083028127 -0.0059329894 0.034818582
  endloop
 endfacet
 facet normal 0.0048905846 0.99886093 -0.047464906
  outer loop
   vertex -0.083707502 -0.0058881363 0.035692479
   vertex -0.083028127 -0.0059329894 0.034818582
   vertex -0.083677587 -0.005932779 0.03483378
  endloop
 endfacet
 facet normal 1.730175e-05 0.99862838 -0.05235797
  outer loop
   vertex -0.084999559 -0.0058254653 0.036880113
   vertex -0.084357308 -0.0058254631 0.036880367
   vertex -0.084357371 -0.0058578388 0.036262864
  endloop
 endfacet
 facet normal 1.730175e-05 0.99862838 -0.05235797
  outer loop
   vertex -0.084999559 -0.0058254653 0.036880113
   vertex -0.084357371 -0.0058578388 0.036262864
   vertex -0.084999128 -0.0058578216 0.036262719
  endloop
 endfacet
 facet normal 2.0550866e-05 0.99862453 -0.052431361
  outer loop
   vertex -0.084356139 -0.0057927432 0.037504536
   vertex -0.083709823 -0.00579272 0.037505231
   vertex -0.083711856 -0.005825489 0.036881101
  endloop
 endfacet
 facet normal 2.0550866e-05 0.99862453 -0.052431361
  outer loop
   vertex -0.084356139 -0.0057927432 0.037504536
   vertex -0.083711856 -0.005825489 0.036881101
   vertex -0.084357308 -0.0058254631 0.036880367
  endloop
 endfacet
 facet normal -0.00387956 0.99870707 -0.050686718
  outer loop
   vertex -0.082410981 -0.0058244837 0.036894554
   vertex -0.082411001 -0.0058560617 0.036272357
   vertex -0.083081167 -0.0058590999 0.036263787
  endloop
 endfacet
 facet normal -0.00387956 0.99870707 -0.050686718
  outer loop
   vertex -0.082410981 -0.0058244837 0.036894554
   vertex -0.083081167 -0.0058590999 0.036263787
   vertex -0.08308306 -0.0058256013 0.036883675
  endloop
 endfacet
 facet normal 6.4668046e-05 0.99862452 -0.052431504
  outer loop
   vertex -0.083711856 -0.005825489 0.036881101
   vertex -0.083709823 -0.00579272 0.037505231
   vertex -0.083081339 -0.0057926278 0.037507762
  endloop
 endfacet
 facet normal 6.4668046e-05 0.99862452 -0.052431504
  outer loop
   vertex -0.083711856 -0.005825489 0.036881101
   vertex -0.083081339 -0.0057926278 0.037507762
   vertex -0.08308306 -0.0058256013 0.036883675
  endloop
 endfacet
 facet normal -4.9264522e-17 0.99862953 -0.052335952
  outer loop
   vertex -0.084998776 -0.0057600672 0.038127984
   vertex -0.084998117 -0.0057273953 0.0387514
   vertex -0.084352605 -0.0057273802 0.038751689
  endloop
 endfacet
 facet normal -4.9264522e-17 0.99862953 -0.052335952
  outer loop
   vertex -0.084998776 -0.0057600672 0.038127984
   vertex -0.084352605 -0.0057273802 0.038751689
   vertex -0.084354485 -0.0057600544 0.038128228
  endloop
 endfacet
 facet normal 2.0475284e-05 0.99862821 -0.052361146
  outer loop
   vertex -0.083706977 -0.005760019 0.038128903
   vertex -0.083709823 -0.00579272 0.037505231
   vertex -0.084356139 -0.0057927432 0.037504536
  endloop
 endfacet
 facet normal 2.0475284e-05 0.99862821 -0.052361146
  outer loop
   vertex -0.083706977 -0.005760019 0.038128903
   vertex -0.084356139 -0.0057927432 0.037504536
   vertex -0.084354485 -0.0057600544 0.038128228
  endloop
 endfacet
 facet normal -2.1612565e-16 0.99862953 -0.052335952
  outer loop
   vertex -0.08307466 -0.0057272085 0.038754964
   vertex -0.083071919 -0.0056944761 0.039379536
   vertex -0.082410976 -0.0056940473 0.039387718
  endloop
 endfacet
 facet normal -2.1612565e-16 0.99862953 -0.052335952
  outer loop
   vertex -0.08307466 -0.0057272085 0.038754964
   vertex -0.082410976 -0.0056940473 0.039387718
   vertex -0.082410976 -0.0057267125 0.03876443
  endloop
 endfacet
 facet normal -1.2666595e-16 0.99862953 -0.052335952
  outer loop
   vertex -0.083067331 -0.0056618358 0.04000235
   vertex -0.083071919 -0.0056944761 0.039379536
   vertex -0.083700202 -0.0056946537 0.039376148
  endloop
 endfacet
 facet normal -1.2666595e-16 0.99862953 -0.052335952
  outer loop
   vertex -0.083067331 -0.0056618358 0.04000235
   vertex -0.083700202 -0.0056946537 0.039376148
   vertex -0.08369665 -0.0056619923 0.039999365
  endloop
 endfacet
 facet normal 7.2499718e-16 0.99862953 -0.052335952
  outer loop
   vertex -0.08307466 -0.0057272085 0.038754964
   vertex -0.082410976 -0.0057267125 0.03876443
   vertex -0.082410976 -0.0057593776 0.038141141
  endloop
 endfacet
 facet normal 7.2499718e-16 0.99862953 -0.052335952
  outer loop
   vertex -0.08307466 -0.0057272085 0.038754964
   vertex -0.082410976 -0.0057593776 0.038141141
   vertex -0.083078263 -0.0057598887 0.03813139
  endloop
 endfacet
 facet normal 6.4384934e-05 0.9986282 -0.052361346
  outer loop
   vertex -0.083081339 -0.0057926278 0.037507762
   vertex -0.083709823 -0.00579272 0.037505231
   vertex -0.083706977 -0.005760019 0.038128903
  endloop
 endfacet
 facet normal 6.4384934e-05 0.9986282 -0.052361346
  outer loop
   vertex -0.083081339 -0.0057926278 0.037507762
   vertex -0.083706977 -0.005760019 0.038128903
   vertex -0.083078263 -0.0057598887 0.03813139
  endloop
 endfacet
 facet normal 1 4.9045107e-18 2.2203154e-14
  outer loop
   vertex -0.088410981 -0.0018762002 0.036250013
   vertex -0.088410981 -0.0018759942 0.03687505
   vertex -0.088410981 -0.0025037617 0.036875189
  endloop
 endfacet
 facet normal 1 4.9045107e-18 2.2203154e-14
  outer loop
   vertex -0.088410981 -0.0018762002 0.036250013
   vertex -0.088410981 -0.0025037617 0.036875189
   vertex -0.088410981 -0.0025043951 0.03625009
  endloop
 endfacet
 facet normal 1 0 -0
  outer loop
   vertex -0.088410981 -0.0012501858 0.036875011
   vertex -0.088410981 -0.0012501478 0.037500018
   vertex -0.088410981 -0.0018757847 0.03750007
  endloop
 endfacet
 facet normal 1 0 -0
  outer loop
   vertex -0.088410981 -0.0012501858 0.036875011
   vertex -0.088410981 -0.0018757847 0.03750007
   vertex -0.088410981 -0.0018759942 0.03687505
  endloop
 endfacet
 facet normal 1 -2.2185307e-14 -2.2206064e-14
  outer loop
   vertex -0.088410981 -0.00062469722 0.035000009
   vertex -0.088410981 -0.00062473406 0.035625001
   vertex -0.088410981 -0.0012502618 0.035624989
  endloop
 endfacet
 facet normal 1 -2.2185307e-14 -2.2206064e-14
  outer loop
   vertex -0.088410981 -0.00062469722 0.035000009
   vertex -0.088410981 -0.0012502618 0.035624989
   vertex -0.088410981 -0.0012503308 0.034999986
  endloop
 endfacet
 facet normal 1 -6.3885687e-19 -2.2205143e-14
  outer loop
   vertex -0.088410981 1.278155e-06 0.035624998
   vertex -0.088410981 7.9968368e-07 0.036249979
   vertex -0.088410981 -0.00062483611 0.036249997
  endloop
 endfacet
 facet normal 1 -6.3885687e-19 -2.2205143e-14
  outer loop
   vertex -0.088410981 1.278155e-06 0.035624998
   vertex -0.088410981 -0.00062483611 0.036249997
   vertex -0.088410981 -0.00062473406 0.035625001
  endloop
 endfacet
 facet normal 1 2.2076748e-14 -2.2210805e-14
  outer loop
   vertex -0.088410981 -0.0025050333 0.035624976
   vertex -0.088410981 -0.0018764199 0.035624973
   vertex -0.088410981 -0.0018762002 0.036250013
  endloop
 endfacet
 facet normal 1 2.2076748e-14 -2.2210805e-14
  outer loop
   vertex -0.088410981 -0.0025050333 0.035624976
   vertex -0.088410981 -0.0018762002 0.036250013
   vertex -0.088410981 -0.0025043951 0.03625009
  endloop
 endfacet
 facet normal 1 2.2156917e-14 -2.4462058e-18
  outer loop
   vertex -0.088410981 -0.0018766719 0.034999958
   vertex -0.088410981 -0.0012503308 0.034999986
   vertex -0.088410981 -0.0012502618 0.035624989
  endloop
 endfacet
 facet normal 1 2.2156917e-14 -2.4462058e-18
  outer loop
   vertex -0.088410981 -0.0018766719 0.034999958
   vertex -0.088410981 -0.0012502618 0.035624989
   vertex -0.088410981 -0.0018764199 0.035624973
  endloop
 endfacet
 facet normal 1 0 0
  outer loop
   vertex -0.088410981 -0.00062502568 0.0375
   vertex -0.088410981 -0.0012501478 0.037500018
   vertex -0.088410981 -0.0012501858 0.036875011
  endloop
 endfacet
 facet normal 1 0 0
  outer loop
   vertex -0.088410981 -0.00062502568 0.0375
   vertex -0.088410981 -0.0012501858 0.036875011
   vertex -0.088410981 -0.0006249489 0.036874997
  endloop
 endfacet
 facet normal 1 -0 0
  outer loop
   vertex -0.088410981 -0.00062483611 0.036249997
   vertex -0.088410981 7.9968368e-07 0.036249979
   vertex -0.088410981 3.0381347e-07 0.036874975
  endloop
 endfacet
 facet normal 1 -0 0
  outer loop
   vertex -0.088410981 -0.00062483611 0.036249997
   vertex -0.088410981 3.0381347e-07 0.036874975
   vertex -0.088410981 -0.0006249489 0.036874997
  endloop
 endfacet
 facet normal 0.0019498768 0.99863885 -0.052121523
  outer loop
   vertex -0.082416157 -0.0059344336 0.034803407
   vertex -0.08241435 -0.0059587331 0.034337901
   vertex -0.083037013 -0.0059586439 0.034316316
  endloop
 endfacet
 facet normal 0.0019498768 0.99863885 -0.052121523
  outer loop
   vertex -0.082416157 -0.0059344336 0.034803407
   vertex -0.083037013 -0.0059586439 0.034316316
   vertex -0.083028127 -0.0059329894 0.034818582
  endloop
 endfacet
 facet normal 0.00086145417 0.99856918 -0.053468211
  outer loop
   vertex -0.082411812 -0.0059899321 0.033742051
   vertex -0.083041106 -0.0059897952 0.03373447
   vertex -0.083037013 -0.0059586439 0.034316316
  endloop
 endfacet
 facet normal 0.00086145417 0.99856918 -0.053468211
  outer loop
   vertex -0.082411812 -0.0059899321 0.033742051
   vertex -0.083037013 -0.0059586439 0.034316316
   vertex -0.08241435 -0.0059587331 0.034337901
  endloop
 endfacet
 facet normal -0.0017368085 0.99862747 -0.052346508
  outer loop
   vertex -0.083674305 -0.005990308 0.033733396
   vertex -0.083673639 -0.0059598143 0.034315109
   vertex -0.083037013 -0.0059586439 0.034316316
  endloop
 endfacet
 facet normal -0.0017368085 0.99862747 -0.052346508
  outer loop
   vertex -0.083674305 -0.005990308 0.033733396
   vertex -0.083037013 -0.0059586439 0.034316316
   vertex -0.083041106 -0.0059897952 0.03373447
  endloop
 endfacet
 facet normal -0.00086981181 0.9986985 -0.050995591
  outer loop
   vertex -0.083677587 -0.005932779 0.03483378
   vertex -0.083028127 -0.0059329894 0.034818582
   vertex -0.083037013 -0.0059586439 0.034316316
  endloop
 endfacet
 facet normal -0.00086981181 0.9986985 -0.050995591
  outer loop
   vertex -0.083677587 -0.005932779 0.03483378
   vertex -0.083037013 -0.0059586439 0.034316316
   vertex -0.083673639 -0.0059598143 0.034315109
  endloop
 endfacet
 facet normal -3.6489017e-05 0.99862608 -0.052401741
  outer loop
   vertex -0.083674305 -0.005990308 0.033733396
   vertex -0.083675999 -0.0060227924 0.033114339
   vertex -0.08433597 -0.0060228345 0.033113996
  endloop
 endfacet
 facet normal -3.6489017e-05 0.99862608 -0.052401741
  outer loop
   vertex -0.083674305 -0.005990308 0.033733396
   vertex -0.08433597 -0.0060228345 0.033113996
   vertex -0.084334596 -0.0059903604 0.0337336
  endloop
 endfacet
 facet normal -7.0959391e-06 0.99862954 -0.052335932
  outer loop
   vertex -0.084992161 -0.0060556402 0.032488114
   vertex -0.084990342 -0.006022842 0.033113941
   vertex -0.08433597 -0.0060228345 0.033113996
  endloop
 endfacet
 facet normal -7.0959391e-06 0.99862954 -0.052335932
  outer loop
   vertex -0.084992161 -0.0060556402 0.032488114
   vertex -0.08433597 -0.0060228345 0.033113996
   vertex -0.084337742 -0.0060556289 0.032488306
  endloop
 endfacet
 facet normal -1.0260308e-05 0.99862936 -0.052339254
  outer loop
   vertex -0.084988533 -0.0059903553 0.033733825
   vertex -0.084334596 -0.0059903604 0.0337336
   vertex -0.08433597 -0.0060228345 0.033113996
  endloop
 endfacet
 facet normal -1.0260308e-05 0.99862936 -0.052339254
  outer loop
   vertex -0.084988533 -0.0059903553 0.033733825
   vertex -0.08433597 -0.0060228345 0.033113996
   vertex -0.084990342 -0.006022842 0.033113941
  endloop
 endfacet
 facet normal -8.5799447e-06 0.99862925 -0.052341295
  outer loop
   vertex -0.083678218 -0.0060555859 0.032489017
   vertex -0.084337742 -0.0060556289 0.032488306
   vertex -0.08433597 -0.0060228345 0.033113996
  endloop
 endfacet
 facet normal -8.5799447e-06 0.99862925 -0.052341295
  outer loop
   vertex -0.083678218 -0.0060555859 0.032489017
   vertex -0.08433597 -0.0060228345 0.033113996
   vertex -0.083675999 -0.0060227924 0.033114339
  endloop
 endfacet
 facet normal -2.2714255e-15 0.99862953 -0.052335952
  outer loop
   vertex -0.083683158 -0.0061210157 0.031240676
   vertex -0.084340997 -0.0061210651 0.031239733
   vertex -0.084339442 -0.0060883698 0.031863597
  endloop
 endfacet
 facet normal -2.2714255e-15 0.99862953 -0.052335952
  outer loop
   vertex -0.083683158 -0.0061210157 0.031240676
   vertex -0.084339442 -0.0060883698 0.031863597
   vertex -0.083680656 -0.0060883232 0.031864486
  endloop
 endfacet
 facet normal -1.9496881e-06 0.99862943 -0.052337984
  outer loop
   vertex -0.084992161 -0.0060556402 0.032488114
   vertex -0.084337742 -0.0060556289 0.032488306
   vertex -0.084339442 -0.0060883698 0.031863597
  endloop
 endfacet
 facet normal -1.9496881e-06 0.99862943 -0.052337984
  outer loop
   vertex -0.084992161 -0.0060556402 0.032488114
   vertex -0.084339442 -0.0060883698 0.031863597
   vertex -0.084993459 -0.006088383 0.031863345
  endloop
 endfacet
 facet normal -1.4495027e-15 0.99862953 -0.052335952
  outer loop
   vertex -0.084994284 -0.0061210798 0.031239453
   vertex -0.084993459 -0.006088383 0.031863345
   vertex -0.084339442 -0.0060883698 0.031863597
  endloop
 endfacet
 facet normal -1.4495027e-15 0.99862953 -0.052335952
  outer loop
   vertex -0.084994284 -0.0061210798 0.031239453
   vertex -0.084339442 -0.0060883698 0.031863597
   vertex -0.084340997 -0.0061210651 0.031239733
  endloop
 endfacet
 facet normal 1.498594e-08 0.99862895 -0.052347032
  outer loop
   vertex -0.083678218 -0.0060555859 0.032489017
   vertex -0.083680656 -0.0060883232 0.031864486
   vertex -0.084339442 -0.0060883698 0.031863597
  endloop
 endfacet
 facet normal 1.498594e-08 0.99862895 -0.052347032
  outer loop
   vertex -0.083678218 -0.0060555859 0.032489017
   vertex -0.084339442 -0.0060883698 0.031863597
   vertex -0.084337742 -0.0060556289 0.032488306
  endloop
 endfacet
 facet normal 8.8837942e-16 0.99862953 -0.052335952
  outer loop
   vertex -0.082410976 -0.0061857364 0.030005731
   vertex -0.083057395 -0.0061861997 0.02999689
   vertex -0.083054146 -0.0061535272 0.030620319
  endloop
 endfacet
 facet normal 8.8837942e-16 0.99862953 -0.052335952
  outer loop
   vertex -0.082410976 -0.0061857364 0.030005731
   vertex -0.083054146 -0.0061535272 0.030620319
   vertex -0.082410976 -0.0061530712 0.030629019
  endloop
 endfacet
 facet normal -2.9672424e-16 0.99862953 -0.052335952
  outer loop
   vertex -0.082410976 -0.0061204061 0.031252307
   vertex -0.082410976 -0.0061530712 0.030629019
   vertex -0.083054146 -0.0061535272 0.030620319
  endloop
 endfacet
 facet normal -2.9672424e-16 0.99862953 -0.052335952
  outer loop
   vertex -0.082410976 -0.0061204061 0.031252307
   vertex -0.083054146 -0.0061535272 0.030620319
   vertex -0.083050964 -0.0061208538 0.031243764
  endloop
 endfacet
 facet normal 1.7199676e-15 0.99862953 -0.052335952
  outer loop
   vertex -0.083683158 -0.0061210157 0.031240676
   vertex -0.083050964 -0.0061208538 0.031243764
   vertex -0.083054146 -0.0061535272 0.030620319
  endloop
 endfacet
 facet normal 1.7199676e-15 0.99862953 -0.052335952
  outer loop
   vertex -0.083683158 -0.0061210157 0.031240676
   vertex -0.083054146 -0.0061535272 0.030620319
   vertex -0.083685679 -0.0061536914 0.030617186
  endloop
 endfacet
 facet normal 4.5316588e-16 0.99862953 -0.052335952
  outer loop
   vertex -0.083688249 -0.0061863659 0.029993719
   vertex -0.083685679 -0.0061536914 0.030617186
   vertex -0.083054146 -0.0061535272 0.030620319
  endloop
 endfacet
 facet normal 4.5316588e-16 0.99862953 -0.052335952
  outer loop
   vertex -0.083688249 -0.0061863659 0.029993719
   vertex -0.083054146 -0.0061535272 0.030620319
   vertex -0.083057395 -0.0061861997 0.02999689
  endloop
 endfacet
 facet normal 1 -2.2052687e-14 2.2198741e-14
  outer loop
   vertex -0.088410981 -0.0025059408 0.033125217
   vertex -0.088410981 -0.0018768022 0.033125055
   vertex -0.088410981 -0.0018769944 0.033750025
  endloop
 endfacet
 facet normal 1 -2.2052687e-14 2.2198741e-14
  outer loop
   vertex -0.088410981 -0.0025059408 0.033125217
   vertex -0.088410981 -0.0018769944 0.033750025
   vertex -0.088410981 -0.0025066364 0.033750136
  endloop
 endfacet
 facet normal 1 2.2155727e-14 1.5095401e-17
  outer loop
   vertex -0.088410981 -0.0012504274 0.033125011
   vertex -0.088410981 -0.0018768022 0.033125055
   vertex -0.088410981 -0.0018763763 0.032500062
  endloop
 endfacet
 facet normal 1 2.2155727e-14 1.5095401e-17
  outer loop
   vertex -0.088410981 -0.0012504274 0.033125011
   vertex -0.088410981 -0.0018763763 0.032500062
   vertex -0.088410981 -0.0012503327 0.03250001
  endloop
 endfacet
 facet normal 1 2.2179458e-14 2.2203566e-14
  outer loop
   vertex -0.088410981 -0.0012504122 0.034374994
   vertex -0.088410981 -0.0006247286 0.034375015
   vertex -0.088410981 -0.00062469722 0.035000009
  endloop
 endfacet
 facet normal 1 2.2179458e-14 2.2203566e-14
  outer loop
   vertex -0.088410981 -0.0012504122 0.034374994
   vertex -0.088410981 -0.00062469722 0.035000009
   vertex -0.088410981 -0.0012503308 0.034999986
  endloop
 endfacet
 facet normal 1 0 0
  outer loop
   vertex -0.088410981 1.5268692e-06 0.034375044
   vertex -0.088410981 -0.0006247286 0.034375015
   vertex -0.088410981 -0.00062478448 0.033750012
  endloop
 endfacet
 facet normal 1 0 0
  outer loop
   vertex -0.088410981 1.5268692e-06 0.034375044
   vertex -0.088410981 -0.00062478448 0.033750012
   vertex -0.088410981 1.3965308e-06 0.033750024
  endloop
 endfacet
 facet normal 1 4.4085409e-14 2.2195603e-14
  outer loop
   vertex -0.088410981 -0.0025064466 0.034375008
   vertex -0.088410981 -0.0025066364 0.033750136
   vertex -0.088410981 -0.0018769944 0.033750025
  endloop
 endfacet
 facet normal 1 4.4085409e-14 2.2195603e-14
  outer loop
   vertex -0.088410981 -0.0025064466 0.034375008
   vertex -0.088410981 -0.0018769944 0.033750025
   vertex -0.088410981 -0.0018769132 0.034374983
  endloop
 endfacet
 facet normal 1 -2.2151262e-14 8.5512555e-18
  outer loop
   vertex -0.088410981 -0.0018766719 0.034999958
   vertex -0.088410981 -0.0018769132 0.034374983
   vertex -0.088410981 -0.0012504122 0.034374994
  endloop
 endfacet
 facet normal 1 -2.2151262e-14 8.5512555e-18
  outer loop
   vertex -0.088410981 -0.0018766719 0.034999958
   vertex -0.088410981 -0.0012504122 0.034374994
   vertex -0.088410981 -0.0012503308 0.034999986
  endloop
 endfacet
 facet normal 1 8.0155639e-19 2.2204424e-14
  outer loop
   vertex -0.088410981 -0.0012504274 0.033125011
   vertex -0.088410981 -0.0012503327 0.03250001
   vertex -0.088410981 -0.00062486537 0.032499987
  endloop
 endfacet
 facet normal 1 8.0155639e-19 2.2204424e-14
  outer loop
   vertex -0.088410981 -0.0012504274 0.033125011
   vertex -0.088410981 -0.00062486537 0.032499987
   vertex -0.088410981 -0.00062483193 0.033125
  endloop
 endfacet
 facet normal 1 0 -0
  outer loop
   vertex -0.088410981 1.2234955e-06 0.033124982
   vertex -0.088410981 1.3965308e-06 0.033750024
   vertex -0.088410981 -0.00062478448 0.033750012
  endloop
 endfacet
 facet normal 1 0 -0
  outer loop
   vertex -0.088410981 1.2234955e-06 0.033124982
   vertex -0.088410981 -0.00062478448 0.033750012
   vertex -0.088410981 -0.00062483193 0.033125
  endloop
 endfacet
 facet normal 5.070225e-16 0.99862953 -0.052335952
  outer loop
   vertex -0.085642041 -0.0058578216 0.036262719
   vertex -0.085643382 -0.0058254624 0.036880168
   vertex -0.084999559 -0.0058254653 0.036880113
  endloop
 endfacet
 facet normal 5.070225e-16 0.99862953 -0.052335952
  outer loop
   vertex -0.085642041 -0.0058578216 0.036262719
   vertex -0.084999559 -0.0058254653 0.036880113
   vertex -0.084999128 -0.0058578216 0.036262719
  endloop
 endfacet
 facet normal 1.4515027e-16 0.99862953 -0.052335952
  outer loop
   vertex -0.08564411 -0.0057927507 0.037504345
   vertex -0.085643382 -0.0058254624 0.036880168
   vertex -0.086299847 -0.0058254394 0.036880608
  endloop
 endfacet
 facet normal 1.4515027e-16 0.99862953 -0.052335952
  outer loop
   vertex -0.08564411 -0.0057927507 0.037504345
   vertex -0.086299847 -0.0058254394 0.036880608
   vertex -0.086301822 -0.0057927282 0.037504774
  endloop
 endfacet
 facet normal 4.778215e-16 0.99862953 -0.052335952
  outer loop
   vertex -0.086971434 -0.0058578099 0.036262941
   vertex -0.08696574 -0.0058878347 0.035690035
   vertex -0.087641504 -0.0058887205 0.035673133
  endloop
 endfacet
 facet normal 4.778215e-16 0.99862953 -0.052335952
  outer loop
   vertex -0.086971434 -0.0058578099 0.036262941
   vertex -0.087641504 -0.0058887205 0.035673133
   vertex -0.087643902 -0.0058577528 0.036264031
  endloop
 endfacet
 facet normal -2.102443e-16 0.99862953 -0.052335952
  outer loop
   vertex -0.086293128 -0.0058876264 0.035694009
   vertex -0.086287095 -0.0059326315 0.03483526
   vertex -0.086945868 -0.0059330925 0.034826464
  endloop
 endfacet
 facet normal -2.102443e-16 0.99862953 -0.052335952
  outer loop
   vertex -0.086293128 -0.0058876264 0.035694009
   vertex -0.086945868 -0.0059330925 0.034826464
   vertex -0.08696574 -0.0058878347 0.035690035
  endloop
 endfacet
 facet normal 1.435681e-15 0.99862953 -0.052335952
  outer loop
   vertex -0.086971434 -0.0058578099 0.036262941
   vertex -0.087643902 -0.0058577528 0.036264031
   vertex -0.087647025 -0.005825206 0.036885062
  endloop
 endfacet
 facet normal 1.435681e-15 0.99862953 -0.052335952
  outer loop
   vertex -0.086971434 -0.0058578099 0.036262941
   vertex -0.087647025 -0.005825206 0.036885062
   vertex -0.086975437 -0.0058253803 0.036881736
  endloop
 endfacet
 facet normal 6.0808358e-18 0.99862953 -0.052335952
  outer loop
   vertex -0.086978554 -0.005792671 0.037505865
   vertex -0.086301822 -0.0057927282 0.037504774
   vertex -0.086299847 -0.0058254394 0.036880608
  endloop
 endfacet
 facet normal 6.0808358e-18 0.99862953 -0.052335952
  outer loop
   vertex -0.086978554 -0.005792671 0.037505865
   vertex -0.086299847 -0.0058254394 0.036880608
   vertex -0.086975437 -0.0058253803 0.036881736
  endloop
 endfacet
 facet normal -5.080043e-16 0.99862953 -0.052335952
  outer loop
   vertex -0.085644886 -0.0057273941 0.038751423
   vertex -0.084998117 -0.0057273953 0.0387514
   vertex -0.084998776 -0.0057600672 0.038127984
  endloop
 endfacet
 facet normal -5.080043e-16 0.99862953 -0.052335952
  outer loop
   vertex -0.085644886 -0.0057273941 0.038751423
   vertex -0.084998776 -0.0057600672 0.038127984
   vertex -0.085644545 -0.0057600651 0.038128024
  endloop
 endfacet
 facet normal -2.0691788e-16 0.99862953 -0.052335952
  outer loop
   vertex -0.086303382 -0.0057600447 0.038128413
   vertex -0.085644545 -0.0057600651 0.038128024
   vertex -0.08564411 -0.0057927507 0.037504345
  endloop
 endfacet
 facet normal -2.0691788e-16 0.99862953 -0.052335952
  outer loop
   vertex -0.086303382 -0.0057600447 0.038128413
   vertex -0.08564411 -0.0057927507 0.037504345
   vertex -0.086301822 -0.0057927282 0.037504774
  endloop
 endfacet
 facet normal -2.3018994e-15 0.99862953 -0.052335952
  outer loop
   vertex -0.087660028 -0.0056944887 0.039379296
   vertex -0.086986563 -0.0056946556 0.039376111
   vertex -0.086983893 -0.0057273224 0.038752791
  endloop
 endfacet
 facet normal -2.3018994e-15 0.99862953 -0.052335952
  outer loop
   vertex -0.087660028 -0.0056944887 0.039379296
   vertex -0.086983893 -0.0057273224 0.038752791
   vertex -0.087656595 -0.0057271567 0.038755954
  endloop
 endfacet
 facet normal -1.1818378e-15 0.99862953 -0.052335952
  outer loop
   vertex -0.086989291 -0.0056619877 0.039999452
   vertex -0.086307746 -0.0056620423 0.03999841
   vertex -0.086306266 -0.0056947084 0.039375105
  endloop
 endfacet
 facet normal -1.1818378e-15 0.99862953 -0.052335952
  outer loop
   vertex -0.086989291 -0.0056619877 0.039999452
   vertex -0.086306266 -0.0056947084 0.039375105
   vertex -0.086986563 -0.0056946556 0.039376111
  endloop
 endfacet
 facet normal 2.285152e-16 0.99862953 -0.052335952
  outer loop
   vertex -0.087653294 -0.0057598253 0.038132599
   vertex -0.087656595 -0.0057271567 0.038755954
   vertex -0.086983893 -0.0057273224 0.038752791
  endloop
 endfacet
 facet normal 2.285152e-16 0.99862953 -0.052335952
  outer loop
   vertex -0.087653294 -0.0057598253 0.038132599
   vertex -0.086983893 -0.0057273224 0.038752791
   vertex -0.086981257 -0.0057599914 0.038129431
  endloop
 endfacet
 facet normal -1.4070468e-16 0.99862953 -0.052335952
  outer loop
   vertex -0.086978554 -0.005792671 0.037505865
   vertex -0.086981257 -0.0057599914 0.038129431
   vertex -0.086303382 -0.0057600447 0.038128413
  endloop
 endfacet
 facet normal -1.4070468e-16 0.99862953 -0.052335952
  outer loop
   vertex -0.086978554 -0.005792671 0.037505865
   vertex -0.086303382 -0.0057600447 0.038128413
   vertex -0.086301822 -0.0057927282 0.037504774
  endloop
 endfacet
 facet normal -0.0046636191 -0.99873102 0.050145843
  outer loop
   vertex -0.082410982 0.0039574089 0.032480031
   vertex -0.082411014 0.0039886502 0.033102245
   vertex -0.083082352 0.0039921981 0.033110472
  endloop
 endfacet
 facet normal -0.0046636191 -0.99873102 0.050145843
  outer loop
   vertex -0.082410982 0.0039574089 0.032480031
   vertex -0.083082352 0.0039921981 0.033110472
   vertex -0.083084074 0.003958574 0.032490867
  endloop
 endfacet
 facet normal -0.021586985 -0.99809139 0.057858258
  outer loop
   vertex -0.082411244 0.004012971 0.033719208
   vertex -0.083072933 0.0040259217 0.03369574
   vertex -0.083082352 0.0039921981 0.033110472
  endloop
 endfacet
 facet normal -0.021586985 -0.99809139 0.057858258
  outer loop
   vertex -0.082411244 0.004012971 0.033719208
   vertex -0.083082352 0.0039921981 0.033110472
   vertex -0.082411014 0.0039886502 0.033102245
  endloop
 endfacet
 facet normal 0.0019722073 -0.9986005 0.052850335
  outer loop
   vertex -0.083709515 0.0040211796 0.033681478
   vertex -0.083713101 0.0039910052 0.033111471
   vertex -0.083082352 0.0039921981 0.033110472
  endloop
 endfacet
 facet normal 0.0019722073 -0.9986005 0.052850335
  outer loop
   vertex -0.083709515 0.0040211796 0.033681478
   vertex -0.083082352 0.0039921981 0.033110472
   vertex -0.083072933 0.0040259217 0.03369574
  endloop
 endfacet
 facet normal 0.00042903825 -0.99853077 0.054186041
  outer loop
   vertex -0.083712859 0.003958445 0.032493468
   vertex -0.083084074 0.003958574 0.032490867
   vertex -0.083082352 0.0039921981 0.033110472
  endloop
 endfacet
 facet normal 0.00042903825 -0.99853077 0.054186041
  outer loop
   vertex -0.083712859 0.003958445 0.032493468
   vertex -0.083082352 0.0039921981 0.033110472
   vertex -0.083713101 0.0039910052 0.033111471
  endloop
 endfacet
 facet normal -0.00087863821 -0.99860519 0.052791201
  outer loop
   vertex -0.082410982 0.0039574089 0.032480031
   vertex -0.083084074 0.003958574 0.032490867
   vertex -0.083082316 0.003925584 0.031866853
  endloop
 endfacet
 facet normal -0.00087863821 -0.99860519 0.052791201
  outer loop
   vertex -0.082410982 0.0039574089 0.032480031
   vertex -0.083082316 0.003925584 0.031866853
   vertex -0.082410977 0.0039249611 0.031856732
  endloop
 endfacet
 facet normal -0.00013841804 -0.99863228 0.052283332
  outer loop
   vertex -0.082410976 0.0038923288 0.031233442
   vertex -0.082410977 0.0039249611 0.031856732
   vertex -0.083082316 0.003925584 0.031866853
  endloop
 endfacet
 facet normal -0.00013841804 -0.99863228 0.052283332
  outer loop
   vertex -0.082410976 0.0038923288 0.031233442
   vertex -0.083082316 0.003925584 0.031866853
   vertex -0.083079207 0.0038928425 0.031243245
  endloop
 endfacet
 facet normal 3.7414963e-07 -0.99862454 0.052431111
  outer loop
   vertex -0.083707788 0.0038929717 0.03124571
   vertex -0.083079207 0.0038928425 0.031243245
   vertex -0.083082316 0.003925584 0.031866853
  endloop
 endfacet
 facet normal 3.7414963e-07 -0.99862454 0.052431111
  outer loop
   vertex -0.083707788 0.0038929717 0.03124571
   vertex -0.083082316 0.003925584 0.031866853
   vertex -0.083710694 0.0039256729 0.031869371
  endloop
 endfacet
 facet normal 6.8814264e-05 -0.99862412 0.052439157
  outer loop
   vertex -0.083712859 0.003958445 0.032493468
   vertex -0.083710694 0.0039256729 0.031869371
   vertex -0.083082316 0.003925584 0.031866853
  endloop
 endfacet
 facet normal 6.8814264e-05 -0.99862412 0.052439157
  outer loop
   vertex -0.083712859 0.003958445 0.032493468
   vertex -0.083082316 0.003925584 0.031866853
   vertex -0.083084074 0.003958574 0.032490867
  endloop
 endfacet
 facet normal 5.5389859e-17 -0.99862953 0.052335957
  outer loop
   vertex -0.086315409 0.0041885054 0.03688483
   vertex -0.086313186 0.0041557045 0.036258951
   vertex -0.085646012 0.0041557723 0.036260245
  endloop
 endfacet
 facet normal 5.5389859e-17 -0.99862953 0.052335957
  outer loop
   vertex -0.086315409 0.0041885054 0.03688483
   vertex -0.085646012 0.0041557723 0.036260245
   vertex -0.085647326 0.0041885711 0.036886082
  endloop
 endfacet
 facet normal -9.8525869e-16 -0.99862953 0.052335957
  outer loop
   vertex -0.086307955 0.0041232263 0.035639229
   vertex -0.086313186 0.0041557045 0.036258951
   vertex -0.087000424 0.0041555662 0.036256312
  endloop
 endfacet
 facet normal -9.8525869e-16 -0.99862953 0.052335957
  outer loop
   vertex -0.086307955 0.0041232263 0.035639229
   vertex -0.087000424 0.0041555662 0.036256312
   vertex -0.086990256 0.0041230825 0.035636486
  endloop
 endfacet
 facet normal -9.8407604e-16 -0.99862953 0.052335957
  outer loop
   vertex -0.087000424 0.0041555662 0.036256312
   vertex -0.086313186 0.0041557045 0.036258951
   vertex -0.086315409 0.0041885054 0.03688483
  endloop
 endfacet
 facet normal -9.8407604e-16 -0.99862953 0.052335957
  outer loop
   vertex -0.087000424 0.0041555662 0.036256312
   vertex -0.086315409 0.0041885054 0.03688483
   vertex -0.087003968 0.0041883737 0.036882316
  endloop
 endfacet
 facet normal 1 -2.208747e-14 -4.3824277e-16
  outer loop
   vertex -0.088410981 0.0025091548 0.036873472
   vertex -0.088410981 0.001880829 0.036874246
   vertex -0.088410981 0.0018932342 0.036249023
  endloop
 endfacet
 facet normal 1 -2.208747e-14 -4.3824277e-16
  outer loop
   vertex -0.088410981 0.0025091548 0.036873472
   vertex -0.088410981 0.0018932342 0.036249023
   vertex -0.088410981 0.0025369754 0.03624778
  endloop
 endfacet
 facet normal 1 1.6107355e-17 2.2195815e-14
  outer loop
   vertex -0.088410981 0.0012527171 0.036874702
   vertex -0.088410981 0.001880829 0.036874246
   vertex -0.088410981 0.0018732902 0.037499495
  endloop
 endfacet
 facet normal 1 1.6107355e-17 2.2195815e-14
  outer loop
   vertex -0.088410981 0.0012527171 0.036874702
   vertex -0.088410981 0.0018732902 0.037499495
   vertex -0.088410981 0.0012495377 0.037499791
  endloop
 endfacet
 facet normal 1 -2.2140719e-14 -2.2222093e-14
  outer loop
   vertex -0.088410981 0.00062767812 0.0362499
   vertex -0.088410981 7.9968368e-07 0.036249979
   vertex -0.088410981 1.278155e-06 0.035624998
  endloop
 endfacet
 facet normal 1 -2.2140719e-14 -2.2222093e-14
  outer loop
   vertex -0.088410981 0.00062767812 0.0362499
   vertex -0.088410981 1.278155e-06 0.035624998
   vertex -0.088410981 0.00062933738 0.035624942
  endloop
 endfacet
 facet normal 1 -2.1855947e-14 -9.2351317e-17
  outer loop
   vertex -0.088410981 0.00063024217 0.035000026
   vertex -0.088410981 0.0012652087 0.034999938
   vertex -0.088410981 0.0012625687 0.035624722
  endloop
 endfacet
 facet normal 1 -2.1855947e-14 -9.2351317e-17
  outer loop
   vertex -0.088410981 0.00063024217 0.035000026
   vertex -0.088410981 0.0012625687 0.035624722
   vertex -0.088410981 0.00062933738 0.035624942
  endloop
 endfacet
 facet normal 1 0 0
  outer loop
   vertex -0.088410981 0.0012527171 0.036874702
   vertex -0.088410981 0.0012495377 0.037499791
   vertex -0.088410981 0.00062486668 0.037499928
  endloop
 endfacet
 facet normal 1 0 0
  outer loop
   vertex -0.088410981 0.0012527171 0.036874702
   vertex -0.088410981 0.00062486668 0.037499928
   vertex -0.088410981 0.00062600303 0.036874904
  endloop
 endfacet
 facet normal 1 -2.2137927e-14 -1.7564162e-17
  outer loop
   vertex -0.088410981 3.0381347e-07 0.036874975
   vertex -0.088410981 7.9968368e-07 0.036249979
   vertex -0.088410981 0.00062767812 0.0362499
  endloop
 endfacet
 facet normal 1 -2.2137927e-14 -1.7564162e-17
  outer loop
   vertex -0.088410981 3.0381347e-07 0.036874975
   vertex -0.088410981 0.00062767812 0.0362499
   vertex -0.088410981 0.00062600303 0.036874904
  endloop
 endfacet
 facet normal 1 2.1603106e-14 2.3340119e-14
  outer loop
   vertex -0.088410981 0.00257031 0.035622337
   vertex -0.088410981 0.0025369754 0.03624778
   vertex -0.088410981 0.0018932342 0.036249023
  endloop
 endfacet
 facet normal 1 2.1603106e-14 2.3340119e-14
  outer loop
   vertex -0.088410981 0.00257031 0.035622337
   vertex -0.088410981 0.0018932342 0.036249023
   vertex -0.088410981 0.0019065678 0.035624067
  endloop
 endfacet
 facet normal 1 2.1422252e-14 9.0518757e-17
  outer loop
   vertex -0.088410981 0.0012625687 0.035624722
   vertex -0.088410981 0.0012652087 0.034999938
   vertex -0.088410981 0.0019130314 0.034999586
  endloop
 endfacet
 facet normal 1 2.1422252e-14 9.0518757e-17
  outer loop
   vertex -0.088410981 0.0012625687 0.035624722
   vertex -0.088410981 0.0019130314 0.034999586
   vertex -0.088410981 0.0019065678 0.035624067
  endloop
 endfacet
 facet normal 3.8001804e-16 -0.99862953 0.052335957
  outer loop
   vertex -0.085647219 0.0042866956 0.038758409
   vertex -0.086313352 0.0042866558 0.038757649
   vertex -0.086314671 0.0042539677 0.038133924
  endloop
 endfacet
 facet normal 3.8001804e-16 -0.99862953 0.052335957
  outer loop
   vertex -0.085647219 0.0042866956 0.038758409
   vertex -0.086314671 0.0042539677 0.038133924
   vertex -0.085647581 0.004254017 0.038134864
  endloop
 endfacet
 facet normal 2.3943108e-15 -0.99862953 0.052335957
  outer loop
   vertex -0.086999486 0.0042865686 0.038755987
   vertex -0.086313352 0.0042866558 0.038757649
   vertex -0.086311896 0.0043193354 0.039381213
  endloop
 endfacet
 facet normal 2.3943108e-15 -0.99862953 0.052335957
  outer loop
   vertex -0.086999486 0.0042865686 0.038755987
   vertex -0.086311896 0.0043193354 0.039381213
   vertex -0.086996834 0.0043192669 0.039379907
  endloop
 endfacet
 facet normal 2.3857426e-15 -0.99862953 0.052335957
  outer loop
   vertex -0.086314671 0.0042539677 0.038133924
   vertex -0.086313352 0.0042866558 0.038757649
   vertex -0.086999486 0.0042865686 0.038755987
  endloop
 endfacet
 facet normal 2.3857426e-15 -0.99862953 0.052335957
  outer loop
   vertex -0.086314671 0.0042539677 0.038133924
   vertex -0.086999486 0.0042865686 0.038755987
   vertex -0.087001948 0.0042538645 0.038131956
  endloop
 endfacet
 facet normal -6.6186974e-16 -0.99862953 0.052335957
  outer loop
   vertex -0.087646428 0.0039581605 0.032489587
   vertex -0.086975051 0.0039583373 0.03249296
   vertex -0.086971717 0.0039907679 0.033111772
  endloop
 endfacet
 facet normal -6.6186974e-16 -0.99862953 0.052335957
  outer loop
   vertex -0.087646428 0.0039581605 0.032489587
   vertex -0.086971717 0.0039907679 0.033111772
   vertex -0.087643945 0.0039907066 0.033110603
  endloop
 endfacet
 facet normal 2.155171e-15 -0.99862953 0.052335957
  outer loop
   vertex -0.08764365 0.0040216638 0.033701302
   vertex -0.087643945 0.0039907066 0.033110603
   vertex -0.086971717 0.0039907679 0.033111772
  endloop
 endfacet
 facet normal 2.155171e-15 -0.99862953 0.052335957
  outer loop
   vertex -0.08764365 0.0040216638 0.033701302
   vertex -0.086971717 0.0039907679 0.033111772
   vertex -0.08696798 0.0040207842 0.033684519
  endloop
 endfacet
 facet normal 1.8338854e-15 -0.99862953 0.052335957
  outer loop
   vertex -0.086294597 0.0040205805 0.033680631
   vertex -0.08696798 0.0040207842 0.033684519
   vertex -0.086971717 0.0039907679 0.033111772
  endloop
 endfacet
 facet normal 1.8338854e-15 -0.99862953 0.052335957
  outer loop
   vertex -0.086294597 0.0040205805 0.033680631
   vertex -0.086971717 0.0039907679 0.033111772
   vertex -0.086297261 0.0039907748 0.033111903
  endloop
 endfacet
 facet normal -1.7128622e-15 -0.99862953 0.052335957
  outer loop
   vertex -0.086299691 0.0039583976 0.03249411
   vertex -0.086297261 0.0039907748 0.033111903
   vertex -0.086971717 0.0039907679 0.033111772
  endloop
 endfacet
 facet normal -1.7128622e-15 -0.99862953 0.052335957
  outer loop
   vertex -0.086299691 0.0039583976 0.03249411
   vertex -0.086971717 0.0039907679 0.033111772
   vertex -0.086975051 0.0039583373 0.03249296
  endloop
 endfacet
 facet normal 1.05037e-15 -0.99862953 0.052335957
  outer loop
   vertex -0.086961979 0.004065907 0.034545513
   vertex -0.087598375 0.0040671677 0.034569567
   vertex -0.08764365 0.0040216638 0.033701302
  endloop
 endfacet
 facet normal 1.05037e-15 -0.99862953 0.052335957
  outer loop
   vertex -0.086961979 0.004065907 0.034545513
   vertex -0.08764365 0.0040216638 0.033701302
   vertex -0.08696798 0.0040207842 0.033684519
  endloop
 endfacet
 facet normal 1 0 0
  outer loop
   vertex -0.088410981 0.0019112478 0.033749579
   vertex -0.088410981 0.0019088422 0.03312381
   vertex -0.088410981 0.0025696766 0.033122159
  endloop
 endfacet
 facet normal 1 0 0
  outer loop
   vertex -0.088410981 0.0019112478 0.033749579
   vertex -0.088410981 0.0025696766 0.033122159
   vertex -0.088410981 0.0025748441 0.033749159
  endloop
 endfacet
 facet normal 1 0 0
  outer loop
   vertex -0.088410981 0.0012634596 0.033124603
   vertex -0.088410981 0.0012619394 0.032499368
   vertex -0.088410981 0.0019053896 0.032498324
  endloop
 endfacet
 facet normal 1 0 0
  outer loop
   vertex -0.088410981 0.0012634596 0.033124603
   vertex -0.088410981 0.0019053896 0.032498324
   vertex -0.088410981 0.0019088422 0.03312381
  endloop
 endfacet
 facet normal 1 0 -0
  outer loop
   vertex -0.088410981 0.00062998748 0.033750015
   vertex -0.088410981 0.00063030926 0.034375076
   vertex -0.088410981 1.5268692e-06 0.034375044
  endloop
 endfacet
 facet normal 1 0 -0
  outer loop
   vertex -0.088410981 0.00062998748 0.033750015
   vertex -0.088410981 1.5268692e-06 0.034375044
   vertex -0.088410981 1.3965308e-06 0.033750024
  endloop
 endfacet
 facet normal 1 -2.1855935e-14 -5.4610131e-18
  outer loop
   vertex -0.088410981 0.0012653649 0.034375095
   vertex -0.088410981 0.0012652087 0.034999938
   vertex -0.088410981 0.00063024217 0.035000026
  endloop
 endfacet
 facet normal 1 -2.1855935e-14 -5.4610131e-18
  outer loop
   vertex -0.088410981 0.0012653649 0.034375095
   vertex -0.088410981 0.00063024217 0.035000026
   vertex -0.088410981 0.00063030926 0.034375076
  endloop
 endfacet
 facet normal 1 2.192322e-14 -5.3303351e-17
  outer loop
   vertex -0.088410981 0.00062892269 0.032499796
   vertex -0.088410981 0.0012619394 0.032499368
   vertex -0.088410981 0.0012634596 0.033124603
  endloop
 endfacet
 facet normal 1 2.192322e-14 -5.3303351e-17
  outer loop
   vertex -0.088410981 0.00062892269 0.032499796
   vertex -0.088410981 0.0012634596 0.033124603
   vertex -0.088410981 0.00062950629 0.033124896
  endloop
 endfacet
 facet normal 1 2.2085406e-14 -2.221724e-14
  outer loop
   vertex -0.088410981 1.2234955e-06 0.033124982
   vertex -0.088410981 0.00062950629 0.033124896
   vertex -0.088410981 0.00062998748 0.033750015
  endloop
 endfacet
 facet normal 1 2.2085406e-14 -2.221724e-14
  outer loop
   vertex -0.088410981 1.2234955e-06 0.033124982
   vertex -0.088410981 0.00062998748 0.033750015
   vertex -0.088410981 1.3965308e-06 0.033750024
  endloop
 endfacet
 facet normal 1 -2.0855428e-14 4.8994966e-17
  outer loop
   vertex -0.088410981 0.0025781464 0.034375524
   vertex -0.088410981 0.0019127173 0.034375097
   vertex -0.088410981 0.0019112478 0.033749579
  endloop
 endfacet
 facet normal 1 -2.0855428e-14 4.8994966e-17
  outer loop
   vertex -0.088410981 0.0025781464 0.034375524
   vertex -0.088410981 0.0019112478 0.033749579
   vertex -0.088410981 0.0025748441 0.033749159
  endloop
 endfacet
 facet normal 1 2.1422206e-14 5.3526397e-18
  outer loop
   vertex -0.088410981 0.0019130314 0.034999586
   vertex -0.088410981 0.0012652087 0.034999938
   vertex -0.088410981 0.0012653649 0.034375095
  endloop
 endfacet
 facet normal 1 2.1422206e-14 5.3526397e-18
  outer loop
   vertex -0.088410981 0.0019130314 0.034999586
   vertex -0.088410981 0.0012653649 0.034375095
   vertex -0.088410981 0.0019127173 0.034375097
  endloop
 endfacet
 facet normal 2.9967297e-16 -0.99862953 0.052335957
  outer loop
   vertex -0.087646428 0.0039581605 0.032489587
   vertex -0.087649379 0.003925455 0.031865529
   vertex -0.086977971 0.0039256255 0.031868781
  endloop
 endfacet
 facet normal 2.9967297e-16 -0.99862953 0.052335957
  outer loop
   vertex -0.087646428 0.0039581605 0.032489587
   vertex -0.086977971 0.0039256255 0.031868781
   vertex -0.086975051 0.0039583373 0.03249296
  endloop
 endfacet
 facet normal -6.2918089e-16 -0.99862953 0.052335957
  outer loop
   vertex -0.087652477 0.0038927779 0.031242012
   vertex -0.086980621 0.0038929443 0.031245188
   vertex -0.086977971 0.0039256255 0.031868781
  endloop
 endfacet
 facet normal -6.2918089e-16 -0.99862953 0.052335957
  outer loop
   vertex -0.087652477 0.0038927779 0.031242012
   vertex -0.086977971 0.0039256255 0.031868781
   vertex -0.087649379 0.003925455 0.031865529
  endloop
 endfacet
 facet normal 1.8796934e-16 -0.99862953 0.052335957
  outer loop
   vertex -0.086303043 0.0038929976 0.031246205
   vertex -0.086301526 0.003925683 0.03186988
   vertex -0.086977971 0.0039256255 0.031868781
  endloop
 endfacet
 facet normal 1.8796934e-16 -0.99862953 0.052335957
  outer loop
   vertex -0.086303043 0.0038929976 0.031246205
   vertex -0.086977971 0.0039256255 0.031868781
   vertex -0.086980621 0.0038929443 0.031245188
  endloop
 endfacet
 facet normal 1.661574e-15 -0.99862953 0.052335957
  outer loop
   vertex -0.086299691 0.0039583976 0.03249411
   vertex -0.086975051 0.0039583373 0.03249296
   vertex -0.086977971 0.0039256255 0.031868781
  endloop
 endfacet
 facet normal 1.661574e-15 -0.99862953 0.052335957
  outer loop
   vertex -0.086299691 0.0039583976 0.03249411
   vertex -0.086977971 0.0039256255 0.031868781
   vertex -0.086301526 0.003925683 0.03186988
  endloop
 endfacet
 facet normal -7.7501488e-16 0.99862953 -0.052335952
  outer loop
   vertex -0.086971093 -0.0053374298 0.046192387
   vertex -0.086991183 -0.0053677836 0.045613201
   vertex -0.087668191 -0.0053674766 0.04561906
  endloop
 endfacet
 facet normal -7.7501488e-16 0.99862953 -0.052335952
  outer loop
   vertex -0.086971093 -0.0053374298 0.046192387
   vertex -0.087668191 -0.0053674766 0.04561906
   vertex -0.087609093 -0.0053372269 0.046196258
  endloop
 endfacet
 facet normal 6.6366681e-16 0.99862953 -0.052335952
  outer loop
   vertex -0.087001663 -0.0054002658 0.044993404
   vertex -0.086991183 -0.0053677836 0.045613201
   vertex -0.086308443 -0.0053679247 0.045610509
  endloop
 endfacet
 facet normal 6.6366681e-16 0.99862953 -0.052335952
  outer loop
   vertex -0.087001663 -0.0054002658 0.044993404
   vertex -0.086308443 -0.0053679247 0.045610509
   vertex -0.086313817 -0.0054004007 0.044990829
  endloop
 endfacet
 facet normal -1.1908343e-15 0.99862953 -0.052335952
  outer loop
   vertex -0.084991248 -0.0053101028 0.046713817
   vertex -0.084990033 -0.0053374722 0.046191577
   vertex -0.085640881 -0.0053374576 0.046191855
  endloop
 endfacet
 facet normal -1.1908343e-15 0.99862953 -0.052335952
  outer loop
   vertex -0.084991248 -0.0053101028 0.046713817
   vertex -0.085640881 -0.0053374576 0.046191855
   vertex -0.085639421 -0.0053101168 0.04671355
  endloop
 endfacet
 facet normal 2.1212781e-15 0.99862953 -0.052335952
  outer loop
   vertex -0.08759972 -0.0053119043 0.046679441
   vertex -0.086962904 -0.0053106462 0.046703448
   vertex -0.086971093 -0.0053374298 0.046192387
  endloop
 endfacet
 facet normal 2.1212781e-15 0.99862953 -0.052335952
  outer loop
   vertex -0.08759972 -0.0053119043 0.046679441
   vertex -0.086971093 -0.0053374298 0.046192387
   vertex -0.087609093 -0.0053372269 0.046196258
  endloop
 endfacet
 facet normal -1.3762298e-16 0.99862953 -0.052335952
  outer loop
   vertex -0.084994476 -0.0054987284 0.043114625
   vertex -0.08499391 -0.0054660318 0.043738513
   vertex -0.084339701 -0.0054660195 0.043738748
  endloop
 endfacet
 facet normal -1.3762298e-16 0.99862953 -0.052335952
  outer loop
   vertex -0.084994476 -0.0054987284 0.043114625
   vertex -0.084339701 -0.0054660195 0.043738748
   vertex -0.084341166 -0.0054987147 0.043114887
  endloop
 endfacet
 facet normal -2.1753984e-16 0.99862953 -0.052335952
  outer loop
   vertex -0.084342589 -0.0055313886 0.042491432
   vertex -0.084341166 -0.0054987147 0.043114887
   vertex -0.083683378 -0.0054986657 0.043115822
  endloop
 endfacet
 facet normal -2.1753984e-16 0.99862953 -0.052335952
  outer loop
   vertex -0.084342589 -0.0055313886 0.042491432
   vertex -0.083683378 -0.0054986657 0.043115822
   vertex -0.083685875 -0.0055313395 0.042492369
  endloop
 endfacet
 facet normal 2.3370191e-16 0.99862953 -0.052335952
  outer loop
   vertex -0.083048167 -0.0054658214 0.043742528
   vertex -0.083045393 -0.0054331172 0.044366562
   vertex -0.082410976 -0.0054327262 0.044374022
  endloop
 endfacet
 facet normal 2.3370191e-16 0.99862953 -0.052335952
  outer loop
   vertex -0.083048167 -0.0054658214 0.043742528
   vertex -0.082410976 -0.0054327262 0.044374022
   vertex -0.082410976 -0.0054653913 0.043750734
  endloop
 endfacet
 facet normal -1 0 0
  outer loop
   vertex -0.082410976 -0.0049206705 0.043748627
   vertex -0.082410976 -0.0054653913 0.043750734
   vertex -0.082410976 -0.0054327262 0.044374022
  endloop
 endfacet
 facet normal -1 0 0
  outer loop
   vertex -0.082410976 -0.0049206705 0.043748627
   vertex -0.082410976 -0.0054327262 0.044374022
   vertex -0.082410976 -0.0049097569 0.044372867
  endloop
 endfacet
 facet normal 4.8280162e-07 0.99862289 -0.052462585
  outer loop
   vertex -0.083043162 -0.0054003132 0.044990984
   vertex -0.083045393 -0.0054331172 0.044366562
   vertex -0.083678518 -0.0054332433 0.044364155
  endloop
 endfacet
 facet normal 4.8280162e-07 0.99862289 -0.052462585
  outer loop
   vertex -0.083043162 -0.0054003132 0.044990984
   vertex -0.083678518 -0.0054332433 0.044364155
   vertex -0.08367636 -0.0054004548 0.04498946
  endloop
 endfacet
 facet normal 1.832928e-17 0.99862953 -0.052335952
  outer loop
   vertex -0.083048167 -0.0054658214 0.043742528
   vertex -0.082410976 -0.0054653913 0.043750734
   vertex -0.082410976 -0.0054980565 0.043127446
  endloop
 endfacet
 facet normal 1.832928e-17 0.99862953 -0.052335952
  outer loop
   vertex -0.083048167 -0.0054658214 0.043742528
   vertex -0.082410976 -0.0054980565 0.043127446
   vertex -0.083051227 -0.0054985042 0.043118903
  endloop
 endfacet
 facet normal -1 2.4575939e-14 -2.2843279e-14
  outer loop
   vertex -0.082410976 -0.0049206705 0.043748627
   vertex -0.082410976 -0.0049360699 0.043124538
   vertex -0.082410976 -0.0054980565 0.043127446
  endloop
 endfacet
 facet normal -1 2.4575939e-14 -2.2843279e-14
  outer loop
   vertex -0.082410976 -0.0049206705 0.043748627
   vertex -0.082410976 -0.0054980565 0.043127446
   vertex -0.082410976 -0.0054653913 0.043750734
  endloop
 endfacet
 facet normal 2.201818e-15 0.99862953 -0.052335952
  outer loop
   vertex -0.083054386 -0.0055311763 0.042495483
   vertex -0.083685875 -0.0055313395 0.042492369
   vertex -0.083683378 -0.0054986657 0.043115822
  endloop
 endfacet
 facet normal 2.201818e-15 0.99862953 -0.052335952
  outer loop
   vertex -0.083054386 -0.0055311763 0.042495483
   vertex -0.083683378 -0.0054986657 0.043115822
   vertex -0.083051227 -0.0054985042 0.043118903
  endloop
 endfacet
 facet normal -2.3558994e-17 0.99862953 -0.052335952
  outer loop
   vertex -0.084995346 -0.0055640706 0.041867822
   vertex -0.084344005 -0.0055640549 0.041868121
   vertex -0.084345452 -0.0055967192 0.041244848
  endloop
 endfacet
 facet normal -2.3558994e-17 0.99862953 -0.052335952
  outer loop
   vertex -0.084995346 -0.0055640706 0.041867822
   vertex -0.084345452 -0.0055967192 0.041244848
   vertex -0.084995771 -0.005596736 0.041244528
  endloop
 endfacet
 facet normal 3.5680781e-16 0.99862953 -0.052335952
  outer loop
   vertex -0.083688389 -0.0055640063 0.041869049
   vertex -0.084344005 -0.0055640549 0.041868121
   vertex -0.084342589 -0.0055313886 0.042491432
  endloop
 endfacet
 facet normal 3.5680781e-16 0.99862953 -0.052335952
  outer loop
   vertex -0.083688389 -0.0055640063 0.041869049
   vertex -0.084342589 -0.0055313886 0.042491432
   vertex -0.083685875 -0.0055313395 0.042492369
  endloop
 endfacet
 facet normal 2.9969861e-16 0.99862953 -0.052335952
  outer loop
   vertex -0.083060753 -0.0055965103 0.041248835
   vertex -0.082410976 -0.0055960519 0.041257582
   vertex -0.082410976 -0.0056287171 0.040634294
  endloop
 endfacet
 facet normal 2.9969861e-16 0.99862953 -0.052335952
  outer loop
   vertex -0.083060753 -0.0055965103 0.041248835
   vertex -0.082410976 -0.0056287171 0.040634294
   vertex -0.083063969 -0.0056291745 0.040625566
  endloop
 endfacet
 facet normal 3.0541169e-15 0.99862953 -0.052335952
  outer loop
   vertex -0.083693644 -0.0056293328 0.040622545
   vertex -0.083063969 -0.0056291745 0.040625566
   vertex -0.083067331 -0.0056618358 0.04000235
  endloop
 endfacet
 facet normal 3.0541169e-15 0.99862953 -0.052335952
  outer loop
   vertex -0.083693644 -0.0056293328 0.040622545
   vertex -0.083067331 -0.0056618358 0.04000235
   vertex -0.08369665 -0.0056619923 0.039999365
  endloop
 endfacet
 facet normal 2.9370719e-16 0.99862953 -0.052335952
  outer loop
   vertex -0.082410976 -0.0055633868 0.04188087
   vertex -0.082410976 -0.0055960519 0.041257582
   vertex -0.083060753 -0.0055965103 0.041248835
  endloop
 endfacet
 facet normal 2.9370719e-16 0.99862953 -0.052335952
  outer loop
   vertex -0.082410976 -0.0055633868 0.04188087
   vertex -0.083060753 -0.0055965103 0.041248835
   vertex -0.083057567 -0.0055638442 0.041872142
  endloop
 endfacet
 facet normal -1 -2.2639758e-14 2.3451946e-14
  outer loop
   vertex -0.082410976 -0.0049882698 0.041252561
   vertex -0.082410976 -0.0055960519 0.041257582
   vertex -0.082410976 -0.0055633868 0.04188087
  endloop
 endfacet
 facet normal -1 -2.2639758e-14 2.3451946e-14
  outer loop
   vertex -0.082410976 -0.0049882698 0.041252561
   vertex -0.082410976 -0.0055633868 0.04188087
   vertex -0.082410976 -0.0049705658 0.041876522
  endloop
 endfacet
 facet normal 2.199366e-15 0.99862953 -0.052335952
  outer loop
   vertex -0.083688389 -0.0055640063 0.041869049
   vertex -0.083685875 -0.0055313395 0.042492369
   vertex -0.083054386 -0.0055311763 0.042495483
  endloop
 endfacet
 facet normal 2.199366e-15 0.99862953 -0.052335952
  outer loop
   vertex -0.083688389 -0.0055640063 0.041869049
   vertex -0.083054386 -0.0055311763 0.042495483
   vertex -0.083057567 -0.0055638442 0.041872142
  endloop
 endfacet
 facet normal 1 -4.4425717e-14 -3.5196776e-17
  outer loop
   vertex -0.088410981 -0.0024997357 0.043125175
   vertex -0.088410981 -0.0018749719 0.043125068
   vertex -0.088410981 -0.0018754671 0.043750083
  endloop
 endfacet
 facet normal 1 -4.4425717e-14 -3.5196776e-17
  outer loop
   vertex -0.088410981 -0.0024997357 0.043125175
   vertex -0.088410981 -0.0018754671 0.043750083
   vertex -0.088410981 -0.0025010554 0.043750231
  endloop
 endfacet
 facet normal 1 4.4410352e-14 -2.2190279e-14
  outer loop
   vertex -0.088410981 -0.001250015 0.043125022
   vertex -0.088410981 -0.0018749719 0.043125068
   vertex -0.088410981 -0.0018747784 0.042500056
  endloop
 endfacet
 facet normal 1 4.4410352e-14 -2.2190279e-14
  outer loop
   vertex -0.088410981 -0.001250015 0.043125022
   vertex -0.088410981 -0.0018747784 0.042500056
   vertex -0.088410981 -0.001249949 0.042500019
  endloop
 endfacet
 facet normal 1 6.823414e-19 2.2204559e-14
  outer loop
   vertex -0.088410981 -0.00062519529 0.045000004
   vertex -0.088410981 -0.0012509007 0.045000023
   vertex -0.088410981 -0.001250465 0.044375026
  endloop
 endfacet
 facet normal 1 6.823414e-19 2.2204559e-14
  outer loop
   vertex -0.088410981 -0.00062519529 0.045000004
   vertex -0.088410981 -0.001250465 0.044375026
   vertex -0.088410981 -0.00062509902 0.044375004
  endloop
 endfacet
 facet normal 1 0 0
  outer loop
   vertex -0.088410981 1.8091165e-07 0.04437499
   vertex -0.088410981 -0.00062509902 0.044375004
   vertex -0.088410981 -0.00062503553 0.043750003
  endloop
 endfacet
 facet normal 1 0 0
  outer loop
   vertex -0.088410981 1.8091165e-07 0.04437499
   vertex -0.088410981 -0.00062503553 0.043750003
   vertex -0.088410981 1.4030926e-07 0.043749983
  endloop
 endfacet
 facet normal 1 -2.2183602e-14 -9.9223228e-17
  outer loop
   vertex -0.088410981 -0.0025038512 0.044375302
   vertex -0.088410981 -0.0025010554 0.043750231
   vertex -0.088410981 -0.0018754671 0.043750083
  endloop
 endfacet
 facet normal 1 -2.2183602e-14 -9.9223228e-17
  outer loop
   vertex -0.088410981 -0.0025038512 0.044375302
   vertex -0.088410981 -0.0018754671 0.043750083
   vertex -0.088410981 -0.0018764604 0.044375099
  endloop
 endfacet
 facet normal 1 -2.2128948e-14 2.2189131e-14
  outer loop
   vertex -0.088410981 -0.001250465 0.044375026
   vertex -0.088410981 -0.0012509007 0.045000023
   vertex -0.088410981 -0.0018779497 0.045000107
  endloop
 endfacet
 facet normal 1 -2.2128948e-14 2.2189131e-14
  outer loop
   vertex -0.088410981 -0.001250465 0.044375026
   vertex -0.088410981 -0.0018779497 0.045000107
   vertex -0.088410981 -0.0018764604 0.044375099
  endloop
 endfacet
 facet normal 1 -2.2205616e-14 2.2202017e-14
  outer loop
   vertex -0.088410981 -0.001250015 0.043125022
   vertex -0.088410981 -0.001249949 0.042500019
   vertex -0.088410981 -0.00062499923 0.042500001
  endloop
 endfacet
 facet normal 1 -2.2205616e-14 2.2202017e-14
  outer loop
   vertex -0.088410981 -0.001250015 0.043125022
   vertex -0.088410981 -0.00062499923 0.042500001
   vertex -0.088410981 -0.0006250072 0.043125002
  endloop
 endfacet
 facet normal 1 0 -0
  outer loop
   vertex -0.088410981 9.2065206e-08 0.043124981
   vertex -0.088410981 1.4030926e-07 0.043749983
   vertex -0.088410981 -0.00062503553 0.043750003
  endloop
 endfacet
 facet normal 1 0 -0
  outer loop
   vertex -0.088410981 9.2065206e-08 0.043124981
   vertex -0.088410981 -0.00062503553 0.043750003
   vertex -0.088410981 -0.0006250072 0.043125002
  endloop
 endfacet
 facet normal 5.6511971e-05 0.99864021 -0.052131832
  outer loop
   vertex -0.083705491 -0.0052655991 0.047567352
   vertex -0.083677464 -0.0053104209 0.046708773
   vertex -0.084339217 -0.0053101953 0.046712378
  endloop
 endfacet
 facet normal 5.6511971e-05 0.99864021 -0.052131832
  outer loop
   vertex -0.083705491 -0.0052655991 0.047567352
   vertex -0.084339217 -0.0053101953 0.046712378
   vertex -0.084353988 -0.0052652598 0.047569714
  endloop
 endfacet
 facet normal 0.0019496744 0.99873968 -0.050152345
  outer loop
   vertex -0.083705491 -0.0052655991 0.047567352
   vertex -0.083067719 -0.0052675814 0.04755267
   vertex -0.083027829 -0.0053107915 0.04669373
  endloop
 endfacet
 facet normal 0.0019496744 0.99873968 -0.050152345
  outer loop
   vertex -0.083705491 -0.0052655991 0.047567352
   vertex -0.083027829 -0.0053107915 0.04669373
   vertex -0.083677464 -0.0053104209 0.046708773
  endloop
 endfacet
 facet normal -1.7281921e-05 0.98236728 -0.18696131
  outer loop
   vertex -0.08499783 -0.0051071215 0.048737528
   vertex -0.0843523 -0.005107057 0.048737808
   vertex -0.08435484 -0.0052217626 0.0481351
  endloop
 endfacet
 facet normal -1.7281921e-05 0.98236728 -0.18696131
  outer loop
   vertex -0.08499783 -0.0051071215 0.048737528
   vertex -0.08435484 -0.0052217626 0.0481351
   vertex -0.084998291 -0.0052217637 0.048135032
  endloop
 endfacet
 facet normal 0.00024231689 0.99705369 -0.076706503
  outer loop
   vertex -0.083705491 -0.0052655991 0.047567352
   vertex -0.084353988 -0.0052652598 0.047569714
   vertex -0.08435484 -0.0052217626 0.0481351
  endloop
 endfacet
 facet normal 0.00024231689 0.99705369 -0.076706503
  outer loop
   vertex -0.083705491 -0.0052655991 0.047567352
   vertex -0.08435484 -0.0052217626 0.0481351
   vertex -0.083706753 -0.0052218449 0.048135297
  endloop
 endfacet
 facet normal 0.00018164152 0.98231398 -0.18724107
  outer loop
   vertex -0.083702524 -0.005106655 0.048739616
   vertex -0.083706753 -0.0052218449 0.048135297
   vertex -0.08435484 -0.0052217626 0.0481351
  endloop
 endfacet
 facet normal 0.00018164152 0.98231398 -0.18724107
  outer loop
   vertex -0.083702524 -0.005106655 0.048739616
   vertex -0.08435484 -0.0052217626 0.0481351
   vertex -0.0843523 -0.005107057 0.048737808
  endloop
 endfacet
 facet normal -9.8392057e-05 0.91323426 -0.40743486
  outer loop
   vertex -0.083697075 -0.0047193582 0.049771389
   vertex -0.083081445 -0.0047195642 0.049770778
   vertex -0.083069199 -0.0049236158 0.049313409
  endloop
 endfacet
 facet normal -9.8392057e-05 0.91323426 -0.40743486
  outer loop
   vertex -0.083697075 -0.0047193582 0.049771389
   vertex -0.083069199 -0.0049236158 0.049313409
   vertex -0.083697498 -0.0049288543 0.049300518
  endloop
 endfacet
 facet normal 0.0043892363 0.95221539 -0.30539579
  outer loop
   vertex -0.082410985 -0.0050908301 0.0488015
   vertex -0.083070423 -0.0051043578 0.048749843
   vertex -0.083069199 -0.0049236158 0.049313409
  endloop
 endfacet
 facet normal 0.0043892363 0.95221539 -0.30539579
  outer loop
   vertex -0.082410985 -0.0050908301 0.0488015
   vertex -0.083069199 -0.0049236158 0.049313409
   vertex -0.082411821 -0.0049001586 0.049371494
  endloop
 endfacet
 facet normal -0.0017483338 0.95325628 -0.30215793
  outer loop
   vertex -0.083702524 -0.005106655 0.048739616
   vertex -0.083697498 -0.0049288543 0.049300518
   vertex -0.083069199 -0.0049236158 0.049313409
  endloop
 endfacet
 facet normal -0.0017483338 0.95325628 -0.30215793
  outer loop
   vertex -0.083702524 -0.005106655 0.048739616
   vertex -0.083069199 -0.0049236158 0.049313409
   vertex -0.083070423 -0.0051043578 0.048749843
  endloop
 endfacet
 facet normal -0.0004364949 0.98111827 -0.19340824
  outer loop
   vertex -0.082410985 -0.0050908301 0.0488015
   vertex -0.082410986 -0.0052190063 0.048151289
   vertex -0.083072603 -0.0052221303 0.048136936
  endloop
 endfacet
 facet normal -0.0004364949 0.98111827 -0.19340824
  outer loop
   vertex -0.082410985 -0.0050908301 0.0488015
   vertex -0.083072603 -0.0052221303 0.048136936
   vertex -0.083070423 -0.0051043578 0.048749843
  endloop
 endfacet
 facet normal 0.00064708165 0.99704551 -0.076810417
  outer loop
   vertex -0.083705491 -0.0052655991 0.047567352
   vertex -0.083706753 -0.0052218449 0.048135297
   vertex -0.083072603 -0.0052221303 0.048136936
  endloop
 endfacet
 facet normal 0.00064708165 0.99704551 -0.076810417
  outer loop
   vertex -0.083705491 -0.0052655991 0.047567352
   vertex -0.083072603 -0.0052221303 0.048136936
   vertex -0.083067719 -0.0052675814 0.04755267
  endloop
 endfacet
 facet normal -0.00051601273 0.98203469 -0.18869976
  outer loop
   vertex -0.083702524 -0.005106655 0.048739616
   vertex -0.083070423 -0.0051043578 0.048749843
   vertex -0.083072603 -0.0052221303 0.048136936
  endloop
 endfacet
 facet normal -0.00051601273 0.98203469 -0.18869976
  outer loop
   vertex -0.083702524 -0.005106655 0.048739616
   vertex -0.083072603 -0.0052221303 0.048136936
   vertex -0.083706753 -0.0052218449 0.048135297
  endloop
 endfacet
 facet normal 0.00083298318 0.99862988 -0.05232275
  outer loop
   vertex -0.083037145 -0.0053369729 0.046191335
   vertex -0.082411926 -0.0053363573 0.046213038
   vertex -0.082411252 -0.0053675771 0.04561719
  endloop
 endfacet
 facet normal 0.00083298318 0.99862988 -0.05232275
  outer loop
   vertex -0.083037145 -0.0053369729 0.046191335
   vertex -0.082411252 -0.0053675771 0.04561719
   vertex -0.083041387 -0.005367728 0.045609569
  endloop
 endfacet
 facet normal -0.99999691 0.0023861829 0.00069700213
  outer loop
   vertex -0.08241009 -0.0050630258 0.046241734
   vertex -0.082410249 -0.0049483641 0.045621746
   vertex -0.082411252 -0.0053675771 0.04561719
  endloop
 endfacet
 facet normal -0.99999691 0.0023861829 0.00069700213
  outer loop
   vertex -0.08241009 -0.0050630258 0.046241734
   vertex -0.082411252 -0.0053675771 0.04561719
   vertex -0.082411926 -0.0053363573 0.046213038
  endloop
 endfacet
 facet normal -0.0003216963 0.99861544 -0.052603204
  outer loop
   vertex -0.083674682 -0.0053679904 0.045608459
   vertex -0.083041387 -0.005367728 0.045609569
   vertex -0.083043162 -0.0054003132 0.044990984
  endloop
 endfacet
 facet normal -0.0003216963 0.99861544 -0.052603204
  outer loop
   vertex -0.083674682 -0.0053679904 0.045608459
   vertex -0.083043162 -0.0054003132 0.044990984
   vertex -0.08367636 -0.0054004548 0.04498946
  endloop
 endfacet
 facet normal 4.563832e-06 0.99862954 -0.052335942
  outer loop
   vertex -0.08433553 -0.0053375079 0.046190952
   vertex -0.084990033 -0.0053374722 0.046191577
   vertex -0.084991248 -0.0053101028 0.046713817
  endloop
 endfacet
 facet normal 4.563832e-06 0.99862954 -0.052335942
  outer loop
   vertex -0.08433553 -0.0053375079 0.046190952
   vertex -0.084991248 -0.0053101028 0.046713817
   vertex -0.084339217 -0.0053101953 0.046712378
  endloop
 endfacet
 facet normal 0.00082654744 0.99863957 -0.052137624
  outer loop
   vertex -0.082414925 -0.0053120493 0.046678584
   vertex -0.082411926 -0.0053363573 0.046213038
   vertex -0.083037145 -0.0053369729 0.046191335
  endloop
 endfacet
 facet normal 0.00082654744 0.99863957 -0.052137624
  outer loop
   vertex -0.082414925 -0.0053120493 0.046678584
   vertex -0.083037145 -0.0053369729 0.046191335
   vertex -0.083027829 -0.0053107915 0.04669373
  endloop
 endfacet
 facet normal -0.99994907 0.0074305016 -0.0068304066
  outer loop
   vertex -0.08241009 -0.0050630258 0.046241734
   vertex -0.082411926 -0.0053363573 0.046213038
   vertex -0.082414925 -0.0053120493 0.046678584
  endloop
 endfacet
 facet normal -0.99994907 0.0074305016 -0.0068304066
  outer loop
   vertex -0.08241009 -0.0050630258 0.046241734
   vertex -0.082414925 -0.0053120493 0.046678584
   vertex -0.082411043 -0.0052976593 0.046891725
  endloop
 endfacet
 facet normal -1.4023583e-15 0.99862953 -0.052335952
  outer loop
   vertex -0.085648021 -0.0054660127 0.043738878
   vertex -0.08499391 -0.0054660318 0.043738513
   vertex -0.084994476 -0.0054987284 0.043114625
  endloop
 endfacet
 facet normal -1.4023583e-15 0.99862953 -0.052335952
  outer loop
   vertex -0.085648021 -0.0054660127 0.043738878
   vertex -0.084994476 -0.0054987284 0.043114625
   vertex -0.085647875 -0.0054987124 0.043114931
  endloop
 endfacet
 facet normal 1.6959202e-16 0.99862953 -0.052335952
  outer loop
   vertex -0.08564748 -0.0055313914 0.042491378
   vertex -0.086314037 -0.0055313467 0.042492232
   vertex -0.086315435 -0.005498657 0.043115987
  endloop
 endfacet
 facet normal 1.6959202e-16 0.99862953 -0.052335952
  outer loop
   vertex -0.08564748 -0.0055313914 0.042491378
   vertex -0.086315435 -0.005498657 0.043115987
   vertex -0.085647875 -0.0054987124 0.043114931
  endloop
 endfacet
 facet normal -6.8678834e-16 0.99862953 -0.052335952
  outer loop
   vertex -0.087686884 -0.005432816 0.044372308
   vertex -0.087005461 -0.0054330706 0.044367452
   vertex -0.087005368 -0.0054658228 0.043742502
  endloop
 endfacet
 facet normal -6.8678834e-16 0.99862953 -0.052335952
  outer loop
   vertex -0.087686884 -0.005432816 0.044372308
   vertex -0.087005368 -0.0054658228 0.043742502
   vertex -0.087685866 -0.0054655524 0.043747661
  endloop
 endfacet
 facet normal 5.8509967e-16 0.99862953 -0.052335952
  outer loop
   vertex -0.086316154 -0.0054332014 0.044364955
   vertex -0.087005461 -0.0054330706 0.044367452
   vertex -0.087001663 -0.0054002658 0.044993404
  endloop
 endfacet
 facet normal 5.8509967e-16 0.99862953 -0.052335952
  outer loop
   vertex -0.086316154 -0.0054332014 0.044364955
   vertex -0.087001663 -0.0054002658 0.044993404
   vertex -0.086313817 -0.0054004007 0.044990829
  endloop
 endfacet
 facet normal 5.6782225e-16 0.99862953 -0.052335952
  outer loop
   vertex -0.087682914 -0.0054982684 0.043123402
   vertex -0.087685866 -0.0054655524 0.043747661
   vertex -0.087005368 -0.0054658228 0.043742502
  endloop
 endfacet
 facet normal 5.6782225e-16 0.99862953 -0.052335952
  outer loop
   vertex -0.087682914 -0.0054982684 0.043123402
   vertex -0.087005368 -0.0054658228 0.043742502
   vertex -0.087003469 -0.0054985392 0.043118236
  endloop
 endfacet
 facet normal 1.7122833e-15 0.99862953 -0.052335952
  outer loop
   vertex -0.086315435 -0.005498657 0.043115987
   vertex -0.086314037 -0.0055313467 0.042492232
   vertex -0.087000837 -0.0055312507 0.042494063
  endloop
 endfacet
 facet normal 1.7122833e-15 0.99862953 -0.052335952
  outer loop
   vertex -0.086315435 -0.005498657 0.043115987
   vertex -0.087000837 -0.0055312507 0.042494063
   vertex -0.087003469 -0.0054985392 0.043118236
  endloop
 endfacet
 facet normal -1.2933461e-15 0.99862953 -0.052335952
  outer loop
   vertex -0.085646496 -0.0055967315 0.041244615
   vertex -0.085646995 -0.0055640629 0.041867968
   vertex -0.084995346 -0.0055640706 0.041867822
  endloop
 endfacet
 facet normal -1.2933461e-15 0.99862953 -0.052335952
  outer loop
   vertex -0.085646496 -0.0055967315 0.041244615
   vertex -0.084995346 -0.0055640706 0.041867822
   vertex -0.084995771 -0.005596736 0.041244528
  endloop
 endfacet
 facet normal 1.6693053e-16 0.99862953 -0.052335952
  outer loop
   vertex -0.086312466 -0.0055640286 0.041868623
   vertex -0.086314037 -0.0055313467 0.042492232
   vertex -0.08564748 -0.0055313914 0.042491378
  endloop
 endfacet
 facet normal 1.6693053e-16 0.99862953 -0.052335952
  outer loop
   vertex -0.086312466 -0.0055640286 0.041868623
   vertex -0.08564748 -0.0055313914 0.042491378
   vertex -0.085646995 -0.0055640629 0.041867968
  endloop
 endfacet
 facet normal -2.3548073e-16 0.99862953 -0.052335952
  outer loop
   vertex -0.086994985 -0.0055966406 0.04124635
   vertex -0.086992094 -0.0056293168 0.040622849
   vertex -0.087667249 -0.0056291457 0.040626116
  endloop
 endfacet
 facet normal -2.3548073e-16 0.99862953 -0.052335952
  outer loop
   vertex -0.086994985 -0.0055966406 0.04124635
   vertex -0.087667249 -0.0056291457 0.040626116
   vertex -0.087671128 -0.0055964646 0.041249707
  endloop
 endfacet
 facet normal -1.1822009e-15 0.99862953 -0.052335952
  outer loop
   vertex -0.086309277 -0.0056293745 0.040621749
   vertex -0.086307746 -0.0056620423 0.03999841
   vertex -0.086989291 -0.0056619877 0.039999452
  endloop
 endfacet
 facet normal -1.1822009e-15 0.99862953 -0.052335952
  outer loop
   vertex -0.086309277 -0.0056293745 0.040621749
   vertex -0.086989291 -0.0056619877 0.039999452
   vertex -0.086992094 -0.0056293168 0.040622849
  endloop
 endfacet
 facet normal 9.6260674e-16 0.99862953 -0.052335952
  outer loop
   vertex -0.086994985 -0.0055966406 0.04124635
   vertex -0.087671128 -0.0055964646 0.041249707
   vertex -0.087675185 -0.0055637688 0.041873581
  endloop
 endfacet
 facet normal 9.6260674e-16 0.99862953 -0.052335952
  outer loop
   vertex -0.086994985 -0.0055966406 0.04124635
   vertex -0.087675185 -0.0055637688 0.041873581
   vertex -0.086997937 -0.0055639544 0.041870038
  endloop
 endfacet
 facet normal 1.7050026e-15 0.99862953 -0.052335952
  outer loop
   vertex -0.087000837 -0.0055312507 0.042494063
   vertex -0.086314037 -0.0055313467 0.042492232
   vertex -0.086312466 -0.0055640286 0.041868623
  endloop
 endfacet
 facet normal 1.7050026e-15 0.99862953 -0.052335952
  outer loop
   vertex -0.087000837 -0.0055312507 0.042494063
   vertex -0.086312466 -0.0055640286 0.041868623
   vertex -0.086997937 -0.0055639544 0.041870038
  endloop
 endfacet
 facet normal 1 -2.1816694e-14 -2.8598544e-17
  outer loop
   vertex -0.088410981 -0.0018805767 0.046250237
   vertex -0.088410981 -0.0018813968 0.046875862
   vertex -0.088410981 -0.0025175066 0.046876749
  endloop
 endfacet
 facet normal 1 -2.1816694e-14 -2.8598544e-17
  outer loop
   vertex -0.088410981 -0.0018805767 0.046250237
   vertex -0.088410981 -0.0025175066 0.046876749
   vertex -0.088410981 -0.0025158449 0.046250617
  endloop
 endfacet
 facet normal 1 -2.2065798e-14 -2.219412e-14
  outer loop
   vertex -0.088410981 -0.0012519771 0.046875372
   vertex -0.088410981 -0.0012527224 0.047501405
   vertex -0.088410981 -0.0018830992 0.047502845
  endloop
 endfacet
 facet normal 1 -2.2065798e-14 -2.219412e-14
  outer loop
   vertex -0.088410981 -0.0012519771 0.046875372
   vertex -0.088410981 -0.0018830992 0.047502845
   vertex -0.088410981 -0.0018813968 0.046875862
  endloop
 endfacet
 facet normal 1 0 0
  outer loop
   vertex -0.088410981 -0.0012513489 0.045625022
   vertex -0.088410981 -0.0012509007 0.045000023
   vertex -0.088410981 -0.00062519529 0.045000004
  endloop
 endfacet
 facet normal 1 0 0
  outer loop
   vertex -0.088410981 -0.0012513489 0.045625022
   vertex -0.088410981 -0.00062519529 0.045000004
   vertex -0.088410981 -0.00062529091 0.045625004
  endloop
 endfacet
 facet normal 1 0 -0
  outer loop
   vertex -0.088410981 2.4968361e-07 0.045625008
   vertex -0.088410981 2.983247e-07 0.046250027
   vertex -0.088410981 -0.00062535353 0.046250026
  endloop
 endfacet
 facet normal 1 0 -0
  outer loop
   vertex -0.088410981 2.4968361e-07 0.045625008
   vertex -0.088410981 -0.00062535353 0.046250026
   vertex -0.088410981 -0.00062529091 0.045625004
  endloop
 endfacet
 facet normal 1 4.381011e-14 -2.212543e-14
  outer loop
   vertex -0.088410981 -0.0025129054 0.045625409
   vertex -0.088410981 -0.0018795112 0.045625115
   vertex -0.088410981 -0.0018805767 0.046250237
  endloop
 endfacet
 facet normal 1 4.381011e-14 -2.212543e-14
  outer loop
   vertex -0.088410981 -0.0025129054 0.045625409
   vertex -0.088410981 -0.0018805767 0.046250237
   vertex -0.088410981 -0.0025158449 0.046250617
  endloop
 endfacet
 facet normal 1 -2.2131908e-14 -1.5870677e-17
  outer loop
   vertex -0.088410981 -0.0018779497 0.045000107
   vertex -0.088410981 -0.0012509007 0.045000023
   vertex -0.088410981 -0.0012513489 0.045625022
  endloop
 endfacet
 facet normal 1 -2.2131908e-14 -1.5870677e-17
  outer loop
   vertex -0.088410981 -0.0018779497 0.045000107
   vertex -0.088410981 -0.0012513489 0.045625022
   vertex -0.088410981 -0.0018795112 0.045625115
  endloop
 endfacet
 facet normal 1 2.2107639e-14 -2.214153e-14
  outer loop
   vertex -0.088410981 -0.00062564229 0.047500749
   vertex -0.088410981 -0.0012527224 0.047501405
   vertex -0.088410981 -0.0012519771 0.046875372
  endloop
 endfacet
 facet normal 1 2.2107639e-14 -2.214153e-14
  outer loop
   vertex -0.088410981 -0.00062564229 0.047500749
   vertex -0.088410981 -0.0012519771 0.046875372
   vertex -0.088410981 -0.0006254255 0.046875168
  endloop
 endfacet
 facet normal 1 -1.4472274e-20 2.2200475e-14
  outer loop
   vertex -0.088410981 -0.00062535353 0.046250026
   vertex -0.088410981 2.983247e-07 0.046250027
   vertex -0.088410981 3.6186802e-07 0.046875139
  endloop
 endfacet
 facet normal 1 -1.4472274e-20 2.2200475e-14
  outer loop
   vertex -0.088410981 -0.00062535353 0.046250026
   vertex -0.088410981 3.6186802e-07 0.046875139
   vertex -0.088410981 -0.0006254255 0.046875168
  endloop
 endfacet
 facet normal 1.9529562e-15 -0.99862953 0.052335957
  outer loop
   vertex -0.085644067 0.0045480513 0.043745374
   vertex -0.086301584 0.004548029 0.043744948
   vertex -0.086303148 0.0045153456 0.043121311
  endloop
 endfacet
 facet normal 1.9529562e-15 -0.99862953 0.052335957
  outer loop
   vertex -0.085644067 0.0045480513 0.043745374
   vertex -0.086303148 0.0045153456 0.043121311
   vertex -0.085644495 0.0045153658 0.043121697
  endloop
 endfacet
 facet normal -1.6744973e-15 -0.99862953 0.052335957
  outer loop
   vertex -0.08697811 0.004547972 0.043743859
   vertex -0.086301584 0.004548029 0.043744948
   vertex -0.086299572 0.0045807387 0.044369086
  endloop
 endfacet
 facet normal -1.6744973e-15 -0.99862953 0.052335957
  outer loop
   vertex -0.08697811 0.004547972 0.043743859
   vertex -0.086299572 0.0045807387 0.044369086
   vertex -0.086974931 0.0045806801 0.044367969
  endloop
 endfacet
 facet normal -1.6759636e-15 -0.99862953 0.052335957
  outer loop
   vertex -0.086303148 0.0045153456 0.043121311
   vertex -0.086301584 0.004548029 0.043744948
   vertex -0.08697811 0.004547972 0.043743859
  endloop
 endfacet
 facet normal -1.6759636e-15 -0.99862953 0.052335957
  outer loop
   vertex -0.086303148 0.0045153456 0.043121311
   vertex -0.08697811 0.004547972 0.043743859
   vertex -0.086980821 0.0045152925 0.043120298
  endloop
 endfacet
 facet normal 1 3.4300549e-17 2.2205222e-14
  outer loop
   vertex -0.088410981 0.0018849895 0.043749293
   vertex -0.088410981 0.0018830542 0.043124317
   vertex -0.088410981 0.0025212402 0.043123331
  endloop
 endfacet
 facet normal 1 3.4300549e-17 2.2205222e-14
  outer loop
   vertex -0.088410981 0.0018849895 0.043749293
   vertex -0.088410981 0.0025212402 0.043123331
   vertex -0.088410981 0.002525813 0.043748222
  endloop
 endfacet
 facet normal 1 2.2053614e-14 -2.5454549e-17
  outer loop
   vertex -0.088410981 0.0012525024 0.043124758
   vertex -0.088410981 0.001251781 0.042499784
   vertex -0.088410981 0.0018810555 0.042499399
  endloop
 endfacet
 facet normal 1 2.2053614e-14 -2.5454549e-17
  outer loop
   vertex -0.088410981 0.0012525024 0.043124758
   vertex -0.088410981 0.0018810555 0.042499399
   vertex -0.088410981 0.0018830542 0.043124317
  endloop
 endfacet
 facet normal 1 -2.2176099e-14 -2.2196477e-14
  outer loop
   vertex -0.088410981 0.00062581595 0.043749929
   vertex -0.088410981 0.00062602287 0.044374947
   vertex -0.088410981 1.8091165e-07 0.04437499
  endloop
 endfacet
 facet normal 1 -2.2176099e-14 -2.2196477e-14
  outer loop
   vertex -0.088410981 0.00062581595 0.043749929
   vertex -0.088410981 1.8091165e-07 0.04437499
   vertex -0.088410981 1.4030926e-07 0.043749983
  endloop
 endfacet
 facet normal 1 2.2109133e-14 2.2196482e-14
  outer loop
   vertex -0.088410981 0.00062621668 0.044999979
   vertex -0.088410981 0.00062602287 0.044374947
   vertex -0.088410981 0.0012538658 0.0443748
  endloop
 endfacet
 facet normal 1 2.2109133e-14 2.2196482e-14
  outer loop
   vertex -0.088410981 0.00062621668 0.044999979
   vertex -0.088410981 0.0012538658 0.0443748
   vertex -0.088410981 0.0012544642 0.044999886
  endloop
 endfacet
 facet normal 1 -0 0
  outer loop
   vertex -0.088410981 0.00062537938 0.042499932
   vertex -0.088410981 0.001251781 0.042499784
   vertex -0.088410981 0.0012525024 0.043124758
  endloop
 endfacet
 facet normal 1 -0 0
  outer loop
   vertex -0.088410981 0.00062537938 0.042499932
   vertex -0.088410981 0.0012525024 0.043124758
   vertex -0.088410981 0.00062559949 0.043124926
  endloop
 endfacet
 facet normal 1 2.2184478e-14 -2.2212024e-14
  outer loop
   vertex -0.088410981 9.2065206e-08 0.043124981
   vertex -0.088410981 0.00062559949 0.043124926
   vertex -0.088410981 0.00062581595 0.043749929
  endloop
 endfacet
 facet normal 1 2.2184478e-14 -2.2212024e-14
  outer loop
   vertex -0.088410981 9.2065206e-08 0.043124981
   vertex -0.088410981 0.00062581595 0.043749929
   vertex -0.088410981 1.4030926e-07 0.043749983
  endloop
 endfacet
 facet normal 1 -2.1610389e-14 -2.2139588e-14
  outer loop
   vertex -0.088410981 0.002530024 0.044373339
   vertex -0.088410981 0.0018867832 0.044374373
   vertex -0.088410981 0.0018849895 0.043749293
  endloop
 endfacet
 facet normal 1 -2.1610389e-14 -2.2139588e-14
  outer loop
   vertex -0.088410981 0.002530024 0.044373339
   vertex -0.088410981 0.0018849895 0.043749293
   vertex -0.088410981 0.002525813 0.043748222
  endloop
 endfacet
 facet normal 1 -2.1893074e-14 2.0957555e-17
  outer loop
   vertex -0.088410981 0.0018883533 0.044999585
   vertex -0.088410981 0.0012544642 0.044999886
   vertex -0.088410981 0.0012538658 0.0443748
  endloop
 endfacet
 facet normal 1 -2.1893074e-14 2.0957555e-17
  outer loop
   vertex -0.088410981 0.0018883533 0.044999585
   vertex -0.088410981 0.0012538658 0.0443748
   vertex -0.088410981 0.0018867832 0.044374373
  endloop
 endfacet
 facet normal 7.8483052e-16 -0.99862953 0.052335957
  outer loop
   vertex -0.086306004 0.0044500097 0.041874628
   vertex -0.086307449 0.0044173443 0.041251335
   vertex -0.085645502 0.0044173649 0.041251729
  endloop
 endfacet
 facet normal 7.8483052e-16 -0.99862953 0.052335957
  outer loop
   vertex -0.086306004 0.0044500097 0.041874628
   vertex -0.085645502 0.0044173649 0.041251729
   vertex -0.085645149 0.0044500293 0.041875002
  endloop
 endfacet
 facet normal -1.2604584e-15 -0.99862953 0.052335957
  outer loop
   vertex -0.08630892 0.0043846776 0.040628018
   vertex -0.086307449 0.0044173443 0.041251335
   vertex -0.086988758 0.0044172908 0.041250314
  endloop
 endfacet
 facet normal -1.2604584e-15 -0.99862953 0.052335957
  outer loop
   vertex -0.08630892 0.0043846776 0.040628018
   vertex -0.086988758 0.0044172908 0.041250314
   vertex -0.086991445 0.0043846221 0.040626958
  endloop
 endfacet
 facet normal -1.2605683e-15 -0.99862953 0.052335957
  outer loop
   vertex -0.086988758 0.0044172908 0.041250314
   vertex -0.086307449 0.0044173443 0.041251335
   vertex -0.086306004 0.0044500097 0.041874628
  endloop
 endfacet
 facet normal -1.2605683e-15 -0.99862953 0.052335957
  outer loop
   vertex -0.086988758 0.0044172908 0.041250314
   vertex -0.086306004 0.0044500097 0.041874628
   vertex -0.086986089 0.0044499575 0.041873632
  endloop
 endfacet
 facet normal 7.5374033e-05 -0.99863122 0.05230371
  outer loop
   vertex -0.084989516 0.0046878458 0.04641281
   vertex -0.084340329 0.0046879303 0.046413489
   vertex -0.084335668 0.0047148065 0.046926627
  endloop
 endfacet
 facet normal 7.5374033e-05 -0.99863122 0.05230371
  outer loop
   vertex -0.084989516 0.0046878458 0.04641281
   vertex -0.084335668 0.0047148065 0.046926627
   vertex -0.084986794 0.0047147546 0.046926262
  endloop
 endfacet
 facet normal 3.693729e-06 -0.99908255 0.042825849
  outer loop
   vertex -0.083675245 0.0047375737 0.047457707
   vertex -0.084335116 0.004737579 0.047457887
   vertex -0.084335668 0.0047148065 0.046926627
  endloop
 endfacet
 facet normal 3.693729e-06 -0.99908255 0.042825849
  outer loop
   vertex -0.083675245 0.0047375737 0.047457707
   vertex -0.084335668 0.0047148065 0.046926627
   vertex -0.083676655 0.0047148852 0.046927219
  endloop
 endfacet
 facet normal 7.2662173e-05 -0.99865111 0.051922519
  outer loop
   vertex -0.083682388 0.0046882506 0.046414952
   vertex -0.083676655 0.0047148852 0.046927219
   vertex -0.084335668 0.0047148065 0.046926627
  endloop
 endfacet
 facet normal 7.2662173e-05 -0.99865111 0.051922519
  outer loop
   vertex -0.083682388 0.0046882506 0.046414952
   vertex -0.084335668 0.0047148065 0.046926627
   vertex -0.084340329 0.0046879303 0.046413489
  endloop
 endfacet
 facet normal 0.0014302835 -0.99864086 0.052099784
  outer loop
   vertex -0.082425845 0.0046882777 0.046416374
   vertex -0.082419313 0.0047139491 0.04690826
   vertex -0.083042227 0.0047140003 0.046926342
  endloop
 endfacet
 facet normal 0.0014302835 -0.99864086 0.052099784
  outer loop
   vertex -0.082425845 0.0046882777 0.046416374
   vertex -0.083042227 0.0047140003 0.046926342
   vertex -0.083039337 0.0046893129 0.046425375
  endloop
 endfacet
 facet normal -0.001334463 -0.99908561 0.042733649
  outer loop
   vertex -0.083675245 0.0047375737 0.047457707
   vertex -0.083676655 0.0047148852 0.046927219
   vertex -0.083042227 0.0047140003 0.046926342
  endloop
 endfacet
 facet normal -0.001334463 -0.99908561 0.042733649
  outer loop
   vertex -0.083675245 0.0047375737 0.047457707
   vertex -0.083042227 0.0047140003 0.046926342
   vertex -0.083039732 0.0047365396 0.047457655
  endloop
 endfacet
 facet normal 0.00085195872 -0.99878737 0.04922469
  outer loop
   vertex -0.083682388 0.0046882506 0.046414952
   vertex -0.083039337 0.0046893129 0.046425375
   vertex -0.083042227 0.0047140003 0.046926342
  endloop
 endfacet
 facet normal 0.00085195872 -0.99878737 0.04922469
  outer loop
   vertex -0.083682388 0.0046882506 0.046414952
   vertex -0.083042227 0.0047140003 0.046926342
   vertex -0.083676655 0.0047148852 0.046927219
  endloop
 endfacet
 facet normal 0.00081237737 -0.98383435 -0.17907905
  outer loop
   vertex -0.083696305 0.0045620924 0.048822126
   vertex -0.084348451 0.0045609927 0.048825209
   vertex -0.084338512 0.0047161195 0.04797301
  endloop
 endfacet
 facet normal 0.00081237737 -0.98383435 -0.17907905
  outer loop
   vertex -0.083696305 0.0045620924 0.048822126
   vertex -0.084338512 0.0047161195 0.04797301
   vertex -0.083678507 0.0047164363 0.047970953
  endloop
 endfacet
 facet normal 0.00035126578 -0.99915305 -0.041146788
  outer loop
   vertex -0.083675245 0.0047375737 0.047457707
   vertex -0.083678507 0.0047164363 0.047970953
   vertex -0.084338512 0.0047161195 0.04797301
  endloop
 endfacet
 facet normal 0.00035126578 -0.99915305 -0.041146788
  outer loop
   vertex -0.083675245 0.0047375737 0.047457707
   vertex -0.084338512 0.0047161195 0.04797301
   vertex -0.084335116 0.004737579 0.047457887
  endloop
 endfacet
 facet normal -0.0005644561 -0.94754602 -0.31961888
  outer loop
   vertex -0.083058452 0.0045674001 0.04881156
   vertex -0.08305873 0.0043872075 0.049345762
   vertex -0.083691238 0.0043892582 0.0493408
  endloop
 endfacet
 facet normal -0.0005644561 -0.94754602 -0.31961888
  outer loop
   vertex -0.083058452 0.0045674001 0.04881156
   vertex -0.083691238 0.0043892582 0.0493408
   vertex -0.083696305 0.0045620924 0.048822126
  endloop
 endfacet
 facet normal 0.0052341157 -0.98395995 -0.17831273
  outer loop
   vertex -0.083058452 0.0045674001 0.04881156
   vertex -0.083696305 0.0045620924 0.048822126
   vertex -0.083678507 0.0047164363 0.047970953
  endloop
 endfacet
 facet normal 0.0052341157 -0.98395995 -0.17831273
  outer loop
   vertex -0.083058452 0.0045674001 0.04881156
   vertex -0.083678507 0.0047164363 0.047970953
   vertex -0.083032951 0.0047174241 0.047960229
  endloop
 endfacet
 facet normal -0.0016292122 -0.99927696 -0.037985686
  outer loop
   vertex -0.083675245 0.0047375737 0.047457707
   vertex -0.083039732 0.0047365396 0.047457655
   vertex -0.083032951 0.0047174241 0.047960229
  endloop
 endfacet
 facet normal -0.0016292122 -0.99927696 -0.037985686
  outer loop
   vertex -0.083675245 0.0047375737 0.047457707
   vertex -0.083032951 0.0047174241 0.047960229
   vertex -0.083678507 0.0047164363 0.047970953
  endloop
 endfacet
 facet normal 2.577812e-16 -0.99862953 0.052335957
  outer loop
   vertex -0.086292217 0.0046428913 0.045555028
   vertex -0.086281898 0.004688057 0.046416842
   vertex -0.086936201 0.0046885438 0.046426129
  endloop
 endfacet
 facet normal 2.577812e-16 -0.99862953 0.052335957
  outer loop
   vertex -0.086292217 0.0046428913 0.045555028
   vertex -0.086936201 0.0046885438 0.046426129
   vertex -0.086964193 0.0046431093 0.045559187
  endloop
 endfacet
 facet normal -2.1174531e-15 -0.99862953 0.052335957
  outer loop
   vertex -0.084989516 0.0046878458 0.04641281
   vertex -0.084986794 0.0047147546 0.046926262
   vertex -0.085631093 0.0047147551 0.046926272
  endloop
 endfacet
 facet normal -2.1174531e-15 -0.99862953 0.052335957
  outer loop
   vertex -0.084989516 0.0046878458 0.04641281
   vertex -0.085631093 0.0047147551 0.046926272
   vertex -0.085633441 0.0046878782 0.046413429
  endloop
 endfacet
 facet normal -1.0597597e-05 -0.99907527 0.04299552
  outer loop
   vertex -0.086277206 0.0047375588 0.047455995
   vertex -0.086277502 0.0047147935 0.046927003
   vertex -0.085631093 0.0047147551 0.046926272
  endloop
 endfacet
 facet normal -1.0597597e-05 -0.99907527 0.04299552
  outer loop
   vertex -0.086277206 0.0047375588 0.047455995
   vertex -0.085631093 0.0047147551 0.046926272
   vertex -0.085630923 0.0047375588 0.047457315
  endloop
 endfacet
 facet normal 1.7783366e-15 -0.99862953 0.052335957
  outer loop
   vertex -0.086281898 0.004688057 0.046416842
   vertex -0.085633441 0.0046878782 0.046413429
   vertex -0.085631093 0.0047147551 0.046926272
  endloop
 endfacet
 facet normal 1.7783366e-15 -0.99862953 0.052335957
  outer loop
   vertex -0.086281898 0.004688057 0.046416842
   vertex -0.085631093 0.0047147551 0.046926272
   vertex -0.086277502 0.0047147935 0.046927003
  endloop
 endfacet
 facet normal 3.9330654e-17 -0.99862953 0.052335957
  outer loop
   vertex -0.087557 0.0046899794 0.046453523
   vertex -0.086936201 0.0046885438 0.046426129
   vertex -0.086924347 0.0047148903 0.046928851
  endloop
 endfacet
 facet normal 3.9330654e-17 -0.99862953 0.052335957
  outer loop
   vertex -0.087557 0.0046899794 0.046453523
   vertex -0.086924347 0.0047148903 0.046928851
   vertex -0.087526414 0.0047148758 0.046928574
  endloop
 endfacet
 facet normal -0.00021035451 -0.99906554 0.043220505
  outer loop
   vertex -0.086277206 0.0047375588 0.047455995
   vertex -0.086923841 0.0047375588 0.047452848
   vertex -0.086924347 0.0047148903 0.046928851
  endloop
 endfacet
 facet normal -0.00021035451 -0.99906554 0.043220505
  outer loop
   vertex -0.086277206 0.0047375588 0.047455995
   vertex -0.086924347 0.0047148903 0.046928851
   vertex -0.086277502 0.0047147935 0.046927003
  endloop
 endfacet
 facet normal -1.091371e-15 -0.99862953 0.052335957
  outer loop
   vertex -0.086281898 0.004688057 0.046416842
   vertex -0.086277502 0.0047147935 0.046927003
   vertex -0.086924347 0.0047148903 0.046928851
  endloop
 endfacet
 facet normal -1.091371e-15 -0.99862953 0.052335957
  outer loop
   vertex -0.086281898 0.004688057 0.046416842
   vertex -0.086924347 0.0047148903 0.046928851
   vertex -0.086936201 0.0046885438 0.046426129
  endloop
 endfacet
 facet normal 1 2.1340809e-14 -5.0771966e-17
  outer loop
   vertex -0.088410981 0.0025428706 0.046875004
   vertex -0.088410981 0.0018925781 0.046875363
   vertex -0.088410981 0.0018910905 0.046250078
  endloop
 endfacet
 facet normal 1 2.1340809e-14 -5.0771966e-17
  outer loop
   vertex -0.088410981 0.0025428706 0.046875004
   vertex -0.088410981 0.0018910905 0.046250078
   vertex -0.088410981 0.0025391886 0.04625004
  endloop
 endfacet
 facet normal 1 -7.3713767e-19 2.2143914e-14
  outer loop
   vertex -0.088410981 0.0012561988 0.046875342
   vertex -0.088410981 0.0018925781 0.046875363
   vertex -0.088410981 0.0018935382 0.047502072
  endloop
 endfacet
 facet normal 1 -7.3713767e-19 2.2143914e-14
  outer loop
   vertex -0.088410981 0.0012561988 0.046875342
   vertex -0.088410981 0.0018935382 0.047502072
   vertex -0.088410981 0.0012569571 0.047501605
  endloop
 endfacet
 facet normal 1 2.21581e-14 -1.7244203e-18
  outer loop
   vertex -0.088410981 0.00062660599 0.046250051
   vertex -0.088410981 2.983247e-07 0.046250027
   vertex -0.088410981 2.4968361e-07 0.045625008
  endloop
 endfacet
 facet normal 1 2.21581e-14 -1.7244203e-18
  outer loop
   vertex -0.088410981 0.00062660599 0.046250051
   vertex -0.088410981 2.4968361e-07 0.045625008
   vertex -0.088410981 0.00062640471 0.045625013
  endloop
 endfacet
 facet normal 1 -2.2076051e-14 2.2209904e-14
  outer loop
   vertex -0.088410981 0.0012550151 0.045624988
   vertex -0.088410981 0.00062640471 0.045625013
   vertex -0.088410981 0.00062621668 0.044999979
  endloop
 endfacet
 facet normal 1 -2.2076051e-14 2.2209904e-14
  outer loop
   vertex -0.088410981 0.0012550151 0.045624988
   vertex -0.088410981 0.00062621668 0.044999979
   vertex -0.088410981 0.0012544642 0.044999886
  endloop
 endfacet
 facet normal 1 -2.2039335e-14 2.6685813e-17
  outer loop
   vertex -0.088410981 0.0012561988 0.046875342
   vertex -0.088410981 0.0012569571 0.047501605
   vertex -0.088410981 0.00062727367 0.047501016
  endloop
 endfacet
 facet normal 1 -2.2039335e-14 2.6685813e-17
  outer loop
   vertex -0.088410981 0.0012561988 0.046875342
   vertex -0.088410981 0.00062727367 0.047501016
   vertex -0.088410981 0.00062684879 0.04687522
  endloop
 endfacet
 facet normal 1 2.2157227e-14 2.2198223e-14
  outer loop
   vertex -0.088410981 3.6186802e-07 0.046875139
   vertex -0.088410981 2.983247e-07 0.046250027
   vertex -0.088410981 0.00062660599 0.046250051
  endloop
 endfacet
 facet normal 1 2.2157227e-14 2.2198223e-14
  outer loop
   vertex -0.088410981 3.6186802e-07 0.046875139
   vertex -0.088410981 0.00062660599 0.046250051
   vertex -0.088410981 0.00062684879 0.04687522
  endloop
 endfacet
 facet normal 1 0 -0
  outer loop
   vertex -0.088410981 0.0025364182 0.045624514
   vertex -0.088410981 0.0025391886 0.04625004
   vertex -0.088410981 0.0018910905 0.046250078
  endloop
 endfacet
 facet normal 1 0 -0
  outer loop
   vertex -0.088410981 0.0025364182 0.045624514
   vertex -0.088410981 0.0018910905 0.046250078
   vertex -0.088410981 0.0018897181 0.045624866
  endloop
 endfacet
 facet normal 1 2.1873479e-14 4.4341162e-14
  outer loop
   vertex -0.088410981 0.0018883533 0.044999585
   vertex -0.088410981 0.0018897181 0.045624866
   vertex -0.088410981 0.0012550151 0.045624988
  endloop
 endfacet
 facet normal 1 2.1873479e-14 4.4341162e-14
  outer loop
   vertex -0.088410981 0.0018883533 0.044999585
   vertex -0.088410981 0.0012550151 0.045624988
   vertex -0.088410981 0.0012544642 0.044999886
  endloop
 endfacet
 facet normal -0.00033096803 -0.98394527 -0.17847015
  outer loop
   vertex -0.08564131 0.0045609564 0.048825337
   vertex -0.086298872 0.0045615583 0.048823238
   vertex -0.086282155 0.004716558 0.047968659
  endloop
 endfacet
 facet normal -0.00033096803 -0.98394527 -0.17847015
  outer loop
   vertex -0.08564131 0.0045609564 0.048825337
   vertex -0.086282155 0.004716558 0.047968659
   vertex -0.085633325 0.0047161255 0.047972774
  endloop
 endfacet
 facet normal 8.4840261e-05 -0.99913665 -0.041544599
  outer loop
   vertex -0.086277206 0.0047375588 0.047455995
   vertex -0.085630923 0.0047375588 0.047457315
   vertex -0.085633325 0.0047161255 0.047972774
  endloop
 endfacet
 facet normal 8.4840261e-05 -0.99913665 -0.041544599
  outer loop
   vertex -0.086277206 0.0047375588 0.047455995
   vertex -0.085633325 0.0047161255 0.047972774
   vertex -0.086282155 0.004716558 0.047968659
  endloop
 endfacet
 facet normal 0.00028713899 -0.94889436 -0.31559376
  outer loop
   vertex -0.08697661 0.0045628412 0.048818764
   vertex -0.086298872 0.0045615583 0.048823238
   vertex -0.086307889 0.0043903934 0.04933787
  endloop
 endfacet
 facet normal 0.00028713899 -0.94889436 -0.31559376
  outer loop
   vertex -0.08697661 0.0045628412 0.048818764
   vertex -0.086307889 0.0043903934 0.04933787
   vertex -0.086992354 0.0043924806 0.049332704
  endloop
 endfacet
 facet normal -0.00069376772 -0.98418885 -0.17712093
  outer loop
   vertex -0.086298872 0.0045615583 0.048823238
   vertex -0.08697661 0.0045628412 0.048818764
   vertex -0.086937068 0.0047176172 0.047958582
  endloop
 endfacet
 facet normal -0.00069376772 -0.98418885 -0.17712093
  outer loop
   vertex -0.086298872 0.0045615583 0.048823238
   vertex -0.086937068 0.0047176172 0.047958582
   vertex -0.086282155 0.004716558 0.047968659
  endloop
 endfacet
 facet normal -0.00098596243 -0.99916116 -0.040939079
  outer loop
   vertex -0.086277206 0.0047375588 0.047455995
   vertex -0.086282155 0.004716558 0.047968659
   vertex -0.086937068 0.0047176172 0.047958582
  endloop
 endfacet
 facet normal -0.00098596243 -0.99916116 -0.040939079
  outer loop
   vertex -0.086277206 0.0047375588 0.047455995
   vertex -0.086937068 0.0047176172 0.047958582
   vertex -0.086923841 0.0047375588 0.047452848
  endloop
 endfacet
 facet normal 1.3506615e-15 0.99862953 -0.052335952
  outer loop
   vertex -0.084997378 -0.0063174504 0.027492478
   vertex -0.085640067 -0.006317474 0.027492027
   vertex -0.0856436 -0.0062847247 0.028116921
  endloop
 endfacet
 facet normal 1.3506615e-15 0.99862953 -0.052335952
  outer loop
   vertex -0.084997378 -0.0063174504 0.027492478
   vertex -0.0856436 -0.0062847247 0.028116921
   vertex -0.084996673 -0.006284712 0.028117164
  endloop
 endfacet
 facet normal 1.3306448e-15 0.99862953 -0.052335952
  outer loop
   vertex -0.086293635 -0.0063174705 0.027492094
   vertex -0.086303062 -0.0062847124 0.028117155
   vertex -0.0856436 -0.0062847247 0.028116921
  endloop
 endfacet
 facet normal 1.3306448e-15 0.99862953 -0.052335952
  outer loop
   vertex -0.086293635 -0.0063174705 0.027492094
   vertex -0.0856436 -0.0062847247 0.028116921
   vertex -0.085640067 -0.006317474 0.027492027
  endloop
 endfacet
 facet normal 9.8237684e-16 0.99862953 -0.052335952
  outer loop
   vertex -0.086307803 -0.0062518578 0.028744059
   vertex -0.085645373 -0.0062518768 0.028743697
   vertex -0.0856436 -0.0062847247 0.028116921
  endloop
 endfacet
 facet normal 9.8237684e-16 0.99862953 -0.052335952
  outer loop
   vertex -0.086307803 -0.0062518578 0.028744059
   vertex -0.0856436 -0.0062847247 0.028116921
   vertex -0.086303062 -0.0062847124 0.028117155
  endloop
 endfacet
 facet normal -4.6460873e-16 0.99862953 -0.052335952
  outer loop
   vertex -0.084996157 -0.0062518728 0.028743773
   vertex -0.084996673 -0.006284712 0.028117164
   vertex -0.0856436 -0.0062847247 0.028116921
  endloop
 endfacet
 facet normal -4.6460873e-16 0.99862953 -0.052335952
  outer loop
   vertex -0.084996157 -0.0062518728 0.028743773
   vertex -0.0856436 -0.0062847247 0.028116921
   vertex -0.085645373 -0.0062518768 0.028743697
  endloop
 endfacet
 facet normal 1.9024026e-15 0.99862953 -0.052335952
  outer loop
   vertex -0.087674895 -0.0061861365 0.029998096
   vertex -0.086997743 -0.0061863243 0.029994514
   vertex -0.086994361 -0.0062190382 0.029370295
  endloop
 endfacet
 facet normal 1.9024026e-15 0.99862953 -0.052335952
  outer loop
   vertex -0.087674895 -0.0061861365 0.029998096
   vertex -0.086994361 -0.0062190382 0.029370295
   vertex -0.087670533 -0.0062188483 0.029373917
  endloop
 endfacet
 facet normal 1.2050013e-15 0.99862953 -0.052335952
  outer loop
   vertex -0.087665185 -0.0062515791 0.028749377
   vertex -0.087670533 -0.0062188483 0.029373917
   vertex -0.086994361 -0.0062190382 0.029370295
  endloop
 endfacet
 facet normal 1.2050013e-15 0.99862953 -0.052335952
  outer loop
   vertex -0.087665185 -0.0062515791 0.028749377
   vertex -0.086994361 -0.0062190382 0.029370295
   vertex -0.086989764 -0.0062517928 0.0287453
  endloop
 endfacet
 facet normal -1.3430362e-17 0.99862953 -0.052335952
  outer loop
   vertex -0.086307803 -0.0062518578 0.028744059
   vertex -0.086989764 -0.0062517928 0.0287453
   vertex -0.086994361 -0.0062190382 0.029370295
  endloop
 endfacet
 facet normal -1.3430362e-17 0.99862953 -0.052335952
  outer loop
   vertex -0.086307803 -0.0062518578 0.028744059
   vertex -0.086994361 -0.0062190382 0.029370295
   vertex -0.086310473 -0.0062191025 0.029369068
  endloop
 endfacet
 facet normal -2.0593342e-15 0.99862953 -0.052335952
  outer loop
   vertex -0.086312357 -0.0061863961 0.029993143
   vertex -0.086310473 -0.0062191025 0.029369068
   vertex -0.086994361 -0.0062190382 0.029370295
  endloop
 endfacet
 facet normal -2.0593342e-15 0.99862953 -0.052335952
  outer loop
   vertex -0.086312357 -0.0061863961 0.029993143
   vertex -0.086994361 -0.0062190382 0.029370295
   vertex -0.086997743 -0.0061863243 0.029994514
  endloop
 endfacet
 facet normal -2.8753428e-15 0.052336044 0.99862953
  outer loop
   vertex -0.082410976 -0.0025171933 0.026095554
   vertex -0.083080622 -0.002508196 0.026095082
   vertex -0.083077313 -0.0031333651 0.026127846
  endloop
 endfacet
 facet normal -2.8753428e-15 0.052336044 0.99862953
  outer loop
   vertex -0.082410976 -0.0025171933 0.026095554
   vertex -0.083077313 -0.0031333651 0.026127846
   vertex -0.082410976 -0.0031404814 0.026128219
  endloop
 endfacet
 facet normal 3.8983264e-15 0.052336044 0.99862953
  outer loop
   vertex -0.082410976 -0.0037637694 0.026160884
   vertex -0.082410976 -0.0031404814 0.026128219
   vertex -0.083077313 -0.0031333651 0.026127846
  endloop
 endfacet
 facet normal 3.8983264e-15 0.052336044 0.99862953
  outer loop
   vertex -0.082410976 -0.0037637694 0.026160884
   vertex -0.083077313 -0.0031333651 0.026127846
   vertex -0.083074647 -0.0037615638 0.026160768
  endloop
 endfacet
 facet normal -4.1841786e-15 0.052336044 0.99862953
  outer loop
   vertex -0.08370395 -0.0037638713 0.026160889
   vertex -0.083074647 -0.0037615638 0.026160768
   vertex -0.083077313 -0.0031333651 0.026127846
  endloop
 endfacet
 facet normal -4.1841786e-15 0.052336044 0.99862953
  outer loop
   vertex -0.08370395 -0.0037638713 0.026160889
   vertex -0.083077313 -0.0031333651 0.026127846
   vertex -0.083706257 -0.0031325994 0.026127806
  endloop
 endfacet
 facet normal 3.9334556e-15 0.052336044 0.99862953
  outer loop
   vertex -0.083709132 -0.0025061968 0.026094977
   vertex -0.083706257 -0.0031325994 0.026127806
   vertex -0.083077313 -0.0031333651 0.026127846
  endloop
 endfacet
 facet normal 3.9334556e-15 0.052336044 0.99862953
  outer loop
   vertex -0.083709132 -0.0025061968 0.026094977
   vertex -0.083077313 -0.0031333651 0.026127846
   vertex -0.083080622 -0.002508196 0.026095082
  endloop
 endfacet
 facet normal -0.00014557777 0.052281469 0.99863238
  outer loop
   vertex -0.082410976 -0.0025171933 0.026095554
   vertex -0.082410977 -0.0018939034 0.026062922
   vertex -0.083083681 -0.0018839448 0.026062303
  endloop
 endfacet
 facet normal -0.00014557777 0.052281469 0.99863238
  outer loop
   vertex -0.082410976 -0.0025171933 0.026095554
   vertex -0.083083681 -0.0018839448 0.026062303
   vertex -0.083080622 -0.002508196 0.026095082
  endloop
 endfacet
 facet normal -0.00089369014 0.052808638 0.99860425
  outer loop
   vertex -0.082410981 -0.0012706042 0.02603047
   vertex -0.083085436 -0.0012597152 0.026029291
   vertex -0.083083681 -0.0018839448 0.026062303
  endloop
 endfacet
 facet normal -0.00089369014 0.052808638 0.99860425
  outer loop
   vertex -0.082410981 -0.0012706042 0.02603047
   vertex -0.083083681 -0.0018839448 0.026062303
   vertex -0.082410977 -0.0018939034 0.026062922
  endloop
 endfacet
 facet normal 7.2735465e-05 0.052445203 0.9986238
  outer loop
   vertex -0.0837141 -0.0012571164 0.026029429
   vertex -0.083711941 -0.0018815459 0.026062223
   vertex -0.083083681 -0.0018839448 0.026062303
  endloop
 endfacet
 facet normal 7.2735465e-05 0.052445203 0.9986238
  outer loop
   vertex -0.0837141 -0.0012571164 0.026029429
   vertex -0.083083681 -0.0018839448 0.026062303
   vertex -0.083085436 -0.0012597152 0.026029291
  endloop
 endfacet
 facet normal 3.2243635e-07 0.052437131 0.99862423
  outer loop
   vertex -0.083709132 -0.0025061968 0.026094977
   vertex -0.083080622 -0.002508196 0.026095082
   vertex -0.083083681 -0.0018839448 0.026062303
  endloop
 endfacet
 facet normal 3.2243635e-07 0.052437131 0.99862423
  outer loop
   vertex -0.083709132 -0.0025061968 0.026094977
   vertex -0.083083681 -0.0018839448 0.026062303
   vertex -0.083711941 -0.0018815459 0.026062223
  endloop
 endfacet
 facet normal 8.0987282e-16 0.99862953 -0.052335952
  outer loop
   vertex -0.084997378 -0.0063174504 0.027492478
   vertex -0.084996673 -0.006284712 0.028117164
   vertex -0.084350093 -0.0062846695 0.028117974
  endloop
 endfacet
 facet normal 8.0987282e-16 0.99862953 -0.052335952
  outer loop
   vertex -0.084997378 -0.0063174504 0.027492478
   vertex -0.084350093 -0.0062846695 0.028117974
   vertex -0.084354864 -0.0063173832 0.027493759
  endloop
 endfacet
 facet normal -3.3367371e-16 0.99862953 -0.052335952
  outer loop
   vertex -0.083708759 -0.0063172116 0.027497034
   vertex -0.084354864 -0.0063173832 0.027493759
   vertex -0.084350093 -0.0062846695 0.028117974
  endloop
 endfacet
 facet normal -3.3367371e-16 0.99862953 -0.052335952
  outer loop
   vertex -0.083708759 -0.0063172116 0.027497034
   vertex -0.084350093 -0.0062846695 0.028117974
   vertex -0.083699467 -0.0062845646 0.028119977
  endloop
 endfacet
 facet normal -3.40118e-15 0.99862953 -0.052335952
  outer loop
   vertex -0.083694386 -0.0062517759 0.028745622
   vertex -0.083699467 -0.0062845646 0.028119977
   vertex -0.084350093 -0.0062846695 0.028117974
  endloop
 endfacet
 facet normal -3.40118e-15 0.99862953 -0.052335952
  outer loop
   vertex -0.083694386 -0.0062517759 0.028745622
   vertex -0.084350093 -0.0062846695 0.028117974
   vertex -0.08434733 -0.0062518456 0.028744293
  endloop
 endfacet
 facet normal 9.6216262e-16 0.99862953 -0.052335952
  outer loop
   vertex -0.084996157 -0.0062518728 0.028743773
   vertex -0.08434733 -0.0062518456 0.028744293
   vertex -0.084350093 -0.0062846695 0.028117974
  endloop
 endfacet
 facet normal 9.6216262e-16 0.99862953 -0.052335952
  outer loop
   vertex -0.084996157 -0.0062518728 0.028743773
   vertex -0.084350093 -0.0062846695 0.028117974
   vertex -0.084996673 -0.006284712 0.028117164
  endloop
 endfacet
 facet normal 1.6315543e-17 0.99862953 -0.052335952
  outer loop
   vertex -0.082410976 -0.0061857364 0.030005731
   vertex -0.082410976 -0.0062184015 0.029382443
   vertex -0.083060813 -0.0062188792 0.029373328
  endloop
 endfacet
 facet normal 1.6315543e-17 0.99862953 -0.052335952
  outer loop
   vertex -0.082410976 -0.0061857364 0.030005731
   vertex -0.083060813 -0.0062188792 0.029373328
   vertex -0.083057395 -0.0061861997 0.02999689
  endloop
 endfacet
 facet normal 1.1294988e-15 0.99862953 -0.052335952
  outer loop
   vertex -0.082410976 -0.0062510667 0.028759155
   vertex -0.083064768 -0.0062515761 0.028749434
   vertex -0.083060813 -0.0062188792 0.029373328
  endloop
 endfacet
 facet normal 1.1294988e-15 0.99862953 -0.052335952
  outer loop
   vertex -0.082410976 -0.0062510667 0.028759155
   vertex -0.083060813 -0.0062188792 0.029373328
   vertex -0.082410976 -0.0062184015 0.029382443
  endloop
 endfacet
 facet normal -3.6613283e-15 0.99862953 -0.052335952
  outer loop
   vertex -0.083694386 -0.0062517759 0.028745622
   vertex -0.083691011 -0.0062190536 0.029370001
   vertex -0.083060813 -0.0062188792 0.029373328
  endloop
 endfacet
 facet normal -3.6613283e-15 0.99862953 -0.052335952
  outer loop
   vertex -0.083694386 -0.0062517759 0.028745622
   vertex -0.083060813 -0.0062188792 0.029373328
   vertex -0.083064768 -0.0062515761 0.028749434
  endloop
 endfacet
 facet normal -7.5735936e-16 0.99862953 -0.052335952
  outer loop
   vertex -0.083688249 -0.0061863659 0.029993719
   vertex -0.083057395 -0.0061861997 0.02999689
   vertex -0.083060813 -0.0062188792 0.029373328
  endloop
 endfacet
 facet normal -7.5735936e-16 0.99862953 -0.052335952
  outer loop
   vertex -0.083688249 -0.0061863659 0.029993719
   vertex -0.083060813 -0.0062188792 0.029373328
   vertex -0.083691011 -0.0062190536 0.029370001
  endloop
 endfacet
 facet normal 2.0365078e-15 0.052336044 0.99862953
  outer loop
   vertex -0.087651066 -0.0025093615 0.026095143
   vertex -0.087653762 -0.0031344564 0.026127903
   vertex -0.086981503 -0.0031330301 0.026127828
  endloop
 endfacet
 facet normal 2.0365078e-15 0.052336044 0.99862953
  outer loop
   vertex -0.087651066 -0.0025093615 0.026095143
   vertex -0.086981503 -0.0031330301 0.026127828
   vertex -0.086979467 -0.002506705 0.026095004
  endloop
 endfacet
 facet normal -1.0133334e-15 0.052336044 0.99862953
  outer loop
   vertex -0.087655161 -0.0037623277 0.026160808
   vertex -0.086982166 -0.0037640239 0.026160897
   vertex -0.086981503 -0.0031330301 0.026127828
  endloop
 endfacet
 facet normal -1.0133334e-15 0.052336044 0.99862953
  outer loop
   vertex -0.087655161 -0.0037623277 0.026160808
   vertex -0.086981503 -0.0031330301 0.026127828
   vertex -0.087653762 -0.0031344564 0.026127903
  endloop
 endfacet
 facet normal -1.3867358e-16 0.052336044 0.99862953
  outer loop
   vertex -0.086303676 -0.0037654833 0.026160974
   vertex -0.086303472 -0.0031329347 0.026127823
   vertex -0.086981503 -0.0031330301 0.026127828
  endloop
 endfacet
 facet normal -1.3867358e-16 0.052336044 0.99862953
  outer loop
   vertex -0.086303676 -0.0037654833 0.026160974
   vertex -0.086981503 -0.0031330301 0.026127828
   vertex -0.086982166 -0.0037640239 0.026160897
  endloop
 endfacet
 facet normal -3.1018817e-15 0.052336044 0.99862953
  outer loop
   vertex -0.086302409 -0.0025059574 0.026094965
   vertex -0.086979467 -0.002506705 0.026095004
   vertex -0.086981503 -0.0031330301 0.026127828
  endloop
 endfacet
 facet normal -3.1018817e-15 0.052336044 0.99862953
  outer loop
   vertex -0.086302409 -0.0025059574 0.026094965
   vertex -0.086981503 -0.0031330301 0.026127828
   vertex -0.086303472 -0.0031329347 0.026127823
  endloop
 endfacet
 facet normal -4.2422473e-15 0.052336044 0.99862953
  outer loop
   vertex -0.087651066 -0.0025093615 0.026095143
   vertex -0.086979467 -0.002506705 0.026095004
   vertex -0.08697696 -0.0018821145 0.02606227
  endloop
 endfacet
 facet normal -4.2422473e-15 0.052336044 0.99862953
  outer loop
   vertex -0.087651066 -0.0025093615 0.026095143
   vertex -0.08697696 -0.0018821145 0.02606227
   vertex -0.087648111 -0.0018852562 0.026062435
  endloop
 endfacet
 facet normal -1.198776e-15 0.052336044 0.99862953
  outer loop
   vertex -0.087645185 -0.0012610047 0.026029719
   vertex -0.087648111 -0.0018852562 0.026062435
   vertex -0.08697696 -0.0018821145 0.02606227
  endloop
 endfacet
 facet normal -1.198776e-15 0.052336044 0.99862953
  outer loop
   vertex -0.087645185 -0.0012610047 0.026029719
   vertex -0.08697696 -0.0018821145 0.02606227
   vertex -0.086974066 -0.0012576129 0.026029542
  endloop
 endfacet
 facet normal -5.1640064e-15 0.052336044 0.99862953
  outer loop
   vertex -0.086299171 -0.0012564514 0.026029481
   vertex -0.086974066 -0.0012576129 0.026029542
   vertex -0.08697696 -0.0018821145 0.02606227
  endloop
 endfacet
 facet normal -5.1640064e-15 0.052336044 0.99862953
  outer loop
   vertex -0.086299171 -0.0012564514 0.026029481
   vertex -0.08697696 -0.0018821145 0.02606227
   vertex -0.086300985 -0.001881074 0.026062216
  endloop
 endfacet
 facet normal -6.8054344e-16 0.052336044 0.99862953
  outer loop
   vertex -0.086302409 -0.0025059574 0.026094965
   vertex -0.086300985 -0.001881074 0.026062216
   vertex -0.08697696 -0.0018821145 0.02606227
  endloop
 endfacet
 facet normal -6.8054344e-16 0.052336044 0.99862953
  outer loop
   vertex -0.086302409 -0.0025059574 0.026094965
   vertex -0.08697696 -0.0018821145 0.02606227
   vertex -0.086979467 -0.002506705 0.026095004
  endloop
 endfacet
 facet normal -4.3889788e-16 -0.99862953 0.052335957
  outer loop
   vertex -0.082410976 0.0036963379 0.027493713
   vertex -0.082410976 0.003729003 0.028117001
   vertex -0.083063214 0.0037294127 0.028124819
  endloop
 endfacet
 facet normal -4.3889788e-16 -0.99862953 0.052335957
  outer loop
   vertex -0.082410976 0.0036963379 0.027493713
   vertex -0.083063214 0.0037294127 0.028124819
   vertex -0.083063799 0.0036967026 0.027500673
  endloop
 endfacet
 facet normal 1.1246098e-16 -0.99862953 0.052335957
  outer loop
   vertex -0.083693958 0.0036967842 0.027502229
   vertex -0.083063799 0.0036967026 0.027500673
   vertex -0.083063214 0.0037294127 0.028124819
  endloop
 endfacet
 facet normal 1.1246098e-16 -0.99862953 0.052335957
  outer loop
   vertex -0.083693958 0.0036967842 0.027502229
   vertex -0.083063214 0.0037294127 0.028124819
   vertex -0.083693073 0.0037295389 0.028127227
  endloop
 endfacet
 facet normal 1.0654651e-15 -0.99862953 0.052335957
  outer loop
   vertex -0.082410976 0.0037616682 0.028740289
   vertex -0.083065173 0.0037621065 0.028748654
   vertex -0.083063214 0.0037294127 0.028124819
  endloop
 endfacet
 facet normal 1.0654651e-15 -0.99862953 0.052335957
  outer loop
   vertex -0.082410976 0.0037616682 0.028740289
   vertex -0.083063214 0.0037294127 0.028124819
   vertex -0.082410976 0.003729003 0.028117001
  endloop
 endfacet
 facet normal 3.4455751e-16 -0.99862953 0.052335957
  outer loop
   vertex -0.083694651 0.0037622537 0.028751462
   vertex -0.083693073 0.0037295389 0.028127227
   vertex -0.083063214 0.0037294127 0.028124819
  endloop
 endfacet
 facet normal 3.4455751e-16 -0.99862953 0.052335957
  outer loop
   vertex -0.083694651 0.0037622537 0.028751462
   vertex -0.083063214 0.0037294127 0.028124819
   vertex -0.083065173 0.0037621065 0.028748654
  endloop
 endfacet
 facet normal -5.0566107e-06 0.052235581 0.99863479
  outer loop
   vertex -0.084338642 0.0013111872 0.025894904
   vertex -0.08368009 0.0013117385 0.025894878
   vertex -0.083682639 0.00189571 0.025864332
  endloop
 endfacet
 facet normal -5.0566107e-06 0.052235581 0.99863479
  outer loop
   vertex -0.084338642 0.0013111872 0.025894904
   vertex -0.083682639 0.00189571 0.025864332
   vertex -0.084339696 0.0018963323 0.025864254
  endloop
 endfacet
 facet normal -0.0012266491 0.051776884 0.99865792
  outer loop
   vertex -0.083045413 0.001310089 0.025895743
   vertex -0.08368009 0.0013117385 0.025894878
   vertex -0.083684681 0.00078747193 0.025922054
  endloop
 endfacet
 facet normal -0.0012266491 0.051776884 0.99865792
  outer loop
   vertex -0.083045413 0.001310089 0.025895743
   vertex -0.083684681 0.00078747193 0.025922054
   vertex -0.083040933 0.00079872041 0.025920782
  endloop
 endfacet
 facet normal -0.0012254387 0.052230229 0.99863432
  outer loop
   vertex -0.083682639 0.00189571 0.025864332
   vertex -0.08368009 0.0013117385 0.025894878
   vertex -0.083045413 0.001310089 0.025895743
  endloop
 endfacet
 facet normal -0.0012254387 0.052230229 0.99863432
  outer loop
   vertex -0.083682639 0.00189571 0.025864332
   vertex -0.083045413 0.001310089 0.025895743
   vertex -0.083050312 0.0018924632 0.025864913
  endloop
 endfacet
 facet normal -6.025249e-16 -0.99862953 0.052335957
  outer loop
   vertex -0.087663299 0.0036963977 0.027494855
   vertex -0.086986818 0.0036965272 0.027497325
   vertex -0.086990759 0.003729432 0.028125186
  endloop
 endfacet
 facet normal -6.025249e-16 -0.99862953 0.052335957
  outer loop
   vertex -0.087663299 0.0036963977 0.027494855
   vertex -0.086990759 0.003729432 0.028125186
   vertex -0.087666478 0.0037292983 0.028122636
  endloop
 endfacet
 facet normal 2.8575686e-16 -0.99862953 0.052335957
  outer loop
   vertex -0.086305818 0.0036966566 0.027499796
   vertex -0.086308322 0.0037295115 0.028126703
   vertex -0.086990759 0.003729432 0.028125186
  endloop
 endfacet
 facet normal 2.8575686e-16 -0.99862953 0.052335957
  outer loop
   vertex -0.086305818 0.0036966566 0.027499796
   vertex -0.086990759 0.003729432 0.028125186
   vertex -0.086986818 0.0036965272 0.027497325
  endloop
 endfacet
 facet normal 8.60477e-17 -0.99862953 0.052335957
  outer loop
   vertex -0.087665215 0.0037620589 0.028747745
   vertex -0.087666478 0.0037292983 0.028122636
   vertex -0.086990759 0.003729432 0.028125186
  endloop
 endfacet
 facet normal 8.60477e-17 -0.99862953 0.052335957
  outer loop
   vertex -0.087665215 0.0037620589 0.028747745
   vertex -0.086990759 0.003729432 0.028125186
   vertex -0.086990336 0.0037622131 0.028750687
  endloop
 endfacet
 facet normal 2.335516e-15 -0.99862953 0.052335957
  outer loop
   vertex -0.086308238 0.0037622757 0.028751883
   vertex -0.086990336 0.0037622131 0.028750687
   vertex -0.086990759 0.003729432 0.028125186
  endloop
 endfacet
 facet normal 2.335516e-15 -0.99862953 0.052335957
  outer loop
   vertex -0.086308238 0.0037622757 0.028751883
   vertex -0.086990759 0.003729432 0.028125186
   vertex -0.086308322 0.0037295115 0.028126703
  endloop
 endfacet
 facet normal -8.1775503e-15 0.052336044 0.99862953
  outer loop
   vertex -0.086301431 0.0018945783 0.025864342
   vertex -0.086297522 0.0013102551 0.025894965
   vertex -0.085639913 0.0013105095 0.025894952
  endloop
 endfacet
 facet normal -8.1775503e-15 0.052336044 0.99862953
  outer loop
   vertex -0.086301431 0.0018945783 0.025864342
   vertex -0.085639913 0.0013105095 0.025894952
   vertex -0.085641121 0.0018959075 0.025864272
  endloop
 endfacet
 facet normal 1.1684916e-14 0.052336044 0.99862953
  outer loop
   vertex -0.08629419 0.00078784376 0.025922344
   vertex -0.086297522 0.0013102551 0.025894965
   vertex -0.086965463 0.001309344 0.025895013
  endloop
 endfacet
 facet normal 1.1684916e-14 0.052336044 0.99862953
  outer loop
   vertex -0.08629419 0.00078784376 0.025922344
   vertex -0.086965463 0.001309344 0.025895013
   vertex -0.086959756 0.00079495648 0.025921971
  endloop
 endfacet
 facet normal 1.170028e-14 0.052336044 0.99862953
  outer loop
   vertex -0.086965463 0.001309344 0.025895013
   vertex -0.086297522 0.0013102551 0.025894965
   vertex -0.086301431 0.0018945783 0.025864342
  endloop
 endfacet
 facet normal 1.170028e-14 0.052336044 0.99862953
  outer loop
   vertex -0.086965463 0.001309344 0.025895013
   vertex -0.086301431 0.0018945783 0.025864342
   vertex -0.086979273 0.0018911305 0.025864523
  endloop
 endfacet
endsolid rocket_tab
