solid rocket_tab
 facet normal 0.0360392 -0.90291375 -0.42830823
  outer loop
   vertex -0.088593604 0.0038891913 0.050402729
   vertex -0.089395737 0.0040943465 0.049902749
   vertex -0.088410816 0.0041948094 0.049773837
  endloop
 endfacet
 facet normal 0.0360392 -0.90291375 -0.42830823
  outer loop
   vertex -0.088593604 0.0038891913 0.050402729
   vertex -0.088410816 0.0041948094 0.049773837
   vertex -0.088410364 0.0038790293 0.050308104
  endloop
 endfacet
 facet normal -0.16886239 -0.9590751 -0.22728933
  outer loop
   vertex -0.082410953 0.003879397 0.050307558
   vertex -0.081483201 0.0037373992 0.050217471
   vertex -0.081420857 0.00354859 0.050967856
  endloop
 endfacet
 facet normal -0.16886239 -0.9590751 -0.22728933
  outer loop
   vertex -0.082410953 0.003879397 0.050307558
   vertex -0.081420857 0.00354859 0.050967856
   vertex -0.08241094 0.0034931992 0.050807891
  endloop
 endfacet
 facet normal 0.86870461 0.4897471 -0.074162541
  outer loop
   vertex -0.082406559 -0.0023532158 0.052030589
   vertex -0.081434977 -0.0040586722 0.052148917
   vertex -0.081577838 -0.0039360287 0.051285404
  endloop
 endfacet
 facet normal 0.86870461 0.4897471 -0.074162541
  outer loop
   vertex -0.082406559 -0.0023532158 0.052030589
   vertex -0.081577838 -0.0039360287 0.051285404
   vertex -0.082406368 -0.0037970012 0.051053665
  endloop
 endfacet
 facet normal -0.11017287 -0.9805112 0.16266445
  outer loop
   vertex -0.082410943 0.0030786501 0.051226356
   vertex -0.081447113 0.0029868865 0.051326026
   vertex -0.081414912 0.0031633985 0.052411817
  endloop
 endfacet
 facet normal -0.11017287 -0.9805112 0.16266445
  outer loop
   vertex -0.082410943 0.0030786501 0.051226356
   vertex -0.081414912 0.0031633985 0.052411817
   vertex -0.082410944 0.0013286066 0.052244474
  endloop
 endfacet
 facet normal 0.22396518 0.050954541 0.97326421
  outer loop
   vertex -0.082410964 -0.0026581802 0.026102916
   vertex -0.082410942 -0.003548432 0.026149519
   vertex -0.081440238 -0.0035588219 0.025926687
  endloop
 endfacet
 facet normal 0.22396518 0.050954541 0.97326421
  outer loop
   vertex -0.082410964 -0.0026581802 0.026102916
   vertex -0.081440238 -0.0035588219 0.025926687
   vertex -0.081432231 -0.0026668652 0.025956045
  endloop
 endfacet
 facet normal -0.13171773 0.067518801 0.98898516
  outer loop
   vertex -0.088410981 -0.0035484278 0.026149598
   vertex -0.089410976 -0.003534146 0.026015439
   vertex -0.089410976 -0.0043254246 0.026069461
  endloop
 endfacet
 facet normal -0.13171773 0.067518801 0.98898516
  outer loop
   vertex -0.088410981 -0.0035484278 0.026149598
   vertex -0.089410976 -0.0043254246 0.026069461
   vertex -0.088410981 -0.0044358298 0.026196105
  endloop
 endfacet
 facet normal 0.11887605 0.05195922 0.99154865
  outer loop
   vertex -0.081431717 -0.0017698377 0.025938964
   vertex -0.082410965 -0.0017677684 0.026056256
   vertex -0.082410964 -0.0026581802 0.026102916
  endloop
 endfacet
 facet normal 0.11887605 0.05195922 0.99154865
  outer loop
   vertex -0.081431717 -0.0017698377 0.025938964
   vertex -0.082410964 -0.0026581802 0.026102916
   vertex -0.081432231 -0.0026668652 0.025956045
  endloop
 endfacet
 facet normal 0.14000156 0.075491226 0.98726928
  outer loop
   vertex -0.081431717 -0.0017698377 0.025938964
   vertex -0.081437582 -0.00085528214 0.025869864
   vertex -0.082410958 -0.00087735727 0.026009583
  endloop
 endfacet
 facet normal 0.14000156 0.075491226 0.98726928
  outer loop
   vertex -0.081431717 -0.0017698377 0.025938964
   vertex -0.082410958 -0.00087735727 0.026009583
   vertex -0.082410965 -0.0017677684 0.026056256
  endloop
 endfacet
 facet normal -0.22344925 0.97471556 -9.2041605e-05
  outer loop
   vertex -0.081410858 -0.005000008 0.028573772
   vertex -0.081410579 -0.0050000276 0.027689528
   vertex -0.082397596 -0.0052262961 0.027697775
  endloop
 endfacet
 facet normal -0.22344925 0.97471556 -9.2041605e-05
  outer loop
   vertex -0.081410858 -0.005000008 0.028573772
   vertex -0.082397596 -0.0052262961 0.027697775
   vertex -0.082410974 -0.0063066099 0.02769586
  endloop
 endfacet
 facet normal -0.22344925 0.97471556 -9.2041605e-05
  outer loop
   vertex -0.081410858 -0.005000008 0.028573772
   vertex -0.082410974 -0.0063066099 0.02769586
   vertex -0.082410976 -0.0062603814 0.02858049
  endloop
 endfacet
 facet normal -0.18348814 -0.34511357 -0.92045028
  outer loop
   vertex -0.089410976 -0.0043254246 0.026069461
   vertex -0.088620098 -0.0049934674 0.026162278
   vertex -0.088410981 -0.005318205 0.026242349
  endloop
 endfacet
 facet normal -0.18348814 -0.34511357 -0.92045028
  outer loop
   vertex -0.089410976 -0.0043254246 0.026069461
   vertex -0.088410981 -0.005318205 0.026242349
   vertex -0.088410981 -0.0044358298 0.026196105
  endloop
 endfacet
 facet normal -0.22571025 -0.97286351 0.050906473
  outer loop
   vertex -0.088505309 0.0040315475 0.033470549
   vertex -0.088410604 0.0040145067 0.033564793
   vertex -0.088410855 0.0040421743 0.03409243
  endloop
 endfacet
 facet normal -0.22571025 -0.97286351 0.050906473
  outer loop
   vertex -0.088505309 0.0040315475 0.033470549
   vertex -0.088410855 0.0040421743 0.03409243
   vertex -0.08939433 0.0040282702 0.033913779
  endloop
 endfacet
 facet normal -0.31593737 -0.94747978 0.049655171
  outer loop
   vertex -0.082410976 0.0040145095 0.033564793
   vertex -0.082410976 0.0039814735 0.032934427
   vertex -0.081410988 0.0036509169 0.032989569
  endloop
 endfacet
 facet normal -0.31593737 -0.94747978 0.049655171
  outer loop
   vertex -0.082410976 0.0040145095 0.033564793
   vertex -0.081410988 0.0036509169 0.032989569
   vertex -0.081411117 0.0037166592 0.03360339
  endloop
 endfacet
 facet normal -0.27394086 0.9610284 0.037159449
  outer loop
   vertex -0.081515056 -0.0050682746 0.036626379
   vertex -0.081416265 -0.0050049975 0.035718179
   vertex -0.082382804 -0.005280309 0.035712997
  endloop
 endfacet
 facet normal -0.27394086 0.9610284 0.037159449
  outer loop
   vertex -0.081515056 -0.0050682746 0.036626379
   vertex -0.082382804 -0.005280309 0.035712997
   vertex -0.082410944 -0.0058874436 0.035698962
  endloop
 endfacet
 facet normal -0.27394086 0.9610284 0.037159449
  outer loop
   vertex -0.081515056 -0.0050682746 0.036626379
   vertex -0.082410944 -0.0058874436 0.035698962
   vertex -0.082410774 -0.00584435 0.03654729
  endloop
 endfacet
 facet normal 0.62853794 0.058598718 0.77556834
  outer loop
   vertex -0.082410958 -0.00087735727 0.026009583
   vertex -0.081527015 4.6100343e-05 0.025223444
   vertex -0.082435548 4.6179431e-05 0.025959734
  endloop
 endfacet
 facet normal 0.62853794 0.058598718 0.77556834
  outer loop
   vertex -0.082410958 -0.00087735727 0.026009583
   vertex -0.082435548 4.6179431e-05 0.025959734
   vertex -0.082729848 -0.0008724159 0.025997418
  endloop
 endfacet
 facet normal 0.015615414 0.084193743 0.99632704
  outer loop
   vertex -0.081700392 -0.0048764988 0.026198942
   vertex -0.082898794 -0.0046369269 0.026197479
   vertex -0.082984212 -0.005379352 0.026261556
  endloop
 endfacet
 facet normal 0.015615414 0.084193743 0.99632704
  outer loop
   vertex -0.081700392 -0.0048764988 0.026198942
   vertex -0.082984212 -0.005379352 0.026261556
   vertex -0.082103924 -0.00505797 0.026229284
  endloop
 endfacet
 facet normal 2.8733682e-06 0.036360612 0.99933873
  outer loop
   vertex -0.082984212 -0.005379352 0.026261556
   vertex -0.083085515 -0.0063788003 0.026297921
   vertex -0.082410991 -0.0063784952 0.026297908
  endloop
 endfacet
 facet normal 2.8733682e-06 0.036360612 0.99933873
  outer loop
   vertex -0.082984212 -0.005379352 0.026261556
   vertex -0.082410991 -0.0063784952 0.026297908
   vertex -0.082103924 -0.00505797 0.026229284
  endloop
 endfacet
 facet normal 0.86936067 0.49349649 -0.025946995
  outer loop
   vertex -0.088920234 -0.0051291289 0.033046033
   vertex -0.088410894 -0.0060271085 0.03303255
   vertex -0.088410981 -0.006073772 0.032142139
  endloop
 endfacet
 facet normal 0.86936067 0.49349649 -0.025946995
  outer loop
   vertex -0.088920234 -0.0051291289 0.033046033
   vertex -0.088410981 -0.006073772 0.032142139
   vertex -0.088410981 -0.005177464 0.032139265
  endloop
 endfacet
 facet normal -0.99965198 0.0089073648 0.024830984
  outer loop
   vertex -0.082382804 -0.005280309 0.035712997
   vertex -0.08240417 -0.0051916977 0.034821073
   vertex -0.082410973 -0.0059337837 0.034813374
  endloop
 endfacet
 facet normal -0.99965198 0.0089073648 0.024830984
  outer loop
   vertex -0.082382804 -0.005280309 0.035712997
   vertex -0.082410973 -0.0059337837 0.034813374
   vertex -0.082410944 -0.0058874436 0.035698962
  endloop
 endfacet
 facet normal -0.99999847 0.0017447539 -8.8576518e-05
  outer loop
   vertex -0.082409466 -0.0051149533 0.033926225
   vertex -0.082410976 -0.0059804435 0.033922962
   vertex -0.082410973 -0.0059337837 0.034813374
  endloop
 endfacet
 facet normal -0.99999847 0.0017447539 -8.8576518e-05
  outer loop
   vertex -0.082409466 -0.0051149533 0.033926225
   vertex -0.082410973 -0.0059337837 0.034813374
   vertex -0.08240417 -0.0051916977 0.034821073
  endloop
 endfacet
 facet normal 0.0097179186 -0.79157128 -0.61099957
  outer loop
   vertex -0.082410953 0.003879397 0.050307558
   vertex -0.08241094 0.0034931992 0.050807891
   vertex -0.083011653 0.0034817109 0.05081322
  endloop
 endfacet
 facet normal 0.0097179186 -0.79157128 -0.61099957
  outer loop
   vertex -0.082410953 0.003879397 0.050307558
   vertex -0.083011653 0.0034817109 0.05081322
   vertex -0.082719031 0.003908966 0.050269248
  endloop
 endfacet
 facet normal 0.0073427651 -0.71040381 -0.703756
  outer loop
   vertex -0.083011653 0.0034817109 0.05081322
   vertex -0.08241094 0.0034931992 0.050807891
   vertex -0.082410943 0.0030786501 0.051226356
  endloop
 endfacet
 facet normal 0.0073427651 -0.71040381 -0.703756
  outer loop
   vertex -0.083011653 0.0034817109 0.05081322
   vertex -0.082410943 0.0030786501 0.051226356
   vertex -0.082410944 0.0013286066 0.052244474
  endloop
 endfacet
 facet normal 0.0073427651 -0.71040381 -0.703756
  outer loop
   vertex -0.083011653 0.0034817109 0.05081322
   vertex -0.082410944 0.0013286066 0.052244474
   vertex -0.082561756 0.0023402228 0.05177974
  endloop
 endfacet
 facet normal 0.00051414244 0.74645726 -0.66543316
  outer loop
   vertex -0.087543532 -0.0041696333 0.05062477
   vertex -0.08841073 -0.0041756251 0.050617378
   vertex -0.088410598 -0.0037936583 0.051045854
  endloop
 endfacet
 facet normal 0.00051414244 0.74645726 -0.66543316
  outer loop
   vertex -0.087543532 -0.0041696333 0.05062477
   vertex -0.088410598 -0.0037936583 0.051045854
   vertex -0.088410601 -0.0020048735 0.0521922
  endloop
 endfacet
 facet normal 0.00051414244 0.74645726 -0.66543316
  outer loop
   vertex -0.087543532 -0.0041696333 0.05062477
   vertex -0.088410601 -0.0020048735 0.0521922
   vertex -0.088166631 -0.0030026132 0.051727619
  endloop
 endfacet
 facet normal -0.99999974 0.00040380148 0.00060011584
  outer loop
   vertex -0.088410275 0.0021651765 0.051876929
   vertex -0.088410296 0.0030797824 0.051225334
   vertex -0.08841038 0.0034932508 0.050807831
  endloop
 endfacet
 facet normal -0.99999974 0.00040380148 0.00060011584
  outer loop
   vertex -0.088410275 0.0021651765 0.051876929
   vertex -0.08841038 0.0034932508 0.050807831
   vertex -0.087556216 0.003489416 0.050811971
  endloop
 endfacet
 facet normal -0.99999974 0.00040380148 0.00060011584
  outer loop
   vertex -0.088410275 0.0021651765 0.051876929
   vertex -0.087556216 0.003489416 0.050811971
   vertex -0.087537492 0.0024638309 0.051709932
  endloop
 endfacet
 facet normal 0.026221485 -0.56021128 0.82793463
  outer loop
   vertex -0.082406559 -0.0023532158 0.052030589
   vertex -0.082406368 -0.0037970012 0.051053665
   vertex -0.082014672 -0.0045447021 0.050535337
  endloop
 endfacet
 facet normal 0.026221485 -0.56021128 0.82793463
  outer loop
   vertex -0.082406559 -0.0023532158 0.052030589
   vertex -0.082014672 -0.0045447021 0.050535337
   vertex -0.082983522 -0.0042490637 0.050561065
  endloop
 endfacet
 facet normal 0.026221485 -0.56021128 0.82793463
  outer loop
   vertex -0.082406559 -0.0023532158 0.052030589
   vertex -0.082983522 -0.0042490637 0.050561065
   vertex -0.083202566 -0.0032175906 0.051795546
  endloop
 endfacet
 facet normal 0.40300872 -0.91391824 0.048346897
  outer loop
   vertex -0.082437008 0.0043195783 0.039321199
   vertex -0.082435414 0.0042732266 0.038431705
   vertex -0.08153214 0.004671468 0.038430318
  endloop
 endfacet
 facet normal 0.40300872 -0.91391824 0.048346897
  outer loop
   vertex -0.082437008 0.0043195783 0.039321199
   vertex -0.08153214 0.004671468 0.038430318
   vertex -0.081569627 0.0046369566 0.039321043
  endloop
 endfacet
 facet normal 0.47152542 -0.87996249 0.057704474
  outer loop
   vertex -0.081618557 0.0046226215 0.036650654
   vertex -0.082441985 0.0041813222 0.036649615
   vertex -0.082425784 0.0041320059 0.035765183
  endloop
 endfacet
 facet normal 0.47152542 -0.87996249 0.057704474
  outer loop
   vertex -0.081618557 0.0046226215 0.036650654
   vertex -0.082425784 0.0041320059 0.035765183
   vertex -0.081498233 0.0046873076 0.035768957
  endloop
 endfacet
 facet normal -0.9983708 0.056982563 -0.0029539444
  outer loop
   vertex -0.082346029 -0.0052098534 0.026902522
   vertex -0.082410972 -0.0063539846 0.026781092
   vertex -0.082410974 -0.0063066099 0.02769586
  endloop
 endfacet
 facet normal -0.9983708 0.056982563 -0.0029539444
  outer loop
   vertex -0.082346029 -0.0052098534 0.026902522
   vertex -0.082410974 -0.0063066099 0.02769586
   vertex -0.082397596 -0.0052262961 0.027697775
  endloop
 endfacet
 facet normal -0.93518587 0.202358 -0.29065208
  outer loop
   vertex -0.082346029 -0.0052098534 0.026902522
   vertex -0.082103924 -0.00505797 0.026229284
   vertex -0.082410991 -0.0063784952 0.026297908
  endloop
 endfacet
 facet normal -0.93518587 0.202358 -0.29065208
  outer loop
   vertex -0.082346029 -0.0052098534 0.026902522
   vertex -0.082410991 -0.0063784952 0.026297908
   vertex -0.082410972 -0.0063539846 0.026781092
  endloop
 endfacet
 facet normal 1 0 0
  outer loop
   vertex -0.088410981 -0.0063547305 0.026781131
   vertex -0.088410981 -0.0063800504 0.026297998
   vertex -0.088410981 -0.005318205 0.026242349
  endloop
 endfacet
 facet normal 1 0 0
  outer loop
   vertex -0.088410981 -0.0063547305 0.026781131
   vertex -0.088410981 -0.005318205 0.026242349
   vertex -0.088620098 -0.0049934674 0.026162278
  endloop
 endfacet
 facet normal 1 0 0
  outer loop
   vertex -0.088410981 -0.0063547305 0.026781131
   vertex -0.088620098 -0.0049934674 0.026162278
   vertex -0.088584183 -0.0050154055 0.026300856
  endloop
 endfacet
 facet normal 0.99954023 0.029871535 -0.0051982792
  outer loop
   vertex -0.08840728 -0.0059340309 0.034813387
   vertex -0.088410523 -0.0059804556 0.033922963
   vertex -0.088420063 -0.0056552503 0.033957268
  endloop
 endfacet
 facet normal 0.99954023 0.029871535 -0.0051982792
  outer loop
   vertex -0.08840728 -0.0059340309 0.034813387
   vertex -0.088420063 -0.0056552503 0.033957268
   vertex -0.089410851 -0.005000185 0.033932857
  endloop
 endfacet
 facet normal 0.99954023 0.029871535 -0.0051982792
  outer loop
   vertex -0.08840728 -0.0059340309 0.034813387
   vertex -0.089410851 -0.005000185 0.033932857
   vertex -0.089375243 -0.0050193371 0.034837389
  endloop
 endfacet
 facet normal 0.89151508 0.073309624 -0.44701963
  outer loop
   vertex -0.088920234 -0.0051291289 0.033046033
   vertex -0.088420063 -0.0056552503 0.033957268
   vertex -0.088410523 -0.0059804556 0.033922963
  endloop
 endfacet
 facet normal 0.89151508 0.073309624 -0.44701963
  outer loop
   vertex -0.088920234 -0.0051291289 0.033046033
   vertex -0.088410523 -0.0059804556 0.033922963
   vertex -0.088410894 -0.0060271085 0.03303255
  endloop
 endfacet
 facet normal -0.7714474 0.63542287 -0.033266965
  outer loop
   vertex -0.082410976 -0.0062603814 0.02858049
   vertex -0.082410976 -0.0062137655 0.029470904
   vertex -0.081410982 -0.0049999999 0.029465229
  endloop
 endfacet
 facet normal -0.7714474 0.63542287 -0.033266965
  outer loop
   vertex -0.082410976 -0.0062603814 0.02858049
   vertex -0.081410982 -0.0049999999 0.029465229
   vertex -0.081410858 -0.005000008 0.028573772
  endloop
 endfacet
 facet normal -1 0 0
  outer loop
   vertex -0.082410976 -0.0062137655 0.029470904
   vertex -0.082410976 -0.006167101 0.030361316
   vertex -0.082410976 -0.0051664138 0.030356383
  endloop
 endfacet
 facet normal -1 0 0
  outer loop
   vertex -0.082410976 -0.0062137655 0.029470904
   vertex -0.082410976 -0.0051664138 0.030356383
   vertex -0.081410982 -0.0049999999 0.030356383
  endloop
 endfacet
 facet normal -1 0 0
  outer loop
   vertex -0.082410976 -0.0062137655 0.029470904
   vertex -0.081410982 -0.0049999999 0.030356383
   vertex -0.081410982 -0.0049999999 0.029465229
  endloop
 endfacet
 facet normal -1 0 0
  outer loop
   vertex -0.082410976 -0.005124711 0.032137895
   vertex -0.082410976 -0.0051452206 0.031247298
   vertex -0.082410976 -0.0061204365 0.031251727
  endloop
 endfacet
 facet normal -1 0 0
  outer loop
   vertex -0.082410976 -0.005124711 0.032137895
   vertex -0.082410976 -0.0061204365 0.031251727
   vertex -0.082410976 -0.006073772 0.032142139
  endloop
 endfacet
 facet normal -1 0 0
  outer loop
   vertex -0.082410976 -0.0051664138 0.030356383
   vertex -0.082410976 -0.006167101 0.030361316
   vertex -0.082410976 -0.0061204365 0.031251727
  endloop
 endfacet
 facet normal -1 0 0
  outer loop
   vertex -0.082410976 -0.0051664138 0.030356383
   vertex -0.082410976 -0.0061204365 0.031251727
   vertex -0.082410976 -0.0051452206 0.031247298
  endloop
 endfacet
 facet normal 0.42326806 -0.90572732 0.022409192
  outer loop
   vertex -0.082436228 0.0042269702 0.0375413
   vertex -0.081533276 0.0046489274 0.037540725
   vertex -0.08153214 0.004671468 0.038430318
  endloop
 endfacet
 facet normal 0.42326806 -0.90572732 0.022409192
  outer loop
   vertex -0.082436228 0.0042269702 0.0375413
   vertex -0.08153214 0.004671468 0.038430318
   vertex -0.082435414 0.0042732266 0.038431705
  endloop
 endfacet
 facet normal 0.4233152 -0.90587757 -0.013786655
  outer loop
   vertex -0.081618557 0.0046226215 0.036650654
   vertex -0.081533276 0.0046489274 0.037540725
   vertex -0.082436228 0.0042269702 0.0375413
  endloop
 endfacet
 facet normal 0.4233152 -0.90587757 -0.013786655
  outer loop
   vertex -0.081618557 0.0046226215 0.036650654
   vertex -0.082436228 0.0042269702 0.0375413
   vertex -0.082441985 0.0041813222 0.036649615
  endloop
 endfacet
 facet normal -0.14327187 0.81672255 -0.55896104
  outer loop
   vertex -0.089405581 -0.0041909951 0.050849919
   vertex -0.08841073 -0.0041756251 0.050617378
   vertex -0.088410667 -0.0045773319 0.050030411
  endloop
 endfacet
 facet normal -0.14327187 0.81672255 -0.55896104
  outer loop
   vertex -0.089405581 -0.0041909951 0.050849919
   vertex -0.088410667 -0.0045773319 0.050030411
   vertex -0.089314811 -0.0044639879 0.049928952
  endloop
 endfacet
 facet normal -0.33826925 -0.74490288 -0.57505967
  outer loop
   vertex -0.088593604 0.0038891913 0.050402729
   vertex -0.088410364 0.0038790293 0.050308104
   vertex -0.08841038 0.0034932508 0.050807831
  endloop
 endfacet
 facet normal -0.33826925 -0.74490288 -0.57505967
  outer loop
   vertex -0.088593604 0.0038891913 0.050402729
   vertex -0.08841038 0.0034932508 0.050807831
   vertex -0.089341743 0.0033004835 0.05078063
  endloop
 endfacet
 facet normal -0.21984988 -0.69316927 -0.68642727
  outer loop
   vertex -0.08841038 0.0034932508 0.050807831
   vertex -0.088410296 0.0030797824 0.051225334
   vertex -0.08852047 0.00299251 0.05134875
  endloop
 endfacet
 facet normal -0.21984988 -0.69316927 -0.68642727
  outer loop
   vertex -0.08841038 0.0034932508 0.050807831
   vertex -0.08852047 0.00299251 0.05134875
   vertex -0.089341743 0.0033004835 0.05078063
  endloop
 endfacet
 facet normal -0.2593719 0.86248436 -0.43456523
  outer loop
   vertex -0.088410667 -0.0045773319 0.050030411
   vertex -0.08841068 -0.0048620783 0.04946528
   vertex -0.088483811 -0.0048502905 0.049532324
  endloop
 endfacet
 facet normal -0.2593719 0.86248436 -0.43456523
  outer loop
   vertex -0.088410667 -0.0045773319 0.050030411
   vertex -0.088483811 -0.0048502905 0.049532324
   vertex -0.089314811 -0.0044639879 0.049928952
  endloop
 endfacet
 facet normal -0.77621815 0.34017416 -0.53081722
  outer loop
   vertex -0.089410857 -0.00380968 0.052498272
   vertex -0.088410601 -0.0020048735 0.0521922
   vertex -0.088410598 -0.0037936583 0.051045854
  endloop
 endfacet
 facet normal -0.77621815 0.34017416 -0.53081722
  outer loop
   vertex -0.089410857 -0.00380968 0.052498272
   vertex -0.088410598 -0.0037936583 0.051045854
   vertex -0.089397838 -0.0037008352 0.051242223
  endloop
 endfacet
 facet normal 0.10866177 -0.99386069 -0.020821963
  outer loop
   vertex -0.089410976 0.0042805072 0.041977311
   vertex -0.089410976 0.0042991824 0.041085915
   vertex -0.088410981 0.0044085606 0.041083731
  endloop
 endfacet
 facet normal 0.10866177 -0.99386069 -0.020821963
  outer loop
   vertex -0.089410976 0.0042805072 0.041977311
   vertex -0.088410981 0.0044085606 0.041083731
   vertex -0.088410981 0.0044552251 0.041974143
  endloop
 endfacet
 facet normal 0.20438579 -0.9770773 0.059551651
  outer loop
   vertex -0.089409146 0.0034614708 0.026825103
   vertex -0.089410936 0.0034128951 0.026034254
   vertex -0.088410981 0.0036062433 0.02577464
  endloop
 endfacet
 facet normal 0.20438579 -0.9770773 0.059551651
  outer loop
   vertex -0.089409146 0.0034614708 0.026825103
   vertex -0.088410981 0.0036062433 0.02577464
   vertex -0.088410969 0.0036612389 0.026823983
  endloop
 endfacet
 facet normal -0.00056893473 -0.003205897 -0.9999947
  outer loop
   vertex -0.089410976 -0.0049999999 0.032139265
   vertex -0.088410981 -0.005177464 0.032139265
   vertex -0.088410981 -0.006073772 0.032142139
  endloop
 endfacet
 facet normal -0.00056893473 -0.003205897 -0.9999947
  outer loop
   vertex -0.089410976 -0.0049999999 0.032139265
   vertex -0.088410981 -0.006073772 0.032142139
   vertex -0.088410981 -0.0061204365 0.031251727
  endloop
 endfacet
 facet normal -0.00056893473 -0.003205897 -0.9999947
  outer loop
   vertex -0.089410976 -0.0049999999 0.032139265
   vertex -0.088410981 -0.0061204365 0.031251727
   vertex -0.089410976 -0.0049999999 0.031244859
  endloop
 endfacet
 facet normal 0.12069393 -0.99132932 0.051953369
  outer loop
   vertex -0.089410976 0.0042403381 0.040196963
   vertex -0.088410981 0.0043618961 0.04019332
   vertex -0.088410981 0.0044085606 0.041083731
  endloop
 endfacet
 facet normal 0.12069393 -0.99132932 0.051953369
  outer loop
   vertex -0.089410976 0.0042403381 0.040196963
   vertex -0.088410981 0.0044085606 0.041083731
   vertex -0.089410976 0.0042991824 0.041085915
  endloop
 endfacet
 facet normal 0.098571993 -0.99376613 0.052081077
  outer loop
   vertex -0.088410981 0.0042219026 0.037522085
   vertex -0.088410981 0.0042685652 0.038412462
   vertex -0.089410976 0.0041691038 0.038407278
  endloop
 endfacet
 facet normal 0.098571993 -0.99376613 0.052081077
  outer loop
   vertex -0.088410981 0.0042219026 0.037522085
   vertex -0.089410976 0.0041691038 0.038407278
   vertex -0.089410976 0.0041305852 0.037522251
  endloop
 endfacet
 facet normal -1 0 0
  outer loop
   vertex -0.082410976 -0.005124711 0.032137895
   vertex -0.082410976 -0.006073772 0.032142139
   vertex -0.082410976 -0.0060271075 0.03303255
  endloop
 endfacet
 facet normal -1 0 0
  outer loop
   vertex -0.082410976 -0.005124711 0.032137895
   vertex -0.082410976 -0.0060271075 0.03303255
   vertex -0.082410976 -0.0051078302 0.033031718
  endloop
 endfacet
 facet normal -0.99999857 1.5279508e-06 0.0016882258
  outer loop
   vertex -0.082409466 -0.0051149533 0.033926225
   vertex -0.082410976 -0.0051078302 0.033031718
   vertex -0.082410976 -0.0060271075 0.03303255
  endloop
 endfacet
 facet normal -0.99999857 1.5279508e-06 0.0016882258
  outer loop
   vertex -0.082409466 -0.0051149533 0.033926225
   vertex -0.082410976 -0.0060271075 0.03303255
   vertex -0.082410976 -0.0059804435 0.033922962
  endloop
 endfacet
 facet normal -0.41241079 -0.52860265 -0.74195457
  outer loop
   vertex -0.08852047 0.00299251 0.05134875
   vertex -0.088410296 0.0030797824 0.051225334
   vertex -0.088410275 0.0021651765 0.051876929
  endloop
 endfacet
 facet normal -0.41241079 -0.52860265 -0.74195457
  outer loop
   vertex -0.08852047 0.00299251 0.05134875
   vertex -0.088410275 0.0021651765 0.051876929
   vertex -0.088568593 0.0023371741 0.051833373
  endloop
 endfacet
 facet normal 0.035789871 -0.53849074 -0.84187102
  outer loop
   vertex -0.081420857 0.00354859 0.050967856
   vertex -0.081447113 0.0029868865 0.051326026
   vertex -0.082410943 0.0030786501 0.051226356
  endloop
 endfacet
 facet normal 0.035789871 -0.53849074 -0.84187102
  outer loop
   vertex -0.081420857 0.00354859 0.050967856
   vertex -0.082410943 0.0030786501 0.051226356
   vertex -0.08241094 0.0034931992 0.050807891
  endloop
 endfacet
 facet normal -0.15430507 0.93059635 -0.3319343
  outer loop
   vertex -0.088483811 -0.0048502905 0.049532324
   vertex -0.08841068 -0.0048620783 0.04946528
   vertex -0.088410944 -0.0050594606 0.04891203
  endloop
 endfacet
 facet normal -0.15430507 0.93059635 -0.3319343
  outer loop
   vertex -0.088483811 -0.0048502905 0.049532324
   vertex -0.088410944 -0.0050594606 0.04891203
   vertex -0.088615515 -0.0049916794 0.049130194
  endloop
 endfacet
 facet normal 0.4219805 0.90660491 4.8096628e-15
  outer loop
   vertex -0.089410976 -0.0049999999 0.042858622
   vertex -0.089410976 -0.0049999999 0.043749214
   vertex -0.088410981 -0.0054654487 0.043749639
  endloop
 endfacet
 facet normal 0.4219805 0.90660491 4.8096628e-15
  outer loop
   vertex -0.089410976 -0.0049999999 0.042858622
   vertex -0.088410981 -0.0054654487 0.043749639
   vertex -0.088410981 -0.0055121132 0.042859228
  endloop
 endfacet
 facet normal 0.38578176 0.92132569 -0.04828463
  outer loop
   vertex -0.089410976 -0.0049999999 0.044641234
   vertex -0.088410981 -0.0054187591 0.044640531
   vertex -0.088410981 -0.0054654487 0.043749639
  endloop
 endfacet
 facet normal 0.38578176 0.92132569 -0.04828463
  outer loop
   vertex -0.089410976 -0.0049999999 0.044641234
   vertex -0.088410981 -0.0054654487 0.043749639
   vertex -0.089410976 -0.0049999999 0.043749214
  endloop
 endfacet
 facet normal 0.16552883 0.97507732 -0.14773093
  outer loop
   vertex -0.08940751 -0.0050002816 0.048186006
   vertex -0.088615515 -0.0049916794 0.049130194
   vertex -0.088410944 -0.0050594606 0.04891203
  endloop
 endfacet
 facet normal 0.16552883 0.97507732 -0.14773093
  outer loop
   vertex -0.08940751 -0.0050002816 0.048186006
   vertex -0.088410944 -0.0050594606 0.04891203
   vertex -0.088410979 -0.0052190658 0.048154234
  endloop
 endfacet
 facet normal -0.19431324 0.98093953 0
  outer loop
   vertex -0.082410976 -0.0051980877 0.044642572
   vertex -0.081410982 -0.0049999999 0.044643465
   vertex -0.081410982 -0.0049999999 0.043749995
  endloop
 endfacet
 facet normal -0.19431324 0.98093953 0
  outer loop
   vertex -0.082410976 -0.0051980877 0.044642572
   vertex -0.081410982 -0.0049999999 0.043749995
   vertex -0.082410976 -0.0054651754 0.043754855
  endloop
 endfacet
 facet normal -0.48718381 0.8721257 -0.045262639
  outer loop
   vertex -0.082410899 -0.0056036125 0.041103792
   vertex -0.082410976 -0.0055570981 0.042000865
   vertex -0.081410982 -0.0049999999 0.041971669
  endloop
 endfacet
 facet normal -0.48718381 0.8721257 -0.045262639
  outer loop
   vertex -0.082410899 -0.0056036125 0.041103792
   vertex -0.081410982 -0.0049999999 0.041971669
   vertex -0.081415554 -0.0050028304 0.041088303
  endloop
 endfacet
 facet normal 0.26914435 -0.10673967 0.95716663
  outer loop
   vertex -0.088410981 0.0036062433 0.02577464
   vertex -0.089410936 0.0034128951 0.026034254
   vertex -0.089410976 0.0026351341 0.025947532
  endloop
 endfacet
 facet normal 0.26914435 -0.10673967 0.95716663
  outer loop
   vertex -0.088410981 0.0036062433 0.02577464
   vertex -0.089410976 0.0026351341 0.025947532
   vertex -0.088410981 0.0026433983 0.025825098
  endloop
 endfacet
 facet normal -0.41339003 -0.90952026 0.043377104
  outer loop
   vertex -0.088508439 0.0039792429 0.032134639
   vertex -0.088510045 0.0039380205 0.031254996
   vertex -0.088410971 0.0038924154 0.031242949
  endloop
 endfacet
 facet normal -0.41339003 -0.90952026 0.043377104
  outer loop
   vertex -0.088508439 0.0039792429 0.032134639
   vertex -0.088410971 0.0038924154 0.031242949
   vertex -0.088410971 0.0039384624 0.032123919
  endloop
 endfacet
 facet normal -0.4914038 -0.86973849 0.045576917
  outer loop
   vertex -0.088520996 0.003815288 0.028573726
   vertex -0.088410644 0.0037528328 0.028571692
   vertex -0.088410644 0.0037994931 0.029462104
  endloop
 endfacet
 facet normal -0.4914038 -0.86973849 0.045576917
  outer loop
   vertex -0.088520996 0.003815288 0.028573726
   vertex -0.088410644 0.0037994931 0.029462104
   vertex -0.088517382 0.0038554312 0.029469202
  endloop
 endfacet
 facet normal -0.38098825 -0.92331204 0.048402796
  outer loop
   vertex -0.088508439 0.0039792429 0.032134639
   vertex -0.088410971 0.0039384624 0.032123919
   vertex -0.08841097 0.0039809527 0.032934454
  endloop
 endfacet
 facet normal -0.38098825 -0.92331204 0.048402796
  outer loop
   vertex -0.088508439 0.0039792429 0.032134639
   vertex -0.08841097 0.0039809527 0.032934454
   vertex -0.088509548 0.0040143689 0.032941324
  endloop
 endfacet
 facet normal 0.067887681 -0.011402394 0.99762781
  outer loop
   vertex -0.089410976 0.0026351341 0.025947532
   vertex -0.089410976 0.0017914709 0.025937889
   vertex -0.088410981 0.0017899818 0.025869824
  endloop
 endfacet
 facet normal 0.067887681 -0.011402394 0.99762781
  outer loop
   vertex -0.089410976 0.0026351341 0.025947532
   vertex -0.088410981 0.0017899818 0.025869824
   vertex -0.088410981 0.0026433983 0.025825098
  endloop
 endfacet
 facet normal 0.036843943 0.05230051 0.99795149
  outer loop
   vertex -0.089410976 0.00090734679 0.025953
   vertex -0.088410981 0.0009034674 0.025916284
   vertex -0.088410981 0.0017899818 0.025869824
  endloop
 endfacet
 facet normal 0.036843943 0.05230051 0.99795149
  outer loop
   vertex -0.089410976 0.00090734679 0.025953
   vertex -0.088410981 0.0017899818 0.025869824
   vertex -0.089410976 0.0017914709 0.025937889
  endloop
 endfacet
 facet normal 0.71732424 0.55343763 0.42326438
  outer loop
   vertex -0.088584183 -0.0050154055 0.026300856
   vertex -0.089410976 -0.0049999999 0.027681913
   vertex -0.088410981 -0.0063067911 0.027695869
  endloop
 endfacet
 facet normal 0.71732424 0.55343763 0.42326438
  outer loop
   vertex -0.088584183 -0.0050154055 0.026300856
   vertex -0.088410981 -0.0063067911 0.027695869
   vertex -0.088410981 -0.0063547305 0.026781131
  endloop
 endfacet
 facet normal 0.65530383 0.75181169 -0.073185219
  outer loop
   vertex -0.089148154 -0.0051987415 0.035732986
   vertex -0.088351242 -0.0058966222 0.035699443
   vertex -0.08840728 -0.0059340309 0.034813387
  endloop
 endfacet
 facet normal 0.65530383 0.75181169 -0.073185219
  outer loop
   vertex -0.089148154 -0.0051987415 0.035732986
   vertex -0.08840728 -0.0059340309 0.034813387
   vertex -0.089375243 -0.0050193371 0.034837389
  endloop
 endfacet
 facet normal -0.43234762 -0.90050069 0.046626613
  outer loop
   vertex -0.088513937 0.0038962703 0.030362642
   vertex -0.088410644 0.0038461533 0.030352516
   vertex -0.088410971 0.0038924154 0.031242949
  endloop
 endfacet
 facet normal -0.43234762 -0.90050069 0.046626613
  outer loop
   vertex -0.088513937 0.0038962703 0.030362642
   vertex -0.088410971 0.0038924154 0.031242949
   vertex -0.088510045 0.0039380205 0.031254996
  endloop
 endfacet
 facet normal -0.46156747 -0.88609684 0.042283162
  outer loop
   vertex -0.088513937 0.0038962703 0.030362642
   vertex -0.088517382 0.0038554312 0.029469202
   vertex -0.088410644 0.0037994931 0.029462104
  endloop
 endfacet
 facet normal -0.46156747 -0.88609684 0.042283162
  outer loop
   vertex -0.088513937 0.0038962703 0.030362642
   vertex -0.088410644 0.0037994931 0.029462104
   vertex -0.088410644 0.0038461533 0.030352516
  endloop
 endfacet
 facet normal 0.45534742 0.88909369 -0.046595422
  outer loop
   vertex -0.089410976 -0.0049999999 0.042858622
   vertex -0.088410981 -0.0055121132 0.042859228
   vertex -0.088410981 -0.0055587777 0.041968816
  endloop
 endfacet
 facet normal 0.45534742 0.88909369 -0.046595422
  outer loop
   vertex -0.089410976 -0.0049999999 0.042858622
   vertex -0.088410981 -0.0055587777 0.041968816
   vertex -0.089410976 -0.0049999999 0.04196752
  endloop
 endfacet
 facet normal 0.48779268 0.87295946 0.00027648028
  outer loop
   vertex -0.089409565 -0.0050005059 0.041076392
   vertex -0.089410976 -0.0049999999 0.04196752
   vertex -0.088410981 -0.0055587777 0.041968816
  endloop
 endfacet
 facet normal 0.48779268 0.87295946 0.00027648028
  outer loop
   vertex -0.089409565 -0.0050005059 0.041076392
   vertex -0.088410981 -0.0055587777 0.041968816
   vertex -0.088410981 -0.0056054275 0.041078404
  endloop
 endfacet
 facet normal -0.57059014 0.81965527 0.050912968
  outer loop
   vertex -0.082391827 -0.0057355301 0.037542502
   vertex -0.081633412 -0.0052062721 0.037521583
   vertex -0.081515056 -0.0050682746 0.036626379
  endloop
 endfacet
 facet normal -0.57059014 0.81965527 0.050912968
  outer loop
   vertex -0.082391827 -0.0057355301 0.037542502
   vertex -0.081515056 -0.0050682746 0.036626379
   vertex -0.082410774 -0.00584435 0.03654729
  endloop
 endfacet
 facet normal -0.57059014 0.81965527 0.050912968
  outer loop
   vertex -0.082391827 -0.0057355301 0.037542502
   vertex -0.082410774 -0.00584435 0.03654729
   vertex -0.082417182 -0.0058113277 0.037218713
  endloop
 endfacet
 facet normal -0.0013750566 -0.83024715 -0.55739374
  outer loop
   vertex -0.086618141 0.0042070105 0.049748853
   vertex -0.085669807 0.0042111249 0.049740385
   vertex -0.085701317 0.0034984499 0.050802004
  endloop
 endfacet
 facet normal -0.0013750566 -0.83024715 -0.55739374
  outer loop
   vertex -0.086618141 0.0042070105 0.049748853
   vertex -0.085701317 0.0034984499 0.050802004
   vertex -0.086633565 0.0034941813 0.050806674
  endloop
 endfacet
 facet normal 9.4206915e-16 0.99862953 -0.052335952
  outer loop
   vertex -0.08751515 -0.0054187651 0.044640417
   vertex -0.086621811 -0.0054187674 0.044640373
   vertex -0.086621196 -0.0054654286 0.043750024
  endloop
 endfacet
 facet normal 9.4206915e-16 0.99862953 -0.052335952
  outer loop
   vertex -0.08751515 -0.0054187651 0.044640417
   vertex -0.086621196 -0.0054654286 0.043750024
   vertex -0.08751391 -0.0054654359 0.043749884
  endloop
 endfacet
 facet normal -1.8064721e-16 0.99862953 -0.052335952
  outer loop
   vertex -0.085733879 -0.0055120675 0.042860099
   vertex -0.086620007 -0.0055120923 0.042859627
   vertex -0.086621196 -0.0054654286 0.043750024
  endloop
 endfacet
 facet normal -1.8064721e-16 0.99862953 -0.052335952
  outer loop
   vertex -0.085733879 -0.0055120675 0.042860099
   vertex -0.086621196 -0.0054654286 0.043750024
   vertex -0.085734114 -0.00546541 0.043750379
  endloop
 endfacet
 facet normal -9.8918021e-16 0.99862953 -0.052335952
  outer loop
   vertex -0.087511742 -0.0055121071 0.042859344
   vertex -0.08751391 -0.0054654359 0.043749884
   vertex -0.086621196 -0.0054654286 0.043750024
  endloop
 endfacet
 facet normal -9.8918021e-16 0.99862953 -0.052335952
  outer loop
   vertex -0.087511742 -0.0055121071 0.042859344
   vertex -0.086621196 -0.0054654286 0.043750024
   vertex -0.086620007 -0.0055120923 0.042859627
  endloop
 endfacet
 facet normal 1.5230039e-15 0.99862953 -0.052335952
  outer loop
   vertex -0.08573409 -0.0054187551 0.044640607
   vertex -0.085734114 -0.00546541 0.043750379
   vertex -0.086621196 -0.0054654286 0.043750024
  endloop
 endfacet
 facet normal 1.5230039e-15 0.99862953 -0.052335952
  outer loop
   vertex -0.08573409 -0.0054187551 0.044640607
   vertex -0.086621196 -0.0054654286 0.043750024
   vertex -0.086621811 -0.0054187674 0.044640373
  endloop
 endfacet
 facet normal 0.00053418057 0.97935317 -0.2021561
  outer loop
   vertex -0.0875151 -0.0052213768 0.048137791
   vertex -0.087524863 -0.0050669345 0.048885967
   vertex -0.086610025 -0.0050687245 0.048879712
  endloop
 endfacet
 facet normal 0.00053418057 0.97935317 -0.2021561
  outer loop
   vertex -0.0875151 -0.0052213768 0.048137791
   vertex -0.086610025 -0.0050687245 0.048879712
   vertex -0.086607673 -0.0052217736 0.048134962
  endloop
 endfacet
 facet normal -4.611954e-05 0.97953017 -0.2012974
  outer loop
   vertex -0.085687429 -0.0052218704 0.04813428
   vertex -0.086607673 -0.0052217736 0.048134962
   vertex -0.086610025 -0.0050687245 0.048879712
  endloop
 endfacet
 facet normal -4.611954e-05 0.97953017 -0.2012974
  outer loop
   vertex -0.085687429 -0.0052218704 0.04813428
   vertex -0.086610025 -0.0050687245 0.048879712
   vertex -0.085677833 -0.0050697043 0.048876315
  endloop
 endfacet
 facet normal 1.3196959e-15 0.99862953 -0.052335952
  outer loop
   vertex -0.085733879 -0.0055120675 0.042860099
   vertex -0.085736417 -0.0055587375 0.041969583
   vertex -0.086619252 -0.0055587655 0.041969049
  endloop
 endfacet
 facet normal 1.3196959e-15 0.99862953 -0.052335952
  outer loop
   vertex -0.085733879 -0.0055120675 0.042860099
   vertex -0.086619252 -0.0055587655 0.041969049
   vertex -0.086620007 -0.0055120923 0.042859627
  endloop
 endfacet
 facet normal 7.7700565e-17 0.99862953 -0.052335952
  outer loop
   vertex -0.087511742 -0.0055121071 0.042859344
   vertex -0.086620007 -0.0055120923 0.042859627
   vertex -0.086619252 -0.0055587655 0.041969049
  endloop
 endfacet
 facet normal 7.7700565e-17 0.99862953 -0.052335952
  outer loop
   vertex -0.087511742 -0.0055121071 0.042859344
   vertex -0.086619252 -0.0055587655 0.041969049
   vertex -0.087509229 -0.0055587831 0.041968713
  endloop
 endfacet
 facet normal 4.9952132e-17 0.99862953 -0.052335952
  outer loop
   vertex -0.083965426 -0.0054186366 0.044642867
   vertex -0.083958294 -0.0054652796 0.043752867
   vertex -0.084850152 -0.0054653648 0.043751241
  endloop
 endfacet
 facet normal 4.9952132e-17 0.99862953 -0.052335952
  outer loop
   vertex -0.083965426 -0.0054186366 0.044642867
   vertex -0.084850152 -0.0054653648 0.043751241
   vertex -0.084850752 -0.0054187154 0.044641365
  endloop
 endfacet
 facet normal -1.1084311e-15 0.99862953 -0.052335952
  outer loop
   vertex -0.085733879 -0.0055120675 0.042860099
   vertex -0.085734114 -0.00546541 0.043750379
   vertex -0.084850152 -0.0054653648 0.043751241
  endloop
 endfacet
 facet normal -1.1084311e-15 0.99862953 -0.052335952
  outer loop
   vertex -0.085733879 -0.0055120675 0.042860099
   vertex -0.084850152 -0.0054653648 0.043751241
   vertex -0.084850399 -0.0055120135 0.04286113
  endloop
 endfacet
 facet normal -6.0667422e-16 0.99862953 -0.052335952
  outer loop
   vertex -0.08573409 -0.0054187551 0.044640607
   vertex -0.084850752 -0.0054187154 0.044641365
   vertex -0.084850152 -0.0054653648 0.043751241
  endloop
 endfacet
 facet normal -6.0667422e-16 0.99862953 -0.052335952
  outer loop
   vertex -0.08573409 -0.0054187551 0.044640607
   vertex -0.084850152 -0.0054653648 0.043751241
   vertex -0.085734114 -0.00546541 0.043750379
  endloop
 endfacet
 facet normal -1.6076602e-17 0.99862953 -0.052335952
  outer loop
   vertex -0.083954754 -0.0055119106 0.042863094
   vertex -0.084850399 -0.0055120135 0.04286113
   vertex -0.084850152 -0.0054653648 0.043751241
  endloop
 endfacet
 facet normal -1.6076602e-17 0.99862953 -0.052335952
  outer loop
   vertex -0.083954754 -0.0055119106 0.042863094
   vertex -0.084850152 -0.0054653648 0.043751241
   vertex -0.083958294 -0.0054652796 0.043752867
  endloop
 endfacet
 facet normal -0.00012515803 0.9796698 -0.20061672
  outer loop
   vertex -0.083760471 -0.0052210435 0.048137693
   vertex -0.084743314 -0.0052217778 0.048134721
   vertex -0.084713121 -0.0050703082 0.048874372
  endloop
 endfacet
 facet normal -0.00012515803 0.9796698 -0.20061672
  outer loop
   vertex -0.083760471 -0.0052210435 0.048137693
   vertex -0.084713121 -0.0050703082 0.048874372
   vertex -0.083683082 -0.0050699071 0.048875957
  endloop
 endfacet
 facet normal 0.00020872992 0.97961412 -0.20088834
  outer loop
   vertex -0.085687429 -0.0052218704 0.04813428
   vertex -0.085677833 -0.0050697043 0.048876315
   vertex -0.084713121 -0.0050703082 0.048874372
  endloop
 endfacet
 facet normal 0.00020872992 0.97961412 -0.20088834
  outer loop
   vertex -0.085687429 -0.0052218704 0.04813428
   vertex -0.084713121 -0.0050703082 0.048874372
   vertex -0.084743314 -0.0052217778 0.048134721
  endloop
 endfacet
 facet normal -2.8009546e-16 0.99862953 -0.052335952
  outer loop
   vertex -0.085733879 -0.0055120675 0.042860099
   vertex -0.084850399 -0.0055120135 0.04286113
   vertex -0.08486114 -0.0055586763 0.041970752
  endloop
 endfacet
 facet normal -2.8009546e-16 0.99862953 -0.052335952
  outer loop
   vertex -0.085733879 -0.0055120675 0.042860099
   vertex -0.08486114 -0.0055586763 0.041970752
   vertex -0.085736417 -0.0055587375 0.041969583
  endloop
 endfacet
 facet normal -2.3822033e-16 0.99862953 -0.052335952
  outer loop
   vertex -0.083954754 -0.0055119106 0.042863094
   vertex -0.083988344 -0.0055585551 0.041973064
   vertex -0.08486114 -0.0055586763 0.041970752
  endloop
 endfacet
 facet normal -2.3822033e-16 0.99862953 -0.052335952
  outer loop
   vertex -0.083954754 -0.0055119106 0.042863094
   vertex -0.08486114 -0.0055586763 0.041970752
   vertex -0.084850399 -0.0055120135 0.04286113
  endloop
 endfacet
 facet normal -0.0014191963 -0.82927412 -0.55884025
  outer loop
   vertex -0.087545825 0.0042029634 0.049757215
   vertex -0.086618141 0.0042070105 0.049748853
   vertex -0.086633565 0.0034941813 0.050806674
  endloop
 endfacet
 facet normal -0.0014191963 -0.82927412 -0.55884025
  outer loop
   vertex -0.087545825 0.0042029634 0.049757215
   vertex -0.086633565 0.0034941813 0.050806674
   vertex -0.087556216 0.003489416 0.050811971
  endloop
 endfacet
 facet normal -0.0016630964 -0.86087144 -0.5088198
  outer loop
   vertex -0.088410364 0.0038790293 0.050308104
   vertex -0.088410816 0.0041948094 0.049773837
   vertex -0.087545825 0.0042029634 0.049757215
  endloop
 endfacet
 facet normal -0.0016630964 -0.86087144 -0.5088198
  outer loop
   vertex -0.088410364 0.0038790293 0.050308104
   vertex -0.087545825 0.0042029634 0.049757215
   vertex -0.087556216 0.003489416 0.050811971
  endloop
 endfacet
 facet normal -0.0016630964 -0.86087144 -0.5088198
  outer loop
   vertex -0.088410364 0.0038790293 0.050308104
   vertex -0.087556216 0.003489416 0.050811971
   vertex -0.08841038 0.0034932508 0.050807831
  endloop
 endfacet
 facet normal -0.0033469828 -0.65874074 -0.75236257
  outer loop
   vertex -0.084744427 0.002485496 0.051684652
   vertex -0.085695111 0.0025081224 0.05166907
   vertex -0.085701317 0.0034984499 0.050802004
  endloop
 endfacet
 facet normal -0.0033469828 -0.65874074 -0.75236257
  outer loop
   vertex -0.084744427 0.002485496 0.051684652
   vertex -0.085701317 0.0034984499 0.050802004
   vertex -0.084768912 0.0034971754 0.050803155
  endloop
 endfacet
 facet normal -1.2408213e-16 0.99862953 -0.052335952
  outer loop
   vertex -0.08751515 -0.0054187651 0.044640417
   vertex -0.08751391 -0.0054654359 0.043749884
   vertex -0.088410981 -0.0054654487 0.043749639
  endloop
 endfacet
 facet normal -1.2408213e-16 0.99862953 -0.052335952
  outer loop
   vertex -0.08751515 -0.0054187651 0.044640417
   vertex -0.088410981 -0.0054654487 0.043749639
   vertex -0.088410981 -0.0054187591 0.044640531
  endloop
 endfacet
 facet normal 9.7930615e-17 0.99862953 -0.052335952
  outer loop
   vertex -0.087511742 -0.0055121071 0.042859344
   vertex -0.088410981 -0.0055121132 0.042859228
   vertex -0.088410981 -0.0054654487 0.043749639
  endloop
 endfacet
 facet normal 9.7930615e-17 0.99862953 -0.052335952
  outer loop
   vertex -0.087511742 -0.0055121071 0.042859344
   vertex -0.088410981 -0.0054654487 0.043749639
   vertex -0.08751391 -0.0054654359 0.043749884
  endloop
 endfacet
 facet normal 3.98021e-16 0.99862953 -0.052335952
  outer loop
   vertex -0.08751515 -0.0054187651 0.044640417
   vertex -0.087515305 -0.0053720896 0.045531038
   vertex -0.086620482 -0.0053721055 0.045530734
  endloop
 endfacet
 facet normal 3.98021e-16 0.99862953 -0.052335952
  outer loop
   vertex -0.08751515 -0.0054187651 0.044640417
   vertex -0.086620482 -0.0053721055 0.045530734
   vertex -0.086621811 -0.0054187674 0.044640373
  endloop
 endfacet
 facet normal -3.3334039e-16 0.99862953 -0.052335952
  outer loop
   vertex -0.085718756 -0.0053254494 0.046420987
   vertex -0.085729589 -0.0053720979 0.04553088
   vertex -0.086620482 -0.0053721055 0.045530734
  endloop
 endfacet
 facet normal -3.3334039e-16 0.99862953 -0.052335952
  outer loop
   vertex -0.085718756 -0.0053254494 0.046420987
   vertex -0.086620482 -0.0053721055 0.045530734
   vertex -0.08661665 -0.0053254574 0.046420834
  endloop
 endfacet
 facet normal -3.6576064e-16 0.99862953 -0.052335952
  outer loop
   vertex -0.08751452 -0.0053254348 0.046421265
   vertex -0.08661665 -0.0053254574 0.046420834
   vertex -0.086620482 -0.0053721055 0.045530734
  endloop
 endfacet
 facet normal -3.6576064e-16 0.99862953 -0.052335952
  outer loop
   vertex -0.08751452 -0.0053254348 0.046421265
   vertex -0.086620482 -0.0053721055 0.045530734
   vertex -0.087515305 -0.0053720896 0.045531038
  endloop
 endfacet
 facet normal -9.8740486e-17 0.99862953 -0.052335952
  outer loop
   vertex -0.08573409 -0.0054187551 0.044640607
   vertex -0.086621811 -0.0054187674 0.044640373
   vertex -0.086620482 -0.0053721055 0.045530734
  endloop
 endfacet
 facet normal -9.8740486e-17 0.99862953 -0.052335952
  outer loop
   vertex -0.08573409 -0.0054187551 0.044640607
   vertex -0.086620482 -0.0053721055 0.045530734
   vertex -0.085729589 -0.0053720979 0.04553088
  endloop
 endfacet
 facet normal -0.0012584454 0.97853105 -0.20609563
  outer loop
   vertex -0.0875151 -0.0052213768 0.048137791
   vertex -0.088410979 -0.0052190658 0.048154234
   vertex -0.088410944 -0.0050594606 0.04891203
  endloop
 endfacet
 facet normal -0.0012584454 0.97853105 -0.20609563
  outer loop
   vertex -0.0875151 -0.0052213768 0.048137791
   vertex -0.088410944 -0.0050594606 0.04891203
   vertex -0.087524863 -0.0050669345 0.048885967
  endloop
 endfacet
 facet normal 0.00022157708 0.99762518 -0.068876409
  outer loop
   vertex -0.0875151 -0.0052213768 0.048137791
   vertex -0.086607673 -0.0052217736 0.048134962
   vertex -0.086611365 -0.0052792667 0.047302205
  endloop
 endfacet
 facet normal 0.00022157708 0.99762518 -0.068876409
  outer loop
   vertex -0.0875151 -0.0052213768 0.048137791
   vertex -0.086611365 -0.0052792667 0.047302205
   vertex -0.087513738 -0.0052792144 0.047303202
  endloop
 endfacet
 facet normal 3.1469152e-16 0.99862953 -0.052335952
  outer loop
   vertex -0.085718756 -0.0053254494 0.046420987
   vertex -0.08661665 -0.0053254574 0.046420834
   vertex -0.086611365 -0.0052792667 0.047302205
  endloop
 endfacet
 facet normal 3.1469152e-16 0.99862953 -0.052335952
  outer loop
   vertex -0.085718756 -0.0053254494 0.046420987
   vertex -0.086611365 -0.0052792667 0.047302205
   vertex -0.085703338 -0.0052792606 0.04730232
  endloop
 endfacet
 facet normal -2.9330722e-08 0.99862954 -0.052335922
  outer loop
   vertex -0.08751452 -0.0053254348 0.046421265
   vertex -0.087513738 -0.0052792144 0.047303202
   vertex -0.086611365 -0.0052792667 0.047302205
  endloop
 endfacet
 facet normal -2.9330722e-08 0.99862954 -0.052335922
  outer loop
   vertex -0.08751452 -0.0053254348 0.046421265
   vertex -0.086611365 -0.0052792667 0.047302205
   vertex -0.08661665 -0.0053254574 0.046420834
  endloop
 endfacet
 facet normal 2.1042419e-06 0.9976292 -0.068818428
  outer loop
   vertex -0.085687429 -0.0052218704 0.04813428
   vertex -0.085703338 -0.0052792606 0.04730232
   vertex -0.086611365 -0.0052792667 0.047302205
  endloop
 endfacet
 facet normal 2.1042419e-06 0.9976292 -0.068818428
  outer loop
   vertex -0.085687429 -0.0052218704 0.04813428
   vertex -0.086611365 -0.0052792667 0.047302205
   vertex -0.086607673 -0.0052217736 0.048134962
  endloop
 endfacet
 facet normal -5.4828534e-16 -0.99862953 0.052335957
  outer loop
   vertex -0.087544134 0.0046417789 0.045533802
   vertex -0.088410981 0.004641883 0.045535789
   vertex -0.088410981 0.0045952185 0.044645378
  endloop
 endfacet
 facet normal -5.4828534e-16 -0.99862953 0.052335957
  outer loop
   vertex -0.087544134 0.0046417789 0.045533802
   vertex -0.088410981 0.0045952185 0.044645378
   vertex -0.087543644 0.0045951102 0.044643311
  endloop
 endfacet
 facet normal -7.7304558e-16 -0.99862953 0.052335957
  outer loop
   vertex -0.086609411 0.0045951085 0.044643278
   vertex -0.087543644 0.0045951102 0.044643311
   vertex -0.087542738 0.004548445 0.043752885
  endloop
 endfacet
 facet normal -7.7304558e-16 -0.99862953 0.052335957
  outer loop
   vertex -0.086609411 0.0045951085 0.044643278
   vertex -0.087542738 0.004548445 0.043752885
   vertex -0.086608855 0.0045484416 0.043752821
  endloop
 endfacet
 facet normal -1.880551e-16 -0.99862953 0.052335957
  outer loop
   vertex -0.088410981 0.0045952185 0.044645378
   vertex -0.088410981 0.004548554 0.043754966
   vertex -0.087542738 0.004548445 0.043752885
  endloop
 endfacet
 facet normal -1.880551e-16 -0.99862953 0.052335957
  outer loop
   vertex -0.088410981 0.0045952185 0.044645378
   vertex -0.087542738 0.004548445 0.043752885
   vertex -0.087543644 0.0045951102 0.044643311
  endloop
 endfacet
 facet normal -7.7051583e-16 -0.99862953 0.052335957
  outer loop
   vertex -0.087544134 0.0046417789 0.045533802
   vertex -0.087543644 0.0045951102 0.044643311
   vertex -0.086609411 0.0045951085 0.044643278
  endloop
 endfacet
 facet normal -7.7051583e-16 -0.99862953 0.052335957
  outer loop
   vertex -0.087544134 0.0046417789 0.045533802
   vertex -0.086609411 0.0045951085 0.044643278
   vertex -0.086609757 0.0046417817 0.045533855
  endloop
 endfacet
 facet normal -0.00037556215 -0.99866713 -0.051612203
  outer loop
   vertex -0.087542935 0.0047339959 0.047317563
   vertex -0.087543167 0.0046878781 0.04820992
   vertex -0.088410975 0.0046883935 0.048206261
  endloop
 endfacet
 facet normal -0.00037556215 -0.99866713 -0.051612203
  outer loop
   vertex -0.087542935 0.0047339959 0.047317563
   vertex -0.088410975 0.0046883935 0.048206261
   vertex -0.088410981 0.0047339971 0.047317597
  endloop
 endfacet
 facet normal 0.0003509201 -0.97459233 -0.22398587
  outer loop
   vertex -0.086610619 0.0046881179 0.048208226
   vertex -0.086612501 0.0044976024 0.049037181
   vertex -0.087543389 0.00449646 0.049040693
  endloop
 endfacet
 facet normal 0.0003509201 -0.97459233 -0.22398587
  outer loop
   vertex -0.086610619 0.0046881179 0.048208226
   vertex -0.087543389 0.00449646 0.049040693
   vertex -0.087543167 0.0046878781 0.04820992
  endloop
 endfacet
 facet normal 0.00036804325 -0.97446788 -0.22452664
  outer loop
   vertex -0.088410975 0.0046883935 0.048206261
   vertex -0.087543167 0.0046878781 0.04820992
   vertex -0.087543389 0.00449646 0.049040693
  endloop
 endfacet
 facet normal 0.00036804325 -0.97446788 -0.22452664
  outer loop
   vertex -0.088410975 0.0046883935 0.048206261
   vertex -0.087543389 0.00449646 0.049040693
   vertex -0.088410945 0.0044938236 0.049048796
  endloop
 endfacet
 facet normal -3.0875235e-06 -0.99867616 -0.051438587
  outer loop
   vertex -0.087542935 0.0047339959 0.047317563
   vertex -0.086609934 0.0047339948 0.04731753
   vertex -0.086610619 0.0046881179 0.048208226
  endloop
 endfacet
 facet normal -3.0875235e-06 -0.99867616 -0.051438587
  outer loop
   vertex -0.087542935 0.0047339959 0.047317563
   vertex -0.086610619 0.0046881179 0.048208226
   vertex -0.087543167 0.0046878781 0.04820992
  endloop
 endfacet
 facet normal 9.7091843e-16 -0.99862953 0.052335957
  outer loop
   vertex -0.086606398 0.004408463 0.041081871
   vertex -0.086607284 0.0044551215 0.041972168
   vertex -0.087539973 0.0044551236 0.041972207
  endloop
 endfacet
 facet normal 9.7091843e-16 -0.99862953 0.052335957
  outer loop
   vertex -0.086606398 0.004408463 0.041081871
   vertex -0.087539973 0.0044551236 0.041972207
   vertex -0.08753826 0.004408461 0.041081832
  endloop
 endfacet
 facet normal -9.0675288e-16 -0.99862953 0.052335957
  outer loop
   vertex -0.087539973 0.0044551236 0.041972207
   vertex -0.088410981 0.0044552251 0.041974143
   vertex -0.088410981 0.0044085606 0.041083731
  endloop
 endfacet
 facet normal -9.0675288e-16 -0.99862953 0.052335957
  outer loop
   vertex -0.087539973 0.0044551236 0.041972207
   vertex -0.088410981 0.0044085606 0.041083731
   vertex -0.08753826 0.004408461 0.041081832
  endloop
 endfacet
 facet normal 2.0382234e-10 0.99862953 -0.052336072
  outer loop
   vertex -0.083965426 -0.0054186366 0.044642867
   vertex -0.084850752 -0.0054187154 0.044641365
   vertex -0.084840958 -0.0053720593 0.045531614
  endloop
 endfacet
 facet normal 2.0382234e-10 0.99862953 -0.052336072
  outer loop
   vertex -0.083965426 -0.0054186366 0.044642867
   vertex -0.084840958 -0.0053720593 0.045531614
   vertex -0.083948924 -0.0053719762 0.045533166
  endloop
 endfacet
 facet normal -9.7140695e-06 0.99862904 -0.052345394
  outer loop
   vertex -0.085718756 -0.0053254494 0.046420987
   vertex -0.084816478 -0.0053253993 0.046421774
   vertex -0.084840958 -0.0053720593 0.045531614
  endloop
 endfacet
 facet normal -9.7140695e-06 0.99862904 -0.052345394
  outer loop
   vertex -0.085718756 -0.0053254494 0.046420987
   vertex -0.084840958 -0.0053720593 0.045531614
   vertex -0.085729589 -0.0053720979 0.04553088
  endloop
 endfacet
 facet normal -1.2033712e-07 0.99862953 -0.052335952
  outer loop
   vertex -0.08573409 -0.0054187551 0.044640607
   vertex -0.085729589 -0.0053720979 0.04553088
   vertex -0.084840958 -0.0053720593 0.045531614
  endloop
 endfacet
 facet normal -1.2033712e-07 0.99862953 -0.052335952
  outer loop
   vertex -0.08573409 -0.0054187551 0.044640607
   vertex -0.084840958 -0.0053720593 0.045531614
   vertex -0.084850752 -0.0054187154 0.044641365
  endloop
 endfacet
 facet normal -1.8088765e-06 0.99862519 -0.052418734
  outer loop
   vertex -0.083900357 -0.0053252381 0.046423568
   vertex -0.083948924 -0.0053719762 0.045533166
   vertex -0.084840958 -0.0053720593 0.045531614
  endloop
 endfacet
 facet normal -1.8088765e-06 0.99862519 -0.052418734
  outer loop
   vertex -0.083900357 -0.0053252381 0.046423568
   vertex -0.084840958 -0.0053720593 0.045531614
   vertex -0.084816478 -0.0053253993 0.046421774
  endloop
 endfacet
 facet normal 4.3311732e-16 0.99862953 -0.052335952
  outer loop
   vertex -0.083965426 -0.0054186366 0.044642867
   vertex -0.083070713 -0.0054185432 0.04464465
   vertex -0.083036551 -0.0054651754 0.043754855
  endloop
 endfacet
 facet normal 4.3311732e-16 0.99862953 -0.052335952
  outer loop
   vertex -0.083965426 -0.0054186366 0.044642867
   vertex -0.083036551 -0.0054651754 0.043754855
   vertex -0.083958294 -0.0054652796 0.043752867
  endloop
 endfacet
 facet normal -0.4711471 0.79912135 -0.37339722
  outer loop
   vertex -0.081670882 -0.0050791581 0.042857804
   vertex -0.082410976 -0.0055117689 0.042865797
   vertex -0.083036551 -0.0054651754 0.043754855
  endloop
 endfacet
 facet normal -0.4711471 0.79912135 -0.37339722
  outer loop
   vertex -0.081670882 -0.0050791581 0.042857804
   vertex -0.083036551 -0.0054651754 0.043754855
   vertex -0.082410976 -0.0054651754 0.043754855
  endloop
 endfacet
 facet normal 0 0.95759656 -0.28811251
  outer loop
   vertex -0.082410976 -0.0051980877 0.044642572
   vertex -0.082410976 -0.0054651754 0.043754855
   vertex -0.083036551 -0.0054651754 0.043754855
  endloop
 endfacet
 facet normal 0 0.95759656 -0.28811251
  outer loop
   vertex -0.082410976 -0.0051980877 0.044642572
   vertex -0.083036551 -0.0054651754 0.043754855
   vertex -0.083070713 -0.0054185432 0.04464465
  endloop
 endfacet
 facet normal -1.1280554e-16 0.99862953 -0.052335952
  outer loop
   vertex -0.083954754 -0.0055119106 0.042863094
   vertex -0.083958294 -0.0054652796 0.043752867
   vertex -0.083036551 -0.0054651754 0.043754855
  endloop
 endfacet
 facet normal -1.1280554e-16 0.99862953 -0.052335952
  outer loop
   vertex -0.083954754 -0.0055119106 0.042863094
   vertex -0.083036551 -0.0054651754 0.043754855
   vertex -0.082410976 -0.0055117689 0.042865797
  endloop
 endfacet
 facet normal -0.00064367949 0.97969463 -0.20049445
  outer loop
   vertex -0.083760471 -0.0052210435 0.048137693
   vertex -0.083683082 -0.0050699071 0.048875957
   vertex -0.082457479 -0.0050663498 0.048889405
  endloop
 endfacet
 facet normal -0.00064367949 0.97969463 -0.20049445
  outer loop
   vertex -0.083760471 -0.0052210435 0.048137693
   vertex -0.082457479 -0.0050663498 0.048889405
   vertex -0.082622995 -0.0052210265 0.048146909
  endloop
 endfacet
 facet normal -0.036605249 0.97992485 -0.19597792
  outer loop
   vertex -0.082390585 -0.0052120679 0.048148293
   vertex -0.082622995 -0.0052210265 0.048146909
   vertex -0.082457479 -0.0050663498 0.048889405
  endloop
 endfacet
 facet normal -0.036605249 0.97992485 -0.19597792
  outer loop
   vertex -0.082390585 -0.0052120679 0.048148293
   vertex -0.082457479 -0.0050663498 0.048889405
   vertex -0.081670781 -0.005017242 0.048933238
  endloop
 endfacet
 facet normal -0.0002068382 0.9211981 -0.38909384
  outer loop
   vertex -0.084713121 -0.0050703082 0.048874372
   vertex -0.085677833 -0.0050697043 0.048876315
   vertex -0.085691798 -0.0045956854 0.049998584
  endloop
 endfacet
 facet normal -0.0002068382 0.9211981 -0.38909384
  outer loop
   vertex -0.084713121 -0.0050703082 0.048874372
   vertex -0.085691798 -0.0045956854 0.049998584
   vertex -0.084741017 -0.0046040377 0.049984548
  endloop
 endfacet
 facet normal -0.00026844353 0.99760486 -0.069169808
  outer loop
   vertex -0.083760471 -0.0052210435 0.048137693
   vertex -0.083836082 -0.0052787802 0.047305277
   vertex -0.084781934 -0.0052791844 0.047303118
  endloop
 endfacet
 facet normal -0.00026844353 0.99760486 -0.069169808
  outer loop
   vertex -0.083760471 -0.0052210435 0.048137693
   vertex -0.084781934 -0.0052791844 0.047303118
   vertex -0.084743314 -0.0052217778 0.048134721
  endloop
 endfacet
 facet normal -3.7291972e-05 0.99862957 -0.052335302
  outer loop
   vertex -0.085718756 -0.0053254494 0.046420987
   vertex -0.085703338 -0.0052792606 0.04730232
   vertex -0.084781934 -0.0052791844 0.047303118
  endloop
 endfacet
 facet normal -3.7291972e-05 0.99862957 -0.052335302
  outer loop
   vertex -0.085718756 -0.0053254494 0.046420987
   vertex -0.084781934 -0.0052791844 0.047303118
   vertex -0.084816478 -0.0053253993 0.046421774
  endloop
 endfacet
 facet normal -6.5728624e-05 0.99762603 -0.068864352
  outer loop
   vertex -0.085687429 -0.0052218704 0.04813428
   vertex -0.084743314 -0.0052217778 0.048134721
   vertex -0.084781934 -0.0052791844 0.047303118
  endloop
 endfacet
 facet normal -6.5728624e-05 0.99762603 -0.068864352
  outer loop
   vertex -0.085687429 -0.0052218704 0.04813428
   vertex -0.084781934 -0.0052791844 0.047303118
   vertex -0.085703338 -0.0052792606 0.04730232
  endloop
 endfacet
 facet normal -7.3166728e-05 0.99862816 -0.052362046
  outer loop
   vertex -0.083900357 -0.0053252381 0.046423568
   vertex -0.084816478 -0.0053253993 0.046421774
   vertex -0.084781934 -0.0052791844 0.047303118
  endloop
 endfacet
 facet normal -7.3166728e-05 0.99862816 -0.052362046
  outer loop
   vertex -0.083900357 -0.0053252381 0.046423568
   vertex -0.084781934 -0.0052791844 0.047303118
   vertex -0.083836082 -0.0052787802 0.047305277
  endloop
 endfacet
 facet normal -0.0015670445 0.99862989 -0.052305702
  outer loop
   vertex -0.084023984 -0.0056052691 0.04108226
   vertex -0.083988344 -0.0055585551 0.041973064
   vertex -0.08275704 -0.0055564458 0.041976445
  endloop
 endfacet
 facet normal -0.0015670445 0.99862989 -0.052305702
  outer loop
   vertex -0.084023984 -0.0056052691 0.04108226
   vertex -0.08275704 -0.0055564458 0.041976445
   vertex -0.08319162 -0.0056050993 0.04108741
  endloop
 endfacet
 facet normal 0.037703662 0.8585234 -0.51138636
  outer loop
   vertex -0.081670882 -0.0050791581 0.042857804
   vertex -0.082410976 -0.0055570981 0.042000865
   vertex -0.08275704 -0.0055564458 0.041976445
  endloop
 endfacet
 facet normal 0.037703662 0.8585234 -0.51138636
  outer loop
   vertex -0.081670882 -0.0050791581 0.042857804
   vertex -0.08275704 -0.0055564458 0.041976445
   vertex -0.082410976 -0.0055117689 0.042865797
  endloop
 endfacet
 facet normal -3.8009534e-06 0.99874066 -0.050170604
  outer loop
   vertex -0.083954754 -0.0055119106 0.042863094
   vertex -0.082410976 -0.0055117689 0.042865797
   vertex -0.08275704 -0.0055564458 0.041976445
  endloop
 endfacet
 facet normal -3.8009534e-06 0.99874066 -0.050170604
  outer loop
   vertex -0.083954754 -0.0055119106 0.042863094
   vertex -0.08275704 -0.0055564458 0.041976445
   vertex -0.083988344 -0.0055585551 0.041973064
  endloop
 endfacet
 facet normal -0.00076270586 0.99852586 -0.054272624
  outer loop
   vertex -0.082410899 -0.0056036125 0.041103792
   vertex -0.08319162 -0.0056050993 0.04108741
   vertex -0.08275704 -0.0055564458 0.041976445
  endloop
 endfacet
 facet normal -0.00076270586 0.99852586 -0.054272624
  outer loop
   vertex -0.082410899 -0.0056036125 0.041103792
   vertex -0.08275704 -0.0055564458 0.041976445
   vertex -0.082410976 -0.0055570981 0.042000865
  endloop
 endfacet
 facet normal -0.00013178985 -0.99862978 0.052331157
  outer loop
   vertex -0.082421703 0.0045961996 0.044655001
   vertex -0.082423125 0.0046427609 0.045543522
   vertex -0.083587917 0.0046426849 0.045539138
  endloop
 endfacet
 facet normal -0.00013178985 -0.99862978 0.052331157
  outer loop
   vertex -0.082421703 0.0045961996 0.044655001
   vertex -0.083587917 0.0046426849 0.045539138
   vertex -0.08358959 0.0045960363 0.044649881
  endloop
 endfacet
 facet normal 0.00050661347 -0.99862027 0.052509992
  outer loop
   vertex -0.083591352 0.0045492662 0.043760436
   vertex -0.08358959 0.0045960363 0.044649881
   vertex -0.084644799 0.0045953082 0.044646216
  endloop
 endfacet
 facet normal 0.00050661347 -0.99862027 0.052509992
  outer loop
   vertex -0.083591352 0.0045492662 0.043760436
   vertex -0.084644799 0.0045953082 0.044646216
   vertex -0.084645772 0.0045486527 0.043756204
  endloop
 endfacet
 facet normal 0.00054355737 -0.99862908 0.052341884
  outer loop
   vertex -0.083587917 0.0046426849 0.045539138
   vertex -0.084643847 0.0046419567 0.045536209
   vertex -0.084644799 0.0045953082 0.044646216
  endloop
 endfacet
 facet normal 0.00054355737 -0.99862908 0.052341884
  outer loop
   vertex -0.083587917 0.0046426849 0.045539138
   vertex -0.084644799 0.0045953082 0.044646216
   vertex -0.08358959 0.0045960363 0.044649881
  endloop
 endfacet
 facet normal -9.0569983e-05 -0.99862033 0.052511178
  outer loop
   vertex -0.082421703 0.0045961996 0.044655001
   vertex -0.08358959 0.0045960363 0.044649881
   vertex -0.083591352 0.0045492662 0.043760436
  endloop
 endfacet
 facet normal -9.0569983e-05 -0.99862033 0.052511178
  outer loop
   vertex -0.082421703 0.0045961996 0.044655001
   vertex -0.083591352 0.0045492662 0.043760436
   vertex -0.08248536 0.0045494717 0.043766169
  endloop
 endfacet
 facet normal -0.00027625802 -0.99883076 -0.04834297
  outer loop
   vertex -0.083587394 0.0047346503 0.047315281
   vertex -0.082422179 0.0047342903 0.047316061
   vertex -0.082422637 0.0046924632 0.048180268
  endloop
 endfacet
 facet normal -0.00027625802 -0.99883076 -0.04834297
  outer loop
   vertex -0.083587394 0.0047346503 0.047315281
   vertex -0.082422637 0.0046924632 0.048180268
   vertex -0.083593165 0.0046913789 0.048191357
  endloop
 endfacet
 facet normal 4.3041788e-05 -0.97596444 -0.21792984
  outer loop
   vertex -0.08464883 0.0046893609 0.048200186
   vertex -0.083593165 0.0046913789 0.048191357
   vertex -0.083611314 0.0045105384 0.049001219
  endloop
 endfacet
 facet normal 4.3041788e-05 -0.97596444 -0.21792984
  outer loop
   vertex -0.08464883 0.0046893609 0.048200186
   vertex -0.083611314 0.0045105384 0.049001219
   vertex -0.084662179 0.0045029425 0.049021169
  endloop
 endfacet
 facet normal 0.0022387975 -0.97699241 -0.2132623
  outer loop
   vertex -0.082422637 0.0046924632 0.048180268
   vertex -0.082426191 0.0045199802 0.048970406
   vertex -0.083611314 0.0045105384 0.049001219
  endloop
 endfacet
 facet normal 0.0022387975 -0.97699241 -0.2132623
  outer loop
   vertex -0.082422637 0.0046924632 0.048180268
   vertex -0.083611314 0.0045105384 0.049001219
   vertex -0.083593165 0.0046913789 0.048191357
  endloop
 endfacet
 facet normal 0.001496792 -0.99878179 -0.049322308
  outer loop
   vertex -0.083587394 0.0047346503 0.047315281
   vertex -0.083593165 0.0046913789 0.048191357
   vertex -0.08464883 0.0046893609 0.048200186
  endloop
 endfacet
 facet normal 0.001496792 -0.99878179 -0.049322308
  outer loop
   vertex -0.083587394 0.0047346503 0.047315281
   vertex -0.08464883 0.0046893609 0.048200186
   vertex -0.084644123 0.0047340437 0.047316256
  endloop
 endfacet
 facet normal 0.00082661484 -0.99862999 0.052320791
  outer loop
   vertex -0.083597993 0.0044565547 0.041981477
   vertex -0.084647815 0.0044554162 0.041976333
   vertex -0.084650473 0.0044087896 0.041086428
  endloop
 endfacet
 facet normal 0.00082661484 -0.99862999 0.052320791
  outer loop
   vertex -0.083597993 0.0044565547 0.041981477
   vertex -0.084650473 0.0044087896 0.041086428
   vertex -0.08360633 0.0044100647 0.041091988
  endloop
 endfacet
 facet normal 8.2318708e-05 -0.9986663 0.051629557
  outer loop
   vertex -0.082429098 0.0044110463 0.041099348
   vertex -0.082425323 0.004457006 0.041988337
   vertex -0.083597993 0.0044565547 0.041981477
  endloop
 endfacet
 facet normal 8.2318708e-05 -0.9986663 0.051629557
  outer loop
   vertex -0.082429098 0.0044110463 0.041099348
   vertex -0.083597993 0.0044565547 0.041981477
   vertex -0.08360633 0.0044100647 0.041091988
  endloop
 endfacet
 facet normal -5.5659607e-09 0.99862897 -0.052346669
  outer loop
   vertex -0.085739889 -0.006303851 0.027752144
   vertex -0.085745929 -0.0062594525 0.028599145
   vertex -0.084850729 -0.0062594768 0.028598681
  endloop
 endfacet
 facet normal -5.5659607e-09 0.99862897 -0.052346669
  outer loop
   vertex -0.085739889 -0.006303851 0.027752144
   vertex -0.084850729 -0.0062594768 0.028598681
   vertex -0.084846682 -0.0063039145 0.027751608
  endloop
 endfacet
 facet normal 4.325766e-08 0.99862897 -0.052346669
  outer loop
   vertex -0.086651029 -0.0062596434 0.028595501
   vertex -0.085745929 -0.0062594525 0.028599145
   vertex -0.085739889 -0.006303851 0.027752144
  endloop
 endfacet
 facet normal 4.325766e-08 0.99862897 -0.052346669
  outer loop
   vertex -0.086651029 -0.0062596434 0.028595501
   vertex -0.085739889 -0.006303851 0.027752144
   vertex -0.08664113 -0.0063042523 0.027744312
  endloop
 endfacet
 facet normal -1.7596219e-15 0.99862953 -0.052335952
  outer loop
   vertex -0.085749063 -0.006213787 0.029470493
   vertex -0.085745929 -0.0062594525 0.028599145
   vertex -0.086651029 -0.0062596434 0.028595501
  endloop
 endfacet
 facet normal -1.7596219e-15 0.99862953 -0.052335952
  outer loop
   vertex -0.085749063 -0.006213787 0.029470493
   vertex -0.086651029 -0.0062596434 0.028595501
   vertex -0.086656978 -0.0062138429 0.029469428
  endloop
 endfacet
 facet normal 3.1714112e-05 0.99863123 -0.052303606
  outer loop
   vertex -0.086655172 -0.0058877162 0.035691586
   vertex -0.08574595 -0.0058877661 0.035691186
   vertex -0.085751592 -0.0059341257 0.03480604
  endloop
 endfacet
 facet normal 3.1714112e-05 0.99863123 -0.052303606
  outer loop
   vertex -0.086655172 -0.0058877162 0.035691586
   vertex -0.085751592 -0.0059341257 0.03480604
   vertex -0.086667503 -0.0059339628 0.034806374
  endloop
 endfacet
 facet normal 4.9963388e-16 0.99862953 -0.052335952
  outer loop
   vertex -0.084850729 -0.0062594768 0.028598681
   vertex -0.085745929 -0.0062594525 0.028599145
   vertex -0.085749063 -0.006213787 0.029470493
  endloop
 endfacet
 facet normal 4.9963388e-16 0.99862953 -0.052335952
  outer loop
   vertex -0.084850729 -0.0062594768 0.028598681
   vertex -0.085749063 -0.006213787 0.029470493
   vertex -0.084851525 -0.0062138013 0.029470221
  endloop
 endfacet
 facet normal 2.6134583e-05 0.99863123 -0.052303571
  outer loop
   vertex -0.085751592 -0.0059341257 0.03480604
   vertex -0.08574595 -0.0058877661 0.035691186
   vertex -0.08484212 -0.0058877984 0.03569102
  endloop
 endfacet
 facet normal 2.6134583e-05 0.99863123 -0.052303571
  outer loop
   vertex -0.085751592 -0.0059341257 0.03480604
   vertex -0.08484212 -0.0058877984 0.03569102
   vertex -0.084844132 -0.0059341635 0.034805943
  endloop
 endfacet
 facet normal 3.1761523e-05 0.99863683 -0.052196569
  outer loop
   vertex -0.085736608 -0.0058442946 0.036522899
   vertex -0.08574595 -0.0058877661 0.035691186
   vertex -0.086655172 -0.0058877162 0.035691586
  endloop
 endfacet
 facet normal 3.1761523e-05 0.99863683 -0.052196569
  outer loop
   vertex -0.085736608 -0.0058442946 0.036522899
   vertex -0.086655172 -0.0058877162 0.035691586
   vertex -0.086627612 -0.0058448623 0.036522303
  endloop
 endfacet
 facet normal 2.6154425e-05 0.99863683 -0.052196506
  outer loop
   vertex -0.08484212 -0.0058877984 0.03569102
   vertex -0.08574595 -0.0058877661 0.035691186
   vertex -0.085736608 -0.0058442946 0.036522899
  endloop
 endfacet
 facet normal 2.6154425e-05 0.99863683 -0.052196506
  outer loop
   vertex -0.08484212 -0.0058877984 0.03569102
   vertex -0.085736608 -0.0058442946 0.036522899
   vertex -0.08484199 -0.0058442575 0.036523195
  endloop
 endfacet
 facet normal -0.00128881 0.052276978 0.99863179
  outer loop
   vertex -0.083082959 -0.0036263948 0.026152733
   vertex -0.082410942 -0.003548432 0.026149519
   vertex -0.082410964 -0.0026581802 0.026102916
  endloop
 endfacet
 facet normal -0.00128881 0.052276978 0.99863179
  outer loop
   vertex -0.083082959 -0.0036263948 0.026152733
   vertex -0.082410964 -0.0026581802 0.026102916
   vertex -0.083125691 -0.0026871343 0.026104104
  endloop
 endfacet
 facet normal 0.00055183484 0.05232201 0.99863011
  outer loop
   vertex -0.084706233 2.4062748e-05 0.025961836
   vertex -0.085675695 2.1164235e-05 0.025962524
   vertex -0.085698634 -0.00087885377 0.026009692
  endloop
 endfacet
 facet normal 0.00055183484 0.05232201 0.99863011
  outer loop
   vertex -0.084706233 2.4062748e-05 0.025961836
   vertex -0.085698634 -0.00087885377 0.026009692
   vertex -0.084766842 -0.00087774912 0.026009394
  endloop
 endfacet
 facet normal -1.49744e-06 0.052347446 0.99862893
  outer loop
   vertex -0.085724865 -0.002688827 0.026104546
   vertex -0.085722717 -0.0036157334 0.026153133
   vertex -0.084823971 -0.0036230626 0.026153519
  endloop
 endfacet
 facet normal -1.49744e-06 0.052347446 0.99862893
  outer loop
   vertex -0.085724865 -0.002688827 0.026104546
   vertex -0.084823971 -0.0036230626 0.026153519
   vertex -0.084829252 -0.0026923818 0.026104696
  endloop
 endfacet
 facet normal 3.105954e-15 0.052336044 0.99862953
  outer loop
   vertex -0.085698634 -0.00087885377 0.026009692
   vertex -0.085675695 2.1164235e-05 0.025962524
   vertex -0.086616631 1.8728725e-05 0.025962651
  endloop
 endfacet
 facet normal 3.105954e-15 0.052336044 0.99862953
  outer loop
   vertex -0.085698634 -0.00087885377 0.026009692
   vertex -0.086616631 1.8728725e-05 0.025962651
   vertex -0.086623902 -0.00087923195 0.026009712
  endloop
 endfacet
 facet normal -8.3624679e-06 0.05234743 0.99862893
  outer loop
   vertex -0.086627253 -0.0036051618 0.026152572
   vertex -0.085722717 -0.0036157334 0.026153133
   vertex -0.085724865 -0.002688827 0.026104546
  endloop
 endfacet
 facet normal -8.3624679e-06 0.05234743 0.99862893
  outer loop
   vertex -0.086627253 -0.0036051618 0.026152572
   vertex -0.085724865 -0.002688827 0.026104546
   vertex -0.086630609 -0.0026834216 0.026104265
  endloop
 endfacet
 facet normal 3.1046883e-15 0.052336044 0.99862953
  outer loop
   vertex -0.086616631 1.8728725e-05 0.025962651
   vertex -0.085675695 2.1164235e-05 0.025962524
   vertex -0.085663378 0.0009264921 0.025915077
  endloop
 endfacet
 facet normal 3.1046883e-15 0.052336044 0.99862953
  outer loop
   vertex -0.086616631 1.8728725e-05 0.025962651
   vertex -0.085663378 0.0009264921 0.025915077
   vertex -0.08661176 0.00092180399 0.025915323
  endloop
 endfacet
 facet normal -9.8933742e-08 0.052335943 0.99862954
  outer loop
   vertex -0.085681808 0.0027088288 0.025821669
   vertex -0.085714286 0.0036062449 0.025774637
   vertex -0.086607143 0.0036062449 0.025774637
  endloop
 endfacet
 facet normal -9.8933742e-08 0.052335943 0.99862954
  outer loop
   vertex -0.085681808 0.0027088288 0.025821669
   vertex -0.086607143 0.0036062449 0.025774637
   vertex -0.086609328 0.0027031932 0.025821964
  endloop
 endfacet
 facet normal -0.0011444609 -0.41805863 0.90841933
  outer loop
   vertex -0.081547538 0.002668336 0.02534539
   vertex -0.082410958 0.0036055401 0.025775608
   vertex -0.083042356 0.0036062585 0.025775143
  endloop
 endfacet
 facet normal -0.0011444609 -0.41805863 0.90841933
  outer loop
   vertex -0.081547538 0.002668336 0.02534539
   vertex -0.083042356 0.0036062585 0.025775143
   vertex -0.082430676 0.0026837374 0.025821965
  endloop
 endfacet
 facet normal 0.00055181505 0.052328549 0.99862977
  outer loop
   vertex -0.085663378 0.0009264921 0.025915077
   vertex -0.085675695 2.1164235e-05 0.025962524
   vertex -0.084706233 2.4062748e-05 0.025961836
  endloop
 endfacet
 facet normal 0.00055181505 0.052328549 0.99862977
  outer loop
   vertex -0.085663378 0.0009264921 0.025915077
   vertex -0.084706233 2.4062748e-05 0.025961836
   vertex -0.084679683 0.00092997983 0.025914164
  endloop
 endfacet
 facet normal 0.62814164 -0.068329866 0.77509297
  outer loop
   vertex -0.082435548 4.6179431e-05 0.025959734
   vertex -0.081527015 4.6100343e-05 0.025223444
   vertex -0.081629276 0.00093654305 0.025384815
  endloop
 endfacet
 facet normal 0.62814164 -0.068329866 0.77509297
  outer loop
   vertex -0.082435548 4.6179431e-05 0.025959734
   vertex -0.081629276 0.00093654305 0.025384815
   vertex -0.082435448 0.00093868853 0.025912896
  endloop
 endfacet
 facet normal -6.512756e-05 0.052333596 0.99862966
  outer loop
   vertex -0.084821429 0.0036062465 0.025774695
   vertex -0.085714286 0.0036062449 0.025774637
   vertex -0.085681808 0.0027088288 0.025821669
  endloop
 endfacet
 facet normal -6.512756e-05 0.052333596 0.99862966
  outer loop
   vertex -0.084821429 0.0036062465 0.025774695
   vertex -0.085681808 0.0027088288 0.025821669
   vertex -0.084727479 0.0027092708 0.025821059
  endloop
 endfacet
 facet normal 0.00043774508 0.037422077 0.99929945
  outer loop
   vertex -0.081700392 -0.0048764988 0.026198942
   vertex -0.082410942 -0.003548432 0.026149519
   vertex -0.083082959 -0.0036263948 0.026152733
  endloop
 endfacet
 facet normal 0.00043774508 0.037422077 0.99929945
  outer loop
   vertex -0.081700392 -0.0048764988 0.026198942
   vertex -0.083082959 -0.0036263948 0.026152733
   vertex -0.082898794 -0.0046369269 0.026197479
  endloop
 endfacet
 facet normal -0.00018340242 0.99863735 -0.052186243
  outer loop
   vertex -0.083172478 -0.0062602054 0.028586535
   vertex -0.082410976 -0.0062603814 0.02858049
   vertex -0.082410974 -0.0063066099 0.02769586
  endloop
 endfacet
 facet normal -0.00018340242 0.99863735 -0.052186243
  outer loop
   vertex -0.083172478 -0.0062602054 0.028586535
   vertex -0.082410974 -0.0063066099 0.02769586
   vertex -0.083174146 -0.0063057929 0.027722718
  endloop
 endfacet
 facet normal -1.3152013e-06 0.052369731 0.99862776
  outer loop
   vertex -0.084823971 -0.0036230626 0.026153519
   vertex -0.085722717 -0.0036157334 0.026153133
   vertex -0.085716123 -0.0045584145 0.026202569
  endloop
 endfacet
 facet normal -1.3152013e-06 0.052369731 0.99862776
  outer loop
   vertex -0.084823971 -0.0036230626 0.026153519
   vertex -0.085716123 -0.0045584145 0.026202569
   vertex -0.084807894 -0.0045682706 0.026203234
  endloop
 endfacet
 facet normal -8.101653e-06 0.052369684 0.99862777
  outer loop
   vertex -0.085716123 -0.0045584145 0.026202569
   vertex -0.085722717 -0.0036157334 0.026153133
   vertex -0.086627253 -0.0036051618 0.026152572
  endloop
 endfacet
 facet normal -8.101653e-06 0.052369684 0.99862777
  outer loop
   vertex -0.085716123 -0.0045584145 0.026202569
   vertex -0.086627253 -0.0036051618 0.026152572
   vertex -0.08662006 -0.0045432132 0.026201733
  endloop
 endfacet
 facet normal -3.4986912e-16 0.99862953 -0.052335952
  outer loop
   vertex -0.086666939 -0.0060744126 0.032129916
   vertex -0.085752774 -0.0060744612 0.032128989
   vertex -0.085751833 -0.0061210801 0.031239447
  endloop
 endfacet
 facet normal -3.4986912e-16 0.99862953 -0.052335952
  outer loop
   vertex -0.086666939 -0.0060744126 0.032129916
   vertex -0.085751833 -0.0061210801 0.031239447
   vertex -0.086664066 -0.0061210398 0.031240216
  endloop
 endfacet
 facet normal -6.4943617e-09 0.9986292 -0.052342335
  outer loop
   vertex -0.085753528 -0.0060277658 0.03301988
   vertex -0.085752774 -0.0060744612 0.032128989
   vertex -0.086666939 -0.0060744126 0.032129916
  endloop
 endfacet
 facet normal -6.4943617e-09 0.9986292 -0.052342335
  outer loop
   vertex -0.085753528 -0.0060277658 0.03301988
   vertex -0.086666939 -0.0060744126 0.032129916
   vertex -0.086669383 -0.0060276994 0.033020768
  endloop
 endfacet
 facet normal 1.7525258e-07 -0.9986295 0.052336673
  outer loop
   vertex -0.085744994 0.0037508379 0.028533651
   vertex -0.085747732 0.0037985903 0.029444809
   vertex -0.086653178 0.003798716 0.029447211
  endloop
 endfacet
 facet normal 1.7525258e-07 -0.9986295 0.052336673
  outer loop
   vertex -0.085744994 0.0037508379 0.028533651
   vertex -0.086653178 0.003798716 0.029447211
   vertex -0.08664956 0.0037511004 0.028538811
  endloop
 endfacet
 facet normal 8.7806913e-07 -0.9986298 0.052330829
  outer loop
   vertex -0.085748885 0.0039389834 0.032123667
   vertex -0.086658632 0.0039389744 0.032123512
   vertex -0.086658111 0.0038927297 0.031241023
  endloop
 endfacet
 facet normal 8.7806913e-07 -0.9986298 0.052330829
  outer loop
   vertex -0.085748885 0.0039389834 0.032123667
   vertex -0.086658111 0.0038927297 0.031241023
   vertex -0.085749901 0.0038927081 0.031240677
  endloop
 endfacet
 facet normal 5.3596824e-06 -0.99862954 0.052335847
  outer loop
   vertex -0.085748885 0.0039389834 0.032123667
   vertex -0.085744189 0.0039813987 0.032933001
   vertex -0.086655531 0.0039813748 0.032932638
  endloop
 endfacet
 facet normal 5.3596824e-06 -0.99862954 0.052335847
  outer loop
   vertex -0.085748885 0.0039389834 0.032123667
   vertex -0.086655531 0.0039813748 0.032932638
   vertex -0.086658632 0.0039389744 0.032123512
  endloop
 endfacet
 facet normal -0.00018415956 0.99863237 -0.052281478
  outer loop
   vertex -0.082410976 -0.0062137655 0.029470904
   vertex -0.082410976 -0.0062603814 0.02858049
   vertex -0.083172478 -0.0062602054 0.028586535
  endloop
 endfacet
 facet normal -0.00018415956 0.99863237 -0.052281478
  outer loop
   vertex -0.082410976 -0.0062137655 0.029470904
   vertex -0.083172478 -0.0062602054 0.028586535
   vertex -0.083167598 -0.0062139311 0.029467744
  endloop
 endfacet
 facet normal 6.3246548e-16 0.99862953 -0.052335952
  outer loop
   vertex -0.085751833 -0.0061210801 0.031239447
   vertex -0.085752774 -0.0060744612 0.032128989
   vertex -0.084848328 -0.0060744648 0.03212892
  endloop
 endfacet
 facet normal 6.3246548e-16 0.99862953 -0.052335952
  outer loop
   vertex -0.085751833 -0.0061210801 0.031239447
   vertex -0.084848328 -0.0060744648 0.03212892
   vertex -0.084849575 -0.0061210841 0.03123937
  endloop
 endfacet
 facet normal -6.6038002e-17 0.99862953 -0.052335952
  outer loop
   vertex -0.083150262 -0.0060742442 0.032133129
   vertex -0.082410976 -0.006073772 0.032142139
   vertex -0.082410976 -0.0061204365 0.031251727
  endloop
 endfacet
 facet normal -6.6038002e-17 0.99862953 -0.052335952
  outer loop
   vertex -0.083150262 -0.0060742442 0.032133129
   vertex -0.082410976 -0.0061204365 0.031251727
   vertex -0.083155503 -0.0061208752 0.031243356
  endloop
 endfacet
 facet normal -0.00032322505 0.9986337 -0.052255407
  outer loop
   vertex -0.083143163 -0.0058880621 0.03569167
   vertex -0.082410944 -0.0058874436 0.035698962
   vertex -0.082410973 -0.0059337837 0.034813374
  endloop
 endfacet
 facet normal -0.00032322505 0.9986337 -0.052255407
  outer loop
   vertex -0.083143163 -0.0058880621 0.03569167
   vertex -0.082410973 -0.0059337837 0.034813374
   vertex -0.083142724 -0.0059341486 0.034807119
  endloop
 endfacet
 facet normal -4.8667165e-10 0.9986292 -0.052342335
  outer loop
   vertex -0.084848328 -0.0060744648 0.03212892
   vertex -0.085752774 -0.0060744612 0.032128989
   vertex -0.085753528 -0.0060277658 0.03301988
  endloop
 endfacet
 facet normal -4.8667165e-10 0.9986292 -0.052342335
  outer loop
   vertex -0.084848328 -0.0060744648 0.03212892
   vertex -0.085753528 -0.0060277658 0.03301988
   vertex -0.084847181 -0.0060277756 0.033019803
  endloop
 endfacet
 facet normal -7.0273218e-17 0.99862953 -0.052335952
  outer loop
   vertex -0.082410976 -0.0060271075 0.03303255
   vertex -0.082410976 -0.006073772 0.032142139
   vertex -0.083150262 -0.0060742442 0.032133129
  endloop
 endfacet
 facet normal -7.0273218e-17 0.99862953 -0.052335952
  outer loop
   vertex -0.082410976 -0.0060271075 0.03303255
   vertex -0.083150262 -0.0060742442 0.032133129
   vertex -0.083146665 -0.0060275809 0.033023517
  endloop
 endfacet
 facet normal -1.9464825e-16 -0.99862953 0.052335957
  outer loop
   vertex -0.082410976 0.0039389952 0.032123891
   vertex -0.083154719 0.0039389685 0.032123381
   vertex -0.083158155 0.0038927598 0.031241668
  endloop
 endfacet
 facet normal -1.9464825e-16 -0.99862953 0.052335957
  outer loop
   vertex -0.082410976 0.0039389952 0.032123891
   vertex -0.083158155 0.0038927598 0.031241668
   vertex -0.082410976 0.0038928259 0.031242927
  endloop
 endfacet
 facet normal 9.4429346e-07 -0.99862953 0.052335992
  outer loop
   vertex -0.085744994 0.0037508379 0.028533651
   vertex -0.084858739 0.0037508347 0.028533574
   vertex -0.084861035 0.0037985891 0.029444783
  endloop
 endfacet
 facet normal 9.4429346e-07 -0.99862953 0.052335992
  outer loop
   vertex -0.085744994 0.0037508379 0.028533651
   vertex -0.084861035 0.0037985891 0.029444783
   vertex -0.085747732 0.0037985903 0.029444809
  endloop
 endfacet
 facet normal -1.6348915e-07 -0.99862955 0.052335659
  outer loop
   vertex -0.085748885 0.0039389834 0.032123667
   vertex -0.085749901 0.0038927081 0.031240677
   vertex -0.084861139 0.0038927087 0.031240691
  endloop
 endfacet
 facet normal -1.6348915e-07 -0.99862955 0.052335659
  outer loop
   vertex -0.085748885 0.0039389834 0.032123667
   vertex -0.084861139 0.0038927087 0.031240691
   vertex -0.08485829 0.003938989 0.032123773
  endloop
 endfacet
 facet normal 1.3820277e-11 -0.99862953 0.052335956
  outer loop
   vertex -0.082410976 0.0037528386 0.028571811
   vertex -0.082410976 0.0037994969 0.029462104
   vertex -0.083159088 0.0037990004 0.029452631
  endloop
 endfacet
 facet normal 1.3820277e-11 -0.99862953 0.052335956
  outer loop
   vertex -0.082410976 0.0037528386 0.028571811
   vertex -0.083159088 0.0037990004 0.029452631
   vertex -0.083156894 0.0037517288 0.028550637
  endloop
 endfacet
 facet normal -1.5986503e-07 -0.99862954 0.052335824
  outer loop
   vertex -0.082410976 0.0039389952 0.032123891
   vertex -0.082410976 0.0039814735 0.032934427
   vertex -0.083144071 0.0039813615 0.032932288
  endloop
 endfacet
 facet normal -1.5986503e-07 -0.99862954 0.052335824
  outer loop
   vertex -0.082410976 0.0039389952 0.032123891
   vertex -0.083144071 0.0039813615 0.032932288
   vertex -0.083154719 0.0039389685 0.032123381
  endloop
 endfacet
 facet normal 1.3314984e-07 -0.99862953 0.052335962
  outer loop
   vertex -0.085748885 0.0039389834 0.032123667
   vertex -0.08485829 0.003938989 0.032123773
   vertex -0.084850145 0.0039814137 0.032933284
  endloop
 endfacet
 facet normal 1.3314984e-07 -0.99862953 0.052335962
  outer loop
   vertex -0.085748885 0.0039389834 0.032123667
   vertex -0.084850145 0.0039814137 0.032933284
   vertex -0.085744189 0.0039813987 0.032933001
  endloop
 endfacet
 facet normal -0.00033845399 0.99871221 -0.050732774
  outer loop
   vertex -0.082410774 -0.00584435 0.03654729
   vertex -0.082410944 -0.0058874436 0.035698962
   vertex -0.083143163 -0.0058880621 0.03569167
  endloop
 endfacet
 facet normal -0.00033845399 0.99871221 -0.050732774
  outer loop
   vertex -0.082410774 -0.00584435 0.03654729
   vertex -0.083143163 -0.0058880621 0.03569167
   vertex -0.083145188 -0.005846149 0.036524268
  endloop
 endfacet
 facet normal 0.00015778993 0.99862772 -0.052370408
  outer loop
   vertex -0.084837098 -0.0063441231 0.026986933
   vertex -0.085729446 -0.0063439808 0.026986958
   vertex -0.085739889 -0.006303851 0.027752144
  endloop
 endfacet
 facet normal 0.00015778993 0.99862772 -0.052370408
  outer loop
   vertex -0.084837098 -0.0063441231 0.026986933
   vertex -0.085739889 -0.006303851 0.027752144
   vertex -0.084846682 -0.0063039145 0.027751608
  endloop
 endfacet
 facet normal 0.00012613013 0.99862682 -0.05238766
  outer loop
   vertex -0.083977723 -0.0063045044 0.027742455
   vertex -0.084846682 -0.0063039145 0.027751608
   vertex -0.084850729 -0.0062594768 0.028598681
  endloop
 endfacet
 facet normal 0.00012613013 0.99862682 -0.05238766
  outer loop
   vertex -0.083977723 -0.0063045044 0.027742455
   vertex -0.084850729 -0.0062594768 0.028598681
   vertex -0.083980662 -0.0062597521 0.028593992
  endloop
 endfacet
 facet normal 1.009754e-05 0.99862955 -0.05233575
  outer loop
   vertex -0.086625683 -0.0063445297 0.026975773
   vertex -0.08664113 -0.0063042523 0.027744312
   vertex -0.085739889 -0.006303851 0.027752144
  endloop
 endfacet
 facet normal 1.009754e-05 0.99862955 -0.05233575
  outer loop
   vertex -0.086625683 -0.0063445297 0.026975773
   vertex -0.085739889 -0.006303851 0.027752144
   vertex -0.085729446 -0.0063439808 0.026986958
  endloop
 endfacet
 facet normal 2.8043566e-15 0.99862953 -0.052335952
  outer loop
   vertex -0.087516681 -0.0063051921 0.027726381
   vertex -0.087530313 -0.0062599716 0.028589239
   vertex -0.086651029 -0.0062596434 0.028595501
  endloop
 endfacet
 facet normal 2.8043566e-15 0.99862953 -0.052335952
  outer loop
   vertex -0.087516681 -0.0063051921 0.027726381
   vertex -0.086651029 -0.0062596434 0.028595501
   vertex -0.08664113 -0.0063042523 0.027744312
  endloop
 endfacet
 facet normal -1.9079858e-17 0.99862953 -0.052335952
  outer loop
   vertex -0.087538241 -0.0062138831 0.029468661
   vertex -0.086656978 -0.0062138429 0.029469428
   vertex -0.086651029 -0.0062596434 0.028595501
  endloop
 endfacet
 facet normal -1.9079858e-17 0.99862953 -0.052335952
  outer loop
   vertex -0.087538241 -0.0062138831 0.029468661
   vertex -0.086651029 -0.0062596434 0.028595501
   vertex -0.087530313 -0.0062599716 0.028589239
  endloop
 endfacet
 facet normal 1.1752064e-15 0.99862953 -0.052335952
  outer loop
   vertex -0.086660914 -0.00616756 0.030352557
   vertex -0.085750731 -0.0061675725 0.030352318
   vertex -0.085749063 -0.006213787 0.029470493
  endloop
 endfacet
 facet normal 1.1752064e-15 0.99862953 -0.052335952
  outer loop
   vertex -0.086660914 -0.00616756 0.030352557
   vertex -0.085749063 -0.006213787 0.029470493
   vertex -0.086656978 -0.0062138429 0.029469428
  endloop
 endfacet
 facet normal -0.001079078 0.99872909 -0.050388839
  outer loop
   vertex -0.087553152 -0.0059332858 0.034807608
   vertex -0.087530884 -0.0058885589 0.035693638
   vertex -0.086655172 -0.0058877162 0.035691586
  endloop
 endfacet
 facet normal -0.001079078 0.99872909 -0.050388839
  outer loop
   vertex -0.087553152 -0.0059332858 0.034807608
   vertex -0.086655172 -0.0058877162 0.035691586
   vertex -0.086667503 -0.0059339628 0.034806374
  endloop
 endfacet
 facet normal 0.0001585172 0.99862378 -0.052445483
  outer loop
   vertex -0.086670492 -0.0059808866 0.033912881
   vertex -0.086667503 -0.0059339628 0.034806374
   vertex -0.085751592 -0.0059341257 0.03480604
  endloop
 endfacet
 facet normal 0.0001585172 0.99862378 -0.052445483
  outer loop
   vertex -0.086670492 -0.0059808866 0.033912881
   vertex -0.085751592 -0.0059341257 0.03480604
   vertex -0.085753558 -0.0059809871 0.033912217
  endloop
 endfacet
 facet normal 3.385927e-05 0.99862776 -0.052369782
  outer loop
   vertex -0.083979146 -0.0062138844 0.029468635
   vertex -0.083980662 -0.0062597521 0.028593992
   vertex -0.084850729 -0.0062594768 0.028598681
  endloop
 endfacet
 facet normal 3.385927e-05 0.99862776 -0.052369782
  outer loop
   vertex -0.083979146 -0.0062138844 0.029468635
   vertex -0.084850729 -0.0062594768 0.028598681
   vertex -0.084851525 -0.0062138013 0.029470221
  endloop
 endfacet
 facet normal 9.9343665e-16 0.99862953 -0.052335952
  outer loop
   vertex -0.084850805 -0.0061675798 0.03035218
   vertex -0.084851525 -0.0062138013 0.029470221
   vertex -0.085749063 -0.006213787 0.029470493
  endloop
 endfacet
 facet normal 9.9343665e-16 0.99862953 -0.052335952
  outer loop
   vertex -0.084850805 -0.0061675798 0.03035218
   vertex -0.085749063 -0.006213787 0.029470493
   vertex -0.085750731 -0.0061675725 0.030352318
  endloop
 endfacet
 facet normal 1.7195366e-05 0.9986307 -0.052313662
  outer loop
   vertex -0.08396179 -0.0059341759 0.034805997
   vertex -0.084844132 -0.0059341635 0.034805943
   vertex -0.08484212 -0.0058877984 0.03569102
  endloop
 endfacet
 facet normal 1.7195366e-05 0.9986307 -0.052313662
  outer loop
   vertex -0.08396179 -0.0059341759 0.034805997
   vertex -0.08484212 -0.0058877984 0.03569102
   vertex -0.083961545 -0.005887875 0.035690677
  endloop
 endfacet
 facet normal 1.8085983e-05 0.99862847 -0.052356177
  outer loop
   vertex -0.084845892 -0.0059810076 0.033912138
   vertex -0.085753558 -0.0059809871 0.033912217
   vertex -0.085751592 -0.0059341257 0.03480604
  endloop
 endfacet
 facet normal 1.8085983e-05 0.99862847 -0.052356177
  outer loop
   vertex -0.084845892 -0.0059810076 0.033912138
   vertex -0.085751592 -0.0059341257 0.03480604
   vertex -0.084844132 -0.0059341635 0.034805943
  endloop
 endfacet
 facet normal 3.0280403e-09 0.99862912 -0.05234395
  outer loop
   vertex -0.087506454 -0.0056054796 0.041077827
   vertex -0.087509229 -0.0055587831 0.041968713
   vertex -0.086619252 -0.0055587655 0.041969049
  endloop
 endfacet
 facet normal 3.0280403e-09 0.99862912 -0.05234395
  outer loop
   vertex -0.087506454 -0.0056054796 0.041077827
   vertex -0.086619252 -0.0055587655 0.041969049
   vertex -0.086618453 -0.0056054634 0.041078041
  endloop
 endfacet
 facet normal -1.6294807e-06 0.99862941 -0.0523384
  outer loop
   vertex -0.085739553 -0.0056054362 0.041078532
   vertex -0.086618453 -0.0056054634 0.041078041
   vertex -0.086619252 -0.0055587655 0.041969049
  endloop
 endfacet
 facet normal -1.6294807e-06 0.99862941 -0.0523384
  outer loop
   vertex -0.085739553 -0.0056054362 0.041078532
   vertex -0.086619252 -0.0055587655 0.041969049
   vertex -0.085736417 -0.0055587375 0.041969583
  endloop
 endfacet
 facet normal -0.0080342447 0.9986535 -0.051250689
  outer loop
   vertex -0.087454235 -0.0058514203 0.036524101
   vertex -0.086627612 -0.0058448623 0.036522303
   vertex -0.086655172 -0.0058877162 0.035691586
  endloop
 endfacet
 facet normal -0.0080342447 0.9986535 -0.051250689
  outer loop
   vertex -0.087454235 -0.0058514203 0.036524101
   vertex -0.086655172 -0.0058877162 0.035691586
   vertex -0.087530884 -0.0058885589 0.035693638
  endloop
 endfacet
 facet normal -0.00064641915 0.99863261 -0.052273259
  outer loop
   vertex -0.086614357 -0.0058060644 0.037264106
   vertex -0.085731882 -0.0058052454 0.037268838
   vertex -0.085736608 -0.0058442946 0.036522899
  endloop
 endfacet
 facet normal -0.00064641915 0.99863261 -0.052273259
  outer loop
   vertex -0.086614357 -0.0058060644 0.037264106
   vertex -0.085736608 -0.0058442946 0.036522899
   vertex -0.086627612 -0.0058448623 0.036522303
  endloop
 endfacet
 facet normal 6.6595131e-05 0.99864678 -0.052005801
  outer loop
   vertex -0.083965147 -0.0058445323 0.036522966
   vertex -0.083961545 -0.005887875 0.035690677
   vertex -0.08484212 -0.0058877984 0.03569102
  endloop
 endfacet
 facet normal 6.6595131e-05 0.99864678 -0.052005801
  outer loop
   vertex -0.083965147 -0.0058445323 0.036522966
   vertex -0.08484212 -0.0058877984 0.03569102
   vertex -0.08484199 -0.0058442575 0.036523195
  endloop
 endfacet
 facet normal -2.4095304e-05 0.99863351 -0.052259992
  outer loop
   vertex -0.084848688 -0.0058051377 0.037270737
   vertex -0.08484199 -0.0058442575 0.036523195
   vertex -0.085736608 -0.0058442946 0.036522899
  endloop
 endfacet
 facet normal -2.4095304e-05 0.99863351 -0.052259992
  outer loop
   vertex -0.084848688 -0.0058051377 0.037270737
   vertex -0.085736608 -0.0058442946 0.036522899
   vertex -0.085731882 -0.0058052454 0.037268838
  endloop
 endfacet
 facet normal 0.00021698221 0.051714678 0.99866188
  outer loop
   vertex -0.083082959 -0.0036263948 0.026152733
   vertex -0.083125691 -0.0026871343 0.026104104
   vertex -0.083952926 -0.0026938153 0.026104629
  endloop
 endfacet
 facet normal 0.00021698221 0.051714678 0.99866188
  outer loop
   vertex -0.083082959 -0.0036263948 0.026152733
   vertex -0.083952926 -0.0026938153 0.026104629
   vertex -0.083934545 -0.0036294877 0.026153687
  endloop
 endfacet
 facet normal -0.0011654756 0.052330101 0.99862916
  outer loop
   vertex -0.082410964 -0.0026581802 0.026102916
   vertex -0.082410965 -0.0017677684 0.026056256
   vertex -0.083094037 -0.0017767793 0.026055931
  endloop
 endfacet
 facet normal -0.0011654756 0.052330101 0.99862916
  outer loop
   vertex -0.082410964 -0.0026581802 0.026102916
   vertex -0.083094037 -0.0017767793 0.026055931
   vertex -0.083125691 -0.0026871343 0.026104104
  endloop
 endfacet
 facet normal 0.00010582301 0.052321971 0.99863026
  outer loop
   vertex -0.085698634 -0.00087885377 0.026009692
   vertex -0.085717137 -0.001779569 0.026056885
   vertex -0.084811594 -0.001780467 0.026056837
  endloop
 endfacet
 facet normal 0.00010582301 0.052321971 0.99863026
  outer loop
   vertex -0.085698634 -0.00087885377 0.026009692
   vertex -0.084811594 -0.001780467 0.026056837
   vertex -0.084766842 -0.00087774912 0.026009394
  endloop
 endfacet
 facet normal 0.0010779261 0.052590824 0.99861556
  outer loop
   vertex -0.084706233 2.4062748e-05 0.025961836
   vertex -0.084766842 -0.00087774912 0.026009394
   vertex -0.083833044 -0.00087553352 0.02600827
  endloop
 endfacet
 facet normal 0.0010779261 0.052590824 0.99861556
  outer loop
   vertex -0.084706233 2.4062748e-05 0.025961836
   vertex -0.083833044 -0.00087553352 0.02600827
   vertex -0.083676566 2.9128564e-05 0.02595867
  endloop
 endfacet
 facet normal 0.00016198082 0.052387863 0.9986268
  outer loop
   vertex -0.083952926 -0.0026938153 0.026104629
   vertex -0.084829252 -0.0026923818 0.026104696
   vertex -0.084823971 -0.0036230626 0.026153519
  endloop
 endfacet
 facet normal 0.00016198082 0.052387863 0.9986268
  outer loop
   vertex -0.083952926 -0.0026938153 0.026104629
   vertex -0.084823971 -0.0036230626 0.026153519
   vertex -0.083934545 -0.0036294877 0.026153687
  endloop
 endfacet
 facet normal 3.9903458e-05 0.052409858 0.99862566
  outer loop
   vertex -0.085724865 -0.002688827 0.026104546
   vertex -0.084829252 -0.0026923818 0.026104696
   vertex -0.084811594 -0.001780467 0.026056837
  endloop
 endfacet
 facet normal 3.9903458e-05 0.052409858 0.99862566
  outer loop
   vertex -0.085724865 -0.002688827 0.026104546
   vertex -0.084811594 -0.001780467 0.026056837
   vertex -0.085717137 -0.001779569 0.026056885
  endloop
 endfacet
 facet normal -0.036774867 0.079263046 0.99617517
  outer loop
   vertex -0.082410958 -0.00087735727 0.026009583
   vertex -0.082729848 -0.0008724159 0.025997418
   vertex -0.083094037 -0.0017767793 0.026055931
  endloop
 endfacet
 facet normal -0.036774867 0.079263046 0.99617517
  outer loop
   vertex -0.082410958 -0.00087735727 0.026009583
   vertex -0.083094037 -0.0017767793 0.026055931
   vertex -0.082410965 -0.0017677684 0.026056256
  endloop
 endfacet
 facet normal -0.0016120667 0.055022829 0.9984838
  outer loop
   vertex -0.082435548 4.6179431e-05 0.025959734
   vertex -0.083676566 2.9128564e-05 0.02595867
   vertex -0.083833044 -0.00087553352 0.02600827
  endloop
 endfacet
 facet normal -0.0016120667 0.055022829 0.9984838
  outer loop
   vertex -0.082435548 4.6179431e-05 0.025959734
   vertex -0.083833044 -0.00087553352 0.02600827
   vertex -0.082729848 -0.0008724159 0.025997418
  endloop
 endfacet
 facet normal -3.3972209e-16 0.052336044 0.99862953
  outer loop
   vertex -0.088410981 -0.0035484278 0.026149598
   vertex -0.087531469 -0.0035850491 0.026151518
   vertex -0.087536633 -0.0026738844 0.026103765
  endloop
 endfacet
 facet normal -3.3972209e-16 0.052336044 0.99862953
  outer loop
   vertex -0.088410981 -0.0035484278 0.026149598
   vertex -0.087536633 -0.0026738844 0.026103765
   vertex -0.088410981 -0.0026581788 0.026102942
  endloop
 endfacet
 facet normal 1.1761107e-05 0.052323899 0.99863017
  outer loop
   vertex -0.086629388 -0.0017776686 0.026056797
   vertex -0.085717137 -0.001779569 0.026056885
   vertex -0.085698634 -0.00087885377 0.026009692
  endloop
 endfacet
 facet normal 1.1761107e-05 0.052323899 0.99863017
  outer loop
   vertex -0.086629388 -0.0017776686 0.026056797
   vertex -0.085698634 -0.00087885377 0.026009692
   vertex -0.086623902 -0.00087923195 0.026009712
  endloop
 endfacet
 facet normal -3.9597621e-15 0.052336044 0.99862953
  outer loop
   vertex -0.086616631 1.8728725e-05 0.025962651
   vertex -0.087539062 1.5875168e-05 0.025962801
   vertex -0.087539613 -0.00087891395 0.026009695
  endloop
 endfacet
 facet normal -3.9597621e-15 0.052336044 0.99862953
  outer loop
   vertex -0.086616631 1.8728725e-05 0.025962651
   vertex -0.087539613 -0.00087891395 0.026009695
   vertex -0.086623902 -0.00087923195 0.026009712
  endloop
 endfacet
 facet normal -2.4373287e-15 0.052336044 0.99862953
  outer loop
   vertex -0.086627253 -0.0036051618 0.026152572
   vertex -0.086630609 -0.0026834216 0.026104265
   vertex -0.087536633 -0.0026738844 0.026103765
  endloop
 endfacet
 facet normal -2.4373287e-15 0.052336044 0.99862953
  outer loop
   vertex -0.086627253 -0.0036051618 0.026152572
   vertex -0.087536633 -0.0026738844 0.026103765
   vertex -0.087531469 -0.0035850491 0.026151518
  endloop
 endfacet
 facet normal 1.1804211e-05 0.052344539 0.99862908
  outer loop
   vertex -0.085724865 -0.002688827 0.026104546
   vertex -0.085717137 -0.001779569 0.026056885
   vertex -0.086629388 -0.0017776686 0.026056797
  endloop
 endfacet
 facet normal 1.1804211e-05 0.052344539 0.99862908
  outer loop
   vertex -0.085724865 -0.002688827 0.026104546
   vertex -0.086629388 -0.0017776686 0.026056797
   vertex -0.086630609 -0.0026834216 0.026104265
  endloop
 endfacet
 facet normal -1.3370484e-15 0.052336044 0.99862953
  outer loop
   vertex -0.088410981 1.3540494e-05 0.025962923
   vertex -0.088410981 -0.00087698348 0.026009594
   vertex -0.087539613 -0.00087891395 0.026009695
  endloop
 endfacet
 facet normal -1.3370484e-15 0.052336044 0.99862953
  outer loop
   vertex -0.088410981 1.3540494e-05 0.025962923
   vertex -0.087539613 -0.00087891395 0.026009695
   vertex -0.087539062 1.5875168e-05 0.025962801
  endloop
 endfacet
 facet normal 1.1115021e-07 0.052333765 0.99862965
  outer loop
   vertex -0.088410981 0.0036062433 0.02577464
   vertex -0.088410981 0.0026433983 0.025825098
   vertex -0.087525707 0.0026864493 0.025822842
  endloop
 endfacet
 facet normal 1.1115021e-07 0.052333765 0.99862965
  outer loop
   vertex -0.088410981 0.0036062433 0.02577464
   vertex -0.087525707 0.0026864493 0.025822842
   vertex -0.087493358 0.0036062449 0.025774638
  endloop
 endfacet
 facet normal -3.9562094e-15 0.052336044 0.99862953
  outer loop
   vertex -0.087538233 0.00091405762 0.025915729
   vertex -0.087539062 1.5875168e-05 0.025962801
   vertex -0.086616631 1.8728725e-05 0.025962651
  endloop
 endfacet
 facet normal -3.9562094e-15 0.052336044 0.99862953
  outer loop
   vertex -0.087538233 0.00091405762 0.025915729
   vertex -0.086616631 1.8728725e-05 0.025962651
   vertex -0.08661176 0.00092180399 0.025915323
  endloop
 endfacet
 facet normal -6.0783761e-16 0.052336044 0.99862953
  outer loop
   vertex -0.085663378 0.0009264921 0.025915077
   vertex -0.085664786 0.0018352795 0.02586745
   vertex -0.086609863 0.001828594 0.0258678
  endloop
 endfacet
 facet normal -6.0783761e-16 0.052336044 0.99862953
  outer loop
   vertex -0.085663378 0.0009264921 0.025915077
   vertex -0.086609863 0.001828594 0.0258678
   vertex -0.08661176 0.00092180399 0.025915323
  endloop
 endfacet
 facet normal 1.6610439e-15 0.052336044 0.99862953
  outer loop
   vertex -0.088410981 1.3540494e-05 0.025962923
   vertex -0.087539062 1.5875168e-05 0.025962801
   vertex -0.087538233 0.00091405762 0.025915729
  endloop
 endfacet
 facet normal 1.6610439e-15 0.052336044 0.99862953
  outer loop
   vertex -0.088410981 1.3540494e-05 0.025962923
   vertex -0.087538233 0.00091405762 0.025915729
   vertex -0.088410981 0.0009034674 0.025916284
  endloop
 endfacet
 facet normal 1.9383373e-15 0.052336044 0.99862953
  outer loop
   vertex -0.087525707 0.0026864493 0.025822842
   vertex -0.086609328 0.0027031932 0.025821964
   vertex -0.086607143 0.0036062449 0.025774637
  endloop
 endfacet
 facet normal 1.9383373e-15 0.052336044 0.99862953
  outer loop
   vertex -0.087525707 0.0026864493 0.025822842
   vertex -0.086607143 0.0036062449 0.025774637
   vertex -0.087493358 0.0036062449 0.025774638
  endloop
 endfacet
 facet normal -5.7559204e-16 0.052336044 0.99862953
  outer loop
   vertex -0.085681808 0.0027088288 0.025821669
   vertex -0.086609328 0.0027031932 0.025821964
   vertex -0.086609863 0.001828594 0.0258678
  endloop
 endfacet
 facet normal -5.7559204e-16 0.052336044 0.99862953
  outer loop
   vertex -0.085681808 0.0027088288 0.025821669
   vertex -0.086609863 0.001828594 0.0258678
   vertex -0.085664786 0.0018352795 0.02586745
  endloop
 endfacet
 facet normal 0.47502074 0.046000498 0.87877145
  outer loop
   vertex -0.081547538 0.002668336 0.02534539
   vertex -0.082430676 0.0026837374 0.025821965
   vertex -0.082430463 0.0018323441 0.025866417
  endloop
 endfacet
 facet normal 0.47502074 0.046000498 0.87877145
  outer loop
   vertex -0.081547538 0.002668336 0.02534539
   vertex -0.082430463 0.0018323441 0.025866417
   vertex -0.081537093 0.001814556 0.025365737
  endloop
 endfacet
 facet normal -0.0003566017 0.048948249 0.99880125
  outer loop
   vertex -0.083042356 0.0036062585 0.025775143
   vertex -0.083928571 0.00360625 0.025774827
   vertex -0.08370598 0.0027046524 0.025819091
  endloop
 endfacet
 facet normal -0.0003566017 0.048948249 0.99880125
  outer loop
   vertex -0.083042356 0.0036062585 0.025775143
   vertex -0.08370598 0.0027046524 0.025819091
   vertex -0.082430676 0.0026837374 0.025821965
  endloop
 endfacet
 facet normal 0.0035337866 0.052446484 0.99861748
  outer loop
   vertex -0.083634135 0.0009337995 0.025910264
   vertex -0.084679683 0.00092997983 0.025914164
   vertex -0.084706233 2.4062748e-05 0.025961836
  endloop
 endfacet
 facet normal 0.0035337866 0.052446484 0.99861748
  outer loop
   vertex -0.083634135 0.0009337995 0.025910264
   vertex -0.084706233 2.4062748e-05 0.025961836
   vertex -0.083676566 2.9128564e-05 0.02595867
  endloop
 endfacet
 facet normal 0.00074933318 0.052337187 0.99862919
  outer loop
   vertex -0.084684731 0.0018379847 0.025866573
   vertex -0.085664786 0.0018352795 0.02586745
   vertex -0.085663378 0.0009264921 0.025915077
  endloop
 endfacet
 facet normal 0.00074933318 0.052337187 0.99862919
  outer loop
   vertex -0.084684731 0.0018379847 0.025866573
   vertex -0.085663378 0.0009264921 0.025915077
   vertex -0.084679683 0.00092997983 0.025914164
  endloop
 endfacet
 facet normal 0.54757978 0.040413291 0.83577697
  outer loop
   vertex -0.082430463 0.0018323441 0.025866417
   vertex -0.082435448 0.00093868853 0.025912896
   vertex -0.081629276 0.00093654305 0.025384815
  endloop
 endfacet
 facet normal 0.54757978 0.040413291 0.83577697
  outer loop
   vertex -0.082430463 0.0018323441 0.025866417
   vertex -0.081629276 0.00093654305 0.025384815
   vertex -0.081537093 0.001814556 0.025365737
  endloop
 endfacet
 facet normal -0.0024063585 0.05240708 0.99862291
  outer loop
   vertex -0.082435548 4.6179431e-05 0.025959734
   vertex -0.082435448 0.00093868853 0.025912896
   vertex -0.083634135 0.0009337995 0.025910264
  endloop
 endfacet
 facet normal -0.0024063585 0.05240708 0.99862291
  outer loop
   vertex -0.082435548 4.6179431e-05 0.025959734
   vertex -0.083634135 0.0009337995 0.025910264
   vertex -0.083676566 2.9128564e-05 0.02595867
  endloop
 endfacet
 facet normal 0.0021586546 0.051845731 0.99865277
  outer loop
   vertex -0.084821429 0.0036062465 0.025774695
   vertex -0.084727479 0.0027092708 0.025821059
   vertex -0.08370598 0.0027046524 0.025819091
  endloop
 endfacet
 facet normal 0.0021586546 0.051845731 0.99865277
  outer loop
   vertex -0.084821429 0.0036062465 0.025774695
   vertex -0.08370598 0.0027046524 0.025819091
   vertex -0.083928571 0.00360625 0.025774827
  endloop
 endfacet
 facet normal 0.00074929556 0.052350591 0.99862849
  outer loop
   vertex -0.085681808 0.0027088288 0.025821669
   vertex -0.085664786 0.0018352795 0.02586745
   vertex -0.084684731 0.0018379847 0.025866573
  endloop
 endfacet
 facet normal 0.00074929556 0.052350591 0.99862849
  outer loop
   vertex -0.085681808 0.0027088288 0.025821669
   vertex -0.084684731 0.0018379847 0.025866573
   vertex -0.084727479 0.0027092708 0.025821059
  endloop
 endfacet
 facet normal 0.0090345677 0.045878079 0.99890619
  outer loop
   vertex -0.083882324 -0.0045838616 0.026203938
   vertex -0.082898794 -0.0046369269 0.026197479
   vertex -0.083082959 -0.0036263948 0.026152733
  endloop
 endfacet
 facet normal 0.0090345677 0.045878079 0.99890619
  outer loop
   vertex -0.083882324 -0.0045838616 0.026203938
   vertex -0.083082959 -0.0036263948 0.026152733
   vertex -0.083934545 -0.0036294877 0.026153687
  endloop
 endfacet
 facet normal 0.00015779445 0.99863409 -0.052248634
  outer loop
   vertex -0.085714348 -0.0063800297 0.026297996
   vertex -0.085729446 -0.0063439808 0.026986958
   vertex -0.084837098 -0.0063441231 0.026986933
  endloop
 endfacet
 facet normal 0.00015779445 0.99863409 -0.052248634
  outer loop
   vertex -0.085714348 -0.0063800297 0.026297996
   vertex -0.084837098 -0.0063441231 0.026986933
   vertex -0.084821473 -0.0063799404 0.026297991
  endloop
 endfacet
 facet normal 1.1237531e-06 0.051731432 0.99866103
  outer loop
   vertex -0.085714348 -0.0063800297 0.026297996
   vertex -0.084821473 -0.0063799404 0.026297991
   vertex -0.084809123 -0.0054710262 0.026250908
  endloop
 endfacet
 facet normal 1.1237531e-06 0.051731432 0.99866103
  outer loop
   vertex -0.085714348 -0.0063800297 0.026297996
   vertex -0.084809123 -0.0054710262 0.026250908
   vertex -0.085713495 -0.0054687777 0.026250329
  endloop
 endfacet
 facet normal 0.00030690605 0.99861024 -0.052701863
  outer loop
   vertex -0.083172478 -0.0062602054 0.028586535
   vertex -0.083174146 -0.0063057929 0.027722718
   vertex -0.083977723 -0.0063045044 0.027742455
  endloop
 endfacet
 facet normal 0.00030690605 0.99861024 -0.052701863
  outer loop
   vertex -0.083172478 -0.0062602054 0.028586535
   vertex -0.083977723 -0.0063045044 0.027742455
   vertex -0.083980662 -0.0062597521 0.028593992
  endloop
 endfacet
 facet normal -0.0030773358 0.99865692 -0.051719224
  outer loop
   vertex -0.082410974 -0.0063066099 0.02769586
   vertex -0.082410972 -0.0063539846 0.026781092
   vertex -0.083160483 -0.0063484743 0.026932087
  endloop
 endfacet
 facet normal -0.0030773358 0.99865692 -0.051719224
  outer loop
   vertex -0.082410974 -0.0063066099 0.02769586
   vertex -0.083160483 -0.0063484743 0.026932087
   vertex -0.083174146 -0.0063057929 0.027722718
  endloop
 endfacet
 facet normal 0.0001250344 0.05252601 0.99861955
  outer loop
   vertex -0.084823971 -0.0036230626 0.026153519
   vertex -0.084807894 -0.0045682706 0.026203234
   vertex -0.083882324 -0.0045838616 0.026203938
  endloop
 endfacet
 facet normal 0.0001250344 0.05252601 0.99861955
  outer loop
   vertex -0.084823971 -0.0036230626 0.026153519
   vertex -0.083882324 -0.0045838616 0.026203938
   vertex -0.083934545 -0.0036294877 0.026153687
  endloop
 endfacet
 facet normal -0.00015817076 0.052736897 0.99860843
  outer loop
   vertex -0.084809123 -0.0054710262 0.026250908
   vertex -0.084807894 -0.0045682706 0.026203234
   vertex -0.085716123 -0.0045584145 0.026202569
  endloop
 endfacet
 facet normal -0.00015817076 0.052736897 0.99860843
  outer loop
   vertex -0.084809123 -0.0054710262 0.026250908
   vertex -0.085716123 -0.0045584145 0.026202569
   vertex -0.085713495 -0.0054687777 0.026250329
  endloop
 endfacet
 facet normal -0.00045276754 0.99885591 -0.047819
  outer loop
   vertex -0.082410991 -0.0063784952 0.026297908
   vertex -0.083085515 -0.0063788003 0.026297921
   vertex -0.083160483 -0.0063484743 0.026932087
  endloop
 endfacet
 facet normal -0.00045276754 0.99885591 -0.047819
  outer loop
   vertex -0.082410991 -0.0063784952 0.026297908
   vertex -0.083160483 -0.0063484743 0.026932087
   vertex -0.082410972 -0.0063539846 0.026781092
  endloop
 endfacet
 facet normal -3.493151e-16 0.052336044 0.99862953
  outer loop
   vertex -0.087521246 -0.0045103941 0.026200013
   vertex -0.087531469 -0.0035850491 0.026151518
   vertex -0.088410981 -0.0035484278 0.026149598
  endloop
 endfacet
 facet normal -3.493151e-16 0.052336044 0.99862953
  outer loop
   vertex -0.087521246 -0.0045103941 0.026200013
   vertex -0.088410981 -0.0035484278 0.026149598
   vertex -0.088410981 -0.0044358298 0.026196105
  endloop
 endfacet
 facet normal 4.0432323e-05 0.99863397 -0.052251199
  outer loop
   vertex -0.086625683 -0.0063445297 0.026975773
   vertex -0.085729446 -0.0063439808 0.026986958
   vertex -0.085714348 -0.0063800297 0.026297996
  endloop
 endfacet
 facet normal 4.0432323e-05 0.99863397 -0.052251199
  outer loop
   vertex -0.086625683 -0.0063445297 0.026975773
   vertex -0.085714348 -0.0063800297 0.026297996
   vertex -0.086602157 -0.0063800504 0.026297998
  endloop
 endfacet
 facet normal 2.4783803e-07 0.052336047 0.99862953
  outer loop
   vertex -0.086610919 -0.0054548946 0.026249512
   vertex -0.086602157 -0.0063800504 0.026297998
   vertex -0.085714348 -0.0063800297 0.026297996
  endloop
 endfacet
 facet normal 2.4783803e-07 0.052336047 0.99862953
  outer loop
   vertex -0.086610919 -0.0054548946 0.026249512
   vertex -0.085714348 -0.0063800297 0.026297996
   vertex -0.085713495 -0.0054687777 0.026250329
  endloop
 endfacet
 facet normal -1.4928417e-15 0.99862953 -0.052335952
  outer loop
   vertex -0.088410981 -0.00626043 0.028580493
   vertex -0.087530313 -0.0062599716 0.028589239
   vertex -0.087516681 -0.0063051921 0.027726381
  endloop
 endfacet
 facet normal -1.4928417e-15 0.99862953 -0.052335952
  outer loop
   vertex -0.088410981 -0.00626043 0.028580493
   vertex -0.087516681 -0.0063051921 0.027726381
   vertex -0.088410981 -0.0063067911 0.027695869
  endloop
 endfacet
 facet normal 0.79391911 0.60719011 -0.031821483
  outer loop
   vertex -0.088410981 -0.00626043 0.028580493
   vertex -0.088410981 -0.0063067911 0.027695869
   vertex -0.089410976 -0.0049999999 0.027681913
  endloop
 endfacet
 facet normal 0.79391911 0.60719011 -0.031821483
  outer loop
   vertex -0.088410981 -0.00626043 0.028580493
   vertex -0.089410976 -0.0049999999 0.027681913
   vertex -0.089410976 -0.0049999999 0.028565126
  endloop
 endfacet
 facet normal -2.0701946e-15 0.052336044 0.99862953
  outer loop
   vertex -0.087521246 -0.0045103941 0.026200013
   vertex -0.08662006 -0.0045432132 0.026201733
   vertex -0.086627253 -0.0036051618 0.026152572
  endloop
 endfacet
 facet normal -2.0701946e-15 0.052336044 0.99862953
  outer loop
   vertex -0.087521246 -0.0045103941 0.026200013
   vertex -0.086627253 -0.0036051618 0.026152572
   vertex -0.087531469 -0.0035850491 0.026151518
  endloop
 endfacet
 facet normal -4.3746015e-05 0.052335607 0.99862955
  outer loop
   vertex -0.085716123 -0.0045584145 0.026202569
   vertex -0.08662006 -0.0045432132 0.026201733
   vertex -0.086610919 -0.0054548946 0.026249512
  endloop
 endfacet
 facet normal -4.3746015e-05 0.052335607 0.99862955
  outer loop
   vertex -0.085716123 -0.0045584145 0.026202569
   vertex -0.086610919 -0.0054548946 0.026249512
   vertex -0.085713495 -0.0054687777 0.026250329
  endloop
 endfacet
 facet normal -1.5272123e-15 0.99862953 -0.052335952
  outer loop
   vertex -0.087538241 -0.0062138831 0.029468661
   vertex -0.087530313 -0.0062599716 0.028589239
   vertex -0.088410981 -0.00626043 0.028580493
  endloop
 endfacet
 facet normal -1.5272123e-15 0.99862953 -0.052335952
  outer loop
   vertex -0.087538241 -0.0062138831 0.029468661
   vertex -0.088410981 -0.00626043 0.028580493
   vertex -0.088410981 -0.0062137655 0.029470904
  endloop
 endfacet
 facet normal 0.78317205 0.6209529 -0.03254276
  outer loop
   vertex -0.088410981 -0.0062137655 0.029470904
   vertex -0.088410981 -0.00626043 0.028580493
   vertex -0.089410976 -0.0049999999 0.028565126
  endloop
 endfacet
 facet normal 0.78317205 0.6209529 -0.03254276
  outer loop
   vertex -0.088410981 -0.0062137655 0.029470904
   vertex -0.089410976 -0.0049999999 0.028565126
   vertex -0.089410976 -0.0049999999 0.029460973
  endloop
 endfacet
 facet normal 1.1785341e-15 0.99862953 -0.052335952
  outer loop
   vertex -0.085751833 -0.0061210801 0.031239447
   vertex -0.085750731 -0.0061675725 0.030352318
   vertex -0.086660914 -0.00616756 0.030352557
  endloop
 endfacet
 facet normal 1.1785341e-15 0.99862953 -0.052335952
  outer loop
   vertex -0.085751833 -0.0061210801 0.031239447
   vertex -0.086660914 -0.00616756 0.030352557
   vertex -0.086664066 -0.0061210398 0.031240216
  endloop
 endfacet
 facet normal -3.3621446e-17 0.99862953 -0.052335952
  outer loop
   vertex -0.086666939 -0.0060744126 0.032129916
   vertex -0.086664066 -0.0061210398 0.031240216
   vertex -0.087547756 -0.0061208709 0.031243438
  endloop
 endfacet
 facet normal -3.3621446e-17 0.99862953 -0.052335952
  outer loop
   vertex -0.086666939 -0.0060744126 0.032129916
   vertex -0.087547756 -0.0061208709 0.031243438
   vertex -0.087551868 -0.0060742288 0.032133422
  endloop
 endfacet
 facet normal -5.6878838e-16 0.99862953 -0.052335952
  outer loop
   vertex -0.087547756 -0.0061208709 0.031243438
   vertex -0.088410981 -0.0061204365 0.031251727
   vertex -0.088410981 -0.006073772 0.032142139
  endloop
 endfacet
 facet normal -5.6878838e-16 0.99862953 -0.052335952
  outer loop
   vertex -0.087547756 -0.0061208709 0.031243438
   vertex -0.088410981 -0.006073772 0.032142139
   vertex -0.087551868 -0.0060742288 0.032133422
  endloop
 endfacet
 facet normal -0.01017111 0.99868949 -0.05015834
  outer loop
   vertex -0.088351242 -0.0058966222 0.035699443
   vertex -0.087530884 -0.0058885589 0.035693638
   vertex -0.087553152 -0.0059332858 0.034807608
  endloop
 endfacet
 facet normal -0.01017111 0.99868949 -0.05015834
  outer loop
   vertex -0.088351242 -0.0058966222 0.035699443
   vertex -0.087553152 -0.0059332858 0.034807608
   vertex -0.08840728 -0.0059340309 0.034813387
  endloop
 endfacet
 facet normal 2.1630306e-05 0.99862607 -0.052402011
  outer loop
   vertex -0.085753528 -0.0060277658 0.03301988
   vertex -0.086669383 -0.0060276994 0.033020768
   vertex -0.086670492 -0.0059808866 0.033912881
  endloop
 endfacet
 facet normal 2.1630306e-05 0.99862607 -0.052402011
  outer loop
   vertex -0.085753528 -0.0060277658 0.03301988
   vertex -0.086670492 -0.0059808866 0.033912881
   vertex -0.085753558 -0.0059809871 0.033912217
  endloop
 endfacet
 facet normal 6.9416041e-05 0.99862804 -0.052364388
  outer loop
   vertex -0.087555388 -0.0060274637 0.033024089
   vertex -0.086669383 -0.0060276994 0.033020768
   vertex -0.086666939 -0.0060744126 0.032129916
  endloop
 endfacet
 facet normal 6.9416041e-05 0.99862804 -0.052364388
  outer loop
   vertex -0.087555388 -0.0060274637 0.033024089
   vertex -0.086666939 -0.0060744126 0.032129916
   vertex -0.087551868 -0.0060742288 0.032133422
  endloop
 endfacet
 facet normal -0.0001029908 0.99862959 -0.052334879
  outer loop
   vertex -0.088410981 -0.006073772 0.032142139
   vertex -0.088410894 -0.0060271085 0.03303255
   vertex -0.087555388 -0.0060274637 0.033024089
  endloop
 endfacet
 facet normal -0.0001029908 0.99862959 -0.052334879
  outer loop
   vertex -0.088410981 -0.006073772 0.032142139
   vertex -0.087555388 -0.0060274637 0.033024089
   vertex -0.087551868 -0.0060742288 0.032133422
  endloop
 endfacet
 facet normal 0.00068260434 -0.99863657 0.052197146
  outer loop
   vertex -0.087574732 0.0039389896 0.032123071
   vertex -0.088410971 0.0039384624 0.032123919
   vertex -0.088410971 0.0038924154 0.031242949
  endloop
 endfacet
 facet normal 0.00068260434 -0.99863657 0.052197146
  outer loop
   vertex -0.087574732 0.0039389896 0.032123071
   vertex -0.088410971 0.0038924154 0.031242949
   vertex -0.087572137 0.0038928464 0.031242218
  endloop
 endfacet
 facet normal 0.00055864302 -0.99862928 0.052337877
  outer loop
   vertex -0.087566575 0.0038460124 0.030348546
   vertex -0.087572137 0.0038928464 0.031242218
   vertex -0.088410971 0.0038924154 0.031242949
  endloop
 endfacet
 facet normal 0.00055864302 -0.99862928 0.052337877
  outer loop
   vertex -0.087566575 0.0038460124 0.030348546
   vertex -0.088410971 0.0038924154 0.031242949
   vertex -0.088410644 0.0038461533 0.030352516
  endloop
 endfacet
 facet normal 1.0183852e-05 -0.99862905 0.05234517
  outer loop
   vertex -0.087560085 0.0037517145 0.028550704
   vertex -0.08664956 0.0037511004 0.028538811
   vertex -0.086653178 0.003798716 0.029447211
  endloop
 endfacet
 facet normal 1.0183852e-05 -0.99862905 0.05234517
  outer loop
   vertex -0.087560085 0.0037517145 0.028550704
   vertex -0.086653178 0.003798716 0.029447211
   vertex -0.087563344 0.00379903 0.029452475
  endloop
 endfacet
 facet normal -4.176031e-06 -0.99862929 0.052340714
  outer loop
   vertex -0.085749201 0.0038457758 0.030345156
   vertex -0.08665574 0.0038458316 0.030346149
   vertex -0.086653178 0.003798716 0.029447211
  endloop
 endfacet
 facet normal -4.176031e-06 -0.99862929 0.052340714
  outer loop
   vertex -0.085749201 0.0038457758 0.030345156
   vertex -0.086653178 0.003798716 0.029447211
   vertex -0.085747732 0.0037985903 0.029444809
  endloop
 endfacet
 facet normal -4.1684688e-05 -0.9986283 0.052359511
  outer loop
   vertex -0.087566575 0.0038460124 0.030348546
   vertex -0.087563344 0.00379903 0.029452475
   vertex -0.086653178 0.003798716 0.029447211
  endloop
 endfacet
 facet normal -4.1684688e-05 -0.9986283 0.052359511
  outer loop
   vertex -0.087566575 0.0038460124 0.030348546
   vertex -0.086653178 0.003798716 0.029447211
   vertex -0.08665574 0.0038458316 0.030346149
  endloop
 endfacet
 facet normal 4.9653979e-05 -0.9986263 0.052397604
  outer loop
   vertex -0.087560085 0.0037517145 0.028550704
   vertex -0.087563344 0.00379903 0.029452475
   vertex -0.088410644 0.0037994931 0.029462104
  endloop
 endfacet
 facet normal 4.9653979e-05 -0.9986263 0.052397604
  outer loop
   vertex -0.087560085 0.0037517145 0.028550704
   vertex -0.088410644 0.0037994931 0.029462104
   vertex -0.088410644 0.0037528328 0.028571692
  endloop
 endfacet
 facet normal 7.9373123e-05 -0.99862978 0.052331209
  outer loop
   vertex -0.087566575 0.0038460124 0.030348546
   vertex -0.088410644 0.0038461533 0.030352516
   vertex -0.088410644 0.0037994931 0.029462104
  endloop
 endfacet
 facet normal 7.9373123e-05 -0.99862978 0.052331209
  outer loop
   vertex -0.087566575 0.0038460124 0.030348546
   vertex -0.088410644 0.0037994931 0.029462104
   vertex -0.087563344 0.00379903 0.029452475
  endloop
 endfacet
 facet normal -5.9103823e-05 -0.99863075 0.052312817
  outer loop
   vertex -0.087574732 0.0039389896 0.032123071
   vertex -0.087572137 0.0038928464 0.031242218
   vertex -0.086658111 0.0038927297 0.031241023
  endloop
 endfacet
 facet normal -5.9103823e-05 -0.99863075 0.052312817
  outer loop
   vertex -0.087574732 0.0039389896 0.032123071
   vertex -0.086658111 0.0038927297 0.031241023
   vertex -0.086658632 0.0039389744 0.032123512
  endloop
 endfacet
 facet normal -3.8270817e-06 -0.99862953 0.052335961
  outer loop
   vertex -0.085749201 0.0038457758 0.030345156
   vertex -0.085749901 0.0038927081 0.031240677
   vertex -0.086658111 0.0038927297 0.031241023
  endloop
 endfacet
 facet normal -3.8270817e-06 -0.99862953 0.052335961
  outer loop
   vertex -0.085749201 0.0038457758 0.030345156
   vertex -0.086658111 0.0038927297 0.031241023
   vertex -0.08665574 0.0038458316 0.030346149
  endloop
 endfacet
 facet normal -6.0456696e-05 -0.99862956 0.052335454
  outer loop
   vertex -0.087566575 0.0038460124 0.030348546
   vertex -0.08665574 0.0038458316 0.030346149
   vertex -0.086658111 0.0038927297 0.031241023
  endloop
 endfacet
 facet normal -6.0456696e-05 -0.99862956 0.052335454
  outer loop
   vertex -0.087566575 0.0038460124 0.030348546
   vertex -0.086658111 0.0038927297 0.031241023
   vertex -0.087572137 0.0038928464 0.031242218
  endloop
 endfacet
 facet normal 0.00061976146 -0.99863196 0.05228596
  outer loop
   vertex -0.087574732 0.0039389896 0.032123071
   vertex -0.087571343 0.0039812717 0.032930594
   vertex -0.08841097 0.0039809527 0.032934454
  endloop
 endfacet
 facet normal 0.00061976146 -0.99863196 0.05228596
  outer loop
   vertex -0.087574732 0.0039389896 0.032123071
   vertex -0.08841097 0.0039809527 0.032934454
   vertex -0.088410971 0.0039384624 0.032123919
  endloop
 endfacet
 facet normal 3.5101828e-05 -0.99862802 0.052364833
  outer loop
   vertex -0.087545371 0.0040444879 0.034135972
   vertex -0.088410855 0.0040421743 0.03409243
   vertex -0.088410604 0.0040145067 0.033564793
  endloop
 endfacet
 facet normal 3.5101828e-05 -0.99862802 0.052364833
  outer loop
   vertex -0.087545371 0.0040444879 0.034135972
   vertex -0.088410604 0.0040145067 0.033564793
   vertex -0.08841097 0.0039809527 0.032934454
  endloop
 endfacet
 facet normal 3.5101828e-05 -0.99862802 0.052364833
  outer loop
   vertex -0.087545371 0.0040444879 0.034135972
   vertex -0.08841097 0.0039809527 0.032934454
   vertex -0.087571343 0.0039812717 0.032930594
  endloop
 endfacet
 facet normal -3.7986115e-05 -0.99863196 0.052289619
  outer loop
   vertex -0.087530321 0.004084314 0.034896585
   vertex -0.087545371 0.0040444879 0.034135972
   vertex -0.086631841 0.0040451148 0.034148608
  endloop
 endfacet
 facet normal -3.7986115e-05 -0.99863196 0.052289619
  outer loop
   vertex -0.087530321 0.004084314 0.034896585
   vertex -0.086631841 0.0040451148 0.034148608
   vertex -0.086616248 0.0040845805 0.034901803
  endloop
 endfacet
 facet normal -4.1747413e-05 -0.99862979 0.052331001
  outer loop
   vertex -0.087574732 0.0039389896 0.032123071
   vertex -0.086658632 0.0039389744 0.032123512
   vertex -0.086655531 0.0039813748 0.032932638
  endloop
 endfacet
 facet normal -4.1747413e-05 -0.99862979 0.052331001
  outer loop
   vertex -0.087574732 0.0039389896 0.032123071
   vertex -0.086655531 0.0039813748 0.032932638
   vertex -0.087571343 0.0039812717 0.032930594
  endloop
 endfacet
 facet normal 5.3594005e-06 -0.9986295 0.052336552
  outer loop
   vertex -0.086655531 0.0039813748 0.032932638
   vertex -0.085744189 0.0039813987 0.032933001
   vertex -0.085712546 0.0040453894 0.034153999
  endloop
 endfacet
 facet normal 5.3594005e-06 -0.9986295 0.052336552
  outer loop
   vertex -0.086655531 0.0039813748 0.032932638
   vertex -0.085712546 0.0040453894 0.034153999
   vertex -0.086631841 0.0040451148 0.034148608
  endloop
 endfacet
 facet normal -4.4171671e-06 -0.99862894 0.052347296
  outer loop
   vertex -0.087571343 0.0039812717 0.032930594
   vertex -0.086655531 0.0039813748 0.032932638
   vertex -0.086631841 0.0040451148 0.034148608
  endloop
 endfacet
 facet normal -4.4171671e-06 -0.99862894 0.052347296
  outer loop
   vertex -0.087571343 0.0039812717 0.032930594
   vertex -0.086631841 0.0040451148 0.034148608
   vertex -0.087545371 0.0040444879 0.034135972
  endloop
 endfacet
 facet normal 3.8973031e-05 -0.99863204 0.0522881
  outer loop
   vertex -0.088410855 0.0040421743 0.03409243
   vertex -0.087545371 0.0040444879 0.034135972
   vertex -0.087530321 0.004084314 0.034896585
  endloop
 endfacet
 facet normal 3.8973031e-05 -0.99863204 0.0522881
  outer loop
   vertex -0.088410855 0.0040421743 0.03409243
   vertex -0.087530321 0.004084314 0.034896585
   vertex -0.08841096 0.0040833929 0.034879102
  endloop
 endfacet
 facet normal -1.1449853e-07 0.99862408 -0.052439988
  outer loop
   vertex -0.083979146 -0.0062138844 0.029468635
   vertex -0.083167598 -0.0062139311 0.029467744
   vertex -0.083172478 -0.0062602054 0.028586535
  endloop
 endfacet
 facet normal -1.1449853e-07 0.99862408 -0.052439988
  outer loop
   vertex -0.083979146 -0.0062138844 0.029468635
   vertex -0.083172478 -0.0062602054 0.028586535
   vertex -0.083980662 -0.0062597521 0.028593992
  endloop
 endfacet
 facet normal 5.0045682e-16 0.99862953 -0.052335952
  outer loop
   vertex -0.082410976 -0.0062137655 0.029470904
   vertex -0.083167598 -0.0062139311 0.029467744
   vertex -0.083161614 -0.0061674659 0.030354352
  endloop
 endfacet
 facet normal 5.0045682e-16 0.99862953 -0.052335952
  outer loop
   vertex -0.082410976 -0.0062137655 0.029470904
   vertex -0.083161614 -0.0061674659 0.030354352
   vertex -0.082410976 -0.006167101 0.030361316
  endloop
 endfacet
 facet normal -1.5937172e-15 0.99862953 -0.052335952
  outer loop
   vertex -0.084850805 -0.0061675798 0.03035218
   vertex -0.085750731 -0.0061675725 0.030352318
   vertex -0.085751833 -0.0061210801 0.031239447
  endloop
 endfacet
 facet normal -1.5937172e-15 0.99862953 -0.052335952
  outer loop
   vertex -0.084850805 -0.0061675798 0.03035218
   vertex -0.085751833 -0.0061210801 0.031239447
   vertex -0.084849575 -0.0061210841 0.03123937
  endloop
 endfacet
 facet normal -5.5751833e-16 0.99862953 -0.052335952
  outer loop
   vertex -0.084848328 -0.0060744648 0.03212892
   vertex -0.08396877 -0.0060744234 0.03212971
   vertex -0.083972183 -0.00612105 0.031240021
  endloop
 endfacet
 facet normal -5.5751833e-16 0.99862953 -0.052335952
  outer loop
   vertex -0.084848328 -0.0060744648 0.03212892
   vertex -0.083972183 -0.00612105 0.031240021
   vertex -0.084849575 -0.0061210841 0.03123937
  endloop
 endfacet
 facet normal 9.9849264e-18 0.99862953 -0.052335952
  outer loop
   vertex -0.083161614 -0.0061674659 0.030354352
   vertex -0.083155503 -0.0061208752 0.031243356
   vertex -0.082410976 -0.0061204365 0.031251727
  endloop
 endfacet
 facet normal 9.9849264e-18 0.99862953 -0.052335952
  outer loop
   vertex -0.083161614 -0.0061674659 0.030354352
   vertex -0.082410976 -0.0061204365 0.031251727
   vertex -0.082410976 -0.006167101 0.030361316
  endloop
 endfacet
 facet normal 1.5369529e-15 0.99862953 -0.052335952
  outer loop
   vertex -0.083150262 -0.0060742442 0.032133129
   vertex -0.083155503 -0.0061208752 0.031243356
   vertex -0.083972183 -0.00612105 0.031240021
  endloop
 endfacet
 facet normal 1.5369529e-15 0.99862953 -0.052335952
  outer loop
   vertex -0.083150262 -0.0060742442 0.032133129
   vertex -0.083972183 -0.00612105 0.031240021
   vertex -0.08396877 -0.0060744234 0.03212971
  endloop
 endfacet
 facet normal 3.8070251e-05 0.99864547 -0.052030953
  outer loop
   vertex -0.083143163 -0.0058880621 0.03569167
   vertex -0.083142724 -0.0059341486 0.034807119
   vertex -0.08396179 -0.0059341759 0.034805997
  endloop
 endfacet
 facet normal 3.8070251e-05 0.99864547 -0.052030953
  outer loop
   vertex -0.083143163 -0.0058880621 0.03569167
   vertex -0.08396179 -0.0059341759 0.034805997
   vertex -0.083961545 -0.005887875 0.035690677
  endloop
 endfacet
 facet normal -5.1027223e-05 0.99863162 -0.052296103
  outer loop
   vertex -0.08314411 -0.0059808718 0.033914909
   vertex -0.083142724 -0.0059341486 0.034807119
   vertex -0.082410973 -0.0059337837 0.034813374
  endloop
 endfacet
 facet normal -5.1027223e-05 0.99863162 -0.052296103
  outer loop
   vertex -0.08314411 -0.0059808718 0.033914909
   vertex -0.082410973 -0.0059337837 0.034813374
   vertex -0.082410976 -0.0059804435 0.033922962
  endloop
 endfacet
 facet normal 6.2909128e-06 0.99862938 -0.052338885
  outer loop
   vertex -0.084845892 -0.0059810076 0.033912138
   vertex -0.084847181 -0.0060277756 0.033019803
   vertex -0.085753528 -0.0060277658 0.03301988
  endloop
 endfacet
 facet normal 6.2909128e-06 0.99862938 -0.052338885
  outer loop
   vertex -0.084845892 -0.0059810076 0.033912138
   vertex -0.085753528 -0.0060277658 0.03301988
   vertex -0.085753558 -0.0059809871 0.033912217
  endloop
 endfacet
 facet normal -5.566735e-16 0.99862953 -0.052335952
  outer loop
   vertex -0.083965952 -0.0060277391 0.033020499
   vertex -0.08396877 -0.0060744234 0.03212971
   vertex -0.084848328 -0.0060744648 0.03212892
  endloop
 endfacet
 facet normal -5.566735e-16 0.99862953 -0.052335952
  outer loop
   vertex -0.083965952 -0.0060277391 0.033020499
   vertex -0.084848328 -0.0060744648 0.03212892
   vertex -0.084847181 -0.0060277756 0.033019803
  endloop
 endfacet
 facet normal -9.2008466e-08 0.99862993 -0.052328479
  outer loop
   vertex -0.082410976 -0.0060271075 0.03303255
   vertex -0.083146665 -0.0060275809 0.033023517
   vertex -0.08314411 -0.0059808718 0.033914909
  endloop
 endfacet
 facet normal -9.2008466e-08 0.99862993 -0.052328479
  outer loop
   vertex -0.082410976 -0.0060271075 0.03303255
   vertex -0.08314411 -0.0059808718 0.033914909
   vertex -0.082410976 -0.0059804435 0.033922962
  endloop
 endfacet
 facet normal 1.3078379e-15 0.99862953 -0.052335952
  outer loop
   vertex -0.083965952 -0.0060277391 0.033020499
   vertex -0.083146665 -0.0060275809 0.033023517
   vertex -0.083150262 -0.0060742442 0.032133129
  endloop
 endfacet
 facet normal 1.3078379e-15 0.99862953 -0.052335952
  outer loop
   vertex -0.083965952 -0.0060277391 0.033020499
   vertex -0.083150262 -0.0060742442 0.032133129
   vertex -0.08396877 -0.0060744234 0.03212971
  endloop
 endfacet
 facet normal -3.6718437e-16 -0.99862953 0.052335957
  outer loop
   vertex -0.083989772 0.0039389902 0.032123795
   vertex -0.083994025 0.0038927251 0.031241004
   vertex -0.083158155 0.0038927598 0.031241668
  endloop
 endfacet
 facet normal -3.6718437e-16 -0.99862953 0.052335957
  outer loop
   vertex -0.083989772 0.0039389902 0.032123795
   vertex -0.083158155 0.0038927598 0.031241668
   vertex -0.083154719 0.0039389685 0.032123381
  endloop
 endfacet
 facet normal 7.4497331e-16 -0.99862953 0.052335957
  outer loop
   vertex -0.082410976 0.0038461614 0.030352516
   vertex -0.082410976 0.0038928259 0.031242927
   vertex -0.083158155 0.0038927598 0.031241668
  endloop
 endfacet
 facet normal 7.4497331e-16 -0.99862953 0.052335957
  outer loop
   vertex -0.082410976 0.0038461614 0.030352516
   vertex -0.083158155 0.0038927598 0.031241668
   vertex -0.083159228 0.0038459432 0.030348353
  endloop
 endfacet
 facet normal -5.7204546e-16 -0.99862953 0.052335957
  outer loop
   vertex -0.083995303 0.0038458253 0.030346103
   vertex -0.083159228 0.0038459432 0.030348353
   vertex -0.083158155 0.0038927598 0.031241668
  endloop
 endfacet
 facet normal -5.7204546e-16 -0.99862953 0.052335957
  outer loop
   vertex -0.083995303 0.0038458253 0.030346103
   vertex -0.083158155 0.0038927598 0.031241668
   vertex -0.083994025 0.0038927251 0.031241004
  endloop
 endfacet
 facet normal 2.3981509e-07 -0.99862951 0.052336346
  outer loop
   vertex -0.085749201 0.0038457758 0.030345156
   vertex -0.085747732 0.0037985903 0.029444809
   vertex -0.084861035 0.0037985891 0.029444783
  endloop
 endfacet
 facet normal 2.3981509e-07 -0.99862951 0.052336346
  outer loop
   vertex -0.085749201 0.0038457758 0.030345156
   vertex -0.084861035 0.0037985891 0.029444783
   vertex -0.084861691 0.003845775 0.030345144
  endloop
 endfacet
 facet normal -3.3597983e-16 -0.99862953 0.052335957
  outer loop
   vertex -0.083992733 0.0037511002 0.028538641
   vertex -0.083995069 0.0037987141 0.029447168
   vertex -0.084861035 0.0037985891 0.029444783
  endloop
 endfacet
 facet normal -3.3597983e-16 -0.99862953 0.052335957
  outer loop
   vertex -0.083992733 0.0037511002 0.028538641
   vertex -0.084861035 0.0037985891 0.029444783
   vertex -0.084858739 0.0037508347 0.028533574
  endloop
 endfacet
 facet normal 2.7612935e-16 -0.99862953 0.052335957
  outer loop
   vertex -0.083995303 0.0038458253 0.030346103
   vertex -0.084861691 0.003845775 0.030345144
   vertex -0.084861035 0.0037985891 0.029444783
  endloop
 endfacet
 facet normal 2.7612935e-16 -0.99862953 0.052335957
  outer loop
   vertex -0.083995303 0.0038458253 0.030346103
   vertex -0.084861035 0.0037985891 0.029444783
   vertex -0.083995069 0.0037987141 0.029447168
  endloop
 endfacet
 facet normal -5.3249447e-16 -0.99862953 0.052335957
  outer loop
   vertex -0.083989772 0.0039389902 0.032123795
   vertex -0.08485829 0.003938989 0.032123773
   vertex -0.084861139 0.0038927087 0.031240691
  endloop
 endfacet
 facet normal -5.3249447e-16 -0.99862953 0.052335957
  outer loop
   vertex -0.083989772 0.0039389902 0.032123795
   vertex -0.084861139 0.0038927087 0.031240691
   vertex -0.083994025 0.0038927251 0.031241004
  endloop
 endfacet
 facet normal -1.5637442e-07 -0.99862953 0.052335957
  outer loop
   vertex -0.085749201 0.0038457758 0.030345156
   vertex -0.084861691 0.003845775 0.030345144
   vertex -0.084861139 0.0038927087 0.031240691
  endloop
 endfacet
 facet normal -1.5637442e-07 -0.99862953 0.052335957
  outer loop
   vertex -0.085749201 0.0038457758 0.030345156
   vertex -0.084861139 0.0038927087 0.031240691
   vertex -0.085749901 0.0038927081 0.031240677
  endloop
 endfacet
 facet normal -5.4503367e-16 -0.99862953 0.052335957
  outer loop
   vertex -0.083995303 0.0038458253 0.030346103
   vertex -0.083994025 0.0038927251 0.031241004
   vertex -0.084861139 0.0038927087 0.031240691
  endloop
 endfacet
 facet normal -5.4503367e-16 -0.99862953 0.052335957
  outer loop
   vertex -0.083995303 0.0038458253 0.030346103
   vertex -0.084861139 0.0038927087 0.031240691
   vertex -0.084861691 0.003845775 0.030345144
  endloop
 endfacet
 facet normal -2.4880913e-17 -0.99862953 0.052335957
  outer loop
   vertex -0.082410976 0.0038461614 0.030352516
   vertex -0.083159228 0.0038459432 0.030348353
   vertex -0.083159088 0.0037990004 0.029452631
  endloop
 endfacet
 facet normal -2.4880913e-17 -0.99862953 0.052335957
  outer loop
   vertex -0.082410976 0.0038461614 0.030352516
   vertex -0.083159088 0.0037990004 0.029452631
   vertex -0.082410976 0.0037994969 0.029462104
  endloop
 endfacet
 facet normal -9.9122832e-08 -0.99862953 0.052336047
  outer loop
   vertex -0.083992733 0.0037511002 0.028538641
   vertex -0.083156894 0.0037517288 0.028550637
   vertex -0.083159088 0.0037990004 0.029452631
  endloop
 endfacet
 facet normal -9.9122832e-08 -0.99862953 0.052336047
  outer loop
   vertex -0.083992733 0.0037511002 0.028538641
   vertex -0.083159088 0.0037990004 0.029452631
   vertex -0.083995069 0.0037987141 0.029447168
  endloop
 endfacet
 facet normal -5.7158757e-16 -0.99862953 0.052335957
  outer loop
   vertex -0.083995303 0.0038458253 0.030346103
   vertex -0.083995069 0.0037987141 0.029447168
   vertex -0.083159088 0.0037990004 0.029452631
  endloop
 endfacet
 facet normal -5.7158757e-16 -0.99862953 0.052335957
  outer loop
   vertex -0.083995303 0.0038458253 0.030346103
   vertex -0.083159088 0.0037990004 0.029452631
   vertex -0.083159228 0.0038459432 0.030348353
  endloop
 endfacet
 facet normal 5.9050041e-12 -0.99862953 0.052335969
  outer loop
   vertex -0.083989772 0.0039389902 0.032123795
   vertex -0.083154719 0.0039389685 0.032123381
   vertex -0.083144071 0.0039813615 0.032932288
  endloop
 endfacet
 facet normal 5.9050041e-12 -0.99862953 0.052335969
  outer loop
   vertex -0.083989772 0.0039389902 0.032123795
   vertex -0.083144071 0.0039813615 0.032932288
   vertex -0.083977812 0.0039814251 0.032933501
  endloop
 endfacet
 facet normal -0.00025154717 -0.99862911 0.05234351
  outer loop
   vertex -0.082410976 0.0040145095 0.033564793
   vertex -0.082410973 0.0040423757 0.034096435
   vertex -0.083016766 0.0040457191 0.034157311
  endloop
 endfacet
 facet normal -0.00025154717 -0.99862911 0.05234351
  outer loop
   vertex -0.082410976 0.0040145095 0.033564793
   vertex -0.083016766 0.0040457191 0.034157311
   vertex -0.083144071 0.0039813615 0.032932288
  endloop
 endfacet
 facet normal -0.00025154717 -0.99862911 0.05234351
  outer loop
   vertex -0.082410976 0.0040145095 0.033564793
   vertex -0.083144071 0.0039813615 0.032932288
   vertex -0.082410976 0.0039814735 0.032934427
  endloop
 endfacet
 facet normal 0.00014233703 -0.99862868 0.052352148
  outer loop
   vertex -0.083016766 0.0040457191 0.034157311
   vertex -0.083880772 0.00404578 0.034160822
   vertex -0.083977812 0.0039814251 0.032933501
  endloop
 endfacet
 facet normal 0.00014233703 -0.99862868 0.052352148
  outer loop
   vertex -0.083016766 0.0040457191 0.034157311
   vertex -0.083977812 0.0039814251 0.032933501
   vertex -0.083144071 0.0039813615 0.032932288
  endloop
 endfacet
 facet normal 0.00030545187 -0.99862899 0.052345431
  outer loop
   vertex -0.083755981 0.0040858718 0.034920206
   vertex -0.084737489 0.0040850585 0.034910418
   vertex -0.084793464 0.0040455934 0.034157842
  endloop
 endfacet
 facet normal 0.00030545187 -0.99862899 0.052345431
  outer loop
   vertex -0.083755981 0.0040858718 0.034920206
   vertex -0.084793464 0.0040455934 0.034157842
   vertex -0.083880772 0.00404578 0.034160822
  endloop
 endfacet
 facet normal -6.1363769e-09 -0.99862953 0.052335957
  outer loop
   vertex -0.083989772 0.0039389902 0.032123795
   vertex -0.083977812 0.0039814251 0.032933501
   vertex -0.084850145 0.0039814137 0.032933284
  endloop
 endfacet
 facet normal -6.1363769e-09 -0.99862953 0.052335957
  outer loop
   vertex -0.083989772 0.0039389902 0.032123795
   vertex -0.084850145 0.0039814137 0.032933284
   vertex -0.08485829 0.003938989 0.032123773
  endloop
 endfacet
 facet normal 0.0016778325 -0.99852976 0.054180337
  outer loop
   vertex -0.083016766 0.0040457191 0.034157311
   vertex -0.082421829 0.0040893588 0.034943156
   vertex -0.083755981 0.0040858718 0.034920206
  endloop
 endfacet
 facet normal 0.0016778325 -0.99852976 0.054180337
  outer loop
   vertex -0.083016766 0.0040457191 0.034157311
   vertex -0.083755981 0.0040858718 0.034920206
   vertex -0.083880772 0.00404578 0.034160822
  endloop
 endfacet
 facet normal 2.4183877e-05 0.9986304 -0.052319465
  outer loop
   vertex -0.087506454 -0.0056054796 0.041077827
   vertex -0.088410981 -0.0056054275 0.041078404
   vertex -0.088410981 -0.0055587777 0.041968816
  endloop
 endfacet
 facet normal 2.4183877e-05 0.9986304 -0.052319465
  outer loop
   vertex -0.087506454 -0.0056054796 0.041077827
   vertex -0.088410981 -0.0055587777 0.041968816
   vertex -0.087509229 -0.0055587831 0.041968713
  endloop
 endfacet
 facet normal -4.9369791e-17 0.99862953 -0.052335952
  outer loop
   vertex -0.087511742 -0.0055121071 0.042859344
   vertex -0.087509229 -0.0055587831 0.041968713
   vertex -0.088410981 -0.0055587777 0.041968816
  endloop
 endfacet
 facet normal -4.9369791e-17 0.99862953 -0.052335952
  outer loop
   vertex -0.087511742 -0.0055121071 0.042859344
   vertex -0.088410981 -0.0055587777 0.041968816
   vertex -0.088410981 -0.0055121132 0.042859228
  endloop
 endfacet
 facet normal -5.5725117e-06 0.99862694 -0.052385463
  outer loop
   vertex -0.087506454 -0.0056054796 0.041077827
   vertex -0.086618453 -0.0056054634 0.041078041
   vertex -0.086616804 -0.0056522347 0.040186438
  endloop
 endfacet
 facet normal -5.5725117e-06 0.99862694 -0.052385463
  outer loop
   vertex -0.087506454 -0.0056054796 0.041077827
   vertex -0.086616804 -0.0056522347 0.040186438
   vertex -0.087503261 -0.0056522933 0.040186578
  endloop
 endfacet
 facet normal -2.1550543e-05 0.99862824 -0.052360678
  outer loop
   vertex -0.085739202 -0.0056984183 0.039305258
   vertex -0.086614647 -0.0056984843 0.039304361
   vertex -0.086616804 -0.0056522347 0.040186438
  endloop
 endfacet
 facet normal -2.1550543e-05 0.99862824 -0.052360678
  outer loop
   vertex -0.085739202 -0.0056984183 0.039305258
   vertex -0.086616804 -0.0056522347 0.040186438
   vertex -0.085740616 -0.0056522036 0.040186765
  endloop
 endfacet
 facet normal -7.4307148e-05 0.99862034 -0.052511031
  outer loop
   vertex -0.087500882 -0.0056987848 0.039302429
   vertex -0.087503261 -0.0056522933 0.040186578
   vertex -0.086616804 -0.0056522347 0.040186438
  endloop
 endfacet
 facet normal -7.4307148e-05 0.99862034 -0.052511031
  outer loop
   vertex -0.087500882 -0.0056987848 0.039302429
   vertex -0.086616804 -0.0056522347 0.040186438
   vertex -0.086614647 -0.0056984843 0.039304361
  endloop
 endfacet
 facet normal -1.5873001e-05 0.99862767 -0.052371461
  outer loop
   vertex -0.085739553 -0.0056054362 0.041078532
   vertex -0.085740616 -0.0056522036 0.040186765
   vertex -0.086616804 -0.0056522347 0.040186438
  endloop
 endfacet
 facet normal -1.5873001e-05 0.99862767 -0.052371461
  outer loop
   vertex -0.085739553 -0.0056054362 0.041078532
   vertex -0.086616804 -0.0056522347 0.040186438
   vertex -0.086618453 -0.0056054634 0.041078041
  endloop
 endfacet
 facet normal -0.010128662 0.99899158 -0.04374043
  outer loop
   vertex -0.087454235 -0.0058514203 0.036524101
   vertex -0.087530884 -0.0058885589 0.035693638
   vertex -0.088351242 -0.0058966222 0.035699443
  endloop
 endfacet
 facet normal -0.010128662 0.99899158 -0.04374043
  outer loop
   vertex -0.087454235 -0.0058514203 0.036524101
   vertex -0.088351242 -0.0058966222 0.035699443
   vertex -0.088120586 -0.0058983108 0.036547522
  endloop
 endfacet
 facet normal 0.64463297 0.74446457 -0.17384141
  outer loop
   vertex -0.088120586 -0.0058983108 0.036547522
   vertex -0.088351242 -0.0058966222 0.035699443
   vertex -0.089148154 -0.0051987415 0.035732986
  endloop
 endfacet
 facet normal 0.64463297 0.74446457 -0.17384141
  outer loop
   vertex -0.088120586 -0.0058983108 0.036547522
   vertex -0.089148154 -0.0051987415 0.035732986
   vertex -0.089150124 -0.0052013766 0.036624637
  endloop
 endfacet
 facet normal -0.00014310672 0.99859665 -0.052959566
  outer loop
   vertex -0.087504179 -0.0057422999 0.038468842
   vertex -0.086612763 -0.0057409103 0.038492635
   vertex -0.086614357 -0.0058060644 0.037264106
  endloop
 endfacet
 facet normal -0.00014310672 0.99859665 -0.052959566
  outer loop
   vertex -0.087504179 -0.0057422999 0.038468842
   vertex -0.086614357 -0.0058060644 0.037264106
   vertex -0.087448247 -0.0058129749 0.037242236
  endloop
 endfacet
 facet normal 6.1253217e-05 0.99863224 -0.052284307
  outer loop
   vertex -0.085739202 -0.0056984183 0.039305258
   vertex -0.085735995 -0.0057407923 0.038495917
   vertex -0.086612763 -0.0057409103 0.038492635
  endloop
 endfacet
 facet normal 6.1253217e-05 0.99863224 -0.052284307
  outer loop
   vertex -0.085739202 -0.0056984183 0.039305258
   vertex -0.086612763 -0.0057409103 0.038492635
   vertex -0.086614647 -0.0056984843 0.039304361
  endloop
 endfacet
 facet normal -0.00022493032 0.99863684 -0.052195823
  outer loop
   vertex -0.087500882 -0.0056987848 0.039302429
   vertex -0.086614647 -0.0056984843 0.039304361
   vertex -0.086612763 -0.0057409103 0.038492635
  endloop
 endfacet
 facet normal -0.00022493032 0.99863684 -0.052195823
  outer loop
   vertex -0.087500882 -0.0056987848 0.039302429
   vertex -0.086612763 -0.0057409103 0.038492635
   vertex -0.087504179 -0.0057422999 0.038468842
  endloop
 endfacet
 facet normal 6.1886492e-05 0.99862338 -0.05245316
  outer loop
   vertex -0.086612763 -0.0057409103 0.038492635
   vertex -0.085735995 -0.0057407923 0.038495917
   vertex -0.085731882 -0.0058052454 0.037268838
  endloop
 endfacet
 facet normal 6.1886492e-05 0.99862338 -0.05245316
  outer loop
   vertex -0.086612763 -0.0057409103 0.038492635
   vertex -0.085731882 -0.0058052454 0.037268838
   vertex -0.086614357 -0.0058060644 0.037264106
  endloop
 endfacet
 facet normal -4.1670586e-16 -0.99862953 0.052335957
  outer loop
   vertex -0.087536529 0.0043617968 0.040191427
   vertex -0.08753826 0.004408461 0.041081832
   vertex -0.088410981 0.0044085606 0.041083731
  endloop
 endfacet
 facet normal -4.1670586e-16 -0.99862953 0.052335957
  outer loop
   vertex -0.087536529 0.0043617968 0.040191427
   vertex -0.088410981 0.0044085606 0.041083731
   vertex -0.088410981 0.0043618961 0.04019332
  endloop
 endfacet
 facet normal -1.7119404e-15 -0.99862953 0.052335957
  outer loop
   vertex -0.087536529 0.0043617968 0.040191427
   vertex -0.086605538 0.0043618031 0.040191546
   vertex -0.086606398 0.004408463 0.041081871
  endloop
 endfacet
 facet normal -1.7119404e-15 -0.99862953 0.052335957
  outer loop
   vertex -0.087536529 0.0043617968 0.040191427
   vertex -0.086606398 0.004408463 0.041081871
   vertex -0.08753826 0.004408461 0.041081832
  endloop
 endfacet
 facet normal 1.9883429e-16 -0.99862953 0.052335957
  outer loop
   vertex -0.08753247 0.0042684563 0.038410384
   vertex -0.088410981 0.0042685652 0.038412462
   vertex -0.088410981 0.0042219026 0.037522085
  endloop
 endfacet
 facet normal 1.9883429e-16 -0.99862953 0.052335957
  outer loop
   vertex -0.08753247 0.0042684563 0.038410384
   vertex -0.088410981 0.0042219026 0.037522085
   vertex -0.087530119 0.0042217473 0.037519123
  endloop
 endfacet
 facet normal -3.6896055e-16 -0.99862953 0.052335957
  outer loop
   vertex -0.086603207 0.004221705 0.037518315
   vertex -0.087530119 0.0042217473 0.037519123
   vertex -0.087527698 0.004174981 0.036626768
  endloop
 endfacet
 facet normal -3.6896055e-16 -0.99862953 0.052335957
  outer loop
   vertex -0.086603207 0.004221705 0.037518315
   vertex -0.087527698 0.004174981 0.036626768
   vertex -0.086603804 0.0041748855 0.036624946
  endloop
 endfacet
 facet normal 3.8651086e-16 -0.99862953 0.052335957
  outer loop
   vertex -0.088410981 0.0042219026 0.037522085
   vertex -0.088410981 0.0041752381 0.036631674
   vertex -0.087527698 0.004174981 0.036626768
  endloop
 endfacet
 facet normal 3.8651086e-16 -0.99862953 0.052335957
  outer loop
   vertex -0.088410981 0.0042219026 0.037522085
   vertex -0.087527698 0.004174981 0.036626768
   vertex -0.087530119 0.0042217473 0.037519123
  endloop
 endfacet
 facet normal -3.759677e-16 -0.99862953 0.052335957
  outer loop
   vertex -0.08753247 0.0042684563 0.038410384
   vertex -0.087530119 0.0042217473 0.037519123
   vertex -0.086603207 0.004221705 0.037518315
  endloop
 endfacet
 facet normal -3.759677e-16 -0.99862953 0.052335957
  outer loop
   vertex -0.08753247 0.0042684563 0.038410384
   vertex -0.086603207 0.004221705 0.037518315
   vertex -0.086603798 0.0042684474 0.038410212
  endloop
 endfacet
 facet normal 0.00014021063 0.99862127 -0.052493175
  outer loop
   vertex -0.084023984 -0.0056052691 0.04108226
   vertex -0.084040568 -0.0056521929 0.040189545
   vertex -0.084879917 -0.0056521686 0.040187764
  endloop
 endfacet
 facet normal 0.00014021063 0.99862127 -0.052493175
  outer loop
   vertex -0.084023984 -0.0056052691 0.04108226
   vertex -0.084879917 -0.0056521686 0.040187764
   vertex -0.0848736 -0.0056053811 0.041079717
  endloop
 endfacet
 facet normal 2.0209892e-05 0.99862854 -0.052354988
  outer loop
   vertex -0.085739202 -0.0056984183 0.039305258
   vertex -0.085740616 -0.0056522036 0.040186765
   vertex -0.084879917 -0.0056521686 0.040187764
  endloop
 endfacet
 facet normal 2.0209892e-05 0.99862854 -0.052354988
  outer loop
   vertex -0.085739202 -0.0056984183 0.039305258
   vertex -0.084879917 -0.0056521686 0.040187764
   vertex -0.084879982 -0.0056983969 0.03930653
  endloop
 endfacet
 facet normal 8.0782003e-06 0.99862706 -0.052383198
  outer loop
   vertex -0.085739553 -0.0056054362 0.041078532
   vertex -0.0848736 -0.0056053811 0.041079717
   vertex -0.084879917 -0.0056521686 0.040187764
  endloop
 endfacet
 facet normal 8.0782003e-06 0.99862706 -0.052383198
  outer loop
   vertex -0.085739553 -0.0056054362 0.041078532
   vertex -0.084879917 -0.0056521686 0.040187764
   vertex -0.085740616 -0.0056522036 0.040186765
  endloop
 endfacet
 facet normal 0.00035111806 0.99862682 -0.052386584
  outer loop
   vertex -0.084043557 -0.0056985863 0.039308527
   vertex -0.084879982 -0.0056983969 0.03930653
   vertex -0.084879917 -0.0056521686 0.040187764
  endloop
 endfacet
 facet normal 0.00035111806 0.99862682 -0.052386584
  outer loop
   vertex -0.084043557 -0.0056985863 0.039308527
   vertex -0.084879917 -0.0056521686 0.040187764
   vertex -0.084040568 -0.0056521929 0.040189545
  endloop
 endfacet
 facet normal 0.0020490256 0.99873349 -0.0502715
  outer loop
   vertex -0.083965147 -0.0058445323 0.036522966
   vertex -0.083145188 -0.005846149 0.036524268
   vertex -0.083143163 -0.0058880621 0.03569167
  endloop
 endfacet
 facet normal 0.0020490256 0.99873349 -0.0502715
  outer loop
   vertex -0.083965147 -0.0058445323 0.036522966
   vertex -0.083143163 -0.0058880621 0.03569167
   vertex -0.083961545 -0.005887875 0.035690677
  endloop
 endfacet
 facet normal 0.00082855068 0.99879277 -0.049115265
  outer loop
   vertex -0.083145261 -0.0058088094 0.037257643
   vertex -0.082417182 -0.0058113277 0.037218713
   vertex -0.082410774 -0.00584435 0.03654729
  endloop
 endfacet
 facet normal 0.00082855068 0.99879277 -0.049115265
  outer loop
   vertex -0.083145261 -0.0058088094 0.037257643
   vertex -0.082410774 -0.00584435 0.03654729
   vertex -0.083145188 -0.005846149 0.036524268
  endloop
 endfacet
 facet normal 5.2654187e-05 0.99862955 -0.052335581
  outer loop
   vertex -0.085739202 -0.0056984183 0.039305258
   vertex -0.084879982 -0.0056983969 0.03930653
   vertex -0.084874451 -0.0057407791 0.038497831
  endloop
 endfacet
 facet normal 5.2654187e-05 0.99862955 -0.052335581
  outer loop
   vertex -0.085739202 -0.0056984183 0.039305258
   vertex -0.084874451 -0.0057407791 0.038497831
   vertex -0.085735995 -0.0057407923 0.038495917
  endloop
 endfacet
 facet normal 0.00061990785 0.99861503 -0.0526084
  outer loop
   vertex -0.084043557 -0.0056985863 0.039308527
   vertex -0.084035181 -0.0057412249 0.038499257
   vertex -0.084874451 -0.0057407791 0.038497831
  endloop
 endfacet
 facet normal 0.00061990785 0.99861503 -0.0526084
  outer loop
   vertex -0.084043557 -0.0056985863 0.039308527
   vertex -0.084874451 -0.0057407791 0.038497831
   vertex -0.084879982 -0.0056983969 0.03930653
  endloop
 endfacet
 facet normal 0.00050613438 -0.9986347 0.052234943
  outer loop
   vertex -0.082429098 0.0044110463 0.041099348
   vertex -0.08360633 0.0044100647 0.041091988
   vertex -0.083615008 0.0043635323 0.04020246
  endloop
 endfacet
 facet normal 0.00050613438 -0.9986347 0.052234943
  outer loop
   vertex -0.082429098 0.0044110463 0.041099348
   vertex -0.083615008 0.0043635323 0.04020246
   vertex -0.082432918 0.0043652208 0.04021034
  endloop
 endfacet
 facet normal 0.0010216051 -0.99862962 0.052324414
  outer loop
   vertex -0.084650473 0.0044087896 0.041086428
   vertex -0.084653144 0.0043621571 0.040196484
   vertex -0.083615008 0.0043635323 0.04020246
  endloop
 endfacet
 facet normal 0.0010216051 -0.99862962 0.052324414
  outer loop
   vertex -0.084650473 0.0044087896 0.041086428
   vertex -0.083615008 0.0043635323 0.04020246
   vertex -0.08360633 0.0044100647 0.041091988
  endloop
 endfacet
 facet normal 0.0021277483 -0.99865117 0.051877848
  outer loop
   vertex -0.082436228 0.0042269702 0.0375413
   vertex -0.082435414 0.0042732266 0.038431705
   vertex -0.083634033 0.0042701941 0.038422489
  endloop
 endfacet
 facet normal 0.0021277483 -0.99865117 0.051877848
  outer loop
   vertex -0.082436228 0.0042269702 0.0375413
   vertex -0.083634033 0.0042701941 0.038422489
   vertex -0.083640587 0.0042235275 0.037531051
  endloop
 endfacet
 facet normal 0.0011907815 -0.99862975 0.052318235
  outer loop
   vertex -0.084663236 0.0042220904 0.037523638
   vertex -0.084671909 0.0041752661 0.036630072
   vertex -0.083648621 0.0041769064 0.036638091
  endloop
 endfacet
 facet normal 0.0011907815 -0.99862975 0.052318235
  outer loop
   vertex -0.084663236 0.0042220904 0.037523638
   vertex -0.083648621 0.0041769064 0.036638091
   vertex -0.083640587 0.0042235275 0.037531051
  endloop
 endfacet
 facet normal 0.0024111246 -0.99863808 0.052116859
  outer loop
   vertex -0.082436228 0.0042269702 0.0375413
   vertex -0.083640587 0.0042235275 0.037531051
   vertex -0.083648621 0.0041769064 0.036638091
  endloop
 endfacet
 facet normal 0.0024111246 -0.99863808 0.052116859
  outer loop
   vertex -0.082436228 0.0042269702 0.0375413
   vertex -0.083648621 0.0041769064 0.036638091
   vertex -0.082441985 0.0041813222 0.036649615
  endloop
 endfacet
 facet normal 0.00097578227 -0.99862957 0.052326256
  outer loop
   vertex -0.083634033 0.0042701941 0.038422489
   vertex -0.084659097 0.0042688321 0.038415612
   vertex -0.084663236 0.0042220904 0.037523638
  endloop
 endfacet
 facet normal 0.00097578227 -0.99862957 0.052326256
  outer loop
   vertex -0.083634033 0.0042701941 0.038422489
   vertex -0.084663236 0.0042220904 0.037523638
   vertex -0.083640587 0.0042235275 0.037531051
  endloop
 endfacet
 facet normal 0.0016159927 0.82689236 -0.5623579
  outer loop
   vertex -0.086624414 -0.0045884282 0.05001114
   vertex -0.086628397 -0.0041802631 0.050611295
   vertex -0.085705227 -0.0041940248 0.050593713
  endloop
 endfacet
 facet normal 0.0016159927 0.82689236 -0.5623579
  outer loop
   vertex -0.086624414 -0.0045884282 0.05001114
   vertex -0.085705227 -0.0041940248 0.050593713
   vertex -0.085691798 -0.0045956854 0.049998584
  endloop
 endfacet
 facet normal -0.00075241031 -0.65873504 -0.75237463
  outer loop
   vertex -0.086633565 0.0034941813 0.050806674
   vertex -0.085701317 0.0034984499 0.050802004
   vertex -0.085695111 0.0025081224 0.05166907
  endloop
 endfacet
 facet normal -0.00075241031 -0.65873504 -0.75237463
  outer loop
   vertex -0.086633565 0.0034941813 0.050806674
   vertex -0.085695111 0.0025081224 0.05166907
   vertex -0.086629114 0.0024989323 0.051677026
  endloop
 endfacet
 facet normal 0.0017226444 0.83084864 -0.5564958
  outer loop
   vertex -0.085705227 -0.0041940248 0.050593713
   vertex -0.084773964 -0.0042061816 0.050578446
   vertex -0.084741017 -0.0046040377 0.049984548
  endloop
 endfacet
 facet normal 0.0017226444 0.83084864 -0.5564958
  outer loop
   vertex -0.085705227 -0.0041940248 0.050593713
   vertex -0.084741017 -0.0046040377 0.049984548
   vertex -0.085691798 -0.0045956854 0.049998584
  endloop
 endfacet
 facet normal 0.25535663 0.87300256 -0.41552318
  outer loop
   vertex -0.082640574 -0.0046407719 0.049948854
   vertex -0.082983522 -0.0042490637 0.050561065
   vertex -0.082014672 -0.0045447021 0.050535337
  endloop
 endfacet
 facet normal 0.25535663 0.87300256 -0.41552318
  outer loop
   vertex -0.082640574 -0.0046407719 0.049948854
   vertex -0.082014672 -0.0045447021 0.050535337
   vertex -0.081900078 -0.0047962958 0.050005964
  endloop
 endfacet
 facet normal -0.00044699797 -0.8302606 -0.55737522
  outer loop
   vertex -0.084768912 0.0034971754 0.050803155
   vertex -0.085701317 0.0034984499 0.050802004
   vertex -0.085669807 0.0042111249 0.049740385
  endloop
 endfacet
 facet normal -0.00044699797 -0.8302606 -0.55737522
  outer loop
   vertex -0.084768912 0.0034971754 0.050803155
   vertex -0.085669807 0.0042111249 0.049740385
   vertex -0.084692288 0.0042176284 0.04972727
  endloop
 endfacet
 facet normal 0.001930507 0.92120594 -0.38907055
  outer loop
   vertex -0.086624414 -0.0045884282 0.05001114
   vertex -0.085691798 -0.0045956854 0.049998584
   vertex -0.085677833 -0.0050697043 0.048876315
  endloop
 endfacet
 facet normal 0.001930507 0.92120594 -0.38907055
  outer loop
   vertex -0.086624414 -0.0045884282 0.05001114
   vertex -0.085677833 -0.0050697043 0.048876315
   vertex -0.086610025 -0.0050687245 0.048879712
  endloop
 endfacet
 facet normal 1.7281987e-16 -0.99862953 0.052335957
  outer loop
   vertex -0.085646604 0.0045484943 0.043753827
   vertex -0.086608855 0.0045484416 0.043752821
   vertex -0.086608129 0.0045017801 0.042862467
  endloop
 endfacet
 facet normal 1.7281987e-16 -0.99862953 0.052335957
  outer loop
   vertex -0.085646604 0.0045484943 0.043753827
   vertex -0.086608129 0.0045017801 0.042862467
   vertex -0.085646697 0.0045018389 0.042863589
  endloop
 endfacet
 facet normal -5.7753362e-16 -0.99862953 0.052335957
  outer loop
   vertex -0.08660987 0.0046884583 0.046424498
   vertex -0.086609757 0.0046417817 0.045533855
   vertex -0.085646205 0.004641821 0.045534605
  endloop
 endfacet
 facet normal -5.7753362e-16 -0.99862953 0.052335957
  outer loop
   vertex -0.08660987 0.0046884583 0.046424498
   vertex -0.085646205 0.004641821 0.045534605
   vertex -0.085646067 0.004688485 0.046425008
  endloop
 endfacet
 facet normal -0.00043226816 -0.92579469 -0.37802646
  outer loop
   vertex -0.086618141 0.0042070105 0.049748853
   vertex -0.086612501 0.0044976024 0.049037181
   vertex -0.085655694 0.0044993387 0.049031835
  endloop
 endfacet
 facet normal -0.00043226816 -0.92579469 -0.37802646
  outer loop
   vertex -0.086618141 0.0042070105 0.049748853
   vertex -0.085655694 0.0044993387 0.049031835
   vertex -0.085669807 0.0042111249 0.049740385
  endloop
 endfacet
 facet normal 6.086839e-06 -0.99870249 0.050924727
  outer loop
   vertex -0.085646628 0.004733982 0.047317165
   vertex -0.086609934 0.0047339948 0.04731753
   vertex -0.08660987 0.0046884583 0.046424498
  endloop
 endfacet
 facet normal 6.086839e-06 -0.99870249 0.050924727
  outer loop
   vertex -0.085646628 0.004733982 0.047317165
   vertex -0.08660987 0.0046884583 0.046424498
   vertex -0.085646067 0.004688485 0.046425008
  endloop
 endfacet
 facet normal 3.9411857e-16 -0.99862953 0.052335957
  outer loop
   vertex -0.086608129 0.0045017801 0.042862467
   vertex -0.086607284 0.0044551215 0.041972168
   vertex -0.085646775 0.0044551866 0.04197341
  endloop
 endfacet
 facet normal 3.9411857e-16 -0.99862953 0.052335957
  outer loop
   vertex -0.086608129 0.0045017801 0.042862467
   vertex -0.085646775 0.0044551866 0.04197341
   vertex -0.085646697 0.0045018389 0.042863589
  endloop
 endfacet
 facet normal 0.21440436 0.96470821 -0.15286869
  outer loop
   vertex -0.082640574 -0.0046407719 0.049948854
   vertex -0.081900078 -0.0047962958 0.050005964
   vertex -0.081670781 -0.005017242 0.048933238
  endloop
 endfacet
 facet normal 0.21440436 0.96470821 -0.15286869
  outer loop
   vertex -0.082640574 -0.0046407719 0.049948854
   vertex -0.081670781 -0.005017242 0.048933238
   vertex -0.082457479 -0.0050663498 0.048889405
  endloop
 endfacet
 facet normal 0.12616545 -0.99065345 0.051846098
  outer loop
   vertex -0.082423094 0.0046892154 0.046431077
   vertex -0.082423125 0.0046427609 0.045543522
   vertex -0.081532835 0.0047563053 0.045546595
  endloop
 endfacet
 facet normal 0.12616545 -0.99065345 0.051846098
  outer loop
   vertex -0.082423094 0.0046892154 0.046431077
   vertex -0.081532835 0.0047563053 0.045546595
   vertex -0.08153454 0.0047841091 0.046435523
  endloop
 endfacet
 facet normal 3.3811243e-05 -0.99863079 0.052311913
  outer loop
   vertex -0.084646734 0.0045020335 0.042866247
   vertex -0.084645772 0.0045486527 0.043756204
   vertex -0.085646604 0.0045484943 0.043753827
  endloop
 endfacet
 facet normal 3.3811243e-05 -0.99863079 0.052311913
  outer loop
   vertex -0.084646734 0.0045020335 0.042866247
   vertex -0.085646604 0.0045484943 0.043753827
   vertex -0.085646697 0.0045018389 0.042863589
  endloop
 endfacet
 facet normal 5.1429343e-05 -0.99862971 0.052332677
  outer loop
   vertex -0.085646205 0.004641821 0.045534605
   vertex -0.084643847 0.0046419567 0.045536209
   vertex -0.084643253 0.0046885803 0.046425897
  endloop
 endfacet
 facet normal 5.1429343e-05 -0.99862971 0.052332677
  outer loop
   vertex -0.085646205 0.004641821 0.045534605
   vertex -0.084643253 0.0046885803 0.046425897
   vertex -0.085646067 0.004688485 0.046425008
  endloop
 endfacet
 facet normal 0.28184592 -0.95690415 0.069980851
  outer loop
   vertex -0.081573832 0.0048183403 0.043771467
   vertex -0.08248536 0.0045494717 0.043766169
   vertex -0.082421826 0.0045031772 0.042877263
  endloop
 endfacet
 facet normal 0.28184592 -0.95690415 0.069980851
  outer loop
   vertex -0.081573832 0.0048183403 0.043771467
   vertex -0.082421826 0.0045031772 0.042877263
   vertex -0.081602245 0.004765477 0.042881701
  endloop
 endfacet
 facet normal 0.075918254 -0.9958272 0.050641977
  outer loop
   vertex -0.081488708 0.0048057719 0.047322297
   vertex -0.082422179 0.0047342903 0.047316061
   vertex -0.082423094 0.0046892154 0.046431077
  endloop
 endfacet
 facet normal 0.075918254 -0.9958272 0.050641977
  outer loop
   vertex -0.081488708 0.0048057719 0.047322297
   vertex -0.082423094 0.0046892154 0.046431077
   vertex -0.08153454 0.0047841091 0.046435523
  endloop
 endfacet
 facet normal -0.00065891331 -0.92715983 -0.37466547
  outer loop
   vertex -0.085655694 0.0044993387 0.049031835
   vertex -0.084662179 0.0045029425 0.049021169
   vertex -0.084692288 0.0042176284 0.04972727
  endloop
 endfacet
 facet normal -0.00065891331 -0.92715983 -0.37466547
  outer loop
   vertex -0.085655694 0.0044993387 0.049031835
   vertex -0.084692288 0.0042176284 0.04972727
   vertex -0.085669807 0.0042111249 0.049740385
  endloop
 endfacet
 facet normal 0.20227911 -0.91362203 -0.35267259
  outer loop
   vertex -0.08242966 0.0042603122 0.049641103
   vertex -0.082426191 0.0045199802 0.048970406
   vertex -0.081521035 0.0047253646 0.048957505
  endloop
 endfacet
 facet normal 0.20227911 -0.91362203 -0.35267259
  outer loop
   vertex -0.08242966 0.0042603122 0.049641103
   vertex -0.081521035 0.0047253646 0.048957505
   vertex -0.081545585 0.0047946542 0.049577591
  endloop
 endfacet
 facet normal 0.00010760665 -0.99869888 0.050995452
  outer loop
   vertex -0.084643253 0.0046885803 0.046425897
   vertex -0.084644123 0.0047340437 0.047316256
   vertex -0.085646628 0.004733982 0.047317165
  endloop
 endfacet
 facet normal 0.00010760665 -0.99869888 0.050995452
  outer loop
   vertex -0.084643253 0.0046885803 0.046425897
   vertex -0.085646628 0.004733982 0.047317165
   vertex -0.085646067 0.004688485 0.046425008
  endloop
 endfacet
 facet normal 7.6404029e-05 -0.99863077 0.052312276
  outer loop
   vertex -0.085646775 0.0044551866 0.04197341
   vertex -0.084647815 0.0044554162 0.041976333
   vertex -0.084646734 0.0045020335 0.042866247
  endloop
 endfacet
 facet normal 7.6404029e-05 -0.99863077 0.052312276
  outer loop
   vertex -0.085646775 0.0044551866 0.04197341
   vertex -0.084646734 0.0045020335 0.042866247
   vertex -0.085646697 0.0045018389 0.042863589
  endloop
 endfacet
 facet normal 0.21408339 -0.97554369 0.049827875
  outer loop
   vertex -0.082421826 0.0045031772 0.042877263
   vertex -0.082425323 0.004457006 0.041988337
   vertex -0.08153088 0.004653374 0.041989946
  endloop
 endfacet
 facet normal 0.21408339 -0.97554369 0.049827875
  outer loop
   vertex -0.082421826 0.0045031772 0.042877263
   vertex -0.08153088 0.004653374 0.041989946
   vertex -0.081602245 0.004765477 0.042881701
  endloop
 endfacet
 facet normal -0.0034124269 0.6926275 -0.72128739
  outer loop
   vertex -0.085721639 -0.0031697241 0.051577391
   vertex -0.085705227 -0.0041940248 0.050593713
   vertex -0.086628397 -0.0041802631 0.050611295
  endloop
 endfacet
 facet normal -0.0034124269 0.6926275 -0.72128739
  outer loop
   vertex -0.085721639 -0.0031697241 0.051577391
   vertex -0.086628397 -0.0041802631 0.050611295
   vertex -0.086606606 -0.0031191427 0.051617042
  endloop
 endfacet
 facet normal -0.00022075156 0.68677962 -0.72686567
  outer loop
   vertex -0.087543532 -0.0041696333 0.05062477
   vertex -0.088166631 -0.0030026132 0.051727619
   vertex -0.086606606 -0.0031191427 0.051617042
  endloop
 endfacet
 facet normal -0.00022075156 0.68677962 -0.72686567
  outer loop
   vertex -0.087543532 -0.0041696333 0.05062477
   vertex -0.086606606 -0.0031191427 0.051617042
   vertex -0.086628397 -0.0041802631 0.050611295
  endloop
 endfacet
 facet normal -0.00096516798 0.82529565 -0.56470007
  outer loop
   vertex -0.086624414 -0.0045884282 0.05001114
   vertex -0.087543543 -0.0045819805 0.050022134
   vertex -0.087543532 -0.0041696333 0.05062477
  endloop
 endfacet
 facet normal -0.00096516798 0.82529565 -0.56470007
  outer loop
   vertex -0.086624414 -0.0045884282 0.05001114
   vertex -0.087543532 -0.0041696333 0.05062477
   vertex -0.086628397 -0.0041802631 0.050611295
  endloop
 endfacet
 facet normal -0.00096571358 0.82529565 -0.56470007
  outer loop
   vertex -0.087543532 -0.0041696333 0.05062477
   vertex -0.087543543 -0.0045819805 0.050022134
   vertex -0.088410667 -0.0045773319 0.050030411
  endloop
 endfacet
 facet normal -0.00096571358 0.82529565 -0.56470007
  outer loop
   vertex -0.087543532 -0.0041696333 0.05062477
   vertex -0.088410667 -0.0045773319 0.050030411
   vertex -0.08841073 -0.0041756251 0.050617378
  endloop
 endfacet
 facet normal -0.0017977375 -0.65876066 -0.75235042
  outer loop
   vertex -0.086629114 0.0024989323 0.051677026
   vertex -0.087537492 0.0024638309 0.051709932
   vertex -0.087556216 0.003489416 0.050811971
  endloop
 endfacet
 facet normal -0.0017977375 -0.65876066 -0.75235042
  outer loop
   vertex -0.086629114 0.0024989323 0.051677026
   vertex -0.087556216 0.003489416 0.050811971
   vertex -0.086633565 0.0034941813 0.050806674
  endloop
 endfacet
 facet normal 0.013520881 0.7002754 -0.71374474
  outer loop
   vertex -0.085721639 -0.0031697241 0.051577391
   vertex -0.084843945 -0.0031820182 0.051581956
   vertex -0.084773964 -0.0042061816 0.050578446
  endloop
 endfacet
 facet normal 0.013520881 0.7002754 -0.71374474
  outer loop
   vertex -0.085721639 -0.0031697241 0.051577391
   vertex -0.084773964 -0.0042061816 0.050578446
   vertex -0.085705227 -0.0041940248 0.050593713
  endloop
 endfacet
 facet normal 0.00052378106 0.71675415 -0.69732576
  outer loop
   vertex -0.083992515 -0.003175136 0.051638804
   vertex -0.08383788 -0.0042232121 0.050561644
   vertex -0.084773964 -0.0042061816 0.050578446
  endloop
 endfacet
 facet normal 0.00052378106 0.71675415 -0.69732576
  outer loop
   vertex -0.083992515 -0.003175136 0.051638804
   vertex -0.084773964 -0.0042061816 0.050578446
   vertex -0.084843945 -0.0031820182 0.051581956
  endloop
 endfacet
 facet normal 0.16353313 0.77113712 -0.61530842
  outer loop
   vertex -0.083992515 -0.003175136 0.051638804
   vertex -0.083202566 -0.0032175906 0.051795546
   vertex -0.082983522 -0.0042490637 0.050561065
  endloop
 endfacet
 facet normal 0.16353313 0.77113712 -0.61530842
  outer loop
   vertex -0.083992515 -0.003175136 0.051638804
   vertex -0.082983522 -0.0042490637 0.050561065
   vertex -0.08383788 -0.0042232121 0.050561644
  endloop
 endfacet
 facet normal 0.005131197 0.83092635 -0.55635877
  outer loop
   vertex -0.084741017 -0.0046040377 0.049984548
   vertex -0.084773964 -0.0042061816 0.050578446
   vertex -0.08383788 -0.0042232121 0.050561644
  endloop
 endfacet
 facet normal 0.005131197 0.83092635 -0.55635877
  outer loop
   vertex -0.084741017 -0.0046040377 0.049984548
   vertex -0.08383788 -0.0042232121 0.050561644
   vertex -0.083764934 -0.0046172697 0.049966003
  endloop
 endfacet
 facet normal 0.0090394787 0.83448203 -0.550961
  outer loop
   vertex -0.082640574 -0.0046407719 0.049948854
   vertex -0.083764934 -0.0046172697 0.049966003
   vertex -0.08383788 -0.0042232121 0.050561644
  endloop
 endfacet
 facet normal 0.0090394787 0.83448203 -0.550961
  outer loop
   vertex -0.082640574 -0.0046407719 0.049948854
   vertex -0.08383788 -0.0042232121 0.050561644
   vertex -0.082983522 -0.0042490637 0.050561065
  endloop
 endfacet
 facet normal -0.01360136 -0.65705843 -0.75371694
  outer loop
   vertex -0.083742392 0.0024107883 0.051731697
   vertex -0.084744427 0.002485496 0.051684652
   vertex -0.084768912 0.0034971754 0.050803155
  endloop
 endfacet
 facet normal -0.01360136 -0.65705843 -0.75371694
  outer loop
   vertex -0.083742392 0.0024107883 0.051731697
   vertex -0.084768912 0.0034971754 0.050803155
   vertex -0.08385091 0.0034899136 0.050809489
  endloop
 endfacet
 facet normal -0.0027317712 -0.83081604 -0.55654043
  outer loop
   vertex -0.08385091 0.0034899136 0.050809489
   vertex -0.084768912 0.0034971754 0.050803155
   vertex -0.084692288 0.0042176284 0.04972727
  endloop
 endfacet
 facet normal -0.0027317712 -0.83081604 -0.55654043
  outer loop
   vertex -0.08385091 0.0034899136 0.050809489
   vertex -0.084692288 0.0042176284 0.04972727
   vertex -0.083659594 0.0042311961 0.049701577
  endloop
 endfacet
 facet normal -0.0079380853 -0.65011165 -0.75979723
  outer loop
   vertex -0.082561756 0.0023402228 0.05177974
   vertex -0.083742392 0.0024107883 0.051731697
   vertex -0.08385091 0.0034899136 0.050809489
  endloop
 endfacet
 facet normal -0.0079380853 -0.65011165 -0.75979723
  outer loop
   vertex -0.082561756 0.0023402228 0.05177974
   vertex -0.08385091 0.0034899136 0.050809489
   vertex -0.083011653 0.0034817109 0.05081322
  endloop
 endfacet
 facet normal -0.0049207823 -0.78512738 -0.61931477
  outer loop
   vertex -0.082719031 0.003908966 0.050269248
   vertex -0.083011653 0.0034817109 0.05081322
   vertex -0.08385091 0.0034899136 0.050809489
  endloop
 endfacet
 facet normal -0.0049207823 -0.78512738 -0.61931477
  outer loop
   vertex -0.082719031 0.003908966 0.050269248
   vertex -0.08385091 0.0034899136 0.050809489
   vertex -0.083659594 0.0042311961 0.049701577
  endloop
 endfacet
 facet normal -0.0049207823 -0.78512738 -0.61931477
  outer loop
   vertex -0.082719031 0.003908966 0.050269248
   vertex -0.083659594 0.0042311961 0.049701577
   vertex -0.08242966 0.0042603122 0.049641103
  endloop
 endfacet
 facet normal -1.7873254e-15 0.99862953 -0.052335952
  outer loop
   vertex -0.08751515 -0.0054187651 0.044640417
   vertex -0.088410981 -0.0054187591 0.044640531
   vertex -0.088410981 -0.0053720366 0.045532048
  endloop
 endfacet
 facet normal -1.7873254e-15 0.99862953 -0.052335952
  outer loop
   vertex -0.08751515 -0.0054187651 0.044640417
   vertex -0.088410981 -0.0053720366 0.045532048
   vertex -0.087515305 -0.0053720896 0.045531038
  endloop
 endfacet
 facet normal -1.2183156e-15 0.99862953 -0.052335952
  outer loop
   vertex -0.08751452 -0.0053254348 0.046421265
   vertex -0.087515305 -0.0053720896 0.045531038
   vertex -0.088410981 -0.0053720366 0.045532048
  endloop
 endfacet
 facet normal -1.2183156e-15 0.99862953 -0.052335952
  outer loop
   vertex -0.08751452 -0.0053254348 0.046421265
   vertex -0.088410981 -0.0053720366 0.045532048
   vertex -0.088410981 -0.0053253491 0.0464229
  endloop
 endfacet
 facet normal -8.3425905e-05 0.9976073 -0.069135106
  outer loop
   vertex -0.0875151 -0.0052213768 0.048137791
   vertex -0.087513738 -0.0052792144 0.047303202
   vertex -0.088410981 -0.0052789818 0.047307642
  endloop
 endfacet
 facet normal -8.3425905e-05 0.9976073 -0.069135106
  outer loop
   vertex -0.0875151 -0.0052213768 0.048137791
   vertex -0.088410981 -0.0052789818 0.047307642
   vertex -0.088410979 -0.0052190658 0.048154234
  endloop
 endfacet
 facet normal 1.0862511e-10 0.99862954 -0.052335893
  outer loop
   vertex -0.08751452 -0.0053254348 0.046421265
   vertex -0.088410981 -0.0053253491 0.0464229
   vertex -0.088410981 -0.0052789818 0.047307642
  endloop
 endfacet
 facet normal 1.0862511e-10 0.99862954 -0.052335893
  outer loop
   vertex -0.08751452 -0.0053254348 0.046421265
   vertex -0.088410981 -0.0052789818 0.047307642
   vertex -0.087513738 -0.0052792144 0.047303202
  endloop
 endfacet
 facet normal -0.00088437362 0.91971722 -0.3925805
  outer loop
   vertex -0.086610025 -0.0050687245 0.048879712
   vertex -0.087524863 -0.0050669345 0.048885967
   vertex -0.087543543 -0.0045819805 0.050022134
  endloop
 endfacet
 facet normal -0.00088437362 0.91971722 -0.3925805
  outer loop
   vertex -0.086610025 -0.0050687245 0.048879712
   vertex -0.087543543 -0.0045819805 0.050022134
   vertex -0.086624414 -0.0045884282 0.05001114
  endloop
 endfacet
 facet normal -0.0019395996 0.94185193 -0.3360226
  outer loop
   vertex -0.087524863 -0.0050669345 0.048885967
   vertex -0.088410944 -0.0050594606 0.04891203
   vertex -0.08841068 -0.0048620783 0.04946528
  endloop
 endfacet
 facet normal -0.0019395996 0.94185193 -0.3360226
  outer loop
   vertex -0.087524863 -0.0050669345 0.048885967
   vertex -0.08841068 -0.0048620783 0.04946528
   vertex -0.088410667 -0.0045773319 0.050030411
  endloop
 endfacet
 facet normal -0.0019395996 0.94185193 -0.3360226
  outer loop
   vertex -0.087524863 -0.0050669345 0.048885967
   vertex -0.088410667 -0.0045773319 0.050030411
   vertex -0.087543543 -0.0045819805 0.050022134
  endloop
 endfacet
 facet normal -5.5651263e-16 -0.99862953 0.052335957
  outer loop
   vertex -0.088410981 0.0046885475 0.046426201
   vertex -0.088410981 0.004641883 0.045535789
   vertex -0.087544134 0.0046417789 0.045533802
  endloop
 endfacet
 facet normal -5.5651263e-16 -0.99862953 0.052335957
  outer loop
   vertex -0.088410981 0.0046885475 0.046426201
   vertex -0.087544134 0.0046417789 0.045533802
   vertex -0.087543964 0.0046884488 0.046424317
  endloop
 endfacet
 facet normal 4.9275531e-16 -0.99862953 0.052335957
  outer loop
   vertex -0.086608129 0.0045017801 0.042862467
   vertex -0.086608855 0.0045484416 0.043752821
   vertex -0.087542738 0.004548445 0.043752885
  endloop
 endfacet
 facet normal 4.9275531e-16 -0.99862953 0.052335957
  outer loop
   vertex -0.086608129 0.0045017801 0.042862467
   vertex -0.087542738 0.004548445 0.043752885
   vertex -0.087541504 0.0045017832 0.042862525
  endloop
 endfacet
 facet normal 1.1176163e-15 -0.99862953 0.052335957
  outer loop
   vertex -0.085646604 0.0045484943 0.043753827
   vertex -0.085646439 0.0045951551 0.044644168
   vertex -0.086609411 0.0045951085 0.044643278
  endloop
 endfacet
 facet normal 1.1176163e-15 -0.99862953 0.052335957
  outer loop
   vertex -0.085646604 0.0045484943 0.043753827
   vertex -0.086609411 0.0045951085 0.044643278
   vertex -0.086608855 0.0045484416 0.043752821
  endloop
 endfacet
 facet normal 4.0781128e-17 -0.99862953 0.052335957
  outer loop
   vertex -0.088410981 0.0045018895 0.042864555
   vertex -0.087541504 0.0045017832 0.042862525
   vertex -0.087542738 0.004548445 0.043752885
  endloop
 endfacet
 facet normal 4.0781128e-17 -0.99862953 0.052335957
  outer loop
   vertex -0.088410981 0.0045018895 0.042864555
   vertex -0.087542738 0.004548445 0.043752885
   vertex -0.088410981 0.004548554 0.043754966
  endloop
 endfacet
 facet normal 4.6054078e-16 -0.99862953 0.052335957
  outer loop
   vertex -0.08660987 0.0046884583 0.046424498
   vertex -0.087543964 0.0046884488 0.046424317
   vertex -0.087544134 0.0046417789 0.045533802
  endloop
 endfacet
 facet normal 4.6054078e-16 -0.99862953 0.052335957
  outer loop
   vertex -0.08660987 0.0046884583 0.046424498
   vertex -0.087544134 0.0046417789 0.045533802
   vertex -0.086609757 0.0046417817 0.045533855
  endloop
 endfacet
 facet normal 1.1125732e-15 -0.99862953 0.052335957
  outer loop
   vertex -0.086609411 0.0045951085 0.044643278
   vertex -0.085646439 0.0045951551 0.044644168
   vertex -0.085646205 0.004641821 0.045534605
  endloop
 endfacet
 facet normal 1.1125732e-15 -0.99862953 0.052335957
  outer loop
   vertex -0.086609411 0.0045951085 0.044643278
   vertex -0.085646205 0.004641821 0.045534605
   vertex -0.086609757 0.0046417817 0.045533855
  endloop
 endfacet
 facet normal 6.1282077e-07 -0.99870269 0.050920835
  outer loop
   vertex -0.087542935 0.0047339959 0.047317563
   vertex -0.088410981 0.0047339971 0.047317597
   vertex -0.088410981 0.0046885475 0.046426201
  endloop
 endfacet
 facet normal 6.1282077e-07 -0.99870269 0.050920835
  outer loop
   vertex -0.087542935 0.0047339959 0.047317563
   vertex -0.088410981 0.0046885475 0.046426201
   vertex -0.087543964 0.0046884488 0.046424317
  endloop
 endfacet
 facet normal -0.00029016178 -0.92579513 -0.37802551
  outer loop
   vertex -0.087543389 0.00449646 0.049040693
   vertex -0.086612501 0.0044976024 0.049037181
   vertex -0.086618141 0.0042070105 0.049748853
  endloop
 endfacet
 facet normal -0.00029016178 -0.92579513 -0.37802551
  outer loop
   vertex -0.087543389 0.00449646 0.049040693
   vertex -0.086618141 0.0042070105 0.049748853
   vertex -0.087545825 0.0042029634 0.049757215
  endloop
 endfacet
 facet normal 0.00051702657 -0.97459234 -0.22398549
  outer loop
   vertex -0.085655694 0.0044993387 0.049031835
   vertex -0.086612501 0.0044976024 0.049037181
   vertex -0.086610619 0.0046881179 0.048208226
  endloop
 endfacet
 facet normal 0.00051702657 -0.97459234 -0.22398549
  outer loop
   vertex -0.085655694 0.0044993387 0.049031835
   vertex -0.086610619 0.0046881179 0.048208226
   vertex -0.085649095 0.0046884958 0.04820555
  endloop
 endfacet
 facet normal 0.0014389879 -0.92537823 -0.37904229
  outer loop
   vertex -0.087543389 0.00449646 0.049040693
   vertex -0.087545825 0.0042029634 0.049757215
   vertex -0.088410816 0.0041948094 0.049773837
  endloop
 endfacet
 facet normal 0.0014389879 -0.92537823 -0.37904229
  outer loop
   vertex -0.087543389 0.00449646 0.049040693
   vertex -0.088410816 0.0041948094 0.049773837
   vertex -0.088410945 0.0044938236 0.049048796
  endloop
 endfacet
 facet normal 2.7467273e-07 -0.99870251 0.050924414
  outer loop
   vertex -0.087542935 0.0047339959 0.047317563
   vertex -0.087543964 0.0046884488 0.046424317
   vertex -0.08660987 0.0046884583 0.046424498
  endloop
 endfacet
 facet normal 2.7467273e-07 -0.99870251 0.050924414
  outer loop
   vertex -0.087542935 0.0047339959 0.047317563
   vertex -0.08660987 0.0046884583 0.046424498
   vertex -0.086609934 0.0047339948 0.04731753
  endloop
 endfacet
 facet normal 0.00025024106 -0.99869181 -0.051133278
  outer loop
   vertex -0.085646628 0.004733982 0.047317165
   vertex -0.085649095 0.0046884958 0.04820555
   vertex -0.086610619 0.0046881179 0.048208226
  endloop
 endfacet
 facet normal 0.00025024106 -0.99869181 -0.051133278
  outer loop
   vertex -0.085646628 0.004733982 0.047317165
   vertex -0.086610619 0.0046881179 0.048208226
   vertex -0.086609934 0.0047339948 0.04731753
  endloop
 endfacet
 facet normal 9.6479675e-16 -0.99862953 0.052335957
  outer loop
   vertex -0.087539973 0.0044551236 0.041972207
   vertex -0.086607284 0.0044551215 0.041972168
   vertex -0.086608129 0.0045017801 0.042862467
  endloop
 endfacet
 facet normal 9.6479675e-16 -0.99862953 0.052335957
  outer loop
   vertex -0.087539973 0.0044551236 0.041972207
   vertex -0.086608129 0.0045017801 0.042862467
   vertex -0.087541504 0.0045017832 0.042862525
  endloop
 endfacet
 facet normal 3.9362142e-16 -0.99862953 0.052335957
  outer loop
   vertex -0.085646775 0.0044551866 0.04197341
   vertex -0.086607284 0.0044551215 0.041972168
   vertex -0.086606398 0.004408463 0.041081871
  endloop
 endfacet
 facet normal 3.9362142e-16 -0.99862953 0.052335957
  outer loop
   vertex -0.085646775 0.0044551866 0.04197341
   vertex -0.086606398 0.004408463 0.041081871
   vertex -0.085646905 0.0044085352 0.041083248
  endloop
 endfacet
 facet normal -9.0320808e-16 -0.99862953 0.052335957
  outer loop
   vertex -0.088410981 0.0045018895 0.042864555
   vertex -0.088410981 0.0044552251 0.041974143
   vertex -0.087539973 0.0044551236 0.041972207
  endloop
 endfacet
 facet normal -9.0320808e-16 -0.99862953 0.052335957
  outer loop
   vertex -0.088410981 0.0045018895 0.042864555
   vertex -0.087539973 0.0044551236 0.041972207
   vertex -0.087541504 0.0045017832 0.042862525
  endloop
 endfacet
 facet normal -1.2967776e-05 0.99862944 -0.052337784
  outer loop
   vertex -0.083965426 -0.0054186366 0.044642867
   vertex -0.083948924 -0.0053719762 0.045533166
   vertex -0.083050446 -0.0053718472 0.045535405
  endloop
 endfacet
 facet normal -1.2967776e-05 0.99862944 -0.052337784
  outer loop
   vertex -0.083965426 -0.0054186366 0.044642867
   vertex -0.083050446 -0.0053718472 0.045535405
   vertex -0.083070713 -0.0054185432 0.04464465
  endloop
 endfacet
 facet normal -0.24422254 0.96272332 0.11627192
  outer loop
   vertex -0.082392664 -0.0053143913 0.046441307
   vertex -0.082410248 -0.0052091914 0.045533325
   vertex -0.083050446 -0.0053718472 0.045535405
  endloop
 endfacet
 facet normal -0.24422254 0.96272332 0.11627192
  outer loop
   vertex -0.082392664 -0.0053143913 0.046441307
   vertex -0.083050446 -0.0053718472 0.045535405
   vertex -0.082692201 -0.0053185407 0.046426438
  endloop
 endfacet
 facet normal -0.0053974863 0.99832773 -0.057555337
  outer loop
   vertex -0.083900357 -0.0053252381 0.046423568
   vertex -0.082692201 -0.0053185407 0.046426438
   vertex -0.083050446 -0.0053718472 0.045535405
  endloop
 endfacet
 facet normal -0.0053974863 0.99832773 -0.057555337
  outer loop
   vertex -0.083900357 -0.0053252381 0.046423568
   vertex -0.083050446 -0.0053718472 0.045535405
   vertex -0.083948924 -0.0053719762 0.045533166
  endloop
 endfacet
 facet normal -0.31676506 0.94755291 -0.042466207
  outer loop
   vertex -0.082410976 -0.0051980877 0.044642572
   vertex -0.083070713 -0.0054185432 0.04464465
   vertex -0.083050446 -0.0053718472 0.045535405
  endloop
 endfacet
 facet normal -0.31676506 0.94755291 -0.042466207
  outer loop
   vertex -0.082410976 -0.0051980877 0.044642572
   vertex -0.083050446 -0.0053718472 0.045535405
   vertex -0.082410248 -0.0052091914 0.045533325
  endloop
 endfacet
 facet normal 0.00052327779 0.99779056 -0.066435816
  outer loop
   vertex -0.083760471 -0.0052210435 0.048137693
   vertex -0.082622995 -0.0052210265 0.048146909
   vertex -0.0824577 -0.0052768198 0.047310259
  endloop
 endfacet
 facet normal 0.00052327779 0.99779056 -0.066435816
  outer loop
   vertex -0.083760471 -0.0052210435 0.048137693
   vertex -0.0824577 -0.0052768198 0.047310259
   vertex -0.083836082 -0.0052787802 0.047305277
  endloop
 endfacet
 facet normal -0.011651106 0.99896073 -0.044064818
  outer loop
   vertex -0.082392664 -0.0053143913 0.046441307
   vertex -0.082692201 -0.0053185407 0.046426438
   vertex -0.0824577 -0.0052768198 0.047310259
  endloop
 endfacet
 facet normal -0.011651106 0.99896073 -0.044064818
  outer loop
   vertex -0.082392664 -0.0053143913 0.046441307
   vertex -0.0824577 -0.0052768198 0.047310259
   vertex -0.082100279 -0.0051845217 0.04731993
  endloop
 endfacet
 facet normal -0.24826333 0.96713876 -0.054844742
  outer loop
   vertex -0.082390585 -0.0052120679 0.048148293
   vertex -0.082100279 -0.0051845217 0.04731993
   vertex -0.0824577 -0.0052768198 0.047310259
  endloop
 endfacet
 facet normal -0.24826333 0.96713876 -0.054844742
  outer loop
   vertex -0.082390585 -0.0052120679 0.048148293
   vertex -0.0824577 -0.0052768198 0.047310259
   vertex -0.082622995 -0.0052210265 0.048146909
  endloop
 endfacet
 facet normal -0.0012304491 0.99861868 -0.052528292
  outer loop
   vertex -0.083900357 -0.0053252381 0.046423568
   vertex -0.083836082 -0.0052787802 0.047305277
   vertex -0.0824577 -0.0052768198 0.047310259
  endloop
 endfacet
 facet normal -0.0012304491 0.99861868 -0.052528292
  outer loop
   vertex -0.083900357 -0.0053252381 0.046423568
   vertex -0.0824577 -0.0052768198 0.047310259
   vertex -0.082692201 -0.0053185407 0.046426438
  endloop
 endfacet
 facet normal 0.00023671497 0.9219852 -0.38722505
  outer loop
   vertex -0.083683082 -0.0050699071 0.048875957
   vertex -0.084713121 -0.0050703082 0.048874372
   vertex -0.084741017 -0.0046040377 0.049984548
  endloop
 endfacet
 facet normal 0.00023671497 0.9219852 -0.38722505
  outer loop
   vertex -0.083683082 -0.0050699071 0.048875957
   vertex -0.084741017 -0.0046040377 0.049984548
   vertex -0.083764934 -0.0046172697 0.049966003
  endloop
 endfacet
 facet normal 0.01375812 0.92866496 -0.3706644
  outer loop
   vertex -0.083764934 -0.0046172697 0.049966003
   vertex -0.082640574 -0.0046407719 0.049948854
   vertex -0.082457479 -0.0050663498 0.048889405
  endloop
 endfacet
 facet normal 0.01375812 0.92866496 -0.3706644
  outer loop
   vertex -0.083764934 -0.0046172697 0.049966003
   vertex -0.082457479 -0.0050663498 0.048889405
   vertex -0.083683082 -0.0050699071 0.048875957
  endloop
 endfacet
 facet normal 2.4972479e-05 0.99862907 -0.052344909
  outer loop
   vertex -0.084023984 -0.0056052691 0.04108226
   vertex -0.0848736 -0.0056053811 0.041079717
   vertex -0.08486114 -0.0055586763 0.041970752
  endloop
 endfacet
 facet normal 2.4972479e-05 0.99862907 -0.052344909
  outer loop
   vertex -0.084023984 -0.0056052691 0.04108226
   vertex -0.08486114 -0.0055586763 0.041970752
   vertex -0.083988344 -0.0055585551 0.041973064
  endloop
 endfacet
 facet normal 1.127251e-09 0.99862949 -0.052336795
  outer loop
   vertex -0.085739553 -0.0056054362 0.041078532
   vertex -0.085736417 -0.0055587375 0.041969583
   vertex -0.08486114 -0.0055586763 0.041970752
  endloop
 endfacet
 facet normal 1.127251e-09 0.99862949 -0.052336795
  outer loop
   vertex -0.085739553 -0.0056054362 0.041078532
   vertex -0.08486114 -0.0055586763 0.041970752
   vertex -0.0848736 -0.0056053811 0.041079717
  endloop
 endfacet
 facet normal -0.0001368892 -0.99863271 0.052275239
  outer loop
   vertex -0.082423094 0.0046892154 0.046431077
   vertex -0.083586717 0.0046891979 0.046427696
   vertex -0.083587917 0.0046426849 0.045539138
  endloop
 endfacet
 facet normal -0.0001368892 -0.99863271 0.052275239
  outer loop
   vertex -0.082423094 0.0046892154 0.046431077
   vertex -0.083587917 0.0046426849 0.045539138
   vertex -0.082423125 0.0046427609 0.045543522
  endloop
 endfacet
 facet normal 0.12616277 -0.9906397 0.052114678
  outer loop
   vertex -0.081532835 0.0047563053 0.045546595
   vertex -0.082423125 0.0046427609 0.045543522
   vertex -0.082421703 0.0045961996 0.044655001
  endloop
 endfacet
 facet normal 0.12616277 -0.9906397 0.052114678
  outer loop
   vertex -0.081532835 0.0047563053 0.045546595
   vertex -0.082421703 0.0045961996 0.044655001
   vertex -0.081607859 0.0048043943 0.044659451
  endloop
 endfacet
 facet normal 4.5655876e-05 -0.99862953 0.052335948
  outer loop
   vertex -0.084644799 0.0045953082 0.044646216
   vertex -0.085646439 0.0045951551 0.044644168
   vertex -0.085646604 0.0045484943 0.043753827
  endloop
 endfacet
 facet normal 4.5655876e-05 -0.99862953 0.052335948
  outer loop
   vertex -0.084644799 0.0045953082 0.044646216
   vertex -0.085646604 0.0045484943 0.043753827
   vertex -0.084645772 0.0045486527 0.043756204
  endloop
 endfacet
 facet normal 0.00061820281 -0.99864582 0.052020544
  outer loop
   vertex -0.084646734 0.0045020335 0.042866247
   vertex -0.083593327 0.0045029307 0.042870953
   vertex -0.083591352 0.0045492662 0.043760436
  endloop
 endfacet
 facet normal 0.00061820281 -0.99864582 0.052020544
  outer loop
   vertex -0.084646734 0.0045020335 0.042866247
   vertex -0.083591352 0.0045492662 0.043760436
   vertex -0.084645772 0.0045486527 0.043756204
  endloop
 endfacet
 facet normal 0.00049475034 -0.99863264 0.052274383
  outer loop
   vertex -0.083587917 0.0046426849 0.045539138
   vertex -0.083586717 0.0046891979 0.046427696
   vertex -0.084643253 0.0046885803 0.046425897
  endloop
 endfacet
 facet normal 0.00049475034 -0.99863264 0.052274383
  outer loop
   vertex -0.083587917 0.0046426849 0.045539138
   vertex -0.084643253 0.0046885803 0.046425897
   vertex -0.084643847 0.0046419567 0.045536209
  endloop
 endfacet
 facet normal 4.5655883e-05 -0.99862953 0.052335945
  outer loop
   vertex -0.085646205 0.004641821 0.045534605
   vertex -0.085646439 0.0045951551 0.044644168
   vertex -0.084644799 0.0045953082 0.044646216
  endloop
 endfacet
 facet normal 4.5655883e-05 -0.99862953 0.052335945
  outer loop
   vertex -0.085646205 0.004641821 0.045534605
   vertex -0.084644799 0.0045953082 0.044646216
   vertex -0.084643847 0.0046419567 0.045536209
  endloop
 endfacet
 facet normal 0.24786101 -0.96877873 -0.0057168358
  outer loop
   vertex -0.081573832 0.0048183403 0.043771467
   vertex -0.081607859 0.0048043943 0.044659451
   vertex -0.082421703 0.0045961996 0.044655001
  endloop
 endfacet
 facet normal 0.24786101 -0.96877873 -0.0057168358
  outer loop
   vertex -0.081573832 0.0048183403 0.043771467
   vertex -0.082421703 0.0045961996 0.044655001
   vertex -0.08248536 0.0045494717 0.043766169
  endloop
 endfacet
 facet normal -7.0138485e-05 -0.99864593 0.052022078
  outer loop
   vertex -0.083591352 0.0045492662 0.043760436
   vertex -0.083593327 0.0045029307 0.042870953
   vertex -0.082421826 0.0045031772 0.042877263
  endloop
 endfacet
 facet normal -7.0138485e-05 -0.99864593 0.052022078
  outer loop
   vertex -0.083591352 0.0045492662 0.043760436
   vertex -0.082421826 0.0045031772 0.042877263
   vertex -0.08248536 0.0045494717 0.043766169
  endloop
 endfacet
 facet normal 0.076583872 -0.99589934 -0.048160337
  outer loop
   vertex -0.082422637 0.0046924632 0.048180268
   vertex -0.082422179 0.0047342903 0.047316061
   vertex -0.081488708 0.0048057719 0.047322297
  endloop
 endfacet
 facet normal 0.076583872 -0.99589934 -0.048160337
  outer loop
   vertex -0.082422637 0.0046924632 0.048180268
   vertex -0.081488708 0.0048057719 0.047322297
   vertex -0.081486461 0.0047845488 0.048193232
  endloop
 endfacet
 facet normal -0.00013359518 -0.99869139 0.051141897
  outer loop
   vertex -0.083587394 0.0047346503 0.047315281
   vertex -0.083586717 0.0046891979 0.046427696
   vertex -0.082423094 0.0046892154 0.046431077
  endloop
 endfacet
 facet normal -0.00013359518 -0.99869139 0.051141897
  outer loop
   vertex -0.083587394 0.0047346503 0.047315281
   vertex -0.082423094 0.0046892154 0.046431077
   vertex -0.082422179 0.0047342903 0.047316061
  endloop
 endfacet
 facet normal 0.0029912003 -0.9289093 -0.37029524
  outer loop
   vertex -0.083611314 0.0045105384 0.049001219
   vertex -0.083659594 0.0042311961 0.049701577
   vertex -0.084692288 0.0042176284 0.04972727
  endloop
 endfacet
 facet normal 0.0029912003 -0.9289093 -0.37029524
  outer loop
   vertex -0.083611314 0.0045105384 0.049001219
   vertex -0.084692288 0.0042176284 0.04972727
   vertex -0.084662179 0.0045029425 0.049021169
  endloop
 endfacet
 facet normal 0.0011604471 -0.97517961 -0.22141227
  outer loop
   vertex -0.08464883 0.0046893609 0.048200186
   vertex -0.084662179 0.0045029425 0.049021169
   vertex -0.085655694 0.0044993387 0.049031835
  endloop
 endfacet
 facet normal 0.0011604471 -0.97517961 -0.22141227
  outer loop
   vertex -0.08464883 0.0046893609 0.048200186
   vertex -0.085655694 0.0044993387 0.049031835
   vertex -0.085649095 0.0046884958 0.04820555
  endloop
 endfacet
 facet normal 0.098627198 -0.99248759 -0.072395106
  outer loop
   vertex -0.082422637 0.0046924632 0.048180268
   vertex -0.081486461 0.0047845488 0.048193232
   vertex -0.081521035 0.0047253646 0.048957505
  endloop
 endfacet
 facet normal 0.098627198 -0.99248759 -0.072395106
  outer loop
   vertex -0.082422637 0.0046924632 0.048180268
   vertex -0.081521035 0.0047253646 0.048957505
   vertex -0.082426191 0.0045199802 0.048970406
  endloop
 endfacet
 facet normal 0.0037860522 -0.92892564 -0.37024697
  outer loop
   vertex -0.08242966 0.0042603122 0.049641103
   vertex -0.083659594 0.0042311961 0.049701577
   vertex -0.083611314 0.0045105384 0.049001219
  endloop
 endfacet
 facet normal 0.0037860522 -0.92892564 -0.37024697
  outer loop
   vertex -0.08242966 0.0042603122 0.049641103
   vertex -0.083611314 0.0045105384 0.049001219
   vertex -0.082426191 0.0045199802 0.048970406
  endloop
 endfacet
 facet normal 0.00049671199 -0.99869125 0.051142371
  outer loop
   vertex -0.084643253 0.0046885803 0.046425897
   vertex -0.083586717 0.0046891979 0.046427696
   vertex -0.083587394 0.0047346503 0.047315281
  endloop
 endfacet
 facet normal 0.00049671199 -0.99869125 0.051142371
  outer loop
   vertex -0.084643253 0.0046885803 0.046425897
   vertex -0.083587394 0.0047346503 0.047315281
   vertex -0.084644123 0.0047340437 0.047316256
  endloop
 endfacet
 facet normal 0.00058942357 -0.99869171 -0.051132332
  outer loop
   vertex -0.08464883 0.0046893609 0.048200186
   vertex -0.085649095 0.0046884958 0.04820555
   vertex -0.085646628 0.004733982 0.047317165
  endloop
 endfacet
 facet normal 0.00058942357 -0.99869171 -0.051132332
  outer loop
   vertex -0.08464883 0.0046893609 0.048200186
   vertex -0.085646628 0.004733982 0.047317165
   vertex -0.084644123 0.0047340437 0.047316256
  endloop
 endfacet
 facet normal 7.637239e-05 -0.99863021 0.052323044
  outer loop
   vertex -0.084650473 0.0044087896 0.041086428
   vertex -0.084647815 0.0044554162 0.041976333
   vertex -0.085646775 0.0044551866 0.04197341
  endloop
 endfacet
 facet normal 7.637239e-05 -0.99863021 0.052323044
  outer loop
   vertex -0.084650473 0.0044087896 0.041086428
   vertex -0.085646775 0.0044551866 0.04197341
   vertex -0.085646905 0.0044085352 0.041083248
  endloop
 endfacet
 facet normal 0.00061800364 -0.99864352 0.052064693
  outer loop
   vertex -0.083597993 0.0044565547 0.041981477
   vertex -0.083593327 0.0045029307 0.042870953
   vertex -0.084646734 0.0045020335 0.042866247
  endloop
 endfacet
 facet normal 0.00061800364 -0.99864352 0.052064693
  outer loop
   vertex -0.083597993 0.0044565547 0.041981477
   vertex -0.084646734 0.0045020335 0.042866247
   vertex -0.084647815 0.0044554162 0.041976333
  endloop
 endfacet
 facet normal 0.24916066 -0.96838531 0.012200919
  outer loop
   vertex -0.082429098 0.0044110463 0.041099348
   vertex -0.081538678 0.0046401611 0.041100487
   vertex -0.08153088 0.004653374 0.041989946
  endloop
 endfacet
 facet normal 0.24916066 -0.96838531 0.012200919
  outer loop
   vertex -0.082429098 0.0044110463 0.041099348
   vertex -0.08153088 0.004653374 0.041989946
   vertex -0.082425323 0.004457006 0.041988337
  endloop
 endfacet
 facet normal -7.0387986e-05 -0.99864352 0.052068304
  outer loop
   vertex -0.082421826 0.0045031772 0.042877263
   vertex -0.083593327 0.0045029307 0.042870953
   vertex -0.083597993 0.0044565547 0.041981477
  endloop
 endfacet
 facet normal -7.0387986e-05 -0.99864352 0.052068304
  outer loop
   vertex -0.082421826 0.0045031772 0.042877263
   vertex -0.083597993 0.0044565547 0.041981477
   vertex -0.082425323 0.004457006 0.041988337
  endloop
 endfacet
 facet normal 8.6648492e-06 -0.99862974 0.052331982
  outer loop
   vertex -0.085744994 0.0037508379 0.028533651
   vertex -0.08664956 0.0037511004 0.028538811
   vertex -0.086642506 0.0037029237 0.027619473
  endloop
 endfacet
 facet normal 8.6648492e-06 -0.99862974 0.052331982
  outer loop
   vertex -0.085744994 0.0037508379 0.028533651
   vertex -0.086642506 0.0037029237 0.027619473
   vertex -0.085739383 0.0037024767 0.027610855
  endloop
 endfacet
 facet normal -9.8471661e-07 -0.99862957 0.052335285
  outer loop
   vertex -0.085744994 0.0037508379 0.028533651
   vertex -0.085739383 0.0037024767 0.027610855
   vertex -0.084852967 0.0037024648 0.027610643
  endloop
 endfacet
 facet normal -9.8471661e-07 -0.99862957 0.052335285
  outer loop
   vertex -0.085744994 0.0037508379 0.028533651
   vertex -0.084852967 0.0037024648 0.027610643
   vertex -0.084858739 0.0037508347 0.028533574
  endloop
 endfacet
 facet normal -3.729932e-07 -0.99862864 0.052352957
  outer loop
   vertex -0.082410976 0.0037528386 0.028571811
   vertex -0.083156894 0.0037517288 0.028550637
   vertex -0.083149191 0.0037040342 0.027640865
  endloop
 endfacet
 facet normal -3.729932e-07 -0.99862864 0.052352957
  outer loop
   vertex -0.082410976 0.0037528386 0.028571811
   vertex -0.083149191 0.0037040342 0.027640865
   vertex -0.082410975 0.0037063302 0.027684373
  endloop
 endfacet
 facet normal -1.1559083e-06 -0.9986296 0.052334683
  outer loop
   vertex -0.086607275 0.0041284425 0.035738761
   vertex -0.086616248 0.0040845805 0.034901803
   vertex -0.085686513 0.0040847621 0.034905289
  endloop
 endfacet
 facet normal -1.1559083e-06 -0.9986296 0.052334683
  outer loop
   vertex -0.086607275 0.0041284425 0.035738761
   vertex -0.085686513 0.0040847621 0.034905289
   vertex -0.085665769 0.0041285134 0.035740111
  endloop
 endfacet
 facet normal 2.8720862e-05 -0.99862644 0.05239498
  outer loop
   vertex -0.085686513 0.0040847621 0.034905289
   vertex -0.084737489 0.0040850585 0.034910418
   vertex -0.084692802 0.0041288243 0.035744552
  endloop
 endfacet
 facet normal 2.8720862e-05 -0.99862644 0.05239498
  outer loop
   vertex -0.085686513 0.0040847621 0.034905289
   vertex -0.084692802 0.0041288243 0.035744552
   vertex -0.085665769 0.0041285134 0.035740111
  endloop
 endfacet
 facet normal 0.66215922 -0.74818516 0.042001676
  outer loop
   vertex -0.082425784 0.0041320059 0.035765183
   vertex -0.082421829 0.0040893588 0.034943156
   vertex -0.081565271 0.0048462981 0.03492298
  endloop
 endfacet
 facet normal 0.66215922 -0.74818516 0.042001676
  outer loop
   vertex -0.082425784 0.0041320059 0.035765183
   vertex -0.081565271 0.0048462981 0.03492298
   vertex -0.081498233 0.0046873076 0.035768957
  endloop
 endfacet
 facet normal 2.1191135e-15 -0.99862953 0.052335957
  outer loop
   vertex -0.085647133 0.0043618821 0.040193054
   vertex -0.086605538 0.0043618031 0.040191546
   vertex -0.086604679 0.0043151367 0.039301098
  endloop
 endfacet
 facet normal 2.1191135e-15 -0.99862953 0.052335957
  outer loop
   vertex -0.085647133 0.0043618821 0.040193054
   vertex -0.086604679 0.0043151367 0.039301098
   vertex -0.085647484 0.0043152195 0.039302678
  endloop
 endfacet
 facet normal -7.7393955e-16 -0.99862953 0.052335957
  outer loop
   vertex -0.085654596 0.0041749397 0.03662598
   vertex -0.086603804 0.0041748855 0.036624946
   vertex -0.086607275 0.0041284425 0.035738761
  endloop
 endfacet
 facet normal -7.7393955e-16 -0.99862953 0.052335957
  outer loop
   vertex -0.085654596 0.0041749397 0.03662598
   vertex -0.086607275 0.0041284425 0.035738761
   vertex -0.085665769 0.0041285134 0.035740111
  endloop
 endfacet
 facet normal -1.009044e-15 -0.99862953 0.052335957
  outer loop
   vertex -0.086604679 0.0043151367 0.039301098
   vertex -0.086603798 0.0042684474 0.038410212
   vertex -0.085648134 0.0042685284 0.038411758
  endloop
 endfacet
 facet normal -1.009044e-15 -0.99862953 0.052335957
  outer loop
   vertex -0.086604679 0.0043151367 0.039301098
   vertex -0.085648134 0.0042685284 0.038411758
   vertex -0.085647484 0.0043152195 0.039302678
  endloop
 endfacet
 facet normal 0.28932722 -0.95603876 0.047745686
  outer loop
   vertex -0.08154989 0.0046324808 0.040210902
   vertex -0.082432918 0.0043652208 0.04021034
   vertex -0.082437008 0.0043195783 0.039321199
  endloop
 endfacet
 facet normal 0.28932722 -0.95603876 0.047745686
  outer loop
   vertex -0.08154989 0.0046324808 0.040210902
   vertex -0.082437008 0.0043195783 0.039321199
   vertex -0.081569627 0.0046369566 0.039321043
  endloop
 endfacet
 facet normal 9.572387e-05 -0.99862993 0.052328232
  outer loop
   vertex -0.08465602 0.0043155132 0.039306339
   vertex -0.084653144 0.0043621571 0.040196484
   vertex -0.085647133 0.0043618821 0.040193054
  endloop
 endfacet
 facet normal 9.572387e-05 -0.99862993 0.052328232
  outer loop
   vertex -0.08465602 0.0043155132 0.039306339
   vertex -0.085647133 0.0043618821 0.040193054
   vertex -0.085647484 0.0043152195 0.039302678
  endloop
 endfacet
 facet normal 0.00011358527 -0.99862769 0.052371068
  outer loop
   vertex -0.084692802 0.0041288243 0.035744552
   vertex -0.084671909 0.0041752661 0.036630072
   vertex -0.085654596 0.0041749397 0.03662598
  endloop
 endfacet
 facet normal 0.00011358527 -0.99862769 0.052371068
  outer loop
   vertex -0.084692802 0.0041288243 0.035744552
   vertex -0.085654596 0.0041749397 0.03662598
   vertex -0.085665769 0.0041285134 0.035740111
  endloop
 endfacet
 facet normal 0.0001027563 -0.99862954 0.052335729
  outer loop
   vertex -0.085648134 0.0042685284 0.038411758
   vertex -0.084659097 0.0042688321 0.038415612
   vertex -0.08465602 0.0043155132 0.039306339
  endloop
 endfacet
 facet normal 0.0001027563 -0.99862954 0.052335729
  outer loop
   vertex -0.085648134 0.0042685284 0.038411758
   vertex -0.08465602 0.0043155132 0.039306339
   vertex -0.085647484 0.0043152195 0.039302678
  endloop
 endfacet
 facet normal 0.00048514544 0.99859878 -0.052917255
  outer loop
   vertex -0.083977723 -0.0063045044 0.027742455
   vertex -0.083964016 -0.0063451517 0.026975526
   vertex -0.084837098 -0.0063441231 0.026986933
  endloop
 endfacet
 facet normal 0.00048514544 0.99859878 -0.052917255
  outer loop
   vertex -0.083977723 -0.0063045044 0.027742455
   vertex -0.084837098 -0.0063441231 0.026986933
   vertex -0.084846682 -0.0063039145 0.027751608
  endloop
 endfacet
 facet normal -1.5421233e-15 0.99862953 -0.052335952
  outer loop
   vertex -0.086625683 -0.0063445297 0.026975773
   vertex -0.087491019 -0.0063466853 0.026934642
   vertex -0.087516681 -0.0063051921 0.027726381
  endloop
 endfacet
 facet normal -1.5421233e-15 0.99862953 -0.052335952
  outer loop
   vertex -0.086625683 -0.0063445297 0.026975773
   vertex -0.087516681 -0.0063051921 0.027726381
   vertex -0.08664113 -0.0063042523 0.027744312
  endloop
 endfacet
 facet normal -1.6904473e-16 0.99862953 -0.052335952
  outer loop
   vertex -0.087538241 -0.0062138831 0.029468661
   vertex -0.087543372 -0.0061674497 0.030354663
   vertex -0.086660914 -0.00616756 0.030352557
  endloop
 endfacet
 facet normal -1.6904473e-16 0.99862953 -0.052335952
  outer loop
   vertex -0.087538241 -0.0062138831 0.029468661
   vertex -0.086660914 -0.00616756 0.030352557
   vertex -0.086656978 -0.0062138429 0.029469428
  endloop
 endfacet
 facet normal 0.00025512155 0.99860109 -0.052875316
  outer loop
   vertex -0.086670492 -0.0059808866 0.033912881
   vertex -0.087557303 -0.0059805243 0.033915443
   vertex -0.087553152 -0.0059332858 0.034807608
  endloop
 endfacet
 facet normal 0.00025512155 0.99860109 -0.052875316
  outer loop
   vertex -0.086670492 -0.0059808866 0.033912881
   vertex -0.087553152 -0.0059332858 0.034807608
   vertex -0.086667503 -0.0059339628 0.034806374
  endloop
 endfacet
 facet normal 2.7944539e-16 0.99862953 -0.052335952
  outer loop
   vertex -0.084850805 -0.0061675798 0.03035218
   vertex -0.083975881 -0.0061675793 0.030352188
   vertex -0.083979146 -0.0062138844 0.029468635
  endloop
 endfacet
 facet normal 2.7944539e-16 0.99862953 -0.052335952
  outer loop
   vertex -0.084850805 -0.0061675798 0.03035218
   vertex -0.083979146 -0.0062138844 0.029468635
   vertex -0.084851525 -0.0062138013 0.029470221
  endloop
 endfacet
 facet normal 4.7811986e-06 0.99863007 -0.052325772
  outer loop
   vertex -0.08396179 -0.0059341759 0.034805997
   vertex -0.083963582 -0.0059809879 0.033912596
   vertex -0.084845892 -0.0059810076 0.033912138
  endloop
 endfacet
 facet normal 4.7811986e-06 0.99863007 -0.052325772
  outer loop
   vertex -0.08396179 -0.0059341759 0.034805997
   vertex -0.084845892 -0.0059810076 0.033912138
   vertex -0.084844132 -0.0059341635 0.034805943
  endloop
 endfacet
 facet normal -0.0068745898 0.99854954 -0.053400056
  outer loop
   vertex -0.087454235 -0.0058514203 0.036524101
   vertex -0.087448247 -0.0058129749 0.037242236
   vertex -0.086614357 -0.0058060644 0.037264106
  endloop
 endfacet
 facet normal -0.0068745898 0.99854954 -0.053400056
  outer loop
   vertex -0.087454235 -0.0058514203 0.036524101
   vertex -0.086614357 -0.0058060644 0.037264106
   vertex -0.086627612 -0.0058448623 0.036522303
  endloop
 endfacet
 facet normal 0.00051217278 0.99864663 -0.052006268
  outer loop
   vertex -0.084848688 -0.0058051377 0.037270737
   vertex -0.083979074 -0.005805555 0.037271286
   vertex -0.083965147 -0.0058445323 0.036522966
  endloop
 endfacet
 facet normal 0.00051217278 0.99864663 -0.052006268
  outer loop
   vertex -0.084848688 -0.0058051377 0.037270737
   vertex -0.083965147 -0.0058445323 0.036522966
   vertex -0.08484199 -0.0058442575 0.036523195
  endloop
 endfacet
 facet normal 0.00051239052 0.99862787 -0.052365253
  outer loop
   vertex -0.083979074 -0.005805555 0.037271286
   vertex -0.084848688 -0.0058051377 0.037270737
   vertex -0.084874451 -0.0057407791 0.038497831
  endloop
 endfacet
 facet normal 0.00051239052 0.99862787 -0.052365253
  outer loop
   vertex -0.083979074 -0.005805555 0.037271286
   vertex -0.084874451 -0.0057407791 0.038497831
   vertex -0.084035181 -0.0057412249 0.038499257
  endloop
 endfacet
 facet normal -9.1028504e-06 0.99862337 -0.052453398
  outer loop
   vertex -0.084848688 -0.0058051377 0.037270737
   vertex -0.085731882 -0.0058052454 0.037268838
   vertex -0.085735995 -0.0057407923 0.038495917
  endloop
 endfacet
 facet normal -9.1028504e-06 0.99862337 -0.052453398
  outer loop
   vertex -0.084848688 -0.0058051377 0.037270737
   vertex -0.085735995 -0.0057407923 0.038495917
   vertex -0.084874451 -0.0057407791 0.038497831
  endloop
 endfacet
 facet normal 0.00046823876 0.052591736 0.99861599
  outer loop
   vertex -0.083094037 -0.0017767793 0.026055931
   vertex -0.083923804 -0.0017800644 0.026056493
   vertex -0.083952926 -0.0026938153 0.026104629
  endloop
 endfacet
 facet normal 0.00046823876 0.052591736 0.99861599
  outer loop
   vertex -0.083094037 -0.0017767793 0.026055931
   vertex -0.083952926 -0.0026938153 0.026104629
   vertex -0.083125691 -0.0026871343 0.026104104
  endloop
 endfacet
 facet normal 0.00036183659 0.053201782 0.99858372
  outer loop
   vertex -0.084811594 -0.001780467 0.026056837
   vertex -0.083923804 -0.0017800644 0.026056493
   vertex -0.083833044 -0.00087553352 0.02600827
  endloop
 endfacet
 facet normal 0.00036183659 0.053201782 0.99858372
  outer loop
   vertex -0.084811594 -0.001780467 0.026056837
   vertex -0.083833044 -0.00087553352 0.02600827
   vertex -0.084766842 -0.00087774912 0.026009394
  endloop
 endfacet
 facet normal 0.00036212415 0.052595111 0.99861585
  outer loop
   vertex -0.083952926 -0.0026938153 0.026104629
   vertex -0.083923804 -0.0017800644 0.026056493
   vertex -0.084811594 -0.001780467 0.026056837
  endloop
 endfacet
 facet normal 0.00036212415 0.052595111 0.99861585
  outer loop
   vertex -0.083952926 -0.0026938153 0.026104629
   vertex -0.084811594 -0.001780467 0.026056837
   vertex -0.084829252 -0.0026923818 0.026104696
  endloop
 endfacet
 facet normal 0.00046584327 0.053191374 0.99858423
  outer loop
   vertex -0.083833044 -0.00087553352 0.02600827
   vertex -0.083923804 -0.0017800644 0.026056493
   vertex -0.083094037 -0.0017767793 0.026055931
  endloop
 endfacet
 facet normal 0.00046584327 0.053191374 0.99858423
  outer loop
   vertex -0.083833044 -0.00087553352 0.02600827
   vertex -0.083094037 -0.0017767793 0.026055931
   vertex -0.082729848 -0.0008724159 0.025997418
  endloop
 endfacet
 facet normal 2.7671788e-15 0.052336044 0.99862953
  outer loop
   vertex -0.088410981 -0.0017677673 0.026056278
   vertex -0.088410981 -0.0026581788 0.026102942
   vertex -0.087536633 -0.0026738844 0.026103765
  endloop
 endfacet
 facet normal 2.7671788e-15 0.052336044 0.99862953
  outer loop
   vertex -0.088410981 -0.0017677673 0.026056278
   vertex -0.087536633 -0.0026738844 0.026103765
   vertex -0.08753906 -0.0017740737 0.026056608
  endloop
 endfacet
 facet normal 2.5563552e-15 0.052336044 0.99862953
  outer loop
   vertex -0.087539613 -0.00087891395 0.026009695
   vertex -0.08753906 -0.0017740737 0.026056608
   vertex -0.086629388 -0.0017776686 0.026056797
  endloop
 endfacet
 facet normal 2.5563552e-15 0.052336044 0.99862953
  outer loop
   vertex -0.087539613 -0.00087891395 0.026009695
   vertex -0.086629388 -0.0017776686 0.026056797
   vertex -0.086623902 -0.00087923195 0.026009712
  endloop
 endfacet
 facet normal 2.5447079e-15 0.052336044 0.99862953
  outer loop
   vertex -0.086629388 -0.0017776686 0.026056797
   vertex -0.08753906 -0.0017740737 0.026056608
   vertex -0.087536633 -0.0026738844 0.026103765
  endloop
 endfacet
 facet normal 2.5447079e-15 0.052336044 0.99862953
  outer loop
   vertex -0.086629388 -0.0017776686 0.026056797
   vertex -0.087536633 -0.0026738844 0.026103765
   vertex -0.086630609 -0.0026834216 0.026104265
  endloop
 endfacet
 facet normal -3.1568559e-15 0.052336044 0.99862953
  outer loop
   vertex -0.088410981 -0.0017677673 0.026056278
   vertex -0.08753906 -0.0017740737 0.026056608
   vertex -0.087539613 -0.00087891395 0.026009695
  endloop
 endfacet
 facet normal -3.1568559e-15 0.052336044 0.99862953
  outer loop
   vertex -0.088410981 -0.0017677673 0.026056278
   vertex -0.087539613 -0.00087891395 0.026009695
   vertex -0.088410981 -0.00087698348 0.026009594
  endloop
 endfacet
 facet normal -2.2567108e-15 0.052336044 0.99862953
  outer loop
   vertex -0.087525707 0.0026864493 0.025822842
   vertex -0.088410981 0.0026433983 0.025825098
   vertex -0.088410981 0.0017899818 0.025869824
  endloop
 endfacet
 facet normal -2.2567108e-15 0.052336044 0.99862953
  outer loop
   vertex -0.087525707 0.0026864493 0.025822842
   vertex -0.088410981 0.0017899818 0.025869824
   vertex -0.087535724 0.0018144375 0.025868542
  endloop
 endfacet
 facet normal -1.0498884e-05 -0.99862944 0.052337703
  outer loop
   vertex -0.087535961 0.0036573507 0.026749971
   vertex -0.088410969 0.0036612389 0.026823983
   vertex -0.088410981 0.0036062433 0.02577464
  endloop
 endfacet
 facet normal -1.0498884e-05 -0.99862944 0.052337703
  outer loop
   vertex -0.087535961 0.0036573507 0.026749971
   vertex -0.088410981 0.0036062433 0.02577464
   vertex -0.087493358 0.0036062449 0.025774638
  endloop
 endfacet
 facet normal 1.6276344e-16 0.052336044 0.99862953
  outer loop
   vertex -0.086609863 0.001828594 0.0258678
   vertex -0.087535724 0.0018144375 0.025868542
   vertex -0.087538233 0.00091405762 0.025915729
  endloop
 endfacet
 facet normal 1.6276344e-16 0.052336044 0.99862953
  outer loop
   vertex -0.086609863 0.001828594 0.0258678
   vertex -0.087538233 0.00091405762 0.025915729
   vertex -0.08661176 0.00092180399 0.025915323
  endloop
 endfacet
 facet normal 2.6501705e-05 -0.99862889 0.052348197
  outer loop
   vertex -0.087560085 0.0037517145 0.028550704
   vertex -0.087553366 0.0037040493 0.027641408
   vertex -0.086642506 0.0037029237 0.027619473
  endloop
 endfacet
 facet normal 2.6501705e-05 -0.99862889 0.052348197
  outer loop
   vertex -0.087560085 0.0037517145 0.028550704
   vertex -0.086642506 0.0037029237 0.027619473
   vertex -0.08664956 0.0037511004 0.028538811
  endloop
 endfacet
 facet normal 5.2562352e-06 -0.99862955 0.052335738
  outer loop
   vertex -0.085729084 0.0036554829 0.026714153
   vertex -0.085739383 0.0037024767 0.027610855
   vertex -0.086642506 0.0037029237 0.027619473
  endloop
 endfacet
 facet normal 5.2562352e-06 -0.99862955 0.052335738
  outer loop
   vertex -0.085729084 0.0036554829 0.026714153
   vertex -0.086642506 0.0037029237 0.027619473
   vertex -0.086628996 0.0036559328 0.026722753
  endloop
 endfacet
 facet normal 9.2160906e-06 -0.99862977 0.052331399
  outer loop
   vertex -0.087535961 0.0036573507 0.026749971
   vertex -0.086628996 0.0036559328 0.026722753
   vertex -0.086642506 0.0037029237 0.027619473
  endloop
 endfacet
 facet normal 9.2160906e-06 -0.99862977 0.052331399
  outer loop
   vertex -0.087535961 0.0036573507 0.026749971
   vertex -0.086642506 0.0037029237 0.027619473
   vertex -0.087553366 0.0037040493 0.027641408
  endloop
 endfacet
 facet normal 4.6962948e-16 0.052336044 0.99862953
  outer loop
   vertex -0.087538233 0.00091405762 0.025915729
   vertex -0.087535724 0.0018144375 0.025868542
   vertex -0.088410981 0.0017899818 0.025869824
  endloop
 endfacet
 facet normal 4.6962948e-16 0.052336044 0.99862953
  outer loop
   vertex -0.087538233 0.00091405762 0.025915729
   vertex -0.088410981 0.0017899818 0.025869824
   vertex -0.088410981 0.0009034674 0.025916284
  endloop
 endfacet
 facet normal -2.1583904e-05 -0.99862957 0.052335339
  outer loop
   vertex -0.087560085 0.0037517145 0.028550704
   vertex -0.088410644 0.0037528328 0.028571692
   vertex -0.088410897 0.003706331 0.027684373
  endloop
 endfacet
 facet normal -2.1583904e-05 -0.99862957 0.052335339
  outer loop
   vertex -0.087560085 0.0037517145 0.028550704
   vertex -0.088410897 0.003706331 0.027684373
   vertex -0.087553366 0.0037040493 0.027641408
  endloop
 endfacet
 facet normal -3.598516e-05 -0.99863072 0.052313318
  outer loop
   vertex -0.087535961 0.0036573507 0.026749971
   vertex -0.087553366 0.0037040493 0.027641408
   vertex -0.088410897 0.003706331 0.027684373
  endloop
 endfacet
 facet normal -3.598516e-05 -0.99863072 0.052313318
  outer loop
   vertex -0.087535961 0.0036573507 0.026749971
   vertex -0.088410897 0.003706331 0.027684373
   vertex -0.088410969 0.0036612389 0.026823983
  endloop
 endfacet
 facet normal 1.5554507e-16 0.052336044 0.99862953
  outer loop
   vertex -0.087525707 0.0026864493 0.025822842
   vertex -0.087535724 0.0018144375 0.025868542
   vertex -0.086609863 0.001828594 0.0258678
  endloop
 endfacet
 facet normal 1.5554507e-16 0.052336044 0.99862953
  outer loop
   vertex -0.087525707 0.0026864493 0.025822842
   vertex -0.086609863 0.001828594 0.0258678
   vertex -0.086609328 0.0027031932 0.025821964
  endloop
 endfacet
 facet normal 8.5590006e-07 -0.99862958 0.052335159
  outer loop
   vertex -0.085729084 0.0036554829 0.026714153
   vertex -0.086628996 0.0036559328 0.026722753
   vertex -0.086607143 0.0036062449 0.025774637
  endloop
 endfacet
 facet normal 8.5590006e-07 -0.99862958 0.052335159
  outer loop
   vertex -0.085729084 0.0036554829 0.026714153
   vertex -0.086607143 0.0036062449 0.025774637
   vertex -0.085714286 0.0036062449 0.025774637
  endloop
 endfacet
 facet normal 8.9309601e-09 -0.99863003 0.052326497
  outer loop
   vertex -0.087535961 0.0036573507 0.026749971
   vertex -0.087493358 0.0036062449 0.025774638
   vertex -0.086607143 0.0036062449 0.025774637
  endloop
 endfacet
 facet normal 8.9309601e-09 -0.99863003 0.052326497
  outer loop
   vertex -0.087535961 0.0036573507 0.026749971
   vertex -0.086607143 0.0036062449 0.025774637
   vertex -0.086628996 0.0036559328 0.026722753
  endloop
 endfacet
 facet normal -0.002255388 0.050885563 0.99870194
  outer loop
   vertex -0.08370598 0.0027046524 0.025819091
   vertex -0.083640289 0.0018376838 0.025863413
   vertex -0.082430463 0.0018323441 0.025866417
  endloop
 endfacet
 facet normal -0.002255388 0.050885563 0.99870194
  outer loop
   vertex -0.08370598 0.0027046524 0.025819091
   vertex -0.082430463 0.0018323441 0.025866417
   vertex -0.082430676 0.0026837374 0.025821965
  endloop
 endfacet
 facet normal 0.0002084319 -0.9986354 0.052223482
  outer loop
   vertex -0.082410972 0.0036612392 0.026823983
   vertex -0.083124121 0.003657108 0.026747831
   vertex -0.083042356 0.0036062585 0.025775143
  endloop
 endfacet
 facet normal 0.0002084319 -0.9986354 0.052223482
  outer loop
   vertex -0.082410972 0.0036612392 0.026823983
   vertex -0.083042356 0.0036062585 0.025775143
   vertex -0.082410958 0.0036055401 0.025775608
  endloop
 endfacet
 facet normal -9.0682317e-06 -0.99863196 0.052289585
  outer loop
   vertex -0.083966377 0.0036558124 0.026721368
   vertex -0.083928571 0.00360625 0.025774827
   vertex -0.083042356 0.0036062585 0.025775143
  endloop
 endfacet
 facet normal -9.0682317e-06 -0.99863196 0.052289585
  outer loop
   vertex -0.083966377 0.0036558124 0.026721368
   vertex -0.083042356 0.0036062585 0.025775143
   vertex -0.083124121 0.003657108 0.026747831
  endloop
 endfacet
 facet normal 0.0030358992 0.05178345 0.99865372
  outer loop
   vertex -0.083634135 0.0009337995 0.025910264
   vertex -0.083640289 0.0018376838 0.025863413
   vertex -0.084684731 0.0018379847 0.025866573
  endloop
 endfacet
 facet normal 0.0030358992 0.05178345 0.99865372
  outer loop
   vertex -0.083634135 0.0009337995 0.025910264
   vertex -0.084684731 0.0018379847 0.025866573
   vertex -0.084679683 0.00092997983 0.025914164
  endloop
 endfacet
 facet normal -1.0467872e-05 -0.99862907 0.052344909
  outer loop
   vertex -0.085729084 0.0036554829 0.026714153
   vertex -0.084840757 0.0036554497 0.026713698
   vertex -0.084852967 0.0037024648 0.027610643
  endloop
 endfacet
 facet normal -1.0467872e-05 -0.99862907 0.052344909
  outer loop
   vertex -0.085729084 0.0036554829 0.026714153
   vertex -0.084852967 0.0037024648 0.027610643
   vertex -0.085739383 0.0037024767 0.027610855
  endloop
 endfacet
 facet normal 2.7591307e-08 -0.99862947 0.052337139
  outer loop
   vertex -0.083992733 0.0037511002 0.028538641
   vertex -0.084858739 0.0037508347 0.028533574
   vertex -0.084852967 0.0037024648 0.027610643
  endloop
 endfacet
 facet normal 2.7591307e-08 -0.99862947 0.052337139
  outer loop
   vertex -0.083992733 0.0037511002 0.028538641
   vertex -0.084852967 0.0037024648 0.027610643
   vertex -0.08398544 0.003702894 0.027618922
  endloop
 endfacet
 facet normal -5.7758384e-06 -0.99862705 0.052383388
  outer loop
   vertex -0.083966377 0.0036558124 0.026721368
   vertex -0.08398544 0.003702894 0.027618922
   vertex -0.084852967 0.0037024648 0.027610643
  endloop
 endfacet
 facet normal -5.7758384e-06 -0.99862705 0.052383388
  outer loop
   vertex -0.083966377 0.0036558124 0.026721368
   vertex -0.084852967 0.0037024648 0.027610643
   vertex -0.084840757 0.0036554497 0.026713698
  endloop
 endfacet
 facet normal -0.0022514731 0.051747655 0.99865765
  outer loop
   vertex -0.082430463 0.0018323441 0.025866417
   vertex -0.083640289 0.0018376838 0.025863413
   vertex -0.083634135 0.0009337995 0.025910264
  endloop
 endfacet
 facet normal -0.0022514731 0.051747655 0.99865765
  outer loop
   vertex -0.082430463 0.0018323441 0.025866417
   vertex -0.083634135 0.0009337995 0.025910264
   vertex -0.082435448 0.00093868853 0.025912896
  endloop
 endfacet
 facet normal 0.0030358334 0.051285328 0.99867943
  outer loop
   vertex -0.084684731 0.0018379847 0.025866573
   vertex -0.083640289 0.0018376838 0.025863413
   vertex -0.08370598 0.0027046524 0.025819091
  endloop
 endfacet
 facet normal 0.0030358334 0.051285328 0.99867943
  outer loop
   vertex -0.084684731 0.0018379847 0.025866573
   vertex -0.08370598 0.0027046524 0.025819091
   vertex -0.084727479 0.0027092708 0.025821059
  endloop
 endfacet
 facet normal -1.6697953e-06 -0.99862954 0.052335933
  outer loop
   vertex -0.085729084 0.0036554829 0.026714153
   vertex -0.085714286 0.0036062449 0.025774637
   vertex -0.084821429 0.0036062465 0.025774695
  endloop
 endfacet
 facet normal -1.6697953e-06 -0.99862954 0.052335933
  outer loop
   vertex -0.085729084 0.0036554829 0.026714153
   vertex -0.084821429 0.0036062465 0.025774695
   vertex -0.084840757 0.0036554497 0.026713698
  endloop
 endfacet
 facet normal -4.4793359e-05 -0.99863002 0.052326743
  outer loop
   vertex -0.083966377 0.0036558124 0.026721368
   vertex -0.084840757 0.0036554497 0.026713698
   vertex -0.084821429 0.0036062465 0.025774695
  endloop
 endfacet
 facet normal -4.4793359e-05 -0.99863002 0.052326743
  outer loop
   vertex -0.083966377 0.0036558124 0.026721368
   vertex -0.084821429 0.0036062465 0.025774695
   vertex -0.083928571 0.00360625 0.025774827
  endloop
 endfacet
 facet normal 2.1500853e-05 -0.99862954 0.052335821
  outer loop
   vertex -0.082410972 0.0036612392 0.026823983
   vertex -0.082410975 0.0037063302 0.027684373
   vertex -0.083149191 0.0037040342 0.027640865
  endloop
 endfacet
 facet normal 2.1500853e-05 -0.99862954 0.052335821
  outer loop
   vertex -0.082410972 0.0036612392 0.026823983
   vertex -0.083149191 0.0037040342 0.027640865
   vertex -0.083124121 0.003657108 0.026747831
  endloop
 endfacet
 facet normal -1.1943233e-05 -0.99862921 0.052342087
  outer loop
   vertex -0.083992733 0.0037511002 0.028538641
   vertex -0.08398544 0.003702894 0.027618922
   vertex -0.083149191 0.0037040342 0.027640865
  endloop
 endfacet
 facet normal -1.1943233e-05 -0.99862921 0.052342087
  outer loop
   vertex -0.083992733 0.0037511002 0.028538641
   vertex -0.083149191 0.0037040342 0.027640865
   vertex -0.083156894 0.0037517288 0.028550637
  endloop
 endfacet
 facet normal -0.00011245491 -0.99862242 0.052471358
  outer loop
   vertex -0.083966377 0.0036558124 0.026721368
   vertex -0.083124121 0.003657108 0.026747831
   vertex -0.083149191 0.0037040342 0.027640865
  endloop
 endfacet
 facet normal -0.00011245491 -0.99862242 0.052471358
  outer loop
   vertex -0.083966377 0.0036558124 0.026721368
   vertex -0.083149191 0.0037040342 0.027640865
   vertex -0.08398544 0.003702894 0.027618922
  endloop
 endfacet
 facet normal 0.011113044 0.084713166 0.9963434
  outer loop
   vertex -0.082984212 -0.005379352 0.026261556
   vertex -0.082898794 -0.0046369269 0.026197479
   vertex -0.083882324 -0.0045838616 0.026203938
  endloop
 endfacet
 facet normal 0.011113044 0.084713166 0.9963434
  outer loop
   vertex -0.082984212 -0.005379352 0.026261556
   vertex -0.083882324 -0.0045838616 0.026203938
   vertex -0.083896465 -0.0054570288 0.026252499
  endloop
 endfacet
 facet normal 0.00051312781 0.99870946 -0.050785348
  outer loop
   vertex -0.084837098 -0.0063441231 0.026986933
   vertex -0.083964016 -0.0063451517 0.026975526
   vertex -0.083933755 -0.0063796216 0.026297971
  endloop
 endfacet
 facet normal 0.00051312781 0.99870946 -0.050785348
  outer loop
   vertex -0.084837098 -0.0063441231 0.026986933
   vertex -0.083933755 -0.0063796216 0.026297971
   vertex -0.084821473 -0.0063799404 0.026297991
  endloop
 endfacet
 facet normal -0.002497771 0.049327303 0.99877954
  outer loop
   vertex -0.083933755 -0.0063796216 0.026297971
   vertex -0.083896465 -0.0054570288 0.026252499
   vertex -0.084809123 -0.0054710262 0.026250908
  endloop
 endfacet
 facet normal -0.002497771 0.049327303 0.99877954
  outer loop
   vertex -0.083933755 -0.0063796216 0.026297971
   vertex -0.084809123 -0.0054710262 0.026250908
   vertex -0.084821473 -0.0063799404 0.026297991
  endloop
 endfacet
 facet normal 0.0012692633 0.99859884 -0.052903244
  outer loop
   vertex -0.083160483 -0.0063484743 0.026932087
   vertex -0.083964016 -0.0063451517 0.026975526
   vertex -0.083977723 -0.0063045044 0.027742455
  endloop
 endfacet
 facet normal 0.0012692633 0.99859884 -0.052903244
  outer loop
   vertex -0.083160483 -0.0063484743 0.026932087
   vertex -0.083977723 -0.0063045044 0.027742455
   vertex -0.083174146 -0.0063057929 0.027722718
  endloop
 endfacet
 facet normal 0.00012858863 0.052736508 0.99860845
  outer loop
   vertex -0.083882324 -0.0045838616 0.026203938
   vertex -0.084807894 -0.0045682706 0.026203234
   vertex -0.084809123 -0.0054710262 0.026250908
  endloop
 endfacet
 facet normal 0.00012858863 0.052736508 0.99860845
  outer loop
   vertex -0.083882324 -0.0045838616 0.026203938
   vertex -0.084809123 -0.0054710262 0.026250908
   vertex -0.083896465 -0.0054570288 0.026252499
  endloop
 endfacet
 facet normal 0.0013863239 0.99871061 -0.050746408
  outer loop
   vertex -0.083933755 -0.0063796216 0.026297971
   vertex -0.083964016 -0.0063451517 0.026975526
   vertex -0.083160483 -0.0063484743 0.026932087
  endloop
 endfacet
 facet normal 0.0013863239 0.99871061 -0.050746408
  outer loop
   vertex -0.083933755 -0.0063796216 0.026297971
   vertex -0.083160483 -0.0063484743 0.026932087
   vertex -0.083085515 -0.0063788003 0.026297921
  endloop
 endfacet
 facet normal -0.014154429 0.049792523 0.99865928
  outer loop
   vertex -0.082984212 -0.005379352 0.026261556
   vertex -0.083896465 -0.0054570288 0.026252499
   vertex -0.083933755 -0.0063796216 0.026297971
  endloop
 endfacet
 facet normal -0.014154429 0.049792523 0.99865928
  outer loop
   vertex -0.082984212 -0.005379352 0.026261556
   vertex -0.083933755 -0.0063796216 0.026297971
   vertex -0.083085515 -0.0063788003 0.026297921
  endloop
 endfacet
 facet normal -6.4582627e-16 0.052336044 0.99862953
  outer loop
   vertex -0.088410981 -0.005318205 0.026242349
   vertex -0.087491605 -0.0054121508 0.026247272
   vertex -0.087521246 -0.0045103941 0.026200013
  endloop
 endfacet
 facet normal -6.4582627e-16 0.052336044 0.99862953
  outer loop
   vertex -0.088410981 -0.005318205 0.026242349
   vertex -0.087521246 -0.0045103941 0.026200013
   vertex -0.088410981 -0.0044358298 0.026196105
  endloop
 endfacet
 facet normal -1.6683241e-15 0.99862953 -0.052335952
  outer loop
   vertex -0.087450646 -0.0063800504 0.026297998
   vertex -0.087491019 -0.0063466853 0.026934642
   vertex -0.086625683 -0.0063445297 0.026975773
  endloop
 endfacet
 facet normal -1.6683241e-15 0.99862953 -0.052335952
  outer loop
   vertex -0.087450646 -0.0063800504 0.026297998
   vertex -0.086625683 -0.0063445297 0.026975773
   vertex -0.086602157 -0.0063800504 0.026297998
  endloop
 endfacet
 facet normal -4.7096451e-17 0.052336044 0.99862953
  outer loop
   vertex -0.086610919 -0.0054548946 0.026249512
   vertex -0.087491605 -0.0054121508 0.026247272
   vertex -0.087450646 -0.0063800504 0.026297998
  endloop
 endfacet
 facet normal -4.7096451e-17 0.052336044 0.99862953
  outer loop
   vertex -0.086610919 -0.0054548946 0.026249512
   vertex -0.087450646 -0.0063800504 0.026297998
   vertex -0.086602157 -0.0063800504 0.026297998
  endloop
 endfacet
 facet normal 1.0377631e-15 0.99862953 -0.052335952
  outer loop
   vertex -0.087516681 -0.0063051921 0.027726381
   vertex -0.087491019 -0.0063466853 0.026934642
   vertex -0.088410981 -0.0063547305 0.026781131
  endloop
 endfacet
 facet normal 1.0377631e-15 0.99862953 -0.052335952
  outer loop
   vertex -0.087516681 -0.0063051921 0.027726381
   vertex -0.088410981 -0.0063547305 0.026781131
   vertex -0.088410981 -0.0063067911 0.027695869
  endloop
 endfacet
 facet normal -5.0006807e-17 0.052336044 0.99862953
  outer loop
   vertex -0.087521246 -0.0045103941 0.026200013
   vertex -0.087491605 -0.0054121508 0.026247272
   vertex -0.086610919 -0.0054548946 0.026249512
  endloop
 endfacet
 facet normal -5.0006807e-17 0.052336044 0.99862953
  outer loop
   vertex -0.087521246 -0.0045103941 0.026200013
   vertex -0.086610919 -0.0054548946 0.026249512
   vertex -0.08662006 -0.0045432132 0.026201733
  endloop
 endfacet
 facet normal 0 0.99862953 -0.052335952
  outer loop
   vertex -0.087450646 -0.0063800504 0.026297998
   vertex -0.088410981 -0.0063800504 0.026297998
   vertex -0.088410981 -0.0063547305 0.026781131
  endloop
 endfacet
 facet normal 0 0.99862953 -0.052335952
  outer loop
   vertex -0.087450646 -0.0063800504 0.026297998
   vertex -0.088410981 -0.0063547305 0.026781131
   vertex -0.087491019 -0.0063466853 0.026934642
  endloop
 endfacet
 facet normal -6.4143335e-16 0.052336044 0.99862953
  outer loop
   vertex -0.087450646 -0.0063800504 0.026297998
   vertex -0.087491605 -0.0054121508 0.026247272
   vertex -0.088410981 -0.005318205 0.026242349
  endloop
 endfacet
 facet normal -6.4143335e-16 0.052336044 0.99862953
  outer loop
   vertex -0.087450646 -0.0063800504 0.026297998
   vertex -0.088410981 -0.005318205 0.026242349
   vertex -0.088410981 -0.0063800504 0.026297998
  endloop
 endfacet
 facet normal 5.154271e-16 0.99862953 -0.052335952
  outer loop
   vertex -0.088410981 -0.006167101 0.030361316
   vertex -0.087543372 -0.0061674497 0.030354663
   vertex -0.087538241 -0.0062138831 0.029468661
  endloop
 endfacet
 facet normal 5.154271e-16 0.99862953 -0.052335952
  outer loop
   vertex -0.088410981 -0.006167101 0.030361316
   vertex -0.087538241 -0.0062138831 0.029468661
   vertex -0.088410981 -0.0062137655 0.029470904
  endloop
 endfacet
 facet normal 0.77150397 0.63535259 -0.033297416
  outer loop
   vertex -0.088410981 -0.006167101 0.030361316
   vertex -0.088410981 -0.0062137655 0.029470904
   vertex -0.089410976 -0.0049999999 0.029460973
  endloop
 endfacet
 facet normal 0.77150397 0.63535259 -0.033297416
  outer loop
   vertex -0.088410981 -0.006167101 0.030361316
   vertex -0.089410976 -0.0049999999 0.029460973
   vertex -0.089410976 -0.0049999999 0.0303529
  endloop
 endfacet
 facet normal -1.6827008e-16 0.99862953 -0.052335952
  outer loop
   vertex -0.086660914 -0.00616756 0.030352557
   vertex -0.087543372 -0.0061674497 0.030354663
   vertex -0.087547756 -0.0061208709 0.031243438
  endloop
 endfacet
 facet normal -1.6827008e-16 0.99862953 -0.052335952
  outer loop
   vertex -0.086660914 -0.00616756 0.030352557
   vertex -0.087547756 -0.0061208709 0.031243438
   vertex -0.086664066 -0.0061210398 0.031240216
  endloop
 endfacet
 facet normal -5.67445e-16 0.99862953 -0.052335952
  outer loop
   vertex -0.088410981 -0.006167101 0.030361316
   vertex -0.088410981 -0.0061204365 0.031251727
   vertex -0.087547756 -0.0061208709 0.031243438
  endloop
 endfacet
 facet normal -5.67445e-16 0.99862953 -0.052335952
  outer loop
   vertex -0.088410981 -0.006167101 0.030361316
   vertex -0.087547756 -0.0061208709 0.031243438
   vertex -0.087543372 -0.0061674497 0.030354663
  endloop
 endfacet
 facet normal -0.00038554742 0.99860121 -0.052872341
  outer loop
   vertex -0.087553152 -0.0059332858 0.034807608
   vertex -0.087557303 -0.0059805243 0.033915443
   vertex -0.088410523 -0.0059804556 0.033922963
  endloop
 endfacet
 facet normal -0.00038554742 0.99860121 -0.052872341
  outer loop
   vertex -0.087553152 -0.0059332858 0.034807608
   vertex -0.088410523 -0.0059804556 0.033922963
   vertex -0.08840728 -0.0059340309 0.034813387
  endloop
 endfacet
 facet normal 0.00025595991 0.9986163 -0.052587307
  outer loop
   vertex -0.087555388 -0.0060274637 0.033024089
   vertex -0.087557303 -0.0059805243 0.033915443
   vertex -0.086670492 -0.0059808866 0.033912881
  endloop
 endfacet
 facet normal 0.00025595991 0.9986163 -0.052587307
  outer loop
   vertex -0.087555388 -0.0060274637 0.033024089
   vertex -0.086670492 -0.0059808866 0.033912881
   vertex -0.086669383 -0.0060276994 0.033020768
  endloop
 endfacet
 facet normal -0.00038304617 0.99861618 -0.052588674
  outer loop
   vertex -0.088410523 -0.0059804556 0.033922963
   vertex -0.087557303 -0.0059805243 0.033915443
   vertex -0.087555388 -0.0060274637 0.033024089
  endloop
 endfacet
 facet normal -0.00038304617 0.99861618 -0.052588674
  outer loop
   vertex -0.088410523 -0.0059804556 0.033922963
   vertex -0.087555388 -0.0060274637 0.033024089
   vertex -0.088410894 -0.0060271085 0.03303255
  endloop
 endfacet
 facet normal -1.1230731e-06 -0.99863006 0.05232595
  outer loop
   vertex -0.085686513 0.0040847621 0.034905289
   vertex -0.086616248 0.0040845805 0.034901803
   vertex -0.086631841 0.0040451148 0.034148608
  endloop
 endfacet
 facet normal -1.1230731e-06 -0.99863006 0.05232595
  outer loop
   vertex -0.085686513 0.0040847621 0.034905289
   vertex -0.086631841 0.0040451148 0.034148608
   vertex -0.085712546 0.0040453894 0.034153999
  endloop
 endfacet
 facet normal -3.9855229e-07 -0.99863001 0.052326885
  outer loop
   vertex -0.086607275 0.0041284425 0.035738761
   vertex -0.08752652 0.0041285046 0.035739939
   vertex -0.087530321 0.004084314 0.034896585
  endloop
 endfacet
 facet normal -3.9855229e-07 -0.99863001 0.052326885
  outer loop
   vertex -0.086607275 0.0041284425 0.035738761
   vertex -0.087530321 0.004084314 0.034896585
   vertex -0.086616248 0.0040845805 0.034901803
  endloop
 endfacet
 facet normal 3.1330578e-08 -0.99863001 0.052326883
  outer loop
   vertex -0.087530321 0.004084314 0.034896585
   vertex -0.08752652 0.0041285046 0.035739939
   vertex -0.088410979 0.0041287373 0.035744381
  endloop
 endfacet
 facet normal 3.1330578e-08 -0.99863001 0.052326883
  outer loop
   vertex -0.087530321 0.004084314 0.034896585
   vertex -0.088410979 0.0041287373 0.035744381
   vertex -0.08841096 0.0040833929 0.034879102
  endloop
 endfacet
 facet normal 8.5424496e-16 0.99862953 -0.052335952
  outer loop
   vertex -0.083979146 -0.0062138844 0.029468635
   vertex -0.083975881 -0.0061675793 0.030352188
   vertex -0.083161614 -0.0061674659 0.030354352
  endloop
 endfacet
 facet normal 8.5424496e-16 0.99862953 -0.052335952
  outer loop
   vertex -0.083979146 -0.0062138844 0.029468635
   vertex -0.083161614 -0.0061674659 0.030354352
   vertex -0.083167598 -0.0062139311 0.029467744
  endloop
 endfacet
 facet normal 2.807419e-16 0.99862953 -0.052335952
  outer loop
   vertex -0.083972183 -0.00612105 0.031240021
   vertex -0.083975881 -0.0061675793 0.030352188
   vertex -0.084850805 -0.0061675798 0.03035218
  endloop
 endfacet
 facet normal 2.807419e-16 0.99862953 -0.052335952
  outer loop
   vertex -0.083972183 -0.00612105 0.031240021
   vertex -0.084850805 -0.0061675798 0.03035218
   vertex -0.084849575 -0.0061210841 0.03123937
  endloop
 endfacet
 facet normal 8.5212823e-16 0.99862953 -0.052335952
  outer loop
   vertex -0.083161614 -0.0061674659 0.030354352
   vertex -0.083975881 -0.0061675793 0.030352188
   vertex -0.083972183 -0.00612105 0.031240021
  endloop
 endfacet
 facet normal 8.5212823e-16 0.99862953 -0.052335952
  outer loop
   vertex -0.083161614 -0.0061674659 0.030354352
   vertex -0.083972183 -0.00612105 0.031240021
   vertex -0.083155503 -0.0061208752 0.031243356
  endloop
 endfacet
 facet normal 6.1610803e-06 0.99863007 -0.052325775
  outer loop
   vertex -0.08314411 -0.0059808718 0.033914909
   vertex -0.083963582 -0.0059809879 0.033912596
   vertex -0.08396179 -0.0059341759 0.034805997
  endloop
 endfacet
 facet normal 6.1610803e-06 0.99863007 -0.052325775
  outer loop
   vertex -0.08314411 -0.0059808718 0.033914909
   vertex -0.08396179 -0.0059341759 0.034805997
   vertex -0.083142724 -0.0059341486 0.034807119
  endloop
 endfacet
 facet normal 4.7855601e-06 0.99862963 -0.052334168
  outer loop
   vertex -0.084845892 -0.0059810076 0.033912138
   vertex -0.083963582 -0.0059809879 0.033912596
   vertex -0.083965952 -0.0060277391 0.033020499
  endloop
 endfacet
 facet normal 4.7855601e-06 0.99862963 -0.052334168
  outer loop
   vertex -0.084845892 -0.0059810076 0.033912138
   vertex -0.083965952 -0.0060277391 0.033020499
   vertex -0.084847181 -0.0060277756 0.033019803
  endloop
 endfacet
 facet normal -2.7607189e-08 0.99862993 -0.052328479
  outer loop
   vertex -0.08314411 -0.0059808718 0.033914909
   vertex -0.083146665 -0.0060275809 0.033023517
   vertex -0.083965952 -0.0060277391 0.033020499
  endloop
 endfacet
 facet normal -2.7607189e-08 0.99862993 -0.052328479
  outer loop
   vertex -0.08314411 -0.0059808718 0.033914909
   vertex -0.083965952 -0.0060277391 0.033020499
   vertex -0.083963582 -0.0059809879 0.033912596
  endloop
 endfacet
 facet normal 2.8878243e-05 -0.99862796 0.052365948
  outer loop
   vertex -0.084793464 0.0040455934 0.034157842
   vertex -0.084737489 0.0040850585 0.034910418
   vertex -0.085686513 0.0040847621 0.034905289
  endloop
 endfacet
 facet normal 2.8878243e-05 -0.99862796 0.052365948
  outer loop
   vertex -0.084793464 0.0040455934 0.034157842
   vertex -0.085686513 0.0040847621 0.034905289
   vertex -0.085712546 0.0040453894 0.034153999
  endloop
 endfacet
 facet normal 2.8216885e-06 -0.9986295 0.052336618
  outer loop
   vertex -0.084793464 0.0040455934 0.034157842
   vertex -0.085712546 0.0040453894 0.034153999
   vertex -0.085744189 0.0039813987 0.032933001
  endloop
 endfacet
 facet normal 2.8216885e-06 -0.9986295 0.052336618
  outer loop
   vertex -0.084793464 0.0040455934 0.034157842
   vertex -0.085744189 0.0039813987 0.032933001
   vertex -0.084850145 0.0039814137 0.032933284
  endloop
 endfacet
 facet normal 0.00030510353 -0.99862717 0.052380212
  outer loop
   vertex -0.084692802 0.0041288243 0.035744552
   vertex -0.084737489 0.0040850585 0.034910418
   vertex -0.083755981 0.0040858718 0.034920206
  endloop
 endfacet
 facet normal 0.00030510353 -0.99862717 0.052380212
  outer loop
   vertex -0.084692802 0.0041288243 0.035744552
   vertex -0.083755981 0.0040858718 0.034920206
   vertex -0.083670118 0.0041301081 0.035753345
  endloop
 endfacet
 facet normal 3.3334485e-05 -0.99862947 0.052337111
  outer loop
   vertex -0.083880772 0.00404578 0.034160822
   vertex -0.084793464 0.0040455934 0.034157842
   vertex -0.084850145 0.0039814137 0.032933284
  endloop
 endfacet
 facet normal 3.3334485e-05 -0.99862947 0.052337111
  outer loop
   vertex -0.083880772 0.00404578 0.034160822
   vertex -0.084850145 0.0039814137 0.032933284
   vertex -0.083977812 0.0039814251 0.032933501
  endloop
 endfacet
 facet normal 0.062434839 -0.74662562 0.66230814
  outer loop
   vertex -0.083016766 0.0040457191 0.034157311
   vertex -0.082410973 0.0040423757 0.034096435
   vertex -0.081565271 0.0048462981 0.03492298
  endloop
 endfacet
 facet normal 0.062434839 -0.74662562 0.66230814
  outer loop
   vertex -0.083016766 0.0040457191 0.034157311
   vertex -0.081565271 0.0048462981 0.03492298
   vertex -0.082421829 0.0040893588 0.034943156
  endloop
 endfacet
 facet normal 0.0010196022 -0.99859842 0.05291645
  outer loop
   vertex -0.082425784 0.0041320059 0.035765183
   vertex -0.083670118 0.0041301081 0.035753345
   vertex -0.083755981 0.0040858718 0.034920206
  endloop
 endfacet
 facet normal 0.0010196022 -0.99859842 0.05291645
  outer loop
   vertex -0.082425784 0.0041320059 0.035765183
   vertex -0.083755981 0.0040858718 0.034920206
   vertex -0.082421829 0.0040893588 0.034943156
  endloop
 endfacet
 facet normal 0.00040856134 0.99862336 -0.052452137
  outer loop
   vertex -0.087506454 -0.0056054796 0.041077827
   vertex -0.087503261 -0.0056522933 0.040186578
   vertex -0.08841098 -0.0056518483 0.040187979
  endloop
 endfacet
 facet normal 0.00040856134 0.99862336 -0.052452137
  outer loop
   vertex -0.087506454 -0.0056054796 0.041077827
   vertex -0.08841098 -0.0056518483 0.040187979
   vertex -0.088410981 -0.0056054275 0.041078404
  endloop
 endfacet
 facet normal 0.0019342738 0.99869954 -0.050945829
  outer loop
   vertex -0.087500882 -0.0056987848 0.039302429
   vertex -0.088410974 -0.0056971392 0.039300135
   vertex -0.08841098 -0.0056518483 0.040187979
  endloop
 endfacet
 facet normal 0.0019342738 0.99869954 -0.050945829
  outer loop
   vertex -0.087500882 -0.0056987848 0.039302429
   vertex -0.08841098 -0.0056518483 0.040187979
   vertex -0.087503261 -0.0056522933 0.040186578
  endloop
 endfacet
 facet normal 0.0086264437 0.99972088 -0.021994077
  outer loop
   vertex -0.088410618 -0.0057554873 0.037513902
   vertex -0.088410938 -0.0057354535 0.038424395
   vertex -0.087504179 -0.0057422999 0.038468842
  endloop
 endfacet
 facet normal 0.0086264437 0.99972088 -0.021994077
  outer loop
   vertex -0.088410618 -0.0057554873 0.037513902
   vertex -0.087504179 -0.0057422999 0.038468842
   vertex -0.087448247 -0.0058129749 0.037242236
  endloop
 endfacet
 facet normal 0.0086264437 0.99972088 -0.021994077
  outer loop
   vertex -0.088410618 -0.0057554873 0.037513902
   vertex -0.087448247 -0.0058129749 0.037242236
   vertex -0.088079562 -0.0058659839 0.037197156
  endloop
 endfacet
 facet normal 0.010096966 0.99858726 -0.05216843
  outer loop
   vertex -0.087500882 -0.0056987848 0.039302429
   vertex -0.087504179 -0.0057422999 0.038468842
   vertex -0.088410938 -0.0057354535 0.038424395
  endloop
 endfacet
 facet normal 0.010096966 0.99858726 -0.05216843
  outer loop
   vertex -0.087500882 -0.0056987848 0.039302429
   vertex -0.088410938 -0.0057354535 0.038424395
   vertex -0.088410974 -0.0056971392 0.039300135
  endloop
 endfacet
 facet normal -0.079823692 0.99541894 -0.052624205
  outer loop
   vertex -0.088079562 -0.0058659839 0.037197156
   vertex -0.087448247 -0.0058129749 0.037242236
   vertex -0.087454235 -0.0058514203 0.036524101
  endloop
 endfacet
 facet normal -0.079823692 0.99541894 -0.052624205
  outer loop
   vertex -0.088079562 -0.0058659839 0.037197156
   vertex -0.087454235 -0.0058514203 0.036524101
   vertex -0.088120586 -0.0058983108 0.036547522
  endloop
 endfacet
 facet normal 0.55501856 0.8283342 -0.076268316
  outer loop
   vertex -0.088079562 -0.0058659839 0.037197156
   vertex -0.088120586 -0.0058983108 0.036547522
   vertex -0.089150124 -0.0052013766 0.036624637
  endloop
 endfacet
 facet normal 0.55501856 0.8283342 -0.076268316
  outer loop
   vertex -0.088079562 -0.0058659839 0.037197156
   vertex -0.089150124 -0.0052013766 0.036624637
   vertex -0.089153254 -0.0051777175 0.037514739
  endloop
 endfacet
 facet normal 0.55501856 0.8283342 -0.076268316
  outer loop
   vertex -0.088079562 -0.0058659839 0.037197156
   vertex -0.089153254 -0.0051777175 0.037514739
   vertex -0.088410618 -0.0057554873 0.037513902
  endloop
 endfacet
 facet normal 9.9631061e-16 -0.99862953 0.052335957
  outer loop
   vertex -0.088410981 0.0043152316 0.039302908
   vertex -0.087534681 0.004315133 0.039301028
   vertex -0.087536529 0.0043617968 0.040191427
  endloop
 endfacet
 facet normal 9.9631061e-16 -0.99862953 0.052335957
  outer loop
   vertex -0.088410981 0.0043152316 0.039302908
   vertex -0.087536529 0.0043617968 0.040191427
   vertex -0.088410981 0.0043618961 0.04019332
  endloop
 endfacet
 facet normal -5.7459081e-16 -0.99862953 0.052335957
  outer loop
   vertex -0.087536529 0.0043617968 0.040191427
   vertex -0.087534681 0.004315133 0.039301028
   vertex -0.086604679 0.0043151367 0.039301098
  endloop
 endfacet
 facet normal -5.7459081e-16 -0.99862953 0.052335957
  outer loop
   vertex -0.087536529 0.0043617968 0.040191427
   vertex -0.086604679 0.0043151367 0.039301098
   vertex -0.086605538 0.0043618031 0.040191546
  endloop
 endfacet
 facet normal -3.8684618e-17 -0.99862953 0.052335957
  outer loop
   vertex -0.085647133 0.0043618821 0.040193054
   vertex -0.085646905 0.0044085352 0.041083248
   vertex -0.086606398 0.004408463 0.041081871
  endloop
 endfacet
 facet normal -3.8684618e-17 -0.99862953 0.052335957
  outer loop
   vertex -0.085647133 0.0043618821 0.040193054
   vertex -0.086606398 0.004408463 0.041081871
   vertex -0.086605538 0.0043618031 0.040191546
  endloop
 endfacet
 facet normal 9.9913012e-16 -0.99862953 0.052335957
  outer loop
   vertex -0.08753247 0.0042684563 0.038410384
   vertex -0.087534681 0.004315133 0.039301028
   vertex -0.088410981 0.0043152316 0.039302908
  endloop
 endfacet
 facet normal 9.9913012e-16 -0.99862953 0.052335957
  outer loop
   vertex -0.08753247 0.0042684563 0.038410384
   vertex -0.088410981 0.0043152316 0.039302908
   vertex -0.088410981 0.0042685652 0.038412462
  endloop
 endfacet
 facet normal -3.8740464e-07 -0.99862956 0.052335556
  outer loop
   vertex -0.087527698 0.004174981 0.036626768
   vertex -0.08752652 0.0041285046 0.035739939
   vertex -0.086607275 0.0041284425 0.035738761
  endloop
 endfacet
 facet normal -3.8740464e-07 -0.99862956 0.052335556
  outer loop
   vertex -0.087527698 0.004174981 0.036626768
   vertex -0.086607275 0.0041284425 0.035738761
   vertex -0.086603804 0.0041748855 0.036624946
  endloop
 endfacet
 facet normal 2.3269376e-16 -0.99862953 0.052335957
  outer loop
   vertex -0.085654596 0.0041749397 0.03662598
   vertex -0.085649848 0.004221775 0.037519651
   vertex -0.086603207 0.004221705 0.037518315
  endloop
 endfacet
 facet normal 2.3269376e-16 -0.99862953 0.052335957
  outer loop
   vertex -0.085654596 0.0041749397 0.03662598
   vertex -0.086603207 0.004221705 0.037518315
   vertex -0.086603804 0.0041748855 0.036624946
  endloop
 endfacet
 facet normal 7.5009183e-08 -0.99862956 0.052335557
  outer loop
   vertex -0.088410979 0.0041287373 0.035744381
   vertex -0.08752652 0.0041285046 0.035739939
   vertex -0.087527698 0.004174981 0.036626768
  endloop
 endfacet
 facet normal 7.5009183e-08 -0.99862956 0.052335557
  outer loop
   vertex -0.088410979 0.0041287373 0.035744381
   vertex -0.087527698 0.004174981 0.036626768
   vertex -0.088410981 0.0041752381 0.036631674
  endloop
 endfacet
 facet normal -5.7326415e-16 -0.99862953 0.052335957
  outer loop
   vertex -0.086604679 0.0043151367 0.039301098
   vertex -0.087534681 0.004315133 0.039301028
   vertex -0.08753247 0.0042684563 0.038410384
  endloop
 endfacet
 facet normal -5.7326415e-16 -0.99862953 0.052335957
  outer loop
   vertex -0.086604679 0.0043151367 0.039301098
   vertex -0.08753247 0.0042684563 0.038410384
   vertex -0.086603798 0.0042684474 0.038410212
  endloop
 endfacet
 facet normal 2.4009677e-16 -0.99862953 0.052335957
  outer loop
   vertex -0.086603207 0.004221705 0.037518315
   vertex -0.085649848 0.004221775 0.037519651
   vertex -0.085648134 0.0042685284 0.038411758
  endloop
 endfacet
 facet normal 2.4009677e-16 -0.99862953 0.052335957
  outer loop
   vertex -0.086603207 0.004221705 0.037518315
   vertex -0.085648134 0.0042685284 0.038411758
   vertex -0.086603798 0.0042684474 0.038410212
  endloop
 endfacet
 facet normal 0.00012426858 0.99859417 -0.053006235
  outer loop
   vertex -0.084023984 -0.0056052691 0.04108226
   vertex -0.08319162 -0.0056050993 0.04108741
   vertex -0.083219747 -0.00565268 0.040190962
  endloop
 endfacet
 facet normal 0.00012426858 0.99859417 -0.053006235
  outer loop
   vertex -0.084023984 -0.0056052691 0.04108226
   vertex -0.083219747 -0.00565268 0.040190962
   vertex -0.084040568 -0.0056521929 0.040189545
  endloop
 endfacet
 facet normal -0.012637269 0.99848102 -0.05362795
  outer loop
   vertex -0.082410137 -0.0056892993 0.039318378
   vertex -0.083225271 -0.0057000715 0.039309897
   vertex -0.083219747 -0.00565268 0.040190962
  endloop
 endfacet
 facet normal -0.012637269 0.99848102 -0.05362795
  outer loop
   vertex -0.082410137 -0.0056892993 0.039318378
   vertex -0.083219747 -0.00565268 0.040190962
   vertex -0.082410804 -0.0056479593 0.040199776
  endloop
 endfacet
 facet normal 0.00068342764 0.99861604 -0.052588292
  outer loop
   vertex -0.084043557 -0.0056985863 0.039308527
   vertex -0.084040568 -0.0056521929 0.040189545
   vertex -0.083219747 -0.00565268 0.040190962
  endloop
 endfacet
 facet normal 0.00068342764 0.99861604 -0.052588292
  outer loop
   vertex -0.084043557 -0.0056985863 0.039308527
   vertex -0.083219747 -0.00565268 0.040190962
   vertex -0.083225271 -0.0057000715 0.039309897
  endloop
 endfacet
 facet normal -0.0052947467 0.99878493 -0.048996212
  outer loop
   vertex -0.082410899 -0.0056036125 0.041103792
   vertex -0.082410804 -0.0056479593 0.040199776
   vertex -0.083219747 -0.00565268 0.040190962
  endloop
 endfacet
 facet normal -0.0052947467 0.99878493 -0.048996212
  outer loop
   vertex -0.082410899 -0.0056036125 0.041103792
   vertex -0.083219747 -0.00565268 0.040190962
   vertex -0.08319162 -0.0056050993 0.04108741
  endloop
 endfacet
 facet normal 0.0046267627 0.99868564 -0.051044992
  outer loop
   vertex -0.084035181 -0.0057412249 0.038499257
   vertex -0.083210127 -0.0057458985 0.038482602
   vertex -0.083145261 -0.0058088094 0.037257643
  endloop
 endfacet
 facet normal 0.0046267627 0.99868564 -0.051044992
  outer loop
   vertex -0.084035181 -0.0057412249 0.038499257
   vertex -0.083145261 -0.0058088094 0.037257643
   vertex -0.083979074 -0.005805555 0.037271286
  endloop
 endfacet
 facet normal -0.063316127 0.99796913 -0.0069779984
  outer loop
   vertex -0.082410137 -0.0056892993 0.039318378
   vertex -0.082401957 -0.0056949396 0.038437506
   vertex -0.083210127 -0.0057458985 0.038482602
  endloop
 endfacet
 facet normal -0.063316127 0.99796913 -0.0069779984
  outer loop
   vertex -0.082410137 -0.0056892993 0.039318378
   vertex -0.083210127 -0.0057458985 0.038482602
   vertex -0.083225271 -0.0057000715 0.039309897
  endloop
 endfacet
 facet normal 0.0019048337 0.9984694 -0.055274159
  outer loop
   vertex -0.084043557 -0.0056985863 0.039308527
   vertex -0.083225271 -0.0057000715 0.039309897
   vertex -0.083210127 -0.0057458985 0.038482602
  endloop
 endfacet
 facet normal 0.0019048337 0.9984694 -0.055274159
  outer loop
   vertex -0.084043557 -0.0056985863 0.039308527
   vertex -0.083210127 -0.0057458985 0.038482602
   vertex -0.084035181 -0.0057412249 0.038499257
  endloop
 endfacet
 facet normal 0.003047484 0.99864457 -0.051958975
  outer loop
   vertex -0.083965147 -0.0058445323 0.036522966
   vertex -0.083979074 -0.005805555 0.037271286
   vertex -0.083145261 -0.0058088094 0.037257643
  endloop
 endfacet
 facet normal 0.003047484 0.99864457 -0.051958975
  outer loop
   vertex -0.083965147 -0.0058445323 0.036522966
   vertex -0.083145261 -0.0058088094 0.037257643
   vertex -0.083145188 -0.005846149 0.036524268
  endloop
 endfacet
 facet normal -0.0087837675 0.97379147 -0.22727302
  outer loop
   vertex -0.082391827 -0.0057355301 0.037542502
   vertex -0.082417182 -0.0058113277 0.037218713
   vertex -0.083145261 -0.0058088094 0.037257643
  endloop
 endfacet
 facet normal -0.0087837675 0.97379147 -0.22727302
  outer loop
   vertex -0.082391827 -0.0057355301 0.037542502
   vertex -0.083145261 -0.0058088094 0.037257643
   vertex -0.083210127 -0.0057458985 0.038482602
  endloop
 endfacet
 facet normal -0.0087837675 0.97379147 -0.22727302
  outer loop
   vertex -0.082391827 -0.0057355301 0.037542502
   vertex -0.083210127 -0.0057458985 0.038482602
   vertex -0.082401957 -0.0056949396 0.038437506
  endloop
 endfacet
 facet normal 0.001084821 -0.99868471 0.051260742
  outer loop
   vertex -0.082437008 0.0043195783 0.039321199
   vertex -0.082432918 0.0043652208 0.04021034
   vertex -0.083615008 0.0043635323 0.04020246
  endloop
 endfacet
 facet normal 0.001084821 -0.99868471 0.051260742
  outer loop
   vertex -0.082437008 0.0043195783 0.039321199
   vertex -0.083615008 0.0043635323 0.04020246
   vertex -0.083624341 0.0043169587 0.039312743
  endloop
 endfacet
 facet normal 0.24918418 -0.96844204 0.0052205275
  outer loop
   vertex -0.08154989 0.0046324808 0.040210902
   vertex -0.081538678 0.0046401611 0.041100487
   vertex -0.082429098 0.0044110463 0.041099348
  endloop
 endfacet
 facet normal 0.24918418 -0.96844204 0.0052205275
  outer loop
   vertex -0.08154989 0.0046324808 0.040210902
   vertex -0.082429098 0.0044110463 0.041099348
   vertex -0.082432918 0.0043652208 0.04021034
  endloop
 endfacet
 facet normal 0.0010746975 -0.99863274 0.052263709
  outer loop
   vertex -0.08465602 0.0043155132 0.039306339
   vertex -0.083624341 0.0043169587 0.039312743
   vertex -0.083615008 0.0043635323 0.04020246
  endloop
 endfacet
 facet normal 0.0010746975 -0.99863274 0.052263709
  outer loop
   vertex -0.08465602 0.0043155132 0.039306339
   vertex -0.083615008 0.0043635323 0.04020246
   vertex -0.084653144 0.0043621571 0.040196484
  endloop
 endfacet
 facet normal 9.57274e-05 -0.99862999 0.052327213
  outer loop
   vertex -0.085647133 0.0043618821 0.040193054
   vertex -0.084653144 0.0043621571 0.040196484
   vertex -0.084650473 0.0044087896 0.041086428
  endloop
 endfacet
 facet normal 9.57274e-05 -0.99862999 0.052327213
  outer loop
   vertex -0.085647133 0.0043618821 0.040193054
   vertex -0.084650473 0.0044087896 0.041086428
   vertex -0.085646905 0.0044085352 0.041083248
  endloop
 endfacet
 facet normal 0.0021264549 -0.99864257 0.052043239
  outer loop
   vertex -0.083634033 0.0042701941 0.038422489
   vertex -0.082435414 0.0042732266 0.038431705
   vertex -0.082437008 0.0043195783 0.039321199
  endloop
 endfacet
 facet normal 0.0021264549 -0.99864257 0.052043239
  outer loop
   vertex -0.083634033 0.0042701941 0.038422489
   vertex -0.082437008 0.0043195783 0.039321199
   vertex -0.083624341 0.0043169587 0.039312743
  endloop
 endfacet
 facet normal 0.0011905641 -0.99862831 0.05234569
  outer loop
   vertex -0.083648621 0.0041769064 0.036638091
   vertex -0.084671909 0.0041752661 0.036630072
   vertex -0.084692802 0.0041288243 0.035744552
  endloop
 endfacet
 facet normal 0.0011905641 -0.99862831 0.05234569
  outer loop
   vertex -0.083648621 0.0041769064 0.036638091
   vertex -0.084692802 0.0041288243 0.035744552
   vertex -0.083670118 0.0041301081 0.035753345
  endloop
 endfacet
 facet normal 0.00010768753 -0.99862956 0.052335386
  outer loop
   vertex -0.084663236 0.0042220904 0.037523638
   vertex -0.085649848 0.004221775 0.037519651
   vertex -0.085654596 0.0041749397 0.03662598
  endloop
 endfacet
 facet normal 0.00010768753 -0.99862956 0.052335386
  outer loop
   vertex -0.084663236 0.0042220904 0.037523638
   vertex -0.085654596 0.0041749397 0.03662598
   vertex -0.084671909 0.0041752661 0.036630072
  endloop
 endfacet
 facet normal 0.0010207578 -0.9986048 0.052795999
  outer loop
   vertex -0.083648621 0.0041769064 0.036638091
   vertex -0.083670118 0.0041301081 0.035753345
   vertex -0.082425784 0.0041320059 0.035765183
  endloop
 endfacet
 facet normal 0.0010207578 -0.9986048 0.052795999
  outer loop
   vertex -0.083648621 0.0041769064 0.036638091
   vertex -0.082425784 0.0041320059 0.035765183
   vertex -0.082441985 0.0041813222 0.036649615
  endloop
 endfacet
 facet normal 0.00097573862 -0.99862923 0.052332697
  outer loop
   vertex -0.08465602 0.0043155132 0.039306339
   vertex -0.084659097 0.0042688321 0.038415612
   vertex -0.083634033 0.0042701941 0.038422489
  endloop
 endfacet
 facet normal 0.00097573862 -0.99862923 0.052332697
  outer loop
   vertex -0.08465602 0.0043155132 0.039306339
   vertex -0.083634033 0.0042701941 0.038422489
   vertex -0.083624341 0.0043169587 0.039312743
  endloop
 endfacet
 facet normal 0.00010768605 -0.99862954 0.05233575
  outer loop
   vertex -0.085648134 0.0042685284 0.038411758
   vertex -0.085649848 0.004221775 0.037519651
   vertex -0.084663236 0.0042220904 0.037523638
  endloop
 endfacet
 facet normal 0.00010768605 -0.99862954 0.05233575
  outer loop
   vertex -0.085648134 0.0042685284 0.038411758
   vertex -0.084663236 0.0042220904 0.037523638
   vertex -0.084659097 0.0042688321 0.038415612
  endloop
 endfacet
 facet normal 0.25561434 -0.96545389 0.050597295
  outer loop
   vertex -0.089410976 0.0043776231 0.04554532
   vertex -0.088410981 0.004641883 0.045535789
   vertex -0.088410981 0.0046885475 0.046426201
  endloop
 endfacet
 facet normal 0.25561434 -0.96545389 0.050597295
  outer loop
   vertex -0.089410976 0.0043776231 0.04554532
   vertex -0.088410981 0.0046885475 0.046426201
   vertex -0.089410976 0.0044099739 0.046435486
  endloop
 endfacet
 facet normal 0.29286258 -0.95491412 0.048688188
  outer loop
   vertex -0.088410981 0.0046885475 0.046426201
   vertex -0.088410981 0.0047339971 0.047317597
   vertex -0.089410976 0.0044273156 0.04731773
  endloop
 endfacet
 facet normal 0.29286258 -0.95491412 0.048688188
  outer loop
   vertex -0.088410981 0.0046885475 0.046426201
   vertex -0.089410976 0.0044273156 0.04731773
   vertex -0.089410976 0.0044099739 0.046435486
  endloop
 endfacet
 facet normal 0.30884592 0.94980862 -0.049777357
  outer loop
   vertex -0.089410976 -0.0049999999 0.04642642
   vertex -0.088410981 -0.0053253491 0.0464229
   vertex -0.088410981 -0.0053720366 0.045532048
  endloop
 endfacet
 facet normal 0.30884592 0.94980862 -0.049777357
  outer loop
   vertex -0.089410976 -0.0049999999 0.04642642
   vertex -0.088410981 -0.0053720366 0.045532048
   vertex -0.089410976 -0.0049999999 0.045534268
  endloop
 endfacet
 facet normal 0.34868904 0.93723847 -6.3289346e-15
  outer loop
   vertex -0.089410976 -0.0049999999 0.044641234
   vertex -0.089410976 -0.0049999999 0.045534268
   vertex -0.088410981 -0.0053720366 0.045532048
  endloop
 endfacet
 facet normal 0.34868904 0.93723847 -6.3289346e-15
  outer loop
   vertex -0.089410976 -0.0049999999 0.044641234
   vertex -0.088410981 -0.0053720366 0.045532048
   vertex -0.088410981 -0.0054187591 0.044640531
  endloop
 endfacet
 facet normal 0.26874528 0.96321128 -2.8801364e-05
  outer loop
   vertex -0.089410976 -0.0049999999 0.04642642
   vertex -0.089410775 -0.0050000293 0.047311622
   vertex -0.088410981 -0.0052789818 0.047307642
  endloop
 endfacet
 facet normal 0.26874528 0.96321128 -2.8801364e-05
  outer loop
   vertex -0.089410976 -0.0049999999 0.04642642
   vertex -0.088410981 -0.0052789818 0.047307642
   vertex -0.088410981 -0.0053253491 0.0464229
  endloop
 endfacet
 facet normal 0.21182858 0.97486837 -0.068995019
  outer loop
   vertex -0.08940751 -0.0050002816 0.048186006
   vertex -0.088410979 -0.0052190658 0.048154234
   vertex -0.088410981 -0.0052789818 0.047307642
  endloop
 endfacet
 facet normal 0.21182858 0.97486837 -0.068995019
  outer loop
   vertex -0.08940751 -0.0050002816 0.048186006
   vertex -0.088410981 -0.0052789818 0.047307642
   vertex -0.089410775 -0.0050000293 0.047311622
  endloop
 endfacet
 facet normal 0.29205546 -0.95519465 -0.048029087
  outer loop
   vertex -0.088410975 0.0046883935 0.048206261
   vertex -0.089409115 0.0043844439 0.04818167
   vertex -0.089410976 0.0044273156 0.04731773
  endloop
 endfacet
 facet normal 0.29205546 -0.95519465 -0.048029087
  outer loop
   vertex -0.088410975 0.0046883935 0.048206261
   vertex -0.089410976 0.0044273156 0.04731773
   vertex -0.088410981 0.0047339971 0.047317597
  endloop
 endfacet
 facet normal 0.29183539 -0.94821219 -0.12540234
  outer loop
   vertex -0.089403526 0.0042758982 0.049015428
   vertex -0.089409115 0.0043844439 0.04818167
   vertex -0.088410975 0.0046883935 0.048206261
  endloop
 endfacet
 facet normal 0.29183539 -0.94821219 -0.12540234
  outer loop
   vertex -0.089403526 0.0042758982 0.049015428
   vertex -0.088410975 0.0046883935 0.048206261
   vertex -0.088410945 0.0044938236 0.049048796
  endloop
 endfacet
 facet normal -0.20320592 0.97905787 0.012370585
  outer loop
   vertex -0.082410976 -0.0051980877 0.044642572
   vertex -0.082410248 -0.0052091914 0.045533325
   vertex -0.081402205 -0.0050000032 0.045536001
  endloop
 endfacet
 facet normal -0.20320592 0.97905787 0.012370585
  outer loop
   vertex -0.082410976 -0.0051980877 0.044642572
   vertex -0.081402205 -0.0050000032 0.045536001
   vertex -0.081410982 -0.0049999999 0.044643465
  endloop
 endfacet
 facet normal 0.21767565 -0.96516143 0.14519204
  outer loop
   vertex -0.088520996 0.003815288 0.028573726
   vertex -0.089397998 0.003491077 0.027733363
   vertex -0.088410897 0.003706331 0.027684373
  endloop
 endfacet
 facet normal 0.21767565 -0.96516143 0.14519204
  outer loop
   vertex -0.088520996 0.003815288 0.028573726
   vertex -0.088410897 0.003706331 0.027684373
   vertex -0.088410644 0.0037528328 0.028571692
  endloop
 endfacet
 facet normal -0.14719801 -0.98775153 0.051765386
  outer loop
   vertex -0.082410976 0.0037528386 0.028571811
   vertex -0.082410975 0.0037063302 0.027684373
   vertex -0.081414454 0.0035577949 0.027683792
  endloop
 endfacet
 facet normal -0.14719801 -0.98775153 0.051765386
  outer loop
   vertex -0.082410976 0.0037528386 0.028571811
   vertex -0.081414454 0.0035577949 0.027683792
   vertex -0.081411168 0.0035688616 0.02857545
  endloop
 endfacet
 facet normal 0.7460684 0.66586931 -0
  outer loop
   vertex -0.089410976 -0.0049999999 0.0303529
   vertex -0.089410976 -0.0049999999 0.031244859
   vertex -0.088410981 -0.0061204365 0.031251727
  endloop
 endfacet
 facet normal 0.7460684 0.66586931 -0
  outer loop
   vertex -0.089410976 -0.0049999999 0.0303529
   vertex -0.088410981 -0.0061204365 0.031251727
   vertex -0.088410981 -0.006167101 0.030361316
  endloop
 endfacet
 facet normal -0.165042 -0.9848976 0.052324474
  outer loop
   vertex -0.082410972 0.0036612392 0.026823983
   vertex -0.082410958 0.0036055401 0.025775608
   vertex -0.081420406 0.0034499686 0.025971706
  endloop
 endfacet
 facet normal -0.165042 -0.9848976 0.052324474
  outer loop
   vertex -0.082410972 0.0036612392 0.026823983
   vertex -0.081420406 0.0034499686 0.025971706
   vertex -0.081422066 0.0035322692 0.026814205
  endloop
 endfacet
 facet normal -0.12896876 -0.99118796 0.030224002
  outer loop
   vertex -0.082410972 0.0036612392 0.026823983
   vertex -0.081422066 0.0035322692 0.026814205
   vertex -0.081414454 0.0035577949 0.027683792
  endloop
 endfacet
 facet normal -0.12896876 -0.99118796 0.030224002
  outer loop
   vertex -0.082410972 0.0036612392 0.026823983
   vertex -0.081414454 0.0035577949 0.027683792
   vertex -0.082410975 0.0037063302 0.027684373
  endloop
 endfacet
 facet normal -0.10718536 0.99406179 -0.01877398
  outer loop
   vertex -0.082410976 -0.005124711 0.032137895
   vertex -0.082410976 -0.0051078302 0.033031718
   vertex -0.081410982 -0.0049999999 0.033031995
  endloop
 endfacet
 facet normal -0.10718536 0.99406179 -0.01877398
  outer loop
   vertex -0.082410976 -0.005124711 0.032137895
   vertex -0.081410982 -0.0049999999 0.033031995
   vertex -0.081410982 -0.0049999999 0.032140127
  endloop
 endfacet
 facet normal -0.11433965 0.99344172 3.704583e-05
  outer loop
   vertex -0.082409466 -0.0051149533 0.033926225
   vertex -0.081410882 -0.0050000219 0.033928138
   vertex -0.081410982 -0.0049999999 0.033031995
  endloop
 endfacet
 facet normal -0.11433965 0.99344172 3.704583e-05
  outer loop
   vertex -0.082409466 -0.0051149533 0.033926225
   vertex -0.081410982 -0.0049999999 0.033031995
   vertex -0.082410976 -0.0051078302 0.033031718
  endloop
 endfacet
 facet normal 0.54864034 0.83603528 0.0062277357
  outer loop
   vertex -0.089363422 -0.0050201701 0.039295677
   vertex -0.089394528 -0.0050063879 0.040185852
   vertex -0.08841098 -0.0056518483 0.040187979
  endloop
 endfacet
 facet normal 0.54864034 0.83603528 0.0062277357
  outer loop
   vertex -0.089363422 -0.0050201701 0.039295677
   vertex -0.08841098 -0.0056518483 0.040187979
   vertex -0.088410974 -0.0056971392 0.039300135
  endloop
 endfacet
 facet normal 0.51767717 0.85441575 -0.044542975
  outer loop
   vertex -0.089409565 -0.0050005059 0.041076392
   vertex -0.088410981 -0.0056054275 0.041078404
   vertex -0.08841098 -0.0056518483 0.040187979
  endloop
 endfacet
 facet normal 0.51767717 0.85441575 -0.044542975
  outer loop
   vertex -0.089409565 -0.0050005059 0.041076392
   vertex -0.08841098 -0.0056518483 0.040187979
   vertex -0.089394528 -0.0050063879 0.040185852
  endloop
 endfacet
 facet normal 0.57908105 0.81449188 -0.035610596
  outer loop
   vertex -0.089363422 -0.0050201701 0.039295677
   vertex -0.088410974 -0.0056971392 0.039300135
   vertex -0.088410938 -0.0057354535 0.038424395
  endloop
 endfacet
 facet normal 0.57908105 0.81449188 -0.035610596
  outer loop
   vertex -0.089363422 -0.0050201701 0.039295677
   vertex -0.088410938 -0.0057354535 0.038424395
   vertex -0.089287501 -0.0050596396 0.038404178
  endloop
 endfacet
 facet normal 0.61071733 0.79174311 -0.012930019
  outer loop
   vertex -0.089153254 -0.0051777175 0.037514739
   vertex -0.089287501 -0.0050596396 0.038404178
   vertex -0.088410938 -0.0057354535 0.038424395
  endloop
 endfacet
 facet normal 0.61071733 0.79174311 -0.012930019
  outer loop
   vertex -0.089153254 -0.0051777175 0.037514739
   vertex -0.088410938 -0.0057354535 0.038424395
   vertex -0.088410618 -0.0057554873 0.037513902
  endloop
 endfacet
 facet normal -0.58656096 0.80773728 -0.059217646
  outer loop
   vertex -0.082410137 -0.0056892993 0.039318378
   vertex -0.081541713 -0.0050603157 0.039295922
   vertex -0.081712332 -0.0052492381 0.038408999
  endloop
 endfacet
 facet normal -0.58656096 0.80773728 -0.059217646
  outer loop
   vertex -0.082410137 -0.0056892993 0.039318378
   vertex -0.081712332 -0.0052492381 0.038408999
   vertex -0.082401957 -0.0056949396 0.038437506
  endloop
 endfacet
 facet normal -0.5435564 0.83820981 -0.044167338
  outer loop
   vertex -0.082391827 -0.0057355301 0.037542502
   vertex -0.082401957 -0.0056949396 0.038437506
   vertex -0.081712332 -0.0052492381 0.038408999
  endloop
 endfacet
 facet normal -0.5435564 0.83820981 -0.044167338
  outer loop
   vertex -0.082391827 -0.0057355301 0.037542502
   vertex -0.081712332 -0.0052492381 0.038408999
   vertex -0.081633412 -0.0052062721 0.037521583
  endloop
 endfacet
 facet normal -0.54374677 0.83830838 -0.039730419
  outer loop
   vertex -0.082410137 -0.0056892993 0.039318378
   vertex -0.082410804 -0.0056479593 0.040199776
   vertex -0.081439999 -0.0050182965 0.04019927
  endloop
 endfacet
 facet normal -0.54374677 0.83830838 -0.039730419
  outer loop
   vertex -0.082410137 -0.0056892993 0.039318378
   vertex -0.081439999 -0.0050182965 0.04019927
   vertex -0.081541713 -0.0050603157 0.039295922
  endloop
 endfacet
 facet normal -0.5167627 0.8561284 -0.00068463336
  outer loop
   vertex -0.082410899 -0.0056036125 0.041103792
   vertex -0.081415554 -0.0050028304 0.041088303
   vertex -0.081439999 -0.0050182965 0.04019927
  endloop
 endfacet
 facet normal -0.5167627 0.8561284 -0.00068463336
  outer loop
   vertex -0.082410899 -0.0056036125 0.041103792
   vertex -0.081439999 -0.0050182965 0.04019927
   vertex -0.082410804 -0.0056479593 0.040199776
  endloop
 endfacet
 facet normal -0.31877933 -0.9472438 0.033300617
  outer loop
   vertex -0.088505309 0.0040315475 0.033470549
   vertex -0.088509548 0.0040143689 0.032941324
   vertex -0.08841097 0.0039809527 0.032934454
  endloop
 endfacet
 facet normal -0.31877933 -0.9472438 0.033300617
  outer loop
   vertex -0.088505309 0.0040315475 0.033470549
   vertex -0.08841097 0.0039809527 0.032934454
   vertex -0.088410604 0.0040145067 0.033564793
  endloop
 endfacet
 facet normal -0.12375318 0.99231303 0
  outer loop
   vertex -0.082410976 -0.005124711 0.032137895
   vertex -0.081410982 -0.0049999999 0.032140127
   vertex -0.081410982 -0.0049999999 0.031247298
  endloop
 endfacet
 facet normal -0.12375318 0.99231303 0
  outer loop
   vertex -0.082410976 -0.005124711 0.032137895
   vertex -0.081410982 -0.0049999999 0.031247298
   vertex -0.082410976 -0.0051452206 0.031247298
  endloop
 endfacet
 facet normal -0.14367424 0.98934516 -0.023534615
  outer loop
   vertex -0.082410976 -0.0051664138 0.030356383
   vertex -0.082410976 -0.0051452206 0.031247298
   vertex -0.081410982 -0.0049999999 0.031247298
  endloop
 endfacet
 facet normal -0.14367424 0.98934516 -0.023534615
  outer loop
   vertex -0.082410976 -0.0051664138 0.030356383
   vertex -0.081410982 -0.0049999999 0.031247298
   vertex -0.081410982 -0.0049999999 0.030356383
  endloop
 endfacet
 facet normal -0.021700749 -0.86825378 -0.4956455
  outer loop
   vertex -0.082410953 0.003879397 0.050307558
   vertex -0.082719031 0.003908966 0.050269248
   vertex -0.08242966 0.0042603122 0.049641103
  endloop
 endfacet
 facet normal -0.021700749 -0.86825378 -0.4956455
  outer loop
   vertex -0.082410953 0.003879397 0.050307558
   vertex -0.08242966 0.0042603122 0.049641103
   vertex -0.081545585 0.0047946542 0.049577591
  endloop
 endfacet
endsolid rocket_tab
