solid rocket_tab
 facet normal 0.030988964 -0.91602354 0.3999257
  outer loop
   vertex -0.089308531 0.0029309948 0.043725703
   vertex -0.089401386 0.002602558 0.042980619
   vertex -0.088410862 0.0026091724 0.042919016
  endloop
 endfacet
 facet normal 0.030988964 -0.91602354 0.3999257
  outer loop
   vertex -0.089308531 0.0029309948 0.043725703
   vertex -0.088410862 0.0026091724 0.042919016
   vertex -0.088410613 0.0028144892 0.043685264
  endloop
 endfacet
 facet normal -0.37888674 -0.89394247 0.23939862
  outer loop
   vertex -0.088519681 -0.0013077612 0.028128283
   vertex -0.088410599 -0.0013351733 0.028198564
   vertex -0.088410828 -0.0011824589 0.028768454
  endloop
 endfacet
 facet normal -0.37888674 -0.89394247 0.23939862
  outer loop
   vertex -0.088519681 -0.0013077612 0.028128283
   vertex -0.088410828 -0.0011824589 0.028768454
   vertex -0.089404001 -0.0010962543 0.028586715
  endloop
 endfacet
 facet normal 0.11178349 -0.99200927 0.05849829
  outer loop
   vertex -0.088410344 -0.00077258036 0.030298105
   vertex -0.08934813 -0.0008718606 0.030406521
   vertex -0.089398803 -0.00092840998 0.029544391
  endloop
 endfacet
 facet normal 0.11178349 -0.99200927 0.05849829
  outer loop
   vertex -0.088410344 -0.00077258036 0.030298105
   vertex -0.089398803 -0.00092840998 0.029544391
   vertex -0.088410783 -0.00097549536 0.02954084
  endloop
 endfacet
 facet normal -0.41723892 -0.87782423 0.23523669
  outer loop
   vertex -0.088410344 -0.00077258036 0.030298105
   vertex -0.088410312 -0.00060569712 0.030920913
   vertex -0.088616361 -0.00052797803 0.030845466
  endloop
 endfacet
 facet normal -0.41723892 -0.87782423 0.23523669
  outer loop
   vertex -0.088410344 -0.00077258036 0.030298105
   vertex -0.088616361 -0.00052797803 0.030845466
   vertex -0.08934813 -0.0008718606 0.030406521
  endloop
 endfacet
 facet normal -0.11294591 -0.95974413 0.25716615
  outer loop
   vertex -0.089308531 0.0029309948 0.043725703
   vertex -0.088410613 0.0028144892 0.043685264
   vertex -0.088410599 0.0029817474 0.044309479
  endloop
 endfacet
 facet normal -0.11294591 -0.95974413 0.25716615
  outer loop
   vertex -0.089308531 0.0029309948 0.043725703
   vertex -0.088410599 0.0029817474 0.044309479
   vertex -0.088517104 0.0030150277 0.044245416
  endloop
 endfacet
 facet normal -0.062589804 -0.96401919 0.25835929
  outer loop
   vertex -0.089399317 0.0017245316 0.03937794
   vertex -0.088410782 0.0016612394 0.039381258
   vertex -0.088410344 0.0018622139 0.040131263
  endloop
 endfacet
 facet normal -0.062589804 -0.96401919 0.25835929
  outer loop
   vertex -0.089399317 0.0017245316 0.03937794
   vertex -0.088410344 0.0018622139 0.040131263
   vertex -0.089349092 0.0017719793 0.040237641
  endloop
 endfacet
 facet normal 0.13555259 -0.88492333 0.44557402
  outer loop
   vertex -0.088613364 0.0021066722 0.040678528
   vertex -0.089349092 0.0017719793 0.040237641
   vertex -0.088410344 0.0018622139 0.040131263
  endloop
 endfacet
 facet normal 0.13555259 -0.88492333 0.44557402
  outer loop
   vertex -0.088613364 0.0021066722 0.040678528
   vertex -0.088410344 0.0018622139 0.040131263
   vertex -0.088410312 0.0020290971 0.040754071
  endloop
 endfacet
 facet normal -0.42180759 -0.87587943 0.23433647
  outer loop
   vertex -0.088613364 0.0021066722 0.040678528
   vertex -0.088410312 0.0020290971 0.040754071
   vertex -0.088410782 0.0021817956 0.041323967
  endloop
 endfacet
 facet normal -0.42180759 -0.87587943 0.23433647
  outer loop
   vertex -0.088613364 0.0021066722 0.040678528
   vertex -0.088410782 0.0021817956 0.041323967
   vertex -0.089405206 0.0024032056 0.041135654
  endloop
 endfacet
 facet normal -0.34167822 0.25103111 0.90567068
  outer loop
   vertex -0.081412342 -0.0019119384 0.025953306
   vertex -0.082410974 -0.0020290612 0.025609021
   vertex -0.082430694 -0.0027303945 0.025795975
  endloop
 endfacet
 facet normal -0.34167822 0.25103111 0.90567068
  outer loop
   vertex -0.081412342 -0.0019119384 0.025953306
   vertex -0.082430694 -0.0027303945 0.025795975
   vertex -0.081426854 -0.0027125524 0.025821295
  endloop
 endfacet
 facet normal -0.17226267 -0.95148625 0.25494996
  outer loop
   vertex -0.082410976 -0.0013351698 0.028198563
   vertex -0.082410976 -0.0015014221 0.027578101
   vertex -0.081410982 -0.001665383 0.027641859
  endloop
 endfacet
 facet normal -0.17226267 -0.95148625 0.25494996
  outer loop
   vertex -0.082410976 -0.0013351698 0.028198563
   vertex -0.081410982 -0.001665383 0.027641859
   vertex -0.081410982 -0.0016177263 0.028268607
  endloop
 endfacet
 facet normal 0.22549985 0.26292468 0.93809404
  outer loop
   vertex -0.08870194 -0.0050336252 0.026486648
   vertex -0.088410962 -0.0055455552 0.026560184
   vertex -0.08840953 -0.004841808 0.026362596
  endloop
 endfacet
 facet normal 0.22549985 0.26292468 0.93809404
  outer loop
   vertex -0.08870194 -0.0050336252 0.026486648
   vertex -0.08840953 -0.004841808 0.026362596
   vertex -0.088684349 -0.0047981286 0.026252849
  endloop
 endfacet
 facet normal -0.057723393 -0.96431526 0.25838748
  outer loop
   vertex -0.082410976 -0.00060571688 0.030920918
   vertex -0.082410976 -0.000772598 0.030298109
   vertex -0.081410982 -0.00081774267 0.030353024
  endloop
 endfacet
 facet normal -0.057723393 -0.96431526 0.25838748
  outer loop
   vertex -0.082410976 -0.00060571688 0.030920918
   vertex -0.081410982 -0.00081774267 0.030353024
   vertex -0.081410982 -0.00082089359 0.030981397
  endloop
 endfacet
 facet normal -0.12959814 -0.99044996 0.047044585
  outer loop
   vertex -0.082410976 0.0028144799 0.043685267
   vertex -0.081410982 0.0026866239 0.04374824
   vertex -0.081410982 0.0027160469 0.044367695
  endloop
 endfacet
 facet normal -0.12959814 -0.99044996 0.047044585
  outer loop
   vertex -0.082410976 0.0028144799 0.043685267
   vertex -0.081410982 0.0027160469 0.044367695
   vertex -0.082410976 0.0029817376 0.044309481
  endloop
 endfacet
 facet normal -0.054838299 -0.96447235 0.25842958
  outer loop
   vertex -0.082410976 0.0020290704 0.040754079
   vertex -0.082410976 0.001863629 0.040136643
   vertex -0.081410982 0.001818698 0.040181155
  endloop
 endfacet
 facet normal -0.054838299 -0.96447235 0.25842958
  outer loop
   vertex -0.082410976 0.0020290704 0.040754079
   vertex -0.081410982 0.001818698 0.040181155
   vertex -0.081410982 0.001813036 0.040811026
  endloop
 endfacet
 facet normal 0.27017237 0.8730381 -0.40596966
  outer loop
   vertex -0.088578695 -0.0053080614 0.050476914
   vertex -0.088714887 -0.005033898 0.050975868
   vertex -0.088409442 -0.0052351677 0.05074631
  endloop
 endfacet
 facet normal 0.27017237 0.8730381 -0.40596966
  outer loop
   vertex -0.088578695 -0.0053080614 0.050476914
   vertex -0.088409442 -0.0052351677 0.05074631
   vertex -0.088410978 -0.0056998552 0.050031714
  endloop
 endfacet
 facet normal 0.99998411 0.0050311939 0.0025425066
  outer loop
   vertex -0.088408968 -0.0071391684 0.027614007
   vertex -0.08840744 -0.0071189036 0.026972722
   vertex -0.088410861 -0.0063346941 0.02676666
  endloop
 endfacet
 facet normal 0.99998411 0.0050311939 0.0025425066
  outer loop
   vertex -0.088408968 -0.0071391684 0.027614007
   vertex -0.088410861 -0.0063346941 0.02676666
   vertex -0.0884091 -0.0062573419 0.027630815
  endloop
 endfacet
 facet normal 0.99999585 0.0015424904 0.0024322905
  outer loop
   vertex -0.088406876 -0.0077514584 0.02714216
   vertex -0.08840744 -0.0071189036 0.026972722
   vertex -0.088408968 -0.0071391684 0.027614007
  endloop
 endfacet
 facet normal 0.99999585 0.0015424904 0.0024322905
  outer loop
   vertex -0.088406876 -0.0077514584 0.02714216
   vertex -0.088408968 -0.0071391684 0.027614007
   vertex -0.088410899 -0.0081582464 0.027257232
  endloop
 endfacet
 facet normal -0.003292001 0.83833493 -0.54514559
  outer loop
   vertex -0.088410978 -0.0056998552 0.050031714
   vertex -0.088409442 -0.0052351677 0.05074631
   vertex -0.087535335 -0.0052131249 0.050774929
  endloop
 endfacet
 facet normal -0.003292001 0.83833493 -0.54514559
  outer loop
   vertex -0.088410978 -0.0056998552 0.050031714
   vertex -0.087535335 -0.0052131249 0.050774929
   vertex -0.08756201 -0.0058648426 0.049695044
  endloop
 endfacet
 facet normal -0.003292001 0.83833493 -0.54514559
  outer loop
   vertex -0.088410978 -0.0056998552 0.050031714
   vertex -0.08756201 -0.0058648426 0.049695044
   vertex -0.088410263 -0.0058762021 0.04966993
  endloop
 endfacet
 facet normal 0.34471743 0.7796153 -0.52284785
  outer loop
   vertex -0.088333287 -0.0041470602 0.051838436
   vertex -0.087494794 -0.0045045547 0.051858203
   vertex -0.087535335 -0.0052131249 0.050774929
  endloop
 endfacet
 facet normal 0.34471743 0.7796153 -0.52284785
  outer loop
   vertex -0.088333287 -0.0041470602 0.051838436
   vertex -0.087535335 -0.0052131249 0.050774929
   vertex -0.088409442 -0.0052351677 0.05074631
  endloop
 endfacet
 facet normal 0.34471743 0.7796153 -0.52284785
  outer loop
   vertex -0.088333287 -0.0041470602 0.051838436
   vertex -0.088409442 -0.0052351677 0.05074631
   vertex -0.088401688 -0.0048303919 0.051206509
  endloop
 endfacet
 facet normal -0.99950213 0.031402158 0.0030640199
  outer loop
   vertex -0.082386169 -0.0052750919 0.027581337
   vertex -0.082416449 -0.0062393062 0.027585746
   vertex -0.082413729 -0.0062386507 0.028466142
  endloop
 endfacet
 facet normal -0.99950213 0.031402158 0.0030640199
  outer loop
   vertex -0.082386169 -0.0052750919 0.027581337
   vertex -0.082413729 -0.0062386507 0.028466142
   vertex -0.081409991 -0.0050001286 0.028498034
  endloop
 endfacet
 facet normal -0.99950213 0.031402158 0.0030640199
  outer loop
   vertex -0.082386169 -0.0052750919 0.027581337
   vertex -0.081409991 -0.0050001286 0.028498034
   vertex -0.081404837 -0.0050015494 0.027615871
  endloop
 endfacet
 facet normal -0.99996942 -0.00080709364 -0.0077789699
  outer loop
   vertex -0.082410975 -0.0071187407 0.02697333
   vertex -0.082415625 -0.0071427448 0.027573537
   vertex -0.082416449 -0.0062393062 0.027585746
  endloop
 endfacet
 facet normal -0.99996942 -0.00080709364 -0.0077789699
  outer loop
   vertex -0.082410975 -0.0071187407 0.02697333
   vertex -0.082416449 -0.0062393062 0.027585746
   vertex -0.082410848 -0.0063343068 0.026768105
  endloop
 endfacet
 facet normal -0.98982939 0.14037316 -0.023089952
  outer loop
   vertex -0.082262692 -0.0052973116 0.026721194
   vertex -0.082410848 -0.0063343068 0.026768105
   vertex -0.082416449 -0.0062393062 0.027585746
  endloop
 endfacet
 facet normal -0.98982939 0.14037316 -0.023089952
  outer loop
   vertex -0.082262692 -0.0052973116 0.026721194
   vertex -0.082416449 -0.0062393062 0.027585746
   vertex -0.082386169 -0.0052750919 0.027581337
  endloop
 endfacet
 facet normal 0.19695603 0.24819198 0.94847724
  outer loop
   vertex -0.088410861 -0.0063346941 0.02676666
   vertex -0.088410962 -0.0055455552 0.026560184
   vertex -0.08870194 -0.0050336252 0.026486648
  endloop
 endfacet
 facet normal 0.19695603 0.24819198 0.94847724
  outer loop
   vertex -0.088410861 -0.0063346941 0.02676666
   vertex -0.08870194 -0.0050336252 0.026486648
   vertex -0.089410964 -0.0050000871 0.027675875
  endloop
 endfacet
 facet normal 0.19695603 0.24819198 0.94847724
  outer loop
   vertex -0.088410861 -0.0063346941 0.02676666
   vertex -0.089410964 -0.0050000871 0.027675875
   vertex -0.0884091 -0.0062573419 0.027630815
  endloop
 endfacet
 facet normal -0.98937155 0.038220123 0.14029665
  outer loop
   vertex -0.082410975 -0.0071187407 0.02697333
   vertex -0.082411477 -0.0077514584 0.027142161
   vertex -0.082410952 -0.0081583842 0.027256717
  endloop
 endfacet
 facet normal -0.98937155 0.038220123 0.14029665
  outer loop
   vertex -0.082410975 -0.0071187407 0.02697333
   vertex -0.082410952 -0.0081583842 0.027256717
   vertex -0.082415625 -0.0071427448 0.027573537
  endloop
 endfacet
 facet normal -0.99998431 -0.005602555 1.1816255e-05
  outer loop
   vertex -0.082410851 -0.0072422365 0.04473192
   vertex -0.082416075 -0.0063098375 0.044683474
   vertex -0.082415896 -0.0063436122 0.043789718
  endloop
 endfacet
 facet normal -0.99998431 -0.005602555 1.1816255e-05
  outer loop
   vertex -0.082410851 -0.0072422365 0.04473192
   vertex -0.082415896 -0.0063436122 0.043789718
   vertex -0.082410776 -0.0074755064 0.043846944
  endloop
 endfacet
 facet normal -0.9998027 0.019840939 -0.00094964753
  outer loop
   vertex -0.082415896 -0.0063436122 0.043789718
   vertex -0.082416075 -0.0063098375 0.044683474
   vertex -0.082396042 -0.0053005639 0.044678951
  endloop
 endfacet
 facet normal -0.9998027 0.019840939 -0.00094964753
  outer loop
   vertex -0.082415896 -0.0063436122 0.043789718
   vertex -0.082396042 -0.0053005639 0.044678951
   vertex -0.08140919 -0.0050002324 0.044676056
  endloop
 endfacet
 facet normal -0.9998027 0.019840939 -0.00094964753
  outer loop
   vertex -0.082415896 -0.0063436122 0.043789718
   vertex -0.08140919 -0.0050002324 0.044676056
   vertex -0.081410188 -0.0050000812 0.043778972
  endloop
 endfacet
 facet normal -0.99936257 0.034753355 0.0081644008
  outer loop
   vertex -0.08241898 -0.0068729641 0.0461659
   vertex -0.082408842 -0.0066750516 0.0465644
   vertex -0.082404228 -0.0063076987 0.045565432
  endloop
 endfacet
 facet normal -0.99936257 0.034753355 0.0081644008
  outer loop
   vertex -0.08241898 -0.0068729641 0.0461659
   vertex -0.082404228 -0.0063076987 0.045565432
   vertex -0.08241085 -0.0070144702 0.045524515
  endloop
 endfacet
 facet normal -0.99995087 0.0095272927 -0.0027370219
  outer loop
   vertex -0.082410851 -0.0072422365 0.04473192
   vertex -0.08241085 -0.0070144702 0.045524515
   vertex -0.082404228 -0.0063076987 0.045565432
  endloop
 endfacet
 facet normal -0.99995087 0.0095272927 -0.0027370219
  outer loop
   vertex -0.082410851 -0.0072422365 0.04473192
   vertex -0.082404228 -0.0063076987 0.045565432
   vertex -0.082416075 -0.0063098375 0.044683474
  endloop
 endfacet
 facet normal -0.41716383 -0.87794934 0.23490275
  outer loop
   vertex -0.088616361 -0.00052797803 0.030845466
   vertex -0.088410312 -0.00060569712 0.030920913
   vertex -0.088410781 -0.00045299411 0.031490807
  endloop
 endfacet
 facet normal -0.41716383 -0.87794934 0.23490275
  outer loop
   vertex -0.088616361 -0.00052797803 0.030845466
   vertex -0.088410781 -0.00045299411 0.031490807
   vertex -0.089405966 -0.00022358551 0.031302139
  endloop
 endfacet
 facet normal -0.21367119 -0.94364428 0.25274511
  outer loop
   vertex -0.088410599 0.00034695618 0.034476319
   vertex -0.088410885 0.00049966096 0.035046212
   vertex -0.089408213 0.00067698668 0.03486513
  endloop
 endfacet
 facet normal -0.21367119 -0.94364428 0.25274511
  outer loop
   vertex -0.088410599 0.00034695618 0.034476319
   vertex -0.089408213 0.00067698668 0.03486513
   vertex -0.088526852 0.00038103183 0.034415836
  endloop
 endfacet
 facet normal -0.27186794 -0.96116964 -0.047336448
  outer loop
   vertex -0.089406052 0.003244388 0.044693744
   vertex -0.088517104 0.0030150277 0.044245416
   vertex -0.088410599 0.0029817474 0.044309479
  endloop
 endfacet
 facet normal -0.27186794 -0.96116964 -0.047336448
  outer loop
   vertex -0.089406052 0.003244388 0.044693744
   vertex -0.088410599 0.0029817474 0.044309479
   vertex -0.088410887 0.003134445 0.044879357
  endloop
 endfacet
 facet normal 0.024042972 -0.96564148 0.25876334
  outer loop
   vertex -0.082410976 -0.0017038841 0.026822502
   vertex -0.082410974 -0.0020290612 0.025609021
   vertex -0.081412342 -0.0019119384 0.025953306
  endloop
 endfacet
 facet normal 0.024042972 -0.96564148 0.25876334
  outer loop
   vertex -0.082410976 -0.0017038841 0.026822502
   vertex -0.081412342 -0.0019119384 0.025953306
   vertex -0.081410982 -0.0017404239 0.026812597
  endloop
 endfacet
 facet normal 0.12521107 -0.95832465 0.25678016
  outer loop
   vertex -0.089358832 8.5804721e-05 0.033964058
   vertex -0.088410613 0.00017969793 0.033852105
   vertex -0.088410599 0.00034695618 0.034476319
  endloop
 endfacet
 facet normal 0.12521107 -0.95832465 0.25678016
  outer loop
   vertex -0.089358832 8.5804721e-05 0.033964058
   vertex -0.088410599 0.00034695618 0.034476319
   vertex -0.088526852 0.00038103183 0.034415836
  endloop
 endfacet
 facet normal -0.012209387 -0.99353426 0.11287429
  outer loop
   vertex -0.089358832 8.5804721e-05 0.033964058
   vertex -0.089403302 -9.0983432e-06 0.033123898
   vertex -0.088410861 -2.5616233e-05 0.033085856
  endloop
 endfacet
 facet normal -0.012209387 -0.99353426 0.11287429
  outer loop
   vertex -0.089358832 8.5804721e-05 0.033964058
   vertex -0.088410861 -2.5616233e-05 0.033085856
   vertex -0.088410613 0.00017969793 0.033852105
  endloop
 endfacet
 facet normal 0.09481872 -0.97792548 0.18620196
  outer loop
   vertex -0.088410613 0.0011323597 0.037407509
   vertex -0.089342409 0.0010616635 0.037510709
   vertex -0.089404596 0.00090102298 0.036698698
  endloop
 endfacet
 facet normal 0.09481872 -0.97792548 0.18620196
  outer loop
   vertex -0.088410613 0.0011323597 0.037407509
   vertex -0.089404596 0.00090102298 0.036698698
   vertex -0.088410895 0.00092704765 0.03664126
  endloop
 endfacet
 facet normal -0.14949152 -0.96470119 0.21680381
  outer loop
   vertex -0.088410829 0.0014523303 0.038601614
   vertex -0.089405191 0.0015680199 0.038430756
   vertex -0.088524486 0.0013285381 0.037972413
  endloop
 endfacet
 facet normal -0.14949152 -0.96470119 0.21680381
  outer loop
   vertex -0.088410829 0.0014523303 0.038601614
   vertex -0.088524486 0.0013285381 0.037972413
   vertex -0.088410599 0.0012994994 0.038031281
  endloop
 endfacet
 facet normal 0.10899383 -0.93201612 0.34563896
  outer loop
   vertex -0.088524486 0.0013285381 0.037972413
   vertex -0.089342409 0.0010616635 0.037510709
   vertex -0.088410613 0.0011323597 0.037407509
  endloop
 endfacet
 facet normal 0.10899383 -0.93201612 0.34563896
  outer loop
   vertex -0.088524486 0.0013285381 0.037972413
   vertex -0.088410613 0.0011323597 0.037407509
   vertex -0.088410599 0.0012994994 0.038031281
  endloop
 endfacet
 facet normal -0.094951591 -0.99504554 0.0294715
  outer loop
   vertex -0.082410976 0.00017969256 0.033852106
   vertex -0.081410982 8.633407e-05 0.033921839
   vertex -0.081410982 0.00010478354 0.034544748
  endloop
 endfacet
 facet normal -0.094951591 -0.99504554 0.0294715
  outer loop
   vertex -0.082410976 0.00017969256 0.033852106
   vertex -0.081410982 0.00010478354 0.034544748
   vertex -0.082410976 0.00034695031 0.034476321
  endloop
 endfacet
 facet normal -0.14582225 -0.95560086 0.25605247
  outer loop
   vertex -0.082410976 0.0012996175 0.038031723
   vertex -0.082410976 0.0011330337 0.037410024
   vertex -0.081410982 0.00099918732 0.037480001
  endloop
 endfacet
 facet normal -0.14582225 -0.95560086 0.25605247
  outer loop
   vertex -0.082410976 0.0012996175 0.038031723
   vertex -0.081410982 0.00099918732 0.037480001
   vertex -0.081410982 0.0010325422 0.038094032
  endloop
 endfacet
 facet normal -0.49773009 0.63636899 -0.58932102
  outer loop
   vertex -0.088560063 -0.0047802744 0.051346201
   vertex -0.088974408 -0.0046490484 0.051837852
   vertex -0.088333287 -0.0041470602 0.051838436
  endloop
 endfacet
 facet normal -0.49773009 0.63636899 -0.58932102
  outer loop
   vertex -0.088560063 -0.0047802744 0.051346201
   vertex -0.088333287 -0.0041470602 0.051838436
   vertex -0.088401688 -0.0048303919 0.051206509
  endloop
 endfacet
 facet normal 0.5655515 0.71908097 -0.40382429
  outer loop
   vertex -0.082371203 -0.0041470764 0.051838433
   vertex -0.08166497 -0.0046895225 0.051861582
   vertex -0.081885571 -0.0050243228 0.050956462
  endloop
 endfacet
 facet normal 0.5655515 0.71908097 -0.40382429
  outer loop
   vertex -0.082371203 -0.0041470764 0.051838433
   vertex -0.081885571 -0.0050243228 0.050956462
   vertex -0.082409224 -0.0052147589 0.050772348
  endloop
 endfacet
 facet normal -0.35191237 0.93602998 -0.0023570777
  outer loop
   vertex -0.081410067 -0.0050001133 0.048231173
   vertex -0.081406053 -0.0050008329 0.047346035
   vertex -0.082378135 -0.0053662836 0.04735243
  endloop
 endfacet
 facet normal -0.35191237 0.93602998 -0.0023570777
  outer loop
   vertex -0.081410067 -0.0050001133 0.048231173
   vertex -0.082378135 -0.0053662836 0.04735243
   vertex -0.082409261 -0.0064596305 0.04742426
  endloop
 endfacet
 facet normal -0.35191237 0.93602998 -0.0023570777
  outer loop
   vertex -0.081410067 -0.0050001133 0.048231173
   vertex -0.082409261 -0.0064596305 0.04742426
   vertex -0.082410911 -0.0063071619 0.048269899
  endloop
 endfacet
 facet normal 0.088269459 0.80425216 -0.58769632
  outer loop
   vertex -0.088409442 -0.0052351677 0.05074631
   vertex -0.088714887 -0.005033898 0.050975868
   vertex -0.088560063 -0.0047802744 0.051346201
  endloop
 endfacet
 facet normal 0.088269459 0.80425216 -0.58769632
  outer loop
   vertex -0.088409442 -0.0052351677 0.05074631
   vertex -0.088560063 -0.0047802744 0.051346201
   vertex -0.088401688 -0.0048303919 0.051206509
  endloop
 endfacet
 facet normal -0.035975914 0.046829224 0.99825486
  outer loop
   vertex -0.089395713 -0.002698915 0.025926611
   vertex -0.089370817 -0.0034783965 0.025964074
   vertex -0.088410502 -0.0034854862 0.025999016
  endloop
 endfacet
 facet normal -0.035975914 0.046829224 0.99825486
  outer loop
   vertex -0.089395713 -0.002698915 0.025926611
   vertex -0.088410502 -0.0034854862 0.025999016
   vertex -0.08841087 -0.0027142834 0.025792472
  endloop
 endfacet
 facet normal -0.034122514 0.2019747 0.97879614
  outer loop
   vertex -0.088410502 -0.0034854862 0.025999016
   vertex -0.089370817 -0.0034783965 0.025964074
   vertex -0.089289536 -0.0042662439 0.02612948
  endloop
 endfacet
 facet normal -0.034122514 0.2019747 0.97879614
  outer loop
   vertex -0.088410502 -0.0034854862 0.025999016
   vertex -0.089289536 -0.0042662439 0.02612948
   vertex -0.088409639 -0.0042552788 0.026205241
  endloop
 endfacet
 facet normal 0.13437681 0.25619508 0.95723924
  outer loop
   vertex -0.089395713 -0.002698915 0.025926611
   vertex -0.08841087 -0.0027142834 0.025792472
   vertex -0.088410943 -0.0020290209 0.025609079
  endloop
 endfacet
 facet normal 0.13437681 0.25619508 0.95723924
  outer loop
   vertex -0.089395713 -0.002698915 0.025926611
   vertex -0.088410943 -0.0020290209 0.025609079
   vertex -0.089409819 -0.0019537729 0.025972531
  endloop
 endfacet
 facet normal -0.091906851 -0.94491893 0.31413586
  outer loop
   vertex -0.088519681 -0.0013077612 0.028128283
   vertex -0.089306332 -0.0014077388 0.0275974
   vertex -0.088410617 -0.0015020557 0.027575755
  endloop
 endfacet
 facet normal -0.091906851 -0.94491893 0.31413586
  outer loop
   vertex -0.088519681 -0.0013077612 0.028128283
   vertex -0.088410617 -0.0015020557 0.027575755
   vertex -0.088410599 -0.0013351733 0.028198564
  endloop
 endfacet
 facet normal 0.10850408 -0.96023495 0.25724639
  outer loop
   vertex -0.089402971 -0.0018059174 0.026860083
   vertex -0.088410897 -0.0017041723 0.026821424
   vertex -0.088410617 -0.0015020557 0.027575755
  endloop
 endfacet
 facet normal 0.10850408 -0.96023495 0.25724639
  outer loop
   vertex -0.089402971 -0.0018059174 0.026860083
   vertex -0.088410617 -0.0015020557 0.027575755
   vertex -0.089306332 -0.0014077388 0.0275974
  endloop
 endfacet
 facet normal 0.77770936 0.62849973 -0.012499752
  outer loop
   vertex -0.089410974 -0.0050000282 0.028515206
   vertex -0.088410335 -0.0062385617 0.028498274
   vertex -0.0884091 -0.0062573419 0.027630815
  endloop
 endfacet
 facet normal 0.77770936 0.62849973 -0.012499752
  outer loop
   vertex -0.089410974 -0.0050000282 0.028515206
   vertex -0.0884091 -0.0062573419 0.027630815
   vertex -0.089410964 -0.0050000871 0.027675875
  endloop
 endfacet
 facet normal -0.77801751 0.62824259 -1.2063544e-14
  outer loop
   vertex -0.081410982 -0.0049999999 0.03482709
   vertex -0.081410982 -0.0049999999 0.033932066
   vertex -0.082411032 -0.0062384647 0.033934969
  endloop
 endfacet
 facet normal -0.77801751 0.62824259 -1.2063544e-14
  outer loop
   vertex -0.081410982 -0.0049999999 0.03482709
   vertex -0.082411032 -0.0062384647 0.033934969
   vertex -0.082411117 -0.0062470912 0.034831396
  endloop
 endfacet
 facet normal -0.78546995 0.6188998 1.2230952e-05
  outer loop
   vertex -0.081410946 -0.0050000022 0.037511956
   vertex -0.081410959 -0.0050000013 0.036610961
   vertex -0.082411399 -0.0062696988 0.03662509
  endloop
 endfacet
 facet normal -0.78546995 0.6188998 1.2230952e-05
  outer loop
   vertex -0.081410946 -0.0050000022 0.037511956
   vertex -0.082411399 -0.0062696988 0.03662509
   vertex -0.082411476 -0.0062751804 0.037520001
  endloop
 endfacet
 facet normal -0.7896923 0.61350309 0.00019151216
  outer loop
   vertex -0.081410584 -0.0050000345 0.042869667
   vertex -0.081410783 -0.0050000144 0.041984292
   vertex -0.08241265 -0.0062896065 0.041995362
  endloop
 endfacet
 facet normal -0.7896923 0.61350309 0.00019151216
  outer loop
   vertex -0.081410584 -0.0050000345 0.042869667
   vertex -0.08241265 -0.0062896065 0.041995362
   vertex -0.082413702 -0.0063009738 0.042887404
  endloop
 endfacet
 facet normal -0.79205289 0.61045247 5.6199088e-05
  outer loop
   vertex -0.081410783 -0.0050000144 0.041984292
   vertex -0.081410842 -0.0050000092 0.041090201
   vertex -0.08241269 -0.0062998933 0.041104007
  endloop
 endfacet
 facet normal -0.79205289 0.61045247 5.6199088e-05
  outer loop
   vertex -0.081410783 -0.0050000144 0.041984292
   vertex -0.08241269 -0.0062998933 0.041104007
   vertex -0.08241265 -0.0062896065 0.041995362
  endloop
 endfacet
 facet normal 0.78763945 0.61607747 0.0085236929
  outer loop
   vertex -0.089410974 -0.0050000242 0.042872961
   vertex -0.088411114 -0.0062784186 0.042880088
   vertex -0.08841089 -0.0062663447 0.041986676
  endloop
 endfacet
 facet normal 0.78763945 0.61607747 0.0085236929
  outer loop
   vertex -0.089410974 -0.0050000242 0.042872961
   vertex -0.08841089 -0.0062663447 0.041986676
   vertex -0.089410975 -0.0050000115 0.04197871
  endloop
 endfacet
 facet normal 0.78263875 0.62247618 8.7066774e-07
  outer loop
   vertex -0.089410976 -0.0049999999 0.035718769
   vertex -0.089410975 -0.0050000012 0.036615863
   vertex -0.088410835 -0.006257477 0.036620491
  endloop
 endfacet
 facet normal 0.78263875 0.62247618 8.7066774e-07
  outer loop
   vertex -0.089410976 -0.0049999999 0.035718769
   vertex -0.088410835 -0.006257477 0.036620491
   vertex -0.088410882 -0.0062480824 0.035724424
  endloop
 endfacet
 facet normal 0.78341463 0.62149527 0.0022666218
  outer loop
   vertex -0.089410975 -0.0050000021 0.037507235
   vertex -0.088410822 -0.0062607559 0.037515123
   vertex -0.088410835 -0.006257477 0.036620491
  endloop
 endfacet
 facet normal 0.78341463 0.62149527 0.0022666218
  outer loop
   vertex -0.089410975 -0.0050000021 0.037507235
   vertex -0.088410835 -0.006257477 0.036620491
   vertex -0.089410975 -0.0050000012 0.036615863
  endloop
 endfacet
 facet normal -0.11077571 0.83125841 -0.54473682
  outer loop
   vertex -0.082410881 -0.0056979954 0.050035275
   vertex -0.082409224 -0.0052147589 0.050772348
   vertex -0.081885571 -0.0050243228 0.050956462
  endloop
 endfacet
 facet normal -0.11077571 0.83125841 -0.54473682
  outer loop
   vertex -0.082410881 -0.0056979954 0.050035275
   vertex -0.081885571 -0.0050243228 0.050956462
   vertex -0.082042684 -0.0053125516 0.050251572
  endloop
 endfacet
 facet normal -6.0112789e-06 -0.9659257 0.25881953
  outer loop
   vertex -0.086648672 -0.0011815841 0.028771728
   vertex -0.085745992 -0.0011824432 0.028768543
   vertex -0.085746455 -0.00097878546 0.029528602
  endloop
 endfacet
 facet normal -6.0112789e-06 -0.9659257 0.25881953
  outer loop
   vertex -0.086648672 -0.0011815841 0.028771728
   vertex -0.085746455 -0.00097878546 0.029528602
   vertex -0.086648457 -0.00097820079 0.029530758
  endloop
 endfacet
 facet normal -9.4465355e-07 -0.9659257 0.25881953
  outer loop
   vertex -0.085746455 -0.00097878546 0.029528602
   vertex -0.085745992 -0.0011824432 0.028768543
   vertex -0.084861647 -0.0011826966 0.0287676
  endloop
 endfacet
 facet normal -9.4465355e-07 -0.9659257 0.25881953
  outer loop
   vertex -0.085746455 -0.00097878546 0.029528602
   vertex -0.084861647 -0.0011826966 0.0287676
   vertex -0.08486289 -0.00097887579 0.02952827
  endloop
 endfacet
 facet normal 0.049387618 0.22354406 0.97344179
  outer loop
   vertex -0.08298113 -0.0035083505 0.026002553
   vertex -0.082325013 -0.0034227716 0.025949612
   vertex -0.082430694 -0.0027303945 0.025795975
  endloop
 endfacet
 facet normal 0.049387618 0.22354406 0.97344179
  outer loop
   vertex -0.08298113 -0.0035083505 0.026002553
   vertex -0.082430694 -0.0027303945 0.025795975
   vertex -0.083016966 -0.0027950516 0.025813088
  endloop
 endfacet
 facet normal 8.0334817e-06 0.25873111 0.96594938
  outer loop
   vertex -0.085720885 -0.0027797194 0.02580976
   vertex -0.085724556 -0.0035041552 0.026003802
   vertex -0.084821105 -0.0035080463 0.026004837
  endloop
 endfacet
 facet normal 8.0334817e-06 0.25873111 0.96594938
  outer loop
   vertex -0.085720885 -0.0027797194 0.02580976
   vertex -0.084821105 -0.0035080463 0.026004837
   vertex -0.084821714 -0.0027830582 0.025810672
  endloop
 endfacet
 facet normal -0.00032199526 0.25873265 0.96594892
  outer loop
   vertex -0.08662934 -0.0035011281 0.026002689
   vertex -0.085724556 -0.0035041552 0.026003802
   vertex -0.085720885 -0.0027797194 0.02580976
  endloop
 endfacet
 facet normal -0.00032199526 0.25873265 0.96594892
  outer loop
   vertex -0.08662934 -0.0035011281 0.026002689
   vertex -0.085720885 -0.0027797194 0.02580976
   vertex -0.08662285 -0.0027742059 0.025808062
  endloop
 endfacet
 facet normal 2.4558486e-16 -0.96592583 0.25881903
  outer loop
   vertex -0.083163118 -0.0011831552 0.028765889
   vertex -0.082410976 -0.0011914812 0.028734816
   vertex -0.082410976 -0.00097358331 0.029548022
  endloop
 endfacet
 facet normal 2.4558486e-16 -0.96592583 0.25881903
  outer loop
   vertex -0.083163118 -0.0011831552 0.028765889
   vertex -0.082410976 -0.00097358331 0.029548022
   vertex -0.0831661 -0.00097726077 0.029534297
  endloop
 endfacet
 facet normal 0.99999595 0.001780087 0.0022188461
  outer loop
   vertex -0.088410688 -0.010654279 0.027919988
   vertex -0.088412224 -0.010700812 0.028649473
   vertex -0.088410714 -0.01156392 0.028661355
  endloop
 endfacet
 facet normal 0.99999595 0.001780087 0.0022188461
  outer loop
   vertex -0.088410688 -0.010654279 0.027919988
   vertex -0.088410714 -0.01156392 0.028661355
   vertex -0.088410842 -0.011688162 0.028197014
  endloop
 endfacet
 facet normal 0.99999845 0.0017468288 -0.00019744251
  outer loop
   vertex -0.088410714 -0.01156392 0.028661355
   vertex -0.088412224 -0.010700812 0.028649473
   vertex -0.088412013 -0.010729695 0.029462692
  endloop
 endfacet
 facet normal 0.99999845 0.0017468288 -0.00019744251
  outer loop
   vertex -0.088410714 -0.01156392 0.028661355
   vertex -0.088412013 -0.010729695 0.029462692
   vertex -0.088410202 -0.011358002 0.029429867
  endloop
 endfacet
 facet normal -4.6397699e-05 0.96592601 -0.25881835
  outer loop
   vertex -0.085750976 -0.010639831 0.032110131
   vertex -0.085748282 -0.010849714 0.031326835
   vertex -0.086660481 -0.010849853 0.03132648
  endloop
 endfacet
 facet normal -4.6397699e-05 0.96592601 -0.25881835
  outer loop
   vertex -0.085750976 -0.010639831 0.032110131
   vertex -0.086660481 -0.010849853 0.03132648
   vertex -0.086667181 -0.010639186 0.032112543
  endloop
 endfacet
 facet normal -2.0549531e-06 -0.9659261 0.25881803
  outer loop
   vertex -0.086645716 0.0026034723 0.042897768
   vertex -0.085745624 0.0026030277 0.042896116
   vertex -0.085746329 0.0028131908 0.043680458
  endloop
 endfacet
 facet normal -2.0549531e-06 -0.9659261 0.25881803
  outer loop
   vertex -0.086645716 0.0026034723 0.042897768
   vertex -0.085746329 0.0028131908 0.043680458
   vertex -0.086648391 0.0028133678 0.043681145
  endloop
 endfacet
 facet normal -2.0555002e-06 -0.96592617 0.25881776
  outer loop
   vertex -0.085744643 0.0023879625 0.042093477
   vertex -0.085745624 0.0026030277 0.042896116
   vertex -0.086645716 0.0026034723 0.042897768
  endloop
 endfacet
 facet normal -2.0555002e-06 -0.96592617 0.25881776
  outer loop
   vertex -0.085744643 0.0023879625 0.042093477
   vertex -0.086645716 0.0026034723 0.042897768
   vertex -0.086641881 0.0023883421 0.042094866
  endloop
 endfacet
 facet normal -0.0028526259 0.96614713 -0.25797596
  outer loop
   vertex -0.082410976 -0.010620769 0.032180847
   vertex -0.082410974 -0.010841803 0.031353049
   vertex -0.083145168 -0.010852556 0.031320896
  endloop
 endfacet
 facet normal -0.0028526259 0.96614713 -0.25797596
  outer loop
   vertex -0.082410976 -0.010620769 0.032180847
   vertex -0.083145168 -0.010852556 0.031320896
   vertex -0.083144559 -0.01063611 0.032125074
  endloop
 endfacet
 facet normal 7.9165107e-06 0.96592469 -0.2588233
  outer loop
   vertex -0.085750976 -0.010639831 0.032110131
   vertex -0.084843636 -0.01063985 0.032110087
   vertex -0.084846292 -0.010849741 0.031326775
  endloop
 endfacet
 facet normal 7.9165107e-06 0.96592469 -0.2588233
  outer loop
   vertex -0.085750976 -0.010639831 0.032110131
   vertex -0.084846292 -0.010849741 0.031326775
   vertex -0.085748282 -0.010849714 0.031326835
  endloop
 endfacet
 facet normal -2.449405e-07 -0.9659261 0.25881804
  outer loop
   vertex -0.085746329 0.0028131908 0.043680458
   vertex -0.085745624 0.0026030277 0.042896116
   vertex -0.08486401 0.0026029201 0.042895715
  endloop
 endfacet
 facet normal -2.449405e-07 -0.9659261 0.25881804
  outer loop
   vertex -0.085746329 0.0028131908 0.043680458
   vertex -0.08486401 0.0026029201 0.042895715
   vertex -0.084862956 0.0028128844 0.043679312
  endloop
 endfacet
 facet normal 8.6540133e-17 -0.96592583 0.25881903
  outer loop
   vertex -0.083170074 0.0026043237 0.042900953
   vertex -0.082410976 0.0026091643 0.042919019
   vertex -0.082410976 0.0028144799 0.043685267
  endloop
 endfacet
 facet normal 8.6540133e-17 -0.96592583 0.25881903
  outer loop
   vertex -0.083170074 0.0026043237 0.042900953
   vertex -0.082410976 0.0028144799 0.043685267
   vertex -0.083166096 0.0028123955 0.043677488
  endloop
 endfacet
 facet normal -2.450757e-07 -0.96592617 0.25881776
  outer loop
   vertex -0.08486401 0.0026029201 0.042895715
   vertex -0.085745624 0.0026030277 0.042896116
   vertex -0.085744643 0.0023879625 0.042093477
  endloop
 endfacet
 facet normal -2.450757e-07 -0.96592617 0.25881776
  outer loop
   vertex -0.08486401 0.0026029201 0.042895715
   vertex -0.085744643 0.0023879625 0.042093477
   vertex -0.084865337 0.0023879113 0.042093291
  endloop
 endfacet
 facet normal 1.2397985e-16 -0.96592583 0.25881903
  outer loop
   vertex -0.082410976 0.0023907812 0.042104002
   vertex -0.082410976 0.0026091643 0.042919019
   vertex -0.083170074 0.0026043237 0.042900953
  endloop
 endfacet
 facet normal 1.2397985e-16 -0.96592583 0.25881903
  outer loop
   vertex -0.082410976 0.0023907812 0.042104002
   vertex -0.083170074 0.0026043237 0.042900953
   vertex -0.083177274 0.0023891317 0.042097846
  endloop
 endfacet
 facet normal 0.05182859 0.20700923 0.97696519
  outer loop
   vertex -0.082100242 -0.0044872022 0.02616323
   vertex -0.082325013 -0.0034227716 0.025949612
   vertex -0.08298113 -0.0035083505 0.026002553
  endloop
 endfacet
 facet normal 0.05182859 0.20700923 0.97696519
  outer loop
   vertex -0.082100242 -0.0044872022 0.02616323
   vertex -0.08298113 -0.0035083505 0.026002553
   vertex -0.082975671 -0.0043093212 0.026211936
  endloop
 endfacet
 facet normal 8.4843024e-06 0.25882882 0.96592321
  outer loop
   vertex -0.084821105 -0.0035080463 0.026004837
   vertex -0.085724556 -0.0035041552 0.026003802
   vertex -0.085727754 -0.004228781 0.026197973
  endloop
 endfacet
 facet normal 8.4843024e-06 0.25882882 0.96592321
  outer loop
   vertex -0.084821105 -0.0035080463 0.026004837
   vertex -0.085727754 -0.004228781 0.026197973
   vertex -0.084823349 -0.0042334374 0.026199129
  endloop
 endfacet
 facet normal 0.99999932 0.0010802953 0.00044517269
  outer loop
   vertex -0.088410335 -0.0062385617 0.028498274
   vertex -0.088409347 -0.0071420592 0.028472938
   vertex -0.088408968 -0.0071391684 0.027614007
  endloop
 endfacet
 facet normal 0.99999932 0.0010802953 0.00044517269
  outer loop
   vertex -0.088410335 -0.0062385617 0.028498274
   vertex -0.088408968 -0.0071391684 0.027614007
   vertex -0.0884091 -0.0062573419 0.027630815
  endloop
 endfacet
 facet normal -0.00032163691 0.25883017 0.96592279
  outer loop
   vertex -0.085727754 -0.004228781 0.026197973
   vertex -0.085724556 -0.0035041552 0.026003802
   vertex -0.08662934 -0.0035011281 0.026002689
  endloop
 endfacet
 facet normal -0.00032163691 0.25883017 0.96592279
  outer loop
   vertex -0.085727754 -0.004228781 0.026197973
   vertex -0.08662934 -0.0035011281 0.026002689
   vertex -0.086633229 -0.0042284893 0.026197574
  endloop
 endfacet
 facet normal -0.99999975 0.00068690632 -0.0001591257
  outer loop
   vertex -0.082411921 -0.0072071463 0.035740419
   vertex -0.082411268 -0.0062582214 0.035728247
   vertex -0.082411117 -0.0062470912 0.034831396
  endloop
 endfacet
 facet normal -0.99999975 0.00068690632 -0.0001591257
  outer loop
   vertex -0.082411921 -0.0072071463 0.035740419
   vertex -0.082411117 -0.0062470912 0.034831396
   vertex -0.082411352 -0.0071853449 0.034840432
  endloop
 endfacet
 facet normal -1 2.0610918e-05 -3.7470766e-05
  outer loop
   vertex -0.082410976 -0.0071471629 0.032143014
   vertex -0.08241101 -0.0071552613 0.033042963
   vertex -0.082410991 -0.0062318714 0.033038272
  endloop
 endfacet
 facet normal -1 2.0610918e-05 -3.7470766e-05
  outer loop
   vertex -0.082410976 -0.0071471629 0.032143014
   vertex -0.082410991 -0.0062318714 0.033038272
   vertex -0.082410976 -0.0062278642 0.032139775
  endloop
 endfacet
 facet normal -0.99999854 -0.00010680278 0.0017080379
  outer loop
   vertex -0.082413491 -0.0071516587 0.028441263
   vertex -0.082411881 -0.0071470809 0.029384318
   vertex -0.082411957 -0.0062304288 0.029397029
  endloop
 endfacet
 facet normal -0.99999854 -0.00010680278 0.0017080379
  outer loop
   vertex -0.082413491 -0.0071516587 0.028441263
   vertex -0.082411957 -0.0062304288 0.029397029
   vertex -0.082413729 -0.0062386507 0.028466142
  endloop
 endfacet
 facet normal -1 5.4117069e-17 1.5360465e-14
  outer loop
   vertex -0.082410976 -0.0071471629 0.032143014
   vertex -0.082410976 -0.0062278642 0.032139775
   vertex -0.082410976 -0.0062262541 0.031236295
  endloop
 endfacet
 facet normal -1 5.4117069e-17 1.5360465e-14
  outer loop
   vertex -0.082410976 -0.0071471629 0.032143014
   vertex -0.082410976 -0.0062262541 0.031236295
   vertex -0.082410976 -0.0071444809 0.031237653
  endloop
 endfacet
 facet normal 0.99999946 0.00093518084 0.00044468436
  outer loop
   vertex -0.088408968 -0.0071391684 0.027614007
   vertex -0.088409347 -0.0071420592 0.028472938
   vertex -0.088408458 -0.0080728947 0.028430686
  endloop
 endfacet
 facet normal 0.99999946 0.00093518084 0.00044468436
  outer loop
   vertex -0.088408968 -0.0071391684 0.027614007
   vertex -0.088408458 -0.0080728947 0.028430686
   vertex -0.088410899 -0.0081582464 0.027257232
  endloop
 endfacet
 facet normal 0.99999779 -0.00015419047 0.0020954631
  outer loop
   vertex -0.088411948 -0.009870958 0.028578741
   vertex -0.088412224 -0.010700812 0.028649473
   vertex -0.088410688 -0.010654279 0.027919988
  endloop
 endfacet
 facet normal 0.99999779 -0.00015419047 0.0020954631
  outer loop
   vertex -0.088411948 -0.009870958 0.028578741
   vertex -0.088410688 -0.010654279 0.027919988
   vertex -0.08841009 -0.0098737685 0.027710873
  endloop
 endfacet
 facet normal 0.99998948 -0.0025605574 -0.003805874
  outer loop
   vertex -0.088410505 -0.0074793428 0.043847972
   vertex -0.088413369 -0.007131276 0.042861484
   vertex -0.088411114 -0.0062784186 0.042880088
  endloop
 endfacet
 facet normal 0.99998948 -0.0025605574 -0.003805874
  outer loop
   vertex -0.088410505 -0.0074793428 0.043847972
   vertex -0.088411114 -0.0062784186 0.042880088
   vertex -0.088410245 -0.0063246375 0.043780186
  endloop
 endfacet
 facet normal 0.77666351 0.60244957 -0.18397907
  outer loop
   vertex -0.088408943 -0.0067053577 0.046542504
   vertex -0.088367977 -0.0068731638 0.046165953
   vertex -0.088386932 -0.0070423332 0.045531981
  endloop
 endfacet
 facet normal 0.77666351 0.60244957 -0.18397907
  outer loop
   vertex -0.088408943 -0.0067053577 0.046542504
   vertex -0.088386932 -0.0070423332 0.045531981
   vertex -0.088424335 -0.0063107075 0.045553234
  endloop
 endfacet
 facet normal 0.99992746 0.011971675 0.0013217752
  outer loop
   vertex -0.088405625 -0.007772472 0.04281121
   vertex -0.088413369 -0.007131276 0.042861484
   vertex -0.088410505 -0.0074793428 0.043847972
  endloop
 endfacet
 facet normal 0.99992746 0.011971675 0.0013217752
  outer loop
   vertex -0.088405625 -0.007772472 0.04281121
   vertex -0.088410505 -0.0074793428 0.043847972
   vertex -0.088398432 -0.0076028708 0.043445273
  endloop
 endfacet
 facet normal 0.99999995 0.00024324623 -0.00019865845
  outer loop
   vertex -0.088411053 -0.0098276917 0.032157139
   vertex -0.088410855 -0.010620872 0.032180875
   vertex -0.088410966 -0.010841977 0.031353095
  endloop
 endfacet
 facet normal 0.99999995 0.00024324623 -0.00019865845
  outer loop
   vertex -0.088411053 -0.0098276917 0.032157139
   vertex -0.088410966 -0.010841977 0.031353095
   vertex -0.088410759 -0.0098909454 0.031270599
  endloop
 endfacet
 facet normal 0.99999891 0.00090215146 0.0011723294
  outer loop
   vertex -0.088408458 -0.0080728947 0.028430686
   vertex -0.088409347 -0.0071420592 0.028472938
   vertex -0.088410448 -0.0071328451 0.029404385
  endloop
 endfacet
 facet normal 0.99999891 0.00090215146 0.0011723294
  outer loop
   vertex -0.088408458 -0.0080728947 0.028430686
   vertex -0.088410448 -0.0071328451 0.029404385
   vertex -0.088410394 -0.0080646198 0.029393222
  endloop
 endfacet
 facet normal 1 6.9525582e-06 7.9721067e-09
  outer loop
   vertex -0.088410981 -0.0071270216 0.031240708
   vertex -0.088410981 -0.0071280556 0.032142491
   vertex -0.088410975 -0.0080610469 0.032146811
  endloop
 endfacet
 facet normal 1 6.9525582e-06 7.9721067e-09
  outer loop
   vertex -0.088410981 -0.0071270216 0.031240708
   vertex -0.088410975 -0.0080610469 0.032146811
   vertex -0.088410958 -0.0080611214 0.031244257
  endloop
 endfacet
 facet normal 0.9999999 -0.00035599228 -0.00027212939
  outer loop
   vertex -0.088412013 -0.010729695 0.029462692
   vertex -0.088412224 -0.010700812 0.028649473
   vertex -0.088411948 -0.009870958 0.028578741
  endloop
 endfacet
 facet normal 0.9999999 -0.00035599228 -0.00027212939
  outer loop
   vertex -0.088412013 -0.010729695 0.029462692
   vertex -0.088411948 -0.009870958 0.028578741
   vertex -0.088411183 -0.0098988752 0.029448424
  endloop
 endfacet
 facet normal 0.99999997 0.00024962935 1.4646599e-05
  outer loop
   vertex -0.08841092 -0.010407271 0.032978053
   vertex -0.088410855 -0.010620872 0.032180875
   vertex -0.088411053 -0.0098276917 0.032157139
  endloop
 endfacet
 facet normal 0.99999997 0.00024962935 1.4646599e-05
  outer loop
   vertex -0.08841092 -0.010407271 0.032978053
   vertex -0.088411053 -0.0098276917 0.032157139
   vertex -0.088411022 -0.0098147445 0.033031772
  endloop
 endfacet
 facet normal 0.9999989 0.0014476302 -0.00033292784
  outer loop
   vertex -0.088410765 -0.0071593945 0.0348343
   vertex -0.088410438 -0.007178664 0.035732187
   vertex -0.088409043 -0.0081399868 0.035743118
  endloop
 endfacet
 facet normal 0.9999989 0.0014476302 -0.00033292784
  outer loop
   vertex -0.088410765 -0.0071593945 0.0348343
   vertex -0.088409043 -0.0081399868 0.035743118
   vertex -0.088410349 -0.0081087327 0.034842372
  endloop
 endfacet
 facet normal -0.00011581251 0.96593966 -0.25876738
  outer loop
   vertex -0.086666639 -0.0096964808 0.035631364
   vertex -0.085750658 -0.0096963081 0.035631599
   vertex -0.085749739 -0.0098986156 0.034876415
  endloop
 endfacet
 facet normal -0.00011581251 0.96593966 -0.25876738
  outer loop
   vertex -0.086666639 -0.0096964808 0.035631364
   vertex -0.085749739 -0.0098986156 0.034876415
   vertex -0.086663886 -0.009898815 0.03487591
  endloop
 endfacet
 facet normal 1 6.8688285e-06 -1.8075338e-05
  outer loop
   vertex -0.088410975 -0.0080610469 0.032146811
   vertex -0.088410981 -0.0071280556 0.032142491
   vertex -0.088410965 -0.0071341516 0.033040321
  endloop
 endfacet
 facet normal 1 6.8688285e-06 -1.8075338e-05
  outer loop
   vertex -0.088410975 -0.0080610469 0.032146811
   vertex -0.088410965 -0.0071341516 0.033040321
   vertex -0.088410952 -0.0080712494 0.03304545
  endloop
 endfacet
 facet normal 0.99992712 0.011930293 0.0018495137
  outer loop
   vertex -0.088411661 -0.0071392153 0.041989711
   vertex -0.088413369 -0.007131276 0.042861484
   vertex -0.088405625 -0.007772472 0.04281121
  endloop
 endfacet
 facet normal 0.99992712 0.011930293 0.0018495137
  outer loop
   vertex -0.088411661 -0.0071392153 0.041989711
   vertex -0.088405625 -0.007772472 0.04281121
   vertex -0.088408629 -0.0079860043 0.042014014
  endloop
 endfacet
 facet normal 0.99999793 -0.0013399265 -0.0015329126
  outer loop
   vertex -0.0884106 -0.0080877738 0.039301235
   vertex -0.088409403 -0.007207885 0.039313282
   vertex -0.088408076 -0.0072501138 0.040215413
  endloop
 endfacet
 facet normal 0.99999793 -0.0013399265 -0.0015329126
  outer loop
   vertex -0.0884106 -0.0080877738 0.039301235
   vertex -0.088408076 -0.0072501138 0.040215413
   vertex -0.088410716 -0.0084346259 0.040295094
  endloop
 endfacet
 facet normal 0.99999893 0.0014492302 -0.00019222339
  outer loop
   vertex -0.088409043 -0.0081399868 0.035743118
   vertex -0.088410438 -0.007178664 0.035732187
   vertex -0.088410234 -0.0072005605 0.036631123
  endloop
 endfacet
 facet normal 0.99999893 0.0014492302 -0.00019222339
  outer loop
   vertex -0.088409043 -0.0081399868 0.035743118
   vertex -0.088410234 -0.0072005605 0.036631123
   vertex -0.088407647 -0.0081928879 0.036649794
  endloop
 endfacet
 facet normal -0.00011581763 0.96594413 -0.2587507
  outer loop
   vertex -0.085750081 -0.0094990873 0.036367845
   vertex -0.085750658 -0.0096963081 0.035631599
   vertex -0.086666639 -0.0096964808 0.035631364
  endloop
 endfacet
 facet normal -0.00011581763 0.96594413 -0.2587507
  outer loop
   vertex -0.085750081 -0.0094990873 0.036367845
   vertex -0.086666639 -0.0096964808 0.035631364
   vertex -0.086666962 -0.0095000622 0.036365074
  endloop
 endfacet
 facet normal 0.99999851 -0.0013461342 -0.0010795895
  outer loop
   vertex -0.088410348 -0.0071921898 0.038418124
   vertex -0.088409403 -0.007207885 0.039313282
   vertex -0.0884106 -0.0080877738 0.039301235
  endloop
 endfacet
 facet normal 0.99999851 -0.0013461342 -0.0010795895
  outer loop
   vertex -0.088410348 -0.0071921898 0.038418124
   vertex -0.0884106 -0.0080877738 0.039301235
   vertex -0.088411088 -0.0080908715 0.038427734
  endloop
 endfacet
 facet normal 0.00012092383 0.9659475 -0.25873811
  outer loop
   vertex -0.085750269 -0.0068639187 0.046202727
   vertex -0.084849954 -0.0068638646 0.04620335
   vertex -0.084848209 -0.0070618734 0.045464124
  endloop
 endfacet
 facet normal 0.00012092383 0.9659475 -0.25873811
  outer loop
   vertex -0.085750269 -0.0068639187 0.046202727
   vertex -0.084848209 -0.0070618734 0.045464124
   vertex -0.085750705 -0.0070618822 0.045463699
  endloop
 endfacet
 facet normal -0.054497719 0.97491929 -0.21578318
  outer loop
   vertex -0.08241898 -0.0068729641 0.0461659
   vertex -0.08241085 -0.0070144702 0.045524515
   vertex -0.083154467 -0.0070672539 0.045473842
  endloop
 endfacet
 facet normal -0.054497719 0.97491929 -0.21578318
  outer loop
   vertex -0.08241898 -0.0068729641 0.0461659
   vertex -0.083154467 -0.0070672539 0.045473842
   vertex -0.083143996 -0.0068740352 0.046194777
  endloop
 endfacet
 facet normal 3.4585532e-05 0.96593971 -0.25876721
  outer loop
   vertex -0.085749739 -0.0098986156 0.034876415
   vertex -0.085750658 -0.0096963081 0.035631599
   vertex -0.084844249 -0.0096962035 0.03563211
  endloop
 endfacet
 facet normal 3.4585532e-05 0.96593971 -0.25876721
  outer loop
   vertex -0.085749739 -0.0098986156 0.034876415
   vertex -0.084844249 -0.0096962035 0.03563211
   vertex -0.084845468 -0.009898536 0.034876756
  endloop
 endfacet
 facet normal -0.0055437372 0.96570322 -0.25958923
  outer loop
   vertex -0.08314682 -0.0096965069 0.035640464
   vertex -0.082410976 -0.0096760862 0.035700717
   vertex -0.082410974 -0.0098901072 0.034904533
  endloop
 endfacet
 facet normal -0.0055437372 0.96570322 -0.25958923
  outer loop
   vertex -0.08314682 -0.0096965069 0.035640464
   vertex -0.082410974 -0.0098901072 0.034904533
   vertex -0.083144304 -0.0099007421 0.034872438
  endloop
 endfacet
 facet normal -0.99999955 0.000880581 -0.00034276964
  outer loop
   vertex -0.082411921 -0.0072071463 0.035740419
   vertex -0.082412251 -0.0072314358 0.036641186
   vertex -0.082411399 -0.0062696988 0.03662509
  endloop
 endfacet
 facet normal -0.99999955 0.000880581 -0.00034276964
  outer loop
   vertex -0.082411921 -0.0072071463 0.035740419
   vertex -0.082411399 -0.0062696988 0.03662509
   vertex -0.082411268 -0.0062582214 0.035728247
  endloop
 endfacet
 facet normal -0.99999532 0.0029857571 -0.00067228996
  outer loop
   vertex -0.082415181 -0.0072448634 0.039320362
   vertex -0.082412324 -0.0062902313 0.039310326
   vertex -0.082411689 -0.0062794732 0.03841419
  endloop
 endfacet
 facet normal -0.99999532 0.0029857571 -0.00067228996
  outer loop
   vertex -0.082415181 -0.0072448634 0.039320362
   vertex -0.082411689 -0.0062794732 0.03841419
   vertex -0.08241283 -0.0072284988 0.038426219
  endloop
 endfacet
 facet normal -0.99999847 0.0013089665 -0.0011627215
  outer loop
   vertex -0.082414818 -0.0071699686 0.042869078
   vertex -0.082413702 -0.0063009738 0.042887404
   vertex -0.08241265 -0.0062896065 0.041995362
  endloop
 endfacet
 facet normal -0.99999847 0.0013089665 -0.0011627215
  outer loop
   vertex -0.082414818 -0.0071699686 0.042869078
   vertex -0.08241265 -0.0062896065 0.041995362
   vertex -0.082413745 -0.0071753684 0.042000194
  endloop
 endfacet
 facet normal -0.99999195 0.0038252669 -0.0012121259
  outer loop
   vertex -0.082415181 -0.0072448634 0.039320362
   vertex -0.082416429 -0.0072848135 0.040224362
   vertex -0.082412664 -0.0063053917 0.040209012
  endloop
 endfacet
 facet normal -0.99999195 0.0038252669 -0.0012121259
  outer loop
   vertex -0.082415181 -0.0072448634 0.039320362
   vertex -0.082412664 -0.0063053917 0.040209012
   vertex -0.082412324 -0.0062902313 0.039310326
  endloop
 endfacet
 facet normal 3.4575779e-05 0.96594411 -0.25875082
  outer loop
   vertex -0.084844249 -0.0096962035 0.03563211
   vertex -0.085750658 -0.0096963081 0.035631599
   vertex -0.085750081 -0.0094990873 0.036367845
  endloop
 endfacet
 facet normal 3.4575779e-05 0.96594411 -0.25875082
  outer loop
   vertex -0.084844249 -0.0096962035 0.03563211
   vertex -0.085750081 -0.0094990873 0.036367845
   vertex -0.084844625 -0.0094989514 0.036368528
  endloop
 endfacet
 facet normal -0.0058222528 0.96653475 -0.25646965
  outer loop
   vertex -0.08241159 -0.0095079428 0.036334398
   vertex -0.082410976 -0.0096760862 0.035700717
   vertex -0.08314682 -0.0096965069 0.035640464
  endloop
 endfacet
 facet normal -0.0058222528 0.96653475 -0.25646965
  outer loop
   vertex -0.08241159 -0.0095079428 0.036334398
   vertex -0.08314682 -0.0096965069 0.035640464
   vertex -0.083135762 -0.0095050229 0.03635678
  endloop
 endfacet
 facet normal 3.0887605e-16 -0.96592583 0.25881903
  outer loop
   vertex -0.08396152 -0.001762441 0.026603965
   vertex -0.083980639 -0.0015331916 0.027459535
   vertex -0.084851059 -0.0015372235 0.027444488
  endloop
 endfacet
 facet normal 3.0887605e-16 -0.96592583 0.25881903
  outer loop
   vertex -0.08396152 -0.001762441 0.026603965
   vertex -0.084851059 -0.0015372235 0.027444488
   vertex -0.084839245 -0.0017670228 0.026586865
  endloop
 endfacet
 facet normal -9.2799288e-07 -0.96592179 0.25883411
  outer loop
   vertex -0.084861647 -0.0011826966 0.0287676
   vertex -0.085745992 -0.0011824432 0.028768543
   vertex -0.08573962 -0.0015372115 0.027444612
  endloop
 endfacet
 facet normal -9.2799288e-07 -0.96592179 0.25883411
  outer loop
   vertex -0.084861647 -0.0011826966 0.0287676
   vertex -0.08573962 -0.0015372115 0.027444612
   vertex -0.084851059 -0.0015372235 0.027444488
  endloop
 endfacet
 facet normal 1.137601e-06 -0.96592583 0.25881905
  outer loop
   vertex -0.085729325 -0.0017670044 0.026586938
   vertex -0.084839245 -0.0017670228 0.026586865
   vertex -0.084851059 -0.0015372235 0.027444488
  endloop
 endfacet
 facet normal 1.137601e-06 -0.96592583 0.25881905
  outer loop
   vertex -0.085729325 -0.0017670044 0.026586938
   vertex -0.084851059 -0.0015372235 0.027444488
   vertex -0.08573962 -0.0015372115 0.027444612
  endloop
 endfacet
 facet normal -1.1351402e-15 -0.96592583 0.25881903
  outer loop
   vertex -0.083998126 -0.0011825796 0.028768037
   vertex -0.084861647 -0.0011826966 0.0287676
   vertex -0.084851059 -0.0015372235 0.027444488
  endloop
 endfacet
 facet normal -1.1351402e-15 -0.96592583 0.25881903
  outer loop
   vertex -0.083998126 -0.0011825796 0.028768037
   vertex -0.084851059 -0.0015372235 0.027444488
   vertex -0.083980639 -0.0015331916 0.027459535
  endloop
 endfacet
 facet normal 0.00011763743 -0.96594948 0.25873072
  outer loop
   vertex -0.087538428 -0.0017480313 0.026658255
   vertex -0.08663058 -0.0017624517 0.026604005
   vertex -0.086644622 -0.00153324 0.027459754
  endloop
 endfacet
 facet normal 0.00011763743 -0.96594948 0.25873072
  outer loop
   vertex -0.087538428 -0.0017480313 0.026658255
   vertex -0.086644622 -0.00153324 0.027459754
   vertex -0.087555959 -0.0015230917 0.02749829
  endloop
 endfacet
 facet normal -5.7184539e-06 -0.96590496 0.25889691
  outer loop
   vertex -0.085745992 -0.0011824432 0.028768543
   vertex -0.086648672 -0.0011815841 0.028771728
   vertex -0.086644622 -0.00153324 0.027459754
  endloop
 endfacet
 facet normal -5.7184539e-06 -0.96590496 0.25889691
  outer loop
   vertex -0.085745992 -0.0011824432 0.028768543
   vertex -0.086644622 -0.00153324 0.027459754
   vertex -0.08573962 -0.0015372115 0.027444612
  endloop
 endfacet
 facet normal 9.1025126e-05 -0.96593125 0.25879878
  outer loop
   vertex -0.085729325 -0.0017670044 0.026586938
   vertex -0.08573962 -0.0015372115 0.027444612
   vertex -0.086644622 -0.00153324 0.027459754
  endloop
 endfacet
 facet normal 9.1025126e-05 -0.96593125 0.25879878
  outer loop
   vertex -0.085729325 -0.0017670044 0.026586938
   vertex -0.086644622 -0.00153324 0.027459754
   vertex -0.08663058 -0.0017624517 0.026604005
  endloop
 endfacet
 facet normal -2.7857075e-05 -0.96586569 0.25904338
  outer loop
   vertex -0.086648672 -0.0011815841 0.028771728
   vertex -0.087557212 -0.001180332 0.028776299
   vertex -0.087555959 -0.0015230917 0.02749829
  endloop
 endfacet
 facet normal -2.7857075e-05 -0.96586569 0.25904338
  outer loop
   vertex -0.086648672 -0.0011815841 0.028771728
   vertex -0.087555959 -0.0015230917 0.02749829
   vertex -0.086644622 -0.00153324 0.027459754
  endloop
 endfacet
 facet normal -2.9080871e-05 -0.96592644 0.25881675
  outer loop
   vertex -0.087556078 -0.00097702796 0.029535047
   vertex -0.087557212 -0.001180332 0.028776299
   vertex -0.086648672 -0.0011815841 0.028771728
  endloop
 endfacet
 facet normal -2.9080871e-05 -0.96592644 0.25881675
  outer loop
   vertex -0.087556078 -0.00097702796 0.029535047
   vertex -0.086648672 -0.0011815841 0.028771728
   vertex -0.086648457 -0.00097820079 0.029530758
  endloop
 endfacet
 facet normal -7.6020975e-06 -0.96593274 0.25879323
  outer loop
   vertex -0.086649805 -0.00077445407 0.030291233
   vertex -0.086648457 -0.00097820079 0.029530758
   vertex -0.085746455 -0.00097878546 0.029528602
  endloop
 endfacet
 facet normal -7.6020975e-06 -0.96593274 0.25879323
  outer loop
   vertex -0.086649805 -0.00077445407 0.030291233
   vertex -0.085746455 -0.00097878546 0.029528602
   vertex -0.085746841 -0.00077460033 0.030290645
  endloop
 endfacet
 facet normal -5.9789254e-16 -0.96592583 0.25881903
  outer loop
   vertex -0.084000299 -0.00097846949 0.029529786
   vertex -0.08486289 -0.00097887579 0.02952827
   vertex -0.084861647 -0.0011826966 0.0287676
  endloop
 endfacet
 facet normal -5.9789254e-16 -0.96592583 0.25881903
  outer loop
   vertex -0.084000299 -0.00097846949 0.029529786
   vertex -0.084861647 -0.0011826966 0.0287676
   vertex -0.083998126 -0.0011825796 0.028768037
  endloop
 endfacet
 facet normal 2.3913931e-06 -0.96592693 0.25881493
  outer loop
   vertex -0.084862753 -0.00077460431 0.030290622
   vertex -0.085746841 -0.00077460033 0.030290645
   vertex -0.085746455 -0.00097878546 0.029528602
  endloop
 endfacet
 facet normal 2.3913931e-06 -0.96592693 0.25881493
  outer loop
   vertex -0.084862753 -0.00077460431 0.030290622
   vertex -0.085746455 -0.00097878546 0.029528602
   vertex -0.08486289 -0.00097887579 0.02952827
  endloop
 endfacet
 facet normal 0.99999875 0.0010599473 0.0011707683
  outer loop
   vertex -0.088410448 -0.0071328451 0.029404385
   vertex -0.088409347 -0.0071420592 0.028472938
   vertex -0.088410335 -0.0062385617 0.028498274
  endloop
 endfacet
 facet normal 0.99999875 0.0010599473 0.0011707683
  outer loop
   vertex -0.088410448 -0.0071328451 0.029404385
   vertex -0.088410335 -0.0062385617 0.028498274
   vertex -0.088410736 -0.0062279919 0.029415638
  endloop
 endfacet
 facet normal 1 -0 0
  outer loop
   vertex -0.088410981 -0.0071270216 0.031240708
   vertex -0.088410981 -0.0062232297 0.031239956
   vertex -0.088410981 -0.0062239646 0.032140457
  endloop
 endfacet
 facet normal 1 -0 0
  outer loop
   vertex -0.088410981 -0.0071270216 0.031240708
   vertex -0.088410981 -0.0062239646 0.032140457
   vertex -0.088410981 -0.0071280556 0.032142491
  endloop
 endfacet
 facet normal 0.99999998 0.00018338329 -5.6784455e-05
  outer loop
   vertex -0.088410765 -0.0071593945 0.0348343
   vertex -0.088410934 -0.0062388511 0.034828522
   vertex -0.088410882 -0.0062480824 0.035724424
  endloop
 endfacet
 facet normal 0.99999998 0.00018338329 -5.6784455e-05
  outer loop
   vertex -0.088410765 -0.0071593945 0.0348343
   vertex -0.088410882 -0.0062480824 0.035724424
   vertex -0.088410438 -0.007178664 0.035732187
  endloop
 endfacet
 facet normal 1 -4.0771126e-08 -1.8122252e-05
  outer loop
   vertex -0.088410965 -0.0071341516 0.033040321
   vertex -0.088410981 -0.0071280556 0.032142491
   vertex -0.088410981 -0.0062239646 0.032140457
  endloop
 endfacet
 facet normal 1 -4.0771126e-08 -1.8122252e-05
  outer loop
   vertex -0.088410965 -0.0071341516 0.033040321
   vertex -0.088410981 -0.0062239646 0.032140457
   vertex -0.088410977 -0.0062267699 0.033037379
  endloop
 endfacet
 facet normal 0.00022449966 0.25895017 0.96589066
  outer loop
   vertex -0.084845515 -0.0077834418 0.027150565
   vertex -0.084847174 -0.0090695678 0.027495369
   vertex -0.083971066 -0.0090620112 0.027493139
  endloop
 endfacet
 facet normal 0.00022449966 0.25895017 0.96589066
  outer loop
   vertex -0.084845515 -0.0077834418 0.027150565
   vertex -0.083971066 -0.0090620112 0.027493139
   vertex -0.083961637 -0.0077787949 0.027148723
  endloop
 endfacet
 facet normal -0.00020865096 0.25751893 0.96627323
  outer loop
   vertex -0.086666092 -0.0077829555 0.027150271
   vertex -0.087557157 -0.0077688392 0.027146317
   vertex -0.087531907 -0.0090413011 0.027485442
  endloop
 endfacet
 facet normal -0.00020865096 0.25751893 0.96627323
  outer loop
   vertex -0.086666092 -0.0077829555 0.027150271
   vertex -0.087531907 -0.0090413011 0.027485442
   vertex -0.086649796 -0.0090625838 0.027493394
  endloop
 endfacet
 facet normal 0.99999442 -0.0026868417 0.0019827647
  outer loop
   vertex -0.088411114 -0.0062784186 0.042880088
   vertex -0.088413369 -0.007131276 0.042861484
   vertex -0.088411661 -0.0071392153 0.041989711
  endloop
 endfacet
 facet normal 0.99999442 -0.0026868417 0.0019827647
  outer loop
   vertex -0.088411114 -0.0062784186 0.042880088
   vertex -0.088411661 -0.0071392153 0.041989711
   vertex -0.08841089 -0.0062663447 0.041986676
  endloop
 endfacet
 facet normal 0.99999695 0.0024650771 -0.00011800616
  outer loop
   vertex -0.088410595 -0.0062719045 0.039304088
   vertex -0.088410456 -0.0062855271 0.040201089
   vertex -0.088408076 -0.0072501138 0.040215413
  endloop
 endfacet
 facet normal 0.99999695 0.0024650771 -0.00011800616
  outer loop
   vertex -0.088410595 -0.0062719045 0.039304088
   vertex -0.088408076 -0.0072501138 0.040215413
   vertex -0.088409403 -0.007207885 0.039313282
  endloop
 endfacet
 facet normal 0.99999986 0.00047467595 -0.000215962
  outer loop
   vertex -0.088410234 -0.0072005605 0.036631123
   vertex -0.088410438 -0.007178664 0.035732187
   vertex -0.088410882 -0.0062480824 0.035724424
  endloop
 endfacet
 facet normal 0.99999986 0.00047467595 -0.000215962
  outer loop
   vertex -0.088410234 -0.0072005605 0.036631123
   vertex -0.088410882 -0.0062480824 0.035724424
   vertex -0.088410835 -0.006257477 0.036620491
  endloop
 endfacet
 facet normal 0.99999867 0.0012640187 -0.0010338246
  outer loop
   vertex -0.088410595 -0.0062719045 0.039304088
   vertex -0.088409403 -0.007207885 0.039313282
   vertex -0.088410348 -0.0071921898 0.038418124
  endloop
 endfacet
 facet normal 0.99999867 0.0012640187 -0.0010338246
  outer loop
   vertex -0.088410595 -0.0062719045 0.039304088
   vertex -0.088410348 -0.0071921898 0.038418124
   vertex -0.088410784 -0.0062630281 0.038408851
  endloop
 endfacet
 facet normal 2.6991417e-05 0.96586734 -0.2590372
  outer loop
   vertex -0.08753891 -0.0080011609 0.041957895
   vertex -0.086663705 -0.0080052658 0.04194268
   vertex -0.08665696 -0.0082166725 0.041154413
  endloop
 endfacet
 facet normal 2.6991417e-05 0.96586734 -0.2590372
  outer loop
   vertex -0.08753891 -0.0080011609 0.041957895
   vertex -0.08665696 -0.0082166725 0.041154413
   vertex -0.087538588 -0.0082200201 0.04115139
  endloop
 endfacet
 facet normal -2.6707251e-06 -0.96593211 0.25879558
  outer loop
   vertex -0.087557294 0.00092327965 0.036627201
   vertex -0.086649224 0.00092252502 0.036624393
   vertex -0.086651551 0.0011319085 0.037405899
  endloop
 endfacet
 facet normal -2.6707251e-06 -0.96593211 0.25879558
  outer loop
   vertex -0.087557294 0.00092327965 0.036627201
   vertex -0.086651551 0.0011319085 0.037405899
   vertex -0.087560318 0.0011317263 0.037405364
  endloop
 endfacet
 facet normal 0.00036460792 0.96592802 -0.25881062
  outer loop
   vertex -0.084848093 -0.0082166766 0.041153688
   vertex -0.084845233 -0.0080060741 0.041939699
   vertex -0.08396281 -0.0080057535 0.041942139
  endloop
 endfacet
 facet normal 0.00036460792 0.96592802 -0.25881062
  outer loop
   vertex -0.084848093 -0.0082166766 0.041153688
   vertex -0.08396281 -0.0080057535 0.041942139
   vertex -0.083969623 -0.0082171089 0.041154345
  endloop
 endfacet
 facet normal 2.1987078e-15 -0.96592583 0.25881903
  outer loop
   vertex -0.084862223 0.0011315551 0.037404506
   vertex -0.08486312 0.00092212545 0.036622904
   vertex -0.084000203 0.00092229608 0.03662354
  endloop
 endfacet
 facet normal 2.1987078e-15 -0.96592583 0.25881903
  outer loop
   vertex -0.084862223 0.0011315551 0.037404506
   vertex -0.084000203 0.00092229608 0.03662354
   vertex -0.083997599 0.0011311875 0.037403134
  endloop
 endfacet
 facet normal 0.00057968214 0.25674309 0.96647951
  outer loop
   vertex -0.08298113 -0.0035083505 0.026002553
   vertex -0.083016966 -0.0027950516 0.025813088
   vertex -0.083920238 -0.0027866953 0.02581141
  endloop
 endfacet
 facet normal 0.00057968214 0.25674309 0.96647951
  outer loop
   vertex -0.08298113 -0.0035083505 0.026002553
   vertex -0.083920238 -0.0027866953 0.02581141
   vertex -0.083910045 -0.003512953 0.02600566
  endloop
 endfacet
 facet normal -8.1346782e-05 0.25757707 0.96625775
  outer loop
   vertex -0.082430694 -0.0027303945 0.025795975
   vertex -0.082410974 -0.0020290612 0.025609021
   vertex -0.08299893 -0.0020290505 0.025608968
  endloop
 endfacet
 facet normal -8.1346782e-05 0.25757707 0.96625775
  outer loop
   vertex -0.082430694 -0.0027303945 0.025795975
   vertex -0.08299893 -0.0020290505 0.025608968
   vertex -0.083016966 -0.0027950516 0.025813088
  endloop
 endfacet
 facet normal -1.1384106e-16 -0.96592583 0.25881903
  outer loop
   vertex -0.08396152 -0.001762441 0.026603965
   vertex -0.083110557 -0.0017475494 0.026659541
   vertex -0.083143064 -0.001522701 0.027498687
  endloop
 endfacet
 facet normal -1.1384106e-16 -0.96592583 0.25881903
  outer loop
   vertex -0.08396152 -0.001762441 0.026603965
   vertex -0.083143064 -0.001522701 0.027498687
   vertex -0.083980639 -0.0015331916 0.027459535
  endloop
 endfacet
 facet normal 4.5382172e-16 -0.96592583 0.25881903
  outer loop
   vertex -0.083143064 -0.001522701 0.027498687
   vertex -0.082410976 -0.0015014221 0.027578101
   vertex -0.082410976 -0.0013351698 0.028198563
  endloop
 endfacet
 facet normal 4.5382172e-16 -0.96592583 0.25881903
  outer loop
   vertex -0.083143064 -0.001522701 0.027498687
   vertex -0.082410976 -0.0013351698 0.028198563
   vertex -0.082410976 -0.0011914812 0.028734816
  endloop
 endfacet
 facet normal 4.5382172e-16 -0.96592583 0.25881903
  outer loop
   vertex -0.083143064 -0.001522701 0.027498687
   vertex -0.082410976 -0.0011914812 0.028734816
   vertex -0.083163118 -0.0011831552 0.028765889
  endloop
 endfacet
 facet normal -7.7033079e-16 -0.96592583 0.25881903
  outer loop
   vertex -0.083163118 -0.0011831552 0.028765889
   vertex -0.083998126 -0.0011825796 0.028768037
   vertex -0.083980639 -0.0015331916 0.027459535
  endloop
 endfacet
 facet normal -7.7033079e-16 -0.96592583 0.25881903
  outer loop
   vertex -0.083163118 -0.0011831552 0.028765889
   vertex -0.083980639 -0.0015331916 0.027459535
   vertex -0.083143064 -0.001522701 0.027498687
  endloop
 endfacet
 facet normal 4.6221023e-16 -0.96592583 0.25881903
  outer loop
   vertex -0.082410976 -0.0017038841 0.026822502
   vertex -0.082410976 -0.0015014221 0.027578101
   vertex -0.083143064 -0.001522701 0.027498687
  endloop
 endfacet
 facet normal 4.6221023e-16 -0.96592583 0.25881903
  outer loop
   vertex -0.082410976 -0.0017038841 0.026822502
   vertex -0.083143064 -0.001522701 0.027498687
   vertex -0.083110557 -0.0017475494 0.026659541
  endloop
 endfacet
 facet normal -3.1074789e-09 -0.96592579 0.25881918
  outer loop
   vertex -0.08396152 -0.001762441 0.026603965
   vertex -0.084839245 -0.0017670228 0.026586865
   vertex -0.084821429 -0.0020290709 0.025608889
  endloop
 endfacet
 facet normal -3.1074789e-09 -0.96592579 0.25881918
  outer loop
   vertex -0.08396152 -0.001762441 0.026603965
   vertex -0.084821429 -0.0020290709 0.025608889
   vertex -0.083928571 -0.0020290654 0.02560891
  endloop
 endfacet
 facet normal 1.2071641e-08 -0.96592605 0.25881823
  outer loop
   vertex -0.085729325 -0.0017670044 0.026586938
   vertex -0.085714286 -0.0020290705 0.025608891
   vertex -0.084821429 -0.0020290709 0.025608889
  endloop
 endfacet
 facet normal 1.2071641e-08 -0.96592605 0.25881823
  outer loop
   vertex -0.085729325 -0.0017670044 0.026586938
   vertex -0.084821429 -0.0020290709 0.025608889
   vertex -0.084839245 -0.0017670228 0.026586865
  endloop
 endfacet
 facet normal 0.00025262552 0.25870056 0.96595753
  outer loop
   vertex -0.083920238 -0.0027866953 0.02581141
   vertex -0.084821714 -0.0027830582 0.025810672
   vertex -0.084821105 -0.0035080463 0.026004837
  endloop
 endfacet
 facet normal 0.00025262552 0.25870056 0.96595753
  outer loop
   vertex -0.083920238 -0.0027866953 0.02581141
   vertex -0.084821105 -0.0035080463 0.026004837
   vertex -0.083910045 -0.003512953 0.02600566
  endloop
 endfacet
 facet normal -1.9352394e-05 0.25852332 0.96600502
  outer loop
   vertex -0.085720885 -0.0027797194 0.02580976
   vertex -0.084821714 -0.0027830582 0.025810672
   vertex -0.084821429 -0.0020290709 0.025608889
  endloop
 endfacet
 facet normal -1.9352394e-05 0.25852332 0.96600502
  outer loop
   vertex -0.085720885 -0.0027797194 0.02580976
   vertex -0.084821429 -0.0020290709 0.025608889
   vertex -0.085714286 -0.0020290705 0.025608891
  endloop
 endfacet
 facet normal 0.0010869658 0.25838641 0.96604103
  outer loop
   vertex -0.088410502 -0.0034854862 0.025999016
   vertex -0.087535483 -0.003496255 0.026000911
   vertex -0.087528626 -0.002760538 0.025804122
  endloop
 endfacet
 facet normal 0.0010869658 0.25838641 0.96604103
  outer loop
   vertex -0.088410502 -0.0034854862 0.025999016
   vertex -0.087528626 -0.002760538 0.025804122
   vertex -0.08841087 -0.0027142834 0.025792472
  endloop
 endfacet
 facet normal -0.00033163464 -0.96596979 0.25865469
  outer loop
   vertex -0.087538428 -0.0017480313 0.026658255
   vertex -0.087555959 -0.0015230917 0.02749829
   vertex -0.088410617 -0.0015020557 0.027575755
  endloop
 endfacet
 facet normal -0.00033163464 -0.96596979 0.25865469
  outer loop
   vertex -0.087538428 -0.0017480313 0.026658255
   vertex -0.088410617 -0.0015020557 0.027575755
   vertex -0.088410897 -0.0017041723 0.026821424
  endloop
 endfacet
 facet normal -0.00031547304 -0.96592528 0.25882091
  outer loop
   vertex -0.088410599 -0.0013351733 0.028198564
   vertex -0.088410617 -0.0015020557 0.027575755
   vertex -0.087555959 -0.0015230917 0.02749829
  endloop
 endfacet
 facet normal -0.00031547304 -0.96592528 0.25882091
  outer loop
   vertex -0.088410599 -0.0013351733 0.028198564
   vertex -0.087555959 -0.0015230917 0.02749829
   vertex -0.087557212 -0.001180332 0.028776299
  endloop
 endfacet
 facet normal -0.00031547304 -0.96592528 0.25882091
  outer loop
   vertex -0.088410599 -0.0013351733 0.028198564
   vertex -0.087557212 -0.001180332 0.028776299
   vertex -0.088410828 -0.0011824589 0.028768454
  endloop
 endfacet
 facet normal 5.7462673e-07 -0.96595718 0.25870199
  outer loop
   vertex -0.087538428 -0.0017480313 0.026658255
   vertex -0.087493358 -0.002029047 0.025608981
   vertex -0.086607143 -0.0020290637 0.025608917
  endloop
 endfacet
 facet normal 5.7462673e-07 -0.96595718 0.25870199
  outer loop
   vertex -0.087538428 -0.0017480313 0.026658255
   vertex -0.086607143 -0.0020290637 0.025608917
   vertex -0.08663058 -0.0017624517 0.026604005
  endloop
 endfacet
 facet normal 2.1385559e-05 -0.96593079 0.25880053
  outer loop
   vertex -0.085729325 -0.0017670044 0.026586938
   vertex -0.08663058 -0.0017624517 0.026604005
   vertex -0.086607143 -0.0020290637 0.025608917
  endloop
 endfacet
 facet normal 2.1385559e-05 -0.96593079 0.25880053
  outer loop
   vertex -0.085729325 -0.0017670044 0.026586938
   vertex -0.086607143 -0.0020290637 0.025608917
   vertex -0.085714286 -0.0020290705 0.025608891
  endloop
 endfacet
 facet normal -0.00029940603 0.2586343 0.96597526
  outer loop
   vertex -0.08662934 -0.0035011281 0.026002689
   vertex -0.08662285 -0.0027742059 0.025808062
   vertex -0.087528626 -0.002760538 0.025804122
  endloop
 endfacet
 facet normal -0.00029940603 0.2586343 0.96597526
  outer loop
   vertex -0.08662934 -0.0035011281 0.026002689
   vertex -0.087528626 -0.002760538 0.025804122
   vertex -0.087535483 -0.003496255 0.026000911
  endloop
 endfacet
 facet normal 3.0016973e-05 0.25849947 0.9660114
  outer loop
   vertex -0.085720885 -0.0027797194 0.02580976
   vertex -0.085714286 -0.0020290705 0.025608891
   vertex -0.086607143 -0.0020290637 0.025608917
  endloop
 endfacet
 facet normal 3.0016973e-05 0.25849947 0.9660114
  outer loop
   vertex -0.085720885 -0.0027797194 0.02580976
   vertex -0.086607143 -0.0020290637 0.025608917
   vertex -0.08662285 -0.0027742059 0.025808062
  endloop
 endfacet
 facet normal 2.2124994e-05 -0.96592474 0.25882308
  outer loop
   vertex -0.087556078 -0.00097702796 0.029535047
   vertex -0.088410783 -0.00097549536 0.02954084
   vertex -0.088410828 -0.0011824589 0.028768454
  endloop
 endfacet
 facet normal 2.2124994e-05 -0.96592474 0.25882308
  outer loop
   vertex -0.087556078 -0.00097702796 0.029535047
   vertex -0.088410828 -0.0011824589 0.028768454
   vertex -0.087557212 -0.001180332 0.028776299
  endloop
 endfacet
 facet normal -7.6374522e-16 -0.96592583 0.25881903
  outer loop
   vertex -0.084000299 -0.00097846949 0.029529786
   vertex -0.083998126 -0.0011825796 0.028768037
   vertex -0.083163118 -0.0011831552 0.028765889
  endloop
 endfacet
 facet normal -7.6374522e-16 -0.96592583 0.25881903
  outer loop
   vertex -0.084000299 -0.00097846949 0.029529786
   vertex -0.083163118 -0.0011831552 0.028765889
   vertex -0.0831661 -0.00097726077 0.029534297
  endloop
 endfacet
 facet normal 8.9329307e-17 -0.96592583 0.25881903
  outer loop
   vertex -0.083164016 -0.00077412523 0.03029241
   vertex -0.0831661 -0.00097726077 0.029534297
   vertex -0.082410976 -0.00097358331 0.029548022
  endloop
 endfacet
 facet normal 8.9329307e-17 -0.96592583 0.25881903
  outer loop
   vertex -0.083164016 -0.00077412523 0.03029241
   vertex -0.082410976 -0.00097358331 0.029548022
   vertex -0.082410976 -0.000772598 0.030298109
  endloop
 endfacet
 facet normal 0.0013205801 0.96576718 -0.25940704
  outer loop
   vertex -0.087543885 -0.010635392 0.032126621
   vertex -0.087542916 -0.010851731 0.031321201
   vertex -0.088410966 -0.010841977 0.031353095
  endloop
 endfacet
 facet normal 0.0013205801 0.96576718 -0.25940704
  outer loop
   vertex -0.087543885 -0.010635392 0.032126621
   vertex -0.088410966 -0.010841977 0.031353095
   vertex -0.088410855 -0.010620872 0.032180875
  endloop
 endfacet
 facet normal 0.00055256848 0.96408922 -0.26557798
  outer loop
   vertex -0.087560408 -0.011183288 0.03008308
   vertex -0.088408613 -0.011190084 0.030056646
   vertex -0.088410934 -0.011077818 0.030464185
  endloop
 endfacet
 facet normal 0.00055256848 0.96408922 -0.26557798
  outer loop
   vertex -0.087560408 -0.011183288 0.03008308
   vertex -0.088410934 -0.011077818 0.030464185
   vertex -0.088410966 -0.010841977 0.031353095
  endloop
 endfacet
 facet normal 0.00055256848 0.96408922 -0.26557798
  outer loop
   vertex -0.087560408 -0.011183288 0.03008308
   vertex -0.088410966 -0.010841977 0.031353095
   vertex -0.087542916 -0.010851731 0.031321201
  endloop
 endfacet
 facet normal -3.2399653e-05 0.96593356 -0.25879019
  outer loop
   vertex -0.086669491 -0.011177941 0.030102558
   vertex -0.086659087 -0.011360038 0.029422881
   vertex -0.087534349 -0.011363631 0.029409581
  endloop
 endfacet
 facet normal -3.2399653e-05 0.96593356 -0.25879019
  outer loop
   vertex -0.086669491 -0.011177941 0.030102558
   vertex -0.087534349 -0.011363631 0.029409581
   vertex -0.087560408 -0.011183288 0.03008308
  endloop
 endfacet
 facet normal 0.00021389705 0.96593594 -0.2587812
  outer loop
   vertex -0.087534349 -0.011363631 0.029409581
   vertex -0.088410202 -0.011358002 0.029429867
   vertex -0.088408613 -0.011190084 0.030056646
  endloop
 endfacet
 facet normal 0.00021389705 0.96593594 -0.2587812
  outer loop
   vertex -0.087534349 -0.011363631 0.029409581
   vertex -0.088408613 -0.011190084 0.030056646
   vertex -0.087560408 -0.011183288 0.03008308
  endloop
 endfacet
 facet normal 0.9999897 0.0030573214 -0.0033537549
  outer loop
   vertex -0.088408613 -0.011190084 0.030056646
   vertex -0.088410202 -0.011358002 0.029429867
   vertex -0.088412013 -0.010729695 0.029462692
  endloop
 endfacet
 facet normal 0.9999897 0.0030573214 -0.0033537549
  outer loop
   vertex -0.088408613 -0.011190084 0.030056646
   vertex -0.088412013 -0.010729695 0.029462692
   vertex -0.088410934 -0.011077818 0.030464185
  endloop
 endfacet
 facet normal 2.343601e-05 0.96591319 -0.2588662
  outer loop
   vertex -0.087543885 -0.010635392 0.032126621
   vertex -0.086667181 -0.010639186 0.032112543
   vertex -0.086660481 -0.010849853 0.03132648
  endloop
 endfacet
 facet normal 2.343601e-05 0.96591319 -0.2588662
  outer loop
   vertex -0.087543885 -0.010635392 0.032126621
   vertex -0.086660481 -0.010849853 0.03132648
   vertex -0.087542916 -0.010851731 0.031321201
  endloop
 endfacet
 facet normal -4.6381864e-05 0.96591613 -0.25885522
  outer loop
   vertex -0.086660481 -0.010849853 0.03132648
   vertex -0.085748282 -0.010849714 0.031326835
   vertex -0.085749735 -0.011176464 0.030107568
  endloop
 endfacet
 facet normal -4.6381864e-05 0.96591613 -0.25885522
  outer loop
   vertex -0.086660481 -0.010849853 0.03132648
   vertex -0.085749735 -0.011176464 0.030107568
   vertex -0.086669491 -0.011177941 0.030102558
  endloop
 endfacet
 facet normal 1.5616021e-05 -0.96592881 0.25880792
  outer loop
   vertex -0.086645716 0.0026034723 0.042897768
   vertex -0.086648391 0.0028133678 0.043681145
   vertex -0.087555823 0.0028134187 0.043681389
  endloop
 endfacet
 facet normal 1.5616021e-05 -0.96592881 0.25880792
  outer loop
   vertex -0.086645716 0.0026034723 0.042897768
   vertex -0.087555823 0.0028134187 0.043681389
   vertex -0.087551901 0.0026046121 0.04290198
  endloop
 endfacet
 facet normal 4.2878335e-06 -0.96593684 0.25877794
  outer loop
   vertex -0.088410862 0.0026091724 0.042919016
   vertex -0.087551901 0.0026046121 0.04290198
   vertex -0.087555823 0.0028134187 0.043681389
  endloop
 endfacet
 facet normal 4.2878335e-06 -0.96593684 0.25877794
  outer loop
   vertex -0.088410862 0.0026091724 0.042919016
   vertex -0.087555823 0.0028134187 0.043681389
   vertex -0.088410613 0.0028144892 0.043685264
  endloop
 endfacet
 facet normal -7.2142077e-05 -0.96592495 0.25882232
  outer loop
   vertex -0.088410312 0.0020290971 0.040754071
   vertex -0.088410344 0.0018622139 0.040131263
   vertex -0.087556815 0.0018608915 0.040126566
  endloop
 endfacet
 facet normal -7.2142077e-05 -0.96592495 0.25882232
  outer loop
   vertex -0.088410312 0.0020290971 0.040754071
   vertex -0.087556815 0.0018608915 0.040126566
   vertex -0.087546226 0.0021892455 0.04135154
  endloop
 endfacet
 facet normal -7.2142077e-05 -0.96592495 0.25882232
  outer loop
   vertex -0.088410312 0.0020290971 0.040754071
   vertex -0.087546226 0.0021892455 0.04135154
   vertex -0.088410782 0.0021817956 0.041323967
  endloop
 endfacet
 facet normal -7.271636e-05 -0.96595094 0.25872529
  outer loop
   vertex -0.087554163 0.001659403 0.03937431
   vertex -0.087556815 0.0018608915 0.040126566
   vertex -0.088410344 0.0018622139 0.040131263
  endloop
 endfacet
 facet normal -7.271636e-05 -0.96595094 0.25872529
  outer loop
   vertex -0.087554163 0.001659403 0.03937431
   vertex -0.088410344 0.0018622139 0.040131263
   vertex -0.088410782 0.0016612394 0.039381258
  endloop
 endfacet
 facet normal -2.4865564e-05 -0.96592787 0.25881143
  outer loop
   vertex -0.087544794 0.0023893475 0.042098532
   vertex -0.086641881 0.0023883421 0.042094866
   vertex -0.086645716 0.0026034723 0.042897768
  endloop
 endfacet
 facet normal -2.4865564e-05 -0.96592787 0.25881143
  outer loop
   vertex -0.087544794 0.0023893475 0.042098532
   vertex -0.086645716 0.0026034723 0.042897768
   vertex -0.087551901 0.0026046121 0.04290198
  endloop
 endfacet
 facet normal -8.046835e-06 -0.96592978 0.2588043
  outer loop
   vertex -0.085744643 0.0023879625 0.042093477
   vertex -0.086641881 0.0023883421 0.042094866
   vertex -0.086642606 0.0021913058 0.041359472
  endloop
 endfacet
 facet normal -8.046835e-06 -0.96592978 0.2588043
  outer loop
   vertex -0.085744643 0.0023879625 0.042093477
   vertex -0.086642606 0.0021913058 0.041359472
   vertex -0.08574483 0.0021918725 0.041361652
  endloop
 endfacet
 facet normal 2.5632953e-05 -0.96592592 0.25881869
  outer loop
   vertex -0.088410862 0.0026091724 0.042919016
   vertex -0.088410908 0.0023907896 0.042103999
   vertex -0.087544794 0.0023893475 0.042098532
  endloop
 endfacet
 facet normal 2.5632953e-05 -0.96592592 0.25881869
  outer loop
   vertex -0.088410862 0.0026091724 0.042919016
   vertex -0.087544794 0.0023893475 0.042098532
   vertex -0.087551901 0.0026046121 0.04290198
  endloop
 endfacet
 facet normal -0.0026442759 0.96374565 -0.26680954
  outer loop
   vertex -0.082410961 -0.0110773 0.030464047
   vertex -0.082411396 -0.011190088 0.030056647
   vertex -0.083129001 -0.011185084 0.030081834
  endloop
 endfacet
 facet normal -0.0026442759 0.96374565 -0.26680954
  outer loop
   vertex -0.082410961 -0.0110773 0.030464047
   vertex -0.083129001 -0.011185084 0.030081834
   vertex -0.083145168 -0.010852556 0.031320896
  endloop
 endfacet
 facet normal -0.0026442759 0.96374565 -0.26680954
  outer loop
   vertex -0.082410961 -0.0110773 0.030464047
   vertex -0.083145168 -0.010852556 0.031320896
   vertex -0.082410974 -0.010841803 0.031353049
  endloop
 endfacet
 facet normal 0.000275513 0.96563467 -0.25990307
  outer loop
   vertex -0.083958708 -0.010639369 0.032112101
   vertex -0.083144559 -0.01063611 0.032125074
   vertex -0.083145168 -0.010852556 0.031320896
  endloop
 endfacet
 facet normal 0.000275513 0.96563467 -0.25990307
  outer loop
   vertex -0.083958708 -0.010639369 0.032112101
   vertex -0.083145168 -0.010852556 0.031320896
   vertex -0.08396533 -0.010850069 0.031326236
  endloop
 endfacet
 facet normal 0.0014768355 0.9658666 -0.25903577
  outer loop
   vertex -0.083129001 -0.011185084 0.030081834
   vertex -0.083951284 -0.01117853 0.030101585
   vertex -0.08396533 -0.010850069 0.031326236
  endloop
 endfacet
 facet normal 0.0014768355 0.9658666 -0.25903577
  outer loop
   vertex -0.083129001 -0.011185084 0.030081834
   vertex -0.08396533 -0.010850069 0.031326236
   vertex -0.083145168 -0.010852556 0.031320896
  endloop
 endfacet
 facet normal 0.00034226609 0.96592392 -0.25882594
  outer loop
   vertex -0.083950239 -0.011360962 0.029420459
   vertex -0.084836141 -0.011358168 0.029429714
   vertex -0.084839699 -0.011176646 0.03010714
  endloop
 endfacet
 facet normal 0.00034226609 0.96592392 -0.25882594
  outer loop
   vertex -0.083950239 -0.011360962 0.029420459
   vertex -0.084839699 -0.011176646 0.03010714
   vertex -0.083951284 -0.01117853 0.030101585
  endloop
 endfacet
 facet normal 0.00088342883 0.96613923 -0.25801979
  outer loop
   vertex -0.083129001 -0.011185084 0.030081834
   vertex -0.083141516 -0.011365278 0.029407068
   vertex -0.083950239 -0.011360962 0.029420459
  endloop
 endfacet
 facet normal 0.00088342883 0.96613923 -0.25801979
  outer loop
   vertex -0.083129001 -0.011185084 0.030081834
   vertex -0.083950239 -0.011360962 0.029420459
   vertex -0.083951284 -0.01117853 0.030101585
  endloop
 endfacet
 facet normal 0.00020076396 0.96588609 -0.2589672
  outer loop
   vertex -0.083958708 -0.010639369 0.032112101
   vertex -0.08396533 -0.010850069 0.031326236
   vertex -0.084846292 -0.010849741 0.031326775
  endloop
 endfacet
 facet normal 0.00020076396 0.96588609 -0.2589672
  outer loop
   vertex -0.083958708 -0.010639369 0.032112101
   vertex -0.084846292 -0.010849741 0.031326775
   vertex -0.084843636 -0.01063985 0.032110087
  endloop
 endfacet
 facet normal 1.2678623e-05 0.96590525 -0.25889582
  outer loop
   vertex -0.085748282 -0.010849714 0.031326835
   vertex -0.084846292 -0.010849741 0.031326775
   vertex -0.084839699 -0.011176646 0.03010714
  endloop
 endfacet
 facet normal 1.2678623e-05 0.96590525 -0.25889582
  outer loop
   vertex -0.085748282 -0.010849714 0.031326835
   vertex -0.084839699 -0.011176646 0.03010714
   vertex -0.085749735 -0.011176464 0.030107568
  endloop
 endfacet
 facet normal 0.0002007052 0.96586397 -0.2590497
  outer loop
   vertex -0.084846292 -0.010849741 0.031326775
   vertex -0.08396533 -0.010850069 0.031326236
   vertex -0.083951284 -0.01117853 0.030101585
  endloop
 endfacet
 facet normal 0.0002007052 0.96586397 -0.2590497
  outer loop
   vertex -0.084846292 -0.010849741 0.031326775
   vertex -0.083951284 -0.01117853 0.030101585
   vertex -0.084839699 -0.011176646 0.03010714
  endloop
 endfacet
 facet normal 1.1221623e-15 -0.96592583 0.25881903
  outer loop
   vertex -0.08486401 0.0026029201 0.042895715
   vertex -0.084003222 0.0026031929 0.042896733
   vertex -0.084000064 0.0028125035 0.043677891
  endloop
 endfacet
 facet normal 1.1221623e-15 -0.96592583 0.25881903
  outer loop
   vertex -0.08486401 0.0026029201 0.042895715
   vertex -0.084000064 0.0028125035 0.043677891
   vertex -0.084862956 0.0028128844 0.043679312
  endloop
 endfacet
 facet normal 1.895065e-15 -0.96592583 0.25881903
  outer loop
   vertex -0.083170074 0.0026043237 0.042900953
   vertex -0.083166096 0.0028123955 0.043677488
   vertex -0.084000064 0.0028125035 0.043677891
  endloop
 endfacet
 facet normal 1.895065e-15 -0.96592583 0.25881903
  outer loop
   vertex -0.083170074 0.0026043237 0.042900953
   vertex -0.084000064 0.0028125035 0.043677891
   vertex -0.084003222 0.0026031929 0.042896733
  endloop
 endfacet
 facet normal 1.0550568e-15 -0.96592583 0.25881903
  outer loop
   vertex -0.084000491 0.0018600434 0.040123261
   vertex -0.083165742 0.0018603316 0.040124337
   vertex -0.083175266 0.0021888019 0.041350205
  endloop
 endfacet
 facet normal 1.0550568e-15 -0.96592583 0.25881903
  outer loop
   vertex -0.084000491 0.0018600434 0.040123261
   vertex -0.083175266 0.0021888019 0.041350205
   vertex -0.08400672 0.0021910247 0.0413585
  endloop
 endfacet
 facet normal -6.2185751e-16 -0.96592583 0.25881903
  outer loop
   vertex -0.082410976 0.0016592804 0.039374004
   vertex -0.082410976 0.001863629 0.040136643
   vertex -0.083165742 0.0018603316 0.040124337
  endloop
 endfacet
 facet normal -6.2185751e-16 -0.96592583 0.25881903
  outer loop
   vertex -0.082410976 0.0016592804 0.039374004
   vertex -0.083165742 0.0018603316 0.040124337
   vertex -0.083168402 0.0016559177 0.039361454
  endloop
 endfacet
 facet normal -2.2923892e-15 -0.96592583 0.25881903
  outer loop
   vertex -0.08400202 0.0016565485 0.039363808
   vertex -0.083168402 0.0016559177 0.039361454
   vertex -0.083165742 0.0018603316 0.040124337
  endloop
 endfacet
 facet normal -2.2923892e-15 -0.96592583 0.25881903
  outer loop
   vertex -0.08400202 0.0016565485 0.039363808
   vertex -0.083165742 0.0018603316 0.040124337
   vertex -0.084000491 0.0018600434 0.040123261
  endloop
 endfacet
 facet normal -5.8807743e-16 -0.96592583 0.25881903
  outer loop
   vertex -0.083165742 0.0018603316 0.040124337
   vertex -0.082410976 0.001863629 0.040136643
   vertex -0.082410976 0.0020290704 0.040754079
  endloop
 endfacet
 facet normal -5.8807743e-16 -0.96592583 0.25881903
  outer loop
   vertex -0.083165742 0.0018603316 0.040124337
   vertex -0.082410976 0.0020290704 0.040754079
   vertex -0.082410976 0.002181773 0.041323973
  endloop
 endfacet
 facet normal -5.8807743e-16 -0.96592583 0.25881903
  outer loop
   vertex -0.083165742 0.0018603316 0.040124337
   vertex -0.082410976 0.002181773 0.041323973
   vertex -0.083175266 0.0021888019 0.041350205
  endloop
 endfacet
 facet normal -1.4932253e-06 -0.96592583 0.25881903
  outer loop
   vertex -0.084865132 0.002191779 0.041361315
   vertex -0.084865337 0.0023879113 0.042093291
   vertex -0.085744643 0.0023879625 0.042093477
  endloop
 endfacet
 facet normal -1.4932253e-06 -0.96592583 0.25881903
  outer loop
   vertex -0.084865132 0.002191779 0.041361315
   vertex -0.085744643 0.0023879625 0.042093477
   vertex -0.08574483 0.0021918725 0.041361652
  endloop
 endfacet
 facet normal 1.1476045e-15 -0.96592583 0.25881903
  outer loop
   vertex -0.084007562 0.0023882009 0.042094372
   vertex -0.084003222 0.0026031929 0.042896733
   vertex -0.08486401 0.0026029201 0.042895715
  endloop
 endfacet
 facet normal 1.1476045e-15 -0.96592583 0.25881903
  outer loop
   vertex -0.084007562 0.0023882009 0.042094372
   vertex -0.08486401 0.0026029201 0.042895715
   vertex -0.084865337 0.0023879113 0.042093291
  endloop
 endfacet
 facet normal 6.3941572e-16 -0.96592583 0.25881903
  outer loop
   vertex -0.082410976 0.0023907812 0.042104002
   vertex -0.083177274 0.0023891317 0.042097846
   vertex -0.083175266 0.0021888019 0.041350205
  endloop
 endfacet
 facet normal 6.3941572e-16 -0.96592583 0.25881903
  outer loop
   vertex -0.082410976 0.0023907812 0.042104002
   vertex -0.083175266 0.0021888019 0.041350205
   vertex -0.082410976 0.002181773 0.041323973
  endloop
 endfacet
 facet normal -1.1836109e-15 -0.96592583 0.25881903
  outer loop
   vertex -0.083170074 0.0026043237 0.042900953
   vertex -0.084003222 0.0026031929 0.042896733
   vertex -0.084007562 0.0023882009 0.042094372
  endloop
 endfacet
 facet normal -1.1836109e-15 -0.96592583 0.25881903
  outer loop
   vertex -0.083170074 0.0026043237 0.042900953
   vertex -0.084007562 0.0023882009 0.042094372
   vertex -0.083177274 0.0023891317 0.042097846
  endloop
 endfacet
 facet normal 0.0065645618 0.25770974 0.96620008
  outer loop
   vertex -0.082975671 -0.0043093212 0.026211936
   vertex -0.083909081 -0.0042507018 0.026202643
   vertex -0.083968137 -0.0054077926 0.026511669
  endloop
 endfacet
 facet normal 0.0065645618 0.25770974 0.96620008
  outer loop
   vertex -0.082975671 -0.0043093212 0.026211936
   vertex -0.083968137 -0.0054077926 0.026511669
   vertex -0.083118323 -0.0053552259 0.026484161
  endloop
 endfacet
 facet normal 0.0062529522 0.25294762 0.96745977
  outer loop
   vertex -0.083909081 -0.0042507018 0.026202643
   vertex -0.082975671 -0.0043093212 0.026211936
   vertex -0.08298113 -0.0035083505 0.026002553
  endloop
 endfacet
 facet normal 0.0062529522 0.25294762 0.96745977
  outer loop
   vertex -0.083909081 -0.0042507018 0.026202643
   vertex -0.08298113 -0.0035083505 0.026002553
   vertex -0.083910045 -0.003512953 0.02600566
  endloop
 endfacet
 facet normal 0.0011746583 0.25880692 0.96592836
  outer loop
   vertex -0.083909081 -0.0042507018 0.026202643
   vertex -0.084823349 -0.0042334374 0.026199129
   vertex -0.084845406 -0.00543689 0.026521604
  endloop
 endfacet
 facet normal 0.0011746583 0.25880692 0.96592836
  outer loop
   vertex -0.083909081 -0.0042507018 0.026202643
   vertex -0.084845406 -0.00543689 0.026521604
   vertex -0.083968137 -0.0054077926 0.026511669
  endloop
 endfacet
 facet normal 0.0011729512 0.25872119 0.96595133
  outer loop
   vertex -0.084821105 -0.0035080463 0.026004837
   vertex -0.084823349 -0.0042334374 0.026199129
   vertex -0.083909081 -0.0042507018 0.026202643
  endloop
 endfacet
 facet normal 0.0011729512 0.25872119 0.96595133
  outer loop
   vertex -0.084821105 -0.0035080463 0.026004837
   vertex -0.083909081 -0.0042507018 0.026202643
   vertex -0.083910045 -0.003512953 0.02600566
  endloop
 endfacet
 facet normal 0.0013890517 0.25911962 0.96584424
  outer loop
   vertex -0.087539187 -0.0042336445 0.026198185
   vertex -0.088409639 -0.0042552788 0.026205241
   vertex -0.08840953 -0.004841808 0.026362596
  endloop
 endfacet
 facet normal 0.0013890517 0.25911962 0.96584424
  outer loop
   vertex -0.087539187 -0.0042336445 0.026198185
   vertex -0.08840953 -0.004841808 0.026362596
   vertex -0.088410962 -0.0055455552 0.026560184
  endloop
 endfacet
 facet normal 0.0013890517 0.25911962 0.96584424
  outer loop
   vertex -0.087539187 -0.0042336445 0.026198185
   vertex -0.088410962 -0.0055455552 0.026560184
   vertex -0.087514448 -0.005456063 0.026525204
  endloop
 endfacet
 facet normal 0.0010875968 0.25843538 0.96602794
  outer loop
   vertex -0.087539187 -0.0042336445 0.026198185
   vertex -0.087535483 -0.003496255 0.026000911
   vertex -0.088410502 -0.0034854862 0.025999016
  endloop
 endfacet
 facet normal 0.0010875968 0.25843538 0.96602794
  outer loop
   vertex -0.087539187 -0.0042336445 0.026198185
   vertex -0.088410502 -0.0034854862 0.025999016
   vertex -0.088409639 -0.0042552788 0.026205241
  endloop
 endfacet
 facet normal -0.00082180342 0.25880948 0.96592804
  outer loop
   vertex -0.087539187 -0.0042336445 0.026198185
   vertex -0.086633229 -0.0042284893 0.026197574
   vertex -0.08662934 -0.0035011281 0.026002689
  endloop
 endfacet
 facet normal -0.00082180342 0.25880948 0.96592804
  outer loop
   vertex -0.087539187 -0.0042336445 0.026198185
   vertex -0.08662934 -0.0035011281 0.026002689
   vertex -0.087535483 -0.003496255 0.026000911
  endloop
 endfacet
 facet normal -0.99999993 0.00024736714 -0.00027615761
  outer loop
   vertex -0.0824111 -0.0071691273 0.033941734
   vertex -0.082411352 -0.0071853449 0.034840432
   vertex -0.082411117 -0.0062470912 0.034831396
  endloop
 endfacet
 facet normal -0.99999993 0.00024736714 -0.00027615761
  outer loop
   vertex -0.0824111 -0.0071691273 0.033941734
   vertex -0.082411117 -0.0062470912 0.034831396
   vertex -0.082411032 -0.0062384647 0.033934969
  endloop
 endfacet
 facet normal -0.78271995 0.62232776 0.0075920601
  outer loop
   vertex -0.082411117 -0.0062470912 0.034831396
   vertex -0.082411268 -0.0062582214 0.035728247
   vertex -0.081410982 -0.0049999999 0.035717385
  endloop
 endfacet
 facet normal -0.78271995 0.62232776 0.0075920601
  outer loop
   vertex -0.082411117 -0.0062470912 0.034831396
   vertex -0.081410982 -0.0049999999 0.035717385
   vertex -0.081410982 -0.0049999999 0.03482709
  endloop
 endfacet
 facet normal -1 7.2710699e-05 -4.4821214e-05
  outer loop
   vertex -0.0824111 -0.0071691273 0.033941734
   vertex -0.082411032 -0.0062384647 0.033934969
   vertex -0.082410991 -0.0062318714 0.033038272
  endloop
 endfacet
 facet normal -1 7.2710699e-05 -4.4821214e-05
  outer loop
   vertex -0.0824111 -0.0071691273 0.033941734
   vertex -0.082410991 -0.0062318714 0.033038272
   vertex -0.08241101 -0.0071552613 0.033042963
  endloop
 endfacet
 facet normal -0.77562968 0.63117494 -0.004097919
  outer loop
   vertex -0.082413729 -0.0062386507 0.028466142
   vertex -0.082411957 -0.0062304288 0.029397029
   vertex -0.081410753 -0.0050000194 0.029406773
  endloop
 endfacet
 facet normal -0.77562968 0.63117494 -0.004097919
  outer loop
   vertex -0.082413729 -0.0062386507 0.028466142
   vertex -0.081410753 -0.0050000194 0.029406773
   vertex -0.081409991 -0.0050001286 0.028498034
  endloop
 endfacet
 facet normal -0.99999957 1.8821899e-05 0.00093206632
  outer loop
   vertex -0.082411114 -0.0071448402 0.030319871
   vertex -0.082411094 -0.0062267143 0.030323028
   vertex -0.082411957 -0.0062304288 0.029397029
  endloop
 endfacet
 facet normal -0.99999957 1.8821899e-05 0.00093206632
  outer loop
   vertex -0.082411114 -0.0071448402 0.030319871
   vertex -0.082411957 -0.0062304288 0.029397029
   vertex -0.082411881 -0.0071470809 0.029384318
  endloop
 endfacet
 facet normal -0.77504862 0.631899 -0.0018123097
  outer loop
   vertex -0.082411957 -0.0062304288 0.029397029
   vertex -0.082411094 -0.0062267143 0.030323028
   vertex -0.08141096 -0.0050000013 0.03032635
  endloop
 endfacet
 facet normal -0.77504862 0.631899 -0.0018123097
  outer loop
   vertex -0.082411957 -0.0062304288 0.029397029
   vertex -0.08141096 -0.0050000013 0.03032635
   vertex -0.081410753 -0.0050000194 0.029406773
  endloop
 endfacet
 facet normal -0.99999999 2.220926e-07 0.00015014415
  outer loop
   vertex -0.082411114 -0.0071448402 0.030319871
   vertex -0.082410976 -0.0071444809 0.031237653
   vertex -0.082410976 -0.0062262541 0.031236295
  endloop
 endfacet
 facet normal -0.99999999 2.220926e-07 0.00015014415
  outer loop
   vertex -0.082411114 -0.0071448402 0.030319871
   vertex -0.082410976 -0.0062262541 0.031236295
   vertex -0.082411094 -0.0062267143 0.030323028
  endloop
 endfacet
 facet normal 3.3435315e-05 0.25883566 0.96592137
  outer loop
   vertex -0.084847174 -0.0090695678 0.027495369
   vertex -0.084841218 -0.0099128237 0.027721334
   vertex -0.083962225 -0.0099017743 0.027718342
  endloop
 endfacet
 facet normal 3.3435315e-05 0.25883566 0.96592137
  outer loop
   vertex -0.084847174 -0.0090695678 0.027495369
   vertex -0.083962225 -0.0099017743 0.027718342
   vertex -0.083971066 -0.0090620112 0.027493139
  endloop
 endfacet
 facet normal 0.0022051932 0.25921028 0.96581839
  outer loop
   vertex -0.083138711 -0.0077647495 0.027143074
   vertex -0.083961637 -0.0077787949 0.027148723
   vertex -0.083971066 -0.0090620112 0.027493139
  endloop
 endfacet
 facet normal 0.0022051932 0.25921028 0.96581839
  outer loop
   vertex -0.083138711 -0.0077647495 0.027143074
   vertex -0.083971066 -0.0090620112 0.027493139
   vertex -0.083151064 -0.0090402977 0.027486022
  endloop
 endfacet
 facet normal 0.00025767978 0.26014869 0.96556853
  outer loop
   vertex -0.083962225 -0.0099017743 0.027718342
   vertex -0.083148878 -0.0098812296 0.02771259
   vertex -0.083151064 -0.0090402977 0.027486022
  endloop
 endfacet
 facet normal 0.00025767978 0.26014869 0.96556853
  outer loop
   vertex -0.083962225 -0.0099017743 0.027718342
   vertex -0.083151064 -0.0090402977 0.027486022
   vertex -0.083971066 -0.0090620112 0.027493139
  endloop
 endfacet
 facet normal 0.00023870814 0.25907576 0.96585697
  outer loop
   vertex -0.087523595 -0.0098837721 0.027713881
   vertex -0.08664741 -0.0099027608 0.027718758
   vertex -0.086649796 -0.0090625838 0.027493394
  endloop
 endfacet
 facet normal 0.00023870814 0.25907576 0.96585697
  outer loop
   vertex -0.087523595 -0.0098837721 0.027713881
   vertex -0.086649796 -0.0090625838 0.027493394
   vertex -0.087531907 -0.0090413011 0.027485442
  endloop
 endfacet
 facet normal 0.84103387 0.13953589 0.5226775
  outer loop
   vertex -0.088406876 -0.0077514584 0.02714216
   vertex -0.088410899 -0.0081582464 0.027257232
   vertex -0.088410888 -0.0090467943 0.027494423
  endloop
 endfacet
 facet normal 0.84103387 0.13953589 0.5226775
  outer loop
   vertex -0.088406876 -0.0077514584 0.02714216
   vertex -0.088410888 -0.0090467943 0.027494423
   vertex -0.087531907 -0.0090413011 0.027485442
  endloop
 endfacet
 facet normal 0.84103387 0.13953589 0.5226775
  outer loop
   vertex -0.088406876 -0.0077514584 0.02714216
   vertex -0.087531907 -0.0090413011 0.027485442
   vertex -0.087557157 -0.0077688392 0.027146317
  endloop
 endfacet
 facet normal 0.99999837 -0.0013862095 -0.0011531768
  outer loop
   vertex -0.088408458 -0.0080728947 0.028430686
   vertex -0.088409649 -0.0089823664 0.028491411
   vertex -0.088410888 -0.0090467943 0.027494423
  endloop
 endfacet
 facet normal 0.99999837 -0.0013862095 -0.0011531768
  outer loop
   vertex -0.088408458 -0.0080728947 0.028430686
   vertex -0.088410888 -0.0090467943 0.027494423
   vertex -0.088410899 -0.0081582464 0.027257232
  endloop
 endfacet
 facet normal -0.00042558492 0.2532069 0.96741206
  outer loop
   vertex -0.088410888 -0.0090467943 0.027494423
   vertex -0.08841009 -0.0098737685 0.027710873
   vertex -0.087523595 -0.0098837721 0.027713881
  endloop
 endfacet
 facet normal -0.00042558492 0.2532069 0.96741206
  outer loop
   vertex -0.088410888 -0.0090467943 0.027494423
   vertex -0.087523595 -0.0098837721 0.027713881
   vertex -0.087531907 -0.0090413011 0.027485442
  endloop
 endfacet
 facet normal 0.99999656 0.0015233155 0.0021353992
  outer loop
   vertex -0.088411948 -0.009870958 0.028578741
   vertex -0.08841009 -0.0098737685 0.027710873
   vertex -0.088410888 -0.0090467943 0.027494423
  endloop
 endfacet
 facet normal 0.99999656 0.0015233155 0.0021353992
  outer loop
   vertex -0.088411948 -0.009870958 0.028578741
   vertex -0.088410888 -0.0090467943 0.027494423
   vertex -0.088409649 -0.0089823664 0.028491411
  endloop
 endfacet
 facet normal 0.99999918 -0.00015147063 0.0012677846
  outer loop
   vertex -0.088410505 -0.0074793428 0.043847972
   vertex -0.088410245 -0.0063246375 0.043780186
   vertex -0.088411369 -0.0062953822 0.044670589
  endloop
 endfacet
 facet normal 0.99999918 -0.00015147063 0.0012677846
  outer loop
   vertex -0.088410505 -0.0074793428 0.043847972
   vertex -0.088411369 -0.0062953822 0.044670589
   vertex -0.088410478 -0.0072466887 0.044733113
  endloop
 endfacet
 facet normal 0.78723235 0.61588361 0.030864378
  outer loop
   vertex -0.088410245 -0.0063246375 0.043780186
   vertex -0.088411114 -0.0062784186 0.042880088
   vertex -0.089410974 -0.0050000242 0.042872961
  endloop
 endfacet
 facet normal 0.78723235 0.61588361 0.030864378
  outer loop
   vertex -0.088410245 -0.0063246375 0.043780186
   vertex -0.089410974 -0.0050000242 0.042872961
   vertex -0.089410973 -0.0050000495 0.04375901
  endloop
 endfacet
 facet normal 0.77963984 0.58573299 0.22153687
  outer loop
   vertex -0.088408943 -0.0067053577 0.046542504
   vertex -0.088424335 -0.0063107075 0.045553234
   vertex -0.089410948 -0.0050004194 0.045561018
  endloop
 endfacet
 facet normal 0.77963984 0.58573299 0.22153687
  outer loop
   vertex -0.088408943 -0.0067053577 0.046542504
   vertex -0.089410948 -0.0050004194 0.045561018
   vertex -0.089410932 -0.0050005945 0.046455146
  endloop
 endfacet
 facet normal 0.99859798 0.050599847 0.015547526
  outer loop
   vertex -0.088411369 -0.0062953822 0.044670589
   vertex -0.088424335 -0.0063107075 0.045553234
   vertex -0.088386932 -0.0070423332 0.045531981
  endloop
 endfacet
 facet normal 0.99859798 0.050599847 0.015547526
  outer loop
   vertex -0.088411369 -0.0062953822 0.044670589
   vertex -0.088386932 -0.0070423332 0.045531981
   vertex -0.088410478 -0.0072466887 0.044733113
  endloop
 endfacet
 facet normal 0.86211645 0.50671018 -0.00011738335
  outer loop
   vertex -0.088408943 -0.0067053577 0.046542504
   vertex -0.089410932 -0.0050005945 0.046455146
   vertex -0.089410947 -0.0050003624 0.047344677
  endloop
 endfacet
 facet normal 0.86211645 0.50671018 -0.00011738335
  outer loop
   vertex -0.088408943 -0.0067053577 0.046542504
   vertex -0.089410947 -0.0050003624 0.047344677
   vertex -0.088409818 -0.0064977876 0.047434484
  endloop
 endfacet
 facet normal 0.99999993 0.00019351855 0.00031795077
  outer loop
   vertex -0.088411053 -0.0098276917 0.032157139
   vertex -0.088410759 -0.0098909454 0.031270599
   vertex -0.088410928 -0.008990471 0.031254005
  endloop
 endfacet
 facet normal 0.99999993 0.00019351855 0.00031795077
  outer loop
   vertex -0.088411053 -0.0098276917 0.032157139
   vertex -0.088410928 -0.008990471 0.031254005
   vertex -0.088410976 -0.0089791971 0.032152996
  endloop
 endfacet
 facet normal 0.99999976 -0.00015894264 0.0006784098
  outer loop
   vertex -0.088410154 -0.0099407863 0.030367355
   vertex -0.088410759 -0.0098909454 0.031270599
   vertex -0.088410966 -0.010841977 0.031353095
  endloop
 endfacet
 facet normal 0.99999976 -0.00015894264 0.0006784098
  outer loop
   vertex -0.088410154 -0.0099407863 0.030367355
   vertex -0.088410966 -0.010841977 0.031353095
   vertex -0.088410934 -0.011077818 0.030464185
  endloop
 endfacet
 facet normal 0.99999992 5.2334222e-05 0.00039507104
  outer loop
   vertex -0.088410764 -0.0080635838 0.030329344
   vertex -0.088410394 -0.0080646198 0.029393222
   vertex -0.088410448 -0.0071328451 0.029404385
  endloop
 endfacet
 facet normal 0.99999992 5.2334222e-05 0.00039507104
  outer loop
   vertex -0.088410764 -0.0080635838 0.030329344
   vertex -0.088410448 -0.0071328451 0.029404385
   vertex -0.088410813 -0.0071287265 0.030329588
  endloop
 endfacet
 facet normal 0.99999865 -0.00123712 0.001079725
  outer loop
   vertex -0.08841065 -0.0089880471 0.02941223
   vertex -0.088409649 -0.0089823664 0.028491411
   vertex -0.088408458 -0.0080728947 0.028430686
  endloop
 endfacet
 facet normal 0.99999865 -0.00123712 0.001079725
  outer loop
   vertex -0.08841065 -0.0089880471 0.02941223
   vertex -0.088408458 -0.0080728947 0.028430686
   vertex -0.088410394 -0.0080646198 0.029393222
  endloop
 endfacet
 facet normal 1 3.3060231e-05 1.777278e-05
  outer loop
   vertex -0.088410928 -0.008990471 0.031254005
   vertex -0.088410958 -0.0080611214 0.031244257
   vertex -0.088410975 -0.0080610469 0.032146811
  endloop
 endfacet
 facet normal 1 3.3060231e-05 1.777278e-05
  outer loop
   vertex -0.088410928 -0.008990471 0.031254005
   vertex -0.088410975 -0.0080610469 0.032146811
   vertex -0.088410976 -0.0089791971 0.032152996
  endloop
 endfacet
 facet normal 0.99999998 2.4925358e-05 0.0002121289
  outer loop
   vertex -0.088410981 -0.0071270216 0.031240708
   vertex -0.088410958 -0.0080611214 0.031244257
   vertex -0.088410764 -0.0080635838 0.030329344
  endloop
 endfacet
 facet normal 0.99999998 2.4925358e-05 0.0002121289
  outer loop
   vertex -0.088410981 -0.0071270216 0.031240708
   vertex -0.088410764 -0.0080635838 0.030329344
   vertex -0.088410813 -0.0071287265 0.030329588
  endloop
 endfacet
 facet normal 0.9999988 -0.0010190776 -0.0011660207
  outer loop
   vertex -0.088412013 -0.010729695 0.029462692
   vertex -0.088411183 -0.0098988752 0.029448424
   vertex -0.088410154 -0.0099407863 0.030367355
  endloop
 endfacet
 facet normal 0.9999988 -0.0010190776 -0.0011660207
  outer loop
   vertex -0.088412013 -0.010729695 0.029462692
   vertex -0.088410154 -0.0099407863 0.030367355
   vertex -0.088410934 -0.011077818 0.030464185
  endloop
 endfacet
 facet normal 0.99999635 -0.0024818814 0.0010720434
  outer loop
   vertex -0.088411948 -0.009870958 0.028578741
   vertex -0.088409649 -0.0089823664 0.028491411
   vertex -0.08841065 -0.0089880471 0.02941223
  endloop
 endfacet
 facet normal 0.99999635 -0.0024818814 0.0010720434
  outer loop
   vertex -0.088411948 -0.009870958 0.028578741
   vertex -0.08841065 -0.0089880471 0.02941223
   vertex -0.088411183 -0.0098988752 0.029448424
  endloop
 endfacet
 facet normal 1 -7.5676381e-05 -3.4696e-05
  outer loop
   vertex -0.088410959 -0.0089913682 0.033050605
   vertex -0.088411022 -0.0098147445 0.033031772
   vertex -0.088411053 -0.0098276917 0.032157139
  endloop
 endfacet
 facet normal 1 -7.5676381e-05 -3.4696e-05
  outer loop
   vertex -0.088410959 -0.0089913682 0.033050605
   vertex -0.088411053 -0.0098276917 0.032157139
   vertex -0.088410976 -0.0089791971 0.032152996
  endloop
 endfacet
 facet normal 0.85495571 0.50101021 -0.13431122
  outer loop
   vertex -0.088410977 -0.010127771 0.03402029
   vertex -0.088410871 -0.010237396 0.033612043
   vertex -0.08841092 -0.010407271 0.032978053
  endloop
 endfacet
 facet normal 0.85495571 0.50101021 -0.13431122
  outer loop
   vertex -0.088410977 -0.010127771 0.03402029
   vertex -0.08841092 -0.010407271 0.032978053
   vertex -0.088411022 -0.0098147445 0.033031772
  endloop
 endfacet
 facet normal 0.99999998 8.9510588e-05 -0.00016204466
  outer loop
   vertex -0.088410826 -0.0080930563 0.033944673
   vertex -0.088410912 -0.0071457159 0.033937362
   vertex -0.088410765 -0.0071593945 0.0348343
  endloop
 endfacet
 facet normal 0.99999998 8.9510588e-05 -0.00016204466
  outer loop
   vertex -0.088410826 -0.0080930563 0.033944673
   vertex -0.088410765 -0.0071593945 0.0348343
   vertex -0.088410349 -0.0081087327 0.034842372
  endloop
 endfacet
 facet normal 0.99999733 0.0014172128 -0.0018264696
  outer loop
   vertex -0.088409043 -0.0081399868 0.035743118
   vertex -0.088407814 -0.0090191124 0.035733893
   vertex -0.088409446 -0.0090089284 0.034848081
  endloop
 endfacet
 facet normal 0.99999733 0.0014172128 -0.0018264696
  outer loop
   vertex -0.088409043 -0.0081399868 0.035743118
   vertex -0.088409446 -0.0090089284 0.034848081
   vertex -0.088410349 -0.0081087327 0.034842372
  endloop
 endfacet
 facet normal -0.00058100557 0.96595363 -0.2587146
  outer loop
   vertex -0.086666639 -0.0096964808 0.035631364
   vertex -0.086663886 -0.009898815 0.03487591
   vertex -0.087545847 -0.0099005397 0.034871451
  endloop
 endfacet
 facet normal -0.00058100557 0.96595363 -0.2587146
  outer loop
   vertex -0.086666639 -0.0096964808 0.035631364
   vertex -0.087545847 -0.0099005397 0.034871451
   vertex -0.087543398 -0.0096946979 0.035637968
  endloop
 endfacet
 facet normal -5.786577e-06 0.96592592 -0.25881869
  outer loop
   vertex -0.085749739 -0.0098986156 0.034876415
   vertex -0.085754045 -0.010231015 0.033635881
   vertex -0.086677718 -0.010231463 0.033634229
  endloop
 endfacet
 facet normal -5.786577e-06 0.96592592 -0.25881869
  outer loop
   vertex -0.085749739 -0.0098986156 0.034876415
   vertex -0.086677718 -0.010231463 0.033634229
   vertex -0.086663886 -0.009898815 0.03487591
  endloop
 endfacet
 facet normal 1 -7.0581753e-06 -2.4691719e-05
  outer loop
   vertex -0.088410975 -0.0080610469 0.032146811
   vertex -0.088410952 -0.0080712494 0.03304545
   vertex -0.088410959 -0.0089913682 0.033050605
  endloop
 endfacet
 facet normal 1 -7.0581753e-06 -2.4691719e-05
  outer loop
   vertex -0.088410975 -0.0080610469 0.032146811
   vertex -0.088410959 -0.0089913682 0.033050605
   vertex -0.088410976 -0.0089791971 0.032152996
  endloop
 endfacet
 facet normal 0.99999999 1.2391711e-05 -0.00014055584
  outer loop
   vertex -0.088410826 -0.0080930563 0.033944673
   vertex -0.088410952 -0.0080712494 0.03304545
   vertex -0.088410965 -0.0071341516 0.033040321
  endloop
 endfacet
 facet normal 0.99999999 1.2391711e-05 -0.00014055584
  outer loop
   vertex -0.088410826 -0.0080930563 0.033944673
   vertex -0.088410965 -0.0071341516 0.033040321
   vertex -0.088410912 -0.0071457159 0.033937362
  endloop
 endfacet
 facet normal 0.99999082 -0.001957159 -0.0038130482
  outer loop
   vertex -0.088407502 -0.0096775791 0.035701117
   vertex -0.088410956 -0.0098900906 0.034904528
   vertex -0.088409446 -0.0090089284 0.034848081
  endloop
 endfacet
 facet normal 0.99999082 -0.001957159 -0.0038130482
  outer loop
   vertex -0.088407502 -0.0096775791 0.035701117
   vertex -0.088409446 -0.0090089284 0.034848081
   vertex -0.088407814 -0.0090191124 0.035733893
  endloop
 endfacet
 facet normal 0.0018143984 0.96620485 -0.25776906
  outer loop
   vertex -0.087545847 -0.0099005397 0.034871451
   vertex -0.088410956 -0.0098900906 0.034904528
   vertex -0.088407502 -0.0096775791 0.035701117
  endloop
 endfacet
 facet normal 0.0018143984 0.96620485 -0.25776906
  outer loop
   vertex -0.087545847 -0.0099005397 0.034871451
   vertex -0.088407502 -0.0096775791 0.035701117
   vertex -0.087543398 -0.0096946979 0.035637968
  endloop
 endfacet
 facet normal -0.00035109433 0.96597371 -0.25864004
  outer loop
   vertex -0.087543147 -0.0087419258 0.039191826
   vertex -0.088406538 -0.0087251105 0.0392558
   vertex -0.088402521 -0.0085553496 0.03988982
  endloop
 endfacet
 facet normal -0.00035109433 0.96597371 -0.25864004
  outer loop
   vertex -0.087543147 -0.0087419258 0.039191826
   vertex -0.088402521 -0.0085553496 0.03988982
   vertex -0.087561024 -0.0085521591 0.03990321
  endloop
 endfacet
 facet normal 0.00068065267 0.96801452 -0.25089326
  outer loop
   vertex -0.088410791 -0.0082009754 0.041184591
   vertex -0.088408629 -0.0079860043 0.042014014
   vertex -0.08753891 -0.0080011609 0.041957895
  endloop
 endfacet
 facet normal 0.00068065267 0.96801452 -0.25089326
  outer loop
   vertex -0.088410791 -0.0082009754 0.041184591
   vertex -0.08753891 -0.0080011609 0.041957895
   vertex -0.087538588 -0.0082200201 0.04115139
  endloop
 endfacet
 facet normal 0.99999294 -0.0017148901 0.0033422041
  outer loop
   vertex -0.088410791 -0.0082009754 0.041184591
   vertex -0.088408818 -0.0072002484 0.041107592
   vertex -0.088411661 -0.0071392153 0.041989711
  endloop
 endfacet
 facet normal 0.99999294 -0.0017148901 0.0033422041
  outer loop
   vertex -0.088410791 -0.0082009754 0.041184591
   vertex -0.088411661 -0.0071392153 0.041989711
   vertex -0.088408629 -0.0079860043 0.042014014
  endloop
 endfacet
 facet normal -0.00021418798 0.96592053 -0.25883873
  outer loop
   vertex -0.08665696 -0.0082166725 0.041154413
   vertex -0.086670291 -0.0085488786 0.039914715
   vertex -0.087561024 -0.0085521591 0.03990321
  endloop
 endfacet
 facet normal -0.00021418798 0.96592053 -0.25883873
  outer loop
   vertex -0.08665696 -0.0082166725 0.041154413
   vertex -0.087561024 -0.0085521591 0.03990321
   vertex -0.087538588 -0.0082200201 0.04115139
  endloop
 endfacet
 facet normal 0.86075699 0.49233267 -0.12925148
  outer loop
   vertex -0.088402521 -0.0085553496 0.03988982
   vertex -0.088410716 -0.0084346259 0.040295094
   vertex -0.088410791 -0.0082009754 0.041184591
  endloop
 endfacet
 facet normal 0.86075699 0.49233267 -0.12925148
  outer loop
   vertex -0.088402521 -0.0085553496 0.03988982
   vertex -0.088410791 -0.0082009754 0.041184591
   vertex -0.087538588 -0.0082200201 0.04115139
  endloop
 endfacet
 facet normal 0.86075699 0.49233267 -0.12925148
  outer loop
   vertex -0.088402521 -0.0085553496 0.03988982
   vertex -0.087538588 -0.0082200201 0.04115139
   vertex -0.087561024 -0.0085521591 0.03990321
  endloop
 endfacet
 facet normal 0.99945738 0.031062687 0.010957231
  outer loop
   vertex -0.0884106 -0.0080877738 0.039301235
   vertex -0.088410716 -0.0084346259 0.040295094
   vertex -0.088402521 -0.0085553496 0.03988982
  endloop
 endfacet
 facet normal 0.99945738 0.031062687 0.010957231
  outer loop
   vertex -0.0884106 -0.0080877738 0.039301235
   vertex -0.088402521 -0.0085553496 0.03988982
   vertex -0.088406538 -0.0087251105 0.0392558
  endloop
 endfacet
 facet normal 0.99999776 -0.0018999283 0.0009374317
  outer loop
   vertex -0.088408076 -0.0072501138 0.040215413
   vertex -0.088408818 -0.0072002484 0.041107592
   vertex -0.088410791 -0.0082009754 0.041184591
  endloop
 endfacet
 facet normal 0.99999776 -0.0018999283 0.0009374317
  outer loop
   vertex -0.088408076 -0.0072501138 0.040215413
   vertex -0.088410791 -0.0082009754 0.041184591
   vertex -0.088410716 -0.0084346259 0.040295094
  endloop
 endfacet
 facet normal 0.010265114 0.96750761 -0.25263344
  outer loop
   vertex -0.087531986 -0.0091737918 0.037593945
   vertex -0.088410887 -0.0091551583 0.037629594
   vertex -0.088409255 -0.0089387024 0.038458619
  endloop
 endfacet
 facet normal 0.010265114 0.96750761 -0.25263344
  outer loop
   vertex -0.087531986 -0.0091737918 0.037593945
   vertex -0.088409255 -0.0089387024 0.038458619
   vertex -0.08753252 -0.0089544304 0.038400638
  endloop
 endfacet
 facet normal 0.00017075698 0.96577162 -0.25939382
  outer loop
   vertex -0.087543147 -0.0087419258 0.039191826
   vertex -0.08753252 -0.0089544304 0.038400638
   vertex -0.088409255 -0.0089387024 0.038458619
  endloop
 endfacet
 facet normal 0.00017075698 0.96577162 -0.25939382
  outer loop
   vertex -0.087543147 -0.0087419258 0.039191826
   vertex -0.088409255 -0.0089387024 0.038458619
   vertex -0.088406538 -0.0087251105 0.0392558
  endloop
 endfacet
 facet normal 0.99999274 0.0013606908 0.003559722
  outer loop
   vertex -0.088410892 -0.0093918926 0.036740924
   vertex -0.088407814 -0.0090191124 0.035733893
   vertex -0.088409043 -0.0081399868 0.035743118
  endloop
 endfacet
 facet normal 0.99999274 0.0013606908 0.003559722
  outer loop
   vertex -0.088410892 -0.0093918926 0.036740924
   vertex -0.088409043 -0.0081399868 0.035743118
   vertex -0.088407647 -0.0081928879 0.036649794
  endloop
 endfacet
 facet normal 0.99999645 0.0026161564 0.00050254158
  outer loop
   vertex -0.088408215 -0.0081478089 0.037544684
   vertex -0.088407647 -0.0081928879 0.036649794
   vertex -0.088410234 -0.0072005605 0.036631123
  endloop
 endfacet
 facet normal 0.99999645 0.0026161564 0.00050254158
  outer loop
   vertex -0.088408215 -0.0081478089 0.037544684
   vertex -0.088410234 -0.0072005605 0.036631123
   vertex -0.088410275 -0.007198946 0.037526276
  endloop
 endfacet
 facet normal -0.00043482081 0.96598438 -0.25860006
  outer loop
   vertex -0.087557906 -0.0095041343 0.036351361
   vertex -0.086666962 -0.0095000622 0.036365074
   vertex -0.086666639 -0.0096964808 0.035631364
  endloop
 endfacet
 facet normal -0.00043482081 0.96598438 -0.25860006
  outer loop
   vertex -0.087557906 -0.0095041343 0.036351361
   vertex -0.086666639 -0.0096964808 0.035631364
   vertex -0.087543398 -0.0096946979 0.035637968
  endloop
 endfacet
 facet normal 0.0011707758 0.96158881 -0.27449151
  outer loop
   vertex -0.087557906 -0.0095041343 0.036351361
   vertex -0.088406886 -0.0095079428 0.036334398
   vertex -0.088410892 -0.0093918926 0.036740924
  endloop
 endfacet
 facet normal 0.0011707758 0.96158881 -0.27449151
  outer loop
   vertex -0.087557906 -0.0095041343 0.036351361
   vertex -0.088410892 -0.0093918926 0.036740924
   vertex -0.088410887 -0.0091551583 0.037629594
  endloop
 endfacet
 facet normal 0.0011707758 0.96158881 -0.27449151
  outer loop
   vertex -0.087557906 -0.0095041343 0.036351361
   vertex -0.088410887 -0.0091551583 0.037629594
   vertex -0.087531986 -0.0091737918 0.037593945
  endloop
 endfacet
 facet normal 0.84334715 0.51886331 -0.1398086
  outer loop
   vertex -0.088410892 -0.0093918926 0.036740924
   vertex -0.088406886 -0.0095079428 0.036334398
   vertex -0.088407502 -0.0096775791 0.035701117
  endloop
 endfacet
 facet normal 0.84334715 0.51886331 -0.1398086
  outer loop
   vertex -0.088410892 -0.0093918926 0.036740924
   vertex -0.088407502 -0.0096775791 0.035701117
   vertex -0.088407814 -0.0090191124 0.035733893
  endloop
 endfacet
 facet normal 0.00083666131 0.96594468 -0.25874732
  outer loop
   vertex -0.088407502 -0.0096775791 0.035701117
   vertex -0.088406886 -0.0095079428 0.036334398
   vertex -0.087557906 -0.0095041343 0.036351361
  endloop
 endfacet
 facet normal 0.00083666131 0.96594468 -0.25874732
  outer loop
   vertex -0.088407502 -0.0096775791 0.035701117
   vertex -0.087557906 -0.0095041343 0.036351361
   vertex -0.087543398 -0.0096946979 0.035637968
  endloop
 endfacet
 facet normal 0.99996365 0.0067447125 -0.0052151536
  outer loop
   vertex -0.0884106 -0.0080877738 0.039301235
   vertex -0.088406538 -0.0087251105 0.0392558
   vertex -0.088409255 -0.0089387024 0.038458619
  endloop
 endfacet
 facet normal 0.99996365 0.0067447125 -0.0052151536
  outer loop
   vertex -0.0884106 -0.0080877738 0.039301235
   vertex -0.088409255 -0.0089387024 0.038458619
   vertex -0.088411088 -0.0080908715 0.038427734
  endloop
 endfacet
 facet normal 0.99999423 -0.00078862877 0.0033049895
  outer loop
   vertex -0.088410348 -0.0071921898 0.038418124
   vertex -0.088411088 -0.0080908715 0.038427734
   vertex -0.088408215 -0.0081478089 0.037544684
  endloop
 endfacet
 facet normal 0.99999423 -0.00078862877 0.0033049895
  outer loop
   vertex -0.088410348 -0.0071921898 0.038418124
   vertex -0.088408215 -0.0081478089 0.037544684
   vertex -0.088410275 -0.007198946 0.037526276
  endloop
 endfacet
 facet normal 2.8925909e-05 -0.96592454 0.25882385
  outer loop
   vertex -0.087554163 0.001659403 0.03937431
   vertex -0.088410782 0.0016612394 0.039381258
   vertex -0.088410829 0.0014523303 0.038601614
  endloop
 endfacet
 facet normal 2.8925909e-05 -0.96592454 0.25882385
  outer loop
   vertex -0.087554163 0.001659403 0.03937431
   vertex -0.088410829 0.0014523303 0.038601614
   vertex -0.087556009 0.0014583897 0.038624068
  endloop
 endfacet
 facet normal -4.165361e-05 -0.96591889 0.25884493
  outer loop
   vertex -0.086651551 0.0011319085 0.037405899
   vertex -0.086648433 0.0014594639 0.038628222
   vertex -0.087556009 0.0014583897 0.038624068
  endloop
 endfacet
 facet normal -4.165361e-05 -0.96591889 0.25884493
  outer loop
   vertex -0.086651551 0.0011319085 0.037405899
   vertex -0.087556009 0.0014583897 0.038624068
   vertex -0.087560318 0.0011317263 0.037405364
  endloop
 endfacet
 facet normal -1.0902129e-06 -0.96592702 0.25881458
  outer loop
   vertex -0.088410613 0.0011323597 0.037407509
   vertex -0.088410895 0.00092704765 0.03664126
   vertex -0.087557294 0.00092327965 0.036627201
  endloop
 endfacet
 facet normal -1.0902129e-06 -0.96592702 0.25881458
  outer loop
   vertex -0.088410613 0.0011323597 0.037407509
   vertex -0.087557294 0.00092327965 0.036627201
   vertex -0.087560318 0.0011317263 0.037405364
  endloop
 endfacet
 facet normal 0.039262508 0.96518059 -0.25862111
  outer loop
   vertex -0.088410829 0.0014523303 0.038601614
   vertex -0.088410599 0.0012994994 0.038031281
   vertex -0.088410613 0.0011323597 0.037407509
  endloop
 endfacet
 facet normal 0.039262508 0.96518059 -0.25862111
  outer loop
   vertex -0.088410829 0.0014523303 0.038601614
   vertex -0.088410613 0.0011323597 0.037407509
   vertex -0.087560318 0.0011317263 0.037405364
  endloop
 endfacet
 facet normal 0.039262508 0.96518059 -0.25862111
  outer loop
   vertex -0.088410829 0.0014523303 0.038601614
   vertex -0.087560318 0.0011317263 0.037405364
   vertex -0.087556009 0.0014583897 0.038624068
  endloop
 endfacet
 facet normal 0.00011252402 0.96594852 -0.25873431
  outer loop
   vertex -0.085749338 -0.0072641298 0.044708636
   vertex -0.085750705 -0.0070618822 0.045463699
   vertex -0.084848209 -0.0070618734 0.045464124
  endloop
 endfacet
 facet normal 0.00011252402 0.96594852 -0.25873431
  outer loop
   vertex -0.085749338 -0.0072641298 0.044708636
   vertex -0.084848209 -0.0070618734 0.045464124
   vertex -0.084848438 -0.0072641318 0.044708905
  endloop
 endfacet
 facet normal 0.0011499213 0.96600348 -0.25852651
  outer loop
   vertex -0.08397047 -0.006865197 0.046202925
   vertex -0.083968057 -0.0070626767 0.045465038
   vertex -0.084848209 -0.0070618734 0.045464124
  endloop
 endfacet
 facet normal 0.0011499213 0.96600348 -0.25852651
  outer loop
   vertex -0.08397047 -0.006865197 0.046202925
   vertex -0.084848209 -0.0070618734 0.045464124
   vertex -0.084849954 -0.0068638646 0.04620335
  endloop
 endfacet
 facet normal 0.00082102175 0.96595809 -0.25869729
  outer loop
   vertex -0.083969316 -0.0072648247 0.044709107
   vertex -0.084848438 -0.0072641318 0.044708905
   vertex -0.084848209 -0.0070618734 0.045464124
  endloop
 endfacet
 facet normal 0.00082102175 0.96595809 -0.25869729
  outer loop
   vertex -0.083969316 -0.0072648247 0.044709107
   vertex -0.084848209 -0.0070618734 0.045464124
   vertex -0.083968057 -0.0070626767 0.045465038
  endloop
 endfacet
 facet normal 0.0077759037 0.96585345 -0.25897229
  outer loop
   vertex -0.08397047 -0.006865197 0.046202925
   vertex -0.083143996 -0.0068740352 0.046194777
   vertex -0.083154467 -0.0070672539 0.045473842
  endloop
 endfacet
 facet normal 0.0077759037 0.96585345 -0.25897229
  outer loop
   vertex -0.08397047 -0.006865197 0.046202925
   vertex -0.083154467 -0.0070672539 0.045473842
   vertex -0.083968057 -0.0070626767 0.045465038
  endloop
 endfacet
 facet normal -0.027462878 0.96642987 -0.25545858
  outer loop
   vertex -0.082410851 -0.0072422365 0.04473192
   vertex -0.083150181 -0.0072702186 0.044705542
   vertex -0.083154467 -0.0070672539 0.045473842
  endloop
 endfacet
 facet normal -0.027462878 0.96642987 -0.25545858
  outer loop
   vertex -0.082410851 -0.0072422365 0.04473192
   vertex -0.083154467 -0.0070672539 0.045473842
   vertex -0.08241085 -0.0070144702 0.045524515
  endloop
 endfacet
 facet normal 0.0082303873 0.9660183 -0.25834262
  outer loop
   vertex -0.083969316 -0.0072648247 0.044709107
   vertex -0.083968057 -0.0070626767 0.045465038
   vertex -0.083154467 -0.0070672539 0.045473842
  endloop
 endfacet
 facet normal 0.0082303873 0.9660183 -0.25834262
  outer loop
   vertex -0.083969316 -0.0072648247 0.044709107
   vertex -0.083154467 -0.0070672539 0.045473842
   vertex -0.083150181 -0.0072702186 0.044705542
  endloop
 endfacet
 facet normal 1.2455897e-05 0.96592705 -0.25881448
  outer loop
   vertex -0.085749739 -0.0098986156 0.034876415
   vertex -0.084845468 -0.009898536 0.034876756
   vertex -0.084840704 -0.010231009 0.033635928
  endloop
 endfacet
 facet normal 1.2455897e-05 0.96592705 -0.25881448
  outer loop
   vertex -0.085749739 -0.0098986156 0.034876415
   vertex -0.084840704 -0.010231009 0.033635928
   vertex -0.085754045 -0.010231015 0.033635881
  endloop
 endfacet
 facet normal 0.00043442708 0.96602611 -0.25844411
  outer loop
   vertex -0.084844249 -0.0096962035 0.03563211
   vertex -0.083959896 -0.0096964174 0.035632797
   vertex -0.083962804 -0.0098986753 0.034876782
  endloop
 endfacet
 facet normal 0.00043442708 0.96602611 -0.25844411
  outer loop
   vertex -0.084844249 -0.0096962035 0.03563211
   vertex -0.083962804 -0.0098986753 0.034876782
   vertex -0.084845468 -0.009898536 0.034876756
  endloop
 endfacet
 facet normal 3.6248342e-05 0.96592707 -0.25881439
  outer loop
   vertex -0.083949139 -0.010231404 0.033634577
   vertex -0.084840704 -0.010231009 0.033635928
   vertex -0.084845468 -0.009898536 0.034876756
  endloop
 endfacet
 facet normal 3.6248342e-05 0.96592707 -0.25881439
  outer loop
   vertex -0.083949139 -0.010231404 0.033634577
   vertex -0.084845468 -0.009898536 0.034876756
   vertex -0.083962804 -0.0098986753 0.034876782
  endloop
 endfacet
 facet normal 0.0010763649 0.96641412 -0.25698755
  outer loop
   vertex -0.08314682 -0.0096965069 0.035640464
   vertex -0.083144304 -0.0099007421 0.034872438
   vertex -0.083962804 -0.0098986753 0.034876782
  endloop
 endfacet
 facet normal 0.0010763649 0.96641412 -0.25698755
  outer loop
   vertex -0.08314682 -0.0096965069 0.035640464
   vertex -0.083962804 -0.0098986753 0.034876782
   vertex -0.083959896 -0.0096964174 0.035632797
  endloop
 endfacet
 facet normal -0.78540386 0.61893445 0.0078057143
  outer loop
   vertex -0.082411268 -0.0062582214 0.035728247
   vertex -0.082411399 -0.0062696988 0.03662509
   vertex -0.081410959 -0.0050000013 0.036610961
  endloop
 endfacet
 facet normal -0.78540386 0.61893445 0.0078057143
  outer loop
   vertex -0.082411268 -0.0062582214 0.035728247
   vertex -0.081410959 -0.0050000013 0.036610961
   vertex -0.081410982 -0.0049999999 0.035717385
  endloop
 endfacet
 facet normal -0.99999956 0.00093835415 -8.0124665e-05
  outer loop
   vertex -0.082412376 -0.0072327249 0.037534988
   vertex -0.082411476 -0.0062751804 0.037520001
   vertex -0.082411399 -0.0062696988 0.03662509
  endloop
 endfacet
 facet normal -0.99999956 0.00093835415 -8.0124665e-05
  outer loop
   vertex -0.082412376 -0.0072327249 0.037534988
   vertex -0.082411399 -0.0062696988 0.03662509
   vertex -0.082412251 -0.0072314358 0.036641186
  endloop
 endfacet
 facet normal -0.78992884 0.61316079 0.0068016276
  outer loop
   vertex -0.082411689 -0.0062794732 0.03841419
   vertex -0.082412324 -0.0062902313 0.039310326
   vertex -0.081410892 -0.0050000056 0.039302129
  endloop
 endfacet
 facet normal -0.78992884 0.61316079 0.0068016276
  outer loop
   vertex -0.082411689 -0.0062794732 0.03841419
   vertex -0.081410892 -0.0050000056 0.039302129
   vertex -0.081410926 -0.0050000034 0.038406152
  endloop
 endfacet
 facet normal -0.99999915 0.0011957143 -0.00051552023
  outer loop
   vertex -0.082412376 -0.0072327249 0.037534988
   vertex -0.08241283 -0.0072284988 0.038426219
   vertex -0.082411689 -0.0062794732 0.03841419
  endloop
 endfacet
 facet normal -0.99999915 0.0011957143 -0.00051552023
  outer loop
   vertex -0.082412376 -0.0072327249 0.037534988
   vertex -0.082411689 -0.0062794732 0.03841419
   vertex -0.082411476 -0.0062751804 0.037520001
  endloop
 endfacet
 facet normal -0.78766115 0.61610246 0.0027700116
  outer loop
   vertex -0.082411476 -0.0062751804 0.037520001
   vertex -0.082411689 -0.0062794732 0.03841419
   vertex -0.081410926 -0.0050000034 0.038406152
  endloop
 endfacet
 facet normal -0.78766115 0.61610246 0.0027700116
  outer loop
   vertex -0.082411476 -0.0062751804 0.037520001
   vertex -0.081410926 -0.0050000034 0.038406152
   vertex -0.081410946 -0.0050000022 0.037511956
  endloop
 endfacet
 facet normal -0.99999635 0.0012497589 0.002395213
  outer loop
   vertex -0.082415934 -0.0072360797 0.04111794
   vertex -0.082413745 -0.0071753684 0.042000194
   vertex -0.08241265 -0.0062896065 0.041995362
  endloop
 endfacet
 facet normal -0.99999635 0.0012497589 0.002395213
  outer loop
   vertex -0.082415934 -0.0072360797 0.04111794
   vertex -0.08241265 -0.0062896065 0.041995362
   vertex -0.08241269 -0.0062998933 0.041104007
  endloop
 endfacet
 facet normal -0.7932216 0.60885145 0.0099705311
  outer loop
   vertex -0.082412324 -0.0062902313 0.039310326
   vertex -0.082412664 -0.0063053917 0.040209012
   vertex -0.081410862 -0.0050000077 0.040195614
  endloop
 endfacet
 facet normal -0.7932216 0.60885145 0.0099705311
  outer loop
   vertex -0.082412324 -0.0062902313 0.039310326
   vertex -0.081410862 -0.0050000077 0.040195614
   vertex -0.081410892 -0.0050000056 0.039302129
  endloop
 endfacet
 facet normal -0.999994 0.0034642517 -5.0495101e-05
  outer loop
   vertex -0.082415934 -0.0072360797 0.04111794
   vertex -0.08241269 -0.0062998933 0.041104007
   vertex -0.082412664 -0.0063053917 0.040209012
  endloop
 endfacet
 facet normal -0.999994 0.0034642517 -5.0495101e-05
  outer loop
   vertex -0.082415934 -0.0072360797 0.04111794
   vertex -0.082412664 -0.0063053917 0.040209012
   vertex -0.082416429 -0.0072848135 0.040224362
  endloop
 endfacet
 facet normal -0.0053462507 0.96614918 -0.25792864
  outer loop
   vertex -0.082410977 -0.0087240591 0.039255518
   vertex -0.083148241 -0.0087444069 0.039194581
   vertex -0.083133948 -0.0085548978 0.039904148
  endloop
 endfacet
 facet normal -0.0053462507 0.96614918 -0.25792864
  outer loop
   vertex -0.082410977 -0.0087240591 0.039255518
   vertex -0.083133948 -0.0085548978 0.039904148
   vertex -0.082412243 -0.0085553496 0.03988982
  endloop
 endfacet
 facet normal 0.0031503685 0.96597023 -0.25863409
  outer loop
   vertex -0.083960059 -0.0087448539 0.03918462
   vertex -0.083957312 -0.0085492097 0.039915363
   vertex -0.083133948 -0.0085548978 0.039904148
  endloop
 endfacet
 facet normal 0.0031503685 0.96597023 -0.25863409
  outer loop
   vertex -0.083960059 -0.0087448539 0.03918462
   vertex -0.083133948 -0.0085548978 0.039904148
   vertex -0.083148241 -0.0087444069 0.039194581
  endloop
 endfacet
 facet normal 0.00066892039 0.96590455 -0.25889759
  outer loop
   vertex -0.084848093 -0.0082166766 0.041153688
   vertex -0.083969623 -0.0082171089 0.041154345
   vertex -0.083957312 -0.0085492097 0.039915363
  endloop
 endfacet
 facet normal 0.00066892039 0.96590455 -0.25889759
  outer loop
   vertex -0.084848093 -0.0082166766 0.041153688
   vertex -0.083957312 -0.0085492097 0.039915363
   vertex -0.084843837 -0.0085482528 0.039916617
  endloop
 endfacet
 facet normal 0.0019565402 0.96495241 -0.26241766
  outer loop
   vertex -0.08396281 -0.0080057535 0.041942139
   vertex -0.08314981 -0.0080035984 0.041956125
   vertex -0.083149396 -0.0082224053 0.04115154
  endloop
 endfacet
 facet normal 0.0019565402 0.96495241 -0.26241766
  outer loop
   vertex -0.08396281 -0.0080057535 0.041942139
   vertex -0.083149396 -0.0082224053 0.04115154
   vertex -0.083969623 -0.0082171089 0.041154345
  endloop
 endfacet
 facet normal 0.0053585868 0.96626557 -0.25749199
  outer loop
   vertex -0.083969623 -0.0082171089 0.041154345
   vertex -0.083149396 -0.0082224053 0.04115154
   vertex -0.083133948 -0.0085548978 0.039904148
  endloop
 endfacet
 facet normal 0.0053585868 0.96626557 -0.25749199
  outer loop
   vertex -0.083969623 -0.0082171089 0.041154345
   vertex -0.083133948 -0.0085548978 0.039904148
   vertex -0.083957312 -0.0085492097 0.039915363
  endloop
 endfacet
 facet normal 0.0024593006 0.96583312 -0.25915311
  outer loop
   vertex -0.083974226 -0.0091698243 0.03759915
   vertex -0.083967942 -0.0089591233 0.038384467
   vertex -0.083157508 -0.0089574065 0.038398556
  endloop
 endfacet
 facet normal 0.0024593006 0.96583312 -0.25915311
  outer loop
   vertex -0.083974226 -0.0091698243 0.03759915
   vertex -0.083157508 -0.0089574065 0.038398556
   vertex -0.083154882 -0.0091751284 0.037597189
  endloop
 endfacet
 facet normal -0.0056229527 0.96608507 -0.25816276
  outer loop
   vertex -0.082410977 -0.0087240591 0.039255518
   vertex -0.082410972 -0.0089371239 0.038458197
   vertex -0.083157508 -0.0089574065 0.038398556
  endloop
 endfacet
 facet normal -0.0056229527 0.96608507 -0.25816276
  outer loop
   vertex -0.082410977 -0.0087240591 0.039255518
   vertex -0.083157508 -0.0089574065 0.038398556
   vertex -0.083148241 -0.0087444069 0.039194581
  endloop
 endfacet
 facet normal -0.014478988 0.96490479 -0.26220052
  outer loop
   vertex -0.082410966 -0.0091551596 0.037629595
   vertex -0.083154882 -0.0091751284 0.037597189
   vertex -0.083157508 -0.0089574065 0.038398556
  endloop
 endfacet
 facet normal -0.014478988 0.96490479 -0.26220052
  outer loop
   vertex -0.082410966 -0.0091551596 0.037629595
   vertex -0.083157508 -0.0089574065 0.038398556
   vertex -0.082410972 -0.0089371239 0.038458197
  endloop
 endfacet
 facet normal 0.0026400868 0.96600413 -0.25851314
  outer loop
   vertex -0.083960059 -0.0087448539 0.03918462
   vertex -0.083148241 -0.0087444069 0.039194581
   vertex -0.083157508 -0.0089574065 0.038398556
  endloop
 endfacet
 facet normal 0.0026400868 0.96600413 -0.25851314
  outer loop
   vertex -0.083960059 -0.0087448539 0.03918462
   vertex -0.083157508 -0.0089574065 0.038398556
   vertex -0.083967942 -0.0089591233 0.038384467
  endloop
 endfacet
 facet normal 0.00043446923 0.96601028 -0.2585033
  outer loop
   vertex -0.08395965 -0.009499764 0.036367679
   vertex -0.083959896 -0.0096964174 0.035632797
   vertex -0.084844249 -0.0096962035 0.03563211
  endloop
 endfacet
 facet normal 0.00043446923 0.96601028 -0.2585033
  outer loop
   vertex -0.08395965 -0.009499764 0.036367679
   vertex -0.084844249 -0.0096962035 0.03563211
   vertex -0.084844625 -0.0094989514 0.036368528
  endloop
 endfacet
 facet normal 0.0027425967 0.96593655 -0.25876449
  outer loop
   vertex -0.083135762 -0.0095050229 0.03635678
   vertex -0.08395965 -0.009499764 0.036367679
   vertex -0.083974226 -0.0091698243 0.03759915
  endloop
 endfacet
 facet normal 0.0027425967 0.96593655 -0.25876449
  outer loop
   vertex -0.083135762 -0.0095050229 0.03635678
   vertex -0.083974226 -0.0091698243 0.03759915
   vertex -0.083154882 -0.0091751284 0.037597189
  endloop
 endfacet
 facet normal 0.0027497082 0.96606395 -0.25828836
  outer loop
   vertex -0.08395965 -0.009499764 0.036367679
   vertex -0.083135762 -0.0095050229 0.03635678
   vertex -0.08314682 -0.0096965069 0.035640464
  endloop
 endfacet
 facet normal 0.0027497082 0.96606395 -0.25828836
  outer loop
   vertex -0.08395965 -0.009499764 0.036367679
   vertex -0.08314682 -0.0096965069 0.035640464
   vertex -0.083959896 -0.0096964174 0.035632797
  endloop
 endfacet
 facet normal 3.9810835e-16 -0.96592583 0.25881903
  outer loop
   vertex -0.082410976 0.0016592804 0.039374004
   vertex -0.083168402 0.0016559177 0.039361454
   vertex -0.083166123 0.0014486094 0.038587769
  endloop
 endfacet
 facet normal 3.9810835e-16 -0.96592583 0.25881903
  outer loop
   vertex -0.082410976 0.0016592804 0.039374004
   vertex -0.083166123 0.0014486094 0.038587769
   vertex -0.082410976 0.0014235598 0.038494282
  endloop
 endfacet
 facet normal -1.6353635e-16 -0.96592583 0.25881903
  outer loop
   vertex -0.08400202 0.0016565485 0.039363808
   vertex -0.084000959 0.0014558192 0.038614676
   vertex -0.083166123 0.0014486094 0.038587769
  endloop
 endfacet
 facet normal -1.6353635e-16 -0.96592583 0.25881903
  outer loop
   vertex -0.08400202 0.0016565485 0.039363808
   vertex -0.083166123 0.0014486094 0.038587769
   vertex -0.083168402 0.0016559177 0.039361454
  endloop
 endfacet
 facet normal -8.241604e-16 -0.96592583 0.25881903
  outer loop
   vertex -0.084863347 0.0014584341 0.038624435
   vertex -0.084862223 0.0011315551 0.037404506
   vertex -0.083997599 0.0011311875 0.037403134
  endloop
 endfacet
 facet normal -8.241604e-16 -0.96592583 0.25881903
  outer loop
   vertex -0.084863347 0.0014584341 0.038624435
   vertex -0.083997599 0.0011311875 0.037403134
   vertex -0.084000959 0.0014558192 0.038614676
  endloop
 endfacet
 facet normal -1.1458359e-15 -0.96592583 0.25881903
  outer loop
   vertex -0.084000203 0.00092229608 0.03662354
   vertex -0.083165623 0.00092303543 0.0366263
   vertex -0.083163104 0.00113099 0.037402397
  endloop
 endfacet
 facet normal -1.1458359e-15 -0.96592583 0.25881903
  outer loop
   vertex -0.084000203 0.00092229608 0.03662354
   vertex -0.083163104 0.00113099 0.037402397
   vertex -0.083997599 0.0011311875 0.037403134
  endloop
 endfacet
 facet normal -1.9908739e-16 -0.96592583 0.25881903
  outer loop
   vertex -0.083166123 0.0014486094 0.038587769
   vertex -0.084000959 0.0014558192 0.038614676
   vertex -0.083997599 0.0011311875 0.037403134
  endloop
 endfacet
 facet normal -1.9908739e-16 -0.96592583 0.25881903
  outer loop
   vertex -0.083166123 0.0014486094 0.038587769
   vertex -0.083997599 0.0011311875 0.037403134
   vertex -0.083163104 0.00113099 0.037402397
  endloop
 endfacet
 facet normal 0.77785359 0.62844553 -1.1477246e-05
  outer loop
   vertex -0.088410335 -0.0062385617 0.028498274
   vertex -0.089410974 -0.0050000282 0.028515206
   vertex -0.089410975 -0.0050000099 0.029431968
  endloop
 endfacet
 facet normal 0.77785359 0.62844553 -1.1477246e-05
  outer loop
   vertex -0.088410335 -0.0062385617 0.028498274
   vertex -0.089410975 -0.0050000099 0.029431968
   vertex -0.088410736 -0.0062279919 0.029415638
  endloop
 endfacet
 facet normal 0.99999992 9.0488472e-05 0.00039435644
  outer loop
   vertex -0.088410896 -0.0062240862 0.030332493
   vertex -0.088410813 -0.0071287265 0.030329588
   vertex -0.088410448 -0.0071328451 0.029404385
  endloop
 endfacet
 facet normal 0.99999992 9.0488472e-05 0.00039435644
  outer loop
   vertex -0.088410896 -0.0062240862 0.030332493
   vertex -0.088410448 -0.0071328451 0.029404385
   vertex -0.088410736 -0.0062279919 0.029415638
  endloop
 endfacet
 facet normal 0.77532053 0.63156279 -0.0025549567
  outer loop
   vertex -0.088410896 -0.0062240862 0.030332493
   vertex -0.088410736 -0.0062279919 0.029415638
   vertex -0.089410975 -0.0050000099 0.029431968
  endloop
 endfacet
 facet normal 0.77532053 0.63156279 -0.0025549567
  outer loop
   vertex -0.088410896 -0.0062240862 0.030332493
   vertex -0.089410975 -0.0050000099 0.029431968
   vertex -0.089410975 -0.0050000032 0.030340511
  endloop
 endfacet
 facet normal 0.99999998 9.116275e-05 0.00018438619
  outer loop
   vertex -0.088410981 -0.0071270216 0.031240708
   vertex -0.088410813 -0.0071287265 0.030329588
   vertex -0.088410896 -0.0062240862 0.030332493
  endloop
 endfacet
 facet normal 0.99999998 9.116275e-05 0.00018438619
  outer loop
   vertex -0.088410981 -0.0071270216 0.031240708
   vertex -0.088410896 -0.0062240862 0.030332493
   vertex -0.088410981 -0.0062232297 0.031239956
  endloop
 endfacet
 facet normal 0.99999999 5.568957e-05 -0.00016256044
  outer loop
   vertex -0.088410765 -0.0071593945 0.0348343
   vertex -0.088410912 -0.0071457159 0.033937362
   vertex -0.088410963 -0.0062319079 0.033933055
  endloop
 endfacet
 facet normal 0.99999999 5.568957e-05 -0.00016256044
  outer loop
   vertex -0.088410765 -0.0071593945 0.0348343
   vertex -0.088410963 -0.0062319079 0.033933055
   vertex -0.088410934 -0.0062388511 0.034828522
  endloop
 endfacet
 facet normal 0.77808953 0.62812051 0.0064264201
  outer loop
   vertex -0.088410882 -0.0062480824 0.035724424
   vertex -0.088410934 -0.0062388511 0.034828522
   vertex -0.089410976 -0.0049999999 0.034824444
  endloop
 endfacet
 facet normal 0.77808953 0.62812051 0.0064264201
  outer loop
   vertex -0.088410882 -0.0062480824 0.035724424
   vertex -0.089410976 -0.0049999999 0.034824444
   vertex -0.089410976 -0.0049999999 0.035718769
  endloop
 endfacet
 facet normal 0.77639553 0.63024597 1.1956616e-14
  outer loop
   vertex -0.088410963 -0.0062319079 0.033933055
   vertex -0.089410976 -0.0049999999 0.033931494
   vertex -0.089410976 -0.0049999999 0.034824444
  endloop
 endfacet
 facet normal 0.77639553 0.63024597 1.1956616e-14
  outer loop
   vertex -0.088410963 -0.0062319079 0.033933055
   vertex -0.089410976 -0.0049999999 0.034824444
   vertex -0.088410934 -0.0062388511 0.034828522
  endloop
 endfacet
 facet normal 1 1.3163121e-05 -1.4897382e-05
  outer loop
   vertex -0.088410965 -0.0071341516 0.033040321
   vertex -0.088410977 -0.0062267699 0.033037379
   vertex -0.088410963 -0.0062319079 0.033933055
  endloop
 endfacet
 facet normal 1 1.3163121e-05 -1.4897382e-05
  outer loop
   vertex -0.088410965 -0.0071341516 0.033040321
   vertex -0.088410963 -0.0062319079 0.033933055
   vertex -0.088410912 -0.0071457159 0.033937362
  endloop
 endfacet
 facet normal 0.99999336 0.001930912 0.0030899554
  outer loop
   vertex -0.088411661 -0.0071392153 0.041989711
   vertex -0.088408818 -0.0072002484 0.041107592
   vertex -0.08841056 -0.0062780367 0.041095169
  endloop
 endfacet
 facet normal 0.99999336 0.001930912 0.0030899554
  outer loop
   vertex -0.088411661 -0.0071392153 0.041989711
   vertex -0.08841056 -0.0062780367 0.041095169
   vertex -0.08841089 -0.0062663447 0.041986676
  endloop
 endfacet
 facet normal 0.78743959 0.61639183 2.0892796e-06
  outer loop
   vertex -0.08841056 -0.0062780367 0.041095169
   vertex -0.089410975 -0.0050000082 0.041080132
   vertex -0.089410975 -0.0050000115 0.04197871
  endloop
 endfacet
 facet normal 0.78743959 0.61639183 2.0892796e-06
  outer loop
   vertex -0.08841056 -0.0062780367 0.041095169
   vertex -0.089410975 -0.0050000115 0.04197871
   vertex -0.08841089 -0.0062663447 0.041986676
  endloop
 endfacet
 facet normal 0.78600876 0.61821535 1.174212e-06
  outer loop
   vertex -0.088410595 -0.0062719045 0.039304088
   vertex -0.089410975 -0.0050000054 0.039292159
   vertex -0.089410975 -0.0050000072 0.040193066
  endloop
 endfacet
 facet normal 0.78600876 0.61821535 1.174212e-06
  outer loop
   vertex -0.088410595 -0.0062719045 0.039304088
   vertex -0.089410975 -0.0050000072 0.040193066
   vertex -0.088410456 -0.0062855271 0.040201089
  endloop
 endfacet
 facet normal 0.99999695 0.0024682576 9.617053e-05
  outer loop
   vertex -0.088408076 -0.0072501138 0.040215413
   vertex -0.088410456 -0.0062855271 0.040201089
   vertex -0.08841056 -0.0062780367 0.041095169
  endloop
 endfacet
 facet normal 0.99999695 0.0024682576 9.617053e-05
  outer loop
   vertex -0.088408076 -0.0072501138 0.040215413
   vertex -0.08841056 -0.0062780367 0.041095169
   vertex -0.088408818 -0.0072002484 0.041107592
  endloop
 endfacet
 facet normal 0.78915787 0.61416963 -0.0050531383
  outer loop
   vertex -0.08841056 -0.0062780367 0.041095169
   vertex -0.088410456 -0.0062855271 0.040201089
   vertex -0.089410975 -0.0050000072 0.040193066
  endloop
 endfacet
 facet normal 0.78915787 0.61416963 -0.0050531383
  outer loop
   vertex -0.08841056 -0.0062780367 0.041095169
   vertex -0.089410975 -0.0050000072 0.040193066
   vertex -0.089410975 -0.0050000082 0.041080132
  endloop
 endfacet
 facet normal 0.99999983 0.00058387289 4.4893049e-05
  outer loop
   vertex -0.088410822 -0.0062607559 0.037515123
   vertex -0.088410275 -0.007198946 0.037526276
   vertex -0.088410234 -0.0072005605 0.036631123
  endloop
 endfacet
 facet normal 0.99999983 0.00058387289 4.4893049e-05
  outer loop
   vertex -0.088410822 -0.0062607559 0.037515123
   vertex -0.088410234 -0.0072005605 0.036631123
   vertex -0.088410835 -0.006257477 0.036620491
  endloop
 endfacet
 facet normal 0.99999983 0.00058425844 7.7324075e-05
  outer loop
   vertex -0.088410348 -0.0071921898 0.038418124
   vertex -0.088410275 -0.007198946 0.037526276
   vertex -0.088410822 -0.0062607559 0.037515123
  endloop
 endfacet
 facet normal 0.99999983 0.00058425844 7.7324075e-05
  outer loop
   vertex -0.088410348 -0.0071921898 0.038418124
   vertex -0.088410822 -0.0062607559 0.037515123
   vertex -0.088410784 -0.0062630281 0.038408851
  endloop
 endfacet
 facet normal 0.00031563983 0.94170878 -0.336429
  outer loop
   vertex -0.086660324 -0.0058642969 0.04969682
   vertex -0.085750555 -0.0058657756 0.049693534
   vertex -0.085750689 -0.0061139287 0.048998921
  endloop
 endfacet
 facet normal 0.00031563983 0.94170878 -0.336429
  outer loop
   vertex -0.086660324 -0.0058642969 0.04969682
   vertex -0.085750689 -0.0061139287 0.048998921
   vertex -0.086659374 -0.0061130537 0.049001995
  endloop
 endfacet
 facet normal 0.0001032038 0.94170884 -0.33642898
  outer loop
   vertex -0.085750689 -0.0061139287 0.048998921
   vertex -0.085750555 -0.0058657756 0.049693534
   vertex -0.084856051 -0.0058658521 0.049693595
  endloop
 endfacet
 facet normal 0.0001032038 0.94170884 -0.33642898
  outer loop
   vertex -0.085750689 -0.0061139287 0.048998921
   vertex -0.084856051 -0.0058658521 0.049693595
   vertex -0.084854163 -0.0061139227 0.048999113
  endloop
 endfacet
 facet normal -0.00039906936 0.96590909 -0.25888118
  outer loop
   vertex -0.085745443 -0.0065359608 0.047426361
   vertex -0.085750269 -0.0068639187 0.046202727
   vertex -0.086663613 -0.0068648901 0.046200511
  endloop
 endfacet
 facet normal -0.00039906936 0.96590909 -0.25888118
  outer loop
   vertex -0.085745443 -0.0065359608 0.047426361
   vertex -0.086663613 -0.0068648901 0.046200511
   vertex -0.086645136 -0.0065360096 0.047427797
  endloop
 endfacet
 facet normal 0.0020395194 0.94037681 -0.34012836
  outer loop
   vertex -0.083150745 -0.0058654822 0.049695129
   vertex -0.08241098 -0.0058761831 0.049669979
   vertex -0.08241097 -0.0060941212 0.049067431
  endloop
 endfacet
 facet normal 0.0020395194 0.94037681 -0.34012836
  outer loop
   vertex -0.083150745 -0.0058654822 0.049695129
   vertex -0.08241097 -0.0060941212 0.049067431
   vertex -0.083166066 -0.0061102159 0.049013229
  endloop
 endfacet
 facet normal 7.1853236e-05 0.96589965 -0.2589167
  outer loop
   vertex -0.085745443 -0.0065359608 0.047426361
   vertex -0.084857944 -0.0065358721 0.047426938
   vertex -0.084849954 -0.0068638646 0.04620335
  endloop
 endfacet
 facet normal 7.1853236e-05 0.96589965 -0.2589167
  outer loop
   vertex -0.085745443 -0.0065359608 0.047426361
   vertex -0.084849954 -0.0068638646 0.04620335
   vertex -0.085750269 -0.0068639187 0.046202727
  endloop
 endfacet
 facet normal -0.99414104 0.10473488 -0.026724316
  outer loop
   vertex -0.082409261 -0.0064596305 0.04742426
   vertex -0.082408842 -0.0066750516 0.0465644
   vertex -0.08241898 -0.0068729641 0.0461659
  endloop
 endfacet
 facet normal -0.99414104 0.10473488 -0.026724316
  outer loop
   vertex -0.082409261 -0.0064596305 0.04742426
   vertex -0.08241898 -0.0068729641 0.0461659
   vertex -0.083143996 -0.0068740352 0.046194777
  endloop
 endfacet
 facet normal -0.99414104 0.10473488 -0.026724316
  outer loop
   vertex -0.082409261 -0.0064596305 0.04742426
   vertex -0.083143996 -0.0068740352 0.046194777
   vertex -0.083174437 -0.006543969 0.047427751
  endloop
 endfacet
 facet normal -0.00048340574 0.85498878 -0.51864628
  outer loop
   vertex -0.085750555 -0.0058657756 0.049693534
   vertex -0.086660324 -0.0058642969 0.04969682
   vertex -0.086635077 -0.0052067896 0.050780698
  endloop
 endfacet
 facet normal -0.00048340574 0.85498878 -0.51864628
  outer loop
   vertex -0.085750555 -0.0058657756 0.049693534
   vertex -0.086635077 -0.0052067896 0.050780698
   vertex -0.08574152 -0.0052111383 0.050772728
  endloop
 endfacet
 facet normal 0.00049939865 0.85615997 -0.51671062
  outer loop
   vertex -0.086660324 -0.0058642969 0.04969682
   vertex -0.08756201 -0.0058648426 0.049695044
   vertex -0.087535335 -0.0052131249 0.050774929
  endloop
 endfacet
 facet normal 0.00049939865 0.85615997 -0.51671062
  outer loop
   vertex -0.086660324 -0.0058642969 0.04969682
   vertex -0.087535335 -0.0052131249 0.050774929
   vertex -0.086635077 -0.0052067896 0.050780698
  endloop
 endfacet
 facet normal 0.00010809109 0.85499346 -0.51863878
  outer loop
   vertex -0.084856051 -0.0058658521 0.049693595
   vertex -0.085750555 -0.0058657756 0.049693534
   vertex -0.08574152 -0.0052111383 0.050772728
  endloop
 endfacet
 facet normal 0.00010809109 0.85499346 -0.51863878
  outer loop
   vertex -0.084856051 -0.0058658521 0.049693595
   vertex -0.08574152 -0.0052111383 0.050772728
   vertex -0.084864086 -0.0052102287 0.050774093
  endloop
 endfacet
 facet normal 0.00074495653 0.85492776 -0.51874654
  outer loop
   vertex -0.083983261 -0.0058645922 0.049696925
   vertex -0.084856051 -0.0058658521 0.049693595
   vertex -0.084864086 -0.0052102287 0.050774093
  endloop
 endfacet
 facet normal 0.00074495653 0.85492776 -0.51874654
  outer loop
   vertex -0.083983261 -0.0058645922 0.049696925
   vertex -0.084864086 -0.0052102287 0.050774093
   vertex -0.084009281 -0.0052034058 0.050785615
  endloop
 endfacet
 facet normal 9.6102011e-05 0.94113479 -0.33803149
  outer loop
   vertex -0.087542407 -0.0061097714 0.049013128
   vertex -0.08756201 -0.0058648426 0.049695044
   vertex -0.086660324 -0.0058642969 0.04969682
  endloop
 endfacet
 facet normal 9.6102011e-05 0.94113479 -0.33803149
  outer loop
   vertex -0.087542407 -0.0061097714 0.049013128
   vertex -0.086660324 -0.0058642969 0.04969682
   vertex -0.086659374 -0.0061130537 0.049001995
  endloop
 endfacet
 facet normal 5.1347511e-05 0.96567622 -0.2597488
  outer loop
   vertex -0.086651781 -0.0063265368 0.048208323
   vertex -0.086659374 -0.0061130537 0.049001995
   vertex -0.085750689 -0.0061139287 0.048998921
  endloop
 endfacet
 facet normal 5.1347511e-05 0.96567622 -0.2597488
  outer loop
   vertex -0.086651781 -0.0063265368 0.048208323
   vertex -0.085750689 -0.0061139287 0.048998921
   vertex -0.085748056 -0.0063273423 0.048204825
  endloop
 endfacet
 facet normal 0.00039509636 0.94172446 -0.33638502
  outer loop
   vertex -0.08398146 -0.0061131399 0.049002329
   vertex -0.084854163 -0.0061139227 0.048999113
   vertex -0.084856051 -0.0058658521 0.049693595
  endloop
 endfacet
 facet normal 0.00039509636 0.94172446 -0.33638502
  outer loop
   vertex -0.08398146 -0.0061131399 0.049002329
   vertex -0.084856051 -0.0058658521 0.049693595
   vertex -0.083983261 -0.0058645922 0.049696925
  endloop
 endfacet
 facet normal 4.390269e-05 0.96573217 -0.25954071
  outer loop
   vertex -0.084855995 -0.0063272826 0.048205198
   vertex -0.085748056 -0.0063273423 0.048204825
   vertex -0.085750689 -0.0061139287 0.048998921
  endloop
 endfacet
 facet normal 4.390269e-05 0.96573217 -0.25954071
  outer loop
   vertex -0.084855995 -0.0063272826 0.048205198
   vertex -0.085750689 -0.0061139287 0.048998921
   vertex -0.084854163 -0.0061139227 0.048999113
  endloop
 endfacet
 facet normal -0.0024127578 0.8368992 -0.54735172
  outer loop
   vertex -0.087494794 -0.0045045547 0.051858203
   vertex -0.086612848 -0.0044803781 0.051891281
   vertex -0.086635077 -0.0052067896 0.050780698
  endloop
 endfacet
 facet normal -0.0024127578 0.8368992 -0.54735172
  outer loop
   vertex -0.087494794 -0.0045045547 0.051858203
   vertex -0.086635077 -0.0052067896 0.050780698
   vertex -0.087535335 -0.0052131249 0.050774929
  endloop
 endfacet
 facet normal 0.00078662542 0.83629021 -0.54828648
  outer loop
   vertex -0.083179449 -0.0052046502 0.050786662
   vertex -0.082409224 -0.0052147589 0.050772348
   vertex -0.082410881 -0.0056979954 0.050035275
  endloop
 endfacet
 facet normal 0.00078662542 0.83629021 -0.54828648
  outer loop
   vertex -0.083179449 -0.0052046502 0.050786662
   vertex -0.082410881 -0.0056979954 0.050035275
   vertex -0.08241098 -0.0058761831 0.049669979
  endloop
 endfacet
 facet normal 0.00078662542 0.83629021 -0.54828648
  outer loop
   vertex -0.083179449 -0.0052046502 0.050786662
   vertex -0.08241098 -0.0058761831 0.049669979
   vertex -0.083150745 -0.0058654822 0.049695129
  endloop
 endfacet
 facet normal 0.0019358136 0.85546289 -0.51786051
  outer loop
   vertex -0.084009281 -0.0052034058 0.050785615
   vertex -0.083179449 -0.0052046502 0.050786662
   vertex -0.083150745 -0.0058654822 0.049695129
  endloop
 endfacet
 facet normal 0.0019358136 0.85546289 -0.51786051
  outer loop
   vertex -0.084009281 -0.0052034058 0.050785615
   vertex -0.083150745 -0.0058654822 0.049695129
   vertex -0.083983261 -0.0058645922 0.049696925
  endloop
 endfacet
 facet normal 0.0063685226 0.83728373 -0.54673156
  outer loop
   vertex -0.084844079 -0.0044804985 0.051882977
   vertex -0.083976161 -0.004480618 0.051892904
   vertex -0.084009281 -0.0052034058 0.050785615
  endloop
 endfacet
 facet normal 0.0063685226 0.83728373 -0.54673156
  outer loop
   vertex -0.084844079 -0.0044804985 0.051882977
   vertex -0.084009281 -0.0052034058 0.050785615
   vertex -0.084864086 -0.0052102287 0.050774093
  endloop
 endfacet
 facet normal 0.0019455971 0.8358809 -0.54890741
  outer loop
   vertex -0.083123554 -0.0044995766 0.051860552
   vertex -0.083179449 -0.0052046502 0.050786662
   vertex -0.084009281 -0.0052034058 0.050785615
  endloop
 endfacet
 facet normal 0.0019455971 0.8358809 -0.54890741
  outer loop
   vertex -0.083123554 -0.0044995766 0.051860552
   vertex -0.084009281 -0.0052034058 0.050785615
   vertex -0.083976161 -0.004480618 0.051892904
  endloop
 endfacet
 facet normal -0.0044487897 0.94031721 -0.34027013
  outer loop
   vertex -0.087542407 -0.0061097714 0.049013128
   vertex -0.088410556 -0.0060940717 0.049067864
   vertex -0.088410263 -0.0058762021 0.04966993
  endloop
 endfacet
 facet normal -0.0044487897 0.94031721 -0.34027013
  outer loop
   vertex -0.087542407 -0.0061097714 0.049013128
   vertex -0.088410263 -0.0058762021 0.04966993
   vertex -0.08756201 -0.0058648426 0.049695044
  endloop
 endfacet
 facet normal 0.9997792 0.019598849 -0.0075782033
  outer loop
   vertex -0.088410978 -0.0056998552 0.050031714
   vertex -0.088410263 -0.0058762021 0.04966993
   vertex -0.088410556 -0.0060940717 0.049067864
  endloop
 endfacet
 facet normal 0.9997792 0.019598849 -0.0075782033
  outer loop
   vertex -0.088410978 -0.0056998552 0.050031714
   vertex -0.088410556 -0.0060940717 0.049067864
   vertex -0.089410971 -0.005000038 0.049111946
  endloop
 endfacet
 facet normal 0.9997792 0.019598849 -0.0075782033
  outer loop
   vertex -0.088410978 -0.0056998552 0.050031714
   vertex -0.089410971 -0.005000038 0.049111946
   vertex -0.088578695 -0.0053080614 0.050476914
  endloop
 endfacet
 facet normal -0.00046636936 0.9658221 -0.25920542
  outer loop
   vertex -0.085745443 -0.0065359608 0.047426361
   vertex -0.086645136 -0.0065360096 0.047427797
   vertex -0.086651781 -0.0063265368 0.048208323
  endloop
 endfacet
 facet normal -0.00046636936 0.9658221 -0.25920542
  outer loop
   vertex -0.085745443 -0.0065359608 0.047426361
   vertex -0.086651781 -0.0063265368 0.048208323
   vertex -0.085748056 -0.0063273423 0.048204825
  endloop
 endfacet
 facet normal -0.99999704 0.0022836625 -0.00084214942
  outer loop
   vertex -0.08241097 -0.0060941212 0.049067431
   vertex -0.08241098 -0.0058761831 0.049669979
   vertex -0.082410881 -0.0056979954 0.050035275
  endloop
 endfacet
 facet normal -0.99999704 0.0022836625 -0.00084214942
  outer loop
   vertex -0.08241097 -0.0060941212 0.049067431
   vertex -0.082410881 -0.0056979954 0.050035275
   vertex -0.082042684 -0.0053125516 0.050251572
  endloop
 endfacet
 facet normal -0.99999704 0.0022836625 -0.00084214942
  outer loop
   vertex -0.08241097 -0.0060941212 0.049067431
   vertex -0.082042684 -0.0053125516 0.050251572
   vertex -0.081410643 -0.0050000413 0.04910408
  endloop
 endfacet
 facet normal -0.72321519 0.6672142 -0.17828351
  outer loop
   vertex -0.082410911 -0.0063071619 0.048269899
   vertex -0.08241097 -0.0060941212 0.049067431
   vertex -0.081410643 -0.0050000413 0.04910408
  endloop
 endfacet
 facet normal -0.72321519 0.6672142 -0.17828351
  outer loop
   vertex -0.082410911 -0.0063071619 0.048269899
   vertex -0.081410643 -0.0050000413 0.04910408
   vertex -0.081410067 -0.0050001133 0.048231173
  endloop
 endfacet
 facet normal -0.99960592 0.027111007 -0.0072798454
  outer loop
   vertex -0.08237408 -0.0054166813 0.04647752
   vertex -0.082408842 -0.0066750516 0.0465644
   vertex -0.082409261 -0.0064596305 0.04742426
  endloop
 endfacet
 facet normal -0.99960592 0.027111007 -0.0072798454
  outer loop
   vertex -0.08237408 -0.0054166813 0.04647752
   vertex -0.082409261 -0.0064596305 0.04742426
   vertex -0.082378135 -0.0053662836 0.04735243
  endloop
 endfacet
 facet normal 0.00027991226 0.94153676 -0.33691016
  outer loop
   vertex -0.08398146 -0.0061131399 0.049002329
   vertex -0.083983261 -0.0058645922 0.049696925
   vertex -0.083150745 -0.0058654822 0.049695129
  endloop
 endfacet
 facet normal 0.00027991226 0.94153676 -0.33691016
  outer loop
   vertex -0.08398146 -0.0061131399 0.049002329
   vertex -0.083150745 -0.0058654822 0.049695129
   vertex -0.083166066 -0.0061102159 0.049013229
  endloop
 endfacet
 facet normal -0.0018059525 0.96521445 -0.26145324
  outer loop
   vertex -0.083177469 -0.0063241143 0.048223653
   vertex -0.083166066 -0.0061102159 0.049013229
   vertex -0.08241097 -0.0060941212 0.049067431
  endloop
 endfacet
 facet normal -0.0018059525 0.96521445 -0.26145324
  outer loop
   vertex -0.083177469 -0.0063241143 0.048223653
   vertex -0.08241097 -0.0060941212 0.049067431
   vertex -0.082410911 -0.0063071619 0.048269899
  endloop
 endfacet
 facet normal 7.1830533e-05 0.96590864 -0.25888316
  outer loop
   vertex -0.084855995 -0.0063272826 0.048205198
   vertex -0.084857944 -0.0065358721 0.047426938
   vertex -0.085745443 -0.0065359608 0.047426361
  endloop
 endfacet
 facet normal 7.1830533e-05 0.96590864 -0.25888316
  outer loop
   vertex -0.084855995 -0.0063272826 0.048205198
   vertex -0.085745443 -0.0065359608 0.047426361
   vertex -0.085748056 -0.0063273423 0.048204825
  endloop
 endfacet
 facet normal -0.10683222 0.9582799 -0.26511603
  outer loop
   vertex -0.082409261 -0.0064596305 0.04742426
   vertex -0.083174437 -0.006543969 0.047427751
   vertex -0.083177469 -0.0063241143 0.048223653
  endloop
 endfacet
 facet normal -0.10683222 0.9582799 -0.26511603
  outer loop
   vertex -0.082409261 -0.0064596305 0.04742426
   vertex -0.083177469 -0.0063241143 0.048223653
   vertex -0.082410911 -0.0063071619 0.048269899
  endloop
 endfacet
 facet normal -3.8372215e-06 -0.96592335 0.25882829
  outer loop
   vertex -0.08574605 0.00050888914 0.035080684
   vertex -0.086646401 0.00050833816 0.035078614
   vertex -0.086649942 0.00017891675 0.033849244
  endloop
 endfacet
 facet normal -3.8372215e-06 -0.96592335 0.25882829
  outer loop
   vertex -0.08574605 0.00050888914 0.035080684
   vertex -0.086649942 0.00017891675 0.033849244
   vertex -0.085746911 0.00017894358 0.033849313
  endloop
 endfacet
 facet normal -3.8049089e-06 -0.96592687 0.25881517
  outer loop
   vertex -0.086645747 0.0007070053 0.035820062
   vertex -0.086646401 0.00050833816 0.035078614
   vertex -0.08574605 0.00050888914 0.035080684
  endloop
 endfacet
 facet normal -3.8049089e-06 -0.96592687 0.25881517
  outer loop
   vertex -0.086645747 0.0007070053 0.035820062
   vertex -0.08574605 0.00050888914 0.035080684
   vertex -0.085745911 0.00070674037 0.035819075
  endloop
 endfacet
 facet normal -1.907777e-07 -0.96592583 0.25881903
  outer loop
   vertex -0.08574605 0.00050888914 0.035080684
   vertex -0.084864037 0.00050884139 0.035080506
   vertex -0.08486428 0.00070670838 0.035818956
  endloop
 endfacet
 facet normal -1.907777e-07 -0.96592583 0.25881903
  outer loop
   vertex -0.08574605 0.00050888914 0.035080684
   vertex -0.08486428 0.00070670838 0.035818956
   vertex -0.085745911 0.00070674037 0.035819075
  endloop
 endfacet
 facet normal -0.00015084323 0.96597407 -0.25863888
  outer loop
   vertex -0.086671312 -0.0077912598 0.0427415
   vertex -0.086674228 -0.007596491 0.043468932
   vertex -0.085753072 -0.0075958942 0.043470624
  endloop
 endfacet
 facet normal -0.00015084323 0.96597407 -0.25863888
  outer loop
   vertex -0.086671312 -0.0077912598 0.0427415
   vertex -0.085753072 -0.0075958942 0.043470624
   vertex -0.085752646 -0.007791337 0.042741078
  endloop
 endfacet
 facet normal -3.6778454e-05 0.96593698 -0.2587774
  outer loop
   vertex -0.085749906 -0.0080060103 0.041939771
   vertex -0.086663705 -0.0080052658 0.04194268
   vertex -0.086671312 -0.0077912598 0.0427415
  endloop
 endfacet
 facet normal -3.6778454e-05 0.96593698 -0.2587774
  outer loop
   vertex -0.085749906 -0.0080060103 0.041939771
   vertex -0.086671312 -0.0077912598 0.0427415
   vertex -0.085752646 -0.007791337 0.042741078
  endloop
 endfacet
 facet normal -4.0004699e-07 -0.96592588 0.25881886
  outer loop
   vertex -0.085746838 0.00092221408 0.036623234
   vertex -0.086649224 0.00092252502 0.036624393
   vertex -0.086645747 0.0007070053 0.035820062
  endloop
 endfacet
 facet normal -4.0004699e-07 -0.96592588 0.25881886
  outer loop
   vertex -0.085746838 0.00092221408 0.036623234
   vertex -0.086645747 0.0007070053 0.035820062
   vertex -0.085745911 0.00070674037 0.035819075
  endloop
 endfacet
 facet normal 7.3661539e-05 0.9659433 -0.25875381
  outer loop
   vertex -0.085753072 -0.0075958942 0.043470624
   vertex -0.084842422 -0.0075959499 0.043470675
   vertex -0.084842357 -0.0077913546 0.042741218
  endloop
 endfacet
 facet normal 7.3661539e-05 0.9659433 -0.25875381
  outer loop
   vertex -0.085753072 -0.0075958942 0.043470624
   vertex -0.084842357 -0.0077913546 0.042741218
   vertex -0.085752646 -0.007791337 0.042741078
  endloop
 endfacet
 facet normal 7.3665299e-05 0.96591799 -0.25884827
  outer loop
   vertex -0.084842422 -0.0075959499 0.043470675
   vertex -0.085753072 -0.0075958942 0.043470624
   vertex -0.085749338 -0.0072641298 0.044708636
  endloop
 endfacet
 facet normal 7.3665299e-05 0.96591799 -0.25884827
  outer loop
   vertex -0.084842422 -0.0075959499 0.043470675
   vertex -0.085749338 -0.0072641298 0.044708636
   vertex -0.084848438 -0.0072641318 0.044708905
  endloop
 endfacet
 facet normal 4.7415523e-05 0.96593986 -0.25876665
  outer loop
   vertex -0.084842357 -0.0077913546 0.042741218
   vertex -0.084845233 -0.0080060741 0.041939699
   vertex -0.085749906 -0.0080060103 0.041939771
  endloop
 endfacet
 facet normal 4.7415523e-05 0.96593986 -0.25876665
  outer loop
   vertex -0.084842357 -0.0077913546 0.042741218
   vertex -0.085749906 -0.0080060103 0.041939771
   vertex -0.085752646 -0.007791337 0.042741078
  endloop
 endfacet
 facet normal -1.9984018e-08 -0.96592583 0.25881903
  outer loop
   vertex -0.08486428 0.00070670838 0.035818956
   vertex -0.08486312 0.00092212545 0.036622904
   vertex -0.085746838 0.00092221408 0.036623234
  endloop
 endfacet
 facet normal -1.9984018e-08 -0.96592583 0.25881903
  outer loop
   vertex -0.08486428 0.00070670838 0.035818956
   vertex -0.085746838 0.00092221408 0.036623234
   vertex -0.085745911 0.00070674037 0.035819075
  endloop
 endfacet
 facet normal -7.7663955e-06 -0.96592974 0.25880444
  outer loop
   vertex -0.085745222 -0.00024639927 0.032261905
   vertex -0.086643582 -0.00024613388 0.032262868
   vertex -0.086644246 -0.00044392987 0.031524639
  endloop
 endfacet
 facet normal -7.7663955e-06 -0.96592974 0.25880444
  outer loop
   vertex -0.085745222 -0.00024639927 0.032261905
   vertex -0.086644246 -0.00044392987 0.031524639
   vertex -0.08574538 -0.00044333619 0.031526919
  endloop
 endfacet
 facet normal 1.2053042e-05 -0.9659192 0.25884379
  outer loop
   vertex -0.086644246 -0.00044392987 0.031524639
   vertex -0.086649805 -0.00077445407 0.030291233
   vertex -0.085746841 -0.00077460033 0.030290645
  endloop
 endfacet
 facet normal 1.2053042e-05 -0.9659192 0.25884379
  outer loop
   vertex -0.086644246 -0.00044392987 0.031524639
   vertex -0.085746841 -0.00077460033 0.030290645
   vertex -0.08574538 -0.00044333619 0.031526919
  endloop
 endfacet
 facet normal -3.4845473e-06 -0.96592643 0.25881679
  outer loop
   vertex -0.085745222 -0.00024639927 0.032261905
   vertex -0.08574538 -0.00044333619 0.031526919
   vertex -0.084864697 -0.0004432883 0.03152711
  endloop
 endfacet
 facet normal -3.4845473e-06 -0.96592643 0.25881679
  outer loop
   vertex -0.085745222 -0.00024639927 0.032261905
   vertex -0.084864697 -0.0004432883 0.03152711
   vertex -0.084864912 -0.00024625245 0.032262458
  endloop
 endfacet
 facet normal -3.4859711e-06 -0.96592478 0.25882295
  outer loop
   vertex -0.084864697 -0.0004432883 0.03152711
   vertex -0.08574538 -0.00044333619 0.031526919
   vertex -0.085746841 -0.00077460033 0.030290645
  endloop
 endfacet
 facet normal -3.4859711e-06 -0.96592478 0.25882295
  outer loop
   vertex -0.084864697 -0.0004432883 0.03152711
   vertex -0.085746841 -0.00077460033 0.030290645
   vertex -0.084862753 -0.00077460431 0.030290622
  endloop
 endfacet
 facet normal 1.1556767e-15 -0.96592583 0.25881903
  outer loop
   vertex -0.082410976 -0.00023940937 0.032287996
   vertex -0.083174861 -0.00024381809 0.032271543
   vertex -0.083172945 -0.00044569777 0.031518118
  endloop
 endfacet
 facet normal 1.1556767e-15 -0.96592583 0.25881903
  outer loop
   vertex -0.082410976 -0.00023940937 0.032287996
   vertex -0.083172945 -0.00044569777 0.031518118
   vertex -0.082410976 -0.00045301426 0.031490812
  endloop
 endfacet
 facet normal -4.9858301e-16 -0.96592583 0.25881903
  outer loop
   vertex -0.083172945 -0.00044569777 0.031518118
   vertex -0.083164016 -0.00077412523 0.03029241
   vertex -0.082410976 -0.000772598 0.030298109
  endloop
 endfacet
 facet normal -4.9858301e-16 -0.96592583 0.25881903
  outer loop
   vertex -0.083172945 -0.00044569777 0.031518118
   vertex -0.082410976 -0.000772598 0.030298109
   vertex -0.082410976 -0.00060571688 0.030920918
  endloop
 endfacet
 facet normal -4.9858301e-16 -0.96592583 0.25881903
  outer loop
   vertex -0.083172945 -0.00044569777 0.031518118
   vertex -0.082410976 -0.00060571688 0.030920918
   vertex -0.082410976 -0.00045301426 0.031490812
  endloop
 endfacet
 facet normal 3.2563316e-06 0.96596511 -0.25867239
  outer loop
   vertex -0.084830563 -0.011530024 0.028788205
   vertex -0.084821435 -0.011688325 0.028197059
   vertex -0.085714301 -0.011688323 0.028197058
  endloop
 endfacet
 facet normal 3.2563316e-06 0.96596511 -0.25867239
  outer loop
   vertex -0.084830563 -0.011530024 0.028788205
   vertex -0.085714301 -0.011688323 0.028197058
   vertex -0.085732425 -0.011529748 0.028789031
  endloop
 endfacet
 facet normal -4.4139296e-08 0.2587992 0.96593114
  outer loop
   vertex -0.085714301 -0.011688323 0.028197058
   vertex -0.084821435 -0.011688325 0.028197059
   vertex -0.084832153 -0.010797056 0.027958264
  endloop
 endfacet
 facet normal -4.4139296e-08 0.2587992 0.96593114
  outer loop
   vertex -0.085714301 -0.011688323 0.028197058
   vertex -0.084832153 -0.010797056 0.027958264
   vertex -0.085731056 -0.010797023 0.027958294
  endloop
 endfacet
 facet normal -0.99999986 -0.00011967515 -0.00051393942
  outer loop
   vertex -0.082411328 -0.010730812 0.028621304
   vertex -0.082410976 -0.010654275 0.027920001
   vertex -0.082410995 -0.011688204 0.028197026
  endloop
 endfacet
 facet normal -0.99999986 -0.00011967515 -0.00051393942
  outer loop
   vertex -0.082411328 -0.010730812 0.028621304
   vertex -0.082410995 -0.011688204 0.028197026
   vertex -0.082410977 -0.011573676 0.028624158
  endloop
 endfacet
 facet normal -8.2351859e-08 0.25878021 0.96593623
  outer loop
   vertex -0.083131562 -0.010747513 0.027945009
   vertex -0.083104249 -0.011688267 0.028197042
   vertex -0.082410995 -0.011688204 0.028197026
  endloop
 endfacet
 facet normal -8.2351859e-08 0.25878021 0.96593623
  outer loop
   vertex -0.083131562 -0.010747513 0.027945009
   vertex -0.082410995 -0.011688204 0.028197026
   vertex -0.082410976 -0.010654275 0.027920001
  endloop
 endfacet
 facet normal -9.2954869e-05 0.96626164 -0.25756247
  outer loop
   vertex -0.082410995 -0.011688204 0.028197026
   vertex -0.083104249 -0.011688267 0.028197042
   vertex -0.083137532 -0.011545216 0.028733717
  endloop
 endfacet
 facet normal -9.2954869e-05 0.96626164 -0.25756247
  outer loop
   vertex -0.082410995 -0.011688204 0.028197026
   vertex -0.083137532 -0.011545216 0.028733717
   vertex -0.082410977 -0.011573676 0.028624158
  endloop
 endfacet
 facet normal 2.0262662e-05 0.96598285 -0.25860613
  outer loop
   vertex -0.085714301 -0.011688323 0.028197058
   vertex -0.086600185 -0.011688305 0.028197053
   vertex -0.086637273 -0.011532148 0.028780352
  endloop
 endfacet
 facet normal 2.0262662e-05 0.96598285 -0.25860613
  outer loop
   vertex -0.085714301 -0.011688323 0.028197058
   vertex -0.086637273 -0.011532148 0.028780352
   vertex -0.085732425 -0.011529748 0.028789031
  endloop
 endfacet
 facet normal -2.6601258e-07 0.25868359 0.96596211
  outer loop
   vertex -0.086634166 -0.010783389 0.027954718
   vertex -0.086600185 -0.011688305 0.028197053
   vertex -0.085714301 -0.011688323 0.028197058
  endloop
 endfacet
 facet normal -2.6601258e-07 0.25868359 0.96596211
  outer loop
   vertex -0.086634166 -0.010783389 0.027954718
   vertex -0.085714301 -0.011688323 0.028197058
   vertex -0.085731056 -0.010797023 0.027958294
  endloop
 endfacet
 facet normal -0.00011844209 0.96594568 -0.25874492
  outer loop
   vertex -0.086637273 -0.011532148 0.028780352
   vertex -0.086659087 -0.011360038 0.029422881
   vertex -0.085744517 -0.0113579 0.029430446
  endloop
 endfacet
 facet normal -0.00011844209 0.96594568 -0.25874492
  outer loop
   vertex -0.086637273 -0.011532148 0.028780352
   vertex -0.085744517 -0.0113579 0.029430446
   vertex -0.085732425 -0.011529748 0.028789031
  endloop
 endfacet
 facet normal 7.670343e-05 0.9659393 -0.25876875
  outer loop
   vertex -0.085744517 -0.0113579 0.029430446
   vertex -0.084836141 -0.011358168 0.029429714
   vertex -0.084830563 -0.011530024 0.028788205
  endloop
 endfacet
 facet normal 7.670343e-05 0.9659393 -0.25876875
  outer loop
   vertex -0.085744517 -0.0113579 0.029430446
   vertex -0.084830563 -0.011530024 0.028788205
   vertex -0.085732425 -0.011529748 0.028789031
  endloop
 endfacet
 facet normal -0.99999991 -0.0004161914 0.00011134325
  outer loop
   vertex -0.082411328 -0.010730812 0.028621304
   vertex -0.082410977 -0.011573676 0.028624158
   vertex -0.082410977 -0.011357922 0.029429846
  endloop
 endfacet
 facet normal -0.99999991 -0.0004161914 0.00011134325
  outer loop
   vertex -0.082411328 -0.010730812 0.028621304
   vertex -0.082410977 -0.011357922 0.029429846
   vertex -0.082412181 -0.010768795 0.029453933
  endloop
 endfacet
 facet normal -0.0016774282 0.96609584 -0.25817824
  outer loop
   vertex -0.083137532 -0.011545216 0.028733717
   vertex -0.083141516 -0.011365278 0.029407068
   vertex -0.082410977 -0.011357922 0.029429846
  endloop
 endfacet
 facet normal -0.0016774282 0.96609584 -0.25817824
  outer loop
   vertex -0.083137532 -0.011545216 0.028733717
   vertex -0.082410977 -0.011357922 0.029429846
   vertex -0.082410977 -0.011573676 0.028624158
  endloop
 endfacet
 facet normal -0.99999517 -0.0003452487 0.0030891777
  outer loop
   vertex -0.082413491 -0.0071516587 0.028441263
   vertex -0.082413729 -0.0062386507 0.028466142
   vertex -0.082416449 -0.0062393062 0.027585746
  endloop
 endfacet
 facet normal -0.99999517 -0.0003452487 0.0030891777
  outer loop
   vertex -0.082413491 -0.0071516587 0.028441263
   vertex -0.082416449 -0.0062393062 0.027585746
   vertex -0.082415625 -0.0071427448 0.027573537
  endloop
 endfacet
 facet normal -1.0988309e-06 -0.96592618 0.25881771
  outer loop
   vertex -0.085745222 -0.00024639927 0.032261905
   vertex -0.085746205 -3.104646e-05 0.033065617
   vertex -0.086647338 -3.0762945e-05 0.033066671
  endloop
 endfacet
 facet normal -1.0988309e-06 -0.96592618 0.25881771
  outer loop
   vertex -0.085745222 -0.00024639927 0.032261905
   vertex -0.086647338 -3.0762945e-05 0.033066671
   vertex -0.086643582 -0.00024613388 0.032262868
  endloop
 endfacet
 facet normal -1.4736433e-06 -0.96592583 0.25881904
  outer loop
   vertex -0.085745222 -0.00024639927 0.032261905
   vertex -0.084864912 -0.00024625245 0.032262458
   vertex -0.084863661 -3.0931563e-05 0.033066046
  endloop
 endfacet
 facet normal -1.4736433e-06 -0.96592583 0.25881904
  outer loop
   vertex -0.085745222 -0.00024639927 0.032261905
   vertex -0.084863661 -3.0931563e-05 0.033066046
   vertex -0.085746205 -3.104646e-05 0.033065617
  endloop
 endfacet
 facet normal 8.0406954e-16 -0.96592583 0.25881903
  outer loop
   vertex -0.082410976 -0.00023940937 0.032287996
   vertex -0.082410976 -2.5623014e-05 0.033085858
   vertex -0.083168204 -2.9294892e-05 0.033072154
  endloop
 endfacet
 facet normal 8.0406954e-16 -0.96592583 0.25881903
  outer loop
   vertex -0.082410976 -0.00023940937 0.032287996
   vertex -0.083168204 -2.9294892e-05 0.033072154
   vertex -0.083174861 -0.00024381809 0.032271543
  endloop
 endfacet
 facet normal 3.0711126e-16 -0.96592583 0.25881903
  outer loop
   vertex -0.082410976 0.00049965293 0.035046215
   vertex -0.083169573 0.00050622609 0.035070746
   vertex -0.083164772 0.00017903985 0.03384967
  endloop
 endfacet
 facet normal 3.0711126e-16 -0.96592583 0.25881903
  outer loop
   vertex -0.082410976 0.00049965293 0.035046215
   vertex -0.083164772 0.00017903985 0.03384967
   vertex -0.082410976 0.00017969256 0.033852106
  endloop
 endfacet
 facet normal 3.0711126e-16 -0.96592583 0.25881903
  outer loop
   vertex -0.082410976 0.00049965293 0.035046215
   vertex -0.082410976 0.00017969256 0.033852106
   vertex -0.082410976 0.00034695031 0.034476321
  endloop
 endfacet
 facet normal 3.5886695e-16 -0.96592583 0.25881903
  outer loop
   vertex -0.083171487 0.00070756505 0.035822153
   vertex -0.083169573 0.00050622609 0.035070746
   vertex -0.082410976 0.00049965293 0.035046215
  endloop
 endfacet
 facet normal 3.5886695e-16 -0.96592583 0.25881903
  outer loop
   vertex -0.083171487 0.00070756505 0.035822153
   vertex -0.082410976 0.00049965293 0.035046215
   vertex -0.082410976 0.00070866108 0.035826244
  endloop
 endfacet
 facet normal 4.9365556e-05 0.25882 0.96592557
  outer loop
   vertex -0.084832153 -0.010797056 0.027958264
   vertex -0.084841218 -0.0099128237 0.027721334
   vertex -0.085739936 -0.0099130326 0.027721436
  endloop
 endfacet
 facet normal 4.9365556e-05 0.25882 0.96592557
  outer loop
   vertex -0.084832153 -0.010797056 0.027958264
   vertex -0.085739936 -0.0099130326 0.027721436
   vertex -0.085731056 -0.010797023 0.027958294
  endloop
 endfacet
 facet normal -0.99998279 -0.0053508813 0.0024039371
  outer loop
   vertex -0.082413491 -0.0071516587 0.028441263
   vertex -0.082415625 -0.0071427448 0.027573537
   vertex -0.082410952 -0.0081583842 0.027256717
  endloop
 endfacet
 facet normal -0.99998279 -0.0053508813 0.0024039371
  outer loop
   vertex -0.082413491 -0.0071516587 0.028441263
   vertex -0.082410952 -0.0081583842 0.027256717
   vertex -0.08241389 -0.0080882299 0.028402669
  endloop
 endfacet
 facet normal -0.99999985 -0.00014702048 -0.00052489667
  outer loop
   vertex -0.082411328 -0.010730812 0.028621304
   vertex -0.082411415 -0.0098961826 0.028553912
   vertex -0.082410976 -0.0098737276 0.027711026
  endloop
 endfacet
 facet normal -0.99999985 -0.00014702048 -0.00052489667
  outer loop
   vertex -0.082411328 -0.010730812 0.028621304
   vertex -0.082410976 -0.0098737276 0.027711026
   vertex -0.082410976 -0.010654275 0.027920001
  endloop
 endfacet
 facet normal -0.00058655982 0.25911883 0.96584527
  outer loop
   vertex -0.082410976 -0.0098737276 0.027711026
   vertex -0.083148878 -0.0098812296 0.02771259
   vertex -0.083131562 -0.010747513 0.027945009
  endloop
 endfacet
 facet normal -0.00058655982 0.25911883 0.96584527
  outer loop
   vertex -0.082410976 -0.0098737276 0.027711026
   vertex -0.083131562 -0.010747513 0.027945009
   vertex -0.082410976 -0.010654275 0.027920001
  endloop
 endfacet
 facet normal 7.9385675e-05 0.25881607 0.96592662
  outer loop
   vertex -0.085739936 -0.0099130326 0.027721436
   vertex -0.08664741 -0.0099027608 0.027718758
   vertex -0.086634166 -0.010783389 0.027954718
  endloop
 endfacet
 facet normal 7.9385675e-05 0.25881607 0.96592662
  outer loop
   vertex -0.085739936 -0.0099130326 0.027721436
   vertex -0.086634166 -0.010783389 0.027954718
   vertex -0.085731056 -0.010797023 0.027958294
  endloop
 endfacet
 facet normal -0.00023705237 0.96594497 -0.25874747
  outer loop
   vertex -0.085750269 -0.0068639187 0.046202727
   vertex -0.085750705 -0.0070618822 0.045463699
   vertex -0.086663856 -0.0070620757 0.045463813
  endloop
 endfacet
 facet normal -0.00023705237 0.96594497 -0.25874747
  outer loop
   vertex -0.085750269 -0.0068639187 0.046202727
   vertex -0.086663856 -0.0070620757 0.045463813
   vertex -0.086663613 -0.0068648901 0.046200511
  endloop
 endfacet
 facet normal -1.8843237e-06 0.965926 -0.25881839
  outer loop
   vertex -0.085750976 -0.010639831 0.032110131
   vertex -0.086667181 -0.010639186 0.032112543
   vertex -0.086674719 -0.010425604 0.032909646
  endloop
 endfacet
 facet normal -1.8843237e-06 0.965926 -0.25881839
  outer loop
   vertex -0.085750976 -0.010639831 0.032110131
   vertex -0.086674719 -0.010425604 0.032909646
   vertex -0.085753666 -0.010425668 0.032909408
  endloop
 endfacet
 facet normal -0.99998657 -0.0043840136 0.002763617
  outer loop
   vertex -0.082414818 -0.0071699686 0.042869078
   vertex -0.082410776 -0.0074755064 0.043846944
   vertex -0.082415896 -0.0063436122 0.043789718
  endloop
 endfacet
 facet normal -0.99998657 -0.0043840136 0.002763617
  outer loop
   vertex -0.082414818 -0.0071699686 0.042869078
   vertex -0.082415896 -0.0063436122 0.043789718
   vertex -0.082413702 -0.0063009738 0.042887404
  endloop
 endfacet
 facet normal -0.99997892 -0.006187355 -0.0019675228
  outer loop
   vertex -0.082414818 -0.0071699686 0.042869078
   vertex -0.082410977 -0.0077722481 0.04281115
   vertex -0.082413273 -0.0076029421 0.043445293
  endloop
 endfacet
 facet normal -0.99997892 -0.006187355 -0.0019675228
  outer loop
   vertex -0.082414818 -0.0071699686 0.042869078
   vertex -0.082413273 -0.0076029421 0.043445293
   vertex -0.082410776 -0.0074755064 0.043846944
  endloop
 endfacet
 facet normal -0.0039656738 0.96638761 -0.25705885
  outer loop
   vertex -0.083139623 -0.0077905521 0.042751197
   vertex -0.083127705 -0.0076024233 0.043458265
   vertex -0.082413273 -0.0076029421 0.043445293
  endloop
 endfacet
 facet normal -0.0039656738 0.96638761 -0.25705885
  outer loop
   vertex -0.083139623 -0.0077905521 0.042751197
   vertex -0.082413273 -0.0076029421 0.043445293
   vertex -0.082410977 -0.0077722481 0.04281115
  endloop
 endfacet
 facet normal -0.99999981 -0.00019447678 0.0005901237
  outer loop
   vertex -0.082410976 -0.010620769 0.032180847
   vertex -0.082411132 -0.009863353 0.032166623
   vertex -0.082411645 -0.0099227304 0.03127683
  endloop
 endfacet
 facet normal -0.99999981 -0.00019447678 0.0005901237
  outer loop
   vertex -0.082410976 -0.010620769 0.032180847
   vertex -0.082411645 -0.0099227304 0.03127683
   vertex -0.082410974 -0.010841803 0.031353049
  endloop
 endfacet
 facet normal -0.99999764 0.00033730546 0.0021461208
  outer loop
   vertex -0.082413491 -0.0071516587 0.028441263
   vertex -0.08241389 -0.0080882299 0.028402669
   vertex -0.082411804 -0.0080837282 0.029373976
  endloop
 endfacet
 facet normal -0.99999764 0.00033730546 0.0021461208
  outer loop
   vertex -0.082413491 -0.0071516587 0.028441263
   vertex -0.082411804 -0.0080837282 0.029373976
   vertex -0.082411881 -0.0071470809 0.029384318
  endloop
 endfacet
 facet normal -1 7.9896702e-05 2.3667781e-07
  outer loop
   vertex -0.082410976 -0.0071471629 0.032143014
   vertex -0.082410976 -0.0071444809 0.031237653
   vertex -0.082411051 -0.0080842033 0.031242943
  endloop
 endfacet
 facet normal -1 7.9896702e-05 2.3667781e-07
  outer loop
   vertex -0.082410976 -0.0071471629 0.032143014
   vertex -0.082411051 -0.0080842033 0.031242943
   vertex -0.082411005 -0.0080865888 0.032149431
  endloop
 endfacet
 facet normal -0.99999931 0.00061320665 -0.00099703028
  outer loop
   vertex -0.082411328 -0.010730812 0.028621304
   vertex -0.082412181 -0.010768795 0.029453933
   vertex -0.082411645 -0.0099289645 0.029432735
  endloop
 endfacet
 facet normal -0.99999931 0.00061320665 -0.00099703028
  outer loop
   vertex -0.082411328 -0.010730812 0.028621304
   vertex -0.082411645 -0.0099289645 0.029432735
   vertex -0.082411415 -0.0098961826 0.028553912
  endloop
 endfacet
 facet normal -0.99999998 -0.00018230483 4.7991629e-05
  outer loop
   vertex -0.082410976 -0.010620769 0.032180847
   vertex -0.082410977 -0.010407271 0.032978053
   vertex -0.082411074 -0.0098564323 0.03303994
  endloop
 endfacet
 facet normal -0.99999998 -0.00018230483 4.7991629e-05
  outer loop
   vertex -0.082410976 -0.010620769 0.032180847
   vertex -0.082411074 -0.0098564323 0.03303994
   vertex -0.082411132 -0.009863353 0.032166623
  endloop
 endfacet
 facet normal -0.00050548512 0.96586906 -0.25903031
  outer loop
   vertex -0.082410976 -0.010620769 0.032180847
   vertex -0.083144559 -0.01063611 0.032125074
   vertex -0.083134638 -0.010423352 0.032918383
  endloop
 endfacet
 facet normal -0.00050548512 0.96586906 -0.25903031
  outer loop
   vertex -0.082410976 -0.010620769 0.032180847
   vertex -0.083134638 -0.010423352 0.032918383
   vertex -0.082410977 -0.010407271 0.032978053
  endloop
 endfacet
 facet normal -0.99999962 0.00060964474 -0.00061805055
  outer loop
   vertex -0.082411921 -0.0072071463 0.035740419
   vertex -0.082411352 -0.0071853449 0.034840432
   vertex -0.082411943 -0.008142064 0.034852783
  endloop
 endfacet
 facet normal -0.99999962 0.00060964474 -0.00061805055
  outer loop
   vertex -0.082411921 -0.0072071463 0.035740419
   vertex -0.082411943 -0.008142064 0.034852783
   vertex -0.082414132 -0.0081750478 0.035756313
  endloop
 endfacet
 facet normal -1 3.0691444e-05 -3.5150888e-05
  outer loop
   vertex -0.082410976 -0.0071471629 0.032143014
   vertex -0.082411005 -0.0080865888 0.032149431
   vertex -0.082411037 -0.0080992999 0.033050528
  endloop
 endfacet
 facet normal -1 3.0691444e-05 -3.5150888e-05
  outer loop
   vertex -0.082410976 -0.0071471629 0.032143014
   vertex -0.082411037 -0.0080992999 0.033050528
   vertex -0.08241101 -0.0071552613 0.033042963
  endloop
 endfacet
 facet normal 6.9684137e-06 0.96592674 -0.25881565
  outer loop
   vertex -0.085750976 -0.010639831 0.032110131
   vertex -0.085753666 -0.010425668 0.032909408
   vertex -0.084840817 -0.010425639 0.032909541
  endloop
 endfacet
 facet normal 6.9684137e-06 0.96592674 -0.25881565
  outer loop
   vertex -0.085750976 -0.010639831 0.032110131
   vertex -0.084840817 -0.010425639 0.032909541
   vertex -0.084843636 -0.01063985 0.032110087
  endloop
 endfacet
 facet normal -0.9999933 -0.0034532852 -0.0012132598
  outer loop
   vertex -0.082414818 -0.0071699686 0.042869078
   vertex -0.082413745 -0.0071753684 0.042000194
   vertex -0.082410968 -0.0079842842 0.042013553
  endloop
 endfacet
 facet normal -0.9999933 -0.0034532852 -0.0012132598
  outer loop
   vertex -0.082414818 -0.0071699686 0.042869078
   vertex -0.082410968 -0.0079842842 0.042013553
   vertex -0.082410977 -0.0077722481 0.04281115
  endloop
 endfacet
 facet normal -0.0051376353 0.96592727 -0.25876265
  outer loop
   vertex -0.082410968 -0.0079842842 0.042013553
   vertex -0.08314981 -0.0080035984 0.041956125
   vertex -0.083139623 -0.0077905521 0.042751197
  endloop
 endfacet
 facet normal -0.0051376353 0.96592727 -0.25876265
  outer loop
   vertex -0.082410968 -0.0079842842 0.042013553
   vertex -0.083139623 -0.0077905521 0.042751197
   vertex -0.082410977 -0.0077722481 0.04281115
  endloop
 endfacet
 facet normal -0.99989922 0.0066654483 0.01253442
  outer loop
   vertex -0.082415181 -0.0072448634 0.039320362
   vertex -0.082421209 -0.008128818 0.039309502
   vertex -0.082410886 -0.0084326104 0.040294554
  endloop
 endfacet
 facet normal -0.99989922 0.0066654483 0.01253442
  outer loop
   vertex -0.082415181 -0.0072448634 0.039320362
   vertex -0.082410886 -0.0084326104 0.040294554
   vertex -0.082416429 -0.0072848135 0.040224362
  endloop
 endfacet
 facet normal -0.99999657 0.0022619263 -0.0013192902
  outer loop
   vertex -0.082411921 -0.0072071463 0.035740419
   vertex -0.082414132 -0.0081750478 0.035756313
   vertex -0.082415453 -0.0082273471 0.036668353
  endloop
 endfacet
 facet normal -0.99999657 0.0022619263 -0.0013192902
  outer loop
   vertex -0.082411921 -0.0072071463 0.035740419
   vertex -0.082415453 -0.0082273471 0.036668353
   vertex -0.082412251 -0.0072314358 0.036641186
  endloop
 endfacet
 facet normal -0.99999351 0.0025105816 -0.002583012
  outer loop
   vertex -0.082415181 -0.0072448634 0.039320362
   vertex -0.08241283 -0.0072284988 0.038426219
   vertex -0.082415119 -0.0081278666 0.038438124
  endloop
 endfacet
 facet normal -0.99999351 0.0025105816 -0.002583012
  outer loop
   vertex -0.082415181 -0.0072448634 0.039320362
   vertex -0.082415119 -0.0081278666 0.038438124
   vertex -0.082421209 -0.008128818 0.039309502
  endloop
 endfacet
 facet normal 9.2836126e-17 -0.96592583 0.25881903
  outer loop
   vertex -0.082410976 0.00092704418 0.036641261
   vertex -0.083165623 0.00092303543 0.0366263
   vertex -0.083171487 0.00070756505 0.035822153
  endloop
 endfacet
 facet normal 9.2836126e-17 -0.96592583 0.25881903
  outer loop
   vertex -0.082410976 0.00092704418 0.036641261
   vertex -0.083171487 0.00070756505 0.035822153
   vertex -0.082410976 0.00070866108 0.035826244
  endloop
 endfacet
 facet normal 3.3845387e-05 -0.96595044 0.25872718
  outer loop
   vertex -0.086649805 -0.00077445407 0.030291233
   vertex -0.087558718 -0.00077423752 0.03029216
   vertex -0.087556078 -0.00097702796 0.029535047
  endloop
 endfacet
 facet normal 3.3845387e-05 -0.96595044 0.25872718
  outer loop
   vertex -0.086649805 -0.00077445407 0.030291233
   vertex -0.087556078 -0.00097702796 0.029535047
   vertex -0.086648457 -0.00097820079 0.029530758
  endloop
 endfacet
 facet normal -3.1106055e-16 -0.96592583 0.25881903
  outer loop
   vertex -0.084000299 -0.00097846949 0.029529786
   vertex -0.083999177 -0.00077444084 0.030291232
   vertex -0.084862753 -0.00077460431 0.030290622
  endloop
 endfacet
 facet normal -3.1106055e-16 -0.96592583 0.25881903
  outer loop
   vertex -0.084000299 -0.00097846949 0.029529786
   vertex -0.084862753 -0.00077460431 0.030290622
   vertex -0.08486289 -0.00097887579 0.02952827
  endloop
 endfacet
 facet normal 0.0023519362 0.25888206 0.96590608
  outer loop
   vertex -0.083968137 -0.0054077926 0.026511669
   vertex -0.084845406 -0.00543689 0.026521604
   vertex -0.084848866 -0.0062252786 0.026732916
  endloop
 endfacet
 facet normal 0.0023519362 0.25888206 0.96590608
  outer loop
   vertex -0.083968137 -0.0054077926 0.026511669
   vertex -0.084848866 -0.0062252786 0.026732916
   vertex -0.083974617 -0.006211237 0.026727955
  endloop
 endfacet
 facet normal 0.00011083938 0.25888708 0.96590759
  outer loop
   vertex -0.085748396 -0.0070420976 0.026951947
   vertex -0.084846683 -0.0070380774 0.026950766
   vertex -0.084848866 -0.0062252786 0.026732916
  endloop
 endfacet
 facet normal 0.00011083938 0.25888708 0.96590759
  outer loop
   vertex -0.085748396 -0.0070420976 0.026951947
   vertex -0.084848866 -0.0062252786 0.026732916
   vertex -0.085742781 -0.0062332233 0.026735213
  endloop
 endfacet
 facet normal 0.00018215965 0.25879163 0.96593316
  outer loop
   vertex -0.085735612 -0.0054476838 0.026524751
   vertex -0.085742781 -0.0062332233 0.026735213
   vertex -0.084848866 -0.0062252786 0.026732916
  endloop
 endfacet
 facet normal 0.00018215965 0.25879163 0.96593316
  outer loop
   vertex -0.085735612 -0.0054476838 0.026524751
   vertex -0.084848866 -0.0062252786 0.026732916
   vertex -0.084845406 -0.00543689 0.026521604
  endloop
 endfacet
 facet normal 0.001313911 0.25940378 0.96576806
  outer loop
   vertex -0.083966695 -0.007032209 0.026948456
   vertex -0.083974617 -0.006211237 0.026727955
   vertex -0.084848866 -0.0062252786 0.026732916
  endloop
 endfacet
 facet normal 0.001313911 0.25940378 0.96576806
  outer loop
   vertex -0.083966695 -0.007032209 0.026948456
   vertex -0.084848866 -0.0062252786 0.026732916
   vertex -0.084846683 -0.0070380774 0.026950766
  endloop
 endfacet
 facet normal -0.0018237696 0.25873434 0.9659468
  outer loop
   vertex -0.087514448 -0.005456063 0.026525204
   vertex -0.087527221 -0.0062474298 0.026737152
   vertex -0.086645763 -0.0062366304 0.026735923
  endloop
 endfacet
 facet normal -0.0018237696 0.25873434 0.9659468
  outer loop
   vertex -0.087514448 -0.005456063 0.026525204
   vertex -0.086645763 -0.0062366304 0.026735923
   vertex -0.086631559 -0.0054495526 0.026525129
  endloop
 endfacet
 facet normal -0.00021662009 0.2588166 0.96592646
  outer loop
   vertex -0.085748396 -0.0070420976 0.026951947
   vertex -0.085742781 -0.0062332233 0.026735213
   vertex -0.086645763 -0.0062366304 0.026735923
  endloop
 endfacet
 facet normal -0.00021662009 0.2588166 0.96592646
  outer loop
   vertex -0.085748396 -0.0070420976 0.026951947
   vertex -0.086645763 -0.0062366304 0.026735923
   vertex -0.086659469 -0.0070437056 0.026952236
  endloop
 endfacet
 facet normal -0.00013207805 0.25870411 0.96595661
  outer loop
   vertex -0.085735612 -0.0054476838 0.026524751
   vertex -0.086631559 -0.0054495526 0.026525129
   vertex -0.086645763 -0.0062366304 0.026735923
  endloop
 endfacet
 facet normal -0.00013207805 0.25870411 0.96595661
  outer loop
   vertex -0.085735612 -0.0054476838 0.026524751
   vertex -0.086645763 -0.0062366304 0.026735923
   vertex -0.085742781 -0.0062332233 0.026735213
  endloop
 endfacet
 facet normal 0.00018756886 0.25888055 0.96590933
  outer loop
   vertex -0.087534565 -0.0070516933 0.026954547
   vertex -0.086659469 -0.0070437056 0.026952236
   vertex -0.086645763 -0.0062366304 0.026735923
  endloop
 endfacet
 facet normal 0.00018756886 0.25888055 0.96590933
  outer loop
   vertex -0.087534565 -0.0070516933 0.026954547
   vertex -0.086645763 -0.0062366304 0.026735923
   vertex -0.087527221 -0.0062474298 0.026737152
  endloop
 endfacet
 facet normal 4.0179148e-05 -0.96592338 0.25882817
  outer loop
   vertex -0.08755816 0.00017880952 0.033848985
   vertex -0.086649942 0.00017891675 0.033849244
   vertex -0.086646401 0.00050833816 0.035078614
  endloop
 endfacet
 facet normal 4.0179148e-05 -0.96592338 0.25882817
  outer loop
   vertex -0.08755816 0.00017880952 0.033848985
   vertex -0.086646401 0.00050833816 0.035078614
   vertex -0.087552537 0.00050648069 0.035071591
  endloop
 endfacet
 facet normal -2.5993048e-05 -0.96592686 0.25881518
  outer loop
   vertex -0.087552537 0.00050648069 0.035071591
   vertex -0.086646401 0.00050833816 0.035078614
   vertex -0.086645747 0.0007070053 0.035820062
  endloop
 endfacet
 facet normal -2.5993048e-05 -0.96592686 0.25881518
  outer loop
   vertex -0.087552537 0.00050648069 0.035071591
   vertex -0.086645747 0.0007070053 0.035820062
   vertex -0.087551206 0.00070770758 0.035822662
  endloop
 endfacet
 facet normal 7.2832251e-07 -0.96592583 0.25881903
  outer loop
   vertex -0.085746911 0.00017894358 0.033849313
   vertex -0.084862681 0.00017899856 0.033849516
   vertex -0.084864037 0.00050884139 0.035080506
  endloop
 endfacet
 facet normal 7.2832251e-07 -0.96592583 0.25881903
  outer loop
   vertex -0.085746911 0.00017894358 0.033849313
   vertex -0.084864037 0.00050884139 0.035080506
   vertex -0.08574605 0.00050888914 0.035080684
  endloop
 endfacet
 facet normal 1.5475192e-15 -0.96592583 0.25881903
  outer loop
   vertex -0.083999017 0.00017908127 0.033849825
   vertex -0.08400312 0.00050818567 0.035078059
   vertex -0.084864037 0.00050884139 0.035080506
  endloop
 endfacet
 facet normal 1.5475192e-15 -0.96592583 0.25881903
  outer loop
   vertex -0.083999017 0.00017908127 0.033849825
   vertex -0.084864037 0.00050884139 0.035080506
   vertex -0.084862681 0.00017899856 0.033849516
  endloop
 endfacet
 facet normal -1.2021398e-16 -0.96592583 0.25881903
  outer loop
   vertex -0.08400312 0.00050818567 0.035078059
   vertex -0.08400399 0.00070691767 0.035819737
   vertex -0.08486428 0.00070670838 0.035818956
  endloop
 endfacet
 facet normal -1.2021398e-16 -0.96592583 0.25881903
  outer loop
   vertex -0.08400312 0.00050818567 0.035078059
   vertex -0.08486428 0.00070670838 0.035818956
   vertex -0.084864037 0.00050884139 0.035080506
  endloop
 endfacet
 facet normal 4.9524757e-05 0.25895038 0.96589062
  outer loop
   vertex -0.084847174 -0.0090695678 0.027495369
   vertex -0.084845515 -0.0077834418 0.027150565
   vertex -0.085750024 -0.0077851229 0.027151062
  endloop
 endfacet
 facet normal 4.9524757e-05 0.25895038 0.96589062
  outer loop
   vertex -0.084847174 -0.0090695678 0.027495369
   vertex -0.085750024 -0.0077851229 0.027151062
   vertex -0.0857431 -0.0090697312 0.027495452
  endloop
 endfacet
 facet normal 4.9734858e-05 0.25884565 0.9659187
  outer loop
   vertex -0.085748396 -0.0070420976 0.026951947
   vertex -0.085750024 -0.0077851229 0.027151062
   vertex -0.084845515 -0.0077834418 0.027150565
  endloop
 endfacet
 facet normal 4.9734858e-05 0.25884565 0.9659187
  outer loop
   vertex -0.085748396 -0.0070420976 0.026951947
   vertex -0.084845515 -0.0077834418 0.027150565
   vertex -0.084846683 -0.0070380774 0.026950766
  endloop
 endfacet
 facet normal 0.00080870347 0.25891586 0.96589954
  outer loop
   vertex -0.083966695 -0.007032209 0.026948456
   vertex -0.084846683 -0.0070380774 0.026950766
   vertex -0.084845515 -0.0077834418 0.027150565
  endloop
 endfacet
 facet normal 0.00080870347 0.25891586 0.96589954
  outer loop
   vertex -0.083966695 -0.007032209 0.026948456
   vertex -0.084845515 -0.0077834418 0.027150565
   vertex -0.083961637 -0.0077787949 0.027148723
  endloop
 endfacet
 facet normal -0.00015089047 0.25894503 0.96589205
  outer loop
   vertex -0.086649796 -0.0090625838 0.027493394
   vertex -0.0857431 -0.0090697312 0.027495452
   vertex -0.085750024 -0.0077851229 0.027151062
  endloop
 endfacet
 facet normal -0.00015089047 0.25894503 0.96589205
  outer loop
   vertex -0.086649796 -0.0090625838 0.027493394
   vertex -0.085750024 -0.0077851229 0.027151062
   vertex -0.086666092 -0.0077829555 0.027150271
  endloop
 endfacet
 facet normal -0.00014972292 0.25876342 0.96594072
  outer loop
   vertex -0.085748396 -0.0070420976 0.026951947
   vertex -0.086659469 -0.0070437056 0.026952236
   vertex -0.086666092 -0.0077829555 0.027150271
  endloop
 endfacet
 facet normal -0.00014972292 0.25876342 0.96594072
  outer loop
   vertex -0.085748396 -0.0070420976 0.026951947
   vertex -0.086666092 -0.0077829555 0.027150271
   vertex -0.085750024 -0.0077851229 0.027151062
  endloop
 endfacet
 facet normal -0.00019474614 0.25833558 0.96605522
  outer loop
   vertex -0.087534565 -0.0070516933 0.026954547
   vertex -0.087557157 -0.0077688392 0.027146317
   vertex -0.086666092 -0.0077829555 0.027150271
  endloop
 endfacet
 facet normal -0.00019474614 0.25833558 0.96605522
  outer loop
   vertex -0.087534565 -0.0070516933 0.026954547
   vertex -0.086666092 -0.0077829555 0.027150271
   vertex -0.086659469 -0.0070437056 0.026952236
  endloop
 endfacet
 facet normal -0.00015042355 0.96591815 -0.25884764
  outer loop
   vertex -0.085749338 -0.0072641298 0.044708636
   vertex -0.085753072 -0.0075958942 0.043470624
   vertex -0.086674228 -0.007596491 0.043468932
  endloop
 endfacet
 facet normal -0.00015042355 0.96591815 -0.25884764
  outer loop
   vertex -0.085749338 -0.0072641298 0.044708636
   vertex -0.086674228 -0.007596491 0.043468932
   vertex -0.086660745 -0.0072644293 0.044708404
  endloop
 endfacet
 facet normal -0.0022242528 0.96593999 -0.25875663
  outer loop
   vertex -0.087542469 -0.0072675014 0.044704515
   vertex -0.086660745 -0.0072644293 0.044708404
   vertex -0.086674228 -0.007596491 0.043468932
  endloop
 endfacet
 facet normal -0.0022242528 0.96593999 -0.25875663
  outer loop
   vertex -0.087542469 -0.0072675014 0.044704515
   vertex -0.086674228 -0.007596491 0.043468932
   vertex -0.08756518 -0.007599808 0.043457641
  endloop
 endfacet
 facet normal -0.0003187383 0.96597387 -0.25863949
  outer loop
   vertex -0.08756518 -0.007599808 0.043457641
   vertex -0.086674228 -0.007596491 0.043468932
   vertex -0.086671312 -0.0077912598 0.0427415
  endloop
 endfacet
 facet normal -0.0003187383 0.96597387 -0.25863949
  outer loop
   vertex -0.08756518 -0.007599808 0.043457641
   vertex -0.086671312 -0.0077912598 0.0427415
   vertex -0.087548101 -0.007789135 0.042748949
  endloop
 endfacet
 facet normal 0.00014145624 0.96590679 -0.25889002
  outer loop
   vertex -0.08753891 -0.0080011609 0.041957895
   vertex -0.087548101 -0.007789135 0.042748949
   vertex -0.086671312 -0.0077912598 0.0427415
  endloop
 endfacet
 facet normal 0.00014145624 0.96590679 -0.25889002
  outer loop
   vertex -0.08753891 -0.0080011609 0.041957895
   vertex -0.086671312 -0.0077912598 0.0427415
   vertex -0.086663705 -0.0080052658 0.04194268
  endloop
 endfacet
 facet normal -3.7664025e-05 0.96586721 -0.25903772
  outer loop
   vertex -0.08665696 -0.0082166725 0.041154413
   vertex -0.086663705 -0.0080052658 0.04194268
   vertex -0.085749906 -0.0080060103 0.041939771
  endloop
 endfacet
 facet normal -3.7664025e-05 0.96586721 -0.25903772
  outer loop
   vertex -0.08665696 -0.0082166725 0.041154413
   vertex -0.085749906 -0.0080060103 0.041939771
   vertex -0.085747256 -0.0082166307 0.041153686
  endloop
 endfacet
 facet normal -0.0032704735 0.96593558 -0.25876196
  outer loop
   vertex -0.087531986 -0.0091737918 0.037593945
   vertex -0.086651595 -0.0091698899 0.037597384
   vertex -0.086666962 -0.0095000622 0.036365074
  endloop
 endfacet
 facet normal -0.0032704735 0.96593558 -0.25876196
  outer loop
   vertex -0.087531986 -0.0091737918 0.037593945
   vertex -0.086666962 -0.0095000622 0.036365074
   vertex -0.087557906 -0.0095041343 0.036351361
  endloop
 endfacet
 facet normal -4.3209487e-07 -0.96593211 0.25879558
  outer loop
   vertex -0.086651551 0.0011319085 0.037405899
   vertex -0.086649224 0.00092252502 0.036624393
   vertex -0.085746838 0.00092221408 0.036623234
  endloop
 endfacet
 facet normal -4.3209487e-07 -0.96593211 0.25879558
  outer loop
   vertex -0.086651551 0.0011319085 0.037405899
   vertex -0.085746838 0.00092221408 0.036623234
   vertex -0.085747477 0.0011318185 0.037405502
  endloop
 endfacet
 facet normal -6.1677256e-06 -0.96592689 0.25881509
  outer loop
   vertex -0.087557294 0.00092327965 0.036627201
   vertex -0.087551206 0.00070770758 0.035822662
   vertex -0.086645747 0.0007070053 0.035820062
  endloop
 endfacet
 facet normal -6.1677256e-06 -0.96592689 0.25881509
  outer loop
   vertex -0.087557294 0.00092327965 0.036627201
   vertex -0.086645747 0.0007070053 0.035820062
   vertex -0.086649224 0.00092252502 0.036624393
  endloop
 endfacet
 facet normal 0.00064244341 0.96591949 -0.25884189
  outer loop
   vertex -0.083953308 -0.0075968909 0.04346937
   vertex -0.084842422 -0.0075959499 0.043470675
   vertex -0.084848438 -0.0072641318 0.044708905
  endloop
 endfacet
 facet normal 0.00064244341 0.96591949 -0.25884189
  outer loop
   vertex -0.083953308 -0.0075968909 0.04346937
   vertex -0.084848438 -0.0072641318 0.044708905
   vertex -0.083969316 -0.0072648247 0.044709107
  endloop
 endfacet
 facet normal 0.00040874495 0.96601458 -0.25848727
  outer loop
   vertex -0.083953308 -0.0075968909 0.04346937
   vertex -0.083954959 -0.0077915176 0.042742012
   vertex -0.084842357 -0.0077913546 0.042741218
  endloop
 endfacet
 facet normal 0.00040874495 0.96601458 -0.25848727
  outer loop
   vertex -0.083953308 -0.0075968909 0.04346937
   vertex -0.084842357 -0.0077913546 0.042741218
   vertex -0.084842422 -0.0075959499 0.043470675
  endloop
 endfacet
 facet normal 4.9831825e-05 0.96592906 -0.25880697
  outer loop
   vertex -0.084848093 -0.0082166766 0.041153688
   vertex -0.085747256 -0.0082166307 0.041153686
   vertex -0.085749906 -0.0080060103 0.041939771
  endloop
 endfacet
 facet normal 4.9831825e-05 0.96592906 -0.25880697
  outer loop
   vertex -0.084848093 -0.0082166766 0.041153688
   vertex -0.085749906 -0.0080060103 0.041939771
   vertex -0.084845233 -0.0080060741 0.041939699
  endloop
 endfacet
 facet normal 0.00036448506 0.96593952 -0.25876769
  outer loop
   vertex -0.08396281 -0.0080057535 0.041942139
   vertex -0.084845233 -0.0080060741 0.041939699
   vertex -0.084842357 -0.0077913546 0.042741218
  endloop
 endfacet
 facet normal 0.00036448506 0.96593952 -0.25876769
  outer loop
   vertex -0.08396281 -0.0080057535 0.041942139
   vertex -0.084842357 -0.0077913546 0.042741218
   vertex -0.083954959 -0.0077915176 0.042742012
  endloop
 endfacet
 facet normal 0.00063857537 0.96593376 -0.25878865
  outer loop
   vertex -0.083974226 -0.0091698243 0.03759915
   vertex -0.08395965 -0.009499764 0.036367679
   vertex -0.084844625 -0.0094989514 0.036368528
  endloop
 endfacet
 facet normal 0.00063857537 0.96593376 -0.25878865
  outer loop
   vertex -0.083974226 -0.0091698243 0.03759915
   vertex -0.084844625 -0.0094989514 0.036368528
   vertex -0.084849606 -0.0091695999 0.037597434
  endloop
 endfacet
 facet normal 3.9962621e-06 -0.96592697 0.25881479
  outer loop
   vertex -0.084862223 0.0011315551 0.037404506
   vertex -0.085747477 0.0011318185 0.037405502
   vertex -0.085746838 0.00092221408 0.036623234
  endloop
 endfacet
 facet normal 3.9962621e-06 -0.96592697 0.25881479
  outer loop
   vertex -0.084862223 0.0011315551 0.037404506
   vertex -0.085746838 0.00092221408 0.036623234
   vertex -0.08486312 0.00092212545 0.036622904
  endloop
 endfacet
 facet normal 2.2293376e-15 -0.96592583 0.25881903
  outer loop
   vertex -0.084000203 0.00092229608 0.03662354
   vertex -0.08486312 0.00092212545 0.036622904
   vertex -0.08486428 0.00070670838 0.035818956
  endloop
 endfacet
 facet normal 2.2293376e-15 -0.96592583 0.25881903
  outer loop
   vertex -0.084000203 0.00092229608 0.03662354
   vertex -0.08486428 0.00070670838 0.035818956
   vertex -0.08400399 0.00070691767 0.035819737
  endloop
 endfacet
 facet normal -6.4172641e-05 0.25821584 0.96608725
  outer loop
   vertex -0.08299893 -0.0020290505 0.025608968
   vertex -0.083928571 -0.0020290654 0.02560891
   vertex -0.083920238 -0.0027866953 0.02581141
  endloop
 endfacet
 facet normal -6.4172641e-05 0.25821584 0.96608725
  outer loop
   vertex -0.08299893 -0.0020290505 0.025608968
   vertex -0.083920238 -0.0027866953 0.02581141
   vertex -0.083016966 -0.0027950516 0.025813088
  endloop
 endfacet
 facet normal -5.975523e-07 -0.96592575 0.25881935
  outer loop
   vertex -0.08396152 -0.001762441 0.026603965
   vertex -0.083928571 -0.0020290654 0.02560891
   vertex -0.08299893 -0.0020290505 0.025608968
  endloop
 endfacet
 facet normal -5.975523e-07 -0.96592575 0.25881935
  outer loop
   vertex -0.08396152 -0.001762441 0.026603965
   vertex -0.08299893 -0.0020290505 0.025608968
   vertex -0.083110557 -0.0017475494 0.026659541
  endloop
 endfacet
 facet normal -1.9639863e-07 -0.96592562 0.25881982
  outer loop
   vertex -0.082410976 -0.0017038841 0.026822502
   vertex -0.083110557 -0.0017475494 0.026659541
   vertex -0.08299893 -0.0020290505 0.025608968
  endloop
 endfacet
 facet normal -1.9639863e-07 -0.96592562 0.25881982
  outer loop
   vertex -0.082410976 -0.0017038841 0.026822502
   vertex -0.08299893 -0.0020290505 0.025608968
   vertex -0.082410974 -0.0020290612 0.025609021
  endloop
 endfacet
 facet normal -2.4649482e-05 0.25821625 0.96608714
  outer loop
   vertex -0.083920238 -0.0027866953 0.02581141
   vertex -0.083928571 -0.0020290654 0.02560891
   vertex -0.084821429 -0.0020290709 0.025608889
  endloop
 endfacet
 facet normal -2.4649482e-05 0.25821625 0.96608714
  outer loop
   vertex -0.083920238 -0.0027866953 0.02581141
   vertex -0.084821429 -0.0020290709 0.025608889
   vertex -0.084821714 -0.0027830582 0.025810672
  endloop
 endfacet
 facet normal 0.00079854191 0.25852663 0.9660038
  outer loop
   vertex -0.088410943 -0.0020290209 0.025609079
   vertex -0.08841087 -0.0027142834 0.025792472
   vertex -0.087528626 -0.002760538 0.025804122
  endloop
 endfacet
 facet normal 0.00079854191 0.25852663 0.9660038
  outer loop
   vertex -0.088410943 -0.0020290209 0.025609079
   vertex -0.087528626 -0.002760538 0.025804122
   vertex -0.087493358 -0.002029047 0.025608981
  endloop
 endfacet
 facet normal -0.00015252128 -0.96592544 0.25882045
  outer loop
   vertex -0.087538428 -0.0017480313 0.026658255
   vertex -0.088410897 -0.0017041723 0.026821424
   vertex -0.088410943 -0.0020290209 0.025609079
  endloop
 endfacet
 facet normal -0.00015252128 -0.96592544 0.25882045
  outer loop
   vertex -0.087538428 -0.0017480313 0.026658255
   vertex -0.088410943 -0.0020290209 0.025609079
   vertex -0.087493358 -0.002029047 0.025608981
  endloop
 endfacet
 facet normal 7.4966455e-05 0.25775396 0.96621058
  outer loop
   vertex -0.086607143 -0.0020290637 0.025608917
   vertex -0.087493358 -0.002029047 0.025608981
   vertex -0.087528626 -0.002760538 0.025804122
  endloop
 endfacet
 facet normal 7.4966455e-05 0.25775396 0.96621058
  outer loop
   vertex -0.086607143 -0.0020290637 0.025608917
   vertex -0.087528626 -0.002760538 0.025804122
   vertex -0.08662285 -0.0027742059 0.025808062
  endloop
 endfacet
 facet normal -7.3614469e-05 -0.96595053 0.25872683
  outer loop
   vertex -0.087556078 -0.00097702796 0.029535047
   vertex -0.087558718 -0.00077423752 0.03029216
   vertex -0.088410344 -0.00077258036 0.030298105
  endloop
 endfacet
 facet normal -7.3614469e-05 -0.96595053 0.25872683
  outer loop
   vertex -0.087556078 -0.00097702796 0.029535047
   vertex -0.088410344 -0.00077258036 0.030298105
   vertex -0.088410783 -0.00097549536 0.02954084
  endloop
 endfacet
 facet normal 3.3971709e-05 -0.96591922 0.2588437
  outer loop
   vertex -0.087558718 -0.00077423752 0.03029216
   vertex -0.086649805 -0.00077445407 0.030291233
   vertex -0.086644246 -0.00044392987 0.031524639
  endloop
 endfacet
 facet normal 3.3971709e-05 -0.96591922 0.2588437
  outer loop
   vertex -0.087558718 -0.00077423752 0.03029216
   vertex -0.086644246 -0.00044392987 0.031524639
   vertex -0.087548893 -0.00044586277 0.031517187
  endloop
 endfacet
 facet normal -6.7702923e-05 -0.96594314 0.25875442
  outer loop
   vertex -0.087547554 -0.00024524626 0.032266098
   vertex -0.087548893 -0.00044586277 0.031517187
   vertex -0.086644246 -0.00044392987 0.031524639
  endloop
 endfacet
 facet normal -6.7702923e-05 -0.96594314 0.25875442
  outer loop
   vertex -0.087547554 -0.00024524626 0.032266098
   vertex -0.086644246 -0.00044392987 0.031524639
   vertex -0.086643582 -0.00024613388 0.032262868
  endloop
 endfacet
 facet normal -7.2202238e-05 -0.96590009 0.25891508
  outer loop
   vertex -0.088410344 -0.00077258036 0.030298105
   vertex -0.087558718 -0.00077423752 0.03029216
   vertex -0.087548893 -0.00044586277 0.031517187
  endloop
 endfacet
 facet normal -7.2202238e-05 -0.96590009 0.25891508
  outer loop
   vertex -0.088410344 -0.00077258036 0.030298105
   vertex -0.087548893 -0.00044586277 0.031517187
   vertex -0.088410781 -0.00045299411 0.031490807
  endloop
 endfacet
 facet normal -7.2202238e-05 -0.96590009 0.25891508
  outer loop
   vertex -0.088410344 -0.00077258036 0.030298105
   vertex -0.088410781 -0.00045299411 0.031490807
   vertex -0.088410312 -0.00060569712 0.030920913
  endloop
 endfacet
 facet normal 2.512153e-05 -0.96593 0.25880348
  outer loop
   vertex -0.087547554 -0.00024524626 0.032266098
   vertex -0.088410908 -0.00024399853 0.032270839
   vertex -0.088410781 -0.00045299411 0.031490807
  endloop
 endfacet
 facet normal 2.512153e-05 -0.96593 0.25880348
  outer loop
   vertex -0.087547554 -0.00024524626 0.032266098
   vertex -0.088410781 -0.00045299411 0.031490807
   vertex -0.087548893 -0.00044586277 0.031517187
  endloop
 endfacet
 facet normal 1.6883208e-16 -0.96592583 0.25881903
  outer loop
   vertex -0.083164016 -0.00077412523 0.03029241
   vertex -0.083999177 -0.00077444084 0.030291232
   vertex -0.084000299 -0.00097846949 0.029529786
  endloop
 endfacet
 facet normal 1.6883208e-16 -0.96592583 0.25881903
  outer loop
   vertex -0.083164016 -0.00077412523 0.03029241
   vertex -0.084000299 -0.00097846949 0.029529786
   vertex -0.0831661 -0.00097726077 0.029534297
  endloop
 endfacet
 facet normal -1.9931708e-15 -0.96592583 0.25881903
  outer loop
   vertex -0.084005246 -0.00044378807 0.031525245
   vertex -0.084864697 -0.0004432883 0.03152711
   vertex -0.084862753 -0.00077460431 0.030290622
  endloop
 endfacet
 facet normal -1.9931708e-15 -0.96592583 0.25881903
  outer loop
   vertex -0.084005246 -0.00044378807 0.031525245
   vertex -0.084862753 -0.00077460431 0.030290622
   vertex -0.083999177 -0.00077444084 0.030291232
  endloop
 endfacet
 facet normal -8.4448179e-16 -0.96592583 0.25881903
  outer loop
   vertex -0.084006072 -0.00024558593 0.032264945
   vertex -0.084864912 -0.00024625245 0.032262458
   vertex -0.084864697 -0.0004432883 0.03152711
  endloop
 endfacet
 facet normal -8.4448179e-16 -0.96592583 0.25881903
  outer loop
   vertex -0.084006072 -0.00024558593 0.032264945
   vertex -0.084864697 -0.0004432883 0.03152711
   vertex -0.084005246 -0.00044378807 0.031525245
  endloop
 endfacet
 facet normal 5.0128359e-16 -0.96592583 0.25881903
  outer loop
   vertex -0.083164016 -0.00077412523 0.03029241
   vertex -0.083172945 -0.00044569777 0.031518118
   vertex -0.084005246 -0.00044378807 0.031525245
  endloop
 endfacet
 facet normal 5.0128359e-16 -0.96592583 0.25881903
  outer loop
   vertex -0.083164016 -0.00077412523 0.03029241
   vertex -0.084005246 -0.00044378807 0.031525245
   vertex -0.083999177 -0.00077444084 0.030291232
  endloop
 endfacet
 facet normal 5.8141968e-16 -0.96592583 0.25881903
  outer loop
   vertex -0.084006072 -0.00024558593 0.032264945
   vertex -0.084005246 -0.00044378807 0.031525245
   vertex -0.083172945 -0.00044569777 0.031518118
  endloop
 endfacet
 facet normal 5.8141968e-16 -0.96592583 0.25881903
  outer loop
   vertex -0.084006072 -0.00024558593 0.032264945
   vertex -0.083172945 -0.00044569777 0.031518118
   vertex -0.083174861 -0.00024381809 0.032271543
  endloop
 endfacet
 facet normal 0.00021441086 0.96605377 -0.25834099
  outer loop
   vertex -0.084830563 -0.011530024 0.028788205
   vertex -0.083946566 -0.011533437 0.028776178
   vertex -0.083935556 -0.011688308 0.028197054
  endloop
 endfacet
 facet normal 0.00021441086 0.96605377 -0.25834099
  outer loop
   vertex -0.084830563 -0.011530024 0.028788205
   vertex -0.083935556 -0.011688308 0.028197054
   vertex -0.084821435 -0.011688325 0.028197059
  endloop
 endfacet
 facet normal 2.6649915e-07 0.2587992 0.96593114
  outer loop
   vertex -0.084832153 -0.010797056 0.027958264
   vertex -0.084821435 -0.011688325 0.028197059
   vertex -0.083935556 -0.011688308 0.028197054
  endloop
 endfacet
 facet normal 2.6649915e-07 0.2587992 0.96593114
  outer loop
   vertex -0.084832153 -0.010797056 0.027958264
   vertex -0.083935556 -0.011688308 0.028197054
   vertex -0.083949378 -0.010783508 0.027954652
  endloop
 endfacet
 facet normal -5.1781863e-05 0.96626228 -0.25756009
  outer loop
   vertex -0.083137532 -0.011545216 0.028733717
   vertex -0.083104249 -0.011688267 0.028197042
   vertex -0.083935556 -0.011688308 0.028197054
  endloop
 endfacet
 facet normal -5.1781863e-05 0.96626228 -0.25756009
  outer loop
   vertex -0.083137532 -0.011545216 0.028733717
   vertex -0.083935556 -0.011688308 0.028197054
   vertex -0.083946566 -0.011533437 0.028776178
  endloop
 endfacet
 facet normal 1.0963117e-07 0.2587805 0.96593615
  outer loop
   vertex -0.083131562 -0.010747513 0.027945009
   vertex -0.083949378 -0.010783508 0.027954652
   vertex -0.083935556 -0.011688308 0.028197054
  endloop
 endfacet
 facet normal 1.0963117e-07 0.2587805 0.96593615
  outer loop
   vertex -0.083131562 -0.010747513 0.027945009
   vertex -0.083935556 -0.011688308 0.028197054
   vertex -0.083104249 -0.011688267 0.028197042
  endloop
 endfacet
 facet normal 5.462376e-05 0.9659834 -0.25860409
  outer loop
   vertex -0.086637273 -0.011532148 0.028780352
   vertex -0.086600185 -0.011688305 0.028197053
   vertex -0.087431264 -0.011688262 0.028197041
  endloop
 endfacet
 facet normal 5.462376e-05 0.9659834 -0.25860409
  outer loop
   vertex -0.086637273 -0.011532148 0.028780352
   vertex -0.087431264 -0.011688262 0.028197041
   vertex -0.087506056 -0.011539776 0.028752231
  endloop
 endfacet
 facet normal 0.00020630786 0.2585136 0.9660076
  outer loop
   vertex -0.086634166 -0.010783389 0.027954718
   vertex -0.087505545 -0.01074606 0.027944914
   vertex -0.087431264 -0.011688262 0.028197041
  endloop
 endfacet
 facet normal 0.00020630786 0.2585136 0.9660076
  outer loop
   vertex -0.086634166 -0.010783389 0.027954718
   vertex -0.087431264 -0.011688262 0.028197041
   vertex -0.086600185 -0.011688305 0.028197053
  endloop
 endfacet
 facet normal 0.00016971634 0.96605219 -0.25834692
  outer loop
   vertex -0.088410714 -0.01156392 0.028661355
   vertex -0.087506056 -0.011539776 0.028752231
   vertex -0.087431264 -0.011688262 0.028197041
  endloop
 endfacet
 facet normal 0.00016971634 0.96605219 -0.25834692
  outer loop
   vertex -0.088410714 -0.01156392 0.028661355
   vertex -0.087431264 -0.011688262 0.028197041
   vertex -0.088410842 -0.011688162 0.028197014
  endloop
 endfacet
 facet normal -0.00039363481 0.25846945 0.96601935
  outer loop
   vertex -0.087431264 -0.011688262 0.028197041
   vertex -0.087505545 -0.01074606 0.027944914
   vertex -0.088410688 -0.010654279 0.027919988
  endloop
 endfacet
 facet normal -0.00039363481 0.25846945 0.96601935
  outer loop
   vertex -0.087431264 -0.011688262 0.028197041
   vertex -0.088410688 -0.010654279 0.027919988
   vertex -0.088410842 -0.011688162 0.028197014
  endloop
 endfacet
 facet normal -3.3181373e-05 0.96594641 -0.25874222
  outer loop
   vertex -0.087534349 -0.011363631 0.029409581
   vertex -0.086659087 -0.011360038 0.029422881
   vertex -0.086637273 -0.011532148 0.028780352
  endloop
 endfacet
 facet normal -3.3181373e-05 0.96594641 -0.25874222
  outer loop
   vertex -0.087534349 -0.011363631 0.029409581
   vertex -0.086637273 -0.011532148 0.028780352
   vertex -0.087506056 -0.011539776 0.028752231
  endloop
 endfacet
 facet normal -0.00011802832 0.96593322 -0.25879141
  outer loop
   vertex -0.085744517 -0.0113579 0.029430446
   vertex -0.086659087 -0.011360038 0.029422881
   vertex -0.086669491 -0.011177941 0.030102558
  endloop
 endfacet
 facet normal -0.00011802832 0.96593322 -0.25879141
  outer loop
   vertex -0.085744517 -0.0113579 0.029430446
   vertex -0.086669491 -0.011177941 0.030102558
   vertex -0.085749735 -0.011176464 0.030107568
  endloop
 endfacet
 facet normal -0.00014186901 0.96596456 -0.25867442
  outer loop
   vertex -0.086669491 -0.011177941 0.030102558
   vertex -0.087560408 -0.011183288 0.03008308
   vertex -0.087542916 -0.010851731 0.031321201
  endloop
 endfacet
 facet normal -0.00014186901 0.96596456 -0.25867442
  outer loop
   vertex -0.086669491 -0.011177941 0.030102558
   vertex -0.087542916 -0.010851731 0.031321201
   vertex -0.086660481 -0.010849853 0.03132648
  endloop
 endfacet
 facet normal 0.00021307636 0.9659271 -0.25881419
  outer loop
   vertex -0.088410714 -0.01156392 0.028661355
   vertex -0.088410202 -0.011358002 0.029429867
   vertex -0.087534349 -0.011363631 0.029409581
  endloop
 endfacet
 facet normal 0.00021307636 0.9659271 -0.25881419
  outer loop
   vertex -0.088410714 -0.01156392 0.028661355
   vertex -0.087534349 -0.011363631 0.029409581
   vertex -0.087506056 -0.011539776 0.028752231
  endloop
 endfacet
 facet normal 2.7456888e-05 -0.96591951 0.25884261
  outer loop
   vertex -0.087556815 0.0018608915 0.040126566
   vertex -0.086648529 0.0018607395 0.040125902
   vertex -0.086642606 0.0021913058 0.041359472
  endloop
 endfacet
 facet normal 2.7456888e-05 -0.96591951 0.25884261
  outer loop
   vertex -0.087556815 0.0018608915 0.040126566
   vertex -0.086642606 0.0021913058 0.041359472
   vertex -0.087546226 0.0021892455 0.04135154
  endloop
 endfacet
 facet normal 1.037255e-05 -0.96592701 0.25881464
  outer loop
   vertex -0.085746302 0.0016580016 0.039369224
   vertex -0.08574645 0.0018605149 0.040125028
   vertex -0.086648529 0.0018607395 0.040125902
  endloop
 endfacet
 facet normal 1.037255e-05 -0.96592701 0.25881464
  outer loop
   vertex -0.085746302 0.0016580016 0.039369224
   vertex -0.086648529 0.0018607395 0.040125902
   vertex -0.086647383 0.0016585469 0.039371224
  endloop
 endfacet
 facet normal -3.1478124e-05 -0.96593313 0.25879177
  outer loop
   vertex -0.087554163 0.001659403 0.03937431
   vertex -0.086647383 0.0016585469 0.039371224
   vertex -0.086648529 0.0018607395 0.040125902
  endloop
 endfacet
 facet normal -3.1478124e-05 -0.96593313 0.25879177
  outer loop
   vertex -0.087554163 0.001659403 0.03937431
   vertex -0.086648529 0.0018607395 0.040125902
   vertex -0.087556815 0.0018608915 0.040126566
  endloop
 endfacet
 facet normal -6.8807715e-05 -0.96594317 0.2587543
  outer loop
   vertex -0.087544794 0.0023893475 0.042098532
   vertex -0.087546226 0.0021892455 0.04135154
   vertex -0.086642606 0.0021913058 0.041359472
  endloop
 endfacet
 facet normal -6.8807715e-05 -0.96594317 0.2587543
  outer loop
   vertex -0.087544794 0.0023893475 0.042098532
   vertex -0.086642606 0.0021913058 0.041359472
   vertex -0.086641881 0.0023883421 0.042094866
  endloop
 endfacet
 facet normal -1.9029085e-05 -0.96591946 0.25884282
  outer loop
   vertex -0.08574483 0.0021918725 0.041361652
   vertex -0.086642606 0.0021913058 0.041359472
   vertex -0.086648529 0.0018607395 0.040125902
  endloop
 endfacet
 facet normal -1.9029085e-05 -0.96591946 0.25884282
  outer loop
   vertex -0.08574483 0.0021918725 0.041361652
   vertex -0.086648529 0.0018607395 0.040125902
   vertex -0.08574645 0.0018605149 0.040125028
  endloop
 endfacet
 facet normal 7.1000206e-05 -0.96594324 0.25875405
  outer loop
   vertex -0.088410782 0.0021817956 0.041323967
   vertex -0.087546226 0.0021892455 0.04135154
   vertex -0.087544794 0.0023893475 0.042098532
  endloop
 endfacet
 facet normal 7.1000206e-05 -0.96594324 0.25875405
  outer loop
   vertex -0.088410782 0.0021817956 0.041323967
   vertex -0.087544794 0.0023893475 0.042098532
   vertex -0.088410908 0.0023907896 0.042103999
  endloop
 endfacet
 facet normal 0.00021069611 0.96598587 -0.25859476
  outer loop
   vertex -0.083950239 -0.011360962 0.029420459
   vertex -0.083946566 -0.011533437 0.028776178
   vertex -0.084830563 -0.011530024 0.028788205
  endloop
 endfacet
 facet normal 0.00021069611 0.96598587 -0.25859476
  outer loop
   vertex -0.083950239 -0.011360962 0.029420459
   vertex -0.084830563 -0.011530024 0.028788205
   vertex -0.084836141 -0.011358168 0.029429714
  endloop
 endfacet
 facet normal 7.6651617e-05 0.96592362 -0.25882725
  outer loop
   vertex -0.084839699 -0.011176646 0.03010714
   vertex -0.084836141 -0.011358168 0.029429714
   vertex -0.085744517 -0.0113579 0.029430446
  endloop
 endfacet
 facet normal 7.6651617e-05 0.96592362 -0.25882725
  outer loop
   vertex -0.084839699 -0.011176646 0.03010714
   vertex -0.085744517 -0.0113579 0.029430446
   vertex -0.085749735 -0.011176464 0.030107568
  endloop
 endfacet
 facet normal -0.0023424495 0.96596785 -0.25865156
  outer loop
   vertex -0.083129001 -0.011185084 0.030081834
   vertex -0.082411396 -0.011190088 0.030056647
   vertex -0.082410977 -0.011357922 0.029429846
  endloop
 endfacet
 facet normal -0.0023424495 0.96596785 -0.25865156
  outer loop
   vertex -0.083129001 -0.011185084 0.030081834
   vertex -0.082410977 -0.011357922 0.029429846
   vertex -0.083141516 -0.011365278 0.029407068
  endloop
 endfacet
 facet normal -0.9999977 -0.0020680558 0.0005761968
  outer loop
   vertex -0.082410961 -0.0110773 0.030464047
   vertex -0.082412181 -0.010768795 0.029453933
   vertex -0.082410977 -0.011357922 0.029429846
  endloop
 endfacet
 facet normal -0.9999977 -0.0020680558 0.0005761968
  outer loop
   vertex -0.082410961 -0.0110773 0.030464047
   vertex -0.082410977 -0.011357922 0.029429846
   vertex -0.082411396 -0.011190088 0.030056647
  endloop
 endfacet
 facet normal 0.00049249988 0.96598618 -0.25859324
  outer loop
   vertex -0.083137532 -0.011545216 0.028733717
   vertex -0.083946566 -0.011533437 0.028776178
   vertex -0.083950239 -0.011360962 0.029420459
  endloop
 endfacet
 facet normal 0.00049249988 0.96598618 -0.25859324
  outer loop
   vertex -0.083137532 -0.011545216 0.028733717
   vertex -0.083950239 -0.011360962 0.029420459
   vertex -0.083141516 -0.011365278 0.029407068
  endloop
 endfacet
 facet normal -1.9430674e-06 -0.96592583 0.25881903
  outer loop
   vertex -0.085746302 0.0016580016 0.039369224
   vertex -0.08486365 0.001657392 0.039366956
   vertex -0.084863218 0.001860254 0.040124047
  endloop
 endfacet
 facet normal -1.9430674e-06 -0.96592583 0.25881903
  outer loop
   vertex -0.085746302 0.0016580016 0.039369224
   vertex -0.084863218 0.001860254 0.040124047
   vertex -0.08574645 0.0018605149 0.040125028
  endloop
 endfacet
 facet normal -2.7316003e-16 -0.96592583 0.25881903
  outer loop
   vertex -0.08400202 0.0016565485 0.039363808
   vertex -0.084000491 0.0018600434 0.040123261
   vertex -0.084863218 0.001860254 0.040124047
  endloop
 endfacet
 facet normal -2.7316003e-16 -0.96592583 0.25881903
  outer loop
   vertex -0.08400202 0.0016565485 0.039363808
   vertex -0.084863218 0.001860254 0.040124047
   vertex -0.08486365 0.001657392 0.039366956
  endloop
 endfacet
 facet normal 6.5156922e-16 -0.96592583 0.25881903
  outer loop
   vertex -0.084865132 0.002191779 0.041361315
   vertex -0.08400672 0.0021910247 0.0413585
   vertex -0.084007562 0.0023882009 0.042094372
  endloop
 endfacet
 facet normal 6.5156922e-16 -0.96592583 0.25881903
  outer loop
   vertex -0.084865132 0.002191779 0.041361315
   vertex -0.084007562 0.0023882009 0.042094372
   vertex -0.084865337 0.0023879113 0.042093291
  endloop
 endfacet
 facet normal 6.5637503e-16 -0.96592583 0.25881903
  outer loop
   vertex -0.08400672 0.0021910247 0.0413585
   vertex -0.084865132 0.002191779 0.041361315
   vertex -0.084863218 0.001860254 0.040124047
  endloop
 endfacet
 facet normal 6.5637503e-16 -0.96592583 0.25881903
  outer loop
   vertex -0.08400672 0.0021910247 0.0413585
   vertex -0.084863218 0.001860254 0.040124047
   vertex -0.084000491 0.0018600434 0.040123261
  endloop
 endfacet
 facet normal -3.5226302e-06 -0.96592483 0.25882277
  outer loop
   vertex -0.084865132 0.002191779 0.041361315
   vertex -0.08574483 0.0021918725 0.041361652
   vertex -0.08574645 0.0018605149 0.040125028
  endloop
 endfacet
 facet normal -3.5226302e-06 -0.96592483 0.25882277
  outer loop
   vertex -0.084865132 0.002191779 0.041361315
   vertex -0.08574645 0.0018605149 0.040125028
   vertex -0.084863218 0.001860254 0.040124047
  endloop
 endfacet
 facet normal -8.3577375e-16 -0.96592583 0.25881903
  outer loop
   vertex -0.084007562 0.0023882009 0.042094372
   vertex -0.08400672 0.0021910247 0.0413585
   vertex -0.083175266 0.0021888019 0.041350205
  endloop
 endfacet
 facet normal -8.3577375e-16 -0.96592583 0.25881903
  outer loop
   vertex -0.084007562 0.0023882009 0.042094372
   vertex -0.083175266 0.0021888019 0.041350205
   vertex -0.083177274 0.0023891317 0.042097846
  endloop
 endfacet
 facet normal 0.1020073 0.23751796 0.96601228
  outer loop
   vertex -0.082100242 -0.0044872022 0.02616323
   vertex -0.082975671 -0.0043093212 0.026211936
   vertex -0.083118323 -0.0053552259 0.026484161
  endloop
 endfacet
 facet normal 0.1020073 0.23751796 0.96601228
  outer loop
   vertex -0.082100242 -0.0044872022 0.02616323
   vertex -0.083118323 -0.0053552259 0.026484161
   vertex -0.082262692 -0.0052973116 0.026721194
  endloop
 endfacet
 facet normal 0.0055053509 0.25989916 0.96562007
  outer loop
   vertex -0.083968137 -0.0054077926 0.026511669
   vertex -0.083974617 -0.006211237 0.026727955
   vertex -0.08315575 -0.0062095164 0.026722823
  endloop
 endfacet
 facet normal 0.0055053509 0.25989916 0.96562007
  outer loop
   vertex -0.083968137 -0.0054077926 0.026511669
   vertex -0.08315575 -0.0062095164 0.026722823
   vertex -0.083118323 -0.0053552259 0.026484161
  endloop
 endfacet
 facet normal -0.016406189 0.2530711 0.96730856
  outer loop
   vertex -0.082410975 -0.0071187407 0.02697333
   vertex -0.082410848 -0.0063343068 0.026768105
   vertex -0.08315575 -0.0062095164 0.026722823
  endloop
 endfacet
 facet normal -0.016406189 0.2530711 0.96730856
  outer loop
   vertex -0.082410975 -0.0071187407 0.02697333
   vertex -0.08315575 -0.0062095164 0.026722823
   vertex -0.083155202 -0.0070386283 0.026948168
  endloop
 endfacet
 facet normal -0.27398766 0.26988545 0.92308862
  outer loop
   vertex -0.082262692 -0.0052973116 0.026721194
   vertex -0.083118323 -0.0053552259 0.026484161
   vertex -0.08315575 -0.0062095164 0.026722823
  endloop
 endfacet
 facet normal -0.27398766 0.26988545 0.92308862
  outer loop
   vertex -0.082262692 -0.0052973116 0.026721194
   vertex -0.08315575 -0.0062095164 0.026722823
   vertex -0.082410848 -0.0063343068 0.026768105
  endloop
 endfacet
 facet normal 0.0024172384 0.26227664 0.9649897
  outer loop
   vertex -0.083966695 -0.007032209 0.026948456
   vertex -0.083155202 -0.0070386283 0.026948168
   vertex -0.08315575 -0.0062095164 0.026722823
  endloop
 endfacet
 facet normal 0.0024172384 0.26227664 0.9649897
  outer loop
   vertex -0.083966695 -0.007032209 0.026948456
   vertex -0.08315575 -0.0062095164 0.026722823
   vertex -0.083974617 -0.006211237 0.026727955
  endloop
 endfacet
 facet normal 0.00027508979 0.25894621 0.9658917
  outer loop
   vertex -0.085727754 -0.004228781 0.026197973
   vertex -0.085735612 -0.0054476838 0.026524751
   vertex -0.084845406 -0.00543689 0.026521604
  endloop
 endfacet
 facet normal 0.00027508979 0.25894621 0.9658917
  outer loop
   vertex -0.085727754 -0.004228781 0.026197973
   vertex -0.084845406 -0.00543689 0.026521604
   vertex -0.084823349 -0.0042334374 0.026199129
  endloop
 endfacet
 facet normal -0.0018284836 0.25909056 0.9658513
  outer loop
   vertex -0.087514448 -0.005456063 0.026525204
   vertex -0.086631559 -0.0054495526 0.026525129
   vertex -0.086633229 -0.0042284893 0.026197574
  endloop
 endfacet
 facet normal -0.0018284836 0.25909056 0.9658513
  outer loop
   vertex -0.087514448 -0.005456063 0.026525204
   vertex -0.086633229 -0.0042284893 0.026197574
   vertex -0.087539187 -0.0042336445 0.026198185
  endloop
 endfacet
 facet normal 0.012477943 0.25310848 0.96735743
  outer loop
   vertex -0.087514448 -0.005456063 0.026525204
   vertex -0.088410962 -0.0055455552 0.026560184
   vertex -0.088410861 -0.0063346941 0.02676666
  endloop
 endfacet
 facet normal 0.012477943 0.25310848 0.96735743
  outer loop
   vertex -0.087514448 -0.005456063 0.026525204
   vertex -0.088410861 -0.0063346941 0.02676666
   vertex -0.087527221 -0.0062474298 0.026737152
  endloop
 endfacet
 facet normal 0.006473582 0.26087836 0.96534997
  outer loop
   vertex -0.087534565 -0.0070516933 0.026954547
   vertex -0.087527221 -0.0062474298 0.026737152
   vertex -0.088410861 -0.0063346941 0.02676666
  endloop
 endfacet
 facet normal 0.006473582 0.26087836 0.96534997
  outer loop
   vertex -0.087534565 -0.0070516933 0.026954547
   vertex -0.088410861 -0.0063346941 0.02676666
   vertex -0.08840744 -0.0071189036 0.026972722
  endloop
 endfacet
 facet normal -0.00034141181 0.25909287 0.96585235
  outer loop
   vertex -0.085727754 -0.004228781 0.026197973
   vertex -0.086633229 -0.0042284893 0.026197574
   vertex -0.086631559 -0.0054495526 0.026525129
  endloop
 endfacet
 facet normal -0.00034141181 0.25909287 0.96585235
  outer loop
   vertex -0.085727754 -0.004228781 0.026197973
   vertex -0.086631559 -0.0054495526 0.026525129
   vertex -0.085735612 -0.0054476838 0.026524751
  endloop
 endfacet
 facet normal 8.785782e-06 -0.96592893 0.25880746
  outer loop
   vertex -0.085746911 0.00017894358 0.033849313
   vertex -0.086649942 0.00017891675 0.033849244
   vertex -0.086647338 -3.0762945e-05 0.033066671
  endloop
 endfacet
 facet normal 8.785782e-06 -0.96592893 0.25880746
  outer loop
   vertex -0.085746911 0.00017894358 0.033849313
   vertex -0.086647338 -3.0762945e-05 0.033066671
   vertex -0.085746205 -3.104646e-05 0.033065617
  endloop
 endfacet
 facet normal -2.3657113e-05 -0.96592807 0.25881068
  outer loop
   vertex -0.087547554 -0.00024524626 0.032266098
   vertex -0.086643582 -0.00024613388 0.032262868
   vertex -0.086647338 -3.0762945e-05 0.033066671
  endloop
 endfacet
 facet normal -2.3657113e-05 -0.96592807 0.25881068
  outer loop
   vertex -0.087547554 -0.00024524626 0.032266098
   vertex -0.086647338 -3.0762945e-05 0.033066671
   vertex -0.087554422 -2.9808815e-05 0.033070215
  endloop
 endfacet
 facet normal -4.9638748e-06 -0.96594204 0.25875852
  outer loop
   vertex -0.08755816 0.00017880952 0.033848985
   vertex -0.087554422 -2.9808815e-05 0.033070215
   vertex -0.086647338 -3.0762945e-05 0.033066671
  endloop
 endfacet
 facet normal -4.9638748e-06 -0.96594204 0.25875852
  outer loop
   vertex -0.08755816 0.00017880952 0.033848985
   vertex -0.086647338 -3.0762945e-05 0.033066671
   vertex -0.086649942 0.00017891675 0.033849244
  endloop
 endfacet
 facet normal -2.4149612e-06 -0.96593336 0.25879094
  outer loop
   vertex -0.087547554 -0.00024524626 0.032266098
   vertex -0.087554422 -2.9808815e-05 0.033070215
   vertex -0.088410861 -2.5616233e-05 0.033085856
  endloop
 endfacet
 facet normal -2.4149612e-06 -0.96593336 0.25879094
  outer loop
   vertex -0.087547554 -0.00024524626 0.032266098
   vertex -0.088410861 -2.5616233e-05 0.033085856
   vertex -0.088410908 -0.00024399853 0.032270839
  endloop
 endfacet
 facet normal -5.939782e-05 -0.9659263 0.25881727
  outer loop
   vertex -0.08755816 0.00017880952 0.033848985
   vertex -0.088410613 0.00017969793 0.033852105
   vertex -0.088410861 -2.5616233e-05 0.033085856
  endloop
 endfacet
 facet normal -5.939782e-05 -0.9659263 0.25881727
  outer loop
   vertex -0.08755816 0.00017880952 0.033848985
   vertex -0.088410861 -2.5616233e-05 0.033085856
   vertex -0.087554422 -2.9808815e-05 0.033070215
  endloop
 endfacet
 facet normal 2.1879328e-05 -0.96592485 0.2588227
  outer loop
   vertex -0.087552537 0.00050648069 0.035071591
   vertex -0.088410885 0.00049966096 0.035046212
   vertex -0.088410599 0.00034695618 0.034476319
  endloop
 endfacet
 facet normal 2.1879328e-05 -0.96592485 0.2588227
  outer loop
   vertex -0.087552537 0.00050648069 0.035071591
   vertex -0.088410599 0.00034695618 0.034476319
   vertex -0.088410613 0.00017969793 0.033852105
  endloop
 endfacet
 facet normal 2.1879328e-05 -0.96592485 0.2588227
  outer loop
   vertex -0.087552537 0.00050648069 0.035071591
   vertex -0.088410613 0.00017969793 0.033852105
   vertex -0.08755816 0.00017880952 0.033848985
  endloop
 endfacet
 facet normal 2.2217027e-05 -0.9659277 0.25881204
  outer loop
   vertex -0.088410953 0.00070866346 0.035826243
   vertex -0.088410885 0.00049966096 0.035046212
   vertex -0.087552537 0.00050648069 0.035071591
  endloop
 endfacet
 facet normal 2.2217027e-05 -0.9659277 0.25881204
  outer loop
   vertex -0.088410953 0.00070866346 0.035826243
   vertex -0.087552537 0.00050648069 0.035071591
   vertex -0.087551206 0.00070770758 0.035822662
  endloop
 endfacet
 facet normal -1.8164188e-07 -0.96592609 0.25881808
  outer loop
   vertex -0.085746911 0.00017894358 0.033849313
   vertex -0.085746205 -3.104646e-05 0.033065617
   vertex -0.084863661 -3.0931563e-05 0.033066046
  endloop
 endfacet
 facet normal -1.8164188e-07 -0.96592609 0.25881808
  outer loop
   vertex -0.085746911 0.00017894358 0.033849313
   vertex -0.084863661 -3.0931563e-05 0.033066046
   vertex -0.084862681 0.00017899856 0.033849516
  endloop
 endfacet
 facet normal 3.1775193e-15 -0.96592583 0.25881903
  outer loop
   vertex -0.084006072 -0.00024558593 0.032264945
   vertex -0.084001955 -3.0405506e-05 0.03306801
   vertex -0.084863661 -3.0931563e-05 0.033066046
  endloop
 endfacet
 facet normal 3.1775193e-15 -0.96592583 0.25881903
  outer loop
   vertex -0.084006072 -0.00024558593 0.032264945
   vertex -0.084863661 -3.0931563e-05 0.033066046
   vertex -0.084864912 -0.00024625245 0.032262458
  endloop
 endfacet
 facet normal -1.4458368e-15 -0.96592583 0.25881903
  outer loop
   vertex -0.083999017 0.00017908127 0.033849825
   vertex -0.084862681 0.00017899856 0.033849516
   vertex -0.084863661 -3.0931563e-05 0.033066046
  endloop
 endfacet
 facet normal -1.4458368e-15 -0.96592583 0.25881903
  outer loop
   vertex -0.083999017 0.00017908127 0.033849825
   vertex -0.084863661 -3.0931563e-05 0.033066046
   vertex -0.084001955 -3.0405506e-05 0.03306801
  endloop
 endfacet
 facet normal 2.1343991e-15 -0.96592583 0.25881903
  outer loop
   vertex -0.083999017 0.00017908127 0.033849825
   vertex -0.083164772 0.00017903985 0.03384967
   vertex -0.083169573 0.00050622609 0.035070746
  endloop
 endfacet
 facet normal 2.1343991e-15 -0.96592583 0.25881903
  outer loop
   vertex -0.083999017 0.00017908127 0.033849825
   vertex -0.083169573 0.00050622609 0.035070746
   vertex -0.08400312 0.00050818567 0.035078059
  endloop
 endfacet
 facet normal -1.3532054e-15 -0.96592583 0.25881903
  outer loop
   vertex -0.084006072 -0.00024558593 0.032264945
   vertex -0.083174861 -0.00024381809 0.032271543
   vertex -0.083168204 -2.9294892e-05 0.033072154
  endloop
 endfacet
 facet normal -1.3532054e-15 -0.96592583 0.25881903
  outer loop
   vertex -0.084006072 -0.00024558593 0.032264945
   vertex -0.083168204 -2.9294892e-05 0.033072154
   vertex -0.084001955 -3.0405506e-05 0.03306801
  endloop
 endfacet
 facet normal -5.7513654e-16 -0.96592583 0.25881903
  outer loop
   vertex -0.082410976 0.00017969256 0.033852106
   vertex -0.083164772 0.00017903985 0.03384967
   vertex -0.083168204 -2.9294892e-05 0.033072154
  endloop
 endfacet
 facet normal -5.7513654e-16 -0.96592583 0.25881903
  outer loop
   vertex -0.082410976 0.00017969256 0.033852106
   vertex -0.083168204 -2.9294892e-05 0.033072154
   vertex -0.082410976 -2.5623014e-05 0.033085858
  endloop
 endfacet
 facet normal -3.8832655e-15 -0.96592583 0.25881903
  outer loop
   vertex -0.083999017 0.00017908127 0.033849825
   vertex -0.084001955 -3.0405506e-05 0.03306801
   vertex -0.083168204 -2.9294892e-05 0.033072154
  endloop
 endfacet
 facet normal -3.8832655e-15 -0.96592583 0.25881903
  outer loop
   vertex -0.083999017 0.00017908127 0.033849825
   vertex -0.083168204 -2.9294892e-05 0.033072154
   vertex -0.083164772 0.00017903985 0.03384967
  endloop
 endfacet
 facet normal -8.6731773e-16 -0.96592583 0.25881903
  outer loop
   vertex -0.083171487 0.00070756505 0.035822153
   vertex -0.08400399 0.00070691767 0.035819737
   vertex -0.08400312 0.00050818567 0.035078059
  endloop
 endfacet
 facet normal -8.6731773e-16 -0.96592583 0.25881903
  outer loop
   vertex -0.083171487 0.00070756505 0.035822153
   vertex -0.08400312 0.00050818567 0.035078059
   vertex -0.083169573 0.00050622609 0.035070746
  endloop
 endfacet
 facet normal 4.9361411e-05 0.25883576 0.96592135
  outer loop
   vertex -0.085739936 -0.0099130326 0.027721436
   vertex -0.084841218 -0.0099128237 0.027721334
   vertex -0.084847174 -0.0090695678 0.027495369
  endloop
 endfacet
 facet normal 4.9361411e-05 0.25883576 0.96592135
  outer loop
   vertex -0.085739936 -0.0099130326 0.027721436
   vertex -0.084847174 -0.0090695678 0.027495369
   vertex -0.0857431 -0.0090697312 0.027495452
  endloop
 endfacet
 facet normal 3.3648496e-05 0.25881985 0.96592561
  outer loop
   vertex -0.083962225 -0.0099017743 0.027718342
   vertex -0.084841218 -0.0099128237 0.027721334
   vertex -0.084832153 -0.010797056 0.027958264
  endloop
 endfacet
 facet normal 3.3648496e-05 0.25881985 0.96592561
  outer loop
   vertex -0.083962225 -0.0099017743 0.027718342
   vertex -0.084832153 -0.010797056 0.027958264
   vertex -0.083949378 -0.010783508 0.027954652
  endloop
 endfacet
 facet normal -0.0033450681 0.25967126 0.96569128
  outer loop
   vertex -0.083138711 -0.0077647495 0.027143074
   vertex -0.083151064 -0.0090402977 0.027486022
   vertex -0.082410974 -0.0090478166 0.027490608
  endloop
 endfacet
 facet normal -0.0033450681 0.25967126 0.96569128
  outer loop
   vertex -0.083138711 -0.0077647495 0.027143074
   vertex -0.082410974 -0.0090478166 0.027490608
   vertex -0.082410952 -0.0081583842 0.027256717
  endloop
 endfacet
 facet normal -0.0033450681 0.25967126 0.96569128
  outer loop
   vertex -0.083138711 -0.0077647495 0.027143074
   vertex -0.082410952 -0.0081583842 0.027256717
   vertex -0.082411477 -0.0077514584 0.027142161
  endloop
 endfacet
 facet normal -0.0047589915 0.2591407 0.96582786
  outer loop
   vertex -0.082410975 -0.0071187407 0.02697333
   vertex -0.083155202 -0.0070386283 0.026948168
   vertex -0.083138711 -0.0077647495 0.027143074
  endloop
 endfacet
 facet normal -0.0047589915 0.2591407 0.96582786
  outer loop
   vertex -0.082410975 -0.0071187407 0.02697333
   vertex -0.083138711 -0.0077647495 0.027143074
   vertex -0.082411477 -0.0077514584 0.027142161
  endloop
 endfacet
 facet normal -0.99999463 -0.0022019086 -0.0024290634
  outer loop
   vertex -0.082412029 -0.0090020416 0.028464865
   vertex -0.08241389 -0.0080882299 0.028402669
   vertex -0.082410952 -0.0081583842 0.027256717
  endloop
 endfacet
 facet normal -0.99999463 -0.0022019086 -0.0024290634
  outer loop
   vertex -0.082412029 -0.0090020416 0.028464865
   vertex -0.082410952 -0.0081583842 0.027256717
   vertex -0.082410974 -0.0090478166 0.027490608
  endloop
 endfacet
 facet normal 0.0022073231 0.25909764 0.96584861
  outer loop
   vertex -0.083966695 -0.007032209 0.026948456
   vertex -0.083961637 -0.0077787949 0.027148723
   vertex -0.083138711 -0.0077647495 0.027143074
  endloop
 endfacet
 facet normal 0.0022073231 0.25909764 0.96584861
  outer loop
   vertex -0.083966695 -0.007032209 0.026948456
   vertex -0.083138711 -0.0077647495 0.027143074
   vertex -0.083155202 -0.0070386283 0.026948168
  endloop
 endfacet
 facet normal 0.00028520929 0.25913512 0.96584104
  outer loop
   vertex -0.083131562 -0.010747513 0.027945009
   vertex -0.083148878 -0.0098812296 0.02771259
   vertex -0.083962225 -0.0099017743 0.027718342
  endloop
 endfacet
 facet normal 0.00028520929 0.25913512 0.96584104
  outer loop
   vertex -0.083131562 -0.010747513 0.027945009
   vertex -0.083962225 -0.0099017743 0.027718342
   vertex -0.083949378 -0.010783508 0.027954652
  endloop
 endfacet
 facet normal -0.0033665667 0.25785228 0.96617849
  outer loop
   vertex -0.082410976 -0.0098737276 0.027711026
   vertex -0.082410974 -0.0090478166 0.027490608
   vertex -0.083151064 -0.0090402977 0.027486022
  endloop
 endfacet
 facet normal -0.0033665667 0.25785228 0.96617849
  outer loop
   vertex -0.082410976 -0.0098737276 0.027711026
   vertex -0.083151064 -0.0090402977 0.027486022
   vertex -0.083148878 -0.0098812296 0.02771259
  endloop
 endfacet
 facet normal -0.99999939 -0.00028323757 -0.0010692781
  outer loop
   vertex -0.082412029 -0.0090020416 0.028464865
   vertex -0.082410974 -0.0090478166 0.027490608
   vertex -0.082410976 -0.0098737276 0.027711026
  endloop
 endfacet
 facet normal -0.99999939 -0.00028323757 -0.0010692781
  outer loop
   vertex -0.082412029 -0.0090020416 0.028464865
   vertex -0.082410976 -0.0098737276 0.027711026
   vertex -0.082411415 -0.0098961826 0.028553912
  endloop
 endfacet
 facet normal 8.2525645e-05 0.25907535 0.96585711
  outer loop
   vertex -0.086649796 -0.0090625838 0.027493394
   vertex -0.08664741 -0.0099027608 0.027718758
   vertex -0.085739936 -0.0099130326 0.027721436
  endloop
 endfacet
 facet normal 8.2525645e-05 0.25907535 0.96585711
  outer loop
   vertex -0.086649796 -0.0090625838 0.027493394
   vertex -0.085739936 -0.0099130326 0.027721436
   vertex -0.0857431 -0.0090697312 0.027495452
  endloop
 endfacet
 facet normal 0.00021972389 0.2588062 0.96592924
  outer loop
   vertex -0.087523595 -0.0098837721 0.027713881
   vertex -0.087505545 -0.01074606 0.027944914
   vertex -0.086634166 -0.010783389 0.027954718
  endloop
 endfacet
 facet normal 0.00021972389 0.2588062 0.96592924
  outer loop
   vertex -0.087523595 -0.0098837721 0.027713881
   vertex -0.086634166 -0.010783389 0.027954718
   vertex -0.08664741 -0.0099027608 0.027718758
  endloop
 endfacet
 facet normal 0.00018978129 0.25874222 0.96594639
  outer loop
   vertex -0.087534565 -0.0070516933 0.026954547
   vertex -0.08840744 -0.0071189036 0.026972722
   vertex -0.088406876 -0.0077514584 0.02714216
  endloop
 endfacet
 facet normal 0.00018978129 0.25874222 0.96594639
  outer loop
   vertex -0.087534565 -0.0070516933 0.026954547
   vertex -0.088406876 -0.0077514584 0.02714216
   vertex -0.087557157 -0.0077688392 0.027146317
  endloop
 endfacet
 facet normal -0.00035823434 0.25879491 0.96593223
  outer loop
   vertex -0.088410688 -0.010654279 0.027919988
   vertex -0.087505545 -0.01074606 0.027944914
   vertex -0.087523595 -0.0098837721 0.027713881
  endloop
 endfacet
 facet normal -0.00035823434 0.25879491 0.96593223
  outer loop
   vertex -0.088410688 -0.010654279 0.027919988
   vertex -0.087523595 -0.0098837721 0.027713881
   vertex -0.08841009 -0.0098737685 0.027710873
  endloop
 endfacet
 facet normal 0.79789173 0.60250791 -0.018788579
  outer loop
   vertex -0.088411369 -0.0062953822 0.044670589
   vertex -0.088410245 -0.0063246375 0.043780186
   vertex -0.089410973 -0.0050000495 0.04375901
  endloop
 endfacet
 facet normal 0.79789173 0.60250791 -0.018788579
  outer loop
   vertex -0.088411369 -0.0062953822 0.044670589
   vertex -0.089410973 -0.0050000495 0.04375901
   vertex -0.089410968 -0.0050001165 0.044644458
  endloop
 endfacet
 facet normal 0.00027071361 0.96627092 -0.25752754
  outer loop
   vertex -0.087542469 -0.0072675014 0.044704515
   vertex -0.08756518 -0.007599808 0.043457641
   vertex -0.088398432 -0.0076028708 0.043445273
  endloop
 endfacet
 facet normal 0.00027071361 0.96627092 -0.25752754
  outer loop
   vertex -0.087542469 -0.0072675014 0.044704515
   vertex -0.088398432 -0.0076028708 0.043445273
   vertex -0.088410505 -0.0074793428 0.043847972
  endloop
 endfacet
 facet normal 0.00027071361 0.96627092 -0.25752754
  outer loop
   vertex -0.087542469 -0.0072675014 0.044704515
   vertex -0.088410505 -0.0074793428 0.043847972
   vertex -0.088410478 -0.0072466887 0.044733113
  endloop
 endfacet
 facet normal -0.00025149775 0.96594396 -0.25875122
  outer loop
   vertex -0.085749338 -0.0072641298 0.044708636
   vertex -0.086660745 -0.0072644293 0.044708404
   vertex -0.086663856 -0.0070620757 0.045463813
  endloop
 endfacet
 facet normal -0.00025149775 0.96594396 -0.25875122
  outer loop
   vertex -0.085749338 -0.0072641298 0.044708636
   vertex -0.086663856 -0.0070620757 0.045463813
   vertex -0.085750705 -0.0070618822 0.045463699
  endloop
 endfacet
 facet normal -0.0015229553 0.96599428 -0.25855893
  outer loop
   vertex -0.087554741 -0.0068694189 0.04618884
   vertex -0.086663613 -0.0068648901 0.046200511
   vertex -0.086663856 -0.0070620757 0.045463813
  endloop
 endfacet
 facet normal -0.0015229553 0.96599428 -0.25855893
  outer loop
   vertex -0.087554741 -0.0068694189 0.04618884
   vertex -0.086663856 -0.0070620757 0.045463813
   vertex -0.087539333 -0.0070609344 0.045471084
  endloop
 endfacet
 facet normal -0.0044202758 0.96644647 -0.25683006
  outer loop
   vertex -0.087554741 -0.0068694189 0.04618884
   vertex -0.087528183 -0.0065408372 0.047424829
   vertex -0.086645136 -0.0065360096 0.047427797
  endloop
 endfacet
 facet normal -0.0044202758 0.96644647 -0.25683006
  outer loop
   vertex -0.087554741 -0.0068694189 0.04618884
   vertex -0.086645136 -0.0065360096 0.047427797
   vertex -0.086663613 -0.0068648901 0.046200511
  endloop
 endfacet
 facet normal -0.00090207655 0.96555837 -0.26018497
  outer loop
   vertex -0.087542469 -0.0072675014 0.044704515
   vertex -0.087539333 -0.0070609344 0.045471084
   vertex -0.086663856 -0.0070620757 0.045463813
  endloop
 endfacet
 facet normal -0.00090207655 0.96555837 -0.26018497
  outer loop
   vertex -0.087542469 -0.0072675014 0.044704515
   vertex -0.086663856 -0.0070620757 0.045463813
   vertex -0.086660745 -0.0072644293 0.044708404
  endloop
 endfacet
 facet normal 0.79125292 0.61108468 0.022233405
  outer loop
   vertex -0.088424335 -0.0063107075 0.045553234
   vertex -0.088411369 -0.0062953822 0.044670589
   vertex -0.089410968 -0.0050001165 0.044644458
  endloop
 endfacet
 facet normal 0.79125292 0.61108468 0.022233405
  outer loop
   vertex -0.088424335 -0.0063107075 0.045553234
   vertex -0.089410968 -0.0050001165 0.044644458
   vertex -0.089410948 -0.0050004194 0.045561018
  endloop
 endfacet
 facet normal 0.0072293004 0.91367426 -0.40638292
  outer loop
   vertex -0.087554741 -0.0068694189 0.04618884
   vertex -0.088367977 -0.0068731638 0.046165953
   vertex -0.088408943 -0.0067053577 0.046542504
  endloop
 endfacet
 facet normal 0.0072293004 0.91367426 -0.40638292
  outer loop
   vertex -0.087554741 -0.0068694189 0.04618884
   vertex -0.088408943 -0.0067053577 0.046542504
   vertex -0.088409818 -0.0064977876 0.047434484
  endloop
 endfacet
 facet normal 0.0072293004 0.91367426 -0.40638292
  outer loop
   vertex -0.087554741 -0.0068694189 0.04618884
   vertex -0.088409818 -0.0064977876 0.047434484
   vertex -0.087528183 -0.0065408372 0.047424829
  endloop
 endfacet
 facet normal 0.0026856895 0.96620763 -0.25775104
  outer loop
   vertex -0.087554741 -0.0068694189 0.04618884
   vertex -0.087539333 -0.0070609344 0.045471084
   vertex -0.088386932 -0.0070423332 0.045531981
  endloop
 endfacet
 facet normal 0.0026856895 0.96620763 -0.25775104
  outer loop
   vertex -0.087554741 -0.0068694189 0.04618884
   vertex -0.088386932 -0.0070423332 0.045531981
   vertex -0.088367977 -0.0068731638 0.046165953
  endloop
 endfacet
 facet normal 0.0150464 0.96858819 -0.24821469
  outer loop
   vertex -0.087542469 -0.0072675014 0.044704515
   vertex -0.088410478 -0.0072466887 0.044733113
   vertex -0.088386932 -0.0070423332 0.045531981
  endloop
 endfacet
 facet normal 0.0150464 0.96858819 -0.24821469
  outer loop
   vertex -0.087542469 -0.0072675014 0.044704515
   vertex -0.088386932 -0.0070423332 0.045531981
   vertex -0.087539333 -0.0070609344 0.045471084
  endloop
 endfacet
 facet normal 0.00028454861 0.96603748 -0.25840182
  outer loop
   vertex -0.088405625 -0.007772472 0.04281121
   vertex -0.088398432 -0.0076028708 0.043445273
   vertex -0.08756518 -0.007599808 0.043457641
  endloop
 endfacet
 facet normal 0.00028454861 0.96603748 -0.25840182
  outer loop
   vertex -0.088405625 -0.007772472 0.04281121
   vertex -0.08756518 -0.007599808 0.043457641
   vertex -0.087548101 -0.007789135 0.042748949
  endloop
 endfacet
 facet normal 0.9999998 0.00059186824 0.00023839017
  outer loop
   vertex -0.088410154 -0.0099407863 0.030367355
   vertex -0.088410706 -0.0089987887 0.030341702
   vertex -0.088410928 -0.008990471 0.031254005
  endloop
 endfacet
 facet normal 0.9999998 0.00059186824 0.00023839017
  outer loop
   vertex -0.088410154 -0.0099407863 0.030367355
   vertex -0.088410928 -0.008990471 0.031254005
   vertex -0.088410759 -0.0098909454 0.031270599
  endloop
 endfacet
 facet normal 1 6.3691493e-05 6.0456352e-05
  outer loop
   vertex -0.088410764 -0.0080635838 0.030329344
   vertex -0.088410706 -0.0089987887 0.030341702
   vertex -0.08841065 -0.0089880471 0.02941223
  endloop
 endfacet
 facet normal 1 6.3691493e-05 6.0456352e-05
  outer loop
   vertex -0.088410764 -0.0080635838 0.030329344
   vertex -0.08841065 -0.0089880471 0.02941223
   vertex -0.088410394 -0.0080646198 0.029393222
  endloop
 endfacet
 facet normal 0.99999997 6.6106196e-05 0.00024318375
  outer loop
   vertex -0.088410928 -0.008990471 0.031254005
   vertex -0.088410706 -0.0089987887 0.030341702
   vertex -0.088410764 -0.0080635838 0.030329344
  endloop
 endfacet
 facet normal 0.99999997 6.6106196e-05 0.00024318375
  outer loop
   vertex -0.088410928 -0.008990471 0.031254005
   vertex -0.088410764 -0.0080635838 0.030329344
   vertex -0.088410958 -0.0080611214 0.031244257
  endloop
 endfacet
 facet normal 0.99999983 0.00058718747 6.6506235e-05
  outer loop
   vertex -0.08841065 -0.0089880471 0.02941223
   vertex -0.088410706 -0.0089987887 0.030341702
   vertex -0.088410154 -0.0099407863 0.030367355
  endloop
 endfacet
 facet normal 0.99999983 0.00058718747 6.6506235e-05
  outer loop
   vertex -0.08841065 -0.0089880471 0.02941223
   vertex -0.088410154 -0.0099407863 0.030367355
   vertex -0.088411183 -0.0098988752 0.029448424
  endloop
 endfacet
 facet normal 0.99999987 -0.00034382243 -0.0003843796
  outer loop
   vertex -0.088410959 -0.0089913682 0.033050605
   vertex -0.088410626 -0.0090333581 0.033954285
   vertex -0.088410977 -0.010127771 0.03402029
  endloop
 endfacet
 facet normal 0.99999987 -0.00034382243 -0.0003843796
  outer loop
   vertex -0.088410959 -0.0089913682 0.033050605
   vertex -0.088410977 -0.010127771 0.03402029
   vertex -0.088411022 -0.0098147445 0.033031772
  endloop
 endfacet
 facet normal -1.8903262e-05 0.96592659 -0.25881618
  outer loop
   vertex -0.087543885 -0.010635392 0.032126621
   vertex -0.088410855 -0.010620872 0.032180875
   vertex -0.08841092 -0.010407271 0.032978053
  endloop
 endfacet
 facet normal -1.8903262e-05 0.96592659 -0.25881618
  outer loop
   vertex -0.087543885 -0.010635392 0.032126621
   vertex -0.08841092 -0.010407271 0.032978053
   vertex -0.087553878 -0.010423647 0.032916837
  endloop
 endfacet
 facet normal -2.8967938e-05 0.96593287 -0.25879276
  outer loop
   vertex -0.08757111 -0.010234447 0.033623019
   vertex -0.087553878 -0.010423647 0.032916837
   vertex -0.08841092 -0.010407271 0.032978053
  endloop
 endfacet
 facet normal -2.8967938e-05 0.96593287 -0.25879276
  outer loop
   vertex -0.08757111 -0.010234447 0.033623019
   vertex -0.08841092 -0.010407271 0.032978053
   vertex -0.088410871 -0.010237396 0.033612043
  endloop
 endfacet
 facet normal 0.9999991 0.00019903551 -0.001325114
  outer loop
   vertex -0.088409446 -0.0090089284 0.034848081
   vertex -0.088410626 -0.0090333581 0.033954285
   vertex -0.088410826 -0.0080930563 0.033944673
  endloop
 endfacet
 facet normal 0.9999991 0.00019903551 -0.001325114
  outer loop
   vertex -0.088409446 -0.0090089284 0.034848081
   vertex -0.088410826 -0.0080930563 0.033944673
   vertex -0.088410349 -0.0081087327 0.034842372
  endloop
 endfacet
 facet normal -0.00058069556 0.96593875 -0.25877016
  outer loop
   vertex -0.087545847 -0.0099005397 0.034871451
   vertex -0.086663886 -0.009898815 0.03487591
   vertex -0.086677718 -0.010231463 0.033634229
  endloop
 endfacet
 facet normal -0.00058069556 0.96593875 -0.25877016
  outer loop
   vertex -0.087545847 -0.0099005397 0.034871451
   vertex -0.086677718 -0.010231463 0.033634229
   vertex -0.08757111 -0.010234447 0.033623019
  endloop
 endfacet
 facet normal 0.99999999 -7.7101089e-06 -0.00014104332
  outer loop
   vertex -0.088410959 -0.0089913682 0.033050605
   vertex -0.088410952 -0.0080712494 0.03304545
   vertex -0.088410826 -0.0080930563 0.033944673
  endloop
 endfacet
 facet normal 0.99999999 -7.7101089e-06 -0.00014104332
  outer loop
   vertex -0.088410959 -0.0089913682 0.033050605
   vertex -0.088410826 -0.0080930563 0.033944673
   vertex -0.088410626 -0.0090333581 0.033954285
  endloop
 endfacet
 facet normal 0.99999906 -0.000399572 -0.0013087525
  outer loop
   vertex -0.088410977 -0.010127771 0.03402029
   vertex -0.088410626 -0.0090333581 0.033954285
   vertex -0.088409446 -0.0090089284 0.034848081
  endloop
 endfacet
 facet normal 0.99999906 -0.000399572 -0.0013087525
  outer loop
   vertex -0.088410977 -0.010127771 0.03402029
   vertex -0.088409446 -0.0090089284 0.034848081
   vertex -0.088410956 -0.0098900906 0.034904528
  endloop
 endfacet
 facet normal 0.0017391886 0.96571931 -0.25958272
  outer loop
   vertex -0.088410977 -0.010127771 0.03402029
   vertex -0.088410956 -0.0098900906 0.034904528
   vertex -0.087545847 -0.0099005397 0.034871451
  endloop
 endfacet
 facet normal 0.0017391886 0.96571931 -0.25958272
  outer loop
   vertex -0.088410977 -0.010127771 0.03402029
   vertex -0.087545847 -0.0099005397 0.034871451
   vertex -0.08757111 -0.010234447 0.033623019
  endloop
 endfacet
 facet normal 0.0017391886 0.96571931 -0.25958272
  outer loop
   vertex -0.088410977 -0.010127771 0.03402029
   vertex -0.08757111 -0.010234447 0.033623019
   vertex -0.088410871 -0.010237396 0.033612043
  endloop
 endfacet
 facet normal 3.3341419e-05 0.96592354 -0.25882756
  outer loop
   vertex -0.087543885 -0.010635392 0.032126621
   vertex -0.087553878 -0.010423647 0.032916837
   vertex -0.086674719 -0.010425604 0.032909646
  endloop
 endfacet
 facet normal 3.3341419e-05 0.96592354 -0.25882756
  outer loop
   vertex -0.087543885 -0.010635392 0.032126621
   vertex -0.086674719 -0.010425604 0.032909646
   vertex -0.086667181 -0.010639186 0.032112543
  endloop
 endfacet
 facet normal 6.4147595e-07 0.96592743 -0.25881306
  outer loop
   vertex -0.085754045 -0.010231015 0.033635881
   vertex -0.085753666 -0.010425668 0.032909408
   vertex -0.086674719 -0.010425604 0.032909646
  endloop
 endfacet
 facet normal 6.4147595e-07 0.96592743 -0.25881306
  outer loop
   vertex -0.085754045 -0.010231015 0.033635881
   vertex -0.086674719 -0.010425604 0.032909646
   vertex -0.086677718 -0.010231463 0.033634229
  endloop
 endfacet
 facet normal 2.1733792e-05 0.9659295 -0.25880532
  outer loop
   vertex -0.08757111 -0.010234447 0.033623019
   vertex -0.086677718 -0.010231463 0.033634229
   vertex -0.086674719 -0.010425604 0.032909646
  endloop
 endfacet
 facet normal 2.1733792e-05 0.9659295 -0.25880532
  outer loop
   vertex -0.08757111 -0.010234447 0.033623019
   vertex -0.086674719 -0.010425604 0.032909646
   vertex -0.087553878 -0.010423647 0.032916837
  endloop
 endfacet
 facet normal 0.00013873644 0.96594864 -0.25873385
  outer loop
   vertex -0.08753891 -0.0080011609 0.041957895
   vertex -0.088408629 -0.0079860043 0.042014014
   vertex -0.088405625 -0.007772472 0.04281121
  endloop
 endfacet
 facet normal 0.00013873644 0.96594864 -0.25873385
  outer loop
   vertex -0.08753891 -0.0080011609 0.041957895
   vertex -0.088405625 -0.007772472 0.04281121
   vertex -0.087548101 -0.007789135 0.042748949
  endloop
 endfacet
 facet normal -0.00025100389 0.96590848 -0.25888365
  outer loop
   vertex -0.08665696 -0.0082166725 0.041154413
   vertex -0.085747256 -0.0082166307 0.041153686
   vertex -0.085751547 -0.0085482215 0.039916508
  endloop
 endfacet
 facet normal -0.00025100389 0.96590848 -0.25888365
  outer loop
   vertex -0.08665696 -0.0082166725 0.041154413
   vertex -0.085751547 -0.0085482215 0.039916508
   vertex -0.086670291 -0.0085488786 0.039914715
  endloop
 endfacet
 facet normal -6.1027027e-05 0.96597453 -0.25863721
  outer loop
   vertex -0.085751116 -0.0087446129 0.039183457
   vertex -0.086666978 -0.0087445027 0.039184085
   vertex -0.086670291 -0.0085488786 0.039914715
  endloop
 endfacet
 facet normal -6.1027027e-05 0.96597453 -0.25863721
  outer loop
   vertex -0.085751116 -0.0087446129 0.039183457
   vertex -0.086670291 -0.0085488786 0.039914715
   vertex -0.085751547 -0.0085482215 0.039916508
  endloop
 endfacet
 facet normal -0.0002293295 0.96621175 -0.25774948
  outer loop
   vertex -0.087543147 -0.0087419258 0.039191826
   vertex -0.087561024 -0.0085521591 0.03990321
   vertex -0.086670291 -0.0085488786 0.039914715
  endloop
 endfacet
 facet normal -0.0002293295 0.96621175 -0.25774948
  outer loop
   vertex -0.087543147 -0.0087419258 0.039191826
   vertex -0.086670291 -0.0085488786 0.039914715
   vertex -0.086666978 -0.0087445027 0.039184085
  endloop
 endfacet
 facet normal 0.9999964 -0.0025951165 0.00068649709
  outer loop
   vertex -0.088408215 -0.0081478089 0.037544684
   vertex -0.088410887 -0.0091551583 0.037629594
   vertex -0.088410892 -0.0093918926 0.036740924
  endloop
 endfacet
 facet normal 0.9999964 -0.0025951165 0.00068649709
  outer loop
   vertex -0.088408215 -0.0081478089 0.037544684
   vertex -0.088410892 -0.0093918926 0.036740924
   vertex -0.088407647 -0.0081928879 0.036649794
  endloop
 endfacet
 facet normal -0.00024494469 0.96593129 -0.25879854
  outer loop
   vertex -0.085750081 -0.0094990873 0.036367845
   vertex -0.086666962 -0.0095000622 0.036365074
   vertex -0.086651595 -0.0091698899 0.037597384
  endloop
 endfacet
 facet normal -0.00024494469 0.96593129 -0.25879854
  outer loop
   vertex -0.085750081 -0.0094990873 0.036367845
   vertex -0.086651595 -0.0091698899 0.037597384
   vertex -0.08574526 -0.0091697083 0.037596856
  endloop
 endfacet
 facet normal -9.9690731e-05 0.9649596 -0.26239849
  outer loop
   vertex -0.087531986 -0.0091737918 0.037593945
   vertex -0.08753252 -0.0089544304 0.038400638
   vertex -0.086658748 -0.0089586652 0.038384733
  endloop
 endfacet
 facet normal -9.9690731e-05 0.9649596 -0.26239849
  outer loop
   vertex -0.087531986 -0.0091737918 0.037593945
   vertex -0.086658748 -0.0089586652 0.038384733
   vertex -0.086651595 -0.0091698899 0.037597384
  endloop
 endfacet
 facet normal -7.282421e-05 0.96593598 -0.25878114
  outer loop
   vertex -0.085751116 -0.0087446129 0.039183457
   vertex -0.085748127 -0.0089594118 0.03838169
   vertex -0.086658748 -0.0089586652 0.038384733
  endloop
 endfacet
 facet normal -7.282421e-05 0.96593598 -0.25878114
  outer loop
   vertex -0.085751116 -0.0087446129 0.039183457
   vertex -0.086658748 -0.0089586652 0.038384733
   vertex -0.086666978 -0.0087445027 0.039184085
  endloop
 endfacet
 facet normal 0.00055456044 0.9659341 -0.25878757
  outer loop
   vertex -0.087543147 -0.0087419258 0.039191826
   vertex -0.086666978 -0.0087445027 0.039184085
   vertex -0.086658748 -0.0089586652 0.038384733
  endloop
 endfacet
 facet normal 0.00055456044 0.9659341 -0.25878757
  outer loop
   vertex -0.087543147 -0.0087419258 0.039191826
   vertex -0.086658748 -0.0089586652 0.038384733
   vertex -0.08753252 -0.0089544304 0.038400638
  endloop
 endfacet
 facet normal -0.00034452778 0.9658467 -0.25911394
  outer loop
   vertex -0.08574526 -0.0091697083 0.037596856
   vertex -0.086651595 -0.0091698899 0.037597384
   vertex -0.086658748 -0.0089586652 0.038384733
  endloop
 endfacet
 facet normal -0.00034452778 0.9658467 -0.25911394
  outer loop
   vertex -0.08574526 -0.0091697083 0.037596856
   vertex -0.086658748 -0.0089586652 0.038384733
   vertex -0.085748127 -0.0089594118 0.03838169
  endloop
 endfacet
 facet normal 0.99999542 -0.0027582252 -0.0012486065
  outer loop
   vertex -0.088409255 -0.0089387024 0.038458619
   vertex -0.088410887 -0.0091551583 0.037629594
   vertex -0.088408215 -0.0081478089 0.037544684
  endloop
 endfacet
 facet normal 0.99999542 -0.0027582252 -0.0012486065
  outer loop
   vertex -0.088409255 -0.0089387024 0.038458619
   vertex -0.088408215 -0.0081478089 0.037544684
   vertex -0.088411088 -0.0080908715 0.038427734
  endloop
 endfacet
 facet normal 1.7391837e-05 -0.9659246 0.25882361
  outer loop
   vertex -0.086651551 0.0011319085 0.037405899
   vertex -0.085747477 0.0011318185 0.037405502
   vertex -0.085746648 0.0014593913 0.038627998
  endloop
 endfacet
 facet normal 1.7391837e-05 -0.9659246 0.25882361
  outer loop
   vertex -0.086651551 0.0011319085 0.037405899
   vertex -0.085746648 0.0014593913 0.038627998
   vertex -0.086648433 0.0014594639 0.038628222
  endloop
 endfacet
 facet normal -1.0100604e-05 -0.96592708 0.25881437
  outer loop
   vertex -0.085746302 0.0016580016 0.039369224
   vertex -0.086647383 0.0016585469 0.039371224
   vertex -0.086648433 0.0014594639 0.038628222
  endloop
 endfacet
 facet normal -1.0100604e-05 -0.96592708 0.25881437
  outer loop
   vertex -0.085746302 0.0016580016 0.039369224
   vertex -0.086648433 0.0014594639 0.038628222
   vertex -0.085746648 0.0014593913 0.038627998
  endloop
 endfacet
 facet normal -4.1448466e-05 -0.96593012 0.25880301
  outer loop
   vertex -0.087554163 0.001659403 0.03937431
   vertex -0.087556009 0.0014583897 0.038624068
   vertex -0.086648433 0.0014594639 0.038628222
  endloop
 endfacet
 facet normal -4.1448466e-05 -0.96593012 0.25880301
  outer loop
   vertex -0.087554163 0.001659403 0.03937431
   vertex -0.086648433 0.0014594639 0.038628222
   vertex -0.086647383 0.0016585469 0.039371224
  endloop
 endfacet
 facet normal -9.8861629e-07 -0.96592548 0.25882034
  outer loop
   vertex -0.087557294 0.00092327965 0.036627201
   vertex -0.088410895 0.00092704765 0.03664126
   vertex -0.088410953 0.00070866346 0.035826243
  endloop
 endfacet
 facet normal -9.8861629e-07 -0.96592548 0.25882034
  outer loop
   vertex -0.087557294 0.00092327965 0.036627201
   vertex -0.088410953 0.00070866346 0.035826243
   vertex -0.087551206 0.00070770758 0.035822662
  endloop
 endfacet
 facet normal -0.9927142 0.11649251 -0.030789876
  outer loop
   vertex -0.082410851 -0.0072422365 0.04473192
   vertex -0.082410776 -0.0074755064 0.043846944
   vertex -0.082413273 -0.0076029421 0.043445293
  endloop
 endfacet
 facet normal -0.9927142 0.11649251 -0.030789876
  outer loop
   vertex -0.082410851 -0.0072422365 0.04473192
   vertex -0.082413273 -0.0076029421 0.043445293
   vertex -0.083127705 -0.0076024233 0.043458265
  endloop
 endfacet
 facet normal -0.9927142 0.11649251 -0.030789876
  outer loop
   vertex -0.082410851 -0.0072422365 0.04473192
   vertex -0.083127705 -0.0076024233 0.043458265
   vertex -0.083150181 -0.0072702186 0.044705542
  endloop
 endfacet
 facet normal -0.80017485 0.59918689 0.02636807
  outer loop
   vertex -0.082413702 -0.0063009738 0.042887404
   vertex -0.082415896 -0.0063436122 0.043789718
   vertex -0.081410188 -0.0050000812 0.043778972
  endloop
 endfacet
 facet normal -0.80017485 0.59918689 0.02636807
  outer loop
   vertex -0.082413702 -0.0063009738 0.042887404
   vertex -0.081410188 -0.0050000812 0.043778972
   vertex -0.081410584 -0.0050000345 0.042869667
  endloop
 endfacet
 facet normal 0.0052432135 0.96632274 -0.25727975
  outer loop
   vertex -0.083969316 -0.0072648247 0.044709107
   vertex -0.083150181 -0.0072702186 0.044705542
   vertex -0.083127705 -0.0076024233 0.043458265
  endloop
 endfacet
 facet normal 0.0052432135 0.96632274 -0.25727975
  outer loop
   vertex -0.083969316 -0.0072648247 0.044709107
   vertex -0.083127705 -0.0076024233 0.043458265
   vertex -0.083953308 -0.0075968909 0.04346937
  endloop
 endfacet
 facet normal 0.0017680895 0.96601238 -0.25848977
  outer loop
   vertex -0.083139623 -0.0077905521 0.042751197
   vertex -0.083954959 -0.0077915176 0.042742012
   vertex -0.083953308 -0.0075968909 0.04346937
  endloop
 endfacet
 facet normal 0.0017680895 0.96601238 -0.25848977
  outer loop
   vertex -0.083139623 -0.0077905521 0.042751197
   vertex -0.083953308 -0.0075968909 0.04346937
   vertex -0.083127705 -0.0076024233 0.043458265
  endloop
 endfacet
 facet normal -0.99999985 0.00053913255 0.00012773984
  outer loop
   vertex -0.082411041 -0.0090116848 0.032158595
   vertex -0.082411161 -0.0090194889 0.031255834
   vertex -0.082411645 -0.0099227304 0.03127683
  endloop
 endfacet
 facet normal -0.99999985 0.00053913255 0.00012773984
  outer loop
   vertex -0.082411041 -0.0090116848 0.032158595
   vertex -0.082411645 -0.0099227304 0.03127683
   vertex -0.082411132 -0.009863353 0.032166623
  endloop
 endfacet
 facet normal -0.99999973 -0.00071557749 0.00017484067
  outer loop
   vertex -0.082410961 -0.0110773 0.030464047
   vertex -0.082410974 -0.010841803 0.031353049
   vertex -0.082411645 -0.0099227304 0.03127683
  endloop
 endfacet
 facet normal -0.99999973 -0.00071557749 0.00017484067
  outer loop
   vertex -0.082410961 -0.0110773 0.030464047
   vertex -0.082411645 -0.0099227304 0.03127683
   vertex -0.082412466 -0.009971165 0.030366126
  endloop
 endfacet
 facet normal -0.99999894 0.0011910596 0.00083807542
  outer loop
   vertex -0.082411365 -0.0090252513 0.030335894
   vertex -0.082412466 -0.009971165 0.030366126
   vertex -0.082411645 -0.0099227304 0.03127683
  endloop
 endfacet
 facet normal -0.99999894 0.0011910596 0.00083807542
  outer loop
   vertex -0.082411365 -0.0090252513 0.030335894
   vertex -0.082411645 -0.0099227304 0.03127683
   vertex -0.082411161 -0.0090194889 0.031255834
  endloop
 endfacet
 facet normal -0.99999966 -9.1303035e-05 0.00081978643
  outer loop
   vertex -0.082411114 -0.0071448402 0.030319871
   vertex -0.082411881 -0.0071470809 0.029384318
   vertex -0.082411804 -0.0080837282 0.029373976
  endloop
 endfacet
 facet normal -0.99999966 -9.1303035e-05 0.00081978643
  outer loop
   vertex -0.082411114 -0.0071448402 0.030319871
   vertex -0.082411804 -0.0080837282 0.029373976
   vertex -0.082411181 -0.008084682 0.030320809
  endloop
 endfacet
 facet normal -0.99999973 -0.000376877 0.00062818983
  outer loop
   vertex -0.082412029 -0.0090020416 0.028464865
   vertex -0.082411441 -0.0090122201 0.029394586
   vertex -0.082411804 -0.0080837282 0.029373976
  endloop
 endfacet
 facet normal -0.99999973 -0.000376877 0.00062818983
  outer loop
   vertex -0.082412029 -0.0090020416 0.028464865
   vertex -0.082411804 -0.0080837282 0.029373976
   vertex -0.08241389 -0.0080882299 0.028402669
  endloop
 endfacet
 facet normal -0.99999976 0.00020563228 0.00065769972
  outer loop
   vertex -0.082411365 -0.0090252513 0.030335894
   vertex -0.082411181 -0.008084682 0.030320809
   vertex -0.082411804 -0.0080837282 0.029373976
  endloop
 endfacet
 facet normal -0.99999976 0.00020563228 0.00065769972
  outer loop
   vertex -0.082411365 -0.0090252513 0.030335894
   vertex -0.082411804 -0.0080837282 0.029373976
   vertex -0.082411441 -0.0090122201 0.029394586
  endloop
 endfacet
 facet normal -1 3.9385957e-05 5.0872749e-05
  outer loop
   vertex -0.082411041 -0.0090116848 0.032158595
   vertex -0.082411005 -0.0080865888 0.032149431
   vertex -0.082411051 -0.0080842033 0.031242943
  endloop
 endfacet
 facet normal -1 3.9385957e-05 5.0872749e-05
  outer loop
   vertex -0.082411041 -0.0090116848 0.032158595
   vertex -0.082411051 -0.0080842033 0.031242943
   vertex -0.082411161 -0.0090194889 0.031255834
  endloop
 endfacet
 facet normal -0.99999999 7.1612934e-05 0.00014082407
  outer loop
   vertex -0.082411114 -0.0071448402 0.030319871
   vertex -0.082411181 -0.008084682 0.030320809
   vertex -0.082411051 -0.0080842033 0.031242943
  endloop
 endfacet
 facet normal -0.99999999 7.1612934e-05 0.00014082407
  outer loop
   vertex -0.082411114 -0.0071448402 0.030319871
   vertex -0.082411051 -0.0080842033 0.031242943
   vertex -0.082410976 -0.0071444809 0.031237653
  endloop
 endfacet
 facet normal -0.99999997 0.0001200934 0.0002209026
  outer loop
   vertex -0.082411365 -0.0090252513 0.030335894
   vertex -0.082411161 -0.0090194889 0.031255834
   vertex -0.082411051 -0.0080842033 0.031242943
  endloop
 endfacet
 facet normal -0.99999997 0.0001200934 0.0002209026
  outer loop
   vertex -0.082411365 -0.0090252513 0.030335894
   vertex -0.082411051 -0.0080842033 0.031242943
   vertex -0.082411181 -0.008084682 0.030320809
  endloop
 endfacet
 facet normal -0.99999851 -0.0014442514 -0.00094498889
  outer loop
   vertex -0.082410961 -0.0110773 0.030464047
   vertex -0.082412466 -0.009971165 0.030366126
   vertex -0.082411645 -0.0099289645 0.029432735
  endloop
 endfacet
 facet normal -0.99999851 -0.0014442514 -0.00094498889
  outer loop
   vertex -0.082410961 -0.0110773 0.030464047
   vertex -0.082411645 -0.0099289645 0.029432735
   vertex -0.082412181 -0.010768795 0.029453933
  endloop
 endfacet
 facet normal -0.9999997 -0.00071522375 -0.00028838139
  outer loop
   vertex -0.082412029 -0.0090020416 0.028464865
   vertex -0.082411415 -0.0098961826 0.028553912
   vertex -0.082411645 -0.0099289645 0.029432735
  endloop
 endfacet
 facet normal -0.9999997 -0.00071522375 -0.00028838139
  outer loop
   vertex -0.082412029 -0.0090020416 0.028464865
   vertex -0.082411645 -0.0099289645 0.029432735
   vertex -0.082411441 -0.0090122201 0.029394586
  endloop
 endfacet
 facet normal -0.99999997 0.0002260634 8.4050394e-05
  outer loop
   vertex -0.082411365 -0.0090252513 0.030335894
   vertex -0.082411441 -0.0090122201 0.029394586
   vertex -0.082411645 -0.0099289645 0.029432735
  endloop
 endfacet
 facet normal -0.99999997 0.0002260634 8.4050394e-05
  outer loop
   vertex -0.082411365 -0.0090252513 0.030335894
   vertex -0.082411645 -0.0099289645 0.029432735
   vertex -0.082412466 -0.009971165 0.030366126
  endloop
 endfacet
 facet normal -0.99999999 0.00010660623 6.5088748e-05
  outer loop
   vertex -0.082411041 -0.0090116848 0.032158595
   vertex -0.082411132 -0.009863353 0.032166623
   vertex -0.082411074 -0.0098564323 0.03303994
  endloop
 endfacet
 facet normal -0.99999999 0.00010660623 6.5088748e-05
  outer loop
   vertex -0.082411041 -0.0090116848 0.032158595
   vertex -0.082411074 -0.0098564323 0.03303994
   vertex -0.082411069 -0.0090255519 0.033057064
  endloop
 endfacet
 facet normal 6.1943875e-05 0.96591763 -0.25884964
  outer loop
   vertex -0.083958708 -0.010639369 0.032112101
   vertex -0.083951088 -0.010425529 0.032910064
   vertex -0.083134638 -0.010423352 0.032918383
  endloop
 endfacet
 facet normal 6.1943875e-05 0.96591763 -0.25884964
  outer loop
   vertex -0.083958708 -0.010639369 0.032112101
   vertex -0.083134638 -0.010423352 0.032918383
   vertex -0.083144559 -0.01063611 0.032125074
  endloop
 endfacet
 facet normal -0.00012838489 0.96611157 -0.25812482
  outer loop
   vertex -0.082410994 -0.010237396 0.033612043
   vertex -0.083123006 -0.010234585 0.033622917
   vertex -0.083144304 -0.0099007421 0.034872438
  endloop
 endfacet
 facet normal -0.00012838489 0.96611157 -0.25812482
  outer loop
   vertex -0.082410994 -0.010237396 0.033612043
   vertex -0.083144304 -0.0099007421 0.034872438
   vertex -0.082410974 -0.0098901072 0.034904533
  endloop
 endfacet
 facet normal -0.00012838489 0.96611157 -0.25812482
  outer loop
   vertex -0.082410994 -0.010237396 0.033612043
   vertex -0.082410974 -0.0098901072 0.034904533
   vertex -0.082410975 -0.010127768 0.034020289
  endloop
 endfacet
 facet normal -0.99999999 -9.9601261e-05 7.3310448e-05
  outer loop
   vertex -0.082410994 -0.010237396 0.033612043
   vertex -0.082410975 -0.010127768 0.034020289
   vertex -0.082411074 -0.0098564323 0.03303994
  endloop
 endfacet
 facet normal -0.99999999 -9.9601261e-05 7.3310448e-05
  outer loop
   vertex -0.082410994 -0.010237396 0.033612043
   vertex -0.082411074 -0.0098564323 0.03303994
   vertex -0.082410977 -0.010407271 0.032978053
  endloop
 endfacet
 facet normal -0.00012354836 0.96592642 -0.25881679
  outer loop
   vertex -0.082410994 -0.010237396 0.033612043
   vertex -0.082410977 -0.010407271 0.032978053
   vertex -0.083134638 -0.010423352 0.032918383
  endloop
 endfacet
 facet normal -0.00012354836 0.96592642 -0.25881679
  outer loop
   vertex -0.082410994 -0.010237396 0.033612043
   vertex -0.083134638 -0.010423352 0.032918383
   vertex -0.083123006 -0.010234585 0.033622917
  endloop
 endfacet
 facet normal -0.9999999 1.4708541e-05 -0.00044741127
  outer loop
   vertex -0.082411476 -0.0090666883 0.033964065
   vertex -0.082411069 -0.0090255519 0.033057064
   vertex -0.082411074 -0.0098564323 0.03303994
  endloop
 endfacet
 facet normal -0.9999999 1.4708541e-05 -0.00044741127
  outer loop
   vertex -0.082411476 -0.0090666883 0.033964065
   vertex -0.082411074 -0.0098564323 0.03303994
   vertex -0.082410975 -0.010127768 0.034020289
  endloop
 endfacet
 facet normal 0.0010659938 0.96595138 -0.25872146
  outer loop
   vertex -0.083949139 -0.010231404 0.033634577
   vertex -0.083962804 -0.0098986753 0.034876782
   vertex -0.083144304 -0.0099007421 0.034872438
  endloop
 endfacet
 facet normal 0.0010659938 0.96595138 -0.25872146
  outer loop
   vertex -0.083949139 -0.010231404 0.033634577
   vertex -0.083144304 -0.0099007421 0.034872438
   vertex -0.083123006 -0.010234585 0.033622917
  endloop
 endfacet
 facet normal 6.6802964e-05 0.96592972 -0.25880451
  outer loop
   vertex -0.083949139 -0.010231404 0.033634577
   vertex -0.083123006 -0.010234585 0.033622917
   vertex -0.083134638 -0.010423352 0.032918383
  endloop
 endfacet
 facet normal 6.6802964e-05 0.96592972 -0.25880451
  outer loop
   vertex -0.083949139 -0.010231404 0.033634577
   vertex -0.083134638 -0.010423352 0.032918383
   vertex -0.083951088 -0.010425529 0.032910064
  endloop
 endfacet
 facet normal -0.99999967 0.00010850634 -0.00080952436
  outer loop
   vertex -0.0824111 -0.0071691273 0.033941734
   vertex -0.082411212 -0.0081234963 0.033952348
   vertex -0.082411943 -0.008142064 0.034852783
  endloop
 endfacet
 facet normal -0.99999967 0.00010850634 -0.00080952436
  outer loop
   vertex -0.0824111 -0.0071691273 0.033941734
   vertex -0.082411943 -0.008142064 0.034852783
   vertex -0.082411352 -0.0071853449 0.034840432
  endloop
 endfacet
 facet normal -0.99997263 0.0070748757 -0.0021643101
  outer loop
   vertex -0.082420361 -0.0090566791 0.035752361
   vertex -0.082414132 -0.0081750478 0.035756313
   vertex -0.082411943 -0.008142064 0.034852783
  endloop
 endfacet
 facet normal -0.99997263 0.0070748757 -0.0021643101
  outer loop
   vertex -0.082420361 -0.0090566791 0.035752361
   vertex -0.082411943 -0.008142064 0.034852783
   vertex -0.082413363 -0.0090436833 0.03486198
  endloop
 endfacet
 facet normal -0.9999965 0.0015532221 -0.0021412755
  outer loop
   vertex -0.082411476 -0.0090666883 0.033964065
   vertex -0.082413363 -0.0090436833 0.03486198
   vertex -0.082411943 -0.008142064 0.034852783
  endloop
 endfacet
 facet normal -0.9999965 0.0015532221 -0.0021412755
  outer loop
   vertex -0.082411476 -0.0090666883 0.033964065
   vertex -0.082411943 -0.008142064 0.034852783
   vertex -0.082411212 -0.0081234963 0.033952348
  endloop
 endfacet
 facet normal -1 3.4368759e-05 -3.0778567e-05
  outer loop
   vertex -0.082411041 -0.0090116848 0.032158595
   vertex -0.082411069 -0.0090255519 0.033057064
   vertex -0.082411037 -0.0080992999 0.033050528
  endloop
 endfacet
 facet normal -1 3.4368759e-05 -3.0778567e-05
  outer loop
   vertex -0.082411041 -0.0090116848 0.032158595
   vertex -0.082411037 -0.0080992999 0.033050528
   vertex -0.082411005 -0.0080865888 0.032149431
  endloop
 endfacet
 facet normal -0.99999999 2.8054139e-05 -9.9075411e-05
  outer loop
   vertex -0.0824111 -0.0071691273 0.033941734
   vertex -0.08241101 -0.0071552613 0.033042963
   vertex -0.082411037 -0.0080992999 0.033050528
  endloop
 endfacet
 facet normal -0.99999999 2.8054139e-05 -9.9075411e-05
  outer loop
   vertex -0.0824111 -0.0071691273 0.033941734
   vertex -0.082411037 -0.0080992999 0.033050528
   vertex -0.082411212 -0.0081234963 0.033952348
  endloop
 endfacet
 facet normal -0.99999994 0.00027769118 -0.00018587914
  outer loop
   vertex -0.082411476 -0.0090666883 0.033964065
   vertex -0.082411212 -0.0081234963 0.033952348
   vertex -0.082411037 -0.0080992999 0.033050528
  endloop
 endfacet
 facet normal -0.99999994 0.00027769118 -0.00018587914
  outer loop
   vertex -0.082411476 -0.0090666883 0.033964065
   vertex -0.082411037 -0.0080992999 0.033050528
   vertex -0.082411069 -0.0090255519 0.033057064
  endloop
 endfacet
 facet normal 6.4445629e-05 0.96592641 -0.25881684
  outer loop
   vertex -0.083958708 -0.010639369 0.032112101
   vertex -0.084843636 -0.01063985 0.032110087
   vertex -0.084840817 -0.010425639 0.032909541
  endloop
 endfacet
 facet normal 6.4445629e-05 0.96592641 -0.25881684
  outer loop
   vertex -0.083958708 -0.010639369 0.032112101
   vertex -0.084840817 -0.010425639 0.032909541
   vertex -0.083951088 -0.010425529 0.032910064
  endloop
 endfacet
 facet normal 6.2464826e-06 0.96592721 -0.2588139
  outer loop
   vertex -0.085754045 -0.010231015 0.033635881
   vertex -0.084840704 -0.010231009 0.033635928
   vertex -0.084840817 -0.010425639 0.032909541
  endloop
 endfacet
 facet normal 6.2464826e-06 0.96592721 -0.2588139
  outer loop
   vertex -0.085754045 -0.010231015 0.033635881
   vertex -0.084840817 -0.010425639 0.032909541
   vertex -0.085753666 -0.010425668 0.032909408
  endloop
 endfacet
 facet normal 3.2895092e-05 0.96592823 -0.25881005
  outer loop
   vertex -0.083949139 -0.010231404 0.033634577
   vertex -0.083951088 -0.010425529 0.032910064
   vertex -0.084840817 -0.010425639 0.032909541
  endloop
 endfacet
 facet normal 3.2895092e-05 0.96592823 -0.25881005
  outer loop
   vertex -0.083949139 -0.010231404 0.033634577
   vertex -0.084840817 -0.010425639 0.032909541
   vertex -0.084840704 -0.010231009 0.033635928
  endloop
 endfacet
 facet normal -0.99996356 -0.0032200134 -0.0079061249
  outer loop
   vertex -0.082420361 -0.0090566791 0.035752361
   vertex -0.082413363 -0.0090436833 0.03486198
   vertex -0.082410974 -0.0098901072 0.034904533
  endloop
 endfacet
 facet normal -0.99996356 -0.0032200134 -0.0079061249
  outer loop
   vertex -0.082420361 -0.0090566791 0.035752361
   vertex -0.082410974 -0.0098901072 0.034904533
   vertex -0.082410976 -0.0096760862 0.035700717
  endloop
 endfacet
 facet normal -0.99999988 -0.00046520611 0.00012667825
  outer loop
   vertex -0.082411476 -0.0090666883 0.033964065
   vertex -0.082410975 -0.010127768 0.034020289
   vertex -0.082410974 -0.0098901072 0.034904533
  endloop
 endfacet
 facet normal -0.99999988 -0.00046520611 0.00012667825
  outer loop
   vertex -0.082411476 -0.0090666883 0.033964065
   vertex -0.082410974 -0.0098901072 0.034904533
   vertex -0.082413363 -0.0090436833 0.03486198
  endloop
 endfacet
 facet normal 6.4459943e-05 0.96590558 -0.2588946
  outer loop
   vertex -0.084848093 -0.0082166766 0.041153688
   vertex -0.084843837 -0.0085482528 0.039916617
   vertex -0.085751547 -0.0085482215 0.039916508
  endloop
 endfacet
 facet normal 6.4459943e-05 0.96590558 -0.2588946
  outer loop
   vertex -0.084848093 -0.0082166766 0.041153688
   vertex -0.085751547 -0.0085482215 0.039916508
   vertex -0.085747256 -0.0082166307 0.041153686
  endloop
 endfacet
 facet normal 6.4447577e-05 0.9659354 -0.25878331
  outer loop
   vertex -0.085751116 -0.0087446129 0.039183457
   vertex -0.085751547 -0.0085482215 0.039916508
   vertex -0.084843837 -0.0085482528 0.039916617
  endloop
 endfacet
 facet normal 6.4447577e-05 0.9659354 -0.25878331
  outer loop
   vertex -0.085751116 -0.0087446129 0.039183457
   vertex -0.084843837 -0.0085482528 0.039916617
   vertex -0.084844139 -0.0087446301 0.039183604
  endloop
 endfacet
 facet normal 0.00054182682 0.96593648 -0.25877873
  outer loop
   vertex -0.083960059 -0.0087448539 0.03918462
   vertex -0.084844139 -0.0087446301 0.039183604
   vertex -0.084843837 -0.0085482528 0.039916617
  endloop
 endfacet
 facet normal 0.00054182682 0.96593648 -0.25877873
  outer loop
   vertex -0.083960059 -0.0087448539 0.03918462
   vertex -0.084843837 -0.0085482528 0.039916617
   vertex -0.083957312 -0.0085492097 0.039915363
  endloop
 endfacet
 facet normal 0.0017709198 0.96594695 -0.25873413
  outer loop
   vertex -0.08396281 -0.0080057535 0.041942139
   vertex -0.083954959 -0.0077915176 0.042742012
   vertex -0.083139623 -0.0077905521 0.042751197
  endloop
 endfacet
 facet normal 0.0017709198 0.96594695 -0.25873413
  outer loop
   vertex -0.08396281 -0.0080057535 0.041942139
   vertex -0.083139623 -0.0077905521 0.042751197
   vertex -0.08314981 -0.0080035984 0.041956125
  endloop
 endfacet
 facet normal -0.0048277372 0.96494212 -0.26241835
  outer loop
   vertex -0.083149396 -0.0082224053 0.04115154
   vertex -0.08314981 -0.0080035984 0.041956125
   vertex -0.082410968 -0.0079842842 0.042013553
  endloop
 endfacet
 facet normal -0.0048277372 0.96494212 -0.26241835
  outer loop
   vertex -0.083149396 -0.0082224053 0.04115154
   vertex -0.082410968 -0.0079842842 0.042013553
   vertex -0.082410954 -0.0082008234 0.04118455
  endloop
 endfacet
 facet normal -0.99998628 -0.0050718713 0.0013079669
  outer loop
   vertex -0.082415934 -0.0072360797 0.04111794
   vertex -0.082410954 -0.0082008234 0.04118455
   vertex -0.082410968 -0.0079842842 0.042013553
  endloop
 endfacet
 facet normal -0.99998628 -0.0050718713 0.0013079669
  outer loop
   vertex -0.082415934 -0.0072360797 0.04111794
   vertex -0.082410968 -0.0079842842 0.042013553
   vertex -0.082413745 -0.0071753684 0.042000194
  endloop
 endfacet
 facet normal -0.98907771 0.14194006 -0.039727858
  outer loop
   vertex -0.082410977 -0.0087240591 0.039255518
   vertex -0.082412243 -0.0085553496 0.03988982
   vertex -0.082410886 -0.0084326104 0.040294554
  endloop
 endfacet
 facet normal -0.98907771 0.14194006 -0.039727858
  outer loop
   vertex -0.082410977 -0.0087240591 0.039255518
   vertex -0.082410886 -0.0084326104 0.040294554
   vertex -0.082421209 -0.008128818 0.039309502
  endloop
 endfacet
 facet normal -0.017013929 0.96757927 -0.25199382
  outer loop
   vertex -0.083149396 -0.0082224053 0.04115154
   vertex -0.082410954 -0.0082008234 0.04118455
   vertex -0.082410886 -0.0084326104 0.040294554
  endloop
 endfacet
 facet normal -0.017013929 0.96757927 -0.25199382
  outer loop
   vertex -0.083149396 -0.0082224053 0.04115154
   vertex -0.082410886 -0.0084326104 0.040294554
   vertex -0.082412243 -0.0085553496 0.03988982
  endloop
 endfacet
 facet normal -0.017013929 0.96757927 -0.25199382
  outer loop
   vertex -0.083149396 -0.0082224053 0.04115154
   vertex -0.082412243 -0.0085553496 0.03988982
   vertex -0.083133948 -0.0085548978 0.039904148
  endloop
 endfacet
 facet normal -0.99998825 -0.0047794445 0.00081475644
  outer loop
   vertex -0.082415934 -0.0072360797 0.04111794
   vertex -0.082416429 -0.0072848135 0.040224362
   vertex -0.082410886 -0.0084326104 0.040294554
  endloop
 endfacet
 facet normal -0.99998825 -0.0047794445 0.00081475644
  outer loop
   vertex -0.082415934 -0.0072360797 0.04111794
   vertex -0.082410886 -0.0084326104 0.040294554
   vertex -0.082410954 -0.0082008234 0.04118455
  endloop
 endfacet
 facet normal -0.99996093 -0.0031883919 0.0082441093
  outer loop
   vertex -0.082420361 -0.0090566791 0.035752361
   vertex -0.082410951 -0.0093848423 0.036766779
   vertex -0.082415453 -0.0082273471 0.036668353
  endloop
 endfacet
 facet normal -0.99996093 -0.0031883919 0.0082441093
  outer loop
   vertex -0.082420361 -0.0090566791 0.035752361
   vertex -0.082415453 -0.0082273471 0.036668353
   vertex -0.082414132 -0.0081750478 0.035756313
  endloop
 endfacet
 facet normal -0.99999484 0.0032111667 -0.00013428061
  outer loop
   vertex -0.082412376 -0.0072327249 0.037534988
   vertex -0.082412251 -0.0072314358 0.036641186
   vertex -0.082415453 -0.0082273471 0.036668353
  endloop
 endfacet
 facet normal -0.99999484 0.0032111667 -0.00013428061
  outer loop
   vertex -0.082412376 -0.0072327249 0.037534988
   vertex -0.082415453 -0.0082273471 0.036668353
   vertex -0.082415565 -0.0081842898 0.037556596
  endloop
 endfacet
 facet normal -0.99998881 -0.0047292691 0.00010367074
  outer loop
   vertex -0.082410966 -0.0091551596 0.037629595
   vertex -0.082415565 -0.0081842898 0.037556596
   vertex -0.082415453 -0.0082273471 0.036668353
  endloop
 endfacet
 facet normal -0.99998881 -0.0047292691 0.00010367074
  outer loop
   vertex -0.082410966 -0.0091551596 0.037629595
   vertex -0.082415453 -0.0082273471 0.036668353
   vertex -0.082410951 -0.0093848423 0.036766779
  endloop
 endfacet
 facet normal 5.0400328e-05 0.9659127 -0.25886803
  outer loop
   vertex -0.084844625 -0.0094989514 0.036368528
   vertex -0.085750081 -0.0094990873 0.036367845
   vertex -0.08574526 -0.0091697083 0.037596856
  endloop
 endfacet
 facet normal 5.0400328e-05 0.9659127 -0.25886803
  outer loop
   vertex -0.084844625 -0.0094989514 0.036368528
   vertex -0.08574526 -0.0091697083 0.037596856
   vertex -0.084849606 -0.0091695999 0.037597434
  endloop
 endfacet
 facet normal 0.00075473909 0.96592502 -0.25882095
  outer loop
   vertex -0.083974226 -0.0091698243 0.03759915
   vertex -0.084849606 -0.0091695999 0.037597434
   vertex -0.084846963 -0.0089594416 0.038381757
  endloop
 endfacet
 facet normal 0.00075473909 0.96592502 -0.25882095
  outer loop
   vertex -0.083974226 -0.0091698243 0.03759915
   vertex -0.084846963 -0.0089594416 0.038381757
   vertex -0.083967942 -0.0089591233 0.038384467
  endloop
 endfacet
 facet normal 6.0345495e-05 0.96593868 -0.25877107
  outer loop
   vertex -0.085751116 -0.0087446129 0.039183457
   vertex -0.084844139 -0.0087446301 0.039183604
   vertex -0.084846963 -0.0089594416 0.038381757
  endloop
 endfacet
 facet normal 6.0345495e-05 0.96593868 -0.25877107
  outer loop
   vertex -0.085751116 -0.0087446129 0.039183457
   vertex -0.084846963 -0.0089594416 0.038381757
   vertex -0.085748127 -0.0089594118 0.03838169
  endloop
 endfacet
 facet normal 5.1193211e-05 0.96592563 -0.25881977
  outer loop
   vertex -0.08574526 -0.0091697083 0.037596856
   vertex -0.085748127 -0.0089594118 0.03838169
   vertex -0.084846963 -0.0089594416 0.038381757
  endloop
 endfacet
 facet normal 5.1193211e-05 0.96592563 -0.25881977
  outer loop
   vertex -0.08574526 -0.0091697083 0.037596856
   vertex -0.084846963 -0.0089594416 0.038381757
   vertex -0.084849606 -0.0091695999 0.037597434
  endloop
 endfacet
 facet normal 0.00044767509 0.96596415 -0.25867558
  outer loop
   vertex -0.083960059 -0.0087448539 0.03918462
   vertex -0.083967942 -0.0089591233 0.038384467
   vertex -0.084846963 -0.0089594416 0.038381757
  endloop
 endfacet
 facet normal 0.00044767509 0.96596415 -0.25867558
  outer loop
   vertex -0.083960059 -0.0087448539 0.03918462
   vertex -0.084846963 -0.0089594416 0.038381757
   vertex -0.084844139 -0.0087446301 0.039183604
  endloop
 endfacet
 facet normal -0.0045849365 0.96177193 -0.27381333
  outer loop
   vertex -0.082410951 -0.0093848423 0.036766779
   vertex -0.08241159 -0.0095079428 0.036334398
   vertex -0.083135762 -0.0095050229 0.03635678
  endloop
 endfacet
 facet normal -0.0045849365 0.96177193 -0.27381333
  outer loop
   vertex -0.082410951 -0.0093848423 0.036766779
   vertex -0.083135762 -0.0095050229 0.03635678
   vertex -0.083154882 -0.0091751284 0.037597189
  endloop
 endfacet
 facet normal -0.0045849365 0.96177193 -0.27381333
  outer loop
   vertex -0.082410951 -0.0093848423 0.036766779
   vertex -0.083154882 -0.0091751284 0.037597189
   vertex -0.082410966 -0.0091551596 0.037629595
  endloop
 endfacet
 facet normal -0.9998764 -0.015409083 0.0031206628
  outer loop
   vertex -0.082420361 -0.0090566791 0.035752361
   vertex -0.082410976 -0.0096760862 0.035700717
   vertex -0.08241159 -0.0095079428 0.036334398
  endloop
 endfacet
 facet normal -0.9998764 -0.015409083 0.0031206628
  outer loop
   vertex -0.082420361 -0.0090566791 0.035752361
   vertex -0.08241159 -0.0095079428 0.036334398
   vertex -0.082410951 -0.0093848423 0.036766779
  endloop
 endfacet
 facet normal -0.99983845 -0.016552487 -0.0070066516
  outer loop
   vertex -0.082410977 -0.0087240591 0.039255518
   vertex -0.082421209 -0.008128818 0.039309502
   vertex -0.082415119 -0.0081278666 0.038438124
  endloop
 endfacet
 facet normal -0.99983845 -0.016552487 -0.0070066516
  outer loop
   vertex -0.082410977 -0.0087240591 0.039255518
   vertex -0.082415119 -0.0081278666 0.038438124
   vertex -0.082410972 -0.0089371239 0.038458197
  endloop
 endfacet
 facet normal -0.99999432 0.0033580018 0.00029099459
  outer loop
   vertex -0.082412376 -0.0072327249 0.037534988
   vertex -0.082415565 -0.0081842898 0.037556596
   vertex -0.082415119 -0.0081278666 0.038438124
  endloop
 endfacet
 facet normal -0.99999432 0.0033580018 0.00029099459
  outer loop
   vertex -0.082412376 -0.0072327249 0.037534988
   vertex -0.082415119 -0.0081278666 0.038438124
   vertex -0.08241283 -0.0072284988 0.038426219
  endloop
 endfacet
 facet normal -0.99998616 -0.0050904221 0.0013311586
  outer loop
   vertex -0.082410966 -0.0091551596 0.037629595
   vertex -0.082410972 -0.0089371239 0.038458197
   vertex -0.082415119 -0.0081278666 0.038438124
  endloop
 endfacet
 facet normal -0.99998616 -0.0050904221 0.0013311586
  outer loop
   vertex -0.082410966 -0.0091551596 0.037629595
   vertex -0.082415119 -0.0081278666 0.038438124
   vertex -0.082415565 -0.0081842898 0.037556596
  endloop
 endfacet
 facet normal -2.793808e-06 -0.96592583 0.25881903
  outer loop
   vertex -0.084862223 0.0011315551 0.037404506
   vertex -0.084863347 0.0014584341 0.038624435
   vertex -0.085746648 0.0014593913 0.038627998
  endloop
 endfacet
 facet normal -2.793808e-06 -0.96592583 0.25881903
  outer loop
   vertex -0.084862223 0.0011315551 0.037404506
   vertex -0.085746648 0.0014593913 0.038627998
   vertex -0.085747477 0.0011318185 0.037405502
  endloop
 endfacet
 facet normal -2.7978889e-06 -0.96592608 0.25881809
  outer loop
   vertex -0.085746302 0.0016580016 0.039369224
   vertex -0.085746648 0.0014593913 0.038627998
   vertex -0.084863347 0.0014584341 0.038624435
  endloop
 endfacet
 facet normal -2.7978889e-06 -0.96592608 0.25881809
  outer loop
   vertex -0.085746302 0.0016580016 0.039369224
   vertex -0.084863347 0.0014584341 0.038624435
   vertex -0.08486365 0.001657392 0.039366956
  endloop
 endfacet
 facet normal 2.0197264e-15 -0.96592583 0.25881903
  outer loop
   vertex -0.08400202 0.0016565485 0.039363808
   vertex -0.08486365 0.001657392 0.039366956
   vertex -0.084863347 0.0014584341 0.038624435
  endloop
 endfacet
 facet normal 2.0197264e-15 -0.96592583 0.25881903
  outer loop
   vertex -0.08400202 0.0016565485 0.039363808
   vertex -0.084863347 0.0014584341 0.038624435
   vertex -0.084000959 0.0014558192 0.038614676
  endloop
 endfacet
 facet normal -8.7880454e-16 -0.96592583 0.25881903
  outer loop
   vertex -0.084000203 0.00092229608 0.03662354
   vertex -0.08400399 0.00070691767 0.035819737
   vertex -0.083171487 0.00070756505 0.035822153
  endloop
 endfacet
 facet normal -8.7880454e-16 -0.96592583 0.25881903
  outer loop
   vertex -0.084000203 0.00092229608 0.03662354
   vertex -0.083171487 0.00070756505 0.035822153
   vertex -0.083165623 0.00092303543 0.0366263
  endloop
 endfacet
 facet normal 8.7315662e-17 -0.96592583 0.25881903
  outer loop
   vertex -0.083163104 0.00113099 0.037402397
   vertex -0.083165623 0.00092303543 0.0366263
   vertex -0.082410976 0.00092704418 0.036641261
  endloop
 endfacet
 facet normal 8.7315662e-17 -0.96592583 0.25881903
  outer loop
   vertex -0.083163104 0.00113099 0.037402397
   vertex -0.082410976 0.00092704418 0.036641261
   vertex -0.082410976 0.0011330337 0.037410024
  endloop
 endfacet
 facet normal 3.6598698e-16 -0.96592583 0.25881903
  outer loop
   vertex -0.082410976 0.0012996175 0.038031723
   vertex -0.082410976 0.0014235598 0.038494282
   vertex -0.083166123 0.0014486094 0.038587769
  endloop
 endfacet
 facet normal 3.6598698e-16 -0.96592583 0.25881903
  outer loop
   vertex -0.082410976 0.0012996175 0.038031723
   vertex -0.083166123 0.0014486094 0.038587769
   vertex -0.083163104 0.00113099 0.037402397
  endloop
 endfacet
 facet normal 3.6598698e-16 -0.96592583 0.25881903
  outer loop
   vertex -0.082410976 0.0012996175 0.038031723
   vertex -0.083163104 0.00113099 0.037402397
   vertex -0.082410976 0.0011330337 0.037410024
  endloop
 endfacet
 facet normal -0.0008300146 0.96535812 -0.26092722
  outer loop
   vertex -0.086651781 -0.0063265368 0.048208323
   vertex -0.087531597 -0.006323279 0.048223175
   vertex -0.087542407 -0.0061097714 0.049013128
  endloop
 endfacet
 facet normal -0.0008300146 0.96535812 -0.26092722
  outer loop
   vertex -0.086651781 -0.0063265368 0.048208323
   vertex -0.087542407 -0.0061097714 0.049013128
   vertex -0.086659374 -0.0061130537 0.049001995
  endloop
 endfacet
 facet normal 0.00036373678 0.96565826 -0.25981531
  outer loop
   vertex -0.08398146 -0.0061131399 0.049002329
   vertex -0.08398826 -0.0063265421 0.048209165
   vertex -0.084855995 -0.0063272826 0.048205198
  endloop
 endfacet
 facet normal 0.00036373678 0.96565826 -0.25981531
  outer loop
   vertex -0.08398146 -0.0061131399 0.049002329
   vertex -0.084855995 -0.0063272826 0.048205198
   vertex -0.084854163 -0.0061139227 0.048999113
  endloop
 endfacet
 facet normal -0.00080928288 0.83688666 -0.54737562
  outer loop
   vertex -0.08574152 -0.0052111383 0.050772728
   vertex -0.086635077 -0.0052067896 0.050780698
   vertex -0.086612848 -0.0044803781 0.051891281
  endloop
 endfacet
 facet normal -0.00080928288 0.83688666 -0.54737562
  outer loop
   vertex -0.08574152 -0.0052111383 0.050772728
   vertex -0.086612848 -0.0044803781 0.051891281
   vertex -0.08572456 -0.0044801599 0.051882341
  endloop
 endfacet
 facet normal -9.915926e-06 0.83508189 -0.55012565
  outer loop
   vertex -0.084864086 -0.0052102287 0.050774093
   vertex -0.08574152 -0.0052111383 0.050772728
   vertex -0.08572456 -0.0044801599 0.051882341
  endloop
 endfacet
 facet normal -9.915926e-06 0.83508189 -0.55012565
  outer loop
   vertex -0.084864086 -0.0052102287 0.050774093
   vertex -0.08572456 -0.0044801599 0.051882341
   vertex -0.084844079 -0.0044804985 0.051882977
  endloop
 endfacet
 facet normal -0.33422735 0.67187718 -0.66096379
  outer loop
   vertex -0.083123554 -0.0044995766 0.051860552
   vertex -0.082371203 -0.0041470764 0.051838433
   vertex -0.082409224 -0.0052147589 0.050772348
  endloop
 endfacet
 facet normal -0.33422735 0.67187718 -0.66096379
  outer loop
   vertex -0.083123554 -0.0044995766 0.051860552
   vertex -0.082409224 -0.0052147589 0.050772348
   vertex -0.083179449 -0.0052046502 0.050786662
  endloop
 endfacet
 facet normal 0.79435314 0.60745624 -2.3258067e-05
  outer loop
   vertex -0.088410895 -0.0063078411 0.048270081
   vertex -0.089410969 -0.0050000738 0.048222591
   vertex -0.089410971 -0.005000038 0.049111946
  endloop
 endfacet
 facet normal 0.79435314 0.60745624 -2.3258067e-05
  outer loop
   vertex -0.088410895 -0.0063078411 0.048270081
   vertex -0.089410971 -0.005000038 0.049111946
   vertex -0.088410556 -0.0060940717 0.049067864
  endloop
 endfacet
 facet normal 0.0030327873 0.96536732 -0.26087685
  outer loop
   vertex -0.087542407 -0.0061097714 0.049013128
   vertex -0.087531597 -0.006323279 0.048223175
   vertex -0.088410895 -0.0063078411 0.048270081
  endloop
 endfacet
 facet normal 0.0030327873 0.96536732 -0.26087685
  outer loop
   vertex -0.087542407 -0.0061097714 0.049013128
   vertex -0.088410895 -0.0063078411 0.048270081
   vertex -0.088410556 -0.0060940717 0.049067864
  endloop
 endfacet
 facet normal -0.00086577735 0.96481541 -0.26292676
  outer loop
   vertex -0.087528183 -0.0065408372 0.047424829
   vertex -0.087531597 -0.006323279 0.048223175
   vertex -0.086651781 -0.0063265368 0.048208323
  endloop
 endfacet
 facet normal -0.00086577735 0.96481541 -0.26292676
  outer loop
   vertex -0.087528183 -0.0065408372 0.047424829
   vertex -0.086651781 -0.0063265368 0.048208323
   vertex -0.086645136 -0.0065360096 0.047427797
  endloop
 endfacet
 facet normal 0.0029146099 0.96481577 -0.26291069
  outer loop
   vertex -0.088410895 -0.0063078411 0.048270081
   vertex -0.087531597 -0.006323279 0.048223175
   vertex -0.087528183 -0.0065408372 0.047424829
  endloop
 endfacet
 facet normal 0.0029146099 0.96481577 -0.26291069
  outer loop
   vertex -0.088410895 -0.0063078411 0.048270081
   vertex -0.087528183 -0.0065408372 0.047424829
   vertex -0.088409818 -0.0064977876 0.047434484
  endloop
 endfacet
 facet normal 0.0013379944 0.96590086 -0.25890875
  outer loop
   vertex -0.08397047 -0.006865197 0.046202925
   vertex -0.084849954 -0.0068638646 0.04620335
   vertex -0.084857944 -0.0065358721 0.047426938
  endloop
 endfacet
 facet normal 0.0013379944 0.96590086 -0.25890875
  outer loop
   vertex -0.08397047 -0.006865197 0.046202925
   vertex -0.084857944 -0.0065358721 0.047426938
   vertex -0.083993412 -0.0065361449 0.047429539
  endloop
 endfacet
 facet normal -0.99946124 0.032806358 0.00098770261
  outer loop
   vertex -0.08237408 -0.0054166813 0.04647752
   vertex -0.082372621 -0.0053451699 0.045578793
   vertex -0.082404228 -0.0063076987 0.045565432
  endloop
 endfacet
 facet normal -0.99946124 0.032806358 0.00098770261
  outer loop
   vertex -0.08237408 -0.0054166813 0.04647752
   vertex -0.082404228 -0.0063076987 0.045565432
   vertex -0.082408842 -0.0066750516 0.0465644
  endloop
 endfacet
 facet normal 0.0086620813 0.96585494 -0.25893862
  outer loop
   vertex -0.08397047 -0.006865197 0.046202925
   vertex -0.083993412 -0.0065361449 0.047429539
   vertex -0.083174437 -0.006543969 0.047427751
  endloop
 endfacet
 facet normal 0.0086620813 0.96585494 -0.25893862
  outer loop
   vertex -0.08397047 -0.006865197 0.046202925
   vertex -0.083174437 -0.006543969 0.047427751
   vertex -0.083143996 -0.0068740352 0.046194777
  endloop
 endfacet
 facet normal -0.99971237 0.019903365 0.013380559
  outer loop
   vertex -0.082396042 -0.0053005639 0.044678951
   vertex -0.082416075 -0.0063098375 0.044683474
   vertex -0.082404228 -0.0063076987 0.045565432
  endloop
 endfacet
 facet normal -0.99971237 0.019903365 0.013380559
  outer loop
   vertex -0.082396042 -0.0053005639 0.044678951
   vertex -0.082404228 -0.0063076987 0.045565432
   vertex -0.082372621 -0.0053451699 0.045578793
  endloop
 endfacet
 facet normal 0.0017511796 0.96565386 -0.25982602
  outer loop
   vertex -0.083177469 -0.0063241143 0.048223653
   vertex -0.08398826 -0.0063265421 0.048209165
   vertex -0.08398146 -0.0061131399 0.049002329
  endloop
 endfacet
 facet normal 0.0017511796 0.96565386 -0.25982602
  outer loop
   vertex -0.083177469 -0.0063241143 0.048223653
   vertex -0.08398146 -0.0061131399 0.049002329
   vertex -0.083166066 -0.0061102159 0.049013229
  endloop
 endfacet
 facet normal 0.00036286195 0.96570726 -0.2596331
  outer loop
   vertex -0.084855995 -0.0063272826 0.048205198
   vertex -0.08398826 -0.0063265421 0.048209165
   vertex -0.083993412 -0.0065361449 0.047429539
  endloop
 endfacet
 facet normal 0.00036286195 0.96570726 -0.2596331
  outer loop
   vertex -0.084855995 -0.0063272826 0.048205198
   vertex -0.083993412 -0.0065361449 0.047429539
   vertex -0.084857944 -0.0065358721 0.047426938
  endloop
 endfacet
 facet normal 0.00862725 0.96387335 -0.26622122
  outer loop
   vertex -0.083177469 -0.0063241143 0.048223653
   vertex -0.083174437 -0.006543969 0.047427751
   vertex -0.083993412 -0.0065361449 0.047429539
  endloop
 endfacet
 facet normal 0.00862725 0.96387335 -0.26622122
  outer loop
   vertex -0.083177469 -0.0063241143 0.048223653
   vertex -0.083993412 -0.0065361449 0.047429539
   vertex -0.08398826 -0.0063265421 0.048209165
  endloop
 endfacet
 facet normal -0.014475224 -0.98628503 0.16441506
  outer loop
   vertex -0.089402971 -0.0018059174 0.026860083
   vertex -0.089409819 -0.0019537729 0.025972531
   vertex -0.088410943 -0.0020290209 0.025609079
  endloop
 endfacet
 facet normal -0.014475224 -0.98628503 0.16441506
  outer loop
   vertex -0.089402971 -0.0018059174 0.026860083
   vertex -0.088410943 -0.0020290209 0.025609079
   vertex -0.088410897 -0.0017041723 0.026821424
  endloop
 endfacet
 facet normal -0.77538569 0.63148795 6.1022678e-16
  outer loop
   vertex -0.081410982 -0.0049999999 0.03303654
   vertex -0.081410982 -0.0049999999 0.032138959
   vertex -0.082410976 -0.0062278642 0.032139775
  endloop
 endfacet
 facet normal -0.77538569 0.63148795 6.1022678e-16
  outer loop
   vertex -0.081410982 -0.0049999999 0.03303654
   vertex -0.082410976 -0.0062278642 0.032139775
   vertex -0.082410991 -0.0062318714 0.033038272
  endloop
 endfacet
 facet normal -0.77638733 0.63025607 1.2031525e-14
  outer loop
   vertex -0.081410982 -0.0049999999 0.033932066
   vertex -0.081410982 -0.0049999999 0.03303654
   vertex -0.082410991 -0.0062318714 0.033038272
  endloop
 endfacet
 facet normal -0.77638733 0.63025607 1.2031525e-14
  outer loop
   vertex -0.081410982 -0.0049999999 0.033932066
   vertex -0.082410991 -0.0062318714 0.033038272
   vertex -0.082411032 -0.0062384647 0.033934969
  endloop
 endfacet
 facet normal -0.77497977 0.63198604 -1.1922612e-14
  outer loop
   vertex -0.081410982 -0.0049999999 0.032138959
   vertex -0.081410982 -0.0049999999 0.031236891
   vertex -0.082410976 -0.0062262541 0.031236295
  endloop
 endfacet
 facet normal -0.77497977 0.63198604 -1.1922612e-14
  outer loop
   vertex -0.081410982 -0.0049999999 0.032138959
   vertex -0.082410976 -0.0062262541 0.031236295
   vertex -0.082410976 -0.0062278642 0.032139775
  endloop
 endfacet
 facet normal -0.77505227 0.63189713 -1.9831181e-05
  outer loop
   vertex -0.081410982 -0.0049999999 0.031236891
   vertex -0.08141096 -0.0050000013 0.03032635
   vertex -0.082411094 -0.0062267143 0.030323028
  endloop
 endfacet
 facet normal -0.77505227 0.63189713 -1.9831181e-05
  outer loop
   vertex -0.081410982 -0.0049999999 0.031236891
   vertex -0.082411094 -0.0062267143 0.030323028
   vertex -0.082410976 -0.0062262541 0.031236295
  endloop
 endfacet
 facet normal 0.78943141 0.59878749 -0.13509846
  outer loop
   vertex -0.089410969 -0.0050000738 0.048222591
   vertex -0.088410895 -0.0063078411 0.048270081
   vertex -0.088409818 -0.0064977876 0.047434484
  endloop
 endfacet
 facet normal 0.78943141 0.59878749 -0.13509846
  outer loop
   vertex -0.089410969 -0.0050000738 0.048222591
   vertex -0.088409818 -0.0064977876 0.047434484
   vertex -0.089410947 -0.0050003624 0.047344677
  endloop
 endfacet
 facet normal -0.79331037 0.60881743 1.8298017e-05
  outer loop
   vertex -0.081410842 -0.0050000092 0.041090201
   vertex -0.081410862 -0.0050000077 0.040195614
   vertex -0.082412664 -0.0063053917 0.040209012
  endloop
 endfacet
 facet normal -0.79331037 0.60881743 1.8298017e-05
  outer loop
   vertex -0.081410842 -0.0050000092 0.041090201
   vertex -0.082412664 -0.0063053917 0.040209012
   vertex -0.08241269 -0.0062998933 0.041104007
  endloop
 endfacet
 facet normal 0.77440096 0.63269493 0.00051634356
  outer loop
   vertex -0.089410976 -0.0049999999 0.032141358
   vertex -0.088410981 -0.0062239646 0.032140457
   vertex -0.088410981 -0.0062232297 0.031239956
  endloop
 endfacet
 facet normal 0.77440096 0.63269493 0.00051634356
  outer loop
   vertex -0.089410976 -0.0049999999 0.032141358
   vertex -0.088410981 -0.0062232297 0.031239956
   vertex -0.089410976 -0.0049999999 0.031243432
  endloop
 endfacet
 facet normal 0.77421465 0.63292312 -2.1316091e-06
  outer loop
   vertex -0.089410975 -0.0050000032 0.030340511
   vertex -0.089410976 -0.0049999999 0.031243432
   vertex -0.088410981 -0.0062232297 0.031239956
  endloop
 endfacet
 facet normal 0.77421465 0.63292312 -2.1316091e-06
  outer loop
   vertex -0.089410975 -0.0050000032 0.030340511
   vertex -0.088410981 -0.0062232297 0.031239956
   vertex -0.088410896 -0.0062240862 0.030332493
  endloop
 endfacet
 facet normal 0.77510858 0.63182805 -2.4648935e-14
  outer loop
   vertex -0.089410976 -0.0049999999 0.032141358
   vertex -0.089410976 -0.0049999999 0.033036391
   vertex -0.088410977 -0.0062267699 0.033037379
  endloop
 endfacet
 facet normal 0.77510858 0.63182805 -2.4648935e-14
  outer loop
   vertex -0.089410976 -0.0049999999 0.032141358
   vertex -0.088410977 -0.0062267699 0.033037379
   vertex -0.088410981 -0.0062239646 0.032140457
  endloop
 endfacet
 facet normal 0.77638825 0.63024463 0.0036037364
  outer loop
   vertex -0.089410976 -0.0049999999 0.033931494
   vertex -0.088410963 -0.0062319079 0.033933055
   vertex -0.088410977 -0.0062267699 0.033037379
  endloop
 endfacet
 facet normal 0.77638825 0.63024463 0.0036037364
  outer loop
   vertex -0.089410976 -0.0049999999 0.033931494
   vertex -0.088410977 -0.0062267699 0.033037379
   vertex -0.089410976 -0.0049999999 0.033036391
  endloop
 endfacet
 facet normal 0.78596761 0.61823891 0.0059642234
  outer loop
   vertex -0.089410975 -0.0050000054 0.039292159
   vertex -0.088410595 -0.0062719045 0.039304088
   vertex -0.088410784 -0.0062630281 0.038408851
  endloop
 endfacet
 facet normal 0.78596761 0.61823891 0.0059642234
  outer loop
   vertex -0.089410975 -0.0050000054 0.039292159
   vertex -0.088410784 -0.0062630281 0.038408851
   vertex -0.089410975 -0.0050000033 0.038396942
  endloop
 endfacet
 facet normal 0.78395614 0.62081621 7.8477132e-07
  outer loop
   vertex -0.089410975 -0.0050000021 0.037507235
   vertex -0.089410975 -0.0050000033 0.038396942
   vertex -0.088410784 -0.0062630281 0.038408851
  endloop
 endfacet
 facet normal 0.78395614 0.62081621 7.8477132e-07
  outer loop
   vertex -0.089410975 -0.0050000021 0.037507235
   vertex -0.088410784 -0.0062630281 0.038408851
   vertex -0.088410822 -0.0062607559 0.037515123
  endloop
 endfacet
 facet normal -0.39272888 -0.2409977 0.88751571
  outer loop
   vertex -0.089289536 -0.0042662439 0.02612948
   vertex -0.088684349 -0.0047981286 0.026252849
   vertex -0.08840953 -0.004841808 0.026362596
  endloop
 endfacet
 facet normal -0.39272888 -0.2409977 0.88751571
  outer loop
   vertex -0.089289536 -0.0042662439 0.02612948
   vertex -0.08840953 -0.004841808 0.026362596
   vertex -0.088409639 -0.0042552788 0.026205241
  endloop
 endfacet
 facet normal -0.16881772 -0.8692443 -0.46466646
  outer loop
   vertex -0.089394854 0.003327931 0.049967815
   vertex -0.088410337 0.0032488305 0.049758103
   vertex -0.088406538 0.0029608892 0.05029537
  endloop
 endfacet
 facet normal -0.16881772 -0.8692443 -0.46466646
  outer loop
   vertex -0.089394854 0.003327931 0.049967815
   vertex -0.088406538 0.0029608892 0.05029537
   vertex -0.088656896 0.0030152745 0.050457671
  endloop
 endfacet
 facet normal -0.064192643 -0.99751724 0.028959526
  outer loop
   vertex -0.082410976 0.0035614953 0.046480403
   vertex -0.081410982 0.0034973554 0.046487712
   vertex -0.081410982 0.0035220756 0.047339204
  endloop
 endfacet
 facet normal -0.064192643 -0.99751724 0.028959526
  outer loop
   vertex -0.082410976 0.0035614953 0.046480403
   vertex -0.081410982 0.0035220756 0.047339204
   vertex -0.082410976 0.0036931476 0.047324247
  endloop
 endfacet
 facet normal -0.13511819 -0.90433703 0.4048674
  outer loop
   vertex -0.087543182 0.0016624308 0.051765156
   vertex -0.087560061 0.0019874361 0.052485475
   vertex -0.088376101 0.0020577438 0.052370178
  endloop
 endfacet
 facet normal -0.13511819 -0.90433703 0.4048674
  outer loop
   vertex -0.087543182 0.0016624308 0.051765156
   vertex -0.088376101 0.0020577438 0.052370178
   vertex -0.08835818 0.0017058057 0.051697586
  endloop
 endfacet
 facet normal -0.16832902 -0.98556098 -0.018300163
  outer loop
   vertex -0.082410976 0.0036768589 0.048201478
   vertex -0.082410976 0.0036931476 0.047324247
   vertex -0.081410982 0.0035220756 0.047339204
  endloop
 endfacet
 facet normal -0.16832902 -0.98556098 -0.018300163
  outer loop
   vertex -0.082410976 0.0036768589 0.048201478
   vertex -0.081410982 0.0035220756 0.047339204
   vertex -0.081410982 0.0035251056 0.048188834
  endloop
 endfacet
 facet normal -0.75051439 0.20857794 0.62707527
  outer loop
   vertex -0.082410976 0.00056762894 0.052310037
   vertex -0.082561608 0.0014890977 0.051823254
   vertex -0.083087092 0.0025792606 0.050831719
  endloop
 endfacet
 facet normal -0.75051439 0.20857794 0.62707527
  outer loop
   vertex -0.082410976 0.00056762894 0.052310037
   vertex -0.083087092 0.0025792606 0.050831719
   vertex -0.082410976 0.0025976124 0.050809321
  endloop
 endfacet
 facet normal -0.75051439 0.20857794 0.62707527
  outer loop
   vertex -0.082410976 0.00056762894 0.052310037
   vertex -0.082410976 0.0025976124 0.050809321
   vertex -0.082410976 0.0022028256 0.051243192
  endloop
 endfacet
 facet normal -0.18437605 -0.69369752 -0.69626807
  outer loop
   vertex -0.089143481 0.0026455953 0.050969219
   vertex -0.088370451 0.0025989136 0.050811025
   vertex -0.08835818 0.0017058057 0.051697586
  endloop
 endfacet
 facet normal -0.18437605 -0.69369752 -0.69626807
  outer loop
   vertex -0.089143481 0.0026455953 0.050969219
   vertex -0.08835818 0.0017058057 0.051697586
   vertex -0.088498788 0.0018993851 0.051630317
  endloop
 endfacet
 facet normal 0.023359486 -0.54626681 -0.83728544
  outer loop
   vertex -0.082410976 0.00056762894 0.052310037
   vertex -0.082410976 0.0022028256 0.051243192
   vertex -0.081410982 0.0020918955 0.051343465
  endloop
 endfacet
 facet normal 0.023359486 -0.54626681 -0.83728544
  outer loop
   vertex -0.082410976 0.00056762894 0.052310037
   vertex -0.081410982 0.0020918955 0.051343465
   vertex -0.081414103 0.00227851 0.052429954
  endloop
 endfacet
 facet normal -0.56351249 -0.31503463 -0.76367982
  outer loop
   vertex -0.089143481 0.0026455953 0.050969219
   vertex -0.088656896 0.0030152745 0.050457671
   vertex -0.088406538 0.0029608892 0.05029537
  endloop
 endfacet
 facet normal -0.56351249 -0.31503463 -0.76367982
  outer loop
   vertex -0.089143481 0.0026455953 0.050969219
   vertex -0.088406538 0.0029608892 0.05029537
   vertex -0.088370451 0.0025989136 0.050811025
  endloop
 endfacet
 facet normal -3.7890958e-06 -0.96592567 0.25881963
  outer loop
   vertex -0.085746329 0.0028131908 0.043680458
   vertex -0.085745464 0.0031436581 0.044913776
   vertex -0.086644749 0.0031434377 0.044912941
  endloop
 endfacet
 facet normal -3.7890958e-06 -0.96592567 0.25881963
  outer loop
   vertex -0.085746329 0.0028131908 0.043680458
   vertex -0.086644749 0.0031434377 0.044912941
   vertex -0.086648391 0.0028133678 0.043681145
  endloop
 endfacet
 facet normal 1.5629747e-05 -0.96591589 0.25885612
  outer loop
   vertex -0.087550013 0.0031415655 0.044905862
   vertex -0.087555823 0.0028134187 0.043681389
   vertex -0.086648391 0.0028133678 0.043681145
  endloop
 endfacet
 facet normal 1.5629747e-05 -0.96591589 0.25885612
  outer loop
   vertex -0.087550013 0.0031415655 0.044905862
   vertex -0.086648391 0.0028133678 0.043681145
   vertex -0.086644749 0.0031434377 0.044912941
  endloop
 endfacet
 facet normal 7.0611836e-07 -0.96592583 0.25881903
  outer loop
   vertex -0.085746329 0.0028131908 0.043680458
   vertex -0.084862956 0.0028128844 0.043679312
   vertex -0.084864427 0.003142637 0.044909966
  endloop
 endfacet
 facet normal 7.0611836e-07 -0.96592583 0.25881903
  outer loop
   vertex -0.085746329 0.0028131908 0.043680458
   vertex -0.084864427 0.003142637 0.044909966
   vertex -0.085745464 0.0031436581 0.044913776
  endloop
 endfacet
 facet normal -1.1179167e-15 -0.96592583 0.25881903
  outer loop
   vertex -0.083166096 0.0028123955 0.043677488
   vertex -0.082410976 0.0028144799 0.043685267
   vertex -0.082410976 0.0029817376 0.044309481
  endloop
 endfacet
 facet normal -1.1179167e-15 -0.96592583 0.25881903
  outer loop
   vertex -0.083166096 0.0028123955 0.043677488
   vertex -0.082410976 0.0029817376 0.044309481
   vertex -0.082410976 0.0031028733 0.044761566
  endloop
 endfacet
 facet normal -1.1179167e-15 -0.96592583 0.25881903
  outer loop
   vertex -0.083166096 0.0028123955 0.043677488
   vertex -0.082410976 0.0031028733 0.044761566
   vertex -0.083171303 0.0031310432 0.044866697
  endloop
 endfacet
 facet normal 1.9089957e-15 -0.96592583 0.25881903
  outer loop
   vertex -0.084004435 0.0031395478 0.044898437
   vertex -0.084000064 0.0028125035 0.043677891
   vertex -0.083166096 0.0028123955 0.043677488
  endloop
 endfacet
 facet normal 1.9089957e-15 -0.96592583 0.25881903
  outer loop
   vertex -0.084004435 0.0031395478 0.044898437
   vertex -0.083166096 0.0028123955 0.043677488
   vertex -0.083171303 0.0031310432 0.044866697
  endloop
 endfacet
 facet normal 0.00064267017 -0.85083672 -0.52542978
  outer loop
   vertex -0.085743793 0.0032563852 0.049740925
   vertex -0.085729167 0.0025943133 0.050813047
   vertex -0.086650575 0.0025909607 0.050817348
  endloop
 endfacet
 facet normal 0.00064267017 -0.85083672 -0.52542978
  outer loop
   vertex -0.085743793 0.0032563852 0.049740925
   vertex -0.086650575 0.0025909607 0.050817348
   vertex -0.08664873 0.0032554952 0.049743078
  endloop
 endfacet
 facet normal 4.8847251e-06 -0.85080002 -0.52548961
  outer loop
   vertex -0.085743793 0.0032563852 0.049740925
   vertex -0.084856355 0.0032563602 0.049740974
   vertex -0.084818226 0.0025923251 0.050816088
  endloop
 endfacet
 facet normal 4.8847251e-06 -0.85080002 -0.52548961
  outer loop
   vertex -0.085743793 0.0032563852 0.049740925
   vertex -0.084818226 0.0025923251 0.050816088
   vertex -0.085729167 0.0025943133 0.050813047
  endloop
 endfacet
 facet normal 0.0056478216 -0.85032533 -0.52622707
  outer loop
   vertex -0.082410976 0.0032501991 0.049754812
   vertex -0.082410976 0.0025976124 0.050809321
   vertex -0.083087092 0.0025792606 0.050831719
  endloop
 endfacet
 facet normal 0.0056478216 -0.85032533 -0.52622707
  outer loop
   vertex -0.082410976 0.0032501991 0.049754812
   vertex -0.083087092 0.0025792606 0.050831719
   vertex -0.083158408 0.0032537603 0.049746813
  endloop
 endfacet
 facet normal -0.00011812883 -0.69494237 -0.71906543
  outer loop
   vertex -0.087564992 0.0025894795 0.05081893
   vertex -0.086650575 0.0025909607 0.050817348
   vertex -0.086635185 0.0016459109 0.051730691
  endloop
 endfacet
 facet normal -0.00011812883 -0.69494237 -0.71906543
  outer loop
   vertex -0.087564992 0.0025894795 0.05081893
   vertex -0.086635185 0.0016459109 0.051730691
   vertex -0.087543182 0.0016624308 0.051765156
  endloop
 endfacet
 facet normal 0.00046547932 -0.84996152 -0.52684457
  outer loop
   vertex -0.086650575 0.0025909607 0.050817348
   vertex -0.087564992 0.0025894795 0.05081893
   vertex -0.087557355 0.0032538705 0.049747071
  endloop
 endfacet
 facet normal 0.00046547932 -0.84996152 -0.52684457
  outer loop
   vertex -0.086650575 0.0025909607 0.050817348
   vertex -0.087557355 0.0032538705 0.049747071
   vertex -0.08664873 0.0032554952 0.049743078
  endloop
 endfacet
 facet normal -0.0039511732 -0.81859664 -0.57435522
  outer loop
   vertex -0.087564992 0.0025894795 0.05081893
   vertex -0.088370451 0.0025989136 0.050811025
   vertex -0.088406538 0.0029608892 0.05029537
  endloop
 endfacet
 facet normal -0.0039511732 -0.81859664 -0.57435522
  outer loop
   vertex -0.087564992 0.0025894795 0.05081893
   vertex -0.088406538 0.0029608892 0.05029537
   vertex -0.088410337 0.0032488305 0.049758103
  endloop
 endfacet
 facet normal -0.0039511732 -0.81859664 -0.57435522
  outer loop
   vertex -0.087564992 0.0025894795 0.05081893
   vertex -0.088410337 0.0032488305 0.049758103
   vertex -0.087557355 0.0032538705 0.049747071
  endloop
 endfacet
 facet normal -0.0021098595 -0.84993444 -0.52688423
  outer loop
   vertex -0.083991156 0.0032553725 0.049743192
   vertex -0.083925965 0.0025837013 0.050826426
   vertex -0.084818226 0.0025923251 0.050816088
  endloop
 endfacet
 facet normal -0.0021098595 -0.84993444 -0.52688423
  outer loop
   vertex -0.083991156 0.0032553725 0.049743192
   vertex -0.084818226 0.0025923251 0.050816088
   vertex -0.084856355 0.0032563602 0.049740974
  endloop
 endfacet
 facet normal -0.0011749181 -0.84991055 -0.52692568
  outer loop
   vertex -0.083087092 0.0025792606 0.050831719
   vertex -0.083925965 0.0025837013 0.050826426
   vertex -0.083991156 0.0032553725 0.049743192
  endloop
 endfacet
 facet normal -0.0011749181 -0.84991055 -0.52692568
  outer loop
   vertex -0.083087092 0.0025792606 0.050831719
   vertex -0.083991156 0.0032553725 0.049743192
   vertex -0.083158408 0.0032537603 0.049746813
  endloop
 endfacet
 facet normal 3.6141009e-05 -0.96638214 0.25711001
  outer loop
   vertex -0.085746203 0.0035555282 0.04645647
   vertex -0.086647154 0.0035560305 0.046458484
   vertex -0.08664393 0.0033410808 0.045650567
  endloop
 endfacet
 facet normal 3.6141009e-05 -0.96638214 0.25711001
  outer loop
   vertex -0.085746203 0.0035555282 0.04645647
   vertex -0.08664393 0.0033410808 0.045650567
   vertex -0.085745313 0.0033405288 0.045648508
  endloop
 endfacet
 facet normal 1.8022332e-05 -0.9877003 0.15635896
  outer loop
   vertex -0.085746203 0.0035555282 0.04645647
   vertex -0.085746779 0.0036933414 0.047327019
   vertex -0.086649065 0.0036933544 0.047327205
  endloop
 endfacet
 facet normal 1.8022332e-05 -0.9877003 0.15635896
  outer loop
   vertex -0.085746203 0.0035555282 0.04645647
   vertex -0.086649065 0.0036933544 0.047327205
   vertex -0.086647154 0.0035560305 0.046458484
  endloop
 endfacet
 facet normal 0.00030906509 -0.96649415 0.25668846
  outer loop
   vertex -0.087554548 0.0035572755 0.046463478
   vertex -0.08841098 0.0035614765 0.046480327
   vertex -0.088410966 0.0033434437 0.045659381
  endloop
 endfacet
 facet normal 0.00030906509 -0.96649415 0.25668846
  outer loop
   vertex -0.087554548 0.0035572755 0.046463478
   vertex -0.088410966 0.0033434437 0.045659381
   vertex -0.087548562 0.0033420517 0.04565418
  endloop
 endfacet
 facet normal 2.0791161e-05 -0.96592616 0.25881779
  outer loop
   vertex -0.087550013 0.0031415655 0.044905862
   vertex -0.088410887 0.003134445 0.044879357
   vertex -0.088410599 0.0029817474 0.044309479
  endloop
 endfacet
 facet normal 2.0791161e-05 -0.96592616 0.25881779
  outer loop
   vertex -0.087550013 0.0031415655 0.044905862
   vertex -0.088410599 0.0029817474 0.044309479
   vertex -0.088410613 0.0028144892 0.043685264
  endloop
 endfacet
 facet normal 2.0791161e-05 -0.96592616 0.25881779
  outer loop
   vertex -0.087550013 0.0031415655 0.044905862
   vertex -0.088410613 0.0028144892 0.043685264
   vertex -0.087555823 0.0028134187 0.043681389
  endloop
 endfacet
 facet normal 1.6416981e-06 -0.96593391 0.25878887
  outer loop
   vertex -0.087550013 0.0031415655 0.044905862
   vertex -0.087548562 0.0033420517 0.04565418
   vertex -0.088410966 0.0033434437 0.045659381
  endloop
 endfacet
 facet normal 1.6416981e-06 -0.96593391 0.25878887
  outer loop
   vertex -0.087550013 0.0031415655 0.044905862
   vertex -0.088410966 0.0033434437 0.045659381
   vertex -0.088410887 0.003134445 0.044879357
  endloop
 endfacet
 facet normal -1.0873287e-05 -0.96640988 0.25700574
  outer loop
   vertex -0.087554548 0.0035572755 0.046463478
   vertex -0.087548562 0.0033420517 0.04565418
   vertex -0.08664393 0.0033410808 0.045650567
  endloop
 endfacet
 facet normal -1.0873287e-05 -0.96640988 0.25700574
  outer loop
   vertex -0.087554548 0.0035572755 0.046463478
   vertex -0.08664393 0.0033410808 0.045650567
   vertex -0.086647154 0.0035560305 0.046458484
  endloop
 endfacet
 facet normal -3.1569642e-07 -0.96592588 0.25881883
  outer loop
   vertex -0.085745464 0.0031436581 0.044913776
   vertex -0.085745313 0.0033405288 0.045648508
   vertex -0.08664393 0.0033410808 0.045650567
  endloop
 endfacet
 facet normal -3.1569642e-07 -0.96592588 0.25881883
  outer loop
   vertex -0.085745464 0.0031436581 0.044913776
   vertex -0.08664393 0.0033410808 0.045650567
   vertex -0.086644749 0.0031434377 0.044912941
  endloop
 endfacet
 facet normal -2.6168874e-05 -0.96592693 0.25881491
  outer loop
   vertex -0.087550013 0.0031415655 0.044905862
   vertex -0.086644749 0.0031434377 0.044912941
   vertex -0.08664393 0.0033410808 0.045650567
  endloop
 endfacet
 facet normal -2.6168874e-05 -0.96592693 0.25881491
  outer loop
   vertex -0.087550013 0.0031415655 0.044905862
   vertex -0.08664393 0.0033410808 0.045650567
   vertex -0.087548562 0.0033420517 0.04565418
  endloop
 endfacet
 facet normal -1.4128445e-15 -0.96592583 0.25881903
  outer loop
   vertex -0.084000064 0.0028125035 0.043677891
   vertex -0.084004435 0.0031395478 0.044898437
   vertex -0.084864427 0.003142637 0.044909966
  endloop
 endfacet
 facet normal -1.4128445e-15 -0.96592583 0.25881903
  outer loop
   vertex -0.084000064 0.0028125035 0.043677891
   vertex -0.084864427 0.003142637 0.044909966
   vertex -0.084862956 0.0028128844 0.043679312
  endloop
 endfacet
 facet normal -0.00026721401 -0.98781071 0.15565968
  outer loop
   vertex -0.087554548 0.0035572755 0.046463478
   vertex -0.087556535 0.0036933319 0.047326884
   vertex -0.088410981 0.0036931476 0.047324247
  endloop
 endfacet
 facet normal -0.00026721401 -0.98781071 0.15565968
  outer loop
   vertex -0.087554548 0.0035572755 0.046463478
   vertex -0.088410981 0.0036931476 0.047324247
   vertex -0.08841098 0.0035614765 0.046480327
  endloop
 endfacet
 facet normal -0.00061125016 -0.99982743 -0.018567248
  outer loop
   vertex -0.087557483 0.0036762253 0.048207395
   vertex -0.088410952 0.0036768564 0.048201508
   vertex -0.088410981 0.0036931476 0.047324247
  endloop
 endfacet
 facet normal -0.00061125016 -0.99982743 -0.018567248
  outer loop
   vertex -0.087557483 0.0036762253 0.048207395
   vertex -0.088410981 0.0036931476 0.047324247
   vertex -0.087556535 0.0036933319 0.047326884
  endloop
 endfacet
 facet normal -0.00049600699 -0.98773541 0.15613622
  outer loop
   vertex -0.087554548 0.0035572755 0.046463478
   vertex -0.086647154 0.0035560305 0.046458484
   vertex -0.086649065 0.0036933544 0.047327205
  endloop
 endfacet
 facet normal -0.00049600699 -0.98773541 0.15613622
  outer loop
   vertex -0.087554548 0.0035572755 0.046463478
   vertex -0.086649065 0.0036933544 0.047327205
   vertex -0.087556535 0.0036933319 0.047326884
  endloop
 endfacet
 facet normal -6.3178116e-05 -0.9998072 -0.019635777
  outer loop
   vertex -0.085746744 0.0036759593 0.048210017
   vertex -0.086649455 0.0036760303 0.048209309
   vertex -0.086649065 0.0036933544 0.047327205
  endloop
 endfacet
 facet normal -6.3178116e-05 -0.9998072 -0.019635777
  outer loop
   vertex -0.085746744 0.0036759593 0.048210017
   vertex -0.086649065 0.0036933544 0.047327205
   vertex -0.085746779 0.0036933414 0.047327019
  endloop
 endfacet
 facet normal 3.1613909e-05 -0.99981133 -0.019424372
  outer loop
   vertex -0.087557483 0.0036762253 0.048207395
   vertex -0.087556535 0.0036933319 0.047326884
   vertex -0.086649065 0.0036933544 0.047327205
  endloop
 endfacet
 facet normal 3.1613909e-05 -0.99981133 -0.019424372
  outer loop
   vertex -0.087557483 0.0036762253 0.048207395
   vertex -0.086649065 0.0036933544 0.047327205
   vertex -0.086649455 0.0036760303 0.048209309
  endloop
 endfacet
 facet normal -0.00044710702 -0.96638205 0.25710995
  outer loop
   vertex -0.082410976 0.0035614953 0.046480403
   vertex -0.083168941 0.003556268 0.046459437
   vertex -0.083174032 0.0033391884 0.045643506
  endloop
 endfacet
 facet normal -0.00044710702 -0.96638205 0.25710995
  outer loop
   vertex -0.082410976 0.0035614953 0.046480403
   vertex -0.083174032 0.0033391884 0.045643506
   vertex -0.082410976 0.0033454562 0.045666897
  endloop
 endfacet
 facet normal -4.7360249e-06 -0.96637092 0.25715219
  outer loop
   vertex -0.085746203 0.0035555282 0.04645647
   vertex -0.085745313 0.0033405288 0.045648508
   vertex -0.084864889 0.0033399032 0.045646174
  endloop
 endfacet
 facet normal -4.7360249e-06 -0.96637092 0.25715219
  outer loop
   vertex -0.085746203 0.0035555282 0.04645647
   vertex -0.084864889 0.0033399032 0.045646174
   vertex -0.084863923 0.003555244 0.04645533
  endloop
 endfacet
 facet normal 0.00010456462 -0.9388731 -0.3442634
  outer loop
   vertex -0.085743793 0.0032563852 0.049740925
   vertex -0.08664873 0.0032554952 0.049743078
   vertex -0.086648618 0.0035159922 0.049032652
  endloop
 endfacet
 facet normal 0.00010456462 -0.9388731 -0.3442634
  outer loop
   vertex -0.085743793 0.0032563852 0.049740925
   vertex -0.086648618 0.0035159922 0.049032652
   vertex -0.085745854 0.0035157581 0.04903344
  endloop
 endfacet
 facet normal 0.00012377959 -0.98804744 0.15415008
  outer loop
   vertex -0.082410976 0.0035614953 0.046480403
   vertex -0.082410976 0.0036931476 0.047324247
   vertex -0.083167491 0.0036932245 0.047325348
  endloop
 endfacet
 facet normal 0.00012377959 -0.98804744 0.15415008
  outer loop
   vertex -0.082410976 0.0035614953 0.046480403
   vertex -0.083167491 0.0036932245 0.047325348
   vertex -0.083168941 0.003556268 0.046459437
  endloop
 endfacet
 facet normal -1.9661624e-05 -0.93889283 -0.34420961
  outer loop
   vertex -0.085743793 0.0032563852 0.049740925
   vertex -0.085745854 0.0035157581 0.04903344
   vertex -0.084861308 0.0035158148 0.049033235
  endloop
 endfacet
 facet normal -1.9661624e-05 -0.93889283 -0.34420961
  outer loop
   vertex -0.085743793 0.0032563852 0.049740925
   vertex -0.084861308 0.0035158148 0.049033235
   vertex -0.084856355 0.0032563602 0.049740974
  endloop
 endfacet
 facet normal -0.00078802869 -0.9388369 -0.34436123
  outer loop
   vertex -0.082410976 0.0032501991 0.049754812
   vertex -0.083158408 0.0032537603 0.049746813
   vertex -0.083165135 0.0035169299 0.049029346
  endloop
 endfacet
 facet normal -0.00078802869 -0.9388369 -0.34436123
  outer loop
   vertex -0.082410976 0.0032501991 0.049754812
   vertex -0.083165135 0.0035169299 0.049029346
   vertex -0.082410976 0.0035186112 0.049023482
  endloop
 endfacet
 facet normal -0.00011591149 -0.9876742 0.15652368
  outer loop
   vertex -0.085746203 0.0035555282 0.04645647
   vertex -0.084863923 0.003555244 0.04645533
   vertex -0.084863142 0.0036933057 0.047326508
  endloop
 endfacet
 facet normal -0.00011591149 -0.9876742 0.15652368
  outer loop
   vertex -0.085746203 0.0035555282 0.04645647
   vertex -0.084863142 0.0036933057 0.047326508
   vertex -0.085746779 0.0036933414 0.047327019
  endloop
 endfacet
 facet normal -0.011031074 -0.68707755 -0.72650035
  outer loop
   vertex -0.083745233 0.0015624796 0.051773758
   vertex -0.084749372 0.0016293543 0.051725759
   vertex -0.084818226 0.0025923251 0.050816088
  endloop
 endfacet
 facet normal -0.011031074 -0.68707755 -0.72650035
  outer loop
   vertex -0.083745233 0.0015624796 0.051773758
   vertex -0.084818226 0.0025923251 0.050816088
   vertex -0.083925965 0.0025837013 0.050826426
  endloop
 endfacet
 facet normal 5.3454601e-07 -0.96636196 0.25718586
  outer loop
   vertex -0.084002571 0.0035552223 0.046455243
   vertex -0.084005818 0.0033391203 0.045643252
   vertex -0.083174032 0.0033391884 0.045643506
  endloop
 endfacet
 facet normal 5.3454601e-07 -0.96636196 0.25718586
  outer loop
   vertex -0.084002571 0.0035552223 0.046455243
   vertex -0.083174032 0.0033391884 0.045643506
   vertex -0.083168941 0.003556268 0.046459437
  endloop
 endfacet
 facet normal 2.1836448e-15 -0.96592583 0.25881903
  outer loop
   vertex -0.082410976 0.0031028733 0.044761566
   vertex -0.082410976 0.0033454562 0.045666897
   vertex -0.083174032 0.0033391884 0.045643506
  endloop
 endfacet
 facet normal 2.1836448e-15 -0.96592583 0.25881903
  outer loop
   vertex -0.082410976 0.0031028733 0.044761566
   vertex -0.083174032 0.0033391884 0.045643506
   vertex -0.083171303 0.0031310432 0.044866697
  endloop
 endfacet
 facet normal -1.4730428e-15 -0.96592583 0.25881903
  outer loop
   vertex -0.084004435 0.0031395478 0.044898437
   vertex -0.083171303 0.0031310432 0.044866697
   vertex -0.083174032 0.0033391884 0.045643506
  endloop
 endfacet
 facet normal -1.4730428e-15 -0.96592583 0.25881903
  outer loop
   vertex -0.084004435 0.0031395478 0.044898437
   vertex -0.083174032 0.0033391884 0.045643506
   vertex -0.084005818 0.0033391203 0.045643252
  endloop
 endfacet
 facet normal 1.643206e-06 -0.96636396 0.25717832
  outer loop
   vertex -0.084002571 0.0035552223 0.046455243
   vertex -0.084863923 0.003555244 0.04645533
   vertex -0.084864889 0.0033399032 0.045646174
  endloop
 endfacet
 facet normal 1.643206e-06 -0.96636396 0.25717832
  outer loop
   vertex -0.084002571 0.0035552223 0.046455243
   vertex -0.084864889 0.0033399032 0.045646174
   vertex -0.084005818 0.0033391203 0.045643252
  endloop
 endfacet
 facet normal -1.7906666e-07 -0.96592583 0.25881903
  outer loop
   vertex -0.085745464 0.0031436581 0.044913776
   vertex -0.084864427 0.003142637 0.044909966
   vertex -0.084864889 0.0033399032 0.045646174
  endloop
 endfacet
 facet normal -1.7906666e-07 -0.96592583 0.25881903
  outer loop
   vertex -0.085745464 0.0031436581 0.044913776
   vertex -0.084864889 0.0033399032 0.045646174
   vertex -0.085745313 0.0033405288 0.045648508
  endloop
 endfacet
 facet normal 2.3975674e-15 -0.96592583 0.25881903
  outer loop
   vertex -0.084004435 0.0031395478 0.044898437
   vertex -0.084005818 0.0033391203 0.045643252
   vertex -0.084864889 0.0033399032 0.045646174
  endloop
 endfacet
 facet normal 2.3975674e-15 -0.96592583 0.25881903
  outer loop
   vertex -0.084004435 0.0031395478 0.044898437
   vertex -0.084864889 0.0033399032 0.045646174
   vertex -0.084864427 0.003142637 0.044909966
  endloop
 endfacet
 facet normal 0.021360736 -0.70419221 -0.709688
  outer loop
   vertex -0.087543182 0.0016624308 0.051765156
   vertex -0.08835818 0.0017058057 0.051697586
   vertex -0.088370451 0.0025989136 0.050811025
  endloop
 endfacet
 facet normal 0.021360736 -0.70419221 -0.709688
  outer loop
   vertex -0.087543182 0.0016624308 0.051765156
   vertex -0.088370451 0.0025989136 0.050811025
   vertex -0.087564992 0.0025894795 0.05081893
  endloop
 endfacet
 facet normal -0.0095433816 -0.69060202 -0.72317202
  outer loop
   vertex -0.085729167 0.0025943133 0.050813047
   vertex -0.085701613 0.001649632 0.051714818
   vertex -0.086635185 0.0016459109 0.051730691
  endloop
 endfacet
 facet normal -0.0095433816 -0.69060202 -0.72317202
  outer loop
   vertex -0.085729167 0.0025943133 0.050813047
   vertex -0.086635185 0.0016459109 0.051730691
   vertex -0.086650575 0.0025909607 0.050817348
  endloop
 endfacet
 facet normal 0.00092853136 -0.68666726 -0.72697126
  outer loop
   vertex -0.085729167 0.0025943133 0.050813047
   vertex -0.084818226 0.0025923251 0.050816088
   vertex -0.084749372 0.0016293543 0.051725759
  endloop
 endfacet
 facet normal 0.00092853136 -0.68666726 -0.72697126
  outer loop
   vertex -0.085729167 0.0025943133 0.050813047
   vertex -0.084749372 0.0016293543 0.051725759
   vertex -0.085701613 0.001649632 0.051714818
  endloop
 endfacet
 facet normal 0.0010260891 -0.67998845 -0.7332221
  outer loop
   vertex -0.083745233 0.0015624796 0.051773758
   vertex -0.083925965 0.0025837013 0.050826426
   vertex -0.083087092 0.0025792606 0.050831719
  endloop
 endfacet
 facet normal 0.0010260891 -0.67998845 -0.7332221
  outer loop
   vertex -0.083745233 0.0015624796 0.051773758
   vertex -0.083087092 0.0025792606 0.050831719
   vertex -0.082561608 0.0014890977 0.051823254
  endloop
 endfacet
 facet normal 0.00023443197 -0.9389013 -0.34418643
  outer loop
   vertex -0.087557355 0.0032538705 0.049747071
   vertex -0.087556475 0.0035168201 0.049029775
   vertex -0.086648618 0.0035159922 0.049032652
  endloop
 endfacet
 facet normal 0.00023443197 -0.9389013 -0.34418643
  outer loop
   vertex -0.087557355 0.0032538705 0.049747071
   vertex -0.086648618 0.0035159922 0.049032652
   vertex -0.08664873 0.0032554952 0.049743078
  endloop
 endfacet
 facet normal -8.7845656e-05 -0.981595 -0.19097445
  outer loop
   vertex -0.085746744 0.0036759593 0.048210017
   vertex -0.085745854 0.0035157581 0.04903344
   vertex -0.086648618 0.0035159922 0.049032652
  endloop
 endfacet
 facet normal -8.7845656e-05 -0.981595 -0.19097445
  outer loop
   vertex -0.085746744 0.0036759593 0.048210017
   vertex -0.086648618 0.0035159922 0.049032652
   vertex -0.086649455 0.0036760303 0.048209309
  endloop
 endfacet
 facet normal 0.0001913718 -0.98162793 -0.19080507
  outer loop
   vertex -0.087557483 0.0036762253 0.048207395
   vertex -0.086649455 0.0036760303 0.048209309
   vertex -0.086648618 0.0035159922 0.049032652
  endloop
 endfacet
 facet normal 0.0001913718 -0.98162793 -0.19080507
  outer loop
   vertex -0.087557483 0.0036762253 0.048207395
   vertex -0.086648618 0.0035159922 0.049032652
   vertex -0.087556475 0.0035168201 0.049029775
  endloop
 endfacet
 facet normal 0.0010876385 -0.93869216 -0.34475477
  outer loop
   vertex -0.087557355 0.0032538705 0.049747071
   vertex -0.088410337 0.0032488305 0.049758103
   vertex -0.088410856 0.0035185646 0.049023674
  endloop
 endfacet
 facet normal 0.0010876385 -0.93869216 -0.34475477
  outer loop
   vertex -0.087557355 0.0032538705 0.049747071
   vertex -0.088410856 0.0035185646 0.049023674
   vertex -0.087556475 0.0035168201 0.049029775
  endloop
 endfacet
 facet normal -0.00064561523 -0.98172746 -0.1902913
  outer loop
   vertex -0.087557483 0.0036762253 0.048207395
   vertex -0.087556475 0.0035168201 0.049029775
   vertex -0.088410856 0.0035185646 0.049023674
  endloop
 endfacet
 facet normal -0.00064561523 -0.98172746 -0.1902913
  outer loop
   vertex -0.087557483 0.0036762253 0.048207395
   vertex -0.088410856 0.0035185646 0.049023674
   vertex -0.088410952 0.0036768564 0.048201508
  endloop
 endfacet
 facet normal 0.00060480727 -0.99981551 -0.019198252
  outer loop
   vertex -0.082410976 0.0036768589 0.048201478
   vertex -0.08316611 0.0036763 0.048206796
   vertex -0.083167491 0.0036932245 0.047325348
  endloop
 endfacet
 facet normal 0.00060480727 -0.99981551 -0.019198252
  outer loop
   vertex -0.082410976 0.0036768589 0.048201478
   vertex -0.083167491 0.0036932245 0.047325348
   vertex -0.082410976 0.0036931476 0.047324247
  endloop
 endfacet
 facet normal 0.00045301323 -0.98772187 0.15622199
  outer loop
   vertex -0.084002571 0.0035552223 0.046455243
   vertex -0.083168941 0.003556268 0.046459437
   vertex -0.083167491 0.0036932245 0.047325348
  endloop
 endfacet
 facet normal 0.00045301323 -0.98772187 0.15622199
  outer loop
   vertex -0.084002571 0.0035552223 0.046455243
   vertex -0.083167491 0.0036932245 0.047325348
   vertex -0.084000506 0.0036932585 0.047325834
  endloop
 endfacet
 facet normal -5.2156055e-05 -0.99981134 -0.01942387
  outer loop
   vertex -0.083999618 0.0036761081 0.048208621
   vertex -0.084000506 0.0036932585 0.047325834
   vertex -0.083167491 0.0036932245 0.047325348
  endloop
 endfacet
 facet normal -5.2156055e-05 -0.99981134 -0.01942387
  outer loop
   vertex -0.083999618 0.0036761081 0.048208621
   vertex -0.083167491 0.0036932245 0.047325348
   vertex -0.08316611 0.0036763 0.048206796
  endloop
 endfacet
 facet normal -0.00018929762 -0.93889809 -0.3441952
  outer loop
   vertex -0.083991156 0.0032553725 0.049743192
   vertex -0.084856355 0.0032563602 0.049740974
   vertex -0.084861308 0.0035158148 0.049033235
  endloop
 endfacet
 facet normal -0.00018929762 -0.93889809 -0.3441952
  outer loop
   vertex -0.083991156 0.0032553725 0.049743192
   vertex -0.084861308 0.0035158148 0.049033235
   vertex -0.083998353 0.0035161319 0.049032129
  endloop
 endfacet
 facet normal -2.4542015e-05 -0.98160368 -0.19092988
  outer loop
   vertex -0.085746744 0.0036759593 0.048210017
   vertex -0.084862621 0.0036759898 0.048209747
   vertex -0.084861308 0.0035158148 0.049033235
  endloop
 endfacet
 facet normal -2.4542015e-05 -0.98160368 -0.19092988
  outer loop
   vertex -0.085746744 0.0036759593 0.048210017
   vertex -0.084861308 0.0035158148 0.049033235
   vertex -0.085745854 0.0035157581 0.04903344
  endloop
 endfacet
 facet normal 0.00011634634 -0.98164889 -0.19069728
  outer loop
   vertex -0.083999618 0.0036761081 0.048208621
   vertex -0.083998353 0.0035161319 0.049032129
   vertex -0.084861308 0.0035158148 0.049033235
  endloop
 endfacet
 facet normal 0.00011634634 -0.98164889 -0.19069728
  outer loop
   vertex -0.083999618 0.0036761081 0.048208621
   vertex -0.084861308 0.0035158148 0.049033235
   vertex -0.084862621 0.0036759898 0.048209747
  endloop
 endfacet
 facet normal 0.00071945362 -0.98196853 -0.18904309
  outer loop
   vertex -0.082410976 0.0036768589 0.048201478
   vertex -0.082410976 0.0035186112 0.049023482
   vertex -0.083165135 0.0035169299 0.049029346
  endloop
 endfacet
 facet normal 0.00071945362 -0.98196853 -0.18904309
  outer loop
   vertex -0.082410976 0.0036768589 0.048201478
   vertex -0.083165135 0.0035169299 0.049029346
   vertex -0.08316611 0.0036763 0.048206796
  endloop
 endfacet
 facet normal -0.00025075919 -0.93886172 -0.34429437
  outer loop
   vertex -0.083991156 0.0032553725 0.049743192
   vertex -0.083998353 0.0035161319 0.049032129
   vertex -0.083165135 0.0035169299 0.049029346
  endloop
 endfacet
 facet normal -0.00025075919 -0.93886172 -0.34429437
  outer loop
   vertex -0.083991156 0.0032553725 0.049743192
   vertex -0.083165135 0.0035169299 0.049029346
   vertex -0.083158408 0.0032537603 0.049746813
  endloop
 endfacet
 facet normal -0.00019060977 -0.9817427 -0.19021364
  outer loop
   vertex -0.083999618 0.0036761081 0.048208621
   vertex -0.08316611 0.0036763 0.048206796
   vertex -0.083165135 0.0035169299 0.049029346
  endloop
 endfacet
 facet normal -0.00019060977 -0.9817427 -0.19021364
  outer loop
   vertex -0.083999618 0.0036761081 0.048208621
   vertex -0.083165135 0.0035169299 0.049029346
   vertex -0.083998353 0.0035161319 0.049032129
  endloop
 endfacet
 facet normal 6.8399898e-05 -0.98766238 0.15659824
  outer loop
   vertex -0.084002571 0.0035552223 0.046455243
   vertex -0.084000506 0.0036932585 0.047325834
   vertex -0.084863142 0.0036933057 0.047326508
  endloop
 endfacet
 facet normal 6.8399898e-05 -0.98766238 0.15659824
  outer loop
   vertex -0.084002571 0.0035552223 0.046455243
   vertex -0.084863142 0.0036933057 0.047326508
   vertex -0.084863923 0.003555244 0.04645533
  endloop
 endfacet
 facet normal -5.1757095e-05 -0.9998063 -0.019681427
  outer loop
   vertex -0.085746744 0.0036759593 0.048210017
   vertex -0.085746779 0.0036933414 0.047327019
   vertex -0.084863142 0.0036933057 0.047326508
  endloop
 endfacet
 facet normal -5.1757095e-05 -0.9998063 -0.019681427
  outer loop
   vertex -0.085746744 0.0036759593 0.048210017
   vertex -0.084863142 0.0036933057 0.047326508
   vertex -0.084862621 0.0036759898 0.048209747
  endloop
 endfacet
 facet normal 0.00011154198 -0.99980787 -0.019601312
  outer loop
   vertex -0.083999618 0.0036761081 0.048208621
   vertex -0.084862621 0.0036759898 0.048209747
   vertex -0.084863142 0.0036933057 0.047326508
  endloop
 endfacet
 facet normal 0.00011154198 -0.99980787 -0.019601312
  outer loop
   vertex -0.083999618 0.0036761081 0.048208621
   vertex -0.084863142 0.0036933057 0.047326508
   vertex -0.084000506 0.0036932585 0.047325834
  endloop
 endfacet
 facet normal 0.096623722 -0.98342309 0.15343689
  outer loop
   vertex -0.089410829 0.0034655423 0.04649509
   vertex -0.08841098 0.0035614765 0.046480327
   vertex -0.088410981 0.0036931476 0.047324247
  endloop
 endfacet
 facet normal 0.096623722 -0.98342309 0.15343689
  outer loop
   vertex -0.089410829 0.0034655423 0.04649509
   vertex -0.088410981 0.0036931476 0.047324247
   vertex -0.089410976 0.0034915341 0.04734176
  endloop
 endfacet
 facet normal 0.19768502 -0.98026142 0.002860604
  outer loop
   vertex -0.089407728 0.0034946612 0.048188889
   vertex -0.089410976 0.0034915341 0.04734176
   vertex -0.088410981 0.0036931476 0.047324247
  endloop
 endfacet
 facet normal 0.19768502 -0.98026142 0.002860604
  outer loop
   vertex -0.089407728 0.0034946612 0.048188889
   vertex -0.088410981 0.0036931476 0.047324247
   vertex -0.088410952 0.0036768564 0.048201508
  endloop
 endfacet
 facet normal 0.17894524 -0.96611215 -0.18602663
  outer loop
   vertex -0.089407728 0.0034946612 0.048188889
   vertex -0.088410952 0.0036768564 0.048201508
   vertex -0.088410856 0.0035185646 0.049023674
  endloop
 endfacet
 facet normal 0.17894524 -0.96611215 -0.18602663
  outer loop
   vertex -0.089407728 0.0034946612 0.048188889
   vertex -0.088410856 0.0035185646 0.049023674
   vertex -0.089402419 0.0034624942 0.049032555
  endloop
 endfacet
endsolid rocket_tab
