solid rocket_tab
 facet normal 0.22711635 0.96126025 0.15619508
  outer loop
   vertex -0.088087671 -0.0041965049 0.052499998
   vertex -0.087524119 -0.0043296549 0.052499998
   vertex -0.087596822 -0.0041899313 0.051745821
  endloop
 endfacet
 facet normal 0.22711635 0.96126025 0.15619508
  outer loop
   vertex -0.088087671 -0.0041965049 0.052499998
   vertex -0.087596822 -0.0041899313 0.051745821
   vertex -0.088410981 -0.0041792148 0.051753607
  endloop
 endfacet
 facet normal 0.10188823 -0.95912151 0.2640165
  outer loop
   vertex -0.083124133 0.0018152179 0.052494689
   vertex -0.083109802 0.0016100066 0.051743665
   vertex -0.082413302 0.0016708085 0.051695757
  endloop
 endfacet
 facet normal 0.10188823 -0.95912151 0.2640165
  outer loop
   vertex -0.083124133 0.0018152179 0.052494689
   vertex -0.082413302 0.0016708085 0.051695757
   vertex -0.08254962 0.001569147 0.052492797
  endloop
 endfacet
 facet normal -0.97957014 -0.091304133 -0.17918116
  outer loop
   vertex -0.082434179 0.00063050234 0.052339987
   vertex -0.08254962 0.001569147 0.052492797
   vertex -0.082413302 0.0016708085 0.051695757
  endloop
 endfacet
 facet normal -0.97957014 -0.091304133 -0.17918116
  outer loop
   vertex -0.082434179 0.00063050234 0.052339987
   vertex -0.082413302 0.0016708085 0.051695757
   vertex -0.082411043 0.001306603 0.051926901
  endloop
 endfacet
 facet normal -0.99846029 0.00027457302 -0.055470474
  outer loop
   vertex -0.082434179 0.00063050234 0.052339987
   vertex -0.082411043 0.001306603 0.051926901
   vertex -0.082409173 0.00065162915 0.05189
  endloop
 endfacet
 facet normal -0.99846029 0.00027457302 -0.055470474
  outer loop
   vertex -0.082434179 0.00063050234 0.052339987
   vertex -0.082409173 0.00065162915 0.05189
   vertex -0.082409039 0.00063828027 0.052271492
  endloop
 endfacet
 facet normal -0.61246133 -0.76181794 0.21100841
  outer loop
   vertex -0.082416262 -0.00017469041 0.032529586
   vertex -0.082421605 -0.00029263693 0.032088248
   vertex -0.082411395 -0.00037996421 0.031802599
  endloop
 endfacet
 facet normal -0.61246133 -0.76181794 0.21100841
  outer loop
   vertex -0.082416262 -0.00017469041 0.032529586
   vertex -0.082411395 -0.00037996421 0.031802599
   vertex -0.082407159 -0.00059814319 0.032492984
  endloop
 endfacet
 facet normal -0.99999977 -5.3218942e-05 0.00067202576
  outer loop
   vertex -0.082410881 -0.0075118448 0.027456282
   vertex -0.082411145 -0.007466118 0.027065722
   vertex -0.082411043 -0.0079049394 0.027183302
  endloop
 endfacet
 facet normal -0.99999977 -5.3218942e-05 0.00067202576
  outer loop
   vertex -0.082410881 -0.0075118448 0.027456282
   vertex -0.082411043 -0.0079049394 0.027183302
   vertex -0.082410978 -0.0081957094 0.027261278
  endloop
 endfacet
 facet normal -0.99999808 -0.0011048194 -0.0016204272
  outer loop
   vertex -0.082411174 -0.0008936786 0.029904418
   vertex -0.082412003 -0.0011407974 0.030584634
   vertex -0.082412522 -0.00069204165 0.03059883
  endloop
 endfacet
 facet normal -0.99999808 -0.0011048194 -0.0016204272
  outer loop
   vertex -0.082411174 -0.0008936786 0.029904418
   vertex -0.082412522 -0.00069204165 0.03059883
   vertex -0.082412946 -0.00084153835 0.030040799
  endloop
 endfacet
 facet normal -0.99995778 -0.0087516212 -0.0028021324
  outer loop
   vertex -0.082410088 -0.001169325 0.031221166
   vertex -0.082415502 -0.00053695751 0.031178193
   vertex -0.082412522 -0.00069204165 0.03059883
  endloop
 endfacet
 facet normal -0.99995778 -0.0087516212 -0.0028021324
  outer loop
   vertex -0.082410088 -0.001169325 0.031221166
   vertex -0.082412522 -0.00069204165 0.03059883
   vertex -0.082412003 -0.0011407974 0.030584634
  endloop
 endfacet
 facet normal 0.28779441 -0.85968355 0.42204096
  outer loop
   vertex -0.088142421 0.0015490376 0.038967481
   vertex -0.088409539 0.0016593949 0.039374426
   vertex -0.088409596 0.0016119885 0.039277899
  endloop
 endfacet
 facet normal 0.28779441 -0.85968355 0.42204096
  outer loop
   vertex -0.088142421 0.0015490376 0.038967481
   vertex -0.088409596 0.0016119885 0.039277899
   vertex -0.08841023 0.0014741639 0.038683191
  endloop
 endfacet
 facet normal -0.99802918 -0.060116298 -0.017994282
  outer loop
   vertex -0.082421851 -0.0014710662 0.027691357
   vertex -0.082411398 -0.0015600408 0.027408855
   vertex -0.08240837 -0.0018199422 0.028109224
  endloop
 endfacet
 facet normal -0.99802918 -0.060116298 -0.017994282
  outer loop
   vertex -0.082421851 -0.0014710662 0.027691357
   vertex -0.08240837 -0.0018199422 0.028109224
   vertex -0.0824165 -0.0013523701 0.028134667
  endloop
 endfacet
 facet normal -0.99975718 -0.018068818 0.012613521
  outer loop
   vertex -0.082412167 -0.0012029577 0.028692104
   vertex -0.0824165 -0.0013523701 0.028134667
   vertex -0.08240837 -0.0018199422 0.028109224
  endloop
 endfacet
 facet normal -0.99975718 -0.018068818 0.012613521
  outer loop
   vertex -0.082412167 -0.0012029577 0.028692104
   vertex -0.08240837 -0.0018199422 0.028109224
   vertex -0.082409901 -0.0018159774 0.028728443
  endloop
 endfacet
 facet normal -0.20414744 -0.91527559 0.34726707
  outer loop
   vertex -0.082411174 -0.0008936786 0.029904418
   vertex -0.082412946 -0.00084153835 0.030040799
   vertex -0.082633737 -0.00095619912 0.029608797
  endloop
 endfacet
 facet normal -0.20414744 -0.91527559 0.34726707
  outer loop
   vertex -0.082411174 -0.0008936786 0.029904418
   vertex -0.082633737 -0.00095619912 0.029608797
   vertex -0.082411001 -0.001037859 0.029311413
  endloop
 endfacet
 facet normal -0.99999948 0.00088240512 -0.00050649764
  outer loop
   vertex -0.082411174 -0.0008936786 0.029904418
   vertex -0.082411001 -0.001037859 0.029311413
   vertex -0.082411668 -0.0017730119 0.029348863
  endloop
 endfacet
 facet normal -0.99999948 0.00088240512 -0.00050649764
  outer loop
   vertex -0.082411174 -0.0008936786 0.029904418
   vertex -0.082411668 -0.0017730119 0.029348863
   vertex -0.082412936 -0.0017151481 0.029956254
  endloop
 endfacet
 facet normal -0.99998926 -0.0038495805 -0.002581821
  outer loop
   vertex -0.082412167 -0.0012029577 0.028692104
   vertex -0.082409901 -0.0018159774 0.028728443
   vertex -0.082411668 -0.0017730119 0.029348863
  endloop
 endfacet
 facet normal -0.99998926 -0.0038495805 -0.002581821
  outer loop
   vertex -0.082412167 -0.0012029577 0.028692104
   vertex -0.082411668 -0.0017730119 0.029348863
   vertex -0.082411001 -0.001037859 0.029311413
  endloop
 endfacet
 facet normal 0.99998469 -0.0046982953 0.0029242723
  outer loop
   vertex -0.088409537 -0.011037401 0.03062638
   vertex -0.088409595 -0.010989853 0.030722868
   vertex -0.088410688 -0.010852178 0.031317616
  endloop
 endfacet
 facet normal 0.99998469 -0.0046982953 0.0029242723
  outer loop
   vertex -0.088409537 -0.011037401 0.03062638
   vertex -0.088410688 -0.010852178 0.031317616
   vertex -0.088142337 -0.01092766 0.031033401
  endloop
 endfacet
 facet normal 0.63973619 -0.7135321 -0.28567386
  outer loop
   vertex -0.088096749 -0.011573104 0.028588302
   vertex -0.088397543 -0.011687433 0.028200269
   vertex -0.088301248 -0.011591751 0.028176924
  endloop
 endfacet
 facet normal 0.63973619 -0.7135321 -0.28567386
  outer loop
   vertex -0.088096749 -0.011573104 0.028588302
   vertex -0.088301248 -0.011591751 0.028176924
   vertex -0.088399309 -0.011508987 0.028865018
  endloop
 endfacet
 facet normal 0.0053972962 0.25306614 0.96743392
  outer loop
   vertex -0.087447295 -0.01168824 0.0281974
   vertex -0.087559697 -0.01130224 0.028097055
   vertex -0.088301248 -0.011591751 0.028176924
  endloop
 endfacet
 facet normal 0.0053972962 0.25306614 0.96743392
  outer loop
   vertex -0.087447295 -0.01168824 0.0281974
   vertex -0.088301248 -0.011591751 0.028176924
   vertex -0.088397543 -0.011687433 0.028200269
  endloop
 endfacet
 facet normal 0.99996539 0.0065215135 -0.0051664558
  outer loop
   vertex -0.088416871 -0.010702952 0.0287036
   vertex -0.0884135 -0.010696927 0.029363801
   vertex -0.088408766 -0.0113516 0.029453598
  endloop
 endfacet
 facet normal 0.99996539 0.0065215135 -0.0051664558
  outer loop
   vertex -0.088416871 -0.010702952 0.0287036
   vertex -0.088408766 -0.0113516 0.029453598
   vertex -0.088399309 -0.011508987 0.028865018
  endloop
 endfacet
 facet normal 0.9921586 0.12477501 0.0072461331
  outer loop
   vertex -0.088301248 -0.011591751 0.028176924
   vertex -0.088409343 -0.010718308 0.027937187
   vertex -0.088416871 -0.010702952 0.0287036
  endloop
 endfacet
 facet normal 0.9921586 0.12477501 0.0072461331
  outer loop
   vertex -0.088301248 -0.011591751 0.028176924
   vertex -0.088416871 -0.010702952 0.0287036
   vertex -0.088399309 -0.011508987 0.028865018
  endloop
 endfacet
 facet normal -0.0014406876 0.26451828 0.96437959
  outer loop
   vertex -0.087623483 -0.010714734 0.027937381
   vertex -0.088409343 -0.010718308 0.027937187
   vertex -0.088301248 -0.011591751 0.028176924
  endloop
 endfacet
 facet normal -0.0014406876 0.26451828 0.96437959
  outer loop
   vertex -0.087623483 -0.010714734 0.027937381
   vertex -0.088301248 -0.011591751 0.028176924
   vertex -0.087559697 -0.01130224 0.028097055
  endloop
 endfacet
 facet normal -0.9999834 -0.00570991 0.00077651528
  outer loop
   vertex -0.082411481 0.0013022687 0.051330893
   vertex -0.082411043 0.001306603 0.051926901
   vertex -0.082413302 0.0016708085 0.051695757
  endloop
 endfacet
 facet normal -0.9999834 -0.00570991 0.00077651528
  outer loop
   vertex -0.082411481 0.0013022687 0.051330893
   vertex -0.082413302 0.0016708085 0.051695757
   vertex -0.082411 0.0020226606 0.051410321
  endloop
 endfacet
 facet normal -0.89794631 -0.26188674 -0.35370576
  outer loop
   vertex -0.088407905 0.0013186773 0.051932634
   vertex -0.088410742 0.0015983313 0.051732778
   vertex -0.088407975 0.002019202 0.051414138
  endloop
 endfacet
 facet normal -0.89794631 -0.26188674 -0.35370576
  outer loop
   vertex -0.088407905 0.0013186773 0.051932634
   vertex -0.088407975 0.002019202 0.051414138
   vertex -0.087982878 0.0015197616 0.051835483
  endloop
 endfacet
 facet normal 0.25526682 0.87569942 -0.40986508
  outer loop
   vertex -0.088139328 -0.0060543918 0.049188908
   vertex -0.088409541 -0.0061813484 0.048749368
   vertex -0.088409597 -0.0061150465 0.04889099
  endloop
 endfacet
 facet normal 0.25526682 0.87569942 -0.40986508
  outer loop
   vertex -0.088139328 -0.0060543918 0.049188908
   vertex -0.088409597 -0.0061150465 0.04889099
   vertex -0.088409668 -0.0059440303 0.04950659
  endloop
 endfacet
 facet normal 0.99999798 -0.0011500382 -0.0016495685
  outer loop
   vertex -0.088409596 0.0035361593 0.048865352
   vertex -0.08841112 0.0032442407 0.04814487
   vertex -0.088410641 0.0036845602 0.048128182
  endloop
 endfacet
 facet normal 0.99999798 -0.0011500382 -0.0016495685
  outer loop
   vertex -0.088409596 0.0035361593 0.048865352
   vertex -0.088410641 0.0036845602 0.048128182
   vertex -0.088409539 0.0035909733 0.048732923
  endloop
 endfacet
 facet normal 0.2140713 -0.90258987 -0.37350369
  outer loop
   vertex -0.088409596 0.0035361593 0.048865352
   vertex -0.088409539 0.0035909733 0.048732923
   vertex -0.08814805 0.0034730809 0.049167687
  endloop
 endfacet
 facet normal 0.2140713 -0.90258987 -0.37350369
  outer loop
   vertex -0.088409596 0.0035361593 0.048865352
   vertex -0.08814805 0.0034730809 0.049167687
   vertex -0.088409668 0.0033677789 0.04947706
  endloop
 endfacet
 facet normal 0.99999841 -0.0017667324 0.00022600872
  outer loop
   vertex -0.088409539 0.0036442942 0.04688795
   vertex -0.088409596 0.0035971275 0.046770884
   vertex -0.088409671 0.0034747439 0.046149542
  endloop
 endfacet
 facet normal 0.99999841 -0.0017667324 0.00022600872
  outer loop
   vertex -0.088409539 0.0036442942 0.04688795
   vertex -0.088409671 0.0034747439 0.046149542
   vertex -0.088141742 0.0035484583 0.046439065
  endloop
 endfacet
 facet normal -0.99991858 -0.012522235 0.0024537085
  outer loop
   vertex -0.082405201 -0.0025067319 0.026216503
   vertex -0.082413246 -0.0018591258 0.026243382
   vertex -0.082412675 -0.0020287966 0.025610013
  endloop
 endfacet
 facet normal -0.99991858 -0.012522235 0.0024537085
  outer loop
   vertex -0.082405201 -0.0025067319 0.026216503
   vertex -0.082412675 -0.0020287966 0.025610013
   vertex -0.082417719 -0.002538237 0.025745401
  endloop
 endfacet
 facet normal -0.99942355 0.022945638 0.025021157
  outer loop
   vertex -0.082405201 -0.0025067319 0.026216503
   vertex -0.082417719 -0.002538237 0.025745401
   vertex -0.082424226 -0.0029384752 0.025852523
  endloop
 endfacet
 facet normal -0.99942355 0.022945638 0.025021157
  outer loop
   vertex -0.082405201 -0.0025067319 0.026216503
   vertex -0.082424226 -0.0029384752 0.025852523
   vertex -0.082411512 -0.0032177824 0.025943202
  endloop
 endfacet
 facet normal -0.0038479537 0.25776976 0.96619871
  outer loop
   vertex -0.083122785 -0.011310572 0.028096926
   vertex -0.083177705 -0.011688224 0.02819746
   vertex -0.082419465 -0.011687433 0.028200269
  endloop
 endfacet
 facet normal -0.0038479537 0.25776976 0.96619871
  outer loop
   vertex -0.083122785 -0.011310572 0.028096926
   vertex -0.082419465 -0.011687433 0.028200269
   vertex -0.082477432 -0.011591751 0.028176924
  endloop
 endfacet
 facet normal 0.0065007101 0.78056163 -0.62504503
  outer loop
   vertex -0.08768725 -0.004899513 0.051133536
   vertex -0.087694927 -0.0054630698 0.050429682
   vertex -0.08841093 -0.0054924966 0.050385487
  endloop
 endfacet
 facet normal 0.0065007101 0.78056163 -0.62504503
  outer loop
   vertex -0.08768725 -0.004899513 0.051133536
   vertex -0.08841093 -0.0054924966 0.050385487
   vertex -0.088410974 -0.005206625 0.050782669
  endloop
 endfacet
 facet normal 0.0065007101 0.78056163 -0.62504503
  outer loop
   vertex -0.08768725 -0.004899513 0.051133536
   vertex -0.088410974 -0.005206625 0.050782669
   vertex -0.08841098 -0.0048961915 0.051136976
  endloop
 endfacet
 facet normal 0.034129579 -0.97416425 0.2232469
  outer loop
   vertex -0.088409596 -0.00023380141 0.032395072
   vertex -0.088410034 -0.00037019261 0.03179998
   vertex -0.088140203 -0.00029569475 0.032083809
  endloop
 endfacet
 facet normal 0.034129579 -0.97416425 0.2232469
  outer loop
   vertex -0.088409596 -0.00023380141 0.032395072
   vertex -0.088140203 -0.00029569475 0.032083809
   vertex -0.088409539 -0.00018495903 0.032491214
  endloop
 endfacet
 facet normal 8.7451407e-05 0.96591133 -0.25887312
  outer loop
   vertex -0.088135911 -0.0079097108 0.042299071
   vertex -0.088410979 -0.0080257105 0.041866158
   vertex -0.088410981 -0.0079883811 0.042005442
  endloop
 endfacet
 facet normal 8.7451407e-05 0.96591133 -0.25887312
  outer loop
   vertex -0.088135911 -0.0079097108 0.042299071
   vertex -0.088410981 -0.0079883811 0.042005442
   vertex -0.088410978 -0.007830348 0.042595261
  endloop
 endfacet
 facet normal 0.00031689925 0.25736201 0.96631501
  outer loop
   vertex -0.087627669 -0.0098299417 0.027699299
   vertex -0.088132486 -0.0098058345 0.027693044
   vertex -0.088410609 -0.010101091 0.027771772
  endloop
 endfacet
 facet normal 0.00031689925 0.25736201 0.96631501
  outer loop
   vertex -0.087627669 -0.0098299417 0.027699299
   vertex -0.088410609 -0.010101091 0.027771772
   vertex -0.088409343 -0.010718308 0.027937187
  endloop
 endfacet
 facet normal 0.00031689925 0.25736201 0.96631501
  outer loop
   vertex -0.087627669 -0.0098299417 0.027699299
   vertex -0.088409343 -0.010718308 0.027937187
   vertex -0.087623483 -0.010714734 0.027937381
  endloop
 endfacet
 facet normal 0.99987948 0.0043834358 0.014893047
  outer loop
   vertex -0.088410895 -0.0093722714 0.027576475
   vertex -0.088410873 -0.0095110109 0.027615836
   vertex -0.088410609 -0.010101091 0.027771772
  endloop
 endfacet
 facet normal 0.99987948 0.0043834358 0.014893047
  outer loop
   vertex -0.088410895 -0.0093722714 0.027576475
   vertex -0.088410609 -0.010101091 0.027771772
   vertex -0.088132486 -0.0098058345 0.027693044
  endloop
 endfacet
 facet normal 1 8.1049345e-05 4.2177885e-05
  outer loop
   vertex -0.088410979 -0.010536929 0.032494164
   vertex -0.088410943 -0.010686296 0.031936716
   vertex -0.088410985 -0.010157906 0.031917708
  endloop
 endfacet
 facet normal 1 8.1049345e-05 4.2177885e-05
  outer loop
   vertex -0.088410979 -0.010536929 0.032494164
   vertex -0.088410985 -0.010157906 0.031917708
   vertex -0.088410981 -0.010499599 0.032633448
  endloop
 endfacet
 facet normal 0.042581656 0.97465399 -0.21962788
  outer loop
   vertex -0.088409596 -0.0098089655 0.035116387
   vertex -0.088410682 -0.0096746925 0.035712047
   vertex -0.088136248 -0.0097535859 0.035415145
  endloop
 endfacet
 facet normal 0.042581656 0.97465399 -0.21962788
  outer loop
   vertex -0.088409596 -0.0098089655 0.035116387
   vertex -0.088136248 -0.0097535859 0.035415145
   vertex -0.088409539 -0.0098698153 0.034983843
  endloop
 endfacet
 facet normal 0.99999528 -0.0024392747 0.0018697667
  outer loop
   vertex -0.088409539 0.00049180922 0.035016963
   vertex -0.088410219 0.0006417032 0.035576391
   vertex -0.088411496 0.00012343965 0.035583314
  endloop
 endfacet
 facet normal 0.99999528 -0.0024392747 0.0018697667
  outer loop
   vertex -0.088409539 0.00049180922 0.035016963
   vertex -0.088411496 0.00012343965 0.035583314
   vertex -0.088409596 0.00043110024 0.034884381
  endloop
 endfacet
 facet normal -0.0023055852 -0.96592192 0.25882334
  outer loop
   vertex -0.088410687 0.00029668626 0.034288759
   vertex -0.088136522 0.00037561132 0.034585747
   vertex -0.088409539 0.00049180922 0.035016963
  endloop
 endfacet
 facet normal -0.0023055852 -0.96592192 0.25882334
  outer loop
   vertex -0.088410687 0.00029668626 0.034288759
   vertex -0.088409539 0.00049180922 0.035016963
   vertex -0.088409596 0.00043110024 0.034884381
  endloop
 endfacet
 facet normal 0.99999997 0.00019339994 0.00011353878
  outer loop
   vertex -0.088410986 -0.0070152969 0.04253508
   vertex -0.088411064 -0.0069802137 0.043157758
   vertex -0.088410938 -0.0076637291 0.043217087
  endloop
 endfacet
 facet normal 0.99999997 0.00019339994 0.00011353878
  outer loop
   vertex -0.088410986 -0.0070152969 0.04253508
   vertex -0.088410938 -0.0076637291 0.043217087
   vertex -0.088410978 -0.007830348 0.042595261
  endloop
 endfacet
 facet normal 0.99997801 -0.0058359507 0.0031482272
  outer loop
   vertex -0.088409539 -0.0073571096 0.044361392
   vertex -0.088409596 -0.0072982739 0.044488522
   vertex -0.088410684 -0.0071634745 0.045084041
  endloop
 endfacet
 facet normal 0.99997801 -0.0058359507 0.0031482272
  outer loop
   vertex -0.088409539 -0.0073571096 0.044361392
   vertex -0.088410684 -0.0071634745 0.045084041
   vertex -0.088137357 -0.0072418643 0.044789015
  endloop
 endfacet
 facet normal 0.99990896 -0.012413766 0.0052893618
  outer loop
   vertex -0.088409596 0.0029417918 0.044256516
   vertex -0.088409539 0.0030034022 0.04439036
   vertex -0.088410634 0.0031529262 0.044948384
  endloop
 endfacet
 facet normal 0.99990896 -0.012413766 0.0052893618
  outer loop
   vertex -0.088409596 0.0029417918 0.044256516
   vertex -0.088410634 0.0031529262 0.044948384
   vertex -0.088411209 0.0026399596 0.044954285
  endloop
 endfacet
 facet normal -0.0024253823 0.25882936 0.96592002
  outer loop
   vertex -0.088410688 -0.0081957237 0.027261225
   vertex -0.08814098 -0.007912072 0.027185895
   vertex -0.088409539 -0.0075044868 0.027076003
  endloop
 endfacet
 facet normal -0.0024253823 0.25882936 0.96592002
  outer loop
   vertex -0.088410688 -0.0081957237 0.027261225
   vertex -0.088409539 -0.0075044868 0.027076003
   vertex -0.088409596 -0.00760083 0.027124094
  endloop
 endfacet
 facet normal 0.99999679 0.002225239 0.0012105579
  outer loop
   vertex -0.088409539 -0.0075044868 0.027076003
   vertex -0.088410672 -0.0069080932 0.026916203
   vertex -0.088411261 -0.0069087317 0.027403273
  endloop
 endfacet
 facet normal 0.99999679 0.002225239 0.0012105579
  outer loop
   vertex -0.088409539 -0.0075044868 0.027076003
   vertex -0.088411261 -0.0069087317 0.027403273
   vertex -0.088409596 -0.00760083 0.027124094
  endloop
 endfacet
 facet normal -3.6807224e-06 0.96592581 -0.25881912
  outer loop
   vertex -0.088410978 -0.010341566 0.033223267
   vertex -0.088134882 -0.010420849 0.032927377
   vertex -0.088410979 -0.010536929 0.032494164
  endloop
 endfacet
 facet normal -3.6807224e-06 0.96592581 -0.25881912
  outer loop
   vertex -0.088410978 -0.010341566 0.033223267
   vertex -0.088410979 -0.010536929 0.032494164
   vertex -0.088410981 -0.010499599 0.032633448
  endloop
 endfacet
 facet normal 0.9999709 0.0064947059 0.0040017897
  outer loop
   vertex -0.088410496 0.0031065402 0.050042618
   vertex -0.088410557 0.0029354403 0.050335663
   vertex -0.088410332 0.0026511462 0.050740783
  endloop
 endfacet
 facet normal 0.9999709 0.0064947059 0.0040017897
  outer loop
   vertex -0.088410496 0.0031065402 0.050042618
   vertex -0.088410332 0.0026511462 0.050740783
   vertex -0.088412127 0.0025396372 0.050029105
  endloop
 endfacet
 facet normal 1 1.161679e-06 8.8293922e-06
  outer loop
   vertex -0.088410981 -0.0079883811 0.042005442
   vertex -0.088410981 -0.0070538688 0.041922967
   vertex -0.088410986 -0.0070152969 0.04253508
  endloop
 endfacet
 facet normal 1 1.161679e-06 8.8293922e-06
  outer loop
   vertex -0.088410981 -0.0079883811 0.042005442
   vertex -0.088410986 -0.0070152969 0.04253508
   vertex -0.088410978 -0.007830348 0.042595261
  endloop
 endfacet
 facet normal 0.784592 -0.35260037 0.5099886
  outer loop
   vertex -0.08810068 -0.00084111216 0.030027011
   vertex -0.088405384 -0.00069205997 0.030598835
   vertex -0.088405429 -0.00082966462 0.030503767
  endloop
 endfacet
 facet normal 0.784592 -0.35260037 0.5099886
  outer loop
   vertex -0.08810068 -0.00084111216 0.030027011
   vertex -0.088405429 -0.00082966462 0.030503767
   vertex -0.088410875 -0.00088433508 0.029901914
  endloop
 endfacet
 facet normal 0.99997974 -0.0055589833 0.0030998654
  outer loop
   vertex -0.088409539 -0.0091982484 0.037490179
   vertex -0.088409596 -0.0091440638 0.037605695
   vertex -0.088410683 -0.0090078263 0.038200829
  endloop
 endfacet
 facet normal 0.99997974 -0.0055589833 0.0030998654
  outer loop
   vertex -0.088409539 -0.0091982484 0.037490179
   vertex -0.088410683 -0.0090078263 0.038200829
   vertex -0.088140326 -0.009085189 0.03790961
  endloop
 endfacet
 facet normal 1 8.1334969e-05 3.1474815e-05
  outer loop
   vertex -0.088410943 -0.0081750779 0.04130871
   vertex -0.088410986 -0.0076505609 0.041291567
   vertex -0.088410981 -0.0079883811 0.042005442
  endloop
 endfacet
 facet normal 1 8.1334969e-05 3.1474815e-05
  outer loop
   vertex -0.088410943 -0.0081750779 0.04130871
   vertex -0.088410981 -0.0079883811 0.042005442
   vertex -0.088410979 -0.0080257105 0.041866158
  endloop
 endfacet
 facet normal 0.99999999 7.6004433e-05 -0.00013162255
  outer loop
   vertex -0.088411072 -0.0076185412 0.040654228
   vertex -0.088410986 -0.0076505609 0.041291567
   vertex -0.088410943 -0.0081750779 0.04130871
  endloop
 endfacet
 facet normal 0.99999999 7.6004433e-05 -0.00013162255
  outer loop
   vertex -0.088411072 -0.0076185412 0.040654228
   vertex -0.088410943 -0.0081750779 0.04130871
   vertex -0.088410688 -0.0083409602 0.040689611
  endloop
 endfacet
 facet normal 0.034433462 0.97347281 -0.22619686
  outer loop
   vertex -0.088409596 -0.0084791622 0.040095004
   vertex -0.088410688 -0.0083409602 0.040689611
   vertex -0.088143493 -0.0084165177 0.040405112
  endloop
 endfacet
 facet normal 0.034433462 0.97347281 -0.22619686
  outer loop
   vertex -0.088409596 -0.0084791622 0.040095004
   vertex -0.088143493 -0.0084165177 0.040405112
   vertex -0.088409539 -0.0085261838 0.039998374
  endloop
 endfacet
 facet normal 0.99998022 0.0054806979 -0.0030841514
  outer loop
   vertex -0.088409539 0.0023314595 0.04188262
   vertex -0.088409596 0.0022768901 0.041767208
   vertex -0.088410687 0.002141038 0.041171971
  endloop
 endfacet
 facet normal 0.99998022 0.0054806979 -0.0030841514
  outer loop
   vertex -0.088409539 0.0023314595 0.04188262
   vertex -0.088410687 0.002141038 0.041171971
   vertex -0.088139346 0.0022183387 0.041462932
  endloop
 endfacet
 facet normal 0.99999999 0.00010696584 7.4773926e-05
  outer loop
   vertex -0.088410895 -0.0093722714 0.027576475
   vertex -0.088410943 -0.0088148229 0.027427107
   vertex -0.088410985 -0.0087970959 0.02796131
  endloop
 endfacet
 facet normal 0.99999999 0.00010696584 7.4773926e-05
  outer loop
   vertex -0.088410895 -0.0093722714 0.027576475
   vertex -0.088410985 -0.0087970959 0.02796131
   vertex -0.088410873 -0.0095110109 0.027615836
  endloop
 endfacet
 facet normal -0.021774964 -0.96567472 0.25884007
  outer loop
   vertex -0.088407951 -0.0015477345 0.027405557
   vertex -0.088134524 -0.0014745035 0.027701768
   vertex -0.088407651 -0.0013523141 0.028134652
  endloop
 endfacet
 facet normal -0.021774964 -0.96567472 0.25884007
  outer loop
   vertex -0.088407951 -0.0015477345 0.027405557
   vertex -0.088407651 -0.0013523141 0.028134652
   vertex -0.088407781 -0.0014471659 0.028010781
  endloop
 endfacet
 facet normal -0.012002082 -0.96311168 0.26883423
  outer loop
   vertex -0.088408948 -0.0010370749 0.029311203
   vertex -0.088053578 -0.0009568052 0.029614638
   vertex -0.08810068 -0.00084111216 0.030027011
  endloop
 endfacet
 facet normal -0.012002082 -0.96311168 0.26883423
  outer loop
   vertex -0.088408948 -0.0010370749 0.029311203
   vertex -0.08810068 -0.00084111216 0.030027011
   vertex -0.088410875 -0.00088433508 0.029901914
  endloop
 endfacet
 facet normal 0.99998812 0.0045870885 -0.0016514346
  outer loop
   vertex -0.088411939 -0.010727364 0.030032783
   vertex -0.088409595 -0.010989853 0.030722868
   vertex -0.088409537 -0.011037401 0.03062638
  endloop
 endfacet
 facet normal 0.99998812 0.0045870885 -0.0016514346
  outer loop
   vertex -0.088411939 -0.010727364 0.030032783
   vertex -0.088409537 -0.011037401 0.03062638
   vertex -0.08840999 -0.011197195 0.030029984
  endloop
 endfacet
 facet normal 0.99997379 0.0069536532 -0.002016319
  outer loop
   vertex -0.088408766 -0.0113516 0.029453598
   vertex -0.0884135 -0.010696927 0.029363801
   vertex -0.088411939 -0.010727364 0.030032783
  endloop
 endfacet
 facet normal 0.99997379 0.0069536532 -0.002016319
  outer loop
   vertex -0.088408766 -0.0113516 0.029453598
   vertex -0.088411939 -0.010727364 0.030032783
   vertex -0.08840999 -0.011197195 0.030029984
  endloop
 endfacet
 facet normal 0.57988686 -0.61048261 0.53948328
  outer loop
   vertex -0.088135144 0.0010360312 0.037075348
   vertex -0.088407044 0.0011588979 0.037506648
   vertex -0.088407197 0.0010521136 0.037385975
  endloop
 endfacet
 facet normal 0.57988686 -0.61048261 0.53948328
  outer loop
   vertex -0.088135144 0.0010360312 0.037075348
   vertex -0.088407197 0.0010521136 0.037385975
   vertex -0.0884074 0.00096346942 0.036777563
  endloop
 endfacet
 facet normal 0.036538061 0.97394866 -0.22380569
  outer loop
   vertex -0.088409596 -0.0066333722 0.04697783
   vertex -0.088410659 -0.0064966079 0.047572823
   vertex -0.088140466 -0.0065719025 0.047289269
  endloop
 endfacet
 facet normal 0.036538061 0.97394866 -0.22380569
  outer loop
   vertex -0.088409596 -0.0066333722 0.04697783
   vertex -0.088140466 -0.0065719025 0.047289269
   vertex -0.088409539 -0.0066818299 0.046881586
  endloop
 endfacet
 facet normal 0.99999912 0.0010803154 -0.00076589322
  outer loop
   vertex -0.088411235 -0.0069841665 0.043788122
   vertex -0.088410662 -0.007508497 0.04379641
   vertex -0.088410938 -0.0076637291 0.043217087
  endloop
 endfacet
 facet normal 0.99999912 0.0010803154 -0.00076589322
  outer loop
   vertex -0.088411235 -0.0069841665 0.043788122
   vertex -0.088410938 -0.0076637291 0.043217087
   vertex -0.088411064 -0.0069802137 0.043157758
  endloop
 endfacet
 facet normal 0.99999686 0.0010565044 -0.0022721272
  outer loop
   vertex -0.088409539 -0.0073571096 0.044361392
   vertex -0.088410662 -0.007508497 0.04379641
   vertex -0.088411235 -0.0069841665 0.043788122
  endloop
 endfacet
 facet normal 0.99999686 0.0010565044 -0.0022721272
  outer loop
   vertex -0.088409539 -0.0073571096 0.044361392
   vertex -0.088411235 -0.0069841665 0.043788122
   vertex -0.088409596 -0.0072982739 0.044488522
  endloop
 endfacet
 facet normal 0.043256345 -0.97476923 0.21898366
  outer loop
   vertex -0.088409596 0.0029417918 0.044256516
   vertex -0.088410686 0.0028079042 0.043660753
   vertex -0.088135412 0.0028868862 0.043957953
  endloop
 endfacet
 facet normal 0.043256345 -0.97476923 0.21898366
  outer loop
   vertex -0.088409596 0.0029417918 0.044256516
   vertex -0.088135412 0.0028868862 0.043957953
   vertex -0.088409539 0.0030034022 0.04439036
  endloop
 endfacet
 facet normal 0.99999947 -0.0010275783 -2.6245635e-05
  outer loop
   vertex -0.088411101 0.0032535841 0.04748079
   vertex -0.08841064 0.0037019798 0.047492602
   vertex -0.088410641 0.0036845602 0.048128182
  endloop
 endfacet
 facet normal 0.99999947 -0.0010275783 -2.6245635e-05
  outer loop
   vertex -0.088411101 0.0032535841 0.04748079
   vertex -0.088410641 0.0036845602 0.048128182
   vertex -0.08841112 0.0032442407 0.04814487
  endloop
 endfacet
 facet normal 0.99999757 -0.0010789461 0.0019238137
  outer loop
   vertex -0.088409539 0.0036442942 0.04688795
   vertex -0.08841064 0.0037019798 0.047492602
   vertex -0.088411101 0.0032535841 0.04748079
  endloop
 endfacet
 facet normal 0.99999757 -0.0010789461 0.0019238137
  outer loop
   vertex -0.088409539 0.0036442942 0.04688795
   vertex -0.088411101 0.0032535841 0.04748079
   vertex -0.088409596 0.0035971275 0.046770884
  endloop
 endfacet
 facet normal 0.28093014 0.4148464 0.86543672
  outer loop
   vertex -0.088137965 -0.0054164441 0.026517182
   vertex -0.088409539 -0.0049962922 0.026403939
   vertex -0.088409596 -0.0051115216 0.026459192
  endloop
 endfacet
 facet normal 0.28093014 0.4148464 0.86543672
  outer loop
   vertex -0.088137965 -0.0054164441 0.026517182
   vertex -0.088409596 -0.0051115216 0.026459192
   vertex -0.088410687 -0.0057069417 0.026594359
  endloop
 endfacet
 facet normal 0.99999993 -0.00013038822 -0.00036431776
  outer loop
   vertex -0.088410957 -0.0025991814 0.025761631
   vertex -0.088410938 -0.0020290711 0.025608889
   vertex -0.088410748 -0.0019016322 0.02608451
  endloop
 endfacet
 facet normal 0.99999993 -0.00013038822 -0.00036431776
  outer loop
   vertex -0.088410957 -0.0025991814 0.025761631
   vertex -0.088410748 -0.0019016322 0.02608451
   vertex -0.088407777 -0.0026588965 0.025830489
  endloop
 endfacet
 facet normal 0.99806832 -0.016057392 -0.060014852
  outer loop
   vertex -0.088410957 -0.0025991814 0.025761631
   vertex -0.088407777 -0.0026588965 0.025830489
   vertex -0.088410942 -0.0032217365 0.025928445
  endloop
 endfacet
 facet normal 0.99806832 -0.016057392 -0.060014852
  outer loop
   vertex -0.088410957 -0.0025991814 0.025761631
   vertex -0.088410942 -0.0032217365 0.025928445
   vertex -0.088125633 -0.0029612516 0.025858676
  endloop
 endfacet
 facet normal -0.86149004 -0.48614779 0.14661253
  outer loop
   vertex -0.082411292 -0.011502005 0.028863148
   vertex -0.082477432 -0.011591751 0.028176924
   vertex -0.082419465 -0.011687433 0.028200269
  endloop
 endfacet
 facet normal -0.86149004 -0.48614779 0.14661253
  outer loop
   vertex -0.082411292 -0.011502005 0.028863148
   vertex -0.082419465 -0.011687433 0.028200269
   vertex -0.082648532 -0.011595256 0.028582453
  endloop
 endfacet
 facet normal -0.0002939118 0.68773144 -0.72596514
  outer loop
   vertex -0.08768725 -0.004899513 0.051133536
   vertex -0.08841098 -0.0048961915 0.051136976
   vertex -0.088410981 -0.0045550776 0.051460125
  endloop
 endfacet
 facet normal -0.0002939118 0.68773144 -0.72596514
  outer loop
   vertex -0.08768725 -0.004899513 0.051133536
   vertex -0.088410981 -0.0045550776 0.051460125
   vertex -0.088410981 -0.0041792148 0.051753607
  endloop
 endfacet
 facet normal -0.0002939118 0.68773144 -0.72596514
  outer loop
   vertex -0.08768725 -0.004899513 0.051133536
   vertex -0.088410981 -0.0041792148 0.051753607
   vertex -0.087596822 -0.0041899313 0.051745821
  endloop
 endfacet
 facet normal 0.46125016 -0.84653279 0.26576403
  outer loop
   vertex -0.088407905 0.0013186773 0.051932634
   vertex -0.087982878 0.0015197616 0.051835483
   vertex -0.088190398 0.0016144036 0.052497108
  endloop
 endfacet
 facet normal 0.46125016 -0.84653279 0.26576403
  outer loop
   vertex -0.088407905 0.0013186773 0.051932634
   vertex -0.088190398 0.0016144036 0.052497108
   vertex -0.088401112 0.00053670657 0.052388745
  endloop
 endfacet
 facet normal 0.98483756 -0.080943308 -0.1534378
  outer loop
   vertex -0.088407905 0.0013186773 0.051932634
   vertex -0.088401112 0.00053670657 0.052388745
   vertex -0.088410978 0.00057779942 0.052303746
  endloop
 endfacet
 facet normal 0.98483756 -0.080943308 -0.1534378
  outer loop
   vertex -0.088407905 0.0013186773 0.051932634
   vertex -0.088410978 0.00057779942 0.052303746
   vertex -0.088413186 0.00066421706 0.051947397
  endloop
 endfacet
 facet normal 0.99271964 -0.051696076 0.10878981
  outer loop
   vertex -0.088410981 -0.0030373526 0.052355955
   vertex -0.088410981 -0.003826016 0.051981188
   vertex -0.088408054 -0.0038131177 0.051960604
  endloop
 endfacet
 facet normal 0.99271964 -0.051696076 0.10878981
  outer loop
   vertex -0.088410981 -0.0030373526 0.052355955
   vertex -0.088408054 -0.0038131177 0.051960604
   vertex -0.088410981 -0.0031347702 0.051922006
  endloop
 endfacet
 facet normal 0.095715747 0.83730955 0.53828544
  outer loop
   vertex -0.088408054 -0.0038131177 0.051960604
   vertex -0.088410981 -0.003826016 0.051981188
   vertex -0.088087671 -0.0041965049 0.052499998
  endloop
 endfacet
 facet normal 0.095715747 0.83730955 0.53828544
  outer loop
   vertex -0.088408054 -0.0038131177 0.051960604
   vertex -0.088087671 -0.0041965049 0.052499998
   vertex -0.088410981 -0.0041792148 0.051753607
  endloop
 endfacet
 facet normal -0.001601198 0.97076431 0.24002934
  outer loop
   vertex -0.084997228 -0.0041979516 0.051739994
   vertex -0.084999043 -0.0043858718 0.052499998
   vertex -0.084368465 -0.0043848317 0.052499998
  endloop
 endfacet
 facet normal -0.001601198 0.97076431 0.24002934
  outer loop
   vertex -0.084997228 -0.0041979516 0.051739994
   vertex -0.084368465 -0.0043848317 0.052499998
   vertex -0.084358692 -0.0041926855 0.05174382
  endloop
 endfacet
 facet normal -0.33983201 0.91891258 -0.20028449
  outer loop
   vertex -0.083143435 -0.0043028415 0.052491873
   vertex -0.082563811 -0.0040876478 0.052495714
   vertex -0.082412003 -0.0041958906 0.051741513
  endloop
 endfacet
 facet normal -0.33983201 0.91891258 -0.20028449
  outer loop
   vertex -0.083143435 -0.0043028415 0.052491873
   vertex -0.082412003 -0.0041958906 0.051741513
   vertex -0.08311293 -0.0041919816 0.051747785
  endloop
 endfacet
 facet normal 0.00024684084 0.9707645 0.2400338
  outer loop
   vertex -0.085631314 -0.004385711 0.052499998
   vertex -0.084999043 -0.0043858718 0.052499998
   vertex -0.084997228 -0.0041979516 0.051739994
  endloop
 endfacet
 facet normal 0.00024684084 0.9707645 0.2400338
  outer loop
   vertex -0.085631314 -0.004385711 0.052499998
   vertex -0.084997228 -0.0041979516 0.051739994
   vertex -0.085637568 -0.0041984469 0.051739634
  endloop
 endfacet
 facet normal 0.076935902 0.9816556 0.17445102
  outer loop
   vertex -0.087596822 -0.0041899313 0.051745821
   vertex -0.087524119 -0.0043296549 0.052499998
   vertex -0.086903424 -0.004378301 0.052499998
  endloop
 endfacet
 facet normal 0.076935902 0.9816556 0.17445102
  outer loop
   vertex -0.087596822 -0.0041899313 0.051745821
   vertex -0.086903424 -0.004378301 0.052499998
   vertex -0.086940388 -0.0041882673 0.05174703
  endloop
 endfacet
 facet normal -0.91186228 -0.40799207 0.045273015
  outer loop
   vertex -0.08240731 -0.0030980426 0.052398038
   vertex -0.082410747 -0.0030978951 0.052330126
   vertex -0.08240683 -0.0031518397 0.051922895
  endloop
 endfacet
 facet normal -0.91186228 -0.40799207 0.045273015
  outer loop
   vertex -0.08240731 -0.0030980426 0.052398038
   vertex -0.08240683 -0.0031518397 0.051922895
   vertex -0.082410983 -0.0038328253 0.05197398
  endloop
 endfacet
 facet normal 0.99908857 -0.024973207 0.034617421
  outer loop
   vertex -0.08240731 -0.0030980426 0.052398038
   vertex -0.082410983 -0.0038328253 0.05197398
   vertex -0.082412003 -0.0041958906 0.051741513
  endloop
 endfacet
 facet normal 0.99908857 -0.024973207 0.034617421
  outer loop
   vertex -0.08240731 -0.0030980426 0.052398038
   vertex -0.082412003 -0.0041958906 0.051741513
   vertex -0.082563811 -0.0040876478 0.052495714
  endloop
 endfacet
 facet normal -0.010979163 0.96917535 0.24612721
  outer loop
   vertex -0.083724575 -0.0041870252 0.051749818
   vertex -0.084358692 -0.0041926855 0.05174382
   vertex -0.084368465 -0.0043848317 0.052499998
  endloop
 endfacet
 facet normal -0.010979163 0.96917535 0.24612721
  outer loop
   vertex -0.083724575 -0.0041870252 0.051749818
   vertex -0.084368465 -0.0043848317 0.052499998
   vertex -0.083743139 -0.004372707 0.052497072
  endloop
 endfacet
 facet normal 0.0085051272 0.98899609 0.14769701
  outer loop
   vertex -0.083143435 -0.0043028415 0.052491873
   vertex -0.08311293 -0.0041919816 0.051747785
   vertex -0.083724575 -0.0041870252 0.051749818
  endloop
 endfacet
 facet normal 0.0085051272 0.98899609 0.14769701
  outer loop
   vertex -0.083143435 -0.0043028415 0.052491873
   vertex -0.083724575 -0.0041870252 0.051749818
   vertex -0.083743139 -0.004372707 0.052497072
  endloop
 endfacet
 facet normal 0.00069031878 0.9696225 0.24460524
  outer loop
   vertex -0.086285198 -0.0041942067 0.051742715
   vertex -0.086266823 -0.0043852586 0.052499998
   vertex -0.085631314 -0.004385711 0.052499998
  endloop
 endfacet
 facet normal 0.00069031878 0.9696225 0.24460524
  outer loop
   vertex -0.086285198 -0.0041942067 0.051742715
   vertex -0.085631314 -0.004385711 0.052499998
   vertex -0.085637568 -0.0041984469 0.051739634
  endloop
 endfacet
 facet normal 0.010398661 0.96966579 0.24421328
  outer loop
   vertex -0.086285198 -0.0041942067 0.051742715
   vertex -0.086940388 -0.0041882673 0.05174703
   vertex -0.086903424 -0.004378301 0.052499998
  endloop
 endfacet
 facet normal 0.010398661 0.96966579 0.24421328
  outer loop
   vertex -0.086285198 -0.0041942067 0.051742715
   vertex -0.086903424 -0.004378301 0.052499998
   vertex -0.086266823 -0.0043852586 0.052499998
  endloop
 endfacet
 facet normal 1.4503515e-05 -0.96592582 0.25881905
  outer loop
   vertex -0.084993523 -0.00067805526 0.030650948
   vertex -0.08499277 -0.00082850895 0.030089447
   vertex -0.084343494 -0.00082860498 0.030089052
  endloop
 endfacet
 facet normal 1.4503515e-05 -0.96592582 0.25881905
  outer loop
   vertex -0.084993523 -0.00067805526 0.030650948
   vertex -0.084343494 -0.00082860498 0.030089052
   vertex -0.084344609 -0.00067835638 0.030649893
  endloop
 endfacet
 facet normal -5.9193381e-16 -0.96592583 0.25881903
  outer loop
   vertex -0.085639848 -0.00082855059 0.030089291
   vertex -0.08499277 -0.00082850895 0.030089447
   vertex -0.084993523 -0.00067805526 0.030650948
  endloop
 endfacet
 facet normal -5.9193381e-16 -0.96592583 0.25881903
  outer loop
   vertex -0.085639848 -0.00082855059 0.030089291
   vertex -0.084993523 -0.00067805526 0.030650948
   vertex -0.085640804 -0.00067809363 0.030650804
  endloop
 endfacet
 facet normal 1.4503493e-05 -0.96592583 0.25881902
  outer loop
   vertex -0.084343494 -0.00082860498 0.030089052
   vertex -0.08499277 -0.00082850895 0.030089447
   vertex -0.084993338 -0.0009652142 0.029579256
  endloop
 endfacet
 facet normal 1.4503493e-05 -0.96592583 0.25881902
  outer loop
   vertex -0.084343494 -0.00082860498 0.030089052
   vertex -0.084993338 -0.0009652142 0.029579256
   vertex -0.084345475 -0.00096495585 0.029580164
  endloop
 endfacet
 facet normal -5.8085311e-16 -0.96592583 0.25881903
  outer loop
   vertex -0.084993338 -0.0009652142 0.029579256
   vertex -0.08499277 -0.00082850895 0.030089447
   vertex -0.085639848 -0.00082855059 0.030089291
  endloop
 endfacet
 facet normal -5.8085311e-16 -0.96592583 0.25881903
  outer loop
   vertex -0.084993338 -0.0009652142 0.029579256
   vertex -0.085639848 -0.00082855059 0.030089291
   vertex -0.085639827 -0.00096520825 0.029579278
  endloop
 endfacet
 facet normal -0.99999976 0.00063699257 -0.00027134238
  outer loop
   vertex -0.082410922 3.0343131e-05 0.039991781
   vertex -0.082410512 0.00067234909 0.039986103
   vertex -0.082410329 0.00069155706 0.039356744
  endloop
 endfacet
 facet normal -0.99999976 0.00063699257 -0.00027134238
  outer loop
   vertex -0.082410922 3.0343131e-05 0.039991781
   vertex -0.082410329 0.00069155706 0.039356744
   vertex -0.082410903 3.9897516e-05 0.039364808
  endloop
 endfacet
 facet normal -0.99999378 0.0034771227 0.00058895483
  outer loop
   vertex -0.082411052 7.7005548e-05 0.037480698
   vertex -0.082410752 5.661767e-05 0.038110861
   vertex -0.082408582 0.00068126473 0.03810646
  endloop
 endfacet
 facet normal -0.99999378 0.0034771227 0.00058895483
  outer loop
   vertex -0.082411052 7.7005548e-05 0.037480698
   vertex -0.082408582 0.00068126473 0.03810646
   vertex -0.082408416 0.00068604337 0.037486532
  endloop
 endfacet
 facet normal -0.99969631 -0.021642893 0.011784423
  outer loop
   vertex -0.082412922 0.0024860222 0.042459612
   vertex -0.082416263 0.0023365188 0.041901583
   vertex -0.082407075 0.0018949403 0.041870042
  endloop
 endfacet
 facet normal -0.99969631 -0.021642893 0.011784423
  outer loop
   vertex -0.082412922 0.0024860222 0.042459612
   vertex -0.082407075 0.0018949403 0.041870042
   vertex -0.08240929 0.0018989637 0.04248211
  endloop
 endfacet
 facet normal -0.99999993 0.00038549272 -3.5530978e-05
  outer loop
   vertex -0.082410922 3.0343131e-05 0.039991781
   vertex -0.082410946 2.5789234e-05 0.040617968
   vertex -0.082410697 0.00067137484 0.040611745
  endloop
 endfacet
 facet normal -0.99999993 0.00038549272 -3.5530978e-05
  outer loop
   vertex -0.082410922 3.0343131e-05 0.039991781
   vertex -0.082410697 0.00067137484 0.040611745
   vertex -0.082410512 0.00067234909 0.039986103
  endloop
 endfacet
 facet normal -1 2.1872903e-05 -4.308999e-05
  outer loop
   vertex -0.082410978 1.3319182e-05 0.042496436
   vertex -0.082410964 0.0006531039 0.042492366
   vertex -0.082410936 0.0006597726 0.041866097
  endloop
 endfacet
 facet normal -1 2.1872903e-05 -4.308999e-05
  outer loop
   vertex -0.082410978 1.3319182e-05 0.042496436
   vertex -0.082410936 0.0006597726 0.041866097
   vertex -0.082410976 1.7090335e-05 0.04187056
  endloop
 endfacet
 facet normal -0.99999999 1.8955884e-05 0.00011584356
  outer loop
   vertex -0.082410983 -0.0024799259 0.032494747
   vertex -0.082410971 -0.0018362042 0.03248998
   vertex -0.082411044 -0.0018186649 0.031860682
  endloop
 endfacet
 facet normal -0.99999999 1.8955884e-05 0.00011584356
  outer loop
   vertex -0.082410983 -0.0024799259 0.032494747
   vertex -0.082411044 -0.0018186649 0.031860682
   vertex -0.082410997 -0.0024701168 0.031867156
  endloop
 endfacet
 facet normal -0.99999976 -0.00065002768 0.00022392577
  outer loop
   vertex -0.08241127 -0.0024226884 0.029979027
   vertex -0.082411117 -0.0024403122 0.030608731
   vertex -0.082411555 -0.001771259 0.030595944
  endloop
 endfacet
 facet normal -0.99999976 -0.00065002768 0.00022392577
  outer loop
   vertex -0.08241127 -0.0024226884 0.029979027
   vertex -0.082411555 -0.001771259 0.030595944
   vertex -0.082412936 -0.0017151481 0.029956254
  endloop
 endfacet
 facet normal -1 -1.073213e-06 -1.218016e-05
  outer loop
   vertex -0.082410976 -0.0075394617 0.037510202
   vertex -0.082410976 -0.0081840521 0.037516081
   vertex -0.082410983 -0.0082161829 0.038147831
  endloop
 endfacet
 facet normal -1 -1.073213e-06 -1.218016e-05
  outer loop
   vertex -0.082410976 -0.0075394617 0.037510202
   vertex -0.082410983 -0.0082161829 0.038147831
   vertex -0.082410977 -0.0075572991 0.038139579
  endloop
 endfacet
 facet normal -0.99999928 0.00035102702 -0.0011451783
  outer loop
   vertex -0.082411877 -0.0076615971 0.040043893
   vertex -0.082411124 -0.0076051162 0.039404351
   vertex -0.082411359 -0.0082365553 0.039416008
  endloop
 endfacet
 facet normal -0.99999928 0.00035102702 -0.0011451783
  outer loop
   vertex -0.082411877 -0.0076615971 0.040043893
   vertex -0.082411359 -0.0082365553 0.039416008
   vertex -0.082411124 -0.0084878588 0.040097334
  endloop
 endfacet
 facet normal -0.0081082107 -0.966849 0.25522005
  outer loop
   vertex -0.08810068 -0.00084111216 0.030027011
   vertex -0.08759507 -0.00083278621 0.030074615
   vertex -0.08764879 -0.00068450456 0.030634643
  endloop
 endfacet
 facet normal -0.0081082107 -0.966849 0.25522005
  outer loop
   vertex -0.08810068 -0.00084111216 0.030027011
   vertex -0.08764879 -0.00068450456 0.030634643
   vertex -0.088405384 -0.00069205997 0.030598835
  endloop
 endfacet
 facet normal -0.00041403589 0.96605335 -0.25834233
  outer loop
   vertex -0.087640261 -0.0090811552 0.037926809
   vertex -0.087667625 -0.0092116861 0.037438741
   vertex -0.088409539 -0.0091982484 0.037490179
  endloop
 endfacet
 facet normal -0.00041403589 0.96605335 -0.25834233
  outer loop
   vertex -0.087640261 -0.0090811552 0.037926809
   vertex -0.088409539 -0.0091982484 0.037490179
   vertex -0.088140326 -0.009085189 0.03790961
  endloop
 endfacet
 facet normal -0.00018683058 -0.96575382 0.25946008
  outer loop
   vertex -0.087671121 0.0016756298 0.039436981
   vertex -0.087669027 0.0018280516 0.040004322
   vertex -0.088410677 0.0018191943 0.03997082
  endloop
 endfacet
 facet normal -0.00018683058 -0.96575382 0.25946008
  outer loop
   vertex -0.087671121 0.0016756298 0.039436981
   vertex -0.088410677 0.0018191943 0.03997082
   vertex -0.088409539 0.0016593949 0.039374426
  endloop
 endfacet
 facet normal -0.99999958 0.00090292949 0.00012746517
  outer loop
   vertex -0.082410998 -0.0078292587 0.042594969
   vertex -0.082410844 -0.0075591935 0.04188806
   vertex -0.082411268 -0.0080257076 0.041866157
  endloop
 endfacet
 facet normal -0.99999958 0.00090292949 0.00012746517
  outer loop
   vertex -0.082410998 -0.0078292587 0.042594969
   vertex -0.082411268 -0.0080257076 0.041866157
   vertex -0.082411925 -0.0079069319 0.042309446
  endloop
 endfacet
 facet normal -0.99999951 -0.00088220057 0.00045096087
  outer loop
   vertex -0.082411877 -0.0076615971 0.040043893
   vertex -0.082411124 -0.0084878588 0.040097334
   vertex -0.082410986 -0.008340612 0.040689517
  endloop
 endfacet
 facet normal -0.99999951 -0.00088220057 0.00045096087
  outer loop
   vertex -0.082411877 -0.0076615971 0.040043893
   vertex -0.082410986 -0.008340612 0.040689517
   vertex -0.082411137 -0.0076040156 0.040650689
  endloop
 endfacet
 facet normal -0.00016318757 -0.96588499 0.25897136
  outer loop
   vertex -0.088410677 0.0018191943 0.03997082
   vertex -0.087669027 0.0018280516 0.040004322
   vertex -0.087663569 0.0019799633 0.04057091
  endloop
 endfacet
 facet normal -0.00016318757 -0.96588499 0.25897136
  outer loop
   vertex -0.088410677 0.0018191943 0.03997082
   vertex -0.087663569 0.0019799633 0.04057091
   vertex -0.088410904 0.0019744247 0.040550143
  endloop
 endfacet
 facet normal -0.9999857 0.0045530268 0.0028041353
  outer loop
   vertex -0.082412884 -0.0024037101 0.027447247
   vertex -0.082411193 -0.0024296919 0.028092581
   vertex -0.08240837 -0.0018199422 0.028109224
  endloop
 endfacet
 facet normal -0.9999857 0.0045530268 0.0028041353
  outer loop
   vertex -0.082412884 -0.0024037101 0.027447247
   vertex -0.08240837 -0.0018199422 0.028109224
   vertex -0.082411398 -0.0015600408 0.027408855
  endloop
 endfacet
 facet normal -0.99999536 -0.0024139533 -0.0018565815
  outer loop
   vertex -0.08241127 -0.0024226884 0.029979027
   vertex -0.082412936 -0.0017151481 0.029956254
   vertex -0.082411668 -0.0017730119 0.029348863
  endloop
 endfacet
 facet normal -0.99999536 -0.0024139533 -0.0018565815
  outer loop
   vertex -0.08241127 -0.0024226884 0.029979027
   vertex -0.082411668 -0.0017730119 0.029348863
   vertex -0.082411145 -0.0024330862 0.029356042
  endloop
 endfacet
 facet normal -0.99999999 0.00015019475 -2.7594968e-05
  outer loop
   vertex -0.082410881 -0.0075118448 0.027456282
   vertex -0.082410978 -0.0081957094 0.027261278
   vertex -0.082410992 -0.0081455911 0.028044167
  endloop
 endfacet
 facet normal -0.99999999 0.00015019475 -2.7594968e-05
  outer loop
   vertex -0.082410881 -0.0075118448 0.027456282
   vertex -0.082410992 -0.0081455911 0.028044167
   vertex -0.082410959 -0.0075165318 0.028065667
  endloop
 endfacet
 facet normal -0.99999999 -0.00012706492 1.0673624e-05
  outer loop
   vertex -0.082410881 -0.010051218 0.029990987
   vertex -0.082410963 -0.0094094802 0.029987497
   vertex -0.08241097 -0.0094084414 0.029336543
  endloop
 endfacet
 facet normal -0.99999999 -0.00012706492 1.0673624e-05
  outer loop
   vertex -0.082410881 -0.010051218 0.029990987
   vertex -0.08241097 -0.0094084414 0.029336543
   vertex -0.082410925 -0.010052781 0.029334141
  endloop
 endfacet
 facet normal -1 3.0615676e-07 -9.8472721e-10
  outer loop
   vertex -0.082410976 -0.0075041272 0.029992435
   vertex -0.082410976 -0.007506173 0.029356392
   vertex -0.082410976 -0.0081355336 0.029349899
  endloop
 endfacet
 facet normal -1 3.0615676e-07 -9.8472721e-10
  outer loop
   vertex -0.082410976 -0.0075041272 0.029992435
   vertex -0.082410976 -0.0081355336 0.029349899
   vertex -0.082410976 -0.0081337789 0.02999001
  endloop
 endfacet
 facet normal -0.99992086 -0.0042403572 0.01184467
  outer loop
   vertex -0.082413181 -0.0098155623 0.027695258
   vertex -0.082411033 -0.01010031 0.027774688
   vertex -0.082410681 -0.0093941128 0.028057165
  endloop
 endfacet
 facet normal -0.99992086 -0.0042403572 0.01184467
  outer loop
   vertex -0.082413181 -0.0098155623 0.027695258
   vertex -0.082410681 -0.0093941128 0.028057165
   vertex -0.082411755 -0.009372269 0.027576484
  endloop
 endfacet
 facet normal -0.0084947595 -0.96580175 0.25914248
  outer loop
   vertex -0.087594757 -0.00096129727 0.029595676
   vertex -0.08759507 -0.00083278621 0.030074615
   vertex -0.08810068 -0.00084111216 0.030027011
  endloop
 endfacet
 facet normal -0.0084947595 -0.96580175 0.25914248
  outer loop
   vertex -0.087594757 -0.00096129727 0.029595676
   vertex -0.08810068 -0.00084111216 0.030027011
   vertex -0.088053578 -0.0009568052 0.029614638
  endloop
 endfacet
 facet normal -0.99999973 -0.0004986717 -0.00053054674
  outer loop
   vertex -0.082410881 -0.010051218 0.029990987
   vertex -0.082410588 -0.010653147 0.030003371
   vertex -0.082410904 -0.010699023 0.030641885
  endloop
 endfacet
 facet normal -0.99999973 -0.0004986717 -0.00053054674
  outer loop
   vertex -0.082410881 -0.010051218 0.029990987
   vertex -0.082410904 -0.010699023 0.030641885
   vertex -0.082410954 -0.010068777 0.030635472
  endloop
 endfacet
 facet normal -0.99999994 0.00030885516 0.00016655751
  outer loop
   vertex -0.082410771 -0.010063415 0.032513939
   vertex -0.082410873 -0.010058118 0.031893403
   vertex -0.08241106 -0.010686295 0.031936715
  endloop
 endfacet
 facet normal -0.99999994 0.00030885516 0.00016655751
  outer loop
   vertex -0.082410771 -0.010063415 0.032513939
   vertex -0.08241106 -0.010686295 0.031936715
   vertex -0.082411421 -0.010536924 0.032494163
  endloop
 endfacet
 facet normal -0.99999954 -0.00095623899 6.7910899e-05
  outer loop
   vertex -0.082410881 -0.010051218 0.029990987
   vertex -0.082410925 -0.010052781 0.029334141
   vertex -0.082410322 -0.010681431 0.029361242
  endloop
 endfacet
 facet normal -0.99999954 -0.00095623899 6.7910899e-05
  outer loop
   vertex -0.082410881 -0.010051218 0.029990987
   vertex -0.082410322 -0.010681431 0.029361242
   vertex -0.082410588 -0.010653147 0.030003371
  endloop
 endfacet
 facet normal -0.99999593 0.0027074433 0.00089745995
  outer loop
   vertex -0.082410923 -0.0025158559 0.052515717
   vertex -0.082409256 -0.0019364763 0.052625202
   vertex -0.082409718 -0.0018924043 0.051978008
  endloop
 endfacet
 facet normal -0.99999593 0.0027074433 0.00089745995
  outer loop
   vertex -0.082410923 -0.0025158559 0.052515717
   vertex -0.082409718 -0.0018924043 0.051978008
   vertex -0.082408544 -0.0025169077 0.051950252
  endloop
 endfacet
 facet normal -1 1.5042359e-06 6.0536653e-05
  outer loop
   vertex -0.082410972 8.4025904e-06 0.050021632
   vertex -0.082410973 -0.00062192411 0.050020797
   vertex -0.082410933 -0.00062023563 0.050671632
  endloop
 endfacet
 facet normal -1 1.5042359e-06 6.0536653e-05
  outer loop
   vertex -0.082410972 8.4025904e-06 0.050021632
   vertex -0.082410933 -0.00062023563 0.050671632
   vertex -0.082410919 1.167311e-05 0.05066937
  endloop
 endfacet
 facet normal -1 -9.3157321e-06 9.2327558e-05
  outer loop
   vertex -0.082410973 -0.0025121704 0.050025327
   vertex -0.082410913 -0.002516795 0.050675702
   vertex -0.082410919 -0.0018823151 0.050674366
  endloop
 endfacet
 facet normal -1 -9.3157321e-06 9.2327558e-05
  outer loop
   vertex -0.082410973 -0.0025121704 0.050025327
   vertex -0.082410919 -0.0018823151 0.050674366
   vertex -0.082410971 -0.0018798052 0.05002233
  endloop
 endfacet
 facet normal -0.99999056 0.0018045004 -0.0039528545
  outer loop
   vertex -0.082410754 3.3281653e-18 0.052494675
   vertex -0.082408522 1.0067288e-05 0.05193478
   vertex -0.082409788 -0.0006112664 0.051971306
  endloop
 endfacet
 facet normal -0.99999056 0.0018045004 -0.0039528545
  outer loop
   vertex -0.082410754 3.3281653e-18 0.052494675
   vertex -0.082409788 -0.0006112664 0.051971306
   vertex -0.082409591 -0.00056740518 0.052613315
  endloop
 endfacet
 facet normal -1 1.1514936e-05 8.0985458e-05
  outer loop
   vertex -0.082410972 8.4025904e-06 0.050021632
   vertex -0.082410919 1.167311e-05 0.05066937
   vertex -0.082410911 0.00064981975 0.050671566
  endloop
 endfacet
 facet normal -1 1.1514936e-05 8.0985458e-05
  outer loop
   vertex -0.082410972 8.4025904e-06 0.050021632
   vertex -0.082410911 0.00064981975 0.050671566
   vertex -0.082410968 0.00064341844 0.050025651
  endloop
 endfacet
 facet normal -0.99999347 0.0036014873 -0.00029261848
  outer loop
   vertex -0.08240848 0.0025411541 0.050030175
   vertex -0.082410694 0.0019272297 0.050040008
   vertex -0.082410853 0.0019353528 0.050684212
  endloop
 endfacet
 facet normal -0.99999347 0.0036014873 -0.00029261848
  outer loop
   vertex -0.08240848 0.0025411541 0.050030175
   vertex -0.082410853 0.0019353528 0.050684212
   vertex -0.082411417 0.0026511406 0.050740784
  endloop
 endfacet
 facet normal -0.99999585 0.0028448047 0.00045213695
  outer loop
   vertex -0.082410754 3.3281653e-18 0.052494675
   vertex -0.082409039 0.00063828027 0.052271492
   vertex -0.082409173 0.00065162915 0.05189
  endloop
 endfacet
 facet normal -0.99999585 0.0028448047 0.00045213695
  outer loop
   vertex -0.082410754 3.3281653e-18 0.052494675
   vertex -0.082409173 0.00065162915 0.05189
   vertex -0.082408522 1.0067288e-05 0.05193478
  endloop
 endfacet
 facet normal -1 1.9598214e-17 2.2201492e-14
  outer loop
   vertex -0.082410976 -0.0024968753 0.037499214
   vertex -0.082410976 -0.0031240771 0.037499767
   vertex -0.082410976 -0.0031243966 0.038124851
  endloop
 endfacet
 facet normal -1 1.9598214e-17 2.2201492e-14
  outer loop
   vertex -0.082410976 -0.0024968753 0.037499214
   vertex -0.082410976 -0.0031243966 0.038124851
   vertex -0.082410976 -0.0024978439 0.038124467
  endloop
 endfacet
 facet normal -1 0 0
  outer loop
   vertex -0.082410976 -0.0050050666 0.040001303
   vertex -0.082410976 -0.0043765456 0.040000396
   vertex -0.082410976 -0.0043761699 0.039375307
  endloop
 endfacet
 facet normal -1 0 0
  outer loop
   vertex -0.082410976 -0.0050050666 0.040001303
   vertex -0.082410976 -0.0043761699 0.039375307
   vertex -0.082410976 -0.0050039538 0.039376042
  endloop
 endfacet
 facet normal -1 2.2170847e-14 -2.219007e-14
  outer loop
   vertex -0.082410976 -0.0024993833 0.03999984
   vertex -0.082410976 -0.0024990543 0.039374764
   vertex -0.082410976 -0.0031248115 0.039374954
  endloop
 endfacet
 facet normal -1 2.2170847e-14 -2.219007e-14
  outer loop
   vertex -0.082410976 -0.0024993833 0.03999984
   vertex -0.082410976 -0.0031248115 0.039374954
   vertex -0.082410976 -0.0031249307 0.039999982
  endloop
 endfacet
 facet normal -1 0 0
  outer loop
   vertex -0.082410976 -0.0050010254 0.037500272
   vertex -0.082410976 -0.0050017198 0.038125459
   vertex -0.082410976 -0.0043754512 0.038125121
  endloop
 endfacet
 facet normal -1 0 0
  outer loop
   vertex -0.082410976 -0.0050010254 0.037500272
   vertex -0.082410976 -0.0043754512 0.038125121
   vertex -0.082410976 -0.0043752248 0.037500061
  endloop
 endfacet
 facet normal -1 0 -0
  outer loop
   vertex -0.082410976 -0.0024968753 0.037499214
   vertex -0.082410976 -0.0024958504 0.036873926
   vertex -0.082410976 -0.0031237315 0.036874671
  endloop
 endfacet
 facet normal -1 0 -0
  outer loop
   vertex -0.082410976 -0.0024968753 0.037499214
   vertex -0.082410976 -0.0031237315 0.036874671
   vertex -0.082410976 -0.0031240771 0.037499767
  endloop
 endfacet
 facet normal -1 3.2546779e-18 2.2203471e-14
  outer loop
   vertex -0.082410976 -0.0050001683 0.035000044
   vertex -0.082410976 -0.005000271 0.035625072
   vertex -0.082410976 -0.004374923 0.03562498
  endloop
 endfacet
 facet normal -1 3.2546779e-18 2.2203471e-14
  outer loop
   vertex -0.082410976 -0.0050001683 0.035000044
   vertex -0.082410976 -0.004374923 0.03562498
   vertex -0.082410976 -0.0043748358 0.034999957
  endloop
 endfacet
 facet normal -1 0 0
  outer loop
   vertex -0.082410976 -0.0024920786 0.034997946
   vertex -0.082410976 -0.0031222366 0.034999282
   vertex -0.082410976 -0.0031229363 0.035624457
  endloop
 endfacet
 facet normal -1 0 0
  outer loop
   vertex -0.082410976 -0.0024920786 0.034997946
   vertex -0.082410976 -0.0031229363 0.035624457
   vertex -0.082410976 -0.0024938757 0.035623381
  endloop
 endfacet
 facet normal -1 0 0
  outer loop
   vertex -0.082410976 -0.0050010254 0.037500272
   vertex -0.082410976 -0.0043752248 0.037500061
   vertex -0.082410976 -0.0043750832 0.036875023
  endloop
 endfacet
 facet normal -1 0 0
  outer loop
   vertex -0.082410976 -0.0050010254 0.037500272
   vertex -0.082410976 -0.0043750832 0.036875023
   vertex -0.082410976 -0.0050006129 0.036875164
  endloop
 endfacet
 facet normal -0.99997913 -0.005820757 -0.0028025755
  outer loop
   vertex -0.082407771 3.8643398e-05 0.034990467
   vertex -0.082409499 4.1064666e-05 0.035602227
   vertex -0.082412923 0.00064166306 0.035576402
  endloop
 endfacet
 facet normal -0.99997913 -0.005820757 -0.0028025755
  outer loop
   vertex -0.082407771 3.8643398e-05 0.034990467
   vertex -0.082412923 0.00064166306 0.035576402
   vertex -0.082416261 0.00049214327 0.035018377
  endloop
 endfacet
 facet normal -0.99997381 0.0042720518 0.0058422559
  outer loop
   vertex -0.082411052 7.7005548e-05 0.037480698
   vertex -0.082408416 0.00068604337 0.037486532
   vertex -0.082411408 0.0009505212 0.036781033
  endloop
 endfacet
 facet normal -0.99997381 0.0042720518 0.0058422559
  outer loop
   vertex -0.082411052 7.7005548e-05 0.037480698
   vertex -0.082411408 0.0009505212 0.036781033
   vertex -0.08241246 0.00011350321 0.03684677
  endloop
 endfacet
 facet normal -1 0 -0
  outer loop
   vertex -0.082410976 -0.0024999425 0.042499984
   vertex -0.082410976 -0.0024998537 0.041874961
   vertex -0.082410976 -0.003125194 0.041875048
  endloop
 endfacet
 facet normal -1 0 -0
  outer loop
   vertex -0.082410976 -0.0024999425 0.042499984
   vertex -0.082410976 -0.003125194 0.041875048
   vertex -0.082410976 -0.0031252986 0.042500077
  endloop
 endfacet
 facet normal -1 0 0
  outer loop
   vertex -0.082410976 -0.0050050666 0.040001303
   vertex -0.082410976 -0.0050058483 0.040626467
   vertex -0.082410976 -0.0043768738 0.040625469
  endloop
 endfacet
 facet normal -1 0 0
  outer loop
   vertex -0.082410976 -0.0050050666 0.040001303
   vertex -0.082410976 -0.0043768738 0.040625469
   vertex -0.082410976 -0.0043765456 0.040000396
  endloop
 endfacet
 facet normal -1 0 0
  outer loop
   vertex -0.082410976 -0.0024993833 0.03999984
   vertex -0.082410976 -0.0031249307 0.039999982
   vertex -0.082410976 -0.0031250165 0.040625002
  endloop
 endfacet
 facet normal -1 0 0
  outer loop
   vertex -0.082410976 -0.0024993833 0.03999984
   vertex -0.082410976 -0.0031250165 0.040625002
   vertex -0.082410976 -0.0024995953 0.040624892
  endloop
 endfacet
 facet normal -1 0 0
  outer loop
   vertex -0.082410976 -0.0050113915 0.042502932
   vertex -0.082410976 -0.0043790462 0.042501045
   vertex -0.082410976 -0.0043781397 0.041875789
  endloop
 endfacet
 facet normal -1 0 0
  outer loop
   vertex -0.082410976 -0.0050113915 0.042502932
   vertex -0.082410976 -0.0043781397 0.041875789
   vertex -0.082410976 -0.0050090361 0.041877264
  endloop
 endfacet
 facet normal -1 0 0
  outer loop
   vertex -0.082410976 -0.0024999425 0.042499984
   vertex -0.082410976 -0.0031252986 0.042500077
   vertex -0.082410976 -0.0031254087 0.043125108
  endloop
 endfacet
 facet normal -1 0 0
  outer loop
   vertex -0.082410976 -0.0024999425 0.042499984
   vertex -0.082410976 -0.0031254087 0.043125108
   vertex -0.082410976 -0.0025000087 0.043125002
  endloop
 endfacet
 facet normal -1 3.6792416e-07 1.3340065e-09
  outer loop
   vertex -0.082410977 -0.0050242148 0.045006272
   vertex -0.082410976 -0.0043850147 0.045002623
   vertex -0.082410976 -0.0043827464 0.044377009
  endloop
 endfacet
 facet normal -1 3.6792416e-07 1.3340065e-09
  outer loop
   vertex -0.082410977 -0.0050242148 0.045006272
   vertex -0.082410976 -0.0043827464 0.044377009
   vertex -0.082410976 -0.005018927 0.044379887
  endloop
 endfacet
 facet normal -1 0 0
  outer loop
   vertex -0.082410976 -0.0050113915 0.042502932
   vertex -0.082410976 -0.0050129768 0.043128465
   vertex -0.082410976 -0.004379849 0.043126287
  endloop
 endfacet
 facet normal -1 0 0
  outer loop
   vertex -0.082410976 -0.0050113915 0.042502932
   vertex -0.082410976 -0.004379849 0.043126287
   vertex -0.082410976 -0.0043790462 0.042501045
  endloop
 endfacet
 facet normal -1 0 -0
  outer loop
   vertex -0.082410976 -0.0025002703 0.045000072
   vertex -0.082410976 -0.0025001625 0.044375043
   vertex -0.082410976 -0.0031258085 0.044375211
  endloop
 endfacet
 facet normal -1 0 -0
  outer loop
   vertex -0.082410976 -0.0025002703 0.045000072
   vertex -0.082410976 -0.0031258085 0.044375211
   vertex -0.082410976 -0.0031261234 0.045000298
  endloop
 endfacet
 facet normal -0.99997379 -0.0063213298 -0.0035301224
  outer loop
   vertex -0.082412922 0.0024860222 0.042459612
   vertex -0.08240929 0.0018989637 0.04248211
   vertex -0.082411739 0.0019412709 0.043099907
  endloop
 endfacet
 facet normal -0.99997379 -0.0063213298 -0.0035301224
  outer loop
   vertex -0.082412922 0.0024860222 0.042459612
   vertex -0.082411739 0.0019412709 0.043099907
   vertex -0.082411162 0.0026361647 0.043040298
  endloop
 endfacet
 facet normal -1 -7.1030991e-06 9.4406947e-06
  outer loop
   vertex -0.082410976 6.433394e-06 0.044998297
   vertex -0.082410981 0.00064129311 0.044995655
   vertex -0.082410987 0.0006454334 0.04436971
  endloop
 endfacet
 facet normal -1 -7.1030991e-06 9.4406947e-06
  outer loop
   vertex -0.082410976 6.433394e-06 0.044998297
   vertex -0.082410987 0.0006454334 0.04436971
   vertex -0.082410976 8.2773146e-06 0.044372851
  endloop
 endfacet
 facet normal -1 -1.4379697e-05 -2.0829345e-06
  outer loop
   vertex -0.082410978 1.3319182e-05 0.042496436
   vertex -0.082410979 1.1655102e-05 0.043121866
   vertex -0.082410988 0.00065185782 0.043117712
  endloop
 endfacet
 facet normal -1 -1.4379697e-05 -2.0829345e-06
  outer loop
   vertex -0.082410978 1.3319182e-05 0.042496436
   vertex -0.082410988 0.00065185782 0.043117712
   vertex -0.082410964 0.0006531039 0.042492366
  endloop
 endfacet
 facet normal -0.99998222 0.0052913938 -0.0027483573
  outer loop
   vertex -0.082409476 0.0025472992 0.044975419
   vertex -0.082407802 0.0025459804 0.044363526
   vertex -0.082410963 0.0019448547 0.044356367
  endloop
 endfacet
 facet normal -0.99998222 0.0052913938 -0.0027483573
  outer loop
   vertex -0.082409476 0.0025472992 0.044975419
   vertex -0.082410963 0.0019448547 0.044356367
   vertex -0.082410866 0.0019328661 0.044983114
  endloop
 endfacet
 facet normal -0.99995259 -0.0057473279 0.0078608396
  outer loop
   vertex -0.082409476 0.0025472992 0.044975419
   vertex -0.082413169 0.0031528665 0.0449484
   vertex -0.082416697 0.0030033455 0.044390375
  endloop
 endfacet
 facet normal -0.99995259 -0.0057473279 0.0078608396
  outer loop
   vertex -0.082409476 0.0025472992 0.044975419
   vertex -0.082416697 0.0030033455 0.044390375
   vertex -0.082407802 0.0025459804 0.044363526
  endloop
 endfacet
 facet normal -1 1.803158e-05 6.9201285e-06
  outer loop
   vertex -0.082410983 -0.0024799259 0.032494747
   vertex -0.082410979 -0.0024857494 0.033121178
   vertex -0.082410967 -0.0018458732 0.033117085
  endloop
 endfacet
 facet normal -1 1.803158e-05 6.9201285e-06
  outer loop
   vertex -0.082410983 -0.0024799259 0.032494747
   vertex -0.082410967 -0.0018458732 0.033117085
   vertex -0.082410971 -0.0018362042 0.03248998
  endloop
 endfacet
 facet normal -0.99998323 0.0012954574 0.0056446536
  outer loop
   vertex -0.082407771 3.8643398e-05 0.034990467
   vertex -0.082411395 0.00028544364 0.034291771
   vertex -0.082412116 -0.00052977552 0.03435121
  endloop
 endfacet
 facet normal -0.99998323 0.0012954574 0.0056446536
  outer loop
   vertex -0.082407771 3.8643398e-05 0.034990467
   vertex -0.082412116 -0.00052977552 0.03435121
   vertex -0.082410934 -0.00055944645 0.034982531
  endloop
 endfacet
 facet normal -1 -1.511082e-05 1.3728307e-05
  outer loop
   vertex -0.082410976 -0.0024920786 0.034997946
   vertex -0.082410986 -0.0018555306 0.034994969
   vertex -0.082410995 -0.0018504861 0.034368659
  endloop
 endfacet
 facet normal -1 -1.511082e-05 1.3728307e-05
  outer loop
   vertex -0.082410976 -0.0024920786 0.034997946
   vertex -0.082410995 -0.0018504861 0.034368659
   vertex -0.082410979 -0.002489941 0.034372373
  endloop
 endfacet
 facet normal -0.99976923 -0.021182401 -0.0035780235
  outer loop
   vertex -0.082416262 -0.00017469041 0.032529586
   vertex -0.082407159 -0.00059814319 0.032492984
   vertex -0.082409263 -0.00060265574 0.033107617
  endloop
 endfacet
 facet normal -0.99976923 -0.021182401 -0.0035780235
  outer loop
   vertex -0.082416262 -0.00017469041 0.032529586
   vertex -0.082409263 -0.00060265574 0.033107617
   vertex -0.082412917 -2.5192895e-05 0.033087617
  endloop
 endfacet
 facet normal -1 -3.1787866e-05 2.2419459e-05
  outer loop
   vertex -0.082410983 -0.0024799259 0.032494747
   vertex -0.082410997 -0.0024701168 0.031867156
   vertex -0.082410977 -0.0031115782 0.031871434
  endloop
 endfacet
 facet normal -1 -3.1787866e-05 2.2419459e-05
  outer loop
   vertex -0.082410983 -0.0024799259 0.032494747
   vertex -0.082410977 -0.0031115782 0.031871434
   vertex -0.082410976 -0.0031162626 0.032497698
  endloop
 endfacet
 facet normal -1 2.2087765e-14 -2.2140755e-14
  outer loop
   vertex -0.082410976 -0.004999158 0.029997009
   vertex -0.082410976 -0.0049990505 0.030623915
   vertex -0.082410976 -0.0043712421 0.030623422
  endloop
 endfacet
 facet normal -1 2.2087765e-14 -2.2140755e-14
  outer loop
   vertex -0.082410976 -0.004999158 0.029997009
   vertex -0.082410976 -0.0043712421 0.030623422
   vertex -0.082410976 -0.0043705149 0.029996812
  endloop
 endfacet
 facet normal -1 7.2906673e-18 2.2197117e-14
  outer loop
   vertex -0.082410976 -0.004999782 0.032499933
   vertex -0.082410976 -0.004373991 0.032499727
   vertex -0.082410976 -0.0043733106 0.03187452
  endloop
 endfacet
 facet normal -1 7.2906673e-18 2.2197117e-14
  outer loop
   vertex -0.082410976 -0.004999782 0.032499933
   vertex -0.082410976 -0.0043733106 0.03187452
   vertex -0.082410976 -0.0049995672 0.031874837
  endloop
 endfacet
 facet normal -0.99999993 -0.00038325102 4.6690577e-05
  outer loop
   vertex -0.08241127 -0.0024226884 0.029979027
   vertex -0.082411013 -0.0030903421 0.029989825
   vertex -0.082410982 -0.003097158 0.03061727
  endloop
 endfacet
 facet normal -0.99999993 -0.00038325102 4.6690577e-05
  outer loop
   vertex -0.08241127 -0.0024226884 0.029979027
   vertex -0.082410982 -0.003097158 0.03061727
   vertex -0.082411117 -0.0024403122 0.030608731
  endloop
 endfacet
 facet normal -1 -1.05425e-05 -4.7941136e-08
  outer loop
   vertex -0.082410983 -0.0024799259 0.032494747
   vertex -0.082410976 -0.0031162626 0.032497698
   vertex -0.082410976 -0.0031191081 0.033123427
  endloop
 endfacet
 facet normal -1 -1.05425e-05 -4.7941136e-08
  outer loop
   vertex -0.082410983 -0.0024799259 0.032494747
   vertex -0.082410976 -0.0031191081 0.033123427
   vertex -0.082410979 -0.0024857494 0.033121178
  endloop
 endfacet
 facet normal -1 2.2192653e-14 3.6030004e-18
  outer loop
   vertex -0.082410976 -0.0050001683 0.035000044
   vertex -0.082410976 -0.0043748358 0.034999957
   vertex -0.082410976 -0.0043747343 0.03437493
  endloop
 endfacet
 facet normal -1 2.2192653e-14 3.6030004e-18
  outer loop
   vertex -0.082410976 -0.0050001683 0.035000044
   vertex -0.082410976 -0.0043747343 0.03437493
   vertex -0.082410976 -0.0050000805 0.034375021
  endloop
 endfacet
 facet normal -1 -3.7432208e-06 3.7757548e-06
  outer loop
   vertex -0.082410976 -0.0024920786 0.034997946
   vertex -0.082410979 -0.002489941 0.034372373
   vertex -0.082410976 -0.0031213936 0.034374054
  endloop
 endfacet
 facet normal -1 -3.7432208e-06 3.7757548e-06
  outer loop
   vertex -0.082410976 -0.0024920786 0.034997946
   vertex -0.082410976 -0.0031213936 0.034374054
   vertex -0.082410976 -0.0031222366 0.034999282
  endloop
 endfacet
 facet normal -1 -2.2180964e-14 2.2197972e-14
  outer loop
   vertex -0.082410976 -0.004999782 0.032499933
   vertex -0.082410976 -0.0049999207 0.033124977
   vertex -0.082410976 -0.0043743973 0.033124838
  endloop
 endfacet
 facet normal -1 -2.2180964e-14 2.2197972e-14
  outer loop
   vertex -0.082410976 -0.004999782 0.032499933
   vertex -0.082410976 -0.0043743973 0.033124838
   vertex -0.082410976 -0.004373991 0.032499727
  endloop
 endfacet
 facet normal -1 -4.0112878e-06 -1.4182835e-07
  outer loop
   vertex -0.082410976 -0.0075394617 0.037510202
   vertex -0.082410976 -0.0075296524 0.036883061
   vertex -0.082410974 -0.0081705099 0.036888436
  endloop
 endfacet
 facet normal -1 -4.0112878e-06 -1.4182835e-07
  outer loop
   vertex -0.082410976 -0.0075394617 0.037510202
   vertex -0.082410974 -0.0081705099 0.036888436
   vertex -0.082410976 -0.0081840521 0.037516081
  endloop
 endfacet
 facet normal -0.60153836 0.77121879 -0.2082623
  outer loop
   vertex -0.082411434 -0.0098701938 0.03498244
   vertex -0.082412637 -0.0097512881 0.035426235
   vertex -0.082411013 -0.0096729655 0.035711584
  endloop
 endfacet
 facet normal -0.60153836 0.77121879 -0.2082623
  outer loop
   vertex -0.082411434 -0.0098701938 0.03498244
   vertex -0.082411013 -0.0096729655 0.035711584
   vertex -0.082410698 -0.0094158879 0.035010128
  endloop
 endfacet
 facet normal -1 4.7130789e-06 -2.9086499e-05
  outer loop
   vertex -0.082410977 -0.0075197884 0.035005116
   vertex -0.08241098 -0.0081662141 0.035010546
   vertex -0.082410998 -0.0081776699 0.035638233
  endloop
 endfacet
 facet normal -1 4.7130789e-06 -2.9086499e-05
  outer loop
   vertex -0.082410977 -0.0075197884 0.035005116
   vertex -0.082410998 -0.0081776699 0.035638233
   vertex -0.082410978 -0.0075249038 0.035631445
  endloop
 endfacet
 facet normal -1 9.5990992e-07 -2.2992645e-06
  outer loop
   vertex -0.082410976 -0.0075090986 0.032502226
   vertex -0.082410977 -0.0081473761 0.032505487
   vertex -0.082410978 -0.0081540016 0.033132416
  endloop
 endfacet
 facet normal -1 9.5990992e-07 -2.2992645e-06
  outer loop
   vertex -0.082410976 -0.0075090986 0.032502226
   vertex -0.082410978 -0.0081540016 0.033132416
   vertex -0.082410976 -0.0075118323 0.033128045
  endloop
 endfacet
 facet normal -0.99999868 0.0016051181 0.00024780534
  outer loop
   vertex -0.082411434 -0.0098701938 0.03498244
   vertex -0.082410698 -0.0094158879 0.035010128
   vertex -0.082410853 -0.0094178447 0.034398287
  endloop
 endfacet
 facet normal -0.99999868 0.0016051181 0.00024780534
  outer loop
   vertex -0.082411434 -0.0098701938 0.03498244
   vertex -0.082410853 -0.0094178447 0.034398287
   vertex -0.082411131 -0.010019716 0.034424416
  endloop
 endfacet
 facet normal -1 3.7787236e-07 -6.916967e-07
  outer loop
   vertex -0.082410977 -0.0075197884 0.035005116
   vertex -0.082410976 -0.0075157349 0.034379192
   vertex -0.082410977 -0.0081587212 0.034384132
  endloop
 endfacet
 facet normal -1 3.7787236e-07 -6.916967e-07
  outer loop
   vertex -0.082410977 -0.0075197884 0.035005116
   vertex -0.082410977 -0.0081587212 0.034384132
   vertex -0.08241098 -0.0081662141 0.035010546
  endloop
 endfacet
 facet normal -0.99999975 -0.00047789241 -0.00052943497
  outer loop
   vertex -0.082410771 -0.010063415 0.032513939
   vertex -0.082411015 -0.010339559 0.033222729
   vertex -0.082411384 -0.0094906124 0.033153748
  endloop
 endfacet
 facet normal -0.99999975 -0.00047789241 -0.00052943497
  outer loop
   vertex -0.082410771 -0.010063415 0.032513939
   vertex -0.082411384 -0.0094906124 0.033153748
   vertex -0.082410993 -0.0094534112 0.032519488
  endloop
 endfacet
 facet normal -0.00047603541 0.96582943 -0.25917808
  outer loop
   vertex -0.088409539 -0.0091982484 0.037490179
   vertex -0.087667625 -0.0092116861 0.037438741
   vertex -0.087665539 -0.0093626215 0.036876275
  endloop
 endfacet
 facet normal -0.00047603541 0.96582943 -0.25917808
  outer loop
   vertex -0.088409539 -0.0091982484 0.037490179
   vertex -0.087665539 -0.0093626215 0.036876275
   vertex -0.088410664 -0.0093528488 0.036913198
  endloop
 endfacet
 facet normal -0.9996435 -0.019815966 0.017894252
  outer loop
   vertex -0.082407771 3.8643398e-05 0.034990467
   vertex -0.082416261 0.00049214327 0.035018377
   vertex -0.082421851 0.00037333978 0.034574555
  endloop
 endfacet
 facet normal -0.9996435 -0.019815966 0.017894252
  outer loop
   vertex -0.082407771 3.8643398e-05 0.034990467
   vertex -0.082421851 0.00037333978 0.034574555
   vertex -0.082411395 0.00028544364 0.034291771
  endloop
 endfacet
 facet normal 0.0011227865 0.96603066 -0.25842503
  outer loop
   vertex -0.088140466 -0.0065719025 0.047289269
   vertex -0.087640378 -0.0065687683 0.047303158
   vertex -0.087668771 -0.0066983937 0.046818476
  endloop
 endfacet
 facet normal 0.0011227865 0.96603066 -0.25842503
  outer loop
   vertex -0.088140466 -0.0065719025 0.047289269
   vertex -0.087668771 -0.0066983937 0.046818476
   vertex -0.088409539 -0.0066818299 0.046881586
  endloop
 endfacet
 facet normal 0.0010945281 0.96595282 -0.25871597
  outer loop
   vertex -0.087661459 -0.0070025248 0.045684636
   vertex -0.087636721 -0.0072372041 0.044808532
   vertex -0.088137357 -0.0072418643 0.044789015
  endloop
 endfacet
 facet normal 0.0010945281 0.96595282 -0.25871597
  outer loop
   vertex -0.087661459 -0.0070025248 0.045684636
   vertex -0.088137357 -0.0072418643 0.044789015
   vertex -0.088410684 -0.0071634745 0.045084041
  endloop
 endfacet
 facet normal 0.0010945281 0.96595282 -0.25871597
  outer loop
   vertex -0.087661459 -0.0070025248 0.045684636
   vertex -0.088410684 -0.0071634745 0.045084041
   vertex -0.088410902 -0.0069968616 0.045705869
  endloop
 endfacet
 facet normal -1 -4.2886887e-05 3.7836564e-05
  outer loop
   vertex -0.082410998 -0.0078292587 0.042594969
   vertex -0.082410981 -0.0076635326 0.043217035
   vertex -0.082411014 -0.0069527732 0.043153365
  endloop
 endfacet
 facet normal -1 -4.2886887e-05 3.7836564e-05
  outer loop
   vertex -0.082410998 -0.0078292587 0.042594969
   vertex -0.082411014 -0.0069527732 0.043153365
   vertex -0.08241116 -0.0069861545 0.04252764
  endloop
 endfacet
 facet normal -1 7.7587138e-07 -3.3266997e-07
  outer loop
   vertex -0.082410977 -0.0050242148 0.045006272
   vertex -0.082410976 -0.005018927 0.044379887
   vertex -0.082410977 -0.0056641435 0.044384988
  endloop
 endfacet
 facet normal -1 7.7587138e-07 -3.3266997e-07
  outer loop
   vertex -0.082410977 -0.0050242148 0.045006272
   vertex -0.082410977 -0.0056641435 0.044384988
   vertex -0.082410983 -0.0056757632 0.045012733
  endloop
 endfacet
 facet normal -1 5.1063256e-07 4.7011158e-07
  outer loop
   vertex -0.082410976 -0.0050113915 0.042502932
   vertex -0.082410977 -0.0056529675 0.042507148
   vertex -0.082410976 -0.0056549943 0.043133095
  endloop
 endfacet
 facet normal -1 5.1063256e-07 4.7011158e-07
  outer loop
   vertex -0.082410976 -0.0050113915 0.042502932
   vertex -0.082410976 -0.0056549943 0.043133095
   vertex -0.082410976 -0.0050129768 0.043128465
  endloop
 endfacet
 facet normal -0.99998341 0.0054849722 0.001759027
  outer loop
   vertex -0.082411925 -0.0072400687 0.044798229
   vertex -0.082410997 -0.0071625244 0.045083786
   vertex -0.082410836 -0.0069084612 0.044383155
  endloop
 endfacet
 facet normal -0.99998341 0.0054849722 0.001759027
  outer loop
   vertex -0.082411925 -0.0072400687 0.044798229
   vertex -0.082410836 -0.0069084612 0.044383155
   vertex -0.082411194 -0.0073589774 0.044354435
  endloop
 endfacet
 facet normal -1 0 0
  outer loop
   vertex -0.082410976 -0.0025016371 0.047500753
   vertex -0.082410976 -0.0031298239 0.047501825
   vertex -0.082410976 -0.0031325606 0.048128755
  endloop
 endfacet
 facet normal -1 0 0
  outer loop
   vertex -0.082410976 -0.0025016371 0.047500753
   vertex -0.082410976 -0.0031325606 0.048128755
   vertex -0.082410976 -0.0025027927 0.048126861
  endloop
 endfacet
 facet normal -1 -4.9585584e-05 -5.0390281e-05
  outer loop
   vertex -0.082410977 -0.0050823762 0.050054705
   vertex -0.082411008 -0.0044554874 0.050058144
   vertex -0.082410976 -0.0044450458 0.049412404
  endloop
 endfacet
 facet normal -1 -4.9585584e-05 -5.0390281e-05
  outer loop
   vertex -0.082410977 -0.0050823762 0.050054705
   vertex -0.082410976 -0.0044450458 0.049412404
   vertex -0.082410976 -0.0051134925 0.049423723
  endloop
 endfacet
 facet normal -1 -4.2547146e-14 2.1439643e-14
  outer loop
   vertex -0.082410976 -0.0050518398 0.047514343
   vertex -0.082410976 -0.0050602788 0.048144892
   vertex -0.082410976 -0.0044113023 0.048138199
  endloop
 endfacet
 facet normal -1 -4.2547146e-14 2.1439643e-14
  outer loop
   vertex -0.082410976 -0.0050518398 0.047514343
   vertex -0.082410976 -0.0044113023 0.048138199
   vertex -0.082410976 -0.0044021981 0.047508288
  endloop
 endfacet
 facet normal -1 4.0773214e-08 4.8355232e-06
  outer loop
   vertex -0.082410973 -0.0025121704 0.050025327
   vertex -0.082410976 -0.0025079553 0.04938639
   vertex -0.082410976 -0.0031435451 0.04939175
  endloop
 endfacet
 facet normal -1 4.0773214e-08 4.8355232e-06
  outer loop
   vertex -0.082410973 -0.0025121704 0.050025327
   vertex -0.082410976 -0.0031435451 0.04939175
   vertex -0.08241099 -0.0031515633 0.050032687
  endloop
 endfacet
 facet normal -1 0 -0
  outer loop
   vertex -0.082410976 -0.0025016371 0.047500753
   vertex -0.082410976 -0.0025009835 0.046875339
   vertex -0.082410976 -0.0031281262 0.046875975
  endloop
 endfacet
 facet normal -1 0 -0
  outer loop
   vertex -0.082410976 -0.0025016371 0.047500753
   vertex -0.082410976 -0.0031281262 0.046875975
   vertex -0.082410976 -0.0031298239 0.047501825
  endloop
 endfacet
 facet normal -1 2.6825449e-08 3.5062855e-07
  outer loop
   vertex -0.082410977 -0.0050242148 0.045006272
   vertex -0.082410976 -0.0050267541 0.045632291
   vertex -0.082410976 -0.0043868861 0.045628228
  endloop
 endfacet
 facet normal -1 2.6825449e-08 3.5062855e-07
  outer loop
   vertex -0.082410977 -0.0050242148 0.045006272
   vertex -0.082410976 -0.0043868861 0.045628228
   vertex -0.082410976 -0.0043850147 0.045002623
  endloop
 endfacet
 facet normal -1 0 0
  outer loop
   vertex -0.082410976 -0.0025002703 0.045000072
   vertex -0.082410976 -0.0031261234 0.045000298
   vertex -0.082410976 -0.0031265005 0.04562541
  endloop
 endfacet
 facet normal -1 0 0
  outer loop
   vertex -0.082410976 -0.0025002703 0.045000072
   vertex -0.082410976 -0.0031265005 0.04562541
   vertex -0.082410976 -0.0025004023 0.045625111
  endloop
 endfacet
 facet normal -1 0 0
  outer loop
   vertex -0.082410976 -0.0050518398 0.047514343
   vertex -0.082410976 -0.0044021981 0.047508288
   vertex -0.082410976 -0.0043946429 0.04688051
  endloop
 endfacet
 facet normal -1 0 0
  outer loop
   vertex -0.082410976 -0.0050518398 0.047514343
   vertex -0.082410976 -0.0043946429 0.04688051
   vertex -0.082410976 -0.0050389757 0.046885517
  endloop
 endfacet
 facet normal -1 -1.0872396e-07 -1.2043751e-06
  outer loop
   vertex -0.082410977 -0.0050823762 0.050054705
   vertex -0.082410976 -0.0051134925 0.049423723
   vertex -0.082410976 -0.0059471415 0.04949898
  endloop
 endfacet
 facet normal -1 -1.0872396e-07 -1.2043751e-06
  outer loop
   vertex -0.082410977 -0.0050823762 0.050054705
   vertex -0.082410976 -0.0059471415 0.04949898
   vertex -0.082410985 -0.0056733961 0.050082753
  endloop
 endfacet
 facet normal -1 0 0
  outer loop
   vertex -0.082410976 -0.0050518398 0.047514343
   vertex -0.082410976 -0.0057089622 0.047521681
   vertex -0.082410976 -0.0056890464 0.048149483
  endloop
 endfacet
 facet normal -1 0 0
  outer loop
   vertex -0.082410976 -0.0050518398 0.047514343
   vertex -0.082410976 -0.0056890464 0.048149483
   vertex -0.082410976 -0.0050602788 0.048144892
  endloop
 endfacet
 facet normal -1 9.6334256e-06 9.3710853e-06
  outer loop
   vertex -0.082410977 -0.0050242148 0.045006272
   vertex -0.082410983 -0.0056757632 0.045012733
   vertex -0.082410977 -0.0056742467 0.045638933
  endloop
 endfacet
 facet normal -1 9.6334256e-06 9.3710853e-06
  outer loop
   vertex -0.082410977 -0.0050242148 0.045006272
   vertex -0.082410977 -0.0056742467 0.045638933
   vertex -0.082410976 -0.0050267541 0.045632291
  endloop
 endfacet
 facet normal -1 0 -0
  outer loop
   vertex -0.082410976 -0.0050518398 0.047514343
   vertex -0.082410976 -0.0050389757 0.046885517
   vertex -0.082410976 -0.0056867641 0.04689229
  endloop
 endfacet
 facet normal -1 0 -0
  outer loop
   vertex -0.082410976 -0.0050518398 0.047514343
   vertex -0.082410976 -0.0056867641 0.04689229
   vertex -0.082410976 -0.0057089622 0.047521681
  endloop
 endfacet
 facet normal -1.8518027e-05 0.96592549 -0.25882029
  outer loop
   vertex -0.088410978 -0.007830348 0.042595261
   vertex -0.088410938 -0.0076637291 0.043217087
   vertex -0.087656783 -0.0076699631 0.043193768
  endloop
 endfacet
 facet normal -1.8518027e-05 0.96592549 -0.25882029
  outer loop
   vertex -0.088410978 -0.007830348 0.042595261
   vertex -0.087656783 -0.0076699631 0.043193768
   vertex -0.087633592 -0.0079038497 0.042320948
  endloop
 endfacet
 facet normal -1.8518027e-05 0.96592549 -0.25882029
  outer loop
   vertex -0.088410978 -0.007830348 0.042595261
   vertex -0.087633592 -0.0079038497 0.042320948
   vertex -0.088135911 -0.0079097108 0.042299071
  endloop
 endfacet
 facet normal -0.00041178438 0.96605242 -0.25834581
  outer loop
   vertex -0.087636721 -0.0072372041 0.044808532
   vertex -0.087663902 -0.0073686964 0.044316876
   vertex -0.088409539 -0.0073571096 0.044361392
  endloop
 endfacet
 facet normal -0.00041178438 0.96605242 -0.25834581
  outer loop
   vertex -0.087636721 -0.0072372041 0.044808532
   vertex -0.088409539 -0.0073571096 0.044361392
   vertex -0.088137357 -0.0072418643 0.044789015
  endloop
 endfacet
 facet normal -0.99999286 0.0037756023 0.00017198899
  outer loop
   vertex -0.08241053 0.0025410898 0.04749507
   vertex -0.082410451 0.0025332124 0.048129042
   vertex -0.082408236 0.0031199101 0.048126651
  endloop
 endfacet
 facet normal -0.99999286 0.0037756023 0.00017198899
  outer loop
   vertex -0.08241053 0.0025410898 0.04749507
   vertex -0.082408236 0.0031199101 0.048126651
   vertex -0.082408369 0.0031323675 0.047494511
  endloop
 endfacet
 facet normal -0.99981991 -0.013035421 -0.013792069
  outer loop
   vertex -0.08240848 0.0025411541 0.050030175
   vertex -0.082416027 0.0031059587 0.05004346
   vertex -0.082411397 0.0033610771 0.049466687
  endloop
 endfacet
 facet normal -0.99981991 -0.013035421 -0.013792069
  outer loop
   vertex -0.08240848 0.0025411541 0.050030175
   vertex -0.082411397 0.0033610771 0.049466687
   vertex -0.082410697 0.0025734973 0.04940527
  endloop
 endfacet
 facet normal -0.99999155 0.0036533841 -0.0018869491
  outer loop
   vertex -0.08241053 0.0025410898 0.04749507
   vertex -0.082408369 0.0031323675 0.047494511
   vertex -0.082407032 0.003173761 0.046866005
  endloop
 endfacet
 facet normal -0.99999155 0.0036533841 -0.0018869491
  outer loop
   vertex -0.08241053 0.0025410898 0.04749507
   vertex -0.082407032 0.003173761 0.046866005
   vertex -0.082410785 0.0025708048 0.046859336
  endloop
 endfacet
 facet normal -0.99999076 0.00080316549 -0.0042241708
  outer loop
   vertex -0.082409476 0.0025472992 0.044975419
   vertex -0.082412058 0.0025863694 0.045594082
   vertex -0.082411212 0.0033012783 0.04552955
  endloop
 endfacet
 facet normal -0.99999076 0.00080316549 -0.0042241708
  outer loop
   vertex -0.082409476 0.0025472992 0.044975419
   vertex -0.082411212 0.0033012783 0.04552955
   vertex -0.082413169 0.0031528665 0.0449484
  endloop
 endfacet
 facet normal -0.99999821 0.0017270736 -0.00076917073
  outer loop
   vertex -0.082412884 -0.0024037101 0.027447247
   vertex -0.082411398 -0.0015600408 0.027408855
   vertex -0.082411196 -0.0017192421 0.026789715
  endloop
 endfacet
 facet normal -0.99999821 0.0017270736 -0.00076917073
  outer loop
   vertex -0.082412884 -0.0024037101 0.027447247
   vertex -0.082411196 -0.0017192421 0.026789715
   vertex -0.082413003 -0.0024512733 0.026806638
  endloop
 endfacet
 facet normal -0.99999786 -0.0019665569 0.00064293025
  outer loop
   vertex -0.082412884 -0.0024037101 0.027447247
   vertex -0.082411549 -0.0030863761 0.027436834
   vertex -0.082411126 -0.003087523 0.02809053
  endloop
 endfacet
 facet normal -0.99999786 -0.0019665569 0.00064293025
  outer loop
   vertex -0.082412884 -0.0024037101 0.027447247
   vertex -0.082411126 -0.003087523 0.02809053
   vertex -0.082411193 -0.0024296919 0.028092581
  endloop
 endfacet
 facet normal -1 0 0
  outer loop
   vertex -0.082410976 -0.004999158 0.029997009
   vertex -0.082410976 -0.0043705149 0.029996812
   vertex -0.082410976 -0.0043707838 0.029367949
  endloop
 endfacet
 facet normal -1 0 0
  outer loop
   vertex -0.082410976 -0.004999158 0.029997009
   vertex -0.082410976 -0.0043707838 0.029367949
   vertex -0.082410976 -0.0050000994 0.029367142
  endloop
 endfacet
 facet normal -0.99999996 -0.00019905999 -0.00019779562
  outer loop
   vertex -0.08241127 -0.0024226884 0.029979027
   vertex -0.082411145 -0.0024330862 0.029356042
   vertex -0.082411015 -0.0030908601 0.029362665
  endloop
 endfacet
 facet normal -0.99999996 -0.00019905999 -0.00019779562
  outer loop
   vertex -0.08241127 -0.0024226884 0.029979027
   vertex -0.082411015 -0.0030908601 0.029362665
   vertex -0.082411013 -0.0030903421 0.029989825
  endloop
 endfacet
 facet normal -0.99999999 3.217178e-05 -0.00015847559
  outer loop
   vertex -0.082410908 -0.0050128738 0.027440469
   vertex -0.08241101 -0.0050067648 0.028087121
   vertex -0.082410991 -0.004375076 0.028093012
  endloop
 endfacet
 facet normal -0.99999999 3.217178e-05 -0.00015847559
  outer loop
   vertex -0.082410908 -0.0050128738 0.027440469
   vertex -0.082410991 -0.004375076 0.028093012
   vertex -0.082410865 -0.0043805914 0.027449832
  endloop
 endfacet
 facet normal -0.99999998 0.00010211712 0.0001772369
  outer loop
   vertex -0.082412884 -0.0024037101 0.027447247
   vertex -0.082413003 -0.0024512733 0.026806638
   vertex -0.082413077 -0.0031141117 0.02676843
  endloop
 endfacet
 facet normal -0.99999998 0.00010211712 0.0001772369
  outer loop
   vertex -0.082412884 -0.0024037101 0.027447247
   vertex -0.082413077 -0.0031141117 0.02676843
   vertex -0.082411549 -0.0030863761 0.027436834
  endloop
 endfacet
 facet normal -0.99999723 0.00010301715 -0.0023520281
  outer loop
   vertex -0.082410908 -0.0050128738 0.027440469
   vertex -0.082410865 -0.0043805914 0.027449832
   vertex -0.082409438 -0.0043889934 0.026842969
  endloop
 endfacet
 facet normal -0.99999723 0.00010301715 -0.0023520281
  outer loop
   vertex -0.082410908 -0.0050128738 0.027440469
   vertex -0.082409438 -0.0043889934 0.026842969
   vertex -0.082407757 -0.0050047458 0.026847509
  endloop
 endfacet
 facet normal 0.00025100153 0.25882066 0.96592536
  outer loop
   vertex -0.085 -0.0020290755 0.025608871
   vertex -0.084996634 -0.0025047967 0.02573634
   vertex -0.08435889 -0.0025050074 0.025736231
  endloop
 endfacet
 facet normal 0.00025100153 0.25882066 0.96592536
  outer loop
   vertex -0.085 -0.0020290755 0.025608871
   vertex -0.08435889 -0.0025050074 0.025736231
   vertex -0.084375 -0.0020290684 0.025608899
  endloop
 endfacet
 facet normal -0.001738145 0.25685705 0.96644784
  outer loop
   vertex -0.083092461 -0.0025071945 0.025735937
   vertex -0.082417719 -0.002538237 0.025745401
   vertex -0.082412675 -0.0020287966 0.025610013
  endloop
 endfacet
 facet normal -0.001738145 0.25685705 0.96644784
  outer loop
   vertex -0.083092461 -0.0025071945 0.025735937
   vertex -0.082412675 -0.0020287966 0.025610013
   vertex -0.083173715 -0.0020289955 0.025609188
  endloop
 endfacet
 facet normal -0.99999722 0.00051397874 0.0023022332
  outer loop
   vertex -0.082410881 -0.0075118448 0.027456282
   vertex -0.082410512 -0.006892165 0.027478165
   vertex -0.082411814 -0.0069080905 0.026916213
  endloop
 endfacet
 facet normal -0.99999722 0.00051397874 0.0023022332
  outer loop
   vertex -0.082410881 -0.0075118448 0.027456282
   vertex -0.082411814 -0.0069080905 0.026916213
   vertex -0.082411145 -0.007466118 0.027065722
  endloop
 endfacet
 facet normal -0.99996311 0.0068213852 -0.0052199256
  outer loop
   vertex -0.082410908 -0.0050128738 0.027440469
   vertex -0.082407757 -0.0050047458 0.026847509
   vertex -0.082411252 -0.0057048781 0.02660206
  endloop
 endfacet
 facet normal -0.99996311 0.0068213852 -0.0052199256
  outer loop
   vertex -0.082410908 -0.0050128738 0.027440469
   vertex -0.082411252 -0.0057048781 0.02660206
   vertex -0.082411964 -0.0056463746 0.027411289
  endloop
 endfacet
 facet normal 1.5465689e-06 0.25880262 0.96593023
  outer loop
   vertex -0.088410957 -0.0025991814 0.025761631
   vertex -0.087592346 -0.0025348536 0.025744394
   vertex -0.087451285 -0.0020290734 0.02560888
  endloop
 endfacet
 facet normal 1.5465689e-06 0.25880262 0.96593023
  outer loop
   vertex -0.088410957 -0.0025991814 0.025761631
   vertex -0.087451285 -0.0020290734 0.02560888
   vertex -0.088410938 -0.0020290711 0.025608889
  endloop
 endfacet
 facet normal -5.5031799e-07 0.25882752 0.96592356
  outer loop
   vertex -0.087609905 -0.0029641204 0.02585942
   vertex -0.087592346 -0.0025348536 0.025744394
   vertex -0.088410957 -0.0025991814 0.025761631
  endloop
 endfacet
 facet normal -5.5031799e-07 0.25882752 0.96592356
  outer loop
   vertex -0.087609905 -0.0029641204 0.02585942
   vertex -0.088410957 -0.0025991814 0.025761631
   vertex -0.088125633 -0.0029612516 0.025858676
  endloop
 endfacet
 facet normal -2.9459945e-15 0.25881901 0.96592584
  outer loop
   vertex -0.08563281 -0.0025056434 0.025736567
   vertex -0.084996634 -0.0025047967 0.02573634
   vertex -0.085 -0.0020290755 0.025608871
  endloop
 endfacet
 facet normal -2.9459945e-15 0.25881901 0.96592584
  outer loop
   vertex -0.08563281 -0.0025056434 0.025736567
   vertex -0.085 -0.0020290755 0.025608871
   vertex -0.085625 -0.0020290755 0.025608871
  endloop
 endfacet
 facet normal 4.987689e-07 0.25880289 0.96593015
  outer loop
   vertex -0.087451285 -0.0020290734 0.02560888
   vertex -0.087592346 -0.0025348536 0.025744394
   vertex -0.086931148 -0.0025157627 0.025739279
  endloop
 endfacet
 facet normal 4.987689e-07 0.25880289 0.96593015
  outer loop
   vertex -0.087451285 -0.0020290734 0.02560888
   vertex -0.086931148 -0.0025157627 0.025739279
   vertex -0.086870004 -0.0020290748 0.025608874
  endloop
 endfacet
 facet normal -0.99999392 0.0015037571 -0.0031453305
  outer loop
   vertex -0.082410771 -0.010063415 0.032513939
   vertex -0.082411421 -0.010536924 0.032494163
   vertex -0.082412637 -0.010418148 0.032937452
  endloop
 endfacet
 facet normal -0.99999392 0.0015037571 -0.0031453305
  outer loop
   vertex -0.082410771 -0.010063415 0.032513939
   vertex -0.082412637 -0.010418148 0.032937452
   vertex -0.082411015 -0.010339559 0.033222729
  endloop
 endfacet
 facet normal -5.9757803e-15 0.25881901 0.96592584
  outer loop
   vertex -0.084994476 -0.0098418407 0.027702295
   vertex -0.085641409 -0.009841752 0.027702271
   vertex -0.085636856 -0.010697855 0.027931663
  endloop
 endfacet
 facet normal -5.9757803e-15 0.25881901 0.96592584
  outer loop
   vertex -0.084994476 -0.0098418407 0.027702295
   vertex -0.085636856 -0.010697855 0.027931663
   vertex -0.084997757 -0.010698109 0.027931731
  endloop
 endfacet
 facet normal 0.0013973418 0.25984599 0.96564906
  outer loop
   vertex -0.087627669 -0.0098299417 0.027699299
   vertex -0.087623483 -0.010714734 0.027937381
   vertex -0.086951274 -0.010710219 0.027935193
  endloop
 endfacet
 facet normal 0.0013973418 0.25984599 0.96564906
  outer loop
   vertex -0.087627669 -0.0098299417 0.027699299
   vertex -0.086951274 -0.010710219 0.027935193
   vertex -0.086972635 -0.0098396379 0.027701753
  endloop
 endfacet
 facet normal 6.881142e-05 0.25881877 0.9659259
  outer loop
   vertex -0.084994476 -0.0098418407 0.027702295
   vertex -0.084997757 -0.010698109 0.027931731
   vertex -0.084358609 -0.010702955 0.027932984
  endloop
 endfacet
 facet normal 6.881142e-05 0.25881877 0.9659259
  outer loop
   vertex -0.084994476 -0.0098418407 0.027702295
   vertex -0.084358609 -0.010702955 0.027932984
   vertex -0.084346028 -0.0098417704 0.027702246
  endloop
 endfacet
 facet normal 6.7973131e-05 0.25732876 0.96632391
  outer loop
   vertex -0.082413181 -0.0098155623 0.027695258
   vertex -0.083046593 -0.0098306385 0.027699318
   vertex -0.083082431 -0.010719215 0.027935945
  endloop
 endfacet
 facet normal 6.7973131e-05 0.25732876 0.96632391
  outer loop
   vertex -0.082413181 -0.0098155623 0.027695258
   vertex -0.083082431 -0.010719215 0.027935945
   vertex -0.082411034 -0.010717761 0.027939228
  endloop
 endfacet
 facet normal 6.7973131e-05 0.25732876 0.96632391
  outer loop
   vertex -0.082413181 -0.0098155623 0.027695258
   vertex -0.082411034 -0.010717761 0.027939228
   vertex -0.082411033 -0.01010031 0.027774688
  endloop
 endfacet
 facet normal -0.99998799 -0.002519224 -0.004202788
  outer loop
   vertex -0.082410923 -0.0025158559 0.052515717
   vertex -0.082408544 -0.0025169077 0.051950252
   vertex -0.08240683 -0.0031518397 0.051922895
  endloop
 endfacet
 facet normal -0.99998799 -0.002519224 -0.004202788
  outer loop
   vertex -0.082410923 -0.0025158559 0.052515717
   vertex -0.08240683 -0.0031518397 0.051922895
   vertex -0.082410747 -0.0030978951 0.052330126
  endloop
 endfacet
 facet normal -0.9999999 -0.00043356439 -7.8815874e-05
  outer loop
   vertex -0.082410977 -0.0050823762 0.050054705
   vertex -0.082410978 -0.0052107583 0.050777239
   vertex -0.082411295 -0.0044681553 0.050707389
  endloop
 endfacet
 facet normal -0.9999999 -0.00043356439 -7.8815874e-05
  outer loop
   vertex -0.082410977 -0.0050823762 0.050054705
   vertex -0.082411295 -0.0044681553 0.050707389
   vertex -0.082411008 -0.0044554874 0.050058144
  endloop
 endfacet
 facet normal -1 2.6685503e-05 -2.5975388e-05
  outer loop
   vertex -0.082410973 -0.0025121704 0.050025327
   vertex -0.08241099 -0.0031515633 0.050032687
   vertex -0.082411008 -0.0031600936 0.050683049
  endloop
 endfacet
 facet normal -1 2.6685503e-05 -2.5975388e-05
  outer loop
   vertex -0.082410973 -0.0025121704 0.050025327
   vertex -0.082411008 -0.0031600936 0.050683049
   vertex -0.082410913 -0.002516795 0.050675702
  endloop
 endfacet
 facet normal -1 9.881196e-06 -6.673252e-05
  outer loop
   vertex -0.082410977 -0.0050823762 0.050054705
   vertex -0.082410985 -0.0056733961 0.050082753
   vertex -0.082411007 -0.0054460124 0.050454997
  endloop
 endfacet
 facet normal -1 9.881196e-06 -6.673252e-05
  outer loop
   vertex -0.082410977 -0.0050823762 0.050054705
   vertex -0.082411007 -0.0054460124 0.050454997
   vertex -0.082410978 -0.0052107583 0.050777239
  endloop
 endfacet
 facet normal -0.99996269 -0.0081465645 -0.00287159
  outer loop
   vertex -0.08240848 0.0025411541 0.050030175
   vertex -0.082411417 0.0026511406 0.050740784
   vertex -0.082412388 0.0028855476 0.050413901
  endloop
 endfacet
 facet normal -0.99996269 -0.0081465645 -0.00287159
  outer loop
   vertex -0.08240848 0.0025411541 0.050030175
   vertex -0.082412388 0.0028855476 0.050413901
   vertex -0.082416027 0.0031059587 0.05004346
  endloop
 endfacet
 facet normal -1 0 0
  outer loop
   vertex -0.082410976 -0.0024968753 0.037499214
   vertex -0.082410976 -0.0024978439 0.038124467
   vertex -0.082410976 -0.0018686581 0.038123432
  endloop
 endfacet
 facet normal -1 0 0
  outer loop
   vertex -0.082410976 -0.0024968753 0.037499214
   vertex -0.082410976 -0.0018686581 0.038123432
   vertex -0.082410976 -0.0018660425 0.037497754
  endloop
 endfacet
 facet normal -0.99999999 0.00010861478 -2.9651951e-05
  outer loop
   vertex -0.082410922 3.0343131e-05 0.039991781
   vertex -0.082410903 3.9897516e-05 0.039364808
   vertex -0.082410973 -0.000605239 0.039369981
  endloop
 endfacet
 facet normal -0.99999999 0.00010861478 -2.9651951e-05
  outer loop
   vertex -0.082410922 3.0343131e-05 0.039991781
   vertex -0.082410973 -0.000605239 0.039369981
   vertex -0.082410973 -0.0006102908 0.039996095
  endloop
 endfacet
 facet normal -1 -3.1655572e-05 8.971893e-05
  outer loop
   vertex -0.082411052 7.7005548e-05 0.037480698
   vertex -0.08241103 -0.00057887043 0.037488652
   vertex -0.082410974 -0.00059124717 0.03811662
  endloop
 endfacet
 facet normal -1 -3.1655572e-05 8.971893e-05
  outer loop
   vertex -0.082411052 7.7005548e-05 0.037480698
   vertex -0.082410974 -0.00059124717 0.03811662
   vertex -0.082410752 5.661767e-05 0.038110861
  endloop
 endfacet
 facet normal -1 2.2165097e-14 2.223027e-14
  outer loop
   vertex -0.082410976 -0.0024993833 0.03999984
   vertex -0.082410976 -0.0018728801 0.039999448
   vertex -0.082410976 -0.0018719333 0.03937423
  endloop
 endfacet
 facet normal -1 2.2165097e-14 2.223027e-14
  outer loop
   vertex -0.082410976 -0.0024993833 0.03999984
   vertex -0.082410976 -0.0018719333 0.03937423
   vertex -0.082410976 -0.0024990543 0.039374764
  endloop
 endfacet
 facet normal -1 0 0
  outer loop
   vertex -0.082410976 -0.0024999425 0.042499984
   vertex -0.082410976 -0.0018744849 0.042499863
   vertex -0.082410976 -0.0018742452 0.041874801
  endloop
 endfacet
 facet normal -1 0 0
  outer loop
   vertex -0.082410976 -0.0024999425 0.042499984
   vertex -0.082410976 -0.0018742452 0.041874801
   vertex -0.082410976 -0.0024998537 0.041874961
  endloop
 endfacet
 facet normal -1 7.9136404e-05 -2.5955142e-06
  outer loop
   vertex -0.082410922 3.0343131e-05 0.039991781
   vertex -0.082410973 -0.0006102908 0.039996095
   vertex -0.082410975 -0.0006133544 0.040621859
  endloop
 endfacet
 facet normal -1 7.9136404e-05 -2.5955142e-06
  outer loop
   vertex -0.082410922 3.0343131e-05 0.039991781
   vertex -0.082410975 -0.0006133544 0.040621859
   vertex -0.082410946 2.5789234e-05 0.040617968
  endloop
 endfacet
 facet normal -1 0 0
  outer loop
   vertex -0.082410976 -0.0024993833 0.03999984
   vertex -0.082410976 -0.0024995953 0.040624892
   vertex -0.082410976 -0.0018734964 0.040624599
  endloop
 endfacet
 facet normal -1 0 0
  outer loop
   vertex -0.082410976 -0.0024993833 0.03999984
   vertex -0.082410976 -0.0018734964 0.040624599
   vertex -0.082410976 -0.0018728801 0.039999448
  endloop
 endfacet
 facet normal -1 7.1594254e-07 -3.0030071e-06
  outer loop
   vertex -0.082410978 1.3319182e-05 0.042496436
   vertex -0.082410976 1.7090335e-05 0.04187056
   vertex -0.082410976 -0.0006179113 0.041873147
  endloop
 endfacet
 facet normal -1 7.1594254e-07 -3.0030071e-06
  outer loop
   vertex -0.082410978 1.3319182e-05 0.042496436
   vertex -0.082410976 -0.0006179113 0.041873147
   vertex -0.082410976 -0.00061966201 0.04249858
  endloop
 endfacet
 facet normal -1 1.2296512e-07 5.1149094e-10
  outer loop
   vertex -0.082410976 -0.0075090986 0.032502226
   vertex -0.082410976 -0.0075064952 0.03187635
   vertex -0.082410976 -0.008141209 0.031878599
  endloop
 endfacet
 facet normal -1 1.2296512e-07 5.1149094e-10
  outer loop
   vertex -0.082410976 -0.0075090986 0.032502226
   vertex -0.082410976 -0.008141209 0.031878599
   vertex -0.082410977 -0.0081473761 0.032505487
  endloop
 endfacet
 facet normal -0.99999999 -2.9439255e-05 -0.00011383178
  outer loop
   vertex -0.082410881 -0.010051218 0.029990987
   vertex -0.082410954 -0.010068777 0.030635472
   vertex -0.082410973 -0.0094170085 0.030627328
  endloop
 endfacet
 facet normal -0.99999999 -2.9439255e-05 -0.00011383178
  outer loop
   vertex -0.082410881 -0.010051218 0.029990987
   vertex -0.082410973 -0.0094170085 0.030627328
   vertex -0.082410963 -0.0094094802 0.029987497
  endloop
 endfacet
 facet normal -1 1.3688106e-07 1.3689938e-07
  outer loop
   vertex -0.082410976 -0.0075041272 0.029992435
   vertex -0.082410976 -0.0081337789 0.02999001
   vertex -0.082410976 -0.0081345357 0.030622759
  endloop
 endfacet
 facet normal -1 1.3688106e-07 1.3689938e-07
  outer loop
   vertex -0.082410976 -0.0075041272 0.029992435
   vertex -0.082410976 -0.0081345357 0.030622759
   vertex -0.082410976 -0.0075038323 0.030622814
  endloop
 endfacet
 facet normal -0.99999993 -0.00036267875 -5.3930948e-05
  outer loop
   vertex -0.082410771 -0.010063415 0.032513939
   vertex -0.082410993 -0.0094534112 0.032519488
   vertex -0.082410966 -0.0094328114 0.031888679
  endloop
 endfacet
 facet normal -0.99999993 -0.00036267875 -5.3930948e-05
  outer loop
   vertex -0.082410771 -0.010063415 0.032513939
   vertex -0.082410966 -0.0094328114 0.031888679
   vertex -0.082410873 -0.010058118 0.031893403
  endloop
 endfacet
 facet normal -1 0 0
  outer loop
   vertex -0.082410976 -0.0025016371 0.047500753
   vertex -0.082410976 -0.0025027927 0.048126861
   vertex -0.082410976 -0.0018758576 0.048126043
  endloop
 endfacet
 facet normal -1 0 0
  outer loop
   vertex -0.082410976 -0.0025016371 0.047500753
   vertex -0.082410976 -0.0018758576 0.048126043
   vertex -0.082410976 -0.0018754442 0.047500327
  endloop
 endfacet
 facet normal -1 -1.4541495e-08 7.5030543e-06
  outer loop
   vertex -0.082410972 8.4025904e-06 0.050021632
   vertex -0.082410976 5.450819e-06 0.04938437
   vertex -0.082410976 -0.00062314739 0.049383152
  endloop
 endfacet
 facet normal -1 -1.4541495e-08 7.5030543e-06
  outer loop
   vertex -0.082410972 8.4025904e-06 0.050021632
   vertex -0.082410976 -0.00062314739 0.049383152
   vertex -0.082410973 -0.00062192411 0.050020797
  endloop
 endfacet
 facet normal -1 4.4299314e-14 4.435906e-14
  outer loop
   vertex -0.082410976 2.3461073e-06 0.047500005
   vertex -0.082410976 -0.00062430921 0.047500114
   vertex -0.082410976 -0.00062430351 0.048125811
  endloop
 endfacet
 facet normal -1 4.4299314e-14 4.435906e-14
  outer loop
   vertex -0.082410976 2.3461073e-06 0.047500005
   vertex -0.082410976 -0.00062430351 0.048125811
   vertex -0.082410976 2.3239792e-06 0.04812611
  endloop
 endfacet
 facet normal -1 3.9971365e-06 8.7695569e-06
  outer loop
   vertex -0.082410973 -0.0025121704 0.050025327
   vertex -0.082410971 -0.0018798052 0.05002233
   vertex -0.082410976 -0.0018778991 0.049383939
  endloop
 endfacet
 facet normal -1 3.9971365e-06 8.7695569e-06
  outer loop
   vertex -0.082410973 -0.0025121704 0.050025327
   vertex -0.082410976 -0.0018778991 0.049383939
   vertex -0.082410976 -0.0025079553 0.04938639
  endloop
 endfacet
 facet normal -0.9999998 0.00063679388 3.5198161e-05
  outer loop
   vertex -0.08241053 0.0025410898 0.04749507
   vertex -0.082410935 0.001904588 0.047497112
   vertex -0.082410915 0.0019007284 0.04812885
  endloop
 endfacet
 facet normal -0.9999998 0.00063679388 3.5198161e-05
  outer loop
   vertex -0.08241053 0.0025410898 0.04749507
   vertex -0.082410915 0.0019007284 0.04812885
   vertex -0.082410451 0.0025332124 0.048129042
  endloop
 endfacet
 facet normal -1 6.1172388e-06 1.3612232e-05
  outer loop
   vertex -0.082410972 8.4025904e-06 0.050021632
   vertex -0.082410968 0.00064341844 0.050025651
   vertex -0.082410976 0.00063769311 0.049387578
  endloop
 endfacet
 facet normal -1 6.1172388e-06 1.3612232e-05
  outer loop
   vertex -0.082410972 8.4025904e-06 0.050021632
   vertex -0.082410976 0.00063769311 0.049387578
   vertex -0.082410976 5.450819e-06 0.04938437
  endloop
 endfacet
 facet normal -1 -2.2069007e-14 -7.7997371e-19
  outer loop
   vertex -0.082410976 2.3461073e-06 0.047500005
   vertex -0.082410976 2.3239792e-06 0.04812611
   vertex -0.082410976 0.00063116003 0.048126757
  endloop
 endfacet
 facet normal -1 -2.2069007e-14 -7.7997371e-19
  outer loop
   vertex -0.082410976 2.3461073e-06 0.047500005
   vertex -0.082410976 0.00063116003 0.048126757
   vertex -0.082410976 0.00063151491 0.047499679
  endloop
 endfacet
 facet normal -0.99999365 0.00020956529 0.0035576743
  outer loop
   vertex -0.08240848 0.0025411541 0.050030175
   vertex -0.082410697 0.0025734973 0.04940527
   vertex -0.082410853 0.0019216671 0.04939977
  endloop
 endfacet
 facet normal -0.99999365 0.00020956529 0.0035576743
  outer loop
   vertex -0.08240848 0.0025411541 0.050030175
   vertex -0.082410853 0.0019216671 0.04939977
   vertex -0.082410694 0.0019272297 0.050040008
  endloop
 endfacet
 facet normal -1 1.0231999e-08 4.422989e-06
  outer loop
   vertex -0.082410976 -0.0024968753 0.037499214
   vertex -0.082410976 -0.0018660425 0.037497754
   vertex -0.082410979 -0.0018633359 0.03687199
  endloop
 endfacet
 facet normal -1 1.0231999e-08 4.422989e-06
  outer loop
   vertex -0.082410976 -0.0024968753 0.037499214
   vertex -0.082410979 -0.0018633359 0.03687199
   vertex -0.082410976 -0.0024958504 0.036873926
  endloop
 endfacet
 facet normal -0.999986 0.0052866231 0.00021892202
  outer loop
   vertex -0.082407771 3.8643398e-05 0.034990467
   vertex -0.082410934 -0.00055944645 0.034982531
   vertex -0.082410857 -0.00057069104 0.035609105
  endloop
 endfacet
 facet normal -0.999986 0.0052866231 0.00021892202
  outer loop
   vertex -0.082407771 3.8643398e-05 0.034990467
   vertex -0.082410857 -0.00057069104 0.035609105
   vertex -0.082409499 4.1064666e-05 0.035602227
  endloop
 endfacet
 facet normal -0.99999596 -0.0019018421 0.0021111695
  outer loop
   vertex -0.082411052 7.7005548e-05 0.037480698
   vertex -0.08241246 0.00011350321 0.03684677
   vertex -0.082411144 -0.00056410184 0.036859783
  endloop
 endfacet
 facet normal -0.99999596 -0.0019018421 0.0021111695
  outer loop
   vertex -0.082411052 7.7005548e-05 0.037480698
   vertex -0.082411144 -0.00056410184 0.036859783
   vertex -0.08241103 -0.00057887043 0.037488652
  endloop
 endfacet
 facet normal -1 -6.4571283e-06 -1.8553668e-08
  outer loop
   vertex -0.082410976 -0.0024920786 0.034997946
   vertex -0.082410976 -0.0024938757 0.035623381
   vertex -0.08241098 -0.0018595205 0.035620877
  endloop
 endfacet
 facet normal -1 -6.4571283e-06 -1.8553668e-08
  outer loop
   vertex -0.082410976 -0.0024920786 0.034997946
   vertex -0.08241098 -0.0018595205 0.035620877
   vertex -0.082410986 -0.0018555306 0.034994969
  endloop
 endfacet
 facet normal -2.9711938e-05 -0.96592585 0.25881896
  outer loop
   vertex -0.084342408 0.0018329873 0.040022361
   vertex -0.084993787 0.0018332549 0.040023285
   vertex -0.084992353 0.001682725 0.0394615
  endloop
 endfacet
 facet normal -2.9711938e-05 -0.96592585 0.25881896
  outer loop
   vertex -0.084342408 0.0018329873 0.040022361
   vertex -0.084992353 0.001682725 0.0394615
   vertex -0.084338431 0.0016826853 0.039461351
  endloop
 endfacet
 facet normal 0.0021384829 -0.96572364 0.25956363
  outer loop
   vertex -0.083053267 0.0018288021 0.040010059
   vertex -0.083043313 0.0016791898 0.039453334
   vertex -0.082415588 0.0016696831 0.039412793
  endloop
 endfacet
 facet normal 0.0021384829 -0.96572364 0.25956363
  outer loop
   vertex -0.083053267 0.0018288021 0.040010059
   vertex -0.082415588 0.0016696831 0.039412793
   vertex -0.082412863 0.0018191676 0.039970827
  endloop
 endfacet
 facet normal -1 0 0
  outer loop
   vertex -0.082410976 -0.0024999425 0.042499984
   vertex -0.082410976 -0.0025000087 0.043125002
   vertex -0.082410976 -0.0018746318 0.043124902
  endloop
 endfacet
 facet normal -1 0 0
  outer loop
   vertex -0.082410976 -0.0024999425 0.042499984
   vertex -0.082410976 -0.0018746318 0.043124902
   vertex -0.082410976 -0.0018744849 0.042499863
  endloop
 endfacet
 facet normal -1 0 -0
  outer loop
   vertex -0.082410976 6.433394e-06 0.044998297
   vertex -0.082410976 8.2773146e-06 0.044372851
   vertex -0.082410976 -0.00062212513 0.044374253
  endloop
 endfacet
 facet normal -1 0 -0
  outer loop
   vertex -0.082410976 6.433394e-06 0.044998297
   vertex -0.082410976 -0.00062212513 0.044374253
   vertex -0.082410976 -0.00062283603 0.04499943
  endloop
 endfacet
 facet normal -1 -2.2430715e-06 -3.4657165e-09
  outer loop
   vertex -0.082410978 1.3319182e-05 0.042496436
   vertex -0.082410976 -0.00061966201 0.04249858
   vertex -0.082410976 -0.00062062807 0.04312383
  endloop
 endfacet
 facet normal -1 -2.2430715e-06 -3.4657165e-09
  outer loop
   vertex -0.082410978 1.3319182e-05 0.042496436
   vertex -0.082410976 -0.00062062807 0.04312383
   vertex -0.082410979 1.1655102e-05 0.043121866
  endloop
 endfacet
 facet normal -1 -2.219524e-14 -2.2206788e-14
  outer loop
   vertex -0.082410976 -0.0025002703 0.045000072
   vertex -0.082410976 -0.0018749171 0.044999979
   vertex -0.082410976 -0.0018748284 0.044374955
  endloop
 endfacet
 facet normal -1 -2.219524e-14 -2.2206788e-14
  outer loop
   vertex -0.082410976 -0.0025002703 0.045000072
   vertex -0.082410976 -0.0018748284 0.044374955
   vertex -0.082410976 -0.0025001625 0.044375043
  endloop
 endfacet
 facet normal -0.011237685 -0.96809169 0.25034413
  outer loop
   vertex -0.082412922 0.0024860222 0.042459612
   vertex -0.082411162 0.0026361647 0.043040298
   vertex -0.083060027 0.0026499272 0.043064392
  endloop
 endfacet
 facet normal -0.011237685 -0.96809169 0.25034413
  outer loop
   vertex -0.082412922 0.0024860222 0.042459612
   vertex -0.083060027 0.0026499272 0.043064392
   vertex -0.083060044 0.0024965161 0.04249974
  endloop
 endfacet
 facet normal -8.9162074e-07 -0.96593002 0.25880339
  outer loop
   vertex -0.084994724 0.0025007195 0.042514297
   vertex -0.084345265 0.0025004653 0.042513351
   vertex -0.084348449 0.0026476711 0.043062766
  endloop
 endfacet
 facet normal -8.9162074e-07 -0.96593002 0.25880339
  outer loop
   vertex -0.084994724 0.0025007195 0.042514297
   vertex -0.084348449 0.0026476711 0.043062766
   vertex -0.084995616 0.0026478001 0.043063209
  endloop
 endfacet
 facet normal -2.9711909e-05 -0.96592584 0.25881898
  outer loop
   vertex -0.084994826 0.0019806373 0.040573324
   vertex -0.084993787 0.0018332549 0.040023285
   vertex -0.084342408 0.0018329873 0.040022361
  endloop
 endfacet
 facet normal -2.9711909e-05 -0.96592584 0.25881898
  outer loop
   vertex -0.084994826 0.0019806373 0.040573324
   vertex -0.084342408 0.0018329873 0.040022361
   vertex -0.084345948 0.0019804611 0.040572829
  endloop
 endfacet
 facet normal 0.0013082314 -0.96598922 0.25857905
  outer loop
   vertex -0.083053267 0.0018288021 0.040010059
   vertex -0.082412863 0.0018191676 0.039970827
   vertex -0.082415553 0.0019742496 0.04055019
  endloop
 endfacet
 facet normal 0.0013082314 -0.96598922 0.25857905
  outer loop
   vertex -0.083053267 0.0018288021 0.040010059
   vertex -0.082415553 0.0019742496 0.04055019
   vertex -0.083056729 0.0019797084 0.040573396
  endloop
 endfacet
 facet normal 0.0010988001 -0.96605333 0.25834037
  outer loop
   vertex -0.082412522 -0.00069204165 0.03059883
   vertex -0.083058106 -0.00068239016 0.030637668
   vertex -0.083059278 -0.00083145298 0.030080258
  endloop
 endfacet
 facet normal 0.0010988001 -0.96605333 0.25834037
  outer loop
   vertex -0.082412522 -0.00069204165 0.03059883
   vertex -0.083059278 -0.00083145298 0.030080258
   vertex -0.082412946 -0.00084153835 0.030040799
  endloop
 endfacet
 facet normal -1 1.2810524e-06 -1.610307e-06
  outer loop
   vertex -0.082410976 -0.0075394617 0.037510202
   vertex -0.082410977 -0.0075572991 0.038139579
   vertex -0.082410976 -0.0069053253 0.038132958
  endloop
 endfacet
 facet normal -1 1.2810524e-06 -1.610307e-06
  outer loop
   vertex -0.082410976 -0.0075394617 0.037510202
   vertex -0.082410976 -0.0069053253 0.038132958
   vertex -0.082410976 -0.0068953952 0.03750534
  endloop
 endfacet
 facet normal -1 0 -0
  outer loop
   vertex -0.082410976 -0.0050050666 0.040001303
   vertex -0.082410976 -0.0050039538 0.039376042
   vertex -0.082410976 -0.005636387 0.039378016
  endloop
 endfacet
 facet normal -1 0 -0
  outer loop
   vertex -0.082410976 -0.0050050666 0.040001303
   vertex -0.082410976 -0.005636387 0.039378016
   vertex -0.082410976 -0.0056393117 0.040003699
  endloop
 endfacet
 facet normal -1 0 0
  outer loop
   vertex -0.082410976 -0.0050010254 0.037500272
   vertex -0.082410976 -0.0056282842 0.037500869
   vertex -0.082410976 -0.0056302431 0.038126395
  endloop
 endfacet
 facet normal -1 0 0
  outer loop
   vertex -0.082410976 -0.0050010254 0.037500272
   vertex -0.082410976 -0.0056302431 0.038126395
   vertex -0.082410976 -0.0050017198 0.038125459
  endloop
 endfacet
 facet normal -0.99999931 0.0011748429 -4.2648536e-05
  outer loop
   vertex -0.082411877 -0.0076615971 0.040043893
   vertex -0.082411044 -0.006953394 0.040020527
   vertex -0.082410996 -0.0069354547 0.039391288
  endloop
 endfacet
 facet normal -0.99999931 0.0011748429 -4.2648536e-05
  outer loop
   vertex -0.082411877 -0.0076615971 0.040043893
   vertex -0.082410996 -0.0069354547 0.039391288
   vertex -0.082411124 -0.0076051162 0.039404351
  endloop
 endfacet
 facet normal 4.7005043e-08 0.96592583 -0.25881904
  outer loop
   vertex -0.084341126 -0.0092167572 0.037421111
   vertex -0.084993306 -0.0092168294 0.037420842
   vertex -0.084992955 -0.0090793603 0.037933883
  endloop
 endfacet
 facet normal 4.7005043e-08 0.96592583 -0.25881904
  outer loop
   vertex -0.084341126 -0.0092167572 0.037421111
   vertex -0.084992955 -0.0090793603 0.037933883
   vertex -0.084340404 -0.0090795615 0.037933132
  endloop
 endfacet
 facet normal 2.0466964e-06 0.9659276 -0.25881244
  outer loop
   vertex -0.083049516 -0.0092147199 0.037428697
   vertex -0.083032695 -0.0090822678 0.037923028
   vertex -0.082410982 -0.0090850796 0.037912539
  endloop
 endfacet
 facet normal 2.0466964e-06 0.9659276 -0.25881244
  outer loop
   vertex -0.083049516 -0.0092147199 0.037428697
   vertex -0.082410982 -0.0090850796 0.037912539
   vertex -0.082410987 -0.0092033298 0.037471223
  endloop
 endfacet
 facet normal 4.7005075e-08 0.96592583 -0.25881904
  outer loop
   vertex -0.08499461 -0.0093674045 0.036858888
   vertex -0.084993306 -0.0092168294 0.037420842
   vertex -0.084341126 -0.0092167572 0.037421111
  endloop
 endfacet
 facet normal 4.7005075e-08 0.96592583 -0.25881904
  outer loop
   vertex -0.08499461 -0.0093674045 0.036858888
   vertex -0.084341126 -0.0092167572 0.037421111
   vertex -0.084344845 -0.0093671495 0.036859839
  endloop
 endfacet
 facet normal 7.0998161e-06 0.96592635 -0.25881708
  outer loop
   vertex -0.083049516 -0.0092147199 0.037428697
   vertex -0.082410987 -0.0092033298 0.037471223
   vertex -0.082411044 -0.0093528508 0.036913199
  endloop
 endfacet
 facet normal 7.0998161e-06 0.96592635 -0.25881708
  outer loop
   vertex -0.083049516 -0.0092147199 0.037428697
   vertex -0.082411044 -0.0093528508 0.036913199
   vertex -0.083059048 -0.009363492 0.03687343
  endloop
 endfacet
 facet normal -1 0 0
  outer loop
   vertex -0.082410976 -0.0075090986 0.032502226
   vertex -0.082410976 -0.0068781773 0.032500766
   vertex -0.082410976 -0.006877226 0.031875392
  endloop
 endfacet
 facet normal -1 0 0
  outer loop
   vertex -0.082410976 -0.0075090986 0.032502226
   vertex -0.082410976 -0.006877226 0.031875392
   vertex -0.082410976 -0.0075064952 0.03187635
  endloop
 endfacet
 facet normal -1 2.215532e-14 -1.7628357e-17
  outer loop
   vertex -0.082410976 -0.004999158 0.029997009
   vertex -0.082410976 -0.0056255447 0.029996435
   vertex -0.082410976 -0.0056250455 0.030623853
  endloop
 endfacet
 facet normal -1 2.215532e-14 -1.7628357e-17
  outer loop
   vertex -0.082410976 -0.004999158 0.029997009
   vertex -0.082410976 -0.0056250455 0.030623853
   vertex -0.082410976 -0.0049990505 0.030623915
  endloop
 endfacet
 facet normal -1 0 -0
  outer loop
   vertex -0.082410976 -0.004999782 0.032499933
   vertex -0.082410976 -0.0049995672 0.031874837
   vertex -0.082410976 -0.0056250607 0.031874943
  endloop
 endfacet
 facet normal -1 0 -0
  outer loop
   vertex -0.082410976 -0.004999782 0.032499933
   vertex -0.082410976 -0.0056250607 0.031874943
   vertex -0.082410976 -0.0056251837 0.032500032
  endloop
 endfacet
 facet normal -1 2.2135669e-14 -2.2025342e-14
  outer loop
   vertex -0.082410976 -0.0075041272 0.029992435
   vertex -0.082410976 -0.0075038323 0.030622814
   vertex -0.082410976 -0.0068764739 0.030623232
  endloop
 endfacet
 facet normal -1 2.2135669e-14 -2.2025342e-14
  outer loop
   vertex -0.082410976 -0.0075041272 0.029992435
   vertex -0.082410976 -0.0068764739 0.030623232
   vertex -0.082410976 -0.006877108 0.02999442
  endloop
 endfacet
 facet normal 0.0025262651 -0.96600844 0.2584982
  outer loop
   vertex -0.086961765 -0.00082960948 0.030085672
   vertex -0.086974977 -0.00067977579 0.03064573
   vertex -0.08764879 -0.00068450456 0.030634643
  endloop
 endfacet
 facet normal 0.0025262651 -0.96600844 0.2584982
  outer loop
   vertex -0.086961765 -0.00082960948 0.030085672
   vertex -0.08764879 -0.00068450456 0.030634643
   vertex -0.08759507 -0.00083278621 0.030074615
  endloop
 endfacet
 facet normal -3.8280502e-16 0.96592583 -0.25881904
  outer loop
   vertex -0.084992955 -0.0090793603 0.037933883
   vertex -0.084993306 -0.0092168294 0.037420842
   vertex -0.085644235 -0.0092167265 0.037421226
  endloop
 endfacet
 facet normal -3.8280502e-16 0.96592583 -0.25881904
  outer loop
   vertex -0.084992955 -0.0090793603 0.037933883
   vertex -0.085644235 -0.0092167265 0.037421226
   vertex -0.085643547 -0.0090792882 0.037934152
  endloop
 endfacet
 facet normal 0.00014095835 0.96593271 -0.2587933
  outer loop
   vertex -0.087640261 -0.0090811552 0.037926809
   vertex -0.086983515 -0.0090795225 0.037933261
   vertex -0.086990464 -0.0092153514 0.037426282
  endloop
 endfacet
 facet normal 0.00014095835 0.96593271 -0.2587933
  outer loop
   vertex -0.087640261 -0.0090811552 0.037926809
   vertex -0.086990464 -0.0092153514 0.037426282
   vertex -0.087667625 -0.0092116861 0.037438741
  endloop
 endfacet
 facet normal -3.6050931e-16 0.96592583 -0.25881904
  outer loop
   vertex -0.085644235 -0.0092167265 0.037421226
   vertex -0.084993306 -0.0092168294 0.037420842
   vertex -0.08499461 -0.0093674045 0.036858888
  endloop
 endfacet
 facet normal -3.6050931e-16 0.96592583 -0.25881904
  outer loop
   vertex -0.085644235 -0.0092167265 0.037421226
   vertex -0.08499461 -0.0093674045 0.036858888
   vertex -0.08564399 -0.0093673338 0.036859152
  endloop
 endfacet
 facet normal 0.00045924844 0.96583031 -0.25917485
  outer loop
   vertex -0.087665539 -0.0093626215 0.036876275
   vertex -0.087667625 -0.0092116861 0.037438741
   vertex -0.086990464 -0.0092153514 0.037426282
  endloop
 endfacet
 facet normal 0.00045924844 0.96583031 -0.25917485
  outer loop
   vertex -0.087665539 -0.0093626215 0.036876275
   vertex -0.086990464 -0.0092153514 0.037426282
   vertex -0.086988413 -0.009365892 0.036864505
  endloop
 endfacet
 facet normal -3.3931527e-15 -0.96592583 0.25881903
  outer loop
   vertex -0.084992353 0.001682725 0.0394615
   vertex -0.084993787 0.0018332549 0.040023285
   vertex -0.085644308 0.001833135 0.040022838
  endloop
 endfacet
 facet normal -3.3931527e-15 -0.96592583 0.25881903
  outer loop
   vertex -0.084992353 0.001682725 0.0394615
   vertex -0.085644308 0.001833135 0.040022838
   vertex -0.085644446 0.0016825453 0.039460829
  endloop
 endfacet
 facet normal 0.00065350651 -0.9659014 0.25890935
  outer loop
   vertex -0.087671121 0.0016756298 0.039436981
   vertex -0.086992909 0.0016805122 0.039453484
   vertex -0.08699111 0.0018313993 0.040016387
  endloop
 endfacet
 facet normal 0.00065350651 -0.9659014 0.25890935
  outer loop
   vertex -0.087671121 0.0016756298 0.039436981
   vertex -0.08699111 0.0018313993 0.040016387
   vertex -0.087669027 0.0018280516 0.040004322
  endloop
 endfacet
 facet normal 0.00046643069 0.96593144 -0.25879765
  outer loop
   vertex -0.086983659 -0.0065676682 0.047307628
   vertex -0.086991216 -0.0067031493 0.046801947
   vertex -0.087668771 -0.0066983937 0.046818476
  endloop
 endfacet
 facet normal 0.00046643069 0.96593144 -0.25879765
  outer loop
   vertex -0.086983659 -0.0065676682 0.047307628
   vertex -0.087668771 -0.0066983937 0.046818476
   vertex -0.087640378 -0.0065687683 0.047303158
  endloop
 endfacet
 facet normal 1.7893571e-15 0.96592583 -0.25881904
  outer loop
   vertex -0.084993512 -0.0072346821 0.044818316
   vertex -0.085643144 -0.0072346432 0.044818461
   vertex -0.085643053 -0.0070031403 0.045682442
  endloop
 endfacet
 facet normal 1.7893571e-15 0.96592583 -0.25881904
  outer loop
   vertex -0.084993512 -0.0072346821 0.044818316
   vertex -0.085643053 -0.0070031403 0.045682442
   vertex -0.084995311 -0.0070032338 0.045682093
  endloop
 endfacet
 facet normal 2.5673689e-15 0.96592583 -0.25881904
  outer loop
   vertex -0.085643401 -0.0065679098 0.047306744
   vertex -0.084992487 -0.0065680468 0.047306233
   vertex -0.084992987 -0.006705329 0.046793889
  endloop
 endfacet
 facet normal 2.5673689e-15 0.96592583 -0.25881904
  outer loop
   vertex -0.085643401 -0.0065679098 0.047306744
   vertex -0.084992987 -0.006705329 0.046793889
   vertex -0.085644278 -0.0067051534 0.046794544
  endloop
 endfacet
 facet normal 3.799807e-05 0.9659269 -0.25881502
  outer loop
   vertex -0.087661459 -0.0070025248 0.045684636
   vertex -0.086983193 -0.0070023247 0.045685482
   vertex -0.0869809 -0.0072352047 0.044816348
  endloop
 endfacet
 facet normal 3.799807e-05 0.9659269 -0.25881502
  outer loop
   vertex -0.087661459 -0.0070025248 0.045684636
   vertex -0.0869809 -0.0072352047 0.044816348
   vertex -0.087636721 -0.0072372041 0.044808532
  endloop
 endfacet
 facet normal -0.99999994 -0.00021414026 -0.00027670703
  outer loop
   vertex -0.082410998 -0.0078292587 0.042594969
   vertex -0.08241116 -0.0069861545 0.04252764
   vertex -0.082410992 -0.0069523126 0.041894417
  endloop
 endfacet
 facet normal -0.99999994 -0.00021414026 -0.00027670703
  outer loop
   vertex -0.082410998 -0.0078292587 0.042594969
   vertex -0.082410992 -0.0069523126 0.041894417
   vertex -0.082410844 -0.0075591935 0.04188806
  endloop
 endfacet
 facet normal -1 0 0
  outer loop
   vertex -0.082410976 -0.0050050666 0.040001303
   vertex -0.082410976 -0.0056393117 0.040003699
   vertex -0.082410976 -0.0056406031 0.040628923
  endloop
 endfacet
 facet normal -1 0 0
  outer loop
   vertex -0.082410976 -0.0050050666 0.040001303
   vertex -0.082410976 -0.0056406031 0.040628923
   vertex -0.082410976 -0.0050058483 0.040626467
  endloop
 endfacet
 facet normal -1 5.2141285e-08 1.9628962e-10
  outer loop
   vertex -0.082410976 -0.0050113915 0.042502932
   vertex -0.082410976 -0.0050090361 0.041877264
   vertex -0.082410976 -0.0056472856 0.041880556
  endloop
 endfacet
 facet normal -1 5.2141285e-08 1.9628962e-10
  outer loop
   vertex -0.082410976 -0.0050113915 0.042502932
   vertex -0.082410976 -0.0056472856 0.041880556
   vertex -0.082410977 -0.0056529675 0.042507148
  endloop
 endfacet
 facet normal -0.99999926 0.00022993099 0.0011977791
  outer loop
   vertex -0.082411877 -0.0076615971 0.040043893
   vertex -0.082411137 -0.0076040156 0.040650689
   vertex -0.082410995 -0.0069436027 0.040642029
  endloop
 endfacet
 facet normal -0.99999926 0.00022993099 0.0011977791
  outer loop
   vertex -0.082411877 -0.0076615971 0.040043893
   vertex -0.082410995 -0.0069436027 0.040642029
   vertex -0.082411044 -0.006953394 0.040020527
  endloop
 endfacet
 facet normal -1 0 0
  outer loop
   vertex -0.082410976 -0.0025016371 0.047500753
   vertex -0.082410976 -0.0018754442 0.047500327
   vertex -0.082410976 -0.0018752161 0.046875103
  endloop
 endfacet
 facet normal -1 0 0
  outer loop
   vertex -0.082410976 -0.0025016371 0.047500753
   vertex -0.082410976 -0.0018752161 0.046875103
   vertex -0.082410976 -0.0025009835 0.046875339
  endloop
 endfacet
 facet normal -1 0 0
  outer loop
   vertex -0.082410976 6.433394e-06 0.044998297
   vertex -0.082410976 -0.00062283603 0.04499943
   vertex -0.082410976 -0.0006233224 0.045624557
  endloop
 endfacet
 facet normal -1 0 0
  outer loop
   vertex -0.082410976 6.433394e-06 0.044998297
   vertex -0.082410976 -0.0006233224 0.045624557
   vertex -0.082410976 5.2356994e-06 0.045623613
  endloop
 endfacet
 facet normal -1 0 0
  outer loop
   vertex -0.082410976 -0.0025002703 0.045000072
   vertex -0.082410976 -0.0025004023 0.045625111
   vertex -0.082410976 -0.001874994 0.045625
  endloop
 endfacet
 facet normal -1 0 0
  outer loop
   vertex -0.082410976 -0.0025002703 0.045000072
   vertex -0.082410976 -0.001874994 0.045625
   vertex -0.082410976 -0.0018749171 0.044999979
  endloop
 endfacet
 facet normal -1 2.214207e-14 2.2211149e-14
  outer loop
   vertex -0.082410976 2.3461073e-06 0.047500005
   vertex -0.082410976 3.154832e-06 0.046874387
   vertex -0.082410976 -0.00062405574 0.046874835
  endloop
 endfacet
 facet normal -1 2.214207e-14 2.2211149e-14
  outer loop
   vertex -0.082410976 2.3461073e-06 0.047500005
   vertex -0.082410976 -0.00062405574 0.046874835
   vertex -0.082410976 -0.00062430921 0.047500114
  endloop
 endfacet
 facet normal 3.7880234e-07 0.96592596 -0.25881856
  outer loop
   vertex -0.082410978 -0.0066921116 0.046843217
   vertex -0.083047309 -0.0067031701 0.046801945
   vertex -0.083028986 -0.0065712756 0.047294183
  endloop
 endfacet
 facet normal 3.7880234e-07 0.96592596 -0.25881856
  outer loop
   vertex -0.082410978 -0.0066921116 0.046843217
   vertex -0.083028986 -0.0065712756 0.047294183
   vertex -0.082410976 -0.0065744711 0.047282257
  endloop
 endfacet
 facet normal -5.462524e-15 0.96592583 -0.25881904
  outer loop
   vertex -0.084992987 -0.006705329 0.046793889
   vertex -0.084992487 -0.0065680468 0.047306233
   vertex -0.08433929 -0.0065682843 0.047305347
  endloop
 endfacet
 facet normal -5.462524e-15 0.96592583 -0.25881904
  outer loop
   vertex -0.084992987 -0.006705329 0.046793889
   vertex -0.08433929 -0.0065682843 0.047305347
   vertex -0.08434025 -0.0067052774 0.046794082
  endloop
 endfacet
 facet normal 0.00016403049 -0.96592355 0.25882748
  outer loop
   vertex -0.087664333 0.0024959027 0.042496777
   vertex -0.086987576 0.0024991951 0.042508635
   vertex -0.086981292 0.0026470878 0.043060555
  endloop
 endfacet
 facet normal 0.00016403049 -0.96592355 0.25882748
  outer loop
   vertex -0.087664333 0.0024959027 0.042496777
   vertex -0.086981292 0.0026470878 0.043060555
   vertex -0.087658936 0.0026473172 0.043061509
  endloop
 endfacet
 facet normal -3.6348526e-15 -0.96592583 0.25881903
  outer loop
   vertex -0.084994724 0.0025007195 0.042514297
   vertex -0.084995616 0.0026478001 0.043063209
   vertex -0.085642753 0.0026477443 0.043063001
  endloop
 endfacet
 facet normal -3.6348526e-15 -0.96592583 0.25881903
  outer loop
   vertex -0.084994724 0.0025007195 0.042514297
   vertex -0.085642753 0.0026477443 0.043063001
   vertex -0.08564385 0.0025006481 0.042514031
  endloop
 endfacet
 facet normal -3.4120251e-15 -0.96592583 0.25881903
  outer loop
   vertex -0.085644308 0.001833135 0.040022838
   vertex -0.084993787 0.0018332549 0.040023285
   vertex -0.084994826 0.0019806373 0.040573324
  endloop
 endfacet
 facet normal -3.4120251e-15 -0.96592583 0.25881903
  outer loop
   vertex -0.085644308 0.001833135 0.040022838
   vertex -0.084994826 0.0019806373 0.040573324
   vertex -0.085643283 0.0019805466 0.040572985
  endloop
 endfacet
 facet normal 0.00016089395 -0.96588577 0.25896845
  outer loop
   vertex -0.087663569 0.0019799633 0.04057091
   vertex -0.087669027 0.0018280516 0.040004322
   vertex -0.08699111 0.0018313993 0.040016387
  endloop
 endfacet
 facet normal 0.00016089395 -0.96588577 0.25896845
  outer loop
   vertex -0.087663569 0.0019799633 0.04057091
   vertex -0.08699111 0.0018313993 0.040016387
   vertex -0.086984969 0.0019797205 0.040569906
  endloop
 endfacet
 facet normal -0.99999986 0.0003330361 0.00041613186
  outer loop
   vertex -0.08241053 0.0025410898 0.04749507
   vertex -0.082410785 0.0025708048 0.046859336
   vertex -0.082410999 0.0019188381 0.046865908
  endloop
 endfacet
 facet normal -0.99999986 0.0003330361 0.00041613186
  outer loop
   vertex -0.08241053 0.0025410898 0.04749507
   vertex -0.082410999 0.0019188381 0.046865908
   vertex -0.082410935 0.001904588 0.047497112
  endloop
 endfacet
 facet normal -1 -6.0415484e-06 -1.1571636e-08
  outer loop
   vertex -0.082410976 6.433394e-06 0.044998297
   vertex -0.082410976 5.2356994e-06 0.045623613
   vertex -0.08241098 0.00063900324 0.045621271
  endloop
 endfacet
 facet normal -1 -6.0415484e-06 -1.1571636e-08
  outer loop
   vertex -0.082410976 6.433394e-06 0.044998297
   vertex -0.08241098 0.00063900324 0.045621271
   vertex -0.082410981 0.00064129311 0.044995655
  endloop
 endfacet
 facet normal -0.99999738 0.0022564856 -0.00037611259
  outer loop
   vertex -0.082409476 0.0025472992 0.044975419
   vertex -0.082410866 0.0019328661 0.044983114
   vertex -0.082411092 0.0019368953 0.045607629
  endloop
 endfacet
 facet normal -0.99999738 0.0022564856 -0.00037611259
  outer loop
   vertex -0.082409476 0.0025472992 0.044975419
   vertex -0.082411092 0.0019368953 0.045607629
   vertex -0.082412058 0.0025863694 0.045594082
  endloop
 endfacet
 facet normal -1 -2.205738e-14 -8.3649377e-17
  outer loop
   vertex -0.082410976 2.3461073e-06 0.047500005
   vertex -0.082410976 0.00063151491 0.047499679
   vertex -0.082410976 0.00063389068 0.046873216
  endloop
 endfacet
 facet normal -1 -2.205738e-14 -8.3649377e-17
  outer loop
   vertex -0.082410976 2.3461073e-06 0.047500005
   vertex -0.082410976 0.00063389068 0.046873216
   vertex -0.082410976 3.154832e-06 0.046874387
  endloop
 endfacet
 facet normal 0.00020298746 0.25888317 0.96590862
  outer loop
   vertex -0.08499492 -0.0029552913 0.02585705
   vertex -0.084350013 -0.0029550028 0.025856837
   vertex -0.08435889 -0.0025050074 0.025736231
  endloop
 endfacet
 facet normal 0.00020298746 0.25888317 0.96590862
  outer loop
   vertex -0.08499492 -0.0029552913 0.02585705
   vertex -0.08435889 -0.0025050074 0.025736231
   vertex -0.084996634 -0.0025047967 0.02573634
  endloop
 endfacet
 facet normal -0.0016528599 0.25857145 0.96599072
  outer loop
   vertex -0.082424226 -0.0029384752 0.025852523
   vertex -0.082417719 -0.002538237 0.025745401
   vertex -0.083092461 -0.0025071945 0.025735937
  endloop
 endfacet
 facet normal -0.0016528599 0.25857145 0.96599072
  outer loop
   vertex -0.082424226 -0.0029384752 0.025852523
   vertex -0.083092461 -0.0025071945 0.025735937
   vertex -0.08305537 -0.0029478356 0.025853976
  endloop
 endfacet
 facet normal 0.00056222528 -0.96660602 0.25626644
  outer loop
   vertex -0.082633737 -0.00095619912 0.029608797
   vertex -0.082412946 -0.00084153835 0.030040799
   vertex -0.083059278 -0.00083145298 0.030080258
  endloop
 endfacet
 facet normal 0.00056222528 -0.96660602 0.25626644
  outer loop
   vertex -0.082633737 -0.00095619912 0.029608797
   vertex -0.083059278 -0.00083145298 0.030080258
   vertex -0.083081408 -0.00096134006 0.029592863
  endloop
 endfacet
 facet normal -0.99999999 5.5872569e-05 -0.00012764811
  outer loop
   vertex -0.082410881 -0.0075118448 0.027456282
   vertex -0.082410959 -0.0075165318 0.028065667
   vertex -0.082410925 -0.0068880728 0.028080703
  endloop
 endfacet
 facet normal -0.99999999 5.5872569e-05 -0.00012764811
  outer loop
   vertex -0.082410881 -0.0075118448 0.027456282
   vertex -0.082410925 -0.0068880728 0.028080703
   vertex -0.082410512 -0.006892165 0.027478165
  endloop
 endfacet
 facet normal -1 -6.5548805e-17 2.2032962e-14
  outer loop
   vertex -0.082410976 -0.004999158 0.029997009
   vertex -0.082410976 -0.0050000994 0.029367142
   vertex -0.082410976 -0.0056270292 0.029365276
  endloop
 endfacet
 facet normal -1 -6.5548805e-17 2.2032962e-14
  outer loop
   vertex -0.082410976 -0.004999158 0.029997009
   vertex -0.082410976 -0.0056270292 0.029365276
   vertex -0.082410976 -0.0056255447 0.029996435
  endloop
 endfacet
 facet normal -1 0 0
  outer loop
   vertex -0.082410976 -0.0075041272 0.029992435
   vertex -0.082410976 -0.006877108 0.02999442
   vertex -0.082410976 -0.0068790627 0.029361135
  endloop
 endfacet
 facet normal -1 0 0
  outer loop
   vertex -0.082410976 -0.0075041272 0.029992435
   vertex -0.082410976 -0.0068790627 0.029361135
   vertex -0.082410976 -0.007506173 0.029356392
  endloop
 endfacet
 facet normal -0.99999784 0.0016064733 0.0013166906
  outer loop
   vertex -0.082410908 -0.0050128738 0.027440469
   vertex -0.082411964 -0.0056463746 0.027411289
   vertex -0.082411073 -0.0056364084 0.028076149
  endloop
 endfacet
 facet normal -0.99999784 0.0016064733 0.0013166906
  outer loop
   vertex -0.082410908 -0.0050128738 0.027440469
   vertex -0.082411073 -0.0056364084 0.028076149
   vertex -0.08241101 -0.0050067648 0.028087121
  endloop
 endfacet
 facet normal -2.9217057e-15 0.25881901 0.96592584
  outer loop
   vertex -0.08499492 -0.0029552913 0.02585705
   vertex -0.084996634 -0.0025047967 0.02573634
   vertex -0.08563281 -0.0025056434 0.025736567
  endloop
 endfacet
 facet normal -2.9217057e-15 0.25881901 0.96592584
  outer loop
   vertex -0.08499492 -0.0029552913 0.02585705
   vertex -0.08563281 -0.0025056434 0.025736567
   vertex -0.085637912 -0.0029560999 0.025857267
  endloop
 endfacet
 facet normal -2.629136e-07 0.25882751 0.96592356
  outer loop
   vertex -0.086931148 -0.0025157627 0.025739279
   vertex -0.087592346 -0.0025348536 0.025744394
   vertex -0.087609905 -0.0029641204 0.02585942
  endloop
 endfacet
 facet normal -2.629136e-07 0.25882751 0.96592356
  outer loop
   vertex -0.086931148 -0.0025157627 0.025739279
   vertex -0.087609905 -0.0029641204 0.02585942
   vertex -0.086956687 -0.0029618491 0.025858807
  endloop
 endfacet
 facet normal 0.00032030955 -0.96583511 0.25915717
  outer loop
   vertex -0.086961765 -0.00082960948 0.030085672
   vertex -0.08759507 -0.00083278621 0.030074615
   vertex -0.087594757 -0.00096129727 0.029595676
  endloop
 endfacet
 facet normal 0.00032030955 -0.96583511 0.25915717
  outer loop
   vertex -0.086961765 -0.00082960948 0.030085672
   vertex -0.087594757 -0.00096129727 0.029595676
   vertex -0.086960931 -0.00096410971 0.029583713
  endloop
 endfacet
 facet normal -0.99999961 0.00088118456 4.4682058e-05
  outer loop
   vertex -0.082410922 4.9536068e-05 0.03873807
   vertex -0.082410903 3.9897516e-05 0.039364808
   vertex -0.082410329 0.00069155706 0.039356744
  endloop
 endfacet
 facet normal -0.99999961 0.00088118456 4.4682058e-05
  outer loop
   vertex -0.082410922 4.9536068e-05 0.03873807
   vertex -0.082410329 0.00069155706 0.039356744
   vertex -0.082411026 0.00070270679 0.038731318
  endloop
 endfacet
 facet normal -0.99998181 0.0056738016 -0.0020484674
  outer loop
   vertex -0.082408292 0.0012761297 0.039981732
   vertex -0.082406749 0.0013220981 0.039355509
   vertex -0.082410329 0.00069155706 0.039356744
  endloop
 endfacet
 facet normal -0.99998181 0.0056738016 -0.0020484674
  outer loop
   vertex -0.082408292 0.0012761297 0.039981732
   vertex -0.082410329 0.00069155706 0.039356744
   vertex -0.082410512 0.00067234909 0.039986103
  endloop
 endfacet
 facet normal -0.99999936 -0.0002276 0.0011109367
  outer loop
   vertex -0.082411252 0.0014678884 0.038684873
   vertex -0.082411026 0.00070270679 0.038731318
   vertex -0.082410329 0.00069155706 0.039356744
  endloop
 endfacet
 facet normal -0.99999936 -0.0002276 0.0011109367
  outer loop
   vertex -0.082411252 0.0014678884 0.038684873
   vertex -0.082410329 0.00069155706 0.039356744
   vertex -0.082406749 0.0013220981 0.039355509
  endloop
 endfacet
 facet normal -0.99985746 -0.016879257 -0.00039840604
  outer loop
   vertex -0.082416406 0.0011588405 0.037506663
   vertex -0.082408416 0.00068604337 0.037486532
   vertex -0.082408582 0.00068126473 0.03810646
  endloop
 endfacet
 facet normal -0.99985746 -0.016879257 -0.00039840604
  outer loop
   vertex -0.082416406 0.0011588405 0.037506663
   vertex -0.082408582 0.00068126473 0.03810646
   vertex -0.082415354 0.0013081531 0.038064127
  endloop
 endfacet
 facet normal -0.99999236 -0.00019951979 -0.0039041827
  outer loop
   vertex -0.082410922 4.9536068e-05 0.03873807
   vertex -0.082411026 0.00070270679 0.038731318
   vertex -0.082408582 0.00068126473 0.03810646
  endloop
 endfacet
 facet normal -0.99999236 -0.00019951979 -0.0039041827
  outer loop
   vertex -0.082410922 4.9536068e-05 0.03873807
   vertex -0.082408582 0.00068126473 0.03810646
   vertex -0.082410752 5.661767e-05 0.038110861
  endloop
 endfacet
 facet normal -0.99990565 -0.01017739 0.0092259745
  outer loop
   vertex -0.082411252 0.0014678884 0.038684873
   vertex -0.082415354 0.0013081531 0.038064127
   vertex -0.082408582 0.00068126473 0.03810646
  endloop
 endfacet
 facet normal -0.99990565 -0.01017739 0.0092259745
  outer loop
   vertex -0.082411252 0.0014678884 0.038684873
   vertex -0.082408582 0.00068126473 0.03810646
   vertex -0.082411026 0.00070270679 0.038731318
  endloop
 endfacet
 facet normal -0.99994057 -0.0082734826 0.0071000326
  outer loop
   vertex -0.082408292 0.0012761297 0.039981732
   vertex -0.082412863 0.0018191676 0.039970827
   vertex -0.082415588 0.0016696831 0.039412793
  endloop
 endfacet
 facet normal -0.99994057 -0.0082734826 0.0071000326
  outer loop
   vertex -0.082408292 0.0012761297 0.039981732
   vertex -0.082415588 0.0016696831 0.039412793
   vertex -0.082406749 0.0013220981 0.039355509
  endloop
 endfacet
 facet normal -0.99967131 -0.025611847 0.0011449121
  outer loop
   vertex -0.082411252 0.0014678884 0.038684873
   vertex -0.082406749 0.0013220981 0.039355509
   vertex -0.082415588 0.0016696831 0.039412793
  endloop
 endfacet
 facet normal -0.99967131 -0.025611847 0.0011449121
  outer loop
   vertex -0.082411252 0.0014678884 0.038684873
   vertex -0.082415588 0.0016696831 0.039412793
   vertex -0.082421694 0.0015534528 0.038976647
  endloop
 endfacet
 facet normal -0.99782615 -0.064045089 -0.01553085
  outer loop
   vertex -0.082421411 0.0022180498 0.041458677
   vertex -0.082411395 0.0021308629 0.041174698
   vertex -0.082407075 0.0018949403 0.041870042
  endloop
 endfacet
 facet normal -0.99782615 -0.064045089 -0.01553085
  outer loop
   vertex -0.082421411 0.0022180498 0.041458677
   vertex -0.082407075 0.0018949403 0.041870042
   vertex -0.082416263 0.0023365188 0.041901583
  endloop
 endfacet
 facet normal -0.99999046 0.0024204902 -0.0036349061
  outer loop
   vertex -0.082410771 0.0012942737 0.042486874
   vertex -0.08240929 0.0018989637 0.04248211
   vertex -0.082407075 0.0018949403 0.041870042
  endloop
 endfacet
 facet normal -0.99999046 0.0024204902 -0.0036349061
  outer loop
   vertex -0.082410771 0.0012942737 0.042486874
   vertex -0.082407075 0.0018949403 0.041870042
   vertex -0.082410546 0.0013039659 0.041860431
  endloop
 endfacet
 facet normal -0.99998225 0.0058553941 0.0011016526
  outer loop
   vertex -0.082411077 0.0013320767 0.041229656
   vertex -0.082410546 0.0013039659 0.041860431
   vertex -0.082407075 0.0018949403 0.041870042
  endloop
 endfacet
 facet normal -0.99998225 0.0058553941 0.0011016526
  outer loop
   vertex -0.082411077 0.0013320767 0.041229656
   vertex -0.082407075 0.0018949403 0.041870042
   vertex -0.082411395 0.0021308629 0.041174698
  endloop
 endfacet
 facet normal -0.99999321 0.0036739188 -0.00029062622
  outer loop
   vertex -0.082408292 0.0012761297 0.039981732
   vertex -0.082410512 0.00067234909 0.039986103
   vertex -0.082410697 0.00067137484 0.040611745
  endloop
 endfacet
 facet normal -0.99999321 0.0036739188 -0.00029062622
  outer loop
   vertex -0.082408292 0.0012761297 0.039981732
   vertex -0.082410697 0.00067137484 0.040611745
   vertex -0.082408952 0.0013049526 0.040602832
  endloop
 endfacet
 facet normal -0.99999994 8.9620802e-05 -0.00033739246
  outer loop
   vertex -0.082410969 2.2435207e-05 0.04124416
   vertex -0.082410909 0.00067112897 0.041238421
   vertex -0.082410697 0.00067137484 0.040611745
  endloop
 endfacet
 facet normal -0.99999994 8.9620802e-05 -0.00033739246
  outer loop
   vertex -0.082410969 2.2435207e-05 0.04124416
   vertex -0.082410697 0.00067137484 0.040611745
   vertex -0.082410946 2.5789234e-05 0.040617968
  endloop
 endfacet
 facet normal -0.99999019 0.0027059172 -0.0035072251
  outer loop
   vertex -0.082411077 0.0013320767 0.041229656
   vertex -0.082408952 0.0013049526 0.040602832
   vertex -0.082410697 0.00067137484 0.040611745
  endloop
 endfacet
 facet normal -0.99999019 0.0027059172 -0.0035072251
  outer loop
   vertex -0.082411077 0.0013320767 0.041229656
   vertex -0.082410697 0.00067137484 0.040611745
   vertex -0.082410909 0.00067112897 0.041238421
  endloop
 endfacet
 facet normal -0.99995071 -0.0099100782 -0.00060148184
  outer loop
   vertex -0.082408292 0.0012761297 0.039981732
   vertex -0.082408952 0.0013049526 0.040602832
   vertex -0.082415553 0.0019742496 0.04055019
  endloop
 endfacet
 facet normal -0.99995071 -0.0099100782 -0.00060148184
  outer loop
   vertex -0.082408292 0.0012761297 0.039981732
   vertex -0.082415553 0.0019742496 0.04055019
   vertex -0.082412863 0.0018191676 0.039970827
  endloop
 endfacet
 facet normal -0.99997793 5.8419084e-05 0.0066431923
  outer loop
   vertex -0.082411077 0.0013320767 0.041229656
   vertex -0.082411395 0.0021308629 0.041174698
   vertex -0.082415553 0.0019742496 0.04055019
  endloop
 endfacet
 facet normal -0.99997793 5.8419084e-05 0.0066431923
  outer loop
   vertex -0.082411077 0.0013320767 0.041229656
   vertex -0.082415553 0.0019742496 0.04055019
   vertex -0.082408952 0.0013049526 0.040602832
  endloop
 endfacet
 facet normal -0.99999976 0.00060253086 -0.00034989686
  outer loop
   vertex -0.082410771 0.0012942737 0.042486874
   vertex -0.082410546 0.0013039659 0.041860431
   vertex -0.082410936 0.0006597726 0.041866097
  endloop
 endfacet
 facet normal -0.99999976 0.00060253086 -0.00034989686
  outer loop
   vertex -0.082410771 0.0012942737 0.042486874
   vertex -0.082410936 0.0006597726 0.041866097
   vertex -0.082410964 0.0006531039 0.042492366
  endloop
 endfacet
 facet normal -1 6.126025e-05 -1.0757228e-05
  outer loop
   vertex -0.082410969 2.2435207e-05 0.04124416
   vertex -0.082410976 1.7090335e-05 0.04187056
   vertex -0.082410936 0.0006597726 0.041866097
  endloop
 endfacet
 facet normal -1 6.126025e-05 -1.0757228e-05
  outer loop
   vertex -0.082410969 2.2435207e-05 0.04124416
   vertex -0.082410936 0.0006597726 0.041866097
   vertex -0.082410909 0.00067112897 0.041238421
  endloop
 endfacet
 facet normal -0.99999997 -0.00025466873 -4.8770255e-05
  outer loop
   vertex -0.082411077 0.0013320767 0.041229656
   vertex -0.082410909 0.00067112897 0.041238421
   vertex -0.082410936 0.0006597726 0.041866097
  endloop
 endfacet
 facet normal -0.99999997 -0.00025466873 -4.8770255e-05
  outer loop
   vertex -0.082411077 0.0013320767 0.041229656
   vertex -0.082410936 0.0006597726 0.041866097
   vertex -0.082410546 0.0013039659 0.041860431
  endloop
 endfacet
 facet normal -0.99999908 -0.00058239328 0.0012266145
  outer loop
   vertex -0.082410644 -0.001192168 0.032484253
   vertex -0.082411437 -0.0011610447 0.031852769
   vertex -0.082411044 -0.0018186649 0.031860682
  endloop
 endfacet
 facet normal -0.99999908 -0.00058239328 0.0012266145
  outer loop
   vertex -0.082410644 -0.001192168 0.032484253
   vertex -0.082411044 -0.0018186649 0.031860682
   vertex -0.082410971 -0.0018362042 0.03248998
  endloop
 endfacet
 facet normal -1 -7.1031255e-05 4.0476958e-05
  outer loop
   vertex -0.082411024 -0.0024578226 0.031238552
   vertex -0.082410997 -0.0024701168 0.031867156
   vertex -0.082411044 -0.0018186649 0.031860682
  endloop
 endfacet
 facet normal -1 -7.1031255e-05 4.0476958e-05
  outer loop
   vertex -0.082411024 -0.0024578226 0.031238552
   vertex -0.082411044 -0.0018186649 0.031860682
   vertex -0.082411063 -0.0018026726 0.031229873
  endloop
 endfacet
 facet normal -0.99999881 0.0015402684 6.9856702e-05
  outer loop
   vertex -0.082410088 -0.001169325 0.031221166
   vertex -0.082411063 -0.0018026726 0.031229873
   vertex -0.082411044 -0.0018186649 0.031860682
  endloop
 endfacet
 facet normal -0.99999881 0.0015402684 6.9856702e-05
  outer loop
   vertex -0.082410088 -0.001169325 0.031221166
   vertex -0.082411044 -0.0018186649 0.031860682
   vertex -0.082411437 -0.0011610447 0.031852769
  endloop
 endfacet
 facet normal -0.99995185 0.00574931 0.0079522711
  outer loop
   vertex -0.082410644 -0.001192168 0.032484253
   vertex -0.082407159 -0.00059814319 0.032492984
   vertex -0.082411395 -0.00037996421 0.031802599
  endloop
 endfacet
 facet normal -0.99995185 0.00574931 0.0079522711
  outer loop
   vertex -0.082410644 -0.001192168 0.032484253
   vertex -0.082411395 -0.00037996421 0.031802599
   vertex -0.082411437 -0.0011610447 0.031852769
  endloop
 endfacet
 facet normal -0.99999772 -8.3792218e-05 -0.0021334377
  outer loop
   vertex -0.082410088 -0.001169325 0.031221166
   vertex -0.082411437 -0.0011610447 0.031852769
   vertex -0.082411395 -0.00037996421 0.031802599
  endloop
 endfacet
 facet normal -0.99999772 -8.3792218e-05 -0.0021334377
  outer loop
   vertex -0.082410088 -0.001169325 0.031221166
   vertex -0.082411395 -0.00037996421 0.031802599
   vertex -0.082415502 -0.00053695751 0.031178193
  endloop
 endfacet
 facet normal -0.9999997 -5.0279243e-05 0.00077331426
  outer loop
   vertex -0.082411024 -0.0024578226 0.031238552
   vertex -0.082411063 -0.0018026726 0.031229873
   vertex -0.082411555 -0.001771259 0.030595944
  endloop
 endfacet
 facet normal -0.9999997 -5.0279243e-05 0.00077331426
  outer loop
   vertex -0.082411024 -0.0024578226 0.031238552
   vertex -0.082411555 -0.001771259 0.030595944
   vertex -0.082411117 -0.0024403122 0.030608731
  endloop
 endfacet
 facet normal -0.99999459 0.0022936627 0.0023590881
  outer loop
   vertex -0.082411174 -0.0008936786 0.029904418
   vertex -0.082412936 -0.0017151481 0.029956254
   vertex -0.082411555 -0.001771259 0.030595944
  endloop
 endfacet
 facet normal -0.99999459 0.0022936627 0.0023590881
  outer loop
   vertex -0.082411174 -0.0008936786 0.029904418
   vertex -0.082411555 -0.001771259 0.030595944
   vertex -0.082412003 -0.0011407974 0.030584634
  endloop
 endfacet
 facet normal -0.99999535 -0.00065671241 0.0029781681
  outer loop
   vertex -0.082410088 -0.001169325 0.031221166
   vertex -0.082412003 -0.0011407974 0.030584634
   vertex -0.082411555 -0.001771259 0.030595944
  endloop
 endfacet
 facet normal -0.99999535 -0.00065671241 0.0029781681
  outer loop
   vertex -0.082410088 -0.001169325 0.031221166
   vertex -0.082411555 -0.001771259 0.030595944
   vertex -0.082411063 -0.0018026726 0.031229873
  endloop
 endfacet
 facet normal -1 9.0021469e-06 -8.7797909e-06
  outer loop
   vertex -0.082410983 -0.0075734805 0.038770432
   vertex -0.082410977 -0.0075572991 0.038139579
   vertex -0.082410983 -0.0082161829 0.038147831
  endloop
 endfacet
 facet normal -1 9.0021469e-06 -8.7797909e-06
  outer loop
   vertex -0.082410983 -0.0075734805 0.038770432
   vertex -0.082410983 -0.0082161829 0.038147831
   vertex -0.082410928 -0.0082078419 0.038779445
  endloop
 endfacet
 facet normal -1 -9.2839058e-06 -1.0896488e-05
  outer loop
   vertex -0.082410971 -0.0087785291 0.03750747
   vertex -0.082410977 -0.0090078213 0.038200827
   vertex -0.082410983 -0.0082161829 0.038147831
  endloop
 endfacet
 facet normal -1 -9.2839058e-06 -1.0896488e-05
  outer loop
   vertex -0.082410971 -0.0087785291 0.03750747
   vertex -0.082410983 -0.0082161829 0.038147831
   vertex -0.082410976 -0.0081840521 0.037516081
  endloop
 endfacet
 facet normal -0.99999998 0.00019711038 8.5227597e-05
  outer loop
   vertex -0.082411049 -0.0088412121 0.038822657
   vertex -0.082410928 -0.0082078419 0.038779445
   vertex -0.082410983 -0.0082161829 0.038147831
  endloop
 endfacet
 facet normal -0.99999998 0.00019711038 8.5227597e-05
  outer loop
   vertex -0.082411049 -0.0088412121 0.038822657
   vertex -0.082410983 -0.0082161829 0.038147831
   vertex -0.082410977 -0.0090078213 0.038200827
  endloop
 endfacet
 facet normal -0.99999976 -9.6640823e-05 -0.00068232889
  outer loop
   vertex -0.082410983 -0.0075734805 0.038770432
   vertex -0.082410928 -0.0082078419 0.038779445
   vertex -0.082411359 -0.0082365553 0.039416008
  endloop
 endfacet
 facet normal -0.99999976 -9.6640823e-05 -0.00068232889
  outer loop
   vertex -0.082410983 -0.0075734805 0.038770432
   vertex -0.082411359 -0.0082365553 0.039416008
   vertex -0.082411124 -0.0076051162 0.039404351
  endloop
 endfacet
 facet normal -0.99990369 0.012905196 0.0051060875
  outer loop
   vertex -0.082412452 -0.0085364662 0.039960006
   vertex -0.082411124 -0.0084878588 0.040097334
   vertex -0.082411359 -0.0082365553 0.039416008
  endloop
 endfacet
 facet normal -0.99990369 0.012905196 0.0051060875
  outer loop
   vertex -0.082412452 -0.0085364662 0.039960006
   vertex -0.082411359 -0.0082365553 0.039416008
   vertex -0.082411352 -0.0086859802 0.039401979
  endloop
 endfacet
 facet normal -0.99999986 5.8379559e-07 -0.00052374141
  outer loop
   vertex -0.082411049 -0.0088412121 0.038822657
   vertex -0.082411352 -0.0086859802 0.039401979
   vertex -0.082411359 -0.0082365553 0.039416008
  endloop
 endfacet
 facet normal -0.99999986 5.8379559e-07 -0.00052374141
  outer loop
   vertex -0.082411049 -0.0088412121 0.038822657
   vertex -0.082411359 -0.0082365553 0.039416008
   vertex -0.082410928 -0.0082078419 0.038779445
  endloop
 endfacet
 facet normal -1 3.6481393e-05 1.2182162e-06
  outer loop
   vertex -0.082410971 -0.0087785291 0.03750747
   vertex -0.082410987 -0.0092033298 0.037471223
   vertex -0.082410982 -0.0090850796 0.037912539
  endloop
 endfacet
 facet normal -1 3.6481393e-05 1.2182162e-06
  outer loop
   vertex -0.082410971 -0.0087785291 0.03750747
   vertex -0.082410982 -0.0090850796 0.037912539
   vertex -0.082410977 -0.0090078213 0.038200827
  endloop
 endfacet
 facet normal 0.99999893 0.0014477749 0.00021235399
  outer loop
   vertex -0.088410834 -0.0017386061 0.031213344
   vertex -0.088411796 -0.001071869 0.031197405
   vertex -0.088411879 -0.0011082611 0.031838844
  endloop
 endfacet
 facet normal 0.99999893 0.0014477749 0.00021235399
  outer loop
   vertex -0.088410834 -0.0017386061 0.031213344
   vertex -0.088411879 -0.0011082611 0.031838844
   vertex -0.088411076 -0.0017757545 0.031849843
  endloop
 endfacet
 facet normal 0.9999513 -0.005830943 0.0079620201
  outer loop
   vertex -0.088405429 -0.00082966462 0.030503767
   vertex -0.088405384 -0.00069205997 0.030598835
   vertex -0.088409091 -0.00053682121 0.031178156
  endloop
 endfacet
 facet normal 0.9999513 -0.005830943 0.0079620201
  outer loop
   vertex -0.088405429 -0.00082966462 0.030503767
   vertex -0.088409091 -0.00053682121 0.031178156
   vertex -0.088411796 -0.001071869 0.031197405
  endloop
 endfacet
 facet normal -0.0026036232 -0.96592248 0.25881845
  outer loop
   vertex -0.088409091 -0.00053682121 0.031178156
   vertex -0.088405384 -0.00069205997 0.030598835
   vertex -0.08764879 -0.00068450456 0.030634643
  endloop
 endfacet
 facet normal -0.0026036232 -0.96592248 0.25881845
  outer loop
   vertex -0.088409091 -0.00053682121 0.031178156
   vertex -0.08764879 -0.00068450456 0.030634643
   vertex -0.087656927 -0.00053242574 0.031199863
  endloop
 endfacet
 facet normal 0.99999483 -0.0023864491 0.0021557306
  outer loop
   vertex -0.088409091 -0.00053682121 0.031178156
   vertex -0.088410034 -0.00037019261 0.03179998
   vertex -0.088411879 -0.0011082611 0.031838844
  endloop
 endfacet
 facet normal 0.99999483 -0.0023864491 0.0021557306
  outer loop
   vertex -0.088409091 -0.00053682121 0.031178156
   vertex -0.088411879 -0.0011082611 0.031838844
   vertex -0.088411796 -0.001071869 0.031197405
  endloop
 endfacet
 facet normal 0.99998896 -0.0039002916 0.0026205683
  outer loop
   vertex -0.088410834 -0.0017386061 0.031213344
   vertex -0.088408876 -0.0016695883 0.030568954
   vertex -0.088405429 -0.00082966462 0.030503767
  endloop
 endfacet
 facet normal 0.99998896 -0.0039002916 0.0026205683
  outer loop
   vertex -0.088410834 -0.0017386061 0.031213344
   vertex -0.088405429 -0.00082966462 0.030503767
   vertex -0.088411796 -0.001071869 0.031197405
  endloop
 endfacet
 facet normal 0.99999985 0.00054162797 -5.7962414e-05
  outer loop
   vertex -0.088410683 -0.0090078263 0.038200829
   vertex -0.088411107 -0.0082309006 0.038151581
   vertex -0.088411086 -0.0082018624 0.03877526
  endloop
 endfacet
 facet normal 0.99999985 0.00054162797 -5.7962414e-05
  outer loop
   vertex -0.088410683 -0.0090078263 0.038200829
   vertex -0.088411086 -0.0082018624 0.03877526
   vertex -0.088410901 -0.0088412129 0.038822657
  endloop
 endfacet
 facet normal -0.00017517952 0.96583018 -0.25917567
  outer loop
   vertex -0.087672509 -0.0085425572 0.039935963
   vertex -0.087670564 -0.0086947781 0.039368703
   vertex -0.088410672 -0.0086859827 0.03940198
  endloop
 endfacet
 facet normal -0.00017517952 0.96583018 -0.25917567
  outer loop
   vertex -0.087672509 -0.0085425572 0.039935963
   vertex -0.088410672 -0.0086859827 0.03940198
   vertex -0.088409539 -0.0085261838 0.039998374
  endloop
 endfacet
 facet normal -3.4513206e-05 0.96592541 -0.25882061
  outer loop
   vertex -0.087664931 -0.0088466814 0.038802149
   vertex -0.088410901 -0.0088412129 0.038822657
   vertex -0.088410672 -0.0086859827 0.03940198
  endloop
 endfacet
 facet normal -3.4513206e-05 0.96592541 -0.25882061
  outer loop
   vertex -0.087664931 -0.0088466814 0.038802149
   vertex -0.088410672 -0.0086859827 0.03940198
   vertex -0.087670564 -0.0086947781 0.039368703
  endloop
 endfacet
 facet normal 0.99999904 0.0013338672 0.00036977174
  outer loop
   vertex -0.088411086 -0.0082018624 0.03877526
   vertex -0.088411289 -0.0082261636 0.039411143
   vertex -0.088410672 -0.0086859827 0.03940198
  endloop
 endfacet
 facet normal 0.99999904 0.0013338672 0.00036977174
  outer loop
   vertex -0.088411086 -0.0082018624 0.03877526
   vertex -0.088410672 -0.0086859827 0.03940198
   vertex -0.088410901 -0.0088412129 0.038822657
  endloop
 endfacet
 facet normal -0.0012786225 -0.96560221 0.26002065
  outer loop
   vertex -0.087661228 0.0011684189 0.037548419
   vertex -0.087662579 0.001313271 0.038086329
   vertex -0.088409712 0.001308273 0.038064095
  endloop
 endfacet
 facet normal -0.0012786225 -0.96560221 0.26002065
  outer loop
   vertex -0.087661228 0.0011684189 0.037548419
   vertex -0.088409712 0.001308273 0.038064095
   vertex -0.088407044 0.0011588979 0.037506648
  endloop
 endfacet
 facet normal -0.0012408682 -0.96592363 0.25882425
  outer loop
   vertex -0.08841023 0.0014741639 0.038683191
   vertex -0.088409712 0.001308273 0.038064095
   vertex -0.087662579 0.001313271 0.038086329
  endloop
 endfacet
 facet normal -0.0012408682 -0.96592363 0.25882425
  outer loop
   vertex -0.08841023 0.0014741639 0.038683191
   vertex -0.087662579 0.001313271 0.038086329
   vertex -0.087642662 0.0015462452 0.038953691
  endloop
 endfacet
 facet normal -0.0012408682 -0.96592363 0.25882425
  outer loop
   vertex -0.08841023 0.0014741639 0.038683191
   vertex -0.087642662 0.0015462452 0.038953691
   vertex -0.088142421 0.0015490376 0.038967481
  endloop
 endfacet
 facet normal 0.99999794 -0.0014903387 -0.0013762195
  outer loop
   vertex -0.088409596 0.0016119885 0.039277899
   vertex -0.088410775 0.00076702247 0.039336209
   vertex -0.088411652 0.00074704209 0.038719901
  endloop
 endfacet
 facet normal 0.99999794 -0.0014903387 -0.0013762195
  outer loop
   vertex -0.088409596 0.0016119885 0.039277899
   vertex -0.088411652 0.00074704209 0.038719901
   vertex -0.08841023 0.0014741639 0.038683191
  endloop
 endfacet
 facet normal 0.99999396 -0.0034747217 -1.4250898e-05
  outer loop
   vertex -0.088411652 0.00074704209 0.038719901
   vertex -0.088411546 0.00078043714 0.038082118
   vertex -0.088409712 0.001308273 0.038064095
  endloop
 endfacet
 facet normal 0.99999396 -0.0034747217 -1.4250898e-05
  outer loop
   vertex -0.088411652 0.00074704209 0.038719901
   vertex -0.088409712 0.001308273 0.038064095
   vertex -0.08841023 0.0014741639 0.038683191
  endloop
 endfacet
 facet normal -0.00090286347 -0.96528987 0.26117934
  outer loop
   vertex -0.087671121 0.0016756298 0.039436981
   vertex -0.088409539 0.0016593949 0.039374426
   vertex -0.088142421 0.0015490376 0.038967481
  endloop
 endfacet
 facet normal -0.00090286347 -0.96528987 0.26117934
  outer loop
   vertex -0.087671121 0.0016756298 0.039436981
   vertex -0.088142421 0.0015490376 0.038967481
   vertex -0.087642662 0.0015462452 0.038953691
  endloop
 endfacet
 facet normal -0.9999999 -0.00018215528 0.00041094084
  outer loop
   vertex -0.08241089 -0.0075617343 0.041269964
   vertex -0.082411137 -0.0076040156 0.040650689
   vertex -0.082410986 -0.008340612 0.040689517
  endloop
 endfacet
 facet normal -0.9999999 -0.00018215528 0.00041094084
  outer loop
   vertex -0.08241089 -0.0075617343 0.041269964
   vertex -0.082410986 -0.008340612 0.040689517
   vertex -0.082411106 -0.0081750754 0.041308709
  endloop
 endfacet
 facet normal -0.0033744411 0.96579545 -0.25928318
  outer loop
   vertex -0.082412452 -0.0085364662 0.039960006
   vertex -0.082634067 -0.0084212826 0.040391933
   vertex -0.082410986 -0.008340612 0.040689517
  endloop
 endfacet
 facet normal -0.0033744411 0.96579545 -0.25928318
  outer loop
   vertex -0.082412452 -0.0085364662 0.039960006
   vertex -0.082410986 -0.008340612 0.040689517
   vertex -0.082411124 -0.0084878588 0.040097334
  endloop
 endfacet
 facet normal -0.00056378457 0.96561294 -0.25998332
  outer loop
   vertex -0.087672509 -0.0085425572 0.039935963
   vertex -0.088409539 -0.0085261838 0.039998374
   vertex -0.088143493 -0.0084165177 0.040405112
  endloop
 endfacet
 facet normal -0.00056378457 0.96561294 -0.25998332
  outer loop
   vertex -0.087672509 -0.0085425572 0.039935963
   vertex -0.088143493 -0.0084165177 0.040405112
   vertex -0.087643828 -0.0084134282 0.040418798
  endloop
 endfacet
 facet normal 0.9999998 -0.00054807109 -0.00031767823
  outer loop
   vertex -0.088410883 0.0013991649 0.041834036
   vertex -0.0884111 0.0013570406 0.041223212
   vertex -0.088410687 0.002141038 0.041171971
  endloop
 endfacet
 facet normal 0.9999998 -0.00054807109 -0.00031767823
  outer loop
   vertex -0.088410883 0.0013991649 0.041834036
   vertex -0.088410687 0.002141038 0.041171971
   vertex -0.088409596 0.0022768901 0.041767208
  endloop
 endfacet
 facet normal 0.99999999 0.00014365048 -3.4822671e-06
  outer loop
   vertex -0.088410986 0.00068959172 0.04123427
   vertex -0.088410988 0.00068901569 0.040608281
   vertex -0.08841108 0.0013239284 0.040600661
  endloop
 endfacet
 facet normal 0.99999999 0.00014365048 -3.4822671e-06
  outer loop
   vertex -0.088410986 0.00068959172 0.04123427
   vertex -0.08841108 0.0013239284 0.040600661
   vertex -0.0884111 0.0013570406 0.041223212
  endloop
 endfacet
 facet normal 0.99999992 -0.00029045096 -0.00027225154
  outer loop
   vertex -0.08841108 0.0013239284 0.040600661
   vertex -0.088410904 0.0019744247 0.040550143
   vertex -0.088410687 0.002141038 0.041171971
  endloop
 endfacet
 facet normal 0.99999992 -0.00029045096 -0.00027225154
  outer loop
   vertex -0.08841108 0.0013239284 0.040600661
   vertex -0.088410687 0.002141038 0.041171971
   vertex -0.0884111 0.0013570406 0.041223212
  endloop
 endfacet
 facet normal -3.3311532e-05 -0.96592779 0.25881171
  outer loop
   vertex -0.088410687 0.002141038 0.041171971
   vertex -0.088410904 0.0019744247 0.040550143
   vertex -0.087663569 0.0019799633 0.04057091
  endloop
 endfacet
 facet normal -3.3311532e-05 -0.96592779 0.25881171
  outer loop
   vertex -0.088410687 0.002141038 0.041171971
   vertex -0.087663569 0.0019799633 0.04057091
   vertex -0.087639158 0.0022142798 0.041445663
  endloop
 endfacet
 facet normal -3.3311532e-05 -0.96592779 0.25881171
  outer loop
   vertex -0.088410687 0.002141038 0.041171971
   vertex -0.087639158 0.0022142798 0.041445663
   vertex -0.088139346 0.0022183387 0.041462932
  endloop
 endfacet
 facet normal 0.99999999 -0.00014287463 -3.1441072e-06
  outer loop
   vertex -0.088410883 0.0013991649 0.041834036
   vertex -0.088410983 0.0006957851 0.041856784
   vertex -0.088410986 0.00068959172 0.04123427
  endloop
 endfacet
 facet normal 0.99999999 -0.00014287463 -3.1441072e-06
  outer loop
   vertex -0.088410883 0.0013991649 0.041834036
   vertex -0.088410986 0.00068959172 0.04123427
   vertex -0.0884111 0.0013570406 0.041223212
  endloop
 endfacet
 facet normal 0.99999998 0.00013556783 -0.00012767412
  outer loop
   vertex -0.088410985 -0.0087970959 0.02796131
   vertex -0.088411067 -0.0081582281 0.027995027
   vertex -0.088410984 -0.0081501257 0.028660331
  endloop
 endfacet
 facet normal 0.99999998 0.00013556783 -0.00012767412
  outer loop
   vertex -0.088410985 -0.0087970959 0.02796131
   vertex -0.088410984 -0.0081501257 0.028660331
   vertex -0.088410981 -0.0087888705 0.028628918
  endloop
 endfacet
 facet normal 0.99999999 -6.1967508e-05 0.00013720511
  outer loop
   vertex -0.088410981 -0.0087826334 0.02931195
   vertex -0.088411019 -0.0094285138 0.02929991
   vertex -0.08841092 -0.0094399747 0.028571353
  endloop
 endfacet
 facet normal 0.99999999 -6.1967508e-05 0.00013720511
  outer loop
   vertex -0.088410981 -0.0087826334 0.02931195
   vertex -0.08841092 -0.0094399747 0.028571353
   vertex -0.088410981 -0.0087888705 0.028628918
  endloop
 endfacet
 facet normal 1 1.0753376e-07 -3.7828657e-06
  outer loop
   vertex -0.088410984 -0.0081501257 0.028660331
   vertex -0.088410981 -0.0081437116 0.029327048
   vertex -0.088410981 -0.0087826334 0.02931195
  endloop
 endfacet
 facet normal 1 1.0753376e-07 -3.7828657e-06
  outer loop
   vertex -0.088410984 -0.0081501257 0.028660331
   vertex -0.088410981 -0.0087826334 0.02931195
   vertex -0.088410981 -0.0087888705 0.028628918
  endloop
 endfacet
 facet normal 0.99999999 0.00013825666 3.9228082e-05
  outer loop
   vertex -0.08841092 -0.0094399747 0.028571353
   vertex -0.088410873 -0.0095110109 0.027615836
   vertex -0.088410985 -0.0087970959 0.02796131
  endloop
 endfacet
 facet normal 0.99999999 0.00013825666 3.9228082e-05
  outer loop
   vertex -0.08841092 -0.0094399747 0.028571353
   vertex -0.088410985 -0.0087970959 0.02796131
   vertex -0.088410981 -0.0087888705 0.028628918
  endloop
 endfacet
 facet normal -0.99999547 0.0017026171 -0.0024831338
  outer loop
   vertex -0.082410964 -0.002440124 0.028728508
   vertex -0.082409901 -0.0018159774 0.028728443
   vertex -0.08240837 -0.0018199422 0.028109224
  endloop
 endfacet
 facet normal -0.99999547 0.0017026171 -0.0024831338
  outer loop
   vertex -0.082410964 -0.002440124 0.028728508
   vertex -0.08240837 -0.0018199422 0.028109224
   vertex -0.082411193 -0.0024296919 0.028092581
  endloop
 endfacet
 facet normal -0.99999964 -0.00079633102 -0.00027910086
  outer loop
   vertex -0.082410964 -0.002440124 0.028728508
   vertex -0.082411145 -0.0024330862 0.029356042
   vertex -0.082411668 -0.0017730119 0.029348863
  endloop
 endfacet
 facet normal -0.99999964 -0.00079633102 -0.00027910086
  outer loop
   vertex -0.082410964 -0.002440124 0.028728508
   vertex -0.082411668 -0.0017730119 0.029348863
   vertex -0.082409901 -0.0018159774 0.028728443
  endloop
 endfacet
 facet normal -1 5.3875302e-05 -2.4714428e-05
  outer loop
   vertex -0.082410974 -0.0075103666 0.028712525
   vertex -0.082410959 -0.0075165318 0.028065667
   vertex -0.082410992 -0.0081455911 0.028044167
  endloop
 endfacet
 facet normal -1 5.3875302e-05 -2.4714428e-05
  outer loop
   vertex -0.082410974 -0.0075103666 0.028712525
   vertex -0.082410992 -0.0081455911 0.028044167
   vertex -0.082410975 -0.0081396556 0.028700272
  endloop
 endfacet
 facet normal -0.99999981 -0.00029733073 0.00054200667
  outer loop
   vertex -0.082411127 -0.008814822 0.02742711
   vertex -0.082410795 -0.0087726555 0.028063119
   vertex -0.082410992 -0.0081455911 0.028044167
  endloop
 endfacet
 facet normal -0.99999981 -0.00029733073 0.00054200667
  outer loop
   vertex -0.082411127 -0.008814822 0.02742711
   vertex -0.082410992 -0.0081455911 0.028044167
   vertex -0.082410978 -0.0081957094 0.027261278
  endloop
 endfacet
 facet normal -1 -3.2877202e-05 2.5398505e-05
  outer loop
   vertex -0.082410955 -0.0087712758 0.028692892
   vertex -0.082410975 -0.0081396556 0.028700272
   vertex -0.082410992 -0.0081455911 0.028044167
  endloop
 endfacet
 facet normal -1 -3.2877202e-05 2.5398505e-05
  outer loop
   vertex -0.082410955 -0.0087712758 0.028692892
   vertex -0.082410992 -0.0081455911 0.028044167
   vertex -0.082410795 -0.0087726555 0.028063119
  endloop
 endfacet
 facet normal -1 -8.1925211e-06 -1.5074088e-06
  outer loop
   vertex -0.082410976 -0.0087682357 0.029988055
   vertex -0.082410975 -0.0087688358 0.029343621
   vertex -0.08241097 -0.0094084414 0.029336543
  endloop
 endfacet
 facet normal -1 -8.1925211e-06 -1.5074088e-06
  outer loop
   vertex -0.082410976 -0.0087682357 0.029988055
   vertex -0.08241097 -0.0094084414 0.029336543
   vertex -0.082410963 -0.0094094802 0.029987497
  endloop
 endfacet
 facet normal -0.99999843 -7.7276089e-05 0.0017676693
  outer loop
   vertex -0.082412135 -0.010056031 0.028649145
   vertex -0.082410925 -0.010052781 0.029334141
   vertex -0.08241097 -0.0094084414 0.029336543
  endloop
 endfacet
 facet normal -0.99999843 -7.7276089e-05 0.0017676693
  outer loop
   vertex -0.082412135 -0.010056031 0.028649145
   vertex -0.08241097 -0.0094084414 0.029336543
   vertex -0.082411037 -0.0094091861 0.02867589
  endloop
 endfacet
 facet normal -0.99999999 0.00012533509 0.00010046741
  outer loop
   vertex -0.082410955 -0.0087712758 0.028692892
   vertex -0.082411037 -0.0094091861 0.02867589
   vertex -0.08241097 -0.0094084414 0.029336543
  endloop
 endfacet
 facet normal -0.99999999 0.00012533509 0.00010046741
  outer loop
   vertex -0.082410955 -0.0087712758 0.028692892
   vertex -0.08241097 -0.0094084414 0.029336543
   vertex -0.082410975 -0.0087688358 0.029343621
  endloop
 endfacet
 facet normal -1 1.9953167e-06 -1.6101798e-06
  outer loop
   vertex -0.082410974 -0.0075103666 0.028712525
   vertex -0.082410975 -0.0081396556 0.028700272
   vertex -0.082410976 -0.0081355336 0.029349899
  endloop
 endfacet
 facet normal -1 1.9953167e-06 -1.6101798e-06
  outer loop
   vertex -0.082410974 -0.0075103666 0.028712525
   vertex -0.082410976 -0.0081355336 0.029349899
   vertex -0.082410976 -0.007506173 0.029356392
  endloop
 endfacet
 facet normal -1 -1.4206131e-07 1.6623135e-07
  outer loop
   vertex -0.082410976 -0.0087682357 0.029988055
   vertex -0.082410976 -0.0081337789 0.02999001
   vertex -0.082410976 -0.0081355336 0.029349899
  endloop
 endfacet
 facet normal -1 -1.4206131e-07 1.6623135e-07
  outer loop
   vertex -0.082410976 -0.0087682357 0.029988055
   vertex -0.082410976 -0.0081355336 0.029349899
   vertex -0.082410975 -0.0087688358 0.029343621
  endloop
 endfacet
 facet normal -1 -1.5397279e-06 -3.1411212e-05
  outer loop
   vertex -0.082410955 -0.0087712758 0.028692892
   vertex -0.082410975 -0.0087688358 0.029343621
   vertex -0.082410976 -0.0081355336 0.029349899
  endloop
 endfacet
 facet normal -1 -1.5397279e-06 -3.1411212e-05
  outer loop
   vertex -0.082410955 -0.0087712758 0.028692892
   vertex -0.082410976 -0.0081355336 0.029349899
   vertex -0.082410975 -0.0081396556 0.028700272
  endloop
 endfacet
 facet normal -0.9999958 0.0017451774 0.0023127557
  outer loop
   vertex -0.082411127 -0.008814822 0.02742711
   vertex -0.082411755 -0.009372269 0.027576484
   vertex -0.082410681 -0.0093941128 0.028057165
  endloop
 endfacet
 facet normal -0.9999958 0.0017451774 0.0023127557
  outer loop
   vertex -0.082411127 -0.008814822 0.02742711
   vertex -0.082410681 -0.0093941128 0.028057165
   vertex -0.082410795 -0.0087726555 0.028063119
  endloop
 endfacet
 facet normal -0.99999838 0.0017203819 -0.00053240693
  outer loop
   vertex -0.082412135 -0.010056031 0.028649145
   vertex -0.082411037 -0.0094091861 0.02867589
   vertex -0.082410681 -0.0093941128 0.028057165
  endloop
 endfacet
 facet normal -0.99999838 0.0017203819 -0.00053240693
  outer loop
   vertex -0.082412135 -0.010056031 0.028649145
   vertex -0.082410681 -0.0093941128 0.028057165
   vertex -0.082411033 -0.01010031 0.027774688
  endloop
 endfacet
 facet normal -0.99999995 -0.00018103835 -0.00025313967
  outer loop
   vertex -0.082410955 -0.0087712758 0.028692892
   vertex -0.082410795 -0.0087726555 0.028063119
   vertex -0.082410681 -0.0093941128 0.028057165
  endloop
 endfacet
 facet normal -0.99999995 -0.00018103835 -0.00025313967
  outer loop
   vertex -0.082410955 -0.0087712758 0.028692892
   vertex -0.082410681 -0.0093941128 0.028057165
   vertex -0.082411037 -0.0094091861 0.02867589
  endloop
 endfacet
 facet normal 0.99998173 -0.0042279927 0.0043205294
  outer loop
   vertex -0.088407651 -0.0013523141 0.028134652
   vertex -0.088409428 -0.0012029478 0.028692101
   vertex -0.088411681 -0.0017220327 0.028705586
  endloop
 endfacet
 facet normal 0.99998173 -0.0042279927 0.0043205294
  outer loop
   vertex -0.088407651 -0.0013523141 0.028134652
   vertex -0.088411681 -0.0017220327 0.028705586
   vertex -0.088407781 -0.0014471659 0.028010781
  endloop
 endfacet
 facet normal 0.9999872 -0.0049433602 0.0010781637
  outer loop
   vertex -0.088408948 -0.0010370749 0.029311203
   vertex -0.08841246 -0.0017410974 0.029340402
   vertex -0.088411681 -0.0017220327 0.028705586
  endloop
 endfacet
 facet normal 0.9999872 -0.0049433602 0.0010781637
  outer loop
   vertex -0.088408948 -0.0010370749 0.029311203
   vertex -0.088411681 -0.0017220327 0.028705586
   vertex -0.088409428 -0.0012029478 0.028692101
  endloop
 endfacet
 facet normal -1 -8.062184e-05 -3.9911624e-05
  outer loop
   vertex -0.082410979 -0.010079738 0.031266765
   vertex -0.082410954 -0.010068777 0.030635472
   vertex -0.082410904 -0.010699023 0.030641885
  endloop
 endfacet
 facet normal -1 -8.062184e-05 -3.9911624e-05
  outer loop
   vertex -0.082410979 -0.010079738 0.031266765
   vertex -0.082410904 -0.010699023 0.030641885
   vertex -0.082410977 -0.010852172 0.031317615
  endloop
 endfacet
 facet normal -0.99999989 0.00039063923 0.00027213936
  outer loop
   vertex -0.082411265 -0.011197199 0.030029985
   vertex -0.082411055 -0.011047681 0.030588011
   vertex -0.082410904 -0.010699023 0.030641885
  endloop
 endfacet
 facet normal -0.99999989 0.00039063923 0.00027213936
  outer loop
   vertex -0.082411265 -0.011197199 0.030029985
   vertex -0.082410904 -0.010699023 0.030641885
   vertex -0.082410588 -0.010653147 0.030003371
  endloop
 endfacet
 facet normal -0.99999996 0.00027123909 -4.6407738e-05
  outer loop
   vertex -0.082410984 -0.010930846 0.031024045
   vertex -0.082410977 -0.010852172 0.031317615
   vertex -0.082410904 -0.010699023 0.030641885
  endloop
 endfacet
 facet normal -0.99999996 0.00027123909 -4.6407738e-05
  outer loop
   vertex -0.082410984 -0.010930846 0.031024045
   vertex -0.082410904 -0.010699023 0.030641885
   vertex -0.082411055 -0.011047681 0.030588011
  endloop
 endfacet
 facet normal -3.8373183e-05 0.95923823 -0.2825987
  outer loop
   vertex -0.087447295 -0.01168824 0.0281974
   vertex -0.088397543 -0.011687433 0.028200269
   vertex -0.088096749 -0.011573104 0.028588302
  endloop
 endfacet
 facet normal -3.8373183e-05 0.95923823 -0.2825987
  outer loop
   vertex -0.087447295 -0.01168824 0.0281974
   vertex -0.088096749 -0.011573104 0.028588302
   vertex -0.087564863 -0.011580715 0.02859189
  endloop
 endfacet
 facet normal -0.99999023 0.0017320103 0.0040679273
  outer loop
   vertex -0.082412135 -0.010056031 0.028649145
   vertex -0.08241301 -0.01070505 0.028710337
   vertex -0.082410322 -0.010681431 0.029361242
  endloop
 endfacet
 facet normal -0.99999023 0.0017320103 0.0040679273
  outer loop
   vertex -0.082412135 -0.010056031 0.028649145
   vertex -0.082410322 -0.010681431 0.029361242
   vertex -0.082410925 -0.010052781 0.029334141
  endloop
 endfacet
 facet normal -0.99999914 0.0012214726 -0.00046847516
  outer loop
   vertex -0.082411265 -0.011197199 0.030029985
   vertex -0.082410588 -0.010653147 0.030003371
   vertex -0.082410322 -0.010681431 0.029361242
  endloop
 endfacet
 facet normal -0.99999914 0.0012214726 -0.00046847516
  outer loop
   vertex -0.082411265 -0.011197199 0.030029985
   vertex -0.082410322 -0.010681431 0.029361242
   vertex -0.082412142 -0.011351604 0.029453599
  endloop
 endfacet
 facet normal -0.99999492 0.002432747 -0.0020598817
  outer loop
   vertex -0.082411292 -0.011502005 0.028863148
   vertex -0.082412142 -0.011351604 0.029453599
   vertex -0.082410322 -0.010681431 0.029361242
  endloop
 endfacet
 facet normal -0.99999492 0.002432747 -0.0020598817
  outer loop
   vertex -0.082411292 -0.011502005 0.028863148
   vertex -0.082410322 -0.010681431 0.029361242
   vertex -0.08241301 -0.01070505 0.028710337
  endloop
 endfacet
 facet normal -0.99999917 -0.00032863256 -0.0012442413
  outer loop
   vertex -0.082412135 -0.010056031 0.028649145
   vertex -0.082411033 -0.01010031 0.027774688
   vertex -0.082411034 -0.010717761 0.027939228
  endloop
 endfacet
 facet normal -0.99999917 -0.00032863256 -0.0012442413
  outer loop
   vertex -0.082412135 -0.010056031 0.028649145
   vertex -0.082411034 -0.010717761 0.027939228
   vertex -0.08241301 -0.01070505 0.028710337
  endloop
 endfacet
 facet normal -0.99999334 -0.0026393472 -0.0025189736
  outer loop
   vertex -0.082411292 -0.011502005 0.028863148
   vertex -0.08241301 -0.01070505 0.028710337
   vertex -0.082411034 -0.010717761 0.027939228
  endloop
 endfacet
 facet normal -0.99999334 -0.0026393472 -0.0025189736
  outer loop
   vertex -0.082411292 -0.011502005 0.028863148
   vertex -0.082411034 -0.010717761 0.027939228
   vertex -0.082477432 -0.011591751 0.028176924
  endloop
 endfacet
 facet normal -0.99999302 -0.0020192331 0.0031421471
  outer loop
   vertex -0.082410477 -0.0025195375 0.051333364
   vertex -0.082408544 -0.0025169077 0.051950252
   vertex -0.082409718 -0.0018924043 0.051978008
  endloop
 endfacet
 facet normal -0.99999302 -0.0020192331 0.0031421471
  outer loop
   vertex -0.082410477 -0.0025195375 0.051333364
   vertex -0.082409718 -0.0018924043 0.051978008
   vertex -0.082410652 -0.0018855844 0.05133982
  endloop
 endfacet
 facet normal -0.99999947 -0.00069085025 0.00076388471
  outer loop
   vertex -0.082409635 -0.0012500482 0.052667017
   vertex -0.082410154 -0.0012511324 0.05198726
   vertex -0.082409718 -0.0018924043 0.051978008
  endloop
 endfacet
 facet normal -0.99999947 -0.00069085025 0.00076388471
  outer loop
   vertex -0.082409635 -0.0012500482 0.052667017
   vertex -0.082409718 -0.0018924043 0.051978008
   vertex -0.082409256 -0.0019364763 0.052625202
  endloop
 endfacet
 facet normal -0.99999892 -0.00016926849 0.0014621904
  outer loop
   vertex -0.082410757 -0.0012511562 0.051341943
   vertex -0.082410652 -0.0018855844 0.05133982
   vertex -0.082409718 -0.0018924043 0.051978008
  endloop
 endfacet
 facet normal -0.99999892 -0.00016926849 0.0014621904
  outer loop
   vertex -0.082410757 -0.0012511562 0.051341943
   vertex -0.082409718 -0.0018924043 0.051978008
   vertex -0.082410154 -0.0012511324 0.05198726
  endloop
 endfacet
 facet normal -1 3.7524342e-06 5.6499186e-05
  outer loop
   vertex -0.082410972 -0.0012505749 0.050021241
   vertex -0.082410935 -0.00125089 0.050673805
   vertex -0.082410933 -0.00062023563 0.050671632
  endloop
 endfacet
 facet normal -1 3.7524342e-06 5.6499186e-05
  outer loop
   vertex -0.082410972 -0.0012505749 0.050021241
   vertex -0.082410933 -0.00062023563 0.050671632
   vertex -0.082410973 -0.00062192411 0.050020797
  endloop
 endfacet
 facet normal -0.99999984 2.4345488e-05 0.00057138995
  outer loop
   vertex -0.082410545 1.3376897e-05 0.051323197
   vertex -0.082410919 1.167311e-05 0.05066937
   vertex -0.082410933 -0.00062023563 0.050671632
  endloop
 endfacet
 facet normal -0.99999984 2.4345488e-05 0.00057138995
  outer loop
   vertex -0.082410545 1.3376897e-05 0.051323197
   vertex -0.082410933 -0.00062023563 0.050671632
   vertex -0.082410712 -0.0006176973 0.051335382
  endloop
 endfacet
 facet normal -0.99999994 7.3287652e-05 0.00033234493
  outer loop
   vertex -0.082410757 -0.0012511562 0.051341943
   vertex -0.082410712 -0.0006176973 0.051335382
   vertex -0.082410933 -0.00062023563 0.050671632
  endloop
 endfacet
 facet normal -0.99999994 7.3287652e-05 0.00033234493
  outer loop
   vertex -0.082410757 -0.0012511562 0.051341943
   vertex -0.082410933 -0.00062023563 0.050671632
   vertex -0.082410935 -0.00125089 0.050673805
  endloop
 endfacet
 facet normal -0.99999988 -0.00028021619 0.00039964048
  outer loop
   vertex -0.082410477 -0.0025195375 0.051333364
   vertex -0.082410652 -0.0018855844 0.05133982
   vertex -0.082410919 -0.0018823151 0.050674366
  endloop
 endfacet
 facet normal -0.99999988 -0.00028021619 0.00039964048
  outer loop
   vertex -0.082410477 -0.0025195375 0.051333364
   vertex -0.082410919 -0.0018823151 0.050674366
   vertex -0.082410913 -0.002516795 0.050675702
  endloop
 endfacet
 facet normal -1 -2.2757929e-06 7.905938e-05
  outer loop
   vertex -0.082410972 -0.0012505749 0.050021241
   vertex -0.082410971 -0.0018798052 0.05002233
   vertex -0.082410919 -0.0018823151 0.050674366
  endloop
 endfacet
 facet normal -1 -2.2757929e-06 7.905938e-05
  outer loop
   vertex -0.082410972 -0.0012505749 0.050021241
   vertex -0.082410919 -0.0018823151 0.050674366
   vertex -0.082410935 -0.00125089 0.050673805
  endloop
 endfacet
 facet normal -0.99999996 -2.5426848e-05 0.00026756858
  outer loop
   vertex -0.082410757 -0.0012511562 0.051341943
   vertex -0.082410935 -0.00125089 0.050673805
   vertex -0.082410919 -0.0018823151 0.050674366
  endloop
 endfacet
 facet normal -0.99999996 -2.5426848e-05 0.00026756858
  outer loop
   vertex -0.082410757 -0.0012511562 0.051341943
   vertex -0.082410919 -0.0018823151 0.050674366
   vertex -0.082410652 -0.0018855844 0.05133982
  endloop
 endfacet
 facet normal -0.99999995 8.7982004e-05 0.00029998283
  outer loop
   vertex -0.082409635 -0.0012500482 0.052667017
   vertex -0.082409591 -0.00056740518 0.052613315
   vertex -0.082409788 -0.0006112664 0.051971306
  endloop
 endfacet
 facet normal -0.99999995 8.7982004e-05 0.00029998283
  outer loop
   vertex -0.082409635 -0.0012500482 0.052667017
   vertex -0.082409788 -0.0006112664 0.051971306
   vertex -0.082410154 -0.0012511324 0.05198726
  endloop
 endfacet
 facet normal -0.9999989 0.0002925479 0.0014506722
  outer loop
   vertex -0.082410545 1.3376897e-05 0.051323197
   vertex -0.082410712 -0.0006176973 0.051335382
   vertex -0.082409788 -0.0006112664 0.051971306
  endloop
 endfacet
 facet normal -0.9999989 0.0002925479 0.0014506722
  outer loop
   vertex -0.082410545 1.3376897e-05 0.051323197
   vertex -0.082409788 -0.0006112664 0.051971306
   vertex -0.082408522 1.0067288e-05 0.05193478
  endloop
 endfacet
 facet normal -0.99999939 0.00059528904 0.00093383914
  outer loop
   vertex -0.082410757 -0.0012511562 0.051341943
   vertex -0.082410154 -0.0012511324 0.05198726
   vertex -0.082409788 -0.0006112664 0.051971306
  endloop
 endfacet
 facet normal -0.99999939 0.00059528904 0.00093383914
  outer loop
   vertex -0.082410757 -0.0012511562 0.051341943
   vertex -0.082409788 -0.0006112664 0.051971306
   vertex -0.082410712 -0.0006176973 0.051335382
  endloop
 endfacet
 facet normal 0.99999981 0.00061266502 8.2366833e-06
  outer loop
   vertex -0.088411375 -0.0012468716 0.052014305
   vertex -0.088410981 -0.0018889887 0.051999462
   vertex -0.088410981 -0.0018803398 0.051356136
  endloop
 endfacet
 facet normal 0.99999981 0.00061266502 8.2366833e-06
  outer loop
   vertex -0.088411375 -0.0012468716 0.052014305
   vertex -0.088410981 -0.0018803398 0.051356136
   vertex -0.088411087 -0.001244083 0.051366061
  endloop
 endfacet
 facet normal 0.99999996 3.0040421e-06 0.00028296649
  outer loop
   vertex -0.088411 -0.0012443135 0.050690317
   vertex -0.088411004 -0.00060601318 0.050700673
   vertex -0.088411195 -0.0006017242 0.051373726
  endloop
 endfacet
 facet normal 0.99999996 3.0040421e-06 0.00028296649
  outer loop
   vertex -0.088411 -0.0012443135 0.050690317
   vertex -0.088411195 -0.0006017242 0.051373726
   vertex -0.088411087 -0.001244083 0.051366061
  endloop
 endfacet
 facet normal 1 2.9284479e-05 1.234815e-07
  outer loop
   vertex -0.088410981 -0.0018803398 0.051356136
   vertex -0.088410981 -0.0018775059 0.050684067
   vertex -0.088411 -0.0012443135 0.050690317
  endloop
 endfacet
 facet normal 1 2.9284479e-05 1.234815e-07
  outer loop
   vertex -0.088410981 -0.0018803398 0.051356136
   vertex -0.088411 -0.0012443135 0.050690317
   vertex -0.088411087 -0.001244083 0.051366061
  endloop
 endfacet
 facet normal 0.99999858 0.0010407577 0.0013286599
  outer loop
   vertex -0.088411195 -0.0006017242 0.051373726
   vertex -0.088412034 -0.00060228997 0.052005592
   vertex -0.088411375 -0.0012468716 0.052014305
  endloop
 endfacet
 facet normal 0.99999858 0.0010407577 0.0013286599
  outer loop
   vertex -0.088411195 -0.0006017242 0.051373726
   vertex -0.088411375 -0.0012468716 0.052014305
   vertex -0.088411087 -0.001244083 0.051366061
  endloop
 endfacet
 facet normal -1 4.6772541e-05 8.6361822e-05
  outer loop
   vertex -0.082410937 0.0012846132 0.050033346
   vertex -0.082410968 0.00064341844 0.050025651
   vertex -0.082410911 0.00064981975 0.050671566
  endloop
 endfacet
 facet normal -1 4.6772541e-05 8.6361822e-05
  outer loop
   vertex -0.082410937 0.0012846132 0.050033346
   vertex -0.082410911 0.00064981975 0.050671566
   vertex -0.082410923 0.0012965103 0.050682664
  endloop
 endfacet
 facet normal -0.99999987 -5.3675687e-05 0.00050940474
  outer loop
   vertex -0.082410545 1.3376897e-05 0.051323197
   vertex -0.082410584 0.00065317631 0.051315111
   vertex -0.082410911 0.00064981975 0.050671566
  endloop
 endfacet
 facet normal -0.99999987 -5.3675687e-05 0.00050940474
  outer loop
   vertex -0.082410545 1.3376897e-05 0.051323197
   vertex -0.082410911 0.00064981975 0.050671566
   vertex -0.082410919 1.167311e-05 0.05066937
  endloop
 endfacet
 facet normal -0.99999963 -3.7279279e-06 -0.00086064912
  outer loop
   vertex -0.082411481 0.0013022687 0.051330893
   vertex -0.082410923 0.0012965103 0.050682664
   vertex -0.082410911 0.00064981975 0.050671566
  endloop
 endfacet
 facet normal -0.99999963 -3.7279279e-06 -0.00086064912
  outer loop
   vertex -0.082411481 0.0013022687 0.051330893
   vertex -0.082410911 0.00064981975 0.050671566
   vertex -0.082410584 0.00065317631 0.051315111
  endloop
 endfacet
 facet normal -0.99999967 -0.00076602415 -0.00026874722
  outer loop
   vertex -0.08241128 0.0023477795 0.051095782
   vertex -0.082411417 0.0026511406 0.050740784
   vertex -0.082410853 0.0019353528 0.050684212
  endloop
 endfacet
 facet normal -0.99999967 -0.00076602415 -0.00026874722
  outer loop
   vertex -0.08241128 0.0023477795 0.051095782
   vertex -0.082410853 0.0019353528 0.050684212
   vertex -0.082411 0.0020226606 0.051410321
  endloop
 endfacet
 facet normal -0.99999999 0.00010967429 1.8727083e-05
  outer loop
   vertex -0.082410937 0.0012846132 0.050033346
   vertex -0.082410923 0.0012965103 0.050682664
   vertex -0.082410853 0.0019353528 0.050684212
  endloop
 endfacet
 facet normal -0.99999999 0.00010967429 1.8727083e-05
  outer loop
   vertex -0.082410937 0.0012846132 0.050033346
   vertex -0.082410853 0.0019353528 0.050684212
   vertex -0.082410694 0.0019272297 0.050040008
  endloop
 endfacet
 facet normal -0.99999971 0.00069965897 -0.00028618366
  outer loop
   vertex -0.082411481 0.0013022687 0.051330893
   vertex -0.082411 0.0020226606 0.051410321
   vertex -0.082410853 0.0019353528 0.050684212
  endloop
 endfacet
 facet normal -0.99999971 0.00069965897 -0.00028618366
  outer loop
   vertex -0.082411481 0.0013022687 0.051330893
   vertex -0.082410853 0.0019353528 0.050684212
   vertex -0.082410923 0.0012965103 0.050682664
  endloop
 endfacet
 facet normal -0.99999424 -0.00078412442 0.003303626
  outer loop
   vertex -0.082410545 1.3376897e-05 0.051323197
   vertex -0.082408522 1.0067288e-05 0.05193478
   vertex -0.082409173 0.00065162915 0.05189
  endloop
 endfacet
 facet normal -0.99999424 -0.00078412442 0.003303626
  outer loop
   vertex -0.082410545 1.3376897e-05 0.051323197
   vertex -0.082409173 0.00065162915 0.05189
   vertex -0.082410584 0.00065317631 0.051315111
  endloop
 endfacet
 facet normal -0.99999596 -0.0014422945 0.0024496305
  outer loop
   vertex -0.082411481 0.0013022687 0.051330893
   vertex -0.082410584 0.00065317631 0.051315111
   vertex -0.082409173 0.00065162915 0.05189
  endloop
 endfacet
 facet normal -0.99999596 -0.0014422945 0.0024496305
  outer loop
   vertex -0.082411481 0.0013022687 0.051330893
   vertex -0.082409173 0.00065162915 0.05189
   vertex -0.082411043 0.001306603 0.051926901
  endloop
 endfacet
 facet normal -0.010915756 -0.66510514 -0.74666994
  outer loop
   vertex -0.087687682 0.0023493597 0.051092193
   vertex -0.087538936 0.0015460818 0.051805548
   vertex -0.087982878 0.0015197616 0.051835483
  endloop
 endfacet
 facet normal -0.010915756 -0.66510514 -0.74666994
  outer loop
   vertex -0.087687682 0.0023493597 0.051092193
   vertex -0.087982878 0.0015197616 0.051835483
   vertex -0.088407975 0.002019202 0.051414138
  endloop
 endfacet
 facet normal -0.010915756 -0.66510514 -0.74666994
  outer loop
   vertex -0.087687682 0.0023493597 0.051092193
   vertex -0.088407975 0.002019202 0.051414138
   vertex -0.088409606 0.0023512374 0.051092199
  endloop
 endfacet
 facet normal 0.9999931 -0.00015656597 -0.0037117719
  outer loop
   vertex -0.088407893 0.00074895748 0.051464444
   vertex -0.088410495 0.00070973041 0.050765057
   vertex -0.088410185 0.001390168 0.050819782
  endloop
 endfacet
 facet normal 0.9999931 -0.00015656597 -0.0037117719
  outer loop
   vertex -0.088407893 0.00074895748 0.051464444
   vertex -0.088410185 0.001390168 0.050819782
   vertex -0.088410742 0.0015983313 0.051732778
  endloop
 endfacet
 facet normal 0.99995989 0.004039974 -0.0079936443
  outer loop
   vertex -0.088410185 0.001390168 0.050819782
   vertex -0.088413278 0.0019502085 0.050715912
   vertex -0.088407975 0.002019202 0.051414138
  endloop
 endfacet
 facet normal 0.99995989 0.004039974 -0.0079936443
  outer loop
   vertex -0.088410185 0.001390168 0.050819782
   vertex -0.088407975 0.002019202 0.051414138
   vertex -0.088410742 0.0015983313 0.051732778
  endloop
 endfacet
 facet normal 0.99992327 -0.0078525213 0.0095812464
  outer loop
   vertex -0.088407905 0.0013186773 0.051932634
   vertex -0.088413186 0.00066421706 0.051947397
   vertex -0.088407893 0.00074895748 0.051464444
  endloop
 endfacet
 facet normal 0.99992327 -0.0078525213 0.0095812464
  outer loop
   vertex -0.088407905 0.0013186773 0.051932634
   vertex -0.088407893 0.00074895748 0.051464444
   vertex -0.088410742 0.0015983313 0.051732778
  endloop
 endfacet
 facet normal -1 -2.216307e-14 -2.2223593e-14
  outer loop
   vertex -0.082410976 -0.0024985639 0.038749647
   vertex -0.082410976 -0.0024978439 0.038124467
   vertex -0.082410976 -0.0031243966 0.038124851
  endloop
 endfacet
 facet normal -1 -2.216307e-14 -2.2223593e-14
  outer loop
   vertex -0.082410976 -0.0024985639 0.038749647
   vertex -0.082410976 -0.0031243966 0.038124851
   vertex -0.082410976 -0.0031246402 0.038749913
  endloop
 endfacet
 facet normal -1 2.2184441e-14 4.848469e-18
  outer loop
   vertex -0.082410976 -0.003749824 0.037499957
   vertex -0.082410976 -0.0037499606 0.038124993
   vertex -0.082410976 -0.0031243966 0.038124851
  endloop
 endfacet
 facet normal -1 2.2184441e-14 4.848469e-18
  outer loop
   vertex -0.082410976 -0.003749824 0.037499957
   vertex -0.082410976 -0.0031243966 0.038124851
   vertex -0.082410976 -0.0031240771 0.037499767
  endloop
 endfacet
 facet normal -1 2.2188055e-14 8.6475468e-18
  outer loop
   vertex -0.082410976 -0.0037501023 0.038750029
   vertex -0.082410976 -0.0031246402 0.038749913
   vertex -0.082410976 -0.0031243966 0.038124851
  endloop
 endfacet
 facet normal -1 2.2188055e-14 8.6475468e-18
  outer loop
   vertex -0.082410976 -0.0037501023 0.038750029
   vertex -0.082410976 -0.0031243966 0.038124851
   vertex -0.082410976 -0.0037499606 0.038124993
  endloop
 endfacet
 facet normal -1 0 -0
  outer loop
   vertex -0.082410976 -0.0037503735 0.040000095
   vertex -0.082410976 -0.0037502447 0.039375065
   vertex -0.082410976 -0.0043761699 0.039375307
  endloop
 endfacet
 facet normal -1 0 -0
  outer loop
   vertex -0.082410976 -0.0037503735 0.040000095
   vertex -0.082410976 -0.0043761699 0.039375307
   vertex -0.082410976 -0.0043765456 0.040000396
  endloop
 endfacet
 facet normal -1 0 0
  outer loop
   vertex -0.082410976 -0.0050027255 0.038750728
   vertex -0.082410976 -0.0050039538 0.039376042
   vertex -0.082410976 -0.0043761699 0.039375307
  endloop
 endfacet
 facet normal -1 0 0
  outer loop
   vertex -0.082410976 -0.0050027255 0.038750728
   vertex -0.082410976 -0.0043761699 0.039375307
   vertex -0.082410976 -0.0043757752 0.038750207
  endloop
 endfacet
 facet normal -1 0 0
  outer loop
   vertex -0.082410976 -0.0037501023 0.038750029
   vertex -0.082410976 -0.0043757752 0.038750207
   vertex -0.082410976 -0.0043761699 0.039375307
  endloop
 endfacet
 facet normal -1 0 0
  outer loop
   vertex -0.082410976 -0.0037501023 0.038750029
   vertex -0.082410976 -0.0043761699 0.039375307
   vertex -0.082410976 -0.0037502447 0.039375065
  endloop
 endfacet
 facet normal -1 -4.4342005e-14 -2.2215149e-14
  outer loop
   vertex -0.082410976 -0.0024985639 0.038749647
   vertex -0.082410976 -0.0031246402 0.038749913
   vertex -0.082410976 -0.0031248115 0.039374954
  endloop
 endfacet
 facet normal -1 -4.4342005e-14 -2.2215149e-14
  outer loop
   vertex -0.082410976 -0.0024985639 0.038749647
   vertex -0.082410976 -0.0031248115 0.039374954
   vertex -0.082410976 -0.0024990543 0.039374764
  endloop
 endfacet
 facet normal -1 0 0
  outer loop
   vertex -0.082410976 -0.0037503735 0.040000095
   vertex -0.082410976 -0.0031249307 0.039999982
   vertex -0.082410976 -0.0031248115 0.039374954
  endloop
 endfacet
 facet normal -1 0 0
  outer loop
   vertex -0.082410976 -0.0037503735 0.040000095
   vertex -0.082410976 -0.0031248115 0.039374954
   vertex -0.082410976 -0.0037502447 0.039375065
  endloop
 endfacet
 facet normal -1 0 0
  outer loop
   vertex -0.082410976 -0.0037501023 0.038750029
   vertex -0.082410976 -0.0037502447 0.039375065
   vertex -0.082410976 -0.0031248115 0.039374954
  endloop
 endfacet
 facet normal -1 0 0
  outer loop
   vertex -0.082410976 -0.0037501023 0.038750029
   vertex -0.082410976 -0.0031248115 0.039374954
   vertex -0.082410976 -0.0031246402 0.038749913
  endloop
 endfacet
 facet normal -1 0 0
  outer loop
   vertex -0.082410976 -0.003749824 0.037499957
   vertex -0.082410976 -0.0043752248 0.037500061
   vertex -0.082410976 -0.0043754512 0.038125121
  endloop
 endfacet
 facet normal -1 0 0
  outer loop
   vertex -0.082410976 -0.003749824 0.037499957
   vertex -0.082410976 -0.0043754512 0.038125121
   vertex -0.082410976 -0.0037499606 0.038124993
  endloop
 endfacet
 facet normal -1 0 0
  outer loop
   vertex -0.082410976 -0.0050027255 0.038750728
   vertex -0.082410976 -0.0043757752 0.038750207
   vertex -0.082410976 -0.0043754512 0.038125121
  endloop
 endfacet
 facet normal -1 0 0
  outer loop
   vertex -0.082410976 -0.0050027255 0.038750728
   vertex -0.082410976 -0.0043754512 0.038125121
   vertex -0.082410976 -0.0050017198 0.038125459
  endloop
 endfacet
 facet normal -1 0 -0
  outer loop
   vertex -0.082410976 -0.0037501023 0.038750029
   vertex -0.082410976 -0.0037499606 0.038124993
   vertex -0.082410976 -0.0043754512 0.038125121
  endloop
 endfacet
 facet normal -1 0 -0
  outer loop
   vertex -0.082410976 -0.0037501023 0.038750029
   vertex -0.082410976 -0.0043754512 0.038125121
   vertex -0.082410976 -0.0043757752 0.038750207
  endloop
 endfacet
 facet normal -1 0 0
  outer loop
   vertex -0.082410976 -0.0024949797 0.036248665
   vertex -0.082410976 -0.0031233928 0.036249574
   vertex -0.082410976 -0.0031237315 0.036874671
  endloop
 endfacet
 facet normal -1 0 0
  outer loop
   vertex -0.082410976 -0.0024949797 0.036248665
   vertex -0.082410976 -0.0031237315 0.036874671
   vertex -0.082410976 -0.0024958504 0.036873926
  endloop
 endfacet
 facet normal -1 0 0
  outer loop
   vertex -0.082410976 -0.003749824 0.037499957
   vertex -0.082410976 -0.0031240771 0.037499767
   vertex -0.082410976 -0.0031237315 0.036874671
  endloop
 endfacet
 facet normal -1 0 0
  outer loop
   vertex -0.082410976 -0.003749824 0.037499957
   vertex -0.082410976 -0.0031237315 0.036874671
   vertex -0.082410976 -0.0037496985 0.036874922
  endloop
 endfacet
 facet normal -1 -2.2152353e-14 4.4402306e-14
  outer loop
   vertex -0.082410976 -0.0037495786 0.036249889
   vertex -0.082410976 -0.0037496985 0.036874922
   vertex -0.082410976 -0.0031237315 0.036874671
  endloop
 endfacet
 facet normal -1 -2.2152353e-14 4.4402306e-14
  outer loop
   vertex -0.082410976 -0.0037495786 0.036249889
   vertex -0.082410976 -0.0031237315 0.036874671
   vertex -0.082410976 -0.0031233928 0.036249574
  endloop
 endfacet
 facet normal -1 0 0
  outer loop
   vertex -0.082410976 -0.0037491824 0.034999787
   vertex -0.082410976 -0.0043748358 0.034999957
   vertex -0.082410976 -0.004374923 0.03562498
  endloop
 endfacet
 facet normal -1 0 0
  outer loop
   vertex -0.082410976 -0.0037491824 0.034999787
   vertex -0.082410976 -0.004374923 0.03562498
   vertex -0.082410976 -0.0037494194 0.035624848
  endloop
 endfacet
 facet normal -1 0 0
  outer loop
   vertex -0.082410976 -0.0050003966 0.036250107
   vertex -0.082410976 -0.0043749962 0.03625
   vertex -0.082410976 -0.004374923 0.03562498
  endloop
 endfacet
 facet normal -1 0 0
  outer loop
   vertex -0.082410976 -0.0050003966 0.036250107
   vertex -0.082410976 -0.004374923 0.03562498
   vertex -0.082410976 -0.005000271 0.035625072
  endloop
 endfacet
 facet normal -1 -2.2186584e-14 -5.6525631e-18
  outer loop
   vertex -0.082410976 -0.0037495786 0.036249889
   vertex -0.082410976 -0.0037494194 0.035624848
   vertex -0.082410976 -0.004374923 0.03562498
  endloop
 endfacet
 facet normal -1 -2.2186584e-14 -5.6525631e-18
  outer loop
   vertex -0.082410976 -0.0037495786 0.036249889
   vertex -0.082410976 -0.004374923 0.03562498
   vertex -0.082410976 -0.0043749962 0.03625
  endloop
 endfacet
 facet normal -1 0 -0
  outer loop
   vertex -0.082410976 -0.0024949797 0.036248665
   vertex -0.082410976 -0.0024938757 0.035623381
   vertex -0.082410976 -0.0031229363 0.035624457
  endloop
 endfacet
 facet normal -1 0 -0
  outer loop
   vertex -0.082410976 -0.0024949797 0.036248665
   vertex -0.082410976 -0.0031229363 0.035624457
   vertex -0.082410976 -0.0031233928 0.036249574
  endloop
 endfacet
 facet normal -1 2.2138058e-14 -2.2193919e-14
  outer loop
   vertex -0.082410976 -0.0037491824 0.034999787
   vertex -0.082410976 -0.0037494194 0.035624848
   vertex -0.082410976 -0.0031229363 0.035624457
  endloop
 endfacet
 facet normal -1 2.2138058e-14 -2.2193919e-14
  outer loop
   vertex -0.082410976 -0.0037491824 0.034999787
   vertex -0.082410976 -0.0031229363 0.035624457
   vertex -0.082410976 -0.0031222366 0.034999282
  endloop
 endfacet
 facet normal -1 2.2162419e-14 1.6183821e-17
  outer loop
   vertex -0.082410976 -0.0037495786 0.036249889
   vertex -0.082410976 -0.0031233928 0.036249574
   vertex -0.082410976 -0.0031229363 0.035624457
  endloop
 endfacet
 facet normal -1 2.2162419e-14 1.6183821e-17
  outer loop
   vertex -0.082410976 -0.0037495786 0.036249889
   vertex -0.082410976 -0.0031229363 0.035624457
   vertex -0.082410976 -0.0037494194 0.035624848
  endloop
 endfacet
 facet normal -1 2.2187221e-14 -2.2198781e-14
  outer loop
   vertex -0.082410976 -0.003749824 0.037499957
   vertex -0.082410976 -0.0037496985 0.036874922
   vertex -0.082410976 -0.0043750832 0.036875023
  endloop
 endfacet
 facet normal -1 2.2187221e-14 -2.2198781e-14
  outer loop
   vertex -0.082410976 -0.003749824 0.037499957
   vertex -0.082410976 -0.0043750832 0.036875023
   vertex -0.082410976 -0.0043752248 0.037500061
  endloop
 endfacet
 facet normal -1 0 0
  outer loop
   vertex -0.082410976 -0.0050003966 0.036250107
   vertex -0.082410976 -0.0050006129 0.036875164
   vertex -0.082410976 -0.0043750832 0.036875023
  endloop
 endfacet
 facet normal -1 0 0
  outer loop
   vertex -0.082410976 -0.0050003966 0.036250107
   vertex -0.082410976 -0.0043750832 0.036875023
   vertex -0.082410976 -0.0043749962 0.03625
  endloop
 endfacet
 facet normal -1 -2.2189635e-14 -3.0893294e-18
  outer loop
   vertex -0.082410976 -0.0037495786 0.036249889
   vertex -0.082410976 -0.0043749962 0.03625
   vertex -0.082410976 -0.0043750832 0.036875023
  endloop
 endfacet
 facet normal -1 -2.2189635e-14 -3.0893294e-18
  outer loop
   vertex -0.082410976 -0.0037495786 0.036249889
   vertex -0.082410976 -0.0043750832 0.036875023
   vertex -0.082410976 -0.0037496985 0.036874922
  endloop
 endfacet
 facet normal -0.99999544 0.0014156281 0.0026666816
  outer loop
   vertex -0.082411999 8.1623643e-05 0.036220406
   vertex -0.082411162 0.0007912612 0.036157234
   vertex -0.082412923 0.00064166306 0.035576402
  endloop
 endfacet
 facet normal -0.99999544 0.0014156281 0.0026666816
  outer loop
   vertex -0.082411999 8.1623643e-05 0.036220406
   vertex -0.082412923 0.00064166306 0.035576402
   vertex -0.082409499 4.1064666e-05 0.035602227
  endloop
 endfacet
 facet normal -0.69618971 -0.69124425 0.19365247
  outer loop
   vertex -0.082416406 0.0011588405 0.037506663
   vertex -0.082421851 0.0010401318 0.037063357
   vertex -0.082411408 0.0009505212 0.036781033
  endloop
 endfacet
 facet normal -0.69618971 -0.69124425 0.19365247
  outer loop
   vertex -0.082416406 0.0011588405 0.037506663
   vertex -0.082411408 0.0009505212 0.036781033
   vertex -0.082408416 0.00068604337 0.037486532
  endloop
 endfacet
 facet normal -0.99999897 0.0011940236 -0.00079707492
  outer loop
   vertex -0.082411999 8.1623643e-05 0.036220406
   vertex -0.08241246 0.00011350321 0.03684677
   vertex -0.082411408 0.0009505212 0.036781033
  endloop
 endfacet
 facet normal -0.99999897 0.0011940236 -0.00079707492
  outer loop
   vertex -0.082411999 8.1623643e-05 0.036220406
   vertex -0.082411408 0.0009505212 0.036781033
   vertex -0.082411162 0.0007912612 0.036157234
  endloop
 endfacet
 facet normal -1 0 0
  outer loop
   vertex -0.082410976 -0.0024997394 0.04124993
   vertex -0.082410976 -0.0031250977 0.041250023
   vertex -0.082410976 -0.003125194 0.041875048
  endloop
 endfacet
 facet normal -1 0 0
  outer loop
   vertex -0.082410976 -0.0024997394 0.04124993
   vertex -0.082410976 -0.003125194 0.041875048
   vertex -0.082410976 -0.0024998537 0.041874961
  endloop
 endfacet
 facet normal -1 0 0
  outer loop
   vertex -0.082410976 -0.0037512359 0.04250032
   vertex -0.082410976 -0.0031252986 0.042500077
   vertex -0.082410976 -0.003125194 0.041875048
  endloop
 endfacet
 facet normal -1 0 0
  outer loop
   vertex -0.082410976 -0.0037512359 0.04250032
   vertex -0.082410976 -0.003125194 0.041875048
   vertex -0.082410976 -0.0037509266 0.041875233
  endloop
 endfacet
 facet normal -1 0 0
  outer loop
   vertex -0.082410976 -0.0037506649 0.041250165
   vertex -0.082410976 -0.0037509266 0.041875233
   vertex -0.082410976 -0.003125194 0.041875048
  endloop
 endfacet
 facet normal -1 0 0
  outer loop
   vertex -0.082410976 -0.0037506649 0.041250165
   vertex -0.082410976 -0.003125194 0.041875048
   vertex -0.082410976 -0.0031250977 0.041250023
  endloop
 endfacet
 facet normal -1 0 0
  outer loop
   vertex -0.082410976 -0.0037503735 0.040000095
   vertex -0.082410976 -0.0043765456 0.040000396
   vertex -0.082410976 -0.0043768738 0.040625469
  endloop
 endfacet
 facet normal -1 0 0
  outer loop
   vertex -0.082410976 -0.0037503735 0.040000095
   vertex -0.082410976 -0.0043768738 0.040625469
   vertex -0.082410976 -0.0037504934 0.040625123
  endloop
 endfacet
 facet normal -1 0 0
  outer loop
   vertex -0.082410976 -0.0050070055 0.041251742
   vertex -0.082410976 -0.0043773596 0.041250586
   vertex -0.082410976 -0.0043768738 0.040625469
  endloop
 endfacet
 facet normal -1 0 0
  outer loop
   vertex -0.082410976 -0.0050070055 0.041251742
   vertex -0.082410976 -0.0043768738 0.040625469
   vertex -0.082410976 -0.0050058483 0.040626467
  endloop
 endfacet
 facet normal -1 0 -0
  outer loop
   vertex -0.082410976 -0.0037506649 0.041250165
   vertex -0.082410976 -0.0037504934 0.040625123
   vertex -0.082410976 -0.0043768738 0.040625469
  endloop
 endfacet
 facet normal -1 0 -0
  outer loop
   vertex -0.082410976 -0.0037506649 0.041250165
   vertex -0.082410976 -0.0043768738 0.040625469
   vertex -0.082410976 -0.0043773596 0.041250586
  endloop
 endfacet
 facet normal -1 0 -0
  outer loop
   vertex -0.082410976 -0.0024997394 0.04124993
   vertex -0.082410976 -0.0024995953 0.040624892
   vertex -0.082410976 -0.0031250165 0.040625002
  endloop
 endfacet
 facet normal -1 0 -0
  outer loop
   vertex -0.082410976 -0.0024997394 0.04124993
   vertex -0.082410976 -0.0031250165 0.040625002
   vertex -0.082410976 -0.0031250977 0.041250023
  endloop
 endfacet
 facet normal -1 0 0
  outer loop
   vertex -0.082410976 -0.0037503735 0.040000095
   vertex -0.082410976 -0.0037504934 0.040625123
   vertex -0.082410976 -0.0031250165 0.040625002
  endloop
 endfacet
 facet normal -1 0 0
  outer loop
   vertex -0.082410976 -0.0037503735 0.040000095
   vertex -0.082410976 -0.0031250165 0.040625002
   vertex -0.082410976 -0.0031249307 0.039999982
  endloop
 endfacet
 facet normal -1 0 0
  outer loop
   vertex -0.082410976 -0.0037506649 0.041250165
   vertex -0.082410976 -0.0031250977 0.041250023
   vertex -0.082410976 -0.0031250165 0.040625002
  endloop
 endfacet
 facet normal -1 0 0
  outer loop
   vertex -0.082410976 -0.0037506649 0.041250165
   vertex -0.082410976 -0.0031250165 0.040625002
   vertex -0.082410976 -0.0037504934 0.040625123
  endloop
 endfacet
 facet normal -1 0 -0
  outer loop
   vertex -0.082410976 -0.0037512359 0.04250032
   vertex -0.082410976 -0.0037509266 0.041875233
   vertex -0.082410976 -0.0043781397 0.041875789
  endloop
 endfacet
 facet normal -1 0 -0
  outer loop
   vertex -0.082410976 -0.0037512359 0.04250032
   vertex -0.082410976 -0.0043781397 0.041875789
   vertex -0.082410976 -0.0043790462 0.042501045
  endloop
 endfacet
 facet normal -1 0 0
  outer loop
   vertex -0.082410976 -0.0050070055 0.041251742
   vertex -0.082410976 -0.0050090361 0.041877264
   vertex -0.082410976 -0.0043781397 0.041875789
  endloop
 endfacet
 facet normal -1 0 0
  outer loop
   vertex -0.082410976 -0.0050070055 0.041251742
   vertex -0.082410976 -0.0043781397 0.041875789
   vertex -0.082410976 -0.0043773596 0.041250586
  endloop
 endfacet
 facet normal -1 0 0
  outer loop
   vertex -0.082410976 -0.0037506649 0.041250165
   vertex -0.082410976 -0.0043773596 0.041250586
   vertex -0.082410976 -0.0043781397 0.041875789
  endloop
 endfacet
 facet normal -1 0 0
  outer loop
   vertex -0.082410976 -0.0037506649 0.041250165
   vertex -0.082410976 -0.0043781397 0.041875789
   vertex -0.082410976 -0.0037509266 0.041875233
  endloop
 endfacet
 facet normal -1 0 0
  outer loop
   vertex -0.082410976 -0.0037512359 0.04250032
   vertex -0.082410976 -0.0037515535 0.043125411
   vertex -0.082410976 -0.0031254087 0.043125108
  endloop
 endfacet
 facet normal -1 0 0
  outer loop
   vertex -0.082410976 -0.0037512359 0.04250032
   vertex -0.082410976 -0.0031254087 0.043125108
   vertex -0.082410976 -0.0031252986 0.042500077
  endloop
 endfacet
 facet normal -1 0 -0
  outer loop
   vertex -0.082410976 -0.002500075 0.04375002
   vertex -0.082410976 -0.0025000087 0.043125002
   vertex -0.082410976 -0.0031254087 0.043125108
  endloop
 endfacet
 facet normal -1 0 -0
  outer loop
   vertex -0.082410976 -0.002500075 0.04375002
   vertex -0.082410976 -0.0031254087 0.043125108
   vertex -0.082410976 -0.003125565 0.043750148
  endloop
 endfacet
 facet normal -1 0 0
  outer loop
   vertex -0.082410976 -0.0037520021 0.043750526
   vertex -0.082410976 -0.003125565 0.043750148
   vertex -0.082410976 -0.0031254087 0.043125108
  endloop
 endfacet
 facet normal -1 0 0
  outer loop
   vertex -0.082410976 -0.0037520021 0.043750526
   vertex -0.082410976 -0.0031254087 0.043125108
   vertex -0.082410976 -0.0037515535 0.043125411
  endloop
 endfacet
 facet normal -1 3.5503446e-08 -3.6023655e-08
  outer loop
   vertex -0.082410976 -0.0050149184 0.043753966
   vertex -0.082410976 -0.005018927 0.044379887
   vertex -0.082410976 -0.0043827464 0.044377009
  endloop
 endfacet
 facet normal -1 3.5503446e-08 -3.6023655e-08
  outer loop
   vertex -0.082410976 -0.0050149184 0.043753966
   vertex -0.082410976 -0.0043827464 0.044377009
   vertex -0.082410976 -0.0043809223 0.043751563
  endloop
 endfacet
 facet normal -1 0 -0
  outer loop
   vertex -0.082410976 -0.0037536176 0.045000954
   vertex -0.082410976 -0.0037527179 0.044375707
   vertex -0.082410976 -0.0043827464 0.044377009
  endloop
 endfacet
 facet normal -1 0 -0
  outer loop
   vertex -0.082410976 -0.0037536176 0.045000954
   vertex -0.082410976 -0.0043827464 0.044377009
   vertex -0.082410976 -0.0043850147 0.045002623
  endloop
 endfacet
 facet normal -1 0 0
  outer loop
   vertex -0.082410976 -0.0037520021 0.043750526
   vertex -0.082410976 -0.0043809223 0.043751563
   vertex -0.082410976 -0.0043827464 0.044377009
  endloop
 endfacet
 facet normal -1 0 0
  outer loop
   vertex -0.082410976 -0.0037520021 0.043750526
   vertex -0.082410976 -0.0043827464 0.044377009
   vertex -0.082410976 -0.0037527179 0.044375707
  endloop
 endfacet
 facet normal -1 0 0
  outer loop
   vertex -0.082410976 -0.0037512359 0.04250032
   vertex -0.082410976 -0.0043790462 0.042501045
   vertex -0.082410976 -0.004379849 0.043126287
  endloop
 endfacet
 facet normal -1 0 0
  outer loop
   vertex -0.082410976 -0.0037512359 0.04250032
   vertex -0.082410976 -0.004379849 0.043126287
   vertex -0.082410976 -0.0037515535 0.043125411
  endloop
 endfacet
 facet normal -1 0 0
  outer loop
   vertex -0.082410976 -0.0050149184 0.043753966
   vertex -0.082410976 -0.0043809223 0.043751563
   vertex -0.082410976 -0.004379849 0.043126287
  endloop
 endfacet
 facet normal -1 0 0
  outer loop
   vertex -0.082410976 -0.0050149184 0.043753966
   vertex -0.082410976 -0.004379849 0.043126287
   vertex -0.082410976 -0.0050129768 0.043128465
  endloop
 endfacet
 facet normal -1 0 -0
  outer loop
   vertex -0.082410976 -0.0037520021 0.043750526
   vertex -0.082410976 -0.0037515535 0.043125411
   vertex -0.082410976 -0.004379849 0.043126287
  endloop
 endfacet
 facet normal -1 0 -0
  outer loop
   vertex -0.082410976 -0.0037520021 0.043750526
   vertex -0.082410976 -0.004379849 0.043126287
   vertex -0.082410976 -0.0043809223 0.043751563
  endloop
 endfacet
 facet normal -1 0 0
  outer loop
   vertex -0.082410976 -0.002500075 0.04375002
   vertex -0.082410976 -0.003125565 0.043750148
   vertex -0.082410976 -0.0031258085 0.044375211
  endloop
 endfacet
 facet normal -1 0 0
  outer loop
   vertex -0.082410976 -0.002500075 0.04375002
   vertex -0.082410976 -0.0031258085 0.044375211
   vertex -0.082410976 -0.0025001625 0.044375043
  endloop
 endfacet
 facet normal -1 0 0
  outer loop
   vertex -0.082410976 -0.0037536176 0.045000954
   vertex -0.082410976 -0.0031261234 0.045000298
   vertex -0.082410976 -0.0031258085 0.044375211
  endloop
 endfacet
 facet normal -1 0 0
  outer loop
   vertex -0.082410976 -0.0037536176 0.045000954
   vertex -0.082410976 -0.0031258085 0.044375211
   vertex -0.082410976 -0.0037527179 0.044375707
  endloop
 endfacet
 facet normal -1 0 0
  outer loop
   vertex -0.082410976 -0.0037520021 0.043750526
   vertex -0.082410976 -0.0037527179 0.044375707
   vertex -0.082410976 -0.0031258085 0.044375211
  endloop
 endfacet
 facet normal -1 0 0
  outer loop
   vertex -0.082410976 -0.0037520021 0.043750526
   vertex -0.082410976 -0.0031258085 0.044375211
   vertex -0.082410976 -0.003125565 0.043750148
  endloop
 endfacet
 facet normal -0.99999931 -0.0011028189 -0.00041417814
  outer loop
   vertex -0.082410771 0.0012942737 0.042486874
   vertex -0.082411037 0.0013007783 0.043110618
   vertex -0.082411739 0.0019412709 0.043099907
  endloop
 endfacet
 facet normal -0.99999931 -0.0011028189 -0.00041417814
  outer loop
   vertex -0.082410771 0.0012942737 0.042486874
   vertex -0.082411739 0.0019412709 0.043099907
   vertex -0.08240929 0.0018989637 0.04248211
  endloop
 endfacet
 facet normal -0.99999953 0.00078042302 -0.00057371401
  outer loop
   vertex -0.082411395 0.0027962708 0.04366387
   vertex -0.082411162 0.0026361647 0.043040298
   vertex -0.082411739 0.0019412709 0.043099907
  endloop
 endfacet
 facet normal -0.99999953 0.00078042302 -0.00057371401
  outer loop
   vertex -0.082411395 0.0027962708 0.04366387
   vertex -0.082411739 0.0019412709 0.043099907
   vertex -0.082412198 0.0019752416 0.043724914
  endloop
 endfacet
 facet normal -0.99999845 -0.0016357927 -0.00064616607
  outer loop
   vertex -0.082411108 0.0013041349 0.043736376
   vertex -0.082412198 0.0019752416 0.043724914
   vertex -0.082411739 0.0019412709 0.043099907
  endloop
 endfacet
 facet normal -0.99999845 -0.0016357927 -0.00064616607
  outer loop
   vertex -0.082411108 0.0013041349 0.043736376
   vertex -0.082411739 0.0019412709 0.043099907
   vertex -0.082411037 0.0013007783 0.043110618
  endloop
 endfacet
 facet normal -1 -1.6418434e-05 3.8438835e-06
  outer loop
   vertex -0.082410979 1.0346706e-05 0.043747299
   vertex -0.082410976 8.2773146e-06 0.044372851
   vertex -0.082410987 0.0006454334 0.04436971
  endloop
 endfacet
 facet normal -1 -1.6418434e-05 3.8438835e-06
  outer loop
   vertex -0.082410979 1.0346706e-05 0.043747299
   vertex -0.082410987 0.0006454334 0.04436971
   vertex -0.082410996 0.00065041981 0.043743419
  endloop
 endfacet
 facet normal -1 -4.9299789e-05 5.3054961e-05
  outer loop
   vertex -0.082410985 0.001284989 0.044990521
   vertex -0.082411019 0.0012927294 0.044364043
   vertex -0.082410987 0.0006454334 0.04436971
  endloop
 endfacet
 facet normal -1 -4.9299789e-05 5.3054961e-05
  outer loop
   vertex -0.082410985 0.001284989 0.044990521
   vertex -0.082410987 0.0006454334 0.04436971
   vertex -0.082410981 0.00064129311 0.044995655
  endloop
 endfacet
 facet normal -0.99999999 -0.00017113956 1.308041e-05
  outer loop
   vertex -0.082411108 0.0013041349 0.043736376
   vertex -0.082410996 0.00065041981 0.043743419
   vertex -0.082410987 0.0006454334 0.04436971
  endloop
 endfacet
 facet normal -0.99999999 -0.00017113956 1.308041e-05
  outer loop
   vertex -0.082411108 0.0013041349 0.043736376
   vertex -0.082410987 0.0006454334 0.04436971
   vertex -0.082411019 0.0012927294 0.044364043
  endloop
 endfacet
 facet normal -0.99999995 0.00029947976 -3.8814044e-05
  outer loop
   vertex -0.082410771 0.0012942737 0.042486874
   vertex -0.082410964 0.0006531039 0.042492366
   vertex -0.082410988 0.00065185782 0.043117712
  endloop
 endfacet
 facet normal -0.99999995 0.00029947976 -3.8814044e-05
  outer loop
   vertex -0.082410771 0.0012942737 0.042486874
   vertex -0.082410988 0.00065185782 0.043117712
   vertex -0.082411037 0.0013007783 0.043110618
  endloop
 endfacet
 facet normal -1 -2.6758924e-05 -1.2244198e-05
  outer loop
   vertex -0.082410979 1.0346706e-05 0.043747299
   vertex -0.082410996 0.00065041981 0.043743419
   vertex -0.082410988 0.00065185782 0.043117712
  endloop
 endfacet
 facet normal -1 -2.6758924e-05 -1.2244198e-05
  outer loop
   vertex -0.082410979 1.0346706e-05 0.043747299
   vertex -0.082410988 0.00065185782 0.043117712
   vertex -0.082410979 1.1655102e-05 0.043121866
  endloop
 endfacet
 facet normal -0.99999999 -7.6188779e-05 -0.00011297777
  outer loop
   vertex -0.082411108 0.0013041349 0.043736376
   vertex -0.082411037 0.0013007783 0.043110618
   vertex -0.082410988 0.00065185782 0.043117712
  endloop
 endfacet
 facet normal -0.99999999 -7.6188779e-05 -0.00011297777
  outer loop
   vertex -0.082411108 0.0013041349 0.043736376
   vertex -0.082410988 0.00065185782 0.043117712
   vertex -0.082410996 0.00065041981 0.043743419
  endloop
 endfacet
 facet normal -0.99999734 0.0011276951 0.0020106404
  outer loop
   vertex -0.082411395 0.0027962708 0.04366387
   vertex -0.082412198 0.0019752416 0.043724914
   vertex -0.082410963 0.0019448547 0.044356367
  endloop
 endfacet
 facet normal -0.99999734 0.0011276951 0.0020106404
  outer loop
   vertex -0.082411395 0.0027962708 0.04366387
   vertex -0.082410963 0.0019448547 0.044356367
   vertex -0.082407802 0.0025459804 0.044363526
  endloop
 endfacet
 facet normal -0.99999997 0.00018644273 0.0001584372
  outer loop
   vertex -0.082410985 0.001284989 0.044990521
   vertex -0.082410866 0.0019328661 0.044983114
   vertex -0.082410963 0.0019448547 0.044356367
  endloop
 endfacet
 facet normal -0.99999997 0.00018644273 0.0001584372
  outer loop
   vertex -0.082410985 0.001284989 0.044990521
   vertex -0.082410963 0.0019448547 0.044356367
   vertex -0.082411019 0.0012927294 0.044364043
  endloop
 endfacet
 facet normal -0.99999999 8.7822424e-05 0.00014307511
  outer loop
   vertex -0.082411108 0.0013041349 0.043736376
   vertex -0.082411019 0.0012927294 0.044364043
   vertex -0.082410963 0.0019448547 0.044356367
  endloop
 endfacet
 facet normal -0.99999999 8.7822424e-05 0.00014307511
  outer loop
   vertex -0.082411108 0.0013041349 0.043736376
   vertex -0.082410963 0.0019448547 0.044356367
   vertex -0.082412198 0.0019752416 0.043724914
  endloop
 endfacet
 facet normal -0.99981137 -0.019340146 -0.0017836365
  outer loop
   vertex -0.082411395 0.0027962708 0.04366387
   vertex -0.082407802 0.0025459804 0.044363526
   vertex -0.082416697 0.0030033455 0.044390375
  endloop
 endfacet
 facet normal -0.99981137 -0.019340146 -0.0017836365
  outer loop
   vertex -0.082411395 0.0027962708 0.04366387
   vertex -0.082416697 0.0030033455 0.044390375
   vertex -0.082421851 0.0028845378 0.043946554
  endloop
 endfacet
 facet normal 1 -3.6130719e-07 2.0477958e-07
  outer loop
   vertex -0.088410981 -0.0088367116 0.033146279
   vertex -0.088410981 -0.0081686136 0.033135874
   vertex -0.088410981 -0.0081738385 0.033762693
  endloop
 endfacet
 facet normal 1 -3.6130719e-07 2.0477958e-07
  outer loop
   vertex -0.088410981 -0.0088367116 0.033146279
   vertex -0.088410981 -0.0081738385 0.033762693
   vertex -0.088410988 -0.008837263 0.033772926
  endloop
 endfacet
 facet normal 0.99999999 -0.00011660259 1.9328893e-05
  outer loop
   vertex -0.088411064 -0.0094891758 0.033785232
   vertex -0.088410988 -0.008837263 0.033772926
   vertex -0.088411002 -0.008858814 0.034404379
  endloop
 endfacet
 facet normal 0.99999999 -0.00011660259 1.9328893e-05
  outer loop
   vertex -0.088411064 -0.0094891758 0.033785232
   vertex -0.088411002 -0.008858814 0.034404379
   vertex -0.088411221 -0.0095001736 0.034417172
  endloop
 endfacet
 facet normal 1 -3.0629431e-05 5.0932956e-07
  outer loop
   vertex -0.088410981 -0.0081738385 0.033762693
   vertex -0.088410982 -0.0081869861 0.034391337
   vertex -0.088411002 -0.008858814 0.034404379
  endloop
 endfacet
 facet normal 1 -3.0629431e-05 5.0932956e-07
  outer loop
   vertex -0.088410981 -0.0081738385 0.033762693
   vertex -0.088411002 -0.008858814 0.034404379
   vertex -0.088410988 -0.008837263 0.033772926
  endloop
 endfacet
 facet normal 0.99999999 -0.00011677433 1.0231252e-05
  outer loop
   vertex -0.088410981 -0.0088367116 0.033146279
   vertex -0.088410988 -0.008837263 0.033772926
   vertex -0.088411064 -0.0094891758 0.033785232
  endloop
 endfacet
 facet normal 0.99999999 -0.00011677433 1.0231252e-05
  outer loop
   vertex -0.088410981 -0.0088367116 0.033146279
   vertex -0.088411064 -0.0094891758 0.033785232
   vertex -0.088410986 -0.0095221755 0.033161826
  endloop
 endfacet
 facet normal -1 -1.3647605e-05 -3.2632715e-05
  outer loop
   vertex -0.082410979 -0.0024882978 0.03374685
   vertex -0.082410988 -0.0018485091 0.033742813
   vertex -0.082410967 -0.0018458732 0.033117085
  endloop
 endfacet
 facet normal -1 -1.3647605e-05 -3.2632715e-05
  outer loop
   vertex -0.082410979 -0.0024882978 0.03374685
   vertex -0.082410967 -0.0018458732 0.033117085
   vertex -0.082410979 -0.0024857494 0.033121178
  endloop
 endfacet
 facet normal -0.99999987 0.00050855746 1.4362364e-05
  outer loop
   vertex -0.082410644 -0.001192168 0.032484253
   vertex -0.082410971 -0.0018362042 0.03248998
   vertex -0.082410967 -0.0018458732 0.033117085
  endloop
 endfacet
 facet normal -0.99999987 0.00050855746 1.4362364e-05
  outer loop
   vertex -0.082410644 -0.001192168 0.032484253
   vertex -0.082410967 -0.0018458732 0.033117085
   vertex -0.082410774 -0.0012054694 0.033111841
  endloop
 endfacet
 facet normal -0.99999987 0.00029802979 -0.00040830989
  outer loop
   vertex -0.082411028 -0.0012008157 0.033736085
   vertex -0.082410774 -0.0012054694 0.033111841
   vertex -0.082410967 -0.0018458732 0.033117085
  endloop
 endfacet
 facet normal -0.99999987 0.00029802979 -0.00040830989
  outer loop
   vertex -0.082411028 -0.0012008157 0.033736085
   vertex -0.082410967 -0.0018458732 0.033117085
   vertex -0.082410988 -0.0018485091 0.033742813
  endloop
 endfacet
 facet normal -0.99999823 0.00014062039 0.0018775424
  outer loop
   vertex -0.082411013 -0.0012094756 0.034989638
   vertex -0.082410934 -0.00055944645 0.034982531
   vertex -0.082412116 -0.00052977552 0.03435121
  endloop
 endfacet
 facet normal -0.99999823 0.00014062039 0.0018775424
  outer loop
   vertex -0.082411013 -0.0012094756 0.034989638
   vertex -0.082412116 -0.00052977552 0.03435121
   vertex -0.082411097 -0.0011981797 0.034361992
  endloop
 endfacet
 facet normal -0.99999949 0.00066069779 -0.00076269655
  outer loop
   vertex -0.082411162 0.00012515136 0.033668249
   vertex -0.082411661 -0.00056288202 0.033726134
   vertex -0.082412116 -0.00052977552 0.03435121
  endloop
 endfacet
 facet normal -0.99999949 0.00066069779 -0.00076269655
  outer loop
   vertex -0.082411162 0.00012515136 0.033668249
   vertex -0.082412116 -0.00052977552 0.03435121
   vertex -0.082411395 0.00028544364 0.034291771
  endloop
 endfacet
 facet normal -0.99999883 -0.0015256642 -0.00010415783
  outer loop
   vertex -0.082411028 -0.0012008157 0.033736085
   vertex -0.082411097 -0.0011981797 0.034361992
   vertex -0.082412116 -0.00052977552 0.03435121
  endloop
 endfacet
 facet normal -0.99999883 -0.0015256642 -0.00010415783
  outer loop
   vertex -0.082411028 -0.0012008157 0.033736085
   vertex -0.082412116 -0.00052977552 0.03435121
   vertex -0.082411661 -0.00056288202 0.033726134
  endloop
 endfacet
 facet normal -1 -2.4961878e-05 5.4539245e-07
  outer loop
   vertex -0.082410979 -0.0024882978 0.03374685
   vertex -0.082410979 -0.002489941 0.034372373
   vertex -0.082410995 -0.0018504861 0.034368659
  endloop
 endfacet
 facet normal -1 -2.4961878e-05 5.4539245e-07
  outer loop
   vertex -0.082410979 -0.0024882978 0.03374685
   vertex -0.082410995 -0.0018504861 0.034368659
   vertex -0.082410988 -0.0018485091 0.033742813
  endloop
 endfacet
 facet normal -0.99999998 -0.00015555349 0.00013176439
  outer loop
   vertex -0.082411013 -0.0012094756 0.034989638
   vertex -0.082411097 -0.0011981797 0.034361992
   vertex -0.082410995 -0.0018504861 0.034368659
  endloop
 endfacet
 facet normal -0.99999998 -0.00015555349 0.00013176439
  outer loop
   vertex -0.082411013 -0.0012094756 0.034989638
   vertex -0.082410995 -0.0018504861 0.034368659
   vertex -0.082410986 -0.0018555306 0.034994969
  endloop
 endfacet
 facet normal -1 -6.2051681e-05 -1.1352104e-05
  outer loop
   vertex -0.082411028 -0.0012008157 0.033736085
   vertex -0.082410988 -0.0018485091 0.033742813
   vertex -0.082410995 -0.0018504861 0.034368659
  endloop
 endfacet
 facet normal -1 -6.2051681e-05 -1.1352104e-05
  outer loop
   vertex -0.082411028 -0.0012008157 0.033736085
   vertex -0.082410995 -0.0018504861 0.034368659
   vertex -0.082411097 -0.0011981797 0.034361992
  endloop
 endfacet
 facet normal -0.99999685 0.0025056733 -0.00015460446
  outer loop
   vertex -0.082410644 -0.001192168 0.032484253
   vertex -0.082410774 -0.0012054694 0.033111841
   vertex -0.082409263 -0.00060265574 0.033107617
  endloop
 endfacet
 facet normal -0.99999685 0.0025056733 -0.00015460446
  outer loop
   vertex -0.082410644 -0.001192168 0.032484253
   vertex -0.082409263 -0.00060265574 0.033107617
   vertex -0.082407159 -0.00059814319 0.032492984
  endloop
 endfacet
 facet normal -0.99997032 -0.0061666739 0.0046186135
  outer loop
   vertex -0.082411162 0.00012515136 0.033668249
   vertex -0.082412917 -2.5192895e-05 0.033087617
   vertex -0.082409263 -0.00060265574 0.033107617
  endloop
 endfacet
 facet normal -0.99997032 -0.0061666739 0.0046186135
  outer loop
   vertex -0.082411162 0.00012515136 0.033668249
   vertex -0.082409263 -0.00060265574 0.033107617
   vertex -0.082411661 -0.00056288202 0.033726134
  endloop
 endfacet
 facet normal -0.99999219 -0.0010516415 -0.0038087036
  outer loop
   vertex -0.082411028 -0.0012008157 0.033736085
   vertex -0.082411661 -0.00056288202 0.033726134
   vertex -0.082409263 -0.00060265574 0.033107617
  endloop
 endfacet
 facet normal -0.99999219 -0.0010516415 -0.0038087036
  outer loop
   vertex -0.082411028 -0.0012008157 0.033736085
   vertex -0.082409263 -0.00060265574 0.033107617
   vertex -0.082410774 -0.0012054694 0.033111841
  endloop
 endfacet
 facet normal -1 2.208022e-09 9.6429428e-07
  outer loop
   vertex -0.082410976 -0.003746765 0.032499142
   vertex -0.082410976 -0.0031162626 0.032497698
   vertex -0.082410977 -0.0031115782 0.031871434
  endloop
 endfacet
 facet normal -1 2.208022e-09 9.6429428e-07
  outer loop
   vertex -0.082410976 -0.003746765 0.032499142
   vertex -0.082410977 -0.0031115782 0.031871434
   vertex -0.082410976 -0.0037448325 0.031873607
  endloop
 endfacet
 facet normal -1 -7.0884003e-05 7.3160842e-07
  outer loop
   vertex -0.082411024 -0.0024578226 0.031238552
   vertex -0.082410978 -0.003105215 0.031244612
   vertex -0.082410977 -0.0031115782 0.031871434
  endloop
 endfacet
 facet normal -1 -7.0884003e-05 7.3160842e-07
  outer loop
   vertex -0.082411024 -0.0024578226 0.031238552
   vertex -0.082410977 -0.0031115782 0.031871434
   vertex -0.082410997 -0.0024701168 0.031867156
  endloop
 endfacet
 facet normal -1 -9.5364809e-07 -4.13269e-09
  outer loop
   vertex -0.082410976 -0.0037421204 0.031247791
   vertex -0.082410976 -0.0037448325 0.031873607
   vertex -0.082410977 -0.0031115782 0.031871434
  endloop
 endfacet
 facet normal -1 -9.5364809e-07 -4.13269e-09
  outer loop
   vertex -0.082410976 -0.0037421204 0.031247791
   vertex -0.082410977 -0.0031115782 0.031871434
   vertex -0.082410978 -0.003105215 0.031244612
  endloop
 endfacet
 facet normal -1 2.2135658e-14 3.8997698e-17
  outer loop
   vertex -0.082410976 -0.0049992879 0.031249595
   vertex -0.082410976 -0.0043723445 0.031249147
   vertex -0.082410976 -0.0043712421 0.030623422
  endloop
 endfacet
 facet normal -1 2.2135658e-14 3.8997698e-17
  outer loop
   vertex -0.082410976 -0.0049992879 0.031249595
   vertex -0.082410976 -0.0043712421 0.030623422
   vertex -0.082410976 -0.0049990505 0.030623915
  endloop
 endfacet
 facet normal -1 -6.3586175e-06 -7.3790177e-09
  outer loop
   vertex -0.08241098 -0.0037362779 0.029994902
   vertex -0.082410976 -0.0043705149 0.029996812
   vertex -0.082410976 -0.0043712421 0.030623422
  endloop
 endfacet
 facet normal -1 -6.3586175e-06 -7.3790177e-09
  outer loop
   vertex -0.08241098 -0.0037362779 0.029994902
   vertex -0.082410976 -0.0043712421 0.030623422
   vertex -0.082410976 -0.0037388608 0.030621624
  endloop
 endfacet
 facet normal -1 -2.1945612e-14 -1.1424069e-16
  outer loop
   vertex -0.082410976 -0.0037421204 0.031247791
   vertex -0.082410976 -0.0037388608 0.030621624
   vertex -0.082410976 -0.0043712421 0.030623422
  endloop
 endfacet
 facet normal -1 -2.1945612e-14 -1.1424069e-16
  outer loop
   vertex -0.082410976 -0.0037421204 0.031247791
   vertex -0.082410976 -0.0043712421 0.030623422
   vertex -0.082410976 -0.0043723445 0.031249147
  endloop
 endfacet
 facet normal -1 4.4131122e-14 -2.2049134e-14
  outer loop
   vertex -0.082410976 -0.003746765 0.032499142
   vertex -0.082410976 -0.0037448325 0.031873607
   vertex -0.082410976 -0.0043733106 0.03187452
  endloop
 endfacet
 facet normal -1 4.4131122e-14 -2.2049134e-14
  outer loop
   vertex -0.082410976 -0.003746765 0.032499142
   vertex -0.082410976 -0.0043733106 0.03187452
   vertex -0.082410976 -0.004373991 0.032499727
  endloop
 endfacet
 facet normal -1 -2.2159911e-14 -9.8994949e-18
  outer loop
   vertex -0.082410976 -0.0049992879 0.031249595
   vertex -0.082410976 -0.0049995672 0.031874837
   vertex -0.082410976 -0.0043733106 0.03187452
  endloop
 endfacet
 facet normal -1 -2.2159911e-14 -9.8994949e-18
  outer loop
   vertex -0.082410976 -0.0049992879 0.031249595
   vertex -0.082410976 -0.0043733106 0.03187452
   vertex -0.082410976 -0.0043723445 0.031249147
  endloop
 endfacet
 facet normal -1 -2.2115976e-14 -4.4416597e-14
  outer loop
   vertex -0.082410976 -0.0037421204 0.031247791
   vertex -0.082410976 -0.0043723445 0.031249147
   vertex -0.082410976 -0.0043733106 0.03187452
  endloop
 endfacet
 facet normal -1 -2.2115976e-14 -4.4416597e-14
  outer loop
   vertex -0.082410976 -0.0037421204 0.031247791
   vertex -0.082410976 -0.0043733106 0.03187452
   vertex -0.082410976 -0.0037448325 0.031873607
  endloop
 endfacet
 facet normal -0.99999997 -0.00020492871 0.00014306182
  outer loop
   vertex -0.082411024 -0.0024578226 0.031238552
   vertex -0.082411117 -0.0024403122 0.030608731
   vertex -0.082410982 -0.003097158 0.03061727
  endloop
 endfacet
 facet normal -0.99999997 -0.00020492871 0.00014306182
  outer loop
   vertex -0.082411024 -0.0024578226 0.031238552
   vertex -0.082410982 -0.003097158 0.03061727
   vertex -0.082410978 -0.003105215 0.031244612
  endloop
 endfacet
 facet normal -1 -8.1712007e-06 6.4011609e-06
  outer loop
   vertex -0.08241098 -0.0037362779 0.029994902
   vertex -0.082410976 -0.0037388608 0.030621624
   vertex -0.082410982 -0.003097158 0.03061727
  endloop
 endfacet
 facet normal -1 -8.1712007e-06 6.4011609e-06
  outer loop
   vertex -0.08241098 -0.0037362779 0.029994902
   vertex -0.082410982 -0.003097158 0.03061727
   vertex -0.082411013 -0.0030903421 0.029989825
  endloop
 endfacet
 facet normal -1 -2.3466424e-06 5.9599234e-06
  outer loop
   vertex -0.082410976 -0.0037421204 0.031247791
   vertex -0.082410978 -0.003105215 0.031244612
   vertex -0.082410982 -0.003097158 0.03061727
  endloop
 endfacet
 facet normal -1 -2.3466424e-06 5.9599234e-06
  outer loop
   vertex -0.082410976 -0.0037421204 0.031247791
   vertex -0.082410982 -0.003097158 0.03061727
   vertex -0.082410976 -0.0037388608 0.030621624
  endloop
 endfacet
 facet normal -1 -3.9148121e-06 -4.5343304e-07
  outer loop
   vertex -0.082410979 -0.0024882978 0.03374685
   vertex -0.082410979 -0.0024857494 0.033121178
   vertex -0.082410976 -0.0031191081 0.033123427
  endloop
 endfacet
 facet normal -1 -3.9148121e-06 -4.5343304e-07
  outer loop
   vertex -0.082410979 -0.0024882978 0.03374685
   vertex -0.082410976 -0.0031191081 0.033123427
   vertex -0.082410976 -0.0031205304 0.033748801
  endloop
 endfacet
 facet normal -1 0 0
  outer loop
   vertex -0.082410976 -0.003746765 0.032499142
   vertex -0.082410976 -0.0037479324 0.033124448
   vertex -0.082410976 -0.0031191081 0.033123427
  endloop
 endfacet
 facet normal -1 0 0
  outer loop
   vertex -0.082410976 -0.003746765 0.032499142
   vertex -0.082410976 -0.0031191081 0.033123427
   vertex -0.082410976 -0.0031162626 0.032497698
  endloop
 endfacet
 facet normal -1 -2.2126714e-14 -2.224148e-14
  outer loop
   vertex -0.082410976 -0.0037485373 0.033749608
   vertex -0.082410976 -0.0031205304 0.033748801
   vertex -0.082410976 -0.0031191081 0.033123427
  endloop
 endfacet
 facet normal -1 -2.2126714e-14 -2.224148e-14
  outer loop
   vertex -0.082410976 -0.0037485373 0.033749608
   vertex -0.082410976 -0.0031191081 0.033123427
   vertex -0.082410976 -0.0037479324 0.033124448
  endloop
 endfacet
 facet normal -1 2.2166557e-14 -2.2191189e-14
  outer loop
   vertex -0.082410976 -0.0037491824 0.034999787
   vertex -0.082410976 -0.0037488883 0.034374707
   vertex -0.082410976 -0.0043747343 0.03437493
  endloop
 endfacet
 facet normal -1 2.2166557e-14 -2.2191189e-14
  outer loop
   vertex -0.082410976 -0.0037491824 0.034999787
   vertex -0.082410976 -0.0043747343 0.03437493
   vertex -0.082410976 -0.0043748358 0.034999957
  endloop
 endfacet
 facet normal -1 3.2366596e-18 2.2203762e-14
  outer loop
   vertex -0.082410976 -0.0050000071 0.033750001
   vertex -0.082410976 -0.0050000805 0.034375021
   vertex -0.082410976 -0.0043747343 0.03437493
  endloop
 endfacet
 facet normal -1 3.2366596e-18 2.2203762e-14
  outer loop
   vertex -0.082410976 -0.0050000071 0.033750001
   vertex -0.082410976 -0.0043747343 0.03437493
   vertex -0.082410976 -0.0043746105 0.033749895
  endloop
 endfacet
 facet normal -1 0 0
  outer loop
   vertex -0.082410976 -0.0037485373 0.033749608
   vertex -0.082410976 -0.0043746105 0.033749895
   vertex -0.082410976 -0.0043747343 0.03437493
  endloop
 endfacet
 facet normal -1 0 0
  outer loop
   vertex -0.082410976 -0.0037485373 0.033749608
   vertex -0.082410976 -0.0043747343 0.03437493
   vertex -0.082410976 -0.0037488883 0.034374707
  endloop
 endfacet
 facet normal -1 -4.3531388e-06 -6.009755e-09
  outer loop
   vertex -0.082410979 -0.0024882978 0.03374685
   vertex -0.082410976 -0.0031205304 0.033748801
   vertex -0.082410976 -0.0031213936 0.034374054
  endloop
 endfacet
 facet normal -1 -4.3531388e-06 -6.009755e-09
  outer loop
   vertex -0.082410979 -0.0024882978 0.03374685
   vertex -0.082410976 -0.0031213936 0.034374054
   vertex -0.082410979 -0.002489941 0.034372373
  endloop
 endfacet
 facet normal -1 1.7882361e-17 2.2196371e-14
  outer loop
   vertex -0.082410976 -0.0037491824 0.034999787
   vertex -0.082410976 -0.0031222366 0.034999282
   vertex -0.082410976 -0.0031213936 0.034374054
  endloop
 endfacet
 facet normal -1 1.7882361e-17 2.2196371e-14
  outer loop
   vertex -0.082410976 -0.0037491824 0.034999787
   vertex -0.082410976 -0.0031213936 0.034374054
   vertex -0.082410976 -0.0037488883 0.034374707
  endloop
 endfacet
 facet normal -1 -4.420927e-14 2.2176116e-14
  outer loop
   vertex -0.082410976 -0.0037485373 0.033749608
   vertex -0.082410976 -0.0037488883 0.034374707
   vertex -0.082410976 -0.0031213936 0.034374054
  endloop
 endfacet
 facet normal -1 -4.420927e-14 2.2176116e-14
  outer loop
   vertex -0.082410976 -0.0037485373 0.033749608
   vertex -0.082410976 -0.0031213936 0.034374054
   vertex -0.082410976 -0.0031205304 0.033748801
  endloop
 endfacet
 facet normal -1 0 0
  outer loop
   vertex -0.082410976 -0.003746765 0.032499142
   vertex -0.082410976 -0.004373991 0.032499727
   vertex -0.082410976 -0.0043743973 0.033124838
  endloop
 endfacet
 facet normal -1 0 0
  outer loop
   vertex -0.082410976 -0.003746765 0.032499142
   vertex -0.082410976 -0.0043743973 0.033124838
   vertex -0.082410976 -0.0037479324 0.033124448
  endloop
 endfacet
 facet normal -1 2.2190381e-14 7.5662198e-18
  outer loop
   vertex -0.082410976 -0.0050000071 0.033750001
   vertex -0.082410976 -0.0043746105 0.033749895
   vertex -0.082410976 -0.0043743973 0.033124838
  endloop
 endfacet
 facet normal -1 2.2190381e-14 7.5662198e-18
  outer loop
   vertex -0.082410976 -0.0050000071 0.033750001
   vertex -0.082410976 -0.0043743973 0.033124838
   vertex -0.082410976 -0.0049999207 0.033124977
  endloop
 endfacet
 facet normal -1 0 -0
  outer loop
   vertex -0.082410976 -0.0037485373 0.033749608
   vertex -0.082410976 -0.0037479324 0.033124448
   vertex -0.082410976 -0.0043743973 0.033124838
  endloop
 endfacet
 facet normal -1 0 -0
  outer loop
   vertex -0.082410976 -0.0037485373 0.033749608
   vertex -0.082410976 -0.0043743973 0.033124838
   vertex -0.082410976 -0.0043746105 0.033749895
  endloop
 endfacet
 facet normal -1 6.0525108e-06 1.0995382e-05
  outer loop
   vertex -0.082410977 -0.0075269402 0.036257311
   vertex -0.082410981 -0.0081750842 0.036264166
   vertex -0.082410974 -0.0081705099 0.036888436
  endloop
 endfacet
 facet normal -1 6.0525108e-06 1.0995382e-05
  outer loop
   vertex -0.082410977 -0.0075269402 0.036257311
   vertex -0.082410974 -0.0081705099 0.036888436
   vertex -0.082410976 -0.0075296524 0.036883061
  endloop
 endfacet
 facet normal -1 -7.5852838e-06 -3.3491014e-06
  outer loop
   vertex -0.082410971 -0.0087785291 0.03750747
   vertex -0.082410976 -0.0081840521 0.037516081
   vertex -0.082410974 -0.0081705099 0.036888436
  endloop
 endfacet
 facet normal -1 -7.5852838e-06 -3.3491014e-06
  outer loop
   vertex -0.082410971 -0.0087785291 0.03750747
   vertex -0.082410974 -0.0081705099 0.036888436
   vertex -0.08241094 -0.0087739481 0.036892849
  endloop
 endfacet
 facet normal -0.99999998 -5.4417536e-05 0.00018957154
  outer loop
   vertex -0.082411055 -0.0088138109 0.036274348
   vertex -0.08241094 -0.0087739481 0.036892849
   vertex -0.082410974 -0.0081705099 0.036888436
  endloop
 endfacet
 facet normal -0.99999998 -5.4417536e-05 0.00018957154
  outer loop
   vertex -0.082411055 -0.0088138109 0.036274348
   vertex -0.082410974 -0.0081705099 0.036888436
   vertex -0.082410981 -0.0081750842 0.036264166
  endloop
 endfacet
 facet normal -0.9999997 -0.00046102599 -0.00061850039
  outer loop
   vertex -0.082410979 -0.0088168995 0.035017829
   vertex -0.082410698 -0.0094158879 0.035010128
   vertex -0.082411013 -0.0096729655 0.035711584
  endloop
 endfacet
 facet normal -0.9999997 -0.00046102599 -0.00061850039
  outer loop
   vertex -0.082410979 -0.0088168995 0.035017829
   vertex -0.082411013 -0.0096729655 0.035711584
   vertex -0.082411302 -0.0088472165 0.035649308
  endloop
 endfacet
 facet normal -0.99999986 -0.00031839538 0.00041201748
  outer loop
   vertex -0.082411055 -0.0088138109 0.036274348
   vertex -0.082411302 -0.0088472165 0.035649308
   vertex -0.082411013 -0.0096729655 0.035711584
  endloop
 endfacet
 facet normal -0.99999986 -0.00031839538 0.00041201748
  outer loop
   vertex -0.082411055 -0.0088138109 0.036274348
   vertex -0.082411013 -0.0096729655 0.035711584
   vertex -0.082410986 -0.0095077126 0.036333777
  endloop
 endfacet
 facet normal -1 3.1315182e-05 2.0136419e-06
  outer loop
   vertex -0.082410977 -0.0075269402 0.036257311
   vertex -0.082410978 -0.0075249038 0.035631445
   vertex -0.082410998 -0.0081776699 0.035638233
  endloop
 endfacet
 facet normal -1 3.1315182e-05 2.0136419e-06
  outer loop
   vertex -0.082410977 -0.0075269402 0.036257311
   vertex -0.082410998 -0.0081776699 0.035638233
   vertex -0.082410981 -0.0081750842 0.036264166
  endloop
 endfacet
 facet normal -0.99999978 0.00044537827 -0.00049010314
  outer loop
   vertex -0.082410979 -0.0088168995 0.035017829
   vertex -0.082411302 -0.0088472165 0.035649308
   vertex -0.082410998 -0.0081776699 0.035638233
  endloop
 endfacet
 facet normal -0.99999978 0.00044537827 -0.00049010314
  outer loop
   vertex -0.082410979 -0.0088168995 0.035017829
   vertex -0.082410998 -0.0081776699 0.035638233
   vertex -0.08241098 -0.0081662141 0.035010546
  endloop
 endfacet
 facet normal -0.99999999 0.00011710678 2.7916705e-05
  outer loop
   vertex -0.082411055 -0.0088138109 0.036274348
   vertex -0.082410981 -0.0081750842 0.036264166
   vertex -0.082410998 -0.0081776699 0.035638233
  endloop
 endfacet
 facet normal -0.99999999 0.00011710678 2.7916705e-05
  outer loop
   vertex -0.082411055 -0.0088138109 0.036274348
   vertex -0.082410998 -0.0081776699 0.035638233
   vertex -0.082411302 -0.0088472165 0.035649308
  endloop
 endfacet
 facet normal -0.99999998 0.00017813736 -4.9330294e-05
  outer loop
   vertex -0.082410971 -0.0087785291 0.03750747
   vertex -0.08241094 -0.0087739481 0.036892849
   vertex -0.082411044 -0.0093528508 0.036913199
  endloop
 endfacet
 facet normal -0.99999998 0.00017813736 -4.9330294e-05
  outer loop
   vertex -0.082410971 -0.0087785291 0.03750747
   vertex -0.082411044 -0.0093528508 0.036913199
   vertex -0.082410987 -0.0092033298 0.037471223
  endloop
 endfacet
 facet normal -0.99999999 -0.00010505309 -7.1495267e-05
  outer loop
   vertex -0.082411055 -0.0088138109 0.036274348
   vertex -0.082410986 -0.0095077126 0.036333777
   vertex -0.082411044 -0.0093528508 0.036913199
  endloop
 endfacet
 facet normal -0.99999999 -0.00010505309 -7.1495267e-05
  outer loop
   vertex -0.082411055 -0.0088138109 0.036274348
   vertex -0.082411044 -0.0093528508 0.036913199
   vertex -0.08241094 -0.0087739481 0.036892849
  endloop
 endfacet
 facet normal 1 0 0
  outer loop
   vertex -0.088410981 -0.0031242368 0.03874982
   vertex -0.088410981 -0.0037499947 0.038750002
   vertex -0.088410981 -0.003749818 0.038124959
  endloop
 endfacet
 facet normal 1 0 0
  outer loop
   vertex -0.088410981 -0.0031242368 0.03874982
   vertex -0.088410981 -0.003749818 0.038124959
   vertex -0.088410981 -0.0031238094 0.038124714
  endloop
 endfacet
 facet normal 1 0 0
  outer loop
   vertex -0.088410981 -0.0037501974 0.039375048
   vertex -0.088410981 -0.0043761768 0.039375289
   vertex -0.088410981 -0.004375717 0.03875018
  endloop
 endfacet
 facet normal 1 0 0
  outer loop
   vertex -0.088410981 -0.0037501974 0.039375048
   vertex -0.088410981 -0.004375717 0.03875018
   vertex -0.088410981 -0.0037499947 0.038750002
  endloop
 endfacet
 facet normal 1 0 0
  outer loop
   vertex -0.088410981 -0.003749818 0.038124959
   vertex -0.088410981 -0.0037499947 0.038750002
   vertex -0.088410981 -0.004375717 0.03875018
  endloop
 endfacet
 facet normal 1 0 0
  outer loop
   vertex -0.088410981 -0.003749818 0.038124959
   vertex -0.088410981 -0.004375717 0.03875018
   vertex -0.088410981 -0.0043754384 0.038125111
  endloop
 endfacet
 facet normal 1 0 0
  outer loop
   vertex -0.088410981 -0.0031242368 0.03874982
   vertex -0.088410981 -0.0031245772 0.039374901
   vertex -0.088410981 -0.0037501974 0.039375048
  endloop
 endfacet
 facet normal 1 0 0
  outer loop
   vertex -0.088410981 -0.0031242368 0.03874982
   vertex -0.088410981 -0.0037501974 0.039375048
   vertex -0.088410981 -0.0037499947 0.038750002
  endloop
 endfacet
 facet normal 1 0 0
  outer loop
   vertex -0.088410981 -0.003749492 0.036874874
   vertex -0.088410981 -0.0037492501 0.03624981
   vertex -0.088410981 -0.0031221761 0.036249277
  endloop
 endfacet
 facet normal 1 0 0
  outer loop
   vertex -0.088410981 -0.003749492 0.036874874
   vertex -0.088410981 -0.0031221761 0.036249277
   vertex -0.088410981 -0.0031228819 0.03687447
  endloop
 endfacet
 facet normal 1 0 0
  outer loop
   vertex -0.088410981 -0.0043749846 0.036249997
   vertex -0.088410981 -0.0043748381 0.03562496
   vertex -0.088410981 -0.0037488939 0.035624719
  endloop
 endfacet
 facet normal 1 0 0
  outer loop
   vertex -0.088410981 -0.0043749846 0.036249997
   vertex -0.088410981 -0.0037488939 0.035624719
   vertex -0.088410981 -0.0037492501 0.03624981
  endloop
 endfacet
 facet normal 1 0 0
  outer loop
   vertex -0.088410981 -0.0031221761 0.036249277
   vertex -0.088410981 -0.0037492501 0.03624981
   vertex -0.088410981 -0.0037488939 0.035624719
  endloop
 endfacet
 facet normal 1 0 0
  outer loop
   vertex -0.088410981 -0.0031221761 0.036249277
   vertex -0.088410981 -0.0037488939 0.035624719
   vertex -0.088410981 -0.0031210975 0.035624
  endloop
 endfacet
 facet normal 1 0 0
  outer loop
   vertex -0.088410981 -0.003749492 0.036874874
   vertex -0.088410981 -0.004375126 0.036875032
   vertex -0.088410981 -0.0043749846 0.036249997
  endloop
 endfacet
 facet normal 1 0 0
  outer loop
   vertex -0.088410981 -0.003749492 0.036874874
   vertex -0.088410981 -0.0043749846 0.036249997
   vertex -0.088410981 -0.0037492501 0.03624981
  endloop
 endfacet
 facet normal -1 3.219827e-06 -7.978311e-08
  outer loop
   vertex -0.082410976 -0.0075136477 0.033753653
   vertex -0.082410976 -0.0075118323 0.033128045
   vertex -0.082410978 -0.0081540016 0.033132416
  endloop
 endfacet
 facet normal -1 3.219827e-06 -7.978311e-08
  outer loop
   vertex -0.082410976 -0.0075136477 0.033753653
   vertex -0.082410978 -0.0081540016 0.033132416
   vertex -0.082410977 -0.0081565485 0.033758538
  endloop
 endfacet
 facet normal -1 4.1165421e-05 -3.7641162e-05
  outer loop
   vertex -0.082410981 -0.0087968518 0.032511393
   vertex -0.082411006 -0.0088117811 0.033140424
   vertex -0.082410978 -0.0081540016 0.033132416
  endloop
 endfacet
 facet normal -1 4.1165421e-05 -3.7641162e-05
  outer loop
   vertex -0.082410981 -0.0087968518 0.032511393
   vertex -0.082410978 -0.0081540016 0.033132416
   vertex -0.082410977 -0.0081473761 0.032505487
  endloop
 endfacet
 facet normal -1 1.3750559e-05 1.9252944e-06
  outer loop
   vertex -0.082410986 -0.0088103093 0.033767012
   vertex -0.082410977 -0.0081565485 0.033758538
   vertex -0.082410978 -0.0081540016 0.033132416
  endloop
 endfacet
 facet normal -1 1.3750559e-05 1.9252944e-06
  outer loop
   vertex -0.082410986 -0.0088103093 0.033767012
   vertex -0.082410978 -0.0081540016 0.033132416
   vertex -0.082411006 -0.0088117811 0.033140424
  endloop
 endfacet
 facet normal -0.99999998 -0.00018788535 -2.1378777e-05
  outer loop
   vertex -0.082410979 -0.0088168995 0.035017829
   vertex -0.082410968 -0.0088053831 0.034391194
   vertex -0.082410853 -0.0094178447 0.034398287
  endloop
 endfacet
 facet normal -0.99999998 -0.00018788535 -2.1378777e-05
  outer loop
   vertex -0.082410979 -0.0088168995 0.035017829
   vertex -0.082410853 -0.0094178447 0.034398287
   vertex -0.082410698 -0.0094158879 0.035010128
  endloop
 endfacet
 facet normal -0.99999983 0.00044636896 -0.00036819302
  outer loop
   vertex -0.082410987 -0.010174507 0.033844975
   vertex -0.082411131 -0.010019716 0.034424416
   vertex -0.082410853 -0.0094178447 0.034398287
  endloop
 endfacet
 facet normal -0.99999983 0.00044636896 -0.00036819302
  outer loop
   vertex -0.082410987 -0.010174507 0.033844975
   vertex -0.082410853 -0.0094178447 0.034398287
   vertex -0.082411102 -0.0094584128 0.0337801
  endloop
 endfacet
 facet normal -0.99999991 0.00018652493 0.00039073478
  outer loop
   vertex -0.082410986 -0.0088103093 0.033767012
   vertex -0.082411102 -0.0094584128 0.0337801
   vertex -0.082410853 -0.0094178447 0.034398287
  endloop
 endfacet
 facet normal -0.99999991 0.00018652493 0.00039073478
  outer loop
   vertex -0.082410986 -0.0088103093 0.033767012
   vertex -0.082410853 -0.0094178447 0.034398287
   vertex -0.082410968 -0.0088053831 0.034391194
  endloop
 endfacet
 facet normal -1 1.3161684e-06 8.9016504e-07
  outer loop
   vertex -0.082410976 -0.0075136477 0.033753653
   vertex -0.082410977 -0.0081565485 0.033758538
   vertex -0.082410977 -0.0081587212 0.034384132
  endloop
 endfacet
 facet normal -1 1.3161684e-06 8.9016504e-07
  outer loop
   vertex -0.082410976 -0.0075136477 0.033753653
   vertex -0.082410977 -0.0081587212 0.034384132
   vertex -0.082410976 -0.0075157349 0.034379192
  endloop
 endfacet
 facet normal -1 -1.6774111e-06 -5.4361164e-06
  outer loop
   vertex -0.082410979 -0.0088168995 0.035017829
   vertex -0.08241098 -0.0081662141 0.035010546
   vertex -0.082410977 -0.0081587212 0.034384132
  endloop
 endfacet
 facet normal -1 -1.6774111e-06 -5.4361164e-06
  outer loop
   vertex -0.082410979 -0.0088168995 0.035017829
   vertex -0.082410977 -0.0081587212 0.034384132
   vertex -0.082410968 -0.0088053831 0.034391194
  endloop
 endfacet
 facet normal -1 -1.3427311e-05 2.9615599e-05
  outer loop
   vertex -0.082410986 -0.0088103093 0.033767012
   vertex -0.082410968 -0.0088053831 0.034391194
   vertex -0.082410977 -0.0081587212 0.034384132
  endloop
 endfacet
 facet normal -1 -1.3427311e-05 2.9615599e-05
  outer loop
   vertex -0.082410986 -0.0088103093 0.033767012
   vertex -0.082410977 -0.0081587212 0.034384132
   vertex -0.082410977 -0.0081565485 0.033758538
  endloop
 endfacet
 facet normal -0.99999981 9.6649505e-06 -0.00061580632
  outer loop
   vertex -0.082410981 -0.0087968518 0.032511393
   vertex -0.082410993 -0.0094534112 0.032519488
   vertex -0.082411384 -0.0094906124 0.033153748
  endloop
 endfacet
 facet normal -0.99999981 9.6649505e-06 -0.00061580632
  outer loop
   vertex -0.082410981 -0.0087968518 0.032511393
   vertex -0.082411384 -0.0094906124 0.033153748
   vertex -0.082411006 -0.0088117811 0.033140424
  endloop
 endfacet
 facet normal -0.99999989 -0.00011940426 0.00045601613
  outer loop
   vertex -0.082410987 -0.010174507 0.033844975
   vertex -0.082411102 -0.0094584128 0.0337801
   vertex -0.082411384 -0.0094906124 0.033153748
  endloop
 endfacet
 facet normal -0.99999989 -0.00011940426 0.00045601613
  outer loop
   vertex -0.082410987 -0.010174507 0.033844975
   vertex -0.082411384 -0.0094906124 0.033153748
   vertex -0.082411015 -0.010339559 0.033222729
  endloop
 endfacet
 facet normal -0.99999984 0.00055739623 2.9933521e-05
  outer loop
   vertex -0.082410986 -0.0088103093 0.033767012
   vertex -0.082411006 -0.0088117811 0.033140424
   vertex -0.082411384 -0.0094906124 0.033153748
  endloop
 endfacet
 facet normal -0.99999984 0.00055739623 2.9933521e-05
  outer loop
   vertex -0.082410986 -0.0088103093 0.033767012
   vertex -0.082411384 -0.0094906124 0.033153748
   vertex -0.082411102 -0.0094584128 0.0337801
  endloop
 endfacet
 facet normal 1 -7.4026888e-06 1.6974854e-05
  outer loop
   vertex -0.088410965 -0.0030891096 0.031240366
   vertex -0.088410976 -0.003099382 0.031868279
   vertex -0.088410981 -0.0037399343 0.031872324
  endloop
 endfacet
 facet normal 1 -7.4026888e-06 1.6974854e-05
  outer loop
   vertex -0.088410965 -0.0030891096 0.031240366
   vertex -0.088410981 -0.0037399343 0.031872324
   vertex -0.088410981 -0.0037356335 0.031246033
  endloop
 endfacet
 facet normal 1 0 0
  outer loop
   vertex -0.088410981 -0.0037313167 0.030619388
   vertex -0.088410981 -0.0037356335 0.031246033
   vertex -0.088410981 -0.0043701236 0.031248458
  endloop
 endfacet
 facet normal 1 0 0
  outer loop
   vertex -0.088410981 -0.0037313167 0.030619388
   vertex -0.088410981 -0.0043701236 0.031248458
   vertex -0.088410981 -0.0043686527 0.030622292
  endloop
 endfacet
 facet normal 1 -6.1193379e-17 -2.2183003e-14
  outer loop
   vertex -0.088410981 -0.0037399343 0.031872324
   vertex -0.088410981 -0.0043716599 0.031874067
   vertex -0.088410981 -0.0043701236 0.031248458
  endloop
 endfacet
 facet normal 1 -6.1193379e-17 -2.2183003e-14
  outer loop
   vertex -0.088410981 -0.0037399343 0.031872324
   vertex -0.088410981 -0.0043701236 0.031248458
   vertex -0.088410981 -0.0037356335 0.031246033
  endloop
 endfacet
 facet normal 1 -2.4045811e-05 -1.6564334e-07
  outer loop
   vertex -0.088410965 -0.0030891096 0.031240366
   vertex -0.088410981 -0.0037356335 0.031246033
   vertex -0.088410981 -0.0037313167 0.030619388
  endloop
 endfacet
 facet normal 1 -2.4045811e-05 -1.6564334e-07
  outer loop
   vertex -0.088410965 -0.0030891096 0.031240366
   vertex -0.088410981 -0.0037313167 0.030619388
   vertex -0.088410946 -0.0030783757 0.030612232
  endloop
 endfacet
 facet normal 1 1.0150555e-05 -2.3723247e-05
  outer loop
   vertex -0.088411003 -0.0011417992 0.033095666
   vertex -0.088410988 -0.0011685422 0.033728376
   vertex -0.088410981 -0.001827958 0.033737644
  endloop
 endfacet
 facet normal 1 1.0150555e-05 -2.3723247e-05
  outer loop
   vertex -0.088411003 -0.0011417992 0.033095666
   vertex -0.088410981 -0.001827958 0.033737644
   vertex -0.088410982 -0.0018116041 0.03310819
  endloop
 endfacet
 facet normal 0.99999999 0.00016248644 2.1808981e-05
  outer loop
   vertex -0.088411077 -0.00052439603 0.033718182
   vertex -0.088411095 -0.0004976736 0.034342851
   vertex -0.088410986 -0.0011723699 0.034355721
  endloop
 endfacet
 facet normal 0.99999999 0.00016248644 2.1808981e-05
  outer loop
   vertex -0.088411077 -0.00052439603 0.033718182
   vertex -0.088410986 -0.0011723699 0.034355721
   vertex -0.088410988 -0.0011685422 0.033728376
  endloop
 endfacet
 facet normal 1 7.4200273e-06 -2.3480864e-08
  outer loop
   vertex -0.088410986 -0.0011723699 0.034355721
   vertex -0.088410981 -0.0018349939 0.034364851
   vertex -0.088410981 -0.001827958 0.033737644
  endloop
 endfacet
 facet normal 1 7.4200273e-06 -2.3480864e-08
  outer loop
   vertex -0.088410986 -0.0011723699 0.034355721
   vertex -0.088410981 -0.001827958 0.033737644
   vertex -0.088410988 -0.0011685422 0.033728376
  endloop
 endfacet
 facet normal 0.99999991 0.0003629902 -0.00024107539
  outer loop
   vertex -0.088411003 -0.0011417992 0.033095666
   vertex -0.088411242 -0.00049357281 0.033081019
   vertex -0.088411077 -0.00052439603 0.033718182
  endloop
 endfacet
 facet normal 0.99999991 0.0003629902 -0.00024107539
  outer loop
   vertex -0.088411003 -0.0011417992 0.033095666
   vertex -0.088411077 -0.00052439603 0.033718182
   vertex -0.088410988 -0.0011685422 0.033728376
  endloop
 endfacet
 facet normal 1 -2.183929e-14 2.2030526e-14
  outer loop
   vertex -0.088410981 -0.0037454397 0.033123809
   vertex -0.088410981 -0.0031121712 0.033121646
   vertex -0.088410981 -0.0031161057 0.03374768
  endloop
 endfacet
 facet normal 1 -2.183929e-14 2.2030526e-14
  outer loop
   vertex -0.088410981 -0.0037454397 0.033123809
   vertex -0.088410981 -0.0031161057 0.03374768
   vertex -0.088410981 -0.003746994 0.033749218
  endloop
 endfacet
 facet normal 1 0 0
  outer loop
   vertex -0.088410981 -0.0037479084 0.034374466
   vertex -0.088410981 -0.0043744902 0.03437487
   vertex -0.088410981 -0.0043741742 0.033749785
  endloop
 endfacet
 facet normal 1 0 0
  outer loop
   vertex -0.088410981 -0.0037479084 0.034374466
   vertex -0.088410981 -0.0043741742 0.033749785
   vertex -0.088410981 -0.003746994 0.033749218
  endloop
 endfacet
 facet normal 1 0 0
  outer loop
   vertex -0.088410981 -0.0037454397 0.033123809
   vertex -0.088410981 -0.003746994 0.033749218
   vertex -0.088410981 -0.0043741742 0.033749785
  endloop
 endfacet
 facet normal 1 0 0
  outer loop
   vertex -0.088410981 -0.0037454397 0.033123809
   vertex -0.088410981 -0.0043741742 0.033749785
   vertex -0.088410981 -0.0043736444 0.033124644
  endloop
 endfacet
 facet normal 1 0 0
  outer loop
   vertex -0.088410981 -0.0031161057 0.03374768
   vertex -0.088410981 -0.0031184058 0.034373312
   vertex -0.088410981 -0.0037479084 0.034374466
  endloop
 endfacet
 facet normal 1 0 0
  outer loop
   vertex -0.088410981 -0.0031161057 0.03374768
   vertex -0.088410981 -0.0037479084 0.034374466
   vertex -0.088410981 -0.003746994 0.033749218
  endloop
 endfacet
 facet normal 0.99999995 -0.00014333428 0.0002757148
  outer loop
   vertex -0.088411259 -0.0088526821 0.036911214
   vertex -0.088411083 -0.0088419066 0.036279259
   vertex -0.088410989 -0.008199399 0.036269561
  endloop
 endfacet
 facet normal 0.99999995 -0.00014333428 0.0002757148
  outer loop
   vertex -0.088411259 -0.0088526821 0.036911214
   vertex -0.088410989 -0.008199399 0.036269561
   vertex -0.088411008 -0.0082193216 0.036900529
  endloop
 endfacet
 facet normal 0.99999984 0.00053624026 0.00020569063
  outer loop
   vertex -0.088410899 -0.0095080797 0.036333875
   vertex -0.088410682 -0.0096746925 0.035712047
   vertex -0.088411099 -0.0088753065 0.035656463
  endloop
 endfacet
 facet normal 0.99999984 0.00053624026 0.00020569063
  outer loop
   vertex -0.088410899 -0.0095080797 0.036333875
   vertex -0.088411099 -0.0088753065 0.035656463
   vertex -0.088411083 -0.0088419066 0.036279259
  endloop
 endfacet
 facet normal -3.1679545e-05 0.96594526 -0.25874649
  outer loop
   vertex -0.088410899 -0.0095080797 0.036333875
   vertex -0.08766006 -0.0095140405 0.03631153
   vertex -0.087635388 -0.0097486611 0.035435648
  endloop
 endfacet
 facet normal -3.1679545e-05 0.96594526 -0.25874649
  outer loop
   vertex -0.088410899 -0.0095080797 0.036333875
   vertex -0.087635388 -0.0097486611 0.035435648
   vertex -0.088136248 -0.0097535859 0.035415145
  endloop
 endfacet
 facet normal -3.1679545e-05 0.96594526 -0.25874649
  outer loop
   vertex -0.088410899 -0.0095080797 0.036333875
   vertex -0.088136248 -0.0097535859 0.035415145
   vertex -0.088410682 -0.0096746925 0.035712047
  endloop
 endfacet
 facet normal 0.99999999 -0.00016727973 3.9520024e-06
  outer loop
   vertex -0.088411099 -0.0088753065 0.035656463
   vertex -0.088410986 -0.0081999125 0.03564346
   vertex -0.088410989 -0.008199399 0.036269561
  endloop
 endfacet
 facet normal 0.99999999 -0.00016727973 3.9520024e-06
  outer loop
   vertex -0.088411099 -0.0088753065 0.035656463
   vertex -0.088410989 -0.008199399 0.036269561
   vertex -0.088411083 -0.0088419066 0.036279259
  endloop
 endfacet
 facet normal 0.99999903 0.0011876708 -0.00072489021
  outer loop
   vertex -0.088411259 -0.0088526821 0.036911214
   vertex -0.088410664 -0.0093528488 0.036913198
   vertex -0.088410899 -0.0095080797 0.036333875
  endloop
 endfacet
 facet normal 0.99999903 0.0011876708 -0.00072489021
  outer loop
   vertex -0.088411259 -0.0088526821 0.036911214
   vertex -0.088410899 -0.0095080797 0.036333875
   vertex -0.088411083 -0.0088419066 0.036279259
  endloop
 endfacet
 facet normal -0.00015664039 0.96592511 -0.25882167
  outer loop
   vertex -0.088410899 -0.0095080797 0.036333875
   vertex -0.088410664 -0.0093528488 0.036913198
   vertex -0.087665539 -0.0093626215 0.036876275
  endloop
 endfacet
 facet normal -0.00015664039 0.96592511 -0.25882167
  outer loop
   vertex -0.088410899 -0.0095080797 0.036333875
   vertex -0.087665539 -0.0093626215 0.036876275
   vertex -0.08766006 -0.0095140405 0.03631153
  endloop
 endfacet
 facet normal -0.0029638694 -0.96222341 0.27224496
  outer loop
   vertex -0.087661228 0.0011684189 0.037548419
   vertex -0.088407044 0.0011588979 0.037506648
   vertex -0.088135144 0.0010360312 0.037075348
  endloop
 endfacet
 facet normal -0.0029638694 -0.96222341 0.27224496
  outer loop
   vertex -0.087661228 0.0011684189 0.037548419
   vertex -0.088135144 0.0010360312 0.037075348
   vertex -0.087632641 0.0010354334 0.037052004
  endloop
 endfacet
 facet normal -0.00016155792 0.96592636 -0.25881701
  outer loop
   vertex -0.088410659 -0.0064966079 0.047572823
   vertex -0.088410661 -0.0063307224 0.048191921
   vertex -0.087660844 -0.0063366082 0.048169486
  endloop
 endfacet
 facet normal -0.00016155792 0.96592636 -0.25881701
  outer loop
   vertex -0.088410659 -0.0064966079 0.047572823
   vertex -0.087660844 -0.0063366082 0.048169486
   vertex -0.087640378 -0.0065687683 0.047303158
  endloop
 endfacet
 facet normal -0.00016155792 0.96592636 -0.25881701
  outer loop
   vertex -0.088410659 -0.0064966079 0.047572823
   vertex -0.087640378 -0.0065687683 0.047303158
   vertex -0.088140466 -0.0065719025 0.047289269
  endloop
 endfacet
 facet normal -0.00017738565 0.96579379 -0.25931124
  outer loop
   vertex -0.087660489 -0.0061922535 0.048707129
   vertex -0.087660844 -0.0063366082 0.048169486
   vertex -0.088410661 -0.0063307224 0.048191921
  endloop
 endfacet
 facet normal -0.00017738565 0.96579379 -0.25931124
  outer loop
   vertex -0.087660489 -0.0061922535 0.048707129
   vertex -0.088410661 -0.0063307224 0.048191921
   vertex -0.088409541 -0.0061813484 0.048749368
  endloop
 endfacet
 facet normal -0.12929174 0.89742919 -0.42178726
  outer loop
   vertex -0.088139328 -0.0060543918 0.049188908
   vertex -0.088409668 -0.0059440303 0.04950659
   vertex -0.088410745 -0.0056733895 0.050082758
  endloop
 endfacet
 facet normal -0.12929174 0.89742919 -0.42178726
  outer loop
   vertex -0.088139328 -0.0060543918 0.049188908
   vertex -0.088410745 -0.0056733895 0.050082758
   vertex -0.087670465 -0.0057102647 0.05001313
  endloop
 endfacet
 facet normal -0.12929174 0.89742919 -0.42178726
  outer loop
   vertex -0.088139328 -0.0060543918 0.049188908
   vertex -0.087670465 -0.0057102647 0.05001313
   vertex -0.087635266 -0.0060515352 0.049204985
  endloop
 endfacet
 facet normal 0.99999817 0.00076070233 -0.0017566393
  outer loop
   vertex -0.088410661 -0.0063307224 0.048191921
   vertex -0.0884111 -0.0057941084 0.048174584
   vertex -0.088409597 -0.0061150465 0.04889099
  endloop
 endfacet
 facet normal 0.99999817 0.00076070233 -0.0017566393
  outer loop
   vertex -0.088410661 -0.0063307224 0.048191921
   vertex -0.088409597 -0.0061150465 0.04889099
   vertex -0.088409541 -0.0061813484 0.048749368
  endloop
 endfacet
 facet normal 0.99993278 0.010582717 -0.0047373365
  outer loop
   vertex -0.088409596 -0.0066333722 0.04697783
   vertex -0.088409539 -0.0066818299 0.046881586
   vertex -0.088410673 -0.0068416309 0.046285192
  endloop
 endfacet
 facet normal 0.99993278 0.010582717 -0.0047373365
  outer loop
   vertex -0.088409596 -0.0066333722 0.04697783
   vertex -0.088410673 -0.0068416309 0.046285192
   vertex -0.088411259 -0.006365554 0.046290088
  endloop
 endfacet
 facet normal -0.0004511735 0.96592679 -0.25881504
  outer loop
   vertex -0.088410673 -0.0068416309 0.046285192
   vertex -0.088409539 -0.0066818299 0.046881586
   vertex -0.087668771 -0.0066983937 0.046818476
  endloop
 endfacet
 facet normal -0.0004511735 0.96592679 -0.25881504
  outer loop
   vertex -0.088410673 -0.0068416309 0.046285192
   vertex -0.087668771 -0.0066983937 0.046818476
   vertex -0.087666979 -0.0068506786 0.04625098
  endloop
 endfacet
 facet normal 0.99999989 -0.00039322274 0.00026560249
  outer loop
   vertex -0.088411005 -0.0057269468 0.046277742
   vertex -0.088411259 -0.006365554 0.046290088
   vertex -0.088411081 -0.0063429033 0.045654581
  endloop
 endfacet
 facet normal 0.99999989 -0.00039322274 0.00026560249
  outer loop
   vertex -0.088411005 -0.0057269468 0.046277742
   vertex -0.088411081 -0.0063429033 0.045654581
   vertex -0.088410988 -0.0057021437 0.045645341
  endloop
 endfacet
 facet normal 0.99999987 0.00023887428 -0.00045868731
  outer loop
   vertex -0.088410673 -0.0068416309 0.046285192
   vertex -0.088410902 -0.0069968616 0.045705869
   vertex -0.088411081 -0.0063429033 0.045654581
  endloop
 endfacet
 facet normal 0.99999987 0.00023887428 -0.00045868731
  outer loop
   vertex -0.088410673 -0.0068416309 0.046285192
   vertex -0.088411081 -0.0063429033 0.045654581
   vertex -0.088411259 -0.006365554 0.046290088
  endloop
 endfacet
 facet normal -3.3753657e-05 0.96592521 -0.25882136
  outer loop
   vertex -0.087661459 -0.0070025248 0.045684636
   vertex -0.088410902 -0.0069968616 0.045705869
   vertex -0.088410673 -0.0068416309 0.046285192
  endloop
 endfacet
 facet normal -3.3753657e-05 0.96592521 -0.25882136
  outer loop
   vertex -0.087661459 -0.0070025248 0.045684636
   vertex -0.088410673 -0.0068416309 0.046285192
   vertex -0.087666979 -0.0068506786 0.04625098
  endloop
 endfacet
 facet normal 0.99999654 -0.00044849169 -0.0025933879
  outer loop
   vertex -0.088409596 -0.0066333722 0.04697783
   vertex -0.088411259 -0.006365554 0.046290088
   vertex -0.088411005 -0.0057269468 0.046277742
  endloop
 endfacet
 facet normal 0.99999654 -0.00044849169 -0.0025933879
  outer loop
   vertex -0.088409596 -0.0066333722 0.04697783
   vertex -0.088411005 -0.0057269468 0.046277742
   vertex -0.088410849 -0.0057810655 0.04691807
  endloop
 endfacet
 facet normal -0.99999994 0.0002615421 0.0002184982
  outer loop
   vertex -0.082410985 -0.0063095855 0.04251486
   vertex -0.08241116 -0.0069861545 0.04252764
   vertex -0.082411014 -0.0069527732 0.043153365
  endloop
 endfacet
 facet normal -0.99999994 0.0002615421 0.0002184982
  outer loop
   vertex -0.082410985 -0.0063095855 0.04251486
   vertex -0.082411014 -0.0069527732 0.043153365
   vertex -0.082410978 -0.0063071798 0.043141098
  endloop
 endfacet
 facet normal -0.99999998 0.00014790871 0.00010874286
  outer loop
   vertex -0.082411026 -0.0075084997 0.043796411
   vertex -0.082410941 -0.0069113935 0.043771387
   vertex -0.082411014 -0.0069527732 0.043153365
  endloop
 endfacet
 facet normal -0.99999998 0.00014790871 0.00010874286
  outer loop
   vertex -0.082411026 -0.0075084997 0.043796411
   vertex -0.082411014 -0.0069527732 0.043153365
   vertex -0.082410981 -0.0076635326 0.043217035
  endloop
 endfacet
 facet normal -1 5.6458198e-05 4.0996128e-06
  outer loop
   vertex -0.082410975 -0.0063016667 0.043765128
   vertex -0.082410978 -0.0063071798 0.043141098
   vertex -0.082411014 -0.0069527732 0.043153365
  endloop
 endfacet
 facet normal -1 5.6458198e-05 4.0996128e-06
  outer loop
   vertex -0.082410975 -0.0063016667 0.043765128
   vertex -0.082411014 -0.0069527732 0.043153365
   vertex -0.082410941 -0.0069113935 0.043771387
  endloop
 endfacet
 facet normal -1 6.5837655e-09 -8.2519795e-07
  outer loop
   vertex -0.082410976 -0.0050149184 0.043753966
   vertex -0.082410976 -0.0056568375 0.043758602
   vertex -0.082410977 -0.0056641435 0.044384988
  endloop
 endfacet
 facet normal -1 6.5837655e-09 -8.2519795e-07
  outer loop
   vertex -0.082410976 -0.0050149184 0.043753966
   vertex -0.082410977 -0.0056641435 0.044384988
   vertex -0.082410976 -0.005018927 0.044379887
  endloop
 endfacet
 facet normal -0.99999998 0.00020756491 -5.5984905e-06
  outer loop
   vertex -0.082411121 -0.0063426363 0.045023131
   vertex -0.082410983 -0.0056757632 0.045012733
   vertex -0.082410977 -0.0056641435 0.044384988
  endloop
 endfacet
 facet normal -0.99999998 0.00020756491 -5.5984905e-06
  outer loop
   vertex -0.082411121 -0.0063426363 0.045023131
   vertex -0.082410977 -0.0056641435 0.044384988
   vertex -0.082410975 -0.0063126633 0.044391677
  endloop
 endfacet
 facet normal -1 -2.687247e-06 -4.8143789e-07
  outer loop
   vertex -0.082410975 -0.0063016667 0.043765128
   vertex -0.082410975 -0.0063126633 0.044391677
   vertex -0.082410977 -0.0056641435 0.044384988
  endloop
 endfacet
 facet normal -1 -2.687247e-06 -4.8143789e-07
  outer loop
   vertex -0.082410975 -0.0063016667 0.043765128
   vertex -0.082410977 -0.0056641435 0.044384988
   vertex -0.082410976 -0.0056568375 0.043758602
  endloop
 endfacet
 facet normal -1 2.221358e-06 1.2271563e-05
  outer loop
   vertex -0.082410985 -0.0063095855 0.04251486
   vertex -0.082410978 -0.0063071798 0.043141098
   vertex -0.082410976 -0.0056549943 0.043133095
  endloop
 endfacet
 facet normal -1 2.221358e-06 1.2271563e-05
  outer loop
   vertex -0.082410985 -0.0063095855 0.04251486
   vertex -0.082410976 -0.0056549943 0.043133095
   vertex -0.082410977 -0.0056529675 0.042507148
  endloop
 endfacet
 facet normal -1 5.0463518e-08 1.5663778e-10
  outer loop
   vertex -0.082410976 -0.0050149184 0.043753966
   vertex -0.082410976 -0.0050129768 0.043128465
   vertex -0.082410976 -0.0056549943 0.043133095
  endloop
 endfacet
 facet normal -1 5.0463518e-08 1.5663778e-10
  outer loop
   vertex -0.082410976 -0.0050149184 0.043753966
   vertex -0.082410976 -0.0056549943 0.043133095
   vertex -0.082410976 -0.0056568375 0.043758602
  endloop
 endfacet
 facet normal -1 -2.3176003e-06 3.2093045e-08
  outer loop
   vertex -0.082410975 -0.0063016667 0.043765128
   vertex -0.082410976 -0.0056568375 0.043758602
   vertex -0.082410976 -0.0056549943 0.043133095
  endloop
 endfacet
 facet normal -1 -2.3176003e-06 3.2093045e-08
  outer loop
   vertex -0.082410975 -0.0063016667 0.043765128
   vertex -0.082410976 -0.0056549943 0.043133095
   vertex -0.082410978 -0.0063071798 0.043141098
  endloop
 endfacet
 facet normal -0.99999952 0.00082729548 -0.00052230008
  outer loop
   vertex -0.082411026 -0.0075084997 0.043796411
   vertex -0.082411194 -0.0073589774 0.044354435
   vertex -0.082410836 -0.0069084612 0.044383155
  endloop
 endfacet
 facet normal -0.99999952 0.00082729548 -0.00052230008
  outer loop
   vertex -0.082411026 -0.0075084997 0.043796411
   vertex -0.082410836 -0.0069084612 0.044383155
   vertex -0.082410941 -0.0069113935 0.043771387
  endloop
 endfacet
 facet normal -0.99999994 -0.00022930845 -0.00024232394
  outer loop
   vertex -0.082411121 -0.0063426363 0.045023131
   vertex -0.082410975 -0.0063126633 0.044391677
   vertex -0.082410836 -0.0069084612 0.044383155
  endloop
 endfacet
 facet normal -0.99999994 -0.00022930845 -0.00024232394
  outer loop
   vertex -0.082411121 -0.0063426363 0.045023131
   vertex -0.082410836 -0.0069084612 0.044383155
   vertex -0.082410997 -0.0071625244 0.045083786
  endloop
 endfacet
 facet normal -0.99999998 -5.4103518e-05 0.00017084176
  outer loop
   vertex -0.082410975 -0.0063016667 0.043765128
   vertex -0.082410941 -0.0069113935 0.043771387
   vertex -0.082410836 -0.0069084612 0.044383155
  endloop
 endfacet
 facet normal -0.99999998 -5.4103518e-05 0.00017084176
  outer loop
   vertex -0.082410975 -0.0063016667 0.043765128
   vertex -0.082410836 -0.0069084612 0.044383155
   vertex -0.082410975 -0.0063126633 0.044391677
  endloop
 endfacet
 facet normal 1 0 0
  outer loop
   vertex -0.088410981 -0.0037516184 0.041875398
   vertex -0.088410981 -0.0037511781 0.041250284
   vertex -0.088410981 -0.0031252003 0.041250047
  endloop
 endfacet
 facet normal 1 0 0
  outer loop
   vertex -0.088410981 -0.0037516184 0.041875398
   vertex -0.088410981 -0.0031252003 0.041250047
   vertex -0.088410981 -0.0031253492 0.041875085
  endloop
 endfacet
 facet normal 1 1.7701924e-17 2.2193063e-14
  outer loop
   vertex -0.088410981 -0.0043791158 0.041251003
   vertex -0.088410981 -0.0043778353 0.040625681
   vertex -0.088410981 -0.0037507684 0.040625181
  endloop
 endfacet
 facet normal 1 1.7701924e-17 2.2193063e-14
  outer loop
   vertex -0.088410981 -0.0043791158 0.041251003
   vertex -0.088410981 -0.0037507684 0.040625181
   vertex -0.088410981 -0.0037511781 0.041250284
  endloop
 endfacet
 facet normal 1 -2.2172185e-14 2.2197111e-14
  outer loop
   vertex -0.088410981 -0.0037507684 0.040625181
   vertex -0.088410981 -0.0031250342 0.040625006
   vertex -0.088410981 -0.0031252003 0.041250047
  endloop
 endfacet
 facet normal 1 -2.2172185e-14 2.2197111e-14
  outer loop
   vertex -0.088410981 -0.0037507684 0.040625181
   vertex -0.088410981 -0.0031252003 0.041250047
   vertex -0.088410981 -0.0037511781 0.041250284
  endloop
 endfacet
 facet normal 1 -3.3495783e-17 -2.219234e-14
  outer loop
   vertex -0.088410981 -0.0037516184 0.041875398
   vertex -0.088410981 -0.0043804502 0.041876347
   vertex -0.088410981 -0.0043791158 0.041251003
  endloop
 endfacet
 facet normal 1 -3.3495783e-17 -2.219234e-14
  outer loop
   vertex -0.088410981 -0.0037516184 0.041875398
   vertex -0.088410981 -0.0043791158 0.041251003
   vertex -0.088410981 -0.0037511781 0.041250284
  endloop
 endfacet
 facet normal 1 0 0
  outer loop
   vertex -0.088410981 -0.003126098 0.04375028
   vertex -0.088410981 -0.0037538258 0.043750982
   vertex -0.088410981 -0.003752769 0.04312571
  endloop
 endfacet
 facet normal 1 0 0
  outer loop
   vertex -0.088410981 -0.003126098 0.04375028
   vertex -0.088410981 -0.003752769 0.04312571
   vertex -0.088410981 -0.0031257471 0.043125191
  endloop
 endfacet
 facet normal 1 -2.1795975e-14 2.2064487e-14
  outer loop
   vertex -0.088410981 -0.0037550891 0.044376294
   vertex -0.088410981 -0.0043893954 0.044378672
   vertex -0.088410981 -0.0043861772 0.043752886
  endloop
 endfacet
 facet normal 1 -2.1795975e-14 2.2064487e-14
  outer loop
   vertex -0.088410981 -0.0037550891 0.044376294
   vertex -0.088410981 -0.0043861772 0.043752886
   vertex -0.088410981 -0.0037538258 0.043750982
  endloop
 endfacet
 facet normal 1 2.1946435e-14 3.7092613e-17
  outer loop
   vertex -0.088410981 -0.003752769 0.04312571
   vertex -0.088410981 -0.0037538258 0.043750982
   vertex -0.088410981 -0.0043861772 0.043752886
  endloop
 endfacet
 facet normal 1 2.1946435e-14 3.7092613e-17
  outer loop
   vertex -0.088410981 -0.003752769 0.04312571
   vertex -0.088410981 -0.0043861772 0.043752886
   vertex -0.088410981 -0.0043833922 0.043127161
  endloop
 endfacet
 facet normal 1 2.2078786e-14 1.5288577e-17
  outer loop
   vertex -0.088410981 -0.003126098 0.04375028
   vertex -0.088410981 -0.0031265309 0.044375388
   vertex -0.088410981 -0.0037550891 0.044376294
  endloop
 endfacet
 facet normal 1 2.2078786e-14 1.5288577e-17
  outer loop
   vertex -0.088410981 -0.003126098 0.04375028
   vertex -0.088410981 -0.0037550891 0.044376294
   vertex -0.088410981 -0.0037538258 0.043750982
  endloop
 endfacet
 facet normal -1 0 0
  outer loop
   vertex -0.082410976 -0.0037622703 0.047504114
   vertex -0.082410976 -0.0037677814 0.048132382
   vertex -0.082410976 -0.0031325606 0.048128755
  endloop
 endfacet
 facet normal -1 0 0
  outer loop
   vertex -0.082410976 -0.0037622703 0.047504114
   vertex -0.082410976 -0.0031325606 0.048128755
   vertex -0.082410976 -0.0031298239 0.047501825
  endloop
 endfacet
 facet normal -1 0 -0
  outer loop
   vertex -0.082410976 -0.0025048078 0.048754709
   vertex -0.082410976 -0.0025027927 0.048126861
   vertex -0.082410976 -0.0031325606 0.048128755
  endloop
 endfacet
 facet normal -1 0 -0
  outer loop
   vertex -0.082410976 -0.0025048078 0.048754709
   vertex -0.082410976 -0.0031325606 0.048128755
   vertex -0.082410976 -0.0031370344 0.04875803
  endloop
 endfacet
 facet normal -1 0 0
  outer loop
   vertex -0.082410976 -0.003776456 0.048763902
   vertex -0.082410976 -0.0031370344 0.04875803
   vertex -0.082410976 -0.0031325606 0.048128755
  endloop
 endfacet
 facet normal -1 0 0
  outer loop
   vertex -0.082410976 -0.003776456 0.048763902
   vertex -0.082410976 -0.0031325606 0.048128755
   vertex -0.082410976 -0.0037677814 0.048132382
  endloop
 endfacet
 facet normal -1 2.0413554e-14 -2.0532748e-14
  outer loop
   vertex -0.082410976 -0.005080046 0.04878109
   vertex -0.082410976 -0.0051134925 0.049423723
   vertex -0.082410976 -0.0044450458 0.049412404
  endloop
 endfacet
 facet normal -1 2.0413554e-14 -2.0532748e-14
  outer loop
   vertex -0.082410976 -0.005080046 0.04878109
   vertex -0.082410976 -0.0044450458 0.049412404
   vertex -0.082410976 -0.0044256977 0.048772208
  endloop
 endfacet
 facet normal -1 -1.0260613e-06 -5.8746387e-05
  outer loop
   vertex -0.082411014 -0.0038007646 0.050045158
   vertex -0.082410976 -0.0037884789 0.049400936
   vertex -0.082410976 -0.0044450458 0.049412404
  endloop
 endfacet
 facet normal -1 -1.0260613e-06 -5.8746387e-05
  outer loop
   vertex -0.082411014 -0.0038007646 0.050045158
   vertex -0.082410976 -0.0044450458 0.049412404
   vertex -0.082411008 -0.0044554874 0.050058144
  endloop
 endfacet
 facet normal -1 -2.1383646e-14 -6.4625837e-16
  outer loop
   vertex -0.082410976 -0.003776456 0.048763902
   vertex -0.082410976 -0.0044256977 0.048772208
   vertex -0.082410976 -0.0044450458 0.049412404
  endloop
 endfacet
 facet normal -1 -2.1383646e-14 -6.4625837e-16
  outer loop
   vertex -0.082410976 -0.003776456 0.048763902
   vertex -0.082410976 -0.0044450458 0.049412404
   vertex -0.082410976 -0.0037884789 0.049400936
  endloop
 endfacet
 facet normal -1 -1.4369858e-16 -2.2033396e-14
  outer loop
   vertex -0.082410976 -0.0037622703 0.047504114
   vertex -0.082410976 -0.0044021981 0.047508288
   vertex -0.082410976 -0.0044113023 0.048138199
  endloop
 endfacet
 facet normal -1 -1.4369858e-16 -2.2033396e-14
  outer loop
   vertex -0.082410976 -0.0037622703 0.047504114
   vertex -0.082410976 -0.0044113023 0.048138199
   vertex -0.082410976 -0.0037677814 0.048132382
  endloop
 endfacet
 facet normal -1 5.9443087e-16 4.3791447e-14
  outer loop
   vertex -0.082410976 -0.005080046 0.04878109
   vertex -0.082410976 -0.0044256977 0.048772208
   vertex -0.082410976 -0.0044113023 0.048138199
  endloop
 endfacet
 facet normal -1 5.9443087e-16 4.3791447e-14
  outer loop
   vertex -0.082410976 -0.005080046 0.04878109
   vertex -0.082410976 -0.0044113023 0.048138199
   vertex -0.082410976 -0.0050602788 0.048144892
  endloop
 endfacet
 facet normal -1 2.156808e-14 2.9626014e-16
  outer loop
   vertex -0.082410976 -0.003776456 0.048763902
   vertex -0.082410976 -0.0037677814 0.048132382
   vertex -0.082410976 -0.0044113023 0.048138199
  endloop
 endfacet
 facet normal -1 2.156808e-14 2.9626014e-16
  outer loop
   vertex -0.082410976 -0.003776456 0.048763902
   vertex -0.082410976 -0.0044113023 0.048138199
   vertex -0.082410976 -0.0044256977 0.048772208
  endloop
 endfacet
 facet normal -1 1.1502936e-16 2.1900123e-14
  outer loop
   vertex -0.082410976 -0.0025048078 0.048754709
   vertex -0.082410976 -0.0031370344 0.04875803
   vertex -0.082410976 -0.0031435451 0.04939175
  endloop
 endfacet
 facet normal -1 1.1502936e-16 2.1900123e-14
  outer loop
   vertex -0.082410976 -0.0025048078 0.048754709
   vertex -0.082410976 -0.0031435451 0.04939175
   vertex -0.082410976 -0.0025079553 0.04938639
  endloop
 endfacet
 facet normal -1 3.6042467e-05 -2.1648436e-05
  outer loop
   vertex -0.082411014 -0.0038007646 0.050045158
   vertex -0.08241099 -0.0031515633 0.050032687
   vertex -0.082410976 -0.0031435451 0.04939175
  endloop
 endfacet
 facet normal -1 3.6042467e-05 -2.1648436e-05
  outer loop
   vertex -0.082411014 -0.0038007646 0.050045158
   vertex -0.082410976 -0.0031435451 0.04939175
   vertex -0.082410976 -0.0037884789 0.049400936
  endloop
 endfacet
 facet normal -1 3.1039155e-16 2.1790867e-14
  outer loop
   vertex -0.082410976 -0.003776456 0.048763902
   vertex -0.082410976 -0.0037884789 0.049400936
   vertex -0.082410976 -0.0031435451 0.04939175
  endloop
 endfacet
 facet normal -1 3.1039155e-16 2.1790867e-14
  outer loop
   vertex -0.082410976 -0.003776456 0.048763902
   vertex -0.082410976 -0.0031435451 0.04939175
   vertex -0.082410976 -0.0031370344 0.04875803
  endloop
 endfacet
 facet normal -1 -2.2152048e-14 -3.669057e-17
  outer loop
   vertex -0.082410976 -0.0025006109 0.04625018
   vertex -0.082410976 -0.0031270904 0.046250593
   vertex -0.082410976 -0.0031281262 0.046875975
  endloop
 endfacet
 facet normal -1 -2.2152048e-14 -3.669057e-17
  outer loop
   vertex -0.082410976 -0.0025006109 0.04625018
   vertex -0.082410976 -0.0031281262 0.046875975
   vertex -0.082410976 -0.0025009835 0.046875339
  endloop
 endfacet
 facet normal -1 0 0
  outer loop
   vertex -0.082410976 -0.0037622703 0.047504114
   vertex -0.082410976 -0.0031298239 0.047501825
   vertex -0.082410976 -0.0031281262 0.046875975
  endloop
 endfacet
 facet normal -1 0 0
  outer loop
   vertex -0.082410976 -0.0037622703 0.047504114
   vertex -0.082410976 -0.0031281262 0.046875975
   vertex -0.082410976 -0.0037584503 0.046877481
  endloop
 endfacet
 facet normal -1 0 0
  outer loop
   vertex -0.082410976 -0.0037559663 0.046251661
   vertex -0.082410976 -0.0037584503 0.046877481
   vertex -0.082410976 -0.0031281262 0.046875975
  endloop
 endfacet
 facet normal -1 0 0
  outer loop
   vertex -0.082410976 -0.0037559663 0.046251661
   vertex -0.082410976 -0.0031281262 0.046875975
   vertex -0.082410976 -0.0031270904 0.046250593
  endloop
 endfacet
 facet normal -1 0 0
  outer loop
   vertex -0.082410976 -0.0037536176 0.045000954
   vertex -0.082410976 -0.0043850147 0.045002623
   vertex -0.082410976 -0.0043868861 0.045628228
  endloop
 endfacet
 facet normal -1 0 0
  outer loop
   vertex -0.082410976 -0.0037536176 0.045000954
   vertex -0.082410976 -0.0043868861 0.045628228
   vertex -0.082410976 -0.0037545614 0.04562624
  endloop
 endfacet
 facet normal -1 0 0
  outer loop
   vertex -0.082410976 -0.0050299613 0.046258272
   vertex -0.082410976 -0.0043895155 0.046254
   vertex -0.082410976 -0.0043868861 0.045628228
  endloop
 endfacet
 facet normal -1 0 0
  outer loop
   vertex -0.082410976 -0.0050299613 0.046258272
   vertex -0.082410976 -0.0043868861 0.045628228
   vertex -0.082410976 -0.0050267541 0.045632291
  endloop
 endfacet
 facet normal -1 0 -0
  outer loop
   vertex -0.082410976 -0.0037559663 0.046251661
   vertex -0.082410976 -0.0037545614 0.04562624
   vertex -0.082410976 -0.0043868861 0.045628228
  endloop
 endfacet
 facet normal -1 0 -0
  outer loop
   vertex -0.082410976 -0.0037559663 0.046251661
   vertex -0.082410976 -0.0043868861 0.045628228
   vertex -0.082410976 -0.0043895155 0.046254
  endloop
 endfacet
 facet normal -1 -1.0592499e-17 -2.2202024e-14
  outer loop
   vertex -0.082410976 -0.0025006109 0.04625018
   vertex -0.082410976 -0.0025004023 0.045625111
   vertex -0.082410976 -0.0031265005 0.04562541
  endloop
 endfacet
 facet normal -1 -1.0592499e-17 -2.2202024e-14
  outer loop
   vertex -0.082410976 -0.0025006109 0.04625018
   vertex -0.082410976 -0.0031265005 0.04562541
   vertex -0.082410976 -0.0031270904 0.046250593
  endloop
 endfacet
 facet normal -1 0 0
  outer loop
   vertex -0.082410976 -0.0037536176 0.045000954
   vertex -0.082410976 -0.0037545614 0.04562624
   vertex -0.082410976 -0.0031265005 0.04562541
  endloop
 endfacet
 facet normal -1 0 0
  outer loop
   vertex -0.082410976 -0.0037536176 0.045000954
   vertex -0.082410976 -0.0031265005 0.04562541
   vertex -0.082410976 -0.0031261234 0.045000298
  endloop
 endfacet
 facet normal -1 0 0
  outer loop
   vertex -0.082410976 -0.0037559663 0.046251661
   vertex -0.082410976 -0.0031270904 0.046250593
   vertex -0.082410976 -0.0031265005 0.04562541
  endloop
 endfacet
 facet normal -1 0 0
  outer loop
   vertex -0.082410976 -0.0037559663 0.046251661
   vertex -0.082410976 -0.0031265005 0.04562541
   vertex -0.082410976 -0.0037545614 0.04562624
  endloop
 endfacet
 facet normal -1 0 -0
  outer loop
   vertex -0.082410976 -0.0037622703 0.047504114
   vertex -0.082410976 -0.0037584503 0.046877481
   vertex -0.082410976 -0.0043946429 0.04688051
  endloop
 endfacet
 facet normal -1 0 -0
  outer loop
   vertex -0.082410976 -0.0037622703 0.047504114
   vertex -0.082410976 -0.0043946429 0.04688051
   vertex -0.082410976 -0.0044021981 0.047508288
  endloop
 endfacet
 facet normal -1 0 0
  outer loop
   vertex -0.082410976 -0.0050299613 0.046258272
   vertex -0.082410976 -0.0050389757 0.046885517
   vertex -0.082410976 -0.0043946429 0.04688051
  endloop
 endfacet
 facet normal -1 0 0
  outer loop
   vertex -0.082410976 -0.0050299613 0.046258272
   vertex -0.082410976 -0.0043946429 0.04688051
   vertex -0.082410976 -0.0043895155 0.046254
  endloop
 endfacet
 facet normal -1 0 0
  outer loop
   vertex -0.082410976 -0.0037559663 0.046251661
   vertex -0.082410976 -0.0043895155 0.046254
   vertex -0.082410976 -0.0043946429 0.04688051
  endloop
 endfacet
 facet normal -1 0 0
  outer loop
   vertex -0.082410976 -0.0037559663 0.046251661
   vertex -0.082410976 -0.0043946429 0.04688051
   vertex -0.082410976 -0.0037584503 0.046877481
  endloop
 endfacet
 facet normal -1 2.2668267e-14 8.0482589e-15
  outer loop
   vertex -0.082410976 -0.005080046 0.04878109
   vertex -0.082410976 -0.0056897143 0.048773925
   vertex -0.082410976 -0.0059471415 0.04949898
  endloop
 endfacet
 facet normal -1 2.2668267e-14 8.0482589e-15
  outer loop
   vertex -0.082410976 -0.005080046 0.04878109
   vertex -0.082410976 -0.0059471415 0.04949898
   vertex -0.082410976 -0.0051134925 0.049423723
  endloop
 endfacet
 facet normal -1 -4.3402759e-13 1.5412662e-13
  outer loop
   vertex -0.082410976 -0.0061813593 0.048749371
   vertex -0.082410976 -0.0060566873 0.049190494
   vertex -0.082410976 -0.0059471415 0.04949898
  endloop
 endfacet
 facet normal -1 -4.3402759e-13 1.5412662e-13
  outer loop
   vertex -0.082410976 -0.0061813593 0.048749371
   vertex -0.082410976 -0.0059471415 0.04949898
   vertex -0.082410976 -0.0056897143 0.048773925
  endloop
 endfacet
 facet normal -1 1.4567277e-15 2.2025816e-14
  outer loop
   vertex -0.082410976 -0.0064966139 0.047572824
   vertex -0.082410976 -0.0063307272 0.048191922
   vertex -0.082410976 -0.0056890464 0.048149483
  endloop
 endfacet
 facet normal -1 1.4567277e-15 2.2025816e-14
  outer loop
   vertex -0.082410976 -0.0064966139 0.047572824
   vertex -0.082410976 -0.0056890464 0.048149483
   vertex -0.082410976 -0.0057089622 0.047521681
  endloop
 endfacet
 facet normal -1 2.2076419e-14 6.859327e-16
  outer loop
   vertex -0.082410976 -0.005080046 0.04878109
   vertex -0.082410976 -0.0050602788 0.048144892
   vertex -0.082410976 -0.0056890464 0.048149483
  endloop
 endfacet
 facet normal -1 2.2076419e-14 6.859327e-16
  outer loop
   vertex -0.082410976 -0.005080046 0.04878109
   vertex -0.082410976 -0.0056890464 0.048149483
   vertex -0.082410976 -0.0056897143 0.048773925
  endloop
 endfacet
 facet normal -1 2.8225746e-14 3.0191449e-17
  outer loop
   vertex -0.082410976 -0.0061813593 0.048749371
   vertex -0.082410976 -0.0056897143 0.048773925
   vertex -0.082410976 -0.0056890464 0.048149483
  endloop
 endfacet
 facet normal -1 2.8225746e-14 3.0191449e-17
  outer loop
   vertex -0.082410976 -0.0061813593 0.048749371
   vertex -0.082410976 -0.0056890464 0.048149483
   vertex -0.082410976 -0.0063307272 0.048191922
  endloop
 endfacet
 facet normal -1 4.1533192e-06 9.0156397e-07
  outer loop
   vertex -0.082410976 -0.0064966139 0.047572824
   vertex -0.082410976 -0.0062971347 0.0468878
   vertex -0.082410978 -0.0066921116 0.046843217
  endloop
 endfacet
 facet normal -1 4.1533192e-06 9.0156397e-07
  outer loop
   vertex -0.082410976 -0.0064966139 0.047572824
   vertex -0.082410978 -0.0066921116 0.046843217
   vertex -0.082410976 -0.0065744711 0.047282257
  endloop
 endfacet
 facet normal -1 5.0227168e-05 2.2192192e-05
  outer loop
   vertex -0.08241097 -0.006275809 0.046268376
   vertex -0.082410998 -0.0068416333 0.046285193
   vertex -0.082410978 -0.0066921116 0.046843217
  endloop
 endfacet
 facet normal -1 5.0227168e-05 2.2192192e-05
  outer loop
   vertex -0.08241097 -0.006275809 0.046268376
   vertex -0.082410978 -0.0066921116 0.046843217
   vertex -0.082410976 -0.0062971347 0.0468878
  endloop
 endfacet
 facet normal -0.99999998 4.0221337e-05 0.00019077076
  outer loop
   vertex -0.082411121 -0.0063426363 0.045023131
   vertex -0.082411001 -0.0063108772 0.045648474
   vertex -0.082410977 -0.0056742467 0.045638933
  endloop
 endfacet
 facet normal -0.99999998 4.0221337e-05 0.00019077076
  outer loop
   vertex -0.082411121 -0.0063426363 0.045023131
   vertex -0.082410977 -0.0056742467 0.045638933
   vertex -0.082410983 -0.0056757632 0.045012733
  endloop
 endfacet
 facet normal -1 8.5397293e-07 2.9520157e-08
  outer loop
   vertex -0.082410976 -0.0050299613 0.046258272
   vertex -0.082410976 -0.0050267541 0.045632291
   vertex -0.082410977 -0.0056742467 0.045638933
  endloop
 endfacet
 facet normal -1 8.5397293e-07 2.9520157e-08
  outer loop
   vertex -0.082410976 -0.0050299613 0.046258272
   vertex -0.082410977 -0.0056742467 0.045638933
   vertex -0.082410976 -0.0056716048 0.046263807
  endloop
 endfacet
 facet normal -1 -1.0810506e-05 1.1887512e-06
  outer loop
   vertex -0.08241097 -0.006275809 0.046268376
   vertex -0.082410976 -0.0056716048 0.046263807
   vertex -0.082410977 -0.0056742467 0.045638933
  endloop
 endfacet
 facet normal -1 -1.0810506e-05 1.1887512e-06
  outer loop
   vertex -0.08241097 -0.006275809 0.046268376
   vertex -0.082410977 -0.0056742467 0.045638933
   vertex -0.082411001 -0.0063108772 0.045648474
  endloop
 endfacet
 facet normal -0.99999999 -0.00014607495 6.5318788e-05
  outer loop
   vertex -0.082411121 -0.0063426363 0.045023131
   vertex -0.082410997 -0.0071625244 0.045083786
   vertex -0.082410981 -0.0069966957 0.045705825
  endloop
 endfacet
 facet normal -0.99999999 -0.00014607495 6.5318788e-05
  outer loop
   vertex -0.082411121 -0.0063426363 0.045023131
   vertex -0.082410981 -0.0069966957 0.045705825
   vertex -0.082411001 -0.0063108772 0.045648474
  endloop
 endfacet
 facet normal -1 -2.4219092e-05 5.1438423e-05
  outer loop
   vertex -0.08241097 -0.006275809 0.046268376
   vertex -0.082411001 -0.0063108772 0.045648474
   vertex -0.082410981 -0.0069966957 0.045705825
  endloop
 endfacet
 facet normal -1 -2.4219092e-05 5.1438423e-05
  outer loop
   vertex -0.08241097 -0.006275809 0.046268376
   vertex -0.082410981 -0.0069966957 0.045705825
   vertex -0.082410998 -0.0068416333 0.046285193
  endloop
 endfacet
 facet normal -1 1.7659635e-14 6.2284244e-16
  outer loop
   vertex -0.082410976 -0.0064966139 0.047572824
   vertex -0.082410976 -0.0057089622 0.047521681
   vertex -0.082410976 -0.0056867641 0.04689229
  endloop
 endfacet
 facet normal -1 1.7659635e-14 6.2284244e-16
  outer loop
   vertex -0.082410976 -0.0064966139 0.047572824
   vertex -0.082410976 -0.0056867641 0.04689229
   vertex -0.082410976 -0.0062971347 0.0468878
  endloop
 endfacet
 facet normal -1 -2.2923822e-07 -2.3747646e-07
  outer loop
   vertex -0.082410976 -0.0050299613 0.046258272
   vertex -0.082410976 -0.0056716048 0.046263807
   vertex -0.082410976 -0.0056867641 0.04689229
  endloop
 endfacet
 facet normal -1 -2.2923822e-07 -2.3747646e-07
  outer loop
   vertex -0.082410976 -0.0050299613 0.046258272
   vertex -0.082410976 -0.0056867641 0.04689229
   vertex -0.082410976 -0.0050389757 0.046885517
  endloop
 endfacet
 facet normal -1 -2.6861497e-07 -1.0457743e-05
  outer loop
   vertex -0.08241097 -0.006275809 0.046268376
   vertex -0.082410976 -0.0062971347 0.0468878
   vertex -0.082410976 -0.0056867641 0.04689229
  endloop
 endfacet
 facet normal -1 -2.6861497e-07 -1.0457743e-05
  outer loop
   vertex -0.08241097 -0.006275809 0.046268376
   vertex -0.082410976 -0.0056867641 0.04689229
   vertex -0.082410976 -0.0056716048 0.046263807
  endloop
 endfacet
 facet normal -2.4197624e-05 0.96587955 -0.25899169
  outer loop
   vertex -0.087662063 -0.0075188736 0.043757239
   vertex -0.087656783 -0.0076699631 0.043193768
   vertex -0.088410938 -0.0076637291 0.043217087
  endloop
 endfacet
 facet normal -2.4197624e-05 0.96587955 -0.25899169
  outer loop
   vertex -0.087662063 -0.0075188736 0.043757239
   vertex -0.088410938 -0.0076637291 0.043217087
   vertex -0.088410662 -0.007508497 0.04379641
  endloop
 endfacet
 facet normal -0.0001538082 0.96592549 -0.25882026
  outer loop
   vertex -0.087662063 -0.0075188736 0.043757239
   vertex -0.088410662 -0.007508497 0.04379641
   vertex -0.088409539 -0.0073571096 0.044361392
  endloop
 endfacet
 facet normal -0.0001538082 0.96592549 -0.25882026
  outer loop
   vertex -0.087662063 -0.0075188736 0.043757239
   vertex -0.088409539 -0.0073571096 0.044361392
   vertex -0.087663902 -0.0073686964 0.044316876
  endloop
 endfacet
 facet normal 0.99999996 -0.00011286588 0.00027109532
  outer loop
   vertex -0.088411235 -0.0069841665 0.043788122
   vertex -0.088411064 -0.0069802137 0.043157758
   vertex -0.088410988 -0.0063322556 0.043146538
  endloop
 endfacet
 facet normal 0.99999996 -0.00011286588 0.00027109532
  outer loop
   vertex -0.088411235 -0.0069841665 0.043788122
   vertex -0.088410988 -0.0063322556 0.043146538
   vertex -0.088411004 -0.0063522971 0.043777681
  endloop
 endfacet
 facet normal 0.99999999 0.0001596924 5.7869553e-06
  outer loop
   vertex -0.088410982 -0.0056843617 0.043765657
   vertex -0.088410983 -0.0057028211 0.044395155
   vertex -0.08841087 -0.0064102197 0.044419064
  endloop
 endfacet
 facet normal 0.99999999 0.0001596924 5.7869553e-06
  outer loop
   vertex -0.088410982 -0.0056843617 0.043765657
   vertex -0.08841087 -0.0064102197 0.044419064
   vertex -0.088411004 -0.0063522971 0.043777681
  endloop
 endfacet
 facet normal 0.9999999 -0.00036977408 -0.00024279271
  outer loop
   vertex -0.088411235 -0.0069841665 0.043788122
   vertex -0.088411004 -0.0063522971 0.043777681
   vertex -0.08841087 -0.0064102197 0.044419064
  endloop
 endfacet
 facet normal 0.9999999 -0.00036977408 -0.00024279271
  outer loop
   vertex -0.088411235 -0.0069841665 0.043788122
   vertex -0.08841087 -0.0064102197 0.044419064
   vertex -0.088409596 -0.0072982739 0.044488522
  endloop
 endfacet
 facet normal 1 -9.9099602e-06 1.0394873e-06
  outer loop
   vertex -0.088410988 -0.0063322556 0.043146538
   vertex -0.088410981 -0.0056715381 0.043137072
   vertex -0.088410982 -0.0056843617 0.043765657
  endloop
 endfacet
 facet normal 1 -9.9099602e-06 1.0394873e-06
  outer loop
   vertex -0.088410988 -0.0063322556 0.043146538
   vertex -0.088410982 -0.0056843617 0.043765657
   vertex -0.088411004 -0.0063522971 0.043777681
  endloop
 endfacet
 facet normal 1 -4.0496575e-07 4.2279067e-07
  outer loop
   vertex -0.088410981 -0.0031409061 0.048758252
   vertex -0.088410981 -0.0037895596 0.048765782
   vertex -0.088410981 -0.0037821317 0.048135293
  endloop
 endfacet
 facet normal 1 -4.0496575e-07 4.2279067e-07
  outer loop
   vertex -0.088410981 -0.0031409061 0.048758252
   vertex -0.088410981 -0.0037821317 0.048135293
   vertex -0.088410981 -0.0031377505 0.048129619
  endloop
 endfacet
 facet normal 1 -4.619066e-05 4.5623559e-05
  outer loop
   vertex -0.088410982 -0.0037896321 0.049398559
   vertex -0.088411013 -0.0044530568 0.049410808
   vertex -0.088410985 -0.0044634215 0.048780236
  endloop
 endfacet
 facet normal 1 -4.619066e-05 4.5623559e-05
  outer loop
   vertex -0.088410982 -0.0037896321 0.049398559
   vertex -0.088410985 -0.0044634215 0.048780236
   vertex -0.088410981 -0.0037895596 0.048765782
  endloop
 endfacet
 facet normal 1 -1.8237895e-07 6.1813358e-06
  outer loop
   vertex -0.088410985 -0.0044634215 0.048780236
   vertex -0.088410981 -0.0044447227 0.048145842
   vertex -0.088410981 -0.0037821317 0.048135293
  endloop
 endfacet
 facet normal 1 -1.8237895e-07 6.1813358e-06
  outer loop
   vertex -0.088410985 -0.0044634215 0.048780236
   vertex -0.088410981 -0.0037821317 0.048135293
   vertex -0.088410981 -0.0037895596 0.048765782
  endloop
 endfacet
 facet normal 1 -1.8452819e-06 -4.0601363e-09
  outer loop
   vertex -0.088410981 -0.0031409061 0.048758252
   vertex -0.088410981 -0.003142297 0.049390412
   vertex -0.088410982 -0.0037896321 0.049398559
  endloop
 endfacet
 facet normal 1 -1.8452819e-06 -4.0601363e-09
  outer loop
   vertex -0.088410981 -0.0031409061 0.048758252
   vertex -0.088410982 -0.0037896321 0.049398559
   vertex -0.088410981 -0.0037895596 0.048765782
  endloop
 endfacet
 facet normal 1 7.2986854e-09 2.4567401e-11
  outer loop
   vertex -0.088410981 -0.0031294013 0.046251132
   vertex -0.088410981 -0.0031315051 0.046876718
   vertex -0.088410981 -0.0037675381 0.046879618
  endloop
 endfacet
 facet normal 1 7.2986854e-09 2.4567401e-11
  outer loop
   vertex -0.088410981 -0.0031294013 0.046251132
   vertex -0.088410981 -0.0037675381 0.046879618
   vertex -0.088410981 -0.0037623655 0.046253217
  endloop
 endfacet
 facet normal 1 8.5812235e-09 5.112055e-11
  outer loop
   vertex -0.088410981 -0.0037586364 0.045627235
   vertex -0.088410981 -0.0037623655 0.046253217
   vertex -0.088410981 -0.0044045757 0.046257757
  endloop
 endfacet
 facet normal 1 8.5812235e-09 5.112055e-11
  outer loop
   vertex -0.088410981 -0.0037586364 0.045627235
   vertex -0.088410981 -0.0044045757 0.046257757
   vertex -0.088410981 -0.0043964424 0.045630586
  endloop
 endfacet
 facet normal 1 1.6385853e-07 -1.664609e-07
  outer loop
   vertex -0.088410981 -0.0037675381 0.046879618
   vertex -0.088410981 -0.0044156432 0.046885639
   vertex -0.088410981 -0.0044045757 0.046257757
  endloop
 endfacet
 facet normal 1 1.6385853e-07 -1.664609e-07
  outer loop
   vertex -0.088410981 -0.0037675381 0.046879618
   vertex -0.088410981 -0.0044045757 0.046257757
   vertex -0.088410981 -0.0037623655 0.046253217
  endloop
 endfacet
 facet normal 1 -4.3851006e-14 -2.6123169e-16
  outer loop
   vertex -0.088410981 -0.0031294013 0.046251132
   vertex -0.088410981 -0.0037623655 0.046253217
   vertex -0.088410981 -0.0037586364 0.045627235
  endloop
 endfacet
 facet normal 1 -4.3851006e-14 -2.6123169e-16
  outer loop
   vertex -0.088410981 -0.0031294013 0.046251132
   vertex -0.088410981 -0.0037586364 0.045627235
   vertex -0.088410981 -0.0031279383 0.045625753
  endloop
 endfacet
 facet normal 0.99999999 0.00015846727 -3.4715453e-06
  outer loop
   vertex -0.088411093 0.0020050358 0.043717302
   vertex -0.088410986 0.0013272675 0.043730933
   vertex -0.088410988 0.0013270506 0.043104705
  endloop
 endfacet
 facet normal 0.99999999 0.00015846727 -3.4715453e-06
  outer loop
   vertex -0.088411093 0.0020050358 0.043717302
   vertex -0.088410988 0.0013270506 0.043104705
   vertex -0.088411077 0.0019726058 0.043094179
  endloop
 endfacet
 facet normal 1 1.2354623e-06 -2.9927774e-08
  outer loop
   vertex -0.088410982 0.0013321894 0.044353802
   vertex -0.088410981 0.00066181643 0.044365615
   vertex -0.088410981 0.0006638464 0.043740223
  endloop
 endfacet
 facet normal 1 1.2354623e-06 -2.9927774e-08
  outer loop
   vertex -0.088410982 0.0013321894 0.044353802
   vertex -0.088410981 0.0006638464 0.043740223
   vertex -0.088410986 0.0013272675 0.043730933
  endloop
 endfacet
 facet normal 1 1.0422895e-05 -3.966913e-08
  outer loop
   vertex -0.088410981 0.0006638464 0.043740223
   vertex -0.088410981 0.00066821937 0.043113752
   vertex -0.088410988 0.0013270506 0.043104705
  endloop
 endfacet
 facet normal 1 1.0422895e-05 -3.966913e-08
  outer loop
   vertex -0.088410981 0.0006638464 0.043740223
   vertex -0.088410988 0.0013270506 0.043104705
   vertex -0.088410986 0.0013272675 0.043730933
  endloop
 endfacet
 facet normal 0.99999991 -0.00018817233 -0.00037400344
  outer loop
   vertex -0.088411093 0.0020050358 0.043717302
   vertex -0.088410857 0.0020451621 0.044328515
   vertex -0.088410982 0.0013321894 0.044353802
  endloop
 endfacet
 facet normal 0.99999991 -0.00018817233 -0.00037400344
  outer loop
   vertex -0.088411093 0.0020050358 0.043717302
   vertex -0.088410982 0.0013321894 0.044353802
   vertex -0.088410986 0.0013272675 0.043730933
  endloop
 endfacet
 facet normal -0.99997697 -0.0067858182 7.6349053e-05
  outer loop
   vertex -0.082412234 0.0037019694 0.047492856
   vertex -0.082408369 0.0031323675 0.047494511
   vertex -0.082408236 0.0031199101 0.048126651
  endloop
 endfacet
 facet normal -0.99997697 -0.0067858182 7.6349053e-05
  outer loop
   vertex -0.082412234 0.0037019694 0.047492856
   vertex -0.082408236 0.0031199101 0.048126651
   vertex -0.082412207 0.0036845278 0.048128339
  endloop
 endfacet
 facet normal -0.9999627 0.0077002071 0.0039130562
  outer loop
   vertex -0.082410149 0.002546543 0.048766171
   vertex -0.082405672 0.0031335536 0.048754978
   vertex -0.082408236 0.0031199101 0.048126651
  endloop
 endfacet
 facet normal -0.9999627 0.0077002071 0.0039130562
  outer loop
   vertex -0.082410149 0.002546543 0.048766171
   vertex -0.082408236 0.0031199101 0.048126651
   vertex -0.082410451 0.0025332124 0.048129042
  endloop
 endfacet
 facet normal -0.99994436 -0.0070096867 -0.0078832774
  outer loop
   vertex -0.082416234 0.0035937189 0.048719886
   vertex -0.082412207 0.0036845278 0.048128339
   vertex -0.082408236 0.0031199101 0.048126651
  endloop
 endfacet
 facet normal -0.99994436 -0.0070096867 -0.0078832774
  outer loop
   vertex -0.082416234 0.0035937189 0.048719886
   vertex -0.082408236 0.0031199101 0.048126651
   vertex -0.082405672 0.0031335536 0.048754978
  endloop
 endfacet
 facet normal -0.99999932 -0.00082523487 -0.00082266477
  outer loop
   vertex -0.082410149 0.002546543 0.048766171
   vertex -0.082410697 0.0025734973 0.04940527
   vertex -0.082411397 0.0033610771 0.049466687
  endloop
 endfacet
 facet normal -0.99999932 -0.00082523487 -0.00082266477
  outer loop
   vertex -0.082410149 0.002546543 0.048766171
   vertex -0.082411397 0.0033610771 0.049466687
   vertex -0.082405672 0.0031335536 0.048754978
  endloop
 endfacet
 facet normal -0.99973524 -0.022999459 -0.00068920208
  outer loop
   vertex -0.082416234 0.0035937189 0.048719886
   vertex -0.082405672 0.0031335536 0.048754978
   vertex -0.082411397 0.0033610771 0.049466687
  endloop
 endfacet
 facet normal -0.99973524 -0.022999459 -0.00068920208
  outer loop
   vertex -0.082416234 0.0035937189 0.048719886
   vertex -0.082411397 0.0033610771 0.049466687
   vertex -0.082421409 0.0034768155 0.049165392
  endloop
 endfacet
 facet normal -0.99997613 0.0061903902 0.0030685587
  outer loop
   vertex -0.082412464 0.0026155291 0.046221716
   vertex -0.082410785 0.0025708048 0.046859336
   vertex -0.082407032 0.003173761 0.046866005
  endloop
 endfacet
 facet normal -0.99997613 0.0061903902 0.0030685587
  outer loop
   vertex -0.082412464 0.0026155291 0.046221716
   vertex -0.082407032 0.003173761 0.046866005
   vertex -0.082411519 0.003458526 0.046153888
  endloop
 endfacet
 facet normal -0.99970639 -0.021971437 0.010216773
  outer loop
   vertex -0.082412234 0.0037019694 0.047492856
   vertex -0.082417108 0.0036450019 0.046893491
   vertex -0.082407032 0.003173761 0.046866005
  endloop
 endfacet
 facet normal -0.99970639 -0.021971437 0.010216773
  outer loop
   vertex -0.082412234 0.0037019694 0.047492856
   vertex -0.082407032 0.003173761 0.046866005
   vertex -0.082408369 0.0031323675 0.047494511
  endloop
 endfacet
 facet normal -0.99729998 -0.070136575 -0.021762728
  outer loop
   vertex -0.082424126 0.0035503286 0.046435777
   vertex -0.082411519 0.003458526 0.046153888
   vertex -0.082407032 0.003173761 0.046866005
  endloop
 endfacet
 facet normal -0.99729998 -0.070136575 -0.021762728
  outer loop
   vertex -0.082424126 0.0035503286 0.046435777
   vertex -0.082407032 0.003173761 0.046866005
   vertex -0.082417108 0.0036450019 0.046893491
  endloop
 endfacet
 facet normal -0.99999915 0.0010610036 -0.00075885317
  outer loop
   vertex -0.082412464 0.0026155291 0.046221716
   vertex -0.082411519 0.003458526 0.046153888
   vertex -0.082411212 0.0033012783 0.04552955
  endloop
 endfacet
 facet normal -0.99999915 0.0010610036 -0.00075885317
  outer loop
   vertex -0.082412464 0.0026155291 0.046221716
   vertex -0.082411212 0.0033012783 0.04552955
   vertex -0.082412058 0.0025863694 0.045594082
  endloop
 endfacet
 facet normal 0.0026233028 -0.96722294 -0.25391515
  outer loop
   vertex -0.087674277 0.0035992143 0.048692109
   vertex -0.087646493 0.0034708262 0.049181457
   vertex -0.08814805 0.0034730809 0.049167687
  endloop
 endfacet
 facet normal 0.0026233028 -0.96722294 -0.25391515
  outer loop
   vertex -0.087674277 0.0035992143 0.048692109
   vertex -0.08814805 0.0034730809 0.049167687
   vertex -0.088409539 0.0035909733 0.048732923
  endloop
 endfacet
 facet normal -0.00052769977 0.2599254 0.96562856
  outer loop
   vertex -0.087664574 -0.0049444755 0.026390398
   vertex -0.088409539 -0.0049962922 0.026403939
   vertex -0.088137965 -0.0054164441 0.026517182
  endloop
 endfacet
 facet normal -0.00052769977 0.2599254 0.96562856
  outer loop
   vertex -0.087664574 -0.0049444755 0.026390398
   vertex -0.088137965 -0.0054164441 0.026517182
   vertex -0.087637484 -0.0054338783 0.026521285
  endloop
 endfacet
 facet normal -0.99990761 0.0021569836 -0.013421158
  outer loop
   vertex -0.082405201 -0.0025067319 0.026216503
   vertex -0.082413003 -0.0024512733 0.026806638
   vertex -0.082411196 -0.0017192421 0.026789715
  endloop
 endfacet
 facet normal -0.99990761 0.0021569836 -0.013421158
  outer loop
   vertex -0.082405201 -0.0025067319 0.026216503
   vertex -0.082411196 -0.0017192421 0.026789715
   vertex -0.082413246 -0.0018591258 0.026243382
  endloop
 endfacet
 facet normal -0.99999993 -0.00010299002 0.00035873857
  outer loop
   vertex -0.082410964 -0.002440124 0.028728508
   vertex -0.082411193 -0.0024296919 0.028092581
   vertex -0.082411126 -0.003087523 0.02809053
  endloop
 endfacet
 facet normal -0.99999993 -0.00010299002 0.00035873857
  outer loop
   vertex -0.082410964 -0.002440124 0.028728508
   vertex -0.082411126 -0.003087523 0.02809053
   vertex -0.082411017 -0.0030910276 0.028731086
  endloop
 endfacet
 facet normal -0.99999997 -0.0001478312 0.00020988451
  outer loop
   vertex -0.082411165 -0.0037424047 0.027441999
   vertex -0.08241103 -0.0037371621 0.028092303
   vertex -0.082411126 -0.003087523 0.02809053
  endloop
 endfacet
 facet normal -0.99999997 -0.0001478312 0.00020988451
  outer loop
   vertex -0.082411165 -0.0037424047 0.027441999
   vertex -0.082411126 -0.003087523 0.02809053
   vertex -0.082411549 -0.0030863761 0.027436834
  endloop
 endfacet
 facet normal -0.99999999 -3.5305261e-05 0.00016941481
  outer loop
   vertex -0.082410994 -0.0037362608 0.028733765
   vertex -0.082411017 -0.0030910276 0.028731086
   vertex -0.082411126 -0.003087523 0.02809053
  endloop
 endfacet
 facet normal -0.99999999 -3.5305261e-05 0.00016941481
  outer loop
   vertex -0.082410994 -0.0037362608 0.028733765
   vertex -0.082411126 -0.003087523 0.02809053
   vertex -0.08241103 -0.0037371621 0.028092303
  endloop
 endfacet
 facet normal -1 -1.2890436e-05 6.6132594e-06
  outer loop
   vertex -0.08241098 -0.0037362779 0.029994902
   vertex -0.082410984 -0.0037359329 0.029366651
   vertex -0.082410976 -0.0043707838 0.029367949
  endloop
 endfacet
 facet normal -1 -1.2890436e-05 6.6132594e-06
  outer loop
   vertex -0.08241098 -0.0037362779 0.029994902
   vertex -0.082410976 -0.0043707838 0.029367949
   vertex -0.082410976 -0.0043705149 0.029996812
  endloop
 endfacet
 facet normal -1 -2.0308947e-08 1.583044e-05
  outer loop
   vertex -0.082410986 -0.0050024402 0.028731394
   vertex -0.082410976 -0.0050000994 0.029367142
   vertex -0.082410976 -0.0043707838 0.029367949
  endloop
 endfacet
 facet normal -1 -2.0308947e-08 1.583044e-05
  outer loop
   vertex -0.082410986 -0.0050024402 0.028731394
   vertex -0.082410976 -0.0043707838 0.029367949
   vertex -0.082410985 -0.0043721036 0.028734232
  endloop
 endfacet
 facet normal -1 -1.4966214e-05 1.314568e-05
  outer loop
   vertex -0.082410994 -0.0037362608 0.028733765
   vertex -0.082410985 -0.0043721036 0.028734232
   vertex -0.082410976 -0.0043707838 0.029367949
  endloop
 endfacet
 facet normal -1 -1.4966214e-05 1.314568e-05
  outer loop
   vertex -0.082410994 -0.0037362608 0.028733765
   vertex -0.082410976 -0.0043707838 0.029367949
   vertex -0.082410984 -0.0037359329 0.029366651
  endloop
 endfacet
 facet normal -1 8.2282418e-05 3.8170501e-06
  outer loop
   vertex -0.082410964 -0.002440124 0.028728508
   vertex -0.082411017 -0.0030910276 0.028731086
   vertex -0.082411015 -0.0030908601 0.029362665
  endloop
 endfacet
 facet normal -1 8.2282418e-05 3.8170501e-06
  outer loop
   vertex -0.082410964 -0.002440124 0.028728508
   vertex -0.082411015 -0.0030908601 0.029362665
   vertex -0.082411145 -0.0024330862 0.029356042
  endloop
 endfacet
 facet normal -1 -5.1296705e-05 2.3756384e-06
  outer loop
   vertex -0.08241098 -0.0037362779 0.029994902
   vertex -0.082411013 -0.0030903421 0.029989825
   vertex -0.082411015 -0.0030908601 0.029362665
  endloop
 endfacet
 facet normal -1 -5.1296705e-05 2.3756384e-06
  outer loop
   vertex -0.08241098 -0.0037362779 0.029994902
   vertex -0.082411015 -0.0030908601 0.029362665
   vertex -0.082410984 -0.0037359329 0.029366651
  endloop
 endfacet
 facet normal -1 -4.7110535e-05 1.5257951e-05
  outer loop
   vertex -0.082410994 -0.0037362608 0.028733765
   vertex -0.082410984 -0.0037359329 0.029366651
   vertex -0.082411015 -0.0030908601 0.029362665
  endloop
 endfacet
 facet normal -1 -4.7110535e-05 1.5257951e-05
  outer loop
   vertex -0.082410994 -0.0037362608 0.028733765
   vertex -0.082411015 -0.0030908601 0.029362665
   vertex -0.082411017 -0.0030910276 0.028731086
  endloop
 endfacet
 facet normal -0.99999987 -0.00047324534 -0.00019185384
  outer loop
   vertex -0.082411165 -0.0037424047 0.027441999
   vertex -0.082410865 -0.0043805914 0.027449832
   vertex -0.082410991 -0.004375076 0.028093012
  endloop
 endfacet
 facet normal -0.99999987 -0.00047324534 -0.00019185384
  outer loop
   vertex -0.082411165 -0.0037424047 0.027441999
   vertex -0.082410991 -0.004375076 0.028093012
   vertex -0.08241103 -0.0037371621 0.028092303
  endloop
 endfacet
 facet normal -1 2.7379735e-06 9.6488518e-06
  outer loop
   vertex -0.082410986 -0.0050024402 0.028731394
   vertex -0.082410985 -0.0043721036 0.028734232
   vertex -0.082410991 -0.004375076 0.028093012
  endloop
 endfacet
 facet normal -1 2.7379735e-06 9.6488518e-06
  outer loop
   vertex -0.082410986 -0.0050024402 0.028731394
   vertex -0.082410991 -0.004375076 0.028093012
   vertex -0.08241101 -0.0050067648 0.028087121
  endloop
 endfacet
 facet normal -1 -6.0754486e-05 5.5378248e-05
  outer loop
   vertex -0.082410994 -0.0037362608 0.028733765
   vertex -0.08241103 -0.0037371621 0.028092303
   vertex -0.082410991 -0.004375076 0.028093012
  endloop
 endfacet
 facet normal -1 -6.0754486e-05 5.5378248e-05
  outer loop
   vertex -0.082410994 -0.0037362608 0.028733765
   vertex -0.082410991 -0.004375076 0.028093012
   vertex -0.082410985 -0.0043721036 0.028734232
  endloop
 endfacet
 facet normal -0.99994408 0.010091212 -0.0031638456
  outer loop
   vertex -0.082405201 -0.0025067319 0.026216503
   vertex -0.082411512 -0.0032177824 0.025943202
   vertex -0.082413077 -0.0031141117 0.02676843
  endloop
 endfacet
 facet normal -0.99994408 0.010091212 -0.0031638456
  outer loop
   vertex -0.082405201 -0.0025067319 0.026216503
   vertex -0.082413077 -0.0031141117 0.02676843
   vertex -0.082413003 -0.0024512733 0.026806638
  endloop
 endfacet
 facet normal -0.99999717 -0.00056597994 0.002310516
  outer loop
   vertex -0.082411165 -0.0037424047 0.027441999
   vertex -0.082411549 -0.0030863761 0.027436834
   vertex -0.082413077 -0.0031141117 0.02676843
  endloop
 endfacet
 facet normal -0.99999717 -0.00056597994 0.002310516
  outer loop
   vertex -0.082411165 -0.0037424047 0.027441999
   vertex -0.082413077 -0.0031141117 0.02676843
   vertex -0.082412058 -0.0037606735 0.026800911
  endloop
 endfacet
 facet normal -0.99999814 -0.0016276504 -0.0010312582
  outer loop
   vertex -0.08241121 -0.0038383082 0.026100375
   vertex -0.082412058 -0.0037606735 0.026800911
   vertex -0.082413077 -0.0031141117 0.02676843
  endloop
 endfacet
 facet normal -0.99999814 -0.0016276504 -0.0010312582
  outer loop
   vertex -0.08241121 -0.0038383082 0.026100375
   vertex -0.082413077 -0.0031141117 0.02676843
   vertex -0.082411512 -0.0032177824 0.025943202
  endloop
 endfacet
 facet normal -0.99999058 -0.0040688556 0.0015089044
  outer loop
   vertex -0.082411165 -0.0037424047 0.027441999
   vertex -0.082412058 -0.0037606735 0.026800911
   vertex -0.082409438 -0.0043889934 0.026842969
  endloop
 endfacet
 facet normal -0.99999058 -0.0040688556 0.0015089044
  outer loop
   vertex -0.082411165 -0.0037424047 0.027441999
   vertex -0.082409438 -0.0043889934 0.026842969
   vertex -0.082410865 -0.0043805914 0.027449832
  endloop
 endfacet
 facet normal -0.99983961 -0.0025991283 0.017720279
  outer loop
   vertex -0.082415779 -0.0049773283 0.026398885
   vertex -0.082407757 -0.0050047458 0.026847509
   vertex -0.082409438 -0.0043889934 0.026842969
  endloop
 endfacet
 facet normal -0.99983961 -0.0025991283 0.017720279
  outer loop
   vertex -0.082415779 -0.0049773283 0.026398885
   vertex -0.082409438 -0.0043889934 0.026842969
   vertex -0.082413043 -0.0044192986 0.026249384
  endloop
 endfacet
 facet normal -0.99997216 0.004652049 0.0058349509
  outer loop
   vertex -0.08241121 -0.0038383082 0.026100375
   vertex -0.082413043 -0.0044192986 0.026249384
   vertex -0.082409438 -0.0043889934 0.026842969
  endloop
 endfacet
 facet normal -0.99997216 0.004652049 0.0058349509
  outer loop
   vertex -0.08241121 -0.0038383082 0.026100375
   vertex -0.082409438 -0.0043889934 0.026842969
   vertex -0.082412058 -0.0037606735 0.026800911
  endloop
 endfacet
 facet normal 0.002538521 -0.96496183 0.26237802
  outer loop
   vertex -0.083105171 -0.0018646891 0.026224304
   vertex -0.083076613 -0.00171134 0.026788008
   vertex -0.083711066 -0.0017178324 0.026770269
  endloop
 endfacet
 facet normal 0.002538521 -0.96496183 0.26237802
  outer loop
   vertex -0.083105171 -0.0018646891 0.026224304
   vertex -0.083711066 -0.0017178324 0.026770269
   vertex -0.083725973 -0.0018683375 0.026209313
  endloop
 endfacet
 facet normal -1.2591123e-06 -0.96594862 0.25873396
  outer loop
   vertex -0.084363416 -0.0018699986 0.026202765
   vertex -0.084375 -0.0020290684 0.025608899
   vertex -0.083754996 -0.0020290516 0.025608965
  endloop
 endfacet
 facet normal -1.2591123e-06 -0.96594862 0.25873396
  outer loop
   vertex -0.084363416 -0.0018699986 0.026202765
   vertex -0.083754996 -0.0020290516 0.025608965
   vertex -0.083725973 -0.0018683375 0.026209313
  endloop
 endfacet
 facet normal -0.00010971095 0.25844581 0.96602575
  outer loop
   vertex -0.083754996 -0.0020290516 0.025608965
   vertex -0.084375 -0.0020290684 0.025608899
   vertex -0.08435889 -0.0025050074 0.025736231
  endloop
 endfacet
 facet normal -0.00010971095 0.25844581 0.96602575
  outer loop
   vertex -0.083754996 -0.0020290516 0.025608965
   vertex -0.08435889 -0.0025050074 0.025736231
   vertex -0.083717178 -0.0025052652 0.025735892
  endloop
 endfacet
 facet normal -0.0005681858 -0.96597866 0.25862117
  outer loop
   vertex -0.083105171 -0.0018646891 0.026224304
   vertex -0.083725973 -0.0018683375 0.026209313
   vertex -0.083754996 -0.0020290516 0.025608965
  endloop
 endfacet
 facet normal -0.0005681858 -0.96597866 0.25862117
  outer loop
   vertex -0.083105171 -0.0018646891 0.026224304
   vertex -0.083754996 -0.0020290516 0.025608965
   vertex -0.083173715 -0.0020289955 0.025609188
  endloop
 endfacet
 facet normal -0.00039666089 0.25614366 0.96663864
  outer loop
   vertex -0.083092461 -0.0025071945 0.025735937
   vertex -0.083173715 -0.0020289955 0.025609188
   vertex -0.083754996 -0.0020290516 0.025608965
  endloop
 endfacet
 facet normal -0.00039666089 0.25614366 0.96663864
  outer loop
   vertex -0.083092461 -0.0025071945 0.025735937
   vertex -0.083754996 -0.0020290516 0.025608965
   vertex -0.083717178 -0.0025052652 0.025735892
  endloop
 endfacet
 facet normal 0.00013799648 -0.96592129 0.25883593
  outer loop
   vertex -0.083711066 -0.0017178324 0.026770269
   vertex -0.084356583 -0.0017196234 0.02676393
   vertex -0.084363416 -0.0018699986 0.026202765
  endloop
 endfacet
 facet normal 0.00013799648 -0.96592129 0.25883593
  outer loop
   vertex -0.083711066 -0.0017178324 0.026770269
   vertex -0.084363416 -0.0018699986 0.026202765
   vertex -0.083725973 -0.0018683375 0.026209313
  endloop
 endfacet
 facet normal -0.99999932 -0.00083017535 -0.00081997037
  outer loop
   vertex -0.082411471 -0.0062721705 0.027443043
   vertex -0.082411964 -0.0056463746 0.027411289
   vertex -0.082411252 -0.0057048781 0.02660206
  endloop
 endfacet
 facet normal -0.99999932 -0.00083017535 -0.00081997037
  outer loop
   vertex -0.082411471 -0.0062721705 0.027443043
   vertex -0.082411252 -0.0057048781 0.02660206
   vertex -0.082411112 -0.0063277425 0.026764807
  endloop
 endfacet
 facet normal -0.66040112 0.19815706 0.72429561
  outer loop
   vertex -0.082415779 -0.0049773283 0.026398885
   vertex -0.082418638 -0.0054209711 0.026517653
   vertex -0.082411252 -0.0057048781 0.02660206
  endloop
 endfacet
 facet normal -0.66040112 0.19815706 0.72429561
  outer loop
   vertex -0.082415779 -0.0049773283 0.026398885
   vertex -0.082411252 -0.0057048781 0.02660206
   vertex -0.082407757 -0.0050047458 0.026847509
  endloop
 endfacet
 facet normal 0.99999999 8.075651e-05 -8.3179453e-05
  outer loop
   vertex -0.088410996 -0.003727469 0.028072898
   vertex -0.088411051 -0.003054304 0.028070322
   vertex -0.088410996 -0.0030629953 0.028718621
  endloop
 endfacet
 facet normal 0.99999999 8.075651e-05 -8.3179453e-05
  outer loop
   vertex -0.088410996 -0.003727469 0.028072898
   vertex -0.088410996 -0.0030629953 0.028718621
   vertex -0.088410982 -0.0037252265 0.028722635
  endloop
 endfacet
 facet normal 1 -8.4969895e-07 6.3263509e-09
  outer loop
   vertex -0.08841098 -0.003727271 0.029361178
   vertex -0.088410981 -0.0043681697 0.029362192
   vertex -0.088410981 -0.0043702385 0.028720548
  endloop
 endfacet
 facet normal 1 -8.4969895e-07 6.3263509e-09
  outer loop
   vertex -0.08841098 -0.003727271 0.029361178
   vertex -0.088410981 -0.0043702385 0.028720548
   vertex -0.088410982 -0.0037252265 0.028722635
  endloop
 endfacet
 facet normal 1 7.2025639e-06 -1.7019674e-05
  outer loop
   vertex -0.088410996 -0.0030629953 0.028718621
   vertex -0.088410985 -0.0030722927 0.029356096
   vertex -0.08841098 -0.003727271 0.029361178
  endloop
 endfacet
 facet normal 1 7.2025639e-06 -1.7019674e-05
  outer loop
   vertex -0.088410996 -0.0030629953 0.028718621
   vertex -0.08841098 -0.003727271 0.029361178
   vertex -0.088410982 -0.0037252265 0.028722635
  endloop
 endfacet
 facet normal 1 2.1915498e-05 -1.7632445e-06
  outer loop
   vertex -0.088410981 -0.0043702385 0.028720548
   vertex -0.088410982 -0.0043772766 0.028064001
   vertex -0.088410996 -0.003727469 0.028072898
  endloop
 endfacet
 facet normal 1 2.1915498e-05 -1.7632445e-06
  outer loop
   vertex -0.088410981 -0.0043702385 0.028720548
   vertex -0.088410996 -0.003727469 0.028072898
   vertex -0.088410982 -0.0037252265 0.028722635
  endloop
 endfacet
 facet normal 0.99999993 2.1172618e-05 0.00037019457
  outer loop
   vertex -0.088410942 -0.0032217365 0.025928445
   vertex -0.088411246 -0.0031237996 0.026742444
   vertex -0.088411242 -0.0037664328 0.026769409
  endloop
 endfacet
 facet normal 0.99999993 2.1172618e-05 0.00037019457
  outer loop
   vertex -0.088410942 -0.0032217365 0.025928445
   vertex -0.088411242 -0.0037664328 0.026769409
   vertex -0.08841088 -0.0038399881 0.026094106
  endloop
 endfacet
 facet normal -0.00016980175 0.25918414 0.96582791
  outer loop
   vertex -0.087664574 -0.0049444755 0.026390398
   vertex -0.087662169 -0.0043821751 0.026239502
   vertex -0.088410676 -0.0044193112 0.026249336
  endloop
 endfacet
 facet normal -0.00016980175 0.25918414 0.96582791
  outer loop
   vertex -0.087664574 -0.0049444755 0.026390398
   vertex -0.088410676 -0.0044193112 0.026249336
   vertex -0.088409539 -0.0049962922 0.026403939
  endloop
 endfacet
 facet normal -7.3673895e-05 0.25882139 0.9659252
  outer loop
   vertex -0.087655487 -0.0038189304 0.026088521
   vertex -0.08841088 -0.0038399881 0.026094106
   vertex -0.088410676 -0.0044193112 0.026249336
  endloop
 endfacet
 facet normal -7.3673895e-05 0.25882139 0.9659252
  outer loop
   vertex -0.087655487 -0.0038189304 0.026088521
   vertex -0.088410676 -0.0044193112 0.026249336
   vertex -0.087662169 -0.0043821751 0.026239502
  endloop
 endfacet
 facet normal 0.99999936 -3.0795797e-05 0.0011280182
  outer loop
   vertex -0.088411242 -0.0037664328 0.026769409
   vertex -0.088411243 -0.0044099599 0.026752433
   vertex -0.088410676 -0.0044193112 0.026249336
  endloop
 endfacet
 facet normal 0.99999936 -3.0795797e-05 0.0011280182
  outer loop
   vertex -0.088411242 -0.0037664328 0.026769409
   vertex -0.088410676 -0.0044193112 0.026249336
   vertex -0.08841088 -0.0038399881 0.026094106
  endloop
 endfacet
 facet normal 0.00019072413 -0.9659687 0.2586589
  outer loop
   vertex -0.086287722 -0.0017206773 0.02675992
   vertex -0.086956109 -0.0017203775 0.026761533
   vertex -0.086927628 -0.0018719092 0.026195613
  endloop
 endfacet
 facet normal 0.00019072413 -0.9659687 0.2586589
  outer loop
   vertex -0.086287722 -0.0017206773 0.02675992
   vertex -0.086927628 -0.0018719092 0.026195613
   vertex -0.086274157 -0.0018711398 0.02619833
  endloop
 endfacet
 facet normal 0.00089341333 -0.96607445 0.25826219
  outer loop
   vertex -0.08763021 -0.001477031 0.027674145
   vertex -0.08763078 -0.0017176472 0.02677408
   vertex -0.086956109 -0.0017203775 0.026761533
  endloop
 endfacet
 facet normal 0.00089341333 -0.96607445 0.25826219
  outer loop
   vertex -0.08763021 -0.001477031 0.027674145
   vertex -0.086956109 -0.0017203775 0.026761533
   vertex -0.086974564 -0.001479322 0.027661206
  endloop
 endfacet
 facet normal 1.2134588e-08 -0.96592583 0.25881903
  outer loop
   vertex -0.08625 -0.0020290753 0.025608872
   vertex -0.085625 -0.0020290755 0.025608871
   vertex -0.085632901 -0.0018708519 0.02619937
  endloop
 endfacet
 facet normal 1.2134588e-08 -0.96592583 0.25881903
  outer loop
   vertex -0.08625 -0.0020290753 0.025608872
   vertex -0.085632901 -0.0018708519 0.02619937
   vertex -0.086274157 -0.0018711398 0.02619833
  endloop
 endfacet
 facet normal 6.8615833e-09 0.25881762 0.96592621
  outer loop
   vertex -0.08625 -0.0020290753 0.025608872
   vertex -0.086275622 -0.0025086056 0.025737361
   vertex -0.08563281 -0.0025056434 0.025736567
  endloop
 endfacet
 facet normal 6.8615833e-09 0.25881762 0.96592621
  outer loop
   vertex -0.08625 -0.0020290753 0.025608872
   vertex -0.08563281 -0.0025056434 0.025736567
   vertex -0.085625 -0.0020290755 0.025608871
  endloop
 endfacet
 facet normal 1.3948413e-05 -0.96593233 0.25879477
  outer loop
   vertex -0.086287722 -0.0017206773 0.02675992
   vertex -0.086274157 -0.0018711398 0.02619833
   vertex -0.085632901 -0.0018708519 0.02619937
  endloop
 endfacet
 facet normal 1.3948413e-05 -0.96593233 0.25879477
  outer loop
   vertex -0.086287722 -0.0017206773 0.02675992
   vertex -0.085632901 -0.0018708519 0.02619937
   vertex -0.085637566 -0.001720484 0.02676055
  endloop
 endfacet
 facet normal 4.0256961e-08 -0.96594665 0.25874132
  outer loop
   vertex -0.086927628 -0.0018719092 0.026195613
   vertex -0.086870004 -0.0020290748 0.025608874
   vertex -0.08625 -0.0020290753 0.025608872
  endloop
 endfacet
 facet normal 4.0256961e-08 -0.96594665 0.25874132
  outer loop
   vertex -0.086927628 -0.0018719092 0.026195613
   vertex -0.08625 -0.0020290753 0.025608872
   vertex -0.086274157 -0.0018711398 0.02619833
  endloop
 endfacet
 facet normal 3.6858712e-06 0.25881283 0.96592749
  outer loop
   vertex -0.08625 -0.0020290753 0.025608872
   vertex -0.086870004 -0.0020290748 0.025608874
   vertex -0.086931148 -0.0025157627 0.025739279
  endloop
 endfacet
 facet normal 3.6858712e-06 0.25881283 0.96592749
  outer loop
   vertex -0.08625 -0.0020290753 0.025608872
   vertex -0.086931148 -0.0025157627 0.025739279
   vertex -0.086275622 -0.0025086056 0.025737361
  endloop
 endfacet
 facet normal 0.0054773674 0.25308786 0.96742779
  outer loop
   vertex -0.086920581 -0.011238367 0.028076727
   vertex -0.087559697 -0.01130224 0.028097055
   vertex -0.087447295 -0.01168824 0.0281974
  endloop
 endfacet
 facet normal 0.0054773674 0.25308786 0.96742779
  outer loop
   vertex -0.086920581 -0.011238367 0.028076727
   vertex -0.087447295 -0.01168824 0.0281974
   vertex -0.086869795 -0.011688312 0.028197143
  endloop
 endfacet
 facet normal 3.3310673e-06 0.96576013 -0.25943664
  outer loop
   vertex -0.086925504 -0.011580925 0.028596893
   vertex -0.086869795 -0.011688312 0.028197143
   vertex -0.087447295 -0.01168824 0.0281974
  endloop
 endfacet
 facet normal 3.3310673e-06 0.96576013 -0.25943664
  outer loop
   vertex -0.086925504 -0.011580925 0.028596893
   vertex -0.087447295 -0.01168824 0.0281974
   vertex -0.087564863 -0.011580715 0.02859189
  endloop
 endfacet
 facet normal 3.7969406e-05 0.2588192 0.96592578
  outer loop
   vertex -0.08628532 -0.010701972 0.027932792
   vertex -0.085636856 -0.010697855 0.027931663
   vertex -0.085641409 -0.009841752 0.027702271
  endloop
 endfacet
 facet normal 3.7969406e-05 0.2588192 0.96592578
  outer loop
   vertex -0.08628532 -0.010701972 0.027932792
   vertex -0.085641409 -0.009841752 0.027702271
   vertex -0.086299121 -0.0098413701 0.027702175
  endloop
 endfacet
 facet normal -2.3607195e-15 0.25881901 0.96592584
  outer loop
   vertex -0.084997757 -0.010698109 0.027931731
   vertex -0.085636856 -0.010697855 0.027931663
   vertex -0.08563223 -0.011214595 0.028070123
  endloop
 endfacet
 facet normal -2.3607195e-15 0.25881901 0.96592584
  outer loop
   vertex -0.084997757 -0.010698109 0.027931731
   vertex -0.08563223 -0.011214595 0.028070123
   vertex -0.084998789 -0.011214823 0.028070184
  endloop
 endfacet
 facet normal 0.0014043426 0.25892383 0.96589672
  outer loop
   vertex -0.086920581 -0.011238367 0.028076727
   vertex -0.086951274 -0.010710219 0.027935193
   vertex -0.087623483 -0.010714734 0.027937381
  endloop
 endfacet
 facet normal 0.0014043426 0.25892383 0.96589672
  outer loop
   vertex -0.086920581 -0.011238367 0.028076727
   vertex -0.087623483 -0.010714734 0.027937381
   vertex -0.087559697 -0.01130224 0.028097055
  endloop
 endfacet
 facet normal 0.00027750833 0.25884343 0.96591925
  outer loop
   vertex -0.086951274 -0.010710219 0.027935193
   vertex -0.08628532 -0.010701972 0.027932792
   vertex -0.086299121 -0.0098413701 0.027702175
  endloop
 endfacet
 facet normal 0.00027750833 0.25884343 0.96591925
  outer loop
   vertex -0.086951274 -0.010710219 0.027935193
   vertex -0.086299121 -0.0098413701 0.027702175
   vertex -0.086972635 -0.0098396379 0.027701753
  endloop
 endfacet
 facet normal 0 0.25881901 0.96592584
  outer loop
   vertex -0.08563223 -0.011214595 0.028070123
   vertex -0.085625 -0.011688334 0.028197061
   vertex -0.085 -0.011688334 0.028197061
  endloop
 endfacet
 facet normal 0 0.25881901 0.96592584
  outer loop
   vertex -0.08563223 -0.011214595 0.028070123
   vertex -0.085 -0.011688334 0.028197061
   vertex -0.084998789 -0.011214823 0.028070184
  endloop
 endfacet
 facet normal 0 0.96592583 -0.25881904
  outer loop
   vertex -0.085 -0.011688334 0.028197061
   vertex -0.085625 -0.011688334 0.028197061
   vertex -0.085633131 -0.011582176 0.028593249
  endloop
 endfacet
 facet normal 0 0.96592583 -0.25881904
  outer loop
   vertex -0.085 -0.011688334 0.028197061
   vertex -0.085633131 -0.011582176 0.028593249
   vertex -0.084998145 -0.011582235 0.028593026
  endloop
 endfacet
 facet normal 0.019317311 0.97452081 -0.22346373
  outer loop
   vertex -0.083118947 -0.01158536 0.028584942
   vertex -0.082648532 -0.011595256 0.028582453
   vertex -0.082419465 -0.011687433 0.028200269
  endloop
 endfacet
 facet normal 0.019317311 0.97452081 -0.22346373
  outer loop
   vertex -0.083118947 -0.01158536 0.028584942
   vertex -0.082419465 -0.011687433 0.028200269
   vertex -0.083177705 -0.011688224 0.02819746
  endloop
 endfacet
 facet normal 0.00012133073 0.25880124 0.96593059
  outer loop
   vertex -0.083690147 -0.0098405465 0.027701836
   vertex -0.084346028 -0.0098417704 0.027702246
   vertex -0.084358609 -0.010702955 0.027932984
  endloop
 endfacet
 facet normal 0.00012133073 0.25880124 0.96593059
  outer loop
   vertex -0.083690147 -0.0098405465 0.027701836
   vertex -0.084358609 -0.010702955 0.027932984
   vertex -0.083715079 -0.010712686 0.027935354
  endloop
 endfacet
 facet normal 6.8214875e-05 0.25874519 0.96594561
  outer loop
   vertex -0.084365352 -0.011220997 0.028071751
   vertex -0.084358609 -0.010702955 0.027932984
   vertex -0.084997757 -0.010698109 0.027931731
  endloop
 endfacet
 facet normal 6.8214875e-05 0.25874519 0.96594561
  outer loop
   vertex -0.084365352 -0.011220997 0.028071751
   vertex -0.084997757 -0.010698109 0.027931731
   vertex -0.084998789 -0.011214823 0.028070184
  endloop
 endfacet
 facet normal -1.4123804e-06 0.96592583 -0.25881904
  outer loop
   vertex -0.084362917 -0.011582024 0.028593811
   vertex -0.084998145 -0.011582235 0.028593026
   vertex -0.084996237 -0.01136084 0.029419283
  endloop
 endfacet
 facet normal -1.4123804e-06 0.96592583 -0.25881904
  outer loop
   vertex -0.084362917 -0.011582024 0.028593811
   vertex -0.084996237 -0.01136084 0.029419283
   vertex -0.0843504 -0.011360557 0.029420191
  endloop
 endfacet
 facet normal -0.0052872225 0.26299648 0.9647823
  outer loop
   vertex -0.082411034 -0.010717761 0.027939228
   vertex -0.083082431 -0.010719215 0.027935945
   vertex -0.083122785 -0.011310572 0.028096926
  endloop
 endfacet
 facet normal -0.0052872225 0.26299648 0.9647823
  outer loop
   vertex -0.082411034 -0.010717761 0.027939228
   vertex -0.083122785 -0.011310572 0.028096926
   vertex -0.082477432 -0.011591751 0.028176924
  endloop
 endfacet
 facet normal 0.0017521209 0.25726493 0.96633932
  outer loop
   vertex -0.083715079 -0.010712686 0.027935354
   vertex -0.083082431 -0.010719215 0.027935945
   vertex -0.083046593 -0.0098306385 0.027699318
  endloop
 endfacet
 facet normal 0.0017521209 0.25726493 0.96633932
  outer loop
   vertex -0.083715079 -0.010712686 0.027935354
   vertex -0.083046593 -0.0098306385 0.027699318
   vertex -0.083690147 -0.0098405465 0.027701836
  endloop
 endfacet
 facet normal -4.4568278e-05 0.25904419 0.96586547
  outer loop
   vertex -0.085 -0.011688334 0.028197061
   vertex -0.084375 -0.011688327 0.028197088
   vertex -0.084365352 -0.011220997 0.028071751
  endloop
 endfacet
 facet normal -4.4568278e-05 0.25904419 0.96586547
  outer loop
   vertex -0.085 -0.011688334 0.028197061
   vertex -0.084365352 -0.011220997 0.028071751
   vertex -0.084998789 -0.011214823 0.028070184
  endloop
 endfacet
 facet normal -1.4123845e-06 0.96592583 -0.25881904
  outer loop
   vertex -0.085 -0.011688334 0.028197061
   vertex -0.084998145 -0.011582235 0.028593026
   vertex -0.084362917 -0.011582024 0.028593811
  endloop
 endfacet
 facet normal -1.4123845e-06 0.96592583 -0.25881904
  outer loop
   vertex -0.085 -0.011688334 0.028197061
   vertex -0.084362917 -0.011582024 0.028593811
   vertex -0.084375 -0.011688327 0.028197088
  endloop
 endfacet
 facet normal -0.99997891 0.0002814647 0.0064890356
  outer loop
   vertex -0.082410477 -0.0025195375 0.051333364
   vertex -0.082410655 -0.0031637046 0.051333906
   vertex -0.08240683 -0.0031518397 0.051922895
  endloop
 endfacet
 facet normal -0.99997891 0.0002814647 0.0064890356
  outer loop
   vertex -0.082410477 -0.0025195375 0.051333364
   vertex -0.08240683 -0.0031518397 0.051922895
   vertex -0.082408544 -0.0025169077 0.051950252
  endloop
 endfacet
 facet normal -0.99997913 0.0062279128 0.0017189329
  outer loop
   vertex -0.082411992 -0.0038248514 0.0513583
   vertex -0.082410983 -0.0038328253 0.05197398
   vertex -0.08240683 -0.0031518397 0.051922895
  endloop
 endfacet
 facet normal -0.99997913 0.0062279128 0.0017189329
  outer loop
   vertex -0.082411992 -0.0038248514 0.0513583
   vertex -0.08240683 -0.0031518397 0.051922895
   vertex -0.082410655 -0.0031637046 0.051333906
  endloop
 endfacet
 facet normal -0.9999999 -1.7636141e-05 -0.00044160809
  outer loop
   vertex -0.082411014 -0.0038007646 0.050045158
   vertex -0.082411008 -0.0044554874 0.050058144
   vertex -0.082411295 -0.0044681553 0.050707389
  endloop
 endfacet
 facet normal -0.9999999 -1.7636141e-05 -0.00044160809
  outer loop
   vertex -0.082411014 -0.0038007646 0.050045158
   vertex -0.082411295 -0.0044681553 0.050707389
   vertex -0.082411236 -0.0038163188 0.050700306
  endloop
 endfacet
 facet normal -0.99999989 0.00018219552 0.00043397905
  outer loop
   vertex -0.082411184 -0.0048925178 0.051140777
   vertex -0.082410989 -0.0045642739 0.051451692
   vertex -0.082411295 -0.0044681553 0.050707389
  endloop
 endfacet
 facet normal -0.99999989 0.00018219552 0.00043397905
  outer loop
   vertex -0.082411184 -0.0048925178 0.051140777
   vertex -0.082411295 -0.0044681553 0.050707389
   vertex -0.082410978 -0.0052107583 0.050777239
  endloop
 endfacet
 facet normal -0.99999934 7.7862196e-05 -0.0011475997
  outer loop
   vertex -0.082411992 -0.0038248514 0.0513583
   vertex -0.082411236 -0.0038163188 0.050700306
   vertex -0.082411295 -0.0044681553 0.050707389
  endloop
 endfacet
 facet normal -0.99999934 7.7862196e-05 -0.0011475997
  outer loop
   vertex -0.082411992 -0.0038248514 0.0513583
   vertex -0.082411295 -0.0044681553 0.050707389
   vertex -0.082410989 -0.0045642739 0.051451692
  endloop
 endfacet
 facet normal -0.99999977 0.0001544223 0.00066342825
  outer loop
   vertex -0.082410477 -0.0025195375 0.051333364
   vertex -0.082410913 -0.002516795 0.050675702
   vertex -0.082411008 -0.0031600936 0.050683049
  endloop
 endfacet
 facet normal -0.99999977 0.0001544223 0.00066342825
  outer loop
   vertex -0.082410477 -0.0025195375 0.051333364
   vertex -0.082411008 -0.0031600936 0.050683049
   vertex -0.082410655 -0.0031637046 0.051333906
  endloop
 endfacet
 facet normal -0.99999989 0.00033927331 -0.00033048708
  outer loop
   vertex -0.082411014 -0.0038007646 0.050045158
   vertex -0.082411236 -0.0038163188 0.050700306
   vertex -0.082411008 -0.0031600936 0.050683049
  endloop
 endfacet
 facet normal -0.99999989 0.00033927331 -0.00033048708
  outer loop
   vertex -0.082411014 -0.0038007646 0.050045158
   vertex -0.082411008 -0.0031600936 0.050683049
   vertex -0.08241099 -0.0031515633 0.050032687
  endloop
 endfacet
 facet normal -0.99999776 0.0020421558 0.00055300961
  outer loop
   vertex -0.082411992 -0.0038248514 0.0513583
   vertex -0.082410655 -0.0031637046 0.051333906
   vertex -0.082411008 -0.0031600936 0.050683049
  endloop
 endfacet
 facet normal -0.99999776 0.0020421558 0.00055300961
  outer loop
   vertex -0.082411992 -0.0038248514 0.0513583
   vertex -0.082411008 -0.0031600936 0.050683049
   vertex -0.082411236 -0.0038163188 0.050700306
  endloop
 endfacet
 facet normal -0.99999763 -0.0015489307 -0.0015303256
  outer loop
   vertex -0.082411992 -0.0038248514 0.0513583
   vertex -0.082410989 -0.0045642739 0.051451692
   vertex -0.082412003 -0.0041958906 0.051741513
  endloop
 endfacet
 facet normal -0.99999763 -0.0015489307 -0.0015303256
  outer loop
   vertex -0.082411992 -0.0038248514 0.0513583
   vertex -0.082412003 -0.0041958906 0.051741513
   vertex -0.082410983 -0.0038328253 0.05197398
  endloop
 endfacet
 facet normal 0.99998866 -9.7082072e-05 -0.004761781
  outer loop
   vertex -0.088408054 -0.0038131177 0.051960604
   vertex -0.088410981 -0.0038007094 0.051345582
   vertex -0.088410981 -0.0031463142 0.05133224
  endloop
 endfacet
 facet normal 0.99998866 -9.7082072e-05 -0.004761781
  outer loop
   vertex -0.088408054 -0.0038131177 0.051960604
   vertex -0.088410981 -0.0031463142 0.05133224
   vertex -0.088410981 -0.0031347702 0.051922006
  endloop
 endfacet
 facet normal 1 -1.7576986e-06 -1.7430971e-06
  outer loop
   vertex -0.088410981 -0.0045550776 0.051460125
   vertex -0.088410982 -0.0044486057 0.050699895
   vertex -0.088410981 -0.0037962559 0.050691777
  endloop
 endfacet
 facet normal 1 -1.7576986e-06 -1.7430971e-06
  outer loop
   vertex -0.088410981 -0.0045550776 0.051460125
   vertex -0.088410981 -0.0037962559 0.050691777
   vertex -0.088410981 -0.0038007094 0.051345582
  endloop
 endfacet
 facet normal 1 2.0990133e-14 -2.1300777e-14
  outer loop
   vertex -0.088410981 -0.0037962559 0.050691777
   vertex -0.088410981 -0.0031465362 0.050680506
   vertex -0.088410981 -0.0031463142 0.05133224
  endloop
 endfacet
 facet normal 1 2.0990133e-14 -2.1300777e-14
  outer loop
   vertex -0.088410981 -0.0037962559 0.050691777
   vertex -0.088410981 -0.0031463142 0.05133224
   vertex -0.088410981 -0.0038007094 0.051345582
  endloop
 endfacet
 facet normal 0.99889275 -0.028953458 0.037080697
  outer loop
   vertex -0.088408054 -0.0038131177 0.051960604
   vertex -0.088410981 -0.0041792148 0.051753607
   vertex -0.088410981 -0.0045550776 0.051460125
  endloop
 endfacet
 facet normal 0.99889275 -0.028953458 0.037080697
  outer loop
   vertex -0.088408054 -0.0038131177 0.051960604
   vertex -0.088410981 -0.0045550776 0.051460125
   vertex -0.088410981 -0.0038007094 0.051345582
  endloop
 endfacet
 facet normal -8.1932877e-05 0.65495028 -0.75567197
  outer loop
   vertex -0.085637568 -0.0041984469 0.051739634
   vertex -0.084997228 -0.0041979516 0.051739994
   vertex -0.084995742 -0.0049089582 0.051123756
  endloop
 endfacet
 facet normal -8.1932877e-05 0.65495028 -0.75567197
  outer loop
   vertex -0.085637568 -0.0041984469 0.051739634
   vertex -0.084995742 -0.0049089582 0.051123756
   vertex -0.085644779 -0.0049090147 0.051123697
  endloop
 endfacet
 facet normal -0.00026309869 0.65364098 -0.75680473
  outer loop
   vertex -0.087596822 -0.0041899313 0.051745821
   vertex -0.086940388 -0.0041882673 0.05174703
   vertex -0.086992265 -0.0049040555 0.051128833
  endloop
 endfacet
 facet normal -0.00026309869 0.65364098 -0.75680473
  outer loop
   vertex -0.087596822 -0.0041899313 0.051745821
   vertex -0.086992265 -0.0049040555 0.051128833
   vertex -0.08768725 -0.004899513 0.051133536
  endloop
 endfacet
 facet normal -0.00018449527 -0.78720616 -0.6166899
  outer loop
   vertex -0.084994278 0.0023604801 0.051082632
   vertex -0.085644351 0.0023612872 0.051081796
   vertex -0.085646699 0.0028919306 0.050404429
  endloop
 endfacet
 facet normal -0.00018449527 -0.78720616 -0.6166899
  outer loop
   vertex -0.084994278 0.0023604801 0.051082632
   vertex -0.085646699 0.0028919306 0.050404429
   vertex -0.084993822 0.0028910953 0.050405668
  endloop
 endfacet
 facet normal 0.0002346485 -0.78710881 -0.61681413
  outer loop
   vertex -0.086307236 0.0023595241 0.051083575
   vertex -0.08631384 0.0028931227 0.050402654
   vertex -0.085646699 0.0028919306 0.050404429
  endloop
 endfacet
 facet normal 0.0002346485 -0.78710881 -0.61681413
  outer loop
   vertex -0.086307236 0.0023595241 0.051083575
   vertex -0.085646699 0.0028919306 0.050404429
   vertex -0.085644351 0.0023612872 0.051081796
  endloop
 endfacet
 facet normal 3.3907572e-05 -0.9659289 0.25880756
  outer loop
   vertex -0.084350043 0.00080360672 0.0361806
   vertex -0.084346828 0.00065650552 0.035631584
   vertex -0.083693771 0.00065580216 0.035628874
  endloop
 endfacet
 facet normal 3.3907572e-05 -0.9659289 0.25880756
  outer loop
   vertex -0.084350043 0.00080360672 0.0361806
   vertex -0.083693771 0.00065580216 0.035628874
   vertex -0.083699039 0.00080358642 0.036179809
  endloop
 endfacet
 facet normal -0.00013853685 -0.96593808 0.25877326
  outer loop
   vertex -0.083689975 -0.00067912899 0.03064736
   vertex -0.084344609 -0.00067835638 0.030649893
   vertex -0.084343494 -0.00082860498 0.030089052
  endloop
 endfacet
 facet normal -0.00013853685 -0.96593808 0.25877326
  outer loop
   vertex -0.083689975 -0.00067912899 0.03064736
   vertex -0.084343494 -0.00082860498 0.030089052
   vertex -0.08368924 -0.00082897122 0.030087772
  endloop
 endfacet
 facet normal -7.1058653e-05 -0.96592586 0.25881893
  outer loop
   vertex -0.084346461 -0.00053081993 0.031200615
   vertex -0.084994403 -0.00053062379 0.031201169
   vertex -0.084993523 -0.00067805526 0.030650948
  endloop
 endfacet
 facet normal -7.1058653e-05 -0.96592586 0.25881893
  outer loop
   vertex -0.084346461 -0.00053081993 0.031200615
   vertex -0.084993523 -0.00067805526 0.030650948
   vertex -0.084344609 -0.00067835638 0.030649893
  endloop
 endfacet
 facet normal -3.6482034e-06 0.96592562 -0.25881981
  outer loop
   vertex -0.083692826 -0.0088469671 0.038801176
   vertex -0.084346921 -0.0088472386 0.038800172
   vertex -0.084345281 -0.0086996822 0.039350858
  endloop
 endfacet
 facet normal -3.6482034e-06 0.96592562 -0.25881981
  outer loop
   vertex -0.083692826 -0.0088469671 0.038801176
   vertex -0.084345281 -0.0086996822 0.039350858
   vertex -0.083690375 -0.0086989959 0.039353381
  endloop
 endfacet
 facet normal 1.6864181e-06 0.96592669 -0.25881583
  outer loop
   vertex -0.084994904 -0.0085494449 0.039911555
   vertex -0.084344308 -0.0085493889 0.039911768
   vertex -0.084345281 -0.0086996822 0.039350858
  endloop
 endfacet
 facet normal 1.6864181e-06 0.96592669 -0.25881583
  outer loop
   vertex -0.084994904 -0.0085494449 0.039911555
   vertex -0.084345281 -0.0086996822 0.039350858
   vertex -0.084995192 -0.0086999348 0.039349919
  endloop
 endfacet
 facet normal -1.2829151e-06 0.96592583 -0.25881904
  outer loop
   vertex -0.0849954 -0.0088473739 0.038799668
   vertex -0.084995192 -0.0086999348 0.039349919
   vertex -0.084345281 -0.0086996822 0.039350858
  endloop
 endfacet
 facet normal -1.2829151e-06 0.96592583 -0.25881904
  outer loop
   vertex -0.0849954 -0.0088473739 0.038799668
   vertex -0.084345281 -0.0086996822 0.039350858
   vertex -0.084346921 -0.0088472386 0.038800172
  endloop
 endfacet
 facet normal -1.5407567e-05 0.96592941 -0.25880566
  outer loop
   vertex -0.083689691 -0.0085490556 0.039912997
   vertex -0.083690375 -0.0086989959 0.039353381
   vertex -0.084345281 -0.0086996822 0.039350858
  endloop
 endfacet
 facet normal -1.5407567e-05 0.96592941 -0.25880566
  outer loop
   vertex -0.083689691 -0.0085490556 0.039912997
   vertex -0.084345281 -0.0086996822 0.039350858
   vertex -0.084344308 -0.0085493889 0.039911768
  endloop
 endfacet
 facet normal 4.4448045e-06 0.96592481 -0.25882284
  outer loop
   vertex -0.084348039 -0.00951442 0.036310216
   vertex -0.084342888 -0.009745973 0.035446062
   vertex -0.084993692 -0.0097457693 0.035446811
  endloop
 endfacet
 facet normal 4.4448045e-06 0.96592481 -0.25882284
  outer loop
   vertex -0.084348039 -0.00951442 0.036310216
   vertex -0.084993692 -0.0097457693 0.035446811
   vertex -0.084995499 -0.0095145395 0.036309773
  endloop
 endfacet
 facet normal 5.642638e-06 -0.9659441 0.25875085
  outer loop
   vertex -0.086298878 -0.00067854465 0.030649294
   vertex -0.08629574 -0.0008288027 0.030088365
   vertex -0.085639848 -0.00082855059 0.030089291
  endloop
 endfacet
 facet normal 5.642638e-06 -0.9659441 0.25875085
  outer loop
   vertex -0.086298878 -0.00067854465 0.030649294
   vertex -0.085639848 -0.00082855059 0.030089291
   vertex -0.085640804 -0.00067809363 0.030650804
  endloop
 endfacet
 facet normal -1.4359225e-16 -0.96592583 0.25881903
  outer loop
   vertex -0.08564134 -0.00053067481 0.031200979
   vertex -0.085640804 -0.00067809363 0.030650804
   vertex -0.084993523 -0.00067805526 0.030650948
  endloop
 endfacet
 facet normal -1.4359225e-16 -0.96592583 0.25881903
  outer loop
   vertex -0.08564134 -0.00053067481 0.031200979
   vertex -0.084993523 -0.00067805526 0.030650948
   vertex -0.084994403 -0.00053062379 0.031201169
  endloop
 endfacet
 facet normal 2.2720356e-07 0.96592576 -0.2588193
  outer loop
   vertex -0.08630461 -0.0088469384 0.038801294
   vertex -0.086308285 -0.0086992618 0.03935243
   vertex -0.085645045 -0.0086998182 0.039350354
  endloop
 endfacet
 facet normal 2.2720356e-07 0.96592576 -0.2588193
  outer loop
   vertex -0.08630461 -0.0088469384 0.038801294
   vertex -0.085645045 -0.0086998182 0.039350354
   vertex -0.085643715 -0.008847283 0.038800008
  endloop
 endfacet
 facet normal -3.1523672e-16 0.96592583 -0.25881904
  outer loop
   vertex -0.084994904 -0.0085494449 0.039911555
   vertex -0.084995192 -0.0086999348 0.039349919
   vertex -0.085645045 -0.0086998182 0.039350354
  endloop
 endfacet
 facet normal -3.1523672e-16 0.96592583 -0.25881904
  outer loop
   vertex -0.084994904 -0.0085494449 0.039911555
   vertex -0.085645045 -0.0086998182 0.039350354
   vertex -0.08564556 -0.0085492732 0.039912196
  endloop
 endfacet
 facet normal 8.1788885e-17 0.96592583 -0.25881904
  outer loop
   vertex -0.0849954 -0.0088473739 0.038799668
   vertex -0.085643715 -0.008847283 0.038800008
   vertex -0.085645045 -0.0086998182 0.039350354
  endloop
 endfacet
 facet normal 8.1788885e-17 0.96592583 -0.25881904
  outer loop
   vertex -0.0849954 -0.0088473739 0.038799668
   vertex -0.085645045 -0.0086998182 0.039350354
   vertex -0.084995192 -0.0086999348 0.039349919
  endloop
 endfacet
 facet normal 7.0763201e-07 0.96592583 -0.25881904
  outer loop
   vertex -0.086309743 -0.008548715 0.039914277
   vertex -0.08564556 -0.0085492732 0.039912196
   vertex -0.085645045 -0.0086998182 0.039350354
  endloop
 endfacet
 facet normal 7.0763201e-07 0.96592583 -0.25881904
  outer loop
   vertex -0.086309743 -0.008548715 0.039914277
   vertex -0.085645045 -0.0086998182 0.039350354
   vertex -0.086308285 -0.0086992618 0.03935243
  endloop
 endfacet
 facet normal 2.344809e-05 -0.96592584 0.25881899
  outer loop
   vertex -0.086304301 0.00065638832 0.035631219
   vertex -0.085643467 0.0006567588 0.035632542
   vertex -0.08564234 0.00080371778 0.036181
  endloop
 endfacet
 facet normal 2.344809e-05 -0.96592584 0.25881899
  outer loop
   vertex -0.086304301 0.00065638832 0.035631219
   vertex -0.08564234 0.00080371778 0.036181
   vertex -0.086300545 0.00080344132 0.036180109
  endloop
 endfacet
 facet normal -0.00010110233 0.92056927 -0.39057932
  outer loop
   vertex -0.085642573 -0.0060492916 0.049213256
   vertex -0.085644411 -0.0057079697 0.050017729
   vertex -0.084995148 -0.0057076168 0.050018393
  endloop
 endfacet
 facet normal -0.00010110233 0.92056927 -0.39057932
  outer loop
   vertex -0.085642573 -0.0060492916 0.049213256
   vertex -0.084995148 -0.0057076168 0.050018393
   vertex -0.084993634 -0.0060492396 0.049213416
  endloop
 endfacet
 facet normal 1.41951e-06 0.96592583 -0.25881904
  outer loop
   vertex -0.084994904 -0.0085494449 0.039911555
   vertex -0.084995279 -0.0084127072 0.040421867
   vertex -0.084346234 -0.0084130043 0.040420762
  endloop
 endfacet
 facet normal 1.41951e-06 0.96592583 -0.25881904
  outer loop
   vertex -0.084994904 -0.0085494449 0.039911555
   vertex -0.084346234 -0.0084130043 0.040420762
   vertex -0.084344308 -0.0085493889 0.039911768
  endloop
 endfacet
 facet normal -6.0599779e-06 0.96592573 -0.25881939
  outer loop
   vertex -0.083689691 -0.0085490556 0.039912997
   vertex -0.084344308 -0.0085493889 0.039911768
   vertex -0.084346234 -0.0084130043 0.040420762
  endloop
 endfacet
 facet normal -6.0599779e-06 0.96592573 -0.25881939
  outer loop
   vertex -0.083689691 -0.0085490556 0.039912997
   vertex -0.084346234 -0.0084130043 0.040420762
   vertex -0.083695627 -0.0084136399 0.040418421
  endloop
 endfacet
 facet normal 3.6659377e-16 0.96592583 -0.25881904
  outer loop
   vertex -0.084994904 -0.0085494449 0.039911555
   vertex -0.08564556 -0.0085492732 0.039912196
   vertex -0.085644932 -0.0084125507 0.040422451
  endloop
 endfacet
 facet normal 3.6659377e-16 0.96592583 -0.25881904
  outer loop
   vertex -0.084994904 -0.0085494449 0.039911555
   vertex -0.085644932 -0.0084125507 0.040422451
   vertex -0.084995279 -0.0084127072 0.040421867
  endloop
 endfacet
 facet normal 8.5882136e-08 0.96592603 -0.25881829
  outer loop
   vertex -0.086309743 -0.008548715 0.039914277
   vertex -0.086307286 -0.0084124297 0.040422902
   vertex -0.085644932 -0.0084125507 0.040422451
  endloop
 endfacet
 facet normal 8.5882136e-08 0.96592603 -0.25881829
  outer loop
   vertex -0.086309743 -0.008548715 0.039914277
   vertex -0.085644932 -0.0084125507 0.040422451
   vertex -0.08564556 -0.0085492732 0.039912196
  endloop
 endfacet
 facet normal 0.00013081666 -0.96757119 -0.25259843
  outer loop
   vertex -0.083679051 0.0036021833 0.04867959
   vertex -0.083677034 0.0034702092 0.049185114
   vertex -0.084338928 0.0034695977 0.049187113
  endloop
 endfacet
 facet normal 0.00013081666 -0.96757119 -0.25259843
  outer loop
   vertex -0.083679051 0.0036021833 0.04867959
   vertex -0.084338928 0.0034695977 0.049187113
   vertex -0.084339028 0.003602161 0.048680258
  endloop
 endfacet
 facet normal -4.7451501e-05 -0.96745854 -0.25302957
  outer loop
   vertex -0.084992673 0.0036020756 0.048680707
   vertex -0.084339028 0.003602161 0.048680258
   vertex -0.084338928 0.0034695977 0.049187113
  endloop
 endfacet
 facet normal -4.7451501e-05 -0.96745854 -0.25302957
  outer loop
   vertex -0.084992673 0.0036020756 0.048680707
   vertex -0.084338928 0.0034695977 0.049187113
   vertex -0.084992522 0.003469307 0.049188001
  endloop
 endfacet
 facet normal -5.3921557e-05 -0.96740442 -0.25323641
  outer loop
   vertex -0.086309751 0.0036018273 0.048681871
   vertex -0.08564482 0.0036019916 0.048681102
   vertex -0.085644097 0.003469277 0.049188093
  endloop
 endfacet
 facet normal -5.3921557e-05 -0.96740442 -0.25323641
  outer loop
   vertex -0.086309751 0.0036018273 0.048681871
   vertex -0.085644097 0.003469277 0.049188093
   vertex -0.086307311 0.0034694582 0.049187534
  endloop
 endfacet
 facet normal 8.6588952e-06 -0.96741621 -0.25319139
  outer loop
   vertex -0.084992673 0.0036020756 0.048680707
   vertex -0.084992522 0.003469307 0.049188001
   vertex -0.085644097 0.003469277 0.049188093
  endloop
 endfacet
 facet normal 8.6588952e-06 -0.96741621 -0.25319139
  outer loop
   vertex -0.084992673 0.0036020756 0.048680707
   vertex -0.085644097 0.003469277 0.049188093
   vertex -0.08564482 0.0036019916 0.048681102
  endloop
 endfacet
 facet normal 2.6248709e-16 0.25881901 0.96592584
  outer loop
   vertex -0.084993696 -0.0049261834 0.026385149
   vertex -0.085643885 -0.0049266455 0.026385273
   vertex -0.08564323 -0.0054412574 0.026523162
  endloop
 endfacet
 facet normal 2.6248709e-16 0.25881901 0.96592584
  outer loop
   vertex -0.084993696 -0.0049261834 0.026385149
   vertex -0.08564323 -0.0054412574 0.026523162
   vertex -0.084993389 -0.0054409493 0.02652308
  endloop
 endfacet
 facet normal 9.2272327e-08 0.25881822 0.96592605
  outer loop
   vertex -0.086306519 -0.0049281643 0.02638568
   vertex -0.086304427 -0.0054411081 0.026523122
   vertex -0.08564323 -0.0054412574 0.026523162
  endloop
 endfacet
 facet normal 9.2272327e-08 0.25881822 0.96592605
  outer loop
   vertex -0.086306519 -0.0049281643 0.02638568
   vertex -0.08564323 -0.0054412574 0.026523162
   vertex -0.085643885 -0.0049266455 0.026385273
  endloop
 endfacet
 facet normal 0.00029080616 0.25882435 0.96592436
  outer loop
   vertex -0.083698318 -0.0038163827 0.026087579
   vertex -0.084349632 -0.0038158354 0.026087628
   vertex -0.084346127 -0.0043647034 0.026234699
  endloop
 endfacet
 facet normal 0.00029080616 0.25882435 0.96592436
  outer loop
   vertex -0.083698318 -0.0038163827 0.026087579
   vertex -0.084346127 -0.0043647034 0.026234699
   vertex -0.083692535 -0.0043673249 0.026235385
  endloop
 endfacet
 facet normal 2.5280182e-05 0.25879404 0.96593252
  outer loop
   vertex -0.084993696 -0.0049261834 0.026385149
   vertex -0.084342473 -0.0049263389 0.026385173
   vertex -0.084346127 -0.0043647034 0.026234699
  endloop
 endfacet
 facet normal 2.5280182e-05 0.25879404 0.96593252
  outer loop
   vertex -0.084993696 -0.0049261834 0.026385149
   vertex -0.084346127 -0.0043647034 0.026234699
   vertex -0.084994956 -0.0043638057 0.02623446
  endloop
 endfacet
 facet normal 2.497853e-05 0.25881774 0.96592617
  outer loop
   vertex -0.083685813 -0.004927073 0.026385368
   vertex -0.083692535 -0.0043673249 0.026235385
   vertex -0.084346127 -0.0043647034 0.026234699
  endloop
 endfacet
 facet normal 2.497853e-05 0.25881774 0.96592617
  outer loop
   vertex -0.083685813 -0.004927073 0.026385368
   vertex -0.084346127 -0.0043647034 0.026234699
   vertex -0.084342473 -0.0049263389 0.026385173
  endloop
 endfacet
 facet normal 2.0740664e-06 0.25881902 0.96592583
  outer loop
   vertex -0.084995844 -0.0038155963 0.026087568
   vertex -0.084994956 -0.0043638057 0.02623446
   vertex -0.084346127 -0.0043647034 0.026234699
  endloop
 endfacet
 facet normal 2.0740664e-06 0.25881902 0.96592583
  outer loop
   vertex -0.084995844 -0.0038155963 0.026087568
   vertex -0.084346127 -0.0043647034 0.026234699
   vertex -0.084349632 -0.0038158354 0.026087628
  endloop
 endfacet
 facet normal 7.1144955e-05 -0.96591682 0.25885264
  outer loop
   vertex -0.083695179 -0.00096429448 0.029582453
   vertex -0.084345475 -0.00096495585 0.029580164
   vertex -0.084346859 -0.0011978529 0.028711101
  endloop
 endfacet
 facet normal 7.1144955e-05 -0.96591682 0.25885264
  outer loop
   vertex -0.083695179 -0.00096429448 0.029582453
   vertex -0.084346859 -0.0011978529 0.028711101
   vertex -0.083693476 -0.0011978232 0.028711383
  endloop
 endfacet
 facet normal -3.4664817e-05 -0.96596234 0.25868274
  outer loop
   vertex -0.083695179 -0.00096429448 0.029582453
   vertex -0.08368924 -0.00082897122 0.030087772
   vertex -0.084343494 -0.00082860498 0.030089052
  endloop
 endfacet
 facet normal -3.4664817e-05 -0.96596234 0.25868274
  outer loop
   vertex -0.083695179 -0.00096429448 0.029582453
   vertex -0.084343494 -0.00082860498 0.030089052
   vertex -0.084345475 -0.00096495585 0.029580164
  endloop
 endfacet
 facet normal 4.0555585e-05 0.25881903 0.96592583
  outer loop
   vertex -0.084993696 -0.0049261834 0.026385149
   vertex -0.084993389 -0.0054409493 0.02652308
   vertex -0.084341928 -0.0054401394 0.026522835
  endloop
 endfacet
 facet normal 4.0555585e-05 0.25881903 0.96592583
  outer loop
   vertex -0.084993696 -0.0049261834 0.026385149
   vertex -0.084341928 -0.0054401394 0.026522835
   vertex -0.084342473 -0.0049263389 0.026385173
  endloop
 endfacet
 facet normal 3.2324348e-06 0.25880094 0.96593068
  outer loop
   vertex -0.083685813 -0.004927073 0.026385368
   vertex -0.084342473 -0.0049263389 0.026385173
   vertex -0.084341928 -0.0054401394 0.026522835
  endloop
 endfacet
 facet normal 3.2324348e-06 0.25880094 0.96593068
  outer loop
   vertex -0.083685813 -0.004927073 0.026385368
   vertex -0.084341928 -0.0054401394 0.026522835
   vertex -0.083682972 -0.0054385273 0.026522326
  endloop
 endfacet
 facet normal 2.258638e-07 0.25881927 0.96592577
  outer loop
   vertex -0.086300014 -0.0038175462 0.02608809
   vertex -0.086304653 -0.0043660857 0.026235071
   vertex -0.085643505 -0.0043641887 0.026234563
  endloop
 endfacet
 facet normal 2.258638e-07 0.25881927 0.96592577
  outer loop
   vertex -0.086300014 -0.0038175462 0.02608809
   vertex -0.085643505 -0.0043641887 0.026234563
   vertex -0.085641999 -0.0038160949 0.026087701
  endloop
 endfacet
 facet normal -1.927772e-15 0.25881901 0.96592584
  outer loop
   vertex -0.084993696 -0.0049261834 0.026385149
   vertex -0.084994956 -0.0043638057 0.02623446
   vertex -0.085643505 -0.0043641887 0.026234563
  endloop
 endfacet
 facet normal -1.927772e-15 0.25881901 0.96592584
  outer loop
   vertex -0.084993696 -0.0049261834 0.026385149
   vertex -0.085643505 -0.0043641887 0.026234563
   vertex -0.085643885 -0.0049266455 0.026385273
  endloop
 endfacet
 facet normal 7.5231807e-07 0.25881901 0.96592584
  outer loop
   vertex -0.086306519 -0.0049281643 0.02638568
   vertex -0.085643885 -0.0049266455 0.026385273
   vertex -0.085643505 -0.0043641887 0.026234563
  endloop
 endfacet
 facet normal 7.5231807e-07 0.25881901 0.96592584
  outer loop
   vertex -0.086306519 -0.0049281643 0.02638568
   vertex -0.085643505 -0.0043641887 0.026234563
   vertex -0.086304653 -0.0043660857 0.026235071
  endloop
 endfacet
 facet normal 6.5811095e-15 0.25881901 0.96592584
  outer loop
   vertex -0.084995844 -0.0038155963 0.026087568
   vertex -0.085641999 -0.0038160949 0.026087701
   vertex -0.085643505 -0.0043641887 0.026234563
  endloop
 endfacet
 facet normal 6.5811095e-15 0.25881901 0.96592584
  outer loop
   vertex -0.084995844 -0.0038155963 0.026087568
   vertex -0.085643505 -0.0043641887 0.026234563
   vertex -0.084994956 -0.0043638057 0.02623446
  endloop
 endfacet
 facet normal 7.7292021e-06 -0.96591089 0.2588748
  outer loop
   vertex -0.085639827 -0.00096520825 0.029579278
   vertex -0.086295216 -0.0009649086 0.029580416
   vertex -0.086300795 -0.0011979288 0.028710973
  endloop
 endfacet
 facet normal 7.7292021e-06 -0.96591089 0.2588748
  outer loop
   vertex -0.085639827 -0.00096520825 0.029579278
   vertex -0.086300795 -0.0011979288 0.028710973
   vertex -0.085641822 -0.0011978128 0.028711186
  endloop
 endfacet
 facet normal 7.6255781e-06 -0.96592583 0.25881903
  outer loop
   vertex -0.086295216 -0.0009649086 0.029580416
   vertex -0.085639827 -0.00096520825 0.029579278
   vertex -0.085639848 -0.00082855059 0.030089291
  endloop
 endfacet
 facet normal 7.6255781e-06 -0.96592583 0.25881903
  outer loop
   vertex -0.086295216 -0.0009649086 0.029580416
   vertex -0.085639848 -0.00082855059 0.030089291
   vertex -0.08629574 -0.0008288027 0.030088365
  endloop
 endfacet
 facet normal -1.7769096e-15 -0.96592583 0.25881903
  outer loop
   vertex -0.084994707 -0.0011978007 0.028711231
   vertex -0.084993338 -0.0009652142 0.029579256
   vertex -0.085639827 -0.00096520825 0.029579278
  endloop
 endfacet
 facet normal -1.7769096e-15 -0.96592583 0.25881903
  outer loop
   vertex -0.084994707 -0.0011978007 0.028711231
   vertex -0.085639827 -0.00096520825 0.029579278
   vertex -0.085641822 -0.0011978128 0.028711186
  endloop
 endfacet
 facet normal -0.99999999 -1.1194994e-05 -0.00013134413
  outer loop
   vertex -0.082410979 -0.010079738 0.031266765
   vertex -0.082410977 -0.010852172 0.031317615
   vertex -0.08241106 -0.010686295 0.031936715
  endloop
 endfacet
 facet normal -0.99999999 -1.1194994e-05 -0.00013134413
  outer loop
   vertex -0.082410979 -0.010079738 0.031266765
   vertex -0.08241106 -0.010686295 0.031936715
   vertex -0.082410873 -0.010058118 0.031893403
  endloop
 endfacet
 facet normal -1 -2.5974537e-17 -2.2187517e-14
  outer loop
   vertex -0.082410976 -0.0024985639 0.038749647
   vertex -0.082410976 -0.0018705815 0.038748912
   vertex -0.082410976 -0.0018686581 0.038123432
  endloop
 endfacet
 facet normal -1 -2.5974537e-17 -2.2187517e-14
  outer loop
   vertex -0.082410976 -0.0024985639 0.038749647
   vertex -0.082410976 -0.0018686581 0.038123432
   vertex -0.082410976 -0.0024978439 0.038124467
  endloop
 endfacet
 facet normal -1 -1.9048214e-05 -7.9631068e-08
  outer loop
   vertex -0.082410988 -0.0012279626 0.037494508
   vertex -0.082410976 -0.0018660425 0.037497754
   vertex -0.082410976 -0.0018686581 0.038123432
  endloop
 endfacet
 facet normal -1 -1.9048214e-05 -7.9631068e-08
  outer loop
   vertex -0.082410988 -0.0012279626 0.037494508
   vertex -0.082410976 -0.0018686581 0.038123432
   vertex -0.08241098 -0.0012341238 0.038121075
  endloop
 endfacet
 facet normal -1 -6.0706368e-06 3.1834241e-06
  outer loop
   vertex -0.082410978 -0.0012384295 0.038747149
   vertex -0.08241098 -0.0012341238 0.038121075
   vertex -0.082410976 -0.0018686581 0.038123432
  endloop
 endfacet
 facet normal -1 -6.0706368e-06 3.1834241e-06
  outer loop
   vertex -0.082410978 -0.0012384295 0.038747149
   vertex -0.082410976 -0.0018686581 0.038123432
   vertex -0.082410976 -0.0018705815 0.038748912
  endloop
 endfacet
 facet normal -1 8.2054303e-05 4.7681331e-06
  outer loop
   vertex -0.082410922 4.9536068e-05 0.03873807
   vertex -0.082410975 -0.0005989597 0.038743596
   vertex -0.082410973 -0.000605239 0.039369981
  endloop
 endfacet
 facet normal -1 8.2054303e-05 4.7681331e-06
  outer loop
   vertex -0.082410922 4.9536068e-05 0.03873807
   vertex -0.082410973 -0.000605239 0.039369981
   vertex -0.082410903 3.9897516e-05 0.039364808
  endloop
 endfacet
 facet normal -1 5.1520554e-06 -1.3832138e-07
  outer loop
   vertex -0.082410976 -0.0012439493 0.039998412
   vertex -0.082410973 -0.0006102908 0.039996095
   vertex -0.082410973 -0.000605239 0.039369981
  endloop
 endfacet
 facet normal -1 5.1520554e-06 -1.3832138e-07
  outer loop
   vertex -0.082410976 -0.0012439493 0.039998412
   vertex -0.082410973 -0.000605239 0.039369981
   vertex -0.082410977 -0.0012415982 0.039372879
  endloop
 endfacet
 facet normal -1 6.3645508e-06 1.90735e-06
  outer loop
   vertex -0.082410978 -0.0012384295 0.038747149
   vertex -0.082410977 -0.0012415982 0.039372879
   vertex -0.082410973 -0.000605239 0.039369981
  endloop
 endfacet
 facet normal -1 6.3645508e-06 1.90735e-06
  outer loop
   vertex -0.082410978 -0.0012384295 0.038747149
   vertex -0.082410973 -0.000605239 0.039369981
   vertex -0.082410975 -0.0005989597 0.038743596
  endloop
 endfacet
 facet normal -0.99999991 0.00034034405 -0.00026799204
  outer loop
   vertex -0.082410922 4.9536068e-05 0.03873807
   vertex -0.082410752 5.661767e-05 0.038110861
   vertex -0.082410974 -0.00059124717 0.03811662
  endloop
 endfacet
 facet normal -0.99999991 0.00034034405 -0.00026799204
  outer loop
   vertex -0.082410922 4.9536068e-05 0.03873807
   vertex -0.082410974 -0.00059124717 0.03811662
   vertex -0.082410975 -0.0005989597 0.038743596
  endloop
 endfacet
 facet normal -1 1.0060214e-05 1.3336913e-05
  outer loop
   vertex -0.082410988 -0.0012279626 0.037494508
   vertex -0.08241098 -0.0012341238 0.038121075
   vertex -0.082410974 -0.00059124717 0.03811662
  endloop
 endfacet
 facet normal -1 1.0060214e-05 1.3336913e-05
  outer loop
   vertex -0.082410988 -0.0012279626 0.037494508
   vertex -0.082410974 -0.00059124717 0.03811662
   vertex -0.08241103 -0.00057887043 0.037488652
  endloop
 endfacet
 facet normal -1 4.2806859e-06 -2.5668515e-06
  outer loop
   vertex -0.082410978 -0.0012384295 0.038747149
   vertex -0.082410975 -0.0005989597 0.038743596
   vertex -0.082410974 -0.00059124717 0.03811662
  endloop
 endfacet
 facet normal -1 4.2806859e-06 -2.5668515e-06
  outer loop
   vertex -0.082410978 -0.0012384295 0.038747149
   vertex -0.082410974 -0.00059124717 0.03811662
   vertex -0.08241098 -0.0012341238 0.038121075
  endloop
 endfacet
 facet normal -1 -2.2091581e-14 4.4383296e-14
  outer loop
   vertex -0.082410976 -0.0024985639 0.038749647
   vertex -0.082410976 -0.0024990543 0.039374764
   vertex -0.082410976 -0.0018719333 0.03937423
  endloop
 endfacet
 facet normal -1 -2.2091581e-14 4.4383296e-14
  outer loop
   vertex -0.082410976 -0.0024985639 0.038749647
   vertex -0.082410976 -0.0018719333 0.03937423
   vertex -0.082410976 -0.0018705815 0.038748912
  endloop
 endfacet
 facet normal -1 -1.055915e-06 1.0623456e-06
  outer loop
   vertex -0.082410976 -0.0012439493 0.039998412
   vertex -0.082410977 -0.0012415982 0.039372879
   vertex -0.082410976 -0.0018719333 0.03937423
  endloop
 endfacet
 facet normal -1 -1.055915e-06 1.0623456e-06
  outer loop
   vertex -0.082410976 -0.0012439493 0.039998412
   vertex -0.082410976 -0.0018719333 0.03937423
   vertex -0.082410976 -0.0018728801 0.039999448
  endloop
 endfacet
 facet normal -1 -2.911238e-06 -6.2934685e-09
  outer loop
   vertex -0.082410978 -0.0012384295 0.038747149
   vertex -0.082410976 -0.0018705815 0.038748912
   vertex -0.082410976 -0.0018719333 0.03937423
  endloop
 endfacet
 facet normal -1 -2.911238e-06 -6.2934685e-09
  outer loop
   vertex -0.082410978 -0.0012384295 0.038747149
   vertex -0.082410976 -0.0018719333 0.03937423
   vertex -0.082410977 -0.0012415982 0.039372879
  endloop
 endfacet
 facet normal -1 0 0
  outer loop
   vertex -0.082410976 -0.0024997394 0.04124993
   vertex -0.082410976 -0.0024998537 0.041874961
   vertex -0.082410976 -0.0018742452 0.041874801
  endloop
 endfacet
 facet normal -1 0 0
  outer loop
   vertex -0.082410976 -0.0024997394 0.04124993
   vertex -0.082410976 -0.0018742452 0.041874801
   vertex -0.082410976 -0.0018739144 0.041249712
  endloop
 endfacet
 facet normal -1 0 -0
  outer loop
   vertex -0.082410976 -0.0012481806 0.042499517
   vertex -0.082410976 -0.001247484 0.04187434
   vertex -0.082410976 -0.0018742452 0.041874801
  endloop
 endfacet
 facet normal -1 0 -0
  outer loop
   vertex -0.082410976 -0.0012481806 0.042499517
   vertex -0.082410976 -0.0018742452 0.041874801
   vertex -0.082410976 -0.0018744849 0.042499863
  endloop
 endfacet
 facet normal -1 0 0
  outer loop
   vertex -0.082410976 -0.0012465449 0.041249086
   vertex -0.082410976 -0.0018739144 0.041249712
   vertex -0.082410976 -0.0018742452 0.041874801
  endloop
 endfacet
 facet normal -1 0 0
  outer loop
   vertex -0.082410976 -0.0012465449 0.041249086
   vertex -0.082410976 -0.0018742452 0.041874801
   vertex -0.082410976 -0.001247484 0.04187434
  endloop
 endfacet
 facet normal -1 4.4484855e-05 -3.5598866e-05
  outer loop
   vertex -0.082410969 2.2435207e-05 0.04124416
   vertex -0.082410946 2.5789234e-05 0.040617968
   vertex -0.082410975 -0.0006133544 0.040621859
  endloop
 endfacet
 facet normal -1 4.4484855e-05 -3.5598866e-05
  outer loop
   vertex -0.082410969 2.2435207e-05 0.04124416
   vertex -0.082410975 -0.0006133544 0.040621859
   vertex -0.082410977 -0.00061556908 0.041247518
  endloop
 endfacet
 facet normal -1 2.2121613e-06 5.3954468e-09
  outer loop
   vertex -0.082410976 -0.0012439493 0.039998412
   vertex -0.082410976 -0.0012454746 0.040623788
   vertex -0.082410975 -0.0006133544 0.040621859
  endloop
 endfacet
 facet normal -1 2.2121613e-06 5.3954468e-09
  outer loop
   vertex -0.082410976 -0.0012439493 0.039998412
   vertex -0.082410975 -0.0006133544 0.040621859
   vertex -0.082410973 -0.0006102908 0.039996095
  endloop
 endfacet
 facet normal -1 -4.3774671e-07 -2.6713115e-06
  outer loop
   vertex -0.082410976 -0.0012465449 0.041249086
   vertex -0.082410977 -0.00061556908 0.041247518
   vertex -0.082410975 -0.0006133544 0.040621859
  endloop
 endfacet
 facet normal -1 -4.3774671e-07 -2.6713115e-06
  outer loop
   vertex -0.082410976 -0.0012465449 0.041249086
   vertex -0.082410975 -0.0006133544 0.040621859
   vertex -0.082410976 -0.0012454746 0.040623788
  endloop
 endfacet
 facet normal -1 0 0
  outer loop
   vertex -0.082410976 -0.0024997394 0.04124993
   vertex -0.082410976 -0.0018739144 0.041249712
   vertex -0.082410976 -0.0018734964 0.040624599
  endloop
 endfacet
 facet normal -1 0 0
  outer loop
   vertex -0.082410976 -0.0024997394 0.04124993
   vertex -0.082410976 -0.0018734964 0.040624599
   vertex -0.082410976 -0.0024995953 0.040624892
  endloop
 endfacet
 facet normal -1 -3.6560474e-17 -2.2199136e-14
  outer loop
   vertex -0.082410976 -0.0012439493 0.039998412
   vertex -0.082410976 -0.0018728801 0.039999448
   vertex -0.082410976 -0.0018734964 0.040624599
  endloop
 endfacet
 facet normal -1 -3.6560474e-17 -2.2199136e-14
  outer loop
   vertex -0.082410976 -0.0012439493 0.039998412
   vertex -0.082410976 -0.0018734964 0.040624599
   vertex -0.082410976 -0.0012454746 0.040623788
  endloop
 endfacet
 facet normal -1 -2.2069017e-14 2.2156105e-14
  outer loop
   vertex -0.082410976 -0.0012465449 0.041249086
   vertex -0.082410976 -0.0012454746 0.040623788
   vertex -0.082410976 -0.0018734964 0.040624599
  endloop
 endfacet
 facet normal -1 -2.2069017e-14 2.2156105e-14
  outer loop
   vertex -0.082410976 -0.0012465449 0.041249086
   vertex -0.082410976 -0.0018734964 0.040624599
   vertex -0.082410976 -0.0018739144 0.041249712
  endloop
 endfacet
 facet normal -1 1.2228409e-05 4.8057208e-07
  outer loop
   vertex -0.082410969 2.2435207e-05 0.04124416
   vertex -0.082410977 -0.00061556908 0.041247518
   vertex -0.082410976 -0.0006179113 0.041873147
  endloop
 endfacet
 facet normal -1 1.2228409e-05 4.8057208e-07
  outer loop
   vertex -0.082410969 2.2435207e-05 0.04124416
   vertex -0.082410976 -0.0006179113 0.041873147
   vertex -0.082410976 1.7090335e-05 0.04187056
  endloop
 endfacet
 facet normal -1 3.3091771e-17 2.2189197e-14
  outer loop
   vertex -0.082410976 -0.0012481806 0.042499517
   vertex -0.082410976 -0.00061966201 0.04249858
   vertex -0.082410976 -0.0006179113 0.041873147
  endloop
 endfacet
 facet normal -1 3.3091771e-17 2.2189197e-14
  outer loop
   vertex -0.082410976 -0.0012481806 0.042499517
   vertex -0.082410976 -0.0006179113 0.041873147
   vertex -0.082410976 -0.001247484 0.04187434
  endloop
 endfacet
 facet normal -1 -2.2043247e-14 -3.3109137e-17
  outer loop
   vertex -0.082410976 -0.0012465449 0.041249086
   vertex -0.082410976 -0.001247484 0.04187434
   vertex -0.082410976 -0.0006179113 0.041873147
  endloop
 endfacet
 facet normal -1 -2.2043247e-14 -3.3109137e-17
  outer loop
   vertex -0.082410976 -0.0012465449 0.041249086
   vertex -0.082410976 -0.0006179113 0.041873147
   vertex -0.082410977 -0.00061556908 0.041247518
  endloop
 endfacet
 facet normal 1 4.226922e-14 2.260982e-14
  outer loop
   vertex -0.088410981 -0.0081483589 0.031252702
   vertex -0.088410981 -0.0081566667 0.031882028
   vertex -0.088410981 -0.0088180802 0.031890956
  endloop
 endfacet
 facet normal 1 4.226922e-14 2.260982e-14
  outer loop
   vertex -0.088410981 -0.0081483589 0.031252702
   vertex -0.088410981 -0.0088180802 0.031890956
   vertex -0.088410981 -0.0087999871 0.031258158
  endloop
 endfacet
 facet normal 1 6.157336e-06 1.0668972e-05
  outer loop
   vertex -0.088410984 -0.0094641794 0.031267025
   vertex -0.088410977 -0.0094547151 0.030631607
   vertex -0.088410981 -0.0087904447 0.030622741
  endloop
 endfacet
 facet normal 1 6.157336e-06 1.0668972e-05
  outer loop
   vertex -0.088410984 -0.0094641794 0.031267025
   vertex -0.088410981 -0.0087904447 0.030622741
   vertex -0.088410981 -0.0087999871 0.031258158
  endloop
 endfacet
 facet normal 1 2.3655321e-07 1.8496079e-09
  outer loop
   vertex -0.088410981 -0.0087904447 0.030622741
   vertex -0.088410981 -0.0081434143 0.030620316
   vertex -0.088410981 -0.0081483589 0.031252702
  endloop
 endfacet
 facet normal 1 2.3655321e-07 1.8496079e-09
  outer loop
   vertex -0.088410981 -0.0087904447 0.030622741
   vertex -0.088410981 -0.0081483589 0.031252702
   vertex -0.088410981 -0.0087999871 0.031258158
  endloop
 endfacet
 facet normal 1 -1.1373665e-07 -4.0050789e-06
  outer loop
   vertex -0.088410981 -0.0088180802 0.031890956
   vertex -0.088410981 -0.0094965312 0.031904311
   vertex -0.088410984 -0.0094641794 0.031267025
  endloop
 endfacet
 facet normal 1 -1.1373665e-07 -4.0050789e-06
  outer loop
   vertex -0.088410981 -0.0088180802 0.031890956
   vertex -0.088410984 -0.0094641794 0.031267025
   vertex -0.088410981 -0.0087999871 0.031258158
  endloop
 endfacet
 facet normal 1 -3.501759e-06 -2.0738309e-08
  outer loop
   vertex -0.088410981 -0.0018663801 0.038747901
   vertex -0.088410981 -0.0018626732 0.038121963
   vertex -0.088410979 -0.0012190208 0.0381173
  endloop
 endfacet
 facet normal 1 -3.501759e-06 -2.0738309e-08
  outer loop
   vertex -0.088410981 -0.0018663801 0.038747901
   vertex -0.088410979 -0.0012190208 0.0381173
   vertex -0.08841098 -0.001227936 0.038744594
  endloop
 endfacet
 facet normal 1 -1.6566629e-06 -8.1936123e-06
  outer loop
   vertex -0.088410984 -0.00057716531 0.038738292
   vertex -0.088410979 -0.00058878252 0.039365977
   vertex -0.08841098 -0.0012344024 0.039371149
  endloop
 endfacet
 facet normal 1 -1.6566629e-06 -8.1936123e-06
  outer loop
   vertex -0.088410984 -0.00057716531 0.038738292
   vertex -0.08841098 -0.0012344024 0.039371149
   vertex -0.08841098 -0.001227936 0.038744594
  endloop
 endfacet
 facet normal 1 -1.2547402e-06 1.0388249e-05
  outer loop
   vertex -0.088410979 -0.0012190208 0.0381173
   vertex -0.088410978 -0.00055819313 0.038108205
   vertex -0.088410984 -0.00057716531 0.038738292
  endloop
 endfacet
 facet normal 1 -1.2547402e-06 1.0388249e-05
  outer loop
   vertex -0.088410979 -0.0012190208 0.0381173
   vertex -0.088410984 -0.00057716531 0.038738292
   vertex -0.08841098 -0.001227936 0.038744594
  endloop
 endfacet
 facet normal 1 -1.1101444e-06 -5.0331886e-09
  outer loop
   vertex -0.08841098 -0.0012344024 0.039371149
   vertex -0.088410981 -0.0018692169 0.039373587
   vertex -0.088410981 -0.0018663801 0.038747901
  endloop
 endfacet
 facet normal 1 -1.1101444e-06 -5.0331886e-09
  outer loop
   vertex -0.08841098 -0.0012344024 0.039371149
   vertex -0.088410981 -0.0018663801 0.038747901
   vertex -0.08841098 -0.001227936 0.038744594
  endloop
 endfacet
 facet normal -1 6.9753207e-06 -7.961929e-07
  outer loop
   vertex -0.082410981 -0.0087968518 0.032511393
   vertex -0.082410977 -0.0081473761 0.032505487
   vertex -0.082410976 -0.008141209 0.031878599
  endloop
 endfacet
 facet normal -1 6.9753207e-06 -7.961929e-07
  outer loop
   vertex -0.082410981 -0.0087968518 0.032511393
   vertex -0.082410976 -0.008141209 0.031878599
   vertex -0.082410976 -0.0087844197 0.031882941
  endloop
 endfacet
 facet normal -1 1.4817541e-08 -1.0918727e-07
  outer loop
   vertex -0.082410976 -0.0075047091 0.031250182
   vertex -0.082410976 -0.0081370775 0.031251476
   vertex -0.082410976 -0.008141209 0.031878599
  endloop
 endfacet
 facet normal -1 1.4817541e-08 -1.0918727e-07
  outer loop
   vertex -0.082410976 -0.0075047091 0.031250182
   vertex -0.082410976 -0.008141209 0.031878599
   vertex -0.082410976 -0.0075064952 0.03187635
  endloop
 endfacet
 facet normal -1 -9.9026326e-08 1.6727561e-08
  outer loop
   vertex -0.082410976 -0.0087769036 0.031254447
   vertex -0.082410976 -0.0087844197 0.031882941
   vertex -0.082410976 -0.008141209 0.031878599
  endloop
 endfacet
 facet normal -1 -9.9026326e-08 1.6727561e-08
  outer loop
   vertex -0.082410976 -0.0087769036 0.031254447
   vertex -0.082410976 -0.008141209 0.031878599
   vertex -0.082410976 -0.0081370775 0.031251476
  endloop
 endfacet
 facet normal -1 -2.0738705e-05 -1.513368e-05
  outer loop
   vertex -0.082410976 -0.0087682357 0.029988055
   vertex -0.082410963 -0.0094094802 0.029987497
   vertex -0.082410973 -0.0094170085 0.030627328
  endloop
 endfacet
 facet normal -1 -2.0738705e-05 -1.513368e-05
  outer loop
   vertex -0.082410976 -0.0087682357 0.029988055
   vertex -0.082410973 -0.0094170085 0.030627328
   vertex -0.082410976 -0.0087713855 0.030623884
  endloop
 endfacet
 facet normal -1 4.0005431e-06 -5.3179349e-06
  outer loop
   vertex -0.082410979 -0.010079738 0.031266765
   vertex -0.082410976 -0.0094258962 0.031259519
   vertex -0.082410973 -0.0094170085 0.030627328
  endloop
 endfacet
 facet normal -1 4.0005431e-06 -5.3179349e-06
  outer loop
   vertex -0.082410979 -0.010079738 0.031266765
   vertex -0.082410973 -0.0094170085 0.030627328
   vertex -0.082410954 -0.010068777 0.030635472
  endloop
 endfacet
 facet normal -1 -5.8606488e-06 -9.1785119e-08
  outer loop
   vertex -0.082410976 -0.0087769036 0.031254447
   vertex -0.082410976 -0.0087713855 0.030623884
   vertex -0.082410973 -0.0094170085 0.030627328
  endloop
 endfacet
 facet normal -1 -5.8606488e-06 -9.1785119e-08
  outer loop
   vertex -0.082410976 -0.0087769036 0.031254447
   vertex -0.082410973 -0.0094170085 0.030627328
   vertex -0.082410976 -0.0094258962 0.031259519
  endloop
 endfacet
 facet normal -1 -9.1562492e-12 -5.1703889e-09
  outer loop
   vertex -0.082410976 -0.0087682357 0.029988055
   vertex -0.082410976 -0.0087713855 0.030623884
   vertex -0.082410976 -0.0081345357 0.030622759
  endloop
 endfacet
 facet normal -1 -9.1562492e-12 -5.1703889e-09
  outer loop
   vertex -0.082410976 -0.0087682357 0.029988055
   vertex -0.082410976 -0.0081345357 0.030622759
   vertex -0.082410976 -0.0081337789 0.02999001
  endloop
 endfacet
 facet normal -1 -1.9303565e-18 2.212064e-14
  outer loop
   vertex -0.082410976 -0.0075047091 0.031250182
   vertex -0.082410976 -0.0075038323 0.030622814
   vertex -0.082410976 -0.0081345357 0.030622759
  endloop
 endfacet
 facet normal -1 -1.9303565e-18 2.212064e-14
  outer loop
   vertex -0.082410976 -0.0075047091 0.031250182
   vertex -0.082410976 -0.0081345357 0.030622759
   vertex -0.082410976 -0.0081370775 0.031251476
  endloop
 endfacet
 facet normal -1 2.4976364e-08 -1.502728e-08
  outer loop
   vertex -0.082410976 -0.0087769036 0.031254447
   vertex -0.082410976 -0.0081370775 0.031251476
   vertex -0.082410976 -0.0081345357 0.030622759
  endloop
 endfacet
 facet normal -1 2.4976364e-08 -1.502728e-08
  outer loop
   vertex -0.082410976 -0.0087769036 0.031254447
   vertex -0.082410976 -0.0081345357 0.030622759
   vertex -0.082410976 -0.0087713855 0.030623884
  endloop
 endfacet
 facet normal -1 -1.561722e-05 -8.4892169e-06
  outer loop
   vertex -0.082410981 -0.0087968518 0.032511393
   vertex -0.082410976 -0.0087844197 0.031882941
   vertex -0.082410966 -0.0094328114 0.031888679
  endloop
 endfacet
 facet normal -1 -1.561722e-05 -8.4892169e-06
  outer loop
   vertex -0.082410981 -0.0087968518 0.032511393
   vertex -0.082410966 -0.0094328114 0.031888679
   vertex -0.082410993 -0.0094534112 0.032519488
  endloop
 endfacet
 facet normal -0.99999997 -0.00014784146 0.0001736154
  outer loop
   vertex -0.082410979 -0.010079738 0.031266765
   vertex -0.082410873 -0.010058118 0.031893403
   vertex -0.082410966 -0.0094328114 0.031888679
  endloop
 endfacet
 facet normal -0.99999997 -0.00014784146 0.0001736154
  outer loop
   vertex -0.082410979 -0.010079738 0.031266765
   vertex -0.082410966 -0.0094328114 0.031888679
   vertex -0.082410976 -0.0094258962 0.031259519
  endloop
 endfacet
 facet normal -1 -5.1385281e-07 1.5375407e-05
  outer loop
   vertex -0.082410976 -0.0087769036 0.031254447
   vertex -0.082410976 -0.0094258962 0.031259519
   vertex -0.082410966 -0.0094328114 0.031888679
  endloop
 endfacet
 facet normal -1 -5.1385281e-07 1.5375407e-05
  outer loop
   vertex -0.082410976 -0.0087769036 0.031254447
   vertex -0.082410966 -0.0094328114 0.031888679
   vertex -0.082410976 -0.0087844197 0.031882941
  endloop
 endfacet
 facet normal 1 -2.2124151e-14 -2.2214454e-14
  outer loop
   vertex -0.088410981 -0.0012457221 0.041873924
   vertex -0.088410981 -0.0018737596 0.04187469
   vertex -0.088410981 -0.0018733827 0.041249596
  endloop
 endfacet
 facet normal 1 -2.2124151e-14 -2.2214454e-14
  outer loop
   vertex -0.088410981 -0.0012457221 0.041873924
   vertex -0.088410981 -0.0018733827 0.041249596
   vertex -0.088410981 -0.001244781 0.041248691
  endloop
 endfacet
 facet normal 1 -0 0
  outer loop
   vertex -0.088410981 -0.0012430135 0.040623226
   vertex -0.088410981 -0.00060739819 0.040620493
   vertex -0.088410981 -0.0006108339 0.041246449
  endloop
 endfacet
 facet normal 1 -0 0
  outer loop
   vertex -0.088410981 -0.0012430135 0.040623226
   vertex -0.088410981 -0.0006108339 0.041246449
   vertex -0.088410981 -0.001244781 0.041248691
  endloop
 endfacet
 facet normal 1 4.1879461e-17 2.2198031e-14
  outer loop
   vertex -0.088410981 -0.0018733827 0.041249596
   vertex -0.088410981 -0.0018726691 0.040624414
   vertex -0.088410981 -0.0012430135 0.040623226
  endloop
 endfacet
 facet normal 1 4.1879461e-17 2.2198031e-14
  outer loop
   vertex -0.088410981 -0.0018733827 0.041249596
   vertex -0.088410981 -0.0012430135 0.040623226
   vertex -0.088410981 -0.001244781 0.041248691
  endloop
 endfacet
 facet normal 1 4.3908699e-14 2.2310552e-14
  outer loop
   vertex -0.088410981 -0.0006108339 0.041246449
   vertex -0.088410981 -0.00061255136 0.041871857
   vertex -0.088410981 -0.0012457221 0.041873924
  endloop
 endfacet
 facet normal 1 4.3908699e-14 2.2310552e-14
  outer loop
   vertex -0.088410981 -0.0006108339 0.041246449
   vertex -0.088410981 -0.0012457221 0.041873924
   vertex -0.088410981 -0.001244781 0.041248691
  endloop
 endfacet
 facet normal -1 0 0
  outer loop
   vertex -0.082410976 -0.0025048078 0.048754709
   vertex -0.082410976 -0.0018766175 0.048753195
   vertex -0.082410976 -0.0018758576 0.048126043
  endloop
 endfacet
 facet normal -1 0 0
  outer loop
   vertex -0.082410976 -0.0025048078 0.048754709
   vertex -0.082410976 -0.0018758576 0.048126043
   vertex -0.082410976 -0.0025027927 0.048126861
  endloop
 endfacet
 facet normal -1 0 0
  outer loop
   vertex -0.082410976 -0.001249938 0.047500179
   vertex -0.082410976 -0.0018754442 0.047500327
   vertex -0.082410976 -0.0018758576 0.048126043
  endloop
 endfacet
 facet normal -1 0 0
  outer loop
   vertex -0.082410976 -0.001249938 0.047500179
   vertex -0.082410976 -0.0018758576 0.048126043
   vertex -0.082410976 -0.0012500451 0.04812578
  endloop
 endfacet
 facet normal -1 2.2175632e-14 4.0610986e-18
  outer loop
   vertex -0.082410976 -0.0012501599 0.048752695
   vertex -0.082410976 -0.0012500451 0.04812578
   vertex -0.082410976 -0.0018758576 0.048126043
  endloop
 endfacet
 facet normal -1 2.2175632e-14 4.0610986e-18
  outer loop
   vertex -0.082410976 -0.0012501599 0.048752695
   vertex -0.082410976 -0.0018758576 0.048126043
   vertex -0.082410976 -0.0018766175 0.048753195
  endloop
 endfacet
 facet normal -1 -4.5716363e-07 5.933073e-06
  outer loop
   vertex -0.082410972 -0.0012505749 0.050021241
   vertex -0.082410973 -0.00062192411 0.050020797
   vertex -0.082410976 -0.00062314739 0.049383152
  endloop
 endfacet
 facet normal -1 -4.5716363e-07 5.933073e-06
  outer loop
   vertex -0.082410972 -0.0012505749 0.050021241
   vertex -0.082410976 -0.00062314739 0.049383152
   vertex -0.082410976 -0.0012503257 0.049383091
  endloop
 endfacet
 facet normal -1 -2.7932728e-17 2.2016055e-14
  outer loop
   vertex -0.082410976 3.3551631e-06 0.048753598
   vertex -0.082410976 -0.00062393368 0.048752802
   vertex -0.082410976 -0.00062314739 0.049383152
  endloop
 endfacet
 facet normal -1 -2.7932728e-17 2.2016055e-14
  outer loop
   vertex -0.082410976 3.3551631e-06 0.048753598
   vertex -0.082410976 -0.00062314739 0.049383152
   vertex -0.082410976 5.450819e-06 0.04938437
  endloop
 endfacet
 facet normal -1 4.425895e-14 -4.4017117e-14
  outer loop
   vertex -0.082410976 -0.0012501599 0.048752695
   vertex -0.082410976 -0.0012503257 0.049383091
   vertex -0.082410976 -0.00062314739 0.049383152
  endloop
 endfacet
 facet normal -1 4.425895e-14 -4.4017117e-14
  outer loop
   vertex -0.082410976 -0.0012501599 0.048752695
   vertex -0.082410976 -0.00062314739 0.049383152
   vertex -0.082410976 -0.00062393368 0.048752802
  endloop
 endfacet
 facet normal -1 -1.0880559e-18 2.2183132e-14
  outer loop
   vertex -0.082410976 -0.001249938 0.047500179
   vertex -0.082410976 -0.0012500451 0.04812578
   vertex -0.082410976 -0.00062430351 0.048125811
  endloop
 endfacet
 facet normal -1 -1.0880559e-18 2.2183132e-14
  outer loop
   vertex -0.082410976 -0.001249938 0.047500179
   vertex -0.082410976 -0.00062430351 0.048125811
   vertex -0.082410976 -0.00062430921 0.047500114
  endloop
 endfacet
 facet normal -1 1.0548404e-17 -2.2116412e-14
  outer loop
   vertex -0.082410976 3.3551631e-06 0.048753598
   vertex -0.082410976 2.3239792e-06 0.04812611
   vertex -0.082410976 -0.00062430351 0.048125811
  endloop
 endfacet
 facet normal -1 1.0548404e-17 -2.2116412e-14
  outer loop
   vertex -0.082410976 3.3551631e-06 0.048753598
   vertex -0.082410976 -0.00062430351 0.048125811
   vertex -0.082410976 -0.00062393368 0.048752802
  endloop
 endfacet
 facet normal -1 -2.2157172e-14 -2.2120856e-14
  outer loop
   vertex -0.082410976 -0.0012501599 0.048752695
   vertex -0.082410976 -0.00062393368 0.048752802
   vertex -0.082410976 -0.00062430351 0.048125811
  endloop
 endfacet
 facet normal -1 -2.2157172e-14 -2.2120856e-14
  outer loop
   vertex -0.082410976 -0.0012501599 0.048752695
   vertex -0.082410976 -0.00062430351 0.048125811
   vertex -0.082410976 -0.0012500451 0.04812578
  endloop
 endfacet
 facet normal -1 2.2026694e-14 1.0975629e-16
  outer loop
   vertex -0.082410976 -0.0025048078 0.048754709
   vertex -0.082410976 -0.0025079553 0.04938639
   vertex -0.082410976 -0.0018778991 0.049383939
  endloop
 endfacet
 facet normal -1 2.2026694e-14 1.0975629e-16
  outer loop
   vertex -0.082410976 -0.0025048078 0.048754709
   vertex -0.082410976 -0.0018778991 0.049383939
   vertex -0.082410976 -0.0018766175 0.048753195
  endloop
 endfacet
 facet normal -1 8.6192897e-09 6.3819936e-06
  outer loop
   vertex -0.082410972 -0.0012505749 0.050021241
   vertex -0.082410976 -0.0012503257 0.049383091
   vertex -0.082410976 -0.0018778991 0.049383939
  endloop
 endfacet
 facet normal -1 8.6192897e-09 6.3819936e-06
  outer loop
   vertex -0.082410972 -0.0012505749 0.050021241
   vertex -0.082410976 -0.0018778991 0.049383939
   vertex -0.082410971 -0.0018798052 0.05002233
  endloop
 endfacet
 facet normal -1 2.2170402e-14 2.20473e-14
  outer loop
   vertex -0.082410976 -0.0012501599 0.048752695
   vertex -0.082410976 -0.0018766175 0.048753195
   vertex -0.082410976 -0.0018778991 0.049383939
  endloop
 endfacet
 facet normal -1 2.2170402e-14 2.20473e-14
  outer loop
   vertex -0.082410976 -0.0012501599 0.048752695
   vertex -0.082410976 -0.0018778991 0.049383939
   vertex -0.082410976 -0.0012503257 0.049383091
  endloop
 endfacet
 facet normal 1 -9.0330764e-21 2.2114372e-14
  outer loop
   vertex -0.088410981 -0.0018763346 0.048753753
   vertex -0.088410981 -0.0018760754 0.048126207
   vertex -0.088410981 -0.0012496342 0.048126208
  endloop
 endfacet
 facet normal 1 -9.0330764e-21 2.2114372e-14
  outer loop
   vertex -0.088410981 -0.0018763346 0.048753753
   vertex -0.088410981 -0.0012496342 0.048126208
   vertex -0.088410981 -0.0012491694 0.048754154
  endloop
 endfacet
 facet normal 1 -1.9358114e-07 -1.9216221e-07
  outer loop
   vertex -0.088410981 -0.00062149251 0.048755902
   vertex -0.088410981 -0.00061835485 0.049391049
   vertex -0.088410981 -0.0012480441 0.049387081
  endloop
 endfacet
 facet normal 1 -1.9358114e-07 -1.9216221e-07
  outer loop
   vertex -0.088410981 -0.00062149251 0.048755902
   vertex -0.088410981 -0.0012480441 0.049387081
   vertex -0.088410981 -0.0012491694 0.048754154
  endloop
 endfacet
 facet normal 1 2.2142124e-14 -4.8599449e-17
  outer loop
   vertex -0.088410981 -0.0012496342 0.048126208
   vertex -0.088410981 -0.0006228733 0.048126807
   vertex -0.088410981 -0.00062149251 0.048755902
  endloop
 endfacet
 facet normal 1 2.2142124e-14 -4.8599449e-17
  outer loop
   vertex -0.088410981 -0.0012496342 0.048126208
   vertex -0.088410981 -0.00062149251 0.048755902
   vertex -0.088410981 -0.0012491694 0.048754154
  endloop
 endfacet
 facet normal 1 -2.2084502e-14 -3.6407393e-18
  outer loop
   vertex -0.088410981 -0.0012480441 0.049387081
   vertex -0.088410981 -0.0018764388 0.049385683
   vertex -0.088410981 -0.0018763346 0.048753753
  endloop
 endfacet
 facet normal 1 -2.2084502e-14 -3.6407393e-18
  outer loop
   vertex -0.088410981 -0.0012480441 0.049387081
   vertex -0.088410981 -0.0018763346 0.048753753
   vertex -0.088410981 -0.0012491694 0.048754154
  endloop
 endfacet
 facet normal -0.99999962 0.00073468649 0.00045878801
  outer loop
   vertex -0.082410149 0.002546543 0.048766171
   vertex -0.082410451 0.0025332124 0.048129042
   vertex -0.082410915 0.0019007284 0.04812885
  endloop
 endfacet
 facet normal -0.99999962 0.00073468649 0.00045878801
  outer loop
   vertex -0.082410149 0.002546543 0.048766171
   vertex -0.082410915 0.0019007284 0.04812885
   vertex -0.082410879 0.001907899 0.048762582
  endloop
 endfacet
 facet normal -1 9.0855663e-05 5.2884888e-06
  outer loop
   vertex -0.082410977 0.0012652234 0.047498832
   vertex -0.082410973 0.0012637932 0.04812775
   vertex -0.082410915 0.0019007284 0.04812885
  endloop
 endfacet
 facet normal -1 9.0855663e-05 5.2884888e-06
  outer loop
   vertex -0.082410977 0.0012652234 0.047498832
   vertex -0.082410915 0.0019007284 0.04812885
   vertex -0.082410935 0.001904588 0.047497112
  endloop
 endfacet
 facet normal -0.99999999 0.00014266341 5.6649511e-05
  outer loop
   vertex -0.08241097 0.001267897 0.048758605
   vertex -0.082410879 0.001907899 0.048762582
   vertex -0.082410915 0.0019007284 0.04812885
  endloop
 endfacet
 facet normal -0.99999999 0.00014266341 5.6649511e-05
  outer loop
   vertex -0.08241097 0.001267897 0.048758605
   vertex -0.082410915 0.0019007284 0.04812885
   vertex -0.082410973 0.0012637932 0.04812775
  endloop
 endfacet
 facet normal -1 2.246476e-05 3.846988e-05
  outer loop
   vertex -0.082410937 0.0012846132 0.050033346
   vertex -0.082410962 0.0012760928 0.049393273
   vertex -0.082410976 0.00063769311 0.049387578
  endloop
 endfacet
 facet normal -1 2.246476e-05 3.846988e-05
  outer loop
   vertex -0.082410937 0.0012846132 0.050033346
   vertex -0.082410976 0.00063769311 0.049387578
   vertex -0.082410968 0.00064341844 0.050025651
  endloop
 endfacet
 facet normal -1 0 0
  outer loop
   vertex -0.082410976 3.3551631e-06 0.048753598
   vertex -0.082410976 5.450819e-06 0.04938437
   vertex -0.082410976 0.00063769311 0.049387578
  endloop
 endfacet
 facet normal -1 0 0
  outer loop
   vertex -0.082410976 3.3551631e-06 0.048753598
   vertex -0.082410976 0.00063769311 0.049387578
   vertex -0.082410976 0.00063333119 0.048755453
  endloop
 endfacet
 facet normal -1 9.7905248e-06 -6.7558704e-08
  outer loop
   vertex -0.08241097 0.001267897 0.048758605
   vertex -0.082410976 0.00063333119 0.048755453
   vertex -0.082410976 0.00063769311 0.049387578
  endloop
 endfacet
 facet normal -1 9.7905248e-06 -6.7558704e-08
  outer loop
   vertex -0.08241097 0.001267897 0.048758605
   vertex -0.082410976 0.00063769311 0.049387578
   vertex -0.082410962 0.0012760928 0.049393273
  endloop
 endfacet
 facet normal -1 -3.9756119e-07 -2.2498807e-10
  outer loop
   vertex -0.082410977 0.0012652234 0.047498832
   vertex -0.082410976 0.00063151491 0.047499679
   vertex -0.082410976 0.00063116003 0.048126757
  endloop
 endfacet
 facet normal -1 -3.9756119e-07 -2.2498807e-10
  outer loop
   vertex -0.082410977 0.0012652234 0.047498832
   vertex -0.082410976 0.00063116003 0.048126757
   vertex -0.082410973 0.0012637932 0.04812775
  endloop
 endfacet
 facet normal -1 -2.1964297e-14 -2.199806e-14
  outer loop
   vertex -0.082410976 3.3551631e-06 0.048753598
   vertex -0.082410976 0.00063333119 0.048755453
   vertex -0.082410976 0.00063116003 0.048126757
  endloop
 endfacet
 facet normal -1 -2.1964297e-14 -2.199806e-14
  outer loop
   vertex -0.082410976 3.3551631e-06 0.048753598
   vertex -0.082410976 0.00063116003 0.048126757
   vertex -0.082410976 2.3239792e-06 0.04812611
  endloop
 endfacet
 facet normal -1 4.6457114e-06 5.150646e-06
  outer loop
   vertex -0.08241097 0.001267897 0.048758605
   vertex -0.082410973 0.0012637932 0.04812775
   vertex -0.082410976 0.00063116003 0.048126757
  endloop
 endfacet
 facet normal -1 4.6457114e-06 5.150646e-06
  outer loop
   vertex -0.08241097 0.001267897 0.048758605
   vertex -0.082410976 0.00063116003 0.048126757
   vertex -0.082410976 0.00063333119 0.048755453
  endloop
 endfacet
 facet normal -0.99999935 0.0011428683 1.5740431e-05
  outer loop
   vertex -0.082410149 0.002546543 0.048766171
   vertex -0.082410879 0.001907899 0.048762582
   vertex -0.082410853 0.0019216671 0.04939977
  endloop
 endfacet
 facet normal -0.99999935 0.0011428683 1.5740431e-05
  outer loop
   vertex -0.082410149 0.002546543 0.048766171
   vertex -0.082410853 0.0019216671 0.04939977
   vertex -0.082410697 0.0025734973 0.04940527
  endloop
 endfacet
 facet normal -0.9999999 0.00037531086 0.00024458199
  outer loop
   vertex -0.082410937 0.0012846132 0.050033346
   vertex -0.082410694 0.0019272297 0.050040008
   vertex -0.082410853 0.0019216671 0.04939977
  endloop
 endfacet
 facet normal -0.9999999 0.00037531086 0.00024458199
  outer loop
   vertex -0.082410937 0.0012846132 0.050033346
   vertex -0.082410853 0.0019216671 0.04939977
   vertex -0.082410962 0.0012760928 0.049393273
  endloop
 endfacet
 facet normal -0.99999999 0.00016864917 1.0975541e-05
  outer loop
   vertex -0.08241097 0.001267897 0.048758605
   vertex -0.082410962 0.0012760928 0.049393273
   vertex -0.082410853 0.0019216671 0.04939977
  endloop
 endfacet
 facet normal -0.99999999 0.00016864917 1.0975541e-05
  outer loop
   vertex -0.08241097 0.001267897 0.048758605
   vertex -0.082410853 0.0019216671 0.04939977
   vertex -0.082410879 0.001907899 0.048762582
  endloop
 endfacet
 facet normal 1 -5.3451742e-07 7.5517896e-06
  outer loop
   vertex -0.088410981 0.0012865147 0.048131544
   vertex -0.088410981 0.0019472884 0.048134154
   vertex -0.088410985 0.001953549 0.048774805
  endloop
 endfacet
 facet normal 1 -5.3451742e-07 7.5517896e-06
  outer loop
   vertex -0.088410981 0.0012865147 0.048131544
   vertex -0.088410985 0.001953549 0.048774805
   vertex -0.088410981 0.0012902892 0.048768754
  endloop
 endfacet
 facet normal 1 2.5971264e-05 -1.3761394e-06
  outer loop
   vertex -0.088410997 0.0012968532 0.049415254
   vertex -0.08841098 0.0006535338 0.0494081
   vertex -0.088410981 0.00064477582 0.048763858
  endloop
 endfacet
 facet normal 1 2.5971264e-05 -1.3761394e-06
  outer loop
   vertex -0.088410997 0.0012968532 0.049415254
   vertex -0.088410981 0.00064477582 0.048763858
   vertex -0.088410981 0.0012902892 0.048768754
  endloop
 endfacet
 facet normal 1 -3.5353524e-08 2.0156271e-10
  outer loop
   vertex -0.088410981 0.00064477582 0.048763858
   vertex -0.088410981 0.00064116044 0.048129661
   vertex -0.088410981 0.0012865147 0.048131544
  endloop
 endfacet
 facet normal 1 -3.5353524e-08 2.0156271e-10
  outer loop
   vertex -0.088410981 0.00064477582 0.048763858
   vertex -0.088410981 0.0012865147 0.048131544
   vertex -0.088410981 0.0012902892 0.048768754
  endloop
 endfacet
 facet normal 0.99999996 0.00018844067 0.00021127143
  outer loop
   vertex -0.088410985 0.001953549 0.048774805
   vertex -0.088411118 0.0019422032 0.049412648
   vertex -0.088410997 0.0012968532 0.049415254
  endloop
 endfacet
 facet normal 0.99999996 0.00018844067 0.00021127143
  outer loop
   vertex -0.088410985 0.001953549 0.048774805
   vertex -0.088410997 0.0012968532 0.049415254
   vertex -0.088410981 0.0012902892 0.048768754
  endloop
 endfacet
 facet normal -1 -4.3757602e-06 -6.0938564e-09
  outer loop
   vertex -0.082410976 -0.0024949797 0.036248665
   vertex -0.082410976 -0.0024958504 0.036873926
   vertex -0.082410979 -0.0018633359 0.03687199
  endloop
 endfacet
 facet normal -1 -4.3757602e-06 -6.0938564e-09
  outer loop
   vertex -0.082410976 -0.0024949797 0.036248665
   vertex -0.082410979 -0.0018633359 0.03687199
   vertex -0.08241098 -0.0018615585 0.036246402
  endloop
 endfacet
 facet normal -1 -3.3161958e-05 1.8768829e-05
  outer loop
   vertex -0.082410988 -0.0012279626 0.037494508
   vertex -0.082411 -0.0012214024 0.036867675
   vertex -0.082410979 -0.0018633359 0.03687199
  endloop
 endfacet
 facet normal -1 -3.3161958e-05 1.8768829e-05
  outer loop
   vertex -0.082410988 -0.0012279626 0.037494508
   vertex -0.082410979 -0.0018633359 0.03687199
   vertex -0.082410976 -0.0018660425 0.037497754
  endloop
 endfacet
 facet normal -1 -2.4756529e-05 1.1246125e-06
  outer loop
   vertex -0.082410996 -0.0012189244 0.03624159
   vertex -0.08241098 -0.0018615585 0.036246402
   vertex -0.082410979 -0.0018633359 0.03687199
  endloop
 endfacet
 facet normal -1 -2.4756529e-05 1.1246125e-06
  outer loop
   vertex -0.082410996 -0.0012189244 0.03624159
   vertex -0.082410979 -0.0018633359 0.03687199
   vertex -0.082411 -0.0012214024 0.036867675
  endloop
 endfacet
 facet normal -0.99998888 0.0021716152 -0.0041850848
  outer loop
   vertex -0.082411999 8.1623643e-05 0.036220406
   vertex -0.082409499 4.1064666e-05 0.035602227
   vertex -0.082410857 -0.00057069104 0.035609105
  endloop
 endfacet
 facet normal -0.99998888 0.0021716152 -0.0041850848
  outer loop
   vertex -0.082411999 8.1623643e-05 0.036220406
   vertex -0.082410857 -0.00057069104 0.035609105
   vertex -0.082411083 -0.00056564237 0.036233249
  endloop
 endfacet
 facet normal -0.99999998 0.0001949322 5.0479689e-05
  outer loop
   vertex -0.082411013 -0.0012094756 0.034989638
   vertex -0.082410982 -0.0012168413 0.035616023
   vertex -0.082410857 -0.00057069104 0.035609105
  endloop
 endfacet
 facet normal -0.99999998 0.0001949322 5.0479689e-05
  outer loop
   vertex -0.082411013 -0.0012094756 0.034989638
   vertex -0.082410857 -0.00057069104 0.035609105
   vertex -0.082410934 -0.00055944645 0.034982531
  endloop
 endfacet
 facet normal -0.99999992 -0.00013865055 -0.00036186722
  outer loop
   vertex -0.082410996 -0.0012189244 0.03624159
   vertex -0.082411083 -0.00056564237 0.036233249
   vertex -0.082410857 -0.00057069104 0.035609105
  endloop
 endfacet
 facet normal -0.99999992 -0.00013865055 -0.00036186722
  outer loop
   vertex -0.082410996 -0.0012189244 0.03624159
   vertex -0.082410857 -0.00057069104 0.035609105
   vertex -0.082410982 -0.0012168413 0.035616023
  endloop
 endfacet
 facet normal -0.99999899 -0.001415823 -9.2672549e-05
  outer loop
   vertex -0.082411999 8.1623643e-05 0.036220406
   vertex -0.082411083 -0.00056564237 0.036233249
   vertex -0.082411144 -0.00056410184 0.036859783
  endloop
 endfacet
 facet normal -0.99999899 -0.001415823 -9.2672549e-05
  outer loop
   vertex -0.082411999 8.1623643e-05 0.036220406
   vertex -0.082411144 -0.00056410184 0.036859783
   vertex -0.08241246 0.00011350321 0.03684677
  endloop
 endfacet
 facet normal -0.99999998 -6.3143428e-05 0.00017828337
  outer loop
   vertex -0.082410988 -0.0012279626 0.037494508
   vertex -0.08241103 -0.00057887043 0.037488652
   vertex -0.082411144 -0.00056410184 0.036859783
  endloop
 endfacet
 facet normal -0.99999998 -6.3143428e-05 0.00017828337
  outer loop
   vertex -0.082410988 -0.0012279626 0.037494508
   vertex -0.082411144 -0.00056410184 0.036859783
   vertex -0.082411 -0.0012214024 0.036867675
  endloop
 endfacet
 facet normal -0.99999998 -0.00021780444 -8.3792887e-06
  outer loop
   vertex -0.082410996 -0.0012189244 0.03624159
   vertex -0.082411 -0.0012214024 0.036867675
   vertex -0.082411144 -0.00056410184 0.036859783
  endloop
 endfacet
 facet normal -0.99999998 -0.00021780444 -8.3792887e-06
  outer loop
   vertex -0.082410996 -0.0012189244 0.03624159
   vertex -0.082411144 -0.00056410184 0.036859783
   vertex -0.082411083 -0.00056564237 0.036233249
  endloop
 endfacet
 facet normal -1 -5.5463975e-06 9.1043043e-07
  outer loop
   vertex -0.082410976 -0.0024949797 0.036248665
   vertex -0.08241098 -0.0018615585 0.036246402
   vertex -0.08241098 -0.0018595205 0.035620877
  endloop
 endfacet
 facet normal -1 -5.5463975e-06 9.1043043e-07
  outer loop
   vertex -0.082410976 -0.0024949797 0.036248665
   vertex -0.08241098 -0.0018595205 0.035620877
   vertex -0.082410976 -0.0024938757 0.035623381
  endloop
 endfacet
 facet normal -1 -4.1044434e-05 8.6271485e-06
  outer loop
   vertex -0.082411013 -0.0012094756 0.034989638
   vertex -0.082410986 -0.0018555306 0.034994969
   vertex -0.08241098 -0.0018595205 0.035620877
  endloop
 endfacet
 facet normal -1 -4.1044434e-05 8.6271485e-06
  outer loop
   vertex -0.082411013 -0.0012094756 0.034989638
   vertex -0.08241098 -0.0018595205 0.035620877
   vertex -0.082410982 -0.0012168413 0.035616023
  endloop
 endfacet
 facet normal -1 -3.184491e-06 -2.1417362e-05
  outer loop
   vertex -0.082410996 -0.0012189244 0.03624159
   vertex -0.082410982 -0.0012168413 0.035616023
   vertex -0.08241098 -0.0018595205 0.035620877
  endloop
 endfacet
 facet normal -1 -3.184491e-06 -2.1417362e-05
  outer loop
   vertex -0.082410996 -0.0012189244 0.03624159
   vertex -0.08241098 -0.0018595205 0.035620877
   vertex -0.08241098 -0.0018615585 0.036246402
  endloop
 endfacet
 facet normal 0.0012703061 -0.96595129 0.25872089
  outer loop
   vertex -0.082416406 0.0011588405 0.037506663
   vertex -0.082415354 0.0013081531 0.038064127
   vertex -0.083054012 0.0013135018 0.038087232
  endloop
 endfacet
 facet normal 0.0012703061 -0.96595129 0.25872089
  outer loop
   vertex -0.082416406 0.0011588405 0.037506663
   vertex -0.083054012 0.0013135018 0.038087232
   vertex -0.083053486 0.0011701729 0.037552379
  endloop
 endfacet
 facet normal 0.00090504728 -0.96845076 0.24920334
  outer loop
   vertex -0.083054012 0.0013135018 0.038087232
   vertex -0.082415354 0.0013081531 0.038064127
   vertex -0.082411252 0.0014678884 0.038684873
  endloop
 endfacet
 facet normal 0.00090504728 -0.96845076 0.24920334
  outer loop
   vertex -0.083054012 0.0013135018 0.038087232
   vertex -0.082411252 0.0014678884 0.038684873
   vertex -0.082421694 0.0015534528 0.038976647
  endloop
 endfacet
 facet normal 0.00090504728 -0.96845076 0.24920334
  outer loop
   vertex -0.083054012 0.0013135018 0.038087232
   vertex -0.082421694 0.0015534528 0.038976647
   vertex -0.083023633 0.0015482332 0.038963928
  endloop
 endfacet
 facet normal -0.0012869968 -0.96596308 0.25867676
  outer loop
   vertex -0.083688574 0.0013136277 0.038084545
   vertex -0.083054012 0.0013135018 0.038087232
   vertex -0.083023633 0.0015482332 0.038963928
  endloop
 endfacet
 facet normal -0.0012869968 -0.96596308 0.25867676
  outer loop
   vertex -0.083688574 0.0013136277 0.038084545
   vertex -0.083023633 0.0015482332 0.038963928
   vertex -0.083673822 0.0015466195 0.038953767
  endloop
 endfacet
 facet normal -0.0014674061 -0.9659182 0.25884336
  outer loop
   vertex -0.083686534 0.0011721694 0.03755624
   vertex -0.083053486 0.0011701729 0.037552379
   vertex -0.083054012 0.0013135018 0.038087232
  endloop
 endfacet
 facet normal -0.0014674061 -0.9659182 0.25884336
  outer loop
   vertex -0.083686534 0.0011721694 0.03755624
   vertex -0.083054012 0.0013135018 0.038087232
   vertex -0.083688574 0.0013136277 0.038084545
  endloop
 endfacet
 facet normal -0.0001627387 -0.96593477 0.25878563
  outer loop
   vertex -0.084342408 0.0018329873 0.040022361
   vertex -0.084338431 0.0016826853 0.039461351
   vertex -0.0836781 0.0016823039 0.039460343
  endloop
 endfacet
 facet normal -0.0001627387 -0.96593477 0.25878563
  outer loop
   vertex -0.084342408 0.0018329873 0.040022361
   vertex -0.0836781 0.0016823039 0.039460343
   vertex -0.08368557 0.0018322072 0.040019862
  endloop
 endfacet
 facet normal 1.1640953e-05 -0.96592583 0.25881904
  outer loop
   vertex -0.084992353 0.001682725 0.0394615
   vertex -0.084991913 0.0015458216 0.038950569
   vertex -0.084337549 0.0015461039 0.038951594
  endloop
 endfacet
 facet normal 1.1640953e-05 -0.96592583 0.25881904
  outer loop
   vertex -0.084992353 0.001682725 0.0394615
   vertex -0.084337549 0.0015461039 0.038951594
   vertex -0.084338431 0.0016826853 0.039461351
  endloop
 endfacet
 facet normal 0.0020699754 -0.96599146 0.2585657
  outer loop
   vertex -0.082415588 0.0016696831 0.039412793
   vertex -0.083043313 0.0016791898 0.039453334
   vertex -0.083023633 0.0015482332 0.038963928
  endloop
 endfacet
 facet normal 0.0020699754 -0.96599146 0.2585657
  outer loop
   vertex -0.082415588 0.0016696831 0.039412793
   vertex -0.083023633 0.0015482332 0.038963928
   vertex -0.082421694 0.0015534528 0.038976647
  endloop
 endfacet
 facet normal -0.0018726804 -0.96574213 0.25949688
  outer loop
   vertex -0.0836781 0.0016823039 0.039460343
   vertex -0.083043313 0.0016791898 0.039453334
   vertex -0.083053267 0.0018288021 0.040010059
  endloop
 endfacet
 facet normal -0.0018726804 -0.96574213 0.25949688
  outer loop
   vertex -0.0836781 0.0016823039 0.039460343
   vertex -0.083053267 0.0018288021 0.040010059
   vertex -0.08368557 0.0018322072 0.040019862
  endloop
 endfacet
 facet normal 0.0012507721 -0.96641198 0.25699478
  outer loop
   vertex -0.082416406 0.0011588405 0.037506663
   vertex -0.083053486 0.0011701729 0.037552379
   vertex -0.083042968 0.0010369114 0.037051206
  endloop
 endfacet
 facet normal 0.0012507721 -0.96641198 0.25699478
  outer loop
   vertex -0.082416406 0.0011588405 0.037506663
   vertex -0.083042968 0.0010369114 0.037051206
   vertex -0.082421851 0.0010401318 0.037063357
  endloop
 endfacet
 facet normal -0.00016619259 -0.96600998 0.25850473
  outer loop
   vertex -0.083686534 0.0011721694 0.03755624
   vertex -0.08368665 0.0010344922 0.037041752
   vertex -0.083042968 0.0010369114 0.037051206
  endloop
 endfacet
 facet normal -0.00016619259 -0.96600998 0.25850473
  outer loop
   vertex -0.083686534 0.0011721694 0.03755624
   vertex -0.083042968 0.0010369114 0.037051206
   vertex -0.083053486 0.0011701729 0.037552379
  endloop
 endfacet
 facet normal -0.00027762334 -0.96491847 0.26254957
  outer loop
   vertex -0.083693771 0.00065580216 0.035628874
   vertex -0.083063411 0.00065252294 0.035617488
   vertex -0.083063235 0.00080617147 0.036182175
  endloop
 endfacet
 facet normal -0.00027762334 -0.96491847 0.26254957
  outer loop
   vertex -0.083693771 0.00065580216 0.035628874
   vertex -0.083063235 0.00080617147 0.036182175
   vertex -0.083699039 0.00080358642 0.036179809
  endloop
 endfacet
 facet normal 0.0002843752 -0.96594118 0.25876157
  outer loop
   vertex -0.084350043 0.00080360672 0.0361806
   vertex -0.083699039 0.00080358642 0.036179809
   vertex -0.08368665 0.0010344922 0.037041752
  endloop
 endfacet
 facet normal 0.0002843752 -0.96594118 0.25876157
  outer loop
   vertex -0.084350043 0.00080360672 0.0361806
   vertex -0.08368665 0.0010344922 0.037041752
   vertex -0.084344025 0.0010337503 0.037039384
  endloop
 endfacet
 facet normal -0.00013670698 -0.96651093 0.25662541
  outer loop
   vertex -0.083063235 0.00080617147 0.036182175
   vertex -0.083042968 0.0010369114 0.037051206
   vertex -0.08368665 0.0010344922 0.037041752
  endloop
 endfacet
 facet normal -0.00013670698 -0.96651093 0.25662541
  outer loop
   vertex -0.083063235 0.00080617147 0.036182175
   vertex -0.08368665 0.0010344922 0.037041752
   vertex -0.083699039 0.00080358642 0.036179809
  endloop
 endfacet
 facet normal -1 0 0
  outer loop
   vertex -0.082410976 -0.002500075 0.04375002
   vertex -0.082410976 -0.0018747326 0.04374993
   vertex -0.082410976 -0.0018746318 0.043124902
  endloop
 endfacet
 facet normal -1 0 0
  outer loop
   vertex -0.082410976 -0.002500075 0.04375002
   vertex -0.082410976 -0.0018746318 0.043124902
   vertex -0.082410976 -0.0025000087 0.043125002
  endloop
 endfacet
 facet normal -1 0 0
  outer loop
   vertex -0.082410976 -0.0012481806 0.042499517
   vertex -0.082410976 -0.0018744849 0.042499863
   vertex -0.082410976 -0.0018746318 0.043124902
  endloop
 endfacet
 facet normal -1 0 0
  outer loop
   vertex -0.082410976 -0.0012481806 0.042499517
   vertex -0.082410976 -0.0018746318 0.043124902
   vertex -0.082410976 -0.001248594 0.043124625
  endloop
 endfacet
 facet normal -1 -9.822402e-18 -2.2201614e-14
  outer loop
   vertex -0.082410976 -0.0012488763 0.043749705
   vertex -0.082410976 -0.001248594 0.043124625
   vertex -0.082410976 -0.0018746318 0.043124902
  endloop
 endfacet
 facet normal -1 -9.822402e-18 -2.2201614e-14
  outer loop
   vertex -0.082410976 -0.0012488763 0.043749705
   vertex -0.082410976 -0.0018746318 0.043124902
   vertex -0.082410976 -0.0018747326 0.04374993
  endloop
 endfacet
 facet normal -1 -3.8604576e-06 -4.9525886e-09
  outer loop
   vertex -0.082410979 1.0346706e-05 0.043747299
   vertex -0.082410976 -0.00062132304 0.043749036
   vertex -0.082410976 -0.00062212513 0.044374253
  endloop
 endfacet
 facet normal -1 -3.8604576e-06 -4.9525886e-09
  outer loop
   vertex -0.082410979 1.0346706e-05 0.043747299
   vertex -0.082410976 -0.00062212513 0.044374253
   vertex -0.082410976 8.2773146e-06 0.044372851
  endloop
 endfacet
 facet normal -1 0 0
  outer loop
   vertex -0.082410976 -0.0012493918 0.04499984
   vertex -0.082410976 -0.00062283603 0.04499943
   vertex -0.082410976 -0.00062212513 0.044374253
  endloop
 endfacet
 facet normal -1 0 0
  outer loop
   vertex -0.082410976 -0.0012493918 0.04499984
   vertex -0.082410976 -0.00062212513 0.044374253
   vertex -0.082410976 -0.0012491526 0.04437478
  endloop
 endfacet
 facet normal -1 1.8656442e-17 2.2201812e-14
  outer loop
   vertex -0.082410976 -0.0012488763 0.043749705
   vertex -0.082410976 -0.0012491526 0.04437478
   vertex -0.082410976 -0.00062212513 0.044374253
  endloop
 endfacet
 facet normal -1 1.8656442e-17 2.2201812e-14
  outer loop
   vertex -0.082410976 -0.0012488763 0.043749705
   vertex -0.082410976 -0.00062212513 0.044374253
   vertex -0.082410976 -0.00062132304 0.043749036
  endloop
 endfacet
 facet normal -1 -4.2667859e-06 4.0693081e-07
  outer loop
   vertex -0.082410979 1.0346706e-05 0.043747299
   vertex -0.082410979 1.1655102e-05 0.043121866
   vertex -0.082410976 -0.00062062807 0.04312383
  endloop
 endfacet
 facet normal -1 -4.2667859e-06 4.0693081e-07
  outer loop
   vertex -0.082410979 1.0346706e-05 0.043747299
   vertex -0.082410976 -0.00062062807 0.04312383
   vertex -0.082410976 -0.00062132304 0.043749036
  endloop
 endfacet
 facet normal -1 0 0
  outer loop
   vertex -0.082410976 -0.0012481806 0.042499517
   vertex -0.082410976 -0.001248594 0.043124625
   vertex -0.082410976 -0.00062062807 0.04312383
  endloop
 endfacet
 facet normal -1 0 0
  outer loop
   vertex -0.082410976 -0.0012481806 0.042499517
   vertex -0.082410976 -0.00062062807 0.04312383
   vertex -0.082410976 -0.00061966201 0.04249858
  endloop
 endfacet
 facet normal -1 4.4251933e-14 2.2246324e-14
  outer loop
   vertex -0.082410976 -0.0012488763 0.043749705
   vertex -0.082410976 -0.00062132304 0.043749036
   vertex -0.082410976 -0.00062062807 0.04312383
  endloop
 endfacet
 facet normal -1 4.4251933e-14 2.2246324e-14
  outer loop
   vertex -0.082410976 -0.0012488763 0.043749705
   vertex -0.082410976 -0.00062062807 0.04312383
   vertex -0.082410976 -0.001248594 0.043124625
  endloop
 endfacet
 facet normal -1 0 0
  outer loop
   vertex -0.082410976 -0.002500075 0.04375002
   vertex -0.082410976 -0.0025001625 0.044375043
   vertex -0.082410976 -0.0018748284 0.044374955
  endloop
 endfacet
 facet normal -1 0 0
  outer loop
   vertex -0.082410976 -0.002500075 0.04375002
   vertex -0.082410976 -0.0018748284 0.044374955
   vertex -0.082410976 -0.0018747326 0.04374993
  endloop
 endfacet
 facet normal -1 0 -0
  outer loop
   vertex -0.082410976 -0.0012493918 0.04499984
   vertex -0.082410976 -0.0012491526 0.04437478
   vertex -0.082410976 -0.0018748284 0.044374955
  endloop
 endfacet
 facet normal -1 0 -0
  outer loop
   vertex -0.082410976 -0.0012493918 0.04499984
   vertex -0.082410976 -0.0018748284 0.044374955
   vertex -0.082410976 -0.0018749171 0.044999979
  endloop
 endfacet
 facet normal -1 -2.2174083e-14 -3.3985849e-18
  outer loop
   vertex -0.082410976 -0.0012488763 0.043749705
   vertex -0.082410976 -0.0018747326 0.04374993
   vertex -0.082410976 -0.0018748284 0.044374955
  endloop
 endfacet
 facet normal -1 -2.2174083e-14 -3.3985849e-18
  outer loop
   vertex -0.082410976 -0.0012488763 0.043749705
   vertex -0.082410976 -0.0018748284 0.044374955
   vertex -0.082410976 -0.0012491526 0.04437478
  endloop
 endfacet
 facet normal -0.00062798515 -0.95455527 0.29803329
  outer loop
   vertex -0.082411395 0.0027962708 0.04366387
   vertex -0.082421851 0.0028845378 0.043946554
   vertex -0.083041974 0.0028817097 0.04393619
  endloop
 endfacet
 facet normal -0.00062798515 -0.95455527 0.29803329
  outer loop
   vertex -0.082411395 0.0027962708 0.04366387
   vertex -0.083041974 0.0028817097 0.04393619
   vertex -0.083060027 0.0026499272 0.043064392
  endloop
 endfacet
 facet normal -0.00062798515 -0.95455527 0.29803329
  outer loop
   vertex -0.082411395 0.0027962708 0.04366387
   vertex -0.083060027 0.0026499272 0.043064392
   vertex -0.082411162 0.0026361647 0.043040298
  endloop
 endfacet
 facet normal -0.00040361633 -0.96501704 0.26218688
  outer loop
   vertex -0.08369097 0.0024997701 0.042510745
   vertex -0.083060044 0.0024965161 0.04249974
   vertex -0.083060027 0.0026499272 0.043064392
  endloop
 endfacet
 facet normal -0.00040361633 -0.96501704 0.26218688
  outer loop
   vertex -0.08369097 0.0024997701 0.042510745
   vertex -0.083060027 0.0026499272 0.043064392
   vertex -0.083696166 0.0026476375 0.043062082
  endloop
 endfacet
 facet normal 0.0025459036 -0.96643695 0.25689129
  outer loop
   vertex -0.083696166 0.0026476375 0.043062082
   vertex -0.083060027 0.0026499272 0.043064392
   vertex -0.083041974 0.0028817097 0.04393619
  endloop
 endfacet
 facet normal 0.0025459036 -0.96643695 0.25689129
  outer loop
   vertex -0.083696166 0.0026476375 0.043062082
   vertex -0.083041974 0.0028817097 0.04393619
   vertex -0.083685506 0.0028796431 0.043927937
  endloop
 endfacet
 facet normal 3.2897517e-05 -0.96593094 0.25879996
  outer loop
   vertex -0.083688143 0.0030169563 0.044440755
   vertex -0.084343764 0.00301711 0.044441412
   vertex -0.084343281 0.0028790795 0.043926234
  endloop
 endfacet
 facet normal 3.2897517e-05 -0.96593094 0.25879996
  outer loop
   vertex -0.083688143 0.0030169563 0.044440755
   vertex -0.084343281 0.0028790795 0.043926234
   vertex -0.083685506 0.0028796431 0.043927937
  endloop
 endfacet
 facet normal 0.00022164317 -0.96586519 0.25904514
  outer loop
   vertex -0.08369097 0.0024997701 0.042510745
   vertex -0.083696166 0.0026476375 0.043062082
   vertex -0.084348449 0.0026476711 0.043062766
  endloop
 endfacet
 facet normal 0.00022164317 -0.96586519 0.25904514
  outer loop
   vertex -0.08369097 0.0024997701 0.042510745
   vertex -0.084348449 0.0026476711 0.043062766
   vertex -0.084345265 0.0025004653 0.042513351
  endloop
 endfacet
 facet normal -1.5065394e-05 -0.96591387 0.25886368
  outer loop
   vertex -0.084995616 0.0026478001 0.043063209
   vertex -0.084348449 0.0026476711 0.043062766
   vertex -0.084343281 0.0028790795 0.043926234
  endloop
 endfacet
 facet normal -1.5065394e-05 -0.96591387 0.25886368
  outer loop
   vertex -0.084995616 0.0026478001 0.043063209
   vertex -0.084343281 0.0028790795 0.043926234
   vertex -0.084993818 0.0028788444 0.043925478
  endloop
 endfacet
 facet normal -0.0010679777 -0.96624316 0.25762961
  outer loop
   vertex -0.083041974 0.0028817097 0.04393619
   vertex -0.083056095 0.0030147817 0.044435219
   vertex -0.083688143 0.0030169563 0.044440755
  endloop
 endfacet
 facet normal -0.0010679777 -0.96624316 0.25762961
  outer loop
   vertex -0.083041974 0.0028817097 0.04393619
   vertex -0.083688143 0.0030169563 0.044440755
   vertex -0.083685506 0.0028796431 0.043927937
  endloop
 endfacet
 facet normal -0.00019067303 -0.96593648 0.25877922
  outer loop
   vertex -0.083691497 0.0019800682 0.040571845
   vertex -0.084345948 0.0019804611 0.040572829
   vertex -0.084342408 0.0018329873 0.040022361
  endloop
 endfacet
 facet normal -0.00019067303 -0.96593648 0.25877922
  outer loop
   vertex -0.083691497 0.0019800682 0.040571845
   vertex -0.084342408 0.0018329873 0.040022361
   vertex -0.08368557 0.0018322072 0.040019862
  endloop
 endfacet
 facet normal -6.4982204e-05 -0.96592579 0.25881916
  outer loop
   vertex -0.084993041 0.0022124707 0.041438538
   vertex -0.084994826 0.0019806373 0.040573324
   vertex -0.084345948 0.0019804611 0.040572829
  endloop
 endfacet
 facet normal -6.4982204e-05 -0.96592579 0.25881916
  outer loop
   vertex -0.084993041 0.0022124707 0.041438538
   vertex -0.084345948 0.0019804611 0.040572829
   vertex -0.084340877 0.0022126865 0.04143927
  endloop
 endfacet
 facet normal -0.79222377 -0.59063681 0.1533938
  outer loop
   vertex -0.082415553 0.0019742496 0.04055019
   vertex -0.082411395 0.0021308629 0.041174698
   vertex -0.082421411 0.0022180498 0.041458677
  endloop
 endfacet
 facet normal -0.79222377 -0.59063681 0.1533938
  outer loop
   vertex -0.082415553 0.0019742496 0.04055019
   vertex -0.082421411 0.0022180498 0.041458677
   vertex -0.083035892 0.0022148759 0.041449115
  endloop
 endfacet
 facet normal -0.79222377 -0.59063681 0.1533938
  outer loop
   vertex -0.082415553 0.0019742496 0.04055019
   vertex -0.083035892 0.0022148759 0.041449115
   vertex -0.083056729 0.0019797084 0.040573396
  endloop
 endfacet
 facet normal -0.0011800264 -0.96594389 0.25874893
  outer loop
   vertex -0.083053267 0.0018288021 0.040010059
   vertex -0.083056729 0.0019797084 0.040573396
   vertex -0.083691497 0.0019800682 0.040571845
  endloop
 endfacet
 facet normal -0.0011800264 -0.96594389 0.25874893
  outer loop
   vertex -0.083053267 0.0018288021 0.040010059
   vertex -0.083691497 0.0019800682 0.040571845
   vertex -0.08368557 0.0018322072 0.040019862
  endloop
 endfacet
 facet normal 1 -2.3216962e-18 -2.218156e-14
  outer loop
   vertex -0.088410981 -0.0068782138 0.031249532
   vertex -0.088410981 -0.0062509252 0.031249466
   vertex -0.088410981 -0.0062512287 0.031875112
  endloop
 endfacet
 facet normal 1 -2.3216962e-18 -2.218156e-14
  outer loop
   vertex -0.088410981 -0.0068782138 0.031249532
   vertex -0.088410981 -0.0062512287 0.031875112
   vertex -0.088410981 -0.0068793255 0.031875737
  endloop
 endfacet
 facet normal 1 1.9690858e-17 -2.2157048e-14
  outer loop
   vertex -0.088410981 -0.0062510391 0.030622592
   vertex -0.088410981 -0.0056250468 0.030623149
   vertex -0.088410981 -0.0056249498 0.031249486
  endloop
 endfacet
 facet normal 1 1.9690858e-17 -2.2157048e-14
  outer loop
   vertex -0.088410981 -0.0062510391 0.030622592
   vertex -0.088410981 -0.0056249498 0.031249486
   vertex -0.088410981 -0.0062509252 0.031249466
  endloop
 endfacet
 facet normal 1 2.2171788e-14 2.2194949e-14
  outer loop
   vertex -0.088410981 -0.0056249498 0.031249486
   vertex -0.088410981 -0.0056250994 0.031874904
   vertex -0.088410981 -0.0062512287 0.031875112
  endloop
 endfacet
 facet normal 1 2.2171788e-14 2.2194949e-14
  outer loop
   vertex -0.088410981 -0.0056249498 0.031249486
   vertex -0.088410981 -0.0062512287 0.031875112
   vertex -0.088410981 -0.0062509252 0.031249466
  endloop
 endfacet
 facet normal 1 2.2102462e-14 2.2110755e-14
  outer loop
   vertex -0.088410981 -0.0068782138 0.031249532
   vertex -0.088410981 -0.0068778826 0.030621552
   vertex -0.088410981 -0.0062510391 0.030622592
  endloop
 endfacet
 facet normal 1 2.2102462e-14 2.2110755e-14
  outer loop
   vertex -0.088410981 -0.0068782138 0.031249532
   vertex -0.088410981 -0.0062510391 0.030622592
   vertex -0.088410981 -0.0062509252 0.031249466
  endloop
 endfacet
 facet normal 1 0 0
  outer loop
   vertex -0.088410981 -0.0068836552 0.033752227
   vertex -0.088410981 -0.006881882 0.033126716
   vertex -0.088410981 -0.0062521336 0.033125526
  endloop
 endfacet
 facet normal 1 0 0
  outer loop
   vertex -0.088410981 -0.0068836552 0.033752227
   vertex -0.088410981 -0.0062521336 0.033125526
   vertex -0.088410981 -0.0062528262 0.033750723
  endloop
 endfacet
 facet normal 1 0 0
  outer loop
   vertex -0.088410981 -0.0062538502 0.034375988
   vertex -0.088410981 -0.0062528262 0.033750723
   vertex -0.088410981 -0.0056257425 0.033750188
  endloop
 endfacet
 facet normal 1 0 0
  outer loop
   vertex -0.088410981 -0.0062538502 0.034375988
   vertex -0.088410981 -0.0056257425 0.033750188
   vertex -0.088410981 -0.0056260848 0.034375276
  endloop
 endfacet
 facet normal 1 -0 0
  outer loop
   vertex -0.088410981 -0.0062521336 0.033125526
   vertex -0.088410981 -0.0056254911 0.033125116
   vertex -0.088410981 -0.0056257425 0.033750188
  endloop
 endfacet
 facet normal 1 -0 0
  outer loop
   vertex -0.088410981 -0.0062521336 0.033125526
   vertex -0.088410981 -0.0056257425 0.033750188
   vertex -0.088410981 -0.0062528262 0.033750723
  endloop
 endfacet
 facet normal 1 -0 0
  outer loop
   vertex -0.088410981 -0.0068836552 0.033752227
   vertex -0.088410981 -0.0062528262 0.033750723
   vertex -0.088410981 -0.0062538502 0.034375988
  endloop
 endfacet
 facet normal 1 -0 0
  outer loop
   vertex -0.088410981 -0.0068836552 0.033752227
   vertex -0.088410981 -0.0062538502 0.034375988
   vertex -0.088410981 -0.0068863943 0.034377941
  endloop
 endfacet
 facet normal 0.0011656252 -0.96598848 0.25858249
  outer loop
   vertex -0.082412522 -0.00069204165 0.03059883
   vertex -0.082415502 -0.00053695751 0.031178193
   vertex -0.083057519 -0.00053157333 0.0312012
  endloop
 endfacet
 facet normal 0.0011656252 -0.96598848 0.25858249
  outer loop
   vertex -0.082412522 -0.00069204165 0.03059883
   vertex -0.083057519 -0.00053157333 0.0312012
   vertex -0.083058106 -0.00068239016 0.030637668
  endloop
 endfacet
 facet normal -0.0010232578 -0.9660523 0.25834456
  outer loop
   vertex -0.083059278 -0.00083145298 0.030080258
   vertex -0.083058106 -0.00068239016 0.030637668
   vertex -0.083689975 -0.00067912899 0.03064736
  endloop
 endfacet
 facet normal -0.0010232578 -0.9660523 0.25834456
  outer loop
   vertex -0.083059278 -0.00083145298 0.030080258
   vertex -0.083689975 -0.00067912899 0.03064736
   vertex -0.08368924 -0.00082897122 0.030087772
  endloop
 endfacet
 facet normal -1 6.977891e-06 -2.9302943e-06
  outer loop
   vertex -0.082410983 -0.0075734805 0.038770432
   vertex -0.082410978 -0.006917756 0.038761567
   vertex -0.082410976 -0.0069053253 0.038132958
  endloop
 endfacet
 facet normal -1 6.977891e-06 -2.9302943e-06
  outer loop
   vertex -0.082410983 -0.0075734805 0.038770432
   vertex -0.082410976 -0.0069053253 0.038132958
   vertex -0.082410977 -0.0075572991 0.038139579
  endloop
 endfacet
 facet normal -1 -1.4199907e-09 -3.0092897e-07
  outer loop
   vertex -0.082410976 -0.0062588723 0.037502337
   vertex -0.082410976 -0.0068953952 0.03750534
   vertex -0.082410976 -0.0069053253 0.038132958
  endloop
 endfacet
 facet normal -1 -1.4199907e-09 -3.0092897e-07
  outer loop
   vertex -0.082410976 -0.0062588723 0.037502337
   vertex -0.082410976 -0.0069053253 0.038132958
   vertex -0.082410976 -0.006263613 0.038128606
  endloop
 endfacet
 facet normal -1 2.6544427e-07 -3.1040469e-07
  outer loop
   vertex -0.082410977 -0.0062700582 0.038755395
   vertex -0.082410976 -0.006263613 0.038128606
   vertex -0.082410976 -0.0069053253 0.038132958
  endloop
 endfacet
 facet normal -1 2.6544427e-07 -3.1040469e-07
  outer loop
   vertex -0.082410977 -0.0062700582 0.038755395
   vertex -0.082410976 -0.0069053253 0.038132958
   vertex -0.082410978 -0.006917756 0.038761567
  endloop
 endfacet
 facet normal -1 2.2068553e-14 2.2292786e-14
  outer loop
   vertex -0.082410976 -0.0050027255 0.038750728
   vertex -0.082410976 -0.0056330053 0.038752145
   vertex -0.082410976 -0.005636387 0.039378016
  endloop
 endfacet
 facet normal -1 2.2068553e-14 2.2292786e-14
  outer loop
   vertex -0.082410976 -0.0050027255 0.038750728
   vertex -0.082410976 -0.005636387 0.039378016
   vertex -0.082410976 -0.0050039538 0.039376042
  endloop
 endfacet
 facet normal -1 6.594011e-06 3.082281e-08
  outer loop
   vertex -0.082410981 -0.0062853983 0.040009204
   vertex -0.082410976 -0.0056393117 0.040003699
   vertex -0.082410976 -0.005636387 0.039378016
  endloop
 endfacet
 facet normal -1 6.594011e-06 3.082281e-08
  outer loop
   vertex -0.082410981 -0.0062853983 0.040009204
   vertex -0.082410976 -0.005636387 0.039378016
   vertex -0.082410978 -0.0062782598 0.039382535
  endloop
 endfacet
 facet normal -1 2.3737551e-06 -2.0730854e-06
  outer loop
   vertex -0.082410977 -0.0062700582 0.038755395
   vertex -0.082410978 -0.0062782598 0.039382535
   vertex -0.082410976 -0.005636387 0.039378016
  endloop
 endfacet
 facet normal -1 2.3737551e-06 -2.0730854e-06
  outer loop
   vertex -0.082410977 -0.0062700582 0.038755395
   vertex -0.082410976 -0.005636387 0.039378016
   vertex -0.082410976 -0.0056330053 0.038752145
  endloop
 endfacet
 facet normal -1 0 -0
  outer loop
   vertex -0.082410976 -0.0050027255 0.038750728
   vertex -0.082410976 -0.0050017198 0.038125459
   vertex -0.082410976 -0.0056302431 0.038126395
  endloop
 endfacet
 facet normal -1 0 -0
  outer loop
   vertex -0.082410976 -0.0050027255 0.038750728
   vertex -0.082410976 -0.0056302431 0.038126395
   vertex -0.082410976 -0.0056330053 0.038752145
  endloop
 endfacet
 facet normal -1 2.7005345e-08 -2.7203147e-08
  outer loop
   vertex -0.082410976 -0.0062588723 0.037502337
   vertex -0.082410976 -0.006263613 0.038128606
   vertex -0.082410976 -0.0056302431 0.038126395
  endloop
 endfacet
 facet normal -1 2.7005345e-08 -2.7203147e-08
  outer loop
   vertex -0.082410976 -0.0062588723 0.037502337
   vertex -0.082410976 -0.0056302431 0.038126395
   vertex -0.082410976 -0.0056282842 0.037500869
  endloop
 endfacet
 facet normal -1 3.3504023e-07 1.4788763e-09
  outer loop
   vertex -0.082410977 -0.0062700582 0.038755395
   vertex -0.082410976 -0.0056330053 0.038752145
   vertex -0.082410976 -0.0056302431 0.038126395
  endloop
 endfacet
 facet normal -1 3.3504023e-07 1.4788763e-09
  outer loop
   vertex -0.082410977 -0.0062700582 0.038755395
   vertex -0.082410976 -0.0056302431 0.038126395
   vertex -0.082410976 -0.006263613 0.038128606
  endloop
 endfacet
 facet normal -0.99999996 0.00018804758 -0.00021369379
  outer loop
   vertex -0.082410983 -0.0075734805 0.038770432
   vertex -0.082411124 -0.0076051162 0.039404351
   vertex -0.082410996 -0.0069354547 0.039391288
  endloop
 endfacet
 facet normal -0.99999996 0.00018804758 -0.00021369379
  outer loop
   vertex -0.082410983 -0.0075734805 0.038770432
   vertex -0.082410996 -0.0069354547 0.039391288
   vertex -0.082410978 -0.006917756 0.038761567
  endloop
 endfacet
 facet normal -1 2.7152627e-05 -4.0424644e-06
  outer loop
   vertex -0.082410981 -0.0062853983 0.040009204
   vertex -0.082410978 -0.0062782598 0.039382535
   vertex -0.082410996 -0.0069354547 0.039391288
  endloop
 endfacet
 facet normal -1 2.7152627e-05 -4.0424644e-06
  outer loop
   vertex -0.082410981 -0.0062853983 0.040009204
   vertex -0.082410996 -0.0069354547 0.039391288
   vertex -0.082411044 -0.006953394 0.040020527
  endloop
 endfacet
 facet normal -1 2.6788917e-06 -2.7389855e-05
  outer loop
   vertex -0.082410977 -0.0062700582 0.038755395
   vertex -0.082410978 -0.006917756 0.038761567
   vertex -0.082410996 -0.0069354547 0.039391288
  endloop
 endfacet
 facet normal -1 2.6788917e-06 -2.7389855e-05
  outer loop
   vertex -0.082410977 -0.0062700582 0.038755395
   vertex -0.082410996 -0.0069354547 0.039391288
   vertex -0.082410978 -0.0062782598 0.039382535
  endloop
 endfacet
 facet normal 0.00019988881 0.96592964 -0.25880472
  outer loop
   vertex -0.082412452 -0.0085364662 0.039960006
   vertex -0.082411352 -0.0086859802 0.039401979
   vertex -0.083058415 -0.0086962302 0.039363224
  endloop
 endfacet
 facet normal 0.00019988881 0.96592964 -0.25880472
  outer loop
   vertex -0.082412452 -0.0085364662 0.039960006
   vertex -0.083058415 -0.0086962302 0.039363224
   vertex -0.083059671 -0.0085468083 0.039920547
  endloop
 endfacet
 facet normal 3.6639691e-05 0.96587542 -0.25900709
  outer loop
   vertex -0.082411049 -0.0088412121 0.038822657
   vertex -0.083057693 -0.0088473186 0.038799793
   vertex -0.083058415 -0.0086962302 0.039363224
  endloop
 endfacet
 facet normal 3.6639691e-05 0.96587542 -0.25900709
  outer loop
   vertex -0.082411049 -0.0088412121 0.038822657
   vertex -0.083058415 -0.0086962302 0.039363224
   vertex -0.082411352 -0.0086859802 0.039401979
  endloop
 endfacet
 facet normal -0.00019577642 0.96592235 -0.25883196
  outer loop
   vertex -0.083692826 -0.0088469671 0.038801176
   vertex -0.083690375 -0.0086989959 0.039353381
   vertex -0.083058415 -0.0086962302 0.039363224
  endloop
 endfacet
 facet normal -0.00019577642 0.96592235 -0.25883196
  outer loop
   vertex -0.083692826 -0.0088469671 0.038801176
   vertex -0.083058415 -0.0086962302 0.039363224
   vertex -0.083057693 -0.0088473186 0.038799793
  endloop
 endfacet
 facet normal -0.00034191426 0.96588758 -0.25896153
  outer loop
   vertex -0.083689691 -0.0085490556 0.039912997
   vertex -0.083059671 -0.0085468083 0.039920547
   vertex -0.083058415 -0.0086962302 0.039363224
  endloop
 endfacet
 facet normal -0.00034191426 0.96588758 -0.25896153
  outer loop
   vertex -0.083689691 -0.0085490556 0.039912997
   vertex -0.083058415 -0.0086962302 0.039363224
   vertex -0.083690375 -0.0086989959 0.039353381
  endloop
 endfacet
 facet normal 3.5996208e-08 0.96592572 -0.25881946
  outer loop
   vertex -0.08367966 -0.0090799906 0.037931531
   vertex -0.084340404 -0.0090795615 0.037933132
   vertex -0.084346921 -0.0088472386 0.038800172
  endloop
 endfacet
 facet normal 3.5996208e-08 0.96592572 -0.25881946
  outer loop
   vertex -0.08367966 -0.0090799906 0.037931531
   vertex -0.084346921 -0.0088472386 0.038800172
   vertex -0.083692826 -0.0088469671 0.038801176
  endloop
 endfacet
 facet normal 3.6973726e-08 0.96592582 -0.25881908
  outer loop
   vertex -0.084341126 -0.0092167572 0.037421111
   vertex -0.084340404 -0.0090795615 0.037933132
   vertex -0.08367966 -0.0090799906 0.037931531
  endloop
 endfacet
 facet normal 3.6973726e-08 0.96592582 -0.25881908
  outer loop
   vertex -0.084341126 -0.0092167572 0.037421111
   vertex -0.08367966 -0.0090799906 0.037931531
   vertex -0.083683181 -0.0092164911 0.037422104
  endloop
 endfacet
 facet normal -7.2340984e-06 0.96592589 -0.25881882
  outer loop
   vertex -0.083049516 -0.0092147199 0.037428697
   vertex -0.083683181 -0.0092164911 0.037422104
   vertex -0.08367966 -0.0090799906 0.037931531
  endloop
 endfacet
 facet normal -7.2340984e-06 0.96592589 -0.25881882
  outer loop
   vertex -0.083049516 -0.0092147199 0.037428697
   vertex -0.08367966 -0.0090799906 0.037931531
   vertex -0.083032695 -0.0090822678 0.037923028
  endloop
 endfacet
 facet normal -0.0010061012 0.96649123 -0.25669767
  outer loop
   vertex -0.083059207 -0.0095151738 0.036308225
   vertex -0.082410986 -0.0095077126 0.036333777
   vertex -0.082411013 -0.0096729655 0.035711584
  endloop
 endfacet
 facet normal -0.0010061012 0.96649123 -0.25669767
  outer loop
   vertex -0.083059207 -0.0095151738 0.036308225
   vertex -0.082411013 -0.0096729655 0.035711584
   vertex -0.082412637 -0.0097512881 0.035426235
  endloop
 endfacet
 facet normal -0.0010061012 0.96649123 -0.25669767
  outer loop
   vertex -0.083059207 -0.0095151738 0.036308225
   vertex -0.082412637 -0.0097512881 0.035426235
   vertex -0.083040615 -0.0097485314 0.035436276
  endloop
 endfacet
 facet normal -3.5983436e-08 0.96592611 -0.25881798
  outer loop
   vertex -0.08499461 -0.0093674045 0.036858888
   vertex -0.084344845 -0.0093671495 0.036859839
   vertex -0.084348039 -0.00951442 0.036310216
  endloop
 endfacet
 facet normal -3.5983436e-08 0.96592611 -0.25881798
  outer loop
   vertex -0.08499461 -0.0093674045 0.036858888
   vertex -0.084348039 -0.00951442 0.036310216
   vertex -0.084995499 -0.0095145395 0.036309773
  endloop
 endfacet
 facet normal -1.5353067e-07 0.96592585 -0.25881896
  outer loop
   vertex -0.08369017 -0.0093664506 0.036862447
   vertex -0.084344845 -0.0093671495 0.036859839
   vertex -0.084341126 -0.0092167572 0.037421111
  endloop
 endfacet
 facet normal -1.5353067e-07 0.96592585 -0.25881896
  outer loop
   vertex -0.08369017 -0.0093664506 0.036862447
   vertex -0.084341126 -0.0092167572 0.037421111
   vertex -0.083683181 -0.0092164911 0.037422104
  endloop
 endfacet
 facet normal -0.00094200571 0.96608933 -0.25820636
  outer loop
   vertex -0.082411044 -0.0093528508 0.036913199
   vertex -0.082410986 -0.0095077126 0.036333777
   vertex -0.083059207 -0.0095151738 0.036308225
  endloop
 endfacet
 facet normal -0.00094200571 0.96608933 -0.25820636
  outer loop
   vertex -0.082411044 -0.0093528508 0.036913199
   vertex -0.083059207 -0.0095151738 0.036308225
   vertex -0.083059048 -0.009363492 0.03687343
  endloop
 endfacet
 facet normal -2.4328117e-05 0.96593071 -0.25880082
  outer loop
   vertex -0.083049516 -0.0092147199 0.037428697
   vertex -0.083059048 -0.009363492 0.03687343
   vertex -0.08369017 -0.0093664506 0.036862447
  endloop
 endfacet
 facet normal -2.4328117e-05 0.96593071 -0.25880082
  outer loop
   vertex -0.083049516 -0.0092147199 0.037428697
   vertex -0.08369017 -0.0093664506 0.036862447
   vertex -0.083683181 -0.0092164911 0.037422104
  endloop
 endfacet
 facet normal 1 2.2155253e-05 1.3215683e-07
  outer loop
   vertex -0.088410995 -0.0012068376 0.036864204
   vertex -0.088410981 -0.0018564411 0.036870336
   vertex -0.088410981 -0.0018527572 0.036244243
  endloop
 endfacet
 facet normal 1 2.2155253e-05 1.3215683e-07
  outer loop
   vertex -0.088410995 -0.0012068376 0.036864204
   vertex -0.088410981 -0.0018527572 0.036244243
   vertex -0.088410999 -0.0012015401 0.036237401
  endloop
 endfacet
 facet normal 0.99999998 0.00011607709 0.00015907696
  outer loop
   vertex -0.088410991 -0.0011881316 0.035608688
   vertex -0.088411067 -0.00051692691 0.035595818
   vertex -0.088411165 -0.00053863597 0.036227306
  endloop
 endfacet
 facet normal 0.99999998 0.00011607709 0.00015907696
  outer loop
   vertex -0.088410991 -0.0011881316 0.035608688
   vertex -0.088411165 -0.00053863597 0.036227306
   vertex -0.088410999 -0.0012015401 0.036237401
  endloop
 endfacet
 facet normal 1 1.5901298e-05 1.6600584e-07
  outer loop
   vertex -0.088410981 -0.0018527572 0.036244243
   vertex -0.088410981 -0.0018461686 0.035617495
   vertex -0.088410991 -0.0011881316 0.035608688
  endloop
 endfacet
 facet normal 1 1.5901298e-05 1.6600584e-07
  outer loop
   vertex -0.088410981 -0.0018527572 0.036244243
   vertex -0.088410991 -0.0011881316 0.035608688
   vertex -0.088410999 -0.0012015401 0.036237401
  endloop
 endfacet
 facet normal 0.99999997 0.00024889461 -5.586554e-06
  outer loop
   vertex -0.088411165 -0.00053863597 0.036227306
   vertex -0.088411162 -0.0005392363 0.036853909
   vertex -0.088410995 -0.0012068376 0.036864204
  endloop
 endfacet
 facet normal 0.99999997 0.00024889461 -5.586554e-06
  outer loop
   vertex -0.088411165 -0.00053863597 0.036227306
   vertex -0.088410995 -0.0012068376 0.036864204
   vertex -0.088410999 -0.0012015401 0.036237401
  endloop
 endfacet
 facet normal -1 2.2136264e-14 -2.2187962e-14
  outer loop
   vertex -0.082410976 -0.0062509416 0.032500217
   vertex -0.082410976 -0.0062506385 0.031875054
   vertex -0.082410976 -0.006877226 0.031875392
  endloop
 endfacet
 facet normal -1 2.2136264e-14 -2.2187962e-14
  outer loop
   vertex -0.082410976 -0.0062509416 0.032500217
   vertex -0.082410976 -0.006877226 0.031875392
   vertex -0.082410976 -0.0068781773 0.032500766
  endloop
 endfacet
 facet normal -1 0 0
  outer loop
   vertex -0.082410976 -0.0075047091 0.031250182
   vertex -0.082410976 -0.0075064952 0.03187635
   vertex -0.082410976 -0.006877226 0.031875392
  endloop
 endfacet
 facet normal -1 0 0
  outer loop
   vertex -0.082410976 -0.0075047091 0.031250182
   vertex -0.082410976 -0.006877226 0.031875392
   vertex -0.082410976 -0.0068766097 0.031249762
  endloop
 endfacet
 facet normal -1 2.2164169e-14 2.1832659e-17
  outer loop
   vertex -0.082410976 -0.0062504734 0.031249683
   vertex -0.082410976 -0.0068766097 0.031249762
   vertex -0.082410976 -0.006877226 0.031875392
  endloop
 endfacet
 facet normal -1 2.2164169e-14 2.1832659e-17
  outer loop
   vertex -0.082410976 -0.0062504734 0.031249683
   vertex -0.082410976 -0.006877226 0.031875392
   vertex -0.082410976 -0.0062506385 0.031875054
  endloop
 endfacet
 facet normal -1 0 -0
  outer loop
   vertex -0.082410976 -0.0049992879 0.031249595
   vertex -0.082410976 -0.0049990505 0.030623915
   vertex -0.082410976 -0.0056250455 0.030623853
  endloop
 endfacet
 facet normal -1 0 -0
  outer loop
   vertex -0.082410976 -0.0049992879 0.031249595
   vertex -0.082410976 -0.0056250455 0.030623853
   vertex -0.082410976 -0.0056249781 0.031249682
  endloop
 endfacet
 facet normal -1 2.220336e-14 -4.422257e-14
  outer loop
   vertex -0.082410976 -0.0062512358 0.029995637
   vertex -0.082410976 -0.0062505747 0.030623603
   vertex -0.082410976 -0.0056250455 0.030623853
  endloop
 endfacet
 facet normal -1 2.220336e-14 -4.422257e-14
  outer loop
   vertex -0.082410976 -0.0062512358 0.029995637
   vertex -0.082410976 -0.0056250455 0.030623853
   vertex -0.082410976 -0.0056255447 0.029996435
  endloop
 endfacet
 facet normal -1 -4.4373778e-14 -2.2170264e-14
  outer loop
   vertex -0.082410976 -0.0062504734 0.031249683
   vertex -0.082410976 -0.0056249781 0.031249682
   vertex -0.082410976 -0.0056250455 0.030623853
  endloop
 endfacet
 facet normal -1 -4.4373778e-14 -2.2170264e-14
  outer loop
   vertex -0.082410976 -0.0062504734 0.031249683
   vertex -0.082410976 -0.0056250455 0.030623853
   vertex -0.082410976 -0.0062505747 0.030623603
  endloop
 endfacet
 facet normal -1 2.2183053e-14 2.2198148e-14
  outer loop
   vertex -0.082410976 -0.0049992879 0.031249595
   vertex -0.082410976 -0.0056249781 0.031249682
   vertex -0.082410976 -0.0056250607 0.031874943
  endloop
 endfacet
 facet normal -1 2.2183053e-14 2.2198148e-14
  outer loop
   vertex -0.082410976 -0.0049992879 0.031249595
   vertex -0.082410976 -0.0056250607 0.031874943
   vertex -0.082410976 -0.0049995672 0.031874837
  endloop
 endfacet
 facet normal -1 0 0
  outer loop
   vertex -0.082410976 -0.0062509416 0.032500217
   vertex -0.082410976 -0.0056251837 0.032500032
   vertex -0.082410976 -0.0056250607 0.031874943
  endloop
 endfacet
 facet normal -1 0 0
  outer loop
   vertex -0.082410976 -0.0062509416 0.032500217
   vertex -0.082410976 -0.0056250607 0.031874943
   vertex -0.082410976 -0.0062506385 0.031875054
  endloop
 endfacet
 facet normal -1 -2.2183953e-14 -5.8548174e-18
  outer loop
   vertex -0.082410976 -0.0062504734 0.031249683
   vertex -0.082410976 -0.0062506385 0.031875054
   vertex -0.082410976 -0.0056250607 0.031874943
  endloop
 endfacet
 facet normal -1 -2.2183953e-14 -5.8548174e-18
  outer loop
   vertex -0.082410976 -0.0062504734 0.031249683
   vertex -0.082410976 -0.0056250607 0.031874943
   vertex -0.082410976 -0.0056249781 0.031249682
  endloop
 endfacet
 facet normal -1 0 0
  outer loop
   vertex -0.082410976 -0.0075047091 0.031250182
   vertex -0.082410976 -0.0068766097 0.031249762
   vertex -0.082410976 -0.0068764739 0.030623232
  endloop
 endfacet
 facet normal -1 0 0
  outer loop
   vertex -0.082410976 -0.0075047091 0.031250182
   vertex -0.082410976 -0.0068764739 0.030623232
   vertex -0.082410976 -0.0075038323 0.030622814
  endloop
 endfacet
 facet normal -1 2.2173561e-14 -2.2360245e-17
  outer loop
   vertex -0.082410976 -0.0062512358 0.029995637
   vertex -0.082410976 -0.006877108 0.02999442
   vertex -0.082410976 -0.0068764739 0.030623232
  endloop
 endfacet
 facet normal -1 2.2173561e-14 -2.2360245e-17
  outer loop
   vertex -0.082410976 -0.0062512358 0.029995637
   vertex -0.082410976 -0.0068764739 0.030623232
   vertex -0.082410976 -0.0062505747 0.030623603
  endloop
 endfacet
 facet normal -1 -2.2198814e-14 4.4335899e-14
  outer loop
   vertex -0.082410976 -0.0062504734 0.031249683
   vertex -0.082410976 -0.0062505747 0.030623603
   vertex -0.082410976 -0.0068764739 0.030623232
  endloop
 endfacet
 facet normal -1 -2.2198814e-14 4.4335899e-14
  outer loop
   vertex -0.082410976 -0.0062504734 0.031249683
   vertex -0.082410976 -0.0068764739 0.030623232
   vertex -0.082410976 -0.0068766097 0.031249762
  endloop
 endfacet
 facet normal 0.001613689 -0.96564967 0.25984247
  outer loop
   vertex -0.086978195 -0.00053164811 0.031198538
   vertex -0.087656927 -0.00053242574 0.031199863
   vertex -0.08764879 -0.00068450456 0.030634643
  endloop
 endfacet
 facet normal 0.001613689 -0.96564967 0.25984247
  outer loop
   vertex -0.086978195 -0.00053164811 0.031198538
   vertex -0.08764879 -0.00068450456 0.030634643
   vertex -0.086974977 -0.00067977579 0.03064573
  endloop
 endfacet
 facet normal 0.00012396042 -0.96594392 0.25875147
  outer loop
   vertex -0.086961765 -0.00082960948 0.030085672
   vertex -0.08629574 -0.0008288027 0.030088365
   vertex -0.086298878 -0.00067854465 0.030649294
  endloop
 endfacet
 facet normal 0.00012396042 -0.96594392 0.25875147
  outer loop
   vertex -0.086961765 -0.00082960948 0.030085672
   vertex -0.086298878 -0.00067854465 0.030649294
   vertex -0.086974977 -0.00067977579 0.03064573
  endloop
 endfacet
 facet normal 0.00046517536 0.96592044 -0.25883874
  outer loop
   vertex -0.087672509 -0.0085425572 0.039935963
   vertex -0.086993891 -0.0085472995 0.039919485
   vertex -0.086992139 -0.0086980995 0.039356741
  endloop
 endfacet
 facet normal 0.00046517536 0.96592044 -0.25883874
  outer loop
   vertex -0.087672509 -0.0085425572 0.039935963
   vertex -0.086992139 -0.0086980995 0.039356741
   vertex -0.087670564 -0.0086947781 0.039368703
  endloop
 endfacet
 facet normal 0.00016256308 0.96588552 -0.25896938
  outer loop
   vertex -0.087664931 -0.0088466814 0.038802149
   vertex -0.087670564 -0.0086947781 0.039368703
   vertex -0.086992139 -0.0086980995 0.039356741
  endloop
 endfacet
 facet normal 0.00016256308 0.96588552 -0.25896938
  outer loop
   vertex -0.087664931 -0.0088466814 0.038802149
   vertex -0.086992139 -0.0086980995 0.039356741
   vertex -0.086985949 -0.0088464557 0.038803092
  endloop
 endfacet
 facet normal 1.3172924e-06 0.96592309 -0.25882925
  outer loop
   vertex -0.08630461 -0.0088469384 0.038801294
   vertex -0.086985949 -0.0088464557 0.038803092
   vertex -0.086992139 -0.0086980995 0.039356741
  endloop
 endfacet
 facet normal 1.3172924e-06 0.96592309 -0.25882925
  outer loop
   vertex -0.08630461 -0.0088469384 0.038801294
   vertex -0.086992139 -0.0086980995 0.039356741
   vertex -0.086308285 -0.0086992618 0.03935243
  endloop
 endfacet
 facet normal 9.9886096e-06 0.96592569 -0.25881955
  outer loop
   vertex -0.086309743 -0.008548715 0.039914277
   vertex -0.086308285 -0.0086992618 0.03935243
   vertex -0.086992139 -0.0086980995 0.039356741
  endloop
 endfacet
 facet normal 9.9886096e-06 0.96592569 -0.25881955
  outer loop
   vertex -0.086309743 -0.008548715 0.039914277
   vertex -0.086992139 -0.0086980995 0.039356741
   vertex -0.086993891 -0.0085472995 0.039919485
  endloop
 endfacet
 facet normal 1.2868168e-10 0.96592584 -0.25881898
  outer loop
   vertex -0.086305535 -0.0090793289 0.037934001
   vertex -0.08630461 -0.0088469384 0.038801294
   vertex -0.085643715 -0.008847283 0.038800008
  endloop
 endfacet
 facet normal 1.2868168e-10 0.96592584 -0.25881898
  outer loop
   vertex -0.086305535 -0.0090793289 0.037934001
   vertex -0.085643715 -0.008847283 0.038800008
   vertex -0.085643547 -0.0090792882 0.037934152
  endloop
 endfacet
 facet normal 6.8636882e-07 0.96592602 -0.25881832
  outer loop
   vertex -0.085644235 -0.0092167265 0.037421226
   vertex -0.086307693 -0.0092163459 0.037422645
   vertex -0.086305535 -0.0090793289 0.037934001
  endloop
 endfacet
 facet normal 6.8636882e-07 0.96592602 -0.25881832
  outer loop
   vertex -0.085644235 -0.0092167265 0.037421226
   vertex -0.086305535 -0.0090793289 0.037934001
   vertex -0.085643547 -0.0090792882 0.037934152
  endloop
 endfacet
 facet normal 6.6558572e-06 0.96593318 -0.25879158
  outer loop
   vertex -0.086990464 -0.0092153514 0.037426282
   vertex -0.086983515 -0.0090795225 0.037933261
   vertex -0.086305535 -0.0090793289 0.037934001
  endloop
 endfacet
 facet normal 6.6558572e-06 0.96593318 -0.25879158
  outer loop
   vertex -0.086990464 -0.0092153514 0.037426282
   vertex -0.086305535 -0.0090793289 0.037934001
   vertex -0.086307693 -0.0092163459 0.037422645
  endloop
 endfacet
 facet normal 1 -1.1568586e-07 1.2575609e-07
  outer loop
   vertex -0.088410981 -0.0069147547 0.038760332
   vertex -0.088410981 -0.0069091434 0.03813357
   vertex -0.088410981 -0.0062650925 0.038128817
  endloop
 endfacet
 facet normal 1 -1.1568586e-07 1.2575609e-07
  outer loop
   vertex -0.088410981 -0.0069147547 0.038760332
   vertex -0.088410981 -0.0062650925 0.038128817
   vertex -0.088410981 -0.0062689759 0.038754901
  endloop
 endfacet
 facet normal 1 -8.0180494e-12 -1.7342474e-09
  outer loop
   vertex -0.088410981 -0.0062764261 0.039381796
   vertex -0.088410981 -0.0062689759 0.038754901
   vertex -0.088410981 -0.0056326541 0.038751959
  endloop
 endfacet
 facet normal 1 -8.0180494e-12 -1.7342474e-09
  outer loop
   vertex -0.088410981 -0.0062764261 0.039381796
   vertex -0.088410981 -0.0056326541 0.038751959
   vertex -0.088410981 -0.0056360608 0.039377803
  endloop
 endfacet
 facet normal 1 4.3669169e-14 -2.2049957e-14
  outer loop
   vertex -0.088410981 -0.0062650925 0.038128817
   vertex -0.088410981 -0.0056307033 0.038126444
   vertex -0.088410981 -0.0056326541 0.038751959
  endloop
 endfacet
 facet normal 1 4.3669169e-14 -2.2049957e-14
  outer loop
   vertex -0.088410981 -0.0062650925 0.038128817
   vertex -0.088410981 -0.0056326541 0.038751959
   vertex -0.088410981 -0.0062689759 0.038754901
  endloop
 endfacet
 facet normal 1 -2.3939852e-07 -4.5792332e-09
  outer loop
   vertex -0.088410981 -0.0069147547 0.038760332
   vertex -0.088410981 -0.0062689759 0.038754901
   vertex -0.088410981 -0.0062764261 0.039381796
  endloop
 endfacet
 facet normal 1 -2.3939852e-07 -4.5792332e-09
  outer loop
   vertex -0.088410981 -0.0069147547 0.038760332
   vertex -0.088410981 -0.0062764261 0.039381796
   vertex -0.088410982 -0.0069291731 0.039389209
  endloop
 endfacet
 facet normal 2.5093463e-15 0.96592583 -0.25881904
  outer loop
   vertex -0.085642889 -0.0095144821 0.036309987
   vertex -0.08564399 -0.0093673338 0.036859152
   vertex -0.08499461 -0.0093674045 0.036858888
  endloop
 endfacet
 facet normal 2.5093463e-15 0.96592583 -0.25881904
  outer loop
   vertex -0.085642889 -0.0095144821 0.036309987
   vertex -0.08499461 -0.0093674045 0.036858888
   vertex -0.084995499 -0.0095145395 0.036309773
  endloop
 endfacet
 facet normal 6.8355966e-07 0.96592569 -0.25881955
  outer loop
   vertex -0.086306142 -0.0093668875 0.036860817
   vertex -0.086307693 -0.0092163459 0.037422645
   vertex -0.085644235 -0.0092167265 0.037421226
  endloop
 endfacet
 facet normal 6.8355966e-07 0.96592569 -0.25881955
  outer loop
   vertex -0.086306142 -0.0093668875 0.036860817
   vertex -0.085644235 -0.0092167265 0.037421226
   vertex -0.08564399 -0.0093673338 0.036859152
  endloop
 endfacet
 facet normal 0.00016648222 0.96592354 -0.25882753
  outer loop
   vertex -0.087665539 -0.0093626215 0.036876275
   vertex -0.086988413 -0.009365892 0.036864505
   vertex -0.086982126 -0.0095138206 0.036312452
  endloop
 endfacet
 facet normal 0.00016648222 0.96592354 -0.25882753
  outer loop
   vertex -0.087665539 -0.0093626215 0.036876275
   vertex -0.086982126 -0.0095138206 0.036312452
   vertex -0.08766006 -0.0095140405 0.03631153
  endloop
 endfacet
 facet normal 9.9048939e-06 0.96592024 -0.25883989
  outer loop
   vertex -0.086306142 -0.0093668875 0.036860817
   vertex -0.086988413 -0.009365892 0.036864505
   vertex -0.086990464 -0.0092153514 0.037426282
  endloop
 endfacet
 facet normal 9.9048939e-06 0.96592024 -0.25883989
  outer loop
   vertex -0.086306142 -0.0093668875 0.036860817
   vertex -0.086990464 -0.0092153514 0.037426282
   vertex -0.086307693 -0.0092163459 0.037422645
  endloop
 endfacet
 facet normal 1 -7.6469398e-09 7.7927624e-09
  outer loop
   vertex -0.088410981 -0.0062601446 0.036877617
   vertex -0.088410981 -0.0069003651 0.036881598
   vertex -0.088410981 -0.0068945587 0.036255075
  endloop
 endfacet
 facet normal 1 -7.6469398e-09 7.7927624e-09
  outer loop
   vertex -0.088410981 -0.0062601446 0.036877617
   vertex -0.088410981 -0.0068945587 0.036255075
   vertex -0.088410981 -0.0062576346 0.036251972
  endloop
 endfacet
 facet normal 1 -2.1977541e-14 2.2133182e-14
  outer loop
   vertex -0.088410981 -0.0056275156 0.036250647
   vertex -0.088410981 -0.0062576346 0.036251972
   vertex -0.088410981 -0.006256046 0.035626536
  endloop
 endfacet
 facet normal 1 -2.1977541e-14 2.2133182e-14
  outer loop
   vertex -0.088410981 -0.0056275156 0.036250647
   vertex -0.088410981 -0.006256046 0.035626536
   vertex -0.088410981 -0.0056268868 0.035625479
  endloop
 endfacet
 facet normal 1 -2.1935004e-14 -2.2283096e-14
  outer loop
   vertex -0.088410981 -0.0068945587 0.036255075
   vertex -0.088410981 -0.0068913827 0.035629154
   vertex -0.088410981 -0.006256046 0.035626536
  endloop
 endfacet
 facet normal 1 -2.1935004e-14 -2.2283096e-14
  outer loop
   vertex -0.088410981 -0.0068945587 0.036255075
   vertex -0.088410981 -0.006256046 0.035626536
   vertex -0.088410981 -0.0062576346 0.036251972
  endloop
 endfacet
 facet normal 1 -2.2070897e-14 -2.2270099e-14
  outer loop
   vertex -0.088410981 -0.0062601446 0.036877617
   vertex -0.088410981 -0.0062576346 0.036251972
   vertex -0.088410981 -0.0056275156 0.036250647
  endloop
 endfacet
 facet normal 1 -2.2070897e-14 -2.2270099e-14
  outer loop
   vertex -0.088410981 -0.0062601446 0.036877617
   vertex -0.088410981 -0.0056275156 0.036250647
   vertex -0.088410981 -0.0056284626 0.036875888
  endloop
 endfacet
 facet normal 0.0020908581 -0.9658991 0.25891033
  outer loop
   vertex -0.087661228 0.0011684189 0.037548419
   vertex -0.086984962 0.0011714699 0.037554339
   vertex -0.086984166 0.0013133465 0.038083622
  endloop
 endfacet
 facet normal 0.0020908581 -0.9658991 0.25891033
  outer loop
   vertex -0.087661228 0.0011684189 0.037548419
   vertex -0.086984166 0.0013133465 0.038083622
   vertex -0.087662579 0.001313271 0.038086329
  endloop
 endfacet
 facet normal 0.0005120558 -0.96577115 0.2593951
  outer loop
   vertex -0.086985347 0.0015453598 0.038949097
   vertex -0.087642662 0.0015462452 0.038953691
   vertex -0.087662579 0.001313271 0.038086329
  endloop
 endfacet
 facet normal 0.0005120558 -0.96577115 0.2593951
  outer loop
   vertex -0.086985347 0.0015453598 0.038949097
   vertex -0.087662579 0.001313271 0.038086329
   vertex -0.086984166 0.0013133465 0.038083622
  endloop
 endfacet
 facet normal 0.00021705053 -0.96592036 0.25883936
  outer loop
   vertex -0.086984166 0.0013133465 0.038083622
   vertex -0.086303502 0.0013135864 0.038083947
   vertex -0.086306485 0.001545546 0.038949561
  endloop
 endfacet
 facet normal 0.00021705053 -0.96592036 0.25883936
  outer loop
   vertex -0.086984166 0.0013133465 0.038083622
   vertex -0.086306485 0.001545546 0.038949561
   vertex -0.086985347 0.0015453598 0.038949097
  endloop
 endfacet
 facet normal 0.00021706464 -0.96592698 0.25881465
  outer loop
   vertex -0.086304187 0.0011719586 0.037555376
   vertex -0.086303502 0.0013135864 0.038083947
   vertex -0.086984166 0.0013133465 0.038083622
  endloop
 endfacet
 facet normal 0.00021706464 -0.96592698 0.25881465
  outer loop
   vertex -0.086304187 0.0011719586 0.037555376
   vertex -0.086984166 0.0013133465 0.038083622
   vertex -0.086984962 0.0011714699 0.037554339
  endloop
 endfacet
 facet normal 2.3811225e-15 -0.96592583 0.25881903
  outer loop
   vertex -0.085643594 0.0015456712 0.038950008
   vertex -0.084991913 0.0015458216 0.038950569
   vertex -0.084992353 0.001682725 0.0394615
  endloop
 endfacet
 facet normal 2.3811225e-15 -0.96592583 0.25881903
  outer loop
   vertex -0.085643594 0.0015456712 0.038950008
   vertex -0.084992353 0.001682725 0.0394615
   vertex -0.085644446 0.0016825453 0.039460829
  endloop
 endfacet
 facet normal 2.021217e-07 -0.96592384 0.25882645
  outer loop
   vertex -0.085644308 0.001833135 0.040022838
   vertex -0.086307595 0.001832573 0.040020741
   vertex -0.086308971 0.001681976 0.039458723
  endloop
 endfacet
 facet normal 2.021217e-07 -0.96592384 0.25882645
  outer loop
   vertex -0.085644308 0.001833135 0.040022838
   vertex -0.086308971 0.001681976 0.039458723
   vertex -0.085644446 0.0016825453 0.039460829
  endloop
 endfacet
 facet normal 0.00050648358 -0.96597446 0.25863699
  outer loop
   vertex -0.087671121 0.0016756298 0.039436981
   vertex -0.087642662 0.0015462452 0.038953691
   vertex -0.086985347 0.0015453598 0.038949097
  endloop
 endfacet
 facet normal 0.00050648358 -0.96597446 0.25863699
  outer loop
   vertex -0.087671121 0.0016756298 0.039436981
   vertex -0.086985347 0.0015453598 0.038949097
   vertex -0.086992909 0.0016805122 0.039453484
  endloop
 endfacet
 facet normal 8.4080859e-05 -0.96590115 0.2589111
  outer loop
   vertex -0.08699111 0.0018313993 0.040016387
   vertex -0.086992909 0.0016805122 0.039453484
   vertex -0.086308971 0.001681976 0.039458723
  endloop
 endfacet
 facet normal 8.4080859e-05 -0.96590115 0.2589111
  outer loop
   vertex -0.08699111 0.0018313993 0.040016387
   vertex -0.086308971 0.001681976 0.039458723
   vertex -0.086307595 0.001832573 0.040020741
  endloop
 endfacet
 facet normal 0.0021227284 -0.96590687 0.25888106
  outer loop
   vertex -0.087661228 0.0011684189 0.037548419
   vertex -0.087632641 0.0010354334 0.037052004
   vertex -0.086977153 0.0010342244 0.037042118
  endloop
 endfacet
 facet normal 0.0021227284 -0.96590687 0.25888106
  outer loop
   vertex -0.087661228 0.0011684189 0.037548419
   vertex -0.086977153 0.0010342244 0.037042118
   vertex -0.086984962 0.0011714699 0.037554339
  endloop
 endfacet
 facet normal 0.00029944951 -0.96592638 0.2588168
  outer loop
   vertex -0.086304187 0.0011719586 0.037555376
   vertex -0.086984962 0.0011714699 0.037554339
   vertex -0.086977153 0.0010342244 0.037042118
  endloop
 endfacet
 facet normal 0.00029944951 -0.96592638 0.2588168
  outer loop
   vertex -0.086304187 0.0011719586 0.037555376
   vertex -0.086977153 0.0010342244 0.037042118
   vertex -0.086301818 0.00103371 0.037039415
  endloop
 endfacet
 facet normal 2.8254896e-05 -0.96592583 0.25881903
  outer loop
   vertex -0.08564234 0.00080371778 0.036181
   vertex -0.085642353 0.0010334483 0.037038366
   vertex -0.086301818 0.00103371 0.037039415
  endloop
 endfacet
 facet normal 2.8254896e-05 -0.96592583 0.25881903
  outer loop
   vertex -0.08564234 0.00080371778 0.036181
   vertex -0.086301818 0.00103371 0.037039415
   vertex -0.086300545 0.00080344132 0.036180109
  endloop
 endfacet
 facet normal 0.0001531496 -0.96597824 0.2586233
  outer loop
   vertex -0.08697866 0.00080286717 0.036178728
   vertex -0.08698502 0.00065543529 0.035628062
   vertex -0.086304301 0.00065638832 0.035631219
  endloop
 endfacet
 facet normal 0.0001531496 -0.96597824 0.2586233
  outer loop
   vertex -0.08697866 0.00080286717 0.036178728
   vertex -0.086304301 0.00065638832 0.035631219
   vertex -0.086300545 0.00080344132 0.036180109
  endloop
 endfacet
 facet normal 0.00029064559 -0.96592048 0.25883882
  outer loop
   vertex -0.08697866 0.00080286717 0.036178728
   vertex -0.086300545 0.00080344132 0.036180109
   vertex -0.086301818 0.00103371 0.037039415
  endloop
 endfacet
 facet normal 0.00029064559 -0.96592048 0.25883882
  outer loop
   vertex -0.08697866 0.00080286717 0.036178728
   vertex -0.086301818 0.00103371 0.037039415
   vertex -0.086977153 0.0010342244 0.037042118
  endloop
 endfacet
 facet normal 0.00015714706 0.9658302 -0.25917562
  outer loop
   vertex -0.086989425 -0.006854094 0.046238664
   vertex -0.087666979 -0.0068506786 0.04625098
   vertex -0.087668771 -0.0066983937 0.046818476
  endloop
 endfacet
 facet normal 0.00015714706 0.9658302 -0.25917562
  outer loop
   vertex -0.086989425 -0.006854094 0.046238664
   vertex -0.087668771 -0.0066983937 0.046818476
   vertex -0.086991216 -0.0067031493 0.046801947
  endloop
 endfacet
 facet normal 6.6865322e-06 0.96592602 -0.25881832
  outer loop
   vertex -0.086983659 -0.0065676682 0.047307628
   vertex -0.086305574 -0.0065677959 0.047307169
   vertex -0.086308067 -0.0067045854 0.046796662
  endloop
 endfacet
 facet normal 6.6865322e-06 0.96592602 -0.25881832
  outer loop
   vertex -0.086983659 -0.0065676682 0.047307628
   vertex -0.086308067 -0.0067045854 0.046796662
   vertex -0.086991216 -0.0067031493 0.046801947
  endloop
 endfacet
 facet normal -1.2373932e-15 0.96592583 -0.25881904
  outer loop
   vertex -0.084995311 -0.0070032338 0.045682093
   vertex -0.085643053 -0.0070031403 0.045682442
   vertex -0.085644126 -0.0068558593 0.046232102
  endloop
 endfacet
 facet normal -1.2373932e-15 0.96592583 -0.25881904
  outer loop
   vertex -0.084995311 -0.0070032338 0.045682093
   vertex -0.085644126 -0.0068558593 0.046232102
   vertex -0.084994388 -0.0068559861 0.046231629
  endloop
 endfacet
 facet normal -3.6204804e-15 0.96592583 -0.25881904
  outer loop
   vertex -0.086303039 -0.007002805 0.045683693
   vertex -0.085643053 -0.0070031403 0.045682442
   vertex -0.085643144 -0.0072346432 0.044818461
  endloop
 endfacet
 facet normal -3.6204804e-15 0.96592583 -0.25881904
  outer loop
   vertex -0.086303039 -0.007002805 0.045683693
   vertex -0.085643144 -0.0072346432 0.044818461
   vertex -0.086304115 -0.0072347884 0.044817919
  endloop
 endfacet
 facet normal 7.107918e-07 0.96592583 -0.25881905
  outer loop
   vertex -0.085643401 -0.0065679098 0.047306744
   vertex -0.085644278 -0.0067051534 0.046794544
   vertex -0.086308067 -0.0067045854 0.046796662
  endloop
 endfacet
 facet normal 7.107918e-07 0.96592583 -0.25881905
  outer loop
   vertex -0.085643401 -0.0065679098 0.047306744
   vertex -0.086308067 -0.0067045854 0.046796662
   vertex -0.086305574 -0.0065677959 0.047307169
  endloop
 endfacet
 facet normal 1.7449436e-16 0.96592583 -0.25881904
  outer loop
   vertex -0.085644126 -0.0068558593 0.046232102
   vertex -0.085644278 -0.0067051534 0.046794544
   vertex -0.084992987 -0.006705329 0.046793889
  endloop
 endfacet
 facet normal 1.7449436e-16 0.96592583 -0.25881904
  outer loop
   vertex -0.085644126 -0.0068558593 0.046232102
   vertex -0.084992987 -0.006705329 0.046793889
   vertex -0.084994388 -0.0068559861 0.046231629
  endloop
 endfacet
 facet normal 0.00016119722 0.96588582 -0.25896824
  outer loop
   vertex -0.087661459 -0.0070025248 0.045684636
   vertex -0.087666979 -0.0068506786 0.04625098
   vertex -0.086989425 -0.006854094 0.046238664
  endloop
 endfacet
 facet normal 0.00016119722 0.96588582 -0.25896824
  outer loop
   vertex -0.087661459 -0.0070025248 0.045684636
   vertex -0.086989425 -0.006854094 0.046238664
   vertex -0.086983193 -0.0070023247 0.045685482
  endloop
 endfacet
 facet normal 6.6552916e-06 0.96592688 -0.2588151
  outer loop
   vertex -0.086304115 -0.0072347884 0.044817919
   vertex -0.0869809 -0.0072352047 0.044816348
   vertex -0.086983193 -0.0070023247 0.045685482
  endloop
 endfacet
 facet normal 6.6552916e-06 0.96592688 -0.2588151
  outer loop
   vertex -0.086304115 -0.0072347884 0.044817919
   vertex -0.086983193 -0.0070023247 0.045685482
   vertex -0.086303039 -0.007002805 0.045683693
  endloop
 endfacet
 facet normal 0.00056707147 0.96591704 -0.25885122
  outer loop
   vertex -0.087660489 -0.0061922535 0.048707129
   vertex -0.086984455 -0.0061944351 0.048700469
   vertex -0.086982761 -0.0063361282 0.048171738
  endloop
 endfacet
 facet normal 0.00056707147 0.96591704 -0.25885122
  outer loop
   vertex -0.087660489 -0.0061922535 0.048707129
   vertex -0.086982761 -0.0063361282 0.048171738
   vertex -0.087660844 -0.0063366082 0.048169486
  endloop
 endfacet
 facet normal 1.0190581e-05 0.96592554 -0.25882013
  outer loop
   vertex -0.086303877 -0.006194869 0.048698949
   vertex -0.086302712 -0.0063362915 0.048171155
   vertex -0.086982761 -0.0063361282 0.048171738
  endloop
 endfacet
 facet normal 1.0190581e-05 0.96592554 -0.25882013
  outer loop
   vertex -0.086303877 -0.006194869 0.048698949
   vertex -0.086982761 -0.0063361282 0.048171738
   vertex -0.086984455 -0.0061944351 0.048700469
  endloop
 endfacet
 facet normal 0.0013811122 0.92124815 -0.38897293
  outer loop
   vertex -0.086978727 -0.006050055 0.049210822
   vertex -0.087635266 -0.0060515352 0.049204985
   vertex -0.087670465 -0.0057102647 0.05001313
  endloop
 endfacet
 facet normal 0.0013811122 0.92124815 -0.38897293
  outer loop
   vertex -0.086978727 -0.006050055 0.049210822
   vertex -0.087670465 -0.0057102647 0.05001313
   vertex -0.086990144 -0.0057096307 0.050014587
  endloop
 endfacet
 facet normal -1 1.661925e-05 -7.2418282e-06
  outer loop
   vertex -0.082410985 -0.0063095855 0.04251486
   vertex -0.082410981 -0.0062966131 0.041886483
   vertex -0.082410992 -0.0069523126 0.041894417
  endloop
 endfacet
 facet normal -1 1.661925e-05 -7.2418282e-06
  outer loop
   vertex -0.082410985 -0.0063095855 0.04251486
   vertex -0.082410992 -0.0069523126 0.041894417
   vertex -0.08241116 -0.0069861545 0.04252764
  endloop
 endfacet
 facet normal -0.99999997 -0.00024414103 7.5331844e-05
  outer loop
   vertex -0.08241089 -0.0075617343 0.041269964
   vertex -0.082410844 -0.0075591935 0.04188806
   vertex -0.082410992 -0.0069523126 0.041894417
  endloop
 endfacet
 facet normal -0.99999997 -0.00024414103 7.5331844e-05
  outer loop
   vertex -0.08241089 -0.0075617343 0.041269964
   vertex -0.082410992 -0.0069523126 0.041894417
   vertex -0.082410974 -0.0069381053 0.04126588
  endloop
 endfacet
 facet normal -1 -5.0897452e-06 -2.7816934e-05
  outer loop
   vertex -0.082410977 -0.0062877204 0.041259437
   vertex -0.082410974 -0.0069381053 0.04126588
   vertex -0.082410992 -0.0069523126 0.041894417
  endloop
 endfacet
 facet normal -1 -5.0897452e-06 -2.7816934e-05
  outer loop
   vertex -0.082410977 -0.0062877204 0.041259437
   vertex -0.082410992 -0.0069523126 0.041894417
   vertex -0.082410981 -0.0062966131 0.041886483
  endloop
 endfacet
 facet normal -1 0 -0
  outer loop
   vertex -0.082410976 -0.0050070055 0.041251742
   vertex -0.082410976 -0.0050058483 0.040626467
   vertex -0.082410976 -0.0056406031 0.040628923
  endloop
 endfacet
 facet normal -1 0 -0
  outer loop
   vertex -0.082410976 -0.0050070055 0.041251742
   vertex -0.082410976 -0.0056406031 0.040628923
   vertex -0.082410976 -0.0056426833 0.041254403
  endloop
 endfacet
 facet normal -1 2.6129959e-06 4.1555748e-06
  outer loop
   vertex -0.082410981 -0.0062853983 0.040009204
   vertex -0.082410978 -0.0062857079 0.04063398
   vertex -0.082410976 -0.0056406031 0.040628923
  endloop
 endfacet
 facet normal -1 2.6129959e-06 4.1555748e-06
  outer loop
   vertex -0.082410981 -0.0062853983 0.040009204
   vertex -0.082410976 -0.0056406031 0.040628923
   vertex -0.082410976 -0.0056393117 0.040003699
  endloop
 endfacet
 facet normal -1 1.521036e-06 5.0586034e-09
  outer loop
   vertex -0.082410977 -0.0062877204 0.041259437
   vertex -0.082410976 -0.0056426833 0.041254403
   vertex -0.082410976 -0.0056406031 0.040628923
  endloop
 endfacet
 facet normal -1 1.521036e-06 5.0586034e-09
  outer loop
   vertex -0.082410977 -0.0062877204 0.041259437
   vertex -0.082410976 -0.0056406031 0.040628923
   vertex -0.082410978 -0.0062857079 0.04063398
  endloop
 endfacet
 facet normal -1 1.3318093e-05 -3.4580311e-07
  outer loop
   vertex -0.082410985 -0.0063095855 0.04251486
   vertex -0.082410977 -0.0056529675 0.042507148
   vertex -0.082410976 -0.0056472856 0.041880556
  endloop
 endfacet
 facet normal -1 1.3318093e-05 -3.4580311e-07
  outer loop
   vertex -0.082410985 -0.0063095855 0.04251486
   vertex -0.082410976 -0.0056472856 0.041880556
   vertex -0.082410981 -0.0062966131 0.041886483
  endloop
 endfacet
 facet normal -1 -2.224835e-10 -5.3149206e-08
  outer loop
   vertex -0.082410976 -0.0050070055 0.041251742
   vertex -0.082410976 -0.0056426833 0.041254403
   vertex -0.082410976 -0.0056472856 0.041880556
  endloop
 endfacet
 facet normal -1 -2.224835e-10 -5.3149206e-08
  outer loop
   vertex -0.082410976 -0.0050070055 0.041251742
   vertex -0.082410976 -0.0056472856 0.041880556
   vertex -0.082410976 -0.0050090361 0.041877264
  endloop
 endfacet
 facet normal -1 6.534206e-06 -5.2114207e-06
  outer loop
   vertex -0.082410977 -0.0062877204 0.041259437
   vertex -0.082410981 -0.0062966131 0.041886483
   vertex -0.082410976 -0.0056472856 0.041880556
  endloop
 endfacet
 facet normal -1 6.534206e-06 -5.2114207e-06
  outer loop
   vertex -0.082410977 -0.0062877204 0.041259437
   vertex -0.082410976 -0.0056472856 0.041880556
   vertex -0.082410976 -0.0056426833 0.041254403
  endloop
 endfacet
 facet normal -0.99999999 -0.00013499979 3.4811723e-05
  outer loop
   vertex -0.08241089 -0.0075617343 0.041269964
   vertex -0.082410974 -0.0069381053 0.04126588
   vertex -0.082410995 -0.0069436027 0.040642029
  endloop
 endfacet
 facet normal -0.99999999 -0.00013499979 3.4811723e-05
  outer loop
   vertex -0.08241089 -0.0075617343 0.041269964
   vertex -0.082410995 -0.0069436027 0.040642029
   vertex -0.082411137 -0.0076040156 0.040650689
  endloop
 endfacet
 facet normal -0.99999999 9.5706413e-05 7.6528755e-05
  outer loop
   vertex -0.082410981 -0.0062853983 0.040009204
   vertex -0.082411044 -0.006953394 0.040020527
   vertex -0.082410995 -0.0069436027 0.040642029
  endloop
 endfacet
 facet normal -0.99999999 9.5706413e-05 7.6528755e-05
  outer loop
   vertex -0.082410981 -0.0062853983 0.040009204
   vertex -0.082410995 -0.0069436027 0.040642029
   vertex -0.082410978 -0.0062857079 0.04063398
  endloop
 endfacet
 facet normal -1 2.609851e-05 1.1768403e-06
  outer loop
   vertex -0.082410977 -0.0062877204 0.041259437
   vertex -0.082410978 -0.0062857079 0.04063398
   vertex -0.082410995 -0.0069436027 0.040642029
  endloop
 endfacet
 facet normal -1 2.609851e-05 1.1768403e-06
  outer loop
   vertex -0.082410977 -0.0062877204 0.041259437
   vertex -0.082410995 -0.0069436027 0.040642029
   vertex -0.082410974 -0.0069381053 0.04126588
  endloop
 endfacet
 facet normal -0.0001278545 0.96590476 -0.25889763
  outer loop
   vertex -0.083688007 -0.0080389323 0.041816803
   vertex -0.083054474 -0.0080377531 0.041820889
   vertex -0.083059626 -0.0081811431 0.041285927
  endloop
 endfacet
 facet normal -0.0001278545 0.96590476 -0.25889763
  outer loop
   vertex -0.083688007 -0.0080389323 0.041816803
   vertex -0.083059626 -0.0081811431 0.041285927
   vertex -0.083693692 -0.0081804933 0.041288487
  endloop
 endfacet
 facet normal 0.00030748253 0.96607768 -0.25825146
  outer loop
   vertex -0.082412452 -0.0085364662 0.039960006
   vertex -0.083059671 -0.0085468083 0.039920547
   vertex -0.083081844 -0.0084164988 0.040407987
  endloop
 endfacet
 facet normal 0.00030748253 0.96607768 -0.25825146
  outer loop
   vertex -0.082412452 -0.0085364662 0.039960006
   vertex -0.083081844 -0.0084164988 0.040407987
   vertex -0.082634067 -0.0084212826 0.040391933
  endloop
 endfacet
 facet normal 9.9775912e-05 0.96593209 -0.25879564
  outer loop
   vertex -0.083689691 -0.0085490556 0.039912997
   vertex -0.083695627 -0.0084136399 0.040418421
   vertex -0.083081844 -0.0084164988 0.040407987
  endloop
 endfacet
 facet normal 9.9775912e-05 0.96593209 -0.25879564
  outer loop
   vertex -0.083689691 -0.0085490556 0.039912997
   vertex -0.083081844 -0.0084164988 0.040407987
   vertex -0.083059671 -0.0085468083 0.039920547
  endloop
 endfacet
 facet normal -4.903161e-06 0.96592544 -0.25882049
  outer loop
   vertex -0.084346234 -0.0084130043 0.040420762
   vertex -0.084347149 -0.0081804744 0.04128857
   vertex -0.083693692 -0.0081804933 0.041288487
  endloop
 endfacet
 facet normal -4.903161e-06 0.96592544 -0.25882049
  outer loop
   vertex -0.084346234 -0.0084130043 0.040420762
   vertex -0.083693692 -0.0081804933 0.041288487
   vertex -0.083695627 -0.0084136399 0.040418421
  endloop
 endfacet
 facet normal 9.720045e-05 0.96589427 -0.25893678
  outer loop
   vertex -0.083059626 -0.0081811431 0.041285927
   vertex -0.083081844 -0.0084164988 0.040407987
   vertex -0.083695627 -0.0084136399 0.040418421
  endloop
 endfacet
 facet normal 9.720045e-05 0.96589427 -0.25893678
  outer loop
   vertex -0.083059626 -0.0081811431 0.041285927
   vertex -0.083695627 -0.0084136399 0.040418421
   vertex -0.083693692 -0.0081804933 0.041288487
  endloop
 endfacet
 facet normal -4.9027668e-06 0.96592622 -0.25881757
  outer loop
   vertex -0.083688007 -0.0080389323 0.041816803
   vertex -0.083693692 -0.0081804933 0.041288487
   vertex -0.084347149 -0.0081804744 0.04128857
  endloop
 endfacet
 facet normal -4.9027668e-06 0.96592622 -0.25881757
  outer loop
   vertex -0.083688007 -0.0080389323 0.041816803
   vertex -0.084347149 -0.0081804744 0.04128857
   vertex -0.084344147 -0.00803889 0.041816972
  endloop
 endfacet
 facet normal 1 -2.2166597e-14 -2.2219723e-14
  outer loop
   vertex -0.088410981 -0.001247554 0.043124373
   vertex -0.088410981 -0.0012481417 0.04374953
   vertex -0.088410981 -0.0018745725 0.043749893
  endloop
 endfacet
 facet normal 1 -2.2166597e-14 -2.2219723e-14
  outer loop
   vertex -0.088410981 -0.001247554 0.043124373
   vertex -0.088410981 -0.0018745725 0.043749893
   vertex -0.088410981 -0.0018743675 0.043124839
  endloop
 endfacet
 facet normal 1 2.2078058e-14 3.5517534e-17
  outer loop
   vertex -0.088410981 -0.00061894528 0.043748465
   vertex -0.088410981 -0.00061995115 0.044373724
   vertex -0.088410981 -0.0012485309 0.044374632
  endloop
 endfacet
 facet normal 1 2.2078058e-14 3.5517534e-17
  outer loop
   vertex -0.088410981 -0.00061894528 0.043748465
   vertex -0.088410981 -0.0012485309 0.044374632
   vertex -0.088410981 -0.0012481417 0.04374953
  endloop
 endfacet
 facet normal 1 -2.215375e-14 -1.3795309e-17
  outer loop
   vertex -0.088410981 -0.0018745725 0.043749893
   vertex -0.088410981 -0.0012481417 0.04374953
   vertex -0.088410981 -0.0012485309 0.044374632
  endloop
 endfacet
 facet normal 1 -2.215375e-14 -1.3795309e-17
  outer loop
   vertex -0.088410981 -0.0018745725 0.043749893
   vertex -0.088410981 -0.0012485309 0.044374632
   vertex -0.088410981 -0.0018747181 0.04437493
  endloop
 endfacet
 facet normal 1 -0 0
  outer loop
   vertex -0.088410981 -0.001247554 0.043124373
   vertex -0.088410981 -0.00061743175 0.043123051
   vertex -0.088410981 -0.00061894528 0.043748465
  endloop
 endfacet
 facet normal 1 -0 0
  outer loop
   vertex -0.088410981 -0.001247554 0.043124373
   vertex -0.088410981 -0.00061894528 0.043748465
   vertex -0.088410981 -0.0012481417 0.04374953
  endloop
 endfacet
 facet normal -1 8.3570986e-18 2.2198811e-14
  outer loop
   vertex -0.082410976 -0.0025006109 0.04625018
   vertex -0.082410976 -0.0025009835 0.046875339
   vertex -0.082410976 -0.0018752161 0.046875103
  endloop
 endfacet
 facet normal -1 8.3570986e-18 2.2198811e-14
  outer loop
   vertex -0.082410976 -0.0025006109 0.04625018
   vertex -0.082410976 -0.0018752161 0.046875103
   vertex -0.082410976 -0.0018750814 0.04625003
  endloop
 endfacet
 facet normal -1 0 -0
  outer loop
   vertex -0.082410976 -0.001249938 0.047500179
   vertex -0.082410976 -0.0012498162 0.046874996
   vertex -0.082410976 -0.0018752161 0.046875103
  endloop
 endfacet
 facet normal -1 0 -0
  outer loop
   vertex -0.082410976 -0.001249938 0.047500179
   vertex -0.082410976 -0.0018752161 0.046875103
   vertex -0.082410976 -0.0018754442 0.047500327
  endloop
 endfacet
 facet normal -1 0 0
  outer loop
   vertex -0.082410976 -0.0012496885 0.046249926
   vertex -0.082410976 -0.0018750814 0.04625003
   vertex -0.082410976 -0.0018752161 0.046875103
  endloop
 endfacet
 facet normal -1 0 0
  outer loop
   vertex -0.082410976 -0.0012496885 0.046249926
   vertex -0.082410976 -0.0018752161 0.046875103
   vertex -0.082410976 -0.0012498162 0.046874996
  endloop
 endfacet
 facet normal -1 -2.2148981e-14 2.2196949e-14
  outer loop
   vertex -0.082410976 -0.0012493918 0.04499984
   vertex -0.082410976 -0.0012495597 0.045624884
   vertex -0.082410976 -0.0006233224 0.045624557
  endloop
 endfacet
 facet normal -1 -2.2148981e-14 2.2196949e-14
  outer loop
   vertex -0.082410976 -0.0012493918 0.04499984
   vertex -0.082410976 -0.0006233224 0.045624557
   vertex -0.082410976 -0.00062283603 0.04499943
  endloop
 endfacet
 facet normal -1 0 -0
  outer loop
   vertex -0.082410976 4.2513566e-06 0.046248944
   vertex -0.082410976 5.2356994e-06 0.045623613
   vertex -0.082410976 -0.0006233224 0.045624557
  endloop
 endfacet
 facet normal -1 0 -0
  outer loop
   vertex -0.082410976 4.2513566e-06 0.046248944
   vertex -0.082410976 -0.0006233224 0.045624557
   vertex -0.082410976 -0.00062369515 0.046249676
  endloop
 endfacet
 facet normal -1 0 0
  outer loop
   vertex -0.082410976 -0.0012496885 0.046249926
   vertex -0.082410976 -0.00062369515 0.046249676
   vertex -0.082410976 -0.0006233224 0.045624557
  endloop
 endfacet
 facet normal -1 0 0
  outer loop
   vertex -0.082410976 -0.0012496885 0.046249926
   vertex -0.082410976 -0.0006233224 0.045624557
   vertex -0.082410976 -0.0012495597 0.045624884
  endloop
 endfacet
 facet normal -1 2.2185664e-14 3.1038704e-18
  outer loop
   vertex -0.082410976 -0.0025006109 0.04625018
   vertex -0.082410976 -0.0018750814 0.04625003
   vertex -0.082410976 -0.001874994 0.045625
  endloop
 endfacet
 facet normal -1 2.2185664e-14 3.1038704e-18
  outer loop
   vertex -0.082410976 -0.0025006109 0.04625018
   vertex -0.082410976 -0.001874994 0.045625
   vertex -0.082410976 -0.0025004023 0.045625111
  endloop
 endfacet
 facet normal -1 2.2190729e-14 2.2206431e-14
  outer loop
   vertex -0.082410976 -0.0012493918 0.04499984
   vertex -0.082410976 -0.0018749171 0.044999979
   vertex -0.082410976 -0.001874994 0.045625
  endloop
 endfacet
 facet normal -1 2.2190729e-14 2.2206431e-14
  outer loop
   vertex -0.082410976 -0.0012493918 0.04499984
   vertex -0.082410976 -0.001874994 0.045625
   vertex -0.082410976 -0.0012495597 0.045624884
  endloop
 endfacet
 facet normal -1 2.2184933e-14 -2.2198391e-14
  outer loop
   vertex -0.082410976 -0.0012496885 0.046249926
   vertex -0.082410976 -0.0012495597 0.045624884
   vertex -0.082410976 -0.001874994 0.045625
  endloop
 endfacet
 facet normal -1 2.2184933e-14 -2.2198391e-14
  outer loop
   vertex -0.082410976 -0.0012496885 0.046249926
   vertex -0.082410976 -0.001874994 0.045625
   vertex -0.082410976 -0.0018750814 0.04625003
  endloop
 endfacet
 facet normal -1 -2.2182146e-14 -8.9920042e-18
  outer loop
   vertex -0.082410976 -0.001249938 0.047500179
   vertex -0.082410976 -0.00062430921 0.047500114
   vertex -0.082410976 -0.00062405574 0.046874835
  endloop
 endfacet
 facet normal -1 -2.2182146e-14 -8.9920042e-18
  outer loop
   vertex -0.082410976 -0.001249938 0.047500179
   vertex -0.082410976 -0.00062405574 0.046874835
   vertex -0.082410976 -0.0012498162 0.046874996
  endloop
 endfacet
 facet normal -1 -2.5907201e-17 -2.2198837e-14
  outer loop
   vertex -0.082410976 4.2513566e-06 0.046248944
   vertex -0.082410976 -0.00062369515 0.046249676
   vertex -0.082410976 -0.00062405574 0.046874835
  endloop
 endfacet
 facet normal -1 -2.5907201e-17 -2.2198837e-14
  outer loop
   vertex -0.082410976 4.2513566e-06 0.046248944
   vertex -0.082410976 -0.00062405574 0.046874835
   vertex -0.082410976 3.154832e-06 0.046874387
  endloop
 endfacet
 facet normal -1 -2.2177477e-14 -4.5316748e-18
  outer loop
   vertex -0.082410976 -0.0012496885 0.046249926
   vertex -0.082410976 -0.0012498162 0.046874996
   vertex -0.082410976 -0.00062405574 0.046874835
  endloop
 endfacet
 facet normal -1 -2.2177477e-14 -4.5316748e-18
  outer loop
   vertex -0.082410976 -0.0012496885 0.046249926
   vertex -0.082410976 -0.00062405574 0.046874835
   vertex -0.082410976 -0.00062369515 0.046249676
  endloop
 endfacet
 facet normal 4.428538e-06 0.96592598 -0.25881846
  outer loop
   vertex -0.082410978 -0.0066921116 0.046843217
   vertex -0.082410998 -0.0068416333 0.046285193
   vertex -0.083057614 -0.006852157 0.046245907
  endloop
 endfacet
 facet normal 4.428538e-06 0.96592598 -0.25881846
  outer loop
   vertex -0.082410978 -0.0066921116 0.046843217
   vertex -0.083057614 -0.006852157 0.046245907
   vertex -0.083047309 -0.0067031701 0.046801945
  endloop
 endfacet
 facet normal -4.2238291e-07 0.96592596 -0.25881853
  outer loop
   vertex -0.083028986 -0.0065712756 0.047294183
   vertex -0.083047309 -0.0067031701 0.046801945
   vertex -0.083681504 -0.0067049981 0.046795124
  endloop
 endfacet
 facet normal -4.2238291e-07 0.96592596 -0.25881853
  outer loop
   vertex -0.083028986 -0.0065712756 0.047294183
   vertex -0.083681504 -0.0067049981 0.046795124
   vertex -0.083677413 -0.0065687794 0.047303499
  endloop
 endfacet
 facet normal -6.8476029e-08 0.96592585 -0.25881897
  outer loop
   vertex -0.084344163 -0.0068557502 0.046232509
   vertex -0.084347432 -0.0070031297 0.045682481
   vertex -0.084995311 -0.0070032338 0.045682093
  endloop
 endfacet
 facet normal -6.8476029e-08 0.96592585 -0.25881897
  outer loop
   vertex -0.084344163 -0.0068557502 0.046232509
   vertex -0.084995311 -0.0070032338 0.045682093
   vertex -0.084994388 -0.0068559861 0.046231629
  endloop
 endfacet
 facet normal -3.1648033e-15 0.96592583 -0.25881904
  outer loop
   vertex -0.083681504 -0.0067049981 0.046795124
   vertex -0.08434025 -0.0067052774 0.046794082
   vertex -0.08433929 -0.0065682843 0.047305347
  endloop
 endfacet
 facet normal -3.1648033e-15 0.96592583 -0.25881904
  outer loop
   vertex -0.083681504 -0.0067049981 0.046795124
   vertex -0.08433929 -0.0065682843 0.047305347
   vertex -0.083677413 -0.0065687794 0.047303499
  endloop
 endfacet
 facet normal 6.759863e-16 0.96592583 -0.25881904
  outer loop
   vertex -0.084992987 -0.006705329 0.046793889
   vertex -0.08434025 -0.0067052774 0.046794082
   vertex -0.084344163 -0.0068557502 0.046232509
  endloop
 endfacet
 facet normal 6.759863e-16 0.96592583 -0.25881904
  outer loop
   vertex -0.084992987 -0.006705329 0.046793889
   vertex -0.084344163 -0.0068557502 0.046232509
   vertex -0.084994388 -0.0068559861 0.046231629
  endloop
 endfacet
 facet normal -0.00037225415 0.96589299 -0.2589413
  outer loop
   vertex -0.082410981 -0.0069966957 0.045705825
   vertex -0.083057915 -0.0070037384 0.045680484
   vertex -0.083057614 -0.006852157 0.046245907
  endloop
 endfacet
 facet normal -0.00037225415 0.96589299 -0.2589413
  outer loop
   vertex -0.082410981 -0.0069966957 0.045705825
   vertex -0.083057614 -0.006852157 0.046245907
   vertex -0.082410998 -0.0068416333 0.046285193
  endloop
 endfacet
 facet normal -1.031572e-15 0.96592583 -0.25881904
  outer loop
   vertex -0.082410976 -0.0061813593 0.048749371
   vertex -0.082410976 -0.0063307272 0.048191922
   vertex -0.083055677 -0.0063369556 0.048168677
  endloop
 endfacet
 facet normal -1.031572e-15 0.96592583 -0.25881904
  outer loop
   vertex -0.082410976 -0.0061813593 0.048749371
   vertex -0.083055677 -0.0063369556 0.048168677
   vertex -0.083053651 -0.0061936649 0.048703445
  endloop
 endfacet
 facet normal 1.5135891e-15 0.96592583 -0.25881904
  outer loop
   vertex -0.083686783 -0.0061948697 0.048698949
   vertex -0.083053651 -0.0061936649 0.048703445
   vertex -0.083055677 -0.0063369556 0.048168677
  endloop
 endfacet
 facet normal 1.5135891e-15 0.96592583 -0.25881904
  outer loop
   vertex -0.083686783 -0.0061948697 0.048698949
   vertex -0.083055677 -0.0063369556 0.048168677
   vertex -0.083690155 -0.006336353 0.048170926
  endloop
 endfacet
 facet normal 4.4958251e-07 0.96592583 -0.25881904
  outer loop
   vertex -0.086304654 -0.0080387062 0.041817657
   vertex -0.086304092 -0.0081803405 0.041289071
   vertex -0.086984954 -0.0081802534 0.041289395
  endloop
 endfacet
 facet normal 4.4958251e-07 0.96592583 -0.25881904
  outer loop
   vertex -0.086304654 -0.0080387062 0.041817657
   vertex -0.086984954 -0.0081802534 0.041289395
   vertex -0.086985697 -0.0080384205 0.041818724
  endloop
 endfacet
 facet normal 0.00013855524 0.96604681 -0.25836707
  outer loop
   vertex -0.087672509 -0.0085425572 0.039935963
   vertex -0.087643828 -0.0084134282 0.040418798
   vertex -0.086986252 -0.0084122985 0.040423374
  endloop
 endfacet
 facet normal 0.00013855524 0.96604681 -0.25836707
  outer loop
   vertex -0.087672509 -0.0085425572 0.039935963
   vertex -0.086986252 -0.0084122985 0.040423374
   vertex -0.086993891 -0.0085472995 0.039919485
  endloop
 endfacet
 facet normal 2.8324645e-05 0.96593322 -0.25879146
  outer loop
   vertex -0.086309743 -0.008548715 0.039914277
   vertex -0.086993891 -0.0085472995 0.039919485
   vertex -0.086986252 -0.0084122985 0.040423374
  endloop
 endfacet
 facet normal 2.8324645e-05 0.96593322 -0.25879146
  outer loop
   vertex -0.086309743 -0.008548715 0.039914277
   vertex -0.086986252 -0.0084122985 0.040423374
   vertex -0.086307286 -0.0084124297 0.040422902
  endloop
 endfacet
 facet normal 8.5372668e-08 0.96592584 -0.25881898
  outer loop
   vertex -0.085644932 -0.0084125507 0.040422451
   vertex -0.086307286 -0.0084124297 0.040422902
   vertex -0.086304092 -0.0081803405 0.041289071
  endloop
 endfacet
 facet normal 8.5372668e-08 0.96592584 -0.25881898
  outer loop
   vertex -0.085644932 -0.0084125507 0.040422451
   vertex -0.086304092 -0.0081803405 0.041289071
   vertex -0.085643437 -0.0081804833 0.041288538
  endloop
 endfacet
 facet normal 4.5193168e-07 0.96592706 -0.25881444
  outer loop
   vertex -0.086986252 -0.0084122985 0.040423374
   vertex -0.086984954 -0.0081802534 0.041289395
   vertex -0.086304092 -0.0081803405 0.041289071
  endloop
 endfacet
 facet normal 4.5193168e-07 0.96592706 -0.25881444
  outer loop
   vertex -0.086986252 -0.0084122985 0.040423374
   vertex -0.086304092 -0.0081803405 0.041289071
   vertex -0.086307286 -0.0084124297 0.040422902
  endloop
 endfacet
 facet normal -2.8132657e-15 0.96592583 -0.25881904
  outer loop
   vertex -0.086304654 -0.0080387062 0.041817657
   vertex -0.085643279 -0.0080388363 0.041817172
   vertex -0.085643437 -0.0081804833 0.041288538
  endloop
 endfacet
 facet normal -2.8132657e-15 0.96592583 -0.25881904
  outer loop
   vertex -0.086304654 -0.0080387062 0.041817657
   vertex -0.085643437 -0.0081804833 0.041288538
   vertex -0.086304092 -0.0081803405 0.041289071
  endloop
 endfacet
 facet normal 1 9.7716875e-08 -1.6722388e-07
  outer loop
   vertex -0.088410981 -0.0063363772 0.041896884
   vertex -0.088410981 -0.0070538688 0.041922967
   vertex -0.088410981 -0.0069916847 0.041279296
  endloop
 endfacet
 facet normal 1 9.7716875e-08 -1.6722388e-07
  outer loop
   vertex -0.088410981 -0.0063363772 0.041896884
   vertex -0.088410981 -0.0069916847 0.041279296
   vertex -0.088410981 -0.0063153423 0.041266408
  endloop
 endfacet
 facet normal 1 -2.2749605e-08 -3.0791911e-10
  outer loop
   vertex -0.088410981 -0.0062972179 0.040636553
   vertex -0.088410981 -0.0056468461 0.040630348
   vertex -0.088410981 -0.0056553363 0.041257529
  endloop
 endfacet
 facet normal 1 -2.2749605e-08 -3.0791911e-10
  outer loop
   vertex -0.088410981 -0.0062972179 0.040636553
   vertex -0.088410981 -0.0056553363 0.041257529
   vertex -0.088410981 -0.0063153423 0.041266408
  endloop
 endfacet
 facet normal 1 -4.1634335e-06 -4.4604483e-06
  outer loop
   vertex -0.088410981 -0.0069916847 0.041279296
   vertex -0.088410984 -0.0069596394 0.040645331
   vertex -0.088410981 -0.0062972179 0.040636553
  endloop
 endfacet
 facet normal 1 -4.1634335e-06 -4.4604483e-06
  outer loop
   vertex -0.088410981 -0.0069916847 0.041279296
   vertex -0.088410981 -0.0062972179 0.040636553
   vertex -0.088410981 -0.0063153423 0.041266408
  endloop
 endfacet
 facet normal 1 -4.0049577e-16 -2.2132539e-14
  outer loop
   vertex -0.088410981 -0.0056553363 0.041257529
   vertex -0.088410981 -0.0056639 0.041884715
   vertex -0.088410981 -0.0063363772 0.041896884
  endloop
 endfacet
 facet normal 1 -4.0049577e-16 -2.2132539e-14
  outer loop
   vertex -0.088410981 -0.0056553363 0.041257529
   vertex -0.088410981 -0.0063363772 0.041896884
   vertex -0.088410981 -0.0063153423 0.041266408
  endloop
 endfacet
 facet normal 1 2.2175775e-14 8.2128808e-18
  outer loop
   vertex -0.088410981 -0.0012496307 0.046874991
   vertex -0.088410981 -0.0018754392 0.046875139
   vertex -0.088410981 -0.0018752077 0.046250055
  endloop
 endfacet
 facet normal 1 2.2175775e-14 8.2128808e-18
  outer loop
   vertex -0.088410981 -0.0012496307 0.046874991
   vertex -0.088410981 -0.0018752077 0.046250055
   vertex -0.088410981 -0.0012494778 0.046249893
  endloop
 endfacet
 facet normal 1 -2.215638e-14 -2.2210189e-14
  outer loop
   vertex -0.088410981 -0.00062275376 0.046249526
   vertex -0.088410981 -0.0012494778 0.046249893
   vertex -0.088410981 -0.001249239 0.045624816
  endloop
 endfacet
 facet normal 1 -2.215638e-14 -2.2210189e-14
  outer loop
   vertex -0.088410981 -0.00062275376 0.046249526
   vertex -0.088410981 -0.001249239 0.045624816
   vertex -0.088410981 -0.00062208337 0.045624288
  endloop
 endfacet
 facet normal 1 2.2176713e-14 6.6214553e-18
  outer loop
   vertex -0.088410981 -0.0018752077 0.046250055
   vertex -0.088410981 -0.0018750211 0.045625007
   vertex -0.088410981 -0.001249239 0.045624816
  endloop
 endfacet
 facet normal 1 2.2176713e-14 6.6214553e-18
  outer loop
   vertex -0.088410981 -0.0018752077 0.046250055
   vertex -0.088410981 -0.001249239 0.045624816
   vertex -0.088410981 -0.0012494778 0.046249893
  endloop
 endfacet
 facet normal 1 -2.2130384e-14 2.2195576e-14
  outer loop
   vertex -0.088410981 -0.0012496307 0.046874991
   vertex -0.088410981 -0.0012494778 0.046249893
   vertex -0.088410981 -0.00062275376 0.046249526
  endloop
 endfacet
 facet normal 1 -2.2130384e-14 2.2195576e-14
  outer loop
   vertex -0.088410981 -0.0012496307 0.046874991
   vertex -0.088410981 -0.00062275376 0.046249526
   vertex -0.088410981 -0.00062311562 0.046874785
  endloop
 endfacet
 facet normal 3.7444714e-05 -0.9659269 0.25881505
  outer loop
   vertex -0.087658936 0.0026473172 0.043061509
   vertex -0.086981292 0.0026470878 0.043060555
   vertex -0.086979207 0.0028796256 0.043928411
  endloop
 endfacet
 facet normal 3.7444714e-05 -0.9659269 0.25881505
  outer loop
   vertex -0.087658936 0.0026473172 0.043061509
   vertex -0.086979207 0.0028796256 0.043928411
   vertex -0.087634418 0.0028818531 0.043937074
  endloop
 endfacet
 facet normal 1.3269825e-06 -0.96592576 0.25881928
  outer loop
   vertex -0.086305696 0.002500199 0.042512355
   vertex -0.086302016 0.0026474794 0.043062012
   vertex -0.086981292 0.0026470878 0.043060555
  endloop
 endfacet
 facet normal 1.3269825e-06 -0.96592576 0.25881928
  outer loop
   vertex -0.086305696 0.002500199 0.042512355
   vertex -0.086981292 0.0026470878 0.043060555
   vertex -0.086987576 0.0024991951 0.042508635
  endloop
 endfacet
 facet normal 6.5962776e-06 -0.96592688 0.25881512
  outer loop
   vertex -0.086303205 0.002879059 0.04392628
   vertex -0.086979207 0.0028796256 0.043928411
   vertex -0.086981292 0.0026470878 0.043060555
  endloop
 endfacet
 facet normal 6.5962776e-06 -0.96592688 0.25881512
  outer loop
   vertex -0.086303205 0.002879059 0.04392628
   vertex -0.086981292 0.0026470878 0.043060555
   vertex -0.086302016 0.0026474794 0.043062012
  endloop
 endfacet
 facet normal 8.6701675e-08 -0.96592602 0.25881831
  outer loop
   vertex -0.08630542 0.0030169222 0.044440794
   vertex -0.086303205 0.002879059 0.04392628
   vertex -0.08564289 0.0028788359 0.043925447
  endloop
 endfacet
 facet normal 8.6701675e-08 -0.96592602 0.25881831
  outer loop
   vertex -0.08630542 0.0030169222 0.044440794
   vertex -0.08564289 0.0028788359 0.043925447
   vertex -0.085643601 0.0030171132 0.044441505
  endloop
 endfacet
 facet normal 2.2541701e-07 -0.96592583 0.25881903
  outer loop
   vertex -0.086305696 0.002500199 0.042512355
   vertex -0.08564385 0.0025006481 0.042514031
   vertex -0.085642753 0.0026477443 0.043063001
  endloop
 endfacet
 facet normal 2.2541701e-07 -0.96592583 0.25881903
  outer loop
   vertex -0.086305696 0.002500199 0.042512355
   vertex -0.085642753 0.0026477443 0.043063001
   vertex -0.086302016 0.0026474794 0.043062012
  endloop
 endfacet
 facet normal 6.6071464e-06 -0.96592602 0.25881834
  outer loop
   vertex -0.086979207 0.0028796256 0.043928411
   vertex -0.086303205 0.002879059 0.04392628
   vertex -0.08630542 0.0030169222 0.044440794
  endloop
 endfacet
 facet normal 6.6071464e-06 -0.96592602 0.25881834
  outer loop
   vertex -0.086979207 0.0028796256 0.043928411
   vertex -0.08630542 0.0030169222 0.044440794
   vertex -0.086986203 0.0030163786 0.044438838
  endloop
 endfacet
 facet normal -3.9154003e-15 -0.96592583 0.25881903
  outer loop
   vertex -0.085643283 0.0019805466 0.040572985
   vertex -0.084994826 0.0019806373 0.040573324
   vertex -0.084993041 0.0022124707 0.041438538
  endloop
 endfacet
 facet normal -3.9154003e-15 -0.96592583 0.25881903
  outer loop
   vertex -0.085643283 0.0019805466 0.040572985
   vertex -0.084993041 0.0022124707 0.041438538
   vertex -0.085643387 0.0022123997 0.041438273
  endloop
 endfacet
 facet normal 2.2639276e-07 -0.96592576 0.25881929
  outer loop
   vertex -0.086304014 0.001980202 0.040571699
   vertex -0.086307595 0.001832573 0.040020741
   vertex -0.085644308 0.001833135 0.040022838
  endloop
 endfacet
 facet normal 2.2639276e-07 -0.96592576 0.25881929
  outer loop
   vertex -0.086304014 0.001980202 0.040571699
   vertex -0.085644308 0.001833135 0.040022838
   vertex -0.085643283 0.0019805466 0.040572985
  endloop
 endfacet
 facet normal 9.9361461e-06 -0.96592578 0.25881923
  outer loop
   vertex -0.08699111 0.0018313993 0.040016387
   vertex -0.086307595 0.001832573 0.040020741
   vertex -0.086304014 0.001980202 0.040571699
  endloop
 endfacet
 facet normal 9.9361461e-06 -0.96592578 0.25881923
  outer loop
   vertex -0.08699111 0.0018313993 0.040016387
   vertex -0.086304014 0.001980202 0.040571699
   vertex -0.086984969 0.0019797205 0.040569906
  endloop
 endfacet
 facet normal 9.0110664e-06 -0.96604515 0.25837333
  outer loop
   vertex -0.08368557 0.0035425082 0.046403869
   vertex -0.084343606 0.0035414562 0.046399958
   vertex -0.084350476 0.0033143206 0.04555071
  endloop
 endfacet
 facet normal 9.0110664e-06 -0.96604515 0.25837333
  outer loop
   vertex -0.08368557 0.0035425082 0.046403869
   vertex -0.084350476 0.0033143206 0.04555071
   vertex -0.083699794 0.0033144219 0.045550339
  endloop
 endfacet
 facet normal -5.0221189e-06 -0.96604244 0.25838345
  outer loop
   vertex -0.084993992 0.0035410157 0.046398263
   vertex -0.084996287 0.0033144098 0.045551031
   vertex -0.084350476 0.0033143206 0.04555071
  endloop
 endfacet
 facet normal -5.0221189e-06 -0.96604244 0.25838345
  outer loop
   vertex -0.084993992 0.0035410157 0.046398263
   vertex -0.084350476 0.0033143206 0.04555071
   vertex -0.084343606 0.0035414562 0.046399958
  endloop
 endfacet
 facet normal -0.00031783696 -0.97953009 0.20129752
  outer loop
   vertex -0.08368557 0.0035425082 0.046403869
   vertex -0.083683761 0.0036490654 0.046922388
   vertex -0.084341676 0.0036488612 0.046920355
  endloop
 endfacet
 facet normal -0.00031783696 -0.97953009 0.20129752
  outer loop
   vertex -0.08368557 0.0035425082 0.046403869
   vertex -0.084341676 0.0036488612 0.046920355
   vertex -0.084343606 0.0035414562 0.046399958
  endloop
 endfacet
 facet normal 5.9542732e-05 -0.99577335 0.091844611
  outer loop
   vertex -0.084993628 0.0037022138 0.047499223
   vertex -0.084993533 0.003648739 0.046919452
   vertex -0.084341676 0.0036488612 0.046920355
  endloop
 endfacet
 facet normal 5.9542732e-05 -0.99577335 0.091844611
  outer loop
   vertex -0.084993628 0.0037022138 0.047499223
   vertex -0.084341676 0.0036488612 0.046920355
   vertex -0.084341461 0.0037022095 0.047499528
  endloop
 endfacet
 facet normal -0.00019176297 -0.99578455 0.091722937
  outer loop
   vertex -0.083683942 0.0037021495 0.047500252
   vertex -0.084341461 0.0037022095 0.047499528
   vertex -0.084341676 0.0036488612 0.046920355
  endloop
 endfacet
 facet normal -0.00019176297 -0.99578455 0.091722937
  outer loop
   vertex -0.083683942 0.0037021495 0.047500252
   vertex -0.084341676 0.0036488612 0.046920355
   vertex -0.083683761 0.0036490654 0.046922388
  endloop
 endfacet
 facet normal 0.00013657205 -0.9793587 0.20212994
  outer loop
   vertex -0.084993992 0.0035410157 0.046398263
   vertex -0.084343606 0.0035414562 0.046399958
   vertex -0.084341676 0.0036488612 0.046920355
  endloop
 endfacet
 facet normal 0.00013657205 -0.9793587 0.20212994
  outer loop
   vertex -0.084993992 0.0035410157 0.046398263
   vertex -0.084341676 0.0036488612 0.046920355
   vertex -0.084993533 0.003648739 0.046919452
  endloop
 endfacet
 facet normal -0.99999809 -0.0019498183 0.00016599907
  outer loop
   vertex -0.082412464 0.0026155291 0.046221716
   vertex -0.082411139 0.0019366718 0.046235047
   vertex -0.082410999 0.0019188381 0.046865908
  endloop
 endfacet
 facet normal -0.99999809 -0.0019498183 0.00016599907
  outer loop
   vertex -0.082412464 0.0026155291 0.046221716
   vertex -0.082410999 0.0019188381 0.046865908
   vertex -0.082410785 0.0025708048 0.046859336
  endloop
 endfacet
 facet normal -0.99999999 6.4859991e-05 0.00010253787
  outer loop
   vertex -0.082410977 0.0012652234 0.047498832
   vertex -0.082410935 0.001904588 0.047497112
   vertex -0.082410999 0.0019188381 0.046865908
  endloop
 endfacet
 facet normal -0.99999999 6.4859991e-05 0.00010253787
  outer loop
   vertex -0.082410977 0.0012652234 0.047498832
   vertex -0.082410999 0.0019188381 0.046865908
   vertex -0.082410986 0.001271433 0.046870609
  endloop
 endfacet
 facet normal -1 -1.9633802e-05 2.293586e-05
  outer loop
   vertex -0.082411001 0.0012790221 0.046242836
   vertex -0.082410986 0.001271433 0.046870609
   vertex -0.082410999 0.0019188381 0.046865908
  endloop
 endfacet
 facet normal -1 -1.9633802e-05 2.293586e-05
  outer loop
   vertex -0.082411001 0.0012790221 0.046242836
   vertex -0.082410999 0.0019188381 0.046865908
   vertex -0.082411139 0.0019366718 0.046235047
  endloop
 endfacet
 facet normal -1 -7.0312081e-06 1.101956e-06
  outer loop
   vertex -0.082410985 0.001284989 0.044990521
   vertex -0.082410981 0.00064129311 0.044995655
   vertex -0.08241098 0.00063900324 0.045621271
  endloop
 endfacet
 facet normal -1 -7.0312081e-06 1.101956e-06
  outer loop
   vertex -0.082410985 0.001284989 0.044990521
   vertex -0.08241098 0.00063900324 0.045621271
   vertex -0.082410998 0.0012823419 0.045616295
  endloop
 endfacet
 facet normal -1 -4.6969831e-06 1.350212e-06
  outer loop
   vertex -0.082410976 4.2513566e-06 0.046248944
   vertex -0.082410979 0.0006368927 0.046247052
   vertex -0.08241098 0.00063900324 0.045621271
  endloop
 endfacet
 facet normal -1 -4.6969831e-06 1.350212e-06
  outer loop
   vertex -0.082410976 4.2513566e-06 0.046248944
   vertex -0.08241098 0.00063900324 0.045621271
   vertex -0.082410976 5.2356994e-06 0.045623613
  endloop
 endfacet
 facet normal -1 -2.7340112e-05 -5.0819666e-06
  outer loop
   vertex -0.082411001 0.0012790221 0.046242836
   vertex -0.082410998 0.0012823419 0.045616295
   vertex -0.08241098 0.00063900324 0.045621271
  endloop
 endfacet
 facet normal -1 -2.7340112e-05 -5.0819666e-06
  outer loop
   vertex -0.082411001 0.0012790221 0.046242836
   vertex -0.08241098 0.00063900324 0.045621271
   vertex -0.082410979 0.0006368927 0.046247052
  endloop
 endfacet
 facet normal -0.99999871 -0.0015006698 -0.0005772219
  outer loop
   vertex -0.082412464 0.0026155291 0.046221716
   vertex -0.082412058 0.0025863694 0.045594082
   vertex -0.082411092 0.0019368953 0.045607629
  endloop
 endfacet
 facet normal -0.99999871 -0.0015006698 -0.0005772219
  outer loop
   vertex -0.082412464 0.0026155291 0.046221716
   vertex -0.082411092 0.0019368953 0.045607629
   vertex -0.082411139 0.0019366718 0.046235047
  endloop
 endfacet
 facet normal -0.99999999 -0.00014365128 -2.0305739e-05
  outer loop
   vertex -0.082410985 0.001284989 0.044990521
   vertex -0.082410998 0.0012823419 0.045616295
   vertex -0.082411092 0.0019368953 0.045607629
  endloop
 endfacet
 facet normal -0.99999999 -0.00014365128 -2.0305739e-05
  outer loop
   vertex -0.082410985 0.001284989 0.044990521
   vertex -0.082411092 0.0019368953 0.045607629
   vertex -0.082410866 0.0019328661 0.044983114
  endloop
 endfacet
 facet normal -0.99999998 -0.00021037091 -7.4997926e-05
  outer loop
   vertex -0.082411001 0.0012790221 0.046242836
   vertex -0.082411139 0.0019366718 0.046235047
   vertex -0.082411092 0.0019368953 0.045607629
  endloop
 endfacet
 facet normal -0.99999998 -0.00021037091 -7.4997926e-05
  outer loop
   vertex -0.082411001 0.0012790221 0.046242836
   vertex -0.082411092 0.0019368953 0.045607629
   vertex -0.082410998 0.0012823419 0.045616295
  endloop
 endfacet
 facet normal -1 -1.5526111e-05 1.526527e-05
  outer loop
   vertex -0.082410977 0.0012652234 0.047498832
   vertex -0.082410986 0.001271433 0.046870609
   vertex -0.082410976 0.00063389068 0.046873216
  endloop
 endfacet
 facet normal -1 -1.5526111e-05 1.526527e-05
  outer loop
   vertex -0.082410977 0.0012652234 0.047498832
   vertex -0.082410976 0.00063389068 0.046873216
   vertex -0.082410976 0.00063151491 0.047499679
  endloop
 endfacet
 facet normal -1 0 0
  outer loop
   vertex -0.082410976 4.2513566e-06 0.046248944
   vertex -0.082410976 3.154832e-06 0.046874387
   vertex -0.082410976 0.00063389068 0.046873216
  endloop
 endfacet
 facet normal -1 0 0
  outer loop
   vertex -0.082410976 4.2513566e-06 0.046248944
   vertex -0.082410976 0.00063389068 0.046873216
   vertex -0.082410979 0.0006368927 0.046247052
  endloop
 endfacet
 facet normal -1 -3.3470603e-05 4.5891844e-06
  outer loop
   vertex -0.082411001 0.0012790221 0.046242836
   vertex -0.082410979 0.0006368927 0.046247052
   vertex -0.082410976 0.00063389068 0.046873216
  endloop
 endfacet
 facet normal -1 -3.3470603e-05 4.5891844e-06
  outer loop
   vertex -0.082411001 0.0012790221 0.046242836
   vertex -0.082410976 0.00063389068 0.046873216
   vertex -0.082410986 0.001271433 0.046870609
  endloop
 endfacet
 facet normal -0.0001143472 -0.98928327 -0.14600891
  outer loop
   vertex -0.083679051 0.0036021833 0.04867959
   vertex -0.084339028 0.003602161 0.048680258
   vertex -0.084340616 0.003686783 0.048106902
  endloop
 endfacet
 facet normal -0.0001143472 -0.98928327 -0.14600891
  outer loop
   vertex -0.083679051 0.0036021833 0.04867959
   vertex -0.084340616 0.003686783 0.048106902
   vertex -0.08368246 0.003686654 0.048107263
  endloop
 endfacet
 facet normal 5.2974081e-06 -0.99967761 -0.025390409
  outer loop
   vertex -0.084993628 0.0037022138 0.047499223
   vertex -0.084341461 0.0037022095 0.047499528
   vertex -0.084340616 0.003686783 0.048106902
  endloop
 endfacet
 facet normal 5.2974081e-06 -0.99967761 -0.025390409
  outer loop
   vertex -0.084993628 0.0037022138 0.047499223
   vertex -0.084340616 0.003686783 0.048106902
   vertex -0.084993351 0.003686796 0.048106932
  endloop
 endfacet
 facet normal -0.00018209159 -0.99967432 -0.025518889
  outer loop
   vertex -0.083683942 0.0037021495 0.047500252
   vertex -0.08368246 0.003686654 0.048107263
   vertex -0.084340616 0.003686783 0.048106902
  endloop
 endfacet
 facet normal -0.00018209159 -0.99967432 -0.025518889
  outer loop
   vertex -0.083683942 0.0037021495 0.047500252
   vertex -0.084340616 0.003686783 0.048106902
   vertex -0.084341461 0.0037022095 0.047499528
  endloop
 endfacet
 facet normal -2.6320726e-05 -0.98927414 -0.14607078
  outer loop
   vertex -0.084992673 0.0036020756 0.048680707
   vertex -0.084993351 0.003686796 0.048106932
   vertex -0.084340616 0.003686783 0.048106902
  endloop
 endfacet
 facet normal -2.6320726e-05 -0.98927414 -0.14607078
  outer loop
   vertex -0.084992673 0.0036020756 0.048680707
   vertex -0.084340616 0.003686783 0.048106902
   vertex -0.084339028 0.003602161 0.048680258
  endloop
 endfacet
 facet normal 0.0025757624 -0.96725755 -0.25378378
  outer loop
   vertex -0.082416234 0.0035937189 0.048719886
   vertex -0.082421409 0.0034768155 0.049165392
   vertex -0.083029852 0.0034721627 0.049176951
  endloop
 endfacet
 facet normal 0.0025757624 -0.96725755 -0.25378378
  outer loop
   vertex -0.082416234 0.0035937189 0.048719886
   vertex -0.083029852 0.0034721627 0.049176951
   vertex -0.083043908 0.0036004183 0.04868238
  endloop
 endfacet
 facet normal -0.0015875412 -0.9679907 -0.25098106
  outer loop
   vertex -0.083679051 0.0036021833 0.04867959
   vertex -0.083043908 0.0036004183 0.04868238
   vertex -0.083029852 0.0034721627 0.049176951
  endloop
 endfacet
 facet normal -0.0015875412 -0.9679907 -0.25098106
  outer loop
   vertex -0.083679051 0.0036021833 0.04867959
   vertex -0.083029852 0.0034721627 0.049176951
   vertex -0.083677034 0.0034702092 0.049185114
  endloop
 endfacet
 facet normal -0.00011171464 -0.92308245 -0.3846021
  outer loop
   vertex -0.084992522 0.003469307 0.049188001
   vertex -0.084338928 0.0034695977 0.049187113
   vertex -0.084342075 0.0031371729 0.049984966
  endloop
 endfacet
 facet normal -0.00011171464 -0.92308245 -0.3846021
  outer loop
   vertex -0.084992522 0.003469307 0.049188001
   vertex -0.084342075 0.0031371729 0.049984966
   vertex -0.084994065 0.0031376701 0.049984081
  endloop
 endfacet
 facet normal -0.00030890343 -0.92309792 -0.38456487
  outer loop
   vertex -0.084338928 0.0034695977 0.049187113
   vertex -0.083677034 0.0034702092 0.049185114
   vertex -0.083683745 0.0031366975 0.049985671
  endloop
 endfacet
 facet normal -0.00030890343 -0.92309792 -0.38456487
  outer loop
   vertex -0.084338928 0.0034695977 0.049187113
   vertex -0.083683745 0.0031366975 0.049985671
   vertex -0.084342075 0.0031371729 0.049984966
  endloop
 endfacet
 facet normal 0.00032643619 -0.93349141 -0.35859961
  outer loop
   vertex -0.083029852 0.0034721627 0.049176951
   vertex -0.082421409 0.0034768155 0.049165392
   vertex -0.082411397 0.0033610771 0.049466687
  endloop
 endfacet
 facet normal 0.00032643619 -0.93349141 -0.35859961
  outer loop
   vertex -0.083029852 0.0034721627 0.049176951
   vertex -0.082411397 0.0033610771 0.049466687
   vertex -0.082416027 0.0031059587 0.05004346
  endloop
 endfacet
 facet normal 0.00032643619 -0.93349141 -0.35859961
  outer loop
   vertex -0.083029852 0.0034721627 0.049176951
   vertex -0.082416027 0.0031059587 0.05004346
   vertex -0.083046932 0.0031356086 0.049986124
  endloop
 endfacet
 facet normal -0.001305648 -0.92330981 -0.38405376
  outer loop
   vertex -0.083029852 0.0034721627 0.049176951
   vertex -0.083046932 0.0031356086 0.049986124
   vertex -0.083683745 0.0031366975 0.049985671
  endloop
 endfacet
 facet normal -0.001305648 -0.92330981 -0.38405376
  outer loop
   vertex -0.083029852 0.0034721627 0.049176951
   vertex -0.083683745 0.0031366975 0.049985671
   vertex -0.083677034 0.0034702092 0.049185114
  endloop
 endfacet
 facet normal 9.640943e-07 -0.96604137 0.25838744
  outer loop
   vertex -0.086300293 0.0033141403 0.045550026
   vertex -0.085642306 0.0033143614 0.04555085
   vertex -0.085642885 0.0035409652 0.046398061
  endloop
 endfacet
 facet normal 9.640943e-07 -0.96604137 0.25838744
  outer loop
   vertex -0.086300293 0.0033141403 0.045550026
   vertex -0.085642885 0.0035409652 0.046398061
   vertex -0.086303079 0.0035412768 0.046399313
  endloop
 endfacet
 facet normal -7.811512e-05 -0.97929032 0.20246102
  outer loop
   vertex -0.086303079 0.0035412768 0.046399313
   vertex -0.085642885 0.0035409652 0.046398061
   vertex -0.085644178 0.0036486962 0.046919148
  endloop
 endfacet
 facet normal -7.811512e-05 -0.97929032 0.20246102
  outer loop
   vertex -0.086303079 0.0035412768 0.046399313
   vertex -0.085644178 0.0036486962 0.046919148
   vertex -0.086307433 0.0036486866 0.046919086
  endloop
 endfacet
 facet normal -4.2701093e-06 -0.99577061 0.091874353
  outer loop
   vertex -0.084993628 0.0037022138 0.047499223
   vertex -0.085645004 0.0037022121 0.047499174
   vertex -0.085644178 0.0036486962 0.046919148
  endloop
 endfacet
 facet normal -4.2701093e-06 -0.99577061 0.091874353
  outer loop
   vertex -0.084993628 0.0037022138 0.047499223
   vertex -0.085644178 0.0036486962 0.046919148
   vertex -0.084993533 0.003648739 0.046919452
  endloop
 endfacet
 facet normal -3.0271919e-05 -0.97930099 0.20240942
  outer loop
   vertex -0.084993992 0.0035410157 0.046398263
   vertex -0.084993533 0.003648739 0.046919452
   vertex -0.085644178 0.0036486962 0.046919148
  endloop
 endfacet
 facet normal -3.0271919e-05 -0.97930099 0.20240942
  outer loop
   vertex -0.084993992 0.0035410157 0.046398263
   vertex -0.085644178 0.0036486962 0.046919148
   vertex -0.085642885 0.0035409652 0.046398061
  endloop
 endfacet
 facet normal 5.7352383e-06 -0.9957708 0.091872253
  outer loop
   vertex -0.086309544 0.0037022149 0.04749926
   vertex -0.086307433 0.0036486866 0.046919086
   vertex -0.085644178 0.0036486962 0.046919148
  endloop
 endfacet
 facet normal 5.7352383e-06 -0.9957708 0.091872253
  outer loop
   vertex -0.086309544 0.0037022149 0.04749926
   vertex -0.085644178 0.0036486962 0.046919148
   vertex -0.085645004 0.0037022121 0.047499174
  endloop
 endfacet
 facet normal 1 -4.7391734e-06 -3.3237973e-05
  outer loop
   vertex -0.088410999 0.0019652221 0.046230586
   vertex -0.088410978 0.0019688838 0.046858507
   vertex -0.088410981 0.0012934536 0.046867991
  endloop
 endfacet
 facet normal 1 -4.7391734e-06 -3.3237973e-05
  outer loop
   vertex -0.088410999 0.0019652221 0.046230586
   vertex -0.088410981 0.0012934536 0.046867991
   vertex -0.088410981 0.0012956694 0.046240183
  endloop
 endfacet
 facet normal 1 2.8135172e-07 1.9783946e-09
  outer loop
   vertex -0.088410981 0.00064470205 0.04624578
   vertex -0.088410981 0.00064829638 0.045619245
   vertex -0.088410981 0.001301059 0.045612301
  endloop
 endfacet
 facet normal 1 2.8135172e-07 1.9783946e-09
  outer loop
   vertex -0.088410981 0.00064470205 0.04624578
   vertex -0.088410981 0.001301059 0.045612301
   vertex -0.088410981 0.0012956694 0.046240183
  endloop
 endfacet
 facet normal 1 -1.6291945e-07 -8.5821496e-10
  outer loop
   vertex -0.088410981 0.0012934536 0.046867991
   vertex -0.088410981 0.00064280261 0.046872333
   vertex -0.088410981 0.00064470205 0.04624578
  endloop
 endfacet
 facet normal 1 -1.6291945e-07 -8.5821496e-10
  outer loop
   vertex -0.088410981 0.0012934536 0.046867991
   vertex -0.088410981 0.00064470205 0.04624578
   vertex -0.088410981 0.0012956694 0.046240183
  endloop
 endfacet
 facet normal 1 1.6806473e-05 1.0594679e-05
  outer loop
   vertex -0.088410981 0.001301059 0.045612301
   vertex -0.088410992 0.0019667086 0.045601783
   vertex -0.088410999 0.0019652221 0.046230586
  endloop
 endfacet
 facet normal 1 1.6806473e-05 1.0594679e-05
  outer loop
   vertex -0.088410981 0.001301059 0.045612301
   vertex -0.088410999 0.0019652221 0.046230586
   vertex -0.088410981 0.0012956694 0.046240183
  endloop
 endfacet
 facet normal -3.6056772e-05 -0.98924672 -0.14625636
  outer loop
   vertex -0.086309751 0.0036018273 0.048681871
   vertex -0.08631029 0.0036867123 0.048107728
   vertex -0.085645208 0.0036867724 0.048107157
  endloop
 endfacet
 facet normal -3.6056772e-05 -0.98924672 -0.14625636
  outer loop
   vertex -0.086309751 0.0036018273 0.048681871
   vertex -0.085645208 0.0036867724 0.048107157
   vertex -0.08564482 0.0036019916 0.048681102
  endloop
 endfacet
 facet normal 2.7487447e-05 -0.99967833 -0.025362145
  outer loop
   vertex -0.084993628 0.0037022138 0.047499223
   vertex -0.084993351 0.003686796 0.048106932
   vertex -0.085645208 0.0036867724 0.048107157
  endloop
 endfacet
 facet normal 2.7487447e-05 -0.99967833 -0.025362145
  outer loop
   vertex -0.084993628 0.0037022138 0.047499223
   vertex -0.085645208 0.0036867724 0.048107157
   vertex -0.085645004 0.0037022121 0.047499174
  endloop
 endfacet
 facet normal 3.8854719e-05 -0.98926536 -0.14613022
  outer loop
   vertex -0.084992673 0.0036020756 0.048680707
   vertex -0.08564482 0.0036019916 0.048681102
   vertex -0.085645208 0.0036867724 0.048107157
  endloop
 endfacet
 facet normal 3.8854719e-05 -0.98926536 -0.14613022
  outer loop
   vertex -0.084992673 0.0036020756 0.048680707
   vertex -0.085645208 0.0036867724 0.048107157
   vertex -0.084993351 0.003686796 0.048106932
  endloop
 endfacet
 facet normal -7.5410935e-06 -0.9996777 -0.025386762
  outer loop
   vertex -0.086309544 0.0037022149 0.04749926
   vertex -0.085645004 0.0037022121 0.047499174
   vertex -0.085645208 0.0036867724 0.048107157
  endloop
 endfacet
 facet normal -7.5410935e-06 -0.9996777 -0.025386762
  outer loop
   vertex -0.086309544 0.0037022149 0.04749926
   vertex -0.085645208 0.0036867724 0.048107157
   vertex -0.08631029 0.0036867123 0.048107728
  endloop
 endfacet
 facet normal 1.2095786e-05 -0.96738415 -0.25331386
  outer loop
   vertex -0.087674277 0.0035992143 0.048692109
   vertex -0.086994774 0.0036013525 0.048683976
   vertex -0.086987135 0.0034697551 0.049186536
  endloop
 endfacet
 facet normal 1.2095786e-05 -0.96738415 -0.25331386
  outer loop
   vertex -0.087674277 0.0035992143 0.048692109
   vertex -0.086987135 0.0034697551 0.049186536
   vertex -0.087646493 0.0034708262 0.049181457
  endloop
 endfacet
 facet normal -5.0812733e-05 -0.96740336 -0.25324049
  outer loop
   vertex -0.086309751 0.0036018273 0.048681871
   vertex -0.086307311 0.0034694582 0.049187534
   vertex -0.086987135 0.0034697551 0.049186536
  endloop
 endfacet
 facet normal -5.0812733e-05 -0.96740336 -0.25324049
  outer loop
   vertex -0.086309751 0.0036018273 0.048681871
   vertex -0.086987135 0.0034697551 0.049186536
   vertex -0.086994774 0.0036013525 0.048683976
  endloop
 endfacet
 facet normal 7.2230895e-05 -0.92314114 -0.38446122
  outer loop
   vertex -0.086307311 0.0034694582 0.049187534
   vertex -0.085644097 0.003469277 0.049188093
   vertex -0.085645412 0.0031381367 0.049983204
  endloop
 endfacet
 facet normal 7.2230895e-05 -0.92314114 -0.38446122
  outer loop
   vertex -0.086307311 0.0034694582 0.049187534
   vertex -0.085645412 0.0031381367 0.049983204
   vertex -0.086310127 0.0031388067 0.049981932
  endloop
 endfacet
 facet normal 0.0014570898 -0.92336983 -0.38390888
  outer loop
   vertex -0.087646493 0.0034708262 0.049181457
   vertex -0.086987135 0.0034697551 0.049186536
   vertex -0.086996401 0.0031400697 0.049979453
  endloop
 endfacet
 facet normal 0.0014570898 -0.92336983 -0.38390888
  outer loop
   vertex -0.087646493 0.0034708262 0.049181457
   vertex -0.086996401 0.0031400697 0.049979453
   vertex -0.087678674 0.0031408079 0.049977359
  endloop
 endfacet
 facet normal 0.00016081677 -0.92322058 -0.3842704
  outer loop
   vertex -0.086987135 0.0034697551 0.049186536
   vertex -0.086307311 0.0034694582 0.049187534
   vertex -0.086310127 0.0031388067 0.049981932
  endloop
 endfacet
 facet normal 0.00016081677 -0.92322058 -0.3842704
  outer loop
   vertex -0.086987135 0.0034697551 0.049186536
   vertex -0.086310127 0.0031388067 0.049981932
   vertex -0.086996401 0.0031400697 0.049979453
  endloop
 endfacet
 facet normal 9.933232e-06 0.25882915 0.96592312
  outer loop
   vertex -0.08698369 -0.0063087456 0.026755606
   vertex -0.086989863 -0.0068619582 0.026903845
   vertex -0.086306932 -0.0068575269 0.026902651
  endloop
 endfacet
 facet normal 9.933232e-06 0.25882915 0.96592312
  outer loop
   vertex -0.08698369 -0.0063087456 0.026755606
   vertex -0.086306932 -0.0068575269 0.026902651
   vertex -0.086303326 -0.0063068989 0.02675511
  endloop
 endfacet
 facet normal -1.8530002e-15 0.25881901 0.96592584
  outer loop
   vertex -0.086303326 -0.0063068989 0.02675511
   vertex -0.085643126 -0.0063055794 0.026754757
   vertex -0.08564323 -0.0054412574 0.026523162
  endloop
 endfacet
 facet normal -1.8530002e-15 0.25881901 0.96592584
  outer loop
   vertex -0.086303326 -0.0063068989 0.02675511
   vertex -0.08564323 -0.0054412574 0.026523162
   vertex -0.086304427 -0.0054411081 0.026523122
  endloop
 endfacet
 facet normal 0.0001355811 0.25837001 0.96604602
  outer loop
   vertex -0.087664574 -0.0049444755 0.026390398
   vertex -0.087637484 -0.0054338783 0.026521285
   vertex -0.086981483 -0.0054403308 0.026522919
  endloop
 endfacet
 facet normal 0.0001355811 0.25837001 0.96604602
  outer loop
   vertex -0.087664574 -0.0049444755 0.026390398
   vertex -0.086981483 -0.0054403308 0.026522919
   vertex -0.086988298 -0.0049319394 0.026386712
  endloop
 endfacet
 facet normal 2.8662851e-05 0.25879131 0.96593326
  outer loop
   vertex -0.086306519 -0.0049281643 0.02638568
   vertex -0.086988298 -0.0049319394 0.026386712
   vertex -0.086981483 -0.0054403308 0.026522919
  endloop
 endfacet
 facet normal 2.8662851e-05 0.25879131 0.96593326
  outer loop
   vertex -0.086306519 -0.0049281643 0.02638568
   vertex -0.086981483 -0.0054403308 0.026522919
   vertex -0.086304427 -0.0054411081 0.026523122
  endloop
 endfacet
 facet normal 2.2829494e-07 0.25881901 0.96592584
  outer loop
   vertex -0.086306932 -0.0068575269 0.026902651
   vertex -0.085644188 -0.00685539 0.026902078
   vertex -0.085643126 -0.0063055794 0.026754757
  endloop
 endfacet
 facet normal 2.2829494e-07 0.25881901 0.96592584
  outer loop
   vertex -0.086306932 -0.0068575269 0.026902651
   vertex -0.085643126 -0.0063055794 0.026754757
   vertex -0.086303326 -0.0063068989 0.02675511
  endloop
 endfacet
 facet normal 1.3355324e-06 0.25881895 0.96592585
  outer loop
   vertex -0.08698369 -0.0063087456 0.026755606
   vertex -0.086303326 -0.0063068989 0.02675511
   vertex -0.086304427 -0.0054411081 0.026523122
  endloop
 endfacet
 facet normal 1.3355324e-06 0.25881895 0.96592585
  outer loop
   vertex -0.08698369 -0.0063087456 0.026755606
   vertex -0.086304427 -0.0054411081 0.026523122
   vertex -0.086981483 -0.0054403308 0.026522919
  endloop
 endfacet
 facet normal 1 -2.6366256e-05 -3.610162e-05
  outer loop
   vertex -0.088410982 -0.0068895358 0.02869518
   vertex -0.088411006 -0.0068995074 0.028033431
   vertex -0.088410988 -0.0062678517 0.028055745
  endloop
 endfacet
 facet normal 1 -2.6366256e-05 -3.610162e-05
  outer loop
   vertex -0.088410982 -0.0068895358 0.02869518
   vertex -0.088410988 -0.0062678517 0.028055745
   vertex -0.088410981 -0.0062601809 0.02870983
  endloop
 endfacet
 facet normal 1 4.9744578e-10 -8.9075454e-08
  outer loop
   vertex -0.088410981 -0.0056326975 0.028714635
   vertex -0.088410981 -0.0056279939 0.029359634
   vertex -0.088410981 -0.006254809 0.029356134
  endloop
 endfacet
 facet normal 1 4.9744578e-10 -8.9075454e-08
  outer loop
   vertex -0.088410981 -0.0056326975 0.028714635
   vertex -0.088410981 -0.006254809 0.029356134
   vertex -0.088410981 -0.0062601809 0.02870983
  endloop
 endfacet
 facet normal 1 2.866967e-08 -1.209377e-06
  outer loop
   vertex -0.088410981 -0.006254809 0.029356134
   vertex -0.088410981 -0.006882449 0.029348492
   vertex -0.088410982 -0.0068895358 0.02869518
  endloop
 endfacet
 facet normal 1 2.866967e-08 -1.209377e-06
  outer loop
   vertex -0.088410981 -0.006254809 0.029356134
   vertex -0.088410982 -0.0068895358 0.02869518
   vertex -0.088410981 -0.0062601809 0.02870983
  endloop
 endfacet
 facet normal 1 -4.0809341e-06 -7.3226887e-06
  outer loop
   vertex -0.088410988 -0.0062678517 0.028055745
   vertex -0.088410986 -0.005640735 0.028055547
   vertex -0.088410981 -0.0056326975 0.028714635
  endloop
 endfacet
 facet normal 1 -4.0809341e-06 -7.3226887e-06
  outer loop
   vertex -0.088410988 -0.0062678517 0.028055745
   vertex -0.088410981 -0.0056326975 0.028714635
   vertex -0.088410981 -0.0062601809 0.02870983
  endloop
 endfacet
 facet normal 0.00026562187 0.25878168 0.9659358
  outer loop
   vertex -0.082415779 -0.0049773283 0.026398885
   vertex -0.082413043 -0.0044192986 0.026249384
   vertex -0.083061875 -0.0043785803 0.026238653
  endloop
 endfacet
 facet normal 0.00026562187 0.25878168 0.9659358
  outer loop
   vertex -0.082415779 -0.0049773283 0.026398885
   vertex -0.083061875 -0.0043785803 0.026238653
   vertex -0.083053004 -0.004932903 0.026387704
  endloop
 endfacet
 facet normal -0.012956607 0.26254475 0.96483283
  outer loop
   vertex -0.08241121 -0.0038383082 0.026100375
   vertex -0.083062323 -0.003814157 0.02608506
   vertex -0.083061875 -0.0043785803 0.026238653
  endloop
 endfacet
 facet normal -0.012956607 0.26254475 0.96483283
  outer loop
   vertex -0.08241121 -0.0038383082 0.026100375
   vertex -0.083061875 -0.0043785803 0.026238653
   vertex -0.082413043 -0.0044192986 0.026249384
  endloop
 endfacet
 facet normal -0.00038124357 0.25911192 0.96584723
  outer loop
   vertex -0.083698318 -0.0038163827 0.026087579
   vertex -0.083692535 -0.0043673249 0.026235385
   vertex -0.083061875 -0.0043785803 0.026238653
  endloop
 endfacet
 facet normal -0.00038124357 0.25911192 0.96584723
  outer loop
   vertex -0.083698318 -0.0038163827 0.026087579
   vertex -0.083061875 -0.0043785803 0.026238653
   vertex -0.083062323 -0.003814157 0.02608506
  endloop
 endfacet
 facet normal -0.0011727536 0.25964692 0.96570291
  outer loop
   vertex -0.083685813 -0.004927073 0.026385368
   vertex -0.083053004 -0.004932903 0.026387704
   vertex -0.083061875 -0.0043785803 0.026238653
  endloop
 endfacet
 facet normal -0.0011727536 0.25964692 0.96570291
  outer loop
   vertex -0.083685813 -0.004927073 0.026385368
   vertex -0.083061875 -0.0043785803 0.026238653
   vertex -0.083692535 -0.0043673249 0.026235385
  endloop
 endfacet
 facet normal 0.00061350264 0.25897818 0.96588298
  outer loop
   vertex -0.083697764 -0.0029546947 0.025856384
   vertex -0.083717178 -0.0025052652 0.025735892
   vertex -0.08435889 -0.0025050074 0.025736231
  endloop
 endfacet
 facet normal 0.00061350264 0.25897818 0.96588298
  outer loop
   vertex -0.083697764 -0.0029546947 0.025856384
   vertex -0.08435889 -0.0025050074 0.025736231
   vertex -0.084350013 -0.0029550028 0.025856837
  endloop
 endfacet
 facet normal 5.4247443e-06 0.25895715 0.96588881
  outer loop
   vertex -0.084995844 -0.0038155963 0.026087568
   vertex -0.084349632 -0.0038158354 0.026087628
   vertex -0.084350013 -0.0029550028 0.025856837
  endloop
 endfacet
 facet normal 5.4247443e-06 0.25895715 0.96588881
  outer loop
   vertex -0.084995844 -0.0038155963 0.026087568
   vertex -0.084350013 -0.0029550028 0.025856837
   vertex -0.08499492 -0.0029552913 0.02585705
  endloop
 endfacet
 facet normal 0.00073146353 0.25898291 0.96588163
  outer loop
   vertex -0.083092461 -0.0025071945 0.025735937
   vertex -0.083717178 -0.0025052652 0.025735892
   vertex -0.083697764 -0.0029546947 0.025856384
  endloop
 endfacet
 facet normal 0.00073146353 0.25898291 0.96588163
  outer loop
   vertex -0.083092461 -0.0025071945 0.025735937
   vertex -0.083697764 -0.0029546947 0.025856384
   vertex -0.08305537 -0.0029478356 0.025853976
  endloop
 endfacet
 facet normal 0.00025740505 -0.9658907 0.25894999
  outer loop
   vertex -0.083081408 -0.00096134006 0.029592863
   vertex -0.083695179 -0.00096429448 0.029582453
   vertex -0.083693476 -0.0011978232 0.028711383
  endloop
 endfacet
 facet normal 0.00025740505 -0.9658907 0.25894999
  outer loop
   vertex -0.083081408 -0.00096134006 0.029592863
   vertex -0.083693476 -0.0011978232 0.028711383
   vertex -0.083059414 -0.0011973378 0.028714392
  endloop
 endfacet
 facet normal 0.00028398743 -0.96628007 0.2574932
  outer loop
   vertex -0.083695179 -0.00096429448 0.029582453
   vertex -0.083081408 -0.00096134006 0.029592863
   vertex -0.083059278 -0.00083145298 0.030080258
  endloop
 endfacet
 facet normal 0.00028398743 -0.96628007 0.2574932
  outer loop
   vertex -0.083695179 -0.00096429448 0.029582453
   vertex -0.083059278 -0.00083145298 0.030080258
   vertex -0.08368924 -0.00082897122 0.030087772
  endloop
 endfacet
 facet normal 2.5135553e-05 -0.96593386 0.25878906
  outer loop
   vertex -0.084994097 -0.0014804066 0.027656531
   vertex -0.084344848 -0.0014799217 0.027658278
   vertex -0.084344191 -0.0013401234 0.028180077
  endloop
 endfacet
 facet normal 2.5135553e-05 -0.96593386 0.25878906
  outer loop
   vertex -0.084994097 -0.0014804066 0.027656531
   vertex -0.084344191 -0.0013401234 0.028180077
   vertex -0.084993975 -0.0013402116 0.028179746
  endloop
 endfacet
 facet normal -6.5721577e-05 -0.96599037 0.25857802
  outer loop
   vertex -0.083687944 -0.0014787521 0.027662358
   vertex -0.083688217 -0.0013399337 0.028180953
   vertex -0.084344191 -0.0013401234 0.028180077
  endloop
 endfacet
 facet normal -6.5721577e-05 -0.96599037 0.25857802
  outer loop
   vertex -0.083687944 -0.0014787521 0.027662358
   vertex -0.084344191 -0.0013401234 0.028180077
   vertex -0.084344848 -0.0014799217 0.027658278
  endloop
 endfacet
 facet normal -6.7467507e-05 -0.9659336 0.25879004
  outer loop
   vertex -0.083693476 -0.0011978232 0.028711383
   vertex -0.084346859 -0.0011978529 0.028711101
   vertex -0.084344191 -0.0013401234 0.028180077
  endloop
 endfacet
 facet normal -6.7467507e-05 -0.9659336 0.25879004
  outer loop
   vertex -0.083693476 -0.0011978232 0.028711383
   vertex -0.084344191 -0.0013401234 0.028180077
   vertex -0.083688217 -0.0013399337 0.028180953
  endloop
 endfacet
 facet normal -7.4464292e-07 -0.96592583 0.25881903
  outer loop
   vertex -0.084994707 -0.0011978007 0.028711231
   vertex -0.084993975 -0.0013402116 0.028179746
   vertex -0.084344191 -0.0013401234 0.028180077
  endloop
 endfacet
 facet normal -7.4464292e-07 -0.96592583 0.25881903
  outer loop
   vertex -0.084994707 -0.0011978007 0.028711231
   vertex -0.084344191 -0.0013401234 0.028180077
   vertex -0.084346859 -0.0011978529 0.028711101
  endloop
 endfacet
 facet normal -0.00025200079 0.26138759 0.96523389
  outer loop
   vertex -0.083688229 -0.0068583161 0.026902872
   vertex -0.083056737 -0.0068689901 0.026905927
   vertex -0.083057025 -0.0063039559 0.026752914
  endloop
 endfacet
 facet normal -0.00025200079 0.26138759 0.96523389
  outer loop
   vertex -0.083688229 -0.0068583161 0.026902872
   vertex -0.083057025 -0.0063039559 0.026752914
   vertex -0.083693565 -0.0063062345 0.02675484
  endloop
 endfacet
 facet normal 0.00015458601 0.25885963 0.96591494
  outer loop
   vertex -0.084341928 -0.0054401394 0.026522835
   vertex -0.084347036 -0.0063055674 0.026754766
   vertex -0.083693565 -0.0063062345 0.02675484
  endloop
 endfacet
 facet normal 0.00015458601 0.25885963 0.96591494
  outer loop
   vertex -0.084341928 -0.0054401394 0.026522835
   vertex -0.083693565 -0.0063062345 0.02675484
   vertex -0.083682972 -0.0054385273 0.026522326
  endloop
 endfacet
 facet normal 0.0010206245 0.25781158 0.96619467
  outer loop
   vertex -0.082415779 -0.0049773283 0.026398885
   vertex -0.083053004 -0.004932903 0.026387704
   vertex -0.08303828 -0.0054304774 0.026520457
  endloop
 endfacet
 facet normal 0.0010206245 0.25781158 0.96619467
  outer loop
   vertex -0.082415779 -0.0049773283 0.026398885
   vertex -0.08303828 -0.0054304774 0.026520457
   vertex -0.082418638 -0.0054209711 0.026517653
  endloop
 endfacet
 facet normal -0.00042970082 0.25866562 0.96596683
  outer loop
   vertex -0.083685813 -0.004927073 0.026385368
   vertex -0.083682972 -0.0054385273 0.026522326
   vertex -0.08303828 -0.0054304774 0.026520457
  endloop
 endfacet
 facet normal -0.00042970082 0.25866562 0.96596683
  outer loop
   vertex -0.083685813 -0.004927073 0.026385368
   vertex -0.08303828 -0.0054304774 0.026520457
   vertex -0.083053004 -0.004932903 0.026387704
  endloop
 endfacet
 facet normal -1.1124533e-05 0.25880201 0.96593039
  outer loop
   vertex -0.084347036 -0.0063055674 0.026754766
   vertex -0.084343773 -0.006855765 0.026902181
   vertex -0.083688229 -0.0068583161 0.026902872
  endloop
 endfacet
 facet normal -1.1124533e-05 0.25880201 0.96593039
  outer loop
   vertex -0.084347036 -0.0063055674 0.026754766
   vertex -0.083688229 -0.0068583161 0.026902872
   vertex -0.083693565 -0.0063062345 0.02675484
  endloop
 endfacet
 facet normal -0.00043197861 0.25883736 0.96592082
  outer loop
   vertex -0.08303828 -0.0054304774 0.026520457
   vertex -0.083682972 -0.0054385273 0.026522326
   vertex -0.083693565 -0.0063062345 0.02675484
  endloop
 endfacet
 facet normal -0.00043197861 0.25883736 0.96592082
  outer loop
   vertex -0.08303828 -0.0054304774 0.026520457
   vertex -0.083693565 -0.0063062345 0.02675484
   vertex -0.083057025 -0.0063039559 0.026752914
  endloop
 endfacet
 facet normal -1 2.8867326e-06 -7.4471055e-05
  outer loop
   vertex -0.082410974 -0.0075103666 0.028712525
   vertex -0.082410973 -0.0068829484 0.028721285
   vertex -0.082410925 -0.0068880728 0.028080703
  endloop
 endfacet
 facet normal -1 2.8867326e-06 -7.4471055e-05
  outer loop
   vertex -0.082410974 -0.0075103666 0.028712525
   vertex -0.082410925 -0.0068880728 0.028080703
   vertex -0.082410959 -0.0075165318 0.028065667
  endloop
 endfacet
 facet normal -0.99999852 -0.0015849461 -0.00067589138
  outer loop
   vertex -0.082411471 -0.0062721705 0.027443043
   vertex -0.082410512 -0.006892165 0.027478165
   vertex -0.082410925 -0.0068880728 0.028080703
  endloop
 endfacet
 facet normal -0.99999852 -0.0015849461 -0.00067589138
  outer loop
   vertex -0.082411471 -0.0062721705 0.027443043
   vertex -0.082410925 -0.0068880728 0.028080703
   vertex -0.082411001 -0.0062631157 0.02807792
  endloop
 endfacet
 facet normal -0.99999999 -0.00012042222 3.1643844e-05
  outer loop
   vertex -0.082410981 -0.0062568411 0.028724323
   vertex -0.082411001 -0.0062631157 0.02807792
   vertex -0.082410925 -0.0068880728 0.028080703
  endloop
 endfacet
 facet normal -0.99999999 -0.00012042222 3.1643844e-05
  outer loop
   vertex -0.082410981 -0.0062568411 0.028724323
   vertex -0.082410925 -0.0068880728 0.028080703
   vertex -0.082410973 -0.0068829484 0.028721285
  endloop
 endfacet
 facet normal -1 5.2400155e-06 2.1040135e-05
  outer loop
   vertex -0.082410986 -0.0050024402 0.028731394
   vertex -0.08241099 -0.0056303814 0.028726625
   vertex -0.082410976 -0.0056270292 0.029365276
  endloop
 endfacet
 facet normal -1 5.2400155e-06 2.1040135e-05
  outer loop
   vertex -0.082410986 -0.0050024402 0.028731394
   vertex -0.082410976 -0.0056270292 0.029365276
   vertex -0.082410976 -0.0050000994 0.029367142
  endloop
 endfacet
 facet normal -1 -2.2180001e-14 5.2169417e-17
  outer loop
   vertex -0.082410976 -0.0062512358 0.029995637
   vertex -0.082410976 -0.0056255447 0.029996435
   vertex -0.082410976 -0.0056270292 0.029365276
  endloop
 endfacet
 facet normal -1 -2.2180001e-14 5.2169417e-17
  outer loop
   vertex -0.082410976 -0.0062512358 0.029995637
   vertex -0.082410976 -0.0056270292 0.029365276
   vertex -0.082410976 -0.0062530376 0.029363589
  endloop
 endfacet
 facet normal -1 -1.9895128e-08 7.3801194e-06
  outer loop
   vertex -0.082410981 -0.0062568411 0.028724323
   vertex -0.082410976 -0.0062530376 0.029363589
   vertex -0.082410976 -0.0056270292 0.029365276
  endloop
 endfacet
 facet normal -1 -1.9895128e-08 7.3801194e-06
  outer loop
   vertex -0.082410981 -0.0062568411 0.028724323
   vertex -0.082410976 -0.0056270292 0.029365276
   vertex -0.08241099 -0.0056303814 0.028726625
  endloop
 endfacet
 facet normal -1 2.4445162e-08 -3.2322171e-06
  outer loop
   vertex -0.082410974 -0.0075103666 0.028712525
   vertex -0.082410976 -0.007506173 0.029356392
   vertex -0.082410976 -0.0068790627 0.029361135
  endloop
 endfacet
 facet normal -1 2.4445162e-08 -3.2322171e-06
  outer loop
   vertex -0.082410974 -0.0075103666 0.028712525
   vertex -0.082410976 -0.0068790627 0.029361135
   vertex -0.082410973 -0.0068829484 0.028721285
  endloop
 endfacet
 facet normal -1 -2.2340466e-14 4.3977364e-14
  outer loop
   vertex -0.082410976 -0.0062512358 0.029995637
   vertex -0.082410976 -0.0062530376 0.029363589
   vertex -0.082410976 -0.0068790627 0.029361135
  endloop
 endfacet
 facet normal -1 -2.2340466e-14 4.3977364e-14
  outer loop
   vertex -0.082410976 -0.0062512358 0.029995637
   vertex -0.082410976 -0.0068790627 0.029361135
   vertex -0.082410976 -0.006877108 0.02999442
  endloop
 endfacet
 facet normal -1 -1.2685477e-05 -4.9863965e-06
  outer loop
   vertex -0.082410981 -0.0062568411 0.028724323
   vertex -0.082410973 -0.0068829484 0.028721285
   vertex -0.082410976 -0.0068790627 0.029361135
  endloop
 endfacet
 facet normal -1 -1.2685477e-05 -4.9863965e-06
  outer loop
   vertex -0.082410981 -0.0062568411 0.028724323
   vertex -0.082410976 -0.0068790627 0.029361135
   vertex -0.082410976 -0.0062530376 0.029363589
  endloop
 endfacet
 facet normal -0.99999972 -0.00011262044 0.00074165089
  outer loop
   vertex -0.082411471 -0.0062721705 0.027443043
   vertex -0.082411001 -0.0062631157 0.02807792
   vertex -0.082411073 -0.0056364084 0.028076149
  endloop
 endfacet
 facet normal -0.99999972 -0.00011262044 0.00074165089
  outer loop
   vertex -0.082411471 -0.0062721705 0.027443043
   vertex -0.082411073 -0.0056364084 0.028076149
   vertex -0.082411964 -0.0056463746 0.027411289
  endloop
 endfacet
 facet normal -0.99999999 9.8494746e-05 3.6327601e-05
  outer loop
   vertex -0.082410986 -0.0050024402 0.028731394
   vertex -0.08241101 -0.0050067648 0.028087121
   vertex -0.082411073 -0.0056364084 0.028076149
  endloop
 endfacet
 facet normal -0.99999999 9.8494746e-05 3.6327601e-05
  outer loop
   vertex -0.082410986 -0.0050024402 0.028731394
   vertex -0.082411073 -0.0056364084 0.028076149
   vertex -0.08241099 -0.0056303814 0.028726625
  endloop
 endfacet
 facet normal -0.99999999 -1.4415311e-05 0.0001275099
  outer loop
   vertex -0.082410981 -0.0062568411 0.028724323
   vertex -0.08241099 -0.0056303814 0.028726625
   vertex -0.082411073 -0.0056364084 0.028076149
  endloop
 endfacet
 facet normal -0.99999999 -1.4415311e-05 0.0001275099
  outer loop
   vertex -0.082410981 -0.0062568411 0.028724323
   vertex -0.082411073 -0.0056364084 0.028076149
   vertex -0.082411001 -0.0062631157 0.02807792
  endloop
 endfacet
 facet normal 0.00046670974 0.2588387 0.96592045
  outer loop
   vertex -0.087664574 -0.0049444755 0.026390398
   vertex -0.086988298 -0.0049319394 0.026386712
   vertex -0.086985755 -0.004370106 0.026236155
  endloop
 endfacet
 facet normal 0.00046670974 0.2588387 0.96592045
  outer loop
   vertex -0.087664574 -0.0049444755 0.026390398
   vertex -0.086985755 -0.004370106 0.026236155
   vertex -0.087662169 -0.0043821751 0.026239502
  endloop
 endfacet
 facet normal 0.00015972167 0.25891409 0.96590034
  outer loop
   vertex -0.087655487 -0.0038189304 0.026088521
   vertex -0.087662169 -0.0043821751 0.026239502
   vertex -0.086985755 -0.004370106 0.026236155
  endloop
 endfacet
 facet normal 0.00015972167 0.25891409 0.96590034
  outer loop
   vertex -0.087655487 -0.0038189304 0.026088521
   vertex -0.086985755 -0.004370106 0.026236155
   vertex -0.086977971 -0.0038196143 0.026088645
  endloop
 endfacet
 facet normal 7.2080028e-07 0.25882977 0.96592295
  outer loop
   vertex -0.086300014 -0.0038175462 0.02608809
   vertex -0.086977971 -0.0038196143 0.026088645
   vertex -0.086985755 -0.004370106 0.026236155
  endloop
 endfacet
 facet normal 7.2080028e-07 0.25882977 0.96592295
  outer loop
   vertex -0.086300014 -0.0038175462 0.02608809
   vertex -0.086985755 -0.004370106 0.026236155
   vertex -0.086304653 -0.0043660857 0.026235071
  endloop
 endfacet
 facet normal 9.8585253e-06 0.25881956 0.96592569
  outer loop
   vertex -0.086306519 -0.0049281643 0.02638568
   vertex -0.086304653 -0.0043660857 0.026235071
   vertex -0.086985755 -0.004370106 0.026236155
  endloop
 endfacet
 facet normal 9.8585253e-06 0.25881956 0.96592569
  outer loop
   vertex -0.086306519 -0.0049281643 0.02638568
   vertex -0.086985755 -0.004370106 0.026236155
   vertex -0.086988298 -0.0049319394 0.026386712
  endloop
 endfacet
 facet normal 1.2834203e-15 0.25881901 0.96592584
  outer loop
   vertex -0.08563281 -0.0025056434 0.025736567
   vertex -0.086275622 -0.0025086056 0.025737361
   vertex -0.08629004 -0.0029579864 0.025857772
  endloop
 endfacet
 facet normal 1.2834203e-15 0.25881901 0.96592584
  outer loop
   vertex -0.08563281 -0.0025056434 0.025736567
   vertex -0.08629004 -0.0029579864 0.025857772
   vertex -0.085637912 -0.0029560999 0.025857267
  endloop
 endfacet
 facet normal 4.1211056e-16 0.25881901 0.96592584
  outer loop
   vertex -0.086300014 -0.0038175462 0.02608809
   vertex -0.085641999 -0.0038160949 0.026087701
   vertex -0.085637912 -0.0029560999 0.025857267
  endloop
 endfacet
 facet normal 4.1211056e-16 0.25881901 0.96592584
  outer loop
   vertex -0.086300014 -0.0038175462 0.02608809
   vertex -0.085637912 -0.0029560999 0.025857267
   vertex -0.08629004 -0.0029579864 0.025857772
  endloop
 endfacet
 facet normal 1.6340937e-15 0.25881901 0.96592584
  outer loop
   vertex -0.086931148 -0.0025157627 0.025739279
   vertex -0.086956687 -0.0029618491 0.025858807
   vertex -0.08629004 -0.0029579864 0.025857772
  endloop
 endfacet
 facet normal 1.6340937e-15 0.25881901 0.96592584
  outer loop
   vertex -0.086931148 -0.0025157627 0.025739279
   vertex -0.08629004 -0.0029579864 0.025857772
   vertex -0.086275622 -0.0025086056 0.025737361
  endloop
 endfacet
 facet normal 0.00012403228 -0.96586162 0.25905853
  outer loop
   vertex -0.086295216 -0.0009649086 0.029580416
   vertex -0.086960931 -0.00096410971 0.029583713
   vertex -0.086979829 -0.0011981052 0.028711304
  endloop
 endfacet
 facet normal 0.00012403228 -0.96586162 0.25905853
  outer loop
   vertex -0.086295216 -0.0009649086 0.029580416
   vertex -0.086979829 -0.0011981052 0.028711304
   vertex -0.086300795 -0.0011979288 0.028710973
  endloop
 endfacet
 facet normal 0.00012365386 -0.96592512 0.25882166
  outer loop
   vertex -0.086295216 -0.0009649086 0.029580416
   vertex -0.08629574 -0.0008288027 0.030088365
   vertex -0.086961765 -0.00082960948 0.030085672
  endloop
 endfacet
 facet normal 0.00012365386 -0.96592512 0.25882166
  outer loop
   vertex -0.086295216 -0.0009649086 0.029580416
   vertex -0.086961765 -0.00082960948 0.030085672
   vertex -0.086960931 -0.00096410971 0.029583713
  endloop
 endfacet
 facet normal -1.1679598e-15 -0.96592583 0.25881903
  outer loop
   vertex -0.084994097 -0.0014804066 0.027656531
   vertex -0.084993975 -0.0013402116 0.028179746
   vertex -0.085642486 -0.0013402691 0.028179532
  endloop
 endfacet
 facet normal -1.1679598e-15 -0.96592583 0.25881903
  outer loop
   vertex -0.084994097 -0.0014804066 0.027656531
   vertex -0.085642486 -0.0013402691 0.028179532
   vertex -0.085641681 -0.0014804854 0.027656238
  endloop
 endfacet
 facet normal 2.0308414e-05 -0.96592582 0.25881906
  outer loop
   vertex -0.086300149 -0.0014801783 0.027657435
   vertex -0.085641681 -0.0014804854 0.027656238
   vertex -0.085642486 -0.0013402691 0.028179532
  endloop
 endfacet
 facet normal 2.0308414e-05 -0.96592582 0.25881906
  outer loop
   vertex -0.086300149 -0.0014801783 0.027657435
   vertex -0.085642486 -0.0013402691 0.028179532
   vertex -0.086303016 -0.0013403749 0.028179267
  endloop
 endfacet
 facet normal 5.1197564e-05 -0.96593679 0.25877813
  outer loop
   vertex -0.086300795 -0.0011979288 0.028710973
   vertex -0.086303016 -0.0013403749 0.028179267
   vertex -0.085642486 -0.0013402691 0.028179532
  endloop
 endfacet
 facet normal 5.1197564e-05 -0.96593679 0.25877813
  outer loop
   vertex -0.086300795 -0.0011979288 0.028710973
   vertex -0.085642486 -0.0013402691 0.028179532
   vertex -0.085641822 -0.0011978128 0.028711186
  endloop
 endfacet
 facet normal 2.2070241e-15 -0.96592583 0.25881903
  outer loop
   vertex -0.084994707 -0.0011978007 0.028711231
   vertex -0.085641822 -0.0011978128 0.028711186
   vertex -0.085642486 -0.0013402691 0.028179532
  endloop
 endfacet
 facet normal 2.2070241e-15 -0.96592583 0.25881903
  outer loop
   vertex -0.084994707 -0.0011978007 0.028711231
   vertex -0.085642486 -0.0013402691 0.028179532
   vertex -0.084993975 -0.0013402116 0.028179746
  endloop
 endfacet
 facet normal 4.5003427e-07 0.96592584 -0.25881898
  outer loop
   vertex -0.086983941 -0.010691541 0.031917143
   vertex -0.086303377 -0.010691642 0.031916766
   vertex -0.086306333 -0.010923673 0.031050814
  endloop
 endfacet
 facet normal 4.5003427e-07 0.96592584 -0.25881898
  outer loop
   vertex -0.086983941 -0.010691541 0.031917143
   vertex -0.086306333 -0.010923673 0.031050814
   vertex -0.086985084 -0.010923512 0.031051397
  endloop
 endfacet
 facet normal -3.2361592e-06 0.96592515 -0.25882155
  outer loop
   vertex -0.084344283 -0.010691788 0.03191622
   vertex -0.083688812 -0.010691788 0.031916213
   vertex -0.083674212 -0.010924774 0.031046706
  endloop
 endfacet
 facet normal -3.2361592e-06 0.96592515 -0.25882155
  outer loop
   vertex -0.084344283 -0.010691788 0.03191622
   vertex -0.083674212 -0.010924774 0.031046706
   vertex -0.084337814 -0.010924222 0.031048766
  endloop
 endfacet
 facet normal 0.99787144 -0.044897181 -0.047295139
  outer loop
   vertex -0.08241128 0.0023477795 0.051095782
   vertex -0.082411 0.0020226606 0.051410321
   vertex -0.082413302 0.0016708085 0.051695757
  endloop
 endfacet
 facet normal 0.99787144 -0.044897181 -0.047295139
  outer loop
   vertex -0.08241128 0.0023477795 0.051095782
   vertex -0.082413302 0.0016708085 0.051695757
   vertex -0.083109802 0.0016100066 0.051743665
  endloop
 endfacet
 facet normal 0.99787144 -0.044897181 -0.047295139
  outer loop
   vertex -0.08241128 0.0023477795 0.051095782
   vertex -0.083109802 0.0016100066 0.051743665
   vertex -0.083037125 0.0023495625 0.051093748
  endloop
 endfacet
 facet normal 0.00054072794 -0.65766674 -0.75330881
  outer loop
   vertex -0.08371951 0.0015890936 0.051757176
   vertex -0.083685077 0.0023531722 0.051090132
   vertex -0.083037125 0.0023495625 0.051093748
  endloop
 endfacet
 facet normal 0.00054072794 -0.65766674 -0.75330881
  outer loop
   vertex -0.08371951 0.0015890936 0.051757176
   vertex -0.083037125 0.0023495625 0.051093748
   vertex -0.083109802 0.0016100066 0.051743665
  endloop
 endfacet
 facet normal 0.00056968262 -0.66395629 -0.74777117
  outer loop
   vertex -0.087538936 0.0015460818 0.051805548
   vertex -0.087687682 0.0023493597 0.051092193
   vertex -0.086992738 0.0023547698 0.051087919
  endloop
 endfacet
 facet normal 0.00056968262 -0.66395629 -0.74777117
  outer loop
   vertex -0.087538936 0.0015460818 0.051805548
   vertex -0.086992738 0.0023547698 0.051087919
   vertex -0.086929829 0.0015752376 0.051775156
  endloop
 endfacet
 facet normal -0.0070996741 -0.65819358 -0.75281525
  outer loop
   vertex -0.086307236 0.0023595241 0.051083575
   vertex -0.08628292 0.001593243 0.051753313
   vertex -0.086929829 0.0015752376 0.051775156
  endloop
 endfacet
 facet normal -0.0070996741 -0.65819358 -0.75281525
  outer loop
   vertex -0.086307236 0.0023595241 0.051083575
   vertex -0.086929829 0.0015752376 0.051775156
   vertex -0.086992738 0.0023547698 0.051087919
  endloop
 endfacet
 facet normal -0.00015181309 -0.65823931 -0.75280873
  outer loop
   vertex -0.084995415 0.0016015694 0.051745946
   vertex -0.085636455 0.0016024438 0.05174531
   vertex -0.085644351 0.0023612872 0.051081796
  endloop
 endfacet
 facet normal -0.00015181309 -0.65823931 -0.75280873
  outer loop
   vertex -0.084995415 0.0016015694 0.051745946
   vertex -0.085644351 0.0023612872 0.051081796
   vertex -0.084994278 0.0023604801 0.051082632
  endloop
 endfacet
 facet normal -0.00027044544 -0.65808729 -0.75294159
  outer loop
   vertex -0.08628292 0.001593243 0.051753313
   vertex -0.086307236 0.0023595241 0.051083575
   vertex -0.085644351 0.0023612872 0.051081796
  endloop
 endfacet
 facet normal -0.00027044544 -0.65808729 -0.75294159
  outer loop
   vertex -0.08628292 0.001593243 0.051753313
   vertex -0.085644351 0.0023612872 0.051081796
   vertex -0.085636455 0.0016024438 0.05174531
  endloop
 endfacet
 facet normal 4.8756168e-06 -0.96593311 0.25879188
  outer loop
   vertex -0.084343241 0.00050593728 0.035069593
   vertex -0.084346828 0.00065650552 0.035631584
   vertex -0.084995229 0.00065678163 0.035632627
  endloop
 endfacet
 facet normal 4.8756168e-06 -0.96593311 0.25879188
  outer loop
   vertex -0.084343241 0.00050593728 0.035069593
   vertex -0.084995229 0.00065678163 0.035632627
   vertex -0.084993953 0.00050598443 0.035069844
  endloop
 endfacet
 facet normal 8.4101788e-16 0.96592583 -0.25881904
  outer loop
   vertex -0.084994001 -0.0098840106 0.034930888
   vertex -0.084995279 -0.010034826 0.034368036
   vertex -0.08564343 -0.010034803 0.034368121
  endloop
 endfacet
 facet normal 8.4101788e-16 0.96592583 -0.25881904
  outer loop
   vertex -0.084994001 -0.0098840106 0.034930888
   vertex -0.08564343 -0.010034803 0.034368121
   vertex -0.085643691 -0.0098839691 0.034931043
  endloop
 endfacet
 facet normal 4.4494939e-06 0.96592583 -0.25881905
  outer loop
   vertex -0.084994001 -0.0098840106 0.034930888
   vertex -0.084993692 -0.0097457693 0.035446811
   vertex -0.084342888 -0.009745973 0.035446062
  endloop
 endfacet
 facet normal 4.4494939e-06 0.96592583 -0.25881905
  outer loop
   vertex -0.084994001 -0.0098840106 0.034930888
   vertex -0.084342888 -0.009745973 0.035446062
   vertex -0.084343385 -0.0098839447 0.034931138
  endloop
 endfacet
 facet normal 1.6951315e-06 0.96592626 -0.25881741
  outer loop
   vertex -0.084994001 -0.0098840106 0.034930888
   vertex -0.084343385 -0.0098839447 0.034931138
   vertex -0.084346979 -0.010034546 0.034369082
  endloop
 endfacet
 facet normal 1.6951315e-06 0.96592626 -0.25881741
  outer loop
   vertex -0.084994001 -0.0098840106 0.034930888
   vertex -0.084346979 -0.010034546 0.034369082
   vertex -0.084995279 -0.010034826 0.034368036
  endloop
 endfacet
 facet normal -1.311088e-15 0.96592583 -0.25881904
  outer loop
   vertex -0.084994001 -0.0098840106 0.034930888
   vertex -0.085643691 -0.0098839691 0.034931043
   vertex -0.085642996 -0.0097457557 0.035446862
  endloop
 endfacet
 facet normal -1.311088e-15 0.96592583 -0.25881904
  outer loop
   vertex -0.084994001 -0.0098840106 0.034930888
   vertex -0.085642996 -0.0097457557 0.035446862
   vertex -0.084993692 -0.0097457693 0.035446811
  endloop
 endfacet
 facet normal -6.405929e-16 0.96592583 -0.25881904
  outer loop
   vertex -0.085642996 -0.0097457557 0.035446862
   vertex -0.085642889 -0.0095144821 0.036309987
   vertex -0.084995499 -0.0095145395 0.036309773
  endloop
 endfacet
 facet normal -6.405929e-16 0.96592583 -0.25881904
  outer loop
   vertex -0.085642996 -0.0097457557 0.035446862
   vertex -0.084995499 -0.0095145395 0.036309773
   vertex -0.084993692 -0.0097457693 0.035446811
  endloop
 endfacet
 facet normal 4.6512312e-05 -0.96593101 0.25879969
  outer loop
   vertex -0.084993643 0.00036779769 0.034554124
   vertex -0.084342744 0.0003680283 0.034554868
   vertex -0.084343241 0.00050593728 0.035069593
  endloop
 endfacet
 facet normal 4.6512312e-05 -0.96593101 0.25879969
  outer loop
   vertex -0.084993643 0.00036779769 0.034554124
   vertex -0.084343241 0.00050593728 0.035069593
   vertex -0.084993953 0.00050598443 0.035069844
  endloop
 endfacet
 facet normal 8.3977165e-16 -0.96592583 0.25881903
  outer loop
   vertex -0.084995229 0.00065678163 0.035632627
   vertex -0.085643467 0.0006567588 0.035632542
   vertex -0.085643727 0.00050594171 0.035069685
  endloop
 endfacet
 facet normal 8.3977165e-16 -0.96592583 0.25881903
  outer loop
   vertex -0.084995229 0.00065678163 0.035632627
   vertex -0.085643727 0.00050594171 0.035069685
   vertex -0.084993953 0.00050598443 0.035069844
  endloop
 endfacet
 facet normal -2.6725143e-15 -0.96592583 0.25881903
  outer loop
   vertex -0.085643727 0.00050594171 0.035069685
   vertex -0.085643033 0.00036777958 0.034554057
   vertex -0.084993643 0.00036779769 0.034554124
  endloop
 endfacet
 facet normal -2.6725143e-15 -0.96592583 0.25881903
  outer loop
   vertex -0.085643727 0.00050594171 0.035069685
   vertex -0.084993643 0.00036779769 0.034554124
   vertex -0.084993953 0.00050598443 0.035069844
  endloop
 endfacet
 facet normal -7.1789887e-05 0.92052335 -0.39068753
  outer loop
   vertex -0.08434559 -0.0057072442 0.050019094
   vertex -0.084343012 -0.0060494052 0.049212906
   vertex -0.084993634 -0.0060492396 0.049213416
  endloop
 endfacet
 facet normal -7.1789887e-05 0.92052335 -0.39068753
  outer loop
   vertex -0.08434559 -0.0057072442 0.050019094
   vertex -0.084993634 -0.0060492396 0.049213416
   vertex -0.084995148 -0.0057076168 0.050018393
  endloop
 endfacet
 facet normal 0.00011683759 0.78036701 -0.62532177
  outer loop
   vertex -0.084994972 -0.0054516473 0.050446643
   vertex -0.08564601 -0.0054521658 0.050445874
   vertex -0.085644779 -0.0049090147 0.051123697
  endloop
 endfacet
 facet normal 0.00011683759 0.78036701 -0.62532177
  outer loop
   vertex -0.084994972 -0.0054516473 0.050446643
   vertex -0.085644779 -0.0049090147 0.051123697
   vertex -0.084995742 -0.0049089582 0.051123756
  endloop
 endfacet
 facet normal -7.8088152e-05 0.85844939 -0.51289827
  outer loop
   vertex -0.085644411 -0.0057079697 0.050017729
   vertex -0.08564601 -0.0054521658 0.050445874
   vertex -0.084994972 -0.0054516473 0.050446643
  endloop
 endfacet
 facet normal -7.8088152e-05 0.85844939 -0.51289827
  outer loop
   vertex -0.085644411 -0.0057079697 0.050017729
   vertex -0.084994972 -0.0054516473 0.050446643
   vertex -0.084995148 -0.0057076168 0.050018393
  endloop
 endfacet
 facet normal -7.0872205e-05 0.85827041 -0.51319771
  outer loop
   vertex -0.084994972 -0.0054516473 0.050446643
   vertex -0.084343598 -0.0054511735 0.050447345
   vertex -0.08434559 -0.0057072442 0.050019094
  endloop
 endfacet
 facet normal -7.0872205e-05 0.85827041 -0.51319771
  outer loop
   vertex -0.084994972 -0.0054516473 0.050446643
   vertex -0.08434559 -0.0057072442 0.050019094
   vertex -0.084995148 -0.0057076168 0.050018393
  endloop
 endfacet
 facet normal 0.99999997 0.00014748641 -0.00017766914
  outer loop
   vertex -0.088410975 -0.0024447601 0.031860658
   vertex -0.088411076 -0.0017757545 0.031849843
   vertex -0.088410962 -0.0017887883 0.03247754
  endloop
 endfacet
 facet normal 0.99999997 0.00014748641 -0.00017766914
  outer loop
   vertex -0.088410975 -0.0024447601 0.031860658
   vertex -0.088410962 -0.0017887883 0.03247754
   vertex -0.088410975 -0.0024575264 0.032488974
  endloop
 endfacet
 facet normal -0.0010235999 -0.96515932 0.26166091
  outer loop
   vertex -0.0876678 -0.00016848839 0.032554869
   vertex -0.088409539 -0.00018495903 0.032491214
   vertex -0.088140203 -0.00029569475 0.032083809
  endloop
 endfacet
 facet normal -0.0010235999 -0.96515932 0.26166091
  outer loop
   vertex -0.0876678 -0.00016848839 0.032554869
   vertex -0.088140203 -0.00029569475 0.032083809
   vertex -0.087639601 -0.00029842039 0.032069866
  endloop
 endfacet
 facet normal -0.0055719653 -0.96590855 0.25882354
  outer loop
   vertex -0.088140203 -0.00029569475 0.032083809
   vertex -0.088410034 -0.00037019261 0.03179998
   vertex -0.088409091 -0.00053682121 0.031178156
  endloop
 endfacet
 facet normal -0.0055719653 -0.96590855 0.25882354
  outer loop
   vertex -0.088140203 -0.00029569475 0.032083809
   vertex -0.088409091 -0.00053682121 0.031178156
   vertex -0.087656927 -0.00053242574 0.031199863
  endloop
 endfacet
 facet normal -0.0055719653 -0.96590855 0.25882354
  outer loop
   vertex -0.088140203 -0.00029569475 0.032083809
   vertex -0.087656927 -0.00053242574 0.031199863
   vertex -0.087639601 -0.00029842039 0.032069866
  endloop
 endfacet
 facet normal 0.9999959 -0.0025917724 -0.0012184822
  outer loop
   vertex -0.088409669 -0.0016830245 0.029946821
   vertex -0.088408876 -0.0016695883 0.030568954
   vertex -0.088410728 -0.002397279 0.030597283
  endloop
 endfacet
 facet normal 0.9999959 -0.0025917724 -0.0012184822
  outer loop
   vertex -0.088409669 -0.0016830245 0.029946821
   vertex -0.088410728 -0.002397279 0.030597283
   vertex -0.088410824 -0.0023954079 0.029971787
  endloop
 endfacet
 facet normal 0.99999992 -0.0001744495 0.00037022696
  outer loop
   vertex -0.088410987 -0.0075656898 0.038141099
   vertex -0.088411107 -0.0082309006 0.038151581
   vertex -0.088410887 -0.0082714399 0.037540373
  endloop
 endfacet
 facet normal 0.99999992 -0.0001744495 0.00037022696
  outer loop
   vertex -0.088410987 -0.0075656898 0.038141099
   vertex -0.088410887 -0.0082714399 0.037540373
   vertex -0.088410984 -0.0075705057 0.037518216
  endloop
 endfacet
 facet normal 0.99999635 -0.00048683061 -0.0026564322
  outer loop
   vertex -0.088409596 -0.0084791622 0.040095004
   vertex -0.088411289 -0.0082261636 0.039411143
   vertex -0.08841101 -0.0075909527 0.039399668
  endloop
 endfacet
 facet normal 0.99999635 -0.00048683061 -0.0026564322
  outer loop
   vertex -0.088409596 -0.0084791622 0.040095004
   vertex -0.08841101 -0.0075909527 0.039399668
   vertex -0.08841087 -0.0076409672 0.040038698
  endloop
 endfacet
 facet normal 0.9999999 -0.00028076063 0.00033914699
  outer loop
   vertex -0.088410976 7.4312109e-05 0.039356183
   vertex -0.088410775 0.00076702247 0.039336209
   vertex -0.088411008 0.00071049931 0.039977209
  endloop
 endfacet
 facet normal 0.9999999 -0.00028076063 0.00033914699
  outer loop
   vertex -0.088410976 7.4312109e-05 0.039356183
   vertex -0.088411008 0.00071049931 0.039977209
   vertex -0.088410982 5.1532827e-05 0.039986636
  endloop
 endfacet
 facet normal 0.99997768 0.00094092107 0.0066141138
  outer loop
   vertex -0.088407197 0.0010521136 0.037385975
   vertex -0.088411546 0.00078043714 0.038082118
   vertex -0.088411009 0.00011956063 0.038094943
  endloop
 endfacet
 facet normal 0.99997768 0.00094092107 0.0066141138
  outer loop
   vertex -0.088407197 0.0010521136 0.037385975
   vertex -0.088411009 0.00011956063 0.038094943
   vertex -0.088410351 0.00018298573 0.037450939
  endloop
 endfacet
 facet normal -7.1264988e-07 0.96592534 -0.25882085
  outer loop
   vertex -0.087662234 -0.0080367387 0.041824998
   vertex -0.088410979 -0.0080257105 0.041866158
   vertex -0.088135911 -0.0079097108 0.042299071
  endloop
 endfacet
 facet normal -7.1264988e-07 0.96592534 -0.25882085
  outer loop
   vertex -0.087662234 -0.0080367387 0.041824998
   vertex -0.088135911 -0.0079097108 0.042299071
   vertex -0.087633592 -0.0079038497 0.042320948
  endloop
 endfacet
 facet normal 0.99999837 0.00061407461 0.0016950389
  outer loop
   vertex -0.088411072 -0.0076185412 0.040654228
   vertex -0.088410688 -0.0083409602 0.040689611
   vertex -0.088409596 -0.0084791622 0.040095004
  endloop
 endfacet
 facet normal 0.99999837 0.00061407461 0.0016950389
  outer loop
   vertex -0.088411072 -0.0076185412 0.040654228
   vertex -0.088409596 -0.0084791622 0.040095004
   vertex -0.08841087 -0.0076409672 0.040038698
  endloop
 endfacet
 facet normal -0.00015365042 -0.96592617 0.25881773
  outer loop
   vertex -0.087664333 0.0024959027 0.042496777
   vertex -0.08841067 0.0024860605 0.042459602
   vertex -0.088409539 0.0023314595 0.04188262
  endloop
 endfacet
 facet normal -0.00015365042 -0.96592617 0.25881773
  outer loop
   vertex -0.087664333 0.0024959027 0.042496777
   vertex -0.088409539 0.0023314595 0.04188262
   vertex -0.087666447 0.0023449378 0.041934207
  endloop
 endfacet
 facet normal 0.9999943 -0.0032152439 0.0010274516
  outer loop
   vertex -0.088411238 0.0019879905 0.04246161
   vertex -0.088409596 0.0022768901 0.041767208
   vertex -0.088409539 0.0023314595 0.04188262
  endloop
 endfacet
 facet normal 0.9999943 -0.0032152439 0.0010274516
  outer loop
   vertex -0.088411238 0.0019879905 0.04246161
   vertex -0.088409539 0.0023314595 0.04188262
   vertex -0.08841067 0.0024860605 0.042459602
  endloop
 endfacet
 facet normal 1 1.0807146e-05 -3.0388524e-05
  outer loop
   vertex -0.088411008 0.00071049931 0.039977209
   vertex -0.088410988 0.00068901569 0.040608281
   vertex -0.088410981 3.7370955e-05 0.040615372
  endloop
 endfacet
 facet normal 1 1.0807146e-05 -3.0388524e-05
  outer loop
   vertex -0.088411008 0.00071049931 0.039977209
   vertex -0.088410981 3.7370955e-05 0.040615372
   vertex -0.088410982 5.1532827e-05 0.039986636
  endloop
 endfacet
 facet normal 1 3.5382041e-06 -2.1773234e-06
  outer loop
   vertex -0.088410981 3.1405039e-05 0.041867028
   vertex -0.088410983 0.0006957851 0.041856784
   vertex -0.088410982 0.00068019393 0.042485505
  endloop
 endfacet
 facet normal 1 3.5382041e-06 -2.1773234e-06
  outer loop
   vertex -0.088410981 3.1405039e-05 0.041867028
   vertex -0.088410982 0.00068019393 0.042485505
   vertex -0.088410981 2.5334361e-05 0.042493437
  endloop
 endfacet
 facet normal 0.9999998 -0.0003302263 0.0005342011
  outer loop
   vertex -0.088410853 -0.0075411337 0.027975653
   vertex -0.088411067 -0.0081582281 0.027995027
   vertex -0.088410688 -0.0081957237 0.027261225
  endloop
 endfacet
 facet normal 0.9999998 -0.0003302263 0.0005342011
  outer loop
   vertex -0.088410853 -0.0075411337 0.027975653
   vertex -0.088410688 -0.0081957237 0.027261225
   vertex -0.088409596 -0.00760083 0.027124094
  endloop
 endfacet
 facet normal 0.99999966 -0.00082191626 -3.2914471e-05
  outer loop
   vertex -0.088411547 -0.010070825 0.02932371
   vertex -0.088411019 -0.0094285138 0.02929991
   vertex -0.088411004 -0.0094365247 0.029979143
  endloop
 endfacet
 facet normal 0.99999966 -0.00082191626 -3.2914471e-05
  outer loop
   vertex -0.088411547 -0.010070825 0.02932371
   vertex -0.088411004 -0.0094365247 0.029979143
   vertex -0.088411208 -0.010095743 0.029998179
  endloop
 endfacet
 facet normal 1 -2.4858352e-07 -1.6888431e-08
  outer loop
   vertex -0.088410981 -0.0081414446 0.029980161
   vertex -0.088410981 -0.0081437116 0.029327048
   vertex -0.088410981 -0.0075117969 0.029337473
  endloop
 endfacet
 facet normal 1 -2.4858352e-07 -1.6888431e-08
  outer loop
   vertex -0.088410981 -0.0081414446 0.029980161
   vertex -0.088410981 -0.0075117969 0.029337473
   vertex -0.088410981 -0.0075079571 0.029984639
  endloop
 endfacet
 facet normal -0.00011228275 0.25901654 0.96587288
  outer loop
   vertex -0.087627669 -0.0098299417 0.027699299
   vertex -0.087658515 -0.0093313886 0.027565599
   vertex -0.088410895 -0.0093722714 0.027576475
  endloop
 endfacet
 facet normal -0.00011228275 0.25901654 0.96587288
  outer loop
   vertex -0.087627669 -0.0098299417 0.027699299
   vertex -0.088410895 -0.0093722714 0.027576475
   vertex -0.088132486 -0.0098058345 0.027693044
  endloop
 endfacet
 facet normal 0.99999547 -0.0030008218 0.00021733925
  outer loop
   vertex -0.088407951 -0.0015477345 0.027405557
   vertex -0.088407781 -0.0014471659 0.028010781
   vertex -0.08841045 -0.0023333528 0.028055887
  endloop
 endfacet
 facet normal 0.99999547 -0.0030008218 0.00021733925
  outer loop
   vertex -0.088407951 -0.0015477345 0.027405557
   vertex -0.08841045 -0.0023333528 0.028055887
   vertex -0.088412142 -0.0023944898 0.027414329
  endloop
 endfacet
 facet normal 0.99998664 0.001946057 -0.0047886494
  outer loop
   vertex -0.088411135 -0.0024034027 0.029347836
   vertex -0.08841246 -0.0017410974 0.029340402
   vertex -0.088409669 -0.0016830245 0.029946821
  endloop
 endfacet
 facet normal 0.99998664 0.001946057 -0.0047886494
  outer loop
   vertex -0.088411135 -0.0024034027 0.029347836
   vertex -0.088409669 -0.0016830245 0.029946821
   vertex -0.088410824 -0.0023954079 0.029971787
  endloop
 endfacet
 facet normal 0.99999496 0.001200627 -0.0029395701
  outer loop
   vertex -0.088410805 -0.01014713 0.0306556
   vertex -0.088409595 -0.010989853 0.030722868
   vertex -0.088411939 -0.010727364 0.030032783
  endloop
 endfacet
 facet normal 0.99999496 0.001200627 -0.0029395701
  outer loop
   vertex -0.088410805 -0.01014713 0.0306556
   vertex -0.088411939 -0.010727364 0.030032783
   vertex -0.088411208 -0.010095743 0.029998179
  endloop
 endfacet
 facet normal -1.4380854e-05 0.96592606 -0.25881817
  outer loop
   vertex -0.087662297 -0.010692197 0.031914649
   vertex -0.088410943 -0.010686296 0.031936716
   vertex -0.088410979 -0.010536929 0.032494164
  endloop
 endfacet
 facet normal -1.4380854e-05 0.96592606 -0.25881817
  outer loop
   vertex -0.087662297 -0.010692197 0.031914649
   vertex -0.088410979 -0.010536929 0.032494164
   vertex -0.087660894 -0.010548028 0.032452739
  endloop
 endfacet
 facet normal 0.99999155 -0.0032784897 -0.0024818999
  outer loop
   vertex -0.088411939 -0.010727364 0.030032783
   vertex -0.0884135 -0.010696927 0.029363801
   vertex -0.088411547 -0.010070825 0.02932371
  endloop
 endfacet
 facet normal 0.99999155 -0.0032784897 -0.0024818999
  outer loop
   vertex -0.088411939 -0.010727364 0.030032783
   vertex -0.088411547 -0.010070825 0.02932371
   vertex -0.088411208 -0.010095743 0.029998179
  endloop
 endfacet
 facet normal 1 0 0
  outer loop
   vertex -0.088410981 -0.0025102225 0.051964157
   vertex -0.088410981 -0.0018889887 0.051999462
   vertex -0.088410981 -0.0019402461 0.052627931
  endloop
 endfacet
 facet normal 1 0 0
  outer loop
   vertex -0.088410981 -0.0025102225 0.051964157
   vertex -0.088410981 -0.0019402461 0.052627931
   vertex -0.088410981 -0.0025180437 0.052517488
  endloop
 endfacet
 facet normal 0.99999999 -0.00014806602 3.7538794e-05
  outer loop
   vertex -0.088410909 4.2557599e-05 0.050722524
   vertex -0.088411004 -0.00060601318 0.050700673
   vertex -0.088410981 -0.00061285284 0.050037586
  endloop
 endfacet
 facet normal 0.99999999 -0.00014806602 3.7538794e-05
  outer loop
   vertex -0.088410909 4.2557599e-05 0.050722524
   vertex -0.088410981 -0.00061285284 0.050037586
   vertex -0.088410967 2.6550975e-05 0.050051606
  endloop
 endfacet
 facet normal 1 0 0
  outer loop
   vertex -0.088410981 -0.0018766371 0.050026899
   vertex -0.088410981 -0.0018775059 0.050684067
   vertex -0.088410981 -0.002509398 0.050679869
  endloop
 endfacet
 facet normal 1 0 0
  outer loop
   vertex -0.088410981 -0.0018766371 0.050026899
   vertex -0.088410981 -0.002509398 0.050679869
   vertex -0.088410981 -0.0025076632 0.050026519
  endloop
 endfacet
 facet normal 0.99999905 0.0013615361 0.00019501622
  outer loop
   vertex -0.088412203 -0.00056506173 0.052613741
   vertex -0.088412034 -0.00060228997 0.052005592
   vertex -0.088412884 2.5475275e-05 0.051980879
  endloop
 endfacet
 facet normal 0.99999905 0.0013615361 0.00019501622
  outer loop
   vertex -0.088412203 -0.00056506173 0.052613741
   vertex -0.088412884 2.5475275e-05 0.051980879
   vertex -0.088410981 -5.3959989e-08 0.052497956
  endloop
 endfacet
 facet normal 0.99999964 -0.00058163795 -0.00062149172
  outer loop
   vertex -0.088410946 0.00067360051 0.050072272
   vertex -0.088410495 0.00070973041 0.050765057
   vertex -0.088410909 4.2557599e-05 0.050722524
  endloop
 endfacet
 facet normal 0.99999964 -0.00058163795 -0.00062149172
  outer loop
   vertex -0.088410946 0.00067360051 0.050072272
   vertex -0.088410909 4.2557599e-05 0.050722524
   vertex -0.088410967 2.6550975e-05 0.050051606
  endloop
 endfacet
 facet normal 0.99998728 -0.0042966599 0.0026417999
  outer loop
   vertex -0.088410332 0.0026511462 0.050740783
   vertex -0.088413278 0.0019502085 0.050715912
   vertex -0.088411592 0.0019401868 0.05006128
  endloop
 endfacet
 facet normal 0.99998728 -0.0042966599 0.0026417999
  outer loop
   vertex -0.088410332 0.0026511462 0.050740783
   vertex -0.088411592 0.0019401868 0.05006128
   vertex -0.088412127 0.0025396372 0.050029105
  endloop
 endfacet
 facet normal 0.99998102 0.00014988683 -0.006159724
  outer loop
   vertex -0.088412884 2.5475275e-05 0.051980879
   vertex -0.088413186 0.00066421706 0.051947397
   vertex -0.088410978 0.00057779942 0.052303746
  endloop
 endfacet
 facet normal 0.99998102 0.00014988683 -0.006159724
  outer loop
   vertex -0.088412884 2.5475275e-05 0.051980879
   vertex -0.088410978 0.00057779942 0.052303746
   vertex -0.088410981 -5.3959989e-08 0.052497956
  endloop
 endfacet
 facet normal 1 -2.1144591e-14 2.2062425e-14
  outer loop
   vertex -0.088410981 -0.0075187402 0.033129687
   vertex -0.088410981 -0.0081686136 0.033135874
   vertex -0.088410981 -0.0081654173 0.032509913
  endloop
 endfacet
 facet normal 1 -2.1144591e-14 2.2062425e-14
  outer loop
   vertex -0.088410981 -0.0075187402 0.033129687
   vertex -0.088410981 -0.0081654173 0.032509913
   vertex -0.088410981 -0.0075162303 0.032503911
  endloop
 endfacet
 facet normal -0.00017393971 0.96582938 -0.25917865
  outer loop
   vertex -0.087662494 -0.0098805326 0.034942577
   vertex -0.087660684 -0.010030356 0.034384257
   vertex -0.088410659 -0.010019715 0.034424416
  endloop
 endfacet
 facet normal -0.00017393971 0.96582938 -0.25917865
  outer loop
   vertex -0.087662494 -0.0098805326 0.034942577
   vertex -0.088410659 -0.010019715 0.034424416
   vertex -0.088409539 -0.0098698153 0.034983843
  endloop
 endfacet
 facet normal 0.99999772 0.0010549998 -0.0018588987
  outer loop
   vertex -0.088410659 -0.010019715 0.034424416
   vertex -0.088411221 -0.0095001736 0.034417172
   vertex -0.088409596 -0.0098089655 0.035116387
  endloop
 endfacet
 facet normal 0.99999772 0.0010549998 -0.0018588987
  outer loop
   vertex -0.088410659 -0.010019715 0.034424416
   vertex -0.088409596 -0.0098089655 0.035116387
   vertex -0.088409539 -0.0098698153 0.034983843
  endloop
 endfacet
 facet normal 1 -1.2886959e-06 5.4527574e-07
  outer loop
   vertex -0.088410982 -0.0082047521 0.035020632
   vertex -0.088410982 -0.0081869861 0.034391337
   vertex -0.088410981 -0.0075287368 0.034382476
  endloop
 endfacet
 facet normal 1 -1.2886959e-06 5.4527574e-07
  outer loop
   vertex -0.088410982 -0.0082047521 0.035020632
   vertex -0.088410981 -0.0075287368 0.034382476
   vertex -0.088410981 -0.007535832 0.035009164
  endloop
 endfacet
 facet normal 1 1.0480015e-05 8.3286352e-06
  outer loop
   vertex -0.088410981 -0.0095596945 0.032549231
   vertex -0.088410986 -0.0095221755 0.033161826
   vertex -0.088410978 -0.010341566 0.033223267
  endloop
 endfacet
 facet normal 1 1.0480015e-05 8.3286352e-06
  outer loop
   vertex -0.088410981 -0.0095596945 0.032549231
   vertex -0.088410978 -0.010341566 0.033223267
   vertex -0.088410981 -0.010499599 0.032633448
  endloop
 endfacet
 facet normal 1 5.2001956e-17 4.4400661e-14
  outer loop
   vertex -0.088410981 -0.0024958118 0.038123979
   vertex -0.088410981 -0.0031238094 0.038124714
   vertex -0.088410981 -0.0031233552 0.037499597
  endloop
 endfacet
 facet normal 1 5.2001956e-17 4.4400661e-14
  outer loop
   vertex -0.088410981 -0.0024958118 0.038123979
   vertex -0.088410981 -0.0031233552 0.037499597
   vertex -0.088410981 -0.0024944279 0.037498623
  endloop
 endfacet
 facet normal 1 -0 0
  outer loop
   vertex -0.088410981 -0.0050039447 0.039375985
   vertex -0.088410981 -0.0043761768 0.039375289
   vertex -0.088410981 -0.0043768645 0.040000448
  endloop
 endfacet
 facet normal 1 -0 0
  outer loop
   vertex -0.088410981 -0.0050039447 0.039375985
   vertex -0.088410981 -0.0043768645 0.040000448
   vertex -0.088410981 -0.0050059041 0.040001444
  endloop
 endfacet
 facet normal 1 -2.2167773e-14 -2.2209009e-14
  outer loop
   vertex -0.088410981 -0.0043752669 0.037500068
   vertex -0.088410981 -0.0043754384 0.038125111
   vertex -0.088410981 -0.0050018223 0.03812546
  endloop
 endfacet
 facet normal 1 -2.2167773e-14 -2.2209009e-14
  outer loop
   vertex -0.088410981 -0.0043752669 0.037500068
   vertex -0.088410981 -0.0050018223 0.03812546
   vertex -0.088410981 -0.0050013632 0.037500344
  endloop
 endfacet
 facet normal 1 -1.1958488e-17 -2.220238e-14
  outer loop
   vertex -0.088410981 -0.0031248346 0.039999959
   vertex -0.088410981 -0.0031245772 0.039374901
   vertex -0.088410981 -0.0024981842 0.039374563
  endloop
 endfacet
 facet normal 1 -1.1958488e-17 -2.220238e-14
  outer loop
   vertex -0.088410981 -0.0031248346 0.039999959
   vertex -0.088410981 -0.0024981842 0.039374563
   vertex -0.088410981 -0.0024989156 0.039999735
  endloop
 endfacet
 facet normal 1 -4.1725699e-17 -2.219996e-14
  outer loop
   vertex -0.088410981 -0.0031233552 0.037499597
   vertex -0.088410981 -0.0031228819 0.03687447
   vertex -0.088410981 -0.0024931801 0.036873286
  endloop
 endfacet
 facet normal 1 -4.1725699e-17 -2.219996e-14
  outer loop
   vertex -0.088410981 -0.0031233552 0.037499597
   vertex -0.088410981 -0.0024931801 0.036873286
   vertex -0.088410981 -0.0024944279 0.037498623
  endloop
 endfacet
 facet normal 1 2.2177359e-14 -2.2197596e-14
  outer loop
   vertex -0.088410981 -0.0043746834 0.034999921
   vertex -0.088410981 -0.0043748381 0.03562496
   vertex -0.088410981 -0.0050004477 0.035625114
  endloop
 endfacet
 facet normal 1 2.2177359e-14 -2.2197596e-14
  outer loop
   vertex -0.088410981 -0.0043746834 0.034999921
   vertex -0.088410981 -0.0050004477 0.035625114
   vertex -0.088410981 -0.0050002916 0.035000074
  endloop
 endfacet
 facet normal 1 2.1869195e-14 -2.2147934e-14
  outer loop
   vertex -0.088410981 -0.0024885075 0.035622033
   vertex -0.088410981 -0.0031210975 0.035624
   vertex -0.088410981 -0.0031198075 0.034998678
  endloop
 endfacet
 facet normal 1 2.1869195e-14 -2.2147934e-14
  outer loop
   vertex -0.088410981 -0.0024885075 0.035622033
   vertex -0.088410981 -0.0031198075 0.034998678
   vertex -0.088410981 -0.0024852115 0.034996222
  endloop
 endfacet
 facet normal 1 -0 0
  outer loop
   vertex -0.088410981 -0.0050009863 0.036875251
   vertex -0.088410981 -0.004375126 0.036875032
   vertex -0.088410981 -0.0043752669 0.037500068
  endloop
 endfacet
 facet normal 1 -0 0
  outer loop
   vertex -0.088410981 -0.0050009863 0.036875251
   vertex -0.088410981 -0.0043752669 0.037500068
   vertex -0.088410981 -0.0050013632 0.037500344
  endloop
 endfacet
 facet normal 1 -1.7116649e-06 4.5435589e-06
  outer loop
   vertex -0.088410979 -0.0031065834 0.032495207
   vertex -0.088410976 -0.003099382 0.031868279
   vertex -0.088410975 -0.0024447601 0.031860658
  endloop
 endfacet
 facet normal 1 -1.7116649e-06 4.5435589e-06
  outer loop
   vertex -0.088410979 -0.0031065834 0.032495207
   vertex -0.088410975 -0.0024447601 0.031860658
   vertex -0.088410975 -0.0024575264 0.032488974
  endloop
 endfacet
 facet normal 1 2.2068213e-14 2.2130774e-14
  outer loop
   vertex -0.088410981 -0.0043679265 0.029994487
   vertex -0.088410981 -0.0043686527 0.030622292
   vertex -0.088410981 -0.0049983736 0.030623152
  endloop
 endfacet
 facet normal 1 2.2068213e-14 2.2130774e-14
  outer loop
   vertex -0.088410981 -0.0043679265 0.029994487
   vertex -0.088410981 -0.0049983736 0.030623152
   vertex -0.088410981 -0.0049986702 0.029994824
  endloop
 endfacet
 facet normal 1 2.1989383e-17 2.2191874e-14
  outer loop
   vertex -0.088410981 -0.004999127 0.031874688
   vertex -0.088410981 -0.0043716599 0.031874067
   vertex -0.088410981 -0.0043728316 0.032499422
  endloop
 endfacet
 facet normal 1 2.1989383e-17 2.2191874e-14
  outer loop
   vertex -0.088410981 -0.004999127 0.031874688
   vertex -0.088410981 -0.0043728316 0.032499422
   vertex -0.088410981 -0.0049995034 0.032499851
  endloop
 endfacet
 facet normal 0.99999995 -0.00032135667 -1.395135e-05
  outer loop
   vertex -0.088410728 -0.002397279 0.030597283
   vertex -0.088410946 -0.0030783757 0.030612232
   vertex -0.088410954 -0.0030743171 0.029985199
  endloop
 endfacet
 facet normal 0.99999995 -0.00032135667 -1.395135e-05
  outer loop
   vertex -0.088410728 -0.002397279 0.030597283
   vertex -0.088410954 -0.0030743171 0.029985199
   vertex -0.088410824 -0.0023954079 0.029971787
  endloop
 endfacet
 facet normal 1 1.4701058e-06 3.0990464e-05
  outer loop
   vertex -0.088410962 -0.0017887883 0.03247754
   vertex -0.088410982 -0.0018116041 0.03310819
   vertex -0.088410981 -0.0024692308 0.033116921
  endloop
 endfacet
 facet normal 1 1.4701058e-06 3.0990464e-05
  outer loop
   vertex -0.088410962 -0.0017887883 0.03247754
   vertex -0.088410981 -0.0024692308 0.033116921
   vertex -0.088410975 -0.0024575264 0.032488974
  endloop
 endfacet
 facet normal 0.99999975 -0.00054508297 -0.00044877482
  outer loop
   vertex -0.0884108 -0.00045986227 0.034954666
   vertex -0.088411095 -0.0004976736 0.034342851
   vertex -0.088410687 0.00029668626 0.034288759
  endloop
 endfacet
 facet normal 0.99999975 -0.00054508297 -0.00044877482
  outer loop
   vertex -0.0884108 -0.00045986227 0.034954666
   vertex -0.088410687 0.00029668626 0.034288759
   vertex -0.088409596 0.00043110024 0.034884381
  endloop
 endfacet
 facet normal 1 9.61038e-08 -1.3938843e-08
  outer loop
   vertex -0.088410981 -0.0024824294 0.03437051
   vertex -0.088410981 -0.0018349939 0.034364851
   vertex -0.088410981 -0.0018384783 0.034990633
  endloop
 endfacet
 facet normal 1 9.61038e-08 -1.3938843e-08
  outer loop
   vertex -0.088410981 -0.0024824294 0.03437051
   vertex -0.088410981 -0.0018384783 0.034990633
   vertex -0.088410981 -0.0024852115 0.034996222
  endloop
 endfacet
 facet normal -0.00018889346 -0.9657266 0.25956136
  outer loop
   vertex -0.0876678 -0.00016848839 0.032554869
   vertex -0.087665902 -1.6013738e-05 0.033122169
   vertex -0.088410678 -2.5157363e-05 0.033087607
  endloop
 endfacet
 facet normal -0.00018889346 -0.9657266 0.25956136
  outer loop
   vertex -0.0876678 -0.00016848839 0.032554869
   vertex -0.088410678 -2.5157363e-05 0.033087607
   vertex -0.088409539 -0.00018495903 0.032491214
  endloop
 endfacet
 facet normal 0.99999737 -0.0012311565 0.0019343021
  outer loop
   vertex -0.088410678 -2.5157363e-05 0.033087607
   vertex -0.088411242 -0.00049357281 0.033081019
   vertex -0.088409596 -0.00023380141 0.032395072
  endloop
 endfacet
 facet normal 0.99999737 -0.0012311565 0.0019343021
  outer loop
   vertex -0.088410678 -2.5157363e-05 0.033087607
   vertex -0.088409596 -0.00023380141 0.032395072
   vertex -0.088409539 -0.00018495903 0.032491214
  endloop
 endfacet
 facet normal 1 1.4711591e-08 3.1124233e-06
  outer loop
   vertex -0.088410981 -0.0024692308 0.033116921
   vertex -0.088410981 -0.0031121712 0.033121646
   vertex -0.088410979 -0.0031065834 0.032495207
  endloop
 endfacet
 facet normal 1 1.4711591e-08 3.1124233e-06
  outer loop
   vertex -0.088410981 -0.0024692308 0.033116921
   vertex -0.088410979 -0.0031065834 0.032495207
   vertex -0.088410975 -0.0024575264 0.032488974
  endloop
 endfacet
 facet normal 1 2.2187181e-14 2.2209525e-14
  outer loop
   vertex -0.088410981 -0.0050001428 0.034375036
   vertex -0.088410981 -0.0043744902 0.03437487
   vertex -0.088410981 -0.0043746834 0.034999921
  endloop
 endfacet
 facet normal 1 2.2187181e-14 2.2209525e-14
  outer loop
   vertex -0.088410981 -0.0050001428 0.034375036
   vertex -0.088410981 -0.0043746834 0.034999921
   vertex -0.088410981 -0.0050002916 0.035000074
  endloop
 endfacet
 facet normal 1 -1.0325763e-17 -2.2196594e-14
  outer loop
   vertex -0.088410981 -0.0043728316 0.032499422
   vertex -0.088410981 -0.0043736444 0.033124644
   vertex -0.088410981 -0.0049997737 0.033124935
  endloop
 endfacet
 facet normal 1 -1.0325763e-17 -2.2196594e-14
  outer loop
   vertex -0.088410981 -0.0043728316 0.032499422
   vertex -0.088410981 -0.0049997737 0.033124935
   vertex -0.088410981 -0.0049995034 0.032499851
  endloop
 endfacet
 facet normal 1 -2.1821447e-14 -4.8910708e-17
  outer loop
   vertex -0.088410981 -0.0031198075 0.034998678
   vertex -0.088410981 -0.0031184058 0.034373312
   vertex -0.088410981 -0.0024824294 0.03437051
  endloop
 endfacet
 facet normal 1 -2.1821447e-14 -4.8910708e-17
  outer loop
   vertex -0.088410981 -0.0031198075 0.034998678
   vertex -0.088410981 -0.0024824294 0.03437051
   vertex -0.088410981 -0.0024852115 0.034996222
  endloop
 endfacet
 facet normal 0.99999998 -4.2763554e-05 -0.00019258085
  outer loop
   vertex -0.088410887 -0.0082714399 0.037540373
   vertex -0.088411008 -0.0082193216 0.036900529
   vertex -0.088410982 -0.0075543412 0.036889332
  endloop
 endfacet
 facet normal 0.99999998 -4.2763554e-05 -0.00019258085
  outer loop
   vertex -0.088410887 -0.0082714399 0.037540373
   vertex -0.088410982 -0.0075543412 0.036889332
   vertex -0.088410984 -0.0075705057 0.037518216
  endloop
 endfacet
 facet normal -0.00050350355 0.96563411 -0.25990482
  outer loop
   vertex -0.087662494 -0.0098805326 0.034942577
   vertex -0.088409539 -0.0098698153 0.034983843
   vertex -0.088136248 -0.0097535859 0.035415145
  endloop
 endfacet
 facet normal -0.00050350355 0.96563411 -0.25990482
  outer loop
   vertex -0.087662494 -0.0098805326 0.034942577
   vertex -0.088136248 -0.0097535859 0.035415145
   vertex -0.087635388 -0.0097486611 0.035435648
  endloop
 endfacet
 facet normal 1 -7.7794311e-06 6.572889e-06
  outer loop
   vertex -0.088410981 -0.0075379449 0.03563455
   vertex -0.088410986 -0.0081999125 0.03564346
   vertex -0.088410982 -0.0082047521 0.035020632
  endloop
 endfacet
 facet normal 1 -7.7794311e-06 6.572889e-06
  outer loop
   vertex -0.088410981 -0.0075379449 0.03563455
   vertex -0.088410982 -0.0082047521 0.035020632
   vertex -0.088410981 -0.007535832 0.035009164
  endloop
 endfacet
 facet normal -0.00082134394 -0.9659276 0.25881111
  outer loop
   vertex -0.087661022 0.00065183742 0.035616591
   vertex -0.088410219 0.0006417032 0.035576391
   vertex -0.088409539 0.00049180922 0.035016963
  endloop
 endfacet
 facet normal -0.00082134394 -0.9659276 0.25881111
  outer loop
   vertex -0.087661022 0.00065183742 0.035616591
   vertex -0.088409539 0.00049180922 0.035016963
   vertex -0.087662854 0.00050233018 0.035058195
  endloop
 endfacet
 facet normal 0.99998053 -0.0062136805 0.00057156214
  outer loop
   vertex -0.088412517 0.00014547608 0.036838551
   vertex -0.0884074 0.00096346942 0.036777563
   vertex -0.088407197 0.0010521136 0.037385975
  endloop
 endfacet
 facet normal 0.99998053 -0.0062136805 0.00057156214
  outer loop
   vertex -0.088412517 0.00014547608 0.036838551
   vertex -0.088407197 0.0010521136 0.037385975
   vertex -0.088410351 0.00018298573 0.037450939
  endloop
 endfacet
 facet normal 0.00096009601 -0.96667405 0.25600851
  outer loop
   vertex -0.087635727 0.00037067009 0.034565212
   vertex -0.088136522 0.00037561132 0.034585747
   vertex -0.088410687 0.00029668626 0.034288759
  endloop
 endfacet
 facet normal 0.00096009601 -0.96667405 0.25600851
  outer loop
   vertex -0.087635727 0.00037067009 0.034565212
   vertex -0.088410687 0.00029668626 0.034288759
   vertex -0.088410905 0.00013007342 0.033666931
  endloop
 endfacet
 facet normal 0.00096009601 -0.96667405 0.25600851
  outer loop
   vertex -0.087635727 0.00037067009 0.034565212
   vertex -0.088410905 0.00013007342 0.033666931
   vertex -0.087660405 0.00013582527 0.033688491
  endloop
 endfacet
 facet normal 0.0011725954 -0.9653713 0.26087712
  outer loop
   vertex -0.088409539 0.00049180922 0.035016963
   vertex -0.088136522 0.00037561132 0.034585747
   vertex -0.087635727 0.00037067009 0.034565212
  endloop
 endfacet
 facet normal 0.0011725954 -0.9653713 0.26087712
  outer loop
   vertex -0.088409539 0.00049180922 0.035016963
   vertex -0.087635727 0.00037067009 0.034565212
   vertex -0.087662854 0.00050233018 0.035058195
  endloop
 endfacet
 facet normal 0.99999715 0.0022427426 0.00081637313
  outer loop
   vertex -0.088410745 -0.0056733895 0.050082758
   vertex -0.088409668 -0.0059440303 0.04950659
   vertex -0.088411424 -0.0051321276 0.049427079
  endloop
 endfacet
 facet normal 0.99999715 0.0022427426 0.00081637313
  outer loop
   vertex -0.088410745 -0.0056733895 0.050082758
   vertex -0.088411424 -0.0051321276 0.049427079
   vertex -0.08841116 -0.0050759467 0.050047015
  endloop
 endfacet
 facet normal 0.99999999 -0.00017144808 -1.8289151e-05
  outer loop
   vertex -0.088410985 -0.0051263703 0.048160726
   vertex -0.0884111 -0.0057941084 0.048174584
   vertex -0.088411106 -0.005760727 0.047534703
  endloop
 endfacet
 facet normal 0.99999999 -0.00017144808 -1.8289151e-05
  outer loop
   vertex -0.088410985 -0.0051263703 0.048160726
   vertex -0.088411106 -0.005760727 0.047534703
   vertex -0.088410985 -0.0050941785 0.047524307
  endloop
 endfacet
 facet normal 1 -1.0711168e-05 3.280364e-06
  outer loop
   vertex -0.088410981 -0.0050450466 0.045636776
   vertex -0.088410988 -0.0057021437 0.045645341
   vertex -0.088410986 -0.0056995604 0.045018411
  endloop
 endfacet
 facet normal 1 -1.0711168e-05 3.280364e-06
  outer loop
   vertex -0.088410981 -0.0050450466 0.045636776
   vertex -0.088410986 -0.0056995604 0.045018411
   vertex -0.088410981 -0.0050385876 0.045009744
  endloop
 endfacet
 facet normal 0.9999999 0.00019811656 0.00040898044
  outer loop
   vertex -0.088411106 -0.005760727 0.047534703
   vertex -0.088410849 -0.0057810655 0.04691807
   vertex -0.088410979 -0.0050829121 0.046896687
  endloop
 endfacet
 facet normal 0.9999999 0.00019811656 0.00040898044
  outer loop
   vertex -0.088411106 -0.005760727 0.047534703
   vertex -0.088410979 -0.0050829121 0.046896687
   vertex -0.088410985 -0.0050941785 0.047524307
  endloop
 endfacet
 facet normal 1 -2.2189139e-14 -2.2208642e-14
  outer loop
   vertex -0.088410981 -0.0031255098 0.042500128
   vertex -0.088410981 -0.0031253492 0.041875085
   vertex -0.088410981 -0.0024997768 0.041874944
  endloop
 endfacet
 facet normal 1 -2.2189139e-14 -2.2208642e-14
  outer loop
   vertex -0.088410981 -0.0031255098 0.042500128
   vertex -0.088410981 -0.0024997768 0.041874944
   vertex -0.088410981 -0.002499899 0.042499975
  endloop
 endfacet
 facet normal 1 0 0
  outer loop
   vertex -0.088410981 -0.0043768645 0.040000448
   vertex -0.088410981 -0.0043778353 0.040625681
   vertex -0.088410981 -0.005008555 0.040627081
  endloop
 endfacet
 facet normal 1 0 0
  outer loop
   vertex -0.088410981 -0.0043768645 0.040000448
   vertex -0.088410981 -0.005008555 0.040627081
   vertex -0.088410981 -0.0050059041 0.040001444
  endloop
 endfacet
 facet normal 1 2.2181223e-14 7.0816241e-18
  outer loop
   vertex -0.088410981 -0.0024993794 0.040624845
   vertex -0.088410981 -0.0031250342 0.040625006
   vertex -0.088410981 -0.0031248346 0.039999959
  endloop
 endfacet
 facet normal 1 2.2181223e-14 7.0816241e-18
  outer loop
   vertex -0.088410981 -0.0024993794 0.040624845
   vertex -0.088410981 -0.0031248346 0.039999959
   vertex -0.088410981 -0.0024989156 0.039999735
  endloop
 endfacet
 facet normal 1 -0 0
  outer loop
   vertex -0.088410981 -0.0050156259 0.041878879
   vertex -0.088410981 -0.0043804502 0.041876347
   vertex -0.088410981 -0.0043816484 0.042501671
  endloop
 endfacet
 facet normal 1 -0 0
  outer loop
   vertex -0.088410981 -0.0050156259 0.041878879
   vertex -0.088410981 -0.0043816484 0.042501671
   vertex -0.088410981 -0.0050180111 0.04250452
  endloop
 endfacet
 facet normal 1 0 0
  outer loop
   vertex -0.088410981 -0.0025000306 0.043125008
   vertex -0.088410981 -0.0031257471 0.043125191
   vertex -0.088410981 -0.0031255098 0.042500128
  endloop
 endfacet
 facet normal 1 0 0
  outer loop
   vertex -0.088410981 -0.0025000306 0.043125008
   vertex -0.088410981 -0.0031255098 0.042500128
   vertex -0.088410981 -0.002499899 0.042499975
  endloop
 endfacet
 facet normal 1 -8.7019406e-08 -3.6804366e-10
  outer loop
   vertex -0.088410981 -0.0050353949 0.044384064
   vertex -0.088410981 -0.0043893954 0.044378672
   vertex -0.088410981 -0.0043920416 0.045004336
  endloop
 endfacet
 facet normal 1 -8.7019406e-08 -3.6804366e-10
  outer loop
   vertex -0.088410981 -0.0050353949 0.044384064
   vertex -0.088410981 -0.0043920416 0.045004336
   vertex -0.088410981 -0.0050385876 0.045009744
  endloop
 endfacet
 facet normal 1 -1.180849e-16 -2.2187408e-14
  outer loop
   vertex -0.088410981 -0.0043816484 0.042501671
   vertex -0.088410981 -0.0043833922 0.043127161
   vertex -0.088410981 -0.0050214921 0.043130557
  endloop
 endfacet
 facet normal 1 -1.180849e-16 -2.2187408e-14
  outer loop
   vertex -0.088410981 -0.0043816484 0.042501671
   vertex -0.088410981 -0.0050214921 0.043130557
   vertex -0.088410981 -0.0050180111 0.04250452
  endloop
 endfacet
 facet normal 1 0 0
  outer loop
   vertex -0.088410981 -0.0031270622 0.045000524
   vertex -0.088410981 -0.0031265309 0.044375388
   vertex -0.088410981 -0.0025003223 0.044375082
  endloop
 endfacet
 facet normal 1 0 0
  outer loop
   vertex -0.088410981 -0.0031270622 0.045000524
   vertex -0.088410981 -0.0025003223 0.044375082
   vertex -0.088410981 -0.0025005105 0.045000129
  endloop
 endfacet
 facet normal 1 -2.2225221e-06 5.6322703e-06
  outer loop
   vertex -0.088410986 -0.0056995604 0.045018411
   vertex -0.088410983 -0.0057028211 0.044395155
   vertex -0.088410981 -0.0050353949 0.044384064
  endloop
 endfacet
 facet normal 1 -2.2225221e-06 5.6322703e-06
  outer loop
   vertex -0.088410986 -0.0056995604 0.045018411
   vertex -0.088410981 -0.0050353949 0.044384064
   vertex -0.088410981 -0.0050385876 0.045009744
  endloop
 endfacet
 facet normal 1 -1.9261405e-07 2.0041916e-07
  outer loop
   vertex -0.088410981 -0.0050214921 0.043130557
   vertex -0.088410981 -0.0056715381 0.043137072
   vertex -0.088410981 -0.0056667602 0.042510418
  endloop
 endfacet
 facet normal 1 -1.9261405e-07 2.0041916e-07
  outer loop
   vertex -0.088410981 -0.0050214921 0.043130557
   vertex -0.088410981 -0.0056667602 0.042510418
   vertex -0.088410981 -0.0050180111 0.04250452
  endloop
 endfacet
 facet normal 1 -2.1819642e-14 2.2015309e-14
  outer loop
   vertex -0.088410981 -0.0025042981 0.048127071
   vertex -0.088410981 -0.0031377505 0.048129619
   vertex -0.088410981 -0.0031342607 0.047502708
  endloop
 endfacet
 facet normal 1 -2.1819642e-14 2.2015309e-14
  outer loop
   vertex -0.088410981 -0.0025042981 0.048127071
   vertex -0.088410981 -0.0031342607 0.047502708
   vertex -0.088410981 -0.0025030321 0.047500982
  endloop
 endfacet
 facet normal 0.99999982 -0.0006048837 -2.1986287e-05
  outer loop
   vertex -0.088411424 -0.0051321276 0.049427079
   vertex -0.088411013 -0.0044530568 0.049410808
   vertex -0.088410994 -0.0044439236 0.050049794
  endloop
 endfacet
 facet normal 0.99999982 -0.0006048837 -2.1986287e-05
  outer loop
   vertex -0.088411424 -0.0051321276 0.049427079
   vertex -0.088410994 -0.0044439236 0.050049794
   vertex -0.08841116 -0.0050759467 0.050047015
  endloop
 endfacet
 facet normal 1 -6.2006626e-06 7.0215452e-08
  outer loop
   vertex -0.088410981 -0.0044268425 0.04751401
   vertex -0.088410981 -0.0044447227 0.048145842
   vertex -0.088410985 -0.0051263703 0.048160726
  endloop
 endfacet
 facet normal 1 -6.2006626e-06 7.0215452e-08
  outer loop
   vertex -0.088410981 -0.0044268425 0.04751401
   vertex -0.088410985 -0.0051263703 0.048160726
   vertex -0.088410985 -0.0050941785 0.047524307
  endloop
 endfacet
 facet normal 1 2.1826271e-14 5.5797744e-17
  outer loop
   vertex -0.088410981 -0.0031439323 0.050030097
   vertex -0.088410981 -0.003142297 0.049390412
   vertex -0.088410981 -0.0025064576 0.049386544
  endloop
 endfacet
 facet normal 1 2.1826271e-14 5.5797744e-17
  outer loop
   vertex -0.088410981 -0.0031439323 0.050030097
   vertex -0.088410981 -0.0025064576 0.049386544
   vertex -0.088410981 -0.0025076632 0.050026519
  endloop
 endfacet
 facet normal 1 0 0
  outer loop
   vertex -0.088410981 -0.0031342607 0.047502708
   vertex -0.088410981 -0.0031315051 0.046876718
   vertex -0.088410981 -0.0025020335 0.046875541
  endloop
 endfacet
 facet normal 1 0 0
  outer loop
   vertex -0.088410981 -0.0031342607 0.047502708
   vertex -0.088410981 -0.0025020335 0.046875541
   vertex -0.088410981 -0.0025030321 0.047500982
  endloop
 endfacet
 facet normal 1 -1.8965445e-07 -1.332731e-09
  outer loop
   vertex -0.088410981 -0.0043920416 0.045004336
   vertex -0.088410981 -0.0043964424 0.045630586
   vertex -0.088410981 -0.0050450466 0.045636776
  endloop
 endfacet
 facet normal 1 -1.8965445e-07 -1.332731e-09
  outer loop
   vertex -0.088410981 -0.0043920416 0.045004336
   vertex -0.088410981 -0.0050450466 0.045636776
   vertex -0.088410981 -0.0050385876 0.045009744
  endloop
 endfacet
 facet normal 1 2.8802422e-06 2.7246141e-07
  outer loop
   vertex -0.088410979 -0.0050829121 0.046896687
   vertex -0.088410981 -0.0044156432 0.046885639
   vertex -0.088410981 -0.0044268425 0.04751401
  endloop
 endfacet
 facet normal 1 2.8802422e-06 2.7246141e-07
  outer loop
   vertex -0.088410979 -0.0050829121 0.046896687
   vertex -0.088410981 -0.0044268425 0.04751401
   vertex -0.088410985 -0.0050941785 0.047524307
  endloop
 endfacet
 facet normal 1 0 0
  outer loop
   vertex -0.088410981 -0.0025008132 0.045625206
   vertex -0.088410981 -0.0031279383 0.045625753
   vertex -0.088410981 -0.0031270622 0.045000524
  endloop
 endfacet
 facet normal 1 0 0
  outer loop
   vertex -0.088410981 -0.0025008132 0.045625206
   vertex -0.088410981 -0.0031270622 0.045000524
   vertex -0.088410981 -0.0025005105 0.045000129
  endloop
 endfacet
 facet normal -3.781635e-05 -0.9658851 0.25897097
  outer loop
   vertex -0.087664333 0.0024959027 0.042496777
   vertex -0.087658936 0.0026473172 0.043061509
   vertex -0.088410903 0.0026412915 0.043038925
  endloop
 endfacet
 facet normal -3.781635e-05 -0.9658851 0.25897097
  outer loop
   vertex -0.087664333 0.0024959027 0.042496777
   vertex -0.088410903 0.0026412915 0.043038925
   vertex -0.08841067 0.0024860605 0.042459602
  endloop
 endfacet
 facet normal 0.99999993 -0.00028156022 -0.00026134802
  outer loop
   vertex -0.088410903 0.0026412915 0.043038925
   vertex -0.088411077 0.0019726058 0.043094179
   vertex -0.088411238 0.0019879905 0.04246161
  endloop
 endfacet
 facet normal 0.99999993 -0.00028156022 -0.00026134802
  outer loop
   vertex -0.088410903 0.0026412915 0.043038925
   vertex -0.088411238 0.0019879905 0.04246161
   vertex -0.08841067 0.0024860605 0.042459602
  endloop
 endfacet
 facet normal 1 6.0003289e-08 -6.3558599e-08
  outer loop
   vertex -0.088410981 1.4658111e-05 0.044371281
   vertex -0.088410981 0.00066181643 0.044365615
   vertex -0.088410981 0.000654783 0.044992351
  endloop
 endfacet
 facet normal 1 6.0003289e-08 -6.3558599e-08
  outer loop
   vertex -0.088410981 1.4658111e-05 0.044371281
   vertex -0.088410981 0.000654783 0.044992351
   vertex -0.088410981 1.173616e-05 0.044997011
  endloop
 endfacet
 facet normal 1 1.8815801e-07 -1.4353697e-06
  outer loop
   vertex -0.088410982 0.00068019393 0.042485505
   vertex -0.088410981 0.00066821937 0.043113752
   vertex -0.088410981 1.9696589e-05 0.043119898
  endloop
 endfacet
 facet normal 1 1.8815801e-07 -1.4353697e-06
  outer loop
   vertex -0.088410982 0.00068019393 0.042485505
   vertex -0.088410981 1.9696589e-05 0.043119898
   vertex -0.088410981 2.5334361e-05 0.042493437
  endloop
 endfacet
 facet normal 0.99999902 -0.0013988792 0.00010253988
  outer loop
   vertex -0.088411 0.0019899282 0.044969323
   vertex -0.088410857 0.0020451621 0.044328515
   vertex -0.088409596 0.0029417918 0.044256516
  endloop
 endfacet
 facet normal 0.99999902 -0.0013988792 0.00010253988
  outer loop
   vertex -0.088411 0.0019899282 0.044969323
   vertex -0.088409596 0.0029417918 0.044256516
   vertex -0.088411209 0.0026399596 0.044954285
  endloop
 endfacet
 facet normal -0.00043756978 -0.96592508 0.25882145
  outer loop
   vertex -0.088410634 0.0031529262 0.044948384
   vertex -0.088409539 0.0030034022 0.04439036
   vertex -0.087661544 0.0030138634 0.044430666
  endloop
 endfacet
 facet normal -0.00043756978 -0.96592508 0.25882145
  outer loop
   vertex -0.088410634 0.0031529262 0.044948384
   vertex -0.087661544 0.0030138634 0.044430666
   vertex -0.08765993 0.0031635001 0.044988342
  endloop
 endfacet
 facet normal 0.99999997 0.00022270333 3.1750017e-05
  outer loop
   vertex -0.088411101 0.0032535841 0.04748079
   vertex -0.08841112 0.0032442407 0.04814487
   vertex -0.08841098 0.0026173907 0.048138967
  endloop
 endfacet
 facet normal 0.99999997 0.00022270333 3.1750017e-05
  outer loop
   vertex -0.088411101 0.0032535841 0.04748079
   vertex -0.08841098 0.0026173907 0.048138967
   vertex -0.088410974 0.0026269712 0.047488512
  endloop
 endfacet
 facet normal 0.99999625 -0.0027320605 0.00020189962
  outer loop
   vertex -0.088411764 0.0025959363 0.049413411
   vertex -0.088409668 0.0033677789 0.04947706
   vertex -0.088410496 0.0031065402 0.050042618
  endloop
 endfacet
 facet normal 0.99999625 -0.0027320605 0.00020189962
  outer loop
   vertex -0.088411764 0.0025959363 0.049413411
   vertex -0.088410496 0.0031065402 0.050042618
   vertex -0.088412127 0.0025396372 0.050029105
  endloop
 endfacet
 facet normal -0.12959264 -0.90010237 -0.4159585
  outer loop
   vertex -0.088410496 0.0031065402 0.050042618
   vertex -0.088409668 0.0033677789 0.04947706
   vertex -0.08814805 0.0034730809 0.049167687
  endloop
 endfacet
 facet normal -0.12959264 -0.90010237 -0.4159585
  outer loop
   vertex -0.088410496 0.0031065402 0.050042618
   vertex -0.08814805 0.0034730809 0.049167687
   vertex -0.087646493 0.0034708262 0.049181457
  endloop
 endfacet
 facet normal -0.12959264 -0.90010237 -0.4159585
  outer loop
   vertex -0.088410496 0.0031065402 0.050042618
   vertex -0.087646493 0.0034708262 0.049181457
   vertex -0.087678674 0.0031408079 0.049977359
  endloop
 endfacet
 facet normal 0.99999809 -0.0012103287 0.0015345649
  outer loop
   vertex -0.088410797 0.0026875181 0.046836535
   vertex -0.088409596 0.0035971275 0.046770884
   vertex -0.088411101 0.0032535841 0.04748079
  endloop
 endfacet
 facet normal 0.99999809 -0.0012103287 0.0015345649
  outer loop
   vertex -0.088410797 0.0026875181 0.046836535
   vertex -0.088411101 0.0032535841 0.04748079
   vertex -0.088410974 0.0026269712 0.047488512
  endloop
 endfacet
 facet normal -0.00019714143 -0.96592665 0.2588159
  outer loop
   vertex -0.087655129 0.0033140447 0.045550269
   vertex -0.088410685 0.0033081536 0.045527708
   vertex -0.088410634 0.0031529262 0.044948384
  endloop
 endfacet
 facet normal -0.00019714143 -0.96592665 0.2588159
  outer loop
   vertex -0.087655129 0.0033140447 0.045550269
   vertex -0.088410634 0.0031529262 0.044948384
   vertex -0.08765993 0.0031635001 0.044988342
  endloop
 endfacet
 facet normal 0.99999973 -0.00068678203 0.00027213458
  outer loop
   vertex -0.088410634 0.0031529262 0.044948384
   vertex -0.088410685 0.0033081536 0.045527708
   vertex -0.088411173 0.0026215741 0.045588594
  endloop
 endfacet
 facet normal 0.99999973 -0.00068678203 0.00027213458
  outer loop
   vertex -0.088410634 0.0031529262 0.044948384
   vertex -0.088411173 0.0026215741 0.045588594
   vertex -0.088411209 0.0026399596 0.044954285
  endloop
 endfacet
 facet normal 0.0011826414 0.26104641 0.96532553
  outer loop
   vertex -0.088409539 -0.0075044868 0.027076003
   vertex -0.08814098 -0.007912072 0.027185895
   vertex -0.087640995 -0.0079259021 0.027189022
  endloop
 endfacet
 facet normal 0.0011826414 0.26104641 0.96532553
  outer loop
   vertex -0.088409539 -0.0075044868 0.027076003
   vertex -0.087640995 -0.0079259021 0.027189022
   vertex -0.08766937 -0.0074416651 0.027059518
  endloop
 endfacet
 facet normal -0.00015580399 0.25881465 0.96592699
  outer loop
   vertex -0.08766737 -0.0068741873 0.026907238
   vertex -0.088410672 -0.0069080932 0.026916203
   vertex -0.088409539 -0.0075044868 0.027076003
  endloop
 endfacet
 facet normal -0.00015580399 0.25881465 0.96592699
  outer loop
   vertex -0.08766737 -0.0068741873 0.026907238
   vertex -0.088409539 -0.0075044868 0.027076003
   vertex -0.08766937 -0.0074416651 0.027059518
  endloop
 endfacet
 facet normal 0.99999837 -0.0016899689 0.00063267508
  outer loop
   vertex -0.088411096 -0.0056529552 0.027384709
   vertex -0.088410687 -0.0057069417 0.026594359
   vertex -0.088409596 -0.0051115216 0.026459192
  endloop
 endfacet
 facet normal 0.99999837 -0.0016899689 0.00063267508
  outer loop
   vertex -0.088411096 -0.0056529552 0.027384709
   vertex -0.088409596 -0.0051115216 0.026459192
   vertex -0.088410877 -0.0050395949 0.027343003
  endloop
 endfacet
 facet normal -0.012138946 -0.96842485 0.24900997
  outer loop
   vertex -0.083076613 -0.00171134 0.026788008
   vertex -0.082411196 -0.0017192421 0.026789715
   vertex -0.082411398 -0.0015600408 0.027408855
  endloop
 endfacet
 facet normal -0.012138946 -0.96842485 0.24900997
  outer loop
   vertex -0.083076613 -0.00171134 0.026788008
   vertex -0.082411398 -0.0015600408 0.027408855
   vertex -0.082421851 -0.0014710662 0.027691357
  endloop
 endfacet
 facet normal -0.012138946 -0.96842485 0.24900997
  outer loop
   vertex -0.083076613 -0.00171134 0.026788008
   vertex -0.082421851 -0.0014710662 0.027691357
   vertex -0.083044025 -0.0014755093 0.027675038
  endloop
 endfacet
 facet normal -6.7929484e-05 -0.96590893 0.25888207
  outer loop
   vertex -0.084997214 -0.0017201915 0.026761642
   vertex -0.084356583 -0.0017196234 0.02676393
   vertex -0.084344848 -0.0014799217 0.027658278
  endloop
 endfacet
 facet normal -6.7929484e-05 -0.96590893 0.25888207
  outer loop
   vertex -0.084997214 -0.0017201915 0.026761642
   vertex -0.084344848 -0.0014799217 0.027658278
   vertex -0.084994097 -0.0014804066 0.027656531
  endloop
 endfacet
 facet normal 0.99999962 -0.00083867881 -0.00024362332
  outer loop
   vertex -0.08841045 -0.0023333528 0.028055887
   vertex -0.088411051 -0.003054304 0.028070322
   vertex -0.088411232 -0.0030801428 0.027414579
  endloop
 endfacet
 facet normal 0.99999962 -0.00083867881 -0.00024362332
  outer loop
   vertex -0.08841045 -0.0023333528 0.028055887
   vertex -0.088411232 -0.0030801428 0.027414579
   vertex -0.088412142 -0.0023944898 0.027414329
  endloop
 endfacet
 facet normal 1 2.1955749e-14 -8.4435549e-18
  outer loop
   vertex -0.088410981 -0.00500025 0.029361019
   vertex -0.088410981 -0.0043681697 0.029362192
   vertex -0.088410981 -0.0043679265 0.029994487
  endloop
 endfacet
 facet normal 1 2.1955749e-14 -8.4435549e-18
  outer loop
   vertex -0.088410981 -0.00500025 0.029361019
   vertex -0.088410981 -0.0043679265 0.029994487
   vertex -0.088410981 -0.0049986702 0.029994824
  endloop
 endfacet
 facet normal 0.99999997 0.000223856 -4.9487071e-05
  outer loop
   vertex -0.088410954 -0.0030743171 0.029985199
   vertex -0.088410985 -0.0030722927 0.029356096
   vertex -0.088411135 -0.0024034027 0.029347836
  endloop
 endfacet
 facet normal 0.99999997 0.000223856 -4.9487071e-05
  outer loop
   vertex -0.088410954 -0.0030743171 0.029985199
   vertex -0.088411135 -0.0024034027 0.029347836
   vertex -0.088410824 -0.0023954079 0.029971787
  endloop
 endfacet
 facet normal 1 -1.2466188e-07 -3.8874468e-05
  outer loop
   vertex -0.088411008 -0.0043918232 0.027394787
   vertex -0.088410982 -0.0043772766 0.028064001
   vertex -0.088410983 -0.0050150071 0.028049338
  endloop
 endfacet
 facet normal 1 -1.2466188e-07 -3.8874468e-05
  outer loop
   vertex -0.088411008 -0.0043918232 0.027394787
   vertex -0.088410983 -0.0050150071 0.028049338
   vertex -0.088410877 -0.0050395949 0.027343003
  endloop
 endfacet
 facet normal 0.99999397 -0.0012282819 -0.0032471481
  outer loop
   vertex -0.088411335 -0.0024878269 0.026718962
   vertex -0.088410159 -0.0017131264 0.026788076
   vertex -0.088407951 -0.0015477345 0.027405557
  endloop
 endfacet
 facet normal 0.99999397 -0.0012282819 -0.0032471481
  outer loop
   vertex -0.088411335 -0.0024878269 0.026718962
   vertex -0.088407951 -0.0015477345 0.027405557
   vertex -0.088412142 -0.0023944898 0.027414329
  endloop
 endfacet
 facet normal 0.99999999 0.00013940829 -2.9054925e-05
  outer loop
   vertex -0.088411232 -0.0030801428 0.027414579
   vertex -0.088411246 -0.0031237996 0.026742444
   vertex -0.088411335 -0.0024878269 0.026718962
  endloop
 endfacet
 facet normal 0.99999999 0.00013940829 -2.9054925e-05
  outer loop
   vertex -0.088411232 -0.0030801428 0.027414579
   vertex -0.088411335 -0.0024878269 0.026718962
   vertex -0.088412142 -0.0023944898 0.027414329
  endloop
 endfacet
 facet normal 0.9999967 0.0025304964 -0.00043681683
  outer loop
   vertex -0.088409596 -0.0051115216 0.026459192
   vertex -0.088411243 -0.0044099599 0.026752433
   vertex -0.088411008 -0.0043918232 0.027394787
  endloop
 endfacet
 facet normal 0.9999967 0.0025304964 -0.00043681683
  outer loop
   vertex -0.088409596 -0.0051115216 0.026459192
   vertex -0.088411008 -0.0043918232 0.027394787
   vertex -0.088410877 -0.0050395949 0.027343003
  endloop
 endfacet
 facet normal 9.2869501e-16 -0.96592583 0.25881903
  outer loop
   vertex -0.085637566 -0.001720484 0.02676055
   vertex -0.084997214 -0.0017201915 0.026761642
   vertex -0.084994097 -0.0014804066 0.027656531
  endloop
 endfacet
 facet normal 9.2869501e-16 -0.96592583 0.25881903
  outer loop
   vertex -0.085637566 -0.001720484 0.02676055
   vertex -0.084994097 -0.0014804066 0.027656531
   vertex -0.085641681 -0.0014804854 0.027656238
  endloop
 endfacet
 facet normal 2.1477656e-06 0.96592488 -0.25882258
  outer loop
   vertex -0.088410979 -0.010536929 0.032494164
   vertex -0.088134882 -0.010420849 0.032927377
   vertex -0.087632314 -0.010414966 0.032949333
  endloop
 endfacet
 facet normal 2.1477656e-06 0.96592488 -0.25882258
  outer loop
   vertex -0.088410979 -0.010536929 0.032494164
   vertex -0.087632314 -0.010414966 0.032949333
   vertex -0.087660894 -0.010548028 0.032452739
  endloop
 endfacet
 facet normal 1.7635458e-06 0.96592708 -0.25881438
  outer loop
   vertex -0.087632314 -0.010414966 0.032949333
   vertex -0.088134882 -0.010420849 0.032927377
   vertex -0.088410978 -0.010341566 0.033223267
  endloop
 endfacet
 facet normal 1.7635458e-06 0.96592708 -0.25881438
  outer loop
   vertex -0.087632314 -0.010414966 0.032949333
   vertex -0.088410978 -0.010341566 0.033223267
   vertex -0.088410938 -0.010174947 0.033845093
  endloop
 endfacet
 facet normal 1.7635458e-06 0.96592708 -0.25881438
  outer loop
   vertex -0.087632314 -0.010414966 0.032949333
   vertex -0.088410938 -0.010174947 0.033845093
   vertex -0.087655454 -0.010181301 0.033821327
  endloop
 endfacet
 facet normal 0.99998699 -0.0040864402 0.0030517842
  outer loop
   vertex -0.088410974 -0.005206625 0.050782669
   vertex -0.08841093 -0.0054924966 0.050385487
   vertex -0.088410745 -0.0056733895 0.050082758
  endloop
 endfacet
 facet normal 0.99998699 -0.0040864402 0.0030517842
  outer loop
   vertex -0.088410974 -0.005206625 0.050782669
   vertex -0.088410745 -0.0056733895 0.050082758
   vertex -0.08841116 -0.0050759467 0.050047015
  endloop
 endfacet
 facet normal -0.0036185786 0.85841607 -0.51294128
  outer loop
   vertex -0.088410745 -0.0056733895 0.050082758
   vertex -0.08841093 -0.0054924966 0.050385487
   vertex -0.087694927 -0.0054630698 0.050429682
  endloop
 endfacet
 facet normal -0.0036185786 0.85841607 -0.51294128
  outer loop
   vertex -0.088410745 -0.0056733895 0.050082758
   vertex -0.087694927 -0.0054630698 0.050429682
   vertex -0.087670465 -0.0057102647 0.05001313
  endloop
 endfacet
 facet normal 1 0 0
  outer loop
   vertex -0.088410981 -0.0030373526 0.052355955
   vertex -0.088410981 -0.0031347702 0.051922006
   vertex -0.088410981 -0.0025102225 0.051964157
  endloop
 endfacet
 facet normal 1 0 0
  outer loop
   vertex -0.088410981 -0.0030373526 0.052355955
   vertex -0.088410981 -0.0025102225 0.051964157
   vertex -0.088410981 -0.0025180437 0.052517488
  endloop
 endfacet
 facet normal 1 9.1140181e-06 -1.7918288e-05
  outer loop
   vertex -0.088410994 -0.0044439236 0.050049794
   vertex -0.088410982 -0.0044486057 0.050699895
   vertex -0.088410974 -0.005206625 0.050782669
  endloop
 endfacet
 facet normal 1 9.1140181e-06 -1.7918288e-05
  outer loop
   vertex -0.088410994 -0.0044439236 0.050049794
   vertex -0.088410974 -0.005206625 0.050782669
   vertex -0.08841116 -0.0050759467 0.050047015
  endloop
 endfacet
 facet normal 1 -2.1760201e-14 2.12499e-14
  outer loop
   vertex -0.088410981 -0.002509398 0.050679869
   vertex -0.088410981 -0.0031465362 0.050680506
   vertex -0.088410981 -0.0031439323 0.050030097
  endloop
 endfacet
 facet normal 1 -2.1760201e-14 2.12499e-14
  outer loop
   vertex -0.088410981 -0.002509398 0.050679869
   vertex -0.088410981 -0.0031439323 0.050030097
   vertex -0.088410981 -0.0025076632 0.050026519
  endloop
 endfacet
 facet normal -0.00018647152 -0.86305542 -0.5051092
  outer loop
   vertex -0.084342075 0.0031371729 0.049984966
   vertex -0.084340167 0.002890113 0.050407105
   vertex -0.084993822 0.0028910953 0.050405668
  endloop
 endfacet
 facet normal -0.00018647152 -0.86305542 -0.5051092
  outer loop
   vertex -0.084342075 0.0031371729 0.049984966
   vertex -0.084993822 0.0028910953 0.050405668
   vertex -0.084994065 0.0031376701 0.049984081
  endloop
 endfacet
 facet normal 0.00017526956 -0.78664091 -0.61741076
  outer loop
   vertex -0.084993822 0.0028910953 0.050405668
   vertex -0.084340167 0.002890113 0.050407105
   vertex -0.084343455 0.0023575393 0.051085654
  endloop
 endfacet
 facet normal 0.00017526956 -0.78664091 -0.61741076
  outer loop
   vertex -0.084993822 0.0028910953 0.050405668
   vertex -0.084343455 0.0023575393 0.051085654
   vertex -0.084994278 0.0023604801 0.051082632
  endloop
 endfacet
 facet normal 0.00078046416 -0.81264947 -0.58275229
  outer loop
   vertex -0.083031139 0.0028859418 0.050412523
   vertex -0.082412388 0.0028855476 0.050413901
   vertex -0.082411417 0.0026511406 0.050740784
  endloop
 endfacet
 facet normal 0.00078046416 -0.81264947 -0.58275229
  outer loop
   vertex -0.083031139 0.0028859418 0.050412523
   vertex -0.082411417 0.0026511406 0.050740784
   vertex -0.08241128 0.0023477795 0.051095782
  endloop
 endfacet
 facet normal 0.00078046416 -0.81264947 -0.58275229
  outer loop
   vertex -0.083031139 0.0028859418 0.050412523
   vertex -0.08241128 0.0023477795 0.051095782
   vertex -0.083037125 0.0023495625 0.051093748
  endloop
 endfacet
 facet normal 0.00057585281 -0.86294559 -0.50529652
  outer loop
   vertex -0.082412388 0.0028855476 0.050413901
   vertex -0.083031139 0.0028859418 0.050412523
   vertex -0.083046932 0.0031356086 0.049986124
  endloop
 endfacet
 facet normal 0.00057585281 -0.86294559 -0.50529652
  outer loop
   vertex -0.082412388 0.0028855476 0.050413901
   vertex -0.083046932 0.0031356086 0.049986124
   vertex -0.082416027 0.0031059587 0.05004346
  endloop
 endfacet
 facet normal 0.003923936 -0.81855023 -0.57442156
  outer loop
   vertex -0.088410332 0.0026511462 0.050740783
   vertex -0.088410557 0.0029354403 0.050335663
   vertex -0.08770156 0.0029034212 0.050386134
  endloop
 endfacet
 facet normal 0.003923936 -0.81855023 -0.57442156
  outer loop
   vertex -0.088410332 0.0026511462 0.050740783
   vertex -0.08770156 0.0029034212 0.050386134
   vertex -0.087687682 0.0023493597 0.051092193
  endloop
 endfacet
 facet normal 0.003923936 -0.81855023 -0.57442156
  outer loop
   vertex -0.088410332 0.0026511462 0.050740783
   vertex -0.087687682 0.0023493597 0.051092193
   vertex -0.088409606 0.0023512374 0.051092199
  endloop
 endfacet
 facet normal -0.0031071019 -0.86357301 -0.50421425
  outer loop
   vertex -0.08770156 0.0029034212 0.050386134
   vertex -0.088410557 0.0029354403 0.050335663
   vertex -0.088410496 0.0031065402 0.050042618
  endloop
 endfacet
 facet normal -0.0031071019 -0.86357301 -0.50421425
  outer loop
   vertex -0.08770156 0.0029034212 0.050386134
   vertex -0.088410496 0.0031065402 0.050042618
   vertex -0.087678674 0.0031408079 0.049977359
  endloop
 endfacet
 facet normal -0.00014739175 -0.86334013 -0.50462242
  outer loop
   vertex -0.084993822 0.0028910953 0.050405668
   vertex -0.085646699 0.0028919306 0.050404429
   vertex -0.085645412 0.0031381367 0.049983204
  endloop
 endfacet
 facet normal -0.00014739175 -0.86334013 -0.50462242
  outer loop
   vertex -0.084993822 0.0028910953 0.050405668
   vertex -0.085645412 0.0031381367 0.049983204
   vertex -0.084994065 0.0031376701 0.049984081
  endloop
 endfacet
 facet normal 0.0023667234 -0.7866531 -0.61739072
  outer loop
   vertex -0.08770156 0.0029034212 0.050386134
   vertex -0.087004857 0.0028957976 0.050398518
   vertex -0.086992738 0.0023547698 0.051087919
  endloop
 endfacet
 facet normal 0.0023667234 -0.7866531 -0.61739072
  outer loop
   vertex -0.08770156 0.0029034212 0.050386134
   vertex -0.086992738 0.0023547698 0.051087919
   vertex -0.087687682 0.0023493597 0.051092193
  endloop
 endfacet
 facet normal -0.00050169363 -0.8639379 -0.50359811
  outer loop
   vertex -0.086996401 0.0031400697 0.049979453
   vertex -0.087004857 0.0028957976 0.050398518
   vertex -0.08770156 0.0029034212 0.050386134
  endloop
 endfacet
 facet normal -0.00050169363 -0.8639379 -0.50359811
  outer loop
   vertex -0.086996401 0.0031400697 0.049979453
   vertex -0.08770156 0.0029034212 0.050386134
   vertex -0.087678674 0.0031408079 0.049977359
  endloop
 endfacet
 facet normal 1 2.1583184e-14 2.2280574e-14
  outer loop
   vertex -0.088410981 -0.0075126506 0.031877578
   vertex -0.088410981 -0.0075162303 0.032503911
   vertex -0.088410981 -0.0081654173 0.032509913
  endloop
 endfacet
 facet normal 1 2.1583184e-14 2.2280574e-14
  outer loop
   vertex -0.088410981 -0.0075126506 0.031877578
   vertex -0.088410981 -0.0081654173 0.032509913
   vertex -0.088410981 -0.0081566667 0.031882028
  endloop
 endfacet
 facet normal 0.99999997 0.00024707868 -3.4106841e-05
  outer loop
   vertex -0.088411004 -0.0094365247 0.029979143
   vertex -0.088410977 -0.0094547151 0.030631607
   vertex -0.088410805 -0.01014713 0.0306556
  endloop
 endfacet
 facet normal 0.99999997 0.00024707868 -3.4106841e-05
  outer loop
   vertex -0.088411004 -0.0094365247 0.029979143
   vertex -0.088410805 -0.01014713 0.0306556
   vertex -0.088411208 -0.010095743 0.029998179
  endloop
 endfacet
 facet normal 1 2.1907063e-14 -1.4028036e-17
  outer loop
   vertex -0.088410981 -0.0081414446 0.029980161
   vertex -0.088410981 -0.0075079571 0.029984639
   vertex -0.088410981 -0.00750755 0.030620458
  endloop
 endfacet
 facet normal 1 2.1907063e-14 -1.4028036e-17
  outer loop
   vertex -0.088410981 -0.0081414446 0.029980161
   vertex -0.088410981 -0.00750755 0.030620458
   vertex -0.088410981 -0.0081434143 0.030620316
  endloop
 endfacet
 facet normal 1 -6.4916027e-06 -7.9791789e-07
  outer loop
   vertex -0.088410985 -0.010157906 0.031917708
   vertex -0.088410981 -0.0094965312 0.031904311
   vertex -0.088410981 -0.0095596945 0.032549231
  endloop
 endfacet
 facet normal 1 -6.4916027e-06 -7.9791789e-07
  outer loop
   vertex -0.088410985 -0.010157906 0.031917708
   vertex -0.088410981 -0.0095596945 0.032549231
   vertex -0.088410981 -0.010499599 0.032633448
  endloop
 endfacet
 facet normal 1 9.0950441e-17 2.219205e-14
  outer loop
   vertex -0.088410981 -0.0024958118 0.038123979
   vertex -0.088410981 -0.0024944279 0.037498623
   vertex -0.088410981 -0.001858983 0.037496019
  endloop
 endfacet
 facet normal 1 9.0950441e-17 2.219205e-14
  outer loop
   vertex -0.088410981 -0.0024958118 0.038123979
   vertex -0.088410981 -0.001858983 0.037496019
   vertex -0.088410981 -0.0018626732 0.038121963
  endloop
 endfacet
 facet normal 1 1.5452146e-06 9.7818012e-06
  outer loop
   vertex -0.088410976 7.4312109e-05 0.039356183
   vertex -0.088410982 5.1532827e-05 0.039986636
   vertex -0.088410981 -0.00059991504 0.039993604
  endloop
 endfacet
 facet normal 1 1.5452146e-06 9.7818012e-06
  outer loop
   vertex -0.088410976 7.4312109e-05 0.039356183
   vertex -0.088410981 -0.00059991504 0.039993604
   vertex -0.088410979 -0.00058878252 0.039365977
  endloop
 endfacet
 facet normal 0.99999922 -0.0008267902 0.00093976677
  outer loop
   vertex -0.088410971 -0.00053641152 0.037477527
   vertex -0.088410351 0.00018298573 0.037450939
   vertex -0.088411009 0.00011956063 0.038094943
  endloop
 endfacet
 facet normal 0.99999922 -0.0008267902 0.00093976677
  outer loop
   vertex -0.088410971 -0.00053641152 0.037477527
   vertex -0.088411009 0.00011956063 0.038094943
   vertex -0.088410978 -0.00055819313 0.038108205
  endloop
 endfacet
 facet normal 1 -4.4201842e-14 2.2146663e-14
  outer loop
   vertex -0.088410981 -0.0018713137 0.039999084
   vertex -0.088410981 -0.0024989156 0.039999735
   vertex -0.088410981 -0.0024981842 0.039374563
  endloop
 endfacet
 facet normal 1 -4.4201842e-14 2.2146663e-14
  outer loop
   vertex -0.088410981 -0.0018713137 0.039999084
   vertex -0.088410981 -0.0024981842 0.039374563
   vertex -0.088410981 -0.0018692169 0.039373587
  endloop
 endfacet
 facet normal 1 -2.2168081e-14 2.2199048e-14
  outer loop
   vertex -0.088410981 -0.0018740809 0.042499768
   vertex -0.088410981 -0.002499899 0.042499975
   vertex -0.088410981 -0.0024997768 0.041874944
  endloop
 endfacet
 facet normal 1 -2.2168081e-14 2.2199048e-14
  outer loop
   vertex -0.088410981 -0.0018740809 0.042499768
   vertex -0.088410981 -0.0024997768 0.041874944
   vertex -0.088410981 -0.0018737596 0.04187469
  endloop
 endfacet
 facet normal 1 2.1765377e-07 5.4362088e-09
  outer loop
   vertex -0.088410981 3.7370955e-05 0.040615372
   vertex -0.088410981 -0.00060739819 0.040620493
   vertex -0.088410981 -0.00059991504 0.039993604
  endloop
 endfacet
 facet normal 1 2.1765377e-07 5.4362088e-09
  outer loop
   vertex -0.088410981 3.7370955e-05 0.040615372
   vertex -0.088410981 -0.00059991504 0.039993604
   vertex -0.088410982 5.1532827e-05 0.039986636
  endloop
 endfacet
 facet normal 1 1.5281374e-17 2.2192781e-14
  outer loop
   vertex -0.088410981 -0.0018713137 0.039999084
   vertex -0.088410981 -0.0018726691 0.040624414
   vertex -0.088410981 -0.0024993794 0.040624845
  endloop
 endfacet
 facet normal 1 1.5281374e-17 2.2192781e-14
  outer loop
   vertex -0.088410981 -0.0018713137 0.039999084
   vertex -0.088410981 -0.0024993794 0.040624845
   vertex -0.088410981 -0.0024989156 0.039999735
  endloop
 endfacet
 facet normal 1 5.2744069e-09 -1.3091969e-07
  outer loop
   vertex -0.088410981 3.1405039e-05 0.041867028
   vertex -0.088410981 2.5334361e-05 0.042493437
   vertex -0.088410981 -0.00061505449 0.042497446
  endloop
 endfacet
 facet normal 1 5.2744069e-09 -1.3091969e-07
  outer loop
   vertex -0.088410981 3.1405039e-05 0.041867028
   vertex -0.088410981 -0.00061505449 0.042497446
   vertex -0.088410981 -0.00061255136 0.041871857
  endloop
 endfacet
 facet normal 1 0 0
  outer loop
   vertex -0.088410981 -0.0025042981 0.048127071
   vertex -0.088410981 -0.0025030321 0.047500982
   vertex -0.088410981 -0.0018757366 0.047500385
  endloop
 endfacet
 facet normal 1 0 0
  outer loop
   vertex -0.088410981 -0.0025042981 0.048127071
   vertex -0.088410981 -0.0018757366 0.047500385
   vertex -0.088410981 -0.0018760754 0.048126207
  endloop
 endfacet
 facet normal 1 -2.1359524e-05 -2.0586144e-05
  outer loop
   vertex -0.08841098 1.4972884e-05 0.049398355
   vertex -0.088410967 2.6550975e-05 0.050051606
   vertex -0.088410981 -0.00061285284 0.050037586
  endloop
 endfacet
 facet normal 1 -2.1359524e-05 -2.0586144e-05
  outer loop
   vertex -0.08841098 1.4972884e-05 0.049398355
   vertex -0.088410981 -0.00061285284 0.050037586
   vertex -0.088410981 -0.00061835485 0.049391049
  endloop
 endfacet
 facet normal 1 0 0
  outer loop
   vertex -0.088410981 6.3054442e-06 0.048127996
   vertex -0.088410981 -0.0006228733 0.048126807
   vertex -0.088410981 -0.0006232409 0.047500323
  endloop
 endfacet
 facet normal 1 0 0
  outer loop
   vertex -0.088410981 6.3054442e-06 0.048127996
   vertex -0.088410981 -0.0006232409 0.047500323
   vertex -0.088410981 5.7720572e-06 0.047500352
  endloop
 endfacet
 facet normal 1 -2.2027586e-14 -6.8126034e-18
  outer loop
   vertex -0.088410981 -0.0025064576 0.049386544
   vertex -0.088410981 -0.0018764388 0.049385683
   vertex -0.088410981 -0.0018766371 0.050026899
  endloop
 endfacet
 facet normal 1 -2.2027586e-14 -6.8126034e-18
  outer loop
   vertex -0.088410981 -0.0025064576 0.049386544
   vertex -0.088410981 -0.0018766371 0.050026899
   vertex -0.088410981 -0.0025076632 0.050026519
  endloop
 endfacet
 facet normal 1 -9.6717986e-06 9.6132079e-06
  outer loop
   vertex -0.08841098 0.0019524282 0.047494747
   vertex -0.088410974 0.0026269712 0.047488512
   vertex -0.08841098 0.0026173907 0.048138967
  endloop
 endfacet
 facet normal 1 -9.6717986e-06 9.6132079e-06
  outer loop
   vertex -0.08841098 0.0019524282 0.047494747
   vertex -0.08841098 0.0026173907 0.048138967
   vertex -0.088410981 0.0019472884 0.048134154
  endloop
 endfacet
 facet normal 1 9.0723362e-07 -5.1328589e-05
  outer loop
   vertex -0.08841098 1.4972884e-05 0.049398355
   vertex -0.08841098 0.0006535338 0.0494081
   vertex -0.088410946 0.00067360051 0.050072272
  endloop
 endfacet
 facet normal 1 9.0723362e-07 -5.1328589e-05
  outer loop
   vertex -0.08841098 1.4972884e-05 0.049398355
   vertex -0.088410946 0.00067360051 0.050072272
   vertex -0.088410967 2.6550975e-05 0.050051606
  endloop
 endfacet
 facet normal 1 -5.7781955e-17 2.2038914e-14
  outer loop
   vertex -0.088410981 0.00064100204 0.047499966
   vertex -0.088410981 0.00064116044 0.048129661
   vertex -0.088410981 6.3054442e-06 0.048127996
  endloop
 endfacet
 facet normal 1 -5.7781955e-17 2.2038914e-14
  outer loop
   vertex -0.088410981 0.00064100204 0.047499966
   vertex -0.088410981 6.3054442e-06 0.048127996
   vertex -0.088410981 5.7720572e-06 0.047500352
  endloop
 endfacet
 facet normal 0.99999924 0.0009866957 0.00073312297
  outer loop
   vertex -0.088411592 0.0019401868 0.05006128
   vertex -0.088411118 0.0019422032 0.049412648
   vertex -0.088411764 0.0025959363 0.049413411
  endloop
 endfacet
 facet normal 0.99999924 0.0009866957 0.00073312297
  outer loop
   vertex -0.088411592 0.0019401868 0.05006128
   vertex -0.088411764 0.0025959363 0.049413411
   vertex -0.088412127 0.0025396372 0.050029105
  endloop
 endfacet
 facet normal 0.00098433334 -0.9659279 0.25880943
  outer loop
   vertex -0.083054824 0.00050350589 0.035063213
   vertex -0.082416261 0.00049214327 0.035018377
   vertex -0.082412923 0.00064166306 0.035576402
  endloop
 endfacet
 facet normal 0.00098433334 -0.9659279 0.25880943
  outer loop
   vertex -0.083054824 0.00050350589 0.035063213
   vertex -0.082412923 0.00064166306 0.035576402
   vertex -0.083063411 0.00065252294 0.035617488
  endloop
 endfacet
 facet normal 3.2152863e-05 -0.96593321 0.25879149
  outer loop
   vertex -0.084994128 0.0030171507 0.044441645
   vertex -0.084343764 0.00301711 0.044441412
   vertex -0.084347338 0.0031675906 0.045003078
  endloop
 endfacet
 facet normal 3.2152863e-05 -0.96593321 0.25879149
  outer loop
   vertex -0.084994128 0.0030171507 0.044441645
   vertex -0.084347338 0.0031675906 0.045003078
   vertex -0.084995406 0.0031678466 0.045004049
  endloop
 endfacet
 facet normal 0.00013352901 -0.96592654 0.25881635
  outer loop
   vertex -0.082416697 0.0030033455 0.044390375
   vertex -0.082413169 0.0031528665 0.0449484
   vertex -0.083064561 0.0031637502 0.044989355
  endloop
 endfacet
 facet normal 0.00013352901 -0.96592654 0.25881635
  outer loop
   vertex -0.082416697 0.0030033455 0.044390375
   vertex -0.083064561 0.0031637502 0.044989355
   vertex -0.083056095 0.0030147817 0.044435219
  endloop
 endfacet
 facet normal 0.00044593932 -0.96568178 0.25972774
  outer loop
   vertex -0.082412922 0.0024860222 0.042459612
   vertex -0.083060044 0.0024965161 0.04249974
   vertex -0.083051172 0.0023473412 0.041945084
  endloop
 endfacet
 facet normal 0.00044593932 -0.96568178 0.25972774
  outer loop
   vertex -0.082412922 0.0024860222 0.042459612
   vertex -0.083051172 0.0023473412 0.041945084
   vertex -0.082416263 0.0023365188 0.041901583
  endloop
 endfacet
 facet normal 2.2440853e-05 -0.96592582 0.25881908
  outer loop
   vertex -0.084994724 0.0025007195 0.042514297
   vertex -0.084993427 0.0023500984 0.041952171
   vertex -0.08434161 0.0023500516 0.04195194
  endloop
 endfacet
 facet normal 2.2440853e-05 -0.96592582 0.25881908
  outer loop
   vertex -0.084994724 0.0025007195 0.042514297
   vertex -0.08434161 0.0023500516 0.04195194
   vertex -0.084345265 0.0025004653 0.042513351
  endloop
 endfacet
 facet normal 1 -0 0
  outer loop
   vertex -0.088410981 -0.0075126506 0.031877578
   vertex -0.088410981 -0.0068793255 0.031875737
   vertex -0.088410981 -0.0068806506 0.032501325
  endloop
 endfacet
 facet normal 1 -0 0
  outer loop
   vertex -0.088410981 -0.0075126506 0.031877578
   vertex -0.088410981 -0.0068806506 0.032501325
   vertex -0.088410981 -0.0075162303 0.032503911
  endloop
 endfacet
 facet normal 1 0 0
  outer loop
   vertex -0.088410981 -0.0056258133 0.029994259
   vertex -0.088410981 -0.0049986702 0.029994824
   vertex -0.088410981 -0.0049983736 0.030623152
  endloop
 endfacet
 facet normal 1 0 0
  outer loop
   vertex -0.088410981 -0.0056258133 0.029994259
   vertex -0.088410981 -0.0049983736 0.030623152
   vertex -0.088410981 -0.0056250468 0.030623149
  endloop
 endfacet
 facet normal 1 0 0
  outer loop
   vertex -0.088410981 -0.004999127 0.031874688
   vertex -0.088410981 -0.0049995034 0.032499851
   vertex -0.088410981 -0.0056252951 0.032500044
  endloop
 endfacet
 facet normal 1 0 0
  outer loop
   vertex -0.088410981 -0.004999127 0.031874688
   vertex -0.088410981 -0.0056252951 0.032500044
   vertex -0.088410981 -0.0056250994 0.031874904
  endloop
 endfacet
 facet normal 1 -4.4041728e-14 -2.1871961e-14
  outer loop
   vertex -0.088410981 -0.0068789595 0.029989219
   vertex -0.088410981 -0.0068778826 0.030621552
   vertex -0.088410981 -0.00750755 0.030620458
  endloop
 endfacet
 facet normal 1 -4.4041728e-14 -2.1871961e-14
  outer loop
   vertex -0.088410981 -0.0068789595 0.029989219
   vertex -0.088410981 -0.00750755 0.030620458
   vertex -0.088410981 -0.0075079571 0.029984639
  endloop
 endfacet
 facet normal 0.00046526503 0.96592056 -0.25883828
  outer loop
   vertex -0.087662494 -0.0098805326 0.034942577
   vertex -0.086986859 -0.009883169 0.034933953
   vertex -0.086984763 -0.010033583 0.03437265
  endloop
 endfacet
 facet normal 0.00046526503 0.96592056 -0.25883828
  outer loop
   vertex -0.087662494 -0.0098805326 0.034942577
   vertex -0.086984763 -0.010033583 0.03437265
   vertex -0.087660684 -0.010030356 0.034384257
  endloop
 endfacet
 facet normal 1 0 0
  outer loop
   vertex -0.088410981 -0.0068806506 0.032501325
   vertex -0.088410981 -0.006881882 0.033126716
   vertex -0.088410981 -0.0075187402 0.033129687
  endloop
 endfacet
 facet normal 1 0 0
  outer loop
   vertex -0.088410981 -0.0068806506 0.032501325
   vertex -0.088410981 -0.0075187402 0.033129687
   vertex -0.088410981 -0.0075162303 0.032503911
  endloop
 endfacet
 facet normal 1 1.0582827e-17 2.2203125e-14
  outer loop
   vertex -0.088410981 -0.0050001428 0.034375036
   vertex -0.088410981 -0.0050002916 0.035000074
   vertex -0.088410981 -0.0056264711 0.035000372
  endloop
 endfacet
 facet normal 1 1.0582827e-17 2.2203125e-14
  outer loop
   vertex -0.088410981 -0.0050001428 0.034375036
   vertex -0.088410981 -0.0056264711 0.035000372
   vertex -0.088410981 -0.0056260848 0.034375276
  endloop
 endfacet
 facet normal 1 0 0
  outer loop
   vertex -0.088410981 -0.0049997737 0.033124935
   vertex -0.088410981 -0.0056254911 0.033125116
   vertex -0.088410981 -0.0056252951 0.032500044
  endloop
 endfacet
 facet normal 1 0 0
  outer loop
   vertex -0.088410981 -0.0049997737 0.033124935
   vertex -0.088410981 -0.0056252951 0.032500044
   vertex -0.088410981 -0.0049995034 0.032499851
  endloop
 endfacet
 facet normal 1 -7.4398657e-08 7.6545149e-08
  outer loop
   vertex -0.088410981 -0.0068893545 0.035003656
   vertex -0.088410981 -0.007535832 0.035009164
   vertex -0.088410981 -0.0075287368 0.034382476
  endloop
 endfacet
 facet normal 1 -7.4398657e-08 7.6545149e-08
  outer loop
   vertex -0.088410981 -0.0068893545 0.035003656
   vertex -0.088410981 -0.0075287368 0.034382476
   vertex -0.088410981 -0.0068863943 0.034377941
  endloop
 endfacet
 facet normal 2.8072957e-05 -0.96592582 0.25881906
  outer loop
   vertex -0.08499321 -0.00016123452 0.032579749
   vertex -0.084992751 -0.00029863863 0.03206695
   vertex -0.084340206 -0.00029839849 0.032067775
  endloop
 endfacet
 facet normal 2.8072957e-05 -0.96592582 0.25881906
  outer loop
   vertex -0.08499321 -0.00016123452 0.032579749
   vertex -0.084340206 -0.00029839849 0.032067775
   vertex -0.084340964 -0.00016126501 0.032579582
  endloop
 endfacet
 facet normal 2.8073057e-05 -0.96592584 0.25881898
  outer loop
   vertex -0.084340206 -0.00029839849 0.032067775
   vertex -0.084992751 -0.00029863863 0.03206695
   vertex -0.084994403 -0.00053062379 0.031201169
  endloop
 endfacet
 facet normal 2.8073057e-05 -0.96592584 0.25881898
  outer loop
   vertex -0.084340206 -0.00029839849 0.032067775
   vertex -0.084994403 -0.00053062379 0.031201169
   vertex -0.084346461 -0.00053081993 0.031200615
  endloop
 endfacet
 facet normal 0.0013008689 -0.96610737 0.25813728
  outer loop
   vertex -0.082416262 -0.00017469041 0.032529586
   vertex -0.083049381 -0.00016414032 0.032572262
   vertex -0.083032899 -0.00029617715 0.032078016
  endloop
 endfacet
 facet normal 0.0013008689 -0.96610737 0.25813728
  outer loop
   vertex -0.082416262 -0.00017469041 0.032529586
   vertex -0.083032899 -0.00029617715 0.032078016
   vertex -0.082421605 -0.00029263693 0.032088248
  endloop
 endfacet
 facet normal 0.00064458998 -0.95630224 0.29237924
  outer loop
   vertex -0.082411395 -0.00037996421 0.031802599
   vertex -0.082421605 -0.00029263693 0.032088248
   vertex -0.083032899 -0.00029617715 0.032078016
  endloop
 endfacet
 facet normal 0.00064458998 -0.95630224 0.29237924
  outer loop
   vertex -0.082411395 -0.00037996421 0.031802599
   vertex -0.083032899 -0.00029617715 0.032078016
   vertex -0.083057519 -0.00053157333 0.0312012
  endloop
 endfacet
 facet normal 0.00064458998 -0.95630224 0.29237924
  outer loop
   vertex -0.082411395 -0.00037996421 0.031802599
   vertex -0.083057519 -0.00053157333 0.0312012
   vertex -0.082415502 -0.00053695751 0.031178193
  endloop
 endfacet
 facet normal 2.1270016e-05 -0.96593261 0.25879374
  outer loop
   vertex -0.08499321 -0.00016123452 0.032579749
   vertex -0.084340964 -0.00016126501 0.032579582
   vertex -0.084344689 -1.0903782e-05 0.033140796
  endloop
 endfacet
 facet normal 2.1270016e-05 -0.96593261 0.25879374
  outer loop
   vertex -0.08499321 -0.00016123452 0.032579749
   vertex -0.084344689 -1.0903782e-05 0.033140796
   vertex -0.08499455 -1.0670252e-05 0.033141662
  endloop
 endfacet
 facet normal 0.00043419614 -0.96593779 0.25877402
  outer loop
   vertex -0.082416262 -0.00017469041 0.032529586
   vertex -0.082412917 -2.5192895e-05 0.033087617
   vertex -0.083058768 -1.4835373e-05 0.033127363
  endloop
 endfacet
 facet normal 0.00043419614 -0.96593779 0.25877402
  outer loop
   vertex -0.082416262 -0.00017469041 0.032529586
   vertex -0.083058768 -1.4835373e-05 0.033127363
   vertex -0.083049381 -0.00016414032 0.032572262
  endloop
 endfacet
 facet normal -1 -2.5050109e-09 -2.3613342e-11
  outer loop
   vertex -0.082410976 -0.0075394617 0.037510202
   vertex -0.082410976 -0.0068953952 0.03750534
   vertex -0.082410976 -0.0068894955 0.03687889
  endloop
 endfacet
 facet normal -1 -2.5050109e-09 -2.3613342e-11
  outer loop
   vertex -0.082410976 -0.0075394617 0.037510202
   vertex -0.082410976 -0.0068894955 0.03687889
   vertex -0.082410976 -0.0075296524 0.036883061
  endloop
 endfacet
 facet normal -1 1.2236021e-17 4.4403148e-14
  outer loop
   vertex -0.082410976 -0.0050001683 0.035000044
   vertex -0.082410976 -0.0056258311 0.035000216
   vertex -0.082410976 -0.0056261299 0.035625298
  endloop
 endfacet
 facet normal -1 1.2236021e-17 4.4403148e-14
  outer loop
   vertex -0.082410976 -0.0050001683 0.035000044
   vertex -0.082410976 -0.0056261299 0.035625298
   vertex -0.082410976 -0.005000271 0.035625072
  endloop
 endfacet
 facet normal -1 0 -0
  outer loop
   vertex -0.082410976 -0.0050010254 0.037500272
   vertex -0.082410976 -0.0050006129 0.036875164
   vertex -0.082410976 -0.0056271013 0.036875561
  endloop
 endfacet
 facet normal -1 0 -0
  outer loop
   vertex -0.082410976 -0.0050010254 0.037500272
   vertex -0.082410976 -0.0056271013 0.036875561
   vertex -0.082410976 -0.0056282842 0.037500869
  endloop
 endfacet
 facet normal -1 2.5218e-06 -1.7164797e-06
  outer loop
   vertex -0.082410977 -0.0075197884 0.035005116
   vertex -0.082410978 -0.0075249038 0.035631445
   vertex -0.082410976 -0.0068852209 0.03562767
  endloop
 endfacet
 facet normal -1 2.5218e-06 -1.7164797e-06
  outer loop
   vertex -0.082410977 -0.0075197884 0.035005116
   vertex -0.082410976 -0.0068852209 0.03562767
   vertex -0.082410976 -0.0068830501 0.035002088
  endloop
 endfacet
 facet normal 0.00014898868 0.96594686 -0.2587405
  outer loop
   vertex -0.082411434 -0.0098701938 0.03498244
   vertex -0.083054956 -0.0098820838 0.034937681
   vertex -0.083040615 -0.0097485314 0.035436276
  endloop
 endfacet
 facet normal 0.00014898868 0.96594686 -0.2587405
  outer loop
   vertex -0.082411434 -0.0098701938 0.03498244
   vertex -0.083040615 -0.0097485314 0.035436276
   vertex -0.082412637 -0.0097512881 0.035426235
  endloop
 endfacet
 facet normal 1 1.7607117e-09 -1.7931254e-09
  outer loop
   vertex -0.088410981 -0.0024931801 0.036873286
   vertex -0.088410981 -0.0018564411 0.036870336
   vertex -0.088410981 -0.001858983 0.037496019
  endloop
 endfacet
 facet normal 1 1.7607117e-09 -1.7931254e-09
  outer loop
   vertex -0.088410981 -0.0024931801 0.036873286
   vertex -0.088410981 -0.001858983 0.037496019
   vertex -0.088410981 -0.0024944279 0.037498623
  endloop
 endfacet
 facet normal 0.99999966 0.00067895071 0.00047714281
  outer loop
   vertex -0.088411496 0.00012343965 0.035583314
   vertex -0.088411067 -0.00051692691 0.035595818
   vertex -0.0884108 -0.00045986227 0.034954666
  endloop
 endfacet
 facet normal 0.99999966 0.00067895071 0.00047714281
  outer loop
   vertex -0.088411496 0.00012343965 0.035583314
   vertex -0.0884108 -0.00045986227 0.034954666
   vertex -0.088409596 0.00043110024 0.034884381
  endloop
 endfacet
 facet normal 1 5.3663702e-10 -8.3771817e-08
  outer loop
   vertex -0.088410981 -0.0018384783 0.034990633
   vertex -0.088410981 -0.0018461686 0.035617495
   vertex -0.088410981 -0.0024885075 0.035622033
  endloop
 endfacet
 facet normal 1 5.3663702e-10 -8.3771817e-08
  outer loop
   vertex -0.088410981 -0.0018384783 0.034990633
   vertex -0.088410981 -0.0024885075 0.035622033
   vertex -0.088410981 -0.0024852115 0.034996222
  endloop
 endfacet
 facet normal 0.999998 0.0019731256 -0.00031514954
  outer loop
   vertex -0.088410971 -0.00053641152 0.037477527
   vertex -0.088411162 -0.0005392363 0.036853909
   vertex -0.088412517 0.00014547608 0.036838551
  endloop
 endfacet
 facet normal 0.999998 0.0019731256 -0.00031514954
  outer loop
   vertex -0.088410971 -0.00053641152 0.037477527
   vertex -0.088412517 0.00014547608 0.036838551
   vertex -0.088410351 0.00018298573 0.037450939
  endloop
 endfacet
 facet normal -1 4.3805796e-14 -2.1984062e-14
  outer loop
   vertex -0.082410976 -0.0075090986 0.032502226
   vertex -0.082410976 -0.0075118323 0.033128045
   vertex -0.082410976 -0.0068792107 0.033126085
  endloop
 endfacet
 facet normal -1 4.3805796e-14 -2.1984062e-14
  outer loop
   vertex -0.082410976 -0.0075090986 0.032502226
   vertex -0.082410976 -0.0068792107 0.033126085
   vertex -0.082410976 -0.0068781773 0.032500766
  endloop
 endfacet
 facet normal -1 -4.757761e-18 -2.2203642e-14
  outer loop
   vertex -0.082410976 -0.0050001683 0.035000044
   vertex -0.082410976 -0.0050000805 0.034375021
   vertex -0.082410976 -0.0056255904 0.034375155
  endloop
 endfacet
 facet normal -1 -4.757761e-18 -2.2203642e-14
  outer loop
   vertex -0.082410976 -0.0050001683 0.035000044
   vertex -0.082410976 -0.0056255904 0.034375155
   vertex -0.082410976 -0.0056258311 0.035000216
  endloop
 endfacet
 facet normal -1 -3.5263383e-18 -2.220285e-14
  outer loop
   vertex -0.082410976 -0.004999782 0.032499933
   vertex -0.082410976 -0.0056251837 0.032500032
   vertex -0.082410976 -0.0056253075 0.033125077
  endloop
 endfacet
 facet normal -1 -3.5263383e-18 -2.220285e-14
  outer loop
   vertex -0.082410976 -0.004999782 0.032499933
   vertex -0.082410976 -0.0056253075 0.033125077
   vertex -0.082410976 -0.0049999207 0.033124977
  endloop
 endfacet
 facet normal -1 8.3497165e-07 2.4377553e-09
  outer loop
   vertex -0.082410977 -0.0075197884 0.035005116
   vertex -0.082410976 -0.0068830501 0.035002088
   vertex -0.082410976 -0.0068812241 0.034376645
  endloop
 endfacet
 facet normal -1 8.3497165e-07 2.4377553e-09
  outer loop
   vertex -0.082410977 -0.0075197884 0.035005116
   vertex -0.082410976 -0.0068812241 0.034376645
   vertex -0.082410976 -0.0075157349 0.034379192
  endloop
 endfacet
 facet normal 2.3863253e-05 0.96592598 -0.25881848
  outer loop
   vertex -0.082411434 -0.0098701938 0.03498244
   vertex -0.082411131 -0.010019716 0.034424416
   vertex -0.083063688 -0.010030725 0.034383267
  endloop
 endfacet
 facet normal 2.3863253e-05 0.96592598 -0.25881848
  outer loop
   vertex -0.082411434 -0.0098701938 0.03498244
   vertex -0.083063688 -0.010030725 0.034383267
   vertex -0.083054956 -0.0098820838 0.034937681
  endloop
 endfacet
 facet normal 1.9575466e-15 -0.96592583 0.25881903
  outer loop
   vertex -0.08499321 -0.00016123452 0.032579749
   vertex -0.085644157 -0.00016141631 0.032579071
   vertex -0.085643203 -0.00029877327 0.032066447
  endloop
 endfacet
 facet normal 1.9575466e-15 -0.96592583 0.25881903
  outer loop
   vertex -0.08499321 -0.00016123452 0.032579749
   vertex -0.085643203 -0.00029877327 0.032066447
   vertex -0.084992751 -0.00029863863 0.03206695
  endloop
 endfacet
 facet normal -1.3242773e-15 -0.96592583 0.25881903
  outer loop
   vertex -0.085643203 -0.00029877327 0.032066447
   vertex -0.08564134 -0.00053067481 0.031200979
   vertex -0.084994403 -0.00053062379 0.031201169
  endloop
 endfacet
 facet normal -1.3242773e-15 -0.96592583 0.25881903
  outer loop
   vertex -0.085643203 -0.00029877327 0.032066447
   vertex -0.084994403 -0.00053062379 0.031201169
   vertex -0.084992751 -0.00029863863 0.03206695
  endloop
 endfacet
 facet normal 0.00066073903 -0.96592806 0.25880986
  outer loop
   vertex -0.0876678 -0.00016848839 0.032554869
   vertex -0.087639601 -0.00029842039 0.032069866
   vertex -0.086982714 -0.00029912392 0.032065563
  endloop
 endfacet
 facet normal 0.00066073903 -0.96592806 0.25880986
  outer loop
   vertex -0.0876678 -0.00016848839 0.032554869
   vertex -0.086982714 -0.00029912392 0.032065563
   vertex -0.086990439 -0.00016351693 0.032571553
  endloop
 endfacet
 facet normal 0.00066700892 -0.9656819 0.25972682
  outer loop
   vertex -0.086982714 -0.00029912392 0.032065563
   vertex -0.087639601 -0.00029842039 0.032069866
   vertex -0.087656927 -0.00053242574 0.031199863
  endloop
 endfacet
 facet normal 0.00066700892 -0.9656819 0.25972682
  outer loop
   vertex -0.086982714 -0.00029912392 0.032065563
   vertex -0.087656927 -0.00053242574 0.031199863
   vertex -0.086978195 -0.00053164811 0.031198538
  endloop
 endfacet
 facet normal -5.2545624e-16 -0.96592583 0.25881903
  outer loop
   vertex -0.08499321 -0.00016123452 0.032579749
   vertex -0.08499455 -1.0670252e-05 0.033141662
   vertex -0.085644005 -1.0797711e-05 0.033141187
  endloop
 endfacet
 facet normal -5.2545624e-16 -0.96592583 0.25881903
  outer loop
   vertex -0.08499321 -0.00016123452 0.032579749
   vertex -0.085644005 -1.0797711e-05 0.033141187
   vertex -0.085644157 -0.00016141631 0.032579071
  endloop
 endfacet
 facet normal 0.00071107608 -0.96589213 0.25894378
  outer loop
   vertex -0.0876678 -0.00016848839 0.032554869
   vertex -0.086990439 -0.00016351693 0.032571553
   vertex -0.08698863 -1.2568572e-05 0.033134604
  endloop
 endfacet
 facet normal 0.00071107608 -0.96589213 0.25894378
  outer loop
   vertex -0.0876678 -0.00016848839 0.032554869
   vertex -0.08698863 -1.2568572e-05 0.033134604
   vertex -0.087665902 -1.6013738e-05 0.033122169
  endloop
 endfacet
 facet normal 1 -4.0883917e-06 4.6739117e-06
  outer loop
   vertex -0.088410987 -0.0075656898 0.038141099
   vertex -0.088410984 -0.0075705057 0.037518216
   vertex -0.088410981 -0.0069068865 0.037508137
  endloop
 endfacet
 facet normal 1 -4.0883917e-06 4.6739117e-06
  outer loop
   vertex -0.088410987 -0.0075656898 0.038141099
   vertex -0.088410981 -0.0069068865 0.037508137
   vertex -0.088410981 -0.0069091434 0.03813357
  endloop
 endfacet
 facet normal 1 -2.1943507e-14 -2.2256909e-14
  outer loop
   vertex -0.088410981 -0.0050039447 0.039375985
   vertex -0.088410981 -0.0050059041 0.040001444
   vertex -0.088410981 -0.0056408505 0.040003922
  endloop
 endfacet
 facet normal 1 -2.1943507e-14 -2.2256909e-14
  outer loop
   vertex -0.088410981 -0.0050039447 0.039375985
   vertex -0.088410981 -0.0056408505 0.040003922
   vertex -0.088410981 -0.0056360608 0.039377803
  endloop
 endfacet
 facet normal 1 -0 0
  outer loop
   vertex -0.088410981 -0.0056295551 0.037501154
   vertex -0.088410981 -0.0050013632 0.037500344
   vertex -0.088410981 -0.0050018223 0.03812546
  endloop
 endfacet
 facet normal 1 -0 0
  outer loop
   vertex -0.088410981 -0.0056295551 0.037501154
   vertex -0.088410981 -0.0050018223 0.03812546
   vertex -0.088410981 -0.0056307033 0.038126444
  endloop
 endfacet
 facet normal 0.99999997 0.00015400315 -0.00020792872
  outer loop
   vertex -0.08841098 -0.0069496057 0.040018977
   vertex -0.08841087 -0.0076409672 0.040038698
   vertex -0.08841101 -0.0075909527 0.039399668
  endloop
 endfacet
 facet normal 0.99999997 0.00015400315 -0.00020792872
  outer loop
   vertex -0.08841098 -0.0069496057 0.040018977
   vertex -0.08841101 -0.0075909527 0.039399668
   vertex -0.088410982 -0.0069291731 0.039389209
  endloop
 endfacet
 facet normal 0.00013332636 0.96604462 -0.25837527
  outer loop
   vertex -0.087662494 -0.0098805326 0.034942577
   vertex -0.087635388 -0.0097486611 0.035435648
   vertex -0.086979913 -0.0097464912 0.035444099
  endloop
 endfacet
 facet normal 0.00013332636 0.96604462 -0.25837527
  outer loop
   vertex -0.087662494 -0.0098805326 0.034942577
   vertex -0.086979913 -0.0097464912 0.035444099
   vertex -0.086986859 -0.009883169 0.034933953
  endloop
 endfacet
 facet normal 0.00013837991 0.96594645 -0.25874202
  outer loop
   vertex -0.086979913 -0.0097464912 0.035444099
   vertex -0.087635388 -0.0097486611 0.035435648
   vertex -0.08766006 -0.0095140405 0.03631153
  endloop
 endfacet
 facet normal 0.00013837991 0.96594645 -0.25874202
  outer loop
   vertex -0.086979913 -0.0097464912 0.035444099
   vertex -0.08766006 -0.0095140405 0.03631153
   vertex -0.086982126 -0.0095138206 0.036312452
  endloop
 endfacet
 facet normal 1 -1.7864179e-06 1.2885997e-07
  outer loop
   vertex -0.088410982 -0.0075543412 0.036889332
   vertex -0.088410981 -0.0069003651 0.036881598
   vertex -0.088410981 -0.0069068865 0.037508137
  endloop
 endfacet
 facet normal 1 -1.7864179e-06 1.2885997e-07
  outer loop
   vertex -0.088410982 -0.0075543412 0.036889332
   vertex -0.088410981 -0.0069068865 0.037508137
   vertex -0.088410984 -0.0075705057 0.037518216
  endloop
 endfacet
 facet normal 1 -4.4293973e-14 2.2171218e-14
  outer loop
   vertex -0.088410981 -0.0050004477 0.035625114
   vertex -0.088410981 -0.0056268868 0.035625479
   vertex -0.088410981 -0.0056264711 0.035000372
  endloop
 endfacet
 facet normal 1 -4.4293973e-14 2.2171218e-14
  outer loop
   vertex -0.088410981 -0.0050004477 0.035625114
   vertex -0.088410981 -0.0056264711 0.035000372
   vertex -0.088410981 -0.0050002916 0.035000074
  endloop
 endfacet
 facet normal 1 -1.0364115e-07 -3.3606191e-10
  outer loop
   vertex -0.088410981 -0.0068893545 0.035003656
   vertex -0.088410981 -0.0068913827 0.035629154
   vertex -0.088410981 -0.0075379449 0.03563455
  endloop
 endfacet
 facet normal 1 -1.0364115e-07 -3.3606191e-10
  outer loop
   vertex -0.088410981 -0.0068893545 0.035003656
   vertex -0.088410981 -0.0075379449 0.03563455
   vertex -0.088410981 -0.007535832 0.035009164
  endloop
 endfacet
 facet normal 1 2.2139386e-14 2.2233687e-14
  outer loop
   vertex -0.088410981 -0.0056295551 0.037501154
   vertex -0.088410981 -0.0056284626 0.036875888
   vertex -0.088410981 -0.0050009863 0.036875251
  endloop
 endfacet
 facet normal 1 2.2139386e-14 2.2233687e-14
  outer loop
   vertex -0.088410981 -0.0056295551 0.037501154
   vertex -0.088410981 -0.0050009863 0.036875251
   vertex -0.088410981 -0.0050013632 0.037500344
  endloop
 endfacet
 facet normal 0.00021104452 -0.96623717 0.25765418
  outer loop
   vertex -0.083054824 0.00050350589 0.035063213
   vertex -0.083040789 0.00037055596 0.034564622
   vertex -0.082421851 0.00037333978 0.034574555
  endloop
 endfacet
 facet normal 0.00021104452 -0.96623717 0.25765418
  outer loop
   vertex -0.083054824 0.00050350589 0.035063213
   vertex -0.082421851 0.00037333978 0.034574555
   vertex -0.082416261 0.00049214327 0.035018377
  endloop
 endfacet
 facet normal 0.00022233506 -0.96641151 0.25699949
  outer loop
   vertex -0.082421851 0.00037333978 0.034574555
   vertex -0.083040789 0.00037055596 0.034564622
   vertex -0.083058827 0.00013852618 0.033692121
  endloop
 endfacet
 facet normal 0.00022233506 -0.96641151 0.25699949
  outer loop
   vertex -0.082421851 0.00037333978 0.034574555
   vertex -0.083058827 0.00013852618 0.033692121
   vertex -0.082411162 0.00012515136 0.033668249
  endloop
 endfacet
 facet normal 0.00022233506 -0.96641151 0.25699949
  outer loop
   vertex -0.082421851 0.00037333978 0.034574555
   vertex -0.082411162 0.00012515136 0.033668249
   vertex -0.082411395 0.00028544364 0.034291771
  endloop
 endfacet
 facet normal 0.0006675327 -0.96597569 0.25863201
  outer loop
   vertex -0.087661022 0.00065183742 0.035616591
   vertex -0.087662854 0.00050233018 0.035058195
   vertex -0.086987111 0.00050509576 0.03506678
  endloop
 endfacet
 facet normal 0.0006675327 -0.96597569 0.25863201
  outer loop
   vertex -0.087661022 0.00065183742 0.035616591
   vertex -0.086987111 0.00050509576 0.03506678
   vertex -0.08698502 0.00065543529 0.035628062
  endloop
 endfacet
 facet normal 0.00013710358 -0.96594651 0.25874182
  outer loop
   vertex -0.086980166 0.00036849679 0.034556751
   vertex -0.087635727 0.00037067009 0.034565212
   vertex -0.087660405 0.00013582527 0.033688491
  endloop
 endfacet
 facet normal 0.00013710358 -0.96594651 0.25874182
  outer loop
   vertex -0.086980166 0.00036849679 0.034556751
   vertex -0.087660405 0.00013582527 0.033688491
   vertex -0.086982395 0.00013561717 0.033687618
  endloop
 endfacet
 facet normal 0.00013665684 -0.96595518 0.25870944
  outer loop
   vertex -0.087635727 0.00037067009 0.034565212
   vertex -0.086980166 0.00036849679 0.034556751
   vertex -0.086987111 0.00050509576 0.03506678
  endloop
 endfacet
 facet normal 0.00013665684 -0.96595518 0.25870944
  outer loop
   vertex -0.087635727 0.00037067009 0.034565212
   vertex -0.086987111 0.00050509576 0.03506678
   vertex -0.087662854 0.00050233018 0.035058195
  endloop
 endfacet
 facet normal 6.2320986e-07 0.965926 -0.25881841
  outer loop
   vertex -0.084993512 -0.0072346821 0.044818316
   vertex -0.084342333 -0.0072348881 0.044817549
   vertex -0.084342825 -0.007372658 0.044303383
  endloop
 endfacet
 facet normal 6.2320986e-07 0.965926 -0.25881841
  outer loop
   vertex -0.084993512 -0.0072346821 0.044818316
   vertex -0.084342825 -0.007372658 0.044303383
   vertex -0.084993815 -0.007372713 0.044303178
  endloop
 endfacet
 facet normal -6.8427382e-08 0.96592583 -0.25881904
  outer loop
   vertex -0.084993512 -0.0072346821 0.044818316
   vertex -0.084995311 -0.0070032338 0.045682093
   vertex -0.084347432 -0.0070031297 0.045682481
  endloop
 endfacet
 facet normal -6.8427382e-08 0.96592583 -0.25881904
  outer loop
   vertex -0.084993512 -0.0072346821 0.044818316
   vertex -0.084347432 -0.0070031297 0.045682481
   vertex -0.084342333 -0.0072348881 0.044817549
  endloop
 endfacet
 facet normal 5.635448e-05 0.96592885 -0.25880777
  outer loop
   vertex -0.082411925 -0.0072400687 0.044798229
   vertex -0.082411194 -0.0073589774 0.044354435
   vertex -0.083053704 -0.0073708728 0.044309899
  endloop
 endfacet
 facet normal 5.635448e-05 0.96592885 -0.25880777
  outer loop
   vertex -0.082411925 -0.0072400687 0.044798229
   vertex -0.083053704 -0.0073708728 0.044309899
   vertex -0.083039394 -0.0072374331 0.044807918
  endloop
 endfacet
 facet normal 6.2698577e-05 0.96595625 -0.25870547
  outer loop
   vertex -0.082411925 -0.0072400687 0.044798229
   vertex -0.083039394 -0.0072374331 0.044807918
   vertex -0.083057915 -0.0070037384 0.045680484
  endloop
 endfacet
 facet normal 6.2698577e-05 0.96595625 -0.25870547
  outer loop
   vertex -0.082411925 -0.0072400687 0.044798229
   vertex -0.083057915 -0.0070037384 0.045680484
   vertex -0.082410981 -0.0069966957 0.045705825
  endloop
 endfacet
 facet normal 6.2698577e-05 0.96595625 -0.25870547
  outer loop
   vertex -0.082411925 -0.0072400687 0.044798229
   vertex -0.082410981 -0.0069966957 0.045705825
   vertex -0.082410997 -0.0071625244 0.045083786
  endloop
 endfacet
 facet normal -2.6704388e-08 0.96592572 -0.25881943
  outer loop
   vertex -0.084995974 -0.0076704764 0.04319191
   vertex -0.084349582 -0.0076703383 0.043192425
   vertex -0.084344052 -0.0079005877 0.042333124
  endloop
 endfacet
 facet normal -2.6704388e-08 0.96592572 -0.25881943
  outer loop
   vertex -0.084995974 -0.0076704764 0.04319191
   vertex -0.084344052 -0.0079005877 0.042333124
   vertex -0.08499405 -0.0079003219 0.042334115
  endloop
 endfacet
 facet normal -3.6293417e-05 0.96493222 -0.26249916
  outer loop
   vertex -0.082410998 -0.0078292587 0.042594969
   vertex -0.082411925 -0.0079069319 0.042309446
   vertex -0.083041979 -0.0079036846 0.04232147
  endloop
 endfacet
 facet normal -3.6293417e-05 0.96493222 -0.26249916
  outer loop
   vertex -0.082410998 -0.0078292587 0.042594969
   vertex -0.083041979 -0.0079036846 0.04232147
   vertex -0.083062348 -0.0076709718 0.043190409
  endloop
 endfacet
 facet normal -3.6293417e-05 0.96493222 -0.26249916
  outer loop
   vertex -0.082410998 -0.0078292587 0.042594969
   vertex -0.083062348 -0.0076709718 0.043190409
   vertex -0.082410981 -0.0076635326 0.043217035
  endloop
 endfacet
 facet normal 0.00011811594 0.9659549 -0.2587105
  outer loop
   vertex -0.082411268 -0.0080257076 0.041866157
   vertex -0.083054474 -0.0080377531 0.041820889
   vertex -0.083041979 -0.0079036846 0.04232147
  endloop
 endfacet
 facet normal 0.00011811594 0.9659549 -0.2587105
  outer loop
   vertex -0.082411268 -0.0080257076 0.041866157
   vertex -0.083041979 -0.0079036846 0.04232147
   vertex -0.082411925 -0.0079069319 0.042309446
  endloop
 endfacet
 facet normal 1.5300563e-07 0.96592594 -0.25881861
  outer loop
   vertex -0.084344052 -0.0079005877 0.042333124
   vertex -0.084344147 -0.00803889 0.041816972
   vertex -0.084994225 -0.0080388808 0.041817006
  endloop
 endfacet
 facet normal 1.5300563e-07 0.96592594 -0.25881861
  outer loop
   vertex -0.084344052 -0.0079005877 0.042333124
   vertex -0.084994225 -0.0080388808 0.041817006
   vertex -0.08499405 -0.0079003219 0.042334115
  endloop
 endfacet
 facet normal 1 0 0
  outer loop
   vertex -0.088410981 -0.0018740809 0.042499768
   vertex -0.088410981 -0.0018743675 0.043124839
   vertex -0.088410981 -0.0025000306 0.043125008
  endloop
 endfacet
 facet normal 1 0 0
  outer loop
   vertex -0.088410981 -0.0018740809 0.042499768
   vertex -0.088410981 -0.0025000306 0.043125008
   vertex -0.088410981 -0.002499899 0.042499975
  endloop
 endfacet
 facet normal 1 6.9879084e-17 2.217888e-14
  outer loop
   vertex -0.088410981 1.4658111e-05 0.044371281
   vertex -0.088410981 1.173616e-05 0.044997011
   vertex -0.088410981 -0.00062106386 0.044999005
  endloop
 endfacet
 facet normal 1 6.9879084e-17 2.217888e-14
  outer loop
   vertex -0.088410981 1.4658111e-05 0.044371281
   vertex -0.088410981 -0.00062106386 0.044999005
   vertex -0.088410981 -0.00061995115 0.044373724
  endloop
 endfacet
 facet normal 1 2.2175605e-14 -2.2196088e-14
  outer loop
   vertex -0.088410981 -0.0018748604 0.044999966
   vertex -0.088410981 -0.0025005105 0.045000129
   vertex -0.088410981 -0.0025003223 0.044375082
  endloop
 endfacet
 facet normal 1 2.2175605e-14 -2.2196088e-14
  outer loop
   vertex -0.088410981 -0.0018748604 0.044999966
   vertex -0.088410981 -0.0025003223 0.044375082
   vertex -0.088410981 -0.0018747181 0.04437493
  endloop
 endfacet
 facet normal 1 0 0
  outer loop
   vertex -0.088410981 1.9696589e-05 0.043119898
   vertex -0.088410981 -0.00061743175 0.043123051
   vertex -0.088410981 -0.00061505449 0.042497446
  endloop
 endfacet
 facet normal 1 0 0
  outer loop
   vertex -0.088410981 1.9696589e-05 0.043119898
   vertex -0.088410981 -0.00061505449 0.042497446
   vertex -0.088410981 2.5334361e-05 0.042493437
  endloop
 endfacet
 facet normal -0.00544521 0.90538475 -0.42455718
  outer loop
   vertex -0.083054201 -0.0057061571 0.050021138
   vertex -0.082410985 -0.0056733961 0.050082753
   vertex -0.082410976 -0.0059471415 0.04949898
  endloop
 endfacet
 facet normal -0.00544521 0.90538475 -0.42455718
  outer loop
   vertex -0.083054201 -0.0057061571 0.050021138
   vertex -0.082410976 -0.0059471415 0.04949898
   vertex -0.082410976 -0.0060566873 0.049190494
  endloop
 endfacet
 facet normal -0.00544521 0.90538475 -0.42455718
  outer loop
   vertex -0.083054201 -0.0057061571 0.050021138
   vertex -0.082410976 -0.0060566873 0.049190494
   vertex -0.083039812 -0.0060523244 0.049203922
  endloop
 endfacet
 facet normal 2.3288708e-15 0.96592583 -0.25881904
  outer loop
   vertex -0.084993512 -0.0072346821 0.044818316
   vertex -0.084993815 -0.007372713 0.044303178
   vertex -0.085643832 -0.007372646 0.044303428
  endloop
 endfacet
 facet normal 2.3288708e-15 0.96592583 -0.25881904
  outer loop
   vertex -0.084993512 -0.0072346821 0.044818316
   vertex -0.085643832 -0.007372646 0.044303428
   vertex -0.085643144 -0.0072346432 0.044818461
  endloop
 endfacet
 facet normal 0.00013946153 0.96593268 -0.25879344
  outer loop
   vertex -0.087636721 -0.0072372041 0.044808532
   vertex -0.0869809 -0.0072352047 0.044816348
   vertex -0.086987844 -0.0073716566 0.044307045
  endloop
 endfacet
 facet normal 0.00013946153 0.96593268 -0.25879344
  outer loop
   vertex -0.087636721 -0.0072372041 0.044808532
   vertex -0.086987844 -0.0073716566 0.044307045
   vertex -0.087663902 -0.0073686964 0.044316876
  endloop
 endfacet
 facet normal 1.4956871e-15 0.96592583 -0.25881904
  outer loop
   vertex -0.085642451 -0.0076704343 0.043192067
   vertex -0.084995974 -0.0076704764 0.04319191
   vertex -0.08499405 -0.0079003219 0.042334115
  endloop
 endfacet
 facet normal 1.4956871e-15 0.96592583 -0.25881904
  outer loop
   vertex -0.085642451 -0.0076704343 0.043192067
   vertex -0.08499405 -0.0079003219 0.042334115
   vertex -0.085642545 -0.007900314 0.042334144
  endloop
 endfacet
 facet normal 3.4797454e-07 0.9659216 -0.25883482
  outer loop
   vertex -0.086977861 -0.0079012941 0.042330486
   vertex -0.087633592 -0.0079038497 0.042320948
   vertex -0.087656783 -0.0076699631 0.043193768
  endloop
 endfacet
 facet normal 3.4797454e-07 0.9659216 -0.25883482
  outer loop
   vertex -0.086977861 -0.0079012941 0.042330486
   vertex -0.087656783 -0.0076699631 0.043193768
   vertex -0.086979431 -0.0076697773 0.043194517
  endloop
 endfacet
 facet normal 9.0456876e-08 0.96592603 -0.2588183
  outer loop
   vertex -0.087662234 -0.0080367387 0.041824998
   vertex -0.087633592 -0.0079038497 0.042320948
   vertex -0.086977861 -0.0079012941 0.042330486
  endloop
 endfacet
 facet normal 9.0456876e-08 0.96592603 -0.2588183
  outer loop
   vertex -0.087662234 -0.0080367387 0.041824998
   vertex -0.086977861 -0.0079012941 0.042330486
   vertex -0.086985697 -0.0080384205 0.041818724
  endloop
 endfacet
 facet normal 4.7695328e-15 0.96592583 -0.25881904
  outer loop
   vertex -0.084994225 -0.0080388808 0.041817006
   vertex -0.085643279 -0.0080388363 0.041817172
   vertex -0.085642545 -0.007900314 0.042334144
  endloop
 endfacet
 facet normal 4.7695328e-15 0.96592583 -0.25881904
  outer loop
   vertex -0.084994225 -0.0080388808 0.041817006
   vertex -0.085642545 -0.007900314 0.042334144
   vertex -0.08499405 -0.0079003219 0.042334115
  endloop
 endfacet
 facet normal 1 2.1629749e-14 -2.1946894e-14
  outer loop
   vertex -0.088410981 -0.005008555 0.040627081
   vertex -0.088410981 -0.0056468461 0.040630348
   vertex -0.088410981 -0.0056408505 0.040003922
  endloop
 endfacet
 facet normal 1 2.1629749e-14 -2.1946894e-14
  outer loop
   vertex -0.088410981 -0.005008555 0.040627081
   vertex -0.088410981 -0.0056408505 0.040003922
   vertex -0.088410981 -0.0050059041 0.040001444
  endloop
 endfacet
 facet normal 0.99999999 -0.00013375725 3.4814619e-06
  outer loop
   vertex -0.08841098 -0.0069496057 0.040018977
   vertex -0.088410984 -0.0069596394 0.040645331
   vertex -0.088411072 -0.0076185412 0.040654228
  endloop
 endfacet
 facet normal 0.99999999 -0.00013375725 3.4814619e-06
  outer loop
   vertex -0.08841098 -0.0069496057 0.040018977
   vertex -0.088411072 -0.0076185412 0.040654228
   vertex -0.08841087 -0.0076409672 0.040038698
  endloop
 endfacet
 facet normal 1 0 0
  outer loop
   vertex -0.088410981 -0.0056667602 0.042510418
   vertex -0.088410981 -0.0056639 0.041884715
   vertex -0.088410981 -0.0050156259 0.041878879
  endloop
 endfacet
 facet normal 1 0 0
  outer loop
   vertex -0.088410981 -0.0056667602 0.042510418
   vertex -0.088410981 -0.0050156259 0.041878879
   vertex -0.088410981 -0.0050180111 0.04250452
  endloop
 endfacet
 facet normal 1 -0 0
  outer loop
   vertex -0.088410981 -0.0025020335 0.046875541
   vertex -0.088410981 -0.0018754392 0.046875139
   vertex -0.088410981 -0.0018757366 0.047500385
  endloop
 endfacet
 facet normal 1 -0 0
  outer loop
   vertex -0.088410981 -0.0025020335 0.046875541
   vertex -0.088410981 -0.0018757366 0.047500385
   vertex -0.088410981 -0.0025030321 0.047500982
  endloop
 endfacet
 facet normal 1 2.1991209e-14 3.5856065e-17
  outer loop
   vertex -0.088410981 8.9797722e-06 0.045622794
   vertex -0.088410981 -0.00062208337 0.045624288
   vertex -0.088410981 -0.00062106386 0.044999005
  endloop
 endfacet
 facet normal 1 2.1991209e-14 3.5856065e-17
  outer loop
   vertex -0.088410981 8.9797722e-06 0.045622794
   vertex -0.088410981 -0.00062106386 0.044999005
   vertex -0.088410981 1.173616e-05 0.044997011
  endloop
 endfacet
 facet normal 1 0 0
  outer loop
   vertex -0.088410981 -0.0018748604 0.044999966
   vertex -0.088410981 -0.0018750211 0.045625007
   vertex -0.088410981 -0.0025008132 0.045625206
  endloop
 endfacet
 facet normal 1 0 0
  outer loop
   vertex -0.088410981 -0.0018748604 0.044999966
   vertex -0.088410981 -0.0025008132 0.045625206
   vertex -0.088410981 -0.0025005105 0.045000129
  endloop
 endfacet
 facet normal 1 0 0
  outer loop
   vertex -0.088410981 -0.0006232409 0.047500323
   vertex -0.088410981 -0.00062311562 0.046874785
   vertex -0.088410981 6.299297e-06 0.046874142
  endloop
 endfacet
 facet normal 1 0 0
  outer loop
   vertex -0.088410981 -0.0006232409 0.047500323
   vertex -0.088410981 6.299297e-06 0.046874142
   vertex -0.088410981 5.7720572e-06 0.047500352
  endloop
 endfacet
 facet normal 6.9992132e-17 -0.96592583 0.25881903
  outer loop
   vertex -0.085643366 0.0031678212 0.045003955
   vertex -0.085643601 0.0030171132 0.044441505
   vertex -0.084994128 0.0030171507 0.044441645
  endloop
 endfacet
 facet normal 6.9992132e-17 -0.96592583 0.25881903
  outer loop
   vertex -0.085643366 0.0031678212 0.045003955
   vertex -0.084994128 0.0030171507 0.044441645
   vertex -0.084995406 0.0031678466 0.045004049
  endloop
 endfacet
 facet normal 0.00017996097 -0.96583593 0.25915423
  outer loop
   vertex -0.086984222 0.0031666571 0.044999639
   vertex -0.08765993 0.0031635001 0.044988342
   vertex -0.087661544 0.0030138634 0.044430666
  endloop
 endfacet
 facet normal 0.00017996097 -0.96583593 0.25915423
  outer loop
   vertex -0.086984222 0.0031666571 0.044999639
   vertex -0.087661544 0.0030138634 0.044430666
   vertex -0.086986203 0.0030163786 0.044438838
  endloop
 endfacet
 facet normal 0.00045913789 -0.96582962 0.25917742
  outer loop
   vertex -0.087664333 0.0024959027 0.042496777
   vertex -0.087666447 0.0023449378 0.041934207
   vertex -0.086989657 0.0023486095 0.04194669
  endloop
 endfacet
 facet normal 0.00045913789 -0.96582962 0.25917742
  outer loop
   vertex -0.087664333 0.0024959027 0.042496777
   vertex -0.086989657 0.0023486095 0.04194669
   vertex -0.086987576 0.0024991951 0.042508635
  endloop
 endfacet
 facet normal 6.1399463e-17 -0.96592583 0.25881903
  outer loop
   vertex -0.084994724 0.0025007195 0.042514297
   vertex -0.08564385 0.0025006481 0.042514031
   vertex -0.085644096 0.0023499918 0.041951773
  endloop
 endfacet
 facet normal 6.1399463e-17 -0.96592583 0.25881903
  outer loop
   vertex -0.084994724 0.0025007195 0.042514297
   vertex -0.085644096 0.0023499918 0.041951773
   vertex -0.084993427 0.0023500984 0.041952171
  endloop
 endfacet
 facet normal -4.7964325e-06 -0.96592917 0.25880655
  outer loop
   vertex -0.084347338 0.0031675906 0.045003078
   vertex -0.084350476 0.0033143206 0.04555071
   vertex -0.084996287 0.0033144098 0.045551031
  endloop
 endfacet
 facet normal -4.7964325e-06 -0.96592917 0.25880655
  outer loop
   vertex -0.084347338 0.0031675906 0.045003078
   vertex -0.084996287 0.0033144098 0.045551031
   vertex -0.084995406 0.0031678466 0.045004049
  endloop
 endfacet
 facet normal -0.014164833 -0.96476003 0.26274977
  outer loop
   vertex -0.082411212 0.0033012783 0.04552955
   vertex -0.083063928 0.0033173842 0.045553499
   vertex -0.083064561 0.0031637502 0.044989355
  endloop
 endfacet
 facet normal -0.014164833 -0.96476003 0.26274977
  outer loop
   vertex -0.082411212 0.0033012783 0.04552955
   vertex -0.083064561 0.0031637502 0.044989355
   vertex -0.082413169 0.0031528665 0.0449484
  endloop
 endfacet
 facet normal 4.3238292e-15 -0.96592583 0.25881903
  outer loop
   vertex -0.084996287 0.0033144098 0.045551031
   vertex -0.085642306 0.0033143614 0.04555085
   vertex -0.085643366 0.0031678212 0.045003955
  endloop
 endfacet
 facet normal 4.3238292e-15 -0.96592583 0.25881903
  outer loop
   vertex -0.084996287 0.0033144098 0.045551031
   vertex -0.085643366 0.0031678212 0.045003955
   vertex -0.084995406 0.0031678466 0.045004049
  endloop
 endfacet
 facet normal 0.00021438322 -0.96592778 0.25881167
  outer loop
   vertex -0.086984222 0.0031666571 0.044999639
   vertex -0.086978159 0.0033138103 0.045548834
   vertex -0.087655129 0.0033140447 0.045550269
  endloop
 endfacet
 facet normal 0.00021438322 -0.96592778 0.25881167
  outer loop
   vertex -0.086984222 0.0031666571 0.044999639
   vertex -0.087655129 0.0033140447 0.045550269
   vertex -0.08765993 0.0031635001 0.044988342
  endloop
 endfacet
 facet normal 0.99999997 -0.00025172769 -3.1332952e-06
  outer loop
   vertex -0.08841098 0.0019524282 0.047494747
   vertex -0.088410978 0.0019688838 0.046858507
   vertex -0.088410797 0.0026875181 0.046836535
  endloop
 endfacet
 facet normal 0.99999997 -0.00025172769 -3.1332952e-06
  outer loop
   vertex -0.08841098 0.0019524282 0.047494747
   vertex -0.088410797 0.0026875181 0.046836535
   vertex -0.088410974 0.0026269712 0.047488512
  endloop
 endfacet
 facet normal 1 9.4285301e-12 1.6985645e-09
  outer loop
   vertex -0.088410981 0.000654783 0.044992351
   vertex -0.088410981 0.00064829638 0.045619245
   vertex -0.088410981 8.9797722e-06 0.045622794
  endloop
 endfacet
 facet normal 1 9.4285301e-12 1.6985645e-09
  outer loop
   vertex -0.088410981 0.000654783 0.044992351
   vertex -0.088410981 8.9797722e-06 0.045622794
   vertex -0.088410981 1.173616e-05 0.044997011
  endloop
 endfacet
 facet normal 1 2.1677652e-14 -4.4160459e-14
  outer loop
   vertex -0.088410981 6.299297e-06 0.046874142
   vertex -0.088410981 0.00064280261 0.046872333
   vertex -0.088410981 0.00064100204 0.047499966
  endloop
 endfacet
 facet normal 1 2.1677652e-14 -4.4160459e-14
  outer loop
   vertex -0.088410981 6.299297e-06 0.046874142
   vertex -0.088410981 0.00064100204 0.047499966
   vertex -0.088410981 5.7720572e-06 0.047500352
  endloop
 endfacet
 facet normal 0.99999996 0.00027642233 -2.3082058e-06
  outer loop
   vertex -0.088411173 0.0026215741 0.045588594
   vertex -0.088410992 0.0019667086 0.045601783
   vertex -0.088411 0.0019899282 0.044969323
  endloop
 endfacet
 facet normal 0.99999996 0.00027642233 -2.3082058e-06
  outer loop
   vertex -0.088411173 0.0026215741 0.045588594
   vertex -0.088411 0.0019899282 0.044969323
   vertex -0.088411209 0.0026399596 0.044954285
  endloop
 endfacet
 facet normal -1.1969946e-05 -0.92314109 -0.38446134
  outer loop
   vertex -0.085645412 0.0031381367 0.049983204
   vertex -0.085644097 0.003469277 0.049188093
   vertex -0.084992522 0.003469307 0.049188001
  endloop
 endfacet
 facet normal -1.1969946e-05 -0.92314109 -0.38446134
  outer loop
   vertex -0.085645412 0.0031381367 0.049983204
   vertex -0.084992522 0.003469307 0.049188001
   vertex -0.084994065 0.0031376701 0.049984081
  endloop
 endfacet
 facet normal 0.00045734922 0.2591748 0.96583032
  outer loop
   vertex -0.08766737 -0.0068741873 0.026907238
   vertex -0.08766937 -0.0074416651 0.027059518
   vertex -0.086991683 -0.0074251112 0.027054755
  endloop
 endfacet
 facet normal 0.00045734922 0.2591748 0.96583032
  outer loop
   vertex -0.08766737 -0.0068741873 0.026907238
   vertex -0.086991683 -0.0074251112 0.027054755
   vertex -0.086989863 -0.0068619582 0.026903845
  endloop
 endfacet
 facet normal 5.2841495e-15 0.25881901 0.96592584
  outer loop
   vertex -0.084994253 -0.0068549015 0.026901947
   vertex -0.085644188 -0.00685539 0.026902078
   vertex -0.085644339 -0.0074176962 0.027052747
  endloop
 endfacet
 facet normal 5.2841495e-15 0.25881901 0.96592584
  outer loop
   vertex -0.084994253 -0.0068549015 0.026901947
   vertex -0.085644339 -0.0074176962 0.027052747
   vertex -0.084992857 -0.0074170315 0.027052569
  endloop
 endfacet
 facet normal -2.6220109e-15 0.25881901 0.96592584
  outer loop
   vertex -0.084994476 -0.0098418407 0.027702295
   vertex -0.084994018 -0.0093230641 0.027563289
   vertex -0.085642501 -0.0093232076 0.027563328
  endloop
 endfacet
 facet normal -2.6220109e-15 0.25881901 0.96592584
  outer loop
   vertex -0.084994476 -0.0098418407 0.027702295
   vertex -0.085642501 -0.0093232076 0.027563328
   vertex -0.085641409 -0.009841752 0.027702271
  endloop
 endfacet
 facet normal 0.0002123337 0.25887447 0.96591095
  outer loop
   vertex -0.087627669 -0.0098299417 0.027699299
   vertex -0.086972635 -0.0098396379 0.027701753
   vertex -0.086982738 -0.0093252887 0.027563904
  endloop
 endfacet
 facet normal 0.0002123337 0.25887447 0.96591095
  outer loop
   vertex -0.087627669 -0.0098299417 0.027699299
   vertex -0.086982738 -0.0093252887 0.027563904
   vertex -0.087658515 -0.0093313886 0.027565599
  endloop
 endfacet
 facet normal 0.99999988 0.00027471068 -0.00040801018
  outer loop
   vertex -0.088411261 -0.0069087317 0.027403273
   vertex -0.088411006 -0.0068995074 0.028033431
   vertex -0.088410853 -0.0075411337 0.027975653
  endloop
 endfacet
 facet normal 0.99999988 0.00027471068 -0.00040801018
  outer loop
   vertex -0.088411261 -0.0069087317 0.027403273
   vertex -0.088410853 -0.0075411337 0.027975653
   vertex -0.088409596 -0.00760083 0.027124094
  endloop
 endfacet
 facet normal 1 -4.416691e-14 -2.1715935e-14
  outer loop
   vertex -0.088410981 -0.0056258133 0.029994259
   vertex -0.088410981 -0.0056279939 0.029359634
   vertex -0.088410981 -0.00500025 0.029361019
  endloop
 endfacet
 facet normal 1 -4.416691e-14 -2.1715935e-14
  outer loop
   vertex -0.088410981 -0.0056258133 0.029994259
   vertex -0.088410981 -0.00500025 0.029361019
   vertex -0.088410981 -0.0049986702 0.029994824
  endloop
 endfacet
 facet normal 1 2.1732964e-07 1.2476817e-08
  outer loop
   vertex -0.088410981 -0.0075117969 0.029337473
   vertex -0.088410981 -0.006882449 0.029348492
   vertex -0.088410981 -0.0068789595 0.029989219
  endloop
 endfacet
 facet normal 1 2.1732964e-07 1.2476817e-08
  outer loop
   vertex -0.088410981 -0.0075117969 0.029337473
   vertex -0.088410981 -0.0068789595 0.029989219
   vertex -0.088410981 -0.0075079571 0.029984639
  endloop
 endfacet
 facet normal 0.99999999 -6.8473324e-06 -0.00016406807
  outer loop
   vertex -0.088410983 -0.0050150071 0.028049338
   vertex -0.088410986 -0.005640735 0.028055547
   vertex -0.088411096 -0.0056529552 0.027384709
  endloop
 endfacet
 facet normal 0.99999999 -6.8473324e-06 -0.00016406807
  outer loop
   vertex -0.088410983 -0.0050150071 0.028049338
   vertex -0.088411096 -0.0056529552 0.027384709
   vertex -0.088410877 -0.0050395949 0.027343003
  endloop
 endfacet
 facet normal 0.00014156558 0.25879297 0.9659328
  outer loop
   vertex -0.087640995 -0.0079259021 0.027189022
   vertex -0.086984129 -0.0079304046 0.027190132
   vertex -0.086991683 -0.0074251112 0.027054755
  endloop
 endfacet
 facet normal 0.00014156558 0.25879297 0.9659328
  outer loop
   vertex -0.087640995 -0.0079259021 0.027189022
   vertex -0.086991683 -0.0074251112 0.027054755
   vertex -0.08766937 -0.0074416651 0.027059518
  endloop
 endfacet
 facet normal 9.3608616e-15 0.25881901 0.96592584
  outer loop
   vertex -0.085644339 -0.0074176962 0.027052747
   vertex -0.085643467 -0.0079294891 0.027189882
   vertex -0.084992374 -0.007928961 0.02718974
  endloop
 endfacet
 facet normal 9.3608616e-15 0.25881901 0.96592584
  outer loop
   vertex -0.085644339 -0.0074176962 0.027052747
   vertex -0.084992374 -0.007928961 0.02718974
   vertex -0.084992857 -0.0074170315 0.027052569
  endloop
 endfacet
 facet normal 9.3947776e-15 0.25881901 0.96592584
  outer loop
   vertex -0.084992374 -0.007928961 0.02718974
   vertex -0.085643467 -0.0079294891 0.027189882
   vertex -0.08564249 -0.0087941082 0.027421556
  endloop
 endfacet
 facet normal 9.3947776e-15 0.25881901 0.96592584
  outer loop
   vertex -0.084992374 -0.007928961 0.02718974
   vertex -0.08564249 -0.0087941082 0.027421556
   vertex -0.08499424 -0.0087939491 0.027421513
  endloop
 endfacet
 facet normal 0.00027479834 0.25864214 0.96597317
  outer loop
   vertex -0.082411814 -0.0069080905 0.026916213
   vertex -0.083056737 -0.0068689901 0.026905927
   vertex -0.083046426 -0.0074250397 0.027054808
  endloop
 endfacet
 facet normal 0.00027479834 0.25864214 0.96597317
  outer loop
   vertex -0.082411814 -0.0069080905 0.026916213
   vertex -0.083046426 -0.0074250397 0.027054808
   vertex -0.082411145 -0.007466118 0.027065722
  endloop
 endfacet
 facet normal -3.1823128e-06 0.25881231 0.96592763
  outer loop
   vertex -0.084339877 -0.0074172125 0.027052616
   vertex -0.084343773 -0.006855765 0.026902181
   vertex -0.084994253 -0.0068549015 0.026901947
  endloop
 endfacet
 facet normal -3.1823128e-06 0.25881231 0.96592763
  outer loop
   vertex -0.084339877 -0.0074172125 0.027052616
   vertex -0.084994253 -0.0068549015 0.026901947
   vertex -0.084992857 -0.0074170315 0.027052569
  endloop
 endfacet
 facet normal 4.4893326e-05 0.25877038 0.96593886
  outer loop
   vertex -0.084994476 -0.0098418407 0.027702295
   vertex -0.084346028 -0.0098417704 0.027702246
   vertex -0.084344311 -0.0093233255 0.027563357
  endloop
 endfacet
 facet normal 4.4893326e-05 0.25877038 0.96593886
  outer loop
   vertex -0.084994476 -0.0098418407 0.027702295
   vertex -0.084344311 -0.0093233255 0.027563357
   vertex -0.084994018 -0.0093230641 0.027563289
  endloop
 endfacet
 facet normal 0.00045071739 0.25880678 0.96592901
  outer loop
   vertex -0.082413181 -0.0098155623 0.027695258
   vertex -0.082411755 -0.009372269 0.027576484
   vertex -0.083055708 -0.0093272698 0.027564727
  endloop
 endfacet
 facet normal 0.00045071739 0.25880678 0.96592901
  outer loop
   vertex -0.082413181 -0.0098155623 0.027695258
   vertex -0.083055708 -0.0093272698 0.027564727
   vertex -0.083046593 -0.0098306385 0.027699318
  endloop
 endfacet
 facet normal 3.8410131e-05 0.25868871 0.96596074
  outer loop
   vertex -0.083046426 -0.0074250397 0.027054808
   vertex -0.083028135 -0.0079168282 0.027186511
   vertex -0.082411043 -0.0079049394 0.027183302
  endloop
 endfacet
 facet normal 3.8410131e-05 0.25868871 0.96596074
  outer loop
   vertex -0.083046426 -0.0074250397 0.027054808
   vertex -0.082411043 -0.0079049394 0.027183302
   vertex -0.082411145 -0.007466118 0.027065722
  endloop
 endfacet
 facet normal 1.0944821e-06 0.25882128 0.96592523
  outer loop
   vertex -0.084992374 -0.007928961 0.02718974
   vertex -0.084338955 -0.0079280577 0.027189498
   vertex -0.084339877 -0.0074172125 0.027052616
  endloop
 endfacet
 facet normal 1.0944821e-06 0.25882128 0.96592523
  outer loop
   vertex -0.084992374 -0.007928961 0.02718974
   vertex -0.084339877 -0.0074172125 0.027052616
   vertex -0.084992857 -0.0074170315 0.027052569
  endloop
 endfacet
 facet normal 1.0978446e-06 0.25881901 0.96592584
  outer loop
   vertex -0.084338955 -0.0079280577 0.027189498
   vertex -0.084992374 -0.007928961 0.02718974
   vertex -0.08499424 -0.0087939491 0.027421513
  endloop
 endfacet
 facet normal 1.0978446e-06 0.25881901 0.96592584
  outer loop
   vertex -0.084338955 -0.0079280577 0.027189498
   vertex -0.08499424 -0.0087939491 0.027421513
   vertex -0.084345112 -0.0087942356 0.027421591
  endloop
 endfacet
 facet normal 1.0761535e-15 0.96592583 -0.25881904
  outer loop
   vertex -0.084993981 -0.010691837 0.031916037
   vertex -0.085642696 -0.010691794 0.0319162
   vertex -0.085642873 -0.010550141 0.032444856
  endloop
 endfacet
 facet normal 1.0761535e-15 0.96592583 -0.25881904
  outer loop
   vertex -0.084993981 -0.010691837 0.031916037
   vertex -0.085642873 -0.010550141 0.032444856
   vertex -0.084993716 -0.010550187 0.032444682
  endloop
 endfacet
 facet normal 8.7869092e-07 0.96593087 -0.25880023
  outer loop
   vertex -0.087662297 -0.010692197 0.031914649
   vertex -0.087660894 -0.010548028 0.032452739
   vertex -0.086984726 -0.010549713 0.032446454
  endloop
 endfacet
 facet normal 8.7869092e-07 0.96593087 -0.25880023
  outer loop
   vertex -0.087662297 -0.010692197 0.031914649
   vertex -0.086984726 -0.010549713 0.032446454
   vertex -0.086983941 -0.010691541 0.031917143
  endloop
 endfacet
 facet normal 1.4320251e-15 0.96592583 -0.25881904
  outer loop
   vertex -0.084994008 -0.01041143 0.032962533
   vertex -0.085642319 -0.010411422 0.032962561
   vertex -0.085642301 -0.010181745 0.033819728
  endloop
 endfacet
 facet normal 1.4320251e-15 0.96592583 -0.25881904
  outer loop
   vertex -0.084994008 -0.01041143 0.032962533
   vertex -0.085642301 -0.010181745 0.033819728
   vertex -0.084996174 -0.010181779 0.033819599
  endloop
 endfacet
 facet normal 1.4092891e-15 0.96592583 -0.25881904
  outer loop
   vertex -0.085642873 -0.010550141 0.032444856
   vertex -0.085642319 -0.010411422 0.032962561
   vertex -0.084994008 -0.01041143 0.032962533
  endloop
 endfacet
 facet normal 1.4092891e-15 0.96592583 -0.25881904
  outer loop
   vertex -0.085642873 -0.010550141 0.032444856
   vertex -0.084994008 -0.01041143 0.032962533
   vertex -0.084993716 -0.010550187 0.032444682
  endloop
 endfacet
 facet normal 1.0284987e-07 0.96592583 -0.25881905
  outer loop
   vertex -0.087632314 -0.010414966 0.032949333
   vertex -0.086976911 -0.010412415 0.032958856
   vertex -0.086984726 -0.010549713 0.032446454
  endloop
 endfacet
 facet normal 1.0284987e-07 0.96592583 -0.25881905
  outer loop
   vertex -0.087632314 -0.010414966 0.032949333
   vertex -0.086984726 -0.010549713 0.032446454
   vertex -0.087660894 -0.010548028 0.032452739
  endloop
 endfacet
 facet normal -4.1116056e-07 0.96592603 -0.25881828
  outer loop
   vertex -0.084343271 -0.010550195 0.032444653
   vertex -0.084344283 -0.010691788 0.03191622
   vertex -0.084993981 -0.010691837 0.031916037
  endloop
 endfacet
 facet normal -4.1116056e-07 0.96592603 -0.25881828
  outer loop
   vertex -0.084343271 -0.010550195 0.032444653
   vertex -0.084993981 -0.010691837 0.031916037
   vertex -0.084993716 -0.010550187 0.032444682
  endloop
 endfacet
 facet normal 4.0425386e-05 0.96588167 -0.25898376
  outer loop
   vertex -0.08241106 -0.010686295 0.031936715
   vertex -0.083054154 -0.010692425 0.031913752
   vertex -0.083053572 -0.01054902 0.032448583
  endloop
 endfacet
 facet normal 4.0425386e-05 0.96588167 -0.25898376
  outer loop
   vertex -0.08241106 -0.010686295 0.031936715
   vertex -0.083053572 -0.01054902 0.032448583
   vertex -0.082411421 -0.010536924 0.032494163
  endloop
 endfacet
 facet normal 3.8590029e-06 0.96592583 -0.25881903
  outer loop
   vertex -0.084344168 -0.0104117 0.032961532
   vertex -0.084994008 -0.01041143 0.032962533
   vertex -0.084996174 -0.010181779 0.033819599
  endloop
 endfacet
 facet normal 3.8590029e-06 0.96592583 -0.25881903
  outer loop
   vertex -0.084344168 -0.0104117 0.032961532
   vertex -0.084996174 -0.010181779 0.033819599
   vertex -0.0843502 -0.010181638 0.033820127
  endloop
 endfacet
 facet normal 3.8659852e-06 0.96592696 -0.25881481
  outer loop
   vertex -0.084994008 -0.01041143 0.032962533
   vertex -0.084344168 -0.0104117 0.032961532
   vertex -0.084343271 -0.010550195 0.032444653
  endloop
 endfacet
 facet normal 3.8659852e-06 0.96592696 -0.25881481
  outer loop
   vertex -0.084994008 -0.01041143 0.032962533
   vertex -0.084343271 -0.010550195 0.032444653
   vertex -0.084993716 -0.010550187 0.032444682
  endloop
 endfacet
 facet normal 5.3670237e-05 0.96596798 -0.25866166
  outer loop
   vertex -0.083053572 -0.01054902 0.032448583
   vertex -0.083042797 -0.010414839 0.032949679
   vertex -0.082412637 -0.010418148 0.032937452
  endloop
 endfacet
 facet normal 5.3670237e-05 0.96596798 -0.25866166
  outer loop
   vertex -0.083053572 -0.01054902 0.032448583
   vertex -0.082412637 -0.010418148 0.032937452
   vertex -0.082411421 -0.010536924 0.032494163
  endloop
 endfacet
 facet normal 0.00012387394 0.96592615 -0.25881782
  outer loop
   vertex -0.086299501 -0.011360151 0.029421541
   vertex -0.085641877 -0.011360735 0.029419677
   vertex -0.085633131 -0.011582176 0.028593249
  endloop
 endfacet
 facet normal 0.00012387394 0.96592615 -0.25881782
  outer loop
   vertex -0.086299501 -0.011360151 0.029421541
   vertex -0.085633131 -0.011582176 0.028593249
   vertex -0.086274488 -0.011581744 0.02859471
  endloop
 endfacet
 facet normal 3.5721102e-16 0.96592583 -0.25881904
  outer loop
   vertex -0.084994402 -0.011212315 0.029973587
   vertex -0.084996237 -0.01136084 0.029419283
   vertex -0.085641877 -0.011360735 0.029419677
  endloop
 endfacet
 facet normal 3.5721102e-16 0.96592583 -0.25881904
  outer loop
   vertex -0.084994402 -0.011212315 0.029973587
   vertex -0.085641877 -0.011360735 0.029419677
   vertex -0.085643898 -0.011212181 0.029974089
  endloop
 endfacet
 facet normal 5.3369818e-05 0.96592587 -0.25881886
  outer loop
   vertex -0.086306129 -0.011211487 0.029976543
   vertex -0.085643898 -0.011212181 0.029974089
   vertex -0.085641877 -0.011360735 0.029419677
  endloop
 endfacet
 facet normal 5.3369818e-05 0.96592587 -0.25881886
  outer loop
   vertex -0.086306129 -0.011211487 0.029976543
   vertex -0.085641877 -0.011360735 0.029419677
   vertex -0.086299501 -0.011360151 0.029421541
  endloop
 endfacet
 facet normal 3.6790701e-16 0.96592583 -0.25881904
  outer loop
   vertex -0.085641877 -0.011360735 0.029419677
   vertex -0.084996237 -0.01136084 0.029419283
   vertex -0.084998145 -0.011582235 0.028593026
  endloop
 endfacet
 facet normal 3.6790701e-16 0.96592583 -0.25881904
  outer loop
   vertex -0.085641877 -0.011360735 0.029419677
   vertex -0.084998145 -0.011582235 0.028593026
   vertex -0.085633131 -0.011582176 0.028593249
  endloop
 endfacet
 facet normal -0.00012238199 0.9658646 -0.2590474
  outer loop
   vertex -0.0843504 -0.011360557 0.029420191
   vertex -0.083698795 -0.01135986 0.029422482
   vertex -0.083726853 -0.011581947 0.02859444
  endloop
 endfacet
 facet normal -0.00012238199 0.9658646 -0.2590474
  outer loop
   vertex -0.0843504 -0.011360557 0.029420191
   vertex -0.083726853 -0.011581947 0.02859444
   vertex -0.084362917 -0.011582024 0.028593811
  endloop
 endfacet
 facet normal -1.846273e-05 0.96593806 -0.25877339
  outer loop
   vertex -0.084994402 -0.011212315 0.029973587
   vertex -0.084344133 -0.011211996 0.029974733
   vertex -0.0843504 -0.011360557 0.029420191
  endloop
 endfacet
 facet normal -1.846273e-05 0.96593806 -0.25877339
  outer loop
   vertex -0.084994402 -0.011212315 0.029973587
   vertex -0.0843504 -0.011360557 0.029420191
   vertex -0.084996237 -0.01136084 0.029419283
  endloop
 endfacet
 facet normal -0.00012363927 0.96595322 -0.25871676
  outer loop
   vertex -0.083688264 -0.011211101 0.029977886
   vertex -0.083698795 -0.01135986 0.029422482
   vertex -0.0843504 -0.011360557 0.029420191
  endloop
 endfacet
 facet normal -0.00012363927 0.96595322 -0.25871676
  outer loop
   vertex -0.083688264 -0.011211101 0.029977886
   vertex -0.0843504 -0.011360557 0.029420191
   vertex -0.084344133 -0.011211996 0.029974733
  endloop
 endfacet
 facet normal -0.0010083526 0.85901232 -0.51195392
  outer loop
   vertex -0.087694927 -0.0054630698 0.050429682
   vertex -0.086999834 -0.0054559297 0.050440293
   vertex -0.086990144 -0.0057096307 0.050014587
  endloop
 endfacet
 facet normal -0.0010083526 0.85901232 -0.51195392
  outer loop
   vertex -0.087694927 -0.0054630698 0.050429682
   vertex -0.086990144 -0.0057096307 0.050014587
   vertex -0.087670465 -0.0057102647 0.05001313
  endloop
 endfacet
 facet normal -0.00087351695 0.65494908 -0.7556725
  outer loop
   vertex -0.084995742 -0.0049089582 0.051123756
   vertex -0.084997228 -0.0041979516 0.051739994
   vertex -0.084358692 -0.0041926855 0.05174382
  endloop
 endfacet
 facet normal -0.00087351695 0.65494908 -0.7556725
  outer loop
   vertex -0.084995742 -0.0049089582 0.051123756
   vertex -0.084358692 -0.0041926855 0.05174382
   vertex -0.084346708 -0.0049072148 0.051125561
  endloop
 endfacet
 facet normal -0.00035509102 0.78008953 -0.6256678
  outer loop
   vertex -0.084995742 -0.0049089582 0.051123756
   vertex -0.084346708 -0.0049072148 0.051125561
   vertex -0.084343598 -0.0054511735 0.050447345
  endloop
 endfacet
 facet normal -0.00035509102 0.78008953 -0.6256678
  outer loop
   vertex -0.084995742 -0.0049089582 0.051123756
   vertex -0.084343598 -0.0054511735 0.050447345
   vertex -0.084994972 -0.0054516473 0.050446643
  endloop
 endfacet
 facet normal 0.00015213377 0.77970283 -0.62614972
  outer loop
   vertex -0.083690497 -0.0049037519 0.051129172
   vertex -0.083684808 -0.0054505145 0.050448326
   vertex -0.084343598 -0.0054511735 0.050447345
  endloop
 endfacet
 facet normal 0.00015213377 0.77970283 -0.62614972
  outer loop
   vertex -0.083690497 -0.0049037519 0.051129172
   vertex -0.084343598 -0.0054511735 0.050447345
   vertex -0.084346708 -0.0049072148 0.051125561
  endloop
 endfacet
 facet normal -0.00045365488 0.85793787 -0.51375326
  outer loop
   vertex -0.083054201 -0.0057061571 0.050021138
   vertex -0.083038693 -0.0054489999 0.050450562
   vertex -0.082411007 -0.0054460124 0.050454997
  endloop
 endfacet
 facet normal -0.00045365488 0.85793787 -0.51375326
  outer loop
   vertex -0.083054201 -0.0057061571 0.050021138
   vertex -0.082411007 -0.0054460124 0.050454997
   vertex -0.082410985 -0.0056733961 0.050082753
  endloop
 endfacet
 facet normal 0.0006882726 0.65446158 -0.75609494
  outer loop
   vertex -0.086307072 -0.0049074057 0.051125363
   vertex -0.086285198 -0.0041942067 0.051742715
   vertex -0.085637568 -0.0041984469 0.051739634
  endloop
 endfacet
 facet normal 0.0006882726 0.65446158 -0.75609494
  outer loop
   vertex -0.086307072 -0.0049074057 0.051125363
   vertex -0.085637568 -0.0041984469 0.051739634
   vertex -0.085644779 -0.0049090147 0.051123697
  endloop
 endfacet
 facet normal 0.00032270289 0.78036679 -0.62532197
  outer loop
   vertex -0.086307072 -0.0049074057 0.051125363
   vertex -0.085644779 -0.0049090147 0.051123697
   vertex -0.08564601 -0.0054521658 0.050445874
  endloop
 endfacet
 facet normal 0.00032270289 0.78036679 -0.62532197
  outer loop
   vertex -0.086307072 -0.0049074057 0.051125363
   vertex -0.08564601 -0.0054521658 0.050445874
   vertex -0.086311133 -0.0054532202 0.050444311
  endloop
 endfacet
 facet normal 0.99999927 0.0012015606 -0.00015578172
  outer loop
   vertex -0.088410962 -0.0017887883 0.03247754
   vertex -0.088411076 -0.0017757545 0.031849843
   vertex -0.088411879 -0.0011082611 0.031838844
  endloop
 endfacet
 facet normal 0.99999927 0.0012015606 -0.00015578172
  outer loop
   vertex -0.088410962 -0.0017887883 0.03247754
   vertex -0.088411879 -0.0011082611 0.031838844
   vertex -0.088410693 -0.0010886414 0.032455627
  endloop
 endfacet
 facet normal 0.99999999 -0.00011470666 9.282519e-05
  outer loop
   vertex -0.088410975 -0.0024447601 0.031860658
   vertex -0.088410914 -0.0024233442 0.0312295
   vertex -0.088410834 -0.0017386061 0.031213344
  endloop
 endfacet
 facet normal 0.99999999 -0.00011470666 9.282519e-05
  outer loop
   vertex -0.088410975 -0.0024447601 0.031860658
   vertex -0.088410834 -0.0017386061 0.031213344
   vertex -0.088411076 -0.0017757545 0.031849843
  endloop
 endfacet
 facet normal 0.99999723 -0.0014170759 -0.001878163
  outer loop
   vertex -0.088409596 -0.00023380141 0.032395072
   vertex -0.088410693 -0.0010886414 0.032455627
   vertex -0.088411879 -0.0011082611 0.031838844
  endloop
 endfacet
 facet normal 0.99999723 -0.0014170759 -0.001878163
  outer loop
   vertex -0.088409596 -0.00023380141 0.032395072
   vertex -0.088411879 -0.0011082611 0.031838844
   vertex -0.088410034 -0.00037019261 0.03179998
  endloop
 endfacet
 facet normal 0.99999995 -0.00011004644 0.00029034097
  outer loop
   vertex -0.088410834 -0.0017386061 0.031213344
   vertex -0.088410914 -0.0024233442 0.0312295
   vertex -0.088410728 -0.002397279 0.030597283
  endloop
 endfacet
 facet normal 0.99999995 -0.00011004644 0.00029034097
  outer loop
   vertex -0.088410834 -0.0017386061 0.031213344
   vertex -0.088410728 -0.002397279 0.030597283
   vertex -0.088408876 -0.0016695883 0.030568954
  endloop
 endfacet
 facet normal 0.99995775 0.00099583828 -0.0091379234
  outer loop
   vertex -0.088409669 -0.0016830245 0.029946821
   vertex -0.088410875 -0.00088433508 0.029901914
   vertex -0.088405429 -0.00082966462 0.030503767
  endloop
 endfacet
 facet normal 0.99995775 0.00099583828 -0.0091379234
  outer loop
   vertex -0.088409669 -0.0016830245 0.029946821
   vertex -0.088405429 -0.00082966462 0.030503767
   vertex -0.088408876 -0.0016695883 0.030568954
  endloop
 endfacet
 facet normal 0.99999998 -0.00018066631 -2.4332771e-05
  outer loop
   vertex -0.088411086 -0.0082018624 0.03877526
   vertex -0.088411107 -0.0082309006 0.038151581
   vertex -0.088410987 -0.0075656898 0.038141099
  endloop
 endfacet
 facet normal 0.99999998 -0.00018066631 -2.4332771e-05
  outer loop
   vertex -0.088411086 -0.0082018624 0.03877526
   vertex -0.088410987 -0.0075656898 0.038141099
   vertex -0.088410989 -0.0075673731 0.038767711
  endloop
 endfacet
 facet normal 0.99999979 0.00056565843 0.00032113803
  outer loop
   vertex -0.088410887 -0.0082714399 0.037540373
   vertex -0.088411107 -0.0082309006 0.038151581
   vertex -0.088410683 -0.0090078263 0.038200829
  endloop
 endfacet
 facet normal 0.99999979 0.00056565843 0.00032113803
  outer loop
   vertex -0.088410887 -0.0082714399 0.037540373
   vertex -0.088410683 -0.0090078263 0.038200829
   vertex -0.088409596 -0.0091440638 0.037605695
  endloop
 endfacet
 facet normal 0.0011063045 0.96595312 -0.25871481
  outer loop
   vertex -0.087664931 -0.0088466814 0.038802149
   vertex -0.087640261 -0.0090811552 0.037926809
   vertex -0.088140326 -0.009085189 0.03790961
  endloop
 endfacet
 facet normal 0.0011063045 0.96595312 -0.25871481
  outer loop
   vertex -0.087664931 -0.0088466814 0.038802149
   vertex -0.088140326 -0.009085189 0.03790961
   vertex -0.088410683 -0.0090078263 0.038200829
  endloop
 endfacet
 facet normal 0.0011063045 0.96595312 -0.25871481
  outer loop
   vertex -0.087664931 -0.0088466814 0.038802149
   vertex -0.088410683 -0.0090078263 0.038200829
   vertex -0.088410901 -0.0088412129 0.038822657
  endloop
 endfacet
 facet normal 0.99999999 -0.00015286487 2.7781536e-05
  outer loop
   vertex -0.088411086 -0.0082018624 0.03877526
   vertex -0.088410989 -0.0075673731 0.038767711
   vertex -0.08841101 -0.0075909527 0.039399668
  endloop
 endfacet
 facet normal 0.99999999 -0.00015286487 2.7781536e-05
  outer loop
   vertex -0.088411086 -0.0082018624 0.03877526
   vertex -0.08841101 -0.0075909527 0.039399668
   vertex -0.088411289 -0.0082261636 0.039411143
  endloop
 endfacet
 facet normal 0.99992296 0.011382868 -0.0049505801
  outer loop
   vertex -0.088409596 -0.0084791622 0.040095004
   vertex -0.088409539 -0.0085261838 0.039998374
   vertex -0.088410672 -0.0086859827 0.03940198
  endloop
 endfacet
 facet normal 0.99992296 0.011382868 -0.0049505801
  outer loop
   vertex -0.088409596 -0.0084791622 0.040095004
   vertex -0.088410672 -0.0086859827 0.03940198
   vertex -0.088411289 -0.0082261636 0.039411143
  endloop
 endfacet
 facet normal 0.99999895 -0.00033130804 -0.0014137961
  outer loop
   vertex -0.088411652 0.00074704209 0.038719901
   vertex -0.088410775 0.00076702247 0.039336209
   vertex -0.088410976 7.4312109e-05 0.039356183
  endloop
 endfacet
 facet normal 0.99999895 -0.00033130804 -0.0014137961
  outer loop
   vertex -0.088411652 0.00074704209 0.038719901
   vertex -0.088410976 7.4312109e-05 0.039356183
   vertex -0.088411064 8.6180968e-05 0.038729292
  endloop
 endfacet
 facet normal 0.99999902 -0.0013786473 0.00024233553
  outer loop
   vertex -0.088411008 0.00071049931 0.039977209
   vertex -0.088410775 0.00076702247 0.039336209
   vertex -0.088409596 0.0016119885 0.039277899
  endloop
 endfacet
 facet normal 0.99999902 -0.0013786473 0.00024233553
  outer loop
   vertex -0.088411008 0.00071049931 0.039977209
   vertex -0.088409596 0.0016119885 0.039277899
   vertex -0.08841127 0.0013372722 0.039968889
  endloop
 endfacet
 facet normal 0.99992438 -0.0098109287 0.0074145822
  outer loop
   vertex -0.088407197 0.0010521136 0.037385975
   vertex -0.088407044 0.0011588979 0.037506648
   vertex -0.088409712 0.001308273 0.038064095
  endloop
 endfacet
 facet normal 0.99992438 -0.0098109287 0.0074145822
  outer loop
   vertex -0.088407197 0.0010521136 0.037385975
   vertex -0.088409712 0.001308273 0.038064095
   vertex -0.088411546 0.00078043714 0.038082118
  endloop
 endfacet
 facet normal 0.99999964 0.00081666985 0.00021045201
  outer loop
   vertex -0.088411009 0.00011956063 0.038094943
   vertex -0.088411546 0.00078043714 0.038082118
   vertex -0.088411652 0.00074704209 0.038719901
  endloop
 endfacet
 facet normal 0.99999964 0.00081666985 0.00021045201
  outer loop
   vertex -0.088411009 0.00011956063 0.038094943
   vertex -0.088411652 0.00074704209 0.038719901
   vertex -0.088411064 8.6180968e-05 0.038729292
  endloop
 endfacet
 facet normal 0.99999737 -0.0012368428 0.0019312123
  outer loop
   vertex -0.088410677 0.0018191943 0.03997082
   vertex -0.08841127 0.0013372722 0.039968889
   vertex -0.088409596 0.0016119885 0.039277899
  endloop
 endfacet
 facet normal 0.99999737 -0.0012368428 0.0019312123
  outer loop
   vertex -0.088410677 0.0018191943 0.03997082
   vertex -0.088409596 0.0016119885 0.039277899
   vertex -0.088409539 0.0016593949 0.039374426
  endloop
 endfacet
 facet normal -5.5757027e-07 0.96592605 -0.25881822
  outer loop
   vertex -0.088410943 -0.0081750779 0.04130871
   vertex -0.088410979 -0.0080257105 0.041866158
   vertex -0.087662234 -0.0080367387 0.041824998
  endloop
 endfacet
 facet normal -5.5757027e-07 0.96592605 -0.25881822
  outer loop
   vertex -0.088410943 -0.0081750779 0.04130871
   vertex -0.087662234 -0.0080367387 0.041824998
   vertex -0.087663535 -0.0081809268 0.041286839
  endloop
 endfacet
 facet normal 0.0010284123 0.96673433 -0.25578051
  outer loop
   vertex -0.087643828 -0.0084134282 0.040418798
   vertex -0.088143493 -0.0084165177 0.040405112
   vertex -0.088410688 -0.0083409602 0.040689611
  endloop
 endfacet
 facet normal 0.0010284123 0.96673433 -0.25578051
  outer loop
   vertex -0.087643828 -0.0084134282 0.040418798
   vertex -0.088410688 -0.0083409602 0.040689611
   vertex -0.088410943 -0.0081750779 0.04130871
  endloop
 endfacet
 facet normal 0.0010284123 0.96673433 -0.25578051
  outer loop
   vertex -0.087643828 -0.0084134282 0.040418798
   vertex -0.088410943 -0.0081750779 0.04130871
   vertex -0.087663535 -0.0081809268 0.041286839
  endloop
 endfacet
 facet normal -0.00041196737 -0.96605351 0.25834172
  outer loop
   vertex -0.087639158 0.0022142798 0.041445663
   vertex -0.087666447 0.0023449378 0.041934207
   vertex -0.088409539 0.0023314595 0.04188262
  endloop
 endfacet
 facet normal -0.00041196737 -0.96605351 0.25834172
  outer loop
   vertex -0.087639158 0.0022142798 0.041445663
   vertex -0.088409539 0.0023314595 0.04188262
   vertex -0.088139346 0.0022183387 0.041462932
  endloop
 endfacet
 facet normal 0.99999991 0.00036681805 0.00022122147
  outer loop
   vertex -0.088411238 0.0019879905 0.04246161
   vertex -0.088411006 0.0013476564 0.042473737
   vertex -0.088410883 0.0013991649 0.041834036
  endloop
 endfacet
 facet normal 0.99999991 0.00036681805 0.00022122147
  outer loop
   vertex -0.088411238 0.0019879905 0.04246161
   vertex -0.088410883 0.0013991649 0.041834036
   vertex -0.088409596 0.0022768901 0.041767208
  endloop
 endfacet
 facet normal 0.99999999 0.0001433817 -2.5875278e-05
  outer loop
   vertex -0.08841108 0.0013239284 0.040600661
   vertex -0.088410988 0.00068901569 0.040608281
   vertex -0.088411008 0.00071049931 0.039977209
  endloop
 endfacet
 facet normal 0.99999999 0.0001433817 -2.5875278e-05
  outer loop
   vertex -0.08841108 0.0013239284 0.040600661
   vertex -0.088411008 0.00071049931 0.039977209
   vertex -0.08841127 0.0013372722 0.039968889
  endloop
 endfacet
 facet normal 1 7.9668665e-06 -5.715833e-08
  outer loop
   vertex -0.088410986 0.00068959172 0.04123427
   vertex -0.088410981 3.2802124e-05 0.041241832
   vertex -0.088410981 3.7370955e-05 0.040615372
  endloop
 endfacet
 facet normal 1 7.9668665e-06 -5.715833e-08
  outer loop
   vertex -0.088410986 0.00068959172 0.04123427
   vertex -0.088410981 3.7370955e-05 0.040615372
   vertex -0.088410988 0.00068901569 0.040608281
  endloop
 endfacet
 facet normal 0.99999987 -0.00023400226 0.00045461597
  outer loop
   vertex -0.088410677 0.0018191943 0.03997082
   vertex -0.088410904 0.0019744247 0.040550143
   vertex -0.08841108 0.0013239284 0.040600661
  endloop
 endfacet
 facet normal 0.99999987 -0.00023400226 0.00045461597
  outer loop
   vertex -0.088410677 0.0018191943 0.03997082
   vertex -0.08841108 0.0013239284 0.040600661
   vertex -0.08841127 0.0013372722 0.039968889
  endloop
 endfacet
 facet normal 0.99999998 3.882514e-05 0.00019481159
  outer loop
   vertex -0.088410883 0.0013991649 0.041834036
   vertex -0.088411006 0.0013476564 0.042473737
   vertex -0.088410982 0.00068019393 0.042485505
  endloop
 endfacet
 facet normal 0.99999998 3.882514e-05 0.00019481159
  outer loop
   vertex -0.088410883 0.0013991649 0.041834036
   vertex -0.088410982 0.00068019393 0.042485505
   vertex -0.088410983 0.0006957851 0.041856784
  endloop
 endfacet
 facet normal 1 7.9680583e-06 4.6344047e-08
  outer loop
   vertex -0.088410981 3.1405039e-05 0.041867028
   vertex -0.088410981 3.2802124e-05 0.041241832
   vertex -0.088410986 0.00068959172 0.04123427
  endloop
 endfacet
 facet normal 1 7.9680583e-06 4.6344047e-08
  outer loop
   vertex -0.088410981 3.1405039e-05 0.041867028
   vertex -0.088410986 0.00068959172 0.04123427
   vertex -0.088410983 0.0006957851 0.041856784
  endloop
 endfacet
 facet normal 0.99999993 -0.00035081949 -0.00012175065
  outer loop
   vertex -0.088410984 -0.0081501257 0.028660331
   vertex -0.088411067 -0.0081582281 0.027995027
   vertex -0.088410853 -0.0075411337 0.027975653
  endloop
 endfacet
 facet normal 0.99999993 -0.00035081949 -0.00012175065
  outer loop
   vertex -0.088410984 -0.0081501257 0.028660331
   vertex -0.088410853 -0.0075411337 0.027975653
   vertex -0.088410979 -0.0075210085 0.028671929
  endloop
 endfacet
 facet normal 0.99999986 0.00010180196 0.00051212546
  outer loop
   vertex -0.088410688 -0.0081957237 0.027261225
   vertex -0.088411067 -0.0081582281 0.027995027
   vertex -0.088410985 -0.0087970959 0.02796131
  endloop
 endfacet
 facet normal 0.99999986 0.00010180196 0.00051212546
  outer loop
   vertex -0.088410688 -0.0081957237 0.027261225
   vertex -0.088410985 -0.0087970959 0.02796131
   vertex -0.088410943 -0.0088148229 0.027427107
  endloop
 endfacet
 facet normal 0.0011138526 0.25870223 0.96595648
  outer loop
   vertex -0.087660725 -0.0087927919 0.027421215
   vertex -0.087640995 -0.0079259021 0.027189022
   vertex -0.08814098 -0.007912072 0.027185895
  endloop
 endfacet
 facet normal 0.0011138526 0.25870223 0.96595648
  outer loop
   vertex -0.087660725 -0.0087927919 0.027421215
   vertex -0.08814098 -0.007912072 0.027185895
   vertex -0.088410688 -0.0081957237 0.027261225
  endloop
 endfacet
 facet normal 0.0011138526 0.25870223 0.96595648
  outer loop
   vertex -0.087660725 -0.0087927919 0.027421215
   vertex -0.088410688 -0.0081957237 0.027261225
   vertex -0.088410943 -0.0088148229 0.027427107
  endloop
 endfacet
 facet normal 1 -3.4608259e-05 -4.6021097e-08
  outer loop
   vertex -0.088410981 -0.0087826334 0.02931195
   vertex -0.088410981 -0.0087833623 0.029976437
   vertex -0.088411004 -0.0094365247 0.029979143
  endloop
 endfacet
 facet normal 1 -3.4608259e-05 -4.6021097e-08
  outer loop
   vertex -0.088410981 -0.0087826334 0.02931195
   vertex -0.088411004 -0.0094365247 0.029979143
   vertex -0.088411019 -0.0094285138 0.02929991
  endloop
 endfacet
 facet normal 0.9999978 -0.0019399773 -0.00079409402
  outer loop
   vertex -0.088411547 -0.010070825 0.02932371
   vertex -0.088412087 -0.010063681 0.028626184
   vertex -0.08841092 -0.0094399747 0.028571353
  endloop
 endfacet
 facet normal 0.9999978 -0.0019399773 -0.00079409402
  outer loop
   vertex -0.088411547 -0.010070825 0.02932371
   vertex -0.08841092 -0.0094399747 0.028571353
   vertex -0.088411019 -0.0094285138 0.02929991
  endloop
 endfacet
 facet normal 1 -7.3059838e-06 2.931363e-06
  outer loop
   vertex -0.088410984 -0.0081501257 0.028660331
   vertex -0.088410979 -0.0075210085 0.028671929
   vertex -0.088410981 -0.0075117969 0.029337473
  endloop
 endfacet
 facet normal 1 -7.3059838e-06 2.931363e-06
  outer loop
   vertex -0.088410984 -0.0081501257 0.028660331
   vertex -0.088410981 -0.0075117969 0.029337473
   vertex -0.088410981 -0.0081437116 0.029327048
  endloop
 endfacet
 facet normal 1 8.389115e-09 -8.049885e-09
  outer loop
   vertex -0.088410981 -0.0081414446 0.029980161
   vertex -0.088410981 -0.0087833623 0.029976437
   vertex -0.088410981 -0.0087826334 0.02931195
  endloop
 endfacet
 facet normal 1 8.389115e-09 -8.049885e-09
  outer loop
   vertex -0.088410981 -0.0081414446 0.029980161
   vertex -0.088410981 -0.0087826334 0.02931195
   vertex -0.088410981 -0.0081437116 0.029327048
  endloop
 endfacet
 facet normal -1.4366019e-05 0.25881913 0.9659258
  outer loop
   vertex -0.087660725 -0.0087927919 0.027421215
   vertex -0.088410943 -0.0088148229 0.027427107
   vertex -0.088410895 -0.0093722714 0.027576475
  endloop
 endfacet
 facet normal -1.4366019e-05 0.25881913 0.9659258
  outer loop
   vertex -0.087660725 -0.0087927919 0.027421215
   vertex -0.088410895 -0.0093722714 0.027576475
   vertex -0.087658515 -0.0093313886 0.027565599
  endloop
 endfacet
 facet normal 0.9999999 0.00045202358 1.5901653e-05
  outer loop
   vertex -0.088410609 -0.010101091 0.027771772
   vertex -0.088410873 -0.0095110109 0.027615836
   vertex -0.08841092 -0.0094399747 0.028571353
  endloop
 endfacet
 facet normal 0.9999999 0.00045202358 1.5901653e-05
  outer loop
   vertex -0.088410609 -0.010101091 0.027771772
   vertex -0.08841092 -0.0094399747 0.028571353
   vertex -0.088412087 -0.010063681 0.028626184
  endloop
 endfacet
 facet normal 0.99998594 -0.0027821344 0.0045133235
  outer loop
   vertex -0.08841045 -0.0023333528 0.028055887
   vertex -0.088407781 -0.0014471659 0.028010781
   vertex -0.088411681 -0.0017220327 0.028705586
  endloop
 endfacet
 facet normal 0.99998594 -0.0027821344 0.0045133235
  outer loop
   vertex -0.08841045 -0.0023333528 0.028055887
   vertex -0.088411681 -0.0017220327 0.028705586
   vertex -0.088411041 -0.002383456 0.028710774
  endloop
 endfacet
 facet normal -0.0020856638 -0.96610918 0.25812538
  outer loop
   vertex -0.08763021 -0.001477031 0.027674145
   vertex -0.087660051 -0.0013433414 0.028174276
   vertex -0.088407651 -0.0013523141 0.028134652
  endloop
 endfacet
 facet normal -0.0020856638 -0.96610918 0.25812538
  outer loop
   vertex -0.08763021 -0.001477031 0.027674145
   vertex -0.088407651 -0.0013523141 0.028134652
   vertex -0.088134524 -0.0014745035 0.027701768
  endloop
 endfacet
 facet normal 0.007895125 -0.97241621 0.23311881
  outer loop
   vertex -0.08763021 -0.001477031 0.027674145
   vertex -0.088134524 -0.0014745035 0.027701768
   vertex -0.088407951 -0.0015477345 0.027405557
  endloop
 endfacet
 facet normal 0.007895125 -0.97241621 0.23311881
  outer loop
   vertex -0.08763021 -0.001477031 0.027674145
   vertex -0.088407951 -0.0015477345 0.027405557
   vertex -0.088410159 -0.0017131264 0.026788076
  endloop
 endfacet
 facet normal 0.007895125 -0.97241621 0.23311881
  outer loop
   vertex -0.08763021 -0.001477031 0.027674145
   vertex -0.088410159 -0.0017131264 0.026788076
   vertex -0.08763078 -0.0017176472 0.02677408
  endloop
 endfacet
 facet normal -0.0017892032 -0.96592643 0.25881061
  outer loop
   vertex -0.087658614 -0.0011982821 0.028714705
   vertex -0.088409428 -0.0012029478 0.028692101
   vertex -0.088407651 -0.0013523141 0.028134652
  endloop
 endfacet
 facet normal -0.0017892032 -0.96592643 0.25881061
  outer loop
   vertex -0.087658614 -0.0011982821 0.028714705
   vertex -0.088407651 -0.0013523141 0.028134652
   vertex -0.087660051 -0.0013433414 0.028174276
  endloop
 endfacet
 facet normal 0.0010537057 -0.96704967 0.25458561
  outer loop
   vertex -0.087594757 -0.00096129727 0.029595676
   vertex -0.088053578 -0.0009568052 0.029614638
   vertex -0.088408948 -0.0010370749 0.029311203
  endloop
 endfacet
 facet normal 0.0010537057 -0.96704967 0.25458561
  outer loop
   vertex -0.087594757 -0.00096129727 0.029595676
   vertex -0.088408948 -0.0010370749 0.029311203
   vertex -0.088409428 -0.0012029478 0.028692101
  endloop
 endfacet
 facet normal 0.0010537057 -0.96704967 0.25458561
  outer loop
   vertex -0.087594757 -0.00096129727 0.029595676
   vertex -0.088409428 -0.0012029478 0.028692101
   vertex -0.087658614 -0.0011982821 0.028714705
  endloop
 endfacet
 facet normal 0.99999951 0.00096887248 0.00017804105
  outer loop
   vertex -0.088411135 -0.0024034027 0.029347836
   vertex -0.088411041 -0.002383456 0.028710774
   vertex -0.088411681 -0.0017220327 0.028705586
  endloop
 endfacet
 facet normal 0.99999951 0.00096887248 0.00017804105
  outer loop
   vertex -0.088411135 -0.0024034027 0.029347836
   vertex -0.088411681 -0.0017220327 0.028705586
   vertex -0.08841246 -0.0017410974 0.029340402
  endloop
 endfacet
 facet normal 0.99997826 -0.0051584188 -0.0041082608
  outer loop
   vertex -0.088409669 -0.0016830245 0.029946821
   vertex -0.08841246 -0.0017410974 0.029340402
   vertex -0.088408948 -0.0010370749 0.029311203
  endloop
 endfacet
 facet normal 0.99997826 -0.0051584188 -0.0041082608
  outer loop
   vertex -0.088409669 -0.0016830245 0.029946821
   vertex -0.088408948 -0.0010370749 0.029311203
   vertex -0.088410875 -0.00088433508 0.029901914
  endloop
 endfacet
 facet normal 0.9999977 0.0015531876 0.0014771786
  outer loop
   vertex -0.088410688 -0.010852178 0.031317616
   vertex -0.088409595 -0.010989853 0.030722868
   vertex -0.088410805 -0.01014713 0.0306556
  endloop
 endfacet
 facet normal 0.9999977 0.0015531876 0.0014771786
  outer loop
   vertex -0.088410688 -0.010852178 0.031317616
   vertex -0.088410805 -0.01014713 0.0306556
   vertex -0.088411071 -0.010125272 0.031277833
  endloop
 endfacet
 facet normal -0.0012284182 0.96592919 -0.25880359
  outer loop
   vertex -0.087667053 -0.011205581 0.029995161
   vertex -0.08840999 -0.011197195 0.030029984
   vertex -0.088409537 -0.011037401 0.03062638
  endloop
 endfacet
 facet normal -0.0012284182 0.96592919 -0.25880359
  outer loop
   vertex -0.087667053 -0.011205581 0.029995161
   vertex -0.088409537 -0.011037401 0.03062638
   vertex -0.087670478 -0.011053736 0.030563125
  endloop
 endfacet
 facet normal 0.0010285479 0.96673632 -0.255773
  outer loop
   vertex -0.087642378 -0.010924586 0.031047029
   vertex -0.088142337 -0.01092766 0.031033401
   vertex -0.088410688 -0.010852178 0.031317616
  endloop
 endfacet
 facet normal 0.0010285479 0.96673632 -0.255773
  outer loop
   vertex -0.087642378 -0.010924586 0.031047029
   vertex -0.088410688 -0.010852178 0.031317616
   vertex -0.088410943 -0.010686296 0.031936716
  endloop
 endfacet
 facet normal 0.0010285479 0.96673632 -0.255773
  outer loop
   vertex -0.087642378 -0.010924586 0.031047029
   vertex -0.088410943 -0.010686296 0.031936716
   vertex -0.087662297 -0.010692197 0.031914649
  endloop
 endfacet
 facet normal -0.00071245693 0.96619108 -0.25782609
  outer loop
   vertex -0.087642378 -0.010924586 0.031047029
   vertex -0.087670478 -0.011053736 0.030563125
   vertex -0.088409537 -0.011037401 0.03062638
  endloop
 endfacet
 facet normal -0.00071245693 0.96619108 -0.25782609
  outer loop
   vertex -0.087642378 -0.010924586 0.031047029
   vertex -0.088409537 -0.011037401 0.03062638
   vertex -0.088142337 -0.01092766 0.031033401
  endloop
 endfacet
 facet normal 0.99999992 9.3476261e-05 0.00038762685
  outer loop
   vertex -0.088410985 -0.010157906 0.031917708
   vertex -0.088410943 -0.010686296 0.031936716
   vertex -0.088410688 -0.010852178 0.031317616
  endloop
 endfacet
 facet normal 0.99999992 9.3476261e-05 0.00038762685
  outer loop
   vertex -0.088410985 -0.010157906 0.031917708
   vertex -0.088410688 -0.010852178 0.031317616
   vertex -0.088411071 -0.010125272 0.031277833
  endloop
 endfacet
 facet normal 0.99997085 -0.0075878383 -0.00085191685
  outer loop
   vertex -0.088416871 -0.010702952 0.0287036
   vertex -0.088412087 -0.010063681 0.028626184
   vertex -0.088411547 -0.010070825 0.02932371
  endloop
 endfacet
 facet normal 0.99997085 -0.0075878383 -0.00085191685
  outer loop
   vertex -0.088416871 -0.010702952 0.0287036
   vertex -0.088411547 -0.010070825 0.02932371
   vertex -0.0884135 -0.010696927 0.029363801
  endloop
 endfacet
 facet normal -0.0022591743 0.96629076 -0.25744331
  outer loop
   vertex -0.087667053 -0.011205581 0.029995161
   vertex -0.08765561 -0.011356421 0.029428894
   vertex -0.088408766 -0.0113516 0.029453598
  endloop
 endfacet
 facet normal -0.0022591743 0.96629076 -0.25744331
  outer loop
   vertex -0.087667053 -0.011205581 0.029995161
   vertex -0.088408766 -0.0113516 0.029453598
   vertex -0.08840999 -0.011197195 0.030029984
  endloop
 endfacet
 facet normal -0.0022907518 0.96604644 -0.25835834
  outer loop
   vertex -0.088399309 -0.011508987 0.028865018
   vertex -0.088408766 -0.0113516 0.029453598
   vertex -0.08765561 -0.011356421 0.029428894
  endloop
 endfacet
 facet normal -0.0022907518 0.96604644 -0.25835834
  outer loop
   vertex -0.088399309 -0.011508987 0.028865018
   vertex -0.08765561 -0.011356421 0.029428894
   vertex -0.087564863 -0.011580715 0.02859189
  endloop
 endfacet
 facet normal -0.0022907518 0.96604644 -0.25835834
  outer loop
   vertex -0.088399309 -0.011508987 0.028865018
   vertex -0.087564863 -0.011580715 0.02859189
   vertex -0.088096749 -0.011573104 0.028588302
  endloop
 endfacet
 facet normal 0.99997172 -0.0072368258 0.0020466499
  outer loop
   vertex -0.088410609 -0.010101091 0.027771772
   vertex -0.088412087 -0.010063681 0.028626184
   vertex -0.088416871 -0.010702952 0.0287036
  endloop
 endfacet
 facet normal 0.99997172 -0.0072368258 0.0020466499
  outer loop
   vertex -0.088410609 -0.010101091 0.027771772
   vertex -0.088416871 -0.010702952 0.0287036
   vertex -0.088409343 -0.010718308 0.027937187
  endloop
 endfacet
 facet normal 1 0 0
  outer loop
   vertex -0.088410981 -0.0025102225 0.051964157
   vertex -0.088410981 -0.0025107657 0.051342292
   vertex -0.088410981 -0.0018803398 0.051356136
  endloop
 endfacet
 facet normal 1 0 0
  outer loop
   vertex -0.088410981 -0.0025102225 0.051964157
   vertex -0.088410981 -0.0018803398 0.051356136
   vertex -0.088410981 -0.0018889887 0.051999462
  endloop
 endfacet
 facet normal 0.99999981 0.00061170216 4.9890004e-05
  outer loop
   vertex -0.088410981 -0.0019402461 0.052627931
   vertex -0.088410981 -0.0018889887 0.051999462
   vertex -0.088411375 -0.0012468716 0.052014305
  endloop
 endfacet
 facet normal 0.99999981 0.00061170216 4.9890004e-05
  outer loop
   vertex -0.088410981 -0.0019402461 0.052627931
   vertex -0.088411375 -0.0012468716 0.052014305
   vertex -0.088411534 -0.0012499736 0.0526685
  endloop
 endfacet
 facet normal 1 -3.0745753e-06 2.6181553e-05
  outer loop
   vertex -0.088411 -0.0012443135 0.050690317
   vertex -0.088410982 -0.0012461986 0.050030217
   vertex -0.088410981 -0.00061285284 0.050037586
  endloop
 endfacet
 facet normal 1 -3.0745753e-06 2.6181553e-05
  outer loop
   vertex -0.088411 -0.0012443135 0.050690317
   vertex -0.088410981 -0.00061285284 0.050037586
   vertex -0.088411004 -0.00060601318 0.050700673
  endloop
 endfacet
 facet normal 0.99999993 -0.00037865343 6.4060001e-05
  outer loop
   vertex -0.088410909 4.2557599e-05 0.050722524
   vertex -0.088410949 5.1638781e-05 0.051393461
   vertex -0.088411195 -0.0006017242 0.051373726
  endloop
 endfacet
 facet normal 0.99999993 -0.00037865343 6.4060001e-05
  outer loop
   vertex -0.088410909 4.2557599e-05 0.050722524
   vertex -0.088411195 -0.0006017242 0.051373726
   vertex -0.088411004 -0.00060601318 0.050700673
  endloop
 endfacet
 facet normal 1 0 0
  outer loop
   vertex -0.088410981 -0.0018803398 0.051356136
   vertex -0.088410981 -0.0025107657 0.051342292
   vertex -0.088410981 -0.002509398 0.050679869
  endloop
 endfacet
 facet normal 1 0 0
  outer loop
   vertex -0.088410981 -0.0018803398 0.051356136
   vertex -0.088410981 -0.002509398 0.050679869
   vertex -0.088410981 -0.0018775059 0.050684067
  endloop
 endfacet
 facet normal 1 1.8717169e-06 2.6167427e-05
  outer loop
   vertex -0.088410981 -0.0018766371 0.050026899
   vertex -0.088410982 -0.0012461986 0.050030217
   vertex -0.088411 -0.0012443135 0.050690317
  endloop
 endfacet
 facet normal 1 1.8717169e-06 2.6167427e-05
  outer loop
   vertex -0.088410981 -0.0018766371 0.050026899
   vertex -0.088411 -0.0012443135 0.050690317
   vertex -0.088410981 -0.0018775059 0.050684067
  endloop
 endfacet
 facet normal 0.99999947 0.00099633867 0.00024898496
  outer loop
   vertex -0.088412203 -0.00056506173 0.052613741
   vertex -0.088411534 -0.0012499736 0.0526685
   vertex -0.088411375 -0.0012468716 0.052014305
  endloop
 endfacet
 facet normal 0.99999947 0.00099633867 0.00024898496
  outer loop
   vertex -0.088412203 -0.00056506173 0.052613741
   vertex -0.088411375 -0.0012468716 0.052014305
   vertex -0.088412034 -0.00060228997 0.052005592
  endloop
 endfacet
 facet normal 0.99999813 0.0014061752 0.0013289865
  outer loop
   vertex -0.088412884 2.5475275e-05 0.051980879
   vertex -0.088412034 -0.00060228997 0.052005592
   vertex -0.088411195 -0.0006017242 0.051373726
  endloop
 endfacet
 facet normal 0.99999813 0.0014061752 0.0013289865
  outer loop
   vertex -0.088412884 2.5475275e-05 0.051980879
   vertex -0.088411195 -0.0006017242 0.051373726
   vertex -0.088410949 5.1638781e-05 0.051393461
  endloop
 endfacet
 facet normal 0.99999972 -0.00040436605 -0.0006307368
  outer loop
   vertex -0.088410185 0.001390168 0.050819782
   vertex -0.088410495 0.00070973041 0.050765057
   vertex -0.088410946 0.00067360051 0.050072272
  endloop
 endfacet
 facet normal 0.99999972 -0.00040436605 -0.0006307368
  outer loop
   vertex -0.088410185 0.001390168 0.050819782
   vertex -0.088410946 0.00067360051 0.050072272
   vertex -0.088411052 0.0013204391 0.050086845
  endloop
 endfacet
 facet normal 0.99999034 -0.0043947342 0.00011841739
  outer loop
   vertex -0.088407893 0.00074895748 0.051464444
   vertex -0.088410949 5.1638781e-05 0.051393461
   vertex -0.088410909 4.2557599e-05 0.050722524
  endloop
 endfacet
 facet normal 0.99999034 -0.0043947342 0.00011841739
  outer loop
   vertex -0.088407893 0.00074895748 0.051464444
   vertex -0.088410909 4.2557599e-05 0.050722524
   vertex -0.088410495 0.00070973041 0.050765057
  endloop
 endfacet
 facet normal 0.99978249 0.016839654 0.012304667
  outer loop
   vertex -0.088410332 0.0026511462 0.050740783
   vertex -0.088409606 0.0023512374 0.051092199
   vertex -0.088407975 0.002019202 0.051414138
  endloop
 endfacet
 facet normal 0.99978249 0.016839654 0.012304667
  outer loop
   vertex -0.088410332 0.0026511462 0.050740783
   vertex -0.088407975 0.002019202 0.051414138
   vertex -0.088413278 0.0019502085 0.050715912
  endloop
 endfacet
 facet normal 0.99997901 0.0059834294 0.0024844015
  outer loop
   vertex -0.088411592 0.0019401868 0.05006128
   vertex -0.088413278 0.0019502085 0.050715912
   vertex -0.088410185 0.001390168 0.050819782
  endloop
 endfacet
 facet normal 0.99997901 0.0059834294 0.0024844015
  outer loop
   vertex -0.088411592 0.0019401868 0.05006128
   vertex -0.088410185 0.001390168 0.050819782
   vertex -0.088411052 0.0013204391 0.050086845
  endloop
 endfacet
 facet normal 0.99998421 -0.0046966687 0.0030848127
  outer loop
   vertex -0.088412884 2.5475275e-05 0.051980879
   vertex -0.088410949 5.1638781e-05 0.051393461
   vertex -0.088407893 0.00074895748 0.051464444
  endloop
 endfacet
 facet normal 0.99998421 -0.0046966687 0.0030848127
  outer loop
   vertex -0.088412884 2.5475275e-05 0.051980879
   vertex -0.088407893 0.00074895748 0.051464444
   vertex -0.088413186 0.00066421706 0.051947397
  endloop
 endfacet
 facet normal 1 1.9780917e-09 2.0780778e-07
  outer loop
   vertex -0.088410981 -0.0081738385 0.033762693
   vertex -0.088410981 -0.0081686136 0.033135874
   vertex -0.088410981 -0.0075187402 0.033129687
  endloop
 endfacet
 facet normal 1 1.9780917e-09 2.0780778e-07
  outer loop
   vertex -0.088410981 -0.0081738385 0.033762693
   vertex -0.088410981 -0.0075187402 0.033129687
   vertex -0.088410981 -0.0075223624 0.033755785
  endloop
 endfacet
 facet normal 1 7.2602133e-09 3.9033079e-07
  outer loop
   vertex -0.088410981 -0.0088367116 0.033146279
   vertex -0.088410981 -0.0088395918 0.032522453
   vertex -0.088410981 -0.0081654173 0.032509913
  endloop
 endfacet
 facet normal 1 7.2602133e-09 3.9033079e-07
  outer loop
   vertex -0.088410981 -0.0088367116 0.033146279
   vertex -0.088410981 -0.0081654173 0.032509913
   vertex -0.088410981 -0.0081686136 0.033135874
  endloop
 endfacet
 facet normal 0.99999681 -0.00039067183 -0.0024973437
  outer loop
   vertex -0.088409596 -0.0098089655 0.035116387
   vertex -0.088411221 -0.0095001736 0.034417172
   vertex -0.088411002 -0.008858814 0.034404379
  endloop
 endfacet
 facet normal 0.99999681 -0.00039067183 -0.0024973437
  outer loop
   vertex -0.088409596 -0.0098089655 0.035116387
   vertex -0.088411002 -0.008858814 0.034404379
   vertex -0.088410861 -0.0089153379 0.035045344
  endloop
 endfacet
 facet normal 0.99999986 0.00013871723 -0.00051770454
  outer loop
   vertex -0.088410659 -0.010019715 0.034424416
   vertex -0.088410938 -0.010174947 0.033845093
   vertex -0.088411064 -0.0094891758 0.033785232
  endloop
 endfacet
 facet normal 0.99999986 0.00013871723 -0.00051770454
  outer loop
   vertex -0.088410659 -0.010019715 0.034424416
   vertex -0.088411064 -0.0094891758 0.033785232
   vertex -0.088411221 -0.0095001736 0.034417172
  endloop
 endfacet
 facet normal -1.86156e-05 0.96592444 -0.25882422
  outer loop
   vertex -0.087655454 -0.010181301 0.033821327
   vertex -0.088410938 -0.010174947 0.033845093
   vertex -0.088410659 -0.010019715 0.034424416
  endloop
 endfacet
 facet normal -1.86156e-05 0.96592444 -0.25882422
  outer loop
   vertex -0.087655454 -0.010181301 0.033821327
   vertex -0.088410659 -0.010019715 0.034424416
   vertex -0.087660684 -0.010030356 0.034384257
  endloop
 endfacet
 facet normal 1 -1.9994806e-07 -2.0004762e-09
  outer loop
   vertex -0.088410981 -0.0081738385 0.033762693
   vertex -0.088410981 -0.0075223624 0.033755785
   vertex -0.088410981 -0.0075287368 0.034382476
  endloop
 endfacet
 facet normal 1 -1.9994806e-07 -2.0004762e-09
  outer loop
   vertex -0.088410981 -0.0081738385 0.033762693
   vertex -0.088410981 -0.0075287368 0.034382476
   vertex -0.088410982 -0.0081869861 0.034391337
  endloop
 endfacet
 facet normal 0.99999997 0.00016279255 -0.00020558911
  outer loop
   vertex -0.088410982 -0.0082047521 0.035020632
   vertex -0.088410861 -0.0089153379 0.035045344
   vertex -0.088411002 -0.008858814 0.034404379
  endloop
 endfacet
 facet normal 0.99999997 0.00016279255 -0.00020558911
  outer loop
   vertex -0.088410982 -0.0082047521 0.035020632
   vertex -0.088411002 -0.008858814 0.034404379
   vertex -0.088410982 -0.0081869861 0.034391337
  endloop
 endfacet
 facet normal 1 1.2681538e-07 3.8977881e-07
  outer loop
   vertex -0.088410981 -0.0095596945 0.032549231
   vertex -0.088410981 -0.0088395918 0.032522453
   vertex -0.088410981 -0.0088367116 0.033146279
  endloop
 endfacet
 facet normal 1 1.2681538e-07 3.8977881e-07
  outer loop
   vertex -0.088410981 -0.0095596945 0.032549231
   vertex -0.088410981 -0.0088367116 0.033146279
   vertex -0.088410986 -0.0095221755 0.033161826
  endloop
 endfacet
 facet normal 0.99999998 0.00017415119 -0.00011177159
  outer loop
   vertex -0.088411064 -0.0094891758 0.033785232
   vertex -0.088410938 -0.010174947 0.033845093
   vertex -0.088410978 -0.010341566 0.033223267
  endloop
 endfacet
 facet normal 0.99999998 0.00017415119 -0.00011177159
  outer loop
   vertex -0.088411064 -0.0094891758 0.033785232
   vertex -0.088410978 -0.010341566 0.033223267
   vertex -0.088410986 -0.0095221755 0.033161826
  endloop
 endfacet
 facet normal 1 2.2186035e-14 4.4416743e-14
  outer loop
   vertex -0.088410981 -0.0031233552 0.037499597
   vertex -0.088410981 -0.0031238094 0.038124714
   vertex -0.088410981 -0.003749818 0.038124959
  endloop
 endfacet
 facet normal 1 2.2186035e-14 4.4416743e-14
  outer loop
   vertex -0.088410981 -0.0031233552 0.037499597
   vertex -0.088410981 -0.003749818 0.038124959
   vertex -0.088410981 -0.003749659 0.037499918
  endloop
 endfacet
 facet normal 1 -2.600142e-17 -2.2200708e-14
  outer loop
   vertex -0.088410981 -0.0031242368 0.03874982
   vertex -0.088410981 -0.0031238094 0.038124714
   vertex -0.088410981 -0.0024958118 0.038123979
  endloop
 endfacet
 facet normal 1 -2.600142e-17 -2.2200708e-14
  outer loop
   vertex -0.088410981 -0.0031242368 0.03874982
   vertex -0.088410981 -0.0024958118 0.038123979
   vertex -0.088410981 -0.0024971512 0.038749315
  endloop
 endfacet
 facet normal 1 0 0
  outer loop
   vertex -0.088410981 -0.004375717 0.03875018
   vertex -0.088410981 -0.0043761768 0.039375289
   vertex -0.088410981 -0.0050039447 0.039375985
  endloop
 endfacet
 facet normal 1 0 0
  outer loop
   vertex -0.088410981 -0.004375717 0.03875018
   vertex -0.088410981 -0.0050039447 0.039375985
   vertex -0.088410981 -0.0050026057 0.03875066
  endloop
 endfacet
 facet normal 1 0 0
  outer loop
   vertex -0.088410981 -0.0043768645 0.040000448
   vertex -0.088410981 -0.0043761768 0.039375289
   vertex -0.088410981 -0.0037501974 0.039375048
  endloop
 endfacet
 facet normal 1 0 0
  outer loop
   vertex -0.088410981 -0.0043768645 0.040000448
   vertex -0.088410981 -0.0037501974 0.039375048
   vertex -0.088410981 -0.0037504456 0.040000105
  endloop
 endfacet
 facet normal 1 -0 0
  outer loop
   vertex -0.088410981 -0.0043752669 0.037500068
   vertex -0.088410981 -0.003749659 0.037499918
   vertex -0.088410981 -0.003749818 0.038124959
  endloop
 endfacet
 facet normal 1 -0 0
  outer loop
   vertex -0.088410981 -0.0043752669 0.037500068
   vertex -0.088410981 -0.003749818 0.038124959
   vertex -0.088410981 -0.0043754384 0.038125111
  endloop
 endfacet
 facet normal 1 2.2120582e-14 -2.2169621e-14
  outer loop
   vertex -0.088410981 -0.004375717 0.03875018
   vertex -0.088410981 -0.0050026057 0.03875066
   vertex -0.088410981 -0.0050018223 0.03812546
  endloop
 endfacet
 facet normal 1 2.2120582e-14 -2.2169621e-14
  outer loop
   vertex -0.088410981 -0.004375717 0.03875018
   vertex -0.088410981 -0.0050018223 0.03812546
   vertex -0.088410981 -0.0043754384 0.038125111
  endloop
 endfacet
 facet normal 1 -0 0
  outer loop
   vertex -0.088410981 -0.0031242368 0.03874982
   vertex -0.088410981 -0.0024971512 0.038749315
   vertex -0.088410981 -0.0024981842 0.039374563
  endloop
 endfacet
 facet normal 1 -0 0
  outer loop
   vertex -0.088410981 -0.0031242368 0.03874982
   vertex -0.088410981 -0.0024981842 0.039374563
   vertex -0.088410981 -0.0031245772 0.039374901
  endloop
 endfacet
 facet normal 1 -2.218278e-14 -8.8052288e-18
  outer loop
   vertex -0.088410981 -0.0031248346 0.039999959
   vertex -0.088410981 -0.0037504456 0.040000105
   vertex -0.088410981 -0.0037501974 0.039375048
  endloop
 endfacet
 facet normal 1 -2.218278e-14 -8.8052288e-18
  outer loop
   vertex -0.088410981 -0.0031248346 0.039999959
   vertex -0.088410981 -0.0037501974 0.039375048
   vertex -0.088410981 -0.0031245772 0.039374901
  endloop
 endfacet
 facet normal 1 -0 0
  outer loop
   vertex -0.088410981 -0.0031221761 0.036249277
   vertex -0.088410981 -0.0024913709 0.036247779
   vertex -0.088410981 -0.0024931801 0.036873286
  endloop
 endfacet
 facet normal 1 -0 0
  outer loop
   vertex -0.088410981 -0.0031221761 0.036249277
   vertex -0.088410981 -0.0024931801 0.036873286
   vertex -0.088410981 -0.0031228819 0.03687447
  endloop
 endfacet
 facet normal 1 -1.4315927e-17 -2.219994e-14
  outer loop
   vertex -0.088410981 -0.003749492 0.036874874
   vertex -0.088410981 -0.0031228819 0.03687447
   vertex -0.088410981 -0.0031233552 0.037499597
  endloop
 endfacet
 facet normal 1 -1.4315927e-17 -2.219994e-14
  outer loop
   vertex -0.088410981 -0.003749492 0.036874874
   vertex -0.088410981 -0.0031233552 0.037499597
   vertex -0.088410981 -0.003749659 0.037499918
  endloop
 endfacet
 facet normal 1 -1.1049202e-17 -2.2200563e-14
  outer loop
   vertex -0.088410981 -0.0043746834 0.034999921
   vertex -0.088410981 -0.0037484544 0.034999609
   vertex -0.088410981 -0.0037488939 0.035624719
  endloop
 endfacet
 facet normal 1 -1.1049202e-17 -2.2200563e-14
  outer loop
   vertex -0.088410981 -0.0043746834 0.034999921
   vertex -0.088410981 -0.0037488939 0.035624719
   vertex -0.088410981 -0.0043748381 0.03562496
  endloop
 endfacet
 facet normal 1 6.2054498e-18 2.2202407e-14
  outer loop
   vertex -0.088410981 -0.0043749846 0.036249997
   vertex -0.088410981 -0.0050006697 0.036250171
   vertex -0.088410981 -0.0050004477 0.035625114
  endloop
 endfacet
 facet normal 1 6.2054498e-18 2.2202407e-14
  outer loop
   vertex -0.088410981 -0.0043749846 0.036249997
   vertex -0.088410981 -0.0050004477 0.035625114
   vertex -0.088410981 -0.0043748381 0.03562496
  endloop
 endfacet
 facet normal 1 0 0
  outer loop
   vertex -0.088410981 -0.0024885075 0.035622033
   vertex -0.088410981 -0.0024913709 0.036247779
   vertex -0.088410981 -0.0031221761 0.036249277
  endloop
 endfacet
 facet normal 1 0 0
  outer loop
   vertex -0.088410981 -0.0024885075 0.035622033
   vertex -0.088410981 -0.0031221761 0.036249277
   vertex -0.088410981 -0.0031210975 0.035624
  endloop
 endfacet
 facet normal 1 -2.2108546e-14 -2.22161e-14
  outer loop
   vertex -0.088410981 -0.0037488939 0.035624719
   vertex -0.088410981 -0.0037484544 0.034999609
   vertex -0.088410981 -0.0031198075 0.034998678
  endloop
 endfacet
 facet normal 1 -2.2108546e-14 -2.22161e-14
  outer loop
   vertex -0.088410981 -0.0037488939 0.035624719
   vertex -0.088410981 -0.0031198075 0.034998678
   vertex -0.088410981 -0.0031210975 0.035624
  endloop
 endfacet
 facet normal 1 0 0
  outer loop
   vertex -0.088410981 -0.003749492 0.036874874
   vertex -0.088410981 -0.003749659 0.037499918
   vertex -0.088410981 -0.0043752669 0.037500068
  endloop
 endfacet
 facet normal 1 0 0
  outer loop
   vertex -0.088410981 -0.003749492 0.036874874
   vertex -0.088410981 -0.0043752669 0.037500068
   vertex -0.088410981 -0.004375126 0.036875032
  endloop
 endfacet
 facet normal 1 0 0
  outer loop
   vertex -0.088410981 -0.0050009863 0.036875251
   vertex -0.088410981 -0.0050006697 0.036250171
   vertex -0.088410981 -0.0043749846 0.036249997
  endloop
 endfacet
 facet normal 1 0 0
  outer loop
   vertex -0.088410981 -0.0050009863 0.036875251
   vertex -0.088410981 -0.0043749846 0.036249997
   vertex -0.088410981 -0.004375126 0.036875032
  endloop
 endfacet
 facet normal 1 -3.0629417e-06 -1.5642666e-08
  outer loop
   vertex -0.088410979 -0.0031065834 0.032495207
   vertex -0.088410981 -0.0037431307 0.032498203
   vertex -0.088410981 -0.0037399343 0.031872324
  endloop
 endfacet
 facet normal 1 -3.0629417e-06 -1.5642666e-08
  outer loop
   vertex -0.088410979 -0.0031065834 0.032495207
   vertex -0.088410981 -0.0037399343 0.031872324
   vertex -0.088410976 -0.003099382 0.031868279
  endloop
 endfacet
 facet normal 0.99999999 -7.5764334e-05 9.4146551e-05
  outer loop
   vertex -0.088410965 -0.0030891096 0.031240366
   vertex -0.088410914 -0.0024233442 0.0312295
   vertex -0.088410975 -0.0024447601 0.031860658
  endloop
 endfacet
 facet normal 0.99999999 -7.5764334e-05 9.4146551e-05
  outer loop
   vertex -0.088410965 -0.0030891096 0.031240366
   vertex -0.088410975 -0.0024447601 0.031860658
   vertex -0.088410976 -0.003099382 0.031868279
  endloop
 endfacet
 facet normal 1 4.4128687e-14 -2.2142861e-14
  outer loop
   vertex -0.088410981 -0.0043701236 0.031248458
   vertex -0.088410981 -0.0049986748 0.03124929
   vertex -0.088410981 -0.0049983736 0.030623152
  endloop
 endfacet
 facet normal 1 4.4128687e-14 -2.2142861e-14
  outer loop
   vertex -0.088410981 -0.0043701236 0.031248458
   vertex -0.088410981 -0.0049983736 0.030623152
   vertex -0.088410981 -0.0043686527 0.030622292
  endloop
 endfacet
 facet normal 1 -1.2375949e-06 1.2607837e-06
  outer loop
   vertex -0.088410981 -0.0043679265 0.029994487
   vertex -0.08841098 -0.0037288787 0.029991968
   vertex -0.088410981 -0.0037313167 0.030619388
  endloop
 endfacet
 facet normal 1 -1.2375949e-06 1.2607837e-06
  outer loop
   vertex -0.088410981 -0.0043679265 0.029994487
   vertex -0.088410981 -0.0037313167 0.030619388
   vertex -0.088410981 -0.0043686527 0.030622292
  endloop
 endfacet
 facet normal 1 4.2926214e-17 2.2173486e-14
  outer loop
   vertex -0.088410981 -0.0037399343 0.031872324
   vertex -0.088410981 -0.0037431307 0.032498203
   vertex -0.088410981 -0.0043728316 0.032499422
  endloop
 endfacet
 facet normal 1 4.2926214e-17 2.2173486e-14
  outer loop
   vertex -0.088410981 -0.0037399343 0.031872324
   vertex -0.088410981 -0.0043728316 0.032499422
   vertex -0.088410981 -0.0043716599 0.031874067
  endloop
 endfacet
 facet normal 1 4.4187462e-14 2.2222289e-14
  outer loop
   vertex -0.088410981 -0.004999127 0.031874688
   vertex -0.088410981 -0.0049986748 0.03124929
   vertex -0.088410981 -0.0043701236 0.031248458
  endloop
 endfacet
 facet normal 1 4.4187462e-14 2.2222289e-14
  outer loop
   vertex -0.088410981 -0.004999127 0.031874688
   vertex -0.088410981 -0.0043701236 0.031248458
   vertex -0.088410981 -0.0043716599 0.031874067
  endloop
 endfacet
 facet normal 0.99999995 -7.2537101e-05 0.00029188741
  outer loop
   vertex -0.088410728 -0.002397279 0.030597283
   vertex -0.088410914 -0.0024233442 0.0312295
   vertex -0.088410965 -0.0030891096 0.031240366
  endloop
 endfacet
 facet normal 0.99999995 -7.2537101e-05 0.00029188741
  outer loop
   vertex -0.088410728 -0.002397279 0.030597283
   vertex -0.088410965 -0.0030891096 0.031240366
   vertex -0.088410946 -0.0030783757 0.030612232
  endloop
 endfacet
 facet normal 1 -4.0522781e-05 1.1081302e-06
  outer loop
   vertex -0.088410981 -0.0037313167 0.030619388
   vertex -0.08841098 -0.0037288787 0.029991968
   vertex -0.088410954 -0.0030743171 0.029985199
  endloop
 endfacet
 facet normal 1 -4.0522781e-05 1.1081302e-06
  outer loop
   vertex -0.088410981 -0.0037313167 0.030619388
   vertex -0.088410954 -0.0030743171 0.029985199
   vertex -0.088410946 -0.0030783757 0.030612232
  endloop
 endfacet
 facet normal 1 1.047156e-06 -8.6517274e-07
  outer loop
   vertex -0.088410981 -0.0024692308 0.033116921
   vertex -0.088410982 -0.0018116041 0.03310819
   vertex -0.088410981 -0.001827958 0.033737644
  endloop
 endfacet
 facet normal 1 1.047156e-06 -8.6517274e-07
  outer loop
   vertex -0.088410981 -0.0024692308 0.033116921
   vertex -0.088410981 -0.001827958 0.033737644
   vertex -0.088410981 -0.0024777717 0.033744181
  endloop
 endfacet
 facet normal 1 3.2898147e-05 3.2127473e-05
  outer loop
   vertex -0.088411003 -0.0011417992 0.033095666
   vertex -0.088410982 -0.0018116041 0.03310819
   vertex -0.088410962 -0.0017887883 0.03247754
  endloop
 endfacet
 facet normal 1 3.2898147e-05 3.2127473e-05
  outer loop
   vertex -0.088411003 -0.0011417992 0.033095666
   vertex -0.088410962 -0.0017887883 0.03247754
   vertex -0.088410693 -0.0010886414 0.032455627
  endloop
 endfacet
 facet normal 0.99999987 0.00015268688 -0.00049189836
  outer loop
   vertex -0.088410986 -0.0011723699 0.034355721
   vertex -0.088411095 -0.0004976736 0.034342851
   vertex -0.0884108 -0.00045986227 0.034954666
  endloop
 endfacet
 facet normal 0.99999987 0.00015268688 -0.00049189836
  outer loop
   vertex -0.088410986 -0.0011723699 0.034355721
   vertex -0.0884108 -0.00045986227 0.034954666
   vertex -0.088410985 -0.0011695799 0.034979155
  endloop
 endfacet
 facet normal 0.99999987 -0.0005110767 5.0623034e-05
  outer loop
   vertex -0.088410687 0.00029668626 0.034288759
   vertex -0.088411095 -0.0004976736 0.034342851
   vertex -0.088411077 -0.00052439603 0.033718182
  endloop
 endfacet
 facet normal 0.99999987 -0.0005110767 5.0623034e-05
  outer loop
   vertex -0.088410687 0.00029668626 0.034288759
   vertex -0.088411077 -0.00052439603 0.033718182
   vertex -0.088410905 0.00013007342 0.033666931
  endloop
 endfacet
 facet normal 1 1.9889267e-07 1.4790447e-09
  outer loop
   vertex -0.088410981 -0.0024824294 0.03437051
   vertex -0.088410981 -0.0024777717 0.033744181
   vertex -0.088410981 -0.001827958 0.033737644
  endloop
 endfacet
 facet normal 1 1.9889267e-07 1.4790447e-09
  outer loop
   vertex -0.088410981 -0.0024824294 0.03437051
   vertex -0.088410981 -0.001827958 0.033737644
   vertex -0.088410981 -0.0018349939 0.034364851
  endloop
 endfacet
 facet normal 1 7.4207207e-06 2.6845281e-08
  outer loop
   vertex -0.088410981 -0.0018384783 0.034990633
   vertex -0.088410981 -0.0018349939 0.034364851
   vertex -0.088410986 -0.0011723699 0.034355721
  endloop
 endfacet
 facet normal 1 7.4207207e-06 2.6845281e-08
  outer loop
   vertex -0.088410981 -0.0018384783 0.034990633
   vertex -0.088410986 -0.0011723699 0.034355721
   vertex -0.088410985 -0.0011695799 0.034979155
  endloop
 endfacet
 facet normal 0.99999914 -0.0012571019 0.00038021169
  outer loop
   vertex -0.088411003 -0.0011417992 0.033095666
   vertex -0.088410693 -0.0010886414 0.032455627
   vertex -0.088409596 -0.00023380141 0.032395072
  endloop
 endfacet
 facet normal 0.99999914 -0.0012571019 0.00038021169
  outer loop
   vertex -0.088411003 -0.0011417992 0.033095666
   vertex -0.088409596 -0.00023380141 0.032395072
   vertex -0.088411242 -0.00049357281 0.033081019
  endloop
 endfacet
 facet normal 0.99999987 -0.00022859171 0.00045202594
  outer loop
   vertex -0.088410678 -2.5157363e-05 0.033087607
   vertex -0.088410905 0.00013007342 0.033666931
   vertex -0.088411077 -0.00052439603 0.033718182
  endloop
 endfacet
 facet normal 0.99999987 -0.00022859171 0.00045202594
  outer loop
   vertex -0.088410678 -2.5157363e-05 0.033087607
   vertex -0.088411077 -0.00052439603 0.033718182
   vertex -0.088411242 -0.00049357281 0.033081019
  endloop
 endfacet
 facet normal -3.2742695e-05 -0.96592515 0.25882156
  outer loop
   vertex -0.087660405 0.00013582527 0.033688491
   vertex -0.088410905 0.00013007342 0.033666931
   vertex -0.088410678 -2.5157363e-05 0.033087607
  endloop
 endfacet
 facet normal -3.2742695e-05 -0.96592515 0.25882156
  outer loop
   vertex -0.087660405 0.00013582527 0.033688491
   vertex -0.088410678 -2.5157363e-05 0.033087607
   vertex -0.087665902 -1.6013738e-05 0.033122169
  endloop
 endfacet
 facet normal 1 -3.0629213e-06 -1.1304713e-08
  outer loop
   vertex -0.088410981 -0.0037454397 0.033123809
   vertex -0.088410981 -0.0037431307 0.032498203
   vertex -0.088410979 -0.0031065834 0.032495207
  endloop
 endfacet
 facet normal 1 -3.0629213e-06 -1.1304713e-08
  outer loop
   vertex -0.088410981 -0.0037454397 0.033123809
   vertex -0.088410979 -0.0031065834 0.032495207
   vertex -0.088410981 -0.0031121712 0.033121646
  endloop
 endfacet
 facet normal 1 -8.160883e-09 -5.1266618e-11
  outer loop
   vertex -0.088410981 -0.0031161057 0.03374768
   vertex -0.088410981 -0.0031121712 0.033121646
   vertex -0.088410981 -0.0024692308 0.033116921
  endloop
 endfacet
 facet normal 1 -8.160883e-09 -5.1266618e-11
  outer loop
   vertex -0.088410981 -0.0031161057 0.03374768
   vertex -0.088410981 -0.0024692308 0.033116921
   vertex -0.088410981 -0.0024777717 0.033744181
  endloop
 endfacet
 facet normal 1 2.21813e-14 1.1212562e-17
  outer loop
   vertex -0.088410981 -0.0043741742 0.033749785
   vertex -0.088410981 -0.0043744902 0.03437487
   vertex -0.088410981 -0.0050001428 0.034375036
  endloop
 endfacet
 facet normal 1 2.21813e-14 1.1212562e-17
  outer loop
   vertex -0.088410981 -0.0043741742 0.033749785
   vertex -0.088410981 -0.0050001428 0.034375036
   vertex -0.088410981 -0.0049999757 0.033749992
  endloop
 endfacet
 facet normal 1 1.1048613e-17 2.219938e-14
  outer loop
   vertex -0.088410981 -0.0037479084 0.034374466
   vertex -0.088410981 -0.0037484544 0.034999609
   vertex -0.088410981 -0.0043746834 0.034999921
  endloop
 endfacet
 facet normal 1 1.1048613e-17 2.219938e-14
  outer loop
   vertex -0.088410981 -0.0037479084 0.034374466
   vertex -0.088410981 -0.0043746834 0.034999921
   vertex -0.088410981 -0.0043744902 0.03437487
  endloop
 endfacet
 facet normal 1 -4.294484e-17 -2.2183108e-14
  outer loop
   vertex -0.088410981 -0.0043728316 0.032499422
   vertex -0.088410981 -0.0037431307 0.032498203
   vertex -0.088410981 -0.0037454397 0.033123809
  endloop
 endfacet
 facet normal 1 -4.294484e-17 -2.2183108e-14
  outer loop
   vertex -0.088410981 -0.0043728316 0.032499422
   vertex -0.088410981 -0.0037454397 0.033123809
   vertex -0.088410981 -0.0043736444 0.033124644
  endloop
 endfacet
 facet normal 1 0 0
  outer loop
   vertex -0.088410981 -0.0043741742 0.033749785
   vertex -0.088410981 -0.0049999757 0.033749992
   vertex -0.088410981 -0.0049997737 0.033124935
  endloop
 endfacet
 facet normal 1 0 0
  outer loop
   vertex -0.088410981 -0.0043741742 0.033749785
   vertex -0.088410981 -0.0049997737 0.033124935
   vertex -0.088410981 -0.0043736444 0.033124644
  endloop
 endfacet
 facet normal 1 -2.1821585e-14 -8.0227642e-17
  outer loop
   vertex -0.088410981 -0.0024824294 0.03437051
   vertex -0.088410981 -0.0031184058 0.034373312
   vertex -0.088410981 -0.0031161057 0.03374768
  endloop
 endfacet
 facet normal 1 -2.1821585e-14 -8.0227642e-17
  outer loop
   vertex -0.088410981 -0.0024824294 0.03437051
   vertex -0.088410981 -0.0031161057 0.03374768
   vertex -0.088410981 -0.0024777717 0.033744181
  endloop
 endfacet
 facet normal 1 -2.2042808e-14 2.2180121e-14
  outer loop
   vertex -0.088410981 -0.0031198075 0.034998678
   vertex -0.088410981 -0.0037484544 0.034999609
   vertex -0.088410981 -0.0037479084 0.034374466
  endloop
 endfacet
 facet normal 1 -2.2042808e-14 2.2180121e-14
  outer loop
   vertex -0.088410981 -0.0031198075 0.034998678
   vertex -0.088410981 -0.0037479084 0.034374466
   vertex -0.088410981 -0.0031184058 0.034373312
  endloop
 endfacet
 facet normal 1 -1.1422757e-05 1.4179201e-06
  outer loop
   vertex -0.088410989 -0.008199399 0.036269561
   vertex -0.088410981 -0.0075423319 0.03626102
   vertex -0.088410982 -0.0075543412 0.036889332
  endloop
 endfacet
 facet normal 1 -1.1422757e-05 1.4179201e-06
  outer loop
   vertex -0.088410989 -0.008199399 0.036269561
   vertex -0.088410982 -0.0075543412 0.036889332
   vertex -0.088411008 -0.0082193216 0.036900529
  endloop
 endfacet
 facet normal 0.9999999 -0.00039965886 -0.00022165164
  outer loop
   vertex -0.088411259 -0.0088526821 0.036911214
   vertex -0.088411008 -0.0082193216 0.036900529
   vertex -0.088410887 -0.0082714399 0.037540373
  endloop
 endfacet
 facet normal 0.9999999 -0.00039965886 -0.00022165164
  outer loop
   vertex -0.088411259 -0.0088526821 0.036911214
   vertex -0.088410887 -0.0082714399 0.037540373
   vertex -0.088409596 -0.0091440638 0.037605695
  endloop
 endfacet
 facet normal 0.99999838 0.00063876322 0.001680159
  outer loop
   vertex -0.088411099 -0.0088753065 0.035656463
   vertex -0.088410682 -0.0096746925 0.035712047
   vertex -0.088409596 -0.0098089655 0.035116387
  endloop
 endfacet
 facet normal 0.99999838 0.00063876322 0.001680159
  outer loop
   vertex -0.088411099 -0.0088753065 0.035656463
   vertex -0.088409596 -0.0098089655 0.035116387
   vertex -0.088410861 -0.0089153379 0.035045344
  endloop
 endfacet
 facet normal 1 -1.1440588e-05 4.6167634e-08
  outer loop
   vertex -0.088410981 -0.0075379449 0.03563455
   vertex -0.088410981 -0.0075423319 0.03626102
   vertex -0.088410989 -0.008199399 0.036269561
  endloop
 endfacet
 facet normal 1 -1.1440588e-05 4.6167634e-08
  outer loop
   vertex -0.088410981 -0.0075379449 0.03563455
   vertex -0.088410989 -0.008199399 0.036269561
   vertex -0.088410986 -0.0081999125 0.03564346
  endloop
 endfacet
 facet normal 0.99999999 -0.00016720542 7.8116763e-06
  outer loop
   vertex -0.088410982 -0.0082047521 0.035020632
   vertex -0.088410986 -0.0081999125 0.03564346
   vertex -0.088411099 -0.0088753065 0.035656463
  endloop
 endfacet
 facet normal 0.99999999 -0.00016720542 7.8116763e-06
  outer loop
   vertex -0.088410982 -0.0082047521 0.035020632
   vertex -0.088411099 -0.0088753065 0.035656463
   vertex -0.088410861 -0.0089153379 0.035045344
  endloop
 endfacet
 facet normal 0.99999419 0.0032498659 -0.0010320659
  outer loop
   vertex -0.088411259 -0.0088526821 0.036911214
   vertex -0.088409596 -0.0091440638 0.037605695
   vertex -0.088409539 -0.0091982484 0.037490179
  endloop
 endfacet
 facet normal 0.99999419 0.0032498659 -0.0010320659
  outer loop
   vertex -0.088411259 -0.0088526821 0.036911214
   vertex -0.088409539 -0.0091982484 0.037490179
   vertex -0.088410664 -0.0093528488 0.036913198
  endloop
 endfacet
 facet normal 0.99999423 -0.0032687644 0.00092584037
  outer loop
   vertex -0.088409825 0.00079691773 0.036155718
   vertex -0.088412117 0.00011249972 0.036215214
   vertex -0.088411496 0.00012343965 0.035583314
  endloop
 endfacet
 facet normal 0.99999423 -0.0032687644 0.00092584037
  outer loop
   vertex -0.088409825 0.00079691773 0.036155718
   vertex -0.088411496 0.00012343965 0.035583314
   vertex -0.088410219 0.0006417032 0.035576391
  endloop
 endfacet
 facet normal -0.00082041572 -0.96593195 0.2587949
  outer loop
   vertex -0.088409825 0.00079691773 0.036155718
   vertex -0.088410219 0.0006417032 0.035576391
   vertex -0.087661022 0.00065183742 0.035616591
  endloop
 endfacet
 facet normal -0.00082041572 -0.96593195 0.2587949
  outer loop
   vertex -0.088409825 0.00079691773 0.036155718
   vertex -0.087661022 0.00065183742 0.035616591
   vertex -0.087655784 0.00080222821 0.036179714
  endloop
 endfacet
 facet normal 0.99999429 -0.003278313 0.0008160001
  outer loop
   vertex -0.088412517 0.00014547608 0.036838551
   vertex -0.088412117 0.00011249972 0.036215214
   vertex -0.088409825 0.00079691773 0.036155718
  endloop
 endfacet
 facet normal 0.99999429 -0.003278313 0.0008160001
  outer loop
   vertex -0.088412517 0.00014547608 0.036838551
   vertex -0.088409825 0.00079691773 0.036155718
   vertex -0.0884074 0.00096346942 0.036777563
  endloop
 endfacet
 facet normal -0.0014164905 -0.96606047 0.25831214
  outer loop
   vertex -0.088409825 0.00079691773 0.036155718
   vertex -0.087655784 0.00080222821 0.036179714
   vertex -0.087632641 0.0010354334 0.037052004
  endloop
 endfacet
 facet normal -0.0014164905 -0.96606047 0.25831214
  outer loop
   vertex -0.088409825 0.00079691773 0.036155718
   vertex -0.087632641 0.0010354334 0.037052004
   vertex -0.088135144 0.0010360312 0.037075348
  endloop
 endfacet
 facet normal -0.0014164905 -0.96606047 0.25831214
  outer loop
   vertex -0.088409825 0.00079691773 0.036155718
   vertex -0.088135144 0.0010360312 0.037075348
   vertex -0.0884074 0.00096346942 0.036777563
  endloop
 endfacet
 facet normal 0.99999765 0.0021164747 -0.00047297835
  outer loop
   vertex -0.088411424 -0.0051321276 0.049427079
   vertex -0.088409668 -0.0059440303 0.04950659
   vertex -0.088409597 -0.0061150465 0.04889099
  endloop
 endfacet
 facet normal 0.99999765 0.0021164747 -0.00047297835
  outer loop
   vertex -0.088411424 -0.0051321276 0.049427079
   vertex -0.088409597 -0.0061150465 0.04889099
   vertex -0.088410868 -0.0051859443 0.048808892
  endloop
 endfacet
 facet normal -0.0016057328 0.96098838 -0.2765841
  outer loop
   vertex -0.087660489 -0.0061922535 0.048707129
   vertex -0.088409541 -0.0061813484 0.048749368
   vertex -0.088139328 -0.0060543918 0.049188908
  endloop
 endfacet
 facet normal -0.0016057328 0.96098838 -0.2765841
  outer loop
   vertex -0.087660489 -0.0061922535 0.048707129
   vertex -0.088139328 -0.0060543918 0.049188908
   vertex -0.087635266 -0.0060515352 0.049204985
  endloop
 endfacet
 facet normal 0.99999966 0.00081853571 3.3356407e-05
  outer loop
   vertex -0.088411106 -0.005760727 0.047534703
   vertex -0.0884111 -0.0057941084 0.048174584
   vertex -0.088410661 -0.0063307224 0.048191921
  endloop
 endfacet
 facet normal 0.99999966 0.00081853571 3.3356407e-05
  outer loop
   vertex -0.088411106 -0.005760727 0.047534703
   vertex -0.088410661 -0.0063307224 0.048191921
   vertex -0.088410659 -0.0064966079 0.047572823
  endloop
 endfacet
 facet normal 0.99999907 0.0013632516 -5.5547857e-05
  outer loop
   vertex -0.088410985 -0.0051263703 0.048160726
   vertex -0.088410868 -0.0051859443 0.048808892
   vertex -0.088409597 -0.0061150465 0.04889099
  endloop
 endfacet
 facet normal 0.99999907 0.0013632516 -5.5547857e-05
  outer loop
   vertex -0.088410985 -0.0051263703 0.048160726
   vertex -0.088409597 -0.0061150465 0.04889099
   vertex -0.0884111 -0.0057941084 0.048174584
  endloop
 endfacet
 facet normal 0.99999999 -0.00014524227 2.726019e-06
  outer loop
   vertex -0.088410986 -0.0056995604 0.045018411
   vertex -0.088410988 -0.0057021437 0.045645341
   vertex -0.088411081 -0.0063429033 0.045654581
  endloop
 endfacet
 facet normal 0.99999999 -0.00014524227 2.726019e-06
  outer loop
   vertex -0.088410986 -0.0056995604 0.045018411
   vertex -0.088411081 -0.0063429033 0.045654581
   vertex -0.088411099 -0.0063719282 0.045030649
  endloop
 endfacet
 facet normal 1 -3.4338307e-05 7.2652208e-08
  outer loop
   vertex -0.088410981 -0.0050450466 0.045636776
   vertex -0.088410982 -0.005060614 0.046266082
   vertex -0.088411005 -0.0057269468 0.046277742
  endloop
 endfacet
 facet normal 1 -3.4338307e-05 7.2652208e-08
  outer loop
   vertex -0.088410981 -0.0050450466 0.045636776
   vertex -0.088411005 -0.0057269468 0.046277742
   vertex -0.088410988 -0.0057021437 0.045645341
  endloop
 endfacet
 facet normal 0.99999986 0.00052099129 -5.2411568e-05
  outer loop
   vertex -0.088410684 -0.0071634745 0.045084041
   vertex -0.088411099 -0.0063719282 0.045030649
   vertex -0.088411081 -0.0063429033 0.045654581
  endloop
 endfacet
 facet normal 0.99999986 0.00052099129 -5.2411568e-05
  outer loop
   vertex -0.088410684 -0.0071634745 0.045084041
   vertex -0.088411081 -0.0063429033 0.045654581
   vertex -0.088410902 -0.0069968616 0.045705869
  endloop
 endfacet
 facet normal 0.99999844 0.00069143546 0.0016282646
  outer loop
   vertex -0.088411106 -0.005760727 0.047534703
   vertex -0.088410659 -0.0064966079 0.047572823
   vertex -0.088409596 -0.0066333722 0.04697783
  endloop
 endfacet
 facet normal 0.99999844 0.00069143546 0.0016282646
  outer loop
   vertex -0.088411106 -0.005760727 0.047534703
   vertex -0.088409596 -0.0066333722 0.04697783
   vertex -0.088410849 -0.0057810655 0.04691807
  endloop
 endfacet
 facet normal 1 -3.443675e-05 -5.5532115e-06
  outer loop
   vertex -0.088411005 -0.0057269468 0.046277742
   vertex -0.088410982 -0.005060614 0.046266082
   vertex -0.088410979 -0.0050829121 0.046896687
  endloop
 endfacet
 facet normal 1 -3.443675e-05 -5.5532115e-06
  outer loop
   vertex -0.088411005 -0.0057269468 0.046277742
   vertex -0.088410979 -0.0050829121 0.046896687
   vertex -0.088410849 -0.0057810655 0.04691807
  endloop
 endfacet
 facet normal 1 -0 0
  outer loop
   vertex -0.088410981 -0.0031252003 0.041250047
   vertex -0.088410981 -0.0024996335 0.041249908
   vertex -0.088410981 -0.0024997768 0.041874944
  endloop
 endfacet
 facet normal 1 -0 0
  outer loop
   vertex -0.088410981 -0.0031252003 0.041250047
   vertex -0.088410981 -0.0024997768 0.041874944
   vertex -0.088410981 -0.0031253492 0.041875085
  endloop
 endfacet
 facet normal 1 -2.2134879e-14 2.2183707e-14
  outer loop
   vertex -0.088410981 -0.0031255098 0.042500128
   vertex -0.088410981 -0.0037520794 0.042500522
   vertex -0.088410981 -0.0037516184 0.041875398
  endloop
 endfacet
 facet normal 1 -2.2134879e-14 2.2183707e-14
  outer loop
   vertex -0.088410981 -0.0031255098 0.042500128
   vertex -0.088410981 -0.0037516184 0.041875398
   vertex -0.088410981 -0.0031253492 0.041875085
  endloop
 endfacet
 facet normal 1 0 0
  outer loop
   vertex -0.088410981 -0.0037507684 0.040625181
   vertex -0.088410981 -0.0043778353 0.040625681
   vertex -0.088410981 -0.0043768645 0.040000448
  endloop
 endfacet
 facet normal 1 0 0
  outer loop
   vertex -0.088410981 -0.0037507684 0.040625181
   vertex -0.088410981 -0.0043768645 0.040000448
   vertex -0.088410981 -0.0037504456 0.040000105
  endloop
 endfacet
 facet normal 1 2.1925189e-14 1.2375682e-16
  outer loop
   vertex -0.088410981 -0.0043791158 0.041251003
   vertex -0.088410981 -0.0050120879 0.041252974
   vertex -0.088410981 -0.005008555 0.040627081
  endloop
 endfacet
 facet normal 1 2.1925189e-14 1.2375682e-16
  outer loop
   vertex -0.088410981 -0.0043791158 0.041251003
   vertex -0.088410981 -0.005008555 0.040627081
   vertex -0.088410981 -0.0043778353 0.040625681
  endloop
 endfacet
 facet normal 1 0 0
  outer loop
   vertex -0.088410981 -0.0024993794 0.040624845
   vertex -0.088410981 -0.0024996335 0.041249908
   vertex -0.088410981 -0.0031252003 0.041250047
  endloop
 endfacet
 facet normal 1 0 0
  outer loop
   vertex -0.088410981 -0.0024993794 0.040624845
   vertex -0.088410981 -0.0031252003 0.041250047
   vertex -0.088410981 -0.0031250342 0.040625006
  endloop
 endfacet
 facet normal 1 -2.2178407e-14 -7.080725e-18
  outer loop
   vertex -0.088410981 -0.0031248346 0.039999959
   vertex -0.088410981 -0.0031250342 0.040625006
   vertex -0.088410981 -0.0037507684 0.040625181
  endloop
 endfacet
 facet normal 1 -2.2178407e-14 -7.080725e-18
  outer loop
   vertex -0.088410981 -0.0031248346 0.039999959
   vertex -0.088410981 -0.0037507684 0.040625181
   vertex -0.088410981 -0.0037504456 0.040000105
  endloop
 endfacet
 facet normal 1 2.2083852e-14 2.221632e-14
  outer loop
   vertex -0.088410981 -0.0037516184 0.041875398
   vertex -0.088410981 -0.0037520794 0.042500522
   vertex -0.088410981 -0.0043816484 0.042501671
  endloop
 endfacet
 facet normal 1 2.2083852e-14 2.221632e-14
  outer loop
   vertex -0.088410981 -0.0037516184 0.041875398
   vertex -0.088410981 -0.0043816484 0.042501671
   vertex -0.088410981 -0.0043804502 0.041876347
  endloop
 endfacet
 facet normal 1 2.192519e-14 1.2393504e-16
  outer loop
   vertex -0.088410981 -0.0050156259 0.041878879
   vertex -0.088410981 -0.0050120879 0.041252974
   vertex -0.088410981 -0.0043791158 0.041251003
  endloop
 endfacet
 facet normal 1 2.192519e-14 1.2393504e-16
  outer loop
   vertex -0.088410981 -0.0050156259 0.041878879
   vertex -0.088410981 -0.0043791158 0.041251003
   vertex -0.088410981 -0.0043804502 0.041876347
  endloop
 endfacet
 facet normal 1 -2.216282e-14 -2.2222229e-14
  outer loop
   vertex -0.088410981 -0.003752769 0.04312571
   vertex -0.088410981 -0.0037520794 0.042500522
   vertex -0.088410981 -0.0031255098 0.042500128
  endloop
 endfacet
 facet normal 1 -2.216282e-14 -2.2222229e-14
  outer loop
   vertex -0.088410981 -0.003752769 0.04312571
   vertex -0.088410981 -0.0031255098 0.042500128
   vertex -0.088410981 -0.0031257471 0.043125191
  endloop
 endfacet
 facet normal 1 0 0
  outer loop
   vertex -0.088410981 -0.003126098 0.04375028
   vertex -0.088410981 -0.0031257471 0.043125191
   vertex -0.088410981 -0.0025000306 0.043125008
  endloop
 endfacet
 facet normal 1 0 0
  outer loop
   vertex -0.088410981 -0.003126098 0.04375028
   vertex -0.088410981 -0.0025000306 0.043125008
   vertex -0.088410981 -0.0025001715 0.043750044
  endloop
 endfacet
 facet normal 1 -1.4039066e-09 8.7615646e-08
  outer loop
   vertex -0.088410981 -0.0050353949 0.044384064
   vertex -0.088410981 -0.0050278554 0.04375725
   vertex -0.088410981 -0.0043861772 0.043752886
  endloop
 endfacet
 facet normal 1 -1.4039066e-09 8.7615646e-08
  outer loop
   vertex -0.088410981 -0.0050353949 0.044384064
   vertex -0.088410981 -0.0043861772 0.043752886
   vertex -0.088410981 -0.0043893954 0.044378672
  endloop
 endfacet
 facet normal 1 -2.1879031e-14 -9.2536126e-17
  outer loop
   vertex -0.088410981 -0.0043920416 0.045004336
   vertex -0.088410981 -0.0043893954 0.044378672
   vertex -0.088410981 -0.0037550891 0.044376294
  endloop
 endfacet
 facet normal 1 -2.1879031e-14 -9.2536126e-17
  outer loop
   vertex -0.088410981 -0.0043920416 0.045004336
   vertex -0.088410981 -0.0037550891 0.044376294
   vertex -0.088410981 -0.003756441 0.045001641
  endloop
 endfacet
 facet normal 1 2.2002859e-14 -2.2173513e-14
  outer loop
   vertex -0.088410981 -0.0043816484 0.042501671
   vertex -0.088410981 -0.0037520794 0.042500522
   vertex -0.088410981 -0.003752769 0.04312571
  endloop
 endfacet
 facet normal 1 2.2002859e-14 -2.2173513e-14
  outer loop
   vertex -0.088410981 -0.0043816484 0.042501671
   vertex -0.088410981 -0.003752769 0.04312571
   vertex -0.088410981 -0.0043833922 0.043127161
  endloop
 endfacet
 facet normal 1 -1.986004e-09 2.0274437e-09
  outer loop
   vertex -0.088410981 -0.0043861772 0.043752886
   vertex -0.088410981 -0.0050278554 0.04375725
   vertex -0.088410981 -0.0050214921 0.043130557
  endloop
 endfacet
 facet normal 1 -1.986004e-09 2.0274437e-09
  outer loop
   vertex -0.088410981 -0.0043861772 0.043752886
   vertex -0.088410981 -0.0050214921 0.043130557
   vertex -0.088410981 -0.0043833922 0.043127161
  endloop
 endfacet
 facet normal 1 -2.216321e-14 2.2197772e-14
  outer loop
   vertex -0.088410981 -0.003126098 0.04375028
   vertex -0.088410981 -0.0025001715 0.043750044
   vertex -0.088410981 -0.0025003223 0.044375082
  endloop
 endfacet
 facet normal 1 -2.216321e-14 2.2197772e-14
  outer loop
   vertex -0.088410981 -0.003126098 0.04375028
   vertex -0.088410981 -0.0025003223 0.044375082
   vertex -0.088410981 -0.0031265309 0.044375388
  endloop
 endfacet
 facet normal 1 3.938562e-17 2.2192252e-14
  outer loop
   vertex -0.088410981 -0.0031270622 0.045000524
   vertex -0.088410981 -0.003756441 0.045001641
   vertex -0.088410981 -0.0037550891 0.044376294
  endloop
 endfacet
 facet normal 1 3.938562e-17 2.2192252e-14
  outer loop
   vertex -0.088410981 -0.0031270622 0.045000524
   vertex -0.088410981 -0.0037550891 0.044376294
   vertex -0.088410981 -0.0031265309 0.044375388
  endloop
 endfacet
 facet normal 0.99999998 -0.00011529296 0.00013093129
  outer loop
   vertex -0.088410988 -0.0063322556 0.043146538
   vertex -0.088411064 -0.0069802137 0.043157758
   vertex -0.088410986 -0.0070152969 0.04253508
  endloop
 endfacet
 facet normal 0.99999998 -0.00011529296 0.00013093129
  outer loop
   vertex -0.088410988 -0.0063322556 0.043146538
   vertex -0.088410986 -0.0070152969 0.04253508
   vertex -0.088410981 -0.0063328103 0.042520294
  endloop
 endfacet
 facet normal 0.99999999 0.00015965855 4.7853411e-06
  outer loop
   vertex -0.08841087 -0.0064102197 0.044419064
   vertex -0.088410983 -0.0057028211 0.044395155
   vertex -0.088410986 -0.0056995604 0.045018411
  endloop
 endfacet
 facet normal 0.99999999 0.00015965855 4.7853411e-06
  outer loop
   vertex -0.08841087 -0.0064102197 0.044419064
   vertex -0.088410986 -0.0056995604 0.045018411
   vertex -0.088411099 -0.0063719282 0.045030649
  endloop
 endfacet
 facet normal 1 -1.3786937e-06 7.1049148e-08
  outer loop
   vertex -0.088410982 -0.0056843617 0.043765657
   vertex -0.088410981 -0.0050278554 0.04375725
   vertex -0.088410981 -0.0050353949 0.044384064
  endloop
 endfacet
 facet normal 1 -1.3786937e-06 7.1049148e-08
  outer loop
   vertex -0.088410982 -0.0056843617 0.043765657
   vertex -0.088410981 -0.0050353949 0.044384064
   vertex -0.088410983 -0.0057028211 0.044395155
  endloop
 endfacet
 facet normal 0.99999979 0.00054748059 0.00034029849
  outer loop
   vertex -0.08841087 -0.0064102197 0.044419064
   vertex -0.088411099 -0.0063719282 0.045030649
   vertex -0.088410684 -0.0071634745 0.045084041
  endloop
 endfacet
 facet normal 0.99999979 0.00054748059 0.00034029849
  outer loop
   vertex -0.08841087 -0.0064102197 0.044419064
   vertex -0.088410684 -0.0071634745 0.045084041
   vertex -0.088409596 -0.0072982739 0.044488522
  endloop
 endfacet
 facet normal 1 -9.9230447e-06 1.2622982e-07
  outer loop
   vertex -0.088410981 -0.0056667602 0.042510418
   vertex -0.088410981 -0.0056715381 0.043137072
   vertex -0.088410988 -0.0063322556 0.043146538
  endloop
 endfacet
 facet normal 1 -9.9230447e-06 1.2622982e-07
  outer loop
   vertex -0.088410981 -0.0056667602 0.042510418
   vertex -0.088410988 -0.0063322556 0.043146538
   vertex -0.088410981 -0.0063328103 0.042520294
  endloop
 endfacet
 facet normal 1 -1.3797567e-06 -1.1961982e-08
  outer loop
   vertex -0.088410981 -0.0050214921 0.043130557
   vertex -0.088410981 -0.0050278554 0.04375725
   vertex -0.088410982 -0.0056843617 0.043765657
  endloop
 endfacet
 facet normal 1 -1.3797567e-06 -1.1961982e-08
  outer loop
   vertex -0.088410981 -0.0050214921 0.043130557
   vertex -0.088410982 -0.0056843617 0.043765657
   vertex -0.088410981 -0.0056715381 0.043137072
  endloop
 endfacet
 facet normal 1 5.752689e-09 3.2045331e-11
  outer loop
   vertex -0.088410981 -0.0031342607 0.047502708
   vertex -0.088410981 -0.0031377505 0.048129619
   vertex -0.088410981 -0.0037821317 0.048135293
  endloop
 endfacet
 facet normal 1 5.752689e-09 3.2045331e-11
  outer loop
   vertex -0.088410981 -0.0031342607 0.047502708
   vertex -0.088410981 -0.0037821317 0.048135293
   vertex -0.088410981 -0.0037737968 0.047506662
  endloop
 endfacet
 facet normal 1 -2.1997408e-14 -2.2186564e-14
  outer loop
   vertex -0.088410981 -0.0031409061 0.048758252
   vertex -0.088410981 -0.0031377505 0.048129619
   vertex -0.088410981 -0.0025042981 0.048127071
  endloop
 endfacet
 facet normal 1 -2.1997408e-14 -2.2186564e-14
  outer loop
   vertex -0.088410981 -0.0031409061 0.048758252
   vertex -0.088410981 -0.0025042981 0.048127071
   vertex -0.088410981 -0.0025055267 0.04875482
  endloop
 endfacet
 facet normal 0.99999982 -0.00060304444 5.4776558e-05
  outer loop
   vertex -0.088410985 -0.0044634215 0.048780236
   vertex -0.088411013 -0.0044530568 0.049410808
   vertex -0.088411424 -0.0051321276 0.049427079
  endloop
 endfacet
 facet normal 0.99999982 -0.00060304444 5.4776558e-05
  outer loop
   vertex -0.088410985 -0.0044634215 0.048780236
   vertex -0.088411424 -0.0051321276 0.049427079
   vertex -0.088410868 -0.0051859443 0.048808892
  endloop
 endfacet
 facet normal 1 -4.7585994e-05 -2.9951945e-05
  outer loop
   vertex -0.088410994 -0.0044439236 0.050049794
   vertex -0.088411013 -0.0044530568 0.049410808
   vertex -0.088410982 -0.0037896321 0.049398559
  endloop
 endfacet
 facet normal 1 -4.7585994e-05 -2.9951945e-05
  outer loop
   vertex -0.088410994 -0.0044439236 0.050049794
   vertex -0.088410982 -0.0037896321 0.049398559
   vertex -0.088410981 -0.0037895854 0.050038539
  endloop
 endfacet
 facet normal 1 -4.1582787e-08 -6.4478478e-09
  outer loop
   vertex -0.088410981 -0.0044268425 0.04751401
   vertex -0.088410981 -0.0037737968 0.047506662
   vertex -0.088410981 -0.0037821317 0.048135293
  endloop
 endfacet
 facet normal 1 -4.1582787e-08 -6.4478478e-09
  outer loop
   vertex -0.088410981 -0.0044268425 0.04751401
   vertex -0.088410981 -0.0037821317 0.048135293
   vertex -0.088410981 -0.0044447227 0.048145842
  endloop
 endfacet
 facet normal 1 -6.0710121e-06 6.0077681e-06
  outer loop
   vertex -0.088410985 -0.0051263703 0.048160726
   vertex -0.088410981 -0.0044447227 0.048145842
   vertex -0.088410985 -0.0044634215 0.048780236
  endloop
 endfacet
 facet normal 1 -6.0710121e-06 6.0077681e-06
  outer loop
   vertex -0.088410985 -0.0051263703 0.048160726
   vertex -0.088410985 -0.0044634215 0.048780236
   vertex -0.088410868 -0.0051859443 0.048808892
  endloop
 endfacet
 facet normal 1 1.1867018e-16 2.1968281e-14
  outer loop
   vertex -0.088410981 -0.0031409061 0.048758252
   vertex -0.088410981 -0.0025055267 0.04875482
   vertex -0.088410981 -0.0025064576 0.049386544
  endloop
 endfacet
 facet normal 1 1.1867018e-16 2.1968281e-14
  outer loop
   vertex -0.088410981 -0.0031409061 0.048758252
   vertex -0.088410981 -0.0025064576 0.049386544
   vertex -0.088410981 -0.003142297 0.049390412
  endloop
 endfacet
 facet normal 1 -4.8493425e-07 -1.3955794e-06
  outer loop
   vertex -0.088410981 -0.0031439323 0.050030097
   vertex -0.088410981 -0.0037895854 0.050038539
   vertex -0.088410982 -0.0037896321 0.049398559
  endloop
 endfacet
 facet normal 1 -4.8493425e-07 -1.3955794e-06
  outer loop
   vertex -0.088410981 -0.0031439323 0.050030097
   vertex -0.088410982 -0.0037896321 0.049398559
   vertex -0.088410981 -0.003142297 0.049390412
  endloop
 endfacet
 facet normal 1 7.2987199e-09 3.2128804e-11
  outer loop
   vertex -0.088410981 -0.0037675381 0.046879618
   vertex -0.088410981 -0.0031315051 0.046876718
   vertex -0.088410981 -0.0031342607 0.047502708
  endloop
 endfacet
 facet normal 1 7.2987199e-09 3.2128804e-11
  outer loop
   vertex -0.088410981 -0.0037675381 0.046879618
   vertex -0.088410981 -0.0031342607 0.047502708
   vertex -0.088410981 -0.0037737968 0.047506662
  endloop
 endfacet
 facet normal 1 2.2095091e-14 2.5689608e-17
  outer loop
   vertex -0.088410981 -0.0031294013 0.046251132
   vertex -0.088410981 -0.0025013066 0.04625033
   vertex -0.088410981 -0.0025020335 0.046875541
  endloop
 endfacet
 facet normal 1 2.2095091e-14 2.5689608e-17
  outer loop
   vertex -0.088410981 -0.0031294013 0.046251132
   vertex -0.088410981 -0.0025020335 0.046875541
   vertex -0.088410981 -0.0031315051 0.046876718
  endloop
 endfacet
 facet normal 1 -1.0690459e-06 8.956474e-07
  outer loop
   vertex -0.088410981 -0.0044045757 0.046257757
   vertex -0.088410982 -0.005060614 0.046266082
   vertex -0.088410981 -0.0050450466 0.045636776
  endloop
 endfacet
 facet normal 1 -1.0690459e-06 8.956474e-07
  outer loop
   vertex -0.088410981 -0.0044045757 0.046257757
   vertex -0.088410981 -0.0050450466 0.045636776
   vertex -0.088410981 -0.0043964424 0.045630586
  endloop
 endfacet
 facet normal 1 1.1642393e-16 2.2160939e-14
  outer loop
   vertex -0.088410981 -0.0037586364 0.045627235
   vertex -0.088410981 -0.0043964424 0.045630586
   vertex -0.088410981 -0.0043920416 0.045004336
  endloop
 endfacet
 facet normal 1 1.1642393e-16 2.2160939e-14
  outer loop
   vertex -0.088410981 -0.0037586364 0.045627235
   vertex -0.088410981 -0.0043920416 0.045004336
   vertex -0.088410981 -0.003756441 0.045001641
  endloop
 endfacet
 facet normal 1 1.6748745e-07 2.2411269e-07
  outer loop
   vertex -0.088410981 -0.0044268425 0.04751401
   vertex -0.088410981 -0.0044156432 0.046885639
   vertex -0.088410981 -0.0037675381 0.046879618
  endloop
 endfacet
 facet normal 1 1.6748745e-07 2.2411269e-07
  outer loop
   vertex -0.088410981 -0.0044268425 0.04751401
   vertex -0.088410981 -0.0037675381 0.046879618
   vertex -0.088410981 -0.0037737968 0.047506662
  endloop
 endfacet
 facet normal 1 -1.1359408e-06 -4.3756985e-06
  outer loop
   vertex -0.088410979 -0.0050829121 0.046896687
   vertex -0.088410982 -0.005060614 0.046266082
   vertex -0.088410981 -0.0044045757 0.046257757
  endloop
 endfacet
 facet normal 1 -1.1359408e-06 -4.3756985e-06
  outer loop
   vertex -0.088410979 -0.0050829121 0.046896687
   vertex -0.088410981 -0.0044045757 0.046257757
   vertex -0.088410981 -0.0044156432 0.046885639
  endloop
 endfacet
 facet normal 1 2.2095081e-14 1.7439844e-17
  outer loop
   vertex -0.088410981 -0.0025008132 0.045625206
   vertex -0.088410981 -0.0025013066 0.04625033
   vertex -0.088410981 -0.0031294013 0.046251132
  endloop
 endfacet
 facet normal 1 2.2095081e-14 1.7439844e-17
  outer loop
   vertex -0.088410981 -0.0025008132 0.045625206
   vertex -0.088410981 -0.0031294013 0.046251132
   vertex -0.088410981 -0.0031279383 0.045625753
  endloop
 endfacet
 facet normal 1 3.9370064e-17 2.2183486e-14
  outer loop
   vertex -0.088410981 -0.0037586364 0.045627235
   vertex -0.088410981 -0.003756441 0.045001641
   vertex -0.088410981 -0.0031270622 0.045000524
  endloop
 endfacet
 facet normal 1 3.9370064e-17 2.2183486e-14
  outer loop
   vertex -0.088410981 -0.0037586364 0.045627235
   vertex -0.088410981 -0.0031270622 0.045000524
   vertex -0.088410981 -0.0031279383 0.045625753
  endloop
 endfacet
 facet normal 0.99999993 0.00036232274 -1.6153857e-05
  outer loop
   vertex -0.088410988 0.0013270506 0.043104705
   vertex -0.088411006 0.0013476564 0.042473737
   vertex -0.088411238 0.0019879905 0.04246161
  endloop
 endfacet
 facet normal 0.99999993 0.00036232274 -1.6153857e-05
  outer loop
   vertex -0.088410988 0.0013270506 0.043104705
   vertex -0.088411238 0.0019879905 0.04246161
   vertex -0.088411077 0.0019726058 0.043094179
  endloop
 endfacet
 facet normal 0.99999984 -0.00052208403 -0.00020918388
  outer loop
   vertex -0.088410903 0.0026412915 0.043038925
   vertex -0.088410686 0.0028079042 0.043660753
   vertex -0.088411093 0.0020050358 0.043717302
  endloop
 endfacet
 facet normal 0.99999984 -0.00052208403 -0.00020918388
  outer loop
   vertex -0.088410903 0.0026412915 0.043038925
   vertex -0.088411093 0.0020050358 0.043717302
   vertex -0.088411077 0.0019726058 0.043094179
  endloop
 endfacet
 facet normal -3.2659499e-05 -0.96592806 0.25881072
  outer loop
   vertex -0.088410686 0.0028079042 0.043660753
   vertex -0.088410903 0.0026412915 0.043038925
   vertex -0.087658936 0.0026473172 0.043061509
  endloop
 endfacet
 facet normal -3.2659499e-05 -0.96592806 0.25881072
  outer loop
   vertex -0.088410686 0.0028079042 0.043660753
   vertex -0.087658936 0.0026473172 0.043061509
   vertex -0.087634418 0.0028818531 0.043937074
  endloop
 endfacet
 facet normal -3.2659499e-05 -0.96592806 0.25881072
  outer loop
   vertex -0.088410686 0.0028079042 0.043660753
   vertex -0.087634418 0.0028818531 0.043937074
   vertex -0.088135412 0.0028868862 0.043957953
  endloop
 endfacet
 facet normal 1 6.0264333e-08 -3.374236e-08
  outer loop
   vertex -0.088410981 0.0006638464 0.043740223
   vertex -0.088410981 0.00066181643 0.044365615
   vertex -0.088410981 1.4658111e-05 0.044371281
  endloop
 endfacet
 facet normal 1 6.0264333e-08 -3.374236e-08
  outer loop
   vertex -0.088410981 0.0006638464 0.043740223
   vertex -0.088410981 1.4658111e-05 0.044371281
   vertex -0.088410981 1.6611289e-05 0.043745793
  endloop
 endfacet
 facet normal 1 1.0954427e-06 -1.9852931e-07
  outer loop
   vertex -0.088410982 0.0013321894 0.044353802
   vertex -0.088410982 0.0013146544 0.044983166
   vertex -0.088410981 0.000654783 0.044992351
  endloop
 endfacet
 facet normal 1 1.0954427e-06 -1.9852931e-07
  outer loop
   vertex -0.088410982 0.0013321894 0.044353802
   vertex -0.088410981 0.000654783 0.044992351
   vertex -0.088410981 0.00066181643 0.044365615
  endloop
 endfacet
 facet normal 1 3.4917071e-05 -2.6846048e-05
  outer loop
   vertex -0.088410982 0.00068019393 0.042485505
   vertex -0.088411006 0.0013476564 0.042473737
   vertex -0.088410988 0.0013270506 0.043104705
  endloop
 endfacet
 facet normal 1 3.4917071e-05 -2.6846048e-05
  outer loop
   vertex -0.088410982 0.00068019393 0.042485505
   vertex -0.088410988 0.0013270506 0.043104705
   vertex -0.088410981 0.00066821937 0.043113752
  endloop
 endfacet
 facet normal 1 2.007092e-07 -1.1102326e-07
  outer loop
   vertex -0.088410981 1.9696589e-05 0.043119898
   vertex -0.088410981 0.00066821937 0.043113752
   vertex -0.088410981 0.0006638464 0.043740223
  endloop
 endfacet
 facet normal 1 2.007092e-07 -1.1102326e-07
  outer loop
   vertex -0.088410981 1.9696589e-05 0.043119898
   vertex -0.088410981 0.0006638464 0.043740223
   vertex -0.088410981 1.6611289e-05 0.043745793
  endloop
 endfacet
 facet normal 0.99999838 -0.00062635549 -0.0016896121
  outer loop
   vertex -0.088411093 0.0020050358 0.043717302
   vertex -0.088410686 0.0028079042 0.043660753
   vertex -0.088409596 0.0029417918 0.044256516
  endloop
 endfacet
 facet normal 0.99999838 -0.00062635549 -0.0016896121
  outer loop
   vertex -0.088411093 0.0020050358 0.043717302
   vertex -0.088409596 0.0029417918 0.044256516
   vertex -0.088410857 0.0020451621 0.044328515
  endloop
 endfacet
 facet normal 1 2.7279947e-05 5.3101029e-07
  outer loop
   vertex -0.088411 0.0019899282 0.044969323
   vertex -0.088410982 0.0013146544 0.044983166
   vertex -0.088410982 0.0013321894 0.044353802
  endloop
 endfacet
 facet normal 1 2.7279947e-05 5.3101029e-07
  outer loop
   vertex -0.088411 0.0019899282 0.044969323
   vertex -0.088410982 0.0013321894 0.044353802
   vertex -0.088410857 0.0020451621 0.044328515
  endloop
 endfacet
 facet normal 0.0010649342 -0.96603158 0.25842185
  outer loop
   vertex -0.088135412 0.0028868862 0.043957953
   vertex -0.087634418 0.0028818531 0.043937074
   vertex -0.087661544 0.0030138634 0.044430666
  endloop
 endfacet
 facet normal 0.0010649342 -0.96603158 0.25842185
  outer loop
   vertex -0.088135412 0.0028868862 0.043957953
   vertex -0.087661544 0.0030138634 0.044430666
   vertex -0.088409539 0.0030034022 0.04439036
  endloop
 endfacet
 facet normal 0.0013583502 -0.99965551 -0.026210828
  outer loop
   vertex -0.087673759 0.0037020599 0.04749895
   vertex -0.087675571 0.0036859387 0.0481137
   vertex -0.088410641 0.0036845602 0.048128182
  endloop
 endfacet
 facet normal 0.0013583502 -0.99965551 -0.026210828
  outer loop
   vertex -0.087673759 0.0037020599 0.04749895
   vertex -0.088410641 0.0036845602 0.048128182
   vertex -0.08841064 0.0037019798 0.047492602
  endloop
 endfacet
 facet normal 0.99999896 -0.0014424521 -8.1409335e-05
  outer loop
   vertex -0.088409596 0.0035361593 0.048865352
   vertex -0.088410872 0.0026550606 0.048793595
   vertex -0.08841098 0.0026173907 0.048138967
  endloop
 endfacet
 facet normal 0.99999896 -0.0014424521 -8.1409335e-05
  outer loop
   vertex -0.088409596 0.0035361593 0.048865352
   vertex -0.08841098 0.0026173907 0.048138967
   vertex -0.08841112 0.0032442407 0.04814487
  endloop
 endfacet
 facet normal 0.0025867709 -0.9882323 -0.15293867
  outer loop
   vertex -0.087674277 0.0035992143 0.048692109
   vertex -0.088409539 0.0035909733 0.048732923
   vertex -0.088410641 0.0036845602 0.048128182
  endloop
 endfacet
 facet normal 0.0025867709 -0.9882323 -0.15293867
  outer loop
   vertex -0.087674277 0.0035992143 0.048692109
   vertex -0.088410641 0.0036845602 0.048128182
   vertex -0.087675571 0.0036859387 0.0481137
  endloop
 endfacet
 facet normal 0.99999796 -0.0015541324 0.0012899254
  outer loop
   vertex -0.088411764 0.0025959363 0.049413411
   vertex -0.088410872 0.0026550606 0.048793595
   vertex -0.088409596 0.0035361593 0.048865352
  endloop
 endfacet
 facet normal 0.99999796 -0.0015541324 0.0012899254
  outer loop
   vertex -0.088411764 0.0025959363 0.049413411
   vertex -0.088409596 0.0035361593 0.048865352
   vertex -0.088409668 0.0033677789 0.04947706
  endloop
 endfacet
 facet normal -0.00070984245 -0.99547986 0.094970243
  outer loop
   vertex -0.087673759 0.0037020599 0.04749895
   vertex -0.08841064 0.0037019798 0.047492602
   vertex -0.088409539 0.0036442942 0.04688795
  endloop
 endfacet
 facet normal -0.00070984245 -0.99547986 0.094970243
  outer loop
   vertex -0.087673759 0.0037020599 0.04749895
   vertex -0.088409539 0.0036442942 0.04688795
   vertex -0.08766862 0.0036478647 0.046916285
  endloop
 endfacet
 facet normal 0.99999913 -0.0013112497 0.00013629372
  outer loop
   vertex -0.088409671 0.0034747439 0.046149542
   vertex -0.088409596 0.0035971275 0.046770884
   vertex -0.088410797 0.0026875181 0.046836535
  endloop
 endfacet
 facet normal 0.99999913 -0.0013112497 0.00013629372
  outer loop
   vertex -0.088409671 0.0034747439 0.046149542
   vertex -0.088410797 0.0026875181 0.046836535
   vertex -0.088411345 0.002651973 0.046215105
  endloop
 endfacet
 facet normal -0.002981941 -0.97950453 0.20140007
  outer loop
   vertex -0.087636743 0.0035444387 0.046413747
   vertex -0.08766862 0.0036478647 0.046916285
   vertex -0.088409539 0.0036442942 0.04688795
  endloop
 endfacet
 facet normal -0.002981941 -0.97950453 0.20140007
  outer loop
   vertex -0.087636743 0.0035444387 0.046413747
   vertex -0.088409539 0.0036442942 0.04688795
   vertex -0.088141742 0.0035484583 0.046439065
  endloop
 endfacet
 facet normal 0.0052290246 -0.96621228 0.25769456
  outer loop
   vertex -0.087655129 0.0033140447 0.045550269
   vertex -0.087636743 0.0035444387 0.046413747
   vertex -0.088141742 0.0035484583 0.046439065
  endloop
 endfacet
 facet normal 0.0052290246 -0.96621228 0.25769456
  outer loop
   vertex -0.087655129 0.0033140447 0.045550269
   vertex -0.088141742 0.0035484583 0.046439065
   vertex -0.088409671 0.0034747439 0.046149542
  endloop
 endfacet
 facet normal 0.0052290246 -0.96621228 0.25769456
  outer loop
   vertex -0.087655129 0.0033140447 0.045550269
   vertex -0.088409671 0.0034747439 0.046149542
   vertex -0.088410685 0.0033081536 0.045527708
  endloop
 endfacet
 facet normal 0.99999866 -0.00083565712 -0.0014066479
  outer loop
   vertex -0.088411173 0.0026215741 0.045588594
   vertex -0.088410685 0.0033081536 0.045527708
   vertex -0.088409671 0.0034747439 0.046149542
  endloop
 endfacet
 facet normal 0.99999866 -0.00083565712 -0.0014066479
  outer loop
   vertex -0.088411173 0.0026215741 0.045588594
   vertex -0.088409671 0.0034747439 0.046149542
   vertex -0.088411345 0.002651973 0.046215105
  endloop
 endfacet
 facet normal -0.00015611977 0.25882112 0.96592526
  outer loop
   vertex -0.088410902 -0.00632877 0.026760972
   vertex -0.088410672 -0.0069080932 0.026916203
   vertex -0.08766737 -0.0068741873 0.026907238
  endloop
 endfacet
 facet normal -0.00015611977 0.25882112 0.96592526
  outer loop
   vertex -0.088410902 -0.00632877 0.026760972
   vertex -0.08766737 -0.0068741873 0.026907238
   vertex -0.087661955 -0.0063077974 0.026755379
  endloop
 endfacet
 facet normal 0.99999991 -0.00029026855 0.0002954857
  outer loop
   vertex -0.088410902 -0.00632877 0.026760972
   vertex -0.088411081 -0.006276445 0.027417525
   vertex -0.088411261 -0.0069087317 0.027403273
  endloop
 endfacet
 facet normal 0.99999991 -0.00029026855 0.0002954857
  outer loop
   vertex -0.088410902 -0.00632877 0.026760972
   vertex -0.088411261 -0.0069087317 0.027403273
   vertex -0.088410672 -0.0069080932 0.026916203
  endloop
 endfacet
 facet normal -3.1427889e-05 0.25874501 0.96594566
  outer loop
   vertex -0.088410902 -0.00632877 0.026760972
   vertex -0.087661955 -0.0063077974 0.026755379
   vertex -0.087637484 -0.0054338783 0.026521285
  endloop
 endfacet
 facet normal -3.1427889e-05 0.25874501 0.96594566
  outer loop
   vertex -0.088410902 -0.00632877 0.026760972
   vertex -0.087637484 -0.0054338783 0.026521285
   vertex -0.088137965 -0.0054164441 0.026517182
  endloop
 endfacet
 facet normal -3.1427889e-05 0.25874501 0.96594566
  outer loop
   vertex -0.088410902 -0.00632877 0.026760972
   vertex -0.088137965 -0.0054164441 0.026517182
   vertex -0.088410687 -0.0057069417 0.026594359
  endloop
 endfacet
 facet normal 0.99999996 3.8029805e-05 0.00026932149
  outer loop
   vertex -0.088411096 -0.0056529552 0.027384709
   vertex -0.088411081 -0.006276445 0.027417525
   vertex -0.088410902 -0.00632877 0.026760972
  endloop
 endfacet
 facet normal 0.99999996 3.8029805e-05 0.00026932149
  outer loop
   vertex -0.088411096 -0.0056529552 0.027384709
   vertex -0.088410902 -0.00632877 0.026760972
   vertex -0.088410687 -0.0057069417 0.026594359
  endloop
 endfacet
 facet normal 0.00095021784 -0.96875021 0.24803654
  outer loop
   vertex -0.083105171 -0.0018646891 0.026224304
   vertex -0.082413246 -0.0018591258 0.026243382
   vertex -0.082411196 -0.0017192421 0.026789715
  endloop
 endfacet
 facet normal 0.00095021784 -0.96875021 0.24803654
  outer loop
   vertex -0.083105171 -0.0018646891 0.026224304
   vertex -0.082411196 -0.0017192421 0.026789715
   vertex -0.083076613 -0.00171134 0.026788008
  endloop
 endfacet
 facet normal 0.0027084047 -0.96644854 0.25684604
  outer loop
   vertex -0.083711066 -0.0017178324 0.026770269
   vertex -0.083076613 -0.00171134 0.026788008
   vertex -0.083044025 -0.0014755093 0.027675038
  endloop
 endfacet
 facet normal 0.0027084047 -0.96644854 0.25684604
  outer loop
   vertex -0.083711066 -0.0017178324 0.026770269
   vertex -0.083044025 -0.0014755093 0.027675038
   vertex -0.083687944 -0.0014787521 0.027662358
  endloop
 endfacet
 facet normal -4.8440766e-07 -0.96594863 0.25873394
  outer loop
   vertex -0.085 -0.0020290755 0.025608871
   vertex -0.084375 -0.0020290684 0.025608899
   vertex -0.084363416 -0.0018699986 0.026202765
  endloop
 endfacet
 facet normal -4.8440766e-07 -0.96594863 0.25873394
  outer loop
   vertex -0.085 -0.0020290755 0.025608871
   vertex -0.084363416 -0.0018699986 0.026202765
   vertex -0.084998345 -0.0018705736 0.026200408
  endloop
 endfacet
 facet normal 0.00063188133 -0.96594068 0.25876282
  outer loop
   vertex -0.082412675 -0.0020287966 0.025610013
   vertex -0.082413246 -0.0018591258 0.026243382
   vertex -0.083105171 -0.0018646891 0.026224304
  endloop
 endfacet
 facet normal 0.00063188133 -0.96594068 0.25876282
  outer loop
   vertex -0.082412675 -0.0020287966 0.025610013
   vertex -0.083105171 -0.0018646891 0.026224304
   vertex -0.083173715 -0.0020289955 0.025609188
  endloop
 endfacet
 facet normal 0.00013772094 -0.9659143 0.25886201
  outer loop
   vertex -0.084356583 -0.0017196234 0.02676393
   vertex -0.083711066 -0.0017178324 0.026770269
   vertex -0.083687944 -0.0014787521 0.027662358
  endloop
 endfacet
 facet normal 0.00013772094 -0.9659143 0.25886201
  outer loop
   vertex -0.084356583 -0.0017196234 0.02676393
   vertex -0.083687944 -0.0014787521 0.027662358
   vertex -0.084344848 -0.0014799217 0.027658278
  endloop
 endfacet
 facet normal -8.5791135e-05 -0.96592578 0.25881919
  outer loop
   vertex -0.084997214 -0.0017201915 0.026761642
   vertex -0.084998345 -0.0018705736 0.026200408
   vertex -0.084363416 -0.0018699986 0.026202765
  endloop
 endfacet
 facet normal -8.5791135e-05 -0.96592578 0.25881919
  outer loop
   vertex -0.084997214 -0.0017201915 0.026761642
   vertex -0.084363416 -0.0018699986 0.026202765
   vertex -0.084356583 -0.0017196234 0.02676393
  endloop
 endfacet
 facet normal 0.99999965 -0.00083571246 -9.5465795e-05
  outer loop
   vertex -0.088410996 -0.0030629953 0.028718621
   vertex -0.088411051 -0.003054304 0.028070322
   vertex -0.08841045 -0.0023333528 0.028055887
  endloop
 endfacet
 facet normal 0.99999965 -0.00083571246 -9.5465795e-05
  outer loop
   vertex -0.088410996 -0.0030629953 0.028718621
   vertex -0.08841045 -0.0023333528 0.028055887
   vertex -0.088411041 -0.002383456 0.028710774
  endloop
 endfacet
 facet normal 0.99999996 8.0003809e-05 -0.00027982299
  outer loop
   vertex -0.088411232 -0.0030801428 0.027414579
   vertex -0.088411051 -0.003054304 0.028070322
   vertex -0.088410996 -0.003727469 0.028072898
  endloop
 endfacet
 facet normal 0.99999996 8.0003809e-05 -0.00027982299
  outer loop
   vertex -0.088411232 -0.0030801428 0.027414579
   vertex -0.088410996 -0.003727469 0.028072898
   vertex -0.088411062 -0.0037427315 0.027414707
  endloop
 endfacet
 facet normal 1 -1.2441357e-06 -3.986758e-07
  outer loop
   vertex -0.08841098 -0.003727271 0.029361178
   vertex -0.08841098 -0.0037288787 0.029991968
   vertex -0.088410981 -0.0043679265 0.029994487
  endloop
 endfacet
 facet normal 1 -1.2441357e-06 -3.986758e-07
  outer loop
   vertex -0.08841098 -0.003727271 0.029361178
   vertex -0.088410981 -0.0043679265 0.029994487
   vertex -0.088410981 -0.0043681697 0.029362192
  endloop
 endfacet
 facet normal 1 -6.6334708e-12 3.5867383e-09
  outer loop
   vertex -0.088410981 -0.0043702385 0.028720548
   vertex -0.088410981 -0.0043681697 0.029362192
   vertex -0.088410981 -0.00500025 0.029361019
  endloop
 endfacet
 facet normal 1 -6.6334708e-12 3.5867383e-09
  outer loop
   vertex -0.088410981 -0.0043702385 0.028720548
   vertex -0.088410981 -0.00500025 0.029361019
   vertex -0.088410981 -0.0050045993 0.028715795
  endloop
 endfacet
 facet normal 0.99999999 6.814245e-05 0.00014983891
  outer loop
   vertex -0.088410996 -0.0030629953 0.028718621
   vertex -0.088411041 -0.002383456 0.028710774
   vertex -0.088411135 -0.0024034027 0.029347836
  endloop
 endfacet
 facet normal 0.99999999 6.814245e-05 0.00014983891
  outer loop
   vertex -0.088410996 -0.0030629953 0.028718621
   vertex -0.088411135 -0.0024034027 0.029347836
   vertex -0.088410985 -0.0030722927 0.029356096
  endloop
 endfacet
 facet normal 1 -4.0539399e-05 -4.9883234e-07
  outer loop
   vertex -0.088410954 -0.0030743171 0.029985199
   vertex -0.08841098 -0.0037288787 0.029991968
   vertex -0.08841098 -0.003727271 0.029361178
  endloop
 endfacet
 facet normal 1 -4.0539399e-05 -4.9883234e-07
  outer loop
   vertex -0.088410954 -0.0030743171 0.029985199
   vertex -0.08841098 -0.003727271 0.029361178
   vertex -0.088410985 -0.0030722927 0.029356096
  endloop
 endfacet
 facet normal 0.99999999 8.5711485e-05 -0.00010136207
  outer loop
   vertex -0.088411008 -0.0043918232 0.027394787
   vertex -0.088411062 -0.0037427315 0.027414707
   vertex -0.088410996 -0.003727469 0.028072898
  endloop
 endfacet
 facet normal 0.99999999 8.5711485e-05 -0.00010136207
  outer loop
   vertex -0.088411008 -0.0043918232 0.027394787
   vertex -0.088410996 -0.003727469 0.028072898
   vertex -0.088410982 -0.0043772766 0.028064001
  endloop
 endfacet
 facet normal 1 -9.8361798e-07 -1.517769e-06
  outer loop
   vertex -0.088410983 -0.0050150071 0.028049338
   vertex -0.088410982 -0.0043772766 0.028064001
   vertex -0.088410981 -0.0043702385 0.028720548
  endloop
 endfacet
 facet normal 1 -9.8361798e-07 -1.517769e-06
  outer loop
   vertex -0.088410983 -0.0050150071 0.028049338
   vertex -0.088410981 -0.0043702385 0.028720548
   vertex -0.088410981 -0.0050045993 0.028715795
  endloop
 endfacet
 facet normal 0.99999016 0.0027584812 0.0034732381
  outer loop
   vertex -0.088411335 -0.0024878269 0.026718962
   vertex -0.088407777 -0.0026588965 0.025830489
   vertex -0.088410748 -0.0019016322 0.02608451
  endloop
 endfacet
 facet normal 0.99999016 0.0027584812 0.0034732381
  outer loop
   vertex -0.088411335 -0.0024878269 0.026718962
   vertex -0.088410748 -0.0019016322 0.02608451
   vertex -0.088410159 -0.0017131264 0.026788076
  endloop
 endfacet
 facet normal -0.0009555259 -0.96593006 0.25880148
  outer loop
   vertex -0.08763078 -0.0017176472 0.02677408
   vertex -0.088410159 -0.0017131264 0.026788076
   vertex -0.088410748 -0.0019016322 0.02608451
  endloop
 endfacet
 facet normal -0.0009555259 -0.96593006 0.25880148
  outer loop
   vertex -0.08763078 -0.0017176472 0.02677408
   vertex -0.088410748 -0.0019016322 0.02608451
   vertex -0.087582701 -0.0018761773 0.026180346
  endloop
 endfacet
 facet normal -0.0002116234 -0.9660342 0.25841417
  outer loop
   vertex -0.087451285 -0.0020290734 0.02560888
   vertex -0.087582701 -0.0018761773 0.026180346
   vertex -0.088410748 -0.0019016322 0.02608451
  endloop
 endfacet
 facet normal -0.0002116234 -0.9660342 0.25841417
  outer loop
   vertex -0.087451285 -0.0020290734 0.02560888
   vertex -0.088410748 -0.0019016322 0.02608451
   vertex -0.088410938 -0.0020290711 0.025608889
  endloop
 endfacet
 facet normal 1 4.7871941e-06 -2.0310949e-05
  outer loop
   vertex -0.088411242 -0.0037664328 0.026769409
   vertex -0.088411246 -0.0031237996 0.026742444
   vertex -0.088411232 -0.0030801428 0.027414579
  endloop
 endfacet
 facet normal 1 4.7871941e-06 -2.0310949e-05
  outer loop
   vertex -0.088411242 -0.0037664328 0.026769409
   vertex -0.088411232 -0.0030801428 0.027414579
   vertex -0.088411062 -0.0037427315 0.027414707
  endloop
 endfacet
 facet normal 0.99997653 -0.0047665979 0.0049220871
  outer loop
   vertex -0.088410942 -0.0032217365 0.025928445
   vertex -0.088407777 -0.0026588965 0.025830489
   vertex -0.088411335 -0.0024878269 0.026718962
  endloop
 endfacet
 facet normal 0.99997653 -0.0047665979 0.0049220871
  outer loop
   vertex -0.088410942 -0.0032217365 0.025928445
   vertex -0.088411335 -0.0024878269 0.026718962
   vertex -0.088411246 -0.0031237996 0.026742444
  endloop
 endfacet
 facet normal 4.7257738e-05 0.25887534 0.96591074
  outer loop
   vertex -0.087655487 -0.0038189304 0.026088521
   vertex -0.087609905 -0.0029641204 0.02585942
   vertex -0.088125633 -0.0029612516 0.025858676
  endloop
 endfacet
 facet normal 4.7257738e-05 0.25887534 0.96591074
  outer loop
   vertex -0.087655487 -0.0038189304 0.026088521
   vertex -0.088125633 -0.0029612516 0.025858676
   vertex -0.088410942 -0.0032217365 0.025928445
  endloop
 endfacet
 facet normal 4.7257738e-05 0.25887534 0.96591074
  outer loop
   vertex -0.087655487 -0.0038189304 0.026088521
   vertex -0.088410942 -0.0032217365 0.025928445
   vertex -0.08841088 -0.0038399881 0.026094106
  endloop
 endfacet
 facet normal 0.99999993 8.6054129e-06 -0.0003656131
  outer loop
   vertex -0.088411008 -0.0043918232 0.027394787
   vertex -0.088411243 -0.0044099599 0.026752433
   vertex -0.088411242 -0.0037664328 0.026769409
  endloop
 endfacet
 facet normal 0.99999993 8.6054129e-06 -0.0003656131
  outer loop
   vertex -0.088411008 -0.0043918232 0.027394787
   vertex -0.088411242 -0.0037664328 0.026769409
   vertex -0.088411062 -0.0037427315 0.027414707
  endloop
 endfacet
 facet normal 0.99991923 0.0050906708 0.011645644
  outer loop
   vertex -0.088409596 -0.0051115216 0.026459192
   vertex -0.088409539 -0.0049962922 0.026403939
   vertex -0.088410676 -0.0044193112 0.026249336
  endloop
 endfacet
 facet normal 0.99991923 0.0050906708 0.011645644
  outer loop
   vertex -0.088409596 -0.0051115216 0.026459192
   vertex -0.088410676 -0.0044193112 0.026249336
   vertex -0.088411243 -0.0044099599 0.026752433
  endloop
 endfacet
 facet normal 0.00022074358 -0.96592216 0.25883262
  outer loop
   vertex -0.086287722 -0.0017206773 0.02675992
   vertex -0.086300149 -0.0014801783 0.027657435
   vertex -0.086974564 -0.001479322 0.027661206
  endloop
 endfacet
 facet normal 0.00022074358 -0.96592216 0.25883262
  outer loop
   vertex -0.086287722 -0.0017206773 0.02675992
   vertex -0.086974564 -0.001479322 0.027661206
   vertex -0.086956109 -0.0017203775 0.026761533
  endloop
 endfacet
 facet normal 0.00090187567 -0.96595939 0.25869219
  outer loop
   vertex -0.086927628 -0.0018719092 0.026195613
   vertex -0.086956109 -0.0017203775 0.026761533
   vertex -0.08763078 -0.0017176472 0.02677408
  endloop
 endfacet
 facet normal 0.00090187567 -0.96595939 0.25869219
  outer loop
   vertex -0.086927628 -0.0018719092 0.026195613
   vertex -0.08763078 -0.0017176472 0.02677408
   vertex -0.087582701 -0.0018761773 0.026180346
  endloop
 endfacet
 facet normal 0 -0.96592583 0.25881903
  outer loop
   vertex -0.085632901 -0.0018708519 0.02619937
   vertex -0.085625 -0.0020290755 0.025608871
   vertex -0.085 -0.0020290755 0.025608871
  endloop
 endfacet
 facet normal 0 -0.96592583 0.25881903
  outer loop
   vertex -0.085632901 -0.0018708519 0.02619937
   vertex -0.085 -0.0020290755 0.025608871
   vertex -0.084998345 -0.0018705736 0.026200408
  endloop
 endfacet
 facet normal 3.6466049e-05 -0.96592579 0.25881919
  outer loop
   vertex -0.086287722 -0.0017206773 0.02675992
   vertex -0.085637566 -0.001720484 0.02676055
   vertex -0.085641681 -0.0014804854 0.027656238
  endloop
 endfacet
 facet normal 3.6466049e-05 -0.96592579 0.25881919
  outer loop
   vertex -0.086287722 -0.0017206773 0.02675992
   vertex -0.085641681 -0.0014804854 0.027656238
   vertex -0.086300149 -0.0014801783 0.027657435
  endloop
 endfacet
 facet normal 2.4650796e-16 -0.96592583 0.25881903
  outer loop
   vertex -0.085632901 -0.0018708519 0.02619937
   vertex -0.084998345 -0.0018705736 0.026200408
   vertex -0.084997214 -0.0017201915 0.026761642
  endloop
 endfacet
 facet normal 2.4650796e-16 -0.96592583 0.25881903
  outer loop
   vertex -0.085632901 -0.0018708519 0.02619937
   vertex -0.084997214 -0.0017201915 0.026761642
   vertex -0.085637566 -0.001720484 0.02676055
  endloop
 endfacet
 facet normal 1.4170611e-07 -0.96594665 0.25874133
  outer loop
   vertex -0.087451285 -0.0020290734 0.02560888
   vertex -0.086870004 -0.0020290748 0.025608874
   vertex -0.086927628 -0.0018719092 0.026195613
  endloop
 endfacet
 facet normal 1.4170611e-07 -0.96594665 0.25874133
  outer loop
   vertex -0.087451285 -0.0020290734 0.02560888
   vertex -0.086927628 -0.0018719092 0.026195613
   vertex -0.087582701 -0.0018761773 0.026180346
  endloop
 endfacet
 facet normal 0.00036712661 0.25890805 0.9659019
  outer loop
   vertex -0.08625 -0.011688328 0.028197083
   vertex -0.086271654 -0.01122 0.028071557
   vertex -0.086920581 -0.011238367 0.028076727
  endloop
 endfacet
 facet normal 0.00036712661 0.25890805 0.9659019
  outer loop
   vertex -0.08625 -0.011688328 0.028197083
   vertex -0.086920581 -0.011238367 0.028076727
   vertex -0.086869795 -0.011688312 0.028197143
  endloop
 endfacet
 facet normal 5.2093116e-07 0.96576003 -0.259437
  outer loop
   vertex -0.08625 -0.011688328 0.028197083
   vertex -0.086869795 -0.011688312 0.028197143
   vertex -0.086925504 -0.011580925 0.028596893
  endloop
 endfacet
 facet normal 5.2093116e-07 0.96576003 -0.259437
  outer loop
   vertex -0.08625 -0.011688328 0.028197083
   vertex -0.086925504 -0.011580925 0.028596893
   vertex -0.086274488 -0.011581744 0.02859471
  endloop
 endfacet
 facet normal 0.00034795749 0.96588465 -0.25897242
  outer loop
   vertex -0.086274488 -0.011581744 0.02859471
   vertex -0.086925504 -0.011580925 0.028596893
   vertex -0.086977536 -0.011358867 0.029425028
  endloop
 endfacet
 facet normal 0.00034795749 0.96588465 -0.25897242
  outer loop
   vertex -0.086274488 -0.011581744 0.02859471
   vertex -0.086977536 -0.011358867 0.029425028
   vertex -0.086299501 -0.011360151 0.029421541
  endloop
 endfacet
 facet normal 0.0023408543 0.96598114 -0.25860193
  outer loop
   vertex -0.086925504 -0.011580925 0.028596893
   vertex -0.087564863 -0.011580715 0.02859189
   vertex -0.08765561 -0.011356421 0.029428894
  endloop
 endfacet
 facet normal 0.0023408543 0.96598114 -0.25860193
  outer loop
   vertex -0.086925504 -0.011580925 0.028596893
   vertex -0.08765561 -0.011356421 0.029428894
   vertex -0.086977536 -0.011358867 0.029425028
  endloop
 endfacet
 facet normal 0.0010544927 0.96602397 -0.25845032
  outer loop
   vertex -0.087667053 -0.011205581 0.029995161
   vertex -0.086988762 -0.011209915 0.029981729
   vertex -0.086977536 -0.011358867 0.029425028
  endloop
 endfacet
 facet normal 0.0010544927 0.96602397 -0.25845032
  outer loop
   vertex -0.087667053 -0.011205581 0.029995161
   vertex -0.086977536 -0.011358867 0.029425028
   vertex -0.08765561 -0.011356421 0.029428894
  endloop
 endfacet
 facet normal 0.00049919169 0.96594797 -0.25873592
  outer loop
   vertex -0.086306129 -0.011211487 0.029976543
   vertex -0.086299501 -0.011360151 0.029421541
   vertex -0.086977536 -0.011358867 0.029425028
  endloop
 endfacet
 facet normal 0.00049919169 0.96594797 -0.25873592
  outer loop
   vertex -0.086306129 -0.011211487 0.029976543
   vertex -0.086977536 -0.011358867 0.029425028
   vertex -0.086988762 -0.011209915 0.029981729
  endloop
 endfacet
 facet normal 3.7968529e-05 0.25881933 0.96592575
  outer loop
   vertex -0.08563223 -0.011214595 0.028070123
   vertex -0.085636856 -0.010697855 0.027931663
   vertex -0.08628532 -0.010701972 0.027932792
  endloop
 endfacet
 facet normal 3.7968529e-05 0.25881933 0.96592575
  outer loop
   vertex -0.08563223 -0.011214595 0.028070123
   vertex -0.08628532 -0.010701972 0.027932792
   vertex -0.086271654 -0.01122 0.028071557
  endloop
 endfacet
 facet normal 0.00037167468 0.25875863 0.96594194
  outer loop
   vertex -0.086920581 -0.011238367 0.028076727
   vertex -0.086271654 -0.01122 0.028071557
   vertex -0.08628532 -0.010701972 0.027932792
  endloop
 endfacet
 facet normal 0.00037167468 0.25875863 0.96594194
  outer loop
   vertex -0.086920581 -0.011238367 0.028076727
   vertex -0.08628532 -0.010701972 0.027932792
   vertex -0.086951274 -0.010710219 0.027935193
  endloop
 endfacet
 facet normal 3.645076e-05 0.25881953 0.9659257
  outer loop
   vertex -0.08625 -0.011688328 0.028197083
   vertex -0.085625 -0.011688334 0.028197061
   vertex -0.08563223 -0.011214595 0.028070123
  endloop
 endfacet
 facet normal 3.645076e-05 0.25881953 0.9659257
  outer loop
   vertex -0.08625 -0.011688328 0.028197083
   vertex -0.08563223 -0.011214595 0.028070123
   vertex -0.086271654 -0.01122 0.028071557
  endloop
 endfacet
 facet normal 5.9745619e-05 0.96590264 -0.25890555
  outer loop
   vertex -0.08625 -0.011688328 0.028197083
   vertex -0.086274488 -0.011581744 0.02859471
   vertex -0.085633131 -0.011582176 0.028593249
  endloop
 endfacet
 facet normal 5.9745619e-05 0.96590264 -0.25890555
  outer loop
   vertex -0.08625 -0.011688328 0.028197083
   vertex -0.085633131 -0.011582176 0.028593249
   vertex -0.085625 -0.011688334 0.028197061
  endloop
 endfacet
 facet normal -0.00054291066 0.25732283 0.96632534
  outer loop
   vertex -0.083755205 -0.011688307 0.028197158
   vertex -0.083177705 -0.011688224 0.02819746
   vertex -0.083122785 -0.011310572 0.028096926
  endloop
 endfacet
 facet normal -0.00054291066 0.25732283 0.96632534
  outer loop
   vertex -0.083755205 -0.011688307 0.028197158
   vertex -0.083122785 -0.011310572 0.028096926
   vertex -0.083731321 -0.011241356 0.028077099
  endloop
 endfacet
 facet normal 0.001381872 0.96595526 -0.2587055
  outer loop
   vertex -0.083755205 -0.011688307 0.028197158
   vertex -0.083726853 -0.011581947 0.02859444
   vertex -0.083118947 -0.01158536 0.028584942
  endloop
 endfacet
 facet normal 0.001381872 0.96595526 -0.2587055
  outer loop
   vertex -0.083755205 -0.011688307 0.028197158
   vertex -0.083118947 -0.01158536 0.028584942
   vertex -0.083177705 -0.011688224 0.02819746
  endloop
 endfacet
 facet normal -0.00052210224 0.96552237 -0.26031957
  outer loop
   vertex -0.083698795 -0.01135986 0.029422482
   vertex -0.083064617 -0.011358727 0.029425411
   vertex -0.083118947 -0.01158536 0.028584942
  endloop
 endfacet
 facet normal -0.00052210224 0.96552237 -0.26031957
  outer loop
   vertex -0.083698795 -0.01135986 0.029422482
   vertex -0.083118947 -0.01158536 0.028584942
   vertex -0.083726853 -0.011581947 0.02859444
  endloop
 endfacet
 facet normal 0.00063249862 0.96594127 -0.25876064
  outer loop
   vertex -0.082411265 -0.011197199 0.030029985
   vertex -0.082412142 -0.011351604 0.029453599
   vertex -0.083064617 -0.011358727 0.029425411
  endloop
 endfacet
 facet normal 0.00063249862 0.96594127 -0.25876064
  outer loop
   vertex -0.082411265 -0.011197199 0.030029985
   vertex -0.083064617 -0.011358727 0.029425411
   vertex -0.083055728 -0.011207866 0.029989167
  endloop
 endfacet
 facet normal 8.3565904e-05 0.96905591 -0.24684133
  outer loop
   vertex -0.083064617 -0.011358727 0.029425411
   vertex -0.082412142 -0.011351604 0.029453599
   vertex -0.082411292 -0.011502005 0.028863148
  endloop
 endfacet
 facet normal 8.3565904e-05 0.96905591 -0.24684133
  outer loop
   vertex -0.083064617 -0.011358727 0.029425411
   vertex -0.082411292 -0.011502005 0.028863148
   vertex -0.082648532 -0.011595256 0.028582453
  endloop
 endfacet
 facet normal 8.3565904e-05 0.96905591 -0.24684133
  outer loop
   vertex -0.083064617 -0.011358727 0.029425411
   vertex -0.082648532 -0.011595256 0.028582453
   vertex -0.083118947 -0.01158536 0.028584942
  endloop
 endfacet
 facet normal -0.00033086936 0.96601135 -0.25849945
  outer loop
   vertex -0.083688264 -0.011211101 0.029977886
   vertex -0.083055728 -0.011207866 0.029989167
   vertex -0.083064617 -0.011358727 0.029425411
  endloop
 endfacet
 facet normal -0.00033086936 0.96601135 -0.25849945
  outer loop
   vertex -0.083688264 -0.011211101 0.029977886
   vertex -0.083064617 -0.011358727 0.029425411
   vertex -0.083698795 -0.01135986 0.029422482
  endloop
 endfacet
 facet normal 0.00016797035 0.25896536 0.96588659
  outer loop
   vertex -0.084365352 -0.011220997 0.028071751
   vertex -0.083731321 -0.011241356 0.028077099
   vertex -0.083715079 -0.010712686 0.027935354
  endloop
 endfacet
 facet normal 0.00016797035 0.25896536 0.96588659
  outer loop
   vertex -0.084365352 -0.011220997 0.028071751
   vertex -0.083715079 -0.010712686 0.027935354
   vertex -0.084358609 -0.010702955 0.027932984
  endloop
 endfacet
 facet normal -0.002006484 0.25902717 0.96586795
  outer loop
   vertex -0.083715079 -0.010712686 0.027935354
   vertex -0.083731321 -0.011241356 0.028077099
   vertex -0.083122785 -0.011310572 0.028096926
  endloop
 endfacet
 facet normal -0.002006484 0.25902717 0.96586795
  outer loop
   vertex -0.083715079 -0.010712686 0.027935354
   vertex -0.083122785 -0.011310572 0.028096926
   vertex -0.083082431 -0.010719215 0.027935945
  endloop
 endfacet
 facet normal 0.00018328767 0.25941097 0.96576701
  outer loop
   vertex -0.083755205 -0.011688307 0.028197158
   vertex -0.083731321 -0.011241356 0.028077099
   vertex -0.084365352 -0.011220997 0.028071751
  endloop
 endfacet
 facet normal 0.00018328767 0.25941097 0.96576701
  outer loop
   vertex -0.083755205 -0.011688307 0.028197158
   vertex -0.084365352 -0.011220997 0.028071751
   vertex -0.084375 -0.011688327 0.028197088
  endloop
 endfacet
 facet normal 0.00013773316 0.96597835 -0.25862289
  outer loop
   vertex -0.084362917 -0.011582024 0.028593811
   vertex -0.083726853 -0.011581947 0.02859444
   vertex -0.083755205 -0.011688307 0.028197158
  endloop
 endfacet
 facet normal 0.00013773316 0.96597835 -0.25862289
  outer loop
   vertex -0.084362917 -0.011582024 0.028593811
   vertex -0.083755205 -0.011688307 0.028197158
   vertex -0.084375 -0.011688327 0.028197088
  endloop
 endfacet
 facet normal 0.00070530742 0.65463792 -0.75594225
  outer loop
   vertex -0.083724575 -0.0041870252 0.051749818
   vertex -0.083690497 -0.0049037519 0.051129172
   vertex -0.084346708 -0.0049072148 0.051125561
  endloop
 endfacet
 facet normal 0.00070530742 0.65463792 -0.75594225
  outer loop
   vertex -0.083724575 -0.0041870252 0.051749818
   vertex -0.084346708 -0.0049072148 0.051125561
   vertex -0.084358692 -0.0041926855 0.05174382
  endloop
 endfacet
 facet normal 0.0012665058 0.65557806 -0.75512635
  outer loop
   vertex -0.082411184 -0.0048925178 0.051140777
   vertex -0.083043018 -0.0048990546 0.051134042
   vertex -0.08311293 -0.0041919816 0.051747785
  endloop
 endfacet
 facet normal 0.0012665058 0.65557806 -0.75512635
  outer loop
   vertex -0.082411184 -0.0048925178 0.051140777
   vertex -0.08311293 -0.0041919816 0.051747785
   vertex -0.082412003 -0.0041958906 0.051741513
  endloop
 endfacet
 facet normal 0.0012665058 0.65557806 -0.75512635
  outer loop
   vertex -0.082411184 -0.0048925178 0.051140777
   vertex -0.082412003 -0.0041958906 0.051741513
   vertex -0.082410989 -0.0045642739 0.051451692
  endloop
 endfacet
 facet normal 0.99998409 0.0045124784 -0.0033844061
  outer loop
   vertex -0.082411184 -0.0048925178 0.051140777
   vertex -0.082410978 -0.0052107583 0.050777239
   vertex -0.082411007 -0.0054460124 0.050454997
  endloop
 endfacet
 facet normal 0.99998409 0.0045124784 -0.0033844061
  outer loop
   vertex -0.082411184 -0.0048925178 0.051140777
   vertex -0.082411007 -0.0054460124 0.050454997
   vertex -0.083038693 -0.0054489999 0.050450562
  endloop
 endfacet
 facet normal 0.99998409 0.0045124784 -0.0033844061
  outer loop
   vertex -0.082411184 -0.0048925178 0.051140777
   vertex -0.083038693 -0.0054489999 0.050450562
   vertex -0.083043018 -0.0048990546 0.051134042
  endloop
 endfacet
 facet normal 0.002792584 0.65469225 -0.75589038
  outer loop
   vertex -0.083690497 -0.0049037519 0.051129172
   vertex -0.083724575 -0.0041870252 0.051749818
   vertex -0.08311293 -0.0041919816 0.051747785
  endloop
 endfacet
 facet normal 0.002792584 0.65469225 -0.75589038
  outer loop
   vertex -0.083690497 -0.0049037519 0.051129172
   vertex -0.08311293 -0.0041919816 0.051747785
   vertex -0.083043018 -0.0048990546 0.051134042
  endloop
 endfacet
 facet normal 1 0 0
  outer loop
   vertex -0.088410981 -0.0031463142 0.05133224
   vertex -0.088410981 -0.0025107657 0.051342292
   vertex -0.088410981 -0.0025102225 0.051964157
  endloop
 endfacet
 facet normal 1 0 0
  outer loop
   vertex -0.088410981 -0.0031463142 0.05133224
   vertex -0.088410981 -0.0025102225 0.051964157
   vertex -0.088410981 -0.0031347702 0.051922006
  endloop
 endfacet
 facet normal 1 -1.9599741e-06 -1.7998044e-05
  outer loop
   vertex -0.088410981 -0.0037962559 0.050691777
   vertex -0.088410982 -0.0044486057 0.050699895
   vertex -0.088410994 -0.0044439236 0.050049794
  endloop
 endfacet
 facet normal 1 -1.9599741e-06 -1.7998044e-05
  outer loop
   vertex -0.088410981 -0.0037962559 0.050691777
   vertex -0.088410994 -0.0044439236 0.050049794
   vertex -0.088410981 -0.0037895854 0.050038539
  endloop
 endfacet
 facet normal 0.99999999 -9.7196772e-05 0.00010418706
  outer loop
   vertex -0.088410981 -0.0045550776 0.051460125
   vertex -0.08841098 -0.0048961915 0.051136976
   vertex -0.088410974 -0.005206625 0.050782669
  endloop
 endfacet
 facet normal 0.99999999 -9.7196772e-05 0.00010418706
  outer loop
   vertex -0.088410981 -0.0045550776 0.051460125
   vertex -0.088410974 -0.005206625 0.050782669
   vertex -0.088410982 -0.0044486057 0.050699895
  endloop
 endfacet
 facet normal 1 0 0
  outer loop
   vertex -0.088410981 -0.002509398 0.050679869
   vertex -0.088410981 -0.0025107657 0.051342292
   vertex -0.088410981 -0.0031463142 0.05133224
  endloop
 endfacet
 facet normal 1 0 0
  outer loop
   vertex -0.088410981 -0.002509398 0.050679869
   vertex -0.088410981 -0.0031463142 0.05133224
   vertex -0.088410981 -0.0031465362 0.050680506
  endloop
 endfacet
 facet normal 1 2.1731309e-14 2.1424016e-14
  outer loop
   vertex -0.088410981 -0.0031439323 0.050030097
   vertex -0.088410981 -0.0031465362 0.050680506
   vertex -0.088410981 -0.0037962559 0.050691777
  endloop
 endfacet
 facet normal 1 2.1731309e-14 2.1424016e-14
  outer loop
   vertex -0.088410981 -0.0031439323 0.050030097
   vertex -0.088410981 -0.0037962559 0.050691777
   vertex -0.088410981 -0.0037895854 0.050038539
  endloop
 endfacet
 facet normal 0.00086701035 0.78028704 -0.62542096
  outer loop
   vertex -0.08768725 -0.004899513 0.051133536
   vertex -0.086992265 -0.0049040555 0.051128833
   vertex -0.086999834 -0.0054559297 0.050440293
  endloop
 endfacet
 facet normal 0.00086701035 0.78028704 -0.62542096
  outer loop
   vertex -0.08768725 -0.004899513 0.051133536
   vertex -0.086999834 -0.0054559297 0.050440293
   vertex -0.087694927 -0.0054630698 0.050429682
  endloop
 endfacet
 facet normal 0.00057842147 0.780323 -0.62537643
  outer loop
   vertex -0.086307072 -0.0049074057 0.051125363
   vertex -0.086311133 -0.0054532202 0.050444311
   vertex -0.086999834 -0.0054559297 0.050440293
  endloop
 endfacet
 facet normal 0.00057842147 0.780323 -0.62537643
  outer loop
   vertex -0.086307072 -0.0049074057 0.051125363
   vertex -0.086999834 -0.0054559297 0.050440293
   vertex -0.086992265 -0.0049040555 0.051128833
  endloop
 endfacet
 facet normal -0.00062806769 0.65448469 -0.75607499
  outer loop
   vertex -0.086285198 -0.0041942067 0.051742715
   vertex -0.086307072 -0.0049074057 0.051125363
   vertex -0.086992265 -0.0049040555 0.051128833
  endloop
 endfacet
 facet normal -0.00062806769 0.65448469 -0.75607499
  outer loop
   vertex -0.086285198 -0.0041942067 0.051742715
   vertex -0.086992265 -0.0049040555 0.051128833
   vertex -0.086940388 -0.0041882673 0.05174703
  endloop
 endfacet
 facet normal -0.00031673348 -0.86305565 -0.50510875
  outer loop
   vertex -0.083678688 0.002888656 0.05040918
   vertex -0.084340167 0.002890113 0.050407105
   vertex -0.084342075 0.0031371729 0.049984966
  endloop
 endfacet
 facet normal -0.00031673348 -0.86305565 -0.50510875
  outer loop
   vertex -0.083678688 0.002888656 0.05040918
   vertex -0.084342075 0.0031371729 0.049984966
   vertex -0.083683745 0.0031366975 0.049985671
  endloop
 endfacet
 facet normal -0.0010100582 -0.78606096 -0.61814816
  outer loop
   vertex -0.083678688 0.002888656 0.05040918
   vertex -0.083685077 0.0023531722 0.051090132
   vertex -0.084343455 0.0023575393 0.051085654
  endloop
 endfacet
 facet normal -0.0010100582 -0.78606096 -0.61814816
  outer loop
   vertex -0.083678688 0.002888656 0.05040918
   vertex -0.084343455 0.0023575393 0.051085654
   vertex -0.084340167 0.002890113 0.050407105
  endloop
 endfacet
 facet normal -0.0011161095 -0.86290068 -0.5053723
  outer loop
   vertex -0.083678688 0.002888656 0.05040918
   vertex -0.083683745 0.0031366975 0.049985671
   vertex -0.083046932 0.0031356086 0.049986124
  endloop
 endfacet
 facet normal -0.0011161095 -0.86290068 -0.5053723
  outer loop
   vertex -0.083678688 0.002888656 0.05040918
   vertex -0.083046932 0.0031356086 0.049986124
   vertex -0.083031139 0.0028859418 0.050412523
  endloop
 endfacet
 facet normal -9.9263156e-05 -0.78568395 -0.61862809
  outer loop
   vertex -0.083678688 0.002888656 0.05040918
   vertex -0.083031139 0.0028859418 0.050412523
   vertex -0.083037125 0.0023495625 0.051093748
  endloop
 endfacet
 facet normal -9.9263156e-05 -0.78568395 -0.61862809
  outer loop
   vertex -0.083678688 0.002888656 0.05040918
   vertex -0.083037125 0.0023495625 0.051093748
   vertex -0.083685077 0.0023531722 0.051090132
  endloop
 endfacet
 facet normal 9.4360174e-05 -0.86354445 -0.50427272
  outer loop
   vertex -0.08631384 0.0028931227 0.050402654
   vertex -0.086310127 0.0031388067 0.049981932
   vertex -0.085645412 0.0031381367 0.049983204
  endloop
 endfacet
 facet normal 9.4360174e-05 -0.86354445 -0.50427272
  outer loop
   vertex -0.08631384 0.0028931227 0.050402654
   vertex -0.085645412 0.0031381367 0.049983204
   vertex -0.085646699 0.0028919306 0.050404429
  endloop
 endfacet
 facet normal 0.00023218674 -0.86354496 -0.50427181
  outer loop
   vertex -0.086996401 0.0031400697 0.049979453
   vertex -0.086310127 0.0031388067 0.049981932
   vertex -0.08631384 0.0028931227 0.050402654
  endloop
 endfacet
 facet normal 0.00023218674 -0.86354496 -0.50427181
  outer loop
   vertex -0.086996401 0.0031400697 0.049979453
   vertex -0.08631384 0.0028931227 0.050402654
   vertex -0.087004857 0.0028957976 0.050398518
  endloop
 endfacet
 facet normal 0.0015503379 -0.78710169 -0.61682131
  outer loop
   vertex -0.08631384 0.0028931227 0.050402654
   vertex -0.086307236 0.0023595241 0.051083575
   vertex -0.086992738 0.0023547698 0.051087919
  endloop
 endfacet
 facet normal 0.0015503379 -0.78710169 -0.61682131
  outer loop
   vertex -0.08631384 0.0028931227 0.050402654
   vertex -0.086992738 0.0023547698 0.051087919
   vertex -0.087004857 0.0028957976 0.050398518
  endloop
 endfacet
 facet normal 3.3838744e-05 -0.96593306 0.25879205
  outer loop
   vertex -0.083693771 0.00065580216 0.035628874
   vertex -0.084346828 0.00065650552 0.035631584
   vertex -0.084343241 0.00050593728 0.035069593
  endloop
 endfacet
 facet normal 3.3838744e-05 -0.96593306 0.25879205
  outer loop
   vertex -0.083693771 0.00065580216 0.035628874
   vertex -0.084343241 0.00050593728 0.035069593
   vertex -0.083687206 0.00050575676 0.035068875
  endloop
 endfacet
 facet normal -5.6828503e-06 -0.96592583 0.25881903
  outer loop
   vertex -0.084350043 0.00080360672 0.0361806
   vertex -0.084996123 0.00080375188 0.036181127
   vertex -0.084995229 0.00065678163 0.035632627
  endloop
 endfacet
 facet normal -5.6828503e-06 -0.96592583 0.25881903
  outer loop
   vertex -0.084350043 0.00080360672 0.0361806
   vertex -0.084995229 0.00065678163 0.035632627
   vertex -0.084346828 0.00065650552 0.035631584
  endloop
 endfacet
 facet normal 1.0991594e-15 0.96592583 -0.25881904
  outer loop
   vertex -0.084996174 -0.010181779 0.033819599
   vertex -0.085642301 -0.010181745 0.033819728
   vertex -0.08564343 -0.010034803 0.034368121
  endloop
 endfacet
 facet normal 1.0991594e-15 0.96592583 -0.25881904
  outer loop
   vertex -0.084996174 -0.010181779 0.033819599
   vertex -0.08564343 -0.010034803 0.034368121
   vertex -0.084995279 -0.010034826 0.034368036
  endloop
 endfacet
 facet normal 6.9440085e-07 0.96592583 -0.25881904
  outer loop
   vertex -0.086305764 -0.00988376 0.034931821
   vertex -0.085643691 -0.0098839691 0.034931043
   vertex -0.08564343 -0.010034803 0.034368121
  endloop
 endfacet
 facet normal 6.9440085e-07 0.96592583 -0.25881904
  outer loop
   vertex -0.086305764 -0.00988376 0.034931821
   vertex -0.08564343 -0.010034803 0.034368121
   vertex -0.086304162 -0.010034446 0.034369453
  endloop
 endfacet
 facet normal 2.2478469e-07 0.96592576 -0.2588193
  outer loop
   vertex -0.086300401 -0.010181502 0.033820633
   vertex -0.086304162 -0.010034446 0.034369453
   vertex -0.08564343 -0.010034803 0.034368121
  endloop
 endfacet
 facet normal 2.2478469e-07 0.96592576 -0.2588193
  outer loop
   vertex -0.086300401 -0.010181502 0.033820633
   vertex -0.08564343 -0.010034803 0.034368121
   vertex -0.085642301 -0.010181745 0.033819728
  endloop
 endfacet
 facet normal -0.00019380835 -0.96595507 0.25870981
  outer loop
   vertex -0.083689975 -0.00067912899 0.03064736
   vertex -0.083692494 -0.00053121602 0.031199626
   vertex -0.084346461 -0.00053081993 0.031200615
  endloop
 endfacet
 facet normal -0.00019380835 -0.96595507 0.25870981
  outer loop
   vertex -0.083689975 -0.00067912899 0.03064736
   vertex -0.084346461 -0.00053081993 0.031200615
   vertex -0.084344609 -0.00067835638 0.030649893
  endloop
 endfacet
 facet normal -1.7324488e-05 -0.9659138 0.25886392
  outer loop
   vertex -0.084995447 0.00013649614 0.033690895
   vertex -0.084347881 0.00013637887 0.033690501
   vertex -0.084342744 0.0003680283 0.034554868
  endloop
 endfacet
 facet normal -1.7324488e-05 -0.9659138 0.25886392
  outer loop
   vertex -0.084995447 0.00013649614 0.033690895
   vertex -0.084342744 0.0003680283 0.034554868
   vertex -0.084993643 0.00036779769 0.034554124
  endloop
 endfacet
 facet normal 0.00014548535 -0.96592476 0.25882299
  outer loop
   vertex -0.083695125 0.00013633686 0.033689834
   vertex -0.083684554 0.00036856654 0.034556507
   vertex -0.084342744 0.0003680283 0.034554868
  endloop
 endfacet
 facet normal 0.00014548535 -0.96592476 0.25882299
  outer loop
   vertex -0.083695125 0.00013633686 0.033689834
   vertex -0.084342744 0.0003680283 0.034554868
   vertex -0.084347881 0.00013637887 0.033690501
  endloop
 endfacet
 facet normal 2.1200348e-05 0.96592335 -0.25882829
  outer loop
   vertex -0.084348039 -0.00951442 0.036310216
   vertex -0.083695407 -0.0095142599 0.036310867
   vertex -0.083684775 -0.0097464401 0.035444393
  endloop
 endfacet
 facet normal 2.1200348e-05 0.96592335 -0.25882829
  outer loop
   vertex -0.084348039 -0.00951442 0.036310216
   vertex -0.083684775 -0.0097464401 0.035444393
   vertex -0.084342888 -0.009745973 0.035446062
  endloop
 endfacet
 facet normal 2.7002817e-06 0.9659267 -0.2588158
  outer loop
   vertex -0.083687443 -0.0098837536 0.034931858
   vertex -0.084343385 -0.0098839447 0.034931138
   vertex -0.084342888 -0.009745973 0.035446062
  endloop
 endfacet
 facet normal 2.7002817e-06 0.9659267 -0.2588158
  outer loop
   vertex -0.083687443 -0.0098837536 0.034931858
   vertex -0.084342888 -0.009745973 0.035446062
   vertex -0.083684775 -0.0097464401 0.035444393
  endloop
 endfacet
 facet normal 1.728754e-07 0.96592583 -0.25881904
  outer loop
   vertex -0.084996174 -0.010181779 0.033819599
   vertex -0.084995279 -0.010034826 0.034368036
   vertex -0.084346979 -0.010034546 0.034369082
  endloop
 endfacet
 facet normal 1.728754e-07 0.96592583 -0.25881904
  outer loop
   vertex -0.084996174 -0.010181779 0.033819599
   vertex -0.084346979 -0.010034546 0.034369082
   vertex -0.0843502 -0.010181638 0.033820127
  endloop
 endfacet
 facet normal 2.5073053e-06 0.96592632 -0.2588172
  outer loop
   vertex -0.083687443 -0.0098837536 0.034931858
   vertex -0.083694034 -0.01003382 0.034371798
   vertex -0.084346979 -0.010034546 0.034369082
  endloop
 endfacet
 facet normal 2.5073053e-06 0.96592632 -0.2588172
  outer loop
   vertex -0.083687443 -0.0098837536 0.034931858
   vertex -0.084346979 -0.010034546 0.034369082
   vertex -0.084343385 -0.0098839447 0.034931138
  endloop
 endfacet
 facet normal 3.1055236e-05 0.96592592 -0.2588187
  outer loop
   vertex -0.083699317 -0.010181458 0.033820875
   vertex -0.0843502 -0.010181638 0.033820127
   vertex -0.084346979 -0.010034546 0.034369082
  endloop
 endfacet
 facet normal 3.1055236e-05 0.96592592 -0.2588187
  outer loop
   vertex -0.083699317 -0.010181458 0.033820875
   vertex -0.084346979 -0.010034546 0.034369082
   vertex -0.083694034 -0.01003382 0.034371798
  endloop
 endfacet
 facet normal 8.9750029e-05 -0.96593234 0.25879473
  outer loop
   vertex -0.08564134 -0.00053067481 0.031200979
   vertex -0.086299746 -0.00053100532 0.031199974
   vertex -0.086298878 -0.00067854465 0.030649294
  endloop
 endfacet
 facet normal 8.9750029e-05 -0.96593234 0.25879473
  outer loop
   vertex -0.08564134 -0.00053067481 0.031200979
   vertex -0.086298878 -0.00067854465 0.030649294
   vertex -0.085640804 -0.00067809363 0.030650804
  endloop
 endfacet
 facet normal -2.6453956e-15 -0.96592583 0.25881903
  outer loop
   vertex -0.084995447 0.00013649614 0.033690895
   vertex -0.084993643 0.00036779769 0.034554124
   vertex -0.085643033 0.00036777958 0.034554057
  endloop
 endfacet
 facet normal -2.6453956e-15 -0.96592583 0.25881903
  outer loop
   vertex -0.084995447 0.00013649614 0.033690895
   vertex -0.085643033 0.00036777958 0.034554057
   vertex -0.085642928 0.00013640877 0.033690569
  endloop
 endfacet
 facet normal -9.005518e-16 0.96592583 -0.25881904
  outer loop
   vertex -0.086302464 -0.0095142148 0.036310984
   vertex -0.085642889 -0.0095144821 0.036309987
   vertex -0.085642996 -0.0097457557 0.035446862
  endloop
 endfacet
 facet normal -9.005518e-16 0.96592583 -0.25881904
  outer loop
   vertex -0.086302464 -0.0095142148 0.036310984
   vertex -0.085642996 -0.0097457557 0.035446862
   vertex -0.086303583 -0.0097459614 0.035446094
  endloop
 endfacet
 facet normal 8.7365444e-08 0.96592602 -0.25881832
  outer loop
   vertex -0.086305764 -0.00988376 0.034931821
   vertex -0.086303583 -0.0097459614 0.035446094
   vertex -0.085642996 -0.0097457557 0.035446862
  endloop
 endfacet
 facet normal 8.7365444e-08 0.96592602 -0.25881832
  outer loop
   vertex -0.086305764 -0.00988376 0.034931821
   vertex -0.085642996 -0.0097457557 0.035446862
   vertex -0.085643691 -0.0098839691 0.034931043
  endloop
 endfacet
 facet normal 1.69724e-05 -0.96597224 0.25864576
  outer loop
   vertex -0.083684554 0.00036856654 0.034556507
   vertex -0.083687206 0.00050575676 0.035068875
   vertex -0.084343241 0.00050593728 0.035069593
  endloop
 endfacet
 facet normal 1.69724e-05 -0.96597224 0.25864576
  outer loop
   vertex -0.083684554 0.00036856654 0.034556507
   vertex -0.084343241 0.00050593728 0.035069593
   vertex -0.084342744 0.0003680283 0.034554868
  endloop
 endfacet
 facet normal 8.2701553e-16 -0.96592583 0.25881903
  outer loop
   vertex -0.08564234 0.00080371778 0.036181
   vertex -0.085643467 0.0006567588 0.035632542
   vertex -0.084995229 0.00065678163 0.035632627
  endloop
 endfacet
 facet normal 8.2701553e-16 -0.96592583 0.25881903
  outer loop
   vertex -0.08564234 0.00080371778 0.036181
   vertex -0.084995229 0.00065678163 0.035632627
   vertex -0.084996123 0.00080375188 0.036181127
  endloop
 endfacet
 facet normal 7.4248313e-06 -0.96593054 0.25880144
  outer loop
   vertex -0.086304301 0.00065638832 0.035631219
   vertex -0.086305899 0.00050572699 0.035068902
   vertex -0.085643727 0.00050594171 0.035069685
  endloop
 endfacet
 facet normal 7.4248313e-06 -0.96593054 0.25880144
  outer loop
   vertex -0.086304301 0.00065638832 0.035631219
   vertex -0.085643727 0.00050594171 0.035069685
   vertex -0.085643467 0.0006567588 0.035632542
  endloop
 endfacet
 facet normal 1.2291409e-10 -0.96592585 0.25881897
  outer loop
   vertex -0.08630372 0.00036797643 0.034554791
   vertex -0.086302609 0.00013608439 0.033689358
   vertex -0.085642928 0.00013640877 0.033690569
  endloop
 endfacet
 facet normal 1.2291409e-10 -0.96592585 0.25881897
  outer loop
   vertex -0.08630372 0.00036797643 0.034554791
   vertex -0.085642928 0.00013640877 0.033690569
   vertex -0.085643033 0.00036777958 0.034554057
  endloop
 endfacet
 facet normal 8.7738017e-08 -0.96592583 0.25881903
  outer loop
   vertex -0.08630372 0.00036797643 0.034554791
   vertex -0.085643033 0.00036777958 0.034554057
   vertex -0.085643727 0.00050594171 0.035069685
  endloop
 endfacet
 facet normal 8.7738017e-08 -0.96592583 0.25881903
  outer loop
   vertex -0.08630372 0.00036797643 0.034554791
   vertex -0.085643727 0.00050594171 0.035069685
   vertex -0.086305899 0.00050572699 0.035068902
  endloop
 endfacet
 facet normal -0.0001525471 0.92056922 -0.39057942
  outer loop
   vertex -0.086306702 -0.0057085138 0.050016706
   vertex -0.085644411 -0.0057079697 0.050017729
   vertex -0.085642573 -0.0060492916 0.049213256
  endloop
 endfacet
 facet normal -0.0001525471 0.92056922 -0.39057942
  outer loop
   vertex -0.086306702 -0.0057085138 0.050016706
   vertex -0.085642573 -0.0060492916 0.049213256
   vertex -0.086302628 -0.0060495625 0.04921242
  endloop
 endfacet
 facet normal -5.0140447e-05 0.96221377 -0.27229516
  outer loop
   vertex -0.086303877 -0.006194869 0.048698949
   vertex -0.086302628 -0.0060495625 0.04921242
   vertex -0.085642573 -0.0060492916 0.049213256
  endloop
 endfacet
 facet normal -5.0140447e-05 0.96221377 -0.27229516
  outer loop
   vertex -0.086303877 -0.006194869 0.048698949
   vertex -0.085642573 -0.0060492916 0.049213256
   vertex -0.085642792 -0.0061950448 0.048698295
  endloop
 endfacet
 facet normal -1.2988303e-06 0.96220132 -0.27233917
  outer loop
   vertex -0.084993694 -0.0061950604 0.048698237
   vertex -0.085642792 -0.0061950448 0.048698295
   vertex -0.085642573 -0.0060492916 0.049213256
  endloop
 endfacet
 facet normal -1.2988303e-06 0.96220132 -0.27233917
  outer loop
   vertex -0.084993694 -0.0061950604 0.048698237
   vertex -0.085642573 -0.0060492916 0.049213256
   vertex -0.084993634 -0.0060492396 0.049213416
  endloop
 endfacet
 facet normal -9.8799133e-05 0.92055777 -0.39060643
  outer loop
   vertex -0.08434559 -0.0057072442 0.050019094
   vertex -0.083690027 -0.0057068958 0.050019749
   vertex -0.083684669 -0.0060499104 0.049211351
  endloop
 endfacet
 facet normal -9.8799133e-05 0.92055777 -0.39060643
  outer loop
   vertex -0.08434559 -0.0057072442 0.050019094
   vertex -0.083684669 -0.0060499104 0.049211351
   vertex -0.084343012 -0.0060494052 0.049212906
  endloop
 endfacet
 facet normal 8.4988587e-06 0.96220651 -0.27232083
  outer loop
   vertex -0.083686783 -0.0061948697 0.048698949
   vertex -0.084343299 -0.0061949728 0.048698564
   vertex -0.084343012 -0.0060494052 0.049212906
  endloop
 endfacet
 facet normal 8.4988587e-06 0.96220651 -0.27232083
  outer loop
   vertex -0.083686783 -0.0061948697 0.048698949
   vertex -0.084343012 -0.0060494052 0.049212906
   vertex -0.083684669 -0.0060499104 0.049211351
  endloop
 endfacet
 facet normal 3.1572029e-05 0.96219846 -0.27234926
  outer loop
   vertex -0.084993694 -0.0061950604 0.048698237
   vertex -0.084993634 -0.0060492396 0.049213416
   vertex -0.084343012 -0.0060494052 0.049212906
  endloop
 endfacet
 facet normal 3.1572029e-05 0.96219846 -0.27234926
  outer loop
   vertex -0.084993694 -0.0061950604 0.048698237
   vertex -0.084343012 -0.0060494052 0.049212906
   vertex -0.084343299 -0.0061949728 0.048698564
  endloop
 endfacet
 facet normal 2.2526583e-05 -0.96592584 0.258819
  outer loop
   vertex -0.084345475 -0.00096495585 0.029580164
   vertex -0.084993338 -0.0009652142 0.029579256
   vertex -0.084994707 -0.0011978007 0.028711231
  endloop
 endfacet
 facet normal 2.2526583e-05 -0.96592584 0.258819
  outer loop
   vertex -0.084345475 -0.00096495585 0.029580164
   vertex -0.084994707 -0.0011978007 0.028711231
   vertex -0.084346859 -0.0011978529 0.028711101
  endloop
 endfacet
 facet normal 3.1182058e-16 0.96592583 -0.25881904
  outer loop
   vertex -0.084994402 -0.011212315 0.029973587
   vertex -0.085643898 -0.011212181 0.029974089
   vertex -0.085644347 -0.011061049 0.030538122
  endloop
 endfacet
 facet normal 3.1182058e-16 0.96592583 -0.25881904
  outer loop
   vertex -0.084994402 -0.011212315 0.029973587
   vertex -0.085644347 -0.011061049 0.030538122
   vertex -0.084992602 -0.011061235 0.030537427
  endloop
 endfacet
 facet normal 1.4465019e-05 0.9659373 -0.25877623
  outer loop
   vertex -0.086306129 -0.011211487 0.029976543
   vertex -0.086308532 -0.011060425 0.030540414
   vertex -0.085644347 -0.011061049 0.030538122
  endloop
 endfacet
 facet normal 1.4465019e-05 0.9659373 -0.25877623
  outer loop
   vertex -0.086306129 -0.011211487 0.029976543
   vertex -0.085644347 -0.011061049 0.030538122
   vertex -0.085643898 -0.011212181 0.029974089
  endloop
 endfacet
 facet normal 5.8938484e-11 0.96592584 -0.25881898
  outer loop
   vertex -0.086306333 -0.010923673 0.031050814
   vertex -0.086303377 -0.010691642 0.031916766
   vertex -0.085642696 -0.010691794 0.0319162
  endloop
 endfacet
 facet normal 5.8938484e-11 0.96592584 -0.25881898
  outer loop
   vertex -0.086306333 -0.010923673 0.031050814
   vertex -0.085642696 -0.010691794 0.0319162
   vertex -0.085643567 -0.010923806 0.031050319
  endloop
 endfacet
 facet normal 8.9820989e-08 0.96592583 -0.25881904
  outer loop
   vertex -0.086306333 -0.010923673 0.031050814
   vertex -0.085643567 -0.010923806 0.031050319
   vertex -0.085644347 -0.011061049 0.030538122
  endloop
 endfacet
 facet normal 8.9820989e-08 0.96592583 -0.25881904
  outer loop
   vertex -0.086306333 -0.010923673 0.031050814
   vertex -0.085644347 -0.011061049 0.030538122
   vertex -0.086308532 -0.011060425 0.030540414
  endloop
 endfacet
 facet normal 1.3400045e-15 0.96592583 -0.25881904
  outer loop
   vertex -0.084992018 -0.010923957 0.031049754
   vertex -0.084992602 -0.011061235 0.030537427
   vertex -0.085644347 -0.011061049 0.030538122
  endloop
 endfacet
 facet normal 1.3400045e-15 0.96592583 -0.25881904
  outer loop
   vertex -0.084992018 -0.010923957 0.031049754
   vertex -0.085644347 -0.011061049 0.030538122
   vertex -0.085643567 -0.010923806 0.031050319
  endloop
 endfacet
 facet normal -5.9200141e-07 0.96592583 -0.25881904
  outer loop
   vertex -0.084994402 -0.011212315 0.029973587
   vertex -0.084992602 -0.011061235 0.030537427
   vertex -0.084339073 -0.011061162 0.030537699
  endloop
 endfacet
 facet normal -5.9200141e-07 0.96592583 -0.25881904
  outer loop
   vertex -0.084994402 -0.011212315 0.029973587
   vertex -0.084339073 -0.011061162 0.030537699
   vertex -0.084344133 -0.011211996 0.029974733
  endloop
 endfacet
 facet normal -7.2907745e-05 0.96593112 -0.25879927
  outer loop
   vertex -0.083688264 -0.011211101 0.029977886
   vertex -0.084344133 -0.011211996 0.029974733
   vertex -0.084339073 -0.011061162 0.030537699
  endloop
 endfacet
 facet normal -7.2907745e-05 0.96593112 -0.25879927
  outer loop
   vertex -0.083688264 -0.011211101 0.029977886
   vertex -0.084339073 -0.011061162 0.030537699
   vertex -0.083679087 -0.011060784 0.030539054
  endloop
 endfacet
 facet normal -2.0489367e-05 0.96593266 -0.25879354
  outer loop
   vertex -0.083674212 -0.010924774 0.031046706
   vertex -0.083679087 -0.011060784 0.030539054
   vertex -0.084339073 -0.011061162 0.030537699
  endloop
 endfacet
 facet normal -2.0489367e-05 0.96593266 -0.25879354
  outer loop
   vertex -0.083674212 -0.010924774 0.031046706
   vertex -0.084339073 -0.011061162 0.030537699
   vertex -0.084337814 -0.010924222 0.031048766
  endloop
 endfacet
 facet normal -4.1093013e-07 0.96592583 -0.25881904
  outer loop
   vertex -0.084992018 -0.010923957 0.031049754
   vertex -0.084993981 -0.010691837 0.031916037
   vertex -0.084344283 -0.010691788 0.03191622
  endloop
 endfacet
 facet normal -4.1093013e-07 0.96592583 -0.25881904
  outer loop
   vertex -0.084992018 -0.010923957 0.031049754
   vertex -0.084344283 -0.010691788 0.03191622
   vertex -0.084337814 -0.010924222 0.031048766
  endloop
 endfacet
 facet normal 6.2089259e-09 0.96592602 -0.25881833
  outer loop
   vertex -0.084992018 -0.010923957 0.031049754
   vertex -0.084337814 -0.010924222 0.031048766
   vertex -0.084339073 -0.011061162 0.030537699
  endloop
 endfacet
 facet normal 6.2089259e-09 0.96592602 -0.25881833
  outer loop
   vertex -0.084992018 -0.010923957 0.031049754
   vertex -0.084339073 -0.011061162 0.030537699
   vertex -0.084992602 -0.011061235 0.030537427
  endloop
 endfacet
 facet normal -0.00015543021 0.85844926 -0.51289848
  outer loop
   vertex -0.086311133 -0.0054532202 0.050444311
   vertex -0.08564601 -0.0054521658 0.050445874
   vertex -0.085644411 -0.0057079697 0.050017729
  endloop
 endfacet
 facet normal -0.00015543021 0.85844926 -0.51289848
  outer loop
   vertex -0.086311133 -0.0054532202 0.050444311
   vertex -0.085644411 -0.0057079697 0.050017729
   vertex -0.086306702 -0.0057085138 0.050016706
  endloop
 endfacet
 facet normal 5.7042351e-05 0.85816764 -0.51336955
  outer loop
   vertex -0.083684808 -0.0054505145 0.050448326
   vertex -0.083690027 -0.0057068958 0.050019749
   vertex -0.08434559 -0.0057072442 0.050019094
  endloop
 endfacet
 facet normal 5.7042351e-05 0.85816764 -0.51336955
  outer loop
   vertex -0.083684808 -0.0054505145 0.050448326
   vertex -0.08434559 -0.0057072442 0.050019094
   vertex -0.084343598 -0.0054511735 0.050447345
  endloop
 endfacet
 facet normal 1 4.1673523e-14 -2.152166e-14
  outer loop
   vertex -0.088410981 -0.0088180802 0.031890956
   vertex -0.088410981 -0.0081566667 0.031882028
   vertex -0.088410981 -0.0081654173 0.032509913
  endloop
 endfacet
 facet normal 1 4.1673523e-14 -2.152166e-14
  outer loop
   vertex -0.088410981 -0.0088180802 0.031890956
   vertex -0.088410981 -0.0081654173 0.032509913
   vertex -0.088410981 -0.0088395918 0.032522453
  endloop
 endfacet
 facet normal 1 -2.1398395e-14 2.176934e-14
  outer loop
   vertex -0.088410981 -0.0075126506 0.031877578
   vertex -0.088410981 -0.0081566667 0.031882028
   vertex -0.088410981 -0.0081483589 0.031252702
  endloop
 endfacet
 facet normal 1 -2.1398395e-14 2.176934e-14
  outer loop
   vertex -0.088410981 -0.0075126506 0.031877578
   vertex -0.088410981 -0.0081483589 0.031252702
   vertex -0.088410981 -0.0075093262 0.031250263
  endloop
 endfacet
 facet normal 1 5.4698221e-06 -4.0842759e-05
  outer loop
   vertex -0.088410981 -0.0087904447 0.030622741
   vertex -0.088410977 -0.0094547151 0.030631607
   vertex -0.088411004 -0.0094365247 0.029979143
  endloop
 endfacet
 facet normal 1 5.4698221e-06 -4.0842759e-05
  outer loop
   vertex -0.088410981 -0.0087904447 0.030622741
   vertex -0.088411004 -0.0094365247 0.029979143
   vertex -0.088410981 -0.0087833623 0.029976437
  endloop
 endfacet
 facet normal 0.99999997 0.00024875542 1.4282387e-05
  outer loop
   vertex -0.088410805 -0.01014713 0.0306556
   vertex -0.088410977 -0.0094547151 0.030631607
   vertex -0.088410984 -0.0094641794 0.031267025
  endloop
 endfacet
 facet normal 0.99999997 0.00024875542 1.4282387e-05
  outer loop
   vertex -0.088410805 -0.01014713 0.0306556
   vertex -0.088410984 -0.0094641794 0.031267025
   vertex -0.088411071 -0.010125272 0.031277833
  endloop
 endfacet
 facet normal 1 2.3654901e-07 7.2784125e-10
  outer loop
   vertex -0.088410981 -0.0081414446 0.029980161
   vertex -0.088410981 -0.0081434143 0.030620316
   vertex -0.088410981 -0.0087904447 0.030622741
  endloop
 endfacet
 facet normal 1 2.3654901e-07 7.2784125e-10
  outer loop
   vertex -0.088410981 -0.0081414446 0.029980161
   vertex -0.088410981 -0.0087904447 0.030622741
   vertex -0.088410981 -0.0087833623 0.029976437
  endloop
 endfacet
 facet normal 1 -8.4120142e-17 -2.2035287e-14
  outer loop
   vertex -0.088410981 -0.00750755 0.030620458
   vertex -0.088410981 -0.0075093262 0.031250263
   vertex -0.088410981 -0.0081483589 0.031252702
  endloop
 endfacet
 facet normal 1 -8.4120142e-17 -2.2035287e-14
  outer loop
   vertex -0.088410981 -0.00750755 0.030620458
   vertex -0.088410981 -0.0081483589 0.031252702
   vertex -0.088410981 -0.0081434143 0.030620316
  endloop
 endfacet
 facet normal 1 -3.8168102e-08 -1.6587075e-07
  outer loop
   vertex -0.088410981 -0.0095596945 0.032549231
   vertex -0.088410981 -0.0094965312 0.031904311
   vertex -0.088410981 -0.0088180802 0.031890956
  endloop
 endfacet
 facet normal 1 -3.8168102e-08 -1.6587075e-07
  outer loop
   vertex -0.088410981 -0.0095596945 0.032549231
   vertex -0.088410981 -0.0088180802 0.031890956
   vertex -0.088410981 -0.0088395918 0.032522453
  endloop
 endfacet
 facet normal 0.99999998 -0.0001341638 -0.00014037405
  outer loop
   vertex -0.088410985 -0.010157906 0.031917708
   vertex -0.088411071 -0.010125272 0.031277833
   vertex -0.088410984 -0.0094641794 0.031267025
  endloop
 endfacet
 facet normal 0.99999998 -0.0001341638 -0.00014037405
  outer loop
   vertex -0.088410985 -0.010157906 0.031917708
   vertex -0.088410984 -0.0094641794 0.031267025
   vertex -0.088410981 -0.0094965312 0.031904311
  endloop
 endfacet
 facet normal 1 -2.1919449e-14 -1.2981256e-16
  outer loop
   vertex -0.088410981 -0.0024958118 0.038123979
   vertex -0.088410981 -0.0018626732 0.038121963
   vertex -0.088410981 -0.0018663801 0.038747901
  endloop
 endfacet
 facet normal 1 -2.1919449e-14 -1.2981256e-16
  outer loop
   vertex -0.088410981 -0.0024958118 0.038123979
   vertex -0.088410981 -0.0018663801 0.038747901
   vertex -0.088410981 -0.0024971512 0.038749315
  endloop
 endfacet
 facet normal 1 -9.8636747e-07 -2.6116711e-06
  outer loop
   vertex -0.088410981 -0.001858983 0.037496019
   vertex -0.08841098 -0.0012100828 0.037490014
   vertex -0.088410979 -0.0012190208 0.0381173
  endloop
 endfacet
 facet normal 1 -9.8636747e-07 -2.6116711e-06
  outer loop
   vertex -0.088410981 -0.001858983 0.037496019
   vertex -0.088410979 -0.0012190208 0.0381173
   vertex -0.088410981 -0.0018626732 0.038121963
  endloop
 endfacet
 facet normal 1 -5.3447415e-06 -8.2618713e-06
  outer loop
   vertex -0.088410976 7.4312109e-05 0.039356183
   vertex -0.088410979 -0.00058878252 0.039365977
   vertex -0.088410984 -0.00057716531 0.038738292
  endloop
 endfacet
 facet normal 1 -5.3447415e-06 -8.2618713e-06
  outer loop
   vertex -0.088410976 7.4312109e-05 0.039356183
   vertex -0.088410984 -0.00057716531 0.038738292
   vertex -0.088411064 8.6180968e-05 0.038729292
  endloop
 endfacet
 facet normal 1 3.8505314e-09 1.1253839e-06
  outer loop
   vertex -0.088410981 -0.00059991504 0.039993604
   vertex -0.088410981 -0.0012395683 0.039997374
   vertex -0.08841098 -0.0012344024 0.039371149
  endloop
 endfacet
 facet normal 1 3.8505314e-09 1.1253839e-06
  outer loop
   vertex -0.088410981 -0.00059991504 0.039993604
   vertex -0.08841098 -0.0012344024 0.039371149
   vertex -0.088410979 -0.00058878252 0.039365977
  endloop
 endfacet
 facet normal 0.99999999 0.00012072362 9.3222462e-05
  outer loop
   vertex -0.088411009 0.00011956063 0.038094943
   vertex -0.088411064 8.6180968e-05 0.038729292
   vertex -0.088410984 -0.00057716531 0.038738292
  endloop
 endfacet
 facet normal 0.99999999 0.00012072362 9.3222462e-05
  outer loop
   vertex -0.088411009 0.00011956063 0.038094943
   vertex -0.088410984 -0.00057716531 0.038738292
   vertex -0.088410978 -0.00055819313 0.038108205
  endloop
 endfacet
 facet normal 1 -1.4484634e-05 -2.8040037e-06
  outer loop
   vertex -0.088410979 -0.0012190208 0.0381173
   vertex -0.08841098 -0.0012100828 0.037490014
   vertex -0.088410971 -0.00053641152 0.037477527
  endloop
 endfacet
 facet normal 1 -1.4484634e-05 -2.8040037e-06
  outer loop
   vertex -0.088410979 -0.0012190208 0.0381173
   vertex -0.088410971 -0.00053641152 0.037477527
   vertex -0.088410978 -0.00055819313 0.038108205
  endloop
 endfacet
 facet normal 1 0 0
  outer loop
   vertex -0.088410981 -0.0024981842 0.039374563
   vertex -0.088410981 -0.0024971512 0.038749315
   vertex -0.088410981 -0.0018663801 0.038747901
  endloop
 endfacet
 facet normal 1 0 0
  outer loop
   vertex -0.088410981 -0.0024981842 0.039374563
   vertex -0.088410981 -0.0018663801 0.038747901
   vertex -0.088410981 -0.0018692169 0.039373587
  endloop
 endfacet
 facet normal 1 -1.1101394e-06 -3.7214629e-09
  outer loop
   vertex -0.088410981 -0.0018713137 0.039999084
   vertex -0.088410981 -0.0018692169 0.039373587
   vertex -0.08841098 -0.0012344024 0.039371149
  endloop
 endfacet
 facet normal 1 -1.1101394e-06 -3.7214629e-09
  outer loop
   vertex -0.088410981 -0.0018713137 0.039999084
   vertex -0.08841098 -0.0012344024 0.039371149
   vertex -0.088410981 -0.0012395683 0.039997374
  endloop
 endfacet
 facet normal 1 -9.0197383e-18 -2.2201121e-14
  outer loop
   vertex -0.088410981 -0.0018733827 0.041249596
   vertex -0.088410981 -0.0018737596 0.04187469
   vertex -0.088410981 -0.0024997768 0.041874944
  endloop
 endfacet
 facet normal 1 -9.0197383e-18 -2.2201121e-14
  outer loop
   vertex -0.088410981 -0.0018733827 0.041249596
   vertex -0.088410981 -0.0024997768 0.041874944
   vertex -0.088410981 -0.0024996335 0.041249908
  endloop
 endfacet
 facet normal 1 -2.2097082e-14 -1.1359492e-17
  outer loop
   vertex -0.088410981 -0.0018740809 0.042499768
   vertex -0.088410981 -0.0018737596 0.04187469
   vertex -0.088410981 -0.0012457221 0.041873924
  endloop
 endfacet
 facet normal 1 -2.2097082e-14 -1.1359492e-17
  outer loop
   vertex -0.088410981 -0.0018740809 0.042499768
   vertex -0.088410981 -0.0012457221 0.041873924
   vertex -0.088410981 -0.0012466787 0.042499153
  endloop
 endfacet
 facet normal 1 2.1762008e-07 1.1944596e-09
  outer loop
   vertex -0.088410981 -0.0006108339 0.041246449
   vertex -0.088410981 -0.00060739819 0.040620493
   vertex -0.088410981 3.7370955e-05 0.040615372
  endloop
 endfacet
 facet normal 1 2.1762008e-07 1.1944596e-09
  outer loop
   vertex -0.088410981 -0.0006108339 0.041246449
   vertex -0.088410981 3.7370955e-05 0.040615372
   vertex -0.088410981 3.2802124e-05 0.041241832
  endloop
 endfacet
 facet normal 1 -2.781535e-09 -1.5311711e-11
  outer loop
   vertex -0.088410981 -0.0012430135 0.040623226
   vertex -0.088410981 -0.0012395683 0.039997374
   vertex -0.088410981 -0.00059991504 0.039993604
  endloop
 endfacet
 facet normal 1 -2.781535e-09 -1.5311711e-11
  outer loop
   vertex -0.088410981 -0.0012430135 0.040623226
   vertex -0.088410981 -0.00059991504 0.039993604
   vertex -0.088410981 -0.00060739819 0.040620493
  endloop
 endfacet
 facet normal 1 1.5284969e-17 2.2198001e-14
  outer loop
   vertex -0.088410981 -0.0024993794 0.040624845
   vertex -0.088410981 -0.0018726691 0.040624414
   vertex -0.088410981 -0.0018733827 0.041249596
  endloop
 endfacet
 facet normal 1 1.5284969e-17 2.2198001e-14
  outer loop
   vertex -0.088410981 -0.0024993794 0.040624845
   vertex -0.088410981 -0.0018733827 0.041249596
   vertex -0.088410981 -0.0024996335 0.041249908
  endloop
 endfacet
 facet normal 1 2.1967702e-14 1.2092715e-16
  outer loop
   vertex -0.088410981 -0.0018713137 0.039999084
   vertex -0.088410981 -0.0012395683 0.039997374
   vertex -0.088410981 -0.0012430135 0.040623226
  endloop
 endfacet
 facet normal 1 2.1967702e-14 1.2092715e-16
  outer loop
   vertex -0.088410981 -0.0018713137 0.039999084
   vertex -0.088410981 -0.0012430135 0.040623226
   vertex -0.088410981 -0.0018726691 0.040624414
  endloop
 endfacet
 facet normal 1 1.3346503e-07 3.6653554e-10
  outer loop
   vertex -0.088410981 3.1405039e-05 0.041867028
   vertex -0.088410981 -0.00061255136 0.041871857
   vertex -0.088410981 -0.0006108339 0.041246449
  endloop
 endfacet
 facet normal 1 1.3346503e-07 3.6653554e-10
  outer loop
   vertex -0.088410981 3.1405039e-05 0.041867028
   vertex -0.088410981 -0.0006108339 0.041246449
   vertex -0.088410981 3.2802124e-05 0.041241832
  endloop
 endfacet
 facet normal 1 5.9983825e-17 2.2196433e-14
  outer loop
   vertex -0.088410981 -0.00061505449 0.042497446
   vertex -0.088410981 -0.0012466787 0.042499153
   vertex -0.088410981 -0.0012457221 0.041873924
  endloop
 endfacet
 facet normal 1 5.9983825e-17 2.2196433e-14
  outer loop
   vertex -0.088410981 -0.00061505449 0.042497446
   vertex -0.088410981 -0.0012457221 0.041873924
   vertex -0.088410981 -0.00061255136 0.041871857
  endloop
 endfacet
 facet normal 1 -2.2060146e-14 2.2105261e-14
  outer loop
   vertex -0.088410981 -0.0025042981 0.048127071
   vertex -0.088410981 -0.0018760754 0.048126207
   vertex -0.088410981 -0.0018763346 0.048753753
  endloop
 endfacet
 facet normal 1 -2.2060146e-14 2.2105261e-14
  outer loop
   vertex -0.088410981 -0.0025042981 0.048127071
   vertex -0.088410981 -0.0018763346 0.048753753
   vertex -0.088410981 -0.0025055267 0.04875482
  endloop
 endfacet
 facet normal 1 -2.2168196e-14 2.8346343e-18
  outer loop
   vertex -0.088410981 -0.0018757366 0.047500385
   vertex -0.088410981 -0.0012497142 0.047500265
   vertex -0.088410981 -0.0012496342 0.048126208
  endloop
 endfacet
 facet normal 1 -2.2168196e-14 2.8346343e-18
  outer loop
   vertex -0.088410981 -0.0018757366 0.047500385
   vertex -0.088410981 -0.0012496342 0.048126208
   vertex -0.088410981 -0.0018760754 0.048126207
  endloop
 endfacet
 facet normal 1 -1.9124623e-07 -5.6267463e-07
  outer loop
   vertex -0.088410981 -0.0012480441 0.049387081
   vertex -0.088410981 -0.00061835485 0.049391049
   vertex -0.088410981 -0.00061285284 0.050037586
  endloop
 endfacet
 facet normal 1 -1.9124623e-07 -5.6267463e-07
  outer loop
   vertex -0.088410981 -0.0012480441 0.049387081
   vertex -0.088410981 -0.00061285284 0.050037586
   vertex -0.088410982 -0.0012461986 0.050030217
  endloop
 endfacet
 facet normal 1 -9.6983809e-07 -1.8832746e-07
  outer loop
   vertex -0.08841098 1.4972884e-05 0.049398355
   vertex -0.088410981 -0.00061835485 0.049391049
   vertex -0.088410981 -0.00062149251 0.048755902
  endloop
 endfacet
 facet normal 1 -9.6983809e-07 -1.8832746e-07
  outer loop
   vertex -0.08841098 1.4972884e-05 0.049398355
   vertex -0.088410981 -0.00062149251 0.048755902
   vertex -0.088410981 8.8949522e-06 0.048759225
  endloop
 endfacet
 facet normal 1 2.2152241e-14 -2.8325942e-18
  outer loop
   vertex -0.088410981 -0.0012496342 0.048126208
   vertex -0.088410981 -0.0012497142 0.047500265
   vertex -0.088410981 -0.0006232409 0.047500323
  endloop
 endfacet
 facet normal 1 2.2152241e-14 -2.8325942e-18
  outer loop
   vertex -0.088410981 -0.0012496342 0.048126208
   vertex -0.088410981 -0.0006232409 0.047500323
   vertex -0.088410981 -0.0006228733 0.048126807
  endloop
 endfacet
 facet normal 1 0 -0
  outer loop
   vertex -0.088410981 6.3054442e-06 0.048127996
   vertex -0.088410981 8.8949522e-06 0.048759225
   vertex -0.088410981 -0.00062149251 0.048755902
  endloop
 endfacet
 facet normal 1 0 -0
  outer loop
   vertex -0.088410981 6.3054442e-06 0.048127996
   vertex -0.088410981 -0.00062149251 0.048755902
   vertex -0.088410981 -0.0006228733 0.048126807
  endloop
 endfacet
 facet normal 1 3.7225463e-17 2.1968161e-14
  outer loop
   vertex -0.088410981 -0.0025064576 0.049386544
   vertex -0.088410981 -0.0025055267 0.04875482
   vertex -0.088410981 -0.0018763346 0.048753753
  endloop
 endfacet
 facet normal 1 3.7225463e-17 2.1968161e-14
  outer loop
   vertex -0.088410981 -0.0025064576 0.049386544
   vertex -0.088410981 -0.0018763346 0.048753753
   vertex -0.088410981 -0.0018764388 0.049385683
  endloop
 endfacet
 facet normal 1 -2.2084495e-14 -6.8302039e-18
  outer loop
   vertex -0.088410981 -0.0018766371 0.050026899
   vertex -0.088410981 -0.0018764388 0.049385683
   vertex -0.088410981 -0.0012480441 0.049387081
  endloop
 endfacet
 facet normal 1 -2.2084495e-14 -6.8302039e-18
  outer loop
   vertex -0.088410981 -0.0018766371 0.050026899
   vertex -0.088410981 -0.0012480441 0.049387081
   vertex -0.088410982 -0.0012461986 0.050030217
  endloop
 endfacet
 facet normal 1 -1.1362196e-06 7.5576696e-06
  outer loop
   vertex -0.088410985 0.001953549 0.048774805
   vertex -0.088410981 0.0019472884 0.048134154
   vertex -0.08841098 0.0026173907 0.048138967
  endloop
 endfacet
 facet normal 1 -1.1362196e-06 7.5576696e-06
  outer loop
   vertex -0.088410985 0.001953549 0.048774805
   vertex -0.08841098 0.0026173907 0.048138967
   vertex -0.088410872 0.0026550606 0.048793595
  endloop
 endfacet
 facet normal 1 -5.0768142e-07 7.5700885e-07
  outer loop
   vertex -0.08841098 0.0019524282 0.047494747
   vertex -0.088410981 0.0019472884 0.048134154
   vertex -0.088410981 0.0012865147 0.048131544
  endloop
 endfacet
 facet normal 1 -5.0768142e-07 7.5700885e-07
  outer loop
   vertex -0.08841098 0.0019524282 0.047494747
   vertex -0.088410981 0.0012865147 0.048131544
   vertex -0.088410981 0.0012880677 0.047498442
  endloop
 endfacet
 facet normal 1 2.6535395e-05 -5.2102896e-05
  outer loop
   vertex -0.088410946 0.00067360051 0.050072272
   vertex -0.08841098 0.0006535338 0.0494081
   vertex -0.088410997 0.0012968532 0.049415254
  endloop
 endfacet
 facet normal 1 2.6535395e-05 -5.2102896e-05
  outer loop
   vertex -0.088410946 0.00067360051 0.050072272
   vertex -0.088410997 0.0012968532 0.049415254
   vertex -0.088411052 0.0013204391 0.050086845
  endloop
 endfacet
 facet normal 1 1.3958939e-07 -1.0249777e-06
  outer loop
   vertex -0.088410981 0.00064477582 0.048763858
   vertex -0.08841098 0.0006535338 0.0494081
   vertex -0.08841098 1.4972884e-05 0.049398355
  endloop
 endfacet
 facet normal 1 1.3958939e-07 -1.0249777e-06
  outer loop
   vertex -0.088410981 0.00064477582 0.048763858
   vertex -0.08841098 1.4972884e-05 0.049398355
   vertex -0.088410981 8.8949522e-06 0.048759225
  endloop
 endfacet
 facet normal 1 -4.6741503e-08 1.1648719e-08
  outer loop
   vertex -0.088410981 0.00064100204 0.047499966
   vertex -0.088410981 0.0012880677 0.047498442
   vertex -0.088410981 0.0012865147 0.048131544
  endloop
 endfacet
 facet normal 1 -4.6741503e-08 1.1648719e-08
  outer loop
   vertex -0.088410981 0.00064100204 0.047499966
   vertex -0.088410981 0.0012865147 0.048131544
   vertex -0.088410981 0.00064116044 0.048129661
  endloop
 endfacet
 facet normal 1 -5.7372626e-17 2.188279e-14
  outer loop
   vertex -0.088410981 6.3054442e-06 0.048127996
   vertex -0.088410981 0.00064116044 0.048129661
   vertex -0.088410981 0.00064477582 0.048763858
  endloop
 endfacet
 facet normal 1 -5.7372626e-17 2.188279e-14
  outer loop
   vertex -0.088410981 6.3054442e-06 0.048127996
   vertex -0.088410981 0.00064477582 0.048763858
   vertex -0.088410981 8.8949522e-06 0.048759225
  endloop
 endfacet
 facet normal 0.99999949 0.00098728796 0.00022548104
  outer loop
   vertex -0.088411764 0.0025959363 0.049413411
   vertex -0.088411118 0.0019422032 0.049412648
   vertex -0.088410985 0.001953549 0.048774805
  endloop
 endfacet
 facet normal 0.99999949 0.00098728796 0.00022548104
  outer loop
   vertex -0.088411764 0.0025959363 0.049413411
   vertex -0.088410985 0.001953549 0.048774805
   vertex -0.088410872 0.0026550606 0.048793595
  endloop
 endfacet
 facet normal 0.99999962 0.00087263793 5.1391004e-05
  outer loop
   vertex -0.088411592 0.0019401868 0.05006128
   vertex -0.088411052 0.0013204391 0.050086845
   vertex -0.088410997 0.0012968532 0.049415254
  endloop
 endfacet
 facet normal 0.99999962 0.00087263793 5.1391004e-05
  outer loop
   vertex -0.088411592 0.0019401868 0.05006128
   vertex -0.088410997 0.0012968532 0.049415254
   vertex -0.088411118 0.0019422032 0.049412648
  endloop
 endfacet
 facet normal 5.9997955e-06 -0.96594254 0.25875668
  outer loop
   vertex -0.084993669 0.0011721597 0.037556044
   vertex -0.084343131 0.0011721721 0.037556075
   vertex -0.084344134 0.001313725 0.038084495
  endloop
 endfacet
 facet normal 5.9997955e-06 -0.96594254 0.25875668
  outer loop
   vertex -0.084993669 0.0011721597 0.037556044
   vertex -0.084344134 0.001313725 0.038084495
   vertex -0.08499393 0.0013138023 0.038084662
  endloop
 endfacet
 facet normal -0.00016330137 -0.96597192 0.25864692
  outer loop
   vertex -0.083686534 0.0011721694 0.03755624
   vertex -0.083688574 0.0013136277 0.038084545
   vertex -0.084344134 0.001313725 0.038084495
  endloop
 endfacet
 facet normal -0.00016330137 -0.96597192 0.25864692
  outer loop
   vertex -0.083686534 0.0011721694 0.03755624
   vertex -0.084344134 0.001313725 0.038084495
   vertex -0.084343131 0.0011721721 0.037556075
  endloop
 endfacet
 facet normal -4.8341651e-05 -0.96591448 0.25886138
  outer loop
   vertex -0.08499393 0.0013138023 0.038084662
   vertex -0.084344134 0.001313725 0.038084495
   vertex -0.084337549 0.0015461039 0.038951594
  endloop
 endfacet
 facet normal -4.8341651e-05 -0.96591448 0.25886138
  outer loop
   vertex -0.08499393 0.0013138023 0.038084662
   vertex -0.084337549 0.0015461039 0.038951594
   vertex -0.084991913 0.0015458216 0.038950569
  endloop
 endfacet
 facet normal -9.6674065e-05 -0.96595098 0.25872512
  outer loop
   vertex -0.084337549 0.0015461039 0.038951594
   vertex -0.083673822 0.0015466195 0.038953767
   vertex -0.0836781 0.0016823039 0.039460343
  endloop
 endfacet
 facet normal -9.6674065e-05 -0.96595098 0.25872512
  outer loop
   vertex -0.084337549 0.0015461039 0.038951594
   vertex -0.0836781 0.0016823039 0.039460343
   vertex -0.084338431 0.0016826853 0.039461351
  endloop
 endfacet
 facet normal -9.7149716e-05 -0.96591438 0.25886173
  outer loop
   vertex -0.083673822 0.0015466195 0.038953767
   vertex -0.084337549 0.0015461039 0.038951594
   vertex -0.084344134 0.001313725 0.038084495
  endloop
 endfacet
 facet normal -9.7149716e-05 -0.96591438 0.25886173
  outer loop
   vertex -0.083673822 0.0015466195 0.038953767
   vertex -0.084344134 0.001313725 0.038084495
   vertex -0.083688574 0.0013136277 0.038084545
  endloop
 endfacet
 facet normal -0.0018860189 -0.96603153 0.25841735
  outer loop
   vertex -0.083023633 0.0015482332 0.038963928
   vertex -0.083043313 0.0016791898 0.039453334
   vertex -0.0836781 0.0016823039 0.039460343
  endloop
 endfacet
 facet normal -0.0018860189 -0.96603153 0.25841735
  outer loop
   vertex -0.083023633 0.0015482332 0.038963928
   vertex -0.0836781 0.0016823039 0.039460343
   vertex -0.083673822 0.0015466195 0.038953767
  endloop
 endfacet
 facet normal 0.00047404438 -0.96491845 0.26254933
  outer loop
   vertex -0.083063235 0.00080617147 0.036182175
   vertex -0.083063411 0.00065252294 0.035617488
   vertex -0.082412923 0.00064166306 0.035576402
  endloop
 endfacet
 facet normal 0.00047404438 -0.96491845 0.26254933
  outer loop
   vertex -0.083063235 0.00080617147 0.036182175
   vertex -0.082412923 0.00064166306 0.035576402
   vertex -0.082411162 0.0007912612 0.036157234
  endloop
 endfacet
 facet normal -0.00033453937 -0.96570917 0.25962606
  outer loop
   vertex -0.083054824 0.00050350589 0.035063213
   vertex -0.083063411 0.00065252294 0.035617488
   vertex -0.083693771 0.00065580216 0.035628874
  endloop
 endfacet
 facet normal -0.00033453937 -0.96570917 0.25962606
  outer loop
   vertex -0.083054824 0.00050350589 0.035063213
   vertex -0.083693771 0.00065580216 0.035628874
   vertex -0.083687206 0.00050575676 0.035068875
  endloop
 endfacet
 facet normal -5.6523355e-06 -0.96591651 0.25885383
  outer loop
   vertex -0.084996123 0.00080375188 0.036181127
   vertex -0.084350043 0.00080360672 0.0361806
   vertex -0.084344025 0.0010337503 0.037039384
  endloop
 endfacet
 facet normal -5.6523355e-06 -0.96591651 0.25885383
  outer loop
   vertex -0.084996123 0.00080375188 0.036181127
   vertex -0.084344025 0.0010337503 0.037039384
   vertex -0.08499396 0.0010334557 0.037038394
  endloop
 endfacet
 facet normal 4.3577768e-05 -0.96592583 0.25881901
  outer loop
   vertex -0.084993669 0.0011721597 0.037556044
   vertex -0.08499396 0.0010334557 0.037038394
   vertex -0.084344025 0.0010337503 0.037039384
  endloop
 endfacet
 facet normal 4.3577768e-05 -0.96592583 0.25881901
  outer loop
   vertex -0.084993669 0.0011721597 0.037556044
   vertex -0.084344025 0.0010337503 0.037039384
   vertex -0.084343131 0.0011721721 0.037556075
  endloop
 endfacet
 facet normal -6.8927258e-05 -0.96593761 0.25877504
  outer loop
   vertex -0.083686534 0.0011721694 0.03755624
   vertex -0.084343131 0.0011721721 0.037556075
   vertex -0.084344025 0.0010337503 0.037039384
  endloop
 endfacet
 facet normal -6.8927258e-05 -0.96593761 0.25877504
  outer loop
   vertex -0.083686534 0.0011721694 0.03755624
   vertex -0.084344025 0.0010337503 0.037039384
   vertex -0.08368665 0.0010344922 0.037041752
  endloop
 endfacet
 facet normal -0.00097542709 -0.95314981 0.3024971
  outer loop
   vertex -0.082411408 0.0009505212 0.036781033
   vertex -0.082421851 0.0010401318 0.037063357
   vertex -0.083042968 0.0010369114 0.037051206
  endloop
 endfacet
 facet normal -0.00097542709 -0.95314981 0.3024971
  outer loop
   vertex -0.082411408 0.0009505212 0.036781033
   vertex -0.083042968 0.0010369114 0.037051206
   vertex -0.083063235 0.00080617147 0.036182175
  endloop
 endfacet
 facet normal -0.00097542709 -0.95314981 0.3024971
  outer loop
   vertex -0.082411408 0.0009505212 0.036781033
   vertex -0.083063235 0.00080617147 0.036182175
   vertex -0.082411162 0.0007912612 0.036157234
  endloop
 endfacet
 facet normal 4.8369295e-05 -0.96592582 0.25881906
  outer loop
   vertex -0.084994128 0.0030171507 0.044441645
   vertex -0.084993818 0.0028788444 0.043925478
   vertex -0.084343281 0.0028790795 0.043926234
  endloop
 endfacet
 facet normal 4.8369295e-05 -0.96592582 0.25881906
  outer loop
   vertex -0.084994128 0.0030171507 0.044441645
   vertex -0.084343281 0.0028790795 0.043926234
   vertex -0.084343764 0.00301711 0.044441412
  endloop
 endfacet
 facet normal 3.2888497e-05 -0.96593321 0.25879149
  outer loop
   vertex -0.084347338 0.0031675906 0.045003078
   vertex -0.084343764 0.00301711 0.044441412
   vertex -0.083688143 0.0030169563 0.044440755
  endloop
 endfacet
 facet normal 3.2888497e-05 -0.96593321 0.25879149
  outer loop
   vertex -0.084347338 0.0031675906 0.045003078
   vertex -0.083688143 0.0030169563 0.044440755
   vertex -0.083694674 0.0031669348 0.045000517
  endloop
 endfacet
 facet normal 0.00015770052 -0.96591411 0.25886271
  outer loop
   vertex -0.083685506 0.0028796431 0.043927937
   vertex -0.084343281 0.0028790795 0.043926234
   vertex -0.084348449 0.0026476711 0.043062766
  endloop
 endfacet
 facet normal 0.00015770052 -0.96591411 0.25886271
  outer loop
   vertex -0.083685506 0.0028796431 0.043927937
   vertex -0.084348449 0.0026476711 0.043062766
   vertex -0.083696166 0.0026476375 0.043062082
  endloop
 endfacet
 facet normal 0.0007902416 -0.96623032 0.25767877
  outer loop
   vertex -0.082416697 0.0030033455 0.044390375
   vertex -0.083056095 0.0030147817 0.044435219
   vertex -0.083041974 0.0028817097 0.04393619
  endloop
 endfacet
 facet normal 0.0007902416 -0.96623032 0.25767877
  outer loop
   vertex -0.082416697 0.0030033455 0.044390375
   vertex -0.083041974 0.0028817097 0.04393619
   vertex -0.082421851 0.0028845378 0.043946554
  endloop
 endfacet
 facet normal -0.00029717592 -0.96593069 0.25880072
  outer loop
   vertex -0.083064561 0.0031637502 0.044989355
   vertex -0.083694674 0.0031669348 0.045000517
   vertex -0.083688143 0.0030169563 0.044440755
  endloop
 endfacet
 facet normal -0.00029717592 -0.96593069 0.25880072
  outer loop
   vertex -0.083064561 0.0031637502 0.044989355
   vertex -0.083688143 0.0030169563 0.044440755
   vertex -0.083056095 0.0030147817 0.044435219
  endloop
 endfacet
 facet normal 0.0012366902 -0.96604153 0.25838389
  outer loop
   vertex -0.082421411 0.0022180498 0.041458677
   vertex -0.082416263 0.0023365188 0.041901583
   vertex -0.083051172 0.0023473412 0.041945084
  endloop
 endfacet
 facet normal 0.0012366902 -0.96604153 0.25838389
  outer loop
   vertex -0.082421411 0.0022180498 0.041458677
   vertex -0.083051172 0.0023473412 0.041945084
   vertex -0.083035892 0.0022148759 0.041449115
  endloop
 endfacet
 facet normal -0.001302774 -0.96592606 0.25881491
  outer loop
   vertex -0.08369097 0.0024997701 0.042510745
   vertex -0.083684237 0.0023498038 0.041951088
   vertex -0.083051172 0.0023473412 0.041945084
  endloop
 endfacet
 facet normal -0.001302774 -0.96592606 0.25881491
  outer loop
   vertex -0.08369097 0.0024997701 0.042510745
   vertex -0.083051172 0.0023473412 0.041945084
   vertex -0.083060044 0.0024965161 0.04249974
  endloop
 endfacet
 facet normal -0.00069839648 -0.96613971 0.25801854
  outer loop
   vertex -0.083680992 0.0022131202 0.041440795
   vertex -0.083035892 0.0022148759 0.041449115
   vertex -0.083051172 0.0023473412 0.041945084
  endloop
 endfacet
 facet normal -0.00069839648 -0.96613971 0.25801854
  outer loop
   vertex -0.083680992 0.0022131202 0.041440795
   vertex -0.083051172 0.0023473412 0.041945084
   vertex -0.083684237 0.0023498038 0.041951088
  endloop
 endfacet
 facet normal -0.00019022748 -0.96586474 0.25904684
  outer loop
   vertex -0.084345948 0.0019804611 0.040572829
   vertex -0.083691497 0.0019800682 0.040571845
   vertex -0.083680992 0.0022131202 0.041440795
  endloop
 endfacet
 facet normal -0.00019022748 -0.96586474 0.25904684
  outer loop
   vertex -0.084345948 0.0019804611 0.040572829
   vertex -0.083680992 0.0022131202 0.041440795
   vertex -0.084340877 0.0022126865 0.04143927
  endloop
 endfacet
 facet normal -0.001181472 -0.96577474 0.25937955
  outer loop
   vertex -0.083691497 0.0019800682 0.040571845
   vertex -0.083056729 0.0019797084 0.040573396
   vertex -0.083035892 0.0022148759 0.041449115
  endloop
 endfacet
 facet normal -0.001181472 -0.96577474 0.25937955
  outer loop
   vertex -0.083691497 0.0019800682 0.040571845
   vertex -0.083035892 0.0022148759 0.041449115
   vertex -0.083680992 0.0022131202 0.041440795
  endloop
 endfacet
 facet normal 4.0746317e-06 -0.96593259 0.25879381
  outer loop
   vertex -0.08369097 0.0024997701 0.042510745
   vertex -0.084345265 0.0025004653 0.042513351
   vertex -0.08434161 0.0023500516 0.04195194
  endloop
 endfacet
 facet normal 4.0746317e-06 -0.96593259 0.25879381
  outer loop
   vertex -0.08369097 0.0024997701 0.042510745
   vertex -0.08434161 0.0023500516 0.04195194
   vertex -0.083684237 0.0023498038 0.041951088
  endloop
 endfacet
 facet normal 2.9074961e-05 -0.96592793 0.2588112
  outer loop
   vertex -0.084993041 0.0022124707 0.041438538
   vertex -0.084340877 0.0022126865 0.04143927
   vertex -0.08434161 0.0023500516 0.04195194
  endloop
 endfacet
 facet normal 2.9074961e-05 -0.96592793 0.2588112
  outer loop
   vertex -0.084993041 0.0022124707 0.041438538
   vertex -0.08434161 0.0023500516 0.04195194
   vertex -0.084993427 0.0023500984 0.041952171
  endloop
 endfacet
 facet normal -2.8846964e-05 -0.96594916 0.25873194
  outer loop
   vertex -0.083680992 0.0022131202 0.041440795
   vertex -0.083684237 0.0023498038 0.041951088
   vertex -0.08434161 0.0023500516 0.04195194
  endloop
 endfacet
 facet normal -2.8846964e-05 -0.96594916 0.25873194
  outer loop
   vertex -0.083680992 0.0022131202 0.041440795
   vertex -0.08434161 0.0023500516 0.04195194
   vertex -0.084340877 0.0022126865 0.04143927
  endloop
 endfacet
 facet normal 1 -2.2095028e-14 -4.6801355e-17
  outer loop
   vertex -0.088410981 -0.0068806506 0.032501325
   vertex -0.088410981 -0.0068793255 0.031875737
   vertex -0.088410981 -0.0062512287 0.031875112
  endloop
 endfacet
 facet normal 1 -2.2095028e-14 -4.6801355e-17
  outer loop
   vertex -0.088410981 -0.0068806506 0.032501325
   vertex -0.088410981 -0.0062512287 0.031875112
   vertex -0.088410981 -0.0062516619 0.032500367
  endloop
 endfacet
 facet normal 1 0 0
  outer loop
   vertex -0.088410981 -0.0068782138 0.031249532
   vertex -0.088410981 -0.0068793255 0.031875737
   vertex -0.088410981 -0.0075126506 0.031877578
  endloop
 endfacet
 facet normal 1 0 0
  outer loop
   vertex -0.088410981 -0.0068782138 0.031249532
   vertex -0.088410981 -0.0075126506 0.031877578
   vertex -0.088410981 -0.0075093262 0.031250263
  endloop
 endfacet
 facet normal 1 1.169276e-19 -2.2157045e-14
  outer loop
   vertex -0.088410981 -0.0056249498 0.031249486
   vertex -0.088410981 -0.0056250468 0.030623149
   vertex -0.088410981 -0.0049983736 0.030623152
  endloop
 endfacet
 facet normal 1 1.169276e-19 -2.2157045e-14
  outer loop
   vertex -0.088410981 -0.0056249498 0.031249486
   vertex -0.088410981 -0.0049983736 0.030623152
   vertex -0.088410981 -0.0049986748 0.03124929
  endloop
 endfacet
 facet normal 1 0 -0
  outer loop
   vertex -0.088410981 -0.0056258133 0.029994259
   vertex -0.088410981 -0.0056250468 0.030623149
   vertex -0.088410981 -0.0062510391 0.030622592
  endloop
 endfacet
 facet normal 1 0 -0
  outer loop
   vertex -0.088410981 -0.0056258133 0.029994259
   vertex -0.088410981 -0.0062510391 0.030622592
   vertex -0.088410981 -0.0062520635 0.02999256
  endloop
 endfacet
 facet normal 1 7.6276017e-18 2.2189648e-14
  outer loop
   vertex -0.088410981 -0.004999127 0.031874688
   vertex -0.088410981 -0.0056250994 0.031874904
   vertex -0.088410981 -0.0056249498 0.031249486
  endloop
 endfacet
 facet normal 1 7.6276017e-18 2.2189648e-14
  outer loop
   vertex -0.088410981 -0.004999127 0.031874688
   vertex -0.088410981 -0.0056249498 0.031249486
   vertex -0.088410981 -0.0049986748 0.03124929
  endloop
 endfacet
 facet normal 1 2.2156015e-14 1.5350515e-17
  outer loop
   vertex -0.088410981 -0.0056252951 0.032500044
   vertex -0.088410981 -0.0062516619 0.032500367
   vertex -0.088410981 -0.0062512287 0.031875112
  endloop
 endfacet
 facet normal 1 2.2156015e-14 1.5350515e-17
  outer loop
   vertex -0.088410981 -0.0056252951 0.032500044
   vertex -0.088410981 -0.0062512287 0.031875112
   vertex -0.088410981 -0.0056250994 0.031874904
  endloop
 endfacet
 facet normal 1 -2.5517912e-17 -2.2035121e-14
  outer loop
   vertex -0.088410981 -0.0068782138 0.031249532
   vertex -0.088410981 -0.0075093262 0.031250263
   vertex -0.088410981 -0.00750755 0.030620458
  endloop
 endfacet
 facet normal 1 -2.5517912e-17 -2.2035121e-14
  outer loop
   vertex -0.088410981 -0.0068782138 0.031249532
   vertex -0.088410981 -0.00750755 0.030620458
   vertex -0.088410981 -0.0068778826 0.030621552
  endloop
 endfacet
 facet normal 1 0 0
  outer loop
   vertex -0.088410981 -0.0068789595 0.029989219
   vertex -0.088410981 -0.0062520635 0.02999256
   vertex -0.088410981 -0.0062510391 0.030622592
  endloop
 endfacet
 facet normal 1 0 0
  outer loop
   vertex -0.088410981 -0.0068789595 0.029989219
   vertex -0.088410981 -0.0062510391 0.030622592
   vertex -0.088410981 -0.0068778826 0.030621552
  endloop
 endfacet
 facet normal 0.0001628045 0.96587987 -0.25899044
  outer loop
   vertex -0.087655454 -0.010181301 0.033821327
   vertex -0.087660684 -0.010030356 0.034384257
   vertex -0.086984763 -0.010033583 0.03437265
  endloop
 endfacet
 facet normal 0.0001628045 0.96587987 -0.25899044
  outer loop
   vertex -0.087655454 -0.010181301 0.033821327
   vertex -0.086984763 -0.010033583 0.03437265
   vertex -0.086978396 -0.010181115 0.033822077
  endloop
 endfacet
 facet normal 1.0009053e-05 0.9659257 -0.25881953
  outer loop
   vertex -0.086305764 -0.00988376 0.034931821
   vertex -0.086304162 -0.010034446 0.034369453
   vertex -0.086984763 -0.010033583 0.03437265
  endloop
 endfacet
 facet normal 1.0009053e-05 0.9659257 -0.25881953
  outer loop
   vertex -0.086305764 -0.00988376 0.034931821
   vertex -0.086984763 -0.010033583 0.03437265
   vertex -0.086986859 -0.009883169 0.034933953
  endloop
 endfacet
 facet normal 8.0752558e-07 0.96592292 -0.25882988
  outer loop
   vertex -0.086300401 -0.010181502 0.033820633
   vertex -0.086978396 -0.010181115 0.033822077
   vertex -0.086984763 -0.010033583 0.03437265
  endloop
 endfacet
 facet normal 8.0752558e-07 0.96592292 -0.25882988
  outer loop
   vertex -0.086300401 -0.010181502 0.033820633
   vertex -0.086984763 -0.010033583 0.03437265
   vertex -0.086304162 -0.010034446 0.034369453
  endloop
 endfacet
 facet normal 2.1132979e-05 0.96592567 -0.25881962
  outer loop
   vertex -0.087655454 -0.010181301 0.033821327
   vertex -0.086978396 -0.010181115 0.033822077
   vertex -0.086976911 -0.010412415 0.032958856
  endloop
 endfacet
 facet normal 2.1132979e-05 0.96592567 -0.25881962
  outer loop
   vertex -0.087655454 -0.010181301 0.033821327
   vertex -0.086976911 -0.010412415 0.032958856
   vertex -0.087632314 -0.010414966 0.032949333
  endloop
 endfacet
 facet normal 1.8952401e-15 0.96592583 -0.25881904
  outer loop
   vertex -0.086300401 -0.010181502 0.033820633
   vertex -0.086301688 -0.010411703 0.032961514
   vertex -0.086976911 -0.010412415 0.032958856
  endloop
 endfacet
 facet normal 1.8952401e-15 0.96592583 -0.25881904
  outer loop
   vertex -0.086300401 -0.010181502 0.033820633
   vertex -0.086976911 -0.010412415 0.032958856
   vertex -0.086978396 -0.010181115 0.033822077
  endloop
 endfacet
 facet normal 1 -0 0
  outer loop
   vertex -0.088410981 -0.0075187402 0.033129687
   vertex -0.088410981 -0.006881882 0.033126716
   vertex -0.088410981 -0.0068836552 0.033752227
  endloop
 endfacet
 facet normal 1 -0 0
  outer loop
   vertex -0.088410981 -0.0075187402 0.033129687
   vertex -0.088410981 -0.0068836552 0.033752227
   vertex -0.088410981 -0.0075223624 0.033755785
  endloop
 endfacet
 facet normal 1 0 0
  outer loop
   vertex -0.088410981 -0.0062521336 0.033125526
   vertex -0.088410981 -0.006881882 0.033126716
   vertex -0.088410981 -0.0068806506 0.032501325
  endloop
 endfacet
 facet normal 1 0 0
  outer loop
   vertex -0.088410981 -0.0062521336 0.033125526
   vertex -0.088410981 -0.0068806506 0.032501325
   vertex -0.088410981 -0.0062516619 0.032500367
  endloop
 endfacet
 facet normal 1 -4.4333579e-14 2.217703e-14
  outer loop
   vertex -0.088410981 -0.0050001428 0.034375036
   vertex -0.088410981 -0.0056260848 0.034375276
   vertex -0.088410981 -0.0056257425 0.033750188
  endloop
 endfacet
 facet normal 1 -4.4333579e-14 2.217703e-14
  outer loop
   vertex -0.088410981 -0.0050001428 0.034375036
   vertex -0.088410981 -0.0056257425 0.033750188
   vertex -0.088410981 -0.0049999757 0.033749992
  endloop
 endfacet
 facet normal 1 2.2048628e-14 -2.2154373e-14
  outer loop
   vertex -0.088410981 -0.0056264711 0.035000372
   vertex -0.088410981 -0.0062549892 0.035001267
   vertex -0.088410981 -0.0062538502 0.034375988
  endloop
 endfacet
 facet normal 1 2.2048628e-14 -2.2154373e-14
  outer loop
   vertex -0.088410981 -0.0056264711 0.035000372
   vertex -0.088410981 -0.0062538502 0.034375988
   vertex -0.088410981 -0.0056260848 0.034375276
  endloop
 endfacet
 facet normal 1 0 0
  outer loop
   vertex -0.088410981 -0.0049997737 0.033124935
   vertex -0.088410981 -0.0049999757 0.033749992
   vertex -0.088410981 -0.0056257425 0.033750188
  endloop
 endfacet
 facet normal 1 0 0
  outer loop
   vertex -0.088410981 -0.0049997737 0.033124935
   vertex -0.088410981 -0.0056257425 0.033750188
   vertex -0.088410981 -0.0056254911 0.033125116
  endloop
 endfacet
 facet normal 1 2.2167451e-14 2.2215524e-14
  outer loop
   vertex -0.088410981 -0.0062521336 0.033125526
   vertex -0.088410981 -0.0062516619 0.032500367
   vertex -0.088410981 -0.0056252951 0.032500044
  endloop
 endfacet
 facet normal 1 2.2167451e-14 2.2215524e-14
  outer loop
   vertex -0.088410981 -0.0062521336 0.033125526
   vertex -0.088410981 -0.0056252951 0.032500044
   vertex -0.088410981 -0.0056254911 0.033125116
  endloop
 endfacet
 facet normal 1 1.8545051e-13 3.328517e-11
  outer loop
   vertex -0.088410981 -0.0075287368 0.034382476
   vertex -0.088410981 -0.0075223624 0.033755785
   vertex -0.088410981 -0.0068836552 0.033752227
  endloop
 endfacet
 facet normal 1 1.8545051e-13 3.328517e-11
  outer loop
   vertex -0.088410981 -0.0075287368 0.034382476
   vertex -0.088410981 -0.0068836552 0.033752227
   vertex -0.088410981 -0.0068863943 0.034377941
  endloop
 endfacet
 facet normal 1 -2.1960375e-14 -2.2234535e-14
  outer loop
   vertex -0.088410981 -0.0062538502 0.034375988
   vertex -0.088410981 -0.0062549892 0.035001267
   vertex -0.088410981 -0.0068893545 0.035003656
  endloop
 endfacet
 facet normal 1 -2.1960375e-14 -2.2234535e-14
  outer loop
   vertex -0.088410981 -0.0062538502 0.034375988
   vertex -0.088410981 -0.0068893545 0.035003656
   vertex -0.088410981 -0.0068863943 0.034377941
  endloop
 endfacet
 facet normal -0.0011849338 -0.96595554 0.25870541
  outer loop
   vertex -0.083057519 -0.00053157333 0.0312012
   vertex -0.083692494 -0.00053121602 0.031199626
   vertex -0.083689975 -0.00067912899 0.03064736
  endloop
 endfacet
 facet normal -0.0011849338 -0.96595554 0.25870541
  outer loop
   vertex -0.083057519 -0.00053157333 0.0312012
   vertex -0.083689975 -0.00067912899 0.03064736
   vertex -0.083058106 -0.00068239016 0.030637668
  endloop
 endfacet
 facet normal -0.00019324932 -0.9658656 0.25904363
  outer loop
   vertex -0.084346461 -0.00053081993 0.031200615
   vertex -0.083692494 -0.00053121602 0.031199626
   vertex -0.083679424 -0.00029794967 0.032069389
  endloop
 endfacet
 facet normal -0.00019324932 -0.9658656 0.25904363
  outer loop
   vertex -0.084346461 -0.00053081993 0.031200615
   vertex -0.083679424 -0.00029794967 0.032069389
   vertex -0.084340206 -0.00029839849 0.032067775
  endloop
 endfacet
 facet normal -3.8549582e-05 -0.96592801 0.25881088
  outer loop
   vertex -0.083682935 -0.00016154613 0.03257863
   vertex -0.084340964 -0.00016126501 0.032579582
   vertex -0.084340206 -0.00029839849 0.032067775
  endloop
 endfacet
 facet normal -3.8549582e-05 -0.96592801 0.25881088
  outer loop
   vertex -0.083682935 -0.00016154613 0.03257863
   vertex -0.084340206 -0.00029839849 0.032067775
   vertex -0.083679424 -0.00029794967 0.032069389
  endloop
 endfacet
 facet normal -0.0011863569 -0.96579164 0.2593166
  outer loop
   vertex -0.083692494 -0.00053121602 0.031199626
   vertex -0.083057519 -0.00053157333 0.0312012
   vertex -0.083032899 -0.00029617715 0.032078016
  endloop
 endfacet
 facet normal -0.0011863569 -0.96579164 0.2593166
  outer loop
   vertex -0.083692494 -0.00053121602 0.031199626
   vertex -0.083032899 -0.00029617715 0.032078016
   vertex -0.083679424 -0.00029794967 0.032069389
  endloop
 endfacet
 facet normal -0.00080427267 -0.96594933 0.25873007
  outer loop
   vertex -0.083682935 -0.00016154613 0.03257863
   vertex -0.083679424 -0.00029794967 0.032069389
   vertex -0.083032899 -0.00029617715 0.032078016
  endloop
 endfacet
 facet normal -0.00080427267 -0.96594933 0.25873007
  outer loop
   vertex -0.083682935 -0.00016154613 0.03257863
   vertex -0.083032899 -0.00029617715 0.032078016
   vertex -0.083049381 -0.00016414032 0.032572262
  endloop
 endfacet
 facet normal -2.1783253e-06 -0.96592583 0.25881903
  outer loop
   vertex -0.084995447 0.00013649614 0.033690895
   vertex -0.08499455 -1.0670252e-05 0.033141662
   vertex -0.084344689 -1.0903782e-05 0.033140796
  endloop
 endfacet
 facet normal -2.1783253e-06 -0.96592583 0.25881903
  outer loop
   vertex -0.084995447 0.00013649614 0.033690895
   vertex -0.084344689 -1.0903782e-05 0.033140796
   vertex -0.084347881 0.00013637887 0.033690501
  endloop
 endfacet
 facet normal -4.0974181e-06 -0.96592256 0.25883124
  outer loop
   vertex -0.083682935 -0.00016154613 0.03257863
   vertex -0.083689903 -1.1595284e-05 0.033138226
   vertex -0.084344689 -1.0903782e-05 0.033140796
  endloop
 endfacet
 facet normal -4.0974181e-06 -0.96592256 0.25883124
  outer loop
   vertex -0.083682935 -0.00016154613 0.03257863
   vertex -0.084344689 -1.0903782e-05 0.033140796
   vertex -0.084340964 -0.00016126501 0.032579582
  endloop
 endfacet
 facet normal 0.00020226861 -0.96592998 0.25880345
  outer loop
   vertex -0.083695125 0.00013633686 0.033689834
   vertex -0.084347881 0.00013637887 0.033690501
   vertex -0.084344689 -1.0903782e-05 0.033140796
  endloop
 endfacet
 facet normal 0.00020226861 -0.96592998 0.25880345
  outer loop
   vertex -0.083695125 0.00013633686 0.033689834
   vertex -0.084344689 -1.0903782e-05 0.033140796
   vertex -0.083689903 -1.1595284e-05 0.033138226
  endloop
 endfacet
 facet normal -0.010269477 -0.96500043 0.26204713
  outer loop
   vertex -0.082411162 0.00012515136 0.033668249
   vertex -0.083058827 0.00013852618 0.033692121
   vertex -0.083058768 -1.4835373e-05 0.033127363
  endloop
 endfacet
 facet normal -0.010269477 -0.96500043 0.26204713
  outer loop
   vertex -0.082411162 0.00012515136 0.033668249
   vertex -0.083058768 -1.4835373e-05 0.033127363
   vertex -0.082412917 -2.5192895e-05 0.033087617
  endloop
 endfacet
 facet normal -0.0013434206 -0.96568401 0.25971636
  outer loop
   vertex -0.083682935 -0.00016154613 0.03257863
   vertex -0.083049381 -0.00016414032 0.032572262
   vertex -0.083058768 -1.4835373e-05 0.033127363
  endloop
 endfacet
 facet normal -0.0013434206 -0.96568401 0.25971636
  outer loop
   vertex -0.083682935 -0.00016154613 0.03257863
   vertex -0.083058768 -1.4835373e-05 0.033127363
   vertex -0.083689903 -1.1595284e-05 0.033138226
  endloop
 endfacet
 facet normal -0.00050000616 -0.96587025 0.25902589
  outer loop
   vertex -0.083695125 0.00013633686 0.033689834
   vertex -0.083689903 -1.1595284e-05 0.033138226
   vertex -0.083058768 -1.4835373e-05 0.033127363
  endloop
 endfacet
 facet normal -0.00050000616 -0.96587025 0.25902589
  outer loop
   vertex -0.083695125 0.00013633686 0.033689834
   vertex -0.083058768 -1.4835373e-05 0.033127363
   vertex -0.083058827 0.00013852618 0.033692121
  endloop
 endfacet
 facet normal -1 -7.5060454e-08 7.5771258e-07
  outer loop
   vertex -0.082410977 -0.0075269402 0.036257311
   vertex -0.082410976 -0.0075296524 0.036883061
   vertex -0.082410976 -0.0068894955 0.03687889
  endloop
 endfacet
 facet normal -1 -7.5060454e-08 7.5771258e-07
  outer loop
   vertex -0.082410977 -0.0075269402 0.036257311
   vertex -0.082410976 -0.0068894955 0.03687889
   vertex -0.082410976 -0.0068868996 0.036253204
  endloop
 endfacet
 facet normal -1 -2.1986863e-14 -2.227959e-14
  outer loop
   vertex -0.082410976 -0.0062588723 0.037502337
   vertex -0.082410976 -0.00625599 0.0368766
   vertex -0.082410976 -0.0068894955 0.03687889
  endloop
 endfacet
 facet normal -1 -2.1986863e-14 -2.227959e-14
  outer loop
   vertex -0.082410976 -0.0062588723 0.037502337
   vertex -0.082410976 -0.0068894955 0.03687889
   vertex -0.082410976 -0.0068953952 0.03750534
  endloop
 endfacet
 facet normal -1 6.9637373e-17 2.2180433e-14
  outer loop
   vertex -0.082410976 -0.0062545444 0.036251219
   vertex -0.082410976 -0.0068868996 0.036253204
   vertex -0.082410976 -0.0068894955 0.03687889
  endloop
 endfacet
 facet normal -1 6.9637373e-17 2.2180433e-14
  outer loop
   vertex -0.082410976 -0.0062545444 0.036251219
   vertex -0.082410976 -0.0068894955 0.03687889
   vertex -0.082410976 -0.00625599 0.0368766
  endloop
 endfacet
 facet normal -1 -2.2173989e-14 -4.4581665e-18
  outer loop
   vertex -0.082410976 -0.0050003966 0.036250107
   vertex -0.082410976 -0.005000271 0.035625072
   vertex -0.082410976 -0.0056261299 0.035625298
  endloop
 endfacet
 facet normal -1 -2.2173989e-14 -4.4581665e-18
  outer loop
   vertex -0.082410976 -0.0050003966 0.036250107
   vertex -0.082410976 -0.0056261299 0.035625298
   vertex -0.082410976 -0.005626487 0.036250399
  endloop
 endfacet
 facet normal -1 2.2114797e-14 3.0303306e-17
  outer loop
   vertex -0.082410976 -0.0062528081 0.03500073
   vertex -0.082410976 -0.0062536648 0.035625962
   vertex -0.082410976 -0.0056261299 0.035625298
  endloop
 endfacet
 facet normal -1 2.2114797e-14 3.0303306e-17
  outer loop
   vertex -0.082410976 -0.0062528081 0.03500073
   vertex -0.082410976 -0.0056261299 0.035625298
   vertex -0.082410976 -0.0056258311 0.035000216
  endloop
 endfacet
 facet normal -1 -2.9004942e-17 -2.2200892e-14
  outer loop
   vertex -0.082410976 -0.0062545444 0.036251219
   vertex -0.082410976 -0.005626487 0.036250399
   vertex -0.082410976 -0.0056261299 0.035625298
  endloop
 endfacet
 facet normal -1 -2.9004942e-17 -2.2200892e-14
  outer loop
   vertex -0.082410976 -0.0062545444 0.036251219
   vertex -0.082410976 -0.0056261299 0.035625298
   vertex -0.082410976 -0.0062536648 0.035625962
  endloop
 endfacet
 facet normal -1 0 0
  outer loop
   vertex -0.082410976 -0.0050003966 0.036250107
   vertex -0.082410976 -0.005626487 0.036250399
   vertex -0.082410976 -0.0056271013 0.036875561
  endloop
 endfacet
 facet normal -1 0 0
  outer loop
   vertex -0.082410976 -0.0050003966 0.036250107
   vertex -0.082410976 -0.0056271013 0.036875561
   vertex -0.082410976 -0.0050006129 0.036875164
  endloop
 endfacet
 facet normal -1 2.2007788e-14 4.1631805e-17
  outer loop
   vertex -0.082410976 -0.0062588723 0.037502337
   vertex -0.082410976 -0.0056282842 0.037500869
   vertex -0.082410976 -0.0056271013 0.036875561
  endloop
 endfacet
 facet normal -1 2.2007788e-14 4.1631805e-17
  outer loop
   vertex -0.082410976 -0.0062588723 0.037502337
   vertex -0.082410976 -0.0056271013 0.036875561
   vertex -0.082410976 -0.00625599 0.0368766
  endloop
 endfacet
 facet normal -1 0 0
  outer loop
   vertex -0.082410976 -0.0062545444 0.036251219
   vertex -0.082410976 -0.00625599 0.0368766
   vertex -0.082410976 -0.0056271013 0.036875561
  endloop
 endfacet
 facet normal -1 0 0
  outer loop
   vertex -0.082410976 -0.0062545444 0.036251219
   vertex -0.082410976 -0.0056271013 0.036875561
   vertex -0.082410976 -0.005626487 0.036250399
  endloop
 endfacet
 facet normal -1 6.6111146e-07 1.7741433e-09
  outer loop
   vertex -0.082410977 -0.0075269402 0.036257311
   vertex -0.082410976 -0.0068868996 0.036253204
   vertex -0.082410976 -0.0068852209 0.03562767
  endloop
 endfacet
 facet normal -1 6.6111146e-07 1.7741433e-09
  outer loop
   vertex -0.082410977 -0.0075269402 0.036257311
   vertex -0.082410976 -0.0068852209 0.03562767
   vertex -0.082410978 -0.0075249038 0.035631445
  endloop
 endfacet
 facet normal -1 0 0
  outer loop
   vertex -0.082410976 -0.0062528081 0.03500073
   vertex -0.082410976 -0.0068830501 0.035002088
   vertex -0.082410976 -0.0068852209 0.03562767
  endloop
 endfacet
 facet normal -1 0 0
  outer loop
   vertex -0.082410976 -0.0062528081 0.03500073
   vertex -0.082410976 -0.0068852209 0.03562767
   vertex -0.082410976 -0.0062536648 0.035625962
  endloop
 endfacet
 facet normal -1 0 -0
  outer loop
   vertex -0.082410976 -0.0062545444 0.036251219
   vertex -0.082410976 -0.0062536648 0.035625962
   vertex -0.082410976 -0.0068852209 0.03562767
  endloop
 endfacet
 facet normal -1 0 -0
  outer loop
   vertex -0.082410976 -0.0062545444 0.036251219
   vertex -0.082410976 -0.0068852209 0.03562767
   vertex -0.082410976 -0.0068868996 0.036253204
  endloop
 endfacet
 facet normal -0.37196332 0.89661075 -0.24027578
  outer loop
   vertex -0.082411049 -0.0088412121 0.038822657
   vertex -0.082410977 -0.0090078213 0.038200827
   vertex -0.082410982 -0.0090850796 0.037912539
  endloop
 endfacet
 facet normal -0.37196332 0.89661075 -0.24027578
  outer loop
   vertex -0.082411049 -0.0088412121 0.038822657
   vertex -0.082410982 -0.0090850796 0.037912539
   vertex -0.083032695 -0.0090822678 0.037923028
  endloop
 endfacet
 facet normal -0.37196332 0.89661075 -0.24027578
  outer loop
   vertex -0.082411049 -0.0088412121 0.038822657
   vertex -0.083032695 -0.0090822678 0.037923028
   vertex -0.083057693 -0.0088473186 0.038799793
  endloop
 endfacet
 facet normal -2.9010474e-05 0.9659199 -0.25884114
  outer loop
   vertex -0.083692826 -0.0088469671 0.038801176
   vertex -0.083057693 -0.0088473186 0.038799793
   vertex -0.083032695 -0.0090822678 0.037923028
  endloop
 endfacet
 facet normal -2.9010474e-05 0.9659199 -0.25884114
  outer loop
   vertex -0.083692826 -0.0088469671 0.038801176
   vertex -0.083032695 -0.0090822678 0.037923028
   vertex -0.08367966 -0.0090799906 0.037931531
  endloop
 endfacet
 facet normal -5.7759997e-07 0.96592583 -0.25881905
  outer loop
   vertex -0.084992955 -0.0090793603 0.037933883
   vertex -0.0849954 -0.0088473739 0.038799668
   vertex -0.084346921 -0.0088472386 0.038800172
  endloop
 endfacet
 facet normal -5.7759997e-07 0.96592583 -0.25881905
  outer loop
   vertex -0.084992955 -0.0090793603 0.037933883
   vertex -0.084346921 -0.0088472386 0.038800172
   vertex -0.084340404 -0.0090795615 0.037933132
  endloop
 endfacet
 facet normal 0.00031411957 0.96600508 -0.2585229
  outer loop
   vertex -0.083695407 -0.0095142599 0.036310867
   vertex -0.083059207 -0.0095151738 0.036308225
   vertex -0.083040615 -0.0097485314 0.035436276
  endloop
 endfacet
 facet normal 0.00031411957 0.96600508 -0.2585229
  outer loop
   vertex -0.083695407 -0.0095142599 0.036310867
   vertex -0.083040615 -0.0097485314 0.035436276
   vertex -0.083684775 -0.0097464401 0.035444393
  endloop
 endfacet
 facet normal -0.00012481292 0.96593531 -0.25878363
  outer loop
   vertex -0.083687443 -0.0098837536 0.034931858
   vertex -0.083684775 -0.0097464401 0.035444393
   vertex -0.083040615 -0.0097485314 0.035436276
  endloop
 endfacet
 facet normal -0.00012481292 0.96593531 -0.25878363
  outer loop
   vertex -0.083687443 -0.0098837536 0.034931858
   vertex -0.083040615 -0.0097485314 0.035436276
   vertex -0.083054956 -0.0098820838 0.034937681
  endloop
 endfacet
 facet normal 2.1214644e-05 0.96591975 -0.25884174
  outer loop
   vertex -0.08369017 -0.0093664506 0.036862447
   vertex -0.083695407 -0.0095142599 0.036310867
   vertex -0.084348039 -0.00951442 0.036310216
  endloop
 endfacet
 facet normal 2.1214644e-05 0.96591975 -0.25884174
  outer loop
   vertex -0.08369017 -0.0093664506 0.036862447
   vertex -0.084348039 -0.00951442 0.036310216
   vertex -0.084344845 -0.0093671495 0.036859839
  endloop
 endfacet
 facet normal 0.00031266117 0.96591901 -0.25884431
  outer loop
   vertex -0.083059207 -0.0095151738 0.036308225
   vertex -0.083695407 -0.0095142599 0.036310867
   vertex -0.08369017 -0.0093664506 0.036862447
  endloop
 endfacet
 facet normal 0.00031266117 0.96591901 -0.25884431
  outer loop
   vertex -0.083059207 -0.0095151738 0.036308225
   vertex -0.08369017 -0.0093664506 0.036862447
   vertex -0.083059048 -0.009363492 0.03687343
  endloop
 endfacet
 facet normal 1 1.7774059e-09 1.8095603e-09
  outer loop
   vertex -0.088410981 -0.0018527572 0.036244243
   vertex -0.088410981 -0.0018564411 0.036870336
   vertex -0.088410981 -0.0024931801 0.036873286
  endloop
 endfacet
 facet normal 1 1.7774059e-09 1.8095603e-09
  outer loop
   vertex -0.088410981 -0.0018527572 0.036244243
   vertex -0.088410981 -0.0024931801 0.036873286
   vertex -0.088410981 -0.0024913709 0.036247779
  endloop
 endfacet
 facet normal 1 -1.1843164e-06 -2.400193e-05
  outer loop
   vertex -0.088410995 -0.0012068376 0.036864204
   vertex -0.08841098 -0.0012100828 0.037490014
   vertex -0.088410981 -0.001858983 0.037496019
  endloop
 endfacet
 facet normal 1 -1.1843164e-06 -2.400193e-05
  outer loop
   vertex -0.088410995 -0.0012068376 0.036864204
   vertex -0.088410981 -0.001858983 0.037496019
   vertex -0.088410981 -0.0018564411 0.036870336
  endloop
 endfacet
 facet normal 0.9999999 0.00012122378 0.00042750341
  outer loop
   vertex -0.0884108 -0.00045986227 0.034954666
   vertex -0.088411067 -0.00051692691 0.035595818
   vertex -0.088410991 -0.0011881316 0.035608688
  endloop
 endfacet
 facet normal 0.9999999 0.00012122378 0.00042750341
  outer loop
   vertex -0.0884108 -0.00045986227 0.034954666
   vertex -0.088410991 -0.0011881316 0.035608688
   vertex -0.088410985 -0.0011695799 0.034979155
  endloop
 endfacet
 facet normal 0.99999976 0.00067311392 0.00017822655
  outer loop
   vertex -0.088411165 -0.00053863597 0.036227306
   vertex -0.088411067 -0.00051692691 0.035595818
   vertex -0.088411496 0.00012343965 0.035583314
  endloop
 endfacet
 facet normal 0.99999976 0.00067311392 0.00017822655
  outer loop
   vertex -0.088411165 -0.00053863597 0.036227306
   vertex -0.088411496 0.00012343965 0.035583314
   vertex -0.088412117 0.00011249972 0.036215214
  endloop
 endfacet
 facet normal 1 1.120368e-09 -1.1447493e-09
  outer loop
   vertex -0.088410981 -0.0024885075 0.035622033
   vertex -0.088410981 -0.0018461686 0.035617495
   vertex -0.088410981 -0.0018527572 0.036244243
  endloop
 endfacet
 facet normal 1 1.120368e-09 -1.1447493e-09
  outer loop
   vertex -0.088410981 -0.0024885075 0.035622033
   vertex -0.088410981 -0.0018527572 0.036244243
   vertex -0.088410981 -0.0024913709 0.036247779
  endloop
 endfacet
 facet normal 1 6.7300236e-06 9.7609749e-06
  outer loop
   vertex -0.088410981 -0.0018384783 0.034990633
   vertex -0.088410985 -0.0011695799 0.034979155
   vertex -0.088410991 -0.0011881316 0.035608688
  endloop
 endfacet
 facet normal 1 6.7300236e-06 9.7609749e-06
  outer loop
   vertex -0.088410981 -0.0018384783 0.034990633
   vertex -0.088410991 -0.0011881316 0.035608688
   vertex -0.088410981 -0.0018461686 0.035617495
  endloop
 endfacet
 facet normal 0.99999804 0.0019801064 -3.927925e-06
  outer loop
   vertex -0.088412517 0.00014547608 0.036838551
   vertex -0.088411162 -0.0005392363 0.036853909
   vertex -0.088411165 -0.00053863597 0.036227306
  endloop
 endfacet
 facet normal 0.99999804 0.0019801064 -3.927925e-06
  outer loop
   vertex -0.088412517 0.00014547608 0.036838551
   vertex -0.088411165 -0.00053863597 0.036227306
   vertex -0.088412117 0.00011249972 0.036215214
  endloop
 endfacet
 facet normal 1 -1.4878882e-05 -2.4072944e-05
  outer loop
   vertex -0.088410971 -0.00053641152 0.037477527
   vertex -0.08841098 -0.0012100828 0.037490014
   vertex -0.088410995 -0.0012068376 0.036864204
  endloop
 endfacet
 facet normal 1 -1.4878882e-05 -2.4072944e-05
  outer loop
   vertex -0.088410971 -0.00053641152 0.037477527
   vertex -0.088410995 -0.0012068376 0.036864204
   vertex -0.088411162 -0.0005392363 0.036853909
  endloop
 endfacet
 facet normal -1 8.8009537e-08 1.2480969e-10
  outer loop
   vertex -0.082410976 -0.0075136477 0.033753653
   vertex -0.082410976 -0.0068800978 0.033751355
   vertex -0.082410976 -0.0068792107 0.033126085
  endloop
 endfacet
 facet normal -1 8.8009537e-08 1.2480969e-10
  outer loop
   vertex -0.082410976 -0.0075136477 0.033753653
   vertex -0.082410976 -0.0068792107 0.033126085
   vertex -0.082410976 -0.0075118323 0.033128045
  endloop
 endfacet
 facet normal -1 1.9452287e-17 2.2193186e-14
  outer loop
   vertex -0.082410976 -0.0062509416 0.032500217
   vertex -0.082410976 -0.0068781773 0.032500766
   vertex -0.082410976 -0.0068792107 0.033126085
  endloop
 endfacet
 facet normal -1 1.9452287e-17 2.2193186e-14
  outer loop
   vertex -0.082410976 -0.0062509416 0.032500217
   vertex -0.082410976 -0.0068792107 0.033126085
   vertex -0.082410976 -0.006251288 0.033125331
  endloop
 endfacet
 facet normal -1 -2.2101122e-14 -1.2170331e-17
  outer loop
   vertex -0.082410976 -0.0062516322 0.033750432
   vertex -0.082410976 -0.006251288 0.033125331
   vertex -0.082410976 -0.0068792107 0.033126085
  endloop
 endfacet
 facet normal -1 -2.2101122e-14 -1.2170331e-17
  outer loop
   vertex -0.082410976 -0.0062516322 0.033750432
   vertex -0.082410976 -0.0068792107 0.033126085
   vertex -0.082410976 -0.0068800978 0.033751355
  endloop
 endfacet
 facet normal -1 -2.2189494e-14 -5.7431342e-18
  outer loop
   vertex -0.082410976 -0.0050000071 0.033750001
   vertex -0.082410976 -0.0056254286 0.033750113
   vertex -0.082410976 -0.0056255904 0.034375155
  endloop
 endfacet
 facet normal -1 -2.2189494e-14 -5.7431342e-18
  outer loop
   vertex -0.082410976 -0.0050000071 0.033750001
   vertex -0.082410976 -0.0056255904 0.034375155
   vertex -0.082410976 -0.0050000805 0.034375021
  endloop
 endfacet
 facet normal -1 -2.2152634e-14 -2.2210809e-14
  outer loop
   vertex -0.082410976 -0.0062528081 0.03500073
   vertex -0.082410976 -0.0056258311 0.035000216
   vertex -0.082410976 -0.0056255904 0.034375155
  endloop
 endfacet
 facet normal -1 -2.2152634e-14 -2.2210809e-14
  outer loop
   vertex -0.082410976 -0.0062528081 0.03500073
   vertex -0.082410976 -0.0056255904 0.034375155
   vertex -0.082410976 -0.0062520971 0.034375552
  endloop
 endfacet
 facet normal -1 0 0
  outer loop
   vertex -0.082410976 -0.0062516322 0.033750432
   vertex -0.082410976 -0.0062520971 0.034375552
   vertex -0.082410976 -0.0056255904 0.034375155
  endloop
 endfacet
 facet normal -1 0 0
  outer loop
   vertex -0.082410976 -0.0062516322 0.033750432
   vertex -0.082410976 -0.0056255904 0.034375155
   vertex -0.082410976 -0.0056254286 0.033750113
  endloop
 endfacet
 facet normal -1 4.4374315e-14 -4.4401059e-14
  outer loop
   vertex -0.082410976 -0.0050000071 0.033750001
   vertex -0.082410976 -0.0049999207 0.033124977
   vertex -0.082410976 -0.0056253075 0.033125077
  endloop
 endfacet
 facet normal -1 4.4374315e-14 -4.4401059e-14
  outer loop
   vertex -0.082410976 -0.0050000071 0.033750001
   vertex -0.082410976 -0.0056253075 0.033125077
   vertex -0.082410976 -0.0056254286 0.033750113
  endloop
 endfacet
 facet normal -1 -2.2169685e-14 -1.2284473e-17
  outer loop
   vertex -0.082410976 -0.0062509416 0.032500217
   vertex -0.082410976 -0.006251288 0.033125331
   vertex -0.082410976 -0.0056253075 0.033125077
  endloop
 endfacet
 facet normal -1 -2.2169685e-14 -1.2284473e-17
  outer loop
   vertex -0.082410976 -0.0062509416 0.032500217
   vertex -0.082410976 -0.0056253075 0.033125077
   vertex -0.082410976 -0.0056251837 0.032500032
  endloop
 endfacet
 facet normal -1 1.1313115e-17 2.22032e-14
  outer loop
   vertex -0.082410976 -0.0062516322 0.033750432
   vertex -0.082410976 -0.0056254286 0.033750113
   vertex -0.082410976 -0.0056253075 0.033125077
  endloop
 endfacet
 facet normal -1 1.1313115e-17 2.22032e-14
  outer loop
   vertex -0.082410976 -0.0062516322 0.033750432
   vertex -0.082410976 -0.0056253075 0.033125077
   vertex -0.082410976 -0.006251288 0.033125331
  endloop
 endfacet
 facet normal -1 1.5287746e-07 -6.5691224e-08
  outer loop
   vertex -0.082410976 -0.0075136477 0.033753653
   vertex -0.082410976 -0.0075157349 0.034379192
   vertex -0.082410976 -0.0068812241 0.034376645
  endloop
 endfacet
 facet normal -1 1.5287746e-07 -6.5691224e-08
  outer loop
   vertex -0.082410976 -0.0075136477 0.033753653
   vertex -0.082410976 -0.0068812241 0.034376645
   vertex -0.082410976 -0.0068800978 0.033751355
  endloop
 endfacet
 facet normal -1 0 -0
  outer loop
   vertex -0.082410976 -0.0062528081 0.03500073
   vertex -0.082410976 -0.0062520971 0.034375552
   vertex -0.082410976 -0.0068812241 0.034376645
  endloop
 endfacet
 facet normal -1 0 -0
  outer loop
   vertex -0.082410976 -0.0062528081 0.03500073
   vertex -0.082410976 -0.0068812241 0.034376645
   vertex -0.082410976 -0.0068830501 0.035002088
  endloop
 endfacet
 facet normal -1 2.2114684e-14 2.223399e-14
  outer loop
   vertex -0.082410976 -0.0062516322 0.033750432
   vertex -0.082410976 -0.0068800978 0.033751355
   vertex -0.082410976 -0.0068812241 0.034376645
  endloop
 endfacet
 facet normal -1 2.2114684e-14 2.223399e-14
  outer loop
   vertex -0.082410976 -0.0062516322 0.033750432
   vertex -0.082410976 -0.0068812241 0.034376645
   vertex -0.082410976 -0.0062520971 0.034375552
  endloop
 endfacet
 facet normal -0.0011001889 0.96579504 -0.25930433
  outer loop
   vertex -0.082410987 -0.010174507 0.033844975
   vertex -0.083063621 -0.010182475 0.033818067
   vertex -0.083063688 -0.010030725 0.034383267
  endloop
 endfacet
 facet normal -0.0011001889 0.96579504 -0.25930433
  outer loop
   vertex -0.082410987 -0.010174507 0.033844975
   vertex -0.083063688 -0.010030725 0.034383267
   vertex -0.082411131 -0.010019716 0.034424416
  endloop
 endfacet
 facet normal -0.00016573607 0.96588871 -0.25895748
  outer loop
   vertex -0.083687443 -0.0098837536 0.034931858
   vertex -0.083054956 -0.0098820838 0.034937681
   vertex -0.083063688 -0.010030725 0.034383267
  endloop
 endfacet
 facet normal -0.00016573607 0.96588871 -0.25895748
  outer loop
   vertex -0.083687443 -0.0098837536 0.034931858
   vertex -0.083063688 -0.010030725 0.034383267
   vertex -0.083694034 -0.01003382 0.034371798
  endloop
 endfacet
 facet normal -3.2485344e-05 0.96591761 -0.25884969
  outer loop
   vertex -0.083699317 -0.010181458 0.033820875
   vertex -0.083694034 -0.01003382 0.034371798
   vertex -0.083063688 -0.010030725 0.034383267
  endloop
 endfacet
 facet normal -3.2485344e-05 0.96591761 -0.25884969
  outer loop
   vertex -0.083699317 -0.010181458 0.033820875
   vertex -0.083063688 -0.010030725 0.034383267
   vertex -0.083063621 -0.010182475 0.033818067
  endloop
 endfacet
 facet normal -0.86862645 0.47891587 -0.12699481
  outer loop
   vertex -0.082410987 -0.010174507 0.033844975
   vertex -0.082411015 -0.010339559 0.033222729
   vertex -0.082412637 -0.010418148 0.032937452
  endloop
 endfacet
 facet normal -0.86862645 0.47891587 -0.12699481
  outer loop
   vertex -0.082410987 -0.010174507 0.033844975
   vertex -0.082412637 -0.010418148 0.032937452
   vertex -0.083042797 -0.010414839 0.032949679
  endloop
 endfacet
 facet normal -0.86862645 0.47891587 -0.12699481
  outer loop
   vertex -0.082410987 -0.010174507 0.033844975
   vertex -0.083042797 -0.010414839 0.032949679
   vertex -0.083063621 -0.010182475 0.033818067
  endloop
 endfacet
 facet normal 0.00040268128 0.96601686 -0.25847873
  outer loop
   vertex -0.083699317 -0.010181458 0.033820875
   vertex -0.083063621 -0.010182475 0.033818067
   vertex -0.083042797 -0.010414839 0.032949679
  endloop
 endfacet
 facet normal 0.00040268128 0.96601686 -0.25847873
  outer loop
   vertex -0.083699317 -0.010181458 0.033820875
   vertex -0.083042797 -0.010414839 0.032949679
   vertex -0.083686868 -0.010412363 0.032959133
  endloop
 endfacet
 facet normal 0.0003673702 -0.96593217 0.25879512
  outer loop
   vertex -0.086298878 -0.00067854465 0.030649294
   vertex -0.086299746 -0.00053100532 0.031199974
   vertex -0.086978195 -0.00053164811 0.031198538
  endloop
 endfacet
 facet normal 0.0003673702 -0.96593217 0.25879512
  outer loop
   vertex -0.086298878 -0.00067854465 0.030649294
   vertex -0.086978195 -0.00053164811 0.031198538
   vertex -0.086974977 -0.00067977579 0.03064573
  endloop
 endfacet
 facet normal 8.9709349e-05 -0.96592578 0.25881921
  outer loop
   vertex -0.086299746 -0.00053100532 0.031199974
   vertex -0.08564134 -0.00053067481 0.031200979
   vertex -0.085643203 -0.00029877327 0.032066447
  endloop
 endfacet
 facet normal 8.9709349e-05 -0.96592578 0.25881921
  outer loop
   vertex -0.086299746 -0.00053100532 0.031199974
   vertex -0.085643203 -0.00029877327 0.032066447
   vertex -0.086304934 -0.00029889774 0.032066027
  endloop
 endfacet
 facet normal 1.7326011e-05 -0.96592383 0.25882649
  outer loop
   vertex -0.086307614 -0.00016200149 0.032576915
   vertex -0.086304934 -0.00029889774 0.032066027
   vertex -0.085643203 -0.00029877327 0.032066447
  endloop
 endfacet
 facet normal 1.7326011e-05 -0.96592383 0.25882649
  outer loop
   vertex -0.086307614 -0.00016200149 0.032576915
   vertex -0.085643203 -0.00029877327 0.032066447
   vertex -0.085644157 -0.00016141631 0.032579071
  endloop
 endfacet
 facet normal 0.00036718713 -0.96591147 0.25887234
  outer loop
   vertex -0.086978195 -0.00053164811 0.031198538
   vertex -0.086299746 -0.00053100532 0.031199974
   vertex -0.086304934 -0.00029889774 0.032066027
  endloop
 endfacet
 facet normal 0.00036718713 -0.96591147 0.25887234
  outer loop
   vertex -0.086978195 -0.00053164811 0.031198538
   vertex -0.086304934 -0.00029889774 0.032066027
   vertex -0.086982714 -0.00029912392 0.032065563
  endloop
 endfacet
 facet normal 0.00011089601 -0.96591233 0.2588694
  outer loop
   vertex -0.086307614 -0.00016200149 0.032576915
   vertex -0.086990439 -0.00016351693 0.032571553
   vertex -0.086982714 -0.00029912392 0.032065563
  endloop
 endfacet
 facet normal 0.00011089601 -0.96591233 0.2588694
  outer loop
   vertex -0.086307614 -0.00016200149 0.032576915
   vertex -0.086982714 -0.00029912392 0.032065563
   vertex -0.086304934 -0.00029889774 0.032066027
  endloop
 endfacet
 facet normal 4.8168971e-15 -0.96592583 0.25881903
  outer loop
   vertex -0.084995447 0.00013649614 0.033690895
   vertex -0.085642928 0.00013640877 0.033690569
   vertex -0.085644005 -1.0797711e-05 0.033141187
  endloop
 endfacet
 facet normal 4.8168971e-15 -0.96592583 0.25881903
  outer loop
   vertex -0.084995447 0.00013649614 0.033690895
   vertex -0.085644005 -1.0797711e-05 0.033141187
   vertex -0.08499455 -1.0670252e-05 0.033141662
  endloop
 endfacet
 facet normal 1.1204613e-05 -0.96592583 0.25881903
  outer loop
   vertex -0.086307614 -0.00016200149 0.032576915
   vertex -0.085644157 -0.00016141631 0.032579071
   vertex -0.085644005 -1.0797711e-05 0.033141187
  endloop
 endfacet
 facet normal 1.1204613e-05 -0.96592583 0.25881903
  outer loop
   vertex -0.086307614 -0.00016200149 0.032576915
   vertex -0.085644005 -1.0797711e-05 0.033141187
   vertex -0.08630624 -1.1366423e-05 0.033139065
  endloop
 endfacet
 facet normal 2.2160291e-07 -0.96592576 0.25881928
  outer loop
   vertex -0.086302609 0.00013608439 0.033689358
   vertex -0.08630624 -1.1366423e-05 0.033139065
   vertex -0.085644005 -1.0797711e-05 0.033141187
  endloop
 endfacet
 facet normal 2.2160291e-07 -0.96592576 0.25881928
  outer loop
   vertex -0.086302609 0.00013608439 0.033689358
   vertex -0.085644005 -1.0797711e-05 0.033141187
   vertex -0.085642928 0.00013640877 0.033690569
  endloop
 endfacet
 facet normal 0.00015858669 -0.96588635 0.2589663
  outer loop
   vertex -0.087660405 0.00013582527 0.033688491
   vertex -0.087665902 -1.6013738e-05 0.033122169
   vertex -0.08698863 -1.2568572e-05 0.033134604
  endloop
 endfacet
 facet normal 0.00015858669 -0.96588635 0.2589663
  outer loop
   vertex -0.087660405 0.00013582527 0.033688491
   vertex -0.08698863 -1.2568572e-05 0.033134604
   vertex -0.086982395 0.00013561717 0.033687618
  endloop
 endfacet
 facet normal 9.7203345e-06 -0.96592259 0.25883111
  outer loop
   vertex -0.086307614 -0.00016200149 0.032576915
   vertex -0.08630624 -1.1366423e-05 0.033139065
   vertex -0.08698863 -1.2568572e-05 0.033134604
  endloop
 endfacet
 facet normal 9.7203345e-06 -0.96592259 0.25883111
  outer loop
   vertex -0.086307614 -0.00016200149 0.032576915
   vertex -0.08698863 -1.2568572e-05 0.033134604
   vertex -0.086990439 -0.00016351693 0.032571553
  endloop
 endfacet
 facet normal 1.2827198e-06 -0.96592314 0.25882905
  outer loop
   vertex -0.086302609 0.00013608439 0.033689358
   vertex -0.086982395 0.00013561717 0.033687618
   vertex -0.08698863 -1.2568572e-05 0.033134604
  endloop
 endfacet
 facet normal 1.2827198e-06 -0.96592314 0.25882905
  outer loop
   vertex -0.086302609 0.00013608439 0.033689358
   vertex -0.08698863 -1.2568572e-05 0.033134604
   vertex -0.08630624 -1.1366423e-05 0.033139065
  endloop
 endfacet
 facet normal 3.8399222e-05 0.96592691 -0.258815
  outer loop
   vertex -0.087664931 -0.0088466814 0.038802149
   vertex -0.086985949 -0.0088464557 0.038803092
   vertex -0.086983515 -0.0090795225 0.037933261
  endloop
 endfacet
 facet normal 3.8399222e-05 0.96592691 -0.258815
  outer loop
   vertex -0.087664931 -0.0088466814 0.038802149
   vertex -0.086983515 -0.0090795225 0.037933261
   vertex -0.087640261 -0.0090811552 0.037926809
  endloop
 endfacet
 facet normal 6.6878724e-06 0.96592584 -0.25881899
  outer loop
   vertex -0.08630461 -0.0088469384 0.038801294
   vertex -0.086305535 -0.0090793289 0.037934001
   vertex -0.086983515 -0.0090795225 0.037933261
  endloop
 endfacet
 facet normal 6.6878724e-06 0.96592584 -0.25881899
  outer loop
   vertex -0.08630461 -0.0088469384 0.038801294
   vertex -0.086983515 -0.0090795225 0.037933261
   vertex -0.086985949 -0.0088464557 0.038803092
  endloop
 endfacet
 facet normal -2.5717078e-15 0.96592583 -0.25881904
  outer loop
   vertex -0.084992955 -0.0090793603 0.037933883
   vertex -0.085643547 -0.0090792882 0.037934152
   vertex -0.085643715 -0.008847283 0.038800008
  endloop
 endfacet
 facet normal -2.5717078e-15 0.96592583 -0.25881904
  outer loop
   vertex -0.084992955 -0.0090793603 0.037933883
   vertex -0.085643715 -0.008847283 0.038800008
   vertex -0.0849954 -0.0088473739 0.038799668
  endloop
 endfacet
 facet normal 1 -8.6417191e-06 4.9423373e-08
  outer loop
   vertex -0.088410987 -0.0075656898 0.038141099
   vertex -0.088410981 -0.0069091434 0.03813357
   vertex -0.088410981 -0.0069147547 0.038760332
  endloop
 endfacet
 facet normal 1 -8.6417191e-06 4.9423373e-08
  outer loop
   vertex -0.088410987 -0.0075656898 0.038141099
   vertex -0.088410981 -0.0069147547 0.038760332
   vertex -0.088410989 -0.0075673731 0.038767711
  endloop
 endfacet
 facet normal 1 -1.5111882e-07 -5.2428045e-10
  outer loop
   vertex -0.088410981 -0.0069068865 0.037508137
   vertex -0.088410981 -0.0062629225 0.037503284
   vertex -0.088410981 -0.0062650925 0.038128817
  endloop
 endfacet
 facet normal 1 -1.5111882e-07 -5.2428045e-10
  outer loop
   vertex -0.088410981 -0.0069068865 0.037508137
   vertex -0.088410981 -0.0062650925 0.038128817
   vertex -0.088410981 -0.0069091434 0.03813357
  endloop
 endfacet
 facet normal 1 0 0
  outer loop
   vertex -0.088410981 -0.0050039447 0.039375985
   vertex -0.088410981 -0.0056360608 0.039377803
   vertex -0.088410981 -0.0056326541 0.038751959
  endloop
 endfacet
 facet normal 1 0 0
  outer loop
   vertex -0.088410981 -0.0050039447 0.039375985
   vertex -0.088410981 -0.0056326541 0.038751959
   vertex -0.088410981 -0.0050026057 0.03875066
  endloop
 endfacet
 facet normal 1 1.2251206e-07 -1.2341308e-07
  outer loop
   vertex -0.088410981 -0.0056408505 0.040003922
   vertex -0.088410981 -0.0062866161 0.040009155
   vertex -0.088410981 -0.0062764261 0.039381796
  endloop
 endfacet
 facet normal 1 1.2251206e-07 -1.2341308e-07
  outer loop
   vertex -0.088410981 -0.0056408505 0.040003922
   vertex -0.088410981 -0.0062764261 0.039381796
   vertex -0.088410981 -0.0056360608 0.039377803
  endloop
 endfacet
 facet normal 1 -2.2072373e-14 -2.2224999e-14
  outer loop
   vertex -0.088410981 -0.0050018223 0.03812546
   vertex -0.088410981 -0.0050026057 0.03875066
   vertex -0.088410981 -0.0056326541 0.038751959
  endloop
 endfacet
 facet normal 1 -2.2072373e-14 -2.2224999e-14
  outer loop
   vertex -0.088410981 -0.0050018223 0.03812546
   vertex -0.088410981 -0.0056326541 0.038751959
   vertex -0.088410981 -0.0056307033 0.038126444
  endloop
 endfacet
 facet normal 1 -2.2060584e-14 -4.4447613e-14
  outer loop
   vertex -0.088410981 -0.0062650925 0.038128817
   vertex -0.088410981 -0.0062629225 0.037503284
   vertex -0.088410981 -0.0056295551 0.037501154
  endloop
 endfacet
 facet normal 1 -2.2060584e-14 -4.4447613e-14
  outer loop
   vertex -0.088410981 -0.0062650925 0.038128817
   vertex -0.088410981 -0.0056295551 0.037501154
   vertex -0.088410981 -0.0056307033 0.038126444
  endloop
 endfacet
 facet normal 1 -1.1728108e-05 3.3047639e-05
  outer loop
   vertex -0.08841101 -0.0075909527 0.039399668
   vertex -0.088410989 -0.0075673731 0.038767711
   vertex -0.088410981 -0.0069147547 0.038760332
  endloop
 endfacet
 facet normal 1 -1.1728108e-05 3.3047639e-05
  outer loop
   vertex -0.08841101 -0.0075909527 0.039399668
   vertex -0.088410981 -0.0069147547 0.038760332
   vertex -0.088410982 -0.0069291731 0.039389209
  endloop
 endfacet
 facet normal 1 1.0683421e-06 -1.0805034e-07
  outer loop
   vertex -0.088410981 -0.0062764261 0.039381796
   vertex -0.088410981 -0.0062866161 0.040009155
   vertex -0.08841098 -0.0069496057 0.040018977
  endloop
 endfacet
 facet normal 1 1.0683421e-06 -1.0805034e-07
  outer loop
   vertex -0.088410981 -0.0062764261 0.039381796
   vertex -0.08841098 -0.0069496057 0.040018977
   vertex -0.088410982 -0.0069291731 0.039389209
  endloop
 endfacet
 facet normal 1.3639167e-06 0.96592688 -0.25881513
  outer loop
   vertex -0.086979913 -0.0097464912 0.035444099
   vertex -0.086982126 -0.0095138206 0.036312452
   vertex -0.086302464 -0.0095142148 0.036310984
  endloop
 endfacet
 facet normal 1.3639167e-06 0.96592688 -0.25881513
  outer loop
   vertex -0.086979913 -0.0097464912 0.035444099
   vertex -0.086302464 -0.0095142148 0.036310984
   vertex -0.086303583 -0.0097459614 0.035446094
  endloop
 endfacet
 facet normal 2.8083085e-05 0.96593306 -0.25879204
  outer loop
   vertex -0.086305764 -0.00988376 0.034931821
   vertex -0.086986859 -0.009883169 0.034933953
   vertex -0.086979913 -0.0097464912 0.035444099
  endloop
 endfacet
 facet normal 2.8083085e-05 0.96593306 -0.25879204
  outer loop
   vertex -0.086305764 -0.00988376 0.034931821
   vertex -0.086979913 -0.0097464912 0.035444099
   vertex -0.086303583 -0.0097459614 0.035446094
  endloop
 endfacet
 facet normal -4.1167854e-10 0.96592576 -0.2588193
  outer loop
   vertex -0.085642889 -0.0095144821 0.036309987
   vertex -0.086302464 -0.0095142148 0.036310984
   vertex -0.086306142 -0.0093668875 0.036860817
  endloop
 endfacet
 facet normal -4.1167854e-10 0.96592576 -0.2588193
  outer loop
   vertex -0.085642889 -0.0095144821 0.036309987
   vertex -0.086306142 -0.0093668875 0.036860817
   vertex -0.08564399 -0.0093673338 0.036859152
  endloop
 endfacet
 facet normal 9.9668786e-06 0.96592311 -0.2588292
  outer loop
   vertex -0.086982126 -0.0095138206 0.036312452
   vertex -0.086988413 -0.009365892 0.036864505
   vertex -0.086306142 -0.0093668875 0.036860817
  endloop
 endfacet
 facet normal 9.9668786e-06 0.96592311 -0.2588292
  outer loop
   vertex -0.086982126 -0.0095138206 0.036312452
   vertex -0.086306142 -0.0093668875 0.036860817
   vertex -0.086302464 -0.0095142148 0.036310984
  endloop
 endfacet
 facet normal 1 -1.7880448e-06 -8.7072196e-09
  outer loop
   vertex -0.088410981 -0.0068945587 0.036255075
   vertex -0.088410981 -0.0069003651 0.036881598
   vertex -0.088410982 -0.0075543412 0.036889332
  endloop
 endfacet
 facet normal 1 -1.7880448e-06 -8.7072196e-09
  outer loop
   vertex -0.088410981 -0.0068945587 0.036255075
   vertex -0.088410982 -0.0075543412 0.036889332
   vertex -0.088410981 -0.0075423319 0.03626102
  endloop
 endfacet
 facet normal 1 -1.5111992e-07 -6.7089249e-10
  outer loop
   vertex -0.088410981 -0.0062601446 0.036877617
   vertex -0.088410981 -0.0062629225 0.037503284
   vertex -0.088410981 -0.0069068865 0.037508137
  endloop
 endfacet
 facet normal 1 -1.5111992e-07 -6.7089249e-10
  outer loop
   vertex -0.088410981 -0.0062601446 0.036877617
   vertex -0.088410981 -0.0069068865 0.037508137
   vertex -0.088410981 -0.0069003651 0.036881598
  endloop
 endfacet
 facet normal 1 -4.4332821e-14 -4.4441591e-14
  outer loop
   vertex -0.088410981 -0.0056275156 0.036250647
   vertex -0.088410981 -0.0056268868 0.035625479
   vertex -0.088410981 -0.0050004477 0.035625114
  endloop
 endfacet
 facet normal 1 -4.4332821e-14 -4.4441591e-14
  outer loop
   vertex -0.088410981 -0.0056275156 0.036250647
   vertex -0.088410981 -0.0050004477 0.035625114
   vertex -0.088410981 -0.0050006697 0.036250171
  endloop
 endfacet
 facet normal 1 2.2080228e-14 3.7320194e-17
  outer loop
   vertex -0.088410981 -0.006256046 0.035626536
   vertex -0.088410981 -0.0062549892 0.035001267
   vertex -0.088410981 -0.0056264711 0.035000372
  endloop
 endfacet
 facet normal 1 2.2080228e-14 3.7320194e-17
  outer loop
   vertex -0.088410981 -0.006256046 0.035626536
   vertex -0.088410981 -0.0056264711 0.035000372
   vertex -0.088410981 -0.0056268868 0.035625479
  endloop
 endfacet
 facet normal 1 -2.2443047e-07 1.2471197e-07
  outer loop
   vertex -0.088410981 -0.0068945587 0.036255075
   vertex -0.088410981 -0.0075423319 0.03626102
   vertex -0.088410981 -0.0075379449 0.03563455
  endloop
 endfacet
 facet normal 1 -2.2443047e-07 1.2471197e-07
  outer loop
   vertex -0.088410981 -0.0068945587 0.036255075
   vertex -0.088410981 -0.0075379449 0.03563455
   vertex -0.088410981 -0.0068913827 0.035629154
  endloop
 endfacet
 facet normal 1 -2.187679e-14 -3.6976341e-17
  outer loop
   vertex -0.088410981 -0.0068893545 0.035003656
   vertex -0.088410981 -0.0062549892 0.035001267
   vertex -0.088410981 -0.006256046 0.035626536
  endloop
 endfacet
 facet normal 1 -2.187679e-14 -3.6976341e-17
  outer loop
   vertex -0.088410981 -0.0068893545 0.035003656
   vertex -0.088410981 -0.006256046 0.035626536
   vertex -0.088410981 -0.0068913827 0.035629154
  endloop
 endfacet
 facet normal 1 2.2139085e-14 1.1213339e-17
  outer loop
   vertex -0.088410981 -0.0056275156 0.036250647
   vertex -0.088410981 -0.0050006697 0.036250171
   vertex -0.088410981 -0.0050009863 0.036875251
  endloop
 endfacet
 facet normal 1 2.2139085e-14 1.1213339e-17
  outer loop
   vertex -0.088410981 -0.0056275156 0.036250647
   vertex -0.088410981 -0.0050009863 0.036875251
   vertex -0.088410981 -0.0056284626 0.036875888
  endloop
 endfacet
 facet normal 1 -2.1762269e-14 4.4264974e-14
  outer loop
   vertex -0.088410981 -0.0056295551 0.037501154
   vertex -0.088410981 -0.0062629225 0.037503284
   vertex -0.088410981 -0.0062601446 0.036877617
  endloop
 endfacet
 facet normal 1 -2.1762269e-14 4.4264974e-14
  outer loop
   vertex -0.088410981 -0.0056295551 0.037501154
   vertex -0.088410981 -0.0062601446 0.036877617
   vertex -0.088410981 -0.0056284626 0.036875888
  endloop
 endfacet
 facet normal -0.00026187724 -0.96624048 0.25764175
  outer loop
   vertex -0.083684554 0.00036856654 0.034556507
   vertex -0.083040789 0.00037055596 0.034564622
   vertex -0.083054824 0.00050350589 0.035063213
  endloop
 endfacet
 facet normal -0.00026187724 -0.96624048 0.25764175
  outer loop
   vertex -0.083684554 0.00036856654 0.034556507
   vertex -0.083054824 0.00050350589 0.035063213
   vertex -0.083687206 0.00050575676 0.035068875
  endloop
 endfacet
 facet normal 0.0023931223 -0.96592886 0.25879668
  outer loop
   vertex -0.083684554 0.00036856654 0.034556507
   vertex -0.083695125 0.00013633686 0.033689834
   vertex -0.083058827 0.00013852618 0.033692121
  endloop
 endfacet
 facet normal 0.0023931223 -0.96592886 0.25879668
  outer loop
   vertex -0.083684554 0.00036856654 0.034556507
   vertex -0.083058827 0.00013852618 0.033692121
   vertex -0.083040789 0.00037055596 0.034564622
  endloop
 endfacet
 facet normal 4.1002029e-15 -0.96592583 0.25881903
  outer loop
   vertex -0.084993669 0.0011721597 0.037556044
   vertex -0.08499393 0.0013138023 0.038084662
   vertex -0.085642728 0.0013137588 0.038084499
  endloop
 endfacet
 facet normal 4.1002029e-15 -0.96592583 0.25881903
  outer loop
   vertex -0.084993669 0.0011721597 0.037556044
   vertex -0.085642728 0.0013137588 0.038084499
   vertex -0.085642907 0.0011721131 0.03755587
  endloop
 endfacet
 facet normal 4.0911234e-15 -0.96592583 0.25881903
  outer loop
   vertex -0.085642728 0.0013137588 0.038084499
   vertex -0.08499393 0.0013138023 0.038084662
   vertex -0.084991913 0.0015458216 0.038950569
  endloop
 endfacet
 facet normal 4.0911234e-15 -0.96592583 0.25881903
  outer loop
   vertex -0.085642728 0.0013137588 0.038084499
   vertex -0.084991913 0.0015458216 0.038950569
   vertex -0.085643594 0.0015456712 0.038950008
  endloop
 endfacet
 facet normal 3.2040368e-05 -0.96592583 0.25881902
  outer loop
   vertex -0.086304187 0.0011719586 0.037555376
   vertex -0.085642907 0.0011721131 0.03755587
   vertex -0.085642728 0.0013137588 0.038084499
  endloop
 endfacet
 facet normal 3.2040368e-05 -0.96592583 0.25881902
  outer loop
   vertex -0.086304187 0.0011719586 0.037555376
   vertex -0.085642728 0.0013137588 0.038084499
   vertex -0.086303502 0.0013135864 0.038083947
  endloop
 endfacet
 facet normal 7.9949438e-06 -0.96592548 0.25882032
  outer loop
   vertex -0.086308971 0.001681976 0.039458723
   vertex -0.086306485 0.001545546 0.038949561
   vertex -0.085643594 0.0015456712 0.038950008
  endloop
 endfacet
 facet normal 7.9949438e-06 -0.96592548 0.25882032
  outer loop
   vertex -0.086308971 0.001681976 0.039458723
   vertex -0.085643594 0.0015456712 0.038950008
   vertex -0.085644446 0.0016825453 0.039460829
  endloop
 endfacet
 facet normal 7.9816267e-06 -0.96592056 0.2588387
  outer loop
   vertex -0.085643594 0.0015456712 0.038950008
   vertex -0.086306485 0.001545546 0.038949561
   vertex -0.086303502 0.0013135864 0.038083947
  endloop
 endfacet
 facet normal 7.9816267e-06 -0.96592056 0.2588387
  outer loop
   vertex -0.085643594 0.0015456712 0.038950008
   vertex -0.086303502 0.0013135864 0.038083947
   vertex -0.085642728 0.0013137588 0.038084499
  endloop
 endfacet
 facet normal 8.7919691e-05 -0.96592538 0.25882068
  outer loop
   vertex -0.086985347 0.0015453598 0.038949097
   vertex -0.086306485 0.001545546 0.038949561
   vertex -0.086308971 0.001681976 0.039458723
  endloop
 endfacet
 facet normal 8.7919691e-05 -0.96592538 0.25882068
  outer loop
   vertex -0.086985347 0.0015453598 0.038949097
   vertex -0.086308971 0.001681976 0.039458723
   vertex -0.086992909 0.0016805122 0.039453484
  endloop
 endfacet
 facet normal 2.2723839e-16 -0.96592583 0.25881903
  outer loop
   vertex -0.08564234 0.00080371778 0.036181
   vertex -0.084996123 0.00080375188 0.036181127
   vertex -0.08499396 0.0010334557 0.037038394
  endloop
 endfacet
 facet normal 2.2723839e-16 -0.96592583 0.25881903
  outer loop
   vertex -0.08564234 0.00080371778 0.036181
   vertex -0.08499396 0.0010334557 0.037038394
   vertex -0.085642353 0.0010334483 0.037038366
  endloop
 endfacet
 facet normal 8.4884394e-16 -0.96592583 0.25881903
  outer loop
   vertex -0.084993669 0.0011721597 0.037556044
   vertex -0.085642907 0.0011721131 0.03755587
   vertex -0.085642353 0.0010334483 0.037038366
  endloop
 endfacet
 facet normal 8.4884394e-16 -0.96592583 0.25881903
  outer loop
   vertex -0.084993669 0.0011721597 0.037556044
   vertex -0.085642353 0.0010334483 0.037038366
   vertex -0.08499396 0.0010334557 0.037038394
  endloop
 endfacet
 facet normal 2.8247264e-05 -0.96592703 0.25881454
  outer loop
   vertex -0.086304187 0.0011719586 0.037555376
   vertex -0.086301818 0.00103371 0.037039415
   vertex -0.085642353 0.0010334483 0.037038366
  endloop
 endfacet
 facet normal 2.8247264e-05 -0.96592703 0.25881454
  outer loop
   vertex -0.086304187 0.0011719586 0.037555376
   vertex -0.085642353 0.0010334483 0.037038366
   vertex -0.085642907 0.0011721131 0.03755587
  endloop
 endfacet
 facet normal 0.00075269846 -0.96597971 0.25861677
  outer loop
   vertex -0.087661022 0.00065183742 0.035616591
   vertex -0.08698502 0.00065543529 0.035628062
   vertex -0.08697866 0.00080286717 0.036178728
  endloop
 endfacet
 facet normal 0.00075269846 -0.96597971 0.25861677
  outer loop
   vertex -0.087661022 0.00065183742 0.035616591
   vertex -0.08697866 0.00080286717 0.036178728
   vertex -0.087655784 0.00080222821 0.036179714
  endloop
 endfacet
 facet normal 8.8856805e-05 -0.9659306 0.25880122
  outer loop
   vertex -0.086987111 0.00050509576 0.03506678
   vertex -0.086305899 0.00050572699 0.035068902
   vertex -0.086304301 0.00065638832 0.035631219
  endloop
 endfacet
 facet normal 8.8856805e-05 -0.9659306 0.25880122
  outer loop
   vertex -0.086987111 0.00050509576 0.03506678
   vertex -0.086304301 0.00065638832 0.035631219
   vertex -0.08698502 0.00065543529 0.035628062
  endloop
 endfacet
 facet normal 0.0021125015 -0.96608265 0.25822444
  outer loop
   vertex -0.086977153 0.0010342244 0.037042118
   vertex -0.087632641 0.0010354334 0.037052004
   vertex -0.087655784 0.00080222821 0.036179714
  endloop
 endfacet
 facet normal 0.0021125015 -0.96608265 0.25822444
  outer loop
   vertex -0.086977153 0.0010342244 0.037042118
   vertex -0.087655784 0.00080222821 0.036179714
   vertex -0.08697866 0.00080286717 0.036178728
  endloop
 endfacet
 facet normal 6.6053981e-06 -0.96592688 0.25881511
  outer loop
   vertex -0.08630372 0.00036797643 0.034554791
   vertex -0.086980166 0.00036849679 0.034556751
   vertex -0.086982395 0.00013561717 0.033687618
  endloop
 endfacet
 facet normal 6.6053981e-06 -0.96592688 0.25881511
  outer loop
   vertex -0.08630372 0.00036797643 0.034554791
   vertex -0.086982395 0.00013561717 0.033687618
   vertex -0.086302609 0.00013608439 0.033689358
  endloop
 endfacet
 facet normal 8.8825278e-05 -0.96592809 0.25881059
  outer loop
   vertex -0.08630372 0.00036797643 0.034554791
   vertex -0.086305899 0.00050572699 0.035068902
   vertex -0.086987111 0.00050509576 0.03506678
  endloop
 endfacet
 facet normal 8.8825278e-05 -0.96592809 0.25881059
  outer loop
   vertex -0.08630372 0.00036797643 0.034554791
   vertex -0.086987111 0.00050509576 0.03506678
   vertex -0.086980166 0.00036849679 0.034556751
  endloop
 endfacet
 facet normal 0.00014380425 0.96591881 -0.2588452
  outer loop
   vertex -0.086983659 -0.0065676682 0.047307628
   vertex -0.087640378 -0.0065687683 0.047303158
   vertex -0.087660844 -0.0063366082 0.048169486
  endloop
 endfacet
 facet normal 0.00014380425 0.96591881 -0.2588452
  outer loop
   vertex -0.086983659 -0.0065676682 0.047307628
   vertex -0.087660844 -0.0063366082 0.048169486
   vertex -0.086982761 -0.0063361282 0.048171738
  endloop
 endfacet
 facet normal 9.9585515e-06 0.96592569 -0.25881955
  outer loop
   vertex -0.086308067 -0.0067045854 0.046796662
   vertex -0.086306672 -0.0068552905 0.046234225
   vertex -0.086989425 -0.006854094 0.046238664
  endloop
 endfacet
 facet normal 9.9585515e-06 0.96592569 -0.25881955
  outer loop
   vertex -0.086308067 -0.0067045854 0.046796662
   vertex -0.086989425 -0.006854094 0.046238664
   vertex -0.086991216 -0.0067031493 0.046801947
  endloop
 endfacet
 facet normal 6.6840405e-06 0.9659251 -0.25882174
  outer loop
   vertex -0.086305574 -0.0065677959 0.047307169
   vertex -0.086983659 -0.0065676682 0.047307628
   vertex -0.086982761 -0.0063361282 0.048171738
  endloop
 endfacet
 facet normal 6.6840405e-06 0.9659251 -0.25882174
  outer loop
   vertex -0.086305574 -0.0065677959 0.047307169
   vertex -0.086982761 -0.0063361282 0.048171738
   vertex -0.086302712 -0.0063362915 0.048171155
  endloop
 endfacet
 facet normal 2.2676417e-07 0.96592576 -0.2588193
  outer loop
   vertex -0.086303039 -0.007002805 0.045683693
   vertex -0.086306672 -0.0068552905 0.046234225
   vertex -0.085644126 -0.0068558593 0.046232102
  endloop
 endfacet
 facet normal 2.2676417e-07 0.96592576 -0.2588193
  outer loop
   vertex -0.086303039 -0.007002805 0.045683693
   vertex -0.085644126 -0.0068558593 0.046232102
   vertex -0.085643053 -0.0070031403 0.045682442
  endloop
 endfacet
 facet normal 7.107963e-07 0.96592583 -0.25881904
  outer loop
   vertex -0.086308067 -0.0067045854 0.046796662
   vertex -0.085644278 -0.0067051534 0.046794544
   vertex -0.085644126 -0.0068558593 0.046232102
  endloop
 endfacet
 facet normal 7.107963e-07 0.96592583 -0.25881904
  outer loop
   vertex -0.086308067 -0.0067045854 0.046796662
   vertex -0.085644126 -0.0068558593 0.046232102
   vertex -0.086306672 -0.0068552905 0.046234225
  endloop
 endfacet
 facet normal 9.9607487e-06 0.96592577 -0.25881924
  outer loop
   vertex -0.086989425 -0.006854094 0.046238664
   vertex -0.086306672 -0.0068552905 0.046234225
   vertex -0.086303039 -0.007002805 0.045683693
  endloop
 endfacet
 facet normal 9.9607487e-06 0.96592577 -0.25881924
  outer loop
   vertex -0.086989425 -0.006854094 0.046238664
   vertex -0.086303039 -0.007002805 0.045683693
   vertex -0.086983193 -0.0070023247 0.045685482
  endloop
 endfacet
 facet normal 1.1700042e-06 0.96592583 -0.25881904
  outer loop
   vertex -0.086303877 -0.006194869 0.048698949
   vertex -0.085642792 -0.0061950448 0.048698295
   vertex -0.085642496 -0.0063364654 0.048170507
  endloop
 endfacet
 facet normal 1.1700042e-06 0.96592583 -0.25881904
  outer loop
   vertex -0.086303877 -0.006194869 0.048698949
   vertex -0.085642496 -0.0063364654 0.048170507
   vertex -0.086302712 -0.0063362915 0.048171155
  endloop
 endfacet
 facet normal 4.2900666e-15 0.96592583 -0.25881904
  outer loop
   vertex -0.085642496 -0.0063364654 0.048170507
   vertex -0.084994189 -0.0063364989 0.048170382
   vertex -0.084992487 -0.0065680468 0.047306233
  endloop
 endfacet
 facet normal 4.2900666e-15 0.96592583 -0.25881904
  outer loop
   vertex -0.085642496 -0.0063364654 0.048170507
   vertex -0.084992487 -0.0065680468 0.047306233
   vertex -0.085643401 -0.0065679098 0.047306744
  endloop
 endfacet
 facet normal 2.2645901e-07 0.96592583 -0.25881904
  outer loop
   vertex -0.086302712 -0.0063362915 0.048171155
   vertex -0.085642496 -0.0063364654 0.048170507
   vertex -0.085643401 -0.0065679098 0.047306744
  endloop
 endfacet
 facet normal 2.2645901e-07 0.96592583 -0.25881904
  outer loop
   vertex -0.086302712 -0.0063362915 0.048171155
   vertex -0.085643401 -0.0065679098 0.047306744
   vertex -0.086305574 -0.0065677959 0.047307169
  endloop
 endfacet
 facet normal 4.258663e-15 0.96592583 -0.25881904
  outer loop
   vertex -0.084993694 -0.0061950604 0.048698237
   vertex -0.084994189 -0.0063364989 0.048170382
   vertex -0.085642496 -0.0063364654 0.048170507
  endloop
 endfacet
 facet normal 4.258663e-15 0.96592583 -0.25881904
  outer loop
   vertex -0.084993694 -0.0061950604 0.048698237
   vertex -0.085642496 -0.0063364654 0.048170507
   vertex -0.085642792 -0.0061950448 0.048698295
  endloop
 endfacet
 facet normal -0.00029432758 0.92064839 -0.3903927
  outer loop
   vertex -0.086990144 -0.0057096307 0.050014587
   vertex -0.086306702 -0.0057085138 0.050016706
   vertex -0.086302628 -0.0060495625 0.04921242
  endloop
 endfacet
 facet normal -0.00029432758 0.92064839 -0.3903927
  outer loop
   vertex -0.086990144 -0.0057096307 0.050014587
   vertex -0.086302628 -0.0060495625 0.04921242
   vertex -0.086978727 -0.006050055 0.049210822
  endloop
 endfacet
 facet normal 0.00024866003 0.96229605 -0.27200415
  outer loop
   vertex -0.087660489 -0.0061922535 0.048707129
   vertex -0.087635266 -0.0060515352 0.049204985
   vertex -0.086978727 -0.006050055 0.049210822
  endloop
 endfacet
 facet normal 0.00024866003 0.96229605 -0.27200415
  outer loop
   vertex -0.087660489 -0.0061922535 0.048707129
   vertex -0.086978727 -0.006050055 0.049210822
   vertex -0.086984455 -0.0061944351 0.048700469
  endloop
 endfacet
 facet normal 5.2063292e-06 0.96223535 -0.27221891
  outer loop
   vertex -0.086303877 -0.006194869 0.048698949
   vertex -0.086984455 -0.0061944351 0.048700469
   vertex -0.086978727 -0.006050055 0.049210822
  endloop
 endfacet
 facet normal 5.2063292e-06 0.96223535 -0.27221891
  outer loop
   vertex -0.086303877 -0.006194869 0.048698949
   vertex -0.086978727 -0.006050055 0.049210822
   vertex -0.086302628 -0.0060495625 0.04921242
  endloop
 endfacet
 facet normal -0.00046645155 0.96601339 -0.25849161
  outer loop
   vertex -0.082411026 -0.0075084997 0.043796411
   vertex -0.082410981 -0.0076635326 0.043217035
   vertex -0.083062348 -0.0076709718 0.043190409
  endloop
 endfacet
 facet normal -0.00046645155 0.96601339 -0.25849161
  outer loop
   vertex -0.082411026 -0.0075084997 0.043796411
   vertex -0.083062348 -0.0076709718 0.043190409
   vertex -0.083062385 -0.0075194335 0.043755593
  endloop
 endfacet
 facet normal -3.9455558e-06 0.96588406 -0.25897487
  outer loop
   vertex -0.083692968 -0.0075224773 0.04374425
   vertex -0.083062385 -0.0075194335 0.043755593
   vertex -0.083062348 -0.0076709718 0.043190409
  endloop
 endfacet
 facet normal -3.9455558e-06 0.96588406 -0.25897487
  outer loop
   vertex -0.083692968 -0.0075224773 0.04374425
   vertex -0.083062348 -0.0076709718 0.043190409
   vertex -0.083698193 -0.0076701435 0.043193165
  endloop
 endfacet
 facet normal 5.4640931e-07 0.96592876 -0.25880811
  outer loop
   vertex -0.083683794 -0.0072353325 0.044815914
   vertex -0.083686457 -0.007372474 0.044304072
   vertex -0.084342825 -0.007372658 0.044303383
  endloop
 endfacet
 facet normal 5.4640931e-07 0.96592876 -0.25880811
  outer loop
   vertex -0.083683794 -0.0072353325 0.044815914
   vertex -0.084342825 -0.007372658 0.044303383
   vertex -0.084342333 -0.0072348881 0.044817549
  endloop
 endfacet
 facet normal 9.1353881e-06 0.96592571 -0.25881948
  outer loop
   vertex -0.083683794 -0.0072353325 0.044815914
   vertex -0.084342333 -0.0072348881 0.044817549
   vertex -0.084347432 -0.0070031297 0.045682481
  endloop
 endfacet
 facet normal 9.1353881e-06 0.96592571 -0.25881948
  outer loop
   vertex -0.083683794 -0.0072353325 0.044815914
   vertex -0.084347432 -0.0070031297 0.045682481
   vertex -0.083694296 -0.0070029616 0.045683118
  endloop
 endfacet
 facet normal 8.8989865e-08 0.96592583 -0.25881904
  outer loop
   vertex -0.084995078 -0.0075234584 0.043740589
   vertex -0.084993815 -0.007372713 0.044303178
   vertex -0.084342825 -0.007372658 0.044303383
  endloop
 endfacet
 facet normal 8.8989865e-08 0.96592583 -0.25881904
  outer loop
   vertex -0.084995078 -0.0075234584 0.043740589
   vertex -0.084342825 -0.007372658 0.044303383
   vertex -0.084346378 -0.0075231897 0.043741591
  endloop
 endfacet
 facet normal 1.1753083e-07 0.96592585 -0.25881895
  outer loop
   vertex -0.083692968 -0.0075224773 0.04374425
   vertex -0.084346378 -0.0075231897 0.043741591
   vertex -0.084342825 -0.007372658 0.044303383
  endloop
 endfacet
 facet normal 1.1753083e-07 0.96592585 -0.25881895
  outer loop
   vertex -0.083692968 -0.0075224773 0.04374425
   vertex -0.084342825 -0.007372658 0.044303383
   vertex -0.083686457 -0.007372474 0.044304072
  endloop
 endfacet
 facet normal 8.7886225e-06 0.9659106 -0.25887586
  outer loop
   vertex -0.082411026 -0.0075084997 0.043796411
   vertex -0.083062385 -0.0075194335 0.043755593
   vertex -0.083053704 -0.0073708728 0.044309899
  endloop
 endfacet
 facet normal 8.7886225e-06 0.9659106 -0.25887586
  outer loop
   vertex -0.082411026 -0.0075084997 0.043796411
   vertex -0.083053704 -0.0073708728 0.044309899
   vertex -0.082411194 -0.0073589774 0.044354435
  endloop
 endfacet
 facet normal -6.2726648e-05 0.96592824 -0.25881004
  outer loop
   vertex -0.083683794 -0.0072353325 0.044815914
   vertex -0.083039394 -0.0072374331 0.044807918
   vertex -0.083053704 -0.0073708728 0.044309899
  endloop
 endfacet
 facet normal -6.2726648e-05 0.96592824 -0.25881004
  outer loop
   vertex -0.083683794 -0.0072353325 0.044815914
   vertex -0.083053704 -0.0073708728 0.044309899
   vertex -0.083686457 -0.007372474 0.044304072
  endloop
 endfacet
 facet normal 0.000108039 0.96592494 -0.25882235
  outer loop
   vertex -0.083683794 -0.0072353325 0.044815914
   vertex -0.083694296 -0.0070029616 0.045683118
   vertex -0.083057915 -0.0070037384 0.045680484
  endloop
 endfacet
 facet normal 0.000108039 0.96592494 -0.25882235
  outer loop
   vertex -0.083683794 -0.0072353325 0.044815914
   vertex -0.083057915 -0.0070037384 0.045680484
   vertex -0.083039394 -0.0072374331 0.044807918
  endloop
 endfacet
 facet normal -6.0713361e-05 0.96592616 -0.25881781
  outer loop
   vertex -0.083692968 -0.0075224773 0.04374425
   vertex -0.083686457 -0.007372474 0.044304072
   vertex -0.083053704 -0.0073708728 0.044309899
  endloop
 endfacet
 facet normal -6.0713361e-05 0.96592616 -0.25881781
  outer loop
   vertex -0.083692968 -0.0075224773 0.04374425
   vertex -0.083053704 -0.0073708728 0.044309899
   vertex -0.083062385 -0.0075194335 0.043755593
  endloop
 endfacet
 facet normal 5.2335405e-06 0.96592503 -0.25882203
  outer loop
   vertex -0.084349582 -0.0076703383 0.043192425
   vertex -0.083698193 -0.0076701435 0.043193165
   vertex -0.083686486 -0.0079012259 0.042330765
  endloop
 endfacet
 facet normal 5.2335405e-06 0.96592503 -0.25882203
  outer loop
   vertex -0.084349582 -0.0076703383 0.043192425
   vertex -0.083686486 -0.0079012259 0.042330765
   vertex -0.084344052 -0.0079005877 0.042333124
  endloop
 endfacet
 facet normal -4.9189955e-11 0.96592583 -0.25881901
  outer loop
   vertex -0.084995078 -0.0075234584 0.043740589
   vertex -0.084346378 -0.0075231897 0.043741591
   vertex -0.084349582 -0.0076703383 0.043192425
  endloop
 endfacet
 facet normal -4.9189955e-11 0.96592583 -0.25881901
  outer loop
   vertex -0.084995078 -0.0075234584 0.043740589
   vertex -0.084349582 -0.0076703383 0.043192425
   vertex -0.084995974 -0.0076704764 0.04319191
  endloop
 endfacet
 facet normal 5.2367835e-06 0.96592431 -0.2588247
  outer loop
   vertex -0.083692968 -0.0075224773 0.04374425
   vertex -0.083698193 -0.0076701435 0.043193165
   vertex -0.084349582 -0.0076703383 0.043192425
  endloop
 endfacet
 facet normal 5.2367835e-06 0.96592431 -0.2588247
  outer loop
   vertex -0.083692968 -0.0075224773 0.04374425
   vertex -0.084349582 -0.0076703383 0.043192425
   vertex -0.084346378 -0.0075231897 0.043741591
  endloop
 endfacet
 facet normal 0.00013240129 0.96590413 -0.25889997
  outer loop
   vertex -0.083059626 -0.0081811431 0.041285927
   vertex -0.083054474 -0.0080377531 0.041820889
   vertex -0.082411268 -0.0080257076 0.041866157
  endloop
 endfacet
 facet normal 0.00013240129 0.96590413 -0.25889997
  outer loop
   vertex -0.083059626 -0.0081811431 0.041285927
   vertex -0.082411268 -0.0080257076 0.041866157
   vertex -0.082411106 -0.0081750754 0.041308709
  endloop
 endfacet
 facet normal -0.99999987 0.00032788337 -0.00037898787
  outer loop
   vertex -0.08241089 -0.0075617343 0.041269964
   vertex -0.082411106 -0.0081750754 0.041308709
   vertex -0.082411268 -0.0080257076 0.041866157
  endloop
 endfacet
 facet normal -0.99999987 0.00032788337 -0.00037898787
  outer loop
   vertex -0.08241089 -0.0075617343 0.041269964
   vertex -0.082411268 -0.0080257076 0.041866157
   vertex -0.082410844 -0.0075591935 0.04188806
  endloop
 endfacet
 facet normal -0.00012919493 0.96595644 -0.25870474
  outer loop
   vertex -0.083041979 -0.0079036846 0.04232147
   vertex -0.083054474 -0.0080377531 0.041820889
   vertex -0.083688007 -0.0080389323 0.041816803
  endloop
 endfacet
 facet normal -0.00012919493 0.96595644 -0.25870474
  outer loop
   vertex -0.083041979 -0.0079036846 0.04232147
   vertex -0.083688007 -0.0080389323 0.041816803
   vertex -0.083686486 -0.0079012259 0.042330765
  endloop
 endfacet
 facet normal -4.7641208e-05 0.96592485 -0.2588227
  outer loop
   vertex -0.083041979 -0.0079036846 0.04232147
   vertex -0.083686486 -0.0079012259 0.042330765
   vertex -0.083698193 -0.0076701435 0.043193165
  endloop
 endfacet
 facet normal -4.7641208e-05 0.96592485 -0.2588227
  outer loop
   vertex -0.083041979 -0.0079036846 0.04232147
   vertex -0.083698193 -0.0076701435 0.043193165
   vertex -0.083062348 -0.0076709718 0.043190409
  endloop
 endfacet
 facet normal 1.4195085e-06 0.96592583 -0.25881904
  outer loop
   vertex -0.084346234 -0.0084130043 0.040420762
   vertex -0.084995279 -0.0084127072 0.040421867
   vertex -0.084995371 -0.008180522 0.041288394
  endloop
 endfacet
 facet normal 1.4195085e-06 0.96592583 -0.25881904
  outer loop
   vertex -0.084346234 -0.0084130043 0.040420762
   vertex -0.084995371 -0.008180522 0.041288394
   vertex -0.084347149 -0.0081804744 0.04128857
  endloop
 endfacet
 facet normal 3.4005972e-05 0.96607205 -0.25827271
  outer loop
   vertex -0.083059626 -0.0081811431 0.041285927
   vertex -0.082411106 -0.0081750754 0.041308709
   vertex -0.082410986 -0.008340612 0.040689517
  endloop
 endfacet
 facet normal 3.4005972e-05 0.96607205 -0.25827271
  outer loop
   vertex -0.083059626 -0.0081811431 0.041285927
   vertex -0.082410986 -0.008340612 0.040689517
   vertex -0.082634067 -0.0084212826 0.040391933
  endloop
 endfacet
 facet normal 3.4005972e-05 0.96607205 -0.25827271
  outer loop
   vertex -0.083059626 -0.0081811431 0.041285927
   vertex -0.082634067 -0.0084212826 0.040391933
   vertex -0.083081844 -0.0084164988 0.040407987
  endloop
 endfacet
 facet normal 8.9944825e-06 0.96593021 -0.25880268
  outer loop
   vertex -0.084344052 -0.0079005877 0.042333124
   vertex -0.083686486 -0.0079012259 0.042330765
   vertex -0.083688007 -0.0080389323 0.041816803
  endloop
 endfacet
 facet normal 8.9944825e-06 0.96593021 -0.25880268
  outer loop
   vertex -0.084344052 -0.0079005877 0.042333124
   vertex -0.083688007 -0.0080389323 0.041816803
   vertex -0.084344147 -0.00803889 0.041816972
  endloop
 endfacet
 facet normal -6.5154562e-07 0.96592583 -0.25881904
  outer loop
   vertex -0.084347149 -0.0081804744 0.04128857
   vertex -0.084995371 -0.008180522 0.041288394
   vertex -0.084994225 -0.0080388808 0.041817006
  endloop
 endfacet
 facet normal -6.5154562e-07 0.96592583 -0.25881904
  outer loop
   vertex -0.084347149 -0.0081804744 0.04128857
   vertex -0.084994225 -0.0080388808 0.041817006
   vertex -0.084344147 -0.00803889 0.041816972
  endloop
 endfacet
 facet normal 1 -0 0
  outer loop
   vertex -0.088410981 -0.0025000306 0.043125008
   vertex -0.088410981 -0.0018743675 0.043124839
   vertex -0.088410981 -0.0018745725 0.043749893
  endloop
 endfacet
 facet normal 1 -0 0
  outer loop
   vertex -0.088410981 -0.0025000306 0.043125008
   vertex -0.088410981 -0.0018745725 0.043749893
   vertex -0.088410981 -0.0025001715 0.043750044
  endloop
 endfacet
 facet normal 1 0 0
  outer loop
   vertex -0.088410981 -0.001247554 0.043124373
   vertex -0.088410981 -0.0018743675 0.043124839
   vertex -0.088410981 -0.0018740809 0.042499768
  endloop
 endfacet
 facet normal 1 0 0
  outer loop
   vertex -0.088410981 -0.001247554 0.043124373
   vertex -0.088410981 -0.0018740809 0.042499768
   vertex -0.088410981 -0.0012466787 0.042499153
  endloop
 endfacet
 facet normal 1 -2.1868376e-14 -3.5180213e-17
  outer loop
   vertex -0.088410981 1.4658111e-05 0.044371281
   vertex -0.088410981 -0.00061995115 0.044373724
   vertex -0.088410981 -0.00061894528 0.043748465
  endloop
 endfacet
 facet normal 1 -2.1868376e-14 -3.5180213e-17
  outer loop
   vertex -0.088410981 1.4658111e-05 0.044371281
   vertex -0.088410981 -0.00061894528 0.043748465
   vertex -0.088410981 1.6611289e-05 0.043745793
  endloop
 endfacet
 facet normal 1 2.5486098e-17 2.2201128e-14
  outer loop
   vertex -0.088410981 -0.00062106386 0.044999005
   vertex -0.088410981 -0.001248903 0.044999726
   vertex -0.088410981 -0.0012485309 0.044374632
  endloop
 endfacet
 facet normal 1 2.5486098e-17 2.2201128e-14
  outer loop
   vertex -0.088410981 -0.00062106386 0.044999005
   vertex -0.088410981 -0.0012485309 0.044374632
   vertex -0.088410981 -0.00061995115 0.044373724
  endloop
 endfacet
 facet normal 1 2.218857e-14 2.2208472e-14
  outer loop
   vertex -0.088410981 -0.0025003223 0.044375082
   vertex -0.088410981 -0.0025001715 0.043750044
   vertex -0.088410981 -0.0018745725 0.043749893
  endloop
 endfacet
 facet normal 1 2.218857e-14 2.2208472e-14
  outer loop
   vertex -0.088410981 -0.0025003223 0.044375082
   vertex -0.088410981 -0.0018745725 0.043749893
   vertex -0.088410981 -0.0018747181 0.04437493
  endloop
 endfacet
 facet normal 1 8.5345439e-18 2.2201118e-14
  outer loop
   vertex -0.088410981 -0.0012485309 0.044374632
   vertex -0.088410981 -0.001248903 0.044999726
   vertex -0.088410981 -0.0018748604 0.044999966
  endloop
 endfacet
 facet normal 1 8.5345439e-18 2.2201118e-14
  outer loop
   vertex -0.088410981 -0.0012485309 0.044374632
   vertex -0.088410981 -0.0018748604 0.044999966
   vertex -0.088410981 -0.0018747181 0.04437493
  endloop
 endfacet
 facet normal 1 0 0
  outer loop
   vertex -0.088410981 1.9696589e-05 0.043119898
   vertex -0.088410981 1.6611289e-05 0.043745793
   vertex -0.088410981 -0.00061894528 0.043748465
  endloop
 endfacet
 facet normal 1 0 0
  outer loop
   vertex -0.088410981 1.9696589e-05 0.043119898
   vertex -0.088410981 -0.00061894528 0.043748465
   vertex -0.088410981 -0.00061743175 0.043123051
  endloop
 endfacet
 facet normal 1 0 0
  outer loop
   vertex -0.088410981 -0.001247554 0.043124373
   vertex -0.088410981 -0.0012466787 0.042499153
   vertex -0.088410981 -0.00061505449 0.042497446
  endloop
 endfacet
 facet normal 1 0 0
  outer loop
   vertex -0.088410981 -0.001247554 0.043124373
   vertex -0.088410981 -0.00061505449 0.042497446
   vertex -0.088410981 -0.00061743175 0.043123051
  endloop
 endfacet
 facet normal -1.8331593e-15 0.96592583 -0.25881904
  outer loop
   vertex -0.082410976 -0.0064966139 0.047572824
   vertex -0.082410976 -0.0065744711 0.047282257
   vertex -0.083028986 -0.0065712756 0.047294183
  endloop
 endfacet
 facet normal -1.8331593e-15 0.96592583 -0.25881904
  outer loop
   vertex -0.082410976 -0.0064966139 0.047572824
   vertex -0.083028986 -0.0065712756 0.047294183
   vertex -0.083055677 -0.0063369556 0.048168677
  endloop
 endfacet
 facet normal -1.8331593e-15 0.96592583 -0.25881904
  outer loop
   vertex -0.082410976 -0.0064966139 0.047572824
   vertex -0.083055677 -0.0063369556 0.048168677
   vertex -0.082410976 -0.0063307272 0.048191922
  endloop
 endfacet
 facet normal -5.0876385e-06 0.96592586 -0.25881893
  outer loop
   vertex -0.083057614 -0.006852157 0.046245907
   vertex -0.083688931 -0.0068550581 0.046235092
   vertex -0.083681504 -0.0067049981 0.046795124
  endloop
 endfacet
 facet normal -5.0876385e-06 0.96592586 -0.25881893
  outer loop
   vertex -0.083057614 -0.006852157 0.046245907
   vertex -0.083681504 -0.0067049981 0.046795124
   vertex -0.083047309 -0.0067031701 0.046801945
  endloop
 endfacet
 facet normal -3.5044743e-15 0.96592583 -0.25881904
  outer loop
   vertex -0.083028986 -0.0065712756 0.047294183
   vertex -0.083677413 -0.0065687794 0.047303499
   vertex -0.083690155 -0.006336353 0.048170926
  endloop
 endfacet
 facet normal -3.5044743e-15 0.96592583 -0.25881904
  outer loop
   vertex -0.083028986 -0.0065712756 0.047294183
   vertex -0.083690155 -0.006336353 0.048170926
   vertex -0.083055677 -0.0063369556 0.048168677
  endloop
 endfacet
 facet normal -2.6283323e-08 0.96592481 -0.25882283
  outer loop
   vertex -0.084344163 -0.0068557502 0.046232509
   vertex -0.083688931 -0.0068550581 0.046235092
   vertex -0.083694296 -0.0070029616 0.045683118
  endloop
 endfacet
 facet normal -2.6283323e-08 0.96592481 -0.25882283
  outer loop
   vertex -0.084344163 -0.0068557502 0.046232509
   vertex -0.083694296 -0.0070029616 0.045683118
   vertex -0.084347432 -0.0070031297 0.045682481
  endloop
 endfacet
 facet normal -4.2493824e-08 0.96592584 -0.258819
  outer loop
   vertex -0.083681504 -0.0067049981 0.046795124
   vertex -0.083688931 -0.0068550581 0.046235092
   vertex -0.084344163 -0.0068557502 0.046232509
  endloop
 endfacet
 facet normal -4.2493824e-08 0.96592584 -0.258819
  outer loop
   vertex -0.083681504 -0.0067049981 0.046795124
   vertex -0.084344163 -0.0068557502 0.046232509
   vertex -0.08434025 -0.0067052774 0.046794082
  endloop
 endfacet
 facet normal -5.0168756e-06 0.96592482 -0.25882279
  outer loop
   vertex -0.083694296 -0.0070029616 0.045683118
   vertex -0.083688931 -0.0068550581 0.046235092
   vertex -0.083057614 -0.006852157 0.046245907
  endloop
 endfacet
 facet normal -5.0168756e-06 0.96592482 -0.25882279
  outer loop
   vertex -0.083694296 -0.0070029616 0.045683118
   vertex -0.083057614 -0.006852157 0.046245907
   vertex -0.083057915 -0.0070037384 0.045680484
  endloop
 endfacet
 facet normal -1.1830905e-15 0.96592583 -0.25881904
  outer loop
   vertex -0.083686783 -0.0061948697 0.048698949
   vertex -0.083690155 -0.006336353 0.048170926
   vertex -0.084345009 -0.0063364124 0.048170704
  endloop
 endfacet
 facet normal -1.1830905e-15 0.96592583 -0.25881904
  outer loop
   vertex -0.083686783 -0.0061948697 0.048698949
   vertex -0.084345009 -0.0063364124 0.048170704
   vertex -0.084343299 -0.0061949728 0.048698564
  endloop
 endfacet
 facet normal -1.7038998e-15 0.96592583 -0.25881904
  outer loop
   vertex -0.084994189 -0.0063364989 0.048170382
   vertex -0.084345009 -0.0063364124 0.048170704
   vertex -0.08433929 -0.0065682843 0.047305347
  endloop
 endfacet
 facet normal -1.7038998e-15 0.96592583 -0.25881904
  outer loop
   vertex -0.084994189 -0.0063364989 0.048170382
   vertex -0.08433929 -0.0065682843 0.047305347
   vertex -0.084992487 -0.0065680468 0.047306233
  endloop
 endfacet
 facet normal -3.7295415e-15 0.96592583 -0.25881904
  outer loop
   vertex -0.084993694 -0.0061950604 0.048698237
   vertex -0.084343299 -0.0061949728 0.048698564
   vertex -0.084345009 -0.0063364124 0.048170704
  endloop
 endfacet
 facet normal -3.7295415e-15 0.96592583 -0.25881904
  outer loop
   vertex -0.084993694 -0.0061950604 0.048698237
   vertex -0.084345009 -0.0063364124 0.048170704
   vertex -0.084994189 -0.0063364989 0.048170382
  endloop
 endfacet
 facet normal -1.1575603e-15 0.96592583 -0.25881904
  outer loop
   vertex -0.084345009 -0.0063364124 0.048170704
   vertex -0.083690155 -0.006336353 0.048170926
   vertex -0.083677413 -0.0065687794 0.047303499
  endloop
 endfacet
 facet normal -1.1575603e-15 0.96592583 -0.25881904
  outer loop
   vertex -0.084345009 -0.0063364124 0.048170704
   vertex -0.083677413 -0.0065687794 0.047303499
   vertex -0.08433929 -0.0065682843 0.047305347
  endloop
 endfacet
 facet normal -0.0010470852 0.92078947 -0.39005853
  outer loop
   vertex -0.083054201 -0.0057061571 0.050021138
   vertex -0.083039812 -0.0060523244 0.049203922
   vertex -0.083684669 -0.0060499104 0.049211351
  endloop
 endfacet
 facet normal -0.0010470852 0.92078947 -0.39005853
  outer loop
   vertex -0.083054201 -0.0057061571 0.050021138
   vertex -0.083684669 -0.0060499104 0.049211351
   vertex -0.083690027 -0.0057068958 0.050019749
  endloop
 endfacet
 facet normal 0.00099655438 0.96235128 -0.27180696
  outer loop
   vertex -0.082410976 -0.0061813593 0.048749371
   vertex -0.083053651 -0.0061936649 0.048703445
   vertex -0.083039812 -0.0060523244 0.049203922
  endloop
 endfacet
 facet normal 0.00099655438 0.96235128 -0.27180696
  outer loop
   vertex -0.082410976 -0.0061813593 0.048749371
   vertex -0.083039812 -0.0060523244 0.049203922
   vertex -0.082410976 -0.0060566873 0.049190494
  endloop
 endfacet
 facet normal 0.00046574968 0.9622351 -0.2722194
  outer loop
   vertex -0.083686783 -0.0061948697 0.048698949
   vertex -0.083684669 -0.0060499104 0.049211351
   vertex -0.083039812 -0.0060523244 0.049203922
  endloop
 endfacet
 facet normal 0.00046574968 0.9622351 -0.2722194
  outer loop
   vertex -0.083686783 -0.0061948697 0.048698949
   vertex -0.083039812 -0.0060523244 0.049203922
   vertex -0.083053651 -0.0061936649 0.048703445
  endloop
 endfacet
 facet normal 0.00016547271 0.96592339 -0.25882808
  outer loop
   vertex -0.087662063 -0.0075188736 0.043757239
   vertex -0.086985775 -0.0075221208 0.043745553
   vertex -0.086979431 -0.0076697773 0.043194517
  endloop
 endfacet
 facet normal 0.00016547271 0.96592339 -0.25882808
  outer loop
   vertex -0.087662063 -0.0075188736 0.043757239
   vertex -0.086979431 -0.0076697773 0.043194517
   vertex -0.087656783 -0.0076699631 0.043193768
  endloop
 endfacet
 facet normal 8.3002273e-07 0.96592583 -0.25881905
  outer loop
   vertex -0.086979431 -0.0076697773 0.043194517
   vertex -0.086300959 -0.0076701786 0.043193021
   vertex -0.086302224 -0.0079005898 0.042333115
  endloop
 endfacet
 facet normal 8.3002273e-07 0.96592583 -0.25881905
  outer loop
   vertex -0.086979431 -0.0076697773 0.043194517
   vertex -0.086302224 -0.0079005898 0.042333115
   vertex -0.086977861 -0.0079012941 0.042330486
  endloop
 endfacet
 facet normal 8.2944305e-07 0.96592576 -0.25881929
  outer loop
   vertex -0.086304702 -0.0075230308 0.043742184
   vertex -0.086300959 -0.0076701786 0.043193021
   vertex -0.086979431 -0.0076697773 0.043194517
  endloop
 endfacet
 facet normal 8.2944305e-07 0.96592576 -0.25881929
  outer loop
   vertex -0.086304702 -0.0075230308 0.043742184
   vertex -0.086979431 -0.0076697773 0.043194517
   vertex -0.086985775 -0.0075221208 0.043745553
  endloop
 endfacet
 facet normal 8.7619866e-08 0.96592583 -0.25881904
  outer loop
   vertex -0.086304115 -0.0072347884 0.044817919
   vertex -0.085643144 -0.0072346432 0.044818461
   vertex -0.085643832 -0.007372646 0.044303428
  endloop
 endfacet
 facet normal 8.7619866e-08 0.96592583 -0.25881904
  outer loop
   vertex -0.086304115 -0.0072347884 0.044817919
   vertex -0.085643832 -0.007372646 0.044303428
   vertex -0.086306286 -0.0073723787 0.044304424
  endloop
 endfacet
 facet normal 4.0441131e-15 0.96592583 -0.25881904
  outer loop
   vertex -0.084995078 -0.0075234584 0.043740589
   vertex -0.085643572 -0.0075234185 0.043740737
   vertex -0.085643832 -0.007372646 0.044303428
  endloop
 endfacet
 facet normal 4.0441131e-15 0.96592583 -0.25881904
  outer loop
   vertex -0.084995078 -0.0075234584 0.043740589
   vertex -0.085643832 -0.007372646 0.044303428
   vertex -0.084993815 -0.007372713 0.044303178
  endloop
 endfacet
 facet normal 6.8693872e-07 0.96592569 -0.25881955
  outer loop
   vertex -0.086304702 -0.0075230308 0.043742184
   vertex -0.086306286 -0.0073723787 0.044304424
   vertex -0.085643832 -0.007372646 0.044303428
  endloop
 endfacet
 facet normal 6.8693872e-07 0.96592569 -0.25881955
  outer loop
   vertex -0.086304702 -0.0075230308 0.043742184
   vertex -0.085643832 -0.007372646 0.044303428
   vertex -0.085643572 -0.0075234185 0.043740737
  endloop
 endfacet
 facet normal 0.00046009962 0.96582982 -0.25917665
  outer loop
   vertex -0.087662063 -0.0075188736 0.043757239
   vertex -0.087663902 -0.0073686964 0.044316876
   vertex -0.086987844 -0.0073716566 0.044307045
  endloop
 endfacet
 facet normal 0.00046009962 0.96582982 -0.25917665
  outer loop
   vertex -0.087662063 -0.0075188736 0.043757239
   vertex -0.086987844 -0.0073716566 0.044307045
   vertex -0.086985775 -0.0075221208 0.043745553
  endloop
 endfacet
 facet normal 2.7964997e-05 0.96592599 -0.25881843
  outer loop
   vertex -0.086304115 -0.0072347884 0.044817919
   vertex -0.086306286 -0.0073723787 0.044304424
   vertex -0.086987844 -0.0073716566 0.044307045
  endloop
 endfacet
 facet normal 2.7964997e-05 0.96592599 -0.25881843
  outer loop
   vertex -0.086304115 -0.0072347884 0.044817919
   vertex -0.086987844 -0.0073716566 0.044307045
   vertex -0.0869809 -0.0072352047 0.044816348
  endloop
 endfacet
 facet normal 9.8790478e-06 0.96592024 -0.25883988
  outer loop
   vertex -0.086304702 -0.0075230308 0.043742184
   vertex -0.086985775 -0.0075221208 0.043745553
   vertex -0.086987844 -0.0073716566 0.044307045
  endloop
 endfacet
 facet normal 9.8790478e-06 0.96592024 -0.25883988
  outer loop
   vertex -0.086304702 -0.0075230308 0.043742184
   vertex -0.086987844 -0.0073716566 0.044307045
   vertex -0.086306286 -0.0073723787 0.044304424
  endloop
 endfacet
 facet normal -3.4272808e-15 0.96592583 -0.25881904
  outer loop
   vertex -0.086300959 -0.0076701786 0.043193021
   vertex -0.085642451 -0.0076704343 0.043192067
   vertex -0.085642545 -0.007900314 0.042334144
  endloop
 endfacet
 facet normal -3.4272808e-15 0.96592583 -0.25881904
  outer loop
   vertex -0.086300959 -0.0076701786 0.043193021
   vertex -0.085642545 -0.007900314 0.042334144
   vertex -0.086302224 -0.0079005898 0.042333115
  endloop
 endfacet
 facet normal 1.477666e-15 0.96592583 -0.25881904
  outer loop
   vertex -0.084995078 -0.0075234584 0.043740589
   vertex -0.084995974 -0.0076704764 0.04319191
   vertex -0.085642451 -0.0076704343 0.043192067
  endloop
 endfacet
 facet normal 1.477666e-15 0.96592583 -0.25881904
  outer loop
   vertex -0.084995078 -0.0075234584 0.043740589
   vertex -0.085642451 -0.0076704343 0.043192067
   vertex -0.085643572 -0.0075234185 0.043740737
  endloop
 endfacet
 facet normal 2.2412225e-07 0.96592583 -0.25881904
  outer loop
   vertex -0.086304702 -0.0075230308 0.043742184
   vertex -0.085643572 -0.0075234185 0.043740737
   vertex -0.085642451 -0.0076704343 0.043192067
  endloop
 endfacet
 facet normal 2.2412225e-07 0.96592583 -0.25881904
  outer loop
   vertex -0.086304702 -0.0075230308 0.043742184
   vertex -0.085642451 -0.0076704343 0.043192067
   vertex -0.086300959 -0.0076701786 0.043193021
  endloop
 endfacet
 facet normal 6.9404449e-07 0.96592597 -0.2588185
  outer loop
   vertex -0.087662234 -0.0080367387 0.041824998
   vertex -0.086985697 -0.0080384205 0.041818724
   vertex -0.086984954 -0.0081802534 0.041289395
  endloop
 endfacet
 facet normal 6.9404449e-07 0.96592597 -0.2588185
  outer loop
   vertex -0.087662234 -0.0080367387 0.041824998
   vertex -0.086984954 -0.0081802534 0.041289395
   vertex -0.087663535 -0.0081809268 0.041286839
  endloop
 endfacet
 facet normal -2.2961413e-15 0.96592583 -0.25881904
  outer loop
   vertex -0.086977861 -0.0079012941 0.042330486
   vertex -0.086302224 -0.0079005898 0.042333115
   vertex -0.086304654 -0.0080387062 0.041817657
  endloop
 endfacet
 facet normal -2.2961413e-15 0.96592583 -0.25881904
  outer loop
   vertex -0.086977861 -0.0079012941 0.042330486
   vertex -0.086304654 -0.0080387062 0.041817657
   vertex -0.086985697 -0.0080384205 0.041818724
  endloop
 endfacet
 facet normal 5.921836e-16 0.96592583 -0.25881904
  outer loop
   vertex -0.085644932 -0.0084125507 0.040422451
   vertex -0.085643437 -0.0081804833 0.041288538
   vertex -0.084995371 -0.008180522 0.041288394
  endloop
 endfacet
 facet normal 5.921836e-16 0.96592583 -0.25881904
  outer loop
   vertex -0.085644932 -0.0084125507 0.040422451
   vertex -0.084995371 -0.008180522 0.041288394
   vertex -0.084995279 -0.0084127072 0.040421867
  endloop
 endfacet
 facet normal 1.6221339e-05 0.96592705 -0.25881446
  outer loop
   vertex -0.087663535 -0.0081809268 0.041286839
   vertex -0.086984954 -0.0081802534 0.041289395
   vertex -0.086986252 -0.0084122985 0.040423374
  endloop
 endfacet
 facet normal 1.6221339e-05 0.96592705 -0.25881446
  outer loop
   vertex -0.087663535 -0.0081809268 0.041286839
   vertex -0.086986252 -0.0084122985 0.040423374
   vertex -0.087643828 -0.0084134282 0.040418798
  endloop
 endfacet
 facet normal 4.4363313e-15 0.96592583 -0.25881904
  outer loop
   vertex -0.086304654 -0.0080387062 0.041817657
   vertex -0.086302224 -0.0079005898 0.042333115
   vertex -0.085642545 -0.007900314 0.042334144
  endloop
 endfacet
 facet normal 4.4363313e-15 0.96592583 -0.25881904
  outer loop
   vertex -0.086304654 -0.0080387062 0.041817657
   vertex -0.085642545 -0.007900314 0.042334144
   vertex -0.085643279 -0.0080388363 0.041817172
  endloop
 endfacet
 facet normal 5.5975568e-16 0.96592583 -0.25881904
  outer loop
   vertex -0.084994225 -0.0080388808 0.041817006
   vertex -0.084995371 -0.008180522 0.041288394
   vertex -0.085643437 -0.0081804833 0.041288538
  endloop
 endfacet
 facet normal 5.5975568e-16 0.96592583 -0.25881904
  outer loop
   vertex -0.084994225 -0.0080388808 0.041817006
   vertex -0.085643437 -0.0081804833 0.041288538
   vertex -0.085643279 -0.0080388363 0.041817172
  endloop
 endfacet
 facet normal 1 3.700084e-07 -1.409182e-07
  outer loop
   vertex -0.088410981 -0.0069916847 0.041279296
   vertex -0.088410981 -0.0070538688 0.041922967
   vertex -0.088410981 -0.0079883811 0.042005442
  endloop
 endfacet
 facet normal 1 3.700084e-07 -1.409182e-07
  outer loop
   vertex -0.088410981 -0.0069916847 0.041279296
   vertex -0.088410981 -0.0079883811 0.042005442
   vertex -0.088410986 -0.0076505609 0.041291567
  endloop
 endfacet
 facet normal 1 4.2645851e-07 8.8757216e-06
  outer loop
   vertex -0.088410986 -0.0070152969 0.04253508
   vertex -0.088410981 -0.0070538688 0.041922967
   vertex -0.088410981 -0.0063363772 0.041896884
  endloop
 endfacet
 facet normal 1 4.2645851e-07 8.8757216e-06
  outer loop
   vertex -0.088410986 -0.0070152969 0.04253508
   vertex -0.088410981 -0.0063363772 0.041896884
   vertex -0.088410981 -0.0063328103 0.042520294
  endloop
 endfacet
 facet normal 1 2.1970165e-14 4.4551915e-14
  outer loop
   vertex -0.088410981 -0.0056553363 0.041257529
   vertex -0.088410981 -0.0056468461 0.040630348
   vertex -0.088410981 -0.005008555 0.040627081
  endloop
 endfacet
 facet normal 1 2.1970165e-14 4.4551915e-14
  outer loop
   vertex -0.088410981 -0.0056553363 0.041257529
   vertex -0.088410981 -0.005008555 0.040627081
   vertex -0.088410981 -0.0050120879 0.041252974
  endloop
 endfacet
 facet normal 1 1.2475041e-07 1.5281559e-07
  outer loop
   vertex -0.088410981 -0.0062972179 0.040636553
   vertex -0.088410981 -0.0062866161 0.040009155
   vertex -0.088410981 -0.0056408505 0.040003922
  endloop
 endfacet
 facet normal 1 1.2475041e-07 1.5281559e-07
  outer loop
   vertex -0.088410981 -0.0062972179 0.040636553
   vertex -0.088410981 -0.0056408505 0.040003922
   vertex -0.088410981 -0.0056468461 0.040630348
  endloop
 endfacet
 facet normal 0.99999999 -0.00013395308 -1.1020967e-05
  outer loop
   vertex -0.088411072 -0.0076185412 0.040654228
   vertex -0.088410984 -0.0069596394 0.040645331
   vertex -0.088410981 -0.0069916847 0.041279296
  endloop
 endfacet
 facet normal 0.99999999 -0.00013395308 -1.1020967e-05
  outer loop
   vertex -0.088411072 -0.0076185412 0.040654228
   vertex -0.088410981 -0.0069916847 0.041279296
   vertex -0.088410986 -0.0076505609 0.041291567
  endloop
 endfacet
 facet normal 1 1.0724439e-06 1.6882983e-07
  outer loop
   vertex -0.08841098 -0.0069496057 0.040018977
   vertex -0.088410981 -0.0062866161 0.040009155
   vertex -0.088410981 -0.0062972179 0.040636553
  endloop
 endfacet
 facet normal 1 1.0724439e-06 1.6882983e-07
  outer loop
   vertex -0.08841098 -0.0069496057 0.040018977
   vertex -0.088410981 -0.0062972179 0.040636553
   vertex -0.088410984 -0.0069596394 0.040645331
  endloop
 endfacet
 facet normal 1 -3.5427084e-07 3.8665464e-07
  outer loop
   vertex -0.088410981 -0.0056667602 0.042510418
   vertex -0.088410981 -0.0063328103 0.042520294
   vertex -0.088410981 -0.0063363772 0.041896884
  endloop
 endfacet
 facet normal 1 -3.5427084e-07 3.8665464e-07
  outer loop
   vertex -0.088410981 -0.0056667602 0.042510418
   vertex -0.088410981 -0.0063363772 0.041896884
   vertex -0.088410981 -0.0056639 0.041884715
  endloop
 endfacet
 facet normal 1 -1.992338e-16 -2.2129791e-14
  outer loop
   vertex -0.088410981 -0.0050156259 0.041878879
   vertex -0.088410981 -0.0056639 0.041884715
   vertex -0.088410981 -0.0056553363 0.041257529
  endloop
 endfacet
 facet normal 1 -1.992338e-16 -2.2129791e-14
  outer loop
   vertex -0.088410981 -0.0050156259 0.041878879
   vertex -0.088410981 -0.0056553363 0.041257529
   vertex -0.088410981 -0.0050120879 0.041252974
  endloop
 endfacet
 facet normal 1 0 0
  outer loop
   vertex -0.088410981 -0.0018752077 0.046250055
   vertex -0.088410981 -0.0018754392 0.046875139
   vertex -0.088410981 -0.0025020335 0.046875541
  endloop
 endfacet
 facet normal 1 0 0
  outer loop
   vertex -0.088410981 -0.0018752077 0.046250055
   vertex -0.088410981 -0.0025020335 0.046875541
   vertex -0.088410981 -0.0025013066 0.04625033
  endloop
 endfacet
 facet normal 1 -2.2176691e-14 -4.4392381e-14
  outer loop
   vertex -0.088410981 -0.0012496307 0.046874991
   vertex -0.088410981 -0.0012497142 0.047500265
   vertex -0.088410981 -0.0018757366 0.047500385
  endloop
 endfacet
 facet normal 1 -2.2176691e-14 -4.4392381e-14
  outer loop
   vertex -0.088410981 -0.0012496307 0.046874991
   vertex -0.088410981 -0.0018757366 0.047500385
   vertex -0.088410981 -0.0018754392 0.046875139
  endloop
 endfacet
 facet normal 1 2.5486256e-17 2.2201265e-14
  outer loop
   vertex -0.088410981 -0.001249239 0.045624816
   vertex -0.088410981 -0.001248903 0.044999726
   vertex -0.088410981 -0.00062106386 0.044999005
  endloop
 endfacet
 facet normal 1 2.5486256e-17 2.2201265e-14
  outer loop
   vertex -0.088410981 -0.001249239 0.045624816
   vertex -0.088410981 -0.00062106386 0.044999005
   vertex -0.088410981 -0.00062208337 0.045624288
  endloop
 endfacet
 facet normal 1 2.1990658e-14 -2.2120044e-14
  outer loop
   vertex -0.088410981 8.9797722e-06 0.045622794
   vertex -0.088410981 7.2461313e-06 0.046248456
   vertex -0.088410981 -0.00062275376 0.046249526
  endloop
 endfacet
 facet normal 1 2.1990658e-14 -2.2120044e-14
  outer loop
   vertex -0.088410981 8.9797722e-06 0.045622794
   vertex -0.088410981 -0.00062275376 0.046249526
   vertex -0.088410981 -0.00062208337 0.045624288
  endloop
 endfacet
 facet normal 1 -0 0
  outer loop
   vertex -0.088410981 -0.0025008132 0.045625206
   vertex -0.088410981 -0.0018750211 0.045625007
   vertex -0.088410981 -0.0018752077 0.046250055
  endloop
 endfacet
 facet normal 1 -0 0
  outer loop
   vertex -0.088410981 -0.0025008132 0.045625206
   vertex -0.088410981 -0.0018752077 0.046250055
   vertex -0.088410981 -0.0025013066 0.04625033
  endloop
 endfacet
 facet normal 1 8.5345972e-18 2.2201256e-14
  outer loop
   vertex -0.088410981 -0.0018748604 0.044999966
   vertex -0.088410981 -0.001248903 0.044999726
   vertex -0.088410981 -0.001249239 0.045624816
  endloop
 endfacet
 facet normal 1 8.5345972e-18 2.2201256e-14
  outer loop
   vertex -0.088410981 -0.0018748604 0.044999966
   vertex -0.088410981 -0.001249239 0.045624816
   vertex -0.088410981 -0.0018750211 0.045625007
  endloop
 endfacet
 facet normal 1 2.2156331e-14 -4.4386461e-14
  outer loop
   vertex -0.088410981 -0.0006232409 0.047500323
   vertex -0.088410981 -0.0012497142 0.047500265
   vertex -0.088410981 -0.0012496307 0.046874991
  endloop
 endfacet
 facet normal 1 2.2156331e-14 -4.4386461e-14
  outer loop
   vertex -0.088410981 -0.0006232409 0.047500323
   vertex -0.088410981 -0.0012496307 0.046874991
   vertex -0.088410981 -0.00062311562 0.046874785
  endloop
 endfacet
 facet normal 1 2.2028295e-14 3.3334836e-17
  outer loop
   vertex -0.088410981 -0.00062275376 0.046249526
   vertex -0.088410981 7.2461313e-06 0.046248456
   vertex -0.088410981 6.299297e-06 0.046874142
  endloop
 endfacet
 facet normal 1 2.2028295e-14 3.3334836e-17
  outer loop
   vertex -0.088410981 -0.00062275376 0.046249526
   vertex -0.088410981 6.299297e-06 0.046874142
   vertex -0.088410981 -0.00062311562 0.046874785
  endloop
 endfacet
 facet normal 1.3229028e-15 -0.96592583 0.25881903
  outer loop
   vertex -0.08564289 0.0028788359 0.043925447
   vertex -0.084993818 0.0028788444 0.043925478
   vertex -0.084994128 0.0030171507 0.044441645
  endloop
 endfacet
 facet normal 1.3229028e-15 -0.96592583 0.25881903
  outer loop
   vertex -0.08564289 0.0028788359 0.043925447
   vertex -0.084994128 0.0030171507 0.044441645
   vertex -0.085643601 0.0030171132 0.044441505
  endloop
 endfacet
 facet normal 1.3230217e-15 -0.96592583 0.25881903
  outer loop
   vertex -0.084993818 0.0028788444 0.043925478
   vertex -0.08564289 0.0028788359 0.043925447
   vertex -0.085642753 0.0026477443 0.043063001
  endloop
 endfacet
 facet normal 1.3230217e-15 -0.96592583 0.25881903
  outer loop
   vertex -0.084993818 0.0028788444 0.043925478
   vertex -0.085642753 0.0026477443 0.043063001
   vertex -0.084995616 0.0026478001 0.043063209
  endloop
 endfacet
 facet normal 2.2128794e-07 -0.96592569 0.25881954
  outer loop
   vertex -0.085643366 0.0031678212 0.045003955
   vertex -0.086303879 0.0031674792 0.045002679
   vertex -0.08630542 0.0030169222 0.044440794
  endloop
 endfacet
 facet normal 2.2128794e-07 -0.96592569 0.25881954
  outer loop
   vertex -0.085643366 0.0031678212 0.045003955
   vertex -0.08630542 0.0030169222 0.044440794
   vertex -0.085643601 0.0030171132 0.044441505
  endloop
 endfacet
 facet normal 8.7590355e-08 -0.96592585 0.25881897
  outer loop
   vertex -0.08564289 0.0028788359 0.043925447
   vertex -0.086303205 0.002879059 0.04392628
   vertex -0.086302016 0.0026474794 0.043062012
  endloop
 endfacet
 facet normal 8.7590355e-08 -0.96592585 0.25881897
  outer loop
   vertex -0.08564289 0.0028788359 0.043925447
   vertex -0.086302016 0.0026474794 0.043062012
   vertex -0.085642753 0.0026477443 0.043063001
  endloop
 endfacet
 facet normal 0.00013167022 -0.96604492 0.25837413
  outer loop
   vertex -0.087661544 0.0030138634 0.044430666
   vertex -0.087634418 0.0028818531 0.043937074
   vertex -0.086979207 0.0028796256 0.043928411
  endloop
 endfacet
 facet normal 0.00013167022 -0.96604492 0.25837413
  outer loop
   vertex -0.087661544 0.0030138634 0.044430666
   vertex -0.086979207 0.0028796256 0.043928411
   vertex -0.086986203 0.0030163786 0.044438838
  endloop
 endfacet
 facet normal 1.0755603e-05 -0.9659257 0.25881952
  outer loop
   vertex -0.08630542 0.0030169222 0.044440794
   vertex -0.086303879 0.0031674792 0.045002679
   vertex -0.086984222 0.0031666571 0.044999639
  endloop
 endfacet
 facet normal 1.0755603e-05 -0.9659257 0.25881952
  outer loop
   vertex -0.08630542 0.0030169222 0.044440794
   vertex -0.086984222 0.0031666571 0.044999639
   vertex -0.086986203 0.0030163786 0.044438838
  endloop
 endfacet
 facet normal 3.7355351e-05 -0.96594615 0.25874319
  outer loop
   vertex -0.087639158 0.0022142798 0.041445663
   vertex -0.087663569 0.0019799633 0.04057091
   vertex -0.086984969 0.0019797205 0.040569906
  endloop
 endfacet
 facet normal 3.7355351e-05 -0.96594615 0.25874319
  outer loop
   vertex -0.087639158 0.0022142798 0.041445663
   vertex -0.086984969 0.0019797205 0.040569906
   vertex -0.086982715 0.0022126447 0.041439205
  endloop
 endfacet
 facet normal 0.0001398121 -0.96593274 0.2587932
  outer loop
   vertex -0.087639158 0.0022142798 0.041445663
   vertex -0.086982715 0.0022126447 0.041439205
   vertex -0.086989657 0.0023486095 0.04194669
  endloop
 endfacet
 facet normal 0.0001398121 -0.96593274 0.2587932
  outer loop
   vertex -0.087639158 0.0022142798 0.041445663
   vertex -0.086989657 0.0023486095 0.04194669
   vertex -0.087666447 0.0023449378 0.041934207
  endloop
 endfacet
 facet normal 9.818772e-06 -0.9659202 0.25884003
  outer loop
   vertex -0.086305696 0.002500199 0.042512355
   vertex -0.086987576 0.0024991951 0.042508635
   vertex -0.086989657 0.0023486095 0.04194669
  endloop
 endfacet
 facet normal 9.818772e-06 -0.9659202 0.25884003
  outer loop
   vertex -0.086305696 0.002500199 0.042512355
   vertex -0.086989657 0.0023486095 0.04194669
   vertex -0.086307259 0.0023496088 0.041950346
  endloop
 endfacet
 facet normal 6.6576441e-06 -0.96592689 0.25881508
  outer loop
   vertex -0.086305091 0.002212444 0.041438438
   vertex -0.086982715 0.0022126447 0.041439205
   vertex -0.086984969 0.0019797205 0.040569906
  endloop
 endfacet
 facet normal 6.6576441e-06 -0.96592689 0.25881508
  outer loop
   vertex -0.086305091 0.002212444 0.041438438
   vertex -0.086984969 0.0019797205 0.040569906
   vertex -0.086304014 0.001980202 0.040571699
  endloop
 endfacet
 facet normal 2.8043115e-05 -0.96592599 0.25881842
  outer loop
   vertex -0.086305091 0.002212444 0.041438438
   vertex -0.086307259 0.0023496088 0.041950346
   vertex -0.086989657 0.0023486095 0.04194669
  endloop
 endfacet
 facet normal 2.8043115e-05 -0.96592599 0.25881842
  outer loop
   vertex -0.086305091 0.002212444 0.041438438
   vertex -0.086989657 0.0023486095 0.04194669
   vertex -0.086982715 0.0022126447 0.041439205
  endloop
 endfacet
 facet normal 3.1191827e-15 -0.96592583 0.25881903
  outer loop
   vertex -0.086304014 0.001980202 0.040571699
   vertex -0.085643283 0.0019805466 0.040572985
   vertex -0.085643387 0.0022123997 0.041438273
  endloop
 endfacet
 facet normal 3.1191827e-15 -0.96592583 0.25881903
  outer loop
   vertex -0.086304014 0.001980202 0.040571699
   vertex -0.085643387 0.0022123997 0.041438273
   vertex -0.086305091 0.002212444 0.041438438
  endloop
 endfacet
 facet normal 6.8854189e-07 -0.96592569 0.25881954
  outer loop
   vertex -0.086305696 0.002500199 0.042512355
   vertex -0.086307259 0.0023496088 0.041950346
   vertex -0.085644096 0.0023499918 0.041951773
  endloop
 endfacet
 facet normal 6.8854189e-07 -0.96592569 0.25881954
  outer loop
   vertex -0.086305696 0.002500199 0.042512355
   vertex -0.085644096 0.0023499918 0.041951773
   vertex -0.08564385 0.0025006481 0.042514031
  endloop
 endfacet
 facet normal -2.5628642e-15 -0.96592583 0.25881903
  outer loop
   vertex -0.084993041 0.0022124707 0.041438538
   vertex -0.084993427 0.0023500984 0.041952171
   vertex -0.085644096 0.0023499918 0.041951773
  endloop
 endfacet
 facet normal -2.5628642e-15 -0.96592583 0.25881903
  outer loop
   vertex -0.084993041 0.0022124707 0.041438538
   vertex -0.085644096 0.0023499918 0.041951773
   vertex -0.085643387 0.0022123997 0.041438273
  endloop
 endfacet
 facet normal 8.6762533e-08 -0.96592583 0.25881903
  outer loop
   vertex -0.086305091 0.002212444 0.041438438
   vertex -0.085643387 0.0022123997 0.041438273
   vertex -0.085644096 0.0023499918 0.041951773
  endloop
 endfacet
 facet normal 8.6762533e-08 -0.96592583 0.25881903
  outer loop
   vertex -0.086305091 0.002212444 0.041438438
   vertex -0.085644096 0.0023499918 0.041951773
   vertex -0.086307259 0.0023496088 0.041950346
  endloop
 endfacet
 facet normal 0.0016180098 -0.99573894 0.092202727
  outer loop
   vertex -0.082412234 0.0037019694 0.047492856
   vertex -0.083050929 0.0037016141 0.047500228
   vertex -0.083049755 0.0036482054 0.046923422
  endloop
 endfacet
 facet normal 0.0016180098 -0.99573894 0.092202727
  outer loop
   vertex -0.082412234 0.0037019694 0.047492856
   vertex -0.083049755 0.0036482054 0.046923422
   vertex -0.082417108 0.0036450019 0.046893491
  endloop
 endfacet
 facet normal -0.00042627214 -0.96679117 0.25556732
  outer loop
   vertex -0.082424126 0.0035503286 0.046435777
   vertex -0.083040977 0.0035455129 0.046416531
   vertex -0.083063928 0.0033173842 0.045553499
  endloop
 endfacet
 facet normal -0.00042627214 -0.96679117 0.25556732
  outer loop
   vertex -0.082424126 0.0035503286 0.046435777
   vertex -0.083063928 0.0033173842 0.045553499
   vertex -0.082411212 0.0033012783 0.04552955
  endloop
 endfacet
 facet normal -0.00042627214 -0.96679117 0.25556732
  outer loop
   vertex -0.082424126 0.0035503286 0.046435777
   vertex -0.082411212 0.0033012783 0.04552955
   vertex -0.082411519 0.003458526 0.046153888
  endloop
 endfacet
 facet normal 0.0046208187 -0.97927509 0.20248196
  outer loop
   vertex -0.082424126 0.0035503286 0.046435777
   vertex -0.082417108 0.0036450019 0.046893491
   vertex -0.083049755 0.0036482054 0.046923422
  endloop
 endfacet
 facet normal 0.0046208187 -0.97927509 0.20248196
  outer loop
   vertex -0.082424126 0.0035503286 0.046435777
   vertex -0.083049755 0.0036482054 0.046923422
   vertex -0.083040977 0.0035455129 0.046416531
  endloop
 endfacet
 facet normal 0.0032177681 -0.96610839 0.25811667
  outer loop
   vertex -0.08368557 0.0035425082 0.046403869
   vertex -0.083699794 0.0033144219 0.045550339
   vertex -0.083063928 0.0033173842 0.045553499
  endloop
 endfacet
 facet normal 0.0032177681 -0.96610839 0.25811667
  outer loop
   vertex -0.08368557 0.0035425082 0.046403869
   vertex -0.083063928 0.0033173842 0.045553499
   vertex -0.083040977 0.0035455129 0.046416531
  endloop
 endfacet
 facet normal 0.00066796797 -0.98008646 0.19857011
  outer loop
   vertex -0.08368557 0.0035425082 0.046403869
   vertex -0.083040977 0.0035455129 0.046416531
   vertex -0.083049755 0.0036482054 0.046923422
  endloop
 endfacet
 facet normal 0.00066796797 -0.98008646 0.19857011
  outer loop
   vertex -0.08368557 0.0035425082 0.046403869
   vertex -0.083049755 0.0036482054 0.046923422
   vertex -0.083683761 0.0036490654 0.046922388
  endloop
 endfacet
 facet normal -0.001500012 -0.99580607 0.091476905
  outer loop
   vertex -0.083683942 0.0037021495 0.047500252
   vertex -0.083683761 0.0036490654 0.046922388
   vertex -0.083049755 0.0036482054 0.046923422
  endloop
 endfacet
 facet normal -0.001500012 -0.99580607 0.091476905
  outer loop
   vertex -0.083683942 0.0037021495 0.047500252
   vertex -0.083049755 0.0036482054 0.046923422
   vertex -0.083050929 0.0037016141 0.047500228
  endloop
 endfacet
 facet normal 0.00029793104 -0.9659287 0.25880815
  outer loop
   vertex -0.083699794 0.0033144219 0.045550339
   vertex -0.084350476 0.0033143206 0.04555071
   vertex -0.084347338 0.0031675906 0.045003078
  endloop
 endfacet
 facet normal 0.00029793104 -0.9659287 0.25880815
  outer loop
   vertex -0.083699794 0.0033144219 0.045550339
   vertex -0.084347338 0.0031675906 0.045003078
   vertex -0.083694674 0.0031669348 0.045000517
  endloop
 endfacet
 facet normal 0.0031888746 -0.96485686 0.26275668
  outer loop
   vertex -0.083064561 0.0031637502 0.044989355
   vertex -0.083063928 0.0033173842 0.045553499
   vertex -0.083699794 0.0033144219 0.045550339
  endloop
 endfacet
 facet normal 0.0031888746 -0.96485686 0.26275668
  outer loop
   vertex -0.083064561 0.0031637502 0.044989355
   vertex -0.083699794 0.0033144219 0.045550339
   vertex -0.083694674 0.0031669348 0.045000517
  endloop
 endfacet
 facet normal -0.0011056753 -0.99962295 -0.027435898
  outer loop
   vertex -0.082412234 0.0037019694 0.047492856
   vertex -0.082412207 0.0036845278 0.048128339
   vertex -0.083049174 0.003685709 0.048110968
  endloop
 endfacet
 facet normal -0.0011056753 -0.99962295 -0.027435898
  outer loop
   vertex -0.082412234 0.0037019694 0.047492856
   vertex -0.083049174 0.003685709 0.048110968
   vertex -0.083050929 0.0037016141 0.047500228
  endloop
 endfacet
 facet normal -0.0017360581 -0.98904383 -0.14761197
  outer loop
   vertex -0.082416234 0.0035937189 0.048719886
   vertex -0.083043908 0.0036004183 0.04868238
   vertex -0.083049174 0.003685709 0.048110968
  endloop
 endfacet
 facet normal -0.0017360581 -0.98904383 -0.14761197
  outer loop
   vertex -0.082416234 0.0035937189 0.048719886
   vertex -0.083049174 0.003685709 0.048110968
   vertex -0.082412207 0.0036845278 0.048128339
  endloop
 endfacet
 facet normal -0.00062184265 -0.98928346 -0.14600633
  outer loop
   vertex -0.083679051 0.0036021833 0.04867959
   vertex -0.08368246 0.003686654 0.048107263
   vertex -0.083049174 0.003685709 0.048110968
  endloop
 endfacet
 facet normal -0.00062184265 -0.98928346 -0.14600633
  outer loop
   vertex -0.083679051 0.0036021833 0.04867959
   vertex -0.083049174 0.003685709 0.048110968
   vertex -0.083043908 0.0036004183 0.04868238
  endloop
 endfacet
 facet normal -0.00084646977 -0.99966078 -0.026031044
  outer loop
   vertex -0.083683942 0.0037021495 0.047500252
   vertex -0.083050929 0.0037016141 0.047500228
   vertex -0.083049174 0.003685709 0.048110968
  endloop
 endfacet
 facet normal -0.00084646977 -0.99966078 -0.026031044
  outer loop
   vertex -0.083683942 0.0037021495 0.047500252
   vertex -0.083049174 0.003685709 0.048110968
   vertex -0.08368246 0.003686654 0.048107263
  endloop
 endfacet
 facet normal 0.00077305646 -0.99570128 0.0926195
  outer loop
   vertex -0.087673759 0.0037020599 0.04749895
   vertex -0.08766862 0.0036478647 0.046916285
   vertex -0.086990577 0.0036486361 0.046918918
  endloop
 endfacet
 facet normal 0.00077305646 -0.99570128 0.0926195
  outer loop
   vertex -0.087673759 0.0037020599 0.04749895
   vertex -0.086990577 0.0036486361 0.046918918
   vertex -0.086994594 0.0037022134 0.047499445
  endloop
 endfacet
 facet normal -0.00010421502 -0.97935723 0.20213707
  outer loop
   vertex -0.087636743 0.0035444387 0.046413747
   vertex -0.086979549 0.0035420619 0.04640257
   vertex -0.086990577 0.0036486361 0.046918918
  endloop
 endfacet
 facet normal -0.00010421502 -0.97935723 0.20213707
  outer loop
   vertex -0.087636743 0.0035444387 0.046413747
   vertex -0.086990577 0.0036486361 0.046918918
   vertex -0.08766862 0.0036478647 0.046916285
  endloop
 endfacet
 facet normal 0.00021213928 -0.96619887 0.2577978
  outer loop
   vertex -0.087636743 0.0035444387 0.046413747
   vertex -0.087655129 0.0033140447 0.045550269
   vertex -0.086978159 0.0033138103 0.045548834
  endloop
 endfacet
 facet normal 0.00021213928 -0.96619887 0.2577978
  outer loop
   vertex -0.087636743 0.0035444387 0.046413747
   vertex -0.086978159 0.0033138103 0.045548834
   vertex -0.086979549 0.0035420619 0.04640257
  endloop
 endfacet
 facet normal 2.2744515e-05 -0.97930866 0.20237229
  outer loop
   vertex -0.086303079 0.0035412768 0.046399313
   vertex -0.086307433 0.0036486866 0.046919086
   vertex -0.086990577 0.0036486361 0.046918918
  endloop
 endfacet
 facet normal 2.2744515e-05 -0.97930866 0.20237229
  outer loop
   vertex -0.086303079 0.0035412768 0.046399313
   vertex -0.086990577 0.0036486361 0.046918918
   vertex -0.086979549 0.0035420619 0.04640257
  endloop
 endfacet
 facet normal 0.00012215063 -0.96606884 0.2582847
  outer loop
   vertex -0.086303079 0.0035412768 0.046399313
   vertex -0.086979549 0.0035420619 0.04640257
   vertex -0.086978159 0.0033138103 0.045548834
  endloop
 endfacet
 facet normal 0.00012215063 -0.96606884 0.2582847
  outer loop
   vertex -0.086303079 0.0035412768 0.046399313
   vertex -0.086978159 0.0033138103 0.045548834
   vertex -0.086300293 0.0033141403 0.045550026
  endloop
 endfacet
 facet normal 2.7066132e-05 -0.9957682 0.09190039
  outer loop
   vertex -0.086309544 0.0037022149 0.04749926
   vertex -0.086994594 0.0037022134 0.047499445
   vertex -0.086990577 0.0036486361 0.046918918
  endloop
 endfacet
 facet normal 2.7066132e-05 -0.9957682 0.09190039
  outer loop
   vertex -0.086309544 0.0037022149 0.04749926
   vertex -0.086990577 0.0036486361 0.046918918
   vertex -0.086307433 0.0036486866 0.046919086
  endloop
 endfacet
 facet normal 2.2272356e-07 -0.96592588 0.25881885
  outer loop
   vertex -0.086300293 0.0033141403 0.045550026
   vertex -0.086303879 0.0031674792 0.045002679
   vertex -0.085643366 0.0031678212 0.045003955
  endloop
 endfacet
 facet normal 2.2272356e-07 -0.96592588 0.25881885
  outer loop
   vertex -0.086300293 0.0033141403 0.045550026
   vertex -0.085643366 0.0031678212 0.045003955
   vertex -0.085642306 0.0033143614 0.04555085
  endloop
 endfacet
 facet normal 1.3046253e-07 -0.96604244 0.25838344
  outer loop
   vertex -0.085642306 0.0033143614 0.04555085
   vertex -0.084996287 0.0033144098 0.045551031
   vertex -0.084993992 0.0035410157 0.046398263
  endloop
 endfacet
 facet normal 1.3046253e-07 -0.96604244 0.25838344
  outer loop
   vertex -0.085642306 0.0033143614 0.04555085
   vertex -0.084993992 0.0035410157 0.046398263
   vertex -0.085642885 0.0035409652 0.046398061
  endloop
 endfacet
 facet normal 1.0759105e-05 -0.9659259 0.25881879
  outer loop
   vertex -0.086984222 0.0031666571 0.044999639
   vertex -0.086303879 0.0031674792 0.045002679
   vertex -0.086300293 0.0033141403 0.045550026
  endloop
 endfacet
 facet normal 1.0759105e-05 -0.9659259 0.25881879
  outer loop
   vertex -0.086984222 0.0031666571 0.044999639
   vertex -0.086300293 0.0033141403 0.045550026
   vertex -0.086978159 0.0033138103 0.045548834
  endloop
 endfacet
 facet normal 0.99999997 -0.00025260397 -3.179254e-05
  outer loop
   vertex -0.088410797 0.0026875181 0.046836535
   vertex -0.088410978 0.0019688838 0.046858507
   vertex -0.088410999 0.0019652221 0.046230586
  endloop
 endfacet
 facet normal 0.99999997 -0.00025260397 -3.179254e-05
  outer loop
   vertex -0.088410797 0.0026875181 0.046836535
   vertex -0.088410999 0.0019652221 0.046230586
   vertex -0.088411345 0.002651973 0.046215105
  endloop
 endfacet
 facet normal 1 -4.2265826e-06 3.26804e-06
  outer loop
   vertex -0.088410981 0.0012934536 0.046867991
   vertex -0.088410978 0.0019688838 0.046858507
   vertex -0.08841098 0.0019524282 0.047494747
  endloop
 endfacet
 facet normal 1 -4.2265826e-06 3.26804e-06
  outer loop
   vertex -0.088410981 0.0012934536 0.046867991
   vertex -0.08841098 0.0019524282 0.047494747
   vertex -0.088410981 0.0012880677 0.047498442
  endloop
 endfacet
 facet normal 1 2.8137972e-07 4.6099689e-09
  outer loop
   vertex -0.088410981 0.001301059 0.045612301
   vertex -0.088410981 0.00064829638 0.045619245
   vertex -0.088410981 0.000654783 0.044992351
  endloop
 endfacet
 facet normal 1 2.8137972e-07 4.6099689e-09
  outer loop
   vertex -0.088410981 0.001301059 0.045612301
   vertex -0.088410981 0.000654783 0.044992351
   vertex -0.088410982 0.0013146544 0.044983166
  endloop
 endfacet
 facet normal 1 3.5810841e-10 9.700987e-13
  outer loop
   vertex -0.088410981 0.00064470205 0.04624578
   vertex -0.088410981 7.2461313e-06 0.046248456
   vertex -0.088410981 8.9797722e-06 0.045622794
  endloop
 endfacet
 facet normal 1 3.5810841e-10 9.700987e-13
  outer loop
   vertex -0.088410981 0.00064470205 0.04624578
   vertex -0.088410981 8.9797722e-06 0.045622794
   vertex -0.088410981 0.00064829638 0.045619245
  endloop
 endfacet
 facet normal 1 -4.6487e-08 1.1973495e-07
  outer loop
   vertex -0.088410981 0.0012934536 0.046867991
   vertex -0.088410981 0.0012880677 0.047498442
   vertex -0.088410981 0.00064100204 0.047499966
  endloop
 endfacet
 facet normal 1 -4.6487e-08 1.1973495e-07
  outer loop
   vertex -0.088410981 0.0012934536 0.046867991
   vertex -0.088410981 0.00064100204 0.047499966
   vertex -0.088410981 0.00064280261 0.046872333
  endloop
 endfacet
 facet normal 1 3.5810662e-10 5.4191327e-13
  outer loop
   vertex -0.088410981 6.299297e-06 0.046874142
   vertex -0.088410981 7.2461313e-06 0.046248456
   vertex -0.088410981 0.00064470205 0.04624578
  endloop
 endfacet
 facet normal 1 3.5810662e-10 5.4191327e-13
  outer loop
   vertex -0.088410981 6.299297e-06 0.046874142
   vertex -0.088410981 0.00064470205 0.04624578
   vertex -0.088410981 0.00064280261 0.046872333
  endloop
 endfacet
 facet normal 0.99999984 0.00050988599 0.00024961648
  outer loop
   vertex -0.088411173 0.0026215741 0.045588594
   vertex -0.088411345 0.002651973 0.046215105
   vertex -0.088410999 0.0019652221 0.046230586
  endloop
 endfacet
 facet normal 0.99999984 0.00050988599 0.00024961648
  outer loop
   vertex -0.088411173 0.0026215741 0.045588594
   vertex -0.088410999 0.0019652221 0.046230586
   vertex -0.088410992 0.0019667086 0.045601783
  endloop
 endfacet
 facet normal 1 1.6451761e-05 -1.185257e-05
  outer loop
   vertex -0.088411 0.0019899282 0.044969323
   vertex -0.088410992 0.0019667086 0.045601783
   vertex -0.088410981 0.001301059 0.045612301
  endloop
 endfacet
 facet normal 1 1.6451761e-05 -1.185257e-05
  outer loop
   vertex -0.088411 0.0019899282 0.044969323
   vertex -0.088410981 0.001301059 0.045612301
   vertex -0.088410982 0.0013146544 0.044983166
  endloop
 endfacet
 facet normal 0.0002447759 -0.99967061 -0.025663587
  outer loop
   vertex -0.087673759 0.0037020599 0.04749895
   vertex -0.086994594 0.0037022134 0.047499445
   vertex -0.086995955 0.0036865627 0.048109074
  endloop
 endfacet
 facet normal 0.0002447759 -0.99967061 -0.025663587
  outer loop
   vertex -0.087673759 0.0037020599 0.04749895
   vertex -0.086995955 0.0036865627 0.048109074
   vertex -0.087675571 0.0036859387 0.0481137
  endloop
 endfacet
 facet normal -0.00010131871 -0.98894566 -0.14827836
  outer loop
   vertex -0.087674277 0.0035992143 0.048692109
   vertex -0.087675571 0.0036859387 0.0481137
   vertex -0.086995955 0.0036865627 0.048109074
  endloop
 endfacet
 facet normal -0.00010131871 -0.98894566 -0.14827836
  outer loop
   vertex -0.087674277 0.0035992143 0.048692109
   vertex -0.086995955 0.0036865627 0.048109074
   vertex -0.086994774 0.0036013525 0.048683976
  endloop
 endfacet
 facet normal 0.00023511865 -0.98919351 -0.14661562
  outer loop
   vertex -0.086309751 0.0036018273 0.048681871
   vertex -0.086994774 0.0036013525 0.048683976
   vertex -0.086995955 0.0036865627 0.048109074
  endloop
 endfacet
 facet normal 0.00023511865 -0.98919351 -0.14661562
  outer loop
   vertex -0.086309751 0.0036018273 0.048681871
   vertex -0.086995955 0.0036865627 0.048109074
   vertex -0.08631029 0.0036867123 0.048107728
  endloop
 endfacet
 facet normal 0.00016807511 -0.99967558 -0.025469749
  outer loop
   vertex -0.086309544 0.0037022149 0.04749926
   vertex -0.08631029 0.0036867123 0.048107728
   vertex -0.086995955 0.0036865627 0.048109074
  endloop
 endfacet
 facet normal 0.00016807511 -0.99967558 -0.025469749
  outer loop
   vertex -0.086309544 0.0037022149 0.04749926
   vertex -0.086995955 0.0036865627 0.048109074
   vertex -0.086994594 0.0037022134 0.047499445
  endloop
 endfacet
 facet normal 0.00016472849 0.25882754 0.96592354
  outer loop
   vertex -0.08766737 -0.0068741873 0.026907238
   vertex -0.086989863 -0.0068619582 0.026903845
   vertex -0.08698369 -0.0063087456 0.026755606
  endloop
 endfacet
 facet normal 0.00016472849 0.25882754 0.96592354
  outer loop
   vertex -0.08766737 -0.0068741873 0.026907238
   vertex -0.08698369 -0.0063087456 0.026755606
   vertex -0.087661955 -0.0063077974 0.026755379
  endloop
 endfacet
 facet normal 2.8236398e-05 0.25881949 0.96592571
  outer loop
   vertex -0.086991683 -0.0074251112 0.027054755
   vertex -0.086308327 -0.0074198219 0.027053318
   vertex -0.086306932 -0.0068575269 0.026902651
  endloop
 endfacet
 facet normal 2.8236398e-05 0.25881949 0.96592571
  outer loop
   vertex -0.086991683 -0.0074251112 0.027054755
   vertex -0.086306932 -0.0068575269 0.026902651
   vertex -0.086989863 -0.0068619582 0.026903845
  endloop
 endfacet
 facet normal 1.2814324e-15 0.25881901 0.96592584
  outer loop
   vertex -0.084993389 -0.0054409493 0.02652308
   vertex -0.08564323 -0.0054412574 0.026523162
   vertex -0.085643126 -0.0063055794 0.026754757
  endloop
 endfacet
 facet normal 1.2814324e-15 0.25881901 0.96592584
  outer loop
   vertex -0.084993389 -0.0054409493 0.02652308
   vertex -0.085643126 -0.0063055794 0.026754757
   vertex -0.084995179 -0.0063051928 0.026754653
  endloop
 endfacet
 facet normal 7.1610681e-07 0.25881955 0.96592569
  outer loop
   vertex -0.086306932 -0.0068575269 0.026902651
   vertex -0.086308327 -0.0074198219 0.027053318
   vertex -0.085644339 -0.0074176962 0.027052747
  endloop
 endfacet
 facet normal 7.1610681e-07 0.25881955 0.96592569
  outer loop
   vertex -0.086306932 -0.0068575269 0.026902651
   vertex -0.085644339 -0.0074176962 0.027052747
   vertex -0.085644188 -0.00685539 0.026902078
  endloop
 endfacet
 facet normal 8.9728832e-16 0.25881901 0.96592584
  outer loop
   vertex -0.084994253 -0.0068549015 0.026901947
   vertex -0.084995179 -0.0063051928 0.026754653
   vertex -0.085643126 -0.0063055794 0.026754757
  endloop
 endfacet
 facet normal 8.9728832e-16 0.25881901 0.96592584
  outer loop
   vertex -0.084994253 -0.0068549015 0.026901947
   vertex -0.085643126 -0.0063055794 0.026754757
   vertex -0.085644188 -0.00685539 0.026902078
  endloop
 endfacet
 facet normal 3.7853831e-05 0.25881492 0.96592693
  outer loop
   vertex -0.087661955 -0.0063077974 0.026755379
   vertex -0.08698369 -0.0063087456 0.026755606
   vertex -0.086981483 -0.0054403308 0.026522919
  endloop
 endfacet
 facet normal 3.7853831e-05 0.25881492 0.96592693
  outer loop
   vertex -0.087661955 -0.0063077974 0.026755379
   vertex -0.086981483 -0.0054403308 0.026522919
   vertex -0.087637484 -0.0054338783 0.026521285
  endloop
 endfacet
 facet normal 1.6248101e-05 0.25881441 0.96592707
  outer loop
   vertex -0.087660725 -0.0087927919 0.027421215
   vertex -0.08698266 -0.0087952708 0.027421868
   vertex -0.086984129 -0.0079304046 0.027190132
  endloop
 endfacet
 facet normal 1.6248101e-05 0.25881441 0.96592707
  outer loop
   vertex -0.087660725 -0.0087927919 0.027421215
   vertex -0.086984129 -0.0079304046 0.027190132
   vertex -0.087640995 -0.0079259021 0.027189022
  endloop
 endfacet
 facet normal 6.7010773e-06 0.25881897 0.96592585
  outer loop
   vertex -0.08630266 -0.0087947673 0.027421733
   vertex -0.086305833 -0.0079299323 0.027190001
   vertex -0.086984129 -0.0079304046 0.027190132
  endloop
 endfacet
 facet normal 6.7010773e-06 0.25881897 0.96592585
  outer loop
   vertex -0.08630266 -0.0087947673 0.027421733
   vertex -0.086984129 -0.0079304046 0.027190132
   vertex -0.08698266 -0.0087952708 0.027421868
  endloop
 endfacet
 facet normal 8.994507e-06 0.25881903 0.96592583
  outer loop
   vertex -0.086299121 -0.0098413701 0.027702175
   vertex -0.085641409 -0.009841752 0.027702271
   vertex -0.085642501 -0.0093232076 0.027563328
  endloop
 endfacet
 facet normal 8.994507e-06 0.25881903 0.96592583
  outer loop
   vertex -0.086299121 -0.0098413701 0.027702175
   vertex -0.085642501 -0.0093232076 0.027563328
   vertex -0.086302909 -0.0093239345 0.027563525
  endloop
 endfacet
 facet normal -1.8657816e-15 0.25881901 0.96592584
  outer loop
   vertex -0.08499424 -0.0087939491 0.027421513
   vertex -0.08564249 -0.0087941082 0.027421556
   vertex -0.085642501 -0.0093232076 0.027563328
  endloop
 endfacet
 facet normal -1.8657816e-15 0.25881901 0.96592584
  outer loop
   vertex -0.08499424 -0.0087939491 0.027421513
   vertex -0.085642501 -0.0093232076 0.027563328
   vertex -0.084994018 -0.0093230641 0.027563289
  endloop
 endfacet
 facet normal 4.2067836e-06 0.25882392 0.96592452
  outer loop
   vertex -0.08630266 -0.0087947673 0.027421733
   vertex -0.086302909 -0.0093239345 0.027563525
   vertex -0.085642501 -0.0093232076 0.027563328
  endloop
 endfacet
 facet normal 4.2067836e-06 0.25882392 0.96592452
  outer loop
   vertex -0.08630266 -0.0087947673 0.027421733
   vertex -0.085642501 -0.0093232076 0.027563328
   vertex -0.08564249 -0.0087941082 0.027421556
  endloop
 endfacet
 facet normal 8.4611036e-05 0.25893214 0.96589551
  outer loop
   vertex -0.087660725 -0.0087927919 0.027421215
   vertex -0.087658515 -0.0093313886 0.027565599
   vertex -0.086982738 -0.0093252887 0.027563904
  endloop
 endfacet
 facet normal 8.4611036e-05 0.25893214 0.96589551
  outer loop
   vertex -0.087660725 -0.0087927919 0.027421215
   vertex -0.086982738 -0.0093252887 0.027563904
   vertex -0.08698266 -0.0087952708 0.027421868
  endloop
 endfacet
 facet normal 2.3170404e-05 0.25882482 0.96592428
  outer loop
   vertex -0.086299121 -0.0098413701 0.027702175
   vertex -0.086302909 -0.0093239345 0.027563525
   vertex -0.086982738 -0.0093252887 0.027563904
  endloop
 endfacet
 facet normal 2.3170404e-05 0.25882482 0.96592428
  outer loop
   vertex -0.086299121 -0.0098413701 0.027702175
   vertex -0.086982738 -0.0093252887 0.027563904
   vertex -0.086972635 -0.0098396379 0.027701753
  endloop
 endfacet
 facet normal 4.3026793e-07 0.25885111 0.96591723
  outer loop
   vertex -0.08630266 -0.0087947673 0.027421733
   vertex -0.08698266 -0.0087952708 0.027421868
   vertex -0.086982738 -0.0093252887 0.027563904
  endloop
 endfacet
 facet normal 4.3026793e-07 0.25885111 0.96591723
  outer loop
   vertex -0.08630266 -0.0087947673 0.027421733
   vertex -0.086982738 -0.0093252887 0.027563904
   vertex -0.086302909 -0.0093239345 0.027563525
  endloop
 endfacet
 facet normal 0.99999997 0.00024158416 -4.0139234e-05
  outer loop
   vertex -0.088410853 -0.0075411337 0.027975653
   vertex -0.088411006 -0.0068995074 0.028033431
   vertex -0.088410982 -0.0068895358 0.02869518
  endloop
 endfacet
 facet normal 0.99999997 0.00024158416 -4.0139234e-05
  outer loop
   vertex -0.088410853 -0.0075411337 0.027975653
   vertex -0.088410982 -0.0068895358 0.02869518
   vertex -0.088410979 -0.0075210085 0.028671929
  endloop
 endfacet
 facet normal 0.99999992 -1.3377499e-05 -0.00040379316
  outer loop
   vertex -0.088410988 -0.0062678517 0.028055745
   vertex -0.088411006 -0.0068995074 0.028033431
   vertex -0.088411261 -0.0069087317 0.027403273
  endloop
 endfacet
 facet normal 0.99999992 -1.3377499e-05 -0.00040379316
  outer loop
   vertex -0.088410988 -0.0062678517 0.028055745
   vertex -0.088411261 -0.0069087317 0.027403273
   vertex -0.088411081 -0.006276445 0.027417525
  endloop
 endfacet
 facet normal 1 1.9642967e-10 -8.9073259e-08
  outer loop
   vertex -0.088410981 -0.00500025 0.029361019
   vertex -0.088410981 -0.0056279939 0.029359634
   vertex -0.088410981 -0.0056326975 0.028714635
  endloop
 endfacet
 facet normal 1 1.9642967e-10 -8.9073259e-08
  outer loop
   vertex -0.088410981 -0.00500025 0.029361019
   vertex -0.088410981 -0.0056326975 0.028714635
   vertex -0.088410981 -0.0050045993 0.028715795
  endloop
 endfacet
 facet normal 1 2.2262706e-14 -2.1944191e-14
  outer loop
   vertex -0.088410981 -0.006254809 0.029356134
   vertex -0.088410981 -0.0056279939 0.029359634
   vertex -0.088410981 -0.0056258133 0.029994259
  endloop
 endfacet
 facet normal 1 2.2262706e-14 -2.1944191e-14
  outer loop
   vertex -0.088410981 -0.006254809 0.029356134
   vertex -0.088410981 -0.0056258133 0.029994259
   vertex -0.088410981 -0.0062520635 0.02999256
  endloop
 endfacet
 facet normal 1 4.3486528e-06 2.7700556e-06
  outer loop
   vertex -0.088410981 -0.0075117969 0.029337473
   vertex -0.088410979 -0.0075210085 0.028671929
   vertex -0.088410982 -0.0068895358 0.02869518
  endloop
 endfacet
 facet normal 1 4.3486528e-06 2.7700556e-06
  outer loop
   vertex -0.088410981 -0.0075117969 0.029337473
   vertex -0.088410982 -0.0068895358 0.02869518
   vertex -0.088410981 -0.006882449 0.029348492
  endloop
 endfacet
 facet normal 1 1.3779866e-08 1.3585387e-08
  outer loop
   vertex -0.088410981 -0.0068789595 0.029989219
   vertex -0.088410981 -0.006882449 0.029348492
   vertex -0.088410981 -0.006254809 0.029356134
  endloop
 endfacet
 facet normal 1 1.3779866e-08 1.3585387e-08
  outer loop
   vertex -0.088410981 -0.0068789595 0.029989219
   vertex -0.088410981 -0.006254809 0.029356134
   vertex -0.088410981 -0.0062520635 0.02999256
  endloop
 endfacet
 facet normal 0.99999999 -4.1304438e-06 -0.00016411756
  outer loop
   vertex -0.088411096 -0.0056529552 0.027384709
   vertex -0.088410986 -0.005640735 0.028055547
   vertex -0.088410988 -0.0062678517 0.028055745
  endloop
 endfacet
 facet normal 0.99999999 -4.1304438e-06 -0.00016411756
  outer loop
   vertex -0.088411096 -0.0056529552 0.027384709
   vertex -0.088410988 -0.0062678517 0.028055745
   vertex -0.088411081 -0.006276445 0.027417525
  endloop
 endfacet
 facet normal 1 -3.9252692e-08 -2.4311563e-06
  outer loop
   vertex -0.088410983 -0.0050150071 0.028049338
   vertex -0.088410981 -0.0050045993 0.028715795
   vertex -0.088410981 -0.0056326975 0.028714635
  endloop
 endfacet
 facet normal 1 -3.9252692e-08 -2.4311563e-06
  outer loop
   vertex -0.088410983 -0.0050150071 0.028049338
   vertex -0.088410981 -0.0056326975 0.028714635
   vertex -0.088410986 -0.005640735 0.028055547
  endloop
 endfacet
 facet normal 2.8245624e-05 0.25881838 0.96592601
  outer loop
   vertex -0.086305833 -0.0079299323 0.027190001
   vertex -0.086308327 -0.0074198219 0.027053318
   vertex -0.086991683 -0.0074251112 0.027054755
  endloop
 endfacet
 facet normal 2.8245624e-05 0.25881838 0.96592601
  outer loop
   vertex -0.086305833 -0.0079299323 0.027190001
   vertex -0.086991683 -0.0074251112 0.027054755
   vertex -0.086984129 -0.0079304046 0.027190132
  endloop
 endfacet
 facet normal 7.2056872e-07 0.25881825 0.96592604
  outer loop
   vertex -0.085644339 -0.0074176962 0.027052747
   vertex -0.086308327 -0.0074198219 0.027053318
   vertex -0.086305833 -0.0079299323 0.027190001
  endloop
 endfacet
 facet normal 7.2056872e-07 0.25881825 0.96592604
  outer loop
   vertex -0.085644339 -0.0074176962 0.027052747
   vertex -0.086305833 -0.0079299323 0.027190001
   vertex -0.085643467 -0.0079294891 0.027189882
  endloop
 endfacet
 facet normal 8.8093291e-08 0.25881895 0.96592585
  outer loop
   vertex -0.085643467 -0.0079294891 0.027189882
   vertex -0.086305833 -0.0079299323 0.027190001
   vertex -0.08630266 -0.0087947673 0.027421733
  endloop
 endfacet
 facet normal 8.8093291e-08 0.25881895 0.96592585
  outer loop
   vertex -0.085643467 -0.0079294891 0.027189882
   vertex -0.08630266 -0.0087947673 0.027421733
   vertex -0.08564249 -0.0087941082 0.027421556
  endloop
 endfacet
 facet normal 0.00054881233 0.25895734 0.9658886
  outer loop
   vertex -0.083697764 -0.0029546947 0.025856384
   vertex -0.084350013 -0.0029550028 0.025856837
   vertex -0.084349632 -0.0038158354 0.026087628
  endloop
 endfacet
 facet normal 0.00054881233 0.25895734 0.9658886
  outer loop
   vertex -0.083697764 -0.0029546947 0.025856384
   vertex -0.084349632 -0.0038158354 0.026087628
   vertex -0.083698318 -0.0038163827 0.026087579
  endloop
 endfacet
 facet normal -0.0015977659 0.25774121 0.96621267
  outer loop
   vertex -0.082424226 -0.0029384752 0.025852523
   vertex -0.08305537 -0.0029478356 0.025853976
   vertex -0.083062323 -0.003814157 0.02608506
  endloop
 endfacet
 facet normal -0.0015977659 0.25774121 0.96621267
  outer loop
   vertex -0.082424226 -0.0029384752 0.025852523
   vertex -0.083062323 -0.003814157 0.02608506
   vertex -0.08241121 -0.0038383082 0.026100375
  endloop
 endfacet
 facet normal -0.0015977659 0.25774121 0.96621267
  outer loop
   vertex -0.082424226 -0.0029384752 0.025852523
   vertex -0.08241121 -0.0038383082 0.026100375
   vertex -0.082411512 -0.0032177824 0.025943202
  endloop
 endfacet
 facet normal 0.00085272468 0.25913895 0.96583967
  outer loop
   vertex -0.08305537 -0.0029478356 0.025853976
   vertex -0.083697764 -0.0029546947 0.025856384
   vertex -0.083698318 -0.0038163827 0.026087579
  endloop
 endfacet
 facet normal 0.00085272468 0.25913895 0.96583967
  outer loop
   vertex -0.08305537 -0.0029478356 0.025853976
   vertex -0.083698318 -0.0038163827 0.026087579
   vertex -0.083062323 -0.003814157 0.02608506
  endloop
 endfacet
 facet normal 0.0012116923 -0.96597698 0.25862523
  outer loop
   vertex -0.082421851 -0.0014710662 0.027691357
   vertex -0.0824165 -0.0013523701 0.028134667
   vertex -0.083054833 -0.0013414799 0.028178334
  endloop
 endfacet
 facet normal 0.0012116923 -0.96597698 0.25862523
  outer loop
   vertex -0.082421851 -0.0014710662 0.027691357
   vertex -0.083054833 -0.0013414799 0.028178334
   vertex -0.083044025 -0.0014755093 0.027675038
  endloop
 endfacet
 facet normal 0.00055710349 -0.96569639 0.25967322
  outer loop
   vertex -0.082412167 -0.0012029577 0.028692104
   vertex -0.083059414 -0.0011973378 0.028714392
   vertex -0.083054833 -0.0013414799 0.028178334
  endloop
 endfacet
 facet normal 0.00055710349 -0.96569639 0.25967322
  outer loop
   vertex -0.082412167 -0.0012029577 0.028692104
   vertex -0.083054833 -0.0013414799 0.028178334
   vertex -0.0824165 -0.0013523701 0.028134667
  endloop
 endfacet
 facet normal -0.0002007618 -0.96632332 0.25733091
  outer loop
   vertex -0.083687944 -0.0014787521 0.027662358
   vertex -0.083044025 -0.0014755093 0.027675038
   vertex -0.083054833 -0.0013414799 0.028178334
  endloop
 endfacet
 facet normal -0.0002007618 -0.96632332 0.25733091
  outer loop
   vertex -0.083687944 -0.0014787521 0.027662358
   vertex -0.083054833 -0.0013414799 0.028178334
   vertex -0.083688217 -0.0013399337 0.028180953
  endloop
 endfacet
 facet normal -0.001287849 -0.96593627 0.25877687
  outer loop
   vertex -0.083693476 -0.0011978232 0.028711383
   vertex -0.083688217 -0.0013399337 0.028180953
   vertex -0.083054833 -0.0013414799 0.028178334
  endloop
 endfacet
 facet normal -0.001287849 -0.96593627 0.25877687
  outer loop
   vertex -0.083693476 -0.0011978232 0.028711383
   vertex -0.083054833 -0.0013414799 0.028178334
   vertex -0.083059414 -0.0011973378 0.028714392
  endloop
 endfacet
 facet normal 0.0018540241 -0.96574406 0.25948982
  outer loop
   vertex -0.082633737 -0.00095619912 0.029608797
   vertex -0.083081408 -0.00096134006 0.029592863
   vertex -0.083059414 -0.0011973378 0.028714392
  endloop
 endfacet
 facet normal 0.0018540241 -0.96574406 0.25948982
  outer loop
   vertex -0.082633737 -0.00095619912 0.029608797
   vertex -0.083059414 -0.0011973378 0.028714392
   vertex -0.082412167 -0.0012029577 0.028692104
  endloop
 endfacet
 facet normal 0.0018540241 -0.96574406 0.25948982
  outer loop
   vertex -0.082633737 -0.00095619912 0.029608797
   vertex -0.082412167 -0.0012029577 0.028692104
   vertex -0.082411001 -0.001037859 0.029311413
  endloop
 endfacet
 facet normal 0.00045306175 0.26138791 0.96523373
  outer loop
   vertex -0.083057025 -0.0063039559 0.026752914
   vertex -0.083056737 -0.0068689901 0.026905927
   vertex -0.082411814 -0.0069080905 0.026916213
  endloop
 endfacet
 facet normal 0.00045306175 0.26138791 0.96523373
  outer loop
   vertex -0.083057025 -0.0063039559 0.026752914
   vertex -0.082411814 -0.0069080905 0.026916213
   vertex -0.082411112 -0.0063277425 0.026764807
  endloop
 endfacet
 facet normal -0.99999926 0.0010483465 -0.00061433774
  outer loop
   vertex -0.082411471 -0.0062721705 0.027443043
   vertex -0.082411112 -0.0063277425 0.026764807
   vertex -0.082411814 -0.0069080905 0.026916213
  endloop
 endfacet
 facet normal -0.99999926 0.0010483465 -0.00061433774
  outer loop
   vertex -0.082411471 -0.0062721705 0.027443043
   vertex -0.082411814 -0.0069080905 0.026916213
   vertex -0.082410512 -0.006892165 0.027478165
  endloop
 endfacet
 facet normal -0.00030216521 0.25863215 0.96597584
  outer loop
   vertex -0.083046426 -0.0074250397 0.027054808
   vertex -0.083056737 -0.0068689901 0.026905927
   vertex -0.083688229 -0.0068583161 0.026902872
  endloop
 endfacet
 facet normal -0.00030216521 0.25863215 0.96597584
  outer loop
   vertex -0.083046426 -0.0074250397 0.027054808
   vertex -0.083688229 -0.0068583161 0.026902872
   vertex -0.083680834 -0.007418236 0.027052897
  endloop
 endfacet
 facet normal 4.055572e-05 0.25881893 0.96592586
  outer loop
   vertex -0.084341928 -0.0054401394 0.026522835
   vertex -0.084993389 -0.0054409493 0.02652308
   vertex -0.084995179 -0.0063051928 0.026754653
  endloop
 endfacet
 facet normal 4.055572e-05 0.25881893 0.96592586
  outer loop
   vertex -0.084341928 -0.0054401394 0.026522835
   vertex -0.084995179 -0.0063051928 0.026754653
   vertex -0.084347036 -0.0063055674 0.026754766
  endloop
 endfacet
 facet normal -1.0174371e-05 0.25881127 0.96592791
  outer loop
   vertex -0.084339877 -0.0074172125 0.027052616
   vertex -0.083680834 -0.007418236 0.027052897
   vertex -0.083688229 -0.0068583161 0.026902872
  endloop
 endfacet
 facet normal -1.0174371e-05 0.25881127 0.96592791
  outer loop
   vertex -0.084339877 -0.0074172125 0.027052616
   vertex -0.083688229 -0.0068583161 0.026902872
   vertex -0.084343773 -0.006855765 0.026902181
  endloop
 endfacet
 facet normal -3.1969111e-06 0.25880205 0.96593038
  outer loop
   vertex -0.084994253 -0.0068549015 0.026901947
   vertex -0.084343773 -0.006855765 0.026902181
   vertex -0.084347036 -0.0063055674 0.026754766
  endloop
 endfacet
 facet normal -3.1969111e-06 0.25880205 0.96593038
  outer loop
   vertex -0.084994253 -0.0068549015 0.026901947
   vertex -0.084347036 -0.0063055674 0.026754766
   vertex -0.084995179 -0.0063051928 0.026754653
  endloop
 endfacet
 facet normal -3.3697724e-05 0.28497874 0.95853384
  outer loop
   vertex -0.082411252 -0.0057048781 0.02660206
   vertex -0.082418638 -0.0054209711 0.026517653
   vertex -0.08303828 -0.0054304774 0.026520457
  endloop
 endfacet
 facet normal -3.3697724e-05 0.28497874 0.95853384
  outer loop
   vertex -0.082411252 -0.0057048781 0.02660206
   vertex -0.08303828 -0.0054304774 0.026520457
   vertex -0.083057025 -0.0063039559 0.026752914
  endloop
 endfacet
 facet normal -3.3697724e-05 0.28497874 0.95853384
  outer loop
   vertex -0.082411252 -0.0057048781 0.02660206
   vertex -0.083057025 -0.0063039559 0.026752914
   vertex -0.082411112 -0.0063277425 0.026764807
  endloop
 endfacet
 facet normal -0.55026589 0.21616359 0.80652387
  outer loop
   vertex -0.082411127 -0.008814822 0.02742711
   vertex -0.082410978 -0.0081957094 0.027261278
   vertex -0.082411043 -0.0079049394 0.027183302
  endloop
 endfacet
 facet normal -0.55026589 0.21616359 0.80652387
  outer loop
   vertex -0.082411127 -0.008814822 0.02742711
   vertex -0.082411043 -0.0079049394 0.027183302
   vertex -0.083028135 -0.0079168282 0.027186511
  endloop
 endfacet
 facet normal -0.55026589 0.21616359 0.80652387
  outer loop
   vertex -0.082411127 -0.008814822 0.02742711
   vertex -0.083028135 -0.0079168282 0.027186511
   vertex -0.083055853 -0.0087919288 0.027421022
  endloop
 endfacet
 facet normal -6.6253723e-05 0.25885094 0.96591728
  outer loop
   vertex -0.083690312 -0.0087943787 0.027421635
   vertex -0.083055853 -0.0087919288 0.027421022
   vertex -0.083028135 -0.0079168282 0.027186511
  endloop
 endfacet
 facet normal -6.6253723e-05 0.25885094 0.96591728
  outer loop
   vertex -0.083690312 -0.0087943787 0.027421635
   vertex -0.083028135 -0.0079168282 0.027186511
   vertex -0.083676799 -0.0079261871 0.027188997
  endloop
 endfacet
 facet normal -2.6019338e-05 0.25859617 0.96598552
  outer loop
   vertex -0.083690147 -0.0098405465 0.027701836
   vertex -0.08368859 -0.0093234819 0.027563417
   vertex -0.084344311 -0.0093233255 0.027563357
  endloop
 endfacet
 facet normal -2.6019338e-05 0.25859617 0.96598552
  outer loop
   vertex -0.083690147 -0.0098405465 0.027701836
   vertex -0.084344311 -0.0093233255 0.027563357
   vertex -0.084346028 -0.0098417704 0.027702246
  endloop
 endfacet
 facet normal 3.3230888e-06 0.25881901 0.96592583
  outer loop
   vertex -0.08499424 -0.0087939491 0.027421513
   vertex -0.084994018 -0.0093230641 0.027563289
   vertex -0.084344311 -0.0093233255 0.027563357
  endloop
 endfacet
 facet normal 3.3230888e-06 0.25881901 0.96592583
  outer loop
   vertex -0.08499424 -0.0087939491 0.027421513
   vertex -0.084344311 -0.0093233255 0.027563357
   vertex -0.084345112 -0.0087942356 0.027421591
  endloop
 endfacet
 facet normal -8.0732054e-06 0.25881302 0.96592744
  outer loop
   vertex -0.083690312 -0.0087943787 0.027421635
   vertex -0.084345112 -0.0087942356 0.027421591
   vertex -0.084344311 -0.0093233255 0.027563357
  endloop
 endfacet
 facet normal -8.0732054e-06 0.25881302 0.96592744
  outer loop
   vertex -0.083690312 -0.0087943787 0.027421635
   vertex -0.084344311 -0.0093233255 0.027563357
   vertex -0.08368859 -0.0093234819 0.027563417
  endloop
 endfacet
 facet normal 8.5717302e-05 0.25925843 0.96580798
  outer loop
   vertex -0.082411127 -0.008814822 0.02742711
   vertex -0.083055853 -0.0087919288 0.027421022
   vertex -0.083055708 -0.0093272698 0.027564727
  endloop
 endfacet
 facet normal 8.5717302e-05 0.25925843 0.96580798
  outer loop
   vertex -0.082411127 -0.008814822 0.02742711
   vertex -0.083055708 -0.0093272698 0.027564727
   vertex -0.082411755 -0.009372269 0.027576484
  endloop
 endfacet
 facet normal -0.00019704894 0.25830211 0.96606417
  outer loop
   vertex -0.083690147 -0.0098405465 0.027701836
   vertex -0.083046593 -0.0098306385 0.027699318
   vertex -0.083055708 -0.0093272698 0.027564727
  endloop
 endfacet
 facet normal -0.00019704894 0.25830211 0.96606417
  outer loop
   vertex -0.083690147 -0.0098405465 0.027701836
   vertex -0.083055708 -0.0093272698 0.027564727
   vertex -0.08368859 -0.0093234819 0.027563417
  endloop
 endfacet
 facet normal -0.00045145008 0.25883233 0.96592216
  outer loop
   vertex -0.083690312 -0.0087943787 0.027421635
   vertex -0.08368859 -0.0093234819 0.027563417
   vertex -0.083055708 -0.0093272698 0.027564727
  endloop
 endfacet
 facet normal -0.00045145008 0.25883233 0.96592216
  outer loop
   vertex -0.083690312 -0.0087943787 0.027421635
   vertex -0.083055708 -0.0093272698 0.027564727
   vertex -0.083055853 -0.0087919288 0.027421022
  endloop
 endfacet
 facet normal -2.9335564e-05 0.25868636 0.96596137
  outer loop
   vertex -0.083676799 -0.0079261871 0.027188997
   vertex -0.083028135 -0.0079168282 0.027186511
   vertex -0.083046426 -0.0074250397 0.027054808
  endloop
 endfacet
 facet normal -2.9335564e-05 0.25868636 0.96596137
  outer loop
   vertex -0.083676799 -0.0079261871 0.027188997
   vertex -0.083046426 -0.0074250397 0.027054808
   vertex -0.083680834 -0.007418236 0.027052897
  endloop
 endfacet
 facet normal -1.0176086e-05 0.25881024 0.96592818
  outer loop
   vertex -0.083676799 -0.0079261871 0.027188997
   vertex -0.083680834 -0.007418236 0.027052897
   vertex -0.084339877 -0.0074172125 0.027052616
  endloop
 endfacet
 facet normal -1.0176086e-05 0.25881024 0.96592818
  outer loop
   vertex -0.083676799 -0.0079261871 0.027188997
   vertex -0.084339877 -0.0074172125 0.027052616
   vertex -0.084338955 -0.0079280577 0.027189498
  endloop
 endfacet
 facet normal -1.0987077e-06 0.25882112 0.96592527
  outer loop
   vertex -0.083676799 -0.0079261871 0.027188997
   vertex -0.084338955 -0.0079280577 0.027189498
   vertex -0.084345112 -0.0087942356 0.027421591
  endloop
 endfacet
 facet normal -1.0987077e-06 0.25882112 0.96592527
  outer loop
   vertex -0.083676799 -0.0079261871 0.027188997
   vertex -0.084345112 -0.0087942356 0.027421591
   vertex -0.083690312 -0.0087943787 0.027421635
  endloop
 endfacet
 facet normal 1.6510225e-15 0.25881901 0.96592584
  outer loop
   vertex -0.086300014 -0.0038175462 0.02608809
   vertex -0.08629004 -0.0029579864 0.025857772
   vertex -0.086956687 -0.0029618491 0.025858807
  endloop
 endfacet
 facet normal 1.6510225e-15 0.25881901 0.96592584
  outer loop
   vertex -0.086300014 -0.0038175462 0.02608809
   vertex -0.086956687 -0.0029618491 0.025858807
   vertex -0.086977971 -0.0038196143 0.026088645
  endloop
 endfacet
 facet normal 1.3995892e-15 0.25881901 0.96592584
  outer loop
   vertex -0.08499492 -0.0029552913 0.02585705
   vertex -0.085637912 -0.0029560999 0.025857267
   vertex -0.085641999 -0.0038160949 0.026087701
  endloop
 endfacet
 facet normal 1.3995892e-15 0.25881901 0.96592584
  outer loop
   vertex -0.08499492 -0.0029552913 0.02585705
   vertex -0.085641999 -0.0038160949 0.026087701
   vertex -0.084995844 -0.0038155963 0.026087568
  endloop
 endfacet
 facet normal 8.442185e-05 0.25887349 0.96591123
  outer loop
   vertex -0.087609905 -0.0029641204 0.02585942
   vertex -0.087655487 -0.0038189304 0.026088521
   vertex -0.086977971 -0.0038196143 0.026088645
  endloop
 endfacet
 facet normal 8.442185e-05 0.25887349 0.96591123
  outer loop
   vertex -0.087609905 -0.0029641204 0.02585942
   vertex -0.086977971 -0.0038196143 0.026088645
   vertex -0.086956687 -0.0029618491 0.025858807
  endloop
 endfacet
 facet normal 0.0017288854 -0.96597038 0.25864693
  outer loop
   vertex -0.08763021 -0.001477031 0.027674145
   vertex -0.086974564 -0.001479322 0.027661206
   vertex -0.086983252 -0.0013407151 0.02817892
  endloop
 endfacet
 facet normal 0.0017288854 -0.96597038 0.25864693
  outer loop
   vertex -0.08763021 -0.001477031 0.027674145
   vertex -0.086983252 -0.0013407151 0.02817892
   vertex -0.087660051 -0.0013433414 0.028174276
  endloop
 endfacet
 facet normal 0.00196889 -0.96581268 0.25923347
  outer loop
   vertex -0.087658614 -0.0011982821 0.028714705
   vertex -0.087660051 -0.0013433414 0.028174276
   vertex -0.086983252 -0.0013407151 0.02817892
  endloop
 endfacet
 facet normal 0.00196889 -0.96581268 0.25923347
  outer loop
   vertex -0.087658614 -0.0011982821 0.028714705
   vertex -0.086983252 -0.0013407151 0.02817892
   vertex -0.086979829 -0.0011981052 0.028711304
  endloop
 endfacet
 facet normal 0.00035090245 -0.96593508 0.25878428
  outer loop
   vertex -0.086300149 -0.0014801783 0.027657435
   vertex -0.086303016 -0.0013403749 0.028179267
   vertex -0.086983252 -0.0013407151 0.02817892
  endloop
 endfacet
 facet normal 0.00035090245 -0.96593508 0.25878428
  outer loop
   vertex -0.086300149 -0.0014801783 0.027657435
   vertex -0.086983252 -0.0013407151 0.02817892
   vertex -0.086974564 -0.001479322 0.027661206
  endloop
 endfacet
 facet normal 0.00037701753 -0.9659454 0.25874569
  outer loop
   vertex -0.086300795 -0.0011979288 0.028710973
   vertex -0.086979829 -0.0011981052 0.028711304
   vertex -0.086983252 -0.0013407151 0.02817892
  endloop
 endfacet
 facet normal 0.00037701753 -0.9659454 0.25874569
  outer loop
   vertex -0.086300795 -0.0011979288 0.028710973
   vertex -0.086983252 -0.0013407151 0.02817892
   vertex -0.086303016 -0.0013403749 0.028179267
  endloop
 endfacet
 facet normal 0.00061722505 -0.96568173 0.25972756
  outer loop
   vertex -0.086960931 -0.00096410971 0.029583713
   vertex -0.087594757 -0.00096129727 0.029595676
   vertex -0.087658614 -0.0011982821 0.028714705
  endloop
 endfacet
 facet normal 0.00061722505 -0.96568173 0.25972756
  outer loop
   vertex -0.086960931 -0.00096410971 0.029583713
   vertex -0.087658614 -0.0011982821 0.028714705
   vertex -0.086979829 -0.0011981052 0.028711304
  endloop
 endfacet
 facet normal 0.00075055151 0.96607124 -0.25827464
  outer loop
   vertex -0.087667053 -0.011205581 0.029995161
   vertex -0.087670478 -0.011053736 0.030563125
   vertex -0.086992193 -0.011058828 0.030546047
  endloop
 endfacet
 facet normal 0.00075055151 0.96607124 -0.25827464
  outer loop
   vertex -0.087667053 -0.011205581 0.029995161
   vertex -0.086992193 -0.011058828 0.030546047
   vertex -0.086988762 -0.011209915 0.029981729
  endloop
 endfacet
 facet normal 0.00014088715 0.96596936 -0.25865648
  outer loop
   vertex -0.087642378 -0.010924586 0.031047029
   vertex -0.086985084 -0.010923512 0.031051397
   vertex -0.086992193 -0.011058828 0.030546047
  endloop
 endfacet
 facet normal 0.00014088715 0.96596936 -0.25865648
  outer loop
   vertex -0.087642378 -0.010924586 0.031047029
   vertex -0.086992193 -0.011058828 0.030546047
   vertex -0.087670478 -0.011053736 0.030563125
  endloop
 endfacet
 facet normal 0.00025975987 0.9659784 -0.25862263
  outer loop
   vertex -0.086306129 -0.011211487 0.029976543
   vertex -0.086988762 -0.011209915 0.029981729
   vertex -0.086992193 -0.011058828 0.030546047
  endloop
 endfacet
 facet normal 0.00025975987 0.9659784 -0.25862263
  outer loop
   vertex -0.086306129 -0.011211487 0.029976543
   vertex -0.086992193 -0.011058828 0.030546047
   vertex -0.086308532 -0.011060425 0.030540414
  endloop
 endfacet
 facet normal 0.00012326706 0.96593031 -0.25880228
  outer loop
   vertex -0.086306333 -0.010923673 0.031050814
   vertex -0.086308532 -0.011060425 0.030540414
   vertex -0.086992193 -0.011058828 0.030546047
  endloop
 endfacet
 facet normal 0.00012326706 0.96593031 -0.25880228
  outer loop
   vertex -0.086306333 -0.010923673 0.031050814
   vertex -0.086992193 -0.011058828 0.030546047
   vertex -0.086985084 -0.010923512 0.031051397
  endloop
 endfacet
 facet normal -1.0418753e-15 0.96592583 -0.25881904
  outer loop
   vertex -0.084993981 -0.010691837 0.031916037
   vertex -0.084992018 -0.010923957 0.031049754
   vertex -0.085643567 -0.010923806 0.031050319
  endloop
 endfacet
 facet normal -1.0418753e-15 0.96592583 -0.25881904
  outer loop
   vertex -0.084993981 -0.010691837 0.031916037
   vertex -0.085643567 -0.010923806 0.031050319
   vertex -0.085642696 -0.010691794 0.0319162
  endloop
 endfacet
 facet normal -1.8300753e-16 0.96592583 -0.25881904
  outer loop
   vertex -0.085642873 -0.010550141 0.032444856
   vertex -0.085642696 -0.010691794 0.0319162
   vertex -0.086303377 -0.010691642 0.031916766
  endloop
 endfacet
 facet normal -1.8300753e-16 0.96592583 -0.25881904
  outer loop
   vertex -0.085642873 -0.010550141 0.032444856
   vertex -0.086303377 -0.010691642 0.031916766
   vertex -0.08630406 -0.010550006 0.032445359
  endloop
 endfacet
 facet normal 1.6218749e-05 0.96592707 -0.25881441
  outer loop
   vertex -0.087662297 -0.010692197 0.031914649
   vertex -0.086983941 -0.010691541 0.031917143
   vertex -0.086985084 -0.010923512 0.031051397
  endloop
 endfacet
 facet normal 1.6218749e-05 0.96592707 -0.25881441
  outer loop
   vertex -0.087662297 -0.010692197 0.031914649
   vertex -0.086985084 -0.010923512 0.031051397
   vertex -0.087642378 -0.010924586 0.031047029
  endloop
 endfacet
 facet normal -3.1504087e-15 0.96592583 -0.25881904
  outer loop
   vertex -0.086984726 -0.010549713 0.032446454
   vertex -0.08630406 -0.010550006 0.032445359
   vertex -0.086303377 -0.010691642 0.031916766
  endloop
 endfacet
 facet normal -3.1504087e-15 0.96592583 -0.25881904
  outer loop
   vertex -0.086984726 -0.010549713 0.032446454
   vertex -0.086303377 -0.010691642 0.031916766
   vertex -0.086983941 -0.010691541 0.031917143
  endloop
 endfacet
 facet normal -3.7986306e-15 0.96592583 -0.25881904
  outer loop
   vertex -0.086301688 -0.010411703 0.032961514
   vertex -0.086300401 -0.010181502 0.033820633
   vertex -0.085642301 -0.010181745 0.033819728
  endloop
 endfacet
 facet normal -3.7986306e-15 0.96592583 -0.25881904
  outer loop
   vertex -0.086301688 -0.010411703 0.032961514
   vertex -0.085642301 -0.010181745 0.033819728
   vertex -0.085642319 -0.010411422 0.032962561
  endloop
 endfacet
 facet normal -3.7137824e-15 0.96592583 -0.25881904
  outer loop
   vertex -0.086301688 -0.010411703 0.032961514
   vertex -0.085642319 -0.010411422 0.032962561
   vertex -0.085642873 -0.010550141 0.032444856
  endloop
 endfacet
 facet normal -3.7137824e-15 0.96592583 -0.25881904
  outer loop
   vertex -0.086301688 -0.010411703 0.032961514
   vertex -0.085642873 -0.010550141 0.032444856
   vertex -0.08630406 -0.010550006 0.032445359
  endloop
 endfacet
 facet normal 1.9214763e-15 0.96592583 -0.25881904
  outer loop
   vertex -0.086984726 -0.010549713 0.032446454
   vertex -0.086976911 -0.010412415 0.032958856
   vertex -0.086301688 -0.010411703 0.032961514
  endloop
 endfacet
 facet normal 1.9214763e-15 0.96592583 -0.25881904
  outer loop
   vertex -0.086984726 -0.010549713 0.032446454
   vertex -0.086301688 -0.010411703 0.032961514
   vertex -0.08630406 -0.010550006 0.032445359
  endloop
 endfacet
 facet normal 0.00038460869 0.96600577 -0.25852023
  outer loop
   vertex -0.082411265 -0.011197199 0.030029985
   vertex -0.083055728 -0.011207866 0.029989167
   vertex -0.083044157 -0.011058598 0.030546952
  endloop
 endfacet
 facet normal 0.00038460869 0.96600577 -0.25852023
  outer loop
   vertex -0.082411265 -0.011197199 0.030029985
   vertex -0.083044157 -0.011058598 0.030546952
   vertex -0.082411055 -0.011047681 0.030588011
  endloop
 endfacet
 facet normal 0.00012971352 0.96592593 -0.25881863
  outer loop
   vertex -0.082410984 -0.010930846 0.031024045
   vertex -0.082411055 -0.011047681 0.030588011
   vertex -0.083044157 -0.011058598 0.030546952
  endloop
 endfacet
 facet normal 0.00012971352 0.96592593 -0.25881863
  outer loop
   vertex -0.082410984 -0.010930846 0.031024045
   vertex -0.083044157 -0.011058598 0.030546952
   vertex -0.083023627 -0.010927369 0.031037011
  endloop
 endfacet
 facet normal -0.00010841926 0.96594668 -0.25874119
  outer loop
   vertex -0.083688264 -0.011211101 0.029977886
   vertex -0.083679087 -0.011060784 0.030539054
   vertex -0.083044157 -0.011058598 0.030546952
  endloop
 endfacet
 facet normal -0.00010841926 0.96594668 -0.25874119
  outer loop
   vertex -0.083688264 -0.011211101 0.029977886
   vertex -0.083044157 -0.011058598 0.030546952
   vertex -0.083055728 -0.011207866 0.029989167
  endloop
 endfacet
 facet normal -3.4111963e-05 0.96592502 -0.25882204
  outer loop
   vertex -0.083674212 -0.010924774 0.031046706
   vertex -0.083688812 -0.010691788 0.031916213
   vertex -0.083054154 -0.010692425 0.031913752
  endloop
 endfacet
 facet normal -3.4111963e-05 0.96592502 -0.25882204
  outer loop
   vertex -0.083674212 -0.010924774 0.031046706
   vertex -0.083054154 -0.010692425 0.031913752
   vertex -0.083023627 -0.010927369 0.031037011
  endloop
 endfacet
 facet normal -1.0789158e-06 0.96596647 -0.2586673
  outer loop
   vertex -0.083674212 -0.010924774 0.031046706
   vertex -0.083023627 -0.010927369 0.031037011
   vertex -0.083044157 -0.011058598 0.030546952
  endloop
 endfacet
 facet normal -1.0789158e-06 0.96596647 -0.2586673
  outer loop
   vertex -0.083674212 -0.010924774 0.031046706
   vertex -0.083044157 -0.011058598 0.030546952
   vertex -0.083679087 -0.011060784 0.030539054
  endloop
 endfacet
 facet normal -5.6332557e-06 0.96592529 -0.25882105
  outer loop
   vertex -0.084343271 -0.010550195 0.032444653
   vertex -0.083686759 -0.010550231 0.032444506
   vertex -0.083688812 -0.010691788 0.031916213
  endloop
 endfacet
 facet normal -5.6332557e-06 0.96592529 -0.25882105
  outer loop
   vertex -0.084343271 -0.010550195 0.032444653
   vertex -0.083688812 -0.010691788 0.031916213
   vertex -0.084344283 -0.010691788 0.03191622
  endloop
 endfacet
 facet normal -0.31994158 0.9151469 -0.24524179
  outer loop
   vertex -0.08241106 -0.010686295 0.031936715
   vertex -0.082410977 -0.010852172 0.031317615
   vertex -0.082410984 -0.010930846 0.031024045
  endloop
 endfacet
 facet normal -0.31994158 0.9151469 -0.24524179
  outer loop
   vertex -0.08241106 -0.010686295 0.031936715
   vertex -0.082410984 -0.010930846 0.031024045
   vertex -0.083023627 -0.010927369 0.031037011
  endloop
 endfacet
 facet normal -0.31994158 0.9151469 -0.24524179
  outer loop
   vertex -0.08241106 -0.010686295 0.031936715
   vertex -0.083023627 -0.010927369 0.031037011
   vertex -0.083054154 -0.010692425 0.031913752
  endloop
 endfacet
 facet normal -0.0001814536 0.96592545 -0.2588204
  outer loop
   vertex -0.083688812 -0.010691788 0.031916213
   vertex -0.083686759 -0.010550231 0.032444506
   vertex -0.083053572 -0.01054902 0.032448583
  endloop
 endfacet
 facet normal -0.0001814536 0.96592545 -0.2588204
  outer loop
   vertex -0.083688812 -0.010691788 0.031916213
   vertex -0.083053572 -0.01054902 0.032448583
   vertex -0.083054154 -0.010692425 0.031913752
  endloop
 endfacet
 facet normal 2.969692e-05 0.96592509 -0.25882178
  outer loop
   vertex -0.083686868 -0.010412363 0.032959133
   vertex -0.084344168 -0.0104117 0.032961532
   vertex -0.0843502 -0.010181638 0.033820127
  endloop
 endfacet
 facet normal 2.969692e-05 0.96592509 -0.25882178
  outer loop
   vertex -0.083686868 -0.010412363 0.032959133
   vertex -0.0843502 -0.010181638 0.033820127
   vertex -0.083699317 -0.010181458 0.033820875
  endloop
 endfacet
 facet normal -5.6217266e-06 0.96593825 -0.25877269
  outer loop
   vertex -0.083686868 -0.010412363 0.032959133
   vertex -0.083686759 -0.010550231 0.032444506
   vertex -0.084343271 -0.010550195 0.032444653
  endloop
 endfacet
 facet normal -5.6217266e-06 0.96593825 -0.25877269
  outer loop
   vertex -0.083686868 -0.010412363 0.032959133
   vertex -0.084343271 -0.010550195 0.032444653
   vertex -0.084344168 -0.0104117 0.032961532
  endloop
 endfacet
 facet normal -0.00018178506 0.96593822 -0.25877272
  outer loop
   vertex -0.083053572 -0.01054902 0.032448583
   vertex -0.083686759 -0.010550231 0.032444506
   vertex -0.083686868 -0.010412363 0.032959133
  endloop
 endfacet
 facet normal -0.00018178506 0.96593822 -0.25877272
  outer loop
   vertex -0.083053572 -0.01054902 0.032448583
   vertex -0.083686868 -0.010412363 0.032959133
   vertex -0.083042797 -0.010414839 0.032949679
  endloop
 endfacet
 facet normal 0.00018595492 0.85861649 -0.51261846
  outer loop
   vertex -0.086311133 -0.0054532202 0.050444311
   vertex -0.086306702 -0.0057085138 0.050016706
   vertex -0.086990144 -0.0057096307 0.050014587
  endloop
 endfacet
 facet normal 0.00018595492 0.85861649 -0.51261846
  outer loop
   vertex -0.086311133 -0.0054532202 0.050444311
   vertex -0.086990144 -0.0057096307 0.050014587
   vertex -0.086999834 -0.0054559297 0.050440293
  endloop
 endfacet
 facet normal 0.00033917204 0.77970356 -0.62614874
  outer loop
   vertex -0.083038693 -0.0054489999 0.050450562
   vertex -0.083684808 -0.0054505145 0.050448326
   vertex -0.083690497 -0.0049037519 0.051129172
  endloop
 endfacet
 facet normal 0.00033917204 0.77970356 -0.62614874
  outer loop
   vertex -0.083038693 -0.0054489999 0.050450562
   vertex -0.083690497 -0.0049037519 0.051129172
   vertex -0.083043018 -0.0048990546 0.051134042
  endloop
 endfacet
 facet normal -0.00023318632 0.85793442 -0.51375916
  outer loop
   vertex -0.083684808 -0.0054505145 0.050448326
   vertex -0.083038693 -0.0054489999 0.050450562
   vertex -0.083054201 -0.0057061571 0.050021138
  endloop
 endfacet
 facet normal -0.00023318632 0.85793442 -0.51375916
  outer loop
   vertex -0.083684808 -0.0054505145 0.050448326
   vertex -0.083054201 -0.0057061571 0.050021138
   vertex -0.083690027 -0.0057068958 0.050019749
  endloop
 endfacet
 facet normal 0.00052769873 -0.65750895 -0.75344655
  outer loop
   vertex -0.084994278 0.0023604801 0.051082632
   vertex -0.084343455 0.0023575393 0.051085654
   vertex -0.084355291 0.0015942171 0.051751773
  endloop
 endfacet
 facet normal 0.00052769873 -0.65750895 -0.75344655
  outer loop
   vertex -0.084994278 0.0023604801 0.051082632
   vertex -0.084355291 0.0015942171 0.051751773
   vertex -0.084995415 0.0016015694 0.051745946
  endloop
 endfacet
 facet normal 0.0011019312 -0.65768079 -0.75329593
  outer loop
   vertex -0.083685077 0.0023531722 0.051090132
   vertex -0.08371951 0.0015890936 0.051757176
   vertex -0.084355291 0.0015942171 0.051751773
  endloop
 endfacet
 facet normal 0.0011019312 -0.65768079 -0.75329593
  outer loop
   vertex -0.083685077 0.0023531722 0.051090132
   vertex -0.084355291 0.0015942171 0.051751773
   vertex -0.084343455 0.0023575393 0.051085654
  endloop
 endfacet
endsolid rocket_tab
