# Moment        
# CofR          : (0.00000000e+00 0.00000000e+00 3.99000000e-01)
#
# Time          	total_x total_y total_z	pressure_x pressure_y pressure_z	viscous_x viscous_y viscous_z
1                1.03800288e-01 1.06160011e-02 -1.88242099e-02 1.03740250e-01 1.17105179e-02 -1.88145727e-02 6.00378460e-05 -1.09451678e-03 -9.63722361e-06
2                1.00669548e-01 -2.32838533e-02 -1.77418783e-02 1.00568218e-01 -2.16018566e-02 -1.77301335e-02 1.01329733e-04 -1.68199674e-03 -1.17447384e-05
3                2.37088787e-02 -1.36217536e-01 -3.92833646e-03 2.35700009e-02 -1.34079886e-01 -3.91165392e-03 1.38877846e-04 -2.13765050e-03 -1.66825330e-05
4                -2.10930095e-02 -7.90344600e-02 4.01198797e-03 -2.11539466e-02 -7.87495608e-02 4.01828933e-03 6.09371454e-05 -2.84899270e-04 -6.30135354e-06
5                -2.78863642e-03 4.96503895e-02 1.06307236e-03 -2.79166571e-03 4.94151938e-02 1.06255928e-03 3.02929171e-06 2.35195654e-04 5.13072728e-07
6                4.02660074e-02 1.32782737e-01 -6.06760632e-03 4.02078206e-02 1.32821905e-01 -6.06793237e-03 5.81867349e-05 -3.91680356e-05 3.26044924e-07
7                5.39961939e-02 9.04445395e-02 -8.66331418e-03 5.39480939e-02 9.10284194e-02 -8.64833114e-03 4.81000164e-05 -5.83879951e-04 -1.49830390e-05
8                3.31902314e-02 -1.11694314e-02 -5.54173113e-03 3.30657013e-02 -9.85875957e-03 -5.51472450e-03 1.24530036e-04 -1.31067181e-03 -2.70066245e-05
9                9.61820111e-03 -5.69654360e-02 -1.65110130e-03 9.56035193e-03 -5.52835873e-02 -1.62021118e-03 5.78491723e-05 -1.68184872e-03 -3.08901269e-05
10               8.54054621e-03 -4.12094567e-02 -1.10315605e-03 8.56186814e-03 -4.00780523e-02 -1.08426288e-03 -2.13219321e-05 -1.13140436e-03 -1.88931730e-05
11               2.93672251e-02 4.63709890e-03 -3.88796372e-03 2.93418462e-02 5.07198266e-03 -3.87452920e-03 2.53788982e-05 -4.34883757e-04 -1.34345182e-05
12               4.81455402e-02 3.46747562e-02 -6.44747485e-03 4.82273523e-02 3.46694894e-02 -6.42708041e-03 -8.18121215e-05 5.26679563e-06 -2.03944389e-05
13               5.17925861e-02 2.30350538e-02 -6.62195710e-03 5.17597394e-02 2.29890555e-02 -6.59647731e-03 3.28466656e-05 4.59982719e-05 -2.54797915e-05
14               4.14016865e-02 -5.55841606e-03 -4.77731014e-03 4.13016035e-02 -5.55078551e-03 -4.74954443e-03 1.00082976e-04 -7.63054923e-06 -2.77657130e-05
15               2.90917714e-02 -1.79370825e-02 -3.02437018e-03 2.89255883e-02 -1.77795493e-02 -2.99774586e-03 1.66183118e-04 -1.57533235e-04 -2.66243244e-05
16               2.42611535e-02 -1.10278969e-02 -2.70351408e-03 2.41200814e-02 -1.06827673e-02 -2.67880014e-03 1.41072147e-04 -3.45129506e-04 -2.47139384e-05
17               2.77226427e-02 2.39700833e-03 -3.54530202e-03 2.75626176e-02 2.80552079e-03 -3.52285013e-03 1.60025107e-04 -4.08512464e-04 -2.24518817e-05
18               3.50099010e-02 7.24251520e-03 -4.31712667e-03 3.47891827e-02 7.60014521e-03 -4.29245358e-03 2.20718246e-04 -3.57630015e-04 -2.46730953e-05
19               4.01543449e-02 1.38667491e-04 -4.24434440e-03 3.98982129e-02 4.18040400e-04 -4.21717334e-03 2.56131917e-04 -2.79372910e-04 -2.71710554e-05
20               3.92783673e-02 -1.10995079e-02 -3.47043736e-03 3.90192226e-02 -1.08611548e-02 -3.44192299e-03 2.59144764e-04 -2.38353065e-04 -2.85143714e-05
21               3.53151100e-02 -1.81868150e-02 -2.60348600e-03 3.50706070e-02 -1.80009259e-02 -2.57589264e-03 2.44502976e-04 -1.85889115e-04 -2.75933597e-05
22               3.17117284e-02 -1.95168531e-02 -2.15618410e-03 3.15037316e-02 -1.93543974e-02 -2.13064446e-03 2.07996743e-04 -1.62455720e-04 -2.55396487e-05
23               2.98595664e-02 -1.65668074e-02 -2.15784522e-03 2.96764393e-02 -1.63766547e-02 -2.13391039e-03 1.83127125e-04 -1.90152697e-04 -2.39348297e-05
24               2.90731647e-02 -1.33175759e-02 -2.30174600e-03 2.88952688e-02 -1.30680050e-02 -2.27879546e-03 1.77895910e-04 -2.49570982e-04 -2.29505424e-05
25               2.86395672e-02 -1.10501303e-02 -2.29532101e-03 2.84543405e-02 -1.07520968e-02 -2.27323689e-03 1.85226669e-04 -2.98033522e-04 -2.20841160e-05
26               2.89110001e-02 -1.06423892e-02 -2.10419005e-03 2.87310101e-02 -1.03322316e-02 -2.08370715e-03 1.79989978e-04 -3.10157664e-04 -2.04828978e-05
27               3.00521006e-02 -1.17976818e-02 -1.88421125e-03 2.98893029e-02 -1.14989963e-02 -1.86587683e-03 1.62797795e-04 -2.98685482e-04 -1.83344203e-05
28               3.20399040e-02 -1.40320232e-02 -1.77111272e-03 3.18899234e-02 -1.37439050e-02 -1.75486435e-03 1.49980614e-04 -2.88118137e-04 -1.62483723e-05
29               3.39018028e-02 -1.59554069e-02 -1.82048248e-03 3.37499809e-02 -1.56654110e-02 -1.80554991e-03 1.51821923e-04 -2.89995885e-04 -1.49325637e-05
30               3.50801076e-02 -1.62948354e-02 -1.99458277e-03 3.49122725e-02 -1.59968365e-02 -1.97991540e-03 1.67835125e-04 -2.97998884e-04 -1.46673656e-05
31               3.58972654e-02 -1.47397958e-02 -2.23284591e-03 3.57065685e-02 -1.44403034e-02 -2.21776334e-03 1.90696846e-04 -2.99492377e-04 -1.50825745e-05
32               3.70084387e-02 -1.23754149e-02 -2.47821902e-03 3.67969234e-02 -1.20867288e-02 -2.46237916e-03 2.11515391e-04 -2.88686015e-04 -1.58398587e-05
33               3.89731697e-02 -1.06129813e-02 -2.70769932e-03 3.87461311e-02 -1.03469210e-02 -2.69108183e-03 2.27038622e-04 -2.66060363e-04 -1.66174880e-05
34               4.14598469e-02 -1.01357925e-02 -2.91403254e-03 4.12201720e-02 -9.89248331e-03 -2.89659528e-03 2.39674844e-04 -2.43309236e-04 -1.74372592e-05
35               4.36181593e-02 -1.11858114e-02 -3.09082603e-03 4.33641663e-02 -1.09593965e-02 -3.07226056e-03 2.53993011e-04 -2.26414920e-04 -1.85654698e-05
36               4.49930011e-02 -1.27139527e-02 -3.24696735e-03 4.47242092e-02 -1.24998487e-02 -3.22694410e-03 2.68791868e-04 -2.14104011e-04 -2.00232565e-05
37               4.54829955e-02 -1.35517662e-02 -3.39074930e-03 4.52012595e-02 -1.33499257e-02 -3.36895665e-03 2.81735995e-04 -2.01840505e-04 -2.17926546e-05
38               4.55365045e-02 -1.33090839e-02 -3.52941918e-03 4.52450518e-02 -1.31213381e-02 -3.50568109e-03 2.91452751e-04 -1.87745854e-04 -2.37380915e-05
39               4.54476484e-02 -1.22646758e-02 -3.64831488e-03 4.51490627e-02 -1.20917659e-02 -3.62262291e-03 2.98585691e-04 -1.72909906e-04 -2.56919632e-05
40               4.55631260e-02 -1.09829752e-02 -3.74130534e-03 4.52589336e-02 -1.08234506e-02 -3.71370867e-03 3.04192377e-04 -1.59524593e-04 -2.75966789e-05
41               4.57236295e-02 -9.91564809e-03 -3.79034761e-03 4.54150891e-02 -9.76723677e-03 -3.76108016e-03 3.08540324e-04 -1.48411319e-04 -2.92674539e-05
42               4.57554207e-02 -9.26761166e-03 -3.78472755e-03 4.54442530e-02 -9.12892613e-03 -3.75423368e-03 3.11167702e-04 -1.38685535e-04 -3.04938703e-05
43               4.55958321e-02 -8.91775563e-03 -3.74207736e-03 4.52844779e-02 -8.78892361e-03 -3.71098465e-03 3.11354275e-04 -1.28832028e-04 -3.10927069e-05
44               4.54013992e-02 -8.59158385e-03 -3.68757510e-03 4.50924407e-02 -8.47319859e-03 -3.65641628e-03 3.08958520e-04 -1.18385259e-04 -3.11588197e-05
45               4.54165217e-02 -8.13023513e-03 -3.62852851e-03 4.51114737e-02 -8.02199963e-03 -3.59768721e-03 3.05047916e-04 -1.08235505e-04 -3.08413030e-05
46               4.57520121e-02 -7.50503801e-03 -3.57250250e-03 4.54519161e-02 -7.40575349e-03 -3.54233049e-03 3.00096077e-04 -9.92845210e-05 -3.01720097e-05
47               4.64292732e-02 -6.74755631e-03 -3.53114122e-03 4.61345663e-02 -6.65539337e-03 -3.50198851e-03 2.94706911e-04 -9.21629325e-05 -2.91527032e-05
48               4.72740636e-02 -6.07298849e-03 -3.51161611e-03 4.69847684e-02 -5.98617878e-03 -3.48363520e-03 2.89295184e-04 -8.68097102e-05 -2.79809100e-05
49               4.82554325e-02 -5.70360821e-03 -3.51431371e-03 4.79716899e-02 -5.62067177e-03 -3.48768422e-03 2.83742533e-04 -8.29364407e-05 -2.66294844e-05
50               4.93501319e-02 -5.82362322e-03 -3.53809971e-03 4.90713298e-02 -5.74359970e-03 -3.51292413e-03 2.78802103e-04 -8.00235147e-05 -2.51755851e-05
51               5.05369072e-02 -6.31552523e-03 -3.59013870e-03 5.02628459e-02 -6.23809430e-03 -3.56663419e-03 2.74061249e-04 -7.74309316e-05 -2.35045066e-05
52               5.17843955e-02 -6.91623247e-03 -3.67140243e-03 5.15149047e-02 -6.84113055e-03 -3.64977747e-03 2.69490806e-04 -7.51019224e-05 -2.16249590e-05
53               5.30137005e-02 -7.45686534e-03 -3.76319127e-03 5.27473924e-02 -7.38323193e-03 -3.74340314e-03 2.66308039e-04 -7.36334127e-05 -1.97881310e-05
54               5.41594691e-02 -7.94834801e-03 -3.84366305e-03 5.38936018e-02 -7.87527204e-03 -3.82534959e-03 2.65867287e-04 -7.30759735e-05 -1.83134598e-05
55               5.52532521e-02 -8.48158583e-03 -3.90837894e-03 5.49844244e-02 -8.40861716e-03 -3.89091882e-03 2.68827670e-04 -7.29686680e-05 -1.74601151e-05
56               5.63211314e-02 -9.08092608e-03 -3.95579466e-03 5.60446644e-02 -9.00813774e-03 -3.93833559e-03 2.76466976e-04 -7.27883449e-05 -1.74590758e-05
57               5.74157933e-02 -9.71507672e-03 -3.98610622e-03 5.71268183e-02 -9.64239069e-03 -3.96778008e-03 2.88974947e-04 -7.26860240e-05 -1.83261363e-05
58               5.85748807e-02 -1.03157442e-02 -4.00614709e-03 5.82691693e-02 -1.02426338e-02 -3.98618402e-03 3.05711394e-04 -7.31104752e-05 -1.99630648e-05
59               5.98175264e-02 -1.07656730e-02 -4.02744569e-03 5.94920837e-02 -1.06914307e-02 -4.00528221e-03 3.25442731e-04 -7.42423216e-05 -2.21634741e-05
60               6.11069332e-02 -1.10738218e-02 -4.05380899e-03 6.07604733e-02 -1.09980072e-02 -4.02918818e-03 3.46459868e-04 -7.58145463e-05 -2.46208144e-05
61               6.23588571e-02 -1.12122681e-02 -4.08028924e-03 6.19914153e-02 -1.11341357e-02 -4.05315501e-03 3.67441815e-04 -7.81323471e-05 -2.71342245e-05
62               6.35391772e-02 -1.12069119e-02 -4.10740954e-03 6.31518857e-02 -1.11256914e-02 -4.07784826e-03 3.87291451e-04 -8.12204964e-05 -2.95612750e-05
63               6.46958462e-02 -1.11297801e-02 -4.13984549e-03 6.42910649e-02 -1.10446756e-02 -4.10819273e-03 4.04781325e-04 -8.51044992e-05 -3.16527605e-05
64               6.58202328e-02 -1.10144481e-02 -4.17466168e-03 6.54011378e-02 -1.09243891e-02 -4.14138317e-03 4.19095090e-04 -9.00590404e-05 -3.32785070e-05
65               6.68322333e-02 -1.08584696e-02 -4.20027713e-03 6.64029819e-02 -1.07623554e-02 -4.16601582e-03 4.29251488e-04 -9.61142112e-05 -3.42613136e-05
66               6.76102875e-02 -1.06457025e-02 -4.20266982e-03 6.71754453e-02 -1.05424659e-02 -4.16815704e-03 4.34842143e-04 -1.03236600e-04 -3.45127800e-05
67               6.81137419e-02 -1.04008401e-02 -4.16936704e-03 6.76780591e-02 -1.02897791e-02 -4.13540344e-03 4.35682786e-04 -1.11060955e-04 -3.39636057e-05
68               6.83312428e-02 -1.01656529e-02 -4.10265962e-03 6.78996974e-02 -1.00465451e-02 -4.07016643e-03 4.31545441e-04 -1.19107805e-04 -3.24931958e-05
69               6.83134555e-02 -9.98333219e-03 -4.01487317e-03 6.78907179e-02 -9.85631253e-03 -3.98477205e-03 4.22737567e-04 -1.27019666e-04 -3.01011201e-05
70               6.81542786e-02 -9.86250735e-03 -3.92166293e-03 6.77440169e-02 -9.72816774e-03 -3.89469630e-03 4.10261730e-04 -1.34339608e-04 -2.69666293e-05
71               6.79629797e-02 -9.80029172e-03 -3.83652271e-03 6.75666551e-02 -9.65940162e-03 -3.81296153e-03 3.96324649e-04 -1.40890097e-04 -2.35611874e-05
72               6.78108235e-02 -9.74973807e-03 -3.76546928e-03 6.74276025e-02 -9.60314573e-03 -3.74506693e-03 3.83221048e-04 -1.46592339e-04 -2.04023498e-05
73               6.77932918e-02 -9.72622229e-03 -3.71636531e-03 6.74203881e-02 -9.57456938e-03 -3.69846120e-03 3.72903699e-04 -1.51652905e-04 -1.79041186e-05
74               6.79754543e-02 -9.74699285e-03 -3.70332410e-03 6.76087918e-02 -9.59065540e-03 -3.68699248e-03 3.66662477e-04 -1.56337453e-04 -1.63316188e-05
75               6.84083855e-02 -9.83864465e-03 -3.73653800e-03 6.80428033e-02 -9.67776309e-03 -3.72065652e-03 3.65582229e-04 -1.60881568e-04 -1.58814746e-05
76               6.91552101e-02 -9.99946397e-03 -3.82279338e-03 6.87850888e-02 -9.83418891e-03 -3.80614416e-03 3.70121293e-04 -1.65275056e-04 -1.66492175e-05
77               7.02143835e-02 -1.02310365e-02 -3.95482995e-03 6.98346910e-02 -1.00618447e-02 -3.93633878e-03 3.79692478e-04 -1.69191758e-04 -1.84911721e-05
78               7.15297001e-02 -1.05028149e-02 -4.12056990e-03 7.11364928e-02 -1.03303581e-02 -4.09945677e-03 3.93207274e-04 -1.72456816e-04 -2.11131277e-05
79               7.29815290e-02 -1.07521273e-02 -4.30647137e-03 7.25721745e-02 -1.05771036e-02 -4.28229776e-03 4.09354442e-04 -1.75023786e-04 -2.41736059e-05
80               7.44473820e-02 -1.10215317e-02 -4.48715687e-03 7.40207876e-02 -1.08446391e-02 -4.45981223e-03 4.26594484e-04 -1.76892622e-04 -2.73446458e-05
81               7.58216806e-02 -1.13467046e-02 -4.64500598e-03 7.53781122e-02 -1.11685188e-02 -4.61465401e-03 4.43568426e-04 -1.78185725e-04 -3.03519758e-05
82               7.70019258e-02 -1.16982464e-02 -4.76801945e-03 7.65428486e-02 -1.15192125e-02 -4.73507990e-03 4.59077250e-04 -1.79033955e-04 -3.29395483e-05
83               7.78771197e-02 -1.20171245e-02 -4.84715078e-03 7.74049211e-02 -1.18375594e-02 -4.81224326e-03 4.72198583e-04 -1.79565099e-04 -3.49075179e-05
84               7.83827323e-02 -1.22637224e-02 -4.87812192e-03 7.79002921e-02 -1.20835752e-02 -4.84193082e-03 4.82440173e-04 -1.80147217e-04 -3.61910926e-05
85               7.84743101e-02 -1.24439809e-02 -4.86036030e-03 7.79851526e-02 -1.22627054e-02 -4.82368658e-03 4.89157414e-04 -1.81275563e-04 -3.66737215e-05
86               7.81648236e-02 -1.25867611e-02 -4.79987646e-03 7.76730577e-02 -1.24036160e-02 -4.76360552e-03 4.91765938e-04 -1.83145090e-04 -3.62709357e-05
87               7.75186963e-02 -1.27119745e-02 -4.70981174e-03 7.70282062e-02 -1.25260255e-02 -4.67472833e-03 4.90490110e-04 -1.85949041e-04 -3.50834101e-05
88               7.66356552e-02 -1.28110376e-02 -4.60970675e-03 7.61497505e-02 -1.26211544e-02 -4.57642710e-03 4.85904635e-04 -1.89883237e-04 -3.32796573e-05
89               7.56499708e-02 -1.28551204e-02 -4.52336920e-03 7.51705039e-02 -1.26599464e-02 -4.49213646e-03 4.79466845e-04 -1.95174009e-04 -3.12327333e-05
90               7.46749074e-02 -1.28408337e-02 -4.46640783e-03 7.42019598e-02 -1.26388428e-02 -4.43702649e-03 4.72947557e-04 -2.01990866e-04 -2.93813438e-05
91               7.38412494e-02 -1.27770610e-02 -4.44899528e-03 7.33732807e-02 -1.25666737e-02 -4.42087036e-03 4.67968707e-04 -2.10387331e-04 -2.81249248e-05
92               7.32541149e-02 -1.26822537e-02 -4.48080299e-03 7.27885313e-02 -1.24616365e-02 -4.45310634e-03 4.65583622e-04 -2.20617205e-04 -2.76966494e-05
93               7.29234352e-02 -1.25867367e-02 -4.55253638e-03 7.24563705e-02 -1.23540296e-02 -4.52416479e-03 4.67064755e-04 -2.32707099e-04 -2.83715905e-05
94               7.28891057e-02 -1.24916340e-02 -4.66268388e-03 7.24165540e-02 -1.22452238e-02 -4.63251406e-03 4.72551669e-04 -2.46410167e-04 -3.01698137e-05
95               7.31790224e-02 -1.23988483e-02 -4.80875139e-03 7.26980571e-02 -1.21376754e-02 -4.77594480e-03 4.80965396e-04 -2.61172879e-04 -3.28065916e-05
96               7.37245995e-02 -1.22962504e-02 -4.97432088e-03 7.32339329e-02 -1.20198915e-02 -4.93845683e-03 4.90666570e-04 -2.76358945e-04 -3.58640478e-05
97               7.43887215e-02 -1.21706412e-02 -5.13809323e-03 7.38886121e-02 -1.18791474e-02 -5.09916409e-03 5.00109459e-04 -2.91493837e-04 -3.89291386e-05
98               7.50455630e-02 -1.20224503e-02 -5.27888235e-03 7.45375143e-02 -1.17161553e-02 -5.23721227e-03 5.08048715e-04 -3.06295004e-04 -4.16700775e-05
99               7.55763615e-02 -1.18601638e-02 -5.38211656e-03 7.50624499e-02 -1.15395197e-02 -5.33816527e-03 5.13911604e-04 -3.20644126e-04 -4.39512848e-05
100              7.59170376e-02 -1.16723466e-02 -5.44260167e-03 7.53997311e-02 -1.13381170e-02 -5.39689671e-03 5.17306529e-04 -3.34229583e-04 -4.57049595e-05
101              7.60052680e-02 -1.14645758e-02 -5.45864534e-03 7.54873268e-02 -1.11178432e-02 -5.41179016e-03 5.17941250e-04 -3.46732549e-04 -4.68551835e-05
102              7.57988508e-02 -1.12248818e-02 -5.43382119e-03 7.52831949e-02 -1.08669444e-02 -5.38650905e-03 5.15655866e-04 -3.57937420e-04 -4.73121379e-05
103              7.53058639e-02 -1.09849661e-02 -5.37516477e-03 7.47957283e-02 -1.06172959e-02 -5.32821184e-03 5.10135659e-04 -3.67670229e-04 -4.69529247e-05
104              7.45541738e-02 -1.07726435e-02 -5.29386197e-03 7.40525505e-02 -1.03968454e-02 -5.24802310e-03 5.01623278e-04 -3.75798111e-04 -4.58388663e-05
105              7.36453615e-02 -1.05652699e-02 -5.20764623e-03 7.31548994e-02 -1.01829145e-02 -5.16357896e-03 4.90462126e-04 -3.82355464e-04 -4.40672674e-05
106              7.27161348e-02 -1.03450454e-02 -5.13847154e-03 7.22385088e-02 -9.95737702e-03 -5.09663073e-03 4.77626036e-04 -3.87668406e-04 -4.18408158e-05
107              7.19143394e-02 -1.00860585e-02 -5.10867712e-03 7.14498186e-02 -9.69409202e-03 -5.06919894e-03 4.64520816e-04 -3.91966501e-04 -3.94781835e-05
108              7.13204727e-02 -9.78804691e-03 -5.13015366e-03 7.08673817e-02 -9.39258269e-03 -5.09272025e-03 4.53090964e-04 -3.95464220e-04 -3.74334078e-05
109              7.09679654e-02 -9.46361035e-03 -5.19827377e-03 7.05227358e-02 -9.06517517e-03 -5.16214173e-03 4.45229592e-04 -3.98435185e-04 -3.61320423e-05
110              7.09081526e-02 -9.13917477e-03 -5.31405761e-03 7.04663473e-02 -8.73816857e-03 -5.27829140e-03 4.41805275e-04 -4.01006196e-04 -3.57662118e-05
111              7.11041130e-02 -8.83056618e-03 -5.45718167e-03 7.06603929e-02 -8.42723566e-03 -5.42065588e-03 4.43720090e-04 -4.03330525e-04 -3.65257931e-05
112              7.14935092e-02 -8.55747025e-03 -5.61536704e-03 7.10427779e-02 -8.15204950e-03 -5.57700413e-03 4.50731281e-04 -4.05420748e-04 -3.83629100e-05
113              7.19947941e-02 -8.33577689e-03 -5.77721892e-03 7.15330705e-02 -7.92816769e-03 -5.73618878e-03 4.61723668e-04 -4.07609197e-04 -4.10301449e-05
114              7.25339848e-02 -8.16086371e-03 -5.92858453e-03 7.20590532e-02 -7.75054345e-03 -5.88446311e-03 4.74931562e-04 -4.10320263e-04 -4.41214203e-05
115              7.30363164e-02 -8.00480995e-03 -6.05547897e-03 7.25481000e-02 -7.59123005e-03 -6.00833539e-03 4.88216397e-04 -4.13579904e-04 -4.71435845e-05
116              7.34114850e-02 -7.84635673e-03 -6.14578402e-03 7.29112808e-02 -7.42878462e-03 -6.09599801e-03 5.00204175e-04 -4.17572107e-04 -4.97860089e-05
117              7.35432818e-02 -7.71059060e-03 -6.18642986e-03 7.30326532e-02 -7.28815329e-03 -6.13445197e-03 5.10628609e-04 -4.22437305e-04 -5.19778848e-05
118              7.33809071e-02 -7.61765925e-03 -6.17910187e-03 7.28615702e-02 -7.18965734e-03 -6.12541521e-03 5.19336859e-04 -4.28001915e-04 -5.36866539e-05
119              7.29214107e-02 -7.56953630e-03 -6.13200119e-03 7.23954927e-02 -7.13527341e-03 -6.07715789e-03 5.25917928e-04 -4.34262890e-04 -5.48432993e-05
120              7.22065326e-02 -7.53139570e-03 -6.05697633e-03 7.16767575e-02 -7.09024363e-03 -6.00163989e-03 5.29775125e-04 -4.41152075e-04 -5.53364374e-05
121              7.13057779e-02 -7.46762159e-03 -5.96862896e-03 7.07751904e-02 -7.01925621e-03 -5.91350655e-03 5.30587533e-04 -4.48365380e-04 -5.51224078e-05
122              7.02901690e-02 -7.36725501e-03 -5.87890863e-03 6.97615412e-02 -6.91144821e-03 -5.82458932e-03 5.28627804e-04 -4.55806795e-04 -5.43193113e-05
123              6.93016988e-02 -7.22818981e-03 -5.80686209e-03 6.87777410e-02 -6.76490083e-03 -5.75388032e-03 5.23957839e-04 -4.63288977e-04 -5.29817725e-05
124              6.85198481e-02 -7.04974057e-03 -5.77627448e-03 6.80026475e-02 -6.57881985e-03 -5.72500381e-03 5.17200659e-04 -4.70920718e-04 -5.12706699e-05
125              6.80969876e-02 -6.86638279e-03 -5.80632081e-03 6.75876734e-02 -6.38750465e-03 -5.75688875e-03 5.09314175e-04 -4.78878142e-04 -4.94320595e-05
126              6.80868334e-02 -6.71472395e-03 -5.89990273e-03 6.75845783e-02 -6.22764230e-03 -5.85198705e-03 5.02255112e-04 -4.87081654e-04 -4.79156820e-05
127              6.84640220e-02 -6.58365616e-03 -6.04315489e-03 6.79667786e-02 -6.08814415e-03 -5.99614618e-03 4.97243373e-04 -4.95512002e-04 -4.70087072e-05
128              6.92064813e-02 -6.47157494e-03 -6.22455913e-03 6.87114120e-02 -5.96769347e-03 -6.17766335e-03 4.95069268e-04 -5.03881471e-04 -4.68957784e-05
129              7.02430326e-02 -6.34643080e-03 -6.42349382e-03 6.97468906e-02 -5.83432563e-03 -6.37585405e-03 4.96141970e-04 -5.12105170e-04 -4.76397701e-05
130              7.14089410e-02 -6.26496515e-03 -6.61019480e-03 7.09084587e-02 -5.74507858e-03 -6.56099807e-03 5.00482293e-04 -5.19886572e-04 -4.91967263e-05
131              7.25728515e-02 -6.28617377e-03 -6.76772114e-03 7.20655386e-02 -5.75889158e-03 -6.71638432e-03 5.07312867e-04 -5.27282191e-04 -5.13368208e-05
132              7.36356567e-02 -6.37186437e-03 -6.88658449e-03 7.31206119e-02 -5.83751732e-03 -6.83291237e-03 5.15044811e-04 -5.34347051e-04 -5.36721226e-05
133              7.45205292e-02 -6.50189167e-03 -6.96059141e-03 7.39987789e-02 -5.96113676e-03 -6.90486217e-03 5.21750284e-04 -5.40754911e-04 -5.57292319e-05
134              7.51521681e-02 -6.63541595e-03 -6.98443820e-03 7.46259740e-02 -6.08887968e-03 -6.92722579e-03 5.26194097e-04 -5.46536267e-04 -5.72124064e-05
135              7.54700788e-02 -6.77834923e-03 -6.95587570e-03 7.49418490e-02 -6.22659800e-03 -6.89780170e-03 5.28229809e-04 -5.51751234e-04 -5.80739941e-05
136              7.54586138e-02 -6.94240100e-03 -6.88399164e-03 7.49306550e-02 -6.38626184e-03 -6.82566740e-03 5.27958846e-04 -5.56139163e-04 -5.83242472e-05
137              7.51727801e-02 -7.14670906e-03 -6.78792314e-03 7.46472832e-02 -6.58697573e-03 -6.72997737e-03 5.25496948e-04 -5.59733331e-04 -5.79457677e-05
138              7.46989124e-02 -7.38247394e-03 -6.68831540e-03 7.41779815e-02 -6.82008561e-03 -6.63137982e-03 5.20930830e-04 -5.62388334e-04 -5.69355811e-05
139              7.41419048e-02 -7.63200947e-03 -6.59666072e-03 7.36270006e-02 -7.06809311e-03 -6.54120736e-03 5.14904195e-04 -5.63916362e-04 -5.54533571e-05
140              7.35502174e-02 -7.88750091e-03 -6.51715669e-03 7.30423726e-02 -7.32312929e-03 -6.46354805e-03 5.07844751e-04 -5.64371623e-04 -5.36086426e-05
141              7.29763816e-02 -8.17242978e-03 -6.46111768e-03 7.24759666e-02 -7.60847321e-03 -6.40956723e-03 5.00415087e-04 -5.63956564e-04 -5.15504487e-05
142              7.25131470e-02 -8.44559313e-03 -6.44723732e-03 7.20204347e-02 -7.88272674e-03 -6.39791108e-03 4.92712360e-04 -5.62866392e-04 -4.93262377e-05
143              7.22529048e-02 -8.70848988e-03 -6.48824023e-03 7.17674817e-02 -8.14668108e-03 -6.44108350e-03 4.85423157e-04 -5.61808803e-04 -4.71567355e-05
144              7.22458557e-02 -8.98094795e-03 -6.58404966e-03 7.17664338e-02 -8.41984149e-03 -6.53871674e-03 4.79421855e-04 -5.61106464e-04 -4.53329164e-05
145              7.24869517e-02 -9.26790656e-03 -6.71884291e-03 7.20110874e-02 -8.70687460e-03 -6.67470806e-03 4.75864265e-04 -5.61031960e-04 -4.41348496e-05
146              7.29406294e-02 -9.57904931e-03 -6.87654770e-03 7.24652267e-02 -9.01738295e-03 -6.83281522e-03 4.75402679e-04 -5.61666363e-04 -4.37324797e-05
147              7.35806917e-02 -9.93120149e-03 -7.04571064e-03 7.31023691e-02 -9.36827721e-03 -7.00152349e-03 4.78322577e-04 -5.62924288e-04 -4.41871541e-05
148              7.42472791e-02 -1.03138179e-02 -7.19638042e-03 7.37628852e-02 -9.74912016e-03 -7.15093873e-03 4.84393930e-04 -5.64697757e-04 -4.54416952e-05
149              7.48467183e-02 -1.06959075e-02 -7.31524934e-03 7.43536138e-02 -1.01288387e-02 -7.26793606e-03 4.93104518e-04 -5.67068762e-04 -4.73132895e-05
150              7.53338777e-02 -1.10644967e-02 -7.39752327e-03 7.48301021e-02 -1.04944488e-02 -7.34795792e-03 5.03775528e-04 -5.70047869e-04 -4.95653515e-05
151              7.56757311e-02 -1.13988491e-02 -7.44262332e-03 7.51607090e-02 -1.08252460e-02 -7.39079490e-03 5.15022119e-04 -5.73603190e-04 -5.18284125e-05
152              7.58320664e-02 -1.16947571e-02 -7.45120855e-03 7.53069291e-02 -1.11169102e-02 -7.39747709e-03 5.25137245e-04 -5.77846945e-04 -5.37314592e-05
153              7.58067896e-02 -1.19485735e-02 -7.42496511e-03 7.52733755e-02 -1.13656582e-02 -7.36980860e-03 5.33414069e-04 -5.82915296e-04 -5.51565121e-05
154              7.56300221e-02 -1.21966045e-02 -7.37171534e-03 7.50904374e-02 -1.16080806e-02 -7.31564483e-03 5.39584666e-04 -5.88523829e-04 -5.60705150e-05
155              7.53696768e-02 -1.24276125e-02 -7.31320555e-03 7.48263059e-02 -1.18331004e-02 -7.25676247e-03 5.43370886e-04 -5.94512057e-04 -5.64430844e-05
156              7.51224302e-02 -1.26118372e-02 -7.26707112e-03 7.45780950e-02 -1.20114092e-02 -7.21081479e-03 5.44335249e-04 -6.00427974e-04 -5.62563285e-05
157              7.49480030e-02 -1.27251917e-02 -7.23712368e-03 7.44051263e-02 -1.21194631e-02 -7.18147147e-03 5.42876708e-04 -6.05728664e-04 -5.56522112e-05
158              7.48496414e-02 -1.27439833e-02 -7.22013147e-03 7.43105000e-02 -1.21334799e-02 -7.16546817e-03 5.39141401e-04 -6.10503309e-04 -5.46632966e-05
159              7.48534291e-02 -1.27574829e-02 -7.21997730e-03 7.43197968e-02 -1.21424534e-02 -7.16657477e-03 5.33632303e-04 -6.15029519e-04 -5.34025322e-05
160              7.50245609e-02 -1.28449497e-02 -7.24707838e-03 7.44979816e-02 -1.22254941e-02 -7.19518677e-03 5.26579299e-04 -6.19455604e-04 -5.18916109e-05
161              7.54509757e-02 -1.30351652e-02 -7.31403325e-03 7.49327224e-02 -1.24112043e-02 -7.26379569e-03 5.18253368e-04 -6.23960854e-04 -5.02375590e-05
162              7.61933689e-02 -1.32866243e-02 -7.42437577e-03 7.56837747e-02 -1.26579246e-02 -7.37575930e-03 5.09594272e-04 -6.28699704e-04 -4.86164650e-05
163              7.71780007e-02 -1.36119675e-02 -7.56223507e-03 7.66757786e-02 -1.29783481e-02 -7.51482439e-03 5.02222096e-04 -6.33619376e-04 -4.74106741e-05
164              7.82979605e-02 -1.40022116e-02 -7.71051706e-03 7.78016847e-02 -1.33638104e-02 -7.66385629e-03 4.96275811e-04 -6.38401177e-04 -4.66607731e-05
165              7.94695384e-02 -1.44349427e-02 -7.84708369e-03 7.89773860e-02 -1.37921703e-02 -7.80065582e-03 4.92152347e-04 -6.42772377e-04 -4.64278720e-05
166              8.06022473e-02 -1.49345415e-02 -7.96247078e-03 8.01124216e-02 -1.42878795e-02 -7.91581251e-03 4.89825780e-04 -6.46662031e-04 -4.66582759e-05
167              8.15594678e-02 -1.54574885e-02 -8.03175500e-03 8.10699211e-02 -1.48078857e-02 -7.98441918e-03 4.89546718e-04 -6.49602765e-04 -4.73358205e-05
168              8.23262809e-02 -1.59031493e-02 -8.05427687e-03 8.18354553e-02 -1.52515726e-02 -8.00601060e-03 4.90825602e-04 -6.51576647e-04 -4.82662699e-05
169              8.28834652e-02 -1.62138547e-02 -8.03493408e-03 8.23903130e-02 -1.55612278e-02 -7.98567467e-03 4.93152206e-04 -6.52626899e-04 -4.92594109e-05
170              8.32376289e-02 -1.64821136e-02 -7.98058916e-03 8.27423224e-02 -1.58292457e-02 -7.93056765e-03 4.95306483e-04 -6.52867869e-04 -5.00215038e-05
171              8.34329623e-02 -1.68184047e-02 -7.89778210e-03 8.29365522e-02 -1.61656912e-02 -7.84744090e-03 4.96410122e-04 -6.52713565e-04 -5.03411959e-05
172              8.34908037e-02 -1.72252791e-02 -7.79997359e-03 8.29945925e-02 -1.65732635e-02 -7.74983715e-03 4.96211229e-04 -6.52015617e-04 -5.01364400e-05
173              8.33969178e-02 -1.76857603e-02 -7.70463970e-03 8.29017991e-02 -1.70352499e-02 -7.65514821e-03 4.95118705e-04 -6.50510454e-04 -4.94914876e-05
174              8.31605987e-02 -1.81092685e-02 -7.62354781e-03 8.26674154e-02 -1.74611280e-02 -7.57505374e-03 4.93183308e-04 -6.48140482e-04 -4.84940657e-05
175              8.27781983e-02 -1.84351499e-02 -7.56354760e-03 8.22875797e-02 -1.77902643e-02 -7.51628327e-03 4.90618572e-04 -6.44885621e-04 -4.72643217e-05
176              8.22065349e-02 -1.86908402e-02 -7.52043492e-03 8.17185368e-02 -1.80494616e-02 -7.47444371e-03 4.87998090e-04 -6.41378584e-04 -4.59912064e-05
177              8.14430562e-02 -1.89007418e-02 -7.48575373e-03 8.09574894e-02 -1.82627892e-02 -7.44101803e-03 4.85566823e-04 -6.37952593e-04 -4.47357005e-05
178              8.06076569e-02 -1.91255570e-02 -7.46582758e-03 8.01244464e-02 -1.84905580e-02 -7.42233085e-03 4.83210486e-04 -6.34998948e-04 -4.34967332e-05
179              7.98868208e-02 -1.94394431e-02 -7.47757225e-03 7.94064398e-02 -1.88066535e-02 -7.43533863e-03 4.80381056e-04 -6.32789657e-04 -4.22336172e-05
180              7.94078480e-02 -1.98377045e-02 -7.53381286e-03 7.89305460e-02 -1.92063219e-02 -7.49278315e-03 4.77302012e-04 -6.31382516e-04 -4.10297063e-05
181              7.91818484e-02 -2.02358817e-02 -7.63424861e-03 7.87068663e-02 -1.96049188e-02 -7.59415131e-03 4.74982031e-04 -6.30962970e-04 -4.00972937e-05
182              7.91735909e-02 -2.06052246e-02 -7.77029580e-03 7.86995790e-02 -1.99735296e-02 -7.73072283e-03 4.74011892e-04 -6.31694979e-04 -3.95729642e-05
183              7.93010959e-02 -2.09197488e-02 -7.91893537e-03 7.88261724e-02 -2.02863070e-02 -7.87938240e-03 4.74923524e-04 -6.33441832e-04 -3.95529634e-05
184              7.95630019e-02 -2.11238714e-02 -8.06948630e-03 7.90845670e-02 -2.04876941e-02 -8.02931468e-03 4.78434854e-04 -6.36177286e-04 -4.01716226e-05
185              7.99174481e-02 -2.12046729e-02 -8.20388484e-03 7.94333549e-02 -2.05649544e-02 -8.16255497e-03 4.84093147e-04 -6.39718437e-04 -4.13298772e-05
186              8.02684674e-02 -2.11453302e-02 -8.30619717e-03 7.97771552e-02 -2.05015335e-02 -8.26327849e-03 4.91312227e-04 -6.43796623e-04 -4.29186819e-05
187              8.05489984e-02 -2.09762021e-02 -8.36974226e-03 8.00493862e-02 -2.03279628e-02 -8.32487445e-03 4.99612267e-04 -6.48239338e-04 -4.48678163e-05
188              8.07929701e-02 -2.08123484e-02 -8.39840229e-03 8.02845242e-02 -2.01593316e-02 -8.35135873e-03 5.08445925e-04 -6.53016822e-04 -4.70435596e-05
189              8.10377315e-02 -2.06608130e-02 -8.39917260e-03 8.05223169e-02 -2.00026621e-02 -8.35029174e-03 5.15414665e-04 -6.58150912e-04 -4.88808603e-05
190              8.13374251e-02 -2.04931113e-02 -8.39253110e-03 8.08180471e-02 -1.98297562e-02 -8.34241729e-03 5.19378004e-04 -6.63355044e-04 -5.01138104e-05
191              8.17055267e-02 -2.02378294e-02 -8.38430514e-03 8.11850832e-02 -1.95694854e-02 -8.33351888e-03 5.20443516e-04 -6.68344033e-04 -5.07862663e-05
192              8.22425570e-02 -1.98535725e-02 -8.38830912e-03 8.17235164e-02 -1.91808876e-02 -8.33729369e-03 5.19040645e-04 -6.72684874e-04 -5.10154297e-05
193              8.29289200e-02 -1.94588034e-02 -8.40652101e-03 8.24128487e-02 -1.87827266e-02 -8.35553628e-03 5.16071258e-04 -6.76076800e-04 -5.09847340e-05
194              8.37623882e-02 -1.91477498e-02 -8.44336743e-03 8.32507242e-02 -1.84690596e-02 -8.39259974e-03 5.11664032e-04 -6.78690252e-04 -5.07676922e-05
195              8.46632737e-02 -1.89582738e-02 -8.49037228e-03 8.41569322e-02 -1.82773368e-02 -8.43989292e-03 5.06341467e-04 -6.80936997e-04 -5.04793600e-05
196              8.55212250e-02 -1.88886963e-02 -8.53275758e-03 8.50205764e-02 -1.82053724e-02 -8.48258505e-03 5.00648549e-04 -6.83323893e-04 -5.01725310e-05
197              8.63646555e-02 -1.88903317e-02 -8.57329240e-03 8.58706391e-02 -1.82044747e-02 -8.52355979e-03 4.94016370e-04 -6.85856990e-04 -4.97326145e-05
198              8.72667117e-02 -1.89053734e-02 -8.62311412e-03 8.67799471e-02 -1.82168032e-02 -8.57396256e-03 4.86764536e-04 -6.88570245e-04 -4.91515519e-05
199              8.82883826e-02 -1.89647410e-02 -8.69308111e-03 8.78093747e-02 -1.82730240e-02 -8.64469902e-03 4.79007937e-04 -6.91717049e-04 -4.83820920e-05
200              8.94278041e-02 -1.91200633e-02 -8.78251937e-03 8.89560895e-02 -1.84249677e-02 -8.73488963e-03 4.71714614e-04 -6.95095544e-04 -4.76297365e-05
201              9.05854809e-02 -1.92845106e-02 -8.87946415e-03 9.01194996e-02 -1.85858687e-02 -8.83238245e-03 4.65981214e-04 -6.98641852e-04 -4.70817017e-05
202              9.16576388e-02 -1.94711750e-02 -8.96150259e-03 9.11953261e-02 -1.87693714e-02 -8.91467412e-03 4.62312721e-04 -7.01803581e-04 -4.68284759e-05
203              9.26284106e-02 -1.96232828e-02 -9.02238706e-03 9.21676536e-02 -1.89190063e-02 -8.97552315e-03 4.60757004e-04 -7.04276558e-04 -4.68639174e-05
204              9.34687346e-02 -1.97415673e-02 -9.05257588e-03 9.30071152e-02 -1.90355933e-02 -9.00534741e-03 4.61619426e-04 -7.05974007e-04 -4.72284728e-05
205              9.40038320e-02 -1.99028390e-02 -9.03589184e-03 9.35383941e-02 -1.91961700e-02 -8.98784299e-03 4.65437829e-04 -7.06668989e-04 -4.80488579e-05
206              9.40725423e-02 -2.01870398e-02 -8.96785022e-03 9.36009782e-02 -1.94801765e-02 -8.91860279e-03 4.71564141e-04 -7.06863381e-04 -4.92474253e-05
207              9.36949928e-02 -2.05211929e-02 -8.86436979e-03 9.32168809e-02 -1.98142489e-02 -8.81391450e-03 4.78111940e-04 -7.06943999e-04 -5.04552870e-05
208              9.29520799e-02 -2.07986963e-02 -8.75381952e-03 9.24690172e-02 -2.00913308e-02 -8.70259703e-03 4.83062652e-04 -7.07365524e-04 -5.12224927e-05
209              9.18877818e-02 -2.09977330e-02 -8.64926491e-03 9.14021055e-02 -2.02891908e-02 -8.59779458e-03 4.85676304e-04 -7.08542116e-04 -5.14703285e-05
210              9.05952979e-02 -2.12020164e-02 -8.55623544e-03 9.01086498e-02 -2.04918784e-02 -8.50486295e-03 4.86648085e-04 -7.10138037e-04 -5.13724903e-05
211              8.92624409e-02 -2.15745585e-02 -8.48644864e-03 8.87756180e-02 -2.08627332e-02 -8.43530689e-03 4.86822963e-04 -7.11825305e-04 -5.11417441e-05
212              8.79923079e-02 -2.20326747e-02 -8.44970392e-03 8.75053571e-02 -2.13188673e-02 -8.39874785e-03 4.86950849e-04 -7.13807415e-04 -5.09560621e-05
213              8.68597916e-02 -2.24648452e-02 -8.45250225e-03 8.63724664e-02 -2.17483527e-02 -8.40158310e-03 4.87325196e-04 -7.16492530e-04 -5.09191542e-05
214              8.58116372e-02 -2.27454654e-02 -8.48112272e-03 8.53239143e-02 -2.20252216e-02 -8.43004180e-03 4.87722906e-04 -7.20243843e-04 -5.10809147e-05
215              8.47953751e-02 -2.28450879e-02 -8.52024286e-03 8.43077676e-02 -2.21193525e-02 -8.46887079e-03 4.87607529e-04 -7.25735387e-04 -5.13720718e-05
216              8.39104081e-02 -2.29417490e-02 -8.57525412e-03 8.34247991e-02 -2.22085187e-02 -8.52372504e-03 4.85608994e-04 -7.33230340e-04 -5.15290792e-05
217              8.33287471e-02 -2.31011520e-02 -8.66544268e-03 8.28473723e-02 -2.23583451e-02 -8.61398013e-03 4.81374743e-04 -7.42806921e-04 -5.14625532e-05
218              8.31994632e-02 -2.31837634e-02 -8.80960622e-03 8.27247489e-02 -2.24296952e-02 -8.75851617e-03 4.74714358e-04 -7.54068262e-04 -5.10900547e-05
219              8.35344363e-02 -2.29972627e-02 -8.99648015e-03 8.30673786e-02 -2.22306853e-02 -8.94573452e-03 4.67057696e-04 -7.66577353e-04 -5.07456302e-05
220              8.42191552e-02 -2.25393886e-02 -9.19618290e-03 8.37596185e-02 -2.17596626e-02 -9.14561091e-03 4.59536768e-04 -7.79726075e-04 -5.05719865e-05
221              8.52171204e-02 -2.19645235e-02 -9.39282031e-03 8.47645392e-02 -2.11715245e-02 -9.34224116e-03 4.52581196e-04 -7.92999044e-04 -5.05791504e-05
222              8.65933325e-02 -2.13020658e-02 -9.58337026e-03 8.61462291e-02 -2.04962728e-02 -9.53246778e-03 4.47103437e-04 -8.05792918e-04 -5.09024767e-05
223              8.82576850e-02 -2.04899082e-02 -9.74348997e-03 8.78133366e-02 -1.96724988e-02 -9.69168553e-03 4.44348412e-04 -8.17409455e-04 -5.18044410e-05
224              9.01548557e-02 -1.94833064e-02 -9.86031900e-03 8.97106155e-02 -1.86558047e-02 -9.80709761e-03 4.44240227e-04 -8.27501673e-04 -5.32213921e-05
225              9.22635283e-02 -1.83467935e-02 -9.94064202e-03 9.18173861e-02 -1.75110218e-02 -9.88566588e-03 4.46142232e-04 -8.35771747e-04 -5.49761373e-05
226              9.45343035e-02 -1.72327436e-02 -1.00011308e-02 9.40860443e-02 -1.63908232e-02 -9.94452716e-03 4.48259160e-04 -8.41920342e-04 -5.66035917e-05
227              9.69079975e-02 -1.63246906e-02 -1.00534340e-02 9.64588475e-02 -1.54787395e-02 -9.99568566e-03 4.49150058e-04 -8.45951117e-04 -5.77483225e-05
228              9.91774760e-02 -1.56275970e-02 -1.00876142e-02 9.87292273e-02 -1.47798556e-02 -1.00293005e-02 4.48248734e-04 -8.47741433e-04 -5.83136562e-05
229              1.01227462e-01 -1.50851705e-02 -1.01037911e-02 1.00781087e-01 -1.42375433e-02 -1.00453132e-02 4.46375392e-04 -8.47627178e-04 -5.84779031e-05
230              1.03077128e-01 -1.45694531e-02 -1.01102570e-02 1.02632995e-01 -1.37231078e-02 -1.00518219e-02 4.44133030e-04 -8.46345286e-04 -5.84351735e-05
231              1.04758880e-01 -1.41230185e-02 -1.01142785e-02 1.04316472e-01 -1.32783759e-02 -1.00559255e-02 4.42407477e-04 -8.44642622e-04 -5.83529550e-05
232              1.06266972e-01 -1.37968864e-02 -1.01146233e-02 1.05824296e-01 -1.29539100e-02 -1.00561541e-02 4.42675255e-04 -8.42976419e-04 -5.84691617e-05
233              1.07555466e-01 -1.37675508e-02 -1.00940897e-02 1.07110295e-01 -1.29259379e-02 -1.00352924e-02 4.45170267e-04 -8.41612872e-04 -5.87972307e-05
234              1.08518206e-01 -1.39345712e-02 -1.00431237e-02 1.08069042e-01 -1.30935356e-02 -9.98398290e-03 4.49164286e-04 -8.41035533e-04 -5.91407883e-05
235              1.09171388e-01 -1.41205988e-02 -9.97628077e-03 1.08718243e-01 -1.32794669e-02 -9.91711053e-03 4.53145284e-04 -8.41131887e-04 -5.91702377e-05
236              1.09651345e-01 -1.42670842e-02 -9.92734997e-03 1.09194650e-01 -1.34251627e-02 -9.86853800e-03 4.56695091e-04 -8.41921508e-04 -5.88119641e-05
237              1.10079232e-01 -1.45192348e-02 -9.91055946e-03 1.09620014e-01 -1.36761474e-02 -9.85256666e-03 4.59217289e-04 -8.43087472e-04 -5.79927982e-05
238              1.10342883e-01 -1.49941255e-02 -9.90953337e-03 1.09880862e-01 -1.41498699e-02 -9.85252983e-03 4.62021312e-04 -8.44255584e-04 -5.70035425e-05
239              1.10382545e-01 -1.56472920e-02 -9.90370179e-03 1.09917231e-01 -1.48022294e-02 -9.84781545e-03 4.65314686e-04 -8.45062622e-04 -5.58863465e-05
240              1.10020905e-01 -1.63579355e-02 -9.87820666e-03 1.09550940e-01 -1.55129435e-02 -9.82331490e-03 4.69965865e-04 -8.44992020e-04 -5.48917669e-05
241              1.09221825e-01 -1.71491124e-02 -9.83205438e-03 1.08745029e-01 -1.63051345e-02 -9.77777402e-03 4.76796289e-04 -8.43977825e-04 -5.42803673e-05
242              1.07965999e-01 -1.79521695e-02 -9.75624314e-03 1.07479781e-01 -1.71101346e-02 -9.70200295e-03 4.86218278e-04 -8.42034830e-04 -5.42401928e-05
243              1.06410817e-01 -1.88459410e-02 -9.65686972e-03 1.05913402e-01 -1.80062781e-02 -9.60222943e-03 4.97414599e-04 -8.39662852e-04 -5.46402879e-05
244              1.04855143e-01 -1.99145078e-02 -9.56785540e-03 1.04344611e-01 -1.90771452e-02 -9.51234755e-03 5.10532233e-04 -8.37362609e-04 -5.55078475e-05
245              1.03527035e-01 -2.11149405e-02 -9.50976660e-03 1.03003392e-01 -2.02796952e-02 -9.45337878e-03 5.23643186e-04 -8.35245276e-04 -5.63878171e-05
246              1.02484375e-01 -2.22175839e-02 -9.49522864e-03 1.01948417e-01 -2.13834237e-02 -9.43812442e-03 5.35957667e-04 -8.34160185e-04 -5.71042228e-05
247              1.01737246e-01 -2.31764472e-02 -9.52287710e-03 1.01190352e-01 -2.23421403e-02 -9.46521160e-03 5.46894768e-04 -8.34306909e-04 -5.76654950e-05
248              1.01302890e-01 -2.39146363e-02 -9.59294027e-03 1.00746699e-01 -2.30781641e-02 -9.53473400e-03 5.56190349e-04 -8.36472231e-04 -5.82062609e-05
249              1.01214087e-01 -2.45753804e-02 -9.70629918e-03 1.00649975e-01 -2.37341323e-02 -9.64741523e-03 5.64112662e-04 -8.41248048e-04 -5.88839501e-05
250              1.01383124e-01 -2.51013806e-02 -9.85421156e-03 1.00812216e-01 -2.42524575e-02 -9.79441497e-03 5.70907969e-04 -8.48923140e-04 -5.97965929e-05
251              1.01757040e-01 -2.54022495e-02 -1.00232599e-02 1.01179854e-01 -2.45431192e-02 -9.96220300e-03 5.77186110e-04 -8.59130329e-04 -6.10569290e-05
252              1.02226858e-01 -2.53843793e-02 -1.01839806e-02 1.01644696e-01 -2.45125037e-02 -1.01215403e-02 5.82162774e-04 -8.71875660e-04 -6.24403180e-05
253              1.02830541e-01 -2.48235932e-02 -1.03284104e-02 1.02245935e-01 -2.39363710e-02 -1.02647797e-02 5.84606297e-04 -8.87222244e-04 -6.36307108e-05
254              1.03737967e-01 -2.38632800e-02 -1.04727041e-02 1.03154328e-01 -2.29590287e-02 -1.04083057e-02 5.83638728e-04 -9.04251287e-04 -6.43983949e-05
255              1.05064818e-01 -2.27469042e-02 -1.06407084e-02 1.04486080e-01 -2.18248257e-02 -1.05761370e-02 5.78738835e-04 -9.22078568e-04 -6.45714228e-05
256              1.06930055e-01 -2.15261019e-02 -1.08436474e-02 1.06360506e-01 -2.05862904e-02 -1.07796608e-02 5.69548929e-04 -9.39811528e-04 -6.39865558e-05
257              1.09288393e-01 -2.01369505e-02 -1.10672456e-02 1.08730863e-01 -1.91802500e-02 -1.10043321e-02 5.57529194e-04 -9.56700526e-04 -6.29134631e-05
258              1.11977248e-01 -1.84190428e-02 -1.12766174e-02 1.11432700e-01 -1.74471307e-02 -1.12149119e-02 5.44547327e-04 -9.71912080e-04 -6.17054840e-05
259              1.14769549e-01 -1.64194745e-02 -1.14405831e-02 1.14237060e-01 -1.54342729e-02 -1.13799058e-02 5.32489013e-04 -9.85201668e-04 -6.06773034e-05
260              1.17431243e-01 -1.44158869e-02 -1.15527963e-02 1.16909308e-01 -1.34190118e-02 -1.14929139e-02 5.21935004e-04 -9.96875138e-04 -5.98823583e-05
261              1.19677884e-01 -1.26914386e-02 -1.15984467e-02 1.19164589e-01 -1.16847542e-02 -1.15389598e-02 5.13295256e-04 -1.00668438e-03 -5.94868930e-05
262              1.21350120e-01 -1.11444928e-02 -1.15712187e-02 1.20843868e-01 -1.01292051e-02 -1.15117914e-02 5.06252304e-04 -1.01528770e-03 -5.94273184e-05
263              1.22562964e-01 -9.74500095e-03 -1.15019077e-02 1.22061393e-01 -8.72289099e-03 -1.14421461e-02 5.01570415e-04 -1.02210997e-03 -5.97615728e-05
264              1.23431933e-01 -8.60958222e-03 -1.14087575e-02 1.22933794e-01 -7.58228741e-03 -1.13486878e-02 4.98139858e-04 -1.02729481e-03 -6.00696953e-05
265              1.24077654e-01 -7.83060394e-03 -1.13145732e-02 1.23581541e-01 -6.79854196e-03 -1.12543156e-02 4.96113238e-04 -1.03206197e-03 -6.02576561e-05
266              1.24623946e-01 -7.49327268e-03 -1.12349447e-02 1.24128130e-01 -6.45656827e-03 -1.11745353e-02 4.95815983e-04 -1.03670442e-03 -6.04093960e-05
267              1.25092641e-01 -7.59993753e-03 -1.11759377e-02 1.24595100e-01 -6.55896697e-03 -1.11152345e-02 4.97540675e-04 -1.04097056e-03 -6.07031248e-05
268              1.25408448e-01 -8.06789706e-03 -1.11339854e-02 1.24906077e-01 -7.02359345e-03 -1.10726156e-02 5.02371821e-04 -1.04430361e-03 -6.13698172e-05
269              1.25572431e-01 -8.57081238e-03 -1.11064531e-02 1.25061991e-01 -7.52386678e-03 -1.10440245e-02 5.10439703e-04 -1.04694560e-03 -6.24286859e-05
270              1.25511503e-01 -9.05745345e-03 -1.10800722e-02 1.24990000e-01 -8.00891629e-03 -1.10163009e-02 5.21503339e-04 -1.04853716e-03 -6.37712993e-05
271              1.25069869e-01 -9.80150941e-03 -1.10218281e-02 1.24534752e-01 -8.75262942e-03 -1.09566289e-02 5.35117033e-04 -1.04887999e-03 -6.51992454e-05
272              1.24163323e-01 -1.10339950e-02 -1.09294534e-02 1.23613024e-01 -9.98619395e-03 -1.08630554e-02 5.50299187e-04 -1.04780101e-03 -6.63980345e-05
273              1.22871132e-01 -1.26558648e-02 -1.08264934e-02 1.22305840e-01 -1.16104584e-02 -1.07595284e-02 5.65292665e-04 -1.04540641e-03 -6.69649257e-05
274              1.21475835e-01 -1.44808092e-02 -1.07529610e-02 1.20897443e-01 -1.34393113e-02 -1.06862974e-02 5.78392012e-04 -1.04149793e-03 -6.66636306e-05
275              1.20138127e-01 -1.64079710e-02 -1.07292823e-02 1.19548539e-01 -1.53725567e-02 -1.06637194e-02 5.89587893e-04 -1.03541428e-03 -6.55629317e-05
276              1.19083955e-01 -1.86061262e-02 -1.07641648e-02 1.18484191e-01 -1.75785834e-02 -1.07001555e-02 5.99764368e-04 -1.02754276e-03 -6.40093467e-05
277              1.18537698e-01 -2.10821675e-02 -1.08549892e-02 1.17927041e-01 -2.00636733e-02 -1.07925691e-02 6.10656989e-04 -1.01849421e-03 -6.24200691e-05
278              1.18497121e-01 -2.36443870e-02 -1.09931886e-02 1.17873807e-01 -2.26344458e-02 -1.09320737e-02 6.23313551e-04 -1.00994115e-03 -6.11148044e-05
279              1.18977533e-01 -2.61798457e-02 -1.11765943e-02 1.18339394e-01 -2.51781333e-02 -1.11162882e-02 6.38139182e-04 -1.00171243e-03 -6.03061475e-05
280              1.19736730e-01 -2.85788807e-02 -1.13792008e-02 1.19080939e-01 -2.75851646e-02 -1.13189119e-02 6.55791225e-04 -9.93716133e-04 -6.02889033e-05
281              1.20631038e-01 -3.06894684e-02 -1.15780352e-02 1.19955545e-01 -2.97026319e-02 -1.15170293e-02 6.75493507e-04 -9.86836539e-04 -6.10058377e-05
282              1.21709807e-01 -3.24211598e-02 -1.17905118e-02 1.21012819e-01 -3.14395665e-02 -1.17280654e-02 6.96987491e-04 -9.81593309e-04 -6.24464098e-05
283              1.22934161e-01 -3.37584363e-02 -1.20047547e-02 1.22216413e-01 -3.27786239e-02 -1.19406174e-02 7.17748780e-04 -9.79812380e-04 -6.41372475e-05
284              1.24291090e-01 -3.46529417e-02 -1.22207117e-02 1.23555177e-01 -3.36697828e-02 -1.21548922e-02 7.35913455e-04 -9.83158890e-04 -6.58194829e-05
285              1.25607887e-01 -3.47356051e-02 -1.24283452e-02 1.24856515e-01 -3.37443350e-02 -1.23607747e-02 7.51372173e-04 -9.91270024e-04 -6.75705278e-05
286              1.26844105e-01 -3.38885409e-02 -1.26192466e-02 1.26079664e-01 -3.28852050e-02 -1.25496405e-02 7.64440388e-04 -1.00333594e-03 -6.96061060e-05
287              1.28172198e-01 -3.24123023e-02 -1.27967708e-02 1.27397104e-01 -3.13940367e-02 -1.27247626e-02 7.75094465e-04 -1.01826556e-03 -7.20081957e-05
288              1.29679176e-01 -3.06539202e-02 -1.29679764e-02 1.28897251e-01 -2.96186595e-02 -1.28935336e-02 7.81925149e-04 -1.03526078e-03 -7.44428631e-05
289              1.31217607e-01 -2.86001959e-02 -1.31191506e-02 1.30433216e-01 -2.75466911e-02 -1.30425232e-02 7.84391441e-04 -1.05350484e-03 -7.66273579e-05
290              1.32387765e-01 -2.60779864e-02 -1.32026949e-02 1.31604964e-01 -2.50050259e-02 -1.31243427e-02 7.82800730e-04 -1.07296053e-03 -7.83521432e-05
291              1.33037441e-01 -2.30184448e-02 -1.31993053e-02 1.32261654e-01 -2.19253601e-02 -1.31202243e-02 7.75787841e-04 -1.09308467e-03 -7.90809926e-05
292              1.33074135e-01 -1.95090440e-02 -1.31337702e-02 1.32311245e-01 -1.83954086e-02 -1.30552630e-02 7.62889993e-04 -1.11363535e-03 -7.85072045e-05
293              1.32705251e-01 -1.58830271e-02 -1.30373240e-02 1.31961231e-01 -1.47475291e-02 -1.29607916e-02 7.44020067e-04 -1.13549797e-03 -7.65324155e-05
294              1.32088989e-01 -1.22564312e-02 -1.29215141e-02 1.31368526e-01 -1.10971967e-02 -1.28481739e-02 7.20462611e-04 -1.15923452e-03 -7.33401381e-05
295              1.31338272e-01 -8.74413725e-03 -1.27945230e-02 1.30642709e-01 -7.55943945e-03 -1.27250966e-02 6.95563509e-04 -1.18469780e-03 -6.94264124e-05
296              1.30478189e-01 -5.32717048e-03 -1.26651006e-02 1.29806539e-01 -4.11596226e-03 -1.25999679e-02 6.71649714e-04 -1.21120822e-03 -6.51327190e-05
297              1.29555498e-01 -2.05460404e-03 -1.25311002e-02 1.28904783e-01 -8.16232507e-04 -1.24701477e-02 6.50715518e-04 -1.23837154e-03 -6.09525923e-05
298              1.28778761e-01 7.57039666e-04 -1.24142334e-02 1.28144070e-01 2.02263650e-03 -1.23568576e-02 6.34690932e-04 -1.26559684e-03 -5.73758026e-05
299              1.28176294e-01 2.68019038e-03 -1.23194002e-02 1.27551401e-01 3.97222777e-03 -1.22646980e-02 6.24893439e-04 -1.29203739e-03 -5.47022228e-05
300              1.27596995e-01 3.61445121e-03 -1.22279551e-02 1.26974778e-01 4.93178413e-03 -1.21749988e-02 6.22217326e-04 -1.31733292e-03 -5.29562423e-05
301              1.27236342e-01 3.84452098e-03 -1.21611113e-02 1.26609082e-01 5.18485397e-03 -1.21088140e-02 6.27260359e-04 -1.34033299e-03 -5.22972759e-05
302              1.27485725e-01 3.57489280e-03 -1.21170075e-02 1.26848482e-01 4.93458915e-03 -1.20648589e-02 6.37243399e-04 -1.35969635e-03 -5.21485709e-05
303              1.27911306e-01 2.63472110e-03 -1.20887648e-02 1.27257757e-01 4.00903377e-03 -1.20361979e-02 6.53549594e-04 -1.37431267e-03 -5.25669105e-05
304              1.27823993e-01 7.61264175e-04 -1.20797334e-02 1.27145976e-01 2.14515794e-03 -1.20258692e-02 6.78017116e-04 -1.38389377e-03 -5.38642065e-05
305              1.27478574e-01 -1.87707291e-03 -1.21019939e-02 1.26768650e-01 -4.87703503e-04 -1.20459603e-02 7.09924644e-04 -1.38936941e-03 -5.60335109e-05
306              1.27402459e-01 -4.74601764e-03 -1.21814694e-02 1.26654859e-01 -3.35503044e-03 -1.21226231e-02 7.47599809e-04 -1.39098719e-03 -5.88462754e-05
307              1.27738160e-01 -7.57310490e-03 -1.22848330e-02 1.26949573e-01 -6.18407352e-03 -1.22228400e-02 7.88586834e-04 -1.38903138e-03 -6.19929445e-05
308              1.28491599e-01 -1.03882187e-02 -1.23916600e-02 1.27660968e-01 -9.00464485e-03 -1.23266813e-02 8.30631014e-04 -1.38357387e-03 -6.49786656e-05
309              1.29246070e-01 -1.35581659e-02 -1.24685174e-02 1.28373898e-01 -1.21832988e-02 -1.24011702e-02 8.72171694e-04 -1.37486710e-03 -6.73472545e-05
310              1.29730487e-01 -1.71809924e-02 -1.25087566e-02 1.28818762e-01 -1.58175839e-02 -1.24401817e-02 9.11725173e-04 -1.36340850e-03 -6.85748512e-05
311              1.29980799e-01 -2.10023592e-02 -1.25356509e-02 1.29033531e-01 -1.96511844e-02 -1.24673108e-02 9.47268100e-04 -1.35117479e-03 -6.83400822e-05
312              1.30218387e-01 -2.46189846e-02 -1.25850350e-02 1.29240622e-01 -2.32800049e-02 -1.25183538e-02 9.77764338e-04 -1.33897970e-03 -6.66812573e-05
313              1.30431911e-01 -2.77162194e-02 -1.26672767e-02 1.29429701e-01 -2.63888664e-02 -1.26037316e-02 1.00221057e-03 -1.32735309e-03 -6.35450729e-05
314              1.30801679e-01 -3.04166915e-02 -1.27706127e-02 1.29780291e-01 -2.90995692e-02 -1.27112418e-02 1.02138722e-03 -1.31712229e-03 -5.93708736e-05
315              1.31280260e-01 -3.33913685e-02 -1.28992178e-02 1.30243845e-01 -3.20829034e-02 -1.28444730e-02 1.03641452e-03 -1.30846510e-03 -5.47448517e-05
316              1.31801211e-01 -3.59872761e-02 -1.30577690e-02 1.30754102e-01 -3.46846229e-02 -1.30078435e-02 1.04710852e-03 -1.30265323e-03 -4.99255136e-05
317              1.32472040e-01 -3.73685272e-02 -1.32619258e-02 1.31417572e-01 -3.60693315e-02 -1.32164698e-02 1.05446750e-03 -1.29919564e-03 -4.54559564e-05
318              1.33138529e-01 -3.72078417e-02 -1.34916799e-02 1.32077341e-01 -3.59101748e-02 -1.34495792e-02 1.06118786e-03 -1.29766688e-03 -4.21007316e-05
319              1.33734914e-01 -3.58971681e-02 -1.37223187e-02 1.32667747e-01 -3.45986858e-02 -1.36824072e-02 1.06716676e-03 -1.29848230e-03 -3.99115553e-05
320              1.34425600e-01 -3.37388122e-02 -1.39187179e-02 1.33351057e-01 -3.24365091e-02 -1.38793110e-02 1.07454230e-03 -1.30230313e-03 -3.94069369e-05
321              1.35002028e-01 -3.11078946e-02 -1.40863922e-02 1.33919801e-01 -2.97981163e-02 -1.40461862e-02 1.08222761e-03 -1.30977829e-03 -4.02060390e-05
322              1.35343424e-01 -2.79959729e-02 -1.42302266e-02 1.34252866e-01 -2.66744398e-02 -1.41881569e-02 1.09055881e-03 -1.32153305e-03 -4.20697276e-05
323              1.35589709e-01 -2.44525704e-02 -1.43526556e-02 1.34490534e-01 -2.31156496e-02 -1.43080142e-02 1.09917581e-03 -1.33692077e-03 -4.46414449e-05
324              1.35939047e-01 -2.06127451e-02 -1.44649908e-02 1.34832512e-01 -1.92576520e-02 -1.44174707e-02 1.10653592e-03 -1.35509310e-03 -4.75200669e-05
325              1.36217550e-01 -1.66095337e-02 -1.45611341e-02 1.35105625e-01 -1.52343091e-02 -1.45107863e-02 1.11192499e-03 -1.37522463e-03 -5.03477922e-05
326              1.36241728e-01 -1.25315001e-02 -1.46177902e-02 1.35127138e-01 -1.11340422e-02 -1.45650557e-02 1.11458986e-03 -1.39745796e-03 -5.27344971e-05
327              1.35971818e-01 -8.44844111e-03 -1.46113173e-02 1.34857590e-01 -7.02541327e-03 -1.45569589e-02 1.11422872e-03 -1.42302784e-03 -5.43584202e-05
328              1.35385862e-01 -4.47402136e-03 -1.45047937e-02 1.34275167e-01 -3.02032116e-03 -1.44498601e-02 1.11069567e-03 -1.45370020e-03 -5.49335964e-05
329              1.34382159e-01 -4.18273421e-04 -1.42749088e-02 1.33277808e-01 1.07312034e-03 -1.42205806e-02 1.10435145e-03 -1.49139376e-03 -5.43281833e-05
330              1.33246560e-01 3.77325177e-03 -1.39667239e-02 1.32153759e-01 5.30943205e-03 -1.39147938e-02 1.09280094e-03 -1.53618028e-03 -5.19300749e-05
331              1.32087055e-01 7.76392983e-03 -1.36430383e-02 1.31010469e-01 9.35101957e-03 -1.35953758e-02 1.07658565e-03 -1.58708974e-03 -4.76625635e-05
332              1.30900293e-01 1.15116021e-02 -1.33423081e-02 1.29844093e-01 1.31518402e-02 -1.33007384e-02 1.05619966e-03 -1.64023809e-03 -4.15696301e-05
333              1.29679430e-01 1.52246447e-02 -1.30634648e-02 1.28644013e-01 1.69175386e-02 -1.30290227e-02 1.03541654e-03 -1.69289392e-03 -3.44420186e-05
334              1.28609548e-01 1.89269887e-02 -1.28266563e-02 1.27592054e-01 2.06697892e-02 -1.27997988e-02 1.01749376e-03 -1.74280053e-03 -2.68574332e-05
335              1.27941202e-01 2.24202395e-02 -1.26614213e-02 1.26936582e-01 2.42077349e-02 -1.26420221e-02 1.00462044e-03 -1.78749545e-03 -1.93991297e-05
336              1.27756232e-01 2.52203396e-02 -1.25818923e-02 1.26755308e-01 2.70468058e-02 -1.25687430e-02 1.00092414e-03 -1.82646625e-03 -1.31492507e-05
337              1.28167376e-01 2.68956426e-02 -1.25936536e-02 1.27157680e-01 2.87537737e-02 -1.25846147e-02 1.00969577e-03 -1.85813109e-03 -9.03890766e-06
338              1.29039849e-01 2.75281163e-02 -1.26879570e-02 1.28006658e-01 2.94091409e-02 -1.26800873e-02 1.03319103e-03 -1.88102462e-03 -7.86966964e-06
339              1.30269604e-01 2.73909638e-02 -1.28400915e-02 1.29197864e-01 2.92853358e-02 -1.28301069e-02 1.07174058e-03 -1.89437203e-03 -9.98459623e-06
340              1.31264429e-01 2.67409192e-02 -1.30609760e-02 1.30142995e-01 2.86383725e-02 -1.30461133e-02 1.12143401e-03 -1.89745329e-03 -1.48626976e-05
341              1.31808918e-01 2.55525336e-02 -1.33500355e-02 1.30631316e-01 2.74437894e-02 -1.33286019e-02 1.17760291e-03 -1.89125580e-03 -2.14335835e-05
342              1.32076737e-01 2.38039854e-02 -1.36662485e-02 1.30840464e-01 2.56812426e-02 -1.36376009e-02 1.23627308e-03 -1.87725716e-03 -2.86475705e-05
343              1.32059469e-01 2.14692742e-02 -1.39633943e-02 1.30764713e-01 2.33262235e-02 -1.39275669e-02 1.29475611e-03 -1.85694931e-03 -3.58273816e-05
344              1.31510805e-01 1.85498280e-02 -1.41945256e-02 1.30160244e-01 2.03810113e-02 -1.41519342e-02 1.35056162e-03 -1.83118332e-03 -4.25913337e-05
345              1.30302218e-01 1.52732348e-02 -1.43473418e-02 1.28901235e-01 1.70755327e-02 -1.42988101e-02 1.40098333e-03 -1.80229788e-03 -4.85316917e-05
346              1.28581310e-01 1.18874664e-02 -1.44149934e-02 1.27137397e-01 1.36585589e-02 -1.43616873e-02 1.44391270e-03 -1.77109254e-03 -5.33060897e-05
347              1.26259238e-01 8.41874707e-03 -1.43934790e-02 1.24780327e-01 1.01568272e-02 -1.43366903e-02 1.47891152e-03 -1.73808011e-03 -5.67886917e-05
348              1.23151345e-01 4.95050692e-03 -1.42749729e-02 1.21647312e-01 6.65464977e-03 -1.42164577e-02 1.50403319e-03 -1.70414284e-03 -5.85151878e-05
349              1.19336403e-01 1.78376616e-03 -1.40777240e-02 1.17820413e-01 3.45347588e-03 -1.40198747e-02 1.51599007e-03 -1.66970972e-03 -5.78493385e-05
350              1.15452403e-01 -6.74939165e-04 -1.38733348e-02 1.13938932e-01 9.59407598e-04 -1.38187843e-02 1.51347080e-03 -1.63434676e-03 -5.45505166e-05
351              1.11803722e-01 -2.19045375e-03 -1.37161553e-02 1.10306824e-01 -5.92704498e-04 -1.36672916e-02 1.49689860e-03 -1.59774925e-03 -4.88637656e-05
352              1.08694527e-01 -2.86883939e-03 -1.36645098e-02 1.07226594e-01 -1.30875263e-03 -1.36233088e-02 1.46793285e-03 -1.56008677e-03 -4.12009641e-05
353              1.06346807e-01 -2.81415460e-03 -1.37508678e-02 1.04915674e-01 -1.29198409e-03 -1.37182471e-02 1.43113314e-03 -1.52217051e-03 -3.26207644e-05
354              1.05035138e-01 -2.04549155e-03 -1.39649968e-02 1.03645427e-01 -5.60227170e-04 -1.39408624e-02 1.38971101e-03 -1.48526438e-03 -2.41343798e-05
355              1.04851484e-01 -5.81446778e-04 -1.42546824e-02 1.03502214e-01 8.70370472e-04 -1.42375045e-02 1.34926949e-03 -1.45181725e-03 -1.71779294e-05
356              1.05539953e-01 1.71196126e-03 -1.45696403e-02 1.04224336e-01 3.13444912e-03 -1.45567101e-02 1.31561647e-03 -1.42248786e-03 -1.29302143e-05
357              1.06715989e-01 4.55689226e-03 -1.48853035e-02 1.05423553e-01 5.95372282e-03 -1.48732507e-02 1.29243668e-03 -1.39683056e-03 -1.20528314e-05
358              1.08341867e-01 7.74374160e-03 -1.51665455e-02 1.07061573e-01 9.11947565e-03 -1.51522102e-02 1.28029432e-03 -1.37573405e-03 -1.43352899e-05
359              1.10432527e-01 1.13694524e-02 -1.54286208e-02 1.09154896e-01 1.27284102e-02 -1.54094699e-02 1.27763061e-03 -1.35895781e-03 -1.91509126e-05
360              1.12663164e-01 1.55302522e-02 -1.56314698e-02 1.11383893e-01 1.68789478e-02 -1.56064484e-02 1.27927090e-03 -1.34869559e-03 -2.50213887e-05
361              1.14783547e-01 2.01040344e-02 -1.57409322e-02 1.13503001e-01 2.14508875e-02 -1.57102724e-02 1.28054684e-03 -1.34685312e-03 -3.06597288e-05
362              1.16514604e-01 2.49299854e-02 -1.57233568e-02 1.15235898e-01 2.62846808e-02 -1.56880415e-02 1.27870684e-03 -1.35469542e-03 -3.53153437e-05
363              1.18070411e-01 3.00773783e-02 -1.55828053e-02 1.16797285e-01 3.14514480e-02 -1.55442467e-02 1.27312588e-03 -1.37406968e-03 -3.85586215e-05
364              1.19476351e-01 3.55985431e-02 -1.53450617e-02 1.18211808e-01 3.70029011e-02 -1.53046026e-02 1.26454343e-03 -1.40435804e-03 -4.04591556e-05
365              1.20007524e-01 4.16504450e-02 -1.49939394e-02 1.18753782e-01 4.30944924e-02 -1.49527613e-02 1.25374186e-03 -1.44404737e-03 -4.11781441e-05
366              1.19336283e-01 4.82404316e-02 -1.45420876e-02 1.18095139e-01 4.97304737e-02 -1.45015043e-02 1.24114376e-03 -1.49004212e-03 -4.05833123e-05
367              1.17430155e-01 5.54936064e-02 -1.39738577e-02 1.16202719e-01 5.70316576e-02 -1.39353786e-02 1.22743611e-03 -1.53805128e-03 -3.84791107e-05
368              1.14516243e-01 6.30604347e-02 -1.33366659e-02 1.13304147e-01 6.46445426e-02 -1.33022905e-02 1.21209603e-03 -1.58410786e-03 -3.43754044e-05
369              1.10997005e-01 7.04544124e-02 -1.27102458e-02 1.09802208e-01 7.20813714e-02 -1.26820644e-02 1.19479687e-03 -1.62695896e-03 -2.81814505e-05
370              1.07459295e-01 7.72647211e-02 -1.22195778e-02 1.06282996e-01 7.89292030e-02 -1.21994128e-02 1.17629941e-03 -1.66448191e-03 -2.01650048e-05
371              1.04189661e-01 8.31115322e-02 -1.19615790e-02 1.03031785e-01 8.48065975e-02 -1.19506149e-02 1.15787640e-03 -1.69506522e-03 -1.09640737e-05
372              1.01169104e-01 8.77771098e-02 -1.19494774e-02 1.00023642e-01 8.94960260e-02 -1.19472726e-02 1.14546229e-03 -1.71891622e-03 -2.20488997e-06
373              9.89070355e-02 9.10052420e-02 -1.21437868e-02 9.77620404e-02 9.27418447e-02 -1.21484066e-02 1.14499513e-03 -1.73660266e-03 4.61974240e-06
374              9.76552622e-02 9.25881071e-02 -1.24682145e-02 9.64966600e-02 9.43335952e-02 -1.24770102e-02 1.15860226e-03 -1.74548803e-03 8.79575136e-06
375              9.73447749e-02 9.21534095e-02 -1.28831307e-02 9.61576543e-02 9.39007153e-02 -1.28928435e-02 1.18712060e-03 -1.74730585e-03 9.71279224e-06
376              9.71710816e-02 8.97717715e-02 -1.33544724e-02 9.59401877e-02 9.15147712e-02 -1.33613629e-02 1.23089384e-03 -1.74299964e-03 6.89049322e-06
377              9.65871904e-02 8.55520078e-02 -1.38623298e-02 9.53015589e-02 8.72855790e-02 -1.38631145e-02 1.28563147e-03 -1.73357121e-03 7.84685829e-07
378              9.58377006e-02 7.96941468e-02 -1.43200506e-02 9.44895631e-02 8.14156806e-02 -1.43118244e-02 1.34813751e-03 -1.72153378e-03 -8.22625515e-06
379              9.52921916e-02 7.30960196e-02 -1.46754809e-02 9.38803968e-02 7.48022074e-02 -1.46569735e-02 1.41179476e-03 -1.70618787e-03 -1.85073620e-05
380              9.53304041e-02 6.51662414e-02 -1.48840754e-02 9.38609377e-02 6.68523344e-02 -1.48556633e-02 1.46946636e-03 -1.68609306e-03 -2.84121377e-05
381              9.56703148e-02 5.56518410e-02 -1.49415027e-02 9.41539323e-02 5.73110876e-02 -1.49045317e-02 1.51638251e-03 -1.65924660e-03 -3.69709981e-05
382              9.62995736e-02 4.51430904e-02 -1.48732375e-02 9.47486047e-02 4.67676674e-02 -1.48295535e-02 1.55096887e-03 -1.62457703e-03 -4.36839224e-05
383              9.69367887e-02 3.46749927e-02 -1.47016427e-02 9.53630614e-02 3.62581610e-02 -1.46530313e-02 1.57372734e-03 -1.58316827e-03 -4.86113707e-05
384              9.74537846e-02 2.49218616e-02 -1.44442448e-02 9.58681006e-02 2.64585329e-02 -1.43925116e-02 1.58568394e-03 -1.53667131e-03 -5.17332230e-05
385              9.77243223e-02 1.60080991e-02 -1.41090784e-02 9.61383352e-02 1.74963541e-02 -1.40560738e-02 1.58598710e-03 -1.48825498e-03 -5.30046028e-05
386              9.80262851e-02 8.06450084e-03 -1.37139329e-02 9.64526006e-02 9.50378720e-03 -1.36615659e-02 1.57368456e-03 -1.43928636e-03 -5.23670006e-05
387              9.81161470e-02 1.15256960e-03 -1.32937541e-02 9.65677387e-02 2.54321889e-03 -1.32440872e-02 1.54840833e-03 -1.39064929e-03 -4.96668355e-05
388              9.85427177e-02 -4.66490624e-03 -1.29224981e-02 9.70328224e-02 -3.32232599e-03 -1.28779942e-02 1.50989524e-03 -1.34258024e-03 -4.45039351e-05
389              9.99432549e-02 -9.11062759e-03 -1.27151700e-02 9.84835129e-02 -7.81437804e-03 -1.26782302e-02 1.45974208e-03 -1.29624955e-03 -3.69397811e-05
390              1.02292212e-01 -1.21079184e-02 -1.27308758e-02 1.00889762e-01 -1.08539969e-02 -1.27030559e-02 1.40244974e-03 -1.25392154e-03 -2.78199336e-05
391              1.05911854e-01 -1.38631114e-02 -1.29598915e-02 1.04567140e-01 -1.26462509e-02 -1.29409534e-02 1.34471448e-03 -1.21686051e-03 -1.89380846e-05
392              1.10602998e-01 -1.48122236e-02 -1.33433799e-02 1.09310739e-01 -1.36265539e-02 -1.33312334e-02 1.29225907e-03 -1.18566967e-03 -1.21464939e-05
393              1.15943060e-01 -1.49153752e-02 -1.38054614e-02 1.14695172e-01 -1.37557660e-02 -1.37971997e-02 1.24788815e-03 -1.15960920e-03 -8.26176084e-06
394              1.21060360e-01 -1.36483852e-02 -1.42669332e-02 1.19846462e-01 -1.25108968e-02 -1.42591808e-02 1.21389777e-03 -1.13748840e-03 -7.75236899e-06
395              1.25724341e-01 -1.09256532e-02 -1.47261584e-02 1.24533445e-01 -9.80616642e-03 -1.47155976e-02 1.19089600e-03 -1.11948680e-03 -1.05607747e-05
396              1.30023943e-01 -7.08798648e-03 -1.51652943e-02 1.28845561e-01 -5.98187070e-03 -1.51493174e-02 1.17838233e-03 -1.10611577e-03 -1.59768408e-05
397              1.33535391e-01 -2.23871881e-03 -1.54927507e-02 1.32359263e-01 -1.13938060e-03 -1.54692106e-02 1.17612842e-03 -1.09933821e-03 -2.35400646e-05
398              1.36202005e-01 3.43965770e-03 -1.56437089e-02 1.35022906e-01 4.54050475e-03 -1.56120638e-02 1.17909923e-03 -1.10084705e-03 -3.16451050e-05
399              1.37849409e-01 1.02131895e-02 -1.56228104e-02 1.36668804e-01 1.13263202e-02 -1.55842906e-02 1.18060588e-03 -1.11313074e-03 -3.85197728e-05
400              1.38589626e-01 1.80983488e-02 -1.54563056e-02 1.37411607e-01 1.92348172e-02 -1.54129754e-02 1.17801863e-03 -1.13646835e-03 -4.33301783e-05
401              1.38415555e-01 2.68457960e-02 -1.51803958e-02 1.37242556e-01 2.80139113e-02 -1.51339781e-02 1.17299945e-03 -1.16811521e-03 -4.64176502e-05
402              1.37083550e-01 3.62898388e-02 -1.48061656e-02 1.35915604e-01 3.74942571e-02 -1.47579467e-02 1.16794664e-03 -1.20441830e-03 -4.82188752e-05
403              1.34747686e-01 4.60771246e-02 -1.43584645e-02 1.33584144e-01 4.73196453e-02 -1.43097619e-02 1.16354178e-03 -1.24252070e-03 -4.87026299e-05
404              1.31618393e-01 5.59338487e-02 -1.38740431e-02 1.30458359e-01 5.72138412e-02 -1.38263666e-02 1.16003409e-03 -1.27999247e-03 -4.76765503e-05
405              1.27998152e-01 6.54159006e-02 -1.33986299e-02 1.26839147e-01 6.67307152e-02 -1.33533358e-02 1.15900529e-03 -1.31481464e-03 -4.52941003e-05
406              1.23769951e-01 7.43345498e-02 -1.29433260e-02 1.22609082e-01 7.56803711e-02 -1.29019174e-02 1.16086879e-03 -1.34582130e-03 -4.14086411e-05
407              1.19350484e-01 8.25835899e-02 -1.25963309e-02 1.18188980e-01 8.39570405e-02 -1.25606759e-02 1.16150467e-03 -1.37345061e-03 -3.56550122e-05
408              1.15183092e-01 8.96254602e-02 -1.24484749e-02 1.14021846e-01 9.10227323e-02 -1.24200258e-02 1.16124598e-03 -1.39727214e-03 -2.84490868e-05
409              1.11641618e-01 9.49180346e-02 -1.25591071e-02 1.10480022e-01 9.63352089e-02 -1.25384429e-02 1.16159590e-03 -1.41717438e-03 -2.06641385e-05
410              1.09191564e-01 9.78967624e-02 -1.29009073e-02 1.08023589e-01 9.93291257e-02 -1.28869730e-02 1.16797484e-03 -1.43236329e-03 -1.39342450e-05
411              1.08022019e-01 9.88337924e-02 -1.33792846e-02 1.06838505e-01 1.00275295e-01 -1.33699809e-02 1.18351410e-03 -1.44150244e-03 -9.30371315e-06
412              1.07745267e-01 9.82524726e-02 -1.39167608e-02 1.06535829e-01 9.96998439e-02 -1.39092872e-02 1.20943761e-03 -1.44737128e-03 -7.47351238e-06
413              1.07629688e-01 9.55171788e-02 -1.44267470e-02 1.06385064e-01 9.69679441e-02 -1.44181635e-02 1.24462418e-03 -1.45076524e-03 -8.58351994e-06
414              1.07250224e-01 9.06557038e-02 -1.49048675e-02 1.05963769e-01 9.21055043e-02 -1.48923624e-02 1.28645561e-03 -1.44980045e-03 -1.25051256e-05
415              1.06992270e-01 8.41583930e-02 -1.53063698e-02 1.05657567e-01 8.56022735e-02 -1.52869554e-02 1.33470318e-03 -1.44388050e-03 -1.94144391e-05
416              1.07017557e-01 7.64193588e-02 -1.55417348e-02 1.05631313e-01 7.78507096e-02 -1.55130060e-02 1.38624364e-03 -1.43135088e-03 -2.87288218e-05
417              1.07797441e-01 6.73293270e-02 -1.56068981e-02 1.06360424e-01 6.87391277e-02 -1.55674957e-02 1.43701759e-03 -1.40980071e-03 -3.94024225e-05
418              1.09158010e-01 5.71928821e-02 -1.54999563e-02 1.07679425e-01 5.85713041e-02 -1.54504462e-02 1.47858502e-03 -1.37842199e-03 -4.95100851e-05
419              1.10855432e-01 4.65736612e-02 -1.52508517e-02 1.09347657e-01 4.79121082e-02 -1.51931669e-02 1.50777480e-03 -1.33844703e-03 -5.76847609e-05
420              1.12538286e-01 3.58381094e-02 -1.49174972e-02 1.11015150e-01 3.71298950e-02 -1.48540167e-02 1.52313564e-03 -1.29178557e-03 -6.34805195e-05
421              1.14186593e-01 2.52329002e-02 -1.45445742e-02 1.12661543e-01 2.64739518e-02 -1.44776443e-02 1.52505007e-03 -1.24105152e-03 -6.69298505e-05
422              1.16204176e-01 1.50967194e-02 -1.41825961e-02 1.14691577e-01 1.62859411e-02 -1.41143198e-02 1.51259901e-03 -1.18922167e-03 -6.82763871e-05
423              1.18683870e-01 5.63074879e-03 -1.38098520e-02 1.17196221e-01 6.76668911e-03 -1.37419515e-02 1.48764932e-03 -1.13594032e-03 -6.79004909e-05
424              1.21515349e-01 -2.58737527e-03 -1.34434044e-02 1.20062426e-01 -1.50533364e-03 -1.33773526e-02 1.45292292e-03 -1.08204163e-03 -6.60518508e-05
425              1.24210729e-01 -9.40475623e-03 -1.30970930e-02 1.22800203e-01 -8.37540696e-03 -1.30343601e-02 1.41052636e-03 -1.02934927e-03 -6.27328695e-05
426              1.27014153e-01 -1.50828877e-02 -1.28466952e-02 1.25655632e-01 -1.41031929e-02 -1.27894234e-02 1.35852082e-03 -9.79694874e-04 -5.72717699e-05
427              1.30344208e-01 -1.99195894e-02 -1.27540136e-02 1.29045488e-01 -1.89839829e-02 -1.27040214e-02 1.29872051e-03 -9.35606526e-04 -4.99921455e-05
428              1.34847436e-01 -2.36358463e-02 -1.28738072e-02 1.33612699e-01 -2.27369309e-02 -1.28316580e-02 1.23473751e-03 -8.98915345e-04 -4.21492266e-05
429              1.40429501e-01 -2.55816916e-02 -1.32129248e-02 1.39258559e-01 -2.47118049e-02 -1.31776808e-02 1.17094276e-03 -8.69886754e-04 -3.52439957e-05
430              1.46706944e-01 -2.58671732e-02 -1.36718486e-02 1.45593435e-01 -2.50185363e-02 -1.36410644e-02 1.11350906e-03 -8.48636930e-04 -3.07842435e-05
431              1.52559522e-01 -2.50330067e-02 -1.41898825e-02 1.51493472e-01 -2.41998779e-02 -1.41604905e-02 1.06605073e-03 -8.33128824e-04 -2.93919707e-05
432              1.57512685e-01 -2.32154147e-02 -1.46824923e-02 1.56483212e-01 -2.23926326e-02 -1.46517983e-02 1.02947273e-03 -8.22782060e-04 -3.06940029e-05
433              1.61728477e-01 -2.01719529e-02 -1.51371507e-02 1.60721909e-01 -1.93531499e-02 -1.51025158e-02 1.00656751e-03 -8.18803032e-04 -3.46348802e-05
434              1.65321015e-01 -1.57620926e-02 -1.55152643e-02 1.64322694e-01 -1.49418555e-02 -1.54742699e-02 9.98320346e-04 -8.20237106e-04 -4.09943886e-05
435              1.67967692e-01 -1.04076676e-02 -1.57327615e-02 1.66967009e-01 -9.57914552e-03 -1.56838935e-02 1.00068226e-03 -8.28522045e-04 -4.88680232e-05
436              1.69522620e-01 -3.98108428e-03 -1.57961249e-02 1.68513707e-01 -3.13876638e-03 -1.57389223e-02 1.00891302e-03 -8.42317905e-04 -5.72026074e-05
437              1.70061613e-01 3.58248486e-03 -1.57179858e-02 1.69044594e-01 4.44559440e-03 -1.56533875e-02 1.01701840e-03 -8.63109538e-04 -6.45982973e-05
438              1.69417341e-01 1.20595252e-02 -1.55254094e-02 1.68394748e-01 1.29484408e-02 -1.54546485e-02 1.02259319e-03 -8.88915651e-04 -7.07609033e-05
439              1.67266972e-01 2.11696823e-02 -1.52168933e-02 1.66241747e-01 2.20874575e-02 -1.51414195e-02 1.02522562e-03 -9.17775193e-04 -7.54738162e-05
440              1.64104784e-01 3.05348506e-02 -1.48319970e-02 1.63079610e-01 3.14835202e-02 -1.47532789e-02 1.02517399e-03 -9.48669590e-04 -7.87181251e-05
441              1.60235690e-01 3.94664931e-02 -1.44181141e-02 1.59212155e-01 4.04459244e-02 -1.43377563e-02 1.02353472e-03 -9.79431306e-04 -8.03578199e-05
442              1.55767497e-01 4.79133200e-02 -1.40167469e-02 1.54746210e-01 4.89236125e-02 -1.39363810e-02 1.02128671e-03 -1.01029251e-03 -8.03658323e-05
443              1.50437514e-01 5.54509140e-02 -1.36652063e-02 1.49417561e-01 5.64909074e-02 -1.35863123e-02 1.01995246e-03 -1.03999341e-03 -7.88939892e-05
444              1.44041202e-01 6.20248668e-02 -1.33720346e-02 1.43021991e-01 6.30930610e-02 -1.32961103e-02 1.01921180e-03 -1.06819425e-03 -7.59243517e-05
445              1.37331185e-01 6.76614011e-02 -1.31885176e-02 1.36314399e-01 6.87552932e-02 -1.31174188e-02 1.01678648e-03 -1.09389210e-03 -7.10987599e-05
446              1.30787616e-01 7.23389777e-02 -1.31864046e-02 1.29775569e-01 7.34550560e-02 -1.31217404e-02 1.01204675e-03 -1.11607830e-03 -6.46641717e-05
447              1.25507703e-01 7.59642494e-02 -1.34044549e-02 1.24500173e-01 7.70995773e-02 -1.33469219e-02 1.00753058e-03 -1.13532788e-03 -5.75330207e-05
448              1.22208662e-01 7.80823463e-02 -1.38175858e-02 1.21204017e-01 7.92325853e-02 -1.37669946e-02 1.00464492e-03 -1.15023896e-03 -5.05912318e-05
449              1.19947085e-01 7.87187467e-02 -1.43118580e-02 1.18939897e-01 7.98794983e-02 -1.42662983e-02 1.00718739e-03 -1.16075158e-03 -4.55596738e-05
450              1.18244773e-01 7.81283484e-02 -1.48466853e-02 1.17229300e-01 7.92967794e-02 -1.48033442e-02 1.01547299e-03 -1.16843100e-03 -4.33410990e-05
451              1.17007162e-01 7.61584188e-02 -1.53653963e-02 1.15979246e-01 7.73315820e-02 -1.53214285e-02 1.02791647e-03 -1.17316326e-03 -4.39678236e-05
452              1.16477640e-01 7.27283906e-02 -1.58290150e-02 1.15431103e-01 7.39028567e-02 -1.57811859e-02 1.04653607e-03 -1.17446601e-03 -4.78290693e-05
453              1.16500251e-01 6.80596126e-02 -1.61709244e-02 1.15428237e-01 6.92276498e-02 -1.61158961e-02 1.07201429e-03 -1.16803725e-03 -5.50283318e-05
454              1.17016654e-01 6.26223472e-02 -1.63251057e-02 1.15915385e-01 6.37727101e-02 -1.62606633e-02 1.10126882e-03 -1.15036289e-03 -6.44423502e-05
455              1.18510496e-01 5.63887889e-02 -1.63003190e-02 1.17379998e-01 5.75082631e-02 -1.62257004e-02 1.13049799e-03 -1.11947416e-03 -7.46186494e-05
456              1.20719620e-01 4.94385873e-02 -1.61353397e-02 1.19566774e-01 5.05154377e-02 -1.60517484e-02 1.15284596e-03 -1.07685042e-03 -8.35912560e-05
457              1.22882967e-01 4.20060340e-02 -1.58417000e-02 1.21717462e-01 4.30310417e-02 -1.57511738e-02 1.16550464e-03 -1.02500778e-03 -9.05261835e-05
458              1.25035506e-01 3.44464085e-02 -1.54571541e-02 1.23868008e-01 3.54143850e-02 -1.53621285e-02 1.16749814e-03 -9.67976491e-04 -9.50255951e-05
459              1.27491174e-01 2.69160591e-02 -1.50308222e-02 1.26332062e-01 2.78260111e-02 -1.49335836e-02 1.15911231e-03 -9.09952075e-04 -9.72386114e-05
460              1.30317131e-01 1.97311710e-02 -1.45733368e-02 1.29175593e-01 2.05833245e-02 -1.44758077e-02 1.14153804e-03 -8.52153452e-04 -9.75290621e-05
461              1.33228382e-01 1.29441650e-02 -1.41114510e-02 1.32113772e-01 1.37428552e-02 -1.40152910e-02 1.11460949e-03 -7.98690198e-04 -9.61600670e-05
462              1.35714101e-01 6.66514970e-03 -1.36783610e-02 1.34634496e-01 7.41596871e-03 -1.35848385e-02 1.07960457e-03 -7.50819013e-04 -9.35225590e-05
463              1.37742534e-01 1.34889806e-03 -1.32965566e-02 1.36705933e-01 2.05864980e-03 -1.32069657e-02 1.03660074e-03 -7.09751739e-04 -8.95908366e-05
464              1.39591308e-01 -2.43801674e-03 -1.29876193e-02 1.38605758e-01 -1.76151467e-03 -1.29034840e-02 9.85550176e-04 -6.76502071e-04 -8.41352805e-05
465              1.42131435e-01 -5.17787421e-03 -1.27957680e-02 1.41204081e-01 -4.52606983e-03 -1.27183986e-02 9.27353190e-04 -6.51804378e-04 -7.73694092e-05
466              1.45995690e-01 -7.13974307e-03 -1.27917457e-02 1.45127881e-01 -6.50427029e-03 -1.27215226e-02 8.67809490e-04 -6.35472772e-04 -7.02230231e-05
467              1.50392137e-01 -8.09627240e-03 -1.30021593e-02 1.49581887e-01 -7.46850586e-03 -1.29385479e-02 8.10250157e-04 -6.27766540e-04 -6.36114076e-05
468              1.54531667e-01 -7.43219306e-03 -1.33255744e-02 1.53771548e-01 -6.80469645e-03 -1.32665749e-02 7.60119533e-04 -6.27496609e-04 -5.89994967e-05
469              1.58071918e-01 -5.61692586e-03 -1.37373131e-02 1.57350672e-01 -4.98339398e-03 -1.36803550e-02 7.21245895e-04 -6.33531875e-04 -5.69581296e-05
470              1.61023694e-01 -2.72253049e-03 -1.41866673e-02 1.60330866e-01 -2.07727899e-03 -1.41294903e-02 6.92828747e-04 -6.45251499e-04 -5.71770441e-05
471              1.63316037e-01 1.09873376e-03 -1.46272522e-02 1.62638745e-01 1.76197735e-03 -1.45674062e-02 6.77291874e-04 -6.63243588e-04 -5.98459538e-05
472              1.65256323e-01 5.91444705e-03 -1.49957701e-02 1.64580782e-01 6.60215731e-03 -1.49307638e-02 6.75541159e-04 -6.87710257e-04 -6.50063319e-05
473              1.67001316e-01 1.18943706e-02 -1.52203103e-02 1.66316189e-01 1.26120179e-02 -1.51484284e-02 6.85127248e-04 -7.17647273e-04 -7.18818847e-05
474              1.68191671e-01 1.86679341e-02 -1.53117080e-02 1.67487774e-01 1.94185158e-02 -1.52320233e-02 7.03896458e-04 -7.50581641e-04 -7.96846838e-05
475              1.68204560e-01 2.59805272e-02 -1.53089006e-02 1.67481189e-01 2.67650817e-02 -1.52218533e-02 7.23371225e-04 -7.84554512e-04 -8.70472789e-05
476              1.66859581e-01 3.34381266e-02 -1.51988681e-02 1.66118800e-01 3.42561154e-02 -1.51052801e-02 7.40781069e-04 -8.17988821e-04 -9.35880146e-05
477              1.64398121e-01 4.06180092e-02 -1.49851995e-02 1.63643697e-01 4.14661063e-02 -1.48865732e-02 7.54424355e-04 -8.48097092e-04 -9.86262937e-05
478              1.61349122e-01 4.71687273e-02 -1.47329015e-02 1.60584078e-01 4.80444902e-02 -1.46311395e-02 7.65044408e-04 -8.75762946e-04 -1.01761989e-04
479              1.57965301e-01 5.25160511e-02 -1.44792053e-02 1.57190991e-01 5.34173630e-02 -1.43761203e-02 7.74309342e-04 -9.01311865e-04 -1.03084961e-04
480              1.53852655e-01 5.66423014e-02 -1.42532774e-02 1.53070496e-01 5.75684488e-02 -1.41507254e-02 7.82159497e-04 -9.26147420e-04 -1.02552038e-04
481              1.48666380e-01 6.00554270e-02 -1.40618624e-02 1.47876727e-01 6.10050411e-02 -1.39612752e-02 7.89652383e-04 -9.49614101e-04 -1.00587124e-04
482              1.42721802e-01 6.26561743e-02 -1.39123077e-02 1.41925731e-01 6.36264358e-02 -1.38152017e-02 7.96070948e-04 -9.70261556e-04 -9.71059860e-05
483              1.36912270e-01 6.40671046e-02 -1.38160855e-02 1.36112550e-01 6.50532411e-02 -1.37242449e-02 7.99720439e-04 -9.86136549e-04 -9.18405490e-05
484              1.31859117e-01 6.43145664e-02 -1.38081231e-02 1.31061112e-01 6.53122493e-02 -1.37231273e-02 7.98004383e-04 -9.97682902e-04 -8.49958493e-05
485              1.27663163e-01 6.38070779e-02 -1.39226786e-02 1.26870902e-01 6.48129551e-02 -1.38452953e-02 7.92261458e-04 -1.00587719e-03 -7.73832269e-05
486              1.24459850e-01 6.27168759e-02 -1.41686482e-02 1.23675611e-01 6.37289956e-02 -1.40987966e-02 7.84239217e-04 -1.01211974e-03 -6.98516055e-05
487              1.21878061e-01 6.05833708e-02 -1.44639287e-02 1.21099592e-01 6.15999768e-02 -1.43999091e-02 7.78468803e-04 -1.01660598e-03 -6.40196090e-05
488              1.19969937e-01 5.71809243e-02 -1.48064031e-02 1.19191171e-01 5.82003628e-02 -1.47453563e-02 7.78765954e-04 -1.01943850e-03 -6.10467583e-05
489              1.18505927e-01 5.28959167e-02 -1.51557972e-02 1.17721262e-01 5.39139424e-02 -1.50948788e-02 7.84665135e-04 -1.01802569e-03 -6.09184016e-05
490              1.17626314e-01 4.82633335e-02 -1.54677406e-02 1.16828849e-01 4.92718913e-02 -1.54038709e-02 7.97465323e-04 -1.00855776e-03 -6.38696992e-05
491              1.17894282e-01 4.32813197e-02 -1.57000533e-02 1.17076716e-01 4.42707309e-02 -1.56303593e-02 8.17565861e-04 -9.89411186e-04 -6.96939839e-05
492              1.18629241e-01 3.80871511e-02 -1.57878629e-02 1.17786355e-01 3.90461738e-02 -1.57106340e-02 8.42886084e-04 -9.59022680e-04 -7.72288739e-05
493              1.19298013e-01 3.27217514e-02 -1.57545654e-02 1.18426558e-01 3.36394864e-02 -1.56692103e-02 8.71455631e-04 -9.17734996e-04 -8.53551183e-05
494              1.19976506e-01 2.72798895e-02 -1.56612335e-02 1.19079922e-01 2.81492258e-02 -1.55688430e-02 8.96584175e-04 -8.69336325e-04 -9.23904864e-05
495              1.20717881e-01 2.19887839e-02 -1.55080081e-02 1.19803031e-01 2.28051320e-02 -1.54100378e-02 9.14850281e-04 -8.16348111e-04 -9.79702991e-05
496              1.21490623e-01 1.68467131e-02 -1.52760718e-02 1.20567295e-01 1.76089516e-02 -1.51742501e-02 9.23327924e-04 -7.62238515e-04 -1.01821749e-04
497              1.22157266e-01 1.22005887e-02 -1.49836590e-02 1.21236253e-01 1.29099697e-02 -1.48797211e-02 9.21013217e-04 -7.09381015e-04 -1.03937812e-04
498              1.22274566e-01 8.28637263e-03 -1.46483031e-02 1.21366341e-01 8.94557810e-03 -1.45437224e-02 9.08224998e-04 -6.59205469e-04 -1.04580647e-04
499              1.21645787e-01 5.08104205e-03 -1.42945478e-02 1.20760547e-01 5.69566296e-03 -1.41907974e-02 8.85239719e-04 -6.14620914e-04 -1.03750371e-04
500              1.20794181e-01 2.54065872e-03 -1.39347166e-02 1.19940320e-01 3.11763304e-03 -1.38330162e-02 8.53860765e-04 -5.76974317e-04 -1.01700416e-04
501              1.20131410e-01 5.73005357e-04 -1.35866568e-02 1.19316159e-01 1.12024043e-03 -1.34882991e-02 8.15250606e-04 -5.47235070e-04 -9.83577744e-05
502              1.19607813e-01 -6.68466663e-04 -1.32960473e-02 1.18838381e-01 -1.43750232e-04 -1.32025225e-02 7.69432041e-04 -5.24716431e-04 -9.35248283e-05
503              1.19284848e-01 -7.57341025e-04 -1.31063165e-02 1.18567029e-01 -2.48135112e-04 -1.30187287e-02 7.17818924e-04 -5.09205912e-04 -8.75878584e-05
504              1.18971953e-01 1.28496775e-05 -1.30723186e-02 1.18306965e-01 5.12868202e-04 -1.29909434e-02 6.64988063e-04 -5.00018525e-04 -8.13752323e-05
505              1.18869742e-01 1.39922614e-03 -1.32162896e-02 1.18257019e-01 1.89687019e-03 -1.31408461e-02 6.12722821e-04 -4.97644044e-04 -7.54435055e-05
506              1.18748670e-01 3.12088428e-03 -1.34769568e-02 1.18182200e-01 3.62388217e-03 -1.34061826e-02 5.66470128e-04 -5.02997888e-04 -7.07741840e-05
507              1.18959233e-01 5.40011299e-03 -1.38471487e-02 1.18428212e-01 5.91686286e-03 -1.37788706e-02 5.31020665e-04 -5.16749864e-04 -6.82780865e-05
508              1.20097404e-01 8.44585612e-03 -1.42672782e-02 1.19590429e-01 8.98535087e-03 -1.41992027e-02 5.06975123e-04 -5.39494753e-04 -6.80754784e-05
509              1.22110855e-01 1.20066822e-02 -1.46940031e-02 1.21613907e-01 1.25765991e-02 -1.46235503e-02 4.96948131e-04 -5.69916899e-04 -7.04527937e-05
510              1.24135276e-01 1.58195376e-02 -1.50780269e-02 1.23633637e-01 1.64268804e-02 -1.50025790e-02 5.01638623e-04 -6.07342752e-04 -7.54478646e-05
511              1.25680886e-01 1.97156438e-02 -1.53297950e-02 1.25164500e-01 2.03631624e-02 -1.52474526e-02 5.16386115e-04 -6.47518555e-04 -8.23424068e-05
512              1.26945600e-01 2.32555009e-02 -1.54561748e-02 1.26408180e-01 2.39437082e-02 -1.53656876e-02 5.37420536e-04 -6.88207364e-04 -9.04872339e-05
513              1.28107706e-01 2.63942494e-02 -1.55068606e-02 1.27548801e-01 2.71220370e-02 -1.54088369e-02 5.58905727e-04 -7.27787591e-04 -9.80236423e-05
514              1.29292475e-01 2.89748808e-02 -1.54915440e-02 1.28711764e-01 2.97403090e-02 -1.53874016e-02 5.80711306e-04 -7.65428234e-04 -1.04142351e-04
515              1.29725560e-01 3.07529795e-02 -1.54015263e-02 1.29124206e-01 3.15535119e-02 -1.52933012e-02 6.01354101e-04 -8.00532340e-04 -1.08225158e-04
516              1.28803303e-01 3.17464183e-02 -1.52519493e-02 1.28182568e-01 3.25799032e-02 -1.51417443e-02 6.20735607e-04 -8.33484926e-04 -1.10204997e-04
517              1.26940586e-01 3.19906454e-02 -1.50537007e-02 1.26302264e-01 3.28545640e-02 -1.49433493e-02 6.38322380e-04 -8.63918512e-04 -1.10351364e-04
518              1.24666701e-01 3.15691582e-02 -1.48234116e-02 1.24014039e-01 3.24609112e-02 -1.47146270e-02 6.52661593e-04 -8.91753015e-04 -1.08784577e-04
519              1.22344034e-01 3.05142894e-02 -1.45845239e-02 1.21680534e-01 3.14294860e-02 -1.44788186e-02 6.63499078e-04 -9.15196657e-04 -1.05705259e-04
520              1.19785529e-01 2.92615352e-02 -1.43368745e-02 1.19116367e-01 3.01957822e-02 -1.42358377e-02 6.69162348e-04 -9.34247047e-04 -1.01036801e-04
521              1.16839114e-01 2.80030721e-02 -1.41204790e-02 1.16172945e-01 2.89512746e-02 -1.40259524e-02 6.66169326e-04 -9.48202475e-04 -9.45265951e-05
522              1.13942878e-01 2.63909213e-02 -1.39784433e-02 1.13288404e-01 2.73482216e-02 -1.38917997e-02 6.54474083e-04 -9.57300230e-04 -8.66435672e-05
523              1.11504650e-01 2.41987902e-02 -1.39393813e-02 1.10867791e-01 2.51604515e-02 -1.38608531e-02 6.36858747e-04 -9.61661334e-04 -7.85281804e-05
524              1.09843945e-01 2.17569591e-02 -1.40250046e-02 1.09228739e-01 2.27169593e-02 -1.39539946e-02 6.15205991e-04 -9.60000208e-04 -7.10099853e-05
525              1.09054061e-01 1.95636304e-02 -1.41859981e-02 1.08458901e-01 2.05148324e-02 -1.41206644e-02 5.95159186e-04 -9.51201986e-04 -6.53336470e-05
526              1.09266124e-01 1.74680579e-02 -1.44380473e-02 1.08685925e-01 1.84021774e-02 -1.43758851e-02 5.80198442e-04 -9.34119531e-04 -6.21621819e-05
527              1.09980435e-01 1.54673002e-02 -1.47339176e-02 1.09408711e-01 1.63754829e-02 -1.46723079e-02 5.71724301e-04 -9.08182739e-04 -6.16097305e-05
528              1.10960934e-01 1.35641657e-02 -1.50450241e-02 1.10387480e-01 1.44385859e-02 -1.49811709e-02 5.73454244e-04 -8.74420263e-04 -6.38531836e-05
529              1.12021385e-01 1.19408521e-02 -1.53161087e-02 1.11434514e-01 1.27752237e-02 -1.52474082e-02 5.86871508e-04 -8.34371682e-04 -6.87005036e-05
530              1.13046714e-01 1.06326004e-02 -1.54690004e-02 1.12438647e-01 1.14222500e-02 -1.53939099e-02 6.08067218e-04 -7.89649600e-04 -7.50904804e-05
531              1.14302205e-01 9.57615285e-03 -1.55101995e-02 1.13670500e-01 1.03176685e-02 -1.54277247e-02 6.31704500e-04 -7.41515621e-04 -8.24748076e-05
532              1.15302958e-01 8.83809949e-03 -1.54863420e-02 1.14653999e-01 9.53072673e-03 -1.53970496e-02 6.48958874e-04 -6.92627243e-04 -8.92924382e-05
533              1.15528872e-01 8.56364389e-03 -1.53972669e-02 1.14870227e-01 9.20845067e-03 -1.53022624e-02 6.58644567e-04 -6.44806782e-04 -9.50044658e-05
534              1.15104764e-01 8.72059845e-03 -1.52261022e-02 1.14445377e-01 9.32088350e-03 -1.51270328e-02 6.59386760e-04 -6.00285047e-04 -9.90693697e-05
535              1.14325969e-01 8.94378246e-03 -1.49912174e-02 1.13675143e-01 9.50506742e-03 -1.48897725e-02 6.50825331e-04 -5.61284955e-04 -1.01444889e-04
536              1.13286932e-01 9.23911446e-03 -1.47041380e-02 1.12652926e-01 9.76882047e-03 -1.46019262e-02 6.34006573e-04 -5.29706008e-04 -1.02211749e-04
537              1.11755737e-01 9.71044549e-03 -1.43821619e-02 1.11146327e-01 1.02168695e-02 -1.42807076e-02 6.09409489e-04 -5.06424030e-04 -1.01454270e-04
538              1.09411568e-01 1.03785298e-02 -1.40482784e-02 1.08832909e-01 1.08688803e-02 -1.39487780e-02 5.78659215e-04 -4.90350502e-04 -9.95003741e-05
539              1.06243745e-01 1.12072626e-02 -1.37218910e-02 1.05702282e-01 1.16874372e-02 -1.36256532e-02 5.41462468e-04 -4.80174612e-04 -9.62378935e-05
540              1.02874160e-01 1.19555134e-02 -1.34584144e-02 1.02377130e-01 1.24314193e-02 -1.33672156e-02 4.97030329e-04 -4.75905886e-04 -9.11987892e-05
541              9.98217585e-02 1.28994481e-02 -1.32992573e-02 9.93738093e-02 1.33774944e-02 -1.32146070e-02 4.47949266e-04 -4.78046303e-04 -8.46502619e-05
542              9.77249218e-02 1.41494836e-02 -1.32843002e-02 9.73272193e-02 1.46371470e-02 -1.32066620e-02 3.97702501e-04 -4.87663341e-04 -7.76381980e-05
543              9.67069225e-02 1.51900471e-02 -1.34261999e-02 9.63570295e-02 1.56954376e-02 -1.33553404e-02 3.49893043e-04 -5.05390491e-04 -7.08595059e-05
544              9.64778279e-02 1.58178611e-02 -1.36714658e-02 9.61667776e-02 1.63488758e-02 -1.36058290e-02 3.11050358e-04 -5.31014733e-04 -6.56367825e-05
545              9.74574740e-02 1.59484900e-02 -1.40352319e-02 9.71718934e-02 1.65121388e-02 -1.39723044e-02 2.85580624e-04 -5.63648753e-04 -6.29274884e-05
546              9.94159688e-02 1.55943942e-02 -1.44576634e-02 9.91418199e-02 1.61948953e-02 -1.43948234e-02 2.74148917e-04 -6.00501182e-04 -6.28399958e-05
547              1.02291119e-01 1.47878942e-02 -1.49034498e-02 1.02013246e-01 1.54277631e-02 -1.48377167e-02 2.77873504e-04 -6.39868916e-04 -6.57331487e-05
548              1.05549091e-01 1.36489912e-02 -1.53111020e-02 1.05253004e-01 1.43291217e-02 -1.52397255e-02 2.96087878e-04 -6.80130412e-04 -7.13765197e-05
549              1.08659738e-01 1.21644272e-02 -1.55949539e-02 1.08333704e-01 1.28836978e-02 -1.55162390e-02 3.26034370e-04 -7.19270521e-04 -7.87148532e-05
550              1.11794849e-01 1.03152552e-02 -1.57780226e-02 1.11430156e-01 1.10706026e-02 -1.56912150e-02 3.64693727e-04 -7.55347352e-04 -8.68075678e-05
551              1.15047327e-01 8.29058890e-03 -1.58896983e-02 1.14640916e-01 9.07853925e-03 -1.57956639e-02 4.06411116e-04 -7.87950344e-04 -9.40344426e-05
552              1.18067725e-01 6.19385392e-03 -1.59256650e-02 1.17619405e-01 7.00989075e-03 -1.58257164e-02 4.48320124e-04 -8.16036827e-04 -9.99485824e-05
553              1.20336284e-01 4.21583407e-03 -1.58621778e-02 1.19849879e-01 5.05501825e-03 -1.57579665e-02 4.86405544e-04 -8.39184179e-04 -1.04211371e-04
554              1.21852277e-01 2.49507007e-03 -1.57161610e-02 1.21333546e-01 3.35172911e-03 -1.56095392e-02 5.18731656e-04 -8.56659034e-04 -1.06621765e-04
555              1.22481615e-01 7.84448902e-04 -1.54979953e-02 1.21936886e-01 1.65363853e-03 -1.53908523e-02 5.44728824e-04 -8.69189628e-04 -1.07142991e-04
556              1.22209993e-01 -8.92678856e-04 -1.52151995e-02 1.21646260e-01 -1.48418450e-05 -1.51092408e-02 5.63732493e-04 -8.77837011e-04 -1.05958723e-04
557              1.21243536e-01 -2.36445931e-03 -1.48795274e-02 1.20668531e-01 -1.48313180e-03 -1.47759805e-02 5.75004879e-04 -8.81327512e-04 -1.03546911e-04
558              1.19532817e-01 -3.23513575e-03 -1.45150344e-02 1.18955319e-01 -2.35611555e-03 -1.44152543e-02 5.77498221e-04 -8.79020205e-04 -9.97800850e-05
559              1.17445234e-01 -3.32588527e-03 -1.41798434e-02 1.16875623e-01 -2.45816515e-03 -1.40853424e-02 5.69610984e-04 -8.67720116e-04 -9.45009618e-05
560              1.15474900e-01 -2.83685732e-03 -1.39195091e-02 1.14922346e-01 -1.98854873e-03 -1.38313945e-02 5.52554075e-04 -8.48308588e-04 -8.81145621e-05
561              1.14005586e-01 -1.68085702e-03 -1.37808717e-02 1.13475035e-01 -8.59655860e-04 -1.36995495e-02 5.30550785e-04 -8.21201164e-04 -8.13222911e-05
562              1.13183478e-01 -1.67795173e-05 -1.37845533e-02 1.12675628e-01 7.72126143e-04 -1.37096776e-02 5.07850287e-04 -7.88905660e-04 -7.48757471e-05
563              1.12922245e-01 1.95837576e-03 -1.38701414e-02 1.12431419e-01 2.71183655e-03 -1.38000159e-02 4.90825621e-04 -7.53460786e-04 -7.01255047e-05
564              1.13183578e-01 4.19369837e-03 -1.40667734e-02 1.12701196e-01 4.90956351e-03 -1.39990889e-02 4.82381791e-04 -7.15865138e-04 -6.76844576e-05
565              1.13871261e-01 6.54270560e-03 -1.43211036e-02 1.13388132e-01 7.22041360e-03 -1.42535038e-02 4.83129686e-04 -6.77708007e-04 -6.75998576e-05
566              1.14698230e-01 8.93663404e-03 -1.45975645e-02 1.14204324e-01 9.57656628e-03 -1.45273416e-02 4.93905521e-04 -6.39932239e-04 -7.02229554e-05
567              1.15652014e-01 1.13640473e-02 -1.48410586e-02 1.15138002e-01 1.19682332e-02 -1.47657560e-02 5.14011768e-04 -6.04185917e-04 -7.53025257e-05
568              1.16476540e-01 1.37168991e-02 -1.49769829e-02 1.15935785e-01 1.42887373e-02 -1.48949980e-02 5.40755323e-04 -5.71838192e-04 -8.19848350e-05
569              1.16815450e-01 1.59695308e-02 -1.50430299e-02 1.16245893e-01 1.65133464e-02 -1.49538500e-02 5.69556394e-04 -5.43815598e-04 -8.91798898e-05
570              1.16562857e-01 1.80461417e-02 -1.50437295e-02 1.15968161e-01 1.85674537e-02 -1.49480893e-02 5.94696357e-04 -5.21311980e-04 -9.56401958e-05
571              1.15559453e-01 1.99110815e-02 -1.49723513e-02 1.14944735e-01 2.04152832e-02 -1.48713358e-02 6.14718397e-04 -5.04201673e-04 -1.01015493e-04
572              1.13806177e-01 2.14905736e-02 -1.48184809e-02 1.13178882e-01 2.19824409e-02 -1.47134648e-02 6.27294691e-04 -4.91867281e-04 -1.05016139e-04
573              1.11462277e-01 2.25361012e-02 -1.46019771e-02 1.10830654e-01 2.30211626e-02 -1.44945288e-02 6.31622214e-04 -4.85061381e-04 -1.07448335e-04
574              1.08627192e-01 2.30993384e-02 -1.43443379e-02 1.07998672e-01 2.35831992e-02 -1.42362093e-02 6.28519915e-04 -4.83860809e-04 -1.08128566e-04
575              1.05174093e-01 2.31471100e-02 -1.40553660e-02 1.04555393e-01 2.36363393e-02 -1.39481844e-02 6.18700384e-04 -4.89229212e-04 -1.07181663e-04
576              1.01385202e-01 2.25054215e-02 -1.37702576e-02 1.00782577e-01 2.30056512e-02 -1.36654402e-02 6.02624593e-04 -5.00229601e-04 -1.04817352e-04
577              9.74912294e-02 2.11999743e-02 -1.34955772e-02 9.69101048e-02 2.17150565e-02 -1.33945734e-02 5.81124591e-04 -5.15082219e-04 -1.01003767e-04
578              9.37435006e-02 1.94698589e-02 -1.32801692e-02 9.31888864e-02 2.00024045e-02 -1.31845950e-02 5.54614268e-04 -5.32545645e-04 -9.55741870e-05
579              9.07115542e-02 1.73295326e-02 -1.31886039e-02 9.01864954e-02 1.78823545e-02 -1.30996399e-02 5.25058801e-04 -5.52821907e-04 -8.89640488e-05
580              8.88746118e-02 1.47758744e-02 -1.32766835e-02 8.83789718e-02 1.53515669e-02 -1.31945506e-02 4.95640003e-04 -5.75692446e-04 -8.21329280e-05
581              8.81504088e-02 1.18297752e-02 -1.35245203e-02 8.76807258e-02 1.24311288e-02 -1.34485004e-02 4.69683023e-04 -6.01353600e-04 -7.60199017e-05
582              8.83890763e-02 8.57361821e-03 -1.38801865e-02 8.79359836e-02 9.20266927e-03 -1.38081787e-02 4.53092752e-04 -6.29051054e-04 -7.20078778e-05
583              9.02621432e-02 5.12185868e-03 -1.43542264e-02 8.98142802e-02 5.77947256e-03 -1.42837671e-02 4.47863040e-04 -6.57613883e-04 -7.04593413e-05
584              9.37632481e-02 1.54247874e-03 -1.48835499e-02 9.33076611e-02 2.22747727e-03 -1.48119161e-02 4.55587073e-04 -6.84998531e-04 -7.16337630e-05
585              9.82669454e-02 -1.90691040e-03 -1.54200723e-02 9.77894837e-02 -1.19694695e-03 -1.53443477e-02 4.77461728e-04 -7.09963450e-04 -7.57246928e-05
586              1.03217805e-01 -5.16699069e-03 -1.58998535e-02 1.02706215e-01 -4.43555993e-03 -1.58175547e-02 5.11590175e-04 -7.31430754e-04 -8.22987742e-05
587              1.07815195e-01 -8.24839235e-03 -1.62592762e-02 1.07261389e-01 -7.50006300e-03 -1.61690442e-02 5.53805136e-04 -7.48329348e-04 -9.02320231e-05
588              1.12064165e-01 -1.10362908e-02 -1.65210861e-02 1.11465607e-01 -1.02764700e-02 -1.64228007e-02 5.98557772e-04 -7.59820823e-04 -9.82854127e-05
589              1.16117578e-01 -1.32549671e-02 -1.66805783e-02 1.15478227e-01 -1.24889718e-02 -1.65752122e-02 6.39350614e-04 -7.65995352e-04 -1.05366113e-04
590              1.19559918e-01 -1.48984501e-02 -1.67129679e-02 1.18886695e-01 -1.41318127e-02 -1.66019694e-02 6.73222087e-04 -7.66637479e-04 -1.10998505e-04
591              1.21963133e-01 -1.58233023e-02 -1.66083215e-02 1.21265915e-01 -1.50600834e-02 -1.64935741e-02 6.97218537e-04 -7.63218830e-04 -1.14747358e-04
592              1.23241614e-01 -1.60933021e-02 -1.63738529e-02 1.22531442e-01 -1.53379958e-02 -1.62572253e-02 7.10171800e-04 -7.55306313e-04 -1.16627634e-04
593              1.23398221e-01 -1.55625829e-02 -1.60265360e-02 1.22685600e-01 -1.48190486e-02 -1.59097817e-02 7.12621438e-04 -7.43534243e-04 -1.16754285e-04
594              1.22393335e-01 -1.39658080e-02 -1.55621183e-02 1.21687806e-01 -1.32381839e-02 -1.54467820e-02 7.05528448e-04 -7.27624088e-04 -1.15336346e-04
595              1.20661856e-01 -1.15143513e-02 -1.50200054e-02 1.19972602e-01 -1.08078018e-02 -1.49076295e-02 6.89254464e-04 -7.06549490e-04 -1.12375899e-04
596              1.18171340e-01 -8.61752019e-03 -1.44209401e-02 1.17507665e-01 -7.93734438e-03 -1.43131624e-02 6.63675444e-04 -6.80175816e-04 -1.07777758e-04
597              1.14862394e-01 -5.36808898e-03 -1.38304825e-02 1.14234008e-01 -4.71820095e-03 -1.37291228e-02 6.28385281e-04 -6.49888029e-04 -1.01359725e-04
598              1.11223189e-01 -1.77914273e-03 -1.33274721e-02 1.10636369e-01 -1.16085338e-03 -1.32337746e-02 5.86819574e-04 -6.18289347e-04 -9.36975365e-05
599              1.08185475e-01 2.00055347e-03 -1.29989130e-02 1.07641986e-01 2.58799667e-03 -1.29132840e-02 5.43488707e-04 -5.87443204e-04 -8.56290368e-05
600              1.05855463e-01 5.86916991e-03 -1.28292184e-02 1.05350679e-01 6.42944172e-03 -1.27509376e-02 5.04784038e-04 -5.60271811e-04 -7.82807925e-05
601              1.04070740e-01 9.65145412e-03 -1.28081139e-02 1.03594488e-01 1.01898605e-02 -1.27353103e-02 4.76252118e-04 -5.38406339e-04 -7.28035785e-05
602              1.02679943e-01 1.32793280e-02 -1.29500950e-02 1.02220526e-01 1.38019028e-02 -1.28804299e-02 4.59417136e-04 -5.22574736e-04 -6.96650930e-05
603              1.01679639e-01 1.66385335e-02 -1.32081692e-02 1.01224198e-01 1.71515604e-02 -1.31388287e-02 4.55440793e-04 -5.13026840e-04 -6.93405143e-05
604              1.01226809e-01 1.95467639e-02 -1.35382023e-02 1.00761939e-01 2.00555467e-02 -1.34660363e-02 4.64869692e-04 -5.08782789e-04 -7.21660250e-05
605              1.01020750e-01 2.20525258e-02 -1.38663452e-02 1.00536318e-01 2.25610736e-02 -1.37888080e-02 4.84432076e-04 -5.08547756e-04 -7.75372486e-05
606              1.00892383e-01 2.39947279e-02 -1.41426709e-02 1.00381477e-01 2.45055962e-02 -1.40579547e-02 5.10905900e-04 -5.10868250e-04 -8.47162149e-05
607              1.00836240e-01 2.52515454e-02 -1.43743242e-02 1.00298556e-01 2.57654868e-02 -1.42821210e-02 5.37683496e-04 -5.13941474e-04 -9.22032071e-05
608              1.00734256e-01 2.56176911e-02 -1.45721914e-02 1.00173546e-01 2.61363319e-02 -1.44731477e-02 5.60709618e-04 -5.18640811e-04 -9.90437001e-05
609              1.00334613e-01 2.51323669e-02 -1.47066048e-02 9.97561135e-02 2.56571287e-02 -1.46020210e-02 5.78499107e-04 -5.24761861e-04 -1.04583824e-04
610              9.95287639e-02 2.37276778e-02 -1.47625500e-02 9.89374183e-02 2.42614056e-02 -1.46541089e-02 5.91345619e-04 -5.33727838e-04 -1.08441033e-04
611              9.81734506e-02 2.13313025e-02 -1.47363060e-02 9.75739969e-02 2.18768065e-02 -1.46256893e-02 5.99453755e-04 -5.45504092e-04 -1.10616712e-04
612              9.60756224e-02 1.80398375e-02 -1.46613888e-02 9.54737730e-02 1.86004152e-02 -1.45502550e-02 6.01849350e-04 -5.60577770e-04 -1.11133835e-04
613              9.31416151e-02 1.39797042e-02 -1.45453561e-02 9.25430790e-02 1.45577377e-02 -1.44351721e-02 5.98536072e-04 -5.78033462e-04 -1.10184005e-04
614              8.98145597e-02 9.40627043e-03 -1.43984799e-02 8.92248881e-02 1.00029212e-02 -1.42906954e-02 5.89671611e-04 -5.96650723e-04 -1.07784438e-04
615              8.69072114e-02 4.61615883e-03 -1.42378898e-02 8.63321232e-02 5.23075992e-03 -1.41340201e-02 5.75088259e-04 -6.14601098e-04 -1.03869697e-04
616              8.47526063e-02 -2.51863187e-04 -1.41038821e-02 8.41982440e-02 3.79244699e-04 -1.40054435e-02 5.54362288e-04 -6.31107887e-04 -9.84385801e-05
617              8.33287862e-02 -5.08493492e-03 -1.40631996e-02 8.27990652e-02 -4.43913496e-03 -1.39711558e-02 5.29721041e-04 -6.45799959e-04 -9.20437761e-05
618              8.28232787e-02 -9.85252033e-03 -1.41574885e-02 8.23180286e-02 -9.19401950e-03 -1.40719277e-02 5.05250103e-04 -6.58500836e-04 -8.55608041e-05
619              8.33810014e-02 -1.43147813e-02 -1.43546485e-02 8.28954214e-02 -1.36451756e-02 -1.42747009e-02 4.85579982e-04 -6.69605716e-04 -7.99476431e-05
620              8.53218494e-02 -1.83263829e-02 -1.46540421e-02 8.48469257e-02 -1.76469815e-02 -1.45778257e-02 4.74923705e-04 -6.79401491e-04 -7.62164085e-05
621              8.87843612e-02 -2.19228619e-02 -1.50394445e-02 8.83093655e-02 -2.12353348e-02 -1.49646764e-02 4.74995671e-04 -6.87527034e-04 -7.47680473e-05
622              9.34439036e-02 -2.51346988e-02 -1.54666788e-02 9.29573358e-02 -2.44404515e-02 -1.53908324e-02 4.86567731e-04 -6.94247312e-04 -7.58464134e-05
623              9.86961929e-02 -2.77884291e-02 -1.59033942e-02 9.81877658e-02 -2.70900040e-02 -1.58239194e-02 5.08427126e-04 -6.98425099e-04 -7.94748142e-05
624              1.04001855e-01 -2.94174063e-02 -1.62547647e-02 1.03463382e-01 -2.87184230e-02 -1.61695882e-02 5.38472881e-04 -6.98983260e-04 -8.51764902e-05
625              1.09438649e-01 -2.99999199e-02 -1.64738140e-02 1.08863881e-01 -2.93066312e-02 -1.63814508e-02 5.74767804e-04 -6.93288689e-04 -9.23632539e-05
626              1.14642550e-01 -2.94582175e-02 -1.65605173e-02 1.14032115e-01 -2.87772525e-02 -1.64612274e-02 6.10434910e-04 -6.80964954e-04 -9.92899594e-05
627              1.19209226e-01 -2.76874950e-02 -1.65461948e-02 1.18567625e-01 -2.70246182e-02 -1.64409964e-02 6.41601120e-04 -6.62876747e-04 -1.05198369e-04
628              1.22964764e-01 -2.49096282e-02 -1.63849795e-02 1.22299661e-01 -2.42696425e-02 -1.62752052e-02 6.65103549e-04 -6.39985663e-04 -1.09774310e-04
629              1.25445179e-01 -2.13401365e-02 -1.60577211e-02 1.24765132e-01 -2.07260676e-02 -1.59451385e-02 6.80047853e-04 -6.14068832e-04 -1.12582525e-04
630              1.26564701e-01 -1.71718150e-02 -1.55809515e-02 1.25877218e-01 -1.65845775e-02 -1.54674736e-02 6.87483368e-04 -5.87237579e-04 -1.13477935e-04
631              1.26438593e-01 -1.26580777e-02 -1.49946267e-02 1.25751244e-01 -1.20957837e-02 -1.48822177e-02 6.87348668e-04 -5.62293990e-04 -1.12409017e-04
632              1.24848075e-01 -7.95620550e-03 -1.43434875e-02 1.24168145e-01 -7.41569850e-03 -1.42339007e-02 6.79929271e-04 -5.40506997e-04 -1.09586740e-04
633              1.21721870e-01 -3.22438327e-03 -1.36760382e-02 1.21056243e-01 -2.70143051e-03 -1.35709416e-02 6.65626622e-04 -5.22952755e-04 -1.05096571e-04
634              1.17364996e-01 1.49588490e-03 -1.30519707e-02 1.16720786e-01 2.00538827e-03 -1.29529281e-02 6.44209790e-04 -5.09503372e-04 -9.90426102e-05
635              1.12250679e-01 6.34742911e-03 -1.25275828e-02 1.11634651e-01 6.84810010e-03 -1.24358394e-02 6.16027084e-04 -5.00670984e-04 -9.17433995e-05
636              1.07032981e-01 1.13261509e-02 -1.21754118e-02 1.06450033e-01 1.18225534e-02 -1.20915541e-02 5.82948142e-04 -4.96402483e-04 -8.38577062e-05
637              1.02346280e-01 1.60044253e-02 -1.20207907e-02 1.01798570e-01 1.65010017e-02 -1.19444843e-02 5.47710213e-04 -4.96576444e-04 -7.63063566e-05
638              9.82604802e-02 1.99596653e-02 -1.20351499e-02 9.77460475e-02 2.04609902e-02 -1.19651490e-02 5.14432726e-04 -5.01324870e-04 -7.00008983e-05
639              9.49098732e-02 2.28600206e-02 -1.22311276e-02 9.44204383e-02 2.33700871e-02 -1.21651798e-02 4.89434849e-04 -5.10066512e-04 -6.59478499e-05
640              9.27120393e-02 2.46021141e-02 -1.25831908e-02 9.22358524e-02 2.51242553e-02 -1.25188448e-02 4.76186865e-04 -5.22141258e-04 -6.43460610e-05
641              9.17530072e-02 2.50894654e-02 -1.30440550e-02 9.12754375e-02 2.56272086e-02 -1.29785024e-02 4.77569698e-04 -5.37743160e-04 -6.55526859e-05
642              9.14393636e-02 2.42804474e-02 -1.35683465e-02 9.09459287e-02 2.48359182e-02 -1.34986763e-02 4.93434862e-04 -5.55470839e-04 -6.96702178e-05
643              9.12716674e-02 2.18730602e-02 -1.40704296e-02 9.07524499e-02 2.24480169e-02 -1.39945424e-02 5.19217556e-04 -5.74956670e-04 -7.58872123e-05
644              9.15121606e-02 1.80711072e-02 -1.45441522e-02 9.09608548e-02 1.86650984e-02 -1.44605453e-02 5.51305726e-04 -5.93991212e-04 -8.36068853e-05
645              9.20033921e-02 1.35614655e-02 -1.50072085e-02 9.14209254e-02 1.41735860e-02 -1.49160504e-02 5.82466766e-04 -6.12120458e-04 -9.11581072e-05
646              9.23730291e-02 8.74553784e-03 -1.54325570e-02 9.17610399e-02 9.37451909e-03 -1.53344002e-02 6.11989217e-04 -6.28981244e-04 -9.81568332e-05
647              9.24168104e-02 3.72970237e-03 -1.57566895e-02 9.17795751e-02 4.37454869e-03 -1.56526799e-02 6.37235285e-04 -6.44846320e-04 -1.04009651e-04
648              9.21058240e-02 -1.55229573e-03 -1.59668167e-02 9.14488676e-02 -8.93228997e-04 -1.58585020e-02 6.56956471e-04 -6.59066731e-04 -1.08314623e-04
649              9.14654486e-02 -7.01507729e-03 -1.60257356e-02 9.07944126e-02 -6.34416169e-03 -1.59148262e-02 6.71036085e-04 -6.70915609e-04 -1.10909361e-04
650              9.05261803e-02 -1.22783003e-02 -1.59242070e-02 8.98476313e-02 -1.15979433e-02 -1.58126056e-02 6.78548988e-04 -6.80357000e-04 -1.11601371e-04
651              8.95239810e-02 -1.73124505e-02 -1.56914550e-02 8.88446901e-02 -1.66252393e-02 -1.55810652e-02 6.79290884e-04 -6.87211221e-04 -1.10389825e-04
652              8.86447153e-02 -2.21779749e-02 -1.53744015e-02 8.79733012e-02 -2.14871188e-02 -1.52672458e-02 6.71414134e-04 -6.90856039e-04 -1.07155671e-04
653              8.80116154e-02 -2.65879853e-02 -1.50371644e-02 8.73583628e-02 -2.58964011e-02 -1.49351081e-02 6.53252646e-04 -6.91584190e-04 -1.02056339e-04
654              8.76450888e-02 -3.03016748e-02 -1.47407344e-02 8.70191066e-02 -2.96120396e-02 -1.46451073e-02 6.25982187e-04 -6.89635203e-04 -9.56271433e-05
655              8.77958015e-02 -3.32973370e-02 -1.45496835e-02 8.72023501e-02 -3.26130764e-02 -1.44610326e-02 5.93451489e-04 -6.84260580e-04 -8.86509466e-05
656              8.87863357e-02 -3.53690568e-02 -1.44936968e-02 8.82272193e-02 -3.46936828e-02 -1.44118870e-02 5.59116457e-04 -6.75373972e-04 -8.18098158e-05
657              9.06896962e-02 -3.61826626e-02 -1.45556033e-02 9.01607671e-02 -3.55190891e-02 -1.44792902e-02 5.28929083e-04 -6.63573482e-04 -7.63131196e-05
658              9.34781600e-02 -3.57085250e-02 -1.47334772e-02 9.29713651e-02 -3.50600851e-02 -1.46604744e-02 5.06794895e-04 -6.48439927e-04 -7.30028498e-05
659              9.71199113e-02 -3.40677137e-02 -1.49696174e-02 9.66258875e-02 -3.34373254e-02 -1.48976684e-02 4.94023794e-04 -6.30388345e-04 -7.19489489e-05
660              1.01491755e-01 -3.14722203e-02 -1.51967742e-02 1.00998364e-01 -3.08613952e-02 -1.51233270e-02 4.93390960e-04 -6.10825082e-04 -7.34472207e-05
661              1.06201978e-01 -2.80530384e-02 -1.53628148e-02 1.05696572e-01 -2.74609667e-02 -1.52854628e-02 5.05405454e-04 -5.92071630e-04 -7.73519969e-05
662              1.10884027e-01 -2.43406996e-02 -1.54026358e-02 1.10358321e-01 -2.37643904e-02 -1.53201010e-02 5.25705900e-04 -5.76309260e-04 -8.25347858e-05
663              1.15687744e-01 -2.05525818e-02 -1.53701782e-02 1.15137182e-01 -1.99879508e-02 -1.52817586e-02 5.50561451e-04 -5.64630955e-04 -8.84196436e-05
664              1.20072954e-01 -1.67013356e-02 -1.52928844e-02 1.19499111e-01 -1.61431839e-02 -1.51991207e-02 5.73843034e-04 -5.58151778e-04 -9.37636405e-05
665              1.23181720e-01 -1.27061809e-02 -1.51628777e-02 1.22588636e-01 -1.21499330e-02 -1.50646034e-02 5.93084004e-04 -5.56247916e-04 -9.82743571e-05
666              1.24345188e-01 -8.58644643e-03 -1.49558563e-02 1.23739679e-01 -8.02710946e-03 -1.48544549e-02 6.05508555e-04 -5.59336970e-04 -1.01401459e-04
667              1.23772694e-01 -4.20412427e-03 -1.46887248e-02 1.23163360e-01 -3.63855909e-03 -1.45856843e-02 6.09334248e-04 -5.65565186e-04 -1.03040493e-04
668              1.21856763e-01 7.89815788e-05 -1.43623405e-02 1.21253929e-01 6.53596023e-04 -1.42590812e-02 6.02834484e-04 -5.74614444e-04 -1.03259278e-04
669              1.18435324e-01 4.47389430e-03 -1.39587801e-02 1.17849045e-01 5.05972832e-03 -1.38567926e-02 5.86278796e-04 -5.85834023e-04 -1.01987444e-04
670              1.13304236e-01 8.73051526e-03 -1.35005793e-02 1.12742457e-01 9.32739293e-03 -1.34014917e-02 5.61779197e-04 -5.96877675e-04 -9.90876023e-05
671              1.06967900e-01 1.26079665e-02 -1.29946800e-02 1.06436968e-01 1.32154634e-02 -1.29000814e-02 5.30932534e-04 -6.07496944e-04 -9.45986004e-05
672              1.00355871e-01 1.55219958e-02 -1.25033074e-02 9.98608413e-02 1.61397732e-02 -1.24149646e-02 4.95030151e-04 -6.17777303e-04 -8.83427711e-05
673              9.42337742e-02 1.69568056e-02 -1.21055742e-02 9.37762859e-02 1.75855188e-02 -1.20245776e-02 4.57488253e-04 -6.28713134e-04 -8.09966479e-05
674              8.88311381e-02 1.70378591e-02 -1.19035960e-02 8.84107861e-02 1.76795741e-02 -1.18302690e-02 4.20352016e-04 -6.41715024e-04 -7.33269609e-05
675              8.42808461e-02 1.59574418e-02 -1.19193286e-02 8.38930560e-02 1.66140804e-02 -1.18528277e-02 3.87790190e-04 -6.56638599e-04 -6.65009216e-05
676              8.08516053e-02 1.38265610e-02 -1.21502652e-02 8.04853404e-02 1.45003927e-02 -1.20885668e-02 3.66264956e-04 -6.73831669e-04 -6.16984408e-05
677              7.85148956e-02 1.07732614e-02 -1.25989058e-02 7.81564147e-02 1.14653816e-02 -1.25392482e-02 3.58480911e-04 -6.92120201e-04 -5.96575929e-05
678              7.72410566e-02 7.29219474e-03 -1.32181304e-02 7.68770707e-02 8.00328570e-03 -1.31576778e-02 3.63985997e-04 -7.11090961e-04 -6.04526470e-05
679              7.70405490e-02 3.77224478e-03 -1.39412304e-02 7.66571499e-02 4.50171033e-03 -1.38768866e-02 3.83399123e-04 -7.29465551e-04 -6.43437484e-05
680              7.77028310e-02 3.04884256e-04 -1.46637541e-02 7.72897787e-02 1.05201600e-03 -1.45931094e-02 4.13052332e-04 -7.47131749e-04 -7.06446743e-05
681              7.87490500e-02 -3.26652987e-03 -1.52962317e-02 7.82984262e-02 -2.50459251e-03 -1.52177921e-02 4.50623807e-04 -7.61937359e-04 -7.84396871e-05
682              8.04559983e-02 -6.89063753e-03 -1.58368489e-02 7.99641301e-02 -6.11910178e-03 -1.57500539e-02 4.91868202e-04 -7.71535741e-04 -8.67950203e-05
683              8.31167805e-02 -1.04946982e-02 -1.62589022e-02 8.25859133e-02 -9.71883112e-03 -1.61643780e-02 5.30867201e-04 -7.75867089e-04 -9.45242382e-05
684              8.65259110e-02 -1.43041451e-02 -1.65405828e-02 8.59627174e-02 -1.35302990e-02 -1.64397552e-02 5.63193584e-04 -7.73846150e-04 -1.00827534e-04
685              9.01577079e-02 -1.79609083e-02 -1.66712200e-02 8.95717838e-02 -1.71955547e-02 -1.65658241e-02 5.85924095e-04 -7.65353569e-04 -1.05395945e-04
686              9.32059330e-02 -2.15980687e-02 -1.66657037e-02 9.26070894e-02 -2.08461977e-02 -1.65574971e-02 5.98843632e-04 -7.51871002e-04 -1.08206651e-04
687              9.54780825e-02 -2.49792300e-02 -1.65512630e-02 9.48764329e-02 -2.42456838e-02 -1.64420547e-02 6.01649582e-04 -7.33546287e-04 -1.09208267e-04
688              9.70195867e-02 -2.77601289e-02 -1.63257073e-02 9.64242798e-02 -2.70484788e-02 -1.62170707e-02 5.95306935e-04 -7.11650126e-04 -1.08636664e-04
689              9.75533482e-02 -2.99350873e-02 -1.59978217e-02 9.69730591e-02 -2.92485612e-02 -1.58914275e-02 5.80289115e-04 -6.86526021e-04 -1.06394188e-04
690              9.69265882e-02 -3.09972241e-02 -1.55784673e-02 9.63695159e-02 -3.03394257e-02 -1.54761112e-02 5.57072366e-04 -6.57798423e-04 -1.02356083e-04
691              9.56691525e-02 -3.08162578e-02 -1.51080740e-02 9.51431895e-02 -3.01882937e-02 -1.50117084e-02 5.25963064e-04 -6.27964078e-04 -9.63655556e-05
692              9.45737472e-02 -2.95769764e-02 -1.46574141e-02 9.40846933e-02 -2.89774910e-02 -1.45683405e-02 4.89053859e-04 -5.99485399e-04 -8.90736351e-05
693              9.41496682e-02 -2.77556613e-02 -1.42826377e-02 9.36998552e-02 -2.71800917e-02 -1.42012033e-02 4.49812989e-04 -5.75569565e-04 -8.14344160e-05
694              9.46639764e-02 -2.58091468e-02 -1.39816524e-02 9.42515040e-02 -2.52497938e-02 -1.39072702e-02 4.12472424e-04 -5.59352996e-04 -7.43821782e-05
695              9.64412432e-02 -2.40932805e-02 -1.37890406e-02 9.60594295e-02 -2.35408672e-02 -1.37201456e-02 3.81813696e-04 -5.52413304e-04 -6.88950207e-05
696              9.93852758e-02 -2.23719396e-02 -1.37196312e-02 9.90229485e-02 -2.18171344e-02 -1.36539611e-02 3.62327285e-04 -5.54805189e-04 -6.56701351e-05
697              1.02937126e-01 -2.04241942e-02 -1.37760560e-02 1.02581867e-01 -1.98579443e-02 -1.37111942e-02 3.55258520e-04 -5.66249814e-04 -6.48617703e-05
698              1.06600836e-01 -1.80800456e-02 -1.39252377e-02 1.06240390e-01 -1.74938167e-02 -1.38585382e-02 3.60446398e-04 -5.86228886e-04 -6.66995656e-05
699              1.10008680e-01 -1.51847749e-02 -1.40911926e-02 1.09634749e-01 -1.45726584e-02 -1.40206091e-02 3.73931391e-04 -6.12116522e-04 -7.05835646e-05
700              1.12781365e-01 -1.18477230e-02 -1.42258908e-02 1.12388326e-01 -1.12068377e-02 -1.41495728e-02 3.93038185e-04 -6.40885320e-04 -7.63180264e-05
701              1.14765006e-01 -8.18642974e-03 -1.43260222e-02 1.14354286e-01 -7.51678154e-03 -1.42437529e-02 4.10720496e-04 -6.69648200e-04 -8.22692484e-05
702              1.15749213e-01 -4.11085250e-03 -1.43924168e-02 1.15323920e-01 -3.41532585e-03 -1.43048209e-02 4.25292326e-04 -6.95526645e-04 -8.75959288e-05
703              1.15769451e-01 3.80723239e-05 -1.43703088e-02 1.15333984e-01 7.55169384e-04 -1.42785033e-02 4.35466195e-04 -7.17097060e-04 -9.18055129e-05
704              1.15032591e-01 3.89748910e-03 -1.42250148e-02 1.14591548e-01 4.63161719e-03 -1.41305296e-02 4.41043807e-04 -7.34128083e-04 -9.44851680e-05
705              1.13564420e-01 6.72047521e-03 -1.39780021e-02 1.13120835e-01 7.46804743e-03 -1.38824559e-02 4.43584664e-04 -7.47572217e-04 -9.55462823e-05
706              1.11013918e-01 8.28288937e-03 -1.36675183e-02 1.10569343e-01 9.04157095e-03 -1.35724472e-02 4.44574561e-04 -7.58681579e-04 -9.50711823e-05
707              1.07218976e-01 8.60341677e-03 -1.33277898e-02 1.06774512e-01 9.37073757e-03 -1.32343052e-02 4.44463814e-04 -7.67320801e-04 -9.34846095e-05
708              1.02378538e-01 8.32297927e-03 -1.30028031e-02 1.01936789e-01 9.09732765e-03 -1.29121721e-02 4.41749170e-04 -7.74348382e-04 -9.06310134e-05
709              9.69290484e-02 7.45868111e-03 -1.27424867e-02 9.64916096e-02 8.23837252e-03 -1.26560023e-02 4.37438785e-04 -7.79691412e-04 -8.64844594e-05
710              9.10626486e-02 6.32375188e-03 -1.25885033e-02 9.06328217e-02 7.10737976e-03 -1.25073635e-02 4.29826886e-04 -7.83627874e-04 -8.11397960e-05
711              8.54211048e-02 4.97454779e-03 -1.26033491e-02 8.50013555e-02 5.76179321e-03 -1.25280560e-02 4.19749292e-04 -7.87245415e-04 -7.52930287e-05
712              8.03850339e-02 3.57000294e-03 -1.28006257e-02 7.99766792e-02 4.36146116e-03 -1.27309335e-02 4.08354757e-04 -7.91458219e-04 -6.96921114e-05
713              7.60482685e-02 1.88203952e-03 -1.31454226e-02 7.56492470e-02 2.67887449e-03 -1.30801516e-02 3.99021498e-04 -7.96834968e-04 -6.52709295e-05
714              7.29478601e-02 -1.16829170e-04 -1.36291787e-02 7.25512837e-02 6.85360568e-04 -1.35661218e-02 3.96576429e-04 -8.02189739e-04 -6.30568028e-05
715              7.19145321e-02 -2.33218432e-03 -1.42209756e-02 7.15120595e-02 -1.52571749e-03 -1.41576893e-02 4.02472625e-04 -8.06466824e-04 -6.32863722e-05
716              7.31241693e-02 -5.08401792e-03 -1.48618810e-02 7.27073461e-02 -4.27583925e-03 -1.47959281e-02 4.16823232e-04 -8.08178673e-04 -6.59528490e-05
717              7.63301122e-02 -8.35617411e-03 -1.54924263e-02 7.58901033e-02 -7.55105493e-03 -1.54212936e-02 4.40008877e-04 -8.05119173e-04 -7.11326165e-05
718              8.05496778e-02 -1.21307036e-02 -1.60405028e-02 8.00816558e-02 -1.13336425e-02 -1.59626587e-02 4.68022062e-04 -7.97061070e-04 -7.78440410e-05
719              8.54453954e-02 -1.59826147e-02 -1.65131890e-02 8.49457960e-02 -1.51999688e-02 -1.64274456e-02 4.99599363e-04 -7.82645943e-04 -8.57433806e-05
720              9.07986589e-02 -1.94161643e-02 -1.69209464e-02 9.02711646e-02 -1.86538326e-02 -1.68277700e-02 5.27494305e-04 -7.62331631e-04 -9.31764103e-05
721              9.60295615e-02 -2.24547500e-02 -1.72269791e-02 9.54789412e-02 -2.17178399e-02 -1.71272719e-02 5.50620345e-04 -7.36910096e-04 -9.97071843e-05
722              1.00085337e-01 -2.48261032e-02 -1.73643368e-02 9.95183750e-02 -2.41181987e-02 -1.72595885e-02 5.66961620e-04 -7.07904529e-04 -1.04748348e-04
723              1.02859847e-01 -2.64052531e-02 -1.72995163e-02 1.02284704e-01 -2.57282598e-02 -1.71916853e-02 5.75142402e-04 -6.76993271e-04 -1.07830962e-04
724              1.04589088e-01 -2.71452197e-02 -1.70201771e-02 1.04014398e-01 -2.64989944e-02 -1.69113589e-02 5.74689690e-04 -6.46225245e-04 -1.08818287e-04
725              1.05566760e-01 -2.74249377e-02 -1.65316112e-02 1.05001657e-01 -2.68064964e-02 -1.64237680e-02 5.65103146e-04 -6.18441377e-04 -1.07843213e-04
726              1.05813057e-01 -2.73443086e-02 -1.58839910e-02 1.05266350e-01 -2.67482391e-02 -1.57788800e-02 5.46706503e-04 -5.96069477e-04 -1.05110950e-04
727              1.05561298e-01 -2.72570595e-02 -1.51103912e-02 1.05041380e-01 -2.66768344e-02 -1.50098240e-02 5.19918504e-04 -5.80225086e-04 -1.00567219e-04
728              1.04888063e-01 -2.67681188e-02 -1.42892460e-02 1.04401460e-01 -2.61952387e-02 -1.41950522e-02 4.86603325e-04 -5.72880163e-04 -9.41938265e-05
729              1.03824946e-01 -2.58681235e-02 -1.35145680e-02 1.03376203e-01 -2.52939351e-02 -1.34281248e-02 4.48742863e-04 -5.74188476e-04 -8.64432159e-05
730              1.02611363e-01 -2.43285922e-02 -1.28928839e-02 1.02202750e-01 -2.37426878e-02 -1.28148821e-02 4.08612545e-04 -5.85904345e-04 -7.80018343e-05
731              1.01660813e-01 -2.17708867e-02 -1.24679050e-02 1.01292981e-01 -2.11645013e-02 -1.23982854e-02 3.67832142e-04 -6.06385454e-04 -6.96195825e-05
732              1.01113630e-01 -1.82461269e-02 -1.22525463e-02 1.00782892e-01 -1.76116916e-02 -1.21898273e-02 3.30737974e-04 -6.34435290e-04 -6.27190013e-05
733              1.00926932e-01 -1.42389984e-02 -1.22444434e-02 1.00626436e-01 -1.35720198e-02 -1.21861105e-02 3.00495197e-04 -6.66978563e-04 -5.83328903e-05
734              1.00676674e-01 -9.96215123e-03 -1.24017047e-02 1.00397437e-01 -9.26249543e-03 -1.23451451e-02 2.79236873e-04 -6.99655800e-04 -5.65595363e-05
735              1.00634758e-01 -5.62232624e-03 -1.26407365e-02 1.00364291e-01 -4.89313369e-03 -1.25830512e-02 2.70466443e-04 -7.29192548e-04 -5.76852926e-05
736              1.01393131e-01 -1.31361421e-03 -1.29067605e-02 1.01117839e-01 -5.59450561e-04 -1.28454053e-02 2.75291722e-04 -7.54163648e-04 -6.13552344e-05
737              1.02741967e-01 2.20515988e-03 -1.31393459e-02 1.02449826e-01 2.97926975e-03 -1.30728090e-02 2.92141692e-04 -7.74109869e-04 -6.65368480e-05
738              1.04369221e-01 4.73291737e-03 -1.33907001e-02 1.04048810e-01 5.52228312e-03 -1.33178615e-02 3.20410703e-04 -7.89365752e-04 -7.28386505e-05
739              1.05699448e-01 6.05653106e-03 -1.36565748e-02 1.05344643e-01 6.85690864e-03 -1.35774291e-02 3.54805697e-04 -8.00377587e-04 -7.91456647e-05
740              1.06450932e-01 6.64872435e-03 -1.39187005e-02 1.06059080e-01 7.45688320e-03 -1.38336456e-02 3.91851136e-04 -8.08158850e-04 -8.50549853e-05
741              1.06455131e-01 6.46468340e-03 -1.41539754e-02 1.06027084e-01 7.27848345e-03 -1.40640982e-02 4.28046761e-04 -8.13800055e-04 -8.98771616e-05
742              1.05441269e-01 5.84494249e-03 -1.43545024e-02 1.04980301e-01 6.66211811e-03 -1.42612031e-02 4.60968130e-04 -8.17175624e-04 -9.32992604e-05
743              1.03205157e-01 4.87542478e-03 -1.45160231e-02 1.02717246e-01 5.69473056e-03 -1.44207271e-02 4.87910566e-04 -8.19305779e-04 -9.52960646e-05
744              9.94825477e-02 3.72073587e-03 -1.46054332e-02 9.89756957e-02 4.54202596e-03 -1.45094248e-02 5.06852022e-04 -8.21290089e-04 -9.60083948e-05
745              9.43069864e-02 2.18992449e-03 -1.46195100e-02 9.37897724e-02 3.01296517e-03 -1.45240666e-02 5.17214062e-04 -8.23040682e-04 -9.54434616e-05
746              8.82771028e-02 3.82404627e-04 -1.45532023e-02 8.77587301e-02 1.20555163e-03 -1.44596933e-02 5.18372655e-04 -8.23147002e-04 -9.35090476e-05
747              8.27673057e-02 -1.46774387e-03 -1.44461981e-02 8.22573066e-02 -6.45671327e-04 -1.43561419e-02 5.09999053e-04 -8.22072541e-04 -9.00562087e-05
748              7.86832520e-02 -3.64173259e-03 -1.43610147e-02 7.81891663e-02 -2.82259431e-03 -1.42755709e-02 4.94085691e-04 -8.19138281e-04 -8.54437512e-05
749              7.63679587e-02 -6.37885078e-03 -1.43687023e-02 7.58949699e-02 -5.56532690e-03 -1.42885398e-02 4.72988822e-04 -8.13523872e-04 -8.01624983e-05
750              7.54850828e-02 -9.99117685e-03 -1.44892901e-02 7.50341649e-02 -9.18588636e-03 -1.44141467e-02 4.50917904e-04 -8.05290497e-04 -7.51433567e-05
751              7.60826077e-02 -1.40012245e-02 -1.47417689e-02 7.56510207e-02 -1.32060246e-02 -1.46702687e-02 4.31586932e-04 -7.95199929e-04 -7.15001799e-05
752              7.83837923e-02 -1.78614185e-02 -1.51172187e-02 7.79646320e-02 -1.70795194e-02 -1.50470993e-02 4.19160261e-04 -7.81899153e-04 -7.01194409e-05
753              8.19096616e-02 -2.13992850e-02 -1.55646549e-02 8.14950923e-02 -2.06335096e-02 -1.54937018e-02 4.14569267e-04 -7.65775367e-04 -7.09531460e-05
754              8.57699738e-02 -2.43765475e-02 -1.60317774e-02 8.53501092e-02 -2.36302004e-02 -1.59576128e-02 4.19864599e-04 -7.46347177e-04 -7.41646320e-05
755              8.94974563e-02 -2.66625102e-02 -1.64098562e-02 8.90645741e-02 -2.59380304e-02 -1.63307378e-02 4.32882257e-04 -7.24479796e-04 -7.91184172e-05
756              9.32933086e-02 -2.82048245e-02 -1.66251854e-02 9.28417846e-02 -2.75031944e-02 -1.65402187e-02 4.51523979e-04 -7.01630193e-04 -8.49667316e-05
757              9.77232296e-02 -2.93336352e-02 -1.66938583e-02 9.72515356e-02 -2.86547995e-02 -1.66029894e-02 4.71694023e-04 -6.78835742e-04 -9.08689138e-05
758              1.02664811e-01 -2.99966680e-02 -1.66239151e-02 1.02176606e-01 -2.93374452e-02 -1.65279332e-02 4.88204552e-04 -6.59222804e-04 -9.59819503e-05
759              1.07734237e-01 -3.06104455e-02 -1.64057769e-02 1.07234984e-01 -2.99650841e-02 -1.63060399e-02 4.99253260e-04 -6.45361390e-04 -9.97369946e-05
760              1.12192714e-01 -3.08769367e-02 -1.60337726e-02 1.11687543e-01 -3.02378920e-02 -1.59320109e-02 5.05171269e-04 -6.39044713e-04 -1.01761716e-04
761              1.15417919e-01 -3.08281074e-02 -1.55332264e-02 1.14912394e-01 -3.01877607e-02 -1.54312201e-02 5.05524392e-04 -6.40346728e-04 -1.02006339e-04
762              1.17095649e-01 -3.00576741e-02 -1.49456958e-02 1.16596292e-01 -2.94071739e-02 -1.48452362e-02 4.99357317e-04 -6.50500207e-04 -1.00459696e-04
763              1.17380546e-01 -2.79908966e-02 -1.42890238e-02 1.16894336e-01 -2.73229640e-02 -1.41916144e-02 4.86209384e-04 -6.67932629e-04 -9.74094341e-05
764              1.16308137e-01 -2.46210733e-02 -1.36115972e-02 1.15843871e-01 -2.39308476e-02 -1.35187403e-02 4.64265335e-04 -6.90225669e-04 -9.28568974e-05
765              1.13527464e-01 -2.02697763e-02 -1.29432303e-02 1.13094492e-01 -1.95558851e-02 -1.28560909e-02 4.32971873e-04 -7.13891214e-04 -8.71394780e-05
766              1.09044505e-01 -1.53716481e-02 -1.23196536e-02 1.08651209e-01 -1.46355265e-02 -1.22393883e-02 3.93296258e-04 -7.36121618e-04 -8.02653208e-05
767              1.04083993e-01 -1.02156814e-02 -1.18047667e-02 1.03733934e-01 -9.46048348e-03 -1.17320248e-02 3.50058591e-04 -7.55197887e-04 -7.27418976e-05
768              1.00111991e-01 -5.02024109e-03 -1.14518811e-02 9.98030250e-02 -4.24977052e-03 -1.13866576e-02 3.08966460e-04 -7.70470565e-04 -6.52234763e-05
769              9.75392515e-02 -4.17095263e-04 -1.12930638e-02 9.72628128e-02 3.66192547e-04 -1.12344640e-02 2.76438669e-04 -7.83287811e-04 -5.85997982e-05
770              9.60675404e-02 3.10010278e-03 -1.13564303e-02 9.58090848e-02 3.89554650e-03 -1.13023352e-02 2.58455584e-04 -7.95443721e-04 -5.40951138e-05
771              9.52462840e-02 5.61546556e-03 -1.16507551e-02 9.49884222e-02 6.42269219e-03 -1.15984562e-02 2.57861743e-04 -8.07226630e-04 -5.22989497e-05
772              9.50203449e-02 7.23337034e-03 -1.21395461e-02 9.47462240e-02 8.05182650e-03 -1.20859822e-02 2.74120896e-04 -8.18456160e-04 -5.35638586e-05
773              9.55193775e-02 7.93553544e-03 -1.27679247e-02 9.52131152e-02 8.76390986e-03 -1.27100188e-02 3.06262293e-04 -8.28374421e-04 -5.79058640e-05
774              9.63506736e-02 7.94629976e-03 -1.34375767e-02 9.60011108e-02 8.78274939e-03 -1.33732447e-02 3.49562791e-04 -8.36449639e-04 -6.43320125e-05
775              9.70436131e-02 7.56319031e-03 -1.41091367e-02 9.66436101e-02 8.40503690e-03 -1.40367270e-02 4.00003046e-04 -8.41846585e-04 -7.24096818e-05
776              9.71753487e-02 6.96700807e-03 -1.47673379e-02 9.67262961e-02 7.81204245e-03 -1.46868047e-02 4.49052641e-04 -8.45034378e-04 -8.05331310e-05
777              9.66115468e-02 5.85239378e-03 -1.53976901e-02 9.61185914e-02 6.69974261e-03 -1.53096175e-02 4.92955429e-04 -8.47348828e-04 -8.80725554e-05
778              9.55558637e-02 4.33052202e-03 -1.59212244e-02 9.50261221e-02 5.17881431e-03 -1.58265377e-02 5.29741603e-04 -8.48292294e-04 -9.46866710e-05
779              9.47616148e-02 2.56497837e-03 -1.62830019e-02 9.42040621e-02 3.41311755e-03 -1.61830878e-02 5.57552709e-04 -8.48139186e-04 -9.99141168e-05
780              9.44297104e-02 2.54887974e-04 -1.64706932e-02 9.38534543e-02 1.10083351e-03 -1.63672386e-02 5.76256106e-04 -8.45945536e-04 -1.03454566e-04
781              9.41643668e-02 -2.79798554e-03 -1.64978738e-02 9.35787700e-02 -1.95732193e-03 -1.63927574e-02 5.85596729e-04 -8.40663611e-04 -1.05116431e-04
782              9.32756907e-02 -6.77695813e-03 -1.63881635e-02 9.26899586e-02 -5.94547782e-03 -1.62831538e-02 5.85732087e-04 -8.31480316e-04 -1.05009642e-04
783              9.18315014e-02 -1.13523286e-02 -1.61699833e-02 9.12563755e-02 -1.05351283e-02 -1.60668484e-02 5.75125904e-04 -8.17200334e-04 -1.03134818e-04
784              9.03670841e-02 -1.60309590e-02 -1.58810741e-02 8.98133779e-02 -1.52325865e-02 -1.57814912e-02 5.53706208e-04 -7.98372556e-04 -9.95828389e-05
785              8.88213933e-02 -2.03101059e-02 -1.55565102e-02 8.82980681e-02 -1.95338183e-02 -1.54619812e-02 5.23325263e-04 -7.76287649e-04 -9.45289584e-05
786              8.68663520e-02 -2.40838363e-02 -1.52623405e-02 8.63787245e-02 -2.33323359e-02 -1.51738490e-02 4.87627514e-04 -7.51500362e-04 -8.84914923e-05
787              8.48502222e-02 -2.68619136e-02 -1.50296342e-02 8.44009053e-02 -2.61356476e-02 -1.49476270e-02 4.49316917e-04 -7.26266007e-04 -8.20072393e-05
788              8.36021356e-02 -2.90355508e-02 -1.48579080e-02 8.31875328e-02 -2.83320526e-02 -1.47819277e-02 4.14602803e-04 -7.03498233e-04 -7.59802629e-05
789              8.41664077e-02 -3.07922937e-02 -1.47642900e-02 8.37780769e-02 -3.01074029e-02 -1.46927657e-02 3.88330772e-04 -6.84890889e-04 -7.15242781e-05
790              8.67713147e-02 -3.25528585e-02 -1.47446157e-02 8.64006868e-02 -3.18807458e-02 -1.46755547e-02 3.70627911e-04 -6.72112710e-04 -6.90610238e-05
791              9.09550378e-02 -3.39738668e-02 -1.47542480e-02 9.05913517e-02 -3.33071900e-02 -1.46852665e-02 3.63686162e-04 -6.66676756e-04 -6.89814773e-05
792              9.60150585e-02 -3.48416635e-02 -1.47573667e-02 9.56456935e-02 -3.41732102e-02 -1.46860649e-02 3.69364966e-04 -6.68453274e-04 -7.13017863e-05
793              1.01116647e-01 -3.52985068e-02 -1.46846826e-02 1.00733884e-01 -3.46213709e-02 -1.46098302e-02 3.82762272e-04 -6.77135872e-04 -7.48524616e-05
794              1.05974802e-01 -3.48904976e-02 -1.45870240e-02 1.05572170e-01 -3.41986111e-02 -1.45076771e-02 4.02631592e-04 -6.91886539e-04 -7.93469292e-05
795              1.10811094e-01 -3.31365339e-02 -1.44904759e-02 1.10389945e-01 -3.24247064e-02 -1.44071082e-02 4.21149262e-04 -7.11827483e-04 -8.33677378e-05
796              1.15123076e-01 -2.98694177e-02 -1.43747793e-02 1.14687286e-01 -2.91351196e-02 -1.42879865e-02 4.35790558e-04 -7.34298042e-04 -8.67928495e-05
797              1.17977931e-01 -2.56349839e-02 -1.41998788e-02 1.17535707e-01 -2.48783911e-02 -1.41107070e-02 4.42223951e-04 -7.56592822e-04 -8.91717413e-05
798              1.18675350e-01 -2.07190228e-02 -1.39620315e-02 1.18234993e-01 -1.99424160e-02 -1.38716361e-02 4.40356792e-04 -7.76606797e-04 -9.03954321e-05
799              1.17842850e-01 -1.54528774e-02 -1.36547539e-02 1.17410457e-01 -1.46608299e-02 -1.35644352e-02 4.32392964e-04 -7.92047456e-04 -9.03186549e-05
800              1.16587308e-01 -1.02922631e-02 -1.32762091e-02 1.16165589e-01 -9.48985814e-03 -1.31872741e-02 4.21719165e-04 -8.02405004e-04 -8.89350162e-05
801              1.14937841e-01 -5.37177846e-03 -1.28662231e-02 1.14527071e-01 -4.56304363e-03 -1.27798413e-02 4.10769939e-04 -8.08734829e-04 -8.63817465e-05
802              1.12355661e-01 -1.03127784e-03 -1.24484146e-02 1.11954828e-01 -2.18885182e-04 -1.23657127e-02 4.00832557e-04 -8.12392653e-04 -8.27018809e-05
803              1.08557332e-01 2.73187928e-03 -1.20823402e-02 1.08165761e-01 3.54717704e-03 -1.20044313e-02 3.91571296e-04 -8.15297757e-04 -7.79088764e-05
804              1.03883072e-01 5.61307296e-03 -1.18399146e-02 1.03500700e-01 6.43088781e-03 -1.17673201e-02 3.82372565e-04 -8.17814846e-04 -7.25945769e-05
805              9.92539952e-02 7.45635255e-03 -1.17974046e-02 9.88800917e-02 8.27708512e-03 -1.17300944e-02 3.73903496e-04 -8.20732569e-04 -6.73101212e-05
806              9.52574703e-02 8.29591643e-03 -1.19673840e-02 9.48894182e-02 9.12030087e-03 -1.19047859e-02 3.68052081e-04 -8.24384434e-04 -6.25981554e-05
807              9.18789330e-02 9.01771194e-03 -1.23487347e-02 9.15118683e-02 9.84689924e-03 -1.22893570e-02 3.67064650e-04 -8.29187304e-04 -5.93776675e-05
808              8.89099237e-02 9.35956047e-03 -1.29313531e-02 8.85360875e-02 1.01944977e-02 -1.28727760e-02 3.73836256e-04 -8.34937249e-04 -5.85770952e-05
809              8.63430409e-02 8.95391160e-03 -1.36606429e-02 8.59554399e-02 9.79655018e-03 -1.36003152e-02 3.87600989e-04 -8.42638580e-04 -6.03277305e-05
810              8.45817254e-02 7.99095648e-03 -1.44669926e-02 8.41722929e-02 8.84107341e-03 -1.44022501e-02 4.09432505e-04 -8.50116937e-04 -6.47425337e-05
811              8.43746528e-02 6.54894773e-03 -1.52569637e-02 8.39361066e-02 7.40568196e-03 -1.51854758e-02 4.38546176e-04 -8.56734228e-04 -7.14878278e-05
812              8.59132092e-02 4.56738201e-03 -1.59409753e-02 8.54407665e-02 5.42772726e-03 -1.58614400e-02 4.72442695e-04 -8.60345249e-04 -7.95353213e-05
813              8.89050237e-02 1.71562954e-03 -1.65291632e-02 8.83972096e-02 2.57419786e-03 -1.64411730e-02 5.07814091e-04 -8.58568325e-04 -8.79902652e-05
814              9.21134313e-02 -2.14516304e-03 -1.69870847e-02 9.15740530e-02 -1.29400962e-03 -1.68914840e-02 5.39378250e-04 -8.51153422e-04 -9.56006548e-05
815              9.51618454e-02 -7.03551145e-03 -1.73019852e-02 9.45993073e-02 -6.19770225e-03 -1.72001426e-02 5.62538088e-04 -8.37809204e-04 -1.01842545e-04
816              9.81366909e-02 -1.25653560e-02 -1.74604716e-02 9.75620407e-02 -1.17448676e-02 -1.73541216e-02 5.74650275e-04 -8.20488465e-04 -1.06350083e-04
817              1.00521279e-01 -1.80877910e-02 -1.74497704e-02 9.99444561e-02 -1.72883031e-02 -1.73407318e-02 5.76823414e-04 -7.99487902e-04 -1.09038637e-04
818              1.01513620e-01 -2.29268372e-02 -1.72619036e-02 1.00943232e-01 -2.21510564e-02 -1.71520781e-02 5.70388780e-04 -7.75780805e-04 -1.09825532e-04
819              1.00862467e-01 -2.67206238e-02 -1.68826237e-02 1.00306158e-01 -2.59700929e-02 -1.67738399e-02 5.56309427e-04 -7.50530892e-04 -1.08783815e-04
820              9.90488155e-02 -2.98930950e-02 -1.63457123e-02 9.85125497e-02 -2.91672293e-02 -1.62400270e-02 5.36265783e-04 -7.25865673e-04 -1.05685349e-04
821              9.70501614e-02 -3.28941092e-02 -1.56788230e-02 9.65394910e-02 -3.21905803e-02 -1.55782567e-02 5.10670447e-04 -7.03528962e-04 -1.00566312e-04
822              9.54508109e-02 -3.57676126e-02 -1.49391590e-02 9.49721879e-02 -3.50819118e-02 -1.48455219e-02 4.78622964e-04 -6.85700751e-04 -9.36371265e-05
823              9.45483368e-02 -3.77397221e-02 -1.42127967e-02 9.41062801e-02 -3.70650769e-02 -1.41271474e-02 4.42056691e-04 -6.74645243e-04 -8.56492921e-05
824              9.43758189e-02 -3.88224480e-02 -1.35700173e-02 9.39713705e-02 -3.81503199e-02 -1.34927683e-02 4.04448458e-04 -6.72128104e-04 -7.72489477e-05
825              9.46844335e-02 -3.93675009e-02 -1.30406629e-02 9.43147239e-02 -3.86894735e-02 -1.29714490e-02 3.69709621e-04 -6.78027393e-04 -6.92138460e-05
826              9.55321736e-02 -3.92206944e-02 -1.26709171e-02 9.51898859e-02 -3.85280094e-02 -1.26082818e-02 3.42287701e-04 -6.92685012e-04 -6.26352893e-05
827              9.73105990e-02 -3.78785048e-02 -1.24912389e-02 9.69867357e-02 -3.71631513e-02 -1.24330001e-02 3.23863376e-04 -7.15353487e-04 -5.82387350e-05
828              1.00060433e-01 -3.51014196e-02 -1.24919550e-02 9.97464449e-02 -3.43598774e-02 -1.24357082e-02 3.13988156e-04 -7.41542269e-04 -5.62467889e-05
829              1.03199601e-01 -3.10507994e-02 -1.26373773e-02 1.02886088e-01 -3.02826049e-02 -1.25801605e-02 3.13512958e-04 -7.68194427e-04 -5.72168484e-05
830              1.05504869e-01 -2.61878267e-02 -1.28378357e-02 1.05184747e-01 -2.53958924e-02 -1.27771970e-02 3.20122669e-04 -7.91934224e-04 -6.06387164e-05
831              1.07550869e-01 -2.11089906e-02 -1.30356260e-02 1.07215756e-01 -2.02986467e-02 -1.29696151e-02 3.35113049e-04 -8.10343834e-04 -6.60109021e-05
832              1.10319904e-01 -1.58456993e-02 -1.32249606e-02 1.09964869e-01 -1.50238849e-02 -1.31532342e-02 3.55035006e-04 -8.21814354e-04 -7.17263994e-05
833              1.13986567e-01 -1.04986681e-02 -1.34303469e-02 1.13607625e-01 -9.67014673e-03 -1.33532845e-02 3.78941813e-04 -8.28521409e-04 -7.70624466e-05
834              1.17378787e-01 -5.26252724e-03 -1.36139677e-02 1.16972564e-01 -4.43029051e-03 -1.35322754e-02 4.06222293e-04 -8.32236732e-04 -8.16923472e-05
835              1.19279051e-01 -6.53118481e-04 -1.37361819e-02 1.18844217e-01 1.82644510e-04 -1.36508814e-02 4.34834663e-04 -8.35762991e-04 -8.53005156e-05
836              1.19059304e-01 2.96663965e-03 -1.37992795e-02 1.18598082e-01 3.80521850e-03 -1.37114944e-02 4.61222205e-04 -8.38578855e-04 -8.77850853e-05
837              1.17297561e-01 4.94282089e-03 -1.38211668e-02 1.16814351e-01 5.78431686e-03 -1.37319053e-02 4.83210430e-04 -8.41495967e-04 -8.92614438e-05
838              1.14333672e-01 6.18426230e-03 -1.38120177e-02 1.13833153e-01 7.02846012e-03 -1.37223326e-02 5.00518269e-04 -8.44197823e-04 -8.96851304e-05
839              1.10221176e-01 7.49365013e-03 -1.37831000e-02 1.09710371e-01 8.33837871e-03 -1.36943060e-02 5.10805150e-04 -8.44728583e-04 -8.87939661e-05
840              1.04832009e-01 8.73014787e-03 -1.37688068e-02 1.04318913e-01 9.57371356e-03 -1.36821421e-02 5.13095967e-04 -8.43565688e-04 -8.66646687e-05
841              9.83111514e-02 9.38600035e-03 -1.37977748e-02 9.78048469e-02 1.02287007e-02 -1.37143096e-02 5.06304461e-04 -8.42700370e-04 -8.34651979e-05
842              9.15983924e-02 9.33974613e-03 -1.39169473e-02 9.11056398e-02 1.01819492e-02 -1.38372617e-02 4.92752634e-04 -8.42203061e-04 -7.96855733e-05
843              8.59862485e-02 8.68491754e-03 -1.41339224e-02 8.55102641e-02 9.52618275e-03 -1.40579586e-02 4.75984361e-04 -8.41265215e-04 -7.59637799e-05
844              8.26481486e-02 7.37156013e-03 -1.44312013e-02 8.21876664e-02 8.21238804e-03 -1.43581706e-02 4.60482177e-04 -8.40827906e-04 -7.30306716e-05
845              8.15424910e-02 5.16282999e-03 -1.48092429e-02 8.10924612e-02 6.00197760e-03 -1.47376511e-02 4.50029744e-04 -8.39147612e-04 -7.15918459e-05
846              8.16912707e-02 1.68035889e-03 -1.52516143e-02 8.12458132e-02 2.51544918e-03 -1.51798114e-02 4.45457469e-04 -8.35090290e-04 -7.18028383e-05
847              8.28268437e-02 -3.24937299e-03 -1.57222634e-02 8.23810517e-02 -2.42111990e-03 -1.56483756e-02 4.45791973e-04 -8.28253089e-04 -7.38878614e-05
848              8.51442268e-02 -9.14166886e-03 -1.61804924e-02 8.46922827e-02 -8.32359256e-03 -1.61023351e-02 4.51944086e-04 -8.18076301e-04 -7.81573285e-05
849              8.83248468e-02 -1.51322727e-02 -1.65370561e-02 8.78636883e-02 -1.43272131e-02 -1.64534171e-02 4.61158507e-04 -8.05059688e-04 -8.36389862e-05
850              9.18554281e-02 -2.04674407e-02 -1.67939006e-02 9.13803216e-02 -1.96791814e-02 -1.67038796e-02 4.75106474e-04 -7.88259339e-04 -9.00210448e-05
851              9.52942996e-02 -2.49005643e-02 -1.69554033e-02 9.48052760e-02 -2.41318347e-02 -1.68596355e-02 4.89023549e-04 -7.68729653e-04 -9.57677653e-05
852              9.84564414e-02 -2.89694515e-02 -1.70002603e-02 9.79543811e-02 -2.82211567e-02 -1.68998493e-02 5.02060253e-04 -7.48294783e-04 -1.00410952e-04
853              1.01549207e-01 -3.32074751e-02 -1.68801422e-02 1.01036243e-01 -3.24773882e-02 -1.67768297e-02 5.12963964e-04 -7.30086864e-04 -1.03312428e-04
854              1.04730539e-01 -3.70282759e-02 -1.65761484e-02 1.04211127e-01 -3.63133996e-02 -1.64717892e-02 5.19411490e-04 -7.14876290e-04 -1.04359225e-04
855              1.07618812e-01 -3.98869776e-02 -1.61014252e-02 1.07099216e-01 -3.91822596e-02 -1.59978189e-02 5.19595658e-04 -7.04717969e-04 -1.03606300e-04
856              1.09653037e-01 -4.17560110e-02 -1.54604508e-02 1.09140157e-01 -4.10543530e-02 -1.53593568e-02 5.12880126e-04 -7.01658021e-04 -1.01093937e-04
857              1.10406992e-01 -4.30879950e-02 -1.46929324e-02 1.09906655e-01 -4.23837106e-02 -1.45959697e-02 5.00337024e-04 -7.04284404e-04 -9.69627608e-05
858              1.09808631e-01 -4.38258816e-02 -1.38419865e-02 1.09327236e-01 -4.31139102e-02 -1.37507595e-02 4.81394732e-04 -7.11971366e-04 -9.12269491e-05
859              1.08093790e-01 -4.32203858e-02 -1.29939620e-02 1.07638669e-01 -4.24950516e-02 -1.29099735e-02 4.55120828e-04 -7.25334232e-04 -8.39884809e-05
860              1.06201717e-01 -4.10162883e-02 -1.22471262e-02 1.05779330e-01 -4.02746822e-02 -1.21714130e-02 4.22387619e-04 -7.41606156e-04 -7.57131089e-05
861              1.04310800e-01 -3.71235619e-02 -1.16973064e-02 1.03925955e-01 -3.63646080e-02 -1.16300207e-02 3.84844622e-04 -7.58953924e-04 -6.72856942e-05
862              1.02245167e-01 -3.24624545e-02 -1.13770756e-02 1.01898666e-01 -3.16870801e-02 -1.13174491e-02 3.46501007e-04 -7.75374406e-04 -5.96264997e-05
863              1.00449526e-01 -2.74093314e-02 -1.12885509e-02 1.00135610e-01 -2.66182666e-02 -1.12347107e-02 3.13916119e-04 -7.91064745e-04 -5.38402036e-05
864              1.00168121e-01 -2.21730671e-02 -1.14104113e-02 9.98746850e-02 -2.13680735e-02 -1.13597673e-02 2.93435776e-04 -8.04993585e-04 -5.06439473e-05
865              1.01780740e-01 -1.64179995e-02 -1.17022240e-02 1.01492429e-01 -1.56010822e-02 -1.16521973e-02 2.88310708e-04 -8.16917299e-04 -5.00267192e-05
866              1.04518178e-01 -1.04981433e-02 -1.21207613e-02 1.04217465e-01 -9.67058666e-03 -1.20685825e-02 3.00713379e-04 -8.27556671e-04 -5.21787378e-05
867              1.07269561e-01 -5.11296195e-03 -1.26110325e-02 1.06940349e-01 -4.27466305e-03 -1.25541347e-02 3.29212285e-04 -8.38298899e-04 -5.68977583e-05
868              1.09260665e-01 -1.07722246e-03 -1.31088014e-02 1.08891864e-01 -2.28561423e-04 -1.30455276e-02 3.68800789e-04 -8.48661035e-04 -6.32738115e-05
869              1.10892404e-01 1.70861756e-03 -1.36429462e-02 1.10477668e-01 2.56584410e-03 -1.35718909e-02 4.14736137e-04 -8.57226538e-04 -7.10553578e-05
870              1.12371570e-01 3.74386704e-03 -1.41886393e-02 1.11910341e-01 4.60785890e-03 -1.41097172e-02 4.61229098e-04 -8.63991855e-04 -7.89220906e-05
871              1.13496043e-01 5.71851850e-03 -1.47116703e-02 1.12990837e-01 6.58624131e-03 -1.46254385e-02 5.05205764e-04 -8.67722811e-04 -8.62318027e-05
872              1.13773401e-01 7.58839345e-03 -1.51907093e-02 1.13231062e-01 8.45666588e-03 -1.50983576e-02 5.42338226e-04 -8.68272429e-04 -9.23517396e-05
873              1.12590318e-01 8.79513607e-03 -1.56088000e-02 1.12019228e-01 9.66210728e-03 -1.55116049e-02 5.71089367e-04 -8.66971208e-04 -9.71951061e-05
874              1.09916607e-01 9.08996037e-03 -1.59358236e-02 1.09326637e-01 9.95457921e-03 -1.58351638e-02 5.89970322e-04 -8.64618835e-04 -1.00659820e-04
875              1.06269493e-01 8.54978451e-03 -1.61129112e-02 1.05669580e-01 9.40977493e-03 -1.60101690e-02 5.99912775e-04 -8.59990412e-04 -1.02742250e-04
876              1.02718806e-01 7.54936972e-03 -1.61327151e-02 1.02118014e-01 8.40256008e-03 -1.60294708e-02 6.00792168e-04 -8.53190358e-04 -1.03244240e-04
877              9.91973613e-02 5.84989136e-03 -1.59834136e-02 9.86055166e-02 6.69354498e-03 -1.58815858e-02 5.91844656e-04 -8.43653617e-04 -1.01827729e-04
878              9.53086930e-02 2.72734384e-03 -1.57118461e-02 9.47372436e-02 3.55867493e-03 -1.56136234e-02 5.71449343e-04 -8.31331085e-04 -9.82226960e-05
879              9.11002585e-02 -1.81174314e-03 -1.54093938e-02 9.05593937e-02 -9.94069653e-04 -1.53164856e-02 5.40864801e-04 -8.17673491e-04 -9.29082158e-05
880              8.75269889e-02 -7.47083267e-03 -1.51741875e-02 8.70246466e-02 -6.66818780e-03 -1.50874240e-02 5.02342275e-04 -8.02644873e-04 -8.67635374e-05
881              8.54156338e-02 -1.33097706e-02 -1.50285250e-02 8.49551432e-02 -1.25218240e-02 -1.49477478e-02 4.60490658e-04 -7.87946590e-04 -8.07771881e-05
882              8.47374696e-02 -1.87567680e-02 -1.49908114e-02 8.43135728e-02 -1.79826299e-02 -1.49147609e-02 4.23896791e-04 -7.74138138e-04 -7.60504697e-05
883              8.51534377e-02 -2.37010643e-02 -1.50527749e-02 8.47550400e-02 -2.29400093e-02 -1.49794347e-02 3.98397696e-04 -7.61055062e-04 -7.33401996e-05
884              8.65082697e-02 -2.86582412e-02 -1.51969524e-02 8.61234312e-02 -2.79086211e-02 -1.51243399e-02 3.84838532e-04 -7.49620084e-04 -7.26124487e-05
885              8.89043144e-02 -3.33924874e-02 -1.53629226e-02 8.85184952e-02 -3.26524794e-02 -1.52889759e-02 3.85819165e-04 -7.40008015e-04 -7.39466189e-05
886              9.25017930e-02 -3.75561255e-02 -1.54632079e-02 9.21032979e-02 -3.68231359e-02 -1.53864059e-02 3.98495047e-04 -7.32989591e-04 -7.68020334e-05
887              9.71130384e-02 -4.08283976e-02 -1.54503436e-02 9.66938013e-02 -4.00995448e-02 -1.53695642e-02 4.19237091e-04 -7.28852720e-04 -8.07794517e-05
888              1.02194875e-01 -4.32225785e-02 -1.53380961e-02 1.01753138e-01 -4.24948569e-02 -1.52533014e-02 4.41737529e-04 -7.27721543e-04 -8.47946301e-05
889              1.07260379e-01 -4.50119568e-02 -1.51358372e-02 1.06798095e-01 -4.42808296e-02 -1.50478615e-02 4.62284504e-04 -7.31127170e-04 -8.79756744e-05
890              1.11588941e-01 -4.63050852e-02 -1.48369125e-02 1.11110167e-01 -4.55672054e-02 -1.47469487e-02 4.78773782e-04 -7.37879892e-04 -8.99638014e-05
891              1.14826112e-01 -4.66979153e-02 -1.44506384e-02 1.14336951e-01 -4.59491796e-02 -1.43601057e-02 4.89160488e-04 -7.48735646e-04 -9.05327220e-05
892              1.17212686e-01 -4.55825482e-02 -1.40179158e-02 1.16720606e-01 -4.48194772e-02 -1.39282091e-02 4.92080249e-04 -7.63070942e-04 -8.97066801e-05
893              1.18656194e-01 -4.29766189e-02 -1.35835074e-02 1.18168544e-01 -4.21993499e-02 -1.34957436e-02 4.87650046e-04 -7.77269004e-04 -8.77638460e-05
894              1.18630490e-01 -3.93834849e-02 -1.31502762e-02 1.18153267e-01 -3.85933681e-02 -1.30650788e-02 4.77222904e-04 -7.90116714e-04 -8.51974657e-05
895              1.16818496e-01 -3.49977631e-02 -1.27280103e-02 1.16358369e-01 -3.41973720e-02 -1.26460912e-02 4.60127104e-04 -8.00391054e-04 -8.19190527e-05
896              1.14123444e-01 -2.97715295e-02 -1.23131323e-02 1.13684636e-01 -2.89633798e-02 -1.22353703e-02 4.38808130e-04 -8.08149709e-04 -7.77620444e-05
897              1.11566395e-01 -2.37210294e-02 -1.19294269e-02 1.11151077e-01 -2.29071786e-02 -1.18568045e-02 4.15317689e-04 -8.13850788e-04 -7.26223571e-05
898              1.09505217e-01 -1.71961041e-02 -1.16584650e-02 1.09112543e-01 -1.63772442e-02 -1.15916099e-02 3.92674768e-04 -8.18859895e-04 -6.68550664e-05
899              1.07553705e-01 -1.13049000e-02 -1.15547948e-02 1.07179227e-01 -1.04799853e-02 -1.14935523e-02 3.74477187e-04 -8.24914672e-04 -6.12424833e-05
900              1.05446414e-01 -6.40544766e-03 -1.16371784e-02 1.05082995e-01 -5.57108705e-03 -1.15805537e-02 3.63419237e-04 -8.34360610e-04 -5.66246075e-05
901              1.03466683e-01 -2.36123340e-03 -1.19269115e-02 1.03104326e-01 -1.51534600e-03 -1.18726740e-02 3.62357437e-04 -8.45887397e-04 -5.42374189e-05
902              1.02352126e-01 7.71150238e-04 -1.24259481e-02 1.01980474e-01 1.62912066e-03 -1.23713672e-02 3.71651685e-04 -8.57970425e-04 -5.45809317e-05
903              1.02462691e-01 3.35671297e-03 -1.31041661e-02 1.02070130e-01 4.22639374e-03 -1.30464985e-02 3.92561161e-04 -8.69680764e-04 -5.76675905e-05
904              1.03421670e-01 5.87160275e-03 -1.38950656e-02 1.02997184e-01 6.74965231e-03 -1.38314473e-02 4.24486358e-04 -8.78049556e-04 -6.36182819e-05
905              1.04220971e-01 7.69746067e-03 -1.46999731e-02 1.03758294e-01 8.58020761e-03 -1.46285606e-02 4.62676921e-04 -8.82746934e-04 -7.14125441e-05
906              1.04585848e-01 8.56833813e-03 -1.54878310e-02 1.04081843e-01 9.45219139e-03 -1.54072006e-02 5.04004311e-04 -8.83853256e-04 -8.06303827e-05
907              1.05011237e-01 8.67810100e-03 -1.62144411e-02 1.04469587e-01 9.55869881e-03 -1.61248500e-02 5.41649897e-04 -8.80597809e-04 -8.95910860e-05
908              1.05951341e-01 8.22158326e-03 -1.68207492e-02 1.05378141e-01 9.09503461e-03 -1.67231460e-02 5.73200114e-04 -8.73451355e-04 -9.76031629e-05
909              1.07252160e-01 6.81752911e-03 -1.72182962e-02 1.06655075e-01 7.68127312e-03 -1.71142142e-02 5.97085161e-04 -8.63744009e-04 -1.04081950e-04
910              1.08100740e-01 3.77670785e-03 -1.73777402e-02 1.07490446e-01 4.62876493e-03 -1.72693727e-02 6.10293847e-04 -8.52057083e-04 -1.08367506e-04
911              1.07765574e-01 -8.19707895e-04 -1.73180951e-02 1.07153714e-01 1.92911261e-05 -1.72078293e-02 6.11860121e-04 -8.38999021e-04 -1.10265785e-04
912              1.06225307e-01 -6.39516925e-03 -1.70748426e-02 1.05624237e-01 -5.57013658e-03 -1.69648128e-02 6.01070039e-04 -8.25032665e-04 -1.10029729e-04
913              1.04249323e-01 -1.24272809e-02 -1.66976095e-02 1.03670042e-01 -1.16172410e-02 -1.65895862e-02 5.79280822e-04 -8.10039832e-04 -1.08023373e-04
914              1.02299356e-01 -1.83789237e-02 -1.62122490e-02 1.01748979e-01 -1.75849059e-02 -1.61077837e-02 5.50377554e-04 -7.94017731e-04 -1.04465280e-04
915              9.99925101e-02 -2.42740541e-02 -1.56532495e-02 9.94757403e-02 -2.34966056e-02 -1.55539384e-02 5.16769855e-04 -7.77448428e-04 -9.93111283e-05
916              9.71517759e-02 -2.96886766e-02 -1.50770087e-02 9.66710806e-02 -2.89273624e-02 -1.49842142e-02 4.80695315e-04 -7.61314188e-04 -9.27944964e-05
917              9.42433770e-02 -3.45644310e-02 -1.45609042e-02 9.37989968e-02 -3.38178766e-02 -1.44755985e-02 4.44380205e-04 -7.46554377e-04 -8.53056240e-05
918              9.22266115e-02 -3.87665772e-02 -1.41324943e-02 9.18152429e-02 -3.80308741e-02 -1.40550950e-02 4.11368570e-04 -7.35703077e-04 -7.73992933e-05
919              9.17022316e-02 -4.22344125e-02 -1.37839916e-02 9.13179868e-02 -4.15049325e-02 -1.37138151e-02 3.84244805e-04 -7.29480044e-04 -7.01765566e-05
920              9.26534316e-02 -4.49757942e-02 -1.35330816e-02 9.22875345e-02 -4.42467925e-02 -1.34683911e-02 3.65897090e-04 -7.29001657e-04 -6.46905055e-05
921              9.48181624e-02 -4.70858309e-02 -1.33686665e-02 9.44614839e-02 -4.63510621e-02 -1.33074668e-02 3.56678412e-04 -7.34768801e-04 -6.11997165e-05
922              9.76557076e-02 -4.87457762e-02 -1.32679817e-02 9.72975527e-02 -4.80008149e-02 -1.32079276e-02 3.58154975e-04 -7.44961296e-04 -6.00540801e-05
923              1.01057063e-01 -4.96829559e-02 -1.32153796e-02 1.00686523e-01 -4.89243843e-02 -1.31540263e-02 3.70540005e-04 -7.58571620e-04 -6.13532704e-05
924              1.04661039e-01 -4.95199678e-02 -1.31816690e-02 1.04271658e-01 -4.87443131e-02 -1.31174715e-02 3.89381380e-04 -7.75654740e-04 -6.41974444e-05
925              1.09087825e-01 -4.82163441e-02 -1.32319722e-02 1.08674068e-01 -4.74239632e-02 -1.31634866e-02 4.13757763e-04 -7.92380836e-04 -6.84855997e-05
926              1.13662111e-01 -4.54395074e-02 -1.33552120e-02 1.13224575e-01 -4.46320295e-02 -1.32820612e-02 4.37535704e-04 -8.07477967e-04 -7.31508442e-05
927              1.17482031e-01 -4.14889427e-02 -1.35050703e-02 1.17023058e-01 -4.06690507e-02 -1.34271929e-02 4.58973313e-04 -8.19892047e-04 -7.78774298e-05
928              1.20171960e-01 -3.65434376e-02 -1.36259325e-02 1.19696905e-01 -3.57128473e-02 -1.35440010e-02 4.75054941e-04 -8.30590291e-04 -8.19314516e-05
929              1.22304139e-01 -3.08852029e-02 -1.36780790e-02 1.21817534e-01 -3.00460920e-02 -1.35931987e-02 4.86605246e-04 -8.39110869e-04 -8.48802367e-05
930              1.23942265e-01 -2.48140268e-02 -1.36487860e-02 1.23447723e-01 -2.39679776e-02 -1.35624022e-02 4.94542510e-04 -8.46049142e-04 -8.63838021e-05
931              1.24409813e-01 -1.90216849e-02 -1.35280898e-02 1.23909510e-01 -1.81689234e-02 -1.34415038e-02 5.00302372e-04 -8.52761437e-04 -8.65859744e-05
932              1.23136988e-01 -1.35749690e-02 -1.33516178e-02 1.22632962e-01 -1.27148608e-02 -1.32661043e-02 5.04025461e-04 -8.60108200e-04 -8.55135055e-05
933              1.20042389e-01 -8.71192296e-03 -1.31396289e-02 1.19537449e-01 -7.84502548e-03 -1.30563426e-02 5.04939548e-04 -8.66897481e-04 -8.32863147e-05
934              1.16008128e-01 -4.58457078e-03 -1.29549380e-02 1.15507237e-01 -3.71172798e-03 -1.28748124e-02 5.00890831e-04 -8.72842798e-04 -8.01255453e-05
935              1.11895311e-01 -1.10373257e-03 -1.28918491e-02 1.11401724e-01 -2.25624079e-04 -1.28154089e-02 4.93586724e-04 -8.78108488e-04 -7.64401497e-05
936              1.08247685e-01 1.98137476e-03 -1.30138823e-02 1.07762815e-01 2.86248082e-03 -1.29411316e-02 4.84869901e-04 -8.81106054e-04 -7.27507217e-05
937              1.05108015e-01 4.79419260e-03 -1.33252580e-02 1.04631612e-01 5.67513043e-03 -1.32556066e-02 4.76402402e-04 -8.80937828e-04 -6.96514853e-05
938              1.02275456e-01 6.86125487e-03 -1.38146329e-02 1.01804446e-01 7.74065716e-03 -1.37465570e-02 4.71009911e-04 -8.79402287e-04 -6.80758860e-05
939              9.98645761e-02 7.96351600e-03 -1.44346150e-02 9.93940944e-02 8.84049201e-03 -1.43659751e-02 4.70481744e-04 -8.76976008e-04 -6.86399784e-05
940              9.83140716e-02 7.91750310e-03 -1.51033140e-02 9.78391976e-02 8.79056624e-03 -1.50321287e-02 4.74873956e-04 -8.73063138e-04 -7.11852935e-05
941              9.82478689e-02 6.64449694e-03 -1.57450726e-02 9.77626148e-02 7.51224059e-03 -1.56694221e-02 4.85254062e-04 -8.67743645e-04 -7.56505848e-05
942              9.92881009e-02 4.15110555e-03 -1.62700006e-02 9.87881132e-02 5.01334050e-03 -1.61885637e-02 4.99987642e-04 -8.62234953e-04 -8.14368472e-05
943              1.00605948e-01 3.24358740e-04 -1.66361767e-02 1.00088862e-01 1.17973929e-03 -1.65483858e-02 5.17086104e-04 -8.55380550e-04 -8.77909487e-05
944              1.01945501e-01 -4.52617161e-03 -1.68766794e-02 1.01412839e-01 -3.67950006e-03 -1.67828104e-02 5.32661850e-04 -8.46671549e-04 -9.38690394e-05
945              1.03830025e-01 -1.01514061e-02 -1.70203737e-02 1.03287042e-01 -9.31498739e-03 -1.69213565e-02 5.42983032e-04 -8.36418720e-04 -9.90171942e-05
946              1.06522566e-01 -1.64356099e-02 -1.70648197e-02 1.05974707e-01 -1.56103947e-02 -1.69617940e-02 5.47859696e-04 -8.25215147e-04 -1.03025759e-04
947              1.09240661e-01 -2.31453437e-02 -1.69864847e-02 1.08691391e-01 -2.23320053e-02 -1.68808480e-02 5.49269452e-04 -8.13338473e-04 -1.05636751e-04
948              1.11110674e-01 -2.94020088e-02 -1.67705255e-02 1.10563043e-01 -2.86012270e-02 -1.66638806e-02 5.47630825e-04 -8.00781822e-04 -1.06644912e-04
949              1.11618584e-01 -3.48160443e-02 -1.64151884e-02 1.11075863e-01 -3.40283039e-02 -1.63092920e-02 5.42721234e-04 -7.87740378e-04 -1.05896464e-04
950              1.10723103e-01 -3.94934626e-02 -1.58995753e-02 1.10188479e-01 -3.87183227e-02 -1.57962507e-02 5.34623847e-04 -7.75139893e-04 -1.03324581e-04
951              1.08961371e-01 -4.35827853e-02 -1.52314620e-02 1.08439551e-01 -4.28192136e-02 -1.51327714e-02 5.21820569e-04 -7.63571659e-04 -9.86905520e-05
952              1.06857202e-01 -4.71155916e-02 -1.44442647e-02 1.06353961e-01 -4.63613984e-02 -1.43520355e-02 5.03241147e-04 -7.54193230e-04 -9.22291927e-05
953              1.04482354e-01 -4.95668136e-02 -1.36030830e-02 1.04004477e-01 -4.88183945e-02 -1.35189243e-02 4.77877184e-04 -7.48419092e-04 -8.41587089e-05
954              1.02047409e-01 -5.11498520e-02 -1.28077538e-02 1.01598918e-01 -5.04023756e-02 -1.27325738e-02 4.48491434e-04 -7.47476387e-04 -7.51800561e-05
955              9.98324130e-02 -5.22564305e-02 -1.21515905e-02 9.94137680e-02 -5.15055406e-02 -1.20854019e-02 4.18645000e-04 -7.50889929e-04 -6.61885895e-05
956              9.86436655e-02 -5.29054261e-02 -1.17004557e-02 9.82514249e-02 -5.21452828e-02 -1.16422911e-02 3.92240601e-04 -7.60143291e-04 -5.81645797e-05
957              9.89866259e-02 -5.25388772e-02 -1.15030663e-02 9.86120856e-02 -5.17631337e-02 -1.14506348e-02 3.74540315e-04 -7.75743472e-04 -5.24315216e-05
958              1.01088495e-01 -5.08044812e-02 -1.15824488e-02 1.00721963e-01 -5.00101968e-02 -1.15329323e-02 3.66531566e-04 -7.94284437e-04 -4.95164934e-05
959              1.04160986e-01 -4.75091468e-02 -1.18963801e-02 1.03792404e-01 -4.66951814e-02 -1.18465891e-02 3.68581862e-04 -8.13965377e-04 -4.97909564e-05
960              1.07213390e-01 -4.28833893e-02 -1.23461119e-02 1.06832048e-01 -4.20503200e-02 -1.22926131e-02 3.81341802e-04 -8.33069278e-04 -5.34988335e-05
961              1.10126399e-01 -3.75267805e-02 -1.28066834e-02 1.09725736e-01 -3.66757581e-02 -1.27474073e-02 4.00662141e-04 -8.51022397e-04 -5.92761093e-05
962              1.13608462e-01 -3.20496781e-02 -1.32379856e-02 1.13181020e-01 -3.11831498e-02 -1.31714043e-02 4.27442006e-04 -8.66528303e-04 -6.65813154e-05
963              1.17805513e-01 -2.62027306e-02 -1.36478812e-02 1.17348797e-01 -2.53234879e-02 -1.35742631e-02 4.56715997e-04 -8.79242673e-04 -7.36181588e-05
964              1.21949119e-01 -2.02653997e-02 -1.40423639e-02 1.21461314e-01 -1.93753796e-02 -1.39623305e-02 4.87805549e-04 -8.90020074e-04 -8.00334378e-05
965              1.25063336e-01 -1.46734501e-02 -1.43808371e-02 1.24543870e-01 -1.37735977e-02 -1.42952324e-02 5.19465264e-04 -8.99852364e-04 -8.56046824e-05
966              1.26719887e-01 -9.78744820e-03 -1.46472155e-02 1.26170558e-01 -8.87930957e-03 -1.45570050e-02 5.49329805e-04 -9.08138632e-04 -9.02104990e-05
967              1.27394773e-01 -6.06277175e-03 -1.48522164e-02 1.26820376e-01 -5.14925188e-03 -1.47583945e-02 5.74397827e-04 -9.13519871e-04 -9.38219658e-05
968              1.27185467e-01 -2.96146496e-03 -1.50092320e-02 1.26590660e-01 -2.04482704e-03 -1.49128726e-02 5.94807150e-04 -9.16637923e-04 -9.63594269e-05
969              1.25968193e-01 1.49571154e-06 -1.51193204e-02 1.25359356e-01 9.15783793e-04 -1.50215780e-02 6.08836235e-04 -9.14288082e-04 -9.77423996e-05
970              1.23240796e-01 2.69560200e-03 -1.51754232e-02 1.22626473e-01 3.60124349e-03 -1.50776696e-02 6.14323055e-04 -9.05641494e-04 -9.77536282e-05
971              1.18630525e-01 4.54586007e-03 -1.51707270e-02 1.18022195e-01 5.43982456e-03 -1.50745620e-02 6.08329667e-04 -8.93964494e-04 -9.61649428e-05
972              1.12857017e-01 4.93396698e-03 -1.51145535e-02 1.12266815e-01 5.81418288e-03 -1.50215450e-02 5.90202177e-04 -8.80215897e-04 -9.30084873e-05
973              1.07137353e-01 4.04490869e-03 -1.50541701e-02 1.06574906e-01 4.91135545e-03 -1.49655891e-02 5.62447390e-04 -8.66446759e-04 -8.85810425e-05
974              1.02385146e-01 2.27944291e-03 -1.50071702e-02 1.01855499e-01 3.13454763e-03 -1.49236279e-02 5.29646047e-04 -8.55104719e-04 -8.35423035e-05
975              9.87776307e-02 -3.80350733e-04 -1.49827586e-02 9.82806860e-02 4.66548268e-04 -1.49040159e-02 4.96944722e-04 -8.46899001e-04 -7.87427776e-05
976              9.63919557e-02 -4.16229377e-03 -1.50250922e-02 9.59228422e-02 -3.32029257e-03 -1.49499315e-02 4.69113522e-04 -8.42001200e-04 -7.51606866e-05
977              9.54341201e-02 -9.08536167e-03 -1.51599786e-02 9.49857452e-02 -8.24633356e-03 -1.50866786e-02 4.48374842e-04 -8.39028108e-04 -7.33000230e-05
978              9.62377710e-02 -1.55317887e-02 -1.53751100e-02 9.58008253e-02 -1.46946918e-02 -1.53013986e-02 4.36945771e-04 -8.37096945e-04 -7.37114492e-05
979              9.88253842e-02 -2.22929624e-02 -1.56165019e-02 9.83878184e-02 -2.14579997e-02 -1.55397991e-02 4.37565725e-04 -8.34962762e-04 -7.67027688e-05
980              1.02033405e-01 -2.86076366e-02 -1.57905063e-02 1.01585690e-01 -2.77764946e-02 -1.57094996e-02 4.47714886e-04 -8.31141972e-04 -8.10067439e-05
981              1.05195536e-01 -3.40407194e-02 -1.59127604e-02 1.04728979e-01 -3.32168698e-02 -1.58264922e-02 4.66557087e-04 -8.23849584e-04 -8.62682123e-05
982              1.07904360e-01 -3.88432404e-02 -1.59544356e-02 1.07417534e-01 -3.80291424e-02 -1.58636552e-02 4.86825292e-04 -8.14097966e-04 -9.07804743e-05
983              1.10341813e-01 -4.34042613e-02 -1.58745985e-02 1.09834399e-01 -4.26009096e-02 -1.57805282e-02 5.07414089e-04 -8.03351623e-04 -9.40702340e-05
984              1.12527260e-01 -4.73798169e-02 -1.56312092e-02 1.12003297e-01 -4.65873104e-02 -1.55356345e-02 5.23963221e-04 -7.92506512e-04 -9.55746963e-05
985              1.14181181e-01 -5.06114343e-02 -1.52344349e-02 1.13646499e-01 -4.98281792e-02 -1.51391057e-02 5.34681759e-04 -7.83255086e-04 -9.53292136e-05
986              1.15062806e-01 -5.29232874e-02 -1.47080105e-02 1.14523839e-01 -5.21463428e-02 -1.46145127e-02 5.38966833e-04 -7.76944680e-04 -9.34978194e-05
987              1.15021013e-01 -5.47151860e-02 -1.40758618e-02 1.14483066e-01 -5.39411650e-02 -1.39855005e-02 5.37946751e-04 -7.74020982e-04 -9.03613137e-05
988              1.14272900e-01 -5.63429348e-02 -1.34066490e-02 1.13739963e-01 -5.55680626e-02 -1.33204499e-02 5.32936343e-04 -7.74872141e-04 -8.61991357e-05
989              1.12972213e-01 -5.72213188e-02 -1.27492359e-02 1.12449008e-01 -5.64406121e-02 -1.26681024e-02 5.23205374e-04 -7.80706735e-04 -8.11334368e-05
990              1.11734101e-01 -5.64755060e-02 -1.21747687e-02 1.11226323e-01 -5.56842703e-02 -1.20995131e-02 5.07777971e-04 -7.91235741e-04 -7.52556086e-05
991              1.10535002e-01 -5.37182245e-02 -1.17646690e-02 1.10048704e-01 -5.29139804e-02 -1.16956241e-02 4.86297935e-04 -8.04244084e-04 -6.90449499e-05
992              1.09027174e-01 -4.94115427e-02 -1.15562530e-02 1.08566720e-01 -4.85927170e-02 -1.14930919e-02 4.60454121e-04 -8.18825748e-04 -6.31611161e-05
993              1.07223813e-01 -4.44502332e-02 -1.15419361e-02 1.06791877e-01 -4.36146954e-02 -1.14838456e-02 4.31936529e-04 -8.35537830e-04 -5.80904991e-05
994              1.06355833e-01 -3.91762117e-02 -1.17033911e-02 1.05948727e-01 -3.83221736e-02 -1.16488088e-02 4.07105863e-04 -8.54038073e-04 -5.45822764e-05
995              1.07135458e-01 -3.32148801e-02 -1.20200294e-02 1.06742654e-01 -3.23418427e-02 -1.19667521e-02 3.92804210e-04 -8.73037395e-04 -5.32772653e-05
996              1.09326096e-01 -2.68031703e-02 -1.24694171e-02 1.08934639e-01 -2.59114766e-02 -1.24151958e-02 3.91457558e-04 -8.91693714e-04 -5.42213102e-05
997              1.12377682e-01 -2.06777810e-02 -1.30300049e-02 1.11971660e-01 -1.97681107e-02 -1.29722967e-02 4.06021590e-04 -9.09670331e-04 -5.77082253e-05
998              1.15611274e-01 -1.52309040e-02 -1.36468763e-02 1.15176226e-01 -1.43055338e-02 -1.35832986e-02 4.35048457e-04 -9.25370236e-04 -6.35776656e-05
999              1.18866898e-01 -1.07375469e-02 -1.42668608e-02 1.18392625e-01 -9.79965301e-03 -1.41955294e-02 4.74273437e-04 -9.37893858e-04 -7.13313430e-05
1000             1.22467537e-01 -7.07701749e-03 -1.49083177e-02 1.21948443e-01 -6.13244130e-03 -1.48281623e-02 5.19093607e-04 -9.44576185e-04 -8.01554552e-05
1001             1.26224741e-01 -3.82643480e-03 -1.55333867e-02 1.25661183e-01 -2.88153925e-03 -1.54446116e-02 5.63557864e-04 -9.44895543e-04 -8.87750381e-05
1002             1.29477920e-01 -6.87247351e-04 -1.60895127e-02 1.28875645e-01 2.50820573e-04 -1.59931223e-02 6.02275001e-04 -9.38067924e-04 -9.63904495e-05
1003             1.30967416e-01 1.43534133e-03 -1.65317751e-02 1.30336242e-01 2.36125097e-03 -1.64293629e-02 6.31173653e-04 -9.25909636e-04 -1.02412164e-04
1004             1.30117098e-01 1.93707663e-03 -1.68160322e-02 1.29470391e-01 2.84905813e-03 -1.67095266e-02 6.46707262e-04 -9.11981496e-04 -1.06505661e-04
1005             1.27538570e-01 1.01049316e-03 -1.69089907e-02 1.26889459e-01 1.90759351e-03 -1.68004266e-02 6.49111066e-04 -8.97100352e-04 -1.08564099e-04
1006             1.23922358e-01 -6.20561213e-04 -1.67734522e-02 1.23281819e-01 2.62214341e-04 -1.66648088e-02 6.40538978e-04 -8.82775554e-04 -1.08643459e-04
1007             1.19810222e-01 -2.78426818e-03 -1.64291310e-02 1.19188938e-01 -1.91343399e-03 -1.63226286e-02 6.21284118e-04 -8.70834183e-04 -1.06502353e-04
1008             1.15175394e-01 -5.88406273e-03 -1.59307066e-02 1.14581150e-01 -5.02321119e-03 -1.58284707e-02 5.94244112e-04 -8.60851540e-04 -1.02235918e-04
1009             1.10280886e-01 -1.04785508e-02 -1.53597850e-02 1.09721380e-01 -9.62543153e-03 -1.52638092e-02 5.59505699e-04 -8.53119267e-04 -9.59758908e-05
1010             1.05820662e-01 -1.62384505e-02 -1.48333390e-02 1.05301243e-01 -1.53913799e-02 -1.47446992e-02 5.19419293e-04 -8.47070647e-04 -8.86398131e-05
1011             1.02563472e-01 -2.25065974e-02 -1.44309250e-02 1.02085680e-01 -2.16648722e-02 -1.43497799e-02 4.77792158e-04 -8.41725152e-04 -8.11451183e-05
1012             1.00732650e-01 -2.85195968e-02 -1.41658047e-02 1.00292397e-01 -2.76826619e-02 -1.40914585e-02 4.40253589e-04 -8.36934915e-04 -7.43461485e-05
1013             9.98014194e-02 -3.38372932e-02 -1.40331750e-02 9.93892783e-02 -3.30052249e-02 -1.39640220e-02 4.12141070e-04 -8.32068270e-04 -6.91530291e-05
1014             9.93403126e-02 -3.86886501e-02 -1.40192783e-02 9.89441138e-02 -3.78621539e-02 -1.39533141e-02 3.96198870e-04 -8.26496178e-04 -6.59641704e-05
1015             9.93356276e-02 -4.32927471e-02 -1.40839357e-02 9.89433246e-02 -4.24723149e-02 -1.40192497e-02 3.92303018e-04 -8.20432225e-04 -6.46860186e-05
1016             1.00180770e-01 -4.75892491e-02 -1.41665108e-02 9.97784840e-02 -4.67751030e-02 -1.41009477e-02 4.02286488e-04 -8.14146036e-04 -6.55631284e-05
1017             1.02049082e-01 -5.12053014e-02 -1.41944286e-02 1.01627239e-01 -5.03980012e-02 -1.41265154e-02 4.21842492e-04 -8.07300212e-04 -6.79132095e-05
1018             1.04735648e-01 -5.39580511e-02 -1.41600347e-02 1.04285919e-01 -5.31569551e-02 -1.40883072e-02 4.49728403e-04 -8.01096064e-04 -7.17274987e-05
1019             1.08004084e-01 -5.63293760e-02 -1.40892251e-02 1.07524282e-01 -5.55324033e-02 -1.40136390e-02 4.79802407e-04 -7.96972643e-04 -7.55861338e-05
1020             1.11529611e-01 -5.84864708e-02 -1.40170507e-02 1.11019502e-01 -5.76912295e-02 -1.39378660e-02 5.10108556e-04 -7.95241205e-04 -7.91847449e-05
1021             1.15413632e-01 -6.01022459e-02 -1.39320793e-02 1.14875280e-01 -5.93038610e-02 -1.38498647e-02 5.38351928e-04 -7.98384833e-04 -8.22145742e-05
1022             1.19209451e-01 -6.03831768e-02 -1.38248263e-02 1.18647904e-01 -5.95754158e-02 -1.37403914e-02 5.61547087e-04 -8.07760976e-04 -8.44348969e-05
1023             1.22393276e-01 -5.89917665e-02 -1.37085850e-02 1.21816113e-01 -5.81704907e-02 -1.36228926e-02 5.77163037e-04 -8.21275817e-04 -8.56924049e-05
1024             1.24182566e-01 -5.59342461e-02 -1.35779776e-02 1.23600096e-01 -5.50970794e-02 -1.34919168e-02 5.82470030e-04 -8.37166729e-04 -8.60608495e-05
1025             1.24069256e-01 -5.20003965e-02 -1.34214223e-02 1.23491544e-01 -5.11465378e-02 -1.33357890e-02 5.77712772e-04 -8.53858722e-04 -8.56332517e-05
1026             1.22294161e-01 -4.70876547e-02 -1.32206952e-02 1.21731801e-01 -4.62172429e-02 -1.31365923e-02 5.62359449e-04 -8.70411820e-04 -8.41028722e-05
1027             1.20121605e-01 -4.13376690e-02 -1.29722174e-02 1.19581963e-01 -4.04521292e-02 -1.28909668e-02 5.39642529e-04 -8.85539788e-04 -8.12506232e-05
1028             1.18389930e-01 -3.48259055e-02 -1.27318969e-02 1.17876088e-01 -3.39266511e-02 -1.26548259e-02 5.13842168e-04 -8.99254462e-04 -7.70710382e-05
1029             1.17268108e-01 -2.80419503e-02 -1.26036944e-02 1.16779298e-01 -2.71308499e-02 -1.25314796e-02 4.88809902e-04 -9.11100338e-04 -7.22148257e-05
1030             1.16402219e-01 -2.17756945e-02 -1.26362384e-02 1.15932984e-01 -2.08531375e-02 -1.25686863e-02 4.69235341e-04 -9.22556976e-04 -6.75520854e-05
1031             1.15780891e-01 -1.61946147e-02 -1.28438697e-02 1.15322251e-01 -1.52617836e-02 -1.27796947e-02 4.58640150e-04 -9.32831119e-04 -6.41750217e-05
1032             1.16269832e-01 -1.16327247e-02 -1.32468420e-02 1.15811480e-01 -1.06919907e-02 -1.31836785e-02 4.58351614e-04 -9.40734000e-04 -6.31634929e-05
1033             1.17970517e-01 -7.75147512e-03 -1.38252007e-02 1.17501819e-01 -6.80564449e-03 -1.37605934e-02 4.68697178e-04 -9.45830625e-04 -6.46073159e-05
1034             1.20319829e-01 -4.48934239e-03 -1.45063550e-02 1.19831728e-01 -3.54368410e-03 -1.44379025e-02 4.88100562e-04 -9.45658288e-04 -6.84524498e-05
1035             1.22547398e-01 -2.24742515e-03 -1.52096437e-02 1.22032812e-01 -1.30767651e-03 -1.51350835e-02 5.14585829e-04 -9.39748646e-04 -7.45601825e-05
1036             1.23587244e-01 -1.19999010e-03 -1.58260353e-02 1.23045704e-01 -2.68469121e-04 -1.57444726e-02 5.41539805e-04 -9.31520978e-04 -8.15626865e-05
1037             1.23647429e-01 -1.41410822e-03 -1.63511845e-02 1.23080374e-01 -4.93152182e-04 -1.62619972e-02 5.67055000e-04 -9.20956038e-04 -8.91873295e-05
1038             1.23405822e-01 -2.43568379e-03 -1.67497285e-02 1.22819258e-01 -1.52594571e-03 -1.66538557e-02 5.86564086e-04 -9.09738075e-04 -9.58728163e-05
1039             1.23555698e-01 -3.97558986e-03 -1.69804635e-02 1.22954348e-01 -3.07569324e-03 -1.68790968e-02 6.01350443e-04 -8.99896617e-04 -1.01366663e-04
1040             1.24030103e-01 -6.65330486e-03 -1.70121419e-02 1.23419927e-01 -5.76049055e-03 -1.69071002e-02 6.10175122e-04 -8.92814310e-04 -1.05041654e-04
1041             1.24086966e-01 -1.10603667e-02 -1.68667228e-02 1.23473917e-01 -1.01722871e-02 -1.67600194e-02 6.13049121e-04 -8.88079603e-04 -1.06703357e-04
1042             1.23244672e-01 -1.65423035e-02 -1.65740848e-02 1.22635609e-01 -1.56581309e-02 -1.64676296e-02 6.09063055e-04 -8.84172573e-04 -1.06455232e-04
1043             1.21748184e-01 -2.26197085e-02 -1.61630248e-02 1.21150452e-01 -2.17393875e-02 -1.60584122e-02 5.97732527e-04 -8.80321035e-04 -1.04612587e-04
1044             1.19925512e-01 -2.85941112e-02 -1.56654079e-02 1.19345434e-01 -2.77192709e-02 -1.55639509e-02 5.80078053e-04 -8.74840334e-04 -1.01456987e-04
1045             1.17168822e-01 -3.42565375e-02 -1.50760111e-02 1.16611120e-01 -3.33906014e-02 -1.49791373e-02 5.57701740e-04 -8.65936121e-04 -9.68738343e-05
1046             1.13273529e-01 -3.94574528e-02 -1.44302293e-02 1.12742595e-01 -3.86036960e-02 -1.43394649e-02 5.30934708e-04 -8.53756871e-04 -9.07644150e-05
1047             1.08409633e-01 -4.39342938e-02 -1.37932423e-02 1.07908402e-01 -4.30945653e-02 -1.37099314e-02 5.01231030e-04 -8.39728435e-04 -8.33109558e-05
1048             1.03491675e-01 -4.79548855e-02 -1.32444402e-02 1.03020190e-01 -4.71304954e-02 -1.31693998e-02 4.71485325e-04 -8.24390146e-04 -7.50404186e-05
1049             9.95740625e-02 -5.15165543e-02 -1.28108155e-02 9.91288886e-02 -5.07065683e-02 -1.27440334e-02 4.45173965e-04 -8.09986021e-04 -6.67821240e-05
1050             9.73526136e-02 -5.48508439e-02 -1.25239455e-02 9.69262161e-02 -5.40521915e-02 -1.24641547e-02 4.26397454e-04 -7.98652423e-04 -5.97907416e-05
1051             9.70464059e-02 -5.77276195e-02 -1.24004328e-02 9.66271478e-02 -5.69352538e-02 -1.23451892e-02 4.19258106e-04 -7.92365774e-04 -5.52435792e-05
1052             9.84367007e-02 -6.02181046e-02 -1.24260741e-02 9.80125204e-02 -5.94258172e-02 -1.23727303e-02 4.24180337e-04 -7.92287444e-04 -5.33437372e-05
1053             1.01215521e-01 -6.22248657e-02 -1.25860114e-02 1.00773847e-01 -6.14268767e-02 -1.25316689e-02 4.41674342e-04 -7.97989022e-04 -5.43424868e-05
1054             1.05126097e-01 -6.33103876e-02 -1.28397028e-02 1.04656519e-01 -6.24996737e-02 -1.27816871e-02 4.69578096e-04 -8.10713884e-04 -5.80156872e-05
1055             1.09853269e-01 -6.29499028e-02 -1.31347196e-02 1.09351160e-01 -6.21199500e-02 -1.30712077e-02 5.02109387e-04 -8.29952785e-04 -6.35118989e-05
1056             1.14980829e-01 -6.12506750e-02 -1.35008849e-02 1.14446306e-01 -6.03996519e-02 -1.34307037e-02 5.34523515e-04 -8.51023082e-04 -7.01812264e-05
1057             1.19544599e-01 -5.80313243e-02 -1.38875567e-02 1.18983628e-01 -5.71589007e-02 -1.38105792e-02 5.60971271e-04 -8.72423507e-04 -7.69774822e-05
1058             1.23091365e-01 -5.35606657e-02 -1.42396689e-02 1.22512366e-01 -5.26676366e-02 -1.41563979e-02 5.78999729e-04 -8.93029157e-04 -8.32709935e-05
1059             1.26113032e-01 -4.81890266e-02 -1.45103090e-02 1.25524383e-01 -4.72767516e-02 -1.44219101e-02 5.88649437e-04 -9.12274961e-04 -8.83988702e-05
1060             1.29114398e-01 -4.21618962e-02 -1.46764595e-02 1.28521221e-01 -4.12328332e-02 -1.45844022e-02 5.93177262e-04 -9.29062962e-04 -9.20572719e-05
1061             1.31932056e-01 -3.57688852e-02 -1.47432235e-02 1.31336829e-01 -3.48265354e-02 -1.46490822e-02 5.95227603e-04 -9.42349752e-04 -9.41412782e-05
1062             1.33790822e-01 -2.93939794e-02 -1.47019521e-02 1.33193619e-01 -2.84414545e-02 -1.46070227e-02 5.97203383e-04 -9.52524923e-04 -9.49293885e-05
1063             1.34315261e-01 -2.34624725e-02 -1.45900027e-02 1.33717059e-01 -2.25039200e-02 -1.44956609e-02 5.98201349e-04 -9.58552556e-04 -9.43418041e-05
1064             1.33401046e-01 -1.80533326e-02 -1.44267830e-02 1.32804226e-01 -1.70935979e-02 -1.43342000e-02 5.96819843e-04 -9.59734692e-04 -9.25830332e-05
1065             1.31702125e-01 -1.36406703e-02 -1.42546370e-02 1.31112940e-01 -1.26843177e-02 -1.41651007e-02 5.89185318e-04 -9.56352540e-04 -8.95362722e-05
1066             1.29559887e-01 -1.03244210e-02 -1.41415813e-02 1.28983427e-01 -9.37515621e-03 -1.40559669e-02 5.76460340e-04 -9.49264820e-04 -8.56143733e-05
1067             1.27171142e-01 -7.68143096e-03 -1.41366958e-02 1.26612713e-01 -6.74242231e-03 -1.40555098e-02 5.58429123e-04 -9.39008645e-04 -8.11859637e-05
1068             1.24146863e-01 -5.86049807e-03 -1.42440706e-02 1.23609397e-01 -4.93324725e-03 -1.41671738e-02 5.37465506e-04 -9.27250825e-04 -7.68968403e-05
1069             1.20378084e-01 -4.91640728e-03 -1.44593865e-02 1.19861239e-01 -3.99870847e-03 -1.43856947e-02 5.16845113e-04 -9.17698808e-04 -7.36917708e-05
1070             1.17054655e-01 -4.99664546e-03 -1.47652544e-02 1.16554537e-01 -4.08588196e-03 -1.46929976e-02 5.00118437e-04 -9.10763500e-04 -7.22568907e-05
1071             1.15114893e-01 -6.04140389e-03 -1.51110130e-02 1.14623534e-01 -5.13407097e-03 -1.50383317e-02 4.91358862e-04 -9.07332916e-04 -7.26813712e-05
1072             1.14808932e-01 -8.48995127e-03 -1.54441341e-02 1.14315638e-01 -7.58193709e-03 -1.53688882e-02 4.93294525e-04 -9.08014175e-04 -7.52458782e-05
1073             1.15489612e-01 -1.20433735e-02 -1.56903680e-02 1.14985044e-01 -1.11320409e-02 -1.56111859e-02 5.04567445e-04 -9.11332538e-04 -7.91820298e-05
1074             1.16621258e-01 -1.65912384e-02 -1.58349683e-02 1.16098230e-01 -1.56762304e-02 -1.57507981e-02 5.23027748e-04 -9.15008085e-04 -8.41701842e-05
1075             1.17993787e-01 -2.16827454e-02 -1.59088953e-02 1.17452726e-01 -2.07664461e-02 -1.58200864e-02 5.41061087e-04 -9.16299355e-04 -8.88088506e-05
1076             1.19752869e-01 -2.72880302e-02 -1.59499835e-02 1.19196900e-01 -2.63739140e-02 -1.58572407e-02 5.55968495e-04 -9.14116218e-04 -9.27428552e-05
1077             1.21666169e-01 -3.31439025e-02 -1.59127777e-02 1.21098919e-01 -3.22359622e-02 -1.58169855e-02 5.67250103e-04 -9.07940357e-04 -9.57922357e-05
1078             1.22681934e-01 -3.86133435e-02 -1.57495034e-02 1.22107253e-01 -3.77159890e-02 -1.56520443e-02 5.74680707e-04 -8.97354508e-04 -9.74591150e-05
1079             1.21977007e-01 -4.36147382e-02 -1.54553662e-02 1.21398891e-01 -4.27321499e-02 -1.53578417e-02 5.78115840e-04 -8.82588384e-04 -9.75245790e-05
1080             1.19579530e-01 -4.80548770e-02 -1.50445194e-02 1.19002120e-01 -4.71902281e-02 -1.49485966e-02 5.77410280e-04 -8.64648908e-04 -9.59227641e-05
1081             1.16343702e-01 -5.22490639e-02 -1.45374094e-02 1.15769216e-01 -5.14040192e-02 -1.44446508e-02 5.74485382e-04 -8.45044714e-04 -9.27585898e-05
1082             1.13018070e-01 -5.62328204e-02 -1.39489899e-02 1.12448976e-01 -5.54082457e-02 -1.38608161e-02 5.69094406e-04 -8.24574756e-04 -8.81737160e-05
1083             1.09866104e-01 -5.97690989e-02 -1.33207315e-02 1.09305813e-01 -5.89620659e-02 -1.32383132e-02 5.60291208e-04 -8.07033033e-04 -8.24182971e-05
1084             1.06994135e-01 -6.24538680e-02 -1.27120580e-02 1.06446256e-01 -6.16583692e-02 -1.26362888e-02 5.47879776e-04 -7.95498726e-04 -7.57691355e-05
1085             1.04662788e-01 -6.44043948e-02 -1.22177457e-02 1.04130024e-01 -6.36139600e-02 -1.21489391e-02 5.32764370e-04 -7.90434830e-04 -6.88065945e-05
1086             1.03219779e-01 -6.56764276e-02 -1.18974677e-02 1.02702937e-01 -6.48821105e-02 -1.18352711e-02 5.16842056e-04 -7.94317126e-04 -6.21965526e-05
1087             1.02933086e-01 -6.61989516e-02 -1.17841489e-02 1.02431289e-01 -6.53901591e-02 -1.17273096e-02 5.01797316e-04 -8.08792581e-04 -5.68393244e-05
1088             1.04029206e-01 -6.55094579e-02 -1.19164387e-02 1.03538710e-01 -6.46774027e-02 -1.18627504e-02 4.90495658e-04 -8.32055197e-04 -5.36883087e-05
1089             1.06338565e-01 -6.29371692e-02 -1.22843675e-02 1.05855459e-01 -6.20778144e-02 -1.22312087e-02 4.83106210e-04 -8.59354763e-04 -5.31588629e-05
1090             1.09255311e-01 -5.88770423e-02 -1.28140046e-02 1.08773653e-01 -5.79890508e-02 -1.27583751e-02 4.81657734e-04 -8.87991463e-04 -5.56294919e-05
1091             1.12513085e-01 -5.38260840e-02 -1.34210939e-02 1.12025783e-01 -5.29098914e-02 -1.33600572e-02 4.87301573e-04 -9.16192590e-04 -6.10366965e-05
1092             1.16654180e-01 -4.82087545e-02 -1.39815591e-02 1.16155389e-01 -4.72673776e-02 -1.39135797e-02 4.98791675e-04 -9.41376850e-04 -6.79793984e-05
1093             1.22142507e-01 -4.20698830e-02 -1.45066365e-02 1.21623254e-01 -4.11083504e-02 -1.44306598e-02 5.19252591e-04 -9.61532610e-04 -7.59766961e-05
1094             1.28546134e-01 -3.55285063e-02 -1.50004432e-02 1.28002322e-01 -3.45532215e-02 -1.49169056e-02 5.43812228e-04 -9.75284824e-04 -8.35375590e-05
1095             1.34822533e-01 -2.91993208e-02 -1.54335404e-02 1.34250079e-01 -2.82161574e-02 -1.53431036e-02 5.72453538e-04 -9.83163426e-04 -9.04368353e-05
1096             1.39954565e-01 -2.33642946e-02 -1.57583058e-02 1.39353686e-01 -2.23786979e-02 -1.56621633e-02 6.00878414e-04 -9.85596650e-04 -9.61424833e-05
1097             1.43638982e-01 -1.87335812e-02 -1.59543264e-02 1.43013966e-01 -1.77510152e-02 -1.58537919e-02 6.25015618e-04 -9.82566051e-04 -1.00534537e-04
1098             1.45809544e-01 -1.56059798e-02 -1.60265296e-02 1.45168125e-01 -1.46299739e-02 -1.59232432e-02 6.41419229e-04 -9.76005927e-04 -1.03286339e-04
1099             1.46044109e-01 -1.34562910e-02 -1.59685666e-02 1.45394918e-01 -1.24897832e-02 -1.58642340e-02 6.49190969e-04 -9.66507815e-04 -1.04332673e-04
1100             1.44301477e-01 -1.15046227e-02 -1.57965798e-02 1.43654282e-01 -1.05510420e-02 -1.56929249e-02 6.47195165e-04 -9.53580699e-04 -1.03654841e-04
1101             1.40159963e-01 -9.97797146e-03 -1.55208937e-02 1.39525489e-01 -9.03827532e-03 -1.54198112e-02 6.34473959e-04 -9.39696134e-04 -1.01082460e-04
1102             1.34140948e-01 -9.30448315e-03 -1.51754675e-02 1.33529929e-01 -8.37709753e-03 -1.50787471e-02 6.11019147e-04 -9.27385620e-04 -9.67203782e-05
1103             1.27559297e-01 -1.00869122e-02 -1.48093694e-02 1.26979218e-01 -9.16910355e-03 -1.47184111e-02 5.80079000e-04 -9.17808675e-04 -9.09582456e-05
1104             1.21729283e-01 -1.18949534e-02 -1.44772627e-02 1.21183275e-01 -1.09827021e-02 -1.43928966e-02 5.46008106e-04 -9.12251292e-04 -8.43660081e-05
1105             1.17184180e-01 -1.44163072e-02 -1.42008705e-02 1.16672134e-01 -1.35044673e-02 -1.41233130e-02 5.12045848e-04 -9.11839974e-04 -7.75575789e-05
1106             1.13669911e-01 -1.76908260e-02 -1.40234416e-02 1.13186660e-01 -1.67752206e-02 -1.39519803e-02 4.83251094e-04 -9.15605379e-04 -7.14613294e-05
1107             1.11133544e-01 -2.17427112e-02 -1.39646263e-02 1.10670829e-01 -2.08218254e-02 -1.38975268e-02 4.62715579e-04 -9.20885819e-04 -6.70995201e-05
1108             1.09799721e-01 -2.66997794e-02 -1.40208364e-02 1.09349413e-01 -2.57743153e-02 -1.39559774e-02 4.50308156e-04 -9.25464120e-04 -6.48589461e-05
1109             1.09844946e-01 -3.23009601e-02 -1.41716184e-02 1.09397370e-01 -3.13743198e-02 -1.41065200e-02 4.47575356e-04 -9.26640274e-04 -6.50984033e-05
1110             1.10675837e-01 -3.79347122e-02 -1.43564594e-02 1.10219560e-01 -3.70112680e-02 -1.42886842e-02 4.56276284e-04 -9.23444260e-04 -6.77752249e-05
1111             1.11525945e-01 -4.29772974e-02 -1.45082280e-02 1.11052235e-01 -4.20633813e-02 -1.44363481e-02 4.73710204e-04 -9.13916100e-04 -7.18799011e-05
1112             1.12125504e-01 -4.75088532e-02 -1.46492693e-02 1.11625918e-01 -4.66097184e-02 -1.45723672e-02 4.99585479e-04 -8.99134811e-04 -7.69020835e-05
1113             1.12692327e-01 -5.20233193e-02 -1.47507965e-02 1.12163619e-01 -5.11435794e-02 -1.46692428e-02 5.28708541e-04 -8.79739935e-04 -8.15537308e-05
1114             1.13682009e-01 -5.65821951e-02 -1.47819958e-02 1.13122019e-01 -5.57230796e-02 -1.46966132e-02 5.59989250e-04 -8.59115506e-04 -8.53826431e-05
1115             1.15242332e-01 -6.07930954e-02 -1.47229570e-02 1.14653125e-01 -5.99531752e-02 -1.46349785e-02 5.89206440e-04 -8.39920196e-04 -8.79785228e-05
1116             1.16991668e-01 -6.40610813e-02 -1.45731176e-02 1.16377936e-01 -6.32358327e-02 -1.44837855e-02 6.13731665e-04 -8.25248607e-04 -8.93321310e-05
1117             1.18174207e-01 -6.64987902e-02 -1.43272122e-02 1.17541786e-01 -6.56812937e-02 -1.42376919e-02 6.32421668e-04 -8.17496439e-04 -8.95203250e-05
1118             1.18258411e-01 -6.84876609e-02 -1.39780086e-02 1.17615172e-01 -6.76709115e-02 -1.38894068e-02 6.43239035e-04 -8.16749438e-04 -8.86017918e-05
1119             1.17732548e-01 -7.01342288e-02 -1.35864447e-02 1.17087559e-01 -6.93097029e-02 -1.35000359e-02 6.44988439e-04 -8.24525865e-04 -8.64087772e-05
1120             1.16815303e-01 -7.03629163e-02 -1.31945548e-02 1.16178825e-01 -6.95226275e-02 -1.31114626e-02 6.36478283e-04 -8.40288811e-04 -8.30922021e-05
1121             1.15637703e-01 -6.86535280e-02 -1.28682057e-02 1.15021314e-01 -6.77928874e-02 -1.27895506e-02 6.16389011e-04 -8.60640556e-04 -7.86551099e-05
1122             1.14307169e-01 -6.49767967e-02 -1.26709150e-02 1.13720160e-01 -6.40938797e-02 -1.25970468e-02 5.87008736e-04 -8.82917019e-04 -7.38682195e-05
1123             1.13241434e-01 -6.00271966e-02 -1.26403484e-02 1.12689749e-01 -5.91216657e-02 -1.25710559e-02 5.51685510e-04 -9.05530980e-04 -6.92924292e-05
1124             1.12910078e-01 -5.44455265e-02 -1.27684761e-02 1.12395197e-01 -5.35172514e-02 -1.27029885e-02 5.14881264e-04 -9.28275025e-04 -6.54876199e-05
1125             1.14311924e-01 -4.82634615e-02 -1.30376248e-02 1.13826632e-01 -4.73141556e-02 -1.29743959e-02 4.85291680e-04 -9.49305903e-04 -6.32288981e-05
1126             1.17787269e-01 -4.16472417e-02 -1.34386013e-02 1.17318394e-01 -4.06802185e-02 -1.33756806e-02 4.68874626e-04 -9.67023183e-04 -6.29206558e-05
1127             1.22705478e-01 -3.48486623e-02 -1.39337476e-02 1.22238317e-01 -3.38682130e-02 -1.38690346e-02 4.67161623e-04 -9.80449272e-04 -6.47130425e-05
1128             1.27979317e-01 -2.86846115e-02 -1.44722409e-02 1.27498459e-01 -2.76956190e-02 -1.44034529e-02 4.80857713e-04 -9.88992545e-04 -6.87880449e-05
1129             1.32704264e-01 -2.38500559e-02 -1.49737339e-02 1.32198237e-01 -2.28574163e-02 -1.48991326e-02 5.06027253e-04 -9.92639587e-04 -7.46013491e-05
1130             1.37003072e-01 -2.04027848e-02 -1.54016069e-02 1.36465394e-01 -1.94104994e-02 -1.53198103e-02 5.37677688e-04 -9.92285389e-04 -8.17965229e-05
1131             1.40756790e-01 -1.78425552e-02 -1.57690622e-02 1.40187089e-01 -1.68544478e-02 -1.56801447e-02 5.69700544e-04 -9.88107481e-04 -8.89174608e-05
1132             1.43812859e-01 -1.54718162e-02 -1.60857022e-02 1.43215024e-01 -1.44915209e-02 -1.59905347e-02 5.97834893e-04 -9.80295313e-04 -9.51675420e-05
1133             1.45618432e-01 -1.34051993e-02 -1.63148189e-02 1.44998081e-01 -1.24354336e-02 -1.62146934e-02 6.20351489e-04 -9.69765717e-04 -1.00125518e-04
1134             1.45460729e-01 -1.24254734e-02 -1.64193221e-02 1.44825605e-01 -1.14649401e-02 -1.63159023e-02 6.35123421e-04 -9.60533314e-04 -1.03419777e-04
1135             1.43591382e-01 -1.31815886e-02 -1.63780353e-02 1.42950386e-01 -1.22285961e-02 -1.62730475e-02 6.40995712e-04 -9.52992507e-04 -1.04987771e-04
1136             1.40658460e-01 -1.49259257e-02 -1.61785958e-02 1.40018943e-01 -1.39779244e-02 -1.60737940e-02 6.39517319e-04 -9.48001327e-04 -1.04801787e-04
1137             1.36943184e-01 -1.70771374e-02 -1.58087956e-02 1.36311461e-01 -1.61313347e-02 -1.57058542e-02 6.31722514e-04 -9.45802690e-04 -1.02941369e-04
1138             1.32472805e-01 -1.95639002e-02 -1.52828736e-02 1.31855775e-01 -1.86184893e-02 -1.51837004e-02 6.17030326e-04 -9.45410982e-04 -9.91731997e-05
1139             1.27070793e-01 -2.29579149e-02 -1.46533645e-02 1.26475697e-01 -2.20130513e-02 -1.45598829e-02 5.95095972e-04 -9.44863662e-04 -9.34816438e-05
1140             1.20977973e-01 -2.72757693e-02 -1.39985857e-02 1.20412356e-01 -2.63331672e-02 -1.39123866e-02 5.65616756e-04 -9.42602098e-04 -8.61991008e-05
1141             1.15149361e-01 -3.21695848e-02 -1.34407253e-02 1.14618873e-01 -3.12320853e-02 -1.33626045e-02 5.30487625e-04 -9.37499559e-04 -7.81208094e-05
1142             1.10290230e-01 -3.72601475e-02 -1.30380736e-02 1.09795513e-01 -3.63316389e-02 -1.29677756e-02 4.94716664e-04 -9.28508634e-04 -7.02980218e-05
1143             1.06278561e-01 -4.21019483e-02 -1.28094170e-02 1.05813927e-01 -4.11849082e-02 -1.27458161e-02 4.64634131e-04 -9.17040146e-04 -6.36009399e-05
1144             1.03146715e-01 -4.68912409e-02 -1.27761217e-02 1.02700356e-01 -4.59886843e-02 -1.27170906e-02 4.46359015e-04 -9.02556605e-04 -5.90311675e-05
1145             1.00965865e-01 -5.16634607e-02 -1.29239864e-02 1.00522821e-01 -5.07764638e-02 -1.28670744e-02 4.43044002e-04 -8.86996939e-04 -5.69120193e-05
1146             1.00314153e-01 -5.64821348e-02 -1.31993045e-02 9.98590470e-02 -5.56106706e-02 -1.31420202e-02 4.55105833e-04 -8.71464257e-04 -5.72843080e-05
1147             1.01478709e-01 -6.09007719e-02 -1.35317439e-02 1.00995833e-01 -6.00436627e-02 -1.34713929e-02 4.82875611e-04 -8.57109260e-04 -6.03509690e-05
1148             1.03815162e-01 -6.46959270e-02 -1.38202119e-02 1.03295483e-01 -6.38494015e-02 -1.37551081e-02 5.19679832e-04 -8.46525441e-04 -6.51038390e-05
1149             1.07041413e-01 -6.75559968e-02 -1.40723656e-02 1.06479994e-01 -6.67150686e-02 -1.40011418e-02 5.61418726e-04 -8.40928148e-04 -7.12237736e-05
1150             1.10673813e-01 -7.00828037e-02 -1.42905562e-02 1.10073235e-01 -6.92416950e-02 -1.42133068e-02 6.00578592e-04 -8.41108701e-04 -7.72493929e-05
1151             1.14500645e-01 -7.20907247e-02 -1.44768509e-02 1.13865973e-01 -7.12428971e-02 -1.43940737e-02 6.34671488e-04 -8.47827573e-04 -8.27771545e-05
1152             1.18426005e-01 -7.31886583e-02 -1.46107535e-02 1.17765337e-01 -7.23267878e-02 -1.45234274e-02 6.60667362e-04 -8.61870495e-04 -8.73261598e-05
1153             1.22313440e-01 -7.26203311e-02 -1.46964678e-02 1.21636414e-01 -7.17380076e-02 -1.46056805e-02 6.77025525e-04 -8.82323542e-04 -9.07872619e-05
1154             1.25795175e-01 -7.01769137e-02 -1.47524659e-02 1.25112947e-01 -6.92722442e-02 -1.46593663e-02 6.82228194e-04 -9.04669486e-04 -9.30996221e-05
1155             1.28059447e-01 -6.62591119e-02 -1.47574075e-02 1.27382935e-01 -6.53324159e-02 -1.46629538e-02 6.76511717e-04 -9.26695956e-04 -9.44536893e-05
1156             1.28939935e-01 -6.11979231e-02 -1.47006327e-02 1.28279069e-01 -6.02508635e-02 -1.46057943e-02 6.60866634e-04 -9.47059604e-04 -9.48384454e-05
1157             1.29306325e-01 -5.54239641e-02 -1.45546107e-02 1.28669101e-01 -5.44610922e-02 -1.44607441e-02 6.37224557e-04 -9.62871885e-04 -9.38665471e-05
1158             1.29850034e-01 -4.88932548e-02 -1.43278841e-02 1.29241182e-01 -4.79195362e-02 -1.42366873e-02 6.08852077e-04 -9.73718593e-04 -9.11967911e-05
1159             1.30609032e-01 -4.20150985e-02 -1.40745554e-02 1.30031153e-01 -4.10358451e-02 -1.39876219e-02 5.77878872e-04 -9.79253420e-04 -8.69335020e-05
1160             1.31234776e-01 -3.57010225e-02 -1.38734677e-02 1.30687116e-01 -3.47200742e-02 -1.37917954e-02 5.47660327e-04 -9.80948274e-04 -8.16722989e-05
1161             1.31457016e-01 -3.03188134e-02 -1.37656962e-02 1.30936673e-01 -2.93382338e-02 -1.36894734e-02 5.20342768e-04 -9.80579608e-04 -7.62228429e-05
1162             1.31409796e-01 -2.59740314e-02 -1.37735291e-02 1.30910734e-01 -2.49940393e-02 -1.37017963e-02 4.99061392e-04 -9.79992049e-04 -7.17328026e-05
1163             1.31748642e-01 -2.25331745e-02 -1.39164425e-02 1.31262290e-01 -2.15535843e-02 -1.38472514e-02 4.86351801e-04 -9.79590163e-04 -6.91911121e-05
1164             1.32603835e-01 -1.96755989e-02 -1.41894524e-02 1.32120350e-01 -1.86957581e-02 -1.41206810e-02 4.83484175e-04 -9.79840789e-04 -6.87714623e-05
1165             1.34048976e-01 -1.71409284e-02 -1.45615984e-02 1.33557631e-01 -1.61617880e-02 -1.44909699e-02 4.91345629e-04 -9.79140399e-04 -7.06284736e-05
1166             1.35176230e-01 -1.59433361e-02 -1.49728345e-02 1.34666799e-01 -1.49649103e-02 -1.48981885e-02 5.09430822e-04 -9.78425837e-04 -7.46459699e-05
1167             1.35316378e-01 -1.58961608e-02 -1.53285586e-02 1.34784276e-01 -1.49174808e-02 -1.52487695e-02 5.32102538e-04 -9.78680025e-04 -7.97891123e-05
1168             1.35106743e-01 -1.67725214e-02 -1.56302156e-02 1.34548823e-01 -1.57938931e-02 -1.55444734e-02 5.57919583e-04 -9.78628332e-04 -8.57422143e-05
1169             1.35014026e-01 -1.80479054e-02 -1.58258876e-02 1.34431920e-01 -1.70693825e-02 -1.57348537e-02 5.82106421e-04 -9.78522823e-04 -9.10338986e-05
1170             1.34800084e-01 -1.98915059e-02 -1.58629497e-02 1.34197868e-01 -1.89121874e-02 -1.57678154e-02 6.02216394e-04 -9.79318485e-04 -9.51343415e-05
1171             1.33907107e-01 -2.27553714e-02 -1.57397293e-02 1.33290869e-01 -2.17754412e-02 -1.56423567e-02 6.16237510e-04 -9.79930188e-04 -9.73725883e-05
1172             1.32109283e-01 -2.65981572e-02 -1.54841576e-02 1.31486989e-01 -2.56197649e-02 -1.53864312e-02 6.22293883e-04 -9.78392370e-04 -9.77263738e-05
1173             1.29334430e-01 -3.12579129e-02 -1.51288353e-02 1.28714441e-01 -3.02848622e-02 -1.50323885e-02 6.19989109e-04 -9.73050625e-04 -9.64468635e-05
1174             1.25710670e-01 -3.63890798e-02 -1.46972319e-02 1.25099666e-01 -3.54264889e-02 -1.46032228e-02 6.11003948e-04 -9.62590873e-04 -9.40091628e-05
1175             1.21539403e-01 -4.16319644e-02 -1.42348651e-02 1.20941740e-01 -4.06849788e-02 -1.41442411e-02 5.97663049e-04 -9.46985584e-04 -9.06239686e-05
1176             1.16774352e-01 -4.67722131e-02 -1.37572331e-02 1.16191778e-01 -4.58462040e-02 -1.36709282e-02 5.82574399e-04 -9.26009106e-04 -8.63048583e-05
1177             1.11393090e-01 -5.17859719e-02 -1.32998755e-02 1.10826428e-01 -5.08831931e-02 -1.32189382e-02 5.66661554e-04 -9.02778757e-04 -8.09373157e-05
1178             1.05995984e-01 -5.64579044e-02 -1.29251635e-02 1.05444986e-01 -5.55783316e-02 -1.28502679e-02 5.50997856e-04 -8.79572882e-04 -7.48956324e-05
1179             1.01630198e-01 -6.08413798e-02 -1.26881413e-02 1.01092319e-01 -5.99827722e-02 -1.26194951e-02 5.37879507e-04 -8.58607634e-04 -6.86461742e-05
1180             9.87012149e-02 -6.46146180e-02 -1.25796345e-02 9.81735415e-02 -6.37719572e-02 -1.25167853e-02 5.27673352e-04 -8.42660785e-04 -6.28492256e-05
1181             9.73498422e-02 -6.79452175e-02 -1.26045007e-02 9.68278175e-02 -6.71103149e-02 -1.25459169e-02 5.22024726e-04 -8.34902653e-04 -5.85838682e-05
1182             9.74740141e-02 -7.07819968e-02 -1.27678187e-02 9.69510404e-02 -6.99454716e-02 -1.27112267e-02 5.22973690e-04 -8.36525163e-04 -5.65920527e-05
1183             9.89821180e-02 -7.29514925e-02 -1.30513758e-02 9.84518576e-02 -7.21054567e-02 -1.29943721e-02 5.30260392e-04 -8.46035818e-04 -5.70036459e-05
1184             1.02125776e-01 -7.44151170e-02 -1.34386667e-02 1.01580152e-01 -7.35516284e-02 -1.33786341e-02 5.45623475e-04 -8.63488650e-04 -6.00325743e-05
1185             1.06828442e-01 -7.47636515e-02 -1.38803470e-02 1.06261634e-01 -7.38758783e-02 -1.38150619e-02 5.66808036e-04 -8.87773163e-04 -6.52850727e-05
1186             1.12574920e-01 -7.34605037e-02 -1.43538771e-02 1.11983870e-01 -7.25452877e-02 -1.42815688e-02 5.91050417e-04 -9.15215994e-04 -7.23083224e-05
1187             1.18724754e-01 -7.03282706e-02 -1.48531587e-02 1.18111656e-01 -6.93875955e-02 -1.47730911e-02 6.13097903e-04 -9.40675173e-04 -8.00676632e-05
1188             1.24910201e-01 -6.57405391e-02 -1.53443522e-02 1.24280612e-01 -6.47781421e-02 -1.52566735e-02 6.29589131e-04 -9.62396979e-04 -8.76786375e-05
1189             1.30720741e-01 -6.03136729e-02 -1.57528816e-02 1.30082433e-01 -5.93339389e-02 -1.56584447e-02 6.38307516e-04 -9.79733973e-04 -9.44368728e-05
1190             1.36378167e-01 -5.43769009e-02 -1.59973021e-02 1.35737850e-01 -5.33850160e-02 -1.58977157e-02 6.40317158e-04 -9.91884913e-04 -9.95863870e-05
1191             1.41591275e-01 -4.82920330e-02 -1.60545996e-02 1.40953723e-01 -4.72934927e-02 -1.59519740e-02 6.37551667e-04 -9.98540264e-04 -1.02625611e-04
1192             1.45696712e-01 -4.25333649e-02 -1.59370470e-02 1.45066703e-01 -4.15327211e-02 -1.58335044e-02 6.30009114e-04 -1.00064377e-03 -1.03542567e-04
1193             1.47793555e-01 -3.73904292e-02 -1.56560289e-02 1.47173686e-01 -3.63909128e-02 -1.55534275e-02 6.19868960e-04 -9.99516402e-04 -1.02601428e-04
1194             1.47542911e-01 -3.26578336e-02 -1.52434381e-02 1.46936370e-01 -3.16621507e-02 -1.51435725e-02 6.06541283e-04 -9.95682841e-04 -9.98656509e-05
1195             1.45700681e-01 -2.84852697e-02 -1.47544243e-02 1.45112374e-01 -2.74946308e-02 -1.46588221e-02 5.88306454e-04 -9.90638978e-04 -9.56022573e-05
1196             1.43052521e-01 -2.49860561e-02 -1.42668145e-02 1.42486228e-01 -2.39998834e-02 -1.41767851e-02 5.66292248e-04 -9.86172721e-04 -9.00294145e-05
1197             1.40087392e-01 -2.25143397e-02 -1.38810788e-02 1.39545247e-01 -2.15321929e-02 -1.37974261e-02 5.42145169e-04 -9.82146769e-04 -8.36527079e-05
1198             1.36916170e-01 -2.07011970e-02 -1.36391899e-02 1.36397770e-01 -1.97228867e-02 -1.35619981e-02 5.18399956e-04 -9.78310263e-04 -7.71918436e-05
1199             1.33034505e-01 -1.95374994e-02 -1.35519214e-02 1.32537674e-01 -1.85599919e-02 -1.34806073e-02 4.96830821e-04 -9.77507506e-04 -7.13141695e-05
1200             1.28961589e-01 -1.91095729e-02 -1.36123842e-02 1.28481273e-01 -1.81301621e-02 -1.35452776e-02 4.80315883e-04 -9.79410831e-04 -6.71065457e-05
1201             1.25543029e-01 -1.94940401e-02 -1.37796690e-02 1.25071690e-01 -1.85106233e-02 -1.37147993e-02 4.71338871e-04 -9.83416839e-04 -6.48697814e-05
1202             1.23135893e-01 -2.07030020e-02 -1.39978732e-02 1.22664566e-01 -1.97141237e-02 -1.39332135e-02 4.71326511e-04 -9.88878284e-04 -6.46596612e-05
1203             1.21779728e-01 -2.27781871e-02 -1.42091803e-02 1.21298061e-01 -2.17830561e-02 -1.41424420e-02 4.81667680e-04 -9.95131070e-04 -6.67382796e-05
1204             1.20502907e-01 -2.59495072e-02 -1.43424585e-02 1.20004098e-01 -2.49498478e-02 -1.42723986e-02 4.98808922e-04 -9.99659309e-04 -7.00598655e-05
1205             1.19278766e-01 -2.98879162e-02 -1.44310458e-02 1.18757840e-01 -2.88891647e-02 -1.43565675e-02 5.20926433e-04 -9.98751517e-04 -7.44783296e-05
1206             1.18538370e-01 -3.44606510e-02 -1.45305427e-02 1.17996400e-01 -3.34688965e-02 -1.44517478e-02 5.41969843e-04 -9.91754500e-04 -7.87949408e-05
1207             1.18745066e-01 -3.97612534e-02 -1.46633119e-02 1.18182487e-01 -3.87835721e-02 -1.45803081e-02 5.62579616e-04 -9.77681307e-04 -8.30037216e-05
1208             1.19184570e-01 -4.53988870e-02 -1.47736062e-02 1.18600899e-01 -4.44397025e-02 -1.46867794e-02 5.83671166e-04 -9.59184555e-04 -8.68267785e-05
1209             1.19159554e-01 -5.08490872e-02 -1.48208535e-02 1.18555522e-01 -4.99120471e-02 -1.47310406e-02 6.04032234e-04 -9.37040125e-04 -8.98129257e-05
1210             1.18082249e-01 -5.58792262e-02 -1.47867389e-02 1.17459317e-01 -5.49648604e-02 -1.46951624e-02 6.22931664e-04 -9.14365866e-04 -9.15765575e-05
1211             1.16016478e-01 -6.05422366e-02 -1.46592183e-02 1.15378241e-01 -5.96493118e-02 -1.45673050e-02 6.38236524e-04 -8.92924808e-04 -9.19132534e-05
1212             1.13428744e-01 -6.49764737e-02 -1.44317106e-02 1.12779843e-01 -6.41022488e-02 -1.43408931e-02 6.48901465e-04 -8.74224865e-04 -9.08175189e-05
1213             1.10506944e-01 -6.92195916e-02 -1.41054686e-02 1.09854659e-01 -6.83599619e-02 -1.40172522e-02 6.52284694e-04 -8.59629686e-04 -8.82163662e-05
1214             1.07536766e-01 -7.23376559e-02 -1.37142404e-02 1.06890410e-01 -7.14859867e-02 -1.36300453e-02 6.46356274e-04 -8.51669169e-04 -8.41950127e-05
1215             1.04675524e-01 -7.44696152e-02 -1.33211028e-02 1.04043761e-01 -7.36185458e-02 -1.32419926e-02 6.31763301e-04 -8.51069385e-04 -7.91102268e-05
1216             1.02631817e-01 -7.58984526e-02 -1.30340688e-02 1.02020800e-01 -7.50406855e-02 -1.29605416e-02 6.11016388e-04 -8.57767081e-04 -7.35272280e-05
1217             1.02246483e-01 -7.65153154e-02 -1.29216082e-02 1.01658936e-01 -7.56426640e-02 -1.28533998e-02 5.87546921e-04 -8.72651464e-04 -6.82084055e-05
1218             1.03692485e-01 -7.58939377e-02 -1.30119472e-02 1.03127123e-01 -7.49981843e-02 -1.29476762e-02 5.65361886e-04 -8.95753395e-04 -6.42710121e-05
1219             1.06824182e-01 -7.34239412e-02 -1.33265800e-02 1.06276544e-01 -7.25019813e-02 -1.32639057e-02 5.47638795e-04 -9.21959933e-04 -6.26742165e-05
1220             1.11189812e-01 -6.94134135e-02 -1.38181799e-02 1.10655141e-01 -6.84662715e-02 -1.37545405e-02 5.34671098e-04 -9.47141931e-04 -6.36394221e-05
1221             1.16376790e-01 -6.42995416e-02 -1.44040719e-02 1.15848962e-01 -6.33296891e-02 -1.43368543e-02 5.27827892e-04 -9.69852503e-04 -6.72175834e-05
1222             1.22192909e-01 -5.88241723e-02 -1.49673759e-02 1.21665717e-01 -5.78359831e-02 -1.48943231e-02 5.27191759e-04 -9.88189138e-04 -7.30528610e-05
1223             1.28481888e-01 -5.34819586e-02 -1.53885206e-02 1.27950472e-01 -5.24804660e-02 -1.53089560e-02 5.31415944e-04 -1.00149258e-03 -7.95645558e-05
1224             1.35122456e-01 -4.80536997e-02 -1.57015196e-02 1.34580707e-01 -4.70444691e-02 -1.56152515e-02 5.41749726e-04 -1.00923060e-03 -8.62681907e-05
1225             1.41436471e-01 -4.25388235e-02 -1.59021515e-02 1.40882427e-01 -4.15262208e-02 -1.58102246e-02 5.54043501e-04 -1.01260269e-03 -9.19268871e-05
1226             1.46542563e-01 -3.72094403e-02 -1.59804417e-02 1.45974264e-01 -3.61968138e-02 -1.58839755e-02 5.68299917e-04 -1.01262648e-03 -9.64662139e-05
1227             1.50177340e-01 -3.24960774e-02 -1.59383498e-02 1.49594879e-01 -3.14848533e-02 -1.58387795e-02 5.82461339e-04 -1.01122410e-03 -9.95702706e-05
1228             1.52739464e-01 -2.90369970e-02 -1.57997419e-02 1.52145308e-01 -2.80271646e-02 -1.56984628e-02 5.94156289e-04 -1.00983241e-03 -1.01279072e-04
1229             1.53902917e-01 -2.68922095e-02 -1.55810304e-02 1.53299804e-01 -2.58832128e-02 -1.54794003e-02 6.03113072e-04 -1.00899674e-03 -1.01630108e-04
1230             1.53380487e-01 -2.50575355e-02 -1.52747704e-02 1.52772555e-01 -2.40500712e-02 -1.51741610e-02 6.07932044e-04 -1.00746427e-03 -1.00609398e-04
1231             1.50627027e-01 -2.33672855e-02 -1.49056013e-02 1.50019930e-01 -2.23626615e-02 -1.48075013e-02 6.07097002e-04 -1.00462399e-03 -9.80999442e-05
1232             1.45341828e-01 -2.20136026e-02 -1.44678973e-02 1.44743838e-01 -2.10119190e-02 -1.43739135e-02 5.97990723e-04 -1.00168361e-03 -9.39837820e-05
1233             1.38193914e-01 -2.16359861e-02 -1.39803179e-02 1.37614576e-01 -2.06380386e-02 -1.38920305e-02 5.79338714e-04 -9.97947443e-04 -8.82874355e-05
1234             1.30618855e-01 -2.22491932e-02 -1.34988133e-02 1.30064638e-01 -2.12543564e-02 -1.34174341e-02 5.54217495e-04 -9.94836831e-04 -8.13792100e-05
1235             1.23350277e-01 -2.34803936e-02 -1.30731655e-02 1.22825221e-01 -2.24876954e-02 -1.29993074e-02 5.25056223e-04 -9.92698205e-04 -7.38581013e-05
1236             1.16646025e-01 -2.54209537e-02 -1.27495674e-02 1.16149787e-01 -2.44295293e-02 -1.26831495e-02 4.96237505e-04 -9.91424358e-04 -6.64179491e-05
1237             1.10945714e-01 -2.83420595e-02 -1.25844650e-02 1.10473103e-01 -2.73520861e-02 -1.25242376e-02 4.72610394e-04 -9.89973382e-04 -6.02274110e-05
1238             1.06747774e-01 -3.24531704e-02 -1.26138863e-02 1.06289355e-01 -3.14673395e-02 -1.25574959e-02 4.58419155e-04 -9.85830962e-04 -5.63903462e-05
1239             1.04373695e-01 -3.77070093e-02 -1.28401523e-02 1.03917822e-01 -3.67284646e-02 -1.27847760e-02 4.55872976e-04 -9.78544757e-04 -5.53763131e-05
1240             1.03938664e-01 -4.35642068e-02 -1.32273654e-02 1.03471475e-01 -4.25966276e-02 -1.31697631e-02 4.67189743e-04 -9.67579141e-04 -5.76022646e-05
1241             1.04756316e-01 -4.91337250e-02 -1.36923450e-02 1.04264143e-01 -4.81800709e-02 -1.36298284e-02 4.92173601e-04 -9.53654102e-04 -6.25166133e-05
1242             1.05860240e-01 -5.43346898e-02 -1.41516044e-02 1.05331930e-01 -5.33967584e-02 -1.40823354e-02 5.28310448e-04 -9.37931345e-04 -6.92689378e-05
1243             1.06840187e-01 -5.90964945e-02 -1.45861930e-02 1.06270513e-01 -5.81752244e-02 -1.45095742e-02 5.69673792e-04 -9.21270060e-04 -7.66187995e-05
1244             1.08080782e-01 -6.39924936e-02 -1.49619527e-02 1.07470288e-01 -6.30870795e-02 -1.48786375e-02 6.10493706e-04 -9.05414144e-04 -8.33152616e-05
1245             1.09747504e-01 -6.85058315e-02 -1.52370568e-02 1.09100372e-01 -6.76137400e-02 -1.51482483e-02 6.47132280e-04 -8.92091469e-04 -8.88084584e-05
1246             1.11553760e-01 -7.24013631e-02 -1.53766790e-02 1.10877891e-01 -7.15179797e-02 -1.52838611e-02 6.75868891e-04 -8.83383408e-04 -9.28179037e-05
1247             1.13280709e-01 -7.51860030e-02 -1.53820281e-02 1.12585178e-01 -7.43053049e-02 -1.52867077e-02 6.95530468e-04 -8.80698070e-04 -9.53204317e-05
1248             1.14648777e-01 -7.71020492e-02 -1.52722788e-02 1.13942813e-01 -7.62185022e-02 -1.51758091e-02 7.05964188e-04 -8.83547031e-04 -9.64697164e-05
1249             1.15749957e-01 -7.84182793e-02 -1.50639637e-02 1.15041885e-01 -7.75260992e-02 -1.49675582e-02 7.08072031e-04 -8.92180049e-04 -9.64054771e-05
1250             1.16909622e-01 -7.87076093e-02 -1.48064617e-02 1.16208565e-01 -7.78015501e-02 -1.47114613e-02 7.01057134e-04 -9.06059233e-04 -9.50003573e-05
1251             1.18115938e-01 -7.72960311e-02 -1.45439529e-02 1.17431792e-01 -7.63731454e-02 -1.44515275e-02 6.84145849e-04 -9.22885676e-04 -9.24253620e-05
1252             1.19209890e-01 -7.39071821e-02 -1.43124175e-02 1.18553738e-01 -7.29685011e-02 -1.42237457e-02 6.56152355e-04 -9.38680942e-04 -8.86717748e-05
1253             1.20049083e-01 -6.91866785e-02 -1.41484358e-02 1.19431156e-01 -6.82343335e-02 -1.40641904e-02 6.17926650e-04 -9.52345056e-04 -8.42454372e-05
1254             1.20649061e-01 -6.41374977e-02 -1.40573721e-02 1.20076985e-01 -6.31733449e-02 -1.39778112e-02 5.72076233e-04 -9.64152814e-04 -7.95608536e-05
1255             1.21833310e-01 -5.90475431e-02 -1.40264569e-02 1.21309260e-01 -5.80723203e-02 -1.39514653e-02 5.24050392e-04 -9.75222847e-04 -7.49915216e-05
1256             1.24131280e-01 -5.36576282e-02 -1.40575266e-02 1.23648283e-01 -5.26717010e-02 -1.39861682e-02 4.82997265e-04 -9.85927219e-04 -7.13583214e-05
1257             1.27480969e-01 -4.78690413e-02 -1.41574910e-02 1.27027191e-01 -4.68739139e-02 -1.40882937e-02 4.53778056e-04 -9.95127363e-04 -6.91972981e-05
1258             1.31450538e-01 -4.20570559e-02 -1.43237735e-02 1.31010508e-01 -4.10529982e-02 -1.42549316e-02 4.40029761e-04 -1.00405768e-03 -6.88418918e-05
1259             1.35472486e-01 -3.67846687e-02 -1.45277291e-02 1.35027311e-01 -3.57724583e-02 -1.44567587e-02 4.45174204e-04 -1.01221035e-03 -7.09703368e-05
1260             1.39275424e-01 -3.30232820e-02 -1.47122436e-02 1.38811502e-01 -3.20031721e-02 -1.46374049e-02 4.63922638e-04 -1.02010986e-03 -7.48387063e-05
1261             1.43003838e-01 -3.02864567e-02 -1.48755643e-02 1.42509829e-01 -2.92595317e-02 -1.47952822e-02 4.94009127e-04 -1.02692496e-03 -8.02820682e-05
1262             1.46308983e-01 -2.79854197e-02 -1.50341475e-02 1.45781490e-01 -2.69536013e-02 -1.49484864e-02 5.27493225e-04 -1.03181843e-03 -8.56611185e-05
1263             1.48804463e-01 -2.54914921e-02 -1.51861930e-02 1.48244454e-01 -2.44586308e-02 -1.50958203e-02 5.60009002e-04 -1.03286135e-03 -9.03726839e-05
1264             1.49192969e-01 -2.34363038e-02 -1.52693267e-02 1.48605243e-01 -2.24046071e-02 -1.51754474e-02 5.87726325e-04 -1.03169666e-03 -9.38793704e-05
1265             1.47170734e-01 -2.25818447e-02 -1.52291621e-02 1.46564039e-01 -2.15529913e-02 -1.51332858e-02 6.06694541e-04 -1.02885341e-03 -9.58762165e-05
1266             1.43403057e-01 -2.28138528e-02 -1.50485299e-02 1.42787074e-01 -2.17894912e-02 -1.49523278e-02 6.15982996e-04 -1.02436160e-03 -9.62021647e-05
1267             1.38261381e-01 -2.38767946e-02 -1.47241983e-02 1.37644434e-01 -2.28578694e-02 -1.46293400e-02 6.16947579e-04 -1.01892521e-03 -9.48583062e-05
1268             1.32122549e-01 -2.54896853e-02 -1.42760717e-02 1.31511836e-01 -2.44767545e-02 -1.41840404e-02 6.10712843e-04 -1.01293088e-03 -9.20312365e-05
1269             1.25117159e-01 -2.80234927e-02 -1.37540292e-02 1.24518353e-01 -2.70188781e-02 -1.36663271e-02 5.98805553e-04 -1.00461465e-03 -8.77021498e-05
1270             1.17868549e-01 -3.17394962e-02 -1.32271820e-02 1.17287082e-01 -3.07463255e-02 -1.31450124e-02 5.81466867e-04 -9.93170740e-04 -8.21695988e-05
1271             1.11041959e-01 -3.64810025e-02 -1.27808127e-02 1.10482229e-01 -3.55017555e-02 -1.27049387e-02 5.59730638e-04 -9.79247021e-04 -7.58740121e-05
1272             1.05438795e-01 -4.18629615e-02 -1.25195931e-02 1.04901832e-01 -4.09003218e-02 -1.24499690e-02 5.36962846e-04 -9.62639652e-04 -6.96241170e-05
1273             1.01204022e-01 -4.72764724e-02 -1.24661942e-02 1.00687266e-01 -4.63305639e-02 -1.24019938e-02 5.16755130e-04 -9.45908449e-04 -6.42004892e-05
1274             9.78980001e-02 -5.22052623e-02 -1.25995195e-02 9.73946716e-02 -5.12752571e-02 -1.25392063e-02 5.03328562e-04 -9.30005241e-04 -6.03132278e-05
1275             9.52797864e-02 -5.71003720e-02 -1.29075600e-02 9.47796144e-02 -5.61831349e-02 -1.28489956e-02 5.00171967e-04 -9.17237135e-04 -5.85643966e-05
1276             9.37114088e-02 -6.20847438e-02 -1.33527932e-02 9.32048650e-02 -6.11770673e-02 -1.32938608e-02 5.06543740e-04 -9.07676508e-04 -5.89324022e-05
1277             9.37442092e-02 -6.69138770e-02 -1.38708912e-02 9.32203470e-02 -6.60129196e-02 -1.38093651e-02 5.23862254e-04 -9.00957444e-04 -6.15261362e-05
1278             9.53609784e-02 -7.10753768e-02 -1.43896356e-02 9.48099784e-02 -7.01778914e-02 -1.43232484e-02 5.50999959e-04 -8.97485393e-04 -6.63872348e-05
1279             9.83874464e-02 -7.42958098e-02 -1.48258937e-02 9.78051717e-02 -7.33974129e-02 -1.47533974e-02 5.82274693e-04 -8.98396954e-04 -7.24963845e-05
1280             1.02570915e-01 -7.65831180e-02 -1.52170330e-02 1.01954521e-01 -7.56806120e-02 -1.51373046e-02 6.16393551e-04 -9.02505997e-04 -7.97283817e-05
1281             1.07677873e-01 -7.81519702e-02 -1.55636786e-02 1.07030564e-01 -7.72422131e-02 -1.54770024e-02 6.47309703e-04 -9.09757108e-04 -8.66762338e-05
1282             1.13690148e-01 -7.89878787e-02 -1.58522193e-02 1.13015992e-01 -7.80674844e-02 -1.57592156e-02 6.74155317e-04 -9.20394273e-04 -9.30036714e-05
1283             1.20284446e-01 -7.86685034e-02 -1.60597312e-02 1.19591779e-01 -7.77343801e-02 -1.59616303e-02 6.92667676e-04 -9.34123308e-04 -9.81009039e-05
1284             1.26584033e-01 -7.66090930e-02 -1.61865341e-02 1.25884256e-01 -7.56603738e-02 -1.60847774e-02 6.99776587e-04 -9.48719198e-04 -1.01756778e-04
1285             1.31551772e-01 -7.32335349e-02 -1.62022686e-02 1.30858347e-01 -7.22730404e-02 -1.60983564e-02 6.93424306e-04 -9.60494491e-04 -1.03912191e-04
1286             1.34677173e-01 -6.92536364e-02 -1.60602624e-02 1.34003828e-01 -6.82827247e-02 -1.59558349e-02 6.73345296e-04 -9.70911719e-04 -1.04427482e-04
1287             1.36110664e-01 -6.49151596e-02 -1.57618972e-02 1.35470267e-01 -6.39354665e-02 -1.56586947e-02 6.40396807e-04 -9.79693107e-04 -1.03202463e-04
1288             1.36458795e-01 -5.99701631e-02 -1.52889576e-02 1.35859573e-01 -5.89838173e-02 -1.51890790e-02 5.99221220e-04 -9.86345848e-04 -9.98785711e-05
1289             1.36294339e-01 -5.42256731e-02 -1.47013222e-02 1.35740619e-01 -5.32341495e-02 -1.46070206e-02 5.53720342e-04 -9.91523612e-04 -9.43016815e-05
1290             1.36044708e-01 -4.80549725e-02 -1.41045736e-02 1.35535800e-01 -4.70584557e-02 -1.40174004e-02 5.08907481e-04 -9.96516771e-04 -8.71732449e-05
1291             1.35646112e-01 -4.26925966e-02 -1.36070270e-02 1.35176219e-01 -4.16910941e-02 -1.35275941e-02 4.69892257e-04 -1.00150253e-03 -7.94329033e-05
1292             1.35068191e-01 -3.81798011e-02 -1.32513196e-02 1.34628302e-01 -3.71718930e-02 -1.31792723e-02 4.39889150e-04 -1.00790801e-03 -7.20473056e-05
1293             1.34825233e-01 -3.43925927e-02 -1.30666308e-02 1.34404304e-01 -3.33759972e-02 -1.30004185e-02 4.20929777e-04 -1.01659550e-03 -6.62123086e-05
1294             1.35045037e-01 -3.10543626e-02 -1.30662594e-02 1.34629687e-01 -3.00279101e-02 -1.30034643e-02 4.15349180e-04 -1.02645249e-03 -6.27951311e-05
1295             1.35491676e-01 -2.80492395e-02 -1.32247519e-02 1.35070143e-01 -2.70138893e-02 -1.31630573e-02 4.21533655e-04 -1.03535019e-03 -6.16945972e-05
1296             1.35634194e-01 -2.55153271e-02 -1.34944799e-02 1.35195238e-01 -2.44742875e-02 -1.34314781e-02 4.38956044e-04 -1.04103957e-03 -6.30018345e-05
1297             1.34654401e-01 -2.38020845e-02 -1.38038669e-02 1.34190466e-01 -2.27574361e-02 -1.37375703e-02 4.63935377e-04 -1.04464841e-03 -6.62966304e-05
1298             1.32474804e-01 -2.32625190e-02 -1.40651164e-02 1.31982577e-01 -2.22177862e-02 -1.39941476e-02 4.92226960e-04 -1.04473272e-03 -7.09687836e-05
1299             1.30077922e-01 -2.36118778e-02 -1.42845508e-02 1.29555769e-01 -2.25712562e-02 -1.42083195e-02 5.22153425e-04 -1.04062168e-03 -7.62312401e-05
1300             1.27658119e-01 -2.46964125e-02 -1.44303261e-02 1.27108211e-01 -2.36625156e-02 -1.43493117e-02 5.49908648e-04 -1.03389692e-03 -8.10144059e-05
1301             1.25445886e-01 -2.68745200e-02 -1.44972495e-02 1.24871058e-01 -2.58489938e-02 -1.44123541e-02 5.74828223e-04 -1.02552619e-03 -8.48954358e-05
1302             1.23141937e-01 -3.04104604e-02 -1.44975323e-02 1.22545936e-01 -2.93949385e-02 -1.44099767e-02 5.96001844e-04 -1.01552187e-03 -8.75556149e-05
1303             1.20802396e-01 -3.49722120e-02 -1.44515336e-02 1.20190531e-01 -3.39689647e-02 -1.43625070e-02 6.11865540e-04 -1.00324726e-03 -8.90265786e-05
1304             1.18330016e-01 -4.01740160e-02 -1.43832053e-02 1.17708010e-01 -3.91852136e-02 -1.42936168e-02 6.22005730e-04 -9.88802385e-04 -8.95884477e-05
1305             1.15443375e-01 -4.56453197e-02 -1.42720802e-02 1.14816136e-01 -4.46731004e-02 -1.41825360e-02 6.27238688e-04 -9.72219269e-04 -8.95441541e-05
1306             1.11800653e-01 -5.10272481e-02 -1.41258266e-02 1.11173986e-01 -5.00723599e-02 -1.40373437e-02 6.26666310e-04 -9.54888289e-04 -8.84828519e-05
1307             1.07254483e-01 -5.64333710e-02 -1.39432413e-02 1.06633492e-01 -5.54959351e-02 -1.38569326e-02 6.20990926e-04 -9.37435833e-04 -8.63086456e-05
1308             1.01886883e-01 -6.13636657e-02 -1.37495685e-02 1.01277131e-01 -6.04417227e-02 -1.36668273e-02 6.09752263e-04 -9.21943005e-04 -8.27412110e-05
1309             9.67865689e-02 -6.58769429e-02 -1.36098440e-02 9.61922129e-02 -6.49684476e-02 -1.35316577e-02 5.94355973e-04 -9.08495373e-04 -7.81863125e-05
1310             9.31484159e-02 -6.99303329e-02 -1.35674205e-02 9.25702645e-02 -6.90319609e-02 -1.34941139e-02 5.78151406e-04 -8.98372056e-04 -7.33065600e-05
1311             9.14325944e-02 -7.33600015e-02 -1.36283410e-02 9.08698153e-02 -7.24669450e-02 -1.35594485e-02 5.62779102e-04 -8.93056485e-04 -6.88925229e-05
1312             9.17134484e-02 -7.58106901e-02 -1.38081688e-02 9.11612552e-02 -7.49164567e-02 -1.37421028e-02 5.52193267e-04 -8.94233321e-04 -6.60660776e-05
1313             9.38675739e-02 -7.73878994e-02 -1.41100551e-02 9.33188126e-02 -7.64873140e-02 -1.40445388e-02 5.48761237e-04 -9.00585435e-04 -6.55163255e-05
1314             9.80679979e-02 -7.85188872e-02 -1.45162771e-02 9.75153406e-02 -7.76074110e-02 -1.44490898e-02 5.52657274e-04 -9.11476232e-04 -6.71873568e-05
1315             1.04251059e-01 -7.88101051e-02 -1.49760709e-02 1.03686138e-01 -7.78839327e-02 -1.49047139e-02 5.64921031e-04 -9.26172397e-04 -7.13570319e-05
1316             1.11448663e-01 -7.79423768e-02 -1.54151558e-02 1.10868865e-01 -7.69989514e-02 -1.53380496e-02 5.79797868e-04 -9.43425424e-04 -7.71062047e-05
1317             1.18765499e-01 -7.59160299e-02 -1.58009458e-02 1.18171132e-01 -7.49565709e-02 -1.57168442e-02 5.94366476e-04 -9.59458995e-04 -8.41015680e-05
1318             1.25469605e-01 -7.27377424e-02 -1.61086040e-02 1.24868654e-01 -7.17651615e-02 -1.60178304e-02 6.00950639e-04 -9.72580891e-04 -9.07735259e-05
1319             1.31359587e-01 -6.86452549e-02 -1.63224037e-02 1.30761173e-01 -6.76614039e-02 -1.62259454e-02 5.98413404e-04 -9.83850979e-04 -9.64582462e-05
1320             1.36553395e-01 -6.38791796e-02 -1.63752538e-02 1.35965447e-01 -6.28853156e-02 -1.62746064e-02 5.87948013e-04 -9.93864027e-04 -1.00647432e-04
1321             1.41353742e-01 -5.86259705e-02 -1.62303641e-02 1.40779870e-01 -5.76225566e-02 -1.61275285e-02 5.73871691e-04 -1.00341385e-03 -1.02835602e-04
1322             1.45597540e-01 -5.33463408e-02 -1.59142412e-02 1.45038509e-01 -5.23346163e-02 -1.58113054e-02 5.59031803e-04 -1.01172449e-03 -1.02935823e-04
1323             1.48617154e-01 -4.83730592e-02 -1.54619182e-02 1.48071290e-01 -4.73530512e-02 -1.53606839e-02 5.45864793e-04 -1.02000805e-03 -1.01234303e-04
1324             1.49687527e-01 -4.35849294e-02 -1.49111925e-02 1.49151856e-01 -4.25577079e-02 -1.48130612e-02 5.35671125e-04 -1.02722142e-03 -9.81313057e-05
1325             1.48797763e-01 -3.90910465e-02 -1.42963072e-02 1.48271186e-01 -3.80583790e-02 -1.42025753e-02 5.26577874e-04 -1.03266753e-03 -9.37319971e-05
1326             1.46541465e-01 -3.50575712e-02 -1.36611654e-02 1.46025974e-01 -3.40203914e-02 -1.35730395e-02 5.15491209e-04 -1.03717984e-03 -8.81259104e-05
1327             1.42900592e-01 -3.16060802e-02 -1.30720324e-02 1.42398648e-01 -3.05659106e-02 -1.29905269e-02 5.01944187e-04 -1.04016959e-03 -8.15054982e-05
1328             1.38362653e-01 -2.85816346e-02 -1.26122022e-02 1.37876687e-01 -2.75417436e-02 -1.25379380e-02 4.85965667e-04 -1.03989108e-03 -7.42642287e-05
1329             1.32755860e-01 -2.59468060e-02 -1.23224424e-02 1.32287168e-01 -2.49091354e-02 -1.22554532e-02 4.68692477e-04 -1.03767063e-03 -6.69891123e-05
1330             1.26271802e-01 -2.41969837e-02 -1.22036446e-02 1.25819228e-01 -2.31624103e-02 -1.21429262e-02 4.52573845e-04 -1.03457347e-03 -6.07184443e-05
1331             1.19954641e-01 -2.35969562e-02 -1.22679694e-02 1.19512436e-01 -2.25660682e-02 -1.22114232e-02 4.42205426e-04 -1.03088798e-03 -5.65461329e-05
1332             1.14794108e-01 -2.43791842e-02 -1.24877147e-02 1.14353004e-01 -2.33526694e-02 -1.24329932e-02 4.41103824e-04 -1.02651483e-03 -5.47215303e-05
1333             1.11197635e-01 -2.63704919e-02 -1.28128037e-02 1.10746025e-01 -2.53476464e-02 -1.27572172e-02 4.51610791e-04 -1.02284555e-03 -5.55864725e-05
1334             1.08972240e-01 -2.94771021e-02 -1.31957067e-02 1.08497112e-01 -2.84577175e-02 -1.31365120e-02 4.75128209e-04 -1.01938467e-03 -5.91946667e-05
1335             1.07773421e-01 -3.34685469e-02 -1.35699806e-02 1.07267795e-01 -3.24539242e-02 -1.35055809e-02 5.05626339e-04 -1.01462266e-03 -6.43997539e-05
1336             1.07466156e-01 -3.80818779e-02 -1.39742209e-02 1.06924748e-01 -3.70748542e-02 -1.39031736e-02 5.41407418e-04 -1.00702369e-03 -7.10473639e-05
1337             1.07941952e-01 -4.32846685e-02 -1.44165522e-02 1.07366542e-01 -4.22883358e-02 -1.43387322e-02 5.75410070e-04 -9.96332669e-04 -7.78199854e-05
1338             1.08847214e-01 -4.91101070e-02 -1.48498893e-02 1.08240617e-01 -4.81262093e-02 -1.47653512e-02 6.06597150e-04 -9.83897674e-04 -8.45380856e-05
1339             1.09471788e-01 -5.46559023e-02 -1.52175603e-02 1.08838740e-01 -5.36856709e-02 -1.51272018e-02 6.33048004e-04 -9.70231481e-04 -9.03584979e-05
1340             1.09205566e-01 -5.99747701e-02 -1.54833997e-02 1.08551064e-01 -5.90179458e-02 -1.53885693e-02 6.54501541e-04 -9.56824219e-04 -9.48303972e-05
1341             1.08113702e-01 -6.48191668e-02 -1.56305279e-02 1.07443642e-01 -6.38749224e-02 -1.55328157e-02 6.70060373e-04 -9.44244453e-04 -9.77122085e-05
1342             1.06770392e-01 -6.93487764e-02 -1.56439189e-02 1.06090255e-01 -6.84163782e-02 -1.55449809e-02 6.80137330e-04 -9.32398129e-04 -9.89379368e-05
1343             1.05452784e-01 -7.33079235e-02 -1.55347160e-02 1.04768555e-01 -7.23858124e-02 -1.54361131e-02 6.84228705e-04 -9.22111086e-04 -9.86028389e-05
1344             1.04280216e-01 -7.63557558e-02 -1.53035527e-02 1.03599466e-01 -7.54418705e-02 -1.52068398e-02 6.80749818e-04 -9.13885328e-04 -9.67129005e-05
1345             1.03425943e-01 -7.83345475e-02 -1.49968058e-02 1.02757410e-01 -7.74263357e-02 -1.49034816e-02 6.68533406e-04 -9.08211798e-04 -9.33241892e-05
1346             1.03133748e-01 -7.93514406e-02 -1.46798332e-02 1.02485502e-01 -7.84455730e-02 -1.45910602e-02 6.48245281e-04 -9.05867599e-04 -8.87730137e-05
1347             1.03818047e-01 -7.98633007e-02 -1.44333411e-02 1.03196703e-01 -7.89552271e-02 -1.43498470e-02 6.21343760e-04 -9.08073610e-04 -8.34940789e-05
1348             1.05742232e-01 -8.00344826e-02 -1.42904045e-02 1.05152789e-01 -7.91187896e-02 -1.42122732e-02 5.89443228e-04 -9.15693003e-04 -7.81313168e-05
1349             1.08591571e-01 -7.89793924e-02 -1.42871293e-02 1.08036728e-01 -7.80499801e-02 -1.42134263e-02 5.54843455e-04 -9.29412300e-04 -7.37029339e-05
1350             1.11975938e-01 -7.64063093e-02 -1.44127212e-02 1.11454497e-01 -7.54611084e-02 -1.43415554e-02 5.21440726e-04 -9.45200980e-04 -7.11657764e-05
1351             1.15714357e-01 -7.25661432e-02 -1.46222280e-02 1.15223528e-01 -7.16036094e-02 -1.45516037e-02 4.90829532e-04 -9.62533805e-04 -7.06243226e-05
1352             1.20009939e-01 -6.79123924e-02 -1.48697524e-02 1.19543913e-01 -6.69312767e-02 -1.47975070e-02 4.66026342e-04 -9.81115658e-04 -7.22454810e-05
1353             1.25208919e-01 -6.29605771e-02 -1.50724080e-02 1.24756935e-01 -6.19606474e-02 -1.49967405e-02 4.51983390e-04 -9.99929637e-04 -7.56675474e-05
1354             1.31016387e-01 -5.82001734e-02 -1.51626242e-02 1.30566954e-01 -5.71821059e-02 -1.50827695e-02 4.49432273e-04 -1.01806757e-03 -7.98546468e-05
1355             1.37269058e-01 -5.31161060e-02 -1.51851977e-02 1.36810700e-01 -5.20828594e-02 -1.51008371e-02 4.58357517e-04 -1.03324663e-03 -8.43605637e-05
1356             1.43050973e-01 -4.78437592e-02 -1.51403333e-02 1.42575643e-01 -4.67982261e-02 -1.50520698e-02 4.75329978e-04 -1.04553308e-03 -8.82635197e-05
1357             1.47497541e-01 -4.25732678e-02 -1.50251039e-02 1.47000233e-01 -4.15187200e-02 -1.49338548e-02 4.97308320e-04 -1.05454781e-03 -9.12490927e-05
1358             1.50237083e-01 -3.78758863e-02 -1.48314831e-02 1.49717531e-01 -3.68146340e-02 -1.47384490e-02 5.19552284e-04 -1.06125233e-03 -9.30340763e-05
1359             1.51294048e-01 -3.42368789e-02 -1.45703399e-02 1.50755091e-01 -3.31717733e-02 -1.44768097e-02 5.38957812e-04 -1.06510565e-03 -9.35301968e-05
1360             1.50415487e-01 -3.12303804e-02 -1.42543891e-02 1.49861730e-01 -3.01648697e-02 -1.41616733e-02 5.53757010e-04 -1.06551068e-03 -9.27158623e-05
1361             1.47141519e-01 -2.84975363e-02 -1.38680262e-02 1.46578303e-01 -2.74367373e-02 -1.37773169e-02 5.63216021e-04 -1.06079897e-03 -9.07093263e-05
1362             1.41063154e-01 -2.62055230e-02 -1.34569490e-02 1.40498307e-01 -2.51531601e-02 -1.33696942e-02 5.64846998e-04 -1.05236293e-03 -8.72548651e-05
1363             1.32840280e-01 -2.50689843e-02 -1.30359086e-02 1.32281845e-01 -2.40286744e-02 -1.29531837e-02 5.58434878e-04 -1.04030995e-03 -8.27249651e-05
1364             1.24049568e-01 -2.53517139e-02 -1.26418980e-02 1.23503982e-01 -2.43249983e-02 -1.25647380e-02 5.45585964e-04 -1.02671557e-03 -7.71599927e-05
1365             1.15617583e-01 -2.68355232e-02 -1.23282409e-02 1.15088228e-01 -2.58216336e-02 -1.22571254e-02 5.29355081e-04 -1.01388959e-03 -7.11154941e-05
1366             1.08296131e-01 -2.90794560e-02 -1.21475099e-02 1.07783238e-01 -2.80753841e-02 -1.20823316e-02 5.12892698e-04 -1.00407184e-03 -6.51782282e-05
1367             1.02208712e-01 -3.22207276e-02 -1.21311750e-02 1.01709830e-01 -3.12233969e-02 -1.20711853e-02 4.98882078e-04 -9.97330705e-04 -5.99896309e-05
1368             9.75880985e-02 -3.60447699e-02 -1.23057065e-02 9.70984543e-02 -3.50520325e-02 -1.22491599e-02 4.89644210e-04 -9.92737448e-04 -5.65466548e-05
1369             9.45545342e-02 -4.08187307e-02 -1.26802870e-02 9.40676230e-02 -3.98294936e-02 -1.26246921e-02 4.86911209e-04 -9.89237112e-04 -5.55949296e-05
1370             9.32508501e-02 -4.65269966e-02 -1.32405779e-02 9.27587896e-02 -4.55414846e-02 -1.31832050e-02 4.92060502e-04 -9.85511920e-04 -5.73729921e-05
1371             9.34175023e-02 -5.22693203e-02 -1.39079697e-02 9.29097771e-02 -5.12879519e-02 -1.38458140e-02 5.07725223e-04 -9.81368409e-04 -6.21557013e-05
1372             9.43684159e-02 -5.75360417e-02 -1.45793711e-02 9.38362219e-02 -5.65602628e-02 -1.45103983e-02 5.32193998e-04 -9.75778916e-04 -6.89727800e-05
1373             9.56554791e-02 -6.24511027e-02 -1.52020250e-02 9.50899175e-02 -6.14817423e-02 -1.51247205e-02 5.65561603e-04 -9.69360352e-04 -7.73044956e-05
1374             9.76158315e-02 -6.70208458e-02 -1.57633302e-02 9.70156749e-02 -6.60599373e-02 -1.56778761e-02 6.00156636e-04 -9.60908477e-04 -8.54541297e-05
1375             1.00722587e-01 -7.13121245e-02 -1.62585514e-02 1.00088075e-01 -7.03609695e-02 -1.61657809e-02 6.34512714e-04 -9.51154987e-04 -9.27705084e-05
1376             1.04727280e-01 -7.49614334e-02 -1.66226458e-02 1.04062510e-01 -7.40206168e-02 -1.65238209e-02 6.64769790e-04 -9.40816604e-04 -9.88249173e-05
1377             1.09082960e-01 -7.75605220e-02 -1.68030347e-02 1.08395392e-01 -7.66286606e-02 -1.66997662e-02 6.87568292e-04 -9.31861384e-04 -1.03268443e-04
1378             1.13023837e-01 -7.93086301e-02 -1.67909310e-02 1.12323768e-01 -7.83837241e-02 -1.66849889e-02 7.00068379e-04 -9.24906010e-04 -1.05942149e-04
1379             1.16364326e-01 -8.08392029e-02 -1.66029473e-02 1.15663224e-01 -7.99183959e-02 -1.64962163e-02 7.01101556e-04 -9.20807026e-04 -1.06730955e-04
1380             1.19123396e-01 -8.21556857e-02 -1.62636534e-02 1.18433105e-01 -8.12340006e-02 -1.61579976e-02 6.90290687e-04 -9.21685069e-04 -1.05655762e-04
1381             1.21003647e-01 -8.24738836e-02 -1.58112880e-02 1.20337089e-01 -8.15465125e-02 -1.57085518e-02 6.66558210e-04 -9.27371089e-04 -1.02736126e-04
1382             1.21768584e-01 -8.08957443e-02 -1.52942275e-02 1.21139047e-01 -7.99593280e-02 -1.51961263e-02 6.29537681e-04 -9.36416343e-04 -9.81012509e-05
1383             1.21611376e-01 -7.74569782e-02 -1.47597531e-02 1.21031517e-01 -7.65100327e-02 -1.46676939e-02 5.79858541e-04 -9.46945508e-04 -9.20592324e-05
1384             1.21280367e-01 -7.28939290e-02 -1.42808661e-02 1.20757667e-01 -7.19337893e-02 -1.41957121e-02 5.22700085e-04 -9.60139663e-04 -8.51540242e-05
1385             1.21349483e-01 -6.84106983e-02 -1.38872966e-02 1.20886046e-01 -6.74343629e-02 -1.38092269e-02 4.63436418e-04 -9.76335399e-04 -7.80697131e-05
1386             1.22536262e-01 -6.37820057e-02 -1.35768589e-02 1.22125065e-01 -6.27863689e-02 -1.35053949e-02 4.11196384e-04 -9.95636809e-04 -7.14640500e-05
1387             1.24986648e-01 -5.85431329e-02 -1.33834011e-02 1.24613228e-01 -5.75272332e-02 -1.33171682e-02 3.73420212e-04 -1.01589965e-03 -6.62328379e-05
1388             1.28341969e-01 -5.26105837e-02 -1.33141184e-02 1.27989060e-01 -5.15748336e-02 -1.32512387e-02 3.52909413e-04 -1.03575011e-03 -6.28797429e-05
1389             1.31647180e-01 -4.67097009e-02 -1.33364293e-02 1.31295358e-01 -4.56566418e-02 -1.32745630e-02 3.51822161e-04 -1.05305910e-03 -6.18662581e-05
1390             1.34521894e-01 -4.14715389e-02 -1.34157148e-02 1.34152347e-01 -4.04046971e-02 -1.33522479e-02 3.69547255e-04 -1.06684175e-03 -6.34668758e-05
1391             1.36932433e-01 -3.71167406e-02 -1.34837658e-02 1.36534153e-01 -3.60393058e-02 -1.34170618e-02 3.98280196e-04 -1.07743479e-03 -6.67040277e-05
1392             1.38464009e-01 -3.35860363e-02 -1.35728545e-02 1.38027994e-01 -3.25031881e-02 -1.35014288e-02 4.36015407e-04 -1.08284822e-03 -7.14256646e-05
1393             1.39130198e-01 -3.04271729e-02 -1.37005727e-02 1.38655454e-01 -2.93459535e-02 -1.36244815e-02 4.74744543e-04 -1.08121933e-03 -7.60911562e-05
1394             1.38503310e-01 -2.76936126e-02 -1.38505943e-02 1.37990757e-01 -2.66198729e-02 -1.37702106e-02 5.12553212e-04 -1.07373968e-03 -8.03837355e-05
1395             1.36187579e-01 -2.61697043e-02 -1.39821142e-02 1.35642068e-01 -2.51075077e-02 -1.38982724e-02 5.45510739e-04 -1.06219658e-03 -8.38418222e-05
1396             1.32376203e-01 -2.62177363e-02 -1.40578655e-02 1.31804004e-01 -2.51691942e-02 -1.39714732e-02 5.72199106e-04 -1.04854208e-03 -8.63922962e-05
1397             1.27923680e-01 -2.74893503e-02 -1.40612774e-02 1.27330910e-01 -2.64546041e-02 -1.39734510e-02 5.92769430e-04 -1.03474620e-03 -8.78264247e-05
1398             1.22943765e-01 -2.95410522e-02 -1.39688443e-02 1.22337144e-01 -2.85178708e-02 -1.38807441e-02 6.06620793e-04 -1.02318133e-03 -8.81001175e-05
1399             1.17364906e-01 -3.21575751e-02 -1.37961997e-02 1.16750924e-01 -3.11430681e-02 -1.37089728e-02 6.13982528e-04 -1.01450696e-03 -8.72268456e-05
1400             1.11091410e-01 -3.56697828e-02 -1.35653953e-02 1.10478822e-01 -3.46632015e-02 -1.34803828e-02 6.12588173e-04 -1.00658130e-03 -8.50124763e-05
1401             1.04636547e-01 -4.02478728e-02 -1.33356204e-02 1.04035011e-01 -3.92487578e-02 -1.32541128e-02 6.01535992e-04 -9.99114937e-04 -8.15076008e-05
1402             9.85596413e-02 -4.52854352e-02 -1.31874954e-02 9.79773785e-02 -4.42941532e-02 -1.31102315e-02 5.82262835e-04 -9.91282024e-04 -7.72639107e-05
1403             9.34664196e-02 -5.05349087e-02 -1.31903065e-02 9.29080814e-02 -4.95521941e-02 -1.31173013e-02 5.58338203e-04 -9.82714611e-04 -7.30052657e-05
1404             8.96617565e-02 -5.54757125e-02 -1.33652555e-02 8.91269534e-02 -5.45014273e-02 -1.32959409e-02 5.34803160e-04 -9.74285152e-04 -6.93146123e-05
1405             8.71904844e-02 -6.01917872e-02 -1.37040200e-02 8.66729644e-02 -5.92247657e-02 -1.36370644e-02 5.17520000e-04 -9.67021480e-04 -6.69556321e-05
1406             8.60746697e-02 -6.46647494e-02 -1.41766247e-02 8.55635748e-02 -6.37033923e-02 -1.41099398e-02 5.11094870e-04 -9.61357094e-04 -6.66848955e-05
1407             8.67716789e-02 -6.88617950e-02 -1.47492768e-02 8.62561085e-02 -6.79067291e-02 -1.46809080e-02 5.15570434e-04 -9.55065881e-04 -6.83687627e-05
1408             8.96145595e-02 -7.27806454e-02 -1.53584851e-02 8.90831657e-02 -7.18321653e-02 -1.52863712e-02 5.31393772e-04 -9.48480103e-04 -7.21138723e-05
1409             9.41886445e-02 -7.60035308e-02 -1.59029765e-02 9.36330634e-02 -7.50617492e-02 -1.58252568e-02 5.55581081e-04 -9.41781655e-04 -7.77196731e-05
1410             9.96746334e-02 -7.84585358e-02 -1.62974339e-02 9.90929714e-02 -7.75227777e-02 -1.62133023e-02 5.81662085e-04 -9.35758055e-04 -8.41315469e-05
1411             1.05604060e-01 -8.06041742e-02 -1.65685424e-02 1.04997578e-01 -7.96731229e-02 -1.64776543e-02 6.06482064e-04 -9.31051299e-04 -9.08881124e-05
1412             1.11705243e-01 -8.24681562e-02 -1.67140983e-02 1.11080829e-01 -8.15381932e-02 -1.66174626e-02 6.24414583e-04 -9.29963069e-04 -9.66357027e-05
1413             1.17942212e-01 -8.35561137e-02 -1.67311669e-02 1.17308439e-01 -8.26224429e-02 -1.66301636e-02 6.33773386e-04 -9.33670840e-04 -1.01003331e-04
1414             1.23702091e-01 -8.29528358e-02 -1.66322702e-02 1.23070363e-01 -8.20095809e-02 -1.65285869e-02 6.31728357e-04 -9.43254884e-04 -1.03683362e-04
1415             1.28560738e-01 -8.06162867e-02 -1.64329286e-02 1.27942193e-01 -7.96605449e-02 -1.63282102e-02 6.18545551e-04 -9.55741849e-04 -1.04718375e-04
1416             1.32197928e-01 -7.74295852e-02 -1.61221595e-02 1.31602836e-01 -7.64592835e-02 -1.60178976e-02 5.95091808e-04 -9.70301679e-04 -1.04261873e-04
1417             1.34403690e-01 -7.38108694e-02 -1.56669460e-02 1.33840151e-01 -7.28235923e-02 -1.55645074e-02 5.63538629e-04 -9.87277107e-04 -1.02438558e-04
1418             1.35517469e-01 -6.95455291e-02 -1.50853096e-02 1.34990887e-01 -6.85403202e-02 -1.49864180e-02 5.26581316e-04 -1.00520889e-03 -9.88916598e-05
1419             1.35789765e-01 -6.43283937e-02 -1.43863078e-02 1.35301182e-01 -6.33059677e-02 -1.42927804e-02 4.88583837e-04 -1.02242609e-03 -9.35274163e-05
1420             1.35465135e-01 -5.82804474e-02 -1.36296428e-02 1.35014407e-01 -5.72430603e-02 -1.35433582e-02 4.50728734e-04 -1.03738714e-03 -8.62845995e-05
1421             1.34373277e-01 -5.19718218e-02 -1.29099159e-02 1.33956256e-01 -5.09223019e-02 -1.28319226e-02 4.17020921e-04 -1.04951998e-03 -7.79932647e-05
1422             1.32450411e-01 -4.60649609e-02 -1.23220786e-02 1.32060483e-01 -4.50063515e-02 -1.22526143e-02 3.89927772e-04 -1.05860940e-03 -6.94643380e-05
1423             1.29924748e-01 -4.07163114e-02 -1.19042566e-02 1.29553997e-01 -3.96507830e-02 -1.18426222e-02 3.70751528e-04 -1.06552838e-03 -6.16344043e-05
1424             1.27522666e-01 -3.62623461e-02 -1.16932123e-02 1.27161015e-01 -3.51918509e-02 -1.16375046e-02 3.61650280e-04 -1.07049520e-03 -5.57077721e-05
1425             1.25407200e-01 -3.25283129e-02 -1.17225670e-02 1.25041944e-01 -3.14552235e-02 -1.16701495e-02 3.65255557e-04 -1.07308939e-03 -5.24174787e-05
1426             1.23625987e-01 -2.96322972e-02 -1.19709189e-02 1.23244436e-01 -2.85612284e-02 -1.19190545e-02 3.81551273e-04 -1.07106875e-03 -5.18644709e-05
1427             1.21561387e-01 -2.77719195e-02 -1.23911459e-02 1.21150671e-01 -2.67058618e-02 -1.23368922e-02 4.10716120e-04 -1.06605772e-03 -5.42536259e-05
1428             1.19183507e-01 -2.73270942e-02 -1.28839730e-02 1.18735326e-01 -2.62682567e-02 -1.28248737e-02 4.48180419e-04 -1.05883751e-03 -5.90993182e-05
1429             1.17029653e-01 -2.79533196e-02 -1.33806735e-02 1.16538180e-01 -2.69028136e-02 -1.33148091e-02 4.91473166e-04 -1.05050601e-03 -6.58644688e-05
1430             1.15154273e-01 -2.93888225e-02 -1.38495123e-02 1.14618823e-01 -2.83465376e-02 -1.37763911e-02 5.35450329e-04 -1.04228491e-03 -7.31212509e-05
1431             1.13501585e-01 -3.15198091e-02 -1.42692695e-02 1.12926433e-01 -3.04836314e-02 -1.41893479e-02 5.75151977e-04 -1.03617770e-03 -7.99215959e-05
1432             1.11884508e-01 -3.48976063e-02 -1.46118010e-02 1.11276138e-01 -3.38653238e-02 -1.45260991e-02 6.08369753e-04 -1.03228243e-03 -8.57019343e-05
1433             1.10177638e-01 -3.90926643e-02 -1.48623938e-02 1.09545466e-01 -3.80638733e-02 -1.47722500e-02 6.32172518e-04 -1.02879103e-03 -9.01437932e-05
1434             1.08213616e-01 -4.39021958e-02 -1.50377128e-02 1.07567960e-01 -4.28778060e-02 -1.49445380e-02 6.45655643e-04 -1.02438972e-03 -9.31748386e-05
1435             1.06123566e-01 -4.91645530e-02 -1.51648443e-02 1.05472882e-01 -4.81471041e-02 -1.50696795e-02 6.50683833e-04 -1.01744887e-03 -9.51648723e-05
1436             1.03900475e-01 -5.44013415e-02 -1.52383761e-02 1.03251534e-01 -5.33928426e-02 -1.51420924e-02 6.48941017e-04 -1.00849886e-03 -9.62837480e-05
1437             1.01286854e-01 -5.92514644e-02 -1.52500330e-02 1.00644783e-01 -5.82549207e-02 -1.51537514e-02 6.42071184e-04 -9.96543700e-04 -9.62816347e-05
1438             9.80793922e-02 -6.37112325e-02 -1.52015442e-02 9.74478316e-02 -6.27283800e-02 -1.51066035e-02 6.31560573e-04 -9.82852562e-04 -9.49407421e-05
1439             9.49742693e-02 -6.78068306e-02 -1.51163184e-02 9.43578788e-02 -6.68392729e-02 -1.50241808e-02 6.16390523e-04 -9.67557737e-04 -9.21376312e-05
1440             9.28935401e-02 -7.16254880e-02 -1.50509531e-02 9.22949850e-02 -7.06748870e-02 -1.49628032e-02 5.98555174e-04 -9.50600969e-04 -8.81498151e-05
1441             9.20352004e-02 -7.50343348e-02 -1.50118024e-02 9.14572342e-02 -7.41002343e-02 -1.49282826e-02 5.77966231e-04 -9.34100468e-04 -8.35197911e-05
1442             9.24246169e-02 -7.81300253e-02 -1.49965465e-02 9.18687749e-02 -7.72087324e-02 -1.49175445e-02 5.55841913e-04 -9.21292962e-04 -7.90019165e-05
1443             9.39974964e-02 -8.07147501e-02 -1.50267632e-02 9.34623529e-02 -7.98009204e-02 -1.49510779e-02 5.35143599e-04 -9.13829752e-04 -7.56853415e-05
1444             9.68395337e-02 -8.27063884e-02 -1.51098053e-02 9.63216507e-02 -8.17934071e-02 -1.50358491e-02 5.17882999e-04 -9.12981293e-04 -7.39562584e-05
1445             1.00984040e-01 -8.40158368e-02 -1.52321738e-02 1.00477943e-01 -8.30964286e-02 -1.51581687e-02 5.06097151e-04 -9.19408151e-04 -7.40051297e-05
1446             1.06450450e-01 -8.42455117e-02 -1.53801838e-02 1.05948903e-01 -8.33122747e-02 -1.53039908e-02 5.01546974e-04 -9.33237003e-04 -7.61929795e-05
1447             1.12559042e-01 -8.29945204e-02 -1.54992783e-02 1.12058560e-01 -8.20416095e-02 -1.54195003e-02 5.00481707e-04 -9.52910876e-04 -7.97779595e-05
1448             1.18835938e-01 -8.07906891e-02 -1.55930870e-02 1.18333811e-01 -7.98167815e-02 -1.55084508e-02 5.02126141e-04 -9.73907589e-04 -8.46361612e-05
1449             1.24905408e-01 -7.74134967e-02 -1.56443451e-02 1.24404312e-01 -7.64178662e-02 -1.55551126e-02 5.01095317e-04 -9.95630508e-04 -8.92324979e-05
1450             1.30610520e-01 -7.31398054e-02 -1.56213407e-02 1.30113703e-01 -7.21224105e-02 -1.55282153e-02 4.96817213e-04 -1.01739492e-03 -9.31254721e-05
1451             1.35824740e-01 -6.80746185e-02 -1.54551435e-02 1.35333717e-01 -6.70366363e-02 -1.53595993e-02 4.91023026e-04 -1.03798212e-03 -9.55441940e-05
1452             1.40054147e-01 -6.23787300e-02 -1.51219844e-02 1.39569114e-01 -6.13230364e-02 -1.50259067e-02 4.85033353e-04 -1.05569363e-03 -9.60777359e-05
1453             1.42931776e-01 -5.64677086e-02 -1.46489505e-02 1.42452549e-01 -5.53983324e-02 -1.45542660e-02 4.79227271e-04 -1.06937627e-03 -9.46845422e-05
1454             1.43803141e-01 -5.06132916e-02 -1.40738852e-02 1.43328075e-01 -4.95350301e-02 -1.39821326e-02 4.75065807e-04 -1.07826149e-03 -9.17526143e-05
1455             1.42335857e-01 -4.50682887e-02 -1.34423467e-02 1.41862886e-01 -4.39866180e-02 -1.33546351e-02 4.72971650e-04 -1.08167070e-03 -8.77115964e-05
1456             1.38901358e-01 -3.99273484e-02 -1.27975774e-02 1.38431134e-01 -3.88468653e-02 -1.27148801e-02 4.70224059e-04 -1.08048301e-03 -8.26972475e-05
1457             1.34018848e-01 -3.57232819e-02 -1.22083964e-02 1.33552554e-01 -3.46486791e-02 -1.21314724e-02 4.66294583e-04 -1.07460275e-03 -7.69239682e-05
1458             1.28417191e-01 -3.25740512e-02 -1.17578980e-02 1.27955440e-01 -3.15086624e-02 -1.16871642e-02 4.61751303e-04 -1.06538874e-03 -7.07337416e-05
1459             1.22480940e-01 -3.02933585e-02 -1.15183440e-02 1.22023496e-01 -2.92397131e-02 -1.14537584e-02 4.57444171e-04 -1.05364536e-03 -6.45855673e-05
1460             1.16122969e-01 -2.88574978e-02 -1.15126437e-02 1.15669076e-01 -2.78152020e-02 -1.14535373e-02 4.53893264e-04 -1.04229585e-03 -5.91064281e-05
1461             1.09737814e-01 -2.84721197e-02 -1.17135372e-02 1.09285067e-01 -2.74385615e-02 -1.16582268e-02 4.52747232e-04 -1.03355822e-03 -5.53103073e-05
1462             1.04272394e-01 -2.90760725e-02 -1.20894093e-02 1.03814730e-01 -2.80475902e-02 -1.20355198e-02 4.57663927e-04 -1.02848232e-03 -5.38895386e-05
1463             1.00045786e-01 -3.09153337e-02 -1.25892631e-02 9.95777996e-02 -2.98875177e-02 -1.25345370e-02 4.67986882e-04 -1.02781599e-03 -5.47261269e-05
1464             9.71212416e-02 -3.37702723e-02 -1.31733966e-02 9.66360029e-02 -3.27384046e-02 -1.31154338e-02 4.85238670e-04 -1.03186772e-03 -5.79627700e-05
1465             9.53836816e-02 -3.75170069e-02 -1.37857614e-02 9.48740938e-02 -3.64798519e-02 -1.37222400e-02 5.09587864e-04 -1.03715497e-03 -6.35213186e-05
1466             9.48065559e-02 -4.17936381e-02 -1.43652610e-02 9.42704593e-02 -4.07522537e-02 -1.42949389e-02 5.36096654e-04 -1.04138436e-03 -7.03221278e-05
1467             9.54752128e-02 -4.64973076e-02 -1.49654959e-02 9.49107583e-02 -4.54560366e-02 -1.48871461e-02 5.64454519e-04 -1.04127099e-03 -7.83498204e-05
1468             9.71613149e-02 -5.15187029e-02 -1.55727553e-02 9.65707916e-02 -5.04826523e-02 -1.54863355e-02 5.90523340e-04 -1.03605064e-03 -8.64198095e-05
1469             9.95656173e-02 -5.64813089e-02 -1.61382844e-02 9.89508590e-02 -5.54547347e-02 -1.60441375e-02 6.14758291e-04 -1.02657419e-03 -9.41469460e-05
1470             1.02089847e-01 -6.12276273e-02 -1.66057692e-02 1.01454130e-01 -6.02143634e-02 -1.65050877e-02 6.35716771e-04 -1.01326389e-03 -1.00681446e-04
1471             1.04117898e-01 -6.56640488e-02 -1.69363914e-02 1.03465311e-01 -6.46671000e-02 -1.68308438e-02 6.52587374e-04 -9.96948809e-04 -1.05547595e-04
1472             1.05556557e-01 -6.98987461e-02 -1.70910666e-02 1.04893681e-01 -6.89210327e-02 -1.69826245e-02 6.62875731e-04 -9.77713449e-04 -1.08442060e-04
1473             1.06380875e-01 -7.43336716e-02 -1.70221552e-02 1.05714775e-01 -7.33767598e-02 -1.69128896e-02 6.66099468e-04 -9.56911841e-04 -1.09265650e-04
1474             1.06541535e-01 -7.85362279e-02 -1.67424183e-02 1.05883006e-01 -7.75991093e-02 -1.66346005e-02 6.58528612e-04 -9.37118628e-04 -1.07817729e-04
1475             1.05991426e-01 -8.18072227e-02 -1.62697280e-02 1.05352002e-01 -8.08865871e-02 -1.61655018e-02 6.39423965e-04 -9.20635595e-04 -1.04226163e-04
1476             1.04740405e-01 -8.40464977e-02 -1.56641274e-02 1.04131835e-01 -8.31371249e-02 -1.55654933e-02 6.08569969e-04 -9.09372744e-04 -9.86341224e-05
1477             1.03750595e-01 -8.54956102e-02 -1.50352478e-02 1.03181747e-01 -8.45898862e-02 -1.49437046e-02 5.68847473e-04 -9.05723960e-04 -9.15431538e-05
1478             1.04083543e-01 -8.61289714e-02 -1.44933631e-02 1.03558359e-01 -8.52177768e-02 -1.44095687e-02 5.25183607e-04 -9.11194569e-04 -8.37943972e-05
1479             1.05505899e-01 -8.60364271e-02 -1.40966889e-02 1.05025565e-01 -8.51101753e-02 -1.40203874e-02 4.80334410e-04 -9.26251757e-04 -7.63015065e-05
1480             1.07741757e-01 -8.44667313e-02 -1.38705068e-02 1.07303190e-01 -8.35180326e-02 -1.38002266e-02 4.38566702e-04 -9.48698641e-04 -7.02801966e-05
1481             1.10783302e-01 -8.13303243e-02 -1.38031470e-02 1.10380352e-01 -8.03558583e-02 -1.37366296e-02 4.02950645e-04 -9.74465965e-04 -6.65173668e-05
1482             1.14525401e-01 -7.69247900e-02 -1.38457332e-02 1.14150439e-01 -7.59219113e-02 -1.37807586e-02 3.74961723e-04 -1.00287872e-03 -6.49746376e-05
1483             1.18762782e-01 -7.19085250e-02 -1.39383637e-02 1.18404994e-01 -7.08774333e-02 -1.38725919e-02 3.57788457e-04 -1.03109166e-03 -6.57718074e-05
1484             1.23360079e-01 -6.65380721e-02 -1.39778698e-02 1.23006421e-01 -6.54811693e-02 -1.39097024e-02 3.53657533e-04 -1.05690279e-03 -6.81673735e-05
1485             1.27999606e-01 -6.07319992e-02 -1.39294681e-02 1.27637569e-01 -5.96545572e-02 -1.38579800e-02 3.62036364e-04 -1.07744203e-03 -7.14881126e-05
1486             1.32133309e-01 -5.46204267e-02 -1.38356861e-02 1.31753023e-01 -5.35297165e-02 -1.37606748e-02 3.80285568e-04 -1.09071026e-03 -7.50112848e-05
1487             1.35137742e-01 -4.84915774e-02 -1.37302076e-02 1.34731991e-01 -4.73951595e-02 -1.36520821e-02 4.05750941e-04 -1.09641791e-03 -7.81255260e-05
1488             1.36876006e-01 -4.29164111e-02 -1.36205470e-02 1.36439926e-01 -4.18204713e-02 -1.35398507e-02 4.36079918e-04 -1.09593980e-03 -8.06962782e-05
1489             1.37668979e-01 -3.86305801e-02 -1.35027578e-02 1.37201536e-01 -3.75396030e-02 -1.34201238e-02 4.67443169e-04 -1.09097709e-03 -8.26339417e-05
1490             1.37120855e-01 -3.55732707e-02 -1.33908779e-02 1.36622485e-01 -3.44901276e-02 -1.33070095e-02 4.98370536e-04 -1.08314313e-03 -8.38683722e-05
1491             1.35119750e-01 -3.32591814e-02 -1.32967414e-02 1.34592873e-01 -3.21871393e-02 -1.32123788e-02 5.26876909e-04 -1.07204203e-03 -8.43626516e-05
1492             1.31108054e-01 -3.14431259e-02 -1.32016690e-02 1.30557408e-01 -3.03833034e-02 -1.31176205e-02 5.50645405e-04 -1.05982246e-03 -8.40484318e-05
1493             1.24919782e-01 -3.03762160e-02 -1.30931338e-02 1.24353963e-01 -2.93287307e-02 -1.30103807e-02 5.65819118e-04 -1.04748522e-03 -8.27531476e-05
1494             1.17157333e-01 -3.05116703e-02 -1.29652902e-02 1.16587182e-01 -2.94749662e-02 -1.28848648e-02 5.70151030e-04 -1.03670413e-03 -8.04254021e-05
1495             1.08798143e-01 -3.19867324e-02 -1.28365433e-02 1.08233739e-01 -3.09572205e-02 -1.27596032e-02 5.64404570e-04 -1.02951194e-03 -7.69401306e-05
1496             1.00783723e-01 -3.41185419e-02 -1.27585298e-02 1.00233443e-01 -3.30921110e-02 -1.26858199e-02 5.50280406e-04 -1.02643090e-03 -7.27099002e-05
1497             9.39020941e-02 -3.67809854e-02 -1.27921657e-02 9.33705155e-02 -3.57534735e-02 -1.27238322e-02 5.31578574e-04 -1.02751188e-03 -6.83334625e-05
1498             8.86120040e-02 -4.00703079e-02 -1.29792066e-02 8.81003534e-02 -3.90396277e-02 -1.29145550e-02 5.11650599e-04 -1.03068019e-03 -6.46516165e-05
1499             8.53035020e-02 -4.39808768e-02 -1.33547415e-02 8.48077549e-02 -4.29472919e-02 -1.32919313e-02 4.95747099e-04 -1.03358498e-03 -6.28102005e-05
1500             8.41528819e-02 -4.85700891e-02 -1.39187735e-02 8.36653577e-02 -4.75358782e-02 -1.38552459e-02 4.87524193e-04 -1.03421090e-03 -6.35275737e-05
1501             8.51953427e-02 -5.33889230e-02 -1.46397926e-02 8.47066379e-02 -5.23578121e-02 -1.45728367e-02 4.88704772e-04 -1.03111090e-03 -6.69558675e-05
1502             8.78544235e-02 -5.80865041e-02 -1.54174613e-02 8.73518420e-02 -5.70629237e-02 -1.53442623e-02 5.02581476e-04 -1.02358044e-03 -7.31989897e-05
1503             9.11950355e-02 -6.26452356e-02 -1.61211238e-02 9.06697794e-02 -6.16330834e-02 -1.60402957e-02 5.25256104e-04 -1.01215221e-03 -8.08281012e-05
1504             9.48394777e-02 -6.72148781e-02 -1.67018109e-02 9.42852205e-02 -6.62180671e-02 -1.66125395e-02 5.54257171e-04 -9.96810996e-04 -8.92714055e-05
1505             9.87615770e-02 -7.21081247e-02 -1.71392166e-02 9.81801338e-02 -7.11304999e-02 -1.70425581e-02 5.81443134e-04 -9.77624789e-04 -9.66584622e-05
1506             1.02914364e-01 -7.68298510e-02 -1.74144028e-02 1.02310921e-01 -7.58717524e-02 -1.73119222e-02 6.03443178e-04 -9.58098523e-04 -1.02480628e-04
1507             1.06917626e-01 -8.08098080e-02 -1.74691336e-02 1.06300203e-01 -7.98691350e-02 -1.73627188e-02 6.17422782e-04 -9.40673032e-04 -1.06414813e-04
1508             1.10411576e-01 -8.36938331e-02 -1.72930270e-02 1.09790376e-01 -8.27661583e-02 -1.71847112e-02 6.21199832e-04 -9.27674802e-04 -1.08315823e-04
1509             1.13391351e-01 -8.56902452e-02 -1.69210528e-02 1.12775547e-01 -8.47685876e-02 -1.68128055e-02 6.15803941e-04 -9.21657577e-04 -1.08247347e-04
1510             1.15922220e-01 -8.75595760e-02 -1.64060526e-02 1.15320151e-01 -8.66355475e-02 -1.62997482e-02 6.02069443e-04 -9.24028457e-04 -1.06304423e-04
1511             1.18121589e-01 -8.88507560e-02 -1.57928654e-02 1.17540078e-01 -8.79159305e-02 -1.56899962e-02 5.81511487e-04 -9.34825488e-04 -1.02869213e-04
1512             1.19525323e-01 -8.82888083e-02 -1.51237655e-02 1.18972879e-01 -8.73367031e-02 -1.50257391e-02 5.52444906e-04 -9.52105278e-04 -9.80263934e-05
1513             1.19849893e-01 -8.55726356e-02 -1.44353761e-02 1.19335591e-01 -8.46009915e-02 -1.43434930e-02 5.14301646e-04 -9.71644108e-04 -9.18831597e-05
1514             1.19258439e-01 -8.13443789e-02 -1.37633240e-02 1.18790870e-01 -8.03515057e-02 -1.36787149e-02 4.67568674e-04 -9.92873252e-04 -8.46090435e-05
1515             1.18319241e-01 -7.63484733e-02 -1.31628624e-02 1.17903728e-01 -7.53340359e-02 -1.30861403e-02 4.15512812e-04 -1.01443738e-03 -7.67221212e-05
1516             1.17589184e-01 -7.10385576e-02 -1.26627572e-02 1.17224831e-01 -7.00026549e-02 -1.25941350e-02 3.64353384e-04 -1.03590265e-03 -6.86221817e-05
1517             1.17281977e-01 -6.51294117e-02 -1.22705075e-02 1.16959789e-01 -6.40732579e-02 -1.22092712e-02 3.22187878e-04 -1.05615384e-03 -6.12362952e-05
1518             1.17764829e-01 -5.87715660e-02 -1.20234220e-02 1.17469662e-01 -5.76987648e-02 -1.19678068e-02 2.95167379e-04 -1.07280125e-03 -5.56151995e-05
1519             1.18769338e-01 -5.23138312e-02 -1.19451287e-02 1.18482324e-01 -5.12293970e-02 -1.18928006e-02 2.87014044e-04 -1.08443429e-03 -5.23280869e-05
1520             1.20018566e-01 -4.66063892e-02 -1.20321114e-02 1.19718776e-01 -4.55160794e-02 -1.19801935e-02 2.99790561e-04 -1.09030986e-03 -5.19179045e-05
1521             1.21382760e-01 -4.19359999e-02 -1.22470439e-02 1.21050165e-01 -4.08436510e-02 -1.21923704e-02 3.32595294e-04 -1.09234888e-03 -5.46734387e-05
1522             1.22746248e-01 -3.85637721e-02 -1.25235078e-02 1.22368600e-01 -3.74728589e-02 -1.24639759e-02 3.77648078e-04 -1.09091326e-03 -5.95319057e-05
1523             1.24099955e-01 -3.58925838e-02 -1.28989920e-02 1.23667671e-01 -3.48064261e-02 -1.28327834e-02 4.32283417e-04 -1.08615774e-03 -6.62086026e-05
1524             1.24830207e-01 -3.34572607e-02 -1.33387920e-02 1.24342330e-01 -3.23788463e-02 -1.32657070e-02 4.87876450e-04 -1.07841442e-03 -7.30850822e-05
1525             1.23977609e-01 -3.17411162e-02 -1.37863673e-02 1.23438729e-01 -3.06712093e-02 -1.37067630e-02 5.38880474e-04 -1.06990689e-03 -7.96042921e-05
1526             1.21439406e-01 -3.16609823e-02 -1.41786420e-02 1.20859551e-01 -3.05986697e-02 -1.40934639e-02 5.79855032e-04 -1.06231269e-03 -8.51781010e-05
1527             1.18030073e-01 -3.26983835e-02 -1.44870396e-02 1.17420630e-01 -3.16418042e-02 -1.43975679e-02 6.09442680e-04 -1.05657935e-03 -8.94717127e-05
1528             1.13791772e-01 -3.46126216e-02 -1.46781304e-02 1.13164227e-01 -3.35590548e-02 -1.45858242e-02 6.27545521e-04 -1.05356677e-03 -9.23062007e-05
1529             1.08860591e-01 -3.70441707e-02 -1.47344727e-02 1.08224948e-01 -3.59905240e-02 -1.46407413e-02 6.35643034e-04 -1.05364668e-03 -9.37313926e-05
1530             1.03782383e-01 -4.00204625e-02 -1.47046535e-02 1.03147907e-01 -3.89661089e-02 -1.46109165e-02 6.34475928e-04 -1.05435358e-03 -9.37369974e-05
1531             9.89948811e-02 -4.35345609e-02 -1.46164486e-02 9.83709733e-02 -4.24816772e-02 -1.45240770e-02 6.23907810e-04 -1.05288363e-03 -9.23715935e-05
1532             9.45603171e-02 -4.73922656e-02 -1.45285883e-02 9.39559643e-02 -4.63449760e-02 -1.44388367e-02 6.04352852e-04 -1.04728960e-03 -8.97516095e-05
1533             9.09603136e-02 -5.17443591e-02 -1.45189880e-02 9.03813870e-02 -5.07076015e-02 -1.44325351e-02 5.78926612e-04 -1.03675760e-03 -8.64529532e-05
1534             8.86457525e-02 -5.61174718e-02 -1.46279930e-02 8.80948871e-02 -5.50952965e-02 -1.45449560e-02 5.50865435e-04 -1.02217530e-03 -8.30369743e-05
1535             8.73894477e-02 -6.04355483e-02 -1.48366107e-02 8.68660334e-02 -5.94306926e-02 -1.47568116e-02 5.23414317e-04 -1.00485570e-03 -7.97991222e-05
1536             8.66782911e-02 -6.51860477e-02 -1.51162063e-02 8.61770340e-02 -6.41984910e-02 -1.50387807e-02 5.01257062e-04 -9.87556702e-04 -7.74255893e-05
1537             8.68688867e-02 -7.01440454e-02 -1.54399837e-02 8.63826063e-02 -6.91729858e-02 -1.53634903e-02 4.86280340e-04 -9.71059603e-04 -7.64933419e-05
1538             8.83517771e-02 -7.51375046e-02 -1.57693237e-02 8.78723953e-02 -7.41815447e-02 -1.56924798e-02 4.79381844e-04 -9.55959806e-04 -7.68439188e-05
1539             9.10300624e-02 -7.94383015e-02 -1.60521483e-02 9.05495998e-02 -7.84949496e-02 -1.59733993e-02 4.80462619e-04 -9.43351963e-04 -7.87489884e-05
1540             9.48081193e-02 -8.26413572e-02 -1.62364079e-02 9.43196984e-02 -8.17055973e-02 -1.61543968e-02 4.88420907e-04 -9.35759905e-04 -8.20110555e-05
1541             9.93451620e-02 -8.51474293e-02 -1.62899749e-02 9.88439812e-02 -8.42140919e-02 -1.62037164e-02 5.01180781e-04 -9.33337413e-04 -8.62584075e-05
1542             1.04764971e-01 -8.75858403e-02 -1.62583315e-02 1.04248992e-01 -8.66487230e-02 -1.61676092e-02 5.15978717e-04 -9.37117296e-04 -9.07223231e-05
1543             1.10886294e-01 -8.92756483e-02 -1.61522525e-02 1.10357313e-01 -8.83278824e-02 -1.60578194e-02 5.28981278e-04 -9.47765885e-04 -9.44331141e-05
1544             1.17055169e-01 -8.95328172e-02 -1.59793714e-02 1.16517994e-01 -8.85680471e-02 -1.58822957e-02 5.37175330e-04 -9.64770066e-04 -9.70757045e-05
1545             1.22407496e-01 -8.77370529e-02 -1.57324075e-02 1.21870606e-01 -8.67509886e-02 -1.56340606e-02 5.36890317e-04 -9.86064257e-04 -9.83469790e-05
1546             1.26389620e-01 -8.43084031e-02 -1.53923072e-02 1.25863369e-01 -8.33011553e-02 -1.52941369e-02 5.26250910e-04 -1.00724776e-03 -9.81702910e-05
1547             1.28690355e-01 -8.00446985e-02 -1.49471231e-02 1.28184332e-01 -7.90165289e-02 -1.48506156e-02 5.06022850e-04 -1.02816962e-03 -9.65075205e-05
1548             1.29191971e-01 -7.52064706e-02 -1.43690213e-02 1.28713897e-01 -7.41591182e-02 -1.42755446e-02 4.78074135e-04 -1.04735233e-03 -9.34766758e-05
1549             1.28301885e-01 -6.98571603e-02 -1.36754509e-02 1.27855345e-01 -6.87943268e-02 -1.35867398e-02 4.46539511e-04 -1.06283344e-03 -8.87110889e-05
1550             1.26356049e-01 -6.37014577e-02 -1.29153116e-02 1.25940876e-01 -6.26282235e-02 -1.28329415e-02 4.15172629e-04 -1.07323420e-03 -8.23701009e-05
1551             1.23787065e-01 -5.71805647e-02 -1.21763648e-02 1.23400554e-01 -5.61029140e-02 -1.21016185e-02 3.86511380e-04 -1.07765078e-03 -7.47462387e-05
1552             1.20819743e-01 -5.11510285e-02 -1.15798147e-02 1.20454040e-01 -5.00738207e-02 -1.15129645e-02 3.65703141e-04 -1.07720778e-03 -6.68501570e-05
1553             1.17828494e-01 -4.60435434e-02 -1.12025356e-02 1.17473842e-01 -4.49699314e-02 -1.11429803e-02 3.54651659e-04 -1.07361198e-03 -5.95552614e-05
1554             1.15248403e-01 -4.17822154e-02 -1.10679848e-02 1.14895111e-01 -4.07117349e-02 -1.10142013e-02 3.53292234e-04 -1.07048045e-03 -5.37834711e-05
1555             1.13098274e-01 -3.82611178e-02 -1.11940873e-02 1.12734831e-01 -3.71926709e-02 -1.11435936e-02 3.63443857e-04 -1.06844687e-03 -5.04937089e-05
1556             1.11345527e-01 -3.53590369e-02 -1.15734990e-02 1.10961119e-01 -3.42918089e-02 -1.15234823e-02 3.84407554e-04 -1.06722798e-03 -5.00166948e-05
1557             1.09631095e-01 -3.34135525e-02 -1.21530985e-02 1.09217467e-01 -3.23464407e-02 -1.21009481e-02 4.13628106e-04 -1.06711187e-03 -5.21503988e-05
1558             1.07530813e-01 -3.26487130e-02 -1.28514442e-02 1.07080774e-01 -3.15804838e-02 -1.27942988e-02 4.50038797e-04 -1.06822925e-03 -5.71453562e-05
1559             1.05147889e-01 -3.30878690e-02 -1.35563911e-02 1.04659872e-01 -3.20176120e-02 -1.34923680e-02 4.88016276e-04 -1.07025692e-03 -6.40231398e-05
1560             1.03146680e-01 -3.43504614e-02 -1.42181737e-02 1.02618647e-01 -3.32773641e-02 -1.41457487e-02 5.28032492e-04 -1.07309730e-03 -7.24249627e-05
1561             1.01828330e-01 -3.61919710e-02 -1.48190185e-02 1.01264513e-01 -3.51160334e-02 -1.47383564e-02 5.63816788e-04 -1.07593756e-03 -8.06621362e-05
1562             1.01347645e-01 -3.85421738e-02 -1.53662975e-02 1.00753511e-01 -3.74632171e-02 -1.52781030e-02 5.94133809e-04 -1.07895669e-03 -8.81944702e-05
1563             1.01458187e-01 -4.16184025e-02 -1.58274966e-02 1.00840244e-01 -4.05388638e-02 -1.57327924e-02 6.17942915e-04 -1.07953863e-03 -9.47041821e-05
1564             1.02109134e-01 -4.53432878e-02 -1.61831659e-02 1.01475694e-01 -4.42675416e-02 -1.60833609e-02 6.33439680e-04 -1.07574618e-03 -9.98049379e-05
1565             1.02889911e-01 -4.95457461e-02 -1.64388535e-02 1.02249805e-01 -4.84801575e-02 -1.63353276e-02 6.40105976e-04 -1.06558860e-03 -1.03525864e-04
1566             1.03303828e-01 -5.41127070e-02 -1.65869067e-02 1.02665988e-01 -5.30628623e-02 -1.64810411e-02 6.37839889e-04 -1.04984473e-03 -1.05865655e-04
1567             1.02907195e-01 -5.90968101e-02 -1.66047346e-02 1.02279018e-01 -5.80677370e-02 -1.64979326e-02 6.28176052e-04 -1.02907312e-03 -1.06801961e-04
1568             1.01351335e-01 -6.43692963e-02 -1.64713432e-02 1.00740556e-01 -6.33635192e-02 -1.63655142e-02 6.10778394e-04 -1.00577710e-03 -1.05828988e-04
1569             9.86509475e-02 -6.95651512e-02 -1.61925163e-02 9.80646018e-02 -6.85827732e-02 -1.60897461e-02 5.86345723e-04 -9.82378028e-04 -1.02770190e-04
1570             9.53986932e-02 -7.43908989e-02 -1.58130528e-02 9.48433762e-02 -7.34314170e-02 -1.57153763e-02 5.55317067e-04 -9.59481912e-04 -9.76765313e-05
1571             9.26803754e-02 -7.87414216e-02 -1.54215673e-02 9.21601464e-02 -7.78015990e-02 -1.53305371e-02 5.20228977e-04 -9.39822643e-04 -9.10302315e-05
1572             9.12067339e-02 -8.23620052e-02 -1.50576158e-02 9.07223149e-02 -8.14360246e-02 -1.49738292e-02 4.84419052e-04 -9.25980560e-04 -8.37865317e-05
1573             9.11500356e-02 -8.55120130e-02 -1.47474841e-02 9.06986277e-02 -8.45916583e-02 -1.46703871e-02 4.51407920e-04 -9.20354621e-04 -7.70970729e-05
1574             9.25873238e-02 -8.79808520e-02 -1.45271471e-02 9.21614857e-02 -8.70565310e-02 -1.44550580e-02 4.25838098e-04 -9.24320978e-04 -7.20891377e-05
1575             9.55648062e-02 -8.97684834e-02 -1.44144851e-02 9.51557960e-02 -8.88316687e-02 -1.43455398e-02 4.09010125e-04 -9.36814680e-04 -6.89452985e-05
1576             1.00298193e-01 -9.03785024e-02 -1.44002900e-02 9.98962663e-02 -8.94212875e-02 -1.43322672e-02 4.01926754e-04 -9.57214913e-04 -6.80227599e-05
1577             1.05661087e-01 -8.93247857e-02 -1.44400083e-02 1.05257303e-01 -8.83419738e-02 -1.43704253e-02 4.03784129e-04 -9.82811932e-04 -6.95830676e-05
1578             1.10678819e-01 -8.67144047e-02 -1.44464451e-02 1.10270526e-01 -8.57048750e-02 -1.43739418e-02 4.08293636e-04 -1.00952967e-03 -7.25032839e-05
1579             1.15385722e-01 -8.28895269e-02 -1.44392004e-02 1.14971742e-01 -8.18560347e-02 -1.43626402e-02 4.13979908e-04 -1.03349228e-03 -7.65602147e-05
1580             1.19668334e-01 -7.82149817e-02 -1.44001393e-02 1.19252431e-01 -7.71607600e-02 -1.43198378e-02 4.15903420e-04 -1.05422171e-03 -8.03014878e-05
1581             1.23297307e-01 -7.29506966e-02 -1.42917946e-02 1.22880965e-01 -7.18799119e-02 -1.42083955e-02 4.16341803e-04 -1.07078474e-03 -8.33990644e-05
1582             1.26234965e-01 -6.72433077e-02 -1.40830763e-02 1.25817310e-01 -6.61606546e-02 -1.39979174e-02 4.17655718e-04 -1.08265305e-03 -8.51588849e-05
1583             1.28653506e-01 -6.15078316e-02 -1.37953514e-02 1.28231866e-01 -6.04191052e-02 -1.37098321e-02 4.21640248e-04 -1.08872636e-03 -8.55193198e-05
1584             1.30154207e-01 -5.59145721e-02 -1.34573958e-02 1.29723918e-01 -5.48251402e-02 -1.33726066e-02 4.30289188e-04 -1.08943194e-03 -8.47892810e-05
1585             1.30150553e-01 -5.07111970e-02 -1.30894566e-02 1.29706654e-01 -4.96250118e-02 -1.30062057e-02 4.43898936e-04 -1.08618516e-03 -8.32509133e-05
1586             1.28538063e-01 -4.59731471e-02 -1.27327458e-02 1.28077494e-01 -4.48922381e-02 -1.26516464e-02 4.60569274e-04 -1.08090898e-03 -8.10993320e-05
1587             1.25432843e-01 -4.19163950e-02 -1.23927109e-02 1.24957496e-01 -4.08416796e-02 -1.23143500e-02 4.75346750e-04 -1.07471541e-03 -7.83609058e-05
1588             1.20854840e-01 -3.87317381e-02 -1.21202964e-02 1.20369703e-01 -3.76626495e-02 -1.20454701e-02 4.85136890e-04 -1.06908865e-03 -7.48263201e-05
1589             1.15200877e-01 -3.64530188e-02 -1.19776057e-02 1.14711561e-01 -3.53888920e-02 -1.19069150e-02 4.89316229e-04 -1.06412679e-03 -7.06906283e-05
1590             1.08741820e-01 -3.47461074e-02 -1.20181930e-02 1.08254127e-01 -3.36852439e-02 -1.19518076e-02 4.87693230e-04 -1.06086349e-03 -6.63853602e-05
1591             1.02054896e-01 -3.39496581e-02 -1.22365768e-02 1.01573571e-01 -3.28899737e-02 -1.21739600e-02 4.81324331e-04 -1.05968440e-03 -6.26167445e-05
1592             9.62077240e-02 -3.40911947e-02 -1.26249878e-02 9.57330954e-02 -3.30294042e-02 -1.25646294e-02 4.74628624e-04 -1.06179053e-03 -6.03583973e-05
1593             9.18138772e-02 -3.51596488e-02 -1.31534071e-02 9.13413308e-02 -3.40928913e-02 -1.30930727e-02 4.72546348e-04 -1.06675750e-03 -6.03344756e-05
1594             8.90535727e-02 -3.70588375e-02 -1.37833343e-02 8.85769753e-02 -3.59846567e-02 -1.37208289e-02 4.76597454e-04 -1.07418077e-03 -6.25054308e-05
1595             8.83118195e-02 -3.95144159e-02 -1.44791038e-02 8.78231569e-02 -3.84335237e-02 -1.44121096e-02 4.88662554e-04 -1.08089228e-03 -6.69942870e-05
1596             8.94849761e-02 -4.26815569e-02 -1.51832440e-02 8.89778011e-02 -4.15977815e-02 -1.51097270e-02 5.07175079e-04 -1.08377545e-03 -7.35170029e-05
1597             9.18869503e-02 -4.63807632e-02 -1.58274644e-02 9.13584004e-02 -4.53005862e-02 -1.57462171e-02 5.28549869e-04 -1.08017698e-03 -8.12472546e-05
1598             9.50736163e-02 -5.09768349e-02 -1.64281860e-02 9.45232351e-02 -4.99086581e-02 -1.63385740e-02 5.50381194e-04 -1.06817673e-03 -8.96119832e-05
1599             9.85992152e-02 -5.62086832e-02 -1.69361370e-02 9.80317744e-02 -5.51584117e-02 -1.68387523e-02 5.67440833e-04 -1.05027154e-03 -9.73847477e-05
1600             1.01778795e-01 -6.16534314e-02 -1.73032869e-02 1.01199513e-01 -6.06246277e-02 -1.71994374e-02 5.79281766e-04 -1.02880370e-03 -1.03849510e-04
1601             1.03909881e-01 -6.70854344e-02 -1.74881308e-02 1.03324350e-01 -6.60788607e-02 -1.73797835e-02 5.85531476e-04 -1.00657375e-03 -1.08347305e-04
1602             1.05073204e-01 -7.22175425e-02 -1.74757461e-02 1.04487851e-01 -7.12321523e-02 -1.73651294e-02 5.85352813e-04 -9.85390208e-04 -1.10616718e-04
1603             1.05652446e-01 -7.71488680e-02 -1.72704501e-02 1.05072016e-01 -7.61830412e-02 -1.71598023e-02 5.80430099e-04 -9.65826798e-04 -1.10647806e-04
1604             1.05700183e-01 -8.19700093e-02 -1.68528512e-02 1.05129535e-01 -8.10196857e-02 -1.67441360e-02 5.70647753e-04 -9.50323620e-04 -1.08715244e-04
1605             1.05265541e-01 -8.61137453e-02 -1.62563060e-02 1.04710728e-01 -8.51736520e-02 -1.61515737e-02 5.54812816e-04 -9.40093311e-04 -1.04732303e-04
1606             1.04286978e-01 -8.90582737e-02 -1.55247529e-02 1.03754756e-01 -8.81231391e-02 -1.54256878e-02 5.32222367e-04 -9.35134692e-04 -9.90650446e-05
1607             1.03138120e-01 -9.06827437e-02 -1.47308263e-02 1.02635616e-01 -8.97453120e-02 -1.46390810e-02 5.02504109e-04 -9.37431645e-04 -9.17452895e-05
1608             1.02366801e-01 -9.13810984e-02 -1.39817457e-02 1.01899086e-01 -9.04341017e-02 -1.38984033e-02 4.67714758e-04 -9.46996728e-04 -8.33423673e-05
1609             1.02226410e-01 -9.10578044e-02 -1.33612274e-02 1.01796399e-01 -9.00946164e-02 -1.32865621e-02 4.30011910e-04 -9.63187925e-04 -7.46653350e-05
1610             1.02532387e-01 -8.91716823e-02 -1.29049403e-02 1.02141522e-01 -8.81865017e-02 -1.28383396e-02 3.90864340e-04 -9.85180612e-04 -6.66007279e-05
1611             1.03126416e-01 -8.56468388e-02 -1.26337762e-02 1.02772364e-01 -8.46385029e-02 -1.25734976e-02 3.54052543e-04 -1.00833586e-03 -6.02785392e-05
1612             1.04157457e-01 -8.10594383e-02 -1.25356604e-02 1.03834278e-01 -8.00281644e-02 -1.24793494e-02 3.23179548e-04 -1.03127390e-03 -5.63110908e-05
1613             1.05891853e-01 -7.59087051e-02 -1.25837432e-02 1.05590420e-01 -7.48557882e-02 -1.25288661e-02 3.01432788e-04 -1.05291685e-03 -5.48771582e-05
1614             1.08622330e-01 -7.08557767e-02 -1.27093527e-02 1.08326788e-01 -6.97845206e-02 -1.26531756e-02 2.95542949e-04 -1.07125605e-03 -5.61770717e-05
1615             1.12033782e-01 -6.56740737e-02 -1.28406278e-02 1.11727764e-01 -6.45887641e-02 -1.27812865e-02 3.06018466e-04 -1.08530960e-03 -5.93412434e-05
1616             1.16060810e-01 -6.03742870e-02 -1.29679993e-02 1.15727792e-01 -5.92804176e-02 -1.29038151e-02 3.33018232e-04 -1.09386943e-03 -6.41842090e-05
1617             1.20065080e-01 -5.49254543e-02 -1.31180944e-02 1.19693756e-01 -5.38288566e-02 -1.30486537e-02 3.71324210e-04 -1.09659775e-03 -6.94407900e-05
1618             1.23477662e-01 -4.96120245e-02 -1.33139407e-02 1.23060513e-01 -4.85166958e-02 -1.32392330e-02 4.17148623e-04 -1.09532872e-03 -7.47076455e-05
1619             1.25751735e-01 -4.49717062e-02 -1.35119595e-02 1.25287397e-01 -4.38785562e-02 -1.34323435e-02 4.64338605e-04 -1.09314999e-03 -7.96160024e-05
1620             1.26498937e-01 -4.17901996e-02 -1.36779930e-02 1.25991112e-01 -4.06993271e-02 -1.35942008e-02 5.07825673e-04 -1.09087253e-03 -8.37921909e-05
1621             1.25672476e-01 -3.94868572e-02 -1.38192341e-02 1.25127864e-01 -3.83979454e-02 -1.37322897e-02 5.44612553e-04 -1.08891170e-03 -8.69443589e-05
1622             1.23080105e-01 -3.75789357e-02 -1.39323742e-02 1.22507283e-01 -3.64919589e-02 -1.38434826e-02 5.72821817e-04 -1.08697683e-03 -8.88915629e-05
1623             1.18469537e-01 -3.62486004e-02 -1.40125439e-02 1.17878465e-01 -3.51640157e-02 -1.39228106e-02 5.91071854e-04 -1.08458476e-03 -8.97333042e-05
1624             1.12293074e-01 -3.57831047e-02 -1.40472594e-02 1.11695474e-01 -3.47015273e-02 -1.39578100e-02 5.97600693e-04 -1.08157748e-03 -8.94494108e-05
1625             1.05614078e-01 -3.62070994e-02 -1.40379123e-02 1.05020708e-01 -3.51285692e-02 -1.39499590e-02 5.93370647e-04 -1.07853023e-03 -8.79532956e-05
1626             9.90141344e-02 -3.72880708e-02 -1.40090645e-02 9.84346447e-02 -3.62120105e-02 -1.39238231e-02 5.79489701e-04 -1.07606024e-03 -8.52413383e-05
1627             9.33083710e-02 -3.89957254e-02 -1.40286399e-02 9.27498305e-02 -3.79219057e-02 -1.39469759e-02 5.58540492e-04 -1.07381965e-03 -8.16639730e-05
1628             8.91057773e-02 -4.13231543e-02 -1.41411721e-02 8.85722783e-02 -4.02528533e-02 -1.40632938e-02 5.33499065e-04 -1.07030105e-03 -7.78783109e-05
1629             8.67191260e-02 -4.44078427e-02 -1.43571183e-02 8.62122113e-02 -4.33433599e-02 -1.42824851e-02 5.06914677e-04 -1.06448280e-03 -7.46331615e-05
1630             8.58011686e-02 -4.85987860e-02 -1.46969574e-02 8.53181093e-02 -4.75436853e-02 -1.46239700e-02 4.83059243e-04 -1.05510062e-03 -7.29874200e-05
1631             8.61162193e-02 -5.37300908e-02 -1.51466643e-02 8.56519645e-02 -5.26873995e-02 -1.50733756e-02 4.64254814e-04 -1.04269132e-03 -7.32886954e-05
1632             8.75652969e-02 -5.91392518e-02 -1.56579341e-02 8.71119766e-02 -5.81109329e-02 -1.55821704e-02 4.53320352e-04 -1.02831891e-03 -7.57636433e-05
1633             8.96689360e-02 -6.43658529e-02 -1.61423358e-02 8.92154775e-02 -6.33525578e-02 -1.60620136e-02 4.53458501e-04 -1.01329510e-03 -8.03221826e-05
1634             9.19558900e-02 -6.93807813e-02 -1.64992358e-02 9.14937571e-02 -6.83810409e-02 -1.64135643e-02 4.62132885e-04 -9.99740466e-04 -8.56715500e-05
1635             9.48364659e-02 -7.44421326e-02 -1.67449184e-02 9.43574194e-02 -7.34558785e-02 -1.66533102e-02 4.79046500e-04 -9.86254118e-04 -9.16081706e-05
1636             9.84053133e-02 -7.99061755e-02 -1.68804470e-02 9.79070167e-02 -7.89317837e-02 -1.67839343e-02 4.98296544e-04 -9.74391771e-04 -9.65126908e-05
1637             1.02382970e-01 -8.45897359e-02 -1.68708487e-02 1.01865856e-01 -8.36244485e-02 -1.67706086e-02 5.17113778e-04 -9.65287385e-04 -1.00240028e-04
1638             1.06214535e-01 -8.78803527e-02 -1.66841430e-02 1.05682964e-01 -8.69198864e-02 -1.65817881e-02 5.31571093e-04 -9.60466236e-04 -1.02354932e-04
1639             1.09488811e-01 -8.99137006e-02 -1.63210259e-02 1.08949726e-01 -8.89531641e-02 -1.62182788e-02 5.39084920e-04 -9.60536481e-04 -1.02747043e-04
1640             1.12030159e-01 -9.12374737e-02 -1.58078981e-02 1.11491587e-01 -9.02716088e-02 -1.57065982e-02 5.38571758e-04 -9.65864879e-04 -1.01299886e-04
1641             1.13847488e-01 -9.19668510e-02 -1.51738326e-02 1.13317406e-01 -9.09899208e-02 -1.50756606e-02 5.30082406e-04 -9.76930167e-04 -9.81720251e-05
1642             1.14450771e-01 -9.12615739e-02 -1.44802433e-02 1.13938221e-01 -9.02695464e-02 -1.43865665e-02 5.12550091e-04 -9.92027518e-04 -9.36768436e-05
1643             1.13412343e-01 -8.86901709e-02 -1.37536282e-02 1.12927282e-01 -8.76825659e-02 -1.36656391e-02 4.85061025e-04 -1.00760504e-03 -8.79891522e-05
1644             1.11263411e-01 -8.44736412e-02 -1.30435751e-02 1.10815795e-01 -8.34522920e-02 -1.29623709e-02 4.47616187e-04 -1.02134922e-03 -8.12041748e-05
1645             1.08791830e-01 -7.95576822e-02 -1.24132082e-02 1.08387847e-01 -7.85241378e-02 -1.23394773e-02 4.03982737e-04 -1.03354446e-03 -7.37309571e-05
1646             1.06577599e-01 -7.46529159e-02 -1.19252987e-02 1.06217281e-01 -7.36079952e-02 -1.18590543e-02 3.60317369e-04 -1.04492066e-03 -6.62444174e-05
1647             1.05271241e-01 -6.98350566e-02 -1.16003125e-02 1.04947879e-01 -6.87795600e-02 -1.15411417e-02 3.23362503e-04 -1.05549662e-03 -5.91708074e-05
1648             1.05214922e-01 -6.45848524e-02 -1.14593495e-02 1.04915098e-01 -6.35189726e-02 -1.14058450e-02 2.99824001e-04 -1.06587976e-03 -5.35044598e-05
1649             1.06260196e-01 -5.87638234e-02 -1.15114484e-02 1.05965619e-01 -5.76891838e-02 -1.14611187e-02 2.94576889e-04 -1.07463964e-03 -5.03297189e-05
1650             1.07780481e-01 -5.30095493e-02 -1.17484478e-02 1.07472881e-01 -5.19274597e-02 -1.16986252e-02 3.07599390e-04 -1.08208968e-03 -4.98226467e-05
1651             1.09455320e-01 -4.82324752e-02 -1.21422527e-02 1.09117446e-01 -4.71438167e-02 -1.20900716e-02 3.37874351e-04 -1.08865850e-03 -5.21811517e-05
1652             1.11168309e-01 -4.45698690e-02 -1.26353972e-02 1.10787739e-01 -4.34741602e-02 -1.25780313e-02 3.80569837e-04 -1.09570880e-03 -5.73659178e-05
1653             1.12548321e-01 -4.17589289e-02 -1.31659781e-02 1.12118372e-01 -4.06570117e-02 -1.31016168e-02 4.29948610e-04 -1.10191722e-03 -6.43612899e-05
1654             1.13659041e-01 -3.93903062e-02 -1.37546050e-02 1.13176166e-01 -3.82845886e-02 -1.36820142e-02 4.82874137e-04 -1.10571757e-03 -7.25907294e-05
1655             1.14105060e-01 -3.73197002e-02 -1.43598396e-02 1.13572740e-01 -3.62124735e-02 -1.42791700e-02 5.32320554e-04 -1.10722675e-03 -8.06696520e-05
1656             1.13619292e-01 -3.60666098e-02 -1.49357651e-02 1.13044912e-01 -3.49604926e-02 -1.48476691e-02 5.74380083e-04 -1.10611715e-03 -8.80960501e-05
1657             1.12422663e-01 -3.59255461e-02 -1.54304140e-02 1.11816518e-01 -3.48219924e-02 -1.53359899e-02 6.06144861e-04 -1.10355371e-03 -9.44240491e-05
1658             1.10874204e-01 -3.68148908e-02 -1.58063055e-02 1.10246718e-01 -3.57150876e-02 -1.57070167e-02 6.27485971e-04 -1.09980315e-03 -9.92887339e-05
1659             1.08898454e-01 -3.83896947e-02 -1.60319012e-02 1.08260354e-01 -3.72950808e-02 -1.59294455e-02 6.38099957e-04 -1.09461391e-03 -1.02455698e-04
1660             1.06421139e-01 -4.05310128e-02 -1.60726258e-02 1.05783147e-01 -3.94427136e-02 -1.59686890e-02 6.37992673e-04 -1.08829922e-03 -1.03936760e-04
1661             1.03460850e-01 -4.37583393e-02 -1.59653426e-02 1.02835174e-01 -4.26802857e-02 -1.58618735e-02 6.25676654e-04 -1.07805360e-03 -1.03469147e-04
1662             1.00111922e-01 -4.78999663e-02 -1.57419576e-02 9.95109488e-02 -4.68359093e-02 -1.56409019e-02 6.00973455e-04 -1.06405695e-03 -1.01055657e-04
1663             9.64020828e-02 -5.27038276e-02 -1.54625767e-02 9.58371971e-02 -5.16577355e-02 -1.53656662e-02 5.64885732e-04 -1.04609216e-03 -9.69104870e-05
1664             9.26992033e-02 -5.76126995e-02 -1.52039919e-02 9.21776296e-02 -5.65864872e-02 -1.51122761e-02 5.21573657e-04 -1.02621237e-03 -9.17158025e-05
1665             8.96306751e-02 -6.24655210e-02 -1.50283409e-02 8.91541380e-02 -6.14587593e-02 -1.49422864e-02 4.76537187e-04 -1.00676165e-03 -8.60544373e-05
1666             8.73840812e-02 -6.73666567e-02 -1.49376319e-02 8.69477538e-02 -6.63761177e-02 -1.48570724e-02 4.36327396e-04 -9.90538995e-04 -8.05594184e-05
1667             8.62167151e-02 -7.26841753e-02 -1.49325641e-02 8.58107858e-02 -7.17048006e-02 -1.48564375e-02 4.05929342e-04 -9.79374712e-04 -7.61266178e-05
1668             8.64016924e-02 -7.79488498e-02 -1.50086810e-02 8.60132367e-02 -7.69769574e-02 -1.49353748e-02 3.88455746e-04 -9.71892458e-04 -7.33061243e-05
1669             8.80585730e-02 -8.27177957e-02 -1.51286963e-02 8.76747821e-02 -8.17493582e-02 -1.50565135e-02 3.83790954e-04 -9.68437480e-04 -7.21827583e-05
1670             9.09910189e-02 -8.63273506e-02 -1.52373998e-02 9.05996982e-02 -8.53586459e-02 -1.51643721e-02 3.91320726e-04 -9.68704760e-04 -7.30276782e-05
1671             9.45582072e-02 -8.87178501e-02 -1.52633160e-02 9.41516059e-02 -8.77461740e-02 -1.51878972e-02 4.06601246e-04 -9.71676077e-04 -7.54187611e-05
1672             9.85659140e-02 -9.03088547e-02 -1.51834403e-02 9.81384443e-02 -8.93301970e-02 -1.51044103e-02 4.27469772e-04 -9.78657723e-04 -7.90300128e-05
1673             1.02947914e-01 -9.12904094e-02 -1.50388736e-02 1.02500312e-01 -9.03023759e-02 -1.49564433e-02 4.47601888e-04 -9.88033555e-04 -8.24303156e-05
1674             1.07528067e-01 -9.13461196e-02 -1.48717063e-02 1.07064073e-01 -9.03459578e-02 -1.47865102e-02 4.63993435e-04 -1.00016185e-03 -8.51960984e-05
1675             1.11489981e-01 -8.96513057e-02 -1.46811943e-02 1.11016198e-01 -8.86373605e-02 -1.45940765e-02 4.73782826e-04 -1.01394526e-03 -8.71178154e-05
1676             1.14357189e-01 -8.63865646e-02 -1.44459648e-02 1.13881618e-01 -8.53598660e-02 -1.43578608e-02 4.75571386e-04 -1.02669853e-03 -8.81039628e-05
1677             1.16344914e-01 -8.25052272e-02 -1.41649223e-02 1.15875617e-01 -8.14677539e-02 -1.40768798e-02 4.69297086e-04 -1.03747327e-03 -8.80424731e-05
1678             1.17545358e-01 -7.83756373e-02 -1.38351797e-02 1.17087996e-01 -7.73280958e-02 -1.37480951e-02 4.57361336e-04 -1.04754155e-03 -8.70846273e-05
1679             1.17873871e-01 -7.40620923e-02 -1.34479316e-02 1.17430577e-01 -7.30051903e-02 -1.33627815e-02 4.43293335e-04 -1.05690192e-03 -8.51500970e-05
1680             1.17313822e-01 -6.91503583e-02 -1.29980095e-02 1.16884126e-01 -6.80858050e-02 -1.29159951e-02 4.29695385e-04 -1.06455332e-03 -8.20143956e-05
1681             1.15956185e-01 -6.35189616e-02 -1.25167629e-02 1.15539212e-01 -6.24488309e-02 -1.24391401e-02 4.16972937e-04 -1.07013061e-03 -7.76227899e-05
1682             1.13810250e-01 -5.77111785e-02 -1.20688754e-02 1.13404348e-01 -5.66374832e-02 -1.19966255e-02 4.05901546e-04 -1.07369536e-03 -7.22499437e-05
1683             1.11125693e-01 -5.25327301e-02 -1.17635827e-02 1.10727752e-01 -5.14565830e-02 -1.16970736e-02 3.97941536e-04 -1.07614712e-03 -6.65091262e-05
1684             1.08249888e-01 -4.78861126e-02 -1.16528002e-02 1.07855808e-01 -4.68064795e-02 -1.15915825e-02 3.94079923e-04 -1.07963314e-03 -6.12177639e-05
1685             1.05590478e-01 -4.40753674e-02 -1.17505935e-02 1.05195952e-01 -4.29902034e-02 -1.16932419e-02 3.94526238e-04 -1.08516399e-03 -5.73515891e-05
1686             1.03564195e-01 -4.09102695e-02 -1.20938487e-02 1.03161525e-01 -3.98179368e-02 -1.20380491e-02 4.02669153e-04 -1.09233264e-03 -5.57995354e-05
1687             1.02293242e-01 -3.82041064e-02 -1.26667149e-02 1.01874043e-01 -3.71049904e-02 -1.26099380e-02 4.19198555e-04 -1.09911598e-03 -5.67769295e-05
1688             1.01357656e-01 -3.62924173e-02 -1.34028384e-02 1.00914347e-01 -3.51875735e-02 -1.33424514e-02 4.43308670e-04 -1.10484377e-03 -6.03869912e-05
1689             1.00792094e-01 -3.53774540e-02 -1.42157737e-02 1.00317868e-01 -3.42696456e-02 -1.41490361e-02 4.74225396e-04 -1.10780839e-03 -6.67376203e-05
1690             1.00730557e-01 -3.55551981e-02 -1.49756173e-02 1.00223559e-01 -3.44470901e-02 -1.49010103e-02 5.06997385e-04 -1.10810803e-03 -7.46070590e-05
1691             1.01296604e-01 -3.66153358e-02 -1.56435060e-02 1.00756311e-01 -3.55097410e-02 -1.55600363e-02 5.40292873e-04 -1.10559483e-03 -8.34696666e-05
1692             1.02135394e-01 -3.86104195e-02 -1.61948796e-02 1.01568267e-01 -3.75101987e-02 -1.61033549e-02 5.67127667e-04 -1.10022073e-03 -9.15247238e-05
1693             1.03293045e-01 -4.16232109e-02 -1.66122662e-02 1.02707393e-01 -4.05310502e-02 -1.65139122e-02 5.85652196e-04 -1.09216071e-03 -9.83540428e-05
1694             1.04591017e-01 -4.56080507e-02 -1.68662734e-02 1.03997714e-01 -4.45269837e-02 -1.67628529e-02 5.93303037e-04 -1.08106699e-03 -1.03420486e-04
1695             1.05362910e-01 -5.01938783e-02 -1.69558133e-02 1.04772456e-01 -4.91274667e-02 -1.68491855e-02 5.90453511e-04 -1.06641161e-03 -1.06627808e-04
1696             1.05315123e-01 -5.52598907e-02 -1.69102672e-02 1.04736953e-01 -5.42109284e-02 -1.68022081e-02 5.78169230e-04 -1.04896225e-03 -1.08059115e-04
1697             1.04691949e-01 -6.03904093e-02 -1.67387903e-02 1.04132679e-01 -5.93595077e-02 -1.66308188e-02 5.59269643e-04 -1.03090157e-03 -1.07971440e-04
1698             1.03342954e-01 -6.58813324e-02 -1.64498658e-02 1.02805552e-01 -6.48673670e-02 -1.63434898e-02 5.37402001e-04 -1.01396544e-03 -1.06376012e-04
1699             1.01036338e-01 -7.14945863e-02 -1.60312928e-02 1.00522412e-01 -7.04955650e-02 -1.59282496e-02 5.13926864e-04 -9.99021296e-04 -1.03043228e-04
1700             9.80639586e-02 -7.67317447e-02 -1.55114405e-02 9.75757997e-02 -7.57458080e-02 -1.54135543e-02 4.88158859e-04 -9.85936699e-04 -9.78862434e-05
1701             9.49757082e-02 -8.13749142e-02 -1.49523474e-02 9.45147398e-02 -8.03999075e-02 -1.48613229e-02 4.60968327e-04 -9.75006749e-04 -9.10245050e-05
1702             9.23274359e-02 -8.51299628e-02 -1.44159765e-02 9.18949634e-02 -8.41625453e-02 -1.43328900e-02 4.32472472e-04 -9.67417561e-04 -8.30864338e-05
1703             9.03852164e-02 -8.78460372e-02 -1.39329497e-02 8.99809655e-02 -8.68822870e-02 -1.38581032e-02 4.04250925e-04 -9.63750138e-04 -7.48464625e-05
1704             8.94047914e-02 -8.96859075e-02 -1.35358829e-02 8.90258553e-02 -8.87207719e-02 -1.34683764e-02 3.78936171e-04 -9.65135529e-04 -6.75065108e-05
1705             8.95975317e-02 -9.06313120e-02 -1.32581364e-02 8.92370515e-02 -8.96587294e-02 -1.31960806e-02 3.60480215e-04 -9.72582628e-04 -6.20557731e-05
1706             9.11647588e-02 -9.09199744e-02 -1.31145113e-02 9.08145370e-02 -8.99352124e-02 -1.30558202e-02 3.50221766e-04 -9.84761952e-04 -5.86911351e-05
1707             9.39477673e-02 -9.01290452e-02 -1.31262560e-02 9.35984019e-02 -8.91285189e-02 -1.30683194e-02 3.49365414e-04 -1.00052628e-03 -5.79365864e-05
1708             9.74060442e-02 -8.81549213e-02 -1.32471432e-02 9.70482562e-02 -8.71373398e-02 -1.31870797e-02 3.57787913e-04 -1.01758159e-03 -6.00634799e-05
1709             1.01231349e-01 -8.50746615e-02 -1.33981437e-02 1.00860159e-01 -8.40415270e-02 -1.33340639e-02 3.71190686e-04 -1.03313449e-03 -6.40797622e-05
1710             1.05555060e-01 -8.14028330e-02 -1.35936425e-02 1.05166671e-01 -8.03560428e-02 -1.35240935e-02 3.88388917e-04 -1.04679020e-03 -6.95489861e-05
1711             1.10081847e-01 -7.71285858e-02 -1.37862003e-02 1.09676158e-01 -7.60692536e-02 -1.37110340e-02 4.05688853e-04 -1.05933222e-03 -7.51662317e-05
1712             1.14366325e-01 -7.24302542e-02 -1.39221666e-02 1.13942279e-01 -7.13593648e-02 -1.38419862e-02 4.24045407e-04 -1.07088940e-03 -8.01803898e-05
1713             1.17972781e-01 -6.72948579e-02 -1.39668376e-02 1.17530613e-01 -6.62133796e-02 -1.38829570e-02 4.42167436e-04 -1.08147835e-03 -8.38806036e-05
1714             1.20785116e-01 -6.22274441e-02 -1.39303513e-02 1.20325117e-01 -6.11376880e-02 -1.38441900e-02 4.59998204e-04 -1.08975615e-03 -8.61612906e-05
1715             1.22246141e-01 -5.71649930e-02 -1.38300179e-02 1.21768014e-01 -5.60693098e-02 -1.37428114e-02 4.78127333e-04 -1.09568320e-03 -8.72064997e-05
1716             1.21955891e-01 -5.22985420e-02 -1.36625015e-02 1.21459611e-01 -5.11987774e-02 -1.35752268e-02 4.96279748e-04 -1.09976458e-03 -8.72747329e-05
1717             1.20135288e-01 -4.78693425e-02 -1.34744955e-02 1.19623928e-01 -4.67663218e-02 -1.33880766e-02 5.11360128e-04 -1.10302069e-03 -8.64188845e-05
1718             1.17077393e-01 -4.40734592e-02 -1.32972143e-02 1.16556244e-01 -4.29688530e-02 -1.32125131e-02 5.21149017e-04 -1.10460618e-03 -8.47012515e-05
1719             1.13080814e-01 -4.09671955e-02 -1.31827512e-02 1.12555960e-01 -3.98625945e-02 -1.31006993e-02 5.24854700e-04 -1.10460105e-03 -8.20519125e-05
1720             1.08459669e-01 -3.81739152e-02 -1.31851048e-02 1.07936815e-01 -3.70710730e-02 -1.31063606e-02 5.22854548e-04 -1.10284219e-03 -7.87442267e-05
1721             1.03687749e-01 -3.62188952e-02 -1.33434033e-02 1.03172431e-01 -3.51204455e-02 -1.32681187e-02 5.15317411e-04 -1.09844972e-03 -7.52845658e-05
1722             9.93224960e-02 -3.52739674e-02 -1.36287203e-02 9.88191331e-02 -3.41811597e-02 -1.35563933e-02 5.03362904e-04 -1.09280770e-03 -7.23270707e-05
1723             9.58592006e-02 -3.55902795e-02 -1.40059669e-02 9.53686286e-02 -3.45028906e-02 -1.39353762e-02 4.90571992e-04 -1.08738890e-03 -7.05907420e-05
1724             9.32374192e-02 -3.72912788e-02 -1.44415302e-02 9.27577730e-02 -3.62083616e-02 -1.43710730e-02 4.79646219e-04 -1.08291714e-03 -7.04571854e-05
1725             9.17305585e-02 -4.00236809e-02 -1.49128359e-02 9.12592621e-02 -3.89434187e-02 -1.48409429e-02 4.71296430e-04 -1.08026226e-03 -7.18930807e-05
1726             9.14964965e-02 -4.35771340e-02 -1.53815929e-02 9.10284770e-02 -4.25002683e-02 -1.53063789e-02 4.68019539e-04 -1.07686564e-03 -7.52139629e-05
1727             9.25316860e-02 -4.75930550e-02 -1.57929498e-02 9.20628327e-02 -4.65215339e-02 -1.57130495e-02 4.68853383e-04 -1.07152115e-03 -7.99002362e-05
1728             9.43810628e-02 -5.20104318e-02 -1.61293054e-02 9.39070084e-02 -5.09475507e-02 -1.60435499e-02 4.74054412e-04 -1.06288116e-03 -8.57555079e-05
1729             9.68477101e-02 -5.70514504e-02 -1.64244688e-02 9.63660571e-02 -5.60003175e-02 -1.63325888e-02 4.81653021e-04 -1.05113286e-03 -9.18800082e-05
1730             9.97796700e-02 -6.27485963e-02 -1.66654124e-02 9.92895026e-02 -6.17102778e-02 -1.65679429e-02 4.90167325e-04 -1.03831841e-03 -9.74694833e-05
1731             1.02493101e-01 -6.83633646e-02 -1.67996780e-02 1.01993645e-01 -6.73373172e-02 -1.66977860e-02 4.99456542e-04 -1.02604744e-03 -1.01891959e-04
1732             1.04441595e-01 -7.36344144e-02 -1.67772062e-02 1.03933428e-01 -7.26187575e-02 -1.66726181e-02 5.08167010e-04 -1.01565683e-03 -1.04588128e-04
1733             1.05527677e-01 -7.84067852e-02 -1.65797724e-02 1.05013712e-01 -7.74011434e-02 -1.64745014e-02 5.13964920e-04 -1.00564173e-03 -1.05270924e-04
1734             1.05596031e-01 -8.29052888e-02 -1.62067507e-02 1.05080102e-01 -8.19091531e-02 -1.61029034e-02 5.15928982e-04 -9.96135752e-04 -1.03847358e-04
1735             1.04612374e-01 -8.66832049e-02 -1.56501281e-02 1.04100072e-01 -8.56951508e-02 -1.55496041e-02 5.12301762e-04 -9.88054099e-04 -1.00523962e-04
1736             1.02536208e-01 -8.90732327e-02 -1.49381435e-02 1.02035225e-01 -8.80924540e-02 -1.48427030e-02 5.00982949e-04 -9.80778698e-04 -9.54405008e-05
1737             9.96480059e-02 -9.03097529e-02 -1.41304973e-02 9.91661961e-02 -8.93337329e-02 -1.40416704e-02 4.81809855e-04 -9.76020001e-04 -8.88268891e-05
1738             9.66212753e-02 -9.07221540e-02 -1.33217709e-02 9.61655912e-02 -8.97471693e-02 -1.32408840e-02 4.55684104e-04 -9.74984727e-04 -8.08869292e-05
1739             9.43340588e-02 -9.05576436e-02 -1.26458442e-02 9.39081869e-02 -8.95797012e-02 -1.25734810e-02 4.25871901e-04 -9.77942429e-04 -7.23631756e-05
1740             9.29419880e-02 -8.94913346e-02 -1.21799255e-02 9.25465141e-02 -8.85056808e-02 -1.21155909e-02 3.95473929e-04 -9.85653802e-04 -6.43346683e-05
1741             9.23866818e-02 -8.72579937e-02 -1.19485949e-02 9.20199456e-02 -8.62604433e-02 -1.18908376e-02 3.66736241e-04 -9.97550394e-04 -5.77572733e-05
1742             9.30630033e-02 -8.38305240e-02 -1.19538712e-02 9.27195407e-02 -8.28183828e-02 -1.19002934e-02 3.43462551e-04 -1.01214123e-03 -5.35777798e-05
1743             9.49958724e-02 -7.95721615e-02 -1.21528899e-02 9.46672230e-02 -7.85425696e-02 -1.21007520e-02 3.28649332e-04 -1.02959190e-03 -5.21379191e-05
1744             9.78067675e-02 -7.49827157e-02 -1.24909225e-02 9.74826551e-02 -7.39332941e-02 -1.24375932e-02 3.24112434e-04 -1.04942155e-03 -5.33293032e-05
1745             1.01276129e-01 -7.05800587e-02 -1.28793090e-02 1.00942256e-01 -6.95105790e-02 -1.28221955e-02 3.33872238e-04 -1.06947966e-03 -5.71135129e-05
1746             1.05066776e-01 -6.59876473e-02 -1.32278218e-02 1.04711510e-01 -6.48987612e-02 -1.31654827e-02 3.55266652e-04 -1.08888610e-03 -6.23390836e-05
1747             1.09111826e-01 -6.08711344e-02 -1.35557582e-02 1.08723293e-01 -5.97675211e-02 -1.34868302e-02 3.88532802e-04 -1.10361330e-03 -6.89280011e-05
1748             1.13103095e-01 -5.55556094e-02 -1.38935161e-02 1.12674957e-01 -5.44419684e-02 -1.38179691e-02 4.28138234e-04 -1.11364100e-03 -7.55470448e-05
1749             1.16740134e-01 -5.04309958e-02 -1.42513608e-02 1.16268277e-01 -4.93108424e-02 -1.41694387e-02 4.71857245e-04 -1.12015333e-03 -8.19220676e-05
1750             1.19557163e-01 -4.60991562e-02 -1.45834767e-02 1.19043159e-01 -4.49751655e-02 -1.44956516e-02 5.14003842e-04 -1.12399061e-03 -8.78250509e-05
1751             1.21284836e-01 -4.26298818e-02 -1.48734136e-02 1.20732972e-01 -4.15048014e-02 -1.47805521e-02 5.51863366e-04 -1.12508041e-03 -9.28615006e-05
1752             1.21800735e-01 -3.98552775e-02 -1.51173929e-02 1.21217584e-01 -3.87324883e-02 -1.50207074e-02 5.83151441e-04 -1.12278926e-03 -9.66854935e-05
1753             1.20787368e-01 -3.75646390e-02 -1.52909621e-02 1.20182409e-01 -3.64478911e-02 -1.51918618e-02 6.04958883e-04 -1.11674792e-03 -9.91003429e-05
1754             1.17931833e-01 -3.61695597e-02 -1.53659965e-02 1.17316788e-01 -3.50628404e-02 -1.52658937e-02 6.15045151e-04 -1.10671929e-03 -1.00102789e-04
1755             1.13422294e-01 -3.62713604e-02 -1.53101301e-02 1.12811303e-01 -3.51778239e-02 -1.52106783e-02 6.10990774e-04 -1.09353650e-03 -9.94518649e-05
1756             1.07754597e-01 -3.77502522e-02 -1.51225845e-02 1.07162484e-01 -3.66696806e-02 -1.50257549e-02 5.92112939e-04 -1.08057155e-03 -9.68295993e-05
1757             1.01419333e-01 -4.01091350e-02 -1.48563043e-02 1.00858988e-01 -3.90399033e-02 -1.47639823e-02 5.60345566e-04 -1.06923174e-03 -9.23219609e-05
1758             9.55800835e-02 -4.28065141e-02 -1.46032791e-02 9.50603722e-02 -4.17466267e-02 -1.45166977e-02 5.19711293e-04 -1.05988735e-03 -8.65813528e-05
1759             9.11795734e-02 -4.60409345e-02 -1.44304471e-02 9.07052273e-02 -4.49887703e-02 -1.43500427e-02 4.74346046e-04 -1.05216417e-03 -8.04044046e-05
1760             8.84864756e-02 -4.98401558e-02 -1.43786036e-02 8.80545979e-02 -4.87942322e-02 -1.43035757e-02 4.31877739e-04 -1.04592362e-03 -7.50278799e-05
1761             8.72044886e-02 -5.47878740e-02 -1.44733693e-02 8.68065527e-02 -5.37476854e-02 -1.44017218e-02 3.97935935e-04 -1.04018860e-03 -7.16475177e-05
1762             8.73943092e-02 -6.01429197e-02 -1.47194304e-02 8.70192827e-02 -5.91078629e-02 -1.46488884e-02 3.75026497e-04 -1.03505677e-03 -7.05420393e-05
1763             8.88737529e-02 -6.54324044e-02 -1.50498862e-02 8.85067130e-02 -6.44015590e-02 -1.49780055e-02 3.67039904e-04 -1.03084545e-03 -7.18807719e-05
1764             9.10431116e-02 -7.04384516e-02 -1.53752111e-02 9.06684573e-02 -6.94111876e-02 -1.52998349e-02 3.74654245e-04 -1.02726401e-03 -7.53762445e-05
1765             9.32798270e-02 -7.51456916e-02 -1.55889094e-02 9.28873934e-02 -7.41222900e-02 -1.55091513e-02 3.92433642e-04 -1.02340156e-03 -7.97580856e-05
1766             9.56196430e-02 -7.97308901e-02 -1.57158706e-02 9.52011782e-02 -7.87136902e-02 -1.56312748e-02 4.18464782e-04 -1.01719991e-03 -8.45957054e-05
1767             9.80156299e-02 -8.37900636e-02 -1.57317569e-02 9.75707168e-02 -8.27805116e-02 -1.56432666e-02 4.44913065e-04 -1.00955200e-03 -8.84902712e-05
1768             1.00114287e-01 -8.68972404e-02 -1.56071245e-02 9.96453732e-02 -8.58961199e-02 -1.55159024e-02 4.68914079e-04 -1.00112051e-03 -9.12221277e-05
1769             1.01681965e-01 -8.87569091e-02 -1.53440698e-02 1.01195435e-01 -8.77643417e-02 -1.52515469e-02 4.86529691e-04 -9.92567403e-04 -9.25229520e-05
1770             1.02968063e-01 -8.97290730e-02 -1.49786238e-02 1.02470280e-01 -8.87420929e-02 -1.48862132e-02 4.97782651e-04 -9.86980026e-04 -9.24106084e-05
1771             1.04209876e-01 -9.05641682e-02 -1.45521315e-02 1.03706306e-01 -8.95797556e-02 -1.44611113e-02 5.03570660e-04 -9.84412554e-04 -9.10202351e-05
1772             1.05102957e-01 -9.08892879e-02 -1.40839595e-02 1.04598941e-01 -8.99026585e-02 -1.39952281e-02 5.04015799e-04 -9.86629387e-04 -8.87314360e-05
1773             1.05154782e-01 -8.97542670e-02 -1.36237515e-02 1.04657209e-01 -8.87610553e-02 -1.35380777e-02 4.97572889e-04 -9.93211760e-04 -8.56738125e-05
1774             1.04277172e-01 -8.69172779e-02 -1.31756790e-02 1.03794576e-01 -8.59154935e-02 -1.30937895e-02 4.82595475e-04 -1.00178436e-03 -8.18895483e-05
1775             1.02747178e-01 -8.29084130e-02 -1.27551014e-02 1.02289461e-01 -8.18959838e-02 -1.26779327e-02 4.57716566e-04 -1.01242918e-03 -7.71686701e-05
1776             1.01027659e-01 -7.84952757e-02 -1.24054064e-02 1.00602235e-01 -7.74689495e-02 -1.23335828e-02 4.25424651e-04 -1.02632619e-03 -7.18235823e-05
1777             9.94662304e-02 -7.42751995e-02 -1.21799638e-02 9.90750757e-02 -7.32319435e-02 -1.21137654e-02 3.91154706e-04 -1.04325599e-03 -6.61983195e-05
1778             9.84774796e-02 -6.95970658e-02 -1.20821429e-02 9.81166688e-02 -6.85352184e-02 -1.20212899e-02 3.60810761e-04 -1.06184742e-03 -6.08529926e-05
1779             9.85857317e-02 -6.43235432e-02 -1.21343721e-02 9.82450513e-02 -6.32431609e-02 -1.20775133e-02 3.40680458e-04 -1.08038233e-03 -5.68588497e-05
1780             9.98486262e-02 -5.85294503e-02 -1.23614294e-02 9.95120216e-02 -5.74325350e-02 -1.23061832e-02 3.36604656e-04 -1.09691527e-03 -5.52461620e-05
1781             1.02047764e-01 -5.28891392e-02 -1.27629458e-02 1.01698575e-01 -5.17786373e-02 -1.27067193e-02 3.49188836e-04 -1.11050199e-03 -5.62265818e-05
1782             1.04916193e-01 -4.79497924e-02 -1.33073929e-02 1.04537974e-01 -4.68281794e-02 -1.32472794e-02 3.78218956e-04 -1.12161296e-03 -6.01135048e-05
1783             1.08236387e-01 -4.38762055e-02 -1.39234793e-02 1.07817916e-01 -4.27470929e-02 -1.38569173e-02 4.18470764e-04 -1.12911261e-03 -6.65620510e-05
1784             1.11569145e-01 -4.06847310e-02 -1.45555537e-02 1.11103015e-01 -3.95528298e-02 -1.44807550e-02 4.66129176e-04 -1.13190119e-03 -7.47987097e-05
1785             1.14513871e-01 -3.78571408e-02 -1.51819020e-02 1.13999360e-01 -3.67282542e-02 -1.50983783e-02 5.14510464e-04 -1.12888653e-03 -8.35237641e-05
1786             1.16518379e-01 -3.59973225e-02 -1.57509239e-02 1.15962472e-01 -3.48771789e-02 -1.56593689e-02 5.55906776e-04 -1.12014360e-03 -9.15549859e-05
1787             1.17313550e-01 -3.57183068e-02 -1.61989779e-02 1.16728067e-01 -3.46104147e-02 -1.61007178e-02 5.85482343e-04 -1.10789204e-03 -9.82601190e-05
1788             1.16720936e-01 -3.68983598e-02 -1.64669192e-02 1.16119919e-01 -3.58034832e-02 -1.63637906e-02 6.01016850e-04 -1.09487656e-03 -1.03128513e-04
1789             1.14786072e-01 -3.90929149e-02 -1.65284376e-02 1.14183134e-01 -3.80096298e-02 -1.64225726e-02 6.02938198e-04 -1.08328511e-03 -1.05865005e-04
1790             1.11805619e-01 -4.18690205e-02 -1.64030121e-02 1.11213429e-01 -4.07948834e-02 -1.62966104e-02 5.92189912e-04 -1.07413717e-03 -1.06401722e-04
1791             1.08444190e-01 -4.50143651e-02 -1.61107706e-02 1.07871902e-01 -4.39475958e-02 -1.60056077e-02 5.72287978e-04 -1.06676929e-03 -1.05162929e-04
1792             1.05100416e-01 -4.90217559e-02 -1.57026395e-02 1.04556403e-01 -4.79621542e-02 -1.56005429e-02 5.44012604e-04 -1.05960171e-03 -1.02096626e-04
1793             1.01538734e-01 -5.37001082e-02 -1.52299384e-02 1.01028831e-01 -5.26489599e-02 -1.51324239e-02 5.09902829e-04 -1.05114824e-03 -9.75145329e-05
1794             9.76659696e-02 -5.86503977e-02 -1.47580348e-02 9.71948515e-02 -5.76087642e-02 -1.46663827e-02 4.71118058e-04 -1.04163354e-03 -9.16521225e-05
1795             9.40818258e-02 -6.33532669e-02 -1.43660183e-02 9.36509114e-02 -6.23216503e-02 -1.42808989e-02 4.30914468e-04 -1.03161662e-03 -8.51194429e-05
1796             9.08738563e-02 -6.78444351e-02 -1.40840425e-02 9.04800744e-02 -6.68217017e-02 -1.40056678e-02 3.93781898e-04 -1.02273330e-03 -7.83747405e-05
1797             8.81241775e-02 -7.23387823e-02 -1.38994652e-02 8.77606516e-02 -7.13226369e-02 -1.38274553e-02 3.63525849e-04 -1.01614542e-03 -7.20098992e-05
1798             8.61607894e-02 -7.67694565e-02 -1.38134052e-02 8.58172238e-02 -7.57588614e-02 -1.37464188e-02 3.43565600e-04 -1.01059508e-03 -6.69863561e-05
1799             8.49982837e-02 -8.09559381e-02 -1.38183632e-02 8.46628662e-02 -7.99506523e-02 -1.37547749e-02 3.35417511e-04 -1.00528581e-03 -6.35882273e-05
1800             8.49407894e-02 -8.44060832e-02 -1.38946077e-02 8.46022065e-02 -8.34056120e-02 -1.38324769e-02 3.38582880e-04 -1.00047114e-03 -6.21308147e-05
1801             8.58764603e-02 -8.67938966e-02 -1.39884345e-02 8.55220739e-02 -8.57986792e-02 -1.39252117e-02 3.54386394e-04 -9.95217375e-04 -6.32227170e-05
1802             8.78850014e-02 -8.86209293e-02 -1.40507789e-02 8.75067029e-02 -8.76301776e-02 -1.39846900e-02 3.78298535e-04 -9.90751657e-04 -6.60889077e-05
1803             9.09313707e-02 -8.99708118e-02 -1.40961821e-02 9.05210342e-02 -8.89816978e-02 -1.40255249e-02 4.10336494e-04 -9.89114003e-04 -7.06572070e-05
1804             9.51503674e-02 -9.09470834e-02 -1.41642775e-02 9.47071253e-02 -8.99562950e-02 -1.40889382e-02 4.43242009e-04 -9.90788350e-04 -7.53393348e-05
1805             9.99924883e-02 -9.06316216e-02 -1.42828944e-02 9.95192062e-02 -8.96349142e-02 -1.42030009e-02 4.73282171e-04 -9.96707323e-04 -7.98934826e-05
1806             1.04344090e-01 -8.86529127e-02 -1.43924869e-02 1.03847090e-01 -8.76461408e-02 -1.43084114e-02 4.97000323e-04 -1.00677189e-03 -8.40754306e-05
1807             1.07824787e-01 -8.53754956e-02 -1.44408334e-02 1.07314831e-01 -8.43561297e-02 -1.43535356e-02 5.09955741e-04 -1.01936595e-03 -8.72977680e-05
1808             1.10379554e-01 -8.18975690e-02 -1.44066380e-02 1.09867594e-01 -8.08630353e-02 -1.43173273e-02 5.11959619e-04 -1.03453368e-03 -8.93106391e-05
1809             1.11777916e-01 -7.80647849e-02 -1.42780608e-02 1.11273291e-01 -7.70122096e-02 -1.41880444e-02 5.04624919e-04 -1.05257529e-03 -9.00164279e-05
1810             1.11933725e-01 -7.38860042e-02 -1.40493698e-02 1.11441710e-01 -7.28149956e-02 -1.39600419e-02 4.92015182e-04 -1.07100855e-03 -8.93278365e-05
1811             1.11213707e-01 -6.89257276e-02 -1.37291351e-02 1.10736550e-01 -6.78380170e-02 -1.36420190e-02 4.77157707e-04 -1.08771056e-03 -8.71161851e-05
1812             1.10166806e-01 -6.31111523e-02 -1.33678420e-02 1.09705046e-01 -6.20112711e-02 -1.32842713e-02 4.61759160e-04 -1.09988126e-03 -8.35706784e-05
1813             1.08887176e-01 -5.71372298e-02 -1.30524898e-02 1.08438990e-01 -5.60295764e-02 -1.29734187e-02 4.48185636e-04 -1.10765341e-03 -7.90710822e-05
1814             1.07609041e-01 -5.13022618e-02 -1.28859366e-02 1.07170469e-01 -5.01905322e-02 -1.28116978e-02 4.38571728e-04 -1.11172955e-03 -7.42387519e-05
1815             1.06578691e-01 -4.62256524e-02 -1.29019298e-02 1.06146355e-01 -4.51123663e-02 -1.28319857e-02 4.32335437e-04 -1.11328610e-03 -6.99441080e-05
1816             1.06063328e-01 -4.19689518e-02 -1.30989187e-02 1.05632659e-01 -4.08559949e-02 -1.30319097e-02 4.30668711e-04 -1.11295689e-03 -6.70089973e-05
1817             1.05958818e-01 -3.86952295e-02 -1.34758912e-02 1.05523382e-01 -3.75843052e-02 -1.34097690e-02 4.35436260e-04 -1.11092431e-03 -6.61222516e-05
1818             1.05947811e-01 -3.65118976e-02 -1.39886573e-02 1.05503151e-01 -3.54053173e-02 -1.39215143e-02 4.44659711e-04 -1.10658031e-03 -6.71430203e-05
1819             1.05712957e-01 -3.56385265e-02 -1.45703357e-02 1.05255912e-01 -3.45382118e-02 -1.45001725e-02 4.57044608e-04 -1.10031474e-03 -7.01632314e-05
1820             1.05331946e-01 -3.60678040e-02 -1.51305897e-02 1.04859498e-01 -3.49744146e-02 -1.50552995e-02 4.72447812e-04 -1.09338940e-03 -7.52901864e-05
1821             1.04743403e-01 -3.76134249e-02 -1.55570860e-02 1.04256841e-01 -3.65260523e-02 -1.54759017e-02 4.86562416e-04 -1.08737262e-03 -8.11843101e-05
1822             1.04201541e-01 -3.98083395e-02 -1.58813482e-02 1.03700654e-01 -3.87254687e-02 -1.57937744e-02 5.00887108e-04 -1.08287088e-03 -8.75738900e-05
1823             1.04295519e-01 -4.26427430e-02 -1.61120962e-02 1.03784200e-01 -4.15626948e-02 -1.60189607e-02 5.11319108e-04 -1.08004822e-03 -9.31355112e-05
1824             1.05213363e-01 -4.66009520e-02 -1.62391273e-02 1.04695067e-01 -4.55232043e-02 -1.61413972e-02 5.18296431e-04 -1.07774770e-03 -9.77300908e-05
1825             1.06591598e-01 -5.10044807e-02 -1.62521285e-02 1.06071160e-01 -4.99299526e-02 -1.61513018e-02 5.20438456e-04 -1.07452810e-03 -1.00826675e-04
1826             1.07455850e-01 -5.56481378e-02 -1.61662837e-02 1.06938241e-01 -5.45793429e-02 -1.60638141e-02 5.17609111e-04 -1.06879491e-03 -1.02469630e-04
1827             1.07404102e-01 -6.02812086e-02 -1.59914124e-02 1.06894232e-01 -5.92207884e-02 -1.58887099e-02 5.09870230e-04 -1.06042028e-03 -1.02702477e-04
1828             1.06183770e-01 -6.50257601e-02 -1.57003036e-02 1.05685338e-01 -6.39751499e-02 -1.55987939e-02 4.98432231e-04 -1.05061028e-03 -1.01509617e-04
1829             1.03592136e-01 -6.98516771e-02 -1.52989069e-02 1.03107582e-01 -6.88118219e-02 -1.52001414e-02 4.84553757e-04 -1.03985523e-03 -9.87655781e-05
1830             9.96176538e-02 -7.43384393e-02 -1.47760318e-02 9.91496758e-02 -7.33106927e-02 -1.46817345e-02 4.67977958e-04 -1.02774659e-03 -9.42973831e-05
1831             9.47249396e-02 -7.83935614e-02 -1.41779657e-02 9.42770147e-02 -7.73801715e-02 -1.40899283e-02 4.47924872e-04 -1.01338992e-03 -8.80373812e-05
1832             8.97031317e-02 -8.20052966e-02 -1.35921039e-02 8.92773501e-02 -8.10070242e-02 -1.35117328e-02 4.25781582e-04 -9.98272436e-04 -8.03711084e-05
1833             8.53042010e-02 -8.50459431e-02 -1.31012877e-02 8.49002675e-02 -8.40625284e-02 -1.30290985e-02 4.03933473e-04 -9.83414709e-04 -7.21892012e-05
1834             8.19871520e-02 -8.73463672e-02 -1.27427239e-02 8.16023181e-02 -8.63755923e-02 -1.26781542e-02 3.84833887e-04 -9.70774887e-04 -6.45697257e-05
1835             8.05145237e-02 -8.90859875e-02 -1.25511456e-02 8.01424250e-02 -8.81213829e-02 -1.24925250e-02 3.72098658e-04 -9.64604694e-04 -5.86205910e-05
1836             8.12413616e-02 -9.02567405e-02 -1.25465077e-02 8.08720356e-02 -8.92911165e-02 -1.24913117e-02 3.69326071e-04 -9.65623989e-04 -5.51959642e-05
1837             8.38608986e-02 -9.04897956e-02 -1.27359204e-02 8.34849987e-02 -8.95153284e-02 -1.26814839e-02 3.75899867e-04 -9.74467240e-04 -5.44364558e-05
1838             8.74271273e-02 -8.93927755e-02 -1.30800372e-02 8.70366636e-02 -8.84028596e-02 -1.30234214e-02 3.90463643e-04 -9.89915883e-04 -5.66157360e-05
1839             9.13783671e-02 -8.72575345e-02 -1.34964227e-02 9.09692764e-02 -8.62476262e-02 -1.34350714e-02 4.09090661e-04 -1.00990826e-03 -6.13512920e-05
1840             9.56754239e-02 -8.42985057e-02 -1.39071040e-02 9.52473863e-02 -8.32664534e-02 -1.38393291e-02 4.28037594e-04 -1.03205229e-03 -6.77749506e-05
1841             1.00361642e-01 -8.06659991e-02 -1.43022678e-02 9.99157854e-02 -7.96113256e-02 -1.42272689e-02 4.45856216e-04 -1.05467342e-03 -7.49988774e-05
1842             1.05065495e-01 -7.64857159e-02 -1.46427603e-02 1.04604496e-01 -7.54082460e-02 -1.45609556e-02 4.60999618e-04 -1.07746990e-03 -8.18046202e-05
1843             1.09664197e-01 -7.18008642e-02 -1.48918992e-02 1.09189082e-01 -7.07030350e-02 -1.48043192e-02 4.75115810e-04 -1.09782916e-03 -8.75799696e-05
1844             1.14051449e-01 -6.65290331e-02 -1.50378834e-02 1.13562535e-01 -6.54145058e-02 -1.49459830e-02 4.88913602e-04 -1.11452733e-03 -9.19003541e-05
1845             1.17852946e-01 -6.06922632e-02 -1.50859300e-02 1.17349276e-01 -5.95671753e-02 -1.49910824e-02 5.03669793e-04 -1.12508792e-03 -9.48476329e-05
1846             1.20842834e-01 -5.49427641e-02 -1.50603737e-02 1.20323365e-01 -5.38135726e-02 -1.49638324e-02 5.19468758e-04 -1.12919154e-03 -9.65413381e-05
1847             1.22474439e-01 -4.95072477e-02 -1.49473736e-02 1.21938965e-01 -4.83793090e-02 -1.48502495e-02 5.35473714e-04 -1.12793870e-03 -9.71241614e-05
1848             1.22457283e-01 -4.48778643e-02 -1.47617796e-02 1.21911941e-01 -4.37554700e-02 -1.46653431e-02 5.45342582e-04 -1.12239428e-03 -9.64364817e-05
1849             1.20659064e-01 -4.14793266e-02 -1.45242133e-02 1.20111711e-01 -4.03669682e-02 -1.44298224e-02 5.47353761e-04 -1.11235847e-03 -9.43908821e-05
1850             1.17207619e-01 -3.90556891e-02 -1.42750345e-02 1.16668958e-01 -3.79547211e-02 -1.41843834e-02 5.38660976e-04 -1.10096802e-03 -9.06511208e-05
1851             1.12633323e-01 -3.75006585e-02 -1.40737617e-02 1.12113468e-01 -3.64123929e-02 -1.39880421e-02 5.19855076e-04 -1.08826557e-03 -8.57195668e-05
1852             1.07387146e-01 -3.68403355e-02 -1.39592731e-02 1.06894044e-01 -3.57646881e-02 -1.38790242e-02 4.93102499e-04 -1.07564747e-03 -8.02489009e-05
1853             1.02142735e-01 -3.73024298e-02 -1.39309728e-02 1.01681352e-01 -3.62358836e-02 -1.38559332e-02 4.61383060e-04 -1.06654617e-03 -7.50395905e-05
1854             9.77686952e-02 -3.88162760e-02 -1.39915816e-02 9.73367635e-02 -3.77532147e-02 -1.39204979e-02 4.31931655e-04 -1.06306123e-03 -7.10837431e-05
1855             9.45896204e-02 -4.16543040e-02 -1.41465932e-02 9.41811852e-02 -4.05893065e-02 -1.40777540e-02 4.08435212e-04 -1.06499750e-03 -6.88392238e-05
1856             9.32204098e-02 -4.50032422e-02 -1.43899679e-02 9.28267994e-02 -4.39324081e-02 -1.43213627e-02 3.93610415e-04 -1.07083413e-03 -6.86052673e-05
1857             9.36855082e-02 -4.87596555e-02 -1.46783974e-02 9.32953750e-02 -4.76826239e-02 -1.46075813e-02 3.90133182e-04 -1.07703166e-03 -7.08161115e-05
1858             9.52880088e-02 -5.26537484e-02 -1.49489702e-02 9.48923659e-02 -5.15732532e-02 -1.48743484e-02 3.95642868e-04 -1.08049521e-03 -7.46218019e-05
1859             9.70008040e-02 -5.68940029e-02 -1.51790853e-02 9.65918653e-02 -5.58147285e-02 -1.50991474e-02 4.08938724e-04 -1.07927437e-03 -7.99378607e-05
1860             9.86856564e-02 -6.14120554e-02 -1.53769551e-02 9.82619633e-02 -6.03391872e-02 -1.52917323e-02 4.23693039e-04 -1.07286820e-03 -8.52227695e-05
1861             1.00293695e-01 -6.59763041e-02 -1.55401351e-02 9.98542008e-02 -6.49130645e-02 -1.54503224e-02 4.39494258e-04 -1.06323960e-03 -8.98127298e-05
1862             1.01240835e-01 -7.05785703e-02 -1.56005290e-02 1.00785304e-01 -6.95274323e-02 -1.55072979e-02 4.55530906e-04 -1.05113794e-03 -9.32310204e-05
1863             1.01164297e-01 -7.49023225e-02 -1.55157485e-02 1.00694326e-01 -7.38659549e-02 -1.54206537e-02 4.69970426e-04 -1.03636756e-03 -9.50948191e-05
1864             9.99965606e-02 -7.90409338e-02 -1.52999883e-02 9.95142999e-02 -7.80218405e-02 -1.52048109e-02 4.82260706e-04 -1.01909328e-03 -9.51773079e-05
1865             9.82737134e-02 -8.31158437e-02 -1.49676544e-02 9.77817367e-02 -8.21147712e-02 -1.48739547e-02 4.91976715e-04 -1.00107245e-03 -9.36996948e-05
1866             9.60644415e-02 -8.66480221e-02 -1.45341950e-02 9.55657627e-02 -8.56645216e-02 -1.44431967e-02 4.98678851e-04 -9.83500447e-04 -9.09982734e-05
1867             9.36504447e-02 -8.90686697e-02 -1.40298030e-02 9.31503458e-02 -8.81004569e-02 -1.39425967e-02 5.00098928e-04 -9.68212790e-04 -8.72062953e-05
1868             9.12515799e-02 -9.03747255e-02 -1.34970367e-02 9.07561217e-02 -8.94154633e-02 -1.34146544e-02 4.95458212e-04 -9.59262184e-04 -8.23823048e-05
1869             8.92202783e-02 -9.08810512e-02 -1.30057732e-02 8.87361436e-02 -8.99234555e-02 -1.29291733e-02 4.84134692e-04 -9.57595661e-04 -7.65998453e-05
1870             8.78198475e-02 -9.05580180e-02 -1.26598697e-02 8.73544059e-02 -8.95939570e-02 -1.25894508e-02 4.65441667e-04 -9.64061007e-04 -7.04188926e-05
1871             8.67541415e-02 -8.92114788e-02 -1.25060223e-02 8.63129296e-02 -8.82328464e-02 -1.24413607e-02 4.41211889e-04 -9.78632469e-04 -6.46616267e-05
1872             8.63704517e-02 -8.64459517e-02 -1.25389307e-02 8.59564841e-02 -8.54464507e-02 -1.24787436e-02 4.13967584e-04 -9.99500960e-04 -6.01870120e-05
1873             8.74402442e-02 -8.27579487e-02 -1.27573094e-02 8.70516880e-02 -8.17334626e-02 -1.26994222e-02 3.88556181e-04 -1.02448615e-03 -5.78872045e-05
1874             8.99878848e-02 -7.84420268e-02 -1.31279778e-02 8.96184276e-02 -7.73895579e-02 -1.30699931e-02 3.69457174e-04 -1.05246887e-03 -5.79847296e-05
1875             9.36253506e-02 -7.38876016e-02 -1.35923166e-02 9.32638613e-02 -7.28068647e-02 -1.35318249e-02 3.61489343e-04 -1.08073687e-03 -6.04916447e-05
1876             9.82792209e-02 -6.90073395e-02 -1.40764501e-02 9.79100390e-02 -6.79009664e-02 -1.40110346e-02 3.69181935e-04 -1.10637308e-03 -6.54155160e-05
1877             1.03815248e-01 -6.35158156e-02 -1.45013938e-02 1.03425822e-01 -6.23904202e-02 -1.44297455e-02 3.89426164e-04 -1.12539540e-03 -7.16482977e-05
1878             1.10031161e-01 -5.76260833e-02 -1.49050365e-02 1.09608726e-01 -5.64908520e-02 -1.48260105e-02 4.22434831e-04 -1.13523131e-03 -7.90260446e-05
1879             1.16214964e-01 -5.17082188e-02 -1.52813809e-02 1.15754007e-01 -5.05710825e-02 -1.51952943e-02 4.60956730e-04 -1.13713627e-03 -8.60866319e-05
1880             1.21531827e-01 -4.65934024e-02 -1.55890750e-02 1.21031374e-01 -4.54610517e-02 -1.54965017e-02 5.00453002e-04 -1.13235069e-03 -9.25733453e-05
1881             1.25438047e-01 -4.29689991e-02 -1.57876916e-02 1.24904879e-01 -4.18451146e-02 -1.56898933e-02 5.33167150e-04 -1.12388456e-03 -9.77982837e-05
1882             1.27376605e-01 -4.06942843e-02 -1.58767414e-02 1.26819292e-01 -3.95810664e-02 -1.57753105e-02 5.57313469e-04 -1.11321792e-03 -1.01430926e-04
1883             1.27064498e-01 -3.90362218e-02 -1.58487320e-02 1.26493692e-01 -3.79348629e-02 -1.57455589e-02 5.70805637e-04 -1.10135885e-03 -1.03173084e-04
1884             1.24580366e-01 -3.80559219e-02 -1.56877378e-02 1.24008229e-01 -3.69669094e-02 -1.55846500e-02 5.72137431e-04 -1.08901246e-03 -1.03087806e-04
1885             1.20490942e-01 -3.80163394e-02 -1.54120236e-02 1.19928472e-01 -3.69384831e-02 -1.53105942e-02 5.62469453e-04 -1.07785627e-03 -1.01429370e-04
1886             1.14974245e-01 -3.94308839e-02 -1.50120317e-02 1.14432695e-01 -3.83616689e-02 -1.49139602e-02 5.41549627e-04 -1.06921507e-03 -9.80715264e-05
1887             1.08517471e-01 -4.19476938e-02 -1.45289228e-02 1.08006279e-01 -4.08826939e-02 -1.44360098e-02 5.11191689e-04 -1.06499990e-03 -9.29129725e-05
1888             1.02060146e-01 -4.48072314e-02 -1.40436923e-02 1.01586502e-01 -4.37425952e-02 -1.39573644e-02 4.73644041e-04 -1.06463626e-03 -8.63278560e-05
1889             9.67661858e-02 -4.76713425e-02 -1.36490237e-02 9.63333552e-02 -4.66051027e-02 -1.35699342e-02 4.32830549e-04 -1.06623982e-03 -7.90895427e-05
1890             9.28807516e-02 -5.07119926e-02 -1.33829514e-02 9.24885514e-02 -4.96442429e-02 -1.33110228e-02 3.92200252e-04 -1.06774976e-03 -7.19285831e-05
1891             8.99726834e-02 -5.42497394e-02 -1.32727285e-02 8.96153018e-02 -5.31821476e-02 -1.32067069e-02 3.57381534e-04 -1.06759186e-03 -6.60215684e-05
1892             8.79003212e-02 -5.83498433e-02 -1.33355557e-02 8.75677483e-02 -5.72846762e-02 -1.32731785e-02 3.32572902e-04 -1.06516715e-03 -6.23772266e-05
1893             8.67382558e-02 -6.26402733e-02 -1.35418089e-02 8.64188886e-02 -6.15797446e-02 -1.34806675e-02 3.19367242e-04 -1.06052871e-03 -6.11413638e-05
1894             8.62847568e-02 -6.69783391e-02 -1.38434377e-02 8.59637204e-02 -6.59250355e-02 -1.37810589e-02 3.21036362e-04 -1.05330359e-03 -6.23788185e-05
1895             8.64485812e-02 -7.12600537e-02 -1.41682010e-02 8.61104484e-02 -7.02158944e-02 -1.41023700e-02 3.38132789e-04 -1.04415929e-03 -6.58310266e-05
1896             8.71899202e-02 -7.58253074e-02 -1.44463459e-02 8.68226381e-02 -7.47940575e-02 -1.43756710e-02 3.67282151e-04 -1.03124988e-03 -7.06748337e-05
1897             8.84645525e-02 -8.05510503e-02 -1.46995805e-02 8.80585680e-02 -7.95356543e-02 -1.46233597e-02 4.05984525e-04 -1.01539595e-03 -7.62207970e-05
1898             9.02762240e-02 -8.47550008e-02 -1.48904540e-02 8.98290434e-02 -8.37558339e-02 -1.48090612e-02 4.47180581e-04 -9.99166967e-04 -8.13927776e-05
1899             9.23669849e-02 -8.77273713e-02 -1.49967711e-02 9.18805843e-02 -8.67436270e-02 -1.49109206e-02 4.86400559e-04 -9.83744227e-04 -8.58504914e-05
1900             9.46888972e-02 -8.95730529e-02 -1.50106995e-02 9.41694244e-02 -8.86000684e-02 -1.49215042e-02 5.19472805e-04 -9.72984493e-04 -8.91953104e-05
1901             9.69490831e-02 -9.06528860e-02 -1.49324494e-02 9.64052676e-02 -8.96833111e-02 -1.48412407e-02 5.43815502e-04 -9.69574831e-04 -9.12086563e-05
1902             9.87791701e-02 -9.16065691e-02 -1.47843430e-02 9.82206703e-02 -9.06329652e-02 -1.46924743e-02 5.58499834e-04 -9.73603923e-04 -9.18686459e-05
1903             9.96113449e-02 -9.14139073e-02 -1.45643781e-02 9.90493158e-02 -9.04288101e-02 -1.44729155e-02 5.62029125e-04 -9.85097159e-04 -9.14626782e-05
1904             9.93054927e-02 -8.95427301e-02 -1.43029736e-02 9.87530531e-02 -8.85410111e-02 -1.42130610e-02 5.52439628e-04 -1.00171894e-03 -8.99125842e-05
1905             9.84301142e-02 -8.61359022e-02 -1.40127954e-02 9.79001650e-02 -8.51153943e-02 -1.39255531e-02 5.29949199e-04 -1.02050791e-03 -8.72423454e-05
1906             9.75268010e-02 -8.18286893e-02 -1.37256964e-02 9.70304016e-02 -8.07878979e-02 -1.36423481e-02 4.96399414e-04 -1.04079148e-03 -8.33482842e-05
1907             9.69409570e-02 -7.71404103e-02 -1.34989065e-02 9.64835840e-02 -7.60780771e-02 -1.34201653e-02 4.57372987e-04 -1.06233319e-03 -7.87412708e-05
1908             9.69415949e-02 -7.21971995e-02 -1.33767324e-02 9.65223261e-02 -7.11147940e-02 -1.33028470e-02 4.19268878e-04 -1.08240555e-03 -7.38853927e-05
1909             9.79882400e-02 -6.67568350e-02 -1.33640892e-02 9.76002061e-02 -6.56570987e-02 -1.32947105e-02 3.88033894e-04 -1.09973632e-03 -6.93787563e-05
1910             1.00391474e-01 -6.05662800e-02 -1.34715221e-02 1.00022431e-01 -5.94549440e-02 -1.34052167e-02 3.69042913e-04 -1.11133597e-03 -6.63053973e-05
1911             1.03899068e-01 -5.44282856e-02 -1.37091134e-02 1.03534338e-01 -5.33113783e-02 -1.36438124e-02 3.64730306e-04 -1.11690737e-03 -6.53009650e-05
1912             1.07802156e-01 -4.90914118e-02 -1.40507094e-02 1.07427575e-01 -4.79734217e-02 -1.39843262e-02 3.74581275e-04 -1.11799007e-03 -6.63831748e-05
1913             1.11420983e-01 -4.49741153e-02 -1.44462619e-02 1.11025410e-01 -4.38575810e-02 -1.43763334e-02 3.95572375e-04 -1.11653434e-03 -6.99284852e-05
1914             1.14507472e-01 -4.20606772e-02 -1.48231210e-02 1.14084409e-01 -4.09481041e-02 -1.47479525e-02 4.23062062e-04 -1.11257309e-03 -7.51685393e-05
1915             1.16767366e-01 -3.99430994e-02 -1.51541792e-02 1.16311948e-01 -3.88352888e-02 -1.50724922e-02 4.55417501e-04 -1.10781061e-03 -8.16869715e-05
1916             1.18309629e-01 -3.82686458e-02 -1.54358933e-02 1.17824343e-01 -3.71676528e-02 -1.53480082e-02 4.85286204e-04 -1.10099305e-03 -8.78851100e-05
1917             1.19130253e-01 -3.75970385e-02 -1.56814945e-02 1.18620260e-01 -3.65034828e-02 -1.55882233e-02 5.09992590e-04 -1.09355571e-03 -9.32711829e-05
1918             1.19056810e-01 -3.86168873e-02 -1.58280675e-02 1.18529472e-01 -3.75292953e-02 -1.57305034e-02 5.27338271e-04 -1.08759195e-03 -9.75641203e-05
1919             1.18024519e-01 -4.07969656e-02 -1.58161874e-02 1.17488743e-01 -3.97121356e-02 -1.57159219e-02 5.35776855e-04 -1.08482994e-03 -1.00265520e-04
1920             1.15717203e-01 -4.34770616e-02 -1.56479582e-02 1.15181821e-01 -4.23918109e-02 -1.55468666e-02 5.35382380e-04 -1.08525076e-03 -1.01091650e-04
1921             1.12606401e-01 -4.61588876e-02 -1.53430844e-02 1.12080191e-01 -4.50716698e-02 -1.52429481e-02 5.26209706e-04 -1.08721781e-03 -1.00136298e-04
1922             1.09090184e-01 -4.91938257e-02 -1.49256038e-02 1.08580580e-01 -4.81058325e-02 -1.48280108e-02 5.09604203e-04 -1.08799322e-03 -9.75930662e-05
1923             1.05146573e-01 -5.26377611e-02 -1.44267787e-02 1.04659865e-01 -5.15529953e-02 -1.43333028e-02 4.86708353e-04 -1.08476581e-03 -9.34759260e-05
1924             1.00113629e-01 -5.62508749e-02 -1.38937426e-02 9.96560732e-02 -5.51745201e-02 -1.38057330e-02 4.57556256e-04 -1.07635476e-03 -8.80096364e-05
1925             9.43113710e-02 -6.00032473e-02 -1.33975575e-02 9.38873538e-02 -5.89401166e-02 -1.33159911e-02 4.24017194e-04 -1.06313069e-03 -8.15664605e-05
1926             8.86340564e-02 -6.38920245e-02 -1.30307887e-02 8.82436462e-02 -6.28445671e-02 -1.29561897e-02 3.90410263e-04 -1.04745738e-03 -7.45989599e-05
1927             8.36909547e-02 -6.81157409e-02 -1.28273520e-02 8.33288202e-02 -6.70850375e-02 -1.27594901e-02 3.62134490e-04 -1.03070335e-03 -6.78619084e-05
1928             7.97792623e-02 -7.27465058e-02 -1.27808877e-02 7.94347359e-02 -7.17317446e-02 -1.27185942e-02 3.44526350e-04 -1.01476117e-03 -6.22934994e-05
1929             7.72910524e-02 -7.75793646e-02 -1.29066719e-02 7.69506634e-02 -7.65792550e-02 -1.28479793e-02 3.40389015e-04 -1.00010959e-03 -5.86925871e-05
1930             7.65285813e-02 -8.21341813e-02 -1.31840072e-02 7.61784373e-02 -8.11466660e-02 -1.31266994e-02 3.50144034e-04 -9.87515382e-04 -5.73078629e-05
1931             7.71362862e-02 -8.57248631e-02 -1.35437433e-02 7.67636271e-02 -8.47469459e-02 -1.34852636e-02 3.72659092e-04 -9.77917204e-04 -5.84797089e-05
1932             7.88658919e-02 -8.80658641e-02 -1.39310303e-02 7.84608810e-02 -8.70939240e-02 -1.38687021e-02 4.05010878e-04 -9.71940112e-04 -6.23281901e-05
1933             8.15957601e-02 -8.99051143e-02 -1.42652384e-02 8.11546491e-02 -8.89322370e-02 -1.41975360e-02 4.41110987e-04 -9.72877256e-04 -6.77023903e-05
1934             8.55819207e-02 -9.13622020e-02 -1.45811794e-02 8.51026955e-02 -9.03824917e-02 -1.45069101e-02 4.79225195e-04 -9.79710250e-04 -7.42693569e-05
1935             9.02512371e-02 -9.18054100e-02 -1.49011328e-02 8.97394208e-02 -9.08130719e-02 -1.48204949e-02 5.11816316e-04 -9.92338110e-04 -8.06379100e-05
1936             9.48847889e-02 -9.06597411e-02 -1.52039487e-02 9.43476508e-02 -8.96502872e-02 -1.51172564e-02 5.37138169e-04 -1.00945397e-03 -8.66922920e-05
1937             9.92992978e-02 -8.79300931e-02 -1.54454558e-02 9.87477608e-02 -8.69004089e-02 -1.53535748e-02 5.51536996e-04 -1.02968414e-03 -9.18810214e-05
1938             1.03682950e-01 -8.42268996e-02 -1.56007493e-02 1.03128879e-01 -8.31767385e-02 -1.55048772e-02 5.54071676e-04 -1.05016113e-03 -9.58720373e-05
1939             1.07621427e-01 -7.99731599e-02 -1.56505736e-02 1.07074041e-01 -7.89023441e-02 -1.55520740e-02 5.47385785e-04 -1.07081579e-03 -9.84995415e-05
1940             1.10580059e-01 -7.54696483e-02 -1.55712932e-02 1.10045807e-01 -7.43796917e-02 -1.54716581e-02 5.34251981e-04 -1.08995666e-03 -9.96350102e-05
1941             1.12641591e-01 -7.05447088e-02 -1.53526988e-02 1.12123513e-01 -6.94400972e-02 -1.52535152e-02 5.18077506e-04 -1.10461160e-03 -9.91836220e-05
1942             1.13921950e-01 -6.49211376e-02 -1.49915151e-02 1.13422593e-01 -6.38088218e-02 -1.48946031e-02 4.99356866e-04 -1.11231580e-03 -9.69120304e-05
1943             1.14347242e-01 -5.89970859e-02 -1.45406557e-02 1.13868743e-01 -5.78851149e-02 -1.44478370e-02 4.78498876e-04 -1.11197105e-03 -9.28186841e-05
1944             1.14021059e-01 -5.34388709e-02 -1.40910696e-02 1.13564739e-01 -5.23320481e-02 -1.40037869e-02 4.56320154e-04 -1.10682279e-03 -8.72826956e-05
1945             1.13023218e-01 -4.86328757e-02 -1.37296475e-02 1.12588605e-01 -4.75335763e-02 -1.36486394e-02 4.34613099e-04 -1.09929948e-03 -8.10081416e-05
1946             1.11526243e-01 -4.47178846e-02 -1.34911057e-02 1.11113683e-01 -4.36257964e-02 -1.34162239e-02 4.12559529e-04 -1.09208819e-03 -7.48817712e-05
1947             1.09943984e-01 -4.17137714e-02 -1.34125180e-02 1.09549294e-01 -4.06265894e-02 -1.33426399e-02 3.94690604e-04 -1.08718203e-03 -6.98781151e-05
1948             1.08565323e-01 -3.93705405e-02 -1.35067368e-02 1.08180050e-01 -3.82848187e-02 -1.34398523e-02 3.85272992e-04 -1.08572182e-03 -6.68844852e-05
1949             1.07673491e-01 -3.83648084e-02 -1.37423947e-02 1.07289852e-01 -3.72786257e-02 -1.36763575e-02 3.83638241e-04 -1.08618272e-03 -6.60371973e-05
1950             1.07139150e-01 -3.85309963e-02 -1.40705083e-02 1.06748759e-01 -3.74430835e-02 -1.40030022e-02 3.90390644e-04 -1.08791274e-03 -6.75061066e-05
1951             1.06577075e-01 -3.98045776e-02 -1.44065820e-02 1.06173176e-01 -3.87126142e-02 -1.43353768e-02 4.03899459e-04 -1.09196341e-03 -7.12052359e-05
1952             1.05856303e-01 -4.17322572e-02 -1.46599419e-02 1.05435484e-01 -4.06345660e-02 -1.45839981e-02 4.20819113e-04 -1.09769125e-03 -7.59438168e-05
1953             1.05152243e-01 -4.40687132e-02 -1.48500282e-02 1.04713196e-01 -4.29655640e-02 -1.47688460e-02 4.39046388e-04 -1.10314920e-03 -8.11821817e-05
1954             1.04870570e-01 -4.66273215e-02 -1.49609898e-02 1.04416238e-01 -4.55207857e-02 -1.48751946e-02 4.54332248e-04 -1.10653578e-03 -8.57951914e-05
1955             1.04962691e-01 -4.95660351e-02 -1.49896862e-02 1.04497568e-01 -4.84602318e-02 -1.49003144e-02 4.65123332e-04 -1.10580327e-03 -8.93718568e-05
1956             1.04679211e-01 -5.29525784e-02 -1.49365879e-02 1.04208120e-01 -5.18534911e-02 -1.48449868e-02 4.71091274e-04 -1.09908730e-03 -9.16011216e-05
1957             1.03307291e-01 -5.66737492e-02 -1.48301696e-02 1.02835544e-01 -5.55873000e-02 -1.47376113e-02 4.71746846e-04 -1.08644918e-03 -9.25582466e-05
1958             1.00967257e-01 -6.07322289e-02 -1.46844422e-02 1.00498197e-01 -5.96635275e-02 -1.45919689e-02 4.69059887e-04 -1.06870146e-03 -9.24733182e-05
1959             9.78136373e-02 -6.53871408e-02 -1.44778756e-02 9.73469346e-02 -6.43385495e-02 -1.43864000e-02 4.66702658e-04 -1.04859131e-03 -9.14756037e-05
1960             9.41343854e-02 -7.04852995e-02 -1.42211208e-02 9.36694220e-02 -6.94575946e-02 -1.41317945e-02 4.64963404e-04 -1.02770489e-03 -8.93263244e-05
1961             9.00280105e-02 -7.54393501e-02 -1.39149824e-02 8.95646798e-02 -7.44328610e-02 -1.38289280e-02 4.63330649e-04 -1.00648912e-03 -8.60543927e-05
1962             8.55114775e-02 -7.99681438e-02 -1.35960801e-02 8.50516708e-02 -7.89819045e-02 -1.35147006e-02 4.59806699e-04 -9.86239315e-04 -8.13794931e-05
1963             8.11318318e-02 -8.37196750e-02 -1.33167176e-02 8.06776401e-02 -8.27499207e-02 -1.32408903e-02 4.54191644e-04 -9.69754326e-04 -7.58272872e-05
1964             7.73357572e-02 -8.67767115e-02 -1.31298343e-02 7.68900420e-02 -8.58194594e-02 -1.30598005e-02 4.45715189e-04 -9.57252110e-04 -7.00337738e-05
1965             7.48463899e-02 -8.91423666e-02 -1.30630518e-02 7.44110469e-02 -8.81901277e-02 -1.29982755e-02 4.35342996e-04 -9.52238857e-04 -6.47763606e-05
1966             7.41786486e-02 -9.04907967e-02 -1.31367870e-02 7.37517223e-02 -8.95335739e-02 -1.30757007e-02 4.26926242e-04 -9.57222797e-04 -6.10863575e-05
1967             7.55006884e-02 -9.10886576e-02 -1.33744662e-02 7.50771065e-02 -9.01181932e-02 -1.33148565e-02 4.23581908e-04 -9.70464421e-04 -5.96096725e-05
1968             7.85756865e-02 -9.05373275e-02 -1.37708596e-02 7.81505621e-02 -8.95463351e-02 -1.37102494e-02 4.25124419e-04 -9.90992437e-04 -6.06102608e-05
1969             8.27843087e-02 -8.85453901e-02 -1.42837637e-02 8.23518003e-02 -8.75294303e-02 -1.42193000e-02 4.32508384e-04 -1.01595980e-03 -6.44636519e-05
1970             8.79553225e-02 -8.53879638e-02 -1.48190096e-02 8.75125261e-02 -8.43456664e-02 -1.47485364e-02 4.42796352e-04 -1.04229742e-03 -7.04731740e-05
1971             9.42836456e-02 -8.14553771e-02 -1.53155034e-02 9.38280974e-02 -8.03884831e-02 -1.52373841e-02 4.55548184e-04 -1.06689404e-03 -7.81193483e-05
1972             1.01281270e-01 -7.70460055e-02 -1.57443822e-02 1.00813831e-01 -7.59577580e-02 -1.56585430e-02 4.67439562e-04 -1.08824753e-03 -8.58392083e-05
1973             1.08211864e-01 -7.22816447e-02 -1.60792006e-02 1.07734054e-01 -7.11766608e-02 -1.59864846e-02 4.77810397e-04 -1.10498392e-03 -9.27159858e-05
1974             1.14578906e-01 -6.72862821e-02 -1.62504749e-02 1.14092101e-01 -6.61706492e-02 -1.61524330e-02 4.86805110e-04 -1.11563297e-03 -9.80418303e-05
1975             1.20078048e-01 -6.22129759e-02 -1.62285160e-02 1.19584944e-01 -6.10938629e-02 -1.61270581e-02 4.93104582e-04 -1.11911295e-03 -1.01457817e-04
1976             1.24339400e-01 -5.71897507e-02 -1.60370588e-02 1.23842429e-01 -5.60734628e-02 -1.59341798e-02 4.96970156e-04 -1.11628795e-03 -1.02878988e-04
1977             1.26798467e-01 -5.23536711e-02 -1.57105731e-02 1.26299529e-01 -5.12437848e-02 -1.56081169e-02 4.98937442e-04 -1.10988634e-03 -1.02456258e-04
1978             1.27028920e-01 -4.80351669e-02 -1.52721238e-02 1.26531480e-01 -4.69332514e-02 -1.51715977e-02 4.97439491e-04 -1.10191554e-03 -1.00526128e-04
1979             1.25530537e-01 -4.45259977e-02 -1.47586588e-02 1.25039915e-01 -4.34319534e-02 -1.46614183e-02 4.90621738e-04 -1.09404434e-03 -9.72404557e-05
1980             1.22419984e-01 -4.22790362e-02 -1.42244820e-02 1.21941291e-01 -4.11910166e-02 -1.41319271e-02 4.78693516e-04 -1.08801966e-03 -9.25548816e-05
1981             1.18067481e-01 -4.08476083e-02 -1.37167645e-02 1.17606385e-01 -3.97639638e-02 -1.36302020e-02 4.61095893e-04 -1.08364448e-03 -8.65625379e-05
1982             1.12957223e-01 -4.00476434e-02 -1.33145552e-02 1.12519039e-01 -3.89674515e-02 -1.32347840e-02 4.38183804e-04 -1.08019198e-03 -7.97712228e-05
1983             1.07657196e-01 -3.99935540e-02 -1.30430053e-02 1.07245274e-01 -3.89148788e-02 -1.29700466e-02 4.11922770e-04 -1.07867522e-03 -7.29586140e-05
1984             1.02342996e-01 -4.08676030e-02 -1.28830749e-02 1.01958617e-01 -3.97866912e-02 -1.28162681e-02 3.84378183e-04 -1.08091188e-03 -6.68067918e-05
1985             9.73365960e-02 -4.25923807e-02 -1.28479966e-02 9.69756441e-02 -4.15054548e-02 -1.27858285e-02 3.60951864e-04 -1.08692589e-03 -6.21680774e-05
1986             9.34140773e-02 -4.48187483e-02 -1.29370920e-02 9.30703420e-02 -4.37246386e-02 -1.28776516e-02 3.43735361e-04 -1.09410968e-03 -5.94404022e-05
1987             9.11985105e-02 -4.73302978e-02 -1.31318589e-02 9.08631820e-02 -4.62302571e-02 -1.30728625e-02 3.35328510e-04 -1.10004076e-03 -5.89963132e-05
1988             9.03939817e-02 -5.01832930e-02 -1.33973124e-02 9.00553048e-02 -4.90826465e-02 -1.33361232e-02 3.38676843e-04 -1.10064656e-03 -6.11891942e-05
1989             8.98918242e-02 -5.34762113e-02 -1.36718851e-02 8.95407384e-02 -5.23813987e-02 -1.36067283e-02 3.51085808e-04 -1.09481256e-03 -6.51567980e-05
1990             8.98109433e-02 -5.76310253e-02 -1.39893104e-02 8.94379680e-02 -5.65495501e-02 -1.39183958e-02 3.72975386e-04 -1.08147520e-03 -7.09145387e-05
1991             9.03556275e-02 -6.23753000e-02 -1.43490219e-02 8.99558280e-02 -6.13112526e-02 -1.42720615e-02 3.99799463e-04 -1.06404738e-03 -7.69604203e-05
1992             9.14028986e-02 -6.74317236e-02 -1.47161676e-02 9.09716799e-02 -6.63869754e-02 -1.46333350e-02 4.31218662e-04 -1.04474821e-03 -8.28325744e-05
1993             9.24596085e-02 -7.24012065e-02 -1.50155214e-02 9.19948030e-02 -7.13757307e-02 -1.49276122e-02 4.64805449e-04 -1.02547574e-03 -8.79092064e-05
1994             9.29294149e-02 -7.71671879e-02 -1.51995703e-02 9.24322770e-02 -7.61600750e-02 -1.51078425e-02 4.97137948e-04 -1.00711298e-03 -9.17277945e-05
1995             9.23995259e-02 -8.17882937e-02 -1.52548380e-02 9.18750246e-02 -8.07975034e-02 -1.51610256e-02 5.24501298e-04 -9.90790294e-04 -9.38124377e-05
1996             9.09564670e-02 -8.61369891e-02 -1.51702259e-02 9.04117583e-02 -8.51585699e-02 -1.50759312e-02 5.44708652e-04 -9.78419173e-04 -9.42947174e-05
1997             8.87799256e-02 -8.92609432e-02 -1.49600798e-02 8.82241571e-02 -8.82911829e-02 -1.48666808e-02 5.55768540e-04 -9.69760259e-04 -9.33990168e-05
1998             8.65037978e-02 -9.10713118e-02 -1.46497829e-02 8.59477347e-02 -9.01048396e-02 -1.45587200e-02 5.56063127e-04 -9.66472211e-04 -9.10628124e-05
1999             8.46742679e-02 -9.17708827e-02 -1.42926047e-02 8.41279918e-02 -9.08009745e-02 -1.42052425e-02 5.46276037e-04 -9.69908227e-04 -8.73621633e-05
2000             8.34207289e-02 -9.15166271e-02 -1.39858907e-02 8.28937513e-02 -9.05371649e-02 -1.39033016e-02 5.26977532e-04 -9.79462273e-04 -8.25890706e-05
2001             8.28870763e-02 -9.01158484e-02 -1.38179344e-02 8.23868629e-02 -8.91213577e-02 -1.37403956e-02 5.00213381e-04 -9.94490754e-04 -7.75388353e-05
2002             8.33854988e-02 -8.72363920e-02 -1.38157370e-02 8.29173495e-02 -8.62225713e-02 -1.37427778e-02 4.68149274e-04 -1.01382064e-03 -7.29591586e-05
2003             8.55544402e-02 -8.33188814e-02 -1.39688216e-02 8.51201041e-02 -8.22839111e-02 -1.38991931e-02 4.34336143e-04 -1.03497031e-03 -6.96284538e-05
2004             8.93211033e-02 -7.87458894e-02 -1.42459284e-02 8.89160358e-02 -7.76892400e-02 -1.41776039e-02 4.05067510e-04 -1.05664943e-03 -6.83244345e-05
2005             9.40393030e-02 -7.40189666e-02 -1.45849380e-02 9.36568508e-02 -7.29414568e-02 -1.45160243e-02 3.82452251e-04 -1.07750983e-03 -6.89136257e-05
2006             9.92920932e-02 -6.97377069e-02 -1.49355348e-02 9.89221130e-02 -6.86428117e-02 -1.48642361e-02 3.69980203e-04 -1.09489524e-03 -7.12986777e-05
2007             1.04865061e-01 -6.53262230e-02 -1.52194631e-02 1.04494931e-01 -6.42182498e-02 -1.51440993e-02 3.70130213e-04 -1.10797321e-03 -7.53638327e-05
2008             1.10469856e-01 -6.03831339e-02 -1.53745647e-02 1.10089813e-01 -5.92688385e-02 -1.52944661e-02 3.80043072e-04 -1.11429543e-03 -8.00986163e-05
2009             1.15983118e-01 -5.52252018e-02 -1.54631311e-02 1.15583369e-01 -5.41105900e-02 -1.53777777e-02 3.99748953e-04 -1.11461182e-03 -8.53533928e-05
2010             1.20960543e-01 -5.01872740e-02 -1.54949570e-02 1.20535754e-01 -4.90756450e-02 -1.54049324e-02 4.24789391e-04 -1.11162908e-03 -9.00246114e-05
2011             1.24881323e-01 -4.61370795e-02 -1.54640388e-02 1.24430653e-01 -4.50291802e-02 -1.53700061e-02 4.50669972e-04 -1.10789928e-03 -9.40326660e-05
2012             1.27448902e-01 -4.37067890e-02 -1.53659715e-02 1.26974722e-01 -4.26021327e-02 -1.52690875e-02 4.74180710e-04 -1.10465628e-03 -9.68840009e-05
2013             1.28311076e-01 -4.21516575e-02 -1.52092029e-02 1.27817958e-01 -4.10482749e-02 -1.51109048e-02 4.93117708e-04 -1.10338259e-03 -9.82981027e-05
2014             1.27454647e-01 -4.10175781e-02 -1.49775596e-02 1.26949288e-01 -3.99159358e-02 -1.48793321e-02 5.05358359e-04 -1.10164239e-03 -9.82275832e-05
2015             1.24552365e-01 -4.03627169e-02 -1.46442117e-02 1.24043239e-01 -3.92633787e-02 -1.45474892e-02 5.09125356e-04 -1.09933820e-03 -9.67225298e-05
2016             1.19466628e-01 -4.07199215e-02 -1.42136161e-02 1.18964413e-01 -3.96228884e-02 -1.41198972e-02 5.02215093e-04 -1.09703310e-03 -9.37188413e-05
2017             1.12644498e-01 -4.21915851e-02 -1.36868634e-02 1.12159954e-01 -4.10963376e-02 -1.35977857e-02 4.84543886e-04 -1.09524750e-03 -8.90776664e-05
2018             1.04577338e-01 -4.40225267e-02 -1.31161942e-02 1.04120895e-01 -4.29287137e-02 -1.30334800e-02 4.56443524e-04 -1.09381303e-03 -8.27141713e-05
2019             9.65330456e-02 -4.59154276e-02 -1.25953224e-02 9.61115653e-02 -4.48241649e-02 -1.25199610e-02 4.21480236e-04 -1.09126265e-03 -7.53613835e-05
2020             8.97364854e-02 -4.81228922e-02 -1.22281973e-02 8.93521187e-02 -4.70368252e-02 -1.21604034e-02 3.84366756e-04 -1.08606699e-03 -6.77938984e-05
2021             8.45727500e-02 -5.10147358e-02 -1.20608144e-02 8.42214047e-02 -4.99381962e-02 -1.19998226e-02 3.51345325e-04 -1.07653961e-03 -6.09918022e-05
2022             8.05401465e-02 -5.47920095e-02 -1.21238393e-02 8.02122913e-02 -5.37277321e-02 -1.20675964e-02 3.27855181e-04 -1.06427738e-03 -5.62429756e-05
2023             7.79361001e-02 -5.93434255e-02 -1.24295207e-02 7.76181424e-02 -5.82934138e-02 -1.23751283e-02 3.17957677e-04 -1.05001174e-03 -5.43924336e-05
2024             7.68966793e-02 -6.42343075e-02 -1.29283506e-02 7.65729516e-02 -6.31977930e-02 -1.28729669e-02 3.23727707e-04 -1.03651456e-03 -5.53836546e-05
2025             7.72733448e-02 -6.91235348e-02 -1.35415928e-02 7.69270539e-02 -6.80989457e-02 -1.34823280e-02 3.46290969e-04 -1.02458913e-03 -5.92647770e-05
2026             7.83961301e-02 -7.39528487e-02 -1.41585445e-02 7.80140117e-02 -7.29388764e-02 -1.40932434e-02 3.82118484e-04 -1.01397234e-03 -6.53010996e-05
2027             7.97180159e-02 -7.90412354e-02 -1.47131353e-02 7.92916224e-02 -7.80365674e-02 -1.46404878e-02 4.26393531e-04 -1.00466806e-03 -7.26474349e-05
2028             8.14281652e-02 -8.38952351e-02 -1.51977852e-02 8.09553452e-02 -8.28986775e-02 -1.51177294e-02 4.72820061e-04 -9.96557672e-04 -8.00558536e-05
2029             8.33891734e-02 -8.77246024e-02 -1.55908019e-02 8.28739123e-02 -8.67348204e-02 -1.55040448e-02 5.15261055e-04 -9.89782010e-04 -8.67570378e-05
2030             8.57418736e-02 -8.99755851e-02 -1.58720618e-02 8.51917201e-02 -8.89896196e-02 -1.57796600e-02 5.50153422e-04 -9.85965480e-04 -9.24018328e-05
2031             8.86521930e-02 -9.10807012e-02 -1.60250191e-02 8.80763712e-02 -9.00930685e-02 -1.59283192e-02 5.75821774e-04 -9.87632720e-04 -9.66999047e-05
2032             9.19591150e-02 -9.15607224e-02 -1.60682022e-02 9.13673559e-02 -9.05665477e-02 -1.59687390e-02 5.91759113e-04 -9.94174682e-04 -9.94632319e-05
2033             9.50519512e-02 -9.11164781e-02 -1.60322959e-02 9.44548839e-02 -9.01112515e-02 -1.59314289e-02 5.97067279e-04 -1.00522661e-03 -1.00866927e-04
2034             9.74122222e-02 -8.93490076e-02 -1.59125208e-02 9.68205595e-02 -8.83302201e-02 -1.58113717e-02 5.91662686e-04 -1.01878750e-03 -1.01149055e-04
2035             9.91335797e-02 -8.60221790e-02 -1.57041020e-02 9.85602854e-02 -8.49892979e-02 -1.56040309e-02 5.73294383e-04 -1.03288109e-03 -1.00071131e-04
2036             1.00648036e-01 -8.17971720e-02 -1.54052527e-02 1.00106692e-01 -8.07518714e-02 -1.53078090e-02 5.41344367e-04 -1.04530053e-03 -9.74436539e-05
2037             1.01632324e-01 -7.74612642e-02 -1.50305338e-02 1.01133939e-01 -7.64044798e-02 -1.49373974e-02 4.98385360e-04 -1.05678440e-03 -9.31364277e-05
2038             1.02026045e-01 -7.33062656e-02 -1.46467027e-02 1.01577649e-01 -7.22385482e-02 -1.45592541e-02 4.48396354e-04 -1.06771741e-03 -8.74485869e-05
2039             1.02292006e-01 -6.91750298e-02 -1.42879055e-02 1.01893797e-01 -6.80976012e-02 -1.42069384e-02 3.98208222e-04 -1.07742859e-03 -8.09671502e-05
2040             1.03044845e-01 -6.43188535e-02 -1.39829744e-02 1.02690987e-01 -6.32338660e-02 -1.39084209e-02 3.53857109e-04 -1.08498759e-03 -7.45535091e-05
2041             1.04764738e-01 -5.87442773e-02 -1.37827835e-02 1.04442444e-01 -5.76542288e-02 -1.37133253e-02 3.22293740e-04 -1.09004853e-03 -6.94581153e-05
2042             1.07448556e-01 -5.31696016e-02 -1.37215077e-02 1.07140506e-01 -5.20749966e-02 -1.36551354e-02 3.08049159e-04 -1.09460497e-03 -6.63723165e-05
2043             1.10430978e-01 -4.88185124e-02 -1.37861630e-02 1.10119843e-01 -4.77191067e-02 -1.37205285e-02 3.11135123e-04 -1.09940573e-03 -6.56345482e-05
2044             1.13445289e-01 -4.56856122e-02 -1.39333752e-02 1.13115760e-01 -4.45805322e-02 -1.38656223e-02 3.29529773e-04 -1.10508007e-03 -6.77529710e-05
2045             1.15909959e-01 -4.34525247e-02 -1.40945395e-02 1.15551454e-01 -4.23411580e-02 -1.40229058e-02 3.58504408e-04 -1.11136669e-03 -7.16337293e-05
2046             1.17662523e-01 -4.15138098e-02 -1.42566421e-02 1.17267762e-01 -4.03973849e-02 -1.41797804e-02 3.94760553e-04 -1.11642493e-03 -7.68617056e-05
2047             1.18548922e-01 -4.00506129e-02 -1.44055691e-02 1.18120036e-01 -3.89324313e-02 -1.43237612e-02 4.28885944e-04 -1.11818161e-03 -8.18079478e-05
2048             1.18416270e-01 -3.95876072e-02 -1.45249892e-02 1.17958687e-01 -3.84707381e-02 -1.44389575e-02 4.57582540e-04 -1.11686913e-03 -8.60316415e-05
2049             1.16690589e-01 -4.03542788e-02 -1.45380766e-02 1.16213721e-01 -3.92398032e-02 -1.44489385e-02 4.76868340e-04 -1.11447559e-03 -8.91381172e-05
2050             1.13227988e-01 -4.20628530e-02 -1.44160459e-02 1.12741457e-01 -4.09511351e-02 -1.43253732e-02 4.86531008e-04 -1.11171790e-03 -9.06727200e-05
2051             1.08603107e-01 -4.41146586e-02 -1.41879567e-02 1.08116624e-01 -4.30075776e-02 -1.40974033e-02 4.86483308e-04 -1.10708093e-03 -9.05534435e-05
2052             1.03848906e-01 -4.63801693e-02 -1.38937215e-02 1.03369284e-01 -4.52799809e-02 -1.38046075e-02 4.79622239e-04 -1.10018835e-03 -8.91139599e-05
2053             9.92285454e-02 -4.94167755e-02 -1.35757134e-02 9.87596793e-02 -4.83281094e-02 -1.34889668e-02 4.68866132e-04 -1.08866612e-03 -8.67465749e-05
2054             9.42539203e-02 -5.32172616e-02 -1.32616806e-02 9.37978190e-02 -5.21452392e-02 -1.31781404e-02 4.56101282e-04 -1.07202241e-03 -8.35402509e-05
2055             8.88593315e-02 -5.74441015e-02 -1.29929387e-02 8.84186786e-02 -5.63921928e-02 -1.29132826e-02 4.40652923e-04 -1.05190868e-03 -7.96560166e-05
2056             8.35108939e-02 -6.18427244e-02 -1.28197313e-02 8.30871570e-02 -6.08112992e-02 -1.27444645e-02 4.23736904e-04 -1.03142517e-03 -7.52668056e-05
2057             7.86660602e-02 -6.62702038e-02 -1.27976449e-02 7.82576971e-02 -6.52568956e-02 -1.27269414e-02 4.08363132e-04 -1.01330817e-03 -7.07035248e-05
2058             7.46902465e-02 -7.10543607e-02 -1.29267548e-02 7.42939628e-02 -7.00552960e-02 -1.28603277e-02 3.96283708e-04 -9.99064623e-04 -6.64270506e-05
2059             7.16842208e-02 -7.61629201e-02 -1.31853439e-02 7.12937965e-02 -7.51730118e-02 -1.31220801e-02 3.90424319e-04 -9.89908306e-04 -6.32637574e-05
2060             6.96631640e-02 -8.09653438e-02 -1.35676435e-02 6.92700594e-02 -7.99804005e-02 -1.35058092e-02 3.93104596e-04 -9.84943325e-04 -6.18342180e-05
2061             6.90450259e-02 -8.49768944e-02 -1.40373797e-02 6.86410459e-02 -8.39929535e-02 -1.39750452e-02 4.03980030e-04 -9.83940962e-04 -6.23344874e-05
2062             7.00380661e-02 -8.78620859e-02 -1.45657615e-02 6.96151367e-02 -8.68767257e-02 -1.45006110e-02 4.22929400e-04 -9.85360209e-04 -6.51505726e-05
2063             7.29522613e-02 -8.95403185e-02 -1.50969243e-02 7.25028986e-02 -8.85501878e-02 -1.50265305e-02 4.49362688e-04 -9.90130706e-04 -7.03938033e-05
2064             7.75493406e-02 -9.03511552e-02 -1.55544079e-02 7.70704208e-02 -8.93516221e-02 -1.54775080e-02 4.78919874e-04 -9.99533086e-04 -7.68999061e-05
2065             8.35802521e-02 -9.03725703e-02 -1.59911717e-02 8.30702495e-02 -8.93620244e-02 -1.59068145e-02 5.10002577e-04 -1.01054594e-03 -8.43571861e-05
2066             9.03849323e-02 -8.92845790e-02 -1.63939482e-02 8.98495075e-02 -8.82619555e-02 -1.63024572e-02 5.35424807e-04 -1.02262354e-03 -9.14909475e-05
2067             9.71570127e-02 -8.66693420e-02 -1.67092050e-02 9.66050646e-02 -8.56341631e-02 -1.66112532e-02 5.51948077e-04 -1.03517898e-03 -9.79517189e-05
2068             1.03513252e-01 -8.31870861e-02 -1.68779391e-02 1.02958234e-01 -8.21404581e-02 -1.67750506e-02 5.55017785e-04 -1.04662795e-03 -1.02888428e-04
2069             1.09232306e-01 -7.96998671e-02 -1.68741686e-02 1.08688019e-01 -7.86426579e-02 -1.67682610e-02 5.44286425e-04 -1.05720922e-03 -1.05907554e-04
2070             1.13609498e-01 -7.62629873e-02 -1.66821442e-02 1.13087081e-01 -7.51950236e-02 -1.65752799e-02 5.22416796e-04 -1.06796369e-03 -1.06864303e-04
2071             1.16054767e-01 -7.27443227e-02 -1.62786020e-02 1.15561413e-01 -7.16664334e-02 -1.61728424e-02 4.93353979e-04 -1.07788938e-03 -1.05759692e-04
2072             1.17004967e-01 -6.84976804e-02 -1.56949870e-02 1.16544069e-01 -6.74117329e-02 -1.55924348e-02 4.60898180e-04 -1.08594744e-03 -1.02552145e-04
2073             1.17109021e-01 -6.32636902e-02 -1.49735751e-02 1.16680794e-01 -6.21735127e-02 -1.48761007e-02 4.28227019e-04 -1.09017749e-03 -9.74744083e-05
2074             1.16701360e-01 -5.80349107e-02 -1.42055158e-02 1.16304181e-01 -5.69434097e-02 -1.41147977e-02 3.97178746e-04 -1.09150102e-03 -9.07180688e-05
2075             1.15728964e-01 -5.32532882e-02 -1.34983517e-02 1.15358442e-01 -5.21607329e-02 -1.34154319e-02 3.70521704e-04 -1.09255531e-03 -8.29197980e-05
2076             1.14166956e-01 -4.90625025e-02 -1.29415249e-02 1.13818743e-01 -4.79684381e-02 -1.28665643e-02 3.48213228e-04 -1.09406445e-03 -7.49605443e-05
2077             1.12349078e-01 -4.55798966e-02 -1.25649789e-02 1.12018643e-01 -4.44829610e-02 -1.24973125e-02 3.30434831e-04 -1.09693563e-03 -6.76664683e-05
2078             1.10192596e-01 -4.28337186e-02 -1.23866808e-02 1.09872714e-01 -4.17308382e-02 -1.23248333e-02 3.19882192e-04 -1.10288036e-03 -6.18475179e-05
2079             1.07994463e-01 -4.07238923e-02 -1.23890217e-02 1.07676274e-01 -3.96153208e-02 -1.23307656e-02 3.18189169e-04 -1.10857155e-03 -5.82561224e-05
2080             1.05856451e-01 -3.94933065e-02 -1.25442578e-02 1.05532964e-01 -3.83803803e-02 -1.24873802e-02 3.23487512e-04 -1.11292624e-03 -5.68775317e-05
2081             1.03551236e-01 -3.93793997e-02 -1.27988524e-02 1.03215549e-01 -3.82638140e-02 -1.27407989e-02 3.35687162e-04 -1.11558564e-03 -5.80535727e-05
2082             1.00857557e-01 -4.03971616e-02 -1.30672631e-02 1.00504586e-01 -3.92807808e-02 -1.30059419e-02 3.52970757e-04 -1.11638079e-03 -6.13212291e-05
2083             9.78560090e-02 -4.21496511e-02 -1.33025116e-02 9.74816849e-02 -4.10339542e-02 -1.32365207e-02 3.74324131e-04 -1.11569691e-03 -6.59908710e-05
2084             9.55711809e-02 -4.45814407e-02 -1.35443549e-02 9.51733405e-02 -4.34707388e-02 -1.34729669e-02 3.97840403e-04 -1.11070186e-03 -7.13880181e-05
2085             9.45884445e-02 -4.75702824e-02 -1.37960834e-02 9.41667701e-02 -4.64679892e-02 -1.37193884e-02 4.21674456e-04 -1.10229315e-03 -7.66949575e-05
2086             9.46807045e-02 -5.11157782e-02 -1.40485460e-02 9.42355118e-02 -5.00267987e-02 -1.39670105e-02 4.45192682e-04 -1.08897946e-03 -8.15355385e-05
2087             9.45564340e-02 -5.49926592e-02 -1.42831010e-02 9.40902277e-02 -5.39203943e-02 -1.41974825e-02 4.66206297e-04 -1.07226487e-03 -8.56184953e-05
2088             9.36409125e-02 -5.93066665e-02 -1.44898859e-02 9.31571674e-02 -5.82530216e-02 -1.44010221e-02 4.83745169e-04 -1.05364492e-03 -8.88637758e-05
2089             9.18903236e-02 -6.40301863e-02 -1.46511884e-02 9.13933216e-02 -6.29938459e-02 -1.45601574e-02 4.97002090e-04 -1.03634036e-03 -9.10310232e-05
2090             8.93172369e-02 -6.93374887e-02 -1.47267652e-02 8.88102243e-02 -6.83156793e-02 -1.46346516e-02 5.07012580e-04 -1.02180941e-03 -9.21136033e-05
2091             8.59446793e-02 -7.45367565e-02 -1.47095723e-02 8.54321283e-02 -7.35271963e-02 -1.46178222e-02 5.12551013e-04 -1.00956016e-03 -9.17501478e-05
2092             8.17918590e-02 -7.93158340e-02 -1.46075780e-02 8.12793048e-02 -7.83168683e-02 -1.45177069e-02 5.12554169e-04 -9.98965738e-04 -8.98711319e-05
2093             7.74211968e-02 -8.35233689e-02 -1.44596123e-02 7.69147575e-02 -8.25330423e-02 -1.43732958e-02 5.06439372e-04 -9.90326670e-04 -8.63164999e-05
2094             7.36509489e-02 -8.67399845e-02 -1.43398570e-02 7.31558699e-02 -8.57562544e-02 -1.42580230e-02 4.95079063e-04 -9.83730079e-04 -8.18340087e-05
2095             7.12344967e-02 -8.86806463e-02 -1.43027302e-02 7.07542579e-02 -8.77007210e-02 -1.42255558e-02 4.80238826e-04 -9.79925309e-04 -7.71744257e-05
2096             7.09048932e-02 -8.94626634e-02 -1.43726186e-02 7.04403968e-02 -8.84812726e-02 -1.42995031e-02 4.64496347e-04 -9.81390786e-04 -7.31155268e-05
2097             7.30047483e-02 -8.95584844e-02 -1.45677289e-02 7.25523914e-02 -8.85701338e-02 -1.44971014e-02 4.52356895e-04 -9.88350558e-04 -7.06274594e-05
2098             7.69635684e-02 -8.87489388e-02 -1.48917413e-02 7.65190545e-02 -8.77494994e-02 -1.48215849e-02 4.44513912e-04 -9.99439429e-04 -7.01564213e-05
2099             8.21192353e-02 -8.69956618e-02 -1.53080217e-02 8.16795073e-02 -8.59823053e-02 -1.52361847e-02 4.39727937e-04 -1.01335644e-03 -7.18370085e-05
2100             8.79006101e-02 -8.45250047e-02 -1.57295192e-02 8.74626244e-02 -8.34958669e-02 -1.56536075e-02 4.37985713e-04 -1.02913778e-03 -7.59117296e-05
2101             9.43360933e-02 -8.15301521e-02 -1.60602261e-02 9.39017351e-02 -8.04852149e-02 -1.59790758e-02 4.34358223e-04 -1.04493714e-03 -8.11503068e-05
2102             1.00851688e-01 -7.82190208e-02 -1.62652947e-02 1.00420018e-01 -7.71586597e-02 -1.61780596e-02 4.31669582e-04 -1.06036116e-03 -8.72350565e-05
2103             1.06836078e-01 -7.45530121e-02 -1.63423797e-02 1.06409791e-01 -7.34779568e-02 -1.62498542e-02 4.26287252e-04 -1.07505530e-03 -9.25255808e-05
2104             1.12498360e-01 -7.05624359e-02 -1.62992732e-02 1.12077475e-01 -6.94740891e-02 -1.62027454e-02 4.20884963e-04 -1.08834676e-03 -9.65277216e-05
2105             1.17791896e-01 -6.61117574e-02 -1.61068853e-02 1.17373804e-01 -6.50127244e-02 -1.60078146e-02 4.18091472e-04 -1.09903303e-03 -9.90707461e-05
2106             1.22531815e-01 -6.14970863e-02 -1.57626050e-02 1.22113717e-01 -6.03911320e-02 -1.56626397e-02 4.18097522e-04 -1.10595430e-03 -9.99653906e-05
2107             1.26216898e-01 -5.67875426e-02 -1.53045260e-02 1.25795627e-01 -5.56771518e-02 -1.52052913e-02 4.21270791e-04 -1.11039079e-03 -9.92347326e-05
2108             1.28027487e-01 -5.22258999e-02 -1.47654565e-02 1.27600678e-01 -5.11127346e-02 -1.46683853e-02 4.26809099e-04 -1.11316538e-03 -9.70711887e-05
2109             1.27620747e-01 -4.81660251e-02 -1.41693570e-02 1.27190314e-01 -4.70510519e-02 -1.40755376e-02 4.30432119e-04 -1.11497319e-03 -9.38193882e-05
2110             1.24881516e-01 -4.49212498e-02 -1.35380741e-02 1.24451357e-01 -4.38062721e-02 -1.34487465e-02 4.30159163e-04 -1.11497768e-03 -8.93275639e-05
2111             1.20067153e-01 -4.24810387e-02 -1.29088794e-02 1.19643117e-01 -4.13668261e-02 -1.28253412e-02 4.24036330e-04 -1.11421261e-03 -8.35382447e-05
2112             1.13772261e-01 -4.04850963e-02 -1.23331909e-02 1.13361633e-01 -3.93744734e-02 -1.22565567e-02 4.10628180e-04 -1.11062296e-03 -7.66341863e-05
2113             1.06684525e-01 -3.92272657e-02 -1.18907179e-02 1.06293247e-01 -3.81231861e-02 -1.18215399e-02 3.91278822e-04 -1.10407962e-03 -6.91780149e-05
2114             9.90952675e-02 -3.91925467e-02 -1.16167235e-02 9.87278287e-02 -3.80950984e-02 -1.15547376e-02 3.67438763e-04 -1.09744822e-03 -6.19858933e-05
2115             9.18064075e-02 -4.05734143e-02 -1.15237969e-02 9.14612348e-02 -3.94812432e-02 -1.14677967e-02 3.45172719e-04 -1.09217110e-03 -5.60001903e-05
2116             8.56570990e-02 -4.29053253e-02 -1.16359588e-02 8.53265178e-02 -4.18168728e-02 -1.15836708e-02 3.30581217e-04 -1.08845252e-03 -5.22880301e-05
2117             8.17242672e-02 -4.57645005e-02 -1.19454213e-02 8.13985342e-02 -4.46794189e-02 -1.18942492e-02 3.25733008e-04 -1.08508158e-03 -5.11720516e-05
2118             8.02333168e-02 -4.89862400e-02 -1.24247622e-02 7.98998769e-02 -4.79057692e-02 -1.23717563e-02 3.33439945e-04 -1.08047081e-03 -5.30059202e-05
2119             8.03467702e-02 -5.25378112e-02 -1.30095149e-02 7.99912620e-02 -5.14646168e-02 -1.29516043e-02 3.55508204e-04 -1.07319434e-03 -5.79106810e-05
2120             8.06929320e-02 -5.65015941e-02 -1.36088462e-02 8.03084808e-02 -5.54380142e-02 -1.35442314e-02 3.84451215e-04 -1.06357989e-03 -6.46148011e-05
2121             8.13725206e-02 -6.12998309e-02 -1.42465402e-02 8.09531018e-02 -6.02474590e-02 -1.41737091e-02 4.19418767e-04 -1.05237191e-03 -7.28311346e-05
2122             8.24283950e-02 -6.64551032e-02 -1.48907206e-02 8.19733103e-02 -6.54132263e-02 -1.48097961e-02 4.55084626e-04 -1.04187683e-03 -8.09245010e-05
2123             8.37729645e-02 -7.16516580e-02 -1.54713186e-02 8.32823935e-02 -7.06191795e-02 -1.53828194e-02 4.90571059e-04 -1.03247845e-03 -8.84992141e-05
2124             8.49671472e-02 -7.65263405e-02 -1.59292863e-02 8.44440463e-02 -7.55022413e-02 -1.58345053e-02 5.23100885e-04 -1.02409915e-03 -9.47810561e-05
2125             8.57009905e-02 -8.10013145e-02 -1.62500603e-02 8.51504632e-02 -7.99850636e-02 -1.61506602e-02 5.50527337e-04 -1.01625086e-03 -9.94001248e-05
2126             8.60210655e-02 -8.49731816e-02 -1.64227106e-02 8.54493755e-02 -8.39642197e-02 -1.63204958e-02 5.71690034e-04 -1.00896193e-03 -1.02214763e-04
2127             8.57648431e-02 -8.79574204e-02 -1.64259356e-02 8.51797903e-02 -8.69557230e-02 -1.63224900e-02 5.85052827e-04 -1.00169744e-03 -1.03445609e-04
2128             8.56614007e-02 -8.95402738e-02 -1.62958415e-02 8.50722980e-02 -8.85448927e-02 -1.61926683e-02 5.89102715e-04 -9.95381010e-04 -1.03173135e-04
2129             8.60205243e-02 -8.98763893e-02 -1.60316583e-02 8.54374121e-02 -8.88848617e-02 -1.59303554e-02 5.83112163e-04 -9.91527582e-04 -1.01302828e-04
2130             8.66268747e-02 -8.94866440e-02 -1.56850646e-02 8.60617403e-02 -8.84964145e-02 -1.55874460e-02 5.65134412e-04 -9.90229500e-04 -9.76186057e-05
2131             8.70992083e-02 -8.85823554e-02 -1.53339166e-02 8.65641531e-02 -8.75901884e-02 -1.52413676e-02 5.35055212e-04 -9.92167040e-04 -9.25490023e-05
2132             8.76197291e-02 -8.68146130e-02 -1.50414150e-02 8.71258265e-02 -8.58162330e-02 -1.49546874e-02 4.93902552e-04 -9.98380025e-04 -8.67276149e-05
2133             8.85862638e-02 -8.41087718e-02 -1.48263842e-02 8.81422541e-02 -8.30997975e-02 -1.47456196e-02 4.44009766e-04 -1.00897433e-03 -8.07646685e-05
2134             9.06205196e-02 -8.07416135e-02 -1.46941868e-02 9.02289410e-02 -7.97183601e-02 -1.46185822e-02 3.91578680e-04 -1.02325336e-03 -7.56046240e-05
2135             9.36696649e-02 -7.68887298e-02 -1.46391746e-02 9.33245753e-02 -7.58466206e-02 -1.45670356e-02 3.45089639e-04 -1.04210921e-03 -7.21389427e-05
2136             9.73950030e-02 -7.29064463e-02 -1.46398696e-02 9.70851979e-02 -7.18428662e-02 -1.45693810e-02 3.09805046e-04 -1.06358014e-03 -7.04886739e-05
2137             1.01903997e-01 -6.92336728e-02 -1.46583772e-02 1.01613238e-01 -6.81483467e-02 -1.45875980e-02 2.90758984e-04 -1.08532611e-03 -7.07791495e-05
2138             1.07121995e-01 -6.49871561e-02 -1.46520159e-02 1.06832400e-01 -6.38831292e-02 -1.45791145e-02 2.89595718e-04 -1.10402689e-03 -7.29013617e-05
2139             1.12697839e-01 -6.00579251e-02 -1.45861636e-02 1.12393395e-01 -5.89401729e-02 -1.45099355e-02 3.04443696e-04 -1.11775220e-03 -7.62281511e-05
2140             1.18121241e-01 -5.47813679e-02 -1.45077039e-02 1.17789001e-01 -5.36548158e-02 -1.44275611e-02 3.32240139e-04 -1.12655207e-03 -8.01428223e-05
2141             1.22275433e-01 -4.98458183e-02 -1.43986705e-02 1.21909630e-01 -4.87146223e-02 -1.43149552e-02 3.65802820e-04 -1.13119601e-03 -8.37152657e-05
2142             1.24826562e-01 -4.60070058e-02 -1.42462762e-02 1.24427970e-01 -4.48744353e-02 -1.41596484e-02 3.98592350e-04 -1.13257047e-03 -8.66278368e-05
2143             1.25340182e-01 -4.31443536e-02 -1.40530035e-02 1.24912987e-01 -4.20122731e-02 -1.39647124e-02 4.27194552e-04 -1.13208055e-03 -8.82910996e-05
2144             1.23764989e-01 -4.09498288e-02 -1.38133299e-02 1.23315675e-01 -3.98213684e-02 -1.37247097e-02 4.49314256e-04 -1.12846032e-03 -8.86201722e-05
2145             1.20286858e-01 -3.93737058e-02 -1.35367213e-02 1.19823775e-01 -3.82529874e-02 -1.34490539e-02 4.63083467e-04 -1.12071838e-03 -8.76673515e-05
2146             1.14848625e-01 -3.89558757e-02 -1.32087565e-02 1.14379539e-01 -3.78462867e-02 -1.31230030e-02 4.69086172e-04 -1.10958899e-03 -8.57534946e-05
2147             1.07763554e-01 -4.01482048e-02 -1.28484658e-02 1.07297658e-01 -3.90509332e-02 -1.27657047e-02 4.65895605e-04 -1.09727156e-03 -8.27610738e-05
2148             9.96086091e-02 -4.24799181e-02 -1.24778530e-02 9.91529648e-02 -4.13942335e-02 -1.23991013e-02 4.55644268e-04 -1.08568453e-03 -7.87516846e-05
2149             9.14836754e-02 -4.51336542e-02 -1.21536635e-02 9.10454448e-02 -4.40589545e-02 -1.20799286e-02 4.38230615e-04 -1.07469969e-03 -7.37349108e-05
2150             8.46822691e-02 -4.77527593e-02 -1.19555899e-02 8.42647761e-02 -4.66879379e-02 -1.18871871e-02 4.17492970e-04 -1.06482138e-03 -6.84027532e-05
2151             7.94178437e-02 -5.05867892e-02 -1.19420209e-02 7.90213034e-02 -4.95321055e-02 -1.18786209e-02 3.96540280e-04 -1.05468370e-03 -6.33999799e-05
2152             7.50910131e-02 -5.41639981e-02 -1.21256677e-02 7.47130713e-02 -5.31187438e-02 -1.20662739e-02 3.77941768e-04 -1.04525422e-03 -5.93937618e-05
2153             7.16410799e-02 -5.85822810e-02 -1.25209313e-02 7.12758839e-02 -5.75450954e-02 -1.24635075e-02 3.65196051e-04 -1.03718554e-03 -5.74238212e-05
2154             6.95183855e-02 -6.33074365e-02 -1.31149199e-02 6.91566369e-02 -6.22756130e-02 -1.30569819e-02 3.61748621e-04 -1.03182348e-03 -5.79380943e-05
2155             6.90323867e-02 -6.80609330e-02 -1.38488829e-02 6.86623363e-02 -6.70314586e-02 -1.37879885e-02 3.70050338e-04 -1.02947440e-03 -6.08943554e-05
2156             7.00934150e-02 -7.27899855e-02 -1.46386789e-02 6.97009324e-02 -7.17616208e-02 -1.45721546e-02 3.92482551e-04 -1.02836474e-03 -6.65242148e-05
2157             7.20964483e-02 -7.73999461e-02 -1.53887779e-02 7.16716876e-02 -7.63726244e-02 -1.53149705e-02 4.24760644e-04 -1.02732168e-03 -7.38074165e-05
2158             7.47007409e-02 -8.17970683e-02 -1.60516296e-02 7.42353647e-02 -8.07722053e-02 -1.59693721e-02 4.65376161e-04 -1.02486302e-03 -8.22575092e-05
2159             7.81294532e-02 -8.53068534e-02 -1.66094061e-02 7.76233910e-02 -8.42870298e-02 -1.65190476e-02 5.06062188e-04 -1.01982361e-03 -9.03584974e-05
2160             8.24685054e-02 -8.75019952e-02 -1.70597383e-02 8.19262326e-02 -8.64899331e-02 -1.69622066e-02 5.42272724e-04 -1.01206213e-03 -9.75316814e-05
2161             8.75604278e-02 -8.84392891e-02 -1.73514633e-02 8.69902368e-02 -8.74345150e-02 -1.72481105e-02 5.70190972e-04 -1.00477408e-03 -1.03352791e-04
2162             9.28854563e-02 -8.88290494e-02 -1.74393058e-02 9.22984803e-02 -8.78291330e-02 -1.73319478e-02 5.86975963e-04 -9.99916407e-04 -1.07358042e-04
2163             9.75081596e-02 -8.90501003e-02 -1.73454232e-02 9.69184394e-02 -8.80518520e-02 -1.72361975e-02 5.89720252e-04 -9.98248217e-04 -1.09225755e-04
2164             1.00794299e-01 -8.86289911e-02 -1.70872321e-02 1.00216644e-01 -8.76283027e-02 -1.69780542e-02 5.77654803e-04 -1.00068835e-03 -1.09177899e-04
2165             1.02568468e-01 -8.69120079e-02 -1.66735647e-02 1.02017266e-01 -8.59046155e-02 -1.65661662e-02 5.51202354e-04 -1.00739243e-03 -1.07398429e-04
2166             1.03518006e-01 -8.39307956e-02 -1.61231065e-02 1.03007956e-01 -8.29142045e-02 -1.60193424e-02 5.10049910e-04 -1.01659107e-03 -1.03764116e-04
2167             1.04050475e-01 -8.02166305e-02 -1.54683026e-02 1.03591554e-01 -7.91875606e-02 -1.53699530e-02 4.58920952e-04 -1.02906987e-03 -9.83495575e-05
2168             1.04065563e-01 -7.66385829e-02 -1.47617964e-02 1.03663303e-01 -7.55934040e-02 -1.46704138e-02 4.02259530e-04 -1.04517893e-03 -9.13826080e-05
2169             1.03854225e-01 -7.32165348e-02 -1.40914431e-02 1.03507989e-01 -7.21531394e-02 -1.40081102e-02 3.46236016e-04 -1.06339533e-03 -8.33329491e-05
2170             1.03959465e-01 -6.90774091e-02 -1.35021694e-02 1.03662129e-01 -6.79960455e-02 -1.34272069e-02 2.97335595e-04 -1.08136355e-03 -7.49624846e-05
2171             1.04899679e-01 -6.38182884e-02 -1.30246550e-02 1.04639243e-01 -6.27210935e-02 -1.29573639e-02 2.60435239e-04 -1.09719496e-03 -6.72911564e-05
2172             1.06632465e-01 -5.80688458e-02 -1.27059220e-02 1.06391923e-01 -5.69583357e-02 -1.26445318e-02 2.40541874e-04 -1.11051010e-03 -6.13901874e-05
2173             1.08548455e-01 -5.25473286e-02 -1.25555138e-02 1.08309896e-01 -5.14263115e-02 -1.24978239e-02 2.38558523e-04 -1.12101711e-03 -5.76898767e-05
2174             1.10113665e-01 -4.78559473e-02 -1.25410024e-02 1.09861712e-01 -4.67270592e-02 -1.24843376e-02 2.51952946e-04 -1.12888808e-03 -5.66647580e-05
2175             1.11048327e-01 -4.42479310e-02 -1.26228656e-02 1.10769197e-01 -4.31142176e-02 -1.25643717e-02 2.79129404e-04 -1.13371340e-03 -5.84939522e-05
2176             1.10875535e-01 -4.15263853e-02 -1.27359831e-02 1.10561369e-01 -4.03906193e-02 -1.26740270e-02 3.14166298e-04 -1.13576604e-03 -6.19561609e-05
2177             1.10153781e-01 -3.94475329e-02 -1.29036938e-02 1.09798535e-01 -3.83155797e-02 -1.28367950e-02 3.55245418e-04 -1.13195319e-03 -6.68988706e-05
2178             1.09123173e-01 -3.85713201e-02 -1.31298930e-02 1.08728003e-01 -3.74488819e-02 -1.30579555e-02 3.95169607e-04 -1.12243815e-03 -7.19374634e-05
2179             1.07339412e-01 -3.92327928e-02 -1.33633794e-02 1.06907871e-01 -3.81220973e-02 -1.32864449e-02 4.31540360e-04 -1.11069554e-03 -7.69345076e-05
2180             1.04681404e-01 -4.12821251e-02 -1.35530007e-02 1.04220158e-01 -4.01830514e-02 -1.34718731e-02 4.61246206e-04 -1.09907368e-03 -8.11276106e-05
2181             1.01336115e-01 -4.38354922e-02 -1.36848639e-02 1.00852800e-01 -4.27462334e-02 -1.36006096e-02 4.83315466e-04 -1.08925885e-03 -8.42543198e-05
2182             9.77553235e-02 -4.65327695e-02 -1.37606495e-02 9.72580621e-02 -4.54523546e-02 -1.36744197e-02 4.97261397e-04 -1.08041490e-03 -8.62297898e-05
2183             9.41404736e-02 -4.95526167e-02 -1.37744269e-02 9.36371727e-02 -4.84800557e-02 -1.36873323e-02 5.03300916e-04 -1.07256105e-03 -8.70945323e-05
2184             9.03439041e-02 -5.33800729e-02 -1.37544071e-02 8.98406958e-02 -5.23165022e-02 -1.36674392e-02 5.03208333e-04 -1.06357066e-03 -8.69679604e-05
2185             8.55865940e-02 -5.74028081e-02 -1.37088723e-02 8.50912282e-02 -5.63497920e-02 -1.36231146e-02 4.95365801e-04 -1.05301609e-03 -8.57576770e-05
2186             8.02764671e-02 -6.15823428e-02 -1.36799816e-02 7.97959494e-02 -6.05405121e-02 -1.35964714e-02 4.80517657e-04 -1.04183071e-03 -8.35102418e-05
2187             7.52342996e-02 -6.58434307e-02 -1.37223043e-02 7.47723318e-02 -6.48113825e-02 -1.36418485e-02 4.61967821e-04 -1.03204819e-03 -8.04557398e-05
2188             7.13160290e-02 -7.01224302e-02 -1.38879706e-02 7.08727789e-02 -6.90982452e-02 -1.38108472e-02 4.43250025e-04 -1.02418509e-03 -7.71233473e-05
2189             6.87213290e-02 -7.44245877e-02 -1.41716632e-02 6.82932437e-02 -7.34063112e-02 -1.40976137e-02 4.28085357e-04 -1.01827649e-03 -7.40495232e-05
2190             6.74798359e-02 -7.84544593e-02 -1.45671193e-02 6.70602627e-02 -7.74408419e-02 -1.44950987e-02 4.19573157e-04 -1.01361745e-03 -7.20205612e-05
2191             6.77874515e-02 -8.21755126e-02 -1.50473622e-02 6.73668676e-02 -8.11660982e-02 -1.49756922e-02 4.20583859e-04 -1.00941438e-03 -7.16700524e-05
2192             6.96678413e-02 -8.49578385e-02 -1.55696924e-02 6.92386504e-02 -8.39533556e-02 -1.54965075e-02 4.29190915e-04 -1.00448298e-03 -7.31848781e-05
2193             7.31923431e-02 -8.65645642e-02 -1.60733976e-02 7.27486695e-02 -8.55654126e-02 -1.59967864e-02 4.43673621e-04 -9.99151610e-04 -7.66112024e-05
2194             7.82975960e-02 -8.77046702e-02 -1.64929181e-02 7.78359239e-02 -8.67085036e-02 -1.64112784e-02 4.61672052e-04 -9.96166615e-04 -8.16397335e-05
2195             8.42086365e-02 -8.85296259e-02 -1.67727148e-02 8.37295798e-02 -8.75329604e-02 -1.66854078e-02 4.79056655e-04 -9.96665466e-04 -8.73069635e-05
2196             9.02831787e-02 -8.86354766e-02 -1.69606092e-02 8.97901207e-02 -8.76356424e-02 -1.68674522e-02 4.93058017e-04 -9.99834195e-04 -9.31570313e-05
2197             9.59940971e-02 -8.74384024e-02 -1.70398150e-02 9.54957069e-02 -8.64317652e-02 -1.69416349e-02 4.98390235e-04 -1.00663713e-03 -9.81801823e-05
2198             1.01485847e-01 -8.49118009e-02 -1.69924139e-02 1.00992261e-01 -8.38939040e-02 -1.68903986e-02 4.93586258e-04 -1.01789694e-03 -1.02015278e-04
2199             1.07131795e-01 -8.19145653e-02 -1.68055582e-02 1.06653252e-01 -8.08823189e-02 -1.67013495e-02 4.78542987e-04 -1.03224639e-03 -1.04208687e-04
2200             1.12195012e-01 -7.90539505e-02 -1.64741318e-02 1.11738272e-01 -7.80034129e-02 -1.63695213e-02 4.56739757e-04 -1.05053761e-03 -1.04610456e-04
2201             1.15869492e-01 -7.60163041e-02 -1.59946838e-02 1.15438544e-01 -7.49454879e-02 -1.58914309e-02 4.30947734e-04 -1.07081624e-03 -1.03252864e-04
2202             1.17866064e-01 -7.24678497e-02 -1.53462751e-02 1.17461217e-01 -7.13771700e-02 -1.52460612e-02 4.04846252e-04 -1.09067972e-03 -1.00213922e-04
2203             1.18463009e-01 -6.77638764e-02 -1.45683293e-02 1.18083357e-01 -6.66572040e-02 -1.44729611e-02 3.79652832e-04 -1.10667246e-03 -9.53681921e-05
2204             1.17990844e-01 -6.20869684e-02 -1.37038763e-02 1.17634396e-01 -6.09710875e-02 -1.36149450e-02 3.56448090e-04 -1.11588098e-03 -8.89313527e-05
2205             1.16501879e-01 -5.62537924e-02 -1.28390006e-02 1.16166541e-01 -5.51332187e-02 -1.27580063e-02 3.35338228e-04 -1.12057364e-03 -8.09943280e-05
2206             1.13615687e-01 -5.06927566e-02 -1.20717933e-02 1.13297861e-01 -4.95716841e-02 -1.19994084e-02 3.17826352e-04 -1.12107246e-03 -7.23849222e-05
2207             1.09725351e-01 -4.60688395e-02 -1.14899563e-02 1.09422852e-01 -4.49501123e-02 -1.14259305e-02 3.02498766e-04 -1.11872717e-03 -6.40257388e-05
2208             1.05288935e-01 -4.24380038e-02 -1.11378171e-02 1.04996847e-01 -4.13224095e-02 -1.10812032e-02 2.92087841e-04 -1.11559434e-03 -5.66139362e-05
2209             1.00998022e-01 -3.99535976e-02 -1.10429060e-02 1.00707881e-01 -3.88421005e-02 -1.09916435e-02 2.90140247e-04 -1.11149709e-03 -5.12624693e-05
2210             9.73501791e-02 -3.86207971e-02 -1.12001725e-02 9.70515070e-02 -3.75151413e-02 -1.11514865e-02 2.98672139e-04 -1.10565582e-03 -4.86859954e-05
2211             9.44844541e-02 -3.86551413e-02 -1.15784893e-02 9.41676928e-02 -3.75563776e-02 -1.15295508e-02 3.16761356e-04 -1.09876371e-03 -4.89384876e-05
2212             9.19876025e-02 -4.00219758e-02 -1.20915710e-02 9.16441777e-02 -3.89288725e-02 -1.20392220e-02 3.43424751e-04 -1.09310324e-03 -5.23489560e-05
2213             8.96295239e-02 -4.22903483e-02 -1.26394407e-02 8.92535834e-02 -4.12004665e-02 -1.25814755e-02 3.75940557e-04 -1.08988182e-03 -5.79651262e-05
2214             8.75295341e-02 -4.49292396e-02 -1.31751847e-02 8.71179736e-02 -4.38413583e-02 -1.31099066e-02 4.11560449e-04 -1.08788128e-03 -6.52780623e-05
2215             8.64909314e-02 -4.80650880e-02 -1.37051261e-02 8.60459536e-02 -4.69791012e-02 -1.36322762e-02 4.44977810e-04 -1.08598679e-03 -7.28499611e-05
2216             8.66426699e-02 -5.15031321e-02 -1.42418854e-02 8.61680095e-02 -5.04204750e-02 -1.41617542e-02 4.74660424e-04 -1.08265704e-03 -8.01311833e-05
2217             8.70869080e-02 -5.52408839e-02 -1.47445535e-02 8.65872224e-02 -5.41639091e-02 -1.46578890e-02 4.99685593e-04 -1.07697478e-03 -8.66645163e-05
2218             8.69730129e-02 -5.91488702e-02 -1.51795268e-02 8.64549708e-02 -5.80800462e-02 -1.50873049e-02 5.18042085e-04 -1.06882399e-03 -9.22219003e-05
2219             8.63743071e-02 -6.33200155e-02 -1.55493985e-02 8.58439100e-02 -6.22602817e-02 -1.54528410e-02 5.30397167e-04 -1.05973382e-03 -9.65574971e-05
2220             8.55486045e-02 -6.77002441e-02 -1.58443317e-02 8.50099422e-02 -6.66492184e-02 -1.57447121e-02 5.38662391e-04 -1.05102568e-03 -9.96196628e-05
2221             8.45018106e-02 -7.22509614e-02 -1.60342312e-02 8.39576386e-02 -7.12092891e-02 -1.59327886e-02 5.44171990e-04 -1.04167232e-03 -1.01442639e-04
2222             8.30527280e-02 -7.65694874e-02 -1.61032042e-02 8.25068778e-02 -7.55389049e-02 -1.60014924e-02 5.45850241e-04 -1.03058249e-03 -1.01711842e-04
2223             8.11171875e-02 -8.02918385e-02 -1.60488226e-02 8.05750683e-02 -7.92745899e-02 -1.59486736e-02 5.42119186e-04 -1.01724860e-03 -1.00149009e-04
2224             7.90009393e-02 -8.33857604e-02 -1.58917081e-02 7.84701200e-02 -8.23832249e-02 -1.57949833e-02 5.30819325e-04 -1.00253548e-03 -9.67247920e-05
2225             7.70750841e-02 -8.59432220e-02 -1.56974657e-02 7.65638179e-02 -8.49566448e-02 -1.56055597e-02 5.11266232e-04 -9.86577174e-04 -9.19060671e-05
2226             7.61867973e-02 -8.76626728e-02 -1.55164915e-02 7.57024855e-02 -8.66884631e-02 -1.54301198e-02 4.84311786e-04 -9.74209663e-04 -8.63717683e-05
2227             7.68267802e-02 -8.86340347e-02 -1.53642366e-02 7.63729288e-02 -8.76649065e-02 -1.52832304e-02 4.53851339e-04 -9.69128190e-04 -8.10061281e-05
2228             7.88014397e-02 -8.88168821e-02 -1.52955964e-02 7.83772788e-02 -8.78457470e-02 -1.52188277e-02 4.24160893e-04 -9.71135088e-04 -7.67686412e-05
2229             8.18743896e-02 -8.80265658e-02 -1.53262070e-02 8.14769856e-02 -8.70458608e-02 -1.52518940e-02 3.97404033e-04 -9.80705011e-04 -7.43130056e-05
2230             8.60139863e-02 -8.61053731e-02 -1.54217969e-02 8.56378189e-02 -8.51081315e-02 -1.53477351e-02 3.76167361e-04 -9.97241589e-04 -7.40618034e-05
2231             9.13407088e-02 -8.38197284e-02 -1.55305470e-02 9.09794738e-02 -8.28006079e-02 -1.54543935e-02 3.61234953e-04 -1.01912043e-03 -7.61535325e-05
2232             9.75135176e-02 -8.11598924e-02 -1.55636383e-02 9.71626741e-02 -8.01158966e-02 -1.54841853e-02 3.50843566e-04 -1.04399580e-03 -7.94529438e-05
2233             1.03825315e-01 -7.79712704e-02 -1.55253679e-02 1.03477978e-01 -7.69008582e-02 -1.54416279e-02 3.47336835e-04 -1.07041220e-03 -8.37400185e-05
2234             1.09651717e-01 -7.42616112e-02 -1.54094084e-02 1.09305058e-01 -7.31662920e-02 -1.53220415e-02 3.46659386e-04 -1.09531916e-03 -8.73669361e-05
2235             1.14813377e-01 -6.98118394e-02 -1.51860602e-02 1.14463195e-01 -6.86959113e-02 -1.50960791e-02 3.50181895e-04 -1.11592809e-03 -8.99810703e-05
2236             1.19137951e-01 -6.46426596e-02 -1.48337486e-02 1.18781383e-01 -6.35129296e-02 -1.47425723e-02 3.56568072e-04 -1.12973001e-03 -9.11762370e-05
2237             1.22331916e-01 -5.89655755e-02 -1.43668161e-02 1.21966431e-01 -5.78293172e-02 -1.42759882e-02 3.65484564e-04 -1.13625831e-03 -9.08278415e-05
2238             1.23756161e-01 -5.34109466e-02 -1.38252787e-02 1.23379693e-01 -5.22743910e-02 -1.37362531e-02 3.76468198e-04 -1.13655556e-03 -8.90256178e-05
2239             1.22850744e-01 -4.83306628e-02 -1.32476675e-02 1.22463274e-01 -4.71986011e-02 -1.31615308e-02 3.87470223e-04 -1.13206171e-03 -8.61367041e-05
2240             1.19800810e-01 -4.43589389e-02 -1.26810361e-02 1.19403627e-01 -4.32353298e-02 -1.25984184e-02 3.97182766e-04 -1.12360908e-03 -8.26177371e-05
2241             1.14810013e-01 -4.17309369e-02 -1.21565745e-02 1.14405242e-01 -4.06182884e-02 -1.20782517e-02 4.04770708e-04 -1.11264856e-03 -7.83227964e-05
2242             1.08649855e-01 -4.00892670e-02 -1.17100323e-02 1.08241219e-01 -3.89897792e-02 -1.16366983e-02 4.08635798e-04 -1.09948781e-03 -7.33340123e-05
2243             1.02035532e-01 -3.92945403e-02 -1.14001578e-02 1.01627838e-01 -3.82090813e-02 -1.13322453e-02 4.07693118e-04 -1.08545903e-03 -6.79125169e-05
2244             9.51300711e-02 -3.95963440e-02 -1.12736976e-02 9.47281407e-02 -3.85234278e-02 -1.12111052e-02 4.01930457e-04 -1.07291619e-03 -6.25923893e-05
2245             8.80438889e-02 -4.09711110e-02 -1.13284752e-02 8.76520091e-02 -3.99063442e-02 -1.12706028e-02 3.91879831e-04 -1.06476679e-03 -5.78724746e-05
2246             8.14654767e-02 -4.33490093e-02 -1.15637327e-02 8.10843034e-02 -4.22859074e-02 -1.15092394e-02 3.81173291e-04 -1.06310194e-03 -5.44932253e-05
2247             7.63317294e-02 -4.63471774e-02 -1.19824063e-02 7.59575419e-02 -4.52814072e-02 -1.19290595e-02 3.74187518e-04 -1.06577016e-03 -5.33467416e-05
2248             7.34792959e-02 -4.94082490e-02 -1.25612167e-02 7.31060510e-02 -4.83373895e-02 -1.25066167e-02 3.73244905e-04 -1.07085958e-03 -5.46000121e-05
2249             7.28120736e-02 -5.25937138e-02 -1.32662274e-02 7.24305766e-02 -5.15191277e-02 -1.32077146e-02 3.81496940e-04 -1.07458607e-03 -5.85127759e-05
2250             7.33745520e-02 -5.59985164e-02 -1.40446653e-02 7.29750353e-02 -5.49227907e-02 -1.39796246e-02 3.99516762e-04 -1.07572572e-03 -6.50407196e-05
2251             7.45733118e-02 -5.98260651e-02 -1.48256482e-02 7.41498601e-02 -5.87528028e-02 -1.47524561e-02 4.23451637e-04 -1.07326232e-03 -7.31921087e-05
2252             7.66319028e-02 -6.40693086e-02 -1.56200752e-02 7.61782573e-02 -6.30015146e-02 -1.55375936e-02 4.53645518e-04 -1.06779399e-03 -8.24816084e-05
2253             7.97893963e-02 -6.83500047e-02 -1.63687206e-02 7.93034382e-02 -6.72900469e-02 -1.62772011e-02 4.85958118e-04 -1.05995786e-03 -9.15194961e-05
2254             8.35767124e-02 -7.25734308e-02 -1.69980676e-02 8.30584140e-02 -7.15246095e-02 -1.68984307e-02 5.18298424e-04 -1.04882133e-03 -9.96369293e-05
2255             8.70476398e-02 -7.65848587e-02 -1.74490488e-02 8.65016149e-02 -7.55496324e-02 -1.73430290e-02 5.46024932e-04 -1.03522635e-03 -1.06019816e-04
2256             8.95276431e-02 -8.07018002e-02 -1.76935082e-02 8.89611912e-02 -7.96827192e-02 -1.75833974e-02 5.66451879e-04 -1.01908105e-03 -1.10110775e-04
2257             9.09390944e-02 -8.45974963e-02 -1.77060875e-02 9.03629754e-02 -8.35955609e-02 -1.75941433e-02 5.76119017e-04 -1.00193549e-03 -1.11944164e-04
2258             9.13913295e-02 -8.75127933e-02 -1.74689589e-02 9.08172616e-02 -8.65272669e-02 -1.73573169e-02 5.74067992e-04 -9.85526417e-04 -1.11642073e-04
2259             9.13887522e-02 -8.91731926e-02 -1.70296551e-02 9.08295019e-02 -8.82001549e-02 -1.69205100e-02 5.59250339e-04 -9.73037710e-04 -1.09145098e-04
2260             9.11464336e-02 -8.97508628e-02 -1.64302218e-02 9.06138505e-02 -8.87841624e-02 -1.63256108e-02 5.32583131e-04 -9.66700365e-04 -1.04610983e-04
2261             9.07144968e-02 -8.93699999e-02 -1.57618397e-02 9.02195052e-02 -8.84027573e-02 -1.56636697e-02 4.94991552e-04 -9.67242580e-04 -9.81699291e-05
2262             9.02977081e-02 -8.84539694e-02 -1.51197368e-02 8.98490046e-02 -8.74785260e-02 -1.50290600e-02 4.48703547e-04 -9.75443398e-04 -9.06768392e-05
2263             9.03671333e-02 -8.66282967e-02 -1.45713751e-02 8.99704478e-02 -8.56367480e-02 -1.44885718e-02 3.96685588e-04 -9.91548662e-04 -8.28033656e-05
2264             9.15603574e-02 -8.38272587e-02 -1.41386332e-02 9.12181011e-02 -8.28142989e-02 -1.40633904e-02 3.42256281e-04 -1.01295985e-03 -7.52428069e-05
2265             9.38498065e-02 -8.02310467e-02 -1.38262464e-02 9.35568083e-02 -7.91914831e-02 -1.37573269e-02 2.92998140e-04 -1.03956360e-03 -6.89195038e-05
2266             9.66666717e-02 -7.62497381e-02 -1.36177123e-02 9.64125650e-02 -7.51811009e-02 -1.35532132e-02 2.54106624e-04 -1.06863727e-03 -6.44990227e-05
2267             9.97191430e-02 -7.21572156e-02 -1.34903665e-02 9.94899823e-02 -7.10600792e-02 -1.34283933e-02 2.29160671e-04 -1.09713634e-03 -6.19731893e-05
2268             1.03108507e-01 -6.74131193e-02 -1.33954313e-02 1.02886150e-01 -6.62926886e-02 -1.33337333e-02 2.22357258e-04 -1.12043069e-03 -6.16980602e-05
2269             1.06802518e-01 -6.18947495e-02 -1.32833828e-02 1.06570399e-01 -6.07593495e-02 -1.32201471e-02 2.32118503e-04 -1.13540000e-03 -6.32357406e-05
2270             1.10410080e-01 -5.60231520e-02 -1.31584428e-02 1.10152419e-01 -5.48810998e-02 -1.30922148e-02 2.57660779e-04 -1.14205219e-03 -6.62280441e-05
2271             1.13183444e-01 -5.04235255e-02 -1.30693056e-02 1.12888633e-01 -4.92828773e-02 -1.29994690e-02 2.94810617e-04 -1.14064819e-03 -6.98365858e-05
2272             1.15131891e-01 -4.60176416e-02 -1.30402637e-02 1.14794909e-01 -4.48845276e-02 -1.29666441e-02 3.36981296e-04 -1.13311397e-03 -7.36196290e-05
2273             1.15961939e-01 -4.29951192e-02 -1.30515676e-02 1.15580842e-01 -4.18721891e-02 -1.29743570e-02 3.81096541e-04 -1.12293001e-03 -7.72106189e-05
2274             1.15458464e-01 -4.11920784e-02 -1.30785758e-02 1.15035319e-01 -4.00803218e-02 -1.29984042e-02 4.23145510e-04 -1.11175665e-03 -8.01716094e-05
2275             1.13681575e-01 -4.00781464e-02 -1.31043063e-02 1.13221887e-01 -3.89787904e-02 -1.30220390e-02 4.59687994e-04 -1.09935593e-03 -8.22672784e-05
2276             1.10417323e-01 -3.98083455e-02 -1.31202853e-02 1.09929264e-01 -3.87213058e-02 -1.30368380e-02 4.88059153e-04 -1.08703971e-03 -8.34472821e-05
2277             1.05221294e-01 -4.08761450e-02 -1.30863411e-02 1.04716617e-01 -3.97987674e-02 -1.30026257e-02 5.04677820e-04 -1.07737761e-03 -8.37154092e-05
2278             9.82653343e-02 -4.34231842e-02 -1.29996571e-02 9.77565007e-02 -4.23517075e-02 -1.29169091e-02 5.08833545e-04 -1.07147674e-03 -8.27479974e-05
2279             9.03699852e-02 -4.61949002e-02 -1.28836854e-02 8.98692693e-02 -4.51259655e-02 -1.28031717e-02 5.00715976e-04 -1.06893466e-03 -8.05137416e-05
2280             8.29417306e-02 -4.87789281e-02 -1.27894780e-02 8.24599228e-02 -4.77107501e-02 -1.27123590e-02 4.81807799e-04 -1.06817800e-03 -7.71189911e-05
2281             7.70923449e-02 -5.13136353e-02 -1.28088718e-02 7.66355327e-02 -5.02462222e-02 -1.27356468e-02 4.56812229e-04 -1.06741309e-03 -7.32250390e-05
2282             7.28822696e-02 -5.40638925e-02 -1.29961223e-02 7.24511733e-02 -5.29990827e-02 -1.29265257e-02 4.31096267e-04 -1.06480976e-03 -6.95965143e-05
2283             6.97978127e-02 -5.71847333e-02 -1.33650539e-02 6.93901956e-02 -5.61238966e-02 -1.32979906e-02 4.07617057e-04 -1.06083671e-03 -6.70632786e-05
2284             6.82158899e-02 -6.06438995e-02 -1.39302065e-02 6.78237108e-02 -5.95882012e-02 -1.38636202e-02 3.92179151e-04 -1.05569833e-03 -6.65863358e-05
2285             6.85716746e-02 -6.45075113e-02 -1.46561035e-02 6.81836103e-02 -6.34574405e-02 -1.45877156e-02 3.88064293e-04 -1.05007081e-03 -6.83879492e-05
2286             7.08230158e-02 -6.85308151e-02 -1.54528280e-02 7.04269055e-02 -6.74875680e-02 -1.53803850e-02 3.96110274e-04 -1.04324714e-03 -7.24429966e-05
2287             7.42393033e-02 -7.27787184e-02 -1.62182795e-02 7.38228600e-02 -7.17442070e-02 -1.61396605e-02 4.16443339e-04 -1.03451141e-03 -7.86189793e-05
2288             7.77739953e-02 -7.74261539e-02 -1.68327022e-02 7.73311733e-02 -7.64025170e-02 -1.67470940e-02 4.42821994e-04 -1.02363696e-03 -8.56082785e-05
2289             8.12778798e-02 -8.19778557e-02 -1.72791653e-02 8.08052929e-02 -8.09668354e-02 -1.71862673e-02 4.72586876e-04 -1.01102036e-03 -9.28980385e-05
2290             8.46608466e-02 -8.56485454e-02 -1.75526711e-02 8.41635400e-02 -8.46517813e-02 -1.74535762e-02 4.97306611e-04 -9.96764106e-04 -9.90949654e-05
2291             8.84256305e-02 -8.76887779e-02 -1.76646880e-02 8.79111167e-02 -8.67043618e-02 -1.75608465e-02 5.14513853e-04 -9.84416049e-04 -1.03841534e-04
2292             9.29499919e-02 -8.86465995e-02 -1.75878723e-02 9.24264141e-02 -8.76688910e-02 -1.74809371e-02 5.23577710e-04 -9.77708507e-04 -1.06935159e-04
2293             9.75072747e-02 -8.92842576e-02 -1.73352926e-02 9.69832734e-02 -8.83064121e-02 -1.72271043e-02 5.24001323e-04 -9.77845509e-04 -1.08188246e-04
2294             1.01237341e-01 -8.96244321e-02 -1.69409730e-02 1.00722643e-01 -8.86396094e-02 -1.68333308e-02 5.14697578e-04 -9.84822717e-04 -1.07642212e-04
2295             1.03883226e-01 -8.87498652e-02 -1.64252564e-02 1.03387809e-01 -8.77511872e-02 -1.63197377e-02 4.95417276e-04 -9.98678035e-04 -1.05518797e-04
2296             1.05540731e-01 -8.64120604e-02 -1.58004908e-02 1.05074766e-01 -8.53943775e-02 -1.56984700e-02 4.65965382e-04 -1.01768286e-03 -1.02020804e-04
2297             1.06566916e-01 -8.30590287e-02 -1.50721609e-02 1.06140223e-01 -8.20207164e-02 -1.49752637e-02 4.26692545e-04 -1.03831236e-03 -9.68972644e-05
2298             1.06464961e-01 -7.91287951e-02 -1.42635958e-02 1.06084253e-01 -7.80685832e-02 -1.41734720e-02 3.80708112e-04 -1.06021183e-03 -9.01237962e-05
2299             1.05260493e-01 -7.50577214e-02 -1.34330428e-02 1.04929043e-01 -7.39761199e-02 -1.33511093e-02 3.31450141e-04 -1.08160148e-03 -8.19334547e-05
2300             1.03391275e-01 -7.04813873e-02 -1.26670035e-02 1.03106889e-01 -6.93816675e-02 -1.25940938e-02 2.84385794e-04 -1.09971984e-03 -7.29096949e-05
2301             1.01597603e-01 -6.50273267e-02 -1.20255492e-02 1.01352785e-01 -6.39151402e-02 -1.19616630e-02 2.44817621e-04 -1.11218642e-03 -6.38862645e-05
2302             1.00629429e-01 -5.88699529e-02 -1.15594256e-02 1.00410538e-01 -5.77512428e-02 -1.15033609e-02 2.18891432e-04 -1.11871010e-03 -5.60646750e-05
2303             1.00691136e-01 -5.30389887e-02 -1.13217152e-02 1.00478860e-01 -5.19187065e-02 -1.12710564e-02 2.12276569e-04 -1.12028223e-03 -5.06588657e-05
2304             1.01108572e-01 -4.81353886e-02 -1.13188808e-02 1.00883185e-01 -4.70172608e-02 -1.12707616e-02 2.25386954e-04 -1.11812787e-03 -4.81191853e-05
2305             1.01645515e-01 -4.47447792e-02 -1.15247723e-02 1.01390207e-01 -4.36308538e-02 -1.14758597e-02 2.55308003e-04 -1.11392536e-03 -4.89126191e-05
2306             1.02021006e-01 -4.23869019e-02 -1.18863405e-02 1.01720696e-01 -4.12773827e-02 -1.18335029e-02 3.00309438e-04 -1.10951912e-03 -5.28376221e-05
2307             1.02096728e-01 -4.07225476e-02 -1.23086281e-02 1.01743736e-01 -3.96176900e-02 -1.22499070e-02 3.52992156e-04 -1.10485760e-03 -5.87210116e-05
2308             1.02012516e-01 -3.98020786e-02 -1.27981987e-02 1.01604318e-01 -3.87033662e-02 -1.27321218e-02 4.08197990e-04 -1.09871234e-03 -6.60768722e-05
2309             1.01238898e-01 -4.04468176e-02 -1.33115352e-02 1.00781111e-01 -3.93541022e-02 -1.32381136e-02 4.57787497e-04 -1.09271539e-03 -7.34215745e-05
2310             9.93580732e-02 -4.23473347e-02 -1.37852116e-02 9.88604998e-02 -4.12582104e-02 -1.37048734e-02 4.97573341e-04 -1.08912426e-03 -8.03382734e-05
2311             9.66044750e-02 -4.50180986e-02 -1.41785366e-02 9.60789961e-02 -4.39292056e-02 -1.40925035e-02 5.25478870e-04 -1.08889304e-03 -8.60330994e-05
2312             9.35163572e-02 -4.76958862e-02 -1.44939337e-02 9.29746759e-02 -4.66059954e-02 -1.44035915e-02 5.41681226e-04 -1.08989078e-03 -9.03422313e-05
2313             9.08890869e-02 -5.02075153e-02 -1.47401760e-02 9.03407696e-02 -4.91169158e-02 -1.46468260e-02 5.48317289e-04 -1.09059950e-03 -9.33500351e-05
2314             8.87381496e-02 -5.29221029e-02 -1.49053275e-02 8.81902300e-02 -5.18336163e-02 -1.48100261e-02 5.47919581e-04 -1.08848665e-03 -9.53014566e-05
2315             8.64155456e-02 -5.58672306e-02 -1.50222197e-02 8.58740236e-02 -5.47850382e-02 -1.49261168e-02 5.41522062e-04 -1.08219246e-03 -9.61029639e-05
2316             8.35068359e-02 -5.90678260e-02 -1.50950358e-02 8.29784414e-02 -5.79974521e-02 -1.49992848e-02 5.28394488e-04 -1.07037388e-03 -9.57509194e-05
2317             8.04137722e-02 -6.23767079e-02 -1.51469254e-02 7.99044114e-02 -6.13214920e-02 -1.50528888e-02 5.09360724e-04 -1.05521593e-03 -9.40366331e-05
2318             7.78470940e-02 -6.59292265e-02 -1.52122122e-02 7.73607695e-02 -6.48901443e-02 -1.51210522e-02 4.86324447e-04 -1.03908221e-03 -9.11599933e-05
2319             7.60289988e-02 -7.02804781e-02 -1.53173033e-02 7.55671218e-02 -6.92585941e-02 -1.52297534e-02 4.61877028e-04 -1.02188398e-03 -8.75499545e-05
2320             7.46264113e-02 -7.50324091e-02 -1.54542017e-02 7.41890517e-02 -7.40262774e-02 -1.53705661e-02 4.37359595e-04 -1.00613170e-03 -8.36355348e-05
2321             7.36872091e-02 -7.96744467e-02 -1.56162290e-02 7.32704724e-02 -7.86813825e-02 -1.55360556e-02 4.16736679e-04 -9.93064220e-04 -8.01733451e-05
2322             7.35959105e-02 -8.35265642e-02 -1.57911719e-02 7.31936797e-02 -8.25442836e-02 -1.57131654e-02 4.02230810e-04 -9.82280685e-04 -7.80065524e-05
2323             7.48699364e-02 -8.61072646e-02 -1.59759788e-02 7.44758155e-02 -8.51323818e-02 -1.58986537e-02 3.94120882e-04 -9.74882795e-04 -7.73251599e-05
2324             7.80037623e-02 -8.76008226e-02 -1.61467966e-02 7.76094015e-02 -8.66281014e-02 -1.60681945e-02 3.94360762e-04 -9.72721158e-04 -7.86021478e-05
2325             8.28568415e-02 -8.89257717e-02 -1.62515808e-02 8.24551996e-02 -8.79478305e-02 -1.61701009e-02 4.01641881e-04 -9.77941214e-04 -8.14799009e-05
2326             8.85783716e-02 -8.96315754e-02 -1.62728195e-02 8.81651039e-02 -8.86426731e-02 -1.61874317e-02 4.13267627e-04 -9.88902250e-04 -8.53877270e-05
2327             9.44323988e-02 -8.92073593e-02 -1.62416817e-02 9.40078257e-02 -8.82029963e-02 -1.61520288e-02 4.24573134e-04 -1.00436303e-03 -8.96528291e-05
2328             1.00083876e-01 -8.71610258e-02 -1.61449393e-02 9.96535817e-02 -8.61372938e-02 -1.60516698e-02 4.30294109e-04 -1.02373194e-03 -9.32694530e-05
2329             1.05507228e-01 -8.39468226e-02 -1.59445398e-02 1.05079816e-01 -8.29019482e-02 -1.58487776e-02 4.27411807e-04 -1.04487444e-03 -9.57621982e-05
2330             1.10326643e-01 -8.04253383e-02 -1.56118804e-02 1.09910249e-01 -7.93589533e-02 -1.55152692e-02 4.16393767e-04 -1.06638499e-03 -9.66111644e-05
2331             1.13641103e-01 -7.66350175e-02 -1.51391907e-02 1.13242171e-01 -7.55476094e-02 -1.50434683e-02 3.98931414e-04 -1.08740813e-03 -9.57224027e-05
2332             1.14964695e-01 -7.27524010e-02 -1.45416306e-02 1.14586305e-01 -7.16469061e-02 -1.44485055e-02 3.78389511e-04 -1.10549493e-03 -9.31251825e-05
2333             1.14545295e-01 -6.80393618e-02 -1.38258081e-02 1.14186308e-01 -6.69220261e-02 -1.37366839e-02 3.58987327e-04 -1.11733575e-03 -8.91242554e-05
2334             1.13159557e-01 -6.25144669e-02 -1.30493069e-02 1.12817159e-01 -6.13940882e-02 -1.29654714e-02 3.42397689e-04 -1.12037868e-03 -8.38354115e-05
2335             1.11198989e-01 -5.68707739e-02 -1.22830406e-02 1.10867965e-01 -5.57547765e-02 -1.22054958e-02 3.31024034e-04 -1.11599744e-03 -7.75447557e-05
2336             1.08470115e-01 -5.16997602e-02 -1.16056621e-02 1.08144985e-01 -5.05929284e-02 -1.15351216e-02 3.25130361e-04 -1.10683180e-03 -7.05404710e-05
2337             1.05099243e-01 -4.72956743e-02 -1.11161203e-02 1.04775391e-01 -4.61999002e-02 -1.10524956e-02 3.23851964e-04 -1.09577413e-03 -6.36247282e-05
2338             1.01281776e-01 -4.39066065e-02 -1.08668041e-02 1.00955243e-01 -4.28207048e-02 -1.08092745e-02 3.26533132e-04 -1.08590174e-03 -5.75296302e-05
2339             9.71394616e-02 -4.14964426e-02 -1.08665127e-02 9.68062904e-02 -4.04165822e-02 -1.08137716e-02 3.33171209e-04 -1.07986039e-03 -5.27410867e-05
2340             9.32635754e-02 -4.01157536e-02 -1.11087621e-02 9.29184998e-02 -3.90389591e-02 -1.10586003e-02 3.45075557e-04 -1.07679454e-03 -5.01617694e-05
2341             9.00720211e-02 -3.99607208e-02 -1.15751843e-02 8.97102852e-02 -3.88838840e-02 -1.15250657e-02 3.61735947e-04 -1.07683680e-03 -5.01185777e-05
2342             8.72937736e-02 -4.10767377e-02 -1.22074525e-02 8.69124312e-02 -3.99968726e-02 -1.21547903e-02 3.81342324e-04 -1.07986513e-03 -5.26621673e-05
2343             8.46407046e-02 -4.31336074e-02 -1.29178696e-02 8.42351074e-02 -4.20474253e-02 -1.28598365e-02 4.05597250e-04 -1.08618216e-03 -5.80330860e-05
2344             8.25096855e-02 -4.55146113e-02 -1.36213090e-02 8.20782719e-02 -4.44200476e-02 -1.35562051e-02 4.31413617e-04 -1.09456373e-03 -6.51039427e-05
2345             8.17322821e-02 -4.79485431e-02 -1.43078480e-02 8.12730487e-02 -4.68472692e-02 -1.42342123e-02 4.59233394e-04 -1.10127391e-03 -7.36356731e-05
2346             8.27545511e-02 -5.04721491e-02 -1.49812485e-02 8.22694597e-02 -4.93679136e-02 -1.48990547e-02 4.85091423e-04 -1.10423548e-03 -8.21938246e-05
2347             8.52231615e-02 -5.31044794e-02 -1.56440716e-02 8.47142135e-02 -5.20036475e-02 -1.55537705e-02 5.08947986e-04 -1.10083188e-03 -9.03010206e-05
2348             8.79041677e-02 -5.59057572e-02 -1.62333677e-02 8.73757069e-02 -5.48149317e-02 -1.61358129e-02 5.28460757e-04 -1.09082547e-03 -9.75547525e-05
2349             9.00194398e-02 -5.90995285e-02 -1.66998732e-02 8.94782416e-02 -5.80237902e-02 -1.65964419e-02 5.41198174e-04 -1.07573837e-03 -1.03431291e-04
2350             9.12623112e-02 -6.31259802e-02 -1.70180135e-02 9.07152430e-02 -6.20687005e-02 -1.69104736e-02 5.47068195e-04 -1.05727962e-03 -1.07539897e-04
2351             9.17745148e-02 -6.79424253e-02 -1.71647669e-02 9.12289879e-02 -6.69036843e-02 -1.70550473e-02 5.45526899e-04 -1.03874098e-03 -1.09719561e-04
2352             9.13133894e-02 -7.31459334e-02 -1.71212463e-02 9.07754286e-02 -7.21258822e-02 -1.70112935e-02 5.37960782e-04 -1.02005116e-03 -1.09952841e-04
2353             8.94690308e-02 -7.80457987e-02 -1.68809833e-02 8.89458185e-02 -7.70442520e-02 -1.67729888e-02 5.23212349e-04 -1.00154665e-03 -1.07994463e-04
2354             8.64436674e-02 -8.23178099e-02 -1.64757383e-02 8.59423019e-02 -8.13332163e-02 -1.63720580e-02 5.01365551e-04 -9.84593572e-04 -1.03680335e-04
2355             8.31373952e-02 -8.55284917e-02 -1.59687698e-02 8.26645180e-02 -8.45580728e-02 -1.58712197e-02 4.72877215e-04 -9.70418920e-04 -9.75501192e-05
2356             8.07797189e-02 -8.78792731e-02 -1.54677130e-02 8.03402340e-02 -8.69184829e-02 -1.53775226e-02 4.39484864e-04 -9.60790149e-04 -9.01903171e-05
2357             8.01968905e-02 -8.94527094e-02 -1.50267293e-02 7.97925277e-02 -8.84935608e-02 -1.49442283e-02 4.04362791e-04 -9.59148548e-04 -8.25010110e-05
2358             8.11809129e-02 -9.01811420e-02 -1.46768629e-02 8.08092140e-02 -8.92144986e-02 -1.46013187e-02 3.71698865e-04 -9.66643432e-04 -7.55441999e-05
2359             8.32952759e-02 -8.97188220e-02 -1.44589528e-02 8.29508345e-02 -8.87368802e-02 -1.43886795e-02 3.44441408e-04 -9.81941783e-04 -7.02732921e-05
2360             8.62246694e-02 -8.80452092e-02 -1.43591617e-02 8.59024099e-02 -8.70419798e-02 -1.42920985e-02 3.22259580e-04 -1.00322944e-03 -6.70632443e-05
2361             8.99367378e-02 -8.53250560e-02 -1.43417277e-02 8.96307294e-02 -8.42959207e-02 -1.42755341e-02 3.06008360e-04 -1.02913522e-03 -6.61935960e-05
2362             9.44996229e-02 -8.19375752e-02 -1.43369199e-02 9.42032052e-02 -8.08822005e-02 -1.42692194e-02 2.96417665e-04 -1.05537471e-03 -6.77004274e-05
2363             9.90502084e-02 -7.82281167e-02 -1.42577318e-02 9.87583292e-02 -7.71471350e-02 -1.41874654e-02 2.91879220e-04 -1.08098175e-03 -7.02663522e-05
2364             1.03159011e-01 -7.42532064e-02 -1.41446025e-02 1.02864825e-01 -7.31509282e-02 -1.40708105e-02 2.94186153e-04 -1.10227825e-03 -7.37920005e-05
2365             1.06738210e-01 -6.99955778e-02 -1.40033799e-02 1.06436810e-01 -6.88777578e-02 -1.39264669e-02 3.01400073e-04 -1.11781995e-03 -7.69129787e-05
2366             1.10019541e-01 -6.52728110e-02 -1.38172788e-02 1.09703221e-01 -6.41477709e-02 -1.37376610e-02 3.16320114e-04 -1.12504006e-03 -7.96178380e-05
2367             1.13209276e-01 -6.01233342e-02 -1.35819431e-02 1.12872053e-01 -5.89991523e-02 -1.35004839e-02 3.37223533e-04 -1.12418191e-03 -8.14591545e-05
2368             1.15977691e-01 -5.50215438e-02 -1.33265686e-02 1.15614092e-01 -5.39036485e-02 -1.32442169e-02 3.63598683e-04 -1.11789526e-03 -8.23516598e-05
2369             1.17223661e-01 -5.03119873e-02 -1.30671268e-02 1.16829816e-01 -4.92037651e-02 -1.29847112e-02 3.93844575e-04 -1.10822226e-03 -8.24156513e-05
2370             1.16317285e-01 -4.65115204e-02 -1.27960525e-02 1.15894204e-01 -4.54135807e-02 -1.27141363e-02 4.23081171e-04 -1.09793973e-03 -8.19161255e-05
2371             1.13185953e-01 -4.37549594e-02 -1.25421357e-02 1.12738321e-01 -4.26652621e-02 -1.24614824e-02 4.47632823e-04 -1.08969729e-03 -8.06532226e-05
2372             1.08173169e-01 -4.23411834e-02 -1.23068680e-02 1.07708329e-01 -4.12578327e-02 -1.22283483e-02 4.64839863e-04 -1.08335069e-03 -7.85196929e-05
2373             1.01941198e-01 -4.14966373e-02 -1.21208684e-02 1.01469461e-01 -4.04185826e-02 -1.20455393e-02 4.71737294e-04 -1.07805466e-03 -7.53290550e-05
2374             9.50461823e-02 -4.14114894e-02 -1.20387786e-02 9.45777746e-02 -4.03370742e-02 -1.19673719e-02 4.68407686e-04 -1.07441519e-03 -7.14066795e-05
2375             8.80574247e-02 -4.23650646e-02 -1.21055390e-02 8.76015900e-02 -4.12911423e-02 -1.20381153e-02 4.55834641e-04 -1.07392238e-03 -6.74237078e-05
2376             8.15500490e-02 -4.41528853e-02 -1.23346573e-02 8.11123236e-02 -4.30757303e-02 -1.22707827e-02 4.37725329e-04 -1.07715506e-03 -6.38745747e-05
2377             7.63832546e-02 -4.62643572e-02 -1.27351876e-02 7.59635659e-02 -4.51808756e-02 -1.26734144e-02 4.19688662e-04 -1.08348160e-03 -6.17731417e-05
2378             7.36410023e-02 -4.82363056e-02 -1.33021959e-02 7.32335682e-02 -4.71471253e-02 -1.32402430e-02 4.07434148e-04 -1.08918028e-03 -6.19528608e-05
2379             7.37543835e-02 -5.03967501e-02 -1.40052752e-02 7.33509363e-02 -4.93048972e-02 -1.39407425e-02 4.03447160e-04 -1.09185290e-03 -6.45327609e-05
2380             7.58607918e-02 -5.28111226e-02 -1.47940610e-02 7.54509990e-02 -5.17221074e-02 -1.47244776e-02 4.09792813e-04 -1.08901514e-03 -6.95833827e-05
2381             7.85477447e-02 -5.58244717e-02 -1.55765654e-02 7.81243388e-02 -5.47447226e-02 -1.54998816e-02 4.23405870e-04 -1.07974911e-03 -7.66838432e-05
2382             8.13358782e-02 -5.98648253e-02 -1.62735038e-02 8.08945766e-02 -5.87986457e-02 -1.61886587e-02 4.41301669e-04 -1.06617960e-03 -8.48451517e-05
2383             8.44844081e-02 -6.46023230e-02 -1.68849278e-02 8.40230587e-02 -6.35519081e-02 -1.67918099e-02 4.61349430e-04 -1.05041490e-03 -9.31178815e-05
2384             8.78234493e-02 -6.96970841e-02 -1.73572533e-02 8.73434101e-02 -6.86635582e-02 -1.72568560e-02 4.80039133e-04 -1.03352591e-03 -1.00397298e-04
2385             9.07495126e-02 -7.45698362e-02 -1.76491783e-02 9.02537025e-02 -7.35524395e-02 -1.75431201e-02 4.95810071e-04 -1.01739674e-03 -1.06058209e-04
2386             9.29798742e-02 -7.91072363e-02 -1.77400490e-02 9.24724823e-02 -7.81041421e-02 -1.76304511e-02 5.07391904e-04 -1.00309414e-03 -1.09597880e-04
2387             9.44347868e-02 -8.35177396e-02 -1.76255258e-02 9.39210055e-02 -8.25268034e-02 -1.75146023e-02 5.13781290e-04 -9.90936231e-04 -1.10923419e-04
2388             9.51806481e-02 -8.73921828e-02 -1.73133308e-02 9.46668380e-02 -8.64106109e-02 -1.72030943e-02 5.13810045e-04 -9.81571906e-04 -1.10236458e-04
2389             9.54606686e-02 -8.97965857e-02 -1.68083377e-02 9.49537347e-02 -8.88199779e-02 -1.67005596e-02 5.06933872e-04 -9.76607862e-04 -1.07778126e-04
2390             9.58169478e-02 -9.08353929e-02 -1.61506401e-02 9.53251030e-02 -8.98579339e-02 -1.60471876e-02 4.91844814e-04 -9.77458967e-04 -1.03452527e-04
2391             9.56575498e-02 -9.06615765e-02 -1.53941066e-02 9.51898003e-02 -8.96779238e-02 -1.52967236e-02 4.67749443e-04 -9.83652673e-04 -9.73830735e-05
2392             9.44753478e-02 -8.94908593e-02 -1.46065603e-02 9.40419737e-02 -8.84965443e-02 -1.45168003e-02 4.33374126e-04 -9.94314946e-04 -8.97599607e-05
2393             9.29314095e-02 -8.72641527e-02 -1.38685817e-02 9.25406372e-02 -8.62544743e-02 -1.37872853e-02 3.90772344e-04 -1.00967837e-03 -8.12963763e-05
2394             9.17759935e-02 -8.38869153e-02 -1.32419207e-02 9.14344747e-02 -8.28587522e-02 -1.31692827e-02 3.41518832e-04 -1.02816307e-03 -7.26379657e-05
2395             9.14893750e-02 -7.99973925e-02 -1.27563978e-02 9.11980209e-02 -7.89495431e-02 -1.26918890e-02 2.91354169e-04 -1.04784938e-03 -6.45088306e-05
2396             9.17076456e-02 -7.57821821e-02 -1.24337669e-02 9.14589177e-02 -7.47133883e-02 -1.23757086e-02 2.48727900e-04 -1.06879390e-03 -5.80582754e-05
2397             9.26339367e-02 -7.18206233e-02 -1.22810718e-02 9.24137960e-02 -7.07323762e-02 -1.22271599e-02 2.20140678e-04 -1.08824709e-03 -5.39119008e-05
2398             9.44103360e-02 -6.78114948e-02 -1.22703501e-02 9.41999105e-02 -6.67077852e-02 -1.22180249e-02 2.10425450e-04 -1.10370960e-03 -5.23251968e-05
2399             9.73195863e-02 -6.34225826e-02 -1.23604231e-02 9.70970972e-02 -6.23095559e-02 -1.23066727e-02 2.22489099e-04 -1.11302666e-03 -5.37503604e-05
2400             1.01211285e-01 -5.84006762e-02 -1.24987163e-02 1.00957874e-01 -5.72846430e-02 -1.24414395e-02 2.53411852e-04 -1.11603323e-03 -5.72768034e-05
2401             1.05297423e-01 -5.32740280e-02 -1.26739955e-02 1.04995870e-01 -5.21595479e-02 -1.26111907e-02 3.01553452e-04 -1.11448006e-03 -6.28048105e-05
2402             1.08530013e-01 -4.86927965e-02 -1.28943296e-02 1.08173634e-01 -4.75831549e-02 -1.28255447e-02 3.56379224e-04 -1.10964162e-03 -6.87848431e-05
2403             1.10557963e-01 -4.57240053e-02 -1.31703130e-02 1.10146730e-01 -4.46193313e-02 -1.30954857e-02 4.11233922e-04 -1.10467403e-03 -7.48272225e-05
2404             1.11015431e-01 -4.37675395e-02 -1.34574470e-02 1.10553426e-01 -4.26662526e-02 -1.33771068e-02 4.62005703e-04 -1.10128696e-03 -8.03402290e-05
2405             1.10150561e-01 -4.24986503e-02 -1.37068651e-02 1.09645917e-01 -4.13997671e-02 -1.36219495e-02 5.04643543e-04 -1.09888323e-03 -8.49155402e-05
2406             1.08286043e-01 -4.18834850e-02 -1.39139054e-02 1.07749391e-01 -4.07868872e-02 -1.38255954e-02 5.36652323e-04 -1.09659784e-03 -8.83099729e-05
2407             1.05025841e-01 -4.23556811e-02 -1.40698047e-02 1.04469424e-01 -4.12609015e-02 -1.39792853e-02 5.56416915e-04 -1.09477963e-03 -9.05194584e-05
2408             1.00151656e-01 -4.38985152e-02 -1.41605053e-02 9.95880718e-02 -4.28040957e-02 -1.40688533e-02 5.63584071e-04 -1.09441956e-03 -9.16519113e-05
2409             9.44002226e-02 -4.59183048e-02 -1.41874304e-02 9.38415675e-02 -4.48237849e-02 -1.40959663e-02 5.58655104e-04 -1.09451991e-03 -9.14640349e-05
2410             8.87654953e-02 -4.78528478e-02 -1.41748457e-02 8.82228768e-02 -4.67604263e-02 -1.40849533e-02 5.42618483e-04 -1.09242153e-03 -8.98924077e-05
2411             8.42048082e-02 -4.94474230e-02 -1.41612003e-02 8.36868840e-02 -4.83602173e-02 -1.40740759e-02 5.17924226e-04 -1.08720569e-03 -8.71244068e-05
2412             8.10784698e-02 -5.13103964e-02 -1.42171719e-02 8.05912055e-02 -5.02332369e-02 -1.41335881e-02 4.87264332e-04 -1.07715945e-03 -8.35837650e-05
2413             7.87328341e-02 -5.41004336e-02 -1.43676910e-02 7.82791317e-02 -5.30373481e-02 -1.42878410e-02 4.53702395e-04 -1.06308556e-03 -7.98499475e-05
2414             7.68048577e-02 -5.77937048e-02 -1.46239759e-02 7.63847995e-02 -5.67461034e-02 -1.45472371e-02 4.20058146e-04 -1.04760141e-03 -7.67387970e-05
2415             7.56483988e-02 -6.20839346e-02 -1.49962139e-02 7.52558533e-02 -6.10506752e-02 -1.49211059e-02 3.92545519e-04 -1.03325941e-03 -7.51080497e-05
2416             7.58634064e-02 -6.65264996e-02 -1.54528115e-02 7.54891069e-02 -6.55050637e-02 -1.53776347e-02 3.74299526e-04 -1.02143589e-03 -7.51768082e-05
2417             7.75354327e-02 -7.11072251e-02 -1.59261507e-02 7.71666893e-02 -7.00949749e-02 -1.58489683e-02 3.68743360e-04 -1.01225029e-03 -7.71824418e-05
2418             8.00934847e-02 -7.58005670e-02 -1.63515344e-02 7.97161782e-02 -7.47950705e-02 -1.62703292e-02 3.77306538e-04 -1.00549648e-03 -8.12051939e-05
2419             8.27775249e-02 -8.09609120e-02 -1.66370973e-02 8.23821323e-02 -7.99594695e-02 -1.65512348e-02 3.95392631e-04 -1.00144246e-03 -8.58625156e-05
2420             8.57877964e-02 -8.54183022e-02 -1.68046602e-02 8.53673863e-02 -8.44206741e-02 -1.67135391e-02 4.20410023e-04 -9.97628042e-04 -9.11211270e-05
2421             8.94004971e-02 -8.82726043e-02 -1.68582508e-02 8.89559268e-02 -8.72777316e-02 -1.67627369e-02 4.44570355e-04 -9.94872739e-04 -9.55138237e-05
2422             9.36982275e-02 -8.94988920e-02 -1.67781725e-02 9.32331411e-02 -8.85040396e-02 -1.66793077e-02 4.65086346e-04 -9.94852433e-04 -9.88647179e-05
2423             9.80564547e-02 -8.96685064e-02 -1.65386575e-02 9.75781988e-02 -8.86693079e-02 -1.64380405e-02 4.78255910e-04 -9.99198560e-04 -1.00616927e-04
2424             1.01660244e-01 -8.92752653e-02 -1.61596881e-02 1.01178231e-01 -8.82681104e-02 -1.60591055e-02 4.82012717e-04 -1.00715490e-03 -1.00582552e-04
2425             1.03825048e-01 -8.79685748e-02 -1.56605821e-02 1.03350603e-01 -8.69504928e-02 -1.55616318e-02 4.74444711e-04 -1.01808201e-03 -9.89502982e-05
2426             1.04441175e-01 -8.55540831e-02 -1.50495390e-02 1.03985434e-01 -8.45223474e-02 -1.49536674e-02 4.55741142e-04 -1.03173566e-03 -9.58716891e-05
2427             1.04115294e-01 -8.20269267e-02 -1.43677625e-02 1.03688745e-01 -8.09812568e-02 -1.42762054e-02 4.26549327e-04 -1.04566986e-03 -9.15571753e-05
2428             1.03100725e-01 -7.81420552e-02 -1.36361980e-02 1.02709637e-01 -7.70839156e-02 -1.35502542e-02 3.91087748e-04 -1.05813958e-03 -8.59438197e-05
2429             1.01335348e-01 -7.43895966e-02 -1.29010517e-02 1.00982630e-01 -7.33202026e-02 -1.28218194e-02 3.52718768e-04 -1.06939399e-03 -7.92323188e-05
2430             9.90547796e-02 -7.08733613e-02 -1.22350810e-02 9.87385510e-02 -6.97942662e-02 -1.21633422e-02 3.16228588e-04 -1.07909501e-03 -7.17387783e-05
2431             9.70520368e-02 -6.67119927e-02 -1.17128741e-02 9.67649008e-02 -6.56266670e-02 -1.16486778e-02 2.87135976e-04 -1.08532569e-03 -6.41963056e-05
2432             9.60460136e-02 -6.16521922e-02 -1.13685367e-02 9.57778351e-02 -6.05642341e-02 -1.13111959e-02 2.68178472e-04 -1.08795807e-03 -5.73407256e-05
2433             9.60599540e-02 -5.62003330e-02 -1.12347974e-02 9.57968970e-02 -5.51111442e-02 -1.11827202e-02 2.63056957e-04 -1.08918880e-03 -5.20771257e-05
2434             9.64465029e-02 -5.12992206e-02 -1.13242396e-02 9.61721690e-02 -5.02088991e-02 -1.12748556e-02 2.74333885e-04 -1.09032160e-03 -4.93840306e-05
2435             9.68952324e-02 -4.75686349e-02 -1.16231987e-02 9.65965305e-02 -4.64760950e-02 -1.15736778e-02 2.98701957e-04 -1.09253988e-03 -4.95208751e-05
2436             9.72319873e-02 -4.48980498e-02 -1.20934197e-02 9.68978420e-02 -4.38010970e-02 -1.20408188e-02 3.34145293e-04 -1.09695284e-03 -5.26008858e-05
2437             9.74166485e-02 -4.30840410e-02 -1.26723801e-02 9.70383030e-02 -4.19813759e-02 -1.26140527e-02 3.78345524e-04 -1.10266507e-03 -5.83273531e-05
2438             9.76710868e-02 -4.18585669e-02 -1.32804206e-02 9.72446846e-02 -4.07510524e-02 -1.32146260e-02 4.26402239e-04 -1.10751450e-03 -6.57946280e-05
2439             9.82065998e-02 -4.14562352e-02 -1.39309059e-02 9.77325520e-02 -4.03465300e-02 -1.38565951e-02 4.74047767e-04 -1.10970520e-03 -7.43108110e-05
2440             9.84089975e-02 -4.22753979e-02 -1.45612532e-02 9.78945135e-02 -4.11648419e-02 -1.44785598e-02 5.14483990e-04 -1.11055591e-03 -8.26933767e-05
2441             9.80177831e-02 -4.39826086e-02 -1.51257566e-02 9.74723646e-02 -4.28723842e-02 -1.50354929e-02 5.45418516e-04 -1.11022442e-03 -9.02636390e-05
2442             9.74392888e-02 -4.58391446e-02 -1.55866293e-02 9.68742134e-02 -4.47308344e-02 -1.54901796e-02 5.65075449e-04 -1.10831028e-03 -9.64496911e-05
2443             9.70951284e-02 -4.76588023e-02 -1.59232209e-02 9.65221315e-02 -4.65558398e-02 -1.58222688e-02 5.72996960e-04 -1.10296248e-03 -1.00952129e-04
2444             9.69904436e-02 -5.00094709e-02 -1.61201310e-02 9.64197374e-02 -4.89163963e-02 -1.60163509e-02 5.70706130e-04 -1.09307453e-03 -1.03780093e-04
2445             9.62220773e-02 -5.31407721e-02 -1.61555468e-02 9.56627938e-02 -5.20620124e-02 -1.60506025e-02 5.59283473e-04 -1.07875972e-03 -1.04944253e-04
2446             9.41410881e-02 -5.68310047e-02 -1.60630680e-02 9.36034476e-02 -5.57706810e-02 -1.59587873e-02 5.37640445e-04 -1.06032376e-03 -1.04280698e-04
2447             9.07616212e-02 -6.07579952e-02 -1.58634157e-02 9.02542628e-02 -5.97178022e-02 -1.57615811e-02 5.07358375e-04 -1.04019301e-03 -1.01834556e-04
2448             8.68965776e-02 -6.48186137e-02 -1.56068182e-02 8.64260365e-02 -6.37970599e-02 -1.55093084e-02 4.70541020e-04 -1.02155377e-03 -9.75097713e-05
2449             8.36146763e-02 -6.90520748e-02 -1.53596456e-02 8.31819725e-02 -6.80457388e-02 -1.52675586e-02 4.32703810e-04 -1.00633598e-03 -9.20870281e-05
2450             8.12217008e-02 -7.39585275e-02 -1.51728863e-02 8.08240240e-02 -7.29632093e-02 -1.50868072e-02 3.97676884e-04 -9.95318218e-04 -8.60791453e-05
2451             7.94829785e-02 -7.90048757e-02 -1.50444501e-02 7.91146060e-02 -7.80157153e-02 -1.49643063e-02 3.68372511e-04 -9.89160422e-04 -8.01437205e-05
2452             7.83487430e-02 -8.35794224e-02 -1.49834102e-02 7.80003439e-02 -8.25924158e-02 -1.49082835e-02 3.48399079e-04 -9.87006589e-04 -7.51267437e-05
2453             7.83262450e-02 -8.68315394e-02 -1.49843273e-02 7.79881825e-02 -8.58437306e-02 -1.49125310e-02 3.38062538e-04 -9.87808874e-04 -7.17962850e-05
2454             7.98256099e-02 -8.84030489e-02 -1.50370715e-02 7.94892638e-02 -8.74113421e-02 -1.49668498e-02 3.36346146e-04 -9.91706803e-04 -7.02217737e-05
2455             8.30836287e-02 -8.90086410e-02 -1.50874463e-02 8.27395505e-02 -8.80095468e-02 -1.50165939e-02 3.44078200e-04 -9.99094221e-04 -7.08524359e-05
2456             8.71668577e-02 -8.89091291e-02 -1.50840349e-02 8.68096622e-02 -8.78991983e-02 -1.50110268e-02 3.57195531e-04 -1.00993079e-03 -7.30080888e-05
2457             9.10613430e-02 -8.80640320e-02 -1.50167472e-02 9.06877888e-02 -8.70420505e-02 -1.49402589e-02 3.73554250e-04 -1.02198153e-03 -7.64883128e-05
2458             9.47322752e-02 -8.60970318e-02 -1.49157912e-02 9.43459787e-02 -8.50626881e-02 -1.48357886e-02 3.86296516e-04 -1.03434369e-03 -8.00026455e-05
2459             9.85060158e-02 -8.30252445e-02 -1.48117177e-02 9.81125119e-02 -8.19780594e-02 -1.47285481e-02 3.93503911e-04 -1.04718507e-03 -8.31695719e-05
2460             1.02570057e-01 -7.96784290e-02 -1.46700070e-02 1.02174631e-01 -7.86197561e-02 -1.45843702e-02 3.95426366e-04 -1.05867291e-03 -8.56367971e-05
2461             1.06143590e-01 -7.63867515e-02 -1.44505514e-02 1.05749077e-01 -7.53166164e-02 -1.43634814e-02 3.94513451e-04 -1.07013514e-03 -8.70700673e-05
2462             1.08738179e-01 -7.32567790e-02 -1.41514740e-02 1.08346485e-01 -7.21758543e-02 -1.40641875e-02 3.91693668e-04 -1.08092475e-03 -8.72864897e-05
2463             1.10096713e-01 -6.98653988e-02 -1.37808230e-02 1.09707234e-01 -6.87757737e-02 -1.36944638e-02 3.89478851e-04 -1.08962513e-03 -8.63592466e-05
2464             1.10190096e-01 -6.55586546e-02 -1.33398960e-02 1.09800367e-01 -6.44639248e-02 -1.32554771e-02 3.89729359e-04 -1.09472972e-03 -8.44189224e-05
2465             1.09415372e-01 -6.04828362e-02 -1.28505973e-02 1.09024488e-01 -5.93876807e-02 -1.27692925e-02 3.90883747e-04 -1.09515554e-03 -8.13048016e-05
2466             1.07821882e-01 -5.56093239e-02 -1.23657848e-02 1.07428952e-01 -5.45160751e-02 -1.22886863e-02 3.92929943e-04 -1.09324888e-03 -7.70984653e-05
2467             1.04937357e-01 -5.10086872e-02 -1.19511872e-02 1.04542675e-01 -4.99183023e-02 -1.18791523e-02 3.94681910e-04 -1.09038493e-03 -7.20349126e-05
2468             1.01154588e-01 -4.73289040e-02 -1.17009045e-02 1.00759917e-01 -4.62407214e-02 -1.16340775e-02 3.94671030e-04 -1.08818261e-03 -6.68270440e-05
2469             9.69915845e-02 -4.44295133e-02 -1.16649888e-02 9.65971608e-02 -4.33406557e-02 -1.16028610e-02 3.94423715e-04 -1.08885761e-03 -6.21278179e-05
2470             9.32426332e-02 -4.23452506e-02 -1.18522778e-02 9.28466324e-02 -4.12533032e-02 -1.17935004e-02 3.96000836e-04 -1.09194739e-03 -5.87773807e-05
2471             9.06269631e-02 -4.11030503e-02 -1.22708679e-02 9.02247841e-02 -4.00071388e-02 -1.22132556e-02 4.02178946e-04 -1.09591154e-03 -5.76123127e-05
2472             8.89897274e-02 -4.07980273e-02 -1.28876448e-02 8.85766927e-02 -3.96986802e-02 -1.28287543e-02 4.13034683e-04 -1.09934713e-03 -5.88904557e-05
2473             8.80049283e-02 -4.17369698e-02 -1.36177181e-02 8.75772998e-02 -4.06343261e-02 -1.35549670e-02 4.27628530e-04 -1.10264364e-03 -6.27510314e-05
2474             8.76360448e-02 -4.33853815e-02 -1.43748225e-02 8.71896111e-02 -4.22801860e-02 -1.43058088e-02 4.46433697e-04 -1.10519554e-03 -6.90137293e-05
2475             8.78609850e-02 -4.54500218e-02 -1.50489308e-02 8.73961784e-02 -4.43449721e-02 -1.49725173e-02 4.64806609e-04 -1.10504970e-03 -7.64135265e-05
2476             8.91860672e-02 -4.79336740e-02 -1.56444765e-02 8.87031947e-02 -4.68333927e-02 -1.55598881e-02 4.82872490e-04 -1.10028124e-03 -8.45884385e-05
2477             9.16201937e-02 -5.09010048e-02 -1.61559678e-02 9.11242215e-02 -4.98105851e-02 -1.60638600e-02 4.95972199e-04 -1.09041967e-03 -9.21078121e-05
2478             9.41985394e-02 -5.42043189e-02 -1.65668586e-02 9.36939037e-02 -5.31281869e-02 -1.64682711e-02 5.04635655e-04 -1.07613204e-03 -9.85875290e-05
2479             9.58691232e-02 -5.77672644e-02 -1.68418565e-02 9.53628250e-02 -5.67084228e-02 -1.67382936e-02 5.06298243e-04 -1.05884162e-03 -1.03562934e-04
2480             9.67103170e-02 -6.17275239e-02 -1.69794415e-02 9.62074873e-02 -6.06854062e-02 -1.68725711e-02 5.02829727e-04 -1.04211774e-03 -1.06870396e-04
2481             9.72018315e-02 -6.63994187e-02 -1.69805408e-02 9.67058476e-02 -6.53713994e-02 -1.68721760e-02 4.95983928e-04 -1.02801937e-03 -1.08364855e-04
2482             9.72880567e-02 -7.19008286e-02 -1.68272834e-02 9.68005341e-02 -7.08835361e-02 -1.67190944e-02 4.87522600e-04 -1.01729246e-03 -1.08189023e-04
2483             9.63600407e-02 -7.72284649e-02 -1.65242429e-02 9.58823188e-02 -7.62191477e-02 -1.64179043e-02 4.77721899e-04 -1.00931728e-03 -1.06338619e-04
2484             9.40997337e-02 -8.18475748e-02 -1.60652430e-02 9.36342624e-02 -8.08447272e-02 -1.59627458e-02 4.65471357e-04 -1.00284756e-03 -1.02497266e-04
2485             9.07851171e-02 -8.54243599e-02 -1.54831814e-02 9.03370149e-02 -8.44276596e-02 -1.53865286e-02 4.48102237e-04 -9.96700313e-04 -9.66528548e-05
2486             8.71122905e-02 -8.77456332e-02 -1.48441111e-02 8.66872396e-02 -8.67541407e-02 -1.47548978e-02 4.25050958e-04 -9.91492539e-04 -8.92133152e-05
2487             8.41671309e-02 -8.87982194e-02 -1.42417054e-02 8.37697535e-02 -8.78094277e-02 -1.41608431e-02 3.97377364e-04 -9.88791700e-04 -8.08623634e-05
2488             8.25477438e-02 -8.87338762e-02 -1.37249946e-02 8.21804797e-02 -8.77431897e-02 -1.36526128e-02 3.67264139e-04 -9.90686443e-04 -7.23817579e-05
2489             8.19326720e-02 -8.78633911e-02 -1.33475588e-02 8.15938887e-02 -8.68662120e-02 -1.32826264e-02 3.38783291e-04 -9.97179092e-04 -6.49324620e-05
2490             8.20195210e-02 -8.62007773e-02 -1.31439678e-02 8.17036753e-02 -8.51929374e-02 -1.30842385e-02 3.15845751e-04 -1.00783994e-03 -5.97292012e-05
2491             8.32783576e-02 -8.39022331e-02 -1.31079889e-02 8.29784638e-02 -8.28804270e-02 -1.30509348e-02 2.99893854e-04 -1.02180608e-03 -5.70540849e-05
2492             8.60757402e-02 -8.10992764e-02 -1.32053051e-02 8.57829345e-02 -8.00612287e-02 -1.31480151e-02 2.92805639e-04 -1.03804772e-03 -5.72899638e-05
2493             9.04121321e-02 -7.83273868e-02 -1.33771540e-02 9.01157423e-02 -7.72725450e-02 -1.33169917e-02 2.96389860e-04 -1.05484181e-03 -6.01623028e-05
2494             9.50825439e-02 -7.52765546e-02 -1.35425630e-02 9.47737963e-02 -7.42044589e-02 -1.34778658e-02 3.08747569e-04 -1.07209574e-03 -6.46971344e-05
2495             9.96196402e-02 -7.19838090e-02 -1.37110615e-02 9.92894112e-02 -7.08961589e-02 -1.36407345e-02 3.30228987e-04 -1.08765008e-03 -7.03269927e-05
2496             1.03734737e-01 -6.81123995e-02 -1.38384273e-02 1.03378184e-01 -6.70127395e-02 -1.37626581e-02 3.56552408e-04 -1.09966001e-03 -7.57692504e-05
2497             1.07613450e-01 -6.39577280e-02 -1.39041969e-02 1.07227383e-01 -6.28508330e-02 -1.38236103e-02 3.86067433e-04 -1.10689500e-03 -8.05865633e-05
2498             1.11170280e-01 -5.92160284e-02 -1.39089503e-02 1.10753336e-01 -5.81057523e-02 -1.38247456e-02 4.16943981e-04 -1.11027613e-03 -8.42046860e-05
2499             1.13665516e-01 -5.44850279e-02 -1.38682826e-02 1.13217641e-01 -5.33742021e-02 -1.37816610e-02 4.47875494e-04 -1.11082583e-03 -8.66215580e-05
2500             1.14501437e-01 -5.02279086e-02 -1.37961501e-02 1.14024402e-01 -4.91184118e-02 -1.37081347e-02 4.77035536e-04 -1.10949679e-03 -8.80153476e-05
2501             1.13322668e-01 -4.69143662e-02 -1.36844627e-02 1.12820923e-01 -4.58060983e-02 -1.35957955e-02 5.01744267e-04 -1.10826786e-03 -8.86672080e-05
2502             1.10461603e-01 -4.45336531e-02 -1.35722981e-02 1.09941695e-01 -4.34266649e-02 -1.34840035e-02 5.19907805e-04 -1.10698817e-03 -8.82946153e-05
2503             1.06464695e-01 -4.26609719e-02 -1.34627772e-02 1.05934499e-01 -4.15568428e-02 -1.33758294e-02 5.30195397e-04 -1.10412915e-03 -8.69477613e-05
2504             1.02067954e-01 -4.14606199e-02 -1.33889145e-02 1.01537825e-01 -4.03616837e-02 -1.33045116e-02 5.30128929e-04 -1.09893618e-03 -8.44029585e-05
2505             9.72422618e-02 -4.12993395e-02 -1.33788933e-02 9.67228797e-02 -4.02072759e-02 -1.32978149e-02 5.19382108e-04 -1.09206363e-03 -8.10783605e-05
2506             9.20407702e-02 -4.22661048e-02 -1.34629269e-02 9.15424776e-02 -4.11805472e-02 -1.33855812e-02 4.98292637e-04 -1.08555762e-03 -7.73457095e-05
2507             8.71869361e-02 -4.42958210e-02 -1.36364483e-02 8.67168943e-02 -4.32158787e-02 -1.35627273e-02 4.70041801e-04 -1.07994234e-03 -7.37210196e-05
2508             8.36130889e-02 -4.67946592e-02 -1.39079131e-02 8.31734513e-02 -4.57191812e-02 -1.38368527e-02 4.39637589e-04 -1.07547803e-03 -7.10604359e-05
2509             8.19193487e-02 -4.94162515e-02 -1.42762293e-02 8.15063023e-02 -4.83455010e-02 -1.42061163e-02 4.13046447e-04 -1.07075052e-03 -7.01129808e-05
2510             8.19488698e-02 -5.21702302e-02 -1.47247307e-02 8.15552126e-02 -5.11054458e-02 -1.46536423e-02 3.93657194e-04 -1.06478447e-03 -7.10884581e-05
2511             8.31936149e-02 -5.51464550e-02 -1.52191637e-02 8.28089905e-02 -5.40894801e-02 -1.51448448e-02 3.84624380e-04 -1.05697491e-03 -7.43189556e-05
2512             8.49690265e-02 -5.87593521e-02 -1.56933387e-02 8.45836985e-02 -5.77105974e-02 -1.56140322e-02 3.85327978e-04 -1.04875467e-03 -7.93065181e-05
2513             8.71804081e-02 -6.35399846e-02 -1.61079792e-02 8.67842986e-02 -6.24985554e-02 -1.60224173e-02 3.96109528e-04 -1.04142915e-03 -8.55618896e-05
2514             9.01679784e-02 -6.86245800e-02 -1.64582824e-02 8.97547650e-02 -6.75894648e-02 -1.63664130e-02 4.13213392e-04 -1.03511515e-03 -9.18693660e-05
2515             9.36406804e-02 -7.36425788e-02 -1.67224273e-02 9.32067475e-02 -7.26127802e-02 -1.66250480e-02 4.33932895e-04 -1.02979863e-03 -9.73793094e-05
2516             9.65467820e-02 -7.82049576e-02 -1.68414163e-02 9.60921678e-02 -7.71798551e-02 -1.67399349e-02 4.54614175e-04 -1.02510254e-03 -1.01481457e-04
2517             9.80610032e-02 -8.23351388e-02 -1.67669357e-02 9.75884849e-02 -8.13146871e-02 -1.66633768e-02 4.72518224e-04 -1.02045177e-03 -1.03558935e-04
2518             9.82849943e-02 -8.58201001e-02 -1.64950847e-02 9.78009586e-02 -8.48052773e-02 -1.63915092e-02 4.84035705e-04 -1.01482278e-03 -1.03575552e-04
2519             9.76398296e-02 -8.78414490e-02 -1.60475443e-02 9.71523613e-02 -8.68326292e-02 -1.59459263e-02 4.87468326e-04 -1.00881972e-03 -1.01618058e-04
2520             9.65303495e-02 -8.85917044e-02 -1.54486126e-02 9.60475738e-02 -8.75877310e-02 -1.53505997e-02 4.82775657e-04 -1.00397344e-03 -9.80129201e-05
2521             9.49032512e-02 -8.81670015e-02 -1.47492729e-02 9.44340192e-02 -8.71659606e-02 -1.46563936e-02 4.69232007e-04 -1.00104088e-03 -9.28792386e-05
2522             9.26206294e-02 -8.70540745e-02 -1.40205031e-02 9.21728808e-02 -8.60542885e-02 -1.39340478e-02 4.47748617e-04 -9.99785918e-04 -8.64552890e-05
2523             8.99954550e-02 -8.54463292e-02 -1.33329751e-02 8.95769134e-02 -8.44446966e-02 -1.32537762e-02 4.18541608e-04 -1.00163255e-03 -7.91988984e-05
2524             8.78750318e-02 -8.32530295e-02 -1.27818757e-02 8.74913384e-02 -8.22452161e-02 -1.27102318e-02 3.83693332e-04 -1.00781336e-03 -7.16438738e-05
2525             8.70008174e-02 -8.03415117e-02 -1.24067637e-02 8.66541888e-02 -7.93235266e-02 -1.23421527e-02 3.46628666e-04 -1.01798513e-03 -6.46109547e-05
2526             8.73002948e-02 -7.70378019e-02 -1.22087296e-02 8.69870779e-02 -7.60049193e-02 -1.21500539e-02 3.13216864e-04 -1.03288260e-03 -5.86757275e-05
2527             8.83244638e-02 -7.35558220e-02 -1.21871568e-02 8.80360012e-02 -7.25042484e-02 -1.21323884e-02 2.88462548e-04 -1.05157351e-03 -5.47684306e-05
2528             8.98477698e-02 -7.03197512e-02 -1.23265941e-02 8.95715858e-02 -6.92478664e-02 -1.22734297e-02 2.76183938e-04 -1.07188480e-03 -5.31644384e-05
2529             9.20609794e-02 -6.67239296e-02 -1.25782336e-02 9.17813714e-02 -6.56331766e-02 -1.25242027e-02 2.79607917e-04 -1.09075302e-03 -5.40309115e-05
2530             9.53952807e-02 -6.22921907e-02 -1.28961588e-02 9.50954485e-02 -6.11867569e-02 -1.28385760e-02 2.99832263e-04 -1.10543377e-03 -5.75828678e-05
2531             9.94176189e-02 -5.74136783e-02 -1.32118262e-02 9.90837868e-02 -5.62977087e-02 -1.31489965e-02 3.33832076e-04 -1.11596954e-03 -6.28297497e-05
2532             1.03466347e-01 -5.25558458e-02 -1.35542747e-02 1.03085856e-01 -5.14339295e-02 -1.34846125e-02 3.80490519e-04 -1.12191631e-03 -6.96622533e-05
2533             1.07030359e-01 -4.84372941e-02 -1.39386277e-02 1.06600050e-01 -4.73135248e-02 -1.38618649e-02 4.30309165e-04 -1.12376935e-03 -7.67628088e-05
2534             1.09731095e-01 -4.52592344e-02 -1.43537782e-02 1.09251658e-01 -4.41350701e-02 -1.42700457e-02 4.79436954e-04 -1.12416434e-03 -8.37324860e-05
2535             1.11631226e-01 -4.30204699e-02 -1.47450700e-02 1.11107344e-01 -4.18984570e-02 -1.46550602e-02 5.23881712e-04 -1.12201288e-03 -9.00098498e-05
2536             1.12854497e-01 -4.14473490e-02 -1.50639686e-02 1.12294394e-01 -4.03309626e-02 -1.49688048e-02 5.60102731e-04 -1.11638646e-03 -9.51638132e-05
2537             1.12886359e-01 -4.07841971e-02 -1.52848972e-02 1.12302410e-01 -3.96763840e-02 -1.51861178e-02 5.83949048e-04 -1.10781313e-03 -9.87793731e-05
2538             1.10947916e-01 -4.17862865e-02 -1.53705206e-02 1.10355352e-01 -4.06886970e-02 -1.52697749e-02 5.92564383e-04 -1.09758944e-03 -1.00745696e-04
2539             1.06890173e-01 -4.41850667e-02 -1.53141153e-02 1.06305098e-01 -4.30970797e-02 -1.52131798e-02 5.85074854e-04 -1.08798695e-03 -1.00935565e-04
2540             1.01509256e-01 -4.69387530e-02 -1.51211223e-02 1.00946972e-01 -4.58604993e-02 -1.50219319e-02 5.62284357e-04 -1.07825368e-03 -9.91904213e-05
2541             9.58874417e-02 -4.93878292e-02 -1.48336067e-02 9.53610522e-02 -4.83201235e-02 -1.47381312e-02 5.26389512e-04 -1.06770567e-03 -9.54755024e-05
2542             9.11240725e-02 -5.16744336e-02 -1.45258470e-02 9.06420029e-02 -5.06177353e-02 -1.44355627e-02 4.82069618e-04 -1.05669834e-03 -9.02843355e-05
2543             8.73877025e-02 -5.41215663e-02 -1.42953782e-02 8.69521937e-02 -5.30759296e-02 -1.42110626e-02 4.35508784e-04 -1.04563663e-03 -8.43156134e-05
2544             8.43634248e-02 -5.75186618e-02 -1.41934239e-02 8.39733044e-02 -5.64834186e-02 -1.41150260e-02 3.90120406e-04 -1.03524320e-03 -7.83979864e-05
2545             8.20720419e-02 -6.16430223e-02 -1.42373904e-02 8.17203637e-02 -6.06146160e-02 -1.41638605e-02 3.51678180e-04 -1.02840627e-03 -7.35298894e-05
2546             8.10806888e-02 -6.61253141e-02 -1.44295084e-02 8.07546832e-02 -6.50998361e-02 -1.43589465e-02 3.26005638e-04 -1.02547798e-03 -7.05619033e-05
2547             8.17275841e-02 -7.05883502e-02 -1.47281438e-02 8.14130348e-02 -6.95627136e-02 -1.46584607e-02 3.14549303e-04 -1.02563660e-03 -6.96831507e-05
2548             8.33322576e-02 -7.49507014e-02 -1.50648249e-02 8.30141063e-02 -7.39234428e-02 -1.49939197e-02 3.18151343e-04 -1.02725854e-03 -7.09052010e-05
2549             8.51586180e-02 -7.92032892e-02 -1.53584956e-02 8.48226524e-02 -7.81742280e-02 -1.52844323e-02 3.35965511e-04 -1.02906119e-03 -7.40633262e-05
2550             8.65903903e-02 -8.30866239e-02 -1.55258562e-02 8.62288506e-02 -8.20581368e-02 -1.54479501e-02 3.61539641e-04 -1.02848718e-03 -7.79061741e-05
2551             8.80314309e-02 -8.59992641e-02 -1.56018428e-02 8.76397814e-02 -8.49744351e-02 -1.55195176e-02 3.91649509e-04 -1.02482901e-03 -8.23251999e-05
2552             8.98306944e-02 -8.71808424e-02 -1.55893153e-02 8.94112179e-02 -8.61623055e-02 -1.55032715e-02 4.19476518e-04 -1.01853690e-03 -8.60437321e-05
2553             9.24382327e-02 -8.72518160e-02 -1.54829282e-02 9.19944868e-02 -8.62391297e-02 -1.53939868e-02 4.43745899e-04 -1.01268632e-03 -8.89413788e-05
2554             9.53055064e-02 -8.69240159e-02 -1.52979751e-02 9.48434886e-02 -8.59154869e-02 -1.52072864e-02 4.62017844e-04 -1.00852893e-03 -9.06887846e-05
2555             9.75899624e-02 -8.62746256e-02 -1.50540544e-02 9.71167181e-02 -8.52676141e-02 -1.49627466e-02 4.73244331e-04 -1.00701150e-03 -9.13078549e-05
2556             9.92750659e-02 -8.49623110e-02 -1.47598124e-02 9.87988782e-02 -8.39525372e-02 -1.46689048e-02 4.76187624e-04 -1.00977381e-03 -9.09076077e-05
2557             1.00402043e-01 -8.26598288e-02 -1.43948581e-02 9.99317933e-02 -8.16424006e-02 -1.43051804e-02 4.70249449e-04 -1.01742821e-03 -8.96777553e-05
2558             1.00967724e-01 -7.97024171e-02 -1.39795524e-02 1.00512030e-01 -7.86739710e-02 -1.38921843e-02 4.55693807e-04 -1.02844606e-03 -8.73680978e-05
2559             1.00372239e-01 -7.64565594e-02 -1.35118606e-02 9.99386189e-02 -7.54141682e-02 -1.34280732e-02 4.33620638e-04 -1.04239119e-03 -8.37874084e-05
2560             9.87085915e-02 -7.35300300e-02 -1.30248603e-02 9.83028561e-02 -7.24714717e-02 -1.29460244e-02 4.05735395e-04 -1.05855823e-03 -7.88359011e-05
2561             9.64630023e-02 -7.01728031e-02 -1.25870791e-02 9.60868063e-02 -6.90983303e-02 -1.25140779e-02 3.76196047e-04 -1.07447287e-03 -7.30012090e-05
2562             9.46208352e-02 -6.58883124e-02 -1.22705043e-02 9.42707224e-02 -6.48005102e-02 -1.22035300e-02 3.50112764e-04 -1.08780217e-03 -6.69742491e-05
2563             9.40079067e-02 -6.05967127e-02 -1.21130519e-02 9.36763260e-02 -5.94987597e-02 -1.20515780e-02 3.31580778e-04 -1.09795299e-03 -6.14738712e-05
2564             9.46387283e-02 -5.50875573e-02 -1.21524823e-02 9.43130559e-02 -5.39816963e-02 -1.20948146e-02 3.25672462e-04 -1.10586104e-03 -5.76676948e-05
2565             9.59566406e-02 -5.01079893e-02 -1.24068960e-02 9.56215086e-02 -4.89962604e-02 -1.23504841e-02 3.35132065e-04 -1.11172887e-03 -5.64119071e-05
2566             9.76509023e-02 -4.61358372e-02 -1.28546633e-02 9.72936092e-02 -4.50197733e-02 -1.27967056e-02 3.57293117e-04 -1.11606384e-03 -5.79577362e-05
2567             9.97011790e-02 -4.31965289e-02 -1.34461126e-02 9.93103182e-02 -4.20775146e-02 -1.33837698e-02 3.90860792e-04 -1.11901424e-03 -6.23427747e-05
2568             1.01988339e-01 -4.10314358e-02 -1.40784668e-02 1.01556726e-01 -3.99124076e-02 -1.40094901e-02 4.31612984e-04 -1.11902817e-03 -6.89767131e-05
2569             1.04441138e-01 -3.98999189e-02 -1.46761516e-02 1.03966997e-01 -3.87852866e-02 -1.45991675e-02 4.74140890e-04 -1.11463233e-03 -7.69841023e-05
2570             1.06207867e-01 -4.03952069e-02 -1.52110318e-02 1.05697212e-01 -3.92890066e-02 -1.51259339e-02 5.10655261e-04 -1.10620036e-03 -8.50979667e-05
2571             1.06699037e-01 -4.23825789e-02 -1.56518513e-02 1.06163763e-01 -4.12853946e-02 -1.55595658e-02 5.35274331e-04 -1.09718433e-03 -9.22854515e-05
2572             1.06089439e-01 -4.50892461e-02 -1.59587378e-02 1.05542531e-01 -4.40006609e-02 -1.58607886e-02 5.46907759e-04 -1.08858522e-03 -9.79491431e-05
2573             1.05000104e-01 -4.76999427e-02 -1.61065057e-02 1.04454411e-01 -4.66190711e-02 -1.60047582e-02 5.45692378e-04 -1.08087157e-03 -1.01747489e-04
2574             1.04050019e-01 -5.00828906e-02 -1.61093252e-02 1.03514998e-01 -4.90097458e-02 -1.60056504e-02 5.35020373e-04 -1.07314484e-03 -1.03674815e-04
2575             1.03269260e-01 -5.29901245e-02 -1.59919510e-02 1.02751095e-01 -5.19249958e-02 -1.58879441e-02 5.18165848e-04 -1.06512873e-03 -1.04006949e-04
2576             1.01971512e-01 -5.66253158e-02 -1.57645124e-02 1.01473608e-01 -5.55688328e-02 -1.56615996e-02 4.97903750e-04 -1.05648292e-03 -1.02912777e-04
2577             9.94081044e-02 -6.05452430e-02 -1.54485891e-02 9.89348621e-02 -5.94981990e-02 -1.53482913e-02 4.73242299e-04 -1.04704395e-03 -1.00297807e-04
2578             9.58004321e-02 -6.44794686e-02 -1.50774296e-02 9.53549588e-02 -6.34412680e-02 -1.49812328e-02 4.45473235e-04 -1.03820054e-03 -9.61967878e-05
2579             9.19592061e-02 -6.82968350e-02 -1.46850625e-02 9.15438199e-02 -6.72658434e-02 -1.45944696e-02 4.15386156e-04 -1.03099159e-03 -9.05928309e-05
2580             8.83965948e-02 -7.23996903e-02 -1.43316171e-02 8.80108798e-02 -7.13748129e-02 -1.42475963e-02 3.85715023e-04 -1.02487741e-03 -8.40207776e-05
2581             8.50113122e-02 -7.66104029e-02 -1.40483832e-02 8.46525682e-02 -7.55903868e-02 -1.39713074e-02 3.58744025e-04 -1.02001615e-03 -7.70757924e-05
2582             8.15808158e-02 -8.03931166e-02 -1.38397652e-02 8.12434253e-02 -7.93766484e-02 -1.37694211e-02 3.37390511e-04 -1.01646813e-03 -7.03440684e-05
2583             7.85362919e-02 -8.34695694e-02 -1.37287409e-02 7.82121791e-02 -8.24575826e-02 -1.36637799e-02 3.24112875e-04 -1.01198672e-03 -6.49610693e-05
2584             7.67501074e-02 -8.53468406e-02 -1.37282985e-02 7.64299501e-02 -8.43392293e-02 -1.36667853e-02 3.20157342e-04 -1.00761136e-03 -6.15131975e-05
2585             7.71213568e-02 -8.62613850e-02 -1.38413372e-02 7.67947416e-02 -8.52576489e-02 -1.37809414e-02 3.26615244e-04 -1.00373607e-03 -6.03958175e-05
2586             7.95755404e-02 -8.65991214e-02 -1.40173460e-02 7.92302434e-02 -8.55967382e-02 -1.39551758e-02 3.45297007e-04 -1.00238316e-03 -6.21702027e-05
2587             8.31106794e-02 -8.66118388e-02 -1.41925997e-02 8.27394531e-02 -8.56076217e-02 -1.41267258e-02 3.71226291e-04 -1.00421708e-03 -6.58739337e-05
2588             8.71095767e-02 -8.58299714e-02 -1.43718281e-02 8.67082202e-02 -8.48208518e-02 -1.43004639e-02 4.01356535e-04 -1.00911964e-03 -7.13641989e-05
2589             9.14944610e-02 -8.39453724e-02 -1.45587999e-02 9.10663622e-02 -8.29271768e-02 -1.44817588e-02 4.28098744e-04 -1.01819563e-03 -7.70411112e-05
2590             9.62632274e-02 -8.11731580e-02 -1.47349617e-02 9.58156224e-02 -8.01418753e-02 -1.46525546e-02 4.47605045e-04 -1.03128278e-03 -8.24071389e-05
2591             1.01060771e-01 -7.86188595e-02 -1.48403671e-02 1.00600778e-01 -7.75712189e-02 -1.47535282e-02 4.59993750e-04 -1.04764060e-03 -8.68389097e-05
2592             1.04771223e-01 -7.59136642e-02 -1.48354478e-02 1.04306137e-01 -7.48471004e-02 -1.47454617e-02 4.65086846e-04 -1.06656388e-03 -8.99861252e-05
2593             1.07063067e-01 -7.30676379e-02 -1.47128044e-02 1.06598124e-01 -7.19817133e-02 -1.46212206e-02 4.64943743e-04 -1.08592462e-03 -9.15837522e-05
2594             1.08061848e-01 -6.94720826e-02 -1.44795450e-02 1.07599041e-01 -6.83695241e-02 -1.43877728e-02 4.62807167e-04 -1.10255851e-03 -9.17722157e-05
2595             1.08473513e-01 -6.48656676e-02 -1.41613196e-02 1.08013071e-01 -6.37518686e-02 -1.40705296e-02 4.60442516e-04 -1.11379900e-03 -9.07900334e-05
2596             1.08618161e-01 -5.95011231e-02 -1.37919118e-02 1.08159276e-01 -5.83824570e-02 -1.37034269e-02 4.58885201e-04 -1.11866604e-03 -8.84848997e-05
2597             1.08026184e-01 -5.39508739e-02 -1.34219503e-02 1.07568112e-01 -5.28324364e-02 -1.33369038e-02 4.58071789e-04 -1.11843750e-03 -8.50464633e-05
2598             1.06606123e-01 -4.89890325e-02 -1.31216161e-02 1.06149515e-01 -4.78752448e-02 -1.30408504e-02 4.56607541e-04 -1.11378773e-03 -8.07656747e-05
2599             1.04508390e-01 -4.49674762e-02 -1.29643683e-02 1.04055422e-01 -4.38598655e-02 -1.28881654e-02 4.52967901e-04 -1.10761072e-03 -7.62029152e-05
2600             1.02240746e-01 -4.20725183e-02 -1.29684370e-02 1.01793526e-01 -4.09720927e-02 -1.28965909e-02 4.47219406e-04 -1.10042555e-03 -7.18461064e-05
2601             1.00219651e-01 -4.04584679e-02 -1.31163635e-02 9.97785272e-02 -3.93653915e-02 -1.30478555e-02 4.41123896e-04 -1.09307637e-03 -6.85080379e-05
2602             9.86301881e-02 -4.01713337e-02 -1.34091345e-02 9.81944012e-02 -3.90848962e-02 -1.33422708e-02 4.35786964e-04 -1.08643751e-03 -6.68637226e-05
2603             9.70698259e-02 -4.13582541e-02 -1.38082421e-02 9.66392900e-02 -4.02772372e-02 -1.37412218e-02 4.30535876e-04 -1.08101683e-03 -6.70202887e-05
2604             9.52656060e-02 -4.34738642e-02 -1.42591900e-02 9.48391983e-02 -4.23954682e-02 -1.41900189e-02 4.26407719e-04 -1.07839595e-03 -6.91711188e-05
2605             9.40130673e-02 -4.58803554e-02 -1.47045106e-02 9.35869811e-02 -4.48020907e-02 -1.46310961e-02 4.26086239e-04 -1.07826470e-03 -7.34145669e-05
2606             9.38423995e-02 -4.83276252e-02 -1.50711534e-02 9.34139553e-02 -4.72486280e-02 -1.49925297e-02 4.28444258e-04 -1.07899720e-03 -7.86237646e-05
2607             9.52147017e-02 -5.13849066e-02 -1.53998848e-02 9.47784302e-02 -5.03064103e-02 -1.53151196e-02 4.36271538e-04 -1.07849627e-03 -8.47651559e-05
2608             9.75750444e-02 -5.45836401e-02 -1.56857242e-02 9.71296466e-02 -5.35077315e-02 -1.55952519e-02 4.45397802e-04 -1.07590855e-03 -9.04722994e-05
2609             9.99689495e-02 -5.78580290e-02 -1.59032251e-02 9.95139674e-02 -5.67873541e-02 -1.58077241e-02 4.54982184e-04 -1.07067492e-03 -9.55010011e-05
2610             1.01416940e-01 -6.12860411e-02 -1.60214527e-02 1.00955387e-01 -6.02219639e-02 -1.59223263e-02 4.61553326e-04 -1.06407720e-03 -9.91263235e-05
2611             1.01879160e-01 -6.50661323e-02 -1.60310807e-02 1.01414196e-01 -6.40088905e-02 -1.59299841e-02 4.64963819e-04 -1.05724183e-03 -1.01096636e-04
2612             1.01598683e-01 -6.93239491e-02 -1.59156675e-02 1.01133018e-01 -6.82739255e-02 -1.58142172e-02 4.65664381e-04 -1.05002359e-03 -1.01450240e-04
2613             1.00114234e-01 -7.37176673e-02 -1.56484662e-02 9.96504196e-02 -7.26750947e-02 -1.55483034e-02 4.63814188e-04 -1.04257263e-03 -1.00162875e-04
2614             9.70149735e-02 -7.78820142e-02 -1.52468594e-02 9.65560975e-02 -7.68482590e-02 -1.51496527e-02 4.58876010e-04 -1.03375524e-03 -9.72067368e-05
2615             9.22241060e-02 -8.14158940e-02 -1.47267175e-02 9.17736851e-02 -8.03937970e-02 -1.46342564e-02 4.50420938e-04 -1.02209701e-03 -9.24610586e-05
2616             8.67818193e-02 -8.40855923e-02 -1.41492159e-02 8.63446713e-02 -8.30778572e-02 -1.40630821e-02 4.37148002e-04 -1.00773508e-03 -8.61338282e-05
2617             8.18288319e-02 -8.57340748e-02 -1.36091929e-02 8.14082787e-02 -8.47407906e-02 -1.35303867e-02 4.20553141e-04 -9.93284144e-04 -7.88061943e-05
2618             7.87132389e-02 -8.66494918e-02 -1.31931753e-02 7.83104464e-02 -8.56675322e-02 -1.31218503e-02 4.02792483e-04 -9.81959672e-04 -7.13249920e-05
2619             7.73688545e-02 -8.67038129e-02 -1.29420647e-02 7.69833583e-02 -8.57271826e-02 -1.28775438e-02 3.85496245e-04 -9.76630326e-04 -6.45208639e-05
2620             7.72715167e-02 -8.60144170e-02 -1.28748394e-02 7.68995350e-02 -8.50358511e-02 -1.28154084e-02 3.71981699e-04 -9.78565934e-04 -5.94309655e-05
2621             7.82363151e-02 -8.45096922e-02 -1.29854872e-02 7.78729820e-02 -8.35211813e-02 -1.29285736e-02 3.63333093e-04 -9.88510913e-04 -5.69136400e-05
2622             8.05459843e-02 -8.24614771e-02 -1.32434345e-02 8.01873265e-02 -8.14551970e-02 -1.31865046e-02 3.58657729e-04 -1.00628008e-03 -5.69299076e-05
2623             8.42519450e-02 -8.01132318e-02 -1.36017347e-02 8.38927981e-02 -7.90835877e-02 -1.35421201e-02 3.59146888e-04 -1.02964413e-03 -5.96146217e-05
2624             8.87363216e-02 -7.75097309e-02 -1.39813833e-02 8.83703616e-02 -7.64536363e-02 -1.39170286e-02 3.65960055e-04 -1.05609452e-03 -6.43546689e-05
2625             9.33788839e-02 -7.46590686e-02 -1.43164516e-02 9.30000011e-02 -7.35757886e-02 -1.42459103e-02 3.78882820e-04 -1.08328008e-03 -7.05412484e-05
2626             9.80446576e-02 -7.14564297e-02 -1.46161445e-02 9.76469518e-02 -7.03495815e-02 -1.45388115e-02 3.97705759e-04 -1.10684821e-03 -7.73330207e-05
2627             1.02909789e-01 -6.73350811e-02 -1.48594285e-02 1.02488846e-01 -6.62109854e-02 -1.47757119e-02 4.20942292e-04 -1.12409574e-03 -8.37165683e-05
2628             1.08157984e-01 -6.22122205e-02 -1.50328803e-02 1.07710738e-01 -6.10784296e-02 -1.49436482e-02 4.47246640e-04 -1.13379091e-03 -8.92320875e-05
2629             1.13418400e-01 -5.67471493e-02 -1.51307179e-02 1.12943038e-01 -5.56112177e-02 -1.50372099e-02 4.75362259e-04 -1.13593162e-03 -9.35080464e-05
2630             1.17671476e-01 -5.14746120e-02 -1.51505489e-02 1.17167872e-01 -5.03429430e-02 -1.50541040e-02 5.03604183e-04 -1.13166909e-03 -9.64448855e-05
2631             1.20078140e-01 -4.71010346e-02 -1.50912539e-02 1.19550468e-01 -4.59781303e-02 -1.49931542e-02 5.27671835e-04 -1.12290432e-03 -9.80996791e-05
2632             1.20034473e-01 -4.40797670e-02 -1.49289601e-02 1.19490057e-01 -4.29676360e-02 -1.48304713e-02 5.44416507e-04 -1.11213100e-03 -9.84888613e-05
2633             1.17929434e-01 -4.24958687e-02 -1.46781743e-02 1.17379347e-01 -4.13961003e-02 -1.45809447e-02 5.50086603e-04 -1.09976844e-03 -9.72296449e-05
2634             1.14340910e-01 -4.18872956e-02 -1.43557727e-02 1.13797195e-01 -4.08011225e-02 -1.42614642e-02 5.43715247e-04 -1.08617305e-03 -9.43084985e-05
2635             1.09300662e-01 -4.20864696e-02 -1.39996940e-02 1.08777455e-01 -4.10132812e-02 -1.39100626e-02 5.23207414e-04 -1.07318849e-03 -8.96313976e-05
2636             1.03179276e-01 -4.33305449e-02 -1.36860102e-02 1.02689064e-01 -4.22674526e-02 -1.36022215e-02 4.90211102e-04 -1.06309234e-03 -8.37886678e-05
2637             9.68828838e-02 -4.53296596e-02 -1.34721587e-02 9.64333122e-02 -4.42717902e-02 -1.33945989e-02 4.49571692e-04 -1.05786937e-03 -7.75598343e-05
2638             9.16314725e-02 -4.79574626e-02 -1.33822721e-02 9.12247079e-02 -4.68997545e-02 -1.33105325e-02 4.06764568e-04 -1.05770814e-03 -7.17396605e-05
2639             8.82752109e-02 -5.06755312e-02 -1.34375974e-02 8.79058106e-02 -4.96148913e-02 -1.33701797e-02 3.69400286e-04 -1.06063986e-03 -6.74177321e-05
2640             8.71612756e-02 -5.33911427e-02 -1.36374172e-02 8.68184679e-02 -5.23264872e-02 -1.35721413e-02 3.42807638e-04 -1.06465555e-03 -6.52759522e-05
2641             8.77099400e-02 -5.59303061e-02 -1.39668502e-02 8.73808078e-02 -5.48621998e-02 -1.39014609e-02 3.29132246e-04 -1.06810623e-03 -6.53892779e-05
2642             8.87829919e-02 -5.87120664e-02 -1.43567999e-02 8.84537660e-02 -5.76429034e-02 -1.42886585e-02 3.29225955e-04 -1.06916299e-03 -6.81414367e-05
2643             8.97956499e-02 -6.20674356e-02 -1.47273340e-02 8.94561668e-02 -6.09990765e-02 -1.46548166e-02 3.39483114e-04 -1.06835901e-03 -7.25174301e-05
2644             9.09945316e-02 -6.59330782e-02 -1.50480113e-02 9.06348099e-02 -6.48677481e-02 -1.49698084e-02 3.59721733e-04 -1.06533011e-03 -7.82028378e-05
2645             9.24953923e-02 -7.01541711e-02 -1.53110979e-02 9.21116531e-02 -6.90946884e-02 -1.52274327e-02 3.83739151e-04 -1.05948275e-03 -8.36651566e-05
2646             9.39048036e-02 -7.42238464e-02 -1.55189970e-02 9.34952439e-02 -7.31733998e-02 -1.54306623e-02 4.09559669e-04 -1.05044663e-03 -8.83346831e-05
2647             9.44333548e-02 -7.79930043e-02 -1.56208466e-02 9.39971345e-02 -7.69538937e-02 -1.55289992e-02 4.36220328e-04 -1.03911067e-03 -9.18474371e-05
2648             9.38681883e-02 -8.16916163e-02 -1.55867874e-02 9.34071207e-02 -8.06675997e-02 -1.54929054e-02 4.61067564e-04 -1.02401660e-03 -9.38820603e-05
2649             9.28589351e-02 -8.48094939e-02 -1.54260612e-02 9.23769411e-02 -8.38013120e-02 -1.53316036e-02 4.81993942e-04 -1.00818190e-03 -9.44576543e-05
2650             9.20143497e-02 -8.66432928e-02 -1.51615494e-02 9.15169409e-02 -8.56497906e-02 -1.50678915e-02 4.97408796e-04 -9.93502262e-04 -9.36578652e-05
2651             9.15111668e-02 -8.73168936e-02 -1.48118978e-02 9.10047982e-02 -8.63339157e-02 -1.47201510e-02 5.06368629e-04 -9.82977887e-04 -9.17467553e-05
2652             9.05631927e-02 -8.70528369e-02 -1.43980163e-02 9.00563285e-02 -8.60750606e-02 -1.43093249e-02 5.06864213e-04 -9.77776286e-04 -8.86913909e-05
2653             8.86562108e-02 -8.60528674e-02 -1.39544005e-02 8.81602653e-02 -8.50743363e-02 -1.38699509e-02 4.95945486e-04 -9.78531154e-04 -8.44496440e-05
2654             8.64541118e-02 -8.46441374e-02 -1.35356424e-02 8.59809762e-02 -8.36569148e-02 -1.34564501e-02 4.73135596e-04 -9.87222636e-04 -7.91923251e-05
2655             8.48750232e-02 -8.23170988e-02 -1.32232755e-02 8.44351319e-02 -8.13139108e-02 -1.31498319e-02 4.39891314e-04 -1.00318800e-03 -7.34435956e-05
2656             8.44734531e-02 -7.94944790e-02 -1.30521061e-02 8.40720029e-02 -7.84698271e-02 -1.29842790e-02 4.01450199e-04 -1.02465192e-03 -6.78271381e-05
2657             8.50078780e-02 -7.62622865e-02 -1.30263278e-02 8.46430139e-02 -7.52118604e-02 -1.29630650e-02 3.64864139e-04 -1.05042609e-03 -6.32628444e-05
2658             8.65753576e-02 -7.28425673e-02 -1.31599272e-02 8.62379573e-02 -7.17645788e-02 -1.30992659e-02 3.37400226e-04 -1.07798852e-03 -6.06612275e-05
2659             8.91970294e-02 -6.91359399e-02 -1.34330742e-02 8.88734276e-02 -6.80331586e-02 -1.33727249e-02 3.23601780e-04 -1.10278130e-03 -6.03493105e-05
2660             9.32780386e-02 -6.44987798e-02 -1.37984255e-02 9.29510894e-02 -6.33773012e-02 -1.37358551e-02 3.26949244e-04 -1.12147862e-03 -6.25703552e-05
2661             9.89886948e-02 -5.90930090e-02 -1.42021652e-02 9.86403199e-02 -5.79610846e-02 -1.41348764e-02 3.48374968e-04 -1.13192437e-03 -6.72888119e-05
2662             1.05199804e-01 -5.34892465e-02 -1.45556813e-02 1.04817358e-01 -5.23544105e-02 -1.44823343e-02 3.82446442e-04 -1.13483601e-03 -7.33470528e-05
2663             1.10996263e-01 -4.85824924e-02 -1.48872003e-02 1.10570361e-01 -4.74529521e-02 -1.48067451e-02 4.25901877e-04 -1.12954029e-03 -8.04551563e-05
2664             1.15576963e-01 -4.52290621e-02 -1.51826392e-02 1.15109181e-01 -4.41087075e-02 -1.50955061e-02 4.67782113e-04 -1.12035459e-03 -8.71330605e-05
2665             1.18656672e-01 -4.32442399e-02 -1.54076926e-02 1.18152208e-01 -4.21348956e-02 -1.53146681e-02 5.04464122e-04 -1.10934430e-03 -9.30245165e-05
2666             1.20187663e-01 -4.22366148e-02 -1.55212918e-02 1.19655701e-01 -4.11387837e-02 -1.54238278e-02 5.31962302e-04 -1.09783109e-03 -9.74639712e-05
2667             1.20399996e-01 -4.19495217e-02 -1.55210128e-02 1.19851939e-01 -4.08632219e-02 -1.54208273e-02 5.48057401e-04 -1.08629972e-03 -1.00185496e-04
2668             1.18944298e-01 -4.27629465e-02 -1.54032580e-02 1.18392846e-01 -4.16864470e-02 -1.53021143e-02 5.51451593e-04 -1.07649952e-03 -1.01143743e-04
2669             1.15467044e-01 -4.49944620e-02 -1.51602877e-02 1.14924840e-01 -4.39235861e-02 -1.50597926e-02 5.42203446e-04 -1.07087586e-03 -1.00495059e-04
2670             1.10597458e-01 -4.81517318e-02 -1.48210807e-02 1.10075330e-01 -4.70828709e-02 -1.47227654e-02 5.22128149e-04 -1.06886096e-03 -9.83153117e-05
2671             1.05219676e-01 -5.10323826e-02 -1.43955370e-02 1.04726860e-01 -4.99636550e-02 -1.43009948e-02 4.92815456e-04 -1.06872758e-03 -9.45421675e-05
2672             1.00066549e-01 -5.32335145e-02 -1.39373723e-02 9.96095286e-02 -5.21655282e-02 -1.38481880e-02 4.57020692e-04 -1.06798633e-03 -8.91842642e-05
2673             9.54752826e-02 -5.51180578e-02 -1.35200984e-02 9.50578019e-02 -5.40516775e-02 -1.34373458e-02 4.17480795e-04 -1.06638033e-03 -8.27525613e-05
2674             9.13014960e-02 -5.72530001e-02 -1.32185338e-02 9.09234310e-02 -5.61906244e-02 -1.31426628e-02 3.78065039e-04 -1.06237570e-03 -7.58709775e-05
2675             8.71695886e-02 -6.00665572e-02 -1.30620908e-02 8.68285262e-02 -5.90093098e-02 -1.29928729e-02 3.41062439e-04 -1.05724744e-03 -6.92179707e-05
2676             8.35186644e-02 -6.32334150e-02 -1.30707802e-02 8.32071184e-02 -6.21806081e-02 -1.30069378e-02 3.11545969e-04 -1.05280696e-03 -6.38423341e-05
2677             8.10675322e-02 -6.67310052e-02 -1.32425263e-02 8.07724968e-02 -6.56830514e-02 -1.31818337e-02 2.95035474e-04 -1.04795381e-03 -6.06926199e-05
2678             7.99163595e-02 -7.05904656e-02 -1.35457200e-02 7.96231637e-02 -6.95473161e-02 -1.34858238e-02 2.93195818e-04 -1.04314953e-03 -5.98962190e-05
2679             7.97716571e-02 -7.47852510e-02 -1.39348497e-02 7.94640199e-02 -7.37486908e-02 -1.38731841e-02 3.07637265e-04 -1.03656023e-03 -6.16656169e-05
2680             8.00510299e-02 -7.90786906e-02 -1.43381402e-02 7.97129005e-02 -7.80502965e-02 -1.42724922e-02 3.38129402e-04 -1.02839408e-03 -6.56480137e-05
2681             8.08066800e-02 -8.30633310e-02 -1.46891337e-02 8.04280177e-02 -8.20457346e-02 -1.46180539e-02 3.78662345e-04 -1.01759648e-03 -7.10798622e-05
2682             8.25761524e-02 -8.57570327e-02 -1.50087478e-02 8.21520154e-02 -8.47509076e-02 -1.49314906e-02 4.24137002e-04 -1.00612506e-03 -7.72571323e-05
2683             8.55265864e-02 -8.69262788e-02 -1.52660882e-02 8.50583602e-02 -8.59301287e-02 -1.51829671e-02 4.68226196e-04 -9.96150148e-04 -8.31211083e-05
2684             8.91301492e-02 -8.69722425e-02 -1.54425882e-02 8.86249902e-02 -8.59812840e-02 -1.53544537e-02 5.05158932e-04 -9.90958483e-04 -8.81345396e-05
2685             9.23757143e-02 -8.68565549e-02 -1.55261190e-02 9.18436873e-02 -8.58650019e-02 -1.54342246e-02 5.32026999e-04 -9.91553061e-04 -9.18944051e-05
2686             9.47574941e-02 -8.61884926e-02 -1.55115616e-02 9.42116368e-02 -8.51895339e-02 -1.54172618e-02 5.45857285e-04 -9.98958686e-04 -9.42998382e-05
2687             9.65297222e-02 -8.46585097e-02 -1.54004440e-02 9.59835250e-02 -8.36456045e-02 -1.53051073e-02 5.46197181e-04 -1.01290524e-03 -9.53366410e-05
2688             9.77927292e-02 -8.21681883e-02 -1.51755913e-02 9.72582470e-02 -8.11361308e-02 -1.50803529e-02 5.34482210e-04 -1.03205744e-03 -9.52383702e-05
2689             9.86679136e-02 -7.91771840e-02 -1.48708260e-02 9.81550805e-02 -7.81238617e-02 -1.47771751e-02 5.12833027e-04 -1.05332226e-03 -9.36509127e-05
2690             9.87058264e-02 -7.58516105e-02 -1.45022403e-02 9.82216991e-02 -7.47767637e-02 -1.44115166e-02 4.84127379e-04 -1.07484684e-03 -9.07237163e-05
2691             9.81459971e-02 -7.21612373e-02 -1.41095501e-02 9.76943662e-02 -7.10672437e-02 -1.40231603e-02 4.51630886e-04 -1.09399353e-03 -8.63897960e-05
2692             9.77106943e-02 -6.77801579e-02 -1.37661004e-02 9.72904041e-02 -6.66725906e-02 -1.36848943e-02 4.20290141e-04 -1.10756724e-03 -8.12061060e-05
2693             9.82722366e-02 -6.24270978e-02 -1.35199622e-02 9.78786854e-02 -6.13130945e-02 -1.34441352e-02 3.93551161e-04 -1.11400330e-03 -7.58270504e-05
2694             1.00049690e-01 -5.65973450e-02 -1.33838181e-02 9.96755474e-02 -5.54832638e-02 -1.33130325e-02 3.74143002e-04 -1.11408125e-03 -7.07855841e-05
2695             1.02286999e-01 -5.13547830e-02 -1.33755702e-02 1.01921886e-01 -5.02450855e-02 -1.33084468e-02 3.65113164e-04 -1.10969750e-03 -6.71234244e-05
2696             1.04405970e-01 -4.72994589e-02 -1.35103286e-02 1.04039297e-01 -4.61961652e-02 -1.34448879e-02 3.66672557e-04 -1.10329371e-03 -6.54407762e-05
2697             1.05935101e-01 -4.45526786e-02 -1.37625237e-02 1.05558796e-01 -4.34546408e-02 -1.36966116e-02 3.76305464e-04 -1.09803787e-03 -6.59120306e-05
2698             1.07216535e-01 -4.28438896e-02 -1.40793059e-02 1.06821849e-01 -4.17504810e-02 -1.40104971e-02 3.94686536e-04 -1.09340865e-03 -6.88087195e-05
2699             1.08633196e-01 -4.18232677e-02 -1.43863654e-02 1.08214770e-01 -4.07337148e-02 -1.43129822e-02 4.18425410e-04 -1.08955289e-03 -7.33831505e-05
2700             1.09958185e-01 -4.18343665e-02 -1.46559307e-02 1.09512420e-01 -4.07476116e-02 -1.45765741e-02 4.45765316e-04 -1.08675490e-03 -7.93566032e-05
2701             1.10569568e-01 -4.37410772e-02 -1.48840161e-02 1.10100837e-01 -4.26562881e-02 -1.47989044e-02 4.68731717e-04 -1.08478904e-03 -8.51116840e-05
2702             1.10359366e-01 -4.65144261e-02 -1.50794372e-02 1.09874856e-01 -4.54288198e-02 -1.49892932e-02 4.84509737e-04 -1.08560625e-03 -9.01440362e-05
2703             1.09756769e-01 -4.92824378e-02 -1.51951901e-02 1.09264061e-01 -4.81942989e-02 -1.51010961e-02 4.92708572e-04 -1.08813888e-03 -9.40939582e-05
2704             1.08933227e-01 -5.14638485e-02 -1.51892077e-02 1.08440072e-01 -5.03734020e-02 -1.50927297e-02 4.93154725e-04 -1.09044646e-03 -9.64779763e-05
2705             1.07892718e-01 -5.34613908e-02 -1.50619102e-02 1.07405096e-01 -5.23711185e-02 -1.49646421e-02 4.87621379e-04 -1.09027228e-03 -9.72681817e-05
2706             1.06195547e-01 -5.57383729e-02 -1.48302637e-02 1.05718460e-01 -5.46511891e-02 -1.47337509e-02 4.77086548e-04 -1.08718381e-03 -9.65127630e-05
2707             1.03210488e-01 -5.82741643e-02 -1.45159646e-02 1.02748431e-01 -5.71943736e-02 -1.44215641e-02 4.62056531e-04 -1.07979070e-03 -9.44005141e-05
2708             9.84345471e-02 -6.12154764e-02 -1.41415158e-02 9.79920275e-02 -6.01468630e-02 -1.40506449e-02 4.42519598e-04 -1.06861345e-03 -9.08709035e-05
2709             9.27291166e-02 -6.43263924e-02 -1.37514305e-02 9.23092660e-02 -6.32712816e-02 -1.36654323e-02 4.19850599e-04 -1.05511086e-03 -8.59982300e-05
2710             8.71555860e-02 -6.78069548e-02 -1.33988499e-02 8.67585820e-02 -6.67669469e-02 -1.33186639e-02 3.97004054e-04 -1.04000793e-03 -8.01860377e-05
2711             8.21693365e-02 -7.19570163e-02 -1.31651541e-02 8.17921887e-02 -7.09326344e-02 -1.30912194e-02 3.77147844e-04 -1.02438186e-03 -7.39346772e-05
2712             7.78209237e-02 -7.64169759e-02 -1.30745286e-02 7.74577567e-02 -7.54068396e-02 -1.30065766e-02 3.63166937e-04 -1.01013631e-03 -6.79519653e-05
2713             7.41071860e-02 -8.06244919e-02 -1.31209252e-02 7.37494147e-02 -7.96270834e-02 -1.30578880e-02 3.57771341e-04 -9.97408478e-04 -6.30372788e-05
2714             7.18604433e-02 -8.38212525e-02 -1.33166585e-02 7.14986210e-02 -8.28336632e-02 -1.32565847e-02 3.61822322e-04 -9.87589215e-04 -6.00737412e-05
2715             7.13966504e-02 -8.54903063e-02 -1.36389232e-02 7.10225929e-02 -8.45088190e-02 -1.35796596e-02 3.74057493e-04 -9.81487240e-04 -5.92635534e-05
2716             7.30478385e-02 -8.63126962e-02 -1.40507162e-02 7.26539708e-02 -8.53316379e-02 -1.39897855e-02 3.93867655e-04 -9.81058210e-04 -6.09307363e-05
2717             7.61555314e-02 -8.66448865e-02 -1.44942461e-02 7.57355472e-02 -8.56579459e-02 -1.44290185e-02 4.19984242e-04 -9.86940566e-04 -6.52276558e-05
2718             7.97462939e-02 -8.63910842e-02 -1.48806238e-02 7.92996303e-02 -8.53925489e-02 -1.48096933e-02 4.46663581e-04 -9.98535303e-04 -7.09305724e-05
2719             8.39035175e-02 -8.52859183e-02 -1.52394255e-02 8.34317329e-02 -8.42710449e-02 -1.51615710e-02 4.71784552e-04 -1.01487337e-03 -7.78544500e-05
2720             8.89778547e-02 -8.31392385e-02 -1.55750440e-02 8.84879279e-02 -8.21037918e-02 -1.54904597e-02 4.89926760e-04 -1.03544667e-03 -8.45843232e-05
2721             9.48153343e-02 -8.02343532e-02 -1.58530646e-02 9.43141058e-02 -7.91765141e-02 -1.57622333e-02 5.01228463e-04 -1.05783915e-03 -9.08313571e-05
2722             1.00595548e-01 -7.70459391e-02 -1.60288226e-02 1.00089513e-01 -7.59655929e-02 -1.59329897e-02 5.06034425e-04 -1.08034625e-03 -9.58329379e-05
2723             1.05729725e-01 -7.37047094e-02 -1.60801793e-02 1.05224054e-01 -7.26039244e-02 -1.59807820e-02 5.05670853e-04 -1.10078507e-03 -9.93973032e-05
2724             1.09816580e-01 -7.01104500e-02 -1.59929106e-02 1.09314492e-01 -6.89948989e-02 -1.58915332e-02 5.02088021e-04 -1.11555107e-03 -1.01377376e-04
2725             1.12889838e-01 -6.57278685e-02 -1.57403299e-02 1.12393117e-01 -6.46050853e-02 -1.56386381e-02 4.96720771e-04 -1.12278329e-03 -1.01691737e-04
2726             1.15156492e-01 -6.06829119e-02 -1.53421109e-02 1.14666895e-01 -5.95612749e-02 -1.52417848e-02 4.89596861e-04 -1.12163705e-03 -1.00326096e-04
2727             1.16179986e-01 -5.57211212e-02 -1.48183194e-02 1.15700764e-01 -5.46078256e-02 -1.47212547e-02 4.79221367e-04 -1.11329565e-03 -9.70646747e-05
2728             1.15605286e-01 -5.12449864e-02 -1.42367431e-02 1.15140020e-01 -5.01442572e-02 -1.41447706e-02 4.65266718e-04 -1.10072923e-03 -9.19725542e-05
2729             1.13336090e-01 -4.75746967e-02 -1.36811800e-02 1.12889255e-01 -4.64870071e-02 -1.35955658e-02 4.46834891e-04 -1.08768964e-03 -8.56142342e-05
2730             1.10067773e-01 -4.48395617e-02 -1.32417685e-02 1.09643083e-01 -4.37621699e-02 -1.31630750e-02 4.24690071e-04 -1.07739181e-03 -7.86935243e-05
2731             1.06737618e-01 -4.30423315e-02 -1.29553715e-02 1.06335182e-01 -4.19718087e-02 -1.28833381e-02 4.02435759e-04 -1.07052286e-03 -7.20334015e-05
2732             1.04160522e-01 -4.26177699e-02 -1.28464347e-02 1.03776854e-01 -4.15497116e-02 -1.27798148e-02 3.83667985e-04 -1.06805830e-03 -6.66198452e-05
2733             1.02121050e-01 -4.35094565e-02 -1.29099812e-02 1.01750669e-01 -4.24393184e-02 -1.28466683e-02 3.70380803e-04 -1.07013805e-03 -6.33128462e-05
2734             1.00058075e-01 -4.55366009e-02 -1.31158825e-02 9.96957163e-02 -4.44600662e-02 -1.30536458e-02 3.62358731e-04 -1.07653468e-03 -6.22366121e-05
2735             9.81978389e-02 -4.78422272e-02 -1.34177504e-02 9.78375680e-02 -4.67567292e-02 -1.33542403e-02 3.60270885e-04 -1.08549803e-03 -6.35101303e-05
2736             9.71466971e-02 -4.98889772e-02 -1.37438661e-02 9.67819884e-02 -4.87935638e-02 -1.36769301e-02 3.64708742e-04 -1.09541341e-03 -6.69360083e-05
2737             9.69575075e-02 -5.17575768e-02 -1.40219653e-02 9.65832873e-02 -5.06556338e-02 -1.39504189e-02 3.74220147e-04 -1.10194293e-03 -7.15464141e-05
2738             9.76145544e-02 -5.37366930e-02 -1.42783578e-02 9.72257513e-02 -5.26332943e-02 -1.42013580e-02 3.88803169e-04 -1.10339871e-03 -7.69998572e-05
2739             9.83772326e-02 -5.58520212e-02 -1.44950751e-02 9.79728422e-02 -5.47534453e-02 -1.44130020e-02 4.04390454e-04 -1.09857584e-03 -8.20731519e-05
2740             9.83944570e-02 -5.82843385e-02 -1.46643323e-02 9.79757863e-02 -5.71963277e-02 -1.45779978e-02 4.18670716e-04 -1.08801081e-03 -8.63344509e-05
2741             9.74893981e-02 -6.11525812e-02 -1.47857305e-02 9.70584819e-02 -6.00786451e-02 -1.46962728e-02 4.30916196e-04 -1.07393616e-03 -8.94576421e-05
2742             9.62497320e-02 -6.48993712e-02 -1.48643216e-02 9.58072270e-02 -6.38421210e-02 -1.47729124e-02 4.42504969e-04 -1.05725029e-03 -9.14092499e-05
2743             9.48679629e-02 -6.94818284e-02 -1.48832020e-02 9.44132717e-02 -6.84416290e-02 -1.47908534e-02 4.54691275e-04 -1.04019936e-03 -9.23485651e-05
2744             9.28014886e-02 -7.43480921e-02 -1.48065191e-02 9.23343294e-02 -7.33245445e-02 -1.47142312e-02 4.67159146e-04 -1.02354759e-03 -9.22878321e-05
2745             8.95945574e-02 -7.87977586e-02 -1.46447670e-02 8.91162921e-02 -7.77898979e-02 -1.45538734e-02 4.78265360e-04 -1.00786076e-03 -9.08935715e-05
2746             8.51106989e-02 -8.24939340e-02 -1.44013437e-02 8.46253989e-02 -8.15017449e-02 -1.43132361e-02 4.85299950e-04 -9.92189044e-04 -8.81076229e-05
2747             8.03395004e-02 -8.50923216e-02 -1.41164812e-02 7.98553742e-02 -8.41128197e-02 -1.40327059e-02 4.84126219e-04 -9.79501897e-04 -8.37752725e-05
2748             7.64291537e-02 -8.66328025e-02 -1.38654439e-02 7.59533170e-02 -8.56616459e-02 -1.37869447e-02 4.75836754e-04 -9.71156607e-04 -7.84991369e-05
2749             7.40815494e-02 -8.70218888e-02 -1.37129782e-02 7.36206269e-02 -8.60522387e-02 -1.36400104e-02 4.60922495e-04 -9.69650107e-04 -7.29677722e-05
2750             7.29841475e-02 -8.66405737e-02 -1.36847480e-02 7.25418871e-02 -8.56648249e-02 -1.36167616e-02 4.42260369e-04 -9.75748810e-04 -6.79864763e-05
2751             7.31418783e-02 -8.54797683e-02 -1.38039175e-02 7.27184893e-02 -8.44904473e-02 -1.37392981e-02 4.23388967e-04 -9.89320952e-04 -6.46194415e-05
2752             7.51232568e-02 -8.35166975e-02 -1.40774275e-02 7.47159349e-02 -8.25065407e-02 -1.40138757e-02 4.07321870e-04 -1.01015679e-03 -6.35517156e-05
2753             7.90521232e-02 -8.08602188e-02 -1.44719115e-02 7.86564831e-02 -7.98238794e-02 -1.44069869e-02 3.95640042e-04 -1.03633943e-03 -6.49245686e-05
2754             8.47490835e-02 -7.77604815e-02 -1.49349406e-02 8.43571296e-02 -7.66966134e-02 -1.48661025e-02 3.91953930e-04 -1.06386815e-03 -6.88380959e-05
2755             9.13078321e-02 -7.45277859e-02 -1.53687420e-02 9.09121265e-02 -7.34383005e-02 -1.52942138e-02 3.95705579e-04 -1.08948533e-03 -7.45282865e-05
2756             9.80679258e-02 -7.10444317e-02 -1.57123002e-02 9.76602137e-02 -6.99339225e-02 -1.56307782e-02 4.07712108e-04 -1.11050923e-03 -8.15220451e-05
2757             1.04565433e-01 -6.73229809e-02 -1.59443090e-02 1.04142346e-01 -6.62002357e-02 -1.58560884e-02 4.23087932e-04 -1.12274518e-03 -8.82205693e-05
2758             1.10972618e-01 -6.31826000e-02 -1.60620195e-02 1.10532782e-01 -6.20563061e-02 -1.59681163e-02 4.39835908e-04 -1.12629398e-03 -9.39031977e-05
2759             1.17106781e-01 -5.85847399e-02 -1.60371002e-02 1.16650534e-01 -5.74625094e-02 -1.59390714e-02 4.56247031e-04 -1.12223050e-03 -9.80288525e-05
2760             1.22017645e-01 -5.40011967e-02 -1.58532301e-02 1.21546877e-01 -5.28880179e-02 -1.57528687e-02 4.70767554e-04 -1.11317887e-03 -1.00361356e-04
2761             1.24825710e-01 -4.99084030e-02 -1.55400610e-02 1.24343248e-01 -4.88070425e-02 -1.54391934e-02 4.82462120e-04 -1.10136053e-03 -1.00867516e-04
2762             1.25287223e-01 -4.68828134e-02 -1.51328529e-02 1.24798103e-01 -4.57913676e-02 -1.50330151e-02 4.89120029e-04 -1.09144583e-03 -9.98378122e-05
2763             1.23859006e-01 -4.51781667e-02 -1.46525359e-02 1.23368230e-01 -4.40942898e-02 -1.45549801e-02 4.90776291e-04 -1.08387692e-03 -9.75557371e-05
2764             1.20981840e-01 -4.46814921e-02 -1.41198342e-02 1.20495478e-01 -4.36028864e-02 -1.40258739e-02 4.86361883e-04 -1.07860563e-03 -9.39603509e-05
2765             1.16830343e-01 -4.48064303e-02 -1.35705401e-02 1.16356344e-01 -4.37312213e-02 -1.34815549e-02 4.73999039e-04 -1.07520895e-03 -8.89851289e-05
2766             1.11264988e-01 -4.56794272e-02 -1.30455282e-02 1.10812886e-01 -4.46056042e-02 -1.29627954e-02 4.52102533e-04 -1.07382291e-03 -8.27327089e-05
2767             1.04656807e-01 -4.72018268e-02 -1.26209767e-02 1.04235986e-01 -4.61263396e-02 -1.25452888e-02 4.20820823e-04 -1.07548717e-03 -7.56879016e-05
2768             9.79427168e-02 -4.90692049e-02 -1.23312524e-02 9.75586061e-02 -4.79900798e-02 -1.22626916e-02 3.84110649e-04 -1.07912515e-03 -6.85607457e-05
2769             9.22118961e-02 -5.08873290e-02 -1.21870011e-02 9.18645354e-02 -4.98031389e-02 -1.21247921e-02 3.47360711e-04 -1.08419014e-03 -6.22089803e-05
2770             8.80902456e-02 -5.23189137e-02 -1.22139065e-02 8.77723152e-02 -5.12315088e-02 -1.21562449e-02 3.17930447e-04 -1.08740491e-03 -5.76615865e-05
2771             8.55990518e-02 -5.38282366e-02 -1.24177549e-02 8.52999573e-02 -5.27407486e-02 -1.23623188e-02 2.99094501e-04 -1.08748801e-03 -5.54360618e-05
2772             8.42296393e-02 -5.56943308e-02 -1.27767206e-02 8.39351284e-02 -5.46111177e-02 -1.27207976e-02 2.94510988e-04 -1.08321309e-03 -5.59230241e-05
2773             8.33342519e-02 -5.85489018e-02 -1.32423182e-02 8.30289253e-02 -5.74745504e-02 -1.31830163e-02 3.05326621e-04 -1.07435138e-03 -5.93019221e-05
2774             8.30484604e-02 -6.23235969e-02 -1.37297366e-02 8.27196550e-02 -6.12599577e-02 -1.36651098e-02 3.28805490e-04 -1.06363923e-03 -6.46268388e-05
2775             8.39345363e-02 -6.67932035e-02 -1.42414308e-02 8.35698231e-02 -6.57427526e-02 -1.41697717e-02 3.64713184e-04 -1.05045096e-03 -7.16590575e-05
2776             8.56669411e-02 -7.14973579e-02 -1.47622004e-02 8.52610236e-02 -7.04605507e-02 -1.46834208e-02 4.05917488e-04 -1.03680727e-03 -7.87796319e-05
2777             8.74489792e-02 -7.59313634e-02 -1.52377000e-02 8.69990382e-02 -7.49075890e-02 -1.51521579e-02 4.49940978e-04 -1.02377445e-03 -8.55420932e-05
2778             8.82410740e-02 -8.00311602e-02 -1.55982642e-02 8.77492417e-02 -7.90196269e-02 -1.55071704e-02 4.91832296e-04 -1.01153330e-03 -9.10938670e-05
2779             8.81530350e-02 -8.39090281e-02 -1.58136007e-02 8.76259415e-02 -8.29083930e-02 -1.57185151e-02 5.27093453e-04 -1.00063511e-03 -9.50856142e-05
2780             8.76279028e-02 -8.66246144e-02 -1.58833223e-02 8.70752778e-02 -8.56318913e-02 -1.57859901e-02 5.52624986e-04 -9.92723106e-04 -9.73321291e-05
2781             8.71707201e-02 -8.79141932e-02 -1.58086497e-02 8.66031958e-02 -8.69253604e-02 -1.57106926e-02 5.67524276e-04 -9.88832729e-04 -9.79571836e-05
2782             8.68201408e-02 -8.78907661e-02 -1.56195434e-02 8.62492274e-02 -8.69008614e-02 -1.55223089e-02 5.70913412e-04 -9.89904708e-04 -9.72344976e-05
2783             8.60425552e-02 -8.69816896e-02 -1.53389994e-02 8.54797876e-02 -8.59867220e-02 -1.52438616e-02 5.62767603e-04 -9.94967539e-04 -9.51377550e-05
2784             8.49646663e-02 -8.53601632e-02 -1.50156890e-02 8.44229648e-02 -8.43551056e-02 -1.49240120e-02 5.41701457e-04 -1.00505763e-03 -9.16770454e-05
2785             8.44982188e-02 -8.28404445e-02 -1.47141187e-02 8.39885930e-02 -8.18205354e-02 -1.46269352e-02 5.09625718e-04 -1.01990908e-03 -8.71834932e-05
2786             8.53080613e-02 -7.96340110e-02 -1.45040535e-02 8.48382620e-02 -7.85960938e-02 -1.44218436e-02 4.69799296e-04 -1.03791724e-03 -8.22098774e-05
2787             8.73474146e-02 -7.60866272e-02 -1.43983021e-02 8.69200694e-02 -7.50300327e-02 -1.43210651e-02 4.27345240e-04 -1.05659455e-03 -7.72369668e-05
2788             9.00462117e-02 -7.24693527e-02 -1.43852107e-02 8.96590464e-02 -7.13936589e-02 -1.43121167e-02 3.87165286e-04 -1.07569385e-03 -7.30940260e-05
2789             9.31896363e-02 -6.91864838e-02 -1.44472422e-02 9.28335265e-02 -6.80948166e-02 -1.43766079e-02 3.56109825e-04 -1.09166718e-03 -7.06342721e-05
2790             9.69140857e-02 -6.57148718e-02 -1.45564052e-02 9.65775582e-02 -6.46117572e-02 -1.44865387e-02 3.36527455e-04 -1.10311462e-03 -6.98664924e-05
2791             1.01512937e-01 -6.15567599e-02 -1.46812485e-02 1.01182272e-01 -6.04477091e-02 -1.46102965e-02 3.30664808e-04 -1.10905083e-03 -7.09519491e-05
2792             1.06722838e-01 -5.68150286e-02 -1.47799829e-02 1.06383119e-01 -5.57055229e-02 -1.47061464e-02 3.39718945e-04 -1.10950568e-03 -7.38364644e-05
2793             1.11801739e-01 -5.21113405e-02 -1.48117505e-02 1.11441487e-01 -5.10048159e-02 -1.47340457e-02 3.60252825e-04 -1.10652455e-03 -7.77047286e-05
2794             1.16191974e-01 -4.82781844e-02 -1.48332986e-02 1.15801318e-01 -4.71765058e-02 -1.47508700e-02 3.90655842e-04 -1.10167860e-03 -8.24285731e-05
2795             1.19390285e-01 -4.61738944e-02 -1.48322289e-02 1.18967444e-01 -4.50757211e-02 -1.47453026e-02 4.22841085e-04 -1.09817332e-03 -8.69262233e-05
2796             1.21532110e-01 -4.51129329e-02 -1.47883604e-02 1.21078313e-01 -4.40172546e-02 -1.46976053e-02 4.53796763e-04 -1.09567833e-03 -9.07550887e-05
2797             1.22830694e-01 -4.45976394e-02 -1.46856071e-02 1.22350906e-01 -4.35031214e-02 -1.45922111e-02 4.79787833e-04 -1.09451801e-03 -9.33960110e-05
2798             1.22610354e-01 -4.47220928e-02 -1.45149420e-02 1.22113991e-01 -4.36278331e-02 -1.44204031e-02 4.96362152e-04 -1.09425968e-03 -9.45388376e-05
2799             1.19986353e-01 -4.59759407e-02 -1.42618065e-02 1.19484852e-01 -4.48814041e-02 -1.41676807e-02 5.01501096e-04 -1.09453662e-03 -9.41257325e-05
2800             1.15005898e-01 -4.81007180e-02 -1.39039015e-02 1.14511260e-01 -4.70049840e-02 -1.38115637e-02 4.94637802e-04 -1.09573391e-03 -9.23377853e-05
2801             1.08807802e-01 -5.01248227e-02 -1.34745175e-02 1.08331641e-01 -4.90284482e-02 -1.33854640e-02 4.76161218e-04 -1.09637447e-03 -8.90534891e-05
2802             1.01924907e-01 -5.16669164e-02 -1.29986709e-02 1.01475713e-01 -5.05735315e-02 -1.29143356e-02 4.49193502e-04 -1.09338482e-03 -8.43352798e-05
2803             9.49818075e-02 -5.28882211e-02 -1.25430438e-02 9.45649803e-02 -5.18024486e-02 -1.24646785e-02 4.16827145e-04 -1.08577254e-03 -7.83652261e-05
2804             8.86136378e-02 -5.43331045e-02 -1.21988593e-02 8.82298006e-02 -5.32591917e-02 -1.21269881e-02 3.83837206e-04 -1.07391280e-03 -7.18711547e-05
2805             8.30226082e-02 -5.66953100e-02 -1.20506118e-02 8.26684825e-02 -5.56364863e-02 -1.19850184e-02 3.54125685e-04 -1.05882365e-03 -6.55934815e-05
2806             7.81241596e-02 -6.00829461e-02 -1.21164873e-02 7.77930548e-02 -5.90394298e-02 -1.20561940e-02 3.31104792e-04 -1.04351629e-03 -6.02933275e-05
2807             7.46929099e-02 -6.40532714e-02 -1.24053337e-02 7.43731291e-02 -6.30229096e-02 -1.23483247e-02 3.19780807e-04 -1.03036186e-03 -5.70089710e-05
2808             7.32028948e-02 -6.82328058e-02 -1.28936723e-02 7.28797798e-02 -6.72124329e-02 -1.28372707e-02 3.23114959e-04 -1.02037298e-03 -5.64016089e-05
2809             7.30350688e-02 -7.25437010e-02 -1.35170588e-02 7.26949421e-02 -7.15299186e-02 -1.34587368e-02 3.40126688e-04 -1.01378244e-03 -5.83220065e-05
2810             7.34679814e-02 -7.70709378e-02 -1.42009704e-02 7.30974944e-02 -7.60607724e-02 -1.41381870e-02 3.70487050e-04 -1.01016543e-03 -6.27833890e-05
2811             7.39381833e-02 -8.16415488e-02 -1.48505670e-02 7.35281328e-02 -8.06340047e-02 -1.47815138e-02 4.10050447e-04 -1.00754409e-03 -6.90532751e-05
2812             7.50881021e-02 -8.52264254e-02 -1.54152145e-02 7.46343007e-02 -8.42201427e-02 -1.53387049e-02 4.53801447e-04 -1.00628275e-03 -7.65096050e-05
2813             7.74347209e-02 -8.70537892e-02 -1.58972067e-02 7.69387607e-02 -8.60485711e-02 -1.58132201e-02 4.95960157e-04 -1.00521810e-03 -8.39865097e-05
2814             8.11525856e-02 -8.73967421e-02 -1.63033607e-02 8.06204137e-02 -8.63902119e-02 -1.62125409e-02 5.32171827e-04 -1.00653013e-03 -9.08198195e-05
2815             8.55696171e-02 -8.67822016e-02 -1.66096716e-02 8.50100042e-02 -8.57713981e-02 -1.65130271e-02 5.59612879e-04 -1.01080351e-03 -9.66444969e-05
2816             8.99388441e-02 -8.56108203e-02 -1.67854977e-02 8.93625795e-02 -8.45925349e-02 -1.66843866e-02 5.76264644e-04 -1.01828534e-03 -1.01111138e-04
2817             9.41190566e-02 -8.38600230e-02 -1.68304654e-02 9.35387941e-02 -8.28307114e-02 -1.67264156e-02 5.80262448e-04 -1.02931156e-03 -1.04049794e-04
2818             9.81692669e-02 -8.13427724e-02 -1.67438560e-02 9.75973078e-02 -8.02998910e-02 -1.66384054e-02 5.71959087e-04 -1.04288140e-03 -1.05450644e-04
2819             1.01746292e-01 -7.81908585e-02 -1.65057152e-02 1.01194213e-01 -7.71335202e-02 -1.64004245e-02 5.52078734e-04 -1.05733824e-03 -1.05290678e-04
2820             1.04148842e-01 -7.51143937e-02 -1.61144453e-02 1.03627028e-01 -7.40447920e-02 -1.60112204e-02 5.21813985e-04 -1.06960167e-03 -1.03224924e-04
2821             1.05114551e-01 -7.22788640e-02 -1.55854214e-02 1.04632040e-01 -7.11987667e-02 -1.54862245e-02 4.82511299e-04 -1.08009725e-03 -9.91969218e-05
2822             1.04767587e-01 -6.93732258e-02 -1.49666485e-02 1.04329760e-01 -6.82862066e-02 -1.48733323e-02 4.37827170e-04 -1.08701922e-03 -9.33162086e-05
2823             1.04113818e-01 -6.55512892e-02 -1.43470476e-02 1.03721207e-01 -6.44618246e-02 -1.42609379e-02 3.92611271e-04 -1.08946465e-03 -8.61096112e-05
2824             1.04168949e-01 -6.06710978e-02 -1.37954076e-02 1.03817504e-01 -5.95824327e-02 -1.37170301e-02 3.51445590e-04 -1.08866513e-03 -7.83774951e-05
2825             1.04989633e-01 -5.54470665e-02 -1.33579379e-02 1.04669884e-01 -5.43601575e-02 -1.32868391e-02 3.19749375e-04 -1.08690903e-03 -7.10987741e-05
2826             1.06242339e-01 -5.12295558e-02 -1.30866566e-02 1.05939531e-01 -5.01438280e-02 -1.30211594e-02 3.02807233e-04 -1.08572777e-03 -6.54971266e-05
2827             1.07468754e-01 -4.83000867e-02 -1.29968352e-02 1.07168655e-01 -4.72122516e-02 -1.29346419e-02 3.00098580e-04 -1.08783509e-03 -6.21933075e-05
2828             1.08609375e-01 -4.63810030e-02 -1.30570182e-02 1.08298864e-01 -4.52880800e-02 -1.29955389e-02 3.10510482e-04 -1.09292301e-03 -6.14793219e-05
2829             1.09855897e-01 -4.50175851e-02 -1.32148915e-02 1.09522382e-01 -4.39186416e-02 -1.31513603e-02 3.33515215e-04 -1.09894352e-03 -6.35312277e-05
2830             1.10835957e-01 -4.43007693e-02 -1.33735228e-02 1.10473104e-01 -4.31957701e-02 -1.33062609e-02 3.62853031e-04 -1.10499911e-03 -6.72619585e-05
2831             1.11043560e-01 -4.46916906e-02 -1.35207442e-02 1.10649191e-01 -4.35823251e-02 -1.34484620e-02 3.94368706e-04 -1.10936551e-03 -7.22822525e-05
2832             1.09947847e-01 -4.62522902e-02 -1.36593583e-02 1.09528485e-01 -4.51400713e-02 -1.35823520e-02 4.19362405e-04 -1.11221888e-03 -7.70062391e-05
2833             1.07780923e-01 -4.82557564e-02 -1.37812981e-02 1.07344581e-01 -4.71427797e-02 -1.37001914e-02 4.36342091e-04 -1.11297669e-03 -8.11067236e-05
2834             1.05216499e-01 -4.99096043e-02 -1.38449638e-02 1.04770963e-01 -4.87988589e-02 -1.37607463e-02 4.45535971e-04 -1.11074535e-03 -8.42174663e-05
2835             1.02632971e-01 -5.12324772e-02 -1.38417508e-02 1.02183251e-01 -5.01291945e-02 -1.37555873e-02 4.49719660e-04 -1.10328271e-03 -8.61634744e-05
2836             1.00137143e-01 -5.30487175e-02 -1.37921719e-02 9.96863841e-02 -5.19575134e-02 -1.37051288e-02 4.50758536e-04 -1.09120410e-03 -8.70430788e-05
2837             9.72631913e-02 -5.55717644e-02 -1.37156559e-02 9.68122472e-02 -5.44962388e-02 -1.36286518e-02 4.50944097e-04 -1.07552565e-03 -8.70040724e-05
2838             9.35029094e-02 -5.88371665e-02 -1.36314668e-02 9.30530022e-02 -5.77794689e-02 -1.35452910e-02 4.49907145e-04 -1.05769756e-03 -8.61758285e-05
2839             8.89894413e-02 -6.24063972e-02 -1.35423622e-02 8.85425368e-02 -6.13667725e-02 -1.34579089e-02 4.46904500e-04 -1.03962465e-03 -8.44533748e-05
2840             8.41718100e-02 -6.61734412e-02 -1.34624942e-02 8.37298493e-02 -6.51506124e-02 -1.33807158e-02 4.41960640e-04 -1.02282883e-03 -8.17784844e-05
2841             7.94116786e-02 -7.03484391e-02 -1.34252907e-02 7.89772329e-02 -6.93388239e-02 -1.33470532e-02 4.34445744e-04 -1.00961515e-03 -7.82375449e-05
2842             7.50142882e-02 -7.50362538e-02 -1.34860122e-02 7.45883947e-02 -7.40359222e-02 -1.34117987e-02 4.25893452e-04 -1.00033160e-03 -7.42135056e-05
2843             7.08785564e-02 -7.93788020e-02 -1.36547749e-02 7.04603845e-02 -7.83838156e-02 -1.35845502e-02 4.18171897e-04 -9.94986393e-04 -7.02246912e-05
2844             6.74576842e-02 -8.30257209e-02 -1.39272774e-02 6.70441807e-02 -8.20329501e-02 -1.38601728e-02 4.13503556e-04 -9.92770791e-04 -6.71045980e-05
2845             6.58073928e-02 -8.54060716e-02 -1.43125878e-02 6.53928342e-02 -8.44116563e-02 -1.42467824e-02 4.14558526e-04 -9.94415349e-04 -6.58053441e-05
2846             6.67295249e-02 -8.62388942e-02 -1.47949453e-02 6.63078438e-02 -8.52403002e-02 -1.47284377e-02 4.21681083e-04 -9.98593949e-04 -6.65075978e-05
2847             7.00818007e-02 -8.59802879e-02 -1.53370098e-02 6.96468373e-02 -8.49738419e-02 -1.52674405e-02 4.34963362e-04 -1.00644600e-03 -6.95692974e-05
2848             7.49693179e-02 -8.50269203e-02 -1.58786996e-02 7.45147426e-02 -8.40102979e-02 -1.58036705e-02 4.54575327e-04 -1.01662237e-03 -7.50291242e-05
2849             8.07377104e-02 -8.36605728e-02 -1.63354721e-02 8.02634339e-02 -8.26319055e-02 -1.62538331e-02 4.74276517e-04 -1.02866731e-03 -8.16390216e-05
2850             8.76552862e-02 -8.14560304e-02 -1.67219918e-02 8.71633474e-02 -8.04142741e-02 -1.66329486e-02 4.91938764e-04 -1.04175638e-03 -8.90431968e-05
2851             9.51262187e-02 -7.86662356e-02 -1.69993920e-02 9.46246548e-02 -7.76109650e-02 -1.69036268e-02 5.01563887e-04 -1.05527064e-03 -9.57652128e-05
2852             1.02316133e-01 -7.60715936e-02 -1.71216877e-02 1.01813630e-01 -7.50038214e-02 -1.70204697e-02 5.02503670e-04 -1.06777226e-03 -1.01218061e-04
2853             1.08426942e-01 -7.36977082e-02 -1.70573376e-02 1.07933031e-01 -7.26179393e-02 -1.69526218e-02 4.93911575e-04 -1.07976897e-03 -1.04715747e-04
2854             1.13044942e-01 -7.12685850e-02 -1.68046840e-02 1.12566389e-01 -7.01791959e-02 -1.66985349e-02 4.78553684e-04 -1.08938916e-03 -1.06149115e-04
2855             1.16083287e-01 -6.82991603e-02 -1.63723536e-02 1.15623994e-01 -6.72036401e-02 -1.62668031e-02 4.59292355e-04 -1.09552016e-03 -1.05550564e-04
2856             1.18031325e-01 -6.43400443e-02 -1.57615814e-02 1.17591599e-01 -6.32418173e-02 -1.56584045e-02 4.39726618e-04 -1.09822708e-03 -1.03176849e-04
2857             1.19341934e-01 -5.98377305e-02 -1.50316502e-02 1.18920569e-01 -5.87404154e-02 -1.49325709e-02 4.21365521e-04 -1.09731508e-03 -9.90793054e-05
2858             1.19582202e-01 -5.55610317e-02 -1.42253498e-02 1.19177582e-01 -5.44667944e-02 -1.41319377e-02 4.04620165e-04 -1.09423722e-03 -9.34121309e-05
2859             1.18140332e-01 -5.17344938e-02 -1.34202039e-02 1.17751385e-01 -5.06440959e-02 -1.33338951e-02 3.88947684e-04 -1.09039785e-03 -8.63087543e-05
2860             1.15103502e-01 -4.86984986e-02 -1.27060876e-02 1.14730971e-01 -4.76097096e-02 -1.26276633e-02 3.72531666e-04 -1.08878900e-03 -7.84243657e-05
2861             1.11400708e-01 -4.63778474e-02 -1.21565121e-02 1.11044785e-01 -4.52889224e-02 -1.20860875e-02 3.55923163e-04 -1.08892496e-03 -7.04246551e-05
2862             1.07665207e-01 -4.48208913e-02 -1.17887003e-02 1.07324501e-01 -4.37302275e-02 -1.17256856e-02 3.40705863e-04 -1.09066379e-03 -6.30147283e-05
2863             1.03952999e-01 -4.43192107e-02 -1.16128681e-02 1.03624846e-01 -4.32249364e-02 -1.15557745e-02 3.28152219e-04 -1.09427424e-03 -5.70935709e-05
2864             9.98840249e-02 -4.49007971e-02 -1.16272123e-02 9.95641472e-02 -4.38022767e-02 -1.15738015e-02 3.19877652e-04 -1.09852036e-03 -5.34108231e-05
2865             9.55840304e-02 -4.63590595e-02 -1.18072999e-02 9.52686684e-02 -4.52560299e-02 -1.17551726e-02 3.15361975e-04 -1.10302958e-03 -5.21273010e-05
2866             9.19354346e-02 -4.80520610e-02 -1.21233176e-02 9.16175871e-02 -4.69461125e-02 -1.20697590e-02 3.17847492e-04 -1.10594851e-03 -5.35585935e-05
2867             8.95749847e-02 -4.98702375e-02 -1.25155048e-02 8.92459768e-02 -4.87649895e-02 -1.24581185e-02 3.29007889e-04 -1.10524796e-03 -5.73863222e-05
2868             8.85541183e-02 -5.18681790e-02 -1.29343874e-02 8.82036110e-02 -5.07689626e-02 -1.28712425e-02 3.50507321e-04 -1.09921638e-03 -6.31449307e-05
2869             8.88022489e-02 -5.42729705e-02 -1.33926461e-02 8.84230605e-02 -5.31845688e-02 -1.33226512e-02 3.79188395e-04 -1.08840169e-03 -6.99948856e-05
2870             8.96918365e-02 -5.69655201e-02 -1.38779887e-02 8.92806281e-02 -5.58916561e-02 -1.38011240e-02 4.11208387e-04 -1.07386405e-03 -7.68646667e-05
2871             9.00697947e-02 -6.01181473e-02 -1.43525159e-02 8.96267450e-02 -5.90600763e-02 -1.42693230e-02 4.43049675e-04 -1.05807102e-03 -8.31928924e-05
2872             8.99157236e-02 -6.37578660e-02 -1.47783020e-02 8.94442765e-02 -6.27140747e-02 -1.46898172e-02 4.71447179e-04 -1.04379129e-03 -8.84847691e-05
2873             8.94706881e-02 -6.82919180e-02 -1.51284950e-02 8.89747746e-02 -6.72600191e-02 -1.50359498e-02 4.95913499e-04 -1.03189887e-03 -9.25452495e-05
2874             8.84263086e-02 -7.31730819e-02 -1.53843785e-02 8.79109692e-02 -7.21498499e-02 -1.52891089e-02 5.15339384e-04 -1.02323206e-03 -9.52696557e-05
2875             8.61775893e-02 -7.78730810e-02 -1.55070544e-02 8.56477060e-02 -7.68557335e-02 -1.54103934e-02 5.29883317e-04 -1.01734750e-03 -9.66609536e-05
2876             8.25650103e-02 -8.19682784e-02 -1.55038305e-02 8.20266676e-02 -8.09566830e-02 -1.54074281e-02 5.38342778e-04 -1.01159536e-03 -9.64023847e-05
2877             7.86015959e-02 -8.49151791e-02 -1.54040795e-02 7.80628470e-02 -8.39091146e-02 -1.53095668e-02 5.38748956e-04 -1.00606446e-03 -9.45127234e-05
2878             7.52875265e-02 -8.63646441e-02 -1.52533426e-02 7.47571474e-02 -8.53631107e-02 -1.51622997e-02 5.30379056e-04 -1.00153337e-03 -9.10429793e-05
2879             7.34533546e-02 -8.63354544e-02 -1.51332598e-02 7.29383832e-02 -8.53366955e-02 -1.50466135e-02 5.14971391e-04 -9.98758885e-04 -8.66463269e-05
2880             7.34676381e-02 -8.53778700e-02 -1.50941482e-02 7.29738497e-02 -8.43789867e-02 -1.50120973e-02 4.93788443e-04 -9.98883358e-04 -8.20508757e-05
2881             7.48508173e-02 -8.37821156e-02 -1.51370589e-02 7.43812887e-02 -8.27793695e-02 -1.50591139e-02 4.69528595e-04 -1.00274613e-03 -7.79449985e-05
2882             7.74506632e-02 -8.17586168e-02 -1.52647831e-02 7.70068519e-02 -8.07472420e-02 -1.51895774e-02 4.43811293e-04 -1.01137488e-03 -7.52056258e-05
2883             8.14954501e-02 -7.96058731e-02 -1.54621440e-02 8.10764809e-02 -7.85815403e-02 -1.53879367e-02 4.18969284e-04 -1.02433277e-03 -7.42072573e-05
2884             8.68104689e-02 -7.72751536e-02 -1.56922352e-02 8.64144549e-02 -7.62338910e-02 -1.56172676e-02 3.96013999e-04 -1.04126255e-03 -7.49676803e-05
2885             9.27822518e-02 -7.49987761e-02 -1.58939852e-02 9.24027123e-02 -7.39395353e-02 -1.58162886e-02 3.79539448e-04 -1.05924085e-03 -7.76966666e-05
2886             9.84948178e-02 -7.25584223e-02 -1.59863382e-02 9.81264971e-02 -7.14811041e-02 -1.59048956e-02 3.68320697e-04 -1.07731822e-03 -8.14426283e-05
2887             1.03887279e-01 -6.97665564e-02 -1.59633772e-02 1.03521126e-01 -6.86739982e-02 -1.58772814e-02 3.66153569e-04 -1.09255826e-03 -8.60957968e-05
2888             1.09354941e-01 -6.63571254e-02 -1.58442355e-02 1.08984856e-01 -6.52541217e-02 -1.57540442e-02 3.70084345e-04 -1.10300370e-03 -9.01913849e-05
2889             1.15242416e-01 -6.25665331e-02 -1.56485494e-02 1.14862928e-01 -6.14571760e-02 -1.55552109e-02 3.79487922e-04 -1.10935714e-03 -9.33385225e-05
2890             1.20805594e-01 -5.83108523e-02 -1.53520948e-02 1.20411845e-01 -5.71994215e-02 -1.52568342e-02 3.93749082e-04 -1.11143073e-03 -9.52605914e-05
2891             1.25064261e-01 -5.40840327e-02 -1.49530586e-02 1.24653299e-01 -5.29730801e-02 -1.48572973e-02 4.10962121e-04 -1.11095269e-03 -9.57613004e-05
2892             1.27032583e-01 -5.03580025e-02 -1.44738577e-02 1.26605176e-01 -4.92484674e-02 -1.43790865e-02 4.27406556e-04 -1.10953505e-03 -9.47712931e-05
2893             1.26326700e-01 -4.76503536e-02 -1.39280896e-02 1.25886992e-01 -4.65416094e-02 -1.38355783e-02 4.39708106e-04 -1.10874419e-03 -9.25113665e-05
2894             1.23432170e-01 -4.60367088e-02 -1.33362461e-02 1.22985465e-01 -4.49295784e-02 -1.32471421e-02 4.46704923e-04 -1.10713041e-03 -8.91039577e-05
2895             1.18778126e-01 -4.49779930e-02 -1.27170191e-02 1.18331920e-01 -4.38740731e-02 -1.26325437e-02 4.46205428e-04 -1.10391981e-03 -8.44754634e-05
2896             1.12269892e-01 -4.47010413e-02 -1.21079069e-02 1.11834466e-01 -4.36017890e-02 -1.20293000e-02 4.35425942e-04 -1.09925237e-03 -7.86068870e-05
2897             1.04016152e-01 -4.53996781e-02 -1.15789636e-02 1.03602053e-01 -4.43062120e-02 -1.15072260e-02 4.14099377e-04 -1.09346610e-03 -7.17375411e-05
2898             9.52508387e-02 -4.69310516e-02 -1.12259787e-02 9.48654637e-02 -4.58441497e-02 -1.11613517e-02 3.85374975e-04 -1.08690191e-03 -6.46270389e-05
2899             8.76309010e-02 -4.88606718e-02 -1.10903346e-02 8.72759374e-02 -4.77800459e-02 -1.10322203e-02 3.54963694e-04 -1.08062591e-03 -5.81143556e-05
2900             8.18617876e-02 -5.09065004e-02 -1.11778271e-02 8.15313758e-02 -4.98327604e-02 -1.11246305e-02 3.30411793e-04 -1.07374000e-03 -5.31965944e-05
2901             7.82159386e-02 -5.29838448e-02 -1.15008845e-02 7.78981532e-02 -5.19172156e-02 -1.14499972e-02 3.17785394e-04 -1.06662927e-03 -5.08873040e-05
2902             7.65123509e-02 -5.51320198e-02 -1.20353436e-02 7.61937551e-02 -5.40730575e-02 -1.19839908e-02 3.18595846e-04 -1.05896237e-03 -5.13528419e-05
2903             7.58894869e-02 -5.77476544e-02 -1.27241496e-02 7.55568876e-02 -5.66960206e-02 -1.26694835e-02 3.32599296e-04 -1.05163377e-03 -5.46661513e-05
2904             7.58188577e-02 -6.12873027e-02 -1.34973840e-02 7.54601695e-02 -6.02417303e-02 -1.34366338e-02 3.58688152e-04 -1.04557237e-03 -6.07502574e-05
2905             7.63247838e-02 -6.57292749e-02 -1.42586933e-02 7.59323168e-02 -6.46882347e-02 -1.41903325e-02 3.92466967e-04 -1.04104021e-03 -6.83608365e-05
2906             7.77483040e-02 -7.04456317e-02 -1.50132678e-02 7.73156862e-02 -6.94079834e-02 -1.49360619e-02 4.32617891e-04 -1.03764832e-03 -7.72058820e-05
2907             7.97089376e-02 -7.49740114e-02 -1.57216337e-02 7.92357270e-02 -7.39389020e-02 -1.56359061e-02 4.73210626e-04 -1.03510937e-03 -8.57275954e-05
2908             8.14762080e-02 -7.90642636e-02 -1.63275999e-02 8.09631375e-02 -7.80317694e-02 -1.62340405e-02 5.13070436e-04 -1.03249420e-03 -9.35593873e-05
2909             8.27328902e-02 -8.26551287e-02 -1.67904331e-02 8.21849736e-02 -8.16266228e-02 -1.66905678e-02 5.47916572e-04 -1.02850584e-03 -9.98652253e-05
2910             8.40419255e-02 -8.52373122e-02 -1.71028296e-02 8.34669288e-02 -8.42133285e-02 -1.69983920e-02 5.74996715e-04 -1.02398372e-03 -1.04437569e-04
2911             8.58995267e-02 -8.62571845e-02 -1.72544035e-02 8.53064122e-02 -8.52389628e-02 -1.71471915e-02 5.93114534e-04 -1.01822169e-03 -1.07211955e-04
2912             8.80445290e-02 -8.59274305e-02 -1.72257187e-02 8.74441084e-02 -8.49143213e-02 -1.71174056e-02 6.00420518e-04 -1.01310920e-03 -1.08313096e-04
2913             8.98084096e-02 -8.47978191e-02 -1.70306528e-02 8.92130912e-02 -8.37885372e-02 -1.69229139e-02 5.95318444e-04 -1.00928193e-03 -1.07738964e-04
2914             9.06970051e-02 -8.34630640e-02 -1.66675272e-02 9.01212730e-02 -8.24562533e-02 -1.65622654e-02 5.75732096e-04 -1.00681075e-03 -1.05261714e-04
2915             9.10326284e-02 -8.18925451e-02 -1.61838097e-02 9.04931930e-02 -8.08838170e-02 -1.60830654e-02 5.39435402e-04 -1.00872815e-03 -1.00744231e-04
2916             9.13359966e-02 -7.98897460e-02 -1.56573634e-02 9.08463391e-02 -7.88739312e-02 -1.55627576e-02 4.89657598e-04 -1.01581487e-03 -9.46057971e-05
2917             9.19282279e-02 -7.73799486e-02 -1.51648382e-02 9.14968843e-02 -7.63528423e-02 -1.50773241e-02 4.31343523e-04 -1.02710633e-03 -8.75140421e-05
2918             9.29607195e-02 -7.46611045e-02 -1.47378896e-02 9.25898384e-02 -7.36191074e-02 -1.46577621e-02 3.70881056e-04 -1.04199715e-03 -8.01275431e-05
2919             9.46249291e-02 -7.17299998e-02 -1.43978877e-02 9.43074885e-02 -7.06698406e-02 -1.43241813e-02 3.17440577e-04 -1.06015919e-03 -7.37064260e-05
2920             9.69819114e-02 -6.90551653e-02 -1.41580095e-02 9.67034643e-02 -6.79765826e-02 -1.40888234e-02 2.78447116e-04 -1.07858276e-03 -6.91861352e-05
2921             1.00442244e-01 -6.57885320e-02 -1.40004799e-02 1.00184934e-01 -6.46929220e-02 -1.39338096e-02 2.57310371e-04 -1.09561010e-03 -6.66703038e-05
2922             1.05174307e-01 -6.15642499e-02 -1.39059158e-02 1.04918619e-01 -6.04555789e-02 -1.38395078e-02 2.55687471e-04 -1.10867103e-03 -6.64080024e-05
2923             1.10381506e-01 -5.66928712e-02 -1.38321651e-02 1.10109537e-01 -5.55751205e-02 -1.37640502e-02 2.71968831e-04 -1.11775071e-03 -6.81148230e-05
2924             1.14763776e-01 -5.21641345e-02 -1.37332087e-02 1.14460966e-01 -5.10416509e-02 -1.36620314e-02 3.02810265e-04 -1.12248362e-03 -7.11773808e-05
2925             1.17667577e-01 -4.87139613e-02 -1.36394430e-02 1.17326634e-01 -4.75893711e-02 -1.35644647e-02 3.40943151e-04 -1.12459024e-03 -7.49783045e-05
2926             1.19153109e-01 -4.63056543e-02 -1.35360882e-02 1.18773934e-01 -4.51814408e-02 -1.34575259e-02 3.79175383e-04 -1.12421349e-03 -7.85622753e-05
2927             1.19357544e-01 -4.47107504e-02 -1.34133232e-02 1.18943654e-01 -4.35896978e-02 -1.33318940e-02 4.13890717e-04 -1.12105253e-03 -8.14292421e-05
2928             1.18106697e-01 -4.38425485e-02 -1.32658672e-02 1.17665616e-01 -4.27272348e-02 -1.31826835e-02 4.41081173e-04 -1.11531373e-03 -8.31837087e-05
2929             1.15047011e-01 -4.40981231e-02 -1.30980890e-02 1.14588021e-01 -4.29905430e-02 -1.30143051e-02 4.58990596e-04 -1.10758013e-03 -8.37838471e-05
2930             1.10168296e-01 -4.58843865e-02 -1.29232305e-02 1.09701537e-01 -4.47858606e-02 -1.28398360e-02 4.66759094e-04 -1.09852592e-03 -8.33944929e-05
2931             1.03995046e-01 -4.84587976e-02 -1.27244786e-02 1.03528610e-01 -4.73695332e-02 -1.26421686e-02 4.66436662e-04 -1.08926442e-03 -8.23099352e-05
2932             9.76170931e-02 -5.08548454e-02 -1.25265739e-02 9.71582833e-02 -4.97755885e-02 -1.24462761e-02 4.58809812e-04 -1.07925688e-03 -8.02977524e-05
2933             9.15001018e-02 -5.27322279e-02 -1.23478331e-02 9.10530525e-02 -5.16653959e-02 -1.22703793e-02 4.47049227e-04 -1.06683201e-03 -7.74537360e-05
2934             8.57451959e-02 -5.43976340e-02 -1.22220992e-02 8.53140020e-02 -5.33433123e-02 -1.21483101e-02 4.31193871e-04 -1.05432176e-03 -7.37890663e-05
2935             8.03163454e-02 -5.64948153e-02 -1.22194459e-02 7.99030617e-02 -5.54526519e-02 -1.21497321e-02 4.13283735e-04 -1.04216343e-03 -6.97137581e-05
2936             7.50989537e-02 -5.97349329e-02 -1.23916549e-02 7.47039959e-02 -5.87029393e-02 -1.23258578e-02 3.94957827e-04 -1.03199363e-03 -6.57971118e-05
2937             7.07061327e-02 -6.33825137e-02 -1.27422495e-02 7.03274626e-02 -6.23565125e-02 -1.26795254e-02 3.78670193e-04 -1.02600115e-03 -6.27241901e-05
2938             6.79163155e-02 -6.72780277e-02 -1.32694903e-02 6.75460402e-02 -6.62543937e-02 -1.32080204e-02 3.70275327e-04 -1.02363400e-03 -6.14698763e-05
2939             6.69979153e-02 -7.13978415e-02 -1.39551104e-02 6.66253027e-02 -7.03727946e-02 -1.38925425e-02 3.72612597e-04 -1.02504692e-03 -6.25678731e-05
2940             6.76398005e-02 -7.54402228e-02 -1.47433403e-02 6.72532192e-02 -7.44116253e-02 -1.46773845e-02 3.86581320e-04 -1.02859757e-03 -6.59557797e-05
2941             6.91151231e-02 -7.93013113e-02 -1.55514645e-02 6.87011075e-02 -7.82695500e-02 -1.54796068e-02 4.14015568e-04 -1.03176123e-03 -7.18577240e-05
2942             7.14562196e-02 -8.24196975e-02 -1.62916819e-02 7.10073282e-02 -8.13873364e-02 -1.62125204e-02 4.48891396e-04 -1.03236109e-03 -7.91615055e-05
2943             7.51999772e-02 -8.43893452e-02 -1.69182039e-02 7.47114433e-02 -8.33590630e-02 -1.68306449e-02 4.88533960e-04 -1.03028222e-03 -8.75589521e-05
2944             8.03831629e-02 -8.47122016e-02 -1.74136945e-02 7.98587885e-02 -8.36872719e-02 -1.73183299e-02 5.24374412e-04 -1.02492965e-03 -9.53646283e-05
2945             8.65817688e-02 -8.40335108e-02 -1.77742459e-02 8.60304683e-02 -8.30146934e-02 -1.76722313e-02 5.51300521e-04 -1.01881736e-03 -1.02014644e-04
2946             9.24808503e-02 -8.32833541e-02 -1.79443057e-02 9.19145233e-02 -8.22693032e-02 -1.78372006e-02 5.66326989e-04 -1.01405087e-03 -1.07105111e-04
2947             9.74113989e-02 -8.24963802e-02 -1.78914303e-02 9.68455914e-02 -8.14831825e-02 -1.77812976e-02 5.65807505e-04 -1.01319773e-03 -1.10132705e-04
2948             1.01559369e-01 -8.12125389e-02 -1.76283333e-02 1.01009560e-01 -8.01952189e-02 -1.75173367e-02 5.49809048e-04 -1.01731994e-03 -1.10996559e-04
2949             1.04837697e-01 -7.92124682e-02 -1.71786093e-02 1.04317244e-01 -7.81852581e-02 -1.70687966e-02 5.20453545e-04 -1.02721010e-03 -1.09812677e-04
2950             1.07139777e-01 -7.68874678e-02 -1.65718711e-02 1.06657688e-01 -7.58469137e-02 -1.64650635e-02 4.82089122e-04 -1.04055409e-03 -1.06807631e-04
2951             1.08232924e-01 -7.46621477e-02 -1.58335231e-02 1.07795324e-01 -7.36058991e-02 -1.57315441e-02 4.37600424e-04 -1.05624855e-03 -1.01978990e-04
2952             1.08253746e-01 -7.24528992e-02 -1.49991142e-02 1.07862383e-01 -7.13809100e-02 -1.49036166e-02 3.91362852e-04 -1.07198918e-03 -9.54976468e-05
2953             1.07586138e-01 -6.94980529e-02 -1.41349230e-02 1.07239562e-01 -6.84123642e-02 -1.40473125e-02 3.46575410e-04 -1.08568865e-03 -8.76105185e-05
2954             1.07144478e-01 -6.52712792e-02 -1.33373122e-02 1.06837778e-01 -6.41750309e-02 -1.32584772e-02 3.06699340e-04 -1.09624833e-03 -7.88349971e-05
2955             1.07152629e-01 -6.00921793e-02 -1.26604118e-02 1.06877859e-01 -5.89889920e-02 -1.25905028e-02 2.74770001e-04 -1.10318724e-03 -6.99089763e-05
2956             1.07315542e-01 -5.48924068e-02 -1.21317997e-02 1.07061170e-01 -5.37846593e-02 -1.20699250e-02 2.54372018e-04 -1.10774743e-03 -6.18747548e-05
2957             1.07115861e-01 -5.05024826e-02 -1.17977766e-02 1.06867672e-01 -4.93911462e-02 -1.17419801e-02 2.48189015e-04 -1.11133639e-03 -5.57964545e-05
2958             1.06296967e-01 -4.72125888e-02 -1.16577216e-02 1.06042957e-01 -4.60980765e-02 -1.16055580e-02 2.54009574e-04 -1.11451233e-03 -5.21636004e-05
2959             1.05271868e-01 -4.49008622e-02 -1.16936523e-02 1.04999874e-01 -4.37847622e-02 -1.16422982e-02 2.71993972e-04 -1.11609999e-03 -5.13541342e-05
2960             1.04369092e-01 -4.33358989e-02 -1.18571864e-02 1.04066803e-01 -4.22205888e-02 -1.18035900e-02 3.02288308e-04 -1.11531012e-03 -5.35964079e-05
2961             1.03223247e-01 -4.32308131e-02 -1.20680754e-02 1.02885601e-01 -4.21188058e-02 -1.20104166e-02 3.37646714e-04 -1.11200725e-03 -5.76587896e-05
2962             1.01461481e-01 -4.47147966e-02 -1.23547610e-02 1.01085159e-01 -4.36087026e-02 -1.22913827e-02 3.76321811e-04 -1.10609395e-03 -6.33782199e-05
2963             9.94053426e-02 -4.72195774e-02 -1.27132929e-02 9.89945258e-02 -4.61206755e-02 -1.26439221e-02 4.10816784e-04 -1.09890188e-03 -6.93707858e-05
2964             9.76859777e-02 -4.96469618e-02 -1.31004319e-02 9.72452257e-02 -4.85556285e-02 -1.30250835e-02 4.40751998e-04 -1.09133324e-03 -7.53483210e-05
2965             9.62277019e-02 -5.16142979e-02 -1.34587191e-02 9.57622094e-02 -5.05312806e-02 -1.33781063e-02 4.65492457e-04 -1.08301732e-03 -8.06128115e-05
2966             9.46432142e-02 -5.34780289e-02 -1.37658768e-02 9.41587102e-02 -5.24044427e-02 -1.36810404e-02 4.84503944e-04 -1.07358618e-03 -8.48363564e-05
2967             9.28227617e-02 -5.59904772e-02 -1.40168423e-02 9.23251141e-02 -5.49263395e-02 -1.39288817e-02 4.97647550e-04 -1.06413773e-03 -8.79606371e-05
2968             9.01829388e-02 -5.89718349e-02 -1.42033324e-02 8.96780249e-02 -5.79165014e-02 -1.41134528e-02 5.04913896e-04 -1.05533355e-03 -8.98795640e-05
2969             8.63340047e-02 -6.23661840e-02 -1.43421490e-02 8.58281374e-02 -6.13189232e-02 -1.42515093e-02 5.05867332e-04 -1.04726082e-03 -9.06397364e-05
2970             8.19618433e-02 -6.59340639e-02 -1.44353410e-02 8.14605420e-02 -6.48944067e-02 -1.43451397e-02 5.01301291e-04 -1.03965722e-03 -9.02013009e-05
2971             7.78890636e-02 -6.95287983e-02 -1.45159332e-02 7.73971415e-02 -6.84955646e-02 -1.44274071e-02 4.91922058e-04 -1.03323376e-03 -8.85261452e-05
2972             7.43134324e-02 -7.32696231e-02 -1.46303973e-02 7.38341605e-02 -7.22410663e-02 -1.45445007e-02 4.79271924e-04 -1.02855677e-03 -8.58965623e-05
2973             7.13174723e-02 -7.68293661e-02 -1.48240061e-02 7.08509662e-02 -7.58047762e-02 -1.47411817e-02 4.66506097e-04 -1.02458985e-03 -8.28244485e-05
2974             6.90340332e-02 -8.01498728e-02 -1.50964094e-02 6.85786675e-02 -7.91303470e-02 -1.50166864e-02 4.55365743e-04 -1.01952582e-03 -7.97229805e-05
2975             6.83184383e-02 -8.24502034e-02 -1.54401022e-02 6.78713402e-02 -8.14357532e-02 -1.53626974e-02 4.47098058e-04 -1.01445019e-03 -7.74047802e-05
2976             6.96412238e-02 -8.33803571e-02 -1.58250186e-02 6.91978019e-02 -8.23711062e-02 -1.57484048e-02 4.43421863e-04 -1.00925097e-03 -7.66138498e-05
2977             7.28800953e-02 -8.35042184e-02 -1.62282114e-02 7.24373076e-02 -8.24992468e-02 -1.61508122e-02 4.42787656e-04 -1.00497159e-03 -7.73992201e-05
2978             7.74739746e-02 -8.32105429e-02 -1.65990708e-02 7.70293951e-02 -8.22073595e-02 -1.65191083e-02 4.44579555e-04 -1.00318345e-03 -7.99625016e-05
2979             8.26529536e-02 -8.26407049e-02 -1.68777586e-02 8.22052157e-02 -8.16354084e-02 -1.67937470e-02 4.47737855e-04 -1.00529650e-03 -8.40116186e-05
2980             8.80205551e-02 -8.15780853e-02 -1.70084485e-02 8.75724567e-02 -8.05657845e-02 -1.69197118e-02 4.48098405e-04 -1.01230083e-03 -8.87367740e-05
2981             9.40573495e-02 -7.97872111e-02 -1.70374592e-02 9.36113574e-02 -7.87630812e-02 -1.69437955e-02 4.45992169e-04 -1.02412988e-03 -9.36636277e-05
2982             1.00537827e-01 -7.75113080e-02 -1.69526803e-02 1.00098529e-01 -7.64708471e-02 -1.68548667e-02 4.39297789e-04 -1.04046085e-03 -9.78135736e-05
2983             1.06912142e-01 -7.57420601e-02 -1.67411844e-02 1.06482964e-01 -7.46828541e-02 -1.66405420e-02 4.29178132e-04 -1.05920607e-03 -1.00642467e-04
2984             1.12356079e-01 -7.38154989e-02 -1.63910445e-02 1.11939875e-01 -7.27362146e-02 -1.62891968e-02 4.16204203e-04 -1.07928435e-03 -1.01847664e-04
2985             1.16434114e-01 -7.14087155e-02 -1.59030132e-02 1.16031051e-01 -7.03111087e-02 -1.58016465e-02 4.03063733e-04 -1.09760686e-03 -1.01366751e-04
2986             1.19209207e-01 -6.79362066e-02 -1.52804403e-02 1.18818293e-01 -6.68245840e-02 -1.51812744e-02 3.90914512e-04 -1.11162264e-03 -9.91659117e-05
2987             1.20733220e-01 -6.33632838e-02 -1.45121826e-02 1.20352718e-01 -6.22430920e-02 -1.44167344e-02 3.80502314e-04 -1.12019182e-03 -9.54482333e-05
2988             1.20875341e-01 -5.83755774e-02 -1.36541750e-02 1.20504459e-01 -5.72531950e-02 -1.35641226e-02 3.70882701e-04 -1.12238241e-03 -9.00524156e-05
2989             1.19093207e-01 -5.34409393e-02 -1.27587777e-02 1.18730802e-01 -5.23218650e-02 -1.26755133e-02 3.62405055e-04 -1.11907425e-03 -8.32643453e-05
2990             1.15014237e-01 -4.92080721e-02 -1.19071574e-02 1.14662031e-01 -4.80950479e-02 -1.18318953e-02 3.52205457e-04 -1.11302422e-03 -7.52621414e-05
2991             1.09377958e-01 -4.59149388e-02 -1.12023604e-02 1.09037072e-01 -4.48093137e-02 -1.11354034e-02 3.40886150e-04 -1.10562514e-03 -6.69569900e-05
2992             1.03607373e-01 -4.37932688e-02 -1.07258784e-02 1.03276578e-01 -4.26968335e-02 -1.06668057e-02 3.30795164e-04 -1.09643533e-03 -5.90727369e-05
2993             9.82933972e-02 -4.30231849e-02 -1.05029574e-02 9.79692345e-02 -4.19352834e-02 -1.04504960e-02 3.24162608e-04 -1.08790152e-03 -5.24613859e-05
2994             9.34739936e-02 -4.37585673e-02 -1.05462168e-02 9.31513959e-02 -4.26772465e-02 -1.04981628e-02 3.22597687e-04 -1.08132083e-03 -4.80539492e-05
2995             8.90348585e-02 -4.57167624e-02 -1.08510589e-02 8.87076839e-02 -4.46395104e-02 -1.08045943e-02 3.27174582e-04 -1.07725197e-03 -4.64645832e-05
2996             8.52984788e-02 -4.80587685e-02 -1.13668870e-02 8.49608473e-02 -4.69826280e-02 -1.13190995e-02 3.37631544e-04 -1.07614056e-03 -4.77874853e-05
2997             8.28986723e-02 -5.01453148e-02 -1.20215200e-02 8.25430636e-02 -4.90683828e-02 -1.19693908e-02 3.55608737e-04 -1.07693193e-03 -5.21292056e-05
2998             8.17900795e-02 -5.23177318e-02 -1.27213379e-02 8.14097114e-02 -5.12409726e-02 -1.26627024e-02 3.80368137e-04 -1.07675917e-03 -5.86355254e-05
2999             8.16752816e-02 -5.47741581e-02 -1.34208543e-02 8.12638121e-02 -5.36982120e-02 -1.33538986e-02 4.11469428e-04 -1.07594607e-03 -6.69557066e-05
3000             8.22928502e-02 -5.73844216e-02 -1.41148808e-02 8.18492375e-02 -5.63116939e-02 -1.40393462e-02 4.43612745e-04 -1.07272771e-03 -7.55345266e-05
