# Force and moment coefficients
# dragDir       : (0.00000000e+00 0.00000000e+00 -1.00000000e+00)
# sideDir       : (-0.00000000e+00 1.00000000e+00 0.00000000e+00)
# liftDir       : (1.00000000e+00 0.00000000e+00 0.00000000e+00)
# rollAxis      : (0.00000000e+00 0.00000000e+00 -1.00000000e+00)
# pitchAxis     : (-0.00000000e+00 1.00000000e+00 0.00000000e+00)
# yawAxis       : (1.00000000e+00 0.00000000e+00 0.00000000e+00)
# magUInf       : 1.01700000e+02
# lRef          : 5.78100000e-02
# Aref          : 2.62480000e-03
# CofR          : (0.00000000e+00 0.00000000e+00 3.99000000e-01)
#
# Time          	Cd              	Cl              	CmPitch         	CmRoll          	CmYaw           
1               	-1.54489814e-01	4.99167414e-03	1.97723715e-01	1.10664644e-01	4.62603731e-01
2               	-1.70863389e-01	4.52316126e-03	2.24793147e-01	9.49358839e-02	3.94767433e-01
3               	-2.09155555e-01	2.69407721e-03	2.92699246e-01	2.71013216e-02	1.05672858e-01
4               	-2.28357829e-01	1.40191106e-03	3.28962430e-01	-1.34519119e-02	-6.66334486e-02
5               	-2.17235821e-01	1.67467640e-03	3.10870374e-01	2.03706522e-03	-3.10478668e-04
6               	-1.96790970e-01	2.92411900e-03	2.73029777e-01	4.05827277e-02	1.63921939e-01
7               	-1.87368494e-01	3.72051215e-03	2.54171724e-01	5.88361138e-02	2.41618135e-01
8               	-1.93509017e-01	3.65603030e-03	2.63545855e-01	4.72397106e-02	1.92165432e-01
9               	-2.03635754e-01	3.20171566e-03	2.81230339e-01	2.64655340e-02	1.03727685e-01
10              	-2.07812216e-01	2.77416577e-03	2.90045124e-01	1.86543132e-02	7.05092911e-02
11              	-2.05096829e-01	2.76341008e-03	2.86180603e-01	2.68389385e-02	1.05331504e-01
12              	-2.00684825e-01	3.03961677e-03	2.78024981e-01	3.80854382e-02	1.53156008e-01
13              	-1.99239731e-01	3.24700733e-03	2.74601742e-01	4.11138524e-02	1.65998756e-01
14              	-2.00995754e-01	3.17719202e-03	2.77574073e-01	3.59836113e-02	1.44123344e-01
15              	-2.03134967e-01	2.95044632e-03	2.82095679e-01	3.01833534e-02	1.19426863e-01
16              	-2.03654263e-01	2.79212910e-03	2.83843515e-01	2.91213744e-02	1.14914460e-01
17              	-2.02787956e-01	2.77905478e-03	2.82672911e-01	3.21161811e-02	1.27653334e-01
18              	-2.01959068e-01	2.86617159e-03	2.80933514e-01	3.49960480e-02	1.39877965e-01
19              	-2.01998702e-01	2.94958753e-03	2.80478523e-01	3.51257968e-02	1.40392971e-01
20              	-2.02576688e-01	2.96497974e-03	2.81224760e-01	3.32914762e-02	1.32571891e-01
21              	-2.02944306e-01	2.93544827e-03	2.81941698e-01	3.18338716e-02	1.26385384e-01
22              	-2.02814357e-01	2.89568352e-03	2.81999187e-01	3.20033675e-02	1.27128347e-01
23              	-2.02466403e-01	2.87397256e-03	2.81630339e-01	3.31967648e-02	1.32207853e-01
24              	-2.02315318e-01	2.86977626e-03	2.81441803e-01	3.41077428e-02	1.36060726e-01
25              	-2.02475291e-01	2.86780890e-03	2.81690918e-01	3.41077383e-02	1.36031808e-01
26              	-2.02727582e-01	2.85822776e-03	2.82119530e-01	3.35915259e-02	1.33821109e-01
27              	-2.02816686e-01	2.83422387e-03	2.82398381e-01	3.32959778e-02	1.32567672e-01
28              	-2.02699766e-01	2.80662587e-03	2.82398776e-01	3.35353623e-02	1.33595949e-01
29              	-2.02529110e-01	2.78735880e-03	2.82269193e-01	3.40519834e-02	1.35795224e-01
30              	-2.02465716e-01	2.77860196e-03	2.82230152e-01	3.44241656e-02	1.37367509e-01
31              	-2.02529166e-01	2.78124072e-03	2.82303892e-01	3.44765762e-02	1.37576270e-01
32              	-2.02622163e-01	2.78681711e-03	2.82401249e-01	3.43517255e-02	1.37038544e-01
33              	-2.02647202e-01	2.78642043e-03	2.82436608e-01	3.42903903e-02	1.36780614e-01
34              	-2.02591938e-01	2.77355190e-03	2.82433061e-01	3.43854520e-02	1.37191189e-01
35              	-2.02511868e-01	2.75212306e-03	2.82446914e-01	3.45482829e-02	1.37887656e-01
36              	-2.02462747e-01	2.73577630e-03	2.82475930e-01	3.46398603e-02	1.38276393e-01
37              	-2.02454843e-01	2.72268492e-03	2.82547724e-01	3.46033975e-02	1.38116129e-01
38              	-2.02462236e-01	2.70715847e-03	2.82660838e-01	3.44900831e-02	1.37625927e-01
39              	-2.02458645e-01	2.68724022e-03	2.82787292e-01	3.43859045e-02	1.37175212e-01
40              	-2.02440316e-01	2.66608970e-03	2.82898031e-01	3.43366490e-02	1.36962654e-01
41              	-2.02425729e-01	2.65236259e-03	2.82964336e-01	3.43283118e-02	1.36930083e-01
42              	-2.02436694e-01	2.64557530e-03	2.83022818e-01	3.43236494e-02	1.36913429e-01
43              	-2.02479060e-01	2.63716078e-03	2.83136498e-01	3.42958039e-02	1.36793940e-01
44              	-2.02541728e-01	2.63965324e-03	2.83213514e-01	3.42439837e-02	1.36567938e-01
45              	-2.02602933e-01	2.66455633e-03	2.83151354e-01	3.41910533e-02	1.36335257e-01
46              	-2.02647065e-01	2.70038043e-03	2.82998178e-01	3.41695113e-02	1.36233388e-01
47              	-2.02670983e-01	2.73146448e-03	2.82844223e-01	3.41923091e-02	1.36319845e-01
48              	-2.02685827e-01	2.74560266e-03	2.82781114e-01	3.42477363e-02	1.36545471e-01
49              	-2.02702641e-01	2.74508472e-03	2.82810724e-01	3.43150298e-02	1.36820923e-01
50              	-2.02724222e-01	2.76190006e-03	2.82741590e-01	3.43720253e-02	1.37053183e-01
51              	-2.02741513e-01	2.80034437e-03	2.82533128e-01	3.44127666e-02	1.37220357e-01
52              	-2.02742281e-01	2.84000597e-03	2.82292327e-01	3.44469658e-02	1.37364630e-01
53              	-2.02723040e-01	2.86639879e-03	2.82102237e-01	3.44849284e-02	1.37529503e-01
54              	-2.02689455e-01	2.87509080e-03	2.81997154e-01	3.45332688e-02	1.37741861e-01
55              	-2.02654099e-01	2.87549353e-03	2.81939031e-01	3.45868553e-02	1.37976079e-01
56              	-2.02625867e-01	2.87093146e-03	2.81922773e-01	3.46391975e-02	1.38201182e-01
57              	-2.02605714e-01	2.86059703e-03	2.81955845e-01	3.46829369e-02	1.38385706e-01
58              	-2.02589161e-01	2.84966789e-03	2.81998992e-01	3.47136928e-02	1.38513903e-01
59              	-2.02569158e-01	2.83701071e-03	2.82047835e-01	3.47329305e-02	1.38594196e-01
60              	-2.02542430e-01	2.82495932e-03	2.82083053e-01	3.47457102e-02	1.38648365e-01
61              	-2.02510539e-01	2.81891082e-03	2.82074001e-01	3.47574581e-02	1.38699669e-01
62              	-2.02477434e-01	2.82687771e-03	2.81977777e-01	3.47708376e-02	1.38759930e-01
63              	-2.02448158e-01	2.85067848e-03	2.81790477e-01	3.47850879e-02	1.38824980e-01
64              	-2.02425066e-01	2.88133185e-03	2.81570207e-01	3.47953634e-02	1.38873257e-01
65              	-2.02407754e-01	2.91860577e-03	2.81318311e-01	3.47955733e-02	1.38878707e-01
66              	-2.02394551e-01	2.95082900e-03	2.81104276e-01	3.47876863e-02	1.38847916e-01
67              	-2.02382488e-01	2.95512990e-03	2.81064995e-01	3.47771935e-02	1.38801199e-01
68              	-2.02372698e-01	2.94043748e-03	2.81146197e-01	3.47620006e-02	1.38731054e-01
69              	-2.02368707e-01	2.91745446e-03	2.81283808e-01	3.47399839e-02	1.38632172e-01
70              	-2.02373183e-01	2.86038015e-03	2.81638705e-01	3.47137480e-02	1.38514174e-01
71              	-2.02388396e-01	2.76735726e-03	2.82226971e-01	3.46840394e-02	1.38378594e-01
72              	-2.02412706e-01	2.67003421e-03	2.82855523e-01	3.46614855e-02	1.38267896e-01
73              	-2.02440707e-01	2.62725774e-03	2.83157072e-01	3.46422803e-02	1.38170502e-01
74              	-2.02461679e-01	2.66773589e-03	2.82940572e-01	3.46210757e-02	1.38071117e-01
75              	-2.02471125e-01	2.75996591e-03	2.82391924e-01	3.45898765e-02	1.37938745e-01
76              	-2.02470839e-01	2.83758121e-03	2.81917981e-01	3.45530617e-02	1.37788086e-01
77              	-2.02464150e-01	2.87369625e-03	2.81686175e-01	3.45214269e-02	1.37661633e-01
78              	-2.02451605e-01	2.88457663e-03	2.81598051e-01	3.45076942e-02	1.37611769e-01
79              	-2.02433275e-01	2.88741396e-03	2.81549903e-01	3.45193597e-02	1.37668928e-01
80              	-2.02410765e-01	2.90994985e-03	2.81374594e-01	3.45536429e-02	1.37822294e-01
81              	-2.02387310e-01	2.93991160e-03	2.81151577e-01	3.46014026e-02	1.38032340e-01
82              	-2.02365255e-01	2.95378995e-03	2.81028402e-01	3.46515832e-02	1.38251549e-01
83              	-2.02343537e-01	2.94765109e-03	2.81028481e-01	3.47020940e-02	1.38470443e-01
84              	-2.02320175e-01	2.93925824e-03	2.81041403e-01	3.47531110e-02	1.38690649e-01
85              	-2.02294946e-01	2.94471186e-03	2.80968175e-01	3.48012363e-02	1.38899731e-01
86              	-2.02269824e-01	2.96201990e-03	2.80823286e-01	3.48441071e-02	1.39087545e-01
87              	-2.02246561e-01	2.97726946e-03	2.80693914e-01	3.48815535e-02	1.39251676e-01
88              	-2.02226156e-01	2.98339091e-03	2.80624773e-01	3.49158284e-02	1.39400400e-01
89              	-2.02209709e-01	2.97967047e-03	2.80622129e-01	3.49436509e-02	1.39519872e-01
90              	-2.02196972e-01	2.97809162e-03	2.80612216e-01	3.49589185e-02	1.39586070e-01
91              	-2.02187021e-01	2.99252468e-03	2.80508722e-01	3.49589351e-02	1.39588655e-01
92              	-2.02179560e-01	2.99309147e-03	2.80495467e-01	3.49498676e-02	1.39549953e-01
93              	-2.02175225e-01	2.96898943e-03	2.80639589e-01	3.49347228e-02	1.39481397e-01
94              	-2.02174415e-01	2.93573577e-03	2.80844813e-01	3.49165608e-02	1.39398079e-01
95              	-2.02176882e-01	2.88865433e-03	2.81137962e-01	3.48992060e-02	1.39317334e-01
96              	-2.02181111e-01	2.83363086e-03	2.81480620e-01	3.48828407e-02	1.39240789e-01
97              	-2.02185779e-01	2.79095011e-03	2.81748394e-01	3.48641654e-02	1.39153847e-01
98              	-2.02190599e-01	2.77853964e-03	2.81833115e-01	3.48446021e-02	1.39061249e-01
99              	-2.02195420e-01	2.80397081e-03	2.81688492e-01	3.48305495e-02	1.38991131e-01
100             	-2.02196361e-01	2.82632526e-03	2.81559435e-01	3.48253833e-02	1.38957966e-01
101             	-2.02189813e-01	2.83616407e-03	2.81496210e-01	3.48208160e-02	1.38930543e-01
102             	-2.02174591e-01	2.85880764e-03	2.81338695e-01	3.48199510e-02	1.38926018e-01
103             	-2.02153422e-01	2.89410927e-03	2.81091491e-01	3.48321846e-02	1.38982984e-01
104             	-2.02126860e-01	2.93395689e-03	2.80808150e-01	3.48683551e-02	1.39142517e-01
105             	-2.02096466e-01	2.94019753e-03	2.80726471e-01	3.49263193e-02	1.39389694e-01
106             	-2.02063689e-01	2.90823900e-03	2.80875773e-01	3.49990062e-02	1.39694423e-01
107             	-2.02029869e-01	2.87007225e-03	2.81060088e-01	3.50738814e-02	1.40009565e-01
108             	-2.01995876e-01	2.85105732e-03	2.81124923e-01	3.51431213e-02	1.40305915e-01
109             	-2.01961068e-01	2.84739254e-03	2.81094313e-01	3.52126412e-02	1.40605871e-01
110             	-2.01925621e-01	2.85465690e-03	2.80996694e-01	3.52853529e-02	1.40918788e-01
111             	-2.01891540e-01	2.86531124e-03	2.80880997e-01	3.53511392e-02	1.41201520e-01
112             	-2.01860188e-01	2.86902017e-03	2.80812031e-01	3.54047685e-02	1.41431893e-01
113             	-2.01832042e-01	2.86734367e-03	2.80780324e-01	3.54455972e-02	1.41607828e-01
114             	-2.01807202e-01	2.87753516e-03	2.80679662e-01	3.54732972e-02	1.41729329e-01
115             	-2.01786006e-01	2.90301089e-03	2.80490415e-01	3.54877780e-02	1.41795320e-01
116             	-2.01768573e-01	2.92856682e-03	2.80307224e-01	3.54911741e-02	1.41812356e-01
117             	-2.01757478e-01	2.94162836e-03	2.80210727e-01	3.54756420e-02	1.41746155e-01
118             	-2.01750424e-01	2.93893337e-03	2.80217441e-01	3.54542483e-02	1.41652586e-01
119             	-2.01744989e-01	2.93675755e-03	2.80221986e-01	3.54361087e-02	1.41573815e-01
120             	-2.01741813e-01	2.92952846e-03	2.80258646e-01	3.54234866e-02	1.41519140e-01
121             	-2.01741885e-01	2.91412981e-03	2.80348233e-01	3.54146663e-02	1.41479906e-01
122             	-2.01744759e-01	2.88225941e-03	2.80543585e-01	3.54087803e-02	1.41449128e-01
123             	-2.01746639e-01	2.85452842e-03	2.80714636e-01	3.54089108e-02	1.41439912e-01
124             	-2.01746519e-01	2.86041191e-03	2.80679230e-01	3.54188746e-02	1.41471625e-01
125             	-2.01742109e-01	2.88666298e-03	2.80513694e-01	3.54354661e-02	1.41533797e-01
126             	-2.01730657e-01	2.91182740e-03	2.80344871e-01	3.54495044e-02	1.41589089e-01
127             	-2.01712844e-01	2.93520936e-03	2.80176920e-01	3.54594927e-02	1.41631099e-01
128             	-2.01688884e-01	2.96595696e-03	2.79954412e-01	3.54741592e-02	1.41696251e-01
129             	-2.01657677e-01	2.98992394e-03	2.79762798e-01	3.55062121e-02	1.41835911e-01
130             	-2.01621059e-01	2.99282900e-03	2.79692803e-01	3.55560408e-02	1.42049473e-01
131             	-2.01581961e-01	2.97063570e-03	2.79773007e-01	3.56194811e-02	1.42317455e-01
132             	-2.01541801e-01	2.93452412e-03	2.79936239e-01	3.56917400e-02	1.42620508e-01
133             	-2.01502015e-01	2.90255309e-03	2.80073796e-01	3.57613688e-02	1.42913926e-01
134             	-2.01462160e-01	2.88249286e-03	2.80138087e-01	3.58288664e-02	1.43200462e-01
135             	-2.01421959e-01	2.87454557e-03	2.80128239e-01	3.58950232e-02	1.43482356e-01
136             	-2.01382528e-01	2.87515893e-03	2.80067666e-01	3.59556961e-02	1.43741648e-01
137             	-2.01345673e-01	2.87394302e-03	2.80022149e-01	3.60083366e-02	1.43966458e-01
138             	-2.01312436e-01	2.86841740e-03	2.80007794e-01	3.60543931e-02	1.44162446e-01
139             	-2.01283554e-01	2.87306609e-03	2.79936230e-01	3.60909050e-02	1.44318890e-01
140             	-2.01258771e-01	2.89042245e-03	2.79792020e-01	3.61144158e-02	1.44421546e-01
141             	-2.01237581e-01	2.90859859e-03	2.79648458e-01	3.61266322e-02	1.44475535e-01
142             	-2.01219760e-01	2.90899167e-03	2.79619957e-01	3.61315461e-02	1.44495385e-01
143             	-2.01205278e-01	2.90217839e-03	2.79640452e-01	3.61299425e-02	1.44486271e-01
144             	-2.01193106e-01	2.90286107e-03	2.79616161e-01	3.61225595e-02	1.44454627e-01
145             	-2.01183721e-01	2.90369881e-03	2.79592638e-01	3.61150965e-02	1.44423438e-01
146             	-2.01177696e-01	2.89023822e-03	2.79660508e-01	3.61137653e-02	1.44416215e-01
147             	-2.01174212e-01	2.85139498e-03	2.79888928e-01	3.61202483e-02	1.44437123e-01
148             	-2.01169733e-01	2.80957888e-03	2.80136390e-01	3.61304818e-02	1.44470450e-01
149             	-2.01163238e-01	2.80391988e-03	2.80161797e-01	3.61415075e-02	1.44507621e-01
150             	-2.01154803e-01	2.84757719e-03	2.79883616e-01	3.61540187e-02	1.44554478e-01
151             	-2.01142422e-01	2.90196289e-03	2.79534674e-01	3.61637284e-02	1.44592911e-01
152             	-2.01123017e-01	2.94176282e-03	2.79264666e-01	3.61692217e-02	1.44616520e-01
153             	-2.01096455e-01	2.97326995e-03	2.79034214e-01	3.61789125e-02	1.44661094e-01
154             	-2.01063002e-01	2.99666009e-03	2.78842903e-01	3.62077326e-02	1.44788214e-01
155             	-2.01024000e-01	3.01566824e-03	2.78670600e-01	3.62598014e-02	1.45013537e-01
156             	-2.00982532e-01	3.00665143e-03	2.78666784e-01	3.63277910e-02	1.45302882e-01
157             	-2.00939728e-01	2.97131822e-03	2.78821947e-01	3.64048434e-02	1.45627197e-01
158             	-2.00896524e-01	2.92260722e-03	2.79057967e-01	3.64801411e-02	1.45944107e-01
159             	-2.00853079e-01	2.88165784e-03	2.79245701e-01	3.65516608e-02	1.46247150e-01
160             	-2.00809418e-01	2.86088265e-03	2.79309493e-01	3.66231817e-02	1.46552014e-01
161             	-2.00766652e-01	2.86201568e-03	2.79240648e-01	3.66941378e-02	1.46855452e-01
162             	-2.00726460e-01	2.86962258e-03	2.79136127e-01	3.67592205e-02	1.47133984e-01
163             	-2.00689785e-01	2.86941257e-03	2.79084610e-01	3.68184795e-02	1.47386501e-01
164             	-2.00656863e-01	2.87512908e-03	2.79001242e-01	3.68687407e-02	1.47601478e-01
165             	-2.00627506e-01	2.90118089e-03	2.78797152e-01	3.69059770e-02	1.47763028e-01
166             	-2.00601015e-01	2.93556567e-03	2.78546011e-01	3.69314930e-02	1.47874456e-01
167             	-2.00577214e-01	2.95262170e-03	2.78405456e-01	3.69483875e-02	1.47946133e-01
168             	-2.00556494e-01	2.96080037e-03	2.78323195e-01	3.69566814e-02	1.47980099e-01
169             	-2.00538086e-01	2.97366377e-03	2.78213181e-01	3.69565673e-02	1.47980442e-01
170             	-2.00522538e-01	2.98468323e-03	2.78116300e-01	3.69529887e-02	1.47966963e-01
171             	-2.00511583e-01	2.97800904e-03	2.78133438e-01	3.69520024e-02	1.47961721e-01
172             	-2.00505224e-01	2.94386295e-03	2.78326976e-01	3.69565787e-02	1.47974365e-01
173             	-2.00500083e-01	2.89434560e-03	2.78618796e-01	3.69669018e-02	1.48006257e-01
174             	-2.00491445e-01	2.86634009e-03	2.78775135e-01	3.69786411e-02	1.48044380e-01
175             	-2.00478885e-01	2.88437136e-03	2.78644789e-01	3.69899728e-02	1.48085164e-01
176             	-2.00465436e-01	2.93839911e-03	2.78294412e-01	3.70031343e-02	1.48137283e-01
177             	-2.00450581e-01	2.99739817e-03	2.77913795e-01	3.70157866e-02	1.48188931e-01
178             	-2.00427241e-01	3.03633887e-03	2.77644853e-01	3.70337088e-02	1.48264567e-01
179             	-2.00394929e-01	3.05107642e-03	2.77509879e-01	3.70640896e-02	1.48395821e-01
180             	-2.00355883e-01	3.07652986e-03	2.77298129e-01	3.71124422e-02	1.48607559e-01
181             	-2.00312996e-01	3.09536194e-03	2.77121619e-01	3.71821505e-02	1.48909241e-01
182             	-2.00268224e-01	3.07774577e-03	2.77166884e-01	3.72706848e-02	1.49285129e-01
183             	-2.00222814e-01	3.02024802e-03	2.77456079e-01	3.73679096e-02	1.49692647e-01
184             	-2.00177076e-01	2.95044317e-03	2.77819531e-01	3.74573377e-02	1.50068045e-01
185             	-2.00131362e-01	2.89134252e-03	2.78116885e-01	3.75366510e-02	1.50403727e-01
186             	-2.00086487e-01	2.86070816e-03	2.78240816e-01	3.76111499e-02	1.50721570e-01
187             	-2.00043497e-01	2.85649605e-03	2.78205748e-01	3.76841074e-02	1.51033748e-01
188             	-2.00003039e-01	2.85928239e-03	2.78131743e-01	3.77535112e-02	1.51330202e-01
189             	-1.99965671e-01	2.86162067e-03	2.78064361e-01	3.78169287e-02	1.51600614e-01
190             	-1.99931258e-01	2.87592687e-03	2.77926499e-01	3.78707275e-02	1.51831326e-01
191             	-1.99899489e-01	2.91313207e-03	2.77650724e-01	3.79108349e-02	1.52005932e-01
192             	-1.99870486e-01	2.95516569e-03	2.77348791e-01	3.79399378e-02	1.52133158e-01
193             	-1.99844519e-01	2.99019783e-03	2.77093396e-01	3.79583737e-02	1.52213322e-01
194             	-1.99821802e-01	3.02244950e-03	2.76857931e-01	3.79656153e-02	1.52245951e-01
195             	-1.99800811e-01	3.05121860e-03	2.76643486e-01	3.79662109e-02	1.52251396e-01
196             	-1.99782246e-01	3.06159936e-03	2.76543166e-01	3.79668235e-02	1.52255110e-01
197             	-1.99767964e-01	3.04525956e-03	2.76612041e-01	3.79716658e-02	1.52272543e-01
198             	-1.99759032e-01	2.99304046e-03	2.76910475e-01	3.79825190e-02	1.52308088e-01
199             	-1.99749783e-01	2.93661434e-03	2.77236701e-01	3.79993277e-02	1.52364507e-01
200             	-1.99737158e-01	2.90798906e-03	2.77389656e-01	3.80164050e-02	1.52422980e-01
201             	-1.99721027e-01	2.91871165e-03	2.77297908e-01	3.80283371e-02	1.52464587e-01
202             	-1.99703500e-01	2.96805918e-03	2.76969891e-01	3.80376776e-02	1.52499886e-01
203             	-1.99686316e-01	3.05001230e-03	2.76445767e-01	3.80483176e-02	1.52543298e-01
204             	-1.99663222e-01	3.12792647e-03	2.75939367e-01	3.80661613e-02	1.52620011e-01
205             	-1.99627353e-01	3.15269098e-03	2.75739016e-01	3.81044315e-02	1.52785185e-01
206             	-1.99582380e-01	3.14292237e-03	2.75735845e-01	3.81679435e-02	1.53058497e-01
207             	-1.99535639e-01	3.12814920e-03	2.75761103e-01	3.82516884e-02	1.53416482e-01
208             	-1.99489824e-01	3.11028917e-03	2.75807990e-01	3.83505907e-02	1.53835017e-01
209             	-1.99444210e-01	3.06734396e-03	2.76009672e-01	3.84571117e-02	1.54281987e-01
210             	-1.99397441e-01	2.99699740e-03	2.76377289e-01	3.85560347e-02	1.54697569e-01
211             	-1.99349562e-01	2.91429792e-03	2.76818658e-01	3.86421283e-02	1.55061182e-01
212             	-1.99301877e-01	2.84853681e-03	2.77156419e-01	3.87230465e-02	1.55404496e-01
213             	-1.99256171e-01	2.81653526e-03	2.77289586e-01	3.88022513e-02	1.55741921e-01
214             	-1.99213230e-01	2.80874671e-03	2.77277815e-01	3.88789826e-02	1.56069666e-01
215             	-1.99173528e-01	2.82193877e-03	2.77140962e-01	3.89479753e-02	1.56366464e-01
216             	-1.99137081e-01	2.85347603e-03	2.76894766e-01	3.90039487e-02	1.56609769e-01
217             	-1.99103227e-01	2.89903714e-03	2.76565034e-01	3.90461355e-02	1.56795359e-01
218             	-1.99072213e-01	2.94264652e-03	2.76250658e-01	3.90781107e-02	1.56935798e-01
219             	-1.99044015e-01	2.99278729e-03	2.75898252e-01	3.91004379e-02	1.57034754e-01
220             	-1.99018957e-01	3.05747424e-03	2.75457159e-01	3.91099598e-02	1.57081975e-01
221             	-1.98996333e-01	3.11941636e-03	2.75032334e-01	3.91113033e-02	1.57095553e-01
222             	-1.98976224e-01	3.14664352e-03	2.74821812e-01	3.91140345e-02	1.57110941e-01
223             	-1.98960023e-01	3.12649685e-03	2.74908002e-01	3.91238597e-02	1.57148199e-01
224             	-1.98947876e-01	3.06496830e-03	2.75256150e-01	3.91399990e-02	1.57203095e-01
225             	-1.98933682e-01	3.01635513e-03	2.75524185e-01	3.91592077e-02	1.57268058e-01
226             	-1.98916297e-01	3.01460469e-03	2.75502518e-01	3.91724976e-02	1.57311054e-01
227             	-1.98895856e-01	3.05039830e-03	2.75248437e-01	3.91763417e-02	1.57319169e-01
228             	-1.98874203e-01	3.09715164e-03	2.74928308e-01	3.91740647e-02	1.57304564e-01
229             	-1.98850414e-01	3.15429088e-03	2.74544841e-01	3.91749466e-02	1.57305395e-01
230             	-1.98824711e-01	3.22111927e-03	2.74101817e-01	3.91944261e-02	1.57387149e-01
231             	-1.98791705e-01	3.27675465e-03	2.73717627e-01	3.92408408e-02	1.57585851e-01
232             	-1.98749255e-01	3.28108487e-03	2.73634295e-01	3.93102839e-02	1.57882424e-01
233             	-1.98701841e-01	3.24256346e-03	2.73806716e-01	3.93981525e-02	1.58254854e-01
234             	-1.98655989e-01	3.19035330e-03	2.74066167e-01	3.95004101e-02	1.58684946e-01
235             	-1.98610771e-01	3.13585533e-03	2.74341469e-01	3.96120318e-02	1.59152843e-01
236             	-1.98564841e-01	3.07148471e-03	2.74677344e-01	3.97221689e-02	1.59615203e-01
237             	-1.98518321e-01	2.99449150e-03	2.75090172e-01	3.98171120e-02	1.60015875e-01
238             	-1.98472192e-01	2.90959052e-03	2.75551518e-01	3.99018246e-02	1.60374263e-01
239             	-1.98426179e-01	2.83413997e-03	2.75953880e-01	3.99869019e-02	1.60733946e-01
240             	-1.98381387e-01	2.78046190e-03	2.76223274e-01	4.00696211e-02	1.61085001e-01
241             	-1.98339372e-01	2.76711573e-03	2.76247814e-01	4.01428619e-02	1.61399786e-01
242             	-1.98299892e-01	2.80203755e-03	2.75978413e-01	4.02050149e-02	1.61671606e-01
243             	-1.98263051e-01	2.85795194e-03	2.75582946e-01	4.02564577e-02	1.61898436e-01
244             	-1.98229463e-01	2.90546585e-03	2.75242251e-01	4.02965539e-02	1.62074518e-01
245             	-1.98198618e-01	2.96106959e-03	2.74852202e-01	4.03266803e-02	1.62208328e-01
246             	-1.98169310e-01	3.04404196e-03	2.74290422e-01	4.03449592e-02	1.62296808e-01
247             	-1.98141539e-01	3.13237366e-03	2.73693049e-01	4.03582026e-02	1.62365550e-01
248             	-1.98116997e-01	3.19482029e-03	2.73255526e-01	4.03720523e-02	1.62433537e-01
249             	-1.98097554e-01	3.20228379e-03	2.73162477e-01	4.03915287e-02	1.62515393e-01
250             	-1.98080400e-01	3.16065334e-03	2.73375931e-01	4.04170122e-02	1.62611277e-01
251             	-1.98058774e-01	3.12053164e-03	2.73575901e-01	4.04468227e-02	1.62720091e-01
252             	-1.98031945e-01	3.13026607e-03	2.73465234e-01	4.04673676e-02	1.62792919e-01
253             	-1.98002351e-01	3.17655436e-03	2.73128755e-01	4.04687417e-02	1.62790408e-01
254             	-1.97972977e-01	3.22655031e-03	2.72773594e-01	4.04565897e-02	1.62732890e-01
255             	-1.97942053e-01	3.26961351e-03	2.72462374e-01	4.04480040e-02	1.62690779e-01
256             	-1.97909210e-01	3.30489834e-03	2.72198310e-01	4.04560848e-02	1.62721572e-01
257             	-1.97870352e-01	3.34868486e-03	2.71874923e-01	4.04923548e-02	1.62876756e-01
258             	-1.97829565e-01	3.39629939e-03	2.71527826e-01	4.05570408e-02	1.63153960e-01
259             	-1.97789987e-01	3.42138364e-03	2.71323794e-01	4.06402406e-02	1.63505696e-01
260             	-1.97749491e-01	3.37502810e-03	2.71558760e-01	4.07349718e-02	1.63899016e-01
261             	-1.97704865e-01	3.26061865e-03	2.72205776e-01	4.08369285e-02	1.64319815e-01
262             	-1.97658969e-01	3.13324180e-03	2.72931317e-01	4.09409767e-02	1.64751278e-01
263             	-1.97615542e-01	3.03761071e-03	2.73466600e-01	4.10358817e-02	1.65149103e-01
264             	-1.97574145e-01	2.97017787e-03	2.73832866e-01	4.11207148e-02	1.65507758e-01
265             	-1.97533016e-01	2.90637806e-03	2.74177483e-01	4.12055256e-02	1.65866248e-01
266             	-1.97491859e-01	2.83429666e-03	2.74571276e-01	4.12905141e-02	1.66225634e-01
267             	-1.97452265e-01	2.77000239e-03	2.74917044e-01	4.13675040e-02	1.66553466e-01
268             	-1.97414212e-01	2.74666420e-03	2.75011387e-01	4.14327631e-02	1.66835515e-01
269             	-1.97377807e-01	2.76312026e-03	2.74862406e-01	4.14897696e-02	1.67084686e-01
270             	-1.97343952e-01	2.80417231e-03	2.74564071e-01	4.15360170e-02	1.67289211e-01
271             	-1.97312715e-01	2.86465611e-03	2.74146474e-01	4.15758983e-02	1.67467863e-01
272             	-1.97283280e-01	2.94951350e-03	2.73574955e-01	4.16083496e-02	1.67619743e-01
273             	-1.97255750e-01	3.02845614e-03	2.73036041e-01	4.16384358e-02	1.67762345e-01
274             	-1.97230619e-01	3.08613698e-03	2.72625107e-01	4.16727606e-02	1.67919841e-01
275             	-1.97208145e-01	3.10339392e-03	2.72463728e-01	4.17171128e-02	1.68110429e-01
276             	-1.97184698e-01	3.09570980e-03	2.72454932e-01	4.17694488e-02	1.68323498e-01
277             	-1.97154931e-01	3.11462325e-03	2.72275953e-01	4.18224510e-02	1.68535586e-01
278             	-1.97118342e-01	3.18871761e-03	2.71750380e-01	4.18630264e-02	1.68699084e-01
279             	-1.97077069e-01	3.28855046e-03	2.71062438e-01	4.18831756e-02	1.68780349e-01
280             	-1.97033091e-01	3.35768469e-03	2.70562019e-01	4.18927730e-02	1.68815374e-01
281             	-1.96986214e-01	3.40293482e-03	2.70206889e-01	4.19005283e-02	1.68841230e-01
282             	-1.96936541e-01	3.43129402e-03	2.69953230e-01	4.19139733e-02	1.68893243e-01
283             	-1.96882428e-01	3.46737157e-03	2.69647636e-01	4.19396838e-02	1.69002450e-01
284             	-1.96826635e-01	3.48165878e-03	2.69475704e-01	4.19836178e-02	1.69189725e-01
285             	-1.96772493e-01	3.46248735e-03	2.69514153e-01	4.20407326e-02	1.69429201e-01
286             	-1.96721444e-01	3.39927878e-03	2.69830300e-01	4.21099767e-02	1.69713127e-01
287             	-1.96672513e-01	3.31680757e-03	2.70270780e-01	4.21872505e-02	1.70027952e-01
288             	-1.96625563e-01	3.23460210e-03	2.70716186e-01	4.22651147e-02	1.70346403e-01
289             	-1.96581452e-01	3.16181079e-03	2.71111682e-01	4.23413335e-02	1.70660325e-01
290             	-1.96543151e-01	3.08411798e-03	2.71547960e-01	4.24121724e-02	1.70951765e-01
291             	-1.96510589e-01	2.98442502e-03	2.72128403e-01	4.24837240e-02	1.71243675e-01
292             	-1.96480951e-01	2.86267853e-03	2.72847821e-01	4.25552856e-02	1.71535057e-01
293             	-1.96450050e-01	2.75101780e-03	2.73502667e-01	4.26228630e-02	1.71813322e-01
294             	-1.96418617e-01	2.67436076e-03	2.73940853e-01	4.26774133e-02	1.72042753e-01
295             	-1.96390289e-01	2.62362952e-03	2.74224449e-01	4.27257075e-02	1.72247809e-01
296             	-1.96367136e-01	2.61106188e-03	2.74278973e-01	4.27658945e-02	1.72421920e-01
297             	-1.96345421e-01	2.64758725e-03	2.74028797e-01	4.28087850e-02	1.72613445e-01
298             	-1.96325147e-01	2.69742067e-03	2.73692528e-01	4.28537514e-02	1.72818098e-01
299             	-1.96307511e-01	2.72588089e-03	2.73484451e-01	4.29102192e-02	1.73070533e-01
300             	-1.96293896e-01	2.72648375e-03	2.73448169e-01	4.29850193e-02	1.73394178e-01
301             	-1.96280761e-01	2.72593134e-03	2.73419061e-01	4.30699449e-02	1.73751701e-01
302             	-1.96261402e-01	2.73597251e-03	2.73319542e-01	4.31638307e-02	1.74139866e-01
303             	-1.96234302e-01	2.79512294e-03	2.72908825e-01	4.32450992e-02	1.74476651e-01
304             	-1.96201346e-01	2.90855600e-03	2.72154579e-01	4.32929040e-02	1.74679957e-01
305             	-1.96164304e-01	3.03987221e-03	2.71282131e-01	4.33116835e-02	1.74766009e-01
306             	-1.96119305e-01	3.17519323e-03	2.70372593e-01	4.33265537e-02	1.74838719e-01
307             	-1.96065236e-01	3.32128506e-03	2.69385756e-01	4.33553326e-02	1.74973000e-01
308             	-1.96001419e-01	3.45515757e-03	2.68462108e-01	4.34148655e-02	1.75237001e-01
309             	-1.95930348e-01	3.54963053e-03	2.67771657e-01	4.35025523e-02	1.75616312e-01
310             	-1.95858810e-01	3.59034108e-03	2.67411349e-01	4.36016748e-02	1.76037847e-01
311             	-1.95788856e-01	3.59283325e-03	2.67288141e-01	4.37027298e-02	1.76462607e-01
312             	-1.95720598e-01	3.57036292e-03	2.67321679e-01	4.38011608e-02	1.76873051e-01
313             	-1.95652367e-01	3.53385454e-03	2.67443403e-01	4.38976960e-02	1.77274419e-01
314             	-1.95584826e-01	3.49318690e-03	2.67594260e-01	4.39804467e-02	1.77619702e-01
315             	-1.95520758e-01	3.44344281e-03	2.67807917e-01	4.40440616e-02	1.77885058e-01
316             	-1.95460868e-01	3.35597264e-03	2.68260411e-01	4.41009276e-02	1.78117356e-01
317             	-1.95406702e-01	3.23800610e-03	2.68908946e-01	4.41508002e-02	1.78316492e-01
318             	-1.95359298e-01	3.12649029e-03	2.69527945e-01	4.41865396e-02	1.78457753e-01
319             	-1.95316740e-01	3.05523920e-03	2.69907569e-01	4.42082912e-02	1.78544425e-01
320             	-1.95277987e-01	2.99685235e-03	2.70215189e-01	4.42215732e-02	1.78595988e-01
321             	-1.95245321e-01	2.93785529e-03	2.70534623e-01	4.42212308e-02	1.78589975e-01
322             	-1.95220524e-01	2.88248477e-03	2.70839816e-01	4.42110235e-02	1.78543601e-01
323             	-1.95200647e-01	2.85108718e-03	2.70999361e-01	4.42033210e-02	1.78512994e-01
324             	-1.95184838e-01	2.80121248e-03	2.71274352e-01	4.42115700e-02	1.78549871e-01
325             	-1.95174225e-01	2.74290142e-03	2.71605927e-01	4.42404307e-02	1.78672304e-01
326             	-1.95168335e-01	2.68763150e-03	2.71928268e-01	4.42864550e-02	1.78859678e-01
327             	-1.95162711e-01	2.65608306e-03	2.72109262e-01	4.43388989e-02	1.79068427e-01
328             	-1.95152652e-01	2.67530901e-03	2.71975888e-01	4.43918309e-02	1.79281054e-01
329             	-1.95140715e-01	2.75112735e-03	2.71494753e-01	4.44492155e-02	1.79518988e-01
330             	-1.95131478e-01	2.87904020e-03	2.70699601e-01	4.45046646e-02	1.79754325e-01
331             	-1.95114096e-01	3.03134260e-03	2.69744969e-01	4.45698802e-02	1.80033962e-01
332             	-1.95078212e-01	3.16270191e-03	2.68892989e-01	4.46504497e-02	1.80382033e-01
333             	-1.95025127e-01	3.28065092e-03	2.68097291e-01	4.47531127e-02	1.80830774e-01
334             	-1.94964139e-01	3.38140103e-03	2.67394366e-01	4.48826203e-02	1.81396100e-01
335             	-1.94901494e-01	3.43941993e-03	2.66950692e-01	4.50361278e-02	1.82058630e-01
336             	-1.94838288e-01	3.41262451e-03	2.67026913e-01	4.52033158e-02	1.82769955e-01
337             	-1.94772827e-01	3.32935109e-03	2.67446622e-01	4.53640912e-02	1.83451382e-01
338             	-1.94704271e-01	3.23443594e-03	2.67933939e-01	4.55094080e-02	1.84069836e-01
339             	-1.94635086e-01	3.16493668e-03	2.68264582e-01	4.56256887e-02	1.84571256e-01
340             	-1.94569357e-01	3.12131824e-03	2.68441311e-01	4.57209919e-02	1.84984613e-01
341             	-1.94507553e-01	3.07878797e-03	2.68617232e-01	4.58107986e-02	1.85369768e-01
342             	-1.94449170e-01	3.03910396e-03	2.68779494e-01	4.58913565e-02	1.85713416e-01
343             	-1.94395962e-01	3.03538501e-03	2.68727301e-01	4.59513844e-02	1.85973569e-01
344             	-1.94347887e-01	3.09334050e-03	2.68303599e-01	4.59917606e-02	1.86155163e-01
345             	-1.94304889e-01	3.17558863e-03	2.67738230e-01	4.60202010e-02	1.86285442e-01
346             	-1.94269851e-01	3.26284435e-03	2.67151517e-01	4.60324274e-02	1.86343903e-01
347             	-1.94244072e-01	3.35528435e-03	2.66540538e-01	4.60230252e-02	1.86310617e-01
348             	-1.94223145e-01	3.46035098e-03	2.65850151e-01	4.60013072e-02	1.86229661e-01
349             	-1.94205387e-01	3.53609716e-03	2.65337155e-01	4.59799692e-02	1.86149936e-01
350             	-1.94191280e-01	3.56312621e-03	2.65123621e-01	4.59700057e-02	1.86112917e-01
351             	-1.94180472e-01	3.52292318e-03	2.65328462e-01	4.59718602e-02	1.86112839e-01
352             	-1.94167335e-01	3.46589429e-03	2.65635877e-01	4.59817602e-02	1.86135579e-01
353             	-1.94149884e-01	3.44628362e-03	2.65711217e-01	4.59921434e-02	1.86157603e-01
354             	-1.94128091e-01	3.48584955e-03	2.65420304e-01	4.59953078e-02	1.86154946e-01
355             	-1.94104740e-01	3.57437927e-03	2.64830446e-01	4.59833947e-02	1.86097657e-01
356             	-1.94079477e-01	3.67799067e-03	2.64149429e-01	4.59678840e-02	1.86031732e-01
357             	-1.94047951e-01	3.79453926e-03	2.63383827e-01	4.59638757e-02	1.86020977e-01
358             	-1.94007268e-01	3.89494823e-03	2.62706605e-01	4.59930305e-02	1.86157744e-01
359             	-1.93959586e-01	3.99019701e-03	2.62055537e-01	4.60733591e-02	1.86516526e-01
360             	-1.93913184e-01	4.05143493e-03	2.61619990e-01	4.62001857e-02	1.87066975e-01
361             	-1.93866079e-01	4.01259352e-03	2.61800217e-01	4.63566741e-02	1.87730221e-01
362             	-1.93813384e-01	3.86981074e-03	2.62611423e-01	4.65256167e-02	1.88437200e-01
363             	-1.93757613e-01	3.69676339e-03	2.63605537e-01	4.66914842e-02	1.89131154e-01
364             	-1.93702610e-01	3.55155300e-03	2.64433011e-01	4.68448409e-02	1.89776726e-01
365             	-1.93650718e-01	3.43721017e-03	2.65078886e-01	4.69875587e-02	1.90380305e-01
366             	-1.93602845e-01	3.33231535e-03	2.65673987e-01	4.71132281e-02	1.90912678e-01
367             	-1.93557651e-01	3.19808471e-03	2.66452174e-01	4.72234793e-02	1.91377763e-01
368             	-1.93514794e-01	3.06726377e-03	2.67209556e-01	4.73186530e-02	1.91780692e-01
369             	-1.93473166e-01	3.01169479e-03	2.67502541e-01	4.73963976e-02	1.92118104e-01
370             	-1.93434710e-01	3.03345788e-03	2.67322696e-01	4.74553020e-02	1.92381746e-01
371             	-1.93401930e-01	3.07104709e-03	2.67053248e-01	4.75009624e-02	1.92585872e-01
372             	-1.93376263e-01	3.12197315e-03	2.66708099e-01	4.75325379e-02	1.92727703e-01
373             	-1.93356548e-01	3.19890284e-03	2.66201780e-01	4.75422736e-02	1.92781821e-01
374             	-1.93339685e-01	3.29960469e-03	2.65541598e-01	4.75419012e-02	1.92799833e-01
375             	-1.93326400e-01	3.38708455e-03	2.64956817e-01	4.75454691e-02	1.92835114e-01
376             	-1.93316829e-01	3.43379738e-03	2.64622167e-01	4.75646616e-02	1.92926415e-01
377             	-1.93306242e-01	3.43918032e-03	2.64540602e-01	4.75958581e-02	1.93050801e-01
378             	-1.93287227e-01	3.47722647e-03	2.64249568e-01	4.76265653e-02	1.93163342e-01
379             	-1.93259564e-01	3.59504353e-03	2.63459283e-01	4.76398974e-02	1.93204617e-01
380             	-1.93224533e-01	3.76988571e-03	2.62310200e-01	4.76263645e-02	1.93140227e-01
381             	-1.93184154e-01	3.92205201e-03	2.61294675e-01	4.75949689e-02	1.93003228e-01
382             	-1.93136823e-01	4.02465447e-03	2.60576279e-01	4.75626328e-02	1.92861528e-01
383             	-1.93083868e-01	4.10024317e-03	2.60019188e-01	4.75306325e-02	1.92724215e-01
384             	-1.93021253e-01	4.16503188e-03	2.59516975e-01	4.75212161e-02	1.92688506e-01
385             	-1.92956661e-01	4.21398298e-03	2.59111662e-01	4.75393163e-02	1.92772795e-01
386             	-1.92895688e-01	4.22810373e-03	2.58929147e-01	4.75799545e-02	1.92949150e-01
387             	-1.92842935e-01	4.17865680e-03	2.59153053e-01	4.76355459e-02	1.93179508e-01
388             	-1.92795997e-01	4.07579868e-03	2.59717946e-01	4.76957692e-02	1.93423207e-01
389             	-1.92752023e-01	3.94624750e-03	2.60457174e-01	4.77572170e-02	1.93670913e-01
390             	-1.92711426e-01	3.82501178e-03	2.61156992e-01	4.78219420e-02	1.93935120e-01
391             	-1.92678502e-01	3.70614948e-03	2.61859114e-01	4.78892873e-02	1.94210550e-01
392             	-1.92658398e-01	3.56582381e-03	2.62715200e-01	4.79551547e-02	1.94476768e-01
393             	-1.92650772e-01	3.39994377e-03	2.63748253e-01	4.80169111e-02	1.94723485e-01
394             	-1.92645501e-01	3.22788091e-03	2.64823160e-01	4.80760639e-02	1.94960798e-01
395             	-1.92635292e-01	3.07445144e-03	2.65775496e-01	4.81273625e-02	1.95170828e-01
396             	-1.92625385e-01	2.93537024e-03	2.66639273e-01	4.81707270e-02	1.95350942e-01
397             	-1.92624031e-01	2.84937519e-03	2.67186219e-01	4.81894587e-02	1.95433069e-01
398             	-1.92629194e-01	2.85441320e-03	2.67177096e-01	4.81964490e-02	1.95475245e-01
399             	-1.92638203e-01	2.89204962e-03	2.66965440e-01	4.82019011e-02	1.95517011e-01
400             	-1.92649602e-01	2.89264064e-03	2.66975506e-01	4.82249938e-02	1.95632884e-01
401             	-1.92663004e-01	2.88478667e-03	2.67029922e-01	4.82656217e-02	1.95821923e-01
402             	-1.92675009e-01	2.89090324e-03	2.66992830e-01	4.83207038e-02	1.96061866e-01
403             	-1.92684296e-01	2.94560276e-03	2.66654590e-01	4.83715107e-02	1.96275204e-01
404             	-1.92686870e-01	3.07469533e-03	2.65853823e-01	4.84081381e-02	1.96426569e-01
405             	-1.92681930e-01	3.26950295e-03	2.64640996e-01	4.84203819e-02	1.96480320e-01
406             	-1.92667972e-01	3.48147546e-03	2.63307419e-01	4.84089852e-02	1.96441381e-01
407             	-1.92638421e-01	3.69298976e-03	2.61948670e-01	4.83871934e-02	1.96367855e-01
408             	-1.92595803e-01	3.90548357e-03	2.60563360e-01	4.83716753e-02	1.96327553e-01
409             	-1.92540082e-01	4.11945601e-03	2.59150743e-01	4.83885093e-02	1.96425687e-01
410             	-1.92475877e-01	4.30051325e-03	2.57930148e-01	4.84445369e-02	1.96684555e-01
411             	-1.92408631e-01	4.41481648e-03	2.57117202e-01	4.85318585e-02	1.97066527e-01
412             	-1.92342629e-01	4.46111016e-03	2.56725674e-01	4.86327312e-02	1.97496985e-01
413             	-1.92279462e-01	4.45948360e-03	2.56633853e-01	4.87299830e-02	1.97907794e-01
414             	-1.92219620e-01	4.43176387e-03	2.56708229e-01	4.88134311e-02	1.98259183e-01
415             	-1.92163102e-01	4.40217905e-03	2.56801007e-01	4.88772474e-02	1.98528248e-01
416             	-1.92111672e-01	4.37152552e-03	2.56910356e-01	4.89041805e-02	1.98644082e-01
417             	-1.92066586e-01	4.29091270e-03	2.57339129e-01	4.89124952e-02	1.98675875e-01
418             	-1.92029447e-01	4.14297235e-03	2.58194930e-01	4.89190653e-02	1.98692802e-01
419             	-1.92003006e-01	3.97512382e-03	2.59189634e-01	4.89113925e-02	1.98648676e-01
420             	-1.91987336e-01	3.86634593e-03	2.59838022e-01	4.88723885e-02	1.98478890e-01
421             	-1.91980106e-01	3.80791031e-03	2.60191630e-01	4.88093983e-02	1.98210980e-01
422             	-1.91982010e-01	3.73267582e-03	2.60664194e-01	4.87319134e-02	1.97877373e-01
423             	-1.91994493e-01	3.63848806e-03	2.61267742e-01	4.86455117e-02	1.97502457e-01
424             	-1.92014228e-01	3.56479999e-03	2.61747758e-01	4.85514903e-02	1.97101383e-01
425             	-1.92038728e-01	3.48242154e-03	2.62280011e-01	4.84694533e-02	1.96755261e-01
426             	-1.92069708e-01	3.41489445e-03	2.62725544e-01	4.84087058e-02	1.96502504e-01
427             	-1.92105280e-01	3.40378750e-03	2.62833372e-01	4.83667871e-02	1.96325219e-01
428             	-1.92139647e-01	3.39856170e-03	2.62911486e-01	4.83467906e-02	1.96228287e-01
429             	-1.92170853e-01	3.42237836e-03	2.62814891e-01	4.83393896e-02	1.96181328e-01
430             	-1.92203448e-01	3.50163475e-03	2.62383282e-01	4.83435264e-02	1.96188264e-01
431             	-1.92240438e-01	3.64053571e-03	2.61592486e-01	4.83555346e-02	1.96236196e-01
432             	-1.92265239e-01	3.78683943e-03	2.60738359e-01	4.83738474e-02	1.96317177e-01
433             	-1.92260038e-01	3.89747747e-03	2.60060498e-01	4.84082240e-02	1.96472999e-01
434             	-1.92233871e-01	4.00268572e-03	2.59387020e-01	4.84699095e-02	1.96752214e-01
435             	-1.92202572e-01	4.13099926e-03	2.58564906e-01	4.85708139e-02	1.97201788e-01
436             	-1.92171508e-01	4.23940327e-03	2.57864611e-01	4.87076454e-02	1.97800773e-01
437             	-1.92137249e-01	4.24774450e-03	2.57773182e-01	4.88712683e-02	1.98504726e-01
438             	-1.92098300e-01	4.15829565e-03	2.58274263e-01	4.90295258e-02	1.99181984e-01
439             	-1.92057583e-01	4.01389387e-03	2.59106950e-01	4.91651343e-02	1.99763899e-01
440             	-1.92017334e-01	3.88354046e-03	2.59853235e-01	4.92667033e-02	2.00206264e-01
441             	-1.91979918e-01	3.79789223e-03	2.60331201e-01	4.93378759e-02	2.00523981e-01
442             	-1.91944030e-01	3.74058989e-03	2.60639768e-01	4.94013085e-02	2.00808172e-01
443             	-1.91911452e-01	3.69034142e-03	2.60910319e-01	4.94666066e-02	2.01095567e-01
444             	-1.91886212e-01	3.68467705e-03	2.60914714e-01	4.95122719e-02	2.01302425e-01
445             	-1.91868761e-01	3.75764383e-03	2.60443302e-01	4.95238874e-02	2.01371910e-01
446             	-1.91858290e-01	3.89793170e-03	2.59566912e-01	4.95146102e-02	2.01354756e-01
447             	-1.91853790e-01	4.01782484e-03	2.58825052e-01	4.94958368e-02	2.01288622e-01
448             	-1.91856492e-01	4.13348428e-03	2.58114973e-01	4.94601041e-02	2.01147702e-01
449             	-1.91867201e-01	4.29232731e-03	2.57139852e-01	4.94002756e-02	2.00912763e-01
450             	-1.91883786e-01	4.46868448e-03	2.56052960e-01	4.93273002e-02	2.00630197e-01
451             	-1.91908664e-01	4.59026748e-03	2.55304184e-01	4.92551303e-02	2.00347458e-01
452             	-1.91940610e-01	4.62298912e-03	2.55107159e-01	4.91932808e-02	2.00093221e-01
453             	-1.91971215e-01	4.60001435e-03	2.55254764e-01	4.91358241e-02	1.99836486e-01
454             	-1.91995636e-01	4.59362243e-03	2.55297806e-01	4.90848612e-02	1.99592126e-01
455             	-1.92016369e-01	4.67386229e-03	2.54810611e-01	4.90172716e-02	1.99279046e-01
456             	-1.92037382e-01	4.80973784e-03	2.53986792e-01	4.89273891e-02	1.98881238e-01
457             	-1.92059079e-01	4.96707402e-03	2.53037750e-01	4.88279436e-02	1.98453915e-01
458             	-1.92075574e-01	5.13494261e-03	2.52024206e-01	4.87345599e-02	1.98059585e-01
459             	-1.92087378e-01	5.25765243e-03	2.51285840e-01	4.86520368e-02	1.97719425e-01
460             	-1.92093029e-01	5.40726407e-03	2.50380025e-01	4.86096018e-02	1.97560589e-01
461             	-1.92096373e-01	5.55677494e-03	2.49477468e-01	4.86310309e-02	1.97676149e-01
462             	-1.92090298e-01	5.56486898e-03	2.49431645e-01	4.87066472e-02	1.98012155e-01
463             	-1.92071992e-01	5.39526864e-03	2.50460827e-01	4.88134555e-02	1.98468002e-01
464             	-1.92048492e-01	5.14549594e-03	2.51976188e-01	4.89348875e-02	1.98977215e-01
465             	-1.92026930e-01	4.93381430e-03	2.53263245e-01	4.90463611e-02	1.99448674e-01
466             	-1.92007978e-01	4.77008053e-03	2.54265007e-01	4.91405974e-02	1.99851422e-01
467             	-1.91987384e-01	4.58339257e-03	2.55409588e-01	4.92278248e-02	2.00222228e-01
468             	-1.91964041e-01	4.35877019e-03	2.56782654e-01	4.93132645e-02	2.00581618e-01
469             	-1.91941266e-01	4.11308579e-03	2.58283195e-01	4.93869309e-02	2.00888404e-01
470             	-1.91921330e-01	3.94238931e-03	2.59324399e-01	4.94499407e-02	2.01154920e-01
471             	-1.91906214e-01	3.91781045e-03	2.59471453e-01	4.94949152e-02	2.01356807e-01
472             	-1.91896990e-01	4.01189441e-03	2.58894913e-01	4.95289474e-02	2.01518779e-01
473             	-1.91895946e-01	4.10024030e-03	2.58362131e-01	4.95499872e-02	2.01619401e-01
474             	-1.91900781e-01	4.15796479e-03	2.58018618e-01	4.95612104e-02	2.01673911e-01
475             	-1.91910010e-01	4.23701578e-03	2.57535993e-01	4.95499137e-02	2.01642464e-01
476             	-1.91922627e-01	4.33501814e-03	2.56925590e-01	4.95337256e-02	2.01599366e-01
477             	-1.91942093e-01	4.43191436e-03	2.56316805e-01	4.95170752e-02	2.01555398e-01
478             	-1.91966745e-01	4.51305216e-03	2.55806131e-01	4.95033558e-02	2.01510458e-01
479             	-1.91991199e-01	4.58089930e-03	2.55379444e-01	4.94888712e-02	2.01439338e-01
480             	-1.92009023e-01	4.66296548e-03	2.54864166e-01	4.94629093e-02	2.01303898e-01
481             	-1.92015232e-01	4.79133749e-03	2.54055777e-01	4.94163020e-02	2.01079725e-01
482             	-1.92016620e-01	4.93811297e-03	2.53133565e-01	4.93366559e-02	2.00719807e-01
483             	-1.92015727e-01	5.09409471e-03	2.52154697e-01	4.92267663e-02	2.00240519e-01
484             	-1.92014842e-01	5.29266779e-03	2.50919154e-01	4.90948202e-02	1.99680842e-01
485             	-1.92011705e-01	5.48324217e-03	2.49733676e-01	4.89692599e-02	1.99157680e-01
486             	-1.92002872e-01	5.62561534e-03	2.48842832e-01	4.88891023e-02	1.98829643e-01
487             	-1.91990195e-01	5.69094823e-03	2.48427010e-01	4.88639637e-02	1.98728182e-01
488             	-1.91980994e-01	5.65954985e-03	2.48617040e-01	4.88806457e-02	1.98791495e-01
489             	-1.91975744e-01	5.54767551e-03	2.49311589e-01	4.89131657e-02	1.98915235e-01
490             	-1.91965888e-01	5.35321894e-03	2.50508500e-01	4.89520859e-02	1.99066437e-01
491             	-1.91950126e-01	5.11990087e-03	2.51939377e-01	4.89922400e-02	1.99227608e-01
492             	-1.91935529e-01	4.89808052e-03	2.53307343e-01	4.90301112e-02	1.99382115e-01
493             	-1.91924913e-01	4.69675113e-03	2.54560106e-01	4.90705560e-02	1.99549814e-01
494             	-1.91917012e-01	4.49749290e-03	2.55804991e-01	4.91156794e-02	1.99739151e-01
495             	-1.91909852e-01	4.30776669e-03	2.56991282e-01	4.91670020e-02	1.99957292e-01
496             	-1.91902443e-01	4.16634715e-03	2.57877349e-01	4.92182165e-02	2.00180356e-01
497             	-1.91896234e-01	4.10142407e-03	2.58290851e-01	4.92536752e-02	2.00344289e-01
498             	-1.91892414e-01	4.05677209e-03	2.58581380e-01	4.92847576e-02	2.00488218e-01
499             	-1.91891942e-01	4.03657542e-03	2.58721656e-01	4.93175098e-02	2.00637492e-01
500             	-1.91896398e-01	4.06831171e-03	2.58540610e-01	4.93514968e-02	2.00796901e-01
501             	-1.91907842e-01	4.13099899e-03	2.58165224e-01	4.93815459e-02	2.00948135e-01
502             	-1.91926680e-01	4.14879499e-03	2.58060395e-01	4.94269043e-02	2.01163788e-01
503             	-1.91951558e-01	4.15574132e-03	2.58014348e-01	4.94709672e-02	2.01371570e-01
504             	-1.91974668e-01	4.17073667e-03	2.57909488e-01	4.95128981e-02	2.01554933e-01
505             	-1.91992904e-01	4.25086365e-03	2.57401630e-01	4.95368639e-02	2.01647439e-01
506             	-1.92000111e-01	4.45744381e-03	2.56110339e-01	4.95341470e-02	2.01625193e-01
507             	-1.91999392e-01	4.72783412e-03	2.54421882e-01	4.95072767e-02	2.01504403e-01
508             	-1.91994360e-01	4.96469623e-03	2.52934477e-01	4.94647182e-02	2.01318559e-01
509             	-1.91985393e-01	5.17045652e-03	2.51632256e-01	4.94094193e-02	2.01080317e-01
510             	-1.91972184e-01	5.33603817e-03	2.50571800e-01	4.93465065e-02	2.00814134e-01
511             	-1.91948715e-01	5.52362979e-03	2.49367385e-01	4.92887337e-02	2.00578873e-01
512             	-1.91922024e-01	5.66106357e-03	2.48474125e-01	4.92538746e-02	2.00438052e-01
513             	-1.91899537e-01	5.70346178e-03	2.48176837e-01	4.92382196e-02	2.00369332e-01
514             	-1.91883672e-01	5.65847380e-03	2.48430950e-01	4.92422005e-02	2.00374873e-01
515             	-1.91872677e-01	5.55079894e-03	2.49082196e-01	4.92634738e-02	2.00447544e-01
516             	-1.91865490e-01	5.44013604e-03	2.49764645e-01	4.92816506e-02	2.00507964e-01
517             	-1.91860335e-01	5.33264785e-03	2.50438715e-01	4.92873259e-02	2.00518134e-01
518             	-1.91852929e-01	5.16426817e-03	2.51490904e-01	4.92877898e-02	2.00504977e-01
519             	-1.91843724e-01	4.90298103e-03	2.53114498e-01	4.92877646e-02	2.00489168e-01
520             	-1.91840363e-01	4.58867307e-03	2.55073731e-01	4.92958017e-02	2.00507081e-01
521             	-1.91847448e-01	4.34326283e-03	2.56623278e-01	4.92992474e-02	2.00515189e-01
522             	-1.91860110e-01	4.22563745e-03	2.57393652e-01	4.92834952e-02	2.00456899e-01
523             	-1.91872883e-01	4.18419486e-03	2.57695628e-01	4.92581658e-02	2.00365944e-01
524             	-1.91883997e-01	4.13483624e-03	2.58042387e-01	4.92446196e-02	2.00321704e-01
525             	-1.91894617e-01	4.06373265e-03	2.58515609e-01	4.92507437e-02	2.00357504e-01
526             	-1.91908886e-01	4.00059765e-03	2.58932668e-01	4.92750104e-02	2.00472779e-01
527             	-1.91929594e-01	3.91113325e-03	2.59505459e-01	4.93239044e-02	2.00694021e-01
528             	-1.91956617e-01	3.83836701e-03	2.59967843e-01	4.93842309e-02	2.00966373e-01
529             	-1.91981002e-01	3.82241013e-03	2.60069598e-01	4.94469034e-02	2.01241735e-01
530             	-1.92003134e-01	3.87273091e-03	2.59763914e-01	4.94945995e-02	2.01440148e-01
531             	-1.92015089e-01	4.04566263e-03	2.58697121e-01	4.95244435e-02	2.01560339e-01
532             	-1.92015532e-01	4.28807170e-03	2.57189945e-01	4.95447052e-02	2.01643722e-01
533             	-1.92009155e-01	4.53277284e-03	2.55655880e-01	4.95534967e-02	2.01684089e-01
534             	-1.91996687e-01	4.78624098e-03	2.54053633e-01	4.95440453e-02	2.01654453e-01
535             	-1.91976676e-01	5.05700007e-03	2.52332576e-01	4.95246481e-02	2.01591612e-01
536             	-1.91942775e-01	5.33863579e-03	2.50527458e-01	4.95167409e-02	2.01583147e-01
537             	-1.91902809e-01	5.54644763e-03	2.49172884e-01	4.95321184e-02	2.01665150e-01
538             	-1.91862980e-01	5.64875195e-03	2.48471059e-01	4.95626766e-02	2.01798209e-01
539             	-1.91825651e-01	5.63627714e-03	2.48479820e-01	4.96042552e-02	2.01965786e-01
540             	-1.91790953e-01	5.54523313e-03	2.48976967e-01	4.96433854e-02	2.02117280e-01
541             	-1.91758205e-01	5.42938104e-03	2.49634285e-01	4.96679056e-02	2.02207139e-01
542             	-1.91728283e-01	5.31614951e-03	2.50287486e-01	4.96692042e-02	2.02200610e-01
543             	-1.91704748e-01	5.18904874e-03	2.51042585e-01	4.96410859e-02	2.02070040e-01
544             	-1.91689478e-01	5.00238965e-03	2.52182381e-01	4.96016171e-02	2.01884339e-01
545             	-1.91683305e-01	4.75637526e-03	2.53706279e-01	4.95681510e-02	2.01718043e-01
546             	-1.91689501e-01	4.51745310e-03	2.55207274e-01	4.95377938e-02	2.01567474e-01
547             	-1.91708949e-01	4.36073957e-03	2.56225385e-01	4.94886665e-02	2.01347347e-01
548             	-1.91737656e-01	4.25746771e-03	2.56932564e-01	4.94236866e-02	2.01063824e-01
549             	-1.91773087e-01	4.15955331e-03	2.57619921e-01	4.93433248e-02	2.00713425e-01
550             	-1.91812377e-01	4.02844738e-03	2.58513210e-01	4.92584113e-02	2.00343603e-01
551             	-1.91852385e-01	3.87782049e-03	2.59516088e-01	4.91885514e-02	2.00044126e-01
552             	-1.91892842e-01	3.70309403e-03	2.60654388e-01	4.91665812e-02	1.99952875e-01
553             	-1.91936460e-01	3.59073266e-03	2.61402111e-01	4.91787891e-02	2.00014331e-01
554             	-1.91977855e-01	3.57315976e-03	2.61562409e-01	4.92100128e-02	2.00153783e-01
555             	-1.92013761e-01	3.60286150e-03	2.61429407e-01	4.92420225e-02	2.00287010e-01
556             	-1.92036550e-01	3.70853563e-03	2.60817075e-01	4.92768023e-02	2.00430489e-01
557             	-1.92046576e-01	3.84860961e-03	2.59977038e-01	4.93285842e-02	2.00647548e-01
558             	-1.92050343e-01	4.00259991e-03	2.59037310e-01	4.93928066e-02	2.00921591e-01
559             	-1.92048113e-01	4.23340532e-03	2.57609992e-01	4.94541089e-02	2.01195011e-01
560             	-1.92036167e-01	4.52117161e-03	2.55814018e-01	4.95092344e-02	2.01457422e-01
561             	-1.92008877e-01	4.82192008e-03	2.53915045e-01	4.95614281e-02	2.01717440e-01
562             	-1.91970635e-01	5.03404088e-03	2.52545577e-01	4.96211215e-02	2.02003158e-01
563             	-1.91925113e-01	5.11998972e-03	2.51939789e-01	4.96974328e-02	2.02343908e-01
564             	-1.91876020e-01	5.12085807e-03	2.51848851e-01	4.97987856e-02	2.02779005e-01
565             	-1.91824547e-01	5.12139558e-03	2.51754016e-01	4.99141723e-02	2.03272359e-01
566             	-1.91772862e-01	5.14917210e-03	2.51492672e-01	5.00197549e-02	2.03727424e-01
567             	-1.91722830e-01	5.19557792e-03	2.51124053e-01	5.00868802e-02	2.04024273e-01
568             	-1.91677274e-01	5.22154613e-03	2.50892254e-01	5.01273163e-02	2.04204467e-01
569             	-1.91640091e-01	5.19196922e-03	2.51017689e-01	5.01630315e-02	2.04354724e-01
570             	-1.91615794e-01	5.10927960e-03	2.51490153e-01	5.01869903e-02	2.04448745e-01
571             	-1.91604361e-01	5.03513390e-03	2.51928066e-01	5.01735399e-02	2.04390659e-01
572             	-1.91603050e-01	5.00989719e-03	2.52081206e-01	5.01162415e-02	2.04154599e-01
573             	-1.91609430e-01	4.98884103e-03	2.52223950e-01	5.00332277e-02	2.03805480e-01
574             	-1.91627570e-01	4.91069420e-03	2.52739655e-01	4.99339828e-02	2.03375333e-01
575             	-1.91663075e-01	4.81138714e-03	2.53410118e-01	4.98115223e-02	2.02842140e-01
576             	-1.91710500e-01	4.75107919e-03	2.53851256e-01	4.96825342e-02	2.02287989e-01
577             	-1.91765417e-01	4.68283641e-03	2.54343161e-01	4.95579823e-02	2.01758000e-01
578             	-1.91826127e-01	4.61699611e-03	2.54822486e-01	4.94416327e-02	2.01266890e-01
579             	-1.91889112e-01	4.57282970e-03	2.55176360e-01	4.93257163e-02	2.00772837e-01
580             	-1.91953006e-01	4.59218064e-03	2.55153658e-01	4.92311207e-02	2.00357648e-01
581             	-1.92020956e-01	4.73094699e-03	2.54414694e-01	4.91781896e-02	2.00113838e-01
582             	-1.92077066e-01	4.85937035e-03	2.53722386e-01	4.91613557e-02	2.00025536e-01
583             	-1.92107697e-01	4.87363712e-03	2.53688515e-01	4.91565927e-02	1.99997985e-01
584             	-1.92114251e-01	4.85451989e-03	2.53820427e-01	4.91548386e-02	1.99996031e-01
585             	-1.92104634e-01	4.93782159e-03	2.53302032e-01	4.91769257e-02	2.00110412e-01
586             	-1.92083941e-01	5.12458730e-03	2.52137363e-01	4.92329442e-02	2.00380414e-01
587             	-1.92051714e-01	5.29455717e-03	2.51058889e-01	4.93366396e-02	2.00851282e-01
588             	-1.92008446e-01	5.30498181e-03	2.50938121e-01	4.94847663e-02	2.01497344e-01
589             	-1.91960030e-01	5.12921848e-03	2.51947914e-01	4.96603451e-02	2.02241717e-01
590             	-1.91908649e-01	4.89133747e-03	2.53333585e-01	4.98432336e-02	2.03008827e-01
591             	-1.91858941e-01	4.72297038e-03	2.54296991e-01	4.99975966e-02	2.03660814e-01
592             	-1.91813177e-01	4.67312739e-03	2.54541053e-01	5.01137739e-02	2.04162589e-01
593             	-1.91768765e-01	4.69869234e-03	2.54325257e-01	5.02175011e-02	2.04619159e-01
594             	-1.91728433e-01	4.70939129e-03	2.54206767e-01	5.03134874e-02	2.05039157e-01
595             	-1.91696530e-01	4.68267864e-03	2.54328620e-01	5.03909178e-02	2.05375451e-01
596             	-1.91676811e-01	4.68216493e-03	2.54304162e-01	5.04268378e-02	2.05537969e-01
597             	-1.91663271e-01	4.76960545e-03	2.53745146e-01	5.04318232e-02	2.05577151e-01
598             	-1.91654557e-01	4.94974622e-03	2.52622455e-01	5.04154424e-02	2.05530022e-01
599             	-1.91655431e-01	5.10535401e-03	2.51665532e-01	5.03784328e-02	2.05385621e-01
600             	-1.91669997e-01	5.20603021e-03	2.51063496e-01	5.03137733e-02	2.05115192e-01
601             	-1.91696860e-01	5.29799904e-03	2.50525433e-01	5.02211623e-02	2.04727010e-01
602             	-1.91732093e-01	5.39385174e-03	2.49964967e-01	5.01158886e-02	2.04291797e-01
603             	-1.91777146e-01	5.43775841e-03	2.49730368e-01	5.00072699e-02	2.03840599e-01
604             	-1.91833411e-01	5.43300970e-03	2.49808461e-01	4.99040325e-02	2.03401994e-01
605             	-1.91899796e-01	5.40741361e-03	2.50036713e-01	4.97992099e-02	2.02938661e-01
606             	-1.91964050e-01	5.41376880e-03	2.50074169e-01	4.96910606e-02	2.02452442e-01
607             	-1.92022679e-01	5.50045480e-03	2.49619622e-01	4.95861328e-02	2.01982887e-01
608             	-1.92079674e-01	5.65186447e-03	2.48772249e-01	4.94947663e-02	2.01576502e-01
609             	-1.92133710e-01	5.80115501e-03	2.47937273e-01	4.94027665e-02	2.01176782e-01
610             	-1.92163005e-01	5.89591305e-03	2.47402483e-01	4.93048969e-02	2.00765920e-01
611             	-1.92162695e-01	5.92729665e-03	2.47213887e-01	4.92224456e-02	2.00435936e-01
612             	-1.92137493e-01	5.99598918e-03	2.46763349e-01	4.91999840e-02	2.00371706e-01
613             	-1.92099798e-01	6.05594842e-03	2.46350006e-01	4.92401472e-02	2.00571835e-01
614             	-1.92054569e-01	5.99165938e-03	2.46690291e-01	4.93468990e-02	2.01035178e-01
615             	-1.92005861e-01	5.74842666e-03	2.48124187e-01	4.95012481e-02	2.01678877e-01
616             	-1.91954661e-01	5.44191472e-03	2.49941279e-01	4.96787043e-02	2.02412180e-01
617             	-1.91901706e-01	5.19472244e-03	2.51392314e-01	4.98456768e-02	2.03107923e-01
618             	-1.91852520e-01	5.05016147e-03	2.52223190e-01	4.99726499e-02	2.03647834e-01
619             	-1.91808781e-01	4.97815248e-03	2.52619826e-01	5.00751613e-02	2.04090659e-01
620             	-1.91770561e-01	4.90892367e-03	2.53007231e-01	5.01791786e-02	2.04534402e-01
621             	-1.91739134e-01	4.82549496e-03	2.53488847e-01	5.02812849e-02	2.04965754e-01
622             	-1.91716673e-01	4.79160783e-03	2.53673242e-01	5.03552625e-02	2.05284769e-01
623             	-1.91703067e-01	4.87465467e-03	2.53146021e-01	5.03875775e-02	2.05441073e-01
624             	-1.91697444e-01	5.04161845e-03	2.52111359e-01	5.03854563e-02	2.05455854e-01
625             	-1.91700439e-01	5.17671643e-03	2.51283989e-01	5.03641784e-02	2.05377029e-01
626             	-1.91714865e-01	5.25304211e-03	2.50829970e-01	5.03177364e-02	2.05181609e-01
627             	-1.91739587e-01	5.32821264e-03	2.50387267e-01	5.02485668e-02	2.04893419e-01
628             	-1.91774102e-01	5.38407500e-03	2.50064836e-01	5.01723378e-02	2.04579978e-01
629             	-1.91819546e-01	5.41488763e-03	2.49902855e-01	5.00934610e-02	2.04254766e-01
630             	-1.91874311e-01	5.39637932e-03	2.50059686e-01	5.00099218e-02	2.03893350e-01
631             	-1.91928351e-01	5.39195533e-03	2.50141328e-01	4.99176754e-02	2.03474978e-01
632             	-1.91981154e-01	5.44796747e-03	2.49862555e-01	4.98144116e-02	2.03000274e-01
633             	-1.92031341e-01	5.55598958e-03	2.49268487e-01	4.96982929e-02	2.02475078e-01
634             	-1.92078784e-01	5.67915328e-03	2.48582731e-01	4.95762838e-02	2.01934233e-01
635             	-1.92122568e-01	5.84273675e-03	2.47647040e-01	4.94433596e-02	2.01361318e-01
636             	-1.92146793e-01	5.98337011e-03	2.46825472e-01	4.93209500e-02	2.00847323e-01
637             	-1.92142632e-01	6.03937935e-03	2.46484479e-01	4.92375980e-02	2.00508566e-01
638             	-1.92118867e-01	6.03176254e-03	2.46509687e-01	4.92294331e-02	2.00489347e-01
639             	-1.92088483e-01	5.99935906e-03	2.46679438e-01	4.92841019e-02	2.00731813e-01
640             	-1.92056712e-01	5.90675277e-03	2.47215999e-01	4.93752187e-02	2.01121025e-01
641             	-1.92019193e-01	5.72104732e-03	2.48315546e-01	4.94922906e-02	2.01611622e-01
642             	-1.91973378e-01	5.46032336e-03	2.49863173e-01	4.96318286e-02	2.02192777e-01
643             	-1.91923005e-01	5.20059269e-03	2.51399951e-01	4.97715230e-02	2.02777416e-01
644             	-1.91871927e-01	5.00058224e-03	2.52572672e-01	4.98928493e-02	2.03292741e-01
645             	-1.91823150e-01	4.86977016e-03	2.53325138e-01	5.00064987e-02	2.03779893e-01
646             	-1.91780582e-01	4.77081015e-03	2.53889404e-01	5.01216910e-02	2.04272776e-01
647             	-1.91749267e-01	4.71447197e-03	2.54204313e-01	5.02177418e-02	2.04687950e-01
648             	-1.91728818e-01	4.73844369e-03	2.54036368e-01	5.02791786e-02	2.04967066e-01
649             	-1.91715101e-01	4.85603910e-03	2.53298512e-01	5.03097801e-02	2.05123998e-01
650             	-1.91708140e-01	4.98251806e-03	2.52512907e-01	5.03213674e-02	2.05195162e-01
651             	-1.91709338e-01	5.09704317e-03	2.51806762e-01	5.03081774e-02	2.05155009e-01
652             	-1.91720637e-01	5.22180014e-03	2.51043249e-01	5.02651716e-02	2.04988383e-01
653             	-1.91740866e-01	5.34564966e-03	2.50285313e-01	5.02067964e-02	2.04760143e-01
654             	-1.91771024e-01	5.40851703e-03	2.49904352e-01	5.01585590e-02	2.04569972e-01
655             	-1.91812217e-01	5.44470270e-03	2.49695243e-01	5.01145691e-02	2.04391364e-01
656             	-1.91859279e-01	5.47174050e-03	2.49557451e-01	5.00560167e-02	2.04132584e-01
657             	-1.91904604e-01	5.51605062e-03	2.49323102e-01	4.99889998e-02	2.03817744e-01
658             	-1.91947562e-01	5.61599234e-03	2.48756721e-01	4.99045987e-02	2.03422015e-01
659             	-1.91992903e-01	5.73544110e-03	2.48082833e-01	4.97981206e-02	2.02937162e-01
660             	-1.92038632e-01	5.86197348e-03	2.47371046e-01	4.96695730e-02	2.02372849e-01
661             	-1.92077357e-01	6.04584189e-03	2.46300994e-01	4.95376889e-02	2.01808857e-01
662             	-1.92105265e-01	6.23630294e-03	2.45177880e-01	4.94317965e-02	2.01365974e-01
663             	-1.92109195e-01	6.36705673e-03	2.44391221e-01	4.93698598e-02	2.01116452e-01
664             	-1.92092985e-01	6.35430351e-03	2.44459801e-01	4.93595729e-02	2.01082653e-01
665             	-1.92070000e-01	6.23004378e-03	2.45205142e-01	4.94020148e-02	2.01262930e-01
666             	-1.92045086e-01	6.04974143e-03	2.46292946e-01	4.94790884e-02	2.01582977e-01
667             	-1.92016550e-01	5.84382492e-03	2.47532505e-01	4.95707324e-02	2.01962983e-01
668             	-1.91978551e-01	5.60968860e-03	2.48932794e-01	4.96769215e-02	2.02403797e-01
669             	-1.91933824e-01	5.36997127e-03	2.50360257e-01	4.97838525e-02	2.02851011e-01
670             	-1.91888211e-01	5.14246894e-03	2.51713272e-01	4.98765206e-02	2.03241377e-01
671             	-1.91843296e-01	4.93335054e-03	2.52955509e-01	4.99678342e-02	2.03626275e-01
672             	-1.91802962e-01	4.76815542e-03	2.53933580e-01	5.00653902e-02	2.04038578e-01
673             	-1.91772347e-01	4.68823543e-03	2.54397500e-01	5.01488725e-02	2.04399143e-01
674             	-1.91751408e-01	4.72711470e-03	2.54140641e-01	5.02038408e-02	2.04651295e-01
675             	-1.91738753e-01	4.84497232e-03	2.53406512e-01	5.02320061e-02	2.04796099e-01
676             	-1.91733826e-01	4.93662507e-03	2.52841538e-01	5.02442568e-02	2.04866698e-01
677             	-1.91737227e-01	5.01357907e-03	2.52371254e-01	5.02369430e-02	2.04851078e-01
678             	-1.91747995e-01	5.12589446e-03	2.51680945e-01	5.02044062e-02	2.04734015e-01
679             	-1.91766249e-01	5.24901866e-03	2.50920035e-01	5.01658636e-02	2.04595739e-01
680             	-1.91794178e-01	5.33305372e-03	2.50400202e-01	5.01357388e-02	2.04489663e-01
681             	-1.91831412e-01	5.37329139e-03	2.50159022e-01	5.01118694e-02	2.04394624e-01
682             	-1.91870676e-01	5.39723120e-03	2.50029056e-01	5.00803614e-02	2.04242505e-01
683             	-1.91908579e-01	5.45056062e-03	2.49727564e-01	5.00328202e-02	2.04005649e-01
684             	-1.91940962e-01	5.54370490e-03	2.49184691e-01	4.99652342e-02	2.03680224e-01
685             	-1.91976100e-01	5.67847073e-03	2.48399937e-01	4.98654944e-02	2.03225880e-01
686             	-1.92014431e-01	5.86472344e-03	2.47308762e-01	4.97303651e-02	2.02638450e-01
687             	-1.92046544e-01	6.10752565e-03	2.45865145e-01	4.95853081e-02	2.02026433e-01
688             	-1.92068790e-01	6.34246318e-03	2.44459588e-01	4.94718950e-02	2.01556858e-01
689             	-1.92072989e-01	6.48098976e-03	2.43626025e-01	4.94203208e-02	2.01347290e-01
690             	-1.92058629e-01	6.43932857e-03	2.43875890e-01	4.94235200e-02	2.01359632e-01
691             	-1.92038118e-01	6.23561375e-03	2.45112846e-01	4.94606260e-02	2.01505050e-01
692             	-1.92017051e-01	6.01214717e-03	2.46471059e-01	4.95267537e-02	2.01771874e-01
693             	-1.91994732e-01	5.82471082e-03	2.47606960e-01	4.95966038e-02	2.02060549e-01
694             	-1.91966563e-01	5.66120579e-03	2.48590648e-01	4.96657900e-02	2.02351866e-01
695             	-1.91930028e-01	5.46531464e-03	2.49765708e-01	4.97424350e-02	2.02674949e-01
696             	-1.91889889e-01	5.22296152e-03	2.51221870e-01	4.98218537e-02	2.03008008e-01
697             	-1.91850827e-01	4.96498466e-03	2.52773211e-01	4.99073089e-02	2.03363836e-01
698             	-1.91816414e-01	4.75608944e-03	2.54027575e-01	4.99948717e-02	2.03732449e-01
699             	-1.91789495e-01	4.68030241e-03	2.54471880e-01	5.00630211e-02	2.04032857e-01
700             	-1.91770061e-01	4.75261897e-03	2.54013424e-01	5.01061881e-02	2.04242102e-01
701             	-1.91758214e-01	4.85466059e-03	2.53381560e-01	5.01405831e-02	2.04411804e-01
702             	-1.91754651e-01	4.92073919e-03	2.52977703e-01	5.01695376e-02	2.04549390e-01
703             	-1.91759198e-01	4.95503564e-03	2.52771244e-01	5.01796665e-02	2.04603727e-01
704             	-1.91770170e-01	5.02252244e-03	2.52353660e-01	5.01743629e-02	2.04602165e-01
705             	-1.91787499e-01	5.08833088e-03	2.51938561e-01	5.01678113e-02	2.04601030e-01
706             	-1.91812145e-01	5.17851039e-03	2.51370897e-01	5.01601440e-02	2.04594850e-01
707             	-1.91841051e-01	5.26975521e-03	2.50803300e-01	5.01496548e-02	2.04556956e-01
708             	-1.91871608e-01	5.35105377e-03	2.50308711e-01	5.01333376e-02	2.04466517e-01
709             	-1.91899359e-01	5.48908439e-03	2.49474761e-01	5.00927409e-02	2.04261721e-01
710             	-1.91923356e-01	5.65223828e-03	2.48489244e-01	5.00195265e-02	2.03920717e-01
711             	-1.91944082e-01	5.80195059e-03	2.47586119e-01	4.99202755e-02	2.03477101e-01
712             	-1.91961540e-01	5.96803484e-03	2.46581124e-01	4.98036439e-02	2.02970095e-01
713             	-1.91980771e-01	6.13753690e-03	2.45561759e-01	4.96832787e-02	2.02458866e-01
714             	-1.91994694e-01	6.34267295e-03	2.44324867e-01	4.95872411e-02	2.02061823e-01
715             	-1.92004043e-01	6.51469850e-03	2.43293181e-01	4.95451631e-02	2.01890641e-01
716             	-1.92007168e-01	6.55049385e-03	2.43093389e-01	4.95475394e-02	2.01896531e-01
717             	-1.91998570e-01	6.40555376e-03	2.43987396e-01	4.95760595e-02	2.02003638e-01
718             	-1.91982634e-01	6.13470032e-03	2.45644189e-01	4.96186170e-02	2.02166862e-01
719             	-1.91964806e-01	5.87708926e-03	2.47219698e-01	4.96641600e-02	2.02349100e-01
720             	-1.91945756e-01	5.68576707e-03	2.48392003e-01	4.97024377e-02	2.02509021e-01
721             	-1.91924397e-01	5.53090874e-03	2.49340934e-01	4.97403402e-02	2.02672590e-01
722             	-1.91898460e-01	5.33271513e-03	2.50549599e-01	4.97845198e-02	2.02860772e-01
723             	-1.91868494e-01	5.07076352e-03	2.52142354e-01	4.98451389e-02	2.03113568e-01
724             	-1.91839914e-01	4.82982665e-03	2.53604094e-01	4.99120289e-02	2.03394221e-01
725             	-1.91816730e-01	4.71544873e-03	2.54292817e-01	4.99593734e-02	2.03605071e-01
726             	-1.91799616e-01	4.74064236e-03	2.54130460e-01	4.99871205e-02	2.03744641e-01
727             	-1.91791918e-01	4.79773219e-03	2.53783921e-01	5.00082177e-02	2.03852750e-01
728             	-1.91792192e-01	4.85146730e-03	2.53463296e-01	5.00308280e-02	2.03964019e-01
729             	-1.91799146e-01	4.90149391e-03	2.53161786e-01	5.00429985e-02	2.04035434e-01
730             	-1.91811457e-01	4.93428117e-03	2.52957503e-01	5.00619602e-02	2.04138755e-01
731             	-1.91829585e-01	4.93975219e-03	2.52911968e-01	5.00880609e-02	2.04272135e-01
732             	-1.91851027e-01	4.98735767e-03	2.52600431e-01	5.01102201e-02	2.04384916e-01
733             	-1.91872638e-01	5.05859068e-03	2.52145503e-01	5.01263346e-02	2.04451126e-01
734             	-1.91892180e-01	5.18079315e-03	2.51383572e-01	5.01248925e-02	2.04426481e-01
735             	-1.91907046e-01	5.35203794e-03	2.50325392e-01	5.01066017e-02	2.04322955e-01
736             	-1.91920547e-01	5.53670209e-03	2.49191433e-01	5.00627854e-02	2.04110620e-01
737             	-1.91930733e-01	5.73578016e-03	2.47966519e-01	4.99864725e-02	2.03769498e-01
738             	-1.91935193e-01	5.96981581e-03	2.46520256e-01	4.98840634e-02	2.03332354e-01
739             	-1.91934110e-01	6.17780917e-03	2.45228798e-01	4.97865356e-02	2.02924149e-01
740             	-1.91931049e-01	6.32726316e-03	2.44302630e-01	4.97235713e-02	2.02661561e-01
741             	-1.91930508e-01	6.41493987e-03	2.43769905e-01	4.96970811e-02	2.02546344e-01
742             	-1.91934813e-01	6.42808382e-03	2.43709247e-01	4.97033343e-02	2.02559110e-01
743             	-1.91938823e-01	6.36054907e-03	2.44146978e-01	4.97332938e-02	2.02665745e-01
744             	-1.91932037e-01	6.19447703e-03	2.45175694e-01	4.97749397e-02	2.02821662e-01
745             	-1.91915882e-01	5.95616163e-03	2.46636991e-01	4.98017773e-02	2.02921745e-01
746             	-1.91898613e-01	5.72402237e-03	2.48064316e-01	4.98180622e-02	2.02984515e-01
747             	-1.91885910e-01	5.51031418e-03	2.49389869e-01	4.98247012e-02	2.03010139e-01
748             	-1.91875596e-01	5.30752212e-03	2.50652880e-01	4.98328481e-02	2.03044324e-01
749             	-1.91864968e-01	5.08965721e-03	2.52005471e-01	4.98503514e-02	2.03119586e-01
750             	-1.91850109e-01	4.90675276e-03	2.53133417e-01	4.98744538e-02	2.03228250e-01
751             	-1.91834778e-01	4.80988374e-03	2.53728341e-01	4.98869189e-02	2.03296401e-01
752             	-1.91824436e-01	4.75035292e-03	2.54099909e-01	4.98946707e-02	2.03344211e-01
753             	-1.91823737e-01	4.71477455e-03	2.54334044e-01	4.99010400e-02	2.03383735e-01
754             	-1.91832316e-01	4.70506072e-03	2.54413891e-01	4.99140908e-02	2.03452170e-01
755             	-1.91849071e-01	4.71274971e-03	2.54383906e-01	4.99360618e-02	2.03564435e-01
756             	-1.91870800e-01	4.67515106e-03	2.54623233e-01	4.99800175e-02	2.03770748e-01
757             	-1.91893874e-01	4.65271210e-03	2.54755352e-01	5.00321652e-02	2.04011001e-01
758             	-1.91911988e-01	4.67558952e-03	2.54596888e-01	5.00813119e-02	2.04224935e-01
759             	-1.91926262e-01	4.76883146e-03	2.54005307e-01	5.01089571e-02	2.04332672e-01
760             	-1.91933524e-01	4.97643889e-03	2.52710019e-01	5.01089661e-02	2.04320562e-01
761             	-1.91937386e-01	5.22966216e-03	2.51135680e-01	5.00852411e-02	2.04209640e-01
762             	-1.91938806e-01	5.47311884e-03	2.49618964e-01	5.00445106e-02	2.04030011e-01
763             	-1.91934462e-01	5.72736910e-03	2.48027187e-01	4.99878921e-02	2.03790337e-01
764             	-1.91920292e-01	5.94654242e-03	2.46636352e-01	4.99315858e-02	2.03557910e-01
765             	-1.91897243e-01	6.14397972e-03	2.45372889e-01	4.98869277e-02	2.03378084e-01
766             	-1.91872221e-01	6.25026929e-03	2.44674982e-01	4.98658167e-02	2.03288457e-01
767             	-1.91853744e-01	6.23614711e-03	2.44733507e-01	4.98638749e-02	2.03264760e-01
768             	-1.91842596e-01	6.15665026e-03	2.45209563e-01	4.98746986e-02	2.03287275e-01
769             	-1.91837357e-01	6.06219507e-03	2.45790112e-01	4.98909278e-02	2.03333416e-01
770             	-1.91834241e-01	5.98682289e-03	2.46263559e-01	4.98963528e-02	2.03340102e-01
771             	-1.91831637e-01	5.90472892e-03	2.46788398e-01	4.98910920e-02	2.03303564e-01
772             	-1.91825183e-01	5.73813970e-03	2.47834217e-01	4.98860469e-02	2.03264717e-01
773             	-1.91815829e-01	5.45799143e-03	2.49576181e-01	4.98836038e-02	2.03235238e-01
774             	-1.91812504e-01	5.13159115e-03	2.51610578e-01	4.98880931e-02	2.03237407e-01
775             	-1.91819633e-01	4.89082179e-03	2.53131450e-01	4.98752506e-02	2.03179318e-01
776             	-1.91832778e-01	4.79677786e-03	2.53756893e-01	4.98326895e-02	2.03013212e-01
777             	-1.91844639e-01	4.75885078e-03	2.54035267e-01	4.97834243e-02	2.02823801e-01
778             	-1.91854551e-01	4.69895954e-03	2.54443137e-01	4.97477230e-02	2.02686892e-01
779             	-1.91865597e-01	4.60222666e-03	2.55071421e-01	4.97362582e-02	2.02647836e-01
780             	-1.91882407e-01	4.49645894e-03	2.55750139e-01	4.97523191e-02	2.02726591e-01
781             	-1.91906967e-01	4.36392867e-03	2.56589631e-01	4.98023820e-02	2.02949528e-01
782             	-1.91936483e-01	4.28308164e-03	2.57102391e-01	4.98649390e-02	2.03228051e-01
783             	-1.91959971e-01	4.28322022e-03	2.57103866e-01	4.99264820e-02	2.03494258e-01
784             	-1.91976768e-01	4.35516687e-03	2.56659320e-01	4.99738465e-02	2.03688699e-01
785             	-1.91982213e-01	4.51857980e-03	2.55643961e-01	5.00131271e-02	2.03846511e-01
786             	-1.91981849e-01	4.74079827e-03	2.54261744e-01	5.00456193e-02	2.03978278e-01
787             	-1.91977150e-01	4.99461836e-03	2.52674720e-01	5.00630776e-02	2.04053970e-01
788             	-1.91968099e-01	5.31042108e-03	2.50695025e-01	5.00472700e-02	2.04003772e-01
789             	-1.91948380e-01	5.62368078e-03	2.48712636e-01	5.00220736e-02	2.03924839e-01
790             	-1.91913495e-01	5.91421679e-03	2.46852577e-01	5.00112531e-02	2.03908392e-01
791             	-1.91872824e-01	6.07435580e-03	2.45792006e-01	5.00309527e-02	2.04002873e-01
792             	-1.91832686e-01	6.09462518e-03	2.45596331e-01	5.00749617e-02	2.04179632e-01
793             	-1.91796819e-01	6.03657190e-03	2.45890177e-01	5.01245719e-02	2.04371790e-01
794             	-1.91765158e-01	5.94966771e-03	2.46368310e-01	5.01573006e-02	2.04494739e-01
795             	-1.91736053e-01	5.84973424e-03	2.46935213e-01	5.01658889e-02	2.04517915e-01
796             	-1.91709116e-01	5.73722867e-03	2.47590943e-01	5.01498993e-02	2.04436770e-01
797             	-1.91687277e-01	5.58365854e-03	2.48514449e-01	5.01082569e-02	2.04243419e-01
798             	-1.91671437e-01	5.37359807e-03	2.49800725e-01	5.00672238e-02	2.04046496e-01
799             	-1.91666260e-01	5.11044292e-03	2.51433054e-01	5.00365661e-02	2.03889198e-01
800             	-1.91675895e-01	4.88377191e-03	2.52864222e-01	4.99982280e-02	2.03706562e-01
801             	-1.91697783e-01	4.76278268e-03	2.53666024e-01	4.99332213e-02	2.03424573e-01
802             	-1.91728643e-01	4.67879403e-03	2.54258856e-01	4.98512664e-02	2.03071534e-01
803             	-1.91766266e-01	4.58301605e-03	2.54936571e-01	4.97557206e-02	2.02657300e-01
804             	-1.91807448e-01	4.45628290e-03	2.55803552e-01	4.96598387e-02	2.02242678e-01
805             	-1.91850048e-01	4.28670463e-03	2.56922277e-01	4.95896499e-02	2.01941893e-01
806             	-1.91894375e-01	4.09723396e-03	2.58152961e-01	4.95732324e-02	2.01872323e-01
807             	-1.91940709e-01	4.00917514e-03	2.58753269e-01	4.95827281e-02	2.01921208e-01
808             	-1.91984001e-01	4.01909021e-03	2.58749076e-01	4.96026889e-02	2.02009272e-01
809             	-1.92018293e-01	4.10709125e-03	2.58258260e-01	4.96202572e-02	2.02082619e-01
810             	-1.92035415e-01	4.24691242e-03	2.57430366e-01	4.96534536e-02	2.02220856e-01
811             	-1.92038716e-01	4.39408811e-03	2.56535938e-01	4.97136203e-02	2.02475093e-01
812             	-1.92034657e-01	4.54981736e-03	2.55571351e-01	4.97881159e-02	2.02794533e-01
813             	-1.92024670e-01	4.77556179e-03	2.54161642e-01	4.98584755e-02	2.03109728e-01
814             	-1.92005850e-01	5.03680970e-03	2.52517111e-01	4.99322399e-02	2.03451460e-01
815             	-1.91975447e-01	5.29974205e-03	2.50846591e-01	5.00040339e-02	2.03789234e-01
816             	-1.91937475e-01	5.47554320e-03	2.49700905e-01	5.00752759e-02	2.04115373e-01
817             	-1.91891561e-01	5.54682684e-03	2.49183688e-01	5.01623846e-02	2.04496571e-01
818             	-1.91841016e-01	5.55282204e-03	2.49058340e-01	5.02699620e-02	2.04957150e-01
819             	-1.91789027e-01	5.55071284e-03	2.48980093e-01	5.03832395e-02	2.05440538e-01
820             	-1.91738549e-01	5.56626923e-03	2.48798787e-01	5.04692073e-02	2.05811371e-01
821             	-1.91692025e-01	5.60584980e-03	2.48480861e-01	5.05174692e-02	2.06025675e-01
822             	-1.91652159e-01	5.62404480e-03	2.48307668e-01	5.05469169e-02	2.06155830e-01
823             	-1.91621055e-01	5.58173193e-03	2.48521374e-01	5.05707532e-02	2.06253225e-01
824             	-1.91601403e-01	5.48464841e-03	2.49089714e-01	5.05732454e-02	2.06255889e-01
825             	-1.91592980e-01	5.40506957e-03	2.49567717e-01	5.05352698e-02	2.06093878e-01
826             	-1.91593146e-01	5.38340574e-03	2.49704446e-01	5.04551627e-02	2.05760131e-01
827             	-1.91604934e-01	5.34626501e-03	2.49957485e-01	5.03518242e-02	2.05321001e-01
828             	-1.91633624e-01	5.27250353e-03	2.50462278e-01	5.02291971e-02	2.04791203e-01
829             	-1.91679059e-01	5.20205938e-03	2.50968163e-01	5.00939902e-02	2.04206548e-01
830             	-1.91734770e-01	5.15109655e-03	2.51362542e-01	4.99574589e-02	2.03622760e-01
831             	-1.91798309e-01	5.06067703e-03	2.52002995e-01	4.98317707e-02	2.03087560e-01
832             	-1.91866025e-01	4.97311668e-03	2.52626768e-01	4.97053021e-02	2.02551980e-01
833             	-1.91934771e-01	4.94957530e-03	2.52867595e-01	4.95900819e-02	2.02056105e-01
834             	-1.92006327e-01	5.02442283e-03	2.52520794e-01	4.95222627e-02	2.01749122e-01
835             	-1.92071755e-01	5.10580534e-03	2.52131751e-01	4.95014091e-02	2.01633671e-01
836             	-1.92113880e-01	5.10009597e-03	2.52240829e-01	4.95015463e-02	2.01613732e-01
837             	-1.92134282e-01	5.05985335e-03	2.52525014e-01	4.94890324e-02	2.01557058e-01
838             	-1.92134386e-01	5.18095633e-03	2.51788285e-01	4.94848701e-02	2.01558448e-01
839             	-1.92119102e-01	5.41746157e-03	2.50323357e-01	4.95121763e-02	2.01709793e-01
840             	-1.92086025e-01	5.61784433e-03	2.49055675e-01	4.95890404e-02	2.02070811e-01
841             	-1.92039897e-01	5.63679948e-03	2.48881335e-01	4.97236544e-02	2.02659183e-01
842             	-1.91987623e-01	5.46945979e-03	2.49837007e-01	4.98992857e-02	2.03400697e-01
843             	-1.91933473e-01	5.24077111e-03	2.51163538e-01	5.00960034e-02	2.04221806e-01
844             	-1.91881125e-01	5.08355696e-03	2.52053283e-01	5.02749809e-02	2.04973589e-01
845             	-1.91832909e-01	5.02564551e-03	2.52341399e-01	5.04050952e-02	2.05530742e-01
846             	-1.91787023e-01	5.03284377e-03	2.52235924e-01	5.05035598e-02	2.05961122e-01
847             	-1.91741915e-01	5.04938549e-03	2.52075011e-01	5.05992584e-02	2.06378596e-01
848             	-1.91700890e-01	5.02760856e-03	2.52153826e-01	5.06885969e-02	2.06763165e-01
849             	-1.91668909e-01	4.99729848e-03	2.52295285e-01	5.07489298e-02	2.07024960e-01
850             	-1.91647051e-01	5.03631516e-03	2.52021272e-01	5.07661855e-02	2.07113784e-01
851             	-1.91634833e-01	5.19022832e-03	2.51053240e-01	5.07434819e-02	2.07042473e-01
852             	-1.91632516e-01	5.37926119e-03	2.49884294e-01	5.06954551e-02	2.06858554e-01
853             	-1.91643125e-01	5.48457582e-03	2.49249840e-01	5.06273927e-02	2.06573510e-01
854             	-1.91669103e-01	5.53619841e-03	2.48965219e-01	5.05355447e-02	2.06180588e-01
855             	-1.91706476e-01	5.61169712e-03	2.48540004e-01	5.04176207e-02	2.05687716e-01
856             	-1.91753592e-01	5.66906850e-03	2.48230107e-01	5.02920270e-02	2.05167544e-01
857             	-1.91812652e-01	5.70014946e-03	2.48092994e-01	5.01708164e-02	2.04661176e-01
858             	-1.91884732e-01	5.68391409e-03	2.48270208e-01	5.00548953e-02	2.04159499e-01
859             	-1.91957456e-01	5.67170891e-03	2.48434082e-01	4.99341274e-02	2.03623424e-01
860             	-1.92025282e-01	5.69336225e-03	2.48392988e-01	4.98249464e-02	2.03130857e-01
861             	-1.92086491e-01	5.79304638e-03	2.47869364e-01	4.97470176e-02	2.02773507e-01
862             	-1.92145040e-01	5.95095340e-03	2.46988409e-01	4.96727297e-02	2.02441985e-01
863             	-1.92186456e-01	6.08207969e-03	2.46248560e-01	4.95750998e-02	2.02028156e-01
864             	-1.92197754e-01	6.15358511e-03	2.45831727e-01	4.94719979e-02	2.01608202e-01
865             	-1.92181063e-01	6.19575362e-03	2.45557247e-01	4.94220760e-02	2.01422084e-01
866             	-1.92146832e-01	6.22389134e-03	2.45345839e-01	4.94472454e-02	2.01554353e-01
867             	-1.92100802e-01	6.19317964e-03	2.45479423e-01	4.95474767e-02	2.01991838e-01
868             	-1.92049210e-01	6.02263386e-03	2.46462770e-01	4.97010136e-02	2.02636946e-01
869             	-1.91995216e-01	5.75471834e-03	2.48038006e-01	4.98780439e-02	2.03370408e-01
870             	-1.91939563e-01	5.49368391e-03	2.49568380e-01	5.00478547e-02	2.04075509e-01
871             	-1.91885923e-01	5.31039564e-03	2.50628420e-01	5.01828105e-02	2.04643891e-01
872             	-1.91835658e-01	5.21696023e-03	2.51146242e-01	5.02955522e-02	2.05125870e-01
873             	-1.91789343e-01	5.15820656e-03	2.51457092e-01	5.04067192e-02	2.05599432e-01
874             	-1.91748580e-01	5.08847592e-03	2.51841587e-01	5.05165543e-02	2.06063685e-01
875             	-1.91717384e-01	5.04660282e-03	2.52063219e-01	5.05960207e-02	2.06404988e-01
876             	-1.91696996e-01	5.10144494e-03	2.51699855e-01	5.06312387e-02	2.06572330e-01
877             	-1.91686046e-01	5.25907539e-03	2.50714539e-01	5.06271553e-02	2.06580359e-01
878             	-1.91684935e-01	5.39992785e-03	2.49846367e-01	5.06014696e-02	2.06486557e-01
879             	-1.91693898e-01	5.50040230e-03	2.49237061e-01	5.05530207e-02	2.06287673e-01
880             	-1.91715685e-01	5.58836717e-03	2.48715314e-01	5.04757314e-02	2.05966458e-01
881             	-1.91748518e-01	5.66411299e-03	2.48273752e-01	5.03851488e-02	2.05591658e-01
882             	-1.91792380e-01	5.69095595e-03	2.48138271e-01	5.02945016e-02	2.05214909e-01
883             	-1.91847616e-01	5.67628411e-03	2.48270717e-01	5.02029416e-02	2.04825868e-01
884             	-1.91906001e-01	5.64800397e-03	2.48500296e-01	5.01058213e-02	2.04395468e-01
885             	-1.91962616e-01	5.65480977e-03	2.48523091e-01	5.00039407e-02	2.03931012e-01
886             	-1.92017454e-01	5.71743331e-03	2.48211223e-01	4.98987041e-02	2.03449812e-01
887             	-1.92071075e-01	5.80429374e-03	2.47756796e-01	4.97901334e-02	2.02959226e-01
888             	-1.92126663e-01	5.94912534e-03	2.46954645e-01	4.96686695e-02	2.02428314e-01
889             	-1.92165562e-01	6.14987605e-03	2.45787475e-01	4.95446842e-02	2.01905218e-01
890             	-1.92174434e-01	6.25764152e-03	2.45147377e-01	4.94440522e-02	2.01493161e-01
891             	-1.92156458e-01	6.28231783e-03	2.44981345e-01	4.94042848e-02	2.01343299e-01
892             	-1.92125981e-01	6.25222156e-03	2.45137131e-01	4.94387854e-02	2.01500992e-01
893             	-1.92094695e-01	6.15010436e-03	2.45735150e-01	4.95235989e-02	2.01860587e-01
894             	-1.92059710e-01	5.97584960e-03	2.46770190e-01	4.96430457e-02	2.02358585e-01
895             	-1.92015417e-01	5.74648751e-03	2.48128209e-01	4.97845705e-02	2.02947710e-01
896             	-1.91964912e-01	5.50113419e-03	2.49574424e-01	4.99280997e-02	2.03547739e-01
897             	-1.91912413e-01	5.28202907e-03	2.50859638e-01	5.00466093e-02	2.04048523e-01
898             	-1.91860171e-01	5.12383780e-03	2.51774606e-01	5.01548767e-02	2.04510857e-01
899             	-1.91811444e-01	5.01100766e-03	2.52416097e-01	5.02681747e-02	2.04993585e-01
900             	-1.91770762e-01	4.93299207e-03	2.52852065e-01	5.03764044e-02	2.05455728e-01
901             	-1.91741118e-01	4.91831508e-03	2.52909314e-01	5.04537571e-02	2.05795068e-01
902             	-1.91720614e-01	5.00621854e-03	2.52343920e-01	5.04924392e-02	2.05983311e-01
903             	-1.91708634e-01	5.15877053e-03	2.51389957e-01	5.04985878e-02	2.06037776e-01
904             	-1.91705424e-01	5.28180686e-03	2.50627653e-01	5.04876961e-02	2.06009914e-01
905             	-1.91712328e-01	5.37970505e-03	2.50028531e-01	5.04545586e-02	2.05880330e-01
906             	-1.91728081e-01	5.50650649e-03	2.49252033e-01	5.03994133e-02	2.05662793e-01
907             	-1.91753326e-01	5.61755415e-03	2.48572688e-01	5.03364812e-02	2.05415998e-01
908             	-1.91790936e-01	5.68956814e-03	2.48141029e-01	5.02751535e-02	2.05171643e-01
909             	-1.91840467e-01	5.69710859e-03	2.48123483e-01	5.02150980e-02	2.04913484e-01
910             	-1.91889491e-01	5.70223153e-03	2.48131682e-01	5.01518227e-02	2.04618804e-01
911             	-1.91934368e-01	5.73900504e-03	2.47951773e-01	5.00852991e-02	2.04296538e-01
912             	-1.91977417e-01	5.82189817e-03	2.47495318e-01	5.00034216e-02	2.03910862e-01
913             	-1.92024519e-01	5.94644328e-03	2.46795923e-01	4.98912085e-02	2.03409306e-01
914             	-1.92070633e-01	6.13105870e-03	2.45731456e-01	4.97554823e-02	2.02825787e-01
915             	-1.92108782e-01	6.37194415e-03	2.44313990e-01	4.96275936e-02	2.02290369e-01
916             	-1.92125281e-01	6.54760699e-03	2.43269617e-01	4.95397286e-02	2.01930313e-01
917             	-1.92113429e-01	6.55217022e-03	2.43237919e-01	4.95137280e-02	2.01829336e-01
918             	-1.92087183e-01	6.42793418e-03	2.43977926e-01	4.95459236e-02	2.01966762e-01
919             	-1.92060150e-01	6.26308927e-03	2.44967579e-01	4.96202418e-02	2.02275145e-01
920             	-1.92034926e-01	6.09122594e-03	2.46001774e-01	4.97061274e-02	2.02632296e-01
921             	-1.92003646e-01	5.89800387e-03	2.47158494e-01	4.98010099e-02	2.03027805e-01
922             	-1.91961663e-01	5.66892908e-03	2.48523117e-01	4.99051119e-02	2.03462725e-01
923             	-1.91916081e-01	5.42217078e-03	2.49993751e-01	4.99970824e-02	2.03849309e-01
924             	-1.91869924e-01	5.20037565e-03	2.51310764e-01	5.00849790e-02	2.04220256e-01
925             	-1.91826426e-01	5.02717206e-03	2.52332590e-01	5.01782446e-02	2.04614700e-01
926             	-1.91790707e-01	4.92740971e-03	2.52911596e-01	5.02634206e-02	2.04980983e-01
927             	-1.91765990e-01	4.93247111e-03	2.52858029e-01	5.03238309e-02	2.05254255e-01
928             	-1.91749733e-01	5.03313643e-03	2.52225116e-01	5.03548788e-02	2.05412300e-01
929             	-1.91740880e-01	5.13574562e-03	2.51587948e-01	5.03698221e-02	2.05496894e-01
930             	-1.91739490e-01	5.22816957e-03	2.51018248e-01	5.03692775e-02	2.05510909e-01
931             	-1.91746907e-01	5.32157120e-03	2.50445761e-01	5.03440548e-02	2.05420521e-01
932             	-1.91761428e-01	5.45331841e-03	2.49633925e-01	5.03041659e-02	2.05275268e-01
933             	-1.91785176e-01	5.54690331e-03	2.49055669e-01	5.02663127e-02	2.05138185e-01
934             	-1.91820098e-01	5.61696479e-03	2.48627764e-01	5.02360295e-02	2.05026006e-01
935             	-1.91863688e-01	5.66859886e-03	2.48329965e-01	5.01971883e-02	2.04856589e-01
936             	-1.91906139e-01	5.72453487e-03	2.48014783e-01	5.01520032e-02	2.04637526e-01
937             	-1.91942267e-01	5.82761033e-03	2.47413785e-01	5.00939068e-02	2.04353008e-01
938             	-1.91976060e-01	5.95264599e-03	2.46682607e-01	5.00158935e-02	2.03986311e-01
939             	-1.92011817e-01	6.08382667e-03	2.45922542e-01	4.99134554e-02	2.03527560e-01
940             	-1.92045673e-01	6.24414543e-03	2.44985436e-01	4.97903131e-02	2.02995230e-01
941             	-1.92077231e-01	6.41756627e-03	2.43969029e-01	4.96710742e-02	2.02490235e-01
942             	-1.92094567e-01	6.60604697e-03	2.42847108e-01	4.95949202e-02	2.02175255e-01
943             	-1.92091178e-01	6.67704811e-03	2.42421918e-01	4.95813747e-02	2.02121271e-01
944             	-1.92073173e-01	6.57032325e-03	2.43067363e-01	4.96070376e-02	2.02225919e-01
945             	-1.92050767e-01	6.36672000e-03	2.44301528e-01	4.96594389e-02	2.02438821e-01
946             	-1.92027472e-01	6.14422269e-03	2.45651306e-01	4.97275996e-02	2.02716534e-01
947             	-1.92001387e-01	5.94048114e-03	2.46883743e-01	4.97999489e-02	2.03015134e-01
948             	-1.91968452e-01	5.73308969e-03	2.48132753e-01	4.98752115e-02	2.03328859e-01
949             	-1.91927459e-01	5.50266745e-03	2.49514604e-01	4.99529866e-02	2.03655253e-01
950             	-1.91884877e-01	5.26525678e-03	2.50935197e-01	5.00294951e-02	2.03976837e-01
951             	-1.91844178e-01	5.03978330e-03	2.52283288e-01	5.01121947e-02	2.04324121e-01
952             	-1.91809189e-01	4.89052019e-03	2.53169202e-01	5.01873325e-02	2.04645921e-01
953             	-1.91783039e-01	4.87575021e-03	2.53238407e-01	5.02386756e-02	2.04880570e-01
954             	-1.91765363e-01	4.98022246e-03	2.52583702e-01	5.02694320e-02	2.05037595e-01
955             	-1.91757121e-01	5.06916291e-03	2.52035414e-01	5.02872326e-02	2.05133288e-01
956             	-1.91756586e-01	5.12948108e-03	2.51666834e-01	5.02913421e-02	2.05166738e-01
957             	-1.91763534e-01	5.20998434e-03	2.51171693e-01	5.02734872e-02	2.05112534e-01
958             	-1.91775890e-01	5.32032665e-03	2.50484913e-01	5.02479375e-02	2.05032544e-01
959             	-1.91797105e-01	5.40925762e-03	2.49928297e-01	5.02278715e-02	2.04974254e-01
960             	-1.91829232e-01	5.48124685e-03	2.49482269e-01	5.02123173e-02	2.04926570e-01
961             	-1.91865729e-01	5.53705068e-03	2.49145793e-01	5.01979723e-02	2.04860230e-01
962             	-1.91901614e-01	5.60806791e-03	2.48725105e-01	5.01760504e-02	2.04738945e-01
963             	-1.91931800e-01	5.74680040e-03	2.47892904e-01	5.01283475e-02	2.04502318e-01
964             	-1.91957085e-01	5.90969389e-03	2.46913923e-01	5.00493146e-02	2.04137744e-01
965             	-1.91981398e-01	6.06646048e-03	2.45975787e-01	4.99455259e-02	2.03677969e-01
966             	-1.92003775e-01	6.24654315e-03	2.44896042e-01	4.98314481e-02	2.03184560e-01
967             	-1.92024235e-01	6.41748415e-03	2.43873774e-01	4.97255706e-02	2.02735871e-01
968             	-1.92038448e-01	6.61440363e-03	2.42691805e-01	4.96542738e-02	2.02442168e-01
969             	-1.92045464e-01	6.75271424e-03	2.41866962e-01	4.96353045e-02	2.02365683e-01
970             	-1.92041407e-01	6.71535521e-03	2.42108538e-01	4.96626676e-02	2.02472288e-01
971             	-1.92026376e-01	6.49478265e-03	2.43459212e-01	4.97116975e-02	2.02662002e-01
972             	-1.92006681e-01	6.20671846e-03	2.45217491e-01	4.97740144e-02	2.02907667e-01
973             	-1.91985696e-01	5.96873543e-03	2.46669512e-01	4.98299462e-02	2.03134575e-01
974             	-1.91964128e-01	5.80267924e-03	2.47684445e-01	4.98744009e-02	2.03322624e-01
975             	-1.91939162e-01	5.62559669e-03	2.48765395e-01	4.99175553e-02	2.03506943e-01
976             	-1.91907087e-01	5.38006239e-03	2.50256017e-01	4.99774770e-02	2.03756257e-01
977             	-1.91872675e-01	5.10186656e-03	2.51940694e-01	5.00493912e-02	2.04052552e-01
978             	-1.91841156e-01	4.89434674e-03	2.53190837e-01	5.01147568e-02	2.04328249e-01
979             	-1.91816109e-01	4.84262149e-03	2.53490158e-01	5.01517801e-02	2.04500234e-01
980             	-1.91797999e-01	4.91097042e-03	2.53059591e-01	5.01723102e-02	2.04611819e-01
981             	-1.91789582e-01	4.98119287e-03	2.52629501e-01	5.01899097e-02	2.04704836e-01
982             	-1.91789244e-01	5.02219307e-03	2.52383314e-01	5.02042221e-02	2.04779260e-01
983             	-1.91795572e-01	5.07125950e-03	2.52082056e-01	5.02048095e-02	2.04802183e-01
984             	-1.91806938e-01	5.12078981e-03	2.51767633e-01	5.02085750e-02	2.04845064e-01
985             	-1.91826182e-01	5.17056855e-03	2.51445898e-01	5.02150863e-02	2.04900815e-01
986             	-1.91850705e-01	5.23152898e-03	2.51056296e-01	5.02252749e-02	2.04958729e-01
987             	-1.91876873e-01	5.30100463e-03	2.50621380e-01	5.02294918e-02	2.04967066e-01
988             	-1.91900019e-01	5.44652525e-03	2.49725063e-01	5.02151608e-02	2.04884883e-01
989             	-1.91918366e-01	5.64454688e-03	2.48509881e-01	5.01774869e-02	2.04701482e-01
990             	-1.91934709e-01	5.83269332e-03	2.47359320e-01	5.01121563e-02	2.04401978e-01
991             	-1.91947930e-01	6.02017470e-03	2.46210384e-01	5.00218794e-02	2.04004275e-01
992             	-1.91958134e-01	6.21551972e-03	2.45011736e-01	4.99149109e-02	2.03547355e-01
993             	-1.91963460e-01	6.41253972e-03	2.43801721e-01	4.98150811e-02	2.03129671e-01
994             	-1.91966676e-01	6.55967073e-03	2.42903551e-01	4.97538280e-02	2.02874383e-01
995             	-1.91971240e-01	6.64172664e-03	2.42415772e-01	4.97307684e-02	2.02772613e-01
996             	-1.91977435e-01	6.62943346e-03	2.42515903e-01	4.97467746e-02	2.02824391e-01
997             	-1.91978335e-01	6.50818964e-03	2.43280344e-01	4.97855873e-02	2.02966279e-01
998             	-1.91968429e-01	6.29054441e-03	2.44622031e-01	4.98246979e-02	2.03112295e-01
999             	-1.91951496e-01	6.04279902e-03	2.46141607e-01	4.98517366e-02	2.03215263e-01
1000            	-1.91935326e-01	5.82293101e-03	2.47497086e-01	4.98697319e-02	2.03286665e-01
1001            	-1.91921281e-01	5.61980029e-03	2.48756573e-01	4.98840349e-02	2.03345825e-01
1002            	-1.91907486e-01	5.40584018e-03	2.50082857e-01	4.99093380e-02	2.03451021e-01
1003            	-1.91890782e-01	5.17610206e-03	2.51498789e-01	4.99453808e-02	2.03602311e-01
1004            	-1.91870819e-01	4.99706508e-03	2.52594459e-01	4.99798705e-02	2.03753871e-01
1005            	-1.91851883e-01	4.91487623e-03	2.53092692e-01	4.99988731e-02	2.03848920e-01
1006            	-1.91838363e-01	4.87079533e-03	2.53363593e-01	5.00143878e-02	2.03928084e-01
1007            	-1.91833301e-01	4.85121421e-03	2.53491380e-01	5.00308275e-02	2.04008664e-01
1008            	-1.91837401e-01	4.86251041e-03	2.53433425e-01	5.00504138e-02	2.04104993e-01
1009            	-1.91850100e-01	4.88690464e-03	2.53292846e-01	5.00758163e-02	2.04233043e-01
1010            	-1.91868210e-01	4.86661565e-03	2.53418588e-01	5.01198421e-02	2.04440146e-01
1011            	-1.91889189e-01	4.86190036e-03	2.53436660e-01	5.01653745e-02	2.04652441e-01
1012            	-1.91907085e-01	4.89877189e-03	2.53189891e-01	5.02067571e-02	2.04833042e-01
1013            	-1.91922985e-01	5.00716671e-03	2.52506235e-01	5.02262645e-02	2.04905947e-01
1014            	-1.91931406e-01	5.22438400e-03	2.51153141e-01	5.02213134e-02	2.04871221e-01
1015            	-1.91934694e-01	5.47349188e-03	2.49602575e-01	5.01980589e-02	2.04759622e-01
1016            	-1.91935309e-01	5.69462611e-03	2.48221971e-01	5.01575737e-02	2.04576615e-01
1017            	-1.91933082e-01	5.91552862e-03	2.46839281e-01	5.00966057e-02	2.04313145e-01
1018            	-1.91924091e-01	6.10929013e-03	2.45614383e-01	5.00284740e-02	2.04027058e-01
1019            	-1.91906808e-01	6.30652516e-03	2.44362968e-01	4.99702717e-02	2.03790068e-01
1020            	-1.91886272e-01	6.42358760e-03	2.43607498e-01	4.99382862e-02	2.03656696e-01
1021            	-1.91872545e-01	6.42577976e-03	2.43574659e-01	4.99256903e-02	2.03591318e-01
1022            	-1.91866426e-01	6.36013122e-03	2.43975192e-01	4.99275503e-02	2.03579190e-01
1023            	-1.91866913e-01	6.26119461e-03	2.44595131e-01	4.99350482e-02	2.03588753e-01
1024            	-1.91868368e-01	6.16708908e-03	2.45193521e-01	4.99402895e-02	2.03592294e-01
1025            	-1.91866906e-01	6.05614029e-03	2.45898519e-01	4.99385217e-02	2.03569733e-01
1026            	-1.91858633e-01	5.85536329e-03	2.47151606e-01	4.99349679e-02	2.03539706e-01
1027            	-1.91849928e-01	5.57389141e-03	2.48902267e-01	4.99292317e-02	2.03501655e-01
1028            	-1.91848563e-01	5.26275812e-03	2.50846008e-01	4.99269625e-02	2.03478999e-01
1029            	-1.91855555e-01	5.04289461e-03	2.52238154e-01	4.99130890e-02	2.03419479e-01
1030            	-1.91863026e-01	4.96131276e-03	2.52778413e-01	4.98811927e-02	2.03300569e-01
1031            	-1.91867671e-01	4.92234118e-03	2.53051165e-01	4.98437232e-02	2.03162475e-01
1032            	-1.91870091e-01	4.85518935e-03	2.53491506e-01	4.98234336e-02	2.03091042e-01
1033            	-1.91876050e-01	4.75338029e-03	2.54142706e-01	4.98254245e-02	2.03107211e-01
1034            	-1.91890134e-01	4.65832000e-03	2.54750870e-01	4.98462970e-02	2.03205312e-01
1035            	-1.91911565e-01	4.54990955e-03	2.55435835e-01	4.98962855e-02	2.03428715e-01
1036            	-1.91938131e-01	4.48929134e-03	2.55818146e-01	4.99589636e-02	2.03709897e-01
1037            	-1.91960998e-01	4.49074441e-03	2.55808518e-01	5.00219884e-02	2.03983759e-01
1038            	-1.91979651e-01	4.54528685e-03	2.55471418e-01	5.00725066e-02	2.04189687e-01
1039            	-1.91987069e-01	4.71806527e-03	2.54398846e-01	5.01092067e-02	2.04335844e-01
1040            	-1.91986621e-01	4.95895365e-03	2.52899095e-01	5.01369527e-02	2.04447615e-01
1041            	-1.91981957e-01	5.20467157e-03	2.51360466e-01	5.01523272e-02	2.04511682e-01
1042            	-1.91973117e-01	5.48045140e-03	2.49626783e-01	5.01438041e-02	2.04483211e-01
1043            	-1.91954555e-01	5.75647474e-03	2.47875355e-01	5.01271539e-02	2.04429535e-01
1044            	-1.91921363e-01	6.03517677e-03	2.46090972e-01	5.01163097e-02	2.04405684e-01
1045            	-1.91881430e-01	6.19937120e-03	2.45007418e-01	5.01300830e-02	2.04472675e-01
1046            	-1.91842371e-01	6.24480785e-03	2.44659824e-01	5.01610637e-02	2.04596372e-01
1047            	-1.91808407e-01	6.18724067e-03	2.44955206e-01	5.01959581e-02	2.04726336e-01
1048            	-1.91779022e-01	6.07791771e-03	2.45576914e-01	5.02221460e-02	2.04817367e-01
1049            	-1.91751769e-01	5.94948070e-03	2.46324674e-01	5.02275213e-02	2.04821657e-01
1050            	-1.91726294e-01	5.83108195e-03	2.47020977e-01	5.02087314e-02	2.04727034e-01
1051            	-1.91707454e-01	5.68789948e-03	2.47887387e-01	5.01664385e-02	2.04531139e-01
1052            	-1.91697193e-01	5.49790905e-03	2.49061559e-01	5.01195202e-02	2.04310440e-01
1053            	-1.91695834e-01	5.26526627e-03	2.50516011e-01	5.00840174e-02	2.04134701e-01
1054            	-1.91707162e-01	5.05259588e-03	2.51867846e-01	5.00478545e-02	2.03962454e-01
1055            	-1.91730623e-01	4.92594912e-03	2.52710514e-01	4.99881405e-02	2.03702869e-01
1056            	-1.91759025e-01	4.83081322e-03	2.53370188e-01	4.99113951e-02	2.03374746e-01
1057            	-1.91789591e-01	4.69664446e-03	2.54272643e-01	4.98158870e-02	2.02966029e-01
1058            	-1.91822874e-01	4.53320155e-03	2.55351351e-01	4.97240460e-02	2.02574632e-01
1059            	-1.91861401e-01	4.40239132e-03	2.56224551e-01	4.96574405e-02	2.02298841e-01
1060            	-1.91907023e-01	4.29105087e-03	2.56976922e-01	4.96385540e-02	2.02231052e-01
1061            	-1.91955096e-01	4.23716193e-03	2.57368177e-01	4.96529591e-02	2.02309219e-01
1062            	-1.91994010e-01	4.21757128e-03	2.57533491e-01	4.96841026e-02	2.02448598e-01
1063            	-1.92021713e-01	4.22036481e-03	2.57549993e-01	4.97190463e-02	2.02591323e-01
1064            	-1.92035188e-01	4.28659021e-03	2.57162649e-01	4.97703299e-02	2.02798215e-01
1065            	-1.92041357e-01	4.42656561e-03	2.56313025e-01	4.98387106e-02	2.03080120e-01
1066            	-1.92043227e-01	4.62823254e-03	2.55073252e-01	4.99125146e-02	2.03394135e-01
1067            	-1.92037522e-01	4.92104710e-03	2.53255479e-01	4.99722353e-02	2.03664847e-01
1068            	-1.92021701e-01	5.22360530e-03	2.51357413e-01	5.00167026e-02	2.03883813e-01
1069            	-1.91990576e-01	5.49559068e-03	2.49625274e-01	5.00617130e-02	2.04108018e-01
1070            	-1.91949928e-01	5.66760765e-03	2.48496075e-01	5.01261520e-02	2.04402052e-01
1071            	-1.91901244e-01	5.75072771e-03	2.47901223e-01	5.02216343e-02	2.04813153e-01
1072            	-1.91849110e-01	5.77806959e-03	2.47642806e-01	5.03432676e-02	2.05326788e-01
1073            	-1.91797079e-01	5.79300784e-03	2.47459934e-01	5.04622838e-02	2.05828948e-01
1074            	-1.91746822e-01	5.80976678e-03	2.47270931e-01	5.05504331e-02	2.06202817e-01
1075            	-1.91700541e-01	5.81541717e-03	2.47161138e-01	5.05889523e-02	2.06368129e-01
1076            	-1.91660667e-01	5.78561859e-03	2.47283380e-01	5.06002442e-02	2.06413432e-01
1077            	-1.91628151e-01	5.69554013e-03	2.47790869e-01	5.06075518e-02	2.06433773e-01
1078            	-1.91604589e-01	5.54242226e-03	2.48700798e-01	5.06046561e-02	2.06407222e-01
1079            	-1.91592013e-01	5.38873706e-03	2.49630918e-01	5.05673120e-02	2.06241200e-01
1080            	-1.91591760e-01	5.30947323e-03	2.50123905e-01	5.04853609e-02	2.05894049e-01
1081            	-1.91605343e-01	5.24425635e-03	2.50555864e-01	5.03761069e-02	2.05426499e-01
1082            	-1.91636064e-01	5.16091781e-03	2.51127332e-01	5.02456324e-02	2.04861749e-01
1083            	-1.91681926e-01	5.07596860e-03	2.51729330e-01	5.01055066e-02	2.04254288e-01
1084            	-1.91737038e-01	5.01130359e-03	2.52213105e-01	4.99653869e-02	2.03654759e-01
1085            	-1.91797803e-01	4.90100649e-03	2.52977796e-01	4.98324999e-02	2.03090517e-01
1086            	-1.91865071e-01	4.83641345e-03	2.53466201e-01	4.97055984e-02	2.02559046e-01
1087            	-1.91940369e-01	4.87346996e-03	2.53351137e-01	4.96048910e-02	2.02129751e-01
1088            	-1.92017618e-01	4.96123148e-03	2.52936670e-01	4.95505120e-02	2.01881845e-01
1089            	-1.92076308e-01	4.96986530e-03	2.52982847e-01	4.95368312e-02	2.01797519e-01
1090            	-1.92107580e-01	4.90451117e-03	2.53440361e-01	4.95408875e-02	2.01797498e-01
1091            	-1.92123374e-01	4.89132734e-03	2.53552244e-01	4.95438419e-02	2.01809812e-01
1092            	-1.92125858e-01	5.09053970e-03	2.52340462e-01	4.95547944e-02	2.01880614e-01
1093            	-1.92113797e-01	5.36963033e-03	2.50617157e-01	4.95883159e-02	2.02060531e-01
1094            	-1.92082224e-01	5.55800250e-03	2.49421587e-01	4.96689005e-02	2.02435848e-01
1095            	-1.92037067e-01	5.55339610e-03	2.49388771e-01	4.98029573e-02	2.03019969e-01
1096            	-1.91985521e-01	5.39293225e-03	2.50299827e-01	4.99781989e-02	2.03759900e-01
1097            	-1.91932992e-01	5.21410932e-03	2.51320696e-01	5.01698200e-02	2.04562411e-01
1098            	-1.91882324e-01	5.12516956e-03	2.51792002e-01	5.03374589e-02	2.05271100e-01
1099            	-1.91834660e-01	5.12503698e-03	2.51722866e-01	5.04610972e-02	2.05804415e-01
1100            	-1.91787542e-01	5.14567112e-03	2.51528889e-01	5.05616077e-02	2.06241938e-01
1101            	-1.91741580e-01	5.15486319e-03	2.51408309e-01	5.06560564e-02	2.06651977e-01
1102            	-1.91699950e-01	5.13145083e-03	2.51494013e-01	5.07429739e-02	2.07025747e-01
1103            	-1.91666950e-01	5.10719676e-03	2.51595323e-01	5.07995872e-02	2.07272026e-01
1104            	-1.91644311e-01	5.15227953e-03	2.51282281e-01	5.08151100e-02	2.07351662e-01
1105            	-1.91631971e-01	5.30455535e-03	2.50324419e-01	5.07924193e-02	2.07276367e-01
1106            	-1.91630105e-01	5.47862957e-03	2.49248844e-01	5.07411184e-02	2.07075058e-01
1107            	-1.91640602e-01	5.56341612e-03	2.48741812e-01	5.06725071e-02	2.06784365e-01
1108            	-1.91666270e-01	5.59509272e-03	2.48581393e-01	5.05816295e-02	2.06392761e-01
1109            	-1.91703168e-01	5.64921371e-03	2.48290227e-01	5.04651897e-02	2.05902779e-01
1110            	-1.91749976e-01	5.69548848e-03	2.48051451e-01	5.03397607e-02	2.05380391e-01
1111            	-1.91812018e-01	5.71670885e-03	2.47982963e-01	5.02103180e-02	2.04837479e-01
1112            	-1.91887692e-01	5.69146782e-03	2.48223158e-01	5.00825814e-02	2.04286976e-01
1113            	-1.91962152e-01	5.65571195e-03	2.48536018e-01	4.99567290e-02	2.03730679e-01
1114            	-1.92028371e-01	5.67681090e-03	2.48497534e-01	4.98572397e-02	2.03280858e-01
1115            	-1.92089803e-01	5.79119359e-03	2.47885657e-01	4.97948307e-02	2.02990884e-01
1116            	-1.92145966e-01	5.90836739e-03	2.47251302e-01	4.97325307e-02	2.02709812e-01
1117            	-1.92181427e-01	5.97673348e-03	2.46887493e-01	4.96386068e-02	2.02311027e-01
1118            	-1.92187723e-01	6.05765536e-03	2.46405389e-01	4.95439992e-02	2.01929279e-01
1119            	-1.92168073e-01	6.16019095e-03	2.45755164e-01	4.95008582e-02	2.01778322e-01
1120            	-1.92129962e-01	6.22015978e-03	2.45340795e-01	4.95269187e-02	2.01919577e-01
1121            	-1.92080066e-01	6.16390215e-03	2.45624495e-01	4.96296279e-02	2.02367946e-01
1122            	-1.92026846e-01	5.95596504e-03	2.46833070e-01	4.97900155e-02	2.03039381e-01
1123            	-1.91971257e-01	5.70226857e-03	2.48316563e-01	4.99752627e-02	2.03807878e-01
1124            	-1.91916543e-01	5.49535194e-03	2.49514002e-01	5.01484666e-02	2.04531549e-01
1125            	-1.91866665e-01	5.36419618e-03	2.50257143e-01	5.02758159e-02	2.05072091e-01
1126            	-1.91821148e-01	5.29250713e-03	2.50646891e-01	5.03763850e-02	2.05503979e-01
1127            	-1.91777416e-01	5.24215383e-03	2.50908764e-01	5.04812920e-02	2.05951108e-01
1128            	-1.91738362e-01	5.17874668e-03	2.51254941e-01	5.05858772e-02	2.06393016e-01
1129            	-1.91709615e-01	5.14810080e-03	2.51409041e-01	5.06576136e-02	2.06701975e-01
1130            	-1.91692609e-01	5.21272626e-03	2.50988704e-01	5.06831118e-02	2.06828337e-01
1131            	-1.91685322e-01	5.37354119e-03	2.49988253e-01	5.06656396e-02	2.06778784e-01
1132            	-1.91687370e-01	5.51561266e-03	2.49116621e-01	5.06274223e-02	2.06630365e-01
1133            	-1.91700380e-01	5.59461266e-03	2.48645628e-01	5.05670301e-02	2.06377375e-01
1134            	-1.91726324e-01	5.65824060e-03	2.48281463e-01	5.04839074e-02	2.06027073e-01
1135            	-1.91764021e-01	5.71939484e-03	2.47939120e-01	5.03886987e-02	2.05629621e-01
1136            	-1.91812150e-01	5.72594885e-03	2.47937619e-01	5.02924849e-02	2.05225517e-01
1137            	-1.91870652e-01	5.69136107e-03	2.48200161e-01	5.01954459e-02	2.04809676e-01
1138            	-1.91933555e-01	5.65032726e-03	2.48517883e-01	5.00911919e-02	2.04346399e-01
1139            	-1.91994670e-01	5.64601695e-03	2.48618422e-01	4.99860773e-02	2.03867188e-01
1140            	-1.92052297e-01	5.70432131e-03	2.48340848e-01	4.98871131e-02	2.03412145e-01
1141            	-1.92108424e-01	5.80774072e-03	2.47792063e-01	4.97947880e-02	2.02989743e-01
1142            	-1.92162706e-01	5.93580093e-03	2.47093621e-01	4.96901943e-02	2.02527401e-01
1143            	-1.92194678e-01	6.07924453e-03	2.46268988e-01	4.95769116e-02	2.02047180e-01
1144            	-1.92195746e-01	6.14728257e-03	2.45861828e-01	4.94838839e-02	2.01667201e-01
1145            	-1.92171233e-01	6.18475217e-03	2.45608639e-01	4.94595389e-02	2.01583948e-01
1146            	-1.92135639e-01	6.18652359e-03	2.45561757e-01	4.95106690e-02	2.01814479e-01
1147            	-1.92096615e-01	6.09248998e-03	2.46098248e-01	4.96156792e-02	2.02259375e-01
1148            	-1.92052024e-01	5.89420178e-03	2.47266096e-01	4.97553407e-02	2.02840367e-01
1149            	-1.92000964e-01	5.64288400e-03	2.48747079e-01	4.99076873e-02	2.03473784e-01
1150            	-1.91945558e-01	5.40783009e-03	2.50121164e-01	5.00505097e-02	2.04072796e-01
1151            	-1.91888812e-01	5.22517158e-03	2.51175485e-01	5.01695688e-02	2.04579674e-01
1152            	-1.91833962e-01	5.10913550e-03	2.51826383e-01	5.02786386e-02	2.05048998e-01
1153            	-1.91784508e-01	5.02224255e-03	2.52305586e-01	5.03881959e-02	2.05518283e-01
1154            	-1.91744638e-01	4.96291662e-03	2.52625705e-01	5.04864315e-02	2.05940798e-01
1155            	-1.91716765e-01	4.96517899e-03	2.52578669e-01	5.05497850e-02	2.06224206e-01
1156            	-1.91698403e-01	5.06883460e-03	2.51916541e-01	5.05723754e-02	2.06347009e-01
1157            	-1.91688465e-01	5.23458960e-03	2.50881995e-01	5.05630407e-02	2.06336882e-01
1158            	-1.91687816e-01	5.36796880e-03	2.50058224e-01	5.05353639e-02	2.06238115e-01
1159            	-1.91699533e-01	5.47941811e-03	2.49381679e-01	5.04854539e-02	2.06038239e-01
1160            	-1.91721919e-01	5.60246856e-03	2.48636799e-01	5.04128986e-02	2.05746976e-01
1161            	-1.91753972e-01	5.69645249e-03	2.48072000e-01	5.03361610e-02	2.05439464e-01
1162            	-1.91798583e-01	5.75831639e-03	2.47713549e-01	5.02622297e-02	2.05140006e-01
1163            	-1.91854388e-01	5.76657254e-03	2.47702733e-01	5.01878741e-02	2.04820777e-01
1164            	-1.91907378e-01	5.77515508e-03	2.47698003e-01	5.01167799e-02	2.04492390e-01
1165            	-1.91956805e-01	5.81561197e-03	2.47505112e-01	5.00438590e-02	2.04142276e-01
1166            	-1.92006301e-01	5.91525923e-03	2.46957831e-01	4.99551694e-02	2.03729536e-01
1167            	-1.92057772e-01	6.04604849e-03	2.46229056e-01	4.98437484e-02	2.03233853e-01
1168            	-1.92107402e-01	6.24157011e-03	2.45104475e-01	4.97170694e-02	2.02690257e-01
1169            	-1.92145479e-01	6.44943825e-03	2.43890949e-01	4.96040397e-02	2.02216280e-01
1170            	-1.92155718e-01	6.55356416e-03	2.43277335e-01	4.95308253e-02	2.01915546e-01
1171            	-1.92139192e-01	6.50995852e-03	2.43535322e-01	4.95216805e-02	2.01883405e-01
1172            	-1.92111213e-01	6.41033163e-03	2.44122879e-01	4.95734680e-02	2.02104483e-01
1173            	-1.92082950e-01	6.27724708e-03	2.44915754e-01	4.96600104e-02	2.02466633e-01
1174            	-1.92052407e-01	6.10592072e-03	2.45938920e-01	4.97636600e-02	2.02897609e-01
1175            	-1.92012551e-01	5.86957173e-03	2.47348248e-01	4.98833236e-02	2.03392455e-01
1176            	-1.91964578e-01	5.59841520e-03	2.48961929e-01	5.00035158e-02	2.03890523e-01
1177            	-1.91913732e-01	5.35322845e-03	2.50414481e-01	5.01048296e-02	2.04314913e-01
1178            	-1.91862902e-01	5.16303268e-03	2.51530631e-01	5.01997329e-02	2.04716708e-01
1179            	-1.91816017e-01	5.02664191e-03	2.52320976e-01	5.02981796e-02	2.05135012e-01
1180            	-1.91777801e-01	4.94667770e-03	2.52773603e-01	5.03851254e-02	2.05509300e-01
1181            	-1.91750278e-01	4.95799045e-03	2.52675930e-01	5.04430941e-02	2.05772168e-01
1182            	-1.91731428e-01	5.06713090e-03	2.51985422e-01	5.04690550e-02	2.05908980e-01
1183            	-1.91721110e-01	5.17874768e-03	2.51288809e-01	5.04743866e-02	2.05953808e-01
1184            	-1.91719256e-01	5.28389917e-03	2.50637658e-01	5.04611894e-02	2.05915270e-01
1185            	-1.91727114e-01	5.39403068e-03	2.49960262e-01	5.04212898e-02	2.05763322e-01
1186            	-1.91743468e-01	5.53260485e-03	2.49107175e-01	5.03652080e-02	2.05549260e-01
1187            	-1.91771402e-01	5.62388652e-03	2.48548626e-01	5.03113046e-02	2.05342717e-01
1188            	-1.91812307e-01	5.68364111e-03	2.48193588e-01	5.02627053e-02	2.05150982e-01
1189            	-1.91860905e-01	5.72010283e-03	2.47997705e-01	5.02085442e-02	2.04914517e-01
1190            	-1.91907200e-01	5.77431868e-03	2.47700852e-01	5.01486743e-02	2.04632700e-01
1191            	-1.91948124e-01	5.88528244e-03	2.47060819e-01	5.00741725e-02	2.04280889e-01
1192            	-1.91989278e-01	6.01388899e-03	2.46321001e-01	4.99806113e-02	2.03851215e-01
1193            	-1.92033623e-01	6.14569899e-03	2.45571459e-01	4.98609755e-02	2.03323092e-01
1194            	-1.92072428e-01	6.30308473e-03	2.44661706e-01	4.97325491e-02	2.02769907e-01
1195            	-1.92105064e-01	6.48142156e-03	2.43619035e-01	4.96209716e-02	2.02298231e-01
1196            	-1.92118247e-01	6.64754887e-03	2.42630313e-01	4.95561037e-02	2.02031570e-01
1197            	-1.92110217e-01	6.67871953e-03	2.42443189e-01	4.95434268e-02	2.01983245e-01
1198            	-1.92091489e-01	6.54395988e-03	2.43259109e-01	4.95712605e-02	2.02098170e-01
1199            	-1.92068586e-01	6.34731914e-03	2.44450128e-01	4.96341744e-02	2.02355704e-01
1200            	-1.92043325e-01	6.13972613e-03	2.45705751e-01	4.97127450e-02	2.02678029e-01
1201            	-1.92012028e-01	5.93324872e-03	2.46947573e-01	4.98045099e-02	2.03057091e-01
1202            	-1.91972654e-01	5.71038476e-03	2.48282090e-01	4.99044417e-02	2.03472836e-01
1203            	-1.91929371e-01	5.47683052e-03	2.49677911e-01	4.99969304e-02	2.03861122e-01
1204            	-1.91886334e-01	5.24226314e-03	2.51078667e-01	5.00834947e-02	2.04223838e-01
1205            	-1.91845013e-01	5.02812262e-03	2.52355853e-01	5.01769324e-02	2.04614752e-01
1206            	-1.91809546e-01	4.90565310e-03	2.53075794e-01	5.02606645e-02	2.04972626e-01
1207            	-1.91783050e-01	4.91826603e-03	2.52974987e-01	5.03208625e-02	2.05244949e-01
1208            	-1.91764509e-01	5.03424482e-03	2.52246542e-01	5.03584752e-02	2.05430607e-01
1209            	-1.91754758e-01	5.12555917e-03	2.51679346e-01	5.03809787e-02	2.05545166e-01
1210            	-1.91753271e-01	5.18901786e-03	2.51287627e-01	5.03822264e-02	2.05565648e-01
1211            	-1.91759190e-01	5.27918753e-03	2.50729530e-01	5.03573359e-02	2.05481075e-01
1212            	-1.91770069e-01	5.40307204e-03	2.49955967e-01	5.03231805e-02	2.05364069e-01
1213            	-1.91790156e-01	5.49448952e-03	2.49381560e-01	5.02975527e-02	2.05279758e-01
1214            	-1.91821883e-01	5.55725567e-03	2.48991630e-01	5.02789391e-02	2.05214520e-01
1215            	-1.91859362e-01	5.59631326e-03	2.48761596e-01	5.02522776e-02	2.05091258e-01
1216            	-1.91895960e-01	5.65083080e-03	2.48445897e-01	5.02151281e-02	2.04903002e-01
1217            	-1.91926731e-01	5.78055076e-03	2.47672109e-01	5.01535135e-02	2.04607542e-01
1218            	-1.91954039e-01	5.93517599e-03	2.46748650e-01	5.00633062e-02	2.04196197e-01
1219            	-1.91982900e-01	6.08836201e-03	2.45841648e-01	4.99477113e-02	2.03687392e-01
1220            	-1.92010435e-01	6.27309282e-03	2.44743674e-01	4.98193273e-02	2.03136408e-01
1221            	-1.92034485e-01	6.45263519e-03	2.43677083e-01	4.97048372e-02	2.02654237e-01
1222            	-1.92051329e-01	6.65581253e-03	2.42462758e-01	4.96332668e-02	2.02360852e-01
1223            	-1.92057051e-01	6.76437581e-03	2.41819919e-01	4.96149971e-02	2.02287653e-01
1224            	-1.92048864e-01	6.66983880e-03	2.42406067e-01	4.96366484e-02	2.02371661e-01
1225            	-1.92031700e-01	6.41949529e-03	2.43935883e-01	4.96823177e-02	2.02549889e-01
1226            	-1.92012041e-01	6.15485203e-03	2.45550705e-01	4.97461744e-02	2.02806092e-01
1227            	-1.91991044e-01	5.95139855e-03	2.46790800e-01	4.98064861e-02	2.03054793e-01
1228            	-1.91967649e-01	5.79426762e-03	2.47747302e-01	4.98611827e-02	2.03287109e-01
1229            	-1.91937999e-01	5.59722685e-03	2.48942667e-01	4.99195220e-02	2.03534287e-01
1230            	-1.91902955e-01	5.34192077e-03	2.50487242e-01	4.99899573e-02	2.03827825e-01
1231            	-1.91867407e-01	5.07320698e-03	2.52109975e-01	5.00694379e-02	2.04157168e-01
1232            	-1.91836341e-01	4.89263076e-03	2.53193906e-01	5.01375736e-02	2.04447428e-01
1233            	-1.91811714e-01	4.87600507e-03	2.53276580e-01	5.01800201e-02	2.04644890e-01
1234            	-1.91794717e-01	4.97545037e-03	2.52654459e-01	5.02067945e-02	2.04784082e-01
1235            	-1.91786510e-01	5.05984687e-03	2.52135771e-01	5.02326642e-02	2.04911979e-01
1236            	-1.91786832e-01	5.10254959e-03	2.51878261e-01	5.02498170e-02	2.04997767e-01
1237            	-1.91793386e-01	5.15836055e-03	2.51534265e-01	5.02508632e-02	2.05021936e-01
1238            	-1.91805713e-01	5.22470685e-03	2.51115996e-01	5.02467005e-02	2.05031227e-01
1239            	-1.91826369e-01	5.29057307e-03	2.50696807e-01	5.02471668e-02	2.05059963e-01
1240            	-1.91853280e-01	5.36297858e-03	2.50240914e-01	5.02517605e-02	2.05093380e-01
1241            	-1.91882072e-01	5.42834099e-03	2.49836082e-01	5.02566028e-02	2.05101265e-01
1242            	-1.91908364e-01	5.53067169e-03	2.49210720e-01	5.02460949e-02	2.05026724e-01
1243            	-1.91928106e-01	5.66455835e-03	2.48392991e-01	5.02119762e-02	2.04847816e-01
1244            	-1.91946018e-01	5.82292538e-03	2.47430071e-01	5.01416443e-02	2.04521326e-01
1245            	-1.91961700e-01	6.01386525e-03	2.46266773e-01	5.00436378e-02	2.04090152e-01
1246            	-1.91976017e-01	6.23630576e-03	2.44911823e-01	4.99288396e-02	2.03601315e-01
1247            	-1.91986131e-01	6.44513013e-03	2.43639736e-01	4.98220187e-02	2.03154533e-01
1248            	-1.91992063e-01	6.58760151e-03	2.42777395e-01	4.97536795e-02	2.02869645e-01
1249            	-1.91995375e-01	6.66019306e-03	2.42348588e-01	4.97348468e-02	2.02785366e-01
1250            	-1.91996450e-01	6.61660578e-03	2.42635105e-01	4.97560353e-02	2.02858757e-01
1251            	-1.91988033e-01	6.44634706e-03	2.43687020e-01	4.97964311e-02	2.03009341e-01
1252            	-1.91971600e-01	6.20251159e-03	2.45178889e-01	4.98359314e-02	2.03161149e-01
1253            	-1.91952874e-01	5.97434278e-03	2.46574714e-01	4.98651170e-02	2.03278047e-01
1254            	-1.91936004e-01	5.78396899e-03	2.47747438e-01	4.98812270e-02	2.03345753e-01
1255            	-1.91919214e-01	5.60495979e-03	2.48853750e-01	4.98980579e-02	2.03419267e-01
1256            	-1.91900173e-01	5.38238952e-03	2.50223706e-01	4.99292693e-02	2.03550163e-01
1257            	-1.91876227e-01	5.13606960e-03	2.51729195e-01	4.99762204e-02	2.03747157e-01
1258            	-1.91852372e-01	4.95762474e-03	2.52812877e-01	5.00171098e-02	2.03926110e-01
1259            	-1.91832838e-01	4.90461774e-03	2.53128707e-01	5.00362329e-02	2.04025585e-01
1260            	-1.91819771e-01	4.90688618e-03	2.53113381e-01	5.00489561e-02	2.04098450e-01
1261            	-1.91816115e-01	4.93288194e-03	2.52961573e-01	5.00636728e-02	2.04175816e-01
1262            	-1.91821142e-01	4.96755134e-03	2.52759931e-01	5.00820496e-02	2.04268229e-01
1263            	-1.91833563e-01	4.99855057e-03	2.52576726e-01	5.01029259e-02	2.04377050e-01
1264            	-1.91851377e-01	4.98673053e-03	2.52647689e-01	5.01370539e-02	2.04543918e-01
1265            	-1.91873633e-01	5.01178858e-03	2.52482233e-01	5.01682224e-02	2.04700194e-01
1266            	-1.91895686e-01	5.06949838e-03	2.52110731e-01	5.01998065e-02	2.04842009e-01
1267            	-1.91916954e-01	5.18321866e-03	2.51400763e-01	5.02147673e-02	2.04893554e-01
1268            	-1.91930833e-01	5.39641231e-03	2.50080106e-01	5.02035088e-02	2.04828570e-01
1269            	-1.91939747e-01	5.64113248e-03	2.48565858e-01	5.01737041e-02	2.04685156e-01
1270            	-1.91945378e-01	5.83968726e-03	2.47333083e-01	5.01305263e-02	2.04484586e-01
1271            	-1.91946966e-01	6.01555497e-03	2.46235035e-01	5.00702190e-02	2.04215495e-01
1272            	-1.91944140e-01	6.16946391e-03	2.45266956e-01	5.00010319e-02	2.03917433e-01
1273            	-1.91934066e-01	6.35007651e-03	2.44132460e-01	4.99368460e-02	2.03650608e-01
1274            	-1.91923121e-01	6.48813563e-03	2.43266941e-01	4.99000047e-02	2.03496047e-01
1275            	-1.91917323e-01	6.52726734e-03	2.43023560e-01	4.98892215e-02	2.03440325e-01
1276            	-1.91918165e-01	6.47996393e-03	2.43326254e-01	4.98956888e-02	2.03448462e-01
1277            	-1.91920492e-01	6.37541325e-03	2.43987754e-01	4.99182788e-02	2.03519671e-01
1278            	-1.91917373e-01	6.22818174e-03	2.44908918e-01	4.99425939e-02	2.03600227e-01
1279            	-1.91904219e-01	6.02596292e-03	2.46158206e-01	4.99554007e-02	2.03638185e-01
1280            	-1.91887417e-01	5.78686217e-03	2.47633445e-01	4.99624396e-02	2.03657223e-01
1281            	-1.91876083e-01	5.53365063e-03	2.49205896e-01	4.99597836e-02	2.03638569e-01
1282            	-1.91872152e-01	5.27641407e-03	2.50813779e-01	4.99559876e-02	2.03617161e-01
1283            	-1.91868705e-01	5.08494391e-03	2.52015664e-01	4.99557296e-02	2.03619634e-01
1284            	-1.91862265e-01	4.98691095e-03	2.52635474e-01	4.99446188e-02	2.03587893e-01
1285            	-1.91853064e-01	4.92806672e-03	2.53007886e-01	4.99291148e-02	2.03541559e-01
1286            	-1.91847748e-01	4.85044087e-03	2.53498685e-01	4.99210456e-02	2.03519449e-01
1287            	-1.91850759e-01	4.77097429e-03	2.54005966e-01	4.99203727e-02	2.03525721e-01
1288            	-1.91861660e-01	4.72745584e-03	2.54290801e-01	4.99306395e-02	2.03584155e-01
1289            	-1.91880781e-01	4.68759815e-03	2.54549278e-01	4.99663681e-02	2.03754712e-01
1290            	-1.91906206e-01	4.66229176e-03	2.54710920e-01	5.00170850e-02	2.03990545e-01
1291            	-1.91931270e-01	4.64498225e-03	2.54814887e-01	5.00727426e-02	2.04235112e-01
1292            	-1.91952264e-01	4.69032109e-03	2.54532296e-01	5.01160379e-02	2.04412437e-01
1293            	-1.91963867e-01	4.88531095e-03	2.53323263e-01	5.01330300e-02	2.04478422e-01
1294            	-1.91967037e-01	5.16826701e-03	2.51565050e-01	5.01340643e-02	2.04480878e-01
1295            	-1.91965182e-01	5.43651732e-03	2.49889423e-01	5.01292783e-02	2.04459609e-01
1296            	-1.91958589e-01	5.67708521e-03	2.48374326e-01	5.01106767e-02	2.04381648e-01
1297            	-1.91945710e-01	5.89943063e-03	2.46961960e-01	5.00807573e-02	2.04261451e-01
1298            	-1.91920151e-01	6.12104885e-03	2.45540871e-01	5.00563746e-02	2.04168793e-01
1299            	-1.91889746e-01	6.28010119e-03	2.44504864e-01	5.00534029e-02	2.04160205e-01
1300            	-1.91859769e-01	6.35213528e-03	2.44009480e-01	5.00637548e-02	2.04198693e-01
1301            	-1.91834840e-01	6.31127309e-03	2.44218146e-01	5.00833582e-02	2.04265350e-01
1302            	-1.91814302e-01	6.18369661e-03	2.44969673e-01	5.01018345e-02	2.04320128e-01
1303            	-1.91796443e-01	6.04069018e-03	2.45825690e-01	5.01096661e-02	2.04330487e-01
1304            	-1.91780738e-01	5.91914826e-03	2.46561770e-01	5.01028558e-02	2.04282238e-01
1305            	-1.91770519e-01	5.80461400e-03	2.47272336e-01	5.00841458e-02	2.04184006e-01
1306            	-1.91768565e-01	5.65781382e-03	2.48200460e-01	5.00526675e-02	2.04030998e-01
1307            	-1.91773094e-01	5.44354393e-03	2.49556692e-01	5.00347142e-02	2.03931254e-01
1308            	-1.91781773e-01	5.18403447e-03	2.51197745e-01	5.00252707e-02	2.03869228e-01
1309            	-1.91792232e-01	4.94922600e-03	2.52689361e-01	4.99957979e-02	2.03733377e-01
1310            	-1.91806527e-01	4.77990837e-03	2.53783168e-01	4.99373659e-02	2.03486559e-01
1311            	-1.91827170e-01	4.67670168e-03	2.54477406e-01	4.98657842e-02	2.03190590e-01
1312            	-1.91853451e-01	4.61690053e-03	2.54906933e-01	4.97962630e-02	2.02909256e-01
1313            	-1.91883028e-01	4.58257792e-03	2.55174585e-01	4.97488838e-02	2.02727565e-01
1314            	-1.91913677e-01	4.48704808e-03	2.55807561e-01	4.97442164e-02	2.02725364e-01
1315            	-1.91944782e-01	4.35806196e-03	2.56632289e-01	4.97825679e-02	2.02902402e-01
1316            	-1.91971171e-01	4.25904863e-03	2.57258260e-01	4.98434327e-02	2.03165088e-01
1317            	-1.91992779e-01	4.23067599e-03	2.57446121e-01	4.99043200e-02	2.03414708e-01
1318            	-1.92006379e-01	4.35877105e-03	2.56666480e-01	4.99494807e-02	2.03598919e-01
1319            	-1.92013503e-01	4.58003844e-03	2.55308745e-01	4.99927205e-02	2.03778639e-01
1320            	-1.92016747e-01	4.80155472e-03	2.53941399e-01	5.00328507e-02	2.03949337e-01
1321            	-1.92012194e-01	5.05033752e-03	2.52388871e-01	5.00594427e-02	2.04072828e-01
1322            	-1.91995648e-01	5.33113776e-03	2.50617423e-01	5.00775382e-02	2.04173888e-01
1323            	-1.91963626e-01	5.65567856e-03	2.48553873e-01	5.00972997e-02	2.04293087e-01
1324            	-1.91922800e-01	5.92224085e-03	2.46837314e-01	5.01364794e-02	2.04487369e-01
1325            	-1.91877887e-01	6.06962293e-03	2.45850436e-01	5.01988796e-02	2.04761376e-01
1326            	-1.91832383e-01	6.09212893e-03	2.45631091e-01	5.02827172e-02	2.05109419e-01
1327            	-1.91787436e-01	6.04743577e-03	2.45826013e-01	5.03655241e-02	2.05447305e-01
1328            	-1.91744268e-01	5.99447563e-03	2.46076869e-01	5.04259290e-02	2.05692825e-01
1329            	-1.91703226e-01	5.95878408e-03	2.46230023e-01	5.04480983e-02	2.05782148e-01
1330            	-1.91666054e-01	5.88863003e-03	2.46606721e-01	5.04326340e-02	2.05711948e-01
1331            	-1.91636202e-01	5.73031182e-03	2.47541917e-01	5.04079489e-02	2.05591077e-01
1332            	-1.91614186e-01	5.48478172e-03	2.49029208e-01	5.03838209e-02	2.05462548e-01
1333            	-1.91604250e-01	5.23001594e-03	2.50591747e-01	5.03438375e-02	2.05270607e-01
1334            	-1.91609927e-01	5.05283851e-03	2.51702479e-01	5.02723754e-02	2.04955983e-01
1335            	-1.91628603e-01	4.94635696e-03	2.52402022e-01	5.01764261e-02	2.04541198e-01
1336            	-1.91660250e-01	4.85375322e-03	2.53039327e-01	5.00655035e-02	2.04058803e-01
1337            	-1.91703608e-01	4.74985784e-03	2.53763641e-01	4.99415039e-02	2.03518890e-01
1338            	-1.91753397e-01	4.65482772e-03	2.54438237e-01	4.98108557e-02	2.02957416e-01
1339            	-1.91809707e-01	4.55247411e-03	2.55161111e-01	4.96976394e-02	2.02476245e-01
1340            	-1.91878727e-01	4.52335137e-03	2.55444857e-01	4.96218410e-02	2.02160240e-01
1341            	-1.91956374e-01	4.58054201e-03	2.55211125e-01	4.95911016e-02	2.02027742e-01
1342            	-1.92024254e-01	4.58486916e-03	2.55291083e-01	4.95862415e-02	2.01989221e-01
1343            	-1.92068821e-01	4.52669653e-03	2.55723004e-01	4.95868596e-02	2.01970694e-01
1344            	-1.92092050e-01	4.49360122e-03	2.55971147e-01	4.96043858e-02	2.02032666e-01
1345            	-1.92106181e-01	4.55267038e-03	2.55639900e-01	4.96405763e-02	2.02185911e-01
1346            	-1.92109260e-01	4.76278795e-03	2.54362079e-01	4.96920249e-02	2.02419991e-01
1347            	-1.92094578e-01	5.03336689e-03	2.52683179e-01	4.97562503e-02	2.02722419e-01
1348            	-1.92062958e-01	5.24365970e-03	2.51346303e-01	4.98309015e-02	2.03073820e-01
1349            	-1.92020098e-01	5.31567117e-03	2.50839790e-01	4.99263612e-02	2.03504321e-01
1350            	-1.91970774e-01	5.26439199e-03	2.51079783e-01	5.00577371e-02	2.04070293e-01
1351            	-1.91918458e-01	5.18494821e-03	2.51488619e-01	5.02220501e-02	2.04764471e-01
1352            	-1.91866298e-01	5.15307856e-03	2.51604070e-01	5.03806421e-02	2.05436475e-01
1353            	-1.91817059e-01	5.15819597e-03	2.51495171e-01	5.04932343e-02	2.05922057e-01
1354            	-1.91770017e-01	5.16925699e-03	2.51353222e-01	5.05724763e-02	2.06270465e-01
1355            	-1.91724551e-01	5.18588880e-03	2.51181209e-01	5.06396365e-02	2.06567550e-01
1356            	-1.91682866e-01	5.19297438e-03	2.51076070e-01	5.07043378e-02	2.06850615e-01
1357            	-1.91647281e-01	5.18346189e-03	2.51082591e-01	5.07552525e-02	2.07072420e-01
1358            	-1.91622379e-01	5.20773061e-03	2.50895104e-01	5.07754784e-02	2.07168054e-01
1359            	-1.91610364e-01	5.31234376e-03	2.50230219e-01	5.07551820e-02	2.07098422e-01
1360            	-1.91609660e-01	5.46486843e-03	2.49287575e-01	5.06947466e-02	2.06860569e-01
1361            	-1.91619693e-01	5.55162535e-03	2.48767294e-01	5.06133389e-02	2.06522519e-01
1362            	-1.91641821e-01	5.58162586e-03	2.48613364e-01	5.05203319e-02	2.06126457e-01
1363            	-1.91676079e-01	5.60177351e-03	2.48532882e-01	5.04084450e-02	2.05651869e-01
1364            	-1.91721649e-01	5.64399995e-03	2.48323276e-01	5.02793993e-02	2.05111640e-01
1365            	-1.91782665e-01	5.65519228e-03	2.48319708e-01	5.01401595e-02	2.04526616e-01
1366            	-1.91856342e-01	5.64439219e-03	2.48468043e-01	5.00032436e-02	2.03945651e-01
1367            	-1.91931783e-01	5.60898988e-03	2.48779450e-01	4.98750370e-02	2.03387502e-01
1368            	-1.91999424e-01	5.64026369e-03	2.48680475e-01	4.97768678e-02	2.02950587e-01
1369            	-1.92065022e-01	5.79051050e-03	2.47856347e-01	4.97167641e-02	2.02675966e-01
1370            	-1.92124247e-01	5.90392804e-03	2.47250026e-01	4.96722074e-02	2.02471085e-01
1371            	-1.92161537e-01	5.89988265e-03	2.47331975e-01	4.96138665e-02	2.02216705e-01
1372            	-1.92169962e-01	5.91469562e-03	2.47258154e-01	4.95581734e-02	2.01989189e-01
1373            	-1.92156599e-01	6.01373541e-03	2.46638132e-01	4.95366185e-02	2.01923093e-01
1374            	-1.92124840e-01	6.14886604e-03	2.45771247e-01	4.95661050e-02	2.02082593e-01
1375            	-1.92077732e-01	6.16445252e-03	2.45617596e-01	4.96633550e-02	2.02516347e-01
1376            	-1.92023343e-01	5.98002500e-03	2.46680677e-01	4.98249233e-02	2.03196684e-01
1377            	-1.91965350e-01	5.70360241e-03	2.48300625e-01	5.00255209e-02	2.04026271e-01
1378            	-1.91910808e-01	5.47924863e-03	2.49604387e-01	5.02147417e-02	2.04811479e-01
1379            	-1.91862540e-01	5.36549116e-03	2.50240003e-01	5.03541354e-02	2.05400188e-01
1380            	-1.91818379e-01	5.31790436e-03	2.50480568e-01	5.04555843e-02	2.05836566e-01
1381            	-1.91773590e-01	5.28454137e-03	2.50635320e-01	5.05571184e-02	2.06271548e-01
1382            	-1.91732092e-01	5.22292194e-03	2.50966405e-01	5.06601409e-02	2.06706224e-01
1383            	-1.91700151e-01	5.16546801e-03	2.51280937e-01	5.07370165e-02	2.07031358e-01
1384            	-1.91681413e-01	5.19161349e-03	2.51095192e-01	5.07666490e-02	2.07168400e-01
1385            	-1.91673242e-01	5.33170362e-03	2.50220667e-01	5.07473682e-02	2.07110003e-01
1386            	-1.91674259e-01	5.50888534e-03	2.49130903e-01	5.06987555e-02	2.06924760e-01
1387            	-1.91684955e-01	5.61277833e-03	2.48504725e-01	5.06305727e-02	2.06643086e-01
1388            	-1.91709510e-01	5.65044401e-03	2.48302818e-01	5.05434988e-02	2.06271302e-01
1389            	-1.91747231e-01	5.69563870e-03	2.48063941e-01	5.04343128e-02	2.05810785e-01
1390            	-1.91794180e-01	5.69935279e-03	2.48082705e-01	5.03202815e-02	2.05331498e-01
1391            	-1.91850914e-01	5.68558264e-03	2.48215135e-01	5.02031718e-02	2.04838609e-01
1392            	-1.91917781e-01	5.64055743e-03	2.48560330e-01	5.00842838e-02	2.04321634e-01
1393            	-1.91983685e-01	5.62847839e-03	2.48713974e-01	4.99635190e-02	2.03782000e-01
1394            	-1.92045404e-01	5.69004101e-03	2.48422074e-01	4.98500022e-02	2.03268747e-01
1395            	-1.92102014e-01	5.80743796e-03	2.47786852e-01	4.97517011e-02	2.02823486e-01
1396            	-1.92156979e-01	5.94358379e-03	2.47038158e-01	4.96587867e-02	2.02409260e-01
1397            	-1.92194388e-01	6.04006859e-03	2.46508125e-01	4.95607490e-02	2.01985369e-01
1398            	-1.92203974e-01	6.06403345e-03	2.46383586e-01	4.94692819e-02	2.01603988e-01
1399            	-1.92186702e-01	6.08852232e-03	2.46221090e-01	4.94278427e-02	2.01446087e-01
1400            	-1.92155571e-01	6.13642455e-03	2.45897365e-01	4.94639174e-02	2.01618369e-01
1401            	-1.92117846e-01	6.13701561e-03	2.45854061e-01	4.95659594e-02	2.02062220e-01
1402            	-1.92073736e-01	5.99890702e-03	2.46652256e-01	4.97108607e-02	2.02671899e-01
1403            	-1.92023014e-01	5.73948071e-03	2.48183927e-01	4.98763229e-02	2.03358586e-01
1404            	-1.91968479e-01	5.46045306e-03	2.49829268e-01	5.00393658e-02	2.04035672e-01
1405            	-1.91912592e-01	5.24564869e-03	2.51080879e-01	5.01757890e-02	2.04610404e-01
1406            	-1.91857807e-01	5.12635741e-03	2.51750948e-01	5.02943057e-02	2.05118782e-01
1407            	-1.91806859e-01	5.05672636e-03	2.52121648e-01	5.04080991e-02	2.05608027e-01
1408            	-1.91763360e-01	4.99464652e-03	2.52454379e-01	5.05182091e-02	2.06079034e-01
1409            	-1.91730972e-01	4.96290089e-03	2.52611523e-01	5.05987403e-02	2.06428316e-01
1410            	-1.91708870e-01	5.01692086e-03	2.52250841e-01	5.06395672e-02	2.06619921e-01
1411            	-1.91695063e-01	5.17239692e-03	2.51274199e-01	5.06404499e-02	2.06651017e-01
1412            	-1.91690299e-01	5.31933034e-03	2.50361488e-01	5.06164137e-02	2.06569784e-01
1413            	-1.91695468e-01	5.44884594e-03	2.49565713e-01	5.05687997e-02	2.06382304e-01
1414            	-1.91712375e-01	5.57653497e-03	2.48789077e-01	5.04937165e-02	2.06079038e-01
1415            	-1.91738626e-01	5.69132477e-03	2.48093075e-01	5.04092855e-02	2.05738512e-01
1416            	-1.91776981e-01	5.75461248e-03	2.47720254e-01	5.03277800e-02	2.05406691e-01
1417            	-1.91828269e-01	5.76590280e-03	2.47682588e-01	5.02478823e-02	2.05070613e-01
1418            	-1.91882913e-01	5.76605260e-03	2.47727527e-01	5.01635516e-02	2.04695927e-01
1419            	-1.91934383e-01	5.79013084e-03	2.47632857e-01	5.00820765e-02	2.04315801e-01
1420            	-1.91984776e-01	5.87278873e-03	2.47188039e-01	4.99888976e-02	2.03883743e-01
1421            	-1.92036935e-01	5.97013230e-03	2.46663204e-01	4.98773756e-02	2.03382082e-01
1422            	-1.92090230e-01	6.10777309e-03	2.45898055e-01	4.97467969e-02	2.02815132e-01
1423            	-1.92134253e-01	6.33110625e-03	2.44597925e-01	4.96252804e-02	2.02302038e-01
1424            	-1.92156111e-01	6.50201374e-03	2.43589807e-01	4.95342961e-02	2.01927890e-01
1425            	-1.92146982e-01	6.55240089e-03	2.43279498e-01	4.94923870e-02	2.01766293e-01
1426            	-1.92120559e-01	6.48941727e-03	2.43642734e-01	4.95149569e-02	2.01871699e-01
1427            	-1.92091337e-01	6.35263951e-03	2.44457031e-01	4.95911933e-02	2.02192865e-01
1428            	-1.92061042e-01	6.16991362e-03	2.45551692e-01	4.96949520e-02	2.02623913e-01
1429            	-1.92023000e-01	5.94717574e-03	2.46880129e-01	4.98157528e-02	2.03124119e-01
1430            	-1.91976337e-01	5.69304426e-03	2.48388882e-01	4.99427140e-02	2.03651209e-01
1431            	-1.91926149e-01	5.45061681e-03	2.49823070e-01	5.00524543e-02	2.04110720e-01
1432            	-1.91875081e-01	5.24935769e-03	2.51006303e-01	5.01527368e-02	2.04534660e-01
1433            	-1.91826832e-01	5.09383579e-03	2.51913299e-01	5.02559159e-02	2.04970983e-01
1434            	-1.91785804e-01	4.98363357e-03	2.52549555e-01	5.03571211e-02	2.05401039e-01
1435            	-1.91756263e-01	4.95519668e-03	2.52694735e-01	5.04324548e-02	2.05730542e-01
1436            	-1.91736413e-01	5.03238935e-03	2.52199489e-01	5.04740628e-02	2.05929396e-01
1437            	-1.91724478e-01	5.16479410e-03	2.51372440e-01	5.04893045e-02	2.06019699e-01
1438            	-1.91720709e-01	5.26885284e-03	2.50728616e-01	5.04900461e-02	2.06039199e-01
1439            	-1.91726838e-01	5.35478058e-03	2.50203532e-01	5.04668431e-02	2.05951782e-01
1440            	-1.91741289e-01	5.48426999e-03	2.49409898e-01	5.04194933e-02	2.05768810e-01
1441            	-1.91764903e-01	5.60366542e-03	2.48677351e-01	5.03615979e-02	2.05546100e-01
1442            	-1.91800294e-01	5.68102316e-03	2.48209350e-01	5.03102374e-02	2.05345855e-01
1443            	-1.91847326e-01	5.69662282e-03	2.48137657e-01	5.02631380e-02	2.05144128e-01
1444            	-1.91894545e-01	5.71109448e-03	2.48083710e-01	5.02076493e-02	2.04884801e-01
1445            	-1.91937085e-01	5.75538417e-03	2.47851265e-01	5.01456865e-02	2.04584035e-01
1446            	-1.91975851e-01	5.83684684e-03	2.47394413e-01	5.00699980e-02	2.04224307e-01
1447            	-1.92019092e-01	5.95680555e-03	2.46715779e-01	4.99647779e-02	2.03748685e-01
1448            	-1.92062860e-01	6.12600970e-03	2.45741398e-01	4.98304079e-02	2.03166085e-01
1449            	-1.92098970e-01	6.36948133e-03	2.44304185e-01	4.96953285e-02	2.02597379e-01
1450            	-1.92118724e-01	6.57577587e-03	2.43075403e-01	4.95928132e-02	2.02174227e-01
1451            	-1.92112918e-01	6.61848346e-03	2.42817719e-01	4.95481027e-02	2.01992871e-01
1452            	-1.92090361e-01	6.49638848e-03	2.43549537e-01	4.95589498e-02	2.02037858e-01
1453            	-1.92064662e-01	6.31249092e-03	2.44658426e-01	4.96174865e-02	2.02277154e-01
1454            	-1.92039802e-01	6.13523718e-03	2.45727974e-01	4.96927079e-02	2.02587287e-01
1455            	-1.92011751e-01	5.96683160e-03	2.46738113e-01	4.97735513e-02	2.02924520e-01
1456            	-1.91974705e-01	5.76607399e-03	2.47936483e-01	4.98621109e-02	2.03295308e-01
1457            	-1.91932163e-01	5.52410716e-03	2.49383092e-01	4.99485993e-02	2.03658059e-01
1458            	-1.91887888e-01	5.28081548e-03	2.50835381e-01	5.00343631e-02	2.04017765e-01
1459            	-1.91844757e-01	5.06731851e-03	2.52105996e-01	5.01269749e-02	2.04406134e-01
1460            	-1.91806830e-01	4.93908575e-03	2.52857879e-01	5.02153833e-02	2.04783992e-01
1461            	-1.91778818e-01	4.92696260e-03	2.52906522e-01	5.02809067e-02	2.05078145e-01
1462            	-1.91759193e-01	5.02691004e-03	2.52274572e-01	5.03217931e-02	2.05279276e-01
1463            	-1.91747360e-01	5.13738335e-03	2.51586611e-01	5.03461956e-02	2.05406748e-01
1464            	-1.91743432e-01	5.21969617e-03	2.51077686e-01	5.03574261e-02	2.05471190e-01
1465            	-1.91748662e-01	5.28839221e-03	2.50655964e-01	5.03457865e-02	2.05437091e-01
1466            	-1.91759795e-01	5.40110739e-03	2.49957096e-01	5.03184784e-02	2.05344630e-01
1467            	-1.91779182e-01	5.50118970e-03	2.49332895e-01	5.02921077e-02	2.05258104e-01
1468            	-1.91810720e-01	5.58644354e-03	2.48806040e-01	5.02695123e-02	2.05182287e-01
1469            	-1.91851326e-01	5.64673091e-03	2.48448905e-01	5.02418425e-02	2.05063625e-01
1470            	-1.91892027e-01	5.69711648e-03	2.48163142e-01	5.02102809e-02	2.04902560e-01
1471            	-1.91927555e-01	5.79977122e-03	2.47561725e-01	5.01601390e-02	2.04651879e-01
1472            	-1.91958284e-01	5.93717958e-03	2.46747740e-01	5.00859294e-02	2.04302685e-01
1473            	-1.91989164e-01	6.07967572e-03	2.45908804e-01	4.99908078e-02	2.03874789e-01
1474            	-1.92020753e-01	6.24624691e-03	2.44927499e-01	4.98702315e-02	2.03351701e-01
1475            	-1.92051292e-01	6.40684354e-03	2.43986255e-01	4.97480785e-02	2.02832015e-01
1476            	-1.92071405e-01	6.60805223e-03	2.42788349e-01	4.96617024e-02	2.02473038e-01
1477            	-1.92077001e-01	6.71851887e-03	2.42133110e-01	4.96378793e-02	2.02374226e-01
1478            	-1.92066873e-01	6.64946573e-03	2.42559305e-01	4.96568482e-02	2.02448121e-01
1479            	-1.92048226e-01	6.43815188e-03	2.43846256e-01	4.96961806e-02	2.02603022e-01
1480            	-1.92027364e-01	6.19705779e-03	2.45313699e-01	4.97565726e-02	2.02846161e-01
1481            	-1.92004676e-01	5.98958524e-03	2.46574474e-01	4.98178206e-02	2.03097759e-01
1482            	-1.91977149e-01	5.81247263e-03	2.47646085e-01	4.98793987e-02	2.03356163e-01
1483            	-1.91942869e-01	5.60943201e-03	2.48870458e-01	4.99421214e-02	2.03621096e-01
1484            	-1.91903618e-01	5.36975638e-03	2.50312181e-01	5.00126261e-02	2.03917427e-01
1485            	-1.91865163e-01	5.11429722e-03	2.51848914e-01	5.00868144e-02	2.04227073e-01
1486            	-1.91831009e-01	4.91906020e-03	2.53018838e-01	5.01558936e-02	2.04520201e-01
1487            	-1.91803736e-01	4.86840808e-03	2.53307277e-01	5.02007849e-02	2.04725460e-01
1488            	-1.91783919e-01	4.95798700e-03	2.52742247e-01	5.02286544e-02	2.04869975e-01
1489            	-1.91773003e-01	5.05215085e-03	2.52160174e-01	5.02484180e-02	2.04974964e-01
1490            	-1.91770896e-01	5.11649904e-03	2.51767424e-01	5.02586913e-02	2.05034989e-01
1491            	-1.91776931e-01	5.18024563e-03	2.51377273e-01	5.02466064e-02	2.05004387e-01
1492            	-1.91787958e-01	5.26813354e-03	2.50829363e-01	5.02304472e-02	2.04963700e-01
1493            	-1.91806842e-01	5.33712153e-03	2.50393428e-01	5.02212133e-02	2.04952091e-01
1494            	-1.91834403e-01	5.41619720e-03	2.49897516e-01	5.02165831e-02	2.04953750e-01
1495            	-1.91865989e-01	5.48416489e-03	2.49477152e-01	5.02132740e-02	2.04937610e-01
1496            	-1.91897633e-01	5.56704414e-03	2.48974638e-01	5.02028588e-02	2.04867615e-01
1497            	-1.91924160e-01	5.71553870e-03	2.48074966e-01	5.01664623e-02	2.04680171e-01
1498            	-1.91946543e-01	5.89429508e-03	2.46992407e-01	5.00952671e-02	2.04350334e-01
1499            	-1.91965554e-01	6.05980318e-03	2.45989926e-01	5.00029713e-02	2.03940206e-01
1500            	-1.91981484e-01	6.23560612e-03	2.44923443e-01	4.99038086e-02	2.03509070e-01
1501            	-1.91996882e-01	6.39272801e-03	2.43975140e-01	4.98095052e-02	2.03105944e-01
1502            	-1.92008846e-01	6.56646023e-03	2.42929132e-01	4.97366183e-02	2.02801907e-01
1503            	-1.92017351e-01	6.71495042e-03	2.42041834e-01	4.97068172e-02	2.02678001e-01
1504            	-1.92021937e-01	6.73281973e-03	2.41955738e-01	4.97194891e-02	2.02722104e-01
1505            	-1.92014896e-01	6.57492209e-03	2.42933885e-01	4.97624167e-02	2.02884189e-01
1506            	-1.91998012e-01	6.29542169e-03	2.44644426e-01	4.98196847e-02	2.03104696e-01
1507            	-1.91978316e-01	6.02687261e-03	2.46286544e-01	4.98725156e-02	2.03314021e-01
1508            	-1.91959822e-01	5.83166404e-03	2.47485536e-01	4.99064275e-02	2.03453845e-01
1509            	-1.91940685e-01	5.67065516e-03	2.48477364e-01	4.99332303e-02	2.03569745e-01
1510            	-1.91918176e-01	5.46426758e-03	2.49742832e-01	4.99691545e-02	2.03721327e-01
1511            	-1.91889775e-01	5.19612252e-03	2.51377185e-01	5.00237669e-02	2.03947170e-01
1512            	-1.91860361e-01	4.96239790e-03	2.52793790e-01	5.00815308e-02	2.04189681e-01
1513            	-1.91835354e-01	4.86215127e-03	2.53392790e-01	5.01152311e-02	2.04344154e-01
1514            	-1.91816338e-01	4.88740791e-03	2.53226845e-01	5.01314466e-02	2.04435059e-01
1515            	-1.91807042e-01	4.92800122e-03	2.52978741e-01	5.01412448e-02	2.04494130e-01
1516            	-1.91805993e-01	4.96482803e-03	2.52759051e-01	5.01550001e-02	2.04566405e-01
1517            	-1.91812775e-01	5.01202293e-03	2.52472763e-01	5.01587571e-02	2.04603231e-01
1518            	-1.91825333e-01	5.04156492e-03	2.52286636e-01	5.01711360e-02	2.04681222e-01
1519            	-1.91845141e-01	5.06661465e-03	2.52121234e-01	5.01868077e-02	2.04775185e-01
1520            	-1.91869219e-01	5.10610799e-03	2.51863736e-01	5.02086328e-02	2.04883590e-01
1521            	-1.91893227e-01	5.18457707e-03	2.51370216e-01	5.02216057e-02	2.04933167e-01
1522            	-1.91911968e-01	5.34653937e-03	2.50365280e-01	5.02118893e-02	2.04875483e-01
1523            	-1.91924216e-01	5.57345805e-03	2.48961924e-01	5.01826119e-02	2.04732696e-01
1524            	-1.91934388e-01	5.78272116e-03	2.47670195e-01	5.01334069e-02	2.04504409e-01
1525            	-1.91942322e-01	5.97337182e-03	2.46491594e-01	5.00598186e-02	2.04177330e-01
1526            	-1.91946663e-01	6.16229344e-03	2.45320436e-01	4.99692708e-02	2.03789224e-01
1527            	-1.91942682e-01	6.35601091e-03	2.44112435e-01	4.98844423e-02	2.03434953e-01
1528            	-1.91936151e-01	6.49794689e-03	2.43227212e-01	4.98317807e-02	2.03215138e-01
1529            	-1.91931778e-01	6.57284669e-03	2.42765559e-01	4.98132881e-02	2.03131503e-01
1530            	-1.91934416e-01	6.56046422e-03	2.42857202e-01	4.98189130e-02	2.03139238e-01
1531            	-1.91939303e-01	6.48589389e-03	2.43338442e-01	4.98451272e-02	2.03228136e-01
1532            	-1.91937766e-01	6.34837766e-03	2.44200609e-01	4.98810853e-02	2.03358322e-01
1533            	-1.91925403e-01	6.13980824e-03	2.45487154e-01	4.99054915e-02	2.03445458e-01
1534            	-1.91909206e-01	5.89485848e-03	2.46997194e-01	4.99225621e-02	2.03506316e-01
1535            	-1.91897191e-01	5.65129523e-03	2.48508575e-01	4.99317773e-02	2.03538530e-01
1536            	-1.91890762e-01	5.41158646e-03	2.50005273e-01	4.99404459e-02	2.03570342e-01
1537            	-1.91885080e-01	5.20059540e-03	2.51324453e-01	4.99554230e-02	2.03633971e-01
1538            	-1.91876161e-01	5.04907507e-03	2.52269574e-01	4.99682314e-02	2.03696620e-01
1539            	-1.91864328e-01	4.96939286e-03	2.52765423e-01	4.99691163e-02	2.03717515e-01
1540            	-1.91854211e-01	4.88743941e-03	2.53276697e-01	4.99744790e-02	2.03751655e-01
1541            	-1.91851772e-01	4.81450418e-03	2.53738492e-01	4.99822059e-02	2.03792603e-01
1542            	-1.91856856e-01	4.78187274e-03	2.53953305e-01	4.99985745e-02	2.03873821e-01
1543            	-1.91871728e-01	4.76799722e-03	2.54052216e-01	5.00253531e-02	2.04005170e-01
1544            	-1.91892517e-01	4.72816856e-03	2.54303894e-01	5.00752568e-02	2.04234107e-01
1545            	-1.91916116e-01	4.70429718e-03	2.54446937e-01	5.01283733e-02	2.04474302e-01
1546            	-1.91934218e-01	4.72424173e-03	2.54310150e-01	5.01774838e-02	2.04684357e-01
1547            	-1.91946059e-01	4.82737902e-03	2.53658050e-01	5.02070918e-02	2.04800907e-01
1548            	-1.91949185e-01	5.03166367e-03	2.52379082e-01	5.02171975e-02	2.04833512e-01
1549            	-1.91949447e-01	5.28451666e-03	2.50801715e-01	5.02114180e-02	2.04800399e-01
1550            	-1.91947075e-01	5.54841324e-03	2.49152337e-01	5.01840963e-02	2.04681246e-01
1551            	-1.91940291e-01	5.82742971e-03	2.47403027e-01	5.01293671e-02	2.04455342e-01
1552            	-1.91923807e-01	6.06020869e-03	2.45924061e-01	5.00720565e-02	2.04223015e-01
1553            	-1.91898062e-01	6.24311586e-03	2.44745201e-01	5.00316308e-02	2.04060863e-01
1554            	-1.91870230e-01	6.34134936e-03	2.44091256e-01	5.00172292e-02	2.03999078e-01
1555            	-1.91846328e-01	6.32120929e-03	2.44175740e-01	5.00219618e-02	2.04004319e-01
1556            	-1.91828810e-01	6.22764126e-03	2.44724785e-01	5.00318831e-02	2.04024438e-01
1557            	-1.91817124e-01	6.12077256e-03	2.45368159e-01	5.00344387e-02	2.04014229e-01
1558            	-1.91808208e-01	6.01936397e-03	2.45989672e-01	5.00258203e-02	2.03960117e-01
1559            	-1.91803169e-01	5.93000283e-03	2.46552383e-01	5.00054970e-02	2.03858915e-01
1560            	-1.91802897e-01	5.81045704e-03	2.47315982e-01	4.99829551e-02	2.03746275e-01
1561            	-1.91803327e-01	5.60029876e-03	2.48641918e-01	4.99718103e-02	2.03678189e-01
1562            	-1.91803410e-01	5.29653608e-03	2.50543151e-01	4.99698225e-02	2.03648813e-01
1563            	-1.91809441e-01	5.02380312e-03	2.52260779e-01	4.99539658e-02	2.03571957e-01
1564            	-1.91822570e-01	4.88532808e-03	2.53160523e-01	4.99049045e-02	2.03372919e-01
1565            	-1.91841587e-01	4.81492280e-03	2.53649241e-01	4.98418979e-02	2.03121263e-01
1566            	-1.91861862e-01	4.77093558e-03	2.53974411e-01	4.97862482e-02	2.02901731e-01
1567            	-1.91881473e-01	4.71488031e-03	2.54364819e-01	4.97561389e-02	2.02789358e-01
1568            	-1.91903204e-01	4.60927127e-03	2.55050147e-01	4.97607990e-02	2.02823215e-01
1569            	-1.91929815e-01	4.44553875e-03	2.56086647e-01	4.98130695e-02	2.03052733e-01
1570            	-1.91959036e-01	4.33042893e-03	2.56813810e-01	4.98825159e-02	2.03354262e-01
1571            	-1.91982604e-01	4.30553064e-03	2.56975308e-01	4.99541993e-02	2.03656018e-01
1572            	-1.92000426e-01	4.40213187e-03	2.56387562e-01	5.00078600e-02	2.03874857e-01
1573            	-1.92009757e-01	4.59992018e-03	2.55172826e-01	5.00500084e-02	2.04045389e-01
1574            	-1.92012518e-01	4.82989519e-03	2.53751641e-01	5.00899168e-02	2.04210676e-01
1575            	-1.92007145e-01	5.06201287e-03	2.52300283e-01	5.01265928e-02	2.04368597e-01
1576            	-1.91993446e-01	5.34267348e-03	2.50532585e-01	5.01430035e-02	2.04454547e-01
1577            	-1.91968061e-01	5.63529826e-03	2.48670517e-01	5.01524610e-02	2.04521627e-01
1578            	-1.91930788e-01	5.91971037e-03	2.46845891e-01	5.01690972e-02	2.04620345e-01
1579            	-1.91888519e-01	6.10568332e-03	2.45624784e-01	5.02038988e-02	2.04780857e-01
1580            	-1.91844580e-01	6.15847275e-03	2.45222226e-01	5.02614056e-02	2.05018532e-01
1581            	-1.91800943e-01	6.11322482e-03	2.45423748e-01	5.03277387e-02	2.05284096e-01
1582            	-1.91759484e-01	6.03416417e-03	2.45837210e-01	5.03759072e-02	2.05474101e-01
1583            	-1.91720164e-01	5.95477213e-03	2.46260435e-01	5.03936119e-02	2.05539207e-01
1584            	-1.91686188e-01	5.86617918e-03	2.46755555e-01	5.03708857e-02	2.05435110e-01
1585            	-1.91660059e-01	5.72091358e-03	2.47617819e-01	5.03195632e-02	2.05203602e-01
1586            	-1.91641145e-01	5.50610440e-03	2.48923613e-01	5.02720681e-02	2.04979998e-01
1587            	-1.91632233e-01	5.23349549e-03	2.50602465e-01	5.02314742e-02	2.04781310e-01
1588            	-1.91638280e-01	4.99376492e-03	2.52102817e-01	5.01738173e-02	2.04517920e-01
1589            	-1.91656919e-01	4.85878480e-03	2.52979593e-01	5.00855316e-02	2.04137204e-01
1590            	-1.91685435e-01	4.75760496e-03	2.53667731e-01	4.99767285e-02	2.03669490e-01
1591            	-1.91723829e-01	4.66008855e-03	2.54350801e-01	4.98564202e-02	2.03150077e-01
1592            	-1.91771959e-01	4.58224631e-03	2.54925265e-01	4.97345384e-02	2.02626434e-01
1593            	-1.91830005e-01	4.51445183e-03	2.55445122e-01	4.96387141e-02	2.02216762e-01
1594            	-1.91893893e-01	4.41714195e-03	2.56143135e-01	4.95876935e-02	2.01999197e-01
1595            	-1.91950677e-01	4.30437715e-03	2.56914501e-01	4.95700153e-02	2.01923392e-01
1596            	-1.91995944e-01	4.19725091e-03	2.57635642e-01	4.95724570e-02	2.01923063e-01
1597            	-1.92034754e-01	4.20387991e-03	2.57654557e-01	4.95760711e-02	2.01928053e-01
1598            	-1.92062267e-01	4.33942664e-03	2.56871838e-01	4.95929691e-02	2.01995945e-01
1599            	-1.92073950e-01	4.52401922e-03	2.55765612e-01	4.96415985e-02	2.02206080e-01
1600            	-1.92069052e-01	4.69648751e-03	2.54704608e-01	4.97122534e-02	2.02515257e-01
1601            	-1.92051076e-01	4.88591597e-03	2.53513089e-01	4.97865496e-02	2.02851032e-01
1602            	-1.92025111e-01	5.07518840e-03	2.52306234e-01	4.98732381e-02	2.03246594e-01
1603            	-1.91995229e-01	5.25619372e-03	2.51146022e-01	4.99769762e-02	2.03713171e-01
1604            	-1.91960734e-01	5.39034881e-03	2.50267887e-01	5.00987846e-02	2.04248148e-01
1605            	-1.91918711e-01	5.45282647e-03	2.49817084e-01	5.02376748e-02	2.04845450e-01
1606            	-1.91870057e-01	5.44258320e-03	2.49800439e-01	5.03768036e-02	2.05436938e-01
1607            	-1.91819065e-01	5.39800792e-03	2.49989104e-01	5.04919007e-02	2.05926601e-01
1608            	-1.91769369e-01	5.37441737e-03	2.50051202e-01	5.05727297e-02	2.06276655e-01
1609            	-1.91721752e-01	5.39574051e-03	2.49844310e-01	5.06334773e-02	2.06544970e-01
1610            	-1.91677679e-01	5.42462090e-03	2.49600642e-01	5.06929801e-02	2.06804420e-01
1611            	-1.91640543e-01	5.42640871e-03	2.49535758e-01	5.07479880e-02	2.07039404e-01
1612            	-1.91615227e-01	5.41795440e-03	2.49550860e-01	5.07762869e-02	2.07160638e-01
1613            	-1.91603406e-01	5.43525207e-03	2.49426060e-01	5.07533815e-02	2.07069815e-01
1614            	-1.91601706e-01	5.50066673e-03	2.49020664e-01	5.06826846e-02	2.06781719e-01
1615            	-1.91608196e-01	5.52833148e-03	2.48861302e-01	5.05875675e-02	2.06383478e-01
1616            	-1.91627036e-01	5.50344810e-03	2.49044025e-01	5.04759794e-02	2.05906620e-01
1617            	-1.91661464e-01	5.47255163e-03	2.49283556e-01	5.03434300e-02	2.05339588e-01
1618            	-1.91710080e-01	5.45930739e-03	2.49427544e-01	5.02001976e-02	2.04732462e-01
1619            	-1.91773755e-01	5.41543946e-03	2.49773541e-01	5.00570797e-02	2.04126906e-01
1620            	-1.91845660e-01	5.35131448e-03	2.50251943e-01	4.99197479e-02	2.03544218e-01
1621            	-1.91917957e-01	5.31110167e-03	2.50591901e-01	4.97856403e-02	2.02966678e-01
1622            	-1.91986299e-01	5.34684751e-03	2.50471222e-01	4.96795252e-02	2.02499516e-01
1623            	-1.92056410e-01	5.48299203e-03	2.49747185e-01	4.96181206e-02	2.02218180e-01
1624            	-1.92115850e-01	5.57057232e-03	2.49307152e-01	4.95808033e-02	2.02042709e-01
1625            	-1.92150610e-01	5.55974391e-03	2.49432089e-01	4.95312404e-02	2.01828549e-01
1626            	-1.92157070e-01	5.60724760e-03	2.49155125e-01	4.94870266e-02	2.01656195e-01
1627            	-1.92143823e-01	5.76971786e-03	2.48144908e-01	4.94899249e-02	2.01700816e-01
1628            	-1.92113580e-01	5.95063690e-03	2.46999558e-01	4.95445189e-02	2.01969655e-01
1629            	-1.92069607e-01	5.99845469e-03	2.46653738e-01	4.96603300e-02	2.02482628e-01
1630            	-1.92018364e-01	5.82616919e-03	2.47646608e-01	4.98318579e-02	2.03206301e-01
1631            	-1.91963054e-01	5.55242255e-03	2.49252391e-01	5.00352679e-02	2.04050536e-01
1632            	-1.91908723e-01	5.33966147e-03	2.50482986e-01	5.02293887e-02	2.04860338e-01
1633            	-1.91859431e-01	5.24075046e-03	2.51023486e-01	5.03763845e-02	2.05484252e-01
1634            	-1.91814265e-01	5.21693671e-03	2.51113668e-01	5.04848119e-02	2.05953139e-01
1635            	-1.91769643e-01	5.21229047e-03	2.51088773e-01	5.05910509e-02	2.06411338e-01
1636            	-1.91729205e-01	5.16593418e-03	2.51324394e-01	5.06965527e-02	2.06857932e-01
1637            	-1.91697303e-01	5.11109855e-03	2.51620476e-01	5.07763472e-02	2.07195560e-01
1638            	-1.91676685e-01	5.12769976e-03	2.51488728e-01	5.08097758e-02	2.07347766e-01
1639            	-1.91665785e-01	5.26309079e-03	2.50637861e-01	5.07996909e-02	2.07327318e-01
1640            	-1.91664047e-01	5.45619644e-03	2.49445428e-01	5.07611274e-02	2.07184380e-01
1641            	-1.91673155e-01	5.56465167e-03	2.48790154e-01	5.07017284e-02	2.06936507e-01
1642            	-1.91696840e-01	5.60588245e-03	2.48566667e-01	5.06188838e-02	2.06579824e-01
1643            	-1.91732370e-01	5.66682770e-03	2.48228613e-01	5.05085185e-02	2.06115117e-01
1644            	-1.91776742e-01	5.71012517e-03	2.48000594e-01	5.03890077e-02	2.05617003e-01
1645            	-1.91831778e-01	5.72872166e-03	2.47933292e-01	5.02701519e-02	2.05118423e-01
1646            	-1.91898274e-01	5.70054080e-03	2.48174827e-01	5.01553294e-02	2.04620284e-01
1647            	-1.91965853e-01	5.68682357e-03	2.48340277e-01	5.00359817e-02	2.04088918e-01
1648            	-1.92029308e-01	5.70938053e-03	2.48287456e-01	4.99272039e-02	2.03595989e-01
1649            	-1.92086663e-01	5.80967854e-03	2.47754762e-01	4.98387823e-02	2.03193500e-01
1650            	-1.92143650e-01	5.96240220e-03	2.46904060e-01	4.97497414e-02	2.02798058e-01
1651            	-1.92187177e-01	6.08461255e-03	2.46222725e-01	4.96394609e-02	2.02326929e-01
1652            	-1.92200173e-01	6.14772690e-03	2.45861045e-01	4.95251633e-02	2.01854635e-01
1653            	-1.92184654e-01	6.17581404e-03	2.45675887e-01	4.94626280e-02	2.01610572e-01
1654            	-1.92152132e-01	6.21233523e-03	2.45417617e-01	4.94807792e-02	2.01710327e-01
1655            	-1.92111379e-01	6.19770389e-03	2.45461198e-01	4.95614886e-02	2.02065563e-01
1656            	-1.92064543e-01	6.05813962e-03	2.46262223e-01	4.96933911e-02	2.02621569e-01
1657            	-1.92012590e-01	5.81097298e-03	2.47714295e-01	4.98538018e-02	2.03287666e-01
1658            	-1.91956661e-01	5.54621000e-03	2.49267980e-01	5.00176150e-02	2.03968419e-01
1659            	-1.91901014e-01	5.33589909e-03	2.50491491e-01	5.01531904e-02	2.04538384e-01
1660            	-1.91848305e-01	5.21892328e-03	2.51150364e-01	5.02642238e-02	2.05013368e-01
1661            	-1.91799902e-01	5.16076047e-03	2.51454589e-01	5.03715525e-02	2.05474405e-01
1662            	-1.91757428e-01	5.10648661e-03	2.51741193e-01	5.04820300e-02	2.05945862e-01
1663            	-1.91724186e-01	5.06874119e-03	2.51934340e-01	5.05676554e-02	2.06315170e-01
1664            	-1.91701413e-01	5.10736554e-03	2.51667257e-01	5.06131163e-02	2.06524628e-01
1665            	-1.91687444e-01	5.24909441e-03	2.50775395e-01	5.06184666e-02	2.06572291e-01
1666            	-1.91683688e-01	5.39811500e-03	2.49852620e-01	5.05971543e-02	2.06500977e-01
1667            	-1.91690440e-01	5.52850532e-03	2.49055598e-01	5.05555164e-02	2.06336180e-01
1668            	-1.91710537e-01	5.63636292e-03	2.48408989e-01	5.04880498e-02	2.06059808e-01
1669            	-1.91741073e-01	5.72893151e-03	2.47860576e-01	5.04084926e-02	2.05733765e-01
1670            	-1.91782936e-01	5.76674546e-03	2.47655016e-01	5.03303132e-02	2.05410058e-01
1671            	-1.91836632e-01	5.77011258e-03	2.47672693e-01	5.02485231e-02	2.05065082e-01
1672            	-1.91895848e-01	5.75461439e-03	2.47822201e-01	5.01636227e-02	2.04688158e-01
1673            	-1.91953012e-01	5.77271296e-03	2.47774167e-01	5.00769385e-02	2.04287358e-01
1674            	-1.92009025e-01	5.85393050e-03	2.47348294e-01	4.99813157e-02	2.03845148e-01
1675            	-1.92063748e-01	5.94472681e-03	2.46869780e-01	4.98758172e-02	2.03366196e-01
1676            	-1.92117944e-01	6.07000965e-03	2.46183891e-01	4.97631435e-02	2.02869769e-01
1677            	-1.92158535e-01	6.23880343e-03	2.45214836e-01	4.96526668e-02	2.02396273e-01
1678            	-1.92173545e-01	6.33596185e-03	2.44648906e-01	4.95603213e-02	2.02011321e-01
1679            	-1.92161184e-01	6.36854466e-03	2.44442689e-01	4.95093413e-02	2.01810835e-01
1680            	-1.92134534e-01	6.35815608e-03	2.44482953e-01	4.95232518e-02	2.01883459e-01
1681            	-1.92103832e-01	6.28647504e-03	2.44894583e-01	4.95883203e-02	2.02164084e-01
1682            	-1.92067658e-01	6.12605312e-03	2.45842753e-01	4.96933459e-02	2.02603229e-01
1683            	-1.92021761e-01	5.87987683e-03	2.47302181e-01	4.98267383e-02	2.03155134e-01
1684            	-1.91969534e-01	5.60676137e-03	2.48916940e-01	4.99686851e-02	2.03743512e-01
1685            	-1.91916742e-01	5.37188502e-03	2.50298197e-01	5.00829738e-02	2.04223306e-01
1686            	-1.91865042e-01	5.20449067e-03	2.51270637e-01	5.01805018e-02	2.04639689e-01
1687            	-1.91816641e-01	5.09231016e-03	2.51909140e-01	5.02782920e-02	2.05059004e-01
1688            	-1.91774500e-01	5.00505819e-03	2.52401133e-01	5.03781303e-02	2.05486578e-01
1689            	-1.91742344e-01	4.97418195e-03	2.52556121e-01	5.04553861e-02	2.05824681e-01
1690            	-1.91720295e-01	5.03484667e-03	2.52157772e-01	5.04969994e-02	2.06022675e-01
1691            	-1.91707447e-01	5.17659044e-03	2.51269829e-01	5.05032298e-02	2.06077691e-01
1692            	-1.91703432e-01	5.30265023e-03	2.50488322e-01	5.04900295e-02	2.06042797e-01
1693            	-1.91708925e-01	5.40851651e-03	2.49838669e-01	5.04561860e-02	2.05913376e-01
1694            	-1.91723160e-01	5.54100498e-03	2.49027343e-01	5.04000086e-02	2.05692570e-01
1695            	-1.91747079e-01	5.66524420e-03	2.48267953e-01	5.03333603e-02	2.05431185e-01
1696            	-1.91783664e-01	5.73360954e-03	2.47859626e-01	5.02723642e-02	2.05188332e-01
1697            	-1.91833406e-01	5.74009346e-03	2.47848315e-01	5.02150252e-02	2.04945160e-01
1698            	-1.91884059e-01	5.74446222e-03	2.47860848e-01	5.01519417e-02	2.04656999e-01
1699            	-1.91930482e-01	5.78056634e-03	2.47684237e-01	5.00883532e-02	2.04350889e-01
1700            	-1.91974740e-01	5.86403726e-03	2.47224508e-01	5.00129810e-02	2.03992355e-01
1701            	-1.92023327e-01	5.96635686e-03	2.46663164e-01	4.99139241e-02	2.03540613e-01
1702            	-1.92072757e-01	6.09410748e-03	2.45952694e-01	4.97900863e-02	2.02997663e-01
1703            	-1.92114689e-01	6.32961686e-03	2.44574805e-01	4.96666363e-02	2.02473417e-01
1704            	-1.92137546e-01	6.53621983e-03	2.43349959e-01	4.95761088e-02	2.02098672e-01
1705            	-1.92131064e-01	6.59798393e-03	2.42974655e-01	4.95406051e-02	2.01959284e-01
1706            	-1.92107104e-01	6.49343564e-03	2.43597005e-01	4.95630060e-02	2.02056424e-01
1707            	-1.92080243e-01	6.31217522e-03	2.44688988e-01	4.96367680e-02	2.02359948e-01
1708            	-1.92054631e-01	6.12307138e-03	2.45830913e-01	4.97289277e-02	2.02738484e-01
1709            	-1.92024101e-01	5.94199738e-03	2.46915261e-01	4.98290301e-02	2.03153424e-01
1710            	-1.91983441e-01	5.72671266e-03	2.48196494e-01	4.99369930e-02	2.03603229e-01
1711            	-1.91937080e-01	5.48809761e-03	2.49615347e-01	5.00358416e-02	2.04018163e-01
1712            	-1.91889213e-01	5.25241949e-03	2.51014853e-01	5.01278388e-02	2.04405067e-01
1713            	-1.91842760e-01	5.05216971e-03	2.52198898e-01	5.02223688e-02	2.04802208e-01
1714            	-1.91801857e-01	4.92633698e-03	2.52931409e-01	5.03122844e-02	2.05185331e-01
1715            	-1.91771125e-01	4.90748093e-03	2.53016912e-01	5.03789636e-02	2.05482399e-01
1716            	-1.91749499e-01	5.00237678e-03	2.52411728e-01	5.04147462e-02	2.05661763e-01
1717            	-1.91736396e-01	5.12958114e-03	2.51616974e-01	5.04261697e-02	2.05737923e-01
1718            	-1.91731972e-01	5.22594285e-03	2.51020123e-01	5.04223812e-02	2.05741105e-01
1719            	-1.91737094e-01	5.30274752e-03	2.50548691e-01	5.03966209e-02	2.05647615e-01
1720            	-1.91748360e-01	5.42507307e-03	2.49792037e-01	5.03527677e-02	2.05485137e-01
1721            	-1.91768158e-01	5.53685046e-03	2.49097797e-01	5.03067825e-02	2.05316614e-01
1722            	-1.91800512e-01	5.62312925e-03	2.48566878e-01	5.02672505e-02	2.05169730e-01
1723            	-1.91843958e-01	5.66499523e-03	2.48326512e-01	5.02257157e-02	2.04993541e-01
1724            	-1.91887867e-01	5.69933980e-03	2.48143840e-01	5.01781302e-02	2.04767258e-01
1725            	-1.91926653e-01	5.78479738e-03	2.47652443e-01	5.01189445e-02	2.04480108e-01
1726            	-1.91960122e-01	5.91699493e-03	2.46874670e-01	5.00418129e-02	2.04119300e-01
1727            	-1.91994732e-01	6.06412637e-03	2.46013993e-01	4.99417863e-02	2.03670837e-01
1728            	-1.92031128e-01	6.23863952e-03	2.44992348e-01	4.98122063e-02	2.03110277e-01
1729            	-1.92064511e-01	6.41120792e-03	2.43983058e-01	4.96834088e-02	2.02563417e-01
1730            	-1.92086366e-01	6.61142332e-03	2.42794214e-01	4.95949834e-02	2.02195928e-01
1731            	-1.92089592e-01	6.71294413e-03	2.42190504e-01	4.95754483e-02	2.02116381e-01
1732            	-1.92075631e-01	6.64304289e-03	2.42615888e-01	4.96028975e-02	2.02228435e-01
1733            	-1.92055196e-01	6.43456446e-03	2.43882794e-01	4.96551046e-02	2.02438356e-01
1734            	-1.92033932e-01	6.20470669e-03	2.45280960e-01	4.97268624e-02	2.02729632e-01
1735            	-1.92011825e-01	6.00480806e-03	2.46495681e-01	4.97999512e-02	2.03030695e-01
1736            	-1.91983765e-01	5.82114284e-03	2.47605741e-01	4.98766529e-02	2.03350609e-01
1737            	-1.91947800e-01	5.60313608e-03	2.48918783e-01	4.99577898e-02	2.03690442e-01
1738            	-1.91907132e-01	5.36034843e-03	2.50376544e-01	5.00430909e-02	2.04047793e-01
1739            	-1.91867766e-01	5.11287277e-03	2.51862180e-01	5.01294454e-02	2.04407990e-01
1740            	-1.91832979e-01	4.92942428e-03	2.52958469e-01	5.02074333e-02	2.04738509e-01
1741            	-1.91805124e-01	4.87989450e-03	2.53238865e-01	5.02636737e-02	2.04990443e-01
1742            	-1.91784479e-01	4.96806048e-03	2.52680877e-01	5.03026355e-02	2.05180093e-01
1743            	-1.91772028e-01	5.06308797e-03	2.52090520e-01	5.03295447e-02	2.05314276e-01
1744            	-1.91768553e-01	5.13344367e-03	2.51658296e-01	5.03413186e-02	2.05380144e-01
1745            	-1.91773709e-01	5.19797355e-03	2.51262479e-01	5.03265716e-02	2.05336562e-01
1746            	-1.91783591e-01	5.29147124e-03	2.50679207e-01	5.03038243e-02	2.05266678e-01
1747            	-1.91800501e-01	5.36977816e-03	2.50184040e-01	5.02869671e-02	2.05222350e-01
1748            	-1.91826982e-01	5.45225028e-03	2.49665653e-01	5.02727356e-02	2.05184522e-01
1749            	-1.91859402e-01	5.52828475e-03	2.49197123e-01	5.02561093e-02	2.05114929e-01
1750            	-1.91893107e-01	5.60446434e-03	2.48738786e-01	5.02308236e-02	2.04983234e-01
1751            	-1.91922213e-01	5.73889640e-03	2.47929585e-01	5.01807776e-02	2.04737127e-01
1752            	-1.91946759e-01	5.90240349e-03	2.46944182e-01	5.01003377e-02	2.04366479e-01
1753            	-1.91968587e-01	6.06143313e-03	2.45986593e-01	4.99973480e-02	2.03910598e-01
1754            	-1.91987985e-01	6.23193347e-03	2.44958524e-01	4.98840255e-02	2.03420597e-01
1755            	-1.92008025e-01	6.39009880e-03	2.44011584e-01	4.97723607e-02	2.02945824e-01
1756            	-1.92022653e-01	6.56865722e-03	2.42941050e-01	4.96860814e-02	2.02586591e-01
1757            	-1.92032886e-01	6.72709394e-03	2.41996198e-01	4.96491737e-02	2.02434383e-01
1758            	-1.92035428e-01	6.74692939e-03	2.41895279e-01	4.96585402e-02	2.02467874e-01
1759            	-1.92025270e-01	6.58095479e-03	2.42917396e-01	4.96953067e-02	2.02608334e-01
1760            	-1.92006830e-01	6.29451028e-03	2.44667260e-01	4.97491418e-02	2.02817281e-01
1761            	-1.91986239e-01	6.02955632e-03	2.46285367e-01	4.98036730e-02	2.03035286e-01
1762            	-1.91965237e-01	5.84003639e-03	2.47445237e-01	4.98463934e-02	2.03212970e-01
1763            	-1.91942355e-01	5.68491817e-03	2.48394354e-01	4.98871011e-02	2.03388475e-01
1764            	-1.91915133e-01	5.47922392e-03	2.49647494e-01	4.99379250e-02	2.03603393e-01
1765            	-1.91883656e-01	5.21135200e-03	2.51274350e-01	5.00055160e-02	2.03883815e-01
1766            	-1.91852862e-01	4.97536616e-03	2.52701862e-01	5.00757234e-02	2.04177886e-01
1767            	-1.91828035e-01	4.87214769e-03	2.53318796e-01	5.01203799e-02	2.04377550e-01
1768            	-1.91809639e-01	4.90829983e-03	2.53086443e-01	5.01460819e-02	2.04508614e-01
1769            	-1.91800605e-01	4.96967100e-03	2.52710858e-01	5.01673994e-02	2.04616930e-01
1770            	-1.91799447e-01	5.02094628e-03	2.52402247e-01	5.01912926e-02	2.04731926e-01
1771            	-1.91805972e-01	5.07141142e-03	2.52096428e-01	5.02015133e-02	2.04793692e-01
1772            	-1.91817886e-01	5.11846766e-03	2.51803265e-01	5.02123389e-02	2.04863852e-01
1773            	-1.91837286e-01	5.14268990e-03	2.51644219e-01	5.02273402e-02	2.04952580e-01
1774            	-1.91862130e-01	5.19558032e-03	2.51305562e-01	5.02435080e-02	2.05040031e-01
1775            	-1.91887326e-01	5.26131658e-03	2.50890352e-01	5.02587071e-02	2.05100225e-01
1776            	-1.91908839e-01	5.37382953e-03	2.50191036e-01	5.02577153e-02	2.05074996e-01
1777            	-1.91924020e-01	5.54062875e-03	2.49160506e-01	5.02351778e-02	2.04952483e-01
1778            	-1.91937064e-01	5.71542739e-03	2.48085822e-01	5.01866085e-02	2.04719552e-01
1779            	-1.91948059e-01	5.89424572e-03	2.46986352e-01	5.01080891e-02	2.04367522e-01
1780            	-1.91955460e-01	6.12452840e-03	2.45568352e-01	5.00043113e-02	2.03923228e-01
1781            	-1.91956980e-01	6.33767960e-03	2.44250165e-01	4.99040223e-02	2.03503538e-01
1782            	-1.91954822e-01	6.49959356e-03	2.43249331e-01	4.98329028e-02	2.03209276e-01
1783            	-1.91953319e-01	6.58363752e-03	2.42737368e-01	4.97984031e-02	2.03061715e-01
1784            	-1.91955861e-01	6.58088445e-03	2.42771784e-01	4.97990798e-02	2.03050260e-01
1785            	-1.91959983e-01	6.50323576e-03	2.43272628e-01	4.98229651e-02	2.03129909e-01
1786            	-1.91954968e-01	6.34340179e-03	2.44266826e-01	4.98578523e-02	2.03257428e-01
1787            	-1.91940158e-01	6.11653025e-03	2.45660228e-01	4.98804700e-02	2.03340830e-01
1788            	-1.91923342e-01	5.87884851e-03	2.47122530e-01	4.98937880e-02	2.03390232e-01
1789            	-1.91910175e-01	5.65584971e-03	2.48504522e-01	4.98974929e-02	2.03402657e-01
1790            	-1.91899300e-01	5.44487347e-03	2.49817618e-01	4.99048432e-02	2.03432285e-01
1791            	-1.91887810e-01	5.22836188e-03	2.51161572e-01	4.99236156e-02	2.03512468e-01
1792            	-1.91871450e-01	5.05105292e-03	2.52253314e-01	4.99481356e-02	2.03623706e-01
1793            	-1.91853285e-01	4.95517148e-03	2.52837673e-01	4.99612138e-02	2.03695167e-01
1794            	-1.91838782e-01	4.90385920e-03	2.53151487e-01	4.99709442e-02	2.03752542e-01
1795            	-1.91833137e-01	4.86670617e-03	2.53387541e-01	4.99786704e-02	2.03797640e-01
1796            	-1.91836222e-01	4.85188186e-03	2.53491841e-01	4.99948908e-02	2.03878007e-01
1797            	-1.91848042e-01	4.86726781e-03	2.53408916e-01	5.00193332e-02	2.04000674e-01
1798            	-1.91865806e-01	4.84725330e-03	2.53535435e-01	5.00666162e-02	2.04221547e-01
1799            	-1.91888044e-01	4.83719038e-03	2.53591236e-01	5.01183230e-02	2.04460645e-01
1800            	-1.91908366e-01	4.85654696e-03	2.53457813e-01	5.01680943e-02	2.04678211e-01
1801            	-1.91927320e-01	4.94878586e-03	2.52879432e-01	5.01997425e-02	2.04803695e-01
1802            	-1.91939208e-01	5.17567518e-03	2.51471760e-01	5.02050642e-02	2.04815761e-01
1803            	-1.91944576e-01	5.45360256e-03	2.49746570e-01	5.01898098e-02	2.04742499e-01
1804            	-1.91945306e-01	5.69099896e-03	2.48264967e-01	5.01642662e-02	2.04625338e-01
1805            	-1.91942001e-01	5.88773911e-03	2.47027434e-01	5.01263647e-02	2.04455850e-01
1806            	-1.91934079e-01	6.05083596e-03	2.45991042e-01	5.00794530e-02	2.04252607e-01
1807            	-1.91916389e-01	6.24033769e-03	2.44785416e-01	5.00335954e-02	2.04062782e-01
1808            	-1.91895010e-01	6.38118994e-03	2.43880576e-01	5.00080189e-02	2.03955980e-01
1809            	-1.91877451e-01	6.41509116e-03	2.43644306e-01	4.99971200e-02	2.03900443e-01
1810            	-1.91866740e-01	6.35824674e-03	2.43980706e-01	4.99961772e-02	2.03877778e-01
1811            	-1.91861137e-01	6.24356768e-03	2.44685410e-01	5.00039446e-02	2.03886893e-01
1812            	-1.91857718e-01	6.13728541e-03	2.45348926e-01	5.00081203e-02	2.03883541e-01
1813            	-1.91854627e-01	6.04380649e-03	2.45942508e-01	5.00057054e-02	2.03856224e-01
1814            	-1.91849139e-01	5.89650663e-03	2.46870152e-01	4.99986263e-02	2.03810330e-01
1815            	-1.91839682e-01	5.64385950e-03	2.48441928e-01	4.99864733e-02	2.03743535e-01
1816            	-1.91834611e-01	5.32260117e-03	2.50442247e-01	4.99795782e-02	2.03698842e-01
1817            	-1.91837826e-01	5.05552780e-03	2.52119621e-01	4.99632558e-02	2.03623418e-01
1818            	-1.91846935e-01	4.93248775e-03	2.52918121e-01	4.99226098e-02	2.03461929e-01
1819            	-1.91855315e-01	4.90194102e-03	2.53145935e-01	4.98703068e-02	2.03261403e-01
1820            	-1.91862087e-01	4.86062018e-03	2.53435198e-01	4.98288679e-02	2.03104240e-01
1821            	-1.91870346e-01	4.76849864e-03	2.54032088e-01	4.98072696e-02	2.03025053e-01
1822            	-1.91884240e-01	4.67081103e-03	2.54659380e-01	4.98112764e-02	2.03053633e-01
1823            	-1.91905895e-01	4.55365585e-03	2.55402362e-01	4.98481911e-02	2.03222689e-01
1824            	-1.91933275e-01	4.47192233e-03	2.55919381e-01	4.99075712e-02	2.03489813e-01
1825            	-1.91957809e-01	4.44866463e-03	2.56065588e-01	4.99713606e-02	2.03767950e-01
1826            	-1.91979368e-01	4.48953915e-03	2.55817140e-01	5.00227086e-02	2.03978472e-01
1827            	-1.91990282e-01	4.66418712e-03	2.54738455e-01	5.00568494e-02	2.04115348e-01
1828            	-1.91990938e-01	4.90940563e-03	2.53215700e-01	5.00859316e-02	2.04234422e-01
1829            	-1.91986010e-01	5.15044180e-03	2.51707790e-01	5.01093845e-02	2.04334064e-01
1830            	-1.91977167e-01	5.41371845e-03	2.50051754e-01	5.01128538e-02	2.04357308e-01
1831            	-1.91960351e-01	5.69116684e-03	2.48294022e-01	5.01063031e-02	2.04347617e-01
1832            	-1.91928968e-01	5.98645336e-03	2.46409286e-01	5.01047755e-02	2.04365513e-01
1833            	-1.91890204e-01	6.18654509e-03	2.45105561e-01	5.01263425e-02	2.04469351e-01
1834            	-1.91850273e-01	6.26236212e-03	2.44568959e-01	5.01644258e-02	2.04626192e-01
1835            	-1.91814132e-01	6.22234273e-03	2.44752003e-01	5.02101216e-02	2.04802678e-01
1836            	-1.91781799e-01	6.11469042e-03	2.45357552e-01	5.02505793e-02	2.04953287e-01
1837            	-1.91751652e-01	5.99029187e-03	2.46073749e-01	5.02729196e-02	2.05028788e-01
1838            	-1.91724239e-01	5.87185987e-03	2.46764980e-01	5.02702399e-02	2.05000723e-01
1839            	-1.91702838e-01	5.73156760e-03	2.47606923e-01	5.02357284e-02	2.04837578e-01
1840            	-1.91689149e-01	5.53287241e-03	2.48826092e-01	5.01909204e-02	2.04624645e-01
1841            	-1.91683355e-01	5.27972199e-03	2.50396780e-01	5.01548705e-02	2.04444421e-01
1842            	-1.91689033e-01	5.03798339e-03	2.51915471e-01	5.01196172e-02	2.04272199e-01
1843            	-1.91707838e-01	4.87983648e-03	2.52941806e-01	5.00631351e-02	2.04020855e-01
1844            	-1.91735359e-01	4.77976342e-03	2.53628219e-01	4.99873955e-02	2.03692274e-01
1845            	-1.91768296e-01	4.68909551e-03	2.54268085e-01	4.98928459e-02	2.03283750e-01
1846            	-1.91805367e-01	4.56072837e-03	2.55141208e-01	4.97891279e-02	2.02837321e-01
1847            	-1.91844352e-01	4.40517102e-03	2.56171629e-01	4.97016332e-02	2.02465862e-01
1848            	-1.91886134e-01	4.23507698e-03	2.57281792e-01	4.96643664e-02	2.02312430e-01
1849            	-1.91932521e-01	4.12869524e-03	2.57995341e-01	4.96622261e-02	2.02315230e-01
1850            	-1.91976499e-01	4.11616998e-03	2.58127190e-01	4.96787975e-02	2.02393766e-01
1851            	-1.92012987e-01	4.14715252e-03	2.57986438e-01	4.96958366e-02	2.02464831e-01
1852            	-1.92033601e-01	4.24165271e-03	2.57438961e-01	4.97241839e-02	2.02580905e-01
1853            	-1.92041019e-01	4.37369045e-03	2.56643506e-01	4.97767389e-02	2.02799855e-01
1854            	-1.92042215e-01	4.52763450e-03	2.55699650e-01	4.98454822e-02	2.03091287e-01
1855            	-1.92038536e-01	4.77785606e-03	2.54150704e-01	4.99072740e-02	2.03367247e-01
1856            	-1.92027068e-01	5.08243685e-03	2.52251660e-01	4.99621923e-02	2.03630148e-01
1857            	-1.92001092e-01	5.37939702e-03	2.50377585e-01	5.00190062e-02	2.03908126e-01
1858            	-1.91964866e-01	5.57243912e-03	2.49128345e-01	5.00872881e-02	2.04224090e-01
1859            	-1.91919444e-01	5.64539917e-03	2.48602710e-01	5.01748235e-02	2.04605378e-01
1860            	-1.91868886e-01	5.64758639e-03	2.48502198e-01	5.02863506e-02	2.05078692e-01
1861            	-1.91816055e-01	5.65156058e-03	2.48385574e-01	5.04056721e-02	2.05585487e-01
1862            	-1.91763854e-01	5.67555248e-03	2.48148414e-01	5.05073082e-02	2.06019955e-01
1863            	-1.91713899e-01	5.71120603e-03	2.47848056e-01	5.05686094e-02	2.06286273e-01
1864            	-1.91669832e-01	5.72414869e-03	2.47700610e-01	5.06031898e-02	2.06435692e-01
1865            	-1.91634482e-01	5.67690248e-03	2.47939024e-01	5.06329501e-02	2.06555564e-01
1866            	-1.91610509e-01	5.57265029e-03	2.48546052e-01	5.06499518e-02	2.06616434e-01
1867            	-1.91598151e-01	5.47877597e-03	2.49105809e-01	5.06288694e-02	2.06523843e-01
1868            	-1.91594854e-01	5.43959562e-03	2.49343743e-01	5.05633015e-02	2.06251250e-01
1869            	-1.91601902e-01	5.41117708e-03	2.49534808e-01	5.04704034e-02	2.05859051e-01
1870            	-1.91624118e-01	5.32898659e-03	2.50083283e-01	5.03595585e-02	2.05378250e-01
1871            	-1.91665202e-01	5.22491089e-03	2.50792724e-01	5.02294364e-02	2.04809902e-01
1872            	-1.91718304e-01	5.15726275e-03	2.51288786e-01	5.00942271e-02	2.04226844e-01
1873            	-1.91779678e-01	5.07826292e-03	2.51858124e-01	4.99629085e-02	2.03667417e-01
1874            	-1.91844862e-01	5.00397208e-03	2.52397344e-01	4.98345919e-02	2.03127478e-01
1875            	-1.91913946e-01	4.98263266e-03	2.52623618e-01	4.97084942e-02	2.02592233e-01
1876            	-1.91986923e-01	5.04633875e-03	2.52346516e-01	4.96178071e-02	2.02193046e-01
1877            	-1.92059078e-01	5.16847670e-03	2.51717735e-01	4.95723841e-02	2.01977394e-01
1878            	-1.92108189e-01	5.20785473e-03	2.51560567e-01	4.95612860e-02	2.01910286e-01
1879            	-1.92130496e-01	5.15430905e-03	2.51929570e-01	4.95542122e-02	2.01872762e-01
1880            	-1.92132404e-01	5.17712913e-03	2.51797461e-01	4.95555071e-02	2.01888023e-01
1881            	-1.92120654e-01	5.35146352e-03	2.50717962e-01	4.95836664e-02	2.02035064e-01
1882            	-1.92096639e-01	5.58735372e-03	2.49245365e-01	4.96422837e-02	2.02318923e-01
1883            	-1.92058893e-01	5.70581215e-03	2.48472751e-01	4.97490071e-02	2.02797574e-01
1884            	-1.92010941e-01	5.62353196e-03	2.48912884e-01	4.99005108e-02	2.03447233e-01
1885            	-1.91958644e-01	5.39999398e-03	2.50210660e-01	5.00812434e-02	2.04204966e-01
1886            	-1.91905279e-01	5.20205119e-03	2.51348650e-01	5.02608037e-02	2.04957629e-01
1887            	-1.91855622e-01	5.11061911e-03	2.51839442e-01	5.03994422e-02	2.05547479e-01
1888            	-1.91810089e-01	5.11655355e-03	2.51740733e-01	5.04982266e-02	2.05978322e-01
1889            	-1.91766201e-01	5.15059197e-03	2.51473629e-01	5.05875983e-02	2.06370940e-01
1890            	-1.91724549e-01	5.13826441e-03	2.51494064e-01	5.06759047e-02	2.06752635e-01
1891            	-1.91689193e-01	5.09295621e-03	2.51723751e-01	5.07473053e-02	2.07058735e-01
1892            	-1.91663051e-01	5.09629128e-03	2.51664082e-01	5.07788991e-02	2.07202635e-01
1893            	-1.91646806e-01	5.21057912e-03	2.50934861e-01	5.07690691e-02	2.07181195e-01
1894            	-1.91640661e-01	5.41159707e-03	2.49686979e-01	5.07266869e-02	2.07025023e-01
1895            	-1.91646068e-01	5.54192278e-03	2.48891855e-01	5.06632265e-02	2.06764944e-01
1896            	-1.91664480e-01	5.60794724e-03	2.48508660e-01	5.05842704e-02	2.06429025e-01
1897            	-1.91694983e-01	5.67438876e-03	2.48132764e-01	5.04813291e-02	2.05995751e-01
1898            	-1.91736045e-01	5.74503351e-03	2.47736423e-01	5.03641771e-02	2.05509581e-01
1899            	-1.91789068e-01	5.77068099e-03	2.47626797e-01	5.02481332e-02	2.05024075e-01
1900            	-1.91856278e-01	5.75409621e-03	2.47796714e-01	5.01355921e-02	2.04541024e-01
1901            	-1.91931027e-01	5.72757049e-03	2.48047673e-01	5.00199586e-02	2.04029837e-01
1902            	-1.92000539e-01	5.72746848e-03	2.48138714e-01	4.99144232e-02	2.03554029e-01
1903            	-1.92061815e-01	5.82476726e-03	2.47627610e-01	4.98328359e-02	2.03183132e-01
1904            	-1.92121827e-01	5.97147589e-03	2.46816498e-01	4.97685036e-02	2.02890221e-01
1905            	-1.92173544e-01	6.05909625e-03	2.46358054e-01	4.96903210e-02	2.02547002e-01
1906            	-1.92195853e-01	6.10689222e-03	2.46103331e-01	4.95972456e-02	2.02156998e-01
1907            	-1.92188742e-01	6.14803299e-03	2.45848440e-01	4.95323169e-02	2.01901458e-01
1908            	-1.92160431e-01	6.24636354e-03	2.45214476e-01	4.95314890e-02	2.01928703e-01
1909            	-1.92118212e-01	6.28774850e-03	2.44909965e-01	4.95970736e-02	2.02230204e-01
1910            	-1.92068299e-01	6.15240092e-03	2.45680259e-01	4.97285569e-02	2.02787270e-01
1911            	-1.92014539e-01	5.87711037e-03	2.47302816e-01	4.98997418e-02	2.03494712e-01
1912            	-1.91958745e-01	5.59516174e-03	2.48961649e-01	5.00744189e-02	2.04215751e-01
1913            	-1.91904346e-01	5.39777471e-03	2.50104755e-01	5.02189926e-02	2.04821485e-01
1914            	-1.91854010e-01	5.29403488e-03	2.50683171e-01	5.03260189e-02	2.05279948e-01
1915            	-1.91806830e-01	5.23537599e-03	2.50991812e-01	5.04236187e-02	2.05699751e-01
1916            	-1.91763639e-01	5.17182339e-03	2.51335659e-01	5.05258464e-02	2.06133581e-01
1917            	-1.91728519e-01	5.10727882e-03	2.51693189e-01	5.06108623e-02	2.06494510e-01
1918            	-1.91705129e-01	5.10755292e-03	2.51663071e-01	5.06569436e-02	2.06700600e-01
1919            	-1.91691420e-01	5.22424231e-03	2.50925554e-01	5.06597661e-02	2.06736048e-01
1920            	-1.91686804e-01	5.39925984e-03	2.49840587e-01	5.06288386e-02	2.06628953e-01
1921            	-1.91691464e-01	5.53656421e-03	2.48999862e-01	5.05805631e-02	2.06436749e-01
1922            	-1.91709775e-01	5.60853954e-03	2.48576549e-01	5.05091039e-02	2.06136892e-01
1923            	-1.91740112e-01	5.67873181e-03	2.48171419e-01	5.04178522e-02	2.05756504e-01
1924            	-1.91780389e-01	5.72355758e-03	2.47924661e-01	5.03229514e-02	2.05363918e-01
1925            	-1.91831761e-01	5.74504861e-03	2.47829165e-01	5.02252522e-02	2.04957833e-01
1926            	-1.91891769e-01	5.71921790e-03	2.48041227e-01	5.01284101e-02	2.04537622e-01
1927            	-1.91950221e-01	5.71449009e-03	2.48134267e-01	5.00311202e-02	2.04096602e-01
1928            	-1.92006566e-01	5.77008851e-03	2.47866119e-01	4.99311437e-02	2.03636073e-01
1929            	-1.92060056e-01	5.86409361e-03	2.47365711e-01	4.98290796e-02	2.03169923e-01
1930            	-1.92112598e-01	5.99717784e-03	2.46629239e-01	4.97252859e-02	2.02707523e-01
1931            	-1.92157112e-01	6.16214790e-03	2.45688505e-01	4.96128300e-02	2.02223470e-01
1932            	-1.92178298e-01	6.26033405e-03	2.45125237e-01	4.95096145e-02	2.01791044e-01
1933            	-1.92169172e-01	6.27541415e-03	2.45030982e-01	4.94518349e-02	2.01558109e-01
1934            	-1.92142079e-01	6.25581081e-03	2.45127305e-01	4.94694275e-02	2.01643797e-01
1935            	-1.92110912e-01	6.23210424e-03	2.45244385e-01	4.95450494e-02	2.01972469e-01
1936            	-1.92076567e-01	6.13177740e-03	2.45825625e-01	4.96585509e-02	2.02452453e-01
1937            	-1.92034056e-01	5.91697960e-03	2.47097096e-01	4.97995869e-02	2.03039099e-01
1938            	-1.91984188e-01	5.63541115e-03	2.48766818e-01	4.99532211e-02	2.03675536e-01
1939            	-1.91931088e-01	5.37344203e-03	2.50313491e-01	5.00900324e-02	2.04246254e-01
1940            	-1.91877536e-01	5.19181818e-03	2.51369790e-01	5.02075033e-02	2.04744527e-01
1941            	-1.91827248e-01	5.08532517e-03	2.51969767e-01	5.03158705e-02	2.05209000e-01
1942            	-1.91782820e-01	5.00373304e-03	2.52423525e-01	5.04226517e-02	2.05666626e-01
1943            	-1.91748382e-01	4.95938094e-03	2.52658718e-01	5.05093336e-02	2.06042711e-01
1944            	-1.91724697e-01	4.99918426e-03	2.52386743e-01	5.05604609e-02	2.06278875e-01
1945            	-1.91709278e-01	5.13394446e-03	2.51538371e-01	5.05744902e-02	2.06366469e-01
1946            	-1.91702266e-01	5.26585863e-03	2.50717181e-01	5.05655015e-02	2.06350504e-01
1947            	-1.91704142e-01	5.38448888e-03	2.49984847e-01	5.05322057e-02	2.06225443e-01
1948            	-1.91716799e-01	5.51880791e-03	2.49162368e-01	5.04724144e-02	2.05988554e-01
1949            	-1.91738971e-01	5.64984683e-03	2.48361234e-01	5.03959909e-02	2.05685119e-01
1950            	-1.91772712e-01	5.72255250e-03	2.47924902e-01	5.03242483e-02	2.05397062e-01
1951            	-1.91820288e-01	5.75485837e-03	2.47750514e-01	5.02557225e-02	2.05114177e-01
1952            	-1.91874088e-01	5.76741808e-03	2.47713700e-01	5.01802932e-02	2.04781785e-01
1953            	-1.91923225e-01	5.80364655e-03	2.47536516e-01	5.01068161e-02	2.04438695e-01
1954            	-1.91968784e-01	5.90239619e-03	2.46982238e-01	5.00207606e-02	2.04037428e-01
1955            	-1.92017106e-01	6.02522977e-03	2.46292403e-01	4.99137402e-02	2.03553609e-01
1956            	-1.92066074e-01	6.14678831e-03	2.45617080e-01	4.97874833e-02	2.03000816e-01
1957            	-1.92108576e-01	6.32881289e-03	2.44566027e-01	4.96634722e-02	2.02470381e-01
1958            	-1.92137024e-01	6.50578892e-03	2.43529291e-01	4.95678785e-02	2.02070287e-01
1959            	-1.92138186e-01	6.60130762e-03	2.42956974e-01	4.95158478e-02	2.01861381e-01
1960            	-1.92119238e-01	6.55993292e-03	2.43198119e-01	4.95151701e-02	2.01867183e-01
1961            	-1.92092963e-01	6.43884605e-03	2.43920291e-01	4.95711548e-02	2.02104790e-01
1962            	-1.92064706e-01	6.26622058e-03	2.44956604e-01	4.96588321e-02	2.02469121e-01
1963            	-1.92031982e-01	6.06242911e-03	2.46177113e-01	4.97639482e-02	2.02904212e-01
1964            	-1.91990209e-01	5.81968520e-03	2.47624826e-01	4.98841966e-02	2.03402101e-01
1965            	-1.91943351e-01	5.57035674e-03	2.49107832e-01	4.99978646e-02	2.03876894e-01
1966            	-1.91895655e-01	5.34040494e-03	2.50472242e-01	5.00952847e-02	2.04286950e-01
1967            	-1.91848749e-01	5.14040906e-03	2.51654765e-01	5.01920807e-02	2.04694366e-01
1968            	-1.91806238e-01	4.99246848e-03	2.52522306e-01	5.02919587e-02	2.05116083e-01
1969            	-1.91773320e-01	4.92885178e-03	2.52881675e-01	5.03756925e-02	2.05477258e-01
1970            	-1.91750288e-01	4.97568227e-03	2.52572078e-01	5.04308422e-02	2.05730077e-01
1971            	-1.91736483e-01	5.10130791e-03	2.51787343e-01	5.04546721e-02	2.05857556e-01
1972            	-1.91731382e-01	5.19939714e-03	2.51180918e-01	5.04600472e-02	2.05899481e-01
1973            	-1.91734520e-01	5.28154149e-03	2.50676770e-01	5.04454897e-02	2.05852648e-01
1974            	-1.91744701e-01	5.40383329e-03	2.49923730e-01	5.04058949e-02	2.05705155e-01
1975            	-1.91762034e-01	5.53979231e-03	2.49082843e-01	5.03579072e-02	2.05526953e-01
1976            	-1.91790943e-01	5.62296947e-03	2.48570518e-01	5.03185841e-02	2.05379464e-01
1977            	-1.91832778e-01	5.65325279e-03	2.48398080e-01	5.02830497e-02	2.05232578e-01
1978            	-1.91877407e-01	5.67238930e-03	2.48306450e-01	5.02364637e-02	2.05017262e-01
1979            	-1.91918948e-01	5.72180640e-03	2.48035110e-01	5.01802007e-02	2.04744935e-01
1980            	-1.91954381e-01	5.82701414e-03	2.47423299e-01	5.01096572e-02	2.04409311e-01
1981            	-1.91991184e-01	5.95347655e-03	2.46691688e-01	5.00139592e-02	2.03972903e-01
1982            	-1.92032803e-01	6.09657475e-03	2.45870523e-01	4.98842270e-02	2.03405236e-01
1983            	-1.92069246e-01	6.31224225e-03	2.44601632e-01	4.97427067e-02	2.02803532e-01
1984            	-1.92096596e-01	6.53970312e-03	2.43251132e-01	4.96283749e-02	2.02327630e-01
1985            	-1.92103885e-01	6.69732235e-03	2.42306008e-01	4.95717617e-02	2.02098753e-01
1986            	-1.92090108e-01	6.66526595e-03	2.42498085e-01	4.95717546e-02	2.02100565e-01
1987            	-1.92068613e-01	6.45920734e-03	2.43748642e-01	4.96095731e-02	2.02250473e-01
1988            	-1.92045853e-01	6.22785998e-03	2.45154365e-01	4.96757990e-02	2.02517268e-01
1989            	-1.92022783e-01	6.03725441e-03	2.46309587e-01	4.97450014e-02	2.02802098e-01
1990            	-1.91993843e-01	5.87163316e-03	2.47304531e-01	4.98181090e-02	2.03108754e-01
1991            	-1.91956629e-01	5.66808119e-03	2.48524311e-01	4.98978580e-02	2.03444212e-01
1992            	-1.91914526e-01	5.42417671e-03	2.49985922e-01	4.99782377e-02	2.03781832e-01
1993            	-1.91872355e-01	5.17059765e-03	2.51505218e-01	5.00626859e-02	2.04133727e-01
1994            	-1.91833052e-01	4.96804868e-03	2.52713442e-01	5.01490579e-02	2.04496989e-01
1995            	-1.91801013e-01	4.88809983e-03	2.53175196e-01	5.02183133e-02	2.04800534e-01
1996            	-1.91777200e-01	4.95282543e-03	2.52755875e-01	5.02661519e-02	2.05027228e-01
1997            	-1.91761059e-01	5.07397975e-03	2.51998065e-01	5.02986014e-02	2.05190601e-01
1998            	-1.91754089e-01	5.15198643e-03	2.51515819e-01	5.03212451e-02	2.05303250e-01
1999            	-1.91756473e-01	5.19888653e-03	2.51229807e-01	5.03227426e-02	2.05323179e-01
2000            	-1.91764704e-01	5.28829228e-03	2.50674953e-01	5.03072705e-02	2.05280515e-01
2001            	-1.91778948e-01	5.39289955e-03	2.50018863e-01	5.02886752e-02	2.05230472e-01
2002            	-1.91804235e-01	5.48655764e-03	2.49433010e-01	5.02753751e-02	2.05199202e-01
2003            	-1.91838526e-01	5.55397030e-03	2.49020000e-01	5.02652825e-02	2.05162966e-01
2004            	-1.91876161e-01	5.59953822e-03	2.48754271e-01	5.02503464e-02	2.05077910e-01
2005            	-1.91910006e-01	5.68277922e-03	2.48263592e-01	5.02173627e-02	2.04901287e-01
2006            	-1.91936928e-01	5.81172601e-03	2.47491552e-01	5.01600127e-02	2.04621963e-01
2007            	-1.91961496e-01	5.96223572e-03	2.46590749e-01	5.00734316e-02	2.04227597e-01
2008            	-1.91987572e-01	6.14309564e-03	2.45510344e-01	4.99576464e-02	2.03722164e-01
2009            	-1.92014525e-01	6.33144384e-03	2.44389552e-01	4.98304798e-02	2.03180869e-01
2010            	-1.92034608e-01	6.53233866e-03	2.43188695e-01	4.97211788e-02	2.02724854e-01
2011            	-1.92046048e-01	6.68411407e-03	2.42284396e-01	4.96718286e-02	2.02520196e-01
2012            	-1.92046490e-01	6.71319627e-03	2.42122724e-01	4.96776707e-02	2.02539617e-01
2013            	-1.92035368e-01	6.55906638e-03	2.43070640e-01	4.97136793e-02	2.02677144e-01
2014            	-1.92018020e-01	6.29619599e-03	2.44676703e-01	4.97618292e-02	2.02863736e-01
2015            	-1.91999245e-01	6.05384519e-03	2.46156219e-01	4.98104491e-02	2.03058661e-01
2016            	-1.91978688e-01	5.87348463e-03	2.47257099e-01	4.98492446e-02	2.03220414e-01
2017            	-1.91955015e-01	5.71320040e-03	2.48234939e-01	4.98904528e-02	2.03396986e-01
2018            	-1.91925685e-01	5.50413889e-03	2.49505310e-01	4.99398770e-02	2.03606547e-01
2019            	-1.91892304e-01	5.24042283e-03	2.51103566e-01	5.00029353e-02	2.03868847e-01
2020            	-1.91859556e-01	4.99872764e-03	2.52562936e-01	5.00697336e-02	2.04148623e-01
2021            	-1.91832221e-01	4.87643187e-03	2.53293065e-01	5.01155799e-02	2.04352919e-01
2022            	-1.91811230e-01	4.90843673e-03	2.53081783e-01	5.01367216e-02	2.04467197e-01
2023            	-1.91797849e-01	4.98468228e-03	2.52608532e-01	5.01555851e-02	2.04569676e-01
2024            	-1.91792528e-01	5.05374141e-03	2.52185889e-01	5.01781788e-02	2.04682002e-01
2025            	-1.91795890e-01	5.09680276e-03	2.51924971e-01	5.01895206e-02	2.04745386e-01
2026            	-1.91805087e-01	5.14993048e-03	2.51594860e-01	5.01932243e-02	2.04783746e-01
2027            	-1.91821219e-01	5.18171758e-03	2.51388460e-01	5.01996729e-02	2.04837594e-01
2028            	-1.91843456e-01	5.25476523e-03	2.50923114e-01	5.02054900e-02	2.04889091e-01
2029            	-1.91869144e-01	5.33812750e-03	2.50398315e-01	5.02133338e-02	2.04928564e-01
2030            	-1.91894809e-01	5.44674865e-03	2.49726253e-01	5.02146316e-02	2.04916909e-01
2031            	-1.91916102e-01	5.62132839e-03	2.48655503e-01	5.01936156e-02	2.04800449e-01
2032            	-1.91933587e-01	5.81692281e-03	2.47458980e-01	5.01449422e-02	2.04567396e-01
2033            	-1.91946975e-01	5.98642992e-03	2.46420087e-01	5.00729216e-02	2.04240978e-01
2034            	-1.91954960e-01	6.15198760e-03	2.45399353e-01	4.99897763e-02	2.03874946e-01
2035            	-1.91962379e-01	6.29977825e-03	2.44490655e-01	4.99021936e-02	2.03498028e-01
2036            	-1.91967078e-01	6.47115263e-03	2.43442769e-01	4.98276185e-02	2.03185503e-01
2037            	-1.91972037e-01	6.61722290e-03	2.42560104e-01	4.97851894e-02	2.03008135e-01
2038            	-1.91978344e-01	6.67480324e-03	2.42228904e-01	4.97804075e-02	2.02979934e-01
2039            	-1.91982538e-01	6.61872110e-03	2.42596306e-01	4.98058171e-02	2.03069454e-01
2040            	-1.91975986e-01	6.42225946e-03	2.43812574e-01	4.98511438e-02	2.03237421e-01
2041            	-1.91960039e-01	6.15205210e-03	2.45470281e-01	4.98904287e-02	2.03385223e-01
2042            	-1.91941699e-01	5.90664074e-03	2.46977012e-01	4.99189841e-02	2.03496185e-01
2043            	-1.91925974e-01	5.70532101e-03	2.48221349e-01	4.99347390e-02	2.03559892e-01
2044            	-1.91911804e-01	5.51844358e-03	2.49380777e-01	4.99471823e-02	2.03613073e-01
2045            	-1.91896585e-01	5.29322507e-03	2.50773070e-01	4.99726748e-02	2.03720088e-01
2046            	-1.91875977e-01	5.06772987e-03	2.52155790e-01	5.00103236e-02	2.03880545e-01
2047            	-1.91853948e-01	4.93101662e-03	2.52986708e-01	5.00373329e-02	2.04004758e-01
2048            	-1.91836252e-01	4.88992500e-03	2.53233125e-01	5.00486569e-02	2.04069971e-01
2049            	-1.91827570e-01	4.87267462e-03	2.53343842e-01	5.00513016e-02	2.04096162e-01
2050            	-1.91828159e-01	4.87020847e-03	2.53370930e-01	5.00559825e-02	2.04129486e-01
2051            	-1.91836890e-01	4.90904145e-03	2.53143022e-01	5.00630447e-02	2.04180171e-01
2052            	-1.91852380e-01	4.92339709e-03	2.53059601e-01	5.00864067e-02	2.04302407e-01
2053            	-1.91873426e-01	4.91104002e-03	2.53131872e-01	5.01210784e-02	2.04471678e-01
2054            	-1.91896286e-01	4.90961438e-03	2.53128366e-01	5.01601357e-02	2.04650273e-01
2055            	-1.91917118e-01	4.97372821e-03	2.52720516e-01	5.01883098e-02	2.04767147e-01
2056            	-1.91932574e-01	5.14887751e-03	2.51629747e-01	5.01919601e-02	2.04771993e-01
2057            	-1.91940026e-01	5.40870947e-03	2.50016136e-01	5.01716603e-02	2.04675668e-01
2058            	-1.91942621e-01	5.65172118e-03	2.48503233e-01	5.01404567e-02	2.04532300e-01
2059            	-1.91942825e-01	5.86002448e-03	2.47200840e-01	5.00938347e-02	2.04324091e-01
2060            	-1.91939323e-01	6.05573968e-03	2.45972292e-01	5.00302674e-02	2.04050828e-01
2061            	-1.91926086e-01	6.25074319e-03	2.44737473e-01	4.99684608e-02	2.03792965e-01
2062            	-1.91907059e-01	6.39073401e-03	2.43839235e-01	4.99304178e-02	2.03634213e-01
2063            	-1.91889030e-01	6.45635675e-03	2.43407526e-01	4.99154464e-02	2.03564806e-01
2064            	-1.91878622e-01	6.43035726e-03	2.43556417e-01	4.99190311e-02	2.03563321e-01
2065            	-1.91875556e-01	6.34250034e-03	2.44101063e-01	4.99343151e-02	2.03605660e-01
2066            	-1.91875657e-01	6.25674270e-03	2.44643141e-01	4.99535366e-02	2.03665862e-01
2067            	-1.91874817e-01	6.16095844e-03	2.45252462e-01	4.99673675e-02	2.03706320e-01
2068            	-1.91868176e-01	5.99317842e-03	2.46302757e-01	4.99741297e-02	2.03717722e-01
2069            	-1.91856798e-01	5.73569722e-03	2.47900900e-01	4.99764127e-02	2.03712286e-01
2070            	-1.91849226e-01	5.43085186e-03	2.49797064e-01	4.99834790e-02	2.03727440e-01
2071            	-1.91851284e-01	5.15671356e-03	2.51516738e-01	4.99808706e-02	2.03707811e-01
2072            	-1.91857409e-01	5.00230659e-03	2.52504367e-01	4.99649843e-02	2.03646239e-01
2073            	-1.91861972e-01	4.95388940e-03	2.52835839e-01	4.99314485e-02	2.03523796e-01
2074            	-1.91862942e-01	4.89466099e-03	2.53227379e-01	4.99037444e-02	2.03423870e-01
2075            	-1.91865161e-01	4.79962030e-03	2.53835511e-01	4.98928650e-02	2.03388673e-01
2076            	-1.91873826e-01	4.72270862e-03	2.54330899e-01	4.98980412e-02	2.03421682e-01
2077            	-1.91891827e-01	4.63517867e-03	2.54890645e-01	4.99225601e-02	2.03538706e-01
2078            	-1.91916146e-01	4.53390741e-03	2.55529287e-01	4.99754897e-02	2.03775587e-01
2079            	-1.91942679e-01	4.49115804e-03	2.55797731e-01	5.00354934e-02	2.04041760e-01
2080            	-1.91964613e-01	4.52024959e-03	2.55617025e-01	5.00886722e-02	2.04267689e-01
2081            	-1.91978440e-01	4.65212192e-03	2.54799561e-01	5.01218566e-02	2.04401028e-01
2082            	-1.91981714e-01	4.87904535e-03	2.53389831e-01	5.01399554e-02	2.04471643e-01
2083            	-1.91979198e-01	5.12924274e-03	2.51828897e-01	5.01500035e-02	2.04512216e-01
2084            	-1.91973275e-01	5.38513017e-03	2.50223054e-01	5.01456082e-02	2.04497362e-01
2085            	-1.91962124e-01	5.66976681e-03	2.48430155e-01	5.01204316e-02	2.04404868e-01
2086            	-1.91938029e-01	5.93903312e-03	2.46713018e-01	5.00985149e-02	2.04331772e-01
2087            	-1.91904547e-01	6.14814328e-03	2.45358929e-01	5.00898083e-02	2.04309377e-01
2088            	-1.91868230e-01	6.26468192e-03	2.44576799e-01	5.00999555e-02	2.04353998e-01
2089            	-1.91834206e-01	6.25799153e-03	2.44558589e-01	5.01267357e-02	2.04454087e-01
2090            	-1.91803669e-01	6.17453513e-03	2.45018409e-01	5.01580625e-02	2.04567617e-01
2091            	-1.91776461e-01	6.05218823e-03	2.45725215e-01	5.01766461e-02	2.04626523e-01
2092            	-1.91751017e-01	5.92294345e-03	2.46484626e-01	5.01732676e-02	2.04594244e-01
2093            	-1.91730225e-01	5.79476868e-03	2.47252903e-01	5.01465775e-02	2.04464828e-01
2094            	-1.91717137e-01	5.63657105e-03	2.48225047e-01	5.00997891e-02	2.04248044e-01
2095            	-1.91710326e-01	5.44108086e-03	2.49442291e-01	5.00631396e-02	2.04070665e-01
2096            	-1.91713434e-01	5.20682830e-03	2.50915033e-01	5.00443131e-02	2.03966324e-01
2097            	-1.91731022e-01	5.01013920e-03	2.52179907e-01	5.00144312e-02	2.03822279e-01
2098            	-1.91755336e-01	4.89591720e-03	2.52950025e-01	4.99576845e-02	2.03576160e-01
2099            	-1.91780993e-01	4.77336082e-03	2.53775110e-01	4.98771721e-02	2.03231766e-01
2100            	-1.91808365e-01	4.61107974e-03	2.54842219e-01	4.97901645e-02	2.02860059e-01
2101            	-1.91840595e-01	4.48080625e-03	2.55709684e-01	4.97216018e-02	2.02572742e-01
2102            	-1.91880972e-01	4.37721618e-03	2.56413722e-01	4.96878330e-02	2.02440110e-01
2103            	-1.91927033e-01	4.28935256e-03	2.57017918e-01	4.96971014e-02	2.02494050e-01
2104            	-1.91969793e-01	4.24399261e-03	2.57346694e-01	4.97221640e-02	2.02615109e-01
2105            	-1.92002501e-01	4.22245656e-03	2.57515740e-01	4.97598000e-02	2.02774781e-01
2106            	-1.92023981e-01	4.29279338e-03	2.57109258e-01	4.97999130e-02	2.02939433e-01
2107            	-1.92034504e-01	4.42432341e-03	2.56315961e-01	4.98546467e-02	2.03163816e-01
2108            	-1.92038056e-01	4.58243163e-03	2.55347590e-01	4.99263245e-02	2.03462643e-01
2109            	-1.92035249e-01	4.78853452e-03	2.54068360e-01	4.99981938e-02	2.03770834e-01
2110            	-1.92025537e-01	5.05948327e-03	2.52374478e-01	5.00488846e-02	2.04004994e-01
2111            	-1.92002306e-01	5.34862546e-03	2.50546288e-01	5.00873725e-02	2.04199428e-01
2112            	-1.91967170e-01	5.60422197e-03	2.48909096e-01	5.01292875e-02	2.04408663e-01
2113            	-1.91924148e-01	5.77542148e-03	2.47780437e-01	5.01918245e-02	2.04693946e-01
2114            	-1.91875041e-01	5.85762239e-03	2.47188948e-01	5.02854163e-02	2.05097024e-01
2115            	-1.91823360e-01	5.87485456e-03	2.46992512e-01	5.03960534e-02	2.05563832e-01
2116            	-1.91772298e-01	5.86785087e-03	2.46946558e-01	5.04947830e-02	2.05978298e-01
2117            	-1.91724060e-01	5.86471516e-03	2.46884397e-01	5.05551716e-02	2.06233063e-01
2118            	-1.91681599e-01	5.85680705e-03	2.46865194e-01	5.05665820e-02	2.06282801e-01
2119            	-1.91646987e-01	5.80624400e-03	2.47124386e-01	5.05569258e-02	2.06237920e-01
2120            	-1.91619255e-01	5.68306548e-03	2.47843589e-01	5.05495244e-02	2.06194732e-01
2121            	-1.91600409e-01	5.49123954e-03	2.48999793e-01	5.05280706e-02	2.06088898e-01
2122            	-1.91594648e-01	5.33121624e-03	2.49981415e-01	5.04692564e-02	2.05831229e-01
2123            	-1.91601821e-01	5.25815199e-03	2.50450617e-01	5.03734985e-02	2.05423647e-01
2124            	-1.91623798e-01	5.18562483e-03	2.50942765e-01	5.02547336e-02	2.04913083e-01
2125            	-1.91661902e-01	5.09324357e-03	2.51582025e-01	5.01230312e-02	2.04341658e-01
2126            	-1.91711141e-01	5.01248583e-03	2.52162332e-01	4.99859996e-02	2.03749812e-01
2127            	-1.91766865e-01	4.93088461e-03	2.52750355e-01	4.98499687e-02	2.03169018e-01
2128            	-1.91829617e-01	4.83383739e-03	2.53436497e-01	4.97235995e-02	2.02635441e-01
2129            	-1.91900821e-01	4.82045758e-03	2.53621105e-01	4.96175933e-02	2.02190941e-01
2130            	-1.91978148e-01	4.89118098e-03	2.53307650e-01	4.95580362e-02	2.01928940e-01
2131            	-1.92048730e-01	4.94910319e-03	2.53067072e-01	4.95331601e-02	2.01802596e-01
2132            	-1.92092871e-01	4.93141277e-03	2.53251276e-01	4.95334638e-02	2.01783536e-01
2133            	-1.92114339e-01	4.89705988e-03	2.53502536e-01	4.95445402e-02	2.01822511e-01
2134            	-1.92123824e-01	4.96010455e-03	2.53136827e-01	4.95675258e-02	2.01927056e-01
2135            	-1.92118346e-01	5.17190806e-03	2.51836145e-01	4.96095449e-02	2.02129657e-01
2136            	-1.92096778e-01	5.38816058e-03	2.50483846e-01	4.96833544e-02	2.02472288e-01
2137            	-1.92059128e-01	5.49341503e-03	2.49787741e-01	4.97917048e-02	2.02955768e-01
2138            	-1.92012772e-01	5.45305500e-03	2.49969372e-01	4.99307398e-02	2.03556274e-01
2139            	-1.91960563e-01	5.32703251e-03	2.50666151e-01	5.01041047e-02	2.04290323e-01
2140            	-1.91906932e-01	5.20656066e-03	2.51326454e-01	5.02903355e-02	2.05074131e-01
2141            	-1.91856087e-01	5.15105440e-03	2.51591765e-01	5.04449868e-02	2.05730227e-01
2142            	-1.91808153e-01	5.14955873e-03	2.51530178e-01	5.05599825e-02	2.06225851e-01
2143            	-1.91761975e-01	5.16976169e-03	2.51339494e-01	5.06512336e-02	2.06623854e-01
2144            	-1.91717903e-01	5.18453839e-03	2.51185730e-01	5.07308986e-02	2.06972838e-01
2145            	-1.91678676e-01	5.16714302e-03	2.51235996e-01	5.07979196e-02	2.07263642e-01
2146            	-1.91647460e-01	5.15177422e-03	2.51283583e-01	5.08366450e-02	2.07434003e-01
2147            	-1.91627355e-01	5.21132349e-03	2.50885106e-01	5.08368737e-02	2.07448154e-01
2148            	-1.91620166e-01	5.37526244e-03	2.49863681e-01	5.07934629e-02	2.07284107e-01
2149            	-1.91624170e-01	5.52453772e-03	2.48949453e-01	5.07201566e-02	2.06987004e-01
2150            	-1.91640508e-01	5.60746315e-03	2.48461712e-01	5.06304149e-02	2.06608845e-01
2151            	-1.91670919e-01	5.64907384e-03	2.48245908e-01	5.05193419e-02	2.06136420e-01
2152            	-1.91712755e-01	5.69963469e-03	2.47983201e-01	5.03873273e-02	2.05582685e-01
2153            	-1.91766486e-01	5.72240249e-03	2.47899509e-01	5.02502314e-02	2.05008763e-01
2154            	-1.91835596e-01	5.72887761e-03	2.47932160e-01	5.01119701e-02	2.04426298e-01
2155            	-1.91915767e-01	5.68892802e-03	2.48271479e-01	4.99769138e-02	2.03842450e-01
2156            	-1.91990285e-01	5.65801863e-03	2.48557777e-01	4.98579496e-02	2.03314669e-01
2157            	-1.92058835e-01	5.73482764e-03	2.48184639e-01	4.97704657e-02	2.02918200e-01
2158            	-1.92121126e-01	5.88883055e-03	2.47333488e-01	4.97099189e-02	2.02641358e-01
2159            	-1.92169689e-01	5.98460930e-03	2.46819934e-01	4.96393318e-02	2.02332302e-01
2160            	-1.92192468e-01	6.02261019e-03	2.46623067e-01	4.95546911e-02	2.01978074e-01
2161            	-1.92189108e-01	6.06640690e-03	2.46354367e-01	4.94928653e-02	2.01734337e-01
2162            	-1.92163040e-01	6.15681738e-03	2.45770089e-01	4.94837244e-02	2.01725982e-01
2163            	-1.92118180e-01	6.20599678e-03	2.45413885e-01	4.95485549e-02	2.02025502e-01
2164            	-1.92064266e-01	6.11747545e-03	2.45889280e-01	4.96796438e-02	2.02587645e-01
2165            	-1.92006846e-01	5.89636157e-03	2.47170610e-01	4.98636264e-02	2.03354671e-01
2166            	-1.91948217e-01	5.64942799e-03	2.48606809e-01	5.00632388e-02	2.04182750e-01
2167            	-1.91892956e-01	5.46174896e-03	2.49685645e-01	5.02378659e-02	2.04912467e-01
2168            	-1.91844155e-01	5.36074711e-03	2.50246043e-01	5.03672254e-02	2.05461132e-01
2169            	-1.91798969e-01	5.31624576e-03	2.50469142e-01	5.04744064e-02	2.05920380e-01
2170            	-1.91755693e-01	5.27326585e-03	2.50684890e-01	5.05836057e-02	2.06385058e-01
2171            	-1.91718323e-01	5.21166199e-03	2.51019809e-01	5.06836136e-02	2.06808277e-01
2172            	-1.91692684e-01	5.18844520e-03	2.51129975e-01	5.07455765e-02	2.07076778e-01
2173            	-1.91678521e-01	5.26307238e-03	2.50650956e-01	5.07609815e-02	2.07158295e-01
2174            	-1.91674023e-01	5.42443904e-03	2.49651005e-01	5.07357950e-02	2.07070996e-01
2175            	-1.91678900e-01	5.54639786e-03	2.48906673e-01	5.06842885e-02	2.06861859e-01
2176            	-1.91696637e-01	5.60334245e-03	2.48577970e-01	5.06074266e-02	2.06536691e-01
2177            	-1.91727691e-01	5.66046430e-03	2.48260111e-01	5.05084898e-02	2.06119696e-01
2178            	-1.91769031e-01	5.70071850e-03	2.48050755e-01	5.03986977e-02	2.05659884e-01
2179            	-1.91820901e-01	5.69880240e-03	2.48106501e-01	5.02860951e-02	2.05186696e-01
2180            	-1.91882929e-01	5.64419259e-03	2.48500425e-01	5.01748119e-02	2.04707011e-01
2181            	-1.91948309e-01	5.59539888e-03	2.48873598e-01	5.00556105e-02	2.04177757e-01
2182            	-1.92011448e-01	5.58286730e-03	2.49031774e-01	4.99385923e-02	2.03647693e-01
2183            	-1.92069284e-01	5.62843798e-03	2.48835085e-01	4.98356900e-02	2.03176755e-01
2184            	-1.92127953e-01	5.74377313e-03	2.48219103e-01	4.97416074e-02	2.02748691e-01
2185            	-1.92180922e-01	5.90406242e-03	2.47322632e-01	4.96279041e-02	2.02253735e-01
2186            	-1.92205415e-01	6.05570887e-03	2.46437661e-01	4.95050648e-02	2.01741930e-01
2187            	-1.92198928e-01	6.12042840e-03	2.46040949e-01	4.94175830e-02	2.01391599e-01
2188            	-1.92170392e-01	6.13043263e-03	2.45951005e-01	4.94114525e-02	2.01384618e-01
2189            	-1.92133453e-01	6.11588500e-03	2.46002511e-01	4.94839087e-02	2.01703210e-01
2190            	-1.92091687e-01	6.01650282e-03	2.46567449e-01	4.96125202e-02	2.02245711e-01
2191            	-1.92043327e-01	5.81997504e-03	2.47717092e-01	4.97734810e-02	2.02916753e-01
2192            	-1.91989937e-01	5.57094915e-03	2.49178729e-01	4.99393998e-02	2.03608284e-01
2193            	-1.91933260e-01	5.33316430e-03	2.50567357e-01	5.00806636e-02	2.04202353e-01
2194            	-1.91875610e-01	5.16673816e-03	2.51520872e-01	5.02012435e-02	2.04716946e-01
2195            	-1.91820123e-01	5.07652162e-03	2.52011084e-01	5.03189047e-02	2.05222558e-01
2196            	-1.91771014e-01	5.01885019e-03	2.52309093e-01	5.04369839e-02	2.05728709e-01
2197            	-1.91732892e-01	4.98439091e-03	2.52476246e-01	5.05344057e-02	2.06150460e-01
2198            	-1.91707128e-01	5.01434034e-03	2.52259480e-01	5.05929420e-02	2.06417414e-01
2199            	-1.91690794e-01	5.14118753e-03	2.51455936e-01	5.06096185e-02	2.06516936e-01
2200            	-1.91683005e-01	5.29982980e-03	2.50467396e-01	5.05995560e-02	2.06499715e-01
2201            	-1.91684181e-01	5.43762658e-03	2.49617240e-01	5.05698366e-02	2.06389406e-01
2202            	-1.91698024e-01	5.54723324e-03	2.48952861e-01	5.05191817e-02	2.06183654e-01
2203            	-1.91723545e-01	5.65324790e-03	2.48315645e-01	5.04469492e-02	2.05890293e-01
2204            	-1.91759899e-01	5.71392609e-03	2.47960778e-01	5.03733044e-02	2.05590630e-01
2205            	-1.91808508e-01	5.75512052e-03	2.47734946e-01	5.02967927e-02	2.05275832e-01
2206            	-1.91865996e-01	5.77049839e-03	2.47686506e-01	5.02138270e-02	2.04915376e-01
2207            	-1.91919883e-01	5.80345917e-03	2.47538187e-01	5.01323792e-02	2.04541089e-01
2208            	-1.91971509e-01	5.87953641e-03	2.47134349e-01	5.00429941e-02	2.04123735e-01
2209            	-1.92024520e-01	5.97845029e-03	2.46598963e-01	4.99404442e-02	2.03655844e-01
2210            	-1.92075903e-01	6.09240876e-03	2.45974347e-01	4.98248845e-02	2.03146329e-01
2211            	-1.92121864e-01	6.26834609e-03	2.44965438e-01	4.97073115e-02	2.02642164e-01
2212            	-1.92153467e-01	6.42791105e-03	2.44039771e-01	4.96070192e-02	2.02220448e-01
2213            	-1.92154574e-01	6.49950383e-03	2.43614060e-01	4.95439562e-02	2.01963482e-01
2214            	-1.92134643e-01	6.46117333e-03	2.43835165e-01	4.95378761e-02	2.01947843e-01
2215            	-1.92107594e-01	6.37997181e-03	2.44310864e-01	4.95909347e-02	2.02178225e-01
2216            	-1.92079720e-01	6.24714786e-03	2.45101509e-01	4.96738306e-02	2.02528232e-01
2217            	-1.92045911e-01	6.05160438e-03	2.46267992e-01	4.97779984e-02	2.02961286e-01
2218            	-1.92001367e-01	5.79165237e-03	2.47815422e-01	4.99011112e-02	2.03470099e-01
2219            	-1.91951100e-01	5.52540741e-03	2.49395533e-01	5.00187190e-02	2.03959534e-01
2220            	-1.91900213e-01	5.30616970e-03	2.50688298e-01	5.01150358e-02	2.04366683e-01
2221            	-1.91851169e-01	5.14813873e-03	2.51608394e-01	5.02047338e-02	2.04749705e-01
2222            	-1.91806779e-01	5.02954114e-03	2.52291584e-01	5.03006806e-02	2.05158948e-01
2223            	-1.91771473e-01	4.96523908e-03	2.52650579e-01	5.03850200e-02	2.05522700e-01
2224            	-1.91746376e-01	4.99408803e-03	2.52447317e-01	5.04375954e-02	2.05762951e-01
2225            	-1.91729677e-01	5.11706412e-03	2.51673270e-01	5.04572493e-02	2.05872929e-01
2226            	-1.91721958e-01	5.23429800e-03	2.50944352e-01	5.04565484e-02	2.05891767e-01
2227            	-1.91723117e-01	5.34160560e-03	2.50282361e-01	5.04354440e-02	2.05819866e-01
2228            	-1.91732956e-01	5.47075085e-03	2.49488298e-01	5.03908516e-02	2.05649989e-01
2229            	-1.91750793e-01	5.60857476e-03	2.48639114e-01	5.03343453e-02	2.05434090e-01
2230            	-1.91779991e-01	5.68796332e-03	2.48153937e-01	5.02877100e-02	2.05254127e-01
2231            	-1.91822772e-01	5.72039582e-03	2.47970355e-01	5.02465059e-02	2.05085501e-01
2232            	-1.91871330e-01	5.73328362e-03	2.47922368e-01	5.01953819e-02	2.04853572e-01
2233            	-1.91916529e-01	5.77583234e-03	2.47698760e-01	5.01400963e-02	2.04586013e-01
2234            	-1.91957364e-01	5.88494581e-03	2.47072176e-01	5.00686711e-02	2.04246142e-01
2235            	-1.92000371e-01	6.01383785e-03	2.46335864e-01	4.99749921e-02	2.03816993e-01
2236            	-1.92045299e-01	6.14027207e-03	2.45622811e-01	4.98582136e-02	2.03301747e-01
2237            	-1.92083242e-01	6.30504428e-03	2.44669182e-01	4.97370063e-02	2.02779449e-01
2238            	-1.92111953e-01	6.48155490e-03	2.43634097e-01	4.96399823e-02	2.02369294e-01
2239            	-1.92118759e-01	6.62120995e-03	2.42799382e-01	4.95876402e-02	2.02155704e-01
2240            	-1.92105402e-01	6.61895407e-03	2.42809574e-01	4.95816733e-02	2.02136722e-01
2241            	-1.92083200e-01	6.47639370e-03	2.43669144e-01	4.96204023e-02	2.02298110e-01
2242            	-1.92057786e-01	6.27688808e-03	2.44875146e-01	4.96928313e-02	2.02595079e-01
2243            	-1.92030649e-01	6.06592952e-03	2.46148553e-01	4.97760275e-02	2.02937248e-01
2244            	-1.91997188e-01	5.84962411e-03	2.47447058e-01	4.98672477e-02	2.03314850e-01
2245            	-1.91955676e-01	5.62339467e-03	2.48798460e-01	4.99628021e-02	2.03714145e-01
2246            	-1.91912092e-01	5.39117551e-03	2.50184507e-01	5.00458320e-02	2.04064052e-01
2247            	-1.91868811e-01	5.17036023e-03	2.51500141e-01	5.01271178e-02	2.04406471e-01
2248            	-1.91827972e-01	4.98903420e-03	2.52575724e-01	5.02132380e-02	2.04770331e-01
2249            	-1.91794706e-01	4.90398478e-03	2.53067473e-01	5.02860252e-02	2.05086686e-01
2250            	-1.91770904e-01	4.94686139e-03	2.52782543e-01	5.03349713e-02	2.05314811e-01
2251            	-1.91755834e-01	5.06497445e-03	2.52043710e-01	5.03585296e-02	2.05441091e-01
2252            	-1.91749133e-01	5.15209067e-03	2.51504412e-01	5.03668097e-02	2.05495326e-01
2253            	-1.91750676e-01	5.22467578e-03	2.51058660e-01	5.03554123e-02	2.05463930e-01
2254            	-1.91758936e-01	5.33499007e-03	2.50376996e-01	5.03217517e-02	2.05345205e-01
2255            	-1.91773424e-01	5.46639059e-03	2.49559635e-01	5.02826994e-02	2.05208592e-01
2256            	-1.91798793e-01	5.55557363e-03	2.49004064e-01	5.02524158e-02	2.05104169e-01
2257            	-1.91834744e-01	5.60046737e-03	2.48731261e-01	5.02323098e-02	2.05026944e-01
2258            	-1.91874279e-01	5.62819441e-03	2.48576683e-01	5.02056863e-02	2.04897095e-01
2259            	-1.91911378e-01	5.67996192e-03	2.48281571e-01	5.01649571e-02	2.04689590e-01
2260            	-1.91940454e-01	5.78091672e-03	2.47684139e-01	5.01075876e-02	2.04407855e-01
2261            	-1.91968332e-01	5.91004874e-03	2.46920893e-01	5.00234981e-02	2.04019197e-01
2262            	-1.92000744e-01	6.07210951e-03	2.45967903e-01	4.99079427e-02	2.03510994e-01
2263            	-1.92032534e-01	6.30563375e-03	2.44579865e-01	4.97745249e-02	2.02944486e-01
2264            	-1.92057071e-01	6.53868073e-03	2.43188511e-01	4.96628197e-02	2.02480161e-01
2265            	-1.92068438e-01	6.71040384e-03	2.42161059e-01	4.96115110e-02	2.02271459e-01
2266            	-1.92062455e-01	6.72511089e-03	2.42078389e-01	4.96240485e-02	2.02322125e-01
2267            	-1.92045250e-01	6.54555117e-03	2.43174043e-01	4.96706698e-02	2.02505366e-01
2268            	-1.92025476e-01	6.29178531e-03	2.44721801e-01	4.97364864e-02	2.02766934e-01
2269            	-1.92005780e-01	6.06942231e-03	2.46077084e-01	4.98041794e-02	2.03042122e-01
2270            	-1.91983527e-01	5.89696217e-03	2.47125008e-01	4.98650516e-02	2.03296367e-01
2271            	-1.91955989e-01	5.71658237e-03	2.48218661e-01	4.99255923e-02	2.03551883e-01
2272            	-1.91920669e-01	5.47954085e-03	2.49651558e-01	4.99935809e-02	2.03836640e-01
2273            	-1.91883241e-01	5.21377601e-03	2.51255739e-01	5.00694680e-02	2.04151392e-01
2274            	-1.91847740e-01	4.97970615e-03	2.52663999e-01	5.01496101e-02	2.04485915e-01
2275            	-1.91818144e-01	4.86388281e-03	2.53350724e-01	5.02110931e-02	2.04754470e-01
2276            	-1.91795913e-01	4.90188743e-03	2.53100046e-01	5.02445179e-02	2.04919950e-01
2277            	-1.91781554e-01	5.00411681e-03	2.52464137e-01	5.02653043e-02	2.05033400e-01
2278            	-1.91775850e-01	5.07916885e-03	2.52003921e-01	5.02825837e-02	2.05123689e-01
2279            	-1.91778677e-01	5.11354947e-03	2.51796955e-01	5.02878688e-02	2.05158543e-01
2280            	-1.91786982e-01	5.17773578e-03	2.51398509e-01	5.02790904e-02	2.05142980e-01
2281            	-1.91801709e-01	5.24710650e-03	2.50959897e-01	5.02670808e-02	2.05121029e-01
2282            	-1.91826214e-01	5.33942629e-03	2.50380011e-01	5.02542099e-02	2.05095707e-01
2283            	-1.91857805e-01	5.42669867e-03	2.49839976e-01	5.02395506e-02	2.05044687e-01
2284            	-1.91889524e-01	5.51011091e-03	2.49331494e-01	5.02267552e-02	2.04974044e-01
2285            	-1.91917209e-01	5.64690194e-03	2.48501226e-01	5.01965615e-02	2.04815914e-01
2286            	-1.91939693e-01	5.82782079e-03	2.47401261e-01	5.01370100e-02	2.04535213e-01
2287            	-1.91957781e-01	5.99380860e-03	2.46392111e-01	5.00549121e-02	2.04164568e-01
2288            	-1.91974273e-01	6.16292355e-03	2.45364694e-01	4.99485530e-02	2.03699443e-01
2289            	-1.91992309e-01	6.31782700e-03	2.44431233e-01	4.98351685e-02	2.03213279e-01
2290            	-1.92004492e-01	6.51750769e-03	2.43222631e-01	4.97369808e-02	2.02804110e-01
2291            	-1.92011607e-01	6.67257124e-03	2.42289410e-01	4.96890209e-02	2.02605409e-01
2292            	-1.92016298e-01	6.73595594e-03	2.41921405e-01	4.96905029e-02	2.02605915e-01
2293            	-1.92013118e-01	6.65742542e-03	2.42416667e-01	4.97269653e-02	2.02744423e-01
2294            	-1.92000391e-01	6.43185889e-03	2.43801052e-01	4.97718264e-02	2.02914957e-01
2295            	-1.91981950e-01	6.15941156e-03	2.45466568e-01	4.98148219e-02	2.03082479e-01
2296            	-1.91961641e-01	5.93364361e-03	2.46847892e-01	4.98497637e-02	2.03223705e-01
2297            	-1.91941192e-01	5.75498005e-03	2.47945577e-01	4.98832194e-02	2.03364510e-01
2298            	-1.91918992e-01	5.57228604e-03	2.49066357e-01	4.99224689e-02	2.03531584e-01
2299            	-1.91893253e-01	5.32747044e-03	2.50561803e-01	4.99760178e-02	2.03754527e-01
2300            	-1.91865420e-01	5.07806274e-03	2.52078639e-01	5.00364587e-02	2.04006364e-01
2301            	-1.91840164e-01	4.92540623e-03	2.53000647e-01	5.00822663e-02	2.04206696e-01
2302            	-1.91820941e-01	4.90272747e-03	2.53130296e-01	5.01036965e-02	2.04316353e-01
2303            	-1.91808544e-01	4.92224393e-03	2.53009446e-01	5.01222016e-02	2.04411753e-01
2304            	-1.91805007e-01	4.96163002e-03	2.52774018e-01	5.01455120e-02	2.04524357e-01
2305            	-1.91810345e-01	5.00908009e-03	2.52490572e-01	5.01613608e-02	2.04608906e-01
2306            	-1.91822401e-01	5.05248257e-03	2.52225883e-01	5.01782501e-02	2.04703342e-01
2307            	-1.91840981e-01	5.05266381e-03	2.52219395e-01	5.02032319e-02	2.04831714e-01
2308            	-1.91863759e-01	5.07949603e-03	2.52040467e-01	5.02288735e-02	2.04960743e-01
2309            	-1.91886420e-01	5.13906042e-03	2.51658063e-01	5.02503048e-02	2.05054559e-01
2310            	-1.91907192e-01	5.25224958e-03	2.50950745e-01	5.02523004e-02	2.05049025e-01
2311            	-1.91921558e-01	5.45625572e-03	2.49687962e-01	5.02339333e-02	2.04952067e-01
2312            	-1.91933110e-01	5.67780252e-03	2.48321638e-01	5.01930428e-02	2.04758892e-01
2313            	-1.91942480e-01	5.86489159e-03	2.47166713e-01	5.01300647e-02	2.04473815e-01
2314            	-1.91947896e-01	6.06095818e-03	2.45952386e-01	5.00431800e-02	2.04096285e-01
2315            	-1.91946655e-01	6.24138851e-03	2.44826083e-01	4.99530910e-02	2.03715170e-01
2316            	-1.91939997e-01	6.41925239e-03	2.43715735e-01	4.98801460e-02	2.03413130e-01
2317            	-1.91933315e-01	6.53974405e-03	2.42967444e-01	4.98393127e-02	2.03241199e-01
2318            	-1.91933782e-01	6.55903202e-03	2.42859010e-01	4.98249264e-02	2.03169094e-01
2319            	-1.91938842e-01	6.51015294e-03	2.43181405e-01	4.98345749e-02	2.03190632e-01
2320            	-1.91942285e-01	6.39503380e-03	2.43911968e-01	4.98623971e-02	2.03285260e-01
2321            	-1.91934591e-01	6.20975496e-03	2.45060807e-01	4.98896219e-02	2.03381498e-01
2322            	-1.91919132e-01	5.98143251e-03	2.46467003e-01	4.99014788e-02	2.03420466e-01
2323            	-1.91903527e-01	5.74395723e-03	2.47934364e-01	4.99097622e-02	2.03448631e-01
2324            	-1.91894052e-01	5.50638361e-03	2.49413146e-01	4.99098594e-02	2.03444341e-01
2325            	-1.91887646e-01	5.27523683e-03	2.50856563e-01	4.99178423e-02	2.03475205e-01
2326            	-1.91879216e-01	5.09252864e-03	2.51995568e-01	4.99305776e-02	2.03533994e-01
2327            	-1.91865518e-01	4.98558825e-03	2.52657498e-01	4.99354444e-02	2.03569614e-01
2328            	-1.91851298e-01	4.91883323e-03	2.53069218e-01	4.99382844e-02	2.03597962e-01
2329            	-1.91843788e-01	4.85687994e-03	2.53458171e-01	4.99431710e-02	2.03629993e-01
2330            	-1.91844900e-01	4.79656306e-03	2.53842631e-01	4.99553255e-02	2.03690370e-01
2331            	-1.91855280e-01	4.77497801e-03	2.53989230e-01	4.99769576e-02	2.03797661e-01
2332            	-1.91872598e-01	4.75695474e-03	2.54107830e-01	5.00247586e-02	2.04020456e-01
2333            	-1.91896307e-01	4.74015241e-03	2.54211966e-01	5.00774801e-02	2.04265277e-01
2334            	-1.91917949e-01	4.73218624e-03	2.54251585e-01	5.01365411e-02	2.04523076e-01
2335            	-1.91936251e-01	4.78955442e-03	2.53888928e-01	5.01813143e-02	2.04704231e-01
2336            	-1.91946241e-01	4.99403593e-03	2.52616940e-01	5.01980752e-02	2.04765534e-01
2337            	-1.91949228e-01	5.27976581e-03	2.50840238e-01	5.01946768e-02	2.04745515e-01
2338            	-1.91947540e-01	5.54361165e-03	2.49191978e-01	5.01800715e-02	2.04679949e-01
2339            	-1.91942139e-01	5.76867896e-03	2.47774845e-01	5.01502476e-02	2.04551454e-01
2340            	-1.91931645e-01	5.96247659e-03	2.46543121e-01	5.01102287e-02	2.04383492e-01
2341            	-1.91909941e-01	6.16879968e-03	2.45223994e-01	5.00757063e-02	2.04244217e-01
2342            	-1.91884221e-01	6.31724572e-03	2.44262345e-01	5.00591458e-02	2.04176516e-01
2343            	-1.91859508e-01	6.37119167e-03	2.43888018e-01	5.00553532e-02	2.04153722e-01
2344            	-1.91840426e-01	6.31698398e-03	2.44190512e-01	5.00591898e-02	2.04152319e-01
2345            	-1.91827447e-01	6.19617604e-03	2.44915655e-01	5.00634991e-02	2.04147166e-01
2346            	-1.91817578e-01	6.07640107e-03	2.45646046e-01	5.00604834e-02	2.04113613e-01
2347            	-1.91810483e-01	5.98167339e-03	2.46235553e-01	5.00482388e-02	2.04045371e-01
2348            	-1.91808712e-01	5.88396696e-03	2.46860210e-01	5.00274412e-02	2.03941026e-01
2349            	-1.91810177e-01	5.71673750e-03	2.47922254e-01	5.00017954e-02	2.03814377e-01
2350            	-1.91809597e-01	5.44011021e-03	2.49655751e-01	4.99864309e-02	2.03729442e-01
2351            	-1.91812625e-01	5.13556781e-03	2.51564961e-01	4.99737544e-02	2.03661146e-01
2352            	-1.91822454e-01	4.92815859e-03	2.52885428e-01	4.99387454e-02	2.03512059e-01
2353            	-1.91839554e-01	4.83281153e-03	2.53525681e-01	4.98748792e-02	2.03253688e-01
2354            	-1.91858022e-01	4.79035038e-03	2.53841012e-01	4.98097218e-02	2.02993980e-01
2355            	-1.91876190e-01	4.73416093e-03	2.54234339e-01	4.97575586e-02	2.02788923e-01
2356            	-1.91894213e-01	4.65961983e-03	2.54729891e-01	4.97395270e-02	2.02728425e-01
2357            	-1.91916446e-01	4.52809353e-03	2.55568296e-01	4.97658284e-02	2.02852337e-01
2358            	-1.91944404e-01	4.39946251e-03	2.56381698e-01	4.98253985e-02	2.03116365e-01
2359            	-1.91969286e-01	4.32751868e-03	2.56833123e-01	4.98960680e-02	2.03420990e-01
2360            	-1.91990411e-01	4.34444564e-03	2.56735597e-01	4.99568719e-02	2.03672325e-01
2361            	-1.92003725e-01	4.51905186e-03	2.55664330e-01	4.99967199e-02	2.03836155e-01
2362            	-1.92008105e-01	4.75779174e-03	2.54190400e-01	5.00331129e-02	2.03986979e-01
2363            	-1.92004501e-01	4.97570689e-03	2.52830702e-01	5.00761207e-02	2.04166955e-01
2364            	-1.91993540e-01	5.20877646e-03	2.51361108e-01	5.01063947e-02	2.04300569e-01
2365            	-1.91974668e-01	5.48859480e-03	2.49588414e-01	5.01194802e-02	2.04375790e-01
2366            	-1.91942313e-01	5.81113148e-03	2.47534768e-01	5.01318946e-02	2.04458999e-01
2367            	-1.91902341e-01	6.06485235e-03	2.45898186e-01	5.01632997e-02	2.04614140e-01
2368            	-1.91859644e-01	6.19608907e-03	2.45014354e-01	5.02138499e-02	2.04832228e-01
2369            	-1.91817420e-01	6.19055779e-03	2.44973727e-01	5.02805323e-02	2.05101857e-01
2370            	-1.91776905e-01	6.10670120e-03	2.45418278e-01	5.03410644e-02	2.05340373e-01
2371            	-1.91738190e-01	6.00743834e-03	2.45963039e-01	5.03802631e-02	2.05490872e-01
2372            	-1.91702098e-01	5.92016890e-03	2.46443742e-01	5.03899937e-02	2.05520196e-01
2373            	-1.91673127e-01	5.80337385e-03	2.47123738e-01	5.03577664e-02	2.05371451e-01
2374            	-1.91652816e-01	5.61963048e-03	2.48234901e-01	5.03080964e-02	2.05141387e-01
2375            	-1.91640406e-01	5.36697528e-03	2.49785968e-01	5.02671510e-02	2.04941446e-01
2376            	-1.91638669e-01	5.09846512e-03	2.51451872e-01	5.02275622e-02	2.04748414e-01
2377            	-1.91651911e-01	4.90056548e-03	2.52707559e-01	5.01605710e-02	2.04449458e-01
2378            	-1.91676149e-01	4.78029639e-03	2.53505411e-01	5.00686036e-02	2.04051966e-01
2379            	-1.91709767e-01	4.68488405e-03	2.54168871e-01	4.99570738e-02	2.03571130e-01
2380            	-1.91752603e-01	4.59469261e-03	2.54814508e-01	4.98363180e-02	2.03050911e-01
2381            	-1.91806134e-01	4.53281735e-03	2.55296100e-01	4.97196202e-02	2.02552105e-01
2382            	-1.91866335e-01	4.43725447e-03	2.55983537e-01	4.96427802e-02	2.02223851e-01
2383            	-1.91925480e-01	4.30694851e-03	2.56869058e-01	4.96044423e-02	2.02062703e-01
2384            	-1.91974035e-01	4.17735356e-03	2.57730208e-01	4.95976912e-02	2.02030600e-01
2385            	-1.92015090e-01	4.10331555e-03	2.58243937e-01	4.96011441e-02	2.02034215e-01
2386            	-1.92048582e-01	4.17589937e-03	2.57853446e-01	4.96078208e-02	2.02055653e-01
2387            	-1.92067948e-01	4.33577502e-03	2.56909892e-01	4.96384772e-02	2.02185420e-01
2388            	-1.92072624e-01	4.50195364e-03	2.55904963e-01	4.96938900e-02	2.02425525e-01
2389            	-1.92062461e-01	4.70772724e-03	2.54628291e-01	4.97552892e-02	2.02701569e-01
2390            	-1.92042939e-01	4.94172464e-03	2.53156781e-01	4.98199367e-02	2.03004133e-01
2391            	-1.92014742e-01	5.18440053e-03	2.51617562e-01	4.99016854e-02	2.03384525e-01
2392            	-1.91979858e-01	5.35351595e-03	2.50522670e-01	5.00105419e-02	2.03870136e-01
2393            	-1.91937010e-01	5.42884759e-03	2.49992927e-01	5.01439359e-02	2.04445591e-01
2394            	-1.91889329e-01	5.43406550e-03	2.49884618e-01	5.02833931e-02	2.05038157e-01
2395            	-1.91838365e-01	5.41256296e-03	2.49931405e-01	5.04089178e-02	2.05572617e-01
2396            	-1.91787887e-01	5.40791844e-03	2.49873555e-01	5.05002362e-02	2.05968830e-01
2397            	-1.91738405e-01	5.42556618e-03	2.49683174e-01	5.05672705e-02	2.06265556e-01
2398            	-1.91690826e-01	5.45638454e-03	2.49420266e-01	5.06298384e-02	2.06539994e-01
2399            	-1.91648589e-01	5.45647252e-03	2.49357789e-01	5.06978719e-02	2.06828464e-01
2400            	-1.91617009e-01	5.42300416e-03	2.49518023e-01	5.07502649e-02	2.07045681e-01
2401            	-1.91600014e-01	5.41732536e-03	2.49526731e-01	5.07551676e-02	2.07069033e-01
2402            	-1.91595184e-01	5.46871887e-03	2.49201698e-01	5.07060095e-02	2.06872005e-01
2403            	-1.91599030e-01	5.52610231e-03	2.48854735e-01	5.06233806e-02	2.06532257e-01
2404            	-1.91612075e-01	5.50193633e-03	2.49026062e-01	5.05283477e-02	2.06126781e-01
2405            	-1.91640368e-01	5.43710360e-03	2.49469517e-01	5.04140409e-02	2.05632103e-01
2406            	-1.91684544e-01	5.40447731e-03	2.49731470e-01	5.02791245e-02	2.05055719e-01
2407            	-1.91743038e-01	5.37710619e-03	2.49972503e-01	5.01387604e-02	2.04461753e-01
2408            	-1.91811863e-01	5.33703475e-03	2.50300337e-01	5.00057327e-02	2.03899776e-01
2409            	-1.91882732e-01	5.28014991e-03	2.50737623e-01	4.98759383e-02	2.03343906e-01
2410            	-1.91951546e-01	5.26519542e-03	2.50925660e-01	4.97527377e-02	2.02806020e-01
2411            	-1.92023015e-01	5.37425413e-03	2.50367752e-01	4.96635085e-02	2.02408219e-01
2412            	-1.92089157e-01	5.53286426e-03	2.49502070e-01	4.96132679e-02	2.02178907e-01
2413            	-1.92133787e-01	5.59535257e-03	2.49193051e-01	4.95742619e-02	2.02005583e-01
2414            	-1.92150769e-01	5.58474989e-03	2.49287817e-01	4.95291267e-02	2.01819450e-01
2415            	-1.92145157e-01	5.63449513e-03	2.48978693e-01	4.95095511e-02	2.01756420e-01
2416            	-1.92125350e-01	5.78598863e-03	2.48029322e-01	4.95396933e-02	2.01916330e-01
2417            	-1.92091365e-01	5.92185821e-03	2.47157991e-01	4.96259281e-02	2.02311117e-01
2418            	-1.92045983e-01	5.90505619e-03	2.47204929e-01	4.97649304e-02	2.02913855e-01
2419            	-1.91995627e-01	5.70505167e-03	2.48364419e-01	4.99397253e-02	2.03648396e-01
2420            	-1.91941375e-01	5.44548800e-03	2.49881541e-01	5.01280859e-02	2.04432395e-01
2421            	-1.91888609e-01	5.25740325e-03	2.50963515e-01	5.02954685e-02	2.05133452e-01
2422            	-1.91840972e-01	5.18616816e-03	2.51339187e-01	5.04188507e-02	2.05660672e-01
2423            	-1.91796030e-01	5.19626688e-03	2.51222358e-01	5.05182074e-02	2.06093975e-01
2424            	-1.91753101e-01	5.20071046e-03	2.51142413e-01	5.06156821e-02	2.06515702e-01
2425            	-1.91715009e-01	5.15744263e-03	2.51359574e-01	5.07048918e-02	2.06896535e-01
2426            	-1.91687084e-01	5.12972081e-03	2.51491515e-01	5.07584394e-02	2.07129800e-01
2427            	-1.91668932e-01	5.19801088e-03	2.51044174e-01	5.07704298e-02	2.07197297e-01
2428            	-1.91659588e-01	5.37194640e-03	2.49958819e-01	5.07477689e-02	2.07122876e-01
2429            	-1.91660829e-01	5.52332874e-03	2.49028441e-01	5.07006125e-02	2.06933994e-01
2430            	-1.91675550e-01	5.60960253e-03	2.48515661e-01	5.06266563e-02	2.06621972e-01
2431            	-1.91703582e-01	5.67660899e-03	2.48134541e-01	5.05282400e-02	2.06205908e-01
2432            	-1.91742156e-01	5.74931463e-03	2.47723391e-01	5.04148371e-02	2.05733283e-01
2433            	-1.91791423e-01	5.77278114e-03	2.47622451e-01	5.03004619e-02	2.05254601e-01
2434            	-1.91851346e-01	5.75807628e-03	2.47768044e-01	5.01934525e-02	2.04798965e-01
2435            	-1.91921582e-01	5.72764616e-03	2.48033290e-01	5.00858760e-02	2.04323876e-01
2436            	-1.91989365e-01	5.72676608e-03	2.48122950e-01	4.99764722e-02	2.03831022e-01
2437            	-1.92051375e-01	5.79808894e-03	2.47770341e-01	4.98777596e-02	2.03383124e-01
2438            	-1.92110971e-01	5.92880839e-03	2.47056221e-01	4.97959491e-02	2.03010690e-01
2439            	-1.92165107e-01	6.05593150e-03	2.46359763e-01	4.97107058e-02	2.02633492e-01
2440            	-1.92193741e-01	6.13074429e-03	2.45949268e-01	4.96170276e-02	2.02234784e-01
2441            	-1.92195208e-01	6.14232634e-03	2.45888195e-01	4.95332334e-02	2.01892958e-01
2442            	-1.92173652e-01	6.19388890e-03	2.45551594e-01	4.95051588e-02	2.01798131e-01
2443            	-1.92139649e-01	6.25625416e-03	2.45132214e-01	4.95441724e-02	2.01988192e-01
2444            	-1.92095223e-01	6.21444916e-03	2.45337270e-01	4.96493264e-02	2.02443394e-01
2445            	-1.92043755e-01	6.00401432e-03	2.46566846e-01	4.98007125e-02	2.03075650e-01
2446            	-1.91989092e-01	5.70858508e-03	2.48311343e-01	4.99690092e-02	2.03770887e-01
2447            	-1.91933400e-01	5.44503279e-03	2.49858971e-01	5.01224773e-02	2.04408062e-01
2448            	-1.91880198e-01	5.28509648e-03	2.50777905e-01	5.02430128e-02	2.04918572e-01
2449            	-1.91830405e-01	5.21001729e-03	2.51183928e-01	5.03462817e-02	2.05362917e-01
2450            	-1.91785349e-01	5.15090713e-03	2.51498338e-01	5.04483732e-02	2.05799321e-01
2451            	-1.91747307e-01	5.08167295e-03	2.51882354e-01	5.05424576e-02	2.06199232e-01
2452            	-1.91719539e-01	5.05951247e-03	2.51985906e-01	5.06033559e-02	2.06466367e-01
2453            	-1.91701440e-01	5.13943167e-03	2.51470337e-01	5.06245273e-02	2.06577365e-01
2454            	-1.91692484e-01	5.30810430e-03	2.50418596e-01	5.06108074e-02	2.06546240e-01
2455            	-1.91692597e-01	5.45154320e-03	2.49534331e-01	5.05759118e-02	2.06414843e-01
2456            	-1.91703721e-01	5.54763340e-03	2.48952818e-01	5.05209653e-02	2.06188466e-01
2457            	-1.91726093e-01	5.63869105e-03	2.48408883e-01	5.04423847e-02	2.05863078e-01
2458            	-1.91759191e-01	5.71519530e-03	2.47958136e-01	5.03529032e-02	2.05495398e-01
2459            	-1.91804264e-01	5.75609675e-03	2.47733946e-01	5.02625803e-02	2.05123091e-01
2460            	-1.91860845e-01	5.73845563e-03	2.47886773e-01	5.01768689e-02	2.04755250e-01
2461            	-1.91916876e-01	5.71910243e-03	2.48061043e-01	5.00922686e-02	2.04372164e-01
2462            	-1.91970874e-01	5.72738977e-03	2.48074287e-01	5.00053664e-02	2.03965559e-01
2463            	-1.92022960e-01	5.77573543e-03	2.47847905e-01	4.99167289e-02	2.03551110e-01
2464            	-1.92075586e-01	5.87254329e-03	2.47332249e-01	4.98173426e-02	2.03099744e-01
2465            	-1.92129071e-01	6.06180654e-03	2.46255447e-01	4.97020817e-02	2.02598894e-01
2466            	-1.92163710e-01	6.28589310e-03	2.44939834e-01	4.95873007e-02	2.02118141e-01
2467            	-1.92166384e-01	6.38080782e-03	2.44371274e-01	4.95009152e-02	2.01766421e-01
2468            	-1.92143178e-01	6.34986673e-03	2.44540761e-01	4.94846556e-02	2.01710330e-01
2469            	-1.92109917e-01	6.27682821e-03	2.44957455e-01	4.95426295e-02	2.01961150e-01
2470            	-1.92077484e-01	6.15743649e-03	2.45659869e-01	4.96419126e-02	2.02378024e-01
2471            	-1.92041097e-01	5.98462145e-03	2.46683228e-01	4.97680782e-02	2.02903119e-01
2472            	-1.91995940e-01	5.75267906e-03	2.48055477e-01	4.99086220e-02	2.03487308e-01
2473            	-1.91945882e-01	5.49874177e-03	2.49556281e-01	5.00389427e-02	2.04031710e-01
2474            	-1.91893632e-01	5.27599542e-03	2.50866349e-01	5.01474937e-02	2.04490256e-01
2475            	-1.91841896e-01	5.12068061e-03	2.51765176e-01	5.02523085e-02	2.04936974e-01
2476            	-1.91794651e-01	5.01597245e-03	2.52358305e-01	5.03625582e-02	2.05406870e-01
2477            	-1.91757186e-01	4.95781269e-03	2.52675574e-01	5.04584084e-02	2.05819469e-01
2478            	-1.91731472e-01	4.97423092e-03	2.52546222e-01	5.05167550e-02	2.06084180e-01
2479            	-1.91714572e-01	5.08844717e-03	2.51823818e-01	5.05367240e-02	2.06197883e-01
2480            	-1.91706333e-01	5.22565841e-03	2.50969820e-01	5.05324325e-02	2.06206173e-01
2481            	-1.91706816e-01	5.35180023e-03	2.50191638e-01	5.05104897e-02	2.06132116e-01
2482            	-1.91718255e-01	5.46765246e-03	2.49485097e-01	5.04644090e-02	2.05950949e-01
2483            	-1.91739001e-01	5.59158517e-03	2.48729617e-01	5.03983025e-02	2.05689577e-01
2484            	-1.91770263e-01	5.67118345e-03	2.48249264e-01	5.03324005e-02	2.05428610e-01
2485            	-1.91814579e-01	5.72421166e-03	2.47941997e-01	5.02691048e-02	2.05173019e-01
2486            	-1.91867558e-01	5.74928211e-03	2.47824045e-01	5.01991910e-02	2.04869301e-01
2487            	-1.91916948e-01	5.79193276e-03	2.47605380e-01	5.01281589e-02	2.04539443e-01
2488            	-1.91961761e-01	5.88433029e-03	2.47087861e-01	5.00468283e-02	2.04156913e-01
2489            	-1.92007310e-01	5.99990223e-03	2.46437242e-01	4.99492660e-02	2.03709428e-01
2490            	-1.92054649e-01	6.12470000e-03	2.45737981e-01	4.98318889e-02	2.03191022e-01
2491            	-1.92096691e-01	6.29422156e-03	2.44760335e-01	4.97059276e-02	2.02650241e-01
2492            	-1.92130024e-01	6.47365060e-03	2.43713390e-01	4.95977006e-02	2.02194410e-01
2493            	-1.92137707e-01	6.60168925e-03	2.42950773e-01	4.95345626e-02	2.01935688e-01
2494            	-1.92121690e-01	6.58925708e-03	2.43019247e-01	4.95286470e-02	2.01917022e-01
2495            	-1.92096076e-01	6.47008227e-03	2.43729923e-01	4.95750488e-02	2.02113560e-01
2496            	-1.92068872e-01	6.30590811e-03	2.44715178e-01	4.96535594e-02	2.02439915e-01
2497            	-1.92039907e-01	6.11077390e-03	2.45887623e-01	4.97448632e-02	2.02817541e-01
2498            	-1.92002982e-01	5.88170891e-03	2.47258468e-01	4.98511737e-02	2.03257057e-01
2499            	-1.91957691e-01	5.62869498e-03	2.48767477e-01	4.99641176e-02	2.03726628e-01
2500            	-1.91910210e-01	5.39202652e-03	2.50173919e-01	5.00621640e-02	2.04138915e-01
2501            	-1.91863038e-01	5.18753976e-03	2.51383154e-01	5.01557224e-02	2.04534171e-01
2502            	-1.91818807e-01	5.02240520e-03	2.52354438e-01	5.02554031e-02	2.04955445e-01
2503            	-1.91782726e-01	4.92730334e-03	2.52904083e-01	5.03432787e-02	2.05332589e-01
2504            	-1.91757301e-01	4.94778710e-03	2.52754317e-01	5.04028812e-02	2.05602440e-01
2505            	-1.91740255e-01	5.06177096e-03	2.52037734e-01	5.04332532e-02	2.05756592e-01
2506            	-1.91731193e-01	5.15691904e-03	2.51445407e-01	5.04462933e-02	2.05831007e-01
2507            	-1.91730524e-01	5.24284328e-03	2.50914990e-01	5.04388300e-02	2.05815893e-01
2508            	-1.91738862e-01	5.35771429e-03	2.50207836e-01	5.04013627e-02	2.05678546e-01
2509            	-1.91754294e-01	5.50469858e-03	2.49299079e-01	5.03529983e-02	2.05501040e-01
2510            	-1.91780384e-01	5.59556663e-03	2.48737596e-01	5.03118189e-02	2.05348881e-01
2511            	-1.91818429e-01	5.64609651e-03	2.48433449e-01	5.02790225e-02	2.05221214e-01
2512            	-1.91863273e-01	5.67981615e-03	2.48248888e-01	5.02366106e-02	2.05030905e-01
2513            	-1.91906664e-01	5.73613318e-03	2.47934215e-01	5.01847801e-02	2.04780866e-01
2514            	-1.91943739e-01	5.85536842e-03	2.47236027e-01	5.01167543e-02	2.04456222e-01
2515            	-1.91979993e-01	5.99571901e-03	2.46415876e-01	5.00228990e-02	2.04026508e-01
2516            	-1.92019509e-01	6.14210435e-03	2.45569321e-01	4.98992088e-02	2.03483309e-01
2517            	-1.92055099e-01	6.31379556e-03	2.44566554e-01	4.97661703e-02	2.02912911e-01
2518            	-1.92085417e-01	6.49948020e-03	2.43474213e-01	4.96538147e-02	2.02440140e-01
2519            	-1.92101457e-01	6.68266606e-03	2.42383564e-01	4.95881227e-02	2.02171504e-01
2520            	-1.92097679e-01	6.73405251e-03	2.42078162e-01	4.95739811e-02	2.02116773e-01
2521            	-1.92080374e-01	6.59999002e-03	2.42892616e-01	4.95977038e-02	2.02212745e-01
2522            	-1.92057640e-01	6.37631546e-03	2.44250340e-01	4.96570943e-02	2.02453021e-01
2523            	-1.92033335e-01	6.14707761e-03	2.45640668e-01	4.97314393e-02	2.02755891e-01
2524            	-1.92005293e-01	5.94459009e-03	2.46863249e-01	4.98106847e-02	2.03083255e-01
2525            	-1.91970802e-01	5.73960219e-03	2.48095904e-01	4.98884468e-02	2.03408096e-01
2526            	-1.91930202e-01	5.50477364e-03	2.49505145e-01	4.99641308e-02	2.03725932e-01
2527            	-1.91887757e-01	5.25662732e-03	2.50991754e-01	5.00419414e-02	2.04051370e-01
2528            	-1.91846211e-01	5.02652164e-03	2.52367240e-01	5.01313629e-02	2.04425229e-01
2529            	-1.91810588e-01	4.89923109e-03	2.53116683e-01	5.02101763e-02	2.04763173e-01
2530            	-1.91784326e-01	4.91376235e-03	2.53004544e-01	5.02638150e-02	2.05008896e-01
2531            	-1.91766917e-01	5.03055591e-03	2.52273285e-01	5.02957217e-02	2.05170690e-01
2532            	-1.91758236e-01	5.11501416e-03	2.51750780e-01	5.03186280e-02	2.05286106e-01
2533            	-1.91756944e-01	5.16299653e-03	2.51455338e-01	5.03278547e-02	2.05338584e-01
2534            	-1.91761894e-01	5.24130279e-03	2.50968442e-01	5.03177052e-02	2.05315551e-01
2535            	-1.91773133e-01	5.34968370e-03	2.50289755e-01	5.02961793e-02	2.05251847e-01
2536            	-1.91794704e-01	5.44193690e-03	2.49711051e-01	5.02807360e-02	2.05212318e-01
2537            	-1.91826986e-01	5.51289991e-03	2.49272235e-01	5.02694249e-02	2.05178328e-01
2538            	-1.91862806e-01	5.56008459e-03	2.48990458e-01	5.02579439e-02	2.05117052e-01
2539            	-1.91896980e-01	5.62182054e-03	2.48626976e-01	5.02327431e-02	2.04977595e-01
2540            	-1.91924646e-01	5.74194945e-03	2.47906913e-01	5.01840295e-02	2.04734936e-01
2541            	-1.91949057e-01	5.88599553e-03	2.47043426e-01	5.01045314e-02	2.04367572e-01
2542            	-1.91975729e-01	6.04608435e-03	2.46090099e-01	4.99960969e-02	2.03888245e-01
2543            	-1.92002808e-01	6.27045237e-03	2.44747641e-01	4.98668356e-02	2.03335712e-01
2544            	-1.92025804e-01	6.48748632e-03	2.43448768e-01	4.97474845e-02	2.02836651e-01
2545            	-1.92039848e-01	6.67515414e-03	2.42324451e-01	4.96761729e-02	2.02544703e-01
2546            	-1.92043614e-01	6.74963647e-03	2.41887092e-01	4.96633707e-02	2.02490860e-01
2547            	-1.92035686e-01	6.63305890e-03	2.42609313e-01	4.96929038e-02	2.02601986e-01
2548            	-1.92020019e-01	6.38765336e-03	2.44111738e-01	4.97392423e-02	2.02779475e-01
2549            	-1.92003122e-01	6.14036138e-03	2.45623916e-01	4.97899184e-02	2.02981072e-01
2550            	-1.91985045e-01	5.95268774e-03	2.46771418e-01	4.98307763e-02	2.03150601e-01
2551            	-1.91964518e-01	5.79368976e-03	2.47744401e-01	4.98672015e-02	2.03307072e-01
2552            	-1.91938021e-01	5.58973856e-03	2.48987472e-01	4.99104545e-02	2.03490398e-01
2553            	-1.91905358e-01	5.32094368e-03	2.50619291e-01	4.99716087e-02	2.03742832e-01
2554            	-1.91872050e-01	5.05180994e-03	2.52248262e-01	5.00423426e-02	2.04034824e-01
2555            	-1.91842697e-01	4.88199600e-03	2.53268841e-01	5.01005627e-02	2.04285229e-01
2556            	-1.91818931e-01	4.87945848e-03	2.53266717e-01	5.01323616e-02	2.04441098e-01
2557            	-1.91802811e-01	4.96215361e-03	2.52749956e-01	5.01521531e-02	2.04550401e-01
2558            	-1.91795108e-01	5.03545467e-03	2.52300265e-01	5.01756763e-02	2.04667580e-01
2559            	-1.91795858e-01	5.06658631e-03	2.52113790e-01	5.01927747e-02	2.04752442e-01
2560            	-1.91801676e-01	5.11125780e-03	2.51835911e-01	5.02008546e-02	2.04806720e-01
2561            	-1.91813154e-01	5.15513479e-03	2.51552642e-01	5.02093497e-02	2.04869895e-01
2562            	-1.91832979e-01	5.22294946e-03	2.51118395e-01	5.02183586e-02	2.04935802e-01
2563            	-1.91858169e-01	5.30410893e-03	2.50606255e-01	5.02280270e-02	2.04988104e-01
2564            	-1.91884138e-01	5.39545167e-03	2.50039274e-01	5.02310996e-02	2.04988423e-01
2565            	-1.91906051e-01	5.54994021e-03	2.49089558e-01	5.02185460e-02	2.04909861e-01
2566            	-1.91923214e-01	5.74797330e-03	2.47874770e-01	5.01831300e-02	2.04733170e-01
2567            	-1.91937241e-01	5.92402245e-03	2.46795796e-01	5.01231241e-02	2.04455079e-01
2568            	-1.91948480e-01	6.09738490e-03	2.45731712e-01	5.00360240e-02	2.04069998e-01
2569            	-1.91959535e-01	6.25865508e-03	2.44745207e-01	4.99355823e-02	2.03637946e-01
2570            	-1.91965347e-01	6.45206852e-03	2.43561191e-01	4.98444748e-02	2.03256371e-01
2571            	-1.91969043e-01	6.59427176e-03	2.42697189e-01	4.97929669e-02	2.03040637e-01
2572            	-1.91973324e-01	6.66930201e-03	2.42253988e-01	4.97811921e-02	2.02985010e-01
2573            	-1.91978415e-01	6.64177478e-03	2.42446567e-01	4.98006271e-02	2.03051775e-01
2574            	-1.91974864e-01	6.48694846e-03	2.43410572e-01	4.98395205e-02	2.03195387e-01
2575            	-1.91961823e-01	6.24537843e-03	2.44894571e-01	4.98743356e-02	2.03325885e-01
2576            	-1.91944259e-01	6.00088542e-03	2.46394371e-01	4.99011287e-02	2.03429638e-01
2577            	-1.91928645e-01	5.78792171e-03	2.47709181e-01	4.99167821e-02	2.03492258e-01
2578            	-1.91914124e-01	5.59575390e-03	2.48900522e-01	4.99286468e-02	2.03543293e-01
2579            	-1.91899510e-01	5.37806516e-03	2.50247520e-01	4.99504524e-02	2.03635462e-01
2580            	-1.91879972e-01	5.14525558e-03	2.51676947e-01	4.99871142e-02	2.03790411e-01
2581            	-1.91858538e-01	4.97854448e-03	2.52693246e-01	5.00185864e-02	2.03930560e-01
2582            	-1.91840509e-01	4.92268435e-03	2.53029989e-01	5.00308291e-02	2.03999267e-01
2583            	-1.91829735e-01	4.89446116e-03	2.53206408e-01	5.00370293e-02	2.04040103e-01
2584            	-1.91827672e-01	4.89123052e-03	2.53236767e-01	5.00457214e-02	2.04089642e-01
2585            	-1.91834482e-01	4.92809353e-03	2.53022520e-01	5.00550779e-02	2.04147623e-01
2586            	-1.91848386e-01	4.96205282e-03	2.52821301e-01	5.00746710e-02	2.04254008e-01
2587            	-1.91867712e-01	4.94617950e-03	2.52918406e-01	5.01109870e-02	2.04429498e-01
2588            	-1.91890356e-01	4.94460498e-03	2.52917595e-01	5.01507071e-02	2.04615878e-01
2589            	-1.91910847e-01	4.98604515e-03	2.52645742e-01	5.01869830e-02	2.04772041e-01
2590            	-1.91927737e-01	5.10438974e-03	2.51901912e-01	5.02019660e-02	2.04823323e-01
2591            	-1.91936052e-01	5.31048386e-03	2.50617107e-01	5.01943835e-02	2.04774501e-01
2592            	-1.91940197e-01	5.54384105e-03	2.49165772e-01	5.01689076e-02	2.04650823e-01
2593            	-1.91942762e-01	5.75588923e-03	2.47845406e-01	5.01255045e-02	2.04453326e-01
2594            	-1.91942749e-01	5.98616136e-03	2.46410610e-01	5.00604589e-02	2.04172290e-01
2595            	-1.91935021e-01	6.19471071e-03	2.45098998e-01	4.99904592e-02	2.03879077e-01
2596            	-1.91918289e-01	6.37063538e-03	2.43981565e-01	4.99375342e-02	2.03662092e-01
2597            	-1.91899627e-01	6.46456448e-03	2.43374117e-01	4.99130982e-02	2.03557053e-01
2598            	-1.91888030e-01	6.45091454e-03	2.43445363e-01	4.99132302e-02	2.03541629e-01
2599            	-1.91884476e-01	6.36957060e-03	2.43949832e-01	4.99288293e-02	2.03583645e-01
2600            	-1.91885341e-01	6.28126786e-03	2.44508421e-01	4.99513260e-02	2.03655057e-01
2601            	-1.91884900e-01	6.18124885e-03	2.45142839e-01	4.99692925e-02	2.03711596e-01
2602            	-1.91877433e-01	6.02343848e-03	2.46128368e-01	4.99759407e-02	2.03724235e-01
2603            	-1.91864048e-01	5.78280232e-03	2.47618855e-01	4.99780041e-02	2.03719994e-01
2604            	-1.91853468e-01	5.49583432e-03	2.49400607e-01	4.99829468e-02	2.03727991e-01
2605            	-1.91852873e-01	5.21151044e-03	2.51179777e-01	4.99818709e-02	2.03713510e-01
2606            	-1.91856727e-01	5.03251662e-03	2.52315649e-01	4.99702219e-02	2.03667822e-01
2607            	-1.91858512e-01	4.96909609e-03	2.52734841e-01	4.99411115e-02	2.03563863e-01
2608            	-1.91856012e-01	4.91340974e-03	2.53098860e-01	4.99157395e-02	2.03476022e-01
2609            	-1.91854868e-01	4.83216105e-03	2.53618478e-01	4.99048786e-02	2.03442294e-01
2610            	-1.91860843e-01	4.74966230e-03	2.54148032e-01	4.99077291e-02	2.03462834e-01
2611            	-1.91875984e-01	4.67298356e-03	2.54640864e-01	4.99229654e-02	2.03539741e-01
2612            	-1.91898757e-01	4.58118407e-03	2.55222275e-01	4.99668092e-02	2.03739712e-01
2613            	-1.91926726e-01	4.53999807e-03	2.55484389e-01	5.00210345e-02	2.03986993e-01
2614            	-1.91950965e-01	4.55622026e-03	2.55383935e-01	5.00734008e-02	2.04216305e-01
2615            	-1.91968555e-01	4.62595466e-03	2.54950298e-01	5.01153143e-02	2.04386520e-01
2616            	-1.91975157e-01	4.80347199e-03	2.53845699e-01	5.01411683e-02	2.04487138e-01
2617            	-1.91976185e-01	5.04974129e-03	2.52312981e-01	5.01524258e-02	2.04529839e-01
2618            	-1.91973780e-01	5.30191593e-03	2.50736292e-01	5.01499393e-02	2.04518287e-01
2619            	-1.91967115e-01	5.59261839e-03	2.48913678e-01	5.01234818e-02	2.04415069e-01
2620            	-1.91950170e-01	5.86418262e-03	2.47192652e-01	5.00906734e-02	2.04293144e-01
2621            	-1.91919185e-01	6.11816961e-03	2.45565225e-01	5.00689600e-02	2.04220729e-01
2622            	-1.91882316e-01	6.26137645e-03	2.44616871e-01	5.00768585e-02	2.04259521e-01
2623            	-1.91847554e-01	6.27548652e-03	2.44469689e-01	5.01040926e-02	2.04363037e-01
2624            	-1.91817758e-01	6.20104070e-03	2.44876420e-01	5.01365066e-02	2.04479835e-01
2625            	-1.91792322e-01	6.07666871e-03	2.45599148e-01	5.01585278e-02	2.04550744e-01
2626            	-1.91768368e-01	5.94536112e-03	2.46372984e-01	5.01590447e-02	2.04533519e-01
2627            	-1.91747378e-01	5.83021642e-03	2.47059590e-01	5.01407722e-02	2.04440214e-01
2628            	-1.91733242e-01	5.69206747e-03	2.47906850e-01	5.01042764e-02	2.04267014e-01
2629            	-1.91726121e-01	5.51411283e-03	2.49016701e-01	5.00708618e-02	2.04102410e-01
2630            	-1.91728637e-01	5.28174997e-03	2.50478903e-01	5.00513898e-02	2.03993732e-01
2631            	-1.91742862e-01	5.07061237e-03	2.51829208e-01	5.00320931e-02	2.03892453e-01
2632            	-1.91763077e-01	4.93292841e-03	2.52737206e-01	4.99842818e-02	2.03684847e-01
2633            	-1.91783475e-01	4.78701741e-03	2.53696702e-01	4.99138152e-02	2.03385138e-01
2634            	-1.91807577e-01	4.63301877e-03	2.54708503e-01	4.98310874e-02	2.03034243e-01
2635            	-1.91837124e-01	4.51646792e-03	2.55490660e-01	4.97625670e-02	2.02747657e-01
2636            	-1.91873664e-01	4.44998415e-03	2.55963687e-01	4.97184048e-02	2.02574533e-01
2637            	-1.91915651e-01	4.36323509e-03	2.56557628e-01	4.97188406e-02	2.02592207e-01
2638            	-1.91955643e-01	4.28110638e-03	2.57107597e-01	4.97445559e-02	2.02716946e-01
2639            	-1.91984971e-01	4.22057206e-03	2.57506728e-01	4.97900497e-02	2.02912460e-01
2640            	-1.92006029e-01	4.22211938e-03	2.57517257e-01	4.98400113e-02	2.03115596e-01
2641            	-1.92017172e-01	4.32986702e-03	2.56867705e-01	4.98967429e-02	2.03346281e-01
2642            	-1.92023680e-01	4.51880832e-03	2.55713432e-01	4.99585849e-02	2.03603552e-01
2643            	-1.92025251e-01	4.75930458e-03	2.54229594e-01	5.00186277e-02	2.03862539e-01
2644            	-1.92018759e-01	5.04816194e-03	2.52429386e-01	5.00542721e-02	2.04032804e-01
2645            	-1.91999774e-01	5.33145114e-03	2.50640554e-01	5.00802768e-02	2.04173129e-01
2646            	-1.91965594e-01	5.59962735e-03	2.48924207e-01	5.01142783e-02	2.04350273e-01
2647            	-1.91924236e-01	5.79491132e-03	2.47648525e-01	5.01682449e-02	2.04600387e-01
2648            	-1.91877226e-01	5.90305165e-03	2.46900999e-01	5.02500969e-02	2.04954014e-01
2649            	-1.91828735e-01	5.93559492e-03	2.46615301e-01	5.03517948e-02	2.05382473e-01
2650            	-1.91780448e-01	5.93207256e-03	2.46550809e-01	5.04480899e-02	2.05786107e-01
2651            	-1.91734736e-01	5.91713119e-03	2.46563296e-01	5.05134744e-02	2.06059347e-01
2652            	-1.91694047e-01	5.89894976e-03	2.46609338e-01	5.05253642e-02	2.06108936e-01
2653            	-1.91658800e-01	5.84331814e-03	2.46899267e-01	5.05098774e-02	2.06039092e-01
2654            	-1.91628685e-01	5.71008471e-03	2.47677882e-01	5.04987619e-02	2.05978613e-01
2655            	-1.91606512e-01	5.49759891e-03	2.48957629e-01	5.04847372e-02	2.05899328e-01
2656            	-1.91598732e-01	5.29431207e-03	2.50203561e-01	5.04373438e-02	2.05684277e-01
2657            	-1.91605236e-01	5.18996137e-03	2.50864776e-01	5.03496565e-02	2.05309101e-01
2658            	-1.91625177e-01	5.11180615e-03	2.51389999e-01	5.02368070e-02	2.04824367e-01
2659            	-1.91660063e-01	5.02435541e-03	2.51997093e-01	5.01116846e-02	2.04280803e-01
2660            	-1.91707218e-01	4.93514483e-03	2.52630532e-01	4.99783409e-02	2.03702301e-01
2661            	-1.91760394e-01	4.85216696e-03	2.53228304e-01	4.98453951e-02	2.03133302e-01
2662            	-1.91821222e-01	4.74758670e-03	2.53963490e-01	4.97242237e-02	2.02620415e-01
2663            	-1.91891960e-01	4.72824205e-03	2.54186126e-01	4.96282748e-02	2.02219422e-01
2664            	-1.91969520e-01	4.78922409e-03	2.53931383e-01	4.95793187e-02	2.02003785e-01
2665            	-1.92037969e-01	4.80664180e-03	2.53934171e-01	4.95638323e-02	2.01915675e-01
2666            	-1.92080488e-01	4.73304698e-03	2.54458936e-01	4.95728779e-02	2.01927445e-01
2667            	-1.92103117e-01	4.69358307e-03	2.54745026e-01	4.95901924e-02	2.01988294e-01
2668            	-1.92115864e-01	4.78516764e-03	2.54210967e-01	4.96129503e-02	2.02091903e-01
2669            	-1.92114372e-01	5.04406507e-03	2.52626921e-01	4.96445298e-02	2.02253977e-01
2670            	-1.92095052e-01	5.29426090e-03	2.51067548e-01	4.97035961e-02	2.02538402e-01
2671            	-1.92057554e-01	5.41178178e-03	2.50294216e-01	4.97982641e-02	2.02966543e-01
2672            	-1.92010671e-01	5.37631618e-03	2.50444688e-01	4.99280202e-02	2.03529175e-01
2673            	-1.91958302e-01	5.26474953e-03	2.51052267e-01	5.00943267e-02	2.04234909e-01
2674            	-1.91905330e-01	5.17180325e-03	2.51543496e-01	5.02757331e-02	2.05000569e-01
2675            	-1.91854828e-01	5.14222177e-03	2.51647889e-01	5.04267879e-02	2.05643877e-01
2676            	-1.91806165e-01	5.14402754e-03	2.51562676e-01	5.05399370e-02	2.06131990e-01
2677            	-1.91758740e-01	5.15257025e-03	2.51440203e-01	5.06303337e-02	2.06525487e-01
2678            	-1.91713916e-01	5.16422416e-03	2.51303575e-01	5.07087275e-02	2.06869215e-01
2679            	-1.91674708e-01	5.15889764e-03	2.51279290e-01	5.07740265e-02	2.07154921e-01
2680            	-1.91643852e-01	5.15250896e-03	2.51272248e-01	5.08120873e-02	2.07324621e-01
2681            	-1.91623578e-01	5.21125153e-03	2.50878002e-01	5.08152730e-02	2.07352500e-01
2682            	-1.91615605e-01	5.36559497e-03	2.49913587e-01	5.07777462e-02	2.07213610e-01
2683            	-1.91618416e-01	5.51403724e-03	2.49002562e-01	5.07094842e-02	2.06938206e-01
2684            	-1.91633815e-01	5.58564954e-03	2.48584262e-01	5.06246701e-02	2.06578969e-01
2685            	-1.91663680e-01	5.61339052e-03	2.48454557e-01	5.05183785e-02	2.06124462e-01
2686            	-1.91705139e-01	5.66137051e-03	2.48208340e-01	5.03900945e-02	2.05585882e-01
2687            	-1.91757586e-01	5.69323497e-03	2.48067649e-01	5.02559716e-02	2.05025901e-01
2688            	-1.91825916e-01	5.70674411e-03	2.48056991e-01	5.01190851e-02	2.04450549e-01
2689            	-1.91904950e-01	5.67677845e-03	2.48333536e-01	4.99858083e-02	2.03876475e-01
2690            	-1.91979524e-01	5.64700498e-03	2.48612726e-01	4.98642505e-02	2.03339355e-01
2691            	-1.92047700e-01	5.70517755e-03	2.48352855e-01	4.97771693e-02	2.02943969e-01
2692            	-1.92109526e-01	5.83236961e-03	2.47664668e-01	4.97250767e-02	2.02699783e-01
2693            	-1.92159250e-01	5.92270988e-03	2.47185766e-01	4.96660424e-02	2.02436174e-01
2694            	-1.92185626e-01	5.96813479e-03	2.46948657e-01	4.95827607e-02	2.02085877e-01
2695            	-1.92185038e-01	6.03748521e-03	2.46527312e-01	4.95155985e-02	2.01820671e-01
2696            	-1.92161317e-01	6.14468533e-03	2.45843144e-01	4.95005982e-02	2.01789486e-01
2697            	-1.92117356e-01	6.19279380e-03	2.45494296e-01	4.95628480e-02	2.02079382e-01
2698            	-1.92063323e-01	6.10194048e-03	2.45984035e-01	4.96937624e-02	2.02641062e-01
2699            	-1.92006403e-01	5.88235291e-03	2.47257149e-01	4.98759250e-02	2.03400641e-01
2700            	-1.91948688e-01	5.64480923e-03	2.48636910e-01	5.00730234e-02	2.04219051e-01
2701            	-1.91893874e-01	5.46579296e-03	2.49662418e-01	5.02472873e-02	2.04948443e-01
2702            	-1.91844705e-01	5.36325157e-03	2.50230922e-01	5.03769665e-02	2.05498796e-01
2703            	-1.91798834e-01	5.31074900e-03	2.50501725e-01	5.04830651e-02	2.05952532e-01
2704            	-1.91754457e-01	5.26329666e-03	2.50743475e-01	5.05907862e-02	2.06409954e-01
2705            	-1.91715803e-01	5.20231216e-03	2.51073201e-01	5.06896488e-02	2.06828207e-01
2706            	-1.91688954e-01	5.17990889e-03	2.51177049e-01	5.07503425e-02	2.07091835e-01
2707            	-1.91674018e-01	5.25708173e-03	2.50681351e-01	5.07641149e-02	2.07168075e-01
2708            	-1.91668900e-01	5.42131170e-03	2.49663185e-01	5.07373457e-02	2.07076079e-01
2709            	-1.91673491e-01	5.54836708e-03	2.48887678e-01	5.06858863e-02	2.06869037e-01
2710            	-1.91691099e-01	5.60727404e-03	2.48547064e-01	5.06085797e-02	2.06543160e-01
2711            	-1.91722110e-01	5.66097226e-03	2.48250411e-01	5.05093141e-02	2.06124368e-01
2712            	-1.91764117e-01	5.69762692e-03	2.48064330e-01	5.03987367e-02	2.05659846e-01
2713            	-1.91817004e-01	5.69131541e-03	2.48148802e-01	5.02838200e-02	2.05175814e-01
2714            	-1.91879946e-01	5.63654635e-03	2.48544604e-01	5.01700867e-02	2.04686449e-01
2715            	-1.91946488e-01	5.58909846e-03	2.48910565e-01	5.00497275e-02	2.04153642e-01
2716            	-1.92010537e-01	5.58012296e-03	2.49047516e-01	4.99329313e-02	2.03625779e-01
2717            	-1.92069450e-01	5.62610133e-03	2.48849434e-01	4.98294577e-02	2.03153000e-01
2718            	-1.92128346e-01	5.73318364e-03	2.48284237e-01	4.97364803e-02	2.02728778e-01
2719            	-1.92182879e-01	5.88994852e-03	2.47411840e-01	4.96255516e-02	2.02243902e-01
2720            	-1.92209728e-01	6.04942348e-03	2.46482414e-01	4.95067894e-02	2.01747822e-01
2721            	-1.92204747e-01	6.11257290e-03	2.46097268e-01	4.94209572e-02	2.01402818e-01
2722            	-1.92176625e-01	6.12263857e-03	2.46007471e-01	4.94159966e-02	2.01400197e-01
2723            	-1.92139498e-01	6.10581439e-03	2.46072591e-01	4.94887040e-02	2.01719400e-01
2724            	-1.92098242e-01	6.01143151e-03	2.46607852e-01	4.96170478e-02	2.02261101e-01
2725            	-1.92050485e-01	5.82254347e-03	2.47712252e-01	4.97762687e-02	2.02925495e-01
2726            	-1.91996849e-01	5.58062510e-03	2.49130543e-01	4.99430603e-02	2.03621337e-01
2727            	-1.91939704e-01	5.34239963e-03	2.50521249e-01	5.00881538e-02	2.04231248e-01
2728            	-1.91882020e-01	5.16619667e-03	2.51534865e-01	5.02101298e-02	2.04751335e-01
2729            	-1.91826760e-01	5.06661533e-03	2.52083406e-01	5.03257118e-02	2.05248139e-01
2730            	-1.91777091e-01	5.00080886e-03	2.52431324e-01	5.04440307e-02	2.05754749e-01
2731            	-1.91737727e-01	4.95919664e-03	2.52641258e-01	5.05459601e-02	2.06193729e-01
2732            	-1.91710608e-01	4.98120895e-03	2.52471756e-01	5.06085315e-02	2.06475207e-01
2733            	-1.91693107e-01	5.10219690e-03	2.51703007e-01	5.06256700e-02	2.06575397e-01
2734            	-1.91684332e-01	5.26394345e-03	2.50694371e-01	5.06127329e-02	2.06547088e-01
2735            	-1.91684346e-01	5.40489618e-03	2.49823379e-01	5.05810523e-02	2.06430073e-01
2736            	-1.91696747e-01	5.51842614e-03	2.49133066e-01	5.05292391e-02	2.06220864e-01
2737            	-1.91720550e-01	5.63088443e-03	2.48453815e-01	5.04557539e-02	2.05923930e-01
2738            	-1.91754961e-01	5.69997719e-03	2.48044309e-01	5.03805051e-02	2.05619550e-01
2739            	-1.91801766e-01	5.74866922e-03	2.47769188e-01	5.03031592e-02	2.05303051e-01
2740            	-1.91857959e-01	5.76317437e-03	2.47722638e-01	5.02203240e-02	2.04944106e-01
2741            	-1.91910598e-01	5.79209240e-03	2.47595504e-01	5.01403820e-02	2.04576318e-01
2742            	-1.91960404e-01	5.86884743e-03	2.47183284e-01	5.00526104e-02	2.04166070e-01
2743            	-1.92012176e-01	5.98068857e-03	2.46565699e-01	4.99489405e-02	2.03694777e-01
2744            	-1.92063784e-01	6.10124326e-03	2.45900035e-01	4.98297517e-02	2.03171264e-01
2745            	-1.92110974e-01	6.27880021e-03	2.44882111e-01	4.97067345e-02	2.02645253e-01
2746            	-1.92145613e-01	6.45213211e-03	2.43875949e-01	4.96013567e-02	2.02203260e-01
2747            	-1.92151021e-01	6.54146307e-03	2.43347197e-01	4.95354401e-02	2.01934840e-01
2748            	-1.92133986e-01	6.50024252e-03	2.43590177e-01	4.95272864e-02	2.01909823e-01
2749            	-1.92108583e-01	6.40413210e-03	2.44159592e-01	4.95768990e-02	2.02124362e-01
2750            	-1.92081974e-01	6.26679974e-03	2.44979959e-01	4.96581455e-02	2.02466453e-01
2751            	-1.92050170e-01	6.08219241e-03	2.46082497e-01	4.97606327e-02	2.02892750e-01
2752            	-1.92007734e-01	5.83133712e-03	2.47577552e-01	4.98827021e-02	2.03397245e-01
2753            	-1.91958332e-01	5.56390945e-03	2.49166856e-01	5.00033540e-02	2.03898691e-01
2754            	-1.91908093e-01	5.33297400e-03	2.50532930e-01	5.01015284e-02	2.04312315e-01
2755            	-1.91859067e-01	5.15687507e-03	2.51564687e-01	5.01930982e-02	2.04701523e-01
2756            	-1.91814289e-01	5.02923710e-03	2.52303541e-01	5.02903401e-02	2.05115275e-01
2757            	-1.91778181e-01	4.96027337e-03	2.52690938e-01	5.03760316e-02	2.05484612e-01
2758            	-1.91752223e-01	4.98518587e-03	2.52511449e-01	5.04323192e-02	2.05740364e-01
2759            	-1.91734600e-01	5.10088440e-03	2.51781604e-01	5.04579189e-02	2.05874207e-01
2760            	-1.91725689e-01	5.20694342e-03	2.51120262e-01	5.04642206e-02	2.05920160e-01
2761            	-1.91725568e-01	5.30714510e-03	2.50500941e-01	5.04497165e-02	2.05874156e-01
2762            	-1.91734652e-01	5.43265251e-03	2.49729040e-01	5.04073826e-02	2.05713488e-01
2763            	-1.91751825e-01	5.57741441e-03	2.48837093e-01	5.03526810e-02	2.05506090e-01
2764            	-1.91780385e-01	5.66382874e-03	2.48308443e-01	5.03062444e-02	2.05328370e-01
2765            	-1.91822017e-01	5.70714722e-03	2.48056177e-01	5.02662320e-02	2.05167168e-01
2766            	-1.91869663e-01	5.72600899e-03	2.47969313e-01	5.02181228e-02	2.04949952e-01
2767            	-1.91914081e-01	5.77098428e-03	2.47728418e-01	5.01644378e-02	2.04690379e-01
2768            	-1.91953334e-01	5.87939071e-03	2.47102603e-01	5.00945286e-02	2.04356629e-01
2769            	-1.91993687e-01	6.00677342e-03	2.46370280e-01	5.00024662e-02	2.03933089e-01
2770            	-1.92036644e-01	6.13457822e-03	2.45644484e-01	4.98838599e-02	2.03409412e-01
2771            	-1.92073026e-01	6.29581402e-03	2.44709225e-01	4.97574746e-02	2.02865517e-01
2772            	-1.92101958e-01	6.47300198e-03	2.43669404e-01	4.96525914e-02	2.02422779e-01
2773            	-1.92110564e-01	6.62569098e-03	2.42756711e-01	4.95938432e-02	2.02182754e-01
2774            	-1.92098937e-01	6.64335686e-03	2.42646665e-01	4.95823327e-02	2.02141159e-01
2775            	-1.92077664e-01	6.50931353e-03	2.43454541e-01	4.96129123e-02	2.02269301e-01
2776            	-1.92052895e-01	6.31441550e-03	2.44632465e-01	4.96776694e-02	2.02535672e-01
2777            	-1.92026856e-01	6.10502210e-03	2.45897585e-01	4.97546384e-02	2.02852464e-01
2778            	-1.91995394e-01	5.89061206e-03	2.47187316e-01	4.98416708e-02	2.03212386e-01
2779            	-1.91956356e-01	5.66222997e-03	2.48555757e-01	4.99348145e-02	2.03600410e-01
2780            	-1.91914426e-01	5.43042776e-03	2.49942236e-01	5.00173181e-02	2.03947446e-01
2781            	-1.91872685e-01	5.20502470e-03	2.51288513e-01	5.00961312e-02	2.04278701e-01
2782            	-1.91832961e-01	5.01483990e-03	2.52420452e-01	5.01809177e-02	2.04636281e-01
2783            	-1.91800418e-01	4.91786046e-03	2.52987132e-01	5.02541683e-02	2.04953675e-01
2784            	-1.91777084e-01	4.95060359e-03	2.52766063e-01	5.03054253e-02	2.05190851e-01
2785            	-1.91761901e-01	5.06897374e-03	2.52026557e-01	5.03340082e-02	2.05338765e-01
2786            	-1.91755202e-01	5.15651831e-03	2.51485730e-01	5.03486245e-02	2.05419896e-01
2787            	-1.91756427e-01	5.22414938e-03	2.51070864e-01	5.03432077e-02	2.05412989e-01
2788            	-1.91763735e-01	5.32269308e-03	2.50461305e-01	5.03166373e-02	2.05322218e-01
2789            	-1.91776443e-01	5.44378522e-03	2.49705858e-01	5.02843665e-02	2.05212082e-01
2790            	-1.91799413e-01	5.53000097e-03	2.49166331e-01	5.02597075e-02	2.05130549e-01
2791            	-1.91833704e-01	5.58482541e-03	2.48830164e-01	5.02419852e-02	2.05065891e-01
2792            	-1.91872520e-01	5.61796630e-03	2.48640449e-01	5.02170648e-02	2.04945967e-01
2793            	-1.91909363e-01	5.66860524e-03	2.48350766e-01	5.01799011e-02	2.04754939e-01
2794            	-1.91938739e-01	5.77978883e-03	2.47690125e-01	5.01254308e-02	2.04486604e-01
2795            	-1.91965168e-01	5.91607163e-03	2.46879831e-01	5.00448336e-02	2.04113165e-01
2796            	-1.91995456e-01	6.06420932e-03	2.46008294e-01	4.99340870e-02	2.03623129e-01
2797            	-1.92025003e-01	6.27600916e-03	2.44749465e-01	4.98063826e-02	2.03076742e-01
2798            	-1.92048811e-01	6.48666032e-03	2.43493579e-01	4.96947757e-02	2.02609112e-01
2799            	-1.92061536e-01	6.67472370e-03	2.42367227e-01	4.96370835e-02	2.02373202e-01
2800            	-1.92058861e-01	6.73143475e-03	2.42031311e-01	4.96411043e-02	2.02389862e-01
2801            	-1.92043989e-01	6.58148936e-03	2.42948499e-01	4.96807315e-02	2.02545180e-01
2802            	-1.92024163e-01	6.31686856e-03	2.44562802e-01	4.97385564e-02	2.02772315e-01
2803            	-1.92003535e-01	6.07191479e-03	2.46055643e-01	4.98027852e-02	2.03031025e-01
2804            	-1.91981051e-01	5.89450750e-03	2.47133532e-01	4.98595313e-02	2.03267655e-01
2805            	-1.91954361e-01	5.73717982e-03	2.48086401e-01	4.99154986e-02	2.03506110e-01
2806            	-1.91920961e-01	5.52187104e-03	2.49388015e-01	4.99776282e-02	2.03768434e-01
2807            	-1.91883792e-01	5.25955907e-03	2.50971796e-01	5.00501871e-02	2.04070036e-01
2808            	-1.91847971e-01	5.00548582e-03	2.52503168e-01	5.01288090e-02	2.04396484e-01
2809            	-1.91818306e-01	4.85818213e-03	2.53383696e-01	5.01884719e-02	2.04654685e-01
2810            	-1.91795376e-01	4.87856488e-03	2.53240456e-01	5.02210965e-02	2.04815655e-01
2811            	-1.91780490e-01	4.98675529e-03	2.52567243e-01	5.02407790e-02	2.04926273e-01
2812            	-1.91774844e-01	5.07071975e-03	2.52053616e-01	5.02592570e-02	2.05023358e-01
2813            	-1.91778927e-01	5.11137784e-03	2.51811682e-01	5.02643419e-02	2.05058698e-01
2814            	-1.91788998e-01	5.17382951e-03	2.51428141e-01	5.02541791e-02	2.05037773e-01
2815            	-1.91804603e-01	5.23795075e-03	2.51024414e-01	5.02421066e-02	2.05015771e-01
2816            	-1.91828647e-01	5.31794270e-03	2.50520575e-01	5.02339943e-02	2.05010137e-01
2817            	-1.91858948e-01	5.39518678e-03	2.50039971e-01	5.02281630e-02	2.04996442e-01
2818            	-1.91889856e-01	5.47494215e-03	2.49551654e-01	5.02219159e-02	2.04954553e-01
2819            	-1.91917329e-01	5.60886755e-03	2.48737276e-01	5.01972931e-02	2.04820846e-01
2820            	-1.91939369e-01	5.78655115e-03	2.47655826e-01	5.01454645e-02	2.04572089e-01
2821            	-1.91957301e-01	5.95597918e-03	2.46625067e-01	5.00686350e-02	2.04223066e-01
2822            	-1.91972667e-01	6.13164602e-03	2.45555085e-01	4.99669618e-02	2.03777915e-01
2823            	-1.91987956e-01	6.29072084e-03	2.44590756e-01	4.98582602e-02	2.03311659e-01
2824            	-1.91996961e-01	6.48307738e-03	2.43420600e-01	4.97649280e-02	2.02921319e-01
2825            	-1.92002250e-01	6.62735777e-03	2.42548908e-01	4.97140663e-02	2.02708887e-01
2826            	-1.92006252e-01	6.69606916e-03	2.42145975e-01	4.97108683e-02	2.02688886e-01
2827            	-1.92006031e-01	6.63591252e-03	2.42532368e-01	4.97436936e-02	2.02810367e-01
2828            	-1.91995699e-01	6.43484897e-03	2.43770526e-01	4.97921073e-02	2.02993410e-01
2829            	-1.91978038e-01	6.17013208e-03	2.45390239e-01	4.98358346e-02	2.03162079e-01
2830            	-1.91958283e-01	5.93957714e-03	2.46801859e-01	4.98712276e-02	2.03303923e-01
2831            	-1.91939433e-01	5.74865127e-03	2.47977067e-01	4.99006384e-02	2.03426084e-01
2832            	-1.91919817e-01	5.56416750e-03	2.49113096e-01	4.99326791e-02	2.03562372e-01
2833            	-1.91897919e-01	5.33213095e-03	2.50536548e-01	4.99764266e-02	2.03744974e-01
2834            	-1.91872123e-01	5.08947624e-03	2.52016237e-01	5.00308042e-02	2.03972538e-01
2835            	-1.91846839e-01	4.92513769e-03	2.53011159e-01	5.00746464e-02	2.04163939e-01
2836            	-1.91826581e-01	4.89008180e-03	2.53215881e-01	5.00949565e-02	2.04268500e-01
2837            	-1.91813185e-01	4.89185663e-03	2.53202918e-01	5.01089958e-02	2.04344745e-01
2838            	-1.91809064e-01	4.91268880e-03	2.53081184e-01	5.01260965e-02	2.04430374e-01
2839            	-1.91813959e-01	4.95621517e-03	2.52822310e-01	5.01390261e-02	2.04502459e-01
2840            	-1.91825925e-01	4.99766996e-03	2.52571151e-01	5.01563167e-02	2.04599085e-01
2841            	-1.91844466e-01	4.99353602e-03	2.52593397e-01	5.01828217e-02	2.04734950e-01
2842            	-1.91867144e-01	5.01582549e-03	2.52443815e-01	5.02108449e-02	2.04875739e-01
2843            	-1.91889635e-01	5.06895186e-03	2.52100825e-01	5.02367199e-02	2.04989934e-01
2844            	-1.91909865e-01	5.18449038e-03	2.51377990e-01	5.02408811e-02	2.04995572e-01
2845            	-1.91922710e-01	5.38762683e-03	2.50117636e-01	5.02232486e-02	2.04903155e-01
2846            	-1.91932106e-01	5.61303350e-03	2.48723154e-01	5.01866764e-02	2.04729809e-01
2847            	-1.91940068e-01	5.81475083e-03	2.47475015e-01	5.01299872e-02	2.04473037e-01
2848            	-1.91944741e-01	6.02737934e-03	2.46156736e-01	5.00490401e-02	2.04122587e-01
2849            	-1.91942671e-01	6.22245084e-03	2.44937729e-01	4.99639445e-02	2.03764801e-01
2850            	-1.91932834e-01	6.40206927e-03	2.43809748e-01	4.98958542e-02	2.03484571e-01
2851            	-1.91921680e-01	6.51089769e-03	2.43124023e-01	4.98602908e-02	2.03334074e-01
2852            	-1.91917087e-01	6.51746848e-03	2.43083575e-01	4.98530929e-02	2.03290102e-01
2853            	-1.91920125e-01	6.45405981e-03	2.43489856e-01	4.98619830e-02	2.03306278e-01
2854            	-1.91924039e-01	6.35581695e-03	2.44115988e-01	4.98859366e-02	2.03383914e-01
2855            	-1.91921288e-01	6.21727407e-03	2.44984840e-01	4.99095419e-02	2.03463944e-01
2856            	-1.91908608e-01	6.01551069e-03	2.46232285e-01	4.99194537e-02	2.03491931e-01
2857            	-1.91892039e-01	5.76815548e-03	2.47758988e-01	4.99278526e-02	2.03517228e-01
2858            	-1.91881633e-01	5.50486748e-03	2.49395089e-01	4.99303848e-02	2.03519528e-01
2859            	-1.91878163e-01	5.24874246e-03	2.50996978e-01	4.99342593e-02	2.03529959e-01
2860            	-1.91874753e-01	5.07179046e-03	2.52109186e-01	4.99400614e-02	2.03559027e-01
2861            	-1.91868266e-01	4.98878985e-03	2.52635736e-01	4.99313212e-02	2.03539174e-01
2862            	-1.91858934e-01	4.92275923e-03	2.53051723e-01	4.99223022e-02	2.03518901e-01
2863            	-1.91853455e-01	4.84077503e-03	2.53568504e-01	4.99233371e-02	2.03533499e-01
2864            	-1.91856160e-01	4.75714980e-03	2.54099974e-01	4.99338147e-02	2.03584835e-01
2865            	-1.91867036e-01	4.70573241e-03	2.54431818e-01	4.99576027e-02	2.03698243e-01
2866            	-1.91885435e-01	4.65711910e-03	2.54741096e-01	5.00071076e-02	2.03924974e-01
2867            	-1.91909858e-01	4.63273662e-03	2.54893830e-01	5.00631718e-02	2.04181965e-01
2868            	-1.91931643e-01	4.63415169e-03	2.54878209e-01	5.01192006e-02	2.04427155e-01
2869            	-1.91949399e-01	4.68929926e-03	2.54531630e-01	5.01619386e-02	2.04600253e-01
2870            	-1.91957143e-01	4.88759028e-03	2.53297832e-01	5.01827129e-02	2.04680408e-01
2871            	-1.91957844e-01	5.16455758e-03	2.51573094e-01	5.01870655e-02	2.04695453e-01
2872            	-1.91954620e-01	5.42528675e-03	2.49941430e-01	5.01794891e-02	2.04661834e-01
2873            	-1.91946891e-01	5.67180156e-03	2.48388172e-01	5.01547806e-02	2.04559365e-01
2874            	-1.91931987e-01	5.89002908e-03	2.46997949e-01	5.01214888e-02	2.04425634e-01
2875            	-1.91904772e-01	6.11588312e-03	2.45549209e-01	5.00936616e-02	2.04319821e-01
2876            	-1.91874057e-01	6.27985543e-03	2.44483143e-01	5.00866076e-02	2.04295407e-01
2877            	-1.91845879e-01	6.34178239e-03	2.44052427e-01	5.00914930e-02	2.04310819e-01
2878            	-1.91822817e-01	6.28565417e-03	2.44357775e-01	5.01030111e-02	2.04343140e-01
2879            	-1.91804038e-01	6.15117963e-03	2.45154831e-01	5.01125846e-02	2.04360695e-01
2880            	-1.91788187e-01	6.01053761e-03	2.46000369e-01	5.01088291e-02	2.04323455e-01
2881            	-1.91775139e-01	5.89978246e-03	2.46675466e-01	5.00902018e-02	2.04227404e-01
2882            	-1.91768354e-01	5.79190009e-03	2.47351017e-01	5.00574873e-02	2.04072098e-01
2883            	-1.91769480e-01	5.64351206e-03	2.48294045e-01	5.00207875e-02	2.03897309e-01
2884            	-1.91777043e-01	5.41766689e-03	2.49726270e-01	4.99997642e-02	2.03784736e-01
2885            	-1.91787235e-01	5.16143592e-03	2.51349549e-01	4.99832302e-02	2.03696169e-01
2886            	-1.91799304e-01	4.94549980e-03	2.52726765e-01	4.99435768e-02	2.03522727e-01
2887            	-1.91815558e-01	4.79477033e-03	2.53708297e-01	4.98802155e-02	2.03258195e-01
2888            	-1.91838482e-01	4.70172677e-03	2.54342354e-01	4.98084514e-02	2.02962660e-01
2889            	-1.91865459e-01	4.64536770e-03	2.54750778e-01	4.97447578e-02	2.02706036e-01
2890            	-1.91895586e-01	4.59528704e-03	2.55114427e-01	4.97042499e-02	2.02552675e-01
2891            	-1.91925555e-01	4.48371794e-03	2.55843171e-01	4.97138176e-02	2.02609223e-01
2892            	-1.91956191e-01	4.35465716e-03	2.56665280e-01	4.97634235e-02	2.02832694e-01
2893            	-1.91981111e-01	4.27063605e-03	2.57196725e-01	4.98328837e-02	2.03129434e-01
2894            	-1.92000811e-01	4.24671944e-03	2.57354789e-01	4.99000604e-02	2.03402548e-01
2895            	-1.92011443e-01	4.36973422e-03	2.56603027e-01	4.99564255e-02	2.03631186e-01
2896            	-1.92016717e-01	4.58504653e-03	2.55279306e-01	5.00119355e-02	2.03860558e-01
2897            	-1.92018337e-01	4.80759655e-03	2.53902699e-01	5.00613635e-02	2.04069216e-01
2898            	-1.92011391e-01	5.07740279e-03	2.52217102e-01	5.00921582e-02	2.04211593e-01
2899            	-1.91992024e-01	5.37391240e-03	2.50344587e-01	5.01129557e-02	2.04325777e-01
2900            	-1.91956623e-01	5.69771790e-03	2.48280862e-01	5.01368162e-02	2.04462346e-01
2901            	-1.91912078e-01	5.93478768e-03	2.46740445e-01	5.01856724e-02	2.04692979e-01
2902            	-1.91863648e-01	6.04546316e-03	2.45974590e-01	5.02588983e-02	2.05006461e-01
2903            	-1.91816263e-01	6.04953907e-03	2.45866390e-01	5.03466229e-02	2.05367377e-01
2904            	-1.91771259e-01	6.00853090e-03	2.46038918e-01	5.04243753e-02	2.05684063e-01
2905            	-1.91728592e-01	5.96658758e-03	2.46222865e-01	5.04730452e-02	2.05882179e-01
2906            	-1.91687349e-01	5.92480566e-03	2.46413809e-01	5.04831785e-02	2.05921428e-01
2907            	-1.91650281e-01	5.83324977e-03	2.46923261e-01	5.04606113e-02	2.05818821e-01
2908            	-1.91621402e-01	5.65653915e-03	2.47974007e-01	5.04313240e-02	2.05676671e-01
2909            	-1.91601951e-01	5.40483668e-03	2.49503581e-01	5.03970182e-02	2.05505389e-01
2910            	-1.91596663e-01	5.15946994e-03	2.51015400e-01	5.03431733e-02	2.05257468e-01
2911            	-1.91606968e-01	5.00572894e-03	2.51989183e-01	5.02562862e-02	2.04881752e-01
2912            	-1.91629502e-01	4.90853709e-03	2.52638279e-01	5.01504157e-02	2.04426831e-01
2913            	-1.91665722e-01	4.81480900e-03	2.53289826e-01	5.00291899e-02	2.03901653e-01
2914            	-1.91712710e-01	4.70519844e-03	2.54054940e-01	4.98969279e-02	2.03327258e-01
2915            	-1.91765780e-01	4.61059626e-03	2.54731117e-01	4.97608162e-02	2.02744645e-01
2916            	-1.91826868e-01	4.51691818e-03	2.55406601e-01	4.96484003e-02	2.02268837e-01
2917            	-1.91902214e-01	4.52273293e-03	2.55484466e-01	4.95785165e-02	2.01978579e-01
2918            	-1.91980704e-01	4.55865120e-03	2.55381999e-01	4.95528917e-02	2.01864200e-01
2919            	-1.92040942e-01	4.50992263e-03	2.55775552e-01	4.95520585e-02	2.01840442e-01
2920            	-1.92076771e-01	4.42539549e-03	2.56356833e-01	4.95626887e-02	2.01863303e-01
2921            	-1.92097984e-01	4.43232598e-03	2.56357037e-01	4.95901942e-02	2.01969474e-01
2922            	-1.92112005e-01	4.57055647e-03	2.55539414e-01	4.96298800e-02	2.02143824e-01
2923            	-1.92111986e-01	4.84914786e-03	2.53835454e-01	4.96767338e-02	2.02366843e-01
2924            	-1.92092583e-01	5.12138777e-03	2.52137546e-01	4.97357116e-02	2.02651996e-01
2925            	-1.92055191e-01	5.27158134e-03	2.51159495e-01	4.98190305e-02	2.03036495e-01
2926            	-1.92007847e-01	5.28140812e-03	2.51027826e-01	4.99388964e-02	2.03561706e-01
2927            	-1.91956535e-01	5.21916547e-03	2.51332459e-01	5.00951427e-02	2.04226657e-01
2928            	-1.91905265e-01	5.17860793e-03	2.51503408e-01	5.02700149e-02	2.04965307e-01
2929            	-1.91854626e-01	5.18325612e-03	2.51395369e-01	5.04207391e-02	2.05607167e-01
2930            	-1.91805092e-01	5.19572645e-03	2.51240173e-01	5.05297198e-02	2.06077761e-01
2931            	-1.91756063e-01	5.19536297e-03	2.51166108e-01	5.06131334e-02	2.06441483e-01
2932            	-1.91708846e-01	5.20571400e-03	2.51030957e-01	5.06884982e-02	2.06771147e-01
2933            	-1.91666313e-01	5.20597000e-03	2.50966908e-01	5.07598019e-02	2.07079626e-01
2934            	-1.91632106e-01	5.19486798e-03	2.50984973e-01	5.08100783e-02	2.07296681e-01
2935            	-1.91610154e-01	5.24028340e-03	2.50670950e-01	5.08208750e-02	2.07353232e-01
2936            	-1.91600358e-01	5.36624068e-03	2.49878241e-01	5.07859390e-02	2.07222584e-01
2937            	-1.91601559e-01	5.50073661e-03	2.49050638e-01	5.07142562e-02	2.06934327e-01
2938            	-1.91613966e-01	5.55190934e-03	2.48753987e-01	5.06271980e-02	2.06567087e-01
2939            	-1.91640125e-01	5.55085645e-03	2.48797680e-01	5.05243895e-02	2.06125683e-01
2940            	-1.91678867e-01	5.57605877e-03	2.48690232e-01	5.04003403e-02	2.05602136e-01
2941            	-1.91729904e-01	5.59990566e-03	2.48599336e-01	5.02635229e-02	2.05029705e-01
2942            	-1.91798108e-01	5.61283145e-03	2.48593912e-01	5.01186671e-02	2.04422353e-01
2943            	-1.91874411e-01	5.57816112e-03	2.48896514e-01	4.99797694e-02	2.03827966e-01
2944            	-1.91947613e-01	5.54543365e-03	2.49192546e-01	4.98521422e-02	2.03269148e-01
2945            	-1.92016823e-01	5.59851504e-03	2.48966311e-01	4.97596655e-02	2.02853911e-01
2946            	-1.92082774e-01	5.72979646e-03	2.48260515e-01	4.97039195e-02	2.02597050e-01
2947            	-1.92135809e-01	5.82418734e-03	2.47762801e-01	4.96476354e-02	2.02347386e-01
2948            	-1.92165067e-01	5.86415708e-03	2.47563844e-01	4.95682407e-02	2.02015252e-01
2949            	-1.92166720e-01	5.94160186e-03	2.47095996e-01	4.95045416e-02	2.01766139e-01
2950            	-1.92147397e-01	6.06405796e-03	2.46324051e-01	4.94933489e-02	2.01752113e-01
2951            	-1.92108819e-01	6.13660947e-03	2.45832595e-01	4.95563348e-02	2.02047786e-01
2952            	-1.92059213e-01	6.06314456e-03	2.46222220e-01	4.96871808e-02	2.02611866e-01
2953            	-1.92005869e-01	5.84589119e-03	2.47486152e-01	4.98661708e-02	2.03359628e-01
2954            	-1.91950941e-01	5.60554699e-03	2.48886559e-01	5.00613830e-02	2.04170693e-01
2955            	-1.91898085e-01	5.43203740e-03	2.49879962e-01	5.02364258e-02	2.04903845e-01
2956            	-1.91850717e-01	5.34060405e-03	2.50381636e-01	5.03652952e-02	2.05451906e-01
2957            	-1.91806078e-01	5.29975478e-03	2.50581704e-01	5.04691966e-02	2.05898287e-01
2958            	-1.91762271e-01	5.25828839e-03	2.50786767e-01	5.05770947e-02	2.06357145e-01
2959            	-1.91723509e-01	5.19574112e-03	2.51125340e-01	5.06799812e-02	2.06791048e-01
2960            	-1.91696171e-01	5.16887166e-03	2.51255614e-01	5.07444617e-02	2.07068926e-01
2961            	-1.91680710e-01	5.24570525e-03	2.50761187e-01	5.07611498e-02	2.07156948e-01
2962            	-1.91674680e-01	5.41309579e-03	2.49722413e-01	5.07389762e-02	2.07084836e-01
2963            	-1.91677923e-01	5.54190347e-03	2.48934826e-01	5.06962503e-02	2.06913905e-01
2964            	-1.91693837e-01	5.59903797e-03	2.48603242e-01	5.06268802e-02	2.06619780e-01
2965            	-1.91722654e-01	5.65079860e-03	2.48316312e-01	5.05335934e-02	2.06224587e-01
2966            	-1.91762223e-01	5.69453948e-03	2.48084054e-01	5.04268415e-02	2.05776020e-01
2967            	-1.91811583e-01	5.68818035e-03	2.48164607e-01	5.03170837e-02	2.05313165e-01
2968            	-1.91870852e-01	5.64005222e-03	2.48513838e-01	5.02086113e-02	2.04846924e-01
2969            	-1.91934891e-01	5.59719541e-03	2.48847178e-01	5.00929278e-02	2.04335053e-01
2970            	-1.91996636e-01	5.58942110e-03	2.48972000e-01	4.99819384e-02	2.03832142e-01
2971            	-1.92053433e-01	5.63352822e-03	2.48780710e-01	4.98813388e-02	2.03371802e-01
2972            	-1.92108865e-01	5.72816553e-03	2.48285119e-01	4.97926828e-02	2.02965834e-01
2973            	-1.92162362e-01	5.86696393e-03	2.47520034e-01	4.96878391e-02	2.02505525e-01
2974            	-1.92192526e-01	6.02442513e-03	2.46607197e-01	4.95703213e-02	2.02012549e-01
2975            	-1.92191300e-01	6.09910807e-03	2.46156197e-01	4.94771714e-02	2.01636921e-01
2976            	-1.92165196e-01	6.12931472e-03	2.45945054e-01	4.94592971e-02	2.01583858e-01
2977            	-1.92128907e-01	6.12459979e-03	2.45936086e-01	4.95192957e-02	2.01853970e-01
2978            	-1.92089677e-01	6.03088582e-03	2.46469774e-01	4.96381217e-02	2.02357940e-01
2979            	-1.92045304e-01	5.84176311e-03	2.47581203e-01	4.97880859e-02	2.02983626e-01
2980            	-1.91995716e-01	5.60308829e-03	2.48986397e-01	4.99442997e-02	2.03634872e-01
2981            	-1.91942425e-01	5.37400511e-03	2.50326817e-01	5.00828499e-02	2.04217246e-01
2982            	-1.91888592e-01	5.19341612e-03	2.51372707e-01	5.01973535e-02	2.04705288e-01
2983            	-1.91836828e-01	5.08359203e-03	2.51989518e-01	5.03027171e-02	2.05158554e-01
2984            	-1.91789804e-01	5.00819418e-03	2.52401113e-01	5.04122001e-02	2.05626767e-01
2985            	-1.91751841e-01	4.95930212e-03	2.52659176e-01	5.05102381e-02	2.06047603e-01
2986            	-1.91725670e-01	4.97277090e-03	2.52544791e-01	5.05713504e-02	2.06321147e-01
2987            	-1.91708886e-01	5.08564689e-03	2.51827481e-01	5.05888263e-02	2.06421576e-01
2988            	-1.91700198e-01	5.25044977e-03	2.50800295e-01	5.05753122e-02	2.06391493e-01
2989            	-1.91699599e-01	5.38666779e-03	2.49958413e-01	5.05457419e-02	2.06283163e-01
2990            	-1.91710517e-01	5.49850128e-03	2.49277580e-01	5.04967948e-02	2.06085971e-01
2991            	-1.91732101e-01	5.61484358e-03	2.48572273e-01	5.04266286e-02	2.05803106e-01
2992            	-1.91763936e-01	5.69737490e-03	2.48077366e-01	5.03517259e-02	2.05501138e-01
2993            	-1.91808149e-01	5.75425399e-03	2.47749011e-01	5.02765024e-02	2.05194564e-01
2994            	-1.91862635e-01	5.76355392e-03	2.47731165e-01	5.02001288e-02	2.04864727e-01
2995            	-1.91913723e-01	5.77533355e-03	2.47705571e-01	5.01287996e-02	2.04533774e-01
2996            	-1.91961667e-01	5.82514619e-03	2.47454309e-01	5.00545243e-02	2.04178109e-01
2997            	-1.92010283e-01	5.92890704e-03	2.46880973e-01	4.99641187e-02	2.03759562e-01
2998            	-1.92059466e-01	6.05492315e-03	2.46178041e-01	4.98543451e-02	2.03272660e-01
2999            	-1.92105799e-01	6.24100364e-03	2.45106645e-01	4.97320319e-02	2.02747921e-01
3000            	-1.92140018e-01	6.42670174e-03	2.44023967e-01	4.96248807e-02	2.02297650e-01
