# Solver information
# Time          	U_solver        	Ux_initial      	Ux_final        	Ux_iters        	Uy_initial      	Uy_final        	Uy_iters        	Uz_initial      	Uz_final        	Uz_iters        	U_converged     	p_solver        	p_initial       	p_final         	p_iters         	p_converged     
5001            	DILUPBiCGStab	2.51387080e-03	1.64909500e-06	3	2.21873900e-03	1.96743210e-05	2	3.84127150e-05	2.46166730e-07	2	false	GAMG	1.45973970e-04	7.07751190e-07	4	true
5002            	DILUPBiCGStab	2.50987630e-03	1.63106280e-06	3	2.20959690e-03	2.02254400e-05	2	3.84051890e-05	2.47969680e-07	2	false	GAMG	1.45430700e-04	7.25504980e-07	4	true
5003            	DILUPBiCGStab	2.51081220e-03	1.55756620e-06	3	2.21409190e-03	2.14566440e-05	2	3.84679360e-05	2.49401110e-07	2	false	GAMG	1.44746640e-04	7.38815790e-07	4	true
5004            	DILUPBiCGStab	2.50895510e-03	1.73737430e-06	3	2.23197670e-03	4.77953120e-06	2	3.86028950e-05	2.46484670e-07	2	false	GAMG	1.43804590e-04	7.45413990e-07	4	true
5005            	DILUPBiCGStab	2.50919860e-03	1.72277260e-06	3	2.25927130e-03	4.86404430e-06	2	3.86575870e-05	2.44567430e-07	2	false	GAMG	1.43605810e-04	7.55051750e-07	4	true
5006            	DILUPBiCGStab	2.50453490e-03	1.78445410e-05	2	2.29001870e-03	4.98537680e-06	2	3.87060770e-05	2.40822750e-07	2	false	GAMG	1.43862180e-04	7.38469340e-07	4	true
5007            	DILUPBiCGStab	2.49717610e-03	1.54759580e-05	2	2.31788610e-03	2.28338900e-05	2	3.86869060e-05	2.34776290e-07	2	false	GAMG	1.44762830e-04	7.13896440e-07	4	true
5008            	DILUPBiCGStab	2.49111060e-03	2.15889710e-05	2	2.34088260e-03	2.32611210e-05	2	3.85898270e-05	2.31357070e-07	2	false	GAMG	1.45784020e-04	7.12737720e-07	4	true
5009            	DILUPBiCGStab	2.48777470e-03	1.42804460e-06	3	2.36376440e-03	2.34578920e-05	2	3.86105420e-05	2.31021640e-07	2	false	GAMG	1.46210680e-04	7.02779730e-07	4	true
5010            	DILUPBiCGStab	2.48825290e-03	1.25249910e-06	3	2.37399810e-03	2.23813610e-05	2	3.87701090e-05	2.32803160e-07	2	false	GAMG	1.46659070e-04	6.99070910e-07	4	true
5011            	DILUPBiCGStab	2.49301020e-03	1.40659770e-05	2	2.36919970e-03	2.16420060e-05	2	3.89196520e-05	2.34066130e-07	2	false	GAMG	1.46488450e-04	6.94705520e-07	4	true
5012            	DILUPBiCGStab	2.49535090e-03	1.15840390e-05	2	2.35456500e-03	2.28445520e-05	2	3.90103450e-05	2.33883920e-07	2	false	GAMG	1.45524530e-04	6.93690910e-07	4	true
5013            	DILUPBiCGStab	2.49388700e-03	1.56870590e-05	2	2.32866590e-03	4.98241750e-06	2	3.90821350e-05	2.34288900e-07	2	false	GAMG	1.44504340e-04	6.89318140e-07	4	true
5014            	DILUPBiCGStab	2.49250830e-03	1.33791410e-06	3	2.28845890e-03	2.22269390e-05	2	3.91154110e-05	2.34312100e-07	2	false	GAMG	1.44840270e-04	6.90699460e-07	4	true
5015            	DILUPBiCGStab	2.49524330e-03	1.27779520e-06	3	2.24743150e-03	2.13399720e-05	2	3.90932280e-05	2.35484280e-07	2	false	GAMG	1.45148030e-04	7.11919470e-07	4	true
5016            	DILUPBiCGStab	2.49949380e-03	1.87522650e-06	3	2.21510280e-03	2.13868630e-05	2	3.90295040e-05	2.37986860e-07	2	false	GAMG	1.45256600e-04	7.24212800e-07	4	true
5017            	DILUPBiCGStab	2.50213460e-03	1.55226980e-05	2	2.18777100e-03	4.86065340e-06	2	3.89172810e-05	2.41650020e-07	2	false	GAMG	1.45542350e-04	7.21301070e-07	4	true
5018            	DILUPBiCGStab	2.49986620e-03	2.18847580e-05	2	2.15699470e-03	6.64276060e-06	2	3.87690330e-05	2.45673430e-07	2	false	GAMG	1.45664400e-04	7.19378270e-07	4	true
5019            	DILUPBiCGStab	2.49656440e-03	1.35297690e-06	3	2.13780510e-03	2.07552740e-05	2	3.86826930e-05	2.49658180e-07	2	false	GAMG	1.45473930e-04	7.28214810e-07	4	true
5020            	DILUPBiCGStab	2.49713600e-03	1.40643550e-06	3	2.12739300e-03	1.95509290e-05	2	3.86371130e-05	2.48172910e-07	2	false	GAMG	1.45213450e-04	7.40344960e-07	4	true
5021            	DILUPBiCGStab	2.50243860e-03	1.14266560e-06	3	2.13863850e-03	1.98490620e-05	2	3.85725460e-05	2.41415850e-07	2	false	GAMG	1.45068930e-04	7.31335490e-07	4	true
5022            	DILUPBiCGStab	2.51220140e-03	2.27136280e-05	2	2.16003630e-03	2.06370930e-05	2	3.85480230e-05	2.34545760e-07	2	false	GAMG	1.44967000e-04	7.13743230e-07	4	true
5023            	DILUPBiCGStab	2.53297160e-03	1.90771100e-05	2	2.19108740e-03	2.11950270e-05	2	3.86169060e-05	2.29976900e-07	2	false	GAMG	1.44842780e-04	7.06168390e-07	4	true
5024            	DILUPBiCGStab	2.55222960e-03	2.33699500e-05	2	2.23632740e-03	2.12192270e-05	2	3.87573020e-05	2.26818300e-07	2	false	GAMG	1.44974890e-04	7.08689110e-07	4	true
5025            	DILUPBiCGStab	2.56500310e-03	2.00264210e-05	2	2.28417440e-03	2.20573880e-05	2	3.88577200e-05	2.26693010e-07	2	false	GAMG	1.44843160e-04	6.98197950e-07	4	true
5026            	DILUPBiCGStab	2.56828120e-03	1.49598990e-05	2	2.32298270e-03	2.20862900e-05	2	3.88973090e-05	2.27389000e-07	2	false	GAMG	1.44637430e-04	6.73466430e-07	4	true
5027            	DILUPBiCGStab	2.55509630e-03	1.66854500e-05	2	2.35030860e-03	2.28656740e-05	2	3.88158860e-05	2.27114480e-07	2	false	GAMG	1.45073440e-04	6.73075200e-07	4	true
5028            	DILUPBiCGStab	2.53225950e-03	1.26089720e-06	3	2.36794720e-03	2.33250940e-05	2	3.86634870e-05	2.29240410e-07	2	false	GAMG	1.45221990e-04	6.87934100e-07	4	true
5029            	DILUPBiCGStab	2.51298960e-03	1.23372210e-06	3	2.37307790e-03	2.29520200e-05	2	3.85732440e-05	2.33807170e-07	2	false	GAMG	1.46079250e-04	6.97551100e-07	4	true
5030            	DILUPBiCGStab	2.50615490e-03	1.42128600e-06	3	2.36340670e-03	2.18039290e-05	2	3.84962130e-05	2.38683040e-07	2	false	GAMG	1.46974470e-04	7.15923380e-07	4	true
5031            	DILUPBiCGStab	2.50254980e-03	1.88204100e-06	3	2.35227140e-03	5.63463090e-06	2	3.84417960e-05	2.42414830e-07	2	false	GAMG	1.46094950e-04	7.26549210e-07	4	true
5032            	DILUPBiCGStab	2.51096390e-03	1.63738210e-06	3	2.34652120e-03	5.41858730e-06	2	3.84217770e-05	2.45286450e-07	2	false	GAMG	1.44639140e-04	7.34496310e-07	4	true
5033            	DILUPBiCGStab	2.51726570e-03	1.45779940e-06	3	2.34041790e-03	5.01085620e-06	2	3.85105180e-05	2.44856210e-07	2	false	GAMG	1.44007510e-04	7.27624440e-07	4	true
5034            	DILUPBiCGStab	2.51621620e-03	2.19954000e-05	2	2.32562570e-03	2.26910670e-05	2	3.85604360e-05	2.44960770e-07	2	false	GAMG	1.44042520e-04	7.40582270e-07	4	true
5035            	DILUPBiCGStab	2.51446700e-03	1.34081840e-06	3	2.30297250e-03	2.24787450e-05	2	3.86062790e-05	2.42459910e-07	2	false	GAMG	1.44409950e-04	7.45947200e-07	4	true
5036            	DILUPBiCGStab	2.50995080e-03	1.44388390e-06	3	2.27684010e-03	4.97052590e-06	2	3.85047740e-05	2.37547340e-07	2	false	GAMG	1.44965540e-04	7.25402500e-07	4	true
5037            	DILUPBiCGStab	2.50712440e-03	1.64515640e-06	3	2.23612910e-03	8.04429540e-06	2	3.83090160e-05	2.30874240e-07	2	false	GAMG	1.45225760e-04	7.02875250e-07	4	true
5038            	DILUPBiCGStab	2.50344400e-03	1.36342350e-06	3	2.19728450e-03	2.12221240e-05	2	3.81900100e-05	2.28069340e-07	2	false	GAMG	1.45232950e-04	6.82805000e-07	4	true
5039            	DILUPBiCGStab	2.50149420e-03	1.24408480e-06	3	2.16646520e-03	1.94108430e-05	2	3.82487620e-05	2.28169130e-07	2	false	GAMG	1.44957600e-04	6.76596810e-07	4	true
5040            	DILUPBiCGStab	2.50399200e-03	1.76134330e-05	2	2.14803130e-03	1.83323320e-05	2	3.82556880e-05	2.27424370e-07	2	false	GAMG	1.44555670e-04	6.83779400e-07	4	true
5041            	DILUPBiCGStab	2.51295160e-03	2.30775960e-05	2	2.14620900e-03	1.86344840e-05	2	3.83048850e-05	2.24917410e-07	2	false	GAMG	1.44149160e-04	6.96643390e-07	4	true
5042            	DILUPBiCGStab	2.51844390e-03	1.33214750e-06	3	2.15556960e-03	1.97688390e-05	2	3.83493300e-05	2.24025290e-07	2	false	GAMG	1.44007490e-04	7.07469410e-07	4	true
5043            	DILUPBiCGStab	2.51935660e-03	1.23384040e-06	3	2.16859540e-03	2.07893470e-05	2	3.84622160e-05	2.24380560e-07	2	false	GAMG	1.43826240e-04	7.13546860e-07	4	true
5044            	DILUPBiCGStab	2.52489530e-03	1.36652730e-06	3	2.18671380e-03	2.09311440e-05	2	3.85266450e-05	2.26311810e-07	2	false	GAMG	1.44152030e-04	7.08809580e-07	4	true
5045            	DILUPBiCGStab	2.52903150e-03	1.53423650e-06	3	2.20979420e-03	2.14018100e-05	2	3.85731920e-05	2.28941010e-07	2	false	GAMG	1.44503740e-04	7.15964010e-07	4	true
5046            	DILUPBiCGStab	2.53131510e-03	1.79876980e-06	3	2.24031730e-03	2.20568240e-05	2	3.85835740e-05	2.32421030e-07	2	false	GAMG	1.44945880e-04	7.24354980e-07	4	true
5047            	DILUPBiCGStab	2.53206630e-03	2.23910780e-05	2	2.26601020e-03	2.25720230e-05	2	3.85428420e-05	2.37620370e-07	2	false	GAMG	1.45453900e-04	7.38045500e-07	4	true
5048            	DILUPBiCGStab	2.53412480e-03	9.52686860e-06	2	2.28876340e-03	2.27235780e-05	2	3.85643750e-05	2.43116160e-07	2	false	GAMG	1.45295820e-04	7.44663470e-07	4	true
5049            	DILUPBiCGStab	2.53835260e-03	1.11526430e-05	2	2.30289010e-03	2.12505680e-05	2	3.85124100e-05	2.44842630e-07	2	false	GAMG	1.45384430e-04	7.53998360e-07	4	true
5050            	DILUPBiCGStab	2.54144240e-03	1.33312490e-06	3	2.31209240e-03	5.18284240e-06	2	3.84663690e-05	2.41792260e-07	2	false	GAMG	1.44614860e-04	7.47043040e-07	4	true
5051            	DILUPBiCGStab	2.55094220e-03	2.01944590e-05	2	2.32571040e-03	5.24368080e-06	2	3.84199860e-05	2.35633320e-07	2	false	GAMG	1.43395390e-04	7.21147850e-07	4	true
5052            	DILUPBiCGStab	2.57206960e-03	2.03798500e-05	2	2.33389120e-03	2.27599830e-05	2	3.84774920e-05	2.30483180e-07	2	false	GAMG	1.42685310e-04	6.99164840e-07	4	true
5053            	DILUPBiCGStab	2.59516370e-03	1.23735320e-06	3	2.34114330e-03	2.13242940e-05	2	3.86075090e-05	2.26588480e-07	2	false	GAMG	1.43515940e-04	6.98714730e-07	4	true
5054            	DILUPBiCGStab	2.60873290e-03	1.22594800e-06	3	2.34899370e-03	2.16735120e-05	2	3.88001590e-05	2.25025790e-07	2	false	GAMG	1.43806310e-04	7.10875850e-07	4	true
5055            	DILUPBiCGStab	2.61101980e-03	1.44802860e-06	3	2.35493260e-03	2.18033770e-05	2	3.89097560e-05	2.26411310e-07	2	false	GAMG	1.43970260e-04	6.92221650e-07	4	true
5056            	DILUPBiCGStab	2.60133340e-03	1.40616700e-06	3	2.34285340e-03	5.01977830e-06	2	3.89425020e-05	2.26802470e-07	2	false	GAMG	1.44469580e-04	6.75484220e-07	4	true
5057            	DILUPBiCGStab	2.58311310e-03	1.24895070e-06	3	2.31668560e-03	4.96782910e-06	2	3.89584000e-05	2.29396720e-07	2	false	GAMG	1.44712640e-04	6.70962890e-07	4	true
5058            	DILUPBiCGStab	2.56334180e-03	1.21008790e-06	3	2.28976080e-03	2.06849940e-05	2	3.89636960e-05	2.34785640e-07	2	false	GAMG	1.45367680e-04	6.72852630e-07	4	true
5059            	DILUPBiCGStab	2.54949480e-03	1.23313700e-06	3	2.26692540e-03	1.99373770e-05	2	3.89863410e-05	2.40592530e-07	2	false	GAMG	1.46044310e-04	6.87157960e-07	4	true
5060            	DILUPBiCGStab	2.54209610e-03	1.39022890e-06	3	2.25371520e-03	2.06734020e-05	2	3.90253430e-05	2.43135010e-07	2	false	GAMG	1.46512140e-04	7.08458130e-07	4	true
5061            	DILUPBiCGStab	2.53843500e-03	2.22087230e-06	3	2.25431630e-03	4.83623240e-06	2	3.90313310e-05	2.45431790e-07	2	false	GAMG	1.45960880e-04	7.27408680e-07	4	true
5062            	DILUPBiCGStab	2.54109300e-03	1.69953040e-06	3	2.26555900e-03	5.01948970e-06	2	3.91403360e-05	2.46273970e-07	2	false	GAMG	1.45117080e-04	7.33818950e-07	4	true
5063            	DILUPBiCGStab	2.53867030e-03	1.50696320e-06	3	2.28852910e-03	4.90553760e-06	2	3.92970510e-05	2.46598810e-07	2	false	GAMG	1.44791140e-04	7.35734030e-07	4	true
5064            	DILUPBiCGStab	2.53610230e-03	1.78115060e-06	3	2.31515360e-03	2.31065980e-05	2	3.93915580e-05	2.45527280e-07	2	false	GAMG	1.44742000e-04	7.44233520e-07	4	true
5065            	DILUPBiCGStab	2.52571970e-03	1.76002100e-05	2	2.34576710e-03	2.30278260e-05	2	3.94109630e-05	2.41616070e-07	2	false	GAMG	1.45422480e-04	7.30807380e-07	4	true
5066            	DILUPBiCGStab	2.51362940e-03	1.60699000e-05	2	2.37142140e-03	2.34663770e-05	2	3.92834290e-05	2.36896310e-07	2	false	GAMG	1.46845720e-04	7.25751600e-07	4	true
5067            	DILUPBiCGStab	2.50788380e-03	1.44436610e-06	3	2.39043550e-03	2.34929040e-05	2	3.92104620e-05	2.34115250e-07	2	false	GAMG	1.47218860e-04	7.27104650e-07	4	true
5068            	DILUPBiCGStab	2.50930450e-03	1.33132520e-06	3	2.40099620e-03	2.27199570e-05	2	3.92823180e-05	2.33094380e-07	2	false	GAMG	1.47753600e-04	7.08777150e-07	4	true
5069            	DILUPBiCGStab	2.51593180e-03	1.30823530e-05	2	2.40107670e-03	2.14502800e-05	2	3.94578840e-05	2.34610160e-07	2	false	GAMG	1.47625520e-04	6.96199990e-07	4	true
5070            	DILUPBiCGStab	2.52547190e-03	9.24233710e-06	2	2.39279490e-03	5.19829910e-06	2	3.95840520e-05	2.34702500e-07	2	false	GAMG	1.46431870e-04	6.83561410e-07	4	true
5071            	DILUPBiCGStab	2.53068030e-03	1.30245000e-05	2	2.37105190e-03	4.98157240e-06	2	3.96704480e-05	2.34101940e-07	2	false	GAMG	1.45336210e-04	6.86675810e-07	4	true
5072            	DILUPBiCGStab	2.52948680e-03	1.29445980e-06	3	2.33494460e-03	2.24539980e-05	2	3.96658660e-05	2.33468190e-07	2	false	GAMG	1.45376370e-04	6.95481920e-07	4	true
5073            	DILUPBiCGStab	2.52461950e-03	1.21572700e-06	3	2.29009410e-03	2.10973320e-05	2	3.96216170e-05	2.33400650e-07	2	false	GAMG	1.45779770e-04	6.95873640e-07	4	true
5074            	DILUPBiCGStab	2.52390680e-03	1.43737450e-06	3	2.24938400e-03	2.10999710e-05	2	3.95733150e-05	2.34575780e-07	2	false	GAMG	1.45947600e-04	7.02385110e-07	4	true
5075            	DILUPBiCGStab	2.52178480e-03	2.32420540e-06	3	2.21247390e-03	4.84057060e-06	2	3.94811610e-05	2.35886140e-07	2	false	GAMG	1.46319590e-04	7.13561850e-07	4	true
5076            	DILUPBiCGStab	2.51825660e-03	1.72132230e-06	3	2.17647030e-03	1.05149400e-05	2	3.93298710e-05	2.38827150e-07	2	false	GAMG	1.46309030e-04	7.16681700e-07	4	true
5077            	DILUPBiCGStab	2.51456310e-03	1.25474800e-06	3	2.14475930e-03	2.08942760e-05	2	3.91986560e-05	2.43926450e-07	2	false	GAMG	1.45935370e-04	7.19664850e-07	4	true
5078            	DILUPBiCGStab	2.51446260e-03	1.28367310e-06	3	2.13192830e-03	1.95075950e-05	2	3.91852450e-05	2.47530940e-07	2	false	GAMG	1.45699900e-04	7.31473150e-07	4	true
5079            	DILUPBiCGStab	2.51996920e-03	1.31645260e-06	3	2.13548220e-03	2.00069930e-05	2	3.91489310e-05	2.45042160e-07	2	false	GAMG	1.45673820e-04	7.46883990e-07	4	true
5080            	DILUPBiCGStab	2.52870390e-03	1.17467790e-06	3	2.15921950e-03	4.79571190e-06	2	3.91184480e-05	2.39643830e-07	2	false	GAMG	1.45821500e-04	7.39642080e-07	4	true
5081            	DILUPBiCGStab	2.54319080e-03	1.25440490e-06	3	2.19395930e-03	4.99931130e-06	2	3.91550940e-05	2.34057600e-07	2	false	GAMG	1.45912890e-04	7.20408470e-07	4	true
5082            	DILUPBiCGStab	2.56535200e-03	1.74398350e-05	2	2.23762100e-03	2.22537290e-05	2	3.92379330e-05	2.30960410e-07	2	false	GAMG	1.46002200e-04	7.07416870e-07	4	true
5083            	DILUPBiCGStab	2.58614810e-03	1.90010440e-05	2	2.28818470e-03	2.13599960e-05	2	3.93291520e-05	2.28059800e-07	2	false	GAMG	1.46327900e-04	7.06661790e-07	4	true
5084            	DILUPBiCGStab	2.59468910e-03	1.58831270e-05	2	2.33881440e-03	2.21369380e-05	2	3.93955300e-05	2.28105860e-07	2	false	GAMG	1.45757570e-04	6.88939570e-07	4	true
5085            	DILUPBiCGStab	2.59177530e-03	1.41113920e-05	2	2.37747720e-03	2.25765480e-05	2	3.93791130e-05	2.27278990e-07	2	false	GAMG	1.45979170e-04	6.77257890e-07	4	true
5086            	DILUPBiCGStab	2.57784580e-03	2.23344430e-05	2	2.40067670e-03	2.31129570e-05	2	3.91830440e-05	2.27333020e-07	2	false	GAMG	1.45749080e-04	6.87862470e-07	4	true
5087            	DILUPBiCGStab	2.55813200e-03	1.25118640e-06	3	2.40947000e-03	2.28373090e-05	2	3.90469270e-05	2.28900800e-07	2	false	GAMG	1.45724150e-04	6.96198500e-07	4	true
5088            	DILUPBiCGStab	2.54123660e-03	1.25456560e-06	3	2.40165250e-03	2.15903150e-05	2	3.89396470e-05	2.32451440e-07	2	false	GAMG	1.46637860e-04	6.95475030e-07	4	true
5089            	DILUPBiCGStab	2.53650620e-03	2.48652950e-05	2	2.38801820e-03	5.79928770e-06	2	3.88837080e-05	2.36417180e-07	2	false	GAMG	1.46406390e-04	7.06694460e-07	4	true
5090            	DILUPBiCGStab	2.54080490e-03	2.05429730e-06	3	2.37949890e-03	5.83965190e-06	2	3.88895400e-05	2.38994370e-07	2	false	GAMG	1.45427760e-04	7.19371790e-07	4	true
5091            	DILUPBiCGStab	2.55178350e-03	1.60188570e-06	3	2.37207360e-03	5.21034390e-06	2	3.89734090e-05	2.40843580e-07	2	false	GAMG	1.44875560e-04	7.20989140e-07	4	true
5092            	DILUPBiCGStab	2.55175170e-03	2.29766450e-05	2	2.35409120e-03	2.26026170e-05	2	3.90362170e-05	2.43187810e-07	2	false	GAMG	1.45004050e-04	7.24591010e-07	4	true
5093            	DILUPBiCGStab	2.54894890e-03	1.50393370e-06	3	2.33111510e-03	2.25756580e-05	2	3.91272850e-05	2.44257630e-07	2	false	GAMG	1.44938930e-04	7.35946510e-07	4	true
5094            	DILUPBiCGStab	2.54412370e-03	3.20197130e-06	3	2.30346130e-03	2.28168560e-05	2	3.90589990e-05	2.42024900e-07	2	false	GAMG	1.45539000e-04	7.39708960e-07	4	true
5095            	DILUPBiCGStab	2.53624400e-03	1.57970560e-06	3	2.26718160e-03	8.50532680e-06	2	3.88865800e-05	2.36946400e-07	2	false	GAMG	1.46035650e-04	7.20408840e-07	4	true
5096            	DILUPBiCGStab	2.52759800e-03	1.36788550e-06	3	2.22662970e-03	4.84415960e-06	2	3.87265330e-05	2.32495860e-07	2	false	GAMG	1.46177140e-04	7.07332800e-07	4	true
5097            	DILUPBiCGStab	2.52619360e-03	1.28292860e-06	3	2.18971750e-03	1.98835080e-05	2	3.86825740e-05	2.29076070e-07	2	false	GAMG	1.46087940e-04	6.97737330e-07	4	true
5098            	DILUPBiCGStab	2.53050510e-03	2.49713570e-05	2	2.17113150e-03	1.86219900e-05	2	3.86559400e-05	2.27562890e-07	2	false	GAMG	1.45673620e-04	6.89140190e-07	4	true
5099            	DILUPBiCGStab	2.54242250e-03	1.56680900e-05	2	2.17451580e-03	1.87731360e-05	2	3.87388490e-05	2.25619520e-07	2	false	GAMG	1.44988880e-04	6.92042440e-07	4	true
5100            	DILUPBiCGStab	2.55517770e-03	1.24703000e-06	3	2.18917990e-03	2.02456200e-05	2	3.88560320e-05	2.24590910e-07	2	false	GAMG	1.44607710e-04	6.99532870e-07	4	true
5101            	DILUPBiCGStab	2.56183320e-03	1.23139480e-06	3	2.20851280e-03	2.05580970e-05	2	3.90077990e-05	2.23928620e-07	2	false	GAMG	1.44330310e-04	7.16195570e-07	4	true
5102            	DILUPBiCGStab	2.56134090e-03	1.30807000e-06	3	2.22714800e-03	2.07625480e-05	2	3.90695210e-05	2.25276810e-07	2	false	GAMG	1.44555270e-04	7.16692120e-07	4	true
5103            	DILUPBiCGStab	2.56017090e-03	1.43818770e-06	3	2.24818330e-03	2.11505690e-05	2	3.91122890e-05	2.27391190e-07	2	false	GAMG	1.44935010e-04	6.95887580e-07	4	true
5104            	DILUPBiCGStab	2.55780630e-03	1.46064680e-06	3	2.27199830e-03	2.17803800e-05	2	3.91366350e-05	2.29584680e-07	2	false	GAMG	1.45723120e-04	7.07150840e-07	4	true
5105            	DILUPBiCGStab	2.55286320e-03	1.76246120e-06	3	2.29537300e-03	2.22623670e-05	2	3.91046110e-05	2.32475990e-07	2	false	GAMG	1.46337980e-04	7.33988550e-07	4	true
5106            	DILUPBiCGStab	2.55476440e-03	1.18337920e-05	2	2.31370560e-03	2.23376510e-05	2	3.91212020e-05	2.37904140e-07	2	false	GAMG	1.46145300e-04	7.45077620e-07	4	true
5107            	DILUPBiCGStab	2.55794330e-03	1.22884890e-05	2	2.32151370e-03	2.13511770e-05	2	3.91258610e-05	2.42729510e-07	2	false	GAMG	1.46199780e-04	7.45114650e-07	4	true
5108            	DILUPBiCGStab	2.55962600e-03	1.49487670e-06	3	2.32821050e-03	5.42305870e-06	2	3.90980670e-05	2.44647490e-07	2	false	GAMG	1.45696540e-04	7.51850440e-07	4	true
5109            	DILUPBiCGStab	2.56952940e-03	1.51647990e-06	3	2.33499010e-03	6.03743450e-06	2	3.90617800e-05	2.41511250e-07	2	false	GAMG	1.44347670e-04	7.48910590e-07	4	true
5110            	DILUPBiCGStab	2.58244290e-03	1.26134660e-06	3	2.34639690e-03	5.22752860e-06	2	3.90632050e-05	2.35917190e-07	2	false	GAMG	1.43779900e-04	7.23274180e-07	4	true
5111            	DILUPBiCGStab	2.60184100e-03	1.18157980e-06	3	2.35266700e-03	2.23650970e-05	2	3.91462380e-05	2.31740660e-07	2	false	GAMG	1.44451870e-04	7.04246570e-07	4	true
5112            	DILUPBiCGStab	2.62251650e-03	1.20598750e-06	3	2.36131350e-03	2.19484720e-05	2	3.92761000e-05	2.28832860e-07	2	false	GAMG	1.45058620e-04	7.06986600e-07	4	true
5113            	DILUPBiCGStab	2.63164530e-03	1.34459340e-06	3	2.37103730e-03	2.18796900e-05	2	3.93923760e-05	2.27947470e-07	2	false	GAMG	1.45182030e-04	7.07113110e-07	4	true
5114            	DILUPBiCGStab	2.62925230e-03	1.67804600e-06	3	2.37228060e-03	5.16596260e-06	2	3.94715490e-05	2.28208210e-07	2	false	GAMG	1.45592770e-04	6.86172020e-07	4	true
5115            	DILUPBiCGStab	2.62041630e-03	2.36582670e-05	2	2.35435240e-03	5.58036180e-06	2	3.95280150e-05	2.29007150e-07	2	false	GAMG	1.45881580e-04	6.73874950e-07	4	true
5116            	DILUPBiCGStab	2.60741040e-03	2.15563550e-05	2	2.33085920e-03	2.07959300e-05	2	3.95344120e-05	2.31625040e-07	2	false	GAMG	1.45708620e-04	6.76342400e-07	4	true
5117            	DILUPBiCGStab	2.58818100e-03	2.50700020e-05	2	2.31125450e-03	1.98896440e-05	2	3.95453600e-05	2.35615140e-07	2	false	GAMG	1.46150360e-04	6.79684190e-07	4	true
5118            	DILUPBiCGStab	2.57680150e-03	2.48851150e-05	2	2.29799810e-03	2.10641590e-05	2	3.95528010e-05	2.38343890e-07	2	false	GAMG	1.46959420e-04	6.85746360e-07	4	true
5119            	DILUPBiCGStab	2.57038370e-03	1.69908510e-06	3	2.29330060e-03	4.98102350e-06	2	3.96062520e-05	2.41207010e-07	2	false	GAMG	1.47327250e-04	7.11316200e-07	4	true
5120            	DILUPBiCGStab	2.56969910e-03	1.95830580e-06	3	2.30117550e-03	5.54747210e-06	2	3.96735380e-05	2.42401000e-07	2	false	GAMG	1.46620880e-04	7.21550800e-07	4	true
5121            	DILUPBiCGStab	2.57037920e-03	1.46013030e-06	3	2.31950150e-03	5.12677500e-06	2	3.97549040e-05	2.44668870e-07	2	false	GAMG	1.46158150e-04	7.24991930e-07	4	true
5122            	DILUPBiCGStab	2.56518030e-03	1.56606200e-06	3	2.33960020e-03	2.32264400e-05	2	3.98578020e-05	2.46523860e-07	2	false	GAMG	1.45721860e-04	7.22638580e-07	4	true
5123            	DILUPBiCGStab	2.55500460e-03	1.68785950e-06	3	2.36813830e-03	2.31115510e-05	2	3.98945370e-05	2.45227030e-07	2	false	GAMG	1.46038280e-04	7.31219080e-07	4	true
5124            	DILUPBiCGStab	2.53876620e-03	1.65530860e-06	3	2.39207530e-03	2.35284320e-05	2	3.98603970e-05	2.42388850e-07	2	false	GAMG	1.47422530e-04	7.38289770e-07	4	true
5125            	DILUPBiCGStab	2.52597120e-03	1.38340440e-06	3	2.41367260e-03	2.37381370e-05	2	3.97407960e-05	2.40292760e-07	2	false	GAMG	1.47878080e-04	7.40911250e-07	4	true
5126            	DILUPBiCGStab	2.52337300e-03	1.35963070e-06	3	2.42073820e-03	2.29658310e-05	2	3.97119530e-05	2.36347350e-07	2	false	GAMG	1.48185250e-04	7.34612250e-07	4	true
5127            	DILUPBiCGStab	2.52941840e-03	1.93504290e-05	2	2.42110310e-03	2.23855570e-05	2	3.97981270e-05	2.35175060e-07	2	false	GAMG	1.48379980e-04	7.11340160e-07	4	true
5128            	DILUPBiCGStab	2.54162020e-03	9.12076840e-06	2	2.41797490e-03	2.37586900e-05	2	3.99618210e-05	2.35193760e-07	2	false	GAMG	1.47172800e-04	6.89645700e-07	4	true
5129            	DILUPBiCGStab	2.55447030e-03	1.01681240e-05	2	2.40413410e-03	5.16942960e-06	2	4.00855670e-05	2.34921270e-07	2	false	GAMG	1.45995200e-04	6.75508780e-07	4	true
5130            	DILUPBiCGStab	2.56369020e-03	2.34831540e-05	2	2.37373000e-03	2.26223220e-05	2	4.01960410e-05	2.33697630e-07	2	false	GAMG	1.45738210e-04	6.85835970e-07	4	true
5131            	DILUPBiCGStab	2.56141430e-03	1.27490640e-06	3	2.33301950e-03	2.10620330e-05	2	4.01511680e-05	2.33041330e-07	2	false	GAMG	1.46149070e-04	7.03416870e-07	4	true
5132            	DILUPBiCGStab	2.55365400e-03	1.29966400e-06	3	2.28914510e-03	2.09155900e-05	2	4.00495200e-05	2.33092420e-07	2	false	GAMG	1.46427270e-04	6.94679850e-07	4	true
5133            	DILUPBiCGStab	2.54707110e-03	1.50600760e-06	3	2.24516630e-03	2.24197790e-05	2	3.99553260e-05	2.33664940e-07	2	false	GAMG	1.46820130e-04	6.88669540e-07	4	true
5134            	DILUPBiCGStab	2.53909350e-03	1.53588630e-06	3	2.20042960e-03	1.14444760e-05	2	3.97743910e-05	2.34144830e-07	2	false	GAMG	1.47030110e-04	7.05788000e-07	4	true
5135            	DILUPBiCGStab	2.53059900e-03	1.34930530e-06	3	2.16404650e-03	4.67070850e-06	2	3.96660640e-05	2.37856230e-07	2	false	GAMG	1.46757590e-04	7.18084490e-07	4	true
5136            	DILUPBiCGStab	2.53102220e-03	1.25539590e-06	3	2.13820020e-03	1.98226960e-05	2	3.95923230e-05	2.42374830e-07	2	false	GAMG	1.46225310e-04	7.25417510e-07	4	true
5137            	DILUPBiCGStab	2.53427980e-03	1.19690690e-06	3	2.13746770e-03	2.00421660e-05	2	3.95539020e-05	2.44731090e-07	2	false	GAMG	1.46129580e-04	7.36108980e-07	4	true
5138            	DILUPBiCGStab	2.54312040e-03	1.44771870e-06	3	2.15520870e-03	5.01613020e-06	2	3.95034950e-05	2.43027180e-07	2	false	GAMG	1.45912810e-04	7.52036620e-07	4	true
5139            	DILUPBiCGStab	2.55464460e-03	1.27430180e-06	3	2.18779930e-03	5.77124030e-06	2	3.95158870e-05	2.39034890e-07	2	false	GAMG	1.46098060e-04	7.47348670e-07	4	true
5140            	DILUPBiCGStab	2.57100600e-03	1.26378180e-06	3	2.23616100e-03	5.08296540e-06	2	3.95569040e-05	2.35093000e-07	2	false	GAMG	1.46436030e-04	7.25984230e-07	4	true
5141            	DILUPBiCGStab	2.59144340e-03	1.67327320e-05	2	2.28514280e-03	2.23524780e-05	2	3.96039720e-05	2.32671830e-07	2	false	GAMG	1.46668080e-04	7.11687770e-07	4	true
5142            	DILUPBiCGStab	2.60804140e-03	1.53199400e-05	2	2.33815810e-03	2.20898810e-05	2	3.96625300e-05	2.30222190e-07	2	false	GAMG	1.46583870e-04	6.96250870e-07	4	true
5143            	DILUPBiCGStab	2.61176250e-03	1.53699470e-05	2	2.38586220e-03	2.26506440e-05	2	3.96514620e-05	2.28311500e-07	2	false	GAMG	1.46528810e-04	6.92244040e-07	4	true
5144            	DILUPBiCGStab	2.60793810e-03	2.08564280e-05	2	2.42331130e-03	2.28203460e-05	2	3.95404500e-05	2.27756900e-07	2	false	GAMG	1.46465250e-04	6.91223760e-07	4	true
5145            	DILUPBiCGStab	2.59901460e-03	1.33706040e-06	3	2.43985330e-03	2.26920310e-05	2	3.94447100e-05	2.27499440e-07	2	false	GAMG	1.45896170e-04	7.01059440e-07	4	true
5146            	DILUPBiCGStab	2.58501970e-03	1.29476350e-06	3	2.43831240e-03	2.13720680e-05	2	3.92954120e-05	2.28534740e-07	2	false	GAMG	1.46233340e-04	7.01810990e-07	4	true
5147            	DILUPBiCGStab	2.57325350e-03	1.70343840e-05	2	2.42920320e-03	5.67828780e-06	2	3.92470830e-05	2.31057910e-07	2	false	GAMG	1.46425560e-04	6.93862560e-07	4	true
5148            	DILUPBiCGStab	2.57441750e-03	2.16381150e-05	2	2.41774830e-03	6.28314960e-06	2	3.92437140e-05	2.34253410e-07	2	false	GAMG	1.45701320e-04	7.00326590e-07	4	true
5149            	DILUPBiCGStab	2.58093180e-03	1.92708440e-06	3	2.40658700e-03	5.26131670e-06	2	3.92959780e-05	2.36114860e-07	2	false	GAMG	1.45510850e-04	7.06519640e-07	4	true
5150            	DILUPBiCGStab	2.58442090e-03	1.64571630e-05	2	2.38973600e-03	2.28331710e-05	2	3.93336220e-05	2.39164620e-07	2	false	GAMG	1.45666220e-04	7.13177970e-07	4	true
5151            	DILUPBiCGStab	2.58274550e-03	2.09272460e-05	2	2.36291010e-03	2.24381120e-05	2	3.93783680e-05	2.42572680e-07	2	false	GAMG	1.45384240e-04	7.21924540e-07	4	true
5152            	DILUPBiCGStab	2.57498510e-03	2.45501330e-05	2	2.33267060e-03	2.28620800e-05	2	3.93779370e-05	2.44239780e-07	2	false	GAMG	1.45403840e-04	7.27027010e-07	4	true
5153            	DILUPBiCGStab	2.56321710e-03	2.11488060e-05	2	2.29456060e-03	7.74967390e-06	2	3.92038350e-05	2.40633520e-07	2	false	GAMG	1.45984770e-04	7.31240100e-07	4	true
5154            	DILUPBiCGStab	2.54823540e-03	1.31072850e-06	3	2.25350940e-03	5.08355420e-06	2	3.90730700e-05	2.38450950e-07	2	false	GAMG	1.46355470e-04	7.21791310e-07	4	true
5155            	DILUPBiCGStab	2.54038080e-03	1.30899240e-06	3	2.21469940e-03	2.05698650e-05	2	3.89970020e-05	2.34312450e-07	2	false	GAMG	1.46178520e-04	7.16014450e-07	4	true
5156            	DILUPBiCGStab	2.54390260e-03	1.26925190e-06	3	2.19017550e-03	1.92700240e-05	2	3.89597180e-05	2.29519090e-07	2	false	GAMG	1.45990170e-04	7.13594980e-07	4	true
5157            	DILUPBiCGStab	2.55772240e-03	2.28454400e-05	2	2.19172950e-03	1.90121200e-05	2	3.89734240e-05	2.25432670e-07	2	false	GAMG	1.45766460e-04	7.01175020e-07	4	true
5158            	DILUPBiCGStab	2.57366340e-03	1.86610460e-05	2	2.21231370e-03	2.00828630e-05	2	3.91171750e-05	2.24913440e-07	2	false	GAMG	1.45385800e-04	6.97339990e-07	4	true
5159            	DILUPBiCGStab	2.58840880e-03	1.28282430e-06	3	2.23917700e-03	2.11825860e-05	2	3.93468430e-05	2.24255980e-07	2	false	GAMG	1.44928590e-04	7.00970820e-07	4	true
5160            	DILUPBiCGStab	2.59614730e-03	1.27352100e-06	3	2.26393640e-03	2.05865520e-05	2	3.94503950e-05	2.24716900e-07	2	false	GAMG	1.44800830e-04	7.19352900e-07	4	true
5161            	DILUPBiCGStab	2.59308430e-03	1.35485360e-06	3	2.28480810e-03	2.10123990e-05	2	3.94807260e-05	2.26565750e-07	2	false	GAMG	1.44895010e-04	7.09428580e-07	4	true
5162            	DILUPBiCGStab	2.58515400e-03	1.39148070e-06	3	2.30599650e-03	2.14614500e-05	2	3.94896580e-05	2.28258580e-07	2	false	GAMG	1.45748580e-04	6.89294370e-07	4	true
5163            	DILUPBiCGStab	2.57471440e-03	1.41658520e-06	3	2.32542950e-03	2.19911620e-05	2	3.94348590e-05	2.30271760e-07	2	false	GAMG	1.46641670e-04	7.12952220e-07	4	true
5164            	DILUPBiCGStab	2.56798620e-03	1.61038360e-06	3	2.34044190e-03	2.20693150e-05	2	3.94371990e-05	2.33415520e-07	2	false	GAMG	1.46565230e-04	7.40316470e-07	4	true
5165            	DILUPBiCGStab	2.57128550e-03	1.60480590e-05	2	2.34409980e-03	2.11641530e-05	2	3.94446640e-05	2.37933960e-07	2	false	GAMG	1.46392170e-04	7.44817440e-07	4	true
5166            	DILUPBiCGStab	2.57355080e-03	1.28264930e-06	3	2.33999190e-03	5.25924180e-06	2	3.94960030e-05	2.42357370e-07	2	false	GAMG	1.45970380e-04	7.42582160e-07	4	true
5167            	DILUPBiCGStab	2.57930870e-03	1.53810750e-06	3	2.34381980e-03	7.22214080e-06	2	3.95486120e-05	2.43865320e-07	2	false	GAMG	1.44772770e-04	7.46037520e-07	4	true
5168            	DILUPBiCGStab	2.59188850e-03	1.51216200e-06	3	2.34796480e-03	5.66035470e-06	2	3.95813230e-05	2.41109360e-07	2	false	GAMG	1.44165040e-04	7.43613800e-07	4	true
5169            	DILUPBiCGStab	2.60741450e-03	1.17847910e-06	3	2.35742970e-03	2.35257970e-05	2	3.96340980e-05	2.37225860e-07	2	false	GAMG	1.44949910e-04	7.28023890e-07	4	true
5170            	DILUPBiCGStab	2.62527990e-03	1.20038620e-06	3	2.36732270e-03	2.23442650e-05	2	3.97250350e-05	2.34088450e-07	2	false	GAMG	1.45589780e-04	7.17095440e-07	4	true
5171            	DILUPBiCGStab	2.64080270e-03	1.24403380e-06	3	2.37807510e-03	2.22794400e-05	2	3.97763790e-05	2.32474490e-07	2	false	GAMG	1.46088650e-04	7.07941730e-07	4	true
5172            	DILUPBiCGStab	2.64691950e-03	1.46714500e-06	3	2.38351330e-03	2.32059790e-05	2	3.99072640e-05	2.30192520e-07	2	false	GAMG	1.46611790e-04	6.98307630e-07	4	true
5173            	DILUPBiCGStab	2.64255370e-03	1.60367720e-06	3	2.37894690e-03	6.34146760e-06	2	3.99726120e-05	2.30553780e-07	2	false	GAMG	1.46725540e-04	6.84406520e-07	4	true
5174            	DILUPBiCGStab	2.63961860e-03	1.71393770e-05	2	2.36540500e-03	2.12521470e-05	2	4.00493930e-05	2.31977690e-07	2	false	GAMG	1.46616220e-04	6.82246410e-07	4	true
5175            	DILUPBiCGStab	2.62940750e-03	1.75418730e-05	2	2.34991560e-03	2.01873490e-05	2	4.00916560e-05	2.33772900e-07	2	false	GAMG	1.46312150e-04	6.87676540e-07	4	true
5176            	DILUPBiCGStab	2.61435980e-03	1.85279060e-05	2	2.33938810e-03	2.12856240e-05	2	4.01049440e-05	2.34459970e-07	2	false	GAMG	1.46914570e-04	6.87596000e-07	4	true
5177            	DILUPBiCGStab	2.60108230e-03	1.29669560e-06	3	2.33441490e-03	5.28582870e-06	2	4.00914830e-05	2.37220850e-07	2	false	GAMG	1.47596490e-04	6.89093050e-07	4	true
5178            	DILUPBiCGStab	2.59377890e-03	1.44775090e-06	3	2.33545850e-03	5.90469820e-06	2	4.01575170e-05	2.38979810e-07	2	false	GAMG	1.47679710e-04	7.06279610e-07	4	true
5179            	DILUPBiCGStab	2.59036230e-03	1.79923440e-06	3	2.34970460e-03	5.27158180e-06	2	4.01793110e-05	2.40660220e-07	2	false	GAMG	1.47263180e-04	7.09755280e-07	4	true
5180            	DILUPBiCGStab	2.58936080e-03	1.70739020e-06	3	2.36731310e-03	5.08813520e-06	2	4.02364150e-05	2.43825880e-07	2	false	GAMG	1.46777280e-04	7.13420910e-07	4	true
5181            	DILUPBiCGStab	2.57716080e-03	1.56041410e-06	3	2.38851480e-03	2.31741640e-05	2	4.02564490e-05	2.45459480e-07	2	false	GAMG	1.46630940e-04	7.13254770e-07	4	true
5182            	DILUPBiCGStab	2.55923370e-03	1.92650310e-06	3	2.40904360e-03	2.35148970e-05	2	4.02380970e-05	2.45021180e-07	2	false	GAMG	1.47584140e-04	7.36954740e-07	4	true
5183            	DILUPBiCGStab	2.54278710e-03	1.91389920e-06	3	2.42672500e-03	2.37765790e-05	2	4.01253890e-05	2.44803550e-07	2	false	GAMG	1.48232090e-04	7.50680700e-07	4	true
5184            	DILUPBiCGStab	2.53385830e-03	1.31513900e-06	3	2.43840180e-03	2.33426730e-05	2	4.01095450e-05	2.42786980e-07	2	false	GAMG	1.48627920e-04	7.47584080e-07	4	true
5185            	DILUPBiCGStab	2.53623300e-03	1.82378260e-05	2	2.43715110e-03	2.37120380e-05	2	4.01311830e-05	2.38781790e-07	2	false	GAMG	1.48874500e-04	7.39522700e-07	4	true
5186            	DILUPBiCGStab	2.54974450e-03	1.03696730e-05	2	2.43200210e-03	5.76574200e-06	2	4.02462520e-05	2.36028020e-07	2	false	GAMG	1.47963590e-04	7.12797910e-07	4	true
5187            	DILUPBiCGStab	2.56600810e-03	1.05463330e-05	2	2.42388980e-03	5.18857830e-06	2	4.03541990e-05	2.35086680e-07	2	false	GAMG	1.46614140e-04	6.84068520e-07	4	true
5188            	DILUPBiCGStab	2.58024130e-03	1.53596820e-05	2	2.40048740e-03	2.33272990e-05	2	4.03994630e-05	2.34160100e-07	2	false	GAMG	1.46081920e-04	6.71816290e-07	4	true
5189            	DILUPBiCGStab	2.58679840e-03	1.24054070e-06	3	2.36534470e-03	2.11823810e-05	2	4.04653060e-05	2.33511890e-07	2	false	GAMG	1.46161320e-04	6.90903540e-07	4	true
5190            	DILUPBiCGStab	2.58296270e-03	1.29506970e-06	3	2.32411080e-03	2.08748200e-05	2	4.04239180e-05	2.32206010e-07	2	false	GAMG	1.46328890e-04	7.04162890e-07	4	true
5191            	DILUPBiCGStab	2.57025880e-03	1.43756240e-06	3	2.27813370e-03	2.19254690e-05	2	4.02689850e-05	2.32477560e-07	2	false	GAMG	1.46957180e-04	6.88567400e-07	4	true
5192            	DILUPBiCGStab	2.55875240e-03	1.34506080e-06	3	2.22964570e-03	1.55312340e-05	2	4.00620460e-05	2.32204060e-07	2	false	GAMG	1.47267420e-04	6.78980160e-07	4	true
5193            	DILUPBiCGStab	2.54480150e-03	1.32813700e-06	3	2.18295010e-03	2.15367460e-05	2	3.99538430e-05	2.33495750e-07	2	false	GAMG	1.47313170e-04	7.00320410e-07	4	true
5194            	DILUPBiCGStab	2.53962890e-03	1.30842690e-06	3	2.15134030e-03	2.00611770e-05	2	3.98970700e-05	2.36391730e-07	2	false	GAMG	1.46769670e-04	7.21624900e-07	4	true
5195            	DILUPBiCGStab	2.54412160e-03	1.22810750e-06	3	2.14116910e-03	2.08150920e-05	2	3.98713920e-05	2.39548740e-07	2	false	GAMG	1.46483190e-04	7.31745790e-07	4	true
5196            	DILUPBiCGStab	2.54898920e-03	1.20840090e-06	3	2.15335870e-03	4.92912280e-06	2	3.98215060e-05	2.41470360e-07	2	false	GAMG	1.46336040e-04	7.42006170e-07	4	true
5197            	DILUPBiCGStab	2.56062760e-03	1.68344170e-06	3	2.18347290e-03	7.59445980e-06	2	3.98021660e-05	2.41255310e-07	2	false	GAMG	1.46404890e-04	7.52232590e-07	4	true
5198            	DILUPBiCGStab	2.57762300e-03	1.29627070e-06	3	2.22576710e-03	5.68855230e-06	2	3.98484240e-05	2.39085830e-07	2	false	GAMG	1.46621680e-04	7.52954880e-07	4	true
5199            	DILUPBiCGStab	2.59270840e-03	1.30373450e-06	3	2.27880320e-03	5.04763980e-06	2	3.98398430e-05	2.36620530e-07	2	false	GAMG	1.47033930e-04	7.33343730e-07	4	true
5200            	DILUPBiCGStab	2.60664130e-03	1.49806610e-05	2	2.33149270e-03	2.28301830e-05	2	3.98136530e-05	2.34176130e-07	2	false	GAMG	1.47019630e-04	7.07732560e-07	4	true
5201            	DILUPBiCGStab	2.61756230e-03	1.45477020e-05	2	2.38208140e-03	2.29386300e-05	2	3.97798550e-05	2.30841430e-07	2	false	GAMG	1.47141950e-04	6.94958950e-07	4	true
5202            	DILUPBiCGStab	2.61849180e-03	2.01874710e-05	2	2.42653990e-03	2.30557220e-05	2	3.96903150e-05	2.28367070e-07	2	false	GAMG	1.46770590e-04	7.03878600e-07	4	true
5203            	DILUPBiCGStab	2.61791910e-03	1.73745190e-06	3	2.45923580e-03	2.25033240e-05	2	3.96271770e-05	2.27538390e-07	2	false	GAMG	1.46122950e-04	7.05348010e-07	4	true
5204            	DILUPBiCGStab	2.61534280e-03	2.37246610e-05	2	2.46719170e-03	2.12933870e-05	2	3.95326610e-05	2.27230520e-07	2	false	GAMG	1.45949670e-04	7.07731130e-07	4	true
5205            	DILUPBiCGStab	2.61096940e-03	1.37110320e-05	2	2.46303850e-03	6.20925500e-06	2	3.94678800e-05	2.27482530e-07	2	false	GAMG	1.45261590e-04	7.05429150e-07	4	true
5206            	DILUPBiCGStab	2.60525830e-03	1.71169860e-05	2	2.45552350e-03	6.52830940e-06	2	3.94415760e-05	2.29252230e-07	2	false	GAMG	1.44893880e-04	6.93792460e-07	4	true
5207            	DILUPBiCGStab	2.60532410e-03	1.34407320e-06	3	2.44132290e-03	5.29498490e-06	2	3.94701600e-05	2.31533470e-07	2	false	GAMG	1.44940180e-04	6.91791730e-07	4	true
5208            	DILUPBiCGStab	2.60476100e-03	2.10487050e-05	2	2.42000630e-03	2.28536960e-05	2	3.95373010e-05	2.34114850e-07	2	false	GAMG	1.45963180e-04	6.99127950e-07	4	true
5209            	DILUPBiCGStab	2.60587520e-03	1.29793860e-05	2	2.39453170e-03	2.23182050e-05	2	3.96337950e-05	2.37656650e-07	2	false	GAMG	1.45882810e-04	7.09301940e-07	4	true
5210            	DILUPBiCGStab	2.60429080e-03	1.85146470e-05	2	2.36456120e-03	2.28259370e-05	2	3.96545670e-05	2.42110320e-07	2	false	GAMG	1.45783910e-04	7.14578790e-07	4	true
5211            	DILUPBiCGStab	2.59142950e-03	2.55643710e-05	2	2.32420320e-03	6.71643670e-06	2	3.96163800e-05	2.41517450e-07	2	false	GAMG	1.46043960e-04	7.16715960e-07	4	true
5212            	DILUPBiCGStab	2.57529280e-03	2.42614590e-06	3	2.27888720e-03	5.17329560e-06	2	3.94511420e-05	2.41183170e-07	2	false	GAMG	1.46545050e-04	7.28344760e-07	4	true
5213            	DILUPBiCGStab	2.56207450e-03	1.36409540e-06	3	2.23898060e-03	2.14635240e-05	2	3.94286330e-05	2.39803000e-07	2	false	GAMG	1.46681040e-04	7.32438760e-07	4	true
5214            	DILUPBiCGStab	2.55826910e-03	2.39376730e-05	2	2.21291000e-03	2.00390070e-05	2	3.93502670e-05	2.35233600e-07	2	false	GAMG	1.46588480e-04	7.30926730e-07	4	true
5215            	DILUPBiCGStab	2.57205550e-03	2.09993170e-05	2	2.20979020e-03	2.02488190e-05	2	3.93198940e-05	2.28109270e-07	2	false	GAMG	1.46409850e-04	7.30189700e-07	4	true
5216            	DILUPBiCGStab	2.59137420e-03	1.36528960e-06	3	2.23006880e-03	2.07100800e-05	2	3.94074890e-05	2.24763970e-07	2	false	GAMG	1.46248760e-04	7.12469130e-07	4	true
5217            	DILUPBiCGStab	2.60809660e-03	2.18137070e-05	2	2.26036440e-03	2.09229080e-05	2	3.96318060e-05	2.24364760e-07	2	false	GAMG	1.45610760e-04	6.99609500e-07	4	true
5218            	DILUPBiCGStab	2.62316510e-03	2.14644590e-05	2	2.29174650e-03	2.10043390e-05	2	3.98366050e-05	2.25168230e-07	2	false	GAMG	1.45516900e-04	7.02675640e-07	4	true
5219            	DILUPBiCGStab	2.62956360e-03	2.28485250e-05	2	2.31877990e-03	2.09472080e-05	2	3.99386010e-05	2.26132850e-07	2	false	GAMG	1.45513750e-04	7.12347710e-07	4	true
5220            	DILUPBiCGStab	2.62320480e-03	2.33637150e-05	2	2.34259390e-03	2.13459890e-05	2	3.99708240e-05	2.27951230e-07	2	false	GAMG	1.46203570e-04	7.02516900e-07	4	true
5221            	DILUPBiCGStab	2.60884110e-03	1.38956620e-06	3	2.36147760e-03	2.17688440e-05	2	3.98973810e-05	2.29092210e-07	2	false	GAMG	1.47380520e-04	6.99873720e-07	4	true
5222            	DILUPBiCGStab	2.59669360e-03	1.23882240e-06	3	2.37357420e-03	2.18145600e-05	2	3.98693120e-05	2.31405230e-07	2	false	GAMG	1.47457480e-04	7.15138710e-07	4	true
5223            	DILUPBiCGStab	2.59160980e-03	1.37076620e-06	3	2.37263290e-03	2.09926760e-05	2	3.99101740e-05	2.33812750e-07	2	false	GAMG	1.47670390e-04	7.36537650e-07	4	true
5224            	DILUPBiCGStab	2.59328890e-03	1.41552200e-06	3	2.36556440e-03	6.15179280e-06	2	3.99860270e-05	2.37766580e-07	2	false	GAMG	1.47182550e-04	7.41731770e-07	4	true
5225            	DILUPBiCGStab	2.59789900e-03	1.41992830e-06	3	2.35763420e-03	7.77607560e-06	2	4.00192780e-05	2.41312740e-07	2	false	GAMG	1.45907430e-04	7.38739770e-07	4	true
5226            	DILUPBiCGStab	2.60492830e-03	1.36230870e-06	3	2.35802060e-03	6.14687220e-06	2	4.00322140e-05	2.42943420e-07	2	false	GAMG	1.44941940e-04	7.36408120e-07	4	true
5227            	DILUPBiCGStab	2.62037530e-03	1.36515920e-06	3	2.35612370e-03	5.09874780e-06	2	4.00952880e-05	2.41481800e-07	2	false	GAMG	1.45446380e-04	7.42500640e-07	4	true
5228            	DILUPBiCGStab	2.63339040e-03	1.18938260e-06	3	2.36538480e-03	2.28255250e-05	2	4.01681070e-05	2.39656750e-07	2	false	GAMG	1.46256680e-04	7.40615710e-07	4	true
5229            	DILUPBiCGStab	2.64359640e-03	1.20643230e-06	3	2.38025760e-03	2.26546800e-05	2	4.01888470e-05	2.37583290e-07	2	false	GAMG	1.46806690e-04	7.24330570e-07	4	true
5230            	DILUPBiCGStab	2.65309680e-03	1.25903370e-06	3	2.38694290e-03	2.34742600e-05	2	4.02312270e-05	2.35016540e-07	2	false	GAMG	1.47368920e-04	7.03156520e-07	4	true
5231            	DILUPBiCGStab	2.65723440e-03	2.28954940e-05	2	2.38572360e-03	5.60515230e-06	2	4.02939900e-05	2.33168940e-07	2	false	GAMG	1.47664670e-04	6.91914840e-07	4	true
5232            	DILUPBiCGStab	2.65819380e-03	1.84806650e-05	2	2.38191540e-03	2.14272980e-05	2	4.04219140e-05	2.32919060e-07	2	false	GAMG	1.47233750e-04	6.92078460e-07	4	true
5233            	DILUPBiCGStab	2.65909010e-03	1.55102980e-05	2	2.37830340e-03	2.10957360e-05	2	4.04702790e-05	2.34637510e-07	2	false	GAMG	1.46894320e-04	6.95785050e-07	4	true
5234            	DILUPBiCGStab	2.65371720e-03	1.38507400e-05	2	2.37274530e-03	2.26778630e-05	2	4.04631210e-05	2.33741680e-07	2	false	GAMG	1.46816220e-04	6.99108920e-07	4	true
5235            	DILUPBiCGStab	2.64112220e-03	2.39515630e-05	2	2.37120610e-03	5.85301200e-06	2	4.04941550e-05	2.34310700e-07	2	false	GAMG	1.46904180e-04	6.96081160e-07	4	true
5236            	DILUPBiCGStab	2.62771570e-03	1.35612110e-06	3	2.37427180e-03	6.63312690e-06	2	4.05015510e-05	2.35646020e-07	2	false	GAMG	1.47539390e-04	6.90961510e-07	4	true
5237            	DILUPBiCGStab	2.61906700e-03	1.33253950e-06	3	2.38342370e-03	5.58435250e-06	2	4.05015780e-05	2.37269450e-07	2	false	GAMG	1.48000160e-04	6.93000830e-07	4	true
5238            	DILUPBiCGStab	2.61213980e-03	1.90910280e-06	3	2.39394820e-03	5.08904500e-06	2	4.05260590e-05	2.40007150e-07	2	false	GAMG	1.47730450e-04	6.97715650e-07	4	true
5239            	DILUPBiCGStab	2.60429800e-03	1.65914690e-06	3	2.41163710e-03	2.33938700e-05	2	4.05471700e-05	2.42750610e-07	2	false	GAMG	1.47434100e-04	7.04042280e-07	4	true
5240            	DILUPBiCGStab	2.58608580e-03	1.61885110e-06	3	2.42926880e-03	2.31699060e-05	2	4.04844620e-05	2.44450960e-07	2	false	GAMG	1.48029040e-04	7.23586710e-07	4	true
5241            	DILUPBiCGStab	2.56464080e-03	2.42546000e-06	3	2.44239310e-03	2.36550240e-05	2	4.03829050e-05	2.46203740e-07	2	false	GAMG	1.48382620e-04	7.48452680e-07	4	true
5242            	DILUPBiCGStab	2.55257950e-03	1.52918980e-05	2	2.45008280e-03	2.33570030e-05	2	4.04176700e-05	2.46611070e-07	2	false	GAMG	1.48975640e-04	7.60116460e-07	4	true
5243            	DILUPBiCGStab	2.54786260e-03	2.35074060e-05	2	2.45093180e-03	5.43962190e-06	2	4.04288080e-05	2.44915940e-07	2	false	GAMG	1.49326530e-04	7.53803540e-07	4	true
5244            	DILUPBiCGStab	2.55445840e-03	9.65552310e-06	2	2.44452110e-03	7.70699070e-06	2	4.04733790e-05	2.40233150e-07	2	false	GAMG	1.48517450e-04	7.43493360e-07	4	true
5245            	DILUPBiCGStab	2.57210030e-03	1.09799520e-05	2	2.43451810e-03	6.23038550e-06	2	4.05265510e-05	2.36188190e-07	2	false	GAMG	1.47142470e-04	7.13766840e-07	4	true
5246            	DILUPBiCGStab	2.59076770e-03	1.83943010e-05	2	2.41599090e-03	2.33997450e-05	2	4.05909490e-05	2.33928900e-07	2	false	GAMG	1.46713360e-04	6.81360020e-07	4	true
5247            	DILUPBiCGStab	2.60269640e-03	2.01569890e-05	2	2.38848710e-03	2.14396100e-05	2	4.06717250e-05	2.33999670e-07	2	false	GAMG	1.46668720e-04	6.81489610e-07	4	true
5248            	DILUPBiCGStab	2.60862640e-03	1.29890030e-06	3	2.35348800e-03	2.10512100e-05	2	4.07041240e-05	2.32749630e-07	2	false	GAMG	1.46555430e-04	6.93680960e-07	4	true
5249            	DILUPBiCGStab	2.60164510e-03	1.37801530e-06	3	2.31046190e-03	2.16767580e-05	2	4.05622610e-05	2.31589640e-07	2	false	GAMG	1.46695560e-04	6.95928190e-07	4	true
5250            	DILUPBiCGStab	2.58572010e-03	1.31535760e-06	3	2.25912740e-03	2.09977170e-05	2	4.03004400e-05	2.31090240e-07	2	false	GAMG	1.46989220e-04	6.82888010e-07	4	true
5251            	DILUPBiCGStab	2.56575780e-03	2.41080420e-05	2	2.20955040e-03	2.15532360e-05	2	4.01336470e-05	2.31452110e-07	2	false	GAMG	1.47097570e-04	6.75451860e-07	4	true
5252            	DILUPBiCGStab	2.55575400e-03	2.42186530e-05	2	2.16933970e-03	1.97837940e-05	2	4.00550370e-05	2.32828030e-07	2	false	GAMG	1.46893740e-04	7.02161970e-07	4	true
5253            	DILUPBiCGStab	2.55453450e-03	1.37208620e-06	3	2.15222300e-03	4.71823080e-06	2	4.00402650e-05	2.34168110e-07	2	false	GAMG	1.46497150e-04	7.26357070e-07	4	true
5254            	DILUPBiCGStab	2.56060550e-03	1.23604040e-06	3	2.15609990e-03	6.20354280e-06	2	4.00110690e-05	2.36396490e-07	2	false	GAMG	1.46265900e-04	7.40832430e-07	4	true
5255            	DILUPBiCGStab	2.56791950e-03	1.27824550e-06	3	2.17822800e-03	6.38571430e-06	2	4.00185720e-05	2.39439660e-07	2	false	GAMG	1.46322900e-04	7.44162230e-07	4	true
5256            	DILUPBiCGStab	2.58401700e-03	1.40352880e-06	3	2.21943080e-03	6.68683840e-06	2	4.00965610e-05	2.40833460e-07	2	false	GAMG	1.46505160e-04	7.51302880e-07	4	true
5257            	DILUPBiCGStab	2.60287410e-03	1.47835650e-06	3	2.26802290e-03	5.14529360e-06	2	4.01327020e-05	2.40595930e-07	2	false	GAMG	1.47167040e-04	7.53636460e-07	4	true
5258            	DILUPBiCGStab	2.61373750e-03	2.49278840e-05	2	2.32562420e-03	5.14577530e-06	2	4.00889080e-05	2.38763470e-07	2	false	GAMG	1.47666740e-04	7.34634130e-07	4	true
5259            	DILUPBiCGStab	2.62361190e-03	1.47772040e-05	2	2.37682410e-03	2.33105640e-05	2	4.00415180e-05	2.35137090e-07	2	false	GAMG	1.48014910e-04	7.09992690e-07	4	true
5260            	DILUPBiCGStab	2.63197800e-03	1.66127560e-05	2	2.42438560e-03	2.34612850e-05	2	3.99162610e-05	2.32015110e-07	2	false	GAMG	1.48075780e-04	7.06788850e-07	4	true
5261            	DILUPBiCGStab	2.63736580e-03	1.46461440e-06	3	2.46471550e-03	2.30234720e-05	2	3.98969940e-05	2.28702110e-07	2	false	GAMG	1.47355260e-04	7.15929190e-07	4	true
5262            	DILUPBiCGStab	2.64113710e-03	1.65382420e-06	3	2.48843510e-03	2.14083520e-05	2	3.98427240e-05	2.27818720e-07	2	false	GAMG	1.47030320e-04	7.14466280e-07	4	true
5263            	DILUPBiCGStab	2.64851590e-03	1.15164520e-05	2	2.49608940e-03	8.21948960e-06	2	3.98120430e-05	2.27169810e-07	2	false	GAMG	1.46236350e-04	7.17035970e-07	4	true
5264            	DILUPBiCGStab	2.65087210e-03	1.37171250e-05	2	2.49225560e-03	8.06910140e-06	2	3.98035870e-05	2.26849310e-07	2	false	GAMG	1.44897390e-04	7.07375110e-07	4	true
5265            	DILUPBiCGStab	2.64771180e-03	1.25394180e-06	3	2.48231360e-03	5.47733450e-06	2	3.98454510e-05	2.27435950e-07	2	false	GAMG	1.45038730e-04	6.92189340e-07	4	true
5266            	DILUPBiCGStab	2.64201970e-03	1.17509280e-06	3	2.46152470e-03	2.29924020e-05	2	3.99279160e-05	2.29844450e-07	2	false	GAMG	1.46343400e-04	6.83831670e-07	4	true
5267            	DILUPBiCGStab	2.63783500e-03	2.10001410e-05	2	2.43324750e-03	2.22397570e-05	2	4.00411250e-05	2.33278160e-07	2	false	GAMG	1.46990850e-04	6.96760200e-07	4	true
5268            	DILUPBiCGStab	2.63266210e-03	1.10991760e-05	2	2.40145810e-03	2.27343480e-05	2	4.00651550e-05	2.37821720e-07	2	false	GAMG	1.46836750e-04	7.02441740e-07	4	true
5269            	DILUPBiCGStab	2.62557270e-03	1.98189460e-05	2	2.36152300e-03	7.10485680e-06	2	3.99651900e-05	2.39746950e-07	2	false	GAMG	1.46887180e-04	7.09050060e-07	4	true
5270            	DILUPBiCGStab	2.60833290e-03	1.93413180e-06	3	2.31506020e-03	5.45123620e-06	2	3.98684130e-05	2.41356780e-07	2	false	GAMG	1.46878010e-04	7.14127950e-07	4	true
5271            	DILUPBiCGStab	2.59302950e-03	2.19719090e-06	3	2.26769730e-03	2.18074100e-05	2	3.98097680e-05	2.42748450e-07	2	false	GAMG	1.47058580e-04	7.35861520e-07	4	true
5272            	DILUPBiCGStab	2.58461910e-03	1.36550320e-06	3	2.23699730e-03	2.10043430e-05	2	3.97841290e-05	2.40961010e-07	2	false	GAMG	1.46925850e-04	7.45453110e-07	4	true
5273            	DILUPBiCGStab	2.58787870e-03	1.91719320e-05	2	2.23109510e-03	2.15457500e-05	2	3.97166930e-05	2.34407170e-07	2	false	GAMG	1.47038690e-04	7.48639400e-07	4	true
5274            	DILUPBiCGStab	2.60368530e-03	1.38628160e-06	3	2.24657680e-03	2.24103240e-05	2	3.97239670e-05	2.28515320e-07	2	false	GAMG	1.46681370e-04	7.42431350e-07	4	true
5275            	DILUPBiCGStab	2.62178260e-03	1.34152470e-06	3	2.27622920e-03	2.20511610e-05	2	3.98888130e-05	2.24852210e-07	2	false	GAMG	1.46391190e-04	7.16721080e-07	4	true
5276            	DILUPBiCGStab	2.63871940e-03	2.09190960e-05	2	2.31272650e-03	2.10091400e-05	2	4.00549000e-05	2.25787960e-07	2	false	GAMG	1.46158390e-04	7.02306230e-07	4	true
5277            	DILUPBiCGStab	2.64997360e-03	1.65593570e-05	2	2.34560320e-03	2.12706590e-05	2	4.01942690e-05	2.26938960e-07	2	false	GAMG	1.46088050e-04	6.98352920e-07	4	true
5278            	DILUPBiCGStab	2.65237350e-03	1.83235170e-05	2	2.37344130e-03	2.13797730e-05	2	4.03213180e-05	2.28252310e-07	2	false	GAMG	1.46206580e-04	7.00288080e-07	4	true
5279            	DILUPBiCGStab	2.63863170e-03	1.29957550e-06	3	2.39401930e-03	2.16967450e-05	2	4.02899960e-05	2.28971700e-07	2	false	GAMG	1.47246940e-04	7.11524230e-07	4	true
5280            	DILUPBiCGStab	2.62136140e-03	1.18753780e-06	3	2.40709320e-03	2.16556140e-05	2	4.02692960e-05	2.30425570e-07	2	false	GAMG	1.47623910e-04	7.07874740e-07	4	true
5281            	DILUPBiCGStab	2.61157050e-03	1.21804850e-06	3	2.40527810e-03	2.07438380e-05	2	4.02834730e-05	2.32243010e-07	2	false	GAMG	1.48096020e-04	7.11286540e-07	4	true
5282            	DILUPBiCGStab	2.60490810e-03	2.01891780e-05	2	2.39090870e-03	6.23392170e-06	2	4.03030120e-05	2.34289590e-07	2	false	GAMG	1.47795410e-04	7.29953360e-07	4	true
5283            	DILUPBiCGStab	2.60656970e-03	1.79047620e-05	2	2.37617850e-03	1.17816030e-05	2	4.03186530e-05	2.36961460e-07	2	false	GAMG	1.46501420e-04	7.36809030e-07	4	true
5284            	DILUPBiCGStab	2.61312250e-03	1.40111570e-06	3	2.36534570e-03	7.15874710e-06	2	4.03133660e-05	2.40069730e-07	2	false	GAMG	1.45336480e-04	7.32475940e-07	4	true
5285            	DILUPBiCGStab	2.62093550e-03	1.22045710e-06	3	2.35716720e-03	5.11352140e-06	2	4.04231260e-05	2.42265910e-07	2	false	GAMG	1.45763220e-04	7.31935590e-07	4	true
5286            	DILUPBiCGStab	2.63452530e-03	2.39039790e-05	2	2.35756090e-03	2.27608980e-05	2	4.05298920e-05	2.42843530e-07	2	false	GAMG	1.46706850e-04	7.47637540e-07	4	true
5287            	DILUPBiCGStab	2.64454410e-03	1.20686420e-06	3	2.37055370e-03	2.28079910e-05	2	4.05819570e-05	2.42876450e-07	2	false	GAMG	1.47590710e-04	7.51925770e-07	4	true
5288            	DILUPBiCGStab	2.64828120e-03	1.21984580e-06	3	2.38239710e-03	5.16114830e-06	2	4.06029110e-05	2.39965810e-07	2	false	GAMG	1.48292330e-04	7.24865950e-07	4	true
5289            	DILUPBiCGStab	2.65410180e-03	1.81457620e-05	2	2.38174890e-03	7.03596360e-06	2	4.06098280e-05	2.37309660e-07	2	false	GAMG	1.48616730e-04	7.00383070e-07	4	true
5290            	DILUPBiCGStab	2.66250700e-03	1.61807510e-05	2	2.37992830e-03	2.10944430e-05	2	4.06763380e-05	2.35938250e-07	2	false	GAMG	1.48635840e-04	6.94475530e-07	4	true
5291            	DILUPBiCGStab	2.66864780e-03	1.53628290e-05	2	2.38470590e-03	2.04409020e-05	2	4.08386170e-05	2.34909520e-07	2	false	GAMG	1.48061420e-04	7.04176680e-07	4	true
5292            	DILUPBiCGStab	2.67348560e-03	1.34032330e-05	2	2.39395010e-03	5.45694810e-06	2	4.09552780e-05	2.34264210e-07	2	false	GAMG	1.48004180e-04	7.07165990e-07	4	true
5293            	DILUPBiCGStab	2.67159660e-03	1.54432930e-05	2	2.39669350e-03	8.01396070e-06	2	4.08975260e-05	2.33601400e-07	2	false	GAMG	1.47606070e-04	7.07503460e-07	4	true
5294            	DILUPBiCGStab	2.66093600e-03	2.54725030e-05	2	2.40483100e-03	9.22706370e-06	2	4.08947810e-05	2.32881490e-07	2	false	GAMG	1.47569880e-04	7.01560900e-07	4	true
5295            	DILUPBiCGStab	2.64860890e-03	2.13774930e-05	2	2.41762640e-03	6.24763900e-06	2	4.08990250e-05	2.33706600e-07	2	false	GAMG	1.48222850e-04	6.84158250e-07	4	true
5296            	DILUPBiCGStab	2.63848400e-03	1.52324830e-06	3	2.42416350e-03	5.10585420e-06	2	4.08599360e-05	2.35774730e-07	2	false	GAMG	1.48560880e-04	6.79914180e-07	4	true
5297            	DILUPBiCGStab	2.62485610e-03	1.74223130e-06	3	2.43228410e-03	2.33710120e-05	2	4.08654340e-05	2.38858250e-07	2	false	GAMG	1.48654160e-04	6.87734550e-07	4	true
5298            	DILUPBiCGStab	2.60832160e-03	1.65898220e-06	3	2.44608860e-03	2.30576400e-05	2	4.08054590e-05	2.40989320e-07	2	false	GAMG	1.49118800e-04	7.13114660e-07	4	true
5299            	DILUPBiCGStab	2.58728210e-03	1.63683150e-06	3	2.46007790e-03	2.31923430e-05	2	4.07266710e-05	2.43880690e-07	2	false	GAMG	1.49200730e-04	7.38585070e-07	4	true
5300            	DILUPBiCGStab	2.57318330e-03	1.66413230e-05	2	2.46380580e-03	2.31612520e-05	2	4.07049140e-05	2.46982500e-07	2	false	GAMG	1.49511670e-04	7.54664840e-07	4	true
5301            	DILUPBiCGStab	2.56769440e-03	1.92536990e-06	3	2.45975400e-03	5.29668250e-06	2	4.07121120e-05	2.47694850e-07	2	false	GAMG	1.49895440e-04	7.64368350e-07	4	true
5302            	DILUPBiCGStab	2.56707220e-03	1.05546610e-05	2	2.45271630e-03	1.18171870e-05	2	4.07334100e-05	2.45723680e-07	2	false	GAMG	1.49438980e-04	7.62207090e-07	4	true
5303            	DILUPBiCGStab	2.57719870e-03	9.91123580e-06	2	2.44443340e-03	7.45985940e-06	2	4.07751830e-05	2.40448310e-07	2	false	GAMG	1.48182810e-04	7.45399670e-07	4	true
5304            	DILUPBiCGStab	2.59544780e-03	1.76068300e-05	2	2.42660550e-03	5.36458060e-06	2	4.07912140e-05	2.35173450e-07	2	false	GAMG	1.47720230e-04	7.15439580e-07	4	true
5305            	DILUPBiCGStab	2.61255100e-03	1.33783400e-06	3	2.40158900e-03	2.19835780e-05	2	4.08305770e-05	2.33186730e-07	2	false	GAMG	1.47802840e-04	6.91657530e-07	4	true
5306            	DILUPBiCGStab	2.62321710e-03	1.95980400e-05	2	2.37067480e-03	2.12996620e-05	2	4.08124970e-05	2.32725010e-07	2	false	GAMG	1.47537580e-04	6.90764350e-07	4	true
5307            	DILUPBiCGStab	2.62647830e-03	1.38751500e-06	3	2.33464450e-03	2.19579140e-05	2	4.08100810e-05	2.31851280e-07	2	false	GAMG	1.47642720e-04	6.86017530e-07	4	true
5308            	DILUPBiCGStab	2.61786990e-03	1.27221120e-06	3	2.28705400e-03	1.54676670e-05	2	4.06317990e-05	2.29680600e-07	2	false	GAMG	1.47586650e-04	6.88140120e-07	4	true
5309            	DILUPBiCGStab	2.59606920e-03	2.36566910e-05	2	2.23651670e-03	2.17483480e-05	2	4.03830560e-05	2.30190790e-07	2	false	GAMG	1.47534610e-04	6.83799160e-07	4	true
5310            	DILUPBiCGStab	2.58049590e-03	1.98271880e-05	2	2.19569110e-03	1.94757960e-05	2	4.03000580e-05	2.30550570e-07	2	false	GAMG	1.47288020e-04	6.82692300e-07	4	true
5311            	DILUPBiCGStab	2.57271970e-03	2.11358450e-05	2	2.17096890e-03	4.66610890e-06	2	4.02064250e-05	2.31158150e-07	2	false	GAMG	1.47123340e-04	7.04100270e-07	4	true
5312            	DILUPBiCGStab	2.57278630e-03	1.40444510e-06	3	2.16727950e-03	6.60733810e-06	2	4.02000890e-05	2.31462070e-07	2	false	GAMG	1.46990250e-04	7.33490520e-07	4	true
5313            	DILUPBiCGStab	2.58175730e-03	1.36568280e-06	3	2.18343290e-03	8.54043820e-06	2	4.01819130e-05	2.34291640e-07	2	false	GAMG	1.46791670e-04	7.45511480e-07	4	true
5314            	DILUPBiCGStab	2.59218300e-03	1.26419350e-06	3	2.21469110e-03	6.05907510e-06	2	4.02720860e-05	2.38026610e-07	2	false	GAMG	1.46933200e-04	7.40977830e-07	4	true
5315            	DILUPBiCGStab	2.60778830e-03	1.46998300e-06	3	2.26177670e-03	5.28640110e-06	2	4.03411600e-05	2.41577610e-07	2	false	GAMG	1.47490660e-04	7.44515320e-07	4	true
5316            	DILUPBiCGStab	2.62196130e-03	1.52918730e-06	3	2.31221800e-03	5.10879540e-06	2	4.03847980e-05	2.42067310e-07	2	false	GAMG	1.48115780e-04	7.52607460e-07	4	true
5317            	DILUPBiCGStab	2.62732760e-03	1.36647590e-06	3	2.36728430e-03	2.35411790e-05	2	4.02645100e-05	2.40082550e-07	2	false	GAMG	1.48858260e-04	7.39952980e-07	4	true
5318            	DILUPBiCGStab	2.63322760e-03	2.07041600e-05	2	2.41751960e-03	2.36822880e-05	2	4.00997800e-05	2.36296650e-07	2	false	GAMG	1.48899240e-04	7.22205300e-07	4	true
5319            	DILUPBiCGStab	2.64301210e-03	1.31569220e-06	3	2.46056450e-03	2.34846650e-05	2	4.00026630e-05	2.32929230e-07	2	false	GAMG	1.48448760e-04	7.16405130e-07	4	true
5320            	DILUPBiCGStab	2.65402420e-03	1.49509840e-06	3	2.49142450e-03	2.15370540e-05	2	4.00074680e-05	2.29576740e-07	2	false	GAMG	1.47983160e-04	7.21681110e-07	4	true
5321            	DILUPBiCGStab	2.66486790e-03	1.32217610e-05	2	2.51335280e-03	8.13518390e-06	2	4.00246040e-05	2.27909880e-07	2	false	GAMG	1.46984220e-04	7.23725520e-07	4	true
5322            	DILUPBiCGStab	2.68073930e-03	1.14583230e-05	2	2.52237120e-03	1.19298970e-05	2	4.00517760e-05	2.27313480e-07	2	false	GAMG	1.45630460e-04	7.19925610e-07	4	true
5323            	DILUPBiCGStab	2.68648220e-03	2.27277840e-05	2	2.51675250e-03	6.18056770e-06	2	4.00770200e-05	2.26140000e-07	2	false	GAMG	1.44816050e-04	7.06555090e-07	4	true
5324            	DILUPBiCGStab	2.68010500e-03	1.18464350e-06	3	2.50245780e-03	2.33681390e-05	2	4.01972250e-05	2.26813830e-07	2	false	GAMG	1.45791410e-04	6.90312190e-07	4	true
5325            	DILUPBiCGStab	2.66869110e-03	1.16427200e-06	3	2.47571100e-03	2.21864880e-05	2	4.02608080e-05	2.29510080e-07	2	false	GAMG	1.47021710e-04	6.79120630e-07	4	true
5326            	DILUPBiCGStab	2.65872570e-03	1.80857900e-05	2	2.44070860e-03	2.26160050e-05	2	4.03226250e-05	2.34217530e-07	2	false	GAMG	1.47745860e-04	6.89236730e-07	4	true
5327            	DILUPBiCGStab	2.64872060e-03	1.24699040e-05	2	2.39833240e-03	6.19165570e-06	2	4.02359630e-05	2.36471860e-07	2	false	GAMG	1.47996420e-04	6.95794550e-07	4	true
5328            	DILUPBiCGStab	2.63670050e-03	2.02503660e-06	3	2.35172410e-03	6.16694460e-06	2	4.01626420e-05	2.39601500e-07	2	false	GAMG	1.47654720e-04	7.07849010e-07	4	true
5329            	DILUPBiCGStab	2.61901260e-03	1.72449600e-06	3	2.30329520e-03	2.23326110e-05	2	4.01144440e-05	2.42760220e-07	2	false	GAMG	1.47406470e-04	7.21147830e-07	4	true
5330            	DILUPBiCGStab	2.60604550e-03	1.92705280e-06	3	2.26258290e-03	2.12754920e-05	2	4.01020060e-05	2.44468640e-07	2	false	GAMG	1.47247770e-04	7.43657860e-07	4	true
5331            	DILUPBiCGStab	2.60659120e-03	1.32828700e-06	3	2.24955660e-03	4.89393620e-06	2	4.01140950e-05	2.40412610e-07	2	false	GAMG	1.47483360e-04	7.59944610e-07	4	true
5332            	DILUPBiCGStab	2.61325740e-03	2.59788530e-05	2	2.26226900e-03	5.47256320e-06	2	4.00629500e-05	2.35532480e-07	2	false	GAMG	1.47430350e-04	7.62089510e-07	4	true
5333            	DILUPBiCGStab	2.62916150e-03	1.49025430e-06	3	2.28951760e-03	5.04539480e-06	2	4.01285490e-05	2.29649210e-07	2	false	GAMG	1.46911990e-04	7.50420790e-07	4	true
5334            	DILUPBiCGStab	2.64607600e-03	1.35104320e-06	3	2.32393170e-03	2.20977500e-05	2	4.02986990e-05	2.27068050e-07	2	false	GAMG	1.46952650e-04	7.21260970e-07	4	true
5335            	DILUPBiCGStab	2.66192290e-03	1.99817030e-05	2	2.35877080e-03	2.13797110e-05	2	4.04462120e-05	2.27718550e-07	2	false	GAMG	1.46797970e-04	7.03090880e-07	4	true
5336            	DILUPBiCGStab	2.66934890e-03	1.44781840e-05	2	2.39382090e-03	2.15983670e-05	2	4.05249280e-05	2.29403000e-07	2	false	GAMG	1.46898300e-04	6.92257640e-07	4	true
5337            	DILUPBiCGStab	2.66465250e-03	2.12689330e-05	2	2.41851310e-03	2.17717700e-05	2	4.05648250e-05	2.29615100e-07	2	false	GAMG	1.47551070e-04	7.05046200e-07	4	true
5338            	DILUPBiCGStab	2.65053900e-03	1.20637470e-06	3	2.43550800e-03	2.16631050e-05	2	4.05338310e-05	2.30558480e-07	2	false	GAMG	1.47667740e-04	7.19646990e-07	4	true
5339            	DILUPBiCGStab	2.63414520e-03	1.17376700e-06	3	2.43484960e-03	2.06443640e-05	2	4.05427430e-05	2.31801970e-07	2	false	GAMG	1.48312340e-04	7.12360810e-07	4	true
5340            	DILUPBiCGStab	2.62441170e-03	2.00627960e-05	2	2.41970690e-03	6.39965850e-06	2	4.05851430e-05	2.33363800e-07	2	false	GAMG	1.48217030e-04	7.06517260e-07	4	true
5341            	DILUPBiCGStab	2.61667000e-03	1.26173220e-05	2	2.39524400e-03	1.27594720e-05	2	4.05934170e-05	2.34215240e-07	2	false	GAMG	1.47369260e-04	7.21175800e-07	4	true
5342            	DILUPBiCGStab	2.61438240e-03	2.37864440e-05	2	2.37705590e-03	9.97749620e-06	2	4.05710250e-05	2.36207200e-07	2	false	GAMG	1.46088430e-04	7.31317740e-07	4	true
5343            	DILUPBiCGStab	2.62047840e-03	1.33865290e-06	3	2.35897890e-03	5.62092390e-06	2	4.06050010e-05	2.39032810e-07	2	false	GAMG	1.46201130e-04	7.25428500e-07	4	true
5344            	DILUPBiCGStab	2.62799260e-03	2.15107080e-05	2	2.34947550e-03	2.26196230e-05	2	4.06963440e-05	2.42978650e-07	2	false	GAMG	1.46782770e-04	7.33399920e-07	4	true
5345            	DILUPBiCGStab	2.63991520e-03	2.55899220e-05	2	2.35541860e-03	2.23554510e-05	2	4.07816410e-05	2.45398910e-07	2	false	GAMG	1.47545390e-04	7.53471750e-07	4	true
5346            	DILUPBiCGStab	2.64195460e-03	1.35684500e-06	3	2.36299050e-03	5.24224130e-06	2	4.07985960e-05	2.45186880e-07	2	false	GAMG	1.48608680e-04	7.53628740e-07	4	true
5347            	DILUPBiCGStab	2.64020800e-03	1.24229620e-06	3	2.36763290e-03	9.87324770e-06	2	4.07161560e-05	2.42321180e-07	2	false	GAMG	1.48740800e-04	7.25976000e-07	4	true
5348            	DILUPBiCGStab	2.64548020e-03	1.46795040e-05	2	2.36723180e-03	2.23083060e-05	2	4.07030760e-05	2.40115040e-07	2	false	GAMG	1.48679520e-04	7.03936870e-07	4	true
5349            	DILUPBiCGStab	2.65953020e-03	1.33583200e-05	2	2.37359450e-03	2.00033540e-05	2	4.08041200e-05	2.38058560e-07	2	false	GAMG	1.48344300e-04	7.05136950e-07	4	true
5350            	DILUPBiCGStab	2.67008930e-03	1.28469030e-05	2	2.38932690e-03	2.22582980e-05	2	4.09239900e-05	2.34699520e-07	2	false	GAMG	1.47892300e-04	7.16194380e-07	4	true
5351            	DILUPBiCGStab	2.67724580e-03	1.49369190e-05	2	2.40751130e-03	1.07183380e-05	2	4.10170030e-05	2.33560920e-07	2	false	GAMG	1.47679200e-04	7.16557100e-07	4	true
5352            	DILUPBiCGStab	2.67938630e-03	1.64856050e-05	2	2.42115180e-03	1.37853910e-05	2	4.09743090e-05	2.32338330e-07	2	false	GAMG	1.47080360e-04	7.11752710e-07	4	true
5353            	DILUPBiCGStab	2.66939820e-03	1.78809460e-05	2	2.43861980e-03	8.17260910e-06	2	4.10079150e-05	2.31281900e-07	2	false	GAMG	1.46939690e-04	6.97058650e-07	4	true
5354            	DILUPBiCGStab	2.65555190e-03	1.97422790e-05	2	2.45019730e-03	5.30298270e-06	2	4.09444900e-05	2.31645680e-07	2	false	GAMG	1.47665420e-04	6.72246020e-07	4	true
5355            	DILUPBiCGStab	2.63925860e-03	1.95094450e-05	2	2.45530400e-03	2.33599700e-05	2	4.09138090e-05	2.34205990e-07	2	false	GAMG	1.48213840e-04	6.67585610e-07	4	true
5356            	DILUPBiCGStab	2.61877250e-03	1.82089440e-06	3	2.46082480e-03	2.28110140e-05	2	4.08537180e-05	2.36714080e-07	2	false	GAMG	1.49247510e-04	6.94809270e-07	4	true
5357            	DILUPBiCGStab	2.59771160e-03	1.90609340e-06	3	2.47111480e-03	2.28836490e-05	2	4.07366090e-05	2.39508870e-07	2	false	GAMG	1.49163270e-04	7.25978170e-07	4	true
5358            	DILUPBiCGStab	2.58289340e-03	1.83338100e-05	2	2.47236960e-03	2.26603320e-05	2	4.06912150e-05	2.43634170e-07	2	false	GAMG	1.49069530e-04	7.46946460e-07	4	true
5359            	DILUPBiCGStab	2.57382280e-03	1.82270030e-06	3	2.46577440e-03	5.32027560e-06	2	4.07026970e-05	2.46914580e-07	2	false	GAMG	1.49228590e-04	7.54554060e-07	4	true
5360            	DILUPBiCGStab	2.57193670e-03	1.85544080e-05	2	2.45376020e-03	1.24270920e-05	2	4.07654340e-05	2.47700770e-07	2	false	GAMG	1.49062400e-04	7.67047210e-07	4	true
5361            	DILUPBiCGStab	2.58045750e-03	1.04321800e-05	2	2.44518520e-03	1.10375620e-05	2	4.08167570e-05	2.44847570e-07	2	false	GAMG	1.48259690e-04	7.67342700e-07	4	true
5362            	DILUPBiCGStab	2.59357550e-03	1.44001280e-05	2	2.43068480e-03	6.00199760e-06	2	4.08129330e-05	2.39435720e-07	2	false	GAMG	1.47807780e-04	7.46542420e-07	4	true
5363            	DILUPBiCGStab	2.60833990e-03	1.38350530e-06	3	2.40564570e-03	2.28026800e-05	2	4.08605500e-05	2.34605810e-07	2	false	GAMG	1.48069140e-04	7.24447890e-07	4	true
5364            	DILUPBiCGStab	2.62503560e-03	1.35689770e-06	3	2.37741890e-03	2.16232850e-05	2	4.08790670e-05	2.31594860e-07	2	false	GAMG	1.48123690e-04	7.03926290e-07	4	true
5365            	DILUPBiCGStab	2.63437030e-03	2.02579910e-05	2	2.34789840e-03	2.17123380e-05	2	4.08004510e-05	2.31423320e-07	2	false	GAMG	1.47944150e-04	6.88747000e-07	4	true
5366            	DILUPBiCGStab	2.63576470e-03	1.88959120e-05	2	2.30738870e-03	1.38092220e-05	2	4.07000300e-05	2.29551420e-07	2	false	GAMG	1.47988410e-04	6.75622700e-07	4	true
5367            	DILUPBiCGStab	2.62549050e-03	1.91591970e-05	2	2.26076710e-03	2.19562500e-05	2	4.05360100e-05	2.28680910e-07	2	false	GAMG	1.47564460e-04	6.84567600e-07	4	true
5368            	DILUPBiCGStab	2.60900010e-03	1.75624240e-05	2	2.21880300e-03	1.92174530e-05	2	4.03909460e-05	2.29143850e-07	2	false	GAMG	1.47136930e-04	6.89257100e-07	4	true
5369            	DILUPBiCGStab	2.59641260e-03	1.58258290e-05	2	2.19350230e-03	2.06986920e-05	2	4.02707150e-05	2.28685970e-07	2	false	GAMG	1.46912800e-04	6.88497880e-07	4	true
5370            	DILUPBiCGStab	2.58997640e-03	2.31942510e-05	2	2.18533960e-03	6.14888430e-06	2	4.02525750e-05	2.28337260e-07	2	false	GAMG	1.46836670e-04	7.06917590e-07	4	true
5371            	DILUPBiCGStab	2.58928410e-03	1.59177050e-06	3	2.19391950e-03	8.66007010e-06	2	4.02505720e-05	2.29436910e-07	2	false	GAMG	1.46765330e-04	7.36268240e-07	4	true
5372            	DILUPBiCGStab	2.59966870e-03	1.32087990e-06	3	2.21947660e-03	8.02447080e-06	2	4.02765810e-05	2.32588100e-07	2	false	GAMG	1.46419390e-04	7.39278110e-07	4	true
5373            	DILUPBiCGStab	2.61009740e-03	1.41711700e-06	3	2.25352410e-03	5.18341280e-06	2	4.03350060e-05	2.37828390e-07	2	false	GAMG	1.46736530e-04	7.33539630e-07	4	true
5374            	DILUPBiCGStab	2.62027020e-03	1.43106570e-06	3	2.30116190e-03	5.03051990e-06	2	4.03575650e-05	2.41989190e-07	2	false	GAMG	1.47199230e-04	7.37358050e-07	4	true
5375            	DILUPBiCGStab	2.62734870e-03	1.52387960e-06	3	2.34913200e-03	2.32572000e-05	2	4.03358080e-05	2.42769070e-07	2	false	GAMG	1.48242720e-04	7.52045460e-07	4	true
5376            	DILUPBiCGStab	2.63122250e-03	1.33012210e-06	3	2.40104780e-03	2.37026880e-05	2	4.01359400e-05	2.41204720e-07	2	false	GAMG	1.48670330e-04	7.52148900e-07	4	true
5377            	DILUPBiCGStab	2.63709780e-03	1.23107970e-06	3	2.44930800e-03	2.36668030e-05	2	4.00192810e-05	2.37396220e-07	2	false	GAMG	1.48262720e-04	7.34527490e-07	4	true
5378            	DILUPBiCGStab	2.65138340e-03	2.00017030e-05	2	2.48259440e-03	2.20730890e-05	2	3.99593160e-05	2.33590780e-07	2	false	GAMG	1.48265430e-04	7.24484020e-07	4	true
5379            	DILUPBiCGStab	2.67094910e-03	1.23949560e-05	2	2.51079710e-03	2.43696270e-05	2	3.99837200e-05	2.29990160e-07	2	false	GAMG	1.47263490e-04	7.28308480e-07	4	true
5380            	DILUPBiCGStab	2.69133080e-03	1.19957640e-05	2	2.53397240e-03	9.50159690e-06	2	4.00914480e-05	2.27922170e-07	2	false	GAMG	1.45804530e-04	7.29148770e-07	4	true
5381            	DILUPBiCGStab	2.71135370e-03	2.06167000e-05	2	2.54263220e-03	7.69698510e-06	2	4.01758740e-05	2.26772330e-07	2	false	GAMG	1.44933120e-04	7.16748410e-07	4	true
5382            	DILUPBiCGStab	2.71579160e-03	1.25340130e-06	3	2.53268510e-03	2.41458880e-05	2	4.02710130e-05	2.26026400e-07	2	false	GAMG	1.45010450e-04	7.05519740e-07	4	true
5383            	DILUPBiCGStab	2.70325260e-03	1.18482540e-06	3	2.51354980e-03	2.21356100e-05	2	4.03256780e-05	2.26651240e-07	2	false	GAMG	1.45865100e-04	6.89217400e-07	4	true
5384            	DILUPBiCGStab	2.68716300e-03	1.20030410e-06	3	2.48249650e-03	2.24691750e-05	2	4.03492400e-05	2.30160880e-07	2	false	GAMG	1.46976660e-04	6.74531130e-07	4	true
5385            	DILUPBiCGStab	2.67130900e-03	2.43137090e-05	2	2.43772600e-03	5.78095010e-06	2	4.03553950e-05	2.32850230e-07	2	false	GAMG	1.48016420e-04	6.79113590e-07	4	true
5386            	DILUPBiCGStab	2.65437050e-03	1.92927340e-05	2	2.38624890e-03	6.72244480e-06	2	4.02991250e-05	2.36040110e-07	2	false	GAMG	1.48197890e-04	6.91930380e-07	4	true
5387            	DILUPBiCGStab	2.63821400e-03	1.58220620e-06	3	2.33506410e-03	2.25760800e-05	2	4.02292770e-05	2.39929120e-07	2	false	GAMG	1.47649080e-04	7.12161740e-07	4	true
5388            	DILUPBiCGStab	2.62351700e-03	1.66666700e-06	3	2.29291580e-03	4.87530140e-06	2	4.02253420e-05	2.43862330e-07	2	false	GAMG	1.47200870e-04	7.31875920e-07	4	true
5389            	DILUPBiCGStab	2.61633230e-03	1.55312990e-06	3	2.26714550e-03	4.94089490e-06	2	4.02261920e-05	2.43379380e-07	2	false	GAMG	1.47149110e-04	7.53823720e-07	4	true
5390            	DILUPBiCGStab	2.62243750e-03	1.45848420e-06	3	2.27316080e-03	6.11234930e-06	2	4.02650180e-05	2.40854740e-07	2	false	GAMG	1.47441050e-04	7.73619250e-07	4	true
5391            	DILUPBiCGStab	2.63266600e-03	1.34614620e-06	3	2.29936790e-03	5.95057150e-06	2	4.03332750e-05	2.36781920e-07	2	false	GAMG	1.47236380e-04	7.70205050e-07	4	true
5392            	DILUPBiCGStab	2.64549400e-03	1.39185570e-06	3	2.33412240e-03	2.33302830e-05	2	4.04133670e-05	2.31846880e-07	2	false	GAMG	1.47201740e-04	7.51091950e-07	4	true
5393            	DILUPBiCGStab	2.65964390e-03	1.36412480e-06	3	2.36763150e-03	2.18382620e-05	2	4.05505690e-05	2.29526010e-07	2	false	GAMG	1.47073130e-04	7.24636320e-07	4	true
5394            	DILUPBiCGStab	2.67100140e-03	1.82155530e-05	2	2.40394920e-03	2.18900000e-05	2	4.06253940e-05	2.29547310e-07	2	false	GAMG	1.47486500e-04	7.00096990e-07	4	true
5395            	DILUPBiCGStab	2.67283870e-03	1.52965410e-05	2	2.43651250e-03	2.20279290e-05	2	4.06456730e-05	2.30508650e-07	2	false	GAMG	1.48057570e-04	6.99692750e-07	4	true
5396            	DILUPBiCGStab	2.66848430e-03	1.24758590e-06	3	2.45801860e-03	2.17438260e-05	2	4.07342480e-05	2.30860730e-07	2	false	GAMG	1.47903070e-04	7.08828090e-07	4	true
5397            	DILUPBiCGStab	2.65611270e-03	1.18858930e-06	3	2.46135480e-03	2.07918910e-05	2	4.07510230e-05	2.31363140e-07	2	false	GAMG	1.48183500e-04	7.17867900e-07	4	true
5398            	DILUPBiCGStab	2.64217790e-03	1.64841350e-05	2	2.44810450e-03	6.56792880e-06	2	4.07450370e-05	2.32566880e-07	2	false	GAMG	1.48267000e-04	7.10504660e-07	4	true
5399            	DILUPBiCGStab	2.63018780e-03	1.15590790e-05	2	2.42342500e-03	1.63697030e-05	2	4.07469350e-05	2.33147440e-07	2	false	GAMG	1.47544660e-04	6.97582270e-07	4	true
5400            	DILUPBiCGStab	2.61908430e-03	1.66684820e-05	2	2.39505900e-03	1.20776900e-05	2	4.07403010e-05	2.33516670e-07	2	false	GAMG	1.46770660e-04	7.11533530e-07	4	true
5401            	DILUPBiCGStab	2.61769550e-03	1.37358550e-06	3	2.36802830e-03	6.63538440e-06	2	4.07361900e-05	2.34484420e-07	2	false	GAMG	1.46708830e-04	7.22766730e-07	4	true
5402            	DILUPBiCGStab	2.62156950e-03	2.33290150e-05	2	2.34698460e-03	2.34198310e-05	2	4.07681640e-05	2.38701740e-07	2	false	GAMG	1.47226410e-04	7.26435410e-07	4	true
5403            	DILUPBiCGStab	2.62856510e-03	2.14158750e-05	2	2.34254500e-03	2.21060420e-05	2	4.08453620e-05	2.43961830e-07	2	false	GAMG	1.47774020e-04	7.33870180e-07	4	true
5404            	DILUPBiCGStab	2.63203630e-03	2.62789250e-05	2	2.34810200e-03	5.29485090e-06	2	4.09344560e-05	2.47027210e-07	2	false	GAMG	1.48931250e-04	7.51777590e-07	4	true
5405            	DILUPBiCGStab	2.63150440e-03	1.32322470e-06	3	2.34660680e-03	1.58908810e-05	2	4.08965630e-05	2.46655560e-07	2	false	GAMG	1.49556260e-04	7.51693290e-07	4	true
5406            	DILUPBiCGStab	2.63153250e-03	2.27935340e-05	2	2.35155210e-03	2.34699300e-05	2	4.07933250e-05	2.45036810e-07	2	false	GAMG	1.49432750e-04	7.32169330e-07	4	true
5407            	DILUPBiCGStab	2.64353790e-03	1.31242470e-05	2	2.36082550e-03	2.11043110e-05	2	4.08211700e-05	2.42291720e-07	2	false	GAMG	1.49167570e-04	7.17225180e-07	4	true
5408            	DILUPBiCGStab	2.66101270e-03	1.13321060e-05	2	2.37873040e-03	2.07288490e-05	2	4.09354500e-05	2.37893330e-07	2	false	GAMG	1.48909490e-04	7.16803110e-07	4	true
5409            	DILUPBiCGStab	2.67591940e-03	1.35713940e-05	2	2.40375070e-03	6.42662050e-06	2	4.10461020e-05	2.34163620e-07	2	false	GAMG	1.48393220e-04	7.26261320e-07	4	true
5410            	DILUPBiCGStab	2.68496500e-03	1.88228630e-05	2	2.43299870e-03	2.01267670e-05	2	4.11130540e-05	2.32383180e-07	2	false	GAMG	1.47933030e-04	7.19164790e-07	4	true
5411            	DILUPBiCGStab	2.69046940e-03	1.39883200e-05	2	2.45851310e-03	1.11432470e-05	2	4.10883740e-05	2.31108160e-07	2	false	GAMG	1.47414370e-04	7.08009590e-07	4	true
5412            	DILUPBiCGStab	2.68213400e-03	1.52525680e-05	2	2.47543670e-03	5.84823960e-06	2	4.11410550e-05	2.29831590e-07	2	false	GAMG	1.47256140e-04	6.83255660e-07	4	true
5413            	DILUPBiCGStab	2.66296160e-03	1.66210640e-05	2	2.48445030e-03	2.38633290e-05	2	4.10758680e-05	2.30278780e-07	2	false	GAMG	1.47757600e-04	6.61867820e-07	4	true
5414            	DILUPBiCGStab	2.63703720e-03	1.69356060e-05	2	2.48621090e-03	2.25529480e-05	2	4.09525080e-05	2.32304170e-07	2	false	GAMG	1.49031520e-04	6.71200870e-07	4	true
5415            	DILUPBiCGStab	2.61011880e-03	1.98248750e-06	3	2.48832100e-03	2.26666340e-05	2	4.07891120e-05	2.35193290e-07	2	false	GAMG	1.49601900e-04	7.05563830e-07	4	true
5416            	DILUPBiCGStab	2.59117550e-03	1.42955010e-05	2	2.48703630e-03	2.23803440e-05	2	4.07435520e-05	2.38435040e-07	2	false	GAMG	1.49512000e-04	7.29851430e-07	4	true
5417            	DILUPBiCGStab	2.58243680e-03	1.72255840e-06	3	2.47620170e-03	5.35481720e-06	2	4.07298400e-05	2.43210690e-07	2	false	GAMG	1.49477140e-04	7.48193730e-07	4	true
5418            	DILUPBiCGStab	2.57898940e-03	2.01784710e-05	2	2.46160430e-03	1.61263290e-05	2	4.07651220e-05	2.46555880e-07	2	false	GAMG	1.48874860e-04	7.53548140e-07	4	true
5419            	DILUPBiCGStab	2.58494050e-03	1.91760910e-05	2	2.44641140e-03	1.16200150e-05	2	4.08417920e-05	2.46913990e-07	2	false	GAMG	1.48245330e-04	7.68813290e-07	4	true
5420            	DILUPBiCGStab	2.59826290e-03	1.71657870e-05	2	2.43165090e-03	7.24695890e-06	2	4.08688380e-05	2.43761750e-07	2	false	GAMG	1.47967550e-04	7.66886370e-07	4	true
5421            	DILUPBiCGStab	2.60684530e-03	2.43439600e-05	2	2.41033610e-03	5.19702300e-06	2	4.08378340e-05	2.39605890e-07	2	false	GAMG	1.48428320e-04	7.51048710e-07	4	true
5422            	DILUPBiCGStab	2.62151870e-03	1.48906660e-06	3	2.38056810e-03	2.21385340e-05	2	4.08213470e-05	2.34175400e-07	2	false	GAMG	1.48260550e-04	7.36352510e-07	4	true
5423            	DILUPBiCGStab	2.63418190e-03	1.43798810e-06	3	2.35100480e-03	2.19529180e-05	2	4.07647910e-05	2.31122200e-07	2	false	GAMG	1.48639510e-04	7.08036240e-07	4	true
5424            	DILUPBiCGStab	2.64118120e-03	2.03936720e-05	2	2.31576840e-03	9.24655000e-06	2	4.06446020e-05	2.29187370e-07	2	false	GAMG	1.48502610e-04	6.80170290e-07	4	true
5425            	DILUPBiCGStab	2.63966680e-03	1.49254810e-05	2	2.27605340e-03	2.27272100e-05	2	4.05362230e-05	2.28889550e-07	2	false	GAMG	1.48018980e-04	6.70172470e-07	4	true
5426            	DILUPBiCGStab	2.63246270e-03	1.48138450e-05	2	2.23737650e-03	1.90093820e-05	2	4.04789150e-05	2.28202410e-07	2	false	GAMG	1.47268060e-04	6.85677390e-07	4	true
5427            	DILUPBiCGStab	2.62239800e-03	1.57579310e-05	2	2.21318540e-03	2.05084490e-05	2	4.03853400e-05	2.27461030e-07	2	false	GAMG	1.46876910e-04	6.98608360e-07	4	true
5428            	DILUPBiCGStab	2.61411420e-03	1.57684780e-05	2	2.20554860e-03	5.58391740e-06	2	4.03311280e-05	2.26481960e-07	2	false	GAMG	1.46852940e-04	6.98666690e-07	4	true
5429            	DILUPBiCGStab	2.60714630e-03	1.37192520e-06	3	2.20970520e-03	8.72756650e-06	2	4.03691240e-05	2.26799270e-07	2	false	GAMG	1.47034490e-04	7.10585770e-07	4	true
5430            	DILUPBiCGStab	2.60766440e-03	1.43936540e-06	3	2.22650660e-03	7.97663130e-06	2	4.03955740e-05	2.27841820e-07	2	false	GAMG	1.46948760e-04	7.29756960e-07	4	true
5431            	DILUPBiCGStab	2.61495890e-03	1.48739360e-06	3	2.25675430e-03	5.80892510e-06	2	4.04345780e-05	2.32252560e-07	2	false	GAMG	1.47107490e-04	7.30968010e-07	4	true
5432            	DILUPBiCGStab	2.62062140e-03	1.49093900e-06	3	2.29198600e-03	4.99844370e-06	2	4.04318270e-05	2.37974300e-07	2	false	GAMG	1.47418410e-04	7.24464450e-07	4	true
5433            	DILUPBiCGStab	2.62519600e-03	1.40299090e-06	3	2.33625320e-03	2.29338270e-05	2	4.04328380e-05	2.41963360e-07	2	false	GAMG	1.48363440e-04	7.39898260e-07	4	true
5434            	DILUPBiCGStab	2.62990780e-03	1.54670810e-06	3	2.37892580e-03	2.32003970e-05	2	4.02870420e-05	2.43529820e-07	2	false	GAMG	1.49207210e-04	7.62638340e-07	4	true
5435            	DILUPBiCGStab	2.63572860e-03	1.25324740e-06	3	2.42688010e-03	2.35742720e-05	2	4.01732000e-05	2.42218150e-07	2	false	GAMG	1.48992770e-04	7.63900610e-07	4	true
5436            	DILUPBiCGStab	2.64362350e-03	1.26395410e-06	3	2.46585310e-03	2.24431990e-05	2	4.00551640e-05	2.38049390e-07	2	false	GAMG	1.49054390e-04	7.44775750e-07	4	true
5437            	DILUPBiCGStab	2.66404020e-03	1.17822790e-05	2	2.49637910e-03	5.46763460e-06	2	4.00100880e-05	2.34039260e-07	2	false	GAMG	1.48169790e-04	7.31418540e-07	4	true
5438            	DILUPBiCGStab	2.69144240e-03	1.12376130e-05	2	2.52468160e-03	6.17020240e-06	2	4.00684620e-05	2.29968660e-07	2	false	GAMG	1.46707670e-04	7.29762780e-07	4	true
5439            	DILUPBiCGStab	2.71559180e-03	2.05002760e-05	2	2.54567140e-03	6.80015780e-06	2	4.01888910e-05	2.27301800e-07	2	false	GAMG	1.45461310e-04	7.25259540e-07	4	true
5440            	DILUPBiCGStab	2.73409430e-03	1.44702130e-06	3	2.54997460e-03	5.30056030e-06	2	4.03167190e-05	2.26538140e-07	2	false	GAMG	1.45631830e-04	7.13909280e-07	4	true
5441            	DILUPBiCGStab	2.73346850e-03	1.23056680e-06	3	2.53613930e-03	2.23896080e-05	2	4.04248890e-05	2.25829770e-07	2	false	GAMG	1.45581740e-04	7.01683200e-07	4	true
5442            	DILUPBiCGStab	2.71624330e-03	1.18304830e-06	3	2.51257240e-03	2.23676010e-05	2	4.04232260e-05	2.27391220e-07	2	false	GAMG	1.46172320e-04	6.85222620e-07	4	true
5443            	DILUPBiCGStab	2.69345500e-03	1.21234190e-06	3	2.47092670e-03	5.60482930e-06	2	4.04122210e-05	2.28675760e-07	2	false	GAMG	1.47528890e-04	6.65538950e-07	4	true
5444            	DILUPBiCGStab	2.67112050e-03	1.36626530e-06	3	2.41803870e-03	7.27761230e-06	2	4.03560330e-05	2.31598160e-07	2	false	GAMG	1.48313940e-04	6.71238060e-07	4	true
5445            	DILUPBiCGStab	2.65098420e-03	1.63370070e-06	3	2.36287610e-03	2.26732810e-05	2	4.02683100e-05	2.35539020e-07	2	false	GAMG	1.48406620e-04	6.93129710e-07	4	true
5446            	DILUPBiCGStab	2.63529360e-03	1.57235190e-06	3	2.31567820e-03	2.25738320e-05	2	4.02537900e-05	2.39790770e-07	2	false	GAMG	1.47770350e-04	7.22590060e-07	4	true
5447            	DILUPBiCGStab	2.62871680e-03	1.38030810e-06	3	2.28761220e-03	5.79190050e-06	2	4.02680160e-05	2.41678640e-07	2	false	GAMG	1.47350380e-04	7.41850070e-07	4	true
5448            	DILUPBiCGStab	2.62496010e-03	1.66580970e-06	3	2.28114660e-03	5.84478120e-06	2	4.02823020e-05	2.42459080e-07	2	false	GAMG	1.47343360e-04	7.63692960e-07	4	true
5449            	DILUPBiCGStab	2.63455840e-03	1.58025470e-06	3	2.30206850e-03	6.81495460e-06	2	4.04069660e-05	2.40641060e-07	2	false	GAMG	1.47455660e-04	7.79530960e-07	4	true
5450            	DILUPBiCGStab	2.64568790e-03	1.42326060e-06	3	2.33707950e-03	5.43726390e-06	2	4.05397870e-05	2.38036370e-07	2	false	GAMG	1.47782000e-04	7.71822650e-07	4	true
5451            	DILUPBiCGStab	2.65614890e-03	1.46668320e-06	3	2.37128410e-03	2.28743350e-05	2	4.06106830e-05	2.33939690e-07	2	false	GAMG	1.47714670e-04	7.53226050e-07	4	true
5452            	DILUPBiCGStab	2.66632970e-03	2.17960570e-05	2	2.40493760e-03	2.21924610e-05	2	4.06605480e-05	2.31574290e-07	2	false	GAMG	1.47823730e-04	7.27179300e-07	4	true
5453            	DILUPBiCGStab	2.67214660e-03	1.98338020e-05	2	2.43896350e-03	2.23488440e-05	2	4.06856410e-05	2.29648370e-07	2	false	GAMG	1.48723370e-04	7.11792210e-07	4	true
5454            	DILUPBiCGStab	2.67151020e-03	2.00683830e-05	2	2.46838300e-03	2.20746090e-05	2	4.06934550e-05	2.31610360e-07	2	false	GAMG	1.48537890e-04	7.07010410e-07	4	true
5455            	DILUPBiCGStab	2.66951430e-03	1.27074690e-06	3	2.47919090e-03	2.10366000e-05	2	4.08186300e-05	2.31343940e-07	2	false	GAMG	1.48453870e-04	7.08365040e-07	4	true
5456            	DILUPBiCGStab	2.66207210e-03	1.57525960e-05	2	2.46930300e-03	5.73109220e-06	2	4.08380720e-05	2.31733570e-07	2	false	GAMG	1.48399080e-04	7.13388550e-07	4	true
5457            	DILUPBiCGStab	2.64837960e-03	1.02035390e-05	2	2.44605180e-03	2.31959930e-05	2	4.07900370e-05	2.31939930e-07	2	false	GAMG	1.47430660e-04	7.04718200e-07	4	true
5458            	DILUPBiCGStab	2.63132490e-03	1.33203520e-05	2	2.41530230e-03	1.34629310e-05	2	4.07355440e-05	2.31811510e-07	2	false	GAMG	1.46649200e-04	6.93790170e-07	4	true
5459            	DILUPBiCGStab	2.61997840e-03	1.35261260e-06	3	2.37972350e-03	7.62762010e-06	2	4.07212120e-05	2.31594820e-07	2	false	GAMG	1.46853370e-04	7.02567490e-07	4	true
5460            	DILUPBiCGStab	2.61465230e-03	1.28856180e-06	3	2.34915540e-03	5.08342370e-06	2	4.07369570e-05	2.33667870e-07	2	false	GAMG	1.47450480e-04	7.20151240e-07	4	true
5461            	DILUPBiCGStab	2.61869380e-03	1.39032400e-06	3	2.33191080e-03	2.24773210e-05	2	4.07788060e-05	2.38639880e-07	2	false	GAMG	1.47799360e-04	7.26905980e-07	4	true
5462            	DILUPBiCGStab	2.62031370e-03	2.21098720e-05	2	2.32674880e-03	5.02995590e-06	2	4.08356070e-05	2.44292260e-07	2	false	GAMG	1.48369420e-04	7.38178200e-07	4	true
5463            	DILUPBiCGStab	2.61971850e-03	1.32895840e-06	3	2.32349530e-03	1.05477090e-06	3	4.08094750e-05	2.47419130e-07	2	false	GAMG	1.49245060e-04	7.49286790e-07	4	true
5464            	DILUPBiCGStab	2.62198290e-03	1.28862030e-06	3	2.32367770e-03	5.06899450e-06	2	4.08061120e-05	2.48726060e-07	2	false	GAMG	1.49392750e-04	7.53667090e-07	4	true
5465            	DILUPBiCGStab	2.62737960e-03	1.99105530e-05	2	2.33596340e-03	2.24529600e-05	2	4.07904570e-05	2.46432720e-07	2	false	GAMG	1.49198690e-04	7.46194480e-07	4	true
5466            	DILUPBiCGStab	2.64212590e-03	1.22784250e-05	2	2.35850120e-03	2.25745890e-05	2	4.08302720e-05	2.42169050e-07	2	false	GAMG	1.48753040e-04	7.32786200e-07	4	true
5467            	DILUPBiCGStab	2.66335970e-03	1.15637570e-05	2	2.38660280e-03	5.48818320e-06	2	4.08771880e-05	2.37264080e-07	2	false	GAMG	1.48431080e-04	7.29019230e-07	4	true
5468            	DILUPBiCGStab	2.68268980e-03	1.51129130e-05	2	2.42151480e-03	8.94537700e-06	2	4.09920010e-05	2.33030210e-07	2	false	GAMG	1.48088120e-04	7.29838140e-07	4	true
5469            	DILUPBiCGStab	2.69558470e-03	1.65098000e-05	2	2.46238910e-03	1.36324010e-05	2	4.10750670e-05	2.31543340e-07	2	false	GAMG	1.47429700e-04	7.15865870e-07	4	true
5470            	DILUPBiCGStab	2.70073530e-03	1.20680260e-05	2	2.48944680e-03	6.59403960e-06	2	4.10567680e-05	2.29989050e-07	2	false	GAMG	1.47078960e-04	6.94411800e-07	4	true
5471            	DILUPBiCGStab	2.68757440e-03	1.38671780e-05	2	2.50567540e-03	2.45243080e-05	2	4.09977230e-05	2.29121920e-07	2	false	GAMG	1.46830800e-04	6.69965610e-07	4	true
5472            	DILUPBiCGStab	2.66146780e-03	1.66105260e-05	2	2.51036200e-03	2.23362390e-05	2	4.08984140e-05	2.28862860e-07	2	false	GAMG	1.47906140e-04	6.69785410e-07	4	true
5473            	DILUPBiCGStab	2.62965040e-03	2.28148890e-05	2	2.50866960e-03	2.24346470e-05	2	4.06993380e-05	2.30911470e-07	2	false	GAMG	1.48903700e-04	6.82450400e-07	4	true
5474            	DILUPBiCGStab	2.60492480e-03	1.92698130e-05	2	2.50291050e-03	2.22274640e-05	2	4.06181610e-05	2.33822660e-07	2	false	GAMG	1.49376710e-04	7.09213360e-07	4	true
5475            	DILUPBiCGStab	2.58749750e-03	2.50128800e-05	2	2.48645520e-03	2.42296340e-05	2	4.05832510e-05	2.38110120e-07	2	false	GAMG	1.49460110e-04	7.29567780e-07	4	true
5476            	DILUPBiCGStab	2.58085240e-03	1.56384070e-06	3	2.46739840e-03	1.49734500e-05	2	4.06276540e-05	2.43002400e-07	2	false	GAMG	1.48497800e-04	7.45102990e-07	4	true
5477            	DILUPBiCGStab	2.58337110e-03	1.96050070e-05	2	2.45004550e-03	1.33425960e-05	2	4.06908760e-05	2.45999480e-07	2	false	GAMG	1.47515530e-04	7.54524630e-07	4	true
5478            	DILUPBiCGStab	2.59329300e-03	1.82427910e-06	3	2.42973270e-03	7.24836220e-06	2	4.07694790e-05	2.46283920e-07	2	false	GAMG	1.47208070e-04	7.65205930e-07	4	true
5479            	DILUPBiCGStab	2.60545000e-03	1.37594790e-06	3	2.40791200e-03	5.32584990e-06	2	4.08152790e-05	2.44069080e-07	2	false	GAMG	1.48032490e-04	7.71874270e-07	4	true
5480            	DILUPBiCGStab	2.61229250e-03	1.42062430e-06	3	2.37997500e-03	2.29037750e-05	2	4.07868920e-05	2.39820150e-07	2	false	GAMG	1.48255010e-04	7.64497300e-07	4	true
5481            	DILUPBiCGStab	2.62157140e-03	1.56448660e-06	3	2.34891840e-03	2.22527910e-05	2	4.06632730e-05	2.34505210e-07	2	false	GAMG	1.48211370e-04	7.42763830e-07	4	true
5482            	DILUPBiCGStab	2.63060580e-03	1.45962730e-06	3	2.31393530e-03	8.77752120e-06	2	4.05074800e-05	2.29120230e-07	2	false	GAMG	1.48525050e-04	7.06221880e-07	4	true
5483            	DILUPBiCGStab	2.63539040e-03	1.99507620e-05	2	2.27814430e-03	4.71224220e-06	2	4.04024160e-05	2.28282200e-07	2	false	GAMG	1.48343290e-04	6.77443470e-07	4	true
5484            	DILUPBiCGStab	2.63632960e-03	1.29004800e-05	2	2.24490940e-03	1.93545510e-05	2	4.03304080e-05	2.28425130e-07	2	false	GAMG	1.47375550e-04	6.76651560e-07	4	true
5485            	DILUPBiCGStab	2.63593310e-03	1.35658360e-05	2	2.22406600e-03	1.99597870e-05	2	4.03310480e-05	2.26666780e-07	2	false	GAMG	1.46637800e-04	6.92282690e-07	4	true
5486            	DILUPBiCGStab	2.63209090e-03	1.53133480e-05	2	2.21863100e-03	5.51852170e-06	2	4.02676620e-05	2.24974840e-07	2	false	GAMG	1.46167810e-04	7.08996890e-07	4	true
5487            	DILUPBiCGStab	2.62187990e-03	1.97262060e-05	2	2.22370640e-03	8.03874180e-06	2	4.02299340e-05	2.25023640e-07	2	false	GAMG	1.46310510e-04	7.10615640e-07	4	true
5488            	DILUPBiCGStab	2.61636540e-03	1.35310830e-06	3	2.23754380e-03	8.11514680e-06	2	4.02897840e-05	2.25300880e-07	2	false	GAMG	1.46337230e-04	7.09174970e-07	4	true
5489            	DILUPBiCGStab	2.61510280e-03	1.56629190e-06	3	2.25836490e-03	5.96121290e-06	2	4.03324320e-05	2.27506490e-07	2	false	GAMG	1.46932450e-04	7.18015030e-07	4	true
5490            	DILUPBiCGStab	2.61703890e-03	1.59523500e-06	3	2.28784450e-03	5.19161780e-06	2	4.03538490e-05	2.32335410e-07	2	false	GAMG	1.47103560e-04	7.22186040e-07	4	true
5491            	DILUPBiCGStab	2.61854970e-03	1.44075700e-06	3	2.32072870e-03	2.28995850e-05	2	4.03316280e-05	2.37727090e-07	2	false	GAMG	1.47747820e-04	7.32221120e-07	4	true
5492            	DILUPBiCGStab	2.61896670e-03	1.34895270e-06	3	2.35933260e-03	2.28508580e-05	2	4.02032970e-05	2.42135730e-07	2	false	GAMG	1.48774760e-04	7.54525090e-07	4	true
5493            	DILUPBiCGStab	2.62605240e-03	2.30700130e-05	2	2.40105050e-03	2.30033070e-05	2	4.01352260e-05	2.44560210e-07	2	false	GAMG	1.48843710e-04	7.72211010e-07	4	true
5494            	DILUPBiCGStab	2.63256990e-03	1.25165090e-06	3	2.43536510e-03	2.25290390e-05	2	4.00529440e-05	2.42774320e-07	2	false	GAMG	1.48951460e-04	7.70979200e-07	4	true
5495            	DILUPBiCGStab	2.64698900e-03	1.74752100e-05	2	2.47158940e-03	5.99539870e-06	2	3.99953710e-05	2.38764440e-07	2	false	GAMG	1.48447470e-04	7.56657260e-07	4	true
5496            	DILUPBiCGStab	2.67583450e-03	1.05998760e-05	2	2.50440660e-03	7.40954880e-06	2	4.00183900e-05	2.34099820e-07	2	false	GAMG	1.47077760e-04	7.39976260e-07	4	true
5497            	DILUPBiCGStab	2.70866990e-03	1.62431010e-05	2	2.52936120e-03	5.49679570e-06	2	4.00947300e-05	2.29547740e-07	2	false	GAMG	1.46091160e-04	7.26971900e-07	4	true
5498            	DILUPBiCGStab	2.73423220e-03	1.40774460e-06	3	2.54456450e-03	2.45162520e-05	2	4.02336370e-05	2.27100590e-07	2	false	GAMG	1.46021570e-04	7.22823830e-07	4	true
5499            	DILUPBiCGStab	2.74594360e-03	1.33865760e-06	3	2.54717200e-03	2.23762130e-05	2	4.03593550e-05	2.26895440e-07	2	false	GAMG	1.46098400e-04	7.09463640e-07	4	true
5500            	DILUPBiCGStab	2.74025570e-03	1.28774230e-06	3	2.53258220e-03	2.22924440e-05	2	4.04926090e-05	2.26854820e-07	2	false	GAMG	1.45922450e-04	6.93695760e-07	4	true
5501            	DILUPBiCGStab	2.71999910e-03	1.19674910e-06	3	2.49821080e-03	5.58391220e-06	2	4.04563080e-05	2.26693550e-07	2	false	GAMG	1.46832440e-04	6.77849920e-07	4	true
5502            	DILUPBiCGStab	2.69319000e-03	1.15627680e-06	3	2.44638260e-03	8.73580710e-06	2	4.03856780e-05	2.27613510e-07	2	false	GAMG	1.47848970e-04	6.61741180e-07	4	true
5503            	DILUPBiCGStab	2.66761220e-03	1.22214320e-06	3	2.39190690e-03	2.26080560e-05	2	4.02804710e-05	2.30961770e-07	2	false	GAMG	1.48331210e-04	6.69787140e-07	4	true
5504            	DILUPBiCGStab	2.64347520e-03	1.55218140e-06	3	2.33875500e-03	2.28295580e-05	2	4.02295770e-05	2.35280020e-07	2	false	GAMG	1.48485830e-04	7.00564720e-07	4	true
5505            	DILUPBiCGStab	2.63052490e-03	1.38334860e-06	3	2.30387750e-03	5.57311110e-06	2	4.02750170e-05	2.37608130e-07	2	false	GAMG	1.48069000e-04	7.28525110e-07	4	true
5506            	DILUPBiCGStab	2.62974190e-03	1.56685720e-06	3	2.29504520e-03	8.83994170e-06	2	4.03282950e-05	2.40277510e-07	2	false	GAMG	1.47857870e-04	7.54272130e-07	4	true
5507            	DILUPBiCGStab	2.63270520e-03	1.74205380e-06	3	2.30369500e-03	6.62256290e-06	2	4.04364600e-05	2.41502230e-07	2	false	GAMG	1.47665420e-04	7.68989490e-07	4	true
5508            	DILUPBiCGStab	2.64538700e-03	1.52853390e-06	3	2.33470980e-03	5.75723560e-06	2	4.05396690e-05	2.41260770e-07	2	false	GAMG	1.48150830e-04	7.79193800e-07	4	true
5509            	DILUPBiCGStab	2.65424610e-03	1.69150570e-06	3	2.36951720e-03	5.15360280e-06	2	4.06893550e-05	2.39415200e-07	2	false	GAMG	1.48458240e-04	7.70751320e-07	4	true
5510            	DILUPBiCGStab	2.65816210e-03	2.16560810e-05	2	2.40275210e-03	2.28508690e-05	2	4.07109520e-05	2.36087500e-07	2	false	GAMG	1.48433260e-04	7.52847500e-07	4	true
5511            	DILUPBiCGStab	2.66287030e-03	2.16012250e-05	2	2.43454680e-03	2.26721320e-05	2	4.06814010e-05	2.32088300e-07	2	false	GAMG	1.49040880e-04	7.42693340e-07	4	true
5512            	DILUPBiCGStab	2.66517150e-03	1.37746910e-06	3	2.46435080e-03	2.24325240e-05	2	4.06735900e-05	2.30436110e-07	2	false	GAMG	1.49210440e-04	7.23996740e-07	4	true
5513            	DILUPBiCGStab	2.66596120e-03	1.27818280e-06	3	2.48263270e-03	2.15015840e-05	2	4.07050090e-05	2.31839030e-07	2	false	GAMG	1.49028240e-04	7.09725290e-07	4	true
5514            	DILUPBiCGStab	2.66727090e-03	1.27161850e-05	2	2.48197270e-03	5.66652180e-06	2	4.07902850e-05	2.31599810e-07	2	false	GAMG	1.48603140e-04	7.00921860e-07	4	true
5515            	DILUPBiCGStab	2.66301760e-03	9.51881250e-06	2	2.46217040e-03	1.95482610e-05	2	4.08576580e-05	2.30650470e-07	2	false	GAMG	1.47587330e-04	7.03123810e-07	4	true
5516            	DILUPBiCGStab	2.64692150e-03	1.08133890e-05	2	2.43385220e-03	1.62551750e-05	2	4.07974340e-05	2.30673430e-07	2	false	GAMG	1.46529500e-04	7.00129690e-07	4	true
5517            	DILUPBiCGStab	2.62854520e-03	2.17727210e-05	2	2.39593280e-03	7.44318580e-06	2	4.07406960e-05	2.29505030e-07	2	false	GAMG	1.46625590e-04	6.89402790e-07	4	true
5518            	DILUPBiCGStab	2.61370540e-03	1.28835640e-06	3	2.35765500e-03	5.11654020e-06	2	4.07255010e-05	2.30591510e-07	2	false	GAMG	1.47550050e-04	6.93833530e-07	4	true
5519            	DILUPBiCGStab	2.60716140e-03	1.46382750e-06	3	2.32792790e-03	2.23113870e-05	2	4.07362080e-05	2.33237150e-07	2	false	GAMG	1.48205440e-04	7.14203470e-07	4	true
5520            	DILUPBiCGStab	2.60589030e-03	1.61157040e-06	3	2.31223840e-03	5.31687470e-06	2	4.07638340e-05	2.38754500e-07	2	false	GAMG	1.48714390e-04	7.27756070e-07	4	true
5521            	DILUPBiCGStab	2.60306810e-03	1.41679480e-06	3	2.29885600e-03	1.05695560e-06	3	4.07308340e-05	2.43785800e-07	2	false	GAMG	1.49223520e-04	7.38660210e-07	4	true
5522            	DILUPBiCGStab	2.60625600e-03	1.25994820e-06	3	2.29871490e-03	5.08937220e-06	2	4.07067010e-05	2.48568100e-07	2	false	GAMG	1.49483030e-04	7.46710030e-07	4	true
5523            	DILUPBiCGStab	2.61400710e-03	1.29068490e-06	3	2.30380700e-03	2.23336520e-05	2	4.07339210e-05	2.49409900e-07	2	false	GAMG	1.49678290e-04	7.57797160e-07	4	true
5524            	DILUPBiCGStab	2.62530870e-03	1.66956640e-05	2	2.32873820e-03	5.19638480e-06	2	4.07547360e-05	2.46163810e-07	2	false	GAMG	1.49484900e-04	7.60283880e-07	4	true
5525            	DILUPBiCGStab	2.64185410e-03	1.39046440e-05	2	2.36290360e-03	6.90479690e-06	2	4.07673820e-05	2.40995430e-07	2	false	GAMG	1.49118720e-04	7.48304590e-07	4	true
5526            	DILUPBiCGStab	2.66544660e-03	1.23457640e-05	2	2.40203540e-03	8.19693770e-06	2	4.08238480e-05	2.35546280e-07	2	false	GAMG	1.48763690e-04	7.35336610e-07	4	true
5527            	DILUPBiCGStab	2.68852140e-03	1.51626530e-05	2	2.44779120e-03	6.87096090e-06	2	4.08502070e-05	2.31961620e-07	2	false	GAMG	1.48200030e-04	7.24942120e-07	4	true
5528            	DILUPBiCGStab	2.70122790e-03	1.31964640e-05	2	2.49066950e-03	6.74456280e-06	2	4.09199890e-05	2.30232350e-07	2	false	GAMG	1.47637930e-04	7.07311740e-07	4	true
5529            	DILUPBiCGStab	2.70106860e-03	1.15766460e-05	2	2.51699850e-03	5.21401780e-06	2	4.08889730e-05	2.28837800e-07	2	false	GAMG	1.46945620e-04	6.77060420e-07	4	true
5530            	DILUPBiCGStab	2.68230780e-03	1.40558240e-05	2	2.52738520e-03	2.24570770e-05	2	4.07806900e-05	2.27545600e-07	2	false	GAMG	1.47322590e-04	6.75385400e-07	4	true
5531            	DILUPBiCGStab	2.65120590e-03	2.12516980e-05	2	2.52864240e-03	2.22280640e-05	2	4.06099140e-05	2.27071850e-07	2	false	GAMG	1.48152030e-04	6.84578920e-07	4	true
5532            	DILUPBiCGStab	2.61999280e-03	1.21470890e-06	3	2.52135210e-03	2.19987340e-05	2	4.04690390e-05	2.28542640e-07	2	false	GAMG	1.48832710e-04	6.86580050e-07	4	true
5533            	DILUPBiCGStab	2.59638110e-03	1.43004970e-06	3	2.50034770e-03	2.30794410e-05	2	4.03767890e-05	2.32412650e-07	2	false	GAMG	1.49551750e-04	7.04566790e-07	4	true
5534            	DILUPBiCGStab	2.58107160e-03	1.60950370e-06	3	2.47516300e-03	1.27434820e-05	2	4.03979950e-05	2.37409600e-07	2	false	GAMG	1.48758600e-04	7.24780770e-07	4	true
5535            	DILUPBiCGStab	2.58241860e-03	2.39999120e-05	2	2.45347750e-03	1.63777600e-05	2	4.04729940e-05	2.41638440e-07	2	false	GAMG	1.47434620e-04	7.42107250e-07	4	true
5536            	DILUPBiCGStab	2.59114710e-03	1.56775820e-06	3	2.43041780e-03	7.29313940e-06	2	4.04923140e-05	2.44694160e-07	2	false	GAMG	1.46692490e-04	7.51881120e-07	4	true
5537            	DILUPBiCGStab	2.59821760e-03	1.36000400e-06	3	2.40388860e-03	5.25227340e-06	2	4.05444650e-05	2.45995270e-07	2	false	GAMG	1.47256980e-04	7.62393280e-07	4	true
5538            	DILUPBiCGStab	2.60914460e-03	1.56629980e-06	3	2.37392720e-03	2.31418570e-05	2	4.05593810e-05	2.43771670e-07	2	false	GAMG	1.47794750e-04	7.78772280e-07	4	true
5539            	DILUPBiCGStab	2.61292110e-03	1.99837680e-06	3	2.34612310e-03	2.30853620e-05	2	4.04930760e-05	2.40474660e-07	2	false	GAMG	1.48246160e-04	7.72032380e-07	4	true
5540            	DILUPBiCGStab	2.61845560e-03	1.49050040e-06	3	2.31039260e-03	7.46527750e-06	2	4.03117770e-05	2.32902600e-07	2	false	GAMG	1.48452740e-04	7.44063750e-07	4	true
5541            	DILUPBiCGStab	2.62365150e-03	1.32367630e-06	3	2.27305320e-03	4.96184370e-06	2	4.01397930e-05	2.28463360e-07	2	false	GAMG	1.48231470e-04	7.06298820e-07	4	true
5542            	DILUPBiCGStab	2.63008670e-03	1.87575540e-05	2	2.24216250e-03	1.95240290e-05	2	4.00531580e-05	2.27432230e-07	2	false	GAMG	1.47646560e-04	6.85818810e-07	4	true
5543            	DILUPBiCGStab	2.63666110e-03	1.17194530e-05	2	2.22744300e-03	1.94548040e-05	2	4.00065910e-05	2.26654760e-07	2	false	GAMG	1.46848220e-04	6.85612760e-07	4	true
5544            	DILUPBiCGStab	2.64333400e-03	1.30587400e-05	2	2.22675120e-03	5.17835270e-06	2	4.01253170e-05	2.23761440e-07	2	false	GAMG	1.46131860e-04	6.98951850e-07	4	true
5545            	DILUPBiCGStab	2.63934090e-03	1.89417010e-05	2	2.23574110e-03	7.51143690e-06	2	4.01282090e-05	2.23183860e-07	2	false	GAMG	1.45847110e-04	7.16490670e-07	4	true
5546            	DILUPBiCGStab	2.62942050e-03	2.02087270e-05	2	2.25054020e-03	7.58610260e-06	2	4.01269720e-05	2.23086530e-07	2	false	GAMG	1.45856140e-04	7.14201570e-07	4	true
5547            	DILUPBiCGStab	2.62255170e-03	1.42741160e-06	3	2.27021750e-03	5.89966700e-06	2	4.01474190e-05	2.24746020e-07	2	false	GAMG	1.46502050e-04	6.97491130e-07	4	true
5548            	DILUPBiCGStab	2.61518880e-03	1.67218670e-06	3	2.29073610e-03	5.20327610e-06	2	4.01775010e-05	2.27571390e-07	2	false	GAMG	1.47174170e-04	7.04226270e-07	4	true
5549            	DILUPBiCGStab	2.61287340e-03	2.37248910e-05	2	2.31745380e-03	2.29177820e-05	2	4.01809350e-05	2.32113520e-07	2	false	GAMG	1.47808990e-04	7.22827050e-07	4	true
5550            	DILUPBiCGStab	2.61086860e-03	1.55622730e-06	3	2.34651790e-03	2.25941790e-05	2	4.01017220e-05	2.37310130e-07	2	false	GAMG	1.48762460e-04	7.50358650e-07	4	true
5551            	DILUPBiCGStab	2.61524250e-03	1.98579470e-05	2	2.38075690e-03	2.28009450e-05	2	4.00180720e-05	2.42432430e-07	2	false	GAMG	1.48701350e-04	7.63034700e-07	4	true
5552            	DILUPBiCGStab	2.62279170e-03	2.36612910e-05	2	2.41335000e-03	2.19794270e-05	2	3.99193420e-05	2.44668190e-07	2	false	GAMG	1.49101710e-04	7.73171320e-07	4	true
5553            	DILUPBiCGStab	2.63418880e-03	1.33284200e-06	3	2.44079520e-03	6.30263920e-06	2	3.98631030e-05	2.43191760e-07	2	false	GAMG	1.48684660e-04	7.76978760e-07	4	true
5554            	DILUPBiCGStab	2.65666720e-03	1.43410610e-05	2	2.47896140e-03	9.19842310e-06	2	3.98550070e-05	2.39156630e-07	2	false	GAMG	1.47318080e-04	7.70210370e-07	4	true
5555            	DILUPBiCGStab	2.68851650e-03	1.54606020e-05	2	2.50961640e-03	6.19717900e-06	2	3.99065230e-05	2.33483120e-07	2	false	GAMG	1.46198560e-04	7.41885210e-07	4	true
5556            	DILUPBiCGStab	2.72371650e-03	1.29180840e-06	3	2.52777770e-03	2.33293400e-05	2	4.00052060e-05	2.29610480e-07	2	false	GAMG	1.46273160e-04	7.23835600e-07	4	true
5557            	DILUPBiCGStab	2.74326170e-03	1.28585800e-06	3	2.54048190e-03	2.20187330e-05	2	4.01348810e-05	2.27729500e-07	2	false	GAMG	1.46171620e-04	7.22309050e-07	4	true
5558            	DILUPBiCGStab	2.74874080e-03	1.45223180e-06	3	2.54225740e-03	2.24401000e-05	2	4.02071940e-05	2.28038530e-07	2	false	GAMG	1.46041570e-04	7.00235420e-07	4	true
5559            	DILUPBiCGStab	2.73730070e-03	1.40912150e-06	3	2.51733620e-03	5.51599780e-06	2	4.03136560e-05	2.26804410e-07	2	false	GAMG	1.46187700e-04	6.85052750e-07	4	true
5560            	DILUPBiCGStab	2.71554440e-03	1.17099890e-06	3	2.47232750e-03	1.06340130e-05	2	4.02698040e-05	2.26296920e-07	2	false	GAMG	1.46683930e-04	6.70875050e-07	4	true
5561            	DILUPBiCGStab	2.68655940e-03	1.14362580e-06	3	2.41826170e-03	2.28370680e-05	2	4.01599040e-05	2.27157020e-07	2	false	GAMG	1.47256790e-04	6.62112230e-07	4	true
5562            	DILUPBiCGStab	2.65717390e-03	1.22454860e-06	3	2.36610160e-03	2.25271560e-05	2	4.00741760e-05	2.30696530e-07	2	false	GAMG	1.47789090e-04	6.73458250e-07	4	true
5563            	DILUPBiCGStab	2.63311600e-03	1.35160710e-06	3	2.32425970e-03	5.64551650e-06	2	4.00940870e-05	2.33548720e-07	2	false	GAMG	1.48219990e-04	7.06478830e-07	4	true
5564            	DILUPBiCGStab	2.62203850e-03	1.58571840e-06	3	2.30498170e-03	8.02206550e-06	2	4.01328090e-05	2.36430550e-07	2	false	GAMG	1.47790350e-04	7.36387400e-07	4	true
5565            	DILUPBiCGStab	2.62700530e-03	1.82727560e-06	3	2.31144850e-03	1.00176770e-05	2	4.02405920e-05	2.39228340e-07	2	false	GAMG	1.47503150e-04	7.60310670e-07	4	true
5566            	DILUPBiCGStab	2.63266730e-03	1.50930860e-06	3	2.33186580e-03	5.62683700e-06	2	4.03446770e-05	2.41987440e-07	2	false	GAMG	1.47483710e-04	7.64907370e-07	4	true
5567            	DILUPBiCGStab	2.64447010e-03	1.92611170e-06	3	2.36190300e-03	5.15405370e-06	2	4.04664070e-05	2.42970430e-07	2	false	GAMG	1.47946200e-04	7.70501070e-07	4	true
5568            	DILUPBiCGStab	2.64852440e-03	2.57335930e-05	2	2.39513270e-03	2.34201330e-05	2	4.05611200e-05	2.41333710e-07	2	false	GAMG	1.48391830e-04	7.67631700e-07	4	true
5569            	DILUPBiCGStab	2.64711180e-03	2.57887270e-05	2	2.42877440e-03	2.31539940e-05	2	4.05618760e-05	2.37536050e-07	2	false	GAMG	1.49257970e-04	7.65000280e-07	4	true
5570            	DILUPBiCGStab	2.64936760e-03	1.43564160e-06	3	2.45595700e-03	2.28652210e-05	2	4.05458900e-05	2.33640780e-07	2	false	GAMG	1.49136850e-04	7.55716370e-07	4	true
5571            	DILUPBiCGStab	2.65369240e-03	1.31117180e-06	3	2.47383720e-03	2.18989820e-05	2	4.05478380e-05	2.31244490e-07	2	false	GAMG	1.49218810e-04	7.29437920e-07	4	true
5572            	DILUPBiCGStab	2.65999900e-03	1.34379340e-05	2	2.48007990e-03	2.45003360e-05	2	4.06556070e-05	2.31951520e-07	2	false	GAMG	1.49036470e-04	7.05899200e-07	4	true
5573            	DILUPBiCGStab	2.66582200e-03	8.34845300e-06	2	2.47061810e-03	1.68758920e-05	2	4.07422790e-05	2.31085980e-07	2	false	GAMG	1.47880980e-04	6.93568200e-07	4	true
5574            	DILUPBiCGStab	2.66179420e-03	9.76569460e-06	2	2.44557940e-03	1.50512080e-05	2	4.07949550e-05	2.29823200e-07	2	false	GAMG	1.46484020e-04	6.98153470e-07	4	true
5575            	DILUPBiCGStab	2.64554660e-03	1.63451420e-05	2	2.41132140e-03	7.97887070e-06	2	4.07107040e-05	2.28661720e-07	2	false	GAMG	1.46292560e-04	6.97527800e-07	4	true
5576            	DILUPBiCGStab	2.62312010e-03	1.18203050e-06	3	2.36871760e-03	2.35485800e-05	2	4.06452430e-05	2.28577270e-07	2	false	GAMG	1.47229400e-04	6.88873570e-07	4	true
5577            	DILUPBiCGStab	2.60619120e-03	1.34722170e-06	3	2.33107230e-03	2.14105010e-05	2	4.06221960e-05	2.30371640e-07	2	false	GAMG	1.48027970e-04	6.89051510e-07	4	true
5578            	DILUPBiCGStab	2.59553220e-03	1.95372920e-06	3	2.30282270e-03	5.37089380e-06	2	4.06526790e-05	2.34000390e-07	2	false	GAMG	1.48999500e-04	7.09710900e-07	4	true
5579            	DILUPBiCGStab	2.58955140e-03	1.55472270e-06	3	2.28019510e-03	1.05279220e-06	3	4.06033590e-05	2.38653920e-07	2	false	GAMG	1.49438930e-04	7.32490920e-07	4	true
5580            	DILUPBiCGStab	2.58677370e-03	1.23855660e-06	3	2.26802420e-03	4.95097030e-06	2	4.05927250e-05	2.44892740e-07	2	false	GAMG	1.49437240e-04	7.39195750e-07	4	true
5581            	DILUPBiCGStab	2.59484840e-03	1.27584700e-06	3	2.27323780e-03	2.26561970e-05	2	4.05801730e-05	2.49446500e-07	2	false	GAMG	1.49555100e-04	7.47403170e-07	4	true
5582            	DILUPBiCGStab	2.60760050e-03	1.31213620e-06	3	2.28966350e-03	4.92138460e-06	2	4.06187700e-05	2.49355710e-07	2	false	GAMG	1.49628710e-04	7.63319260e-07	4	true
5583            	DILUPBiCGStab	2.62324900e-03	1.88688220e-05	2	2.32388370e-03	8.61366730e-06	2	4.06220930e-05	2.45065950e-07	2	false	GAMG	1.49389120e-04	7.74527740e-07	4	true
5584            	DILUPBiCGStab	2.64164610e-03	1.82733310e-05	2	2.36936030e-03	9.93935070e-06	2	4.06633230e-05	2.39844140e-07	2	false	GAMG	1.49069720e-04	7.59910460e-07	4	true
5585            	DILUPBiCGStab	2.66845240e-03	1.36027810e-05	2	2.41931490e-03	7.32457940e-06	2	4.06686600e-05	2.34365410e-07	2	false	GAMG	1.48410610e-04	7.34881450e-07	4	true
5586            	DILUPBiCGStab	2.68993850e-03	1.43089760e-05	2	2.46753580e-03	5.22748750e-06	2	4.06482580e-05	2.31248090e-07	2	false	GAMG	1.48014650e-04	7.13711900e-07	4	true
5587            	DILUPBiCGStab	2.69912990e-03	1.11509660e-05	2	2.50913460e-03	5.23918660e-06	2	4.06329790e-05	2.29154070e-07	2	false	GAMG	1.47278180e-04	6.89731730e-07	4	true
5588            	DILUPBiCGStab	2.69067050e-03	1.21523620e-05	2	2.53268770e-03	2.25576760e-05	2	4.06330420e-05	2.27335380e-07	2	false	GAMG	1.47128300e-04	6.75406650e-07	4	true
5589            	DILUPBiCGStab	2.67050760e-03	1.81313210e-05	2	2.53993990e-03	2.20972760e-05	2	4.04549270e-05	2.25948870e-07	2	false	GAMG	1.47515600e-04	6.88553540e-07	4	true
5590            	DILUPBiCGStab	2.64242080e-03	1.22160010e-06	3	2.53585660e-03	2.18643500e-05	2	4.02839440e-05	2.25278120e-07	2	false	GAMG	1.47670410e-04	6.91505310e-07	4	true
5591            	DILUPBiCGStab	2.61162830e-03	1.22728980e-06	3	2.51556070e-03	2.25113430e-05	2	4.01537050e-05	2.26592860e-07	2	false	GAMG	1.48607040e-04	6.83098460e-07	4	true
5592            	DILUPBiCGStab	2.58772320e-03	1.90359620e-05	2	2.48598250e-03	1.14035410e-05	2	4.01371370e-05	2.31229830e-07	2	false	GAMG	1.48613340e-04	6.99587230e-07	4	true
5593            	DILUPBiCGStab	2.57976910e-03	1.73477110e-06	3	2.45728680e-03	1.38458300e-05	2	4.01812080e-05	2.35888950e-07	2	false	GAMG	1.47317540e-04	7.20266400e-07	4	true
5594            	DILUPBiCGStab	2.58435050e-03	1.57220550e-06	3	2.43067900e-03	9.18853140e-06	2	4.02002640e-05	2.39812950e-07	2	false	GAMG	1.46572900e-04	7.38527610e-07	4	true
5595            	DILUPBiCGStab	2.59110890e-03	1.36623380e-06	3	2.39880130e-03	5.26081640e-06	2	4.02619460e-05	2.43689910e-07	2	false	GAMG	1.46755930e-04	7.48194250e-07	4	true
5596            	DILUPBiCGStab	2.59875150e-03	1.57777080e-06	3	2.36569380e-03	2.30841770e-05	2	4.03259940e-05	2.44839750e-07	2	false	GAMG	1.47184740e-04	7.60122620e-07	4	true
5597            	DILUPBiCGStab	2.60726560e-03	2.82180610e-06	3	2.33611250e-03	2.31333920e-05	2	4.02688010e-05	2.43737070e-07	2	false	GAMG	1.47791280e-04	7.78410160e-07	4	true
5598            	DILUPBiCGStab	2.60796420e-03	2.49255720e-06	3	2.30205490e-03	7.79427830e-06	2	4.00767560e-05	2.38246270e-07	2	false	GAMG	1.48286200e-04	7.68777830e-07	4	true
5599            	DILUPBiCGStab	2.60869270e-03	1.31648480e-06	3	2.26312760e-03	5.21518470e-06	2	3.98633310e-05	2.32212130e-07	2	false	GAMG	1.48086740e-04	7.40414990e-07	4	true
5600            	DILUPBiCGStab	2.61386500e-03	2.39003880e-05	2	2.23010730e-03	1.98534930e-05	2	3.97061170e-05	2.27769960e-07	2	false	GAMG	1.47358360e-04	7.13446830e-07	4	true
5601            	DILUPBiCGStab	2.62581850e-03	1.57103470e-05	2	2.21552280e-03	1.92688480e-05	2	3.96780230e-05	2.25088340e-07	2	false	GAMG	1.46718690e-04	6.97237100e-07	4	true
5602            	DILUPBiCGStab	2.63876540e-03	1.11325660e-05	2	2.22373170e-03	4.72915760e-06	2	3.96805900e-05	2.23001780e-07	2	false	GAMG	1.46180440e-04	6.98005620e-07	4	true
5603            	DILUPBiCGStab	2.64617260e-03	1.46793090e-05	2	2.23836810e-03	7.33495560e-06	2	3.98116770e-05	2.21689920e-07	2	false	GAMG	1.45408800e-04	7.06732920e-07	4	true
5604            	DILUPBiCGStab	2.64300260e-03	1.92682390e-05	2	2.25767010e-03	7.01667170e-06	2	3.99009540e-05	2.20853570e-07	2	false	GAMG	1.45029100e-04	7.18713930e-07	4	true
5605            	DILUPBiCGStab	2.63184810e-03	1.79215060e-05	2	2.27928020e-03	5.43832950e-06	2	3.98951140e-05	2.22139740e-07	2	false	GAMG	1.45414600e-04	7.07429800e-07	4	true
5606            	DILUPBiCGStab	2.61810240e-03	2.01688220e-05	2	2.29961070e-03	4.99942960e-06	2	3.99047370e-05	2.24140490e-07	2	false	GAMG	1.46242310e-04	6.86288510e-07	4	true
5607            	DILUPBiCGStab	2.60667040e-03	1.74935580e-06	3	2.32009270e-03	2.26217280e-05	2	3.99088820e-05	2.27503850e-07	2	false	GAMG	1.47319580e-04	6.96356040e-07	4	true
5608            	DILUPBiCGStab	2.59874710e-03	1.56398310e-06	3	2.34151460e-03	2.22136930e-05	2	3.98359000e-05	2.31591420e-07	2	false	GAMG	1.48468430e-04	7.40281030e-07	4	true
5609            	DILUPBiCGStab	2.59785630e-03	1.30448860e-06	3	2.36521670e-03	2.24044280e-05	2	3.97546670e-05	2.37144670e-07	2	false	GAMG	1.48313840e-04	7.60702380e-07	4	true
5610            	DILUPBiCGStab	2.60445980e-03	1.79039710e-05	2	2.38970760e-03	2.18929720e-05	2	3.96810090e-05	2.41713270e-07	2	false	GAMG	1.48448050e-04	7.62540500e-07	4	true
5611            	DILUPBiCGStab	2.61553490e-03	1.30495020e-06	3	2.41703050e-03	7.38598580e-06	2	3.96673810e-05	2.44175360e-07	2	false	GAMG	1.48407730e-04	7.67025090e-07	4	true
5612            	DILUPBiCGStab	2.63873910e-03	1.78466920e-05	2	2.44499650e-03	9.96344520e-06	2	3.96756400e-05	2.42711360e-07	2	false	GAMG	1.47276110e-04	7.84973470e-07	4	true
5613            	DILUPBiCGStab	2.66729770e-03	2.29781550e-05	2	2.48049320e-03	7.27331290e-06	2	3.97289840e-05	2.38439900e-07	2	false	GAMG	1.46375820e-04	7.74559670e-07	4	true
5614            	DILUPBiCGStab	2.70127930e-03	1.24473260e-06	3	2.50497940e-03	5.29922160e-06	2	3.97995120e-05	2.33013970e-07	2	false	GAMG	1.46343370e-04	7.41948530e-07	4	true
5615            	DILUPBiCGStab	2.73048190e-03	1.21202080e-06	3	2.52078960e-03	2.24274960e-05	2	3.99115620e-05	2.29951610e-07	2	false	GAMG	1.46553130e-04	7.22811260e-07	4	true
5616            	DILUPBiCGStab	2.74637850e-03	1.34430510e-06	3	2.53305090e-03	2.20812490e-05	2	4.00228790e-05	2.28894380e-07	2	false	GAMG	1.46444510e-04	7.12110910e-07	4	true
5617            	DILUPBiCGStab	2.74464570e-03	1.55439620e-06	3	2.52633150e-03	5.55927990e-06	2	4.01350460e-05	2.27971530e-07	2	false	GAMG	1.46527410e-04	6.89855330e-07	4	true
5618            	DILUPBiCGStab	2.73303910e-03	1.39543700e-06	3	2.49007480e-03	1.34400240e-05	2	4.02170580e-05	2.26894790e-07	2	false	GAMG	1.46604370e-04	6.75916990e-07	4	true
5619            	DILUPBiCGStab	2.71205720e-03	1.17880040e-06	3	2.44203240e-03	2.29546110e-05	2	4.01875240e-05	2.26074230e-07	2	false	GAMG	1.46695450e-04	6.68901020e-07	4	true
5620            	DILUPBiCGStab	2.68168080e-03	1.14337650e-06	3	2.39345580e-03	2.28137490e-05	2	4.00858510e-05	2.27060710e-07	2	false	GAMG	1.47219700e-04	6.68177590e-07	4	true
5621            	DILUPBiCGStab	2.64987970e-03	1.22437340e-06	3	2.34992130e-03	5.78903410e-06	2	4.00319960e-05	2.28762120e-07	2	false	GAMG	1.48101380e-04	6.80175260e-07	4	true
5622            	DILUPBiCGStab	2.62640040e-03	1.38113720e-06	3	2.32132270e-03	7.74383320e-06	2	4.00818520e-05	2.32297360e-07	2	false	GAMG	1.48428390e-04	7.13119230e-07	4	true
5623            	DILUPBiCGStab	2.61982310e-03	1.94686090e-06	3	2.31760570e-03	8.93158250e-06	2	4.01372940e-05	2.35089130e-07	2	false	GAMG	1.48139810e-04	7.41643260e-07	4	true
5624            	DILUPBiCGStab	2.62637730e-03	1.63291020e-06	3	2.33481990e-03	6.72870210e-06	2	4.01974720e-05	2.39111550e-07	2	false	GAMG	1.47838120e-04	7.55328310e-07	4	true
5625            	DILUPBiCGStab	2.63260150e-03	1.72513510e-06	3	2.35600690e-03	5.08092650e-06	2	4.02752770e-05	2.43140480e-07	2	false	GAMG	1.47854100e-04	7.55768410e-07	4	true
5626            	DILUPBiCGStab	2.63851720e-03	1.96318810e-06	3	2.38509890e-03	2.35268330e-05	2	4.04188460e-05	2.44201220e-07	2	false	GAMG	1.48200590e-04	7.61250970e-07	4	true
5627            	DILUPBiCGStab	2.63689270e-03	1.92582590e-06	3	2.41597100e-03	2.32838500e-05	2	4.03927000e-05	2.42383190e-07	2	false	GAMG	1.49000430e-04	7.75677210e-07	4	true
5628            	DILUPBiCGStab	2.62765400e-03	1.33932330e-06	3	2.44384880e-03	2.32534630e-05	2	4.02897620e-05	2.39412860e-07	2	false	GAMG	1.49093870e-04	7.76396330e-07	4	true
5629            	DILUPBiCGStab	2.62912100e-03	1.32296180e-06	3	2.45889510e-03	2.24142590e-05	2	4.03051870e-05	2.34467100e-07	2	false	GAMG	1.48926860e-04	7.57268660e-07	4	true
5630            	DILUPBiCGStab	2.63782080e-03	2.00322680e-05	2	2.46429470e-03	2.27680520e-05	2	4.03946610e-05	2.31437020e-07	2	false	GAMG	1.49068730e-04	7.27977620e-07	4	true
5631            	DILUPBiCGStab	2.64892700e-03	8.64468800e-06	2	2.46222120e-03	1.35531090e-05	2	4.04895000e-05	2.30329920e-07	2	false	GAMG	1.48056390e-04	7.01719530e-07	4	true
5632            	DILUPBiCGStab	2.65478810e-03	8.24187010e-06	2	2.44692800e-03	1.55280090e-05	2	4.05113640e-05	2.29644940e-07	2	false	GAMG	1.46584160e-04	6.89875360e-07	4	true
5633            	DILUPBiCGStab	2.64995890e-03	1.34584320e-05	2	2.41570000e-03	7.87305940e-06	2	4.05901310e-05	2.27380710e-07	2	false	GAMG	1.45961680e-04	6.91070760e-07	4	true
5634            	DILUPBiCGStab	2.63058620e-03	2.01698200e-05	2	2.37730740e-03	2.34937070e-05	2	4.04993610e-05	2.26770100e-07	2	false	GAMG	1.46462790e-04	6.95434950e-07	4	true
5635            	DILUPBiCGStab	2.60673530e-03	2.37127170e-05	2	2.33556870e-03	2.06742160e-05	2	4.04337700e-05	2.27470010e-07	2	false	GAMG	1.47349600e-04	6.85190390e-07	4	true
5636            	DILUPBiCGStab	2.58731630e-03	1.88028330e-06	3	2.29960990e-03	5.16156580e-06	2	4.03886170e-05	2.30394420e-07	2	false	GAMG	1.48275850e-04	6.83840600e-07	4	true
5637            	DILUPBiCGStab	2.57373860e-03	1.91922570e-06	3	2.26394290e-03	1.05924120e-06	3	4.03122000e-05	2.33326490e-07	2	false	GAMG	1.49197310e-04	7.14184350e-07	4	true
5638            	DILUPBiCGStab	2.56569580e-03	1.34232730e-06	3	2.24100640e-03	5.33339710e-06	2	4.02623070e-05	2.38993200e-07	2	false	GAMG	1.49149900e-04	7.37162800e-07	4	true
5639            	DILUPBiCGStab	2.56792890e-03	1.23574630e-06	3	2.23382190e-03	2.20515380e-05	2	4.02500110e-05	2.44697640e-07	2	false	GAMG	1.48694360e-04	7.41328850e-07	4	true
5640            	DILUPBiCGStab	2.58000210e-03	1.27293690e-06	3	2.24999130e-03	5.00698780e-06	2	4.02846430e-05	2.48406700e-07	2	false	GAMG	1.48875920e-04	7.49356700e-07	4	true
5641            	DILUPBiCGStab	2.59879140e-03	1.31725880e-06	3	2.27849690e-03	7.38494090e-06	2	4.03157360e-05	2.46877900e-07	2	false	GAMG	1.48929560e-04	7.73189300e-07	4	true
5642            	DILUPBiCGStab	2.61870730e-03	1.52291930e-06	3	2.32209640e-03	1.14562680e-05	2	4.03559900e-05	2.43890520e-07	2	false	GAMG	1.48856040e-04	7.87434240e-07	4	true
5643            	DILUPBiCGStab	2.64227770e-03	2.27639140e-05	2	2.37813470e-03	8.74224410e-06	2	4.03922420e-05	2.38076410e-07	2	false	GAMG	1.48540370e-04	7.66155680e-07	4	true
5644            	DILUPBiCGStab	2.66804540e-03	1.41548070e-05	2	2.43199040e-03	5.56714200e-06	2	4.03644660e-05	2.33618020e-07	2	false	GAMG	1.48189550e-04	7.29936990e-07	4	true
5645            	DILUPBiCGStab	2.68396770e-03	1.15618240e-05	2	2.47955850e-03	2.29620630e-05	2	4.03173540e-05	2.30204350e-07	2	false	GAMG	1.47764240e-04	6.99290980e-07	4	true
5646            	DILUPBiCGStab	2.68750090e-03	1.12488920e-05	2	2.51838360e-03	2.23213090e-05	2	4.02057830e-05	2.27714320e-07	2	false	GAMG	1.47418090e-04	6.85907770e-07	4	true
5647            	DILUPBiCGStab	2.67602400e-03	1.75206390e-05	2	2.53849830e-03	2.20280590e-05	2	4.01658650e-05	2.26259140e-07	2	false	GAMG	1.47275520e-04	6.87613410e-07	4	true
5648            	DILUPBiCGStab	2.65872890e-03	1.28268660e-06	3	2.54188690e-03	2.18194980e-05	2	4.00302870e-05	2.24076950e-07	2	false	GAMG	1.46958770e-04	6.95170790e-07	4	true
5649            	DILUPBiCGStab	2.63237730e-03	1.24276910e-06	3	2.52690520e-03	2.18252170e-05	2	3.98572570e-05	2.23717900e-07	2	false	GAMG	1.47398680e-04	6.89110960e-07	4	true
5650            	DILUPBiCGStab	2.60166470e-03	1.37765730e-05	2	2.49908580e-03	1.35691490e-05	2	3.97203430e-05	2.25031140e-07	2	false	GAMG	1.47485300e-04	6.81905890e-07	4	true
5651            	DILUPBiCGStab	2.58274670e-03	1.62136500e-05	2	2.46508000e-03	1.36245310e-05	2	3.97313780e-05	2.29598990e-07	2	false	GAMG	1.46804760e-04	6.92352620e-07	4	true
5652            	DILUPBiCGStab	2.57804750e-03	1.64017840e-06	3	2.43219440e-03	8.10976570e-06	2	3.97555900e-05	2.33920750e-07	2	false	GAMG	1.46286810e-04	7.16243910e-07	4	true
5653            	DILUPBiCGStab	2.58119330e-03	1.46030140e-06	3	2.39868420e-03	5.54929400e-06	2	3.97983860e-05	2.38341740e-07	2	false	GAMG	1.46313150e-04	7.33787820e-07	4	true
5654            	DILUPBiCGStab	2.58822380e-03	1.50104050e-06	3	2.36078100e-03	2.30881120e-05	2	3.97659100e-05	2.42405690e-07	2	false	GAMG	1.46383600e-04	7.45212790e-07	4	true
5655            	DILUPBiCGStab	2.59255200e-03	2.85398950e-06	3	2.32495200e-03	2.28714460e-05	2	3.97667310e-05	2.44590460e-07	2	false	GAMG	1.46843260e-04	7.55228360e-07	4	true
5656            	DILUPBiCGStab	2.59734950e-03	4.10084730e-06	3	2.28908330e-03	6.54283680e-06	2	3.96741290e-05	2.41521990e-07	2	false	GAMG	1.47768400e-04	7.71540580e-07	4	true
5657            	DILUPBiCGStab	2.59485560e-03	1.52954600e-06	3	2.25115290e-03	5.96858750e-06	2	3.94701340e-05	2.37170020e-07	2	false	GAMG	1.47926250e-04	7.63507110e-07	4	true
5658            	DILUPBiCGStab	2.59567780e-03	1.25360280e-06	3	2.21708040e-03	2.04421470e-05	2	3.93267800e-05	2.32206260e-07	2	false	GAMG	1.47241410e-04	7.42122710e-07	4	true
5659            	DILUPBiCGStab	2.60622260e-03	2.10482110e-05	2	2.19776710e-03	1.91420560e-05	2	3.92123990e-05	2.26377160e-07	2	false	GAMG	1.46361270e-04	7.22922620e-07	4	true
5660            	DILUPBiCGStab	2.62551090e-03	1.45268580e-05	2	2.20643570e-03	4.56766830e-06	2	3.92405970e-05	2.21302710e-07	2	false	GAMG	1.46013080e-04	7.08860090e-07	4	true
5661            	DILUPBiCGStab	2.64011880e-03	1.31710610e-05	2	2.23062420e-03	6.07094240e-06	2	3.93809480e-05	2.20509080e-07	2	false	GAMG	1.45678780e-04	7.07502630e-07	4	true
5662            	DILUPBiCGStab	2.64851390e-03	1.52969470e-05	2	2.25697170e-03	6.66037580e-06	2	3.95460400e-05	2.19823770e-07	2	false	GAMG	1.44988750e-04	7.09723810e-07	4	true
5663            	DILUPBiCGStab	2.64524090e-03	1.63579990e-05	2	2.28423260e-03	5.17082370e-06	2	3.96416220e-05	2.20002780e-07	2	false	GAMG	1.44628230e-04	7.10449370e-07	4	true
5664            	DILUPBiCGStab	2.62814270e-03	1.59017040e-05	2	2.30619950e-03	4.76118730e-06	2	3.96227740e-05	2.21835420e-07	2	false	GAMG	1.45343260e-04	6.92880400e-07	4	true
5665            	DILUPBiCGStab	2.60734500e-03	1.82512330e-05	2	2.32500900e-03	2.19343190e-05	2	3.96212440e-05	2.24189450e-07	2	false	GAMG	1.46602700e-04	6.78794720e-07	4	true
5666            	DILUPBiCGStab	2.59110310e-03	1.67256450e-06	3	2.34204630e-03	2.18514140e-05	2	3.95709900e-05	2.27591290e-07	2	false	GAMG	1.48041540e-04	7.08602800e-07	4	true
5667            	DILUPBiCGStab	2.58391140e-03	1.46600320e-06	3	2.35758740e-03	2.20215820e-05	2	3.95089270e-05	2.32092550e-07	2	false	GAMG	1.48471380e-04	7.49821010e-07	4	true
5668            	DILUPBiCGStab	2.58555650e-03	1.27892800e-06	3	2.37074460e-03	2.16446580e-05	2	3.94958890e-05	2.36894580e-07	2	false	GAMG	1.48428460e-04	7.59265470e-07	4	true
5669            	DILUPBiCGStab	2.59360220e-03	1.32713320e-06	3	2.38548960e-03	5.70391390e-06	2	3.94674790e-05	2.41402760e-07	2	false	GAMG	1.48214690e-04	7.52938480e-07	4	true
5670            	DILUPBiCGStab	2.61549820e-03	1.96006010e-05	2	2.41357180e-03	1.36893770e-05	2	3.94896120e-05	2.43611630e-07	2	false	GAMG	1.47485320e-04	7.67188790e-07	4	true
5671            	DILUPBiCGStab	2.64503160e-03	1.51097490e-06	3	2.44166810e-03	7.27781390e-06	2	3.95756200e-05	2.42079420e-07	2	false	GAMG	1.46609550e-04	7.82879970e-07	4	true
5672            	DILUPBiCGStab	2.67651880e-03	1.25024180e-06	3	2.46829730e-03	5.59739180e-06	2	3.96411640e-05	2.37908020e-07	2	false	GAMG	1.46749110e-04	7.73503140e-07	4	true
5673            	DILUPBiCGStab	2.70486700e-03	1.16189690e-06	3	2.49011060e-03	2.31818430e-05	2	3.97216620e-05	2.33450670e-07	2	false	GAMG	1.46747030e-04	7.45461630e-07	4	true
5674            	DILUPBiCGStab	2.72814090e-03	1.23290470e-06	3	2.50594650e-03	2.24650890e-05	2	3.97781200e-05	2.31250930e-07	2	false	GAMG	1.46751900e-04	7.16230590e-07	4	true
5675            	DILUPBiCGStab	2.73584580e-03	1.44263580e-06	3	2.51033860e-03	2.38148880e-05	2	3.98615340e-05	2.29109840e-07	2	false	GAMG	1.47004170e-04	6.97724880e-07	4	true
5676            	DILUPBiCGStab	2.73132200e-03	1.50936470e-06	3	2.49048590e-03	1.39723840e-05	2	3.99854510e-05	2.27688540e-07	2	false	GAMG	1.46508490e-04	6.79639200e-07	4	true
5677            	DILUPBiCGStab	2.71900740e-03	1.33387120e-06	3	2.45158050e-03	2.29852580e-05	2	3.99807700e-05	2.26780250e-07	2	false	GAMG	1.46374750e-04	6.70789370e-07	4	true
5678            	DILUPBiCGStab	2.69720140e-03	2.60542680e-05	2	2.40880980e-03	2.20187360e-05	2	3.99368510e-05	2.26140990e-07	2	false	GAMG	1.46321690e-04	6.72910160e-07	4	true
5679            	DILUPBiCGStab	2.66705210e-03	2.07325040e-05	2	2.36858440e-03	5.98479670e-06	2	3.98441570e-05	2.25414110e-07	2	false	GAMG	1.46955230e-04	6.74942400e-07	4	true
5680            	DILUPBiCGStab	2.63478190e-03	1.22178520e-06	3	2.33641150e-03	8.72440880e-06	2	3.98132270e-05	2.27312000e-07	2	false	GAMG	1.47628660e-04	6.85589040e-07	4	true
5681            	DILUPBiCGStab	2.61317680e-03	1.42103860e-06	3	2.32262190e-03	8.39825950e-06	2	3.98502520e-05	2.30633420e-07	2	false	GAMG	1.47833620e-04	7.15910840e-07	4	true
5682            	DILUPBiCGStab	2.61033140e-03	1.56361190e-06	3	2.33017380e-03	6.75723100e-06	2	3.98825290e-05	2.34431110e-07	2	false	GAMG	1.47771660e-04	7.36260660e-07	4	true
5683            	DILUPBiCGStab	2.61637910e-03	1.85850990e-06	3	2.34820100e-03	5.17538660e-06	2	3.99481930e-05	2.39753740e-07	2	false	GAMG	1.47761590e-04	7.42523650e-07	4	true
5684            	DILUPBiCGStab	2.61962540e-03	1.85143470e-06	3	2.37148730e-03	2.34165490e-05	2	4.01015450e-05	2.43800630e-07	2	false	GAMG	1.47825190e-04	7.43077270e-07	4	true
5685            	DILUPBiCGStab	2.62099460e-03	2.01609180e-06	3	2.39819340e-03	2.32075930e-05	2	4.01261780e-05	2.44774520e-07	2	false	GAMG	1.48656510e-04	7.66096110e-07	4	true
5686            	DILUPBiCGStab	2.61564830e-03	1.79501960e-06	3	2.42477400e-03	2.33916220e-05	2	4.00849290e-05	2.43536490e-07	2	false	GAMG	1.49072730e-04	7.86604490e-07	4	true
5687            	DILUPBiCGStab	2.60965780e-03	1.37104640e-06	3	2.44173900e-03	2.27980150e-05	2	4.00632800e-05	2.40338110e-07	2	false	GAMG	1.49190920e-04	7.78637310e-07	4	true
5688            	DILUPBiCGStab	2.61351730e-03	2.52735610e-05	2	2.44560190e-03	2.22703730e-05	2	4.00988570e-05	2.34812280e-07	2	false	GAMG	1.49016400e-04	7.56342060e-07	4	true
5689            	DILUPBiCGStab	2.62553670e-03	9.31772700e-06	2	2.44319690e-03	1.20154460e-05	2	4.01374650e-05	2.30042160e-07	2	false	GAMG	1.47908010e-04	7.24724450e-07	4	true
5690            	DILUPBiCGStab	2.63709350e-03	8.65034350e-06	2	2.43385770e-03	1.51211800e-05	2	4.01840150e-05	2.27811760e-07	2	false	GAMG	1.46724990e-04	6.97200440e-07	4	true
5691            	DILUPBiCGStab	2.64233210e-03	1.03187920e-05	2	2.41236880e-03	7.86618120e-06	2	4.01576900e-05	2.26635280e-07	2	false	GAMG	1.45967650e-04	6.83944350e-07	4	true
5692            	DILUPBiCGStab	2.63269210e-03	1.58006900e-05	2	2.37844720e-03	4.81547360e-06	2	4.01768570e-05	2.25234620e-07	2	false	GAMG	1.45831060e-04	6.83855740e-07	4	true
5693            	DILUPBiCGStab	2.61138260e-03	1.86008790e-05	2	2.33795950e-03	2.05467090e-05	2	4.01058590e-05	2.24742500e-07	2	false	GAMG	1.46138790e-04	6.86712390e-07	4	true
5694            	DILUPBiCGStab	2.58482970e-03	2.57645670e-05	2	2.29856870e-03	4.77967820e-06	2	3.99952000e-05	2.26917000e-07	2	false	GAMG	1.47121870e-04	6.79769210e-07	4	true
5695            	DILUPBiCGStab	2.56237210e-03	1.63628180e-06	3	2.25745140e-03	1.03923810e-06	3	3.98910590e-05	2.28903770e-07	2	false	GAMG	1.48084680e-04	6.84153510e-07	4	true
5696            	DILUPBiCGStab	2.54470370e-03	1.54729560e-06	3	2.22471320e-03	5.51848690e-06	2	3.98386340e-05	2.33596120e-07	2	false	GAMG	1.48770250e-04	7.16204900e-07	4	true
5697            	DILUPBiCGStab	2.54117960e-03	2.10693280e-05	2	2.20623750e-03	4.79470200e-06	2	3.97965420e-05	2.38485890e-07	2	false	GAMG	1.48367620e-04	7.37783720e-07	4	true
5698            	DILUPBiCGStab	2.54752930e-03	1.30270890e-06	3	2.21027340e-03	5.15607170e-06	2	3.97683190e-05	2.42889610e-07	2	false	GAMG	1.47924940e-04	7.43138890e-07	4	true
5699            	DILUPBiCGStab	2.56668430e-03	1.29357380e-06	3	2.23596750e-03	7.43523810e-06	2	3.98051910e-05	2.44672140e-07	2	false	GAMG	1.47949610e-04	7.57158700e-07	4	true
5700            	DILUPBiCGStab	2.58927740e-03	1.39699760e-06	3	2.27624610e-03	1.03854650e-05	2	3.98706320e-05	2.44891790e-07	2	false	GAMG	1.48097220e-04	7.81616320e-07	4	true
5701            	DILUPBiCGStab	2.61586490e-03	1.42526250e-06	3	2.32857120e-03	9.18783790e-06	2	3.99377120e-05	2.42101640e-07	2	false	GAMG	1.47936500e-04	7.93131540e-07	4	true
5702            	DILUPBiCGStab	2.63906450e-03	1.43036190e-06	3	2.38931770e-03	5.95800570e-06	2	3.99261790e-05	2.36791740e-07	2	false	GAMG	1.47685640e-04	7.66082170e-07	4	true
5703            	DILUPBiCGStab	2.65754670e-03	1.34190920e-05	2	2.44193790e-03	2.42702280e-05	2	3.98695600e-05	2.32772270e-07	2	false	GAMG	1.47324050e-04	7.19357760e-07	4	true
5704            	DILUPBiCGStab	2.66885330e-03	1.15565850e-05	2	2.48585340e-03	2.23938770e-05	2	3.97990890e-05	2.28798740e-07	2	false	GAMG	1.47496630e-04	6.90765350e-07	4	true
5705            	DILUPBiCGStab	2.66992490e-03	1.33118880e-05	2	2.52052770e-03	2.22526760e-05	2	3.96777090e-05	2.26427040e-07	2	false	GAMG	1.47071910e-04	6.95361700e-07	4	true
5706            	DILUPBiCGStab	2.66088190e-03	1.47975400e-06	3	2.53670640e-03	2.18025350e-05	2	3.96357430e-05	2.24598500e-07	2	false	GAMG	1.46533040e-04	6.94184460e-07	4	true
5707            	DILUPBiCGStab	2.64640850e-03	1.32945920e-06	3	2.53010610e-03	2.11095010e-05	2	3.95542930e-05	2.22490970e-07	2	false	GAMG	1.46611530e-04	6.91862240e-07	4	true
5708            	DILUPBiCGStab	2.62374060e-03	1.30586060e-05	2	2.50927070e-03	1.45967850e-05	2	3.94851660e-05	2.22251730e-07	2	false	GAMG	1.46640610e-04	6.85331170e-07	4	true
5709            	DILUPBiCGStab	2.59957610e-03	1.26890080e-05	2	2.47853750e-03	1.83254210e-05	2	3.94496680e-05	2.23653830e-07	2	false	GAMG	1.46188450e-04	6.82225990e-07	4	true
5710            	DILUPBiCGStab	2.58465150e-03	2.32207590e-05	2	2.44099220e-03	8.24255040e-06	2	3.94522770e-05	2.27346310e-07	2	false	GAMG	1.46018820e-04	6.90439840e-07	4	true
5711            	DILUPBiCGStab	2.58053640e-03	1.56316060e-06	3	2.39992730e-03	5.36003530e-06	2	3.95212900e-05	2.31983690e-07	2	false	GAMG	1.46766040e-04	7.15414800e-07	4	true
5712            	DILUPBiCGStab	2.58353390e-03	2.41366380e-05	2	2.36139460e-03	2.31671590e-05	2	3.95409810e-05	2.36880690e-07	2	false	GAMG	1.46756610e-04	7.29813940e-07	4	true
5713            	DILUPBiCGStab	2.58692300e-03	1.81187390e-05	2	2.32100220e-03	2.27666050e-05	2	3.95247460e-05	2.41876540e-07	2	false	GAMG	1.46858460e-04	7.39808440e-07	4	true
5714            	DILUPBiCGStab	2.58751080e-03	3.72162380e-06	3	2.28067040e-03	5.68220900e-06	2	3.94147490e-05	2.41964030e-07	2	false	GAMG	1.47701960e-04	7.52361980e-07	4	true
5715            	DILUPBiCGStab	2.58900680e-03	2.49079770e-06	3	2.24003750e-03	6.03015650e-06	2	3.92806610e-05	2.40185620e-07	2	false	GAMG	1.48173100e-04	7.65173640e-07	4	true
5716            	DILUPBiCGStab	2.58789110e-03	1.35117290e-06	3	2.20398960e-03	2.10585400e-05	2	3.91043740e-05	2.36915310e-07	2	false	GAMG	1.47827660e-04	7.61088380e-07	4	true
5717            	DILUPBiCGStab	2.59458940e-03	1.23690010e-06	3	2.18418840e-03	1.99116950e-05	2	3.89885170e-05	2.31382840e-07	2	false	GAMG	1.47056170e-04	7.47418500e-07	4	true
5718            	DILUPBiCGStab	2.61206590e-03	1.63097030e-05	2	2.18717050e-03	2.05335630e-05	2	3.89274070e-05	2.23031640e-07	2	false	GAMG	1.46324240e-04	7.31171050e-07	4	true
5719            	DILUPBiCGStab	2.63133970e-03	1.81176950e-05	2	2.21363690e-03	5.16682150e-06	2	3.90744040e-05	2.19153420e-07	2	false	GAMG	1.46069590e-04	7.20670960e-07	4	true
5720            	DILUPBiCGStab	2.64445500e-03	1.50170860e-05	2	2.24866830e-03	6.26186600e-06	2	3.92605270e-05	2.18307180e-07	2	false	GAMG	1.45694970e-04	7.11279930e-07	4	true
5721            	DILUPBiCGStab	2.65154900e-03	1.32512150e-05	2	2.28440700e-03	5.01837170e-06	2	3.94107340e-05	2.19572100e-07	2	false	GAMG	1.45499270e-04	7.05416870e-07	4	true
5722            	DILUPBiCGStab	2.64552510e-03	1.40594910e-05	2	2.31151700e-03	2.26703760e-05	2	3.95040950e-05	2.19939430e-07	2	false	GAMG	1.45340320e-04	6.94250640e-07	4	true
5723            	DILUPBiCGStab	2.62345910e-03	1.46786360e-05	2	2.33351590e-03	2.12617330e-05	2	3.95370420e-05	2.22229700e-07	2	false	GAMG	1.46249460e-04	6.82544070e-07	4	true
5724            	DILUPBiCGStab	2.59603840e-03	2.16188290e-05	2	2.34814440e-03	2.15327800e-05	2	3.93751130e-05	2.24247020e-07	2	false	GAMG	1.47753770e-04	6.90075670e-07	4	true
5725            	DILUPBiCGStab	2.57702570e-03	1.63778510e-06	3	2.35961400e-03	2.17410370e-05	2	3.92814630e-05	2.28492700e-07	2	false	GAMG	1.48373080e-04	7.22172490e-07	4	true
5726            	DILUPBiCGStab	2.56973670e-03	1.60389320e-06	3	2.36271350e-03	2.13724480e-05	2	3.92081910e-05	2.32452930e-07	2	false	GAMG	1.48562220e-04	7.48597290e-07	4	true
5727            	DILUPBiCGStab	2.57187780e-03	1.32420210e-06	3	2.36674550e-03	6.25865070e-06	2	3.91648100e-05	2.36941480e-07	2	false	GAMG	1.48080030e-04	7.50317530e-07	4	true
5728            	DILUPBiCGStab	2.58451610e-03	2.40628100e-05	2	2.37627000e-03	9.13140610e-06	2	3.91404550e-05	2.40643240e-07	2	false	GAMG	1.47014070e-04	7.49175940e-07	4	true
5729            	DILUPBiCGStab	2.61156350e-03	1.53008810e-06	3	2.40549860e-03	8.81865610e-06	2	3.92200220e-05	2.42910890e-07	2	false	GAMG	1.46055100e-04	7.63009060e-07	4	true
5730            	DILUPBiCGStab	2.64351920e-03	1.27022260e-06	3	2.42474140e-03	5.46963180e-06	2	3.92994140e-05	2.41583530e-07	2	false	GAMG	1.46190370e-04	7.77344830e-07	4	true
5731            	DILUPBiCGStab	2.67201790e-03	2.47041150e-05	2	2.44644270e-03	2.38055060e-05	2	3.93503550e-05	2.38717010e-07	2	false	GAMG	1.46362110e-04	7.75488830e-07	4	true
5732            	DILUPBiCGStab	2.69212750e-03	1.17197050e-06	3	2.46836660e-03	2.29032440e-05	2	3.93781240e-05	2.34979190e-07	2	false	GAMG	1.46137880e-04	7.43960460e-07	4	true
5733            	DILUPBiCGStab	2.70598670e-03	1.21650860e-06	3	2.47667240e-03	2.38580410e-05	2	3.94331860e-05	2.31909910e-07	2	false	GAMG	1.46370900e-04	7.02366260e-07	4	true
5734            	DILUPBiCGStab	2.70972010e-03	1.33409310e-06	3	2.46776290e-03	9.75564040e-06	2	3.94202440e-05	2.29326030e-07	2	false	GAMG	1.46233090e-04	6.84653370e-07	4	true
5735            	DILUPBiCGStab	2.70614100e-03	1.39091750e-06	3	2.44182900e-03	2.24728180e-05	2	3.95712520e-05	2.28053970e-07	2	false	GAMG	1.45736400e-04	6.74852440e-07	4	true
5736            	DILUPBiCGStab	2.69443980e-03	1.33317680e-06	3	2.40969330e-03	2.13706640e-05	2	3.95914740e-05	2.26397660e-07	2	false	GAMG	1.45284890e-04	6.74067870e-07	4	true
5737            	DILUPBiCGStab	2.67334830e-03	1.94391610e-05	2	2.37625520e-03	5.71513400e-06	2	3.95556860e-05	2.24259670e-07	2	false	GAMG	1.45534320e-04	6.77584370e-07	4	true
5738            	DILUPBiCGStab	2.64335160e-03	1.17430290e-06	3	2.34608190e-03	1.07110670e-05	2	3.94943530e-05	2.24181240e-07	2	false	GAMG	1.46082190e-04	6.85414990e-07	4	true
5739            	DILUPBiCGStab	2.61165510e-03	1.18364270e-06	3	2.32728810e-03	1.08036910e-05	2	3.94876460e-05	2.25122800e-07	2	false	GAMG	1.46694900e-04	6.89363480e-07	4	true
5740            	DILUPBiCGStab	2.59384340e-03	1.26352070e-06	3	2.32618930e-03	6.42844960e-06	2	3.95295990e-05	2.29035960e-07	2	false	GAMG	1.47194200e-04	7.09330240e-07	4	true
5741            	DILUPBiCGStab	2.59283310e-03	1.96092930e-06	3	2.33791520e-03	5.33537390e-06	2	3.96013880e-05	2.34103310e-07	2	false	GAMG	1.47478730e-04	7.19872290e-07	4	true
5742            	DILUPBiCGStab	2.59383300e-03	1.88717770e-06	3	2.35569700e-03	2.34408130e-05	2	3.97104670e-05	2.39513620e-07	2	false	GAMG	1.47630920e-04	7.25702010e-07	4	true
5743            	DILUPBiCGStab	2.59402020e-03	2.16974070e-06	3	2.37821230e-03	2.29925170e-05	2	3.97417680e-05	2.43501480e-07	2	false	GAMG	1.48306470e-04	7.50113080e-07	4	true
5744            	DILUPBiCGStab	2.59141300e-03	2.01133770e-06	3	2.40157020e-03	2.33116660e-05	2	3.97147400e-05	2.45156860e-07	2	false	GAMG	1.48824150e-04	7.76985960e-07	4	true
5745            	DILUPBiCGStab	2.58866400e-03	1.57916760e-05	2	2.41726910e-03	2.29517150e-05	2	3.97149560e-05	2.43849650e-07	2	false	GAMG	1.48917360e-04	7.85713360e-07	4	true
5746            	DILUPBiCGStab	2.58719910e-03	1.36192290e-06	3	2.42219200e-03	2.26153460e-05	2	3.97032050e-05	2.39803590e-07	2	false	GAMG	1.48973620e-04	7.74254570e-07	4	true
5747            	DILUPBiCGStab	2.59207610e-03	9.87343480e-06	2	2.41861300e-03	9.86160530e-06	2	3.96763380e-05	2.33550310e-07	2	false	GAMG	1.47864580e-04	7.51476580e-07	4	true
5748            	DILUPBiCGStab	2.60554330e-03	8.88141400e-06	2	2.40913770e-03	1.39735600e-05	2	3.97036830e-05	2.27542080e-07	2	false	GAMG	1.46303510e-04	7.22145430e-07	4	true
5749            	DILUPBiCGStab	2.61654920e-03	1.19746560e-05	2	2.39230300e-03	8.31798380e-06	2	3.97477280e-05	2.23825540e-07	2	false	GAMG	1.45584650e-04	6.93346060e-07	4	true
5750            	DILUPBiCGStab	2.61620620e-03	1.23696170e-05	2	2.36780940e-03	4.78556800e-06	2	3.97370590e-05	2.23870530e-07	2	false	GAMG	1.45878630e-04	6.80532310e-07	4	true
5751            	DILUPBiCGStab	2.60674720e-03	1.44320430e-05	2	2.33335980e-03	2.05955350e-05	2	3.97386930e-05	2.22499670e-07	2	false	GAMG	1.45734220e-04	6.74475990e-07	4	true
5752            	DILUPBiCGStab	2.58470010e-03	1.78143670e-05	2	2.29566380e-03	2.22544790e-05	2	3.96550030e-05	2.23620520e-07	2	false	GAMG	1.46061960e-04	6.73255190e-07	4	true
5753            	DILUPBiCGStab	2.55488130e-03	2.32441440e-05	2	2.25344330e-03	2.15312760e-05	2	3.94672840e-05	2.24673090e-07	2	false	GAMG	1.46998990e-04	6.74762390e-07	4	true
5754            	DILUPBiCGStab	2.52675130e-03	2.44334420e-05	2	2.21363030e-03	5.40794480e-06	2	3.93544120e-05	2.28202400e-07	2	false	GAMG	1.47695140e-04	6.88591120e-07	4	true
5755            	DILUPBiCGStab	2.51282520e-03	2.47666210e-05	2	2.18607200e-03	4.71173150e-06	2	3.93165660e-05	2.32807910e-07	2	false	GAMG	1.47913260e-04	7.13977180e-07	4	true
5756            	DILUPBiCGStab	2.51518900e-03	1.68282740e-05	2	2.17997350e-03	5.26405940e-06	2	3.93113500e-05	2.36641090e-07	2	false	GAMG	1.47410780e-04	7.33845010e-07	4	true
5757            	DILUPBiCGStab	2.52614890e-03	1.34112320e-06	3	2.19340120e-03	7.11950720e-06	2	3.92962680e-05	2.38314590e-07	2	false	GAMG	1.47085580e-04	7.44662260e-07	4	true
5758            	DILUPBiCGStab	2.54703410e-03	1.35217940e-06	3	2.22894720e-03	9.60101280e-06	2	3.93206940e-05	2.41757700e-07	2	false	GAMG	1.46968400e-04	7.60117310e-07	4	true
5759            	DILUPBiCGStab	2.57499780e-03	1.35464260e-06	3	2.28051130e-03	9.14205450e-06	2	3.94118900e-05	2.42093050e-07	2	false	GAMG	1.46854950e-04	7.79887700e-07	4	true
5760            	DILUPBiCGStab	2.60301390e-03	1.47935380e-06	3	2.33562870e-03	5.89161990e-06	2	3.93724610e-05	2.40311230e-07	2	false	GAMG	1.46895740e-04	7.85609520e-07	4	true
5761            	DILUPBiCGStab	2.62202700e-03	2.28031640e-05	2	2.39470310e-03	5.30278030e-06	2	3.93312710e-05	2.35356370e-07	2	false	GAMG	1.46547720e-04	7.57105200e-07	4	true
5762            	DILUPBiCGStab	2.63673390e-03	1.33596160e-05	2	2.44416730e-03	2.30772170e-05	2	3.92172100e-05	2.31413080e-07	2	false	GAMG	1.46586480e-04	7.10109920e-07	4	true
5763            	DILUPBiCGStab	2.64336860e-03	1.29576380e-05	2	2.48328730e-03	2.26811960e-05	2	3.90767190e-05	2.27243260e-07	2	false	GAMG	1.46890740e-04	6.96963490e-07	4	true
5764            	DILUPBiCGStab	2.64509470e-03	1.38272280e-06	3	2.51278900e-03	2.22687400e-05	2	3.90464380e-05	2.24474250e-07	2	false	GAMG	1.45703360e-04	6.96928790e-07	4	true
5765            	DILUPBiCGStab	2.63961230e-03	1.46685300e-06	3	2.52063940e-03	2.08808870e-05	2	3.89551350e-05	2.22563120e-07	2	false	GAMG	1.45521270e-04	6.91628970e-07	4	true
5766            	DILUPBiCGStab	2.62912920e-03	1.24017870e-05	2	2.51104380e-03	9.59165340e-06	2	3.89839850e-05	2.20757230e-07	2	false	GAMG	1.45232610e-04	6.87583040e-07	4	true
5767            	DILUPBiCGStab	2.61374760e-03	1.15061210e-05	2	2.48578260e-03	2.09105000e-05	2	3.89874010e-05	2.20883870e-07	2	false	GAMG	1.44484570e-04	6.87506200e-07	4	true
5768            	DILUPBiCGStab	2.59475540e-03	1.88700150e-05	2	2.45075490e-03	9.72231160e-06	2	3.89520410e-05	2.21625490e-07	2	false	GAMG	1.44247300e-04	6.81052150e-07	4	true
5769            	DILUPBiCGStab	2.57690320e-03	1.22127970e-06	3	2.40591300e-03	5.30642910e-06	2	3.89489310e-05	2.25012340e-07	2	false	GAMG	1.45095830e-04	6.89724050e-07	4	true
5770            	DILUPBiCGStab	2.56865000e-03	1.35343870e-06	3	2.35961060e-03	2.26801400e-05	2	3.89642690e-05	2.30388210e-07	2	false	GAMG	1.45594940e-04	7.10013210e-07	4	true
5771            	DILUPBiCGStab	2.56862990e-03	1.79318790e-05	2	2.31918610e-03	2.26599360e-05	2	3.89579710e-05	2.36314560e-07	2	false	GAMG	1.45843980e-04	7.19766910e-07	4	true
5772            	DILUPBiCGStab	2.56817170e-03	1.34104920e-05	2	2.27295120e-03	5.41484480e-06	2	3.88901980e-05	2.39291620e-07	2	false	GAMG	1.46485430e-04	7.35772060e-07	4	true
5773            	DILUPBiCGStab	2.56962040e-03	2.21604070e-06	3	2.22804670e-03	6.08406710e-06	2	3.87552720e-05	2.40572370e-07	2	false	GAMG	1.46892980e-04	7.54164520e-07	4	true
5774            	DILUPBiCGStab	2.56958920e-03	1.69025840e-06	3	2.18832410e-03	2.08395070e-05	2	3.86206490e-05	2.39999910e-07	2	false	GAMG	1.46896720e-04	7.62642250e-07	4	true
5775            	DILUPBiCGStab	2.57382610e-03	1.24263200e-06	3	2.16388990e-03	2.00022980e-05	2	3.85542260e-05	2.36107690e-07	2	false	GAMG	1.46510500e-04	7.63840220e-07	4	true
5776            	DILUPBiCGStab	2.58762690e-03	2.28223490e-05	2	2.16796650e-03	2.14005920e-05	2	3.85248050e-05	2.28462090e-07	2	false	GAMG	1.46181580e-04	7.54266060e-07	4	true
5777            	DILUPBiCGStab	2.60898650e-03	2.13272760e-05	2	2.19225900e-03	4.95929540e-06	2	3.85962280e-05	2.21563720e-07	2	false	GAMG	1.45578430e-04	7.43992380e-07	4	true
5778            	DILUPBiCGStab	2.62795530e-03	2.12642610e-05	2	2.22806800e-03	5.83102320e-06	2	3.87558090e-05	2.17496300e-07	2	false	GAMG	1.45113430e-04	7.28790840e-07	4	true
5779            	DILUPBiCGStab	2.64079510e-03	1.51083600e-05	2	2.26986540e-03	5.06027420e-06	2	3.89574850e-05	2.17682670e-07	2	false	GAMG	1.45236710e-04	7.10127460e-07	4	true
5780            	DILUPBiCGStab	2.64401660e-03	1.17419940e-05	2	2.30489870e-03	2.20604090e-05	2	3.90742680e-05	2.19282900e-07	2	false	GAMG	1.45293090e-04	6.93142450e-07	4	true
5781            	DILUPBiCGStab	2.63214070e-03	1.21893410e-05	2	2.33414320e-03	2.11733350e-05	2	3.92168180e-05	2.20635000e-07	2	false	GAMG	1.45395730e-04	6.76261420e-07	4	true
5782            	DILUPBiCGStab	2.60383600e-03	1.79059530e-05	2	2.35272030e-03	2.12892690e-05	2	3.91327350e-05	2.21986010e-07	2	false	GAMG	1.46788040e-04	6.89898940e-07	4	true
5783            	DILUPBiCGStab	2.57792890e-03	1.19197970e-06	3	2.36201080e-03	2.15889990e-05	2	3.90272410e-05	2.24906910e-07	2	false	GAMG	1.47688230e-04	7.09979500e-07	4	true
5784            	DILUPBiCGStab	2.55923950e-03	1.31364260e-06	3	2.35993650e-03	2.11650970e-05	2	3.89404770e-05	2.29018800e-07	2	false	GAMG	1.48246520e-04	7.25923640e-07	4	true
5785            	DILUPBiCGStab	2.55309040e-03	1.47348670e-06	3	2.35461090e-03	5.92561580e-06	2	3.89219650e-05	2.32623220e-07	2	false	GAMG	1.48239570e-04	7.39246390e-07	4	true
5786            	DILUPBiCGStab	2.55674200e-03	1.49669990e-05	2	2.35350750e-03	1.15400130e-05	2	3.88331430e-05	2.35825480e-07	2	false	GAMG	1.47155130e-04	7.41523380e-07	4	true
5787            	DILUPBiCGStab	2.57455720e-03	1.52988070e-06	3	2.36449840e-03	7.36401150e-06	2	3.88406270e-05	2.39267910e-07	2	false	GAMG	1.45923470e-04	7.46027280e-07	4	true
5788            	DILUPBiCGStab	2.60596280e-03	1.31135770e-06	3	2.38440690e-03	5.68539060e-06	2	3.89283980e-05	2.41733180e-07	2	false	GAMG	1.46031420e-04	7.57632710e-07	4	true
5789            	DILUPBiCGStab	2.63698530e-03	2.05727830e-05	2	2.39978140e-03	2.33250570e-05	2	3.90190770e-05	2.42008120e-07	2	false	GAMG	1.46472490e-04	7.74557470e-07	4	true
5790            	DILUPBiCGStab	2.66098660e-03	1.88898970e-05	2	2.42105810e-03	2.30859810e-05	2	3.90653790e-05	2.39783540e-07	2	false	GAMG	1.46284760e-04	7.73037070e-07	4	true
5791            	DILUPBiCGStab	2.67081800e-03	1.25246810e-06	3	2.43752470e-03	2.42274410e-05	2	3.90951550e-05	2.36312860e-07	2	false	GAMG	1.46526010e-04	7.33631970e-07	4	true
5792            	DILUPBiCGStab	2.67857250e-03	1.18475820e-06	3	2.43399600e-03	1.11021870e-05	2	3.90838600e-05	2.32169190e-07	2	false	GAMG	1.46597820e-04	6.91469500e-07	4	true
5793            	DILUPBiCGStab	2.68468250e-03	2.11801690e-05	2	2.41741260e-03	2.15851180e-05	2	3.90847260e-05	2.29904210e-07	2	false	GAMG	1.45937780e-04	6.76798700e-07	4	true
5794            	DILUPBiCGStab	2.68229490e-03	1.39112290e-06	3	2.39626490e-03	2.02691850e-05	2	3.90985130e-05	2.27857300e-07	2	false	GAMG	1.45337940e-04	6.78475730e-07	4	true
5795            	DILUPBiCGStab	2.66869640e-03	2.23568820e-05	2	2.37509240e-03	5.13694770e-06	2	3.91175470e-05	2.24715250e-07	2	false	GAMG	1.44907320e-04	6.78278590e-07	4	true
5796            	DILUPBiCGStab	2.64895150e-03	2.13047400e-05	2	2.35072950e-03	1.02495060e-05	2	3.90917140e-05	2.22820200e-07	2	false	GAMG	1.45249150e-04	6.87095640e-07	4	true
5797            	DILUPBiCGStab	2.62081110e-03	1.18601700e-06	3	2.33383460e-03	1.47330650e-05	2	3.90593940e-05	2.22678300e-07	2	false	GAMG	1.45665700e-04	6.90914390e-07	4	true
5798            	DILUPBiCGStab	2.59050300e-03	1.16627830e-06	3	2.32808840e-03	8.16277980e-06	2	3.90455550e-05	2.23541180e-07	2	false	GAMG	1.46076730e-04	6.90532080e-07	4	true
5799            	DILUPBiCGStab	2.57352390e-03	1.34031950e-06	3	2.33021730e-03	5.11541860e-06	2	3.90638790e-05	2.28405190e-07	2	false	GAMG	1.46542870e-04	6.95382640e-07	4	true
5800            	DILUPBiCGStab	2.56829370e-03	1.83369080e-06	3	2.34274840e-03	4.98648340e-06	2	3.90899740e-05	2.33871740e-07	2	false	GAMG	1.46829110e-04	7.02342290e-07	4	true
5801            	DILUPBiCGStab	2.56369250e-03	2.17080220e-06	3	2.35775470e-03	2.29454670e-05	2	3.91291660e-05	2.39103010e-07	2	false	GAMG	1.47511160e-04	7.28255440e-07	4	true
5802            	DILUPBiCGStab	2.56094180e-03	3.78253560e-06	3	2.37687900e-03	2.30708030e-05	2	3.91065560e-05	2.43992250e-07	2	false	GAMG	1.47739180e-04	7.67644870e-07	4	true
5803            	DILUPBiCGStab	2.56228190e-03	2.28787900e-06	3	2.38938960e-03	2.29293860e-05	2	3.90831440e-05	2.46009960e-07	2	false	GAMG	1.47849740e-04	7.80559170e-07	4	true
5804            	DILUPBiCGStab	2.56286630e-03	1.53911770e-06	3	2.39178370e-03	2.18130370e-05	2	3.91181070e-05	2.43592450e-07	2	false	GAMG	1.48025410e-04	7.80102580e-07	4	true
5805            	DILUPBiCGStab	2.56446310e-03	1.37311020e-05	2	2.38948650e-03	9.25376340e-06	2	3.91505850e-05	2.39016980e-07	2	false	GAMG	1.47329450e-04	7.72813890e-07	4	true
5806            	DILUPBiCGStab	2.57377850e-03	9.39766510e-06	2	2.38375790e-03	1.28244150e-05	2	3.91419670e-05	2.31875150e-07	2	false	GAMG	1.45676330e-04	7.50208190e-07	4	true
5807            	DILUPBiCGStab	2.58740320e-03	1.26285690e-05	2	2.36750570e-03	7.20212130e-06	2	3.91358460e-05	2.24731740e-07	2	false	GAMG	1.44480960e-04	7.21144020e-07	4	true
5808            	DILUPBiCGStab	2.59338690e-03	1.79342960e-05	2	2.34565260e-03	4.90190180e-06	2	3.91906160e-05	2.21697210e-07	2	false	GAMG	1.44912210e-04	6.93898840e-07	4	true
5809            	DILUPBiCGStab	2.59201690e-03	1.29156530e-05	2	2.31911690e-03	2.06903520e-05	2	3.91771720e-05	2.21307440e-07	2	false	GAMG	1.45223580e-04	6.76386270e-07	4	true
5810            	DILUPBiCGStab	2.58118510e-03	1.38692010e-05	2	2.28780300e-03	2.13700080e-05	2	3.91165910e-05	2.22061830e-07	2	false	GAMG	1.45259810e-04	6.60500830e-07	4	true
5811            	DILUPBiCGStab	2.55785840e-03	1.85709830e-05	2	2.24756810e-03	1.61867830e-05	2	3.90606840e-05	2.21835420e-07	2	false	GAMG	1.45782880e-04	6.62050220e-07	4	true
5812            	DILUPBiCGStab	2.52564050e-03	2.04099260e-05	2	2.20557320e-03	5.24442430e-06	2	3.89576150e-05	2.24554560e-07	2	false	GAMG	1.46603820e-04	6.81002200e-07	4	true
5813            	DILUPBiCGStab	2.50012520e-03	2.02209150e-05	2	2.17142080e-03	2.05530470e-05	2	3.88967950e-05	2.28178940e-07	2	false	GAMG	1.46818490e-04	6.94071180e-07	4	true
5814            	DILUPBiCGStab	2.48956880e-03	2.19029810e-05	2	2.15659840e-03	4.69013330e-06	2	3.88693040e-05	2.32387840e-07	2	false	GAMG	1.46831700e-04	7.09636140e-07	4	true
5815            	DILUPBiCGStab	2.49406900e-03	1.85542730e-05	2	2.16153520e-03	6.76819350e-06	2	3.88325040e-05	2.33398390e-07	2	false	GAMG	1.46657490e-04	7.30786290e-07	4	true
5816            	DILUPBiCGStab	2.50771890e-03	1.53630280e-06	3	2.18559320e-03	8.40377570e-06	2	3.88376910e-05	2.36494110e-07	2	false	GAMG	1.46325870e-04	7.48861020e-07	4	true
5817            	DILUPBiCGStab	2.53344260e-03	1.39654310e-06	3	2.22975130e-03	8.07353730e-06	2	3.89122340e-05	2.39898070e-07	2	false	GAMG	1.46060920e-04	7.59070320e-07	4	true
5818            	DILUPBiCGStab	2.56255910e-03	1.39790530e-06	3	2.28638840e-03	5.81991430e-06	2	3.89593450e-05	2.41291730e-07	2	false	GAMG	1.46152800e-04	7.69534200e-07	4	true
5819            	DILUPBiCGStab	2.58540170e-03	1.42878580e-06	3	2.33925900e-03	5.16175130e-06	2	3.88854130e-05	2.40005900e-07	2	false	GAMG	1.46047340e-04	7.69333960e-07	4	true
5820            	DILUPBiCGStab	2.59951630e-03	2.20326980e-05	2	2.39373200e-03	2.33523190e-05	2	3.88104480e-05	2.34885730e-07	2	false	GAMG	1.46172270e-04	7.44797650e-07	4	true
5821            	DILUPBiCGStab	2.60826940e-03	2.08028220e-05	2	2.43930680e-03	2.30412260e-05	2	3.86694380e-05	2.31029460e-07	2	false	GAMG	1.46543910e-04	7.15136160e-07	4	true
5822            	DILUPBiCGStab	2.61806090e-03	2.07329840e-05	2	2.47572540e-03	2.26499250e-05	2	3.85100910e-05	2.26992080e-07	2	false	GAMG	1.45809920e-04	6.98508330e-07	4	true
5823            	DILUPBiCGStab	2.62313750e-03	1.40665150e-06	3	2.49504750e-03	2.12125250e-05	2	3.85065540e-05	2.23745910e-07	2	false	GAMG	1.45143530e-04	6.93029440e-07	4	true
5824            	DILUPBiCGStab	2.62226570e-03	1.41553930e-05	2	2.49927160e-03	7.18878190e-06	2	3.84768970e-05	2.21232740e-07	2	false	GAMG	1.44580270e-04	6.89704400e-07	4	true
5825            	DILUPBiCGStab	2.61775370e-03	1.08268650e-05	2	2.48694250e-03	1.48854020e-05	2	3.85565360e-05	2.19765310e-07	2	false	GAMG	1.43606140e-04	6.88868100e-07	4	true
5826            	DILUPBiCGStab	2.60688360e-03	1.73585640e-05	2	2.45807820e-03	1.04675580e-05	2	3.85665580e-05	2.19623550e-07	2	false	GAMG	1.42901730e-04	6.86098320e-07	4	true
5827            	DILUPBiCGStab	2.58579830e-03	1.15764710e-06	3	2.41710610e-03	5.50442160e-06	2	3.85106760e-05	2.20354030e-07	2	false	GAMG	1.43492040e-04	6.83082930e-07	4	true
5828            	DILUPBiCGStab	2.56408940e-03	1.14337800e-06	3	2.36732280e-03	2.24434100e-05	2	3.84676540e-05	2.23861150e-07	2	false	GAMG	1.44087390e-04	6.86165270e-07	4	true
5829            	DILUPBiCGStab	2.55479070e-03	1.66874780e-06	3	2.32078770e-03	2.21978620e-05	2	3.84564210e-05	2.30386980e-07	2	false	GAMG	1.44710360e-04	6.96436440e-07	4	true
5830            	DILUPBiCGStab	2.54884360e-03	1.26730140e-05	2	2.27297980e-03	5.26912200e-06	2	3.84049140e-05	2.34758260e-07	2	false	GAMG	1.45570830e-04	7.09314330e-07	4	true
5831            	DILUPBiCGStab	2.54736420e-03	1.57863390e-05	2	2.22225880e-03	6.35692060e-06	2	3.82974380e-05	2.38197340e-07	2	false	GAMG	1.45893400e-04	7.37558400e-07	4	true
5832            	DILUPBiCGStab	2.54929240e-03	1.56552990e-06	3	2.17884520e-03	2.08826060e-05	2	3.81609600e-05	2.41053580e-07	2	false	GAMG	1.45949960e-04	7.54323460e-07	4	true
5833            	DILUPBiCGStab	2.55269140e-03	1.49122310e-06	3	2.14700740e-03	1.95278720e-05	2	3.81053850e-05	2.39429790e-07	2	false	GAMG	1.45810260e-04	7.60723990e-07	4	true
5834            	DILUPBiCGStab	2.56547940e-03	1.19524230e-06	3	2.14521430e-03	2.03995680e-05	2	3.81107750e-05	2.33503400e-07	2	false	GAMG	1.45613030e-04	7.67452500e-07	4	true
5835            	DILUPBiCGStab	2.58259440e-03	1.25371340e-06	3	2.17006160e-03	5.25750620e-06	2	3.81374960e-05	2.27091230e-07	2	false	GAMG	1.45337030e-04	7.63204920e-07	4	true
5836            	DILUPBiCGStab	2.60118970e-03	2.43211720e-05	2	2.20531150e-03	5.78878500e-06	2	3.82718030e-05	2.20342820e-07	2	false	GAMG	1.44741420e-04	7.51329270e-07	4	true
5837            	DILUPBiCGStab	2.61799800e-03	1.83690730e-05	2	2.24761220e-03	4.96067000e-06	2	3.84557040e-05	2.17490480e-07	2	false	GAMG	1.44405990e-04	7.27732910e-07	4	true
5838            	DILUPBiCGStab	2.62661400e-03	1.35391810e-05	2	2.28784950e-03	2.25051750e-05	2	3.85880910e-05	2.17347930e-07	2	false	GAMG	1.44513400e-04	6.99018340e-07	4	true
5839            	DILUPBiCGStab	2.62320600e-03	1.05254130e-05	2	2.32442130e-03	2.10992070e-05	2	3.87021500e-05	2.19752480e-07	2	false	GAMG	1.44959940e-04	6.73988400e-07	4	true
5840            	DILUPBiCGStab	2.60472550e-03	1.29958920e-05	2	2.35049520e-03	2.12941680e-05	2	3.87296930e-05	2.20276450e-07	2	false	GAMG	1.45557540e-04	6.77188180e-07	4	true
5841            	DILUPBiCGStab	2.57692900e-03	1.17088160e-06	3	2.36410360e-03	2.14515000e-05	2	3.86478730e-05	2.22544690e-07	2	false	GAMG	1.46128190e-04	7.03015870e-07	4	true
5842            	DILUPBiCGStab	2.55135000e-03	1.10952370e-06	3	2.36139610e-03	2.11324470e-05	2	3.85767390e-05	2.25246470e-07	2	false	GAMG	1.47065080e-04	7.19332290e-07	4	true
5843            	DILUPBiCGStab	2.53553470e-03	1.27334280e-06	3	2.34927710e-03	5.35290350e-06	2	3.85052230e-05	2.28988380e-07	2	false	GAMG	1.47181110e-04	7.20712730e-07	4	true
5844            	DILUPBiCGStab	2.52839960e-03	1.57405650e-05	2	2.33772740e-03	1.12646850e-05	2	3.84950880e-05	2.31466330e-07	2	false	GAMG	1.46643250e-04	7.22576890e-07	4	true
5845            	DILUPBiCGStab	2.53742900e-03	1.82264310e-05	2	2.33863980e-03	8.77316740e-06	2	3.85003590e-05	2.34182720e-07	2	false	GAMG	1.45621170e-04	7.36480830e-07	4	true
5846            	DILUPBiCGStab	2.56263430e-03	1.66647350e-06	3	2.34310350e-03	5.50332150e-06	2	3.85468030e-05	2.37345870e-07	2	false	GAMG	1.45361060e-04	7.43435120e-07	4	true
5847            	DILUPBiCGStab	2.59445240e-03	2.59296850e-05	2	2.35776620e-03	2.32248550e-05	2	3.86236720e-05	2.41278540e-07	2	false	GAMG	1.45874990e-04	7.56892910e-07	4	true
5848            	DILUPBiCGStab	2.62271380e-03	1.86053740e-05	2	2.37373790e-03	2.25671220e-05	2	3.86938460e-05	2.42504670e-07	2	false	GAMG	1.45901810e-04	7.68542610e-07	4	true
5849            	DILUPBiCGStab	2.63688580e-03	1.96242740e-05	2	2.38919150e-03	5.16729540e-06	2	3.87452280e-05	2.40447140e-07	2	false	GAMG	1.45982090e-04	7.62639820e-07	4	true
5850            	DILUPBiCGStab	2.64089680e-03	1.20342950e-06	3	2.39303090e-03	1.41987440e-05	2	3.87002820e-05	2.36212050e-07	2	false	GAMG	1.46344930e-04	7.24064350e-07	4	true
5851            	DILUPBiCGStab	2.64944190e-03	2.51899280e-05	2	2.38231900e-03	2.26101570e-05	2	3.87287430e-05	2.32953250e-07	2	false	GAMG	1.46308230e-04	6.90061410e-07	4	true
5852            	DILUPBiCGStab	2.66040790e-03	1.68412430e-05	2	2.37068340e-03	1.98842500e-05	2	3.87907840e-05	2.29808670e-07	2	false	GAMG	1.45507770e-04	6.78043710e-07	4	true
5853            	DILUPBiCGStab	2.65729180e-03	1.99481800e-05	2	2.35928040e-03	2.07295130e-05	2	3.87755470e-05	2.26194220e-07	2	false	GAMG	1.45212390e-04	6.83577670e-07	4	true
5854            	DILUPBiCGStab	2.64707930e-03	1.96885140e-05	2	2.34794520e-03	8.22174760e-06	2	3.88086710e-05	2.22963690e-07	2	false	GAMG	1.45069210e-04	6.86593280e-07	4	true
5855            	DILUPBiCGStab	2.62868840e-03	2.62353960e-05	2	2.33680960e-03	1.41966320e-05	2	3.88240510e-05	2.21530870e-07	2	false	GAMG	1.45342710e-04	6.92759590e-07	4	true
5856            	DILUPBiCGStab	2.60512310e-03	1.21963870e-06	3	2.33380420e-03	1.05115150e-05	2	3.88013010e-05	2.21445670e-07	2	false	GAMG	1.45776370e-04	6.91837600e-07	4	true
5857            	DILUPBiCGStab	2.57770040e-03	2.40896770e-05	2	2.33228960e-03	5.47328480e-06	2	3.87570060e-05	2.22930460e-07	2	false	GAMG	1.46124760e-04	6.83162780e-07	4	true
5858            	DILUPBiCGStab	2.55794330e-03	1.44516550e-06	3	2.33702500e-03	2.30826850e-05	2	3.87219800e-05	2.27646440e-07	2	false	GAMG	1.46324430e-04	6.78958390e-07	4	true
5859            	DILUPBiCGStab	2.54612420e-03	1.91343880e-06	3	2.34734840e-03	2.26201240e-05	2	3.87213210e-05	2.33416630e-07	2	false	GAMG	1.47179170e-04	7.01180650e-07	4	true
5860            	DILUPBiCGStab	2.53716270e-03	1.98583930e-05	2	2.36013080e-03	2.29391180e-05	2	3.86777560e-05	2.39541190e-07	2	false	GAMG	1.47577620e-04	7.47567500e-07	4	true
5861            	DILUPBiCGStab	2.53842210e-03	1.11208130e-05	2	2.37071000e-03	2.27789200e-05	2	3.86894480e-05	2.44956930e-07	2	false	GAMG	1.47487760e-04	7.75814640e-07	4	true
5862            	DILUPBiCGStab	2.54474150e-03	1.66736990e-06	3	2.37061970e-03	2.14927620e-05	2	3.86976730e-05	2.45779690e-07	2	false	GAMG	1.47682840e-04	7.75955790e-07	4	true
5863            	DILUPBiCGStab	2.54834170e-03	2.11317310e-05	2	2.36515230e-03	6.40565850e-06	2	3.87655740e-05	2.43287760e-07	2	false	GAMG	1.47137160e-04	7.76423750e-07	4	true
5864            	DILUPBiCGStab	2.55738350e-03	1.18632230e-05	2	2.35986880e-03	1.08588720e-05	2	3.88109250e-05	2.37531160e-07	2	false	GAMG	1.45929610e-04	7.70682960e-07	4	true
5865            	DILUPBiCGStab	2.56885670e-03	1.43425580e-05	2	2.34908660e-03	7.97005450e-06	2	3.88434860e-05	2.29836540e-07	2	false	GAMG	1.45030600e-04	7.48488650e-07	4	true
5866            	DILUPBiCGStab	2.57696150e-03	2.01273580e-05	2	2.32844740e-03	2.32714960e-05	2	3.88448980e-05	2.23830770e-07	2	false	GAMG	1.45106460e-04	7.22354800e-07	4	true
5867            	DILUPBiCGStab	2.58012100e-03	1.78703610e-05	2	2.30522970e-03	2.05026820e-05	2	3.88728360e-05	2.20382740e-07	2	false	GAMG	1.45286880e-04	6.95646720e-07	4	true
5868            	DILUPBiCGStab	2.57699000e-03	1.43637300e-05	2	2.28148240e-03	2.12226040e-05	2	3.88043980e-05	2.20714750e-07	2	false	GAMG	1.45661980e-04	6.64744570e-07	4	true
5869            	DILUPBiCGStab	2.56423400e-03	1.30333490e-05	2	2.24723850e-03	9.64334680e-06	2	3.87115910e-05	2.20684990e-07	2	false	GAMG	1.45771650e-04	6.49842640e-07	4	true
5870            	DILUPBiCGStab	2.53859510e-03	1.66154200e-05	2	2.20685720e-03	5.43580150e-06	2	3.86575180e-05	2.22109340e-07	2	false	GAMG	1.45866580e-04	6.62363820e-07	4	true
5871            	DILUPBiCGStab	2.50577920e-03	1.80488430e-05	2	2.17028520e-03	1.98805100e-05	2	3.85728000e-05	2.24991230e-07	2	false	GAMG	1.46003690e-04	6.89180030e-07	4	true
5872            	DILUPBiCGStab	2.48243620e-03	1.87962800e-05	2	2.14773540e-03	2.01029870e-05	2	3.85027600e-05	2.28113500e-07	2	false	GAMG	1.45848840e-04	6.95963060e-07	4	true
5873            	DILUPBiCGStab	2.47283810e-03	2.12552110e-05	2	2.14553130e-03	5.46017080e-06	2	3.84878500e-05	2.29753490e-07	2	false	GAMG	1.45782790e-04	7.06612210e-07	4	true
5874            	DILUPBiCGStab	2.47699380e-03	1.75673460e-06	3	2.15960280e-03	7.82814870e-06	2	3.84647440e-05	2.32107270e-07	2	false	GAMG	1.45826620e-04	7.31013130e-07	4	true
5875            	DILUPBiCGStab	2.49439290e-03	1.51906650e-06	3	2.19168670e-03	7.08478210e-06	2	3.85345980e-05	2.35388550e-07	2	false	GAMG	1.45495870e-04	7.47938300e-07	4	true
5876            	DILUPBiCGStab	2.51956910e-03	1.53440860e-06	3	2.23960070e-03	5.56868020e-06	2	3.85203530e-05	2.39234940e-07	2	false	GAMG	1.45312520e-04	7.50209370e-07	4	true
5877            	DILUPBiCGStab	2.54445660e-03	1.50546370e-06	3	2.29191050e-03	5.00682500e-06	2	3.84936070e-05	2.41373320e-07	2	false	GAMG	1.45113610e-04	7.50797450e-07	4	true
5878            	DILUPBiCGStab	2.56090430e-03	1.37552120e-06	3	2.33935600e-03	2.29839710e-05	2	3.84056010e-05	2.39667170e-07	2	false	GAMG	1.45448100e-04	7.50394860e-07	4	true
5879            	DILUPBiCGStab	2.57272050e-03	1.48553160e-06	3	2.38805380e-03	2.32066730e-05	2	3.82790610e-05	2.35144360e-07	2	false	GAMG	1.46043290e-04	7.42127800e-07	4	true
5880            	DILUPBiCGStab	2.58032110e-03	1.19819890e-06	3	2.42941320e-03	2.30031150e-05	2	3.81151980e-05	2.31380980e-07	2	false	GAMG	1.45629660e-04	7.20608380e-07	4	true
5881            	DILUPBiCGStab	2.59179140e-03	1.26036210e-06	3	2.45620500e-03	2.16491650e-05	2	3.79622440e-05	2.26766230e-07	2	false	GAMG	1.44908680e-04	6.93420530e-07	4	true
5882            	DILUPBiCGStab	2.59837390e-03	1.57190810e-05	2	2.46929890e-03	2.36171780e-05	2	3.79116590e-05	2.23104290e-07	2	false	GAMG	1.44089790e-04	6.89178370e-07	4	true
5883            	DILUPBiCGStab	2.60333070e-03	1.14512850e-05	2	2.47178230e-03	9.01049150e-06	2	3.80059720e-05	2.20330200e-07	2	false	GAMG	1.42820240e-04	6.88086550e-07	4	true
5884            	DILUPBiCGStab	2.60349290e-03	1.79262040e-05	2	2.45601270e-03	8.61950380e-06	2	3.81159560e-05	2.19264480e-07	2	false	GAMG	1.42165980e-04	6.85669450e-07	4	true
5885            	DILUPBiCGStab	2.59318030e-03	1.17633570e-06	3	2.42191120e-03	5.52712070e-06	2	3.81751250e-05	2.18705740e-07	2	false	GAMG	1.42679750e-04	6.84669010e-07	4	true
5886            	DILUPBiCGStab	2.56947660e-03	1.12809790e-06	3	2.37625140e-03	2.23687560e-05	2	3.81352220e-05	2.20202490e-07	2	false	GAMG	1.43045840e-04	6.84949970e-07	4	true
5887            	DILUPBiCGStab	2.54667120e-03	1.16469520e-06	3	2.32796490e-03	2.19463520e-05	2	3.80777660e-05	2.24103600e-07	2	false	GAMG	1.43351960e-04	6.74130070e-07	4	true
5888            	DILUPBiCGStab	2.53224920e-03	2.27297410e-05	2	2.27540130e-03	4.97651090e-06	2	3.80166570e-05	2.29583820e-07	2	false	GAMG	1.44645230e-04	6.78713280e-07	4	true
5889            	DILUPBiCGStab	2.52261200e-03	1.30978530e-05	2	2.21983610e-03	6.81152370e-06	2	3.79097890e-05	2.34480060e-07	2	false	GAMG	1.45199600e-04	7.08761260e-07	4	true
5890            	DILUPBiCGStab	2.52126250e-03	1.90003740e-05	2	2.17004220e-03	2.09166820e-05	2	3.78259740e-05	2.39288570e-07	2	false	GAMG	1.45325560e-04	7.38471040e-07	4	true
5891            	DILUPBiCGStab	2.52762690e-03	1.57000910e-06	3	2.13413470e-03	1.95412530e-05	2	3.77753480e-05	2.41447720e-07	2	false	GAMG	1.45166700e-04	7.52659330e-07	4	true
5892            	DILUPBiCGStab	2.53945930e-03	1.36279310e-06	3	2.12224210e-03	1.94243530e-05	2	3.77523590e-05	2.37597940e-07	2	false	GAMG	1.44967740e-04	7.58032840e-07	4	true
5893            	DILUPBiCGStab	2.55645040e-03	1.22140590e-06	3	2.14202880e-03	4.67712390e-06	2	3.78071120e-05	2.32566490e-07	2	false	GAMG	1.44646600e-04	7.66961130e-07	4	true
5894            	DILUPBiCGStab	2.57300150e-03	1.29456080e-06	3	2.17864010e-03	5.91916920e-06	2	3.79188020e-05	2.26366140e-07	2	false	GAMG	1.44522570e-04	7.67621600e-07	4	true
5895            	DILUPBiCGStab	2.58694950e-03	2.13081650e-05	2	2.22237300e-03	5.13028740e-06	2	3.80526920e-05	2.21364510e-07	2	false	GAMG	1.43938190e-04	7.50326500e-07	4	true
5896            	DILUPBiCGStab	2.59916410e-03	1.58298650e-05	2	2.26328300e-03	2.18583550e-05	2	3.81497980e-05	2.18216610e-07	2	false	GAMG	1.43732980e-04	7.19511380e-07	4	true
5897            	DILUPBiCGStab	2.60146160e-03	1.26302490e-05	2	2.30350170e-03	2.13222760e-05	2	3.82738960e-05	2.17967610e-07	2	false	GAMG	1.44144320e-04	6.83129840e-07	4	true
5898            	DILUPBiCGStab	2.59078520e-03	1.05051490e-05	2	2.33658060e-03	2.13926600e-05	2	3.83471150e-05	2.19230450e-07	2	false	GAMG	1.45289400e-04	6.71245460e-07	4	true
5899            	DILUPBiCGStab	2.57104110e-03	1.65609710e-05	2	2.35817660e-03	2.14958560e-05	2	3.83189570e-05	2.20886520e-07	2	false	GAMG	1.45321450e-04	6.82058070e-07	4	true
5900            	DILUPBiCGStab	2.54720310e-03	1.13742480e-06	3	2.36064350e-03	2.10620690e-05	2	3.83450780e-05	2.22828880e-07	2	false	GAMG	1.45833510e-04	7.09315130e-07	4	true
5901            	DILUPBiCGStab	2.52426240e-03	2.46693530e-05	2	2.34717420e-03	2.30983990e-05	2	3.82373430e-05	2.25362480e-07	2	false	GAMG	1.46299390e-04	7.16310220e-07	4	true
5902            	DILUPBiCGStab	2.50967230e-03	1.29833820e-05	2	2.33013650e-03	8.88712020e-06	2	3.82122880e-05	2.27819740e-07	2	false	GAMG	1.45739190e-04	7.05593300e-07	4	true
5903            	DILUPBiCGStab	2.50253920e-03	1.84138340e-05	2	2.31981840e-03	8.69277110e-06	2	3.81805580e-05	2.30082560e-07	2	false	GAMG	1.45120980e-04	7.10262170e-07	4	true
5904            	DILUPBiCGStab	2.51615360e-03	1.62591450e-06	3	2.31470060e-03	5.92452050e-06	2	3.82234300e-05	2.32580470e-07	2	false	GAMG	1.45015970e-04	7.29697940e-07	4	true
5905            	DILUPBiCGStab	2.53981370e-03	1.97726930e-05	2	2.31451790e-03	2.30131540e-05	2	3.82645600e-05	2.36472260e-07	2	false	GAMG	1.45456930e-04	7.43253040e-07	4	true
5906            	DILUPBiCGStab	2.57095680e-03	1.83498800e-05	2	2.32868910e-03	2.21227330e-05	2	3.83246320e-05	2.40900990e-07	2	false	GAMG	1.45264140e-04	7.48055150e-07	4	true
5907            	DILUPBiCGStab	2.58934350e-03	1.83714010e-05	2	2.34216220e-03	4.96050320e-06	2	3.83853300e-05	2.42480360e-07	2	false	GAMG	1.45540020e-04	7.53861300e-07	4	true
5908            	DILUPBiCGStab	2.59844490e-03	1.37674840e-06	3	2.34456350e-03	1.47270000e-05	2	3.83843440e-05	2.39866140e-07	2	false	GAMG	1.45777170e-04	7.44727610e-07	4	true
5909            	DILUPBiCGStab	2.60467070e-03	1.17292030e-06	3	2.34140330e-03	2.33721520e-05	2	3.83286270e-05	2.37056540e-07	2	false	GAMG	1.45903300e-04	7.22268300e-07	4	true
5910            	DILUPBiCGStab	2.61479820e-03	2.33999910e-05	2	2.33323000e-03	2.05687070e-05	2	3.83677730e-05	2.33019030e-07	2	false	GAMG	1.45638980e-04	6.95145010e-07	4	true
5911            	DILUPBiCGStab	2.62370070e-03	1.37728160e-05	2	2.33091310e-03	2.03043910e-05	2	3.83520540e-05	2.28312760e-07	2	false	GAMG	1.44716010e-04	6.81698200e-07	4	true
5912            	DILUPBiCGStab	2.62079010e-03	1.79061740e-05	2	2.32889060e-03	5.18549590e-06	2	3.82894120e-05	2.23724770e-07	2	false	GAMG	1.44419270e-04	6.88683080e-07	4	true
5913            	DILUPBiCGStab	2.61117520e-03	2.45495360e-05	2	2.32950120e-03	1.27472300e-05	2	3.83213630e-05	2.21525090e-07	2	false	GAMG	1.44505510e-04	6.92762230e-07	4	true
5914            	DILUPBiCGStab	2.59969030e-03	2.43354360e-05	2	2.33336180e-03	9.97643650e-06	2	3.83900580e-05	2.20057470e-07	2	false	GAMG	1.44517660e-04	6.91418380e-07	4	true
5915            	DILUPBiCGStab	2.57833320e-03	1.83827200e-05	2	2.33515800e-03	5.98333760e-06	2	3.83556270e-05	2.20679190e-07	2	false	GAMG	1.44918980e-04	6.86507200e-07	4	true
5916            	DILUPBiCGStab	2.54885710e-03	1.86703980e-05	2	2.33554600e-03	4.90389950e-06	2	3.82898480e-05	2.22418280e-07	2	false	GAMG	1.44832830e-04	6.70261110e-07	4	true
5917            	DILUPBiCGStab	2.52186370e-03	2.13585610e-05	2	2.33706940e-03	2.23668230e-05	2	3.82261240e-05	2.26521460e-07	2	false	GAMG	1.45615950e-04	6.75086560e-07	4	true
5918            	DILUPBiCGStab	2.50517860e-03	3.11268560e-06	3	2.34447590e-03	2.27463130e-05	2	3.81633500e-05	2.33485100e-07	2	false	GAMG	1.46358140e-04	7.19447860e-07	4	true
5919            	DILUPBiCGStab	2.50143830e-03	9.05164270e-06	2	2.35008310e-03	2.26472020e-05	2	3.81699730e-05	2.39977770e-07	2	false	GAMG	1.46439120e-04	7.58608690e-07	4	true
5920            	DILUPBiCGStab	2.51045650e-03	1.82249510e-05	2	2.34678710e-03	2.12857940e-05	2	3.82182570e-05	2.44236310e-07	2	false	GAMG	1.46662410e-04	7.71820960e-07	4	true
5921            	DILUPBiCGStab	2.52043490e-03	1.75072300e-05	2	2.33802810e-03	5.79871620e-06	2	3.82583250e-05	2.45108220e-07	2	false	GAMG	1.45875020e-04	7.69856270e-07	4	true
5922            	DILUPBiCGStab	2.52884100e-03	1.53394800e-05	2	2.32749460e-03	7.08166840e-06	2	3.82872050e-05	2.41586220e-07	2	false	GAMG	1.44666740e-04	7.72420100e-07	4	true
5923            	DILUPBiCGStab	2.54094800e-03	2.29005870e-05	2	2.31861030e-03	6.81487350e-06	2	3.83255300e-05	2.35530060e-07	2	false	GAMG	1.44034800e-04	7.68917530e-07	4	true
5924            	DILUPBiCGStab	2.54812070e-03	1.29388430e-06	3	2.30299100e-03	5.18096140e-06	2	3.83455820e-05	2.29072080e-07	2	false	GAMG	1.44240800e-04	7.51670170e-07	4	true
5925            	DILUPBiCGStab	2.55289130e-03	2.17953100e-05	2	2.27853080e-03	2.10001240e-05	2	3.83316620e-05	2.23032570e-07	2	false	GAMG	1.44051930e-04	7.26051540e-07	4	true
5926            	DILUPBiCGStab	2.55465470e-03	1.90211130e-05	2	2.25649770e-03	2.07361730e-05	2	3.82501250e-05	2.19741160e-07	2	false	GAMG	1.44347900e-04	6.90195750e-07	4	true
5927            	DILUPBiCGStab	2.54862450e-03	1.44219910e-05	2	2.22823940e-03	7.69781840e-06	2	3.82054750e-05	2.18677160e-07	2	false	GAMG	1.45074150e-04	6.53523980e-07	4	true
5928            	DILUPBiCGStab	2.53334870e-03	1.23167840e-05	2	2.19520640e-03	5.27608190e-06	2	3.81726560e-05	2.20626290e-07	2	false	GAMG	1.45285770e-04	6.47047490e-07	4	true
5929            	DILUPBiCGStab	2.51088720e-03	1.52466920e-05	2	2.16140610e-03	1.95324990e-05	2	3.82557240e-05	2.22576610e-07	2	false	GAMG	1.45108130e-04	6.71282830e-07	4	true
5930            	DILUPBiCGStab	2.48392770e-03	1.70700040e-05	2	2.13792870e-03	1.92522320e-05	2	3.82093500e-05	2.24759910e-07	2	false	GAMG	1.44909550e-04	6.94683930e-07	4	true
5931            	DILUPBiCGStab	2.46707470e-03	1.65836200e-05	2	2.13204300e-03	4.70648380e-06	2	3.81787690e-05	2.25466210e-07	2	false	GAMG	1.45044620e-04	6.98870830e-07	4	true
5932            	DILUPBiCGStab	2.45775360e-03	1.45985030e-06	3	2.13985330e-03	6.44970540e-06	2	3.81828250e-05	2.27806040e-07	2	false	GAMG	1.45219800e-04	7.07042930e-07	4	true
5933            	DILUPBiCGStab	2.46423830e-03	1.71688110e-06	3	2.16207250e-03	6.87987850e-06	2	3.82621370e-05	2.30441560e-07	2	false	GAMG	1.45050520e-04	7.29276760e-07	4	true
5934            	DILUPBiCGStab	2.48057330e-03	1.62361130e-06	3	2.19917790e-03	5.36741290e-06	2	3.82115040e-05	2.34256060e-07	2	false	GAMG	1.45046240e-04	7.41041650e-07	4	true
5935            	DILUPBiCGStab	2.50091760e-03	1.83358200e-06	3	2.24231750e-03	4.94768430e-06	2	3.81482590e-05	2.38150890e-07	2	false	GAMG	1.44626180e-04	7.35602240e-07	4	true
5936            	DILUPBiCGStab	2.51896090e-03	1.46035970e-06	3	2.28851470e-03	2.25594500e-05	2	3.80580820e-05	2.39988190e-07	2	false	GAMG	1.44672630e-04	7.35581980e-07	4	true
5937            	DILUPBiCGStab	2.53150660e-03	1.29598340e-06	3	2.32996820e-03	2.29035130e-05	2	3.79438520e-05	2.38871200e-07	2	false	GAMG	1.45393780e-04	7.45850730e-07	4	true
5938            	DILUPBiCGStab	2.54159740e-03	2.16372630e-05	2	2.37308390e-03	2.31689090e-05	2	3.77618300e-05	2.35758160e-07	2	false	GAMG	1.45037620e-04	7.44024860e-07	4	true
5939            	DILUPBiCGStab	2.55027220e-03	1.21666680e-06	3	2.40497490e-03	2.20989050e-05	2	3.76249850e-05	2.31348040e-07	2	false	GAMG	1.44900360e-04	7.21046370e-07	4	true
5940            	DILUPBiCGStab	2.56471880e-03	1.61112800e-05	2	2.42656460e-03	5.20673090e-06	2	3.75045610e-05	2.26695630e-07	2	false	GAMG	1.43975950e-04	6.91704610e-07	4	true
5941            	DILUPBiCGStab	2.57821170e-03	1.20034280e-05	2	2.43786610e-03	5.88279680e-06	2	3.75530230e-05	2.22537480e-07	2	false	GAMG	1.42584890e-04	6.86440480e-07	4	true
5942            	DILUPBiCGStab	2.58691260e-03	1.93835830e-05	2	2.43665640e-03	6.60166140e-06	2	3.76203380e-05	2.19875940e-07	2	false	GAMG	1.41640540e-04	6.85974790e-07	4	true
5943            	DILUPBiCGStab	2.58822980e-03	1.22010330e-06	3	2.41600890e-03	5.28339580e-06	2	3.77344230e-05	2.18792400e-07	2	false	GAMG	1.41921630e-04	6.80049940e-07	4	true
5944            	DILUPBiCGStab	2.57329940e-03	1.13703330e-06	3	2.37889860e-03	2.22073790e-05	2	3.77928850e-05	2.18773660e-07	2	false	GAMG	1.42347170e-04	6.85624040e-07	4	true
5945            	DILUPBiCGStab	2.54923300e-03	1.13336430e-06	3	2.33502720e-03	2.17491330e-05	2	3.77059080e-05	2.21104750e-07	2	false	GAMG	1.42153700e-04	6.79446570e-07	4	true
5946            	DILUPBiCGStab	2.52158950e-03	1.24585910e-06	3	2.28086650e-03	4.89500460e-06	2	3.76031160e-05	2.23628160e-07	2	false	GAMG	1.43161470e-04	6.63356360e-07	4	true
5947            	DILUPBiCGStab	2.50359490e-03	1.75873090e-06	3	2.22110870e-03	6.94794500e-06	2	3.74894900e-05	2.29323890e-07	2	false	GAMG	1.44158240e-04	6.75362760e-07	4	true
5948            	DILUPBiCGStab	2.49382690e-03	1.58432620e-05	2	2.16552880e-03	2.09333070e-05	2	3.74006430e-05	2.35689860e-07	2	false	GAMG	1.44322670e-04	7.13061520e-07	4	true
5949            	DILUPBiCGStab	2.49184820e-03	1.87253400e-05	2	2.12093900e-03	1.93871420e-05	2	3.73023930e-05	2.39614740e-07	2	false	GAMG	1.44166560e-04	7.40208240e-07	4	true
5950            	DILUPBiCGStab	2.50456550e-03	1.34820630e-06	3	2.10214180e-03	1.93881480e-05	2	3.72252790e-05	2.40086490e-07	2	false	GAMG	1.43981850e-04	7.50476390e-07	4	true
5951            	DILUPBiCGStab	2.52211700e-03	1.40221690e-06	3	2.11207620e-03	2.03839920e-05	2	3.72859410e-05	2.36658160e-07	2	false	GAMG	1.43625710e-04	7.58940890e-07	4	true
5952            	DILUPBiCGStab	2.54156150e-03	1.46131050e-06	3	2.14621720e-03	4.89634330e-06	2	3.74122540e-05	2.32452300e-07	2	false	GAMG	1.43569130e-04	7.69413170e-07	4	true
5953            	DILUPBiCGStab	2.55638860e-03	1.24219910e-06	3	2.19007130e-03	5.16157220e-06	2	3.75675640e-05	2.27763200e-07	2	false	GAMG	1.43303280e-04	7.66558770e-07	4	true
5954            	DILUPBiCGStab	2.56638470e-03	2.02809990e-05	2	2.23328320e-03	4.82538930e-06	2	3.76582380e-05	2.23575960e-07	2	false	GAMG	1.43114880e-04	7.42586240e-07	4	true
5955            	DILUPBiCGStab	2.57228160e-03	1.44423250e-05	2	2.27269460e-03	2.13906620e-05	2	3.77488100e-05	2.19664840e-07	2	false	GAMG	1.43166120e-04	7.06998970e-07	4	true
5956            	DILUPBiCGStab	2.56564620e-03	1.33745340e-05	2	2.30847040e-03	2.15810930e-05	2	3.77833670e-05	2.17816610e-07	2	false	GAMG	1.44196330e-04	6.82228430e-07	4	true
5957            	DILUPBiCGStab	2.55186370e-03	1.41452300e-05	2	2.33692030e-03	2.17144560e-05	2	3.77620180e-05	2.20095570e-07	2	false	GAMG	1.44774740e-04	6.74248440e-07	4	true
5958            	DILUPBiCGStab	2.53591480e-03	1.18175420e-06	3	2.34813660e-03	2.12179750e-05	2	3.78554680e-05	2.21668780e-07	2	false	GAMG	1.44938840e-04	6.89478790e-07	4	true
5959            	DILUPBiCGStab	2.51683720e-03	2.32796120e-05	2	2.33801460e-03	2.14232690e-05	2	3.78800500e-05	2.23097600e-07	2	false	GAMG	1.45163000e-04	7.05514180e-07	4	true
5960            	DILUPBiCGStab	2.49633770e-03	1.21117270e-05	2	2.31967540e-03	7.93928820e-06	2	3.78242900e-05	2.24811290e-07	2	false	GAMG	1.44672920e-04	7.03794140e-07	4	true
5961            	DILUPBiCGStab	2.47907050e-03	1.46098440e-05	2	2.30313770e-03	7.85980810e-06	2	3.77820400e-05	2.26599780e-07	2	false	GAMG	1.43924450e-04	6.93036910e-07	4	true
5962            	DILUPBiCGStab	2.47644610e-03	1.51783040e-06	3	2.28842640e-03	5.66765170e-06	2	3.78134110e-05	2.28808930e-07	2	false	GAMG	1.44016680e-04	7.02735680e-07	4	true
5963            	DILUPBiCGStab	2.48868820e-03	1.42592650e-06	3	2.27801190e-03	2.27348040e-05	2	3.78409370e-05	2.32378110e-07	2	false	GAMG	1.44627390e-04	7.27094320e-07	4	true
5964            	DILUPBiCGStab	2.51228920e-03	1.44380700e-05	2	2.27669070e-03	2.19781070e-05	2	3.78582360e-05	2.36287200e-07	2	false	GAMG	1.44501400e-04	7.37250200e-07	4	true
5965            	DILUPBiCGStab	2.53446720e-03	1.34069490e-05	2	2.28669890e-03	4.85509510e-06	2	3.78692020e-05	2.41113450e-07	2	false	GAMG	1.44283950e-04	7.33935660e-07	4	true
5966            	DILUPBiCGStab	2.54511660e-03	1.38700800e-06	3	2.28848470e-03	1.26175430e-05	2	3.78661040e-05	2.41787220e-07	2	false	GAMG	1.44481330e-04	7.35560610e-07	4	true
5967            	DILUPBiCGStab	2.55376310e-03	1.16303010e-06	3	2.28295280e-03	4.95408310e-06	2	3.78769210e-05	2.41022270e-07	2	false	GAMG	1.44442260e-04	7.32872620e-07	4	true
5968            	DILUPBiCGStab	2.56411210e-03	1.16529620e-06	3	2.27918460e-03	2.10706670e-05	2	3.78818190e-05	2.37431890e-07	2	false	GAMG	1.44342070e-04	7.25547430e-07	4	true
5969            	DILUPBiCGStab	2.57142230e-03	2.14611250e-05	2	2.27967570e-03	2.05252320e-05	2	3.78282780e-05	2.32287240e-07	2	false	GAMG	1.43952490e-04	7.01823080e-07	4	true
5970            	DILUPBiCGStab	2.57995430e-03	1.37930090e-05	2	2.28716510e-03	5.08068780e-06	2	3.77802490e-05	2.25425890e-07	2	false	GAMG	1.43348940e-04	6.87191610e-07	4	true
5971            	DILUPBiCGStab	2.57681740e-03	2.36274270e-05	2	2.29533750e-03	6.24293070e-06	2	3.77523160e-05	2.22031110e-07	2	false	GAMG	1.43212830e-04	6.92510640e-07	4	true
5972            	DILUPBiCGStab	2.57358050e-03	1.40160650e-06	3	2.31015650e-03	9.11523290e-06	2	3.78364110e-05	2.20214790e-07	2	false	GAMG	1.43047720e-04	6.88020590e-07	4	true
5973            	DILUPBiCGStab	2.56291880e-03	2.17132660e-05	2	2.32145950e-03	5.55801830e-06	2	3.78825680e-05	2.19670130e-07	2	false	GAMG	1.43469080e-04	6.82611750e-07	4	true
5974            	DILUPBiCGStab	2.54141240e-03	1.51152170e-05	2	2.32607740e-03	4.90931600e-06	2	3.78694400e-05	2.20249150e-07	2	false	GAMG	1.43472230e-04	6.71891330e-07	4	true
5975            	DILUPBiCGStab	2.50829200e-03	1.74694570e-05	2	2.32548230e-03	2.20436360e-05	2	3.77771850e-05	2.22150550e-07	2	false	GAMG	1.43809850e-04	6.67204310e-07	4	true
5976            	DILUPBiCGStab	2.47685420e-03	1.38309610e-06	3	2.32472120e-03	2.24084940e-05	2	3.76443530e-05	2.26339010e-07	2	false	GAMG	1.44377960e-04	6.87011960e-07	4	true
5977            	DILUPBiCGStab	2.46149730e-03	1.27955480e-05	2	2.32651690e-03	2.25800310e-05	2	3.76486480e-05	2.34058580e-07	2	false	GAMG	1.44679010e-04	7.31394700e-07	4	true
5978            	DILUPBiCGStab	2.46162420e-03	1.01323620e-05	2	2.31796400e-03	2.11481550e-05	2	3.76583470e-05	2.39370790e-07	2	false	GAMG	1.44976880e-04	7.55790270e-07	4	true
5979            	DILUPBiCGStab	2.47201730e-03	1.67234130e-06	3	2.30509350e-03	5.55838610e-06	2	3.76624940e-05	2.43180430e-07	2	false	GAMG	1.44489360e-04	7.60374840e-07	4	true
5980            	DILUPBiCGStab	2.48818030e-03	1.38976320e-05	2	2.29245760e-03	6.70312800e-06	2	3.77011270e-05	2.43091300e-07	2	false	GAMG	1.43018120e-04	7.62119900e-07	4	true
5981            	DILUPBiCGStab	2.49992670e-03	1.49961270e-06	3	2.27911680e-03	5.45653870e-06	2	3.77421410e-05	2.39020460e-07	2	false	GAMG	1.42359660e-04	7.64454970e-07	4	true
5982            	DILUPBiCGStab	2.50960210e-03	1.18658230e-06	3	2.26450090e-03	4.99404860e-06	2	3.77823910e-05	2.34190390e-07	2	false	GAMG	1.42924460e-04	7.66941320e-07	4	true
5983            	DILUPBiCGStab	2.51220150e-03	1.23172780e-06	3	2.24462370e-03	2.16955200e-05	2	3.77936880e-05	2.28422620e-07	2	false	GAMG	1.43118670e-04	7.53613720e-07	4	true
5984            	DILUPBiCGStab	2.51451980e-03	2.38204900e-05	2	2.22366360e-03	2.09074880e-05	2	3.76870100e-05	2.23090700e-07	2	false	GAMG	1.42987830e-04	7.21483610e-07	4	true
5985            	DILUPBiCGStab	2.51339060e-03	2.09153890e-05	2	2.19798580e-03	5.81986250e-06	2	3.75548770e-05	2.17765980e-07	2	false	GAMG	1.43537760e-04	6.77255900e-07	4	true
5986            	DILUPBiCGStab	2.50505000e-03	1.47458170e-05	2	2.16908750e-03	5.84336850e-06	2	3.74996240e-05	2.18281780e-07	2	false	GAMG	1.44050250e-04	6.49611490e-07	4	true
5987            	DILUPBiCGStab	2.49155090e-03	1.21503930e-05	2	2.14155390e-03	1.90475480e-05	2	3.75637880e-05	2.21277470e-07	2	false	GAMG	1.43915810e-04	6.54405250e-07	4	true
5988            	DILUPBiCGStab	2.47306610e-03	1.53850530e-05	2	2.12140860e-03	1.87161840e-05	2	3.76356670e-05	2.22471690e-07	2	false	GAMG	1.43465900e-04	6.77197580e-07	4	true
5989            	DILUPBiCGStab	2.45376820e-03	1.55047310e-05	2	2.11654060e-03	2.08546390e-05	2	3.76605740e-05	2.22441820e-07	2	false	GAMG	1.43407340e-04	6.96049290e-07	4	true
5990            	DILUPBiCGStab	2.43909280e-03	2.32010280e-05	2	2.12379460e-03	5.18518610e-06	2	3.76270840e-05	2.23779320e-07	2	false	GAMG	1.43638490e-04	7.01384930e-07	4	true
5991            	DILUPBiCGStab	2.43609850e-03	1.46812440e-06	3	2.14114800e-03	5.77984600e-06	2	3.77495120e-05	2.26109650e-07	2	false	GAMG	1.43887260e-04	7.08224660e-07	4	true
5992            	DILUPBiCGStab	2.44202370e-03	1.87143190e-06	3	2.16854010e-03	5.23922020e-06	2	3.78031340e-05	2.29583260e-07	2	false	GAMG	1.44541050e-04	7.23177200e-07	4	true
5993            	DILUPBiCGStab	2.45627790e-03	1.76629670e-06	3	2.20265530e-03	4.92592910e-06	2	3.77916490e-05	2.33328880e-07	2	false	GAMG	1.44494020e-04	7.29905010e-07	4	true
5994            	DILUPBiCGStab	2.47180260e-03	1.80302040e-06	3	2.23986380e-03	4.81841630e-06	2	3.77136640e-05	2.36287760e-07	2	false	GAMG	1.44435780e-04	7.23066200e-07	4	true
5995            	DILUPBiCGStab	2.48583560e-03	1.53385250e-06	3	2.27922440e-03	2.24212530e-05	2	3.75917660e-05	2.38524660e-07	2	false	GAMG	1.45022920e-04	7.34021930e-07	4	true
5996            	DILUPBiCGStab	2.49916730e-03	1.93088330e-05	2	2.31710100e-03	2.28912010e-05	2	3.74038880e-05	2.38917830e-07	2	false	GAMG	1.45099760e-04	7.42914660e-07	4	true
5997            	DILUPBiCGStab	2.51264000e-03	1.09228910e-05	2	2.34964600e-03	2.23569330e-05	2	3.72920150e-05	2.35882310e-07	2	false	GAMG	1.44739460e-04	7.42336800e-07	4	true
5998            	DILUPBiCGStab	2.52551100e-03	1.21719460e-06	3	2.37627690e-03	5.17574680e-06	2	3.71887470e-05	2.31404030e-07	2	false	GAMG	1.44521130e-04	7.20778000e-07	4	true
5999            	DILUPBiCGStab	2.54427680e-03	1.32768150e-05	2	2.39616650e-03	6.36416590e-06	2	3.71268370e-05	2.26374050e-07	2	false	GAMG	1.42973000e-04	6.92075020e-07	4	true
6000            	DILUPBiCGStab	2.56267730e-03	1.57180290e-05	2	2.40248600e-03	5.31949960e-06	2	3.71614180e-05	2.22178430e-07	2	false	GAMG	1.41806900e-04	6.82316770e-07	4	true
