Time (s),PRESSURE_FORCE_X,PRESSURE_FORCE_Y,PRESSURE_FORCE_Z,TOTAL_FORCE_X,TOTAL_FORCE_Y,TOTAL_FORCE_Z,VISCOUS_FORCE_X,VISCOUS_FORCE_Y,VISCOUS_FORCE_Z
"                   1",-9.799841708596e-02,2.971849702478e-01,-5.957391680508e+01,-9.804753206457e-02,2.972638547345e-01,-6.422874734975e+01,-4.911497860793e-05,7.888448662726e-05,-4.654830544667e+00
"                   2",-5.719750220376e-02,2.567197011356e-01,-3.970596155765e+01,-5.736964372677e-02,2.563791109082e-01,-4.401881184587e+01,-1.721415230022e-04,-3.405902273700e-04,-4.312850288220e+00
"                   3",1.353218168916e-02,4.754199407137e-02,6.583476409298e+00,1.318483906614e-02,4.671175719722e-02,2.657041183048e+00,-3.473426230169e-04,-8.302368741475e-04,-3.926435226249e+00
"                   4",4.676358432724e-02,-4.651903831376e-02,3.899774969028e+01,4.639840999594e-02,-4.737081068058e-02,3.545817097963e+01,-3.651743312971e-04,-8.517723668210e-04,-3.539578710644e+00
"                   5",-9.916895750166e-04,-3.020137706130e-03,2.316011155589e+01,-1.107228608451e-03,-3.509738893320e-03,1.980329360176e+01,-1.155390334348e-04,-4.896011871893e-04,-3.356817954134e+00
"                   6",-3.406017127094e-02,1.114268930330e-01,-8.692375494115e+00,-3.392171299157e-02,1.113169339913e-01,-1.198369952197e+01,1.384582793706e-04,-1.099590416732e-04,-3.291324027850e+00
"                   7",-2.595413261491e-02,1.487156554027e-01,-2.534467403206e+01,-2.577190128880e-02,1.485901657078e-01,-2.850221594531e+01,1.822313261146e-04,-1.254896948737e-04,-3.157541913246e+00
"                   8",8.820329905603e-03,1.041373558587e-01,-1.729279165810e+01,8.866066891535e-03,1.038484491815e-01,-2.025798818442e+01,4.573698593196e-05,-2.889066771898e-04,-2.965196526313e+00
"                   9",3.039268060056e-02,6.002139302836e-02,-9.580062950472e-01,3.028597822391e-02,5.981829884610e-02,-3.738047148164e+00,-1.067023766453e-04,-2.030941822608e-04,-2.780040853117e+00
"                  10",3.095949186644e-02,7.698964299763e-02,6.087520585873e+00,3.070833704490e-02,7.699276203561e-02,3.458714379309e+00,-2.511548215399e-04,3.119037974130e-06,-2.628806206564e+00
"                  11",9.661082191798e-03,1.202262613427e-01,2.371556989259e+00,9.540391003111e-03,1.203541738367e-01,-1.638785802581e-01,-1.206911886865e-04,1.279124939909e-04,-2.535435569517e+00
"                  12",-1.139031024098e-02,1.487333557901e-01,-4.223877680904e+00,-1.138514595522e-02,1.489087956592e-01,-6.694095575612e+00,5.164285762822e-06,1.754398691634e-04,-2.470217894709e+00
"                  13",-2.143731594336e-02,1.476420015442e-01,-6.692822946445e+00,-2.140887479976e-02,1.478706821476e-01,-9.101111672004e+00,2.844114360004e-05,2.286806034301e-04,-2.408288725559e+00
"                  14",-1.767459139657e-02,1.256835112039e-01,-4.476024115455e+00,-1.759301457987e-02,1.259206524106e-01,-6.817975877339e+00,8.157681669721e-05,2.371412067272e-04,-2.341951761884e+00
"                  15",-2.518996835789e-03,1.057989061850e-01,-1.491797202714e+00,-2.410943790610e-03,1.060205562173e-01,-3.769980924190e+00,1.080530451791e-04,2.216500322998e-04,-2.278183721476e+00
"                  16",6.580162980953e-03,1.047449160368e-01,-7.577092478988e-01,6.644785337141e-03,1.049842321899e-01,-2.983626875346e+00,6.462235618860e-05,2.393161531528e-04,-2.225917627447e+00
"                  17",5.951240141769e-03,1.203972105864e-01,-1.975045190779e+00,5.970438629884e-03,1.206478173209e-01,-4.160008836257e+00,1.919848811483e-05,2.506067345267e-04,-2.184963645479e+00
"                  18",-2.669918717515e-03,1.341493805181e-01,-3.197971393147e+00,-2.728338660706e-03,1.344000697607e-01,-5.347911959597e+00,-5.841994319061e-05,2.506892426459e-04,-2.149940566450e+00
"                  19",-1.470854864081e-02,1.288309766495e-01,-3.244197887868e+00,-1.478974544107e-02,1.290704527262e-01,-5.361480257406e+00,-8.119680025706e-05,2.394760767630e-04,-2.117282369538e+00
"                  20",-2.031736588043e-02,1.103690747342e-01,-2.482185102114e+00,-2.041584559574e-02,1.105741505940e-01,-4.568848490237e+00,-9.847971531107e-05,2.050758598122e-04,-2.086663388122e+00
"                  21",-1.791863954173e-02,8.972750673158e-02,-1.919646601214e+00,-1.800574541899e-02,8.991080351755e-02,-3.979253490025e+00,-8.710587725631e-05,1.832967859690e-04,-2.059606888810e+00
"                  22",-1.056010335648e-02,7.864874998995e-02,-2.023005722501e+00,-1.061843253093e-02,7.880616145942e-02,-4.060138087834e+00,-5.832917444573e-05,1.574114694642e-04,-2.037132365334e+00
"                  23",-4.737621865530e-03,7.821945756262e-02,-2.459571617826e+00,-4.779507428263e-03,7.836040745010e-02,-4.478184037811e+00,-4.188556273327e-05,1.409498874796e-04,-2.018612419984e+00
"                  24",-2.332629624277e-03,8.034556919176e-02,-2.699372184832e+00,-2.373089281697e-03,8.046961351984e-02,-4.701876737495e+00,-4.045965741991e-05,1.240443280816e-04,-2.002504552663e+00
"                  25",-1.806073963223e-03,7.647440764498e-02,-2.560686736854e+00,-1.855493158403e-03,7.657869994952e-02,-4.548470356137e+00,-4.941919517922e-05,1.042923045425e-04,-1.987783619283e+00
"                  26",-2.085232999406e-03,6.934543930095e-02,-2.271453366649e+00,-2.143305690447e-03,6.942382583508e-02,-4.245642045014e+00,-5.807269104094e-05,7.838653413159e-05,-1.974188678365e+00
"                  27",-2.310996426274e-03,6.522718344740e-02,-2.135064866753e+00,-2.380118998847e-03,6.527913023447e-02,-4.096996995511e+00,-6.912257257264e-05,5.194678706767e-05,-1.961932128758e+00
"                  28",-2.324051109213e-03,6.661437401237e-02,-2.237400501006e+00,-2.401380166142e-03,6.664744124825e-02,-4.188731473301e+00,-7.732905692930e-05,3.306723587294e-05,-1.951330972295e+00
"                  29",-2.110192357065e-03,7.281215901136e-02,-2.429629757729e+00,-2.200098587350e-03,7.283873117516e-02,-4.371886624002e+00,-8.990623028461e-05,2.657216379725e-05,-1.942256866273e+00
"                  30",-2.836840805713e-03,8.007766334393e-02,-2.523910878327e+00,-2.941943762383e-03,8.010239650342e-02,-4.458181338524e+00,-1.051029566698e-04,2.473315948988e-05,-1.934270460196e+00
"                  31",-6.077166773792e-03,8.629323751228e-02,-2.481622421200e+00,-6.196469611912e-03,8.631900095864e-02,-4.408614986217e+00,-1.193028381200e-04,2.576344636388e-05,-1.926992565017e+00
"                  32",-1.048663066101e-02,9.139241082252e-02,-2.391612302432e+00,-1.061990938208e-02,9.142367285005e-02,-4.311821100852e+00,-1.332787210715e-04,3.126202752717e-05,-1.920208798419e+00
"                  33",-1.239100683463e-02,9.726817696344e-02,-2.350993881334e+00,-1.255052692647e-02,9.730214514941e-02,-4.264861740802e+00,-1.595200918362e-04,3.396818596857e-05,-1.913867859468e+00
"                  34",-1.236550517183e-02,1.031179293776e-01,-2.384145793200e+00,-1.255970796960e-02,1.031550745556e-01,-4.292078406023e+00,-1.942027977705e-04,3.714517801883e-05,-1.907932612822e+00
"                  35",-1.204551553462e-02,1.073580670752e-01,-2.443612049645e+00,-1.227566985059e-02,1.073973420507e-01,-4.346003613854e+00,-2.301543159714e-04,3.927497554090e-05,-1.902391564209e+00
"                  36",-1.194742472040e-02,1.097947089840e-01,-2.472870157739e+00,-1.221136253206e-02,1.098300022869e-01,-4.370121584590e+00,-2.639378116550e-04,3.529330288732e-05,-1.897251426850e+00
"                  37",-1.250069171533e-02,1.097111953283e-01,-2.457517770748e+00,-1.279571557870e-02,1.097332767129e-01,-4.349963482181e+00,-2.950238633646e-04,2.208138453062e-05,-1.892445711434e+00
"                  38",-1.366288957951e-02,1.072236917213e-01,-2.422533205463e+00,-1.398405306882e-02,1.072243283037e-01,-4.310415678121e+00,-3.211634893160e-04,6.365823220552e-07,-1.887882472657e+00
"                  39",-1.548664616365e-02,1.036043655516e-01,-2.398854138955e+00,-1.583147782634e-02,1.035799692202e-01,-4.282377294135e+00,-3.448316626903e-04,-2.439633140111e-05,-1.883523155179e+00
"                  40",-1.739055762951e-02,1.006143328353e-01,-2.394874192053e+00,-1.775785024627e-02,1.005668734021e-01,-4.274251426109e+00,-3.672926167597e-04,-4.745943326906e-05,-1.879377234055e+00
"                  41",-1.909175183513e-02,9.937269810342e-02,-2.400627268745e+00,-1.948051655383e-02,9.931052150907e-02,-4.276063301620e+00,-3.887647186919e-04,-6.217659435116e-05,-1.875436032875e+00
"                  42",-1.980584643147e-02,1.004919249265e-01,-2.405004505216e+00,-2.022091042353e-02,1.004242664749e-01,-4.276672993683e+00,-4.150639920660e-04,-6.765845159925e-05,-1.871668488467e+00
"                  43",-1.967417951957e-02,1.037635839347e-01,-2.403977575177e+00,-2.011263085167e-02,1.037013620735e-01,-4.272025287647e+00,-4.384513320963e-04,-6.222186112086e-05,-1.868047712470e+00
"                  44",-1.930797427238e-02,1.088616445628e-01,-2.402066086708e+00,-1.976895626293e-02,1.088111260987e-01,-4.266625382092e+00,-4.609819905477e-04,-5.051846409425e-05,-1.864559295384e+00
"                  45",-1.922064865261e-02,1.146656776074e-01,-2.403643296756e+00,-1.969917522647e-02,1.146294429151e-01,-4.264820797356e+00,-4.785265738653e-04,-3.623469235983e-05,-1.861177500601e+00
"                  46",-1.974335817090e-02,1.201216843676e-01,-2.409407593444e+00,-2.024153256370e-02,1.200979730884e-01,-4.267312224540e+00,-4.981743928019e-04,-2.371127919484e-05,-1.857904631097e+00
"                  47",-2.008809215943e-02,1.245238349980e-01,-2.416410837613e+00,-2.060157688181e-02,1.245091544219e-01,-4.271166013073e+00,-5.134847223807e-04,-1.468057616640e-05,-1.854755175460e+00
"                  48",-1.992849950898e-02,1.278993651488e-01,-2.419924448578e+00,-2.045992888187e-02,1.278853675531e-01,-4.271665354754e+00,-5.314293728895e-04,-1.399759571251e-05,-1.851740906176e+00
"                  49",-2.005400764276e-02,1.296416615822e-01,-2.418886495143e+00,-2.060179118872e-02,1.296224592091e-01,-4.267733053009e+00,-5.477835459643e-04,-1.920237317975e-05,-1.848846557866e+00
"                  50",-2.073438429164e-02,1.297629594474e-01,-2.417021190269e+00,-2.129753021494e-02,1.297320420674e-01,-4.263074983439e+00,-5.631459232980e-04,-3.091738008008e-05,-1.846053793171e+00
"                  51",-2.221498784962e-02,1.283605581862e-01,-2.418730659676e+00,-2.279149754827e-02,1.283168205253e-01,-4.262089605009e+00,-5.765096986518e-04,-4.373766088555e-05,-1.843358945333e+00
"                  52",-2.427819369436e-02,1.258377947655e-01,-2.424747521392e+00,-2.486915914175e-02,1.257803082285e-01,-4.265512778647e+00,-5.909654473974e-04,-5.748653696135e-05,-1.840765257256e+00
"                  53",-2.612278650506e-02,1.231514878253e-01,-2.431951346905e+00,-2.672845168498e-02,1.230834799948e-01,-4.270209328623e+00,-6.056651799231e-04,-6.800783057756e-05,-1.838257981718e+00
"                  54",-2.735987281136e-02,1.209951858431e-01,-2.436543357401e+00,-2.797871048577e-02,1.209205663489e-01,-4.272357907207e+00,-6.188376744114e-04,-7.461949414857e-05,-1.835814549806e+00
"                  55",-2.782506142086e-02,1.198064319935e-01,-2.437825765973e+00,-2.845297524809e-02,1.197292436615e-01,-4.271270987615e+00,-6.279138272378e-04,-7.718833197754e-05,-1.833445221642e+00
"                  56",-2.798459605927e-02,1.197354035378e-01,-2.438155980947e+00,-2.861593060037e-02,1.196573799150e-01,-4.269341648879e+00,-6.313345411049e-04,-7.802362287155e-05,-1.831185667932e+00
"                  57",-2.838329314596e-02,1.206918008886e-01,-2.440783065329e+00,-2.901478104974e-02,1.206154585727e-01,-4.269810253114e+00,-6.314879037752e-04,-7.634231593247e-05,-1.829027187785e+00
"                  58",-2.857545782453e-02,1.225268173433e-01,-2.447043568074e+00,-2.920313395907e-02,1.224536155153e-01,-4.273989415748e+00,-6.276761345383e-04,-7.320182801563e-05,-1.826945847674e+00
"                  59",-2.827749044931e-02,1.248071874644e-01,-2.455693454615e+00,-2.890163023976e-02,1.247367758335e-01,-4.280621225580e+00,-6.241397904451e-04,-7.041163084962e-05,-1.824927770965e+00
"                  60",-2.770286947876e-02,1.271871646857e-01,-2.464569317140e+00,-2.832544788252e-02,1.271169743485e-01,-4.287535431213e+00,-6.225784037605e-04,-7.019033722238e-05,-1.822966114073e+00
"                  61",-2.754367912897e-02,1.291492693261e-01,-2.472844486175e+00,-2.816514600580e-02,1.290759347088e-01,-4.293892083153e+00,-6.214668768344e-04,-7.333461729512e-05,-1.821047596978e+00
"                  62",-2.793982502823e-02,1.304498152917e-01,-2.480651077117e+00,-2.856120769825e-02,1.303689818934e-01,-4.299817287518e+00,-6.213826700206e-04,-8.083339822652e-05,-1.819166210402e+00
"                  63",-2.883478279327e-02,1.309895532597e-01,-2.488284835451e+00,-2.945785751332e-02,1.308975791872e-01,-4.305608856123e+00,-6.230747200533e-04,-9.197407256783e-05,-1.817324020672e+00
"                  64",-3.015231707917e-02,1.309230536254e-01,-2.496330235219e+00,-3.077941553159e-02,1.308182506490e-01,-4.311865589522e+00,-6.270984524169e-04,-1.048029764541e-04,-1.815535354303e+00
"                  65",-3.196596820422e-02,1.304721464936e-01,-2.504677673706e+00,-3.259823767848e-02,1.303562984488e-01,-4.318494486738e+00,-6.322694742579e-04,-1.158480447818e-04,-1.813816813032e+00
"                  66",-3.393231221000e-02,1.301814377854e-01,-2.512437825078e+00,-3.457000360757e-02,1.300580806556e-01,-4.324599989318e+00,-6.376913975721e-04,-1.233571297872e-04,-1.812162164240e+00
"                  67",-3.569114679618e-02,1.305543265496e-01,-2.519229356824e+00,-3.633240770437e-02,1.304278074418e-01,-4.329785800483e+00,-6.412609081845e-04,-1.265191077707e-04,-1.810556443659e+00
"                  68",-3.699899637786e-02,1.319824172711e-01,-2.525247516796e+00,-3.764121044859e-02,1.318578228597e-01,-4.334246602541e+00,-6.422140707316e-04,-1.245944113777e-04,-1.808999085745e+00
"                  69",-3.777742932417e-02,1.345663320445e-01,-2.531070230410e+00,-3.841838546405e-02,1.344479179603e-01,-4.338563098258e+00,-6.409561398879e-04,-1.184140842266e-04,-1.807492867848e+00
"                  70",-3.798436395238e-02,1.381144011416e-01,-2.537143112326e+00,-3.862228281819e-02,1.380034523894e-01,-4.343190576253e+00,-6.379188658183e-04,-1.109487521593e-04,-1.806047463928e+00
"                  71",-3.781019636381e-02,1.421196093542e-01,-2.543620309454e+00,-3.844489057483e-02,1.420148414528e-01,-4.348295650644e+00,-6.346942110188e-04,-1.047679013587e-04,-1.804675341190e+00
"                  72",-3.768255629328e-02,1.459569059279e-01,-2.550418606238e+00,-3.831550051322e-02,1.458544982688e-01,-4.353806328127e+00,-6.329442199400e-04,-1.024076591639e-04,-1.803387721890e+00
"                  73",-3.806899347381e-02,1.491549422450e-01,-2.557458030598e+00,-3.870334987068e-02,1.490496622585e-01,-4.359650539727e+00,-6.343563968629e-04,-1.052799864589e-04,-1.802192509128e+00
"                  74",-3.906909401317e-02,1.513754622864e-01,-2.564713984544e+00,-3.970819465618e-02,1.512628124184e-01,-4.365805187514e+00,-6.391006430121e-04,-1.126498679234e-04,-1.801091202970e+00
"                  75",-4.067407753431e-02,1.525162827311e-01,-2.572323217458e+00,-4.132130758285e-02,1.523923331420e-01,-4.372400586893e+00,-6.472300485455e-04,-1.239495891351e-04,-1.800077369435e+00
"                  76",-4.281044683043e-02,1.526256399896e-01,-2.580356070020e+00,-4.346756704176e-02,1.524901988559e-01,-4.379502103270e+00,-6.571202113258e-04,-1.354411337303e-04,-1.799146033250e+00
"                  77",-4.530696007407e-02,1.519910261493e-01,-2.588942530003e+00,-4.597450470040e-02,1.518457013201e-01,-4.387237358049e+00,-6.675446263318e-04,-1.453248291767e-04,-1.798294828046e+00
"                  78",-4.792689843933e-02,1.511667358374e-01,-2.597933965129e+00,-4.860474966181e-02,1.510170848020e-01,-4.395461458909e+00,-6.778512224766e-04,-1.496510354659e-04,-1.797527493780e+00
"                  79",-5.040893962800e-02,1.506709247650e-01,-2.607274397873e+00,-5.109455520530e-02,1.505240034508e-01,-4.404120167239e+00,-6.856155773002e-04,-1.469213142359e-04,-1.796845769367e+00
"                  80",-5.228900805312e-02,1.509003242773e-01,-2.616942999950e+00,-5.298048501453e-02,1.507637047301e-01,-4.413196128435e+00,-6.914769614062e-04,-1.366195472273e-04,-1.796253128485e+00
"                  81",-5.328141562666e-02,1.521764666355e-01,-2.626853418500e+00,-5.397608281413e-02,1.520550154576e-01,-4.422603102946e+00,-6.946671874688e-04,-1.214511778808e-04,-1.795749684446e+00
"                  82",-5.338581916860e-02,1.546251387096e-01,-2.636805188269e+00,-5.408156109274e-02,1.545228200506e-01,-4.432139599242e+00,-6.957419241432e-04,-1.023186590227e-04,-1.795334410973e+00
"                  83",-5.303954858880e-02,1.578961121181e-01,-2.646798648637e+00,-5.373436647529e-02,1.578128376391e-01,-4.441804111051e+00,-6.948178864901e-04,-8.327447903205e-05,-1.795005462414e+00
"                  84",-5.266934641577e-02,1.613935233080e-01,-2.656806370903e+00,-5.336478113502e-02,1.613254842795e-01,-4.451568758572e+00,-6.954347192541e-04,-6.803902851197e-05,-1.794762387669e+00
"                  85",-5.261953608303e-02,1.642274006239e-01,-2.666956265164e+00,-5.331798298760e-02,1.641676928574e-01,-4.461560957175e+00,-6.984469045730e-04,-5.970776647937e-05,-1.794604692011e+00
"                  86",-5.319072008623e-02,1.657837365692e-01,-2.677409948041e+00,-5.389624098402e-02,1.657244857027e-01,-4.471943014478e+00,-7.055208977845e-04,-5.925086641965e-05,-1.794533066436e+00
"                  87",-5.459208385051e-02,1.658067105222e-01,-2.688183844026e+00,-5.530737918344e-02,1.657407916425e-01,-4.482732654509e+00,-7.152953329366e-04,-6.591887962453e-05,-1.794548810483e+00
"                  88",-5.673324747215e-02,1.642852112201e-01,-2.699277322467e+00,-5.746088758925e-02,1.642078645290e-01,-4.493929887078e+00,-7.276401170945e-04,-7.734669108513e-05,-1.794652564610e+00
"                  89",-5.931336107344e-02,1.617050660302e-01,-2.710642489189e+00,-6.005281641630e-02,1.616151127170e-01,-4.505486394588e+00,-7.394553428605e-04,-8.995331316468e-05,-1.794843905399e+00
"                  90",-6.163667065721e-02,1.589229020824e-01,-2.722034066724e+00,-6.238595569452e-02,1.588228645327e-01,-4.517157981408e+00,-7.492850373105e-04,-1.000375497266e-04,-1.795123914684e+00
"                  91",-6.319500170898e-02,1.568759810853e-01,-2.733351818460e+00,-6.395041984599e-02,1.567712109119e-01,-4.528843595613e+00,-7.554181370086e-04,-1.047701734400e-04,-1.795491777153e+00
"                  92",-6.375905638558e-02,1.562786287571e-01,-2.744664188766e+00,-6.451674048312e-02,1.561754857308e-01,-4.540610237810e+00,-7.576840975461e-04,-1.031430263038e-04,-1.795946049044e+00
"                  93",-6.351097361920e-02,1.575198286164e-01,-2.756078667901e+00,-6.426684975887e-02,1.574242571958e-01,-4.552565455170e+00,-7.558761396694e-04,-9.557142068132e-05,-1.796486787269e+00
"                  94",-6.285358525929e-02,1.604732464961e-01,-2.767705063131e+00,-6.360499187902e-02,1.603895150718e-01,-4.564818584740e+00,-7.514066197340e-04,-8.373142430017e-05,-1.797113521608e+00
"                  95",-6.213869468533e-02,1.646014707934e-01,-2.779743278719e+00,-6.288507182035e-02,1.645305209430e-01,-4.577570330083e+00,-7.463771350222e-04,-7.094985044509e-05,-1.797827051364e+00
"                  96",-6.170842509749e-02,1.688349984758e-01,-2.792000552503e+00,-6.245134855912e-02,1.687728068921e-01,-4.590627425597e+00,-7.429234616226e-04,-6.219158367656e-05,-1.798626873093e+00
"                  97",-6.195918479463e-02,1.720795661493e-01,-2.804200904839e+00,-6.270312955548e-02,1.720177813430e-01,-4.603714184283e+00,-7.439447608523e-04,-6.178480623107e-05,-1.799513279445e+00
"                  98",-6.328496633401e-02,1.735871789124e-01,-2.816339401052e+00,-6.403545280211e-02,1.735166287835e-01,-4.616823466167e+00,-7.504864681027e-04,-7.055012897501e-05,-1.800484065115e+00
"                  99",-6.574289785672e-02,1.731376611419e-01,-2.828526155281e+00,-6.650441487054e-02,1.730498109631e-01,-4.630063913292e+00,-7.615170138141e-04,-8.785017874917e-05,-1.801537758011e+00
"                 100",-6.901008623220e-02,1.711895312531e-01,-2.840825637639e+00,-6.978326485823e-02,1.710795849751e-01,-4.643498811961e+00,-7.731786260288e-04,-1.099462779996e-04,-1.802673174322e+00
"                 101",-7.241064562561e-02,1.686963006450e-01,-2.853273048039e+00,-7.319386687888e-02,1.685641517927e-01,-4.657164250173e+00,-7.832212532723e-04,-1.321488523179e-04,-1.803891202134e+00
"                 102",-7.527492964772e-02,1.666587221489e-01,-2.865685622511e+00,-7.606346315477e-02,1.665104637905e-01,-4.670877005856e+00,-7.885335070540e-04,-1.482583584141e-04,-1.805191383345e+00
"                 103",-7.722703418861e-02,1.660509710043e-01,-2.877928071645e+00,-7.801538602314e-02,1.658981450916e-01,-4.684497369169e+00,-7.883518345288e-04,-1.528259126755e-04,-1.806569297525e+00
"                 104",-7.818800362548e-02,1.674658541373e-01,-2.890107816137e+00,-7.896940009303e-02,1.673188056293e-01,-4.698134007200e+00,-7.813964675409e-04,-1.470485079769e-04,-1.808026191064e+00
"                 105",-7.834196740379e-02,1.709082728349e-01,-2.902401904016e+00,-7.911303917539e-02,1.707760677302e-01,-4.711958477733e+00,-7.710717716005e-04,-1.322051047792e-04,-1.809556573717e+00
"                 106",-7.829028710114e-02,1.757329561170e-01,-2.914966389047e+00,-7.905065947658e-02,1.756199236867e-01,-4.726125234483e+00,-7.603723754381e-04,-1.130324303055e-04,-1.811158845436e+00
"                 107",-7.873348609354e-02,1.809090927223e-01,-2.927764387277e+00,-7.948524054643e-02,1.808142775710e-01,-4.740596886478e+00,-7.517544528861e-04,-9.481515126938e-05,-1.812832499201e+00
"                 108",-8.010903413918e-02,1.850713993752e-01,-2.940588875941e+00,-8.085906945529e-02,1.849853764701e-01,-4.755165774116e+00,-7.500353161040e-04,-8.602290512805e-05,-1.814576898175e+00
"                 109",-8.267963433664e-02,1.870258351997e-01,-2.953157512957e+00,-8.343551722131e-02,1.869378406533e-01,-4.769549163394e+00,-7.558828846696e-04,-8.799454638159e-05,-1.816391650436e+00
"                 110",-8.648130437302e-02,1.863919663394e-01,-2.965515943959e+00,-8.725003663139e-02,1.862903805877e-01,-4.783792727866e+00,-7.687322583709e-04,-1.015857516569e-04,-1.818276783907e+00
"                 111",-9.127594105701e-02,1.836356272725e-01,-2.977831288645e+00,-9.206116343495e-02,1.835121348495e-01,-4.798061929581e+00,-7.852223779440e-04,-1.234924230074e-04,-1.820230640936e+00
"                 112",-9.641082407663e-02,1.800059135799e-01,-2.990388915385e+00,-9.721360212682e-02,1.798574191816e-01,-4.812643420795e+00,-8.027780501889e-04,-1.484943982319e-04,-1.822254505410e+00
"                 113",-1.009159687015e-01,1.771623274808e-01,-3.003394980763e+00,-1.017333232593e-01,1.769937566796e-01,-4.827739672252e+00,-8.173545577500e-04,-1.685708011547e-04,-1.824344691489e+00
"                 114",-1.039012982134e-01,1.764480157376e-01,-3.016588770615e+00,-1.047254032941e-01,1.762723477362e-01,-4.843087188924e+00,-8.241050806671e-04,-1.756680014378e-04,-1.826498418308e+00
"                 115",-1.050365377556e-01,1.786124776696e-01,-3.029547077933e+00,-1.058606086820e-01,1.784438461877e-01,-4.858263754104e+00,-8.240709264517e-04,-1.686314819098e-04,-1.828716676171e+00
"                 116",-1.046666210387e-01,1.835448540474e-01,-3.042161265660e+00,-1.054856860059e-01,1.833958356677e-01,-4.873162807256e+00,-8.190649671959e-04,-1.490183797132e-04,-1.831001541596e+00
"                 117",-1.037560128721e-01,1.903375350581e-01,-3.054956930280e+00,-1.045665524161e-01,1.902148205496e-01,-4.888310959310e+00,-8.105395440147e-04,-1.227145085175e-04,-1.833354029030e+00
"                 118",-1.034685244975e-01,1.971390817145e-01,-3.068178514515e+00,-1.042728553397e-01,1.970423031809e-01,-4.903954747646e+00,-8.043308422260e-04,-9.677853351365e-05,-1.835776233131e+00
"                 119",-1.046038359482e-01,2.019743353834e-01,-3.081780206478e+00,-1.054101349663e-01,2.018921227336e-01,-4.920041123474e+00,-8.062990181183e-04,-8.221264972871e-05,-1.838260916997e+00
"                 120",-1.072853126492e-01,2.035560179577e-01,-3.095297475624e+00,-1.081047660120e-01,2.034715088227e-01,-4.936106376421e+00,-8.194533628309e-04,-8.450913501505e-05,-1.840808900797e+00
"                 121",-1.112884613171e-01,2.017027848405e-01,-3.108464491787e+00,-1.121303106885e-01,2.015981179484e-01,-4.951882992090e+00,-8.418493713845e-04,-1.046668920512e-04,-1.843418500303e+00
"                 122",-1.160472781969e-01,1.972729831021e-01,-3.121449389912e+00,-1.169170739933e-01,1.971356288648e-01,-4.967540464578e+00,-8.697957964027e-04,-1.373542373317e-04,-1.846091074666e+00
"                 123",-1.207202427549e-01,1.920681602209e-01,-3.134747688727e+00,-1.216167661284e-01,1.918959473982e-01,-4.983574993200e+00,-8.965233734983e-04,-1.722128227614e-04,-1.848827304473e+00
"                 124",-1.241277228200e-01,1.883179723056e-01,-3.148295775788e+00,-1.250446794251e-01,1.881179562724e-01,-4.999927139131e+00,-9.169566050700e-04,-2.000160332129e-04,-1.851631363344e+00
"                 125",-1.251913641844e-01,1.879620806695e-01,-3.161944101333e+00,-1.261173344754e-01,1.877505789232e-01,-5.016448352008e+00,-9.259702910612e-04,-2.115017463221e-04,-1.854504250675e+00
"                 126",-1.237603262189e-01,1.917185969447e-01,-3.175319792207e+00,-1.246846516407e-01,1.915151906868e-01,-5.032764026902e+00,-9.243254217710e-04,-2.034062578793e-04,-1.857444234696e+00
"                 127",-1.206335858947e-01,1.988164625086e-01,-3.188388957064e+00,-1.215477270975e-01,1.986365991113e-01,-5.048835402708e+00,-9.141412027536e-04,-1.798633973408e-04,-1.860446445645e+00
"                 128",-1.171053398902e-01,2.074186166656e-01,-3.201652379191e+00,-1.180054746234e-01,2.072717698925e-01,-5.065167438334e+00,-9.001347331772e-04,-1.468467731192e-04,-1.863515059143e+00
"                 129",-1.146171281891e-01,2.148066940821e-01,-3.215348931928e+00,-1.155074849539e-01,2.146892273901e-01,-5.081998355057e+00,-8.903567647422e-04,-1.174666919871e-04,-1.866649423129e+00
"                 130",-1.143628087083e-01,2.185380246363e-01,-3.229592905739e+00,-1.152521304174e-01,2.184354814857e-01,-5.099437825884e+00,-8.893217090984e-04,-1.025431505348e-04,-1.869844920144e+00
"                 131",-1.165510647502e-01,2.175432209980e-01,-3.243966604610e+00,-1.174521125514e-01,2.174364975943e-01,-5.117070480422e+00,-9.010478012086e-04,-1.067234036942e-04,-1.873103875812e+00
"                 132",-1.205526266205e-01,2.124036654128e-01,-3.257941515758e+00,-1.214745357329e-01,2.122717598286e-01,-5.134371898106e+00,-9.219091124045e-04,-1.319055841377e-04,-1.876430382348e+00
"                 133",-1.251153807663e-01,2.049797051049e-01,-3.271535743066e+00,-1.260595328719e-01,2.048105523190e-01,-5.151361909554e+00,-9.441521056229e-04,-1.691527859414e-04,-1.879826166488e+00
"                 134",-1.286529325015e-01,1.979709590337e-01,-3.285168343939e+00,-1.296165580410e-01,1.977672469646e-01,-5.168455562034e+00,-9.636255395137e-04,-2.037120690480e-04,-1.883287218095e+00
"                 135",-1.298794591510e-01,1.941230917133e-01,-3.299228415155e+00,-1.308524480278e-01,1.938987704704e-01,-5.186044713938e+00,-9.729888767658e-04,-2.243212429578e-04,-1.886816298783e+00
"                 136",-1.280343476673e-01,1.953791774584e-01,-3.313681687959e+00,-1.290024131451e-01,1.951548691291e-01,-5.204096480246e+00,-9.680654778544e-04,-2.243083292923e-04,-1.890414792287e+00
"                 137",-1.236724135200e-01,2.016512852275e-01,-3.327885701881e+00,-1.246230677068e-01,2.014479348014e-01,-5.221964005646e+00,-9.506541868029e-04,-2.033504260426e-04,-1.894078303765e+00
"                 138",-1.182852221228e-01,2.109052494645e-01,-3.341604177121e+00,-1.192114107314e-01,2.107370548107e-01,-5.239406511974e+00,-9.261886085593e-04,-1.681946537992e-04,-1.897802334853e+00
"                 139",-1.137385920068e-01,2.198759589373e-01,-3.355672790488e+00,-1.146422615125e-01,2.197438461067e-01,-5.257260162982e+00,-9.036695057091e-04,-1.321128306260e-04,-1.901587372495e+00
"                 140",-1.115137598835e-01,2.252855800822e-01,-3.370589048803e+00,-1.124019744976e-01,2.251789607849e-01,-5.276028460122e+00,-8.882146141371e-04,-1.066192972816e-04,-1.905439411319e+00
"                 141",-1.119140681180e-01,2.255431158282e-01,-3.385777224419e+00,-1.127999367148e-01,2.254396473991e-01,-5.295138795517e+00,-8.858685967937e-04,-1.034684290617e-04,-1.909361571098e+00
"                 142",-1.144083162921e-01,2.210914970481e-01,-3.400305538936e+00,-1.153051921682e-01,2.209668061112e-01,-5.313658268155e+00,-8.968758761101e-04,-1.246909369621e-04,-1.913352729219e+00
"                 143",-1.180255639931e-01,2.138421439472e-01,-3.414150666830e+00,-1.189424468051e-01,2.136786340594e-01,-5.331558970189e+00,-9.168828119689e-04,-1.635098877907e-04,-1.917408303360e+00
"                 144",-1.212632519344e-01,2.064854014933e-01,-3.428531060272e+00,-1.221977596782e-01,2.062816819923e-01,-5.350055619892e+00,-9.345077437930e-04,-2.037195009726e-04,-1.921524559620e+00
"                 145",-1.225380210686e-01,2.017330338053e-01,-3.443961084678e+00,-1.234808277811e-01,2.014997407858e-01,-5.369662593379e+00,-9.428067125214e-04,-2.332930194721e-04,-1.925701508700e+00
"                 146",-1.205441277715e-01,2.014319868258e-01,-3.459495075503e+00,-1.214790351764e-01,2.011864860042e-01,-5.389433188074e+00,-9.349074048343e-04,-2.455008215396e-04,-1.929938112571e+00
"                 147",-1.151044857428e-01,2.062325299703e-01,-3.474220920331e+00,-1.160183131200e-01,2.059976130415e-01,-5.408457090111e+00,-9.138273772569e-04,-2.349169288315e-04,-1.934236169779e+00
"                 148",-1.077863608127e-01,2.148744840855e-01,-3.488567114346e+00,-1.086704715269e-01,2.146657129493e-01,-5.427163777685e+00,-8.841107141768e-04,-2.087711361760e-04,-1.938596663339e+00
"                 149",-1.009490808327e-01,2.242868569541e-01,-3.503629582154e+00,-1.018012803238e-01,2.241103413394e-01,-5.446647151435e+00,-8.521994911418e-04,-1.765156146799e-04,-1.943017569281e+00
"                 150",-9.653811238101e-02,2.310950672735e-01,-3.519436896989e+00,-9.736568285267e-02,2.309422819609e-01,-5.466936530589e+00,-8.275704716546e-04,-1.527853125860e-04,-1.947499633600e+00
"                 151",-9.492889445841e-02,2.334634886355e-01,-3.535140185045e+00,-9.574570071692e-02,2.333164491667e-01,-5.487186740695e+00,-8.168062585128e-04,-1.470394688417e-04,-1.952046555649e+00
"                 152",-9.550059611675e-02,2.314180264476e-01,-3.550147424048e+00,-9.632011797131e-02,2.312566753402e-01,-5.506802825762e+00,-8.195218545648e-04,-1.613511073523e-04,-1.956655401715e+00
"                 153",-9.736505845058e-02,2.263654477516e-01,-3.565070697958e+00,-9.819417535354e-02,2.261736555545e-01,-5.526394814542e+00,-8.291169029627e-04,-1.917921971333e-04,-1.961324116584e+00
"                 154",-9.968566871098e-02,2.200613600578e-01,-3.580642769919e+00,-1.005227574756e-01,2.198354465078e-01,-5.546696287539e+00,-8.370887645765e-04,-2.259135500341e-04,-1.966053517620e+00
"                 155",-1.011594566149e-01,2.146309938002e-01,-3.596792946629e+00,-1.019957484948e-01,2.143768305062e-01,-5.567637532020e+00,-8.362918798701e-04,-2.541632939734e-04,-1.970844585390e+00
"                 156",-1.003902806485e-01,2.120267300330e-01,-3.612678094816e+00,-1.012149684964e-01,2.117585372129e-01,-5.588375063907e+00,-8.246878479133e-04,-2.681928200326e-04,-1.975696969091e+00
"                 157",-9.672635860346e-02,2.135936120676e-01,-3.627943008607e+00,-9.752696003593e-02,2.133300170291e-01,-5.608554126159e+00,-8.006014324730e-04,-2.635950384966e-04,-1.980611117552e+00
"                 158",-9.113040722843e-02,2.188573886623e-01,-3.643372651413e+00,-9.189703904555e-02,2.186157969363e-01,-5.628957685088e+00,-7.666318171139e-04,-2.415917259963e-04,-1.985585033676e+00
"                 159",-8.572440145028e-02,2.257116279499e-01,-3.659553639799e+00,-8.645678873210e-02,2.255004997351e-01,-5.650173618246e+00,-7.323872818207e-04,-2.111282148984e-04,-1.990619978446e+00
"                 160",-8.228817839512e-02,2.314824568442e-01,-3.676238019514e+00,-8.299433505706e-02,2.312979751425e-01,-5.671958453033e+00,-7.061566619434e-04,-1.844817017614e-04,-1.995720433519e+00
"                 161",-8.127145155424e-02,2.344091671565e-01,-3.692511103922e+00,-8.195968008499e-02,2.342379785851e-01,-5.693398055019e+00,-6.882285307415e-04,-1.711885713574e-04,-2.000886951097e+00
"                 162",-8.210245815525e-02,2.339524070389e-01,-3.708061983498e+00,-8.278446743330e-02,2.337768452430e-01,-5.714179282609e+00,-6.820092780507e-04,-1.755617959227e-04,-2.006117299111e+00
"                 163",-8.393746424790e-02,2.308304048768e-01,-3.723714260250e+00,-8.462245522641e-02,2.306366067647e-01,-5.735119085619e+00,-6.849909785180e-04,-1.937981121205e-04,-2.011404825370e+00
"                 164",-8.643047339802e-02,2.260862001493e-01,-3.740224039664e+00,-8.712056266286e-02,2.258652168527e-01,-5.756977757202e+00,-6.900892648400e-04,-2.209832965570e-04,-2.016753717537e+00
"                 165",-8.887554205032e-02,2.210524191967e-01,-3.757429932591e+00,-8.956492333762e-02,2.208047651130e-01,-5.779599782448e+00,-6.893812873048e-04,-2.476540836454e-04,-2.022169849857e+00
"                 166",-9.016392067855e-02,2.173491721276e-01,-3.774364093830e+00,-9.084467812391e-02,2.170836392885e-01,-5.802016462680e+00,-6.807574453633e-04,-2.655328390866e-04,-2.027652368850e+00
"                 167",-8.917081594487e-02,2.165157381853e-01,-3.790422161938e+00,-8.983566416493e-02,2.162485815098e-01,-5.823627234926e+00,-6.648482200603e-04,-2.671566755407e-04,-2.033205072987e+00
"                 168",-8.591312085295e-02,2.190245926520e-01,-3.806271229562e+00,-8.655516581232e-02,2.187719546592e-01,-5.845093538889e+00,-6.420449593664e-04,-2.526379928206e-04,-2.038822309327e+00
"                 169",-8.190358647852e-02,2.238404381576e-01,-3.822842152494e+00,-8.252087618863e-02,2.236106283773e-01,-5.867345021110e+00,-6.172897101128e-04,-2.298097802502e-04,-2.044502868615e+00
"                 170",-7.878255057952e-02,2.290991326439e-01,-3.840352551683e+00,-7.937752548747e-02,2.288915174728e-01,-5.890608410806e+00,-5.949749079497e-04,-2.076151711010e-04,-2.050255859123e+00
"                 171",-7.733388454210e-02,2.331479264994e-01,-3.857930941974e+00,-7.791374364261e-02,2.329566373787e-01,-5.914012012618e+00,-5.798591005142e-04,-1.912891207261e-04,-2.056081070644e+00
"                 172",-7.735710650422e-02,2.349626736907e-01,-3.874815434474e+00,-7.793058560703e-02,2.347741981828e-01,-5.936791102747e+00,-5.734791028044e-04,-1.884755079559e-04,-2.061975668272e+00
"                 173",-7.812822137896e-02,2.346809069487e-01,-3.891185146640e+00,-7.870341505751e-02,2.344799988265e-01,-5.959122390779e+00,-5.751936785475e-04,-2.009081222004e-04,-2.067937244139e+00
"                 174",-7.912778692702e-02,2.328641820992e-01,-3.907903242210e+00,-7.970734140237e-02,2.326425878027e-01,-5.981871172082e+00,-5.795544753513e-04,-2.215942965450e-04,-2.073967929872e+00
"                 175",-8.008880588216e-02,2.304037272370e-01,-3.925407156376e+00,-8.067125673016e-02,2.301564543309e-01,-6.005475172538e+00,-5.824508480014e-04,-2.472729061545e-04,-2.080068016163e+00
"                 176",-8.066469993878e-02,2.282343063927e-01,-3.943272640577e+00,-8.124293812978e-02,2.279664066447e-01,-6.029510133143e+00,-5.782381909993e-04,-2.678997480773e-04,-2.086237492565e+00
"                 177",-8.027166204104e-02,2.274691035194e-01,-3.960795119709e+00,-8.083900820816e-02,2.271936989555e-01,-6.053270381031e+00,-5.673461671130e-04,-2.754045639255e-04,-2.092475261322e+00
"                 178",-7.851859928752e-02,2.287606699373e-01,-3.977780369312e+00,-7.906735773139e-02,2.284888783847e-01,-6.076565188827e+00,-5.487584438677e-04,-2.717915525693e-04,-2.098784819515e+00
"                 179",-7.580218100483e-02,2.319440448066e-01,-3.994739747874e+00,-7.633005514244e-02,2.316848297079e-01,-6.099896613005e+00,-5.278741376076e-04,-2.592150986637e-04,-2.105156865131e+00
"                 180",-7.304919320788e-02,2.358883248574e-01,-4.012320839610e+00,-7.355532106107e-02,2.356465890735e-01,-6.123919523823e+00,-5.061278531906e-04,-2.417357838927e-04,-2.111598684213e+00
"                 181",-7.107091790775e-02,2.391878160086e-01,-4.030400672589e+00,-7.156021949957e-02,2.389628888601e-01,-6.148506452157e+00,-4.893015918244e-04,-2.249271484738e-04,-2.118105779568e+00
"                 182",-7.019211216570e-02,2.408736735847e-01,-4.048524470830e+00,-7.066719104637e-02,2.406573406285e-01,-6.173207823908e+00,-4.750788806673e-04,-2.163329562006e-04,-2.124683353079e+00
"                 183",-7.023905122000e-02,2.407725347342e-01,-4.066225829333e+00,-7.070924728799e-02,2.405553478169e-01,-6.197549071953e+00,-4.701960679914e-04,-2.171869173346e-04,-2.131323242620e+00
"                 184",-7.084809394516e-02,2.392635333691e-01,-4.083584459029e+00,-7.132071066909e-02,2.390352541555e-01,-6.221616338158e+00,-4.726167239307e-04,-2.282792135860e-04,-2.138031879129e+00
"                 185",-7.181522918455e-02,2.370034917011e-01,-4.101231631326e+00,-7.228808144930e-02,2.367610481470e-01,-6.246040419250e+00,-4.728522647498e-04,-2.424435541033e-04,-2.144808787924e+00
"                 186",-7.288827264605e-02,2.347221919673e-01,-4.119379732024e+00,-7.336098752277e-02,2.344658653746e-01,-6.271032651105e+00,-4.727148767167e-04,-2.563265926232e-04,-2.151652919081e+00
"                 187",-7.363651807540e-02,2.331216738789e-01,-4.137700692412e+00,-7.410421150144e-02,2.328598464705e-01,-6.296265997438e+00,-4.676934260404e-04,-2.618274084349e-04,-2.158565305026e+00
"                 188",-7.379465581550e-02,2.327580595431e-01,-4.155836634170e+00,-7.425227113882e-02,2.325015148364e-01,-6.321389030966e+00,-4.576153233199e-04,-2.565447066821e-04,-2.165552396797e+00
"                 189",-7.331869333785e-02,2.337330265114e-01,-4.173712384597e+00,-7.376464006568e-02,2.334879963170e-01,-6.346312672902e+00,-4.459467278292e-04,-2.450301944420e-04,-2.172600288305e+00
"                 190",-7.237339196132e-02,2.355982627013e-01,-4.191633432775e+00,-7.280403493564e-02,2.353700190300e-01,-6.371351748021e+00,-4.306429743186e-04,-2.282436712993e-04,-2.179718315246e+00
"                 191",-7.150531601602e-02,2.375717238934e-01,-4.209853925158e+00,-7.192429394093e-02,2.373562114583e-01,-6.396746403482e+00,-4.189779249114e-04,-2.155124350698e-04,-2.186892478324e+00
"                 192",-7.116800123998e-02,2.387040592382e-01,-4.228347080839e+00,-7.157787485540e-02,2.385023897112e-01,-6.422493213779e+00,-4.098736154204e-04,-2.016695270541e-04,-2.194146132940e+00
"                 193",-7.150042415407e-02,2.385849570908e-01,-4.246852072212e+00,-7.190546504662e-02,2.383844753641e-01,-6.448305361610e+00,-4.050408925565e-04,-2.004817266122e-04,-2.201453289398e+00
"                 194",-7.228538434057e-02,2.375600215980e-01,-4.265244228878e+00,-7.269048788095e-02,2.373540850475e-01,-6.474079850290e+00,-4.051035403756e-04,-2.059365505121e-04,-2.208835621413e+00
"                 195",-7.323398386549e-02,2.362493880095e-01,-4.283574455143e+00,-7.364388878726e-02,2.360346663659e-01,-6.499862406165e+00,-4.099049217724e-04,-2.147216436054e-04,-2.216287951023e+00
"                 196",-7.410353414039e-02,2.353619031147e-01,-4.302091734857e+00,-7.451687204586e-02,2.351361169059e-01,-6.525902898570e+00,-4.133379054640e-04,-2.257862087951e-04,-2.223811163713e+00
"                 197",-7.470724343213e-02,2.353426810269e-01,-4.320826876779e+00,-7.512372277080e-02,2.351084027904e-01,-6.552232349941e+00,-4.164793386670e-04,-2.342782364406e-04,-2.231405473162e+00
"                 198",-7.498206976592e-02,2.363095664350e-01,-4.339672393568e+00,-7.539625366328e-02,2.360725897268e-01,-6.578742332633e+00,-4.141838973571e-04,-2.369767081255e-04,-2.239069939065e+00
"                 199",-7.490103676992e-02,2.382714213097e-01,-4.358544681998e+00,-7.530916856826e-02,2.380377714712e-01,-6.605346536872e+00,-4.081317983464e-04,-2.336498384694e-04,-2.246801854873e+00
"                 200",-7.437745435593e-02,2.409270075240e-01,-4.377415125133e+00,-7.477766037890e-02,2.406994532949e-01,-6.632016552467e+00,-4.002060229782e-04,-2.275542291944e-04,-2.254601427334e+00
"                 201",-7.357021831800e-02,2.438151768391e-01,-4.396292527152e+00,-7.396361467588e-02,2.435954791105e-01,-6.658758778198e+00,-3.933963578842e-04,-2.196977285292e-04,-2.262466251045e+00
"                 202",-7.264608506441e-02,2.462734659967e-01,-4.415325997250e+00,-7.303289836517e-02,2.460598470970e-01,-6.685726997596e+00,-3.868133007610e-04,-2.136188996817e-04,-2.270401000347e+00
"                 203",-7.200084637725e-02,2.479441745198e-01,-4.434464735849e+00,-7.238365687144e-02,2.477313599943e-01,-6.712865651754e+00,-3.828104941940e-04,-2.128145254716e-04,-2.278400915906e+00
"                 204",-7.177040809609e-02,2.486207878983e-01,-4.453678459378e+00,-7.215422022566e-02,2.484036408508e-01,-6.740144030859e+00,-3.838121295703e-04,-2.171470475544e-04,-2.286465571481e+00
"                 205",-7.198344241013e-02,2.486644935516e-01,-4.472864768503e+00,-7.237143798003e-02,2.484401456745e-01,-6.767461024995e+00,-3.879955699027e-04,-2.243478771314e-04,-2.294596256492e+00
"                 206",-7.237053310729e-02,2.484412045200e-01,-4.492104300553e+00,-7.276373459236e-02,2.482082512265e-01,-6.794898410628e+00,-3.932014850685e-04,-2.329532934642e-04,-2.302794110076e+00
"                 207",-7.275128501365e-02,2.484683043483e-01,-4.511459847960e+00,-7.314848304649e-02,2.482287735137e-01,-6.822518435092e+00,-3.971980328422e-04,-2.395308345967e-04,-2.311058587131e+00
"                 208",-7.293053985049e-02,2.489013609516e-01,-4.531005896540e+00,-7.332981174112e-02,2.486581090705e-01,-6.850395559136e+00,-3.992718906353e-04,-2.432518811346e-04,-2.319389662597e+00
"                 209",-7.290495125420e-02,2.497984317734e-01,-4.550621845819e+00,-7.330462701520e-02,2.495565037521e-01,-6.878408006407e+00,-3.996757609985e-04,-2.419280213017e-04,-2.327786160588e+00
"                 210",-7.263200583037e-02,2.509311219453e-01,-4.570339301468e+00,-7.303039300755e-02,2.506942614353e-01,-6.906589700127e+00,-3.983871771746e-04,-2.368605099965e-04,-2.336250398659e+00
"                 211",-7.226544065981e-02,2.521802705488e-01,-4.590047873894e+00,-7.266223241157e-02,2.519507304492e-01,-6.934829917012e+00,-3.967917517675e-04,-2.295400995584e-04,-2.344782043118e+00
"                 212",-7.183588769192e-02,2.530536563342e-01,-4.609829539652e+00,-7.223089220964e-02,2.528321113194e-01,-6.963210502311e+00,-3.950045177172e-04,-2.215450148441e-04,-2.353380962659e+00
"                 213",-7.158144767220e-02,2.533202133204e-01,-4.629654646435e+00,-7.197648670330e-02,2.531048875447e-01,-6.991699493544e+00,-3.950390310989e-04,-2.153257757856e-04,-2.362044847110e+00
"                 214",-7.156429428647e-02,2.526416230637e-01,-4.649557293932e+00,-7.196050524025e-02,2.524296894711e-01,-7.020329385124e+00,-3.962109537707e-04,-2.119335925804e-04,-2.370772091191e+00
"                 215",-7.194292858682e-02,2.511754225960e-01,-4.669396221461e+00,-7.234382092020e-02,2.509632071046e-01,-7.048957165342e+00,-4.008923333828e-04,-2.122154913670e-04,-2.379560943881e+00
"                 216",-7.262552187365e-02,2.492522858770e-01,-4.689311375836e+00,-7.303247587235e-02,2.490379936466e-01,-7.077721649806e+00,-4.069539987000e-04,-2.142922304980e-04,-2.388410273970e+00
"                 217",-7.347069405097e-02,2.474767606561e-01,-4.709250717383e+00,-7.388520425021e-02,2.472588826718e-01,-7.106569754017e+00,-4.145101992412e-04,-2.178779843405e-04,-2.397319036634e+00
"                 218",-7.423894671700e-02,2.461771485043e-01,-4.729320675877e+00,-7.466018232630e-02,2.459569883075e-01,-7.135608716530e+00,-4.212356092947e-04,-2.201601967904e-04,-2.406288040653e+00
"                 219",-7.481300258962e-02,2.456848956452e-01,-4.749534975340e+00,-7.524021651170e-02,2.454641126210e-01,-7.164853272603e+00,-4.272139220814e-04,-2.207830241587e-04,-2.415318297262e+00
"                 220",-7.512952740609e-02,2.459401685887e-01,-4.769896595204e+00,-7.555996905369e-02,2.457217541194e-01,-7.194304265281e+00,-4.304416475972e-04,-2.184144692701e-04,-2.424407670077e+00
"                 221",-7.526595261209e-02,2.467802342529e-01,-4.790337532916e+00,-7.569745762829e-02,2.465659643662e-01,-7.223895427540e+00,-4.315050162009e-04,-2.142698867629e-04,-2.433557894624e+00
"                 222",-7.522493352124e-02,2.480541870483e-01,-4.810882814858e+00,-7.565569458361e-02,2.478453314015e-01,-7.253652492208e+00,-4.307610623736e-04,-2.088556468048e-04,-2.442769677350e+00
"                 223",-7.497472892928e-02,2.495724224782e-01,-4.831513089979e+00,-7.540445318962e-02,2.493686966261e-01,-7.283555952388e+00,-4.297242603449e-04,-2.037258520357e-04,-2.452042862409e+00
"                 224",-7.465388418058e-02,2.510192853923e-01,-4.852202923840e+00,-7.508239955380e-02,2.508193655254e-01,-7.313578486497e+00,-4.285153732226e-04,-1.999198668159e-04,-2.461375562657e+00
"                 225",-7.438889761966e-02,2.523483858966e-01,-4.872949636254e+00,-7.481746045856e-02,2.521493210887e-01,-7.343717819661e+00,-4.285628389053e-04,-1.990648078214e-04,-2.470768183408e+00
"                 226",-7.427432630212e-02,2.535600647052e-01,-4.893788446717e+00,-7.470434508254e-02,2.533581438519e-01,-7.374007667162e+00,-4.300187804251e-04,-2.019208533005e-04,-2.480219220445e+00
"                 227",-7.443296959650e-02,2.548545424781e-01,-4.914677916246e+00,-7.486620088617e-02,2.546471616939e-01,-7.404406420509e+00,-4.332312896697e-04,-2.073807842251e-04,-2.489728504262e+00
"                 228",-7.465185136741e-02,2.563759811429e-01,-4.935602582998e+00,-7.508931503399e-02,2.561622298033e-01,-7.434895992992e+00,-4.374636665794e-04,-2.137513395996e-04,-2.499293409994e+00
"                 229",-7.474374349025e-02,2.583127282188e-01,-4.956539085244e+00,-7.518553391456e-02,2.580933193724e-01,-7.465452772568e+00,-4.417904243124e-04,-2.194088464224e-04,-2.508913687324e+00
"                 230",-7.468951003395e-02,2.607209272211e-01,-4.977528097397e+00,-7.513428535722e-02,2.604979556916e-01,-7.496115412014e+00,-4.447753232752e-04,-2.229715295479e-04,-2.518587314617e+00
"                 231",-7.446302104847e-02,2.636210859552e-01,-4.998580351394e+00,-7.490896063398e-02,2.633963832933e-01,-7.526893457791e+00,-4.459395855117e-04,-2.247026618843e-04,-2.528313106397e+00
"                 232",-7.411405745793e-02,2.667555620831e-01,-5.019688945717e+00,-7.455927028985e-02,2.665306954506e-01,-7.557778544890e+00,-4.452128319193e-04,-2.248666325564e-04,-2.538089599173e+00
"                 233",-7.367395603308e-02,2.698000917610e-01,-5.040867045866e+00,-7.411760465559e-02,2.695760268584e-01,-7.588783111621e+00,-4.436486225166e-04,-2.240649026014e-04,-2.547916065755e+00
"                 234",-7.318870025986e-02,2.723852265307e-01,-5.062163223653e+00,-7.363020688195e-02,2.721622885528e-01,-7.619955077705e+00,-4.415066220902e-04,-2.229379778596e-04,-2.557791854052e+00
"                 235",-7.282210664442e-02,2.743746424462e-01,-5.083625103182e+00,-7.326188448499e-02,2.741524507825e-01,-7.651342547590e+00,-4.397778405688e-04,-2.221916636996e-04,-2.567717444408e+00
"                 236",-7.270140147159e-02,2.756879193891e-01,-5.105236914274e+00,-7.314002749072e-02,2.754655063986e-01,-7.682928658448e+00,-4.386260191307e-04,-2.224129905478e-04,-2.577691744174e+00
"                 237",-7.283296667990e-02,2.764515690214e-01,-5.126940729199e+00,-7.327238073287e-02,2.762274319176e-01,-7.714657917650e+00,-4.394140529694e-04,-2.241371037448e-04,-2.587717188451e+00
"                 238",-7.320907810401e-02,2.767354007991e-01,-5.148679247835e+00,-7.365127129106e-02,2.765079773586e-01,-7.746473078776e+00,-4.421931870469e-04,-2.274234404637e-04,-2.597793830941e+00
"                 239",-7.383503664732e-02,2.766014476061e-01,-5.170465705431e+00,-7.428271302260e-02,2.763695668817e-01,-7.778388332771e+00,-4.476763752766e-04,-2.318807243729e-04,-2.607922627340e+00
"                 240",-7.475129434704e-02,2.761205761350e-01,-5.192351896622e+00,-7.520551314815e-02,2.758840175149e-01,-7.810453832750e+00,-4.542188011121e-04,-2.365586201282e-04,-2.618101936128e+00
"                 241",-7.586907313564e-02,2.755060957127e-01,-5.214378797879e+00,-7.633037929540e-02,2.752656261006e-01,-7.842709544406e+00,-4.613061597642e-04,-2.404696120951e-04,-2.628330746528e+00
"                 242",-7.707573253035e-02,2.747620013903e-01,-5.236525134627e+00,-7.754300154076e-02,2.745182293724e-01,-7.875132426959e+00,-4.672690104148e-04,-2.437720178597e-04,-2.638607292332e+00
"                 243",-7.821351225840e-02,2.739539366915e-01,-5.258687009157e+00,-7.868614491433e-02,2.737079773692e-01,-7.907618930728e+00,-4.726326559280e-04,-2.459593222784e-04,-2.648931921571e+00
"                 244",-7.921341930685e-02,2.729742667090e-01,-5.280800057836e+00,-7.968950816081e-02,2.727268660031e-01,-7.940101380168e+00,-4.760888539612e-04,-2.474007058802e-04,-2.659301322331e+00
"                 245",-8.004605850226e-02,2.719125508104e-01,-5.302811109600e+00,-8.052443470987e-02,2.716631691935e-01,-7.972526384723e+00,-4.783762076066e-04,-2.493816168763e-04,-2.669715275123e+00
"                 246",-8.092886203380e-02,2.707039980016e-01,-5.324843181513e+00,-8.141006446306e-02,2.704531945717e-01,-8.005010504281e+00,-4.812024292564e-04,-2.508034298867e-04,-2.680167322768e+00
"                 247",-8.207004379196e-02,2.694594386068e-01,-5.347027655595e+00,-8.255436874978e-02,2.692072315513e-01,-8.037686462025e+00,-4.843249578197e-04,-2.522070555521e-04,-2.690658806430e+00
"                 248",-8.345090979230e-02,2.683288882053e-01,-5.369398931713e+00,-8.393661562627e-02,2.680732444166e-01,-8.070587489006e+00,-4.857058339635e-04,-2.556437886997e-04,-2.701188557294e+00
"                 249",-8.485133781630e-02,2.676056523867e-01,-5.391856948646e+00,-8.533943605552e-02,2.673455773410e-01,-8.103614591083e+00,-4.880982392142e-04,-2.600750457469e-04,-2.711757642436e+00
"                 250",-8.620257580048e-02,2.674212934577e-01,-5.414410186575e+00,-8.669157773221e-02,2.671559661460e-01,-8.136781826062e+00,-4.890019317302e-04,-2.653273117487e-04,-2.722371639487e+00
"                 251",-8.746521347078e-02,2.678397506406e-01,-5.437051764250e+00,-8.795604128212e-02,2.675699102720e-01,-8.170085615341e+00,-4.908278113397e-04,-2.698403685887e-04,-2.733033851091e+00
"                 252",-8.863620424592e-02,2.688220841213e-01,-5.459858346064e+00,-8.912800046485e-02,2.685472079989e-01,-8.203605260993e+00,-4.917962189343e-04,-2.748761224141e-04,-2.743746914929e+00
"                 253",-8.966055316546e-02,2.704011864151e-01,-5.482822800112e+00,-9.015509271877e-02,2.701230770868e-01,-8.237335269316e+00,-4.945395533139e-04,-2.781093283541e-04,-2.754512469204e+00
"                 254",-9.052613999052e-02,2.726078909012e-01,-5.505919159373e+00,-9.102258529001e-02,2.723272739763e-01,-8.271249826736e+00,-4.964452994930e-04,-2.806169248490e-04,-2.765330667363e+00
"                 255",-9.103046520707e-02,2.755125642076e-01,-5.529057355296e+00,-9.152877906609e-02,2.752310720860e-01,-8.305256545403e+00,-4.983138590236e-04,-2.814921216940e-04,-2.776199190107e+00
"                 256",-9.108355757289e-02,2.789978092306e-01,-5.552181702522e+00,-9.158201506288e-02,2.787156105119e-01,-8.339298856669e+00,-4.984574899902e-04,-2.821987186593e-04,-2.787117154147e+00
"                 257",-9.091812501191e-02,2.828985059576e-01,-5.575285424075e+00,-9.141622946993e-02,2.826153064107e-01,-8.373368629888e+00,-4.981044580229e-04,-2.831995469504e-04,-2.798083205813e+00
"                 258",-9.083981476880e-02,2.870266305043e-01,-5.598402585183e+00,-9.133651009315e-02,2.867410513519e-01,-8.407497781180e+00,-4.966953243497e-04,-2.855791524445e-04,-2.809095195997e+00
"                 259",-9.070231861347e-02,2.913422061800e-01,-5.621479885450e+00,-9.119906765856e-02,2.910532731861e-01,-8.441631374339e+00,-4.967490450927e-04,-2.889329939437e-04,-2.820151488889e+00
"                 260",-9.049142832495e-02,2.957187665072e-01,-5.644570348724e+00,-9.098771125278e-02,2.954258102118e-01,-8.475820456791e+00,-4.962829278286e-04,-2.929562953954e-04,-2.831250108067e+00
"                 261",-9.024385296621e-02,2.999900478129e-01,-5.667709903796e+00,-9.074184969453e-02,2.996926127716e-01,-8.510097153921e+00,-4.979967283218e-04,-2.974350413285e-04,-2.842387250125e+00
"                 262",-9.024739776351e-02,3.039762081521e-01,-5.690878287502e+00,-9.074702669381e-02,3.036742697426e-01,-8.544438934249e+00,-4.996289303020e-04,-3.019384095202e-04,-2.853560646747e+00
"                 263",-9.052416866808e-02,3.076440877950e-01,-5.714061362100e+00,-9.102723806939e-02,3.073384378762e-01,-8.578829905083e+00,-5.030694013111e-04,-3.056499187484e-04,-2.864768542984e+00
"                 264",-9.095225398934e-02,3.109270032997e-01,-5.737293114612e+00,-9.145790096691e-02,3.106194475617e-01,-8.613304527707e+00,-5.056469775645e-04,-3.075557379594e-04,-2.876011413095e+00
"                 265",-9.136435557645e-02,3.136853695445e-01,-5.760641213244e+00,-9.187304655468e-02,3.133779291763e-01,-8.647932772099e+00,-5.086909782343e-04,-3.074403681999e-04,-2.887291558855e+00
"                 266",-9.174585852469e-02,3.157654151984e-01,-5.784194117817e+00,-9.225645422543e-02,3.154603001099e-01,-8.682807113979e+00,-5.105957007438e-04,-3.051150884253e-04,-2.898612996162e+00
"                 267",-9.214958684217e-02,3.172514271209e-01,-5.808017904396e+00,-9.266211688409e-02,3.169500676027e-01,-8.717998268823e+00,-5.125300419169e-04,-3.013595182123e-04,-2.909980364427e+00
"                 268",-9.270443164036e-02,3.180977248129e-01,-5.832093131787e+00,-9.321926174375e-02,3.177991666512e-01,-8.753489410214e+00,-5.148301033980e-04,-2.985581616785e-04,-2.921396278428e+00
"                 269",-9.342951080112e-02,3.182316960989e-01,-5.856202968986e+00,-9.394833589695e-02,3.179343884161e-01,-8.789066144795e+00,-5.188250958386e-04,-2.973076827969e-04,-2.932863175809e+00
"                 270",-9.437131953598e-02,3.174747026284e-01,-5.880273608068e+00,-9.489585054226e-02,3.171759497116e-01,-8.824654252786e+00,-5.245310062782e-04,-2.987529167951e-04,-2.944380644718e+00
"                 271",-9.556060482362e-02,3.158280916493e-01,-5.904288920127e+00,-9.609225095901e-02,3.155257058796e-01,-8.860239921882e+00,-5.316461353962e-04,-3.023857696585e-04,-2.955951001754e+00
"                 272",-9.717912754041e-02,3.134240446636e-01,-5.928291095266e+00,-9.771831831498e-02,3.131155804504e-01,-8.895861905539e+00,-5.391907745678e-04,-3.084642132325e-04,-2.967570810273e+00
"                 273",-9.920300945535e-02,3.104220506679e-01,-5.952300850888e+00,-9.974978214386e-02,3.101076664838e-01,-8.931539875472e+00,-5.467726885041e-04,-3.143841840639e-04,-2.979239024584e+00
"                 274",-1.013487408891e-01,3.069966884114e-01,-5.976334554479e+00,-1.019038889761e-01,3.066772448654e-01,-8.967289897968e+00,-5.551480869903e-04,-3.194435460165e-04,-2.990955343488e+00
"                 275",-1.033641659033e-01,3.035332849256e-01,-6.000375960284e+00,-1.039284339269e-01,3.032101354025e-01,-9.003095791131e+00,-5.642680236543e-04,-3.231495231252e-04,-3.002719830847e+00
"                 276",-1.053452333423e-01,3.004787972025e-01,-6.024467717373e+00,-1.059176045961e-01,3.001512927175e-01,-9.039000639114e+00,-5.723712538575e-04,-3.275044849460e-04,-3.014532921741e+00
"                 277",-1.074836569770e-01,2.979335817173e-01,-6.048509607130e+00,-1.080628131877e-01,2.976010084226e-01,-9.074909411733e+00,-5.791562107499e-04,-3.325732947395e-04,-3.026399804603e+00
"                 278",-1.098624739628e-01,2.957188336899e-01,-6.072530726343e+00,-1.104458452445e-01,2.953798199640e-01,-9.110854353801e+00,-5.833712817078e-04,-3.390137258996e-04,-3.038323627457e+00
"                 279",-1.121816092144e-01,2.936580369322e-01,-6.096584509489e+00,-1.127678891803e-01,2.933102057748e-01,-9.146891285518e+00,-5.862799658486e-04,-3.478311574296e-04,-3.050306776029e+00
"                 280",-1.141283277539e-01,2.918905757309e-01,-6.120782691496e+00,-1.147151463015e-01,2.915316626979e-01,-9.183132085327e+00,-5.868185476090e-04,-3.589130330271e-04,-3.062349393831e+00
"                 281",-1.156563436645e-01,2.909205615260e-01,-6.145223735475e+00,-1.162424275729e-01,2.905477881488e-01,-9.219682425508e+00,-5.860839083635e-04,-3.727733772009e-04,-3.074458690032e+00
"                 282",-1.167755076101e-01,2.909777427371e-01,-6.169943099059e+00,-1.173593133030e-01,2.905893344307e-01,-9.256585997372e+00,-5.838056929254e-04,-3.884083064753e-04,-3.086642898313e+00
"                 283",-1.175578408503e-01,2.919397537496e-01,-6.194899119009e+00,-1.181390661632e-01,2.915360812254e-01,-9.293817270804e+00,-5.812253129106e-04,-4.036725241263e-04,-3.098918151795e+00
"                 284",-1.181417322656e-01,2.935889296794e-01,-6.219947066113e+00,-1.187210753791e-01,2.931734797849e-01,-9.331242447368e+00,-5.793431135656e-04,-4.154498945236e-04,-3.111295381256e+00
"                 285",-1.184263608104e-01,2.959038916910e-01,-6.244902693224e+00,-1.190051068796e-01,2.954800027212e-01,-9.368683483001e+00,-5.787460692292e-04,-4.238889697719e-04,-3.123780789777e+00
"                 286",-1.182959458837e-01,2.990427102365e-01,-6.269780703999e+00,-1.188763565067e-01,2.986129837475e-01,-9.406153875309e+00,-5.804106230193e-04,-4.297264889627e-04,-3.136373171311e+00
"                 287",-1.178881930605e-01,3.032696325893e-01,-6.294788824699e+00,-1.184716939181e-01,3.028349508850e-01,-9.443850400160e+00,-5.835008576104e-04,-4.346817043425e-04,-3.149061575461e+00
"                 288",-1.173695791455e-01,3.086274739604e-01,-6.319904364794e+00,-1.179571609473e-01,3.081879162294e-01,-9.481743584723e+00,-5.875818017940e-04,-4.395577310366e-04,-3.161839219930e+00
"                 289",-1.168777390917e-01,3.149362745619e-01,-6.344924598025e+00,-1.174693304462e-01,3.144913537752e-01,-9.519624652875e+00,-5.915913544466e-04,-4.449207867447e-04,-3.174700054851e+00
"                 290",-1.161581871505e-01,3.218133840315e-01,-6.369702410171e+00,-1.167537884575e-01,3.213627583488e-01,-9.557335829062e+00,-5.956013069781e-04,-4.506256827086e-04,-3.187633418890e+00
"                 291",-1.151023534962e-01,3.287745759622e-01,-6.394297682997e+00,-1.157012752936e-01,3.283195395969e-01,-9.594932463860e+00,-5.989217973390e-04,-4.550363653071e-04,-3.200634780863e+00
"                 292",-1.139547476515e-01,3.350845305870e-01,-6.418971466272e+00,-1.145565632170e-01,3.346269881082e-01,-9.632674431046e+00,-6.018155654873e-04,-4.575424788564e-04,-3.213702964774e+00
"                 293",-1.132220012425e-01,3.406411700066e-01,-6.443744012441e+00,-1.138254771615e-01,3.401831444559e-01,-9.670582408921e+00,-6.034759190138e-04,-4.580255507276e-04,-3.226838396480e+00
"                 294",-1.129515424755e-01,3.458036902456e-01,-6.468486912721e+00,-1.135553286285e-01,3.453473702361e-01,-9.708527578666e+00,-6.037861530314e-04,-4.563200094575e-04,-3.240040665945e+00
"                 295",-1.130492293808e-01,3.508399040400e-01,-6.493195232461e+00,-1.136517886709e-01,3.503891823383e-01,-9.746499890509e+00,-6.025592900251e-04,-4.507217016765e-04,-3.253304658048e+00
"                 296",-1.131748345739e-01,3.555503661431e-01,-6.518083735462e+00,-1.137751455069e-01,3.551078188969e-01,-9.784712690546e+00,-6.003109329699e-04,-4.425472462339e-04,-3.266628955084e+00
"                 297",-1.132749463320e-01,3.595253692306e-01,-6.543289366089e+00,-1.138715454818e-01,3.590941210551e-01,-9.823301599280e+00,-5.965991497654e-04,-4.312481754931e-04,-3.280012233191e+00
"                 298",-1.135774004957e-01,3.623238210739e-01,-6.568913602294e+00,-1.141693445464e-01,3.619066867235e-01,-9.862370799701e+00,-5.919440506899e-04,-4.171343504433e-04,-3.293457197407e+00
"                 299",-1.141343459263e-01,3.638198494116e-01,-6.594845933175e+00,-1.147215962265e-01,3.634160230015e-01,-9.901794396623e+00,-5.872503001360e-04,-4.038264100751e-04,-3.306948463448e+00
"                 300",-1.152252028442e-01,3.642871549929e-01,-6.620967162067e+00,-1.158102393907e-01,3.638914089285e-01,-9.941410357854e+00,-5.850365465228e-04,-3.957460643280e-04,-3.320443195787e+00
"                 301",-1.167692025197e-01,3.638985506211e-01,-6.634705757065e+00,-1.173552395737e-01,3.635049189121e-01,-9.968601013416e+00,-5.860370539405e-04,-3.936317089543e-04,-3.333895256351e+00
"                 302",-1.190620593248e-01,3.622659061981e-01,-6.654008505498e+00,-1.196535374267e-01,3.618691027673e-01,-1.000128083908e+01,-5.914781019358e-04,-3.968034307891e-04,-3.347272333585e+00
"                 303",-1.215560454135e-01,3.598406837230e-01,-6.687397079482e+00,-1.221562149813e-01,3.594388107509e-01,-1.004798220626e+01,-6.001695677404e-04,-4.018729721237e-04,-3.360585126782e+00
"                 304",-1.239702544862e-01,3.569234500064e-01,-6.724277105506e+00,-1.245812632153e-01,3.565148561298e-01,-1.009814323415e+01,-6.110087290859e-04,-4.085938765958e-04,-3.373866128643e+00
"                 305",-1.263775831546e-01,3.535498431478e-01,-6.750073882168e+00,-1.269987218136e-01,3.531344059582e-01,-1.013719235962e+01,-6.211386589528e-04,-4.154371895676e-04,-3.387118477449e+00
"                 306",-1.289852175319e-01,3.494541407688e-01,-6.764978458522e+00,-1.296146214354e-01,3.490321520533e-01,-1.016530620169e+01,-6.294039035130e-04,-4.219887154577e-04,-3.400327743167e+00
"                 307",-1.313864309222e-01,3.455283834982e-01,-6.779536776269e+00,-1.320209781378e-01,3.450992086660e-01,-1.019303129551e+01,-6.345472156338e-04,-4.291748322009e-04,-3.413494519236e+00
"                 308",-1.335457917964e-01,3.414418297397e-01,-6.805460279248e+00,-1.341851154591e-01,3.410034344080e-01,-1.023209558875e+01,-6.393236627039e-04,-4.383953316782e-04,-3.426635309500e+00
"                 309",-1.359604750339e-01,3.373093120182e-01,-6.841885519652e+00,-1.366041115175e-01,3.368593322356e-01,-1.028166215979e+01,-6.436364836531e-04,-4.499797825870e-04,-3.439776640143e+00
"                 310",-1.388371039587e-01,3.332833691647e-01,-6.876642991534e+00,-1.394836226161e-01,3.328197962321e-01,-1.032957311083e+01,-6.465186574457e-04,-4.635729326353e-04,-3.452930119295e+00
"                 311",-1.415745588158e-01,3.298079067393e-01,-6.898044832350e+00,-1.422206372504e-01,3.293270587309e-01,-1.036411959859e+01,-6.460784345465e-04,-4.808480084292e-04,-3.466074766241e+00
"                 312",-1.434404412001e-01,3.273307330914e-01,-6.906715701054e+00,-1.440831314320e-01,3.268287665209e-01,-1.038589819210e+01,-6.426902319629e-04,-5.019665705125e-04,-3.479182491048e+00
"                 313",-1.443874218319e-01,3.252542779138e-01,-6.914353487922e+00,-1.450236228520e-01,3.247280173430e-01,-1.040659016080e+01,-6.362010200921e-04,-5.262605707227e-04,-3.492236672882e+00
"                 314",-1.538318893876e-01,3.124301189944e-01,-6.927736730110e+00,-1.544592385329e-01,3.118759967335e-01,-1.043250399474e+01,-6.273491452945e-04,-5.541222608526e-04,-3.504767264628e+00
"                 315",-1.615058184074e-01,3.022818183267e-01,-6.950336609793e+00,-1.621230072771e-01,3.017008591932e-01,-1.046765599560e+01,-6.171888696867e-04,-5.809591334297e-04,-3.517319385809e+00
"                 316",-1.635900128130e-01,3.017877755618e-01,-6.978420708675e+00,-1.641977143997e-01,3.011861164287e-01,-1.050833111715e+01,-6.077015867014e-04,-6.016591330381e-04,-3.529910408478e+00
"                 317",-1.614403914803e-01,3.081177926355e-01,-7.005725795196e+00,-1.620397512533e-01,3.075045376047e-01,-1.054825749063e+01,-5.993597729590e-04,-6.132550308395e-04,-3.542531695433e+00
"                 318",-1.577169368204e-01,3.160309008482e-01,-7.028557699455e+00,-1.583100359799e-01,3.154135623707e-01,-1.058373446262e+01,-5.930991595040e-04,-6.173384775257e-04,-3.555176763162e+00
"                 319",-1.546052297434e-01,3.217540928361e-01,-7.047568357063e+00,-1.551948239359e-01,3.211362000707e-01,-1.061540411161e+01,-5.895941925164e-04,-6.178927653581e-04,-3.567835754543e+00
"                 320",-1.526357217842e-01,3.254366307273e-01,-7.064463721049e+00,-1.532250370575e-01,3.248196520505e-01,-1.064495054715e+01,-5.893152732282e-04,-6.169786768177e-04,-3.580486826096e+00
"                 321",-1.512419467393e-01,3.289967999096e-01,-7.080715902562e+00,-1.518324459162e-01,3.283823177038e-01,-1.067384008970e+01,-5.904991769251e-04,-6.144822058007e-04,-3.593124187137e+00
"                 322",-1.493918037492e-01,3.342764099392e-01,-7.096853487180e+00,-1.499834621752e-01,3.336659883348e-01,-1.070259870931e+01,-5.916584260518e-04,-6.104216043331e-04,-3.605745222133e+00
"                 323",-1.462178502508e-01,3.423860038724e-01,-7.112607535198e+00,-1.468086618726e-01,3.417825220727e-01,-1.073094882425e+01,-5.908116217386e-04,-6.034817997236e-04,-3.618341289051e+00
"                 324",-1.418537983722e-01,3.520684057603e-01,-7.128204882090e+00,-1.424432646190e-01,3.514749106094e-01,-1.075910970494e+01,-5.894662468139e-04,-5.934951509904e-04,-3.630904822850e+00
"                 325",-1.369071931895e-01,3.616537794838e-01,-7.144594220830e+00,-1.374946197719e-01,3.610724887518e-01,-1.078803784559e+01,-5.874265823933e-04,-5.812907319754e-04,-3.643443624755e+00
"                 326",-1.324760661318e-01,3.699783998314e-01,-7.162584687768e+00,-1.330620001324e-01,3.694088301166e-01,-1.081854817128e+01,-5.859340005787e-04,-5.695697148152e-04,-3.655963483516e+00
"                 327",-1.294332702929e-01,3.768033307427e-01,-7.181794392982e+00,-1.300176020226e-01,3.762468699406e-01,-1.085025610266e+01,-5.843317296806e-04,-5.564608021634e-04,-3.668461709683e+00
"                 328",-1.280192484416e-01,3.824207563144e-01,-7.200917322614e+00,-1.286015145994e-01,3.818803006862e-01,-1.088185281738e+01,-5.822661578030e-04,-5.404556282362e-04,-3.680935494769e+00
"                 329",-1.282930975280e-01,3.861275593743e-01,-7.220360445316e+00,-1.288736524257e-01,3.856045169296e-01,-1.091373270922e+01,-5.805548977759e-04,-5.230424446588e-04,-3.693372263905e+00
"                 330",-1.287318676972e-01,3.890709741636e-01,-7.237090616436e+00,-1.293091547512e-01,3.885681532487e-01,-1.094287229322e+01,-5.772870540465e-04,-5.028209149244e-04,-3.705781676785e+00
"                 331",-1.273236633149e-01,3.933494430469e-01,-7.249356242347e+00,-1.278930710721e-01,3.928705608777e-01,-1.096752750278e+01,-5.694077572053e-04,-4.788821692545e-04,-3.718171260431e+00
"                 332",-1.258094599596e-01,3.979265017219e-01,-7.261871014101e+00,-1.263704106192e-01,3.974703911543e-01,-1.099241296123e+01,-5.609506596363e-04,-4.561105676865e-04,-3.730541947124e+00
"                 333",-1.260819427809e-01,4.003533390988e-01,-7.277931736833e+00,-1.266378038722e-01,3.999142624090e-01,-1.102083730094e+01,-5.558610913072e-04,-4.390766897836e-04,-3.742905564107e+00
"                 334",-1.282532611103e-01,4.001872060453e-01,-7.297333747570e+00,-1.288094106084e-01,3.997553799256e-01,-1.105260886407e+01,-5.561494980535e-04,-4.318261196598e-04,-3.755275116501e+00
"                 335",-1.311606754169e-01,3.985911563506e-01,-7.318377338611e+00,-1.317205386321e-01,3.981581818647e-01,-1.108602809547e+01,-5.598632151852e-04,-4.329744858697e-04,-3.767650756856e+00
"                 336",-1.339242971895e-01,3.959421331709e-01,-7.338675982280e+00,-1.344903591522e-01,3.955021903929e-01,-1.111871406322e+01,-5.660619626348e-04,-4.399427780293e-04,-3.780038080938e+00
"                 337",-1.360341166367e-01,3.927404776647e-01,-7.356022252383e+00,-1.366085328914e-01,3.922921429560e-01,-1.114846001015e+01,-5.744162547048e-04,-4.483347086959e-04,-3.792437757766e+00
"                 338",-1.383424839568e-01,3.890247486847e-01,-7.371543371877e+00,-1.389273174453e-01,3.885663341129e-01,-1.117638975253e+01,-5.848334884868e-04,-4.584145717961e-04,-3.804846380655e+00
"                 339",-1.416461729031e-01,3.844722801532e-01,-7.387043929503e+00,-1.422414930153e-01,3.840028147850e-01,-1.120430103023e+01,-5.953201122870e-04,-4.694653682220e-04,-3.817257100722e+00
"                 340",-1.452849515350e-01,3.788273796706e-01,-7.403323496387e+00,-1.458915315851e-01,3.783452620947e-01,-1.123299113058e+01,-6.065800501298e-04,-4.821175759187e-04,-3.829667634191e+00
"                 341",-1.485581883919e-01,3.726697285467e-01,-7.420147277153e+00,-1.491755459140e-01,3.721723030911e-01,-1.126222328400e+01,-6.173575221309e-04,-4.974254555853e-04,-3.842076006851e+00
"                 342",-1.513826358179e-01,3.670795048947e-01,-7.437122623364e+00,-1.520104578122e-01,3.665654952602e-01,-1.129160295409e+01,-6.278219942937e-04,-5.140096344909e-04,-3.854480330726e+00
"                 343",-1.539358356390e-01,3.626290525210e-01,-7.453796633641e+00,-1.545717173755e-01,3.620987315798e-01,-1.132067409678e+01,-6.358817365091e-04,-5.303209411461e-04,-3.866877463144e+00
"                 344",-1.567925798700e-01,3.589892567720e-01,-7.469895899075e+00,-1.574333856119e-01,3.584408275375e-01,-1.134915596494e+01,-6.408057418479e-04,-5.484292344994e-04,-3.879260065867e+00
"                 345",-1.594828351663e-01,3.550389976933e-01,-7.485350889043e+00,-1.601232448238e-01,3.544692176597e-01,-1.137697269797e+01,-6.404096574905e-04,-5.697800335844e-04,-3.891621808927e+00
"                 346",-1.613085882637e-01,3.506180157677e-01,-7.500309863308e+00,-1.619448622681e-01,3.500244189498e-01,-1.140426800737e+01,-6.362740043567e-04,-5.935968179239e-04,-3.903958144066e+00
"                 347",-1.617425494265e-01,3.467506967201e-01,-7.514858016157e+00,-1.623678470296e-01,3.461301349767e-01,-1.143112012411e+01,-6.252976031137e-04,-6.205617434485e-04,-3.916262107955e+00
"                 348",-1.608129554407e-01,3.442115262849e-01,-7.529321904006e+00,-1.614195051958e-01,3.435604877840e-01,-1.145786122524e+01,-6.065497550841e-04,-6.510385008467e-04,-3.928539321229e+00
"                 349",-1.590124522951e-01,3.430137696146e-01,-7.543980073114e+00,-1.595947117681e-01,3.423335828501e-01,-1.148477660729e+01,-5.822594729683e-04,-6.801867645185e-04,-3.940796534175e+00
"                 350",-1.569499320058e-01,3.429226551529e-01,-7.559021303986e+00,-1.575107443430e-01,3.422204952812e-01,-1.151206061687e+01,-5.608123372041e-04,-7.021598716773e-04,-3.953039312884e+00
"                 351",-1.545453678350e-01,3.440562359800e-01,-7.574518484346e+00,-1.550915797092e-01,3.433429630699e-01,-1.153978708682e+01,-5.462118741819e-04,-7.132729100844e-04,-3.965268602477e+00
"                 352",-1.510120841930e-01,3.471080375614e-01,-7.589519530489e+00,-1.515519996833e-01,3.463913090929e-01,-1.156700295898e+01,-5.399154903544e-04,-7.167284684400e-04,-3.977483428489e+00
"                 353",-1.465093224527e-01,3.523773221247e-01,-7.603572929804e+00,-1.470444991818e-01,3.516606751682e-01,-1.159325677316e+01,-5.351767290998e-04,-7.166469564773e-04,-3.989683843356e+00
"                 354",-1.416182589985e-01,3.588334293422e-01,-7.617722901473e+00,-1.421497240039e-01,3.581186604795e-01,-1.161959155271e+01,-5.314650054220e-04,-7.147688626928e-04,-4.001868651241e+00
"                 355",-1.368096142055e-01,3.657628419821e-01,-7.632514034231e+00,-1.373376909183e-01,3.650541702088e-01,-1.164655122614e+01,-5.280767128052e-04,-7.086717732595e-04,-4.014037191906e+00
"                 356",-1.320414155378e-01,3.735201510345e-01,-7.647509138086e+00,-1.325685786154e-01,3.728202592116e-01,-1.167369927918e+01,-5.271630776105e-04,-6.998918228400e-04,-4.026190141097e+00
"                 357",-1.267473098823e-01,3.823610237499e-01,-7.662015989272e+00,-1.272716362254e-01,3.816732990326e-01,-1.170034902094e+01,-5.243263430944e-04,-6.877247172789e-04,-4.038333031668e+00
"                 358",-1.177685251959e-01,3.933605070239e-01,-7.677983357716e+00,-1.182849777206e-01,3.926858785085e-01,-1.172862293406e+01,-5.164525247316e-04,-6.746285153520e-04,-4.050639576340e+00
"                 359",-1.098240766617e-01,4.030452846035e-01,-7.693303232220e+00,-1.103289835136e-01,4.023825959447e-01,-1.175621891074e+01,-5.049068519332e-04,-6.626886588309e-04,-4.062915678524e+00
"                 360",-1.050551770187e-01,4.100222691605e-01,-7.706874171467e+00,-1.055505004554e-01,4.093717026961e-01,-1.178202261215e+01,-4.953234367557e-04,-6.505664644466e-04,-4.075148440678e+00
"                 361",-1.030864440397e-01,4.152846458196e-01,-7.719301590348e+00,-1.035755241237e-01,4.146463414150e-01,-1.180662792069e+01,-4.890800840223e-04,-6.383044046603e-04,-4.087326330338e+00
"                 362",-1.023012600995e-01,4.200551566066e-01,-7.731861716310e+00,-1.027864740248e-01,4.194295703815e-01,-1.183130386106e+01,-4.852139252665e-04,-6.255862251019e-04,-4.099442144752e+00
"                 363",-1.011635615840e-01,4.247737653700e-01,-7.745017739117e+00,-1.016419860674e-01,4.241636136981e-01,-1.185650163738e+01,-4.784244834170e-04,-6.101516718645e-04,-4.111483898266e+00
"                 364",-9.970112277711e-02,4.284293895855e-01,-7.758393213540e+00,-1.001673545922e-01,4.278379396625e-01,-1.188183938858e+01,-4.662318151153e-04,-5.914499230240e-04,-4.123446175042e+00
"                 365",-9.899294985428e-02,4.308222797947e-01,-7.771743552980e+00,-9.944208616660e-02,4.302517271953e-01,-1.190708747135e+01,-4.491363123191e-04,-5.705525994476e-04,-4.135343918369e+00
"                 366",-9.998594451616e-02,4.312658060668e-01,-7.785174790069e+00,-1.004154422760e-01,4.307144152423e-01,-1.193235818297e+01,-4.294977598779e-04,-5.513908244965e-04,-4.147183392897e+00
"                 367",-1.026766273333e-01,4.295661695535e-01,-7.798822282362e+00,-1.030881045642e-01,4.290256911613e-01,-1.195779202368e+01,-4.114772309027e-04,-5.404783921971e-04,-4.158969741319e+00
"                 368",-1.063998726683e-01,4.258845885125e-01,-7.812720675102e+00,-1.067988456543e-01,4.253418951246e-01,-1.198342177750e+01,-3.989729860612e-04,-5.426933878935e-04,-4.170701102401e+00
"                 369",-1.102812431091e-01,4.212366193646e-01,-7.826632973850e+00,-1.106758546006e-01,4.206791380608e-01,-1.200901593082e+01,-3.946114915581e-04,-5.574813037646e-04,-4.182382956965e+00
"                 370",-1.138415979265e-01,4.160629558864e-01,-7.840085989280e+00,-1.142400419332e-01,4.154852616043e-01,-1.203410282266e+01,-3.984440066879e-04,-5.776942821075e-04,-4.194016833382e+00
"                 371",-1.176588504348e-01,4.097601311308e-01,-7.853226239735e+00,-1.180671321473e-01,4.091618792172e-01,-1.205883175101e+01,-4.082817125158e-04,-5.982519136399e-04,-4.205605511275e+00
"                 372",-1.219489003434e-01,4.021416165065e-01,-7.866442589627e+00,-1.223724186262e-01,4.015216884611e-01,-1.208359713391e+01,-4.235182827847e-04,-6.199280453951e-04,-4.217154544287e+00
"                 373",-1.266473984278e-01,3.933395374164e-01,-7.879550272758e+00,-1.270928545251e-01,3.926961983640e-01,-1.210822082578e+01,-4.454560973743e-04,-6.433390523444e-04,-4.228670553024e+00
"                 374",-1.305910672301e-01,3.835017930102e-01,-7.892382175172e+00,-1.310620940020e-01,3.828343218938e-01,-1.213253484512e+01,-4.710267718702e-04,-6.674711163391e-04,-4.240152669952e+00
"                 375",-1.346118245556e-01,3.740300793874e-01,-7.905114974354e+00,-1.351056481477e-01,3.733389573889e-01,-1.215671211702e+01,-4.938235921156e-04,-6.911219985383e-04,-4.251597142666e+00
"                 376",-1.393445283586e-01,3.659226768449e-01,-7.917537369786e+00,-1.398566528596e-01,3.652089898621e-01,-1.218053189049e+01,-5.121245009725e-04,-7.136869828147e-04,-4.262994520706e+00
"                 377",-1.436787290361e-01,3.591548437931e-01,-7.929122978581e+00,-1.442031244357e-01,3.584179714366e-01,-1.220345762606e+01,-5.243953996198e-04,-7.368723565210e-04,-4.274334647475e+00
"                 378",-1.468781437025e-01,3.526151182384e-01,-7.940020550291e+00,-1.474063161719e-01,3.518557802792e-01,-1.222563182784e+01,-5.281724693453e-04,-7.593379592047e-04,-4.285611277550e+00
"                 379",-1.488474565164e-01,3.455861376717e-01,-7.950728490471e+00,-1.493705356377e-01,3.448019712201e-01,-1.224754718093e+01,-5.230791212345e-04,-7.841664516664e-04,-4.296818690459e+00
"                 380",-1.494872135279e-01,3.385947767338e-01,-7.961784385829e+00,-1.499932758108e-01,3.377835900860e-01,-1.226973565173e+01,-5.060622829203e-04,-8.111866478728e-04,-4.307951265898e+00
"                 381",-1.487073622706e-01,3.335266315108e-01,-7.972958325850e+00,-1.491830179162e-01,3.326872478441e-01,-1.229196895182e+01,-4.756556455432e-04,-8.393836667445e-04,-4.319010625971e+00
"                 382",-1.467300023168e-01,3.308157573602e-01,-7.984197540083e+00,-1.471667674221e-01,3.299491543171e-01,-1.231421233604e+01,-4.367651053019e-04,-8.666030430969e-04,-4.330014795954e+00
"                 383",-1.433973855596e-01,3.302051207199e-01,-7.995516758237e+00,-1.437929122411e-01,3.293165372976e-01,-1.233648532388e+01,-3.955266815693e-04,-8.885834222659e-04,-4.340968565638e+00
"                 384",-1.389226093429e-01,3.315690255021e-01,-8.007112193361e+00,-1.392814066405e-01,3.306690128841e-01,-1.235898521288e+01,-3.587972976064e-04,-9.000126180195e-04,-4.351873019517e+00
"                 385",-1.336688085700e-01,3.351740989622e-01,-8.019003603729e+00,-1.339991232139e-01,3.342761662282e-01,-1.238173552709e+01,-3.303146439095e-04,-8.979327340597e-04,-4.362731923364e+00
"                 386",-1.275216870701e-01,3.408793875602e-01,-8.030898133813e+00,-1.278290794081e-01,3.399934177365e-01,-1.240445433380e+01,-3.073923379785e-04,-8.859698236989e-04,-4.373556199989e+00
"                 387",-1.207094538741e-01,3.481461316111e-01,-8.042199144551e+00,-1.209950067417e-01,3.472757851060e-01,-1.242654468658e+01,-2.855528675527e-04,-8.703465051677e-04,-4.384345542024e+00
"                 388",-1.133829811436e-01,3.568885786551e-01,-8.052992177925e+00,-1.136447237326e-01,3.560351513640e-01,-1.244808605945e+01,-2.617425889116e-04,-8.534272911529e-04,-4.395093881526e+00
"                 389",-1.062657251573e-01,3.663349085191e-01,-8.063405500941e+00,-1.065019116823e-01,3.655004196824e-01,-1.246921193807e+01,-2.361865250220e-04,-8.344888367248e-04,-4.405806437129e+00
"                 390",-9.958194687499e-02,3.762653852170e-01,-8.073233486216e+00,-9.978980659866e-02,3.754482067497e-01,-1.248972295021e+01,-2.078597236644e-04,-8.171784672939e-04,-4.416489463990e+00
"                 391",-9.257924513895e-02,3.864683033037e-01,-8.082587934220e+00,-9.274970916154e-02,3.856638630504e-01,-1.250973095434e+01,-1.704640225905e-04,-8.044402532318e-04,-4.427143020120e+00
"                 392",-8.611332373658e-02,3.960514766534e-01,-8.092163367023e+00,-8.623994687381e-02,3.952610426166e-01,-1.252992031995e+01,-1.266231372266e-04,-7.904340367630e-04,-4.437756952928e+00
"                 393",-8.058439234435e-02,4.047215271466e-01,-8.101369171329e+00,-8.066854063334e-02,4.039506032359e-01,-1.254968379133e+01,-8.414828898913e-05,-7.709239107301e-04,-4.448314620001e+00
"                 394",-7.599155641026e-02,4.127548611786e-01,-8.109658495081e+00,-7.603724006267e-02,4.120065894639e-01,-1.256846209378e+01,-4.568365240707e-05,-7.482717147082e-04,-4.458803598701e+00
"                 395",-7.287221394165e-02,4.206794834499e-01,-8.117524469332e+00,-7.288536985484e-02,4.199578034963e-01,-1.258673652893e+01,-1.315591318570e-05,-7.216799535576e-04,-4.469212059602e+00
"                 396",-7.102905457066e-02,4.280576574151e-01,-8.125470845574e+00,-7.101517605579e-02,4.273676471746e-01,-1.260500451132e+01,1.387851487171e-05,-6.900102405092e-04,-4.479533665742e+00
"                 397",-6.986959110182e-02,4.342990539461e-01,-8.133673054016e+00,-6.982818421401e-02,4.336427968301e-01,-1.262343659549e+01,4.140688780858e-05,-6.562571159530e-04,-4.489763541469e+00
"                 398",-6.865298334063e-02,4.381628296554e-01,-8.141919498227e+00,-6.857987249297e-02,4.375420973099e-01,-1.264182684676e+01,7.311084765676e-05,-6.207323455384e-04,-4.499907348532e+00
"                 399",-6.852834814561e-02,4.393547351044e-01,-8.150223773409e+00,-6.841944634371e-02,4.387656014802e-01,-1.266021091900e+01,1.089018018984e-04,-5.891336241799e-04,-4.509987145589e+00
"                 400",-6.995923989538e-02,4.378690323733e-01,-8.158535512639e+00,-6.981414672808e-02,4.373036013054e-01,-1.267855042697e+01,1.450931673054e-04,-5.654310679563e-04,-4.520014914334e+00
"                 401",-7.282227055941e-02,4.334961099740e-01,-8.166941867933e+00,-7.264569925507e-02,4.329400868955e-01,-1.269693694796e+01,1.765713043464e-04,-5.560230784261e-04,-4.529995080027e+00
"                 402",-7.590285186262e-02,4.268370669747e-01,-8.175714642410e+00,-7.570531763219e-02,4.262731581772e-01,-1.271565157771e+01,1.975342304315e-04,-5.639087974796e-04,-4.539936935301e+00
"                 403",-7.919604001864e-02,4.187814686234e-01,-8.184811277370e+00,-7.899032843502e-02,4.181959811653e-01,-1.273465644000e+01,2.057115836232e-04,-5.854874580989e-04,-4.549845162634e+00
"                 404",-8.391848917987e-02,4.105114605019e-01,-8.193605147960e+00,-8.371623342528e-02,4.098985864456e-01,-1.275331615655e+01,2.022557545875e-04,-6.128740562490e-04,-4.559711008585e+00
"                 405",-9.031870495019e-02,4.018450592287e-01,-8.201748834003e+00,-9.013136213203e-02,4.012032344618e-01,-1.277128086796e+01,1.873428181579e-04,-6.418247669287e-04,-4.569532033960e+00
"                 406",-9.763549464392e-02,3.921157308802e-01,-8.209499477110e+00,-9.747680843293e-02,3.914400168496e-01,-1.278881560057e+01,1.586862109902e-04,-6.757140305707e-04,-4.579316123460e+00
"                 407",-1.045522028249e-01,3.811758648506e-01,-8.216493678103e+00,-1.044338845802e-01,3.804616904751e-01,-1.280555684450e+01,1.183182447185e-04,-7.141743754519e-04,-4.589063166395e+00
"                 408",-1.100590743987e-01,3.696573679078e-01,-8.223157229051e+00,-1.099803313671e-01,3.689061988952e-01,-1.282192995444e+01,7.874303157765e-05,-7.511690126346e-04,-4.598772725391e+00
"                 409",-1.148488612370e-01,3.593597644758e-01,-8.230123492764e+00,-1.148056366321e-01,3.585749420921e-01,-1.283855468555e+01,4.322460497996e-05,-7.848223836965e-04,-4.608431192782e+00
"                 410",-1.198270614225e-01,3.512551820847e-01,-8.236728438167e+00,-1.198168153506e-01,3.504409876615e-01,-1.285475082830e+01,1.024607182753e-05,-8.141944231754e-04,-4.618022390136e+00
"                 411",-1.241700761290e-01,3.442592728909e-01,-8.242572923341e+00,-1.241871968119e-01,3.434191637747e-01,-1.287010652562e+01,-1.712068283138e-05,-8.401091161977e-04,-4.627533602277e+00
"                 412",-1.270953718313e-01,3.368002328807e-01,-8.248165001096e+00,-1.271300999012e-01,3.359316598139e-01,-1.288512418212e+01,-3.472806996229e-05,-8.685730668016e-04,-4.636959181026e+00
"                 413",-1.282992458368e-01,3.284966969755e-01,-8.254013261799e+00,-1.283387358590e-01,3.275947820812e-01,-1.290030959940e+01,-3.949002221465e-05,-9.019148943066e-04,-4.646296337604e+00
"                 414",-1.284922704085e-01,3.204405629917e-01,-8.260160354587e+00,-1.285181766928e-01,3.195043494879e-01,-1.291570038841e+01,-2.590628424893e-05,-9.362135038172e-04,-4.655540033820e+00
"                 415",-1.276343175402e-01,3.155136084585e-01,-8.266188935883e+00,-1.276300893568e-01,3.145469217849e-01,-1.293088706299e+01,4.228183341715e-06,-9.666866736164e-04,-4.664698127111e+00
"                 416",-1.261144240132e-01,3.147856327614e-01,-8.272452099686e+00,-1.260695161521e-01,3.137998248335e-01,-1.294624089787e+01,4.490786108250e-05,-9.858079278559e-04,-4.673788798184e+00
"                 417",-1.235851474632e-01,3.176387557197e-01,-8.279507930781e+00,-1.234985405756e-01,3.166463496646e-01,-1.296234087212e+01,8.660688760473e-05,-9.924060550339e-04,-4.682832941344e+00
"                 418",-1.194809053319e-01,3.231871189880e-01,-8.287234042954e+00,-1.193539673731e-01,3.222039042263e-01,-1.297907130925e+01,1.269379588433e-04,-9.832147617118e-04,-4.691837266291e+00
"                 419",-1.133275222778e-01,3.307520970017e-01,-8.295376596855e+00,-1.131663306854e-01,3.297893149398e-01,-1.299619342739e+01,1.611915923731e-04,-9.627820619576e-04,-4.700816830539e+00
"                 420",-1.056382261118e-01,3.401269483561e-01,-8.303447110681e+00,-1.054492020142e-01,3.391895540151e-01,-1.301321832936e+01,1.890240975335e-04,-9.373943410261e-04,-4.709771218683e+00
"                 421",-9.768056890502e-02,3.510452889864e-01,-8.310943440731e+00,-9.746776835683e-02,3.501358769507e-01,-1.302964879884e+01,2.128005481868e-04,-9.094120356918e-04,-4.718705358105e+00
"                 422",-8.957528421814e-02,3.643124523485e-01,-8.318132429817e+00,-8.934162014738e-02,3.634339744583e-01,-1.304575008774e+01,2.336640707653e-04,-8.784778901420e-04,-4.727617657922e+00
"                 423",-8.143652242279e-02,3.786605389027e-01,-8.324740637597e+00,-8.118105332070e-02,3.778126618412e-01,-1.306124753156e+01,2.554691020912e-04,-8.478770615784e-04,-4.736506893964e+00
"                 424",-7.393674308653e-02,3.925973025303e-01,-8.330823343423e+00,-7.365389561462e-02,3.917721247555e-01,-1.307618897197e+01,2.828474719192e-04,-8.251777748521e-04,-4.745365628543e+00
"                 425",-6.673014129879e-02,4.055783828776e-01,-8.337000285194e+00,-6.641298635447e-02,4.047707639660e-01,-1.309118648578e+01,3.171549443198e-04,-8.076189115576e-04,-4.754186200586e+00
"                 426",-6.025954892448e-02,4.167666802407e-01,-8.343179867222e+00,-5.990640296377e-02,4.159767349970e-01,-1.310612979035e+01,3.531459607098e-04,-7.899452436987e-04,-4.762949923124e+00
"                 427",-5.494297494889e-02,4.266885687434e-01,-8.348673579884e+00,-5.455878067519e-02,4.259210576027e-01,-1.312031226185e+01,3.841942736997e-04,-7.675111407240e-04,-4.771638681963e+00
"                 428",-5.112981631490e-02,4.362711419512e-01,-8.353579921397e+00,-5.072066864221e-02,4.355332958075e-01,-1.313381123294e+01,4.091476726876e-04,-7.378461436804e-04,-4.780231311547e+00
"                 429",-4.863336906644e-02,4.457448283250e-01,-8.358508831185e+00,-4.820502406084e-02,4.450441553693e-01,-1.314722942761e+01,4.283450055920e-04,-7.006729557007e-04,-4.788720596423e+00
"                 430",-4.694486506511e-02,4.541418915456e-01,-8.363971475969e+00,-4.649935223368e-02,4.534817283227e-01,-1.316107476804e+01,4.455128314325e-04,-6.601632229830e-04,-4.797103292070e+00
"                 431",-4.507085115915e-02,4.603119345398e-01,-8.369803873861e+00,-4.460361764024e-02,4.596897506351e-01,-1.317519133645e+01,4.672335189125e-04,-6.221839046858e-04,-4.805387462590e+00
"                 432",-4.273192426081e-02,4.628792724822e-01,-8.375651844598e+00,-4.223511699288e-02,4.622915323969e-01,-1.318924128764e+01,4.968072679238e-04,-5.877400853008e-04,-4.813589443044e+00
"                 433",-4.263086070486e-02,4.613333724904e-01,-8.381557984650e+00,-4.210063201918e-02,4.607744329282e-01,-1.320328994768e+01,5.302286856847e-04,-5.589395622417e-04,-4.821731963029e+00
"                 434",-4.524531721532e-02,4.556220544605e-01,-8.387783446738e+00,-4.468754803981e-02,4.550795213571e-01,-1.321761024658e+01,5.577691755081e-04,-5.425331034573e-04,-4.829826799840e+00
"                 435",-4.956960933515e-02,4.468041323585e-01,-8.394858843115e+00,-4.899114047414e-02,4.462597774659e-01,-1.323274535414e+01,5.784688610129e-04,-5.443548925448e-04,-4.837886511028e+00
"                 436",-5.476788400671e-02,4.360642984998e-01,-8.402951953630e+00,-5.418001875224e-02,4.355027032614e-01,-1.324886889952e+01,5.878652544708e-04,-5.615952384013e-04,-4.845916945894e+00
"                 437",-6.115134862060e-02,4.249779040419e-01,-8.411031280753e+00,-6.056788909150e-02,4.243886900327e-01,-1.326494585292e+01,5.834595291007e-04,-5.892140091472e-04,-4.853914572166e+00
"                 438",-6.978650660653e-02,4.135943908855e-01,-8.418203394911e+00,-6.922140640844e-02,4.129722924495e-01,-1.328008767941e+01,5.651001980926e-04,-6.220984360838e-04,-4.861884284502e+00
"                 439",-8.007266609627e-02,4.003038455367e-01,-8.424850535381e+00,-7.954247989601e-02,3.996418066631e-01,-1.329468210639e+01,5.301862002614e-04,-6.620388735965e-04,-4.869831571008e+00
"                 440",-8.983805381584e-02,3.843269348735e-01,-8.431022365085e+00,-8.935631151979e-02,3.836162703204e-01,-1.330877620408e+01,4.817422960444e-04,-7.106645531382e-04,-4.877753838999e+00
"                 441",-9.832391993962e-02,3.674963153763e-01,-8.436893459191e+00,-9.789107785058e-02,3.667337845285e-01,-1.332253757080e+01,4.328420890382e-04,-7.625308477994e-04,-4.885644111608e+00
"                 442",-1.054270509260e-01,3.522243513070e-01,-8.442731343053e+00,-1.050362326115e-01,3.514102091169e-01,-1.333621986465e+01,3.908183144700e-04,-8.141421900910e-04,-4.893488521594e+00
"                 443",-1.130403050124e-01,3.393628175280e-01,-8.448497904404e+00,-1.126847565977e-01,3.385043589070e-01,-1.334976348404e+01,3.555484146172e-04,-8.584586210153e-04,-4.901265579641e+00
"                 444",-1.199250678285e-01,3.275180609518e-01,-8.453549058868e+00,-1.196010736344e-01,3.266183700222e-01,-1.336250502149e+01,3.239941940610e-04,-8.996909295895e-04,-4.908955962621e+00
"                 445",-1.247032746465e-01,3.159164769111e-01,-8.458042891695e+00,-1.244029493021e-01,3.149758328525e-01,-1.337458417910e+01,3.003253444097e-04,-9.406440585499e-04,-4.916541287409e+00
"                 446",-1.272741679989e-01,3.038036868902e-01,-8.462619561529e+00,-1.269830507589e-01,3.028203467595e-01,-1.338663582451e+01,2.911172399761e-04,-9.833401306673e-04,-4.924016262979e+00
"                 447",-1.290181656599e-01,2.932643263012e-01,-8.467739527239e+00,-1.287170606284e-01,2.922407255089e-01,-1.339912213628e+01,3.011050314809e-04,-1.023600792254e-03,-4.931382609046e+00
"                 448",-1.297745408102e-01,2.871648945383e-01,-8.473056602885e+00,-1.294437968651e-01,2.861123029703e-01,-1.341170264418e+01,3.307439451050e-04,-1.052591568004e-03,-4.938646041296e+00
"                 449",-1.290633845716e-01,2.873229009474e-01,-8.478538985260e+00,-1.286888722611e-01,2.862552366190e-01,-1.342437509644e+01,3.745123104875e-04,-1.067664328359e-03,-4.945836111184e+00
"                 450",-1.267198689997e-01,2.927948139717e-01,-8.484358771124e+00,-1.262964503092e-01,2.917264823280e-01,-1.343732831513e+01,4.234186904862e-04,-1.068331643699e-03,-4.952969544009e+00
"                 451",-1.220661360619e-01,3.013871518777e-01,-8.491187416942e+00,-1.215925444074e-01,3.003307753577e-01,-1.345125288103e+01,4.735916544653e-04,-1.056376519966e-03,-4.960065464091e+00
"                 452",-1.146893322657e-01,3.120493511938e-01,-8.498743814896e+00,-1.141659775295e-01,3.110129789068e-01,-1.346587317382e+01,5.233547361519e-04,-1.036372287016e-03,-4.967129358921e+00
"                 453",-1.052698958632e-01,3.252283974388e-01,-8.506020344603e+00,-1.047032264843e-01,3.242232598971e-01,-1.348018887853e+01,5.666693788580e-04,-1.005137541695e-03,-4.974168533923e+00
"                 454",-9.546934469813e-02,3.406856888397e-01,-8.512216078441e+00,-9.486962164301e-02,3.397218987465e-01,-1.349340271019e+01,5.997230551203e-04,-9.637900932451e-04,-4.981186631753e+00
"                 455",-8.635407822786e-02,3.590935319147e-01,-8.517874745776e+00,-8.572826735727e-02,3.581748265087e-01,-1.350606659172e+01,6.258108705885e-04,-9.187054059939e-04,-4.988191845940e+00
"                 456",-7.757021909347e-02,3.792541612037e-01,-8.523726094468e+00,-7.691998035222e-02,3.783757731131e-01,-1.351890440826e+01,6.502387412577e-04,-8.783880906084e-04,-4.995178313793e+00
"                 457",-6.987638814840e-02,3.993268096630e-01,-8.528997961287e+00,-6.919944664355e-02,3.984867983296e-01,-1.353113531716e+01,6.769415048500e-04,-8.400113334570e-04,-5.002137355877e+00
"                 458",-6.296936122180e-02,4.186788638742e-01,-8.533295710143e+00,-6.226398360639e-02,4.178791266335e-01,-1.354236019259e+01,7.053776154103e-04,-7.997372406942e-04,-5.009064482445e+00
"                 459",-5.684558458276e-02,4.374065948476e-01,-8.537086479243e+00,-5.611341254148e-02,4.366470204606e-01,-1.355303120948e+01,7.321720412845e-04,-7.595743870050e-04,-5.015944730238e+00
"                 460",-5.149788900442e-02,4.548683939373e-01,-8.540537769385e+00,-5.074121438026e-02,4.541508870083e-01,-1.356328706067e+01,7.566746241634e-04,-7.175069290012e-04,-5.022749291282e+00
"                 461",-4.688411194587e-02,4.695475388708e-01,-8.543718899983e+00,-4.611057402352e-02,4.688777083193e-01,-1.357317689186e+01,7.735379223478e-04,-6.698305514893e-04,-5.029457991877e+00
"                 462",-4.328368030593e-02,4.813788375939e-01,-8.547013412210e+00,-4.250359544214e-02,4.807601655657e-01,-1.358306969397e+01,7.800848637968e-04,-6.186720282015e-04,-5.036056281757e+00
"                 463",-4.050766415494e-02,4.904522589489e-01,-8.551019287638e+00,-3.972595037543e-02,4.898829965545e-01,-1.359356531548e+01,7.817137795093e-04,-5.692623944128e-04,-5.042546027837e+00
"                 464",-3.803524386331e-02,4.963873936298e-01,-8.555560513128e+00,-3.724253208220e-02,4.958621776660e-01,-1.360449581652e+01,7.927117811061e-04,-5.252159637962e-04,-5.048935303392e+00
"                 465",-3.615621449222e-02,4.980142718365e-01,-8.560172027056e+00,-3.534013911042e-02,4.975264832159e-01,-1.361541971054e+01,8.160753818053e-04,-4.877886205350e-04,-5.055247683481e+00
"                 466",-3.667538586586e-02,4.939378591406e-01,-8.564840346223e+00,-3.582905602009e-02,4.934763161869e-01,-1.362635753658e+01,8.463298457766e-04,-4.615429537375e-04,-5.061517190353e+00
"                 467",-4.070957683237e-02,4.842598800788e-01,-8.570073140142e+00,-3.983587295760e-02,4.838055985771e-01,-1.363782837978e+01,8.737038747722e-04,-4.542815017200e-04,-5.067755239634e+00
"                 468",-4.636062492321e-02,4.714622759559e-01,-8.576038831659e+00,-4.547013399459e-02,4.709930931269e-01,-1.365001375033e+01,8.904909286182e-04,-4.691828290758e-04,-5.073974918674e+00
"                 469",-5.319941205863e-02,4.576532477912e-01,-8.582091848587e+00,-5.230471513207e-02,4.571553755587e-01,-1.366226919043e+01,8.946969265652e-04,-4.978722324454e-04,-5.080177341847e+00
"                 470",-6.232010545401e-02,4.426764058584e-01,-8.587725870921e+00,-6.143758787182e-02,4.421359594955e-01,-1.367409083642e+01,8.825175821895e-04,-5.404463629525e-04,-5.086364965494e+00
"                 471",-7.543507277217e-02,4.254921225677e-01,-8.592857321224e+00,-7.458276162650e-02,4.248969296210e-01,-1.368539536803e+01,8.523111456615e-04,-5.951929467105e-04,-5.092538046808e+00
"                 472",-9.001870766454e-02,4.034802913437e-01,-8.598109805774e+00,-8.921383878117e-02,4.028207873970e-01,-1.369680899806e+01,8.048688833732e-04,-6.595039467186e-04,-5.098699192288e+00
"                 473",-1.021698790849e-01,3.776372873612e-01,-8.602589722170e+00,-1.014203479745e-01,3.769054319595e-01,-1.370742538591e+01,7.495311103552e-04,-7.318554016915e-04,-5.104835663740e+00
"                 474",-1.121705969387e-01,3.525696805313e-01,-8.605818037606e+00,-1.114773108573e-01,3.517637166010e-01,-1.371676114511e+01,6.932860813122e-04,-8.059639302911e-04,-5.110943107507e+00
"                 475",-1.212537294620e-01,3.296291128408e-01,-8.608110496877e+00,-1.206102869724e-01,3.287580276719e-01,-1.372511456913e+01,6.434424895619e-04,-8.710851689331e-04,-5.117004072248e+00
"                 476",-1.296305027441e-01,3.088079877360e-01,-8.610244493418e+00,-1.290239789024e-01,3.078756289627e-01,-1.373323108975e+01,6.065238416786e-04,-9.323587732900e-04,-5.122986596333e+00
"                 477",-1.357001567266e-01,2.900633238199e-01,-8.612389076880e+00,-1.351185942667e-01,2.890683270780e-01,-1.374125271120e+01,5.815624599657e-04,-9.949967419587e-04,-5.128863634320e+00
"                 478",-1.386394055193e-01,2.738929780999e-01,-8.615400018932e+00,-1.380688703848e-01,2.728339022717e-01,-1.375002720287e+01,5.705351344940e-04,-1.059075828146e-03,-5.134627183939e+00
"                 479",-1.394604871319e-01,2.610318598335e-01,-8.619240862130e+00,-1.388856985539e-01,2.599155950132e-01,-1.375951678682e+01,5.747885779887e-04,-1.116264820272e-03,-5.140275924688e+00
"                 480",-1.392459857997e-01,2.534882044592e-01,-8.623521432854e+00,-1.386486829570e-01,2.523358676830e-01,-1.376934334602e+01,5.973028426866e-04,-1.152336776198e-03,-5.145821913169e+00
"                 481",-1.369150606760e-01,2.529909155756e-01,-8.627667670306e+00,-1.362773775796e-01,2.518292191128e-01,-1.377894739524e+01,6.376830963321e-04,-1.161696462814e-03,-5.151279724934e+00
"                 482",-1.322738388782e-01,2.590862569370e-01,-8.631948338745e+00,-1.315801841760e-01,2.579314436120e-01,-1.378863686762e+01,6.936547022163e-04,-1.154813324977e-03,-5.156688528876e+00
"                 483",-1.260029794284e-01,2.698473337593e-01,-8.637108749060e+00,-1.252452525079e-01,2.687105341176e-01,-1.379918032463e+01,7.577269205619e-04,-1.136799641751e-03,-5.162071575571e+00
"                 484",-1.178926553063e-01,2.846789638934e-01,-8.643213270574e+00,-1.170713087513e-01,2.835709088547e-01,-1.381065132964e+01,8.213465550273e-04,-1.108055038690e-03,-5.167438059066e+00
"                 485",-1.097237340529e-01,3.031483099631e-01,-8.649445706598e+00,-1.088422011468e-01,3.020814821858e-01,-1.382223457271e+01,8.815329060946e-04,-1.066827777337e-03,-5.172788866109e+00
"                 486",-1.010158562773e-01,3.247495375700e-01,-8.654808716104e+00,-1.000862517362e-01,3.237375888993e-01,-1.383294240610e+01,9.296045411028e-04,-1.011948670646e-03,-5.178133689993e+00
"                 487",-9.194519740700e-02,3.504049954428e-01,-8.659444082568e+00,-9.097918037388e-02,3.494531630398e-01,-1.384291530422e+01,9.660170331162e-04,-9.518324030344e-04,-5.183471221650e+00
"                 488",-8.363653672512e-02,3.802878062647e-01,-8.663639176990e+00,-8.263879981331e-02,3.793920594429e-01,-1.385243453238e+01,9.977369118154e-04,-8.957468218723e-04,-5.188795355385e+00
"                 489",-7.571652976478e-02,4.112339695470e-01,-8.666640005218e+00,-7.468812837949e-02,4.103924276607e-01,-1.386074573504e+01,1.028401385282e-03,-8.415418862333e-04,-5.194105729827e+00
"                 490",-6.930167127504e-02,4.423461052671e-01,-8.668488322335e+00,-6.824698661189e-02,4.415491233977e-01,-1.386788065242e+01,1.054684663152e-03,-7.969818693907e-04,-5.199392330086e+00
"                 491",-6.355296094256e-02,4.726787552543e-01,-8.669759277350e+00,-6.247789875337e-02,4.719242964662e-01,-1.387438341645e+01,1.075062189192e-03,-7.544587880905e-04,-5.204624139102e+00
"                 492",-5.822137532834e-02,4.986589586098e-01,-8.671253843995e+00,-5.713304283989e-02,4.979557889608e-01,-1.388102051384e+01,1.088332488450e-03,-7.031696490390e-04,-5.209766669846e+00
"                 493",-5.262390318896e-02,5.185305071093e-01,-8.673756404766e+00,-5.152909644985e-02,5.178875957506e-01,-1.388854939838e+01,1.094806739105e-03,-6.429113586823e-04,-5.214792993617e+00
"                 494",-4.672488507549e-02,5.324949376201e-01,-8.677023956125e+00,-4.562984783030e-02,5.319107158059e-01,-1.389672585004e+01,1.095037245195e-03,-5.842218142781e-04,-5.219701893913e+00
"                 495",-4.142919787859e-02,5.415241329997e-01,-8.680549127276e+00,-4.033701532196e-02,5.409923191516e-01,-1.390505605187e+01,1.092182556623e-03,-5.318138481016e-04,-5.224506924598e+00
"                 496",-3.826228721567e-02,5.450943474339e-01,-8.684585457784e+00,-3.716851556342e-02,5.445961775219e-01,-1.391381441596e+01,1.093771652253e-03,-4.981699120509e-04,-5.229228958171e+00
"                 497",-3.655267501605e-02,5.423037040090e-01,-8.688684145065e+00,-3.544846386822e-02,5.418224099537e-01,-1.392257551645e+01,1.104211147835e-03,-4.812940552944e-04,-5.233891371386e+00
"                 498",-3.699894364530e-02,5.324987547128e-01,-8.693020137373e+00,-3.588157734725e-02,5.320170314655e-01,-1.393155747544e+01,1.117366298053e-03,-4.817232473215e-04,-5.238537338066e+00
"                 499",-4.024573047096e-02,5.165814245092e-01,-8.697677888464e+00,-3.911827424392e-02,5.160765074645e-01,-1.394085768559e+01,1.127456227041e-03,-5.049170447018e-04,-5.243179797123e+00
"                 500",-4.803049042570e-02,4.974375318770e-01,-8.703205807059e+00,-4.690020930563e-02,4.968863939111e-01,-1.395102331642e+01,1.130281120073e-03,-5.511379659184e-04,-5.247817509360e+00
"                 501",-5.858265221363e-02,4.762018548176e-01,-8.708567715374e+00,-5.745975134513e-02,4.755880266940e-01,-1.396102539934e+01,1.122900868501e-03,-6.138281236210e-04,-5.252457683967e+00
"                 502",-7.236326243614e-02,4.529838293728e-01,-8.713538674339e+00,-7.126249703390e-02,4.522974033558e-01,-1.397063503272e+01,1.100765402243e-03,-6.864260170455e-04,-5.257096358379e+00
"                 503",-8.827569573225e-02,4.242422138810e-01,-8.717644974454e+00,-8.721445999764e-02,4.234740946959e-01,-1.397936842862e+01,1.061235734606e-03,-7.681191851549e-04,-5.261723454161e+00
"                 504",-1.038245225779e-01,3.902342070326e-01,-8.720394029007e+00,-1.028151538251e-01,3.893739074131e-01,-1.398674484332e+01,1.009368752831e-03,-8.602996194626e-04,-5.266350814316e+00
"                 505",-1.183370192284e-01,3.550149898646e-01,-8.721626077833e+00,-1.173842460694e-01,3.540710971321e-01,-1.399258810437e+01,9.527731590253e-04,-9.438927324827e-04,-5.270962026535e+00
"                 506",-1.314243872908e-01,3.211131447836e-01,-8.722063957633e+00,-1.305228498278e-01,3.201004809055e-01,-1.399758445570e+01,9.015374629788e-04,-1.012663878156e-03,-5.275520498072e+00
"                 507",-1.431057061922e-01,2.916447309762e-01,-8.722869543751e+00,-1.422476523601e-01,2.905740309246e-01,-1.400286532241e+01,8.580538321415e-04,-1.070700051553e-03,-5.279995778659e+00
"                 508",-1.515092859835e-01,2.675043157394e-01,-8.724462409408e+00,-1.506782393893e-01,2.663749785021e-01,-1.400881748608e+01,8.310465942260e-04,-1.129337237337e-03,-5.284355076668e+00
"                 509",-1.548452628386e-01,2.488667690369e-01,-8.727184875403e+00,-1.540193970731e-01,2.476817906122e-01,-1.401577311196e+01,8.258657654490e-04,-1.184978424623e-03,-5.288588236553e+00
"                 510",-1.538673835572e-01,2.360059904878e-01,-8.730635797471e+00,-1.530268123792e-01,2.347764322171e-01,-1.402334682160e+01,8.405711780418e-04,-1.229558270742e-03,-5.292711024132e+00
"                 511",-1.520700379823e-01,2.303983423055e-01,-8.734679008258e+00,-1.511991684510e-01,2.291532939233e-01,-1.403141850709e+01,8.708695312808e-04,-1.245048382190e-03,-5.296739498834e+00
"                 512",-1.492430674977e-01,2.330668566636e-01,-8.738521972054e+00,-1.483270777698e-01,2.318340729104e-01,-1.403922284195e+01,9.159897278635e-04,-1.232783753142e-03,-5.300700869894e+00
"                 513",-1.448605698482e-01,2.450517129442e-01,-8.741994516552e+00,-1.438913180269e-01,2.438488483737e-01,-1.404663342169e+01,9.692518213614e-04,-1.202864570538e-03,-5.304638905134e+00
"                 514",-1.390315298736e-01,2.631521344771e-01,-8.745739132967e+00,-1.380014343301e-01,2.619955522524e-01,-1.405431791752e+01,1.030095543469e-03,-1.156582224697e-03,-5.308578784555e+00
"                 515",-1.330626979828e-01,2.851068544512e-01,-8.750882014792e+00,-1.319727711848e-01,2.840113372384e-01,-1.406339786806e+01,1.089926797973e-03,-1.095517212774e-03,-5.312515853269e+00
"                 516",-1.266888996775e-01,3.104833865763e-01,-8.756882712915e+00,-1.255454636955e-01,3.094635653994e-01,-1.407334191112e+01,1.143435981988e-03,-1.019821176827e-03,-5.316459198209e+00
"                 517",-1.196230734204e-01,3.401348749886e-01,-8.762028061442e+00,-1.184387179881e-01,3.391964183378e-01,-1.408244202988e+01,1.184355432348e-03,-9.384566508469e-04,-5.320413968438e+00
"                 518",-1.114583991674e-01,3.750219014870e-01,-8.765721571946e+00,-1.102394113472e-01,3.741608152510e-01,-1.409009924815e+01,1.218987820188e-03,-8.610862360455e-04,-5.324377676207e+00
"                 519",-1.046802344819e-01,4.123759171616e-01,-8.768099918223e+00,-1.034314863007e-01,4.115828850735e-01,-1.409644160648e+01,1.248748181154e-03,-7.930320880998e-04,-5.328341688255e+00
"                 520",-9.829076476206e-02,4.486205297628e-01,-8.768829028299e+00,-9.701580748687e-02,4.478744195018e-01,-1.410112313045e+01,1.274957275190e-03,-7.461102610245e-04,-5.332294102152e+00
"                 521",-9.127710140930e-02,4.828495249867e-01,-8.769145083129e+00,-8.997508331444e-02,4.821357119185e-01,-1.410534700099e+01,1.302018094868e-03,-7.138130681724e-04,-5.336201917861e+00
"                 522",-8.266867980916e-02,5.121523002009e-01,-8.770318759176e+00,-8.134467351410e-02,5.114714693732e-01,-1.411035168715e+01,1.324006295059e-03,-6.808308276281e-04,-5.340032927978e+00
"                 523",-7.280494668049e-02,5.358922612915e-01,-8.772322437593e+00,-7.146761588236e-02,5.352528158368e-01,-1.411606795343e+01,1.337330798136e-03,-6.394454547220e-04,-5.343745515837e+00
"                 524",-6.179225676320e-02,5.516627337768e-01,-8.775261927156e+00,-6.044668545528e-02,5.510671163395e-01,-1.412259392058e+01,1.345571307915e-03,-5.956174373601e-04,-5.347331993420e+00
"                 525",-5.150988255463e-02,5.588981883230e-01,-8.778782654052e+00,-5.016150339530e-02,5.583351212471e-01,-1.412959095351e+01,1.348379159331e-03,-5.630670759639e-04,-5.350808299456e+00
"                 526",-4.365313628054e-02,5.588840556563e-01,-8.782336977209e+00,-4.230287528676e-02,5.583421580562e-01,-1.413653985172e+01,1.350260993781e-03,-5.418976001721e-04,-5.354202874509e+00
"                 527",-3.949929073076e-02,5.521964533374e-01,-8.785375027553e+00,-3.814705578823e-02,5.516660647085e-01,-1.414292761026e+01,1.352234942532e-03,-5.303886289123e-04,-5.357552582705e+00
"                 528",-3.913871110652e-02,5.387810862912e-01,-8.788050222945e+00,-3.778711948626e-02,5.382506514717e-01,-1.414894457952e+01,1.351591620256e-03,-5.304348195476e-04,-5.360894356573e+00
"                 529",-4.239317963055e-02,5.193147673434e-01,-8.791189687856e+00,-4.104155382451e-02,5.187565553991e-01,-1.415545425430e+01,1.351625806044e-03,-5.582119442744e-04,-5.364264566440e+00
"                 530",-4.937316805857e-02,4.956768855921e-01,-8.795444634041e+00,-4.802863094769e-02,4.950696972631e-01,-1.416309415293e+01,1.344537110880e-03,-6.071883289826e-04,-5.367649518884e+00
"                 531",-5.901195676779e-02,4.700406877836e-01,-8.800704907720e+00,-5.768372527909e-02,4.693609301300e-01,-1.417176733838e+01,1.328231488700e-03,-6.797576536644e-04,-5.371062430660e+00
"                 532",-7.143782799798e-02,4.423553896805e-01,-8.805337314140e+00,-7.013740854047e-02,4.416017904592e-01,-1.417982522519e+01,1.300419457513e-03,-7.535992212649e-04,-5.374487911054e+00
"                 533",-8.601643187112e-02,4.102060046460e-01,-8.808199570351e+00,-8.475342847651e-02,4.093816891982e-01,-1.418612114290e+01,1.263003394602e-03,-8.243154478197e-04,-5.377921572551e+00
"                 534",-1.025593707540e-01,3.751939068388e-01,-8.808883910988e+00,-1.013437744883e-01,3.743026563512e-01,-1.419023318382e+01,1.215596265667e-03,-8.912504876004e-04,-5.381349272835e+00
"                 535",-1.190533665190e-01,3.391136477393e-01,-8.808593701503e+00,-1.178870004664e-01,3.381703463796e-01,-1.419334331060e+01,1.166366052631e-03,-9.433013597232e-04,-5.384749609100e+00
"                 536",-1.350445683518e-01,3.059505755887e-01,-8.808815394983e+00,-1.339223205773e-01,3.049712271648e-01,-1.419691009109e+01,1.122247774505e-03,-9.793484238194e-04,-5.388094696103e+00
"                 537",-1.477227105511e-01,2.788802608193e-01,-8.810105417226e+00,-1.466358460779e-01,2.778744732463e-01,-1.420145540419e+01,1.086864473247e-03,-1.005787572943e-03,-5.391349986967e+00
"                 538",-1.562929766797e-01,2.593071353178e-01,-8.812152757825e+00,-1.552305966064e-01,2.582796028653e-01,-1.420663927225e+01,1.062380073350e-03,-1.027532452439e-03,-5.394486514420e+00
"                 539",-1.602862520219e-01,2.464448668429e-01,-8.814411484186e+00,-1.592298266372e-01,2.454017091699e-01,-1.421191716491e+01,1.056425384724e-03,-1.043157672946e-03,-5.397505680720e+00
"                 540",-1.605564720541e-01,2.401207188377e-01,-8.816969819257e+00,-1.594810702601e-01,2.390734258441e-01,-1.421739703359e+01,1.075401793993e-03,-1.047292993614e-03,-5.400427214331e+00
"                 541",-1.596687972242e-01,2.416582509537e-01,-8.819793138032e+00,-1.585511875625e-01,2.406257672814e-01,-1.422306632582e+01,1.117609661710e-03,-1.032483672254e-03,-5.403273187785e+00
"                 542",-1.590109086613e-01,2.519144613666e-01,-8.822739389314e+00,-1.578432582577e-01,2.509192402560e-01,-1.422881699474e+01,1.167650403636e-03,-9.952211106164e-04,-5.406077605430e+00
"                 543",-1.571907711927e-01,2.699405892901e-01,-8.825518048689e+00,-1.559665576236e-01,2.690063079497e-01,-1.423440457529e+01,1.224213569084e-03,-9.342813403957e-04,-5.408886526605e+00
"                 544",-1.536463792904e-01,2.930177150038e-01,-8.829208015827e+00,-1.523630042617e-01,2.921560445581e-01,-1.424090805529e+01,1.283375028679e-03,-8.616704457016e-04,-5.411700039465e+00
"                 545",-1.477408344831e-01,3.190493428205e-01,-8.834192202805e+00,-1.464000568954e-01,3.182771855225e-01,-1.424873896494e+01,1.340777587739e-03,-7.721572980688e-04,-5.414546762131e+00
"                 546",-1.415176874741e-01,3.480398063902e-01,-8.839283983381e+00,-1.401350922912e-01,3.473566874832e-01,-1.425669690516e+01,1.382595182901e-03,-6.831189070201e-04,-5.417412921776e+00
"                 547",-1.351956132937e-01,3.825174770590e-01,-8.842724120393e+00,-1.337859112730e-01,3.819146569702e-01,-1.426301745915e+01,1.409702020725e-03,-6.028200888161e-04,-5.420293338761e+00
"                 548",-1.294369316305e-01,4.202166921493e-01,-8.843789805083e+00,-1.280101065302e-01,4.196757386449e-01,-1.426697412088e+01,1.426825100248e-03,-5.409535044127e-04,-5.423184315793e+00
"                 549",-1.244177006431e-01,4.564180235208e-01,-8.843693327767e+00,-1.229747334923e-01,4.559049528544e-01,-1.426976271645e+01,1.442967150785e-03,-5.130706664371e-04,-5.426069388683e+00
"                 550",-1.186105322247e-01,4.883533670659e-01,-8.843861296174e+00,-1.171463160029e-01,4.878409691290e-01,-1.427277404337e+01,1.464216221726e-03,-5.123979369605e-04,-5.428912747192e+00
"                 551",-1.097575847228e-01,5.152314837991e-01,-8.845081546485e+00,-1.082684390305e-01,5.147143159187e-01,-1.427676960880e+01,1.489145692311e-03,-5.171678803994e-04,-5.431688062314e+00
"                 552",-9.651097278910e-02,5.366203970457e-01,-8.846820519330e+00,-9.500055563349e-02,5.361054431898e-01,-1.428119155926e+01,1.510417155615e-03,-5.149538558839e-04,-5.434371039929e+00
"                 553",-7.989817915220e-02,5.510769863297e-01,-8.848774400439e+00,-7.837221568018e-02,5.505718554005e-01,-1.428572212042e+01,1.525963472013e-03,-5.051309292005e-04,-5.436947719978e+00
"                 554",-6.247672752411e-02,5.575110153146e-01,-8.851020130667e+00,-6.093560272620e-02,5.570094735520e-01,-1.429044401376e+01,1.541124797910e-03,-5.015417626398e-04,-5.439423883088e+00
"                 555",-4.685642249811e-02,5.548400027162e-01,-8.853101404217e+00,-4.529541211906e-02,5.543360610604e-01,-1.429491748919e+01,1.561010379045e-03,-5.039416557975e-04,-5.441816084976e+00
"                 556",-3.629166040432e-02,5.441824428072e-01,-8.855045629874e+00,-3.471715693067e-02,5.436746067956e-01,-1.429920591752e+01,1.574503473649e-03,-5.078360116653e-04,-5.444160287650e+00
"                 557",-3.125700215469e-02,5.283533390477e-01,-8.857126795260e+00,-2.967789205583e-02,5.278316032174e-01,-1.430363784601e+01,1.579110098860e-03,-5.217358303433e-04,-5.446511050751e+00
"                 558",-3.234676343922e-02,5.086710540544e-01,-8.860260256797e+00,-3.077352043910e-02,5.081191850739e-01,-1.430914414427e+01,1.573243000126e-03,-5.518689805064e-04,-5.448883887471e+00
"                 559",-3.682057069773e-02,4.850714107322e-01,-8.864095043779e+00,-3.526112303656e-02,4.844657524466e-01,-1.431540252634e+01,1.559447661167e-03,-6.056582856252e-04,-5.451307482558e+00
"                 560",-4.494882334535e-02,4.568671453249e-01,-8.867634543553e+00,-4.341860990533e-02,4.561922722456e-01,-1.432141114279e+01,1.530213440022e-03,-6.748730793663e-04,-5.453776599240e+00
"                 561",-5.611520850806e-02,4.237163991383e-01,-8.869733074534e+00,-5.462868884145e-02,4.229720811158e-01,-1.432600309308e+01,1.486519666610e-03,-7.443180225488e-04,-5.456270018541e+00
"                 562",-7.065555191556e-02,3.879042602948e-01,-8.870255833504e+00,-6.922308264858e-02,3.871020474215e-01,-1.432902634726e+01,1.432469266983e-03,-8.022128732195e-04,-5.458770513754e+00
"                 563",-8.829952839275e-02,3.530440682611e-01,-8.870445383686e+00,-8.692136662069e-02,3.522107345143e-01,-1.433170646298e+01,1.378161772060e-03,-8.333337468239e-04,-5.461261079294e+00
"                 564",-1.062523318498e-01,3.203696744260e-01,-8.871024258870e+00,-1.049183429886e-01,3.195218455597e-01,-1.433473201578e+01,1.333988861240e-03,-8.478288663246e-04,-5.463707756910e+00
"                 565",-1.206387668340e-01,2.912485559591e-01,-8.872076305085e+00,-1.193378727806e-01,2.903891309949e-01,-1.433816951271e+01,1.300894053344e-03,-8.594249642111e-04,-5.466093207624e+00
"                 566",-1.305479308465e-01,2.672569406182e-01,-8.873315679720e+00,-1.292736774877e-01,2.663893562731e-01,-1.434171736073e+01,1.274253358755e-03,-8.675843451386e-04,-5.468401681006e+00
"                 567",-1.368926359485e-01,2.509979475586e-01,-8.874593080650e+00,-1.356403492504e-01,2.501286692048e-01,-1.434521801026e+01,1.252286698044e-03,-8.692783537463e-04,-5.470624929609e+00
"                 568",-1.414923111247e-01,2.428980021375e-01,-8.876212744904e+00,-1.402479578382e-01,2.420372314174e-01,-1.434898718952e+01,1.244353286526e-03,-8.607707200519e-04,-5.472774444619e+00
"                 569",-1.451045495793e-01,2.423314845866e-01,-8.878210620610e+00,-1.438420335546e-01,2.414891472190e-01,-1.435306040595e+01,1.262516024723e-03,-8.423373676175e-04,-5.474849785340e+00
"                 570",-1.494523204809e-01,2.495774884882e-01,-8.880593320398e+00,-1.481579908483e-01,2.487636519519e-01,-1.435745953572e+01,1.294329632588e-03,-8.138365363455e-04,-5.476866215317e+00
"                 571",-1.553134337350e-01,2.639166017790e-01,-8.883357946858e+00,-1.539807446670e-01,2.631533123986e-01,-1.436222570104e+01,1.332689068014e-03,-7.632893803612e-04,-5.478867754182e+00
"                 572",-1.615397033399e-01,2.844865253717e-01,-8.886972168570e+00,-1.601679062059e-01,2.837990861695e-01,-1.436784243430e+01,1.371797134024e-03,-6.874392021632e-04,-5.480870265727e+00
"                 573",-1.634281666981e-01,3.093603685101e-01,-8.890981088423e+00,-1.620163247559e-01,3.087725866042e-01,-1.437388114087e+01,1.411841942146e-03,-5.877819058947e-04,-5.482900052442e+00
"                 574",-1.615691664618e-01,3.384302077549e-01,-8.894680446349e+00,-1.601248697585e-01,3.379453358510e-01,-1.437964522268e+01,1.444296703322e-03,-4.848719039004e-04,-5.484964776328e+00
"                 575",-1.568072565804e-01,3.732995152579e-01,-8.897461138143e+00,-1.553391068640e-01,3.729044058706e-01,-1.438451744463e+01,1.468149716467e-03,-3.951093873824e-04,-5.487056306485e+00
"                 576",-1.520302462434e-01,4.120267081015e-01,-8.898906974946e+00,-1.505486354824e-01,4.117045939913e-01,-1.438806513862e+01,1.481610761027e-03,-3.221141101883e-04,-5.489158163677e+00
"                 577",-1.479910154487e-01,4.505336355740e-01,-8.899624976576e+00,-1.464958804743e-01,4.502523582451e-01,-1.439087874020e+01,1.495134974408e-03,-2.812773289448e-04,-5.491253763621e+00
"                 578",-1.420844562519e-01,4.863792384698e-01,-8.900050477500e+00,-1.405677404399e-01,4.861073857032e-01,-1.439337018968e+01,1.516715811954e-03,-2.718527666094e-04,-5.493319712182e+00
"                 579",-1.317561173319e-01,5.168486680575e-01,-8.900895997494e+00,-1.302109588180e-01,5.165659220579e-01,-1.439623124440e+01,1.545158513850e-03,-2.827459996845e-04,-5.495335246908e+00
"                 580",-1.177023324061e-01,5.409108080692e-01,-8.902423929591e+00,-1.161315174920e-01,5.406077434064e-01,-1.439970368573e+01,1.570814914118e-03,-3.030646627848e-04,-5.497279756135e+00
"                 581",-1.003233276580e-01,5.583533799072e-01,-8.904215499092e+00,-9.872942903780e-02,5.580334674058e-01,-1.440336445883e+01,1.593898620204e-03,-3.199125013594e-04,-5.499148959734e+00
"                 582",-8.219267825567e-02,5.680103890440e-01,-8.906086855675e+00,-8.057636619433e-02,5.676674880183e-01,-1.440703881369e+01,1.616312061338e-03,-3.429010256854e-04,-5.500951958011e+00
"                 583",-6.502342237755e-02,5.696326781838e-01,-8.907776176582e+00,-6.337940516724e-02,5.692673109764e-01,-1.441045593981e+01,1.644017210310e-03,-3.653672073484e-04,-5.502679763232e+00
"                 584",-4.944555063145e-02,5.615990466021e-01,-8.909420172979e+00,-4.777556802763e-02,5.612083281510e-01,-1.441377391721e+01,1.669982603813e-03,-3.907184510707e-04,-5.504353744234e+00
"                 585",-3.834556097681e-02,5.441123891491e-01,-8.911612034351e+00,-3.665790090058e-02,5.436973617138e-01,-1.441761598669e+01,1.687660076232e-03,-4.150274353433e-04,-5.506003952335e+00
"                 586",-3.372891445318e-02,5.218102953964e-01,-8.915150060698e+00,-3.203264500529e-02,5.213572370590e-01,-1.442282090332e+01,1.696269447886e-03,-4.530583374594e-04,-5.507670842618e+00
"                 587",-3.226332390531e-02,4.977150533905e-01,-8.919100530632e+00,-3.056940096473e-02,4.972139063210e-01,-1.442847065351e+01,1.693922940585e-03,-5.011470694679e-04,-5.509370122883e+00
"                 588",-3.340348507297e-02,4.701782242061e-01,-8.921930234367e+00,-3.173134900496e-02,4.696148202615e-01,-1.443305024480e+01,1.672136068005e-03,-5.634039445374e-04,-5.511120010431e+00
"                 589",-3.643106034559e-02,4.365097687408e-01,-8.922696357642e+00,-3.479827793076e-02,4.358835075481e-01,-1.443561294408e+01,1.632782414829e-03,-6.262611926883e-04,-5.512916586441e+00
"                 590",-4.488692272830e-02,3.977112153661e-01,-8.922423797647e+00,-4.330472110365e-02,3.970274237927e-01,-1.443717027060e+01,1.582201624648e-03,-6.837915734054e-04,-5.514746472958e+00
"                 591",-5.934769468541e-02,3.588995122602e-01,-8.922553051832e+00,-5.781538652766e-02,3.581866109286e-01,-1.443912503876e+01,1.532308157757e-03,-7.129013315469e-04,-5.516571986924e+00
"                 592",-7.692261389425e-02,3.225697032715e-01,-8.923406261548e+00,-7.543102749374e-02,3.218491538427e-01,-1.444176306911e+01,1.491586400510e-03,-7.205494287619e-04,-5.518356807557e+00
"                 593",-9.231000362595e-02,2.911499516129e-01,-8.924849090844e+00,-9.085195172280e-02,2.904248985311e-01,-1.444493537980e+01,1.458051903153e-03,-7.250530817642e-04,-5.520086288957e+00
"                 594",-1.035571116269e-01,2.646523540985e-01,-8.926402246931e+00,-1.021290783674e-01,2.639199282336e-01,-1.444815078812e+01,1.428033259532e-03,-7.324258648301e-04,-5.521748541184e+00
"                 595",-1.116105561242e-01,2.444255595319e-01,-8.927717777735e+00,-1.102054984549e-01,2.436877579329e-01,-1.445106130083e+01,1.405057669260e-03,-7.378015990041e-04,-5.523343523099e+00
"                 596",-1.185477310838e-01,2.335725036371e-01,-8.929238102614e+00,-1.171509699871e-01,2.328441438852e-01,-1.445413822021e+01,1.396761096716e-03,-7.283597519253e-04,-5.524900117594e+00
"                 597",-1.261975624020e-01,2.319892761315e-01,-8.930811240688e+00,-1.247861614805e-01,2.312858832780e-01,-1.445722502740e+01,1.411400921496e-03,-7.033928535162e-04,-5.526413786709e+00
"                 598",-1.337218402450e-01,2.387842926915e-01,-8.932545925780e+00,-1.322798257459e-01,2.381174438791e-01,-1.446044705674e+01,1.442014499106e-03,-6.668488124846e-04,-5.527901130961e+00
"                 599",-1.417783606837e-01,2.541176677306e-01,-8.935119177436e+00,-1.402976194566e-01,2.534959428241e-01,-1.446448908245e+01,1.480741227072e-03,-6.217249065319e-04,-5.529369905017e+00
"                 600",-1.503649095684e-01,2.750269197804e-01,-8.938993921528e+00,-1.488402035308e-01,2.744760621194e-01,-1.446983552885e+01,1.524706037534e-03,-5.508576609905e-04,-5.530841607318e+00
"                 601",-1.566887138374e-01,2.992517342147e-01,-8.943303490719e+00,-1.551263156675e-01,2.987967689951e-01,-1.447562114406e+01,1.562398169922e-03,-4.549652195951e-04,-5.532317653346e+00
"                 602",-1.599589393822e-01,3.280243014749e-01,-8.946599082660e+00,-1.583735294396e-01,3.276761178434e-01,-1.448041582213e+01,1.585409942525e-03,-3.481836314766e-04,-5.533816739469e+00
"                 603",-1.597529942210e-01,3.638785053421e-01,-8.948217530064e+00,-1.581587164395e-01,3.636281015042e-01,-1.448355883419e+01,1.594277781470e-03,-2.504038379637e-04,-5.535341304125e+00
"                 604",-1.597012710415e-01,4.039304125314e-01,-8.948674441671e+00,-1.581056181272e-01,4.037580489252e-01,-1.448556157306e+01,1.595652914313e-03,-1.723636062133e-04,-5.536887131393e+00
"                 605",-1.602996137460e-01,4.445859296935e-01,-8.949160534273e+00,-1.587002969933e-01,4.444578037200e-01,-1.448758658982e+01,1.599316752760e-03,-1.281259734584e-04,-5.538426055544e+00
"                 606",-1.590225233294e-01,4.838353624761e-01,-8.950185993328e+00,-1.574122045501e-01,4.837244098621e-01,-1.449011448088e+01,1.610318779268e-03,-1.109526139453e-04,-5.539928487549e+00
"                 607",-1.519230309274e-01,5.188130823846e-01,-8.951855190443e+00,-1.502923471072e-01,5.187038126746e-01,-1.449323587187e+01,1.630683820237e-03,-1.092697100399e-04,-5.541380681422e+00
"                 608",-1.382178980686e-01,5.472052514023e-01,-8.953991200850e+00,-1.365611560978e-01,5.470854198224e-01,-1.449675901121e+01,1.656741970809e-03,-1.198315798711e-04,-5.542767810356e+00
"                 609",-1.196222762644e-01,5.684387403611e-01,-8.955833122658e+00,-1.179367541615e-01,5.682981625260e-01,-1.449991797080e+01,1.685522102926e-03,-1.405778351418e-04,-5.544084848138e+00
"                 610",-9.960191603113e-02,5.808145461386e-01,-8.957483189460e+00,-9.788181923131e-02,5.806368391543e-01,-1.450283242963e+01,1.720096799821e-03,-1.777069843283e-04,-5.545349240170e+00
"                 611",-8.017498996438e-02,5.847892958836e-01,-8.958875787200e+00,-7.840958620566e-02,5.845699855861e-01,-1.450544755379e+01,1.765403758714e-03,-2.193102975206e-04,-5.546571766589e+00
"                 612",-6.285934294314e-02,5.788564641976e-01,-8.960036216584e+00,-6.105303943309e-02,5.785977965374e-01,-1.450779779606e+01,1.806303510047e-03,-2.586676602069e-04,-5.547761579473e+00
"                 613",-4.949355909392e-02,5.620920782782e-01,-8.962427373453e+00,-4.766103893317e-02,5.617943850699e-01,-1.451136318657e+01,1.832520160752e-03,-2.976932082590e-04,-5.548935813117e+00
"                 614",-4.036808709148e-02,5.389183360257e-01,-8.966356107621e+00,-3.852342428426e-02,5.385733153126e-01,-1.451645946699e+01,1.844662807216e-03,-3.450207131156e-04,-5.550103359367e+00
"                 615",-3.498728130910e-02,5.128229785677e-01,-8.970508366230e+00,-3.314645919984e-02,5.124212165917e-01,-1.452179452318e+01,1.840822109259e-03,-4.017619759922e-04,-5.551286156945e+00
"                 616",-3.224460028136e-02,4.837673965949e-01,-8.972736829324e+00,-3.043191200395e-02,4.833098832333e-01,-1.452524090455e+01,1.812688277414e-03,-4.575133615924e-04,-5.552504075224e+00
"                 617",-3.201363791297e-02,4.487715156052e-01,-8.972676693417e+00,-3.025193748954e-02,4.482637176666e-01,-1.452643790390e+01,1.761700423429e-03,-5.077979386669e-04,-5.553761210486e+00
"                 618",-3.763524990174e-02,4.088236581368e-01,-8.971489048660e+00,-3.593275705392e-02,4.082710632867e-01,-1.452654942964e+01,1.702492847820e-03,-5.525948501036e-04,-5.555060380981e+00
"                 619",-4.932522347164e-02,3.672923813896e-01,-8.970796714014e+00,-4.767392492895e-02,3.667139300013e-01,-1.452716376490e+01,1.651298542691e-03,-5.784513882892e-04,-5.556367050884e+00
"                 620",-6.388619747963e-02,3.275647158003e-01,-8.971505438762e+00,-6.227452026311e-02,3.269767883334e-01,-1.452914423329e+01,1.611677216526e-03,-5.879274669387e-04,-5.557638794531e+00
"                 621",-7.610416675269e-02,2.928529411033e-01,-8.972990051450e+00,-7.451940562660e-02,2.922622422302e-01,-1.453184298044e+01,1.584761126084e-03,-5.906988730713e-04,-5.558852928991e+00
"                 622",-8.403603507000e-02,2.643328858857e-01,-8.974782736357e+00,-8.246969636942e-02,2.637391122124e-01,-1.453477939269e+01,1.566338700581e-03,-5.937736732732e-04,-5.559996656329e+00
"                 623",-8.942306266360e-02,2.419250883327e-01,-8.976531549345e+00,-8.787156257965e-02,2.413265959875e-01,-1.453761112556e+01,1.551500083950e-03,-5.984923452382e-04,-5.561079576216e+00
"                 624",-9.566997218334e-02,2.278585550449e-01,-8.978161629937e+00,-9.412088937094e-02,2.272713963917e-01,-1.454029285222e+01,1.549082812401e-03,-5.871586531998e-04,-5.562131222280e+00
"                 625",-1.051443381931e-01,2.235419369921e-01,-8.979645281908e+00,-1.035771494381e-01,2.229832745403e-01,-1.454281573652e+01,1.567188754969e-03,-5.586624518812e-04,-5.563170454610e+00
"                 626",-1.159598569980e-01,2.303193967886e-01,-8.980628607834e+00,-1.143676752218e-01,2.297952554929e-01,-1.454484687959e+01,1.592181776121e-03,-5.241412957472e-04,-5.564218271756e+00
"                 627",-1.279955667781e-01,2.462771272803e-01,-8.982516688611e+00,-1.263776051891e-01,2.458026476522e-01,-1.454779398341e+01,1.617961588948e-03,-4.744796281738e-04,-5.565277294795e+00
"                 628",-1.395990141957e-01,2.670808600500e-01,-8.986113146841e+00,-1.379509891192e-01,2.666713764714e-01,-1.455245079704e+01,1.648025076444e-03,-4.094835785768e-04,-5.566337650196e+00
"                 629",-1.490839992208e-01,2.911392598165e-01,-8.990458424229e+00,-1.474104457719e-01,2.908168685088e-01,-1.455786116974e+01,1.673553448905e-03,-3.223913076591e-04,-5.567402745511e+00
"                 630",-1.555320707865e-01,3.201179740472e-01,-8.993401804074e+00,-1.538490153539e-01,3.198876043801e-01,-1.456188307571e+01,1.683055432570e-03,-2.303696670125e-04,-5.568481271632e+00
"                 631",-1.592954460795e-01,3.564238941125e-01,-8.994325736708e+00,-1.576184176302e-01,3.562824814210e-01,-1.456389402899e+01,1.677028449320e-03,-1.414126915074e-04,-5.569568292286e+00
"                 632",-1.629307941786e-01,3.968097188439e-01,-8.993840876145e+00,-1.612599525515e-01,3.967391166190e-01,-1.456451579695e+01,1.670841627100e-03,-7.060222489982e-05,-5.570674920801e+00
"                 633",-1.660846407106e-01,4.391541924307e-01,-8.993353605472e+00,-1.644089901561e-01,4.391218268314e-01,-1.456512795762e+01,1.675650554463e-03,-3.236559927421e-05,-5.571774352150e+00
"                 634",-1.654484289649e-01,4.802266174514e-01,-8.993843133585e+00,-1.637613953053e-01,4.802081959751e-01,-1.456667923721e+01,1.687033659596e-03,-1.842147631354e-05,-5.572836103628e+00
"                 635",-1.588067607550e-01,5.175670379922e-01,-8.995517468727e+00,-1.570999750294e-01,5.175513696063e-01,-1.456935844853e+01,1.706785725524e-03,-1.566838588549e-05,-5.573840979803e+00
"                 636",-1.458016697933e-01,5.491562584417e-01,-8.998138311832e+00,-1.440684790451e-01,5.491283242159e-01,-1.457291477442e+01,1.733190748268e-03,-2.793422582407e-05,-5.574776462583e+00
"                 637",-1.278635653039e-01,5.730897259509e-01,-9.000491315679e+00,-1.260994906242e-01,5.730351764477e-01,-1.457614275461e+01,1.764074679682e-03,-5.454950319965e-05,-5.575651438929e+00
"                 638",-1.099038789696e-01,5.880294378354e-01,-9.002261008391e+00,-1.081006983181e-01,5.879272569654e-01,-1.457874508548e+01,1.803180651473e-03,-1.021808700873e-04,-5.576484077087e+00
"                 639",-9.262801860152e-02,5.938085338658e-01,-9.003268781941e+00,-9.077432656074e-02,5.936501879213e-01,-1.458056495866e+01,1.853692040780e-03,-1.583459444918e-04,-5.577296176719e+00
"                 640",-7.692636612944e-02,5.889527066361e-01,-9.003894180699e+00,-7.502584955406e-02,5.887419374763e-01,-1.458200275668e+01,1.900516575382e-03,-2.107691597401e-04,-5.578108575985e+00
"                 641",-6.460559258031e-02,5.736617186716e-01,-9.005892788908e+00,-6.267686150153e-02,5.733975991799e-01,-1.458481256967e+01,1.928731078775e-03,-2.641194917035e-04,-5.578919780760e+00
"                 642",-5.327622882882e-02,5.524876898926e-01,-9.009201985088e+00,-5.133657403262e-02,5.521635736558e-01,-1.458892631659e+01,1.939654796197e-03,-3.241162367944e-04,-5.579724331507e+00
"                 643",-4.313709697146e-02,5.277661642586e-01,-9.012824522924e+00,-4.120630904049e-02,5.273772307268e-01,-1.459335708364e+01,1.930787930971e-03,-3.889335317941e-04,-5.580532560717e+00
"                 644",-3.516353724601e-02,4.979306368317e-01,-9.014480013925e+00,-3.326489234607e-02,4.974893301859e-01,-1.459584535928e+01,1.898644899935e-03,-4.413066457628e-04,-5.581365345360e+00
"                 645",-3.152617163991e-02,4.607739656942e-01,-9.014118532856e+00,-2.968204612677e-02,4.602944056105e-01,-1.459634050354e+01,1.844125513145e-03,-4.795600836832e-04,-5.582221970684e+00
"                 646",-3.348658359204e-02,4.194347692480e-01,-9.012525807728e+00,-3.170070440693e-02,4.189273629191e-01,-1.459564429900e+01,1.785879185111e-03,-5.074063288911e-04,-5.583118491275e+00
"                 647",-4.053555716143e-02,3.756321172641e-01,-9.011127420616e+00,-3.879882137649e-02,3.751111114045e-01,-1.459514903114e+01,1.736735784939e-03,-5.210058596399e-04,-5.584021610526e+00
"                 648",-5.078962824075e-02,3.341956983076e-01,-9.010920507404e+00,-4.909248798657e-02,3.336682868427e-01,-1.459581351032e+01,1.697140254178e-03,-5.274114648889e-04,-5.584893002916e+00
"                 649",-6.023688799689e-02,2.974184194674e-01,-9.011570868728e+00,-5.856729663676e-02,2.968862032257e-01,-1.459728051023e+01,1.669591360137e-03,-5.322162417233e-04,-5.585709641504e+00
"                 650",-6.733025651329e-02,2.673366536234e-01,-9.012922580375e+00,-6.567678134349e-02,2.668085783322e-01,-1.459938011034e+01,1.653475169797e-03,-5.280752912343e-04,-5.586457529968e+00
"                 651",-7.328744492892e-02,2.449287162277e-01,-9.014627648679e+00,-7.164085739094e-02,2.444075451423e-01,-1.460177637633e+01,1.646587537981e-03,-5.211710853403e-04,-5.587148727647e+00
"                 652",-8.049358377642e-02,2.304723745932e-01,-9.016393985174e+00,-7.883873540837e-02,2.299735391575e-01,-1.460420796098e+01,1.654848368048e-03,-4.988354357088e-04,-5.587813975804e+00
"                 653",-8.934431528607e-02,2.252863873699e-01,-9.017539815905e+00,-8.766402848427e-02,2.248189090211e-01,-1.460602582021e+01,1.680286801801e-03,-4.674783487801e-04,-5.588486004305e+00
"                 654",-1.001656732834e-01,2.314653521817e-01,-9.018151172335e+00,-9.845441533840e-02,2.310382803267e-01,-1.460734936044e+01,1.711257945013e-03,-4.270718550617e-04,-5.589198188103e+00
"                 655",-1.128914211930e-01,2.478514219168e-01,-9.019559771426e+00,-1.111538306789e-01,2.474766786609e-01,-1.460950627975e+01,1.737590514045e-03,-3.747432558554e-04,-5.589946508323e+00
"                 656",-1.248023690185e-01,2.683545355761e-01,-9.022366988238e+00,-1.230419606178e-01,2.680480136136e-01,-1.461308216550e+01,1.760408400636e-03,-3.065219624621e-04,-5.590715177266e+00
"                 657",-1.344778346583e-01,2.913669342446e-01,-9.026146572774e+00,-1.327043342205e-01,2.911411281975e-01,-1.461764179722e+01,1.773500437817e-03,-2.258060471903e-04,-5.591495224446e+00
"                 658",-1.410802078249e-01,3.203666857862e-01,-9.028566019908e+00,-1.393095036335e-01,3.202182638424e-01,-1.462085385122e+01,1.770704191444e-03,-1.484219438444e-04,-5.592287831310e+00
"                 659",-1.482979395102e-01,3.577476315189e-01,-9.028992764876e+00,-1.465467432638e-01,3.576722356870e-01,-1.462207556406e+01,1.751196246434e-03,-7.539583188259e-05,-5.593082799186e+00
"                 660",-1.562190725749e-01,3.986741308274e-01,-9.027726622207e+00,-1.544841173698e-01,3.986580101182e-01,-1.462161220525e+01,1.734955205181e-03,-1.612070912868e-05,-5.593885583047e+00
"                 661",-1.628889417984e-01,4.415778519751e-01,-9.026401528404e+00,-1.611551417129e-01,4.415952358904e-01,-1.462107381576e+01,1.733800085426e-03,1.738391527939e-05,-5.594672287353e+00
"                 662",-1.646325539634e-01,4.830967827179e-01,-9.026100406702e+00,-1.628914094988e-01,4.831256331679e-01,-1.462151690080e+01,1.741144464607e-03,2.885045005516e-05,-5.595416494100e+00
"                 663",-1.595904276306e-01,5.210795846227e-01,-9.027026049617e+00,-1.578335202126e-01,5.211110862952e-01,-1.462312403390e+01,1.756907418012e-03,3.150167251570e-05,-5.596097984284e+00
"                 664",-1.480038376544e-01,5.538199575040e-01,-9.029353948974e+00,-1.462205959344e-01,5.538378419081e-01,-1.462605973727e+01,1.783241719989e-03,1.788440402668e-05,-5.596705788301e+00
"                 665",-1.321118201659e-01,5.791365586957e-01,-9.032156638970e+00,-1.302942722106e-01,5.791214819425e-01,-1.462941314170e+01,1.817547955237e-03,-1.507675319707e-05,-5.597256502728e+00
"                 666",-1.147664864326e-01,5.954253532919e-01,-9.034464065856e+00,-1.128988887307e-01,5.953527426010e-01,-1.463223847755e+01,1.867597701871e-03,-7.261069087515e-05,-5.597774411690e+00
"                 667",-9.729630121734e-02,6.024972787777e-01,-9.035236625465e+00,-9.536800586437e-02,6.023593604442e-01,-1.463352674281e+01,1.928295352974e-03,-1.379183334780e-04,-5.598290117347e+00
"                 668",-8.157736326277e-02,5.984534686012e-01,-9.035428272747e+00,-7.959537443570e-02,5.982515588641e-01,-1.463426112667e+01,1.981988827064e-03,-2.019097371663e-04,-5.598832853923e+00
"                 669",-6.926108763983e-02,5.844912776713e-01,-9.036724997281e+00,-6.724486996069e-02,5.842226083466e-01,-1.463611885069e+01,2.016217679142e-03,-2.686693247657e-04,-5.599393853407e+00
"                 670",-5.744759306208e-02,5.644466594559e-01,-9.038978239466e+00,-5.542243363312e-02,5.641063339766e-01,-1.463893438701e+01,2.025159428963e-03,-3.403254793816e-04,-5.599956147539e+00
"                 671",-4.651066175290e-02,5.400768389759e-01,-9.041607336120e+00,-4.450645204790e-02,5.396637754778e-01,-1.464212900767e+01,2.004209705009e-03,-4.130634981708e-04,-5.600521671546e+00
"                 672",-3.705132497350e-02,5.087830747417e-01,-9.042735210372e+00,-3.509609650034e-02,5.083172398428e-01,-1.464383182671e+01,1.955228473168e-03,-4.658348988333e-04,-5.601096616339e+00
"                 673",-3.359447953034e-02,4.695746116748e-01,-9.042265921240e+00,-3.170564349836e-02,4.690765520930e-01,-1.464395016873e+01,1.888836031974e-03,-4.980595818577e-04,-5.601684247488e+00
"                 674",-3.446293224917e-02,4.267903530985e-01,-9.040347237045e+00,-3.263541129844e-02,4.262788006486e-01,-1.464264711941e+01,1.827520950732e-03,-5.115524499279e-04,-5.602299882370e+00
"                 675",-3.827927486884e-02,3.827732508727e-01,-9.038508991328e+00,-3.649771273066e-02,3.822605184410e-01,-1.464142581232e+01,1.781562138186e-03,-5.127324317401e-04,-5.602916820989e+00
"                 676",-4.328491174940e-02,3.412179603467e-01,-9.037584309686e+00,-4.153830850377e-02,3.407061238120e-01,-1.464108336688e+01,1.746603245624e-03,-5.118365346963e-04,-5.603499057198e+00
"                 677",-4.750852304497e-02,3.042094657515e-01,-9.037506948139e+00,-4.578348390864e-02,3.036926882871e-01,-1.464153042050e+01,1.725039136331e-03,-5.167774644556e-04,-5.604023472361e+00
"                 678",-5.055657068348e-02,2.729520618350e-01,-9.038492074607e+00,-4.884196990202e-02,2.724377434587e-01,-1.464297249576e+01,1.714600781463e-03,-5.143183762836e-04,-5.604480421155e+00
"                 679",-5.502084367697e-02,2.496964198783e-01,-9.040271420245e+00,-5.330363716612e-02,2.491951519441e-01,-1.464516246146e+01,1.717206510848e-03,-5.012679341919e-04,-5.604891041219e+00
"                 680",-6.183652387500e-02,2.349896703328e-01,-9.042256725791e+00,-6.009534676783e-02,2.345182538936e-01,-1.464753635898e+01,1.741177107171e-03,-4.714164391781e-04,-5.605279633184e+00
"                 681",-7.066562400502e-02,2.301336057321e-01,-9.043470945792e+00,-6.888958319330e-02,2.296997810779e-01,-1.464915635477e+01,1.776040811720e-03,-4.338246542243e-04,-5.605685408979e+00
"                 682",-8.178594355522e-02,2.357464110482e-01,-9.043833830170e+00,-7.997962473997e-02,2.353585332937e-01,-1.464998167823e+01,1.806318815249e-03,-3.878777544753e-04,-5.606147848056e+00
"                 683",-9.571298741449e-02,2.510986191128e-01,-9.044753478403e+00,-9.388314984063e-02,2.507685636347e-01,-1.465141546902e+01,1.829837573861e-03,-3.300554780909e-04,-5.606661990618e+00
"                 684",-1.094085483105e-01,2.713209153324e-01,-9.046524231820e+00,-1.075677819500e-01,2.710582784919e-01,-1.465373789677e+01,1.840766360442e-03,-2.626368404086e-04,-5.607213664950e+00
"                 685",-1.215356807232e-01,2.945723880143e-01,-9.049199681299e+00,-1.196975876185e-01,2.943871118823e-01,-1.465698696582e+01,1.838093104743e-03,-1.852761319806e-04,-5.607787284524e+00
"                 686",-1.291286229832e-01,3.249783829968e-01,-9.050769230557e+00,-1.273087984493e-01,3.248593470501e-01,-1.465913927752e+01,1.819824533921e-03,-1.190359466474e-04,-5.608370046961e+00
"                 687",-1.378155977620e-01,3.641303043111e-01,-9.050910044685e+00,-1.360226072985e-01,3.640715771471e-01,-1.465986480860e+01,1.792990463568e-03,-5.872716408688e-05,-5.608954763918e+00
"                 688",-1.466987349547e-01,4.067265952127e-01,-9.049223830826e+00,-1.449234529550e-01,4.067117255143e-01,-1.465876436219e+01,1.775281999716e-03,-1.486969836399e-05,-5.609540531364e+00
"                 689",-1.528124380914e-01,4.501668497666e-01,-9.047138702972e+00,-1.510389322622e-01,4.501781219693e-01,-1.465723659075e+01,1.773505829208e-03,1.127220261060e-05,-5.610097887780e+00
"                 690",-1.538648506333e-01,4.914589434427e-01,-9.045914870375e+00,-1.520825442574e-01,4.914810979846e-01,-1.465651935012e+01,1.782306375924e-03,2.215454194518e-05,-5.610604479742e+00
"                 691",-1.488527594089e-01,5.293305317837e-01,-9.046336248347e+00,-1.470546010845e-01,5.293551154379e-01,-1.465737483787e+01,1.798158324346e-03,2.458365422411e-05,-5.611038589525e+00
"                 692",-1.389249508567e-01,5.620556812179e-01,-9.048525372535e+00,-1.371032260913e-01,5.620667616518e-01,-1.465992243994e+01,1.821724765402e-03,1.108043386968e-05,-5.611397067405e+00
"                 693",-1.267622795896e-01,5.872691319209e-01,-9.051725875518e+00,-1.249062882426e-01,5.872429982714e-01,-1.466342979865e+01,1.855991346929e-03,-2.613364951654e-05,-5.611703923128e+00
"                 694",-1.123229456701e-01,6.037638138528e-01,-9.054599267998e+00,-1.104129547913e-01,6.036770964438e-01,-1.466658727553e+01,1.909990878821e-03,-8.671740897609e-05,-5.611988007532e+00
"                 695",-9.749024839735e-02,6.111753472173e-01,-9.055627947463e+00,-9.551659751839e-02,6.110190579743e-01,-1.466791033341e+01,1.973650878956e-03,-1.562892429928e-04,-5.612282385944e+00
"                 696",-8.384448683844e-02,6.077701889024e-01,-9.055622202555e+00,-8.181549477572e-02,6.075430580910e-01,-1.466824200378e+01,2.028992062725e-03,-2.271308113975e-04,-5.612619801222e+00
"                 697",-7.214450299958e-02,5.946543746944e-01,-9.056204870996e+00,-7.007781500794e-02,5.943517362204e-01,-1.466919598991e+01,2.066687991642e-03,-3.026384739485e-04,-5.612991118909e+00
"                 698",-5.980872634439e-02,5.758134834646e-01,-9.057796721279e+00,-5.773392193997e-02,5.754327757664e-01,-1.467117264748e+01,2.074804404418e-03,-3.807076982068e-04,-5.613375926196e+00
"                 699",-4.809615797870e-02,5.518154617000e-01,-9.059908501546e+00,-4.604867247063e-02,5.513597180358e-01,-1.467367693738e+01,2.047485508079e-03,-4.557436642259e-04,-5.613768435836e+00
"                 700",-3.653753261801e-02,5.193515231852e-01,-9.060835815776e+00,-3.454922740685e-02,5.188460461158e-01,-1.467499736741e+01,1.988305211158e-03,-5.054770694147e-04,-5.614161551631e+00
"                 701",-3.075096677375e-02,4.783730064747e-01,-9.060253578640e+00,-2.883395067807e-02,4.778392677645e-01,-1.467481390953e+01,1.917016095686e-03,-5.337387102296e-04,-5.614560330887e+00
"                 702",-3.009461586402e-02,4.338853177422e-01,-9.058103332261e+00,-2.823664075997e-02,4.333511946172e-01,-1.467307730116e+01,1.857975104050e-03,-5.341231249916e-04,-5.614973968897e+00
"                 703",-3.226080495656e-02,3.894561645814e-01,-9.055791263353e+00,-3.044716852286e-02,3.889333648986e-01,-1.467116672483e+01,1.813636433707e-03,-5.227996828284e-04,-5.615375461472e+00
"                 704",-3.442277279026e-02,3.482494425944e-01,-9.054094766260e+00,-3.264053962253e-02,3.477345662882e-01,-1.466983138284e+01,1.782233167734e-03,-5.148763061135e-04,-5.615736616583e+00
"                 705",-3.617770889196e-02,3.111951026646e-01,-9.053598667455e+00,-3.441408963816e-02,3.106801415918e-01,-1.466963384374e+01,1.763619253795e-03,-5.149610727786e-04,-5.616035176281e+00
"                 706",-3.810300633913e-02,2.799955914500e-01,-9.054540619922e+00,-3.634748335820e-02,2.794847472385e-01,-1.467081359060e+01,1.755522980923e-03,-5.108442115507e-04,-5.616272970675e+00
"                 707",-4.288027084857e-02,2.567187687793e-01,-9.056384514633e+00,-4.111298945849e-02,2.562271492792e-01,-1.467285874124e+01,1.767281390084e-03,-4.916195001246e-04,-5.616474226611e+00
"                 708",-4.921005520654e-02,2.421124706869e-01,-9.058096259096e+00,-4.740586689265e-02,2.416570079084e-01,-1.467476156501e+01,1.804188313889e-03,-4.554627784957e-04,-5.616665305915e+00
"                 709",-5.745801951031e-02,2.375688449842e-01,-9.058965211399e+00,-5.560456489665e-02,2.371569443745e-01,-1.467584908479e+01,1.853454613661e-03,-4.119006097204e-04,-5.616883873389e+00
"                 710",-6.738362376532e-02,2.430086756576e-01,-9.059649865596e+00,-6.549051939075e-02,2.426496410975e-01,-1.467682069620e+01,1.893104374570e-03,-3.590345601077e-04,-5.617170830603e+00
"                 711",-7.890303925683e-02,2.587355545290e-01,-9.060755545488e+00,-7.698159345688e-02,2.584374486083e-01,-1.467827535452e+01,1.921445799948e-03,-2.981059207577e-04,-5.617519809035e+00
"                 712",-9.082565515024e-02,2.787789084238e-01,-9.062418276551e+00,-8.889588810617e-02,2.785529934227e-01,-1.468033447414e+01,1.929767044072e-03,-2.259150011146e-04,-5.617916197590e+00
"                 713",-1.027871099782e-01,3.023890557108e-01,-9.064250337174e+00,-1.008706056713e-01,3.022393772854e-01,-1.468259745030e+01,1.916504306944e-03,-1.496784253371e-04,-5.618347113128e+00
"                 714",-1.117264916270e-01,3.343191468918e-01,-9.064941649267e+00,-1.098412970785e-01,3.342297442143e-01,-1.468372543706e+01,1.885194548507e-03,-8.940267755789e-05,-5.618783787794e+00
"                 715",-1.224225405478e-01,3.743433274947e-01,-9.064178047483e+00,-1.205710518963e-01,3.743046519457e-01,-1.468340262911e+01,1.851488651562e-03,-3.867554897047e-05,-5.619224581630e+00
"                 716",-1.340221471912e-01,4.176052192708e-01,-9.062025934517e+00,-1.321914925724e-01,4.175973834375e-01,-1.468168787094e+01,1.830654618745e-03,-7.835833259412e-06,-5.619661936428e+00
"                 717",-1.421368511107e-01,4.611830537936e-01,-9.059832971728e+00,-1.403134440106e-01,4.611928846253e-01,-1.467989239747e+01,1.823407100113e-03,9.830831743485e-06,-5.620059425747e+00
"                 718",-1.438884430985e-01,5.019916216145e-01,-9.058585853506e+00,-1.420593558328e-01,5.020142121956e-01,-1.467897897392e+01,1.829087265715e-03,2.259058111532e-05,-5.620393120412e+00
"                 719",-1.395449561573e-01,5.395744011805e-01,-9.059215110411e+00,-1.377003658738e-01,5.396004708033e-01,-1.467985931808e+01,1.844590283460e-03,2.606962277851e-05,-5.620644207671e+00
"                 720",-1.308232134395e-01,5.716702633329e-01,-9.061368131370e+00,-1.289531313207e-01,5.716831365208e-01,-1.468218836372e+01,1.870082118876e-03,1.287318790681e-05,-5.620820232353e+00
"                 721",-1.203376708759e-01,5.958734670349e-01,-9.064345675584e+00,-1.184243132779e-01,5.958462147101e-01,-1.468529655905e+01,1.913357597985e-03,-2.725232485968e-05,-5.620950883467e+00
"                 722",-1.069573957654e-01,6.109709092410e-01,-9.066792382991e+00,-1.049792691805e-01,6.108835278171e-01,-1.468785977325e+01,1.978126584899e-03,-8.738142393349e-05,-5.621067390263e+00
"                 723",-9.269998788588e-02,6.166463134115e-01,-9.067543420511e+00,-9.065281359132e-02,6.164907909750e-01,-1.468875221987e+01,2.047174294558e-03,-1.555224364634e-04,-5.621208799354e+00
"                 724",-8.023934731619e-02,6.125098271776e-01,-9.067696322603e+00,-7.813534996688e-02,6.122822152533e-01,-1.468910215907e+01,2.103997349315e-03,-2.276119242827e-04,-5.621405836469e+00
"                 725",-6.869541374965e-02,6.002329685375e-01,-9.068301403817e+00,-6.655405248985e-02,5.999261086846e-01,-1.468994825637e+01,2.141361259797e-03,-3.068598529111e-04,-5.621646852548e+00
"                 726",-5.705072227502e-02,5.825479201889e-01,-9.069855657141e+00,-5.490600793748e-02,5.821596583168e-01,-1.469176540409e+01,2.144714337542e-03,-3.882618720907e-04,-5.621909746945e+00
"                 727",-4.629613292190e-02,5.581668903884e-01,-9.071349631067e+00,-4.418853653748e-02,5.577049384232e-01,-1.469353751753e+01,2.107596384417e-03,-4.619519652138e-04,-5.622187886465e+00
"                 728",-3.679744039871e-02,5.238665225233e-01,-9.071577407319e+00,-3.476062859703e-02,5.233595594299e-01,-1.469403542108e+01,2.036811801688e-03,-5.069630934124e-04,-5.622458013759e+00
"                 729",-3.217095557125e-02,4.815901616415e-01,-9.069844815952e+00,-3.020841455527e-02,4.810606574838e-01,-1.469257773074e+01,1.962541015971e-03,-5.295041576656e-04,-5.622732914784e+00
"                 730",-3.139143097675e-02,4.367703108992e-01,-9.066877525062e+00,-2.948373622297e-02,4.362487396202e-01,-1.468988606096e+01,1.907694753782e-03,-5.215712790314e-04,-5.623008535903e+00
"                 731",-3.200035486879e-02,3.927200823658e-01,-9.064311410304e+00,-3.013197212540e-02,3.922190918293e-01,-1.468756645772e+01,1.868382743388e-03,-5.009905364911e-04,-5.623255047419e+00
"                 732",-3.091775819345e-02,3.519931878841e-01,-9.062600943109e+00,-2.907376518736e-02,3.515044026655e-01,-1.468605055084e+01,1.843993006094e-03,-4.887852186397e-04,-5.623449607732e+00
"                 733",-2.901554741445e-02,3.152214721252e-01,-9.062403143815e+00,-2.718118247983e-02,3.147395363232e-01,-1.468597836563e+01,1.834364934617e-03,-4.819358020138e-04,-5.623575221818e+00
"                 734",-2.842988459204e-02,2.844886001555e-01,-9.063583840409e+00,-2.659433174957e-02,2.840169470267e-01,-1.468723160260e+01,1.835552842472e-03,-4.716531287746e-04,-5.623647762191e+00
"                 735",-3.176477986253e-02,2.616865621591e-01,-9.065562117857e+00,-2.990371034160e-02,2.612441247360e-01,-1.468925912719e+01,1.861069520923e-03,-4.424374230913e-04,-5.623697009333e+00
"                 736",-3.714268811581e-02,2.490758545275e-01,-9.067000869526e+00,-3.523205514674e-02,2.486673127445e-01,-1.469075113347e+01,1.910632969063e-03,-4.085417830293e-04,-5.623750263945e+00
"                 737",-4.484612144225e-02,2.460276049304e-01,-9.067222834242e+00,-4.287779410701e-02,2.456706810070e-01,-1.469106797758e+01,1.968327335238e-03,-3.569239234013e-04,-5.623845143338e+00
"                 738",-5.589939762547e-02,2.526644567940e-01,-9.067806153294e+00,-5.388739341865e-02,2.523684313615e-01,-1.469182067960e+01,2.012004206819e-03,-2.960254324500e-04,-5.624014526305e+00
"                 739",-6.774893046213e-02,2.674243682301e-01,-9.069088056002e+00,-6.571234418824e-02,2.671933484064e-01,-1.469333737321e+01,2.036586273888e-03,-2.310198236574e-04,-5.624249317208e+00
"                 740",-7.944274511581e-02,2.867054679130e-01,-9.071067890931e+00,-7.740603628264e-02,2.865473267699e-01,-1.469560552906e+01,2.036708833168e-03,-1.581411430892e-04,-5.624537638127e+00
"                 741",-8.988036975023e-02,3.115742902382e-01,-9.072236933490e+00,-8.786605554354e-02,3.114843411188e-01,-1.469710368866e+01,2.014314206690e-03,-8.994911930780e-05,-5.624866755174e+00
"                 742",-9.977738549105e-02,3.455452058100e-01,-9.072075075905e+00,-9.780205738841e-02,3.455080851577e-01,-1.469727495775e+01,1.975328102640e-03,-3.712065226551e-05,-5.625199881841e+00
"                 743",-1.109748701669e-01,3.856344638663e-01,-9.069960319750e+00,-1.090325876823e-01,3.856355249371e-01,-1.469550304830e+01,1.942282484552e-03,1.061070821227e-06,-5.625542728550e+00
"                 744",-1.221207192496e-01,4.285389154900e-01,-9.066828316025e+00,-1.201946721053e-01,4.285599770463e-01,-1.469269830212e+01,1.926047144291e-03,2.106155626825e-05,-5.625869986096e+00
"                 745",-1.294786944079e-01,4.711410356915e-01,-9.064322179325e+00,-1.275577511998e-01,4.711706388343e-01,-1.469046983239e+01,1.920943208126e-03,2.960314281191e-05,-5.626147653060e+00
"                 746",-1.305411153136e-01,5.110814977697e-01,-9.063247222127e+00,-1.286152660647e-01,5.111205235930e-01,-1.468959609351e+01,1.925849248896e-03,3.902582329795e-05,-5.626348871388e+00
"                 747",-1.263123315455e-01,5.475514454525e-01,-9.064051101262e+00,-1.243721401679e-01,5.475908238804e-01,-1.469050903289e+01,1.940191377647e-03,3.937842784491e-05,-5.626457931625e+00
"                 748",-1.192515159583e-01,5.782400227199e-01,-9.066169800197e+00,-1.172872024551e-01,5.782616416829e-01,-1.469266474797e+01,1.964313503186e-03,2.161896309257e-05,-5.626494947770e+00
"                 749",-1.111237085572e-01,6.011899502616e-01,-9.069079697542e+00,-1.091136977628e-01,6.011688339216e-01,-1.469557762717e+01,2.010010794433e-03,-2.111634002892e-05,-5.626497929633e+00
"                 750",-1.006757824088e-01,6.150187135794e-01,-9.071144702140e+00,-9.859738424211e-02,6.149382062272e-01,-1.469764454557e+01,2.078398166732e-03,-8.050735227561e-05,-5.626499843427e+00
"                 751",-8.916958341180e-02,6.191811051381e-01,-9.071810535914e+00,-8.702243333207e-02,6.190347236717e-01,-1.469835088547e+01,2.147150079737e-03,-1.463814663574e-04,-5.626540349561e+00
"                 752",-7.888039144282e-02,6.143818668595e-01,-9.072249121746e+00,-7.668017676183e-02,6.141603727020e-01,-1.469889357833e+01,2.200214680995e-03,-2.214941575793e-04,-5.626644456584e+00
"                 753",-6.771825445534e-02,6.022314583879e-01,-9.072819149620e+00,-6.548630805411e-02,6.019292228709e-01,-1.469961603467e+01,2.231946401230e-03,-3.022355169595e-04,-5.626796885052e+00
"                 754",-5.678586208924e-02,5.848991112669e-01,-9.074339242538e+00,-5.455619678893e-02,5.845125459232e-01,-1.470131890906e+01,2.229665300309e-03,-3.865653436988e-04,-5.626979666518e+00
"                 755",-4.532401516411e-02,5.593269534381e-01,-9.075125449236e+00,-4.313678639743e-02,5.588726398959e-01,-1.470230445748e+01,2.187228766684e-03,-4.543135422110e-04,-5.627179008248e+00
"                 756",-3.659991363753e-02,5.232999157920e-01,-9.074783247639e+00,-3.448738584799e-02,5.228049106096e-01,-1.470215192445e+01,2.112527789543e-03,-4.950051824484e-04,-5.627368676810e+00
"                 757",-3.256675635308e-02,4.805414684778e-01,-9.072458406088e+00,-3.052451432850e-02,4.800346439807e-01,-1.470002024474e+01,2.042242024573e-03,-5.068244971624e-04,-5.627561838656e+00
"                 758",-3.153009679269e-02,4.360138980429e-01,-9.069367465998e+00,-2.953827562694e-02,4.355222847282e-01,-1.469710553300e+01,1.991821165756e-03,-4.916133147157e-04,-5.627738067007e+00
"                 759",-3.091872597895e-02,3.929578575527e-01,-9.066902639069e+00,-2.896078494156e-02,3.924927578436e-01,-1.469477260669e+01,1.957941037387e-03,-4.650997090817e-04,-5.627869967620e+00
"                 760",-2.863541390656e-02,3.532653895712e-01,-9.065479545207e+00,-2.669744133938e-02,3.528179490644e-01,-1.469341902429e+01,1.937972567181e-03,-4.474405067546e-04,-5.627939479082e+00
"                 761",-2.570074784148e-02,3.177292390794e-01,-9.065525058894e+00,-2.376766322201e-02,3.172955711518e-01,-1.469346492643e+01,1.933084619473e-03,-4.336679275371e-04,-5.627939867540e+00
"                 762",-2.527033433239e-02,2.883306016019e-01,-9.066725381392e+00,-2.332734140738e-02,2.879164891598e-01,-1.469462091462e+01,1.942992925006e-03,-4.141124421424e-04,-5.627895533229e+00
"                 763",-2.792187765840e-02,2.675653248132e-01,-9.068586762289e+00,-2.594067255972e-02,2.671834123104e-01,-1.469642628949e+01,1.981205098685e-03,-3.819125028223e-04,-5.627839527205e+00
"                 764",-3.289936448923e-02,2.570227593869e-01,-9.069648103445e+00,-3.085730365834e-02,2.566815996990e-01,-1.469745306431e+01,2.042060830883e-03,-3.411596878743e-04,-5.627804960861e+00
"                 765",-3.987353581650e-02,2.559385008559e-01,-9.069786910877e+00,-3.776691894836e-02,2.556532753485e-01,-1.469761628706e+01,2.106616868132e-03,-2.852255073474e-04,-5.627829376185e+00
"                 766",-4.940263883927e-02,2.639225959364e-01,-9.070531703494e+00,-4.724673900984e-02,2.637004599213e-01,-1.469846066540e+01,2.155899829424e-03,-2.221360150810e-04,-5.627928961910e+00
"                 767",-5.903281865494e-02,2.773942181036e-01,-9.071964124359e+00,-5.685547736775e-02,2.772386539215e-01,-1.470006016124e+01,2.177341287188e-03,-1.555641821462e-04,-5.628096036881e+00
"                 768",-6.932966365807e-02,2.959657205423e-01,-9.073874959551e+00,-6.716033802912e-02,2.958804529812e-01,-1.470219654555e+01,2.169325628942e-03,-8.526756106185e-05,-5.628321586003e+00
"                 769",-7.793677595026e-02,3.221663082388e-01,-9.074241580676e+00,-7.580038473655e-02,3.221397804968e-01,-1.470282461678e+01,2.136391213717e-03,-2.652774196663e-05,-5.628583036109e+00
"                 770",-8.889576831226e-02,3.578474882950e-01,-9.073450885584e+00,-8.680668997649e-02,3.578671493872e-01,-1.470230395677e+01,2.089078335762e-03,1.966109217346e-05,-5.628853071186e+00
"                 771",-1.018651102515e-01,3.983581426041e-01,-9.070906552312e+00,-9.981268588948e-02,3.984054058288e-01,-1.470004366564e+01,2.052424362002e-03,4.726322462915e-05,-5.629137113323e+00
"                 772",-1.130989556555e-01,4.410623165795e-01,-9.067673917233e+00,-1.110644593771e-01,4.411213211606e-01,-1.469706887493e+01,2.034496278408e-03,5.900458103949e-05,-5.629394957695e+00
"                 773",-1.196569852716e-01,4.826251308215e-01,-9.065343680545e+00,-1.176277340225e-01,4.826887404073e-01,-1.469493315655e+01,2.029251249067e-03,6.360958580555e-05,-5.629589476009e+00
"                 774",-1.204463044975e-01,5.214378739916e-01,-9.064701617715e+00,-1.184130721302e-01,5.215096393820e-01,-1.469439823647e+01,2.033232367343e-03,7.176539045816e-05,-5.629696618760e+00
"                 775",-1.168223396269e-01,5.564322325806e-01,-9.065805724307e+00,-1.147762109094e-01,5.565043271521e-01,-1.469551621582e+01,2.046128717523e-03,7.209457149653e-05,-5.629710491518e+00
"                 776",-1.112883420984e-01,5.854606667179e-01,-9.068054017529e+00,-1.092159761357e-01,5.855127168021e-01,-1.469771200116e+01,2.072365962644e-03,5.205008423650e-05,-5.629657983630e+00
"                 777",-1.033172090060e-01,6.063506287485e-01,-9.070679873490e+00,-1.011922970840e-01,6.063602391974e-01,-1.470025962365e+01,2.124911921933e-03,9.610448823340e-06,-5.629579750160e+00
"                 778",-9.372914865881e-02,6.181400069665e-01,-9.072248604218e+00,-9.153066855591e-02,6.180918858495e-01,-1.470176150738e+01,2.198480102898e-03,-4.812111696464e-05,-5.629512903164e+00
"                 779",-8.375973678986e-02,6.200765071993e-01,-9.073074276361e+00,-8.149235811437e-02,6.199626928346e-01,-1.470257134655e+01,2.267378675491e-03,-1.138143647173e-04,-5.629497070187e+00
"                 780",-7.470262985649e-02,6.137457004718e-01,-9.073885636247e+00,-7.238501299323e-02,6.135542046524e-01,-1.470343395212e+01,2.317616863261e-03,-1.914958194065e-04,-5.629548315868e+00
"                 781",-6.486880918285e-02,6.010956778240e-01,-9.074764997714e+00,-6.252727276735e-02,6.008225410362e-01,-1.470441663504e+01,2.341536415506e-03,-2.731367877584e-04,-5.629651637329e+00
"                 782",-5.629755664407e-02,5.833692881593e-01,-9.076120769566e+00,-5.396752879420e-02,5.830151318168e-01,-1.470591318235e+01,2.330027849869e-03,-3.541563425378e-04,-5.629792412789e+00
"                 783",-4.650750040690e-02,5.564833453431e-01,-9.076416397885e+00,-4.422952903417e-02,5.560716919778e-01,-1.470636016081e+01,2.277971372736e-03,-4.116533652661e-04,-5.629943762925e+00
"                 784",-3.935441165819e-02,5.187918568423e-01,-9.075496619875e+00,-3.715356371973e-02,5.183453397631e-01,-1.470558355136e+01,2.200847938460e-03,-4.465170792348e-04,-5.630086931480e+00
"                 785",-3.649669954666e-02,4.760303495139e-01,-9.072925142353e+00,-3.436164825454e-02,4.755809373231e-01,-1.470315468363e+01,2.135051292118e-03,-4.494121908248e-04,-5.630229541281e+00
"                 786",-3.553905651194e-02,4.321878596839e-01,-9.069929859977e+00,-3.344872736027e-02,4.317588662039e-01,-1.470027401069e+01,2.090329151664e-03,-4.289934800052e-04,-5.630344150713e+00
"                 787",-3.312678285477e-02,3.905138527106e-01,-9.067652460873e+00,-3.106102362198e-02,3.901127312873e-01,-1.469805170091e+01,2.065759232789e-03,-4.011214232372e-04,-5.630399240039e+00
"                 788",-2.881553595245e-02,3.518659993528e-01,-9.066670892134e+00,-2.675903028549e-02,3.514856357013e-01,-1.469705315901e+01,2.056505666953e-03,-3.803636515067e-04,-5.630382266880e+00
"                 789",-2.445380150166e-02,3.174373963591e-01,-9.067058899720e+00,-2.239347678583e-02,3.170742630170e-01,-1.469735920602e+01,2.060324715829e-03,-3.631333420403e-04,-5.630300306303e+00
"                 790",-2.324559952561e-02,2.895987059768e-01,-9.068347165972e+00,-2.116330295857e-02,2.892596387001e-01,-1.469852835852e+01,2.082296567044e-03,-3.390672767617e-04,-5.630181192544e+00
"                 791",-2.484001528950e-02,2.704627665846e-01,-9.069938485749e+00,-2.270844373860e-02,2.701600150086e-01,-1.469999813630e+01,2.131571550898e-03,-3.027515759728e-04,-5.630059650552e+00
"                 792",-2.966281856172e-02,2.607600466120e-01,-9.070594330903e+00,-2.746334140707e-02,2.605056846702e-01,-1.470057393776e+01,2.199477154650e-03,-2.543619418354e-04,-5.629979606862e+00
"                 793",-3.706520625946e-02,2.613813175624e-01,-9.070922538835e+00,-3.480160917892e-02,2.611845585220e-01,-1.470089224508e+01,2.263597080539e-03,-1.967590403997e-04,-5.629969706244e+00
"                 794",-4.589892059963e-02,2.695902241047e-01,-9.071733841513e+00,-4.358714437311e-02,2.694608802087e-01,-1.470176600898e+01,2.311776226517e-03,-1.293438959984e-04,-5.630032167464e+00
"                 795",-5.451176125428e-02,2.835842730938e-01,-9.073273662980e+00,-5.218355314002e-02,2.835239444564e-01,-1.470343336552e+01,2.328208114258e-03,-6.032863737949e-05,-5.630159702545e+00
"                 796",-6.377313878414e-02,3.030966239518e-01,-9.075165257944e+00,-6.146164248873e-02,3.031044650780e-01,-1.470551414783e+01,2.311496295410e-03,7.841126206748e-06,-5.630348889890e+00
"                 797",-7.137972746017e-02,3.314102404083e-01,-9.075396391070e+00,-6.910966772739e-02,3.314703190581e-01,-1.470596508602e+01,2.270059732784e-03,6.007864981996e-05,-5.630568694955e+00
"                 798",-8.142229181769e-02,3.694027575113e-01,-9.074078521036e+00,-7.920038589056e-02,3.695047620880e-01,-1.470488516982e+01,2.221905927133e-03,1.020045766857e-04,-5.630806648783e+00
"                 799",-9.345787429766e-02,4.114869228939e-01,-9.071100115061e+00,-9.127125193248e-02,4.116090295136e-01,-1.470215555668e+01,2.186622365176e-03,1.221066197363e-04,-5.631055441615e+00
"                 800",-1.033743365182e-01,4.544710873459e-01,-9.067775617842e+00,-1.012059364254e-01,4.545968874804e-01,-1.469904600956e+01,2.168400092808e-03,1.258001344969e-04,-5.631270391713e+00
"                 801",-1.085931472555e-01,4.950059178999e-01,-9.065598170622e+00,-1.064294017615e-01,4.951340555236e-01,-1.469700908256e+01,2.163745493954e-03,1.281376237448e-04,-5.631410911942e+00
"                 802",-1.085505038095e-01,5.320453436071e-01,-9.065356030985e+00,-1.063848299782e-01,5.321784277188e-01,-1.469681007520e+01,2.165673831296e-03,1.330841116824e-04,-5.631454044213e+00
"                 803",-1.055732955491e-01,5.654716198354e-01,-9.066733743196e+00,-1.033972770716e-01,5.656023143803e-01,-1.469814076756e+01,2.176018477520e-03,1.306945449063e-04,-5.631407024369e+00
"                 804",-1.016268447167e-01,5.929378069127e-01,-9.069259688225e+00,-9.942287427112e-02,5.930442778252e-01,-1.470056017147e+01,2.203970445569e-03,1.064709125347e-04,-5.631300483249e+00
"                 805",-9.529394548059e-02,6.115623101830e-01,-9.071705972693e+00,-9.303345761726e-02,6.116260441974e-01,-1.470288105304e+01,2.260487863330e-03,6.373401448300e-05,-5.631175080347e+00
"                 806",-8.743575452522e-02,6.205114357396e-01,-9.073011957401e+00,-8.510209888214e-02,6.205194643263e-01,-1.470408779855e+01,2.333655643075e-03,8.028586724791e-06,-5.631075841150e+00
"                 807",-7.963081275904e-02,6.200265596959e-01,-9.074042346352e+00,-7.722983093929e-02,6.199688794530e-01,-1.470507935234e+01,2.400981819741e-03,-5.768024287137e-05,-5.631037005985e+00
"                 808",-7.150396291595e-02,6.127215932289e-01,-9.075099011875e+00,-6.905354065056e-02,6.125851230320e-01,-1.470616388199e+01,2.450422265391e-03,-1.364701969250e-04,-5.631064870115e+00
"                 809",-6.292050461161e-02,6.000511068158e-01,-9.076385295933e+00,-6.044942574789e-02,5.998316535071e-01,-1.470753243735e+01,2.471078863720e-03,-2.194533086972e-04,-5.631147141418e+00
"                 810",-5.472003674305e-02,5.814812209175e-01,-9.077527721902e+00,-5.226396610036e-02,5.811846779334e-01,-1.470880027789e+01,2.456070642687e-03,-2.965429841497e-04,-5.631272555992e+00
"                 811",-4.612234848096e-02,5.527273779315e-01,-9.077628250566e+00,-4.372036918933e-02,5.523810105245e-01,-1.470902757101e+01,2.401979291637e-03,-3.463674070511e-04,-5.631399320448e+00
"                 812",-3.980753933243e-02,5.139757016176e-01,-9.076151237433e+00,-3.747613647876e-02,5.135995063728e-01,-1.470767358814e+01,2.331402853670e-03,-3.761952448067e-04,-5.631522350708e+00
"                 813",-3.729354825074e-02,4.710555818338e-01,-9.073228997604e+00,-3.502105906181e-02,4.706805376581e-01,-1.470486700947e+01,2.272489188934e-03,-3.750441757266e-04,-5.631638011865e+00
"                 814",-3.681848479718e-02,4.275150228612e-01,-9.070358570589e+00,-3.458704226539e-02,4.271637741035e-01,-1.470207079098e+01,2.231442531787e-03,-3.512487576968e-04,-5.631712220387e+00
"                 815",-3.424197703777e-02,3.864881525120e-01,-9.068261606276e+00,-3.203112462358e-02,3.861634394978e-01,-1.469997711285e+01,2.210852414187e-03,-3.247130142562e-04,-5.631715506574e+00
"                 816",-2.988970945037e-02,3.485570103554e-01,-9.067575488793e+00,-2.768258912596e-02,3.482543360430e-01,-1.469921498659e+01,2.207120324417e-03,-3.026743123848e-04,-5.631639497799e+00
"                 817",-2.575660130316e-02,3.152986065612e-01,-9.068181323238e+00,-2.353929729265e-02,3.150184990961e-01,-1.469968503021e+01,2.217304010509e-03,-2.801074651314e-04,-5.631503706968e+00
"                 818",-2.459669803471e-02,2.886738956739e-01,-9.069701756878e+00,-2.234566553943e-02,2.884272102033e-01,-1.470104237540e+01,2.251032495283e-03,-2.466854705865e-04,-5.631340618519e+00
"                 819",-2.542856827492e-02,2.710468142371e-01,-9.071159197019e+00,-2.311592885006e-02,2.708401354690e-01,-1.470234341024e+01,2.312639424861e-03,-2.066787681108e-04,-5.631184213219e+00
"                 820",-2.844042096689e-02,2.642924642329e-01,-9.071618907352e+00,-2.605410028545e-02,2.641343903460e-01,-1.470270137521e+01,2.386320681436e-03,-1.580738868884e-04,-5.631082467859e+00
"                 821",-3.452152350783e-02,2.681211142047e-01,-9.072086871449e+00,-3.206926096232e-02,2.680223840800e-01,-1.470314910282e+01,2.452262545511e-03,-9.873012463395e-05,-5.631062231375e+00
"                 822",-4.150724692065e-02,2.788898307908e-01,-9.073114450805e+00,-3.900900889760e-02,2.788588596563e-01,-1.470422815554e+01,2.498238023048e-03,-3.097113448264e-05,-5.631113704738e+00
"                 823",-4.862227243149e-02,2.939304623123e-01,-9.074947339912e+00,-4.611196942774e-02,2.939729058907e-01,-1.470617467060e+01,2.510303003744e-03,4.244357838286e-05,-5.631227330688e+00
"                 824",-5.527308322976e-02,3.146877738185e-01,-9.076436655976e+00,-5.278611934067e-02,3.147981629666e-01,-1.470783971789e+01,2.486963889097e-03,1.103891481054e-04,-5.631403061913e+00
"                 825",-6.275159695872e-02,3.453520104487e-01,-9.076307294453e+00,-6.031285462844e-02,3.455103703594e-01,-1.470791035168e+01,2.438742330283e-03,1.583599106651e-04,-5.631603057227e+00
"                 826",-7.325067749429e-02,3.841252663279e-01,-9.074200980529e+00,-7.086041065841e-02,3.843186307535e-01,-1.470602911434e+01,2.390266835876e-03,1.933644255929e-04,-5.631828133815e+00
"                 827",-8.517640314858e-02,4.260768157752e-01,-9.070785966721e+00,-8.282063692503e-02,4.262856502024e-01,-1.470284242730e+01,2.355766223552e-03,2.088344271761e-04,-5.632056460576e+00
"                 828",-9.497375910462e-02,4.679100446749e-01,-9.067649589220e+00,-9.263896967916e-02,4.681169941949e-01,-1.469989206550e+01,2.334789425462e-03,2.069495199627e-04,-5.632242476284e+00
"                 829",-9.963169776250e-02,5.070907586071e-01,-9.065720267059e+00,-9.730660770978e-02,5.072970513616e-01,-1.469806523538e+01,2.325090052725e-03,2.062927544432e-04,-5.632344968319e+00
"                 830",-9.902931712313e-02,5.425500352362e-01,-9.065686454588e+00,-9.670518716391e-02,5.427553564574e-01,-1.469803098500e+01,2.324129959211e-03,2.053212212037e-04,-5.632344530407e+00
"                 831",-9.584275241355e-02,5.739598990792e-01,-9.067279222857e+00,-9.350765309715e-02,5.741565780641e-01,-1.469953667339e+01,2.335099316392e-03,1.966789848678e-04,-5.632257450532e+00
"                 832",-9.157549722960e-02,5.989037449675e-01,-9.069993639818e+00,-8.920465556962e-02,5.990725201089e-01,-1.470211384934e+01,2.370841659979e-03,1.687751414113e-04,-5.632120209524e+00
"                 833",-8.517873107311e-02,6.148439362235e-01,-9.072274793657e+00,-8.274307910290e-02,6.149708982788e-01,-1.470424790585e+01,2.435651970218e-03,1.269620552710e-04,-5.631973112195e+00
"                 834",-7.795831505101e-02,6.213588915630e-01,-9.073437965274e+00,-7.544769264216e-02,6.214324505371e-01,-1.470530089445e+01,2.510622408846e-03,7.355897411491e-05,-5.631862929171e+00
"                 835",-7.202390369912e-02,6.197451768145e-01,-9.074539348089e+00,-6.944838825003e-02,6.197528149013e-01,-1.470635984427e+01,2.575515449091e-03,7.638086843142e-06,-5.631820496184e+00
"                 836",-6.500697051905e-02,6.119415293922e-01,-9.075554211014e+00,-6.238813374126e-02,6.118711416870e-01,-1.470739712973e+01,2.618836777787e-03,-7.038770516697e-05,-5.631842918714e+00
"                 837",-5.829291161763e-02,5.989562618118e-01,-9.076994130262e+00,-5.566182809232e-02,5.988025164117e-01,-1.470891515915e+01,2.631083525305e-03,-1.537454000859e-04,-5.631921028889e+00
"                 838",-5.110122008924e-02,5.786640585068e-01,-9.077866202228e+00,-4.849392617124e-02,5.784381146399e-01,-1.470990750274e+01,2.607293918000e-03,-2.259438669580e-04,-5.632041300513e+00
"                 839",-4.496026044191e-02,5.476961139497e-01,-9.077826094494e+00,-4.241170678470e-02,5.474242392337e-01,-1.470998403367e+01,2.548553657210e-03,-2.718747160071e-04,-5.632157939177e+00
"                 840",-4.115529380471e-02,5.080893658640e-01,-9.075995066859e+00,-3.867068175880e-02,5.077963931755e-01,-1.470826868814e+01,2.484612045909e-03,-2.929726884835e-04,-5.632273621278e+00
"                 841",-3.946918263864e-02,4.650031494281e-01,-9.072964545368e+00,-3.703503100195e-02,4.647150354352e-01,-1.470533229900e+01,2.434151636691e-03,-2.881139928284e-04,-5.632367753634e+00
"                 842",-3.820234086817e-02,4.217872659658e-01,-9.070181120473e+00,-3.580017348617e-02,4.215238134571e-01,-1.470258912394e+01,2.402167381997e-03,-2.634525087353e-04,-5.632408003471e+00
"                 843",-3.424732392054e-02,3.814181964854e-01,-9.068295945474e+00,-3.185744408702e-02,3.811804234139e-01,-1.470066554015e+01,2.389879833520e-03,-2.377730714438e-04,-5.632369594674e+00
"                 844",-2.880227164255e-02,3.449368262717e-01,-9.067885368329e+00,-2.640794513752e-02,3.447258841355e-01,-1.470013519872e+01,2.394326505023e-03,-2.109421361600e-04,-5.632249830389e+00
"                 845",-2.425806655702e-02,3.140187443561e-01,-9.068849236311e+00,-2.184455368700e-02,3.138388470720e-01,-1.470092687246e+01,2.413512870021e-03,-1.798972840430e-04,-5.632077636149e+00
"                 846",-2.202018135407e-02,2.900295819284e-01,-9.070525137909e+00,-1.956034225163e-02,2.898921604223e-01,-1.470241117443e+01,2.459839102435e-03,-1.374215061420e-04,-5.631886036518e+00
"                 847",-2.240901686088e-02,2.754311564976e-01,-9.071733047187e+00,-1.987956681607e-02,2.753403270801e-01,-1.470344352797e+01,2.529450044807e-03,-9.082941753803e-05,-5.631710480780e+00
"                 848",-2.504811504394e-02,2.721287981428e-01,-9.072133631785e+00,-2.244437903112e-02,2.720906159970e-01,-1.470373525239e+01,2.603736012823e-03,-3.818214578215e-05,-5.631601620605e+00
"                 849",-3.099463264556e-02,2.781523076315e-01,-9.072756787721e+00,-2.832970969279e-02,2.781799225319e-01,-1.470433784228e+01,2.664922952767e-03,2.761490047240e-05,-5.631581054561e+00
"                 850",-3.725115746829e-02,2.903061331860e-01,-9.073954463922e+00,-3.455064699744e-02,2.904019032707e-01,-1.470558370605e+01,2.700510470852e-03,9.577008477666e-05,-5.631629242126e+00
"                 851",-4.381679340963e-02,3.059316827243e-01,-9.075762479240e+00,-4.111454201301e-02,3.061025132389e-01,-1.470750206770e+01,2.702251396623e-03,1.708305145783e-04,-5.631739588465e+00
"                 852",-4.810691737922e-02,3.280593335249e-01,-9.076622598074e+00,-4.543528787974e-02,3.282920746165e-01,-1.470852694273e+01,2.671629499478e-03,2.327410916555e-04,-5.631904344661e+00
"                 853",-5.517794955171e-02,3.601217845695e-01,-9.076090632687e+00,-5.255821200467e-02,3.603983801372e-01,-1.470818402060e+01,2.619737547032e-03,2.765955677107e-04,-5.632093387913e+00
"                 854",-6.589864379083e-02,3.986268354266e-01,-9.073535859647e+00,-6.332300903871e-02,3.989286616120e-01,-1.470584513941e+01,2.575634752121e-03,3.018261853534e-04,-5.632309279761e+00
"                 855",-7.648790356731e-02,4.398762219856e-01,-9.069935736745e+00,-7.394251188515e-02,4.401886734236e-01,-1.470245202529e+01,2.545391682165e-03,3.124514380124e-04,-5.632516288541e+00
"                 856",-8.369370465823e-02,4.803891110221e-01,-9.066993538109e+00,-8.116823728923e-02,4.807010735165e-01,-1.469966400938e+01,2.525467369000e-03,3.119624944264e-04,-5.632670471275e+00
"                 857",-8.581497482791e-02,5.183667646149e-01,-9.065480523562e+00,-8.329991002301e-02,5.186778579005e-01,-1.469821850385e+01,2.515064804898e-03,3.110932855202e-04,-5.632737980288e+00
"                 858",-8.511431389533e-02,5.529773044275e-01,-9.065884910137e+00,-8.260166526558e-02,5.532856956798e-01,-1.469858818614e+01,2.512648629754e-03,3.083912523231e-04,-5.632703276001e+00
"                 859",-8.328319601409e-02,5.828318964198e-01,-9.067902220984e+00,-8.075900281886e-02,5.831273542793e-01,-1.470049078819e+01,2.524193195238e-03,2.954578594915e-04,-5.632588567204e+00
"                 860",-7.944559880545e-02,6.055332460941e-01,-9.070521754881e+00,-7.688094077666e-02,6.057999622641e-01,-1.470295396842e+01,2.564658028787e-03,2.667161699665e-04,-5.632432213541e+00
"                 861",-7.412158825394e-02,6.190092165374e-01,-9.072329740407e+00,-7.148910582341e-02,6.192335281766e-01,-1.470460786700e+01,2.632482430531e-03,2.243116391522e-04,-5.632278126594e+00
"                 862",-6.894710879615e-02,6.232183446675e-01,-9.073496751415e+00,-6.624118430561e-02,6.233883951783e-01,-1.470566921676e+01,2.705924490540e-03,1.700505107429e-04,-5.632172465348e+00
"                 863",-6.467897862208e-02,6.198580001046e-01,-9.074709459608e+00,-6.191208569009e-02,6.199566450052e-01,-1.470684872210e+01,2.766892931998e-03,9.864490057065e-05,-5.632139262494e+00
"                 864",-5.887319425833e-02,6.094999073357e-01,-9.075733077982e+00,-5.606978358152e-02,6.095217896545e-01,-1.470790093075e+01,2.803410676803e-03,2.188231881542e-05,-5.632167852770e+00
"                 865",-5.374995270364e-02,5.945067621473e-01,-9.077159490349e+00,-5.094225684900e-02,5.944430122996e-01,-1.470941231952e+01,2.807695854636e-03,-6.374984770409e-05,-5.632252829170e+00
"                 866",-4.668620848048e-02,5.717542203843e-01,-9.077671219925e+00,-4.390913261187e-02,5.716239230162e-01,-1.471004186830e+01,2.777075868613e-03,-1.302973680914e-04,-5.632370648376e+00
"                 867",-4.141399278427e-02,5.384254184947e-01,-9.077223231436e+00,-3.869517794619e-02,5.382514402940e-01,-1.470970800816e+01,2.718814838083e-03,-1.739782006917e-04,-5.632484776726e+00
"                 868",-3.919173840472e-02,4.982820521247e-01,-9.075236779531e+00,-3.652826253793e-02,4.980938575044e-01,-1.470783507572e+01,2.663475866794e-03,-1.881946203111e-04,-5.632598296185e+00
"                 869",-3.809365773259e-02,4.556379582104e-01,-9.072478335041e+00,-3.547191890263e-02,4.554574645436e-01,-1.470515812652e+01,2.621738829963e-03,-1.804936668311e-04,-5.632679791483e+00
"                 870",-3.594540247133e-02,4.141661593677e-01,-9.070085634967e+00,-3.334701341650e-02,4.140074989120e-01,-1.470278158540e+01,2.598389054832e-03,-1.586604556850e-04,-5.632695950430e+00
"                 871",-3.153442406685e-02,3.756954289319e-01,-9.068645114618e+00,-2.894168681784e-02,3.755619237676e-01,-1.470127471104e+01,2.592737249004e-03,-1.335051642337e-04,-5.632629596419e+00
"                 872",-2.647509420808e-02,3.416244591798e-01,-9.068617289089e+00,-2.387404164956e-02,3.415189742266e-01,-1.470110298190e+01,2.601052558523e-03,-1.054849532109e-04,-5.632485692814e+00
"                 873",-2.288218996836e-02,3.136146498263e-01,-9.069673871351e+00,-2.025407436607e-02,3.135467982826e-01,-1.470196963645e+01,2.628115602288e-03,-6.785154367462e-05,-5.632295765096e+00
"                 874",-2.049428980678e-02,2.929477103475e-01,-9.071033943182e+00,-1.781039776831e-02,2.929261983346e-01,-1.470312489734e+01,2.683892038468e-03,-2.151201288764e-05,-5.632090954159e+00
"                 875",-2.073732948605e-02,2.812851970940e-01,-9.071858903813e+00,-1.797693268193e-02,2.813119400153e-01,-1.470377432189e+01,2.760396804127e-03,2.674292129343e-05,-5.631915418081e+00
"                 876",-2.324240338899e-02,2.803446923576e-01,-9.072474862888e+00,-2.040624274077e-02,2.804254634214e-01,-1.470428897359e+01,2.836160648225e-03,8.077106380108e-05,-5.631814110703e+00
"                 877",-2.759779438193e-02,2.871910076951e-01,-9.073399851915e+00,-2.470224903582e-02,2.873378471823e-01,-1.470519628713e+01,2.895545346113e-03,1.468394872584e-04,-5.631796435219e+00
"                 878",-3.184113955868e-02,2.994336457664e-01,-9.074702402317e+00,-2.891744531118e-02,2.996517792204e-01,-1.470654901043e+01,2.923694247497e-03,2.181334539823e-04,-5.631846608112e+00
"                 879",-3.675335216786e-02,3.157102761300e-01,-9.076311964227e+00,-3.383606188585e-02,3.160041883433e-01,-1.470827116740e+01,2.917290282011e-03,2.939122133216e-04,-5.631959203176e+00
"                 880",-3.949085225844e-02,3.401057085817e-01,-9.076734464995e+00,-3.661201457139e-02,3.404579182002e-01,-1.470884914991e+01,2.878837687052e-03,3.522096184959e-04,-5.632114684916e+00
"                 881",-4.570749523177e-02,3.743597517776e-01,-9.075667791951e+00,-4.288029482093e-02,3.747557982408e-01,-1.470796443852e+01,2.827200410839e-03,3.960464631440e-04,-5.632296646564e+00
"                 882",-5.639177149240e-02,4.136723485105e-01,-9.072885541517e+00,-5.360726615962e-02,4.140902929397e-01,-1.470538896688e+01,2.784505332781e-03,4.179444291918e-04,-5.632503425366e+00
"                 883",-6.636762487815e-02,4.552460514801e-01,-9.069563401980e+00,-6.361290600583e-02,4.556732626408e-01,-1.470225853912e+01,2.754718872320e-03,4.272111606960e-04,-5.632695137144e+00
"                 884",-7.196277084742e-02,4.954421365765e-01,-9.067152774608e+00,-6.922710737006e-02,4.958725736790e-01,-1.469997788005e+01,2.735663477362e-03,4.304371024463e-04,-5.632825105438e+00
"                 885",-7.261815017202e-02,5.329019301655e-01,-9.066135277232e+00,-6.989235881372e-02,5.333339257278e-01,-1.469899789540e+01,2.725791358300e-03,4.319955623490e-04,-5.632862618163e+00
"                 886",-7.122425631445e-02,5.664097601123e-01,-9.066684083213e+00,-6.850055199448e-02,5.668381895813e-01,-1.469948695149e+01,2.723704319973e-03,4.284294690447e-04,-5.632802868272e+00
"                 887",-6.937951952560e-02,5.939441135619e-01,-9.068624087053e+00,-6.663892529461e-02,5.943538668588e-01,-1.470129613173e+01,2.740594230991e-03,4.097532968655e-04,-5.632672044674e+00
"                 888",-6.554595926360e-02,6.135733427500e-01,-9.071066277991e+00,-6.275725405207e-02,6.139499868671e-01,-1.470357452666e+01,2.788705211531e-03,3.766441171315e-04,-5.632508248664e+00
"                 889",-6.081558750722e-02,6.243442832035e-01,-9.072839718327e+00,-5.795688061236e-02,6.246747634463e-01,-1.470520445261e+01,2.858706894863e-03,3.304802427483e-04,-5.632364734286e+00
"                 890",-5.686006486297e-02,6.256390509178e-01,-9.074312788139e+00,-5.392975277901e-02,6.259126648929e-01,-1.470659080946e+01,2.930312083965e-03,2.736139751574e-04,-5.632278021322e+00
"                 891",-5.337428640044e-02,6.197981001949e-01,-9.075549154609e+00,-5.038632117950e-02,6.199990914106e-01,-1.470781019982e+01,2.987965220943e-03,2.009912157517e-04,-5.632261045216e+00
"                 892",-4.953944999127e-02,6.085437432137e-01,-9.076656439602e+00,-4.652219635314e-02,6.086643651991e-01,-1.470896015710e+01,3.017253638130e-03,1.206219854190e-04,-5.632303717501e+00
"                 893",-4.572657365006e-02,5.917638388858e-01,-9.077781524279e+00,-4.271344818590e-02,5.918044377000e-01,-1.471018060738e+01,3.013125464159e-03,4.059881416427e-05,-5.632399083102e+00
"                 894",-4.050379793529e-02,5.664338138701e-01,-9.078177263881e+00,-3.752876972965e-02,5.664176592715e-01,-1.471069105221e+01,2.975028205633e-03,-1.615459857837e-05,-5.632513788329e+00
"                 895",-3.694380311063e-02,5.313351003806e-01,-9.077489205960e+00,-3.402418020853e-02,5.312823928177e-01,-1.471011882531e+01,2.919622902097e-03,-5.270756289329e-05,-5.632629619348e+00
"                 896",-3.628139010124e-02,4.912651545712e-01,-9.075425263762e+00,-3.341049426350e-02,4.912064534984e-01,-1.470816898907e+01,2.870895837733e-03,-5.870107278705e-05,-5.632743725303e+00
"                 897",-3.600720423069e-02,4.498658151648e-01,-9.072852543685e+00,-3.317015678150e-02,4.498208488732e-01,-1.470566899597e+01,2.837047449182e-03,-4.496629160790e-05,-5.632816452280e+00
"                 898",-3.328152351534e-02,4.103872129646e-01,-9.070622310719e+00,-3.045909230911e-02,4.103625837468e-01,-1.470343571980e+01,2.822431206229e-03,-2.462921772081e-05,-5.632813409077e+00
"                 899",-2.823055864380e-02,3.737651885139e-01,-9.069631306415e+00,-2.540666559057e-02,3.737649339547e-01,-1.470235517216e+01,2.823893053227e-03,-2.545591795055e-07,-5.632723865747e+00
"                 900",-2.250807853360e-02,3.411922247839e-01,-9.070006409405e+00,-1.967157762651e-02,3.412214653612e-01,-1.470257033106e+01,2.836500907098e-03,2.924057724389e-05,-5.632563921659e+00
"                 901",-1.898739338264e-02,3.146370638684e-01,-9.071298646631e+00,-1.611552459631e-02,3.147064565528e-01,-1.470366286970e+01,2.871868786334e-03,6.939268436163e-05,-5.632364223065e+00
"                 902",-1.704133641604e-02,2.955861485169e-01,-9.072492784133e+00,-1.410526166012e-02,2.957016287314e-01,-1.470465036732e+01,2.936074755925e-03,1.154802145001e-04,-5.632157583183e+00
"                 903",-1.706172204786e-02,2.860083445818e-01,-9.072999754148e+00,-1.404822508723e-02,2.861718456879e-01,-1.470499420648e+01,3.013496960625e-03,1.635011061634e-04,-5.631994452333e+00
"                 904",-1.945548312463e-02,2.863599679755e-01,-9.073652896419e+00,-1.637090429216e-02,2.865798726956e-01,-1.470556280394e+01,3.084578832474e-03,2.199047200564e-04,-5.631909907519e+00
"                 905",-2.280524007477e-02,2.940030305919e-01,-9.074811144142e+00,-1.966932407574e-02,2.942919339288e-01,-1.470671259583e+01,3.135915999038e-03,2.889033368953e-04,-5.631901451689e+00
"                 906",-2.606667575424e-02,3.072686700224e-01,-9.076486875297e+00,-2.291154949809e-02,3.076357134829e-01,-1.470844382673e+01,3.155126256144e-03,3.670434605232e-04,-5.631956951431e+00
"                 907",-2.877492592455e-02,3.259523489651e-01,-9.078019082870e+00,-2.563411522573e-02,3.263983980431e-01,-1.471009485717e+01,3.140810698823e-03,4.460490780674e-04,-5.632075774296e+00
"                 908",-3.106463774182e-02,3.540582133508e-01,-9.078102444282e+00,-2.796561443127e-02,3.545622980934e-01,-1.471032868681e+01,3.099023310551e-03,5.040847426360e-04,-5.632226242532e+00
"                 909",-3.674374841304e-02,3.906857849330e-01,-9.076186603954e+00,-3.369153667251e-02,3.912338467634e-01,-1.470859353322e+01,3.052211740539e-03,5.480618304486e-04,-5.632406929270e+00
"                 910",-4.570744633747e-02,4.310349305641e-01,-9.072859650519e+00,-4.269272083266e-02,4.316046767888e-01,-1.470546496239e+01,3.014725504816e-03,5.697462247363e-04,-5.632605311870e+00
"                 911",-5.381780919672e-02,4.726211567855e-01,-9.069765021542e+00,-5.083103550121e-02,4.731966632250e-01,-1.470254384299e+01,2.986773695508e-03,5.755064394868e-04,-5.632778821448e+00
"                 912",-5.740153851988e-02,5.119584762075e-01,-9.067924851258e+00,-5.443302206455e-02,5.125383364382e-01,-1.470080926220e+01,2.968516455338e-03,5.798602306633e-04,-5.632884410942e+00
"                 913",-5.686195408157e-02,5.474880646316e-01,-9.067681215714e+00,-5.390245935002e-02,5.480673199537e-01,-1.470057574624e+01,2.959494731547e-03,5.792553221666e-04,-5.632894530528e+00
"                 914",-5.503395283196e-02,5.781623645807e-01,-9.068729545581e+00,-5.207339610778e-02,5.787322191071e-01,-1.470154350210e+01,2.960556724185e-03,5.698545264155e-04,-5.632813956518e+00
"                 915",-5.304644756254e-02,6.023560479186e-01,-9.070756377246e+00,-5.006079812407e-02,6.029012318855e-01,-1.470343087843e+01,2.985649438470e-03,5.451839668943e-04,-5.632674501180e+00
"                 916",-4.969984911810e-02,6.186788786862e-01,-9.072794216255e+00,-4.665784716947e-02,6.191880035318e-01,-1.470530933321e+01,3.042001948626e-03,5.091248456132e-04,-5.632515116956e+00
"                 917",-4.620958017821e-02,6.263316218603e-01,-9.073989174052e+00,-4.309687016147e-02,6.267946295858e-01,-1.470637684172e+01,3.112710016747e-03,4.630077254720e-04,-5.632387667673e+00
"                 918",-4.393521755978e-02,6.254310805714e-01,-9.075218197716e+00,-4.075436321500e-02,6.258364756961e-01,-1.470754236818e+01,3.180854344777e-03,4.053951246621e-04,-5.632324170469e+00
"                 919",-4.111817905476e-02,6.185423590931e-01,-9.076546827578e+00,-3.788560540819e-02,6.188771502135e-01,-1.470887153604e+01,3.232573646577e-03,3.347911204271e-04,-5.632324708463e+00
"                 920",-3.787765243331e-02,6.069473622615e-01,-9.078377565063e+00,-3.462237186667e-02,6.072034060530e-01,-1.471075944718e+01,3.255280566637e-03,2.560437914930e-04,-5.632381882120e+00
"                 921",-3.419577039628e-02,5.896047132897e-01,-9.079751912151e+00,-3.095259275491e-02,5.897859895050e-01,-1.471224065132e+01,3.243177641375e-03,1.812762152465e-04,-5.632488739164e+00
"                 922",-3.047871451386e-02,5.625231435823e-01,-9.080029594748e+00,-2.727917109994e-02,5.626553072429e-01,-1.471263322997e+01,3.199543413922e-03,1.321636606130e-04,-5.632603635219e+00
"                 923",-2.874336636216e-02,5.264134213770e-01,-9.078564636325e+00,-2.559341011059e-02,5.265170002939e-01,-1.471129142803e+01,3.149956251577e-03,1.035789169512e-04,-5.632726791703e+00
"                 924",-2.921996037344e-02,4.862142972516e-01,-9.076047025701e+00,-2.611005305511e-02,4.863132835818e-01,-1.470888660147e+01,3.109907318326e-03,9.898633015285e-05,-5.632839575772e+00
"                 925",-2.983557137472e-02,4.450485687362e-01,-9.073672094737e+00,-2.675224497165e-02,4.451609771034e-01,-1.470657215571e+01,3.083326403068e-03,1.124083671833e-04,-5.632900060976e+00
"                 926",-2.705645676235e-02,4.061614128633e-01,-9.071845857500e+00,-2.398467715467e-02,4.062907260241e-01,-1.470472603955e+01,3.071779607680e-03,1.293131607986e-04,-5.632880182053e+00
"                 927",-2.229905325029e-02,3.701605985309e-01,-9.071330097669e+00,-1.922425985667e-02,3.703152616799e-01,-1.470410365287e+01,3.074793393624e-03,1.546631490207e-04,-5.632773555204e+00
"                 928",-1.727199762493e-02,3.386645787054e-01,-9.072010291932e+00,-1.418137628712e-02,3.388516195107e-01,-1.470461388759e+01,3.090621337812e-03,1.870408052047e-04,-5.632603595654e+00
"                 929",-1.385212942787e-02,3.137333096095e-01,-9.073264676492e+00,-1.071788144549e-02,3.139648342836e-01,-1.470566339398e+01,3.134247982383e-03,2.315246740886e-04,-5.632398717483e+00
"                 930",-1.167999174791e-02,2.978777989451e-01,-9.074137422905e+00,-8.478094295295e-03,2.981584681704e-01,-1.470633535552e+01,3.201897452616e-03,2.806692253293e-04,-5.632197932618e+00
"                 931",-1.075859694564e-02,2.921538625480e-01,-9.074433814694e+00,-7.482724855347e-03,2.924880666720e-01,-1.470648343782e+01,3.275872090289e-03,3.342041240652e-04,-5.632049623124e+00
"                 932",-1.222076898421e-02,2.958461425746e-01,-9.075302626219e+00,-8.881599591042e-03,2.962445487651e-01,-1.470728346071e+01,3.339169393166e-03,3.984061905332e-04,-5.631980834495e+00
"                 933",-1.388887109795e-02,3.058453773972e-01,-9.076694570960e+00,-1.050891300293e-02,3.063187581229e-01,-1.470867366904e+01,3.379958095019e-03,4.733807257082e-04,-5.631979098080e+00
"                 934",-1.600850114539e-02,3.208149586729e-01,-9.078466133560e+00,-1.262021594920e-02,3.213730943631e-01,-1.471050788276e+01,3.388285196189e-03,5.581356901688e-04,-5.632041749204e+00
"                 935",-1.651677930448e-02,3.420269658504e-01,-9.079217636648e+00,-1.315240835053e-02,3.426617944904e-01,-1.471138157394e+01,3.364370953954e-03,6.348286399958e-04,-5.632163937287e+00
"                 936",-1.943455902591e-02,3.724553327504e-01,-9.078748756094e+00,-1.611807357182e-02,3.731479801077e-01,-1.471106304692e+01,3.316485454089e-03,6.926473572851e-04,-5.632314290822e+00
"                 937",-2.588911580233e-02,4.090264573313e-01,-9.076548576432e+00,-2.261852718967e-02,4.097569639395e-01,-1.470904358134e+01,3.270588612655e-03,7.305066082279e-04,-5.632495004905e+00
"                 938",-3.419949454266e-02,4.482454005301e-01,-9.073518772763e+00,-3.096468531515e-02,4.489943289149e-01,-1.470619889256e+01,3.234809227515e-03,7.489283847239e-04,-5.632680119797e+00
"                 939",-4.064923823751e-02,4.874365929898e-01,-9.070981219628e+00,-3.744149554209e-02,4.881914359024e-01,-1.470381201462e+01,3.207742695414e-03,7.548429125881e-04,-5.632830794994e+00
"                 940",-4.218273722469e-02,5.243499493930e-01,-9.069468473151e+00,-3.899203304522e-02,5.251094710136e-01,-1.470237610278e+01,3.190704179467e-03,7.595216206473e-04,-5.632907629634e+00
"                 941",-4.063387354995e-02,5.576600702003e-01,-9.069398162435e+00,-3.744994125241e-02,5.584184595530e-01,-1.470228834309e+01,3.183932297536e-03,7.583893526957e-04,-5.632890180652e+00
"                 942",-3.823391946185e-02,5.859304061487e-01,-9.070640504810e+00,-3.504274492259e-02,5.866793292977e-01,-1.470343302440e+01,3.191174539256e-03,7.489231489884e-04,-5.632792519592e+00
"                 943",-3.508190368069e-02,6.083144861096e-01,-9.072802321088e+00,-3.185459365586e-02,6.090402221443e-01,-1.470545084651e+01,3.227310024830e-03,7.257360346330e-04,-5.632648525420e+00
"                 944",-3.137442533173e-02,6.232112005702e-01,-9.074522384206e+00,-2.808380516650e-02,6.239020497669e-01,-1.470702250203e+01,3.290620165231e-03,6.908491966141e-04,-5.632500117824e+00
"                 945",-2.831435312083e-02,6.294509253362e-01,-9.075480699985e+00,-2.495193088933e-02,6.300987691682e-01,-1.470787226179e+01,3.362422231507e-03,6.478438319770e-04,-5.632391561800e+00
"                 946",-2.695312326620e-02,6.273605545454e-01,-9.076560612905e+00,-2.352867661031e-02,6.279483995978e-01,-1.470890923044e+01,3.424446655885e-03,5.878450524581e-04,-5.632348617537e+00
"                 947",-2.458813957838e-02,6.196952080996e-01,-9.077740683136e+00,-2.112255659626e-02,6.202110931019e-01,-1.471010350785e+01,3.465582982126e-03,5.158850022737e-04,-5.632362824713e+00
"                 948",-2.299169970647e-02,6.074027993674e-01,-9.079692372314e+00,-1.951627918065e-02,6.078377159931e-01,-1.471212562732e+01,3.475420525816e-03,4.349166256762e-04,-5.632433255008e+00
"                 949",-1.944403746074e-02,5.870976265717e-01,-9.080879124221e+00,-1.599232340686e-02,5.874637159448e-01,-1.471342224455e+01,3.451714053883e-03,3.660893730602e-04,-5.632543120326e+00
"                 950",-1.811210892998e-02,5.557197508964e-01,-9.081070360144e+00,-1.470979339496e-02,5.560376105902e-01,-1.471372989935e+01,3.402315535022e-03,3.178596938563e-04,-5.632659539210e+00
"                 951",-1.952602569139e-02,5.173285574239e-01,-9.079526569564e+00,-1.616839395295e-02,5.176224372529e-01,-1.471231320471e+01,3.357631738445e-03,2.938798290236e-04,-5.632786635144e+00
"                 952",-2.184579344674e-02,4.761295194545e-01,-9.077124424186e+00,-1.852072122787e-02,4.764195964302e-01,-1.471001754142e+01,3.325072218872e-03,2.900769757035e-04,-5.632893117234e+00
"                 953",-2.177615741570e-02,4.356675553209e-01,-9.074966838529e+00,-1.847031613863e-02,4.359707412295e-01,-1.470790614573e+01,3.305841277074e-03,3.031859086202e-04,-5.632939307197e+00
"                 954",-1.767025247648e-02,3.981447499266e-01,-9.073594337533e+00,-1.436951783729e-02,3.984674452633e-01,-1.470649919451e+01,3.300734639184e-03,3.226953367349e-04,-5.632904856975e+00
"                 955",-1.216881193122e-02,3.644737995931e-01,-9.073625191175e+00,-8.861439933051e-03,3.648235500319e-01,-1.470641186476e+01,3.307371998167e-03,3.497504387312e-04,-5.632786673584e+00
"                 956",-7.952391539988e-03,3.363630392472e-01,-9.074552934556e+00,-4.624723960755e-03,3.367500461691e-01,-1.470716222319e+01,3.327667579233e-03,3.870069219112e-04,-5.632609288638e+00
"                 957",-4.681204913197e-03,3.155941330083e-01,-9.075710777843e+00,-1.308364925113e-03,3.160291580872e-01,-1.470811539748e+01,3.372839988085e-03,4.350250789177e-04,-5.632404619633e+00
"                 958",-2.869457861266e-03,3.040213138586e-01,-9.076301848622e+00,5.667544050970e-04,3.045097275167e-01,-1.470851765221e+01,3.436212266363e-03,4.884136580288e-04,-5.632215803592e+00
"                 959",-2.161966580104e-03,3.023734850379e-01,-9.076679463602e+00,1.337625352160e-03,3.029181355008e-01,-1.470876403342e+01,3.499591932264e-03,5.446504629235e-04,-5.632084569814e+00
"                 960",-3.187417227252e-03,3.085442110320e-01,-9.077652608708e+00,3.617711037874e-04,3.091556667562e-01,-1.470967830571e+01,3.549188331040e-03,6.114557241632e-04,-5.632025697003e+00
"                 961",-4.455785104710e-03,3.196013673378e-01,-9.078916622037e+00,-8.828580188608e-04,3.202882012432e-01,-1.471094841645e+01,3.572927085849e-03,6.868339053955e-04,-5.632031794409e+00
"                 962",-6.989773281646e-03,3.342024338882e-01,-9.080301207002e+00,-3.425141137303e-03,3.349717585146e-01,-1.471240476447e+01,3.564632144343e-03,7.693246264238e-04,-5.632103557470e+00
"                 963",-7.330014246605e-03,3.559475443537e-01,-9.080470070501e+00,-3.804083288884e-03,3.567856118864e-01,-1.471269528623e+01,3.525930957721e-03,8.380675326720e-04,-5.632225215724e+00
"                 964",-1.046757721519e-02,3.872290733225e-01,-9.079632314449e+00,-6.996322823986e-03,3.881224003330e-01,-1.471200788551e+01,3.471254391209e-03,8.933270105619e-04,-5.632375571065e+00
"                 965",-1.700244891290e-02,4.236722898038e-01,-9.077322203376e+00,-1.357946833755e-02,4.245998523360e-01,-1.470987723479e+01,3.422980575353e-03,9.275625321093e-04,-5.632555031417e+00
"                 966",-2.405887443976e-02,4.628543299313e-01,-9.074375346386e+00,-2.067200153521e-02,4.638019459927e-01,-1.470710503984e+01,3.386872904547e-03,9.476160613815e-04,-5.632729693452e+00
"                 967",-2.787851619755e-02,5.014870978000e-01,-9.072119048591e+00,-2.451589040122e-02,5.024476163138e-01,-1.470497648487e+01,3.362625796327e-03,9.605185138033e-04,-5.632857436282e+00
"                 968",-2.728450127822e-02,5.380536545644e-01,-9.071026680243e+00,-2.393555188973e-02,5.390257102831e-01,-1.470393104542e+01,3.348949388489e-03,9.720557186989e-04,-5.632904365177e+00
"                 969",-2.469889025863e-02,5.709288389836e-01,-9.071364378735e+00,-2.135498914256e-02,5.719059166036e-01,-1.470422560836e+01,3.343901116078e-03,9.770776199742e-04,-5.632861229621e+00
"                 970",-2.238670194754e-02,5.988410480146e-01,-9.073038275244e+00,-1.903134146727e-02,5.998094510925e-01,-1.470578715514e+01,3.355360480266e-03,9.684030779039e-04,-5.632748879901e+00
"                 971",-1.917244408011e-02,6.201698450931e-01,-9.075160067096e+00,-1.577669636719e-02,6.211147295222e-01,-1.470776093361e+01,3.395747712918e-03,9.448844291456e-04,-5.632600866518e+00
"                 972",-1.623104759813e-02,6.328925289213e-01,-9.076496681881e+00,-1.277190712204e-02,6.338008956405e-01,-1.470895889283e+01,3.459140476084e-03,9.083667192057e-04,-5.632462210949e+00
"                 973",-1.453383926102e-02,6.355604494361e-01,-9.077429619804e+00,-1.100765429200e-02,6.364197895885e-01,-1.470980109569e+01,3.526184969022e-03,8.593401524165e-04,-5.632371475886e+00
"                 974",-1.399365870950e-02,6.300269076768e-01,-9.078565701583e+00,-1.041264413697e-02,6.308186716110e-01,-1.471091060922e+01,3.581014572520e-03,7.917639342098e-04,-5.632344907641e+00
"                 975",-1.263821206317e-02,6.197269004329e-01,-9.080040090716e+00,-9.027401087331e-03,6.204390761797e-01,-1.471241365251e+01,3.610810975835e-03,7.121757468266e-04,-5.632373561790e+00
"                 976",-1.194374392975e-02,6.046777000213e-01,-9.081942688541e+00,-8.334081078583e-03,6.053079917924e-01,-1.471439944103e+01,3.609662851166e-03,6.302917711384e-04,-5.632456752491e+00
"                 977",-8.889264122786e-03,5.806861706154e-01,-9.082720529685e+00,-5.312103970538e-03,5.812544397806e-01,-1.471528874038e+01,3.577160152248e-03,5.682691651699e-04,-5.632568210696e+00
"                 978",-8.285317526685e-03,5.464866273776e-01,-9.082206332454e+00,-4.757201657677e-03,5.470106202305e-01,-1.471489482101e+01,3.528115869008e-03,5.239928528679e-04,-5.632688488555e+00
"                 979",-1.115560255920e-02,5.076648012342e-01,-9.080284482884e+00,-7.668816061966e-03,5.081729729019e-01,-1.471310438953e+01,3.486786497233e-03,5.081716677674e-04,-5.632819906647e+00
"                 980",-1.402636427224e-02,4.678952332482e-01,-9.078084637690e+00,-1.056726236650e-02,4.684085608770e-01,-1.471100848081e+01,3.459101905742e-03,5.133276287874e-04,-5.632923843122e+00
"                 981",-1.270290773036e-02,4.307473353940e-01,-9.076325349824e+00,-9.256700618245e-03,4.312768632267e-01,-1.470928409315e+01,3.446207112112e-03,5.295278327093e-04,-5.632958743330e+00
"                 982",-8.435374610059e-03,3.964132140850e-01,-9.075631769886e+00,-4.989984449580e-03,3.969626184486e-01,-1.470853944173e+01,3.445390160479e-03,5.494043635940e-04,-5.632907671842e+00
"                 983",-3.452302649521e-03,3.654920715014e-01,-9.075971609716e+00,-1.977096056299e-07,3.660645545494e-01,-1.470874870481e+01,3.452104939915e-03,5.724830479792e-04,-5.632777095092e+00
"                 984",-2.453217436198e-04,3.400058171458e-01,-9.076932312724e+00,3.228852772555e-03,3.406116898904e-01,-1.470952652381e+01,3.474174516175e-03,6.058727445530e-04,-5.632594211082e+00
"                 985",2.300167209739e-03,3.216244159327e-01,-9.077878247532e+00,5.820173247046e-03,3.222717065417e-01,-1.471026993791e+01,3.520006037306e-03,6.472906089333e-04,-5.632391690376e+00
"                 986",4.018433133638e-03,3.124880114288e-01,-9.078290492898e+00,7.597322079338e-03,3.131779353389e-01,-1.471050855493e+01,3.578888945700e-03,6.899239101589e-04,-5.632218062033e+00
"                 987",4.490240401424e-03,3.122959788921e-01,-9.078731633912e+00,8.123633034491e-03,3.130385627189e-01,-1.471083811637e+01,3.633392633068e-03,7.425838268019e-04,-5.632106482462e+00
"                 988",3.891531357937e-03,3.180954267223e-01,-9.079583790577e+00,7.563899298829e-03,3.189039656098e-01,-1.471164778532e+01,3.672367940892e-03,8.085388875302e-04,-5.632063994746e+00
"                 989",2.775415056789e-03,3.285114009544e-01,-9.080571561595e+00,6.458248359096e-03,3.293960171909e-01,-1.471265600544e+01,3.682833302308e-03,8.846162364847e-04,-5.632084443846e+00
"                 990",8.487038842304e-04,3.440344160876e-01,-9.081448768381e+00,4.510458354623e-03,3.450020123005e-01,-1.471361998821e+01,3.661754470392e-03,9.675962129241e-04,-5.632171219831e+00
"                 991",2.979387122934e-04,3.690047758175e-01,-9.081258017085e+00,3.910818007099e-03,3.700409196448e-01,-1.471355435861e+01,3.612879294806e-03,1.036143827293e-03,-5.632296341523e+00
"                 992",-3.042637916963e-03,4.035816978416e-01,-9.080007877536e+00,5.130207099359e-04,4.046757665581e-01,-1.471246201199e+01,3.555658626899e-03,1.094068716505e-03,-5.632454134459e+00
"                 993",-1.000883898044e-02,4.427565645475e-01,-9.077657577731e+00,-6.502463571508e-03,4.438869823380e-01,-1.471029508132e+01,3.506375408932e-03,1.130417790515e-03,-5.632637503593e+00
"                 994",-1.652724195245e-02,4.834365230695e-01,-9.075261164833e+00,-1.305902254988e-02,4.845873381688e-01,-1.470806569713e+01,3.468219402568e-03,1.150815099283e-03,-5.632804532299e+00
"                 995",-1.921084103398e-02,5.222935029886e-01,-9.073663204462e+00,-1.576731398661e-02,5.234601156043e-01,-1.470657472455e+01,3.443527047374e-03,1.166612615614e-03,-5.632911520085e+00
"                 996",-1.780695439291e-02,5.577115665790e-01,-9.073137720207e+00,-1.437701874183e-02,5.588880009178e-01,-1.470606996551e+01,3.429935651079e-03,1.176434338760e-03,-5.632932245303e+00
"                 997",-1.512927041290e-02,5.886705634794e-01,-9.073638951992e+00,-1.170278671138e-02,5.898469868826e-01,-1.470650827557e+01,3.426483701517e-03,1.176423403185e-03,-5.632869323581e+00
"                 998",-1.298055672208e-02,6.138092289211e-01,-9.075190490309e+00,-9.537076420664e-03,6.149680937764e-01,-1.470793851662e+01,3.443480301420e-03,1.158864855305e-03,-5.632748026314e+00
"                 999",-1.030212532078e-02,6.312187097370e-01,-9.076978040478e+00,-6.812780887464e-03,6.323465789699e-01,-1.470957739816e+01,3.489344433313e-03,1.127869232895e-03,-5.632599357680e+00
"                1000",-8.072311433239e-03,6.391249207635e-01,-9.078033289949e+00,-4.521494271085e-03,6.402117013483e-01,-1.471050444318e+01,3.550817162153e-03,1.086780584739e-03,-5.632471153231e+00
"                1001",-7.337201465475e-03,6.374036858234e-01,-9.079204105381e+00,-3.725664804679e-03,6.384371456652e-01,-1.471160118635e+01,3.611536660797e-03,1.033459841831e-03,-5.632397080972e+00
"                1002",-7.048472098830e-03,6.295020730409e-01,-9.080855362853e+00,-3.391106393971e-03,6.304667208386e-01,-1.471323856230e+01,3.657365704860e-03,9.646477976615e-04,-5.632383199449e+00
"                1003",-6.895872931096e-03,6.187164635306e-01,-9.082841368865e+00,-3.219305135980e-03,6.196030535577e-01,-1.471526475385e+01,3.676567795117e-03,8.865900270626e-04,-5.632423384984e+00
"                1004",-6.514608366075e-03,6.032023527526e-01,-9.084280540462e+00,-2.850408845576e-03,6.040148535912e-01,-1.471679688740e+01,3.664199520499e-03,8.125008385903e-04,-5.632516346939e+00
"                1005",-5.436011337423e-03,5.783727953677e-01,-9.084509611302e+00,-1.813434485388e-03,5.791343379404e-01,-1.471713608417e+01,3.622576852035e-03,7.615425727617e-04,-5.632626472865e+00
"                1006",-6.243344038154e-03,5.447772541156e-01,-9.083146490020e+00,-2.668816798174e-03,5.455046291240e-01,-1.471589840810e+01,3.574527239980e-03,7.273750084006e-04,-5.632751918085e+00
"                1007",-9.715104007256e-03,5.077238548415e-01,-9.080793470879e+00,-6.178618371330e-03,5.084410414684e-01,-1.471367473820e+01,3.536485635926e-03,7.171866268576e-04,-5.632881267320e+00
"                1008",-1.260818403244e-02,4.700084519864e-01,-9.078644216041e+00,-9.097854198668e-03,4.707332405981e-01,-1.471161529936e+01,3.510329833777e-03,7.247886116812e-04,-5.632971083318e+00
"                1009",-1.085087351433e-02,4.341946165793e-01,-9.077014497206e+00,-7.353792141392e-03,4.349285359136e-01,-1.470999921081e+01,3.497081372937e-03,7.339193343034e-04,-5.632984713607e+00
"                1010",-6.669782996113e-03,4.002431970657e-01,-9.076559806253e+00,-3.173837762339e-03,4.009880068334e-01,-1.470946925330e+01,3.495945233774e-03,7.448097676519e-04,-5.632909447043e+00
"                1011",-2.142231152476e-03,3.693765326814e-01,-9.077293240912e+00,1.360037184730e-03,3.701358103879e-01,-1.471005555915e+01,3.502268337206e-03,7.592777064607e-04,-5.632762318235e+00
"                1012",8.206008989760e-04,3.439380199140e-01,-9.078628237180e+00,4.350021934484e-03,3.447251010271e-01,-1.471120056292e+01,3.529421035508e-03,7.870811130591e-04,-5.632572325736e+00
"                1013",3.267149501937e-03,3.264177103006e-01,-9.079473217331e+00,6.845096252895e-03,3.272416986845e-01,-1.471184646698e+01,3.577946750957e-03,8.239883839414e-04,-5.632373249646e+00
"                1014",5.557070958389e-03,3.194037514686e-01,-9.079343456030e+00,9.190277207405e-03,3.202700555467e-01,-1.471155548822e+01,3.633206249016e-03,8.663040780695e-04,-5.632212032192e+00
"                1015",6.002975722510e-03,3.215425366802e-01,-9.079393783741e+00,9.682419758442e-03,3.224680540629e-01,-1.471151270785e+01,3.679444035933e-03,9.255173826398e-04,-5.632118924109e+00
"                1016",5.630778460898e-03,3.294188711170e-01,-9.080010508805e+00,9.337798408475e-03,3.304191190793e-01,-1.471210362471e+01,3.707019947577e-03,1.000247962245e-03,-5.632093115910e+00
"                1017",4.266768921354e-03,3.424483383891e-01,-9.081395196753e+00,7.972196569859e-03,3.435344301538e-01,-1.471352858739e+01,3.705427648505e-03,1.086091764679e-03,-5.632133390635e+00
"                1018",3.711618541388e-03,3.621271321181e-01,-9.082372264285e+00,7.385582697774e-03,3.632985697046e-01,-1.471461106148e+01,3.673964156386e-03,1.171437586497e-03,-5.632238797197e+00
"                1019",2.202494217755e-03,3.916676907766e-01,-9.082310585450e+00,5.820520706656e-03,3.929076692308e-01,-1.471468591227e+01,3.618026488901e-03,1.239978454202e-03,-5.632375326822e+00
"                1020",-2.105107381311e-03,4.279924090538e-01,-9.080571593796e+00,1.457127378236e-03,4.292836399616e-01,-1.471311697475e+01,3.562234759547e-03,1.291230907839e-03,-5.632545380949e+00
"                1021",-8.784657008135e-03,4.670355772341e-01,-9.077872622722e+00,-5.268143328318e-03,4.683559338976e-01,-1.471060013341e+01,3.516513679818e-03,1.320356663460e-03,-5.632727510688e+00
"                1022",-1.449907701058e-02,5.056570453846e-01,-9.075662395468e+00,-1.101764517324e-02,5.069893557120e-01,-1.470854402316e+01,3.481431837341e-03,1.332310327329e-03,-5.632881627692e+00
"                1023",-1.599193305347e-02,5.413378191731e-01,-9.074341732306e+00,-1.253413210953e-02,5.426787486123e-01,-1.470730827212e+01,3.457800943943e-03,1.340929439258e-03,-5.632966539813e+00
"                1024",-1.475053280251e-02,5.732812636374e-01,-9.074221104300e+00,-1.130498293096e-02,5.746234978189e-01,-1.470718382170e+01,3.445549871550e-03,1.342234181543e-03,-5.632962717403e+00
"                1025",-1.271876681196e-02,6.006558588887e-01,-9.075046958562e+00,-9.273829043561e-03,6.019906387433e-01,-1.470792877023e+01,3.444937768397e-03,1.334779854622e-03,-5.632881811671e+00
"                1026",-1.067711409314e-02,6.223488508779e-01,-9.076683650051e+00,-7.208256962342e-03,6.236624380629e-01,-1.470943545230e+01,3.468857130799e-03,1.313587184936e-03,-5.632751802250e+00
"                1027",-8.669686338379e-03,6.367108620570e-01,-9.078192640948e+00,-5.150365589739e-03,6.379943836773e-01,-1.471079785147e+01,3.519320748640e-03,1.283521620283e-03,-5.632605210517e+00
"                1028",-7.744232825104e-03,6.424872326958e-01,-9.079126385969e+00,-4.165079436312e-03,6.437347443414e-01,-1.471161562646e+01,3.579153388792e-03,1.247511645562e-03,-5.632489240487e+00
"                1029",-8.642051377734e-03,6.406518091655e-01,-9.080656178738e+00,-5.009995055010e-03,6.418480386414e-01,-1.471308883742e+01,3.632056322724e-03,1.196229475833e-03,-5.632432658680e+00
"                1030",-8.725741981976e-03,6.340344924175e-01,-9.082532262881e+00,-5.058196506412e-03,6.351650938038e-01,-1.471496183900e+01,3.667545475565e-03,1.130601386314e-03,-5.632429576119e+00
"                1031",-9.315514249920e-03,6.236315679989e-01,-9.084715492504e+00,-5.639897640746e-03,6.246862137177e-01,-1.471719661591e+01,3.675616609174e-03,1.054645718738e-03,-5.632481123408e+00
"                1032",-8.402295378090e-03,6.066681613878e-01,-9.085696603468e+00,-4.749665656398e-03,6.076497077132e-01,-1.471827822715e+01,3.652629721692e-03,9.815463253301e-04,-5.632581623679e+00
"                1033",-8.711780537368e-03,5.792971485163e-01,-9.085413554068e+00,-5.108102800471e-03,5.802239581685e-01,-1.471810778156e+01,3.603677736897e-03,9.268096522718e-04,-5.632694227491e+00
"                1034",-1.134568811767e-02,5.439991986366e-01,-9.083411314422e+00,-7.789609280580e-03,5.448911535874e-01,-1.471623491126e+01,3.556078837092e-03,8.919549507222e-04,-5.632823596834e+00
"                1035",-1.559163569078e-02,5.051694194103e-01,-9.080853607429e+00,-1.207203392431e-02,5.060454080602e-01,-1.471379730935e+01,3.519601766473e-03,8.759886498907e-04,-5.632943701924e+00
"                1036",-1.788930691109e-02,4.659153049892e-01,-9.078788107770e+00,-1.439535240612e-02,4.667890596595e-01,-1.471180011114e+01,3.493954504970e-03,8.737546703409e-04,-5.633012003370e+00
"                1037",-1.630501411233e-02,4.287949223465e-01,-9.077422668047e+00,-1.282435084793e-02,4.296689340167e-01,-1.471042270324e+01,3.480663264399e-03,8.740116702712e-04,-5.633000035196e+00
"                1038",-1.224538605683e-02,3.946081712705e-01,-9.077010803289e+00,-8.767230777518e-03,3.954878445892e-01,-1.470991240975e+01,3.478155279315e-03,8.796733187212e-04,-5.632901606463e+00
"                1039",-8.477466923665e-03,3.653514542945e-01,-9.077444990489e+00,-4.991487498627e-03,3.662484449540e-01,-1.471018411781e+01,3.485979425038e-03,8.969906595826e-04,-5.632739127323e+00
"                1040",-5.307281043542e-03,3.432140212518e-01,-9.078424525125e+00,-1.790126752365e-03,3.441440466428e-01,-1.471096676312e+01,3.517154291177e-03,9.300253910599e-04,-5.632542237997e+00
"                1041",-2.766413960700e-03,3.305895738383e-01,-9.079067001128e+00,7.997485231950e-04,3.315636452555e-01,-1.471141662048e+01,3.566162483895e-03,9.740714171967e-04,-5.632349619351e+00
"                1042",-4.589175848650e-04,3.285566919657e-01,-9.079212352392e+00,3.157568388619e-03,3.295815231634e-01,-1.471141733774e+01,3.616485973485e-03,1.024831197767e-03,-5.632204985345e+00
"                1043",4.347757759149e-04,3.349470104654e-01,-9.079721638094e+00,4.089347945559e-03,3.360360324008e-01,-1.471185263774e+01,3.654572169644e-03,1.089021935415e-03,-5.632130999643e+00
"                1044",8.982891272638e-04,3.456542092649e-01,-9.080543626619e+00,4.569047250669e-03,3.468180622415e-01,-1.471266776706e+01,3.670758123406e-03,1.163852976643e-03,-5.632124140443e+00
"                1045",-3.944236912901e-04,3.599340322958e-01,-9.081890637805e+00,3.263279107484e-03,3.611796101485e-01,-1.471407413906e+01,3.657702798774e-03,1.245577852665e-03,-5.632183501255e+00
"                1046",-2.890218931384e-04,3.806364981079e-01,-9.082331627635e+00,3.325737476873e-03,3.819528829987e-01,-1.471463107933e+01,3.614759370011e-03,1.316384890822e-03,-5.632299451699e+00
"                1047",-3.114964439391e-03,4.101114710700e-01,-9.081740458242e+00,4.372305528073e-04,4.114840439856e-01,-1.471418534568e+01,3.552194992198e-03,1.372572915567e-03,-5.632444887440e+00
"                1048",-9.108457368711e-03,4.445763346825e-01,-9.079566913713e+00,-5.612161118711e-03,4.459851539199e-01,-1.471218895938e+01,3.496296250000e-03,1.408819237462e-03,-5.632622045671e+00
"                1049",-1.582747244325e-02,4.814998798519e-01,-9.076778532006e+00,-1.237465241797e-02,4.829292725324e-01,-1.470957405670e+01,3.452820025280e-03,1.429392680529e-03,-5.632795524695e+00
"                1050",-1.998786709953e-02,5.177626501162e-01,-9.074777215428e+00,-1.656668776163e-02,5.192040677790e-01,-1.470770350587e+01,3.421179337898e-03,1.441417662823e-03,-5.632926290440e+00
"                1051",-2.021381272868e-02,5.520422210289e-01,-9.073959762149e+00,-1.681145496683e-02,5.534961871495e-01,-1.470694230909e+01,3.402357761856e-03,1.453966120556e-03,-5.632982546946e+00
"                1052",-1.870306972521e-02,5.834310525243e-01,-9.074326281575e+00,-1.530881167164e-02,5.848933325771e-01,-1.470727864437e+01,3.394258053565e-03,1.462280052809e-03,-5.632952362799e+00
"                1053",-1.728413724695e-02,6.108672446405e-01,-9.075565737721e+00,-1.388416329091e-02,6.123273165985e-01,-1.470841868603e+01,3.399973956037e-03,1.460071957972e-03,-5.632852948313e+00
"                1054",-1.503895807070e-02,6.327175912250e-01,-9.077294284866e+00,-1.160647100038e-02,6.341608857465e-01,-1.471000812711e+01,3.432487070325e-03,1.443294521517e-03,-5.632713842240e+00
"                1055",-1.321932012456e-02,6.468620980320e-01,-9.078794112369e+00,-9.731865372580e-03,6.482756096299e-01,-1.471136655224e+01,3.487454751983e-03,1.413511597860e-03,-5.632572439875e+00
"                1056",-1.277685270875e-02,6.510361460801e-01,-9.080210346556e+00,-9.230921465187e-03,6.524098019439e-01,-1.471267996685e+01,3.545931243567e-03,1.373655863811e-03,-5.632469620291e+00
"                1057",-1.393126443355e-02,6.474883357475e-01,-9.081779985928e+00,-1.033792176922e-02,6.487983913701e-01,-1.471420603650e+01,3.593342664334e-03,1.310055622695e-03,-5.632426050567e+00
"                1058",-1.476561742837e-02,6.391367068220e-01,-9.083087403794e+00,-1.114626051892e-02,6.403689429874e-01,-1.471552234495e+01,3.619356909446e-03,1.232236165432e-03,-5.632434941160e+00
"                1059",-1.687120790137e-02,6.261151961118e-01,-9.084682274257e+00,-1.325491836673e-02,6.272611285713e-01,-1.471718048523e+01,3.616289534644e-03,1.145932459485e-03,-5.632498210976e+00
"                1060",-1.653895202165e-02,6.043610981789e-01,-9.085357053172e+00,-1.295622090378e-02,6.054339575513e-01,-1.471795678244e+01,3.582731117865e-03,1.072859372492e-03,-5.632599729267e+00
"                1061",-1.788253520735e-02,5.720197127359e-01,-9.085000310869e+00,-1.435319601460e-02,5.730354530761e-01,-1.471771329213e+01,3.529339192746e-03,1.015740340185e-03,-5.632712981263e+00
"                1062",-2.199280794119e-02,5.342641036988e-01,-9.083042125455e+00,-1.850940069476e-02,5.352488056834e-01,-1.471588393654e+01,3.483407246434e-03,9.847019845608e-04,-5.632841811082e+00
"                1063",-2.647271852931e-02,4.947864917571e-01,-9.080471693393e+00,-2.302199541760e-02,4.957598952667e-01,-1.471342308649e+01,3.450723111707e-03,9.734035096280e-04,-5.632951393100e+00
"                1064",-2.731967184732e-02,4.573826692678e-01,-9.078195195846e+00,-2.388849542376e-02,4.583565739149e-01,-1.471119385500e+01,3.431176423559e-03,9.739046471172e-04,-5.632998659153e+00
"                1065",-2.456985686914e-02,4.229899965246e-01,-9.076899456838e+00,-2.114703630444e-02,4.239682421144e-01,-1.470986100193e+01,3.422820564699e-03,9.782455898134e-04,-5.632961545093e+00
"                1066",-2.012302919104e-02,3.924233471479e-01,-9.076678663337e+00,-1.670098786212e-02,3.934101334724e-01,-1.470952400147e+01,3.422041328920e-03,9.867863244127e-04,-5.632845338138e+00
"                1067",-1.646329213165e-02,3.673587454930e-01,-9.077207371196e+00,-1.302843683277e-02,3.683657912398e-01,-1.470987997568e+01,3.434855298878e-03,1.007045746781e-03,-5.632672604484e+00
"                1068",-1.262306487081e-02,3.492839884418e-01,-9.078116470455e+00,-9.152877232433e-03,3.503204520155e-01,-1.471059029155e+01,3.470187638376e-03,1.036463573737e-03,-5.632473821099e+00
"                1069",-9.512189633938e-03,3.399923397068e-01,-9.078715268234e+00,-5.992976329547e-03,3.410618605617e-01,-1.471101051717e+01,3.519213304390e-03,1.069520854820e-03,-5.632295248939e+00
"                1070",-7.529989758353e-03,3.396549239213e-01,-9.079170443648e+00,-3.965622687677e-03,3.407640165868e-01,-1.471134398056e+01,3.564367070677e-03,1.109092665487e-03,-5.632173536917e+00
"                1071",-7.033398722399e-03,3.453998256970e-01,-9.079901995387e+00,-3.437673820496e-03,3.465638392657e-01,-1.471202294661e+01,3.595724901903e-03,1.164013568684e-03,-5.632120951222e+00
"                1072",-7.405422409079e-03,3.548595668407e-01,-9.080771842095e+00,-3.804467579182e-03,3.560899601324e-01,-1.471290651577e+01,3.600954829897e-03,1.230393291648e-03,-5.632134673673e+00
"                1073",-9.507418892611e-03,3.678588764722e-01,-9.081772356507e+00,-5.930236228091e-03,3.691660618701e-01,-1.471398852530e+01,3.577182664519e-03,1.307185397904e-03,-5.632216168790e+00
"                1074",-9.820327564597e-03,3.891109512613e-01,-9.081547417714e+00,-6.294729218883e-03,3.904832416968e-01,-1.471388849379e+01,3.525598345715e-03,1.372290435532e-03,-5.632341076075e+00
"                1075",-1.233354756073e-02,4.203691830680e-01,-9.080215556271e+00,-8.869422126698e-03,4.217993941132e-01,-1.471271033124e+01,3.464125434031e-03,1.430211045144e-03,-5.632494774969e+00
"                1076",-1.794749636983e-02,4.568147298795e-01,-9.077876107219e+00,-1.453573628027e-02,4.582829328281e-01,-1.471055100709e+01,3.411760089554e-03,1.468202948610e-03,-5.632674899872e+00
"                1077",-2.427245955903e-02,4.957515844673e-01,-9.075547654599e+00,-2.089923901499e-02,4.972441740066e-01,-1.470838838149e+01,3.373220544038e-03,1.492589539326e-03,-5.632840726889e+00
"                1078",-2.691149127685e-02,5.335215960882e-01,-9.074031224103e+00,-2.356284105214e-02,5.350340927794e-01,-1.470698356461e+01,3.348650224713e-03,1.512496691186e-03,-5.632952340505e+00
"                1079",-2.655257262509e-02,5.689132575133e-01,-9.073541942423e+00,-2.321727947001e-02,5.704424776939e-01,-1.470652390801e+01,3.335293155079e-03,1.529220180672e-03,-5.632981965587e+00
"                1080",-2.430207397020e-02,6.006601361925e-01,-9.073970387199e+00,-2.097085926918e-02,6.021956878582e-01,-1.470689892519e+01,3.331214701025e-03,1.535551665699e-03,-5.632928537987e+00
"                1081",-2.229026482971e-02,6.268244957017e-01,-9.075509682675e+00,-1.894583654607e-02,6.283480626555e-01,-1.470832246483e+01,3.344428283632e-03,1.523566953724e-03,-5.632812782152e+00
"                1082",-2.001103321030e-02,6.453629537147e-01,-9.077746643153e+00,-1.662685017957e-02,6.468559863399e-01,-1.471041247316e+01,3.384183030723e-03,1.493032625202e-03,-5.632665830006e+00
"                1083",-1.923339511092e-02,6.546463126708e-01,-9.079511903772e+00,-1.579376682149e-02,6.560970250329e-01,-1.471204436118e+01,3.439628289424e-03,1.450712362047e-03,-5.632532457409e+00
"                1084",-2.065413288733e-02,6.535312319471e-01,-9.080793212764e+00,-1.716014125262e-02,6.549293898700e-01,-1.471323856804e+01,3.493991634715e-03,1.398157922950e-03,-5.632445355280e+00
"                1085",-2.279916552504e-02,6.462709621211e-01,-9.081814838351e+00,-1.926288217623e-02,6.475979779342e-01,-1.471422823971e+01,3.536283348812e-03,1.327015813064e-03,-5.632413401362e+00
"                1086",-2.440816187226e-02,6.356394773097e-01,-9.083013859495e+00,-2.085402837307e-02,6.368861648774e-01,-1.471544602085e+01,3.554133499193e-03,1.246687567696e-03,-5.632432161356e+00
"                1087",-2.582436257632e-02,6.210124961237e-01,-9.084516314722e+00,-2.228075723279e-02,6.221800927595e-01,-1.471702008118e+01,3.543605343530e-03,1.167596635849e-03,-5.632503766463e+00
"                1088",-2.550864403221e-02,5.978792351818e-01,-9.085278816815e+00,-2.200471652024e-02,5.989893776878e-01,-1.471788009130e+01,3.503927511970e-03,1.110142505939e-03,-5.632601274487e+00
"                1089",-2.693015002077e-02,5.659092321691e-01,-9.084648932720e+00,-2.347653968407e-02,5.669780455811e-01,-1.471736466451e+01,3.453610336704e-03,1.068813411961e-03,-5.632715731793e+00
"                1090",-3.112684470156e-02,5.303091597142e-01,-9.082548575941e+00,-2.771447715606e-02,5.313602401234e-01,-1.471539283202e+01,3.412367545505e-03,1.051080409165e-03,-5.632844256083e+00
"                1091",-3.524909708716e-02,4.937851551612e-01,-9.079913382214e+00,-3.186643747815e-02,4.948338734050e-01,-1.471285385238e+01,3.382659609005e-03,1.048718243716e-03,-5.632940470165e+00
"                1092",-3.512065579451e-02,4.587824317531e-01,-9.077527591463e+00,-3.175531593153e-02,4.598281949746e-01,-1.471049250088e+01,3.365339862985e-03,1.045763221549e-03,-5.632964909415e+00
"                1093",-3.139082817466e-02,4.254092126959e-01,-9.076249915748e+00,-2.803245783463e-02,4.264491465182e-01,-1.470915397908e+01,3.358370340038e-03,1.039933822296e-03,-5.632904063328e+00
"                1094",-2.625278262306e-02,3.948624144795e-01,-9.076190511445e+00,-2.289474563328e-02,3.958975155068e-01,-1.470896119216e+01,3.358036989777e-03,1.035101027261e-03,-5.632770680711e+00
"                1095",-2.272745608786e-02,3.692764003113e-01,-9.077201256529e+00,-1.935249831243e-02,3.703185413508e-01,-1.470979246286e+01,3.374957775435e-03,1.042141039524e-03,-5.632591206327e+00
"                1096",-1.971640979156e-02,3.506614101798e-01,-9.078355619288e+00,-1.630289778154e-02,3.517211166832e-01,-1.471075407864e+01,3.413512010019e-03,1.059706503366e-03,-5.632398459355e+00
"                1097",-1.690684040068e-02,3.422648370830e-01,-9.078716360237e+00,-1.344650610827e-02,3.433479946302e-01,-1.471095397890e+01,3.460334292409e-03,1.083157547296e-03,-5.632237618667e+00
"                1098",-1.557710522377e-02,3.427453047038e-01,-9.078882432584e+00,-1.207736756038e-02,3.438728495259e-01,-1.471102431634e+01,3.499737663385e-03,1.127544822017e-03,-5.632141883757e+00
"                1099",-1.470744413990e-02,3.492105973795e-01,-9.079246578675e+00,-1.118352189052e-02,3.504027440123e-01,-1.471135841694e+01,3.523922249377e-03,1.192146632856e-03,-5.632111838268e+00
"                1100",-1.508197326928e-02,3.602206544143e-01,-9.080247054015e+00,-1.155985595588e-02,3.614949145552e-01,-1.471239318177e+01,3.522117313393e-03,1.274260140929e-03,-5.632146127754e+00
"                1101",-1.589551617391e-02,3.772316603310e-01,-9.081204655666e+00,-1.240358799691e-02,3.785927213806e-01,-1.471345169560e+01,3.491928177005e-03,1.361061049623e-03,-5.632247039938e+00
"                1102",-1.689985417391e-02,4.042890416343e-01,-9.081187211977e+00,-1.346225519781e-02,4.057207383369e-01,-1.471356698917e+01,3.437598976108e-03,1.431696702633e-03,-5.632379777190e+00
"                1103",-2.029899620453e-02,4.395060381516e-01,-9.079501337290e+00,-1.691786736396e-02,4.409940108956e-01,-1.471204438946e+01,3.381128840575e-03,1.487972743993e-03,-5.632543052175e+00
"                1104",-2.553349976998e-02,4.776738142373e-01,-9.076744041288e+00,-2.219848935662e-02,4.791937283976e-01,-1.470946581241e+01,3.335010413353e-03,1.519914160275e-03,-5.632721771118e+00
"                1105",-3.117321429983e-02,5.159051571509e-01,-9.074353204541e+00,-2.787298529169e-02,5.174357880159e-01,-1.470722626041e+01,3.300229008133e-03,1.530630864982e-03,-5.632873055871e+00
"                1106",-3.279383715270e-02,5.513522494917e-01,-9.072975347306e+00,-2.951586303029e-02,5.528892360367e-01,-1.470593465874e+01,3.277974122405e-03,1.536986545035e-03,-5.632959311438e+00
"                1107",-3.184412498530e-02,5.831456045045e-01,-9.073016217810e+00,-2.857695906054e-02,5.846821456672e-01,-1.470597417732e+01,3.267165924760e-03,1.536541162643e-03,-5.632957959514e+00
"                1108",-3.021023641108e-02,6.105053330756e-01,-9.074100231536e+00,-2.694276718046e-02,6.120332309823e-01,-1.470698055653e+01,3.267469230623e-03,1.527897906695e-03,-5.632880324993e+00
"                1109",-2.887532951402e-02,6.325532759711e-01,-9.076101505437e+00,-2.558610155804e-02,6.340582448963e-01,-1.470885438310e+01,3.289227955981e-03,1.504968925168e-03,-5.632752877663e+00
"                1110",-2.723510792455e-02,6.477368221357e-01,-9.078172307252e+00,-2.389895734642e-02,6.492098561614e-01,-1.471077621295e+01,3.336150578133e-03,1.473034025710e-03,-5.632603905702e+00
"                1111",-2.670719169421e-02,6.543380527857e-01,-9.079304134013e+00,-2.331409776472e-02,6.557760273320e-01,-1.471178044437e+01,3.393093929497e-03,1.437974546264e-03,-5.632476310352e+00
"                1112",-2.865267161138e-02,6.534530048796e-01,-9.080452734034e+00,-2.520736738482e-02,6.548450956178e-01,-1.471285296809e+01,3.445304226561e-03,1.392090738140e-03,-5.632400234052e+00
"                1113",-3.031150107293e-02,6.479882611168e-01,-9.081656946465e+00,-2.682868602296e-02,6.493202905000e-01,-1.471403300254e+01,3.482815049971e-03,1.332029383207e-03,-5.632376056074e+00
"                1114",-3.191979619015e-02,6.390265676545e-01,-9.083465000978e+00,-2.842475436681e-02,6.402872720697e-01,-1.471587069114e+01,3.495041823343e-03,1.260704415264e-03,-5.632405690159e+00
"                1115",-3.208067814489e-02,6.246023275546e-01,-9.084876110568e+00,-2.860322425546e-02,6.257894221120e-01,-1.471736501700e+01,3.477453889432e-03,1.187094557409e-03,-5.632488906432e+00
"                1116",-3.216309550979e-02,5.999133958366e-01,-9.085279940605e+00,-2.873074437503e-02,6.010423831192e-01,-1.471786896492e+01,3.432351134760e-03,1.128987282523e-03,-5.632589024316e+00
"                1117",-3.403236711955e-02,5.665948452514e-01,-9.083814429788e+00,-3.064730856420e-02,5.676782210018e-01,-1.471652257062e+01,3.385058555348e-03,1.083375750395e-03,-5.632708140837e+00
"                1118",-3.817855287556e-02,5.293800984919e-01,-9.081305486325e+00,-3.483055290944e-02,5.304335214938e-01,-1.471413486683e+01,3.347999966119e-03,1.053423001903e-03,-5.632829380508e+00
"                1119",-4.164437896179e-02,4.910611103066e-01,-9.078862398710e+00,-3.832265162124e-02,4.920973391595e-01,-1.471177012663e+01,3.321727340549e-03,1.036228852896e-03,-5.632907727921e+00
"                1120",-4.070507155458e-02,4.544964146405e-01,-9.076885689371e+00,-3.739973041444e-02,4.555156254742e-01,-1.470979783720e+01,3.305341140141e-03,1.019210833619e-03,-5.632912147828e+00
"                1121",-3.684599413563e-02,4.202693875104e-01,-9.075794879614e+00,-3.354768404231e-02,4.212778303066e-01,-1.470862681582e+01,3.298310093317e-03,1.008442796205e-03,-5.632831936210e+00
"                1122",-3.224482920038e-02,3.904005499534e-01,-9.075710523974e+00,-2.894622293347e-02,3.914090394549e-01,-1.470839719165e+01,3.298606266908e-03,1.008489501494e-03,-5.632686667677e+00
"                1123",-2.841382388144e-02,3.670694814187e-01,-9.076638474424e+00,-2.509316174750e-02,3.680967948294e-01,-1.470914227228e+01,3.320662133932e-03,1.027313410656e-03,-5.632503797860e+00
"                1124",-2.505754843168e-02,3.526132330568e-01,-9.077621181142e+00,-2.169575214847e-02,3.536742657147e-01,-1.470994054120e+01,3.361796283202e-03,1.061032657815e-03,-5.632319360061e+00
"                1125",-2.237190470132e-02,3.480396709319e-01,-9.077986975565e+00,-1.896486471309e-02,3.491453663255e-01,-1.471016443590e+01,3.407039988221e-03,1.105695393656e-03,-5.632177460333e+00
"                1126",-2.142305307939e-02,3.527332857526e-01,-9.078458020374e+00,-1.798040456251e-02,3.538959205292e-01,-1.471056316505e+01,3.442648516875e-03,1.162634776598e-03,-5.632105144673e+00
"                1127",-2.057956043544e-02,3.629678711210e-01,-9.078890046296e+00,-1.711898606246e-02,3.641984648188e-01,-1.471098611589e+01,3.460574372981e-03,1.230593697721e-03,-5.632096069596e+00
"                1128",-2.078064204477e-02,3.762433909986e-01,-9.079720542838e+00,-1.732905332475e-02,3.775530842212e-01,-1.471187243577e+01,3.451588720025e-03,1.309693222513e-03,-5.632151892934e+00
"                1129",-1.986422034403e-02,3.948732321771e-01,-9.080092564193e+00,-1.644926021084e-02,3.962538013457e-01,-1.471235731251e+01,3.414960133191e-03,1.380569168591e-03,-5.632264748318e+00
"                1130",-2.142626980589e-02,4.224032786641e-01,-9.079901570981e+00,-1.806927302293e-02,4.238360752700e-01,-1.471230552193e+01,3.356996782954e-03,1.432796605886e-03,-5.632403950949e+00
"                1131",-2.624458878046e-02,4.557203602280e-01,-9.078328334156e+00,-2.294130953025e-02,4.571851337177e-01,-1.471090022425e+01,3.303279250207e-03,1.464773489696e-03,-5.632571890095e+00
"                1132",-3.275717140329e-02,4.915567660972e-01,-9.075938985205e+00,-2.949619752278e-02,4.930364156897e-01,-1.470867840450e+01,3.260973880508e-03,1.479649592511e-03,-5.632739419296e+00
"                1133",-3.748346667783e-02,5.272105360245e-01,-9.073701554737e+00,-3.425355390035e-02,5.286958379780e-01,-1.470657044315e+01,3.229912777473e-03,1.485301953494e-03,-5.632868888411e+00
"                1134",-3.818991958323e-02,5.612875315799e-01,-9.072310790928e+00,-3.497865794192e-02,5.627813433471e-01,-1.470523805186e+01,3.211261641316e-03,1.493811767184e-03,-5.632927260933e+00
"                1135",-3.682799675667e-02,5.928456765808e-01,-9.072358095317e+00,-3.362381217790e-02,5.943468434336e-01,-1.470525586935e+01,3.204184578775e-03,1.501166852839e-03,-5.632897774029e+00
"                1136",-3.555362436666e-02,6.207221823936e-01,-9.073770891666e+00,-3.234398234998e-02,6.222244633339e-01,-1.470656945782e+01,3.209642016675e-03,1.502280940328e-03,-5.632798566158e+00
"                1137",-3.404193335140e-02,6.432754980188e-01,-9.076160932680e+00,-3.080140841110e-02,6.447638683789e-01,-1.470881866777e+01,3.240524940299e-03,1.488370360063e-03,-5.632657735093e+00
"                1138",-3.314366917095e-02,6.583648743450e-01,-9.078355925038e+00,-2.984915255327e-02,6.598260250733e-01,-1.471086353274e+01,3.294516617683e-03,1.461150728316e-03,-5.632507607699e+00
"                1139",-3.353386646586e-02,6.638446770062e-01,-9.079626331828e+00,-3.018000953162e-02,6.652709427847e-01,-1.471201419877e+01,3.353856934239e-03,1.426265778511e-03,-5.632387866938e+00
"                1140",-3.510744274226e-02,6.618144898125e-01,-9.080670128617e+00,-3.170408702834e-02,6.631818721732e-01,-1.471299456844e+01,3.403355713918e-03,1.367382360670e-03,-5.632324439821e+00
"                1141",-3.503851817570e-02,6.551265227718e-01,-9.081702609570e+00,-3.160374444897e-02,6.564184265347e-01,-1.471401319505e+01,3.434773726729e-03,1.291903762892e-03,-5.632310585475e+00
"                1142",-3.572047007597e-02,6.443579457727e-01,-9.083452402561e+00,-3.228139476153e-02,6.455606083375e-01,-1.471580392398e+01,3.439075314446e-03,1.202662564848e-03,-5.632351521420e+00
"                1143",-3.489500038350e-02,6.259680498524e-01,-9.084537426022e+00,-3.148218870434e-02,6.270890990123e-01,-1.471697479997e+01,3.412811679158e-03,1.121049159867e-03,-5.632437373951e+00
"                1144",-3.646536145123e-02,5.969102742797e-01,-9.084610503889e+00,-3.310271620512e-02,5.979644839209e-01,-1.471714900522e+01,3.362645246116e-03,1.054209641264e-03,-5.632538501332e+00
"                1145",-4.084566423444e-02,5.613846591617e-01,-9.082923780340e+00,-3.752801323953e-02,5.623959302091e-01,-1.471558351549e+01,3.317650994908e-03,1.011271047463e-03,-5.632659735150e+00
"                1146",-4.536197530931e-02,5.234133322672e-01,-9.080331944743e+00,-4.207836376596e-02,5.244010373649e-01,-1.471310321629e+01,3.283611543344e-03,9.877050977504e-04,-5.632771271552e+00
"                1147",-4.690865648018e-02,4.862954238120e-01,-9.077869775072e+00,-4.364897135369e-02,4.872755247580e-01,-1.471070033668e+01,3.259685126489e-03,9.801009459291e-04,-5.632830561612e+00
"                1148",-4.446267085049e-02,4.517056058966e-01,-9.076047891693e+00,-4.121658807670e-02,4.526815223816e-01,-1.470886256280e+01,3.246082773788e-03,9.759164850536e-04,-5.632814671102e+00
"                1149",-4.018543931520e-02,4.205452040667e-01,-9.075295425825e+00,-3.694523517711e-02,4.215225578824e-01,-1.470801504749e+01,3.240204138085e-03,9.773538157433e-04,-5.632719621670e+00
"                1150",-3.639605979063e-02,3.942234544146e-01,-9.075583978808e+00,-3.315066057078e-02,3.952128480758e-01,-1.470815252119e+01,3.245399219854e-03,9.893936612152e-04,-5.632568542380e+00
"                1151",-3.223678017065e-02,3.740137368564e-01,-9.076582527598e+00,-2.896292648724e-02,3.750257775490e-01,-1.470897137901e+01,3.273853683411e-03,1.012040692579e-03,-5.632388851417e+00
"                1152",-2.834987370466e-02,3.618447848731e-01,-9.077372423319e+00,-2.503112886684e-02,3.628852758817e-01,-1.470959441491e+01,3.318744837815e-03,1.040491008601e-03,-5.632221991587e+00
"                1153",-2.488315297529e-02,3.593760760898e-01,-9.077746263649e+00,-2.152028055023e-02,3.604499948987e-01,-1.470985110440e+01,3.362872425066e-03,1.073918808852e-03,-5.632104840750e+00
"                1154",-2.296239033953e-02,3.645090298702e-01,-9.078117787587e+00,-1.956704390387e-02,3.656308239426e-01,-1.471017197266e+01,3.395346435660e-03,1.121794072410e-03,-5.632054185074e+00
"                1155",-2.236816283414e-02,3.729964403318e-01,-9.078492663960e+00,-1.896266421046e-02,3.741803935739e-01,-1.471055852600e+01,3.405498623680e-03,1.183953242052e-03,-5.632065862042e+00
"                1156",-2.456829560072e-02,3.851691400452e-01,-9.079411425055e+00,-2.118062995757e-02,3.864233621731e-01,-1.471155156378e+01,3.387665643144e-03,1.254222127886e-03,-5.632140138723e+00
"                1157",-2.502743113988e-02,4.053423591872e-01,-9.079595990081e+00,-2.168534912504e-02,4.066576282005e-01,-1.471185479518e+01,3.342082014834e-03,1.315269013274e-03,-5.632258805102e+00
"                1158",-2.750772266467e-02,4.357036707771e-01,-9.078933227856e+00,-2.422599802190e-02,4.370720469231e-01,-1.471133631533e+01,3.281724642768e-03,1.368376145946e-03,-5.632403087469e+00
"                1159",-3.300836447943e-02,4.710172636118e-01,-9.076946476076e+00,-2.977941748647e-02,4.724218434330e-01,-1.470951966124e+01,3.228946992961e-03,1.404579821204e-03,-5.632573185160e+00
"                1160",-3.934568482310e-02,5.083971325328e-01,-9.074563294196e+00,-3.615490303370e-02,5.098254078816e-01,-1.470729560870e+01,3.190781789403e-03,1.428275348795e-03,-5.632732314509e+00
"                1161",-4.326014186333e-02,5.445270909668e-01,-9.072698278876e+00,-4.009368687460e-02,5.459737019166e-01,-1.470553865357e+01,3.166454988730e-03,1.446610949788e-03,-5.632840374698e+00
"                1162",-4.354349046230e-02,5.784492485492e-01,-9.071923871581e+00,-4.038914679959e-02,5.799132171970e-01,-1.470479409095e+01,3.154343662705e-03,1.463968647821e-03,-5.632870219364e+00
"                1163",-4.197007072159e-02,6.093350898948e-01,-9.072346826460e+00,-3.881790465916e-02,6.108081519880e-01,-1.470516522734e+01,3.152166062434e-03,1.473062093219e-03,-5.632818400879e+00
"                1164",-4.014802930482e-02,6.354828820859e-01,-9.073952056392e+00,-3.698214308403e-02,6.369468048679e-01,-1.470665568718e+01,3.165886220782e-03,1.463922782079e-03,-5.632703630791e+00
"                1165",-3.723894257388e-02,6.552225019823e-01,-9.076221437402e+00,-3.403298052501e-02,6.566580622335e-01,-1.470877413233e+01,3.205962048869e-03,1.435560251219e-03,-5.632552694930e+00
"                1166",-3.544988500772e-02,6.670760646440e-01,-9.078028688638e+00,-3.218532100897e-02,6.684705155030e-01,-1.471043471442e+01,3.264563998754e-03,1.394450859069e-03,-5.632406025778e+00
"                1167",-3.589642503661e-02,6.703471603471e-01,-9.079481124342e+00,-3.257209548613e-02,6.716876444070e-01,-1.471178031089e+01,3.324329550485e-03,1.340484059952e-03,-5.632299186545e+00
"                1168",-3.751050989263e-02,6.666077674180e-01,-9.080829943306e+00,-3.413892504195e-02,6.678790290121e-01,-1.471307708725e+01,3.371584850680e-03,1.271261594061e-03,-5.632247143947e+00
"                1169",-3.844827438422e-02,6.584887269733e-01,-9.082107526048e+00,-3.505357084542e-02,6.596792635413e-01,-1.471435318016e+01,3.394703538807e-03,1.190536568004e-03,-5.632245654115e+00
"                1170",-3.991838509168e-02,6.460862141143e-01,-9.083650231827e+00,-3.652959377806e-02,6.471923848164e-01,-1.471595060304e+01,3.388791313626e-03,1.106170702042e-03,-5.632300371217e+00
"                1171",-3.922112462902e-02,6.251072347249e-01,-9.084260450485e+00,-3.586817184465e-02,6.261457935669e-01,-1.471664802683e+01,3.352952784371e-03,1.038558841942e-03,-5.632387576343e+00
"                1172",-4.069625424157e-02,5.942746956939e-01,-9.083590744492e+00,-3.739350714094e-02,5.952608915997e-01,-1.471608246400e+01,3.302747100623e-03,9.861959057734e-04,-5.632491719506e+00
"                1173",-4.557412695604e-02,5.587772194636e-01,-9.081468284114e+00,-4.231382881460e-02,5.597380596177e-01,-1.471408395016e+01,3.260298141440e-03,9.608401541181e-04,-5.632615666042e+00
"                1174",-5.054503453331e-02,5.216323740879e-01,-9.079004353023e+00,-4.731528011573e-02,5.225840783033e-01,-1.471172591304e+01,3.229754417581e-03,9.517042154170e-04,-5.632721560022e+00
"                1175",-5.064926321847e-02,4.859353198326e-01,-9.076784092627e+00,-4.743809587378e-02,4.868813344628e-01,-1.470955166071e+01,3.211167344696e-03,9.460146302212e-04,-5.632767568086e+00
"                1176",-4.648682099162e-02,4.520819377782e-01,-9.075357720396e+00,-4.328508831472e-02,4.530197717839e-01,-1.470809370200e+01,3.201732676896e-03,9.378340056745e-04,-5.632735981603e+00
"                1177",-4.019551822412e-02,4.213441193586e-01,-9.074832242301e+00,-3.699805201308e-02,4.222738072118e-01,-1.470746393522e+01,3.197466211040e-03,9.296878532079e-04,-5.632631692919e+00
"                1178",-3.511034229155e-02,3.960350324753e-01,-9.075360273038e+00,-3.190296239118e-02,3.969669068501e-01,-1.470783751643e+01,3.207379900363e-03,9.318743748288e-04,-5.632477243388e+00
"                1179",-3.074317626147e-02,3.774775552773e-01,-9.076298963554e+00,-2.750344438169e-02,3.784224892086e-01,-1.470859992446e+01,3.239731879779e-03,9.449339312490e-04,-5.632300960903e+00
"                1180",-2.765282574242e-02,3.675997849707e-01,-9.076885290033e+00,-2.436945719765e-02,3.685658304049e-01,-1.470903433738e+01,3.283368544775e-03,9.660454342482e-04,-5.632149047350e+00
"                1181",-2.609738300637e-02,3.674100241327e-01,-9.077383495819e+00,-2.277521455981e-02,3.684087651686e-01,-1.470943856636e+01,3.322168446560e-03,9.987410358587e-04,-5.632055070537e+00
"                1182",-2.552753566715e-02,3.734808407279e-01,-9.077773952501e+00,-2.218010567115e-02,3.745337631621e-01,-1.470979982073e+01,3.347429996007e-03,1.052922434139e-03,-5.632025868230e+00
"                1183",-2.562165869261e-02,3.837375662288e-01,-9.078197238998e+00,-2.227288491948e-02,3.848607645685e-01,-1.471025205056e+01,3.348773773134e-03,1.123198339655e-03,-5.632054811561e+00
"                1184",-2.717208268524e-02,3.978608012820e-01,-9.078803763779e+00,-2.384909683869e-02,3.990655902687e-01,-1.471094913656e+01,3.322985846550e-03,1.204788986654e-03,-5.632145372780e+00
"                1185",-2.850032834127e-02,4.207598959403e-01,-9.078718508935e+00,-2.522812542290e-02,4.220319999085e-01,-1.471098432171e+01,3.272202918369e-03,1.272103968213e-03,-5.632265812780e+00
"                1186",-3.225448079263e-02,4.525200102119e-01,-9.077609415811e+00,-2.903910254196e-02,4.538479376695e-01,-1.471002270700e+01,3.215378250666e-03,1.327927457557e-03,-5.632413291192e+00
"                1187",-3.816751870878e-02,4.881769504395e-01,-9.075547636017e+00,-3.499858277902e-02,4.895383525183e-01,-1.470812743246e+01,3.168935929753e-03,1.361402078717e-03,-5.632579796439e+00
"                1188",-4.406493984035e-02,5.253494679675e-01,-9.073496155422e+00,-4.093003444434e-02,5.267257988332e-01,-1.470622046685e+01,3.134905396017e-03,1.376330865729e-03,-5.632724311426e+00
"                1189",-4.561707563204e-02,5.610273688532e-01,-9.071984998076e+00,-4.250259302307e-02,5.624144670304e-01,-1.470479320122e+01,3.114482608966e-03,1.387098177141e-03,-5.632808203148e+00
"                1190",-4.414384470905e-02,5.943388639633e-01,-9.071469859294e+00,-4.103809107921e-02,5.957300804031e-01,-1.470427884808e+01,3.105753629845e-03,1.391216439848e-03,-5.632808988785e+00
"                1191",-4.161850801265e-02,6.241573635737e-01,-9.072048705671e+00,-3.851098194060e-02,6.255413245892e-01,-1.470478000021e+01,3.107526072050e-03,1.383961015463e-03,-5.632731294536e+00
"                1192",-3.991878025866e-02,6.486238948525e-01,-9.073903868307e+00,-3.679037864056e-02,6.499809758788e-01,-1.470650275975e+01,3.128401618099e-03,1.357081026249e-03,-5.632598891439e+00
"                1193",-3.843234367028e-02,6.659568501515e-01,-9.076184763004e+00,-3.525784057700e-02,6.672748816957e-01,-1.470862404532e+01,3.174503093284e-03,1.318031544130e-03,-5.632439282318e+00
"                1194",-3.797744215083e-02,6.747268309173e-01,-9.077843629700e+00,-3.474550104838e-02,6.760008943499e-01,-1.471014064957e+01,3.231941102453e-03,1.274063432606e-03,-5.632297019874e+00
"                1195",-3.906322875696e-02,6.748381166404e-01,-9.079342952968e+00,-3.577676071391e-02,6.760610943958e-01,-1.471154527556e+01,3.286468043051e-03,1.222977755377e-03,-5.632202322589e+00
"                1196",-4.000994928253e-02,6.690259203214e-01,-9.080618707414e+00,-3.668274612043e-02,6.701845996629e-01,-1.471277857436e+01,3.327203162104e-03,1.158679341511e-03,-5.632159866949e+00
"                1197",-4.108717620142e-02,6.601731654755e-01,-9.082059048415e+00,-3.774421555512e-02,6.612563594696e-01,-1.471422845336e+01,3.342960646291e-03,1.083193994167e-03,-5.632169404945e+00
"                1198",-4.189289934786e-02,6.467746681773e-01,-9.083266265987e+00,-3.856309350704e-02,6.477820095834e-01,-1.471550092068e+01,3.329805840821e-03,1.007341406076e-03,-5.632234654695e+00
"                1199",-4.224590516861e-02,6.238193954869e-01,-9.083537289334e+00,-3.895617078553e-02,6.247696954085e-01,-1.471585969250e+01,3.289734383085e-03,9.502999216452e-04,-5.632322403166e+00
"                1200",-4.400191139268e-02,5.920529305342e-01,-9.082279304734e+00,-4.075774820073e-02,5.929576812277e-01,-1.471471431686e+01,3.244163191952e-03,9.047506934285e-04,-5.632435012125e+00
"                1201",-4.735758937926e-02,5.566987900963e-01,-9.080006019110e+00,-4.415058383109e-02,5.575761436890e-01,-1.471256777131e+01,3.207005548166e-03,8.773535927257e-04,-5.632561752198e+00
"                1202",-4.992471251870e-02,5.203484179040e-01,-9.077635063094e+00,-4.674576603071e-02,5.212100152148e-01,-1.471029241252e+01,3.178946487991e-03,8.615973108533e-04,-5.632657349430e+00
"                1203",-4.839826446022e-02,4.856516681697e-01,-9.075389384797e+00,-4.523807684780e-02,4.864945010748e-01,-1.470807645269e+01,3.160187612421e-03,8.428329051192e-04,-5.632687067890e+00
"                1204",-4.384438870699e-02,4.529693818849e-01,-9.073951158537e+00,-4.069493043423e-02,4.537925153750e-01,-1.470658790461e+01,3.149458272755e-03,8.231334901270e-04,-5.632636746072e+00
"                1205",-3.837466305438e-02,4.234804807795e-01,-9.073897782225e+00,-3.523061965138e-02,4.242906171478e-01,-1.470641898867e+01,3.144043403007e-03,8.101363682933e-04,-5.632521206448e+00
"                1206",-3.418661297525e-02,3.991240422933e-01,-9.075009462488e+00,-3.102834853880e-02,3.999378776816e-01,-1.470737429810e+01,3.158264436444e-03,8.138353882995e-04,-5.632364835617e+00
"                1207",-3.043779106770e-02,3.821012760519e-01,-9.076141250778e+00,-2.724409762056e-02,3.829342316398e-01,-1.470833980084e+01,3.193693447133e-03,8.329555879892e-04,-5.632198550067e+00
"                1208",-2.750310663933e-02,3.742437576832e-01,-9.076355815075e+00,-2.426710612103e-02,3.751102020417e-01,-1.470842332370e+01,3.236000518298e-03,8.664443585228e-04,-5.632067508625e+00
"                1209",-2.682873458824e-02,3.752131879638e-01,-9.076369954495e+00,-2.355793392637e-02,3.761329320947e-01,-1.470836807874e+01,3.270800661866e-03,9.197441308998e-04,-5.631998124249e+00
"                1210",-2.693657611897e-02,3.818472776452e-01,-9.076470992639e+00,-2.364564765961e-02,3.828386959344e-01,-1.470845726621e+01,3.290928459357e-03,9.914182891691e-04,-5.631986273572e+00
"                1211",-2.810766664760e-02,3.931868915861e-01,-9.077387231827e+00,-2.482071873085e-02,3.942626204418e-01,-1.470942042091e+01,3.286947916750e-03,1.075728855718e-03,-5.632033189084e+00
"                1212",-2.828511609655e-02,4.109951429584e-01,-9.078150566067e+00,-2.502847679483e-02,4.121510117722e-01,-1.471028748588e+01,3.256639301725e-03,1.155868813747e-03,-5.632136919816e+00
"                1213",-2.952540559301e-02,4.384736748562e-01,-9.078240024004e+00,-2.632170117120e-02,4.396901777822e-01,-1.471050506998e+01,3.203704421801e-03,1.216502926041e-03,-5.632265045975e+00
"                1214",-3.312337695078e-02,4.725103509449e-01,-9.076739190966e+00,-2.997116220894e-02,4.737667544788e-01,-1.470915995448e+01,3.152214741841e-03,1.256403533894e-03,-5.632420763515e+00
"                1215",-3.821168682018e-02,5.090293600057e-01,-9.074270040763e+00,-3.510042541439e-02,5.103030405082e-01,-1.470684986329e+01,3.111261405785e-03,1.273680502582e-03,-5.632579822524e+00
"                1216",-4.318727010636e-02,5.451827341114e-01,-9.072175043047e+00,-4.010673070346e-02,5.464564521213e-01,-1.470487995394e+01,3.080539402896e-03,1.273718009936e-03,-5.632704910897e+00
"                1217",-4.553830959310e-02,5.789169363312e-01,-9.071126749066e+00,-4.247718231783e-02,5.801902251453e-01,-1.470388900125e+01,3.061127275273e-03,1.273288814141e-03,-5.632762252181e+00
"                1218",-4.494182141963e-02,6.095869285274e-01,-9.071316178717e+00,-4.188875057699e-02,6.108548452060e-01,-1.470405226705e+01,3.053070842638e-03,1.267916678619e-03,-5.632736088331e+00
"                1219",-4.298792052964e-02,6.362916465216e-01,-9.072476096170e+00,-3.993144526689e-02,6.375475600729e-01,-1.470511515555e+01,3.056475262753e-03,1.255913551239e-03,-5.632639059376e+00
"                1220",-4.071660211031e-02,6.578179774266e-01,-9.074288644729e+00,-3.763285329136e-02,6.590487653634e-01,-1.470678449634e+01,3.083748818947e-03,1.230787936794e-03,-5.632495851615e+00
"                1221",-3.903645742102e-02,6.722985985851e-01,-9.075801332997e+00,-3.590085863361e-02,6.734991160052e-01,-1.470813597965e+01,3.135598787410e-03,1.200517420064e-03,-5.632334646651e+00
"                1222",-3.900174085848e-02,6.792055123546e-01,-9.076989278741e+00,-3.580651085263e-02,6.803723532900e-01,-1.470918830849e+01,3.195230005850e-03,1.166840935390e-03,-5.632199029747e+00
"                1223",-4.070800384267e-02,6.796893777861e-01,-9.078742731033e+00,-3.746076382056e-02,6.808087652711e-01,-1.471085957259e+01,3.247240022105e-03,1.119387484939e-03,-5.632116841556e+00
"                1224",-4.097972272916e-02,6.748488302308e-01,-9.080288424287e+00,-3.769753402068e-02,6.759064135553e-01,-1.471237270303e+01,3.282188708487e-03,1.057583324519e-03,-5.632084278743e+00
"                1225",-4.107566049194e-02,6.663721998104e-01,-9.082033670084e+00,-3.778411004084e-02,6.673495462653e-01,-1.471414259678e+01,3.291550451102e-03,9.773464548482e-04,-5.632108926700e+00
"                1226",-3.943198342162e-02,6.512365917506e-01,-9.082700753781e+00,-3.616047227749e-02,6.521329141630e-01,-1.471488615749e+01,3.271511144130e-03,8.963224123680e-04,-5.632185403713e+00
"                1227",-3.939704560099e-02,6.258449512594e-01,-9.082266119704e+00,-3.617110267638e-02,6.266721487522e-01,-1.471454648123e+01,3.225942924611e-03,8.271974928480e-04,-5.632280361523e+00
"                1228",-4.216616314673e-02,5.928459412259e-01,-9.080313919634e+00,-3.898518928247e-02,5.936206320899e-01,-1.471271426512e+01,3.180973864266e-03,7.746908639971e-04,-5.632400345481e+00
"                1229",-4.612474488115e-02,5.559098200703e-01,-9.077968567268e+00,-4.298007165367e-02,5.566487041337e-01,-1.471048884606e+01,3.144673227488e-03,7.388840634645e-04,-5.632520278794e+00
"                1230",-4.842592872055e-02,5.181396842258e-01,-9.075875108314e+00,-4.530963658115e-02,5.188566033626e-01,-1.470847511318e+01,3.116292139395e-03,7.169191367822e-04,-5.632600004868e+00
"                1231",-4.641064854704e-02,4.822120781033e-01,-9.074254706376e+00,-4.331394968065e-02,4.829104131446e-01,-1.470686602221e+01,3.096698866388e-03,6.983350412468e-04,-5.632611315833e+00
"                1232",-4.132951692256e-02,4.493996850920e-01,-9.073412578827e+00,-3.824481948207e-02,4.500881607040e-01,-1.470595878594e+01,3.084697440485e-03,6.884756119614e-04,-5.632546207114e+00
"                1233",-3.634196125756e-02,4.213877674569e-01,-9.073278934313e+00,-3.325925999758e-02,4.220818667222e-01,-1.470570030963e+01,3.082701259985e-03,6.940992652615e-04,-5.632421375314e+00
"                1234",-3.200480352405e-02,3.996827590286e-01,-9.073934341451e+00,-2.890008543552e-02,4.004013192687e-01,-1.470619533681e+01,3.104718088526e-03,7.185602401086e-04,-5.632260995356e+00
"                1235",-2.895292251176e-02,3.864791856743e-01,-9.074825886004e+00,-2.580701645195e-02,3.872366055936e-01,-1.470692797522e+01,3.145906059814e-03,7.574199192924e-04,-5.632102089217e+00
"                1236",-2.665081214653e-02,3.834597001429e-01,-9.075476281218e+00,-2.346062347190e-02,3.842607349816e-01,-1.470746277450e+01,3.190188674632e-03,8.010348386977e-04,-5.631986493279e+00
"                1237",-2.563817561651e-02,3.883028297150e-01,-9.076109109005e+00,-2.241369028765e-02,3.891615128000e-01,-1.470804423064e+01,3.224485328858e-03,8.586830850196e-04,-5.631935121639e+00
"                1238",-2.450542331181e-02,3.977199932765e-01,-9.076419099077e+00,-2.126607933594e-02,3.986441307742e-01,-1.470836036708e+01,3.239343975869e-03,9.241374977316e-04,-5.631941268003e+00
"                1239",-2.507099700821e-02,4.102257642153e-01,-9.076935011135e+00,-2.184306816653e-02,4.112224331986e-01,-1.470893963538e+01,3.227928841689e-03,9.966689833314e-04,-5.632004624243e+00
"                1240",-2.448461437004e-02,4.290095533405e-01,-9.076879978497e+00,-2.129569111445e-02,4.300641915742e-01,-1.470899227585e+01,3.188923255589e-03,1.054638233718e-03,-5.632112297354e+00
"                1241",-2.707626898624e-02,4.565592152996e-01,-9.076659639416e+00,-2.394472415640e-02,4.576570310971e-01,-1.470890154708e+01,3.131544829836e-03,1.097815797450e-03,-5.632241907662e+00
"                1242",-3.320497455908e-02,4.889207954357e-01,-9.075317522991e+00,-3.012504910211e-02,4.900432419606e-01,-1.470771614598e+01,3.079925456976e-03,1.122446524950e-03,-5.632398622988e+00
"                1243",-3.943976630919e-02,5.238739895075e-01,-9.073338775754e+00,-3.639966784852e-02,5.250090545530e-01,-1.470588768548e+01,3.040098460666e-03,1.135065045527e-03,-5.632548909724e+00
"                1244",-4.366951988342e-02,5.583956277668e-01,-9.071564710957e+00,-4.065823734262e-02,5.595392485558e-01,-1.470421958068e+01,3.011282540799e-03,1.143620789012e-03,-5.632654869723e+00
"                1245",-4.483733869642e-02,5.912674547509e-01,-9.070506364062e+00,-4.184272535549e-02,5.924241907457e-01,-1.470319506390e+01,2.994613340939e-03,1.156735994801e-03,-5.632688699838e+00
"                1246",-4.371205523344e-02,6.215704365088e-01,-9.070572394571e+00,-4.072256253573e-02,6.227369219998e-01,-1.470321239693e+01,2.989492697710e-03,1.166485490986e-03,-5.632640002356e+00
"                1247",-4.225128665823e-02,6.482382866910e-01,-9.071973872252e+00,-3.925187872396e-02,6.494018837167e-01,-1.470449892412e+01,2.999407934270e-03,1.163597025751e-03,-5.632525051869e+00
"                1248",-3.969508611476e-02,6.695563898807e-01,-9.074083967142e+00,-3.665943397906e-02,6.707006787897e-01,-1.470645529536e+01,3.035652135697e-03,1.144288908954e-03,-5.632371328216e+00
"                1249",-3.748930158170e-02,6.835392882565e-01,-9.075765455782e+00,-3.439560750385e-02,6.846509486869e-01,-1.470797978239e+01,3.093694077849e-03,1.111660430353e-03,-5.632214326607e+00
"                1250",-3.651458891068e-02,6.892438260870e-01,-9.077091619109e+00,-3.336009707564e-02,6.903089050081e-01,-1.470918496208e+01,3.154491835038e-03,1.065078921097e-03,-5.632093342974e+00
"                1251",-3.649298872975e-02,6.876277459653e-01,-9.078397449334e+00,-3.328971300634e-02,6.886262576442e-01,-1.471042337217e+01,3.203275723409e-03,9.985116789051e-04,-5.632025922836e+00
"                1252",-3.581642592829e-02,6.807160914950e-01,-9.079436426342e+00,-3.258632933076e-02,6.816328844555e-01,-1.471144458493e+01,3.230096597529e-03,9.167929605567e-04,-5.632008158591e+00
"                1253",-3.653504470395e-02,6.690045130964e-01,-9.080795051025e+00,-3.330616685698e-02,6.698269193113e-01,-1.471284192610e+01,3.228877846969e-03,8.224062149329e-04,-5.632046875078e+00
"                1254",-3.554375142332e-02,6.488850661769e-01,-9.081296401122e+00,-3.234657136785e-02,6.496239189491e-01,-1.471342480454e+01,3.197180055470e-03,7.388527722035e-04,-5.632128403421e+00
"                1255",-3.664904595627e-02,6.187131024005e-01,-9.080761678406e+00,-3.350391697062e-02,6.193842952590e-01,-1.471299262694e+01,3.145128985652e-03,6.711928584985e-04,-5.632230948538e+00
"                1256",-4.061951417745e-02,5.835259848058e-01,-9.078797714203e+00,-3.752140107865e-02,5.841592337164e-01,-1.471115781944e+01,3.098113098796e-03,6.332489106790e-04,-5.632360105236e+00
"                1257",-4.489633868906e-02,5.465956270145e-01,-9.076144785081e+00,-4.183494590125e-02,5.472122301053e-01,-1.470862401067e+01,3.061392787806e-03,6.166030907367e-04,-5.632479225588e+00
"                1258",-4.523499344862e-02,5.113721524305e-01,-9.073539888320e+00,-4.219942081718e-02,5.119830249648e-01,-1.470608620360e+01,3.035572631437e-03,6.108725343384e-04,-5.632546315282e+00
"                1259",-4.198895479345e-02,4.786663849765e-01,-9.071980526244e+00,-3.896929331307e-02,4.792748616013e-01,-1.470451963927e+01,3.019661480381e-03,6.084766247900e-04,-5.632539113029e+00
"                1260",-3.683685883951e-02,4.491192800209e-01,-9.071855255301e+00,-3.382618014014e-02,4.497288334528e-01,-1.470431385605e+01,3.010678699363e-03,6.095534318604e-04,-5.632458600752e+00
"                1261",-3.210970356520e-02,4.241608059903e-01,-9.072888755063e+00,-2.909329360174e-02,4.247818601895e-01,-1.470521324186e+01,3.016409963462e-03,6.210541991819e-04,-5.632324486800e+00
"                1262",-2.712059401793e-02,4.054544210765e-01,-9.074032277163e+00,-2.407462704842e-02,4.060958986922e-01,-1.470619528400e+01,3.045966969510e-03,6.414776157110e-04,-5.632163006838e+00
"                1263",-2.311110475250e-02,3.948522542838e-01,-9.074328462086e+00,-2.002058052813e-02,3.955202798171e-01,-1.470634541092e+01,3.090524224374e-03,6.680255333150e-04,-5.632016948837e+00
"                1264",-2.016522102053e-02,3.945135979551e-01,-9.074349609290e+00,-1.703259108344e-02,3.952085928270e-01,-1.470626756975e+01,3.132629937097e-03,6.949948718580e-04,-5.631917960458e+00
"                1265",-1.917316699456e-02,3.992084335850e-01,-9.074683152006e+00,-1.601107540554e-02,3.999493150481e-01,-1.470656135277e+01,3.162091589019e-03,7.408814630994e-04,-5.631878200766e+00
"                1266",-1.961148959657e-02,4.070029772996e-01,-9.075495878189e+00,-1.644378586378e-02,4.078018565894e-01,-1.470739024259e+01,3.167703732792e-03,7.988792898707e-04,-5.631894364404e+00
"                1267",-2.161583908114e-02,4.186170292477e-01,-9.076750063859e+00,-1.847050966914e-02,4.194838666644e-01,-1.470872024814e+01,3.145329411998e-03,8.668374166655e-04,-5.631970184282e+00
"                1268",-2.196231515245e-02,4.388566961681e-01,-9.076902759595e+00,-1.886638166140e-02,4.397828639686e-01,-1.470898365723e+01,3.095933491048e-03,9.261678005165e-04,-5.632080897634e+00
"                1269",-2.495773172171e-02,4.685886642406e-01,-9.075694535239e+00,-2.192069137546e-02,4.695698813297e-01,-1.470791169528e+01,3.037040346255e-03,9.812170890995e-04,-5.632217160041e+00
"                1270",-3.140064402623e-02,5.028535510218e-01,-9.073343077085e+00,-2.841357162599e-02,5.038716156547e-01,-1.470571712043e+01,2.987072400247e-03,1.018064632871e-03,-5.632374043343e+00
"                1271",-3.871440484889e-02,5.393909577768e-01,-9.071250089986e+00,-3.576451960088e-02,5.404319236529e-01,-1.470376165699e+01,2.949885248007e-03,1.040965876187e-03,-5.632511567003e+00
"                1272",-4.193553389229e-02,5.749789728324e-01,-9.070180712270e+00,-3.900896653265e-02,5.760392120755e-01,-1.470277542536e+01,2.926567359640e-03,1.060239243089e-03,-5.632594713094e+00
"                1273",-4.146991445558e-02,6.085090167584e-01,-9.070312973880e+00,-3.855446035863e-02,6.095829679920e-01,-1.470291466560e+01,2.915454096941e-03,1.073951233635e-03,-5.632601691721e+00
"                1274",-3.858680953741e-02,6.386347006286e-01,-9.071220707850e+00,-3.567153564111e-02,6.397083319414e-01,-1.470375408386e+01,2.915273896292e-03,1.073631312773e-03,-5.632533376013e+00
"                1275",-3.558042573437e-02,6.637048494905e-01,-9.072668186334e+00,-3.264735876310e-02,6.647545704447e-01,-1.470507452362e+01,2.933066971267e-03,1.049720954121e-03,-5.632406337290e+00
"                1276",-3.200456817819e-02,6.818800323861e-01,-9.073994209234e+00,-2.902785764313e-02,6.828873778359e-01,-1.470624022394e+01,2.976710535064e-03,1.007345449769e-03,-5.632246014705e+00
"                1277",-2.961165620940e-02,6.918186437878e-01,-9.074820527514e+00,-2.657799974785e-02,6.927742049679e-01,-1.470691561566e+01,3.033656461550e-03,9.555611801416e-04,-5.632095088142e+00
"                1278",-2.937226499972e-02,6.929549940967e-01,-9.076105768516e+00,-2.628430122622e-02,6.938504488674e-01,-1.470809328723e+01,3.087963773503e-03,8.954547706977e-04,-5.631987518714e+00
"                1279",-2.992258861033e-02,6.877155988571e-01,-9.077856785362e+00,-2.679420803418e-02,6.885394139988e-01,-1.470978979458e+01,3.128380576153e-03,8.238151416768e-04,-5.631933009217e+00
"                1280",-3.046399758148e-02,6.792014149085e-01,-9.079649382451e+00,-2.731985993161e-02,6.799435755051e-01,-1.471158139340e+01,3.144137649867e-03,7.421605966000e-04,-5.631932010951e+00
"                1281",-3.137183254705e-02,6.653337713462e-01,-9.080689112347e+00,-2.824061256788e-02,6.659985912332e-01,-1.471267663418e+01,3.131219979176e-03,6.648198869989e-04,-5.631987521829e+00
"                1282",-3.149693913943e-02,6.433197535717e-01,-9.080303917535e+00,-2.840729544560e-02,6.439256227627e-01,-1.471237727232e+01,3.089643693830e-03,6.058691909153e-04,-5.632073354782e+00
"                1283",-3.317159322435e-02,6.131506532007e-01,-9.078605457672e+00,-3.013338835134e-02,6.137123059849e-01,-1.471078924859e+01,3.038204873012e-03,5.616527841608e-04,-5.632183790915e+00
"                1284",-3.708927924930e-02,5.796428013016e-01,-9.076281707908e+00,-3.409387311286e-02,5.801829389047e-01,-1.470859787328e+01,2.995406136438e-03,5.401376031567e-04,-5.632316165376e+00
"                1285",-4.059619638750e-02,5.446712774119e-01,-9.074323220801e+00,-3.763385855129e-02,5.452036313880e-01,-1.470675040966e+01,2.962337836206e-03,5.323539761041e-04,-5.632427188859e+00
"                1286",-3.960975181383e-02,5.107214269703e-01,-9.072593302039e+00,-3.666955536084e-02,5.112417565913e-01,-1.470507361430e+01,2.940196452983e-03,5.203296209596e-04,-5.632480312265e+00
"                1287",-3.471699395664e-02,4.786442075279e-01,-9.071496174749e+00,-3.178909588720e-02,4.791470366031e-01,-1.470395177417e+01,2.927898069437e-03,5.028290752384e-04,-5.632455599423e+00
"                1288",-2.785738265305e-02,4.495004336276e-01,-9.071147062970e+00,-2.493582900354e-02,4.499874182736e-01,-1.470350764867e+01,2.921553649517e-03,4.869846459447e-04,-5.632360585702e+00
"                1289",-2.238141528926e-02,4.250859839297e-01,-9.071834756394e+00,-1.944809745409e-02,4.255712857250e-01,-1.470405097064e+01,2.933317835166e-03,4.853017952805e-04,-5.632216214243e+00
"                1290",-1.788418222640e-02,4.070227307374e-01,-9.072920060291e+00,-1.491651097313e-02,4.075196381721e-01,-1.470497357565e+01,2.967671253271e-03,4.969074347484e-04,-5.632053515358e+00
"                1291",-1.485848122059e-02,3.980566601165e-01,-9.073638865755e+00,-1.184744286810e-02,3.985757520025e-01,-1.470555724455e+01,3.011038352486e-03,5.190918859787e-04,-5.631918378800e+00
"                1292",-1.409817364959e-02,3.981642448927e-01,-9.074211054981e+00,-1.105057136960e-02,3.987235872663e-01,-1.470605226678e+01,3.047602279982e-03,5.593423736055e-04,-5.631841211803e+00
"                1293",-1.418454283012e-02,4.035983610761e-01,-9.074550709877e+00,-1.111494217766e-02,4.042215896108e-01,-1.470637071461e+01,3.069600652467e-03,6.232285346985e-04,-5.631820004738e+00
"                1294",-1.530646850526e-02,4.130016164590e-01,-9.075014552244e+00,-1.223922149069e-02,4.137059774162e-01,-1.470686816292e+01,3.067247014565e-03,7.043609571141e-04,-5.631853610679e+00
"                1295",-1.649591319557e-02,4.279298017217e-01,-9.075511641688e+00,-1.345720184527e-02,4.287202981393e-01,-1.470745558081e+01,3.038711350297e-03,7.904964176605e-04,-5.631943939121e+00
"                1296",-1.828151643767e-02,4.529788648109e-01,-9.075735361151e+00,-1.529507290880e-02,4.538384714191e-01,-1.470779475210e+01,2.986443528869e-03,8.596066081764e-04,-5.632059390953e+00
"                1297",-2.246972268861e-02,4.856929372948e-01,-9.074932365730e+00,-1.953682897462e-02,4.866057872281e-01,-1.470713645522e+01,2.932893713988e-03,9.128499332915e-04,-5.632204089493e+00
"                1298",-2.791189852678e-02,5.213837853315e-01,-9.073122738761e+00,-2.502210699591e-02,5.223247230942e-01,-1.470548498593e+01,2.889791530869e-03,9.409377627068e-04,-5.632362247173e+00
"                1299",-3.266567317499e-02,5.578044782920e-01,-9.071254529511e+00,-2.980802861909e-02,5.587508657434e-01,-1.470374715845e+01,2.857644555895e-03,9.463874514140e-04,-5.632492628943e+00
"                1300",-3.406341770517e-02,5.923929320874e-01,-9.069775048570e+00,-3.122637243821e-02,5.933386482457e-01,-1.470233417218e+01,2.837045266958e-03,9.457161582526e-04,-5.632559123609e+00
"                1301",-3.223827217033e-02,6.235850701815e-01,-9.069332381551e+00,-2.941083432107e-02,6.245216373776e-01,-1.470187449224e+01,2.827437849259e-03,9.365671960434e-04,-5.632542110691e+00
"                1302",-2.894228694777e-02,6.501243628006e-01,-9.070391559192e+00,-2.611444274450e-02,6.510421396746e-01,-1.470284396333e+01,2.827844203265e-03,9.177768740261e-04,-5.632452404139e+00
"                1303",-2.607850709495e-02,6.712656088476e-01,-9.072724294656e+00,-2.322927863929e-02,6.721498898655e-01,-1.470503856378e+01,2.849228455657e-03,8.842810179020e-04,-5.632314269120e+00
"                1304",-2.342844381900e-02,6.859365131077e-01,-9.074833050385e+00,-2.053389041106e-02,6.867821373333e-01,-1.470698874542e+01,2.894553407936e-03,8.456242255513e-04,-5.632155695032e+00
"                1305",-2.209502069704e-02,6.927531997695e-01,-9.075630160067e+00,-1.914684127434e-02,6.935609843959e-01,-1.470764859189e+01,2.948179422695e-03,8.077846263909e-04,-5.632018431821e+00
"                1306",-2.311386929330e-02,6.921969332565e-01,-9.075988168105e+00,-2.011871081638e-02,6.929612679101e-01,-1.470791735302e+01,2.995158476917e-03,7.643346536206e-04,-5.631929184917e+00
"                1307",-2.375329453136e-02,6.870226758664e-01,-9.076401171465e+00,-2.072653013947e-02,6.877319631204e-01,-1.470828849959e+01,3.026764391888e-03,7.092872539826e-04,-5.631887328125e+00
"                1308",-2.464386683403e-02,6.792341778565e-01,-9.077873836884e+00,-2.160973809847e-02,6.798748095323e-01,-1.470977503747e+01,3.034128735556e-03,6.406316758037e-04,-5.631901200583e+00
"                1309",-2.430491489375e-02,6.656532318258e-01,-9.079216945666e+00,-2.129151426931e-02,6.662244058349e-01,-1.471118944260e+01,3.013400624438e-03,5.711740091062e-04,-5.631972496933e+00
"                1310",-2.437987269624e-02,6.421431650193e-01,-9.079714294773e+00,-2.141285557641e-02,6.426563769130e-01,-1.471178362559e+01,2.967017119835e-03,5.132118936699e-04,-5.632069330822e+00
"                1311",-2.609250438331e-02,6.110697007828e-01,-9.078039987555e+00,-2.317294792952e-02,6.115340192876e-01,-1.471023621411e+01,2.919556453795e-03,4.643185047524e-04,-5.632196226558e+00
"                1312",-2.896958727044e-02,5.767601745021e-01,-9.074955966156e+00,-2.608883318199e-02,5.771877796070e-01,-1.470728662646e+01,2.880754088448e-03,4.276051049589e-04,-5.632330660300e+00
"                1313",-3.063287315888e-02,5.412899367605e-01,-9.072008189621e+00,-2.778264552840e-02,5.416906260875e-01,-1.470443646283e+01,2.850227630484e-03,4.006893270322e-04,-5.632428273209e+00
"                1314",-2.830496678826e-02,5.066859685646e-01,-9.070169695429e+00,-2.547646004970e-02,5.070591862069e-01,-1.470262873034e+01,2.828506738553e-03,3.732176423810e-04,-5.632459034915e+00
"                1315",-2.328774760932e-02,4.737722749427e-01,-9.069936257175e+00,-2.047314488340e-02,4.741248304208e-01,-1.470234613205e+01,2.814602725914e-03,3.525554780780e-04,-5.632409874878e+00
"                1316",-1.793886227415e-02,4.447628680145e-01,-9.070956369672e+00,-1.513094141108e-02,4.451093492001e-01,-1.470325436096e+01,2.807920863071e-03,3.464811855681e-04,-5.632297991287e+00
"                1317",-1.353106868720e-02,4.214750594773e-01,-9.072226748738e+00,-1.070697820813e-02,4.218390561928e-01,-1.470437272663e+01,2.824090479069e-03,3.639967154915e-04,-5.632145977887e+00
"                1318",-1.026262120087e-02,4.065144399491e-01,-9.072452543327e+00,-7.402260006678e-03,4.069123879422e-01,-1.470443838044e+01,2.860361194187e-03,3.979479930804e-04,-5.631985837115e+00
"                1319",-8.190264673971e-03,4.011374856643e-01,-9.071804228237e+00,-5.288439092148e-03,4.015835446902e-01,-1.470366293610e+01,2.901825581823e-03,4.460590258908e-04,-5.631858707868e+00
"                1320",-8.271277906800e-03,4.044932502499e-01,-9.071991897943e+00,-5.336603347049e-03,4.050012847876e-01,-1.470378244122e+01,2.934674559752e-03,5.080345377081e-04,-5.631790543274e+00
"                1321",-8.739791568019e-03,4.129048421100e-01,-9.073075565564e+00,-5.789052472291e-03,4.134874704389e-01,-1.470485390199e+01,2.950739095728e-03,5.826283289082e-04,-5.631778336424e+00
"                1322",-9.747287253163e-03,4.249258035044e-01,-9.074952797985e+00,-6.804914382480e-03,4.255903663707e-01,-1.470677860649e+01,2.942372870682e-03,6.645628663285e-04,-5.631825808503e+00
"                1323",-8.539431147938e-03,4.431682261078e-01,-9.075778596915e+00,-5.632489017153e-03,4.439017217994e-01,-1.470770303881e+01,2.906942130784e-03,7.334956916412e-04,-5.631924441894e+00
"                1324",-9.758048209648e-03,4.703656520418e-01,-9.075375628354e+00,-6.907369624130e-03,4.711476898051e-01,-1.470742181673e+01,2.850678585517e-03,7.820377633471e-04,-5.632046188373e+00
"                1325",-1.432767621210e-02,5.022824490953e-01,-9.073369653389e+00,-1.152916611727e-02,5.030895470709e-01,-1.470556285086e+01,2.798510094830e-03,8.070979756027e-04,-5.632193197471e+00
"                1326",-1.957278449950e-02,5.360670929421e-01,-9.071008804523e+00,-1.681561125680e-02,5.368808385003e-01,-1.470334524740e+01,2.757173242697e-03,8.137455582436e-04,-5.632336442881e+00
"                1327",-2.357365450652e-02,5.695576455618e-01,-9.069623364884e+00,-2.084792713377e-02,5.703680563588e-01,-1.470206546234e+01,2.725727372753e-03,8.104107970224e-04,-5.632442097451e+00
"                1328",-2.457468066916e-02,6.016848991575e-01,-9.069462327780e+00,-2.186906600059e-02,6.024964222100e-01,-1.470194474841e+01,2.705614668573e-03,8.115230525094e-04,-5.632482420630e+00
"                1329",-2.299287462134e-02,6.308194166113e-01,-9.070026363304e+00,-2.029746263336e-02,6.316330334319e-01,-1.470246720031e+01,2.695411987974e-03,8.136168206050e-04,-5.632440837002e+00
"                1330",-2.077803312679e-02,6.556907408061e-01,-9.070897053495e+00,-1.808095992508e-02,6.565017814072e-01,-1.470322867147e+01,2.697073201711e-03,8.110406010930e-04,-5.632331617975e+00
"                1331",-1.774967619880e-02,6.752531867210e-01,-9.071977865842e+00,-1.502652326799e-02,6.760528678060e-01,-1.470415724224e+01,2.723152930813e-03,7.996810850517e-04,-5.632179376399e+00
"                1332",-1.544897482862e-02,6.888619343302e-01,-9.073147229549e+00,-1.267742995153e-02,6.896401904102e-01,-1.470516531104e+01,2.771544877081e-03,7.782560800186e-04,-5.632018081496e+00
"                1333",-1.472603067100e-02,6.954924573885e-01,-9.074393211217e+00,-1.190097415217e-02,6.962410614665e-01,-1.470628211114e+01,2.825056518825e-03,7.486040780047e-04,-5.631888899920e+00
"                1334",-1.533060019020e-02,6.949538061472e-01,-9.075815374069e+00,-1.246156031330e-02,6.956538459708e-01,-1.470763165581e+01,2.869039876898e-03,7.000398235630e-04,-5.631816281740e+00
"                1335",-1.448909651808e-02,6.900501070861e-01,-9.076717136446e+00,-1.159401532821e-02,6.906803563924e-01,-1.470851277783e+01,2.895081189869e-03,6.302493062174e-04,-5.631795641386e+00
"                1336",-1.446127163592e-02,6.811736659641e-01,-9.077539724618e+00,-1.156585369220e-02,6.817164061892e-01,-1.470937194506e+01,2.895417943727e-03,5.427402250797e-04,-5.631832220437e+00
"                1337",-1.240341096741e-02,6.646095601961e-01,-9.077425044633e+00,-9.537363917329e-03,6.650671626424e-01,-1.470934065992e+01,2.866047050079e-03,4.576024463300e-04,-5.631915615287e+00
"                1338",-1.240704285237e-02,6.371877300701e-01,-9.076838709413e+00,-9.593245743374e-03,6.375684451720e-01,-1.470886113297e+01,2.813797109000e-03,3.807151019158e-04,-5.632022423557e+00
"                1339",-1.555811639582e-02,6.028711823921e-01,-9.075287753904e+00,-1.279254110359e-02,6.031970897321e-01,-1.470744677155e+01,2.765575292230e-03,3.259073400819e-04,-5.632159017642e+00
"                1340",-1.960276221863e-02,5.653496563036e-01,-9.073459799929e+00,-1.687598141904e-02,5.656398200248e-01,-1.470575333418e+01,2.726780799587e-03,2.901637211890e-04,-5.632293534248e+00
"                1341",-2.152959784524e-02,5.282985594353e-01,-9.071501690957e+00,-1.883247796722e-02,5.285697576400e-01,-1.470388322707e+01,2.697119878027e-03,2.711982046965e-04,-5.632381536117e+00
"                1342",-1.896605350450e-02,4.937989230879e-01,-9.069560133432e+00,-1.628946121756e-02,4.940598800493e-01,-1.470195727409e+01,2.676592286939e-03,2.609569613614e-04,-5.632397140655e+00
"                1343",-1.410865579976e-02,4.630269263318e-01,-9.068400245070e+00,-1.144652771860e-02,4.632876397732e-01,-1.470073134913e+01,2.662128081160e-03,2.607134413271e-04,-5.632331104059e+00
"                1344",-1.005011966927e-02,4.380539936521e-01,-9.068581166654e+00,-7.389374003158e-03,4.383355820197e-01,-1.470078545452e+01,2.660745666115e-03,2.815883675781e-04,-5.632204287863e+00
"                1345",-6.239550716401e-03,4.197164891511e-01,-9.069891063548e+00,-3.555538280094e-03,4.200329487803e-01,-1.470193298493e+01,2.684012436307e-03,3.164596291891e-04,-5.632041921378e+00
"                1346",-3.565552955422e-03,4.092752614152e-01,-9.071203621233e+00,-8.400189575029e-04,4.096325914092e-01,-1.470309130716e+01,2.725533997919e-03,3.573299939570e-04,-5.631887685923e+00
"                1347",-1.577265822050e-03,4.077360925410e-01,-9.071801851196e+00,1.190009991172e-03,4.081370989875e-01,-1.470358036691e+01,2.767275813221e-03,4.010064465080e-04,-5.631778515715e+00
"                1348",-2.933436069270e-04,4.131983200196e-01,-9.072020695952e+00,2.505570971319e-03,4.136498038079e-01,-1.470374722470e+01,2.798914578246e-03,4.514837883087e-04,-5.631726528745e+00
"                1349",8.205455307575e-04,4.229259816918e-01,-9.072283061474e+00,3.629576906594e-03,4.234325806417e-01,-1.470401079130e+01,2.809031375836e-03,5.065989498514e-04,-5.631727729825e+00
"                1350",-3.147698996315e-04,4.344558207866e-01,-9.073601104928e+00,2.476626944497e-03,4.350241357079e-01,-1.470538792188e+01,2.791396844129e-03,5.683149212638e-04,-5.631786816954e+00
"                1351",3.112108970527e-06,4.518678328564e-01,-9.074675556146e+00,2.747849186735e-03,4.524856749115e-01,-1.470656085549e+01,2.744737077764e-03,6.178420551345e-04,-5.631885299344e+00
"                1352",-2.490287836110e-03,4.781713019264e-01,-9.074905606590e+00,1.939481068118e-04,4.788304927711e-01,-1.470691621498e+01,2.684235942922e-03,6.591908446991e-04,-5.632010608390e+00
"                1353",-8.302189368720e-03,5.092208145650e-01,-9.073398102548e+00,-5.671081223054e-03,5.099059542824e-01,-1.470555874141e+01,2.631108145666e-03,6.851397173613e-04,-5.632160638857e+00
"                1354",-1.429418910197e-02,5.428073875008e-01,-9.070760773796e+00,-1.170277448969e-02,5.435120771976e-01,-1.470305871489e+01,2.591414612288e-03,7.046896967716e-04,-5.632297941099e+00
"                1355",-1.789910444211e-02,5.762563366137e-01,-9.068328379178e+00,-1.533432949280e-02,5.769837874162e-01,-1.470071144549e+01,2.564774949305e-03,7.274508025207e-04,-5.632383066307e+00
"                1356",-1.817783082430e-02,6.090553937540e-01,-9.067454717867e+00,-1.562866433291e-02,6.098089902304e-01,-1.469984765314e+01,2.549166491385e-03,7.535964764121e-04,-5.632392935274e+00
"                1357",-1.585650599006e-02,6.401035996670e-01,-9.068495392864e+00,-1.331346476000e-02,6.408758533274e-01,-1.470082078258e+01,2.543041230054e-03,7.722536604628e-04,-5.632325389714e+00
"                1358",-1.302644282632e-02,6.669864759393e-01,-9.070956686403e+00,-1.047359446304e-02,6.677583506794e-01,-1.470315590210e+01,2.552848363273e-03,7.718747400931e-04,-5.632199215696e+00
"                1359",-8.857846322002e-03,6.874046513401e-01,-9.073331244722e+00,-6.269323761440e-03,6.881557839434e-01,-1.470537233724e+01,2.588522560561e-03,7.511326033518e-04,-5.632041092523e+00
"                1360",-5.298336052022e-03,6.996444051135e-01,-9.074203564007e+00,-2.657113566805e-03,7.003583792725e-01,-1.470609404314e+01,2.641222485216e-03,7.139741590056e-04,-5.631890479129e+00
"                1361",-3.446896726871e-03,7.025478303878e-01,-9.074242400973e+00,-7.528344979038e-04,7.032082022763e-01,-1.470602159113e+01,2.694062228967e-03,6.603718884664e-04,-5.631779190153e+00
"                1362",-2.680807452180e-03,6.980250270929e-01,-9.074497376270e+00,5.336946919633e-05,6.986091143856e-01,-1.470621870132e+01,2.734176921376e-03,5.840872927016e-04,-5.631721325048e+00
"                1363",-2.098938919488e-03,6.891697517505e-01,-9.075522877131e+00,6.514098495153e-04,6.896612739219e-01,-1.470723960195e+01,2.750348769003e-03,4.915221714547e-04,-5.631716724819e+00
"                1364",-2.784272496768e-03,6.759003709359e-01,-9.077145787304e+00,-4.514149003081e-05,6.762948953059e-01,-1.470892014749e+01,2.739131006738e-03,3.945243700177e-04,-5.631774360188e+00
"                1365",-2.270970168922e-03,6.539252638783e-01,-9.077818339653e+00,4.275792260625e-04,6.542437521675e-01,-1.470968864350e+01,2.698549394985e-03,3.184882892385e-04,-5.631870303848e+00
"                1366",-4.092201149831e-03,6.227536098801e-01,-9.076714399653e+00,-1.448026623423e-03,6.230141981228e-01,-1.470870790680e+01,2.644174526408e-03,2.605882426826e-04,-5.631993507144e+00
"                1367",-9.153188808313e-03,5.878431694025e-01,-9.073827613963e+00,-6.556306569858e-03,5.880768787296e-01,-1.470596856158e+01,2.596882238455e-03,2.337093270924e-04,-5.632140947619e+00
"                1368",-1.411828791242e-02,5.526137839749e-01,-9.070794018240e+00,-1.155797078871e-02,5.528418156076e-01,-1.470306470619e+01,2.560317123711e-03,2.280316326204e-04,-5.632270687947e+00
"                1369",-1.494349929629e-02,5.199592905249e-01,-9.068657926362e+00,-1.240731925725e-02,5.201878400951e-01,-1.470099909695e+01,2.536180039041e-03,2.285495702205e-04,-5.632341170584e+00
"                1370",-1.209661003682e-02,4.895446002545e-01,-9.068032743882e+00,-9.574494670123e-03,4.897734099532e-01,-1.470036599407e+01,2.522115366698e-03,2.288096987064e-04,-5.632333250186e+00
"                1371",-6.732685314660e-03,4.619663177047e-01,-9.068550955066e+00,-4.218679383240e-03,4.621965456856e-01,-1.470080175779e+01,2.514005931420e-03,2.302279809638e-04,-5.632250802722e+00
"                1372",-2.119419047631e-03,4.392032383650e-01,-9.069341862426e+00,4.028869059454e-04,4.394426302872e-01,-1.470145587892e+01,2.522305953576e-03,2.393919222212e-04,-5.632114016491e+00
"                1373",2.405481786496e-03,4.229438251639e-01,-9.069669273835e+00,4.959825353871e-03,4.231955204443e-01,-1.470161809586e+01,2.554343567375e-03,2.516952804905e-04,-5.631948822024e+00
"                1374",5.913725914468e-03,4.142652484734e-01,-9.069479626567e+00,8.511078684536e-03,4.145312770699e-01,-1.470128067397e+01,2.597352770069e-03,2.660285964974e-04,-5.631801047405e+00
"                1375",7.155033115595e-03,4.127218119127e-01,-9.069976105743e+00,9.789960121799e-03,4.130131593753e-01,-1.470168163289e+01,2.634927006204e-03,2.913474625911e-04,-5.631705527151e+00
"                1376",6.703912405698e-03,4.155182147426e-01,-9.071340714772e+00,9.362621459414e-03,4.158529070353e-01,-1.470300965507e+01,2.658709053716e-03,3.346922926787e-04,-5.631668940295e+00
"                1377",5.850407775910e-03,4.216585776395e-01,-9.073260485969e+00,8.509047715436e-03,4.220568006467e-01,-1.470494937957e+01,2.658639939526e-03,3.982230071893e-04,-5.631688893602e+00
"                1378",4.642359186448e-03,4.322322633209e-01,-9.074740437997e+00,7.273545580314e-03,4.327076943823e-01,-1.470650853465e+01,2.631186393866e-03,4.754310614513e-04,-5.631768096658e+00
"                1379",3.621795225740e-03,4.527658166749e-01,-9.074549080682e+00,6.200625706650e-03,4.533085859781e-01,-1.470642133112e+01,2.578830480910e-03,5.427693031892e-04,-5.631872250434e+00
"                1380",-4.732845670219e-04,4.830609931070e-01,-9.072883138490e+00,2.049210450512e-03,4.836660806169e-01,-1.470488607267e+01,2.522495017534e-03,6.050875098701e-04,-5.632002934176e+00
"                1381",-7.047275321270e-03,5.184468751282e-01,-9.070867017288e+00,-4.570176821483e-03,5.190972034351e-01,-1.470301823871e+01,2.477098499787e-03,6.503283069274e-04,-5.632151221426e+00
"                1382",-1.314099909445e-02,5.562646625320e-01,-9.069420096567e+00,-1.069715259886e-02,5.569425097366e-01,-1.470169959533e+01,2.443846495581e-03,6.778472046088e-04,-5.632279498759e+00
"                1383",-1.506120787158e-02,5.929751524742e-01,-9.068818664889e+00,-1.263818098345e-02,5.936753715420e-01,-1.470117032169e+01,2.423026888136e-03,7.002190678284e-04,-5.632351656804e+00
"                1384",-1.263526317436e-02,6.266215828283e-01,-9.068791274676e+00,-1.022202409266e-02,6.273328306887e-01,-1.470113622877e+01,2.413239081695e-03,7.112478603703e-04,-5.632344954093e+00
"                1385",-7.742126345789e-03,6.561893106867e-01,-9.069161580535e+00,-5.329072997397e-03,6.568962875706e-01,-1.470142277283e+01,2.413053348392e-03,7.069768839094e-04,-5.632261192292e+00
"                1386",-3.194334722139e-03,6.795377973228e-01,-9.070427355615e+00,-7.633584744940e-04,6.802169024786e-01,-1.470255175844e+01,2.430976247645e-03,6.791051557346e-04,-5.632124402821e+00
"                1387",1.028121391215e-03,6.946625663657e-01,-9.072198170275e+00,3.500518270558e-03,6.952999051557e-01,-1.470415967903e+01,2.472396879343e-03,6.373387900333e-04,-5.631961508753e+00
"                1388",3.408127034504e-03,7.008758661396e-01,-9.073498883749e+00,5.931339272820e-03,7.014640326214e-01,-1.470531657462e+01,2.523212238316e-03,5.881664817685e-04,-5.631817690875e+00
"                1389",3.519341956604e-03,6.992307544679e-01,-9.074869807157e+00,6.088780141982e-03,6.997605890514e-01,-1.470659432784e+01,2.569438185378e-03,5.298345835239e-04,-5.631724520683e+00
"                1390",3.534874978328e-03,6.921972235902e-01,-9.075598084097e+00,6.136682354321e-03,6.926604636066e-01,-1.470728262074e+01,2.601807375993e-03,4.632400163631e-04,-5.631684536644e+00
"                1391",2.909788560515e-03,6.815966734462e-01,-9.076056598041e+00,5.520374433174e-03,6.819884499920e-01,-1.470775448142e+01,2.610585872659e-03,3.917765458253e-04,-5.631697883382e+00
"                1392",2.242267338659e-03,6.669808378753e-01,-9.076156726349e+00,4.833223593719e-03,6.673049987563e-01,-1.470792620778e+01,2.590956255060e-03,3.241608809531e-04,-5.631769481435e+00
"                1393",1.040062426114e-03,6.447949657265e-01,-9.076031103415e+00,3.585293084384e-03,6.450712945623e-01,-1.470789880238e+01,2.545230658270e-03,2.763288357901e-04,-5.631867698960e+00
"                1394",-2.016945032977e-03,6.160966913932e-01,-9.074892128033e+00,4.788608175539e-04,6.163363745990e-01,-1.470689008404e+01,2.495805850531e-03,2.396832058200e-04,-5.631997956011e+00
"                1395",-6.491515671428e-03,5.842306571286e-01,-9.073090739106e+00,-4.035450294148e-03,5.844504245100e-01,-1.470523494797e+01,2.456065377280e-03,2.197673814374e-04,-5.632144208867e+00
"                1396",-1.030328386690e-02,5.511476164398e-01,-9.070865337226e+00,-7.876914366132e-03,5.513548275207e-01,-1.470312620431e+01,2.426369500772e-03,2.072110809679e-04,-5.632260867080e+00
"                1397",-8.459846695814e-03,5.197768134177e-01,-9.068212591022e+00,-6.052829554675e-03,5.199619247947e-01,-1.470052312161e+01,2.407017141139e-03,1.851113770419e-04,-5.632310530593e+00
"                1398",-3.526749622267e-03,4.895720624317e-01,-9.066449188984e+00,-1.130969282709e-03,4.897315437294e-01,-1.469872415312e+01,2.395780339558e-03,1.594812976865e-04,-5.632274964134e+00
"                1399",1.853077879304e-03,4.609445368819e-01,-9.066530104079e+00,4.242646855907e-03,4.610835259724e-01,-1.469869895714e+01,2.389568976603e-03,1.389890904876e-04,-5.632168853064e+00
"                1400",5.196024204935e-03,4.353269369394e-01,-9.068084838276e+00,7.599485146038e-03,4.354660123322e-01,-1.470010192691e+01,2.403460941103e-03,1.390753928326e-04,-5.632017088633e+00
"                1401",7.637326133505e-03,4.162282134103e-01,-9.069691271873e+00,1.007438256041e-02,4.163820915948e-01,-1.470154362636e+01,2.437056426906e-03,1.538781844906e-04,-5.631852354483e+00
"                1402",9.477360229567e-03,4.066798718003e-01,-9.070088715120e+00,1.195440019596e-02,4.068613979330e-01,-1.470180780784e+01,2.477039966389e-03,1.815261326630e-04,-5.631719092719e+00
"                1403",9.210751518765e-03,4.062079211977e-01,-9.070043211245e+00,1.172073404774e-02,4.064420206622e-01,-1.470168595505e+01,2.509982528980e-03,2.340994644834e-04,-5.631642743800e+00
"                1404",8.230842890583e-03,4.118495270203e-01,-9.070378204216e+00,1.075882031221e-02,4.121578406890e-01,-1.470199602578e+01,2.527977421631e-03,3.083136686836e-04,-5.631617821563e+00
"                1405",5.474218830699e-03,4.223552848039e-01,-9.072054065738e+00,7.995692279111e-03,4.227591900725e-01,-1.470370439298e+01,2.521473448412e-03,4.039052685974e-04,-5.631650327239e+00
"                1406",4.099473577043e-03,4.398054398031e-01,-9.073671548844e+00,6.588442656040e-03,4.403027707009e-01,-1.470541066799e+01,2.488969078998e-03,4.973308977450e-04,-5.631739119143e+00
"                1407",1.798277739653e-03,4.673263302923e-01,-9.074551673440e+00,4.233711259838e-03,4.678987895590e-01,-1.470640625106e+01,2.435433520185e-03,5.724592666723e-04,-5.631854577618e+00
"                1408",-2.270335949504e-03,5.014029072786e-01,-9.073426603368e+00,1.160004567823e-04,5.020272062545e-01,-1.470542714622e+01,2.386336406286e-03,6.242989758529e-04,-5.632000542852e+00
"                1409",-6.827334714956e-03,5.381439108359e-01,-9.070809979649e+00,-4.478031937538e-03,5.387936867578e-01,-1.470295884091e+01,2.349302777418e-03,6.497759218984e-04,-5.632148861259e+00
"                1410",-1.087371421534e-02,5.748504555379e-01,-9.068347583962e+00,-8.551676800969e-03,5.755052199955e-01,-1.470061113362e+01,2.322037414367e-03,6.547644576065e-04,-5.632263549661e+00
"                1411",-1.070998512046e-02,6.082033749239e-01,-9.067147383486e+00,-8.405402536204e-03,6.088580462198e-01,-1.469946176413e+01,2.304582584253e-03,6.546712959177e-04,-5.632314380647e+00
"                1412",-7.738397194316e-03,6.366348531718e-01,-9.067644787038e+00,-5.442125306067e-03,6.372812932873e-01,-1.469992852093e+01,2.296271888249e-03,6.464401155161e-04,-5.632283733890e+00
"                1413",-4.320047186553e-03,6.600831592695e-01,-9.069535957105e+00,-2.022211074847e-03,6.607140441220e-01,-1.470172046903e+01,2.297836111706e-03,6.308848525092e-04,-5.632184511927e+00
"                1414",-7.305497701395e-04,6.780358890564e-01,-9.071900922008e+00,1.590795791801e-03,6.786411870495e-01,-1.470394358645e+01,2.321345561941e-03,6.052979931577e-04,-5.632042664438e+00
"                1415",2.225653635094e-03,6.889103785810e-01,-9.072941038351e+00,4.592505924145e-03,6.894904983744e-01,-1.470482681906e+01,2.366852289051e-03,5.801197934350e-04,-5.631885780704e+00
"                1416",3.461526854664e-03,6.924522562183e-01,-9.072754267281e+00,5.880027083231e-03,6.930093309852e-01,-1.470450883650e+01,2.418500228567e-03,5.570747669341e-04,-5.631754569217e+00
"                1417",2.338639913006e-03,6.907033019006e-01,-9.073111954545e+00,4.799886869018e-03,6.912264457830e-01,-1.470478815524e+01,2.461246956012e-03,5.231438824838e-04,-5.631676200694e+00
"                1418",1.939444316719e-03,6.873239834101e-01,-9.074059741750e+00,4.427606365136e-03,6.877981738441e-01,-1.470570776868e+01,2.488162048418e-03,4.741904340340e-04,-5.631648026928e+00
"                1419",9.553759677203e-04,6.821441026751e-01,-9.075951956285e+00,3.447137769680e-03,6.825524540088e-01,-1.470763242560e+01,2.491761801960e-03,4.083513337292e-04,-5.631680469313e+00
"                1420",1.911644841556e-03,6.703651327576e-01,-9.076888185164e+00,4.379586317460e-03,6.707059813932e-01,-1.470865746310e+01,2.467941475904e-03,3.408486355962e-04,-5.631769277934e+00
"                1421",1.295422390086e-03,6.477137670292e-01,-9.076085913097e+00,3.716052888795e-03,6.479928659102e-01,-1.470796801294e+01,2.420630498709e-03,2.790988810499e-04,-5.631882099846e+00
"                1422",-1.670014770809e-03,6.170836072393e-01,-9.073370568027e+00,7.065462555606e-04,6.173103546694e-01,-1.470539493116e+01,2.376561026370e-03,2.267474300781e-04,-5.632024363129e+00
"                1423",-5.228313376620e-03,5.815690972740e-01,-9.070403487312e+00,-2.886585546532e-03,5.817512817748e-01,-1.470256949406e+01,2.341727830088e-03,1.821845007861e-04,-5.632166006746e+00
"                1424",-7.004766665432e-03,5.439136088511e-01,-9.068276834321e+00,-4.688871065988e-03,5.440603404900e-01,-1.470054256715e+01,2.315895599444e-03,1.467316389637e-04,-5.632265732832e+00
"                1425",-5.438013453272e-03,5.068879884393e-01,-9.067180416226e+00,-3.139584504775e-03,5.070031280460e-01,-1.469947342514e+01,2.298428948497e-03,1.151396067579e-04,-5.632293008910e+00
"                1426",-1.669198418853e-03,4.725318047716e-01,-9.067115718623e+00,6.175327100318e-04,4.726270093479e-01,-1.469935495274e+01,2.286731128884e-03,9.520457632140e-05,-5.632239234116e+00
"                1427",1.940259948270e-03,4.430305890325e-01,-9.067144430499e+00,4.224580100390e-03,4.431259719081e-01,-1.469926522146e+01,2.284320152120e-03,9.538287559586e-05,-5.632120790961e+00
"                1428",5.097089549253e-03,4.203327444057e-01,-9.067250345118e+00,7.402286038196e-03,4.204546850243e-01,-1.469921078062e+01,2.305196488943e-03,1.219406185924e-04,-5.631960435505e+00
"                1429",6.465431788257e-03,4.069173120811e-01,-9.067442973600e+00,8.810614464442e-03,4.070865431300e-01,-1.469923944322e+01,2.345182676185e-03,1.692310489172e-04,-5.631796469615e+00
"                1430",6.615733701011e-03,4.048889715141e-01,-9.068202098667e+00,9.003305894287e-03,4.051133951263e-01,-1.469987364641e+01,2.387572193276e-03,2.244236122656e-04,-5.631671547748e+00
"                1431",5.110428911792e-03,4.103862787775e-01,-9.069710099270e+00,7.532025665727e-03,4.106857941854e-01,-1.470131713854e+01,2.421596753936e-03,2.995154079255e-04,-5.631607039268e+00
"                1432",4.289786969565e-03,4.202992959497e-01,-9.071521178271e+00,6.727354556153e-03,4.206806136520e-01,-1.470312202823e+01,2.437567586588e-03,3.813177022527e-04,-5.631600849962e+00
"                1433",3.243010285161e-03,4.349770865554e-01,-9.073061425206e+00,5.671150987686e-03,4.354377422935e-01,-1.470471239860e+01,2.428140702526e-03,4.606557381588e-04,-5.631650973391e+00
"                1434",4.424729477734e-03,4.557178447484e-01,-9.073190359494e+00,6.816118129588e-03,4.562402504376e-01,-1.470493348166e+01,2.391388651855e-03,5.224056892414e-04,-5.631743122170e+00
"                1435",2.198400268497e-03,4.838827923648e-01,-9.072724708284e+00,4.536476562672e-03,4.844478673696e-01,-1.470458359976e+01,2.338076294175e-03,5.650750047920e-04,-5.631858891474e+00
"                1436",-3.649005001478e-03,5.140253817631e-01,-9.071501856361e+00,-1.359250658485e-03,5.146094098841e-01,-1.470350545415e+01,2.289754342993e-03,5.840281209297e-04,-5.632003597790e+00
"                1437",-9.460032562004e-03,5.454623908016e-01,-9.069966079343e+00,-7.207383055335e-03,5.460512264440e-01,-1.470210901283e+01,2.252649506669e-03,5.888356423836e-04,-5.632142933489e+00
"                1438",-1.244762885284e-02,5.761747957351e-01,-9.068977273658e+00,-1.022183012342e-02,5.767654741920e-01,-1.470121877903e+01,2.225798729420e-03,5.906784568912e-04,-5.632241505369e+00
"                1439",-1.211456113245e-02,6.054039391917e-01,-9.068224995686e+00,-9.905219008355e-03,6.060069894087e-01,-1.470049348979e+01,2.209342124095e-03,6.030502170299e-04,-5.632268494105e+00
"                1440",-9.512866026085e-03,6.323799576102e-01,-9.067785556470e+00,-7.311056460021e-03,6.329995302538e-01,-1.469999942084e+01,2.201809566065e-03,6.195726436464e-04,-5.632213864365e+00
"                1441",-7.108107987193e-03,6.569362117792e-01,-9.068445745506e+00,-4.899585270706e-03,6.575663013880e-01,-1.470053852029e+01,2.208522716487e-03,6.300896087951e-04,-5.632092774781e+00
"                1442",-4.157610774257e-03,6.781551173340e-01,-9.070351183650e+00,-1.917338222454e-03,6.787852541528e-01,-1.470228594890e+01,2.240272551803e-03,6.301368187394e-04,-5.631934765250e+00
"                1443",-2.253169801065e-03,6.937219548415e-01,-9.072239964786e+00,3.839964878564e-05,6.943402672511e-01,-1.470401923791e+01,2.291569449851e-03,6.183124096348e-04,-5.631779273126e+00
"                1444",-1.263651924432e-03,7.017514564687e-01,-9.073999278961e+00,1.082301477146e-03,7.023431651864e-01,-1.470566350525e+01,2.345953401578e-03,5.917087177414e-04,-5.631664226289e+00
"                1445",-7.861480132760e-04,7.022350738935e-01,-9.074856574619e+00,1.603982533611e-03,7.027750378620e-01,-1.470646130234e+01,2.390130546887e-03,5.399639684325e-04,-5.631604727718e+00
"                1446",4.178192866391e-04,6.976883084691e-01,-9.074851961125e+00,2.831875347241e-03,6.981523650946e-01,-1.470644714535e+01,2.414056060602e-03,4.640566254836e-04,-5.631595184229e+00
"                1447",2.713207206284e-05,6.879122016810e-01,-9.075154128373e+00,2.437909848500e-03,6.882805706319e-01,-1.470679908577e+01,2.410777776437e-03,3.683689509027e-04,-5.631644957399e+00
"                1448",1.245926431807e-03,6.681674616782e-01,-9.075327812741e+00,3.623348243084e-03,6.684453125388e-01,-1.470706606403e+01,2.377421811277e-03,2.778508605405e-04,-5.631738251292e+00
"                1449",3.831800779608e-05,6.368624341079e-01,-9.074958995613e+00,2.364432211396e-03,6.370592633656e-01,-1.470681718607e+01,2.326114203600e-03,1.968292577221e-04,-5.631858190460e+00
"                1450",-4.446461936936e-03,5.996336990353e-01,-9.073578982708e+00,-2.165361835074e-03,5.997771574936e-01,-1.470558788227e+01,2.281100101863e-03,1.434584583398e-04,-5.632008899559e+00
"                1451",-9.461698360496e-03,5.603319475945e-01,-9.071185175270e+00,-7.213912801242e-03,5.604461020439e-01,-1.470333488872e+01,2.247785559254e-03,1.141544494041e-04,-5.632149713454e+00
"                1452",-1.116343423382e-02,5.226958452652e-01,-9.067993329777e+00,-8.937661429630e-03,5.227962167084e-01,-1.470022699234e+01,2.225772804192e-03,1.003714431698e-04,-5.632233662566e+00
"                1453",-9.636216449167e-03,4.889781564600e-01,-9.065453515127e+00,-7.423370738804e-03,4.890747811173e-01,-1.469769174250e+01,2.212845710363e-03,9.662465729137e-05,-5.632238227370e+00
"                1454",-6.255726701653e-03,4.606022569420e-01,-9.064856270991e+00,-4.050674592150e-03,4.607076910301e-01,-1.469701940355e+01,2.205052109503e-03,1.054340881323e-04,-5.632163132560e+00
"                1455",-3.979358222381e-03,4.384360945270e-01,-9.066086737731e+00,-1.767083288506e-03,4.385712350115e-01,-1.469811582804e+01,2.212274933874e-03,1.351404845672e-04,-5.632029090305e+00
"                1456",-1.095291821343e-03,4.231388305409e-01,-9.068176114039e+00,1.149367997195e-03,4.233108780608e-01,-1.470004086990e+01,2.244659818538e-03,1.720475198826e-04,-5.631864755860e+00
"                1457",1.303738799322e-03,4.165805961382e-01,-9.069281574199e+00,3.596440621425e-03,4.167899450595e-01,-1.470099644136e+01,2.292701822103e-03,2.093489213183e-04,-5.631714867166e+00
"                1458",2.547820698510e-03,4.186975903170e-01,-9.069327644174e+00,4.886966365768e-03,4.189462306269e-01,-1.470093920385e+01,2.339145667258e-03,2.486403099405e-04,-5.631611559679e+00
"                1459",2.888090060367e-03,4.256812613585e-01,-9.069414070743e+00,5.262266648021e-03,4.259765564669e-01,-1.470097582244e+01,2.374176587654e-03,2.952951083718e-04,-5.631561751702e+00
"                1460",2.243907850783e-03,4.333036679242e-01,-9.070563199496e+00,4.627804840909e-03,4.336529940461e-01,-1.470213063601e+01,2.383896990126e-03,3.493261219138e-04,-5.631567436516e+00
"                1461",9.415148252856e-05,4.420894925313e-01,-9.072607556896e+00,2.458375024486e-03,4.424991660922e-01,-1.470424232552e+01,2.364223541957e-03,4.096735609390e-04,-5.631634768626e+00
"                1462",-6.628646185618e-04,4.582311651243e-01,-9.073925779060e+00,1.654488151803e-03,4.586895275554e-01,-1.470566278049e+01,2.317352770364e-03,4.583624310496e-04,-5.631737001430e+00
"                1463",-3.786336703428e-03,4.830726657178e-01,-9.073650269614e+00,-1.524036721153e-03,4.835771074367e-01,-1.470552020298e+01,2.262299982274e-03,5.044417189659e-04,-5.631869933371e+00
"                1464",-9.881310094443e-03,5.126942580559e-01,-9.071346068696e+00,-7.665337188394e-03,5.132328832290e-01,-1.470336985950e+01,2.215972906049e-03,5.386251731831e-04,-5.632023790804e+00
"                1465",-1.688677378692e-02,5.458040862626e-01,-9.068637570436e+00,-1.470568755395e-02,5.463722130955e-01,-1.470079544657e+01,2.181086232974e-03,5.681268328977e-04,-5.632157876130e+00
"                1466",-1.975432927227e-02,5.802533147854e-01,-9.066930103629e+00,-1.759570260433e-02,5.808569704530e-01,-1.469916902745e+01,2.158626667949e-03,6.036556675728e-04,-5.632238923818e+00
"                1467",-1.915838137640e-02,6.150541074200e-01,-9.066833467515e+00,-1.701089121150e-02,6.156940084697e-01,-1.469907627017e+01,2.147490164896e-03,6.399010497218e-04,-5.632242802656e+00
"                1468",-1.626284649353e-02,6.480165639696e-01,-9.068326371414e+00,-1.411572178681e-02,6.486810321853e-01,-1.470049780069e+01,2.147124706719e-03,6.644682156831e-04,-5.632171429276e+00
"                1469",-1.267900785379e-02,6.766239949623e-01,-9.070674661397e+00,-1.051375992071e-02,6.772887580395e-01,-1.470271936292e+01,2.165247933086e-03,6.647630772767e-04,-5.632044701520e+00
"                1470",-7.914718040610e-03,6.981085010941e-01,-9.072187501441e+00,-5.706122767907e-03,6.987512362242e-01,-1.470407545125e+01,2.208595272702e-03,6.427351301143e-04,-5.631887949806e+00
"                1471",-4.127848419984e-03,7.101093973703e-01,-9.072327245634e+00,-1.863820225882e-03,7.107118649366e-01,-1.470406968181e+01,2.264028194102e-03,6.024675662710e-04,-5.631742436178e+00
"                1472",-2.955888094448e-03,7.110275238277e-01,-9.072665865700e+00,-6.404960959397e-04,7.115704267443e-01,-1.470430766000e+01,2.315391998508e-03,5.429029166363e-04,-5.631641794304e+00
"                1473",-2.739746373891e-03,7.042635749142e-01,-9.073669469868e+00,-3.870977858475e-04,7.047234281361e-01,-1.470526396661e+01,2.352648588043e-03,4.598532219485e-04,-5.631594496741e+00
"                1474",-3.171646915547e-03,6.928363094955e-01,-9.075357035008e+00,-8.056435667435e-04,6.931994985131e-01,-1.470695967895e+01,2.366003348803e-03,3.631890175983e-04,-5.631602643942e+00
"                1475",-3.726603017185e-03,6.756035752044e-01,-9.076809851368e+00,-1.375372038272e-03,6.758733961473e-01,-1.470848236060e+01,2.351230978913e-03,2.698209429196e-04,-5.631672509230e+00
"                1476",-4.516883236789e-03,6.495235787838e-01,-9.076456301580e+00,-2.208146085929e-03,6.497256047200e-01,-1.470822941966e+01,2.308737150860e-03,2.020259362780e-04,-5.631773118078e+00
"                1477",-7.593323181709e-03,6.161410655793e-01,-9.074053829693e+00,-5.334479938176e-03,6.162985700542e-01,-1.470595488272e+01,2.258843243533e-03,1.575044749063e-04,-5.631901053025e+00
"                1478",-1.311865372332e-02,5.818944012143e-01,-9.070824560584e+00,-1.090066465860e-02,5.820372839704e-01,-1.470287340120e+01,2.217989064727e-03,1.428827561387e-04,-5.632048840615e+00
"                1479",-1.851213883913e-02,5.495773539468e-01,-9.068391054675e+00,-1.632361948011e-02,5.497255638854e-01,-1.470056278957e+01,2.188519359018e-03,1.482099385923e-04,-5.632171734893e+00
"                1480",-1.974340555077e-02,5.196563952018e-01,-9.066742095532e+00,-1.757234046962e-02,5.198111690776e-01,-1.469897185558e+01,2.171065081154e-03,1.547738758298e-04,-5.632229760049e+00
"                1481",-1.685610303218e-02,4.920423024094e-01,-9.066387125360e+00,-1.469221156313e-02,4.922009924439e-01,-1.469859208217e+01,2.163891469055e-03,1.586900345304e-04,-5.632204956808e+00
"                1482",-1.162463430686e-02,4.679232098324e-01,-9.066379516001e+00,-9.461753119956e-03,4.680808039572e-01,-1.469848646134e+01,2.162881186899e-03,1.575941248204e-04,-5.632106945342e+00
"                1483",-7.358576006794e-03,4.478684450908e-01,-9.066657166395e+00,-5.176645042435e-03,4.480331487485e-01,-1.469861436427e+01,2.181930964360e-03,1.647036576661e-04,-5.631957197871e+00
"                1484",-3.807381263641e-03,4.329925341020e-01,-9.067227950490e+00,-1.584910336049e-03,4.331631301839e-01,-1.469901391112e+01,2.222470927593e-03,1.705960818652e-04,-5.631785960626e+00
"                1485",-1.524100712516e-03,4.240848404908e-01,-9.067900632533e+00,7.456429641045e-04,4.242655176380e-01,-1.469954075628e+01,2.269743676620e-03,1.806771472349e-04,-5.631640123751e+00
"                1486",-2.472371321090e-03,4.200183832515e-01,-9.069011149563e+00,-1.638139174634e-04,4.202283116413e-01,-1.470056474735e+01,2.308557403627e-03,2.099283897798e-04,-5.631553597784e+00
"                1487",-3.891250729083e-03,4.196400988216e-01,-9.070615229105e+00,-1.558951724047e-03,4.198996578645e-01,-1.470213914423e+01,2.332299005036e-03,2.595590429030e-04,-5.631523915124e+00
"                1488",-5.055078389091e-03,4.239026438627e-01,-9.072023668537e+00,-2.723626083861e-03,4.242343112472e-01,-1.470357519155e+01,2.331452305230e-03,3.316673845050e-04,-5.631551523012e+00
"                1489",-5.763310619898e-03,4.349775884285e-01,-9.072493913882e+00,-3.459033314179e-03,4.353922567696e-01,-1.470412825773e+01,2.304277305719e-03,4.146683411168e-04,-5.631634343844e+00
"                1490",-8.988528200206e-03,4.576332052160e-01,-9.072422224315e+00,-6.734315199152e-03,4.581267625324e-01,-1.470416592073e+01,2.254213001053e-03,4.935573164384e-04,-5.631743696419e+00
"                1491",-1.527623075799e-02,4.899759802138e-01,-9.071643708863e+00,-1.307151484023e-02,4.905402819373e-01,-1.470352842353e+01,2.204715917764e-03,5.643017235759e-04,-5.631884714666e+00
"                1492",-2.238096225940e-02,5.276464798795e-01,-9.070273564783e+00,-2.021484823205e-02,5.282632955067e-01,-1.470231172602e+01,2.166114027351e-03,6.168156272082e-04,-5.632038161234e+00
"                1493",-2.711949205479e-02,5.673135053928e-01,-9.069347997886e+00,-2.498129558002e-02,5.679626132498e-01,-1.470151462414e+01,2.138196474770e-03,6.491078570068e-04,-5.632166626259e+00
"                1494",-2.719080597220e-02,6.057710826580e-01,-9.068323676033e+00,-2.506912663493e-02,6.064439843243e-01,-1.470055659725e+01,2.121679337271e-03,6.729016663113e-04,-5.632232921217e+00
"                1495",-2.347712856982e-02,6.406242057313e-01,-9.067538900353e+00,-2.136023836672e-02,6.413042925844e-01,-1.469975365854e+01,2.116890203106e-03,6.800868530663e-04,-5.632214758188e+00
"                1496",-1.896030121063e-02,6.694212477143e-01,-9.067697255354e+00,-1.683860195840e-02,6.700890323466e-01,-1.469981993018e+01,2.121699252229e-03,6.677846322640e-04,-5.632122674829e+00
"                1497",-1.482885621948e-02,6.902648272780e-01,-9.069558221986e+00,-1.268239247750e-02,6.908957702100e-01,-1.470154033325e+01,2.146463741984e-03,6.309429320342e-04,-5.631982111263e+00
"                1498",-1.146353820130e-02,7.020897581614e-01,-9.071752507911e+00,-9.271275584278e-03,7.026714689351e-01,-1.470357676591e+01,2.192262617020e-03,5.817107736487e-04,-5.631824257999e+00
"                1499",-9.479079331129e-03,7.049115204510e-01,-9.073446508081e+00,-7.234428831619e-03,7.054401250352e-01,-1.470513909969e+01,2.244650499510e-03,5.286045841914e-04,-5.631692591607e+00
"                1500",-9.726667455084e-03,6.992431363230e-01,-9.074434432058e+00,-7.437029000443e-03,6.997138604690e-01,-1.470604776245e+01,2.289638454641e-03,4.707241459486e-04,-5.631613330395e+00
"                1501",-1.000745596082e-02,6.886899610392e-01,-9.074281043575e+00,-7.688064080579e-03,6.890979146044e-01,-1.470586195173e+01,2.319391880238e-03,4.079535652054e-04,-5.631580908153e+00
"                1502",-1.181815832740e-02,6.766644634120e-01,-9.074440993809e+00,-9.493752242787e-03,6.770061817423e-01,-1.470604524900e+01,2.324406084614e-03,3.417183303761e-04,-5.631604255194e+00
"                1503",-1.268150860696e-02,6.618000152164e-01,-9.074877177973e+00,-1.038011696090e-02,6.620853134597e-01,-1.470656011771e+01,2.301391646057e-03,2.852982433240e-04,-5.631682939735e+00
"                1504",-1.468672380432e-02,6.405797293699e-01,-9.075029693174e+00,-1.243213623150e-02,6.408242923604e-01,-1.470681924164e+01,2.254587572818e-03,2.445629904927e-04,-5.631789548463e+00
"                1505",-1.831349696565e-02,6.141819191903e-01,-9.073939874342e+00,-1.610291289061e-02,6.143989436172e-01,-1.470586937332e+01,2.210584075040e-03,2.170244268619e-04,-5.631929498982e+00
"                1506",-2.257227760919e-02,5.850890291409e-01,-9.071677782372e+00,-2.039424826304e-02,5.852880062486e-01,-1.470375309587e+01,2.178029346142e-03,1.989771077381e-04,-5.632075313493e+00
"                1507",-2.476797610817e-02,5.552834664928e-01,-9.068462660423e+00,-2.261198817801e-02,5.554663881645e-01,-1.470064276473e+01,2.155987930158e-03,1.829216716602e-04,-5.632180104308e+00
"                1508",-2.297524745805e-02,5.257513018061e-01,-9.065430923037e+00,-2.083201388477e-02,5.259066045768e-01,-1.469764492179e+01,2.143233573278e-03,1.553027707359e-04,-5.632213998750e+00
"                1509",-1.862609251467e-02,4.955690950574e-01,-9.064364480396e+00,-1.648935910882e-02,4.956933005160e-01,-1.469652807816e+01,2.136733405843e-03,1.242054585449e-04,-5.632163597767e+00
"                1510",-1.491637678666e-02,4.660292078318e-01,-9.065278543695e+00,-1.277984372596e-02,4.661309148525e-01,-1.469732426183e+01,2.136533060697e-03,1.017070206381e-04,-5.632045718138e+00
"                1511",-1.208892345039e-02,4.392960396019e-01,-9.067241034900e+00,-9.930716114704e-03,4.393977172131e-01,-1.469912733231e+01,2.158207335688e-03,1.016776112210e-04,-5.631886297410e+00
"                1512",-1.020197001708e-02,4.193154319265e-01,-9.068592882480e+00,-8.002952121023e-03,4.194350691052e-01,-1.470031409076e+01,2.199017896055e-03,1.196371786938e-04,-5.631721208278e+00
"                1513",-8.952573266214e-03,4.094083986679e-01,-9.068453347442e+00,-6.708594080566e-03,4.095621642323e-01,-1.470004412001e+01,2.243979185647e-03,1.537655643853e-04,-5.631590772566e+00
"                1514",-1.005033285333e-02,4.091123337805e-01,-9.068255411485e+00,-7.770240308155e-03,4.093288765841e-01,-1.469977250881e+01,2.280092545170e-03,2.165428035631e-04,-5.631517097330e+00
"                1515",-1.234905270562e-02,4.156604159044e-01,-9.069065740688e+00,-1.005101979263e-02,4.159665224690e-01,-1.470056566981e+01,2.298032912990e-03,3.061065645716e-04,-5.631499929124e+00
"                1516",-1.591526753484e-02,4.286818663990e-01,-9.071180060240e+00,-1.362448932518e-02,4.290921510154e-01,-1.470272329714e+01,2.290778209654e-03,4.102846163735e-04,-5.631543236901e+00
"                1517",-1.666662975208e-02,4.498258181684e-01,-9.072625826312e+00,-1.440913734258e-02,4.503339129049e-01,-1.470426448140e+01,2.257492409505e-03,5.080947365050e-04,-5.631638655086e+00
"                1518",-1.862979566403e-02,4.818431205893e-01,-9.073161740950e+00,-1.642285039825e-02,4.824294122258e-01,-1.470492353989e+01,2.206945265773e-03,5.862916365185e-04,-5.631761798936e+00
"                1519",-2.294992642712e-02,5.192152981368e-01,-9.071580414362e+00,-2.078684852813e-02,5.198496786428e-01,-1.470349481429e+01,2.163077898986e-03,6.343805060116e-04,-5.631914399929e+00
"                1520",-2.799214964369e-02,5.580261359579e-01,-9.069000207567e+00,-2.586100987696e-02,5.586814151249e-01,-1.470106135401e+01,2.131139766737e-03,6.552791670447e-04,-5.632061146443e+00
"                1521",-3.023075156324e-02,5.934142203052e-01,-9.067082632554e+00,-2.812292122485e-02,5.940706256697e-01,-1.469925039322e+01,2.107830338383e-03,6.564053644650e-04,-5.632167760661e+00
"                1522",-2.986590787748e-02,6.240631713522e-01,-9.066674739776e+00,-2.777287021680e-02,6.247133361301e-01,-1.469888172284e+01,2.093037660677e-03,6.501647779503e-04,-5.632206983067e+00
"                1523",-2.760510463494e-02,6.497091700268e-01,-9.067520332204e+00,-2.551891171452e-02,6.503465814525e-01,-1.469968633024e+01,2.086192920419e-03,6.374114256371e-04,-5.632165998036e+00
"                1524",-2.466823243461e-02,6.695761234980e-01,-9.069404433390e+00,-2.257707862664e-02,6.701924785043e-01,-1.470146280996e+01,2.091153807964e-03,6.163550062823e-04,-5.632058376570e+00
"                1525",-2.046727288976e-02,6.833173282225e-01,-9.071058155390e+00,-1.834701803457e-02,6.839071313362e-01,-1.470296810947e+01,2.120254855191e-03,5.898031136813e-04,-5.631909954083e+00
"                1526",-1.742482745391e-02,6.905121907578e-01,-9.071480271839e+00,-1.525483628304e-02,6.910774297567e-01,-1.470323513880e+01,2.169991170872e-03,5.652389989613e-04,-5.631754866960e+00
"                1527",-1.719047190892e-02,6.918725381197e-01,-9.071702863940e+00,-1.496788734992e-02,6.924163688987e-01,-1.470333459026e+01,2.222584558995e-03,5.438307789870e-04,-5.631631726323e+00
"                1528",-1.907613526126e-02,6.902496642896e-01,-9.072818262679e+00,-1.681066005432e-02,6.907600146506e-01,-1.470438262415e+01,2.265475206937e-03,5.103503609533e-04,-5.631564361467e+00
"                1529",-2.015325228192e-02,6.882688368536e-01,-9.074113816086e+00,-1.786374333190e-02,6.887317671653e-01,-1.470566421434e+01,2.289508950012e-03,4.629303117790e-04,-5.631550398252e+00
"                1530",-2.109316619391e-02,6.842874764403e-01,-9.075763585887e+00,-1.880430619697e-02,6.846886549362e-01,-1.470736171920e+01,2.288859996941e-03,4.011784958350e-04,-5.631598133316e+00
"                1531",-1.915026678691e-02,6.724080116878e-01,-9.075850132383e+00,-1.688979935929e-02,6.727484306286e-01,-1.470754114730e+01,2.260467427618e-03,3.404189408661e-04,-5.631691014913e+00
"                1532",-1.942327903572e-02,6.498799573876e-01,-9.074307084030e+00,-1.720959072108e-02,6.501565319058e-01,-1.470611517245e+01,2.213688314644e-03,2.765745182097e-04,-5.631808088418e+00
"                1533",-2.332870828428e-02,6.199398747995e-01,-9.071546299285e+00,-2.115597961489e-02,6.201624065495e-01,-1.470350109974e+01,2.172728669395e-03,2.225317500473e-04,-5.631954800452e+00
"                1534",-2.811530151234e-02,5.841921955260e-01,-9.068912847831e+00,-2.597346899980e-02,5.843674516198e-01,-1.470100766446e+01,2.141832512541e-03,1.752560938397e-04,-5.632094816627e+00
"                1535",-2.985354902876e-02,5.461472230815e-01,-9.066828451736e+00,-2.773240659521e-02,5.462806769728e-01,-1.469900992792e+01,2.121142433547e-03,1.334538912591e-04,-5.632181476180e+00
"                1536",-2.812842340842e-02,5.079659215969e-01,-9.065931555135e+00,-2.602005659015e-02,5.080649188461e-01,-1.469812100356e+01,2.108366818267e-03,9.899724915441e-05,-5.632189448425e+00
"                1537",-2.415256889748e-02,4.721449217174e-01,-9.065810171311e+00,-2.205245368881e-02,4.722219966613e-01,-1.469792795381e+01,2.100115208665e-03,7.707494385181e-05,-5.632117782494e+00
"                1538",-2.132232815080e-02,4.418046515478e-01,-9.065676467372e+00,-1.921666593350e-02,4.418900621728e-01,-1.469766123199e+01,2.105662217302e-03,8.541062500286e-05,-5.631984764620e+00
"                1539",-1.933618660388e-02,4.195229700777e-01,-9.065841632355e+00,-1.720094893658e-02,4.196438828508e-01,-1.469765714120e+01,2.135237667302e-03,1.209127731455e-04,-5.631815508843e+00
"                1540",-1.867672773730e-02,4.086740684211e-01,-9.066582951447e+00,-1.649564893131e-02,4.088460408519e-01,-1.469823892020e+01,2.181078805993e-03,1.719724308060e-04,-5.631655968754e+00
"                1541",-1.938954100152e-02,4.091716368245e-01,-9.067680862941e+00,-1.716314507165e-02,4.094118543340e-01,-1.469922466403e+01,2.226395929870e-03,2.402175094754e-04,-5.631543801093e+00
"                1542",-2.054447212251e-02,4.173642941667e-01,-9.069107451649e+00,-1.828237396293e-02,4.176900654903e-01,-1.470059859952e+01,2.262098159580e-03,3.257713235989e-04,-5.631491147875e+00
"                1543",-2.040244600170e-02,4.315974193561e-01,-9.070753600789e+00,-1.812518271979e-02,4.320120264268e-01,-1.470224898613e+01,2.277263281909e-03,4.146070707916e-04,-5.631495385346e+00
"                1544",-2.097254634668e-02,4.506831831064e-01,-9.072033469208e+00,-1.870659310729e-02,4.511823741854e-01,-1.470359331803e+01,2.265953239396e-03,4.991910790310e-04,-5.631559848826e+00
"                1545",-2.052129752545e-02,4.752198496227e-01,-9.072093991876e+00,-1.829416264106e-02,4.757796562249e-01,-1.470375292291e+01,2.227134884391e-03,5.598066022224e-04,-5.631658931035e+00
"                1546",-2.344362261869e-02,5.049659544855e-01,-9.071648288581e+00,-2.126758148788e-02,5.055649155985e-01,-1.470343640167e+01,2.176041130810e-03,5.989611130494e-04,-5.631788113084e+00
"                1547",-2.968128648891e-02,5.352856356280e-01,-9.070453762200e+00,-2.755101509124e-02,5.358959328512e-01,-1.470239681099e+01,2.130271397670e-03,6.102972231918e-04,-5.631943048788e+00
"                1548",-3.573888507123e-02,5.651809384364e-01,-9.069094172125e+00,-3.364461365915e-02,5.657865996313e-01,-1.470117925175e+01,2.094271412071e-03,6.056611948718e-04,-5.632085079625e+00
"                1549",-3.824797960638e-02,5.928164007833e-01,-9.068132499009e+00,-3.617794477264e-02,5.934216952211e-01,-1.470030764613e+01,2.070034833738e-03,6.052944377746e-04,-5.632175147123e+00
"                1550",-3.702615878993e-02,6.178275087675e-01,-9.067452595645e+00,-3.496885906584e-02,6.184431757545e-01,-1.469963989710e+01,2.057299724088e-03,6.156669870198e-04,-5.632187301452e+00
"                1551",-3.394182622878e-02,6.409736954976e-01,-9.067309907679e+00,-3.188701981122e-02,6.416045841596e-01,-1.469942879506e+01,2.054806417561e-03,6.308886620317e-04,-5.632118887378e+00
"                1552",-3.153518902690e-02,6.630600821383e-01,-9.068695816747e+00,-2.946550220654e-02,6.637004078145e-01,-1.470068686445e+01,2.069686820355e-03,6.403256762403e-04,-5.631991047703e+00
"                1553",-2.896915615946e-02,6.829461774136e-01,-9.070904355848e+00,-2.685963807609e-02,6.835881299993e-01,-1.470273580847e+01,2.109518083368e-03,6.419525857738e-04,-5.631831452624e+00
"                1554",-2.699214496843e-02,6.979355114701e-01,-9.072378090799e+00,-2.482805693472e-02,6.985711353180e-01,-1.470406254070e+01,2.164088033714e-03,6.356238478965e-04,-5.631684449903e+00
"                1555",-2.567768434395e-02,7.058878859999e-01,-9.073604695023e+00,-2.345872873468e-02,7.065013550001e-01,-1.470518609751e+01,2.218955609268e-03,6.134690002265e-04,-5.631581402483e+00
"                1556",-2.411011946387e-02,7.080988035021e-01,-9.074202513083e+00,-2.184700114653e-02,7.086608738428e-01,-1.470573396886e+01,2.263118317341e-03,5.620703406750e-04,-5.631531455778e+00
"                1557",-2.321926674477e-02,7.058104839568e-01,-9.074650060809e+00,-2.093590322900e-02,7.062934000499e-01,-1.470618298194e+01,2.283363515778e-03,4.829160931072e-04,-5.631532921135e+00
"                1558",-2.331585047446e-02,6.963160519575e-01,-9.075333344779e+00,-2.104245877970e-02,6.967001595089e-01,-1.470692987940e+01,2.273391694763e-03,3.841075514255e-04,-5.631596534621e+00
"                1559",-2.369034698424e-02,6.736392806594e-01,-9.075507681480e+00,-2.145702594442e-02,6.739325646032e-01,-1.470720142905e+01,2.233321039823e-03,2.932839437929e-04,-5.631693747575e+00
"                1560",-2.630555530121e-02,6.387682059753e-01,-9.074249620038e+00,-2.412248868077e-02,6.389772769382e-01,-1.470607238790e+01,2.183066620433e-03,2.090709629279e-04,-5.631822767858e+00
"                1561",-3.141818324605e-02,5.981168947621e-01,-9.071941322343e+00,-2.927682898889e-02,5.982676973383e-01,-1.470391531783e+01,2.141354257157e-03,1.508025761634e-04,-5.631973995484e+00
"                1562",-3.638695587077e-02,5.558276104983e-01,-9.069177293297e+00,-3.427647347556e-02,5.559468532664e-01,-1.470127951251e+01,2.110482395207e-03,1.192427681397e-04,-5.632102219211e+00
"                1563",-3.745707416678e-02,5.164002447586e-01,-9.066088633229e+00,-3.536572171224e-02,5.165030447753e-01,-1.469825576038e+01,2.091352454537e-03,1.028000166990e-04,-5.632167127156e+00
"                1564",-3.569082280563e-02,4.823217876034e-01,-9.064211264427e+00,-3.360879877232e-02,4.824229444537e-01,-1.469635974663e+01,2.082024033315e-03,1.011568503225e-04,-5.632148482207e+00
"                1565",-3.242737856928e-02,4.551714229668e-01,-9.064376451924e+00,-3.034865041819e-02,4.552893796785e-01,-1.469643129816e+01,2.078728151094e-03,1.179567116776e-04,-5.632054846233e+00
"                1566",-3.013491560836e-02,4.356709191561e-01,-9.065882574861e+00,-2.803994125405e-02,4.358288174648e-01,-1.469779210591e+01,2.094974354306e-03,1.578983086957e-04,-5.631909531052e+00
"                1567",-2.719272117059e-02,4.248902750920e-01,-9.067553334622e+00,-2.505710006399e-02,4.250966752650e-01,-1.469929556847e+01,2.135621106601e-03,2.064001730471e-04,-5.631742233845e+00
"                1568",-2.388286746768e-02,4.246165453864e-01,-9.068286259177e+00,-2.169581783426e-02,4.248700193589e-01,-1.469988461191e+01,2.187049633421e-03,2.534739725015e-04,-5.631598352730e+00
"                1569",-2.254591774670e-02,4.326403542875e-01,-9.068269069128e+00,-2.031323093515e-02,4.329447618443e-01,-1.469977691427e+01,2.232686811546e-03,3.044075567898e-04,-5.631507845144e+00
"                1570",-2.317634495506e-02,4.432593248442e-01,-9.068693404184e+00,-2.091391649750e-02,4.436187106110e-01,-1.470016444372e+01,2.262428457560e-03,3.593857667581e-04,-5.631471039540e+00
"                1571",-2.531440949227e-02,4.525557442197e-01,-9.070650482268e+00,-2.304978133889e-02,4.529744031167e-01,-1.470214399982e+01,2.264628153376e-03,4.186588970759e-04,-5.631493517555e+00
"                1572",-2.645237488383e-02,4.623561030275e-01,-9.072324756319e+00,-2.421390878195e-02,4.628311024466e-01,-1.470390408414e+01,2.238466101886e-03,4.749994190669e-04,-5.631579327820e+00
"                1573",-2.817395855655e-02,4.788100575888e-01,-9.072989953311e+00,-2.598623936425e-02,4.793276275780e-01,-1.470468513375e+01,2.187719192299e-03,5.175699892242e-04,-5.631695180436e+00
"                1574",-3.220078852740e-02,5.019436361625e-01,-9.072065818422e+00,-3.006450410436e-02,5.024975353400e-01,-1.470390854267e+01,2.136284423042e-03,5.538991775061e-04,-5.631842724246e+00
"                1575",-3.834816858884e-02,5.287322083440e-01,-9.069703182301e+00,-3.625253677495e-02,5.293165591398e-01,-1.470170275649e+01,2.095631813889e-03,5.843507957900e-04,-5.631999574192e+00
"                1576",-4.508129438210e-02,5.584437996003e-01,-9.067558635265e+00,-4.301546326632e-02,5.590561665070e-01,-1.469968684278e+01,2.065831115781e-03,6.123669066861e-04,-5.632128207519e+00
"                1577",-4.727794501528e-02,5.903570181670e-01,-9.066550923019e+00,-4.523049759458e-02,5.910081923838e-01,-1.469874746980e+01,2.047447420704e-03,6.511742167619e-04,-5.632196546782e+00
"                1578",-4.559579248615e-02,6.240139961013e-01,-9.066789528129e+00,-4.355480916826e-02,6.247042062808e-01,-1.469897338075e+01,2.040983317895e-03,6.902101795723e-04,-5.632183852620e+00
"                1579",-4.180012352975e-02,6.568034526921e-01,-9.068140968025e+00,-3.975479229588e-02,6.575226705399e-01,-1.470023766744e+01,2.045331233872e-03,7.192178477472e-04,-5.632096699418e+00
"                1580",-3.683377009150e-02,6.858523767758e-01,-9.070454544722e+00,-3.476219908182e-02,6.865762786526e-01,-1.470241470269e+01,2.071571009681e-03,7.239018768150e-04,-5.631960157969e+00
"                1581",-3.147782423528e-02,7.081531356729e-01,-9.071819055470e+00,-2.935619686405e-02,7.088588115430e-01,-1.470362176911e+01,2.121627371232e-03,7.056758701144e-04,-5.631802713640e+00
"                1582",-2.795887187898e-02,7.206902831732e-01,-9.071838375019e+00,-2.578068101405e-02,7.213562662703e-01,-1.470350571187e+01,2.178190864925e-03,6.659830971208e-04,-5.631667336851e+00
"                1583",-2.807017455075e-02,7.220460188954e-01,-9.072527169595e+00,-2.584564036983e-02,7.226456108108e-01,-1.470411036427e+01,2.224534180921e-03,5.995919153696e-04,-5.631583194673e+00
"                1584",-2.858773830496e-02,7.142768503888e-01,-9.073474794565e+00,-2.633320304502e-02,7.147848823769e-01,-1.470502504640e+01,2.254535259944e-03,5.080319880764e-04,-5.631550251839e+00
"                1585",-2.998799932811e-02,7.001944186238e-01,-9.074941482671e+00,-2.772862362157e-02,7.005924761278e-01,-1.470651785219e+01,2.259375706546e-03,3.980575039932e-04,-5.631576369518e+00
"                1586",-2.960950667111e-02,6.778179890546e-01,-9.075682178025e+00,-2.737357341278e-02,6.781153028913e-01,-1.470734230787e+01,2.235933258325e-03,2.973138367421e-04,-5.631660129846e+00
"                1587",-3.100101767333e-02,6.454014041805e-01,-9.075127662117e+00,-2.881276893627e-02,6.456231947924e-01,-1.470689712172e+01,2.188248737066e-03,2.217906118997e-04,-5.631769459607e+00
"                1588",-3.536279766200e-02,6.084941035640e-01,-9.072721964512e+00,-3.322036543752e-02,6.086697902477e-01,-1.470463228345e+01,2.142432224482e-03,1.756866837291e-04,-5.631910318936e+00
"                1589",-4.117125517217e-02,5.719074833837e-01,-9.069630910643e+00,-3.906386699774e-02,5.720682571230e-01,-1.470168660764e+01,2.107388174431e-03,1.607737393006e-04,-5.632055696993e+00
"                1590",-4.576675855841e-02,5.377977844661e-01,-9.067354266030e+00,-4.368312349364e-02,5.379662291286e-01,-1.469951157946e+01,2.083635064775e-03,1.684446625135e-04,-5.632157313427e+00
"                1591",-4.517187180485e-02,5.094812334125e-01,-9.065559484924e+00,-4.310115477245e-02,5.096615377730e-01,-1.469775314360e+01,2.070717032402e-03,1.803043604576e-04,-5.632193658677e+00
"                1592",-4.080393060755e-02,4.855526221173e-01,-9.064935095989e+00,-3.873712078350e-02,4.857479895954e-01,-1.469707970239e+01,2.066809824052e-03,1.953674781229e-04,-5.632144606406e+00
"                1593",-3.560626390916e-02,4.666999172885e-01,-9.065079138340e+00,-3.353460437558e-02,4.669093183501e-01,-1.469710695507e+01,2.071659533574e-03,2.094010616080e-04,-5.632027816726e+00
"                1594",-3.090136533572e-02,4.532197416889e-01,-9.065687982833e+00,-2.880279995079e-02,4.534443998772e-01,-1.469755407933e+01,2.098565384934e-03,2.246581882435e-04,-5.631866096501e+00
"                1595",-2.806640972929e-02,4.442066895626e-01,-9.066412168877e+00,-2.592403789722e-02,4.444475119801e-01,-1.469810769177e+01,2.142371832068e-03,2.408224174939e-04,-5.631695522896e+00
"                1596",-2.704701707955e-02,4.395166433155e-01,-9.067420242404e+00,-2.485981824641e-02,4.397714280470e-01,-1.469898118051e+01,2.187198833140e-03,2.547847315435e-04,-5.631560938103e+00
"                1597",-2.874946599508e-02,4.371574439299e-01,-9.068447574196e+00,-2.652790921104e-02,4.374413894296e-01,-1.469993513153e+01,2.221556784032e-03,2.839454997253e-04,-5.631487557332e+00
"                1598",-3.023747924229e-02,4.365624649580e-01,-9.069310667446e+00,-2.799917996836e-02,4.368902862078e-01,-1.470078366422e+01,2.238299273926e-03,3.278212497723e-04,-5.631472996770e+00
"                1599",-3.232381166518e-02,4.382244141142e-01,-9.070776222826e+00,-3.009342586115e-02,4.386187637074e-01,-1.470229442624e+01,2.230385804032e-03,3.943495931068e-04,-5.631518203415e+00
"                1600",-3.247701378280e-02,4.472554096607e-01,-9.071295937968e+00,-3.028051285495e-02,4.477198092744e-01,-1.470290600022e+01,2.196500927846e-03,4.643996136626e-04,-5.631610062249e+00
"                1601",-3.625263282620e-02,4.683859226350e-01,-9.071399711787e+00,-3.410742845276e-02,4.689225690178e-01,-1.470312835466e+01,2.145204373446e-03,5.366463827889e-04,-5.631728642877e+00
"                1602",-4.334754653880e-02,4.995849219920e-01,-9.070664215925e+00,-4.124787246550e-02,5.001853980902e-01,-1.470254226714e+01,2.099674073294e-03,6.004760981803e-04,-5.631878051218e+00
"                1603",-4.957274072530e-02,5.374419149417e-01,-9.068985334171e+00,-4.750697811747e-02,5.380980988502e-01,-1.470101161507e+01,2.065762607826e-03,6.561839085596e-04,-5.632026280895e+00
"                1604",-5.248408315998e-02,5.779712586735e-01,-9.067413818509e+00,-5.044041341659e-02,5.786714007770e-01,-1.469955010360e+01,2.043669743394e-03,7.001421034227e-04,-5.632136285095e+00
"                1605",-5.087974022871e-02,6.184357534716e-01,-9.066914669617e+00,-4.884709466926e-02,6.191730263986e-01,-1.469909226433e+01,2.032645559448e-03,7.372729269795e-04,-5.632177594709e+00
"                1606",-4.646265351022e-02,6.558538785275e-01,-9.067107883568e+00,-4.443233196773e-02,6.566082300476e-01,-1.469924514672e+01,2.030321542487e-03,7.543515201001e-04,-5.632137263152e+00
"                1607",-4.229845884348e-02,6.869590854722e-01,-9.068036421021e+00,-4.026004422134e-02,6.877038263311e-01,-1.470006404103e+01,2.038414622133e-03,7.447408588721e-04,-5.632027620008e+00
"                1608",-3.822345781853e-02,7.085210529879e-01,-9.070080831501e+00,-3.615580691026e-02,7.092297492109e-01,-1.470195841367e+01,2.067650908268e-03,7.086962229571e-04,-5.631877582167e+00
"                1609",-3.572685997861e-02,7.186515908212e-01,-9.071556543476e+00,-3.361151118768e-02,7.193069587476e-01,-1.470327819134e+01,2.115348790934e-03,6.553679264524e-04,-5.631721647868e+00
"                1610",-3.475810395889e-02,7.176501882197e-01,-9.072365786695e+00,-3.259100007351e-02,7.182375258522e-01,-1.470396535194e+01,2.167103885383e-03,5.873376325059e-04,-5.631599565248e+00
"                1611",-3.543254693932e-02,7.077177675956e-01,-9.073322517528e+00,-3.322452581381e-02,7.082269087536e-01,-1.470485466602e+01,2.208021125510e-03,5.091411579279e-04,-5.631532148488e+00
"                1612",-3.599388939853e-02,6.923753153767e-01,-9.073900642576e+00,-3.376209606101e-02,6.928048341598e-01,-1.470541620738e+01,2.231793337519e-03,4.295187831298e-04,-5.631515564803e+00
"                1613",-3.819542736483e-02,6.747450490117e-01,-9.074393711949e+00,-3.596534359820e-02,6.750981444203e-01,-1.470595094612e+01,2.230083766625e-03,3.530954086430e-04,-5.631557234174e+00
"                1614",-3.827176287808e-02,6.545028953724e-01,-9.074451929497e+00,-3.607134848011e-02,6.548000042763e-01,-1.470609806705e+01,2.200414397971e-03,2.971089039563e-04,-5.631646137554e+00
"                1615",-4.015504212433e-02,6.299463639206e-01,-9.073898698716e+00,-3.800330602707e-02,6.302053820499e-01,-1.470566114132e+01,2.151736097256e-03,2.590181292932e-04,-5.631762442601e+00
"                1616",-4.469750782403e-02,6.032245023320e-01,-9.072007382201e+00,-4.258698290131e-02,6.034720945288e-01,-1.470391635421e+01,2.110524922716e-03,2.475921968626e-04,-5.631908972013e+00
"                1617",-4.833195485517e-02,5.755914101182e-01,-9.069492644336e+00,-4.624950308988e-02,5.758387052162e-01,-1.470154005557e+01,2.082451765297e-03,2.472950980590e-04,-5.632047411235e+00
"                1618",-4.837062016753e-02,5.496537700411e-01,-9.066775596346e+00,-4.630484660150e-02,5.498959975748e-01,-1.469891043463e+01,2.065773566028e-03,2.422275337278e-04,-5.632134838287e+00
"                1619",-4.530547328480e-02,5.252969560734e-01,-9.064554009392e+00,-4.324894375178e-02,5.255208867510e-01,-1.469669939488e+01,2.056529533020e-03,2.239306776444e-04,-5.632145385487e+00
"                1620",-4.121026369020e-02,5.006246670164e-01,-9.063851834852e+00,-3.916023520210e-02,5.008239284796e-01,-1.469592732548e+01,2.050028488101e-03,1.992614632564e-04,-5.632075490626e+00
"                1621",-3.867457798887e-02,4.750803311283e-01,-9.064829367332e+00,-3.662031745748e-02,4.752615546466e-01,-1.469677277395e+01,2.054260531388e-03,1.812235183039e-04,-5.631943406616e+00
"                1622",-3.629059313897e-02,4.509520230930e-01,-9.066259062798e+00,-3.420994470386e-02,4.511249791660e-01,-1.469803457442e+01,2.080648435111e-03,1.729560730173e-04,-5.631775511622e+00
"                1623",-3.520107836732e-02,4.318579318594e-01,-9.067212339466e+00,-3.307656516807e-02,4.320341461373e-01,-1.469882914930e+01,2.124513199249e-03,1.762142778463e-04,-5.631616809838e+00
"                1624",-3.501174015119e-02,4.211381953704e-01,-9.067740738409e+00,-3.284228227208e-02,4.213387928215e-01,-1.469924372748e+01,2.169457879115e-03,2.005974511588e-04,-5.631502989071e+00
"                1625",-3.576050376833e-02,4.175519642362e-01,-9.068083316641e+00,-3.355499345518e-02,4.178090762312e-01,-1.469952773659e+01,2.205510313148e-03,2.571119950101e-04,-5.631444419953e+00
"                1626",-3.773937271660e-02,4.203470310751e-01,-9.068983617182e+00,-3.551991154215e-02,4.206913540849e-01,-1.470042697565e+01,2.219461174449e-03,3.443230098353e-04,-5.631443358469e+00
"                1627",-4.076785209267e-02,4.315088222053e-01,-9.071027241819e+00,-3.856130621642e-02,4.319591162953e-01,-1.470253227532e+01,2.206545876250e-03,4.502940900128e-04,-5.631505033500e+00
"                1628",-4.130355475465e-02,4.551138443861e-01,-9.072060841033e+00,-3.913618667062e-02,4.556630586949e-01,-1.470366763031e+01,2.167368084029e-03,5.492143087235e-04,-5.631606789279e+00
"                1629",-4.352089538807e-02,4.908558511439e-01,-9.071569070072e+00,-4.140214093402e-02,4.914939963344e-01,-1.470330877489e+01,2.118754454049e-03,6.381451905642e-04,-5.631739704818e+00
"                1630",-4.771097015981e-02,5.321545909976e-01,-9.070040131070e+00,-4.563297002735e-02,5.328515200872e-01,-1.470193809046e+01,2.078000132466e-03,6.969290896103e-04,-5.631897959385e+00
"                1631",-5.237662199158e-02,5.753463206708e-01,-9.067988803806e+00,-5.032953715046e-02,5.760725590329e-01,-1.470002884413e+01,2.047084841120e-03,7.262383621118e-04,-5.632040040326e+00
"                1632",-5.366553060747e-02,6.147865523829e-01,-9.066315788779e+00,-5.163988461728e-02,6.155241534541e-01,-1.469844611582e+01,2.025645990197e-03,7.376010712523e-04,-5.632130327038e+00
"                1633",-5.249447495157e-02,6.476210991987e-01,-9.066316235939e+00,-5.048219589876e-02,6.483571298373e-01,-1.469846093154e+01,2.012279052816e-03,7.360306386298e-04,-5.632144695602e+00
"                1634",-4.969535089293e-02,6.729223704846e-01,-9.067223761387e+00,-4.768892645815e-02,6.736400180828e-01,-1.469930606625e+01,2.006424434779e-03,7.176475981422e-04,-5.632082304863e+00
"                1635",-4.772035030086e-02,6.910413899017e-01,-9.069083855117e+00,-4.570305251011e-02,6.917214247908e-01,-1.470104237398e+01,2.017297790750e-03,6.800348891101e-04,-5.631958518862e+00
"                1636",-4.464307254219e-02,7.012876926201e-01,-9.071211679848e+00,-4.258898940151e-02,7.019219715435e-01,-1.470301320427e+01,2.054083140675e-03,6.342789233953e-04,-5.631801524418e+00
"                1637",-4.182017514100e-02,7.017481674019e-01,-9.071872718564e+00,-3.971311424609e-02,7.023431684018e-01,-1.470352706780e+01,2.107060894907e-03,5.950009998645e-04,-5.631654349232e+00
"                1638",-4.119187514041e-02,6.949460566860e-01,-9.072006635872e+00,-3.903170259875e-02,6.955035429282e-01,-1.470355560002e+01,2.160172541659e-03,5.574862422331e-04,-5.631548964150e+00
"                1639",-4.191042741269e-02,6.868830078377e-01,-9.072807564570e+00,-3.970849727725e-02,6.873963933191e-01,-1.470430419153e+01,2.201930135434e-03,5.133854814340e-04,-5.631496626958e+00
"                1640",-4.289044552942e-02,6.821191747180e-01,-9.074044382940e+00,-4.067016682507e-02,6.825810487650e-01,-1.470554396997e+01,2.220278704348e-03,4.618740470702e-04,-5.631499587026e+00
"                1641",-4.354455229128e-02,6.773796027479e-01,-9.075157841386e+00,-4.133287642493e-02,6.777882719722e-01,-1.470672220464e+01,2.211675866352e-03,4.086692242277e-04,-5.631564363253e+00
"                1642",-4.223873027979e-02,6.654794195801e-01,-9.075284540396e+00,-4.006329860850e-02,6.658465886017e-01,-1.470694833454e+01,2.175431671288e-03,3.671690216603e-04,-5.631663794146e+00
"                1643",-4.264735794752e-02,6.452129412458e-01,-9.073848015688e+00,-4.051827095824e-02,6.455357194327e-01,-1.470564168780e+01,2.129086989279e-03,3.227781869440e-04,-5.631793672111e+00
"                1644",-4.638680113138e-02,6.199036276722e-01,-9.070997978208e+00,-4.429689922056e-02,6.201890066831e-01,-1.470294499154e+01,2.089901910814e-03,2.853790109745e-04,-5.631947013328e+00
"                1645",-5.145267128145e-02,5.889657053823e-01,-9.068510316620e+00,-4.939305472814e-02,5.892174725845e-01,-1.470058332597e+01,2.059616553314e-03,2.517672022156e-04,-5.632073009352e+00
"                1646",-5.259426678734e-02,5.545847660069e-01,-9.066386235559e+00,-5.055545288038e-02,5.547930609552e-01,-1.469852480477e+01,2.038813906955e-03,2.082949483344e-04,-5.632138569212e+00
"                1647",-5.069221500395e-02,5.178199162852e-01,-9.064790246159e+00,-4.866518030600e-02,5.179821587253e-01,-1.469691291735e+01,2.027034697949e-03,1.622424401069e-04,-5.632122671191e+00
"                1648",-4.721194554858e-02,4.812033348212e-01,-9.064465904376e+00,-4.518886174523e-02,4.813296056609e-01,-1.469649635076e+01,2.023083803356e-03,1.262708396912e-04,-5.632030446389e+00
"                1649",-4.458507494408e-02,4.486643454846e-01,-9.065397717554e+00,-4.254631308393e-02,4.487836701774e-01,-1.469728365363e+01,2.038761860152e-03,1.193246928204e-04,-5.631885936077e+00
"                1650",-4.198458856413e-02,4.239015285110e-01,-9.066351232468e+00,-3.990570523027e-02,4.240399068147e-01,-1.469806855104e+01,2.078883333867e-03,1.383783036265e-04,-5.631717318576e+00
"                1651",-4.052260983144e-02,4.108005639417e-01,-9.066817635118e+00,-3.839366081560e-02,4.109835079921e-01,-1.469838648265e+01,2.128949015843e-03,1.829440503549e-04,-5.631568847534e+00
"                1652",-4.086311355019e-02,4.110931501536e-01,-9.067796381670e+00,-3.868934817552e-02,4.113441000226e-01,-1.469927156053e+01,2.173765374669e-03,2.509498689422e-04,-5.631475178856e+00
"                1653",-4.218218423318e-02,4.201684890529e-01,-9.068812839628e+00,-3.997675181471e-02,4.205172115888e-01,-1.470025413486e+01,2.205432418470e-03,3.487225359126e-04,-5.631441295227e+00
"                1654",-4.286062458493e-02,4.354732963795e-01,-9.070042714647e+00,-4.064699691615e-02,4.359337315735e-01,-1.470150973504e+01,2.213627668779e-03,4.604351939741e-04,-5.631467020389e+00
"                1655",-4.208960146642e-02,4.570220507535e-01,-9.071433826397e+00,-3.989525686328e-02,4.575871026609e-01,-1.470298642067e+01,2.194344603134e-03,5.650519074447e-04,-5.631552594278e+00
"                1656",-4.207114309543e-02,4.893016269063e-01,-9.071818722244e+00,-3.992256219722e-02,4.899390542878e-01,-1.470348354363e+01,2.148580898204e-03,6.374273815228e-04,-5.631664821387e+00
"                1657",-4.625354170045e-02,5.259652828888e-01,-9.070937744986e+00,-4.415430838202e-02,5.266483836020e-01,-1.470274538205e+01,2.099233318436e-03,6.831007132650e-04,-5.631807637059e+00
"                1658",-5.301780482145e-02,5.616083583814e-01,-9.069524048998e+00,-5.096121540498e-02,5.623056276267e-01,-1.470148775254e+01,2.056589416470e-03,6.972692452743e-04,-5.631963703545e+00
"                1659",-5.982970711631e-02,5.928996530691e-01,-9.067830299208e+00,-5.780644242679e-02,5.935879434523e-01,-1.469992706884e+01,2.023264689520e-03,6.882903832014e-04,-5.632096769628e+00
"                1660",-6.131448723980e-02,6.196402011451e-01,-9.066236690255e+00,-5.931326521652e-02,6.203159359197e-01,-1.469840533034e+01,2.001222023281e-03,6.757347745672e-04,-5.632168640084e+00
"                1661",-5.908882504502e-02,6.424677018458e-01,-9.066305967079e+00,-5.709620776900e-02,6.431322103438e-01,-1.469846168342e+01,1.992617276020e-03,6.645084980052e-04,-5.632155716345e+00
"                1662",-5.541268119879e-02,6.604306062310e-01,-9.067405676613e+00,-5.341725769608e-02,6.610898372560e-01,-1.469947401832e+01,1.995423502708e-03,6.592310250111e-04,-5.632068341709e+00
"                1663",-5.213756275421e-02,6.745394558900e-01,-9.069198038127e+00,-5.011822531928e-02,6.751908975607e-01,-1.470112770355e+01,2.019337434929e-03,6.514416707484e-04,-5.631929665420e+00
"                1664",-4.903210122455e-02,6.862753779233e-01,-9.071108246972e+00,-4.696626239483e-02,6.869192335824e-01,-1.470287805959e+01,2.065838829722e-03,6.438556591541e-04,-5.631769812623e+00
"                1665",-4.652559879386e-02,6.951808870085e-01,-9.071932543433e+00,-4.440387896623e-02,6.958183364159e-01,-1.470356513414e+01,2.121719827633e-03,6.374494073465e-04,-5.631632590702e+00
"                1666",-4.598618598300e-02,7.018395599673e-01,-9.072557670875e+00,-4.381486365687e-02,7.024596756685e-01,-1.470410422617e+01,2.171322326131e-03,6.201157011829e-04,-5.631546555294e+00
"                1667",-4.474015700802e-02,7.061216026422e-01,-9.073282510794e+00,-4.253474236199e-02,7.067050900725e-01,-1.470479269194e+01,2.205414646035e-03,5.834874302868e-04,-5.631510181145e+00
"                1668",-4.413337018485e-02,7.070693396069e-01,-9.074443086628e+00,-4.191846615220e-02,7.075904442070e-01,-1.470597402793e+01,2.214904032656e-03,5.211046001715e-04,-5.631530941305e+00
"                1669",-4.314115962197e-02,7.006229351542e-01,-9.074915525053e+00,-4.094723542500e-02,7.010631468798e-01,-1.470652531921e+01,2.193924196971e-03,4.402117256447e-04,-5.631609794158e+00
"                1670",-4.460073077141e-02,6.807662298763e-01,-9.074854682767e+00,-4.245526530224e-02,6.811265839580e-01,-1.470657005830e+01,2.145465469165e-03,3.603540816281e-04,-5.631715375537e+00
"                1671",-4.912842365547e-02,6.485685917834e-01,-9.073457427566e+00,-4.703268899477e-02,6.488537429505e-01,-1.470530865442e+01,2.095734660700e-03,2.851511670918e-04,-5.631851226849e+00
"                1672",-5.518600226623e-02,6.090295153849e-01,-9.070538512938e+00,-5.312937602892e-02,6.092518210048e-01,-1.470253604628e+01,2.056626237309e-03,2.223056199472e-04,-5.631997533344e+00
"                1673",-5.921678427833e-02,5.663781564812e-01,-9.067610773858e+00,-5.718654397464e-02,5.665534686069e-01,-1.469971555955e+01,2.030240303698e-03,1.753121257381e-04,-5.632104785688e+00
"                1674",-5.858245377621e-02,5.242948683271e-01,-9.065226244114e+00,-5.656642754378e-02,5.244331993661e-01,-1.469736941191e+01,2.016026232435e-03,1.383310390432e-04,-5.632143167793e+00
"                1675",-5.500488987508e-02,4.854264277883e-01,-9.063890366910e+00,-5.299293137146e-02,4.855496771764e-01,-1.469598738417e+01,2.011958503622e-03,1.232493880698e-04,-5.632097017258e+00
"                1676",-5.152368026799e-02,4.534478973940e-01,-9.064030062925e+00,-4.950794710603e-02,4.535812215391e-01,-1.469601225704e+01,2.015733161956e-03,1.333241450989e-04,-5.631982194112e+00
"                1677",-4.801720034641e-02,4.314604962985e-01,-9.065632127378e+00,-4.597581407057e-02,4.316335892716e-01,-1.469745433308e+01,2.041386275833e-03,1.730929731486e-04,-5.631822205699e+00
"                1678",-4.522305215005e-02,4.215975144329e-01,-9.066915441815e+00,-4.313594238835e-02,4.218294661639e-01,-1.469856856049e+01,2.087109761700e-03,2.319517310129e-04,-5.631653118674e+00
"                1679",-4.362720450848e-02,4.229226647255e-01,-9.067181430161e+00,-4.148948676212e-02,4.232254866897e-01,-1.469870042698e+01,2.137717746361e-03,3.028219641825e-04,-5.631518996822e+00
"                1680",-4.346518108812e-02,4.348721125764e-01,-9.067969242970e+00,-4.128662936129e-02,4.352507837591e-01,-1.469941346843e+01,2.178551726829e-03,3.786711827482e-04,-5.631444225459e+00
"                1681",-4.337501479566e-02,4.517029026850e-01,-9.068703739988e+00,-4.117466795257e-02,4.521599524158e-01,-1.470012946182e+01,2.200346843091e-03,4.570497307924e-04,-5.631425721835e+00
"                1682",-4.437547786802e-02,4.690321346459e-01,-9.069971026177e+00,-4.217996688330e-02,4.695670978107e-01,-1.470143735266e+01,2.195510984711e-03,5.349631647718e-04,-5.631466326481e+00
"                1683",-4.545177282355e-02,4.859206184092e-01,-9.071463828337e+00,-4.329065771319e-02,4.865141192380e-01,-1.470302373223e+01,2.161115110363e-03,5.935008288085e-04,-5.631559903896e+00
"                1684",-5.018641424365e-02,5.073027007037e-01,-9.072033149934e+00,-4.808084500622e-02,5.079308003567e-01,-1.470371614435e+01,2.105569237433e-03,6.280996529061e-04,-5.631682994412e+00
"                1685",-5.721469607587e-02,5.310958708577e-01,-9.070639872625e+00,-5.515849033938e-02,5.317379415557e-01,-1.470247770433e+01,2.056205736498e-03,6.420706979810e-04,-5.631837831705e+00
"                1686",-6.295418886458e-02,5.567477683404e-01,-9.068581173812e+00,-6.093268121404e-02,5.573941691835e-01,-1.470057012776e+01,2.021507650538e-03,6.464008430701e-04,-5.631988953948e+00
"                1687",-6.614787758298e-02,5.817612541948e-01,-9.066712969255e+00,-6.414917967390e-02,5.824155619351e-01,-1.469881483639e+01,1.998697909078e-03,6.543077403847e-04,-5.632101867135e+00
"                1688",-6.523209457515e-02,6.061117855016e-01,-9.065707154022e+00,-6.324487834468e-02,6.067898997945e-01,-1.469785467192e+01,1.987216230475e-03,6.781142929603e-04,-5.632147517899e+00
"                1689",-6.228724026852e-02,6.317806055287e-01,-9.066446057371e+00,-6.030268974406e-02,6.324889422930e-01,-1.469855714244e+01,1.984550524454e-03,7.083367642367e-04,-5.632111085073e+00
"                1690",-5.879353253630e-02,6.588281587935e-01,-9.068035092810e+00,-5.680068417319e-02,6.595626222039e-01,-1.470004192187e+01,1.992848363111e-03,7.344634104213e-04,-5.632006829063e+00
"                1691",-5.513184974592e-02,6.858807164212e-01,-9.070030623218e+00,-5.310820563698e-02,6.866312550325e-01,-1.470188947921e+01,2.023644108938e-03,7.505386113323e-04,-5.631858855994e+00
"                1692",-5.127752537229e-02,7.085973835673e-01,-9.071691902002e+00,-4.920246298155e-02,7.093488052615e-01,-1.470339475076e+01,2.075062390739e-03,7.514216941950e-04,-5.631702848762e+00
"                1693",-4.792647821793e-02,7.232076763393e-01,-9.072325249348e+00,-4.579672389318e-02,7.239435050932e-01,-1.470390330946e+01,2.129754324755e-03,7.358287539459e-04,-5.631578060109e+00
"                1694",-4.702736180718e-02,7.289327981655e-01,-9.072621463849e+00,-4.485486450243e-02,7.296164782226e-01,-1.470412921829e+01,2.172497304754e-03,6.836800570471e-04,-5.631507754442e+00
"                1695",-4.747705380365e-02,7.266594638762e-01,-9.073333186663e+00,-4.528242582104e-02,7.272595175763e-01,-1.470482146026e+01,2.194627982602e-03,6.000537001671e-04,-5.631488273594e+00
"                1696",-5.037897490823e-02,7.162530232890e-01,-9.074761085990e+00,-4.818895131572e-02,7.167466682825e-01,-1.470629052968e+01,2.190023592508e-03,4.936449935396e-04,-5.631529443686e+00
"                1697",-5.141730884228e-02,6.941961885796e-01,-9.075026303987e+00,-4.925943583443e-02,6.945838634012e-01,-1.470664718063e+01,2.157873007842e-03,3.876748215144e-04,-5.631620876643e+00
"                1698",-5.351552058173e-02,6.596129872609e-01,-9.074325840001e+00,-5.140828375530e-02,6.599062545802e-01,-1.470606309833e+01,2.107236826422e-03,2.932673193124e-04,-5.631737258331e+00
"                1699",-5.733756566664e-02,6.180308413449e-01,-9.072230131588e+00,-5.527155837927e-02,6.182613129908e-01,-1.470411401073e+01,2.066007287371e-03,2.304716458836e-04,-5.631883879145e+00
"                1700",-6.160553154564e-02,5.745630144852e-01,-9.069233268794e+00,-5.956771830709e-02,5.747605194725e-01,-1.470125811932e+01,2.037813238552e-03,1.975049872639e-04,-5.632024850522e+00
"                1701",-6.289468674109e-02,5.339650347574e-01,-9.066535468780e+00,-6.087371869563e-02,5.341525951337e-01,-1.469864642773e+01,2.020968045460e-03,1.875603762632e-04,-5.632110958955e+00
"                1702",-6.083838123365e-02,5.004147802262e-01,-9.065070240979e+00,-5.882682778663e-02,5.006064477538e-01,-1.469719205031e+01,2.011553447019e-03,1.916675276626e-04,-5.632121809335e+00
"                1703",-5.661433680524e-02,4.756924590260e-01,-9.064333478724e+00,-5.460664603213e-02,4.759027221570e-01,-1.469638852919e+01,2.007690773105e-03,2.102631309491e-04,-5.632055050470e+00
"                1704",-5.258793257929e-02,4.586965142506e-01,-9.064496495408e+00,-5.057186333847e-02,4.589438247530e-01,-1.469642074006e+01,2.016069240817e-03,2.473105023303e-04,-5.631924244656e+00
"                1705",-4.867710097574e-02,4.485194238359e-01,-9.065844487469e+00,-4.662949030735e-02,4.488125416014e-01,-1.469760186819e+01,2.047610668384e-03,2.931177654863e-04,-5.631757380718e+00
"                1706",-4.608183846068e-02,4.477430722795e-01,-9.066805879160e+00,-4.398728142160e-02,4.480734987772e-01,-1.469840392340e+01,2.094557039076e-03,3.304264977127e-04,-5.631598044239e+00
"                1707",-4.606520802139e-02,4.528563957956e-01,-9.067357173541e+00,-4.392704078232e-02,4.532219860053e-01,-1.469883858750e+01,2.138167239074e-03,3.655902096772e-04,-5.631481413962e+00
"                1708",-4.814168234560e-02,4.595837610480e-01,-9.068495585698e+00,-4.597193035207e-02,4.599880921058e-01,-1.469991748466e+01,2.169751993533e-03,4.043310578826e-04,-5.631421898961e+00
"                1709",-5.100324165301e-02,4.632033936677e-01,-9.069503716792e+00,-4.882347410125e-02,4.636546234439e-01,-1.470092698367e+01,2.179767551759e-03,4.512297761612e-04,-5.631423266880e+00
"                1710",-5.364211865711e-02,4.668841575855e-01,-9.070605481247e+00,-5.147645476380e-02,4.673855202358e-01,-1.470209180536e+01,2.165663893308e-03,5.013626502536e-04,-5.631486324110e+00
"                1711",-5.310943736634e-02,4.762724930635e-01,-9.071315865881e+00,-5.098186873848e-02,4.768173104763e-01,-1.470290370593e+01,2.127568627866e-03,5.448174127592e-04,-5.631587840052e+00
"                1712",-5.523450133830e-02,4.938647207156e-01,-9.071143949745e+00,-5.315522364390e-02,4.944576176588e-01,-1.470286376959e+01,2.079277694403e-03,5.928969431801e-04,-5.631719819840e+00
"                1713",-6.119115743886e-02,5.173933330318e-01,-9.069621483392e+00,-5.915301306236e-02,5.180270163221e-01,-1.470149781524e+01,2.038144376493e-03,6.336832903648e-04,-5.631876331849e+00
"                1714",-6.764944360836e-02,5.479943116272e-01,-9.067970732167e+00,-6.564271762671e-02,5.486667375009e-01,-1.469998959147e+01,2.006725981647e-03,6.724258736649e-04,-5.632018859306e+00
"                1715",-6.960056483948e-02,5.836448162196e-01,-9.066538770015e+00,-6.761395764094e-02,5.843630515010e-01,-1.469864978155e+01,1.986607198535e-03,7.182352813649e-04,-5.632111011532e+00
"                1716",-6.737105566120e-02,6.221305191312e-01,-9.065730583736e+00,-6.539538344772e-02,6.229005495082e-01,-1.469785891292e+01,1.975672213478e-03,7.700303770596e-04,-5.632128329185e+00
"                1717",-6.302882416350e-02,6.607419336377e-01,-9.066522241995e+00,-6.105552347258e-02,6.615540948978e-01,-1.469858795446e+01,1.973300690913e-03,8.121612601233e-04,-5.632065712469e+00
"                1718",-5.904204496278e-02,6.953939560633e-01,-9.068508794747e+00,-5.705669920097e-02,6.962188229768e-01,-1.470045266397e+01,1.985345761806e-03,8.248669135171e-04,-5.631943869220e+00
"                1719",-5.508867118621e-02,7.224209248737e-01,-9.070371733520e+00,-5.306847383266e-02,7.232298896884e-01,-1.470215835315e+01,2.020197353548e-03,8.089648146759e-04,-5.631786619630e+00
"                1720",-5.314644971176e-02,7.377005415738e-01,-9.071461684738e+00,-5.107831274749e-02,7.384679020214e-01,-1.470309988828e+01,2.068136964270e-03,7.673604476601e-04,-5.631638203537e+00
"                1721",-5.321471495182e-02,7.394556812645e-01,-9.072385942037e+00,-5.109798886224e-02,7.401585979218e-01,-1.470391694260e+01,2.116726089576e-03,7.029166572657e-04,-5.631531000565e+00
"                1722",-5.430720003315e-02,7.310074789769e-01,-9.073072987184e+00,-5.215186858710e-02,7.316165722455e-01,-1.470455087122e+01,2.155331446054e-03,6.090932685610e-04,-5.631477884034e+00
"                1723",-5.500204789203e-02,7.159756504678e-01,-9.073984618346e+00,-5.282814090034e-02,7.164781260127e-01,-1.470546127362e+01,2.173906991688e-03,5.024755448876e-04,-5.631476655272e+00
"                1724",-5.561198097169e-02,6.936815574552e-01,-9.074925287750e+00,-5.344515373098e-02,6.940815550973e-01,-1.470646162326e+01,2.166827240707e-03,3.999976421713e-04,-5.631536335514e+00
"                1725",-5.515277556620e-02,6.622680564550e-01,-9.074802096419e+00,-5.302128821728e-02,6.625947328395e-01,-1.470643338126e+01,2.131487348918e-03,3.266763844930e-04,-5.631631284840e+00
"                1726",-5.644862262480e-02,6.262598902420e-01,-9.073474102513e+00,-5.436363868454e-02,6.265356462635e-01,-1.470522954092e+01,2.084983940257e-03,2.757560215122e-04,-5.631755438407e+00
"                1727",-6.073843245616e-02,5.922546667020e-01,-9.071634960036e+00,-5.869285844891e-02,5.925151385074e-01,-1.470353631540e+01,2.045574007249e-03,2.604718054058e-04,-5.631901355366e+00
"                1728",-6.509137569978e-02,5.628280260584e-01,-9.068748787542e+00,-6.307550127245e-02,5.630982018075e-01,-1.470078032101e+01,2.015874427331e-03,2.701757490995e-04,-5.632031533468e+00
"                1729",-6.521084331621e-02,5.379094900007e-01,-9.065720756560e+00,-6.321398778150e-02,5.381971391066e-01,-1.469781794772e+01,1.996855534709e-03,2.876491058818e-04,-5.632097191158e+00
"                1730",-6.172305996401e-02,5.160416654376e-01,-9.064306616293e+00,-5.973509845268e-02,5.163399920753e-01,-1.469638811037e+01,1.987961511329e-03,2.983266376355e-04,-5.632081494077e+00
"                1731",-5.683376367188e-02,4.979752610819e-01,-9.064198844066e+00,-5.484948216434e-02,4.982743374638e-01,-1.469619007533e+01,1.984281507536e-03,2.990763818765e-04,-5.631991231263e+00
"                1732",-5.420579957018e-02,4.826341123590e-01,-9.065120357279e+00,-5.220907884707e-02,4.829352237682e-01,-1.469696731667e+01,1.996720723118e-03,3.011114091685e-04,-5.631846959386e+00
"                1733",-5.266542646288e-02,4.686989950363e-01,-9.066782967700e+00,-5.063398707824e-02,4.690039104863e-01,-1.469845979432e+01,2.031439384637e-03,3.049154500379e-04,-5.631676826624e+00
"                1734",-5.198477019442e-02,4.577437146147e-01,-9.067452828148e+00,-4.990728966705e-02,4.580540266407e-01,-1.469897990276e+01,2.077480527376e-03,3.103120259628e-04,-5.631527074617e+00
"                1735",-5.308402937675e-02,4.498637785926e-01,-9.067788811924e+00,-5.096282522454e-02,4.501906017688e-01,-1.469922055998e+01,2.121204152207e-03,3.268231761812e-04,-5.631431748060e+00
"                1736",-5.431217600653e-02,4.444050722285e-01,-9.068818285798e+00,-5.215786685541e-02,4.447684492338e-01,-1.470021175590e+01,2.154309151127e-03,3.633770052480e-04,-5.631393470106e+00
"                1737",-5.483824977694e-02,4.419570835413e-01,-9.070196343563e+00,-5.267319996411e-02,4.423844973331e-01,-1.470160943854e+01,2.165049812829e-03,4.274137918051e-04,-5.631413094979e+00
"                1738",-5.511580488817e-02,4.463741437701e-01,-9.071415341731e+00,-5.296759378390e-02,4.468874995684e-01,-1.470290861776e+01,2.148211104270e-03,5.133557983403e-04,-5.631493276024e+00
"                1739",-5.609863188531e-02,4.647273908869e-01,-9.072317677752e+00,-5.399399618086e-02,4.653264440816e-01,-1.470392040682e+01,2.104635704447e-03,5.990531946545e-04,-5.631602729067e+00
"                1740",-6.021629237279e-02,4.965337865883e-01,-9.071685961708e+00,-5.815999599516e-02,4.972167798420e-01,-1.470343114989e+01,2.056296377628e-03,6.829932536928e-04,-5.631745188180e+00
"                1741",-6.622933915301e-02,5.368395768380e-01,-9.069442786569e+00,-6.421365530629e-02,5.375947281574e-01,-1.470134543698e+01,2.015683846718e-03,7.551513193209e-04,-5.631902650408e+00
"                1742",-7.146627887028e-02,5.814794882834e-01,-9.067489107202e+00,-6.948151948773e-02,5.822890149288e-01,-1.469952606369e+01,1.984759382546e-03,8.095266454586e-04,-5.632036956484e+00
"                1743",-7.169598910090e-02,6.255634998114e-01,-9.066278081450e+00,-6.973190358863e-02,6.264152925898e-01,-1.469839115536e+01,1.964085512276e-03,8.517927783951e-04,-5.632113073913e+00
"                1744",-6.896473364444e-02,6.654574622331e-01,-9.066025271015e+00,-6.701075961071e-02,6.663291059181e-01,-1.469813090688e+01,1.953974033729e-03,8.716436850116e-04,-5.632105635863e+00
"                1745",-6.584862790530e-02,6.978554972439e-01,-9.067079830520e+00,-6.389509084679e-02,6.987229781699e-01,-1.469910204762e+01,1.953537058510e-03,8.674809259761e-04,-5.632022217096e+00
"                1746",-6.292897325648e-02,7.200234265004e-01,-9.069345474772e+00,-6.095600482009e-02,7.208545403612e-01,-1.470123292695e+01,1.972968436386e-03,8.311138607405e-04,-5.631887452179e+00
"                1747",-6.035014479642e-02,7.307142708434e-01,-9.071350607159e+00,-5.833298833100e-02,7.314903292986e-01,-1.470307794564e+01,2.017156465414e-03,7.760584551745e-04,-5.631727338484e+00
"                1748",-5.899376013016e-02,7.303879490398e-01,-9.072426253271e+00,-5.692158750183e-02,7.310982175003e-01,-1.470401615737e+01,2.072172628330e-03,7.102684605253e-04,-5.631589904100e+00
"                1749",-5.848008487288e-02,7.191908505687e-01,-9.073245788915e+00,-5.635510389369e-02,7.198313707290e-01,-1.470474813477e+01,2.124980979193e-03,6.405201602186e-04,-5.631502345855e+00
"                1750",-5.732293380171e-02,7.025578637514e-01,-9.073475940582e+00,-5.516048934691e-02,7.031241078325e-01,-1.470494236829e+01,2.162444454806e-03,5.662440811537e-04,-5.631466427710e+00
"                1751",-5.747860288403e-02,6.870000831793e-01,-9.074375422231e+00,-5.530457878248e-02,6.874925433383e-01,-1.470586141113e+01,2.174024101557e-03,4.924601590034e-04,-5.631485988900e+00
"                1752",-5.734086583993e-02,6.720473632397e-01,-9.075546840466e+00,-5.518539703660e-02,6.724791053368e-01,-1.470711201622e+01,2.155468803338e-03,4.317420971286e-04,-5.631565175759e+00
"                1753",-5.828252637872e-02,6.539341333626e-01,-9.075586982086e+00,-5.617253163315e-02,6.543300013921e-01,-1.470726004216e+01,2.109994745564e-03,3.958680295529e-04,-5.631673060071e+00
"                1754",-6.093915043607e-02,6.317257411802e-01,-9.073769961403e+00,-5.887719323457e-02,6.321022362839e-01,-1.470558334469e+01,2.061957201500e-03,3.764951036423e-04,-5.631813383289e+00
"                1755",-6.469742931654e-02,6.075586634520e-01,-9.071051950695e+00,-6.267294773047e-02,6.079283416636e-01,-1.470301562473e+01,2.024481586065e-03,3.696782115112e-04,-5.631963674039e+00
"                1756",-6.808398519965e-02,5.832138638615e-01,-9.067998403905e+00,-6.608572236225e-02,5.835748382126e-01,-1.470007850601e+01,1.998262837398e-03,3.609743511606e-04,-5.632080102110e+00
"                1757",-6.777354533540e-02,5.593669263945e-01,-9.065067938183e+00,-6.579123503267e-02,5.597025433051e-01,-1.469719716852e+01,1.982310302725e-03,3.356169105778e-04,-5.632129230339e+00
"                1758",-6.527460452580e-02,5.327496676926e-01,-9.064477584308e+00,-6.330068475561e-02,5.330529243978e-01,-1.469656521454e+01,1.973919770190e-03,3.032567051747e-04,-5.632087630230e+00
"                1759",-6.260348659688e-02,5.038329830564e-01,-9.065069905400e+00,-6.062903407569e-02,5.041037030253e-01,-1.469704995583e+01,1.974452521193e-03,2.707199688887e-04,-5.631980050428e+00
"                1760",-6.032912104430e-02,4.746735561907e-01,-9.066294558896e+00,-5.833014231679e-02,4.749244086011e-01,-1.469811925688e+01,1.998978727514e-03,2.508524104014e-04,-5.631824697984e+00
"                1761",-5.813192827313e-02,4.495040165290e-01,-9.067621399823e+00,-5.608683611817e-02,4.497523524861e-01,-1.469927973863e+01,2.045092154959e-03,2.483359571102e-04,-5.631658338811e+00
"                1762",-5.568844312506e-02,4.325063081746e-01,-9.067976598654e+00,-5.359134500904e-02,4.327728784616e-01,-1.469950181104e+01,2.097098116023e-03,2.665702869918e-04,-5.631525212384e+00
"                1763",-5.526095847409e-02,4.254242876615e-01,-9.068253868120e+00,-5.312084646032e-02,4.257445761425e-01,-1.469970369592e+01,2.140112013773e-03,3.202884810725e-04,-5.631449827803e+00
"                1764",-5.542127478338e-02,4.278630076477e-01,-9.069286997023e+00,-5.325531484117e-02,4.282670827235e-01,-1.470071729892e+01,2.165959942219e-03,4.040750758340e-04,-5.631430301896e+00
"                1765",-5.814824436530e-02,4.390143866751e-01,-9.071235511868e+00,-5.598408194338e-02,4.395290336996e-01,-1.470270828667e+01,2.164162421916e-03,5.146470244484e-04,-5.631472774804e+00
"                1766",-5.954781804155e-02,4.612029717552e-01,-9.072212306158e+00,-5.741460433317e-02,4.618297415442e-01,-1.470378232439e+01,2.133213708381e-03,6.267697889453e-04,-5.631570018236e+00
"                1767",-6.168381794816e-02,4.959610109709e-01,-9.072488273637e+00,-5.960328218212e-02,4.966873108656e-01,-1.470418178751e+01,2.080535766047e-03,7.262998946377e-04,-5.631693513869e+00
"                1768",-6.578513611817e-02,5.379359888096e-01,-9.071132955092e+00,-6.375199004515e-02,5.387322192101e-01,-1.470298030925e+01,2.033146073013e-03,7.962304005679e-04,-5.631847354158e+00
"                1769",-7.119993347084e-02,5.820629213512e-01,-9.068634222413e+00,-6.920349432826e-02,5.828961496612e-01,-1.470063123188e+01,1.996439142575e-03,8.332283100757e-04,-5.631997009464e+00
"                1770",-7.533582611697e-02,6.227142992736e-01,-9.066668149699e+00,-7.336807129370e-02,6.235572074563e-01,-1.469877591841e+01,1.967754823271e-03,8.429081826946e-04,-5.632107768709e+00
"                1771",-7.611192994841e-02,6.562326916429e-01,-9.066236414598e+00,-7.416196073079e-02,6.570712151250e-01,-1.469838776153e+01,1.949969217624e-03,8.385234821459e-04,-5.632151346930e+00
"                1772",-7.443663056367e-02,6.810408144042e-01,-9.066770434065e+00,-7.249325009865e-02,6.818603356195e-01,-1.469888567065e+01,1.943380465016e-03,8.195212152803e-04,-5.632115236584e+00
"                1773",-7.138292170629e-02,6.980323216482e-01,-9.068074719828e+00,-6.943296093200e-02,6.988184664495e-01,-1.470008381816e+01,1.949960774293e-03,7.861448012460e-04,-5.632009098334e+00
"                1774",-6.683174645752e-02,7.079567139014e-01,-9.070269998497e+00,-6.485088609154e-02,7.087013285667e-01,-1.470213118564e+01,1.980860365982e-03,7.446146653478e-04,-5.631861187142e+00
"                1775",-6.245612162490e-02,7.099815233405e-01,-9.071537094367e+00,-6.042317298685e-02,7.106898257702e-01,-1.470324140827e+01,2.032948638058e-03,7.083024296658e-04,-5.631704313903e+00
"                1776",-6.029353621514e-02,7.069566277779e-01,-9.072079846688e+00,-5.820693208235e-02,7.076366558864e-01,-1.470365769092e+01,2.086604132793e-03,6.800281085037e-04,-5.631577844234e+00
"                1777",-6.046989210600e-02,7.024234443137e-01,-9.073143995638e+00,-5.834172396830e-02,7.030705888821e-01,-1.470464963659e+01,2.128168137700e-03,6.471445684365e-04,-5.631505640952e+00
"                1778",-6.034003581951e-02,7.008658774711e-01,-9.073922421333e+00,-5.818944485955e-02,7.014750058524e-01,-1.470540789947e+01,2.150590959960e-03,6.091283812935e-04,-5.631485478138e+00
"                1779",-6.116287539245e-02,7.002057115306e-01,-9.075059742786e+00,-5.901487557791e-02,7.007687743182e-01,-1.470658405057e+01,2.147999814542e-03,5.630627876068e-04,-5.631524307780e+00
"                1780",-5.961914079026e-02,6.946239412029e-01,-9.075585736182e+00,-5.750135287915e-02,6.951429742264e-01,-1.470719949018e+01,2.117787911108e-03,5.190330235322e-04,-5.631613754001e+00
"                1781",-6.064621261010e-02,6.798567443648e-01,-9.074884100038e+00,-5.857934162582e-02,6.803285033044e-01,-1.470661246701e+01,2.066870984275e-03,4.717589396728e-04,-5.631728366971e+00
"                1782",-6.560873615138e-02,6.572636647668e-01,-9.072593123320e+00,-6.358635960482e-02,6.576891085016e-01,-1.470446815959e+01,2.022376546556e-03,4.254437347683e-04,-5.631875036265e+00
"                1783",-7.172227918579e-02,6.268614007182e-01,-9.070299229927e+00,-6.973341436008e-02,6.272421807880e-01,-1.470231218497e+01,1.988864825711e-03,3.807800698260e-04,-5.632012955041e+00
"                1784",-7.511582536847e-02,5.902603075077e-01,-9.067994936815e+00,-7.314796448379e-02,5.905941550877e-01,-1.470009571476e+01,1.967860884683e-03,3.338475800254e-04,-5.632100777944e+00
"                1785",-7.420960102002e-02,5.502935698899e-01,-9.065613066355e+00,-7.225174390660e-02,5.505756898964e-01,-1.469772977831e+01,1.957857113415e-03,2.821200064500e-04,-5.632116711955e+00
"                1786",-6.975432850817e-02,5.100276749607e-01,-9.064818035948e+00,-6.779819798243e-02,5.102647482049e-01,-1.469686813390e+01,1.956130525737e-03,2.370732442520e-04,-5.632050097951e+00
"                1787",-6.531956115043e-02,4.732578221827e-01,-9.065287543977e+00,-6.335253197527e-02,4.734794077605e-01,-1.469720958718e+01,1.967029175161e-03,2.215855777641e-04,-5.631922043201e+00
"                1788",-6.112239173541e-02,4.442683832606e-01,-9.066323936024e+00,-5.912222471369e-02,4.445045660745e-01,-1.469807956398e+01,2.000167021724e-03,2.361828139339e-04,-5.631755627961e+00
"                1789",-5.862086167110e-02,4.277638149199e-01,-9.067376003452e+00,-5.657222143181e-02,4.280437774436e-01,-1.469896936868e+01,2.048640239291e-03,2.799625237701e-04,-5.631593365224e+00
"                1790",-5.859003552149e-02,4.256323440253e-01,-9.068425863426e+00,-5.649566160016e-02,4.259797255785e-01,-1.469990040149e+01,2.094373921331e-03,3.473815532179e-04,-5.631474538065e+00
"                1791",-5.988049206076e-02,4.343745514489e-01,-9.069123630809e+00,-5.775091000362e-02,4.348200897501e-01,-1.470054010505e+01,2.129582057137e-03,4.455383012797e-04,-5.631416474244e+00
"                1792",-6.108345993033e-02,4.500154336185e-01,-9.069902068037e+00,-5.894056192289e-02,4.505708319122e-01,-1.470131983339e+01,2.142898007438e-03,5.553982937424e-04,-5.631417765357e+00
"                1793",-6.260672275374e-02,4.717312058879e-01,-9.071216858333e+00,-6.047612349240e-02,4.723951413878e-01,-1.470269627986e+01,2.130599261344e-03,6.639354999016e-04,-5.631479421532e+00
"                1794",-6.202207448661e-02,5.016843260733e-01,-9.071639677424e+00,-5.993074561519e-02,5.024274505381e-01,-1.470321901804e+01,2.091328871414e-03,7.431244648247e-04,-5.631579340619e+00
"                1795",-6.553009578917e-02,5.365680072587e-01,-9.071554901264e+00,-6.349103435043e-02,5.373647833019e-01,-1.470326241728e+01,2.039061438744e-03,7.967760432593e-04,-5.631707516017e+00
"                1796",-7.289973688270e-02,5.703871783251e-01,-9.070611656253e+00,-7.090647531925e-02,5.712012875696e-01,-1.470247310438e+01,1.993261563454e-03,8.141092445304e-04,-5.631861448125e+00
"                1797",-8.058419505468e-02,6.003025762597e-01,-9.068586554393e+00,-7.862453892505e-02,6.011102460830e-01,-1.470059129024e+01,1.959656129631e-03,8.076698232251e-04,-5.632004735848e+00
"                1798",-8.263610928361e-02,6.252023222499e-01,-9.066478862074e+00,-8.069763744406e-02,6.259948877269e-01,-1.469857881405e+01,1.938471839548e-03,7.925654769028e-04,-5.632099951971e+00
"                1799",-8.012758042094e-02,6.463447654606e-01,-9.066029688894e+00,-7.819843103271e-02,6.471286614904e-01,-1.469814751039e+01,1.929149388221e-03,7.838960298066e-04,-5.632117821494e+00
"                1800",-7.525792428765e-02,6.639023262322e-01,-9.066665041752e+00,-7.332943950581e-02,6.646877616401e-01,-1.469872161497e+01,1.928484781847e-03,7.854354078246e-04,-5.632056573218e+00
"                1801",-7.133038172790e-02,6.797812927254e-01,-9.068289936770e+00,-6.938869769021e-02,6.805687708886e-01,-1.470022267972e+01,1.941684037694e-03,7.874781632620e-04,-5.631932742946e+00
"                1802",-6.756649849606e-02,6.955064966500e-01,-9.070864701198e+00,-6.559017001658e-02,6.962949394609e-01,-1.470263897087e+01,1.976328479482e-03,7.884428109686e-04,-5.631774269672e+00
"                1803",-6.469543865956e-02,7.096464235395e-01,-9.072263028738e+00,-6.266993979678e-02,7.104368017955e-01,-1.470388674018e+01,2.025498862771e-03,7.903782560378e-04,-5.631623711445e+00
"                1804",-6.374589346640e-02,7.209722867720e-01,-9.072946640350e+00,-6.167231476574e-02,7.217577882096e-01,-1.470446150033e+01,2.073578700662e-03,7.855014376198e-04,-5.631514859976e+00
"                1805",-6.303736912724e-02,7.284319845812e-01,-9.073697420650e+00,-6.092561252904e-02,7.291905791473e-01,-1.470515650196e+01,2.111756598200e-03,7.585945661073e-04,-5.631459081312e+00
"                1806",-6.260203142125e-02,7.327516249544e-01,-9.074452774020e+00,-6.047328375944e-02,7.334546664499e-01,-1.470590902536e+01,2.128747661811e-03,7.030414955216e-04,-5.631456251339e+00
"                1807",-6.394976497876e-02,7.311731477592e-01,-9.075291065568e+00,-6.183104837591e-02,7.317918983957e-01,-1.470680526793e+01,2.118716602851e-03,6.187506365119e-04,-5.631514202360e+00
"                1808",-6.513694455327e-02,7.160688789046e-01,-9.075810426493e+00,-6.305671262447e-02,7.166017924607e-01,-1.470742005207e+01,2.080231928808e-03,5.329135560873e-04,-5.631609625577e+00
"                1809",-6.832650052368e-02,6.851465365872e-01,-9.075062371323e+00,-6.629593743504e-02,6.855898252002e-01,-1.470679746319e+01,2.030563088639e-03,4.432886130357e-04,-5.631735091871e+00
"                1810",-7.405417430707e-02,6.444368774468e-01,-9.072679267063e+00,-7.206363105749e-02,6.448047446727e-01,-1.470456572811e+01,1.990543249575e-03,3.678672258705e-04,-5.631886461049e+00
"                1811",-7.812221759653e-02,5.987624408045e-01,-9.070027664642e+00,-7.615874977010e-02,5.990720644920e-01,-1.470204592943e+01,1.963467826430e-03,3.096236875363e-04,-5.632018264790e+00
"                1812",-7.748515823693e-02,5.533269104803e-01,-9.067236684366e+00,-7.553582305519e-02,5.535932394845e-01,-1.469932781864e+01,1.949335181732e-03,2.663290042125e-04,-5.632091134277e+00
"                1813",-7.387238962008e-02,5.117024766304e-01,-9.065103012680e+00,-7.192831143719e-02,5.119450628518e-01,-1.469718573896e+01,1.944078182883e-03,2.425862213546e-04,-5.632082726278e+00
"                1814",-6.923251383873e-02,4.775774902822e-01,-9.064695559552e+00,-6.728987283074e-02,4.778200247913e-01,-1.469669319286e+01,1.942641007988e-03,2.425345090789e-04,-5.631997633313e+00
"                1815",-6.586214826223e-02,4.541040059555e-01,-9.066083113458e+00,-6.390713494055e-02,4.543803283592e-01,-1.469793852251e+01,1.955013321673e-03,2.763224037557e-04,-5.631855409047e+00
"                1816",-6.330772840201e-02,4.419186169716e-01,-9.067650311934e+00,-6.131701624849e-02,4.422532425044e-01,-1.469933708509e+01,1.990712153515e-03,3.346255327844e-04,-5.631686773158e+00
"                1817",-6.196787619126e-02,4.412803682007e-01,-9.068421589018e+00,-5.992954360382e-02,4.416835581336e-01,-1.469995979234e+01,2.038332587442e-03,4.031899328631e-04,-5.631538203326e+00
"                1818",-6.213403363509e-02,4.519026104707e-01,-9.068961620028e+00,-6.005072384092e-02,4.523786584498e-01,-1.470040494169e+01,2.083309794175e-03,4.760479791723e-04,-5.631443321662e+00
"                1819",-6.338502225597e-02,4.689569633144e-01,-9.069355068021e+00,-6.126946963275e-02,4.695079957662e-01,-1.470075940095e+01,2.115552623218e-03,5.510324517944e-04,-5.631404332930e+00
"                1820",-6.552931021736e-02,4.858277641533e-01,-9.070458540960e+00,-6.340585654082e-02,4.864538787661e-01,-1.470188071657e+01,2.123453676532e-03,6.261146127652e-04,-5.631422175612e+00
"                1821",-6.810537279611e-02,5.006829373938e-01,-9.072605267662e+00,-6.600170506196e-02,5.013738892814e-01,-1.470410751130e+01,2.103667734149e-03,6.909518876242e-04,-5.631502243637e+00
"                1822",-7.064190501373e-02,5.178766807480e-01,-9.073544849142e+00,-6.858300854656e-02,5.186055180653e-01,-1.470516058464e+01,2.058896467174e-03,7.288373172505e-04,-5.631615735503e+00
"                1823",-7.445596493758e-02,5.388462020555e-01,-9.072318853162e+00,-7.244536637098e-02,5.395970490714e-01,-1.470407928288e+01,2.010598566603e-03,7.508470158773e-04,-5.631760429716e+00
"                1824",-7.892386570217e-02,5.614261116110e-01,-9.069967436518e+00,-7.695091272576e-02,5.621854750988e-01,-1.470188744737e+01,1.972952976408e-03,7.593634878358e-04,-5.631920010848e+00
"                1825",-8.298396565112e-02,5.848367374449e-01,-9.067693377897e+00,-8.103903143717e-02,5.856048026766e-01,-1.469974927806e+01,1.944934213957e-03,7.680652317214e-04,-5.632055900159e+00
"                1826",-8.325833526561e-02,6.089493451883e-01,-9.066180538950e+00,-8.133202388267e-02,6.097428459396e-01,-1.469831320813e+01,1.926311382946e-03,7.935007512993e-04,-5.632132669176e+00
"                1827",-8.065057230775e-02,6.363150327951e-01,-9.066766371712e+00,-7.873468433011e-02,6.371436235303e-01,-1.469889062924e+01,1.915887977633e-03,8.285907351667e-04,-5.632124257528e+00
"                1828",-7.658326867514e-02,6.665798518117e-01,-9.068200402579e+00,-7.466832506181e-02,6.674468706263e-01,-1.470024388988e+01,1.914943613323e-03,8.670188145616e-04,-5.632043487296e+00
"                1829",-7.290115587770e-02,6.972659855346e-01,-9.070122255168e+00,-7.096762808582e-02,6.981598671178e-01,-1.470203123569e+01,1.933527791879e-03,8.938815831391e-04,-5.631908980523e+00
"                1830",-6.940172335607e-02,7.247664300950e-01,-9.072104420430e+00,-6.742626662436e-02,7.256711208035e-01,-1.470385444617e+01,1.975456731703e-03,9.046907085170e-04,-5.631750025745e+00
"                1831",-6.676559674898e-02,7.450830059585e-01,-9.072770987585e+00,-6.473777686470e-02,7.459782834541e-01,-1.470438255239e+01,2.027819884281e-03,8.952774955629e-04,-5.631611564809e+00
"                1832",-6.674150020933e-02,7.553145522082e-01,-9.073122458337e+00,-6.466629274280e-02,7.561679254465e-01,-1.470464381744e+01,2.075207466529e-03,8.533732382906e-04,-5.631521359105e+00
"                1833",-6.759449691313e-02,7.556932954369e-01,-9.074069083197e+00,-6.548614716170e-02,7.564691535993e-01,-1.470555112984e+01,2.108349751435e-03,7.758581623812e-04,-5.631482046641e+00
"                1834",-6.951075728895e-02,7.466934795735e-01,-9.075953352475e+00,-6.739226686183e-02,7.473631117674e-01,-1.470745317813e+01,2.118490427119e-03,6.696321938668e-04,-5.631499825650e+00
"                1835",-7.040495660931e-02,7.267954261579e-01,-9.077095959042e+00,-6.830302683050e-02,7.273462238523e-01,-1.470867573876e+01,2.101929778808e-03,5.507976943774e-04,-5.631579779719e+00
"                1836",-7.095521517655e-02,6.932911665751e-01,-9.077051708665e+00,-6.889542179112e-02,6.937394987418e-01,-1.470873793548e+01,2.059793385429e-03,4.483321667509e-04,-5.631686226814e+00
"                1837",-7.234692691091e-02,6.510964982128e-01,-9.075088415842e+00,-7.033086616864e-02,6.514655384121e-01,-1.470691349054e+01,2.016060742270e-03,3.690401993176e-04,-5.631825074698e+00
"                1838",-7.547758278250e-02,6.066061721555e-01,-9.071720459059e+00,-7.349588119951e-02,6.069327280779e-01,-1.470369514760e+01,1.981701582988e-03,3.265559224373e-04,-5.631974688543e+00
"                1839",-7.911460639400e-02,5.645335015430e-01,-9.068963564137e+00,-7.715872992668e-02,5.648494385004e-01,-1.470104814601e+01,1.955876467318e-03,3.159369573835e-04,-5.632084581874e+00
"                1840",-7.862420151949e-02,5.300261250845e-01,-9.067189126801e+00,-7.668521427091e-02,5.303451089697e-01,-1.469931731094e+01,1.938987248574e-03,3.189838852261e-04,-5.632128184139e+00
"                1841",-7.534370805774e-02,5.041651048308e-01,-9.065998592490e+00,-7.341272869036e-02,5.045023834773e-01,-1.469809050275e+01,1.930979367379e-03,3.372786464787e-04,-5.632091910263e+00
"                1842",-7.140461560721e-02,4.854847861165e-01,-9.065880964085e+00,-6.947430264967e-02,4.858540797440e-01,-1.469786497032e+01,1.930312957534e-03,3.692936275022e-04,-5.631984006233e+00
"                1843",-6.880078173111e-02,4.736225881255e-01,-9.067042196267e+00,-6.684773754935e-02,4.740348746560e-01,-1.469887230553e+01,1.953044181764e-03,4.122865305327e-04,-5.631830109260e+00
"                1844",-6.698722477662e-02,4.706053220729e-01,-9.067867996354e+00,-6.499146387328e-02,4.710543898357e-01,-1.469953218531e+01,1.995760903348e-03,4.490677628439e-04,-5.631664188959e+00
"                1845",-6.658287444048e-02,4.735879810059e-01,-9.068121130726e+00,-6.453940380152e-02,4.740677678400e-01,-1.469964914969e+01,2.043470638960e-03,4.797868340197e-04,-5.631528018961e+00
"                1846",-6.844336598493e-02,4.789584336349e-01,-9.069360117375e+00,-6.636054498029e-02,4.794702525486e-01,-1.470081112844e+01,2.082821004644e-03,5.118189137840e-04,-5.631451011068e+00
"                1847",-7.052979883326e-02,4.808490759322e-01,-9.070507528502e+00,-6.842244835089e-02,4.813999651078e-01,-1.470194169006e+01,2.107350482377e-03,5.508891756234e-04,-5.631434161562e+00
"                1848",-7.281607252264e-02,4.804937453255e-01,-9.071828086036e+00,-7.070872475303e-02,4.810911447819e-01,-1.470330717110e+01,2.107347769607e-03,5.973994564144e-04,-5.631479085066e+00
"                1849",-7.188203185598e-02,4.838454215528e-01,-9.072653526510e+00,-6.980095029895e-02,4.844881517470e-01,-1.470422981865e+01,2.081081557027e-03,6.427301942033e-04,-5.631576292142e+00
"                1850",-7.243672177452e-02,4.965827462746e-01,-9.072579545352e+00,-7.040356610841e-02,4.972717421671e-01,-1.470427848451e+01,2.033155666110e-03,6.889958925184e-04,-5.631698939158e+00
"                1851",-7.638873031556e-02,5.179654801757e-01,-9.070976494738e+00,-7.440054178291e-02,5.187029334361e-01,-1.470282708384e+01,1.988188532650e-03,7.374532603906e-04,-5.631850589100e+00
"                1852",-8.215368989721e-02,5.481402085971e-01,-9.069106253809e+00,-8.020281675396e-02,5.489252612674e-01,-1.470110585414e+01,1.950873143248e-03,7.850526702942e-04,-5.631999600336e+00
"                1853",-8.626194110522e-02,5.851390565908e-01,-9.067563885617e+00,-8.434052261935e-02,5.859726991817e-01,-1.469967737817e+01,1.921418485870e-03,8.336425908505e-04,-5.632113492551e+00
"                1854",-8.616254365953e-02,6.256175611344e-01,-9.066389407525e+00,-8.426045844428e-02,6.265079278075e-01,-1.469855264052e+01,1.902085215243e-03,8.903666731167e-04,-5.632163232993e+00
"                1855",-8.344886956650e-02,6.667676173978e-01,-9.066747726867e+00,-8.155518807923e-02,6.677064396216e-01,-1.469887603117e+01,1.893681487271e-03,9.388222237669e-04,-5.632128304307e+00
"                1856",-8.019805222864e-02,7.048549479523e-01,-9.068217682913e+00,-7.830108142907e-02,7.058176880953e-01,-1.470024255307e+01,1.896970799565e-03,9.627401429647e-04,-5.632024870153e+00
"                1857",-7.645240277424e-02,7.363640201176e-01,-9.070014000929e+00,-7.452862110468e-02,7.373186925878e-01,-1.470189047992e+01,1.923781669561e-03,9.546724701770e-04,-5.631876478994e+00
"                1858",-7.394523831425e-02,7.564412872129e-01,-9.071747047290e+00,-7.197351033344e-02,7.573589859110e-01,-1.470346447941e+01,1.971727980812e-03,9.176986981129e-04,-5.631717432119e+00
"                1859",-7.274453398932e-02,7.614060532588e-01,-9.073094351341e+00,-7.071928764308e-02,7.622659349321e-01,-1.470468290867e+01,2.025246346241e-03,8.598816732690e-04,-5.631588557331e+00
"                1860",-7.346009626031e-02,7.539697696480e-01,-9.074152689952e+00,-7.139029066932e-02,7.547392336184e-01,-1.470566854143e+01,2.069805590985e-03,7.694639703581e-04,-5.631515851476e+00
"                1861",-7.255959861507e-02,7.388986246716e-01,-9.074834841205e+00,-7.046217218009e-02,7.395630096321e-01,-1.470632820183e+01,2.097426434986e-03,6.643849604879e-04,-5.631493360623e+00
"                1862",-7.196824479666e-02,7.182013506147e-01,-9.075910759968e+00,-6.986779840687e-02,7.187576169869e-01,-1.470744121259e+01,2.100446389797e-03,5.562663721343e-04,-5.631530452622e+00
"                1863",-6.961118914899e-02,6.894687618119e-01,-9.075854381491e+00,-6.753662944855e-02,6.899420795223e-01,-1.470747092484e+01,2.074559700438e-03,4.733177104075e-04,-5.631616543352e+00
"                1864",-7.012311429003e-02,6.557340938191e-01,-9.075203670939e+00,-6.809797447381e-02,6.561499292066e-01,-1.470693182197e+01,2.025139816215e-03,4.158353874568e-04,-5.631728151032e+00
"                1865",-7.460381098795e-02,6.225410471665e-01,-9.074020564865e+00,-7.262445172349e-02,6.229331413414e-01,-1.470588827176e+01,1.979359264461e-03,3.920941748804e-04,-5.631867706895e+00
"                1866",-8.008037430164e-02,5.929894480635e-01,-9.071348259246e+00,-7.813639628891e-02,5.933836246237e-01,-1.470335734999e+01,1.943978012731e-03,3.941765601950e-04,-5.632009090742e+00
"                1867",-8.275353171106e-02,5.673807939482e-01,-9.068262020637e+00,-8.083389670117e-02,5.677920809075e-01,-1.470036283958e+01,1.919635009889e-03,4.112869593413e-04,-5.632100818946e+00
"                1868",-8.105242131577e-02,5.450940936143e-01,-9.066031398249e+00,-7.914470113585e-02,5.455161867797e-01,-1.469814933950e+01,1.907720179921e-03,4.220931653945e-04,-5.632117941246e+00
"                1869",-7.731357699362e-02,5.269363344744e-01,-9.065115198223e+00,-7.541039755523e-02,5.273565344546e-01,-1.469716921907e+01,1.903179438389e-03,4.201999802161e-04,-5.632054020848e+00
"                1870",-7.518831152001e-02,5.109379166780e-01,-9.065510378763e+00,-7.327810557119e-02,5.113538585338e-01,-1.469743766799e+01,1.910205948816e-03,4.159418557656e-04,-5.631927289225e+00
"                1871",-7.313560391327e-02,4.947017379985e-01,-9.067173130757e+00,-7.119621442407e-02,4.951189793107e-01,-1.469893534549e+01,1.939389489201e-03,4.172413121857e-04,-5.631762214733e+00
"                1872",-7.199385074000e-02,4.793255807005e-01,-9.068452605466e+00,-7.000680271552e-02,4.797412070244e-01,-1.470005291623e+01,1.987048024476e-03,4.156263238864e-04,-5.631600310760e+00
"                1873",-7.165867744791e-02,4.669360841616e-01,-9.068810463853e+00,-6.962250082251e-02,4.673567773456e-01,-1.470029228420e+01,2.036176625400e-03,4.206931840051e-04,-5.631481820345e+00
"                1874",-7.184894565901e-02,4.581072548802e-01,-9.069525883732e+00,-6.977318721222e-02,4.585529868713e-01,-1.470094780313e+01,2.075758446798e-03,4.457319911102e-04,-5.631421919396e+00
"                1875",-7.084812285524e-02,4.529798938778e-01,-9.070149764209e+00,-6.875295468317e-02,4.534776383313e-01,-1.470156917404e+01,2.095168172069e-03,4.977444534925e-04,-5.631419409830e+00
"                1876",-7.168934667030e-02,4.538003011552e-01,-9.071308355147e+00,-6.960328883064e-02,4.543818262589e-01,-1.470278503403e+01,2.086057839656e-03,5.815251037084e-04,-5.631476678888e+00
"                1877",-7.147250879595e-02,4.670704841461e-01,-9.072414602370e+00,-6.942563653682e-02,4.677412006364e-01,-1.470398963211e+01,2.046872259132e-03,6.707164902740e-04,-5.631575029745e+00
"                1878",-7.503448180017e-02,4.962233931573e-01,-9.072612866668e+00,-7.304262303826e-02,4.969847525909e-01,-1.470431619092e+01,1.991858761911e-03,7.613594336209e-04,-5.631703324255e+00
"                1879",-8.212400710295e-02,5.354998592748e-01,-9.070696411676e+00,-8.018097884627e-02,5.363394532220e-01,-1.470255642755e+01,1.943028256673e-03,8.395939472083e-04,-5.631860015873e+00
"                1880",-8.846464451636e-02,5.805550923193e-01,-9.068144714454e+00,-8.655764419666e-02,5.814582018187e-01,-1.470014939450e+01,1.907000319707e-03,9.031094993840e-04,-5.632004680050e+00
"                1881",-9.046925819726e-02,6.265223497494e-01,-9.066309108245e+00,-8.858454930723e-02,6.274718686303e-01,-1.469841012575e+01,1.884708890025e-03,9.495188808642e-04,-5.632101017501e+00
"                1882",-8.954373373572e-02,6.698232395579e-01,-9.065808990140e+00,-8.767061697951e-02,6.708005264750e-01,-1.469793040039e+01,1.873116756214e-03,9.772869171342e-04,-5.632121410253e+00
"                1883",-8.660805333088e-02,7.056785292888e-01,-9.066733245348e+00,-8.473835359535e-02,7.066602418772e-01,-1.469879573699e+01,1.869699735528e-03,9.817125884000e-04,-5.632062491640e+00
"                1884",-8.376572006506e-02,7.308994445749e-01,-9.069153628969e+00,-8.188411935686e-02,7.318534245375e-01,-1.470109543556e+01,1.881600708200e-03,9.539799626564e-04,-5.631941806593e+00
"                1885",-8.031207643140e-02,7.447231084020e-01,-9.071547112792e+00,-7.839389651361e-02,7.456248969187e-01,-1.470333192116e+01,1.918179917784e-03,9.017885167070e-04,-5.631784808372e+00
"                1886",-7.682022124251e-02,7.471150736929e-01,-9.072711141111e+00,-7.484835367829e-02,7.479507768383e-01,-1.470434523302e+01,1.971867564228e-03,8.357031453857e-04,-5.631634091906e+00
"                1887",-7.390255303343e-02,7.385755136631e-01,-9.073421973799e+00,-7.187618948795e-02,7.393427439254e-01,-1.470494576878e+01,2.026363545487e-03,7.672302622903e-04,-5.631523794980e+00
"                1888",-7.197468705448e-02,7.223287605774e-01,-9.073845040561e+00,-6.990504290101e-02,7.230241836128e-01,-1.470531243954e+01,2.069644153467e-03,6.954230353948e-04,-5.631467398979e+00
"                1889",-7.108451230332e-02,7.068434573346e-01,-9.074575979396e+00,-6.899775430773e-02,7.074681160676e-01,-1.470603871475e+01,2.086757995590e-03,6.246587330342e-04,-5.631462735357e+00
"                1890",-7.247010148561e-02,6.931062820892e-01,-9.076333337774e+00,-7.039437841081e-02,6.936677794593e-01,-1.470785239465e+01,2.075723074793e-03,5.614973701109e-04,-5.631519056877e+00
"                1891",-7.345925473524e-02,6.777091745220e-01,-9.076915408465e+00,-7.142356354973e-02,6.782313000747e-01,-1.470853230321e+01,2.035691185511e-03,5.221255527305e-04,-5.631616894742e+00
"                1892",-7.601496035375e-02,6.575647422332e-01,-9.075673919006e+00,-7.403171324521e-02,6.580606956246e-01,-1.470741739421e+01,1.983247108531e-03,4.959533913915e-04,-5.631743475200e+00
"                1893",-8.062169950719e-02,6.352078528411e-01,-9.073037407845e+00,-7.868112080286e-02,6.356950199184e-01,-1.470493219072e+01,1.940578704326e-03,4.871670773066e-04,-5.631894782874e+00
"                1894",-8.537168648857e-02,6.123904585366e-01,-9.069941561630e+00,-8.346030165728e-02,6.128684065905e-01,-1.470197077838e+01,1.911384831292e-03,4.779480538467e-04,-5.632029216747e+00
"                1895",-8.718595970714e-02,5.888695242697e-01,-9.067023818276e+00,-8.529019925897e-02,5.893244167398e-01,-1.469912799957e+01,1.895760448171e-03,4.548924701471e-04,-5.632104181298e+00
"                1896",-8.588791703420e-02,5.615623056653e-01,-9.066139856315e+00,-8.399918539408e-02,5.619805828568e-01,-1.469823629035e+01,1.888731640121e-03,4.182771914415e-04,-5.632096434033e+00
"                1897",-8.225414955592e-02,5.300970754398e-01,-9.066392288570e+00,-8.036604335657e-02,5.304732216742e-01,-1.469840837646e+01,1.888106199357e-03,3.761462344786e-04,-5.632016087889e+00
"                1898",-7.901219096169e-02,4.973211132168e-01,-9.067121778236e+00,-7.710841519158e-02,4.976644041095e-01,-1.469899910162e+01,1.903775770110e-03,3.432908927199e-04,-5.631877323387e+00
"                1899",-7.514937260771e-02,4.674690303289e-01,-9.068124826185e+00,-7.320543310779e-02,4.677965913213e-01,-1.469983583367e+01,1.943939499923e-03,3.275609924742e-04,-5.631711007487e+00
"                1900",-7.140993066415e-02,4.453267338543e-01,-9.068283100069e+00,-6.941445666957e-02,4.456605452920e-01,-1.469984619397e+01,1.995473994578e-03,3.338114376673e-04,-5.631563093904e+00
"                1901",-6.987820393226e-02,4.342990514077e-01,-9.068324219009e+00,-6.783617286217e-02,4.346720405296e-01,-1.469978940026e+01,2.042031070091e-03,3.729891219114e-04,-5.631465181251e+00
"                1902",-7.058127259671e-02,4.333875764179e-01,-9.069449789162e+00,-6.850714810585e-02,4.338360548177e-01,-1.470087374614e+01,2.074124490865e-03,4.484783997317e-04,-5.631423956978e+00
"                1903",-7.335521685536e-02,4.420019674096e-01,-9.071569543282e+00,-7.127451557277e-02,4.425557800954e-01,-1.470301247066e+01,2.080701282590e-03,5.538126858048e-04,-5.631442927378e+00
"                1904",-7.702759788248e-02,4.606405530060e-01,-9.073102443567e+00,-7.496864186827e-02,4.613139913916e-01,-1.470462957582e+01,2.058956014206e-03,6.734383855892e-04,-5.631527132253e+00
"                1905",-7.887440491126e-02,4.922840320901e-01,-9.073194734725e+00,-7.686241127058e-02,4.930632519378e-01,-1.470483516875e+01,2.011993640678e-03,7.792198477740e-04,-5.631640434028e+00
"                1906",-8.218884656839e-02,5.340269782982e-01,-9.071662708071e+00,-8.022661008348e-02,5.348898853583e-01,-1.470344571046e+01,1.962236484908e-03,8.629070600555e-04,-5.631783002389e+00
"                1907",-8.756866656947e-02,5.790114570046e-01,-9.069153290806e+00,-8.564585605380e-02,5.799212557421e-01,-1.470109344580e+01,1.922810515669e-03,9.097987374710e-04,-5.631940154991e+00
"                1908",-9.379891522389e-02,6.218787403858e-01,-9.067441890716e+00,-9.190648531024e-02,6.228023250322e-01,-1.469951440491e+01,1.892429913642e-03,9.235846463745e-04,-5.632072514194e+00
"                1909",-9.552431479452e-02,6.572577350318e-01,-9.067155285440e+00,-9.365135779046e-02,6.581800995690e-01,-1.469930225602e+01,1.872957004053e-03,9.223645372287e-04,-5.632146970581e+00
"                1910",-9.318282856808e-02,6.836514389437e-01,-9.067272938573e+00,-9.131810607495e-02,6.845576872445e-01,-1.469941615842e+01,1.864722493125e-03,9.062483008075e-04,-5.632143219849e+00
"                1911",-8.786139582173e-02,7.026922508686e-01,-9.067871564321e+00,-8.599450532540e-02,7.035686084188e-01,-1.469993367963e+01,1.866890496332e-03,8.763575501778e-04,-5.632062115306e+00
"                1912",-8.231955882917e-02,7.149784767038e-01,-9.069717511711e+00,-8.043106723877e-02,7.158140436985e-01,-1.470164483378e+01,1.888491590404e-03,8.355669946928e-04,-5.631927322070e+00
"                1913",-7.674756371324e-02,7.193189485575e-01,-9.071379342767e+00,-7.481485125826e-02,7.201192022718e-01,-1.470314611317e+01,1.932712454978e-03,8.002537142857e-04,-5.631766770398e+00
"                1914",-7.363153617121e-02,7.182159873679e-01,-9.072206905953e+00,-7.164772597027e-02,7.189893955298e-01,-1.470383133334e+01,1.983810200933e-03,7.734081618712e-04,-5.631624427384e+00
"                1915",-7.371686267942e-02,7.141956143147e-01,-9.073573167809e+00,-7.168864106874e-02,7.149444042114e-01,-1.470510385304e+01,2.028221610676e-03,7.487898966518e-04,-5.631530685226e+00
"                1916",-7.478719167361e-02,7.129956611358e-01,-9.074846324998e+00,-7.272822189997e-02,7.137104600828e-01,-1.470633685322e+01,2.058969773633e-03,7.147989469160e-04,-5.631490528221e+00
"                1917",-7.635247697655e-02,7.144464983265e-01,-9.076029210637e+00,-7.428617523058e-02,7.151194896167e-01,-1.470753571639e+01,2.066301745972e-03,6.729912901880e-04,-5.631506505757e+00
"                1918",-7.650921071985e-02,7.135786530117e-01,-9.076657841231e+00,-7.446172974761e-02,7.142039147448e-01,-1.470824091699e+01,2.047480972240e-03,6.252617330871e-04,-5.631583075759e+00
"                1919",-7.735020009841e-02,7.036838436852e-01,-9.076244722181e+00,-7.534612011396e-02,7.042640454405e-01,-1.470793052914e+01,2.004079984450e-03,5.802017552948e-04,-5.631685806959e+00
"                1920",-8.070193060573e-02,6.836625226846e-01,-9.074377170068e+00,-7.874306733512e-02,6.841892211274e-01,-1.470619830268e+01,1.958863270610e-03,5.266984427940e-04,-5.631821132616e+00
"                1921",-8.622406151514e-02,6.546453261870e-01,-9.072361969672e+00,-8.430071281820e-02,6.551226888224e-01,-1.470432851398e+01,1.923348696939e-03,4.773626353290e-04,-5.631966544311e+00
"                1922",-9.053677603717e-02,6.172942997199e-01,-9.070460515423e+00,-8.863761201282e-02,6.177224974468e-01,-1.470253930290e+01,1.899164024354e-03,4.281977269216e-04,-5.632078787480e+00
"                1923",-8.995043216925e-02,5.758191658238e-01,-9.067750015143e+00,-8.806456934037e-02,5.761880032922e-01,-1.469987704158e+01,1.885862828877e-03,3.688374684842e-04,-5.632127026436e+00
"                1924",-8.528192661373e-02,5.330567745488e-01,-9.066034156042e+00,-8.339910808721e-02,5.333716485109e-01,-1.469812383357e+01,1.882818526524e-03,3.148739621421e-04,-5.632089677523e+00
"                1925",-7.955639623785e-02,4.928079707886e-01,-9.065733159155e+00,-7.767076230173e-02,4.930910518880e-01,-1.469771581625e+01,1.885633936123e-03,2.830810993101e-04,-5.631982657097e+00
"                1926",-7.541579616989e-02,4.589579784306e-01,-9.066504968521e+00,-7.350740039112e-02,4.592433032320e-01,-1.469833299530e+01,1.908395778776e-03,2.853248013495e-04,-5.631828026778e+00
"                1927",-7.280686839457e-02,4.370659130031e-01,-9.067659697718e+00,-7.085764804310e-02,4.373850843069e-01,-1.469931883874e+01,1.949220351464e-03,3.191713038313e-04,-5.631659141020e+00
"                1928",-7.226882961078e-02,4.303144537858e-01,-9.068714578316e+00,-7.027410723470e-02,4.306910719800e-01,-1.470023574070e+01,1.994722376073e-03,3.766181942200e-04,-5.631521162381e+00
"                1929",-7.542406611367e-02,4.362597042199e-01,-9.069425969200e+00,-7.339196485765e-02,4.367272404134e-01,-1.470087216932e+01,2.032101256023e-03,4.675361934543e-04,-5.631446200125e+00
"                1930",-7.807287906928e-02,4.506272005144e-01,-9.069992928426e+00,-7.601775138047e-02,4.512019430182e-01,-1.470142134483e+01,2.055127688810e-03,5.747425038840e-04,-5.631428416409e+00
"                1931",-8.001568799352e-02,4.712991321734e-01,-9.071244830997e+00,-7.796059060515e-02,4.719860562944e-01,-1.470271350506e+01,2.055097388376e-03,6.869241210859e-04,-5.631468674066e+00
"                1932",-7.924014929472e-02,4.992854049535e-01,-9.071940595755e+00,-7.721054663975e-02,5.000635951543e-01,-1.470350170095e+01,2.029602654966e-03,7.781902008134e-04,-5.631561105192e+00
"                1933",-8.146860248237e-02,5.331063177711e-01,-9.072250673897e+00,-7.948593985871e-02,5.339452814772e-01,-1.470392994677e+01,1.982662623669e-03,8.389637061304e-04,-5.631679272875e+00
"                1934",-8.701617806446e-02,5.662743773655e-01,-9.071722870971e+00,-8.507811748207e-02,5.671421682793e-01,-1.470355191917e+01,1.938060582393e-03,8.677909137805e-04,-5.631829048199e+00
"                1935",-9.311981430577e-02,5.955273394907e-01,-9.069596939685e+00,-9.121654622814e-02,5.963960126022e-01,-1.470157841028e+01,1.903268077625e-03,8.686731115679e-04,-5.631981470591e+00
"                1936",-9.652548036334e-02,6.212084074008e-01,-9.067116833583e+00,-9.464893043376e-02,6.220591775894e-01,-1.469921646856e+01,1.876549929577e-03,8.507701885733e-04,-5.632099634976e+00
"                1937",-9.425820978876e-02,6.432477020408e-01,-9.065945751511e+00,-9.239693314041e-02,6.440862413634e-01,-1.469809622477e+01,1.861276648357e-03,8.385393226618e-04,-5.632150473256e+00
"                1938",-8.907847905624e-02,6.612977643363e-01,-9.066103110383e+00,-8.722344899016e-02,6.621343713610e-01,-1.469822043931e+01,1.855030066085e-03,8.366070247507e-04,-5.632117328930e+00
"                1939",-8.492955599669e-02,6.776069290742e-01,-9.067390817729e+00,-8.307170587344e-02,6.784490363831e-01,-1.469940424329e+01,1.857850123253e-03,8.421073089576e-04,-5.632013425562e+00
"                1940",-8.126961747456e-02,6.943890091020e-01,-9.070057994075e+00,-7.938772778675e-02,6.952332408134e-01,-1.470192495380e+01,1.881889687816e-03,8.442317113627e-04,-5.631866959728e+00
"                1941",-7.939974268842e-02,7.109093761576e-01,-9.072086096971e+00,-7.747344682544e-02,7.117592086778e-01,-1.470379359297e+01,1.926295862985e-03,8.498325201857e-04,-5.631707495995e+00
"                1942",-7.921639713513e-02,7.254717198200e-01,-9.072894083075e+00,-7.723977686624e-02,7.263253673918e-01,-1.470447267287e+01,1.976620268888e-03,8.536475717332e-04,-5.631578589794e+00
"                1943",-8.009549360415e-02,7.362337491258e-01,-9.073653585353e+00,-7.807699747566e-02,7.370715649800e-01,-1.470515725855e+01,2.018496128492e-03,8.378158541437e-04,-5.631503673197e+00
"                1944",-7.931753425456e-02,7.427989139221e-01,-9.074198859529e+00,-7.727164782227e-02,7.435935665272e-01,-1.470567675116e+01,2.045886432283e-03,7.946526051420e-04,-5.631477891634e+00
"                1945",-7.972435845087e-02,7.439205886846e-01,-9.075469312358e+00,-7.767520060276e-02,7.446351145942e-01,-1.470698076156e+01,2.049157848113e-03,7.145259096286e-04,-5.631511449200e+00
"                1946",-7.905313034988e-02,7.336252843486e-01,-9.076350914160e+00,-7.702867152231e-02,7.342483197049e-01,-1.470794892723e+01,2.024458827567e-03,6.230353562732e-04,-5.631598013065e+00
"                1947",-8.054978735768e-02,7.067392716677e-01,-9.076630864986e+00,-7.857279754845e-02,7.072678471336e-01,-1.470833931047e+01,1.976989809229e-03,5.285754659049e-04,-5.631708445480e+00
"                1948",-8.470432146191e-02,6.680318316946e-01,-9.074473704166e+00,-8.276947228097e-02,6.684739827271e-01,-1.470632805941e+01,1.934849180942e-03,4.421510325467e-04,-5.631854355246e+00
"                1949",-8.832738938324e-02,6.228377749630e-01,-9.071143744424e+00,-8.642394288222e-02,6.232083019608e-01,-1.470313943028e+01,1.903446501019e-03,3.705269978379e-04,-5.631995685851e+00
"                1950",-8.858023448099e-02,5.755688261791e-01,-9.067977262940e+00,-8.669717955789e-02,5.758881284582e-01,-1.470006865119e+01,1.883054923097e-03,3.193022791944e-04,-5.632091388249e+00
"                1951",-8.585885810470e-02,5.305879632526e-01,-9.065594350538e+00,-8.398714162411e-02,5.308749708177e-01,-1.469770887379e+01,1.871716480595e-03,2.870075650263e-04,-5.632114523254e+00
"                1952",-8.293271418501e-02,4.919158729327e-01,-9.065460101266e+00,-8.106703535995e-02,4.921945981901e-01,-1.469751145564e+01,1.865678825053e-03,2.787252573868e-04,-5.632051354372e+00
"                1953",-8.124715204622e-02,4.639942776184e-01,-9.066970154227e+00,-7.937851192401e-02,4.642956010996e-01,-1.469889552485e+01,1.868640122203e-03,3.013234811481e-04,-5.631925370622e+00
"                1954",-7.944861468684e-02,4.485459925563e-01,-9.067968511496e+00,-7.755314082542e-02,4.488973484959e-01,-1.469973332623e+01,1.895473861414e-03,3.513559395951e-04,-5.631764814737e+00
"                1955",-7.785563471501e-02,4.452894646144e-01,-9.067803380531e+00,-7.591340980503e-02,4.457076286925e-01,-1.469940836549e+01,1.942224909982e-03,4.181640780857e-04,-5.631604984954e+00
"                1956",-7.747680344372e-02,4.531658855706e-01,-9.067816666415e+00,-7.548500232745e-02,4.536551282596e-01,-1.469930297608e+01,1.991801116261e-03,4.892426889577e-04,-5.631486309660e+00
"                1957",-7.903012774429e-02,4.690029403164e-01,-9.068646818967e+00,-7.699763143875e-02,4.695659798981e-01,-1.470007251676e+01,2.032496305543e-03,5.630395816826e-04,-5.631425697797e+00
"                1958",-8.056536984219e-02,4.857314194943e-01,-9.070003236722e+00,-7.851278756823e-02,4.863662514985e-01,-1.470142511810e+01,2.052582273966e-03,6.348320042446e-04,-5.631421881376e+00
"                1959",-8.300371950295e-02,4.990575264196e-01,-9.072539699107e+00,-8.095844844441e-02,4.997590260372e-01,-1.470401819707e+01,2.045271058546e-03,7.014996175684e-04,-5.631478497961e+00
"                1960",-8.241213232816e-02,5.126809712721e-01,-9.073481735267e+00,-8.040190439525e-02,5.134252742352e-01,-1.470506355749e+01,2.010227932911e-03,7.443029630907e-04,-5.631581822221e+00
"                1961",-8.357643592953e-02,5.318085926186e-01,-9.072361366784e+00,-8.161646468578e-02,5.325775448477e-01,-1.470407450025e+01,1.959971243753e-03,7.689522290921e-04,-5.631713133464e+00
"                1962",-8.751771617267e-02,5.532201252965e-01,-9.069973708271e+00,-8.560174609828e-02,5.539968132298e-01,-1.470184472197e+01,1.915970074394e-03,7.766879333786e-04,-5.631871013703e+00
"                1963",-9.227089569447e-02,5.758559729392e-01,-9.067465066454e+00,-9.038827912077e-02,5.766406179767e-01,-1.469948254246e+01,1.882616573698e-03,7.846450374729e-04,-5.632017476005e+00
"                1964",-9.474511961264e-02,5.991714969669e-01,-9.065993175661e+00,-9.288620836913e-02,5.999756703431e-01,-1.469810904697e+01,1.858911243512e-03,8.041733761508e-04,-5.632115871309e+00
"                1965",-9.399061204559e-02,6.255923614465e-01,-9.066357051037e+00,-9.214763390720e-02,6.264314425354e-01,-1.469849475653e+01,1.842978138387e-03,8.390810888479e-04,-5.632137705496e+00
"                1966",-9.136280996469e-02,6.560443413839e-01,-9.067536341875e+00,-8.952705229110e-02,6.569261948661e-01,-1.469961984664e+01,1.835757673588e-03,8.818534822327e-04,-5.632083504766e+00
"                1967",-8.936201077844e-02,6.889301500318e-01,-9.068941319731e+00,-8.751753827671e-02,6.898477956779e-01,-1.470090587448e+01,1.844472501732e-03,9.176456461089e-04,-5.631964554746e+00
"                1968",-8.662396031477e-02,7.201981792278e-01,-9.070823584564e+00,-8.474517071212e-02,7.211358854265e-01,-1.470263184886e+01,1.878789602645e-03,9.377061987259e-04,-5.631808264297e+00
"                1969",-8.358748427403e-02,7.451505599295e-01,-9.072028424808e+00,-8.165579730087e-02,7.460876051771e-01,-1.470368422142e+01,1.931686973166e-03,9.370452475707e-04,-5.631655796608e+00
"                1970",-8.123755381649e-02,7.596192236047e-01,-9.072794466089e+00,-7.925120829470e-02,7.605260723535e-01,-1.470433678854e+01,1.986345521789e-03,9.068487487703e-04,-5.631542322447e+00
"                1971",-8.045325583618e-02,7.632798282021e-01,-9.073996693078e+00,-7.842442057377e-02,7.641182310872e-01,-1.470547948880e+01,2.028835262404e-03,8.384028851781e-04,-5.631482795718e+00
"                1972",-8.016056618987e-02,7.565827516736e-01,-9.075636665360e+00,-7.811077249758e-02,7.573219052547e-01,-1.470711277331e+01,2.049793692298e-03,7.391535810205e-04,-5.631476107954e+00
"                1973",-8.096560209060e-02,7.403856683166e-01,-9.076887035129e+00,-7.892132502951e-02,7.410038298921e-01,-1.470841910226e+01,2.044277061094e-03,6.181615755330e-04,-5.631532067131e+00
"                1974",-7.970604457407e-02,7.111220097732e-01,-9.076578247450e+00,-7.769648057354e-02,7.116303327702e-01,-1.470820498312e+01,2.009564000530e-03,5.083229969066e-04,-5.631626735673e+00
"                1975",-7.983719099570e-02,6.705700819771e-01,-9.075218773055e+00,-7.787702869972e-02,6.709838709858e-01,-1.470696719308e+01,1.960162295983e-03,4.137890087136e-04,-5.631748420023e+00
"                1976",-8.372268775551e-02,6.256045082849e-01,-9.072712145091e+00,-8.180511524741e-02,6.259626912991e-01,-1.470460939618e+01,1.917572508098e-03,3.581830141799e-04,-5.631897251087e+00
"                1977",-8.901962317694e-02,5.820089602808e-01,-9.070026318910e+00,-8.713446775533e-02,5.823450951807e-01,-1.470205701647e+01,1.885155421611e-03,3.361348998507e-04,-5.632030697562e+00
"                1978",-9.168352741978e-02,5.447877899977e-01,-9.068258342942e+00,-8.981884765607e-02,5.451231719820e-01,-1.470035998286e+01,1.864679763704e-03,3.353819842630e-04,-5.632101639916e+00
"                1979",-9.114358375183e-02,5.163307187639e-01,-9.066649042896e+00,-8.928917012089e-02,5.166781684718e-01,-1.469874911450e+01,1.854413630935e-03,3.474497079287e-04,-5.632100071603e+00
"                1980",-8.792116457303e-02,4.948700118309e-01,-9.065830807147e+00,-8.607002417747e-02,4.952432994802e-01,-1.469784821317e+01,1.851140395565e-03,3.732876493506e-04,-5.632017406019e+00
"                1981",-8.479334910180e-02,4.808286312553e-01,-9.066440929288e+00,-8.292739664611e-02,4.812407853783e-01,-1.469831771132e+01,1.865952455691e-03,4.121541230232e-04,-5.631876782033e+00
"                1982",-8.174272571438e-02,4.750514591787e-01,-9.067471971750e+00,-7.983591335107e-02,4.755000938082e-01,-1.469918065560e+01,1.906812363312e-03,4.486346295166e-04,-5.631708683855e+00
"                1983",-7.999586518056e-02,4.753335343730e-01,-9.067972555792e+00,-7.803647503931e-02,4.758122754439e-01,-1.469952971162e+01,1.959390141257e-03,4.787410708755e-04,-5.631557155831e+00
"                1984",-7.980494533854e-02,4.787714075580e-01,-9.069049023221e+00,-7.779792152637e-02,4.792779604484e-01,-1.470050553182e+01,2.007023812171e-03,5.065528903190e-04,-5.631456508597e+00
"                1985",-8.013880338211e-02,4.805702623164e-01,-9.070202668176e+00,-7.809703228229e-02,4.811109326371e-01,-1.470161865033e+01,2.041771099822e-03,5.406703207044e-04,-5.631415982151e+00
"                1986",-8.066698234691e-02,4.796960885913e-01,-9.071066863212e+00,-7.861437229363e-02,4.802782537244e-01,-1.470250264544e+01,2.052610053278e-03,5.821651330818e-04,-5.631435782231e+00
"                1987",-8.108520269056e-02,4.797866525312e-01,-9.072233957820e+00,-7.904955390378e-02,4.804164030483e-01,-1.470374982146e+01,2.035648786778e-03,6.297505170708e-04,-5.631515863641e+00
"                1988",-8.125261892414e-02,4.875606886974e-01,-9.072619641621e+00,-7.926048667612e-02,4.882355503034e-01,-1.470424536676e+01,1.992132248024e-03,6.748616060700e-04,-5.631625725138e+00
"                1989",-8.478143867785e-02,5.056314296741e-01,-9.071679233210e+00,-8.284048832191e-02,5.063585887103e-01,-1.470344336615e+01,1.940950355945e-03,7.271590361894e-04,-5.631764132935e+00
"                1990",-9.152075469100e-02,5.327766345804e-01,-9.069936236054e+00,-8.962462815587e-02,5.335528437277e-01,-1.470185621266e+01,1.896126535131e-03,7.762091473853e-04,-5.631919976603e+00
"                1991",-9.878846811117e-02,5.688496478548e-01,-9.068311504776e+00,-9.692745474066e-02,5.696746200580e-01,-1.470036660716e+01,1.861013370511e-03,8.249722032070e-04,-5.632055102387e+00
"                1992",-1.013551469808e-01,6.097386623922e-01,-9.066595259758e+00,-9.951674604335e-02,6.106224848095e-01,-1.469873152038e+01,1.838400937402e-03,8.838224173245e-04,-5.632136260624e+00
"                1993",-9.926016544148e-02,6.522213790677e-01,-9.066071229766e+00,-9.743159614283e-02,6.531616503180e-01,-1.469820607756e+01,1.828569298647e-03,9.402712503306e-04,-5.632134847797e+00
"                1994",-9.523164539678e-02,6.933472066259e-01,-9.067252228624e+00,-9.340015374513e-02,6.943250357620e-01,-1.469930855094e+01,1.831491651649e-03,9.778291361423e-04,-5.632056322316e+00
"                1995",-9.087602308463e-02,7.292620430882e-01,-9.069373290757e+00,-8.902267466463e-02,7.302437460932e-01,-1.470129665353e+01,1.853348420007e-03,9.817030050474e-04,-5.631923362775e+00
"                1996",-8.624142097835e-02,7.544163512153e-01,-9.071596407054e+00,-8.434393121476e-02,7.553710251518e-01,-1.470336102666e+01,1.897489763591e-03,9.546739365792e-04,-5.631764619603e+00
"                1997",-8.220562627989e-02,7.645696126752e-01,-9.073114460223e+00,-8.025431006882e-02,7.654715728986e-01,-1.470473797590e+01,1.951316211070e-03,9.019602233691e-04,-5.631623515676e+00
"                1998",-8.091153412656e-02,7.611180243990e-01,-9.073985778147e+00,-7.891150455476e-02,7.619407793965e-01,-1.470551704374e+01,2.000029571800e-03,8.227549974541e-04,-5.631531265589e+00
"                1999",-7.997059167229e-02,7.485848240539e-01,-9.074380665302e+00,-7.793501143225e-02,7.493045541657e-01,-1.470587114217e+01,2.035580240048e-03,7.197301117495e-04,-5.631490476871e+00
"                2000",-7.928103020944e-02,7.294334465184e-01,-9.075540523076e+00,-7.723370937818e-02,7.300435571385e-01,-1.470704418668e+01,2.047320831266e-03,6.101106200418e-04,-5.631503663603e+00
"                2001",-7.903972930896e-02,7.029997134908e-01,-9.076498592974e+00,-7.700917167603e-02,7.035115487675e-01,-1.470807528521e+01,2.030557632929e-03,5.118352767383e-04,-5.631576692239e+00
"                2002",-8.047892529970e-02,6.705691452589e-01,-9.076532545152e+00,-7.849313748189e-02,6.710150177161e-01,-1.470821072801e+01,1.985787817814e-03,4.458724572799e-04,-5.631678182862e+00
"                2003",-8.459547102282e-02,6.366376481153e-01,-9.075568461350e+00,-8.266004131607e-02,6.370446954729e-01,-1.470737672378e+01,1.935429706749e-03,4.070473575396e-04,-5.631808262429e+00
"                2004",-9.068879198054e-02,6.063476861572e-01,-9.072775892056e+00,-8.879345955086e-02,6.067496562034e-01,-1.470473484326e+01,1.895332429677e-03,4.019700461644e-04,-5.631958951206e+00
"                2005",-9.589159572184e-02,5.797660401426e-01,-9.069555615087e+00,-9.402357974615e-02,5.801860898952e-01,-1.470163219031e+01,1.868015975685e-03,4.200497525662e-04,-5.632076575219e+00
"                2006",-9.566426448529e-02,5.570802983557e-01,-9.067014295130e+00,-9.381002949986e-02,5.575155944894e-01,-1.469914076349e+01,1.854234985436e-03,4.352961337148e-04,-5.632126468361e+00
"                2007",-9.196136643536e-02,5.373480039795e-01,-9.065791063625e+00,-9.010832386843e-02,5.377888420633e-01,-1.469788462178e+01,1.853042566926e-03,4.408380837410e-04,-5.632093558158e+00
"                2008",-8.674094505108e-02,5.200909215114e-01,-9.065697722684e+00,-8.488381848888e-02,5.205242013155e-01,-1.469768705444e+01,1.857126562193e-03,4.332798041348e-04,-5.631989331752e+00
"                2009",-8.274082072984e-02,5.029929160396e-01,-9.067014611359e+00,-8.085979446608e-02,5.034213709078e-01,-1.469885143176e+01,1.881026263758e-03,4.284548681941e-04,-5.631836820403e+00
"                2010",-7.974001649765e-02,4.859601455519e-01,-9.068472328603e+00,-7.781574155385e-02,4.863812868399e-01,-1.470013999395e+01,1.924274943804e-03,4.211412879684e-04,-5.631667665343e+00
"                2011",-7.846099963623e-02,4.703939654533e-01,-9.068588349845e+00,-7.648799553313e-02,4.708147491543e-01,-1.470011819694e+01,1.973004103104e-03,4.207837009959e-04,-5.631529847099e+00
"                2012",-7.902977593841e-02,4.594122770407e-01,-9.069115820620e+00,-7.701651332454e-02,4.598435476061e-01,-1.470056634018e+01,2.013262613870e-03,4.312705654046e-04,-5.631450519562e+00
"                2013",-7.921387890008e-02,4.519149019606e-01,-9.069819082439e+00,-7.717515982685e-02,4.523892426515e-01,-1.470124603828e+01,2.038719073227e-03,4.743406909303e-04,-5.631426955843e+00
"                2014",-8.035367205383e-02,4.490577379685e-01,-9.071119986199e+00,-7.831501100835e-02,4.496091650829e-01,-1.470258135899e+01,2.038661045482e-03,5.514271143731e-04,-5.631461372795e+00
"                2015",-8.162534334932e-02,4.564357059515e-01,-9.072551440080e+00,-7.961465272103e-02,4.570777431962e-01,-1.470410179883e+01,2.010690628290e-03,6.420372447848e-04,-5.631550358750e+00
"                2016",-8.587536150711e-02,4.800536002184e-01,-9.073394446002e+00,-8.391622729526e-02,4.807881915899e-01,-1.470506306617e+01,1.959134211846e-03,7.345913714373e-04,-5.631668620163e+00
"                2017",-9.280409901120e-02,5.166345327934e-01,-9.071710160979e+00,-9.089357083280e-02,5.174561835459e-01,-1.470352987622e+01,1.910528178405e-03,8.216507524388e-04,-5.631819715245e+00
"                2018",-9.867580017297e-02,5.608715361698e-01,-9.068634987328e+00,-9.680172085483e-02,5.617666647937e-01,-1.470060791198e+01,1.874079318143e-03,8.951286239134e-04,-5.631972924653e+00
"                2019",-1.021159029018e-01,6.081268778676e-01,-9.066470665573e+00,-1.002663069228e-01,6.090738550984e-01,-1.469856295009e+01,1.849595979018e-03,9.469772307038e-04,-5.632092284521e+00
"                2020",-1.004818323340e-01,6.536808992572e-01,-9.065624773646e+00,-9.864560341161e-02,6.546627073092e-01,-1.469777166647e+01,1.836228922388e-03,9.818080520804e-04,-5.632146892821e+00
"                2021",-9.644561144526e-02,6.927890749474e-01,-9.066350205640e+00,-9.461361038098e-02,6.937816991150e-01,-1.469846790390e+01,1.832001064278e-03,9.926241676300e-04,-5.632117698264e+00
"                2022",-9.168432210924e-02,7.215555648676e-01,-9.068380307109e+00,-8.984810852618e-02,7.225319618035e-01,-1.470039934268e+01,1.836213583069e-03,9.763969358523e-04,-5.632019035570e+00
"                2023",-8.730129267141e-02,7.392737080679e-01,-9.070488991645e+00,-8.543974384545e-02,7.402039935074e-01,-1.470236286563e+01,1.861548825960e-03,9.302854395379e-04,-5.631873873988e+00
"                2024",-8.349655709188e-02,7.456095648772e-01,-9.071727924019e+00,-8.158879410957e-02,7.464759877182e-01,-1.470344193606e+01,1.907762982311e-03,8.664228410310e-04,-5.631714012042e+00
"                2025",-8.105015762047e-02,7.410913263655e-01,-9.072584660589e+00,-7.909097093515e-02,7.418906891326e-01,-1.470416708589e+01,1.959186685315e-03,7.993627670250e-04,-5.631582425305e+00
"                2026",-8.085489872010e-02,7.267535688131e-01,-9.073372474624e+00,-7.885283254766e-02,7.274827899002e-01,-1.470487816166e+01,2.002066172441e-03,7.292210871594e-04,-5.631505687033e+00
"                2027",-8.092117538288e-02,7.092873601867e-01,-9.073872272226e+00,-7.889451366683e-02,7.099482530959e-01,-1.470534915941e+01,2.026661716057e-03,6.608929091397e-04,-5.631476887181e+00
"                2028",-8.334555106657e-02,6.945671703640e-01,-9.075773222687e+00,-8.131917779584e-02,6.951598870367e-01,-1.470728108078e+01,2.026373270731e-03,5.927166727203e-04,-5.631507858091e+00
"                2029",-8.448402496296e-02,6.819619183261e-01,-9.076758611529e+00,-8.248489468063e-02,6.825044549482e-01,-1.470835422573e+01,1.999130282330e-03,5.425366220627e-04,-5.631595614196e+00
"                2030",-8.664618752982e-02,6.661002826227e-01,-9.076014116306e+00,-8.469554852794e-02,6.666138370207e-01,-1.470772410057e+01,1.950639001881e-03,5.135543980180e-04,-5.631709984269e+00
"                2031",-8.961721010127e-02,6.465607673320e-01,-9.073708988818e+00,-8.770844317002e-02,6.470626389460e-01,-1.470556351888e+01,1.908766931250e-03,5.018716139812e-04,-5.631854530062e+00
"                2032",-9.282248001273e-02,6.248438716723e-01,-9.070799849713e+00,-9.094287776336e-02,6.253360348632e-01,-1.470279877389e+01,1.879602249368e-03,4.921631909465e-04,-5.631998924176e+00
"                2033",-9.419348175669e-02,6.012522170301e-01,-9.067999027320e+00,-9.233159136212e-02,6.017263543272e-01,-1.470009812027e+01,1.861890394573e-03,4.741372971322e-04,-5.632099092948e+00
"                2034",-9.268176337559e-02,5.743235865611e-01,-9.066380274080e+00,-9.083000801718e-02,5.747630261050e-01,-1.469850436871e+01,1.851755358412e-03,4.394395439151e-04,-5.632124094626e+00
"                2035",-8.901815322858e-02,5.428271320283e-01,-9.066297204455e+00,-8.717045114562e-02,5.432230336812e-01,-1.469836294826e+01,1.847702082963e-03,3.959016528314e-04,-5.632065743807e+00
"                2036",-8.570142984871e-02,5.092158180928e-01,-9.066402189319e+00,-8.384894781354e-02,5.095715474172e-01,-1.469834857562e+01,1.852482035175e-03,3.557293243490e-04,-5.631946386300e+00
"                2037",-8.213997556345e-02,4.769810253568e-01,-9.066981432491e+00,-8.026006155463e-02,4.773128088268e-01,-1.469876671123e+01,1.879914008822e-03,3.317834699471e-04,-5.631785278742e+00
"                2038",-7.961767314654e-02,4.508102530733e-01,-9.067330087485e+00,-7.769247084413e-02,4.511436407126e-01,-1.469895353447e+01,1.925202302414e-03,3.333876393325e-04,-5.631623446988e+00
"                2039",-7.872552653458e-02,4.348268229377e-01,-9.067576515457e+00,-7.675371248791e-02,4.351863693052e-01,-1.469907549155e+01,1.971814046675e-03,3.595463675569e-04,-5.631498976094e+00
"                2040",-8.092935105151e-02,4.297552930090e-01,-9.068712690569e+00,-7.892110870445e-02,4.301787504504e-01,-1.470014515552e+01,2.008242347061e-03,4.234574414193e-04,-5.631432464955e+00
"                2041",-8.441107256061e-02,4.351162667078e-01,-9.070596636851e+00,-8.238556064647e-02,4.356326540053e-01,-1.470202149011e+01,2.025511914138e-03,5.163872975200e-04,-5.631424853255e+00
"                2042",-8.871605436400e-02,4.501443055590e-01,-9.072214249512e+00,-8.669809487013e-02,4.507792515015e-01,-1.470369557994e+01,2.017959493865e-03,6.349459424658e-04,-5.631481330423e+00
"                2043",-8.811689097476e-02,4.769977446322e-01,-9.072349287400e+00,-8.613272052812e-02,4.777468014568e-01,-1.470393194512e+01,1.984170446636e-03,7.490568246031e-04,-5.631582657721e+00
"                2044",-8.855577728855e-02,5.160638551648e-01,-9.071737968572e+00,-8.661880755344e-02,5.169086817002e-01,-1.470344836918e+01,1.936969735109e-03,8.448265353584e-04,-5.631710400608e+00
"                2045",-9.210558367332e-02,5.612545545207e-01,-9.069784415472e+00,-9.020992546575e-02,5.621589009115e-01,-1.470164924504e+01,1.895658207561e-03,9.043463907935e-04,-5.631864829565e+00
"                2046",-9.728343574031e-02,6.053024202528e-01,-9.067535648844e+00,-9.541904034660e-02,6.062326935892e-01,-1.469954548956e+01,1.864395393709e-03,9.302733364113e-04,-5.632009840720e+00
"                2047",-9.943369403967e-02,6.431072296740e-01,-9.066670269422e+00,-9.759194643457e-02,6.440398769105e-01,-1.469877807682e+01,1.841747605109e-03,9.326472365416e-04,-5.632107807395e+00
"                2048",-9.828648295283e-02,6.722311716325e-01,-9.066498653004e+00,-9.645918543119e-02,6.731522060205e-01,-1.469863433735e+01,1.827297521644e-03,9.210343879557e-04,-5.632135684343e+00
"                2049",-9.462766840346e-02,6.939331884370e-01,-9.066903803189e+00,-9.280759243601e-02,6.948280422538e-01,-1.469898641056e+01,1.820075967455e-03,8.948538167742e-04,-5.632082607369e+00
"                2050",-9.042313107176e-02,7.083355712765e-01,-9.068449839533e+00,-8.859613744626e-02,7.091922697539e-01,-1.470041379093e+01,1.826993625504e-03,8.566984773857e-04,-5.631963951400e+00
"                2051",-8.621446036832e-02,7.151578847728e-01,-9.070368813775e+00,-8.435627447914e-02,7.159762402129e-01,-1.470217571901e+01,1.858185889182e-03,8.183554400597e-04,-5.631806905237e+00
"                2052",-8.417776600297e-02,7.164672243860e-01,-9.071554504059e+00,-8.227121424010e-02,7.172541791592e-01,-1.470320543340e+01,1.906551762864e-03,7.869547732297e-04,-5.631650929340e+00
"                2053",-8.415946648620e-02,7.144002925040e-01,-9.072779442444e+00,-8.220368340502e-02,7.151621812532e-01,-1.470431213666e+01,1.955783081174e-03,7.618887492029e-04,-5.631532694219e+00
"                2054",-8.538719980396e-02,7.130286785577e-01,-9.074154478174e+00,-8.339148830966e-02,7.137591480604e-01,-1.470562360658e+01,1.995711494301e-03,7.304695026887e-04,-5.631469128408e+00
"                2055",-8.599952646003e-02,7.146801030924e-01,-9.075078822017e+00,-8.398347756422e-02,7.153724349036e-01,-1.470653763274e+01,2.016048895804e-03,6.923318112415e-04,-5.631458810722e+00
"                2056",-8.615999991929e-02,7.158796529105e-01,-9.076165803014e+00,-8.414763816626e-02,7.165258291964e-01,-1.470767506058e+01,2.012361753033e-03,6.461762858256e-04,-5.631509257561e+00
"                2057",-8.382481374923e-02,7.101379818553e-01,-9.076214817704e+00,-8.184325572010e-02,7.107375560291e-01,-1.470781573880e+01,1.981558029131e-03,5.995741737815e-04,-5.631600921098e+00
"                2058",-8.393404332631e-02,6.935481475994e-01,-9.075031761124e+00,-8.199896663837e-02,6.940909887831e-01,-1.470675069660e+01,1.935076687940e-03,5.428411836648e-04,-5.631718935476e+00
"                2059",-8.854995065761e-02,6.673803612699e-01,-9.073186998570e+00,-8.665586887640e-02,6.678695141589e-01,-1.470504913387e+01,1.894081781205e-03,4.891528890568e-04,-5.631862135305e+00
"                2060",-9.352080477777e-02,6.322020750423e-01,-9.071154105956e+00,-9.165776997017e-02,6.326375211226e-01,-1.470314746408e+01,1.863034807599e-03,4.354460802878e-04,-5.631993358123e+00
"                2061",-9.497424028245e-02,5.916504464813e-01,-9.068242530010e+00,-9.313078926094e-02,5.920264943136e-01,-1.470031374773e+01,1.843451021515e-03,3.760478322915e-04,-5.632071217723e+00
"                2062",-9.268529016407e-02,5.486761370356e-01,-9.065944525853e+00,-9.085231421991e-02,5.489922467185e-01,-1.469801317308e+01,1.832975944164e-03,3.161096829869e-04,-5.632068647223e+00
"                2063",-8.858137667215e-02,5.061653392484e-01,-9.065389515700e+00,-8.675211239711e-02,5.064368140675e-01,-1.469737727025e+01,1.829264275045e-03,2.714748191720e-04,-5.631987754547e+00
"                2064",-8.604219371944e-02,4.683580683575e-01,-9.066108931998e+00,-8.420147052105e-02,4.686175486639e-01,-1.469795856014e+01,1.840723198387e-03,2.594803063744e-04,-5.631849628139e+00
"                2065",-8.459948834033e-02,4.407204842453e-01,-9.067352764468e+00,-8.272408939963e-02,4.410025005499e-01,-1.469903476027e+01,1.875398940702e-03,2.820163046280e-04,-5.631681995804e+00
"                2066",-8.402960187422e-02,4.281595384945e-01,-9.068428328956e+00,-8.210656424374e-02,4.284930308893e-01,-1.469995936028e+01,1.923037630480e-03,3.334923948785e-04,-5.631531031323e+00
"                2067",-8.513407372357e-02,4.304598630641e-01,-9.069007822407e+00,-8.316447156400e-02,4.308722261190e-01,-1.470043965371e+01,1.969602159569e-03,4.123630549481e-04,-5.631431831304e+00
"                2068",-8.650664437323e-02,4.424161517302e-01,-9.069592792700e+00,-8.450003652589e-02,4.429336660625e-01,-1.470098500507e+01,2.006607847343e-03,5.175143322142e-04,-5.631392212370e+00
"                2069",-8.654791939179e-02,4.614760406519e-01,-9.070853907740e+00,-8.452529228057e-02,4.621064467565e-01,-1.470226345603e+01,2.022627111224e-03,6.304061045575e-04,-5.631409548286e+00
"                2070",-8.604022858978e-02,4.875093820481e-01,-9.072223019702e+00,-8.402808591421e-02,4.882437943865e-01,-1.470371051412e+01,2.012142675569e-03,7.344123383762e-04,-5.631487494422e+00
"                2071",-8.526700277847e-02,5.194344094426e-01,-9.072549357245e+00,-8.329288923882e-02,5.202408301916e-01,-1.470414483695e+01,1.974113539643e-03,8.064207489730e-04,-5.631595479708e+00
"                2072",-8.810760519242e-02,5.535357815657e-01,-9.072035507122e+00,-8.618230905849e-02,5.543876698723e-01,-1.470376915932e+01,1.925296133932e-03,8.518883065919e-04,-5.631733652202e+00
"                2073",-9.431126048855e-02,5.838986645826e-01,-9.070240913426e+00,-9.242965325697e-02,5.847607071559e-01,-1.470213525115e+01,1.881607231585e-03,8.620425732584e-04,-5.631894337722e+00
"                2074",-1.006680786903e-01,6.109542643610e-01,-9.067755908954e+00,-9.882182141362e-02,6.118012559141e-01,-1.469979245232e+01,1.846257276725e-03,8.469915530972e-04,-5.632036543361e+00
"                2075",-1.017533547538e-01,6.336240631521e-01,-9.066118019613e+00,-9.993088751066e-02,6.344557592251e-01,-1.469823941547e+01,1.822467243124e-03,8.316960730016e-04,-5.632121395862e+00
"                2076",-9.957335848844e-02,6.528836966135e-01,-9.066049084684e+00,-9.776246542980e-02,6.537101391483e-01,-1.469817408208e+01,1.810893058640e-03,8.264425348324e-04,-5.632124997400e+00
"                2077",-9.625745369095e-02,6.702096188437e-01,-9.067106773614e+00,-9.444772416648e-02,6.710423894696e-01,-1.469915665629e+01,1.809729524473e-03,8.327706259012e-04,-5.632049882681e+00
"                2078",-9.311458849285e-02,6.871154298337e-01,-9.069228565007e+00,-9.128828205593e-02,6.879539801889e-01,-1.470114841564e+01,1.826306436918e-03,8.385503552309e-04,-5.631919850628e+00
"                2079",-8.983639725972e-02,7.043302346135e-01,-9.071485092950e+00,-8.796927516640e-02,7.051765940971e-01,-1.470324516566e+01,1.867122093315e-03,8.463594836085e-04,-5.631760072714e+00
"                2080",-8.776944342068e-02,7.210268975372e-01,-9.072663704842e+00,-8.584876442380e-02,7.218784228447e-01,-1.470428068260e+01,1.920678996884e-03,8.515253074504e-04,-5.631616977753e+00
"                2081",-8.681542171865e-02,7.338127443049e-01,-9.073592057737e+00,-8.484318268952e-02,7.346597851771e-01,-1.470511219439e+01,1.972239029130e-03,8.470408722231e-04,-5.631520136654e+00
"                2082",-8.463337893286e-02,7.427003585921e-01,-9.074394521261e+00,-8.262076033833e-02,7.435117206725e-01,-1.470587068577e+01,2.012618594530e-03,8.113620804590e-04,-5.631476164509e+00
"                2083",-8.262452869991e-02,7.470086247729e-01,-9.075451883057e+00,-8.059505049726e-02,7.477519176989e-01,-1.470693743620e+01,2.029478202654e-03,7.432929259977e-04,-5.631485553142e+00
"                2084",-8.171932200773e-02,7.420269653492e-01,-9.076470734441e+00,-7.970348029308e-02,7.426762592655e-01,-1.470802751418e+01,2.015841714650e-03,6.492939162424e-04,-5.631556779741e+00
"                2085",-8.241688470494e-02,7.207971647891e-01,-9.077262876561e+00,-8.044462180443e-02,7.213521985679e-01,-1.470891829746e+01,1.972262900507e-03,5.550337788128e-04,-5.631655420903e+00
"                2086",-8.618529165915e-02,6.849485704865e-01,-9.075749890645e+00,-8.426348019119e-02,6.854082634876e-01,-1.470753964110e+01,1.921811467956e-03,4.596930010725e-04,-5.631789750451e+00
"                2087",-9.178015792722e-02,6.409713580446e-01,-9.072537406897e+00,-8.989991478390e-02,6.413521246085e-01,-1.470447562247e+01,1.880243143320e-03,3.807665638949e-04,-5.631938215570e+00
"                2088",-9.596234945403e-02,5.932178998573e-01,-9.069514846256e+00,-9.411117862433e-02,5.935416314540e-01,-1.470157122964e+01,1.851170829699e-03,3.237315967031e-04,-5.632056383383e+00
"                2089",-9.627584873692e-02,5.465592768909e-01,-9.066845589967e+00,-9.444105163261e-02,5.468434626485e-01,-1.469895590062e+01,1.834797104317e-03,2.841857575893e-04,-5.632110310651e+00
"                2090",-9.435874855819e-02,5.052514980113e-01,-9.065350796761e+00,-9.252977254009e-02,5.055186851825e-01,-1.469743121439e+01,1.828976018100e-03,2.671871712178e-04,-5.632080417627e+00
"                2091",-9.155441727572e-02,4.728369396142e-01,-9.066170609601e+00,-8.972533297182e-02,4.731136841830e-01,-1.469814408136e+01,1.829084303900e-03,2.767445688058e-04,-5.631973471757e+00
"                2092",-8.906919240513e-02,4.526999681397e-01,-9.067669683703e+00,-8.721724530872e-02,4.530169531852e-01,-1.469949257724e+01,1.851947096414e-03,3.169850455223e-04,-5.631822893534e+00
"                2093",-8.600231778939e-02,4.446846678688e-01,-9.068397559912e+00,-8.410424181295e-02,4.450647010847e-01,-1.470005338729e+01,1.898075976447e-03,3.800332158319e-04,-5.631655827376e+00
"                2094",-8.324119384901e-02,4.482562163655e-01,-9.068438632491e+00,-8.128880585382e-02,4.487079017013e-01,-1.469995717120e+01,1.952387995181e-03,4.516853358968e-04,-5.631518538709e+00
"                2095",-8.261862747756e-02,4.623671813322e-01,-9.068697361920e+00,-8.061967393290e-02,4.628929919276e-01,-1.470013705176e+01,1.998953544660e-03,5.258105953691e-04,-5.631439689842e+00
"                2096",-8.298259551219e-02,4.798922275932e-01,-9.069464697327e+00,-8.095463043891e-02,4.804897201458e-01,-1.470087905385e+01,2.027965073282e-03,5.974925525210e-04,-5.631414356518e+00
"                2097",-8.400899010877e-02,4.948042254012e-01,-9.071442763326e+00,-8.197881879524e-02,4.954740778261e-01,-1.470289029922e+01,2.030171313536e-03,6.698524249183e-04,-5.631447535898e+00
"                2098",-8.456966215857e-02,5.075509926885e-01,-9.073248361800e+00,-8.256663829683e-02,5.082754354003e-01,-1.470478891563e+01,2.003023861746e-03,7.244427117751e-04,-5.631540553826e+00
"                2099",-8.755760998412e-02,5.236729521075e-01,-9.073337977042e+00,-8.560594417652e-02,5.244281588282e-01,-1.470500199160e+01,1.951665807601e-03,7.552067207520e-04,-5.631664014558e+00
"                2100",-9.302408662103e-02,5.429105679587e-01,-9.071527045632e+00,-9.112189309320e-02,5.436805600129e-01,-1.470334557065e+01,1.902193527828e-03,7.699920541976e-04,-5.631818525014e+00
"                2101",-9.907056129813e-02,5.640546739628e-01,-9.068737302695e+00,-9.720723733345e-02,5.648335093574e-01,-1.470071332846e+01,1.863323964689e-03,7.788353946462e-04,-5.631976025770e+00
"                2102",-1.042561806296e-01,5.871000107775e-01,-9.066512279149e+00,-1.024213776440e-01,5.878918553985e-01,-1.469861235962e+01,1.834802985633e-03,7.918446210648e-04,-5.632100080469e+00
"                2103",-1.050840543957e-01,6.128407714391e-01,-9.065874780724e+00,-1.032673448241e-01,6.136637468483e-01,-1.469803108873e+01,1.816709571602e-03,8.229754092500e-04,-5.632156308011e+00
"                2104",-1.023967688017e-01,6.430777738508e-01,-9.067142112372e+00,-1.005859407043e-01,6.439406080816e-01,-1.469927045364e+01,1.810828097396e-03,8.628342308294e-04,-5.632128341272e+00
"                2105",-9.821592861167e-02,6.761113238867e-01,-9.068674203049e+00,-9.639847995079e-02,6.770158273414e-01,-1.470070706509e+01,1.817448660873e-03,9.045034546640e-04,-5.632032862038e+00
"                2106",-9.348388707662e-02,7.088728267219e-01,-9.070327713455e+00,-9.163765978234e-02,7.098041464349e-01,-1.470221833118e+01,1.846227294274e-03,9.313197129950e-04,-5.631890617728e+00
"                2107",-8.804585515486e-02,7.366207161915e-01,-9.071625749591e+00,-8.614891908140e-02,7.375578936572e-01,-1.470335874528e+01,1.896936073461e-03,9.371774657820e-04,-5.631732995686e+00
"                2108",-8.337392174818e-02,7.557774988822e-01,-9.072071875954e+00,-8.142127919429e-02,7.566999287672e-01,-1.470367238061e+01,1.952642553887e-03,9.224298850741e-04,-5.631600504652e+00
"                2109",-8.247059237030e-02,7.636845529981e-01,-9.073027531431e+00,-8.047390744287e-02,7.645515391601e-01,-1.470454832972e+01,1.996684927427e-03,8.669861620626e-04,-5.631520798285e+00
"                2110",-8.246399420446e-02,7.603619450303e-01,-9.074651663423e+00,-8.044160075357e-02,7.611411416350e-01,-1.470614205588e+01,2.022393450887e-03,7.791966046940e-04,-5.631490392454e+00
"                2111",-8.479388198984e-02,7.472976311789e-01,-9.076583792996e+00,-8.277153453027e-02,7.479588418321e-01,-1.470810435094e+01,2.022347459573e-03,6.612106531638e-04,-5.631520557945e+00
"                2112",-8.534137568870e-02,7.231253534455e-01,-9.076842529918e+00,-8.334763818297e-02,7.236663664866e-01,-1.470844872944e+01,1.993737505725e-03,5.410130411134e-04,-5.631606199519e+00
"                2113",-8.707942776888e-02,6.863967104404e-01,-9.076064883340e+00,-8.513706697097e-02,6.868354300733e-01,-1.470778134194e+01,1.942360797911e-03,4.387196328714e-04,-5.631716458598e+00
"                2114",-9.107490626050e-02,6.422998376686e-01,-9.073680965884e+00,-8.917796718354e-02,6.426687061524e-01,-1.470553944255e+01,1.896939076962e-03,3.688684838132e-04,-5.631858476663e+00
"                2115",-9.614756233674e-02,5.972867633933e-01,-9.070576687398e+00,-9.428324339127e-02,5.976213644385e-01,-1.470257571882e+01,1.864318945470e-03,3.346010452022e-04,-5.631999031424e+00
"                2116",-9.958498887022e-02,5.568332429548e-01,-9.068580978600e+00,-9.774142610329e-02,5.571613798956e-01,-1.470067361143e+01,1.843562766926e-03,3.281369407479e-04,-5.632092632832e+00
"                2117",-9.903007077037e-02,5.245145529743e-01,-9.067321159490e+00,-9.719589067211e-02,5.248514664778e-01,-1.469943668889e+01,1.834180098262e-03,3.369135034557e-04,-5.632115529402e+00
"                2118",-9.486295096158e-02,5.009625892365e-01,-9.066232291301e+00,-9.302976818418e-02,5.013221065931e-01,-1.469829236291e+01,1.833182777404e-03,3.595173565684e-04,-5.632060071607e+00
"                2119",-8.956516265249e-02,4.852629012578e-01,-9.066064801030e+00,-8.772249907724e-02,4.856588934199e-01,-1.469800348358e+01,1.842663575254e-03,3.959921620887e-04,-5.631938682553e+00
"                2120",-8.448582243602e-02,4.770588114619e-01,-9.066717198885e+00,-8.261076107598e-02,4.774942242610e-01,-1.469849469100e+01,1.875061360042e-03,4.354127990522e-04,-5.631777492115e+00
"                2121",-8.156323397660e-02,4.754325791961e-01,-9.067243739381e+00,-7.964003559215e-02,4.759029828034e-01,-1.469885764329e+01,1.923198384445e-03,4.704036073285e-04,-5.631613903905e+00
"                2122",-8.102761151352e-02,4.779979589876e-01,-9.068055938159e+00,-7.905837650756e-02,4.784962449916e-01,-1.469954456511e+01,1.969235005964e-03,4.982860040180e-04,-5.631488626950e+00
"                2123",-8.281359025645e-02,4.803638991212e-01,-9.069438504034e+00,-8.080990820162e-02,4.808937909728e-01,-1.470086214651e+01,2.003682054830e-03,5.298918516313e-04,-5.631423642474e+00
"                2124",-8.549652945857e-02,4.789587985481e-01,-9.070435366909e+00,-8.347792023564e-02,4.795258177126e-01,-1.470185613896e+01,2.018609222924e-03,5.670191644642e-04,-5.631420772053e+00
"                2125",-8.888538858591e-02,4.768872317558e-01,-9.071669618654e+00,-8.687693425337e-02,4.774994317932e-01,-1.470314729672e+01,2.008454332540e-03,6.122000374581e-04,-5.631477678065e+00
"                2126",-8.912345272077e-02,4.806278729891e-01,-9.072153791612e+00,-8.715084516020e-02,4.812844046574e-01,-1.470373228256e+01,1.972607560570e-03,6.565316682777e-04,-5.631578490946e+00
"                2127",-9.166817532704e-02,4.952634038519e-01,-9.071655778621e+00,-8.974555359535e-02,4.959708567498e-01,-1.470335947957e+01,1.922621731693e-03,7.074528978527e-04,-5.631703700944e+00
"                2128",-9.741736222054e-02,5.191377631547e-01,-9.070150218249e+00,-9.553821074082e-02,5.198956887191e-01,-1.470200701538e+01,1.879151479719e-03,7.579255643853e-04,-5.631856797129e+00
"                2129",-1.036845197929e-01,5.528897638521e-01,-9.068626927616e+00,-1.018368118261e-01,5.536989459170e-01,-1.470062818964e+01,1.847707966866e-03,8.091820648505e-04,-5.632001262023e+00
"                2130",-1.058909519692e-01,5.925813900674e-01,-9.066937731895e+00,-1.040639622285e-01,5.934463574073e-01,-1.469904211377e+01,1.826989740721e-03,8.649673399432e-04,-5.632104381875e+00
"                2131",-1.034502959121e-01,6.352131107799e-01,-9.065869501865e+00,-1.016343134716e-01,6.361379092647e-01,-1.469800350262e+01,1.815982440433e-03,9.247984847847e-04,-5.632134000752e+00
"                2132",-9.823667615782e-02,6.776070464270e-01,-9.066473902173e+00,-9.642296210827e-02,6.785786919082e-01,-1.469855604253e+01,1.813714049559e-03,9.716454812394e-04,-5.632082140361e+00
"                2133",-9.290323361446e-02,7.164860887686e-01,-9.068032094877e+00,-9.107952697619e-02,7.174753593553e-01,-1.469999696610e+01,1.823706638274e-03,9.892705866697e-04,-5.631964871219e+00
"                2134",-8.803972713062e-02,7.462804255225e-01,-9.069936270280e+00,-8.618496659632e-02,7.472525461723e-01,-1.470174575711e+01,1.854760534305e-03,9.721206498102e-04,-5.631809486827e+00
"                2135",-8.498465046767e-02,7.621766782957e-01,-9.071751181180e+00,-8.308271491445e-02,7.631033364425e-01,-1.470340633267e+01,1.901935553223e-03,9.266581467905e-04,-5.631655151492e+00
"                2136",-8.488692348499e-02,7.632407351275e-01,-9.073199657978e+00,-8.293764321131e-02,7.640970714760e-01,-1.470473878667e+01,1.949280273678e-03,8.563363484787e-04,-5.631539128691e+00
"                2137",-8.676694505081e-02,7.530651328469e-01,-9.074116448415e+00,-8.478028886562e-02,7.538217902984e-01,-1.470559478162e+01,1.986656185196e-03,7.566574515153e-04,-5.631478333201e+00
"                2138",-8.740919869643e-02,7.351026186336e-01,-9.074911016255e+00,-8.540455347369e-02,7.357493228763e-01,-1.470637983799e+01,2.004645222740e-03,6.467042426183e-04,-5.631468821737e+00
"                2139",-8.864028954963e-02,7.111122520749e-01,-9.075797109713e+00,-8.664090853603e-02,7.116519925806e-01,-1.470731622621e+01,1.999381013598e-03,5.397405056886e-04,-5.631519116495e+00
"                2140",-8.752481939564e-02,6.816026728741e-01,-9.075623732817e+00,-8.555716417200e-02,6.820638666100e-01,-1.470723487826e+01,1.967655223642e-03,4.611937358185e-04,-5.631611145441e+00
"                2141",-8.905325169781e-02,6.481481397922e-01,-9.075340922802e+00,-8.713324567174e-02,6.485565586356e-01,-1.470706744424e+01,1.920006026063e-03,4.084188434498e-04,-5.631726521439e+00
"                2142",-9.403989839748e-02,6.160116516475e-01,-9.073950434666e+00,-9.216010526976e-02,6.164057191099e-01,-1.470582139446e+01,1.879793127727e-03,3.940674623957e-04,-5.631870959793e+00
"                2143",-9.845561624829e-02,5.879284916020e-01,-9.070991220455e+00,-9.660303335613e-02,5.883323497060e-01,-1.470299901854e+01,1.852582892155e-03,4.038581040122e-04,-5.632007798090e+00
"                2144",-9.793500568469e-02,5.643043531480e-01,-9.067837924794e+00,-9.609690183401e-02,5.647245406838e-01,-1.469992478181e+01,1.838103850682e-03,4.201875358031e-04,-5.632086857014e+00
"                2145",-9.375295989008e-02,5.440764781542e-01,-9.065644248753e+00,-9.192041571846e-02,5.445039904818e-01,-1.469773206881e+01,1.832544171620e-03,4.275123276265e-04,-5.632087820056e+00
"                2146",-8.850319389904e-02,5.262716045875e-01,-9.064828851140e+00,-8.667246107574e-02,5.266925140279e-01,-1.469683850626e+01,1.830732823308e-03,4.209094403197e-04,-5.632009655120e+00
"                2147",-8.609236978495e-02,5.090385777650e-01,-9.065775846129e+00,-8.425172158361e-02,5.094529455606e-01,-1.469764890217e+01,1.840648201339e-03,4.143677956043e-04,-5.631873056039e+00
"                2148",-8.494225076902e-02,4.907153386677e-01,-9.067807608520e+00,-8.307080917785e-02,4.911244724481e-01,-1.469951348227e+01,1.871441591172e-03,4.091337804563e-04,-5.631705873751e+00
"                2149",-8.566262177769e-02,4.733327734957e-01,-9.068709073810e+00,-8.374745946407e-02,4.737383662017e-01,-1.470026352692e+01,1.915162313613e-03,4.055927059717e-04,-5.631554453110e+00
"                2150",-8.682800357681e-02,4.606972621486e-01,-9.068772761397e+00,-8.486928887935e-02,4.611069830233e-01,-1.470022575246e+01,1.958714697465e-03,4.097208747524e-04,-5.631452991066e+00
"                2151",-8.777315701690e-02,4.517397811250e-01,-9.069174111819e+00,-8.577901283233e-02,4.521807854330e-01,-1.470058223795e+01,1.994144184571e-03,4.410043080469e-04,-5.631408126136e+00
"                2152",-8.817753712219e-02,4.465333854110e-01,-9.070128566498e+00,-8.616770407190e-02,4.470358861837e-01,-1.470154747883e+01,2.009833050294e-03,5.025007727619e-04,-5.631418912332e+00
"                2153",-8.973668718903e-02,4.491699888439e-01,-9.071916033796e+00,-8.773783638055e-02,4.497630642826e-01,-1.470340687477e+01,1.998850808481e-03,5.930754386183e-04,-5.631490840978e+00
"                2154",-9.057831013070e-02,4.669454891732e-01,-9.073497791893e+00,-8.861773426675e-02,4.676308922742e-01,-1.470509426394e+01,1.960575863949e-03,6.854031010599e-04,-5.631596472044e+00
"                2155",-9.362084807262e-02,5.004225061118e-01,-9.072806719123e+00,-9.170788708507e-02,5.012014062077e-01,-1.470454159833e+01,1.912960987552e-03,7.789000958976e-04,-5.631734879204e+00
"                2156",-9.789240793287e-02,5.429990867327e-01,-9.069907200341e+00,-9.601995137419e-02,5.438573084325e-01,-1.470180189765e+01,1.872456558681e-03,8.582216998404e-04,-5.631894697305e+00
"                2157",-1.013528461418e-01,5.902549991349e-01,-9.067083799381e+00,-9.951128654982e-02,5.911728322436e-01,-1.469911714348e+01,1.841559591943e-03,9.178331086772e-04,-5.632033344100e+00
"                2158",-1.011509063554e-01,6.373133489000e-01,-9.065402100762e+00,-9.932939654334e-02,6.382739023609e-01,-1.469751855627e+01,1.821509812086e-03,9.605534608635e-04,-5.632116455511e+00
"                2159",-9.919766419125e-02,6.796506847357e-01,-9.065451995362e+00,-9.738826352336e-02,6.806332428091e-01,-1.469757121261e+01,1.809400667894e-03,9.825580733624e-04,-5.632119217247e+00
"                2160",-9.644151145525e-02,7.136642030559e-01,-9.067621717567e+00,-9.463738689767e-02,7.146426523946e-01,-1.469966360940e+01,1.804124557581e-03,9.784493387060e-04,-5.632041891835e+00
"                2161",-9.410011938314e-02,7.356118481905e-01,-9.070148183050e+00,-9.228428338540e-02,7.365560387997e-01,-1.470206144841e+01,1.815835997747e-03,9.441906092003e-04,-5.631913265356e+00
"                2162",-9.142180292937e-02,7.456849591698e-01,-9.071638692243e+00,-8.956933881858e-02,7.465703220098e-01,-1.470339387978e+01,1.852464110798e-03,8.853628400180e-04,-5.631755187540e+00
"                2163",-8.898664445249e-02,7.443682452738e-01,-9.072177309970e+00,-8.708304225471e-02,7.451851223038e-01,-1.470378798162e+01,1.903602197777e-03,8.168770299824e-04,-5.631610671650e+00
"                2164",-8.813377243240e-02,7.320688457787e-01,-9.072818974879e+00,-8.617875641433e-02,7.328169396533e-01,-1.470433129500e+01,1.955016018071e-03,7.480938745345e-04,-5.631512320123e+00
"                2165",-8.766027630128e-02,7.155632963556e-01,-9.073674339314e+00,-8.566552724321e-02,7.162406723642e-01,-1.470514047323e+01,1.994749058073e-03,6.773760086189e-04,-5.631466133912e+00
"                2166",-8.793711976170e-02,7.002808633076e-01,-9.075605255870e+00,-8.592597061702e-02,7.008895182896e-01,-1.470707907815e+01,2.011149144688e-03,6.086549820580e-04,-5.631473822285e+00
"                2167",-8.761500001387e-02,6.882496206610e-01,-9.077294968437e+00,-8.561602679199e-02,6.887990233109e-01,-1.470883971629e+01,1.998973221883e-03,5.494026499323e-04,-5.631544747856e+00
"                2168",-8.693929257569e-02,6.741697949063e-01,-9.077015696031e+00,-8.497958295529e-02,6.746853772681e-01,-1.470866391056e+01,1.959709620405e-03,5.155823617998e-04,-5.631648214526e+00
"                2169",-8.791531016919e-02,6.550301587050e-01,-9.074819331990e+00,-8.600188710196e-02,6.555263292851e-01,-1.470660006446e+01,1.913423067236e-03,4.961705801174e-04,-5.631780732466e+00
"                2170",-9.109858011843e-02,6.335439655471e-01,-9.071751149377e+00,-8.922303042807e-02,6.340319077882e-01,-1.470368217885e+01,1.875549690353e-03,4.879422410640e-04,-5.631931029470e+00
"                2171",-9.494093622479e-02,6.104720717038e-01,-9.068948186151e+00,-9.309324365712e-02,6.109484584731e-01,-1.470100111761e+01,1.847692567665e-03,4.763867692564e-04,-5.632052931457e+00
"                2172",-9.640098881039e-02,5.855896977550e-01,-9.066662799891e+00,-9.457233208486e-02,5.860365468927e-01,-1.469877542417e+01,1.828656725524e-03,4.468491376759e-04,-5.632112624281e+00
"                2173",-9.549785324094e-02,5.553037778199e-01,-9.066362193520e+00,-9.367958012101e-02,5.557108030670e-01,-1.469844495990e+01,1.818273119932e-03,4.070252471240e-04,-5.632082766379e+00
"                2174",-9.347607657077e-02,5.211933696374e-01,-9.066558070280e+00,-9.166099773626e-02,5.215562059842e-01,-1.469854317752e+01,1.815078834510e-03,3.628363467893e-04,-5.631985107236e+00
"                2175",-9.139024645012e-02,4.873755696911e-01,-9.066993195920e+00,-8.955635500323e-02,4.877082235402e-01,-1.469882925637e+01,1.833891446891e-03,3.326538490905e-04,-5.631836060452e+00
"                2176",-8.878164227022e-02,4.580657375109e-01,-9.067611340317e+00,-8.690352633893e-02,4.583875752461e-01,-1.469927978323e+01,1.878115931290e-03,3.218377351825e-04,-5.631668442917e+00
"                2177",-8.629714146940e-02,4.373091599298e-01,-9.067742965985e+00,-8.436473290321e-02,4.376456798637e-01,-1.469926991751e+01,1.932408566190e-03,3.365199339500e-04,-5.631526951524e+00
"                2178",-8.658821039705e-02,4.277980136519e-01,-9.068384423316e+00,-8.460868382481e-02,4.281854786839e-01,-1.469982697520e+01,1.979526572246e-03,3.874650320656e-04,-5.631442551883e+00
"                2179",-8.784771689281e-02,4.292080185010e-01,-9.070161706429e+00,-8.583681409349e-02,4.296796065635e-01,-1.470157538363e+01,2.010902799321e-03,4.715880624544e-04,-5.631413677201e+00
"                2180",-8.931840787795e-02,4.407851864394e-01,-9.072176925763e+00,-8.730192914142e-02,4.413707428420e-01,-1.470362413732e+01,2.016478736536e-03,5.855564025248e-04,-5.631447211554e+00
"                2181",-8.816379410462e-02,4.643195978628e-01,-9.072809416167e+00,-8.616948838913e-02,4.650255472412e-01,-1.470434861590e+01,1.994305715490e-03,7.059493783706e-04,-5.631539199736e+00
"                2182",-8.769306356146e-02,5.001565854369e-01,-9.072497581020e+00,-8.574524713918e-02,5.009687464235e-01,-1.470415685613e+01,1.947816422276e-03,8.121609865890e-04,-5.631659275112e+00
"                2183",-9.109463558647e-02,5.432691227910e-01,-9.070749230741e+00,-8.919424356180e-02,5.441581612631e-01,-1.470255858176e+01,1.900392024672e-03,8.890384720660e-04,-5.631809351018e+00
"                2184",-9.743852154224e-02,5.877574304099e-01,-9.068393227110e+00,-9.557805219307e-02,5.886856183121e-01,-1.470035692368e+01,1.860469349175e-03,9.281879021684e-04,-5.631963696573e+00
"                2185",-1.040862250215e-01,6.286290508835e-01,-9.067146989121e+00,-1.022593272163e-01,6.295644569251e-01,-1.469923310354e+01,1.826897805196e-03,9.354060415694e-04,-5.632086114417e+00
"                2186",-1.060216401786e-01,6.616883858829e-01,-9.066851202816e+00,-1.042178244758e-01,6.626161991261e-01,-1.469899628736e+01,1.803815702872e-03,9.278132431620e-04,-5.632145084547e+00
"                2187",-1.038133232686e-01,6.859177275560e-01,-9.066832040540e+00,-1.020195095202e-01,6.868223259944e-01,-1.469895491962e+01,1.793813748359e-03,9.045984383970e-04,-5.632122879083e+00
"                2188",-9.959026599299e-02,7.026444337962e-01,-9.067759217954e+00,-9.779265815514e-02,7.035145913799e-01,-1.469978624790e+01,1.797607837843e-03,8.701575837369e-04,-5.632027029946e+00
"                2189",-9.510215713200e-02,7.123182808588e-01,-9.069669828956e+00,-9.327645842301e-02,7.131483662583e-01,-1.470155289519e+01,1.825698708996e-03,8.300853995424e-04,-5.631883066238e+00
"                2190",-9.086959466333e-02,7.154381363725e-01,-9.071232474455e+00,-8.899324982993e-02,7.162339259823e-01,-1.470295498466e+01,1.876344833404e-03,7.957896097984e-04,-5.631722510205e+00
"                2191",-8.780089077575e-02,7.141805754227e-01,-9.072448297926e+00,-8.586861374476e-02,7.149515989153e-01,-1.470403535343e+01,1.932277030996e-03,7.710234926301e-04,-5.631587055503e+00
"                2192",-8.675704709370e-02,7.117085779762e-01,-9.074037845722e+00,-8.477772597217e-02,7.124528573530e-01,-1.470554311680e+01,1.979321121528e-03,7.442793768421e-04,-5.631505271081e+00
"                2193",-8.568252547641e-02,7.129156643916e-01,-9.074871797012e+00,-8.367335021405e-02,7.136256343878e-01,-1.470634527051e+01,2.009175262367e-03,7.099699962598e-04,-5.631473473497e+00
"                2194",-8.534791902304e-02,7.154369568371e-01,-9.075720045242e+00,-8.333491150234e-02,7.161035457168e-01,-1.470722032209e+01,2.013007520693e-03,6.665888796318e-04,-5.631500276849e+00
"                2195",-8.360331940847e-02,7.137861922974e-01,-9.075977689096e+00,-8.161569189658e-02,7.144035418277e-01,-1.470756033640e+01,1.987627511889e-03,6.173495302980e-04,-5.631582647303e+00
"                2196",-8.473997625762e-02,7.021284986035e-01,-9.075531902308e+00,-8.280301481272e-02,7.026942589483e-01,-1.470722175741e+01,1.936961444907e-03,5.657603447151e-04,-5.631689855105e+00
"                2197",-9.009560960504e-02,6.799289374680e-01,-9.073824922582e+00,-8.820716251114e-02,6.804394085812e-01,-1.470565440294e+01,1.888447093901e-03,5.104711131477e-04,-5.631829480359e+00
"                2198",-9.690034451563e-02,6.476231483204e-01,-9.072060543274e+00,-9.504968953518e-02,6.480793092985e-01,-1.470402926672e+01,1.850654980453e-03,4.561609781030e-04,-5.631968723444e+00
"                2199",-1.016587984917e-01,6.079257228610e-01,-9.069452038674e+00,-9.983325487957e-02,6.083255260342e-01,-1.470152374305e+01,1.825543612114e-03,3.998031731954e-04,-5.632071704371e+00
"                2200",-1.015151457100e-01,5.646806411855e-01,-9.066653441925e+00,-9.970199307625e-02,5.650187430922e-01,-1.469875401686e+01,1.813152633705e-03,3.381019066924e-04,-5.632100574940e+00
"                2201",-9.767530081749e-02,5.209822261384e-01,-9.065514737473e+00,-9.586293897864e-02,5.212688603629e-01,-1.469755970654e+01,1.812361838840e-03,2.866342245090e-04,-5.632044969069e+00
"                2202",-9.322514170242e-02,4.805626422919e-01,-9.065728689561e+00,-9.140295501683e-02,4.808234236676e-01,-1.469765340293e+01,1.822186685586e-03,2.607813756369e-04,-5.631924713366e+00
"                2203",-8.892834132132e-02,4.483630675705e-01,-9.066830655738e+00,-8.707351900016e-02,4.486357530123e-01,-1.469859404819e+01,1.854822321158e-03,2.726854417620e-04,-5.631763392455e+00
"                2204",-8.565469388830e-02,4.298473045818e-01,-9.068124021996e+00,-8.375059031462e-02,4.301637896998e-01,-1.469972238029e+01,1.904103573683e-03,3.164851179839e-04,-5.631598358293e+00
"                2205",-8.424315705977e-02,4.266050095523e-01,-9.068891315907e+00,-8.228862901861e-02,4.269910411266e-01,-1.470036361596e+01,1.954528041163e-03,3.860315742463e-04,-5.631472300053e+00
"                2206",-8.576554604963e-02,4.354078694931e-01,-9.069222361228e+00,-8.377214792690e-02,4.358937637636e-01,-1.470063137220e+01,1.993398122727e-03,4.858942704916e-04,-5.631409010972e+00
"                2207",-8.657375140419e-02,4.527827369259e-01,-9.069950934019e+00,-8.456126358119e-02,4.533791982219e-01,-1.470135373095e+01,2.012487822998e-03,5.964612959754e-04,-5.631402796930e+00
"                2208",-8.791655298413e-02,4.756783182208e-01,-9.071392803885e+00,-8.591124347133e-02,4.763869657817e-01,-1.470284921212e+01,2.005309512800e-03,7.086475608638e-04,-5.631456408236e+00
"                2209",-8.748613227658e-02,5.048154109874e-01,-9.072188893662e+00,-8.551579454357e-02,5.056088041465e-01,-1.470374402812e+01,1.970337733013e-03,7.933931590837e-04,-5.631555134457e+00
"                2210",-9.122179526142e-02,5.384275430534e-01,-9.072537039390e+00,-8.930500738299e-02,5.392773046090e-01,-1.470421784325e+01,1.916787878427e-03,8.497615555826e-04,-5.631680803857e+00
"                2211",-9.879877315407e-02,5.705233472404e-01,-9.071422845463e+00,-9.693058598987e-02,5.713939571166e-01,-1.470325938259e+01,1.868187164202e-03,8.706098761792e-04,-5.631836537127e+00
"                2212",-1.060312740277e-01,5.988297161725e-01,-9.068754480255e+00,-1.041983326034e-01,5.996946894810e-01,-1.470074217799e+01,1.832941424248e-03,8.649733085373e-04,-5.631987697739e+00
"                2213",-1.090250044831e-01,6.229612860051e-01,-9.066354450624e+00,-1.072145851022e-01,6.238084699037e-01,-1.469845004267e+01,1.810419380970e-03,8.471838986468e-04,-5.632095592050e+00
"                2214",-1.071359549395e-01,6.437765164994e-01,-9.065686446998e+00,-1.053340848588e-01,6.446150270978e-01,-1.469781802200e+01,1.801870080702e-03,8.385105984456e-04,-5.632131575002e+00
"                2215",-1.019101214800e-01,6.613700399341e-01,-9.066530506281e+00,-1.001076395524e-01,6.622121516716e-01,-1.469861578773e+01,1.802481927603e-03,8.421117375048e-04,-5.632085281451e+00
"                2216",-9.621864431512e-02,6.778565317592e-01,-9.068376609267e+00,-9.440411579082e-02,6.787057972101e-01,-1.470034920320e+01,1.814528524300e-03,8.492654509086e-04,-5.631972593929e+00
"                2217",-9.052977234319e-02,6.957943528237e-01,-9.070865559734e+00,-8.868209500822e-02,6.966495281653e-01,-1.470268569162e+01,1.847677334964e-03,8.551753415338e-04,-5.631820131882e+00
"                2218",-8.744280677129e-02,7.139496545429e-01,-9.072198141158e+00,-8.554512559092e-02,7.148110808020e-01,-1.470386363804e+01,1.897681180369e-03,8.614262590585e-04,-5.631665496883e+00
"                2219",-8.610275012887e-02,7.289305048945e-01,-9.072842128347e+00,-8.415408899574e-02,7.297938915923e-01,-1.470438812721e+01,1.948661133134e-03,8.633866978548e-04,-5.631545998861e+00
"                2220",-8.577040879680e-02,7.394867821903e-01,-9.073716382600e+00,-8.378328807682e-02,7.403271627510e-01,-1.470519814012e+01,1.987120719982e-03,8.403805606276e-04,-5.631481757525e+00
"                2221",-8.511289724413e-02,7.459237996049e-01,-9.074625964803e+00,-8.310633146102e-02,7.467101983668e-01,-1.470609453247e+01,2.006565783110e-03,7.863987619022e-04,-5.631468567665e+00
"                2222",-8.694757988715e-02,7.456255389393e-01,-9.075781537534e+00,-8.494824639944e-02,7.463250143786e-01,-1.470729792085e+01,1.999333487711e-03,6.994754392550e-04,-5.631516383313e+00
"                2223",-8.799221160226e-02,7.313249196461e-01,-9.076737215823e+00,-8.602849150983e-02,7.319314052787e-01,-1.470834331571e+01,1.963720092424e-03,6.064856325473e-04,-5.631606099887e+00
"                2224",-9.136287703541e-02,7.000456780274e-01,-9.076185375158e+00,-8.945045610439e-02,7.005533883953e-01,-1.470791116234e+01,1.912420931022e-03,5.077103679454e-04,-5.631725787182e+00
"                2225",-9.726356618975e-02,6.582244542396e-01,-9.073626946009e+00,-9.539240181920e-02,6.586465280358e-01,-1.470550113841e+01,1.871164370553e-03,4.220737962327e-04,-5.631874192403e+00
"                2226",-1.012825270699e-01,6.106002729551e-01,-9.070660552054e+00,-9.943719893299e-02,6.109539135381e-01,-1.470267181874e+01,1.845328136870e-03,3.536405829493e-04,-5.632011266689e+00
"                2227",-1.008505534255e-01,5.625288020000e-01,-9.067856756579e+00,-9.901752741727e-02,5.628340537970e-01,-1.469995179345e+01,1.833026008223e-03,3.052517970393e-04,-5.632095036874e+00
"                2228",-9.719521408621e-02,5.184775017466e-01,-9.065876722124e+00,-9.536565683288e-02,5.187561793386e-01,-1.469797876744e+01,1.829557253330e-03,2.786775920037e-04,-5.632102045321e+00
"                2229",-9.244044255726e-02,4.821364394884e-01,-9.065873376788e+00,-9.061175828543e-02,4.824138788252e-01,-1.469789785558e+01,1.828684271830e-03,2.774393368270e-04,-5.632024478790e+00
"                2230",-8.901792422319e-02,4.579370166966e-01,-9.066815574474e+00,-8.717799259770e-02,4.582434698789e-01,-1.469870743941e+01,1.839931625488e-03,3.064531822343e-04,-5.631891864934e+00
"                2231",-8.627217151547e-02,4.454869048403e-01,-9.067658765843e+00,-8.439975638316e-02,4.458507853974e-01,-1.469938436888e+01,1.872415132318e-03,3.638805570413e-04,-5.631725603035e+00
"                2232",-8.453754560367e-02,4.445211269077e-01,-9.068053516102e+00,-8.261905837027e-02,4.449558197427e-01,-1.469962626826e+01,1.918487233395e-03,4.346928350142e-04,-5.631572752162e+00
"                2233",-8.441155092595e-02,4.559017437259e-01,-9.068571838244e+00,-8.244807433963e-02,4.564064406527e-01,-1.470003937955e+01,1.963476586323e-03,5.046969267443e-04,-5.631467541305e+00
"                2234",-8.649787421706e-02,4.721953986210e-01,-9.069387177665e+00,-8.450059729903e-02,4.727734715954e-01,-1.470080670813e+01,1.997276918030e-03,5.780729744737e-04,-5.631419530465e+00
"                2235",-8.907597025279e-02,4.886597758877e-01,-9.070788662419e+00,-8.706675679649e-02,4.893074890662e-01,-1.470221591275e+01,2.009213456308e-03,6.477131785033e-04,-5.631427250335e+00
"                2236",-9.229877863606e-02,5.009028459944e-01,-9.072907387094e+00,-9.030470712885e-02,5.016135147320e-01,-1.470440590290e+01,1.994071507217e-03,7.106687375751e-04,-5.631498515801e+00
"                2237",-9.405160843016e-02,5.145688778678e-01,-9.073510842867e+00,-9.209713558742e-02,5.153155951106e-01,-1.470511690855e+01,1.954472842744e-03,7.467172428486e-04,-5.631606065686e+00
"                2238",-9.660096259071e-02,5.332870923458e-01,-9.071998982000e+00,-9.469404863562e-02,5.340546096153e-01,-1.470374283021e+01,1.906913955097e-03,7.675172695244e-04,-5.631743848206e+00
"                2239",-1.003234455022e-01,5.542325487865e-01,-9.069563983375e+00,-9.845398867981e-02,5.550075758167e-01,-1.470146598975e+01,1.869456822421e-03,7.750270302580e-04,-5.631902006370e+00
"                2240",-1.040219993395e-01,5.766157482140e-01,-9.067323206506e+00,-1.021803300804e-01,5.773996092345e-01,-1.469936439137e+01,1.841669259144e-03,7.838610205119e-04,-5.632041184864e+00
"                2241",-1.039883754784e-01,6.002391051855e-01,-9.065875408829e+00,-1.021660410585e-01,6.010484812379e-01,-1.469800044945e+01,1.822334419879e-03,8.093760524215e-04,-5.632125040622e+00
"                2242",-1.017076968265e-01,6.291367761798e-01,-9.066476995184e+00,-9.989682653741e-02,6.299841735728e-01,-1.469860428963e+01,1.810870289069e-03,8.473973930430e-04,-5.632127294443e+00
"                2243",-9.800234204627e-02,6.624479469852e-01,-9.067715347392e+00,-9.619540034793e-02,6.633400695049e-01,-1.469977093596e+01,1.806941698337e-03,8.921225197815e-04,-5.632055588565e+00
"                2244",-9.443019780036e-02,6.963823181613e-01,-9.069271722752e+00,-9.261157098763e-02,6.973088138578e-01,-1.470119769473e+01,1.818626812731e-03,9.264956964508e-04,-5.631925971980e+00
"                2245",-9.058354085334e-02,7.270354857532e-01,-9.071126380527e+00,-8.872957722474e-02,7.279780361039e-01,-1.470289243559e+01,1.853963628610e-03,9.425503506979e-04,-5.631766055062e+00
"                2246",-8.778511167105e-02,7.501734540388e-01,-9.072004471320e+00,-8.588254184927e-02,7.511089607517e-01,-1.470362500056e+01,1.902569821779e-03,9.355067129658e-04,-5.631620529237e+00
"                2247",-8.759484066104e-02,7.622102440861e-01,-9.072651185839e+00,-8.564476291706e-02,7.631059754004e-01,-1.470417094765e+01,1.950077743984e-03,8.957313142842e-04,-5.631519761811e+00
"                2248",-8.854742810257e-02,7.632272344659e-01,-9.073908616516e+00,-8.656124202581e-02,7.640449753696e-01,-1.470538080103e+01,1.986186076764e-03,8.177409037843e-04,-5.631472184518e+00
"                2249",-8.989914459235e-02,7.544183264874e-01,-9.075757759404e+00,-8.789843182790e-02,7.551273509834e-01,-1.470723671193e+01,2.000712764447e-03,7.090244960324e-04,-5.631478952529e+00
"                2250",-9.097337439044e-02,7.351352358447e-01,-9.076829891266e+00,-8.898313808038e-02,7.357191221048e-01,-1.470837863527e+01,1.990236310067e-03,5.838862600905e-04,-5.631548744002e+00
"                2251",-9.054405570134e-02,7.027253797734e-01,-9.076785425659e+00,-8.859015532810e-02,7.032001910267e-01,-1.470843506480e+01,1.953900373240e-03,4.748112533181e-04,-5.631649639144e+00
"                2252",-9.084526744829e-02,6.595173087128e-01,-9.075126219368e+00,-8.893467953007e-02,6.599053661933e-01,-1.470690763931e+01,1.910587918222e-03,3.880574805307e-04,-5.631781419941e+00
"                2253",-9.371811843184e-02,6.134970883982e-01,-9.072155519142e+00,-9.184264028551e-02,6.138391127234e-01,-1.470408860366e+01,1.875478146324e-03,3.420243252209e-04,-5.631933084514e+00
"                2254",-9.813502828658e-02,5.702623668783e-01,-9.069745496093e+00,-9.628640724967e-02,5.705917021000e-01,-1.470179887185e+01,1.848621036909e-03,3.293352217466e-04,-5.632053375757e+00
"                2255",-9.873892856615e-02,5.352440045986e-01,-9.067871434073e+00,-9.690797686357e-02,5.355773024736e-01,-1.469998200229e+01,1.830951702575e-03,3.332978750698e-04,-5.632110568215e+00
"                2256",-9.651011562764e-02,5.092760103848e-01,-9.066168055440e+00,-9.468893434491e-02,5.096283329646e-01,-1.469825725287e+01,1.821181282731e-03,3.523225798416e-04,-5.632089197431e+00
"                2257",-9.268310894083e-02,4.903533491844e-01,-9.065646468681e+00,-9.086540219779e-02,4.907372986359e-01,-1.469763864958e+01,1.817706743047e-03,3.839494515227e-04,-5.631992180901e+00
"                2258",-9.002236410973e-02,4.781413289659e-01,-9.066595019594e+00,-8.818721939614e-02,4.785679804860e-01,-1.469844079005e+01,1.835144713589e-03,4.266515200919e-04,-5.631845770456e+00
"                2259",-8.823657761229e-02,4.737616704334e-01,-9.067657012142e+00,-8.635970455440e-02,4.742231240024e-01,-1.469933637923e+01,1.876873057894e-03,4.614535689624e-04,-5.631679367084e+00
"                2260",-8.758691518511e-02,4.750944207036e-01,-9.068118324517e+00,-8.565969323937e-02,4.755836191675e-01,-1.469965506937e+01,1.927221945742e-03,4.891984639212e-04,-5.631536744850e+00
"                2261",-8.925441224653e-02,4.781274956338e-01,-9.069296408974e+00,-8.728325940747e-02,4.786441881326e-01,-1.470074663118e+01,1.971152839063e-03,5.166924988256e-04,-5.631450222210e+00
"                2262",-9.097563824724e-02,4.780363646631e-01,-9.070257394016e+00,-8.897247582909e-02,4.785873343966e-01,-1.470168079819e+01,2.003162418152e-03,5.509697334735e-04,-5.631423404179e+00
"                2263",-9.215438016091e-02,4.762788330225e-01,-9.071519095219e+00,-9.014300334032e-02,4.768721282058e-01,-1.470297492852e+01,2.011376820588e-03,5.932951832915e-04,-5.631455833304e+00
"                2264",-9.059045980212e-02,4.772285073086e-01,-9.072641829432e+00,-8.859724648232e-02,4.778692019680e-01,-1.470418786978e+01,1.993213319799e-03,6.406946593566e-04,-5.631546040352e+00
"                2265",-8.994958471538e-02,4.871932388737e-01,-9.072695538265e+00,-8.799923766199e-02,4.878816754802e-01,-1.470435765712e+01,1.950347053390e-03,6.884366064860e-04,-5.631662118857e+00
"                2266",-9.330167856862e-02,5.072817505580e-01,-9.071120196702e+00,-9.139688688163e-02,5.080233017397e-01,-1.470292786431e+01,1.904791686988e-03,7.415511816401e-04,-5.631807667612e+00
"                2267",-9.908603427661e-02,5.372384438334e-01,-9.069122865725e+00,-9.722126659658e-02,5.380317606802e-01,-1.470108175160e+01,1.864767680030e-03,7.933168467483e-04,-5.631958885870e+00
"                2268",-1.050577765224e-01,5.757632570754e-01,-9.067506795293e+00,-1.032264765903e-01,5.766075986057e-01,-1.469958903254e+01,1.831299932016e-03,8.443415302837e-04,-5.632082237245e+00
"                2269",-1.059398222037e-01,6.180828157331e-01,-9.066048861412e+00,-1.041324998081e-01,6.189880654562e-01,-1.469819302694e+01,1.807322395591e-03,9.052497230920e-04,-5.632144165529e+00
"                2270",-1.029322693137e-01,6.613539726114e-01,-9.066173067207e+00,-1.011360773752e-01,6.623109636122e-01,-1.469829564574e+01,1.796191938505e-03,9.569910008276e-04,-5.632122578537e+00
"                2271",-9.871650061351e-02,7.020719358668e-01,-9.067430550337e+00,-9.691983240992e-02,7.030591031255e-01,-1.469945907390e+01,1.796668203583e-03,9.871672587416e-04,-5.632028523561e+00
"                2272",-9.492899850414e-02,7.357876992122e-01,-9.069334434612e+00,-9.310906143213e-02,7.367678949886e-01,-1.470122058090e+01,1.819937072018e-03,9.801957763368e-04,-5.631886146292e+00
"                2273",-9.208143084780e-02,7.576480596256e-01,-9.071297012369e+00,-9.021573278976e-02,7.585916370351e-01,-1.470302282152e+01,1.865698058042e-03,9.435774095057e-04,-5.631725809152e+00
"                2274",-9.018236724302e-02,7.643095983103e-01,-9.072668539868e+00,-8.826232314461e-02,7.651931697017e-01,-1.470425936406e+01,1.920044098408e-03,8.835713914571e-04,-5.631590824194e+00
"                2275",-9.000946721019e-02,7.577300547363e-01,-9.073659726991e+00,-8.804085743841e-02,7.585238434685e-01,-1.470516905075e+01,1.968609771786e-03,7.937887322192e-04,-5.631509323763e+00
"                2276",-8.843755804133e-02,7.427333768906e-01,-9.074430503402e+00,-8.643609043587e-02,7.434195389792e-01,-1.470590805203e+01,2.001467605466e-03,6.861620886364e-04,-5.631477548626e+00
"                2277",-8.727612227639e-02,7.206513738637e-01,-9.075632295625e+00,-8.526604272295e-02,7.212273892037e-01,-1.470713589682e+01,2.010079553446e-03,5.760153400157e-04,-5.631503601193e+00
"                2278",-8.561235939635e-02,6.929636481610e-01,-9.075973459504e+00,-8.362351907540e-02,6.934467647263e-01,-1.470755938026e+01,1.988840320949e-03,4.831165653671e-04,-5.631585920755e+00
"                2279",-8.639837588854e-02,6.606494376583e-01,-9.075620006925e+00,-8.445727862526e-02,6.610719153363e-01,-1.470731263420e+01,1.941097263276e-03,4.224776779485e-04,-5.631692627273e+00
"                2280",-9.081224277719e-02,6.280738135021e-01,-9.074495534769e+00,-8.891998371722e-02,6.284679564940e-01,-1.470632445323e+01,1.892259059972e-03,3.941429918583e-04,-5.631828918466e+00
"                2281",-9.688979211799e-02,5.989044523038e-01,-9.071881392065e+00,-9.503611001234e-02,5.992998823436e-01,-1.470385544598e+01,1.853682105652e-03,3.954300398570e-04,-5.631974053912e+00
"                2282",-1.009229738713e-01,5.732279982740e-01,-9.068949239166e+00,-9.909600398616e-02,5.736418290494e-01,-1.470102776847e+01,1.826969885188e-03,4.138307754012e-04,-5.632078529301e+00
"                2283",-9.991552861098e-02,5.512821472429e-01,-9.066506082263e+00,-9.810275445601e-02,5.517077681529e-01,-1.469861769173e+01,1.812774154973e-03,4.256209099323e-04,-5.632111609469e+00
"                2284",-9.586510983317e-02,5.330907577542e-01,-9.065118731216e+00,-9.405574088508e-02,5.335153983431e-01,-1.469718037517e+01,1.809368948089e-03,4.246405888525e-04,-5.632061643950e+00
"                2285",-9.283373000505e-02,5.161965066937e-01,-9.065144836502e+00,-9.101767060538e-02,5.166138850070e-01,-1.469708941717e+01,1.816059399676e-03,4.173783132456e-04,-5.631944580673e+00
"                2286",-9.051066074943e-02,4.982632265807e-01,-9.067009700009e+00,-8.866498433508e-02,4.986760820598e-01,-1.469879476622e+01,1.845676414351e-03,4.128554790760e-04,-5.631785066207e+00
"                2287",-8.938992605627e-02,4.800631065157e-01,-9.068589409937e+00,-8.749597574725e-02,4.804723963094e-01,-1.470020876446e+01,1.893950309024e-03,4.092897936861e-04,-5.631619354520e+00
"                2288",-8.847006699605e-02,4.648238098417e-01,-9.068838227091e+00,-8.652464938922e-02,4.652345321952e-01,-1.470033112780e+01,1.945417606836e-03,4.107223534882e-04,-5.631492900709e+00
"                2289",-8.814598628740e-02,4.537033653691e-01,-9.069244687437e+00,-8.615835033517e-02,4.541349933199e-01,-1.470066987037e+01,1.987635952234e-03,4.316279508071e-04,-5.631425182931e+00
"                2290",-8.674612376171e-02,4.466859929360e-01,-9.069681636572e+00,-8.473389571515e-02,4.471652477770e-01,-1.470109539768e+01,2.012228046559e-03,4.792548410619e-04,-5.631413761112e+00
"                2291",-8.777670776499e-02,4.458965471576e-01,-9.070983482519e+00,-8.576796351929e-02,4.464603044966e-01,-1.470244362580e+01,2.008744245697e-03,5.637573389391e-04,-5.631460143279e+00
"                2292",-8.814043005327e-02,4.574760336218e-01,-9.072498169776e+00,-8.616574994167e-02,4.581342556005e-01,-1.470405291520e+01,1.974680111603e-03,6.582219786617e-04,-5.631554745423e+00
"                2293",-9.183386707744e-02,4.855817044648e-01,-9.073056455667e+00,-8.991420132771e-02,4.863358814358e-01,-1.470473462319e+01,1.919665749726e-03,7.541769709932e-04,-5.631678167521e+00
"                2294",-9.841714733042e-02,5.249892043111e-01,-9.071111347322e+00,-9.654758872289e-02,5.258296030668e-01,-1.470294453307e+01,1.869558607537e-03,8.403987556927e-04,-5.631833185745e+00
"                2295",-1.037443610284e-01,5.709417605113e-01,-9.068259101721e+00,-1.019114283990e-01,5.718532141176e-01,-1.470024096840e+01,1.832932629369e-03,9.114536062446e-04,-5.631981866681e+00
"                2296",-1.068217525801e-01,6.186503654114e-01,-9.066145591729e+00,-1.050129462347e-01,6.196107927194e-01,-1.469823396152e+01,1.808806345401e-03,9.604273079975e-04,-5.632088369787e+00
"                2297",-1.057141219773e-01,6.637297690542e-01,-9.065344968671e+00,-1.039178188344e-01,6.647205184478e-01,-1.469746897676e+01,1.796303142873e-03,9.907493936064e-04,-5.632124008091e+00
"                2298",-1.026312613189e-01,7.011700534694e-01,-9.066417217910e+00,-1.008386619804e-01,7.021667634855e-01,-1.469849636490e+01,1.792599338476e-03,9.967100161721e-04,-5.632079146991e+00
"                2299",-9.908401957037e-02,7.274697478969e-01,-9.068784261085e+00,-9.728276203981e-02,7.284412450948e-01,-1.470075295343e+01,1.801257530559e-03,9.714971978451e-04,-5.631968692342e+00
"                2300",-9.494345830720e-02,7.422945957836e-01,-9.071008684143e+00,-9.310992991014e-02,7.432138695673e-01,-1.470282672674e+01,1.833528397061e-03,9.192737837542e-04,-5.631818042595e+00
"                2301",-9.096513667924e-02,7.454287178193e-01,-9.072126109868e+00,-8.907882937759e-02,7.462810310749e-01,-1.470378785886e+01,1.886307301653e-03,8.523132555770e-04,-5.631661748993e+00
"                2302",-8.775435073761e-02,7.376788756969e-01,-9.072749433334e+00,-8.581230938188e-02,7.384616209762e-01,-1.470428969246e+01,1.942041355735e-03,7.827452792507e-04,-5.631540259129e+00
"                2303",-8.635692497035e-02,7.222812346149e-01,-9.073291161553e+00,-8.437203738512e-02,7.229924543135e-01,-1.470476488230e+01,1.984887585228e-03,7.112196986447e-04,-5.631473720751e+00
"                2304",-8.585641249059e-02,7.056544961705e-01,-9.074218026068e+00,-8.385017295882e-02,7.062975862319e-01,-1.470567511392e+01,2.006239531770e-03,6.430900614524e-04,-5.631457087856e+00
"                2305",-8.768257192614e-02,6.928378032213e-01,-9.076226264826e+00,-8.568298725333e-02,6.934162748207e-01,-1.470772768243e+01,1.999584672805e-03,5.784715993845e-04,-5.631501417602e+00
"                2306",-8.818694340658e-02,6.800867997388e-01,-9.076874289468e+00,-8.622268052987e-02,6.806232985707e-01,-1.470846910433e+01,1.964262876718e-03,5.364988318295e-04,-5.631594814867e+00
"                2307",-9.027255929200e-02,6.624476237720e-01,-9.075855894659e+00,-8.836068705548e-02,6.629573014734e-01,-1.470756987484e+01,1.911872236528e-03,5.096777013783e-04,-5.631713980181e+00
"                2308",-9.449323191328e-02,6.418182989944e-01,-9.073376566586e+00,-9.262422753776e-02,6.423168427638e-01,-1.470523883204e+01,1.869004375512e-03,4.985437693870e-04,-5.631862265451e+00
"                2309",-9.903405456461e-02,6.197750035358e-01,-9.070285717806e+00,-9.719370276724e-02,6.202614021330e-01,-1.470228814319e+01,1.840351797370e-03,4.863985972386e-04,-5.632002425386e+00
"                2310",-1.011612022647e-01,5.959599027368e-01,-9.067351671831e+00,-9.933658611490e-02,5.964222245151e-01,-1.469944174456e+01,1.824616149806e-03,4.623217783325e-04,-5.632090072725e+00
"                2311",-1.001895660284e-01,5.676585234939e-01,-9.066257845716e+00,-9.837177242158e-02,5.680830874265e-01,-1.469835547951e+01,1.817793606854e-03,4.245639325882e-04,-5.632097633796e+00
"                2312",-9.684173018431e-02,5.347159150468e-01,-9.066236086110e+00,-9.502449453962e-02,5.350945903268e-01,-1.469826611097e+01,1.817235644687e-03,3.786752800089e-04,-5.632030024863e+00
"                2313",-9.374510002729e-02,4.999766829547e-01,-9.066653563351e+00,-9.191520507094e-02,5.003192950456e-01,-1.469855274506e+01,1.829894956348e-03,3.426120909507e-04,-5.631899181708e+00
"                2314",-8.986248402377e-02,4.674515217057e-01,-9.067586555422e+00,-8.799616053711e-02,4.677748589392e-01,-1.469932021659e+01,1.866323486655e-03,3.233372335140e-04,-5.631733661165e+00
"                2315",-8.644447390679e-02,4.423405867997e-01,-9.067896126000e+00,-8.452683805098e-02,4.426672921672e-01,-1.469947458059e+01,1.917635855816e-03,3.267053675164e-04,-5.631578454585e+00
"                2316",-8.498537154028e-02,4.289030995930e-01,-9.068029974483e+00,-8.301935680039e-02,4.292654914981e-01,-1.469949748109e+01,1.966014739893e-03,3.623919051604e-04,-5.631467506609e+00
"                2317",-8.664914157529e-02,4.264877062175e-01,-9.069248465350e+00,-8.464895097778e-02,4.269237067317e-01,-1.470066085001e+01,2.000190597515e-03,4.360005142501e-04,-5.631412384663e+00
"                2318",-8.921370238372e-02,4.345793243322e-01,-9.071092523386e+00,-8.720297181068e-02,4.351195602912e-01,-1.470251008499e+01,2.010730573032e-03,5.402359589999e-04,-5.631417561609e+00
"                2319",-9.216057907469e-02,4.525892588239e-01,-9.072633657536e+00,-9.016584026357e-02,4.532535508474e-01,-1.470412146841e+01,1.994738811115e-03,6.642920234654e-04,-5.631487810874e+00
"                2320",-9.186784526915e-02,4.829042732300e-01,-9.072775627055e+00,-8.991414660008e-02,4.836800772489e-01,-1.470436999840e+01,1.953698669074e-03,7.758040188697e-04,-5.631594371343e+00
"                2321",-9.399849212926e-02,5.245344415332e-01,-9.071601934928e+00,-9.209384803426e-02,5.254005745133e-01,-1.470333164652e+01,1.904644095000e-03,8.661329801251e-04,-5.631729711595e+00
"                2322",-9.977687783501e-02,5.699190863945e-01,-9.069347587812e+00,-9.791334578049e-02,5.708352950815e-01,-1.470123518642e+01,1.863532054523e-03,9.162086870224e-04,-5.631887598610e+00
"                2323",-1.066153674880e-01,6.136972837338e-01,-9.067569111323e+00,-1.047838273426e-01,6.146292706101e-01,-1.469959522629e+01,1.831540145437e-03,9.319868763131e-04,-5.632026114968e+00
"                2324",-1.086337861503e-01,6.498487724848e-01,-9.067038866960e+00,-1.068228175493e-01,6.507781391813e-01,-1.469915081451e+01,1.810968600961e-03,9.293666965267e-04,-5.632111947548e+00
"                2325",-1.062406188349e-01,6.768397574779e-01,-9.066941820525e+00,-1.044396762261e-01,6.777534125233e-01,-1.469906534178e+01,1.800942608780e-03,9.136550453933e-04,-5.632123521258e+00
"                2326",-1.009250618166e-01,6.964035798692e-01,-9.067382757276e+00,-9.912494094616e-02,6.972879397428e-01,-1.469943918294e+01,1.800120870390e-03,8.843598735250e-04,-5.632056425665e+00
"                2327",-9.593843426077e-02,7.094583822473e-01,-9.069160304342e+00,-9.412257308580e-02,7.103031316301e-01,-1.470108979454e+01,1.815861174978e-03,8.447493828223e-04,-5.631929490200e+00
"                2328",-9.076487579864e-02,7.150005977573e-01,-9.070904588929e+00,-8.890998522500e-02,7.158093759141e-01,-1.470267512765e+01,1.854890573640e-03,8.087781567919e-04,-5.631770538723e+00
"                2329",-8.768652736077e-02,7.156451924842e-01,-9.071878360825e+00,-8.578221668256e-02,7.164265842475e-01,-1.470350011636e+01,1.904310678210e-03,7.813917633140e-04,-5.631621755536e+00
"                2330",-8.683943951638e-02,7.131859864128e-01,-9.073234096424e+00,-8.488892184050e-02,7.139444942222e-01,-1.470475109900e+01,1.950517675877e-03,7.585078094100e-04,-5.631517002579e+00
"                2331",-8.725312058712e-02,7.130596179519e-01,-9.074678516657e+00,-8.526675622002e-02,7.137864589697e-01,-1.470614446664e+01,1.986364367098e-03,7.268410178210e-04,-5.631465949984e+00
"                2332",-8.807830928220e-02,7.156413513395e-01,-9.075783770220e+00,-8.607845459065e-02,7.163288268253e-01,-1.470725308912e+01,1.999854691543e-03,6.874754857081e-04,-5.631469318905e+00
"                2333",-8.882192372525e-02,7.166846425924e-01,-9.076721633443e+00,-8.683394198392e-02,7.173234847447e-01,-1.470825492513e+01,1.987981741332e-03,6.388421523474e-04,-5.631533291686e+00
"                2334",-8.911334758153e-02,7.093060082075e-01,-9.076391575647e+00,-8.716362341527e-02,7.098981272616e-01,-1.470802140371e+01,1.949724166258e-03,5.921190541575e-04,-5.631629828067e+00
"                2335",-9.158374435998e-02,6.906343237598e-01,-9.074735212716e+00,-8.968006788732e-02,6.911680161803e-01,-1.470649132504e+01,1.903676472659e-03,5.336924205641e-04,-5.631756112324e+00
"                2336",-9.692024947714e-02,6.621511797306e-01,-9.072856872290e+00,-9.505386207562e-02,6.626313639085e-01,-1.470475859512e+01,1.866387401518e-03,4.801841778237e-04,-5.631901722827e+00
"                2337",-1.019851686546e-01,6.243971825081e-01,-9.071056655196e+00,-1.001453538301e-01,6.248252901264e-01,-1.470307995501e+01,1.839814824447e-03,4.281076182599e-04,-5.632023299818e+00
"                2338",-1.026467760240e-01,5.818165984406e-01,-9.068279888742e+00,-1.008217589477e-01,5.821844041831e-01,-1.470036709121e+01,1.825017076299e-03,3.678057424933e-04,-5.632087202468e+00
"                2339",-9.888918058616e-02,5.375161290072e-01,-9.066210109836e+00,-9.706822992575e-02,5.378267421440e-01,-1.469827633790e+01,1.820950660406e-03,3.106131368214e-04,-5.632066228068e+00
"                2340",-9.325428211076e-02,4.953091113015e-01,-9.065575455377e+00,-9.143232349758e-02,4.955829649192e-01,-1.469754738826e+01,1.821958613182e-03,2.738536176906e-04,-5.631971932881e+00
"                2341",-8.924958449026e-02,4.594850727022e-01,-9.066274399815e+00,-8.740892443590e-02,4.597572740129e-01,-1.469809949869e+01,1.840660054359e-03,2.722013106761e-04,-5.631825098874e+00
"                2342",-8.637814489592e-02,4.353466715921e-01,-9.067683182051e+00,-8.449783937357e-02,4.356499163822e-01,-1.469933969001e+01,1.880305522351e-03,3.032447901445e-04,-5.631656507962e+00
"                2343",-8.547102336533e-02,4.264835733640e-01,-9.068903125471e+00,-8.354310649352e-02,4.268430865376e-01,-1.470041462629e+01,1.927916871809e-03,3.595131735497e-04,-5.631511500821e+00
"                2344",-8.804373376645e-02,4.311294746719e-01,-9.069498724704e+00,-8.607410352226e-02,4.315770765020e-01,-1.470092480153e+01,1.969630244190e-03,4.476018301168e-04,-5.631426076822e+00
"                2345",-9.043574592189e-02,4.447809194055e-01,-9.069892875763e+00,-8.843662525356e-02,4.453361571109e-01,-1.470129119854e+01,1.999120668335e-03,5.552377053818e-04,-5.631398322781e+00
"                2346",-9.141733366368e-02,4.654601233395e-01,-9.071018261623e+00,-8.941124868138e-02,4.661280903451e-01,-1.470244683594e+01,2.006084982307e-03,6.679670055475e-04,-5.631428574314e+00
"                2347",-9.098826141152e-02,4.936045776766e-01,-9.072093214874e+00,-8.900042831870e-02,4.943684494397e-01,-1.470360871273e+01,1.987833092829e-03,7.638717630271e-04,-5.631515497853e+00
"                2348",-9.255061411781e-02,5.266330871312e-01,-9.072720561204e+00,-9.060515015365e-02,5.274612076524e-01,-1.470435041278e+01,1.945463964158e-03,8.281205211630e-04,-5.631629851573e+00
"                2349",-9.731674966423e-02,5.594231787908e-01,-9.072307560773e+00,-9.541706784048e-02,5.602863682343e-01,-1.470408335851e+01,1.899681823752e-03,8.631894435569e-04,-5.631775797735e+00
"                2350",-1.034170788083e-01,5.881680185313e-01,-9.070085272984e+00,-1.015555729544e-01,5.890338779320e-01,-1.470202088243e+01,1.861505853962e-03,8.658594007179e-04,-5.631935609448e+00
"                2351",-1.077437277951e-01,6.137048463210e-01,-9.067338813544e+00,-1.059123034075e-01,6.145510803048e-01,-1.469940725021e+01,1.831424387576e-03,8.462339837985e-04,-5.632068436666e+00
"                2352",-1.059390088394e-01,6.353577394279e-01,-9.065682880239e+00,-1.041272060365e-01,6.361893179699e-01,-1.469782010538e+01,1.811802802985e-03,8.315785420829e-04,-5.632137225137e+00
"                2353",-1.012545652030e-01,6.541590964859e-01,-9.065798927276e+00,-9.945057358332e-02,6.549859006104e-01,-1.469792072221e+01,1.803991619643e-03,8.268041245047e-04,-5.632121794930e+00
"                2354",-9.687398385779e-02,6.717123364405e-01,-9.067150185895e+00,-9.506943245618e-02,6.725458998461e-01,-1.469918210285e+01,1.804551401611e-03,8.335634055771e-04,-5.632031916957e+00
"                2355",-9.318337341509e-02,6.896189573606e-01,-9.069747036914e+00,-9.135975296366e-02,6.904579052189e-01,-1.470164021241e+01,1.823620451426e-03,8.389478582878e-04,-5.631893175492e+00
"                2356",-9.042823227205e-02,7.079333351678e-01,-9.071938606778e+00,-8.856352872317e-02,7.087790311889e-01,-1.470367237372e+01,1.864703548879e-03,8.456960211227e-04,-5.631733766937e+00
"                2357",-8.930673508854e-02,7.243570928846e-01,-9.072708936325e+00,-8.739173858395e-02,7.252083485188e-01,-1.470430738082e+01,1.914996504591e-03,8.512556341561e-04,-5.631598444495e+00
"                2358",-8.961552108877e-02,7.368648952947e-01,-9.073447430472e+00,-8.765551906183e-02,7.377054987106e-01,-1.470496155177e+01,1.960002026942e-03,8.406034158617e-04,-5.631514121301e+00
"                2359",-8.871559504945e-02,7.450726140278e-01,-9.073973774901e+00,-8.672287392407e-02,7.458729279577e-01,-1.470545246429e+01,1.992721125379e-03,8.003139298533e-04,-5.631478689394e+00
"                2360",-8.900602096858e-02,7.479183856028e-01,-9.075345196931e+00,-8.700383732816e-02,7.486406934500e-01,-1.470684579729e+01,2.002183640427e-03,7.223078471891e-04,-5.631500600360e+00
"                2361",-8.882292959171e-02,7.396297631145e-01,-9.076467087895e+00,-8.683988092790e-02,7.402567234125e-01,-1.470804730972e+01,1.983048663817e-03,6.269602980061e-04,-5.631580221822e+00
"                2362",-9.007116512524e-02,7.143287186548e-01,-9.077058996638e+00,-8.813347583154e-02,7.148595052086e-01,-1.470874350585e+01,1.937689293695e-03,5.307865537557e-04,-5.631684509209e+00
"                2363",-9.347244282421e-02,6.756333191770e-01,-9.075048720899e+00,-9.157965362080e-02,6.760732658872e-01,-1.470687330661e+01,1.892789203407e-03,4.399467102008e-04,-5.631824585712e+00
"                2364",-9.732493568487e-02,6.300100758716e-01,-9.071746911460e+00,-9.546655153443e-02,6.303751472376e-01,-1.470371581443e+01,1.858384150435e-03,3.650713660373e-04,-5.631968902971e+00
"                2365",-9.904220467325e-02,5.817993137143e-01,-9.068629502636e+00,-9.720642427436e-02,5.821126439154e-01,-1.470070390962e+01,1.835780398894e-03,3.133302011668e-04,-5.632074406979e+00
"                2366",-9.748801664188e-02,5.360075911545e-01,-9.066068234237e+00,-9.566515032062e-02,5.362879170694e-01,-1.469817912182e+01,1.822866321259e-03,2.803259149133e-04,-5.632110887587e+00
"                2367",-9.441229032717e-02,4.968073998576e-01,-9.065101553443e+00,-9.259516682628e-02,4.970793017766e-01,-1.469716596698e+01,1.817123500895e-03,2.719019190409e-04,-5.632064413533e+00
"                2368",-9.214210932856e-02,4.671359404064e-01,-9.066358619198e+00,-9.032478499492e-02,4.674282162328e-01,-1.469830425967e+01,1.817324333638e-03,2.922758264475e-04,-5.631945640471e+00
"                2369",-9.069925196599e-02,4.491297341312e-01,-9.067780470273e+00,-8.885783919936e-02,4.494746157150e-01,-1.469956845685e+01,1.841412766630e-03,3.448815837131e-04,-5.631787986581e+00
"                2370",-8.889540210237e-02,4.436583387306e-01,-9.068148887959e+00,-8.700856916856e-02,4.440703638317e-01,-1.469977124780e+01,1.886832933805e-03,4.120251011047e-04,-5.631622359845e+00
"                2371",-8.752400095639e-02,4.499325613607e-01,-9.068079819416e+00,-8.558537063361e-02,4.504163431327e-01,-1.469957261224e+01,1.938630322782e-03,4.837817720570e-04,-5.631492792827e+00
"                2372",-8.842056234852e-02,4.654892216741e-01,-9.068496245159e+00,-8.643807745445e-02,4.660461201826e-01,-1.469991900066e+01,1.982484894064e-03,5.568985085443e-04,-5.631422755501e+00
"                2373",-8.984895534175e-02,4.833543024336e-01,-9.069621304505e+00,-8.784096107996e-02,4.839801118735e-01,-1.470102909848e+01,2.007994261792e-03,6.258094398650e-04,-5.631407793980e+00
"                2374",-9.172319727492e-02,4.969912783332e-01,-9.072063142393e+00,-8.971658502635e-02,4.976856135475e-01,-1.470351650662e+01,2.006612248566e-03,6.943352142957e-04,-5.631453364229e+00
"                2375",-9.149301804820e-02,5.090742620805e-01,-9.073487874222e+00,-8.951607506335e-02,5.098149651423e-01,-1.470503957759e+01,1.976942984847e-03,7.407030618203e-04,-5.631551703369e+00
"                2376",-9.316182238260e-02,5.256988444245e-01,-9.072904037792e+00,-9.123497908620e-02,5.264652807964e-01,-1.470458261860e+01,1.926843296399e-03,7.664363719272e-04,-5.631678580811e+00
"                2377",-9.700547766764e-02,5.453285002353e-01,-9.070647918042e+00,-9.512352226777e-02,5.461053769653e-01,-1.470248215009e+01,1.881955399870e-03,7.768767299322e-04,-5.631834232047e+00
"                2378",-1.010343301203e-01,5.669539229993e-01,-9.067745796582e+00,-9.918716233655e-02,5.677393307886e-01,-1.469973074650e+01,1.847167783733e-03,7.854077892408e-04,-5.631984949923e+00
"                2379",-1.042887698443e-01,5.907325131767e-01,-9.065810953430e+00,-1.024684485789e-01,5.915354659277e-01,-1.469790435276e+01,1.820321265436e-03,8.029527509937e-04,-5.632093399329e+00
"                2380",-1.041897179468e-01,6.179331397990e-01,-9.065875797682e+00,-1.023878089304e-01,6.187704806750e-01,-1.469800763601e+01,1.801909016431e-03,8.373408759838e-04,-5.632131838324e+00
"                2381",-1.015229732724e-01,6.490589246212e-01,-9.067125433692e+00,-9.972966154684e-02,6.499393303828e-01,-1.469921686431e+01,1.793311725565e-03,8.804057616355e-04,-5.632091430618e+00
"                2382",-9.890709618136e-02,6.828177939570e-01,-9.068576377217e+00,-9.710869672610e-02,6.837365250011e-01,-1.470055960691e+01,1.798399455264e-03,9.187310441027e-04,-5.631983229689e+00
"                2383",-9.547638571317e-02,7.156125770183e-01,-9.070441652772e+00,-9.364790169305e-02,7.165540927676e-01,-1.470227506255e+01,1.828484020115e-03,9.415157492744e-04,-5.631833409780e+00
"                2384",-9.185524080746e-02,7.427570361696e-01,-9.071608435318e+00,-8.997499968123e-02,7.436991234881e-01,-1.470328588237e+01,1.880241126229e-03,9.420873185098e-04,-5.631677447056e+00
"                2385",-8.908227165168e-02,7.597881000108e-01,-9.072231226125e+00,-8.714649610430e-02,7.607030421726e-01,-1.470378431176e+01,1.935775547377e-03,9.149421618289e-04,-5.631553085640e+00
"                2386",-8.871636050500e-02,7.650550742501e-01,-9.073421040440e+00,-8.673727071859e-02,7.659039584565e-01,-1.470490441339e+01,1.979089786418e-03,8.488842064069e-04,-5.631483372954e+00
"                2387",-8.832640975120e-02,7.593014940634e-01,-9.075081712220e+00,-8.632293505895e-02,7.600539469251e-01,-1.470654623829e+01,2.003474692251e-03,7.524528617601e-04,-5.631464526072e+00
"                2388",-8.948061101896e-02,7.437369918139e-01,-9.076518617535e+00,-8.747888504284e-02,7.443665341982e-01,-1.470802659036e+01,2.001725976115e-03,6.295423842314e-04,-5.631507972827e+00
"                2389",-8.828040027456e-02,7.158276692446e-01,-9.076359795214e+00,-8.630906799898e-02,7.163417431928e-01,-1.470795743115e+01,1.971332275578e-03,5.140739481622e-04,-5.631597635932e+00
"                2390",-8.852423509057e-02,6.762982370082e-01,-9.075311864613e+00,-8.660257659929e-02,6.767127731352e-01,-1.470702465409e+01,1.921658491281e-03,4.145361269467e-04,-5.631712789473e+00
"                2391",-9.226784064623e-02,6.314466532832e-01,-9.073006122755e+00,-9.038935514541e-02,6.317992295177e-01,-1.470486397230e+01,1.878485500824e-03,3.525762345262e-04,-5.631857849542e+00
"                2392",-9.741126713942e-02,5.871827049866e-01,-9.070325668025e+00,-9.556526253538e-02,5.875077972471e-01,-1.470232180180e+01,1.846004604038e-03,3.250922605285e-04,-5.631996133779e+00
"                2393",-1.004583725142e-01,5.487897369555e-01,-9.068544189041e+00,-9.863347412524e-02,5.491127347468e-01,-1.470062327753e+01,1.824898388953e-03,3.229977912253e-04,-5.632079088485e+00
"                2394",-1.000922420100e-01,5.191993456770e-01,-9.066732240476e+00,-9.827785007995e-02,5.195346518183e-01,-1.469882525968e+01,1.814391930068e-03,3.353061413057e-04,-5.632093019199e+00
"                2395",-9.692554362348e-02,4.971306728917e-01,-9.065652503971e+00,-9.511459782003e-02,4.974921166338e-01,-1.469767624891e+01,1.810945803456e-03,3.614437420918e-04,-5.632023744939e+00
"                2396",-9.358105813931e-02,4.825753556817e-01,-9.066040946699e+00,-9.175818051838e-02,4.829762156803e-01,-1.469793357403e+01,1.822877620928e-03,4.008599986271e-04,-5.631892627327e+00
"                2397",-9.025223463112e-02,4.759024332661e-01,-9.067089225213e+00,-8.839216007278e-02,4.763417474593e-01,-1.469881592219e+01,1.860074558338e-03,4.393141931930e-04,-5.631726696980e+00
"                2398",-8.856661921138e-02,4.749596451389e-01,-9.067734659266e+00,-8.665418060720e-02,4.754312674730e-01,-1.469930451109e+01,1.912438604176e-03,4.716223341435e-04,-5.631569851827e+00
"                2399",-8.815285934318e-02,4.774036044045e-01,-9.068730466130e+00,-8.619141919251e-02,4.779027969359e-01,-1.470018750436e+01,1.961440150671e-03,4.991925313167e-04,-5.631457038232e+00
"                2400",-8.865839968055e-02,4.784702297486e-01,-9.069879730982e+00,-8.665984541267e-02,4.790023952838e-01,-1.470128407816e+01,1.998554267880e-03,5.321655351754e-04,-5.631404347176e+00
"                2401",-8.949724740054e-02,4.767195209844e-01,-9.070664544224e+00,-8.748374963949e-02,4.772911500829e-01,-1.470207679216e+01,2.013497761054e-03,5.716290985093e-04,-5.631412247934e+00
"                2402",-9.070995307340e-02,4.753466266850e-01,-9.071986849212e+00,-8.870832534402e-02,4.759653571118e-01,-1.470346793632e+01,2.001627729378e-03,6.187304268238e-04,-5.631481087106e+00
"                2403",-9.000167428582e-02,4.810563811384e-01,-9.072418859856e+00,-8.803917524156e-02,4.817213320996e-01,-1.470400408386e+01,1.962499044255e-03,6.649509611602e-04,-5.631585224007e+00
"                2404",-9.249926639706e-02,4.979681994263e-01,-9.071706483219e+00,-9.058822342973e-02,4.986876873052e-01,-1.470342359503e+01,1.911042967322e-03,7.194878789425e-04,-5.631717111810e+00
"                2405",-9.886372160011e-02,5.244544693315e-01,-9.070126085411e+00,-9.699866102210e-02,5.252244742295e-01,-1.470199725179e+01,1.865060578015e-03,7.700048979750e-04,-5.631871166382e+00
"                2406",-1.059325271251e-01,5.603631252130e-01,-9.068444247944e+00,-1.041028404307e-01,5.611840905454e-01,-1.470045463125e+01,1.829686694394e-03,8.209653324375e-04,-5.632010383304e+00
"                2407",-1.084972378702e-01,6.015574893650e-01,-9.066581975120e+00,-1.066903883551e-01,6.024371508498e-01,-1.469868326233e+01,1.806849515091e-03,8.796614848013e-04,-5.632101287212e+00
"                2408",-1.064255293664e-01,6.449852707116e-01,-9.065823606951e+00,-1.046299317179e-01,6.459238746857e-01,-1.469793854216e+01,1.795597648576e-03,9.386039740604e-04,-5.632114935210e+00
"                2409",-1.021835708079e-01,6.876311410011e-01,-9.066762784976e+00,-1.003877499459e-01,6.886117417460e-01,-1.469881208432e+01,1.795820862006e-03,9.806007449586e-04,-5.632049299343e+00
"                2410",-9.791068015738e-02,7.255100730256e-01,-9.068705334371e+00,-9.609822133739e-02,7.264997241776e-01,-1.470062937872e+01,1.812458819992e-03,9.896511520503e-04,-5.631924044349e+00
"                2411",-9.347726407637e-02,7.528403899497e-01,-9.070902257017e+00,-9.162567372385e-02,7.538053588282e-01,-1.470266848558e+01,1.851590352517e-03,9.649688784802e-04,-5.631766228566e+00
"                2412",-8.968510639207e-02,7.649922152863e-01,-9.072516377182e+00,-8.778198893466e-02,7.659049957776e-01,-1.470413653928e+01,1.903117457405e-03,9.127804913060e-04,-5.631620162099e+00
"                2413",-8.835271527525e-02,7.627225879818e-01,-9.073514718745e+00,-8.639999688454e-02,7.635577281379e-01,-1.470503217417e+01,1.952718390713e-03,8.351401561484e-04,-5.631517455428e+00
"                2414",-8.772898139267e-02,7.507665908886e-01,-9.074146953720e+00,-8.573780696881e-02,7.514991920520e-01,-1.470561529487e+01,1.991174423862e-03,7.326011634016e-04,-5.631468341146e+00
"                2415",-8.692763516589e-02,7.313588529564e-01,-9.075139094767e+00,-8.492042114051e-02,7.319825233370e-01,-1.470660946001e+01,2.007214025384e-03,6.236703806082e-04,-5.631470365241e+00
"                2416",-8.723387872436e-02,7.056773623986e-01,-9.076163527474e+00,-8.523729172088e-02,7.061987883658e-01,-1.470769700779e+01,1.996587003482e-03,5.214259671230e-04,-5.631533480312e+00
"                2417",-8.777573213601e-02,6.745795904733e-01,-9.076229260641e+00,-8.581851019561e-02,6.750307588681e-01,-1.470785988164e+01,1.957221940402e-03,4.511683947196e-04,-5.631630621001e+00
"                2418",-9.081090457994e-02,6.410040203755e-01,-9.075637256608e+00,-8.890392619072e-02,6.414108194539e-01,-1.470739189312e+01,1.906978389217e-03,4.067990783831e-04,-5.631754636508e+00
"                2419",-9.651225127607e-02,6.107056751886e-01,-9.073213332777e+00,-9.464621218266e-02,6.111050860345e-01,-1.470512116119e+01,1.866039093406e-03,3.994108459599e-04,-5.631907828415e+00
"                2420",-1.019526503647e-01,5.836974235102e-01,-9.070098502989e+00,-1.001152407591e-01,5.841142059591e-01,-1.470213531272e+01,1.837409605551e-03,4.167824488218e-04,-5.632036809735e+00
"                2421",-1.024747573198e-01,5.607396697131e-01,-9.067414510409e+00,-1.006518111019e-01,5.611736757083e-01,-1.469951709206e+01,1.822946217883e-03,4.340059951513e-04,-5.632102581648e+00
"                2422",-9.960393216718e-02,5.406625105066e-01,-9.065782638845e+00,-9.778347556761e-02,5.411026896479e-01,-1.469787057798e+01,1.820456599570e-03,4.401791413254e-04,-5.632087939137e+00
"                2423",-9.470501441632e-02,5.226793001918e-01,-9.065322053349e+00,-9.288263223886e-02,5.231110898063e-01,-1.469731924891e+01,1.822382177457e-03,4.317896144670e-04,-5.631997195565e+00
"                2424",-9.142261063971e-02,5.041529965445e-01,-9.066882898283e+00,-8.958195202090e-02,5.045783925569e-01,-1.469873250296e+01,1.840658618810e-03,4.253960123507e-04,-5.631849604680e+00
"                2425",-8.853003482676e-02,4.856396190829e-01,-9.068649644552e+00,-8.664887393237e-02,4.860554258971e-01,-1.470033171203e+01,1.881160894393e-03,4.158068141774e-04,-5.631682067480e+00
"                2426",-8.721026873485e-02,4.685797278043e-01,-9.068788827032e+00,-8.527979994766e-02,4.689934067778e-01,-1.470032650711e+01,1.930468787188e-03,4.136789734720e-04,-5.631537680083e+00
"                2427",-8.760506282863e-02,4.562114640061e-01,-9.068914964950e+00,-8.563127914531e-02,4.566330020009e-01,-1.470036269002e+01,1.973783683324e-03,4.215379947556e-04,-5.631447725072e+00
"                2428",-8.772042468030e-02,4.479670482490e-01,-9.069392103753e+00,-8.571562816662e-02,4.484278363497e-01,-1.470080617032e+01,2.004796513680e-03,4.607881007854e-04,-5.631414066564e+00
"                2429",-8.826653053831e-02,4.442507826775e-01,-9.070686418420e+00,-8.625500630006e-02,4.447855125325e-01,-1.470212299783e+01,2.011524238246e-03,5.347298549996e-04,-5.631436579405e+00
"                2430",-8.947669135534e-02,4.498891789135e-01,-9.072544214662e+00,-8.748587782673e-02,4.505176664794e-01,-1.470406215579e+01,1.990813528616e-03,6.284875659390e-04,-5.631517941127e+00
"                2431",-9.228889009975e-02,4.716498588122e-01,-9.073760362670e+00,-9.034466895325e-02,4.723726738249e-01,-1.470538960721e+01,1.944221146497e-03,7.228150126585e-04,-5.631629244538e+00
"                2432",-9.786074292646e-02,5.077766205244e-01,-9.072384192839e+00,-9.596586616594e-02,5.085916313476e-01,-1.470415870773e+01,1.894876760515e-03,8.150108231257e-04,-5.631774514888e+00
"                2433",-1.035151213233e-01,5.520980763565e-01,-9.069204973322e+00,-1.016596203624e-01,5.529902432175e-01,-1.470113657276e+01,1.855500960898e-03,8.921668609968e-04,-5.631931599433e+00
"                2434",-1.077282093609e-01,6.003176965471e-01,-9.066706210793e+00,-1.059004155999e-01,6.012638463912e-01,-1.469876854273e+01,1.827793760917e-03,9.461498440452e-04,-5.632062331932e+00
"                2435",-1.069803259560e-01,6.470902587915e-01,-9.065497351577e+00,-1.051694981770e-01,6.480731146492e-01,-1.469762915637e+01,1.810827779031e-03,9.828558576468e-04,-5.632131804795e+00
"                2436",-1.037164016868e-01,6.876516953680e-01,-9.066001373843e+00,-1.019126859576e-01,6.886471935144e-01,-1.469811986498e+01,1.803715729132e-03,9.954981463279e-04,-5.632118491141e+00
"                2437",-9.942102043473e-02,7.187546811274e-01,-9.068392163785e+00,-9.761659741659e-02,7.197361460981e-01,-1.470041963257e+01,1.804423018141e-03,9.814649706399e-04,-5.632027468785e+00
"                2438",-9.537566688783e-02,7.379609582587e-01,-9.070629173596e+00,-9.355076371609e-02,7.388988200332e-01,-1.470252037207e+01,1.824903171740e-03,9.378617744873e-04,-5.631891198476e+00
"                2439",-9.098223318728e-02,7.457234092739e-01,-9.071727619076e+00,-8.911409266603e-02,7.465977440489e-01,-1.470345897654e+01,1.868140521250e-03,8.743347750225e-04,-5.631731357464e+00
"                2440",-8.772054659343e-02,7.425164137836e-01,-9.072239384220e+00,-8.580093470380e-02,7.433221049437e-01,-1.470383375440e+01,1.919611889633e-03,8.056911601023e-04,-5.631594370180e+00
"                2441",-8.686733822159e-02,7.288129766530e-01,-9.072935395910e+00,-8.490096197824e-02,7.295503543303e-01,-1.470444311419e+01,1.966376243355e-03,7.373776773250e-04,-5.631507718281e+00
"                2442",-8.671099004837e-02,7.118526419625e-01,-9.073697117671e+00,-8.471403364713e-02,7.125211703716e-01,-1.470516780348e+01,1.996956401244e-03,6.685284091436e-04,-5.631470685807e+00
"                2443",-8.838775748325e-02,6.974740314655e-01,-9.075726245389e+00,-8.638413195638e-02,6.980752200276e-01,-1.470721644096e+01,2.003625526867e-03,6.011885620482e-04,-5.631490195568e+00
"                2444",-8.952807756577e-02,6.854931211781e-01,-9.077153918146e+00,-8.754548568973e-02,6.860401327655e-01,-1.470872527926e+01,1.982591876042e-03,5.470115873589e-04,-5.631571361110e+00
"                2445",-9.137956625511e-02,6.706481426243e-01,-9.076718623383e+00,-8.944210779783e-02,6.711653916231e-01,-1.470839870498e+01,1.937458457285e-03,5.172489988607e-04,-5.631680081596e+00
"                2446",-9.406838864084e-02,6.516550222366e-01,-9.074535706403e+00,-9.217505295543e-02,6.521568019667e-01,-1.470635574927e+01,1.893335685407e-03,5.017797300765e-04,-5.631820042862e+00
"                2447",-9.755697210807e-02,6.302373349625e-01,-9.071422073443e+00,-9.569603790413e-02,6.307300784546e-01,-1.470338993126e+01,1.860934203941e-03,4.927434920496e-04,-5.631967857820e+00
"                2448",-1.002557739106e-01,6.064502604532e-01,-9.068473051116e+00,-9.841596112362e-02,6.069274330086e-01,-1.470055235325e+01,1.839812787002e-03,4.771725553575e-04,-5.632079302135e+00
"                2449",-1.001562601391e-01,5.794311243478e-01,-9.066731696281e+00,-9.832931927400e-02,5.798758268848e-01,-1.469884984131e+01,1.826940865133e-03,4.447025370702e-04,-5.632118145029e+00
"                2450",-9.726578843001e-02,5.475536359244e-01,-9.066471094396e+00,-9.544360799062e-02,5.479557254805e-01,-1.469854477702e+01,1.822180439387e-03,4.020895560911e-04,-5.632073682622e+00
"                2451",-9.385816027441e-02,5.130157817874e-01,-9.066478533042e+00,-9.203325300697e-02,5.133755245445e-01,-1.469844278125e+01,1.824907267434e-03,3.597427571122e-04,-5.631964248211e+00
"                2452",-9.008165874170e-02,4.795909160335e-01,-9.066890099125e+00,-8.823172752442e-02,4.799251061807e-01,-1.469869874228e+01,1.849931217277e-03,3.341901472111e-04,-5.631808643155e+00
"                2453",-8.710976850426e-02,4.513943519449e-01,-9.067368365107e+00,-8.521469501602e-02,4.517274515759e-01,-1.469901171718e+01,1.895073488240e-03,3.330996309549e-04,-5.631643352076e+00
"                2454",-8.555184134502e-02,4.328138205574e-01,-9.067635093914e+00,-8.360704091147e-02,4.331702626371e-01,-1.469914571576e+01,1.944800433551e-03,3.564420796735e-04,-5.631510621845e+00
"                2455",-8.722395742998e-02,4.259554988998e-01,-9.068677497004e+00,-8.523893398391e-02,4.263726064850e-01,-1.470011370051e+01,1.985023446078e-03,4.171075851186e-04,-5.631436203511e+00
"                2456",-9.009512917240e-02,4.304884065997e-01,-9.070537174048e+00,-8.808812672225e-02,4.309944049658e-01,-1.470195639365e+01,2.007002450145e-03,5.059983660071e-04,-5.631419219607e+00
"                2457",-9.351333447663e-02,4.449624143456e-01,-9.072248634439e+00,-9.150919091661e-02,4.455881907608e-01,-1.470371399125e+01,2.004143560014e-03,6.257764152489e-04,-5.631465356812e+00
"                2458",-9.279640822248e-02,4.705736677303e-01,-9.072547046911e+00,-9.082143173918e-02,4.713183440460e-01,-1.470410997165e+01,1.974976483304e-03,7.446763157284e-04,-5.631562924736e+00
"                2459",-9.320517685023e-02,5.085230094920e-01,-9.072126316325e+00,-9.127824748200e-02,5.093675484985e-01,-1.470381217238e+01,1.926929368229e-03,8.445390064733e-04,-5.631685856056e+00
"                2460",-9.701671689396e-02,5.534664907377e-01,-9.070273605130e+00,-9.513265295480e-02,5.543760146996e-01,-1.470211151351e+01,1.884063939162e-03,9.095239619384e-04,-5.631837908382e+00
"                2461",-1.029784004473e-01,5.979812433830e-01,-9.067937359693e+00,-1.011275111933e-01,5.989208998760e-01,-1.469992337643e+01,1.850889253944e-03,9.396564930142e-04,-5.631986016735e+00
"                2462",-1.064438817837e-01,6.369088417675e-01,-9.066811931296e+00,-1.046203301989e-01,6.378512914366e-01,-1.469890719851e+01,1.823551584856e-03,9.424496691526e-04,-5.632095267218e+00
"                2463",-1.052404584885e-01,6.670402388650e-01,-9.066382773136e+00,-1.034343696812e-01,6.679713337314e-01,-1.469852209334e+01,1.806088807327e-03,9.310948663381e-04,-5.632139320205e+00
"                2464",-1.014086819556e-01,6.896310245795e-01,-9.066677381003e+00,-9.961056737231e-02,6.905346010110e-01,-1.469877759213e+01,1.798114583269e-03,9.035764314156e-04,-5.632100211129e+00
"                2465",-9.700954814605e-02,7.050167026967e-01,-9.068131368940e+00,-9.520676884886e-02,7.058829267284e-01,-1.470012278305e+01,1.802779297188e-03,8.662240317168e-04,-5.631991414107e+00
"                2466",-9.256466521674e-02,7.130810426881e-01,-9.070088696055e+00,-9.073355316340e-02,7.139084405652e-01,-1.470192969047e+01,1.831112053338e-03,8.273978771352e-04,-5.631840994415e+00
"                2467",-8.962993879118e-02,7.155370683546e-01,-9.071343237832e+00,-8.775066631644e-02,7.163320817944e-01,-1.470302538888e+01,1.879272474734e-03,7.950134397917e-04,-5.631682151049e+00
"                2468",-8.838541240112e-02,7.143410468799e-01,-9.072496828317e+00,-8.645558762799e-02,7.151120030252e-01,-1.470405214265e+01,1.929824773129e-03,7.709561453020e-04,-5.631555314333e+00
"                2469",-8.907609696311e-02,7.130649359977e-01,-9.073948274820e+00,-8.710514310663e-02,7.138066712727e-01,-1.470543176902e+01,1.970953856478e-03,7.417352749371e-04,-5.631483494204e+00
"                2470",-8.935123782197e-02,7.152159702989e-01,-9.074740161586e+00,-8.735682645192e-02,7.159223796029e-01,-1.470620400846e+01,1.994411370049e-03,7.064093039802e-04,-5.631463846873e+00
"                2471",-9.016960329569e-02,7.172844964313e-01,-9.075880053826e+00,-8.817484706101e-02,7.179458083854e-01,-1.470738304612e+01,1.994756234678e-03,6.613119540980e-04,-5.631502992298e+00
"                2472",-8.854398127542e-02,7.136115155107e-01,-9.076110753024e+00,-8.657610742954e-02,7.142228602691e-01,-1.470770286572e+01,1.967873845884e-03,6.113447583851e-04,-5.631592112696e+00
"                2473",-8.923325674925e-02,6.990072322394e-01,-9.075249895717e+00,-8.731300348775e-02,6.995625288578e-01,-1.470695409770e+01,1.920253261499e-03,5.552966183796e-04,-5.631704201988e+00
"                2474",-9.385061534664e-02,6.739732849495e-01,-9.073645889548e+00,-9.197281049147e-02,6.744725915427e-01,-1.470549007321e+01,1.877804855166e-03,4.993065931987e-04,-5.631844183660e+00
"                2475",-9.886196984047e-02,6.392301759063e-01,-9.071730772228e+00,-9.701582661290e-02,6.396733195397e-01,-1.470371070676e+01,1.846143227570e-03,4.431436334400e-04,-5.631979934530e+00
"                2476",-1.010626707788e-01,5.982877414020e-01,-9.068810897210e+00,-9.923683807604e-02,5.986715703643e-01,-1.470088132965e+01,1.825832702723e-03,3.838289622754e-04,-5.632070432444e+00
"                2477",-9.917201835563e-02,5.545133181753e-01,-9.066043904385e+00,-9.735651143901e-02,5.548368041582e-01,-1.469812698881e+01,1.815506916622e-03,3.234859828295e-04,-5.632083084423e+00
"                2478",-9.498966939978e-02,5.110144503499e-01,-9.065132847584e+00,-9.317686782606e-02,5.112910849527e-01,-1.469714738384e+01,1.812801573723e-03,2.766346027771e-04,-5.632014536259e+00
"                2479",-9.178012489218e-02,4.717493050592e-01,-9.065673732802e+00,-8.995720769864e-02,4.720105609367e-01,-1.469755796563e+01,1.822917193544e-03,2.612558775577e-04,-5.631884232830e+00
"                2480",-8.940987648612e-02,4.421450636410e-01,-9.067000484654e+00,-8.755459829343e-02,4.424265404445e-01,-1.469871883453e+01,1.855278192687e-03,2.814768035233e-04,-5.631718349878e+00
"                2481",-8.824376673365e-02,4.272798750642e-01,-9.068342738151e+00,-8.634067708655e-02,4.276117477321e-01,-1.469990276296e+01,1.903089647102e-03,3.318726679913e-04,-5.631560024809e+00
"                2482",-8.885055835808e-02,4.277330229535e-01,-9.068962515521e+00,-8.689989306973e-02,4.281410659171e-01,-1.470041030275e+01,1.950665288343e-03,4.080429635851e-04,-5.631447787230e+00
"                2483",-9.058441011240e-02,4.387809555058e-01,-9.069302740564e+00,-8.859534650126e-02,4.392930785387e-01,-1.470069805312e+01,1.989063611141e-03,5.121230328639e-04,-5.631395312557e+00
"                2484",-9.128743506446e-02,4.582181214759e-01,-9.070242372004e+00,-8.928016307030e-02,4.588400700816e-01,-1.470164221497e+01,2.007271994159e-03,6.219486057332e-04,-5.631399842969e+00
"                2485",-9.165741796781e-02,4.834064405797e-01,-9.071631706928e+00,-8.965729268059e-02,4.841356366704e-01,-1.470309636924e+01,2.000125287215e-03,7.291960907039e-04,-5.631464662314e+00
"                2486",-9.055311790988e-02,5.135742266697e-01,-9.072230627452e+00,-8.858817745054e-02,5.143797396279e-01,-1.470379766927e+01,1.964940459337e-03,8.055129582354e-04,-5.631567041816e+00
"                2487",-9.286707594484e-02,5.471095319526e-01,-9.072183238451e+00,-9.095259653717e-02,5.479648006502e-01,-1.470388123267e+01,1.914479407663e-03,8.552686976773e-04,-5.631697994216e+00
"                2488",-9.886892085649e-02,5.782307667646e-01,-9.070669072150e+00,-9.700022709831e-02,5.790981687251e-01,-1.470252533383e+01,1.868693758176e-03,8.674019605603e-04,-5.631856261683e+00
"                2489",-1.051155285066e-01,6.054841732387e-01,-9.067924395846e+00,-1.032823182910e-01,6.063392779670e-01,-1.469992680824e+01,1.833210215659e-03,8.551047283400e-04,-5.632002412394e+00
"                2490",-1.061635496293e-01,6.279893322999e-01,-9.065898280928e+00,-1.043539345624e-01,6.288271162128e-01,-1.469799635110e+01,1.809615066904e-03,8.377839128850e-04,-5.632098070170e+00
"                2491",-1.038469262424e-01,6.474908243474e-01,-9.065590368026e+00,-1.020488560478e-01,6.483222253133e-01,-1.469770647163e+01,1.798070194575e-03,8.314009658621e-04,-5.632116103600e+00
"                2492",-1.000983811234e-01,6.653384770999e-01,-9.066546921137e+00,-9.830292766724e-02,6.661763380421e-01,-1.469860134153e+01,1.795453456144e-03,8.378609422301e-04,-5.632054420392e+00
"                2493",-9.663453170586e-02,6.829769101196e-01,-9.068635961439e+00,-9.482728175146e-02,6.838227265710e-01,-1.470056777362e+01,1.807249954401e-03,8.458164513812e-04,-5.631931812182e+00
"                2494",-9.305802980035e-02,7.018105878147e-01,-9.071102511309e+00,-9.121540388751e-02,7.026629157123e-01,-1.470287694440e+01,1.842625912838e-03,8.523278975884e-04,-5.631774433094e+00
"                2495",-9.112432540527e-02,7.199844458144e-01,-9.072308303850e+00,-8.923106562426e-02,7.208432537095e-01,-1.470393399817e+01,1.893259781020e-03,8.588078950218e-04,-5.631625694317e+00
"                2496",-9.039831780458e-02,7.339851500747e-01,-9.072997507120e+00,-8.845396773910e-02,7.348428980681e-01,-1.470451602952e+01,1.944350065484e-03,8.577479933965e-04,-5.631518522399e+00
"                2497",-8.891100931029e-02,7.434156672948e-01,-9.073769711030e+00,-8.692490852485e-02,7.442427680666e-01,-1.470523390517e+01,1.986100785441e-03,8.271007717904e-04,-5.631464194136e+00
"                2498",-8.732451209409e-02,7.485630422798e-01,-9.074749411700e+00,-8.531876089728e-02,7.493260346819e-01,-1.470621138441e+01,2.005751196804e-03,7.629924020904e-04,-5.631461972714e+00
"                2499",-8.748166055676e-02,7.453996872063e-01,-9.075987006779e+00,-8.548443573923e-02,7.460696485777e-01,-1.470750799650e+01,1.997224817527e-03,6.699613713238e-04,-5.631520989717e+00
"                2500",-8.759219180106e-02,7.266633710883e-01,-9.076963353090e+00,-8.563353141817e-02,7.272381108098e-01,-1.470857882828e+01,1.958660382891e-03,5.747397214605e-04,-5.631615475192e+00
"                2501",-9.043334481387e-02,6.921093789202e-01,-9.075862601234e+00,-8.852506664144e-02,6.925852561131e-01,-1.470760592628e+01,1.908278172438e-03,4.758771929524e-04,-5.631743325048e+00
"                2502",-9.570696547678e-02,6.483580112002e-01,-9.072882828689e+00,-9.384059057831e-02,6.487525843233e-01,-1.470477715255e+01,1.866374898471e-03,3.945731230769e-04,-5.631894323858e+00
"                2503",-9.991956043152e-02,6.001472177782e-01,-9.069887152161e+00,-9.808198978340e-02,6.004820460722e-01,-1.470191057273e+01,1.837570648111e-03,3.348282939693e-04,-5.632023420570e+00
"                2504",-1.002302237004e-01,5.525163456140e-01,-9.067110798081e+00,-9.840810385853e-02,5.528100339205e-01,-1.469920379236e+01,1.822119841882e-03,2.936883064704e-04,-5.632092994278e+00
"                2505",-9.829991531964e-02,5.100147454809e-01,-9.065350313828e+00,-9.648374017159e-02,5.102891300017e-01,-1.469743209089e+01,1.816175148056e-03,2.743845207614e-04,-5.632081777064e+00
"                2506",-9.525696764132e-02,4.760655933293e-01,-9.065850567419e+00,-9.344238918812e-02,4.763455425947e-01,-1.469784043426e+01,1.814578453204e-03,2.799492653875e-04,-5.631989866838e+00
"                2507",-9.309694034854e-02,4.544732103053e-01,-9.067205937311e+00,-9.126596137491e-02,4.547894522075e-01,-1.469905424355e+01,1.830978973638e-03,3.162419022552e-04,-5.631848306238e+00
"                2508",-9.053959497595e-02,4.446646144149e-01,-9.068025333777e+00,-8.866786008837e-02,4.450417374508e-01,-1.469970732039e+01,1.871734887580e-03,3.771230358963e-04,-5.631681986614e+00
"                2509",-8.782434960958e-02,4.466217696307e-01,-9.068187211554e+00,-8.589973330551e-02,4.470702735018e-01,-1.469972360983e+01,1.924616304065e-03,4.485038711142e-04,-5.631536398271e+00
"                2510",-8.696070367495e-02,4.595391115182e-01,-9.068419110381e+00,-8.498710276617e-02,4.600583685288e-01,-1.469986423567e+01,1.973600908774e-03,5.192570106548e-04,-5.631445125293e+00
"                2511",-8.816051427024e-02,4.761025864567e-01,-9.069277577699e+00,-8.615266912516e-02,4.766923473334e-01,-1.470068638767e+01,2.007845145080e-03,5.897608766255e-04,-5.631408809967e+00
"                2512",-8.968821257787e-02,4.906796640700e-01,-9.071177286502e+00,-8.767165102414e-02,4.913392923992e-01,-1.470260671412e+01,2.016561553729e-03,6.596283291625e-04,-5.631429427620e+00
"                2513",-9.088850138792e-02,5.026288488573e-01,-9.073207897445e+00,-8.889239584141e-02,5.033461176997e-01,-1.470472068109e+01,1.996105546515e-03,7.172688423604e-04,-5.631512783648e+00
"                2514",-9.197033078243e-02,5.178172862698e-01,-9.073353269840e+00,-9.002051502533e-02,5.185660767269e-01,-1.470498132939e+01,1.949815757097e-03,7.487904570784e-04,-5.631628059552e+00
"                2515",-9.516116437177e-02,5.370687506120e-01,-9.071569856783e+00,-9.326086981007e-02,5.378357721268e-01,-1.470334362197e+01,1.900294561699e-03,7.670215148948e-04,-5.631773765187e+00
"                2516",-1.004095283257e-01,5.580795119683e-01,-9.068876267747e+00,-9.854895380361e-02,5.588553768696e-01,-1.470080888042e+01,1.860574522078e-03,7.758649012814e-04,-5.631932612672e+00
"                2517",-1.061030984159e-01,5.811466123186e-01,-9.066672771069e+00,-1.042732279683e-01,5.819342650395e-01,-1.469873830330e+01,1.829870447609e-03,7.876527209417e-04,-5.632065532235e+00
"                2518",-1.076041003256e-01,6.068259999948e-01,-9.065850890942e+00,-1.057960537090e-01,6.076427305627e-01,-1.469798714004e+01,1.808046616608e-03,8.167305679521e-04,-5.632136249100e+00
"                2519",-1.054328090348e-01,6.372487372964e-01,-9.066809163545e+00,-1.036350761350e-01,6.381054132618e-01,-1.469893256150e+01,1.797732899785e-03,8.566759654538e-04,-5.632123397957e+00
"                2520",-1.012829694172e-01,6.710573526327e-01,-9.068006360456e+00,-9.948404526436e-02,6.719570191401e-01,-1.470004609454e+01,1.798924152851e-03,8.996665074270e-04,-5.632039734083e+00
"                2521",-9.650538327671e-02,7.045438383989e-01,-9.069471637567e+00,-9.468433427925e-02,7.054727420472e-01,-1.470137516985e+01,1.821048997462e-03,9.289036482659e-04,-5.631903532285e+00
"                2522",-9.164713412108e-02,7.339292959617e-01,-9.071060141936e+00,-8.978048697521e-02,7.348669255487e-01,-1.470280410433e+01,1.866647145866e-03,9.376295869536e-04,-5.631743962391e+00
"                2523",-8.779789445791e-02,7.553407301903e-01,-9.071774867122e+00,-8.587639575327e-02,7.562664497092e-01,-1.470337978387e+01,1.921498704640e-03,9.257195188776e-04,-5.631604916749e+00
"                2524",-8.712130191225e-02,7.651174243922e-01,-9.072756708883e+00,-8.515233702828e-02,7.659933187883e-01,-1.470427245962e+01,1.968964883972e-03,8.758943960665e-04,-5.631515750732e+00
"                2525",-8.685616432979e-02,7.630730335781e-01,-9.074275624032e+00,-8.485560554918e-02,7.638648451792e-01,-1.470575261772e+01,2.000558780609e-03,7.918116011491e-04,-5.631476993685e+00
"                2526",-8.779059705176e-02,7.510701846766e-01,-9.076064891379e+00,-8.578306324305e-02,7.517463179499e-01,-1.470756123747e+01,2.007533808713e-03,6.761332732185e-04,-5.631496346087e+00
"                2527",-8.813621920675e-02,7.285721087434e-01,-9.076651688177e+00,-8.614928188818e-02,7.291242504690e-01,-1.470822717365e+01,1.986937318567e-03,5.521417256160e-04,-5.631575485472e+00
"                2528",-8.932726212976e-02,6.933486051624e-01,-9.076311562961e+00,-8.738617156059e-02,6.937959622916e-01,-1.470799215933e+01,1.941090569163e-03,4.473571292477e-04,-5.631680596366e+00
"                2529",-9.237909034309e-02,6.495296152679e-01,-9.074241307039e+00,-9.048426902047e-02,6.499006399627e-01,-1.470605908146e+01,1.894821322613e-03,3.710246948644e-04,-5.631817774426e+00
"                2530",-9.724456903476e-02,6.042388667424e-01,-9.071169054162e+00,-9.538546288603e-02,6.045720271736e-01,-1.470313391150e+01,1.859106148724e-03,3.331604312403e-04,-5.631964857336e+00
"                2531",-1.022511906594e-01,5.627063233171e-01,-9.069068816505e+00,-1.004167021974e-01,5.630330377217e-01,-1.470114113571e+01,1.834488461991e-03,3.267144046424e-04,-5.632072319208e+00
"                2532",-1.027115201461e-01,5.296299576736e-01,-9.067453123343e+00,-1.008904989432e-01,5.299643268249e-01,-1.469956586231e+01,1.821021202938e-03,3.343691512672e-04,-5.632112738964e+00
"                2533",-9.944042944551e-02,5.052128539004e-01,-9.065907389477e+00,-9.762286732242e-02,5.055699993562e-01,-1.469798020859e+01,1.817562123088e-03,3.571454558439e-04,-5.632072819113e+00
"                2534",-9.447577613420e-02,4.881342495494e-01,-9.065603123685e+00,-9.265309669084e-02,4.885252723320e-01,-1.469756596816e+01,1.822679443366e-03,3.910227825806e-04,-5.631962844475e+00
"                2535",-9.049068402101e-02,4.781245591219e-01,-9.066574977132e+00,-8.863932308899e-02,4.785545978797e-01,-1.469838276985e+01,1.851360932021e-03,4.300387577969e-04,-5.631807792718e+00
"                2536",-8.768509040812e-02,4.750717614841e-01,-9.067409897434e+00,-8.578678682212e-02,4.755355919177e-01,-1.469905212499e+01,1.898303585994e-03,4.638304336562e-04,-5.631642227559e+00
"                2537",-8.618741090348e-02,4.766695938028e-01,-9.067991124882e+00,-8.423956854971e-02,4.771602570629e-01,-1.469949851589e+01,1.947842353766e-03,4.906632600813e-04,-5.631507391009e+00
"                2538",-8.775977484743e-02,4.784919057047e-01,-9.069268302062e+00,-8.577328475909e-02,4.790110753730e-01,-1.470070105517e+01,1.986490088341e-03,5.191696682947e-04,-5.631432753109e+00
"                2539",-8.943971390590e-02,4.772450837669e-01,-9.070105508302e+00,-8.743057061779e-02,4.777984734681e-01,-1.470152302750e+01,2.009143288117e-03,5.533897012831e-04,-5.631417519201e+00
"                2540",-9.131248093215e-02,4.749912241772e-01,-9.071251619457e+00,-8.930558427923e-02,4.755889721169e-01,-1.470271400573e+01,2.006896652918e-03,5.977479396886e-04,-5.631462386270e+00
"                2541",-9.081624514067e-02,4.772572468048e-01,-9.072006574393e+00,-8.883818428818e-02,4.779016290415e-01,-1.470356450848e+01,1.978060852491e-03,6.443822367321e-04,-5.631557934087e+00
"                2542",-9.292351693139e-02,4.898574207341e-01,-9.071948326260e+00,-9.099512979196e-02,4.905520676567e-01,-1.470362691369e+01,1.928387139437e-03,6.946469225589e-04,-5.631678587432e+00
"                2543",-9.860240827422e-02,5.124584262559e-01,-9.070659573139e+00,-9.671959477291e-02,5.132061678548e-01,-1.470248823445e+01,1.882813501304e-03,7.477415989111e-04,-5.631828661311e+00
"                2544",-1.052427933327e-01,5.452663482192e-01,-9.068952784279e+00,-1.033963110994e-01,5.460672623204e-01,-1.470092969954e+01,1.846482233247e-03,8.009141012013e-04,-5.631976915262e+00
"                2545",-1.084379226570e-01,5.849762856319e-01,-9.066932178572e+00,-1.066179428515e-01,5.858320333384e-01,-1.469902369905e+01,1.819979805534e-03,8.557477064298e-04,-5.632091520475e+00
"                2546",-1.071160962395e-01,6.281629946784e-01,-9.065552461838e+00,-1.053115027573e-01,6.290781393613e-01,-1.469769128388e+01,1.804593482110e-03,9.151446829063e-04,-5.632138822046e+00
"                2547",-1.028478661950e-01,6.714955443948e-01,-9.066087627280e+00,-1.010473817739e-01,6.724587206670e-01,-1.469818962549e+01,1.800484421069e-03,9.631762722045e-04,-5.632101998206e+00
"                2548",-9.785401247501e-02,7.116414565309e-01,-9.067649831086e+00,-9.604682603409e-02,7.126267244524e-01,-1.469964647036e+01,1.807186440923e-03,9.852679215145e-04,-5.631996639270e+00
"                2549",-9.282555174505e-02,7.432766165886e-01,-9.069529405810e+00,-9.099012282823e-02,7.442485318548e-01,-1.470137755225e+01,1.835428916824e-03,9.719152662495e-04,-5.631848146438e+00
"                2550",-8.878892097951e-02,7.612974845090e-01,-9.071273073406e+00,-8.690579782880e-02,7.622260972725e-01,-1.470296304516e+01,1.883123150713e-03,9.286127635104e-04,-5.631689971756e+00
"                2551",-8.728389922720e-02,7.644837882052e-01,-9.072648853681e+00,-8.535032938882e-02,7.653467517625e-01,-1.470421124253e+01,1.933569838384e-03,8.629635572617e-04,-5.631562388846e+00
"                2552",-8.859232832140e-02,7.555050693013e-01,-9.073680844579e+00,-8.661788912484e-02,7.562716090223e-01,-1.470517144500e+01,1.974439196554e-03,7.665397210734e-04,-5.631490600422e+00
"                2553",-8.868708828146e-02,7.381262618790e-01,-9.074488665251e+00,-8.668924293936e-02,7.387851907674e-01,-1.470595677645e+01,1.997845342098e-03,6.589288883662e-04,-5.631468111198e+00
"                2554",-8.942418938108e-02,7.148342766824e-01,-9.075545650128e+00,-8.742687419744e-02,7.153844898932e-01,-1.470705131319e+01,1.997315183638e-03,5.502132107700e-04,-5.631505663064e+00
"                2555",-8.846659295179e-02,6.865944048608e-01,-9.075603510564e+00,-8.649693006720e-02,6.870614179221e-01,-1.470719614384e+01,1.969662884590e-03,4.670130612518e-04,-5.631592633272e+00
"                2556",-9.026712315782e-02,6.548611323722e-01,-9.075306510051e+00,-8.834622078845e-02,6.552721532948e-01,-1.470701177306e+01,1.920902369362e-03,4.110209226505e-04,-5.631705263011e+00
"                2557",-9.547258488618e-02,6.229907325703e-01,-9.074016039552e+00,-9.359451478644e-02,6.233825335956e-01,-1.470586053061e+01,1.878070099737e-03,3.918010253046e-04,-5.631844491059e+00
"                2558",-1.007158355508e-01,5.942409917604e-01,-9.071238322937e+00,-9.886817790120e-02,5.946384722147e-01,-1.470322307273e+01,1.847657649630e-03,3.974804542923e-04,-5.631984749791e+00
"                2559",-1.021635425408e-01,5.693934889720e-01,-9.068291836756e+00,-1.003340204109e-01,5.698082830301e-01,-1.470036843599e+01,1.829522129902e-03,4.147940580979e-04,-5.632076599238e+00
"                2560",-9.910426120027e-02,5.479890521790e-01,-9.065894712606e+00,-9.728118006477e-02,5.484118516092e-01,-1.469798948968e+01,1.823081135498e-03,4.227994302502e-04,-5.632094777075e+00
"                2561",-9.424669664818e-02,5.296380950135e-01,-9.064821660520e+00,-9.242448110963e-02,5.300545437908e-01,-1.469685309866e+01,1.822215538550e-03,4.164487772702e-04,-5.632031438139e+00
"                2562",-9.099315982206e-02,5.123946250435e-01,-9.065325559247e+00,-8.916320743609e-02,5.128026534012e-01,-1.469723165634e+01,1.829952385971e-03,4.080283577235e-04,-5.631906097097e+00
"                2563",-8.853203192953e-02,4.938375310315e-01,-9.067232167069e+00,-8.667295683287e-02,4.942396247210e-01,-1.469897457089e+01,1.859075096667e-03,4.020936895287e-04,-5.631742403823e+00
"                2564",-8.836665463005e-02,4.755194329277e-01,-9.068441210671e+00,-8.646143605722e-02,4.759170796706e-01,-1.470002485230e+01,1.905218572828e-03,3.976467428985e-04,-5.631583641630e+00
"                2565",-8.880111841432e-02,4.611368251927e-01,-9.068558092478e+00,-8.684874343604e-02,4.615365064193e-01,-1.470002582560e+01,1.952374978284e-03,3.996812266198e-04,-5.631467733127e+00
"                2566",-8.962621945864e-02,4.509736937023e-01,-9.068963117124e+00,-8.763608320513e-02,4.513999227370e-01,-1.470037342223e+01,1.990136253510e-03,4.262290346954e-04,-5.631410305106e+00
"                2567",-8.991181367472e-02,4.448765127033e-01,-9.069677966465e+00,-8.790343683811e-02,4.453591045946e-01,-1.470108717446e+01,2.008376836610e-03,4.825918912759e-04,-5.631409207996e+00
"                2568",-9.232290342027e-02,4.459334414185e-01,-9.071318106318e+00,-9.032252292792e-02,4.465044897308e-01,-1.470278616160e+01,2.000380492352e-03,5.710483123512e-04,-5.631468055284e+00
"                2569",-9.271091487403e-02,4.611859977440e-01,-9.072838266915e+00,-9.074690119103e-02,4.618506260029e-01,-1.470440610928e+01,1.964013683006e-03,6.646282589094e-04,-5.631567842368e+00
"                2570",-9.543933408497e-02,4.931436760273e-01,-9.072696747277e+00,-9.352572606013e-02,4.939039882915e-01,-1.470439538090e+01,1.913608024839e-03,7.603122641836e-04,-5.631698633621e+00
"                2571",-1.003894272039e-01,5.349388311374e-01,-9.070219936976e+00,-9.851978503972e-02,5.357810265603e-01,-1.470207675091e+01,1.869642164126e-03,8.421954228963e-04,-5.631856813934e+00
"                2572",-1.046069208681e-01,5.821269419365e-01,-9.067369877364e+00,-1.027687244842e-01,5.830332781276e-01,-1.469937256328e+01,1.838196383857e-03,9.063361911848e-04,-5.632002685916e+00
"                2573",-1.050417992202e-01,6.295527530596e-01,-9.065506448133e+00,-1.032232140890e-01,6.305030459997e-01,-1.469760600468e+01,1.818585131230e-03,9.502929400632e-04,-5.632099556551e+00
"                2574",-1.031217450072e-01,6.729275190986e-01,-9.065214665093e+00,-1.013149822063e-01,6.739018806342e-01,-1.469733491841e+01,1.806762800974e-03,9.743615356108e-04,-5.632120253314e+00
"                2575",-9.975153148574e-02,7.085393819155e-01,-9.066953943638e+00,-9.795081230501e-02,7.095130087226e-01,-1.469901224160e+01,1.800719180724e-03,9.736268070755e-04,-5.632058297959e+00
"                2576",-9.657302382172e-02,7.323006830737e-01,-9.069260729920e+00,-9.476422803856e-02,7.332443864441e-01,-1.470119978949e+01,1.808795783163e-03,9.437033703577e-04,-5.631939059572e+00
"                2577",-9.312497748013e-02,7.442469282406e-01,-9.070917043731e+00,-9.128386975300e-02,7.451341108177e-01,-1.470269988001e+01,1.841107727134e-03,8.871825771781e-04,-5.631782836276e+00
"                2578",-9.028559194795e-02,7.450153970782e-01,-9.071792035710e+00,-8.839504289910e-02,7.458342215382e-01,-1.470342430723e+01,1.890549048843e-03,8.188244599976e-04,-5.631632271516e+00
"                2579",-8.877560280419e-02,7.337884719350e-01,-9.072487527708e+00,-8.683332432880e-02,7.345409971392e-01,-1.470400876189e+01,1.942278475388e-03,7.525252042068e-04,-5.631521234180e+00
"                2580",-8.868044599365e-02,7.176260740281e-01,-9.073332546019e+00,-8.669706007307e-02,7.183090456027e-01,-1.470479658130e+01,1.983385920577e-03,6.829715745628e-04,-5.631464035280e+00
"                2581",-8.919876451679e-02,7.029038691507e-01,-9.074788143692e+00,-8.719681228585e-02,7.035194378512e-01,-1.470624660667e+01,2.001952230945e-03,6.155687005239e-04,-5.631458462978e+00
"                2582",-9.026562659514e-02,6.919298166447e-01,-9.076572464465e+00,-8.827170500813e-02,6.924850946083e-01,-1.470808791416e+01,1.993921587006e-03,5.552779636536e-04,-5.631515449695e+00
"                2583",-8.943463170922e-02,6.791088205349e-01,-9.076474650780e+00,-8.747623028123e-02,6.796283808470e-01,-1.470808704898e+01,1.958401427998e-03,5.195603121283e-04,-5.631612398202e+00
"                2584",-9.025285696785e-02,6.603740732457e-01,-9.074899874654e+00,-8.834241579768e-02,6.608698240394e-01,-1.470663686729e+01,1.910441170168e-03,4.957507936374e-04,-5.631736992632e+00
"                2585",-9.382055601077e-02,6.387644776989e-01,-9.072315851307e+00,-9.194928431188e-02,6.392508210775e-01,-1.470420243421e+01,1.871271698891e-03,4.863433786146e-04,-5.631886582902e+00
"                2586",-9.799979059531e-02,6.157634206239e-01,-9.069539994784e+00,-9.615619653414e-02,6.162375195000e-01,-1.470155897328e+01,1.843594061170e-03,4.740988760965e-04,-5.632018978499e+00
"                2587",-9.954711878524e-02,5.911960815504e-01,-9.066932019650e+00,-9.772085600751e-02,5.916432785923e-01,-1.469902455617e+01,1.826262777728e-03,4.471970418510e-04,-5.632092536517e+00
"                2588",-9.832381592292e-02,5.612140330063e-01,-9.066235122757e+00,-9.650678295712e-02,5.616215969538e-01,-1.469831691417e+01,1.817032965805e-03,4.075639475392e-04,-5.632081791415e+00
"                2589",-9.555403683876e-02,5.267374539187e-01,-9.066166880463e+00,-9.374039734268e-02,5.270991809515e-01,-1.469816624190e+01,1.813639496086e-03,3.617270328346e-04,-5.631999361440e+00
"                2590",-9.336583686257e-02,4.919119538472e-01,-9.066594114862e+00,-9.153909149888e-02,4.922398207103e-01,-1.469845396378e+01,1.826745363690e-03,3.278668630640e-04,-5.631859848923e+00
"                2591",-9.081264315498e-02,4.607728244578e-01,-9.067476348458e+00,-8.894749744257e-02,4.610866117542e-01,-1.469916930782e+01,1.865145712409e-03,3.137872963907e-04,-5.631692959365e+00
"                2592",-8.861583098269e-02,4.377045770908e-01,-9.067693478727e+00,-8.669922670336e-02,4.380290368500e-01,-1.469923794699e+01,1.916604279333e-03,3.244597591625e-04,-5.631544468264e+00
"                2593",-8.865256315474e-02,4.265465678186e-01,-9.068009507615e+00,-8.668800961570e-02,4.269151408603e-01,-1.469945620070e+01,1.964553539040e-03,3.685730416796e-04,-5.631446693090e+00
"                2594",-9.008015619668e-02,4.269423318853e-01,-9.069496044888e+00,-8.808092514799e-02,4.273907334362e-01,-1.470090177726e+01,1.999231048692e-03,4.484015508931e-04,-5.631405732373e+00
"                2595",-9.174071793944e-02,4.374705620951e-01,-9.071445869895e+00,-8.973069575214e-02,4.380290879204e-01,-1.470287102213e+01,2.010022187309e-03,5.585258252679e-04,-5.631425152240e+00
"                2596",-9.247924906126e-02,4.583296452653e-01,-9.072636402881e+00,-9.048537358808e-02,4.590126115988e-01,-1.470414477946e+01,1.993875473180e-03,6.829663335118e-04,-5.631508376575e+00
"                2597",-9.146049419658e-02,4.919367244404e-01,-9.072659806903e+00,-8.950829351480e-02,4.927271542046e-01,-1.470428074005e+01,1.952200681785e-03,7.904297641843e-04,-5.631620933148e+00
"                2598",-9.344737695153e-02,5.348624802790e-01,-9.071167766316e+00,-9.154216420570e-02,5.357355842102e-01,-1.470293166107e+01,1.905212745827e-03,8.731039311716e-04,-5.631763894750e+00
"                2599",-9.884195144289e-02,5.798880833213e-01,-9.068772668611e+00,-9.697715343294e-02,5.808043382357e-01,-1.470069448892e+01,1.864798009948e-03,9.162549143424e-04,-5.631921820310e+00
"                2600",-1.053117175308e-01,6.220322171361e-01,-9.067223908945e+00,-1.034808133527e-01,6.229579431140e-01,-1.469927976071e+01,1.830904178068e-03,9.257259779013e-04,-5.632055851763e+00
"                2601",-1.073016970945e-01,6.562777597063e-01,-9.066733200238e+00,-1.054947617317e-01,6.571970867199e-01,-1.469886453543e+01,1.806935362788e-03,9.193270135833e-04,-5.632131335192e+00
"                2602",-1.053001623554e-01,6.814770808330e-01,-9.066615523130e+00,-1.035058119307e-01,6.823759560263e-01,-1.469874350803e+01,1.794350424662e-03,8.988751933327e-04,-5.632127984901e+00
"                2603",-1.008200335270e-01,6.993882857330e-01,-9.067353624156e+00,-9.902637695496e-02,7.002553499094e-01,-1.469940068058e+01,1.793656572083e-03,8.670641763720e-04,-5.632047056425e+00
"                2604",-9.667183906345e-02,7.108728491233e-01,-9.069232074562e+00,-9.485804511965e-02,7.116996106934e-01,-1.470114492263e+01,1.813793943797e-03,8.267615700217e-04,-5.631912848063e+00
"                2605",-9.246857073521e-02,7.153906213751e-01,-9.070890375733e+00,-9.061020200772e-02,7.161848441347e-01,-1.470264218775e+01,1.858368727484e-03,7.942227595048e-04,-5.631751812020e+00
"                2606",-8.936085164038e-02,7.152526283179e-01,-9.071978946499e+00,-8.744824945417e-02,7.160228096028e-01,-1.470358795594e+01,1.912602186209e-03,7.701812849019e-04,-5.631609009440e+00
"                2607",-8.844400640632e-02,7.134207209480e-01,-9.073546099256e+00,-8.648195903871e-02,7.141683646695e-01,-1.470506066637e+01,1.962047367607e-03,7.476437215278e-04,-5.631514567112e+00
"                2608",-8.815981497131e-02,7.145473276194e-01,-9.074669302360e+00,-8.616235030724e-02,7.152632908199e-01,-1.470614265814e+01,1.997464664067e-03,7.159632004799e-04,-5.631473355778e+00
"                2609",-8.807090975833e-02,7.172772226515e-01,-9.075722726564e+00,-8.606190478740e-02,7.179525540731e-01,-1.470721010486e+01,2.009004970932e-03,6.753314216315e-04,-5.631487378300e+00
"                2610",-8.674889829021e-02,7.170264224737e-01,-9.076296224094e+00,-8.475652102231e-02,7.176515367044e-01,-1.470785789900e+01,1.992377267902e-03,6.251142307330e-04,-5.631561674903e+00
"                2611",-8.675566579006e-02,7.072226687617e-01,-9.075911561045e+00,-8.480711861581e-02,7.077979696877e-01,-1.470757324427e+01,1.948547174252e-03,5.753009259143e-04,-5.631661683229e+00
"                2612",-8.999039818801e-02,6.861246423422e-01,-9.074123270399e+00,-8.808985007462e-02,6.866417144597e-01,-1.470591736770e+01,1.900548113386e-03,5.170721175287e-04,-5.631794097301e+00
"                2613",-9.618825375739e-02,6.549476105660e-01,-9.072377458554e+00,-9.432687846839e-02,6.554104097943e-01,-1.470431505302e+01,1.861375288997e-03,4.627992283408e-04,-5.631937594463e+00
"                2614",-1.020566640914e-01,6.155899862240e-01,-9.070091742688e+00,-1.002230896566e-01,6.159988812527e-01,-1.470214661835e+01,1.833574434866e-03,4.088950287332e-04,-5.632054875659e+00
"                2615",-1.034078677384e-01,5.723719814523e-01,-9.067341540821e+00,-1.015904703841e-01,5.727211110381e-01,-1.469944394703e+01,1.817397354306e-03,3.491295858431e-04,-5.632102406213e+00
"                2616",-1.001810891666e-01,5.280067073572e-01,-9.065733249835e+00,-9.836771598725e-02,5.283030084372e-01,-1.469779769538e+01,1.813373179316e-03,2.963010800107e-04,-5.632064445549e+00
"                2617",-9.541820506578e-02,4.865574959148e-01,-9.065461199874e+00,-9.360079197376e-02,4.868264174755e-01,-1.469741821962e+01,1.817413092027e-03,2.689215607368e-04,-5.631957019745e+00
"                2618",-9.170014854274e-02,4.525251076595e-01,-9.066425032663e+00,-8.985642100721e-02,4.528005601243e-01,-1.469822743851e+01,1.843727535536e-03,2.754524647842e-04,-5.631802405851e+00
"                2619",-8.871798816102e-02,4.315853451503e-01,-9.067883500651e+00,-8.682827713320e-02,4.318989742878e-01,-1.469951792605e+01,1.889711027818e-03,3.136291374752e-04,-5.631634425402e+00
"                2620",-8.727938552596e-02,4.256181694747e-01,-9.068784309561e+00,-8.533808716732e-02,4.259952995745e-01,-1.470028255768e+01,1.941298358640e-03,3.771300997926e-04,-5.631498248118e+00
"                2621",-8.892142996189e-02,4.328109242173e-01,-9.069184035243e+00,-8.693704733827e-02,4.332822679962e-01,-1.470060863103e+01,1.984382623616e-03,4.713437788954e-04,-5.631424595783e+00
"                2622",-8.964934085307e-02,4.490945111651e-01,-9.069837935059e+00,-8.763784606164e-02,4.496722750476e-01,-1.470124429007e+01,2.011494791433e-03,5.777638825600e-04,-5.631406355009e+00
"                2623",-9.009258348735e-02,4.712607261914e-01,-9.071191977567e+00,-8.807942032564e-02,4.719495359266e-01,-1.470263865785e+01,2.013163161710e-03,6.888097352687e-04,-5.631446680281e+00
"                2624",-8.868906139955e-02,4.992670006996e-01,-9.071994207264e+00,-8.670183818135e-02,5.000444292752e-01,-1.470353410349e+01,1.987223218199e-03,7.774285755485e-04,-5.631539896222e+00
"                2625",-9.146061136488e-02,5.310889104650e-01,-9.072618424378e+00,-8.952313309912e-02,5.319238875978e-01,-1.470427825540e+01,1.937478265757e-03,8.349771327916e-04,-5.631659831026e+00
"                2626",-9.813066856654e-02,5.628705938682e-01,-9.071954601626e+00,-9.624278120820e-02,5.637296758882e-01,-1.470376606403e+01,1.887887358342e-03,8.590820200137e-04,-5.631811462405e+00
"                2627",-1.054269605328e-01,5.914945694388e-01,-9.069487672260e+00,-1.035787870756e-01,5.923501173496e-01,-1.470145439704e+01,1.848173457210e-03,8.555479108110e-04,-5.631966724784e+00
"                2628",-1.093341181077e-01,6.166353428692e-01,-9.066752684255e+00,-1.075152320847e-01,6.174708042990e-01,-1.469884057532e+01,1.818886022998e-03,8.354614297783e-04,-5.632087891060e+00
"                2629",-1.083254572021e-01,6.383757196506e-01,-9.065492035694e+00,-1.065217558705e-01,6.391995864012e-01,-1.469763313467e+01,1.803701331656e-03,8.238667506076e-04,-5.632141098977e+00
"                2630",-1.037971485284e-01,6.566221480920e-01,-9.065869659825e+00,-1.019973202914e-01,6.574465037277e-01,-1.469798005326e+01,1.799828236989e-03,8.243556357679e-04,-5.632110393431e+00
"                2631",-9.926385937914e-02,6.740305110696e-01,-9.067624761046e+00,-9.745775478719e-02,6.748629162642e-01,-1.469963435317e+01,1.806104591945e-03,8.324051945546e-04,-5.632009592119e+00
"                2632",-9.424577110767e-02,6.923959650367e-01,-9.070332662385e+00,-9.241219760587e-02,6.932343258715e-01,-1.470219803561e+01,1.833573501800e-03,8.383608347933e-04,-5.631865373228e+00
"                2633",-9.062470234417e-02,7.113323645231e-01,-9.072043279720e+00,-8.874296089909e-02,7.121772032552e-01,-1.470375071376e+01,1.881741445083e-03,8.448387321387e-04,-5.631707434038e+00
"                2634",-8.828567756595e-02,7.274923381695e-01,-9.072605146115e+00,-8.635029455034e-02,7.283419684692e-01,-1.470418344995e+01,1.935383015607e-03,8.496302996933e-04,-5.631578303831e+00
"                2635",-8.756779104857e-02,7.393171786071e-01,-9.073392268379e+00,-8.558894054175e-02,7.401497954500e-01,-1.470489506465e+01,1.978850506821e-03,8.326168428634e-04,-5.631502796267e+00
"                2636",-8.621952571474e-02,7.466835882944e-01,-9.074005041604e+00,-8.421405969389e-02,7.474686519741e-01,-1.470548189230e+01,2.005466020853e-03,7.850636797158e-04,-5.631476850699e+00
"                2637",-8.721348128500e-02,7.477299774784e-01,-9.075345905941e+00,-8.520786961508e-02,7.484317210341e-01,-1.470685597947e+01,2.005611669925e-03,7.017435557486e-04,-5.631510073531e+00
"                2638",-8.763612359809e-02,7.360423479294e-01,-9.076649124107e+00,-8.565967744310e-02,7.366490953963e-01,-1.470824348887e+01,1.976446154987e-03,6.067474669539e-04,-5.631594364763e+00
"                2639",-9.058179700804e-02,7.074175911774e-01,-9.076600969421e+00,-8.865668362219e-02,7.079269686848e-01,-1.470830913074e+01,1.925113385848e-03,5.093775074639e-04,-5.631708161315e+00
"                2640",-9.609920077156e-02,6.669373572167e-01,-9.074185612408e+00,-9.421904046623e-02,6.673585138836e-01,-1.470603817072e+01,1.880160305331e-03,4.211566669265e-04,-5.631852558308e+00
"                2641",-1.006992163483e-01,6.199424384617e-01,-9.071070191817e+00,-9.884983633290e-02,6.202924897872e-01,-1.470306308218e+01,1.849380015366e-03,3.500513254907e-04,-5.631992890365e+00
"                2642",-1.020739180075e-01,5.715252938057e-01,-9.068100941917e+00,-1.002421392069e-01,5.718267226330e-01,-1.470018979458e+01,1.831778800604e-03,3.014288273572e-04,-5.632088852666e+00
"                2643",-9.990522996995e-02,5.266579308002e-01,-9.065781958034e+00,-9.808069786761e-02,5.269318863835e-01,-1.469789425122e+01,1.824532102337e-03,2.739555832855e-04,-5.632112293183e+00
"                2644",-9.603509397886e-02,4.889575766700e-01,-9.065568479408e+00,-9.421256750687e-02,4.892285254027e-01,-1.469761729657e+01,1.822526471990e-03,2.709487326912e-04,-5.632048817163e+00
"                2645",-9.299040869206e-02,4.619582853093e-01,-9.066891379831e+00,-9.115934604683e-02,4.622575298799e-01,-1.469881384728e+01,1.831062645228e-03,2.992445705362e-04,-5.631922467449e+00
"                2646",-8.992079598940e-02,4.469405469299e-01,-9.067831951147e+00,-8.805855124504e-02,4.472968595411e-01,-1.469959377844e+01,1.862244744362e-03,3.563126112174e-04,-5.631761827295e+00
"                2647",-8.706529531304e-02,4.443077395666e-01,-9.067892953735e+00,-8.515441679020e-02,4.447325362746e-01,-1.469949432300e+01,1.910878522835e-03,4.247967079592e-04,-5.631601369267e+00
"                2648",-8.572133872616e-02,4.531701331573e-01,-9.067849680018e+00,-8.376189021569e-02,4.536653856545e-01,-1.469933160463e+01,1.959448510471e-03,4.952524972121e-04,-5.631481924609e+00
"                2649",-8.690366742232e-02,4.694960704782e-01,-9.068539279510e+00,-8.490639890934e-02,4.700627551310e-01,-1.469995931129e+01,1.997268512976e-03,5.666846528094e-04,-5.631420031776e+00
"                2650",-8.907754175181e-02,4.867313663055e-01,-9.070128971602e+00,-8.706370086287e-02,4.873650676276e-01,-1.470154404095e+01,2.013840888931e-03,6.337013220693e-04,-5.631415069350e+00
"                2651",-9.244674588416e-02,4.988524398483e-01,-9.072706357908e+00,-9.044307062598e-02,4.995498887375e-01,-1.470417843633e+01,2.003675258178e-03,6.974488891466e-04,-5.631472078422e+00
"                2652",-9.368357028001e-02,5.105697753379e-01,-9.073564192478e+00,-9.171705869214e-02,5.113060891975e-01,-1.470513958623e+01,1.966511587867e-03,7.363138595696e-04,-5.631575393756e+00
"                2653",-9.614106045277e-02,5.280197939933e-01,-9.072308086618e+00,-9.422588331813e-02,5.287788679656e-01,-1.470401368244e+01,1.915177134637e-03,7.590739723324e-04,-5.631705595824e+00
"                2654",-1.005142008466e-01,5.485439776546e-01,-9.069799386563e+00,-9.864196136145e-02,5.493109595414e-01,-1.470166128222e+01,1.872239485141e-03,7.669818867310e-04,-5.631861895656e+00
"                2655",-1.048836018118e-01,5.710131825711e-01,-9.067265687991e+00,-1.030418324597e-01,5.717900628235e-01,-1.469927291137e+01,1.841769352046e-03,7.768802523560e-04,-5.632007223382e+00
"                2656",-1.062465774388e-01,5.947706853129e-01,-9.065742883878e+00,-1.044256654043e-01,5.955691710753e-01,-1.469784805692e+01,1.820912034526e-03,7.984857624311e-04,-5.632105173038e+00
"                2657",-1.042330612565e-01,6.231623376781e-01,-9.066271587159e+00,-1.024240742851e-01,6.239967012541e-01,-1.469839829610e+01,1.808986971398e-03,8.343635759753e-04,-5.632126708940e+00
"                2658",-1.003731144732e-01,6.562083807571e-01,-9.067477981793e+00,-9.856841047257e-02,6.570866902604e-01,-1.469955090981e+01,1.804704000656e-03,8.783095033409e-04,-5.632072928016e+00
"                2659",-9.670161040498e-02,6.908352209668e-01,-9.068837389682e+00,-9.488762983113e-02,6.917499701095e-01,-1.470079189321e+01,1.813980573845e-03,9.147491426241e-04,-5.631954503526e+00
"                2660",-9.235439914400e-02,7.230758594641e-01,-9.070564666623e+00,-9.050823435336e-02,7.240085959446e-01,-1.470236322414e+01,1.846164790639e-03,9.327364805045e-04,-5.631798557521e+00
"                2661",-8.874153491544e-02,7.485063534123e-01,-9.071544142999e+00,-8.684648796179e-02,7.494345715050e-01,-1.470319024391e+01,1.895046953650e-03,9.282180927467e-04,-5.631646100909e+00
"                2662",-8.734792719781e-02,7.625794132311e-01,-9.072373248582e+00,-8.540359690772e-02,7.634725283584e-01,-1.470390547132e+01,1.944330290095e-03,8.931151272839e-04,-5.631532222737e+00
"                2663",-8.818972594915e-02,7.647143830156e-01,-9.073838870682e+00,-8.620737158552e-02,7.655344006863e-01,-1.470531115375e+01,1.982354363625e-03,8.200176707448e-04,-5.631472283071e+00
"                2664",-8.950194827153e-02,7.569028040552e-01,-9.075520861072e+00,-8.750298099200e-02,7.576180577219e-01,-1.470698635186e+01,1.998967279534e-03,7.152536666145e-04,-5.631465490788e+00
"                2665",-9.166966605687e-02,7.396563300117e-01,-9.076588828005e+00,-8.967806343768e-02,7.402474505614e-01,-1.470810944926e+01,1.991602619194e-03,5.911205496543e-04,-5.631520621255e+00
"                2666",-9.101574088015e-02,7.094868916618e-01,-9.076370644079e+00,-8.905774145399e-02,7.099669994982e-01,-1.470798528014e+01,1.957999426166e-03,4.801078364157e-04,-5.631614636060e+00
"                2667",-9.137033488653e-02,6.678993592773e-01,-9.075085872039e+00,-8.945813312929e-02,6.682873216789e-01,-1.470682203392e+01,1.912201757243e-03,3.879624016252e-04,-5.631736161886e+00
"                2668",-9.490305300028e-02,6.222073120729e-01,-9.072623122081e+00,-9.302867899509e-02,6.225442309541e-01,-1.470450809055e+01,1.874374005193e-03,3.369188812645e-04,-5.631884968469e+00
"                2669",-9.989044242374e-02,5.782538053764e-01,-9.070436814706e+00,-9.804329003775e-02,5.785736079679e-01,-1.470245110103e+01,1.847152385989e-03,3.198025914892e-04,-5.632014286322e+00
"                2670",-1.009300412810e-01,5.421308395673e-01,-9.068587674297e+00,-9.909886884000e-02,5.424534654046e-01,-1.470067439832e+01,1.831172441000e-03,3.226258372797e-04,-5.632086724026e+00
"                2671",-9.867729641317e-02,5.150950146632e-01,-9.066496470661e+00,-9.685395655118e-02,5.154346093241e-01,-1.469858079775e+01,1.823339861990e-03,3.395946609051e-04,-5.632084327092e+00
"                2672",-9.431687063670e-02,4.950202728385e-01,-9.065331198525e+00,-9.249663946498e-02,4.953887826122e-01,-1.469733325183e+01,1.820231171726e-03,3.685097737158e-04,-5.632002053301e+00
"                2673",-9.114564811534e-02,4.817603412734e-01,-9.065953493497e+00,-8.931250176521e-02,4.821691535175e-01,-1.469781625256e+01,1.833146350131e-03,4.088122441063e-04,-5.631862759067e+00
"                2674",-8.889302219004e-02,4.759332215432e-01,-9.067326486043e+00,-8.702256965782e-02,4.763773905086e-01,-1.469902277639e+01,1.870452532213e-03,4.441689653780e-04,-5.631696290343e+00
"                2675",-8.865722103468e-02,4.750195903213e-01,-9.068265715269e+00,-8.673851996096e-02,4.754921449571e-01,-1.469981238177e+01,1.918701073723e-03,4.725546358159e-04,-5.631546666503e+00
"                2676",-8.977388079387e-02,4.776869543277e-01,-9.069434367885e+00,-8.781080176513e-02,4.781833080747e-01,-1.470088201198e+01,1.963079028739e-03,4.963537469520e-04,-5.631447644097e+00
"                2677",-9.123378577473e-02,4.780892723656e-01,-9.070132655085e+00,-8.923695893479e-02,4.786184168956e-01,-1.470154123682e+01,1.996826839946e-03,5.291445300455e-04,-5.631408581731e+00
"                2678",-9.264905929064e-02,4.760772283667e-01,-9.070897038659e+00,-9.064018917565e-02,4.766467848032e-01,-1.470232502334e+01,2.008870114987e-03,5.695564364830e-04,-5.631427984676e+00
"                2679",-9.303703504369e-02,4.754516815131e-01,-9.072231756940e+00,-9.104126300153e-02,4.760702869724e-01,-1.470373913601e+01,1.995772042159e-03,6.186054592864e-04,-5.631507379066e+00
"                2680",-9.191854253353e-02,4.832762958621e-01,-9.072620598476e+00,-8.996150083102e-02,4.839418378093e-01,-1.470423693890e+01,1.957041702518e-03,6.655419472055e-04,-5.631616340426e+00
"                2681",-9.398767986966e-02,5.022440580833e-01,-9.071612429580e+00,-9.207662750951e-02,5.029656388276e-01,-1.470336761447e+01,1.911052360145e-03,7.215807443720e-04,-5.631755184890e+00
"                2682",-9.929948026809e-02,5.310888094343e-01,-9.069878239917e+00,-9.742936088107e-02,5.318625072138e-01,-1.470179006447e+01,1.870119387020e-03,7.736977794984e-04,-5.631911824555e+00
"                2683",-1.053726057547e-01,5.691300758304e-01,-9.068069702744e+00,-1.035358525260e-01,5.699544498448e-01,-1.470011721429e+01,1.836753228723e-03,8.243740144138e-04,-5.632047511547e+00
"                2684",-1.067123538464e-01,6.115411534267e-01,-9.066168876335e+00,-1.048993985801e-01,6.124253265548e-01,-1.469829710319e+01,1.812955266330e-03,8.841731281421e-04,-5.632128226853e+00
"                2685",-1.040812627373e-01,6.553910337572e-01,-9.065851245957e+00,-1.022808960224e-01,6.563304655612e-01,-1.469797773977e+01,1.800366714938e-03,9.394318040423e-04,-5.632126493815e+00
"                2686",-9.969145760971e-02,6.967943698383e-01,-9.067139717227e+00,-9.789316836783e-02,6.977679254883e-01,-1.469918893004e+01,1.798289241878e-03,9.735556500220e-04,-5.632049212812e+00
"                2687",-9.593717408356e-02,7.320362597936e-01,-9.069233022166e+00,-9.412252489303e-02,7.330090926520e-01,-1.470114982345e+01,1.814649190529e-03,9.728328584695e-04,-5.631916801279e+00
"                2688",-9.274814497434e-02,7.561320826572e-01,-9.071408547172e+00,-9.089353661756e-02,7.570731988273e-01,-1.470316642669e+01,1.854608356778e-03,9.411161701525e-04,-5.631757879513e+00
"                2689",-9.041169095940e-02,7.652153734390e-01,-9.072706347358e+00,-8.850521805532e-02,7.661005014365e-01,-1.470432149377e+01,1.906472904081e-03,8.851279974635e-04,-5.631615146409e+00
"                2690",-9.003935476446e-02,7.604102431882e-01,-9.073505722318e+00,-8.808235180461e-02,7.612113248463e-01,-1.470502614117e+01,1.957002959844e-03,8.010816581051e-04,-5.631520418852e+00
"                2691",-8.927893323641e-02,7.466800834649e-01,-9.074157769890e+00,-8.728380881808e-02,7.473762493919e-01,-1.470563540330e+01,1.995124418335e-03,6.961659270194e-04,-5.631477633412e+00
"                2692",-8.835195232120e-02,7.255185574285e-01,-9.075405808104e+00,-8.634129806018e-02,7.261069390065e-01,-1.470689526836e+01,2.010654261023e-03,5.883815779951e-04,-5.631489460254e+00
"                2693",-8.730376314782e-02,6.982184727040e-01,-9.076330971818e+00,-8.530606747523e-02,6.987110659699e-01,-1.470789274523e+01,1.997695672589e-03,4.925932659492e-04,-5.631561773414e+00
"                2694",-8.718077547493e-02,6.666304877281e-01,-9.076322812184e+00,-8.522399625747e-02,6.670593968144e-01,-1.470798572367e+01,1.956779217463e-03,4.289090863290e-04,-5.631662911488e+00
"                2695",-9.036819530431e-02,6.342435798568e-01,-9.075346048222e+00,-8.845969444126e-02,6.346367135994e-01,-1.470713819070e+01,1.908500863046e-03,3.931337425408e-04,-5.631792142478e+00
"                2696",-9.622588555516e-02,6.053604296026e-01,-9.072539402466e+00,-9.435749907649e-02,6.057515182827e-01,-1.470448100084e+01,1.868386478666e-03,3.910886800324e-04,-5.631941598372e+00
"                2697",-1.010192592038e-01,5.794701393660e-01,-9.069317065234e+00,-9.918030821360e-02,5.798809154758e-01,-1.470137518437e+01,1.838950990181e-03,4.107761097998e-04,-5.632058119131e+00
"                2698",-1.008635745759e-01,5.572377547371e-01,-9.066774091506e+00,-9.904179056792e-02,5.576627854854e-01,-1.469888266569e+01,1.821784007943e-03,4.250307483515e-04,-5.632108574180e+00
"                2699",-9.804103151782e-02,5.375133591349e-01,-9.065511151584e+00,-9.622422550790e-02,5.379419630160e-01,-1.469758814845e+01,1.816806009924e-03,4.286038811267e-04,-5.632076996869e+00
"                2700",-9.438517908134e-02,5.196451550387e-01,-9.065416578628e+00,-9.256746050233e-02,5.200637402633e-01,-1.469739081944e+01,1.817718579013e-03,4.185852245354e-04,-5.631974240815e+00
"                2701",-9.187361330476e-02,5.013216627071e-01,-9.066915131627e+00,-9.003382855897e-02,5.017338284880e-01,-1.469873822593e+01,1.839784745783e-03,4.121657808916e-04,-5.631823094303e+00
"                2702",-9.006067332683e-02,4.826403636158e-01,-9.068404925200e+00,-8.817684043092e-02,4.830454292767e-01,-1.470005999583e+01,1.883832895911e-03,4.050656608890e-04,-5.631655070633e+00
"                2703",-8.900477219234e-02,4.662336082284e-01,-9.068534414156e+00,-8.706876192220e-02,4.666375760718e-01,-1.470005217956e+01,1.936010270144e-03,4.039678434092e-04,-5.631517765404e+00
"                2704",-8.920861082180e-02,4.542274311238e-01,-9.069006259583e+00,-8.722729433997e-02,4.546467988883e-01,-1.470044562583e+01,1.981316481825e-03,4.193677644994e-04,-5.631439366251e+00
"                2705",-8.828895982481e-02,4.463979827854e-01,-9.069653402378e+00,-8.627719585048e-02,4.468620367380e-01,-1.470106910637e+01,2.011763974325e-03,4.640539526147e-04,-5.631415703993e+00
"                2706",-8.843216049459e-02,4.442773217044e-01,-9.071110107333e+00,-8.641654171672e-02,4.448215060720e-01,-1.470256011374e+01,2.015618777873e-03,5.441843675479e-04,-5.631450006411e+00
"                2707",-8.865765688324e-02,4.530971227934e-01,-9.072796026578e+00,-8.666766690450e-02,4.537374879290e-01,-1.470433592243e+01,1.989989978745e-03,6.403651355715e-04,-5.631539895852e+00
"                2708",-9.188965418466e-02,4.784526678091e-01,-9.073536524341e+00,-8.995100376709e-02,4.791881112315e-01,-1.470519533308e+01,1.938650417560e-03,7.354434223541e-04,-5.631658808737e+00
"                2709",-9.787820810149e-02,5.167304520153e-01,-9.071669972814e+00,-9.599029492248e-02,5.175547948914e-01,-1.470348003460e+01,1.887913179010e-03,8.243428761156e-04,-5.631810061781e+00
"                2710",-1.033960858919e-01,5.622869906680e-01,-9.068783208819e+00,-1.015479136585e-01,5.631849883270e-01,-1.470074683251e+01,1.848172233459e-03,8.979976590632e-04,-5.631963623695e+00
"                2711",-1.073912127196e-01,6.104094029075e-01,-9.066701379935e+00,-1.055714440791e-01,6.113568797488e-01,-1.469878547909e+01,1.819768640534e-03,9.474768413529e-04,-5.632084099152e+00
"                2712",-1.069130418575e-01,6.560358572069e-01,-9.065712739360e+00,-1.051104447361e-01,6.570146426084e-01,-1.469785226845e+01,1.802597121332e-03,9.787854014941e-04,-5.632139529086e+00
"                2713",-1.039098392575e-01,6.945685561064e-01,-9.066396004975e+00,-1.021139565273e-01,6.955539598898e-01,-1.469850776578e+01,1.795882730240e-03,9.854037833948e-04,-5.632111760809e+00
"                2714",-9.986724736902e-02,7.224893457182e-01,-9.068387267859e+00,-9.806745023064e-02,7.234541154658e-01,-1.470040184880e+01,1.799797138382e-03,9.647697476273e-04,-5.632014580937e+00
"                2715",-9.584888878001e-02,7.394622941615e-01,-9.070489314742e+00,-9.402174086501e-02,7.403772477008e-01,-1.470235970062e+01,1.827147914999e-03,9.149535392308e-04,-5.631870385877e+00
"                2716",-9.178268476219e-02,7.448403894802e-01,-9.071765139319e+00,-8.990562292265e-02,7.456905352706e-01,-1.470347596241e+01,1.877061839541e-03,8.501457904196e-04,-5.631710823093e+00
"                2717",-8.831863028041e-02,7.393845575099e-01,-9.072649356054e+00,-8.638573612536e-02,7.401676025387e-01,-1.470422895475e+01,1.932894155053e-03,7.830450288180e-04,-5.631579598694e+00
"                2718",-8.696987066597e-02,7.247706395416e-01,-9.073490411406e+00,-8.499080699460e-02,7.254854476845e-01,-1.470499323178e+01,1.979063671371e-03,7.148081429287e-04,-5.631502820373e+00
"                2719",-8.633460609974e-02,7.077046922869e-01,-9.074220517718e+00,-8.432768643604e-02,7.083529782770e-01,-1.470569449331e+01,2.006919663695e-03,6.482859901047e-04,-5.631473975593e+00
"                2720",-8.793367419153e-02,6.947868801217e-01,-9.076107172563e+00,-8.592612349756e-02,6.953694894001e-01,-1.470761252507e+01,2.007550693974e-03,5.826092783439e-04,-5.631505352504e+00
"                2721",-8.867964216753e-02,6.835453431460e-01,-9.076877094140e+00,-8.670040612262e-02,6.840804980838e-01,-1.470846927306e+01,1.979236044917e-03,5.351549378024e-04,-5.631592178924e+00
"                2722",-9.073571363564e-02,6.678904392565e-01,-9.076144830760e+00,-8.880754005348e-02,6.683982964345e-01,-1.470785027163e+01,1.928173582159e-03,5.078571780384e-04,-5.631705440867e+00
"                2723",-9.451279146654e-02,6.481935788029e-01,-9.074143040673e+00,-9.262970449133e-02,6.486888242124e-01,-1.470599211965e+01,1.883086975215e-03,4.952454095623e-04,-5.631849078980e+00
"                2724",-9.871124605968e-02,6.261652872454e-01,-9.071211794301e+00,-9.686001751440e-02,6.266489229358e-01,-1.470320457844e+01,1.851228545282e-03,4.836356903880e-04,-5.631992784142e+00
"                2725",-1.011913288585e-01,6.018454166412e-01,-9.068118896883e+00,-9.935959404357e-02,6.023085896664e-01,-1.470021156241e+01,1.831734814964e-03,4.631730252408e-04,-5.632092665527e+00
"                2726",-1.006106074769e-01,5.736367378418e-01,-9.066408102598e+00,-9.878877995391e-02,5.740638330760e-01,-1.469852504326e+01,1.821827523027e-03,4.270952341835e-04,-5.632116940662e+00
"                2727",-9.763404524469e-02,5.411735634185e-01,-9.065919900944e+00,-9.581385753198e-02,5.415555685960e-01,-1.469798281185e+01,1.820187712712e-03,3.820051774784e-04,-5.632062910906e+00
"                2728",-9.470140247328e-02,5.063019962923e-01,-9.066148245402e+00,-9.287264199399e-02,5.066446203186e-01,-1.469808999619e+01,1.828760479290e-03,3.426240263072e-04,-5.631941750790e+00
"                2729",-9.083092454242e-02,4.727615324479e-01,-9.067366982930e+00,-8.896997628443e-02,4.730823349219e-01,-1.469914725208e+01,1.860948257982e-03,3.208024740502e-04,-5.631780269150e+00
"                2730",-8.729091566704e-02,4.457266638936e-01,-9.068098736437e+00,-8.538008693991e-02,4.460485021138e-01,-1.469971697625e+01,1.910828727126e-03,3.218382202446e-04,-5.631618239811e+00
"                2731",-8.543248049673e-02,4.299393230690e-01,-9.068143276031e+00,-8.347182177588e-02,4.302922281486e-01,-1.469963716451e+01,1.960658720859e-03,3.529050795680e-04,-5.631493888475e+00
"                2732",-8.691012274102e-02,4.260807203744e-01,-9.068948752063e+00,-8.491217098407e-02,4.265022495111e-01,-1.470037587795e+01,1.997951756942e-03,4.215291366549e-04,-5.631427125886e+00
"                2733",-8.973351366035e-02,4.330489857999e-01,-9.070543548135e+00,-8.771980927336e-02,4.335690183304e-01,-1.470196295795e+01,2.013704386990e-03,5.200325305177e-04,-5.631419409818e+00
"                2734",-9.335276305185e-02,4.494938774887e-01,-9.072164337312e+00,-9.134940832339e-02,4.501366841847e-01,-1.470363987312e+01,2.003354728468e-03,6.428066959349e-04,-5.631475535806e+00
"                2735",-9.268141273733e-02,4.773649165116e-01,-9.072615651652e+00,-9.071462161072e-02,4.781228978351e-01,-1.470419271365e+01,1.966791126614e-03,7.579813234557e-04,-5.631577062001e+00
"                2736",-9.388414576253e-02,5.171257949483e-01,-9.072081913619e+00,-9.196725764991e-02,5.179784876416e-01,-1.470378762093e+01,1.916888112623e-03,8.526926932984e-04,-5.631705707307e+00
"                2737",-9.869001775402e-02,5.617339772970e-01,-9.070086362362e+00,-9.681650681892e-02,5.626430913745e-01,-1.470194820081e+01,1.873510935100e-03,9.091140774982e-04,-5.631861838447e+00
"                2738",-1.047935274540e-01,6.054578370458e-01,-9.067793290792e+00,-1.029526380740e-01,6.063896028293e-01,-1.469980109991e+01,1.840889379930e-03,9.317657835288e-04,-5.632007809117e+00
"                2739",-1.073692740129e-01,6.428644262452e-01,-9.066872284530e+00,-1.055507585589e-01,6.437945572927e-01,-1.469897969666e+01,1.818515453986e-03,9.301310475502e-04,-5.632107412135e+00
"                2740",-1.063130877644e-01,6.715629392067e-01,-9.066601328287e+00,-1.045068400746e-01,6.724786211759e-01,-1.469873835132e+01,1.806247689792e-03,9.156819691883e-04,-5.632137023033e+00
"                2741",-1.020047282040e-01,6.926258637673e-01,-9.067105230258e+00,-1.002025729355e-01,6.935143649049e-01,-1.469919100127e+01,1.802155268476e-03,8.885011375762e-04,-5.632085771015e+00
"                2742",-9.748728238173e-02,7.066676952538e-01,-9.068905346490e+00,-9.567527730765e-02,7.075193308341e-01,-1.470087446191e+01,1.812005074081e-03,8.516355802585e-04,-5.631969115419e+00
"                2743",-9.217156853876e-02,7.130646827892e-01,-9.070689379340e+00,-9.032651814038e-02,7.138809214713e-01,-1.470250344782e+01,1.845050398380e-03,8.162386820744e-04,-5.631814068482e+00
"                2744",-8.898242891360e-02,7.148039394835e-01,-9.071588185330e+00,-8.708844205660e-02,7.155914396097e-01,-1.470324706035e+01,1.893986856998e-03,7.875001262259e-04,-5.631658875022e+00
"                2745",-8.796662731919e-02,7.140132995817e-01,-9.072813790164e+00,-8.602359799883e-02,7.147783085331e-01,-1.470435413135e+01,1.943029320363e-03,7.650089514156e-04,-5.631540341184e+00
"                2746",-8.880852165760e-02,7.139932902308e-01,-9.074305426960e+00,-8.682665786739e-02,7.147294528539e-01,-1.470578272085e+01,1.981863790211e-03,7.361626231146e-04,-5.631477293890e+00
"                2747",-8.930544034047e-02,7.165884277382e-01,-9.075304829224e+00,-8.730525144866e-02,7.172888453902e-01,-1.470677227641e+01,2.000188891803e-03,7.004176520015e-04,-5.631467447191e+00
"                2748",-9.012666098457e-02,7.184334169866e-01,-9.076542974427e+00,-8.813183360237e-02,7.190867379143e-01,-1.470806160499e+01,1.994827382199e-03,6.533209277581e-04,-5.631518630559e+00
"                2749",-8.876885297050e-02,7.129203339658e-01,-9.076446582845e+00,-8.680645484276e-02,7.135260880765e-01,-1.470805745566e+01,1.962398127745e-03,6.057541107745e-04,-5.631610872813e+00
"                2750",-8.979208190325e-02,6.957517453514e-01,-9.075074096692e+00,-8.787714673833e-02,6.962989450116e-01,-1.470680252895e+01,1.914935164926e-03,5.471996601942e-04,-5.631728432261e+00
"                2751",-9.508419441789e-02,6.682956763879e-01,-9.073294616746e+00,-9.320951727498e-02,6.687876458461e-01,-1.470516589702e+01,1.874677142911e-03,4.919694581682e-04,-5.631871280277e+00
"                2752",-1.007939839912e-01,6.312876934632e-01,-9.071405195732e+00,-9.894748801445e-02,6.317245647794e-01,-1.470340690527e+01,1.846495976743e-03,4.368713162000e-04,-5.632001709537e+00
"                2753",-1.027928224339e-01,5.891550832461e-01,-9.068651561867e+00,-1.009622824142e-01,5.895324819619e-01,-1.470073198383e+01,1.830540019684e-03,3.773987158877e-04,-5.632080421965e+00
"                2754",-1.000205039402e-01,5.447096507634e-01,-9.066477924560e+00,-9.819589916189e-02,5.450286038959e-01,-1.469855739819e+01,1.824604778350e-03,3.189531324985e-04,-5.632079473634e+00
"                2755",-9.488492801569e-02,5.016585846421e-01,-9.065632617832e+00,-9.306175254202e-02,5.019363539624e-01,-1.469763345099e+01,1.823175473663e-03,2.777693203649e-04,-5.632000833162e+00
"                2756",-9.129094326599e-02,4.644473949412e-01,-9.066040222839e+00,-8.945509866131e-02,4.647178245819e-01,-1.469790361854e+01,1.835844604679e-03,2.704296406828e-04,-5.631863395703e+00
"                2757",-8.861155692341e-02,4.382105854457e-01,-9.067342771724e+00,-8.674078744691e-02,4.385083621077e-01,-1.469903803381e+01,1.870769476503e-03,2.977766619498e-04,-5.631695262086e+00
"                2758",-8.790755100947e-02,4.264999574251e-01,-9.068666527721e+00,-8.598958795910e-02,4.268534566825e-01,-1.470020953006e+01,1.917963050362e-03,3.534992573739e-04,-5.631543002343e+00
"                2759",-8.954175676109e-02,4.290632357811e-01,-9.069354237464e+00,-8.757886932646e-02,4.294983819917e-01,-1.470079686977e+01,1.962887434630e-03,4.351462105934e-04,-5.631442632310e+00
"                2760",-9.115372613945e-02,4.414012569564e-01,-9.069850318187e+00,-8.915613914920e-02,4.419405686742e-01,-1.470125216766e+01,1.997586990254e-03,5.393117177617e-04,-5.631401849476e+00
"                2761",-9.019056286704e-02,4.615149721286e-01,-9.070796765232e+00,-8.817818605750e-02,4.621645580149e-01,-1.470221434776e+01,2.012376809538e-03,6.495858862771e-04,-5.631417582531e+00
"                2762",-9.046566294418e-02,4.878541081670e-01,-9.072138619607e+00,-8.846514460967e-02,4.886030635365e-01,-1.470363206932e+01,2.000518334514e-03,7.489553694789e-04,-5.631493449714e+00
"                2763",-9.143407553768e-02,5.192736257067e-01,-9.072726979589e+00,-8.947232354643e-02,5.200897477748e-01,-1.470432656848e+01,1.961751991245e-03,8.161220680508e-04,-5.631599588893e+00
"                2764",-9.543014677581e-02,5.524269442243e-01,-9.072496175331e+00,-9.351714892639e-02,5.532837455583e-01,-1.470423254263e+01,1.912997849422e-03,8.568013340661e-04,-5.631736367296e+00
"                2765",-1.016640721506e-01,5.818522147699e-01,-9.070575371639e+00,-9.979343705616e-02,5.827148235969e-01,-1.470247147703e+01,1.870635094479e-03,8.626088269372e-04,-5.631896105386e+00
"                2766",-1.068580718840e-01,6.082227284361e-01,-9.067852474322e+00,-1.050212189661e-01,6.090671224928e-01,-1.469988966918e+01,1.836852917873e-03,8.443940566616e-04,-5.632037194859e+00
"                2767",-1.065578773322e-01,6.303621589819e-01,-9.066070605758e+00,-1.047433855114e-01,6.311901190787e-01,-1.469819198941e+01,1.814491820759e-03,8.279600967539e-04,-5.632121383648e+00
"                2768",-1.034553614123e-01,6.495855125754e-01,-9.065952908648e+00,-1.016516282753e-01,6.504088525558e-01,-1.469807755681e+01,1.803733136984e-03,8.233399804359e-04,-5.632124648160e+00
"                2769",-9.965854992839e-02,6.676930954204e-01,-9.067050717119e+00,-9.785662443825e-02,6.685243189670e-01,-1.469909999992e+01,1.801925490142e-03,8.312235465426e-04,-5.632049282806e+00
"                2770",-9.590905266148e-02,6.859567418763e-01,-9.069320552124e+00,-9.409261502394e-02,6.867953240717e-01,-1.470124005952e+01,1.816437637545e-03,8.385821954044e-04,-5.631919507399e+00
"                2771",-9.209517964189e-02,7.049390310460e-01,-9.071596355114e+00,-9.024074503804e-02,7.057855241211e-01,-1.470335615692e+01,1.854434603848e-03,8.464930751004e-04,-5.631759801809e+00
"                2772",-8.983939548170e-02,7.226438710958e-01,-9.072650609271e+00,-8.793417837229e-02,7.234964735922e-01,-1.470426721803e+01,1.905217109411e-03,8.526024964493e-04,-5.631616608762e+00
"                2773",-8.910962256925e-02,7.359941405392e-01,-9.073622029244e+00,-8.715535155289e-02,7.368411004850e-01,-1.470514163755e+01,1.954271016365e-03,8.469599457464e-04,-5.631519608301e+00
"                2774",-8.787682105401e-02,7.448683654034e-01,-9.074334200352e+00,-8.588415631484e-02,7.456801016560e-01,-1.470580920382e+01,1.992664739166e-03,8.117362526715e-04,-5.631475003472e+00
"                2775",-8.749876708745e-02,7.487471017045e-01,-9.075385548247e+00,-8.549071407440e-02,7.494877425346e-01,-1.470686921797e+01,2.008053013049e-03,7.406408301521e-04,-5.631483669725e+00
"                2776",-8.785553208861e-02,7.426900655838e-01,-9.076577736016e+00,-8.586087446465e-02,7.433336462006e-01,-1.470813165864e+01,1.994657623958e-03,6.435806168780e-04,-5.631553922625e+00
"                2777",-8.898169288824e-02,7.198974441417e-01,-9.077362373463e+00,-8.702872906220e-02,7.204448504098e-01,-1.470901451708e+01,1.952963826043e-03,5.474062681014e-04,-5.631652143614e+00
"                2778",-9.245026080481e-02,6.826005830663e-01,-9.075778380940e+00,-9.054525744061e-02,6.830515180240e-01,-1.470756456842e+01,1.905003364203e-03,4.509349576970e-04,-5.631786187477e+00
"                2779",-9.739433437113e-02,6.377089953570e-01,-9.072589207248e+00,-9.552772562028e-02,6.380821320416e-01,-1.470452537837e+01,1.866608750852e-03,3.731366846180e-04,-5.631936171126e+00
"                2780",-1.008149357876e-01,5.895491327563e-01,-9.069468883108e+00,-9.897454236668e-02,5.898681167748e-01,-1.470152538552e+01,1.840393420962e-03,3.189840184189e-04,-5.632056502415e+00
"                2781",-1.003657019644e-01,5.431468317071e-01,-9.066697100955e+00,-9.853966557280e-02,5.434309504494e-01,-1.469880930438e+01,1.826036391648e-03,2.841187423237e-04,-5.632112203426e+00
"                2782",-9.769690466942e-02,5.027127122704e-01,-9.065313774223e+00,-9.587639785121e-02,5.029844127528e-01,-1.469739837836e+01,1.820506818209e-03,2.717004824532e-04,-5.632084604138e+00
"                2783",-9.433289817392e-02,4.713065525195e-01,-9.066271014463e+00,-9.251338325229e-02,4.715928479701e-01,-1.469824994027e+01,1.819514921629e-03,2.862954505215e-04,-5.631978925811e+00
"                2784",-9.218527810646e-02,4.516259231452e-01,-9.067722109338e+00,-9.034528367045e-02,4.519600871917e-01,-1.469955166905e+01,1.839994436005e-03,3.341640465732e-04,-5.631829559713e+00
"                2785",-8.951571888457e-02,4.435406641853e-01,-9.068350069645e+00,-8.763196019013e-02,4.439417749151e-01,-1.470001259008e+01,1.883758694436e-03,4.011107297962e-04,-5.631662520436e+00
"                2786",-8.711529703137e-02,4.478142907982e-01,-9.068361995965e+00,-8.517880101974e-02,4.482836767863e-01,-1.469988555308e+01,1.936496011632e-03,4.693859880401e-04,-5.631523557110e+00
"                2787",-8.718313357977e-02,4.628270129608e-01,-9.068557453754e+00,-8.520043367197e-02,4.633663929355e-01,-1.469999995034e+01,1.982699907803e-03,5.393799747716e-04,-5.631442496588e+00
"                2788",-8.869709662977e-02,4.807987949371e-01,-9.069387767300e+00,-8.668451176539e-02,4.814051662976e-01,-1.470080278026e+01,2.012584864382e-03,6.063713605039e-04,-5.631415012961e+00
"                2789",-9.067189452310e-02,4.949962875427e-01,-9.071675760113e+00,-8.865565431307e-02,4.956715601740e-01,-1.470312217202e+01,2.016240210030e-03,6.752726313020e-04,-5.631446411908e+00
"                2790",-9.116531460725e-02,5.066743509412e-01,-9.073477669569e+00,-8.917393838480e-02,5.074008047136e-01,-1.470501621720e+01,1.991376222456e-03,7.264537724772e-04,-5.631538547635e+00
"                2791",-9.333684178281e-02,5.218178419495e-01,-9.073479358760e+00,-9.139404000204e-02,5.225715742324e-01,-1.470513985720e+01,1.942801780771e-03,7.537322829409e-04,-5.631660498444e+00
"                2792",-9.748863291327e-02,5.404883401436e-01,-9.071599184295e+00,-9.559295463958e-02,5.412547736087e-01,-1.470341236179e+01,1.895678273693e-03,7.664334651351e-04,-5.631813177497e+00
"                2793",-1.021254494199e-01,5.615639462497e-01,-9.068680124945e+00,-1.002669601093e-01,5.623390512736e-01,-1.470064954485e+01,1.858489310600e-03,7.751050239397e-04,-5.631969419909e+00
"                2794",-1.061250272469e-01,5.854339518388e-01,-9.066459750626e+00,-1.042947900346e-01,5.862229194026e-01,-1.469855221226e+01,1.830237212342e-03,7.889675637525e-04,-5.632092461633e+00
"                2795",-1.060494859351e-01,6.124999314898e-01,-9.065944236421e+00,-1.042387814223e-01,6.133208972500e-01,-1.469809254246e+01,1.810704512779e-03,8.209657602655e-04,-5.632148306038e+00
"                2796",-1.025513153829e-01,6.435908949120e-01,-9.066836093364e+00,-1.007491860676e-01,6.444531540712e-01,-1.469896054743e+01,1.802129315263e-03,8.622591592139e-04,-5.632124454064e+00
"                2797",-9.869004396384e-02,6.777543268882e-01,-9.068331541347e+00,-9.688502743467e-02,6.786571664449e-01,-1.470036026675e+01,1.805016529169e-03,9.028395566989e-04,-5.632028725406e+00
"                2798",-9.498987382688e-02,7.114823411883e-01,-9.070405747100e+00,-9.315958158573e-02,7.124093704005e-01,-1.470229205395e+01,1.830292241144e-03,9.270292121527e-04,-5.631886306848e+00
"                2799",-9.096398967657e-02,7.399267376901e-01,-9.071896906259e+00,-8.908575649800e-02,7.408553294245e-01,-1.470362500805e+01,1.878233178564e-03,9.285917344581e-04,-5.631728101795e+00
"                2800",-8.759501445340e-02,7.590139151027e-01,-9.072298583793e+00,-8.566264365940e-02,7.599211378153e-01,-1.470389321374e+01,1.932370794002e-03,9.072227125116e-04,-5.631594629946e+00
"                2801",-8.748940651054e-02,7.663038492192e-01,-9.073236206302e+00,-8.551306641952e-02,7.671525362831e-01,-1.470474962468e+01,1.976340091024e-03,8.486870639614e-04,-5.631513418375e+00
"                2802",-8.779275473489e-02,7.617036594391e-01,-9.074749212190e+00,-8.578883778597e-02,7.624605129399e-01,-1.470623114035e+01,2.003916948920e-03,7.568535008567e-04,-5.631481928165e+00
"                2803",-8.994817938145e-02,7.473837903794e-01,-9.076590473100e+00,-8.794127256457e-02,7.480198128808e-01,-1.470810154035e+01,2.006906816885e-03,6.360225013890e-04,-5.631511067245e+00
"                2804",-8.964201285619e-02,7.219964540984e-01,-9.076914785804e+00,-8.765994208015e-02,7.225126827082e-01,-1.470851012623e+01,1.982070776039e-03,5.162286097803e-04,-5.631595340426e+00
"                2805",-8.990212874511e-02,6.847264885386e-01,-9.076183408940e+00,-8.796761923799e-02,6.851420222432e-01,-1.470788831352e+01,1.934509507121e-03,4.155337045440e-04,-5.631704904584e+00
"                2806",-9.282724698608e-02,6.406156553759e-01,-9.073867176223e+00,-9.093580277623e-02,6.409648155836e-01,-1.470571286870e+01,1.891444209850e-03,3.491602076413e-04,-5.631845692475e+00
"                2807",-9.785210536143e-02,5.961710864332e-01,-9.070907508227e+00,-9.599322396617e-02,5.964897223630e-01,-1.470289285300e+01,1.858881395252e-03,3.186359298307e-04,-5.631985344771e+00
"                2808",-1.011946246059e-01,5.564374504316e-01,-9.069011092374e+00,-9.935777144454e-02,5.567536152278e-01,-1.470109001104e+01,1.836853161395e-03,3.161647961753e-04,-5.632078918662e+00
"                2809",-1.001156653711e-01,5.258064770701e-01,-9.067116294084e+00,-9.829018669022e-02,5.261343613582e-01,-1.469922457200e+01,1.825478680917e-03,3.278842881008e-04,-5.632108277917e+00
"                2810",-9.649616486448e-02,5.027160632295e-01,-9.065914840667e+00,-9.467484910943e-02,5.030704449311e-01,-1.469796683186e+01,1.821315755048e-03,3.543817016626e-04,-5.632051991190e+00
"                2811",-9.295586890377e-02,4.870709000356e-01,-9.066094429372e+00,-9.112761163695e-02,4.874628270425e-01,-1.469802411240e+01,1.828257266826e-03,3.919270069190e-04,-5.631929683029e+00
"                2812",-8.975837827566e-02,4.790013183775e-01,-9.067045534352e+00,-8.789886995310e-02,4.794319881520e-01,-1.469881368983e+01,1.859508322558e-03,4.306697745032e-04,-5.631768155474e+00
"                2813",-8.821050513686e-02,4.768658895383e-01,-9.067665915276e+00,-8.630252710001e-02,4.773300063808e-01,-1.469926974326e+01,1.907978036846e-03,4.641168424912e-04,-5.631603827984e+00
"                2814",-8.778796316213e-02,4.784983264909e-01,-9.068422602671e+00,-8.583145265899e-02,4.789889427827e-01,-1.469990060213e+01,1.956510503136e-03,4.906162917732e-04,-5.631477999462e+00
"                2815",-8.895537313185e-02,4.796299871455e-01,-9.069559813767e+00,-8.696098587442e-02,4.801514340461e-01,-1.470097352506e+01,1.994387257430e-03,5.214469005907e-04,-5.631413711289e+00
"                2816",-9.064302871192e-02,4.776273183055e-01,-9.070461072776e+00,-8.862952915473e-02,4.781849452921e-01,-1.470187216390e+01,2.013499557195e-03,5.576269866934e-04,-5.631411091123e+00
"                2817",-9.263589977778e-02,4.753562389452e-01,-9.071912303626e+00,-9.062840979872e-02,4.759597191995e-01,-1.470338049860e+01,2.007489979055e-03,6.034802543764e-04,-5.631468194978e+00
"                2818",-9.151085469222e-02,4.790403598108e-01,-9.072517297972e+00,-8.953627009699e-02,4.796906214261e-01,-1.470408714071e+01,1.974584595224e-03,6.502616152651e-04,-5.631569842734e+00
"                2819",-9.299296546399e-02,4.939926600862e-01,-9.072036771426e+00,-9.106783068666e-02,4.946978765213e-01,-1.470373313538e+01,1.925134777330e-03,7.052164351254e-04,-5.631696363952e+00
"                2820",-9.815377083405e-02,5.188925413597e-01,-9.070446600557e+00,-9.627437715016e-02,5.196501407213e-01,-1.470229576908e+01,1.879393683885e-03,7.575993615434e-04,-5.631849168523e+00
"                2821",-1.042162837368e-01,5.537723418644e-01,-9.068719932895e+00,-1.023716576933e-01,5.545832422618e-01,-1.470071429493e+01,1.844626043497e-03,8.109003974041e-04,-5.631994362040e+00
"                2822",-1.068385942070e-01,5.945194572585e-01,-9.066879208570e+00,-1.050184071762e-01,5.953873258471e-01,-1.469897844375e+01,1.820187030829e-03,8.678685886892e-04,-5.632099235178e+00
"                2823",-1.054452293836e-01,6.380903600546e-01,-9.065835602495e+00,-1.036391064889e-01,6.390174856557e-01,-1.469796691833e+01,1.806122894699e-03,9.271256011230e-04,-5.632131315831e+00
"                2824",-1.016771176073e-01,6.811962950654e-01,-9.066487877467e+00,-9.987499425810e-02,6.821679947909e-01,-1.469857004944e+01,1.802123349198e-03,9.716997255690e-04,-5.632082171976e+00
"                2825",-9.776868238123e-02,7.201951767448e-01,-9.068141162894e+00,-9.595698286567e-02,7.211808780444e-01,-1.470010790524e+01,1.811699515559e-03,9.857012996053e-04,-5.631966742341e+00
"                2826",-9.370960615615e-02,7.493898114621e-01,-9.070244431115e+00,-9.186597543331e-02,7.503551231095e-01,-1.470205774457e+01,1.843630722848e-03,9.653116473788e-04,-5.631813313453e+00
"                2827",-9.046704096377e-02,7.640525056109e-01,-9.072089021112e+00,-8.857389279108e-02,7.649688355252e-01,-1.470375002598e+01,1.893148172689e-03,9.163299143256e-04,-5.631661004872e+00
"                2828",-8.948480247028e-02,7.639235688364e-01,-9.073308103411e+00,-8.754070087759e-02,7.647671200680e-01,-1.470485458104e+01,1.944101592686e-03,8.435512315847e-04,-5.631546477630e+00
"                2829",-8.972738982408e-02,7.531365511956e-01,-9.074109216586e+00,-8.774281314641e-02,7.538806630991e-01,-1.470559627689e+01,1.984576677670e-03,7.441119035110e-04,-5.631487060309e+00
"                2830",-8.875984344164e-02,7.343091252147e-01,-9.074940811850e+00,-8.675322045982e-02,7.349465960019e-01,-1.470641868586e+01,2.006622981821e-03,6.374707872560e-04,-5.631477874009e+00
"                2831",-8.892197838958e-02,7.096410110536e-01,-9.075890730415e+00,-8.691786221725e-02,7.101749769328e-01,-1.470741880256e+01,2.004116172327e-03,5.339658791837e-04,-5.631528072148e+00
"                2832",-8.767485965049e-02,6.801334681907e-01,-9.075820479747e+00,-8.570250301706e-02,6.805928793134e-01,-1.470744094415e+01,1.972356633431e-03,4.594111227528e-04,-5.631620464405e+00
"                2833",-8.922183378320e-02,6.475654943214e-01,-9.075545777279e+00,-8.729896288729e-02,6.479762152126e-01,-1.470728210083e+01,1.922870895911e-03,4.107208911788e-04,-5.631736323554e+00
"                2834",-9.443722180950e-02,6.173707409140e-01,-9.073689419540e+00,-9.255729855240e-02,6.177706244875e-01,-1.470557628699e+01,1.879923257101e-03,3.998835734920e-04,-5.631886867446e+00
"                2835",-1.000139744304e-01,5.899523889311e-01,-9.070736624928e+00,-9.816470358575e-02,5.903659727034e-01,-1.470276028759e+01,1.849270844642e-03,4.135837722930e-04,-5.632023662666e+00
"                2836",-1.013598644999e-01,5.663355827189e-01,-9.067937168129e+00,-9.952781691351e-02,5.667673897657e-01,-1.470004028794e+01,1.832047586355e-03,4.318070467982e-04,-5.632103119813e+00
"                2837",-9.912315324814e-02,5.456203743901e-01,-9.065914458494e+00,-9.729713476049e-02,5.460591423283e-01,-1.469801981012e+01,1.826018487655e-03,4.387679382192e-04,-5.632105351626e+00
"                2838",-9.483120178754e-02,5.272895669095e-01,-9.065041679516e+00,-9.300700861391e-02,5.277194596067e-01,-1.469706991523e+01,1.824193173636e-03,4.298926971718e-04,-5.632028235712e+00
"                2839",-9.205743549961e-02,5.092753967238e-01,-9.065854448093e+00,-9.022132888874e-02,5.096966310937e-01,-1.469774596724e+01,1.836106610868e-03,4.212343699106e-04,-5.631891519147e+00
"                2840",-8.995222811163e-02,4.897635073450e-01,-9.067757638574e+00,-8.808124181952e-02,4.901779421079e-01,-1.469948084422e+01,1.870986292111e-03,4.144347628611e-04,-5.631723205641e+00
"                2841",-8.939761306198e-02,4.712245460585e-01,-9.068665599205e+00,-8.747763939541e-02,4.716348051558e-01,-1.470023569544e+01,1.919973666562e-03,4.102590972412e-04,-5.631570096234e+00
"                2842",-8.897067397291e-02,4.579835380942e-01,-9.068974091030e+00,-8.700282678972e-02,4.583973302258e-01,-1.470044051962e+01,1.967847183192e-03,4.137921315867e-04,-5.631466428595e+00
"                2843",-8.842926084023e-02,4.488728162522e-01,-9.069364216560e+00,-8.642376134820e-02,4.493204705418e-01,-1.470078373248e+01,2.005499492029e-03,4.476542895393e-04,-5.631419515922e+00
"                2844",-8.805783726700e-02,4.440312748234e-01,-9.070146678276e+00,-8.603770210782e-02,4.445464197604e-01,-1.470157496527e+01,2.020135159177e-03,5.151449370324e-04,-5.631428286998e+00
"                2845",-8.947322214271e-02,4.475199737806e-01,-9.071954384512e+00,-8.746754344504e-02,4.481274421188e-01,-1.470345136719e+01,2.005678697676e-03,6.074683382713e-04,-5.631496982676e+00
"                2846",-9.071208608248e-02,4.665695975823e-01,-9.073534092910e+00,-8.874883361780e-02,4.672707324854e-01,-1.470513479393e+01,1.963252464672e-03,7.011349030413e-04,-5.631600701020e+00
"                2847",-9.485873274343e-02,5.014190202535e-01,-9.072774193277e+00,-9.294749841587e-02,5.022143543150e-01,-1.470451191001e+01,1.911234327564e-03,7.953340614503e-04,-5.631737716729e+00
"                2848",-1.006289507846e-01,5.450082698772e-01,-9.069919621959e+00,-9.876174873065e-02,5.458824699808e-01,-1.470181509486e+01,1.867202053975e-03,8.742001035636e-04,-5.631895472903e+00
"                2849",-1.057116388003e-01,5.929898566942e-01,-9.067187252963e+00,-1.038769037181e-01,5.939211404580e-01,-1.469921940574e+01,1.834735082271e-03,9.312837637675e-04,-5.632032152781e+00
"                2850",-1.063285543123e-01,6.400219407500e-01,-9.065524803727e+00,-1.045149331080e-01,6.409915067029e-01,-1.469763915758e+01,1.813621204327e-03,9.695659528631e-04,-5.632114353851e+00
"                2851",-1.043961109931e-01,6.815691354171e-01,-9.065568670178e+00,-1.025934069145e-01,6.825558944324e-01,-1.469768466140e+01,1.802704078608e-03,9.867590152545e-04,-5.632115991218e+00
"                2852",-1.008647200984e-01,7.143426790217e-01,-9.067801515273e+00,-9.906442507183e-02,7.153209726816e-01,-1.469983944143e+01,1.800295026541e-03,9.782936598693e-04,-5.632037926154e+00
"                2853",-9.740311034949e-02,7.352076726537e-01,-9.070276141204e+00,-9.558690312362e-02,7.361482080827e-01,-1.470218490908e+01,1.816207225866e-03,9.405354289776e-04,-5.631908767878e+00
"                2854",-9.306811701097e-02,7.447055139875e-01,-9.071750807973e+00,-9.121146759348e-02,7.455852976973e-01,-1.470350077117e+01,1.856649417489e-03,8.797837097834e-04,-5.631749963201e+00
"                2855",-8.898853657433e-02,7.428931486946e-01,-9.072267802932e+00,-8.707857673447e-02,7.437047415294e-01,-1.470387281185e+01,1.909959839866e-03,8.115928347462e-04,-5.631605008915e+00
"                2856",-8.688596771592e-02,7.298499626842e-01,-9.072734560224e+00,-8.492340407835e-02,7.305943860585e-01,-1.470424045884e+01,1.962563637564e-03,7.444233742622e-04,-5.631505898617e+00
"                2857",-8.628323556050e-02,7.139039763616e-01,-9.073526346832e+00,-8.428413759979e-02,7.145804326564e-01,-1.470498614172e+01,1.999097960714e-03,6.764562948197e-04,-5.631459794892e+00
"                2858",-8.730922711896e-02,7.000750751236e-01,-9.075530869443e+00,-8.529790428034e-02,7.006862096547e-01,-1.470699872659e+01,2.011322838621e-03,6.111345311366e-04,-5.631467857149e+00
"                2859",-8.854537871869e-02,6.888996907522e-01,-9.077335548388e+00,-8.655032423438e-02,6.894542068976e-01,-1.470887520118e+01,1.995054484310e-03,5.545161454032e-04,-5.631539652797e+00
"                2860",-8.950938390652e-02,6.751031178824e-01,-9.077051181180e+00,-8.755675535600e-02,6.756260064006e-01,-1.470869516493e+01,1.952628550512e-03,5.228885181308e-04,-5.631643983752e+00
"                2861",-9.176974979226e-02,6.562168636377e-01,-9.075038311969e+00,-8.986486980735e-02,6.567191022047e-01,-1.470681582430e+01,1.904879984910e-03,5.022385669516e-04,-5.631777512327e+00
"                2862",-9.612308210694e-02,6.349293373170e-01,-9.071963045115e+00,-9.425514575240e-02,6.354209163257e-01,-1.470389313197e+01,1.867936354544e-03,4.915790086755e-04,-5.631930086851e+00
"                2863",-1.006189173301e-01,6.114836297685e-01,-9.069012838830e+00,-9.877627060912e-02,6.119606996799e-01,-1.470106720140e+01,1.842646720961e-03,4.770699113525e-04,-5.632054362574e+00
"                2864",-1.019290540880e-01,5.849774410702e-01,-9.067113999220e+00,-1.001015620586e-01,5.854242498405e-01,-1.469922538368e+01,1.827492029371e-03,4.468087703076e-04,-5.632111384460e+00
"                2865",-9.987037953070e-02,5.534046423018e-01,-9.066711860961e+00,-9.804829819222e-02,5.538091535356e-01,-1.469879757627e+01,1.822081338475e-03,4.045112338165e-04,-5.632085715305e+00
"                2866",-9.603641187624e-02,5.184332388609e-01,-9.066544827922e+00,-9.421264282223e-02,5.187925652666e-01,-1.469853620144e+01,1.823769054016e-03,3.593264056623e-04,-5.631991373522e+00
"                2867",-9.220481024391e-02,4.841907107287e-01,-9.066821574493e+00,-9.035936446491e-02,4.845206010286e-01,-1.469866688335e+01,1.845445778999e-03,3.298902999555e-04,-5.631845308855e+00
"                2868",-8.846956733038e-02,4.547222174453e-01,-9.067417957209e+00,-8.657960388885e-02,4.550445199686e-01,-1.469909853232e+01,1.889963441528e-03,3.223025232593e-04,-5.631680575107e+00
"                2869",-8.583053815917e-02,4.342769310129e-01,-9.067649490648e+00,-8.388861128342e-02,4.346170698261e-01,-1.469919011239e+01,1.941926875752e-03,3.401388131306e-04,-5.631540621746e+00
"                2870",-8.688742949980e-02,4.255628003268e-01,-9.068547326635e+00,-8.490256115730e-02,4.259564824385e-01,-1.470000444607e+01,1.984868342498e-03,3.936821116751e-04,-5.631457119431e+00
"                2871",-8.909714138977e-02,4.284586190490e-01,-9.070380017229e+00,-8.708521769378e-02,4.289385422736e-01,-1.470180912509e+01,2.011923695989e-03,4.799232245967e-04,-5.631429107856e+00
"                2872",-9.176394337351e-02,4.414861166052e-01,-9.072135315336e+00,-8.975020551472e-02,4.420818662752e-01,-1.470359847962e+01,2.013737858792e-03,5.957496699962e-04,-5.631463164286e+00
"                2873",-9.159249274299e-02,4.647030432589e-01,-9.072719546347e+00,-8.960317936794e-02,4.654219391069e-01,-1.470427586723e+01,1.989313375047e-03,7.188958479903e-04,-5.631556320884e+00
"                2874",-9.196084670174e-02,5.007141617323e-01,-9.072502888813e+00,-9.001844079554e-02,5.015348293600e-01,-1.470417881978e+01,1.942405906194e-03,8.206676276478e-04,-5.631675930965e+00
"                2875",-9.568691028747e-02,5.452036993042e-01,-9.070788426240e+00,-9.379001068399e-02,5.460954878628e-01,-1.470261333174e+01,1.896899603481e-03,8.917885585724e-04,-5.631824905495e+00
"                2876",-1.023676049687e-01,5.900338071603e-01,-9.068470683362e+00,-1.005067568138e-01,5.909599420729e-01,-1.470044973295e+01,1.860848154815e-03,9.261349126627e-04,-5.631979049591e+00
"                2877",-1.073770597307e-01,6.301982327678e-01,-9.067269177084e+00,-1.055452988816e-01,6.311283808036e-01,-1.469937081341e+01,1.831760849068e-03,9.301480358121e-04,-5.632101636329e+00
"                2878",-1.070922164749e-01,6.613301762775e-01,-9.066578452473e+00,-1.052795884287e-01,6.622500121410e-01,-1.469874110413e+01,1.812628046223e-03,9.198358635393e-04,-5.632162651655e+00
"                2879",-1.032959473338e-01,6.848501150372e-01,-9.066556560250e+00,-1.014912530167e-01,6.857430234277e-01,-1.469869644311e+01,1.804694317130e-03,8.929083905646e-04,-5.632139882864e+00
"                2880",-9.813811807882e-02,7.014364517664e-01,-9.067804994245e+00,-9.633007956722e-02,7.022937560438e-01,-1.469984831483e+01,1.808038511600e-03,8.573042774141e-04,-5.632043320584e+00
"                2881",-9.329299875051e-02,7.110771565251e-01,-9.069830333270e+00,-9.145975597803e-02,7.118956746181e-01,-1.470172912865e+01,1.833242772487e-03,8.185180929425e-04,-5.631898795384e+00
"                2882",-8.922067979847e-02,7.147280405022e-01,-9.071307410315e+00,-8.734133693698e-02,7.155146604257e-01,-1.470304443957e+01,1.879342861491e-03,7.866199234862e-04,-5.631737029253e+00
"                2883",-8.675171674372e-02,7.143424476578e-01,-9.072397728740e+00,-8.482113193815e-02,7.151066542616e-01,-1.470399806716e+01,1.930584805570e-03,7.642066037675e-04,-5.631600338423e+00
"                2884",-8.702854324281e-02,7.132005458816e-01,-9.073869458642e+00,-8.505509621763e-02,7.139396364150e-01,-1.470538699860e+01,1.973447025177e-03,7.390905333494e-04,-5.631517539962e+00
"                2885",-8.750172071291e-02,7.156427621497e-01,-9.074615943545e+00,-8.550181961497e-02,7.163491885665e-01,-1.470610111395e+01,1.999901097942e-03,7.064264167697e-04,-5.631485170410e+00
"                2886",-8.859395184427e-02,7.181158286079e-01,-9.075697669710e+00,-8.658996787052e-02,7.187797520843e-01,-1.470720786859e+01,2.003983973749e-03,6.639234763807e-04,-5.631510198883e+00
"                2887",-8.777463119932e-02,7.160213396555e-01,-9.076145412641e+00,-8.579330953585e-02,7.166331677026e-01,-1.470773688705e+01,1.981321663473e-03,6.118280470862e-04,-5.631591474408e+00
"                2888",-8.889333596892e-02,7.036452045938e-01,-9.075649124866e+00,-8.695847674842e-02,7.042021850286e-01,-1.470734636863e+01,1.934859220498e-03,5.569804347509e-04,-5.631697243763e+00
"                2889",-9.330938164297e-02,6.805969187565e-01,-9.073939016038e+00,-9.141840750545e-02,6.810963460293e-01,-1.470577444531e+01,1.890974137519e-03,4.994272727666e-04,-5.631835429274e+00
"                2890",-9.872458387946e-02,6.470721592607e-01,-9.072144927050e+00,-9.686702236010e-02,6.475157268228e-01,-1.470411740699e+01,1.857561519360e-03,4.435675621236e-04,-5.631972479941e+00
"                2891",-1.022877435698e-01,6.061693495383e-01,-9.069516777464e+00,-1.004522764125e-01,6.065564561486e-01,-1.470159063423e+01,1.835467157267e-03,3.871066102828e-04,-5.632073856766e+00
"                2892",-1.012550256892e-01,5.623550077884e-01,-9.066755561403e+00,-9.943093383899e-02,5.626827649168e-01,-1.469885794447e+01,1.824091850205e-03,3.277571283504e-04,-5.632102383069e+00
"                2893",-9.668030758652e-02,5.186162654091e-01,-9.065470775305e+00,-9.485851826610e-02,5.188954260597e-01,-1.469751676432e+01,1.821789320420e-03,2.791606506549e-04,-5.632045989012e+00
"                2894",-9.218364168078e-02,4.784199113824e-01,-9.065544039693e+00,-9.035521562417e-02,4.786775499818e-01,-1.469746825561e+01,1.828426056605e-03,2.576385993683e-04,-5.631924215920e+00
"                2895",-8.893569568286e-02,4.469545652573e-01,-9.066699175227e+00,-8.707888385387e-02,4.472280922058e-01,-1.469846081967e+01,1.856811828994e-03,2.735269484990e-04,-5.631761644442e+00
"                2896",-8.723148559957e-02,4.296648862827e-01,-9.068186891396e+00,-8.532957131515e-02,4.299852061501e-01,-1.469978277980e+01,1.901914284420e-03,3.203198674324e-04,-5.631595888409e+00
"                2897",-8.726671505400e-02,4.276575006652e-01,-9.068944305554e+00,-8.531698846287e-02,4.280495588824e-01,-1.470041400915e+01,1.949726591134e-03,3.920582171883e-04,-5.631469703596e+00
"                2898",-8.947867697191e-02,4.372896112958e-01,-9.069246287165e+00,-8.749032446312e-02,4.377820549378e-01,-1.470065234769e+01,1.988352508787e-03,4.924436419645e-04,-5.631406060520e+00
"                2899",-9.057899636679e-02,4.556053756424e-01,-9.069927241681e+00,-8.856926195468e-02,4.562057227042e-01,-1.470132604363e+01,2.009734412105e-03,6.003470617890e-04,-5.631398801951e+00
"                2900",-9.158781698443e-02,4.798849470296e-01,-9.071237788766e+00,-8.958116841574e-02,4.805933499391e-01,-1.470268900202e+01,2.006648568685e-03,7.084029095045e-04,-5.631451213252e+00
"                2901",-9.034962385087e-02,5.088469225111e-01,-9.071959166628e+00,-8.837344551500e-02,5.096369113934e-01,-1.470350866104e+01,1.976178335874e-03,7.899888823166e-04,-5.631549494417e+00
"                2902",-9.305548800199e-02,5.412457075289e-01,-9.072456773275e+00,-9.112880527227e-02,5.420883270675e-01,-1.470413103583e+01,1.926682729729e-03,8.426195385930e-04,-5.631674262554e+00
"                2903",-9.937311817930e-02,5.719042315240e-01,-9.071369619814e+00,-9.749272735476e-02,5.727648623646e-01,-1.470319947633e+01,1.880390824541e-03,8.606308405945e-04,-5.631829856519e+00
"                2904",-1.051415453500e-01,5.990984567478e-01,-9.068577493303e+00,-1.032965075791e-01,5.999512769572e-01,-1.470055939637e+01,1.845037770931e-03,8.528202093673e-04,-5.631981903066e+00
"                2905",-1.068631635116e-01,6.225333325151e-01,-9.066134957629e+00,-1.050429506879e-01,6.233681652673e-01,-1.469822555757e+01,1.820212823656e-03,8.348327521484e-04,-5.632090599945e+00
"                2906",-1.047311187467e-01,6.430984075749e-01,-9.065347883697e+00,-1.029235891897e-01,6.439261304002e-01,-1.469747543373e+01,1.807529557030e-03,8.277228252127e-04,-5.632127550037e+00
"                2907",-1.003924452337e-01,6.612971524123e-01,-9.066147121985e+00,-9.858918166134e-02,6.621313242461e-01,-1.469822902626e+01,1.803263572327e-03,8.341718338479e-04,-5.632081904276e+00
"                2908",-9.685404265394e-02,6.793291307396e-01,-9.068309040311e+00,-9.504399566021e-02,6.801729419856e-01,-1.470027953776e+01,1.810046993739e-03,8.438112459923e-04,-5.631970497447e+00
"                2909",-9.259793659996e-02,6.982412851278e-01,-9.070919059629e+00,-9.075887388144e-02,6.990936938155e-01,-1.470273888645e+01,1.839062718516e-03,8.524086876939e-04,-5.631819826820e+00
"                2910",-8.995720489204e-02,7.167668895986e-01,-9.072146000234e+00,-8.806971498736e-02,7.176264104387e-01,-1.470381254426e+01,1.887489904683e-03,8.595208400901e-04,-5.631666544030e+00
"                2911",-8.914857410701e-02,7.318947541735e-01,-9.072560534145e+00,-8.720944325671e-02,7.327571841787e-01,-1.470410779233e+01,1.939130850300e-03,8.624300051750e-04,-5.631547258183e+00
"                2912",-8.888177404404e-02,7.423326982064e-01,-9.073348482126e+00,-8.689979646820e-02,7.431698443275e-01,-1.470483095066e+01,1.981977575842e-03,8.371461210815e-04,-5.631482468537e+00
"                2913",-8.791180567141e-02,7.485601095328e-01,-9.074325058449e+00,-8.590587392856e-02,7.493403934194e-01,-1.470579343382e+01,2.005931742853e-03,7.802838865947e-04,-5.631468375374e+00
"                2914",-8.879715081201e-02,7.474573903358e-01,-9.075720799574e+00,-8.679426918090e-02,7.481485141920e-01,-1.470723583226e+01,2.002881631110e-03,6.911238561822e-04,-5.631515032686e+00
"                2915",-8.848782868984e-02,7.316751226581e-01,-9.076850918732e+00,-8.651759365591e-02,7.322712959329e-01,-1.470845555336e+01,1.970235033927e-03,5.961732747427e-04,-5.631604634623e+00
"                2916",-9.084909596334e-02,6.994519247889e-01,-9.076212258427e+00,-8.892897419280e-02,6.999472578595e-01,-1.470793781496e+01,1.920121770534e-03,4.953330705296e-04,-5.631725556528e+00
"                2917",-9.581538506458e-02,6.569176679248e-01,-9.073444902356e+00,-9.393778876930e-02,6.573288220944e-01,-1.470531913856e+01,1.877596295285e-03,4.111541695801e-04,-5.631874236204e+00
"                2918",-9.951890707532e-02,6.089557676954e-01,-9.070371208435e+00,-9.767002054304e-02,6.093017199976e-01,-1.470238263036e+01,1.848886532283e-03,3.459523021901e-04,-5.632011421923e+00
"                2919",-9.969132512276e-02,5.608737353363e-01,-9.067518858069e+00,-9.785807497572e-02,5.611758971796e-01,-1.469961347480e+01,1.833250147038e-03,3.021618432717e-04,-5.632094616734e+00
"                2920",-9.743011794816e-02,5.173695344772e-01,-9.065568199841e+00,-9.560385158820e-02,5.176493992018e-01,-1.469766892972e+01,1.826266359965e-03,2.798647245784e-04,-5.632100729882e+00
"                2921",-9.418759454056e-02,4.819675385250e-01,-9.065745053074e+00,-9.236497822940e-02,4.822492026899e-01,-1.469776735114e+01,1.822616311153e-03,2.816641648673e-04,-5.632022298067e+00
"                2922",-9.187477622103e-02,4.587432696518e-01,-9.066767781895e+00,-9.004173460964e-02,4.590563407510e-01,-1.469865688858e+01,1.833041611398e-03,3.130710991092e-04,-5.631889106689e+00
"                2923",-8.956743308556e-02,4.470437360237e-01,-9.067487583847e+00,-8.770012543298e-02,4.474153640572e-01,-1.469921017555e+01,1.867307652584e-03,3.716280334718e-04,-5.631722591699e+00
"                2924",-8.760921009738e-02,4.468367010572e-01,-9.067814076974e+00,-8.569185237971e-02,4.472781977539e-01,-1.469938320038e+01,1.917357717676e-03,4.414966967017e-04,-5.631569123405e+00
"                2925",-8.702065442597e-02,4.584062646464e-01,-9.068195997447e+00,-8.505377325710e-02,4.589161575754e-01,-1.469965914893e+01,1.966881168867e-03,5.098929289085e-04,-5.631463151481e+00
"                2926",-8.822247578516e-02,4.747731281494e-01,-9.069039817400e+00,-8.621763993549e-02,4.753522664026e-01,-1.470045339332e+01,2.004835849673e-03,5.791382532247e-04,-5.631413575920e+00
"                2927",-8.930438533451e-02,4.896435321928e-01,-9.070537440692e+00,-8.728447875776e-02,4.902908937357e-01,-1.470195789420e+01,2.019906576757e-03,6.473615428740e-04,-5.631420453506e+00
"                2928",-9.140185990501e-02,5.006155943829e-01,-9.072728248176e+00,-8.939606783891e-02,5.013218213385e-01,-1.470421939291e+01,2.005792066090e-03,7.062269556068e-04,-5.631491144736e+00
"                2929",-9.237365112619e-02,5.135912909713e-01,-9.073244898868e+00,-9.040894035365e-02,5.143298919526e-01,-1.470484316556e+01,1.964710772542e-03,7.386009812695e-04,-5.631598266689e+00
"                2930",-9.467312601561e-02,5.320334792430e-01,-9.071745564453e+00,-9.275921076190e-02,5.327914005334e-01,-1.470348102345e+01,1.913915253707e-03,7.579212904843e-04,-5.631735459002e+00
"                2931",-9.880027665781e-02,5.529600855355e-01,-9.069167922754e+00,-9.692816853021e-02,5.537262592859e-01,-1.470106044597e+01,1.872108127601e-03,7.661737504119e-04,-5.631892523212e+00
"                2932",-1.033771656810e-01,5.759282984612e-01,-9.066854539721e+00,-1.015371619511e-01,5.767054113720e-01,-1.469888459119e+01,1.840003729910e-03,7.771129107202e-04,-5.632030051466e+00
"                2933",-1.044678671815e-01,6.004716942386e-01,-9.065625492128e+00,-1.026507277502e-01,6.012764623219e-01,-1.469773890147e+01,1.817139431217e-03,8.047680832840e-04,-5.632113409347e+00
"                2934",-1.033273705282e-01,6.304797669452e-01,-9.066409991373e+00,-1.015237072755e-01,6.313244167252e-01,-1.469852649188e+01,1.803663252688e-03,8.446497800124e-04,-5.632116500511e+00
"                2935",-1.005251521927e-01,6.647040472919e-01,-9.067569886907e+00,-9.872511340277e-02,6.655946154952e-01,-1.469961605208e+01,1.800038789951e-03,8.905682032861e-04,-5.632046165170e+00
"                2936",-9.705786657554e-02,6.991829147901e-01,-9.069009005561e+00,-9.524341695841e-02,7.001074985691e-01,-1.470092670084e+01,1.814449617132e-03,9.245837789528e-04,-5.631917695283e+00
"                2937",-9.266118424941e-02,7.300432819888e-01,-9.070713098733e+00,-9.080738521552e-02,7.309815220918e-01,-1.470247146979e+01,1.853799033891e-03,9.382401030455e-04,-5.631758371060e+00
"                2938",-8.896020264910e-02,7.532098014290e-01,-9.071558023670e+00,-8.705377067717e-02,7.541376445194e-01,-1.470317069837e+01,1.906431971933e-03,9.278430903940e-04,-5.631612674697e+00
"                2939",-8.791868314839e-02,7.646130362269e-01,-9.072378097811e+00,-8.596203274607e-02,7.654980237373e-01,-1.470388970083e+01,1.956650402323e-03,8.849875104145e-04,-5.631511603015e+00
"                2940",-8.803026931423e-02,7.640041661676e-01,-9.073907167049e+00,-8.603643459029e-02,7.648109310875e-01,-1.470537120715e+01,1.993834723945e-03,8.067649198453e-04,-5.631464040100e+00
"                2941",-8.878627917107e-02,7.534206551811e-01,-9.075759879015e+00,-8.677858160799e-02,7.541164548783e-01,-1.470723149798e+01,2.007697563080e-03,6.957996972036e-04,-5.631471618963e+00
"                2942",-8.947613375585e-02,7.331283445919e-01,-9.076689374118e+00,-8.748133737293e-02,7.336983915516e-01,-1.470823094867e+01,1.994796382924e-03,5.700469597044e-04,-5.631541574548e+00
"                2943",-8.911185125052e-02,7.002961555430e-01,-9.076406614311e+00,-8.715645043339e-02,7.007593848386e-01,-1.470804892628e+01,1.955400817132e-03,4.632292956202e-04,-5.631642311970e+00
"                2944",-9.025624269182e-02,6.574122289399e-01,-9.074622779174e+00,-8.834753184853e-02,6.577921924185e-01,-1.470639646448e+01,1.908710843290e-03,3.799634785799e-04,-5.631773685309e+00
"                2945",-9.437548178403e-02,6.121752925542e-01,-9.071743791038e+00,-9.250474988026e-02,6.125137251764e-01,-1.470366909575e+01,1.870731903763e-03,3.384326222173e-04,-5.631925304712e+00
"                2946",-1.000012590422e-01,5.698547952450e-01,-9.069626751184e+00,-9.815883935637e-02,5.701843970088e-01,-1.470167328407e+01,1.842419685874e-03,3.296017638064e-04,-5.632046532888e+00
"                2947",-1.015597789334e-01,5.356926414594e-01,-9.067790929560e+00,-9.973424432850e-02,5.360292454306e-01,-1.469989643478e+01,1.825534604863e-03,3.366039711722e-04,-5.632105505218e+00
"                2948",-9.969630412613e-02,5.103455074497e-01,-9.065922008226e+00,-9.787773667431e-02,5.107027275125e-01,-1.469800739304e+01,1.818567451813e-03,3.572200627956e-04,-5.632085384814e+00
"                2949",-9.541175158017e-02,4.919792255990e-01,-9.065334567698e+00,-9.359246212204e-02,4.923673613711e-01,-1.469732379275e+01,1.819289458128e-03,3.881357720651e-04,-5.631989225056e+00
"                2950",-9.230312639420e-02,4.805917839668e-01,-9.066281908105e+00,-9.046192840517e-02,4.810164743740e-01,-1.469812475103e+01,1.841197989028e-03,4.246904072085e-04,-5.631842842922e+00
"                2951",-8.964716429293e-02,4.761449636130e-01,-9.067378817049e+00,-8.776164183327e-02,4.766015057533e-01,-1.469905516409e+01,1.885522459656e-03,4.565421402907e-04,-5.631676347045e+00
"                2952",-8.791276515660e-02,4.765994108401e-01,-9.068049317982e+00,-8.597582011499e-02,4.770812124630e-01,-1.469958273072e+01,1.936945041611e-03,4.818016229815e-04,-5.631533412739e+00
"                2953",-8.869654976110e-02,4.781058558252e-01,-9.069232950349e+00,-8.671603747874e-02,4.786126446227e-01,-1.470067986081e+01,1.980512282356e-03,5.067887974296e-04,-5.631446910463e+00
"                2954",-8.994407307378e-02,4.769127476137e-01,-9.069974806104e+00,-8.793339055044e-02,4.774515345080e-01,-1.470139467737e+01,2.010682523342e-03,5.387868942974e-04,-5.631419871269e+00
"                2955",-9.083789136719e-02,4.747959190521e-01,-9.070966044772e+00,-8.882170039914e-02,4.753763086949e-01,-1.470241709858e+01,2.016190968043e-03,5.803896428421e-04,-5.631451053810e+00
"                2956",-8.975964410482e-02,4.758754435122e-01,-9.072019975286e+00,-8.776484920754e-02,4.765049288810e-01,-1.470356007741e+01,1.994794897276e-03,6.294853688261e-04,-5.631540102125e+00
"                2957",-9.010459847855e-02,4.864035314539e-01,-9.072245840165e+00,-8.815577496345e-02,4.870832400613e-01,-1.470390063659e+01,1.948823515093e-03,6.797086073579e-04,-5.631654796420e+00
"                2958",-9.447953990266e-02,5.073723770114e-01,-9.071050644705e+00,-9.257866129753e-02,5.081074834798e-01,-1.470285020494e+01,1.900878605130e-03,7.351064683691e-04,-5.631799560233e+00
"                2959",-1.014914777417e-01,5.385010648877e-01,-9.069281249674e+00,-9.963132020030e-02,5.392898835695e-01,-1.470123293669e+01,1.860157541443e-03,7.888186817993e-04,-5.631951687013e+00
"                2960",-1.071106028211e-01,5.774994044330e-01,-9.067242320950e+00,-1.052819455725e-01,5.783410556986e-01,-1.469932100397e+01,1.828657248572e-03,8.416512656915e-04,-5.632078683016e+00
"                2961",-1.074284416065e-01,6.204120630618e-01,-9.065526826894e+00,-1.056203872142e-01,6.213133744096e-01,-1.469766894728e+01,1.808054392331e-03,9.013113478189e-04,-5.632142120382e+00
"                2962",-1.041724323049e-01,6.642458830429e-01,-9.065739665981e+00,-1.023720455473e-01,6.651966837713e-01,-1.469786104979e+01,1.800386757592e-03,9.508007284447e-04,-5.632121383811e+00
"                2963",-9.957421684908e-02,7.053468741670e-01,-9.067190559017e+00,-9.777088325163e-02,7.063249781168e-01,-1.469921820305e+01,1.803333597451e-03,9.781039498478e-04,-5.632027644033e+00
"                2964",-9.517232291392e-02,7.385670068968e-01,-9.069216917115e+00,-9.334485902607e-02,7.395353281495e-01,-1.470110234273e+01,1.827463887856e-03,9.683212526940e-04,-5.631885425610e+00
"                2965",-9.127546069294e-02,7.590376178425e-01,-9.071275237889e+00,-8.940278236544e-02,7.599667348254e-01,-1.470300016883e+01,1.872678327502e-03,9.291169828862e-04,-5.631724930944e+00
"                2966",-8.848542825223e-02,7.645138817833e-01,-9.072512356860e+00,-8.656008912653e-02,7.653808885798e-01,-1.470410179227e+01,1.925339125698e-03,8.670067964635e-04,-5.631589435407e+00
"                2967",-8.812440070176e-02,7.569671923809e-01,-9.073314715091e+00,-8.615312806336e-02,7.577433023651e-01,-1.470482144441e+01,1.971272638400e-03,7.761099842320e-04,-5.631506729323e+00
"                2968",-8.702145449294e-02,7.409758204095e-01,-9.074100012020e+00,-8.501980049451e-02,7.416456199940e-01,-1.470557331484e+01,2.001653998431e-03,6.697995845343e-04,-5.631473302820e+00
"                2969",-8.683748489489e-02,7.186873982641e-01,-9.075370666397e+00,-8.482933431832e-02,7.192492955247e-01,-1.470686878318e+01,2.008150576563e-03,5.618972605262e-04,-5.631498116782e+00
"                2970",-8.626154255882e-02,6.914756028401e-01,-9.075790833814e+00,-8.427590461728e-02,6.919480197233e-01,-1.470737024014e+01,1.985637941531e-03,4.724168832123e-04,-5.631579406330e+00
"                2971",-8.799132975838e-02,6.599217272778e-01,-9.075577722975e+00,-8.605371798071e-02,6.603364495723e-01,-1.470726332160e+01,1.937611777676e-03,4.147222944755e-04,-5.631685598620e+00
"                2972",-9.292148987194e-02,6.281031574890e-01,-9.074344970225e+00,-9.103118565629e-02,6.284921634183e-01,-1.470616629239e+01,1.890304215652e-03,3.890059292991e-04,-5.631821322162e+00
"                2973",-9.912563892260e-02,5.996463213533e-01,-9.071604219512e+00,-9.727097981382e-02,6.000384817164e-01,-1.470356997302e+01,1.854659108782e-03,3.921603631402e-04,-5.631965753512e+00
"                2974",-1.027696717959e-01,5.745263623118e-01,-9.068597202775e+00,-1.009383476898e-01,5.749371185872e-01,-1.470066691017e+01,1.831324106074e-03,4.107562754331e-04,-5.632069707397e+00
"                2975",-1.014910895969e-01,5.529736866948e-01,-9.066136842813e+00,-9.966975758739e-02,5.533948150894e-01,-1.469824038496e+01,1.821332009472e-03,4.211283946145e-04,-5.632103542146e+00
"                2976",-9.755336383367e-02,5.339691969674e-01,-9.064945330727e+00,-9.573314733700e-02,5.343894210580e-01,-1.469700070742e+01,1.820216496668e-03,4.202240906333e-04,-5.632055376692e+00
"                2977",-9.365898296750e-02,5.165948253338e-01,-9.065195329098e+00,-9.183267803700e-02,5.170045594926e-01,-1.469713502325e+01,1.826304930501e-03,4.097341587759e-04,-5.631939694152e+00
"                2978",-9.015530266657e-02,4.978601348066e-01,-9.066991526197e+00,-8.830104694840e-02,4.982627866626e-01,-1.469877277396e+01,1.854255718175e-03,4.026518560079e-04,-5.631781247763e+00
"                2979",-8.843514250424e-02,4.787853748207e-01,-9.068275282344e+00,-8.653453552136e-02,4.791825618950e-01,-1.469989151921e+01,1.900606982876e-03,3.971870743203e-04,-5.631616236865e+00
"                2980",-8.742432776990e-02,4.632348906229e-01,-9.068407478571e+00,-8.547378774045e-02,4.636323190731e-01,-1.469989673955e+01,1.950540029445e-03,3.974284502256e-04,-5.631489260982e+00
"                2981",-8.776148212013e-02,4.523141829578e-01,-9.068878219596e+00,-8.577051708861e-02,4.527337721152e-01,-1.470029917545e+01,1.990965031524e-03,4.195891574216e-04,-5.631420955850e+00
"                2982",-8.746770003043e-02,4.454334058104e-01,-9.069506950868e+00,-8.545414048753e-02,4.459035084953e-01,-1.470091586579e+01,2.013559542900e-03,4.701026848607e-04,-5.631408914926e+00
"                2983",-8.962703661325e-02,4.450874799610e-01,-9.070971436712e+00,-8.761833628371e-02,4.456440981844e-01,-1.470242660960e+01,2.008700329539e-03,5.566182233658e-04,-5.631455172888e+00
"                2984",-9.046920371756e-02,4.577672549154e-01,-9.072505314931e+00,-8.849412707476e-02,4.584195928367e-01,-1.470405586850e+01,1.975076642800e-03,6.523379212427e-04,-5.631550553572e+00
"                2985",-9.414563144088e-02,4.873034571360e-01,-9.072863232076e+00,-9.222335611868e-02,4.880523988568e-01,-1.470453837118e+01,1.922275322204e-03,7.489417207613e-04,-5.631675139100e+00
"                2986",-1.002651876820e-01,5.277379516543e-01,-9.070783610656e+00,-9.838990964428e-02,5.285735549161e-01,-1.470261486534e+01,1.875278037750e-03,8.356032618189e-04,-5.631831254683e+00
"                2987",-1.050129377755e-01,5.742880661451e-01,-9.067975405424e+00,-1.031715843310e-01,5.751929874058e-01,-1.469995645995e+01,1.841353444489e-03,9.049212606541e-04,-5.631981054523e+00
"                2988",-1.074871062852e-01,6.220309799344e-01,-9.065952016891e+00,-1.056683164869e-01,6.229815494239e-01,-1.469804121077e+01,1.818789798384e-03,9.505694895170e-04,-5.632089193876e+00
"                2989",-1.056762891623e-01,6.662751272007e-01,-9.065282552093e+00,-1.038697986312e-01,6.672524685582e-01,-1.469740945425e+01,1.806490531139e-03,9.773413574883e-04,-5.632126902160e+00
"                2990",-1.017300685629e-01,7.023627168474e-01,-9.066431653210e+00,-9.992835099095e-02,7.033428399224e-01,-1.469851574351e+01,1.801717571965e-03,9.801230750166e-04,-5.632084090296e+00
"                2991",-9.755303175643e-02,7.274390420194e-01,-9.068642705672e+00,-9.574494497106e-02,7.283909306611e-01,-1.470061806266e+01,1.808086785378e-03,9.518886416453e-04,-5.631975356991e+00
"                2992",-9.310024191657e-02,7.412248850999e-01,-9.070620605136e+00,-9.126271652289e-02,7.421248466704e-01,-1.470244536089e+01,1.837525393684e-03,8.999615704422e-04,-5.631824755758e+00
"                2993",-8.931421229252e-02,7.442170928536e-01,-9.071875411459e+00,-8.742634565636e-02,7.450492890428e-01,-1.470354357508e+01,1.887866636158e-03,8.321961892751e-04,-5.631668163617e+00
"                2994",-8.696660630520e-02,7.362376402546e-01,-9.072605746269e+00,-8.502537737044e-02,7.370035400966e-01,-1.470415160842e+01,1.941228934755e-03,7.658998420068e-04,-5.631545862155e+00
"                2995",-8.683911850025e-02,7.205754475796e-01,-9.073214533648e+00,-8.485603895760e-02,7.212740908813e-01,-1.470469279637e+01,1.983079542651e-03,6.986433017336e-04,-5.631478262723e+00
"                2996",-8.737837931130e-02,7.048015999594e-01,-9.074234087599e+00,-8.537429901502e-02,7.054357218299e-01,-1.470569521872e+01,2.004080296288e-03,6.341218705099e-04,-5.631461131118e+00
"                2997",-8.975292776387e-02,6.934154493832e-01,-9.076161618344e+00,-8.775398921850e-02,6.939880676287e-01,-1.470766695220e+01,1.998938545368e-03,5.726182454509e-04,-5.631505333858e+00
"                2998",-9.030040318339e-02,6.815778015628e-01,-9.076577881714e+00,-8.833400469808e-02,6.821113672814e-01,-1.470817610233e+01,1.966398485311e-03,5.335657186702e-04,-5.631598220616e+00
"                2999",-9.197392436036e-02,6.643810445844e-01,-9.075465433300e+00,-9.005696043694e-02,6.648883932540e-01,-1.470718169760e+01,1.916963923420e-03,5.073486695815e-04,-5.631716264296e+00
"                3000",-9.552490730354e-02,6.438348231611e-01,-9.073049273471e+00,-9.364815195475e-02,6.443301650877e-01,-1.470491297396e+01,1.876755348791e-03,4.953419266215e-04,-5.631863700492e+00
