Time (s),PRESSURE_MOMENT_X,PRESSURE_MOMENT_Y,PRESSURE_MOMENT_Z,TOTAL_MOMENT_X,TOTAL_MOMENT_Y,TOTAL_MOMENT_Z,VISCOUS_MOMENT_X,VISCOUS_MOMENT_Y,VISCOUS_MOMENT_Z
"                   1",1.128696126672e-01,2.618915677323e-02,-2.387491428181e-02,1.129029375864e-01,2.610101197744e-02,-2.388203054053e-02,3.332491914482e-05,-8.814479579162e-05,-7.116258726894e-06
"                   2",9.471880001206e-02,-1.458470570060e-02,-2.279143941363e-02,9.460806262693e-02,-1.462883340448e-02,-2.277188971675e-02,-1.107373851354e-04,-4.412770388057e-05,1.954969687920e-05
"                   3",1.254727071216e-02,-4.121127404282e-02,-6.845986407180e-03,1.227864619748e-02,-4.120053502344e-02,-6.797640605676e-03,-2.686245146865e-04,1.073901937511e-05,4.834580150458e-05
"                   4",-2.589794633571e-02,-3.453380042417e-02,4.822724250579e-03,-2.619525512633e-02,-3.439864571028e-02,4.884811388436e-03,-2.973087906172e-04,1.351547138873e-04,6.208713785753e-05
"                   5",-7.290814745161e-03,3.290554818403e-02,3.876607754121e-03,-7.499104237899e-03,3.329291871938e-02,3.917428822375e-03,-2.082894927379e-04,3.873705353528e-04,4.082106825382e-05
"                   6",3.903886535307e-02,4.719546697841e-02,-3.261202755894e-03,3.893661317543e-02,4.762313269099e-02,-3.241258701398e-03,-1.022521776433e-04,4.276657125783e-04,1.994405449646e-05
"                   7",5.328995084949e-02,2.377879197054e-02,-8.094273798573e-03,5.320770727123e-02,2.390635899025e-02,-8.084501177898e-03,-8.224357826429e-05,1.275670197101e-04,9.772620674937e-06
"                   8",3.514607703031e-02,-2.007785888549e-02,-7.866831696779e-03,3.504949174020e-02,-2.016762975038e-02,-7.852392286522e-03,-9.658529011162e-05,-8.977086488947e-05,1.443941025721e-05
"                   9",1.703660966302e-02,-3.189293368811e-02,-4.614444129885e-03,1.701455988791e-02,-3.209227155634e-02,-4.599503335751e-03,-2.204977510628e-05,-1.993378682286e-04,1.494079413404e-05
"                  10",2.413623973426e-02,-1.245377646767e-02,-2.346539039184e-03,2.419690228843e-02,-1.264235048973e-02,-2.332733470267e-03,6.066255416943e-05,-1.885740220632e-04,1.380556891718e-05
"                  11",4.257948606467e-02,7.728891055169e-03,-3.471615586614e-03,4.265315945296e-02,7.554283987908e-03,-3.460205969312e-03,7.367338829654e-05,-1.746070672615e-04,1.140961730207e-05
"                  12",5.338953832018e-02,1.183151385515e-02,-5.954238315635e-03,5.345717652049e-02,1.166616426805e-02,-5.941931488192e-03,6.763820031236e-05,-1.653495871018e-04,1.230682744295e-05
"                  13",4.983467323635e-02,5.173748894773e-03,-7.538271747134e-03,4.990765188010e-02,5.005116781408e-03,-7.530322512298e-03,7.297864375746e-05,-1.686321133654e-04,7.949234835269e-06
"                  14",3.923738301886e-02,-1.236124249743e-03,-6.487949591975e-03,3.930985619726e-02,-1.451937379109e-03,-6.480688487899e-03,7.247317840678e-05,-2.158131293658e-04,7.261104075821e-06
"                  15",3.258260325597e-02,-3.693183950300e-03,-4.293586940145e-03,3.265100990030e-02,-3.946375011523e-03,-4.287397754739e-03,6.840664432255e-05,-2.531910612222e-04,6.189185406462e-06
"                  16",3.318217915513e-02,-4.338328222033e-04,-3.257923232788e-03,3.326617388424e-02,-6.830736309999e-04,-3.250594993034e-03,8.399472911679e-05,-2.492408087966e-04,7.328239754016e-06
"                  17",3.942424107623e-02,2.179546719535e-03,-3.966737144593e-03,3.951934902707e-02,1.943194088971e-03,-3.958735631397e-03,9.510795084314e-05,-2.363526305643e-04,8.001513195163e-06
"                  18",4.365139292156e-02,2.971796655082e-03,-5.377804272205e-03,4.374416242070e-02,2.765897488069e-03,-5.368868013573e-03,9.276949913784e-05,-2.058991670133e-04,8.936258632651e-06
"                  19",4.177869967318e-02,3.037950962302e-03,-5.978455374958e-03,4.185856354554e-02,2.842278098567e-03,-5.968872466641e-03,7.986387235848e-05,-1.956728637352e-04,9.582908316763e-06
"                  20",3.577940512126e-02,3.597732156841e-03,-5.330936307640e-03,3.583757574708e-02,3.413107232866e-03,-5.321090530618e-03,5.817062581677e-05,-1.846249239746e-04,9.845777022515e-06
"                  21",2.908886938156e-02,4.611556789825e-03,-4.027249538314e-03,2.913439205331e-02,4.427442528676e-03,-4.016964398252e-03,4.552267174566e-05,-1.841142611490e-04,1.028514006263e-05
"                  22",2.423884239292e-02,5.301310769454e-03,-3.149158433805e-03,2.427175629774e-02,5.112404343820e-03,-3.138160189406e-03,3.291390482135e-05,-1.889064256338e-04,1.099824439939e-05
"                  23",2.271436561793e-02,3.619296403528e-03,-3.162745725540e-03,2.273813963607e-02,3.427874761693e-03,-3.150859901396e-03,2.377401814300e-05,-1.914216418351e-04,1.188582414378e-05
"                  24",2.324029706172e-02,7.372799527481e-04,-3.805119566904e-03,2.325366125058e-02,5.436318915447e-04,-3.792440845692e-03,1.336418886069e-05,-1.936480612034e-04,1.267872121194e-05
"                  25",2.335938875236e-02,-9.572759558196e-04,-4.359286599295e-03,2.336226762730e-02,-1.151606472600e-03,-4.345647282354e-03,2.878874943655e-06,-1.943305167800e-04,1.363931694026e-05
"                  26",2.229619417958e-02,-1.132471646383e-03,-4.520270007593e-03,2.228819903024e-02,-1.325879900848e-03,-4.505917618738e-03,-7.995149340875e-06,-1.934082544658e-04,1.435238885465e-05
"                  27",2.106835172157e-02,2.068567514613e-05,-4.390255816698e-03,2.105118584223e-02,-1.661288837942e-04,-4.375313618321e-03,-1.716587933373e-05,-1.868145589403e-04,1.494219837789e-05
"                  28",2.059875537845e-02,7.948264249613e-04,-4.293257624443e-03,2.057550124098e-02,6.177079940005e-04,-4.278211697237e-03,-2.325413747557e-05,-1.771184309608e-04,1.504592720581e-05
"                  29",2.191982970737e-02,7.483026032737e-04,-4.459448703425e-03,2.189547143411e-02,5.832053713551e-04,-4.444775766346e-03,-2.435827325956e-05,-1.650972319187e-04,1.467293707911e-05
"                  30",2.457475361645e-02,7.142562812135e-04,-4.839594734484e-03,2.455070146231e-02,5.597076150417e-04,-4.825681178410e-03,-2.405215413789e-05,-1.545486661718e-04,1.391355607427e-05
"                  31",2.781964300461e-02,1.540573454204e-03,-5.270026279467e-03,2.779627818150e-02,1.395584103418e-03,-5.256958198787e-03,-2.336482311411e-05,-1.449893507854e-04,1.306808067959e-05
"                  32",3.049880046535e-02,2.989706841731e-03,-5.575603523274e-03,3.047710276252e-02,2.853098611743e-03,-5.563373451959e-03,-2.169770283480e-05,-1.366082299887e-04,1.223007131563e-05
"                  33",3.251168358624e-02,4.148360187852e-03,-5.675928186536e-03,3.249004648777e-02,4.024112620556e-03,-5.664312348782e-03,-2.163709847118e-05,-1.242475672956e-04,1.161583775336e-05
"                  34",3.379952555818e-02,4.541568337636e-03,-5.630757878935e-03,3.377804503257e-02,4.432651788065e-03,-5.619502759399e-03,-2.148052561018e-05,-1.089165495713e-04,1.125511953546e-05
"                  35",3.477312574344e-02,4.242684701556e-03,-5.533118437027e-03,3.475159128171e-02,4.150006754007e-03,-5.522035453136e-03,-2.153446173187e-05,-9.267794754853e-05,1.108298389066e-05
"                  36",3.555827102873e-02,3.942964133500e-03,-5.405875197196e-03,3.553364304586e-02,3.866517588684e-03,-5.394719314018e-03,-2.462798286908e-05,-7.644654481659e-05,1.115588317773e-05
"                  37",3.566582168725e-02,4.202917098588e-03,-5.247091095564e-03,3.563383391062e-02,4.141170605614e-03,-5.235665289688e-03,-3.198777662929e-05,-6.174649297448e-05,1.142580587624e-05
"                  38",3.485110435415e-02,4.864338201088e-03,-5.074957497881e-03,3.480812328143e-02,4.815004859379e-03,-5.062919636859e-03,-4.298107272102e-05,-4.933334170865e-05,1.203786102139e-05
"                  39",3.358038222376e-02,5.625656011077e-03,-4.926670664254e-03,3.352500937980e-02,5.586508557309e-03,-4.913733043923e-03,-5.537284396069e-05,-3.914745376747e-05,1.293762033113e-05
"                  40",3.247761891622e-02,6.233806839273e-03,-4.840328590511e-03,3.241071473786e-02,6.204581492344e-03,-4.826574797919e-03,-6.690417835802e-05,-2.922534692861e-05,1.375379259241e-05
"                  41",3.215799467840e-02,6.702957309670e-03,-4.832446435403e-03,3.208301535103e-02,6.684992348965e-03,-4.818257352903e-03,-7.497932737288e-05,-1.796496070526e-05,1.418908249964e-05
"                  42",3.275851540298e-02,6.955293071645e-03,-4.888587946368e-03,3.267870776084e-02,6.951415937083e-03,-4.874494874755e-03,-7.980764214451e-05,-3.877134562101e-06,1.409307161342e-05
"                  43",3.405590775461e-02,6.798820293927e-03,-5.000127714538e-03,3.397513806576e-02,6.807239222939e-03,-4.986596863613e-03,-8.076968885727e-05,8.418929012117e-06,1.353085092562e-05
"                  44",3.577631798445e-02,6.520977236413e-03,-5.176404509356e-03,3.569700848708e-02,6.541382900184e-03,-5.163883336590e-03,-7.930949736524e-05,2.040566377080e-05,1.252117276622e-05
"                  45",3.754814352511e-02,6.577067667791e-03,-5.419340272374e-03,3.747119761979e-02,6.607343131681e-03,-5.408124838143e-03,-7.694590532135e-05,3.027546388961e-05,1.121543423038e-05
"                  46",3.929784880820e-02,6.875756622399e-03,-5.701883414478e-03,3.922221003523e-02,6.916486444867e-03,-5.692085937042e-03,-7.563877296849e-05,4.072982246771e-05,9.797477435900e-06
"                  47",4.085856280540e-02,7.100855313421e-03,-5.963828188195e-03,4.078345338607e-02,7.148983176150e-03,-5.955320460886e-03,-7.510941932294e-05,4.812786272849e-05,8.507727308656e-06
"                  48",4.219677181573e-02,7.151065217837e-03,-6.124563515462e-03,4.211954986122e-02,7.206694437076e-03,-6.117150368939e-03,-7.722195451600e-05,5.562921923919e-05,7.413146522300e-06
"                  49",4.293476492641e-02,7.106445175292e-03,-6.178607877921e-03,4.285374694635e-02,7.169620542494e-03,-6.171760647136e-03,-8.101798006074e-05,6.317536720190e-05,6.847230784973e-06
"                  50",4.278151985752e-02,7.379852767205e-03,-6.126112336613e-03,4.269404498627e-02,7.451295671847e-03,-6.119268234143e-03,-8.747487125516e-05,7.144290464189e-05,6.844102470423e-06
"                  51",4.192385676747e-02,8.025889237626e-03,-5.988174419052e-03,4.182943704304e-02,8.105595767218e-03,-5.980750826291e-03,-9.441972442811e-05,7.970652959181e-05,7.423592761392e-06
"                  52",4.082774965741e-02,8.870737547440e-03,-5.802450025476e-03,4.072589422923e-02,8.959846597186e-03,-5.794113549051e-03,-1.018554281824e-04,8.910904974591e-05,8.336476424496e-06
"                  53",3.991540344435e-02,9.579653078490e-03,-5.611756945898e-03,3.980727277911e-02,9.678134816580e-03,-5.602418767815e-03,-1.081306652326e-04,9.848173809029e-05,9.338178083296e-06
"                  54",3.928337696939e-02,1.003418703737e-02,-5.456906033016e-03,3.917025637509e-02,1.014029487942e-02,-5.446708584359e-03,-1.131205942934e-04,1.061078420513e-04,1.019744865779e-05
"                  55",3.884810243001e-02,1.025466592168e-02,-5.366659997788e-03,3.873153879052e-02,1.036501056211e-02,-5.355811162821e-03,-1.165636394903e-04,1.103446404304e-04,1.084883496747e-05
"                  56",3.868101772033e-02,1.036999310586e-02,-5.354473984578e-03,3.856196318567e-02,1.048108113861e-02,-5.343191071733e-03,-1.190545346544e-04,1.110880327565e-04,1.128291284531e-05
"                  57",3.891838198535e-02,1.056830971772e-02,-5.416028001829e-03,3.879794826852e-02,1.067877180885e-02,-5.404570378183e-03,-1.204337168294e-04,1.104620911235e-04,1.145762364600e-05
"                  58",3.956335135734e-02,1.069398522796e-02,-5.528231711786e-03,3.944215568681e-02,1.080312076170e-02,-5.516940646313e-03,-1.211956705243e-04,1.091355337371e-04,1.129106547228e-05
"                  59",4.036425745531e-02,1.062638296060e-02,-5.666257398836e-03,4.024235633032e-02,1.073462955034e-02,-5.655335759339e-03,-1.219011249878e-04,1.082465897434e-04,1.092163949745e-05
"                  60",4.112217786736e-02,1.045685978881e-02,-5.804524487111e-03,4.099862656295e-02,1.056515897747e-02,-5.794018686994e-03,-1.235513044175e-04,1.082991886588e-04,1.050580011685e-05
"                  61",4.176105940860e-02,1.042815275695e-02,-5.913022215232e-03,4.163479374921e-02,1.053701613773e-02,-5.902802925320e-03,-1.262656593924e-04,1.088633807828e-04,1.021928991178e-05
"                  62",4.219982130613e-02,1.060988068789e-02,-5.970121108801e-03,4.206926231415e-02,1.071951561007e-02,-5.959928308063e-03,-1.305589919860e-04,1.096349221771e-04,1.019280073759e-05
"                  63",4.240704077207e-02,1.097304168819e-02,-5.968107917692e-03,4.227103237443e-02,1.108308115624e-02,-5.957657650430e-03,-1.360083976419e-04,1.100394680552e-04,1.045026726165e-05
"                  64",4.244842594597e-02,1.147104257590e-02,-5.921162973069e-03,4.230675351931e-02,1.158097783933e-02,-5.910159075283e-03,-1.416724266594e-04,1.099352634377e-04,1.100389778546e-05
"                  65",4.236607745368e-02,1.210245336648e-02,-5.856689706569e-03,4.221992022205e-02,1.221189443483e-02,-5.844893838115e-03,-1.461572316299e-04,1.094410683471e-04,1.179586845341e-05
"                  66",4.227744295704e-02,1.286369061477e-02,-5.807589750880e-03,4.212849023536e-02,1.297283701481e-02,-5.795005993408e-03,-1.489527216809e-04,1.091464000422e-04,1.258375747218e-05
"                  67",4.236594034257e-02,1.364463031893e-02,-5.804118162784e-03,4.221597369882e-02,1.375322059510e-02,-5.790978587456e-03,-1.499666437546e-04,1.085902761701e-04,1.313957532817e-05
"                  68",4.283173373865e-02,1.425744276822e-02,-5.863995736606e-03,4.268256704153e-02,1.436454140896e-02,-5.850742237838e-03,-1.491666971244e-04,1.070986407454e-04,1.325349876821e-05
"                  69",4.381301187129e-02,1.451331758609e-02,-5.981050338979e-03,4.366613424526e-02,1.461810425111e-02,-5.968162857043e-03,-1.468776260323e-04,1.047866650210e-04,1.288748193617e-05
"                  70",4.515881567275e-02,1.449413507643e-02,-6.130462473266e-03,4.501466877088e-02,1.459594676195e-02,-6.118267257125e-03,-1.441469018675e-04,1.018116855204e-04,1.219521614075e-05
"                  71",4.657643792955e-02,1.440177787448e-02,-6.280645726761e-03,4.643468293148e-02,1.450027499084e-02,-6.269225536290e-03,-1.417549980672e-04,9.849711636528e-05,1.142019047089e-05
"                  72",4.788357545338e-02,1.444355890920e-02,-6.407161989854e-03,4.774292100089e-02,1.453876399053e-02,-6.396381014941e-03,-1.406544524881e-04,9.520508133712e-05,1.078097491324e-05
"                  73",4.895375726888e-02,1.473937063972e-02,-6.489339678222e-03,4.881217598142e-02,1.483219334884e-02,-6.478858283291e-03,-1.415812874584e-04,9.282270911865e-05,1.048139493051e-05
"                  74",4.972977032760e-02,1.522632624649e-02,-6.510248700806e-03,4.958547175429e-02,1.531814003740e-02,-6.499674005962e-03,-1.442985733124e-04,9.181379090689e-05,1.057469484399e-05
"                  75",5.014136917835e-02,1.588855209538e-02,-6.473451503682e-03,4.999287676738e-02,1.598080820710e-02,-6.462381190723e-03,-1.484924109708e-04,9.225611172049e-05,1.107031295948e-05
"                  76",5.019475424012e-02,1.671153470695e-02,-6.395358575430e-03,5.004193191136e-02,1.680510079365e-02,-6.383535022664e-03,-1.528223287591e-04,9.356608669766e-05,1.182355276641e-05
"                  77",4.999748226855e-02,1.764747661397e-02,-6.306193597460e-03,4.984076282006e-02,1.774287107878e-02,-6.293493977725e-03,-1.567194484917e-04,9.539446480611e-05,1.269961973551e-05
"                  78",4.973532314273e-02,1.860701649326e-02,-6.236277851309e-03,4.957651684608e-02,1.870447501943e-02,-6.222840988930e-03,-1.588062966463e-04,9.745852616980e-05,1.343686237947e-05
"                  79",4.959118493532e-02,1.951116071109e-02,-6.212216930182e-03,4.943279213790e-02,1.960974658062e-02,-6.198379326128e-03,-1.583927974160e-04,9.858586952713e-05,1.383760405361e-05
"                  80",4.974460659044e-02,2.019070997032e-02,-6.250099642164e-03,4.958953606160e-02,2.028947126783e-02,-6.236317656711e-03,-1.550705288422e-04,9.876129751210e-05,1.378198545289e-05
"                  81",5.025926308032e-02,2.055614805138e-02,-6.349157673634e-03,5.010944600931e-02,2.065370360047e-02,-6.335831485488e-03,-1.498170710118e-04,9.755554908906e-05,1.332618814661e-05
"                  82",5.111860169988e-02,2.062741273745e-02,-6.491482910418e-03,5.097559812082e-02,2.072278866566e-02,-6.478978734337e-03,-1.430035790586e-04,9.537592821553e-05,1.250417608082e-05
"                  83",5.221657256682e-02,2.054809807976e-02,-6.649840168675e-03,5.208027125294e-02,2.064067604866e-02,-6.638364752565e-03,-1.363013138779e-04,9.257796889898e-05,1.147541611068e-05
"                  84",5.339659297559e-02,2.043217562389e-02,-6.792975010876e-03,5.326548851138e-02,2.052287422742e-02,-6.782467391011e-03,-1.311044642082e-04,9.069860352794e-05,1.050761986510e-05
"                  85",5.437214120555e-02,2.040501666755e-02,-6.889546740133e-03,5.424361101865e-02,2.049484730342e-02,-6.879729446815e-03,-1.285301869002e-04,8.983063586543e-05,9.817293318042e-06
"                  86",5.489628414508e-02,2.060970766276e-02,-6.916179357287e-03,5.476734918576e-02,2.070043119430e-02,-6.906653786839e-03,-1.289349593210e-04,9.072353153800e-05,9.525570448098e-06
"                  87",5.486974481754e-02,2.111753407834e-02,-6.868305252494e-03,5.473765656670e-02,2.121037496808e-02,-6.858554319080e-03,-1.320882508386e-04,9.284088974132e-05,9.750933414229e-06
"                  88",5.431951201099e-02,2.188976864511e-02,-6.762253771205e-03,5.418239920893e-02,2.198577091605e-02,-6.751873937542e-03,-1.371128020638e-04,9.600227094118e-05,1.037983366321e-05
"                  89",5.341288256488e-02,2.281251025966e-02,-6.632176011706e-03,5.327032268275e-02,2.291138042939e-02,-6.620911503668e-03,-1.425598821391e-04,9.887016973841e-05,1.126450803865e-05
"                  90",5.242270113303e-02,2.364361612036e-02,-6.517368550629e-03,5.227554905473e-02,2.374451210992e-02,-6.505187614693e-03,-1.471520782982e-04,1.008959895624e-04,1.218093593612e-05
"                  91",5.168429136941e-02,2.418616921690e-02,-6.451373410025e-03,5.153439890832e-02,2.428756635541e-02,-6.438474521427e-03,-1.498924610895e-04,1.013971385025e-04,1.289888859812e-05
"                  92",5.148131903140e-02,2.437193462180e-02,-6.459483324567e-03,5.133097112924e-02,2.447238205584e-02,-6.446227215532e-03,-1.503479021623e-04,1.004474340368e-04,1.325610903583e-05
"                  93",5.194362484715e-02,2.427815792959e-02,-6.545674843824e-03,5.179498909419e-02,2.437626217403e-02,-6.532472493441e-03,-1.486357529610e-04,9.810424443762e-05,1.320235038386e-05
"                  94",5.299857901527e-02,2.406682410561e-02,-6.694909985569e-03,5.285323314482e-02,2.416194218335e-02,-6.682192285209e-03,-1.453458704501e-04,9.511807773971e-05,1.271770035997e-05
"                  95",5.443954438102e-02,2.384819409865e-02,-6.874564691913e-03,5.429782788261e-02,2.394034543524e-02,-6.862588758122e-03,-1.417164984053e-04,9.215133659425e-05,1.197593379062e-05
"                  96",5.588989394845e-02,2.371889135406e-02,-7.041894344210e-03,5.575030777255e-02,2.380879493759e-02,-7.030681359474e-03,-1.395861758967e-04,8.990358352845e-05,1.121298473673e-05
"                  97",5.697018003413e-02,2.382090450983e-02,-7.157876605781e-03,5.682961875475e-02,2.391011688976e-02,-7.147169581241e-03,-1.405612793732e-04,8.921237993186e-05,1.070702454005e-05
"                  98",5.742401715224e-02,2.432077155938e-02,-7.195139238409e-03,5.727903392281e-02,2.441129251083e-02,-7.184496952292e-03,-1.449832294259e-04,9.052095144536e-05,1.064228611644e-05
"                  99",5.718961403395e-02,2.524397140973e-02,-7.154007323164e-03,5.703698967141e-02,2.533727745005e-02,-7.142945474971e-03,-1.526243625377e-04,9.330604032703e-05,1.106184819276e-05
"                 100",5.646638521438e-02,2.645800263020e-02,-7.056565416134e-03,5.630434108110e-02,2.655440958956e-02,-7.044697801870e-03,-1.620441332736e-04,9.640695935774e-05,1.186761426427e-05
"                 101",5.560054283316e-02,2.769244962280e-02,-6.942117988318e-03,5.542919452863e-02,2.779133256738e-02,-6.929251710308e-03,-1.713483045337e-04,9.888294457419e-05,1.286627801049e-05
"                 102",5.493168905608e-02,2.869943668820e-02,-6.855890860402e-03,5.475350319226e-02,2.879906479146e-02,-6.842176720553e-03,-1.781858638193e-04,9.962810325982e-05,1.371413984963e-05
"                 103",5.478497515118e-02,2.937571654986e-02,-6.833322695934e-03,5.460420290067e-02,2.947386364662e-02,-6.819002784050e-03,-1.807722505072e-04,9.814709676378e-05,1.431991188391e-05
"                 104",5.534338984910e-02,2.973221973146e-02,-6.884943739299e-03,5.516401958525e-02,2.982643466067e-02,-6.870603096265e-03,-1.793702638530e-04,9.421492920992e-05,1.434064303416e-05
"                 105",5.659270646071e-02,2.984813869286e-02,-7.006803915351e-03,5.641806915686e-02,2.993703006918e-02,-6.992949030943e-03,-1.746373038473e-04,8.889137632384e-05,1.385488440745e-05
"                 106",5.828798267146e-02,2.991608858078e-02,-7.173820420405e-03,5.811984606821e-02,2.999941057645e-02,-7.160786074387e-03,-1.681366032505e-04,8.332199566892e-05,1.303434601795e-05
"                 107",6.006067145348e-02,3.014059190336e-02,-7.342618297036e-03,5.989856570424e-02,3.021916725897e-02,-7.330642057681e-03,-1.621057492430e-04,7.857535561102e-05,1.197623935490e-05
"                 108",6.143893274872e-02,3.067511460322e-02,-7.472145708078e-03,6.127944356522e-02,3.075163638579e-02,-7.461003004537e-03,-1.594891835044e-04,7.652178256647e-05,1.114270354165e-05
"                 109",6.202038640870e-02,3.163199653298e-02,-7.533554051358e-03,6.185933134829e-02,3.170944537652e-02,-7.522936167300e-03,-1.610550604156e-04,7.744884353794e-05,1.061788405857e-05
"                 110",6.170052989243e-02,3.304094244579e-02,-7.520284365466e-03,6.153351186375e-02,3.312207542873e-02,-7.509691944077e-03,-1.670180286811e-04,8.113298294603e-05,1.059242138860e-05
"                 111",6.067356237898e-02,3.481456522919e-02,-7.446450186958e-03,6.049747253622e-02,3.490093469707e-02,-7.435453802151e-03,-1.760898427638e-04,8.636946787957e-05,1.099638480644e-05
"                 112",5.939099971256e-02,3.670454434662e-02,-7.344454688706e-03,5.920480709610e-02,3.679653681201e-02,-7.332837326093e-03,-1.861926164624e-04,9.199246539161e-05,1.161736261287e-05
"                 113",5.842976293880e-02,3.833239590362e-02,-7.264898082234e-03,5.823540402276e-02,3.842873069683e-02,-7.252645712642e-03,-1.943589160374e-04,9.633479320392e-05,1.225236959122e-05
"                 114",5.824487395101e-02,3.939230334937e-02,-7.247359903305e-03,5.804719117194e-02,3.949004230229e-02,-7.234779295720e-03,-1.976827790741e-04,9.773895292076e-05,1.258060758486e-05
"                 115",5.907610859560e-02,3.980222094942e-02,-7.308109749294e-03,5.888050685495e-02,3.989848266611e-02,-7.295614197654e-03,-1.956017406502e-04,9.626171668988e-05,1.249555163991e-05
"                 116",6.085399690612e-02,3.971370495513e-02,-7.442654579737e-03,6.066513602283e-02,3.980649128078e-02,-7.430712219885e-03,-1.888608832903e-04,9.278632564874e-05,1.194235985180e-05
"                 117",6.323576166298e-02,3.946987533440e-02,-7.628068841129e-03,6.305602919665e-02,3.955817228059e-02,-7.616999677321e-03,-1.797324663272e-04,8.829694619722e-05,1.106916380783e-05
"                 118",6.556601922253e-02,3.945661200204e-02,-7.820617604281e-03,6.539511602377e-02,3.954141226097e-02,-7.810570020117e-03,-1.709031987619e-04,8.480025893250e-05,1.004758416427e-05
"                 119",6.716459959934e-02,3.992958275404e-02,-7.969683642951e-03,6.699833474507e-02,4.001395654194e-02,-7.960464461316e-03,-1.662648542675e-04,8.437378790212e-05,9.219181634890e-06
"                 120",6.761346275793e-02,4.092403635800e-02,-8.041121295211e-03,6.744576656441e-02,4.101194554614e-02,-8.032322488351e-03,-1.676961935254e-04,8.790918813859e-05,8.798806859760e-06
"                 121",6.688429177660e-02,4.237232186974e-02,-8.023081114922e-03,6.670883890262e-02,4.246704436500e-02,-8.014176735015e-03,-1.754528739796e-04,9.472249526392e-05,8.904379907400e-06
"                 122",6.529385184027e-02,4.408361125900e-02,-7.931948277799e-03,6.510608221519e-02,4.418714354481e-02,-7.922422224010e-03,-1.877696250815e-04,1.035322858039e-04,9.526053788221e-06
"                 123",6.347362896948e-02,4.575777568150e-02,-7.805474606553e-03,6.327246809348e-02,4.586983235949e-02,-7.794977281446e-03,-2.011608760016e-04,1.120566779927e-04,1.049732510671e-05
"                 124",6.220651256752e-02,4.695017863766e-02,-7.700604285207e-03,6.199456286527e-02,4.706846486055e-02,-7.689037378345e-03,-2.119497022513e-04,1.182862228890e-04,1.156690686142e-05
"                 125",6.216652035592e-02,4.726655910334e-02,-7.665823347724e-03,6.194995197554e-02,4.738684972737e-02,-7.653395713238e-03,-2.165683803804e-04,1.202906240293e-04,1.242763448536e-05
"                 126",6.358479356638e-02,4.667688566477e-02,-7.722700010040e-03,6.337101719850e-02,4.679493475384e-02,-7.709865820045e-03,-2.137763678771e-04,1.180490890719e-04,1.283418999510e-05
"                 127",6.615205204408e-02,4.550178661082e-02,-7.865464435598e-03,6.594698614840e-02,4.561434274464e-02,-7.852754041627e-03,-2.050658956785e-04,1.125561338132e-04,1.271039397093e-05
"                 128",6.917892476083e-02,4.423569130374e-02,-8.062227811781e-03,6.898600840038e-02,4.434138596583e-02,-8.050208501090e-03,-1.929163604427e-04,1.056946620936e-04,1.201931069120e-05
"                 129",7.169346925129e-02,4.339071218057e-02,-8.256796707967e-03,7.151132234314e-02,4.349104780943e-02,-8.245753657440e-03,-1.821469081452e-04,1.003356288615e-04,1.104305052622e-05
"                 130",7.286573115397e-02,4.335022266714e-02,-8.389652600853e-03,7.268872745196e-02,4.344865996148e-02,-8.379560959778e-03,-1.770037020065e-04,9.843729433798e-05,1.009164107465e-05
"                 131",7.236665112593e-02,4.414526215787e-02,-8.427922220422e-03,7.218740797954e-02,4.424641642562e-02,-8.418441104540e-03,-1.792431463805e-04,1.011542677517e-04,9.481115881844e-06
"                 132",7.045326791757e-02,4.552661262995e-02,-8.367394384763e-03,7.026423858026e-02,4.563382648216e-02,-8.357989133058e-03,-1.890293373102e-04,1.072138522188e-04,9.405251704362e-06
"                 133",6.779919843700e-02,4.706878747737e-02,-8.236102551900e-03,6.759602838568e-02,4.718280208553e-02,-8.226185202121e-03,-2.031700513246e-04,1.140146081600e-04,9.917349779031e-06
"                 134",6.535221940149e-02,4.824403098636e-02,-8.090449796329e-03,6.513557878816e-02,4.836360121134e-02,-8.079721349236e-03,-2.166406133284e-04,1.195702249875e-04,1.072844709305e-05
"                 135",6.405847092417e-02,4.859886656708e-02,-7.992096539386e-03,6.383352682200e-02,4.872017163118e-02,-7.980503558360e-03,-2.249441021628e-04,1.213050641015e-04,1.159298102567e-05
"                 136",6.458426276969e-02,4.784632397123e-02,-7.977475181248e-03,6.435877907185e-02,4.796418011923e-02,-7.965325032606e-03,-2.254836978389e-04,1.178561479959e-04,1.215014864117e-05
"                 137",6.686309106078e-02,4.619250353162e-02,-8.060443585306e-03,6.664498395079e-02,4.630213151969e-02,-8.048316331249e-03,-2.181071099867e-04,1.096279880652e-04,1.212725405690e-05
"                 138",7.014022972318e-02,4.421476205720e-02,-8.221068503063e-03,6.993471692996e-02,4.431335632120e-02,-8.209560265935e-03,-2.055127932153e-04,9.859426399758e-05,1.150823712877e-05
"                 139",7.323287041659e-02,4.261353951064e-02,-8.415136783253e-03,7.304045853694e-02,4.270165010668e-02,-8.404677100430e-03,-1.924118796475e-04,8.811059603641e-05,1.045968282237e-05
"                 140",7.499027622859e-02,4.187491686871e-02,-8.585519865751e-03,7.480673365731e-02,4.195555849846e-02,-8.576212270335e-03,-1.835425712779e-04,8.064162974802e-05,9.307595415528e-06
"                 141",7.491100888324e-02,4.203776605847e-02,-8.689840631311e-03,7.472792759201e-02,4.211598607758e-02,-8.681384390930e-03,-1.830812912308e-04,7.822001910413e-05,8.456240380273e-06
"                 142",7.322901928482e-02,4.287196822396e-02,-8.706722473161e-03,7.303748671359e-02,4.295265239516e-02,-8.698629744842e-03,-1.915325712304e-04,8.068417120273e-05,8.092728318195e-06
"                 143",7.063688380828e-02,4.405105106283e-02,-8.651440319509e-03,7.043055812581e-02,4.413709981264e-02,-8.643110600181e-03,-2.063256824667e-04,8.604874981396e-05,8.329719327984e-06
"                 144",6.804390498684e-02,4.509212748564e-02,-8.553701771744e-03,6.782204312232e-02,4.518251941085e-02,-8.544632387663e-03,-2.218618645195e-04,9.039192520653e-05,9.069384080806e-06
"                 145",6.638470352836e-02,4.542736510382e-02,-8.466481477440e-03,6.615123053430e-02,4.551847441534e-02,-8.456480762740e-03,-2.334729940592e-04,9.110931152287e-05,1.000071469966e-05
"                 146",6.632445605273e-02,4.456325055403e-02,-8.429944138360e-03,6.608610064664e-02,4.464917001153e-02,-8.419137104877e-03,-2.383554060842e-04,8.591945750382e-05,1.080703348251e-05
"                 147",6.809202989668e-02,4.244951228917e-02,-8.476004719217e-03,6.785719338167e-02,4.252492160607e-02,-8.464753696221e-03,-2.348365150029e-04,7.540931690777e-05,1.125102299603e-05
"                 148",7.119029433827e-02,3.971044610918e-02,-8.602056287758e-03,7.096499561775e-02,3.977195278139e-02,-8.590876131569e-03,-2.252987205138e-04,6.150667220667e-05,1.118015618921e-05
"                 149",7.447020384537e-02,3.723579397562e-02,-8.779788477788e-03,7.425665540967e-02,3.728282915991e-02,-8.769092914777e-03,-2.135484356910e-04,4.703518428598e-05,1.069556301106e-05
"                 150",7.674183064884e-02,3.567550774989e-02,-8.950483142325e-03,7.653693360261e-02,3.571078607531e-02,-8.940504545052e-03,-2.048970462329e-04,3.527832542798e-05,9.978597272916e-06
"                 151",7.741191675374e-02,3.508265131839e-02,-9.071594370020e-03,7.720890409661e-02,3.511115798024e-02,-9.062179735774e-03,-2.030126571329e-04,2.850666185268e-05,9.414634246621e-06
"                 152",7.657126643014e-02,3.519438443808e-02,-9.116684883928e-03,7.636259074238e-02,3.522090188720e-02,-9.107502718811e-03,-2.086756877590e-04,2.651744912247e-05,9.182165117011e-06
"                 153",7.473693394047e-02,3.572995426679e-02,-9.092639041961e-03,7.451673814135e-02,3.575700430094e-02,-9.083245512007e-03,-2.201957991196e-04,2.705003414370e-05,9.393529954275e-06
"                 154",7.248775365590e-02,3.642882492701e-02,-9.022926922219e-03,7.225452272185e-02,3.645593288505e-02,-9.012991127323e-03,-2.332309340471e-04,2.710795804056e-05,9.935794895864e-06
"                 155",7.056196657188e-02,3.682684775717e-02,-8.948909817043e-03,7.031785579996e-02,3.685109830783e-02,-8.938213808688e-03,-2.441107719227e-04,2.425055065987e-05,1.069600835497e-05
"                 156",6.967032543277e-02,3.638620581797e-02,-8.902147463331e-03,6.942086994976e-02,3.640340463215e-02,-8.890773059868e-03,-2.494554830040e-04,1.719881418214e-05,1.137440346333e-05
"                 157",7.029787047782e-02,3.486502216144e-02,-8.909473349826e-03,7.005017600235e-02,3.487037724707e-02,-8.897747583767e-03,-2.476944754671e-04,5.355085629088e-06,1.172576605936e-05
"                 158",7.221718814092e-02,3.270646490686e-02,-8.979107703961e-03,7.197773779914e-02,3.269648327178e-02,-8.967370905885e-03,-2.394503417821e-04,-9.981635082144e-06,1.173679807617e-05
"                 159",7.463595857338e-02,3.069883972308e-02,-9.102145530335e-03,7.440789475196e-02,3.067322820900e-02,-9.090862745388e-03,-2.280638214192e-04,-2.561151408239e-05,1.128278494733e-05
"                 160",7.658435971523e-02,2.944506382200e-02,-9.242187728768e-03,7.636631999046e-02,2.940645564441e-02,-9.231541267152e-03,-2.180397247699e-04,-3.860817759177e-05,1.064646161576e-05
"                 161",7.747782377685e-02,2.906793311728e-02,-9.355224882661e-03,7.726479745115e-02,2.901982533068e-02,-9.345232033920e-03,-2.130263256948e-04,-4.810778659795e-05,9.992848741375e-06
"                 162",7.718194244498e-02,2.932630498474e-02,-9.405344504675e-03,7.696737408980e-02,2.927306642663e-02,-9.395807682959e-03,-2.145683551846e-04,-5.323855811180e-05,9.536821715856e-06
"                 163",7.600002154437e-02,2.991663712909e-02,-9.395251788483e-03,7.577863308923e-02,2.986140234842e-02,-9.385853581971e-03,-2.213884551486e-04,-5.523478067903e-05,9.398206511994e-06
"                 164",7.426372124746e-02,3.072662774021e-02,-9.342800164502e-03,7.403226321042e-02,3.067019517323e-02,-9.333282832596e-03,-2.314580370392e-04,-5.643256697770e-05,9.517331905833e-06
"                 165",7.244291010033e-02,3.152149556469e-02,-9.287033334596e-03,7.220156758703e-02,3.146219937484e-02,-9.277159570963e-03,-2.413425132972e-04,-5.929618985523e-05,9.873763632744e-06
"                 166",7.112010461975e-02,3.187660625776e-02,-9.255912238764e-03,7.087222947114e-02,3.181157659583e-02,-9.245699314853e-03,-2.478751486097e-04,-6.502966192406e-05,1.021292391071e-05
"                 167",7.088063959827e-02,3.140884797411e-02,-9.273779541093e-03,7.063211644237e-02,3.133482558115e-02,-9.263324803126e-03,-2.485231559010e-04,-7.402239295569e-05,1.045473796775e-05
"                 168",7.185149333537e-02,3.015835304523e-02,-9.342858962317e-03,7.160817880899e-02,3.007239433173e-02,-9.332490780524e-03,-2.433145263799e-04,-8.595871350325e-05,1.036818179255e-05
"                 169",7.359884116091e-02,2.868529149518e-02,-9.455002714004e-03,7.336405228611e-02,2.858650509002e-02,-9.444955240115e-03,-2.347888748007e-04,-9.878640515966e-05,1.004747388901e-05
"                 170",7.544525697561e-02,2.757475971180e-02,-9.585627082908e-03,7.521904961735e-02,2.746401748871e-02,-9.576056591107e-03,-2.262073582640e-04,-1.107422230834e-04,9.570491800781e-06
"                 171",7.681742533920e-02,2.707608744652e-02,-9.708885286509e-03,7.659728478681e-02,2.695609525705e-02,-9.699792502588e-03,-2.201405523888e-04,-1.199921894739e-04,9.092783921175e-06
"                 172",7.738786679555e-02,2.708624142726e-02,-9.792139092371e-03,7.716881955218e-02,2.696024958023e-02,-9.783334294575e-03,-2.190472433773e-04,-1.259918470298e-04,8.804797795180e-06
"                 173",7.724789888820e-02,2.731381469341e-02,-9.820973799645e-03,7.702453169071e-02,2.718450940006e-02,-9.812198896942e-03,-2.233671974900e-04,-1.293052933502e-04,8.774902703213e-06
"                 174",7.658508886665e-02,2.759897163376e-02,-9.802362470600e-03,7.635417916020e-02,2.746741511833e-02,-9.793334361357e-03,-2.309097064505e-04,-1.315565154368e-04,9.028109243082e-06
"                 175",7.573802396983e-02,2.789017548082e-02,-9.770633981374e-03,7.549808982430e-02,2.775598328110e-02,-9.761046333908e-03,-2.399341455259e-04,-1.341921997202e-04,9.587647466116e-06
"                 176",7.499515029679e-02,2.805363854853e-02,-9.754975934467e-03,7.474806497896e-02,2.791458074499e-02,-9.744781457203e-03,-2.470853178301e-04,-1.390578035413e-04,1.019447726327e-05
"                 177",7.474361100811e-02,2.782621433770e-02,-9.784971780382e-03,7.449389205918e-02,2.767986664857e-02,-9.774295718536e-03,-2.497189489304e-04,-1.463476891305e-04,1.067606184583e-05
"                 178",7.524802098412e-02,2.710472679984e-02,-9.862879847514e-03,7.500006560798e-02,2.694818527485e-02,-9.851982306808e-03,-2.479553761358e-04,-1.565415249927e-04,1.089754070622e-05
"                 179",7.643750831832e-02,2.606636607379e-02,-9.973702914559e-03,7.619502754888e-02,2.589840299746e-02,-9.962915214813e-03,-2.424807694415e-04,-1.679630763291e-04,1.078769974649e-05
"                 180",7.782209744525e-02,2.505298530508e-02,-1.008427492374e-02,7.758691722234e-02,2.487349803332e-02,-1.007378862717e-02,-2.351802229134e-04,-1.794872717605e-04,1.048629657818e-05
"                 181",7.894938899690e-02,2.438272423858e-02,-1.017579477889e-02,7.872100530834e-02,2.419338389182e-02,-1.016565521532e-02,-2.283836885671e-04,-1.893403467679e-04,1.013956357043e-05
"                 182",7.947344483904e-02,2.411199851893e-02,-1.023378632166e-02,7.924888350401e-02,2.391442827571e-02,-1.022388919740e-02,-2.245613350298e-04,-1.975702432120e-04,9.897124259509e-06
"                 183",7.935265492871e-02,2.411666221066e-02,-1.025273525186e-02,7.912841082597e-02,2.391390433447e-02,-1.024290659599e-02,-2.242441027446e-04,-2.027578761859e-04,9.828655870436e-06
"                 184",7.876145867679e-02,2.431183003591e-02,-1.023216236262e-02,7.853399432301e-02,2.410629515516e-02,-1.022226966348e-02,-2.274643537874e-04,-2.055348807560e-04,9.892699134433e-06
"                 185",7.789844142659e-02,2.463407009220e-02,-1.019780182944e-02,7.766650330530e-02,2.442548940107e-02,-1.018767852082e-02,-2.319381212932e-04,-2.085806911336e-04,1.012330861345e-05
"                 186",7.702466970191e-02,2.499965294482e-02,-1.017300006869e-02,7.678850345091e-02,2.478765411515e-02,-1.016271394166e-02,-2.361662510056e-04,-2.119988296693e-04,1.028612703062e-05
"                 187",7.642603068012e-02,2.526852942011e-02,-1.018315195593e-02,7.618838754675e-02,2.505151899933e-02,-1.017273554670e-02,-2.376431333738e-04,-2.170104207858e-04,1.041640923261e-05
"                 188",7.627052268818e-02,2.528496112285e-02,-1.023320136414e-02,7.603512314925e-02,2.506118955174e-02,-1.022290953088e-02,-2.353995389310e-04,-2.237715711061e-04,1.029183325839e-05
"                 189",7.660444493732e-02,2.504191640801e-02,-1.031732487599e-02,7.637380158867e-02,2.481045383595e-02,-1.030737982323e-02,-2.306433486440e-04,-2.314625720601e-04,9.945052762105e-06
"                 190",7.726911041841e-02,2.470458448671e-02,-1.041005019531e-02,7.704511612712e-02,2.446447887219e-02,-1.040062342790e-02,-2.239942912894e-04,-2.401056145195e-04,9.426767402055e-06
"                 191",7.791752574082e-02,2.439077306164e-02,-1.049418656297e-02,7.769927144624e-02,2.414305410840e-02,-1.048531813560e-02,-2.182542945820e-04,-2.477189532380e-04,8.868427369982e-06
"                 192",7.822978154610e-02,2.427302424323e-02,-1.054955831482e-02,7.801665745329e-02,2.401881220575e-02,-1.054122198648e-02,-2.131240928073e-04,-2.542120374808e-04,8.336328343417e-06
"                 193",7.811233757282e-02,2.437349116157e-02,-1.057703887631e-02,7.790034893326e-02,2.411447324893e-02,-1.056901865774e-02,-2.119886395575e-04,-2.590179126397e-04,8.020218571473e-06
"                 194",7.766563082423e-02,2.461263397655e-02,-1.058314550889e-02,7.745206718728e-02,2.435049309824e-02,-1.057510975991e-02,-2.135636369523e-04,-2.621408783133e-04,8.035748981673e-06
"                 195",7.718424171026e-02,2.491766998946e-02,-1.058548839214e-02,7.696758987429e-02,2.465387299681e-02,-1.057727696850e-02,-2.166518359687e-04,-2.637969926481e-04,8.211423640620e-06
"                 196",7.683657815610e-02,2.522079930281e-02,-1.059855340132e-02,7.661626213631e-02,2.495494811819e-02,-1.059011425067e-02,-2.203160197855e-04,-2.658511846204e-04,8.439150649105e-06
"                 197",7.681469024099e-02,2.542115883828e-02,-1.064055418980e-02,7.659179397531e-02,2.515303142255e-02,-1.063188542900e-02,-2.228962656824e-04,-2.681274157319e-04,8.668760794217e-06
"                 198",7.712931084139e-02,2.549805043899e-02,-1.071161548314e-02,7.690606118081e-02,2.522586114047e-02,-1.070290563812e-02,-2.232496605790e-04,-2.721892985206e-04,8.709845014063e-06
"                 199",7.780197423094e-02,2.541212047134e-02,-1.080796775747e-02,7.758067600782e-02,2.513452695167e-02,-1.079939207200e-02,-2.212982231185e-04,-2.775935196774e-04,8.575685470716e-06
"                 200",7.871825519582e-02,2.518437599376e-02,-1.091545739710e-02,7.850014600435e-02,2.490060439993e-02,-1.090710485555e-02,-2.181091914670e-04,-2.837715938267e-04,8.352541548799e-06
"                 201",7.970223361836e-02,2.483247825104e-02,-1.102035389675e-02,7.948790604878e-02,2.454269259322e-02,-1.101220526343e-02,-2.143275695749e-04,-2.897856578196e-04,8.148633319896e-06
"                 202",8.054453168322e-02,2.450731041345e-02,-1.110343796795e-02,8.033328998854e-02,2.421171403210e-02,-1.109538357717e-02,-2.112416946735e-04,-2.955963813523e-04,8.054390784923e-06
"                 203",8.106179016320e-02,2.426353579893e-02,-1.115936287209e-02,8.085177999548e-02,2.396314547805e-02,-1.115122642834e-02,-2.100101677207e-04,-3.003903208877e-04,8.136443746123e-06
"                 204",8.123455964276e-02,2.420421216816e-02,-1.118895286537e-02,8.102385082928e-02,2.390063224417e-02,-1.118047467140e-02,-2.107088134792e-04,-3.035799239885e-04,8.478193972942e-06
"                 205",8.118572628872e-02,2.425105838145e-02,-1.120737859297e-02,8.097312900050e-02,2.394547948795e-02,-1.119842283734e-02,-2.125972882204e-04,-3.055788934938e-04,8.955755630996e-06
"                 206",8.107390733140e-02,2.438934840267e-02,-1.122743619702e-02,8.085891143168e-02,2.408232821068e-02,-1.121795956713e-02,-2.149958997210e-04,-3.070201919948e-04,9.476629892295e-06
"                 207",8.106164423075e-02,2.451349276684e-02,-1.126410863985e-02,8.084495417682e-02,2.420485109169e-02,-1.125421361053e-02,-2.166900539311e-04,-3.086416751493e-04,9.895029324508e-06
"                 208",8.120200765988e-02,2.460379158739e-02,-1.132042874335e-02,8.098490509206e-02,2.429297342619e-02,-1.131030347780e-02,-2.171025678207e-04,-3.108181612023e-04,1.012526555276e-05
"                 209",8.148962888598e-02,2.457176213662e-02,-1.139633855516e-02,8.127406931835e-02,2.425814601032e-02,-1.138622597348e-02,-2.155595676262e-04,-3.136161263025e-04,1.011258168223e-05
"                 210",8.187914266100e-02,2.448338203487e-02,-1.147718527698e-02,8.166658834286e-02,2.416630733964e-02,-1.146720519069e-02,-2.125543181422e-04,-3.170746952319e-04,9.980086289732e-06
"                 211",8.227275569996e-02,2.429493916781e-02,-1.155122486963e-02,8.206399604796e-02,2.397416383952e-02,-1.154147694265e-02,-2.087596519976e-04,-3.207753282896e-04,9.747926983674e-06
"                 212",8.257091192232e-02,2.413271258600e-02,-1.160053161178e-02,8.236606451849e-02,2.380814039604e-02,-1.159101306048e-02,-2.048474038339e-04,-3.245721899598e-04,9.518551298337e-06
"                 213",8.259038702022e-02,2.401068252902e-02,-1.162313766759e-02,8.238871227563e-02,2.368290522060e-02,-1.161378950603e-02,-2.016747445865e-04,-3.277773084210e-04,9.348161559335e-06
"                 214",8.229759012135e-02,2.403282146355e-02,-1.161911371169e-02,8.209794716400e-02,2.370238401433e-02,-1.160983346349e-02,-1.996429573484e-04,-3.304374492249e-04,9.280248200866e-06
"                 215",8.174785112784e-02,2.416494846218e-02,-1.160536104265e-02,8.154886592877e-02,2.383315346831e-02,-1.159600549938e-02,-1.989851990661e-04,-3.317949938739e-04,9.355543270127e-06
"                 216",8.105334238804e-02,2.442781835290e-02,-1.159391677967e-02,8.085426261536e-02,2.409533260406e-02,-1.158443743079e-02,-1.990797726825e-04,-3.324857488387e-04,9.479348874706e-06
"                 217",8.040661693889e-02,2.473509865316e-02,-1.160213221115e-02,8.020690809775e-02,2.440252256166e-02,-1.159252522036e-02,-1.997088411493e-04,-3.325760915010e-04,9.606990789840e-06
"                 218",7.998269725537e-02,2.501081765237e-02,-1.163355387269e-02,7.978282908006e-02,2.467800737992e-02,-1.162394129718e-02,-1.998681753157e-04,-3.328102724539e-04,9.612575510125e-06
"                 219",7.985244843691e-02,2.519923859608e-02,-1.169309993756e-02,7.965316816875e-02,2.486592014629e-02,-1.168360537698e-02,-1.992802681551e-04,-3.333184497877e-04,9.494560573707e-06
"                 220",7.997603443352e-02,2.532011669287e-02,-1.177275926126e-02,7.977855320959e-02,2.498532108079e-02,-1.176354565949e-02,-1.974812239353e-04,-3.347956120865e-04,9.213601771863e-06
"                 221",8.032418341099e-02,2.534730475371e-02,-1.186318723192e-02,8.012925934255e-02,2.501023494472e-02,-1.185434571583e-02,-1.949240684467e-04,-3.370698089917e-04,8.841516093141e-06
"                 222",8.079838611641e-02,2.531492815100e-02,-1.194656164166e-02,8.060650513120e-02,2.497490981139e-02,-1.193811842349e-02,-1.918809852109e-04,-3.400183396110e-04,8.443218166894e-06
"                 223",8.130381308914e-02,2.524062375400e-02,-1.201525103513e-02,8.111486666902e-02,2.489741168855e-02,-1.200712768969e-02,-1.889464201216e-04,-3.432120654496e-04,8.123345440134e-06
"                 224",8.176004432585e-02,2.513963048892e-02,-1.206269053746e-02,8.157347741801e-02,2.479310833679e-02,-1.205475903075e-02,-1.865669078490e-04,-3.465221521296e-04,7.931506709259e-06
"                 225",8.217101401032e-02,2.506478878743e-02,-1.209800527796e-02,8.198567171980e-02,2.471534476335e-02,-1.209005958121e-02,-1.853422905239e-04,-3.494440240737e-04,7.945696749477e-06
"                 226",8.256692662191e-02,2.508919107141e-02,-1.213098742101e-02,8.238148848031e-02,2.473734229817e-02,-1.212286020193e-02,-1.854381416020e-04,-3.518487732408e-04,8.127219081710e-06
"                 227",8.298838972035e-02,2.514342252748e-02,-1.217682091706e-02,8.280191608404e-02,2.478975985569e-02,-1.216840168030e-02,-1.864736363037e-04,-3.536626717830e-04,8.419236766847e-06
"                 228",8.350006446322e-02,2.521889028215e-02,-1.224250834316e-02,8.331225390898e-02,2.486378926468e-02,-1.223376774497e-02,-1.878105542441e-04,-3.551010174749e-04,8.740598194102e-06
"                 229",8.416987783884e-02,2.524527387531e-02,-1.233345583122e-02,8.398096283722e-02,2.488874868543e-02,-1.232442169956e-02,-1.889150016219e-04,-3.565251898790e-04,9.034131658713e-06
"                 230",8.500745789177e-02,2.521695913122e-02,-1.244209387374e-02,8.481820238867e-02,2.485858004306e-02,-1.243284216962e-02,-1.892555031010e-04,-3.583790881635e-04,9.251704122770e-06
"                 231",8.602724466576e-02,2.513714157540e-02,-1.256124485500e-02,8.583833419937e-02,2.477632495625e-02,-1.255185920719e-02,-1.889104663901e-04,-3.608166191470e-04,9.385647808771e-06
"                 232",8.712920692692e-02,2.500290167785e-02,-1.267715663575e-02,8.694126781840e-02,2.463905088511e-02,-1.266767653611e-02,-1.879391085250e-04,-3.638507927422e-04,9.480099631520e-06
"                 233",8.817292611884e-02,2.481227637471e-02,-1.277851722838e-02,8.798633326380e-02,2.444513065724e-02,-1.276895150813e-02,-1.865928550380e-04,-3.671457174664e-04,9.565720245395e-06
"                 234",8.903214547168e-02,2.462998049433e-02,-1.285287469144e-02,8.884709887423e-02,2.425943498591e-02,-1.284320546445e-02,-1.850465974477e-04,-3.705455084209e-04,9.669226990835e-06
"                 235",8.967511851898e-02,2.451241194260e-02,-1.290194071656e-02,8.949146319761e-02,2.413869915931e-02,-1.289211020705e-02,-1.836553213649e-04,-3.737127832842e-04,9.830509513691e-06
"                 236",9.006753073021e-02,2.448928246434e-02,-1.292961185841e-02,8.988501052318e-02,2.411273061293e-02,-1.291954449797e-02,-1.825202070299e-04,-3.765518514139e-04,1.006736044487e-05
"                 237",9.026966034205e-02,2.456546711387e-02,-1.294934170191e-02,9.008773173884e-02,2.418678664505e-02,-1.293895847343e-02,-1.819286032030e-04,-3.786804688142e-04,1.038322847831e-05
"                 238",9.030245988807e-02,2.472528237772e-02,-1.296855898388e-02,9.012060959619e-02,2.434521894470e-02,-1.295783442187e-02,-1.818502918770e-04,-3.800634330169e-04,1.072456200337e-05
"                 239",9.020417403146e-02,2.496089836811e-02,-1.299550993690e-02,9.002191043967e-02,2.458032496469e-02,-1.298445952668e-02,-1.822635917958e-04,-3.805734034185e-04,1.105041021190e-05
"                 240",8.999498913595e-02,2.528550942911e-02,-1.302948348599e-02,8.981229405482e-02,2.490479220814e-02,-1.301821128597e-02,-1.826950811249e-04,-3.807172209701e-04,1.127220001619e-05
"                 241",8.974783790985e-02,2.569620212603e-02,-1.307285120518e-02,8.956484577081e-02,2.531535481579e-02,-1.306146719964e-02,-1.829921390450e-04,-3.808473102422e-04,1.138400554161e-05
"                 242",8.945727025377e-02,2.612927768121e-02,-1.311671080285e-02,8.927416844449e-02,2.574775893615e-02,-1.310536463222e-02,-1.831018092731e-04,-3.815187450526e-04,1.134617062538e-05
"                 243",8.913876794556e-02,2.651981935547e-02,-1.315884494318e-02,8.895568929401e-02,2.613725475145e-02,-1.314759556317e-02,-1.830786515413e-04,-3.825646040212e-04,1.124938000294e-05
"                 244",8.875342670132e-02,2.685671880988e-02,-1.318919890899e-02,8.857053161331e-02,2.647243383475e-02,-1.317813822200e-02,-1.828950880151e-04,-3.842849751358e-04,1.106068698508e-05
"                 245",8.833584526689e-02,2.714741227587e-02,-1.320714307144e-02,8.815289552919e-02,2.676102398548e-02,-1.319626821206e-02,-1.829497376975e-04,-3.863882903816e-04,1.087485937403e-05
"                 246",8.786892804510e-02,2.746917738137e-02,-1.320546354530e-02,8.768580255083e-02,2.708090198774e-02,-1.319489215313e-02,-1.831254942755e-04,-3.882753936381e-04,1.057139216960e-05
"                 247",8.739378293810e-02,2.789840250844e-02,-1.319794376094e-02,8.721024801193e-02,2.750845636354e-02,-1.318758205241e-02,-1.835349261734e-04,-3.899461449007e-04,1.036170852604e-05
"                 248",8.697211824354e-02,2.841970262160e-02,-1.318989029488e-02,8.678738893367e-02,2.802782023893e-02,-1.317968098713e-02,-1.847293098645e-04,-3.918823826641e-04,1.020930775833e-05
"                 249",8.670253992848e-02,2.894234262173e-02,-1.319437264558e-02,8.651594601759e-02,2.854900321432e-02,-1.318432582586e-02,-1.865939108874e-04,-3.933394074074e-04,1.004681971569e-05
"                 250",8.663322293754e-02,2.942727010545e-02,-1.321786309498e-02,8.644434501657e-02,2.903220876159e-02,-1.320791500988e-02,-1.888779209695e-04,-3.950613438578e-04,9.948085103267e-06
"                 251",8.679407161058e-02,2.986994448655e-02,-1.326805688743e-02,8.660299734155e-02,2.947346299813e-02,-1.325824865982e-02,-1.910742690303e-04,-3.964814884112e-04,9.808227609257e-06
"                 252",8.717103671540e-02,3.027466138692e-02,-1.334346226741e-02,8.697780635193e-02,2.987644276057e-02,-1.333363129878e-02,-1.932303634644e-04,-3.982186263465e-04,9.830968632842e-06
"                 253",8.776843285555e-02,3.062991707470e-02,-1.343804398755e-02,8.757389255982e-02,3.023022840619e-02,-1.342828540556e-02,-1.945402957270e-04,-3.996886685134e-04,9.758581982280e-06
"                 254",8.858726367899e-02,3.092416652117e-02,-1.353746332125e-02,8.839213536296e-02,3.052255594597e-02,-1.352781802694e-02,-1.951283160267e-04,-4.016105752034e-04,9.645294309623e-06
"                 255",8.965018147526e-02,3.107724768441e-02,-1.363885023098e-02,8.945521738882e-02,3.067342275126e-02,-1.362937631217e-02,-1.949640864329e-04,-4.038249331501e-04,9.473918816679e-06
"                 256",9.091181192677e-02,3.105635948016e-02,-1.374167057119e-02,9.071724363084e-02,3.064950545260e-02,-1.373224793430e-02,-1.945682959309e-04,-4.068540275593e-04,9.422636893116e-06
"                 257",9.231099982254e-02,3.096157618899e-02,-1.384739866212e-02,9.211681698514e-02,3.055124777534e-02,-1.383799055095e-02,-1.941828374044e-04,-4.103284136459e-04,9.408111163883e-06
"                 258",9.377509648245e-02,3.091007625336e-02,-1.395070426066e-02,9.358103853037e-02,3.049593641436e-02,-1.394122504714e-02,-1.940579520795e-04,-4.141398389972e-04,9.479213525525e-06
"                 259",9.528593421886e-02,3.084897036988e-02,-1.405231376985e-02,9.509168247867e-02,3.043133498418e-02,-1.404262670019e-02,-1.942517401992e-04,-4.176353857037e-04,9.687069660439e-06
"                 260",9.679051274827e-02,3.076158801216e-02,-1.415366632158e-02,9.659594156018e-02,3.034031344906e-02,-1.414368323868e-02,-1.945711880910e-04,-4.212745631010e-04,9.983082902839e-06
"                 261",9.822715713277e-02,3.066024174409e-02,-1.425767300334e-02,9.803208220783e-02,3.023601038855e-02,-1.424724936493e-02,-1.950749249357e-04,-4.242313555340e-04,1.042363840956e-05
"                 262",9.953644659299e-02,3.065092193320e-02,-1.436318689143e-02,9.934085398268e-02,3.022401806755e-02,-1.435229648165e-02,-1.955926103171e-04,-4.269038656457e-04,1.089040977775e-05
"                 263",1.007174186542e-01,3.074492281289e-02,-1.447120106407e-02,1.005215227322e-01,3.031607876915e-02,-1.445982356014e-02,-1.958959220495e-04,-4.288440437317e-04,1.137750392293e-05
"                 264",1.017563941200e-01,3.089345506771e-02,-1.457705440276e-02,1.015608082783e-01,3.046282777666e-02,-1.456536864581e-02,-1.955858417029e-04,-4.306272910450e-04,1.168575694634e-05
"                 265",1.026061053680e-01,3.103738181147e-02,-1.467947552122e-02,1.024115363129e-01,3.060526000192e-02,-1.466755860086e-02,-1.945690550667e-04,-4.321218095434e-04,1.191692035979e-05
"                 266",1.032098154063e-01,3.116538119553e-02,-1.476851587827e-02,1.030170368075e-01,3.073168230039e-02,-1.475656399587e-02,-1.927785988190e-04,-4.336988951395e-04,1.195188239937e-05
"                 267",1.035991212627e-01,3.129793355380e-02,-1.484392484662e-02,1.034085453918e-01,3.086268994070e-02,-1.483196506844e-02,-1.905758708401e-04,-4.352436130979e-04,1.195977817951e-05
"                 268",1.037619713646e-01,3.148133383569e-02,-1.489888287407e-02,1.035731114411e-01,3.104462146778e-02,-1.488697648511e-02,-1.888599234888e-04,-4.367123679081e-04,1.190638896357e-05
"                 269",1.036781661984e-01,3.173246151208e-02,-1.493345850991e-02,1.034902250788e-01,3.129473899254e-02,-1.492155360595e-02,-1.879411195806e-04,-4.377225195353e-04,1.190490395855e-05
"                 270",1.032861700390e-01,3.206686229322e-02,-1.494482237494e-02,1.030980386479e-01,3.162851873391e-02,-1.493288312372e-02,-1.881313910649e-04,-4.383435593065e-04,1.193925122235e-05
"                 271",1.025943217041e-01,3.249135113952e-02,-1.493809121201e-02,1.024049815911e-01,3.205265252139e-02,-1.492608098507e-02,-1.893401130191e-04,-4.386986181295e-04,1.201022693473e-05
"                 272",1.016544934851e-01,3.306757360197e-02,-1.491736133623e-02,1.014629704445e-01,3.262861874200e-02,-1.490523466259e-02,-1.915230405734e-04,-4.389548599679e-04,1.212667364019e-05
"                 273",1.005279845251e-01,3.378738549928e-02,-1.489072413167e-02,1.003341604368e-01,3.334824484578e-02,-1.487859215244e-02,-1.938240883511e-04,-4.391406535008e-04,1.213197922661e-05
"                 274",9.927896508271e-02,3.454194989775e-02,-1.486306853460e-02,9.908312904575e-02,3.410294945760e-02,-1.485101602690e-02,-1.958360369627e-04,-4.390004401554e-04,1.205250770418e-05
"                 275",9.804772919417e-02,3.523583626881e-02,-1.484260932196e-02,9.785028868056e-02,3.479718452621e-02,-1.483083119962e-02,-1.974405136094e-04,-4.386517425936e-04,1.177812233715e-05
"                 276",9.699426654663e-02,3.590521050600e-02,-1.483306988599e-02,9.679491555714e-02,3.546667015438e-02,-1.482155213768e-02,-1.993509894874e-04,-4.385403516236e-04,1.151774830999e-05
"                 277",9.615115682243e-02,3.664103979866e-02,-1.483456078348e-02,9.594958142219e-02,3.620234136494e-02,-1.482343574254e-02,-2.015754002348e-04,-4.386984337248e-04,1.112504093671e-05
"                 278",9.544185387581e-02,3.747624759797e-02,-1.484307548192e-02,9.523752976064e-02,3.703696934350e-02,-1.483229260707e-02,-2.043241151740e-04,-4.392782544703e-04,1.078287485362e-05
"                 279",9.479069838894e-02,3.829300654621e-02,-1.485491249922e-02,9.458260723312e-02,3.785296952660e-02,-1.484444867397e-02,-2.080911558213e-04,-4.400370196085e-04,1.046382525334e-05
"                 280",9.424240476149e-02,3.896489395108e-02,-1.486824602223e-02,9.402966075446e-02,3.852353113741e-02,-1.485794522362e-02,-2.127440070323e-04,-4.413628136681e-04,1.030079861414e-05
"                 281",9.397914385809e-02,3.947347035293e-02,-1.489043033261e-02,9.376055967802e-02,3.903032807699e-02,-1.488017776295e-02,-2.185841800706e-04,-4.431422759400e-04,1.025256965306e-05
"                 282",9.408709138864e-02,3.982168515283e-02,-1.492546072083e-02,9.386180572600e-02,3.937619343167e-02,-1.491511580847e-02,-2.252856626409e-04,-4.454917211600e-04,1.034491236117e-05
"                 283",9.451946406653e-02,4.004277786119e-02,-1.497707718763e-02,9.428753841834e-02,3.959467828208e-02,-1.496658262294e-02,-2.319256481938e-04,-4.480995791099e-04,1.049456468516e-05
"                 284",9.519204861427e-02,4.019853423766e-02,-1.504419082775e-02,9.495481667626e-02,3.974817187845e-02,-1.503359464652e-02,-2.372319380021e-04,-4.503623592075e-04,1.059618122616e-05
"                 285",9.608914053152e-02,4.026365077276e-02,-1.513219809709e-02,9.584794939381e-02,3.981111924743e-02,-1.512148329011e-02,-2.411911377067e-04,-4.525315253285e-04,1.071480698027e-05
"                 286",9.726306441462e-02,4.018787755544e-02,-1.524125132586e-02,9.701895907666e-02,3.973343197565e-02,-1.523045618042e-02,-2.441053379633e-04,-4.544455797924e-04,1.079514544236e-05
"                 287",9.880976651036e-02,4.000796940623e-02,-1.537425830653e-02,9.856311868496e-02,3.955148299528e-02,-1.536325605163e-02,-2.466478254011e-04,-4.564864109464e-04,1.100225489549e-05
"                 288",1.007463376708e-01,3.978101012510e-02,-1.552423989273e-02,1.004971753698e-01,3.932245043463e-02,-1.551300542842e-02,-2.491623009772e-04,-4.585596904685e-04,1.123446430862e-05
"                 289",1.030019980331e-01,3.957029466422e-02,-1.568959273553e-02,1.027503225820e-01,3.910939285978e-02,-1.567796267913e-02,-2.516754510417e-04,-4.609018044395e-04,1.163005640501e-05
"                 290",1.054312449445e-01,3.928535918180e-02,-1.586045196110e-02,1.051772003599e-01,3.882192757452e-02,-1.584837279866e-02,-2.540445846059e-04,-4.634316072806e-04,1.207916243892e-05
"                 291",1.078533780285e-01,3.888344080926e-02,-1.603360164641e-02,1.075976309783e-01,3.841718992179e-02,-1.602101706405e-02,-2.557470502251e-04,-4.662508874649e-04,1.258458235893e-05
"                 292",1.100052541184e-01,3.844596714097e-02,-1.619495863972e-02,1.097488125300e-01,3.797697678259e-02,-1.618189199752e-02,-2.564415884312e-04,-4.689903583805e-04,1.306664220546e-05
"                 293",1.118657929114e-01,3.817070129798e-02,-1.634255835199e-02,1.116095930476e-01,3.769916494279e-02,-1.632903135919e-02,-2.561998637479e-04,-4.715363551910e-04,1.352699280206e-05
"                 294",1.135740162265e-01,3.808818892604e-02,-1.647784354295e-02,1.133191984290e-01,3.761473670650e-02,-1.646386444209e-02,-2.548177975325e-04,-4.734522195314e-04,1.397910085920e-05
"                 295",1.152267219899e-01,3.815775547703e-02,-1.660773293517e-02,1.149748264146e-01,3.768297250975e-02,-1.659345807783e-02,-2.518955752134e-04,-4.747829672739e-04,1.427485734473e-05
"                 296",1.167454804866e-01,3.823429980235e-02,-1.673026839537e-02,1.164977114456e-01,3.775878986127e-02,-1.671575998699e-02,-2.477690410363e-04,-4.755099410813e-04,1.450840837870e-05
"                 297",1.179811316092e-01,3.828627151546e-02,-1.684222364739e-02,1.177388090188e-01,3.781052424745e-02,-1.682766768428e-02,-2.423225903517e-04,-4.757472680125e-04,1.455596310255e-05
"                 298",1.187768085528e-01,3.839731409801e-02,-1.693511218278e-02,1.185411617324e-01,3.792227254824e-02,-1.692059451063e-02,-2.356468203619e-04,-4.750415497700e-04,1.451767214856e-05
"                 299",1.190949022197e-01,3.859491251833e-02,-1.700574090878e-02,1.188657294084e-01,3.812198175069e-02,-1.699141510639e-02,-2.291728113407e-04,-4.729307676339e-04,1.432580239300e-05
"                 300",1.190456373322e-01,3.898611250099e-02,-1.705191262931e-02,1.188206383801e-01,3.851689063498e-02,-1.703767187889e-02,-2.249989520585e-04,-4.692218660084e-04,1.424075041669e-05
"                 301",1.187158742698e-01,3.953272637477e-02,-1.707859503092e-02,1.184925326470e-01,3.906803166693e-02,-1.706442608048e-02,-2.233416227804e-04,-4.646947078397e-04,1.416895044144e-05
"                 302",1.179708474303e-01,4.013051484037e-02,-1.713006834136e-02,1.177468166719e-01,3.967074898022e-02,-1.711590761771e-02,-2.240307583662e-04,-4.597658601535e-04,1.416072365006e-05
"                 303",1.170840990748e-01,4.075179666936e-02,-1.716254668200e-02,1.168584460929e-01,4.029684730339e-02,-1.714846944402e-02,-2.256529819322e-04,-4.549493659680e-04,1.407723797813e-05
"                 304",1.160522225894e-01,4.157151886615e-02,-1.715022228026e-02,1.158242207882e-01,4.112127736755e-02,-1.713623412255e-02,-2.280018011784e-04,-4.502414985975e-04,1.398815770151e-05
"                 305",1.146825182224e-01,4.275426220187e-02,-1.710753152471e-02,1.144519837380e-01,4.230790426460e-02,-1.709370006947e-02,-2.305344844449e-04,-4.463579372684e-04,1.383145523420e-05
"                 306",1.130146180369e-01,4.399736165634e-02,-1.705393896354e-02,1.127812761449e-01,4.355431067636e-02,-1.704037832102e-02,-2.333418919891e-04,-4.430509799811e-04,1.356064252650e-05
"                 307",1.113053304806e-01,4.505240703301e-02,-1.697134127158e-02,1.110686279135e-01,4.461180381505e-02,-1.695812094836e-02,-2.367025670685e-04,-4.406032179589e-04,1.322032322331e-05
"                 308",1.097070984220e-01,4.574281888266e-02,-1.690142075082e-02,1.094660215576e-01,4.530443569528e-02,-1.688859226085e-02,-2.410768643602e-04,-4.383831873830e-04,1.282848997407e-05
"                 309",1.083234350061e-01,4.630439462131e-02,-1.686649219182e-02,1.080770120719e-01,4.586790955365e-02,-1.685399724812e-02,-2.464229341634e-04,-4.364850676630e-04,1.249494370255e-05
"                 310",1.071221220623e-01,4.700385804690e-02,-1.684723721932e-02,1.068696146557e-01,4.656846758617e-02,-1.683506211997e-02,-2.525074066711e-04,-4.353904607324e-04,1.217509935082e-05
"                 311",1.061135794657e-01,4.786286103878e-02,-1.682566801405e-02,1.058536192904e-01,4.742729760380e-02,-1.681365435249e-02,-2.599601753043e-04,-4.355634349763e-04,1.201366155883e-05
"                 312",1.052529186479e-01,4.879542452043e-02,-1.678153238067e-02,1.049840912120e-01,4.835892324831e-02,-1.676954220439e-02,-2.688274358878e-04,-4.365012721297e-04,1.199017628013e-05
"                 313",1.045595692182e-01,4.939332785993e-02,-1.674285010266e-02,1.042806151551e-01,4.895524664314e-02,-1.673072190760e-02,-2.789540631139e-04,-4.380812167926e-04,1.212819505930e-05
"                 314",9.997898628492e-02,5.297263517769e-02,-1.671030669907e-02,9.968826349644e-02,5.253268232617e-02,-1.669786312547e-02,-2.907227884752e-04,-4.399528515232e-04,1.244357359508e-05
"                 315",9.633382896205e-02,5.574705150387e-02,-1.674707719559e-02,9.603131065321e-02,5.530524625959e-02,-1.673422979087e-02,-3.025183088344e-04,-4.418052442812e-04,1.284740471789e-05
"                 316",9.637272809879e-02,5.616932435102e-02,-1.682996205098e-02,9.606046897448e-02,5.572619483543e-02,-1.681674697466e-02,-3.122591243105e-04,-4.431295155835e-04,1.321507631805e-05
"                 317",9.908358238453e-02,5.491881258335e-02,-1.693098973830e-02,9.876528728323e-02,5.447477294829e-02,-1.691759347221e-02,-3.182951013015e-04,-4.440396350612e-04,1.339626608468e-05
"                 318",1.020702516589e-01,5.330612885975e-02,-1.704478819137e-02,1.017489207523e-01,5.286171621645e-02,-1.703131737179e-02,-3.213309066153e-04,-4.444126432958e-04,1.347081957848e-05
"                 319",1.040073513287e-01,5.217816044364e-02,-1.719359885379e-02,1.036845887017e-01,5.173416365432e-02,-1.718013944802e-02,-3.227626270340e-04,-4.439967893177e-04,1.345940577287e-05
"                 320",1.052498988648e-01,5.162058427588e-02,-1.736720394545e-02,1.049261674835e-01,5.117796448170e-02,-1.735372155959e-02,-3.237313812534e-04,-4.426197941848e-04,1.348238586072e-05
"                 321",1.067422839983e-01,5.127974035349e-02,-1.754818025740e-02,1.064184057885e-01,5.083860570843e-02,-1.753470612470e-02,-3.238782098634e-04,-4.411346450557e-04,1.347413269969e-05
"                 322",1.090940249085e-01,5.067967054642e-02,-1.772035091691e-02,1.087710167773e-01,5.023952590571e-02,-1.770680218608e-02,-3.230081311470e-04,-4.401446407151e-04,1.354873082583e-05
"                 323",1.122603836125e-01,4.963619785845e-02,-1.788061952042e-02,1.119396830685e-01,4.919601303280e-02,-1.786697388308e-02,-3.207005439542e-04,-4.401848256520e-04,1.364563734077e-05
"                 324",1.157236888371e-01,4.816341016104e-02,-1.802461278113e-02,1.154068296158e-01,4.772271182918e-02,-1.801077408091e-02,-3.168592213116e-04,-4.406983318660e-04,1.383870021273e-05
"                 325",1.189392390628e-01,4.655373836566e-02,-1.815652056259e-02,1.186272816814e-01,4.611201233555e-02,-1.814245432156e-02,-3.119573814233e-04,-4.417260301048e-04,1.406624102959e-05
"                 326",1.216435639229e-01,4.515012262856e-02,-1.827592525550e-02,1.213366444442e-01,4.470737827699e-02,-1.826153230101e-02,-3.069194787289e-04,-4.427443515650e-04,1.439295449365e-05
"                 327",1.237059988108e-01,4.426434455956e-02,-1.839131866896e-02,1.234049765140e-01,4.382039462141e-02,-1.837661133401e-02,-3.010222967693e-04,-4.439499381528e-04,1.470733495647e-05
"                 328",1.253725051323e-01,4.382188477180e-02,-1.850090282176e-02,1.250787290052e-01,4.337657765460e-02,-1.848595215576e-02,-2.937761270906e-04,-4.453071172018e-04,1.495066600789e-05
"                 329",1.266633025650e-01,4.383720654005e-02,-1.862502843249e-02,1.263773131317e-01,4.339080420408e-02,-1.860994988370e-02,-2.859894333601e-04,-4.464023359719e-04,1.507854878921e-05
"                 330",1.277416688595e-01,4.392848224912e-02,-1.873495344110e-02,1.274646710268e-01,4.348063780142e-02,-1.871989437673e-02,-2.769978327564e-04,-4.478444476992e-04,1.505906436685e-05
"                 331",1.290302619970e-01,4.360098211840e-02,-1.879497867141e-02,1.287636982810e-01,4.315010640758e-02,-1.878010413927e-02,-2.665637160349e-04,-4.508757108111e-04,1.487453213924e-05
"                 332",1.302489135148e-01,4.330146139828e-02,-1.882792238068e-02,1.299922304172e-01,4.284747714833e-02,-1.881332648815e-02,-2.566830975485e-04,-4.539842499502e-04,1.459589253033e-05
"                 333",1.307873896120e-01,4.348080708672e-02,-1.885794457672e-02,1.305381888456e-01,4.302501064195e-02,-1.884359087407e-02,-2.492007663279e-04,-4.557964447702e-04,1.435370265495e-05
"                 334",1.305511426162e-01,4.416760483392e-02,-1.887599264693e-02,1.303055276883e-01,4.371201184423e-02,-1.886165117131e-02,-2.456149278684e-04,-4.555929896833e-04,1.434147561987e-05
"                 335",1.298402503209e-01,4.505733956584e-02,-1.888008060604e-02,1.295949808657e-01,4.460305186369e-02,-1.886547709896e-02,-2.452694552371e-04,-4.542877021523e-04,1.460350708399e-05
"                 336",1.287028384564e-01,4.593479302473e-02,-1.887027436730e-02,1.284556455742e-01,4.548251834276e-02,-1.885531813316e-02,-2.471928821726e-04,-4.522746819711e-04,1.495623413670e-05
"                 337",1.272807636604e-01,4.668094343040e-02,-1.882867859238e-02,1.270309984892e-01,4.623119756827e-02,-1.881345452794e-02,-2.497651712090e-04,-4.497458621287e-04,1.522406444656e-05
"                 338",1.257296094486e-01,4.752717346197e-02,-1.876042037247e-02,1.254765730964e-01,4.708045350685e-02,-1.874509510679e-02,-2.530363521563e-04,-4.467199551164e-04,1.532526567736e-05
"                 339",1.240407249828e-01,4.866262208631e-02,-1.868170948726e-02,1.237838276343e-01,4.821868524394e-02,-1.866642324571e-02,-2.568973484691e-04,-4.439368423675e-04,1.528624155770e-05
"                 340",1.221087383546e-01,4.983249533469e-02,-1.860121032995e-02,1.218473520630e-01,4.939140170434e-02,-1.858602130736e-02,-2.613862915266e-04,-4.410936303458e-04,1.518902259210e-05
"                 341",1.200362651759e-01,5.082834743827e-02,-1.852479093381e-02,1.197693236363e-01,5.038972419241e-02,-1.850964831079e-02,-2.669415396313e-04,-4.386232458573e-04,1.514262302196e-05
"                 342",1.181329042155e-01,5.168681614561e-02,-1.845019728339e-02,1.178599010610e-01,5.125036476046e-02,-1.843507238391e-02,-2.730031545325e-04,-4.364513851461e-04,1.512489947806e-05
"                 343",1.165876865273e-01,5.248651761946e-02,-1.838309709004e-02,1.163085397340e-01,5.205147483421e-02,-1.836804408262e-02,-2.791467933382e-04,-4.350427852467e-04,1.505300742123e-05
"                 344",1.153516207989e-01,5.340896741166e-02,-1.832386157160e-02,1.150654681362e-01,5.297444629296e-02,-1.830891254817e-02,-2.861526626906e-04,-4.345211186987e-04,1.494902343605e-05
"                 345",1.140772210299e-01,5.425109429146e-02,-1.827815843301e-02,1.137825638201e-01,5.381554758004e-02,-1.826323901285e-02,-2.946572098228e-04,-4.355467114221e-04,1.491942015218e-05
"                 346",1.127004489536e-01,5.475659651002e-02,-1.824577083260e-02,1.123960809177e-01,5.431907860756e-02,-1.823080264121e-02,-3.043680359687e-04,-4.375179024615e-04,1.496819139045e-05
"                 347",1.115463815801e-01,5.475899625640e-02,-1.823930186833e-02,1.112308528626e-01,5.431749045939e-02,-1.822413853887e-02,-3.155287174679e-04,-4.415057970136e-04,1.516332946367e-05
"                 348",1.108793242064e-01,5.428317853756e-02,-1.825746706460e-02,1.105511595700e-01,5.383488932676e-02,-1.824193347928e-02,-3.281646363198e-04,-4.482892107956e-04,1.553358532130e-05
"                 349",1.107100707832e-01,5.352588056964e-02,-1.830829343730e-02,1.103695653339e-01,5.306861829042e-02,-1.829235886690e-02,-3.405054493187e-04,-4.572622792136e-04,1.593457039509e-05
"                 350",1.109538513482e-01,5.270627217499e-02,-1.839556462714e-02,1.106036600877e-01,5.224088450832e-02,-1.837943208794e-02,-3.501912605632e-04,-4.653876666781e-04,1.613253919907e-05
"                 351",1.116593349392e-01,5.180294539746e-02,-1.852569195961e-02,1.113036834538e-01,5.133185884953e-02,-1.850968902173e-02,-3.556514853983e-04,-4.710865479238e-04,1.600293788178e-05
"                 352",1.130203703945e-01,5.055132462056e-02,-1.869183737960e-02,1.126625343764e-01,5.007727618649e-02,-1.867616796010e-02,-3.578360180545e-04,-4.740484340657e-04,1.566941950254e-05
"                 353",1.151017995396e-01,4.894439476873e-02,-1.888964760665e-02,1.147435831358e-01,4.846750112724e-02,-1.887429942459e-02,-3.582164038184e-04,-4.768936414927e-04,1.534818205379e-05
"                 354",1.176085913165e-01,4.717684773208e-02,-1.909977877763e-02,1.172511952273e-01,4.669683459763e-02,-1.908464235405e-02,-3.573960892288e-04,-4.800131344510e-04,1.513642358454e-05
"                 355",1.202774053060e-01,4.543552844522e-02,-1.931951674772e-02,1.199230135405e-01,4.495192205165e-02,-1.930445284228e-02,-3.543917654856e-04,-4.836063935649e-04,1.506390543957e-05
"                 356",1.231880501279e-01,4.372876334054e-02,-1.953487270050e-02,1.228382929122e-01,4.324199405261e-02,-1.951975508171e-02,-3.497572156928e-04,-4.867692879246e-04,1.511761878885e-05
"                 357",1.263785826364e-01,4.186897060669e-02,-1.974778217625e-02,1.260351003454e-01,4.137797005231e-02,-1.973252485756e-02,-3.434822910231e-04,-4.910005543727e-04,1.525731869187e-05
"                 358",1.302518946895e-01,3.875339426092e-02,-1.994890982260e-02,1.299154724505e-01,3.825579057034e-02,-1.993355398200e-02,-3.364222389648e-04,-4.976036905863e-04,1.535584060017e-05
"                 359",1.336373995193e-01,3.600949763710e-02,-2.012467022675e-02,1.333079767608e-01,3.550382770800e-02,-2.010906496314e-02,-3.294227584560e-04,-5.056699291048e-04,1.560526360919e-05
"                 360",1.360348343190e-01,3.438645225704e-02,-2.027456943554e-02,1.357126004939e-01,3.387372720014e-02,-2.025860709077e-02,-3.222338250768e-04,-5.127250568939e-04,1.596234477114e-05
"                 361",1.377742452396e-01,3.374445397491e-02,-2.040314323806e-02,1.374593510183e-01,3.322637402014e-02,-2.038672941312e-02,-3.148942212665e-04,-5.180799547734e-04,1.641382494073e-05
"                 362",1.392829430033e-01,3.352744582529e-02,-2.050488946742e-02,1.389756937675e-01,3.300537188867e-02,-2.048805191926e-02,-3.072492357874e-04,-5.220739366162e-04,1.683754816464e-05
"                 363",1.407217116326e-01,3.321821711045e-02,-2.058250414291e-02,1.404230907042e-01,3.269164920265e-02,-2.056525185447e-02,-2.986209283902e-04,-5.265679078026e-04,1.725228843457e-05
"                 364",1.417424824760e-01,3.281721052399e-02,-2.061378720903e-02,1.414535488190e-01,3.228465328406e-02,-2.059624068186e-02,-2.889336570027e-04,-5.325572399362e-04,1.754652717438e-05
"                 365",1.422848910783e-01,3.269914082093e-02,-2.059401551928e-02,1.420062534568e-01,3.215887189101e-02,-2.057625107244e-02,-2.786376215139e-04,-5.402689299155e-04,1.776444683490e-05
"                 366",1.420959435579e-01,3.315705440093e-02,-2.051619034483e-02,1.418266751698e-01,3.260823150905e-02,-2.049819410892e-02,-2.692683880943e-04,-5.488228918885e-04,1.799623591251e-05
"                 367",1.411362734648e-01,3.418407595854e-02,-2.039068873280e-02,1.408730372728e-01,3.362745282141e-02,-2.037221369201e-02,-2.632361919885e-04,-5.566231371286e-04,1.847504079295e-05
"                 368",1.394945335110e-01,3.553369145727e-02,-2.021685867716e-02,1.392323232606e-01,3.497152259350e-02,-2.019756172108e-02,-2.622102503440e-04,-5.621688637626e-04,1.929695607546e-05
"                 369",1.375809689630e-01,3.691690166195e-02,-2.001601573632e-02,1.373151184656e-01,3.635224739267e-02,-1.999568764465e-02,-2.658504973998e-04,-5.646542692791e-04,2.032809166554e-05
"                 370",1.355720022299e-01,3.819791429571e-02,-1.979835144082e-02,1.353008078793e-01,3.763363427977e-02,-1.977707629952e-02,-2.711943505913e-04,-5.642800159374e-04,2.127514130485e-05
"                 371",1.332203754903e-01,3.956142453675e-02,-1.957430179895e-02,1.329439860935e-01,3.899963279985e-02,-1.955230453136e-02,-2.763893968450e-04,-5.617917369067e-04,2.199726759305e-05
"                 372",1.304198518464e-01,4.102072054497e-02,-1.934002326871e-02,1.301378958765e-01,4.046343920776e-02,-1.931742505136e-02,-2.819559698933e-04,-5.572813372086e-04,2.259821734308e-05
"                 373",1.272235192813e-01,4.255584942784e-02,-1.909627670176e-02,1.269351020962e-01,4.200540681977e-02,-1.907312927934e-02,-2.884171851156e-04,-5.504426080698e-04,2.314742242797e-05
"                 374",1.236915330222e-01,4.376394262452e-02,-1.885044790139e-02,1.233960018669e-01,4.322157143825e-02,-1.882689830236e-02,-2.955311553436e-04,-5.423711862657e-04,2.354959903435e-05
"                 375",1.203582809217e-01,4.497780371802e-02,-1.863039072859e-02,1.200552623768e-01,4.444253077168e-02,-1.860657677814e-02,-3.030185448579e-04,-5.352729463441e-04,2.381395045643e-05
"                 376",1.175957871767e-01,4.646011414854e-02,-1.844086019607e-02,1.172851488357e-01,4.593061111085e-02,-1.841687436289e-02,-3.106383409478e-04,-5.295030376880e-04,2.398583318466e-05
"                 377",1.153609520568e-01,4.783229758020e-02,-1.828421874936e-02,1.150419354246e-01,4.730685295321e-02,-1.826002000295e-02,-3.190166322120e-04,-5.254446269858e-04,2.419874641482e-05
"                 378",1.132232539856e-01,4.882355089508e-02,-1.814767871114e-02,1.128955953298e-01,4.829955864608e-02,-1.812328739373e-02,-3.276586557993e-04,-5.239922490023e-04,2.439131741108e-05
"                 379",1.109151403719e-01,4.936704123758e-02,-1.803477505306e-02,1.105772773582e-01,4.884188568322e-02,-1.801015754885e-02,-3.378630137143e-04,-5.251555543538e-04,2.461750421117e-05
"                 380",1.086429912921e-01,4.937626144510e-02,-1.795088772099e-02,1.082933891002e-01,4.884610758430e-02,-1.792603072949e-02,-3.496021918186e-04,-5.301538607968e-04,2.485699149238e-05
"                 381",1.071049364175e-01,4.883713075400e-02,-1.792983457543e-02,1.067425935384e-01,4.829736913170e-02,-1.790472159892e-02,-3.623428791190e-04,-5.397616222938e-04,2.511297650978e-05
"                 382",1.064514776026e-01,4.789019278825e-02,-1.797957384789e-02,1.060764308785e-01,4.733752416035e-02,-1.795433821048e-02,-3.750467240241e-04,-5.526686278998e-04,2.523563740853e-05
"                 383",1.065523205435e-01,4.652611886935e-02,-1.810722579759e-02,1.061664497340e-01,4.595956876978e-02,-1.808214110232e-02,-3.858708094887e-04,-5.665500995713e-04,2.508469526739e-05
"                 384",1.073233677619e-01,4.480909546432e-02,-1.830186524181e-02,1.069307540654e-01,4.423002964725e-02,-1.827732624171e-02,-3.926136964728e-04,-5.790658170715e-04,2.453900009970e-05
"                 385",1.088511463162e-01,4.282601393312e-02,-1.855939921758e-02,1.084571933770e-01,4.223694855399e-02,-1.853576499897e-02,-3.939529391355e-04,-5.890653791310e-04,2.363421860978e-05
"                 386",1.110895917601e-01,4.051719133498e-02,-1.885349995470e-02,1.106985993761e-01,3.991928205032e-02,-1.883102243852e-02,-3.909923839754e-04,-5.979092846565e-04,2.247751618127e-05
"                 387",1.138651058318e-01,3.800093128158e-02,-1.916513029597e-02,1.134791756574e-01,3.739357827938e-02,-1.914382580872e-02,-3.859301744049e-04,-6.073530022050e-04,2.130448724859e-05
"                 388",1.171360366001e-01,3.531407824311e-02,-1.947821496622e-02,1.167566771634e-01,3.469549468955e-02,-1.945796511101e-02,-3.793594367225e-04,-6.185835535633e-04,2.024985520594e-05
"                 389",1.206010518418e-01,3.273460519642e-02,-1.980148241635e-02,1.202299259855e-01,3.210327292163e-02,-1.978218414730e-02,-3.711258562960e-04,-6.313322747931e-04,1.929826904257e-05
"                 390",1.241644340388e-01,3.035853365483e-02,-2.013397646339e-02,1.238017835671e-01,2.971249619718e-02,-2.011549034478e-02,-3.626504717103e-04,-6.460374576418e-04,1.848611860142e-05
"                 391",1.277719020299e-01,2.788974466042e-02,-2.046624671707e-02,1.274165972756e-01,2.722490276918e-02,-2.044832228492e-02,-3.553047542526e-04,-6.648418912431e-04,1.792443214962e-05
"                 392",1.311111361062e-01,2.563548987069e-02,-2.076594774989e-02,1.307641656835e-01,2.494908526138e-02,-2.074838161851e-02,-3.469704227423e-04,-6.864046093140e-04,1.756613137795e-05
"                 393",1.340840483305e-01,2.378288946623e-02,-2.102299792983e-02,1.337477560918e-01,2.307556371348e-02,-2.100563466361e-02,-3.362922386140e-04,-7.073257527490e-04,1.736326622449e-05
"                 394",1.367896577648e-01,2.234155503675e-02,-2.123610800185e-02,1.364653988851e-01,2.161534163554e-02,-2.121874547864e-02,-3.242588796755e-04,-7.262134012092e-04,1.736252320779e-05
"                 395",1.394284132504e-01,2.146900213571e-02,-2.142935553907e-02,1.391176390289e-01,2.072692353538e-02,-2.141189077684e-02,-3.107742215225e-04,-7.420786003355e-04,1.746476222510e-05
"                 396",1.418309874731e-01,2.103733069183e-02,-2.160624549246e-02,1.415353718164e-01,2.028239514121e-02,-2.158860653350e-02,-2.956156566659e-04,-7.549355506108e-04,1.763895895567e-05
"                 397",1.437663857637e-01,2.081348245612e-02,-2.176019679267e-02,1.434862262249e-01,2.004643704796e-02,-2.174231045242e-02,-2.801595388284e-04,-7.670454081627e-04,1.788634024840e-05
"                 398",1.447914423844e-01,2.054232137896e-02,-2.184911024090e-02,1.445269027900e-01,1.976219079777e-02,-2.183094668740e-02,-2.645395944049e-04,-7.801305811927e-04,1.816355349633e-05
"                 399",1.448403489845e-01,2.067555326899e-02,-2.183654853391e-02,1.445895834981e-01,1.988090915359e-02,-2.181789033850e-02,-2.507654864268e-04,-7.946441153972e-04,1.865819540470e-05
"                 400",1.439227020461e-01,2.135295709495e-02,-2.171211910200e-02,1.436825049940e-01,2.054360160225e-02,-2.169270075100e-02,-2.401970521448e-04,-8.093554927047e-04,1.941835099612e-05
"                 401",1.419818154830e-01,2.251660172437e-02,-2.149025798096e-02,1.417464863006e-01,2.169429699906e-02,-2.146972259431e-02,-2.353291824361e-04,-8.223047253128e-04,2.053538665570e-05
"                 402",1.392610479601e-01,2.371057655353e-02,-2.119764881387e-02,1.390240189799e-01,2.287937767818e-02,-2.117559386199e-02,-2.370289801967e-04,-8.311988753467e-04,2.205495188093e-05
"                 403",1.360877037707e-01,2.494297256188e-02,-2.086906178188e-02,1.358439349470e-01,2.410759635285e-02,-2.084518137659e-02,-2.437688236474e-04,-8.353762090360e-04,2.388040529569e-05
"                 404",1.329084460782e-01,2.669705157146e-02,-2.052574936447e-02,1.326561340694e-01,2.586156171432e-02,-2.050010102884e-02,-2.523120088321e-04,-8.354898571367e-04,2.564833562546e-05
"                 405",1.296405500782e-01,2.904027039435e-02,-2.017749219662e-02,1.293796054883e-01,2.820863271629e-02,-2.015027892393e-02,-2.609445898851e-04,-8.316376780578e-04,2.721327269008e-05
"                 406",1.260210793890e-01,3.163791076222e-02,-1.982227830781e-02,1.257500537534e-01,3.081497103445e-02,-1.979372224974e-02,-2.710256356094e-04,-8.229397277727e-04,2.855605806705e-05
"                 407",1.220182382913e-01,3.400323666028e-02,-1.946028442342e-02,1.217354918019e-01,3.319313385747e-02,-1.943062671536e-02,-2.827464893837e-04,-8.101028028053e-04,2.965770805754e-05
"                 408",1.178937313564e-01,3.576809888943e-02,-1.908986629011e-02,1.175997162404e-01,3.497035637649e-02,-1.905945306177e-02,-2.940151160455e-04,-7.977425129468e-04,3.041322834017e-05
"                 409",1.142919976484e-01,3.722083739751e-02,-1.874285677759e-02,1.139876493716e-01,3.643405117001e-02,-1.871193569735e-02,-3.043482767778e-04,-7.867862274965e-04,3.092108023982e-05
"                 410",1.115391823025e-01,3.877800538290e-02,-1.844307163589e-02,1.112256894018e-01,3.800184804206e-02,-1.841183762554e-02,-3.134929006677e-04,-7.761573408361e-04,3.123401034643e-05
"                 411",1.092277686517e-01,4.015133465406e-02,-1.818593741569e-02,1.089058091605e-01,3.938468328562e-02,-1.815451883541e-02,-3.219594912521e-04,-7.666513684363e-04,3.141858027866e-05
"                 412",1.067742341354e-01,4.101074381118e-02,-1.796080904476e-02,1.064422337343e-01,4.025100168203e-02,-1.792924097308e-02,-3.320004011098e-04,-7.597421291461e-04,3.156807167557e-05
"                 413",1.040454654279e-01,4.118957725494e-02,-1.775767032883e-02,1.037006926015e-01,4.043283586696e-02,-1.772597319177e-02,-3.447728263975e-04,-7.567413879826e-04,3.169713706208e-05
"                 414",1.014347515822e-01,4.096954424423e-02,-1.758546666239e-02,1.010758974858e-01,4.020966643807e-02,-1.755365599829e-02,-3.588540964288e-04,-7.598778061608e-04,3.181066409559e-05
"                 415",9.999201171011e-02,4.039551093370e-02,-1.749395992137e-02,9.961950895125e-02,3.962669680696e-02,-1.746212729042e-02,-3.725027588617e-04,-7.688141267439e-04,3.183263094617e-05
"                 416",1.000761424737e-01,3.963358440532e-02,-1.751328933630e-02,9.969366461821e-02,3.885184301959e-02,-1.748167567526e-02,-3.824778554887e-04,-7.817413857254e-04,3.161366103839e-05
"                 417",1.014322926739e-01,3.853867493824e-02,-1.764772318383e-02,1.010440312042e-01,3.774333420333e-02,-1.761671589926e-02,-3.882614697106e-04,-7.953407349120e-04,3.100728457363e-05
"                 418",1.037171330912e-01,3.687496435193e-02,-1.789204806180e-02,1.033289988153e-01,3.606621308655e-02,-1.786220095243e-02,-3.881342758571e-04,-8.087512653783e-04,2.984710936478e-05
"                 419",1.066946534252e-01,3.448109617894e-02,-1.821630435891e-02,1.063111401597e-01,3.366054038138e-02,-1.818821451456e-02,-3.835132655074e-04,-8.205557975596e-04,2.808984435465e-05
"                 420",1.102958600416e-01,3.159996326301e-02,-1.857649367086e-02,1.099195550110e-01,3.076929386057e-02,-1.855045154633e-02,-3.763050306258e-04,-8.306694024471e-04,2.604212453032e-05
"                 421",1.144192783071e-01,2.875077815233e-02,-1.894353485444e-02,1.140521069377e-01,2.791049563937e-02,-1.891950093368e-02,-3.671713694176e-04,-8.402825129513e-04,2.403392076164e-05
"                 422",1.193346914328e-01,2.592090011837e-02,-1.932140491584e-02,1.189789601622e-01,2.507103390539e-02,-1.929917221375e-02,-3.557312705271e-04,-8.498662129857e-04,2.223270208850e-05
"                 423",1.245395761061e-01,2.309207485503e-02,-1.971780457227e-02,1.241962824283e-01,2.223115941392e-02,-1.969715788123e-02,-3.432936777309e-04,-8.609154411074e-04,2.064669104110e-05
"                 424",1.295112732570e-01,2.048581795658e-02,-2.013299274006e-02,1.291783980054e-01,1.961061388031e-02,-2.011357274831e-02,-3.328752515269e-04,-8.752040762658e-04,1.941999175784e-05
"                 425",1.340922643359e-01,1.795686702204e-02,-2.054453742638e-02,1.337686346045e-01,1.706387009332e-02,-2.052600602672e-02,-3.236297314209e-04,-8.929969287212e-04,1.853139965791e-05
"                 426",1.380094620933e-01,1.572819534819e-02,-2.091931423942e-02,1.376956820639e-01,1.481657602148e-02,-2.090135765569e-02,-3.137800293879e-04,-9.116193267143e-04,1.795658373256e-05
"                 427",1.414501018063e-01,1.400359478016e-02,-2.124256865223e-02,1.411482534100e-01,1.307548329224e-02,-2.122494265623e-02,-3.018483962541e-04,-9.281114879132e-04,1.762599599854e-05
"                 428",1.447338327416e-01,1.288202711046e-02,-2.152560794248e-02,1.444467406864e-01,1.194054078883e-02,-2.150814342892e-02,-2.870920551892e-04,-9.414863216307e-04,1.746451355645e-05
"                 429",1.479300780157e-01,1.222293081914e-02,-2.178018475059e-02,1.476604361082e-01,1.127091213269e-02,-2.176282584664e-02,-2.696419075340e-04,-9.520186864504e-04,1.735890394733e-05
"                 430",1.506600299948e-01,1.179182376975e-02,-2.200760983163e-02,1.504087783931e-01,1.083092140356e-02,-2.199029893422e-02,-2.512516017538e-04,-9.609023661867e-04,1.731089740882e-05
"                 431",1.525116596070e-01,1.125443674070e-02,-2.218249950438e-02,1.522773715419e-01,1.028364664212e-02,-2.216512503523e-02,-2.342880651295e-04,-9.707900985825e-04,1.737446914867e-05
"                 432",1.530250214960e-01,1.057747998184e-02,-2.225722084333e-02,1.528058864505e-01,9.594277349744e-03,-2.223960665128e-02,-2.191350454689e-04,-9.832026320967e-04,1.761419204929e-05
"                 433",1.520623864867e-01,1.077734501951e-02,-2.220340167561e-02,1.518559152135e-01,9.780459638096e-03,-2.218522121556e-02,-2.064712732535e-04,-9.968853814130e-04,1.818046004435e-05
"                 434",1.496322605601e-01,1.196750229288e-02,-2.201656425397e-02,1.494334773533e-01,1.095952806655e-02,-2.199733312712e-02,-1.987832068016e-04,-1.007974226329e-03,1.923112684465e-05
"                 435",1.461322435143e-01,1.370373367092e-02,-2.173044827708e-02,1.459340966777e-01,1.268740731794e-02,-2.170969717106e-02,-1.981468365954e-04,-1.016326352980e-03,2.075110602675e-05
"                 436",1.420114066227e-01,1.567137027960e-02,-2.137050847049e-02,1.418080265781e-01,1.465111605515e-02,-2.134787723780e-02,-2.033800445638e-04,-1.020254224451e-03,2.263123269155e-05
"                 437",1.378480368940e-01,1.806065932387e-02,-2.098073511728e-02,1.376356740091e-01,1.704174661929e-02,-2.095597730293e-02,-2.123628848525e-04,-1.018912704579e-03,2.475781434215e-05
"                 438",1.336409044296e-01,2.128094349975e-02,-2.057622321445e-02,1.334178649491e-01,2.026869932053e-02,-2.054937612709e-02,-2.230394805748e-04,-1.012244179213e-03,2.684708735440e-05
"                 439",1.287710071312e-01,2.505162697677e-02,-2.016189860498e-02,1.285348212597e-01,2.405206591202e-02,-2.013313257481e-02,-2.361858714886e-04,-9.995610647504e-04,2.876603017154e-05
"                 440",1.229493362443e-01,2.851459544854e-02,-1.972473686714e-02,1.226966331109e-01,2.753249460232e-02,-1.969434162425e-02,-2.527031334007e-04,-9.821008462170e-04,3.039524288617e-05
"                 441",1.168823888942e-01,3.141599097812e-02,-1.926742321304e-02,1.166117643655e-01,3.045116700505e-02,-1.923580494047e-02,-2.706245286460e-04,-9.648239730667e-04,3.161827256676e-05
"                 442",1.114668321737e-01,3.375307739294e-02,-1.881751701358e-02,1.111779564133e-01,3.280289494878e-02,-1.878500276548e-02,-2.888757604233e-04,-9.501824441636e-04,3.251424809097e-05
"                 443",1.069891251375e-01,3.631008187618e-02,-1.840888820553e-02,1.066842084155e-01,3.537236236574e-02,-1.837588873078e-02,-3.049167219620e-04,-9.377195104488e-04,3.299947475506e-05
"                 444",1.029167394318e-01,3.865741952115e-02,-1.804199464512e-02,1.025962184605e-01,3.773157077020e-02,-1.800877073932e-02,-3.205209713367e-04,-9.258487509484e-04,3.322390579587e-05
"                 445",9.895887198097e-02,4.020968073837e-02,-1.771989729041e-02,9.862192854648e-02,3.929353577293e-02,-1.768663303126e-02,-3.369434344886e-04,-9.161449654447e-04,3.326425914790e-05
"                 446",9.484275458797e-02,4.088241279960e-02,-1.744615627037e-02,9.448761060981e-02,3.997124918663e-02,-1.741288953980e-02,-3.551439781560e-04,-9.111636129720e-04,3.326673056502e-05
"                 447",9.135066959936e-02,4.120494589159e-02,-1.725199699536e-02,9.097706711591e-02,4.029217657273e-02,-1.721872299898e-02,-3.736024834525e-04,-9.127693188596e-04,3.327399638783e-05
"                 448",8.952127631747e-02,4.118300158223e-02,-1.716855116302e-02,8.913249015836e-02,4.026176191041e-02,-1.713558676706e-02,-3.887861591133e-04,-9.212396718165e-04,3.296439596221e-05
"                 449",8.998090799749e-02,4.070078578530e-02,-1.721734772043e-02,8.958147474663e-02,3.976568641633e-02,-1.718503671901e-02,-3.994332508535e-04,-9.350993689727e-04,3.231100141810e-05
"                 450",9.231944772206e-02,3.969389222126e-02,-1.740622488664e-02,9.191436586937e-02,3.874277534127e-02,-1.737500816997e-02,-4.050818526963e-04,-9.511168799912e-04,3.121671667249e-05
"                 451",9.570626679977e-02,3.785865884041e-02,-1.771696406816e-02,9.530036370268e-02,3.689058763498e-02,-1.768735810368e-02,-4.059030970852e-04,-9.680712054346e-04,2.960596448353e-05
"                 452",9.978485281574e-02,3.503999328364e-02,-1.811089316982e-02,9.938160120429e-02,3.405449959234e-02,-1.808326509400e-02,-4.032516114509e-04,-9.854936912971e-04,2.762807581448e-05
"                 453",1.047446567213e-01,3.152922967781e-02,-1.854955618369e-02,1.043492464628e-01,3.052807954270e-02,-1.852428020392e-02,-3.954102584235e-04,-1.001150135108e-03,2.527597976582e-05
"                 454",1.105160034958e-01,2.797896186395e-02,-1.900368316721e-02,1.101335328584e-01,2.696516547391e-02,-1.898091012195e-02,-3.824706374122e-04,-1.013796390036e-03,2.277304525987e-05
"                 455",1.172818792117e-01,2.477347345998e-02,-1.947146294383e-02,1.169152422442e-01,2.374852377186e-02,-1.945115313949e-02,-3.666369674897e-04,-1.024949688126e-03,2.030980434164e-05
"                 456",1.245722116805e-01,2.172343228945e-02,-1.996133245538e-02,1.242210464308e-01,2.068690089001e-02,-1.994319812437e-02,-3.511652497244e-04,-1.036531399438e-03,1.813433100631e-05
"                 457",1.317373577509e-01,1.909392278992e-02,-2.048103274167e-02,1.314021625491e-01,1.804398058859e-02,-2.046480420021e-02,-3.351952018289e-04,-1.049942201333e-03,1.622854146159e-05
"                 458",1.385886773205e-01,1.675061509806e-02,-2.099809807932e-02,1.382710591563e-01,1.568585547827e-02,-2.098342794935e-02,-3.176181641671e-04,-1.064759619795e-03,1.467012996992e-05
"                 459",1.451761503839e-01,1.471769778576e-02,-2.148969809686e-02,1.448767700122e-01,1.363839946568e-02,-2.147597726272e-02,-2.993803716997e-04,-1.079298320081e-03,1.372083413964e-05
"                 460",1.512573898905e-01,1.302249134375e-02,-2.194241204371e-02,1.509772863456e-01,1.192979300795e-02,-2.192912784715e-02,-2.801035448819e-04,-1.092698335802e-03,1.328419655502e-05
"                 461",1.562666092335e-01,1.161458353497e-02,-2.234372831499e-02,1.560078587107e-01,1.051202847759e-02,-2.233055631698e-02,-2.587505227877e-04,-1.102555057378e-03,1.317199801035e-05
"                 462",1.601782417209e-01,1.051984328658e-02,-2.267674799410e-02,1.599417742812e-01,9.412087507544e-03,-2.266348956635e-02,-2.364674396867e-04,-1.107755779033e-03,1.325842775284e-05
"                 463",1.630641516869e-01,9.649420978043e-03,-2.291531235962e-02,1.628487926324e-01,8.539128881005e-03,-2.290183965113e-02,-2.153590545050e-04,-1.110292097039e-03,1.347270849311e-05
"                 464",1.648025248300e-01,8.858981480035e-03,-2.303351902429e-02,1.646057286803e-01,7.743502911661e-03,-2.301943607863e-02,-1.967961496778e-04,-1.115478568374e-03,1.408294565884e-05
"                 465",1.649751023888e-01,8.319699704757e-03,-2.301979818080e-02,1.647938601487e-01,7.194912717115e-03,-2.300463377482e-02,-1.812422401034e-04,-1.124786987641e-03,1.516440598687e-05
"                 466",1.630758367026e-01,8.716130809638e-03,-2.286613901228e-02,1.629055455873e-01,7.579628741844e-03,-2.284949621736e-02,-1.702911152360e-04,-1.136502067794e-03,1.664279491412e-05
"                 467",1.591667461767e-01,1.041303400697e-02,-2.257128485201e-02,1.590000888080e-01,9.266142615437e-03,-2.255272969604e-02,-1.666573687790e-04,-1.146891391528e-03,1.855515596607e-05
"                 468",1.542051305660e-01,1.262088647943e-02,-2.217070499908e-02,1.540336573424e-01,1.146772609875e-02,-2.214978287376e-02,-1.714732235812e-04,-1.153160380671e-03,2.092212532121e-05
"                 469",1.489996101297e-01,1.517452176561e-02,-2.170051623744e-02,1.488183674806e-01,1.401998142556e-02,-2.167696661744e-02,-1.812426491286e-04,-1.154540340048e-03,2.354961999911e-05
"                 470",1.434626099202e-01,1.851101352626e-02,-2.118828589089e-02,1.432666926462e-01,1.736118017416e-02,-2.116189322409e-02,-1.959172740227e-04,-1.149833352101e-03,2.639266680383e-05
"                 471",1.371553238359e-01,2.330350154168e-02,-2.064946533166e-02,1.369404344150e-01,2.216509895348e-02,-2.062016222077e-02,-2.148894208871e-04,-1.138402588196e-03,2.930311089608e-05
"                 472",1.291146299827e-01,2.860884110716e-02,-2.007487905609e-02,1.288773136154e-01,2.748827257881e-02,-2.004297490023e-02,-2.373163672416e-04,-1.120568528352e-03,3.190415586340e-05
"                 473",1.197598538212e-01,3.295379213023e-02,-1.945694579662e-02,1.194969778804e-01,3.185394069926e-02,-1.942281074867e-02,-2.628759408002e-04,-1.099851430977e-03,3.413504795533e-05
"                 474",1.108312573134e-01,3.645802607040e-02,-1.883045922161e-02,1.105417452453e-01,3.537905288177e-02,-1.879453389101e-02,-2.895120681279e-04,-1.078973188630e-03,3.592533059744e-05
"                 475",1.027985199487e-01,3.960339824808e-02,-1.822132139808e-02,1.024851587785e-01,3.854304147743e-02,-1.818431056122e-02,-3.133611702790e-04,-1.060356770649e-03,3.701083685881e-05
"                 476",9.559389156962e-02,4.248528899641e-02,-1.766390611456e-02,9.525721862002e-02,4.143924269363e-02,-1.762631815180e-02,-3.366729496054e-04,-1.046046302784e-03,3.758796276017e-05
"                 477",8.914758702274e-02,4.449920199923e-02,-1.719869527283e-02,8.878592479698e-02,4.346372170376e-02,-1.716087442352e-02,-3.616622257593e-04,-1.035480295468e-03,3.782084931466e-05
"                 478",8.363898339952e-02,4.531432196313e-02,-1.685558248963e-02,8.325030431068e-02,4.428488470003e-02,-1.681765209267e-02,-3.886790888398e-04,-1.029437263104e-03,3.793039695362e-05
"                 479",7.936851211922e-02,4.533851368739e-02,-1.665154259436e-02,7.895392094735e-02,4.431009492777e-02,-1.661369635073e-02,-4.145911718636e-04,-1.028418759619e-03,3.784624362771e-05
"                 480",7.707332250549e-02,4.499818605691e-02,-1.660340360490e-02,7.663942357362e-02,4.396442794673e-02,-1.656623660420e-02,-4.338989318741e-04,-1.033758110183e-03,3.716700069757e-05
"                 481",7.733279464118e-02,4.391106214381e-02,-1.670949184089e-02,7.688865379096e-02,4.286556992494e-02,-1.667371445921e-02,-4.441408502211e-04,-1.045492218863e-03,3.577738167801e-05
"                 482",7.993503588710e-02,4.200709854195e-02,-1.696574096949e-02,7.948618510215e-02,4.094343474572e-02,-1.693186403597e-02,-4.488507849542e-04,-1.063663796236e-03,3.387693351685e-05
"                 483",8.414776002940e-02,3.955065244899e-02,-1.735385978434e-02,8.369825465919e-02,3.846500839206e-02,-1.732232147048e-02,-4.495053702013e-04,-1.085644056933e-03,3.153831385643e-05
"                 484",8.977693449634e-02,3.646890071874e-02,-1.785041143775e-02,8.933133063851e-02,3.536060043292e-02,-1.782166722223e-02,-4.456038578324e-04,-1.108300285820e-03,2.874421551920e-05
"                 485",9.668379276204e-02,3.344354512593e-02,-1.842950045021e-02,9.624792162161e-02,3.231307288502e-02,-1.840393791187e-02,-4.358711404306e-04,-1.130472240902e-03,2.556253834240e-05
"                 486",1.046817780633e-01,3.027520963381e-02,-1.905976796541e-02,1.042623101449e-01,2.912622211116e-02,-1.903764558649e-02,-4.194679184309e-04,-1.148987522648e-03,2.212237891322e-05
"                 487",1.140525563632e-01,2.702404665471e-02,-1.973337440485e-02,1.136532162952e-01,2.585996716926e-02,-1.971469635962e-02,-3.993400680117e-04,-1.164079485451e-03,1.867804523446e-05
"                 488",1.248496619414e-01,2.414034910135e-02,-2.045399208955e-02,1.244706763983e-01,2.296219943744e-02,-2.043848949870e-02,-3.789855430989e-04,-1.178149663906e-03,1.550259084483e-05
"                 489",1.359339946678e-01,2.147004016178e-02,-2.119256309198e-02,1.355762245749e-01,2.027737770864e-02,-2.117990000659e-02,-3.577700929134e-04,-1.192662453132e-03,1.266308539076e-05
"                 490",1.470018798014e-01,1.940411287503e-02,-2.192010253741e-02,1.466628488134e-01,1.819781478959e-02,-2.190940578567e-02,-3.390309880027e-04,-1.206298085440e-03,1.069675174358e-05
"                 491",1.577010501512e-01,1.757913276243e-02,-2.261869663855e-02,1.573808339821e-01,1.636137403599e-02,-2.260915223665e-02,-3.202161690429e-04,-1.217758726438e-03,9.544401893670e-06
"                 492",1.667275789145e-01,1.587788892530e-02,-2.322509836217e-02,1.664298608183e-01,1.465172030617e-02,-2.321610515993e-02,-2.977180962085e-04,-1.226168619126e-03,8.993202240163e-06
"                 493",1.734748951925e-01,1.399592275440e-02,-2.368718645207e-02,1.732029163290e-01,1.276461914383e-02,-2.367834903864e-02,-2.719788635358e-04,-1.231303610571e-03,8.837413425970e-06
"                 494",1.780651662550e-01,1.196631967553e-02,-2.398212256948e-02,1.778178602974e-01,1.073312076154e-02,-2.397295166305e-02,-2.473059575327e-04,-1.233198913992e-03,9.170906423310e-06
"                 495",1.808834156176e-01,1.015978766890e-02,-2.410632929860e-02,1.806577660019e-01,8.926667698747e-03,-2.409624680027e-02,-2.256496156769e-04,-1.233119970150e-03,1.008249832772e-05
"                 496",1.817384319616e-01,9.123661159506e-03,-2.405453557954e-02,1.815268779380e-01,7.889519958483e-03,-2.404255982026e-02,-2.115540236332e-04,-1.234141201024e-03,1.197575928631e-05
"                 497",1.802994903572e-01,8.609316567725e-03,-2.384719309910e-02,1.800953250553e-01,7.371375005876e-03,-2.383269372983e-02,-2.041653018909e-04,-1.237941561848e-03,1.449936927924e-05
"                 498",1.763256340987e-01,8.863063537312e-03,-2.349433375287e-02,1.761219874838e-01,7.619940378692e-03,-2.347690496614e-02,-2.036466148770e-04,-1.243123158620e-03,1.742878672534e-05
"                 499",1.701699490899e-01,1.013954928523e-02,-2.301005336882e-02,1.699581842154e-01,8.892027850625e-03,-2.298926290197e-02,-2.117648745149e-04,-1.247521434603e-03,2.079046684523e-05
"                 500",1.629621393456e-01,1.309752414975e-02,-2.242253934959e-02,1.627337805853e-01,1.184818723782e-02,-2.239785261998e-02,-2.283587603039e-04,-1.249336911930e-03,2.468672961149e-05
"                 501",1.551443936271e-01,1.703083628914e-02,-2.175261156690e-02,1.548936895041e-01,1.578345923371e-02,-2.172370657590e-02,-2.507041229963e-04,-1.247377055427e-03,2.890499100062e-05
"                 502",1.467022950885e-01,2.207421038681e-02,-2.102799687622e-02,1.464258988399e-01,2.083429505603e-02,-2.099485908866e-02,-2.763962486414e-04,-1.239915330781e-03,3.313778756149e-05
"                 503",1.362876623443e-01,2.785457499328e-02,-2.024546666119e-02,1.359824067466e-01,2.662889081116e-02,-2.020844764213e-02,-3.052555977392e-04,-1.225684182125e-03,3.701901906366e-05
"                 504",1.240110814879e-01,3.347500437009e-02,-1.942181411030e-02,1.236730619201e-01,3.226821422494e-02,-1.938133875540e-02,-3.380195677245e-04,-1.206790145150e-03,4.047535490071e-05
"                 505",1.114170527942e-01,3.873815997478e-02,-1.860640013327e-02,1.110492596945e-01,3.755216848731e-02,-1.856343584407e-02,-3.677930996847e-04,-1.185991487470e-03,4.296428920553e-05
"                 506",9.945889969877e-02,4.346941004241e-02,-1.780711218021e-02,9.906640143118e-02,4.230278451499e-02,-1.776267975175e-02,-3.924982675824e-04,-1.166625527422e-03,4.443242846215e-05
"                 507",8.921415781035e-02,4.759769322336e-02,-1.709392197517e-02,8.880009621430e-02,4.644846086855e-02,-1.704889258631e-02,-4.140615960447e-04,-1.149232354811e-03,4.502938885421e-05
"                 508",8.091941421306e-02,5.041179503490e-02,-1.653864915815e-02,8.048215153370e-02,4.927487254136e-02,-1.649353533836e-02,-4.372626793638e-04,-1.136922493547e-03,4.511381978944e-05
"                 509",7.459102868197e-02,5.132251482265e-02,-1.618725439246e-02,7.413004065254e-02,5.019076724482e-02,-1.614256089756e-02,-4.609880294372e-04,-1.131747577835e-03,4.469349489236e-05
"                 510",7.033287759145e-02,5.070238300978e-02,-1.606402121678e-02,6.985058263421e-02,4.956907556442e-02,-1.602030519603e-02,-4.822949572433e-04,-1.133307445359e-03,4.371602074554e-05
"                 511",6.869376076921e-02,4.985300043213e-02,-1.616829429011e-02,6.819944913508e-02,4.871279532250e-02,-1.612648237599e-02,-4.943116341280e-04,-1.140205109627e-03,4.181191412926e-05
"                 512",7.003725228542e-02,4.864152891527e-02,-1.645614869884e-02,6.954016338796e-02,4.748888261322e-02,-1.641699004062e-02,-4.970888974669e-04,-1.152646302049e-03,3.915865821967e-05
"                 513",7.470322497061e-02,4.683285255485e-02,-1.690349206967e-02,7.420934741537e-02,4.566355411687e-02,-1.686759320836e-02,-4.938775552392e-04,-1.169298437982e-03,3.589886131634e-05
"                 514",8.148547172986e-02,4.452556986254e-02,-1.747176207381e-02,8.100077302457e-02,4.333526384858e-02,-1.743976774884e-02,-4.846987052811e-04,-1.190306013964e-03,3.199432496420e-05
"                 515",8.958066457947e-02,4.222530833223e-02,-1.814323966902e-02,8.911122252450e-02,4.101323285066e-02,-1.811576249981e-02,-4.694420549760e-04,-1.212075481575e-03,2.747716921182e-05
"                 516",9.886857644884e-02,3.982386791969e-02,-1.890431936362e-02,9.842117072743e-02,3.859108890098e-02,-1.888173789001e-02,-4.474057214166e-04,-1.232779018705e-03,2.258147361157e-05
"                 517",1.096549098158e-01,3.721702750158e-02,-1.971877197836e-02,1.092332756914e-01,3.596741463564e-02,-1.970105686267e-02,-4.216341243675e-04,-1.249612865938e-03,1.771511569867e-05
"                 518",1.222622438717e-01,3.425207925734e-02,-2.058014719755e-02,1.218667818592e-01,3.298725143538e-02,-2.056700607897e-02,-3.954620124744e-04,-1.264827821958e-03,1.314111858523e-05
"                 519",1.356395587517e-01,3.188769389469e-02,-2.145978449525e-02,1.352685950545e-01,3.060866128256e-02,-2.145077771592e-02,-3.709636971435e-04,-1.279032612128e-03,9.006779335768e-06
"                 520",1.485056029103e-01,2.978130997144e-02,-2.230207871562e-02,1.481525681171e-01,2.848879704167e-02,-2.229608768440e-02,-3.530347932065e-04,-1.292512929764e-03,5.991031227151e-06
"                 521",1.605869506892e-01,2.748916607612e-02,-2.307060347594e-02,1.602475304586e-01,2.618303544982e-02,-2.306637533483e-02,-3.394202305545e-04,-1.306130626299e-03,4.228141110774e-06
"                 522",1.708498416728e-01,2.454210320977e-02,-2.370881488732e-02,1.705250518576e-01,2.322483144953e-02,-2.370535026697e-02,-3.247898151667e-04,-1.317271760239e-03,3.464620358249e-06
"                 523",1.790624717703e-01,2.106049049552e-02,-2.417767999066e-02,1.787556135789e-01,1.973650480930e-02,-2.417422245915e-02,-3.068581913515e-04,-1.323985686219e-03,3.457531507808e-06
"                 524",1.843625148956e-01,1.710588638402e-02,-2.443325338013e-02,1.840741082298e-01,1.577810116594e-02,-2.442905239649e-02,-2.884066658437e-04,-1.327785218083e-03,4.200983637888e-06
"                 525",1.865985460727e-01,1.345315893721e-02,-2.445957040192e-02,1.863235383707e-01,1.212424362991e-02,-2.445360044037e-02,-2.750077020062e-04,-1.328915307302e-03,5.969961556406e-06
"                 526",1.862776069454e-01,1.069956282986e-02,-2.428025885054e-02,1.860109505782e-01,9.370257253100e-03,-2.427148850242e-02,-2.666563672349e-04,-1.329305576759e-03,8.770348119335e-06
"                 527",1.836150663539e-01,9.266004102912e-03,-2.393282110619e-02,1.833526439545e-01,7.936247823713e-03,-2.392051529403e-02,-2.624223993852e-04,-1.329756279199e-03,1.230581215739e-05
"                 528",1.785576331863e-01,9.170499074287e-03,-2.345851576629e-02,1.782948436813e-01,7.840665746641e-03,-2.344224583441e-02,-2.627895049771e-04,-1.329833327646e-03,1.626993188053e-05
"                 529",1.713144556984e-01,1.040398605325e-02,-2.289899074332e-02,1.710407875897e-01,9.072639603922e-03,-2.287812523282e-02,-2.736681087123e-04,-1.331346449326e-03,2.086551050434e-05
"                 530",1.626154866489e-01,1.301492657137e-02,-2.224977204498e-02,1.623231336138e-01,1.168432226276e-02,-2.222398155085e-02,-2.923530351688e-04,-1.330604308612e-03,2.579049413120e-05
"                 531",1.533161950381e-01,1.654849799154e-02,-2.151347617814e-02,1.529968234766e-01,1.522138947483e-02,-2.148238051714e-02,-3.193715614598e-04,-1.327108516703e-03,3.109566100457e-05
"                 532",1.433929071432e-01,2.111189238381e-02,-2.070031286007e-02,1.430467529410e-01,1.979275112579e-02,-2.066420429223e-02,-3.461542021849e-04,-1.319141258025e-03,3.610856783652e-05
"                 533",1.318882655046e-01,2.650189216526e-02,-1.981211850368e-02,1.315171078989e-01,2.519471067427e-02,-1.977153046737e-02,-3.711576057033e-04,-1.307181490990e-03,4.058803631241e-05
"                 534",1.193513488737e-01,3.268523522597e-02,-1.891258725209e-02,1.189570428115e-01,3.139428796491e-02,-1.886841666517e-02,-3.943060621777e-04,-1.290947261059e-03,4.417058692685e-05
"                 535",1.064639389952e-01,3.884212299936e-02,-1.806351424294e-02,1.060521427928e-01,3.756901692549e-02,-1.801716436102e-02,-4.117962024226e-04,-1.273106073873e-03,4.634988192250e-05
"                 536",9.473668605404e-02,4.469320165798e-02,-1.732490945602e-02,9.431304524479e-02,4.343753336374e-02,-1.727776728212e-02,-4.236408092534e-04,-1.255668294244e-03,4.714217389683e-05
"                 537",8.532379510194e-02,4.915014860500e-02,-1.672893374125e-02,8.489119524353e-02,4.791033321880e-02,-1.668199510092e-02,-4.325998584110e-04,-1.239815386199e-03,4.693864032708e-05
"                 538",7.862901049035e-02,5.199948998868e-02,-1.633134647748e-02,7.818799856216e-02,5.077296647937e-02,-1.628545868606e-02,-4.410119281846e-04,-1.226523509315e-03,4.588779141849e-05
"                 539",7.427412193339e-02,5.318534649182e-02,-1.617949261080e-02,7.382536573904e-02,5.196612787203e-02,-1.613545469908e-02,-4.487561943460e-04,-1.219218619791e-03,4.403791171621e-05
"                 540",7.219961509649e-02,5.306400404541e-02,-1.626782172934e-02,7.174558090678e-02,5.184297559758e-02,-1.622642332211e-02,-4.540341897188e-04,-1.221028447834e-03,4.139840723126e-05
"                 541",7.295631245380e-02,5.255413895310e-02,-1.657060543840e-02,7.250213262031e-02,5.132254693482e-02,-1.653261621252e-02,-4.541798334918e-04,-1.231592018285e-03,3.798922588080e-05
"                 542",7.686041182910e-02,5.214667505946e-02,-1.704277754241e-02,7.641287020236e-02,5.090096495633e-02,-1.700876707485e-02,-4.475416267351e-04,-1.245710103135e-03,3.401046755840e-05
"                 543",8.353998844159e-02,5.134162149712e-02,-1.761598463236e-02,8.310706683616e-02,5.007772036888e-02,-1.758663273862e-02,-4.329216054253e-04,-1.263901128243e-03,2.935189373628e-05
"                 544",9.194830285458e-02,4.990355372201e-02,-1.827212213328e-02,9.153416464376e-02,4.861923203587e-02,-1.824781542827e-02,-4.141382108229e-04,-1.284321686141e-03,2.430670501451e-05
"                 545",1.013424518390e-01,4.758721354117e-02,-1.900169066976e-02,1.009540156484e-01,4.628146187522e-02,-1.898301479040e-02,-3.884361906036e-04,-1.305751665953e-03,1.867587935766e-05
"                 546",1.117683150913e-01,4.521904635506e-02,-1.980780481873e-02,1.114066194419e-01,4.389670936613e-02,-1.979457815439e-02,-3.616956494389e-04,-1.322336988928e-03,1.322666434664e-05
"                 547",1.241787159908e-01,4.289685475916e-02,-2.068849666495e-02,1.238422491519e-01,4.156275914627e-02,-2.068015460613e-02,-3.364668389046e-04,-1.334095612891e-03,8.342058816438e-06
"                 548",1.377061696116e-01,4.091404033392e-02,-2.160260201088e-02,1.373900612569e-01,3.957161281201e-02,-2.159821392508e-02,-3.161083546827e-04,-1.342427521915e-03,4.388085801961e-06
"                 549",1.505929036511e-01,3.927921961444e-02,-2.247398068728e-02,1.502861876096e-01,3.792878328739e-02,-2.247230369761e-02,-3.067160414715e-04,-1.350436327050e-03,1.676989668271e-06
"                 550",1.618572875164e-01,3.733615000875e-02,-2.323848111616e-02,1.615512868029e-01,3.597644741768e-02,-2.323820303599e-02,-3.060007135079e-04,-1.359702591072e-03,2.780801744839e-07
"                 551",1.712861822828e-01,3.416243247812e-02,-2.384873888650e-02,1.709800198194e-01,3.279318004594e-02,-2.384884971065e-02,-3.061624634389e-04,-1.369252432172e-03,-1.108241483191e-07
"                 552",1.787824491871e-01,2.929647237626e-02,-2.426856778617e-02,1.784794670317e-01,2.792037875475e-02,-2.426804073896e-02,-3.029821553261e-04,-1.376093621513e-03,5.270472082616e-07
"                 553",1.837861393643e-01,2.318791005236e-02,-2.446980462309e-02,1.834890729907e-01,2.180792580843e-02,-2.446774505159e-02,-2.970663736701e-04,-1.379984243935e-03,2.059571495829e-06
"                 554",1.858549649529e-01,1.682913116001e-02,-2.444765896846e-02,1.855606600553e-01,1.544542351716e-02,-2.444288966425e-02,-2.943048975801e-04,-1.383707642849e-03,4.769304206839e-06
"                 555",1.846096232331e-01,1.118545644174e-02,-2.423188192136e-02,1.843147910908e-01,9.795845787177e-03,-2.422335534252e-02,-2.948321423746e-04,-1.389610654564e-03,8.526578840675e-06
"                 556",1.805532229902e-01,7.427117705880e-03,-2.384658486914e-02,1.802563539400e-01,6.033234453083e-03,-2.383347426399e-02,-2.968690501539e-04,-1.393883252798e-03,1.311060515075e-05
"                 557",1.747486060298e-01,5.698248204688e-03,-2.332922515984e-02,1.744451123253e-01,4.301918303004e-03,-2.331085362386e-02,-3.034937045599e-04,-1.396329901684e-03,1.837153598445e-05
"                 558",1.676252493214e-01,6.195547547534e-03,-2.271815448799e-02,1.673085361334e-01,4.799554898497e-03,-2.269398962905e-02,-3.167131879079e-04,-1.395992649037e-03,2.416485893494e-05
"                 559",1.590815051683e-01,7.868244023996e-03,-2.204359438079e-02,1.587424668700e-01,6.474240000976e-03,-2.201316154532e-02,-3.390382983061e-04,-1.394004023020e-03,3.043283546711e-05
"                 560",1.488550224397e-01,1.085801600827e-02,-2.130623671952e-02,1.484880457367e-01,9.471117437228e-03,-2.126959216400e-02,-3.669767029762e-04,-1.386898571043e-03,3.664455551492e-05
"                 561",1.368806863047e-01,1.501887562685e-02,-2.049380383378e-02,1.364863333348e-01,1.364448107898e-02,-2.045152741022e-02,-3.943529699630e-04,-1.374394547863e-03,4.227642355305e-05
"                 562",1.240560699907e-01,2.052911903463e-02,-1.961641377657e-02,1.236395112946e-01,1.917174763477e-02,-1.956946596773e-02,-4.165586961417e-04,-1.357371399859e-03,4.694780884063e-05
"                 563",1.116791523984e-01,2.721432963454e-02,-1.873078769637e-02,1.112513915525e-01,2.587534625931e-02,-1.868069058656e-02,-4.277608458502e-04,-1.338983375233e-03,5.009710981589e-05
"                 564",1.001373082652e-01,3.395476216778e-02,-1.790032559973e-02,9.970515150782e-02,3.263234486069e-02,-1.784856505348e-02,-4.321567574083e-04,-1.322417307088e-03,5.176054625496e-05
"                 565",8.989569156967e-02,3.921865679692e-02,-1.720014200031e-02,8.946041265847e-02,3.791093362724e-02,-1.714783472344e-02,-4.352789112029e-04,-1.307723169675e-03,5.230727687714e-05
"                 566",8.151839676542e-02,4.272533785282e-02,-1.668100908486e-02,8.108100379960e-02,4.143237209780e-02,-1.662928153188e-02,-4.373929658141e-04,-1.292965755022e-03,5.172755298157e-05
"                 567",7.593174512530e-02,4.489781755690e-02,-1.638152602186e-02,7.549394769317e-02,4.361972692920e-02,-1.633147868257e-02,-4.377974321290e-04,-1.278090627705e-03,5.004733928785e-05
"                 568",7.324146563624e-02,4.644892063017e-02,-1.632087103291e-02,7.280592601235e-02,4.518084869954e-02,-1.627358164794e-02,-4.355396238853e-04,-1.268071930627e-03,4.728938497412e-05
"                 569",7.322051451010e-02,4.765266171584e-02,-1.647117892421e-02,7.278929789672e-02,4.638455305806e-02,-1.642764245316e-02,-4.312166133876e-04,-1.268108657773e-03,4.353647105447e-05
"                 570",7.596717446649e-02,4.911557775901e-02,-1.680510119658e-02,7.554221503137e-02,4.784149575535e-02,-1.676600412298e-02,-4.249594351200e-04,-1.274082003657e-03,3.909707359460e-05
"                 571",8.124230710460e-02,5.115224856081e-02,-1.729781192583e-02,8.083022543485e-02,4.986805759269e-02,-1.726381417649e-02,-4.120816697520e-04,-1.284190968125e-03,3.399774934452e-05
"                 572",8.874610246937e-02,5.333265063191e-02,-1.791060469870e-02,8.835513665525e-02,5.203653812260e-02,-1.788221341166e-02,-3.909658141191e-04,-1.296112509309e-03,2.839128704696e-05
"                 573",9.774748452746e-02,5.385428142582e-02,-1.860729453197e-02,9.738604996474e-02,5.254422337237e-02,-1.858510655906e-02,-3.614345627247e-04,-1.310058053452e-03,2.218797290893e-05
"                 574",1.082085730892e-01,5.299166319946e-02,-1.937046932210e-02,1.078781473006e-01,5.166918955951e-02,-1.935446062826e-02,-3.304257886264e-04,-1.322473639952e-03,1.600869383151e-05
"                 575",1.207553324258e-01,5.114012458811e-02,-2.021120208093e-02,1.204520385053e-01,4.980759736590e-02,-2.020081015856e-02,-3.032939204884e-04,-1.332527222205e-03,1.039192237311e-05
"                 576",1.346730487188e-01,4.945004161398e-02,-2.110926026453e-02,1.343922681600e-01,4.811101346530e-02,-2.110356652814e-02,-2.807805588585e-04,-1.339028148681e-03,5.693736388724e-06
"                 577",1.484547819263e-01,4.814121013410e-02,-2.200541812133e-02,1.481863497218e-01,4.679590169831e-02,-2.200289952972e-02,-2.684322044601e-04,-1.345308435787e-03,2.518591613083e-06
"                 578",1.611879951869e-01,4.615742251929e-02,-2.284995430099e-02,1.609222090516e-01,4.480374973499e-02,-2.284916973331e-02,-2.657861353136e-04,-1.353672784292e-03,7.845676758671e-07
"                 579",1.719096343294e-01,4.243506283026e-02,-2.357281820075e-02,1.716407622519e-01,4.107182684141e-02,-2.357280011466e-02,-2.688720774492e-04,-1.363235988858e-03,1.808608431368e-08
"                 580",1.803395144573e-01,3.722116022774e-02,-2.411148006698e-02,1.800654786078e-01,3.585099035441e-02,-2.411130446772e-02,-2.740358494253e-04,-1.370169873330e-03,1.755992591090e-07
"                 581",1.864617599273e-01,3.071119393105e-02,-2.442504820087e-02,1.861848010063e-01,2.933640030509e-02,-2.442375390780e-02,-2.769589210131e-04,-1.374793625962e-03,1.294293074348e-06
"                 582",1.898182353210e-01,2.395870501170e-02,-2.450223960657e-02,1.895361372111e-01,2.257977185689e-02,-2.449845205572e-02,-2.820981099082e-04,-1.378933154815e-03,3.787550851130e-06
"                 583",1.902459844721e-01,1.761946138540e-02,-2.437366284367e-02,1.899583528596e-01,1.623395315757e-02,-2.436637200247e-02,-2.876316125483e-04,-1.385508227834e-03,7.290841200328e-06
"                 584",1.871511776158e-01,1.189892580399e-02,-2.407171948375e-02,1.868558210934e-01,1.050597531301e-02,-2.405983631511e-02,-2.953565223535e-04,-1.392950490984e-03,1.188316863760e-05
"                 585",1.806719338254e-01,7.868610919971e-03,-2.361343807100e-02,1.803678577721e-01,6.469406384278e-03,-2.359613836751e-02,-3.040760532924e-04,-1.399204535693e-03,1.729970349362e-05
"                 586",1.725595528873e-01,6.257017334597e-03,-2.303957826463e-02,1.722402319873e-01,4.852746569264e-03,-2.301581997498e-02,-3.193208999330e-04,-1.404270765334e-03,2.375828965788e-05
"                 587",1.639191904246e-01,5.744155818352e-03,-2.237323407944e-02,1.635797297230e-01,4.337300930326e-03,-2.234256995946e-02,-3.394607016022e-04,-1.406854888026e-03,3.066411998316e-05
"                 588",1.540209939524e-01,6.140347939564e-03,-2.164041088936e-02,1.536554034067e-01,4.736973163781e-03,-2.160272268272e-02,-3.655905456762e-04,-1.403374775783e-03,3.768820664625e-05
"                 589",1.418292700824e-01,7.301513762457e-03,-2.084242008571e-02,1.414370841991e-01,5.907790333909e-03,-2.079832902355e-02,-3.921858832932e-04,-1.393723428548e-03,4.409106216035e-05
"                 590",1.277911471181e-01,1.060173409840e-02,-1.998586003372e-02,1.273747687930e-01,9.221898822046e-03,-1.993625612861e-02,-4.163783250553e-04,-1.379835276359e-03,4.960390511189e-05
"                 591",1.138643216428e-01,1.618905061336e-02,-1.912840526296e-02,1.134352696923e-01,1.482384226356e-02,-1.907492756098e-02,-4.290519505529e-04,-1.365208349799e-03,5.347770198891e-05
"                 592",1.009999796705e-01,2.287893707420e-02,-1.828420722196e-02,1.005669785661e-01,2.152708080562e-02,-1.822836841530e-02,-4.330011044128e-04,-1.351856268582e-03,5.583880665711e-05
"                 593",8.996313297429e-02,2.858980934701e-02,-1.752299249472e-02,8.952799738811e-02,2.725134707165e-02,-1.746596633920e-02,-4.351355861768e-04,-1.338462275362e-03,5.702615551776e-05
"                 594",8.065859860009e-02,3.260371883352e-02,-1.691283590893e-02,8.022057075610e-02,3.128032167445e-02,-1.685577481398e-02,-4.380278439889e-04,-1.323397159067e-03,5.706109494918e-05
"                 595",7.355865275530e-02,3.537722376133e-02,-1.651770391229e-02,7.311845152903e-02,3.406891523430e-02,-1.646176112397e-02,-4.402012262740e-04,-1.308308527030e-03,5.594278832470e-05
"                 596",6.984831625907e-02,3.781002041177e-02,-1.637093121282e-02,6.941090334879e-02,3.651263867086e-02,-1.631754852064e-02,-4.374129102830e-04,-1.297381740905e-03,5.338269217757e-05
"                 597",6.947301331346e-02,4.059176142053e-02,-1.644721630751e-02,6.904348696364e-02,3.929701519295e-02,-1.639765278861e-02,-4.295263498181e-04,-1.294746227576e-03,4.956351890413e-05
"                 598",7.208416623732e-02,4.333365440804e-02,-1.670725655288e-02,7.166567299313e-02,4.203431754925e-02,-1.666250601303e-02,-4.184932441856e-04,-1.299336858788e-03,4.475053984108e-05
"                 599",7.773437713367e-02,4.627489286952e-02,-1.713905750181e-02,7.732868812952e-02,4.496603404933e-02,-1.709986392477e-02,-4.056890041508e-04,-1.308858820191e-03,3.919357704343e-05
"                 600",8.533853164502e-02,4.939619060012e-02,-1.770500168813e-02,8.495406110883e-02,4.807355682488e-02,-1.767214509587e-02,-3.844705361962e-04,-1.322633775236e-03,3.285659226288e-05
"                 601",9.409300035503e-02,5.162316491404e-02,-1.838013772023e-02,9.373821151829e-02,5.028745574041e-02,-1.835416776194e-02,-3.547888367362e-04,-1.335709173629e-03,2.596995828974e-05
"                 602",1.044905826056e-01,5.269658436536e-02,-1.913419008934e-02,1.041691058921e-01,5.135190982979e-02,-1.911505660435e-02,-3.214767135197e-04,-1.344674535567e-03,1.913348498431e-05
"                 603",1.174597125055e-01,5.256205749083e-02,-1.997023876189e-02,1.171684005456e-01,5.121299278605e-02,-1.995731109176e-02,-2.913119598982e-04,-1.349064704784e-03,1.292767013051e-05
"                 604",1.319183860416e-01,5.262192049805e-02,-2.086093812386e-02,1.316507589463e-01,5.127076219117e-02,-2.085320291344e-02,-2.676270952888e-04,-1.351158306881e-03,7.735210426794e-06
"                 605",1.465402916663e-01,5.300436735200e-02,-2.175666516727e-02,1.462853128495e-01,5.165043438391e-02,-2.175253716335e-02,-2.549788167390e-04,-1.353932968091e-03,4.128003914642e-06
"                 606",1.605951588666e-01,5.267601915661e-02,-2.260939377856e-02,1.603448602492e-01,5.131760199329e-02,-2.260735378787e-02,-2.502986173879e-04,-1.358417163318e-03,2.039990690493e-06
"                 607",1.730534473759e-01,5.007578183122e-02,-2.335683684942e-02,1.728043709775e-01,4.871101578886e-02,-2.335579342054e-02,-2.490763984364e-04,-1.364766042354e-03,1.043428876919e-06
"                 608",1.831090615382e-01,4.488630614915e-02,-2.394161198687e-02,1.828586052424e-01,4.351499294012e-02,-2.394062683437e-02,-2.504562958048e-04,-1.371313209036e-03,9.851525003277e-07
"                 609",1.906030946921e-01,3.782320701210e-02,-2.431806539490e-02,1.903490850629e-01,3.644597414206e-02,-2.431612611972e-02,-2.540096291892e-04,-1.377232870041e-03,1.939275175774e-06
"                 610",1.949411925034e-01,3.029397757257e-02,-2.445540187667e-02,1.946783132359e-01,2.890931681937e-02,-2.445103538558e-02,-2.628792675365e-04,-1.384660753205e-03,4.366491086271e-06
"                 611",1.962795392677e-01,2.307819615997e-02,-2.439333239133e-02,1.960061161474e-01,2.168174750915e-02,-2.438539826609e-02,-2.734231202581e-04,-1.396448650819e-03,7.934125241935e-06
"                 612",1.940225948772e-01,1.670532650621e-02,-2.415237531430e-02,1.937386476609e-01,1.529705097041e-02,-2.414000755727e-02,-2.839472163323e-04,-1.408275535807e-03,1.236775703272e-05
"                 613",1.878253832407e-01,1.183108286639e-02,-2.373813995572e-02,1.875296344062e-01,1.041394828502e-02,-2.372041533683e-02,-2.957488344935e-04,-1.417134581365e-03,1.772461889100e-05
"                 614",1.793535254185e-01,8.524932420329e-03,-2.319895634868e-02,1.790410115300e-01,7.101609226815e-03,-2.317468441745e-02,-3.125138884548e-04,-1.423323193514e-03,2.427193122444e-05
"                 615",1.699089096886e-01,6.514055823835e-03,-2.256950381375e-02,1.695741955312e-01,5.088383725973e-03,-2.253775851037e-02,-3.347141574566e-04,-1.425672097862e-03,3.174530337754e-05
"                 616",1.594339073541e-01,5.430975661607e-03,-2.184688100711e-02,1.590759717686e-01,4.010422862534e-03,-2.180757740069e-02,-3.579355855459e-04,-1.420552799073e-03,3.930360642202e-05
"                 617",1.467738033029e-01,5.350061409910e-03,-2.102048265015e-02,1.463938306273e-01,3.942656176307e-03,-2.097428020857e-02,-3.799726755896e-04,-1.407405233603e-03,4.620244158007e-05
"                 618",1.322731198937e-01,7.568795194267e-03,-2.012792892035e-02,1.318728386530e-01,6.177358815446e-03,-2.007579113893e-02,-4.002812407451e-04,-1.391436378821e-03,5.213778142321e-05
"                 619",1.172381730479e-01,1.211053154032e-02,-1.922753820385e-02,1.168250979405e-01,1.073279614680e-02,-1.917101088536e-02,-4.130751073763e-04,-1.377735393518e-03,5.652731849580e-05
"                 620",1.029846092783e-01,1.767983382400e-02,-1.836949281117e-02,1.025656945640e-01,1.631330534146e-02,-1.831000013131e-02,-4.189147142845e-04,-1.366528482535e-03,5.949267985342e-05
"                 621",9.066203477713e-02,2.223558699258e-02,-1.762061324089e-02,9.024053642650e-02,2.087826725917e-02,-1.755930688861e-02,-4.214983506278e-04,-1.357319733410e-03,6.130635227389e-05
"                 622",8.060611371242e-02,2.505018034471e-02,-1.702536364727e-02,8.018242145431e-02,2.370217205135e-02,-1.696348255798e-02,-4.236922581099e-04,-1.348008293366e-03,6.188108929542e-05
"                 623",7.270418383911e-02,2.687777618511e-02,-1.663075371609e-02,7.227790725976e-02,2.554069354904e-02,-1.656975792680e-02,-4.262765793593e-04,-1.337082636074e-03,6.099578928355e-05
"                 624",6.776300131732e-02,2.914016983770e-02,-1.647788932256e-02,6.734026304829e-02,2.781123585040e-02,-1.641958023055e-02,-4.227382690270e-04,-1.328933987300e-03,5.830909201268e-05
"                 625",6.632706888939e-02,3.270988312883e-02,-1.653914313447e-02,6.591408382475e-02,3.138215803263e-02,-1.648495299035e-02,-4.129850646444e-04,-1.327725096199e-03,5.419014411814e-05
"                 626",6.888763506678e-02,3.677413080923e-02,-1.679419343420e-02,6.848571324178e-02,3.544397650493e-02,-1.674506879394e-02,-4.019218249972e-04,-1.330154304309e-03,4.912464025691e-05
"                 627",7.471577394155e-02,4.125515334706e-02,-1.720775264860e-02,7.432971126698e-02,3.992020942485e-02,-1.716467480456e-02,-3.860626745724e-04,-1.334943922209e-03,4.307784403710e-05
"                 628",8.225354958027e-02,4.551266002491e-02,-1.772299567381e-02,8.188803591061e-02,4.416894912529e-02,-1.768676010881e-02,-3.655136696566e-04,-1.343710899625e-03,3.623556499961e-05
"                 629",9.093669457656e-02,4.890572454498e-02,-1.832482815940e-02,9.059921206746e-02,4.755300158156e-02,-1.829599918649e-02,-3.374825090991e-04,-1.352722963416e-03,2.882897291570e-05
"                 630",1.014208619001e-01,5.115481437633e-02,-1.902584744066e-02,1.011125021690e-01,4.979762807006e-02,-1.900415424889e-02,-3.083597310892e-04,-1.357186306275e-03,2.169319176767e-05
"                 631",1.145810738313e-01,5.252528406091e-02,-1.984113702746e-02,1.143003867467e-01,5.116875404836e-02,-1.982597723707e-02,-2.806870845539e-04,-1.356530012556e-03,1.515979039076e-05
"                 632",1.291918185983e-01,5.399880294010e-02,-2.072165656145e-02,1.289322358547e-01,5.264244522809e-02,-2.071193849499e-02,-2.595827435979e-04,-1.356357712014e-03,9.718066450382e-06
"                 633",1.444675901374e-01,5.537054992899e-02,-2.163728097914e-02,1.442179169197e-01,5.401050284933e-02,-2.163146964914e-02,-2.496732176982e-04,-1.360047079665e-03,5.811329995151e-06
"                 634",1.592448132193e-01,5.527142956033e-02,-2.252665653065e-02,1.589978505955e-01,5.390631808666e-02,-2.252334993710e-02,-2.469626238080e-04,-1.365111473676e-03,3.306593549875e-06
"                 635",1.726495747953e-01,5.282013922249e-02,-2.331130709585e-02,1.724035860174e-01,5.144865937176e-02,-2.330944954289e-02,-2.459887778974e-04,-1.371479850725e-03,1.857552958326e-06
"                 636",1.839888728117e-01,4.788500354580e-02,-2.392046786522e-02,1.837405261308e-01,4.650698386009e-02,-2.391884388835e-02,-2.483466809153e-04,-1.378019685709e-03,1.623976865177e-06
"                 637",1.925519883677e-01,4.105710243622e-02,-2.431053519820e-02,1.922979672267e-01,3.967272348061e-02,-2.430788395141e-02,-2.540211410228e-04,-1.384378955616e-03,2.651246793865e-06
"                 638",1.978763680811e-01,3.426952977301e-02,-2.445229199156e-02,1.976102988821e-01,3.287669265465e-02,-2.444702568436e-02,-2.660691990139e-04,-1.392837118359e-03,5.266307200714e-06
"                 639",1.999146181418e-01,2.779888576479e-02,-2.436800491711e-02,1.996338718230e-01,2.639306001907e-02,-2.435882515288e-02,-2.807463188099e-04,-1.405825745721e-03,9.179764229356e-06
"                 640",1.981123468190e-01,2.195502021218e-02,-2.408855709953e-02,1.978181111401e-01,2.053566107046e-02,-2.407455693788e-02,-2.942356788336e-04,-1.419359141723e-03,1.400016165248e-05
"                 641",1.925272347974e-01,1.739441153307e-02,-2.365560664402e-02,1.922179476193e-01,1.596585673519e-02,-2.363591062265e-02,-3.092871780949e-04,-1.428554797880e-03,1.969602137770e-05
"                 642",1.848182195660e-01,1.320579364872e-02,-2.312811976400e-02,1.844894904974e-01,1.177183514906e-02,-2.310162035302e-02,-3.287290686810e-04,-1.433958499659e-03,2.649941097160e-05
"                 643",1.758491888101e-01,9.389485192337e-03,-2.253634976126e-02,1.754969055871e-01,7.955015996722e-03,-2.250213391334e-02,-3.522832230259e-04,-1.434469195614e-03,3.421584792113e-05
"                 644",1.650255916139e-01,6.374425086754e-03,-2.185704983550e-02,1.646524917187e-01,4.946332421755e-03,-2.181513881271e-02,-3.730998952286e-04,-1.428092665000e-03,4.191102279261e-05
"                 645",1.515231133247e-01,5.071466361166e-03,-2.105741807141e-02,1.511329827310e-01,3.657319875556e-03,-2.100843893631e-02,-3.901305936233e-04,-1.414146485610e-03,4.897913509425e-05
"                 646",1.364765096591e-01,5.959781462980e-03,-2.018764622119e-02,1.360723802335e-01,4.560467887617e-03,-2.013270669995e-02,-4.041294255863e-04,-1.399313575364e-03,5.493952123812e-05
"                 647",1.205419519797e-01,8.768883735378e-03,-1.928968903043e-02,1.201290011369e-01,7.381742223887e-03,-1.923033285168e-02,-4.129508427353e-04,-1.387141511491e-03,5.935617875207e-05
"                 648",1.055653068952e-01,1.271391355576e-02,-1.842935449139e-02,1.051466296705e-01,1.133713871833e-02,-1.836691303440e-02,-4.186772246922e-04,-1.376774837436e-03,6.244145698960e-05
"                 649",9.236986143395e-02,1.623686572870e-02,-1.767395439103e-02,9.194679357493e-02,1.486855055904e-02,-1.760941132455e-02,-4.230678590232e-04,-1.368315169662e-03,6.454306647716e-05
"                 650",8.163527442523e-02,1.876374563893e-02,-1.707720156562e-02,8.121200009177e-02,1.740296825032e-02,-1.701176942606e-02,-4.232743334576e-04,-1.360777388612e-03,6.543213956270e-05
"                 651",7.366693875834e-02,2.083459340499e-02,-1.667650018820e-02,7.324478786834e-02,1.948094486223e-02,-1.661160051859e-02,-4.221508900065e-04,-1.353648542764e-03,6.489966960610e-05
"                 652",6.852381689863e-02,2.346104342630e-02,-1.650513902547e-02,6.810869304204e-02,2.211086901854e-02,-1.644267343040e-02,-4.151238565974e-04,-1.350174407759e-03,6.246559507766e-05
"                 653",6.669581033969e-02,2.677472120859e-02,-1.656576750057e-02,6.629101474446e-02,2.542242710081e-02,-1.650737507138e-02,-4.047955952242e-04,-1.352294107779e-03,5.839242918983e-05
"                 654",6.897062973746e-02,3.086915921172e-02,-1.682878462337e-02,6.857933880733e-02,2.951158707557e-02,-1.677570602332e-02,-3.912909301335e-04,-1.357572136153e-03,5.307860004852e-05
"                 655",7.489597634346e-02,3.569014607494e-02,-1.726237925488e-02,7.452208613196e-02,3.432705676632e-02,-1.721586011525e-02,-3.738902114916e-04,-1.363089308621e-03,4.651913963528e-05
"                 656",8.228773567694e-02,4.016794464410e-02,-1.779080164363e-02,8.193675467750e-02,3.879840137046e-02,-1.775179808940e-02,-3.509809994467e-04,-1.369543273642e-03,3.900355422582e-05
"                 657",9.058076734038e-02,4.371994087677e-02,-1.838915608488e-02,9.025683189512e-02,4.234557072227e-02,-1.835824174698e-02,-3.239354452580e-04,-1.374370154501e-03,3.091433790120e-05
"                 658",1.010808675842e-01,4.608747215984e-02,-1.908824098124e-02,1.007819945675e-01,4.471283647414e-02,-1.906493946500e-02,-2.988730166440e-04,-1.374635685697e-03,2.330151623775e-05
"                 659",1.146740438376e-01,4.879465857742e-02,-1.990802971108e-02,1.143981338785e-01,4.742538945666e-02,-1.989153845450e-02,-2.759099590542e-04,-1.369269120758e-03,1.649125658292e-05
"                 660",1.295270371718e-01,5.187079793215e-02,-2.077703178080e-02,1.292688703908e-01,5.050504221879e-02,-2.076617021961e-02,-2.581667809962e-04,-1.365755713361e-03,1.086156118730e-05
"                 661",1.450402979071e-01,5.451748738584e-02,-2.166614173233e-02,1.447907390344e-01,5.314996256931e-02,-2.165934463912e-02,-2.495588726656e-04,-1.367524816526e-03,6.797093209790e-06
"                 662",1.600156007412e-01,5.525251577106e-02,-2.251618679466e-02,1.597678230509e-01,5.388127938247e-02,-2.251201377475e-02,-2.477776903873e-04,-1.371236388584e-03,4.173019901329e-06
"                 663",1.737053800741e-01,5.335323740915e-02,-2.326309161533e-02,1.734584097731e-01,5.197707336721e-02,-2.326046186670e-02,-2.469703009743e-04,-1.376164041938e-03,2.629748620314e-06
"                 664",1.855363932370e-01,4.893418209578e-02,-2.384355091336e-02,1.852864964360e-01,4.755161951422e-02,-2.384117411281e-02,-2.498968009370e-04,-1.382562581561e-03,2.376800544476e-06
"                 665",1.946864183600e-01,4.288270555634e-02,-2.421866090053e-02,1.944286410366e-01,4.149288851274e-02,-2.421512343221e-02,-2.577773233195e-04,-1.389817043603e-03,3.537468317876e-06
"                 666",2.005869447460e-01,3.633280115367e-02,-2.437416672057e-02,2.003136222596e-01,3.493078749702e-02,-2.436790195255e-02,-2.733224863761e-04,-1.402013656652e-03,6.264768019340e-06
"                 667",2.031711732984e-01,2.977573713630e-02,-2.431178299343e-02,2.028804120819e-01,2.835720477294e-02,-2.430157675801e-02,-2.907612164728e-04,-1.418532363361e-03,1.020623542389e-05
"                 668",2.017205804059e-01,2.392979912839e-02,-2.405455369403e-02,2.014129774802e-01,2.249537034774e-02,-2.403952019712e-02,-3.076029257749e-04,-1.434428780648e-03,1.503349690332e-05
"                 669",1.966580074532e-01,1.939855412373e-02,-2.364344933774e-02,1.963315657833e-01,1.795278621915e-02,-2.362254375436e-02,-3.264416699371e-04,-1.445767904583e-03,2.090558337954e-05
"                 670",1.893793517414e-01,1.502820539067e-02,-2.313708464801e-02,1.890302738989e-01,1.357778271238e-02,-2.310935648851e-02,-3.490778425693e-04,-1.450422678291e-03,2.772815950612e-05
"                 671",1.805226470535e-01,1.089630633675e-02,-2.255373674178e-02,1.801481249300e-01,9.449903962038e-03,-2.251833665005e-02,-3.745221235129e-04,-1.446402374716e-03,3.540009173640e-05
"                 672",1.691394957666e-01,7.294778714673e-03,-2.186718013921e-02,1.687447598690e-01,5.861145612062e-03,-2.182414171014e-02,-3.947358975841e-04,-1.433633102611e-03,4.303842907132e-05
"                 673",1.548662559435e-01,6.024693769099e-03,-2.104524351754e-02,1.544570516547e-01,4.609463410398e-03,-2.099508532105e-02,-4.092042887950e-04,-1.415230358701e-03,5.015819648183e-05
"                 674",1.392784388834e-01,6.444884633002e-03,-2.014807776502e-02,1.388604770030e-01,5.045348285955e-03,-2.009186041169e-02,-4.179618803952e-04,-1.399536347046e-03,5.621735332843e-05
"                 675",1.232459078227e-01,7.985668195015e-03,-1.923075360927e-02,1.228232265345e-01,6.596756054959e-03,-1.916999091871e-02,-4.226812882048e-04,-1.388912140056e-03,6.076269056094e-05
"                 676",1.081504375685e-01,9.921717219203e-03,-1.837330904016e-02,1.077238912324e-01,8.541163941669e-03,-1.830933802453e-02,-4.265463361239e-04,-1.380553277534e-03,6.397101563295e-05
"                 677",9.474996200774e-02,1.148896900321e-02,-1.764560483942e-02,9.431786619141e-02,1.011441940516e-02,-1.757950391658e-02,-4.320958163320e-04,-1.374549598055e-03,6.610092284083e-05
"                 678",8.345785227024e-02,1.254861086753e-02,-1.709605113300e-02,8.302393360878e-02,1.117917536625e-02,-1.702905474259e-02,-4.339186614580e-04,-1.369435501286e-03,6.699639041640e-05
"                 679",7.508522353952e-02,1.414642888862e-02,-1.675588762834e-02,7.465401999031e-02,1.278017542060e-02,-1.668952834673e-02,-4.312035492082e-04,-1.366253468012e-03,6.635928160955e-05
"                 680",6.980221862160e-02,1.667464860808e-02,-1.662434722110e-02,6.938037854517e-02,1.530539764861e-02,-1.656043488207e-02,-4.218400764300e-04,-1.369250959478e-03,6.391233902622e-05
"                 681",6.806044518187e-02,2.001540237347e-02,-1.670604205524e-02,6.765089097469e-02,1.863971036700e-02,-1.664621789646e-02,-4.095542071782e-04,-1.375692006477e-03,5.982415878245e-05
"                 682",7.009253239335e-02,2.424725428463e-02,-1.696449798152e-02,6.969843749310e-02,2.286575645167e-02,-1.691014548605e-02,-3.940949002523e-04,-1.381497832955e-03,5.435249547879e-05
"                 683",7.561818930743e-02,2.954421250526e-02,-1.736641631805e-02,7.524368017383e-02,2.815758994143e-02,-1.731885428914e-02,-3.745091335980e-04,-1.386622563831e-03,4.756202891375e-05
"                 684",8.286810622230e-02,3.471510055172e-02,-1.786237259728e-02,8.251652038685e-02,3.332597045119e-02,-1.782250521918e-02,-3.515858354466e-04,-1.389130100528e-03,3.986737810033e-05
"                 685",9.122538072264e-02,3.919503351740e-02,-1.844099772570e-02,9.090019694285e-02,3.780652484268e-02,-1.840938554299e-02,-3.251837797903e-04,-1.388508674725e-03,3.161218271527e-05
"                 686",1.022463520404e-01,4.194498392044e-02,-1.913302129244e-02,1.019428173489e-01,4.056170147625e-02,-1.910908815601e-02,-3.035346915147e-04,-1.383282444183e-03,2.393313643037e-05
"                 687",1.165113320509e-01,4.522391425130e-02,-1.996560459139e-02,1.162268369579e-01,4.384842129316e-02,-1.994854841619e-02,-2.844950930686e-04,-1.375492958134e-03,1.705617519242e-05
"                 688",1.320145441277e-01,4.867532021082e-02,-2.086166343859e-02,1.317427823726e-01,4.730351728258e-02,-2.085014813732e-02,-2.717617550084e-04,-1.371802928243e-03,1.151530127131e-05
"                 689",1.477575275815e-01,5.111421342883e-02,-2.176893304432e-02,1.474921876455e-01,4.974069244318e-02,-2.176154364143e-02,-2.653399360289e-04,-1.373520985655e-03,7.389402891320e-06
"                 690",1.626767473397e-01,5.159324708829e-02,-2.261447667929e-02,1.624133328181e-01,5.021549351601e-02,-2.260985895340e-02,-2.634145216351e-04,-1.377753572279e-03,4.617725893800e-06
"                 691",1.763677708521e-01,4.972320262348e-02,-2.333606088781e-02,1.761051458480e-01,4.834078406249e-02,-2.333305237800e-02,-2.626250041073e-04,-1.382418560985e-03,3.008509812585e-06
"                 692",1.882580584702e-01,4.596419814973e-02,-2.387538503790e-02,1.879925995159e-01,4.457676087454e-02,-2.387258174612e-02,-2.654589543168e-04,-1.387437275182e-03,2.803291779348e-06
"                 693",1.974651505272e-01,4.133381558083e-02,-2.420458396461e-02,1.971902963448e-01,3.993946039665e-02,-2.420032143998e-02,-2.748541824088e-04,-1.394355184178e-03,4.262524634950e-06
"                 694",2.035269168534e-01,3.583261264870e-02,-2.432267673800e-02,2.032356685407e-01,3.442485171514e-02,-2.431534149856e-02,-2.912483127330e-04,-1.407760933561e-03,7.335239438735e-06
"                 695",2.063241911086e-01,3.021314567617e-02,-2.423920513706e-02,2.060142012236e-01,2.878781662394e-02,-2.422762055383e-02,-3.099898850232e-04,-1.425329052231e-03,1.158458323190e-05
"                 696",2.051804233889e-01,2.509157233770e-02,-2.397506551610e-02,2.048516028503e-01,2.364965359006e-02,-2.395831712658e-02,-3.288205385892e-04,-1.441918747642e-03,1.674838951937e-05
"                 697",2.004844336480e-01,2.076630828616e-02,-2.356088230282e-02,2.001344553146e-01,1.931176577850e-02,-2.353791372053e-02,-3.499783334289e-04,-1.454542507660e-03,2.296858229113e-05
"                 698",1.936688775004e-01,1.618378986947e-02,-2.306191671061e-02,1.932948190211e-01,1.472493796565e-02,-2.303188576562e-02,-3.740584793238e-04,-1.458851903823e-03,3.003094498805e-05
"                 699",1.849432046113e-01,1.175965878220e-02,-2.248988885713e-02,1.845438108832e-01,1.030728644072e-02,-2.245226184676e-02,-3.993937281050e-04,-1.452372341473e-03,3.762701037614e-05
"                 700",1.731140652019e-01,7.373075466660e-03,-2.180232623720e-02,1.726964502482e-01,5.937567524531e-03,-2.175733780028e-02,-4.176149536936e-04,-1.435507942128e-03,4.498843692009e-05
"                 701",1.581832702457e-01,5.239045616285e-03,-2.097862222435e-02,1.577532227452e-01,3.823931211382e-03,-2.092673851762e-02,-4.300475005857e-04,-1.415114404904e-03,5.188370673581e-05
"                 702",1.419741712600e-01,5.087728338189e-03,-2.007527174123e-02,1.415405056386e-01,3.687477048168e-03,-2.001764941379e-02,-4.336656214528e-04,-1.400251290021e-03,5.762232743956e-05
"                 703",1.257931647910e-01,5.977800795225e-03,-1.915571871414e-02,1.253592898469e-01,4.587617718247e-03,-1.909369147499e-02,-4.338749440581e-04,-1.390183076978e-03,6.202723914467e-05
"                 704",1.107949649468e-01,6.792166588266e-03,-1.830589303162e-02,1.103593190005e-01,5.409145058010e-03,-1.824065352601e-02,-4.356459463416e-04,-1.383021530256e-03,6.523950560476e-05
"                 705",9.729240675581e-02,7.384025431783e-03,-1.759513650979e-02,9.685226445590e-02,6.006199376930e-03,-1.752783336110e-02,-4.401422999089e-04,-1.377826054853e-03,6.730314869183e-05
"                 706",8.590508807355e-02,8.004376326880e-03,-1.707654904462e-02,8.546288676779e-02,6.630856882922e-03,-1.700842525120e-02,-4.422013057506e-04,-1.373519443958e-03,6.812379341093e-05
"                 707",7.742732689956e-02,9.730535873224e-03,-1.677625323347e-02,7.698933494358e-02,8.356564667265e-03,-1.670896524959e-02,-4.379919559824e-04,-1.373971205959e-03,6.728798387761e-05
"                 708",7.210582386116e-02,1.206773190442e-02,-1.668177690749e-02,7.167893372818e-02,1.068550706226e-02,-1.661708928492e-02,-4.268901329764e-04,-1.382224842152e-03,6.468762257021e-05
"                 709",7.041476292098e-02,1.519292845474e-02,-1.679430453472e-02,7.000175322052e-02,1.379794078082e-02,-1.673374209393e-02,-4.130097004648e-04,-1.394987673913e-03,6.056244078667e-05
"                 710",7.233830620688e-02,1.900441997363e-02,-1.707744094131e-02,7.194280025966e-02,1.759902395246e-02,-1.702254130958e-02,-3.955059472182e-04,-1.405396021168e-03,5.489963173020e-05
"                 711",7.794637779619e-02,2.344496679647e-02,-1.750410931257e-02,7.757115056832e-02,2.203166385860e-02,-1.745627255084e-02,-3.752272278720e-04,-1.413302937866e-03,4.783676172707e-05
"                 712",8.511327232817e-02,2.800014633485e-02,-1.800811441260e-02,8.476274966825e-02,2.658455646014e-02,-1.796833347157e-02,-3.505226599204e-04,-1.415589874717e-03,3.978094102991e-05
"                 713",9.360886270704e-02,3.246948601148e-02,-1.859037388037e-02,9.328463203176e-02,3.105785562229e-02,-1.855900523699e-02,-3.242306752807e-04,-1.411630389191e-03,3.136864337983e-05
"                 714",1.052077032517e-01,3.578038738059e-02,-1.929312081886e-02,1.049033996212e-01,3.437851154693e-02,-1.926946178446e-02,-3.043036304614e-04,-1.401875833657e-03,2.365903440396e-05
"                 715",1.197920614452e-01,3.985640487463e-02,-2.011818996389e-02,1.195038593346e-01,3.846439686542e-02,-2.010131999762e-02,-2.882021106106e-04,-1.392008009217e-03,1.686996627176e-05
"                 716",1.355378973862e-01,4.433654303266e-02,-2.100502251392e-02,1.352583243940e-01,4.294898672248e-02,-2.099346329936e-02,-2.795729921615e-04,-1.387556310183e-03,1.155921456338e-05
"                 717",1.513595327202e-01,4.747126440229e-02,-2.189510465408e-02,1.510840253029e-01,4.608386954577e-02,-2.188749250451e-02,-2.755074173118e-04,-1.387394856515e-03,7.612149567074e-06
"                 718",1.661576222048e-01,4.814618490713e-02,-2.271583510623e-02,1.658855309301e-01,4.675588172183e-02,-2.271097565556e-02,-2.720912746344e-04,-1.390303185295e-03,4.859450669270e-06
"                 719",1.798279532664e-01,4.648827375574e-02,-2.340518624934e-02,1.795576519407e-01,4.509388672704e-02,-2.340179675076e-02,-2.703013256388e-04,-1.394387028704e-03,3.389498580805e-06
"                 720",1.915519161792e-01,4.316064389325e-02,-2.390438756471e-02,1.912793567345e-01,4.176089015227e-02,-2.390103479856e-02,-2.725594446324e-04,-1.399753740984e-03,3.352766154748e-06
"                 721",2.004517535581e-01,3.917704330349e-02,-2.420039026720e-02,2.001690713008e-01,3.776717356513e-02,-2.419529547164e-02,-2.826822572291e-04,-1.409869738359e-03,5.094795562849e-06
"                 722",2.060665940965e-01,3.409438111887e-02,-2.429756756179e-02,2.057681282041e-01,3.266706517164e-02,-2.428918630053e-02,-2.984658924644e-04,-1.427315947228e-03,8.381261264676e-06
"                 723",2.082927701827e-01,2.871672992224e-02,-2.419924517618e-02,2.079764695841e-01,2.726945728957e-02,-2.418645866221e-02,-3.163005985699e-04,-1.447272632675e-03,1.278651396710e-05
"                 724",2.069479477342e-01,2.406119783388e-02,-2.391999202524e-02,2.066127358410e-01,2.259625889429e-02,-2.390180451272e-02,-3.352118931250e-04,-1.464938939597e-03,1.818751252225e-05
"                 725",2.026184001931e-01,1.978609753368e-02,-2.349177384902e-02,2.022610056427e-01,1.830820735745e-02,-2.346705066217e-02,-3.573945504211e-04,-1.477890176235e-03,2.472318684620e-05
"                 726",1.962500248988e-01,1.542242929590e-02,-2.296841556132e-02,1.958677461495e-01,1.394171076730e-02,-2.293631568885e-02,-3.822787493498e-04,-1.480718528591e-03,3.209987246508e-05
"                 727",1.873879872126e-01,1.132101421465e-02,-2.235312413420e-02,1.869813477665e-01,9.850171710449e-03,-2.231332525971e-02,-4.066394460572e-04,-1.470842504202e-03,3.979887448626e-05
"                 728",1.748841947805e-01,7.687059302825e-03,-2.161096589202e-02,1.744615604443e-01,6.237498362319e-03,-2.156394352378e-02,-4.226343362078e-04,-1.449560940505e-03,4.702236824488e-05
"                 729",1.594763232402e-01,5.965773476625e-03,-2.076269696392e-02,1.590437875342e-01,4.537594431983e-03,-2.070905113603e-02,-4.325357060345e-04,-1.428179044641e-03,5.364582788522e-05
"                 730",1.431623877716e-01,5.728220637536e-03,-1.986767117509e-02,1.427295818206e-01,4.313339334261e-03,-1.980856205968e-02,-4.328059510636e-04,-1.414881303275e-03,5.910911540414e-05
"                 731",1.271357026244e-01,5.971045793629e-03,-1.898384355635e-02,1.267061731324e-01,4.564602249893e-03,-1.892059196337e-02,-4.295294920389e-04,-1.406443543736e-03,6.325159297587e-05
"                 732",1.122977594463e-01,5.523948881340e-03,-1.819050512704e-02,1.118678080242e-01,4.122444662741e-03,-1.812420796149e-02,-4.299514221668e-04,-1.401504218599e-03,6.629716555361e-05
"                 733",9.884643015948e-02,4.744106789765e-03,-1.755040053960e-02,9.841427175729e-02,3.344998975978e-03,-1.748240716478e-02,-4.321584021936e-04,-1.399107813787e-03,6.799337482403e-05
"                 734",8.755561424727e-02,4.460556846198e-03,-1.710640887538e-02,8.712329977280e-02,3.062643081787e-03,-1.703804269175e-02,-4.323144744768e-04,-1.397913764411e-03,6.836618362504e-05
"                 735",7.915418086103e-02,5.681423422978e-03,-1.686287356905e-02,7.872959325628e-02,4.277871940827e-03,-1.679586612039e-02,-4.245876047479e-04,-1.403551482151e-03,6.700744866809e-05
"                 736",7.451877935506e-02,7.678681857506e-03,-1.681599384279e-02,7.410367915279e-02,6.261661154840e-03,-1.675173826746e-02,-4.151002022654e-04,-1.417020702666e-03,6.425557532514e-05
"                 737",7.332762561832e-02,1.060447174693e-02,-1.693811421270e-02,7.292929030561e-02,9.170512570941e-03,-1.687810276844e-02,-3.983353127096e-04,-1.433959175989e-03,6.001144426536e-05
"                 738",7.562502388512e-02,1.483490538135e-02,-1.721402186973e-02,7.524691136827e-02,1.338779836109e-02,-1.715973494258e-02,-3.781125168552e-04,-1.447107020256e-03,5.428692714807e-05
"                 739",8.081971663732e-02,1.938550107242e-02,-1.761623303499e-02,8.046318097188e-02,1.793086673489e-02,-1.756913370782e-02,-3.565356654435e-04,-1.454634337524e-03,4.709932716949e-05
"                 740",8.766277912064e-02,2.381972057805e-02,-1.811163508052e-02,8.733110472195e-02,2.236497167802e-02,-1.807269445890e-02,-3.316743986965e-04,-1.454748900032e-03,3.894062162428e-05
"                 741",9.659651325379e-02,2.768525811732e-02,-1.872190375764e-02,9.628815567355e-02,2.623711407158e-02,-1.869127612356e-02,-3.083575802388e-04,-1.448144045747e-03,3.062763408890e-05
"                 742",1.089456555672e-01,3.137628362161e-02,-1.947631469295e-02,1.086547115998e-01,2.994027004573e-02,-1.945332755089e-02,-2.909439673980e-04,-1.436013575883e-03,2.298714206111e-05
"                 743",1.235601261928e-01,3.567867816226e-02,-2.033730503560e-02,1.232809586548e-01,3.425170177927e-02,-2.032093476510e-02,-2.791675380751e-04,-1.426976382995e-03,1.637027049673e-05
"                 744",1.391831640255e-01,4.001189633563e-02,-2.125192887651e-02,1.389091193766e-01,3.858741963140e-02,-2.124073076478e-02,-2.740446488747e-04,-1.424476704232e-03,1.119811172553e-05
"                 745",1.546702139106e-01,4.285943147809e-02,-2.214680571633e-02,1.543974606175e-01,4.143434459213e-02,-2.213939662377e-02,-2.727532931233e-04,-1.425086885962e-03,7.409092557653e-06
"                 746",1.691992687003e-01,4.326979643378e-02,-2.294370700489e-02,1.689293515086e-01,4.184245703086e-02,-2.293890228050e-02,-2.699171916473e-04,-1.427339402913e-03,4.804724382482e-06
"                 747",1.825254528572e-01,4.166456906222e-02,-2.357575470947e-02,1.822566961987e-01,4.023419594154e-02,-2.357207252139e-02,-2.687566585069e-04,-1.430373120678e-03,3.682188077654e-06
"                 748",1.937982305506e-01,3.896629774869e-02,-2.399531456596e-02,1.935258771521e-01,3.753161052619e-02,-2.399114285325e-02,-2.723533985449e-04,-1.434687222492e-03,4.171712707463e-06
"                 749",2.022978579326e-01,3.583785667008e-02,-2.420736493728e-02,2.020146576978e-01,3.439238211293e-02,-2.420089413378e-02,-2.832002348612e-04,-1.445474557150e-03,6.470803499686e-06
"                 750",2.075157760445e-01,3.183055085069e-02,-2.422366025387e-02,2.072172600804e-01,3.036610606571e-02,-2.421340460844e-02,-2.985159641164e-04,-1.464444784984e-03,1.025564542505e-05
"                 751",2.092522387977e-01,2.747483974515e-02,-2.406517599566e-02,2.089369086433e-01,2.599001933553e-02,-2.405015392041e-02,-3.153301543986e-04,-1.484820409625e-03,1.502207524974e-05
"                 752",2.077250737762e-01,2.363386924509e-02,-2.375292504432e-02,2.073897602647e-01,2.213218737447e-02,-2.373205171288e-02,-3.353135114445e-04,-1.501681870617e-03,2.087333144585e-05
"                 753",2.034893765179e-01,1.947639583445e-02,-2.332004272133e-02,2.031313710241e-01,1.796344353079e-02,-2.329235987498e-02,-3.580054937509e-04,-1.512952303655e-03,2.768284635718e-05
"                 754",1.972832145133e-01,1.535365860128e-02,-2.280906392948e-02,1.968993274490e-01,1.383962568084e-02,-2.277382722010e-02,-3.838870643433e-04,-1.514032920439e-03,3.523670938154e-05
"                 755",1.880070181435e-01,1.097461946646e-02,-2.219757409263e-02,1.876012258961e-01,9.472344132572e-03,-2.215485286342e-02,-4.057922474444e-04,-1.502275333884e-03,4.272122921303e-05
"                 756",1.748904445775e-01,7.660272997306e-03,-2.145542161623e-02,1.744704934550e-01,6.180859549005e-03,-2.140581048631e-02,-4.199511225002e-04,-1.479413448301e-03,4.961112991718e-05
"                 757",1.593141923619e-01,6.183848692324e-03,-2.062164009243e-02,1.588886540612e-01,4.724355843021e-03,-2.056600087388e-02,-4.255383006316e-04,-1.459492849303e-03,5.563921855480e-05
"                 758",1.431162062755e-01,5.846421696141e-03,-1.973965473493e-02,1.426933452619e-01,4.399031003745e-03,-1.967897114274e-02,-4.228610135983e-04,-1.447390692396e-03,6.068359218939e-05
"                 759",1.274550024479e-01,5.597377738304e-03,-1.887018488982e-02,1.270376954059e-01,4.157058107572e-03,-1.880557738421e-02,-4.173070420351e-04,-1.440319630732e-03,6.460750560699e-05
"                 760",1.129695283079e-01,4.656724503842e-03,-1.809236567954e-02,1.125537144479e-01,3.220526444834e-03,-1.802488358427e-02,-4.158138599827e-04,-1.436198059009e-03,6.748209527423e-05
"                 761",9.991515171008e-02,3.457511576563e-03,-1.747432953089e-02,9.949950376932e-02,2.022688879384e-03,-1.740533688623e-02,-4.156479407582e-04,-1.434822697179e-03,6.899264465739e-05
"                 762",8.903880609839e-02,3.227709817601e-03,-1.705826356872e-02,8.862606358531e-02,1.791258791951e-03,-1.698924324213e-02,-4.127425130744e-04,-1.436451025650e-03,6.902032658708e-05
"                 763",8.133656774777e-02,4.173556316470e-03,-1.684886407959e-02,8.093192721490e-02,2.726798310371e-03,-1.678146037992e-02,-4.046405328737e-04,-1.446758006099e-03,6.740369967043e-05
"                 764",7.739109559414e-02,6.033543330936e-03,-1.684877842568e-02,7.699811511864e-02,4.568602134584e-03,-1.678450004645e-02,-3.929804754971e-04,-1.464941196352e-03,6.427837923460e-05
"                 765",7.685680667073e-02,8.702260040724e-03,-1.702473272756e-02,7.648180358221e-02,7.216837526090e-03,-1.696498497712e-02,-3.750030885154e-04,-1.485422514635e-03,5.974775043613e-05
"                 766",7.957461488006e-02,1.237879127558e-02,-1.736243066836e-02,7.922010534402e-02,1.087701519529e-02,-1.730872974641e-02,-3.545095360422e-04,-1.501776080289e-03,5.370092195105e-05
"                 767",8.428419092897e-02,1.609779756740e-02,-1.780956425278e-02,8.395164161887e-02,1.458866910365e-02,-1.776332196192e-02,-3.325493100952e-04,-1.509128463746e-03,4.624229085996e-05
"                 768",9.087688825171e-02,2.000449959830e-02,-1.834254628872e-02,9.056817125870e-02,1.849742554790e-02,-1.830463163111e-02,-3.087169930145e-04,-1.507074050407e-03,3.791465761147e-05
"                 769",1.003130240334e-01,2.319331592012e-02,-1.899380519444e-02,1.000242037694e-01,2.169634046190e-02,-1.896401683775e-02,-2.888202639602e-04,-1.496975458221e-03,2.978835669300e-05
"                 770",1.132951529459e-01,2.733139923602e-02,-1.977463435480e-02,1.130216889904e-01,2.584930482361e-02,-1.975227159626e-02,-2.734639555756e-04,-1.482094412412e-03,2.236275854120e-05
"                 771",1.280649803596e-01,3.230086154315e-02,-2.062501422440e-02,1.277999714692e-01,3.082875614312e-02,-2.060878556198e-02,-2.650088903879e-04,-1.472105400033e-03,1.622866242244e-05
"                 772",1.436127434723e-01,3.661931054965e-02,-2.150384146198e-02,1.433505826681e-01,3.515025122457e-02,-2.149231895490e-02,-2.621608041879e-04,-1.469059325073e-03,1.152250707497e-05
"                 773",1.587286019309e-01,3.910587602465e-02,-2.233924887898e-02,1.584672773150e-01,3.763654814527e-02,-2.233111434965e-02,-2.613246158511e-04,-1.469327879374e-03,8.134529330713e-06
"                 774",1.728805534395e-01,3.937460414970e-02,-2.306438240701e-02,1.726226300061e-01,3.790391437088e-02,-2.305842903879e-02,-2.579234333808e-04,-1.470689778826e-03,5.953368217398e-06
"                 775",1.857162123137e-01,3.799038402953e-02,-2.362398421392e-02,1.854603210668e-01,3.651776333476e-02,-2.361873739239e-02,-2.558912468625e-04,-1.472620694773e-03,5.246821533119e-06
"                 776",1.964324269672e-01,3.587597422712e-02,-2.398851528826e-02,1.961727522810e-01,3.439861709561e-02,-2.398231146695e-02,-2.596746862378e-04,-1.477357131518e-03,6.203821304534e-06
"                 777",2.042192052775e-01,3.279594165998e-02,-2.416993690710e-02,2.039493019819e-01,3.130534458530e-02,-2.416113059756e-02,-2.699032956304e-04,-1.490597074682e-03,8.806309535872e-06
"                 778",2.087418357341e-01,2.911986864830e-02,-2.417193469401e-02,2.084574970635e-01,2.760797567721e-02,-2.415916610361e-02,-2.843386706409e-04,-1.511892971087e-03,1.276859040107e-05
"                 779",2.097024529792e-01,2.536801883523e-02,-2.400717732610e-02,2.094015158772e-01,2.383497364271e-02,-2.398948610437e-02,-3.009371019440e-04,-1.533045192518e-03,1.769122172303e-05
"                 780",2.076577111139e-01,2.202368748284e-02,-2.369465821505e-02,2.073356898753e-01,2.047419944737e-02,-2.367090164057e-02,-3.220212386160e-04,-1.549488035461e-03,2.375657448225e-05
"                 781",2.032657309180e-01,1.835806009959e-02,-2.325673193802e-02,2.029203998627e-01,1.679971644301e-02,-2.322597358554e-02,-3.453310552651e-04,-1.558343656586e-03,3.075835247879e-05
"                 782",1.969307205154e-01,1.509433899811e-02,-2.272171003299e-02,1.965605194106e-01,1.353794867432e-02,-2.268332226875e-02,-3.702011047482e-04,-1.556390323790e-03,3.838776423689e-05
"                 783",1.871820479372e-01,1.131189283214e-02,-2.205770672899e-02,1.867936642616e-01,9.770960049902e-03,-2.201200544987e-02,-3.883836756526e-04,-1.540932782238e-03,4.570127912727e-05
"                 784",1.734579548051e-01,8.585296050732e-03,-2.125745726241e-02,1.730574439868e-01,7.068270176149e-03,-2.120502518658e-02,-4.005108183112e-04,-1.517025874583e-03,5.243207582856e-05
"                 785",1.578838451522e-01,7.545424482412e-03,-2.038643111132e-02,1.574810192049e-01,6.046815481429e-03,-2.032833786030e-02,-4.028259473556e-04,-1.498609000983e-03,5.809325101142e-05
"                 786",1.419361731482e-01,7.214042995500e-03,-1.949353779563e-02,1.415380332466e-01,5.725847317202e-03,-1.943072052671e-02,-3.981399016376e-04,-1.488195678298e-03,6.281726892278e-05
"                 787",1.267718660734e-01,6.261924490115e-03,-1.865361175000e-02,1.263797404443e-01,4.778098173603e-03,-1.858711073273e-02,-3.921256291505e-04,-1.483826316512e-03,6.650101726533e-05
"                 788",1.126454566094e-01,4.557199808193e-03,-1.793157095729e-02,1.122558778926e-01,3.074439281376e-03,-1.786253301205e-02,-3.895787168614e-04,-1.482760526817e-03,6.903794523504e-05
"                 789",9.996518000525e-02,2.848971981898e-03,-1.738892030231e-02,9.957686988056e-02,1.365071905127e-03,-1.731874114248e-02,-3.883101246911e-04,-1.483900076771e-03,7.017915983239e-05
"                 790",8.964752744719e-02,2.365342877773e-03,-1.705384866258e-02,8.926327400366e-02,8.757542128641e-04,-1.698411867139e-02,-3.842534435348e-04,-1.489588664909e-03,6.972999118592e-05
"                 791",8.251485604877e-02,2.930988667014e-03,-1.691498917709e-02,8.213979726283e-02,1.427027826916e-03,-1.684736893133e-02,-3.750587859400e-04,-1.503960840099e-03,6.762024576145e-05
"                 792",7.881295606141e-02,4.747595174212e-03,-1.696355308099e-02,7.845240567161e-02,3.222170892705e-03,-1.689947145316e-02,-3.605503897977e-04,-1.525424281507e-03,6.408162782293e-05
"                 793",7.885811462042e-02,7.569520924214e-03,-1.718103941133e-02,7.851583419081e-02,6.022836077901e-03,-1.712174241608e-02,-3.422804296102e-04,-1.546684846313e-03,5.929699525107e-05
"                 794",8.165686198328e-02,1.096676787077e-02,-1.753205889188e-02,8.133657769642e-02,9.403182079007e-03,-1.747896786125e-02,-3.202842868673e-04,-1.563585791766e-03,5.309103063336e-05
"                 795",8.655213369067e-02,1.426883825697e-02,-1.798373200744e-02,8.625457937636e-02,1.269887997135e-02,-1.793809714357e-02,-2.975543143108e-04,-1.569958285613e-03,4.563486386738e-05
"                 796",9.350283783471e-02,1.774260564723e-02,-1.852331870717e-02,9.322831667767e-02,1.617711830395e-02,-1.848583753136e-02,-2.745211570330e-04,-1.565487343275e-03,3.748117581304e-05
"                 797",1.037238827029e-01,2.054709103518e-02,-1.919439693685e-02,1.034668974344e-01,1.899447580593e-02,-1.916466890950e-02,-2.569852685304e-04,-1.552615229251e-03,2.972802735712e-05
"                 798",1.175458967777e-01,2.436698710820e-02,-1.999829363233e-02,1.173030565546e-01,2.282902712014e-02,-1.997562868062e-02,-2.428402231717e-04,-1.537959988065e-03,2.266495171332e-05
"                 799",1.328710812613e-01,2.900406215193e-02,-2.086242059206e-02,1.326345318344e-01,2.747518661250e-02,-2.084544524296e-02,-2.365494268166e-04,-1.528875539438e-03,1.697534910076e-05
"                 800",1.484940387687e-01,3.281934888996e-02,-2.174151693055e-02,1.482581062089e-01,3.129357894974e-02,-2.172883303523e-02,-2.359325597936e-04,-1.525769940215e-03,1.268389532636e-05
"                 801",1.632194722928e-01,3.477906471411e-02,-2.255951700507e-02,1.629845379958e-01,3.325308547042e-02,-2.254997580784e-02,-2.349342970722e-04,-1.525979243691e-03,9.541197237438e-06
"                 802",1.767482528484e-01,3.473547151189e-02,-2.325486623668e-02,1.765164738564e-01,3.320946268249e-02,-2.324716722715e-02,-2.317789920106e-04,-1.526008829396e-03,7.699009530630e-06
"                 803",1.890518469773e-01,3.357000758763e-02,-2.377116968673e-02,1.888218584482e-01,3.204350485411e-02,-2.376381868208e-02,-2.299885290892e-04,-1.526502733513e-03,7.351004651988e-06
"                 804",1.992478434824e-01,3.202592399687e-02,-2.409176691347e-02,1.990130346076e-01,3.049429627657e-02,-2.408298744962e-02,-2.348088748115e-04,-1.531627720299e-03,8.779463841436e-06
"                 805",2.062496924204e-01,2.954222007320e-02,-2.422867502085e-02,2.060048959711e-01,2.799580682437e-02,-2.421691372023e-02,-2.447964492299e-04,-1.546413248827e-03,1.176130062513e-05
"                 806",2.097659697592e-01,2.651448694770e-02,-2.418408146641e-02,2.095076137855e-01,2.494634026309e-02,-2.416808455321e-02,-2.583559737506e-04,-1.568146684611e-03,1.599691320085e-05
"                 807",2.098672432363e-01,2.357348006144e-02,-2.397543542555e-02,2.095922338535e-01,2.198394860365e-02,-2.395419600221e-02,-2.750093827587e-04,-1.589531457790e-03,2.123942333425e-05
"                 808",2.074977869191e-01,2.056999857552e-02,-2.362576541734e-02,2.072010312973e-01,1.896361678146e-02,-2.359811623066e-02,-2.967556218724e-04,-1.606381794060e-03,2.764918667794e-05
"                 809",2.031139841090e-01,1.735701740784e-02,-2.315886539218e-02,2.027930447896e-01,1.574246013477e-02,-2.312394193731e-02,-3.209393194180e-04,-1.614557273069e-03,3.492345486244e-05
"                 810",1.964865767240e-01,1.422242101802e-02,-2.258410661732e-02,1.961419560255e-01,1.261074840898e-02,-2.254146320439e-02,-3.446206984372e-04,-1.611672609042e-03,4.264341292871e-05
"                 811",1.860529422102e-01,1.091558782653e-02,-2.187227846055e-02,1.856928229370e-01,9.320280137854e-03,-2.182253321293e-02,-3.601192731418e-04,-1.595307688681e-03,4.974524761450e-05
"                 812",1.719334791137e-01,8.540953822326e-03,-2.103826071142e-02,1.715629780481e-01,6.967079094979e-03,-2.098208108651e-02,-3.705010656074e-04,-1.573874727347e-03,5.617962490898e-05
"                 813",1.563061355011e-01,7.647549783819e-03,-2.015296746371e-02,1.559347814413e-01,6.089673803462e-03,-2.009154381320e-02,-3.713540598275e-04,-1.557875980356e-03,6.142365050444e-05
"                 814",1.404750403054e-01,7.486965851996e-03,-1.927188703884e-02,1.401097013937e-01,5.938717120036e-03,-1.920625631474e-02,-3.653389116701e-04,-1.548248731960e-03,6.563072409919e-05
"                 815",1.255504744366e-01,6.454617362920e-03,-1.847122122564e-02,1.251906781072e-01,4.910046477481e-03,-1.840228764361e-02,-3.597963294508e-04,-1.544570885439e-03,6.893358203125e-05
"                 816",1.116804971685e-01,4.725637491497e-03,-1.780891139627e-02,1.113236879262e-01,3.181016474301e-03,-1.773784595901e-02,-3.568092422400e-04,-1.544621017196e-03,7.106543725835e-05
"                 817",9.941000690593e-02,3.090929109078e-03,-1.733492858243e-02,9.905634495648e-02,1.543529627187e-03,-1.726312562984e-02,-3.536619494422e-04,-1.547399481891e-03,7.180295258313e-05
"                 818",8.949457805466e-02,2.608206934308e-03,-1.706386076298e-02,8.914834577730e-02,1.051093886230e-03,-1.699297400639e-02,-3.462322773597e-04,-1.557113048078e-03,7.088675658535e-05
"                 819",8.289023354111e-02,2.880388437948e-03,-1.697993234805e-02,8.255415478617e-02,1.304095748297e-03,-1.691147148901e-02,-3.360787549450e-04,-1.576292689650e-03,6.846085904077e-05
"                 820",8.025447357515e-02,4.032548623840e-03,-1.708144316318e-02,7.993230514571e-02,2.431904625290e-03,-1.701669144769e-02,-3.221684294429e-04,-1.600643998550e-03,6.475171548415e-05
"                 821",8.145539190113e-02,6.378269679757e-03,-1.734615921997e-02,8.115153335038e-02,4.754623295899e-03,-1.728641032338e-02,-3.038585507476e-04,-1.623646383859e-03,5.974889658619e-05
"                 822",8.515291699813e-02,9.104907580344e-03,-1.772959084801e-02,8.487071337465e-02,7.464207068967e-03,-1.767617729697e-02,-2.822036234823e-04,-1.640700511377e-03,5.341355103600e-05
"                 823",9.041031101815e-02,1.183725768746e-02,-1.819073583765e-02,9.015237234985e-02,1.019082113110e-02,-1.814483328812e-02,-2.579386682940e-04,-1.646436556368e-03,4.590254953587e-05
"                 824",9.781273089195e-02,1.431127654727e-02,-1.874274061914e-02,9.757775148055e-02,1.267089091201e-02,-1.870478226559e-02,-2.349794113946e-04,-1.640385635257e-03,3.795835354784e-05
"                 825",1.088850915934e-01,1.708640196620e-02,-1.943599169929e-02,1.086661755730e-01,1.546089362538e-02,-1.940542708133e-02,-2.189160203538e-04,-1.625508340826e-03,3.056461795278e-05
"                 826",1.229682635194e-01,2.108277384641e-02,-2.024512528906e-02,1.227612127134e-01,1.947135934361e-02,-2.022114795132e-02,-2.070508060383e-04,-1.611414502802e-03,2.397733774061e-05
"                 827",1.382313987656e-01,2.565258684749e-02,-2.110815461407e-02,1.380295381363e-01,2.404959792827e-02,-2.108948198100e-02,-2.018606292677e-04,-1.602988919222e-03,1.867263307671e-05
"                 828",1.534407954328e-01,2.936652740890e-02,-2.197888147822e-02,1.532382863460e-01,2.776773102671e-02,-2.196412298663e-02,-2.025090867896e-04,-1.598796382196e-03,1.475849158517e-05
"                 829",1.677064607907e-01,3.106750501667e-02,-2.278280185178e-02,1.675047483739e-01,2.947085246311e-02,-2.277090591538e-02,-2.017124168060e-04,-1.596652553560e-03,1.189593639882e-05
"                 830",1.807075909305e-01,3.078098449510e-02,-2.344823192404e-02,1.805076350117e-01,2.918607588012e-02,-2.343780195013e-02,-1.999559187928e-04,-1.594908614979e-03,1.042997390683e-05
"                 831",1.923199948135e-01,2.951001381784e-02,-2.391987605763e-02,1.921201625422e-01,2.791491409095e-02,-2.390935130832e-02,-1.998322713773e-04,-1.595099726886e-03,1.052474931321e-05
"                 832",2.016189013412e-01,2.782687636849e-02,-2.419234345461e-02,2.014134142602e-01,2.622390923848e-02,-2.417996793021e-02,-2.054870809723e-04,-1.602967130008e-03,1.237552439538e-05
"                 833",2.076581167123e-01,2.534653540021e-02,-2.427056635284e-02,2.074432965020e-01,2.372542999399e-02,-2.425489554034e-02,-2.148202103186e-04,-1.621105406217e-03,1.567081250090e-05
"                 834",2.103013995419e-01,2.261354649532e-02,-2.416313134649e-02,2.100738770470e-01,2.096941824119e-02,-2.414299946742e-02,-2.275224948324e-04,-1.644128254128e-03,2.013187907244e-05
"                 835",2.100105797375e-01,2.041014621460e-02,-2.389030101871e-02,2.097660675320e-01,1.874478861617e-02,-2.386459526475e-02,-2.445122055736e-04,-1.665357598436e-03,2.570575395480e-05
"                 836",2.074690703124e-01,1.782137671084e-02,-2.348521004880e-02,2.072026580280e-01,1.614089064029e-02,-2.345282597669e-02,-2.664122843631e-04,-1.680486070552e-03,3.238407211242e-05
"                 837",2.029613235011e-01,1.526569596490e-02,-2.297264836825e-02,2.026700639061e-01,1.357969607244e-02,-2.293278129907e-02,-2.912595950470e-04,-1.685999892465e-03,3.986706917415e-05
"                 838",1.956993271672e-01,1.246207686194e-02,-2.234929752681e-02,1.953858077762e-01,1.078199650395e-02,-2.230182569240e-02,-3.135193909713e-04,-1.680080357985e-03,4.747183441117e-05
"                 839",1.844628123231e-01,1.008148260888e-02,-2.160199623266e-02,1.841349041835e-01,8.419596686440e-03,-2.154768803745e-02,-3.279081396326e-04,-1.661885922435e-03,5.430819520995e-05
"                 840",1.700406635180e-01,8.666775877053e-03,-2.077713582371e-02,1.697055020000e-01,7.023790170478e-03,-2.071700617741e-02,-3.351615179743e-04,-1.642985706576e-03,6.012964629811e-05
"                 841",1.543743907618e-01,8.085261349422e-03,-1.992810348623e-02,1.540397310364e-01,6.455497804901e-03,-1.986332179641e-02,-3.346597254124e-04,-1.629763544521e-03,6.478168981683e-05
"                 842",1.386789875447e-01,7.603994642913e-03,-1.910780181472e-02,1.383506639621e-01,5.981283070744e-03,-1.903942897472e-02,-3.283235826002e-04,-1.622711572170e-03,6.837284000021e-05
"                 843",1.239985082103e-01,6.046048794442e-03,-1.838060422066e-02,1.236754416268e-01,4.424953350116e-03,-1.830948566459e-02,-3.230665834255e-04,-1.621095444325e-03,7.111855607327e-05
"                 844",1.106491269370e-01,3.915110849121e-03,-1.778967084408e-02,1.103309381570e-01,2.291966031857e-03,-1.771699371195e-02,-3.181887800221e-04,-1.623144817264e-03,7.267713213227e-05
"                 845",9.921919499388e-02,2.153128331361e-03,-1.737203030325e-02,9.890726904845e-02,5.246263290671e-04,-1.729909545851e-02,-3.119259454298e-04,-1.628502002294e-03,7.293484474000e-05
"                 846",9.025514488842e-02,1.281319362725e-03,-1.713131397888e-02,8.995385308102e-02,-3.611915881224e-04,-1.705965483646e-02,-3.012918073998e-04,-1.642510950848e-03,7.165914241315e-05
"                 847",8.472027377660e-02,1.428693878431e-03,-1.706961574505e-02,8.443130174305e-02,-2.362240416991e-04,-1.700061648624e-02,-2.889720335565e-04,-1.664917920130e-03,6.899925881650e-05
"                 848",8.330968394056e-02,2.462266695087e-03,-1.718232905265e-02,8.303579546073e-02,7.721224507401e-04,-1.711716393884e-02,-2.738884798304e-04,-1.690144244347e-03,6.516511380717e-05
"                 849",8.527297377373e-02,4.763071869590e-03,-1.745494854685e-02,8.501964956776e-02,3.050859491880e-03,-1.739499926188e-02,-2.533242059679e-04,-1.712212377710e-03,5.994928496733e-05
"                 850",8.944048432065e-02,7.189993007096e-03,-1.785641060026e-02,8.920879766550e-02,5.463867382489e-03,-1.780285783687e-02,-2.316866551521e-04,-1.726125624606e-03,5.355276338901e-05
"                 851",9.490251224518e-02,9.662472539240e-03,-1.835308669004e-02,9.469577974629e-02,7.933652562194e-03,-1.830705963370e-02,-2.067324988903e-04,-1.728819977046e-03,4.602705634076e-05
"                 852",1.028280486622e-01,1.120638804090e-02,-1.896764476071e-02,1.026421078445e-01,9.485787135986e-03,-1.892928069820e-02,-1.859408177391e-04,-1.720600904918e-03,3.836406250736e-05
"                 853",1.144493499198e-01,1.384912625750e-02,-1.973106576977e-02,1.142781687503e-01,1.214431620996e-02,-1.969986601882e-02,-1.711811694956e-04,-1.704810047540e-03,3.119975094932e-05
"                 854",1.284516640349e-01,1.793828940834e-02,-2.058418761066e-02,1.282890398270e-01,1.624543582377e-02,-2.055912975394e-02,-1.626242079065e-04,-1.692853584567e-03,2.505785672484e-05
"                 855",1.434557274801e-01,2.199807219358e-02,-2.147047045795e-02,1.432970810029e-01,2.031206485472e-02,-2.145032472961e-02,-1.586464772861e-04,-1.686007338857e-03,2.014572833416e-05
"                 856",1.581898874097e-01,2.471175883238e-02,-2.232352284943e-02,1.580319508576e-01,2.303006121323e-02,-2.230699678174e-02,-1.579365520965e-04,-1.681697619151e-03,1.652606769007e-05
"                 857",1.720464315588e-01,2.545661826407e-02,-2.307202268676e-02,1.718900349547e-01,2.377807780582e-02,-2.305792989379e-02,-1.563966040446e-04,-1.678540458251e-03,1.409279296754e-05
"                 858",1.847523522589e-01,2.512103064614e-02,-2.364468070186e-02,1.845978005677e-01,2.344552671866e-02,-2.363157360380e-02,-1.545516912116e-04,-1.675503927475e-03,1.310709805389e-05
"                 859",1.958016663370e-01,2.435824627540e-02,-2.401207408407e-02,1.956463124614e-01,2.268285228752e-02,-2.399829385724e-02,-1.553538756337e-04,-1.675393987878e-03,1.378022683101e-05
"                 860",2.042815449019e-01,2.281381556691e-02,-2.418671770705e-02,2.041207682619e-01,2.112899371736e-02,-2.417057216048e-02,-1.607766399510e-04,-1.684821849546e-03,1.614554656902e-05
"                 861",2.094209353312e-01,2.072532059248e-02,-2.417689163377e-02,2.092508572433e-01,1.902090823962e-02,-2.415700813139e-02,-1.700780879613e-04,-1.704412352856e-03,1.988350238431e-05
"                 862",2.112284803924e-01,1.876193760644e-02,-2.400758385857e-02,2.110452514507e-01,1.703441933361e-02,-2.398296703345e-02,-1.832289416946e-04,-1.727518272828e-03,2.461682511807e-05
"                 863",2.103076073043e-01,1.718235265534e-02,-2.370614054195e-02,2.101049593594e-01,1.543441168528e-02,-2.367562883524e-02,-2.026479448971e-04,-1.747940970061e-03,3.051170671264e-05
"                 864",2.068593599931e-01,1.502651307787e-02,-2.329204200580e-02,2.066350673125e-01,1.326554370389e-02,-2.325481025497e-02,-2.242926806009e-04,-1.760969373982e-03,3.723175083057e-05
"                 865",2.016214439848e-01,1.305596392184e-02,-2.280550764191e-02,2.013708544945e-01,1.129200773094e-02,-2.276090723577e-02,-2.505894902622e-04,-1.763956190896e-03,4.460040613761e-05
"                 866",1.934533657708e-01,1.030042945094e-02,-2.220902230226e-02,1.931821348705e-01,8.544930656584e-03,-2.215735407062e-02,-2.712309003709e-04,-1.755498794353e-03,5.166823163712e-05
"                 867",1.813686291949e-01,8.288011781005e-03,-2.147802128226e-02,1.810833881988e-01,6.550592104182e-03,-2.142000351256e-02,-2.852409960778e-04,-1.737419676823e-03,5.801776970084e-05
"                 868",1.667841132247e-01,7.508561600254e-03,-2.066482601752e-02,1.664939345015e-01,5.786821990166e-03,-2.060158179070e-02,-2.901787231884e-04,-1.721739610088e-03,6.324422681584e-05
"                 869",1.513092499544e-01,7.157766742054e-03,-1.980825318318e-02,1.510204850469e-01,5.446325043471e-03,-1.974080163566e-02,-2.887649075351e-04,-1.711441698583e-03,6.745154751895e-05
"                 870",1.362624142310e-01,6.331412083895e-03,-1.897761362994e-02,1.359787300083e-01,4.624506420995e-03,-1.890683737496e-02,-2.836842226751e-04,-1.706905662900e-03,7.077625497591e-05
"                 871",1.222484856299e-01,4.594707444696e-03,-1.824220653459e-02,1.219697444157e-01,2.887900516626e-03,-1.816892340873e-02,-2.787412141541e-04,-1.706806928070e-03,7.328312585674e-05
"                 872",1.097387129862e-01,2.612901191654e-03,-1.765918989381e-02,1.094652595281e-01,9.034423504394e-04,-1.758450710873e-02,-2.734534580991e-04,-1.709458841214e-03,7.468278508556e-05
"                 873",9.934260692786e-02,1.218644215875e-03,-1.726664056951e-02,9.907778633890e-02,-4.985293455933e-04,-1.719197739700e-02,-2.648205889601e-04,-1.717173561468e-03,7.466317251180e-05
"                 874",9.157850038539e-02,2.784922462844e-04,-1.707038835728e-02,9.132555588863e-02,-1.456030523704e-03,-1.699727944603e-02,-2.529444967608e-04,-1.734522769989e-03,7.310891125485e-05
"                 875",8.708956760587e-02,3.743621537069e-04,-1.708242948586e-02,8.684926569744e-02,-1.385567020799e-03,-1.701227982751e-02,-2.403019084316e-04,-1.759929174506e-03,7.014965835316e-05
"                 876",8.651912487802e-02,1.365940366341e-03,-1.728760614696e-02,8.629403831862e-02,-4.205382219224e-04,-1.722162070646e-02,-2.250865594000e-04,-1.786478588263e-03,6.598544049284e-05
"                 877",8.877427843272e-02,3.086762492156e-03,-1.765399494232e-02,8.856946604741e-02,1.278107084026e-03,-1.759358551116e-02,-2.048123853089e-04,-1.808655408131e-03,6.040943115636e-05
"                 878",9.299230731402e-02,4.752816724277e-03,-1.813543512314e-02,9.281017374516e-02,2.932213706391e-03,-1.808177343135e-02,-1.821335688601e-04,-1.820603017887e-03,5.366169179232e-05
"                 879",9.874403542121e-02,6.580292846600e-03,-1.869222948536e-02,9.858719304746e-02,4.759242849083e-03,-1.864614018330e-02,-1.568423737471e-04,-1.821049997517e-03,4.608930205969e-05
"                 880",1.075444147141e-01,7.531555119975e-03,-1.935105110295e-02,1.074070712405e-01,5.721265180178e-03,-1.931227148371e-02,-1.373434736102e-04,-1.810289939797e-03,3.877961923996e-05
"                 881",1.199937767386e-01,9.876167449004e-03,-2.012246565152e-02,1.198714447452e-01,8.081075076432e-03,-2.009038504446e-02,-1.223319934393e-04,-1.795092372572e-03,3.208060705818e-05
"                 882",1.342798522575e-01,1.396767811123e-02,-2.094063713488e-02,1.341652163002e-01,1.218363496642e-02,-2.091392561529e-02,-1.146359573100e-04,-1.784043144809e-03,2.671151958676e-05
"                 883",1.493797887451e-01,1.777465141870e-02,-2.176398675907e-02,1.492691436620e-01,1.599726039881e-02,-2.174137287529e-02,-1.106450831363e-04,-1.777391019889e-03,2.261388378524e-05
"                 884",1.639856638651e-01,1.983011558541e-02,-2.252967329392e-02,1.638778549283e-01,1.805712923164e-02,-2.251005130197e-02,-1.078089368417e-04,-1.772986353768e-03,1.962199195153e-05
"                 885",1.776510617792e-01,1.999033214425e-02,-2.318759456098e-02,1.775465190713e-01,1.822099971440e-02,-2.316981783277e-02,-1.045427079262e-04,-1.769332429853e-03,1.777672821368e-05
"                 886",1.899500750529e-01,1.937933378824e-02,-2.369086235671e-02,1.898478186457e-01,1.761345501389e-02,-2.367361706598e-02,-1.022564071283e-04,-1.765878774351e-03,1.724529072815e-05
"                 887",2.001454210739e-01,1.860762960822e-02,-2.402236825511e-02,2.000409298490e-01,1.684013899020e-02,-2.400404895420e-02,-1.044912248341e-04,-1.767490618027e-03,1.831930090314e-05
"                 888",2.075166568925e-01,1.706457025017e-02,-2.418651160213e-02,2.074056906271e-01,1.528483338528e-02,-2.416562588710e-02,-1.109662653567e-04,-1.779736864887e-03,2.088571503028e-05
"                 889",2.117117808581e-01,1.522036436492e-02,-2.418249028103e-02,2.115901895036e-01,1.341972207431e-02,-2.415784348868e-02,-1.215913545095e-04,-1.800642290612e-03,2.464679234593e-05
"                 890",2.124846880000e-01,1.372647355669e-02,-2.401479020290e-02,2.123489332879e-01,1.190267330957e-02,-2.398537790754e-02,-1.357547121604e-04,-1.823800247121e-03,2.941229536075e-05
"                 891",2.106635827661e-01,1.244177428707e-02,-2.370972654000e-02,2.105077384908e-01,1.059818309876e-02,-2.367434290355e-02,-1.558442753369e-04,-1.843591188303e-03,3.538363644782e-05
"                 892",2.068406909452e-01,1.100638137973e-02,-2.329521495688e-02,2.066613010519e-01,9.151894697370e-03,-2.325295353894e-02,-1.793898932971e-04,-1.854486682356e-03,4.226141793734e-05
"                 893",2.009547989979e-01,9.525468235552e-03,-2.277117361940e-02,2.007507485942e-01,7.670715619490e-03,-2.272159809667e-02,-2.040504037458e-04,-1.854752616062e-03,4.957552273003e-05
"                 894",1.918632066434e-01,7.477328962327e-03,-2.209599475907e-02,1.916417385209e-01,5.633931630415e-03,-2.203960087555e-02,-2.214681225040e-04,-1.843397331912e-03,5.639388352129e-05
"                 895",1.791523202217e-01,6.136594096425e-03,-2.127886407828e-02,1.789191299062e-01,4.310170065087e-03,-2.121631304971e-02,-2.331903154647e-04,-1.826424031338e-03,6.255102856969e-05
"                 896",1.646095698748e-01,5.953534314052e-03,-2.039428427314e-02,1.643743099254e-01,4.140415321176e-03,-2.032681394229e-02,-2.352599493109e-04,-1.813118992876e-03,6.747033084859e-05
"                 897",1.495823915646e-01,5.895040588953e-03,-1.950374886214e-02,1.493507714329e-01,4.089783326300e-03,-1.943247460361e-02,-2.316201317385e-04,-1.805257262653e-03,7.127425852254e-05
"                 898",1.352372096778e-01,4.829130357152e-03,-1.869247990407e-02,1.350100672287e-01,3.026039388442e-03,-1.861823214432e-02,-2.271424490663e-04,-1.803090968710e-03,7.424775974312e-05
"                 899",1.218589784266e-01,2.854997513310e-03,-1.802500438042e-02,1.216365448273e-01,1.050433534911e-03,-1.794869995941e-02,-2.224335992851e-04,-1.804563978399e-03,7.630442100615e-05
"                 900",1.098633520783e-01,6.514896915455e-04,-1.754292433040e-02,1.096468985719e-01,-1.156400668588e-03,-1.746574406946e-02,-2.164535064467e-04,-1.807890360133e-03,7.718026094126e-05
"                 901",1.000000254215e-01,-6.966223588769e-04,-1.726105762143e-02,9.979324581420e-02,-2.514776421090e-03,-1.718452689209e-02,-2.067796072654e-04,-1.818154062214e-03,7.653072934144e-05
"                 902",9.285574832457e-02,-1.468252939553e-03,-1.717170441844e-02,9.266071337296e-02,-3.306878558917e-03,-1.709729989493e-02,-1.950349516100e-04,-1.838625619364e-03,7.440452350956e-05
"                 903",8.914885885372e-02,-1.459911305368e-03,-1.727578475701e-02,8.896625971563e-02,-3.324773514204e-03,-1.720473692770e-02,-1.825991380876e-04,-1.864862208836e-03,7.104782931586e-05
"                 904",8.905209496800e-02,-5.250132079979e-04,-1.754822804575e-02,8.888541426495e-02,-2.415520423194e-03,-1.748165909338e-02,-1.666807030516e-04,-1.890507215196e-03,6.656895237167e-05
"                 905",9.160101121105e-02,8.067011362805e-04,-1.793897147765e-02,9.145550838858e-02,-1.103841148933e-03,-1.787812743774e-02,-1.455028224779e-04,-1.910542285214e-03,6.084403991010e-05
"                 906",9.620987703401e-02,2.075287658613e-03,-1.840966838325e-02,9.608966652720e-02,1.553057400886e-04,-1.835560586824e-02,-1.202105068024e-04,-1.919981918524e-03,5.406251501294e-05
"                 907",1.028620104366e-01,3.042830881444e-03,-1.894651036136e-02,1.027684384496e-01,1.124545637797e-03,-1.889972310599e-02,-9.357198704398e-05,-1.918285243647e-03,4.678725536505e-05
"                 908",1.130121932316e-01,3.841747575148e-03,-1.959183809984e-02,1.129381589439e-01,1.935022541056e-03,-1.955181131228e-02,-7.403428766832e-05,-1.906725034092e-03,4.002678755152e-05
"                 909",1.263120603054e-01,6.013233530858e-03,-2.034510854808e-02,1.262532728914e-01,4.119294776622e-03,-2.031113708502e-02,-5.878741405434e-05,-1.893938754236e-03,3.397146306118e-05
"                 910",1.409550310363e-01,9.463200682596e-03,-2.115331362643e-02,1.409041304765e-01,7.578084361433e-03,-2.112413265155e-02,-5.090055973455e-05,-1.885116321163e-03,2.918097488268e-05
"                 911",1.560517545763e-01,1.254535646446e-02,-2.197452924440e-02,1.560038773085e-01,1.066635462246e-02,-2.194892131754e-02,-4.787726778638e-05,-1.879001842001e-03,2.560792685365e-05
"                 912",1.703515855784e-01,1.382715646817e-02,-2.274340387817e-02,1.703075197357e-01,1.195271400576e-02,-2.272047865736e-02,-4.406584269684e-05,-1.874442462408e-03,2.292522080792e-05
"                 913",1.833266214551e-01,1.353285502022e-02,-2.340073626182e-02,1.832855821744e-01,1.166240163696e-02,-2.337937056851e-02,-4.103928063686e-05,-1.870453383267e-03,2.136569330496e-05
"                 914",1.946140703474e-01,1.274597613904e-02,-2.389548070701e-02,1.945736895479e-01,1.087827529451e-02,-2.387428161232e-02,-4.038079954034e-05,-1.867700844530e-03,2.119909468702e-05
"                 915",2.036161211720e-01,1.189237347886e-02,-2.420822678052e-02,2.035717450691e-01,1.002011877478e-02,-2.418559259350e-02,-4.437610299487e-05,-1.872254704080e-03,2.263418701509e-05
"                 916",2.098143035996e-01,1.053366567268e-02,-2.432951060024e-02,2.097626675195e-01,8.645847515459e-03,-2.430398849255e-02,-5.163608013369e-05,-1.887818157223e-03,2.552210768915e-05
"                 917",2.129011490400e-01,9.181253758697e-03,-2.425845797521e-02,2.128390336650e-01,7.271752189331e-03,-2.422891482684e-02,-6.211537497995e-05,-1.909501569367e-03,2.954314837179e-05
"                 918",2.128851598887e-01,8.334768404566e-03,-2.401078949523e-02,2.128084830947e-01,6.402738897319e-03,-2.397609623469e-02,-7.667679399972e-05,-1.932029507248e-03,3.469326054020e-05
"                 919",2.106774466273e-01,7.306161720379e-03,-2.362315054518e-02,2.105811414379e-01,5.356035249823e-03,-2.358215430405e-02,-9.630518941821e-05,-1.950126470556e-03,4.099624113210e-05
"                 920",2.067243264414e-01,6.089172044405e-03,-2.313349439257e-02,2.066045884259e-01,4.130104528260e-03,-2.308535422116e-02,-1.197380154966e-04,-1.959067516144e-03,4.814017141005e-05
"                 921",2.006001225067e-01,4.644843145400e-03,-2.253822001198e-02,2.004571055656e-01,2.688116906005e-03,-2.248279457276e-02,-1.430169411649e-04,-1.956726239394e-03,5.542543921762e-05
"                 922",1.908387962616e-01,3.200717645079e-03,-2.181120104691e-02,1.906806964245e-01,1.257435029962e-03,-2.174924898664e-02,-1.580998370443e-04,-1.943282615117e-03,6.195206026595e-05
"                 923",1.777424025533e-01,2.583513378021e-03,-2.098713956569e-02,1.775752421182e-01,6.548511532757e-04,-2.091957374843e-02,-1.671604350997e-04,-1.928662224745e-03,6.756581726003e-05
"                 924",1.631599600998e-01,2.845545494562e-03,-2.013171314768e-02,1.629910350207e-01,9.271301926773e-04,-2.005977250547e-02,-1.689250791043e-04,-1.918415301885e-03,7.194064220788e-05
"                 925",1.482344564313e-01,3.105323146148e-03,-1.930211021797e-02,1.480690182291e-01,1.192773704907e-03,-1.922696834185e-02,-1.654382021865e-04,-1.912549441241e-03,7.514187612436e-05
"                 926",1.341166645759e-01,2.005796598993e-03,-1.857995174365e-02,1.339544864373e-01,9.531897707520e-05,-1.850233867568e-02,-1.621781386225e-04,-1.910477621918e-03,7.761306797056e-05
"                 927",1.209792928088e-01,1.306614970211e-04,-1.800930309251e-02,1.208224826029e-01,-1.780693692667e-03,-1.793017235445e-02,-1.568102058824e-04,-1.911355189688e-03,7.913073805571e-05
"                 928",1.093951759091e-01,-1.828790681486e-03,-1.761547691876e-02,1.092457109206e-01,-3.743813500887e-03,-1.753600476529e-02,-1.494649885323e-04,-1.915022819401e-03,7.947215347803e-05
"                 929",1.001458958897e-01,-3.174223081480e-03,-1.739531957665e-02,1.000079117052e-01,-5.102176516106e-03,-1.731699711578e-02,-1.379841845170e-04,-1.927953434626e-03,7.832246086444e-05
"                 930",9.418458842089e-02,-4.029701052296e-03,-1.735063692190e-02,9.405947187668e-02,-5.979491621765e-03,-1.727472749573e-02,-1.251165442131e-04,-1.949790569469e-03,7.590942616973e-05
"                 931",9.187338771049e-02,-4.354012797712e-03,-1.747382211334e-02,9.176282765082e-02,-6.329248589070e-03,-1.740140662888e-02,-1.105600596657e-04,-1.975235791358e-03,7.241548446480e-05
"                 932",9.296186540111e-02,-3.732889207104e-03,-1.774257362668e-02,9.287011354120e-02,-5.731636846145e-03,-1.767481771643e-02,-9.175185990660e-05,-1.998747639042e-03,6.775591024975e-05
"                 933",9.633719882503e-02,-3.016348698761e-03,-1.811404331618e-02,9.626889523292e-02,-5.031862129482e-03,-1.805207545200e-02,-6.830359211422e-05,-2.015513430721e-03,6.196786418100e-05
"                 934",1.015572197293e-01,-2.200108073943e-03,-1.857072169080e-02,1.015169259520e-01,-4.221712596700e-03,-1.851551818326e-02,-4.029377724445e-05,-2.021604522757e-03,5.520350754011e-05
"                 935",1.091322447423e-01,-2.084572225414e-03,-1.912759373721e-02,1.091179714663e-01,-4.101420856640e-03,-1.907931765975e-02,-1.427327597982e-05,-2.016848631226e-03,4.827607745842e-05
"                 936",1.201409923949e-01,-1.031204785754e-03,-1.982308224832e-02,1.201465043017e-01,-3.034578776804e-03,-1.978121340832e-02,5.511906820839e-06,-2.003373991050e-03,4.186884000452e-05
"                 937",1.334340391460e-01,1.442020341379e-03,-2.062607204593e-02,1.334527893860e-01,-5.493059670117e-04,-2.058976017168e-02,1.875024003039e-05,-1.991326308391e-03,3.631187424533e-05
"                 938",1.476814204540e-01,4.625836945600e-03,-2.148512942571e-02,1.477072041138e-01,2.642818816505e-03,-2.145323837530e-02,2.578365982071e-05,-1.983018129095e-03,3.189105040377e-05
"                 939",1.619220839866e-01,7.036550779286e-03,-2.233562622309e-02,1.619514584908e-01,5.059878042977e-03,-2.230702892721e-02,2.937450420890e-05,-1.976672736309e-03,2.859729588196e-05
"                 940",1.753766180654e-01,7.524412809971e-03,-2.310295457023e-02,1.754104571336e-01,5.552655041988e-03,-2.307668105871e-02,3.383906815288e-05,-1.971757767983e-03,2.627351151589e-05
"                 941",1.875762557414e-01,6.826258478732e-03,-2.371612412878e-02,1.876134287939e-01,4.858494197774e-03,-2.369092201972e-02,3.717305250124e-05,-1.967764280958e-03,2.520210905901e-05
"                 942",1.980124187725e-01,5.822941614760e-03,-2.413151561806e-02,1.980507830123e-01,3.856231434265e-03,-2.410585540937e-02,3.836423978330e-05,-1.966710180495e-03,2.566020868380e-05
"                 943",2.063651274411e-01,4.543292510558e-03,-2.433929497306e-02,2.064004965453e-01,2.568201471779e-03,-2.431155355747e-02,3.536910419641e-05,-1.975091038779e-03,2.774141559728e-05
"                 944",2.120349929012e-01,3.092001462171e-03,-2.433837358778e-02,2.120637172587e-01,1.098638853057e-03,-2.430712311126e-02,2.872435744424e-05,-1.993362609114e-03,3.125047652438e-05
"                 945",2.145784135524e-01,1.948928120775e-03,-2.415123403510e-02,2.145978129895e-01,-6.694498489362e-05,-2.411548725539e-02,1.939943709880e-05,-2.015873105669e-03,3.574677970917e-05
"                 946",2.140861991255e-01,1.472238783997e-03,-2.381126696971e-02,2.140899088473e-01,-5.644124426136e-04,-2.376986722619e-02,3.709721799986e-06,-2.036651226610e-03,4.139974352753e-05
"                 947",2.115602089070e-01,6.178935121319e-04,-2.336957883042e-02,2.115433700702e-01,-1.433280523856e-03,-2.332167360308e-02,-1.683883675001e-05,-2.051174035988e-03,4.790522734896e-05
"                 948",2.073251114427e-01,1.191232461650e-05,-2.286334380125e-02,2.072834282158e-01,-2.043741755854e-03,-2.280834875024e-02,-4.168322686364e-05,-2.055654080471e-03,5.499505100769e-05
"                 949",2.001052371070e-01,-1.374956038362e-03,-2.227706774020e-02,2.000419798543e-01,-3.424005992211e-03,-2.221529253315e-02,-6.325725272525e-05,-2.049049953850e-03,6.177520705263e-05
"                 950",1.887847837134e-01,-1.891475100258e-03,-2.158383304337e-02,1.887062259630e-01,-3.924888897657e-03,-2.151607913277e-02,-7.855775040891e-05,-2.033413797399e-03,6.775391059638e-05
"                 951",1.748780360555e-01,-1.317366459773e-03,-2.082076028115e-02,1.747917781889e-01,-3.338039622573e-03,-2.074817326920e-02,-8.625786659767e-05,-2.020673162800e-03,7.258701194579e-05
"                 952",1.599707214185e-01,-3.734368118060e-04,-2.002851910856e-02,1.598828113898e-01,-2.386153971450e-03,-1.995217359116e-02,-8.791002870057e-05,-2.012717159644e-03,7.634551739896e-05
"                 953",1.453454209532e-01,-3.893761847245e-04,-1.926182707707e-02,1.452608113587e-01,-2.398009500605e-03,-1.918267311384e-02,-8.460959446307e-05,-2.008633315880e-03,7.915396323186e-05
"                 954",1.317487813655e-01,-1.988041385470e-03,-1.857965634293e-02,1.316684733272e-01,-3.995898988810e-03,-1.849835015437e-02,-8.030803829802e-05,-2.007857603340e-03,8.130618856227e-05
"                 955",1.194541401742e-01,-4.111816318947e-03,-1.802776009431e-02,1.193800319744e-01,-6.120943742186e-03,-1.794520869573e-02,-7.410819977071e-05,-2.009127423240e-03,8.255139858579e-05
"                 956",1.090838266699e-01,-5.724336370719e-03,-1.762914764556e-02,1.090191022305e-01,-7.738180602048e-03,-1.754658538943e-02,-6.472443937641e-05,-2.013844231330e-03,8.256225612874e-05
"                 957",1.013356825480e-01,-6.993501825253e-03,-1.739449086107e-02,1.012838860791e-01,-9.020475828662e-03,-1.731332059856e-02,-5.179646889936e-05,-2.026974003409e-03,8.117026251218e-05
"                 958",9.690479032762e-02,-7.683308482875e-03,-1.734659325093e-02,9.686762121151e-02,-9.730622882334e-03,-1.726808903249e-02,-3.716911610896e-05,-2.047314399459e-03,7.850421843791e-05
"                 959",9.605516409128e-02,-7.916460190629e-03,-1.748816554528e-02,9.603369653095e-02,-9.985723166026e-03,-1.741342461075e-02,-2.146756033038e-05,-2.069262975398e-03,7.474093453158e-05
"                 960",9.803265303800e-02,-7.459075492001e-03,-1.780231892331e-02,9.803114760064e-02,-9.547281348763e-03,-1.773262863842e-02,-1.505437361263e-06,-2.088205856762e-03,6.969028488609e-05
"                 961",1.017968495624e-01,-6.921779909931e-03,-1.824779868194e-02,1.018191829630e-01,-9.020880166618e-03,-1.818428469111e-02,2.233340063471e-05,-2.099100256687e-03,6.351399082942e-05
"                 962",1.069138901905e-01,-5.988048565936e-03,-1.879440948036e-02,1.069637547267e-01,-8.087454239404e-03,-1.873790840242e-02,4.986453618832e-05,-2.099405673469e-03,5.650107793322e-05
"                 963",1.147348093686e-01,-5.955261225502e-03,-1.946283380576e-02,1.148079494146e-01,-8.044358760321e-03,-1.941317703492e-02,7.314004601824e-05,-2.089097534819e-03,4.965677084345e-05
"                 964",1.261130297383e-01,-4.797870205685e-03,-2.026187477869e-02,1.262053324770e-01,-6.870919352903e-03,-2.021850144003e-02,9.230273865566e-05,-2.073049147218e-03,4.337333865831e-05
"                 965",1.393931132650e-01,-2.284385640785e-03,-2.112013913537e-02,1.394976377496e-01,-4.344390169914e-03,-2.108191441485e-02,1.045244845416e-04,-2.060004529129e-03,3.822472051440e-05
"                 966",1.536383030808e-01,4.116580014291e-04,-2.197746547249e-02,1.537508572803e-01,-1.639420245300e-03,-2.194312778112e-02,1.125541994653e-04,-2.051078246729e-03,3.433769136425e-05
"                 967",1.676719555143e-01,1.805716257021e-03,-2.275985834334e-02,1.677911854958e-01,-2.392359092408e-04,-2.272822242697e-02,1.192299815380e-04,-2.044952166262e-03,3.163591636283e-05
"                 968",1.809897438014e-01,1.502158789350e-03,-2.340707968611e-02,1.811163943773e-01,-5.381272376978e-04,-2.337702688250e-02,1.266505758558e-04,-2.040286027048e-03,3.005280361698e-05
"                 969",1.930159108138e-01,4.395021694563e-04,-2.387265529445e-02,1.931484829696e-01,-1.596556355265e-03,-2.384286308083e-02,1.325721557988e-04,-2.036058524721e-03,2.979221362354e-05
"                 970",2.032984376434e-01,-5.097607302034e-04,-2.414337122519e-02,2.034326941158e-01,-2.545674624604e-03,-2.411229482650e-02,1.342564723461e-04,-2.035913894401e-03,3.107639868531e-05
"                 971",2.112340140154e-01,-1.817788554618e-03,-2.423899234382e-02,2.113652595736e-01,-3.863223761063e-03,-2.420520404554e-02,1.312455582154e-04,-2.045435206445e-03,3.378829827888e-05
"                 972",2.160722800910e-01,-2.985165524038e-03,-2.417494862494e-02,2.161962250127e-01,-5.048999254022e-03,-2.413731378639e-02,1.239449217270e-04,-2.063833729984e-03,3.763483855536e-05
"                 973",2.172823829295e-01,-3.618355519528e-03,-2.397832821102e-02,2.173945426318e-01,-5.703397103655e-03,-2.393601512188e-02,1.121597023076e-04,-2.085041584127e-03,4.231308914275e-05
"                 974",2.155323302975e-01,-3.769445934900e-03,-2.367394979571e-02,2.156256242687e-01,-5.873010083883e-03,-2.362600335974e-02,9.329397115947e-05,-2.103564148983e-03,4.794643597409e-05
"                 975",2.120676900973e-01,-4.220207063682e-03,-2.329795142537e-02,2.121370739512e-01,-6.334432526533e-03,-2.324365161486e-02,6.938385391569e-05,-2.114225462851e-03,5.429981051671e-05
"                 976",2.068540003100e-01,-4.475671162599e-03,-2.285068830748e-02,2.068976049888e-01,-6.590619356942e-03,-2.278968840687e-02,4.360467887517e-05,-2.114948194344e-03,6.099990061137e-05
"                 977",1.983129374169e-01,-5.672705958141e-03,-2.227991597838e-02,1.983370454664e-01,-7.777612849176e-03,-2.221270954225e-02,2.410804944330e-05,-2.104906891036e-03,6.720643613058e-05
"                 978",1.859762055846e-01,-5.901632819089e-03,-2.155778803077e-02,1.859860469326e-01,-7.990946033775e-03,-2.148496515978e-02,9.841347980524e-06,-2.089313214685e-03,7.282287099559e-05
"                 979",1.719274529647e-01,-4.746359360261e-03,-2.073669083588e-02,1.719323565369e-01,-6.824000667413e-03,-2.065933979571e-02,4.903572177315e-06,-2.077641307151e-03,7.735104016892e-05
"                 980",1.575488798511e-01,-3.574519481951e-03,-1.986837717135e-02,1.575554214169e-01,-5.645513618887e-03,-1.978743903492e-02,6.541565724074e-06,-2.070994136935e-03,8.093813643636e-05
"                 981",1.441136303721e-01,-4.058149145102e-03,-1.903815936413e-02,1.441245366190e-01,-6.126591704755e-03,-1.895437755140e-02,1.090624692415e-05,-2.068442559653e-03,8.378181272736e-05
"                 982",1.316325770536e-01,-5.717423405414e-03,-1.831610660839e-02,1.316479000860e-01,-7.785713387763e-03,-1.823022919380e-02,1.532303243258e-05,-2.068289982349e-03,8.587741459497e-05
"                 983",1.202828971329e-01,-7.643141759530e-03,-1.776301233277e-02,1.203029876240e-01,-9.711980189942e-03,-1.767613867513e-02,2.009049115051e-05,-2.068838430411e-03,8.687365763394e-05
"                 984",1.108369595270e-01,-8.870562558947e-03,-1.741660957142e-02,1.108650025792e-01,-1.094430190270e-02,-1.733023905225e-02,2.804305221765e-05,-2.073739343758e-03,8.637051916616e-05
"                 985",1.039518450560e-01,-9.860707136319e-03,-1.728872858066e-02,1.039903258439e-01,-1.194769083402e-02,-1.720440177721e-02,3.848078786753e-05,-2.086983697697e-03,8.432680345719e-05
"                 986",1.004256282802e-01,-1.049741240831e-02,-1.739248999910e-02,1.004745956959e-01,-1.260345399565e-02,-1.731143727054e-02,4.896741572687e-05,-2.106041587335e-03,8.105272856003e-05
"                 987",1.001415585447e-01,-1.063264270419e-02,-1.769664557380e-02,1.002049838440e-01,-1.275801258974e-02,-1.762012555948e-02,6.342529929259e-05,-2.125369885547e-03,7.652001431251e-05
"                 988",1.020324662233e-01,-1.032693211110e-02,-1.814268742915e-02,1.021157451167e-01,-1.246783429245e-02,-1.807190144139e-02,8.327889334431e-05,-2.140902181351e-03,7.078598776126e-05
"                 989",1.056206481052e-01,-9.848222682418e-03,-1.867608498672e-02,1.057281920362e-01,-1.199542173510e-02,-1.861195138231e-02,1.075439309918e-04,-2.147199052680e-03,6.413360440861e-05
"                 990",1.111396727090e-01,-9.160683332986e-03,-1.925915806170e-02,1.112751765945e-01,-1.130370360569e-02,-1.920202335889e-02,1.355038854166e-04,-2.143020272704e-03,5.713470280291e-05
"                 991",1.201774567039e-01,-9.031352354860e-03,-1.992005138403e-02,1.203363784827e-01,-1.116009274330e-02,-1.986927636412e-02,1.589217788601e-04,-2.128740388444e-03,5.077501990717e-05
"                 992",1.327613814787e-01,-7.759064907219e-03,-2.065737241490e-02,1.329407638280e-01,-9.870787615215e-03,-2.061213034193e-02,1.793823492467e-04,-2.111722707996e-03,4.524207296103e-05
"                 993",1.469903691379e-01,-5.074401826487e-03,-2.141748365099e-02,1.471831182373e-01,-7.172432210371e-03,-2.137643502268e-02,1.927490994239e-04,-2.098030383884e-03,4.104862831021e-05
"                 994",1.617231862716e-01,-2.589746922773e-03,-2.216483061612e-02,1.619244286456e-01,-4.677433639837e-03,-2.212669257496e-02,2.012423739827e-04,-2.087686717064e-03,3.813804115884e-05
"                 995",1.757790668281e-01,-1.642416986808e-03,-2.284943910964e-02,1.759883923149e-01,-3.722868271845e-03,-2.281332955675e-02,2.093254868287e-04,-2.080451285037e-03,3.610955288836e-05
"                 996",1.886375952470e-01,-2.264630827710e-03,-2.343064232815e-02,1.888538728624e-01,-4.339396579698e-03,-2.339559626148e-02,2.162776153939e-04,-2.074765751988e-03,3.504606666867e-05
"                 997",1.999525829218e-01,-3.370174665640e-03,-2.387735491977e-02,2.001729973156e-01,-5.440407312431e-03,-2.384225986481e-02,2.204143937771e-04,-2.070232646790e-03,3.509505495883e-05
"                 998",2.092415123525e-01,-4.264105872718e-03,-2.417799104223e-02,2.094603483671e-01,-6.335681167646e-03,-2.414143212535e-02,2.188360146098e-04,-2.071575294928e-03,3.655891688387e-05
"                 999",2.157807679265e-01,-5.349805869898e-03,-2.432909803387e-02,2.159937949079e-01,-7.432715593973e-03,-2.428985424870e-02,2.130269813403e-04,-2.082909724075e-03,3.924378516302e-05
"                1000",2.189098295590e-01,-6.213083383059e-03,-2.431448530098e-02,2.191137614820e-01,-8.313906771135e-03,-2.427155352304e-02,2.039319229708e-04,-2.100823388075e-03,4.293177793183e-05
"                1001",2.185561638556e-01,-6.465836658080e-03,-2.413252581109e-02,2.187464589553e-01,-8.586027150595e-03,-2.408496211383e-02,1.902950997179e-04,-2.120190492515e-03,4.756369725422e-05
"                1002",2.159668575493e-01,-6.498574649306e-03,-2.379792688257e-02,2.161374616963e-01,-8.634330252631e-03,-2.374459198107e-02,1.706041469881e-04,-2.135755603325e-03,5.333490150010e-05
"                1003",2.123205735712e-01,-6.496391364351e-03,-2.335082630711e-02,2.124672379844e-01,-8.639267541796e-03,-2.329087874757e-02,1.466644132221e-04,-2.142876177445e-03,5.994755953766e-05
"                1004",2.069064405134e-01,-6.647507296403e-03,-2.277541351698e-02,2.070296801488e-01,-8.787220773692e-03,-2.270857443472e-02,1.232396354067e-04,-2.139713477289e-03,6.683908226186e-05
"                1005",1.980205797319e-01,-7.077980706320e-03,-2.204601035573e-02,1.981279691665e-01,-9.204085510917e-03,-2.197293735052e-02,1.073894346769e-04,-2.126104804596e-03,7.307300521054e-05
"                1006",1.858682261511e-01,-6.734153070187e-03,-2.118756642375e-02,1.859647660104e-01,-8.845107269688e-03,-2.110890935176e-02,9.653985930312e-05,-2.110954199501e-03,7.865707199850e-05
"                1007",1.724369531454e-01,-5.326052427002e-03,-2.028569255092e-02,1.725303636489e-01,-7.426364213401e-03,-2.020265764450e-02,9.341050350738e-05,-2.100311786399e-03,8.303490642052e-05
"                1008",1.587722052405e-01,-4.153428204155e-03,-1.941474878114e-02,1.588679458183e-01,-6.247047523364e-03,-1.932850970335e-02,9.574057777526e-05,-2.093619319209e-03,8.623907779355e-05
"                1009",1.457891727236e-01,-4.811329463571e-03,-1.866242326826e-02,1.458863801217e-01,-6.901465084302e-03,-1.857386994349e-02,9.720739804490e-05,-2.090135620731e-03,8.855332476652e-05
"                1010",1.334270126895e-01,-6.430043884137e-03,-1.808398386459e-02,1.335251700859e-01,-8.519026454822e-03,-1.799417168343e-02,9.815739631565e-05,-2.088982570685e-03,8.981218116459e-05
"                1011",1.221214383349e-01,-8.183269086611e-03,-1.771265844057e-02,1.222210651081e-01,-1.027201071746e-02,-1.762282751296e-02,9.962677316385e-05,-2.088741630852e-03,8.983092761214e-05
"                1012",1.127456821750e-01,-9.337390421067e-03,-1.754440155797e-02,1.128510999556e-01,-1.143265949162e-02,-1.745606300013e-02,1.054177806156e-04,-2.095269070558e-03,8.833855784250e-05
"                1013",1.062370801661e-01,-1.029012457808e-02,-1.756202323964e-02,1.063511904731e-01,-1.239978208195e-02,-1.747645589576e-02,1.141103070420e-04,-2.109657503877e-03,8.556734387968e-05
"                1014",1.035293883276e-01,-1.112989375925e-02,-1.775327236206e-02,1.036538039757e-01,-1.325778378315e-02,-1.767143626470e-02,1.244156481525e-04,-2.127890023901e-03,8.183609736351e-05
"                1015",1.041114558204e-01,-1.123822535392e-02,-1.807314248972e-02,1.042528057846e-01,-1.338305534776e-02,-1.799608471059e-02,1.413499642076e-04,-2.144829993836e-03,7.705777913017e-05
"                1016",1.067574498701e-01,-1.100103485680e-02,-1.846063133270e-02,1.069220884750e-01,-1.315754328817e-02,-1.838928122675e-02,1.646386048918e-04,-2.156508431364e-03,7.135010594673e-05
"                1017",1.112891480856e-01,-1.043599938572e-02,-1.889410315963e-02,1.114819628838e-01,-1.259457171970e-02,-1.882914106541e-02,1.928147982136e-04,-2.158572333986e-03,6.496209421514e-05
"                1018",1.182983568738e-01,-1.027487805456e-02,-1.939222412370e-02,1.185202055237e-01,-1.242548737553e-02,-1.933367833977e-02,2.218486499312e-04,-2.150609320972e-03,5.854578392433e-05
"                1019",1.289566048431e-01,-9.765456950973e-03,-2.000937160160e-02,1.292021297704e-01,-1.189898111873e-02,-1.995657300534e-02,2.455249272962e-04,-2.133524167761e-03,5.279859626624e-05
"                1020",1.421088637280e-01,-8.111840958549e-03,-2.073648009004e-02,1.423725667449e-01,-1.022888932436e-02,-2.068862521215e-02,2.637030169256e-04,-2.117048365816e-03,4.785487789120e-05
"                1021",1.562270420860e-01,-5.537069278489e-03,-2.153641341508e-02,1.565016607070e-01,-7.641423169440e-03,-2.149244776756e-02,2.746186210392e-04,-2.104353890951e-03,4.396564751596e-05
"                1022",1.701835762715e-01,-3.376088787494e-03,-2.235854248933e-02,1.704637728290e-01,-5.470661791167e-03,-2.231742480497e-02,2.801965575022e-04,-2.094573003673e-03,4.111768435726e-05
"                1023",1.831186021543e-01,-2.872404595557e-03,-2.312703494991e-02,1.834043780440e-01,-4.959315403831e-03,-2.308801893505e-02,2.857758897368e-04,-2.086910808274e-03,3.901601485972e-05
"                1024",1.947712989255e-01,-3.437890273414e-03,-2.377175171928e-02,1.950608876981e-01,-5.518640485018e-03,-2.373376745178e-02,2.895887725644e-04,-2.080750211604e-03,3.798426749804e-05
"                1025",2.048536299636e-01,-4.304888530402e-03,-2.423713176819e-02,2.051446310830e-01,-6.381445846453e-03,-2.419889903983e-02,2.910011193763e-04,-2.076557316050e-03,3.823272836033e-05
"                1026",2.129368825625e-01,-5.162049891560e-03,-2.450099187956e-02,2.132249959088e-01,-7.242194824007e-03,-2.446092144081e-02,2.881133463238e-04,-2.080144932447e-03,4.007043875203e-05
"                1027",2.183910645359e-01,-5.972178771504e-03,-2.454864735468e-02,2.186736468738e-01,-8.065483863936e-03,-2.450536238922e-02,2.825823378848e-04,-2.093305092432e-03,4.328496545526e-05
"                1028",2.207338618597e-01,-6.301312453417e-03,-2.437934696420e-02,2.210090757013e-01,-8.412345099996e-03,-2.433182299348e-02,2.752138415904e-04,-2.111032646579e-03,4.752397072561e-05
"                1029",2.203031503703e-01,-5.892258666314e-03,-2.402198278977e-02,2.205651786591e-01,-8.020264307191e-03,-2.396908881250e-02,2.620282887750e-04,-2.128005640876e-03,5.289397727289e-05
"                1030",2.181254875595e-01,-5.759596107190e-03,-2.352751136928e-02,2.183685991207e-01,-7.899607315472e-03,-2.346827460905e-02,2.431115611712e-04,-2.140011208282e-03,5.923676022887e-05
"                1031",2.145593103530e-01,-5.489119902322e-03,-2.294913759781e-02,2.147788973847e-01,-7.632428882075e-03,-2.288296368745e-02,2.195870316928e-04,-2.143308979753e-03,6.617391035894e-05
"                1032",2.085303179469e-01,-5.852782013690e-03,-2.230313767225e-02,2.087263444800e-01,-7.989169256066e-03,-2.223024862931e-02,1.960265330591e-04,-2.136387242376e-03,7.288904293576e-05
"                1033",1.986411842190e-01,-5.737735738560e-03,-2.157679241875e-02,1.988194785994e-01,-7.857782913029e-03,-2.149812558177e-02,1.782943804914e-04,-2.120047174470e-03,7.866683698466e-05
"                1034",1.858373333657e-01,-4.669306915584e-03,-2.080824481865e-02,1.860041802030e-01,-6.774492426844e-03,-2.072490918935e-02,1.668468373209e-04,-2.105185511260e-03,8.333562929527e-05
"                1035",1.717789542909e-01,-2.950698188471e-03,-2.004243578502e-02,1.719402131041e-01,-5.045531872801e-03,-1.995563156044e-02,1.612588132368e-04,-2.094833684331e-03,8.680422458055e-05
"                1036",1.576018508135e-01,-2.021208425678e-03,-1.932183895422e-02,1.577614120663e-01,-4.108915861837e-03,-1.923265440203e-02,1.595612528549e-04,-2.087707436159e-03,8.918455218908e-05
"                1037",1.441921049315e-01,-2.657343725982e-03,-1.869878525312e-02,1.443495007997e-01,-4.740826488212e-03,-1.860803696724e-02,1.573958681975e-04,-2.083482762230e-03,9.074828587549e-05
"                1038",1.317866242006e-01,-4.258720424115e-03,-1.820748403427e-02,1.319428127387e-01,-6.339875037465e-03,-1.811603808204e-02,1.561885380459e-04,-2.081154613350e-03,9.144595223074e-05
"                1039",1.210882042582e-01,-5.729739923403e-03,-1.786767475457e-02,1.212467281030e-01,-7.810806648905e-03,-1.777662808803e-02,1.585238448120e-04,-2.081066725502e-03,9.104666654044e-05
"                1040",1.129155832507e-01,-6.958015397359e-03,-1.767373874034e-02,1.130816256338e-01,-9.046886549053e-03,-1.758432972176e-02,1.660423831252e-04,-2.088871151694e-03,8.940901858395e-05
"                1041",1.081606922751e-01,-7.901380186187e-03,-1.763404780035e-02,1.083379453504e-01,-1.000497562786e-02,-1.754742709113e-02,1.772530752584e-04,-2.103595441674e-03,8.662070921640e-05
"                1042",1.072125130091e-01,-8.709280994672e-03,-1.775392760712e-02,1.074033174402e-01,-1.082963029420e-02,-1.767098959474e-02,1.908044311541e-04,-2.120349299526e-03,8.293801238203e-05
"                1043",1.092884833742e-01,-8.961444701015e-03,-1.802875183111e-02,1.094980510062e-01,-1.109603748207e-02,-1.795062171222e-02,2.095676319253e-04,-2.134592781057e-03,7.813011889699e-05
"                1044",1.129297784034e-01,-9.049065194183e-03,-1.841376880147e-02,1.131627469893e-01,-1.119130324350e-02,-1.834144845344e-02,2.329685858640e-04,-2.142238049315e-03,7.232034802355e-05
"                1045",1.178977451696e-01,-8.542834923183e-03,-1.890448072227e-02,1.181575348937e-01,-1.068301085823e-02,-1.883875022897e-02,2.597897241427e-04,-2.140175935048e-03,6.573049330257e-05
"                1046",1.252834400251e-01,-8.652217944132e-03,-1.953097080603e-02,1.255669324598e-01,-1.077994320580e-02,-1.947172063586e-02,2.834924347686e-04,-2.127725261663e-03,5.925017016699e-05
"                1047",1.359438729862e-01,-7.618825573974e-03,-2.031329710280e-02,1.362465872882e-01,-9.726770865822e-03,-2.025996824626e-02,3.027143019923e-04,-2.107945291848e-03,5.332885654216e-05
"                1048",1.484599810735e-01,-5.323620388744e-03,-2.118572679502e-02,1.487753965676e-01,-7.414873337232e-03,-2.113732728826e-02,3.154154941971e-04,-2.091252948488e-03,4.839950675996e-05
"                1049",1.618576745150e-01,-2.771269276206e-03,-2.208156458120e-02,1.621809675764e-01,-4.850189680492e-03,-2.203695993795e-02,3.232930614502e-04,-2.078920404286e-03,4.460464325430e-05
"                1050",1.750142563077e-01,-1.255901382059e-03,-2.291401877036e-02,1.753433711889e-01,-3.325587585806e-03,-2.287204154988e-02,3.291148812381e-04,-2.069686203747e-03,4.197722048183e-05
"                1051",1.874917180554e-01,-1.254169576534e-03,-2.360632049644e-02,1.878280319193e-01,-3.317179347912e-03,-2.356589086382e-02,3.363138639128e-04,-2.063009771378e-03,4.042963261866e-05
"                1052",1.989628660156e-01,-1.901558121354e-03,-2.409716616340e-02,1.993056796522e-01,-3.959206270041e-03,-2.405699247407e-02,3.428136365885e-04,-2.057648148687e-03,4.017368933496e-05
"                1053",2.090422675160e-01,-2.493675839485e-03,-2.436745045812e-02,2.093885434725e-01,-4.548950520044e-03,-2.432605847337e-02,3.462759565343e-04,-2.055274680559e-03,4.139198474756e-05
"                1054",2.171250454743e-01,-3.409242120220e-03,-2.443240646542e-02,2.174701284003e-01,-5.471036480397e-03,-2.438830040146e-02,3.450829260114e-04,-2.061794360177e-03,4.410606396341e-05
"                1055",2.224302122225e-01,-4.125210293193e-03,-2.431459035230e-02,2.227697737500e-01,-6.202022725376e-03,-2.426661528079e-02,3.395615275455e-04,-2.076812432183e-03,4.797507151146e-05
"                1056",2.241166716400e-01,-4.242644054159e-03,-2.403957350554e-02,2.244473416463e-01,-6.337155561223e-03,-2.398699425104e-02,3.306700062926e-04,-2.094511507064e-03,5.257925449742e-05
"                1057",2.230128939613e-01,-3.707408605017e-03,-2.366176615495e-02,2.233254338317e-01,-5.817385634810e-03,-2.360368983561e-02,3.125398704085e-04,-2.109977029793e-03,5.807631934469e-05
"                1058",2.201829107595e-01,-3.290447468615e-03,-2.323038253883e-02,2.204715717289e-01,-5.409413191810e-03,-2.316626031271e-02,2.886609693810e-04,-2.118965723195e-03,6.412222611880e-05
"                1059",2.156631493493e-01,-2.458798667273e-03,-2.276562882118e-02,2.159239637336e-01,-4.577353059643e-03,-2.269518376072e-02,2.608143842475e-04,-2.118554392370e-03,7.044506045779e-05
"                1060",2.079223305431e-01,-2.618212281945e-03,-2.222364912736e-02,2.081593412482e-01,-4.725896942637e-03,-2.214741622225e-02,2.370107051326e-04,-2.107684660692e-03,7.623290510767e-05
"                1061",1.962703359579e-01,-2.111968708540e-03,-2.156327576883e-02,1.964883973831e-01,-4.201716043354e-03,-2.148194221531e-02,2.180614252767e-04,-2.089747334814e-03,8.133355351787e-05
"                1062",1.826218181495e-01,-4.906114039294e-04,-2.082120028238e-02,1.828295447843e-01,-2.566277050716e-03,-2.073576718113e-02,2.077266348131e-04,-2.075665646787e-03,8.543310124389e-05
"                1063",1.683592311903e-01,1.293722848565e-03,-2.002778016708e-02,1.685628145370e-01,-7.729683753163e-04,-1.993912383380e-02,2.035833466912e-04,-2.066691223882e-03,8.865633327786e-05
"                1064",1.548563867208e-01,1.647538577515e-03,-1.924362816421e-02,1.550589070983e-01,-4.139695364240e-04,-1.915253231744e-02,2.025203774903e-04,-2.061508113939e-03,9.109584677243e-05
"                1065",1.423926155050e-01,5.800878659841e-04,-1.853079641535e-02,1.425941385351e-01,-1.478462065035e-03,-1.843800271634e-02,2.015230301164e-04,-2.058549931019e-03,9.279369901307e-05
"                1066",1.312257859760e-01,-1.129171236855e-03,-1.795885945963e-02,1.314268596449e-01,-3.185525247076e-03,-1.786528471037e-02,2.010736689299e-04,-2.056354010221e-03,9.357474926057e-05
"                1067",1.219698424485e-01,-2.525217382686e-03,-1.757598587252e-02,1.221740056393e-01,-4.583011309612e-03,-1.748297081580e-02,2.041631908122e-04,-2.057793926926e-03,9.301505671082e-05
"                1068",1.152082012763e-01,-3.999874695207e-03,-1.740003196776e-02,1.154181850544e-01,-6.066965788277e-03,-1.730900929969e-02,2.099837781080e-04,-2.067091093070e-03,9.102266806911e-05
"                1069",1.116219700546e-01,-5.153467506609e-03,-1.745465928428e-02,1.118386513724e-01,-7.235764024335e-03,-1.736694796096e-02,2.166813177688e-04,-2.082296517726e-03,8.771132332355e-05
"                1070",1.112744482064e-01,-5.840144893867e-03,-1.772952141891e-02,1.115002522477e-01,-7.937946726570e-03,-1.764627176717e-02,2.258040413234e-04,-2.097801832703e-03,8.324965173888e-05
"                1071",1.131376051174e-01,-5.927320513322e-03,-1.818078292467e-02,1.133786730399e-01,-8.037355447764e-03,-1.810323448069e-02,2.410679224146e-04,-2.110034934441e-03,7.754844398198e-05
"                1072",1.163768762765e-01,-5.706176727866e-03,-1.874412152512e-02,1.166381326158e-01,-7.820002941556e-03,-1.867311117767e-02,2.612563392883e-04,-2.113826213690e-03,7.101034745270e-05
"                1073",1.209751009618e-01,-4.952176492555e-03,-1.936875679579e-02,1.212615559847e-01,-7.060130258010e-03,-1.930471217564e-02,2.864550229057e-04,-2.107953765455e-03,6.404462014619e-05
"                1074",1.286637593170e-01,-4.952740256744e-03,-2.007550806858e-02,1.289719434290e-01,-7.044819326352e-03,-2.001775434022e-02,3.081841119932e-04,-2.092079069607e-03,5.775372836484e-05
"                1075",1.400421720826e-01,-4.042776367090e-03,-2.085917477401e-02,1.403703931550e-01,-6.115548039325e-03,-2.080686317224e-02,3.282210724593e-04,-2.072771672235e-03,5.231160176379e-05
"                1076",1.532788215651e-01,-1.872024226927e-03,-2.164916061261e-02,1.536205348551e-01,-3.929443412667e-03,-2.160083557905e-02,3.417132900761e-04,-2.057419185740e-03,4.832503356538e-05
"                1077",1.673580530068e-01,5.506322475739e-04,-2.240010954767e-02,1.677091327262e-01,-1.496032794300e-03,-2.235451277464e-02,3.510797194473e-04,-2.046665041874e-03,4.559677302864e-05
"                1078",1.809997214154e-01,1.523891407508e-03,-2.305383648311e-02,1.813596833504e-01,-5.155732094824e-04,-2.300995932416e-02,3.599619349206e-04,-2.039464616991e-03,4.387715894980e-05
"                1079",1.938039592299e-01,1.304268288536e-03,-2.358031896167e-02,1.941727195858e-01,-7.297253719278e-04,-2.353725529208e-02,3.687603558934e-04,-2.033993660463e-03,4.306366958968e-05
"                1080",2.053497413535e-01,3.662549012482e-04,-2.395751331404e-02,2.057242977475e-01,-1.663233800553e-03,-2.391420441900e-02,3.745563939689e-04,-2.029488701801e-03,4.330889504154e-05
"                1081",2.149443976471e-01,-4.575021163937e-04,-2.418847093936e-02,2.153187644218e-01,-2.487127804860e-03,-2.414371063496e-02,3.743667746657e-04,-2.029625688466e-03,4.476030439867e-05
"                1082",2.218229549234e-01,-1.371391105948e-03,-2.428320092793e-02,2.221909478974e-01,-3.410220447183e-03,-2.423585435800e-02,3.679929740476e-04,-2.038829341235e-03,4.734656993417e-05
"                1083",2.253804973482e-01,-1.660107372984e-03,-2.423925434329e-02,2.257382010849e-01,-3.714566864203e-03,-2.418851333826e-02,3.577037366347e-04,-2.054459491219e-03,5.074100503220e-05
"                1084",2.251904743058e-01,-1.067427911714e-03,-2.404922182205e-02,2.255344099779e-01,-3.138697715732e-03,-2.399430743873e-02,3.439356721703e-04,-2.071269804018e-03,5.491438331966e-05
"                1085",2.228095788814e-01,-1.785855398992e-04,-2.373965878508e-02,2.231323814580e-01,-2.263942118087e-03,-2.367959707090e-02,3.228025766494e-04,-2.085356578188e-03,6.006171417556e-05
"                1086",2.192242607032e-01,4.789387627255e-04,-2.333249822711e-02,2.195219998083e-01,-1.612876954430e-03,-2.326649959727e-02,2.977391050738e-04,-2.091815717155e-03,6.599862983869e-05
"                1087",2.141535193157e-01,9.986789653453e-04,-2.281637145459e-02,2.144258025563e-01,-1.090472272684e-03,-2.274406559538e-02,2.722832406419e-04,-2.089151238029e-03,7.230585921022e-05
"                1088",2.059023132109e-01,8.580961675619e-04,-2.214603760832e-02,2.061563937199e-01,-1.218048784157e-03,-2.206784753810e-02,2.540805089358e-04,-2.076144951719e-03,7.819007022243e-05
"                1089",1.943392160090e-01,1.455013154633e-03,-2.132075423903e-02,1.945799622463e-01,-6.047260846305e-04,-2.123725413591e-02,2.407462372856e-04,-2.059739239263e-03,8.350010311471e-05
"                1090",1.814163326953e-01,3.163566805760e-03,-2.041875189979e-02,1.816514466857e-01,1.115956136466e-03,-2.033104222875e-02,2.351139903296e-04,-2.047610669294e-03,8.770967103558e-05
"                1091",1.681567174207e-01,4.813230338932e-03,-1.951877317655e-02,1.683907877801e-01,2.773748943819e-03,-1.942802590914e-02,2.340703593844e-04,-2.039481395113e-03,9.074726741179e-05
"                1092",1.554468934986e-01,4.761996620783e-03,-1.871466578966e-02,1.556782965825e-01,2.727408144291e-03,-1.862179593718e-02,2.314030839122e-04,-2.034588476492e-03,9.286985248376e-05
"                1093",1.432807727524e-01,3.304358212247e-03,-1.808019053798e-02,1.435070674322e-01,1.272809483012e-03,-1.798630336621e-02,2.262946797286e-04,-2.031548729236e-03,9.388717177136e-05
"                1094",1.320750023723e-01,1.334788481131e-03,-1.766955266166e-02,1.322955821789e-01,-6.943391048112e-04,-1.757588531633e-02,2.205798066339e-04,-2.029127585942e-03,9.366734533035e-05
"                1095",1.226374641003e-01,3.171321456108e-06,-1.749551575204e-02,1.228559278808e-01,-2.028775128842e-03,-1.740363596586e-02,2.184637805588e-04,-2.031946450298e-03,9.187978618278e-05
"                1096",1.157346002441e-01,-1.137866885131e-03,-1.753548286915e-02,1.159542656329e-01,-3.180388553446e-03,-1.744670622981e-02,2.196653887624e-04,-2.042521668316e-03,8.877663933228e-05
"                1097",1.125617785644e-01,-2.183994059852e-03,-1.777899549247e-02,1.127841869003e-01,-4.241216198758e-03,-1.769427784595e-02,2.224083359341e-04,-2.057222138906e-03,8.471764651846e-05
"                1098",1.125876322265e-01,-2.660393897404e-03,-1.816163724958e-02,1.128210279191e-01,-4.731517754557e-03,-1.808190540595e-02,2.333956925423e-04,-2.071123857152e-03,7.973184363200e-05
"                1099",1.147665894233e-01,-2.922883795268e-03,-1.861519161178e-02,1.150189993879e-01,-5.003960506095e-03,-1.854118935140e-02,2.524099646210e-04,-2.081076710827e-03,7.400226038058e-05
"                1100",1.185934400986e-01,-2.725941247142e-03,-1.909083125119e-02,1.188721818809e-01,-4.808506678866e-03,-1.902300801913e-02,2.787417823171e-04,-2.082565431724e-03,6.782323205952e-05
"                1101",1.246367936350e-01,-2.453837270721e-03,-1.959992541596e-02,1.249446154481e-01,-4.528328863842e-03,-1.953822033848e-02,3.078218131157e-04,-2.074491593120e-03,6.170507747404e-05
"                1102",1.343729263251e-01,-2.133823248986e-03,-2.019609986664e-02,1.347046098942e-01,-4.191240759495e-03,-2.013971891716e-02,3.316835690396e-04,-2.057417510509e-03,5.638094947787e-05
"                1103",1.470998018739e-01,-8.385653117813e-04,-2.088431698358e-02,1.474509111749e-01,-2.878559640231e-03,-2.083250493132e-02,3.511093009943e-04,-2.039994328450e-03,5.181205225969e-05
"                1104",1.608804831076e-01,1.185823061746e-03,-2.162813646260e-02,1.612428260840e-01,-8.409722123068e-04,-2.157984153671e-02,3.623429763926e-04,-2.026795274053e-03,4.829492589213e-05
"                1105",1.746529455155e-01,3.312505791619e-03,-2.239330599138e-02,1.750195414235e-01,1.295436476927e-03,-2.234755810859e-02,3.665959080012e-04,-2.017069314693e-03,4.574788278500e-05
"                1106",1.874433829492e-01,3.878342515609e-03,-2.311582553703e-02,1.878138260589e-01,1.868148663141e-03,-2.307207239835e-02,3.704431097415e-04,-2.010193852468e-03,4.375313868008e-05
"                1107",1.989785331180e-01,3.450774634054e-03,-2.373377109446e-02,1.993513220936e-01,1.445809860168e-03,-2.369116938188e-02,3.727889755817e-04,-2.004964773886e-03,4.260171258068e-05
"                1108",2.090046617757e-01,2.758817257067e-03,-2.419584164392e-02,2.093776493121e-01,7.572868717993e-04,-2.415327176655e-02,3.729875364053e-04,-2.001530385268e-03,4.256987736671e-05
"                1109",2.171930987755e-01,2.170758779144e-03,-2.447238082956e-02,2.175618139935e-01,1.661669666338e-04,-2.442836771511e-02,3.687152179263e-04,-2.004591812510e-03,4.401311445436e-05
"                1110",2.229409319706e-01,1.469593844089e-03,-2.454617011334e-02,2.233027154014e-01,-5.470075762211e-04,-2.449939265530e-02,3.617834308150e-04,-2.016601420310e-03,4.677745803966e-05
"                1111",2.255818103292e-01,1.259906845505e-03,-2.439877695888e-02,2.259361260046e-01,-7.734368326160e-04,-2.434816373823e-02,3.543156753827e-04,-2.033343678121e-03,5.061322064287e-05
"                1112",2.255066045046e-01,2.060121427871e-03,-2.405448542151e-02,2.258493510761e-01,9.965808846346e-06,-2.399891757233e-02,3.427465714560e-04,-2.050155619024e-03,5.556784918807e-05
"                1113",2.237605282515e-01,2.795931550704e-03,-2.356222189434e-02,2.240861386692e-01,7.328705502529e-04,-2.350066169358e-02,3.256104177227e-04,-2.063061000451e-03,6.156020075119e-05
"                1114",2.207174720600e-01,3.463050561471e-03,-2.297544656092e-02,2.210211796799e-01,1.395112678854e-03,-2.290725910068e-02,3.037076199258e-04,-2.067937882618e-03,6.818746024704e-05
"                1115",2.156081189253e-01,3.501985088107e-03,-2.231713085004e-02,2.158881172136e-01,1.439006988883e-03,-2.224240563437e-02,2.799982882836e-04,-2.062978099224e-03,7.472521566807e-05
"                1116",2.066752676467e-01,3.516698228449e-03,-2.157382271544e-02,2.069364657696e-01,1.468653064456e-03,-2.149349176990e-02,2.611981229236e-04,-2.048045163993e-03,8.033094553635e-05
"                1117",1.945526287282e-01,4.288966496695e-03,-2.078076966238e-02,1.947985857186e-01,2.255792124585e-03,-2.069596892178e-02,2.459569904300e-04,-2.033174372110e-03,8.480074060419e-05
"                1118",1.810444161247e-01,5.983849425213e-03,-1.999304683056e-02,1.812798902845e-01,3.961089746403e-03,-1.990514585898e-02,2.354741597227e-04,-2.022759678811e-03,8.790097157817e-05
"                1119",1.671802101807e-01,7.380237662311e-03,-1.926034423449e-02,1.674087926720e-01,5.364521748180e-03,-1.917063837416e-02,2.285824912188e-04,-2.015715914130e-03,8.970586032142e-05
"                1120",1.539575905257e-01,7.026618003927e-03,-1.864150043796e-02,1.541779048886e-01,5.015918828682e-03,-1.855076893712e-02,2.203143628816e-04,-2.010699175245e-03,9.073150084572e-05
"                1121",1.415347145054e-01,5.510352466914e-03,-1.816496483871e-02,1.417478374668e-01,3.503393456231e-03,-1.807407857163e-02,2.131229613744e-04,-2.006959010682e-03,9.088626708484e-05
"                1122",1.306264896095e-01,3.703786719733e-03,-1.785361298114e-02,1.308355034672e-01,1.699502515946e-03,-1.776349126879e-02,2.090138577027e-04,-2.004284203786e-03,9.012171234985e-05
"                1123",1.220398063572e-01,2.202840732018e-03,-1.770293351035e-02,1.222509284323e-01,1.940485836999e-04,-1.761474493987e-02,2.111220751591e-04,-2.008792148318e-03,8.818857047941e-05
"                1124",1.166448956474e-01,9.375320946496e-04,-1.770305459306e-02,1.168632471750e-01,-1.082997379390e-03,-1.761774293770e-02,2.183515275820e-04,-2.020529474040e-03,8.531165536334e-05
"                1125",1.147964403049e-01,-1.169023132874e-05,-1.784983134015e-02,1.150259292220e-01,-2.046777436049e-03,-1.776817020376e-02,2.294889171629e-04,-2.035087204720e-03,8.166113638447e-05
"                1126",1.162878210024e-01,-2.818281984069e-04,-1.813979606892e-02,1.165329992438e-01,-2.329815430249e-03,-1.806266897564e-02,2.451782414538e-04,-2.047987231842e-03,7.712709328115e-05
"                1127",1.197680054093e-01,-5.145240502991e-04,-1.853891063642e-02,1.200334203015e-01,-2.570230281674e-03,-1.846719388224e-02,2.654148921513e-04,-2.055706231375e-03,7.171675417836e-05
"                1128",1.243597591704e-01,-4.317293519307e-04,-1.902144255227e-02,1.246504789540e-01,-2.486356973297e-03,-1.895589597675e-02,2.907197835914e-04,-2.054627621366e-03,6.554657552426e-05
"                1129",1.309679582203e-01,-8.561995312064e-04,-1.961153089657e-02,1.312818457931e-01,-2.900345197819e-03,-1.955218184396e-02,3.138875727863e-04,-2.044145666613e-03,5.934905260803e-05
"                1130",1.408847318990e-01,-2.968027146331e-04,-2.034075935683e-02,1.412156630674e-01,-2.322562064736e-03,-2.028709471429e-02,3.309311683925e-04,-2.025759350103e-03,5.366464253410e-05
"                1131",1.529404689739e-01,1.581084872381e-03,-2.116607564859e-02,1.532817119813e-01,-4.284565095699e-04,-2.111729367697e-02,3.412430073824e-04,-2.009541381951e-03,4.878197162899e-05
"                1132",1.659027124142e-01,4.100896894510e-03,-2.202970664158e-02,1.662488335923e-01,2.103363034384e-03,-2.198470798794e-02,3.461211781513e-04,-1.997533860126e-03,4.499865363976e-05
"                1133",1.788018673304e-01,5.862775752405e-03,-2.285346733587e-02,1.791504496297e-01,3.874177764351e-03,-2.281111044061e-02,3.485822992115e-04,-1.988597988054e-03,4.235689525204e-05
"                1134",1.911816152278e-01,6.034238979282e-03,-2.355503924726e-02,1.915349262781e-01,4.051936336415e-03,-2.351430271310e-02,3.533110503085e-04,-1.982302642867e-03,4.073653415981e-05
"                1135",2.027138489175e-01,5.408496513901e-03,-2.407123961506e-02,2.030724056295e-01,3.430748868960e-03,-2.403086701054e-02,3.585567119876e-04,-1.977747644942e-03,4.037260452464e-05
"                1136",2.129744483369e-01,4.842476665498e-03,-2.436754084025e-02,2.133368319183e-01,2.866673344036e-03,-2.432605364784e-02,3.623835813510e-04,-1.975803321462e-03,4.148719240955e-05
"                1137",2.213263945812e-01,4.191928840577e-03,-2.444918721118e-02,2.216877979436e-01,2.209745781581e-03,-2.440508501067e-02,3.614033624093e-04,-1.982183058995e-03,4.410220050380e-05
"                1138",2.269748888804e-01,3.814344267642e-03,-2.433392544612e-02,2.273309362209e-01,1.817199167393e-03,-2.428605142176e-02,3.560473404139e-04,-1.997145100249e-03,4.787402436129e-05
"                1139",2.291226650348e-01,3.990400762202e-03,-2.404530457754e-02,2.294711303199e-01,1.975177944232e-03,-2.399305323651e-02,3.484652851318e-04,-2.015222817970e-03,5.225134102074e-05
"                1140",2.285644705516e-01,4.651743379679e-03,-2.364302318311e-02,2.288961867043e-01,2.620233526207e-03,-2.358557420398e-02,3.317161527004e-04,-2.031509853472e-03,5.744897913379e-05
"                1141",2.263360339927e-01,4.712988590814e-03,-2.318005271175e-02,2.266445132683e-01,2.670480898537e-03,-2.311698441822e-02,3.084792755669e-04,-2.042507692277e-03,6.306829352567e-05
"                1142",2.226291763360e-01,5.021382051911e-03,-2.267722879921e-02,2.229087038265e-01,2.976511373001e-03,-2.260827617969e-02,2.795274904759e-04,-2.044870678910e-03,6.895261952085e-05
"                1143",2.161021497294e-01,4.710079104846e-03,-2.210854586027e-02,2.163548030162e-01,2.673191105068e-03,-2.203423221330e-02,2.526532868433e-04,-2.036887999778e-03,7.431364697260e-05
"                1144",2.056264188843e-01,5.334044572123e-03,-2.143705975759e-02,2.058567526390e-01,3.313771821772e-03,-2.135811104326e-02,2.303337547707e-04,-2.020272750351e-03,7.894871432906e-05
"                1145",1.927658076905e-01,7.068286741827e-03,-2.069546816845e-02,1.929817403164e-01,5.061771225843e-03,-2.061289966636e-02,2.159326258530e-04,-2.006515515984e-03,8.256850208149e-05
"                1146",1.790383039188e-01,8.860506965902e-03,-1.991990171742e-02,1.792459704607e-01,6.863414168244e-03,-1.983457938048e-02,2.076665419460e-04,-1.997092797659e-03,8.532233693789e-05
"                1147",1.656404335129e-01,9.456828523923e-03,-1.917065124579e-02,1.658445242959e-01,7.466376942672e-03,-1.908342017255e-02,2.040907830485e-04,-1.990451581252e-03,8.723107324284e-05
"                1148",1.531303651231e-01,8.475861258830e-03,-1.850377432030e-02,1.533306843590e-01,6.489945597135e-03,-1.841518739479e-02,2.003192359137e-04,-1.985915661695e-03,8.858692551331e-05
"                1149",1.417800753949e-01,6.808647224169e-03,-1.797825644502e-02,1.419775598478e-01,4.826506113763e-03,-1.788912920357e-02,1.974844528898e-04,-1.982141110406e-03,8.912724145467e-05
"                1150",1.320892353548e-01,5.364130779547e-03,-1.763281269293e-02,1.322868962758e-01,3.383158670037e-03,-1.754433247421e-02,1.976609209780e-04,-1.980972109511e-03,8.848021871309e-05
"                1151",1.245580054959e-01,3.776000659979e-03,-1.748058727472e-02,1.247590358380e-01,1.788340887455e-03,-1.739415946929e-02,2.010303421461e-04,-1.987659772524e-03,8.642780543106e-05
"                1152",1.199239245590e-01,2.325505876758e-03,-1.753070920276e-02,1.201300122675e-01,3.245425325934e-04,-1.744755600987e-02,2.060877085740e-04,-2.000963344165e-03,8.315319288506e-05
"                1153",1.188016815141e-01,1.074255727460e-03,-1.777496543727e-02,1.190145144308e-01,-9.412785081647e-04,-1.769613869693e-02,2.128329167184e-04,-2.015534235624e-03,7.882674034174e-05
"                1154",1.204345264848e-01,4.512267618537e-04,-1.818383709747e-02,1.206597815406e-01,-1.576520121844e-03,-1.811046779246e-02,2.252550557704e-04,-2.027746883698e-03,7.336930500998e-05
"                1155",1.232960739471e-01,3.289727691893e-04,-1.869158121956e-02,1.235397407499e-01,-1.704029833162e-03,-1.862456485289e-02,2.436668028329e-04,-2.033002602351e-03,6.701636667272e-05
"                1156",1.275373505070e-01,1.184152947580e-03,-1.927525021702e-02,1.278032411463e-01,-8.447919194787e-04,-1.921496398112e-02,2.658906392438e-04,-2.028944867059e-03,6.028623589750e-05
"                1157",1.347743356422e-01,1.285871523990e-03,-1.995242442583e-02,1.350597465664e-01,-7.291217386576e-04,-1.989834097445e-02,2.854109242414e-04,-2.014993262648e-03,5.408345137258e-05
"                1158",1.457902469143e-01,2.187409256418e-03,-2.073053636630e-02,1.460930742629e-01,1.917435962109e-04,-2.068182998988e-02,3.028273486340e-04,-1.995665660207e-03,4.870637642295e-05
"                1159",1.586164746653e-01,4.290861358342e-03,-2.154574229974e-02,1.589312375941e-01,2.311033243004e-03,-2.150109856917e-02,3.147629287342e-04,-1.979828115338e-03,4.464373056917e-05
"                1160",1.721491538605e-01,6.700685391188e-03,-2.234352616632e-02,1.724720902955e-01,4.731425470909e-03,-2.230161477130e-02,3.229364350166e-04,-1.969259920279e-03,4.191139502064e-05
"                1161",1.851940130405e-01,8.126507899320e-03,-2.304929147961e-02,1.855242328020e-01,6.164020155768e-03,-2.300903743836e-02,3.302197615161e-04,-1.962487743552e-03,4.025404125157e-05
"                1162",1.974664031051e-01,8.159542261499e-03,-2.361473218764e-02,1.978046971400e-01,6.201512040155e-03,-2.357522656369e-02,3.382940348815e-04,-1.958030221344e-03,3.950562394541e-05
"                1163",2.086978457325e-01,7.485482265700e-03,-2.400926620717e-02,2.090420333074e-01,5.530750281304e-03,-2.396950594596e-02,3.441875749266e-04,-1.954731984396e-03,3.976026121231e-05
"                1164",2.182805923795e-01,6.725034246688e-03,-2.422310149862e-02,2.186247329359e-01,4.769556161363e-03,-2.418190783994e-02,3.441405564482e-04,-1.955478085326e-03,4.119365867918e-05
"                1165",2.255881020745e-01,5.537159014708e-03,-2.426582386417e-02,2.259258580994e-01,3.572016048112e-03,-2.422212737043e-02,3.377560248783e-04,-1.965142966596e-03,4.369649374445e-05
"                1166",2.300711110782e-01,4.828912193432e-03,-2.414515226982e-02,2.303984415062e-01,2.846711601392e-03,-2.409817511277e-02,3.273304279922e-04,-1.982200592040e-03,4.697715705331e-05
"                1167",2.314785578381e-01,5.054413230702e-03,-2.389752727962e-02,2.317908560888e-01,3.053182330461e-03,-2.384667125808e-02,3.122982506705e-04,-2.001230900242e-03,5.085602154133e-05
"                1168",2.303638663763e-01,5.770230210729e-03,-2.353829661201e-02,2.306556197833e-01,3.752846274445e-03,-2.348277559425e-02,2.917534069684e-04,-2.017383936283e-03,5.552101776456e-05
"                1169",2.276627347921e-01,6.212350200791e-03,-2.309916733356e-02,2.279293117495e-01,4.186501616325e-03,-2.303831477890e-02,2.665769574337e-04,-2.025848584465e-03,6.085255465323e-05
"                1170",2.233757284051e-01,6.770246917362e-03,-2.258875637047e-02,2.236150518339e-01,4.745362502374e-03,-2.252216670602e-02,2.393234288564e-04,-2.024884414988e-03,6.658966445465e-05
"                1171",2.158983157388e-01,6.456083223789e-03,-2.197252234886e-02,2.161158479682e-01,4.442640683035e-03,-2.190057786080e-02,2.175322293887e-04,-2.013442540754e-03,7.194448805822e-05
"                1172",2.047711219087e-01,7.020553044601e-03,-2.122910623636e-02,2.049715404790e-01,5.023401325415e-03,-2.115230327019e-02,2.004185702366e-04,-1.997151719186e-03,7.680296616958e-05
"                1173",1.919305891227e-01,8.945343675219e-03,-2.041167383919e-02,1.921230114725e-01,6.960617843431e-03,-2.033110983055e-02,1.924223497678e-04,-1.984725831788e-03,8.056400864016e-05
"                1174",1.784962036704e-01,1.090935074042e-02,-1.957275431402e-02,1.786855670672e-01,8.932669813400e-03,-1.948942354435e-02,1.893633967546e-04,-1.976680927023e-03,8.333076967277e-05
"                1175",1.655703140137e-01,1.095997946697e-02,-1.880060860461e-02,1.657564856673e-01,8.988295761863e-03,-1.871535714718e-02,1.861716536187e-04,-1.971683705112e-03,8.525145743313e-05
"                1176",1.532492592989e-01,9.337623998800e-03,-1.815496544142e-02,1.534298349277e-01,7.369599721731e-03,-1.806874632329e-02,1.805756288038e-04,-1.968024277069e-03,8.621911813137e-05
"                1177",1.419719296314e-01,6.922496623744e-03,-1.768996014648e-02,1.421458872560e-01,4.958281160658e-03,-1.760391645691e-02,1.739576246269e-04,-1.964215463086e-03,8.604368957031e-05
"                1178",1.326106565627e-01,5.003818236901e-03,-1.743770863789e-02,1.327810078443e-01,3.039447104182e-03,-1.735333155929e-02,1.703512816677e-04,-1.964371132719e-03,8.437707860354e-05
"                1179",1.256823400233e-01,3.362455153795e-03,-1.740230844957e-02,1.258524946900e-01,1.390030997037e-03,-1.732098640890e-02,1.701546667895e-04,-1.972424156758e-03,8.132204067149e-05
"                1180",1.219037383693e-01,2.253843952190e-03,-1.758049177297e-02,1.220762991269e-01,2.682369500081e-04,-1.750323074463e-02,1.725607575744e-04,-1.985607002181e-03,7.726102833579e-05
"                1181",1.216546404558e-01,1.736349052191e-03,-1.794158661971e-02,1.218337713830e-01,-2.623350343682e-04,-1.786918649215e-02,1.791309272307e-04,-1.998684086559e-03,7.240012755471e-05
"                1182",1.236733976398e-01,1.609014907793e-03,-1.842423375441e-02,1.238674800756e-01,-3.994305307736e-04,-1.835746851362e-02,1.940824357526e-04,-2.008445438566e-03,6.676524078864e-05
"                1183",1.272150211153e-01,1.687663158620e-03,-1.898325480387e-02,1.274304606501e-01,-3.228372166893e-04,-1.892261618038e-02,2.154395348303e-04,-2.010500375309e-03,6.063862349608e-05
"                1184",1.322091071840e-01,2.212336625512e-03,-1.957972403234e-02,1.324511568862e-01,2.087029527466e-04,-1.952520173700e-02,2.420497022214e-04,-2.003633672765e-03,5.452229533436e-05
"                1185",1.404550702031e-01,2.627502194471e-03,-2.023910418707e-02,1.407190113144e-01,6.398904287351e-04,-2.018987891798e-02,2.639411113223e-04,-1.987611765736e-03,4.922526908898e-05
"                1186",1.519479967182e-01,4.060594078709e-03,-2.096035370390e-02,1.522303495819e-01,2.090813328552e-03,-2.091555636975e-02,2.823528636302e-04,-1.969780750157e-03,4.479733414314e-05
"                1187",1.648250856558e-01,6.370283475889e-03,-2.170096522395e-02,1.651183205295e-01,4.413985187782e-03,-2.165937273947e-02,2.932348737260e-04,-1.956298288106e-03,4.159248448032e-05
"                1188",1.782023508460e-01,8.625452987559e-03,-2.242533131744e-02,1.785004373074e-01,6.678622030529e-03,-2.238587783728e-02,2.980864613808e-04,-1.946830957030e-03,3.945348016333e-05
"                1189",1.910418476600e-01,9.165995428216e-03,-2.307327297876e-02,1.913444225877e-01,7.225223659667e-03,-2.303539670575e-02,3.025749276085e-04,-1.940771768549e-03,3.787627300768e-05
"                1190",2.030826438385e-01,8.519132083720e-03,-2.359552631271e-02,2.033883278844e-01,6.582400964727e-03,-2.355854125084e-02,3.056840458994e-04,-1.936731118993e-03,3.698506187245e-05
"                1191",2.139516107406e-01,7.484346008766e-03,-2.396848931389e-02,2.142570396324e-01,5.550027714019e-03,-2.393150942478e-02,3.054288918525e-04,-1.934318294747e-03,3.697988911384e-05
"                1192",2.229640652514e-01,6.783235121510e-03,-2.418807903871e-02,2.232628036812e-01,4.845690421011e-03,-2.414984710470e-02,2.987384297661e-04,-1.937544700500e-03,3.823193400901e-05
"                1193",2.294419194285e-01,6.167928832241e-03,-2.424980773021e-02,2.297302776149e-01,4.218396878009e-03,-2.420926399841e-02,2.883581864445e-04,-1.949531954232e-03,4.054373179695e-05
"                1194",2.328507558929e-01,5.988896380408e-03,-2.414159966599e-02,2.331276116177e-01,4.022413612216e-03,-2.409782327633e-02,2.768557248441e-04,-1.966482768193e-03,4.377638965355e-05
"                1195",2.331465283334e-01,6.427031955415e-03,-2.387437612007e-02,2.334095663300e-01,4.442997800175e-03,-2.382645905387e-02,2.630379966090e-04,-1.984034155240e-03,4.791706619396e-05
"                1196",2.313189057835e-01,6.839611627726e-03,-2.347160868494e-02,2.315631454712e-01,4.841431387899e-03,-2.341849586391e-02,2.442396876841e-04,-1.998180239827e-03,5.311282102780e-05
"                1197",2.283683968482e-01,7.275083738243e-03,-2.297093048464e-02,2.285890964043e-01,5.270635642554e-03,-2.291184604283e-02,2.206995561271e-04,-2.004448095689e-03,5.908444180836e-05
"                1198",2.237007465965e-01,7.554698525251e-03,-2.236234649720e-02,2.238970610866e-01,5.553339614061e-03,-2.229705096921e-02,1.963144900454e-04,-2.001358911190e-03,6.529552798398e-05
"                1199",2.154652263499e-01,7.674664264751e-03,-2.162340011111e-02,2.156434535194e-01,5.686156349174e-03,-2.155264674022e-02,1.782271694902e-04,-1.988507915577e-03,7.075337088822e-05
"                1200",2.039479606472e-01,8.403379665555e-03,-2.078289211194e-02,2.041113619292e-01,6.429083148111e-03,-2.070752550496e-02,1.634012820303e-04,-1.974296517445e-03,7.536660697621e-05
"                1201",1.911101649523e-01,9.782806643205e-03,-1.991765951973e-02,1.912644956191e-01,7.818914147830e-03,-1.983903328000e-02,1.543306667832e-04,-1.963892495376e-03,7.862623972175e-05
"                1202",1.779176185587e-01,1.082337118321e-02,-1.909208083048e-02,1.780660874112e-01,8.866984582876e-03,-1.901148960497e-02,1.484688524622e-04,-1.956386600331e-03,8.059122550984e-05
"                1203",1.653277751148e-01,1.023866221292e-02,-1.839831759685e-02,1.654678093976e-01,8.287899881812e-03,-1.831670437578e-02,1.400342827328e-04,-1.950762331108e-03,8.161322106792e-05
"                1204",1.534326807128e-01,8.483826551611e-03,-1.789213175321e-02,1.535626282423e-01,6.537859461644e-03,-1.781051708527e-02,1.299475294548e-04,-1.945967089967e-03,8.161466794170e-05
"                1205",1.426391236989e-01,6.401999233063e-03,-1.759888152752e-02,1.427605797856e-01,4.460770143934e-03,-1.751842119346e-02,1.214560867236e-04,-1.941229089129e-03,8.046033405929e-05
"                1206",1.336716843497e-01,4.814799868992e-03,-1.750396597362e-02,1.337900349347e-01,2.872145003721e-03,-1.742587351792e-02,1.183505850893e-04,-1.942654865271e-03,7.809245569753e-05
"                1207",1.273538343815e-01,3.388191165254e-03,-1.759050107772e-02,1.274742211786e-01,1.436401878424e-03,-1.751570230931e-02,1.203867970962e-04,-1.951789286829e-03,7.479876841138e-05
"                1208",1.243482010241e-01,2.301574680345e-03,-1.783641912841e-02,1.244756784100e-01,3.368406773302e-04,-1.776548119600e-02,1.274773858569e-04,-1.964734003015e-03,7.093793241938e-05
"                1209",1.245250742421e-01,2.087702412240e-03,-1.819698481660e-02,1.246670227993e-01,1.108681800529e-04,-1.813056861895e-02,1.419485572006e-04,-1.976834232187e-03,6.641619764501e-05
"                1210",1.267278856323e-01,2.209802172150e-03,-1.861220740046e-02,1.268914782210e-01,2.247628264482e-04,-1.855087439031e-02,1.635925887711e-04,-1.985039345702e-03,6.133301015067e-05
"                1211",1.306261408562e-01,2.702765522301e-03,-1.906707040082e-02,1.308165235643e-01,7.173182414128e-04,-1.901132171329e-02,1.903827080554e-04,-1.985447280888e-03,5.574868752404e-05
"                1212",1.369197151099e-01,2.729954195491e-03,-1.958671469385e-02,1.371360572304e-01,7.529624877104e-04,-1.953647597837e-02,2.163421204681e-04,-1.976991707781e-03,5.023871548260e-05
"                1213",1.467836902943e-01,3.158700464347e-03,-2.021505250009e-02,1.470193658123e-01,1.198629284879e-03,-2.016979291827e-02,2.356755179791e-04,-1.960071179468e-03,4.525958181872e-05
"                1214",1.590573853607e-01,4.559940234095e-03,-2.093310391207e-02,1.593054427875e-01,2.615551486299e-03,-2.089216158228e-02,2.480574268560e-04,-1.944388747797e-03,4.094232979767e-05
"                1215",1.722124747988e-01,6.564388677930e-03,-2.171230630817e-02,1.724653289993e-01,4.631535403520e-03,-2.167482369803e-02,2.528542005007e-04,-1.932853274410e-03,3.748261014030e-05
"                1216",1.852111343869e-01,8.474654152863e-03,-2.250539466690e-02,1.854633064939e-01,6.550318468742e-03,-2.247049485272e-02,2.521721070574e-04,-1.924335684121e-03,3.489981418119e-05
"                1217",1.973655816537e-01,9.315807604718e-03,-2.323447209164e-02,1.976181448921e-01,7.397682615588e-03,-2.320161403611e-02,2.525632384522e-04,-1.918124989130e-03,3.285805553281e-05
"                1218",2.085050546943e-01,9.008322526658e-03,-2.381940790840e-02,2.087571983182e-01,7.094711804113e-03,-2.378757301830e-02,2.521436238879e-04,-1.913610722545e-03,3.183489009491e-05
"                1219",2.183304997584e-01,8.172465126243e-03,-2.421065485933e-02,2.185806930047e-01,6.261276610254e-03,-2.417856482907e-02,2.501932463372e-04,-1.911188515990e-03,3.209003026178e-05
"                1220",2.263637232893e-01,7.199201426968e-03,-2.438896846973e-02,2.266079681603e-01,5.282692733821e-03,-2.435501387209e-02,2.442448709496e-04,-1.916508693147e-03,3.395459764954e-05
"                1221",2.318626203877e-01,6.468931681653e-03,-2.433829184410e-02,2.320999233056e-01,4.538093128423e-03,-2.430120393194e-02,2.373029179175e-04,-1.930838553230e-03,3.708791216770e-05
"                1222",2.346137265289e-01,6.450995816202e-03,-2.407094221803e-02,2.348433628384e-01,4.501722904108e-03,-2.402974814996e-02,2.296363094156e-04,-1.949272912094e-03,4.119406807100e-05
"                1223",2.350176534905e-01,7.165242352521e-03,-2.363645854073e-02,2.352345995334e-01,5.198553725400e-03,-2.359019568682e-02,2.169460429064e-04,-1.966688627121e-03,4.626285391380e-05
"                1224",2.334681642966e-01,7.364910461302e-03,-2.308406326425e-02,2.336671438434e-01,5.385795346204e-03,-2.303204404199e-02,1.989795467747e-04,-1.979115115098e-03,5.201922225629e-05
"                1225",2.305619220116e-01,7.433918156011e-03,-2.248022875843e-02,2.307353929065e-01,5.450539273739e-03,-2.242210695166e-02,1.734708948385e-04,-1.983378882271e-03,5.812180677272e-05
"                1226",2.251778798633e-01,6.774563199549e-03,-2.182348796832e-02,2.253248619733e-01,4.796680366278e-03,-2.175972891496e-02,1.469821100354e-04,-1.977882833271e-03,6.375905335858e-05
"                1227",2.160072710049e-01,6.752950070545e-03,-2.110532641891e-02,2.161314073307e-01,4.789838229296e-03,-2.103701360364e-02,1.241363258138e-04,-1.963111841249e-03,6.831281527679e-05
"                1228",2.040466505250e-01,7.883518530583e-03,-2.037293032854e-02,2.041532404800e-01,5.934004823408e-03,-2.030128210709e-02,1.065899549267e-04,-1.949513707175e-03,7.164822145212e-05
"                1229",1.906851437235e-01,9.516183009161e-03,-1.966146664751e-02,1.907793702449e-01,7.576758271379e-03,-1.958770342109e-02,9.422652134635e-05,-1.939424737783e-03,7.376322641964e-05
"                1230",1.770484523721e-01,1.044891393410e-02,-1.899992628149e-02,1.771342799917e-01,8.517581683801e-03,-1.892501407495e-02,8.582761960120e-05,-1.931332250301e-03,7.491220654188e-05
"                1231",1.640729373685e-01,9.638672191347e-03,-1.843225795537e-02,1.641501771770e-01,7.714072468701e-03,-1.835676438743e-02,7.723980854215e-05,-1.924599722646e-03,7.549356794258e-05
"                1232",1.521771009295e-01,7.636928080842e-03,-1.799759451282e-02,1.522478723158e-01,5.718440627828e-03,-1.792212068686e-02,7.077138626771e-05,-1.918487453014e-03,7.547382596068e-05
"                1233",1.419430777774e-01,5.693042311890e-03,-1.771190601418e-02,1.420122436823e-01,3.778579007783e-03,-1.763729525268e-02,6.916590494163e-05,-1.914463304106e-03,7.461076149821e-05
"                1234",1.339289021385e-01,4.008633815360e-03,-1.756406726312e-02,1.340026870949e-01,2.090058941030e-03,-1.749129326743e-02,7.378495638549e-05,-1.918574874330e-03,7.277399569354e-05
"                1235",1.289471413640e-01,2.877800627999e-03,-1.756027413219e-02,1.290303852365e-01,9.477283052473e-04,-1.749023834889e-02,8.324387246307e-05,-1.930072322752e-03,7.003578330139e-05
"                1236",1.276328530047e-01,2.083779404273e-03,-1.771879479534e-02,1.277267982950e-01,1.396650955066e-04,-1.765214677901e-02,9.394529022644e-05,-1.944114308767e-03,6.664801632752e-05
"                1237",1.291337242525e-01,1.799988840730e-03,-1.803039137855e-02,1.292436501803e-01,-1.562629391267e-04,-1.796822328242e-02,1.099259277810e-04,-1.956251779857e-03,6.216809613349e-05
"                1238",1.322731202337e-01,1.454371698507e-03,-1.845822382494e-02,1.324022432761e-01,-5.081944219071e-04,-1.840147811232e-02,1.291230424237e-04,-1.962566120414e-03,5.674571261415e-05
"                1239",1.365585351916e-01,1.677158923201e-03,-1.898063455186e-02,1.367102081997e-01,-2.831743399565e-04,-1.893012979080e-02,1.516730080533e-04,-1.960333263157e-03,5.050476106303e-05
"                1240",1.432094488590e-01,1.408619514478e-03,-1.963421908340e-02,1.433788106616e-01,-5.399854150604e-04,-1.958979390038e-02,1.693618025213e-04,-1.948604929539e-03,4.442518302079e-05
"                1241",1.531301172213e-01,2.416843795579e-03,-2.043560464147e-02,1.533123794052e-01,4.867057369177e-04,-2.039676149439e-02,1.822621839645e-04,-1.930138058662e-03,3.884314707907e-05
"                1242",1.648376556054e-01,4.832768206484e-03,-2.130854115674e-02,1.650266641376e-01,2.918268675497e-03,-2.127425702169e-02,1.890085322713e-04,-1.914499530987e-03,3.428413504961e-05
"                1243",1.774874271683e-01,7.266744637811e-03,-2.218034387302e-02,1.776795949641e-01,5.363689027955e-03,-2.214942488447e-02,1.921677958568e-04,-1.903055609856e-03,3.091898854771e-05
"                1244",1.899762678581e-01,8.820755589166e-03,-2.296610587917e-02,1.901711392940e-01,6.926232520873e-03,-2.293735210287e-02,1.948714359094e-04,-1.894523068294e-03,2.875377630183e-05
"                1245",2.019042498271e-01,9.129726230110e-03,-2.358718096861e-02,2.021047573682e-01,7.241197869190e-03,-2.355954457595e-02,2.005075410738e-04,-1.888528360921e-03,2.763639266048e-05
"                1246",2.129619658559e-01,8.581473267032e-03,-2.398151984458e-02,2.131678116155e-01,6.696947888247e-03,-2.395376068934e-02,2.058457595938e-04,-1.884525378785e-03,2.775915523997e-05
"                1247",2.227488570325e-01,7.955846898778e-03,-2.414258907833e-02,2.229562993651e-01,6.071582025322e-03,-2.411330583934e-02,2.074423325889e-04,-1.884264873455e-03,2.928323899107e-05
"                1248",2.306130639972e-01,6.924135839764e-03,-2.410238661917e-02,2.308169109919e-01,5.031315752342e-03,-2.407032245682e-02,2.038469946326e-04,-1.892820087422e-03,3.206416234507e-05
"                1249",2.358277979577e-01,6.059026420779e-03,-2.389595260261e-02,2.360239176445e-01,4.149391442384e-03,-2.386028880881e-02,1.961196868068e-04,-1.909634978395e-03,3.566379380281e-05
"                1250",2.380673004796e-01,5.718189140076e-03,-2.357061434316e-02,2.382508682616e-01,3.789302051398e-03,-2.353094394399e-02,1.835677819551e-04,-1.928887088678e-03,3.967039917183e-05
"                1251",2.376729070082e-01,5.776255437745e-03,-2.316047486459e-02,2.378367749774e-01,3.830734463173e-03,-2.311629107401e-02,1.638679692174e-04,-1.945520974571e-03,4.418379057477e-05
"                1252",2.353830618028e-01,5.594574509914e-03,-2.271339030522e-02,2.355215593653e-01,3.639119864727e-03,-2.266435339715e-02,1.384975624927e-04,-1.955454645187e-03,4.903690806470e-05
"                1253",2.313542809242e-01,5.899852843285e-03,-2.225066054782e-02,2.314619872569e-01,3.943477129543e-03,-2.219660879023e-02,1.077063327091e-04,-1.956375713742e-03,5.405175758265e-05
"                1254",2.242082836785e-01,5.518926857761e-03,-2.172889771077e-02,2.242884845532e-01,3.572205697435e-03,-2.167035952878e-02,8.020087477701e-05,-1.946721160326e-03,5.853818199612e-05
"                1255",2.133486553146e-01,5.966851219934e-03,-2.109479418924e-02,2.134063721377e-01,4.037219118560e-03,-2.103230528195e-02,5.771682304918e-05,-1.929632101374e-03,6.248890728566e-05
"                1256",2.006647507206e-01,7.541563008566e-03,-2.038066281372e-02,2.007101595428e-01,5.626249739644e-03,-2.031506029334e-02,4.540882225912e-05,-1.915313268922e-03,6.560252037509e-05
"                1257",1.873770002121e-01,9.205540161489e-03,-1.961574633121e-02,1.874170011067e-01,7.300651732670e-03,-1.954769183582e-02,4.000089465490e-05,-1.904888428818e-03,6.805449538997e-05
"                1258",1.747061011210e-01,9.297303082469e-03,-1.885906807335e-02,1.747434807001e-01,7.399932560839e-03,-1.878909499681e-02,3.737957912716e-05,-1.897370521631e-03,6.997307653881e-05
"                1259",1.628671104322e-01,7.992321718490e-03,-1.817716093054e-02,1.629017145773e-01,6.100782320192e-03,-1.810585949237e-02,3.460414517359e-05,-1.891539398298e-03,7.130143817365e-05
"                1260",1.520538492479e-01,6.008573723975e-03,-1.764053715674e-02,1.520859114675e-01,4.122489283777e-03,-1.756874364546e-02,3.206221966966e-05,-1.886084440197e-03,7.179351127667e-05
"                1261",1.428115090399e-01,4.235970922359e-03,-1.730443491242e-02,1.428439728957e-01,2.351516249331e-03,-1.723347801033e-02,3.246385584381e-05,-1.884454673028e-03,7.095690209312e-05
"                1262",1.357951964572e-01,2.344348840005e-03,-1.718816052488e-02,1.358306004370e-01,4.533830417559e-04,-1.711949874590e-02,3.540397987983e-05,-1.890965798249e-03,6.866177897910e-05
"                1263",1.317000165904e-01,8.537216854911e-04,-1.729838405229e-02,1.317402695929e-01,-1.050135880586e-03,-1.723330613993e-02,4.025300256866e-05,-1.903857566077e-03,6.507791236536e-05
"                1264",1.313648557282e-01,-2.016739003707e-04,-1.765145029412e-02,1.314094100659e-01,-2.119233192738e-03,-1.759089076498e-02,4.455433769325e-05,-1.917559292368e-03,6.055952914347e-05
"                1265",1.328466509104e-01,-4.558057474746e-04,-1.816747651925e-02,1.329029584751e-01,-2.384191215031e-03,-1.811261176316e-02,5.630756470222e-05,-1.928385467556e-03,5.486475609641e-05
"                1266",1.354532322137e-01,-1.675566881474e-04,-1.877772804426e-02,1.355260539496e-01,-2.099140824125e-03,-1.872925492893e-02,7.282173583277e-05,-1.931584135977e-03,4.847311532817e-05
"                1267",1.394944759288e-01,6.049273862594e-04,-1.943186832522e-02,1.395882376961e-01,-1.320477712577e-03,-1.938993749786e-02,9.376176724933e-05,-1.925405098836e-03,4.193082735687e-05
"                1268",1.467621680239e-01,6.700123300760e-04,-2.014410034805e-02,1.468742308220e-01,-1.239384966392e-03,-2.010779420458e-02,1.120627981013e-04,-1.909397296468e-03,3.630614347647e-05
"                1269",1.575474003334e-01,1.783892113252e-03,-2.090484406161e-02,1.576769578985e-01,-1.063723601496e-04,-2.087314374051e-02,1.295575650738e-04,-1.890264473402e-03,3.170032109423e-05
"                1270",1.699620288347e-01,4.257112612038e-03,-2.164040520174e-02,1.701030172727e-01,2.381885614842e-03,-2.161181086151e-02,1.409884379870e-04,-1.875226997196e-03,2.859434022519e-05
"                1271",1.831333445594e-01,7.040611150586e-03,-2.231654952911e-02,1.832813906593e-01,5.176002461906e-03,-2.228981061896e-02,1.480460999552e-04,-1.864608688680e-03,2.673891015112e-05
"                1272",1.959345341708e-01,8.233395501577e-03,-2.289046844932e-02,1.960894476582e-01,6.375725098421e-03,-2.286481725245e-02,1.549134874439e-04,-1.857670403156e-03,2.565119687011e-05
"                1273",2.080131336096e-01,7.994969126550e-03,-2.334249180697e-02,2.081740303611e-01,6.142072939070e-03,-2.331728882104e-02,1.608967514375e-04,-1.852896187480e-03,2.520298593373e-05
"                1274",2.189278809011e-01,6.830112687140e-03,-2.365206880503e-02,2.190905148700e-01,4.980297893649e-03,-2.362662191533e-02,1.626339688749e-04,-1.849814793491e-03,2.544688970291e-05
"                1275",2.280896086217e-01,5.616504092568e-03,-2.381827093890e-02,2.282461657389e-01,3.764633671755e-03,-2.379168469353e-02,1.565571171925e-04,-1.851870420814e-03,2.658624537143e-05
"                1276",2.348209179975e-01,4.185655877986e-03,-2.386163081148e-02,2.349654577909e-01,2.322624566465e-03,-2.383308082676e-02,1.445397934103e-04,-1.863031311522e-03,2.854998472772e-05
"                1277",2.386217421168e-01,3.272818790901e-03,-2.378250078136e-02,2.387515756841e-01,1.392887798353e-03,-2.375137171711e-02,1.298335673401e-04,-1.879930992548e-03,3.112906424453e-05
"                1278",2.392738895489e-01,3.256507109874e-03,-2.358652746652e-02,2.393864045054e-01,1.358987561236e-03,-2.355216931529e-02,1.125149565105e-04,-1.897519548638e-03,3.435815122788e-05
"                1279",2.376494965151e-01,3.581568694432e-03,-2.326377745216e-02,2.377406283068e-01,1.670042839138e-03,-2.322526480961e-02,9.113179172487e-05,-1.911525855294e-03,3.851264255141e-05
"                1280",2.348490231549e-01,3.854259435769e-03,-2.284619260884e-02,2.349145005881e-01,1.936618166464e-03,-2.280261204809e-02,6.547743316817e-05,-1.917641269305e-03,4.358056074802e-05
"                1281",2.300791621881e-01,4.148099818810e-03,-2.230174831723e-02,2.301201385808e-01,2.233680118107e-03,-2.225261372061e-02,4.097639266496e-05,-1.914419700703e-03,4.913459661500e-05
"                1282",2.222563457861e-01,4.101896131267e-03,-2.160945935677e-02,2.222787913907e-01,2.200829202011e-03,-2.155505814998e-02,2.244560460952e-05,-1.901066929256e-03,5.440120679407e-05
"                1283",2.113820702506e-01,4.727044140999e-03,-2.077408072168e-02,2.113905405380e-01,2.842380110214e-03,-2.071488619656e-02,8.470287372621e-06,-1.884664030785e-03,5.919452512463e-05
"                1284",1.992619196484e-01,6.299590983062e-03,-1.987452539541e-02,1.992639350497e-01,4.427309074870e-03,-1.981159526797e-02,2.015401244187e-06,-1.872281908192e-03,6.293012744020e-05
"                1285",1.865974390487e-01,7.723985535815e-03,-1.899463903991e-02,1.865970756145e-01,5.861022551038e-03,-1.892913289684e-02,-3.634342421541e-07,-1.862962984778e-03,6.550614307824e-05
"                1286",1.742811474426e-01,7.357774934636e-03,-1.823325152657e-02,1.742754446252e-01,5.501722475925e-03,-1.816613498872e-02,-5.702817413833e-06,-1.856052458711e-03,6.711653785002e-05
"                1287",1.625838495703e-01,5.452778639924e-03,-1.765849041094e-02,1.625694512427e-01,3.602154452098e-03,-1.759092498409e-02,-1.439832766069e-05,-1.850624187826e-03,6.756542685522e-05
"                1288",1.518852751848e-01,2.811779696106e-03,-1.732175043418e-02,1.518618591036e-01,9.662491136830e-04,-1.725504395452e-02,-2.341608125950e-05,-1.845530582423e-03,6.670647966161e-05
"                1289",1.428727876644e-01,7.398063335629e-04,-1.722997808606e-02,1.428447800192e-01,-1.106173288854e-03,-1.716561416835e-02,-2.800764519628e-05,-1.845979622417e-03,6.436391771362e-05
"                1290",1.361685024088e-01,-9.270966216306e-04,-1.735411810114e-02,1.361401488678e-01,-2.781614782540e-03,-1.729324523325e-02,-2.835354100447e-05,-1.854518160910e-03,6.087286789442e-05
"                1291",1.327724488717e-01,-1.978304310288e-03,-1.765888701677e-02,1.327470685475e-01,-3.845664896679e-03,-1.760220064361e-02,-2.538032419371e-05,-1.867360586391e-03,5.668637316206e-05
"                1292",1.326600186473e-01,-2.181371899276e-03,-1.808745921493e-02,1.326441207269e-01,-4.060774185270e-03,-1.803549875054e-02,-1.589792037165e-05,-1.879402285994e-03,5.196046439850e-05
"                1293",1.344534220839e-01,-2.080943434713e-03,-1.857081301467e-02,1.344559932083e-01,-3.968567729858e-03,-1.852402827224e-02,2.571124445966e-06,-1.887624295145e-03,4.678474243488e-05
"                1294",1.376647979146e-01,-1.665194488041e-03,-1.906210209684e-02,1.376925857995e-01,-3.553308265521e-03,-1.902071191708e-02,2.778788498468e-05,-1.888113777481e-03,4.139017975964e-05
"                1295",1.429103918276e-01,-1.300914025169e-03,-1.955320299692e-02,1.429659901403e-01,-3.180946532205e-03,-1.951700867108e-02,5.559831276332e-05,-1.880032507036e-03,3.619432583939e-05
"                1296",1.518680477017e-01,-6.661025499568e-04,-2.010344198384e-02,1.519456226661e-01,-2.529255983430e-03,-2.007165823368e-02,7.757496433715e-05,-1.863153433473e-03,3.178375015360e-05
"                1297",1.636220516344e-01,1.001062587100e-03,-2.073173269098e-02,1.637164212800e-01,-8.452003367176e-04,-2.070367369766e-02,9.436964556607e-05,-1.846262923818e-03,2.805899331815e-05
"                1298",1.764336599532e-01,3.174212823261e-03,-2.141970225664e-02,1.765362481800e-01,1.340688669271e-03,-2.139450667118e-02,1.025882267812e-04,-1.833524153990e-03,2.519558545957e-05
"                1299",1.894886165514e-01,5.003908196990e-03,-2.213005420311e-02,1.895918692420e-01,3.179729901656e-03,-2.210707892930e-02,1.032526906139e-04,-1.824178295334e-03,2.297527380919e-05
"                1300",2.019105758649e-01,5.460067502582e-03,-2.280117689413e-02,2.020134696189e-01,3.642534594690e-03,-2.278019363304e-02,1.028937539640e-04,-1.817532907892e-03,2.098326108363e-05
"                1301",2.131911211825e-01,4.688290925927e-03,-2.337873000070e-02,2.132916743603e-01,2.875613477761e-03,-2.335915724887e-02,1.005531778323e-04,-1.812677448166e-03,1.957275182577e-05
"                1302",2.228942112069e-01,3.399640092770e-03,-2.381274143487e-02,2.229899216286e-01,1.590175706372e-03,-2.379365800493e-02,9.571042167790e-05,-1.809464386398e-03,1.908342994411e-05
"                1303",2.307278752057e-01,2.293953142278e-03,-2.406898272434e-02,2.308143438867e-01,4.812438907716e-04,-2.404905350168e-02,8.646868101018e-05,-1.812709251506e-03,1.992922266357e-05
"                1304",2.362794661793e-01,1.262955310139e-03,-2.411920523079e-02,2.363557217027e-01,-5.615180384862e-04,-2.409716502792e-02,7.625552347350e-05,-1.824473348625e-03,2.204020286970e-05
"                1305",2.390221574912e-01,7.392990750361e-04,-2.395164688075e-02,2.390892530714e-01,-1.101083322083e-03,-2.392638628861e-02,6.709558014007e-05,-1.840382397119e-03,2.526059214303e-05
"                1306",2.391076756361e-01,1.110710162855e-03,-2.358128123492e-02,2.391638929970e-01,-7.450400696462e-04,-2.355161831342e-02,5.621736098001e-05,-1.855750232502e-03,2.966292150378e-05
"                1307",2.375182318808e-01,1.369600798846e-03,-2.304433945840e-02,2.375592588481e-01,-4.974107189433e-04,-2.300920113501e-02,4.102696730354e-05,-1.867011517789e-03,3.513832338857e-05
"                1308",2.349349379657e-01,1.717209582921e-03,-2.240977546591e-02,2.349551166548e-01,-1.534596634421e-04,-2.236846645081e-02,2.017868906701e-05,-1.870669246363e-03,4.130901509929e-05
"                1309",2.301554286350e-01,1.576098111151e-03,-2.169648548751e-02,2.301537602517e-01,-2.888668254540e-04,-2.164911978613e-02,-1.668383262326e-06,-1.864964936605e-03,4.736570138047e-05
"                1310",2.216694880288e-01,1.618006259715e-03,-2.091069201793e-02,2.216494720341e-01,-2.317387138629e-04,-2.085822440299e-02,-2.001599467256e-05,-1.849744973578e-03,5.246761494416e-05
"                1311",2.103769136286e-01,2.338826879971e-03,-2.010350901769e-02,2.103410103601e-01,5.039700098233e-04,-2.004718960919e-02,-3.590326852728e-05,-1.834856870147e-03,5.631940849622e-05
"                1312",1.979358560166e-01,3.525181463626e-03,-1.933720415422e-02,1.978876549061e-01,1.701459724270e-03,-1.927849014636e-02,-4.820111046578e-05,-1.823721739356e-03,5.871400785645e-05
"                1313",1.851212758827e-01,4.203371271039e-03,-1.867309654323e-02,1.850633799555e-01,2.388391270140e-03,-1.861327685237e-02,-5.789592723167e-05,-1.814980000899e-03,5.981969086128e-05
"                1314",1.726352036157e-01,3.315869928567e-03,-1.815767606768e-02,1.725660389675e-01,1.508101421053e-03,-1.809753313498e-02,-6.916464814913e-05,-1.807768507514e-03,6.014293270158e-05
"                1315",1.607157747583e-01,1.410427361691e-03,-1.780128772905e-02,1.606366930519e-01,-3.906347427678e-04,-1.774165644270e-02,-7.908170640818e-05,-1.801062104459e-03,5.963128635173e-05
"                1316",1.501468204796e-01,-6.067941605963e-04,-1.759806594890e-02,1.500622945752e-01,-2.401892371967e-03,-1.753976236373e-02,-8.452590435559e-05,-1.795098211371e-03,5.830358516969e-05
"                1317",1.416044044561e-01,-2.295955797685e-03,-1.753194240684e-02,1.415223790057e-01,-4.092503692727e-03,-1.747579740549e-02,-8.202545044770e-05,-1.796547895042e-03,5.614500134981e-05
"                1318",1.360673173241e-01,-3.570735913996e-03,-1.759889488798e-02,1.359930815083e-01,-5.376387781439e-03,-1.754543446867e-02,-7.423581579958e-05,-1.805651867443e-03,5.346041931083e-05
"                1319",1.339587732755e-01,-4.360455735544e-03,-1.777097985760e-02,1.338972143660e-01,-6.178595437466e-03,-1.772062109050e-02,-6.155890954827e-05,-1.818139701923e-03,5.035876710307e-05
"                1320",1.349595725860e-01,-4.276464186653e-03,-1.803945258762e-02,1.349154351308e-01,-6.105826420484e-03,-1.799289441017e-02,-4.413745526373e-05,-1.829362233832e-03,4.655817745008e-05
"                1321",1.377218724070e-01,-3.991232157354e-03,-1.837131044430e-02,1.377000955563e-01,-5.826905366007e-03,-1.832928287201e-02,-2.177685064324e-05,-1.835673208653e-03,4.202757229623e-05
"                1322",1.417703753887e-01,-3.553728327219e-03,-1.878126017465e-02,1.417741754728e-01,-5.387705446301e-03,-1.874446732321e-02,3.800084126417e-06,-1.833977119081e-03,3.679285143923e-05
"                1323",1.481415974451e-01,-4.046968438352e-03,-1.930698185406e-02,1.481668103004e-01,-5.869899771450e-03,-1.927556222290e-02,2.521285531035e-05,-1.822931333098e-03,3.141963116252e-05
"                1324",1.578475734609e-01,-3.595978387629e-03,-1.999106476795e-02,1.578872530580e-01,-5.400294235466e-03,-1.996483274749e-02,3.967959711404e-05,-1.804315847836e-03,2.623202046565e-05
"                1325",1.693105721208e-01,-1.796426956389e-03,-2.080154660355e-02,1.693566715273e-01,-3.584508397615e-03,-2.077993208936e-02,4.609940647754e-05,-1.788081441226e-03,2.161451418050e-05
"                1326",1.814622325771e-01,3.001440067223e-04,-2.168439448623e-02,1.815087721057e-01,-1.475813348443e-03,-2.166657495173e-02,4.653952861121e-05,-1.775957355165e-03,1.781953449244e-05
"                1327",1.935288517458e-01,1.857997377154e-03,-2.254759404549e-02,1.935731794870e-01,9.154791122152e-05,-2.253266964694e-02,4.432774115425e-05,-1.766449465933e-03,1.492439854223e-05
"                1328",2.051736943578e-01,2.196765232739e-03,-2.328532866136e-02,2.052187825617e-01,4.375746336788e-04,-2.327249546889e-02,4.508820387804e-05,-1.759190599060e-03,1.283319247258e-05
"                1329",2.158320507298e-01,1.512604682361e-03,-2.381104667039e-02,2.158793701201e-01,-2.405186938740e-04,-2.379902664838e-02,4.731939033981e-05,-1.753123376235e-03,1.202002200463e-05
"                1330",2.250236525599e-01,5.580459872334e-04,-2.408060737139e-02,2.250725615363e-01,-1.191643894794e-03,-2.406782292481e-02,4.890897633471e-05,-1.749689882028e-03,1.278444658449e-05
"                1331",2.322961023251e-01,-7.378164812586e-04,-2.408570925135e-02,2.323445807929e-01,-2.492324284602e-03,-2.407060049121e-02,4.847846779713e-05,-1.754507803344e-03,1.510876014471e-05
"                1332",2.374104713214e-01,-1.695914737326e-03,-2.385210109178e-02,2.374555471108e-01,-3.463760674817e-03,-2.383344517925e-02,4.507578940220e-05,-1.767845937492e-03,1.865591252481e-05
"                1333",2.399988621495e-01,-1.937188024474e-03,-2.344137176268e-02,2.400379881473e-01,-3.721522328956e-03,-2.341846018125e-02,3.912599782175e-05,-1.784334304482e-03,2.291158143471e-05
"                1334",2.399821378546e-01,-1.604659856916e-03,-2.291777680625e-02,2.400085537291e-01,-3.403621372138e-03,-2.288986984194e-02,2.641587456675e-05,-1.798961515222e-03,2.790696431422e-05
"                1335",2.383863866190e-01,-1.826217202957e-03,-2.236405441701e-02,2.383918754851e-01,-3.634393393444e-03,-2.233086449517e-02,5.488866089812e-06,-1.808176190487e-03,3.318992183658e-05
"                1336",2.353414168524e-01,-1.825977763922e-03,-2.181536901380e-02,2.353188880014e-01,-3.635278188378e-03,-2.177691651162e-02,-2.252885096187e-05,-1.809300424457e-03,3.845250217863e-05
"                1337",2.294637999603e-01,-2.655457371279e-03,-2.126449609280e-02,2.294134397776e-01,-4.455876707924e-03,-2.122155250095e-02,-5.036018272605e-05,-1.800419336645e-03,4.294359185115e-05
"                1338",2.195852387344e-01,-2.630411873831e-03,-2.068716479817e-02,2.195092784494e-01,-4.413716145712e-03,-2.064058267098e-02,-7.596028504167e-05,-1.783304271881e-03,4.658212719508e-05
"                1339",2.071976388592e-01,-1.304226248109e-03,-2.009337159500e-02,2.071035243414e-01,-3.072744057965e-03,-2.004423198502e-02,-9.411451780412e-05,-1.768517809856e-03,4.913960998782e-05
"                1340",1.936943381672e-01,3.942848668430e-04,-1.947495466014e-02,1.935881879064e-01,-1.362917003577e-03,-1.942409776460e-02,-1.061502608628e-04,-1.757201870420e-03,5.085689554364e-05
"                1341",1.804058817936e-01,1.165743982575e-03,-1.886176617033e-02,1.802927458239e-01,-5.822255056776e-04,-1.880968915484e-02,-1.131359696962e-04,-1.747969488253e-03,5.207701548631e-05
"                1342",1.680228707646e-01,1.077506713543e-04,-1.829132822420e-02,1.679046081580e-01,-1.632540525250e-03,-1.823820691714e-02,-1.182626066209e-04,-1.740291196604e-03,5.312130706049e-05
"                1343",1.569280501366e-01,-1.853763529624e-03,-1.780532162933e-02,1.568071358033e-01,-3.586514723813e-03,-1.775152700057e-02,-1.209143332371e-04,-1.732751194189e-03,5.379462876257e-05
"                1344",1.477968469747e-01,-3.450351234122e-03,-1.742955726305e-02,1.476803760042e-01,-5.178919543590e-03,-1.737604104643e-02,-1.164709705969e-04,-1.728568309469e-03,5.351621661765e-05
"                1345",1.409575141408e-01,-4.902790715278e-03,-1.719910474260e-02,1.408497835186e-01,-6.635448888775e-03,-1.714693280216e-02,-1.077306221814e-04,-1.732658173497e-03,5.217194043247e-05
"                1346",1.369098906851e-01,-5.852824482453e-03,-1.715978730628e-02,1.368123811947e-01,-7.596748924671e-03,-1.710996260356e-02,-9.750949043849e-05,-1.743924442218e-03,4.982470271278e-05
"                1347",1.360502392389e-01,-6.521205765985e-03,-1.733044361824e-02,1.359636165886e-01,-8.277873357036e-03,-1.728405610867e-02,-8.662265033339e-05,-1.756667591051e-03,4.638750957158e-05
"                1348",1.377193110482e-01,-6.920907954175e-03,-1.770728649057e-02,1.376459133079e-01,-8.688455538310e-03,-1.766568838022e-02,-7.339774035464e-05,-1.767547584135e-03,4.159811034628e-05
"                1349",1.409489696145e-01,-7.277920687969e-03,-1.825949866954e-02,1.408906295640e-01,-9.049804715291e-03,-1.822382140351e-02,-5.834005058563e-05,-1.771884027323e-03,3.567726603012e-05
"                1350",1.448805684064e-01,-6.833871208258e-03,-1.893746464426e-02,1.448405177272e-01,-8.601039186874e-03,-1.890844223595e-02,-4.005067910938e-05,-1.767167978616e-03,2.902240830588e-05
"                1351",1.510560266597e-01,-6.957170977607e-03,-1.973276484226e-02,1.510303250067e-01,-8.709203668155e-03,-1.971003857368e-02,-2.570165308433e-05,-1.752032690548e-03,2.272626857881e-05
"                1352",1.605524243918e-01,-5.936852428427e-03,-2.061717632268e-02,1.605387479647e-01,-7.668774028422e-03,-2.060004142594e-02,-1.367642709303e-05,-1.731921599995e-03,1.713489674256e-05
"                1353",1.717997899159e-01,-3.633838621415e-03,-2.149387287883e-02,1.717931204808e-01,-5.348988366086e-03,-2.148089338080e-02,-6.669435162646e-06,-1.715149744671e-03,1.297949803333e-05
"                1354",1.839618137184e-01,-1.351325825254e-03,-2.229023910535e-02,1.839606283351e-01,-3.054596655574e-03,-2.227990376016e-02,-1.185383267914e-06,-1.703270830319e-03,1.033534518029e-05
"                1355",1.960390873776e-01,-1.099016215207e-04,-2.293041467887e-02,1.960458575644e-01,-1.805020896327e-03,-2.292151722419e-02,6.770186791575e-06,-1.695119274806e-03,8.897454677559e-06
"                1356",2.079098414922e-01,-1.492384630453e-04,-2.335894502204e-02,2.079271474884e-01,-1.838350176322e-03,-2.335042109057e-02,1.730599617328e-05,-1.689111713277e-03,8.523931470973e-06
"                1357",2.192201525763e-01,-1.105506253634e-03,-2.356632641683e-02,2.192461587704e-01,-2.789809686293e-03,-2.355712564685e-02,2.600619409716e-05,-1.684303432660e-03,9.200769978923e-06
"                1358",2.290577565883e-01,-2.200205410226e-03,-2.358721611958e-02,2.290864824033e-01,-3.883817835145e-03,-2.357616786945e-02,2.872581491177e-05,-1.683612424919e-03,1.104825012582e-05
"                1359",2.365451451614e-01,-3.825509251758e-03,-2.347585997394e-02,2.365700575190e-01,-5.517126112637e-03,-2.346217793289e-02,2.491235760192e-05,-1.691616860879e-03,1.368204105694e-05
"                1360",2.410674761148e-01,-5.224802097597e-03,-2.326424225996e-02,2.410833881320e-01,-6.931383292384e-03,-2.324757164425e-02,1.591201719345e-05,-1.706581194787e-03,1.667061571178e-05
"                1361",2.422384946115e-01,-5.933353409056e-03,-2.298853041976e-02,2.422398572473e-01,-7.656679595081e-03,-2.296869260087e-02,1.362635741573e-06,-1.723326186026e-03,1.983781888682e-05
"                1362",2.407988933174e-01,-6.142354896244e-03,-2.268881275365e-02,2.407773329347e-01,-7.879553971406e-03,-2.266530660283e-02,-2.156038268180e-05,-1.737199075161e-03,2.350615081507e-05
"                1363",2.378579754706e-01,-6.232783295346e-03,-2.239012356223e-02,2.378069939373e-01,-7.976214168419e-03,-2.236246792819e-02,-5.098153337683e-05,-1.743430873074e-03,2.765563404334e-05
"                1364",2.333238431681e-01,-5.892049518000e-03,-2.204775532989e-02,2.332410937892e-01,-7.632772201348e-03,-2.201563906117e-02,-8.274937892964e-05,-1.740722683348e-03,3.211626871853e-05
"                1365",2.255799147143e-01,-6.064666785608e-03,-2.156806737770e-02,2.254726262269e-01,-7.792095895418e-03,-2.153178019160e-02,-1.072884873610e-04,-1.727429109810e-03,3.628718610083e-05
"                1366",2.144328915336e-01,-5.363635845573e-03,-2.090739042862e-02,2.143069276001e-01,-7.073121122522e-03,-2.086697484166e-02,-1.259639334747e-04,-1.709485276949e-03,4.041558696030e-05
"                1367",2.019085924656e-01,-3.420606724163e-03,-2.011269604806e-02,2.017746628718e-01,-5.115822285865e-03,-2.006873341879e-02,-1.339295938016e-04,-1.695215561702e-03,4.396262927707e-05
"                1368",1.892544969681e-01,-1.511193450781e-03,-1.923285784978e-02,1.891195291716e-01,-3.196061577165e-03,-1.918587657530e-02,-1.349677964324e-04,-1.684868126384e-03,4.698127447238e-05
"                1369",1.774878797715e-01,-1.207483921799e-03,-1.837093174571e-02,1.773528584618e-01,-2.885092615200e-03,-1.832146183273e-02,-1.350213097616e-04,-1.677608693401e-03,4.946991297983e-05
"                1370",1.664372159381e-01,-2.310447152272e-03,-1.762426575454e-02,1.663006658881e-01,-3.982229301948e-03,-1.757301151069e-02,-1.365500500078e-04,-1.671782149676e-03,5.125424385444e-05
"                1371",1.563033796773e-01,-4.345811790092e-03,-1.708976914981e-02,1.561646761290e-01,-6.011656318336e-03,-1.703792578734e-02,-1.387035482300e-04,-1.665844528245e-03,5.184336246773e-05
"                1372",1.478361206893e-01,-6.091040540277e-03,-1.682116786469e-02,1.476972204262e-01,-7.755642349206e-03,-1.677044181436e-02,-1.389002631735e-04,-1.664601808930e-03,5.072605033061e-05
"                1373",1.417174000229e-01,-7.831168756280e-03,-1.683802191271e-02,1.415784572996e-01,-9.503008703473e-03,-1.679003625953e-02,-1.389427232962e-04,-1.671839947193e-03,4.798565317611e-05
"                1374",1.383556812249e-01,-9.117736296353e-03,-1.714247626127e-02,1.382167227522e-01,-1.080195003629e-02,-1.709848516493e-02,-1.389584726917e-04,-1.684213739940e-03,4.399109634081e-05
"                1375",1.375820914499e-01,-9.477440296134e-03,-1.767105652027e-02,1.374469497011e-01,-1.117373016911e-02,-1.763212300983e-02,-1.351417488109e-04,-1.696289872978e-03,3.893351044108e-05
"                1376",1.383700141978e-01,-9.142885624200e-03,-1.831915060027e-02,1.382454808221e-01,-1.084769921437e-02,-1.828612696142e-02,-1.245333756624e-04,-1.704813590168e-03,3.302363884883e-05
"                1377",1.403912310097e-01,-8.720420059099e-03,-1.898654080574e-02,1.402852532098e-01,-1.042595671865e-02,-1.895986842757e-02,-1.059777999009e-04,-1.705536659551e-03,2.667237817072e-05
"                1378",1.440962120793e-01,-8.325166604273e-03,-1.962659971630e-02,1.440146116606e-01,-1.002237254383e-02,-1.960593114714e-02,-8.160041870621e-05,-1.697205939561e-03,2.066856916362e-05
"                1379",1.514741642290e-01,-8.063919644091e-03,-2.026880356272e-02,1.514136443094e-01,-9.743775641884e-03,-2.025292903625e-02,-6.051991962680e-05,-1.679855997793e-03,1.587452646960e-05
"                1380",1.624240961639e-01,-6.533010959650e-03,-2.088851288295e-02,1.623835690563e-01,-8.194802291664e-03,-2.087625478735e-02,-4.052710759408e-05,-1.661791332014e-03,1.225809559144e-05
"                1381",1.752073293667e-01,-3.972168470256e-03,-2.144921577779e-02,1.751811944645e-01,-5.620564666670e-03,-2.143924474077e-02,-2.613490217025e-05,-1.648396196414e-03,9.971037018233e-06
"                1382",1.888163128193e-01,-1.614715349369e-03,-2.196957507165e-02,1.887988665399e-01,-3.253670299806e-03,-2.196079537609e-02,-1.744627942465e-05,-1.638954950437e-03,8.779695559358e-06
"                1383",2.019800844525e-01,-9.260971234539e-04,-2.244314322203e-02,2.019707092002e-01,-2.558458052182e-03,-2.243517997162e-02,-9.375252281129e-06,-1.632360928728e-03,7.963250405557e-06
"                1384",2.140595714224e-01,-1.940084982230e-03,-2.284734939215e-02,2.140552752716e-01,-3.567599386942e-03,-2.283992739970e-02,-4.296150886943e-06,-1.627514404712e-03,7.421992445376e-06
"                1385",2.247309664795e-01,-3.908401164701e-03,-2.316597933270e-02,2.247273156360e-01,-5.532586399339e-03,-2.315874087945e-02,-3.650843456801e-06,-1.624185234638e-03,7.238453247219e-06
"                1386",2.332556440722e-01,-5.709512786751e-03,-2.340923075785e-02,2.332450021348e-01,-7.335930349352e-03,-2.340142337552e-02,-1.064193743516e-05,-1.626417562601e-03,7.807382326968e-06
"                1387",2.389047305671e-01,-7.329717484286e-03,-2.356349314201e-02,2.388829996596e-01,-8.966649024177e-03,-2.355443994634e-02,-2.173090753110e-05,-1.636931539891e-03,9.053195667587e-06
"                1388",2.414087835174e-01,-8.174301131874e-03,-2.358533468641e-02,2.413739570224e-01,-9.826058792652e-03,-2.357431910727e-02,-3.482649499525e-05,-1.651757660778e-03,1.101557914160e-05
"                1389",2.411299075782e-01,-8.120466079919e-03,-2.344915284904e-02,2.410787417374e-01,-9.786931782664e-03,-2.343525847452e-02,-5.116584084388e-05,-1.666465702745e-03,1.389437451457e-05
"                1390",2.389337821411e-01,-8.052261252629e-03,-2.313519636188e-02,2.388632610558e-01,-9.729830197467e-03,-2.311712585511e-02,-7.052108527721e-05,-1.677568944838e-03,1.807050677947e-05
"                1391",2.354217920303e-01,-7.838056232288e-03,-2.265218347412e-02,2.353297064286e-01,-9.519433854104e-03,-2.262877672325e-02,-9.208560172654e-05,-1.681377621817e-03,2.340675087505e-05
"                1392",2.303932660432e-01,-7.675502043227e-03,-2.197937144782e-02,2.302803584019e-01,-9.351592196244e-03,-2.194994573562e-02,-1.129076413732e-04,-1.676090153016e-03,2.942571219419e-05
"                1393",2.224980106989e-01,-7.257138410125e-03,-2.111999929792e-02,2.223709663119e-01,-8.918447509826e-03,-2.108489316934e-02,-1.270443870376e-04,-1.661309099701e-03,3.510612858193e-05
"                1394",2.121067067314e-01,-6.019097885240e-03,-2.015138911623e-02,2.119687483844e-01,-7.664878741149e-03,-2.011114772806e-02,-1.379583470640e-04,-1.645780855909e-03,4.024138816301e-05
"                1395",2.005216243837e-01,-4.169366148560e-03,-1.918291233538e-02,2.003780543241e-01,-5.803596117267e-03,-1.913874312919e-02,-1.435700595645e-04,-1.634229968707e-03,4.416920618977e-05
"                1396",1.885090729880e-01,-2.647840192864e-03,-1.831029021212e-02,1.883615801862e-01,-4.273535282285e-03,-1.826358880217e-02,-1.474928018557e-04,-1.625695089421e-03,4.670140995529e-05
"                1397",1.771487357697e-01,-3.380387324157e-03,-1.764105943056e-02,1.769922612662e-01,-4.999819328328e-03,-1.759298522855e-02,-1.564745035081e-04,-1.619432004171e-03,4.807420201063e-05
"                1398",1.661853255098e-01,-5.306991455342e-03,-1.723631430661e-02,1.660172638492e-01,-6.921070241288e-03,-1.718821696408e-02,-1.680616605973e-04,-1.614078785946e-03,4.809734252797e-05
"                1399",1.557257910592e-01,-7.339894439848e-03,-1.711336172927e-02,1.555470728774e-01,-8.948576612786e-03,-1.706663583693e-02,-1.787181817391e-04,-1.608682172937e-03,4.672589234562e-05
"                1400",1.462876907494e-01,-8.552038808251e-03,-1.721765971484e-02,1.461052862924e-01,-1.016157145342e-02,-1.717375108714e-02,-1.824044570293e-04,-1.609532645166e-03,4.390862769188e-05
"                1401",1.392083143064e-01,-9.408301347275e-03,-1.748594044485e-02,1.390269040205e-01,-1.102567622389e-02,-1.744574972094e-02,-1.814102858870e-04,-1.617374876620e-03,4.019072390711e-05
"                1402",1.356226037098e-01,-1.004916135527e-02,-1.786992859109e-02,1.354461777005e-01,-1.167787488001e-02,-1.783372403344e-02,-1.764260093708e-04,-1.628713524742e-03,3.620455765006e-05
"                1403",1.353406159306e-01,-9.943363099161e-03,-1.830451551690e-02,1.351782135856e-01,-1.158281130722e-02,-1.827263675615e-02,-1.624023450279e-04,-1.639448208058e-03,3.187876074228e-05
"                1404",1.372276397340e-01,-9.560699464799e-03,-1.870728280627e-02,1.370873363448e-01,-1.120694554382e-02,-1.867989413857e-02,-1.403033892192e-04,-1.646246079024e-03,2.738866769685e-05
"                1405",1.408133154932e-01,-8.511141650779e-03,-1.904065675751e-02,1.407037271648e-01,-1.015635137352e-02,-1.901796718162e-02,-1.095883283831e-04,-1.645209722746e-03,2.268957588847e-05
"                1406",1.469257728908e-01,-8.026426626458e-03,-1.936713759248e-02,1.468467743399e-01,-9.661861062949e-03,-1.934883017997e-02,-7.899855092182e-05,-1.635434436491e-03,1.830741251282e-05
"                1407",1.567114790444e-01,-7.152095107038e-03,-1.979955494121e-02,1.566568154868e-01,-8.769869140828e-03,-1.978504365584e-02,-5.466355753561e-05,-1.617774033790e-03,1.451128537075e-05
"                1408",1.688831270102e-01,-5.543205759494e-03,-2.035930983457e-02,1.688448361257e-01,-7.145654483409e-03,-2.034812941573e-02,-3.829088455266e-05,-1.602448723915e-03,1.118041883790e-05
"                1409",1.820105127177e-01,-3.755442540971e-03,-2.104142410584e-02,1.819796510843e-01,-5.347325420687e-03,-2.103314703111e-02,-3.086163339483e-05,-1.591882879716e-03,8.277074728421e-06
"                1410",1.951196894568e-01,-2.255421861062e-03,-2.181603113953e-02,1.950897512124e-01,-3.839753876995e-03,-2.181032645483e-02,-2.993824441133e-05,-1.584332015933e-03,5.704684704765e-06
"                1411",2.071140188543e-01,-2.355766501864e-03,-2.261390420678e-02,2.070845217985e-01,-3.934511293955e-03,-2.261066556357e-02,-2.949705581713e-05,-1.578744792090e-03,3.238643207869e-06
"                1412",2.174821760521e-01,-3.503463669269e-03,-2.332021735051e-02,2.174511809833e-01,-5.077612931293e-03,-2.331876823200e-02,-3.099506882078e-05,-1.574149262024e-03,1.449118511149e-06
"                1413",2.261626082205e-01,-4.821376962504e-03,-2.383567866130e-02,2.261285768220e-01,-6.392471485952e-03,-2.383495266484e-02,-3.403139852483e-05,-1.571094523448e-03,7.259964518770e-07
"                1414",2.329235406798e-01,-6.248879622106e-03,-2.410860996793e-02,2.328838037675e-01,-7.823896763707e-03,-2.410704628571e-02,-3.973691226671e-05,-1.575017141601e-03,1.563682216664e-06
"                1415",2.371343422059e-01,-7.483180705293e-03,-2.409411121940e-02,2.370901806403e-01,-9.070306339223e-03,-2.409022459189e-02,-4.416156557278e-05,-1.587125633930e-03,3.886627507104e-06
"                1416",2.386993737435e-01,-8.022698859875e-03,-2.378737392986e-02,2.386522328084e-01,-9.625642293553e-03,-2.377988700375e-02,-4.714093502248e-05,-1.602943433678e-03,7.486926110145e-06
"                1417",2.383454362087e-01,-7.584509997230e-03,-2.322518650826e-02,2.382914273864e-01,-9.201864444048e-03,-2.321269279229e-02,-5.400882230998e-05,-1.617354446818e-03,1.249371597840e-05
"                1418",2.373898677545e-01,-7.349714259682e-03,-2.251238669372e-02,2.373230600333e-01,-8.976935333804e-03,-2.249387989774e-02,-6.680772123401e-05,-1.627221074122e-03,1.850679598260e-05
"                1419",2.357145191419e-01,-6.914821481455e-03,-2.175348752214e-02,2.356279392719e-01,-8.544483314503e-03,-2.172841540101e-02,-8.657986993731e-05,-1.629661833048e-03,2.507212113162e-05
"                1420",2.315238816132e-01,-7.271661231222e-03,-2.097733483367e-02,2.314162483962e-01,-8.894511713103e-03,-2.094619630557e-02,-1.076332169932e-04,-1.622850481881e-03,3.113852809134e-05
"                1421",2.233046912614e-01,-7.052032322569e-03,-2.019698263878e-02,2.231774548133e-01,-8.659504749723e-03,-2.016100341422e-02,-1.272364481294e-04,-1.607472427153e-03,3.597922456265e-05
"                1422",2.121705413713e-01,-5.888841226124e-03,-1.948678241061e-02,2.120263498834e-01,-7.483264188516e-03,-1.944749375185e-02,-1.441914878438e-04,-1.594422962392e-03,3.928865875867e-05
"                1423",1.993192768521e-01,-4.422133519107e-03,-1.890106113591e-02,1.991600256996e-01,-6.007267842161e-03,-1.885990834151e-02,-1.592511524491e-04,-1.585134323055e-03,4.115279440049e-05
"                1424",1.857272280330e-01,-3.645482309715e-03,-1.845704815477e-02,1.855552618362e-01,-5.223639851246e-03,-1.841517966025e-02,-1.719661968474e-04,-1.578157541532e-03,4.186849452891e-05
"                1425",1.723833781134e-01,-4.209383759690e-03,-1.812992437028e-02,1.721987795846e-01,-5.781546130660e-03,-1.808802905720e-02,-1.845985287537e-04,-1.572162370970e-03,4.189531307600e-05
"                1426",1.600021433540e-01,-5.650865471388e-03,-1.790579202938e-02,1.598081025785e-01,-7.216697516060e-03,-1.786443090069e-02,-1.940407754722e-04,-1.565832044672e-03,4.136112869025e-05
"                1427",1.493599222177e-01,-7.083061308595e-03,-1.776421550866e-02,1.491627976911e-01,-8.644300900782e-03,-1.772386138140e-02,-1.971245265845e-04,-1.561239592187e-03,4.035412726160e-05
"                1428",1.411147428662e-01,-8.386207125003e-03,-1.767450370770e-02,1.409234676626e-01,-9.950776081205e-03,-1.763571433110e-02,-1.912752035553e-04,-1.564568956201e-03,3.878937659823e-05
"                1429",1.361244825854e-01,-8.940060895668e-03,-1.762302805513e-02,1.359461361941e-01,-1.051546227752e-02,-1.758623456396e-02,-1.783463913071e-04,-1.575401381847e-03,3.679349116933e-05
"                1430",1.351635440743e-01,-8.942786312744e-03,-1.764289594315e-02,1.350002812008e-01,-1.053128365344e-02,-1.760842475640e-02,-1.632628734816e-04,-1.588497340694e-03,3.447118674749e-05
"                1431",1.368215645877e-01,-8.256602100339e-03,-1.775725652262e-02,1.366809524339e-01,-9.856787503068e-03,-1.772603110218e-02,-1.406121537950e-04,-1.600185402729e-03,3.122542044409e-05
"                1432",1.400274628691e-01,-7.830275006182e-03,-1.799173838349e-02,1.399121114871e-01,-9.436678070017e-03,-1.796466505027e-02,-1.153513820375e-04,-1.606403063836e-03,2.707333321877e-05
"                1433",1.449738792531e-01,-7.446283463992e-03,-1.840033699024e-02,1.448832176054e-01,-9.050566701162e-03,-1.837835038223e-02,-9.066164770518e-05,-1.604283237171e-03,2.198660801711e-05
"                1434",1.522299596576e-01,-7.990666333189e-03,-1.901693736662e-02,1.521580907935e-01,-9.583485021659e-03,-1.900036582157e-02,-7.186886418274e-05,-1.592818688470e-03,1.657154505606e-05
"                1435",1.622936708903e-01,-7.129471515139e-03,-1.987570173966e-02,1.622342066122e-01,-8.705040631010e-03,-1.986456776275e-02,-5.946427809947e-05,-1.575569115872e-03,1.113397691200e-05
"                1436",1.731596972394e-01,-4.772743538027e-03,-2.087410348032e-02,1.731046023608e-01,-6.333679548357e-03,-2.086776572665e-02,-5.509487866133e-05,-1.560936010330e-03,6.337753662922e-06
"                1437",1.845256000354e-01,-2.443678250042e-03,-2.190206228084e-02,1.844705812794e-01,-3.993899253151e-03,-2.189964349640e-02,-5.501875594254e-05,-1.550221003108e-03,2.418784442920e-06
"                1438",1.956518343735e-01,-1.314930342076e-03,-2.282920495271e-02,1.955970022701e-01,-2.856986345272e-03,-2.282967227105e-02,-5.483210338802e-05,-1.542056003196e-03,-4.673183333382e-07
"                1439",2.062934384389e-01,-1.572098286758e-03,-2.354425742279e-02,2.062442012666e-01,-3.107850831868e-03,-2.354646990754e-02,-4.923717224028e-05,-1.535752545110e-03,-2.212484757513e-06
"                1440",2.162120687024e-01,-2.721659991284e-03,-2.395703294130e-02,2.161711167098e-01,-4.252381672148e-03,-2.395947761655e-02,-4.095199265365e-05,-1.530721680864e-03,-2.444675248311e-06
"                1441",2.253200328575e-01,-3.758301923718e-03,-2.402763892469e-02,2.252862710494e-01,-5.287713579104e-03,-2.402854534362e-02,-3.376180810589e-05,-1.529411655386e-03,-9.064189373400e-07
"                1442",2.332206807318e-01,-4.969519210203e-03,-2.379990798022e-02,2.331912717339e-01,-6.506100022761e-03,-2.379772427757e-02,-2.940899791563e-05,-1.536580812558e-03,2.183702648929e-06
"                1443",2.390459329067e-01,-5.726568093763e-03,-2.336647042365e-02,2.390171775162e-01,-7.277851875981e-03,-2.336017616010e-02,-2.875539053442e-05,-1.551283782218e-03,6.294263554214e-06
"                1444",2.421018926434e-01,-6.046901925394e-03,-2.282942568798e-02,2.420686343604e-01,-7.615399593681e-03,-2.281851231069e-02,-3.325828302120e-05,-1.568497668287e-03,1.091337728998e-05
"                1445",2.423915216119e-01,-6.163662687030e-03,-2.226270848498e-02,2.423446359168e-01,-7.747304389164e-03,-2.224682061713e-02,-4.688569515079e-05,-1.583641702134e-03,1.588786785353e-05
"                1446",2.408726488612e-01,-6.583538297932e-03,-2.174560229144e-02,2.408028706935e-01,-8.176327688300e-03,-2.172471394588e-02,-6.977816767627e-05,-1.592789390369e-03,2.088834556150e-05
"                1447",2.374952566542e-01,-6.433060550414e-03,-2.133465786061e-02,2.373944965002e-01,-8.026433115150e-03,-2.130902308628e-02,-1.007601539895e-04,-1.593372564736e-03,2.563477432378e-05
"                1448",2.304864888179e-01,-6.873667258368e-03,-2.097500280619e-02,2.303560214302e-01,-8.457125213383e-03,-2.094550304914e-02,-1.304673877365e-04,-1.583457955015e-03,2.949975705747e-05
"                1449",2.192483556914e-01,-6.329425026212e-03,-2.057432010338e-02,2.190908465481e-01,-7.896469568209e-03,-2.054161198038e-02,-1.575091432747e-04,-1.567044541996e-03,3.270812299957e-05
"                1450",2.058848365787e-01,-4.477851021683e-03,-2.009873070920e-02,2.057097701838e-01,-6.031625576684e-03,-2.006371356026e-02,-1.750663948427e-04,-1.553774555001e-03,3.501714893570e-05
"                1451",1.918290045648e-01,-2.476514785627e-03,-1.953468444843e-02,1.916443522928e-01,-4.021265473461e-03,-1.949781154973e-02,-1.846522719719e-04,-1.544750687834e-03,3.687289870891e-05
"                1452",1.784257853774e-01,-1.889972177970e-03,-1.891364166689e-02,1.782359681872e-01,-3.428706416735e-03,-1.887496909998e-02,-1.898171901769e-04,-1.538734238765e-03,3.867256690441e-05
"                1453",1.663753703523e-01,-2.607396540771e-03,-1.826220240694e-02,1.661827017784e-01,-4.141578758457e-03,-1.822176298304e-02,-1.926685738551e-04,-1.534182217686e-03,4.043942390621e-05
"                1454",1.561005196450e-01,-3.968539343887e-03,-1.763965319619e-02,1.559086236023e-01,-5.497864619892e-03,-1.759778514697e-02,-1.918960427207e-04,-1.529325276004e-03,4.186804921662e-05
"                1455",1.478892405724e-01,-4.834275501722e-03,-1.713360692352e-02,1.477051132809e-01,-6.362618910573e-03,-1.709143997773e-02,-1.841272915324e-04,-1.528343408851e-03,4.216694578922e-05
"                1456",1.420687427331e-01,-5.906865890310e-03,-1.682605053574e-02,1.418939084776e-01,-7.442737955764e-03,-1.678471133879e-02,-1.748342554634e-04,-1.535872065454e-03,4.133919695226e-05
"                1457",1.393658868619e-01,-6.774133111993e-03,-1.678355787799e-02,1.391996663785e-01,-8.323992146279e-03,-1.674434282616e-02,-1.662204834584e-04,-1.549859034287e-03,3.921505183139e-05
"                1458",1.397850527315e-01,-7.214725779537e-03,-1.702515952730e-02,1.396278831804e-01,-8.779776828029e-03,-1.698948690349e-02,-1.571695511408e-04,-1.565051048491e-03,3.567262381316e-05
"                1459",1.419732182485e-01,-7.266784026903e-03,-1.754559616285e-02,1.418277744636e-01,-8.844657856126e-03,-1.751503983455e-02,-1.454437849708e-04,-1.577873829223e-03,3.055632830604e-05
"                1460",1.444205426805e-01,-6.905685060779e-03,-1.827784975523e-02,1.442899622635e-01,-8.488235060175e-03,-1.825364590621e-02,-1.305804170524e-04,-1.582549999396e-03,2.420384902251e-05
"                1461",1.473666399364e-01,-6.048887636641e-03,-1.913168654286e-02,1.472540465247e-01,-7.626232482412e-03,-1.911439515390e-02,-1.125934116504e-04,-1.577344845770e-03,1.729138896204e-05
"                1462",1.531277004068e-01,-5.768684511960e-03,-2.006373289917e-02,1.530293565907e-01,-7.330807913252e-03,-2.005270390486e-02,-9.834381613035e-05,-1.562123401292e-03,1.102899430469e-05
"                1463",1.621739228791e-01,-4.551127839758e-03,-2.101195249494e-02,1.620896543351e-01,-6.095383239494e-03,-2.100618986075e-02,-8.426854408153e-05,-1.544255399736e-03,5.762634187833e-06
"                1464",1.729612374125e-01,-2.216603326119e-03,-2.186779875637e-02,1.728874331409e-01,-3.746980681863e-03,-2.186555886555e-02,-7.380427156305e-05,-1.530377355745e-03,2.239890814577e-06
"                1465",1.849602998233e-01,3.862433892721e-04,-2.254539080181e-02,1.848961978713e-01,-1.134307800868e-03,-2.254502759447e-02,-6.410195196577e-05,-1.520551190140e-03,3.632073436758e-07
"                1466",1.974238157125e-01,1.394373277677e-03,-2.297382800426e-02,1.973730193444e-01,-1.196860792001e-04,-2.297410694948e-02,-5.079636804055e-05,-1.514059356877e-03,-2.789452182339e-07
"                1467",2.100226787634e-01,1.071968817897e-03,-2.317424670944e-02,2.099867703262e-01,-4.375209514477e-04,-2.317418540730e-02,-3.590843717581e-05,-1.509489769344e-03,6.130214275195e-08
"                1468",2.219947018665e-01,-9.738045976704e-05,-2.319563794116e-02,2.219703037619e-01,-1.603993007045e-03,-2.319426080829e-02,-2.439810461856e-05,-1.506612547278e-03,1.377132863961e-06
"                1469",2.324050980864e-01,-1.517229515613e-03,-2.309682995480e-02,2.323841960260e-01,-3.026206839380e-03,-2.309328388687e-02,-2.090206036889e-05,-1.508977323767e-03,3.546067938915e-06
"                1470",2.402342135907e-01,-3.428684700360e-03,-2.294077135872e-02,2.402095909858e-01,-4.948922946085e-03,-2.293466651537e-02,-2.462260494051e-05,-1.520238245725e-03,6.104843349894e-06
"                1471",2.446638899689e-01,-4.923923805318e-03,-2.277889103343e-02,2.446295523861e-01,-6.460902175075e-03,-2.277019234359e-02,-3.433758276865e-05,-1.536978369757e-03,8.698689838335e-06
"                1472",2.451510318679e-01,-5.310078890687e-03,-2.264762066742e-02,2.451003108865e-01,-6.864085370830e-03,-2.263622092933e-02,-5.072098146010e-05,-1.554006480143e-03,1.139973809728e-05
"                1473",2.429610631188e-01,-5.251172957458e-03,-2.253560182889e-02,2.428850234827e-01,-6.818525330964e-03,-2.252101258045e-02,-7.603963616864e-05,-1.567352373506e-03,1.458924843859e-05
"                1474",2.391520235631e-01,-4.975491621519e-03,-2.239663084675e-02,2.390450623694e-01,-6.548518225226e-03,-2.237822994453e-02,-1.069611936634e-04,-1.573026603707e-03,1.840090222086e-05
"                1475",2.332478440286e-01,-4.748771993683e-03,-2.213707241413e-02,2.331105749018e-01,-6.318180484266e-03,-2.211440552199e-02,-1.372691267779e-04,-1.569408490583e-03,2.266689214548e-05
"                1476",2.240787037879e-01,-4.507517299807e-03,-2.166187724780e-02,2.239200060726e-01,-6.063378865988e-03,-2.163486828021e-02,-1.586977152940e-04,-1.555861566181e-03,2.700896759132e-05
"                1477",2.122049691707e-01,-3.375327432899e-03,-2.092760608168e-02,2.120326446309e-01,-4.915712218447e-03,-2.089616698932e-02,-1.723245397617e-04,-1.540384785548e-03,3.143909235636e-05
"                1478",1.999758244119e-01,-1.242861527317e-03,-1.997886569581e-02,1.998001013459e-01,-2.772045292292e-03,-1.994329246846e-02,-1.757230659941e-04,-1.529183764976e-03,3.557322734866e-05
"                1479",1.883533493466e-01,8.518370519539e-04,-1.893390055522e-02,1.881806573772e-01,-6.698571863177e-04,-1.889469177427e-02,-1.726919693724e-04,-1.521694238272e-03,3.920878095241e-05
"                1480",1.774930318602e-01,1.310231647558e-03,-1.794151530650e-02,1.773224612687e-01,-2.065886494757e-04,-1.789919990758e-02,-1.705705915594e-04,-1.516820297034e-03,4.231539891528e-05
"                1481",1.673557573847e-01,1.913337316601e-04,-1.713316011309e-02,1.671850156489e-01,-1.321923202978e-03,-1.708878212820e-02,-1.707417357833e-04,-1.513256934638e-03,4.437798489392e-05
"                1482",1.584215061143e-01,-1.840552179999e-03,-1.662314218050e-02,1.582475569286e-01,-3.350513504610e-03,-1.657818126621e-02,-1.739491856849e-04,-1.509961324611e-03,4.496091428495e-05
"                1483",1.509069146722e-01,-3.497003263789e-03,-1.646458786734e-02,1.507319984372e-01,-5.010091394461e-03,-1.642108516508e-02,-1.749162349246e-04,-1.513088130672e-03,4.350270226596e-05
"                1484",1.452916122125e-01,-4.829524889573e-03,-1.668256942958e-02,1.451141497930e-01,-6.353584148739e-03,-1.664219964933e-02,-1.774624195952e-04,-1.524059259166e-03,4.036978024962e-05
"                1485",1.418468692006e-01,-5.584792126982e-03,-1.721500774924e-02,1.416678012795e-01,-7.123304151058e-03,-1.717910909694e-02,-1.790679210749e-04,-1.538512024076e-03,3.589865230385e-05
"                1486",1.401439157050e-01,-5.093896129022e-03,-1.792133889303e-02,1.399704153913e-01,-6.645418492661e-03,-1.789100385595e-02,-1.735003137653e-04,-1.551522363639e-03,3.033503707500e-05
"                1487",1.397968829853e-01,-4.408688664121e-03,-1.867720331706e-02,1.396365835789e-01,-5.968971856146e-03,-1.865300787007e-02,-1.602994063688e-04,-1.560283192025e-03,2.419544699551e-05
"                1488",1.411928120848e-01,-3.960696414332e-03,-1.939413743967e-02,1.410544193651e-01,-5.521812717684e-03,-1.937608073668e-02,-1.383927197396e-04,-1.561116303352e-03,1.805670299018e-05
"                1489",1.451380741079e-01,-3.836099359788e-03,-2.002209427456e-02,1.450262793740e-01,-5.389461021493e-03,-2.000944655226e-02,-1.117947339034e-04,-1.553361661706e-03,1.264772230116e-05
"                1490",1.533344789285e-01,-2.721505609458e-03,-2.054560693272e-02,1.532483638596e-01,-4.258906828965e-03,-2.053699130142e-02,-8.611506891002e-05,-1.537401219508e-03,8.615631300162e-06
"                1491",1.650218779153e-01,-2.961800016159e-04,-2.097268148020e-02,1.649591995601e-01,-1.818493554629e-03,-2.096678248192e-02,-6.267835523261e-05,-1.522313553013e-03,5.898998273469e-06
"                1492",1.785759356243e-01,2.489319473639e-03,-2.135111242245e-02,1.785307772659e-01,9.778595950145e-04,-2.134669981093e-02,-4.515835832485e-05,-1.511459878625e-03,4.412611523862e-06
"                1493",1.927697814258e-01,4.317156102754e-03,-2.173327493172e-02,1.927355887840e-01,2.813440439628e-03,-2.172952064117e-02,-3.419264178958e-05,-1.503715663126e-03,3.754290544685e-06
"                1494",2.064720388781e-01,4.258866465072e-03,-2.212451368205e-02,2.064470789581e-01,2.760411978723e-03,-2.212142271524e-02,-2.495991998868e-05,-1.498454486349e-03,3.090966817456e-06
"                1495",2.189318360615e-01,2.722901624072e-03,-2.251087496527e-02,2.189111339355e-01,1.227506713311e-03,-2.250837425437e-02,-2.070212599733e-05,-1.495394910761e-03,2.500710894279e-06
"                1496",2.293460697348e-01,9.265511097674e-04,-2.289605361275e-02,2.293235462480e-01,-5.675853781020e-04,-2.289392880356e-02,-2.252348682586e-05,-1.494136487869e-03,2.124809184662e-06
"                1497",2.370309204061e-01,-6.679797933415e-04,-2.326923330120e-02,2.369985559586e-01,-2.167096962925e-03,-2.326687584859e-02,-3.236444756335e-05,-1.499117169583e-03,2.357452606624e-06
"                1498",2.415621239692e-01,-1.947144759690e-03,-2.355741817291e-02,2.415162398811e-01,-3.458751212746e-03,-2.355413174147e-02,-4.588408808315e-05,-1.511606453056e-03,3.286431438116e-06
"                1499",2.429194057109e-01,-2.646211883018e-03,-2.368047184111e-02,2.428590845497e-01,-4.173741903889e-03,-2.367551200432e-02,-6.032116122579e-05,-1.527530020871e-03,4.959836782623e-06
"                1500",2.412446056201e-01,-2.506727106727e-03,-2.357638182660e-02,2.411684216423e-01,-4.049204269896e-03,-2.356845203980e-02,-7.618397786757e-05,-1.542477163169e-03,7.929786806023e-06
"                1501",2.378244135367e-01,-2.397864382537e-03,-2.322888355810e-02,2.377304265435e-01,-3.951189563755e-03,-2.321646490855e-02,-9.398699325354e-05,-1.553325181218e-03,1.241864955213e-05
"                1502",2.338581359771e-01,-1.774582345895e-03,-2.263563056797e-02,2.337445602119e-01,-3.331159400536e-03,-2.261731816341e-02,-1.135757651404e-04,-1.556577054641e-03,1.831240456227e-05
"                1503",2.287554852220e-01,-1.516312147260e-03,-2.178639824013e-02,2.286252392634e-01,-3.066874976050e-03,-2.176158764534e-02,-1.302459585916e-04,-1.550562828791e-03,2.481059478786e-05
"                1504",2.211841151095e-01,-7.716533102311e-04,-2.075391050592e-02,2.210421885055e-01,-2.307444620792e-03,-2.072281840028e-02,-1.419266040654e-04,-1.535791310561e-03,3.109210564032e-05
"                1505",2.115792794030e-01,6.915075822782e-04,-1.966977497121e-02,2.114296835891e-01,-8.312455408559e-04,-1.963320228635e-02,-1.495958138786e-04,-1.522753123134e-03,3.657268486265e-05
"                1506",2.009563025808e-01,2.439560812100e-03,-1.865077227835e-02,2.008016120272e-01,9.253509724812e-04,-1.861009096588e-02,-1.546905535939e-04,-1.514209839619e-03,4.068131247347e-05
"                1507",1.901227665076e-01,3.298206684924e-03,-1.780968444177e-02,1.899625722503e-01,1.789427365435e-03,-1.776650422438e-02,-1.601942572772e-04,-1.508779319489e-03,4.318021739716e-05
"                1508",1.794172171744e-01,2.561713099396e-03,-1.725926446301e-02,1.792458073398e-01,1.056496470153e-03,-1.721494364414e-02,-1.714098346525e-04,-1.505216629244e-03,4.432081886957e-05
"                1509",1.684419715723e-01,8.938381021864e-04,-1.705223252631e-02,1.682569015745e-01,-6.078503703195e-04,-1.700832474378e-02,-1.850699978486e-04,-1.501688472506e-03,4.390778252816e-05
"                1510",1.576319801085e-01,-4.785158842466e-04,-1.713693711401e-02,1.574354981143e-01,-1.977041146235e-03,-1.709494772395e-02,-1.964819942453e-04,-1.498525261988e-03,4.198939005267e-05
"                1511",1.477945494344e-01,-1.518303636459e-03,-1.741213568016e-02,1.475943128044e-01,-3.020573495187e-03,-1.737343928620e-02,-2.002366299668e-04,-1.502269858728e-03,3.869639396544e-05
"                1512",1.404425531865e-01,-2.195810856186e-03,-1.781206929804e-02,1.402443882606e-01,-3.708959279558e-03,-1.777728973254e-02,-1.981649258865e-04,-1.513148423372e-03,3.477956549476e-05
"                1513",1.367953341671e-01,-2.684390887232e-03,-1.826467266674e-02,1.366044747451e-01,-4.211356730298e-03,-1.823379842026e-02,-1.908594219829e-04,-1.526965843066e-03,3.087424647528e-05
"                1514",1.366177562670e-01,-2.281155752264e-03,-1.867404384454e-02,1.364446984832e-01,-3.820720958241e-03,-1.864721048508e-02,-1.730577838809e-04,-1.539565205977e-03,2.683335946197e-05
"                1515",1.388295652618e-01,-1.363377529920e-03,-1.894443204908e-02,1.386846336410e-01,-2.910275569732e-03,-1.892165317481e-02,-1.449316208081e-04,-1.546898039812e-03,2.277887426444e-05
"                1516",1.432880258015e-01,-1.707279494667e-06,-1.912656091920e-02,1.431770928760e-01,-1.547666441263e-03,-1.910778398101e-02,-1.109329255279e-04,-1.545959161768e-03,1.877693818975e-05
"                1517",1.506896856208e-01,2.235896807079e-04,-1.932799641439e-02,1.506111579718e-01,-1.312340126284e-03,-1.931280299735e-02,-7.852764903751e-05,-1.535929806992e-03,1.519341704017e-05
"                1518",1.620436294362e-01,9.732992466809e-04,-1.967792848711e-02,1.619908461974e-01,-5.462346735957e-04,-1.966598326907e-02,-5.278323885360e-05,-1.519533920277e-03,1.194521804655e-05
"                1519",1.753343008753e-01,2.665210384563e-03,-2.020216860412e-02,1.752968418699e-01,1.158775962335e-03,-2.019317988269e-02,-3.745900537599e-05,-1.506434422229e-03,8.988721424058e-06
"                1520",1.891451197844e-01,4.624953054929e-03,-2.090842900961e-02,1.891138401041e-01,3.126993747417e-03,-2.090224800694e-02,-3.127968026083e-05,-1.497959307512e-03,6.181002669322e-06
"                1521",2.017749790138e-01,5.503277499869e-03,-2.176253458173e-02,2.017437316310e-01,4.011496600808e-03,-2.175915686837e-02,-3.124738277770e-05,-1.491780899061e-03,3.377713367702e-06
"                1522",2.128114120373e-01,5.349672234487e-03,-2.266168580557e-02,2.127788651115e-01,3.862817193058e-03,-2.266105943067e-02,-3.254692574845e-05,-1.486855041430e-03,6.263749019773e-07
"                1523",2.221919925819e-01,4.433933905919e-03,-2.346394366557e-02,2.221568600467e-01,2.951534544935e-03,-2.346544028439e-02,-3.513253520566e-05,-1.482399360984e-03,-1.496618814921e-06
"                1524",2.296174327223e-01,3.258556888703e-03,-2.404699240774e-02,2.295777048777e-01,1.778141231183e-03,-2.404931540474e-02,-3.972784453713e-05,-1.480415657520e-03,-2.322996995169e-06
"                1525",2.349154089255e-01,1.533036537001e-03,-2.433265947649e-02,2.348699807667e-01,4.652705852198e-05,-2.433406189725e-02,-4.542815884431e-05,-1.486509478479e-03,-1.402420754931e-06
"                1526",2.378731627204e-01,2.438688169342e-04,-2.426366203335e-02,2.378236806884e-01,-1.256921121019e-03,-2.426247099731e-02,-4.948203201864e-05,-1.500789937953e-03,1.191036042117e-06
"                1527",2.387056137394e-01,1.220749552857e-04,-2.383192554576e-02,2.386538528925e-01,-1.395612383071e-03,-2.382667170110e-02,-5.176084688912e-05,-1.517687338357e-03,5.253844657270e-06
"                1528",2.384157109895e-01,8.999880420255e-04,-2.311644515537e-02,2.383571082018e-01,-6.327781887750e-04,-2.310553257038e-02,-5.860278772521e-05,-1.532766230801e-03,1.091258498971e-05
"                1529",2.379344141211e-01,1.376236185088e-03,-2.226956981135e-02,2.378633524374e-01,-1.657750634671e-04,-2.225197851914e-02,-7.106168373173e-05,-1.542011248555e-03,1.759129221313e-05
"                1530",2.366489629233e-01,1.750224211470e-03,-2.139968306999e-02,2.365595150111e-01,2.068753601264e-04,-2.137508482149e-02,-8.944791221327e-05,-1.543348851344e-03,2.459824849881e-05
"                1531",2.323951802183e-01,9.808055649501e-04,-2.053036160498e-02,2.322870829770e-01,-5.542665801695e-04,-2.049966892746e-02,-1.080972413272e-04,-1.535072145120e-03,3.069267752228e-05
"                1532",2.242013872479e-01,1.089559050840e-03,-1.971079510561e-02,2.240725877984e-01,-4.308553838488e-04,-1.967525911553e-02,-1.287994494329e-04,-1.520414434689e-03,3.553599007900e-05
"                1533",2.133108504176e-01,2.672613845007e-03,-1.905685276041e-02,2.131642104465e-01,1.163531468547e-03,-1.901824981871e-02,-1.466399711639e-04,-1.509082376460e-03,3.860294170282e-05
"                1534",2.003827837700e-01,4.630579017448e-03,-1.860497376736e-02,2.002198647047e-01,3.129043481165e-03,-1.856484817626e-02,-1.629190652825e-04,-1.501535536283e-03,4.012559109553e-05
"                1535",1.866614719525e-01,5.344444081178e-03,-1.832181661084e-02,1.864831742386e-01,3.848156225227e-03,-1.828135758319e-02,-1.782977139100e-04,-1.496287855951e-03,4.045902764379e-05
"                1536",1.729216488912e-01,4.660119970971e-03,-1.814299972609e-02,1.727293887847e-01,3.168428526869e-03,-1.810294259147e-02,-1.922601064646e-04,-1.491691444102e-03,4.005713462059e-05
"                1537",1.600707014308e-01,3.089171061255e-03,-1.804835427565e-02,1.598679465727e-01,1.602743141621e-03,-1.800903881606e-02,-2.027548580893e-04,-1.486427919634e-03,3.931545959481e-05
"                1538",1.491710766191e-01,1.932713450259e-03,-1.800027431444e-02,1.489682294233e-01,4.478776413203e-04,-1.796221584010e-02,-2.028471958007e-04,-1.484835808939e-03,3.805847433415e-05
"                1539",1.411014033804e-01,1.097683794033e-03,-1.793785720677e-02,1.409077033116e-01,-3.939191671584e-04,-1.790144531591e-02,-1.937000687741e-04,-1.491602961191e-03,3.641189086109e-05
"                1540",1.370579691111e-01,8.563260519523e-04,-1.784641390679e-02,1.368782580126e-01,-6.487485586005e-04,-1.781176140595e-02,-1.797110984902e-04,-1.505074610553e-03,3.465250083822e-05
"                1541",1.369943251374e-01,1.174452548820e-03,-1.777872569353e-02,1.368346391523e-01,-3.453423258737e-04,-1.774611921813e-02,-1.596859851261e-04,-1.519794874694e-03,3.260647540365e-05
"                1542",1.395927346330e-01,1.706536185669e-03,-1.779473284504e-02,1.394596024239e-01,1.739817181312e-04,-1.776497605334e-02,-1.331322091490e-04,-1.532554467537e-03,2.975679169970e-05
"                1543",1.443255715272e-01,1.741553380654e-03,-1.795307235034e-02,1.442202860856e-01,2.026728166571e-04,-1.792713489835e-02,-1.052854416268e-04,-1.538880563997e-03,2.593745198459e-05
"                1544",1.508320084216e-01,1.928715245221e-03,-1.830465793704e-02,1.507536496546e-01,3.921012536993e-04,-1.828353874584e-02,-7.835876698342e-05,-1.536613991521e-03,2.111919120072e-05
"                1545",1.594373409440e-01,1.700402443575e-03,-1.891978619467e-02,1.593776643956e-01,1.757801105713e-04,-1.890381603346e-02,-5.967654835169e-05,-1.524622333004e-03,1.597016121096e-05
"                1546",1.700374476785e-01,2.889146725764e-03,-1.984294938409e-02,1.699892363483e-01,1.380528868271e-03,-1.983229604804e-02,-4.821133025297e-05,-1.508617857493e-03,1.065333605182e-05
"                1547",1.809049630062e-01,5.386930795378e-03,-2.095176597290e-02,1.808587396350e-01,3.891810829049e-03,-2.094595738990e-02,-4.622337117425e-05,-1.495119966330e-03,5.808583002479e-06
"                1548",1.917005385586e-01,7.741226008619e-03,-2.209635629366e-02,1.916512829755e-01,6.256424266113e-03,-2.209462880657e-02,-4.925558317292e-05,-1.484801742506e-03,1.727487085973e-06
"                1549",2.017367998379e-01,8.631321623668e-03,-2.312540541549e-02,2.016874738292e-01,7.153917748877e-03,-2.312689766088e-02,-4.932600863444e-05,-1.477403874791e-03,-1.492245385400e-06
"                1550",2.109247046806e-01,8.010563024492e-03,-2.389344021064e-02,2.108806037850e-01,6.538332249364e-03,-2.389686867778e-02,-4.410089561799e-05,-1.472230775127e-03,-3.428467139535e-06
"                1551",2.195341553206e-01,6.683001285648e-03,-2.428841438511e-02,2.194981822700e-01,5.214091435664e-03,-2.429207789723e-02,-3.597305055558e-05,-1.468909849984e-03,-3.663512118924e-06
"                1552",2.277868647469e-01,5.674250712133e-03,-2.426905390129e-02,2.277579575046e-01,4.203588234689e-03,-2.427092574737e-02,-2.890724234635e-05,-1.470662477443e-03,-1.871846073915e-06
"                1553",2.352152201735e-01,4.618066686373e-03,-2.390270953769e-02,2.351914108592e-01,3.137140310671e-03,-2.390102469734e-02,-2.380931433632e-05,-1.480926375702e-03,1.684840344374e-06
"                1554",2.408178208848e-01,3.821154305314e-03,-2.330528118650e-02,2.407967877397e-01,2.323856437778e-03,-2.329893165914e-02,-2.103314515584e-05,-1.497297867535e-03,6.349527359806e-06
"                1555",2.438124561437e-01,3.356421241406e-03,-2.259391629489e-02,2.437887509063e-01,1.841082467094e-03,-2.258232045180e-02,-2.370523747022e-05,-1.515338774312e-03,1.159584308909e-05
"                1556",2.447097190464e-01,2.836267341078e-03,-2.187755964785e-02,2.446724668845e-01,1.305150790548e-03,-2.186040641765e-02,-3.725216185822e-05,-1.531116550529e-03,1.715323020391e-05
"                1557",2.439968203817e-01,2.550555044969e-03,-2.127854036533e-02,2.439353285942e-01,1.011071518225e-03,-2.125594459330e-02,-6.149178745170e-05,-1.539483526744e-03,2.259577203502e-05
"                1558",2.406875351530e-01,2.609603505338e-03,-2.086438037903e-02,2.405936908356e-01,1.071514369446e-03,-2.083688241945e-02,-9.384431742203e-05,-1.538089135891e-03,2.749795957770e-05
"                1559",2.325852932104e-01,2.782357126833e-03,-2.056437101597e-02,2.324614539243e-01,1.256616556223e-03,-2.053327223801e-02,-1.238392860888e-04,-1.525740570610e-03,3.109877796030e-05
"                1560",2.200455769782e-01,3.841681023950e-03,-2.027848995142e-02,2.198932510424e-01,2.331606407354e-03,-2.024475439282e-02,-1.523259358051e-04,-1.510074616596e-03,3.373555860395e-05
"                1561",2.054803316614e-01,5.890675332758e-03,-1.994436959845e-02,2.053082960562e-01,4.392427195359e-03,-1.990899998806e-02,-1.720356052027e-04,-1.498248137398e-03,3.536961038815e-05
"                1562",1.904235685287e-01,7.816314971684e-03,-1.953054278346e-02,1.902407781254e-01,6.326249941337e-03,-1.949396468183e-02,-1.827904032771e-04,-1.490065030347e-03,3.657810162817e-05
"                1563",1.764454730641e-01,8.132023938014e-03,-1.903515842045e-02,1.762562157575e-01,6.647142484335e-03,-1.899717452242e-02,-1.892573066041e-04,-1.484881453679e-03,3.798389803397e-05
"                1564",1.643096485427e-01,7.355334430777e-03,-1.845656947139e-02,1.641181200632e-01,5.874101277477e-03,-1.841708365997e-02,-1.915284794657e-04,-1.481233153299e-03,3.948581142803e-05
"                1565",1.544895925586e-01,6.064158547360e-03,-1.783041137214e-02,1.543016462460e-01,4.586518230296e-03,-1.778963277188e-02,-1.879463125361e-04,-1.477640317064e-03,4.077860025930e-05
"                1566",1.472503381942e-01,5.170875775555e-03,-1.725340727082e-02,1.470735891866e-01,3.691060646839e-03,-1.721208442784e-02,-1.767490076164e-04,-1.479815128716e-03,4.132284297900e-05
"                1567",1.430547887937e-01,4.049269526050e-03,-1.684939331060e-02,1.428914265140e-01,2.558699266333e-03,-1.680849939532e-02,-1.633622797009e-04,-1.490570259716e-03,4.089391527938e-05
"                1568",1.426026876591e-01,2.850138273967e-03,-1.671521742617e-02,1.424514191074e-01,1.343814077863e-03,-1.667597039431e-02,-1.512685517301e-04,-1.506324196104e-03,3.924703185944e-05
"                1569",1.451123109897e-01,2.409378013809e-03,-1.689179566008e-02,1.449744979527e-01,8.875354636014e-04,-1.685589630656e-02,-1.378130370516e-04,-1.521842550207e-03,3.589935351973e-05
"                1570",1.485403085181e-01,2.789740006687e-03,-1.738616564754e-02,1.484174915095e-01,1.256638490139e-03,-1.735528438968e-02,-1.228170086264e-04,-1.533101516548e-03,3.088125786055e-05
"                1571",1.515114933512e-01,3.715622402392e-03,-1.816967826605e-02,1.514057567761e-01,2.180316539339e-03,-1.814526064877e-02,-1.057365751242e-04,-1.535305863054e-03,2.441761727937e-05
"                1572",1.548154454301e-01,4.118645803416e-03,-1.914924518937e-02,1.547265769671e-01,2.590663154268e-03,-1.913199423380e-02,-8.886846299834e-05,-1.527982649149e-03,1.725095557636e-05
"                1573",1.607129280856e-01,4.703577033990e-03,-2.023791932371e-02,1.606364425812e-01,3.192025707262e-03,-2.022739931947e-02,-7.648550443602e-05,-1.511551326727e-03,1.052000424074e-05
"                1574",1.691499471639e-01,6.257653678524e-03,-2.133368079398e-02,1.690842902916e-01,4.762144709960e-03,-2.132881560844e-02,-6.565687232156e-05,-1.495508968565e-03,4.865185544758e-06
"                1575",1.789457741873e-01,8.630120098431e-03,-2.231024457329e-02,1.788896750372e-01,7.146263818651e-03,-2.230927928010e-02,-5.609915017376e-05,-1.483856279779e-03,9.652931943533e-07
"                1576",1.897514240518e-01,1.114563252354e-02,-2.304392222737e-02,1.897049973103e-01,9.669826685285e-03,-2.304507033222e-02,-4.642674144568e-05,-1.475805838255e-03,-1.148104854869e-06
"                1577",2.013342453496e-01,1.191419064579e-02,-2.343405711435e-02,2.013028673039e-01,1.044375374434e-02,-2.343596368250e-02,-3.137804570809e-05,-1.470436901449e-03,-1.906568155124e-06
"                1578",2.135496146383e-01,1.116554999398e-02,-2.350639935302e-02,2.135345181400e-01,9.698459548461e-03,-2.350754712126e-02,-1.509649831427e-05,-1.467090445518e-03,-1.147768238767e-06
"                1579",2.254597457232e-01,9.607287134781e-03,-2.334634582493e-02,2.254582422277e-01,8.141722663788e-03,-2.334541891323e-02,-1.503495482585e-06,-1.465564470993e-03,9.269116971718e-07
"                1580",2.360069979840e-01,7.647776852849e-03,-2.304017239128e-02,2.360110144511e-01,6.176893305078e-03,-2.303615243210e-02,4.016467065558e-06,-1.470883547771e-03,4.019959177094e-06
"                1581",2.440996353411e-01,5.557258447919e-03,-2.267039101066e-02,2.441016357826e-01,4.072417084978e-03,-2.266299612840e-02,2.000441417908e-06,-1.484841362941e-03,7.394882258799e-06
"                1582",2.486898885363e-01,4.239522427532e-03,-2.234476973727e-02,2.486824932418e-01,2.736963777383e-03,-2.233414142536e-02,-7.395294516319e-06,-1.502558650149e-03,1.062831190655e-05
"                1583",2.493022891000e-01,4.394507740649e-03,-2.214790777897e-02,2.492758224102e-01,2.876156312015e-03,-2.213405992798e-02,-2.646668971149e-05,-1.518351428634e-03,1.384785099828e-05
"                1584",2.467038136101e-01,4.712486056768e-03,-2.207734303074e-02,2.466487421833e-01,3.183026270656e-03,-2.206019335709e-02,-5.507142678495e-05,-1.529459786111e-03,1.714967365426e-05
"                1585",2.418938934885e-01,5.258218605988e-03,-2.205836122653e-02,2.418027193070e-01,3.725739621231e-03,-2.203770903443e-02,-9.117418148505e-05,-1.532478984757e-03,2.065219209578e-05
"                1586",2.341232258907e-01,5.055125786100e-03,-2.193820798677e-02,2.339988735540e-01,3.529041847455e-03,-2.191405081094e-02,-1.243523367018e-04,-1.526083938646e-03,2.415717583122e-05
"                1587",2.227123348725e-01,5.529581288201e-03,-2.160028534139e-02,2.225633631383e-01,4.018742088629e-03,-2.157259396427e-02,-1.489717341716e-04,-1.510839199572e-03,2.769137712892e-05
"                1588",2.096137558728e-01,7.194926449962e-03,-2.101495546459e-02,2.094503110322e-01,5.697535313105e-03,-2.098360980499e-02,-1.634448406183e-04,-1.497391136857e-03,3.134565959782e-05
"                1589",1.966021792229e-01,9.464530390208e-03,-2.016615325854e-02,1.964349537303e-01,7.976134834739e-03,-2.013127642003e-02,-1.672254925963e-04,-1.488395555469e-03,3.487683850948e-05
"                1590",1.843978978396e-01,1.121737202714e-02,-1.911111048485e-02,1.842341337872e-01,9.734833344362e-03,-1.907279202609e-02,-1.637640523449e-04,-1.482538682778e-03,3.831845875893e-05
"                1591",1.741516276645e-01,1.093550641296e-02,-1.804183415685e-02,1.739915602245e-01,9.456672109620e-03,-1.800006853417e-02,-1.600674400833e-04,-1.478834303335e-03,4.176562268140e-05
"                1592",1.653549137019e-01,9.238748064412e-03,-1.712313920048e-02,1.651985693222e-01,7.762757973403e-03,-1.707875741818e-02,-1.563443796600e-04,-1.475990091009e-03,4.438178230517e-05
"                1593",1.582963986043e-01,7.260341566337e-03,-1.648086930823e-02,1.581423023045e-01,5.785828291848e-03,-1.643540432033e-02,-1.540962998779e-04,-1.474513274489e-03,4.546498789955e-05
"                1594",1.531299688876e-01,5.469670044242e-03,-1.621376509787e-02,1.529774763989e-01,3.989337489500e-03,-1.616925659571e-02,-1.524924887337e-04,-1.480332554742e-03,4.450850215894e-05
"                1595",1.495531042151e-01,4.448511405847e-03,-1.637165185591e-02,1.494018439178e-01,2.955874055172e-03,-1.633003663643e-02,-1.512602972246e-04,-1.492637350675e-03,4.161521947637e-05
"                1596",1.475396206500e-01,4.175938935759e-03,-1.694246927220e-02,1.473881457035e-01,2.669340966947e-03,-1.690530114754e-02,-1.514749464161e-04,-1.506597968813e-03,3.716812466406e-05
"                1597",1.463958311712e-01,4.922117315285e-03,-1.778448821659e-02,1.462499449826e-01,3.403739016429e-03,-1.775341044854e-02,-1.458861886356e-04,-1.518378298856e-03,3.107776804503e-05
"                1598",1.459695021640e-01,5.539277201247e-03,-1.872478141730e-02,1.458347765333e-01,4.014320410725e-03,-1.870065114324e-02,-1.347256307118e-04,-1.524956790522e-03,2.413027405704e-05
"                1599",1.464677714020e-01,6.299657019490e-03,-1.963789600605e-02,1.463532571338e-01,4.776158227545e-03,-1.962083224484e-02,-1.145142682404e-04,-1.523498791945e-03,1.706376121574e-05
"                1600",1.497358442105e-01,6.239344993190e-03,-2.046850174272e-02,1.496433255064e-01,4.726164307337e-03,-2.045737713447e-02,-9.251870411005e-05,-1.513180685853e-03,1.112460824531e-05
"                1601",1.574513611220e-01,7.627255048934e-03,-2.115882355369e-02,1.573823763514e-01,6.130466077991e-03,-2.115221549062e-02,-6.898477060529e-05,-1.496788970943e-03,6.608063072011e-06
"                1602",1.687892725031e-01,1.037581224050e-02,-2.164595907709e-02,1.687414571368e-01,8.892456391585e-03,-2.164209087825e-02,-4.781536627289e-05,-1.483355848912e-03,3.868198843739e-06
"                1603",1.824230213770e-01,1.278999446801e-02,-2.194464020487e-02,1.823942852016e-01,1.131595406524e-02,-2.194186191443e-02,-2.873617539769e-05,-1.474040402767e-03,2.778290443879e-06
"                1604",1.969502977098e-01,1.385873607111e-02,-2.213907787558e-02,1.969372945376e-01,1.239067245702e-02,-2.213621203339e-02,-1.300317222907e-05,-1.468063614091e-03,2.865842192709e-06
"                1605",2.114089369661e-01,1.319175321624e-02,-2.227953155021e-02,2.114105862314e-01,1.172751619034e-02,-2.227628394838e-02,1.649265331980e-06,-1.464237025897e-03,3.247601826446e-06
"                1606",2.248044681399e-01,1.145827581769e-02,-2.238673507150e-02,2.248143670983e-01,9.996835930820e-03,-2.238302390199e-02,9.898958375637e-06,-1.461439886868e-03,3.711169512510e-06
"                1607",2.360004141056e-01,9.844572863770e-03,-2.252251333381e-02,2.360097955065e-01,8.383677643689e-03,-2.251811788183e-02,9.381400952785e-06,-1.460895220081e-03,4.395451980147e-06
"                1608",2.438436524814e-01,8.275612461599e-03,-2.275079357933e-02,2.438437717060e-01,6.808247310567e-03,-2.274545214949e-02,1.192245683838e-07,-1.467365151032e-03,5.341429832697e-06
"                1609",2.476521665873e-01,7.287039725238e-03,-2.303548218732e-02,2.476376359205e-01,5.806255684607e-03,-2.302905746263e-02,-1.453066683475e-05,-1.480784040631e-03,6.424724691927e-06
"                1610",2.475719818718e-01,6.899308002097e-03,-2.327349793297e-02,2.475374664656e-01,5.402213435405e-03,-2.326576625887e-02,-3.451540617499e-05,-1.497094566693e-03,7.731674105527e-06
"                1611",2.443743245206e-01,7.191834151499e-03,-2.336105314351e-02,2.443163344622e-01,5.680761439221e-03,-2.335105252479e-02,-5.799005835046e-05,-1.511072712278e-03,1.000061872117e-05
"                1612",2.392968626148e-01,7.440494011075e-03,-2.324522105669e-02,2.392146496414e-01,5.920388604271e-03,-2.323156765339e-02,-8.221297344876e-05,-1.520105406804e-03,1.365340330643e-05
"                1613",2.333824763257e-01,8.229461960465e-03,-2.285969178884e-02,2.332766831816e-01,6.708272284893e-03,-2.284101605094e-02,-1.057931441081e-04,-1.521189675571e-03,1.867573790096e-05
"                1614",2.263865135871e-01,8.192965829988e-03,-2.213277122271e-02,2.262639683436e-01,6.680145810664e-03,-2.210843332069e-02,-1.225452434944e-04,-1.512820019324e-03,2.433790201873e-05
"                1615",2.176206333066e-01,8.895557825092e-03,-2.107620434623e-02,2.174870699992e-01,7.397987343107e-03,-2.104580938485e-02,-1.335633074029e-04,-1.497570481985e-03,3.039496138378e-05
"                1616",2.079523491319e-01,1.068972073798e-02,-1.984227098517e-02,2.078168319208e-01,9.203791974180e-03,-1.980621647390e-02,-1.355172111154e-04,-1.485928763795e-03,3.605451127388e-05
"                1617",1.979209061594e-01,1.219057083181e-02,-1.860420846773e-02,1.977865810568e-01,1.071145233304e-02,-1.856334483039e-02,-1.343251025430e-04,-1.479118498765e-03,4.086363733731e-05
"                1618",1.884761877322e-01,1.225706374908e-02,-1.753043296502e-02,1.883400526358e-01,1.078175228587e-02,-1.748603177016e-02,-1.361350964633e-04,-1.475311463204e-03,4.440119486313e-05
"                1619",1.795497744667e-01,1.107314210975e-02,-1.677722479473e-02,1.794055684479e-01,9.600793226305e-03,-1.673083685883e-02,-1.442060187668e-04,-1.472348883449e-03,4.638793589959e-05
"                1620",1.704430469885e-01,9.518648677279e-03,-1.645493589102e-02,1.702873388367e-01,8.050373534978e-03,-1.640835988464e-02,-1.557081517547e-04,-1.468275142301e-03,4.657600637400e-05
"                1621",1.609793037727e-01,8.581165762216e-03,-1.657584570045e-02,1.608135875695e-01,7.114710785413e-03,-1.653124407467e-02,-1.657162031828e-04,-1.466454976803e-03,4.460162578661e-05
"                1622",1.520597931456e-01,7.629975520985e-03,-1.703462934062e-02,1.518867774422e-01,6.158057930887e-03,-1.699390205110e-02,-1.730157033701e-04,-1.471917590098e-03,4.072728952062e-05
"                1623",1.450245328528e-01,7.189214447543e-03,-1.769183230889e-02,1.448477344616e-01,5.704860200567e-03,-1.765605673735e-02,-1.767983911959e-04,-1.484354246976e-03,3.577557154284e-05
"                1624",1.410937281786e-01,7.127414294562e-03,-1.843627577032e-02,1.409206207692e-01,5.628657073736e-03,-1.840575359847e-02,-1.731074093897e-04,-1.498757220826e-03,3.052217184743e-05
"                1625",1.397539115103e-01,7.452243481648e-03,-1.913088301513e-02,1.395963638782e-01,5.940610609790e-03,-1.910568731712e-02,-1.575476320803e-04,-1.511632871858e-03,2.519569801200e-05
"                1626",1.406666896805e-01,8.255678149617e-03,-1.962823922711e-02,1.405365703492e-01,6.737953567475e-03,-1.960814313696e-02,-1.301193312475e-04,-1.517724582142e-03,2.009609014533e-05
"                1627",1.445515496110e-01,9.396661058499e-03,-1.988964391319e-02,1.444564314150e-01,7.881667617868e-03,-1.987402356350e-02,-9.511819603743e-05,-1.514993440631e-03,1.562034968890e-05
"                1628",1.529401360940e-01,9.525392968182e-03,-2.003157519907e-02,1.528779127210e-01,8.022637198856e-03,-2.001907747157e-02,-6.222337299304e-05,-1.502755769327e-03,1.249772750423e-05
"                1629",1.657183471063e-01,1.037182100837e-02,-2.021274260919e-02,1.656861017462e-01,8.884431438148e-03,-2.020250107434e-02,-3.224536012991e-05,-1.487389570218e-03,1.024153484265e-05
"                1630",1.804479522372e-01,1.208396165408e-02,-2.048711096708e-02,1.804353368114e-01,1.060835504248e-02,-2.047835160607e-02,-1.261542579354e-05,-1.475606611608e-03,8.759361016040e-06
"                1631",1.957942080417e-01,1.393525227037e-02,-2.089541123204e-02,1.957912244199e-01,1.246807253820e-02,-2.088800364536e-02,-2.983621730061e-06,-1.467179732169e-03,7.407586674576e-06
"                1632",2.097828786542e-01,1.443545129221e-02,-2.145852666747e-02,2.097841632176e-01,1.297429765589e-02,-2.145274734116e-02,1.284563408686e-06,-1.461153636316e-03,5.779326311570e-06
"                1633",2.214883951394e-01,1.395189687060e-02,-2.217552852529e-02,2.214904698886e-01,1.249584353265e-02,-2.217172436596e-02,2.074749202344e-06,-1.456053337950e-03,3.804159325890e-06
"                1634",2.306600585217e-01,1.278083257871e-02,-2.296220028190e-02,2.306577437684e-01,1.132935172853e-02,-2.296029741921e-02,-2.314753208152e-06,-1.451480850173e-03,1.902862687916e-06
"                1635",2.374164894615e-01,1.190231854142e-02,-2.367183502140e-02,2.374036716062e-01,1.045087589755e-02,-2.367114740394e-02,-1.281785527836e-05,-1.451442643870e-03,6.876174585287e-07
"                1636",2.414713960199e-01,1.063198158265e-02,-2.417563996991e-02,2.414460212785e-01,9.171628788069e-03,-2.417496870446e-02,-2.537474134276e-05,-1.460352794579e-03,6.712654528922e-07
"                1637",2.420429446841e-01,9.480183926208e-03,-2.437017800109e-02,2.420083459367e-01,8.004129609216e-03,-2.436810677245e-02,-3.459874745814e-05,-1.476054316991e-03,2.071228640805e-06
"                1638",2.399923494675e-01,9.215023875093e-03,-2.419053177364e-02,2.399495224214e-01,7.721342682255e-03,-2.418531442350e-02,-4.282704608544e-05,-1.493681192838e-03,5.217350136020e-06
"                1639",2.374667918742e-01,9.549654454492e-03,-2.361817989319e-02,2.374132155325e-01,8.040817666727e-03,-2.360792409158e-02,-5.357634162365e-05,-1.508836787765e-03,1.025580160836e-05
"                1640",2.360840358392e-01,9.975183417019e-03,-2.275072669974e-02,2.360163250032e-01,8.458650321675e-03,-2.273375010431e-02,-6.771083598693e-05,-1.516533095344e-03,1.697659542756e-05
"                1641",2.345712673507e-01,1.020699473062e-02,-2.170360228745e-02,2.344880189994e-01,8.691581344262e-03,-2.167900356480e-02,-8.324835130303e-05,-1.515413386362e-03,2.459872265203e-05
"                1642",2.303160493060e-01,9.722858197385e-03,-2.056069919197e-02,2.302210647855e-01,8.218505097007e-03,-2.052896493218e-02,-9.498452045636e-05,-1.504353100378e-03,3.173425979205e-05
"                1643",2.228923191742e-01,9.962738248682e-03,-1.942171419558e-02,2.227836324927e-01,8.472644185031e-03,-1.938395395820e-02,-1.086866815719e-04,-1.490094063650e-03,3.776023738044e-05
"                1644",2.136122285013e-01,1.151394300786e-02,-1.845750567589e-02,2.134916658831e-01,1.003442490150e-02,-1.841563448110e-02,-1.205626182419e-04,-1.479518106354e-03,4.187119478386e-05
"                1645",2.023298584945e-01,1.352748669629e-02,-1.778189095343e-02,2.021978368784e-01,1.205564750592e-02,-1.773785942472e-02,-1.320216160626e-04,-1.471839190365e-03,4.403152870691e-05
"                1646",1.898640435680e-01,1.395676360820e-02,-1.747676281884e-02,1.897155238066e-01,1.249063309216e-02,-1.743209747027e-02,-1.485197614223e-04,-1.466130516039e-03,4.466534856146e-05
"                1647",1.765912333190e-01,1.313435784684e-02,-1.749496693423e-02,1.764239566798e-01,1.167297647093e-02,-1.745124579503e-02,-1.672766391655e-04,-1.461381375913e-03,4.372113919982e-05
"                1648",1.633903800864e-01,1.172124787999e-02,-1.770979690339e-02,1.632071240510e-01,1.026389999842e-02,-1.766818856482e-02,-1.832560353562e-04,-1.457347881571e-03,4.160833857004e-05
"                1649",1.516681935659e-01,1.066848594666e-02,-1.803094862839e-02,1.514788571313e-01,9.209225022928e-03,-1.799234326389e-02,-1.893364346010e-04,-1.459260923728e-03,3.860536449684e-05
"                1650",1.427526813780e-01,9.626192076155e-03,-1.834952741124e-02,1.425658980411e-01,8.156211204966e-03,-1.831404870305e-02,-1.867833368513e-04,-1.469980871189e-03,3.547870819081e-05
"                1651",1.379787783094e-01,9.096522952390e-03,-1.857225256092e-02,1.378034022061e-01,7.611087808814e-03,-1.853977473878e-02,-1.753761033000e-04,-1.485435143576e-03,3.247782214239e-05
"                1652",1.379426012298e-01,9.309065474429e-03,-1.864742812015e-02,1.377868494899e-01,7.808355545763e-03,-1.861768712755e-02,-1.557517399082e-04,-1.500709928666e-03,2.974099259829e-05
"                1653",1.409549316025e-01,9.918712157358e-03,-1.858741895096e-02,1.408302152634e-01,8.406200482659e-03,-1.856047862382e-02,-1.247163390741e-04,-1.512511674699e-03,2.694032713882e-05
"                1654",1.461438735606e-01,1.020784140238e-02,-1.851344825663e-02,1.460558008822e-01,8.691064602192e-03,-1.848951416721e-02,-8.807267844619e-05,-1.516776800184e-03,2.393408941596e-05
"                1655",1.535856935646e-01,9.906291070777e-03,-1.855114243898e-02,1.535323169635e-01,8.394405675662e-03,-1.853058093094e-02,-5.337660112906e-05,-1.511885395115e-03,2.056150804466e-05
"                1656",1.649221214922e-01,9.899193228478e-03,-1.885514384483e-02,1.648919623460e-01,8.401909290069e-03,-1.883808709379e-02,-3.015914620078e-05,-1.497283938409e-03,1.705675104817e-05
"                1657",1.778980891266e-01,1.157688254602e-02,-1.948004524470e-02,1.778819972792e-01,1.009469220817e-02,-1.946688553384e-02,-1.609184747054e-05,-1.482190337851e-03,1.315971085327e-05
"                1658",1.905869255580e-01,1.426198393597e-02,-2.043575565631e-02,1.905741226356e-01,1.279201357164e-02,-2.042649543514e-02,-1.280292240593e-05,-1.469970364326e-03,9.260221165432e-06
"                1659",2.017763118352e-01,1.682656968531e-02,-2.161058592129e-02,2.017592016102e-01,1.536605997636e-02,-2.160524205236e-02,-1.711022499459e-05,-1.460509708955e-03,5.343868937291e-06
"                1660",2.114636354781e-01,1.724889188626e-02,-2.280187797717e-02,2.114422856682e-01,1.579534872684e-02,-2.280044839535e-02,-2.134980985412e-05,-1.453543159417e-03,1.429581823398e-06
"                1661",2.198852374590e-01,1.627498293540e-02,-2.381869950608e-02,2.198613928291e-01,1.482577248988e-02,-2.382034821565e-02,-2.384462987218e-05,-1.449210445517e-03,-1.648709565996e-06
"                1662",2.266571650943e-01,1.476316189107e-02,-2.451799289294e-02,2.266342713123e-01,1.331601393093e-02,-2.452107357736e-02,-2.289378205588e-05,-1.447147960134e-03,-3.080684423506e-06
"                1663",2.320818362301e-01,1.341672446659e-02,-2.479199191371e-02,2.320599788360e-01,1.196486956042e-02,-2.479429104691e-02,-2.185739402718e-05,-1.451854906172e-03,-2.299133206155e-06
"                1664",2.366447636696e-01,1.218982278543e-02,-2.458491215287e-02,2.366248794239e-01,1.072506068285e-02,-2.458437109020e-02,-1.988424563565e-05,-1.464762102577e-03,5.410626691916e-07
"                1665",2.401565556484e-01,1.123171855570e-02,-2.394728605682e-02,2.401395839346e-01,9.749579850662e-03,-2.394221075743e-02,-1.697171372862e-05,-1.482138705037e-03,5.075299387330e-06
"                1666",2.428114716479e-01,1.106313640797e-02,-2.304877901861e-02,2.427934702920e-01,9.564258017446e-03,-2.303757382963e-02,-1.800135591971e-05,-1.498878390524e-03,1.120518897413e-05
"                1667",2.445591949259e-01,1.070849358965e-02,-2.205066281232e-02,2.445330411634e-01,9.197281709309e-03,-2.203240872341e-02,-2.615376247243e-05,-1.511211880338e-03,1.825408891197e-05
"                1668",2.450037103752e-01,1.054517151651e-02,-2.107676406036e-02,2.449594214354e-01,9.029375037516e-03,-2.105133757005e-02,-4.428893974129e-05,-1.515796478996e-03,2.542649031259e-05
"                1669",2.426536964181e-01,1.015787238611e-02,-2.025241829906e-02,2.425834897982e-01,8.647484626994e-03,-2.022075464365e-02,-7.020661986624e-05,-1.510387759119e-03,3.166365540930e-05
"                1670",2.353925351414e-01,1.071814240741e-02,-1.964262976403e-02,2.352960861322e-01,9.223090708892e-03,-1.960634808308e-02,-9.644900915596e-05,-1.495051698517e-03,3.628168095403e-05
"                1671",2.236656530719e-01,1.249999836068e-02,-1.927823328409e-02,2.235438712272e-01,1.102004715457e-02,-1.923916251783e-02,-1.217818447493e-04,-1.479951206114e-03,3.907076625854e-05
"                1672",2.094439405073e-01,1.485400420177e-02,-1.909871569068e-02,2.093005440331e-01,1.338487640834e-02,-1.905866969825e-02,-1.433964741662e-04,-1.469127793437e-03,4.004599243657e-05
"                1673",1.942246541513e-01,1.636853100791e-02,-1.898949192569e-02,1.940645741795e-01,1.490637699761e-02,-1.894968776379e-02,-1.600799717868e-04,-1.462154010293e-03,3.980416190026e-05
"                1674",1.792926727746e-01,1.603789890423e-02,-1.889750436617e-02,1.791182048622e-01,1.457998015273e-02,-1.885810352812e-02,-1.744679123985e-04,-1.457918751494e-03,3.940083805199e-05
"                1675",1.654673002187e-01,1.458904599021e-02,-1.875941624088e-02,1.652854273823e-01,1.313381542516e-02,-1.872036593240e-02,-1.818728364482e-04,-1.455230565056e-03,3.905030847862e-05
"                1676",1.539846680578e-01,1.323795076771e-02,-1.851667494055e-02,1.538036915914e-01,1.178420194760e-02,-1.847794869276e-02,-1.809764663525e-04,-1.453748820109e-03,3.872624779221e-05
"                1677",1.459587466220e-01,1.190624400791e-02,-1.813554840865e-02,1.457886962844e-01,1.044697037038e-02,-1.809732892073e-02,-1.700503376277e-04,-1.459273637532e-03,3.821948791845e-05
"                1678",1.422108677916e-01,1.085648491451e-02,-1.769328830634e-02,1.420579270490e-01,9.384379418817e-03,-1.765559883411e-02,-1.529407425691e-04,-1.472105495689e-03,3.768947223408e-05
"                1679",1.424040608394e-01,1.031232251736e-02,-1.733294547531e-02,1.422722838799e-01,8.824394869448e-03,-1.729608851287e-02,-1.317769594540e-04,-1.487927647913e-03,3.685696244202e-05
"                1680",1.463449789030e-01,1.038798708706e-02,-1.717509648889e-02,1.462358079970e-01,8.886022504151e-03,-1.714007146795e-02,-1.091709059978e-04,-1.501964582910e-03,3.502502093694e-05
"                1681",1.519598615366e-01,1.048194323012e-02,-1.726900675007e-02,1.518745711221e-01,8.971563333099e-03,-1.723746999467e-02,-8.529041444712e-05,-1.510379897023e-03,3.153675539757e-05
"                1682",1.577626715654e-01,1.088229476284e-02,-1.768466803373e-02,1.577017075292e-01,9.371993496357e-03,-1.765826299074e-02,-6.096403625777e-05,-1.510301266484e-03,2.640504298546e-05
"                1683",1.635267676484e-01,1.125601821325e-02,-1.847065298788e-02,1.634834955936e-01,9.755940400833e-03,-1.845027560637e-02,-4.327205475188e-05,-1.500077812413e-03,2.037738151762e-05
"                1684",1.710960742696e-01,1.301616961534e-02,-1.962046766393e-02,1.710622614828e-01,1.153416353301e-02,-1.960646361796e-02,-3.381278687542e-05,-1.482006082324e-03,1.400404596753e-05
"                1685",1.797114832813e-01,1.566385561435e-02,-2.093744553929e-02,1.796803171443e-01,1.419692421688e-02,-2.092963844274e-02,-3.116613701715e-05,-1.466931397469e-03,7.807096545883e-06
"                1686",1.890582900321e-01,1.787455869178e-02,-2.225270427519e-02,1.890272444218e-01,1.641720852467e-02,-2.225015022200e-02,-3.104561035547e-05,-1.457350167106e-03,2.554053199238e-06
"                1687",1.981998605039e-01,1.903308186295e-02,-2.338886823763e-02,1.981713869417e-01,1.758182982305e-02,-2.339004579589e-02,-2.847356225530e-05,-1.451252039899e-03,-1.177558264934e-06
"                1688",2.071589829183e-01,1.861212524791e-02,-2.416091754776e-02,2.071403171220e-01,1.716437449014e-02,-2.416420604346e-02,-1.866579631979e-05,-1.447750757765e-03,-3.288495699060e-06
"                1689",2.166223881750e-01,1.746252571947e-02,-2.443784618921e-02,2.166169873565e-01,1.601723868557e-02,-2.444134065216e-02,-5.400818526148e-06,-1.445287033906e-03,-3.494462953069e-06
"                1690",2.265944993421e-01,1.607076467753e-02,-2.423000421317e-02,2.266018655435e-01,1.462579387171e-02,-2.423148231435e-02,7.366201382527e-06,-1.444970805822e-03,-1.478101185071e-06
"                1691",2.365508097719e-01,1.458301407313e-02,-2.369611445941e-02,2.365682495979e-01,1.313116892754e-02,-2.369361441257e-02,1.743982593483e-05,-1.451845145590e-03,2.500046837969e-06
"                1692",2.448895732985e-01,1.309395313336e-02,-2.298278899817e-02,2.449122138799e-01,1.162740853206e-02,-2.297518765470e-02,2.264058144129e-05,-1.466544601302e-03,7.601343469678e-06
"                1693",2.502036173294e-01,1.185686618595e-02,-2.220289932770e-02,2.502261769981e-01,1.037306839680e-02,-2.219012528095e-02,2.255966866108e-05,-1.483797789152e-03,1.277404674568e-05
"                1694",2.522755445669e-01,1.157930417590e-02,-2.152112198096e-02,2.522844347603e-01,1.008070093987e-02,-2.150319483863e-02,8.890193334309e-06,-1.498603236030e-03,1.792714233851e-05
"                1695",2.515261972645e-01,1.183701596779e-02,-2.109810111650e-02,2.515092672206e-01,1.032980252814e-02,-2.107540714506e-02,-1.693004389815e-05,-1.507213439640e-03,2.269397144108e-05
"                1696",2.479294832867e-01,1.295196027948e-02,-2.096801250074e-02,2.478777435502e-01,1.144474807219e-02,-2.094114876353e-02,-5.173973646469e-05,-1.507212207289e-03,2.686373721081e-05
"                1697",2.401508670335e-01,1.326051134191e-02,-2.098360597285e-02,2.400637674851e-01,1.176281384067e-02,-2.095385466523e-02,-8.709954834902e-05,-1.497697501241e-03,2.975130762444e-05
"                1698",2.278486941175e-01,1.401480831491e-02,-2.094442361967e-02,2.277297633954e-01,1.253332469522e-02,-2.091262534143e-02,-1.189307221134e-04,-1.481483619693e-03,3.179827823528e-05
"                1699",2.130558904034e-01,1.550625542432e-02,-2.077003845933e-02,2.129161074758e-01,1.403654327001e-02,-2.073677072910e-02,-1.397829276581e-04,-1.469712154306e-03,3.326773022674e-05
"                1700",1.976182535974e-01,1.718597371682e-02,-2.038366118557e-02,1.974677475376e-01,1.572294366365e-02,-2.034876963240e-02,-1.505060598538e-04,-1.463030053170e-03,3.489155316754e-05
"                1701",1.832032081471e-01,1.769552111978e-02,-1.974717467703e-02,1.830492329423e-01,1.623609606297e-02,-1.971035051786e-02,-1.539752048234e-04,-1.459425056805e-03,3.682415917171e-05
"                1702",1.712289199946e-01,1.689399966671e-02,-1.887959782773e-02,1.710752911663e-01,1.543746794620e-02,-1.884034245680e-02,-1.536288283096e-04,-1.456531720512e-03,3.925537093298e-05
"                1703",1.622910874591e-01,1.524451685895e-02,-1.792669245421e-02,1.621421011473e-01,1.379118272681e-02,-1.788485342455e-02,-1.489863118562e-04,-1.453334132146e-03,4.183902966734e-05
"                1704",1.559727805058e-01,1.368257378631e-02,-1.706594005274e-02,1.558343397188e-01,1.222964112379e-02,-1.702218385999e-02,-1.384407869871e-04,-1.452932662523e-03,4.375619274965e-05
"                1705",1.519622413012e-01,1.222663916494e-02,-1.643333307199e-02,1.518367730397e-01,1.076635640251e-02,-1.638904643556e-02,-1.254682614974e-04,-1.460282762431e-03,4.428663643489e-05
"                1706",1.512781496182e-01,1.129882991775e-02,-1.616489911794e-02,1.511614140814e-01,9.824881626475e-03,-1.612173551821e-02,-1.167355367320e-04,-1.473948291278e-03,4.316359973616e-05
"                1707",1.526886824831e-01,1.136896586553e-02,-1.634158802201e-02,1.525795830153e-01,9.880980521756e-03,-1.630150457690e-02,-1.090994677657e-04,-1.487985343773e-03,4.008344510357e-05
"                1708",1.547104334340e-01,1.227231649586e-02,-1.699254016389e-02,1.546101121872e-01,1.077305512574e-02,-1.695755371659e-02,-1.003212468117e-04,-1.499261370128e-03,3.498644730323e-05
"                1709",1.556908286324e-01,1.339476725965e-02,-1.798021200912e-02,1.556029156922e-01,1.189107473969e-02,-1.795219798099e-02,-8.791294024207e-05,-1.503692519962e-03,2.801402812875e-05
"                1710",1.568354641735e-01,1.428117195201e-02,-1.914830987826e-02,1.567617734312e-01,1.278087076509e-02,-1.912830884017e-02,-7.369074232618e-05,-1.500301186925e-03,2.000103809155e-05
"                1711",1.602100753367e-01,1.396629739538e-02,-2.037633303608e-02,1.601487670446e-01,1.247790174905e-02,-2.036387745788e-02,-6.130829217542e-05,-1.488395646333e-03,1.245557820410e-05
"                1712",1.666948387437e-01,1.478940509193e-02,-2.155011185720e-02,1.666483886625e-01,1.331627157775e-02,-2.154394328132e-02,-4.645008117653e-05,-1.473133514182e-03,6.168575879794e-06
"                1713",1.753252049665e-01,1.716477886528e-02,-2.249125028177e-02,1.752916124743e-01,1.570341455562e-02,-2.248921502226e-02,-3.359249222086e-05,-1.461364309651e-03,2.035259511318e-06
"                1714",1.864547104553e-01,1.970476013570e-02,-2.309048540175e-02,1.864341805376e-01,1.825176905822e-02,-2.309050425900e-02,-2.052991769593e-05,-1.452991077475e-03,-1.885725134359e-08
"                1715",1.993751571419e-01,2.041547475632e-02,-2.329581582176e-02,1.993715936935e-01,1.896804963242e-02,-2.329612963670e-02,-3.563448450604e-06,-1.447425123898e-03,-3.138149409228e-07
"                1716",2.132801853464e-01,1.944614202436e-02,-2.318307743111e-02,2.132971712260e-01,1.800302698157e-02,-2.318215448694e-02,1.698587958792e-05,-1.443115042795e-03,9.229441710950e-07
"                1717",2.272122968881e-01,1.774395559874e-02,-2.288642663091e-02,2.272473328393e-01,1.630422205153e-02,-2.288317480918e-02,3.503595118593e-05,-1.439733547209e-03,3.251821736589e-06
"                1718",2.396938603213e-01,1.620656709951e-02,-2.251598096224e-02,2.397369601435e-01,1.476642593794e-02,-2.250973686588e-02,4.309982220938e-05,-1.440141161574e-03,6.244096359544e-06
"                1719",2.493952482954e-01,1.463928458548e-02,-2.220927344452e-02,2.494369435023e-01,1.319088600827e-02,-2.220005954722e-02,4.169520685646e-05,-1.448398577207e-03,9.213897293852e-06
"                1720",2.549250672756e-01,1.386525120145e-02,-2.207816241429e-02,2.549564595802e-01,1.240288135049e-02,-2.206629185151e-02,3.139230455449e-05,-1.462369850962e-03,1.187056277829e-05
"                1721",2.556882472565e-01,1.389322389200e-02,-2.215980588559e-02,2.557013070382e-01,1.241504899242e-02,-2.214577344964e-02,1.305978167618e-05,-1.478174899586e-03,1.403243594656e-05
"                1722",2.529188569332e-01,1.432090993332e-02,-2.238042003558e-02,2.529024980059e-01,1.282907519469e-02,-2.236427651869e-02,-1.635892736959e-05,-1.491834738623e-03,1.614351689369e-05
"                1723",2.478712424408e-01,1.460264741390e-02,-2.259400323029e-02,2.478204434477e-01,1.310335034088e-02,-2.257550216384e-02,-5.079899312663e-05,-1.499297073014e-03,1.850106645152e-05
"                1724",2.402306137582e-01,1.481288717862e-02,-2.264795132354e-02,2.401463454168e-01,1.331436255712e-02,-2.262641316397e-02,-8.426834140610e-05,-1.498524621509e-03,2.153815956293e-05
"                1725",2.292389322117e-01,1.460478027609e-02,-2.238378942177e-02,2.291313182040e-01,1.311703477954e-02,-2.235870911026e-02,-1.076140077300e-04,-1.487745496549e-03,2.508031150953e-05
"                1726",2.164890040712e-01,1.513752469612e-02,-2.171300063302e-02,2.163653399199e-01,1.366395016710e-02,-2.168363297139e-02,-1.236641512715e-04,-1.473574529025e-03,2.936766163645e-05
"                1727",2.043678120040e-01,1.689581374153e-02,-2.065957449718e-02,2.042405166167e-01,1.543300681041e-02,-2.062575894168e-02,-1.272953872588e-04,-1.462806931128e-03,3.381555549771e-05
"                1728",1.938487413751e-01,1.862362951356e-02,-1.935670696471e-02,1.937261430464e-01,1.716834428553e-02,-1.931829593534e-02,-1.225983286900e-04,-1.455285228037e-03,3.841102937759e-05
"                1729",1.848444832752e-01,1.863024805522e-02,-1.803920275888e-02,1.847282631988e-01,1.718018676679e-02,-1.799629068661e-02,-1.162200764516e-04,-1.450061288424e-03,4.291207227514e-05
"                1730",1.768193044047e-01,1.727555026014e-02,-1.689966100556e-02,1.767055087530e-01,1.582916320329e-02,-1.685309162951e-02,-1.137956516988e-04,-1.446387056851e-03,4.656937605339e-05
"                1731",1.700381246015e-01,1.539504172571e-02,-1.611056123517e-02,1.699218601747e-01,1.395246170722e-02,-1.606212320126e-02,-1.162644267650e-04,-1.442580018484e-03,4.843803390744e-05
"                1732",1.641620679424e-01,1.438785866184e-02,-1.581203759884e-02,1.640428386831e-01,1.294429698954e-02,-1.576413999946e-02,-1.192292592908e-04,-1.443561672297e-03,4.789759937486e-05
"                1733",1.588028166395e-01,1.380196674034e-02,-1.605998538845e-02,1.586804456785e-01,1.234963449886e-02,-1.601498911486e-02,-1.223709610096e-04,-1.452332241482e-03,4.499627359388e-05
"                1734",1.545803813523e-01,1.353422835248e-02,-1.678829274764e-02,1.544549623904e-01,1.206819746874e-02,-1.674818627679e-02,-1.254189619084e-04,-1.466030883748e-03,4.010647085008e-05
"                1735",1.515295926271e-01,1.393181583900e-02,-1.779442301834e-02,1.514051425895e-01,1.245129074610e-02,-1.776085236279e-02,-1.244500375822e-04,-1.480525092897e-03,3.357065554452e-05
"                1736",1.493991295500e-01,1.447773502486e-02,-1.888440376093e-02,1.492830069492e-01,1.298511748000e-02,-1.885819479575e-02,-1.161226007431e-04,-1.492617544863e-03,2.620896518089e-05
"                1737",1.484231566515e-01,1.473466596368e-02,-1.990697902508e-02,1.483258950136e-01,1.323705222723e-02,-1.988806585784e-02,-9.726163783884e-05,-1.497613736444e-03,1.891316723799e-05
"                1738",1.500147403479e-01,1.481654827023e-02,-2.070703840861e-02,1.499452796123e-01,1.332287319197e-02,-2.069437455850e-02,-6.946073560483e-05,-1.493675078255e-03,1.266385010797e-05
"                1739",1.567187122680e-01,1.519554360761e-02,-2.122478835955e-02,1.566775233074e-01,1.371552142452e-02,-2.121659609007e-02,-4.118896059762e-05,-1.480022183095e-03,8.192269476416e-06
"                1740",1.682662879516e-01,1.683266061986e-02,-2.145906304201e-02,1.682534972619e-01,1.536749739661e-02,-2.145349052147e-02,-1.279068974840e-05,-1.465163223245e-03,5.572520544400e-06
"                1741",1.827733172753e-01,1.917587937287e-02,-2.152606796730e-02,1.827854935476e-01,1.772240334794e-02,-2.152119275864e-02,1.217627227572e-05,-1.453476024934e-03,4.875208659181e-06
"                1742",1.987035557527e-01,2.117800040572e-02,-2.156075441890e-02,1.987351077222e-01,1.973311304452e-02,-2.155535470066e-02,3.155196944184e-05,-1.444887361200e-03,5.399718235234e-06
"                1743",2.143618713194e-01,2.122737763472e-02,-2.162155338634e-02,2.144096019288e-01,1.978888267887e-02,-2.161566492181e-02,4.773060946354e-05,-1.438494955841e-03,5.888464529756e-06
"                1744",2.285393306611e-01,2.010896055452e-02,-2.177513606096e-02,2.285960478795e-01,1.867510893126e-02,-2.176907374043e-02,5.671721842635e-05,-1.433851623258e-03,6.062320529637e-06
"                1745",2.401404278242e-01,1.885180493155e-02,-2.208743052553e-02,2.401983281365e-01,1.742088417822e-02,-2.208149002531e-02,5.790031227524e-05,-1.430920753337e-03,5.940500218325e-06
"                1746",2.482149649831e-01,1.764949339353e-02,-2.258826939309e-02,2.482631417341e-01,1.621539288347e-02,-2.258239213147e-02,4.817675094893e-05,-1.434100510058e-03,5.877261612126e-06
"                1747",2.522679120647e-01,1.653511202940e-02,-2.317901203141e-02,2.523006265193e-01,1.508923667065e-02,-2.317327697825e-02,3.271445464685e-05,-1.445875358748e-03,5.735053162390e-06
"                1748",2.524612188490e-01,1.596692698038e-02,-2.368144544859e-02,2.524749764737e-01,1.450422068655e-02,-2.367555952788e-02,1.375762475042e-05,-1.462706293828e-03,5.885920713043e-06
"                1749",2.488081300480e-01,1.580608061312e-02,-2.395747119712e-02,2.488017021496e-01,1.432556350810e-02,-2.395032240411e-02,-6.427898401817e-06,-1.480517105020e-03,7.148793006024e-06
"                1750",2.432663686158e-01,1.544313575027e-02,-2.390691696575e-02,2.432378474588e-01,1.394889130712e-02,-2.389650843632e-02,-2.852115695474e-05,-1.494244443146e-03,1.040852942951e-05
"                1751",2.381303577505e-01,1.555759004331e-02,-2.347454461224e-02,2.380793347251e-01,1.405773592511e-02,-2.345896691306e-02,-5.102302544357e-05,-1.499854118201e-03,1.557769918399e-05
"                1752",2.331215474244e-01,1.553876876513e-02,-2.260113550646e-02,2.330522534731e-01,1.404325286029e-02,-2.257907434889e-02,-6.929395133107e-05,-1.495515904834e-03,2.206115757171e-05
"                1753",2.267779609979e-01,1.589007986251e-02,-2.135179118032e-02,2.266988247786e-01,1.440887186038e-02,-2.132272692789e-02,-7.913621925694e-05,-1.481208002130e-03,2.906425242631e-05
"                1754",2.187324604168e-01,1.692952974506e-02,-1.992590380491e-02,2.186487131142e-01,1.546280836498e-02,-1.988981740127e-02,-8.374730263811e-05,-1.466721380083e-03,3.608640364302e-05
"                1755",2.098732982675e-01,1.847036155230e-02,-1.852873152362e-02,2.097886733427e-01,1.701372909729e-02,-1.848679402238e-02,-8.462492479511e-05,-1.456632455007e-03,4.193750124462e-05
"                1756",2.009189300544e-01,1.980049287197e-02,-1.734653144130e-02,2.008316598034e-01,1.835040754531e-02,-1.730053857804e-02,-8.727025095566e-05,-1.450085326661e-03,4.599286326063e-05
"                1757",1.921655957632e-01,1.964149426957e-02,-1.658719450452e-02,1.920681034188e-01,1.819568948772e-02,-1.653895824146e-02,-9.749234445075e-05,-1.445804781847e-03,4.823626305969e-05
"                1758",1.824182903106e-01,1.864180458489e-02,-1.633295909360e-02,1.823068113925e-01,1.719993321737e-02,-1.628458722690e-02,-1.114789180887e-04,-1.441871367517e-03,4.837186669356e-05
"                1759",1.718369171543e-01,1.754817282595e-02,-1.659469135367e-02,1.717104371949e-01,1.610889390192e-02,-1.654842043967e-02,-1.264799594225e-04,-1.439278924038e-03,4.627091400883e-05
"                1760",1.611685930459e-01,1.658026198464e-02,-1.719360627489e-02,1.610309328666e-01,1.513591301979e-02,-1.715153740068e-02,-1.376601793327e-04,-1.444348964850e-03,4.206887420410e-05
"                1761",1.519746659442e-01,1.573617426810e-02,-1.795491167362e-02,1.518314986636e-01,1.427885502058e-02,-1.791815991289e-02,-1.431672806311e-04,-1.457319247524e-03,3.675176072703e-05
"                1762",1.457947005404e-01,1.486782377253e-02,-1.875013916183e-02,1.456530475842e-01,1.339414279289e-02,-1.871866283014e-02,-1.416529561581e-04,-1.473680979645e-03,3.147633168393e-05
"                1763",1.432260828489e-01,1.480245599060e-02,-1.940520662145e-02,1.430989600294e-01,1.331379088586e-02,-1.937873153462e-02,-1.271228194562e-04,-1.488665104734e-03,2.647508683173e-05
"                1764",1.440527507349e-01,1.500460198583e-02,-1.976998257038e-02,1.439514879925e-01,1.350579344541e-02,-1.974797478180e-02,-1.012627423550e-04,-1.498808540416e-03,2.200778858114e-05
"                1765",1.479346285618e-01,1.609926697532e-02,-1.981357995006e-02,1.478696787100e-01,1.459949797025e-02,-1.979541101876e-02,-6.494985179556e-05,-1.499769005070e-03,1.816893129636e-05
"                1766",1.557561503971e-01,1.656271848335e-02,-1.970176335240e-02,1.557287016026e-01,1.507206190295e-02,-1.968617398278e-02,-2.744879457678e-05,-1.490656580398e-03,1.558936961681e-05
"                1767",1.680993917843e-01,1.734011044458e-02,-1.965435459616e-02,1.681055363029e-01,1.586655861329e-02,-1.964051546760e-02,6.144518609436e-06,-1.473551831292e-03,1.383912856275e-05
"                1768",1.829987550622e-01,1.895727935891e-02,-1.977406945811e-02,1.830282281042e-01,1.749808977237e-02,-1.976166699888e-02,2.947304200543e-05,-1.459189586533e-03,1.240245922464e-05
"                1769",1.986284510878e-01,2.108008489096e-02,-2.015633530229e-02,1.986699486428e-01,1.963120045030e-02,-2.014560545866e-02,4.149755506815e-05,-1.448884440654e-03,1.072984362136e-05
"                1770",2.130419983540e-01,2.264375673481e-02,-2.084832551062e-02,2.130865264337e-01,2.120303945243e-02,-2.083968791612e-02,4.452807968652e-05,-1.440717282374e-03,8.637594491700e-06
"                1771",2.250140308888e-01,2.287166707750e-02,-2.181967542688e-02,2.250577884676e-01,2.143691453167e-02,-2.181381905753e-02,4.375757873491e-05,-1.434752545829e-03,5.856369349211e-06
"                1772",2.340121206597e-01,2.209949041862e-02,-2.289053307234e-02,2.340508547630e-01,2.066892020245e-02,-2.288772787367e-02,3.873410332699e-05,-1.430570216172e-03,2.805198671844e-06
"                1773",2.403577655258e-01,2.078754809061e-02,-2.385451853054e-02,2.403872136994e-01,1.935818506968e-02,-2.385420286656e-02,2.944817365030e-05,-1.429363020925e-03,3.156639851623e-07
"                1774",2.442802439236e-01,1.896243595974e-02,-2.456348269939e-02,2.442983106460e-01,1.752621153155e-02,-2.456414374191e-02,1.806672240103e-05,-1.436224428185e-03,-6.610425200431e-07
"                1775",2.454240210081e-01,1.726294777155e-02,-2.487714467537e-02,2.454335747042e-01,1.581177072846e-02,-2.487684184558e-02,9.553696033752e-06,-1.451177043097e-03,3.028297872335e-07
"                1776",2.447778005675e-01,1.650690581613e-02,-2.470311510985e-02,2.447823625659e-01,1.503871316867e-02,-2.469988892203e-02,4.561998387005e-06,-1.468192647458e-03,3.226187818582e-06
"                1777",2.435594698613e-01,1.670681622608e-02,-2.401812767889e-02,2.435574821129e-01,1.522429241718e-02,-2.400977922001e-02,-1.987748448472e-06,-1.482523808899e-03,8.348458877597e-06
"                1778",2.433448019728e-01,1.674003100918e-02,-2.296638731814e-02,2.433339758672e-01,1.524906213225e-02,-2.295097651934e-02,-1.082610551975e-05,-1.490968876927e-03,1.541079880594e-05
"                1779",2.433105340098e-01,1.702477355368e-02,-2.174755632685e-02,2.432872708117e-01,1.553333205897e-02,-2.172383140208e-02,-2.326319807925e-05,-1.491441494717e-03,2.372492476729e-05
"                1780",2.413199879912e-01,1.640423363932e-02,-2.049383252037e-02,2.412843952475e-01,1.492166054213e-02,-2.046218265879e-02,-3.559274370208e-05,-1.482573097190e-03,3.164986158019e-05
"                1781",2.358744168645e-01,1.679921089839e-02,-1.930233618602e-02,2.358244732079e-01,1.533301456561e-02,-1.926415551154e-02,-4.994365657000e-05,-1.466196332784e-03,3.818067448289e-05
"                1782",2.275489312208e-01,1.875432966084e-02,-1.837691522383e-02,2.274842093340e-01,1.730089869678e-02,-1.833434690756e-02,-6.472188683108e-05,-1.453430964064e-03,4.256831626816e-05
"                1783",2.164540981932e-01,2.118106278445e-02,-1.782401692841e-02,2.163742868268e-01,1.973625256924e-02,-1.777921686599e-02,-7.981136639798e-05,-1.444810215208e-03,4.480006241776e-05
"                1784",2.032061750157e-01,2.244729939992e-02,-1.767205940963e-02,2.031092775636e-01,2.100775382629e-02,-1.762704748902e-02,-9.689745207876e-05,-1.439545573633e-03,4.501192060434e-05
"                1785",1.887915071610e-01,2.195983543603e-02,-1.782200571748e-02,1.886745262103e-01,2.052349173478e-02,-1.777839459408e-02,-1.169809506977e-04,-1.436343701245e-03,4.361112340006e-05
"                1786",1.743181513984e-01,2.017791735357e-02,-1.813114648674e-02,1.741822884621e-01,1.874401372617e-02,-1.808987974358e-02,-1.358629363746e-04,-1.433903627404e-03,4.126674316115e-05
"                1787",1.611190640445e-01,1.848334941750e-02,-1.848518233453e-02,1.609743658511e-01,1.704888010012e-02,-1.844681820437e-02,-1.446981933903e-04,-1.434469317386e-03,3.836413016375e-05
"                1788",1.507388597240e-01,1.690577435033e-02,-1.874066025218e-02,1.505953640470e-01,1.546321400478e-02,-1.870507984886e-02,-1.434956770019e-04,-1.442560345558e-03,3.558040332764e-05
"                1789",1.447955095128e-01,1.603210560850e-02,-1.880264893891e-02,1.446634053231e-01,1.457522499095e-02,-1.876954668260e-02,-1.321041896984e-04,-1.456880617545e-03,3.310225630842e-05
"                1790",1.439142006041e-01,1.613023782841e-02,-1.864484417477e-02,1.438017611378e-01,1.465867957328e-02,-1.861363284913e-02,-1.124394662698e-04,-1.471558255131e-03,3.121132564210e-05
"                1791",1.467907083192e-01,1.670154824460e-02,-1.835361572607e-02,1.467095364007e-01,1.521756703199e-02,-1.832421374652e-02,-8.117191854478e-05,-1.483981212608e-03,2.940197955352e-05
"                1792",1.520364586027e-01,1.722482103009e-02,-1.808731539584e-02,1.519909748029e-01,1.573528708731e-02,-1.806000124834e-02,-4.548379979048e-05,-1.489533942782e-03,2.731414750666e-05
"                1793",1.594290247452e-01,1.778158132954e-02,-1.798579752395e-02,1.594193635695e-01,1.629487215678e-02,-1.796145004645e-02,-9.661175702174e-06,-1.486709172760e-03,2.434747750276e-05
"                1794",1.698680507680e-01,1.748172409357e-02,-1.822171747389e-02,1.698838409223e-01,1.600732244130e-02,-1.820099418337e-02,1.579015433001e-05,-1.474401652273e-03,2.072329052132e-05
"                1795",1.822221206313e-01,1.883649009812e-02,-1.889445651150e-02,1.822546581093e-01,1.737870803111e-02,-1.887818936611e-02,3.253747800271e-05,-1.457782067016e-03,1.626714538963e-05
"                1796",1.942832184157e-01,2.172420004551e-02,-1.999217878308e-02,1.943198695912e-01,2.027996049320e-02,-1.998060858566e-02,3.665117556168e-05,-1.444239552309e-03,1.157019742116e-05
"                1797",2.049814044831e-01,2.463477245455e-02,-2.136605977462e-02,2.050143700034e-01,2.319994504357e-02,-2.135941670493e-02,3.296552031582e-05,-1.434827410989e-03,6.643069694300e-06
"                1798",2.139618951828e-01,2.529806132987e-02,-2.276838146078e-02,2.139892220400e-01,2.386928928720e-02,-2.276655624249e-02,2.732685718864e-05,-1.428772042671e-03,1.825218288084e-06
"                1799",2.217286745572e-01,2.424315867177e-02,-2.397571822203e-02,2.217540745139e-01,2.281813062997e-02,-2.397783128064e-02,2.539995664804e-05,-1.425028041795e-03,-2.113058613945e-06
"                1800",2.283528001625e-01,2.234634038670e-02,-2.480023400562e-02,2.283812603499e-01,2.092394807999e-02,-2.480445487996e-02,2.846018736531e-05,-1.422392306715e-03,-4.220874337168e-06
"                1801",2.344628447104e-01,2.085184417888e-02,-2.510225824822e-02,2.344956432417e-01,1.942838630750e-02,-2.510609972760e-02,3.279853128776e-05,-1.423457871378e-03,-3.841479380824e-06
"                1802",2.405164628697e-01,1.942683064921e-02,-2.483685851641e-02,2.405541973839e-01,1.799505242886e-02,-2.483789449655e-02,3.773451414954e-05,-1.431778220348e-03,-1.035980145340e-06
"                1803",2.459225744840e-01,1.829882807708e-02,-2.407814968392e-02,2.459662943107e-01,1.685286703543e-02,-2.407431229835e-02,4.371982678216e-05,-1.445961041649e-03,3.837385567512e-06
"                1804",2.502301936752e-01,1.791650484640e-02,-2.305580300914e-02,2.502775664247e-01,1.645524299475e-02,-2.304552777769e-02,4.737274949586e-05,-1.461261851659e-03,1.027523145758e-05
"                1805",2.530484161246e-01,1.770352558329e-02,-2.194794098795e-02,2.530913335767e-01,1.622893894645e-02,-2.193037675055e-02,4.291745203757e-05,-1.474586636844e-03,1.756423739954e-05
"                1806",2.546629716293e-01,1.759213780718e-02,-2.092443467105e-02,2.546904672001e-01,1.611070899961e-02,-2.089966284238e-02,2.749557078119e-05,-1.481428807574e-03,2.477182867221e-05
"                1807",2.541070645821e-01,1.809213446277e-02,-2.015653073570e-02,2.541076229782e-01,1.661239881572e-02,-2.012546018519e-02,5.583961178269e-07,-1.479735647050e-03,3.107055050833e-05
"                1808",2.486336268638e-01,1.851801380919e-02,-1.969693436154e-02,2.486060920136e-01,1.704998058862e-02,-1.966135168515e-02,-2.753485022026e-05,-1.468033220564e-03,3.558267638242e-05
"                1809",2.374317169999e-01,1.972822908800e-02,-1.951669986860e-02,2.373737956663e-01,1.827566027512e-02,-1.947837966500e-02,-5.792133353772e-05,-1.452568812882e-03,3.832020360114e-05
"                1810",2.227467833713e-01,2.192986836724e-02,-1.949951135574e-02,2.226629105285e-01,2.048840578573e-02,-1.946047044617e-02,-8.387284285575e-05,-1.441462581518e-03,3.904090957069e-05
"                1811",2.063929571192e-01,2.351782526956e-02,-1.949979643329e-02,2.062884971828e-01,2.208295799146e-02,-1.946120067917e-02,-1.044599364397e-04,-1.434867278102e-03,3.859575412160e-05
"                1812",1.902487828062e-01,2.326574175908e-02,-1.944844834659e-02,1.901279637519e-01,2.183409429491e-02,-1.941032493070e-02,-1.208190543483e-04,-1.431647464171e-03,3.812341589240e-05
"                1813",1.754954400830e-01,2.186386087170e-02,-1.925895033968e-02,1.753642331317e-01,2.043420425896e-02,-1.922080810216e-02,-1.312069513326e-04,-1.429656612740e-03,3.814223752050e-05
"                1814",1.633372903105e-01,2.012349382757e-02,-1.887454916607e-02,1.632034500457e-01,1.869639786977e-02,-1.883599406952e-02,-1.338402647694e-04,-1.427095957799e-03,3.855509654957e-05
"                1815",1.548385134454e-01,1.887729025269e-02,-1.828370954012e-02,1.547137234341e-01,1.744919305373e-02,-1.824474058664e-02,-1.247900113507e-04,-1.428097198951e-03,3.896895348458e-05
"                1816",1.502505955266e-01,1.787484960728e-02,-1.759774402843e-02,1.501430453073e-01,1.643779904239e-02,-1.755838522015e-02,-1.075502192542e-04,-1.437050564896e-03,3.935880827771e-05
"                1817",1.497021533090e-01,1.736839070330e-02,-1.702250726952e-02,1.496148897836e-01,1.591719716530e-02,-1.698308495046e-02,-8.726352545011e-05,-1.451193538002e-03,3.942231905722e-05
"                1818",1.531254468069e-01,1.748222412616e-02,-1.670213199485e-02,1.530597417518e-01,1.601608428466e-02,-1.666380666797e-02,-6.570505514877e-05,-1.466139841498e-03,3.832532687472e-05
"                1819",1.588113175353e-01,1.805312219008e-02,-1.673719637215e-02,1.587680077541e-01,1.657512697877e-02,-1.670194417293e-02,-4.330978124392e-05,-1.477995211305e-03,3.525219921853e-05
"                1820",1.644421177778e-01,1.892561540894e-02,-1.718719357640e-02,1.644217913471e-01,1.744345129326e-02,-1.715705786164e-02,-2.032643066295e-05,-1.482164115681e-03,3.013571476537e-05
"                1821",1.694386483319e-01,1.988026174951e-02,-1.808486961711e-02,1.694381891534e-01,1.840309465205e-02,-1.806135406092e-02,-4.591784900232e-07,-1.477167097465e-03,2.351555618742e-05
"                1822",1.754595454418e-01,2.074315438167e-02,-1.936388769124e-02,1.754695329582e-01,1.928022935634e-02,-1.934753952569e-02,9.987516365898e-06,-1.462925025332e-03,1.634816554868e-05
"                1823",1.830214631631e-01,2.215172086068e-02,-2.083086865873e-02,1.830368145491e-01,2.070382759417e-02,-2.082175947127e-02,1.535138598975e-05,-1.447893266512e-03,9.109187461752e-06
"                1824",1.912627605438e-01,2.393120573417e-02,-2.226164639843e-02,1.912793717952e-01,2.249385943273e-02,-2.225859506454e-02,1.661125142444e-05,-1.437346301442e-03,3.051333882424e-06
"                1825",1.998638475256e-01,2.553810245577e-02,-2.347344795145e-02,1.998827698394e-01,2.410822592854e-02,-2.347458822820e-02,1.892231387099e-05,-1.429876527233e-03,-1.140276752119e-06
"                1826",2.087643802234e-01,2.566437089191e-02,-2.426000798089e-02,2.087932086593e-01,2.423983442536e-02,-2.426347212015e-02,2.882843587740e-05,-1.424536466558e-03,-3.464139253282e-06
"                1827",2.188535440077e-01,2.464490009937e-02,-2.451824451280e-02,2.188971065225e-01,2.322499700688e-02,-2.452197170854e-02,4.356251477431e-05,-1.419903092492e-03,-3.727195733419e-06
"                1828",2.299693644789e-01,2.300512530595e-02,-2.423781438369e-02,2.300299478456e-01,2.158839795670e-02,-2.423959799263e-02,6.058336671917e-05,-1.416727349248e-03,-1.783608947215e-06
"                1829",2.411894026498e-01,2.146068494367e-02,-2.361126316001e-02,2.412637225167e-01,2.004130732516e-02,-2.360896495572e-02,7.431986695475e-05,-1.419377618507e-03,2.298204294615e-06
"                1830",2.512063548504e-01,2.005666897225e-02,-2.283480481949e-02,2.512893617504e-01,1.862637290403e-02,-2.282730323724e-02,8.300690009594e-05,-1.430296068214e-03,7.501582253052e-06
"                1831",2.585728097256e-01,1.904676014939e-02,-2.205095575094e-02,2.586577158633e-01,1.760064376970e-02,-2.203828144182e-02,8.490613768165e-05,-1.446116379692e-03,1.267430911866e-05
"                1832",2.622805846253e-01,1.906539128066e-02,-2.142977483496e-02,2.623556148229e-01,1.760335796180e-02,-2.141236385086e-02,7.503019754274e-05,-1.462033318864e-03,1.741098409744e-05
"                1833",2.624927958234e-01,1.945693261203e-02,-2.110659111891e-02,2.625446125406e-01,1.798266492834e-02,-2.108489298636e-02,5.181671718478e-05,-1.474267683685e-03,2.169813254955e-05
"                1834",2.593951530473e-01,2.019352571310e-02,-2.111551324987e-02,2.594126119251e-01,1.871428391186e-02,-2.109014611173e-02,1.745887781312e-05,-1.479241801236e-03,2.536713813976e-05
"                1835",2.523973240401e-01,2.045228301331e-02,-2.129771824424e-02,2.523749026095e-01,1.897685846786e-02,-2.126961320753e-02,-2.242143060005e-05,-1.475424545447e-03,2.810503671312e-05
"                1836",2.405079124757e-01,2.063197755830e-02,-2.140140293744e-02,2.404510335795e-01,1.916975041192e-02,-2.137148126548e-02,-5.687889619311e-05,-1.462227146373e-03,2.992167195516e-05
"                1837",2.255081303236e-01,2.123778675312e-02,-2.131121691979e-02,2.254245257045e-01,1.978855276957e-02,-2.127960802860e-02,-8.360461915447e-05,-1.449233983554e-03,3.160889119033e-05
"                1838",2.097353383780e-01,2.256242414854e-02,-2.093790410013e-02,2.096378315312e-01,2.112203767271e-02,-2.090440838783e-02,-9.750684683630e-05,-1.440386475827e-03,3.349571230444e-05
"                1839",1.948160593855e-01,2.402803375722e-02,-2.021903119495e-02,1.947154285972e-01,2.259402267012e-02,-2.018330115028e-02,-1.006307883473e-04,-1.434011087101e-03,3.573004467715e-05
"                1840",1.825339142466e-01,2.385484263862e-02,-1.919892036086e-02,1.824338431932e-01,2.242559443736e-02,-1.916016847820e-02,-1.000710534159e-04,-1.429248201260e-03,3.875188265618e-05
"                1841",1.731986362427e-01,2.253543191042e-02,-1.804951425486e-02,1.731034806742e-01,2.111006476491e-02,-1.800748312415e-02,-9.515556856827e-05,-1.425367145510e-03,4.203113071329e-05
"                1842",1.662496113017e-01,2.094329384488e-02,-1.699293519293e-02,1.661634488893e-01,1.952111802575e-02,-1.694807437192e-02,-8.616241236342e-05,-1.422175819133e-03,4.486082100572e-05
"                1843",1.616086908085e-01,1.992090578155e-02,-1.620105170490e-02,1.615346893708e-01,1.849437613412e-02,-1.615494269337e-02,-7.400143774232e-05,-1.426529647430e-03,4.610901153133e-05
"                1844",1.601095767887e-01,1.923162690441e-02,-1.582518649911e-02,1.600444462998e-01,1.779334723018e-02,-1.577977526164e-02,-6.513048886657e-05,-1.438279674231e-03,4.541123747897e-05
"                1845",1.607610522758e-01,1.912541977386e-02,-1.597284566424e-02,1.607020352653e-01,1.767228599998e-02,-1.593026132519e-02,-5.901701049769e-05,-1.453133773889e-03,4.258433904764e-05
"                1846",1.623019118773e-01,1.992918583228e-02,-1.667359851864e-02,1.622492029915e-01,1.846243546778e-02,-1.663599387454e-02,-5.270888582805e-05,-1.466750364500e-03,3.760464410154e-05
"                1847",1.626401468560e-01,2.078455711753e-02,-1.776568227364e-02,1.625967530606e-01,1.930838683220e-02,-1.773513196008e-02,-4.339379541745e-05,-1.476170285325e-03,3.055031355766e-05
"                1848",1.622667807999e-01,2.161405154264e-02,-1.902657280043e-02,1.622359444875e-01,2.013642641325e-02,-1.900440227472e-02,-3.083631245957e-05,-1.477625129390e-03,2.217052570494e-05
"                1849",1.634034320087e-01,2.120004980657e-02,-2.031014054744e-02,1.633852691186e-01,1.972989002420e-02,-2.029610028874e-02,-1.816289003786e-05,-1.470159782372e-03,1.404025869822e-05
"                1850",1.681031497363e-01,2.143295166464e-02,-2.151640076944e-02,1.680986818842e-01,1.997817182526e-02,-2.150905261643e-02,-4.467852124795e-06,-1.454779839381e-03,7.348153010387e-06
"                1851",1.760214122012e-01,2.305447592873e-02,-2.244656478016e-02,1.760322177634e-01,2.161305030164e-02,-2.244381092098e-02,1.080556220922e-05,-1.441425627096e-03,2.753859185958e-06
"                1852",1.870745793864e-01,2.537930803769e-02,-2.299622639251e-02,1.871013383151e-01,2.394830999562e-02,-2.299583385974e-02,2.675892870573e-05,-1.430998042064e-03,3.925327665024e-07
"                1853",2.004957707069e-01,2.693713441673e-02,-2.313199273238e-02,2.005399367847e-01,2.551466394854e-02,-2.313183996967e-02,4.416607779450e-05,-1.422470468198e-03,1.527627061518e-07
"                1854",2.150862990178e-01,2.676395658479e-02,-2.295672094188e-02,2.151522545229e-01,2.534809390984e-02,-2.295525704204e-02,6.595550513883e-05,-1.415862674955e-03,1.463899841512e-06
"                1855",2.298799595277e-01,2.561622924292e-02,-2.262767584809e-02,2.299657582822e-01,2.420526894349e-02,-2.262385795784e-02,8.579875450939e-05,-1.410960299438e-03,3.817890247103e-06
"                1856",2.435759433358e-01,2.428714593408e-02,-2.226283001536e-02,2.436735037793e-01,2.287856097245e-02,-2.225625490621e-02,9.756044354683e-05,-1.408584961632e-03,6.575109150793e-06
"                1857",2.548959081076e-01,2.275202359454e-02,-2.200978320791e-02,2.549946567276e-01,2.133796959952e-02,-2.200052379536e-02,9.874862000276e-05,-1.414053995023e-03,9.259412544103e-06
"                1858",2.621547762289e-01,2.173602138506e-02,-2.197355590612e-02,2.622448152274e-01,2.030839942639e-02,-2.196200659736e-02,9.003899844177e-05,-1.427621958664e-03,1.154930875695e-05
"                1859",2.640525555413e-01,2.128811910740e-02,-2.218156172709e-02,2.641268238274e-01,1.984360513047e-02,-2.216839587965e-02,7.426828607721e-05,-1.444513976930e-03,1.316584744296e-05
"                1860",2.616047436469e-01,2.158982092125e-02,-2.253733550293e-02,2.616508972397e-01,2.013006937987e-02,-2.252265049010e-02,4.615359278750e-05,-1.459751541379e-03,1.468501282727e-05
"                1861",2.565329092292e-01,2.130305972231e-02,-2.286593333362e-02,2.565453811680e-01,1.983309963481e-02,-2.284945767773e-02,1.247193879881e-05,-1.469960087499e-03,1.647565588748e-05
"                1862",2.495162643519e-01,2.111498795237e-02,-2.302367165957e-02,2.494933740676e-01,1.964253112413e-02,-2.300441964740e-02,-2.289028431378e-05,-1.472456828243e-03,1.925201216062e-05
"                1863",2.395779111316e-01,2.022885473338e-02,-2.282982772442e-02,2.395284433546e-01,1.876362873023e-02,-2.280695370246e-02,-4.946777697848e-05,-1.465226003145e-03,2.287402195663e-05
"                1864",2.277103548552e-01,2.047989956181e-02,-2.217295973080e-02,2.276428150936e-01,1.903022885795e-02,-2.214554014657e-02,-6.753976163685e-05,-1.449670703861e-03,2.741958423300e-05
"                1865",2.158717015657e-01,2.231263565086e-02,-2.107375713255e-02,2.157977889962e-01,2.087631433001e-02,-2.104136792759e-02,-7.391256949339e-05,-1.436321320856e-03,3.238920496224e-05
"                1866",2.052588320423e-01,2.445919994313e-02,-1.967325531228e-02,2.051871197378e-01,2.303229603857e-02,-1.963563660309e-02,-7.171230446258e-05,-1.426903904565e-03,3.761870918988e-05
"                1867",1.959670789665e-01,2.540670559965e-02,-1.822936669825e-02,1.959020387961e-01,2.398634895462e-02,-1.818671059497e-02,-6.504017041339e-05,-1.420356645032e-03,4.265610327913e-05
"                1868",1.877942435423e-01,2.466239677310e-02,-1.696097926349e-02,1.877320790934e-01,2.324589174891e-02,-1.691412360115e-02,-6.216444887364e-05,-1.416505024187e-03,4.685566233705e-05
"                1869",1.810149113412e-01,2.316599411504e-02,-1.605917287057e-02,1.809496430041e-01,2.175282904436e-02,-1.600986899425e-02,-6.526833715518e-05,-1.413165070676e-03,4.930387632443e-05
"                1870",1.749154124997e-01,2.233339834917e-02,-1.568970965614e-02,1.748451841965e-01,2.092080782693e-02,-1.564045983969e-02,-7.022830327492e-05,-1.412590522238e-03,4.924981644990e-05
"                1871",1.686792275351e-01,2.155399882301e-02,-1.590891399018e-02,1.686054620728e-01,2.013466411843e-02,-1.586231999632e-02,-7.376546232896e-05,-1.419334704584e-03,4.659399386511e-05
"                1872",1.628065012860e-01,2.113055565625e-02,-1.665239857988e-02,1.627271395081e-01,1.969748244611e-02,-1.661053477180e-02,-7.936177792791e-05,-1.433073210144e-03,4.186380807288e-05
"                1873",1.580972101944e-01,2.101567160008e-02,-1.769591127440e-02,1.580145055204e-01,1.956695844476e-02,-1.766043764277e-02,-8.270467404570e-05,-1.448713155322e-03,3.547363162486e-05
"                1874",1.547660069361e-01,2.119501219630e-02,-1.883532275956e-02,1.546871719741e-01,1.973245881338e-02,-1.880715381843e-02,-7.883496199078e-05,-1.462553382917e-03,2.816894113727e-05
"                1875",1.528709156015e-01,2.093679482849e-02,-1.989553317348e-02,1.528061602052e-01,1.946652116962e-02,-1.987462108205e-02,-6.475539635943e-05,-1.470273658862e-03,2.091209142946e-05
"                1876",1.531846162112e-01,2.130432799597e-02,-2.068451605039e-02,1.531465860621e-01,1.983560069983e-02,-2.066999675963e-02,-3.803014912017e-05,-1.468727296142e-03,1.451929075346e-05
"                1877",1.580402459854e-01,2.123381378465e-02,-2.113662728659e-02,1.580314844678e-01,1.977723947742e-02,-2.112672956664e-02,-8.761517605312e-06,-1.456574307233e-03,9.897719943889e-06
"                1878",1.686237551546e-01,2.261069778023e-02,-2.130186724466e-02,1.686454853560e-01,2.117191832401e-02,-2.129475921411e-02,2.173020136336e-05,-1.438779456223e-03,7.108030557035e-06
"                1879",1.827373551932e-01,2.531744213473e-02,-2.127994564351e-02,1.827857504704e-01,2.389357746340e-02,-2.127363051377e-02,4.839527714856e-05,-1.423864671330e-03,6.315129739404e-06
"                1880",1.988146750549e-01,2.770434623571e-02,-2.124162132181e-02,1.988852927693e-01,2.629082686597e-02,-2.123488835390e-02,7.061771447049e-05,-1.413519369740e-03,6.732967906377e-06
"                1881",2.151609534790e-01,2.840748101644e-02,-2.127457049373e-02,2.152487036598e-01,2.700036269808e-02,-2.126729298507e-02,8.775018073207e-05,-1.407118318365e-03,7.277508653469e-06
"                1882",2.305742241819e-01,2.795549615400e-02,-2.145464295758e-02,2.306735434157e-01,2.655271959477e-02,-2.144738222457e-02,9.931923373645e-05,-1.402776559232e-03,7.260733012164e-06
"                1883",2.434052639815e-01,2.675377486560e-02,-2.183304300795e-02,2.435086043600e-01,2.535434498657e-02,-2.182630569746e-02,1.033403785236e-04,-1.399429879039e-03,6.737310484344e-06
"                1884",2.525414383764e-01,2.562020691878e-02,-2.243228259966e-02,2.526379024048e-01,2.422009089614e-02,-2.242613188453e-02,9.646402832546e-05,-1.400116022638e-03,6.150715130164e-06
"                1885",2.576839452292e-01,2.420208616654e-02,-2.315522815407e-02,2.577655996004e-01,2.279316322867e-02,-2.314965775532e-02,8.165437114531e-05,-1.408922937868e-03,5.570398750195e-06
"                1886",2.588331603013e-01,2.280721565515e-02,-2.379297457479e-02,2.588955159178e-01,2.138255707736e-02,-2.378768239896e-02,6.235561652806e-05,-1.424658577788e-03,5.292175824320e-06
"                1887",2.561554086416e-01,2.175061561719e-02,-2.418734095004e-02,2.561979893776e-01,2.030829694082e-02,-2.418134301402e-02,4.258073596464e-05,-1.442318676369e-03,5.997936016564e-06
"                1888",2.507716216271e-01,2.113859358104e-02,-2.421604870909e-02,2.507932066402e-01,1.968088228756e-02,-2.420732478919e-02,2.158501305216e-05,-1.457711293487e-03,8.723919901300e-06
"                1889",2.456953731280e-01,2.092025612438e-02,-2.382502178977e-02,2.456959100594e-01,1.945548477244e-02,-2.381148853281e-02,5.369314749297e-07,-1.464771351936e-03,1.353325695883e-05
"                1890",2.411459441582e-01,2.150765020909e-02,-2.296157926425e-02,2.411276241863e-01,2.004486337031e-02,-2.294159468448e-02,-1.831997187093e-05,-1.462786838773e-03,1.998457977167e-05
"                1891",2.357843485382e-01,2.183167175463e-02,-2.169162969062e-02,2.357552024343e-01,2.038126578071e-02,-2.166444148809e-02,-2.914610386493e-05,-1.450405973928e-03,2.718820253600e-05
"                1892",2.284903121397e-01,2.274035614667e-02,-2.021250298669e-02,2.284542652542e-01,2.130651102130e-02,-2.017779158108e-02,-3.604688551263e-05,-1.433845125370e-03,3.471140561185e-05
"                1893",2.202901508999e-01,2.451836553707e-02,-1.875087304060e-02,2.202528190592e-01,2.309656697411e-02,-1.870979858751e-02,-3.733184073391e-05,-1.421798562962e-03,4.107445309341e-05
"                1894",2.118847788576e-01,2.635863559583e-02,-1.749641701592e-02,2.118450434987e-01,2.494404316106e-02,-1.745077077923e-02,-3.973535887445e-05,-1.414592434770e-03,4.564623668816e-05
"                1895",2.032265594886e-01,2.702269717683e-02,-1.666131310298e-02,2.031780074233e-01,2.561154435991e-02,-1.661311766586e-02,-4.855206533211e-05,-1.411152816918e-03,4.819543711813e-05
"                1896",1.931871895007e-01,2.649962980039e-02,-1.634986043274e-02,1.931234250352e-01,2.509092532923e-02,-1.630111062699e-02,-6.376446545486e-05,-1.408704471168e-03,4.874980575256e-05
"                1897",1.816322725651e-01,2.508288320155e-02,-1.658457783645e-02,1.815502235083e-01,2.367648878310e-02,-1.653747032668e-02,-8.204905678650e-05,-1.406394418448e-03,4.710750977545e-05
"                1898",1.696276546719e-01,2.379963841635e-02,-1.718168728159e-02,1.695297753474e-01,2.239119594606e-02,-1.713840045259e-02,-9.787932448797e-05,-1.408442470291e-03,4.328682900139e-05
"                1899",1.587544185683e-01,2.232957296189e-02,-1.794408030628e-02,1.586462029455e-01,2.091057615141e-02,-1.790591531801e-02,-1.082156227871e-04,-1.418996810480e-03,3.816498827147e-05
"                1900",1.507570591861e-01,2.098281379584e-02,-1.873563636472e-02,1.506459487927e-01,1.954821025519e-02,-1.870271389538e-02,-1.111103934510e-04,-1.434603540656e-03,3.292246933780e-05
"                1901",1.468088390245e-01,2.050850409245e-02,-1.938555685969e-02,1.467067570447e-01,1.905831556713e-02,-1.935741754069e-02,-1.020819797474e-04,-1.450188525325e-03,2.813931900528e-05
"                1902",1.464389219520e-01,2.093636592490e-02,-1.973841927491e-02,1.463594254555e-01,1.947422696632e-02,-1.971457093847e-02,-7.949649651007e-05,-1.462138958588e-03,2.384833644264e-05
"                1903",1.493935911577e-01,2.207996402924e-02,-1.974525167763e-02,1.493480965917e-01,2.061421778757e-02,-1.972508252405e-02,-4.549456591223e-05,-1.465746241672e-03,2.016915357973e-05
"                1904",1.559106643822e-01,2.338159501564e-02,-1.954811337520e-02,1.559051618321e-01,2.192170953358e-02,-1.953069258119e-02,-5.502550119503e-06,-1.459885482057e-03,1.742079401518e-05
"                1905",1.671200471651e-01,2.393536689308e-02,-1.939922509475e-02,1.671500194289e-01,2.249062510736e-02,-1.938355138593e-02,2.997226374580e-05,-1.444741785721e-03,1.567370881776e-05
"                1906",1.819555339046e-01,2.517638212942e-02,-1.944722682424e-02,1.820135868188e-01,2.374720497773e-02,-1.943313488044e-02,5.805291415690e-05,-1.429177151688e-03,1.409194379999e-05
"                1907",1.979105532125e-01,2.729147992156e-02,-1.977913553639e-02,1.979839045326e-01,2.587346275061e-02,-1.976682965318e-02,7.335132011986e-05,-1.418017170944e-03,1.230588321284e-05
"                1908",2.130993595899e-01,2.969210905498e-02,-2.046385787685e-02,2.131767595029e-01,2.828232601629e-02,-2.045372438561e-02,7.739991301717e-05,-1.409783038688e-03,1.013349123969e-05
"                1909",2.256715686187e-01,3.033849429965e-02,-2.147798959797e-02,2.257488352663e-01,2.893446151271e-02,-2.147081580224e-02,7.726664761722e-05,-1.404032786945e-03,7.173795729787e-06
"                1910",2.351738011135e-01,2.934733963908e-02,-2.264845579489e-02,2.352466872614e-01,2.794723743948e-02,-2.264465357125e-02,7.288614790790e-05,-1.400102199598e-03,3.802223642284e-06
"                1911",2.422401160860e-01,2.719039769159e-02,-2.374203501737e-02,2.423045840450e-01,2.579249361641e-02,-2.374131088286e-02,6.446795895410e-05,-1.397904075185e-03,7.241345061937e-07
"                1912",2.470420687718e-01,2.503490881861e-02,-2.458103761426e-02,2.470951083129e-01,2.363326695272e-02,-2.458195230741e-02,5.303954103492e-05,-1.401641865893e-03,-9.146931500091e-07
"                1913",2.490500533189e-01,2.291254839207e-02,-2.502257209343e-02,2.490948249279e-01,2.149913828617e-02,-2.502317896285e-02,4.477160892616e-05,-1.413410105905e-03,-6.068694187969e-07
"                1914",2.491059460055e-01,2.178176967453e-02,-2.494955830594e-02,2.491461992384e-01,2.035291359609e-02,-2.494774204390e-02,4.025323298123e-05,-1.428856078448e-03,1.816262039690e-06
"                1915",2.480535611278e-01,2.190113171136e-02,-2.431814001577e-02,2.480905157458e-01,2.045751537742e-02,-2.431182437102e-02,3.695461802785e-05,-1.443616333941e-03,6.315644752363e-06
"                1916",2.479560505200e-01,2.235043748336e-02,-2.325950981911e-02,2.479857705752e-01,2.089567760147e-02,-2.324645721999e-02,2.972005522514e-05,-1.454759881888e-03,1.305259911454e-05
"                1917",2.487252545816e-01,2.287834395248e-02,-2.201557776435e-02,2.487443308276e-01,2.141990425543e-02,-2.199427101404e-02,1.907624597945e-05,-1.458439697058e-03,2.130675030857e-05
"                1918",2.485095078017e-01,2.285354918942e-02,-2.074042288581e-02,2.485150911881e-01,2.139984277018e-02,-2.071072855145e-02,5.583386419523e-06,-1.453706419245e-03,2.969433436047e-05
"                1919",2.448624438756e-01,2.312671306002e-02,-1.952168433724e-02,2.448549102780e-01,2.168671911183e-02,-1.948501869719e-02,-7.533597640217e-06,-1.439993948192e-03,3.666564005125e-05
"                1920",2.374221700405e-01,2.445172304721e-02,-1.855329099812e-02,2.373974977457e-01,2.302511909856e-02,-1.851159148031e-02,-2.467229481274e-05,-1.426603948658e-03,4.169951780551e-05
"                1921",2.267451365854e-01,2.667937244792e-02,-1.796141940778e-02,2.267039868578e-01,2.526200776071e-02,-1.791702496787e-02,-4.114972759042e-05,-1.417364687218e-03,4.439443990748e-05
"                1922",2.131520145071e-01,2.837630219351e-02,-1.778287346551e-02,2.130933906276e-01,2.696476246334e-02,-1.773799249825e-02,-5.862387950146e-05,-1.411539730174e-03,4.488096725348e-05
"                1923",1.981991451819e-01,2.807861212362e-02,-1.793437883069e-02,1.981178809236e-01,2.667066644044e-02,-1.789058767148e-02,-8.126425827535e-05,-1.407945683177e-03,4.379115921226e-05
"                1924",1.828485363945e-01,2.625189689285e-02,-1.823979928152e-02,1.827453905048e-01,2.484609458269e-02,-1.819823264706e-02,-1.031458896477e-04,-1.405802310161e-03,4.156663445902e-05
"                1925",1.684100278685e-01,2.408287263761e-02,-1.858370157277e-02,1.682922677317e-01,2.267898851322e-02,-1.854480619256e-02,-1.177601368212e-04,-1.403884124385e-03,3.889538020901e-05
"                1926",1.562723186973e-01,2.253730000542e-02,-1.882881859913e-02,1.561514352971e-01,2.112895818343e-02,-1.879256198295e-02,-1.208834002029e-04,-1.408341821986e-03,3.625661618429e-05
"                1927",1.483888489807e-01,2.159023274180e-02,-1.887163116645e-02,1.482757675471e-01,2.017074269414e-02,-1.883768206945e-02,-1.130814335977e-04,-1.419490047656e-03,3.394909699459e-05
"                1928",1.458659020641e-01,2.145547885746e-02,-1.867595392311e-02,1.457686280934e-01,2.002203278145e-02,-1.864370561145e-02,-9.727397069207e-05,-1.433446076010e-03,3.224831165899e-05
"                1929",1.477756967561e-01,2.268236309711e-02,-1.832037460094e-02,1.477068223647e-01,2.123626148484e-02,-1.828965426271e-02,-6.887439148097e-05,-1.446101612273e-03,3.072033822771e-05
"                1930",1.525959693241e-01,2.369184719596e-02,-1.797494817453e-02,1.525616032783e-01,2.223698228617e-02,-1.794590859409e-02,-3.436604584678e-05,-1.454864909798e-03,2.903958044220e-05
"                1931",1.596097160655e-01,2.440024482332e-02,-1.778992539471e-02,1.596122007799e-01,2.294400604856e-02,-1.776350754653e-02,2.484714429679e-06,-1.456238774761e-03,2.641784817647e-05
"                1932",1.692880420559e-01,2.402550684909e-02,-1.792439485057e-02,1.693202444494e-01,2.257639398599e-02,-1.790154177166e-02,3.220239351638e-05,-1.449112863097e-03,2.285307891927e-05
"                1933",1.811663006021e-01,2.487127864510e-02,-1.851809505824e-02,1.812175426599e-01,2.343701173363e-02,-1.849963827512e-02,5.124205779609e-05,-1.434266911464e-03,1.845678311741e-05
"                1934",1.929425160020e-01,2.709515416414e-02,-1.957026295213e-02,1.930017235874e-01,2.567409126124e-02,-1.955672967141e-02,5.920758539977e-05,-1.421062902902e-03,1.353328071624e-05
"                1935",2.033999077793e-01,2.951278732850e-02,-2.095639317483e-02,2.034577005043e-01,2.810137923857e-02,-2.094808602944e-02,5.779272504108e-05,-1.411408089931e-03,8.307145396120e-06
"                1936",2.126617289989e-01,3.075707912551e-02,-2.243100839096e-02,2.127122716714e-01,2.935322770280e-02,-2.242780768521e-02,5.054267249541e-05,-1.403851422712e-03,3.200705755483e-06
"                1937",2.207610213356e-01,2.983828056744e-02,-2.375077218802e-02,2.208078435914e-01,2.843946619678e-02,-2.375202990482e-02,4.682225589337e-05,-1.398814370653e-03,-1.257716805305e-06
"                1938",2.275500785276e-01,2.782735465141e-02,-2.471406768567e-02,2.275982705937e-01,2.643250173273e-02,-2.471808796463e-02,4.819206609829e-05,-1.394852918686e-03,-4.020278965475e-06
"                1939",2.337952230509e-01,2.622421043952e-02,-2.514886603802e-02,2.338486728720e-01,2.483166029884e-02,-2.515327863809e-02,5.344982112191e-05,-1.392550140680e-03,-4.412600068335e-06
"                1940",2.402359382656e-01,2.478855673291e-02,-2.499115126354e-02,2.402941851139e-01,2.339131130504e-02,-2.499335908414e-02,5.824684822591e-05,-1.397245427872e-03,-2.207820603620e-06
"                1941",2.465183191431e-01,2.398694195127e-02,-2.429367314781e-02,2.465837511386e-01,2.257763620154e-02,-2.429150872134e-02,6.543199548746e-05,-1.409305749728e-03,2.164426473544e-06
"                1942",2.520204117726e-01,2.383408820265e-02,-2.327996631844e-02,2.520926677678e-01,2.240931794620e-02,-2.327174562123e-02,7.225599515578e-05,-1.424770256455e-03,8.220697203248e-06
"                1943",2.560583483165e-01,2.416426810339e-02,-2.215517834477e-02,2.561303555939e-01,2.272539938630e-02,-2.213983140011e-02,7.200727744238e-05,-1.438868717093e-03,1.534694465991e-05
"                1944",2.584825234549e-01,2.390758877038e-02,-2.108530155932e-02,2.585440176720e-01,2.245858734396e-02,-2.106274173899e-02,6.149421705871e-05,-1.449001426429e-03,2.255982032737e-05
"                1945",2.588710639343e-01,2.407159056937e-02,-2.026837907703e-02,2.589074897287e-01,2.261986169303e-02,-2.023925063870e-02,3.642579444055e-05,-1.451728876339e-03,2.912843833144e-05
"                1946",2.551041653609e-01,2.381466279538e-02,-1.978926386065e-02,2.551106564363e-01,2.236946781297e-02,-1.975513584714e-02,6.491075325479e-06,-1.445194982413e-03,3.412801351470e-05
"                1947",2.453277747453e-01,2.442854573032e-02,-1.960930153391e-02,2.453023905505e-01,2.299833215522e-02,-1.957206497044e-02,-2.538419485142e-05,-1.430213575098e-03,3.723656347252e-05
"                1948",2.313592195817e-01,2.607931783809e-02,-1.963813105912e-02,2.313041280960e-01,2.466121426131e-02,-1.959973260502e-02,-5.509148575915e-05,-1.418103576778e-03,3.839845410539e-05
"                1949",2.151897357810e-01,2.755191961324e-02,-1.969334968342e-02,2.151094289721e-01,2.614188409131e-02,-1.965515263881e-02,-8.030680886553e-05,-1.410035521933e-03,3.819704461594e-05
"                1950",1.983772892611e-01,2.768130732423e-02,-1.967332885953e-02,1.982781909958e-01,2.627621079468e-02,-1.963568543400e-02,-9.909826529477e-05,-1.405096529549e-03,3.764342552051e-05
"                1951",1.823936793657e-01,2.661747437212e-02,-1.949867934696e-02,1.822814898533e-01,2.521573364448e-02,-1.946107535058e-02,-1.121895123679e-04,-1.401740727633e-03,3.760399637175e-05
"                1952",1.685841096490e-01,2.549143380943e-02,-1.910442585880e-02,1.684666018411e-01,2.409334435319e-02,-1.906634103290e-02,-1.175078078782e-04,-1.398089456241e-03,3.808482590741e-05
"                1953",1.584971953139e-01,2.484393111457e-02,-1.848628327192e-02,1.583848612207e-01,2.344792226959e-02,-1.844757284592e-02,-1.123340932641e-04,-1.396008844978e-03,3.871042600030e-05
"                1954",1.527798138489e-01,2.406904424471e-02,-1.775091436307e-02,1.526818474763e-01,2.266727457825e-02,-1.771153320048e-02,-9.796637256443e-05,-1.401769666459e-03,3.938116259386e-05
"                1955",1.513522795129e-01,2.336222292135e-02,-1.709330526237e-02,1.512741007047e-01,2.194705709867e-02,-1.705353789867e-02,-7.817880824705e-05,-1.415165822678e-03,3.976736369247e-05
"                1956",1.538276968068e-01,2.323429344074e-02,-1.666477009350e-02,1.537704737785e-01,2.180323181647e-02,-1.662550392241e-02,-5.722302823709e-05,-1.431061624267e-03,3.926617108500e-05
"                1957",1.590622296263e-01,2.393446802554e-02,-1.658061588224e-02,1.590268779403e-01,2.248901952435e-02,-1.654373897193e-02,-3.535168599235e-05,-1.445448501188e-03,3.687691031807e-05
"                1958",1.645823602836e-01,2.463662009513e-02,-1.691965622152e-02,1.645684853494e-01,2.318296212827e-02,-1.688723462364e-02,-1.387493426717e-05,-1.453657966861e-03,3.242159788028e-05
"                1959",1.689315055851e-01,2.562347520850e-02,-1.771758596494e-02,1.689378087965e-01,2.417064246280e-02,-1.769139968171e-02,6.303211421419e-06,-1.452832745705e-03,2.618628322832e-05
"                1960",1.736049230243e-01,2.535312072949e-02,-1.893263846553e-02,1.736231594763e-01,2.391096867576e-02,-1.891355548691e-02,1.823645206597e-05,-1.442152053732e-03,1.908297861766e-05
"                1961",1.804895549607e-01,2.576991516743e-02,-2.040633173955e-02,1.805137259762e-01,2.434391008703e-02,-2.039473576674e-02,2.417101549933e-05,-1.426005080404e-03,1.159597280800e-05
"                1962",1.883272721035e-01,2.735801340328e-02,-2.189189507239e-02,1.883519449611e-01,2.594502532046e-02,-2.188685972499e-02,2.467285763900e-05,-1.412988082820e-03,5.035347393269e-06
"                1963",1.966688305760e-01,2.925954704532e-02,-2.319639502277e-02,1.966950924556e-01,2.785578618263e-02,-2.319627839808e-02,2.626187954445e-05,-1.403760862698e-03,1.166246846121e-07
"                1964",2.052679783827e-01,3.021163768515e-02,-2.409796141776e-02,2.053013523114e-01,2.881453101874e-02,-2.410070486491e-02,3.337392878381e-05,-1.397106666409e-03,-2.743447147157e-06
"                1965",2.150173335515e-01,2.986178828006e-02,-2.448046986043e-02,2.150648873519e-01,2.847046825622e-02,-2.448411066340e-02,4.755380045307e-05,-1.391320023842e-03,-3.640802963462e-06
"                1966",2.262073080686e-01,2.873741291100e-02,-2.429748041855e-02,2.262730409940e-01,2.735081342403e-02,-2.429984034625e-02,6.573292535702e-05,-1.386599486971e-03,-2.359927695328e-06
"                1967",2.382513500569e-01,2.779491767845e-02,-2.372155811754e-02,2.383337601681e-01,2.640896516798e-02,-2.372039604531e-02,8.241011127738e-05,-1.385952510469e-03,1.162072234308e-06
"                1968",2.496588576189e-01,2.661285465438e-02,-2.296787893547e-02,2.497531187048e-01,2.521887618566e-02,-2.296174879233e-02,9.426108592259e-05,-1.393978468722e-03,6.130143140212e-06
"                1969",2.587040834680e-01,2.539694605379e-02,-2.217862710879e-02,2.588033501848e-01,2.398751492791e-02,-2.216725527324e-02,9.926671686802e-05,-1.409431125884e-03,1.137183554876e-05
"                1970",2.639035222029e-01,2.452579360324e-02,-2.151937620914e-02,2.639972430301e-01,2.309853062890e-02,-2.150325961063e-02,9.372082717162e-05,-1.427262974340e-03,1.611659851199e-05
"                1971",2.652429790782e-01,2.432939919366e-02,-2.114023165893e-02,2.653169136284e-01,2.288700056915e-02,-2.111979253035e-02,7.393455019722e-05,-1.442398624519e-03,2.043912858230e-05
"                1972",2.629449659639e-01,2.434359435871e-02,-2.111258846575e-02,2.629873114219e-01,2.289275663102e-02,-2.108846121733e-02,4.234545799375e-05,-1.450837727692e-03,2.412724842100e-05
"                1973",2.572891188342e-01,2.466074333251e-02,-2.132680259688e-02,2.572910146160e-01,2.321011114360e-02,-2.129976403588e-02,1.895781790286e-06,-1.450632188914e-03,2.703856100233e-05
"                1974",2.469520540002e-01,2.414904483896e-02,-2.151759642869e-02,2.469171021262e-01,2.270898693305e-02,-2.148871918305e-02,-3.495187400029e-05,-1.440057905907e-03,2.887724563333e-05
"                1975",2.325465930847e-01,2.424761972517e-02,-2.151653710861e-02,2.324795406385e-01,2.282315573350e-02,-2.148594999059e-02,-6.705244623413e-05,-1.424463991665e-03,3.058711802302e-05
"                1976",2.165738388307e-01,2.584068834849e-02,-2.124169605154e-02,2.164883449298e-01,2.442824433063e-02,-2.120932212159e-02,-8.549390094409e-05,-1.412444017853e-03,3.237392994515e-05
"                1977",2.011178130347e-01,2.794113632494e-02,-2.060952431016e-02,2.010253426463e-01,2.653695020920e-02,-2.057495339433e-02,-9.247038845370e-05,-1.404186115734e-03,3.457091583487e-05
"                1978",1.878862358209e-01,2.893762304540e-02,-1.962397093483e-02,1.877933633019e-01,2.753873733113e-02,-1.958657397726e-02,-9.287251898882e-05,-1.398885714269e-03,3.739695757319e-05
"                1979",1.776636667435e-01,2.859211661792e-02,-1.843358984699e-02,1.775737508599e-01,2.719690513799e-02,-1.839275179772e-02,-8.991588359738e-05,-1.395211479927e-03,4.083804927660e-05
"                1980",1.697683131690e-01,2.720440617015e-02,-1.727281335563e-02,1.696853989213e-01,2.581262237716e-02,-1.722862704266e-02,-8.291424771076e-05,-1.391783792989e-03,4.418631296865e-05
"                1981",1.643740192097e-01,2.594984696322e-02,-1.634434377642e-02,1.643020463805e-01,2.455630624595e-02,-1.629811851671e-02,-7.197282919646e-05,-1.393540717275e-03,4.622525970114e-05
"                1982",1.618749606502e-01,2.478062564666e-02,-1.580374712067e-02,1.618119397583e-01,2.337621486759e-02,-1.575738983528e-02,-6.302089194456e-05,-1.404410779061e-03,4.635728539267e-05
"                1983",1.615235840296e-01,2.419194069480e-02,-1.578745497308e-02,1.614665318663e-01,2.277144821383e-02,-1.574317305707e-02,-5.705216331332e-05,-1.420492480969e-03,4.428191601036e-05
"                1984",1.623419436811e-01,2.426494503332e-02,-1.634456621361e-02,1.622896493409e-01,2.282846236184e-02,-1.630449349290e-02,-5.229434020915e-05,-1.436482671476e-03,4.007272071261e-05
"                1985",1.626325229657e-01,2.454316927385e-02,-1.737229887516e-02,1.625874704927e-01,2.309395814327e-02,-1.733867123316e-02,-4.505247296526e-05,-1.449211130575e-03,3.362764200048e-05
"                1986",1.620650169274e-01,2.479366685913e-02,-1.863543676423e-02,1.620304069903e-01,2.333944968501e-02,-1.860993441339e-02,-3.460993706895e-05,-1.454217174120e-03,2.550235083247e-05
"                1987",1.619875576007e-01,2.492255409306e-02,-1.994528714942e-02,1.619662449241e-01,2.347253920556e-02,-1.992831342656e-02,-2.131267657705e-05,-1.450014887492e-03,1.697372285623e-05
"                1988",1.648562989203e-01,2.496356916062e-02,-2.118519081652e-02,1.648479147850e-01,2.352742601154e-02,-2.117548533582e-02,-8.384135265321e-06,-1.436143149075e-03,9.705480699383e-06
"                1989",1.715515058725e-01,2.637255098164e-02,-2.219319356721e-02,1.715594661355e-01,2.495248360653e-02,-2.218890965599e-02,7.960263085510e-06,-1.420067375106e-03,4.283911226327e-06
"                1990",1.815222013472e-01,2.902637561071e-02,-2.283640557930e-02,1.815461759372e-01,2.761938892579e-02,-2.283517689994e-02,2.397458992527e-05,-1.406986684919e-03,1.228679359196e-06
"                1991",1.946323550776e-01,3.176750567970e-02,-2.306771516093e-02,1.946732574624e-01,3.037051450477e-02,-2.306725458476e-02,4.090238474101e-05,-1.396991174926e-03,4.605761750483e-07
"                1992",2.093913217810e-01,3.258975194860e-02,-2.294647533353e-02,2.094542824551e-01,3.119964797657e-02,-2.294512578571e-02,6.296067413587e-05,-1.390103972033e-03,1.349547815096e-06
"                1993",2.246718307551e-01,3.161035349770e-02,-2.264138291481e-02,2.247572574700e-01,3.022469460188e-02,-2.263793934161e-02,8.542671482296e-05,-1.385658895823e-03,3.443573202039e-06
"                1994",2.394511037140e-01,2.998329709417e-02,-2.227857425117e-02,2.395530746659e-01,2.859939594803e-02,-2.227253760659e-02,1.019709518918e-04,-1.383901146137e-03,6.036644577996e-06
"                1995",2.523416257374e-01,2.828648774589e-02,-2.199978964605e-02,2.524488739605e-01,2.689858715788e-02,-2.199109538365e-02,1.072482231256e-04,-1.387900588016e-03,8.694262395660e-06
"                1996",2.613940120591e-01,2.651966250717e-02,-2.192822479001e-02,2.614960494863e-01,2.511979077424e-02,-2.191724525781e-02,1.020374271311e-04,-1.399871732928e-03,1.097953219865e-05
"                1997",2.651366059463e-01,2.503898153124e-02,-2.211742263360e-02,2.652245164569e-01,2.362262715345e-02,-2.210475304718e-02,8.791051060826e-05,-1.416354377786e-03,1.266958641616e-05
"                1998",2.640967464304e-01,2.459574408014e-02,-2.249296080434e-02,2.641608883208e-01,2.316325770775e-02,-2.247903064709e-02,6.414189038318e-05,-1.432486372384e-03,1.393015724346e-05
"                1999",2.599220732317e-01,2.429658030637e-02,-2.288124447491e-02,2.599534592768e-01,2.285131110685e-02,-2.286586439761e-02,3.138604511159e-05,-1.445269199524e-03,1.538007729844e-05
"                2000",2.534518601142e-01,2.408936336813e-02,-2.312705848936e-02,2.534476978200e-01,2.263878251504e-02,-2.310940526870e-02,-4.162294144358e-06,-1.450580853095e-03,1.765322066395e-05
"                2001",2.443542980654e-01,2.399999723400e-02,-2.307227366464e-02,2.443181126034e-01,2.255335450757e-02,-2.305117893229e-02,-3.618546200125e-05,-1.446642726431e-03,2.109473234733e-05
"                2002",2.329947878608e-01,2.452987895003e-02,-2.256742900590e-02,2.329378391482e-01,2.309719078591e-02,-2.254208827388e-02,-5.694871257693e-05,-1.432688164121e-03,2.534073201935e-05
"                2003",2.209426133286e-01,2.612960298693e-02,-2.157701409301e-02,2.208740722502e-01,2.471225575155e-02,-2.154668945269e-02,-6.854107834014e-05,-1.417347235381e-03,3.032464032400e-05
"                2004",2.101201747118e-01,2.845737765634e-02,-2.020554931928e-02,2.100516775209e-01,2.705098210769e-02,-2.016995735769e-02,-6.849719092035e-05,-1.406395548656e-03,3.559196158422e-05
"                2005",2.005233358162e-01,3.035778265705e-02,-1.870229480487e-02,2.004625006263e-01,2.895835915485e-02,-1.866146114832e-02,-6.083518985398e-05,-1.399423502200e-03,4.083365654790e-05
"                2006",1.922363673357e-01,3.018036823428e-02,-1.731396073731e-02,1.921807068969e-01,2.878458032108e-02,-1.726838721422e-02,-5.566043881848e-05,-1.395787913200e-03,4.557352308430e-05
"                2007",1.848688274127e-01,2.873386379572e-02,-1.624597894486e-02,1.848135015895e-01,2.733932554014e-02,-1.619724069303e-02,-5.532582313047e-05,-1.394538255579e-03,4.873825183013e-05
"                2008",1.783011251517e-01,2.675939913584e-02,-1.569777362235e-02,1.782399947349e-01,2.536601570407e-02,-1.564804607527e-02,-6.113041682028e-05,-1.393383431774e-03,4.972754708100e-05
"                2009",1.717621770858e-01,2.529327677382e-02,-1.575968455014e-02,1.716952981656e-01,2.389482340926e-02,-1.571166346968e-02,-6.687892016382e-05,-1.398453364557e-03,4.802108046508e-05
"                2010",1.652985110904e-01,2.420753939602e-02,-1.639185133434e-02,1.652239694504e-01,2.279723281465e-02,-1.634784212014e-02,-7.454164002930e-05,-1.410306581366e-03,4.400921420423e-05
"                2011",1.594162950210e-01,2.376896116345e-02,-1.738913283230e-02,1.593365106264e-01,2.234381056059e-02,-1.735114404680e-02,-7.978439458331e-05,-1.425150602859e-03,3.798878550205e-05
"                2012",1.552812933309e-01,2.406030407761e-02,-1.854935985506e-02,1.551996500741e-01,2.262163315142e-02,-1.851844383661e-02,-8.164325679510e-05,-1.438670926192e-03,3.091601845381e-05
"                2013",1.524925629835e-01,2.422749010845e-02,-1.965522330574e-02,1.524216284222e-01,2.277928271524e-02,-1.963167680669e-02,-7.093456127868e-05,-1.448207393214e-03,2.354649905329e-05
"                2014",1.514397871378e-01,2.468524555092e-02,-2.052084268230e-02,1.513927418648e-01,2.323564433712e-02,-2.050405018379e-02,-4.704527297393e-05,-1.449601213800e-03,1.679249850800e-05
"                2015",1.541247445013e-01,2.512425316353e-02,-2.104451304475e-02,1.541071552518e-01,2.368257790868e-02,-2.103297248152e-02,-1.758924956465e-05,-1.441675254857e-03,1.154056323008e-05
"                2016",1.627177156149e-01,2.669233517841e-02,-2.124315906336e-02,1.627309653050e-01,2.526724518044e-02,-2.123491261413e-02,1.324969005668e-05,-1.425089997973e-03,8.246449230140e-06
"                2017",1.759192961948e-01,2.929812868276e-02,-2.120488573859e-02,1.759620953217e-01,2.788798393999e-02,-2.119801693761e-02,4.279912690489e-05,-1.410144742770e-03,6.868800979735e-06
"                2018",1.917649007849e-01,3.151313409296e-02,-2.112224842816e-02,1.918332305313e-01,3.011329773791e-02,-2.111522146400e-02,6.832974643520e-05,-1.399836355055e-03,7.026964163442e-06
"                2019",2.085812848101e-01,3.278713139451e-02,-2.110898410661e-02,2.086681968160e-01,3.139391057252e-02,-2.110125504755e-02,8.691200594336e-05,-1.393220821995e-03,7.729059060276e-06
"                2020",2.247682457238e-01,3.214791697225e-02,-2.124624523251e-02,2.248687737904e-01,3.075880453110e-02,-2.123834087976e-02,1.005280665638e-04,-1.389112441141e-03,7.904352745340e-06
"                2021",2.387019222647e-01,3.061922161584e-02,-2.159128481477e-02,2.388083302096e-01,2.923303517363e-02,-2.158380924673e-02,1.064079449356e-04,-1.386186442208e-03,7.475568037500e-06
"                2022",2.490538263402e-01,2.882342700464e-02,-2.217284074564e-02,2.491572236838e-01,2.743887654876e-02,-2.216611383209e-02,1.033973436176e-04,-1.384550455881e-03,6.726913558154e-06
"                2023",2.555690386311e-01,2.708813748962e-02,-2.293078989999e-02,2.556594806680e-01,2.569871468184e-02,-2.292486117566e-02,9.044203687282e-05,-1.389422807779e-03,5.928724330837e-06
"                2024",2.581191998867e-01,2.554061738592e-02,-2.365834914754e-02,2.581910324244e-01,2.413865464928e-02,-2.365308361261e-02,7.183253768740e-05,-1.401962736647e-03,5.265534936860e-06
"                2025",2.568854442665e-01,2.462218329308e-02,-2.417627911972e-02,2.569379451254e-01,2.320445701892e-02,-2.417099488883e-02,5.250085882604e-05,-1.417726274159e-03,5.284230894560e-06
"                2026",2.521885051974e-01,2.460592569704e-02,-2.434885366191e-02,2.522206920595e-01,2.317364724372e-02,-2.434174754026e-02,3.218686208102e-05,-1.432278453321e-03,7.106121647081e-06
"                2027",2.463960350177e-01,2.468924892988e-02,-2.406961981266e-02,2.464084212690e-01,2.324774764667e-02,-2.405853286112e-02,1.238625122513e-05,-1.441501283210e-03,1.108695154544e-05
"                2028",2.415264887460e-01,2.562120813336e-02,-2.331104108753e-02,2.415184459185e-01,2.417816145275e-02,-2.329391207808e-02,-8.042827488675e-06,-1.443046680609e-03,1.712900944360e-05
"                2029",2.372641755809e-01,2.597075222853e-02,-2.213136439418e-02,2.372416267739e-01,2.453523858062e-02,-2.210700932547e-02,-2.254880697391e-05,-1.435513647909e-03,2.435506870119e-05
"                2030",2.316164214696e-01,2.669058908304e-02,-2.068595557713e-02,2.315863968824e-01,2.527042335957e-02,-2.065393456657e-02,-3.002458724472e-05,-1.420165723470e-03,3.202101055819e-05
"                2031",2.244776430345e-01,2.783759809334e-02,-1.919742669564e-02,2.244457112087e-01,2.642941988820e-02,-1.915847392793e-02,-3.193182577746e-05,-1.408178205138e-03,3.895276771260e-05
"                2032",2.164632719231e-01,2.916514504601e-02,-1.785874154164e-02,2.164291680346e-01,2.776399942241e-02,-1.781441140055e-02,-3.410388853329e-05,-1.401145623596e-03,4.433014109012e-05
"                2033",2.077428422188e-01,2.976372386388e-02,-1.688752679469e-02,2.077023161668e-01,2.836622381299e-02,-1.683997365343e-02,-4.052605206850e-05,-1.397500050894e-03,4.755314125874e-05
"                2034",1.978120930262e-01,2.921924631121e-02,-1.642055956632e-02,1.977575783592e-01,2.782446264424e-02,-1.637179523831e-02,-5.451466698284e-05,-1.394783666971e-03,4.876432800807e-05
"                2035",1.862372170394e-01,2.782768966550e-02,-1.650666283697e-02,1.861642925787e-01,2.643582174574e-02,-1.645889952413e-02,-7.292446066874e-05,-1.391867919752e-03,4.776331284859e-05
"                2036",1.739321148426e-01,2.652368499389e-02,-1.703898521408e-02,1.738410700651e-01,2.513329357108e-02,-1.699439389469e-02,-9.104477747542e-05,-1.390391422809e-03,4.459131939698e-05
"                2037",1.621903989736e-01,2.511777716470e-02,-1.778302012137e-02,1.620863315093e-01,2.372152535891e-02,-1.774324825550e-02,-1.040674642876e-04,-1.396251805781e-03,3.977186587360e-05
"                2038",1.527104433050e-01,2.416780068937e-02,-1.857035663873e-02,1.526022998721e-01,2.275877462738e-02,-1.853591879030e-02,-1.081434328337e-04,-1.409026061991e-03,3.443784842853e-05
"                2039",1.469756263196e-01,2.387213174450e-02,-1.925390443404e-02,1.468717331337e-01,2.244839080254e-02,-1.922428186845e-02,-1.038931859219e-04,-1.423740941952e-03,2.962256559284e-05
"                2040",1.451374623650e-01,2.480242006112e-02,-1.967681841371e-02,1.450517626716e-01,2.336585454257e-02,-1.965149143299e-02,-8.569969339151e-05,-1.436565518549e-03,2.532698071994e-05
"                2041",1.469556835885e-01,2.621760863030e-02,-1.975112357949e-02,1.468990359341e-01,2.477400866945e-02,-1.972945623992e-02,-5.664765435830e-05,-1.443599960843e-03,2.166733956672e-05
"                2042",1.521820412105e-01,2.778334511064e-02,-1.955915710888e-02,1.521647489986e-01,2.634085582978e-02,-1.954039285697e-02,-1.729221189785e-05,-1.442489280863e-03,1.876425190841e-05
"                2043",1.616576347323e-01,2.737537049106e-02,-1.934379175288e-02,1.616786747290e-01,2.594319801269e-02,-1.932691571619e-02,2.103999667637e-05,-1.432172478372e-03,1.687603669050e-05
"                2044",1.755253098133e-01,2.752182975548e-02,-1.930443754754e-02,1.755785842471e-01,2.610464899884e-02,-1.928913483005e-02,5.327443378299e-05,-1.417180756644e-03,1.530271749638e-05
"                2045",1.915298210073e-01,2.899988435168e-02,-1.953525696169e-02,1.916027045526e-01,2.759478211694e-02,-1.952160197175e-02,7.288354535091e-05,-1.405102234739e-03,1.365498993294e-05
"                2046",2.071218424819e-01,3.111372662951e-02,-2.011234991418e-02,2.072027955335e-01,2.971695935683e-02,-2.010084436081e-02,8.095305152844e-05,-1.396767272681e-03,1.150555336852e-05
"                2047",2.205463870641e-01,3.202147664198e-02,-2.105421925535e-02,2.206279250399e-01,3.063097468301e-02,-2.104548191589e-02,8.153797588958e-05,-1.390501958966e-03,8.737339455295e-06
"                2048",2.309944199294e-01,3.153369801865e-02,-2.223760123838e-02,2.310727710143e-01,3.014849195975e-02,-2.223229206178e-02,7.835108489403e-05,-1.385206058905e-03,5.309176602855e-06
"                2049",2.389611607346e-01,2.999344370050e-02,-2.341943769037e-02,2.390320441781e-01,2.861320216045e-02,-2.341761350612e-02,7.088344351806e-05,-1.380241540055e-03,1.824184252405e-06
"                2050",2.444713003974e-01,2.827335316644e-02,-2.438388859239e-02,2.445313446658e-01,2.689448552810e-02,-2.438444864546e-02,6.004426840679e-05,-1.378867638346e-03,-5.600530749915e-07
"                2051",2.473409609293e-01,2.656818276357e-02,-2.498070457677e-02,2.473912541969e-01,2.518249576895e-02,-2.498178010872e-02,5.029326766017e-05,-1.385686994614e-03,-1.075531941927e-06
"                2052",2.482736218119e-01,2.574817617440e-02,-2.507019380263e-02,2.483174312696e-01,2.434865829346e-02,-2.506951938811e-02,4.380945763291e-05,-1.399517880940e-03,6.744145286868e-07
"                2053",2.479669384193e-01,2.576825295167e-02,-2.460083148764e-02,2.480070557634e-01,2.435294203763e-02,-2.459630884149e-02,4.011734402953e-05,-1.415310914039e-03,4.522646141984e-06
"                2054",2.478440616608e-01,2.626716811653e-02,-2.364428219281e-02,2.478779949804e-01,2.483783983752e-02,-2.363362197818e-02,3.393331960512e-05,-1.429328279017e-03,1.066021462756e-05
"                2055",2.487173126671e-01,2.648204615640e-02,-2.241920809266e-02,2.487421615075e-01,2.504481501518e-02,-2.240065614206e-02,2.484884043129e-05,-1.437231141219e-03,1.855195059748e-05
"                2056",2.492953583306e-01,2.650924136846e-02,-2.112926884567e-02,2.493075860199e-01,2.507166994723e-02,-2.110217036464e-02,1.222768927621e-05,-1.437571421228e-03,2.709848103299e-05
"                2057",2.471902107628e-01,2.561678314494e-02,-1.988832600056e-02,2.471889809414e-01,2.418835776569e-02,-1.985368280829e-02,-1.229821436987e-06,-1.428425379253e-03,3.464319226412e-05
"                2058",2.410220646435e-01,2.574497556263e-02,-1.883525389487e-02,2.410026740051e-01,2.433102265150e-02,-1.879478144141e-02,-1.939063838778e-05,-1.413952911136e-03,4.047245345593e-05
"                2059",2.313489777466e-01,2.767663744864e-02,-1.813388543576e-02,2.313117375794e-01,2.627412448388e-02,-1.808998300992e-02,-3.724016724627e-05,-1.402512964757e-03,4.390242583825e-05
"                2060",2.185153552575e-01,2.971049555199e-02,-1.785526062838e-02,2.184592962453e-01,2.831585529492e-02,-1.781017389398e-02,-5.605901221006e-05,-1.394640257066e-03,4.508673440026e-05
"                2061",2.038849552723e-01,3.021692454177e-02,-1.794608191767e-02,2.038066879646e-01,2.882736701407e-02,-1.790163490785e-02,-7.826730766408e-05,-1.389557527706e-03,4.444700981970e-05
"                2062",1.884551131758e-01,2.920313030082e-02,-1.821819831079e-02,1.883531032439e-01,2.781747963651e-02,-1.817567162986e-02,-1.020099319577e-04,-1.385650664310e-03,4.252668092362e-05
"                2063",1.732063250294e-01,2.756695928511e-02,-1.854351213781e-02,1.730851860266e-01,2.618487611924e-02,-1.850345197533e-02,-1.211390028690e-04,-1.382083165873e-03,4.006016247562e-05
"                2064",1.596535225524e-01,2.659053942586e-02,-1.880857501571e-02,1.595242460180e-01,2.520782057212e-02,-1.877105369739e-02,-1.292765344923e-04,-1.382718853733e-03,3.752131832735e-05
"                2065",1.497285536112e-01,2.603177178421e-02,-1.888795196842e-02,1.496030508849e-01,2.464031177695e-02,-1.885269737980e-02,-1.255027263497e-04,-1.391460007265e-03,3.525458862392e-05
"                2066",1.451476876918e-01,2.583778224757e-02,-1.872721376422e-02,1.450360965511e-01,2.443200185968e-02,-1.869376061691e-02,-1.115911406986e-04,-1.405780387890e-03,3.345314731227e-05
"                2067",1.458091263695e-01,2.625217059329e-02,-1.837877597970e-02,1.457213336265e-01,2.483099697144e-02,-1.834666422476e-02,-8.779274295209e-05,-1.421173621852e-03,3.211175494375e-05
"                2068",1.498052793099e-01,2.680012523346e-02,-1.799904676469e-02,1.497511692193e-01,2.536545587615e-02,-1.796837801086e-02,-5.411009064078e-05,-1.434669357312e-03,3.066875383273e-05
"                2069",1.562529275538e-01,2.689378329351e-02,-1.774314548913e-02,1.562356123811e-01,2.545218258691e-02,-1.771463427882e-02,-1.731517268303e-05,-1.441600706598e-03,2.851121031312e-05
"                2070",1.651808749816e-01,2.672637849778e-02,-1.776008853839e-02,1.651976677173e-01,2.528650562446e-02,-1.773486996082e-02,1.679273575246e-05,-1.439872873323e-03,2.521857757448e-05
"                2071",1.763186064696e-01,2.645993441286e-02,-1.820591678488e-02,1.763582939635e-01,2.503169694027e-02,-1.818486271964e-02,3.968749383012e-05,-1.428237472584e-03,2.105406523168e-05
"                2072",1.883986653456e-01,2.766383699040e-02,-1.913765717972e-02,1.884522222069e-01,2.625064227826e-02,-1.912159775182e-02,5.355686125587e-05,-1.413194712144e-03,1.605942789959e-05
"                2073",1.992185193548e-01,3.014906074266e-02,-2.046158997035e-02,1.992737081140e-01,2.874856214570e-02,-2.045078828326e-02,5.518875924303e-05,-1.400498596962e-03,1.080168709225e-05
"                2074",2.089292635810e-01,3.253139206218e-02,-2.196043748695e-02,2.089777848183e-01,3.114101449862e-02,-2.195491509631e-02,4.852123727918e-05,-1.390377563560e-03,5.522390635557e-06
"                2075",2.171901870566e-01,3.283097557719e-02,-2.336772494012e-02,2.172333267422e-01,3.144787808026e-02,-2.336710925464e-02,4.313968560239e-05,-1.383097496931e-03,6.156854800131e-07
"                2076",2.243773028484e-01,3.187833404876e-02,-2.446896817836e-02,2.244200693616e-01,3.050014052268e-02,-2.447188068636e-02,4.276651321808e-05,-1.378193526078e-03,-2.912508001774e-06
"                2077",2.309723194203e-01,3.052223450318e-02,-2.507585427676e-02,2.310202600699e-01,2.914706394363e-02,-2.508011074476e-02,4.794064966362e-05,-1.375170559550e-03,-4.256468005835e-06
"                2078",2.374476162131e-01,2.924751116746e-02,-2.509170728609e-02,2.375015717069e-01,2.787000037016e-02,-2.509466843546e-02,5.395549381522e-05,-1.377510797300e-03,-2.961149364390e-06
"                2079",2.439884469372e-01,2.790307692477e-02,-2.453927538144e-02,2.440503002167e-01,2.651490240678e-02,-2.453856981332e-02,6.185327951178e-05,-1.388174517995e-03,7.055681148180e-07
"                2080",2.502990180198e-01,2.704081579310e-02,-2.360154874382e-02,2.503680639608e-01,2.563651901182e-02,-2.359523211578e-02,6.904594099245e-05,-1.404296781281e-03,6.316628041532e-06
"                2081",2.551008499954e-01,2.668478244276e-02,-2.249910975582e-02,2.551739690897e-01,2.526346129886e-02,-2.248603180027e-02,7.311909425818e-05,-1.421321143902e-03,1.307795554408e-05
"                2082",2.583993668797e-01,2.596063468833e-02,-2.141639699375e-02,2.584647267512e-01,2.452476520556e-02,-2.139608024481e-02,6.535987144755e-05,-1.435869482773e-03,2.031674894385e-05
"                2083",2.599636223549e-01,2.529026445717e-02,-2.052775739038e-02,2.600087807863e-01,2.384714631162e-02,-2.050069227821e-02,4.515843137696e-05,-1.443118145552e-03,2.706511216822e-05
"                2084",2.581331202278e-01,2.500543882309e-02,-1.996404857013e-02,2.581476153598e-01,2.356493763455e-02,-1.993141358332e-02,1.449513202282e-05,-1.440501188541e-03,3.263498681047e-05
"                2085",2.504024268392e-01,2.533069469789e-02,-1.971931554461e-02,2.503854954029e-01,2.390382753539e-02,-1.968305122508e-02,-1.693143633646e-05,-1.426867162496e-03,3.626431952890e-05
"                2086",2.374335616368e-01,2.679614613554e-02,-1.971180091585e-02,2.373839246529e-01,2.538485628817e-02,-1.967367299594e-02,-4.963698381142e-05,-1.411289847374e-03,3.812791991665e-05
"                2087",2.216537979157e-01,2.893261462329e-02,-1.976598615912e-02,2.215766480279e-01,2.753308821364e-02,-1.972769952723e-02,-7.714988784494e-05,-1.399526409652e-03,3.828663188565e-05
"                2088",2.046391684088e-01,3.050197926611e-02,-1.975454251562e-02,2.045416060531e-01,2.911005968129e-02,-1.971683347930e-02,-9.756235568890e-05,-1.391919584812e-03,3.770903631218e-05
"                2089",1.880733958118e-01,3.054399931422e-02,-1.962138945555e-02,1.879606208205e-01,2.915649997913e-02,-1.958383782106e-02,-1.127749913526e-04,-1.387499335094e-03,3.755163449255e-05
"                2090",1.733871219475e-01,2.974888974991e-02,-1.928799205357e-02,1.732661935685e-01,2.836404461108e-02,-1.925000423637e-02,-1.209283789294e-04,-1.384845138834e-03,3.798781719615e-05
"                2091",1.617549299622e-01,2.865054916003e-02,-1.871186541802e-02,1.616346809528e-01,2.726832079872e-02,-1.867312207926e-02,-1.202490094107e-04,-1.382228361311e-03,3.874333876644e-05
"                2092",1.544024485125e-01,2.765504920859e-02,-1.796760852100e-02,1.542931529930e-01,2.626824590116e-02,-1.792804832390e-02,-1.092955195899e-04,-1.386803307430e-03,3.956019709348e-05
"                2093",1.512834166330e-01,2.641844837483e-02,-1.724399015058e-02,1.511927354949e-01,2.501880004456e-02,-1.720374123457e-02,-9.068113811633e-05,-1.399648330276e-03,4.024891600973e-05
"                2094",1.522094340514e-01,2.543473962506e-02,-1.671816363353e-02,1.521400303580e-01,2.401809488953e-02,-1.667792070643e-02,-6.940369335007e-05,-1.416644735527e-03,4.024292710548e-05
"                2095",1.568382485659e-01,2.534258322865e-02,-1.652094630112e-02,1.567907389893e-01,2.390996044234e-02,-1.648231237072e-02,-4.750957655838e-05,-1.432622786307e-03,3.863393039508e-05
"                2096",1.626358790051e-01,2.567126760595e-02,-1.674775525582e-02,1.626094417187e-01,2.422764750426e-02,-1.671285714968e-02,-2.643728641921e-05,-1.443620101688e-03,3.489810613928e-05
"                2097",1.675362937229e-01,2.617398756670e-02,-1.742531426780e-02,1.675319076923e-01,2.472801067614e-02,-1.739626182453e-02,-4.386030581906e-06,-1.445976890556e-03,2.905244327624e-05
"                2098",1.718002180424e-01,2.636011261420e-02,-1.853397076073e-02,1.718119139680e-01,2.492174782987e-02,-1.851198458667e-02,1.169592561405e-05,-1.438364784325e-03,2.198617406100e-05
"                2099",1.775057895000e-01,2.739381751919e-02,-1.994302065530e-02,1.775254007261e-01,2.597205285872e-02,-1.992856346191e-02,1.961122607954e-05,-1.421764660469e-03,1.445719338829e-05
"                2100",1.845061661258e-01,2.945791583632e-02,-2.141678239433e-02,1.845285646602e-01,2.805129528818e-02,-2.140942211802e-02,2.239853440918e-05,-1.406620548144e-03,7.360276307829e-06
"                2101",1.922986817866e-01,3.180122829884e-02,-2.276696715952e-02,1.923226501221e-01,3.040565854246e-02,-2.276519988956e-02,2.396833553382e-05,-1.395569756380e-03,1.767269968863e-06
"                2102",2.008042476715e-01,3.374900251299e-02,-2.379599526008e-02,2.008323803955e-01,3.236127615936e-02,-2.379767564870e-02,2.813272400517e-05,-1.387726353632e-03,-1.680388616840e-06
"                2103",2.103187089857e-01,3.398454136376e-02,-2.435230946476e-02,2.103591276478e-01,3.260245946285e-02,-2.435554924657e-02,4.041866208790e-05,-1.382081900909e-03,-3.239781813190e-06
"                2104",2.214491239790e-01,3.286636134074e-02,-2.435929958202e-02,2.215062303328e-01,3.148774616196e-02,-2.436193670580e-02,5.710635380425e-05,-1.378615178780e-03,-2.637123780862e-06
"                2105",2.335520435192e-01,3.115276994364e-02,-2.389395149015e-02,2.336276234730e-01,2.977496061225e-02,-2.389390898136e-02,7.557995372669e-05,-1.377809331390e-03,4.250878931290e-08
"                2106",2.455026925913e-01,2.925630724168e-02,-2.319134828318e-02,2.455922647950e-01,2.787224956916e-02,-2.318678903135e-02,8.957220365617e-05,-1.384057672519e-03,4.559251829238e-06
"                2107",2.555770440148e-01,2.718043384506e-02,-2.242011042614e-02,2.556735864501e-01,2.578206148777e-02,-2.241039937237e-02,9.654243531817e-05,-1.398372357282e-03,9.711053764216e-06
"                2108",2.624684385970e-01,2.547426263562e-02,-2.172079238931e-02,2.625652942814e-01,2.405843749218e-02,-2.170633155135e-02,9.685568440119e-05,-1.415825143442e-03,1.446083796014e-05
"                2109",2.653187729960e-01,2.524928692359e-02,-2.126133677089e-02,2.654007109332e-01,2.381840741396e-02,-2.124257594882e-02,8.193793727369e-05,-1.430879509632e-03,1.876082207500e-05
"                2110",2.642125557036e-01,2.538544000941e-02,-2.113245058707e-02,2.642674416216e-01,2.394490057480e-02,-2.110989828302e-02,5.488591802085e-05,-1.440539434609e-03,2.255230404131e-05
"                2111",2.596816564721e-01,2.627852330417e-02,-2.129337734916e-02,2.596975176215e-01,2.483666553419e-02,-2.126765184863e-02,1.586114934992e-05,-1.441857769979e-03,2.572550053260e-05
"                2112",2.511755208703e-01,2.636396190178e-02,-2.151344745046e-02,2.511509205134e-01,2.493038777167e-02,-2.148546676147e-02,-2.460035693478e-05,-1.433574130113e-03,2.798068899154e-05
"                2113",2.381549843936e-01,2.695632476202e-02,-2.158186148280e-02,2.380958065869e-01,2.553933748764e-02,-2.155216558441e-02,-5.917780672512e-05,-1.416987274376e-03,2.969589838983e-05
"                2114",2.224998567987e-01,2.848998600481e-02,-2.140257049243e-02,2.224173572921e-01,2.708635669919e-02,-2.137110240902e-02,-8.249950651634e-05,-1.403629305621e-03,3.146808341070e-05
"                2115",2.065545542865e-01,3.047999868066e-02,-2.087641193851e-02,2.064609824766e-01,2.908459906580e-02,-2.084278831031e-02,-9.357180994568e-05,-1.395399614861e-03,3.362362820341e-05
"                2116",1.921930657459e-01,3.181602551502e-02,-1.998085176755e-02,1.920975545420e-01,3.042541697495e-02,-1.994458209588e-02,-9.551120386803e-05,-1.390608540062e-03,3.626967167696e-05
"                2117",1.806230083374e-01,3.154814221487e-02,-1.881896305791e-02,1.805298187452e-01,3.016013657926e-02,-1.877939690820e-02,-9.318959222666e-05,-1.388005635618e-03,3.956614970474e-05
"                2118",1.720370920539e-01,2.986760453859e-02,-1.763032963581e-02,1.719501463232e-01,2.848144736004e-02,-1.758724749570e-02,-8.694573070667e-05,-1.386157178556e-03,4.308214010528e-05
"                2119",1.661015255579e-01,2.783360887927e-02,-1.663171355469e-02,1.660249995378e-01,2.644724529763e-02,-1.658604021206e-02,-7.652602014867e-05,-1.386363581644e-03,4.567334263012e-05
"                2120",1.627563169345e-01,2.594382883764e-02,-1.597380734831e-02,1.626902010846e-01,2.454971950311e-02,-1.592728626066e-02,-6.611584990134e-05,-1.394109334534e-03,4.652108765058e-05
"                2121",1.617207249918e-01,2.492886552754e-02,-1.579535850585e-02,1.616626630605e-01,2.352084730209e-02,-1.575025032480e-02,-5.806193125123e-05,-1.408018225455e-03,4.510818104945e-05
"                2122",1.621977780732e-01,2.485895763922e-02,-1.616694498611e-02,1.621446489319e-01,2.343633173146e-02,-1.612529486086e-02,-5.312914132392e-05,-1.422625907760e-03,4.165012524647e-05
"                2123",1.626486094734e-01,2.565728395313e-02,-1.704774049369e-02,1.626016889125e-01,2.422264109198e-02,-1.701179669698e-02,-4.692056081899e-05,-1.434642861150e-03,3.594379670692e-05
"                2124",1.618263926933e-01,2.669513419038e-02,-1.823170646182e-02,1.617881161490e-01,2.525443246121e-02,-1.820327904237e-02,-3.827654425817e-05,-1.440701729170e-03,2.842741945801e-05
"                2125",1.608975827959e-01,2.788642973315e-02,-1.950012342250e-02,1.608714658016e-01,2.644787921329e-02,-1.948012480631e-02,-2.611699433563e-05,-1.438550519862e-03,1.999861618762e-05
"                2126",1.622576119461e-01,2.785223655848e-02,-2.073434538135e-02,1.622438916825e-01,2.642474559616e-02,-2.072198939304e-02,-1.372026359222e-05,-1.427490962320e-03,1.235598830303e-05
"                2127",1.676947375759e-01,2.880186723512e-02,-2.182169841741e-02,1.676965853209e-01,2.739038249134e-02,-2.181539877671e-02,1.847744969116e-06,-1.411484743776e-03,6.299640700445e-06
"                2128",1.765073051445e-01,3.108084053439e-02,-2.257799474083e-02,1.765253427028e-01,2.968204964605e-02,-2.257546176877e-02,1.803755834178e-05,-1.398790888341e-03,2.532972061448e-06
"                2129",1.888328254216e-01,3.354960951647e-02,-2.294453300215e-02,1.888683544401e-01,3.215918187689e-02,-2.294361599912e-02,3.552901849412e-05,-1.390427639585e-03,9.170030305209e-07
"                2130",2.031943575863e-01,3.435702025615e-02,-2.293722542706e-02,2.032502807804e-01,3.297218776400e-02,-2.293600345628e-02,5.592319413225e-05,-1.384832492157e-03,1.221970780401e-06
"                2131",2.185356445530e-01,3.329583580584e-02,-2.271764537813e-02,2.186148475596e-01,3.191506098598e-02,-2.271480259123e-02,7.920300650774e-05,-1.380774819868e-03,2.842786900687e-06
"                2132",2.337580799013e-01,3.126699398824e-02,-2.240389481874e-02,2.338568731748e-01,2.988923635568e-02,-2.239871584112e-02,9.879327355789e-05,-1.377757632561e-03,5.178977618417e-06
"                2133",2.477013963980e-01,2.924575158714e-02,-2.210486261863e-02,2.478101729852e-01,2.786813886331e-02,-2.209716544678e-02,1.087765872649e-04,-1.377612723826e-03,7.697171849472e-06
"                2134",2.583975911785e-01,2.738286925346e-02,-2.196289617946e-02,2.585044939258e-01,2.599825783319e-02,-2.195283816954e-02,1.069027472815e-04,-1.384611420270e-03,1.005800991493e-05
"                2135",2.641762692464e-01,2.622222977280e-02,-2.205921259746e-02,2.642715019228e-01,2.482410181459e-02,-2.204720470145e-02,9.523267643595e-05,-1.398127958210e-03,1.200789600769e-05
"                2136",2.647220170497e-01,2.618539798149e-02,-2.237547926950e-02,2.647967956952e-01,2.477234265841e-02,-2.236205675634e-02,7.477864551767e-05,-1.413055323084e-03,1.342251315498e-05
"                2137",2.613487456087e-01,2.687541559075e-02,-2.275696001983e-02,2.613920096369e-01,2.544947444396e-02,-2.274213827746e-02,4.326402814021e-05,-1.425941146789e-03,1.482174236923e-05
"                2138",2.552822362648e-01,2.711209430897e-02,-2.304136167462e-02,2.552900498541e-01,2.567912656501e-02,-2.302457501205e-02,7.813589304342e-06,-1.432967743961e-03,1.678666256603e-05
"                2139",2.470910796963e-01,2.753489790144e-02,-2.309621938359e-02,2.470638708394e-01,2.610211330302e-02,-2.307637161560e-02,-2.720885692201e-05,-1.432784598426e-03,1.984776798938e-05
"                2140",2.368512492288e-01,2.705073598352e-02,-2.275520782841e-02,2.367988554979e-01,2.562713396338e-02,-2.273136488842e-02,-5.239373098912e-05,-1.423602020140e-03,2.384293998798e-05
"                2141",2.250130732773e-01,2.767185778426e-02,-2.193697096261e-02,2.249441233136e-01,2.626300183939e-02,-2.190826525572e-02,-6.894996367811e-05,-1.408855944872e-03,2.870570689116e-05
"                2142",2.135353299218e-01,2.968193091780e-02,-2.069537692610e-02,2.134632727346e-01,2.828422943673e-02,-2.066156549991e-02,-7.205718726273e-05,-1.397701481064e-03,3.381142618872e-05
"                2143",2.034563720967e-01,3.141640990851e-02,-1.923281556248e-02,2.033891474298e-01,3.002518498488e-02,-1.919373373994e-02,-6.722466693824e-05,-1.391224923631e-03,3.908182253260e-05
"                2144",1.948882016348e-01,3.120576505729e-02,-1.781838390600e-02,1.948269501838e-01,2.981767375858e-02,-1.777433696269e-02,-6.125145097706e-05,-1.388091298708e-03,4.404694331206e-05
"                2145",1.873902426430e-01,2.958973926750e-02,-1.665280485034e-02,1.873302882511e-01,2.820358287916e-02,-1.660496045790e-02,-5.995439188166e-05,-1.386156388337e-03,4.784439244636e-05
"                2146",1.806405042948e-01,2.760181544726e-02,-1.592381544616e-02,1.805754226944e-01,2.621830758711e-02,-1.587410258977e-02,-6.508160039272e-05,-1.383507860141e-03,4.971285638377e-05
"                2147",1.740378310653e-01,2.673606881147e-02,-1.576125263995e-02,1.739666648661e-01,2.535230510725e-02,-1.571223973527e-02,-7.116619917417e-05,-1.383763704221e-03,4.901290468501e-05
"                2148",1.670698444725e-01,2.631475885586e-02,-1.617003730212e-02,1.669921842897e-01,2.492376195157e-02,-1.612418225202e-02,-7.766018280012e-05,-1.390996904295e-03,4.585505009844e-05
"                2149",1.605094385152e-01,2.654499668299e-02,-1.701425037529e-02,1.604253702663e-01,2.514151508476e-02,-1.697358149458e-02,-8.406824889902e-05,-1.403481598236e-03,4.066888071062e-05
"                2150",1.557806990327e-01,2.691521130862e-02,-1.808722896810e-02,1.556926349008e-01,2.549764027480e-02,-1.805309058937e-02,-8.806413189073e-05,-1.417571033828e-03,3.413837873901e-05
"                2151",1.524553477236e-01,2.729839095038e-02,-1.919197846439e-02,1.523734342151e-01,2.586804603811e-02,-1.916504272379e-02,-8.191350854286e-05,-1.430344912273e-03,2.693574060607e-05
"                2152",1.505355650743e-01,2.751215971472e-02,-2.015371726367e-02,1.504712623812e-01,2.607504579929e-02,-2.013368811726e-02,-6.430269307728e-05,-1.437113915429e-03,2.002914640749e-05
"                2153",1.514874317730e-01,2.811683197384e-02,-2.081313734458e-02,1.514524164963e-01,2.668157192885e-02,-2.079900958132e-02,-3.501527671560e-05,-1.435260044989e-03,1.412776326377e-05
"                2154",1.579700555391e-01,2.844155666984e-02,-2.114485958365e-02,1.579655249782e-01,2.701802928357e-02,-2.113479362150e-02,-4.530560885553e-06,-1.423527386270e-03,1.006596214912e-05
"                2155",1.700802699881e-01,2.964431502542e-02,-2.120980233054e-02,1.701073865949e-01,2.823567528909e-02,-2.120201875696e-02,2.711660684259e-05,-1.408639736335e-03,7.783573580653e-06
"                2156",1.853685220512e-01,3.131881225293e-02,-2.117105514524e-02,1.854229458952e-01,2.992187615882e-02,-2.116366726818e-02,5.442384401831e-05,-1.396936094106e-03,7.387877052552e-06
"                2157",2.022182958458e-01,3.267438307398e-02,-2.115963229714e-02,2.022937408211e-01,3.128600277925e-02,-2.115170173455e-02,7.544497532140e-05,-1.388380294728e-03,7.930562590739e-06
"                2158",2.189394833755e-01,3.262245468131e-02,-2.124632428585e-02,2.190309912065e-01,3.123992683800e-02,-2.123803837688e-02,9.150783097983e-05,-1.382527843304e-03,8.285908965696e-06
"                2159",2.339927057438e-01,3.186378979672e-02,-2.150637330994e-02,2.340938998401e-01,3.048624034350e-02,-2.149837534854e-02,1.011940963313e-04,-1.377549453219e-03,7.997961406337e-06
"                2160",2.461777323725e-01,3.076689079639e-02,-2.199415359453e-02,2.462800456692e-01,2.939389867635e-02,-2.198678524257e-02,1.023132967031e-04,-1.372992120037e-03,7.368351959645e-06
"                2161",2.541586882513e-01,2.975937025317e-02,-2.267558647615e-02,2.542521339183e-01,2.838607569845e-02,-2.266896377487e-02,9.344566694895e-05,-1.373294554714e-03,6.622701277193e-06
"                2162",2.580087751692e-01,2.854630452217e-02,-2.339801337183e-02,2.580852149047e-01,2.716414757307e-02,-2.339208200116e-02,7.643973553196e-05,-1.382156949106e-03,5.931370670722e-06
"                2163",2.578960141028e-01,2.751620246521e-02,-2.397230201826e-02,2.579524662183e-01,2.611892256421e-02,-2.396662027473e-02,5.645211542954e-05,-1.397279900997e-03,5.681743533320e-06
"                2164",2.539065143093e-01,2.719610324938e-02,-2.425770770784e-02,2.539433335484e-01,2.578179363290e-02,-2.425097359899e-02,3.681923907663e-05,-1.414309616480e-03,6.734108846697e-06
"                2165",2.484668487579e-01,2.710226861626e-02,-2.415200090311e-02,2.484831207673e-01,2.567354772960e-02,-2.414209114288e-02,1.627200939245e-05,-1.428720886655e-03,9.909760232884e-06
"                2166",2.434325159053e-01,2.729936133147e-02,-2.360234941611e-02,2.434284495461e-01,2.586340042032e-02,-2.358720982912e-02,-4.066359207044e-06,-1.435960911147e-03,1.513958699907e-05
"                2167",2.394538680276e-01,2.720230546564e-02,-2.261443447934e-02,2.394321541074e-01,2.576847797746e-02,-2.259251470927e-02,-2.171392016813e-05,-1.433827488183e-03,2.191977006934e-05
"                2168",2.345228909267e-01,2.691524547431e-02,-2.129439814972e-02,2.344922530561e-01,2.549345807337e-02,-2.126512252282e-02,-3.063787058890e-05,-1.421787400944e-03,2.927562690014e-05
"                2169",2.275664870109e-01,2.732663545719e-02,-1.982951544138e-02,2.275313707690e-01,2.591893241847e-02,-1.979298636012e-02,-3.511624192759e-05,-1.407703038716e-03,3.652908125531e-05
"                2170",2.196614429049e-01,2.866450029576e-02,-1.842576689035e-02,2.196251164215e-01,2.726702871633e-02,-1.838329412479e-02,-3.632648343124e-05,-1.397471579431e-03,4.247276555967e-05
"                2171",2.111312025721e-01,3.021228835079e-02,-1.728534359933e-02,2.110914003001e-01,2.882176882250e-02,-1.723890171789e-02,-3.980227199068e-05,-1.390519528293e-03,4.644188143869e-05
"                2172",2.019537734347e-01,3.076308704179e-02,-1.660656479289e-02,2.019024509739e-01,2.937766923219e-02,-1.655802020598e-02,-5.132246080850e-05,-1.385417809595e-03,4.854458691370e-05
"                2173",1.908147976410e-01,3.036889864460e-02,-1.645192775577e-02,1.907468336981e-01,2.898790606051e-02,-1.640340025893e-02,-6.796394289085e-05,-1.380992584092e-03,4.852749683897e-05
"                2174",1.783113149416e-01,2.947852359748e-02,-1.679186278644e-02,1.782240562107e-01,2.810139271720e-02,-1.674544931608e-02,-8.725873088398e-05,-1.377130880282e-03,4.641347035761e-05
"                2175",1.659721289951e-01,2.853284201047e-02,-1.743107290469e-02,1.658698822736e-01,2.715275581096e-02,-1.738883871119e-02,-1.022467215067e-04,-1.380086199504e-03,4.223419350123e-05
"                2176",1.553423589448e-01,2.747789184725e-02,-1.819292689219e-02,1.552315052058e-01,2.608564970664e-02,-1.815579835120e-02,-1.108537389592e-04,-1.392242140616e-03,3.712854098210e-05
"                2177",1.478710190864e-01,2.658024373176e-02,-1.894549504253e-02,1.477602875511e-01,2.517103054272e-02,-1.891338501100e-02,-1.107315352608e-04,-1.409213189041e-03,3.211003153101e-05
"                2178",1.444457813855e-01,2.680871692618e-02,-1.951185094077e-02,1.443483788834e-01,2.538326264774e-02,-1.948431371796e-02,-9.740250208616e-05,-1.425454278442e-03,2.753722280552e-05
"                2179",1.448700998724e-01,2.748124649778e-02,-1.975394747204e-02,1.447984240671e-01,2.604390132995e-02,-1.973049340534e-02,-7.167580534636e-05,-1.437345167828e-03,2.345406670505e-05
"                2180",1.488738559799e-01,2.812340672606e-02,-1.967717117143e-02,1.488394896042e-01,2.668264014347e-02,-1.965717035188e-02,-3.436637567202e-05,-1.440766582594e-03,2.000081955360e-05
"                2181",1.571461657223e-01,2.759604465060e-02,-1.948647080263e-02,1.571521652371e-01,2.616124380110e-02,-1.946886803546e-02,5.999514811006e-06,-1.434800849495e-03,1.760276716658e-05
"                2182",1.698541719519e-01,2.736935496324e-02,-1.937961538442e-02,1.698960206042e-01,2.594937286091e-02,-1.936367076089e-02,4.184865227987e-05,-1.419982102333e-03,1.594462352877e-05
"                2183",1.851544918594e-01,2.874892605976e-02,-1.947124871934e-02,1.852220408300e-01,2.734340621576e-02,-1.945686236578e-02,6.754897059641e-05,-1.405519843999e-03,1.438635356216e-05
"                2184",2.008974512770e-01,3.130445464819e-02,-1.987982066047e-02,2.009775956084e-01,2.991027613268e-02,-1.986729794923e-02,8.014433138480e-05,-1.394178515505e-03,1.252271123226e-05
"                2185",2.153651033331e-01,3.385470378980e-02,-2.065803217159e-02,2.154470880391e-01,3.247022654632e-02,-2.064783462952e-02,8.198470597673e-05,-1.384477243482e-03,1.019754206564e-05
"                2186",2.271589192376e-01,3.447846475864e-02,-2.174422611264e-02,2.272386704808e-01,3.310157111723e-02,-2.173714430088e-02,7.975124321173e-05,-1.376893641411e-03,7.081811764609e-06
"                2187",2.359670384396e-01,3.342491562783e-02,-2.292578194593e-02,2.360400080204e-01,3.205314008892e-02,-2.292214125100e-02,7.296958076740e-05,-1.371775538904e-03,3.640694927799e-06
"                2188",2.422704540998e-01,3.164050500381e-02,-2.396578936133e-02,2.423335911876e-01,3.027064568759e-02,-2.396507133929e-02,6.313708773334e-05,-1.369859316224e-03,7.180220412079e-07
"                2189",2.461520949377e-01,2.983721895458e-02,-2.471166865494e-02,2.462044883273e-01,2.846139381776e-02,-2.471227925130e-02,5.239338965829e-05,-1.375825136811e-03,-6.105963560545e-07
"                2190",2.477336455664e-01,2.820623030551e-02,-2.502260085948e-02,2.477782667138e-01,2.681605327933e-02,-2.502243579433e-02,4.462114739614e-05,-1.390177026174e-03,1.650651530449e-07
"                2191",2.477348929450e-01,2.711317610241e-02,-2.480491408470e-02,2.477758379222e-01,2.570538654726e-02,-2.480194608894e-02,4.094497722453e-05,-1.407789555156e-03,2.967995762884e-06
"                2192",2.472356991351e-01,2.683200908758e-02,-2.405771545317e-02,2.472723985462e-01,2.540808806077e-02,-2.404971697323e-02,3.669941112782e-05,-1.423921026811e-03,7.998479939747e-06
"                2193",2.480007083963e-01,2.650712533882e-02,-2.294685171909e-02,2.480299702505e-01,2.507229283733e-02,-2.293176441108e-02,2.926185414244e-05,-1.434832501492e-03,1.508730801301e-05
"                2194",2.491264523078e-01,2.638081841862e-02,-2.169191150530e-02,2.491444654257e-01,2.494337822632e-02,-2.166842585071e-02,1.801311786852e-05,-1.437440192304e-03,2.348565459350e-05
"                2195",2.485605834454e-01,2.570982223652e-02,-2.043113872826e-02,2.485644209682e-01,2.427949767263e-02,-2.039949920536e-02,3.837522854684e-06,-1.430324563893e-03,3.163952289840e-05
"                2196",2.442131448857e-01,2.616545630658e-02,-1.926454025842e-02,2.442011870862e-01,2.475143434438e-02,-1.922628109712e-02,-1.195779949351e-05,-1.414021962199e-03,3.825916129589e-05
"                2197",2.359717669024e-01,2.827170659327e-02,-1.839073403021e-02,2.359417878735e-01,2.687211233947e-02,-1.834797107053e-02,-2.997902889061e-05,-1.399594253802e-03,4.276295968080e-05
"                2198",2.241310440791e-01,3.094510921213e-02,-1.791296248514e-02,2.240824307420e-01,2.955571283873e-02,-1.786792593221e-02,-4.861333708691e-05,-1.389396373393e-03,4.503655293769e-05
"                2199",2.097586699310e-01,3.269302751593e-02,-1.784661789575e-02,2.096895466243e-01,3.131008178670e-02,-1.780143342506e-02,-6.912330663516e-05,-1.382945729231e-03,4.518447068646e-05
"                2200",1.941994129277e-01,3.245671340654e-02,-1.803688197538e-02,1.941064601050e-01,3.107750014348e-02,-1.799313919529e-02,-9.295282267938e-05,-1.379213263057e-03,4.374278008936e-05
"                2201",1.785170779253e-01,3.088913665701e-02,-1.835083207118e-02,1.784029254837e-01,2.951168349562e-02,-1.830948179374e-02,-1.141524416738e-04,-1.377453161389e-03,4.135027744240e-05
"                2202",1.640300584629e-01,2.918359931929e-02,-1.868574768436e-02,1.639030401530e-01,2.780570738401e-02,-1.864705484080e-02,-1.270183099080e-04,-1.377891935280e-03,3.869284355283e-05
"                2203",1.524780575537e-01,2.758031071954e-02,-1.888968987296e-02,1.523512070797e-01,2.619438427521e-02,-1.885357131697e-02,-1.268504739799e-04,-1.385926444335e-03,3.611855599161e-05
"                2204",1.457851217559e-01,2.643377346909e-02,-1.886718588528e-02,1.456695527261e-01,2.503338200135e-02,-1.883328151758e-02,-1.155690298758e-04,-1.400391467732e-03,3.390436769756e-05
"                2205",1.444946096808e-01,2.601375658787e-02,-1.860745858768e-02,1.443994049023e-01,2.459729187600e-02,-1.857514330676e-02,-9.520477852334e-05,-1.416464711871e-03,3.231528091189e-05
"                2206",1.473982180297e-01,2.668658048790e-02,-1.822908264185e-02,1.473347239567e-01,2.525661215756e-02,-1.819815929364e-02,-6.349407295661e-05,-1.429968330342e-03,3.092334820779e-05
"                2207",1.532626112769e-01,2.708411098177e-02,-1.790270312519e-02,1.532348125481e-01,2.564661590879e-02,-1.787345078949e-02,-2.779872874438e-05,-1.437495072977e-03,2.925233569868e-05
"                2208",1.610430620786e-01,2.760190469737e-02,-1.776279810295e-02,1.610522485026e-01,2.616541529911e-02,-1.773628484710e-02,9.186424022925e-06,-1.436489398261e-03,2.651325585638e-05
"                2209",1.711229948804e-01,2.737148254339e-02,-1.798743821817e-02,1.711595571004e-01,2.594556982815e-02,-1.796458812205e-02,3.656221997479e-05,-1.425912715241e-03,2.285009611187e-05
"                2210",1.829832396422e-01,2.878348974363e-02,-1.868590171961e-02,1.830373732682e-01,2.737469904527e-02,-1.866763981052e-02,5.413362605455e-05,-1.408790698357e-03,1.826190909649e-05
"                2211",1.944160592938e-01,3.171343026406e-02,-1.983580368107e-02,1.944753844517e-01,3.031926109808e-02,-1.982258851053e-02,5.932515792387e-05,-1.394169165972e-03,1.321517054364e-05
"                2212",2.045587724627e-01,3.445476012842e-02,-2.127498686800e-02,2.046145225159e-01,3.307043646670e-02,-2.126712132519e-02,5.575005313383e-05,-1.384323661723e-03,7.865542812515e-06
"                2213",2.132879054284e-01,3.547305860587e-02,-2.273802985294e-02,2.133368309459e-01,3.409494478364e-02,-2.273537416284e-02,4.892551752143e-05,-1.378113822227e-03,2.655690107425e-06
"                2214",2.209676362038e-01,3.464201348305e-02,-2.400172283518e-02,2.210145042084e-01,3.326676152001e-02,-2.400341742627e-02,4.686800465119e-05,-1.375251963045e-03,-1.694591082625e-06
"                2215",2.276235115487e-01,3.261566264567e-02,-2.485744852563e-02,2.276740878464e-01,3.124206132293e-02,-2.486160907318e-02,5.057629770741e-05,-1.373601322743e-03,-4.160547553653e-06
"                2216",2.339574224492e-01,3.047022586265e-02,-2.515161251833e-02,2.340141171425e-01,2.909562714835e-02,-2.515570964976e-02,5.669469329670e-05,-1.374598714304e-03,-4.097131433070e-06
"                2217",2.408127562469e-01,2.831637644486e-02,-2.484757936945e-02,2.408761316159e-01,2.693387479564e-02,-2.484905834040e-02,6.337536900335e-05,-1.382501649218e-03,-1.478970954815e-06
"                2218",2.476938487847e-01,2.711223804437e-02,-2.405821595871e-02,2.477647789761e-01,2.571543166554e-02,-2.405485520568e-02,7.093019137402e-05,-1.396806378824e-03,3.360753028064e-06
"                2219",2.533187550571e-01,2.658480502018e-02,-2.300401026733e-02,2.533960328656e-01,2.517190382397e-02,-2.299427364823e-02,7.727780853031e-05,-1.412901196216e-03,9.736619098264e-06
"                2220",2.572348986123e-01,2.651547058429e-02,-2.187562062463e-02,2.573093319681e-01,2.508932631710e-02,-2.185860312991e-02,7.443335573749e-05,-1.426144267185e-03,1.701749471385e-05
"                2221",2.595686955786e-01,2.632290551659e-02,-2.084830173603e-02,2.596284445455e-01,2.488917443389e-02,-2.082417615648e-02,5.974896694961e-05,-1.433731082696e-03,2.412557954752e-05
"                2222",2.594449407647e-01,2.700343182158e-02,-2.011252994225e-02,2.594769955995e-01,2.557046369783e-02,-2.008213255304e-02,3.205483483377e-05,-1.432968123745e-03,3.039738921763e-05
"                2223",2.542355147303e-01,2.735924355541e-02,-1.971747737317e-02,2.542369643207e-01,2.593689315605e-02,-1.968257238373e-02,1.449590394130e-06,-1.422350399351e-03,3.490498944335e-05
"                2224",2.429249361215e-01,2.860740210758e-02,-1.962028887537e-02,2.428927862888e-01,2.720126879781e-02,-1.958268747888e-02,-3.214983268581e-05,-1.406133309771e-03,3.760139649343e-05
"                2225",2.278726624064e-01,3.084098045266e-02,-1.967417840480e-02,2.278109623272e-01,2.944652417179e-02,-1.963597442267e-02,-6.170007920047e-05,-1.394456280873e-03,3.820398212406e-05
"                2226",2.108338394249e-01,3.240348271482e-02,-1.972621773961e-02,2.107479703155e-01,3.101497199975e-02,-1.968852302310e-02,-8.586910944828e-05,-1.388510715067e-03,3.769471650754e-05
"                2227",1.937269465020e-01,3.223798324735e-02,-1.969995373689e-02,1.936230608131e-01,3.085163690504e-02,-1.966281675342e-02,-1.038856888981e-04,-1.386346342312e-03,3.713698346892e-05
"                2228",1.780714340457e-01,3.084759477418e-02,-1.948937750359e-02,1.779562731609e-01,2.946205279371e-02,-1.945215823040e-02,-1.151608848009e-04,-1.385541980465e-03,3.721927318932e-05
"                2229",1.650917607435e-01,2.907754904165e-02,-1.903536128957e-02,1.649736250615e-01,2.769415532777e-02,-1.899754160819e-02,-1.181356820181e-04,-1.383393713875e-03,3.781968138705e-05
"                2230",1.563569683132e-01,2.782549478064e-02,-1.836299315778e-02,1.562459585350e-01,2.644131171087e-02,-1.832430987871e-02,-1.110097781364e-04,-1.384183069771e-03,3.868327907200e-05
"                2231",1.516950156839e-01,2.674477204416e-02,-1.759693394112e-02,1.516008172437e-01,2.535289730169e-02,-1.755738030940e-02,-9.419844023118e-05,-1.391874742469e-03,3.955363171940e-05
"                2232",1.510112577342e-01,2.607176747724e-02,-1.695073325441e-02,1.509382129320e-01,2.466651928408e-02,-1.691065062632e-02,-7.304480222025e-05,-1.405248193161e-03,4.008262808478e-05
"                2233",1.546774968167e-01,2.605205670148e-02,-1.658478504215e-02,1.546246472015e-01,2.463222354850e-02,-1.654529860936e-02,-5.284961524946e-05,-1.419833152986e-03,3.948643279330e-05
"                2234",1.600248197042e-01,2.693321702610e-02,-1.659430077754e-02,1.599936080041e-01,2.550118470717e-02,-1.655754481110e-02,-3.121170007529e-05,-1.432032318929e-03,3.675596644438e-05
"                2235",1.654567673016e-01,2.798427667974e-02,-1.706087818395e-02,1.654460908003e-01,2.654681191327e-02,-1.702896918473e-02,-1.067650130465e-05,-1.437464766470e-03,3.190899922188e-05
"                2236",1.694899987817e-01,2.918314833899e-02,-1.798304564092e-02,1.694982881169e-01,2.774913933794e-02,-1.795776496768e-02,8.289335193095e-06,-1.434009001051e-03,2.528067323412e-05
"                2237",1.742378553659e-01,2.972424778775e-02,-1.928439683189e-02,1.742557114182e-01,2.830265397072e-02,-1.926649484839e-02,1.785605234885e-05,-1.421593817031e-03,1.790198350574e-05
"                2238",1.810117889062e-01,3.063377049788e-02,-2.077862850110e-02,1.810343977977e-01,2.922712339400e-02,-2.076827888345e-02,2.260889141628e-05,-1.406647103879e-03,1.034961765513e-05
"                2239",1.886862277841e-01,3.213353865550e-02,-2.224023185057e-02,1.887095063939e-01,3.073744894393e-02,-2.223627374820e-02,2.327860984965e-05,-1.396089711573e-03,3.958102370823e-06
"                2240",1.969276916048e-01,3.364597421504e-02,-2.346922619520e-02,1.969530899909e-01,3.225718629748e-02,-2.346970687819e-02,2.539838616623e-05,-1.388787917553e-03,-4.806829864420e-07
"                2241",2.056493752291e-01,3.369172710436e-02,-2.425285339799e-02,2.056844197752e-01,3.230839824440e-02,-2.425584193160e-02,3.504454615427e-05,-1.383328859965e-03,-2.988533605712e-06
"                2242",2.163081970548e-01,3.282162252893e-02,-2.449384713508e-02,2.163588706829e-01,3.144300985333e-02,-2.449724611019e-02,5.067362817028e-05,-1.378612675601e-03,-3.398975111298e-06
"                2243",2.285494101038e-01,3.132746635036e-02,-2.418818601384e-02,2.286193311497e-01,2.995295068974e-02,-2.418978847198e-02,6.992104589095e-05,-1.374515660620e-03,-1.602458142045e-06
"                2244",2.409593512380e-01,2.982308679481e-02,-2.353805785518e-02,2.410457513061e-01,2.844841119044e-02,-2.353562636901e-02,8.640006807256e-05,-1.374675604371e-03,2.431486171149e-06
"                2245",2.520945300028e-01,2.826122169339e-02,-2.274313468952e-02,2.521915233734e-01,2.687820438234e-02,-2.273554053382e-02,9.699337059734e-05,-1.383017311055e-03,7.594155701240e-06
"                2246",2.604325337526e-01,2.715679102898e-02,-2.195209769524e-02,2.605322971851e-01,2.575960067470e-02,-2.193933128821e-02,9.976343253364e-05,-1.397190354281e-03,1.276640703208e-05
"                2247",2.647515194172e-01,2.709402988247e-02,-2.134846313703e-02,2.648422253490e-01,2.568120637271e-02,-2.133114606001e-02,9.070593185771e-05,-1.412823509759e-03,1.731707701900e-05
"                2248",2.651871496818e-01,2.752701931989e-02,-2.106688743219e-02,2.652545317547e-01,2.610102003074e-02,-2.104549405945e-02,6.738207291681e-05,-1.425999289157e-03,2.139337274398e-05
"                2249",2.621777842870e-01,2.806173258946e-02,-2.114209422947e-02,2.622099646897e-01,2.662940797855e-02,-2.111736538112e-02,3.218040263542e-05,-1.432324610905e-03,2.472884834778e-05
"                2250",2.554325242577e-01,2.838671127834e-02,-2.139873778173e-02,2.554226488070e-01,2.695611797995e-02,-2.137153604492e-02,-9.875450769944e-06,-1.430593298397e-03,2.720173681590e-05
"                2251",2.439524702022e-01,2.818934019999e-02,-2.158860050443e-02,2.439058592332e-01,2.676981420248e-02,-2.155986925831e-02,-4.661096895208e-05,-1.419525997509e-03,2.873124612270e-05
"                2252",2.285940570457e-01,2.838457542023e-02,-2.155319364396e-02,2.285180955970e-01,2.697802488815e-02,-2.152287637855e-02,-7.596144874229e-05,-1.406550532078e-03,3.031726540349e-05
"                2253",2.122773995543e-01,2.962594428961e-02,-2.119799413594e-02,2.121863487585e-01,2.822844554496e-02,-2.116587064829e-02,-9.105079581535e-05,-1.397498744652e-03,3.212348765119e-05
"                2254",1.969471286309e-01,3.141752043658e-02,-2.045817508972e-02,1.968523624367e-01,3.002647505454e-02,-2.042373051905e-02,-9.476619423556e-05,-1.391045382040e-03,3.444457067852e-05
"                2255",1.844902112823e-01,3.166674379947e-02,-1.938655336165e-02,1.843965483609e-01,3.028037739849e-02,-1.934893220766e-02,-9.366292148280e-05,-1.386366400981e-03,3.762115399290e-05
"                2256",1.751201581857e-01,3.072795785906e-02,-1.816466373830e-02,1.750318699301e-01,2.934569723484e-02,-1.812334719304e-02,-8.828825555492e-05,-1.382260624221e-03,4.131654526471e-05
"                2257",1.680716995184e-01,2.915059547594e-02,-1.703518117771e-02,1.679924094078e-01,2.777229559495e-02,-1.699052000874e-02,-7.929011060587e-05,-1.378299880985e-03,4.466116897582e-05
"                2258",1.632623649350e-01,2.806954882461e-02,-1.617471505741e-02,1.631953059704e-01,2.668867961624e-02,-1.612829248301e-02,-6.705896458487e-05,-1.380869208374e-03,4.642257439440e-05
"                2259",1.612341702646e-01,2.736375981036e-02,-1.574823494522e-02,1.611752344384e-01,2.597156731402e-02,-1.570208804715e-02,-5.893582625209e-05,-1.392192496344e-03,4.614689807937e-05
"                2260",1.612830288416e-01,2.716632022377e-02,-1.587201944357e-02,1.612290515693e-01,2.575849487068e-02,-1.582836660050e-02,-5.397727227114e-05,-1.407825353095e-03,4.365284306526e-05
"                2261",1.619833235971e-01,2.789927322594e-02,-1.657216161898e-02,1.619338838973e-01,2.647646280961e-02,-1.653328908592e-02,-4.943969980865e-05,-1.422810416327e-03,3.887253306087e-05
"                2262",1.616063468985e-01,2.862376452270e-02,-1.768348565015e-02,1.615643222167e-01,2.718896184852e-02,-1.765158593530e-02,-4.202468179372e-05,-1.434802674176e-03,3.189971484789e-05
"                2263",1.607176858523e-01,2.904730479792e-02,-1.897592331221e-02,1.606864214953e-01,2.760823577350e-02,-1.895249141077e-02,-3.126435695442e-05,-1.439069024421e-03,2.343190144318e-05
"                2264",1.609762317694e-01,2.840499516176e-02,-2.028238029190e-02,1.609582756483e-01,2.697038687293e-02,-2.026731456298e-02,-1.795612103380e-05,-1.434608288831e-03,1.506572891259e-05
"                2265",1.646658965756e-01,2.818063395107e-02,-2.149583370255e-02,1.646619415951e-01,2.675956984746e-02,-2.148768140469e-02,-3.954980514492e-06,-1.421064103604e-03,8.152297860599e-06
"                2266",1.721261871570e-01,2.959196330303e-02,-2.241817891017e-02,1.721390159738e-01,2.818460550017e-02,-2.241483594591e-02,1.282881683408e-05,-1.407357802862e-03,3.342964258509e-06
"                2267",1.831342156919e-01,3.195705643007e-02,-2.293694521007e-02,1.831643244279e-01,3.056109491688e-02,-2.293612231558e-02,3.010873593324e-05,-1.395961513182e-03,8.228944968213e-07
"                2268",1.971212927174e-01,3.422947852778e-02,-2.304284543935e-02,1.971694807909e-01,3.284328235827e-02,-2.304222288341e-02,4.818807353037e-05,-1.386196169505e-03,6.225559417717e-07
"                2269",2.123677950891e-01,3.441053566770e-02,-2.284699419364e-02,2.124391249961e-01,3.303235080776e-02,-2.284503066877e-02,7.132990692268e-05,-1.378184859944e-03,1.963524862169e-06
"                2270",2.278930318204e-01,3.312212816438e-02,-2.250475758753e-02,2.279852649790e-01,3.174945614841e-02,-2.250039450347e-02,9.223315860970e-05,-1.372672015974e-03,4.363084064708e-06
"                2271",2.424817038601e-01,3.140611248005e-02,-2.213690029746e-02,2.425880563374e-01,3.003657641110e-02,-2.212987672000e-02,1.063524773206e-04,-1.369536068956e-03,7.023577458200e-06
"                2272",2.545831858151e-01,2.987859489893e-02,-2.190127145172e-02,2.546909687229e-01,2.850471209010e-02,-2.189167249013e-02,1.077829077566e-04,-1.373882808828e-03,9.598961590004e-06
"                2273",2.625007840592e-01,2.875127950689e-02,-2.190228408777e-02,2.625999392617e-01,2.736474171824e-02,-2.189062221498e-02,9.915520247016e-05,-1.386537788653e-03,1.166187279122e-05
"                2274",2.650396143752e-01,2.803699563738e-02,-2.216369527967e-02,2.651221471273e-01,2.663350804242e-02,-2.215067805793e-02,8.253275207654e-05,-1.403487594961e-03,1.301722174021e-05
"                2275",2.629140147651e-01,2.797974667792e-02,-2.257598144657e-02,2.629688058928e-01,2.655979879189e-02,-2.256190804144e-02,5.479112765396e-05,-1.419947886029e-03,1.407340513349e-05
"                2276",2.578720703920e-01,2.744879101022e-02,-2.295537286678e-02,2.578923455163e-01,2.601687676124e-02,-2.293987325797e-02,2.027512424342e-05,-1.431914248982e-03,1.549960880752e-05
"                2277",2.503539914542e-01,2.706764363120e-02,-2.315090754217e-02,2.503383926854e-01,2.563136706422e-02,-2.313295211782e-02,-1.559876875167e-05,-1.436276566985e-03,1.795542435520e-05
"                2278",2.408008407301e-01,2.646517169128e-02,-2.300588318112e-02,2.407549321224e-01,2.503433332496e-02,-2.298423805308e-02,-4.590860767443e-05,-1.430838366319e-03,2.164512804355e-05
"                2279",2.294899684145e-01,2.680980786656e-02,-2.238521478099e-02,2.294249994888e-01,2.539395116632e-02,-2.235905716015e-02,-6.496892572460e-05,-1.415856700240e-03,2.615762083810e-05
"                2280",2.179153513702e-01,2.858862636827e-02,-2.128728393540e-02,2.178424769042e-01,2.718735715652e-02,-2.125595095221e-02,-7.287446606075e-05,-1.401269211744e-03,3.133298319084e-05
"                2281",2.074567331820e-01,3.094255650613e-02,-1.986125308894e-02,2.073859695645e-01,2.955183785305e-02,-1.982445053131e-02,-7.076361757199e-05,-1.390718653079e-03,3.680255762301e-05
"                2282",1.981200418235e-01,3.239839131134e-02,-1.837196681502e-02,1.980566656308e-01,3.101473771897e-02,-1.832981874434e-02,-6.337619261749e-05,-1.383653592370e-03,4.214807068024e-05
"                2283",1.900367868656e-01,3.189783568784e-02,-1.705113254717e-02,1.899768591599e-01,3.051845357950e-02,-1.700443638931e-02,-5.992770567920e-05,-1.379382108339e-03,4.669615786084e-05
"                2284",1.832278622795e-01,3.027454841257e-02,-1.609709614583e-02,1.831653175990e-01,2.889766451658e-02,-1.604760573367e-02,-6.254468040907e-05,-1.376883895990e-03,4.949041215840e-05
"                2285",1.768040086694e-01,2.910375477234e-02,-1.568633530566e-02,1.767355065617e-01,2.772731781313e-02,-1.563650770617e-02,-6.850210770846e-05,-1.376436959209e-03,4.982759949902e-05
"                2286",1.699719939354e-01,2.824297907392e-02,-1.588529196036e-02,1.698976535879e-01,2.685948696939e-02,-1.583772861466e-02,-7.434034750604e-05,-1.383492104534e-03,4.756334570384e-05
"                2287",1.630759482771e-01,2.783432568200e-02,-1.661367963477e-02,1.629953568292e-01,2.643705300206e-02,-1.657073508047e-02,-8.059144793041e-05,-1.397272679937e-03,4.294455429258e-05
"                2288",1.573209404717e-01,2.749275913006e-02,-1.765256804891e-02,1.572356547352e-01,2.607926971194e-02,-1.761591881571e-02,-8.528573648453e-05,-1.413489418111e-03,3.664923319653e-05
"                2289",1.531510905940e-01,2.745613865740e-02,-1.880386913039e-02,1.530680285834e-01,2.602807483194e-02,-1.877446184022e-02,-8.306201065563e-05,-1.428063825464e-03,2.940729016848e-05
"                2290",1.505690447898e-01,2.704560290678e-02,-1.988135663144e-02,1.504981977689e-01,2.560801626106e-02,-1.985911053057e-02,-7.084702081935e-05,-1.437586645726e-03,2.224610086337e-05
"                2291",1.503023434400e-01,2.750974442927e-02,-2.067756137949e-02,1.502582778003e-01,2.607177177035e-02,-2.066174705278e-02,-4.406563977496e-05,-1.437972658918e-03,1.581432670842e-05
"                2292",1.545561224930e-01,2.767230694290e-02,-2.111309748209e-02,1.545431629961e-01,2.624449384835e-02,-2.110200248498e-02,-1.295949683538e-05,-1.427813094545e-03,1.109499710365e-05
"                2293",1.647513068638e-01,2.908997026388e-02,-2.123476472238e-02,1.647706285069e-01,2.768003942110e-02,-2.122651479921e-02,1.932164305301e-05,-1.409930842782e-03,8.249923178824e-06
"                2294",1.789237229268e-01,3.156657513894e-02,-2.117406784422e-02,1.789725358018e-01,3.017205358611e-02,-2.116667491269e-02,4.881287497954e-05,-1.394521552834e-03,7.392931530703e-06
"                2295",1.953343757328e-01,3.357016786200e-02,-2.110346345559e-02,1.954080478153e-01,3.218609337555e-02,-2.109572202530e-02,7.367208242824e-05,-1.384074486445e-03,7.741430290805e-06
"                2296",2.122848544807e-01,3.467022301296e-02,-2.110992781442e-02,2.123763584993e-01,3.329292006585e-02,-2.110158872292e-02,9.150401858336e-05,-1.377302947110e-03,8.339091493863e-06
"                2297",2.283152133433e-01,3.418535677405e-02,-2.128563536203e-02,2.284190302478e-01,3.281229449355e-02,-2.127738745136e-02,1.038169045273e-04,-1.373062280507e-03,8.247910672808e-06
"                2298",2.416913768384e-01,3.297951040012e-02,-2.167678219318e-02,2.417996489453e-01,3.160949537248e-02,-2.166920062811e-02,1.082721068329e-04,-1.370015027642e-03,7.581565063803e-06
"                2299",2.512048827740e-01,3.159006295270e-02,-2.230234172257e-02,2.513071340950e-01,3.022033448537e-02,-2.229566563786e-02,1.022513209953e-04,-1.369728467334e-03,6.676084705594e-06
"                2300",2.567102944293e-01,2.989450656998e-02,-2.306789329828e-02,2.567976450389e-01,2.851744758237e-02,-2.306212881661e-02,8.735060960872e-05,-1.377058987614e-03,5.764481662664e-06
"                2301",2.581239907850e-01,2.828550695955e-02,-2.375940897563e-02,2.581917947341e-01,2.689328980755e-02,-2.375428969538e-02,6.780394914138e-05,-1.392217152005e-03,5.119280244417e-06
"                2302",2.557466825172e-01,2.710793842554e-02,-2.421849135654e-02,2.557942995326e-01,2.569791995050e-02,-2.421304660032e-02,4.761701536827e-05,-1.410018475044e-03,5.444756218555e-06
"                2303",2.507100278751e-01,2.669968362181e-02,-2.431363210725e-02,2.507368138395e-01,2.527477878951e-02,-2.430588634961e-02,2.678596440458e-05,-1.424904832298e-03,7.745757640844e-06
"                2304",2.452374895753e-01,2.664393762853e-02,-2.395191165422e-02,2.452444593889e-01,2.521061547811e-02,-2.393972336938e-02,6.969813601263e-06,-1.433322150420e-03,1.218828484808e-05
"                2305",2.410430557224e-01,2.739340047961e-02,-2.311711491867e-02,2.410307703128e-01,2.596067574356e-02,-2.309858025057e-02,-1.228540962686e-05,-1.432724736054e-03,1.853466810058e-05
"                2306",2.366605148217e-01,2.750411805786e-02,-2.186929181055e-02,2.366366555898e-01,2.608199681187e-02,-2.184343147354e-02,-2.385923194844e-05,-1.422121245985e-03,2.586033701747e-05
"                2307",2.302831319411e-01,2.820009930581e-02,-2.039580053219e-02,2.302523571695e-01,2.679472819121e-02,-2.036226443024e-02,-3.077477163417e-05,-1.405371114602e-03,3.353610195735e-05
"                2308",2.226996438283e-01,2.982773047750e-02,-1.891944354901e-02,2.226669193978e-01,2.843455573964e-02,-1.887922202022e-02,-3.272443049112e-05,-1.393174737863e-03,4.022152878780e-05
"                2309",2.145578599950e-01,3.161731067588e-02,-1.762809973310e-02,2.145218245600e-01,3.023099516017e-02,-1.758295460163e-02,-3.603543497663e-05,-1.386315515716e-03,4.514513147499e-05
"                2310",2.057815064527e-01,3.242606995627e-02,-1.674390559866e-02,2.057365098085e-01,3.104287363147e-02,-1.669588221286e-02,-4.499664417688e-05,-1.383196324798e-03,4.802338579520e-05
"                2311",1.953735794118e-01,3.202652509765e-02,-1.638676137503e-02,1.953131743408e-01,3.064526031899e-02,-1.633793127926e-02,-6.040507104498e-05,-1.381264778660e-03,4.883009577578e-05
"                2312",1.832860305305e-01,3.071100651088e-02,-1.659029458592e-02,1.832061104352e-01,2.933165179329e-02,-1.654280620955e-02,-7.992009526066e-05,-1.379354717589e-03,4.748837636524e-05
"                2313",1.705629007051e-01,2.947565214746e-02,-1.717412659427e-02,1.704661903518e-01,2.809519230147e-02,-1.713026204773e-02,-9.671035334775e-05,-1.380459845994e-03,4.386454653530e-05
"                2314",1.587182266368e-01,2.798398694328e-02,-1.793900073316e-02,1.586099787524e-01,2.659438376050e-02,-1.790010225087e-02,-1.082478843423e-04,-1.389603182772e-03,3.889848229154e-05
"                2315",1.496575297070e-01,2.673834295913e-02,-1.874345843078e-02,1.495453486694e-01,2.533346172189e-02,-1.870974659423e-02,-1.121810375673e-04,-1.404881237235e-03,3.371183654688e-05
"                2316",1.448607604811e-01,2.628695164607e-02,-1.940753723286e-02,1.447562701209e-01,2.486619736362e-02,-1.937849633224e-02,-1.044903602874e-04,-1.420754282450e-03,2.904090062337e-05
"                2317",1.439617018777e-01,2.709060145310e-02,-1.977290788353e-02,1.438790144077e-01,2.565754419896e-02,-1.974805016484e-02,-8.268746992855e-05,-1.433057254147e-03,2.485771869616e-05
"                2318",1.467311853164e-01,2.817237111374e-02,-1.978003313322e-02,1.466819674917e-01,2.673453430716e-02,-1.975867554412e-02,-4.921782464948e-05,-1.437836806588e-03,2.135758910795e-05
"                2319",1.530019846586e-01,2.918696332796e-02,-1.955365831803e-02,1.529943173463e-01,2.775311783594e-02,-1.953500036326e-02,-7.667312301177e-06,-1.433845492018e-03,1.865795476587e-05
"                2320",1.636981561090e-01,2.890767616567e-02,-1.934599741937e-02,1.637279321693e-01,2.748679261898e-02,-1.932901466739e-02,2.977606028397e-05,-1.420883546684e-03,1.698275198013e-05
"                2321",1.784737107160e-01,2.969961298238e-02,-1.932866446710e-02,1.785338398021e-01,2.829420591845e-02,-1.931324966135e-02,6.012908611696e-05,-1.405407063926e-03,1.541480574881e-05
"                2322",1.945726450505e-01,3.199795409324e-02,-1.959575828469e-02,1.946490175172e-01,3.060433037210e-02,-1.958203868274e-02,7.637246668681e-05,-1.393623721146e-03,1.371960195363e-05
"                2323",2.100979981775e-01,3.467697575350e-02,-2.023436886072e-02,2.101789280909e-01,3.329208630254e-02,-2.022281728583e-02,8.092991344208e-05,-1.384889450954e-03,1.155157489007e-05
"                2324",2.229410300202e-01,3.545278678763e-02,-2.123348391190e-02,2.230210459811e-01,3.407375310416e-02,-2.122490044157e-02,8.001596095743e-05,-1.379033683471e-03,8.583470327790e-06
"                2325",2.326360702701e-01,3.442684459900e-02,-2.243148157727e-02,2.327116776132e-01,3.305198853210e-02,-2.242649092293e-02,7.560734313016e-05,-1.374856066901e-03,4.990654338976e-06
"                2326",2.398650806655e-01,3.226191090901e-02,-2.358406305308e-02,2.399323090590e-01,3.088998424465e-02,-2.358251859943e-02,6.722839356365e-05,-1.371926664359e-03,1.544453652426e-06
"                2327",2.449427975638e-01,3.031952029984e-02,-2.450270014748e-02,2.449988551512e-01,2.894586975626e-02,-2.450329465184e-02,5.605758741737e-05,-1.373650543583e-03,-5.945043599650e-07
"                2328",2.474093510577e-01,2.834350267335e-02,-2.503613280316e-02,2.474567778312e-01,2.696003309858e-02,-2.503688176719e-02,4.742677340398e-05,-1.383469574767e-03,-7.489640324014e-07
"                2329",2.481332608099e-01,2.720578331095e-02,-2.504991120694e-02,2.481759168461e-01,2.580776867621e-02,-2.504864787496e-02,4.265603621487e-05,-1.398014634735e-03,1.263331973723e-06
"                2330",2.476715023067e-01,2.694852268861e-02,-2.448240183650e-02,2.477115641100e-01,2.553539392395e-02,-2.447699961735e-02,4.006180336634e-05,-1.413128764661e-03,5.402219157424e-06
"                2331",2.479619324628e-01,2.713331986224e-02,-2.345206482335e-02,2.479957082126e-01,2.570738731181e-02,-2.344019989567e-02,3.377574983437e-05,-1.425932550431e-03,1.186492768029e-05
"                2332",2.491330746493e-01,2.739769090250e-02,-2.220307331863e-02,2.491572425837e-01,2.596604142915e-02,-2.218305780075e-02,2.416793441584e-05,-1.431649473353e-03,2.001551787418e-05
"                2333",2.496001668169e-01,2.761715042775e-02,-2.090040415111e-02,2.496106144683e-01,2.618789500231e-02,-2.087186946552e-02,1.044765144295e-05,-1.429255425437e-03,2.853468559090e-05
"                2334",2.468795744019e-01,2.768598684011e-02,-1.964577333591e-02,2.468764719282e-01,2.626857329729e-02,-1.960997526552e-02,-3.102473716383e-06,-1.417413542825e-03,3.579807039003e-05
"                2335",2.399503370789e-01,2.866709443565e-02,-1.862874843268e-02,2.399284232002e-01,2.726364471373e-02,-1.858752139727e-02,-2.191387869001e-05,-1.403449721928e-03,4.122703541005e-05
"                2336",2.294712867201e-01,3.081716465055e-02,-1.799435617838e-02,2.294315401519e-01,2.942359957401e-02,-1.795007473692e-02,-3.974656825379e-05,-1.393565076543e-03,4.428144145889e-05
"                2337",2.157213546308e-01,3.280940731038e-02,-1.779191212524e-02,2.156632923490e-01,3.142233160622e-02,-1.774690452338e-02,-5.806228180935e-05,-1.387075704157e-03,4.500760185504e-05
"                2338",2.003325911720e-01,3.299402306439e-02,-1.794253665734e-02,2.002518787848e-01,3.161064595113e-02,-1.789850758111e-02,-8.071238714602e-05,-1.383377113253e-03,4.402907622988e-05
"                2339",1.844269904325e-01,3.149856689246e-02,-1.826706350082e-02,1.843233470420e-01,3.011725577120e-02,-1.822518524854e-02,-1.036433904772e-04,-1.381311121257e-03,4.187825227787e-05
"                2340",1.693159549855e-01,2.935038854006e-02,-1.864316991194e-02,1.691959718706e-01,2.797129952898e-02,-1.860386210026e-02,-1.199831148717e-04,-1.379089011072e-03,3.930781167205e-05
"                2341",1.565030972434e-01,2.785658100454e-02,-1.892598349052e-02,1.563786535865e-01,2.647436246614e-02,-1.888925588809e-02,-1.244436569567e-04,-1.382218538392e-03,3.672760242199e-05
"                2342",1.478286700651e-01,2.679343808842e-02,-1.898936091859e-02,1.477110330258e-01,2.540051506265e-02,-1.895483354639e-02,-1.176370393001e-04,-1.392923025771e-03,3.452737219743e-05
"                2343",1.445408283958e-01,2.650688783471e-02,-1.878908059447e-02,1.444385417477e-01,2.509944964528e-02,-1.875613594937e-02,-1.022866481822e-04,-1.407438189430e-03,3.294464510735e-05
"                2344",1.459612367384e-01,2.750119026205e-02,-1.839786867179e-02,1.458861721028e-01,2.607977444358e-02,-1.836612931683e-02,-7.506463551577e-05,-1.421415818475e-03,3.173935496531e-05
"                2345",1.504980472452e-01,2.842300327574e-02,-1.799282266776e-02,1.504574755849e-01,2.699062810878e-02,-1.796244349497e-02,-4.057166029591e-05,-1.432375166960e-03,3.037917278103e-05
"                2346",1.575059781633e-01,2.878924771098e-02,-1.772560518285e-02,1.575022014387e-01,2.735302595085e-02,-1.769744087285e-02,-3.776724594753e-06,-1.436221760127e-03,2.816430999546e-05
"                2347",1.672169001014e-01,2.857127973169e-02,-1.777500681861e-02,1.672442604235e-01,2.713947352272e-02,-1.775017971935e-02,2.736032209646e-05,-1.431806208970e-03,2.482709926062e-05
"                2348",1.787913627963e-01,2.916522482044e-02,-1.828278362527e-02,1.788388712181e-01,2.774652549510e-02,-1.826218909872e-02,4.750842171411e-05,-1.418699325334e-03,2.059452655672e-05
"                2349",1.904239022887e-01,3.108975136197e-02,-1.928494262934e-02,1.904815393073e-01,2.968480215538e-02,-1.926936663960e-02,5.763701857089e-05,-1.404949206595e-03,1.557598973769e-05
"                2350",2.006817558577e-01,3.350849748061e-02,-2.066659075291e-02,2.007384200635e-01,3.211428136408e-02,-2.065636925790e-02,5.666420577698e-05,-1.394216116529e-03,1.022149501414e-05
"                2351",2.098722430195e-01,3.511072169658e-02,-2.218732881010e-02,2.099207090490e-01,3.372494713975e-02,-2.218246753777e-02,4.846602958111e-05,-1.385774556823e-03,4.861272323081e-06
"                2352",2.178185311771e-01,3.436012513344e-02,-2.359300876549e-02,2.178620673643e-01,3.298053510873e-02,-2.359300119112e-02,4.353618713157e-05,-1.379590024703e-03,7.574373330353e-09
"                2353",2.249094689012e-01,3.253529821867e-02,-2.466250740327e-02,2.249529243131e-01,3.115975771902e-02,-2.466575294770e-02,4.345541191583e-05,-1.375540499648e-03,-3.245544432226e-06
"                2354",2.316239406870e-01,3.085035493574e-02,-2.519786352832e-02,2.316729476055e-01,2.947756349957e-02,-2.520207479863e-02,4.900691847975e-05,-1.372791436168e-03,-4.211270310581e-06
"                2355",2.384559833600e-01,2.940858288097e-02,-2.510768394722e-02,2.385110738459e-01,2.803276675270e-02,-2.511021660456e-02,5.509048591446e-05,-1.375816128266e-03,-2.532657337435e-06
"                2356",2.453776923938e-01,2.826816622853e-02,-2.444747268153e-02,2.454402741359e-01,2.688158330341e-02,-2.444590586197e-02,6.258174210711e-05,-1.386582925123e-03,1.566819562828e-06
"                2357",2.515547657279e-01,2.774166516754e-02,-2.342810963661e-02,2.516247583639e-01,2.633990927425e-02,-2.342061441140e-02,6.999263598413e-05,-1.401755893282e-03,7.495225208371e-06
"                2358",2.562362147756e-01,2.784128643614e-02,-2.226240315201e-02,2.563079369660e-01,2.642453261611e-02,-2.224784576927e-02,7.172219038233e-05,-1.416753820021e-03,1.455738274471e-05
"                2359",2.592811501930e-01,2.754355065474e-02,-2.113166089917e-02,2.593435303856e-01,2.611488574674e-02,-2.110981127582e-02,6.238019256412e-05,-1.428664908003e-03,2.184962335297e-05
"                2360",2.603184327215e-01,2.768825845215e-02,-2.025764556129e-02,2.603567372571e-01,2.625475446537e-02,-2.022909348365e-02,3.830453560069e-05,-1.433503986777e-03,2.855207764866e-05
"                2361",2.572908704924e-01,2.762307817235e-02,-1.975168120208e-02,2.572979818058e-01,2.619409591039e-02,-1.971788845367e-02,7.111313381456e-06,-1.428982261961e-03,3.379274840554e-05
"                2362",2.480797309305e-01,2.811976919200e-02,-1.958436050191e-02,2.480545673088e-01,2.670504482828e-02,-1.954734384995e-02,-2.516362166426e-05,-1.414724363720e-03,3.701665196324e-05
"                2363",2.340959284046e-01,2.945255170691e-02,-1.965622586361e-02,2.340396138714e-01,2.805117237865e-02,-1.961799159175e-02,-5.631453324470e-05,-1.401379328256e-03,3.823427186382e-05
"                2364",2.177636408692e-01,3.099814348881e-02,-1.977778136471e-02,2.176811376706e-01,2.960591694369e-02,-1.973981741585e-02,-8.250319856579e-05,-1.392226545121e-03,3.796394885938e-05
"                2365",2.006269632667e-01,3.168899582569e-02,-1.982690687364e-02,2.005257765196e-01,3.030230395036e-02,-1.978972943326e-02,-1.011867471022e-04,-1.386691875328e-03,3.717744038598e-05
"                2366",1.843836403163e-01,3.107634684667e-02,-1.971226623988e-02,1.842694240005e-01,2.969322463410e-02,-1.967524720489e-02,-1.142163157876e-04,-1.383122212576e-03,3.701903498999e-05
"                2367",1.704239184105e-01,2.989581066189e-02,-1.935776420519e-02,1.703045668241e-01,2.851578125539e-02,-1.932028359926e-02,-1.193515863734e-04,-1.380029406502e-03,3.748060593545e-05
"                2368",1.597143342770e-01,2.901314566948e-02,-1.872331669015e-02,1.595995220199e-01,2.763607507665e-02,-1.868497831305e-02,-1.148122570225e-04,-1.377070592826e-03,3.833837709873e-05
"                2369",1.530397637907e-01,2.837021243303e-02,-1.791903143764e-02,1.529405775055e-01,2.698838424745e-02,-1.787977435379e-02,-9.918628515267e-05,-1.381828185581e-03,3.925708385329e-05
"                2370",1.507921174786e-01,2.757812392108e-02,-1.716208602056e-02,1.507129180319e-01,2.618360976779e-02,-1.712197928096e-02,-7.919944674371e-05,-1.394514153287e-03,4.010673960804e-05
"                2371",1.526877877965e-01,2.707121737962e-02,-1.662546229559e-02,1.526298112706e-01,2.566034567146e-02,-1.658535953151e-02,-5.797652587225e-05,-1.410871708162e-03,4.010276407833e-05
"                2372",1.578364354304e-01,2.752041321686e-02,-1.644171727897e-02,1.578000308397e-01,2.609423052394e-02,-1.640343997062e-02,-3.640459073712e-05,-1.426182692911e-03,3.827730835110e-05
"                2373",1.637632823813e-01,2.820131868009e-02,-1.671972108259e-02,1.637469839580e-01,2.676517430579e-02,-1.668543855744e-02,-1.629842337173e-05,-1.436144374300e-03,3.428252515237e-05
"                2374",1.682123312254e-01,2.899143387669e-02,-1.748850323127e-02,1.682167817934e-01,2.755405919349e-02,-1.746028804277e-02,4.450568011852e-06,-1.437374683197e-03,2.821518849793e-05
"                2375",1.722571352766e-01,2.886035129436e-02,-1.870729243801e-02,1.722746747072e-01,2.743164363205e-02,-1.868632062821e-02,1.753943061654e-05,-1.428707662304e-03,2.097180979864e-05
"                2376",1.781897821933e-01,2.944125474085e-02,-2.020592055193e-02,1.782134865942e-01,2.802870666096e-02,-2.019269066429e-02,2.370440084288e-05,-1.412548079888e-03,1.322988764144e-05
"                2377",1.853804454206e-01,3.096620147021e-02,-2.174262404250e-02,1.854054707725e-01,2.956708787015e-02,-2.173646705608e-02,2.502535189895e-05,-1.399113600063e-03,6.156986424705e-06
"                2378",1.933912719597e-01,3.261055731839e-02,-2.311253159259e-02,1.934179377513e-01,3.122110470568e-02,-2.311177779036e-02,2.666579164103e-05,-1.389452612714e-03,7.538022312863e-07
"                2379",2.021704926682e-01,3.387488478826e-02,-2.408588121697e-02,2.022033085779e-01,3.249303195368e-02,-2.408837988537e-02,3.281590971297e-05,-1.381852834574e-03,-2.498668408946e-06
"                2380",2.122013034857e-01,3.378647388461e-02,-2.452192797339e-02,2.122479140778e-01,3.241087073947e-02,-2.452561962747e-02,4.661059212515e-05,-1.375603145139e-03,-3.691654082212e-06
"                2381",2.236227792711e-01,3.265687944234e-02,-2.435811566131e-02,2.236874898764e-01,3.128616081065e-02,-2.436075230483e-02,6.471060535074e-05,-1.370718631690e-03,-2.636643521325e-06
"                2382",2.359752576210e-01,3.148570716064e-02,-2.376339536473e-02,2.360573897041e-01,3.011672148688e-02,-2.376266139424e-02,8.213208310626e-05,-1.368985673762e-03,7.339704888637e-07
"                2383",2.479356765659e-01,3.004195080132e-02,-2.296957301065e-02,2.480304921197e-01,2.866640837547e-02,-2.296390469294e-02,9.481555388168e-05,-1.375542425850e-03,5.668317717140e-06
"                2384",2.577858053329e-01,2.860144266630e-02,-2.213514513297e-02,2.578859636275e-01,2.721103235085e-02,-2.212413191155e-02,1.001582946502e-04,-1.390410315451e-03,1.101322141858e-05
"                2385",2.639241771130e-01,2.757071707234e-02,-2.143927432865e-02,2.640198996596e-01,2.616254278265e-02,-2.142352164218e-02,9.572254656879e-05,-1.408174289696e-03,1.575268647684e-05
"                2386",2.658358904130e-01,2.753463013477e-02,-2.104304063227e-02,2.659127545727e-01,2.611131553625e-02,-2.102303899010e-02,7.686415968885e-05,-1.423314598519e-03,2.000164217798e-05
"                2387",2.638578863671e-01,2.751255900571e-02,-2.102765791754e-02,2.639043481729e-01,2.607983861138e-02,-2.100417512463e-02,4.646180578153e-05,-1.432720394333e-03,2.348279290507e-05
"                2388",2.584321501095e-01,2.796200944897e-02,-2.129834421942e-02,2.584375605345e-01,2.652835610733e-02,-2.127212134800e-02,5.410425028193e-06,-1.433653341643e-03,2.622287141805e-05
"                2389",2.486044708445e-01,2.745005334883e-02,-2.158164654202e-02,2.485710486142e-01,2.602538055493e-02,-2.155373440421e-02,-3.342223027759e-05,-1.424672793902e-03,2.791213781098e-05
"                2390",2.345988180260e-01,2.755996666037e-02,-2.167944297290e-02,2.345315823188e-01,2.615112883908e-02,-2.165000848823e-02,-6.723570724787e-05,-1.408837821289e-03,2.943448467591e-05
"                2391",2.186901660355e-01,2.908304900359e-02,-2.148875886516e-02,2.186022971410e-01,2.768657176134e-02,-2.145762027593e-02,-8.786889452203e-05,-1.396477242256e-03,3.113858922769e-05
"                2392",2.029990353260e-01,3.114085349092e-02,-2.090307638338e-02,2.029023493948e-01,2.975253958288e-02,-2.086966362321e-02,-9.668593125593e-05,-1.388313908044e-03,3.341276017258e-05
"                2393",1.893417930802e-01,3.230479986410e-02,-1.991368292078e-02,1.892444392407e-01,3.092172192412e-02,-1.987731857331e-02,-9.735383949646e-05,-1.383077939983e-03,3.636434747363e-05
"                2394",1.787157582303e-01,3.203772312384e-02,-1.866715367511e-02,1.786216542206e-01,3.065796070666e-02,-1.862707611671e-02,-9.410400968451e-05,-1.379762417186e-03,4.007755839985e-05
"                2395",1.706214898470e-01,3.067048087324e-02,-1.741658474205e-02,1.705346464986e-01,2.929385197631e-02,-1.737271096019e-02,-8.684334839576e-05,-1.376628896929e-03,4.387378185799e-05
"                2396",1.650643142439e-01,2.933972255167e-02,-1.638388398883e-02,1.649887505144e-01,2.796215987415e-02,-1.633741806919e-02,-7.556372947605e-05,-1.377562677514e-03,4.646591963962e-05
"                2397",1.622472020581e-01,2.806789968742e-02,-1.574228755010e-02,1.621814790746e-01,2.668084400745e-02,-1.569517405706e-02,-6.572298345906e-05,-1.387055679974e-03,4.711349303247e-05
"                2398",1.614389974362e-01,2.749537871604e-02,-1.564436150519e-02,1.613801724390e-01,2.609252017259e-02,-1.559895413327e-02,-5.882499711708e-05,-1.402858543457e-03,4.540737191547e-05
"                2399",1.618723291473e-01,2.746745297157e-02,-1.615730205249e-02,1.618182054835e-01,2.604847291001e-02,-1.611582979402e-02,-5.412366381275e-05,-1.418980061569e-03,4.147225846745e-05
"                2400",1.618724990301e-01,2.779710187767e-02,-1.718734154571e-02,1.618251486778e-01,2.636480858697e-02,-1.715216830918e-02,-4.735035224980e-05,-1.432293290696e-03,3.517323653670e-05
"                2401",1.609701470225e-01,2.816639229532e-02,-1.848807741819e-02,1.609323729727e-01,2.672783920600e-02,-1.846104801980e-02,-3.777404981598e-05,-1.438553089315e-03,2.702939839178e-05
"                2402",1.603548311092e-01,2.859916461699e-02,-1.984564769696e-02,1.603300460869e-01,2.716313258498e-02,-1.982735754061e-02,-2.478502228855e-05,-1.436032032010e-03,1.829015634389e-05
"                2403",1.624788149903e-01,2.828951877822e-02,-2.112868474060e-02,1.624672638352e-01,2.686578726236e-02,-2.111800602243e-02,-1.155115504594e-05,-1.423731515863e-03,1.067871816780e-05
"                2404",1.687686763780e-01,2.929583175657e-02,-2.217670633535e-02,1.687741949794e-01,2.788843516193e-02,-2.217177843819e-02,5.518601412470e-06,-1.407396594636e-03,4.927897164935e-06
"                2405",1.785056828669e-01,3.181522298650e-02,-2.283949261553e-02,1.785276070924e-01,3.042140286510e-02,-2.283786040266e-02,2.192422544470e-05,-1.393820121395e-03,1.632212872650e-06
"                2406",1.915522511957e-01,3.451828937287e-02,-2.306135435278e-02,1.915917417202e-01,3.313444939999e-02,-2.306065579709e-02,3.949052449312e-05,-1.383839972886e-03,6.985556883261e-07
"                2407",2.064121271866e-01,3.536773487100e-02,-2.290199643570e-02,2.064733792170e-01,3.399060972847e-02,-2.290041482888e-02,6.125203038786e-05,-1.377125142534e-03,1.581606817494e-06
"                2408",2.220349492734e-01,3.440140749636e-02,-2.255412738805e-02,2.221194188432e-01,3.302883107907e-02,-2.255044330301e-02,8.446956978343e-05,-1.372576417292e-03,3.684085040198e-06
"                2409",2.373641549624e-01,3.269951817679e-02,-2.215546914955e-02,2.374666794005e-01,3.132938058419e-02,-2.214923231740e-02,1.025244380932e-04,-1.370137592606e-03,6.236832153749e-06
"                2410",2.509603479555e-01,3.104818795391e-02,-2.185289551098e-02,2.510699575552e-01,2.967580939551e-02,-2.184410129178e-02,1.096095996997e-04,-1.372378558403e-03,8.794219199296e-06
"                2411",2.607804027930e-01,2.934969428388e-02,-2.178369301175e-02,2.608855800381e-01,2.796727459889e-02,-2.177276089894e-02,1.051772451240e-04,-1.382419684984e-03,1.093211281124e-05
"                2412",2.652244762749e-01,2.793462609309e-02,-2.200657741686e-02,2.653156609647e-01,2.653678040714e-02,-2.199411592711e-02,9.118468982707e-05,-1.397845685953e-03,1.246148975315e-05
"                2413",2.645982645659e-01,2.745118670609e-02,-2.244762601656e-02,2.646662944186e-01,2.603721088240e-02,-2.243423691318e-02,6.802985266292e-05,-1.413975823691e-03,1.338910338472e-05
"                2414",2.606328903158e-01,2.725177318438e-02,-2.291757878971e-02,2.606684122908e-01,2.582413966588e-02,-2.290313201829e-02,3.552197505377e-05,-1.427633518494e-03,1.444677141528e-05
"                2415",2.540874503302e-01,2.700497524511e-02,-2.323924172613e-02,2.540879278990e-01,2.557069723082e-02,-2.322294860685e-02,4.775688684632e-07,-1.434278014290e-03,1.629311928104e-05
"                2416",2.452888617469e-01,2.713743931308e-02,-2.326438047355e-02,2.452559653595e-01,2.570497398803e-02,-2.324486732726e-02,-3.289638732856e-05,-1.432465325047e-03,1.951314629589e-05
"                2417",2.344305970856e-01,2.732434438738e-02,-2.282530355477e-02,2.343754955781e-01,2.590385464831e-02,-2.280160083066e-02,-5.510150752916e-05,-1.420489739074e-03,2.370272410987e-05
"                2418",2.225127350137e-01,2.851157210614e-02,-2.185542032541e-02,2.224441076192e-01,2.710653246303e-02,-2.182656874358e-02,-6.862739444715e-05,-1.405039643115e-03,2.885158183038e-05
"                2419",2.116923173303e-01,3.070779389995e-02,-2.046058635199e-02,2.116230292143e-01,2.931395585929e-02,-2.042624661956e-02,-6.928811600823e-05,-1.393838040661e-03,3.433973243745e-05
"                2420",2.019753295398e-01,3.273085781463e-02,-1.888913273394e-02,2.019135403876e-01,3.134418980444e-02,-1.884921222627e-02,-6.178915223147e-05,-1.386668010192e-03,3.992050767726e-05
"                2421",1.936036105865e-01,3.285595759739e-02,-1.741759801754e-02,1.935479213455e-01,3.147275119162e-02,-1.737256572291e-02,-5.568924098955e-05,-1.383206405768e-03,4.503229463411e-05
"                2422",1.861075531240e-01,3.171626496328e-02,-1.626740260826e-02,1.860525831398e-01,3.033425666938e-02,-1.621872321047e-02,-5.496998417537e-05,-1.382008293898e-03,4.867939778507e-05
"                2423",1.792613180499e-01,2.984413525501e-02,-1.565164938904e-02,1.792003785914e-01,2.846372375140e-02,-1.560153639954e-02,-6.093945850221e-05,-1.380411503615e-03,5.011298950701e-05
"                2424",1.721767977851e-01,2.863849668201e-02,-1.565019139552e-02,1.721096600385e-01,2.725500809499e-02,-1.560142517262e-02,-6.713774661171e-05,-1.383488587015e-03,4.876622289959e-05
"                2425",1.651722099581e-01,2.756485225694e-02,-1.626999160252e-02,1.650965877103e-01,2.617053058198e-02,-1.622500834312e-02,-7.562224777585e-05,-1.394321674958e-03,4.498325940522e-05
"                2426",1.587573921381e-01,2.708621224289e-02,-1.729422153605e-02,1.586758722866e-01,2.567706129031e-02,-1.725515270037e-02,-8.151985152574e-05,-1.409150952574e-03,3.906883568198e-05
"                2427",1.541364596677e-01,2.728956364421e-02,-1.848541854731e-02,1.540522121159e-01,2.586610154715e-02,-1.845338690390e-02,-8.424755187057e-05,-1.423462097067e-03,3.203164341346e-05
"                2428",1.510915778495e-01,2.744028368518e-02,-1.962690144678e-02,1.510165052482e-01,2.600542705813e-02,-1.960224573326e-02,-7.507260125834e-05,-1.434856627045e-03,2.465571351430e-05
"                2429",1.497247252443e-01,2.770130301603e-02,-2.051727776802e-02,1.496722085867e-01,2.626277186009e-02,-2.049940655340e-02,-5.251665753705e-05,-1.438531155938e-03,1.787121461793e-05
"                2430",1.517553483583e-01,2.813894813067e-02,-2.104073555828e-02,1.517333554235e-01,2.670570300088e-02,-2.102826018457e-02,-2.199293475146e-05,-1.433245129785e-03,1.247537370734e-05
"                2431",1.596574621166e-01,2.916302021728e-02,-2.121467147621e-02,1.596668091708e-01,2.774459224605e-02,-2.120556231459e-02,9.347054231768e-06,-1.418427971234e-03,9.109161628222e-06
"                2432",1.727023238318e-01,3.126428849018e-02,-2.113581271117e-02,1.727429731095e-01,2.986120870863e-02,-2.112820232292e-02,4.064927763944e-05,-1.403079781554e-03,7.610388251236e-06
"                2433",1.886027380563e-01,3.340716708142e-02,-2.099921268696e-02,1.886701063127e-01,3.201541058151e-02,-2.099148598450e-02,6.736825639704e-05,-1.391756499912e-03,7.726702468873e-06
"                2434",2.057864651029e-01,3.499841483627e-02,-2.094019698283e-02,2.058730037015e-01,3.361415474520e-02,-2.093171853924e-02,8.653859862626e-05,-1.384260091068e-03,8.478443592993e-06
"                2435",2.223992670802e-01,3.470399824250e-02,-2.104927625024e-02,2.224999104751e-01,3.332480465659e-02,-2.104062419750e-02,1.006433948824e-04,-1.379193585909e-03,8.652052743389e-06
"                2436",2.368202600335e-01,3.345752236973e-02,-2.139572530248e-02,2.369272997976e-01,3.208188532094e-02,-2.138759746891e-02,1.070397640757e-04,-1.375637048792e-03,8.127833561519e-06
"                2437",2.479885854743e-01,3.181191162345e-02,-2.201952107267e-02,2.480932323870e-01,3.043905084245e-02,-2.201237731708e-02,1.046469127287e-04,-1.372860780997e-03,7.143755581516e-06
"                2438",2.550330257066e-01,3.018987094629e-02,-2.283589942459e-02,2.551255218908e-01,2.881370305510e-02,-2.282987150842e-02,9.249618424352e-05,-1.376167891195e-03,6.027916166837e-06
"                2439",2.581107068190e-01,2.839343948357e-02,-2.364118146061e-02,2.581845939709e-01,2.700593306146e-02,-2.363619795735e-02,7.388715193506e-05,-1.387506422104e-03,4.983503256035e-06
"                2440",2.573617097695e-01,2.714902978136e-02,-2.424174436586e-02,2.574156649207e-01,2.574596004481e-02,-2.423706728152e-02,5.395515113562e-05,-1.403069736553e-03,4.677084331925e-06
"                2441",2.528906337518e-01,2.688348871746e-02,-2.448714255957e-02,2.529250591387e-01,2.546471809718e-02,-2.448111085794e-02,3.442538687803e-05,-1.418770620271e-03,6.031701628439e-06
"                2442",2.472795734491e-01,2.690561313959e-02,-2.426156639992e-02,2.472941102818e-01,2.547555909352e-02,-2.425180691553e-02,1.453683269204e-05,-1.430054046067e-03,9.759484390296e-06
"                2443",2.425530678500e-01,2.757805868500e-02,-2.353358276480e-02,2.425476523702e-01,2.614412340505e-02,-2.351796666037e-02,-5.415479783255e-06,-1.433935279950e-03,1.561610442224e-05
"                2444",2.385436949994e-01,2.795386916262e-02,-2.235072962878e-02,2.385224114653e-01,2.652519554556e-02,-2.232774340058e-02,-2.128353415841e-05,-1.428673617060e-03,2.298622820695e-05
"                2445",2.332943323718e-01,2.855351672141e-02,-2.087507183824e-02,2.332654643398e-01,2.713902804013e-02,-2.084426865681e-02,-2.886803198558e-05,-1.414488681278e-03,3.080318143699e-05
"                2446",2.263571434534e-01,2.958124415094e-02,-1.933481685927e-02,2.263251420839e-01,2.817973730570e-02,-1.929665377536e-02,-3.200136953886e-05,-1.401506845245e-03,3.816308390580e-05
"                2447",2.184477621518e-01,3.100188871829e-02,-1.794803784905e-02,2.184140734498e-01,2.960857921549e-02,-1.790417305321e-02,-3.368870194394e-05,-1.393309502795e-03,4.386479583866e-05
"                2448",2.096421908496e-01,3.209871686378e-02,-1.692914353728e-02,2.096032820414e-01,3.071002780468e-02,-1.688176218219e-02,-3.890880821741e-05,-1.388689059094e-03,4.738135509373e-05
"                2449",1.996698544094e-01,3.207726038140e-02,-1.642779518732e-02,1.996180551280e-01,3.069193823215e-02,-1.637897879703e-02,-5.179928137870e-05,-1.385322149244e-03,4.881639029621e-05
"                2450",1.879650771381e-01,3.097089695977e-02,-1.649556480489e-02,1.878953902611e-01,2.958835703817e-02,-1.644751893019e-02,-6.968687694697e-05,-1.382539921598e-03,4.804587470027e-05
"                2451",1.753388337920e-01,2.961261489752e-02,-1.703288992367e-02,1.752503469142e-01,2.823209816119e-02,-1.698779914333e-02,-8.848687783027e-05,-1.380516736326e-03,4.509078034186e-05
"                2452",1.631736971790e-01,2.809998904603e-02,-1.779934774026e-02,1.630717757753e-01,2.671436818502e-02,-1.775895919203e-02,-1.019214036562e-04,-1.385620861007e-03,4.038854823368e-05
"                2453",1.529562668787e-01,2.697225518290e-02,-1.860632761286e-02,1.528492991986e-01,2.557406691516e-02,-1.857125686677e-02,-1.069676801631e-04,-1.398188267738e-03,3.507074608712e-05
"                2454",1.462617198639e-01,2.644551202636e-02,-1.929721120465e-02,1.461580107320e-01,2.503172609425e-02,-1.926690285677e-02,-1.037091319220e-04,-1.413785932104e-03,3.030834787836e-05
"                2455",1.437695983342e-01,2.719002729739e-02,-1.971659133885e-02,1.436828281883e-01,2.576224539065e-02,-1.969048190346e-02,-8.677014596040e-05,-1.427781906747e-03,2.610943538978e-05
"                2456",1.452999239098e-01,2.840757531883e-02,-1.977145461936e-02,1.452405550996e-01,2.697118324397e-02,-1.974880938466e-02,-5.936881026742e-05,-1.436392074858e-03,2.264523470296e-05
"                2457",1.503387298486e-01,2.966880218444e-02,-1.953506142556e-02,1.503190342873e-01,2.823194481866e-02,-1.951526152506e-02,-1.969556122128e-05,-1.436857365781e-03,1.979990049240e-05
"                2458",1.593668027157e-01,2.922705841724e-02,-1.924929744126e-02,1.593871263207e-01,2.779872684985e-02,-1.923134665735e-02,2.032360493356e-05,-1.428331567394e-03,1.795078391003e-05
"                2459",1.728213352378e-01,2.932991704933e-02,-1.913638132432e-02,1.728752800816e-01,2.791698409899e-02,-1.911994737041e-02,5.394484384473e-05,-1.412932950343e-03,1.643395391611e-05
"                2460",1.887238816541e-01,3.088455886667e-02,-1.930996084499e-02,1.887992919630e-01,2.948429037193e-02,-1.929519241201e-02,7.541030891836e-05,-1.400268494733e-03,1.476843297478e-05
"                2461",2.044608217092e-01,3.329957679185e-02,-1.986119539564e-02,2.045456921854e-01,3.190824504291e-02,-1.984870856043e-02,8.487047620216e-05,-1.391331748942e-03,1.248683520313e-05
"                2462",2.182760023584e-01,3.469381518619e-02,-2.081607179490e-02,2.183613845980e-01,3.331020665962e-02,-2.080645412580e-02,8.538223958433e-05,-1.383608526578e-03,9.617669105604e-06
"                2463",2.290835584203e-01,3.418880862578e-02,-2.205283396260e-02,2.291656302359e-01,3.281119345705e-02,-2.204687693419e-02,8.207181561129e-05,-1.377615168723e-03,5.957028405379e-06
"                2464",2.373718308866e-01,3.258066087959e-02,-2.331396163130e-02,2.374457482856e-01,3.120791260587e-02,-2.331176840451e-02,7.391739896447e-05,-1.372748273717e-03,2.193226790726e-06
"                2465",2.432359311335e-01,3.078592320649e-02,-2.436204447499e-02,2.432991468599e-01,2.941515298666e-02,-2.436270140950e-02,6.321572636514e-05,-1.370770219830e-03,-6.569345133963e-07
"                2466",2.465489448730e-01,2.900520404076e-02,-2.503251960496e-02,2.466020990814e-01,2.762852856730e-02,-2.503410639146e-02,5.315420832275e-05,-1.376675473460e-03,-1.586786501152e-06
"                2467",2.478887905602e-01,2.785386504269e-02,-2.517891558684e-02,2.479350132439e-01,2.646360771846e-02,-2.517909460375e-02,4.622268363413e-05,-1.390257324224e-03,-1.790169106977e-07
"                2468",2.479031870157e-01,2.742159997227e-02,-2.474169830263e-02,2.479460689598e-01,2.601536592444e-02,-2.473828677482e-02,4.288194409706e-05,-1.406234047827e-03,3.411527802630e-06
"                2469",2.478245518071e-01,2.772862285251e-02,-2.378554315378e-02,2.478621278817e-01,2.630819151636e-02,-2.377619752659e-02,3.757607459988e-05,-1.420431336150e-03,9.345627188860e-06
"                2470",2.489144332856e-01,2.783103858436e-02,-2.253700320970e-02,2.489440939545e-01,2.640178097005e-02,-2.251986670078e-02,2.966066894304e-05,-1.429257614308e-03,1.713650891369e-05
"                2471",2.498343773821e-01,2.810506206215e-02,-2.121452681210e-02,2.498519733186e-01,2.667420660971e-02,-2.118875808741e-02,1.759593654053e-05,-1.430855452447e-03,2.576872469353e-05
"                2472",2.484684783449e-01,2.746493414509e-02,-1.996445933483e-02,2.484714495823e-01,2.604166605737e-02,-1.993085694875e-02,2.971237339896e-06,-1.423268087721e-03,3.360238608650e-05
"                2473",2.430165396043e-01,2.777047346018e-02,-1.890761246334e-02,2.430018333070e-01,2.636225604151e-02,-1.886796201617e-02,-1.470629732665e-05,-1.408217418664e-03,3.965044717269e-05
"                2474",2.337466950142e-01,2.966545278760e-02,-1.820928110117e-02,2.337134916855e-01,2.826932113513e-02,-1.816592864460e-02,-3.320332869847e-05,-1.396131652471e-03,4.335245656317e-05
"                2475",2.210664903768e-01,3.170583006023e-02,-1.794167610447e-02,2.210137390324e-01,3.031772404062e-02,-1.789690925252e-02,-5.275134447776e-05,-1.388106019615e-03,4.476685195439e-05
"                2476",2.062963781977e-01,3.251008212706e-02,-1.804826367765e-02,2.062217030166e-01,3.112700959007e-02,-1.800400373387e-02,-7.467518105734e-05,-1.383072536993e-03,4.425994378027e-05
"                2477",1.905772644178e-01,3.165184580486e-02,-1.833728840745e-02,1.904789472834e-01,3.027221539676e-02,-1.829488580982e-02,-9.831713439776e-05,-1.379630408104e-03,4.240259762633e-05
"                2478",1.749681807311e-01,2.999156093944e-02,-1.867105294281e-02,1.748501065278e-01,2.861475742360e-02,-1.863102019336e-02,-1.180742032776e-04,-1.376803515837e-03,4.003274945350e-05
"                2479",1.608812881013e-01,2.877133823162e-02,-1.893628798966e-02,1.607539888703e-01,2.739420587382e-02,-1.889868163728e-02,-1.272992310838e-04,-1.377132357803e-03,3.760635237665e-05
"                2480",1.502454373457e-01,2.787380327148e-02,-1.899877685056e-02,1.501211881590e-01,2.648878599237e-02,-1.896326677508e-02,-1.242491866744e-04,-1.385017279116e-03,3.551007548270e-05
"                2481",1.448424746260e-01,2.746482322995e-02,-1.880157421299e-02,1.447318160781e-01,2.606568025351e-02,-1.876772054617e-02,-1.106585478619e-04,-1.399142976440e-03,3.385366682693e-05
"                2482",1.448534270537e-01,2.770727096055e-02,-1.839311513703e-02,1.447655624136e-01,2.629273318818e-02,-1.836033468942e-02,-8.786464007800e-05,-1.414537772374e-03,3.278044760916e-05
"                2483",1.485342114847e-01,2.838971843055e-02,-1.794472125689e-02,1.484796068277e-01,2.696153212870e-02,-1.791310470455e-02,-5.460465698746e-05,-1.428186301858e-03,3.161655234125e-05
"                2484",1.551138467890e-01,2.873299918076e-02,-1.763615097007e-02,1.550946026355e-01,2.729735620263e-02,-1.760632684493e-02,-1.924415354783e-05,-1.435642978132e-03,2.982412513475e-05
"                2485",1.637166608826e-01,2.888327433870e-02,-1.759936973711e-02,1.637326400153e-01,2.744837975937e-02,-1.757268703517e-02,1.597913272737e-05,-1.434894579322e-03,2.668270193536e-05
"                2486",1.741880371938e-01,2.845938157595e-02,-1.799912957253e-02,1.742283971936e-01,2.703507977910e-02,-1.797660646473e-02,4.035999980585e-05,-1.424301796854e-03,2.252310779452e-05
"                2487",1.860549409093e-01,2.942899769749e-02,-1.891281095437e-02,1.861106246803e-01,2.802056135844e-02,-1.889545381544e-02,5.568377091245e-05,-1.408436339053e-03,1.735713893245e-05
"                2488",1.971700220489e-01,3.182306595306e-02,-2.025569468285e-02,1.972279119801e-01,3.042817942542e-02,-2.024380025870e-02,5.788993123328e-05,-1.394886527637e-03,1.189442415617e-05
"                2489",2.069547037127e-01,3.419023201752e-02,-2.179784790416e-02,2.070067788739e-01,3.280547341786e-02,-2.179157348229e-02,5.207516121738e-05,-1.384758599652e-03,6.274421871700e-06
"                2490",2.151317961670e-01,3.450947635214e-02,-2.325649683791e-02,2.151775190499e-01,3.313165213247e-02,-2.325540746130e-02,4.572288290492e-05,-1.377824219676e-03,1.089376611237e-06
"                2491",2.223799364084e-01,3.353052692778e-02,-2.441358807232e-02,2.224247056029e-01,3.215720936640e-02,-2.441640546642e-02,4.476919449229e-05,-1.373317561375e-03,-2.817394096391e-06
"                2492",2.291596752276e-01,3.203842973967e-02,-2.507332328387e-02,2.292094956478e-01,3.066832805612e-02,-2.507785095240e-02,4.982042017353e-05,-1.370101683543e-03,-4.527668526486e-06
"                2493",2.359182587320e-01,3.066772260063e-02,-2.512640757182e-02,2.359747472210e-01,2.929691859971e-02,-2.513000233301e-02,5.648848895710e-05,-1.370804000927e-03,-3.594761187476e-06
"                2494",2.430827685194e-01,2.922258862642e-02,-2.459843155503e-02,2.431463461747e-01,2.784314604740e-02,-2.459852783175e-02,6.357765531598e-05,-1.379442579020e-03,-9.627671276438e-08
"                2495",2.499430310211e-01,2.839128691538e-02,-2.365654238082e-02,2.500142804023e-01,2.699709333260e-02,-2.365118118262e-02,7.124938121991e-05,-1.394193582776e-03,5.361198202398e-06
"                2496",2.551801050582e-01,2.809221712162e-02,-2.253873919784e-02,2.552567370962e-01,2.668151987894e-02,-2.252670567975e-02,7.663203797366e-05,-1.410697242690e-03,1.203351808946e-05
"                2497",2.586547401694e-01,2.760176209944e-02,-2.143963923285e-02,2.587255806943e-01,2.617629681382e-02,-2.142045003900e-02,7.084052493054e-05,-1.425465285624e-03,1.918919384638e-05
"                2498",2.605090413452e-01,2.709271848187e-02,-2.054491425151e-02,2.605612739472e-01,2.565924252414e-02,-2.051899429150e-02,5.223260200358e-05,-1.433475957731e-03,2.591996000855e-05
"                2499",2.593434815032e-01,2.720067412052e-02,-1.999810680923e-02,2.593655357948e-01,2.576819387396e-02,-1.996660224848e-02,2.205429162450e-05,-1.432480246561e-03,3.150456075101e-05
"                2500",2.525371675063e-01,2.727524364801e-02,-1.979578638521e-02,2.525275985326e-01,2.585452935925e-02,-1.976057158782e-02,-9.568973740619e-06,-1.420714288762e-03,3.521479738799e-05
"                2501",2.400457234394e-01,2.837225333462e-02,-1.984010855024e-02,2.400022985594e-01,2.696729418454e-02,-1.980293284468e-02,-4.342488003129e-05,-1.404959150078e-03,3.717570555160e-05
"                2502",2.243333814262e-01,3.039844955453e-02,-1.994322039363e-02,2.242617606880e-01,2.900531458284e-02,-1.990584205687e-02,-7.162073820190e-05,-1.393134971696e-03,3.737833675882e-05
"                2503",2.071279024549e-01,3.201988435222e-02,-1.996118132734e-02,2.070350842557e-01,3.063398521009e-02,-1.992435613616e-02,-9.281819917142e-05,-1.385899142126e-03,3.682519118924e-05
"                2504",1.901993322166e-01,3.209738003849e-02,-1.983041915253e-02,1.900909183235e-01,3.071512189752e-02,-1.979371672430e-02,-1.084138931032e-04,-1.382258140971e-03,3.670242823377e-05
"                2505",1.750875390117e-01,3.130562843116e-02,-1.947061874749e-02,1.749702948863e-01,2.992555725606e-02,-1.943330049368e-02,-1.172441253492e-04,-1.380071175092e-03,3.731825380533e-05
"                2506",1.629225341431e-01,3.012060511394e-02,-1.884559967662e-02,1.628046259024e-01,2.874333432612e-02,-1.880718354599e-02,-1.179082406756e-04,-1.377270787822e-03,3.841613062898e-05
"                2507",1.550710951740e-01,2.926264915178e-02,-1.803525315902e-02,1.549628032678e-01,2.788297328810e-02,-1.799564261263e-02,-1.082919062372e-04,-1.379675863677e-03,3.961054639232e-05
"                2508",1.513194471038e-01,2.820547655354e-02,-1.723056173670e-02,1.512290508605e-01,2.681498218623e-02,-1.718987757738e-02,-9.039624335701e-05,-1.390494367320e-03,4.068415932116e-05
"                2509",1.516615236747e-01,2.718438879329e-02,-1.663521981573e-02,1.515923383538e-01,2.577770985375e-02,-1.659422787099e-02,-6.918532087066e-05,-1.406678939537e-03,4.099194473467e-05
"                2510",1.558569162049e-01,2.694553383805e-02,-1.639089182534e-02,1.558082784573e-01,2.552232012789e-02,-1.635110694026e-02,-4.863774754941e-05,-1.423213710160e-03,3.978488507505e-05
"                2511",1.612945204913e-01,2.757963136437e-02,-1.659157768378e-02,1.612664067598e-01,2.614374297548e-02,-1.655531267302e-02,-2.811373142755e-05,-1.435888388892e-03,3.626501076499e-05
"                2512",1.660628443299e-01,2.829608931930e-02,-1.726030063915e-02,1.660556536211e-01,2.685566719088e-02,-1.722973340514e-02,-7.190708835586e-06,-1.440422128417e-03,3.056723400715e-05
"                2513",1.700267730265e-01,2.874389203006e-02,-1.837170879451e-02,1.700366653060e-01,2.730872614095e-02,-1.834836186010e-02,9.892279522245e-06,-1.435165889118e-03,2.334693440577e-05
"                2514",1.753851542178e-01,2.904674300894e-02,-1.979585235890e-02,1.754030785021e-01,2.762638453047e-02,-1.978017998031e-02,1.792428430778e-05,-1.420358478475e-03,1.567237858897e-05
"                2515",1.823962537789e-01,3.023613950967e-02,-2.129785600346e-02,1.824180970073e-01,2.883122199245e-02,-2.128962962199e-02,2.184322837361e-05,-1.404917517225e-03,8.226381471037e-06
"                2516",1.901273648059e-01,3.230527498151e-02,-2.266426845799e-02,1.901505643242e-01,3.091167930146e-02,-2.266192102026e-02,2.319951824377e-05,-1.393595680046e-03,2.347437733294e-06
"                2517",1.986282568908e-01,3.450471492873e-02,-2.370732753821e-02,1.986549015587e-01,3.311957130813e-02,-2.370868651272e-02,2.664466789481e-05,-1.385143620599e-03,-1.358974514612e-06
"                2518",2.081115338808e-01,3.503751798159e-02,-2.427365686800e-02,2.081494337622e-01,3.365903925074e-02,-2.427672188579e-02,3.789988137605e-05,-1.378478730846e-03,-3.065017793195e-06
"                2519",2.193091675772e-01,3.412211698481e-02,-2.429155017962e-02,2.193636103773e-01,3.274838167484e-02,-2.429423596255e-02,5.444280006489e-05,-1.373735309971e-03,-2.685782929488e-06
"                2520",2.316987069816e-01,3.239967791955e-02,-2.383595241832e-02,2.317719494342e-01,3.102847504251e-02,-2.383615702008e-02,7.324245257384e-05,-1.371202877032e-03,-2.046017548494e-07
"                2521",2.439113433005e-01,3.043192283857e-02,-2.313984323208e-02,2.439993131463e-01,2.905681919865e-02,-2.313573795174e-02,8.796984579413e-05,-1.375103639921e-03,4.105280339689e-06
"                2522",2.545752567459e-01,2.854488567125e-02,-2.239071233828e-02,2.546712018658e-01,2.715749567115e-02,-2.238159180639e-02,9.594511984116e-05,-1.387390000107e-03,9.120531888193e-06
"                2523",2.622849840766e-01,2.713260355848e-02,-2.172274109112e-02,2.623822492308e-01,2.572838142590e-02,-2.170900856803e-02,9.726515422246e-05,-1.404222132578e-03,1.373252309112e-05
"                2524",2.658113184368e-01,2.697956525890e-02,-2.129748956246e-02,2.658957953821e-01,2.555931206641e-02,-2.127971730101e-02,8.447694535100e-05,-1.420253192492e-03,1.777226144753e-05
"                2525",2.651647935054e-01,2.700852233836e-02,-2.120057269181e-02,2.652236928766e-01,2.557661635024e-02,-2.117923608127e-02,5.889937116313e-05,-1.431905988121e-03,2.133661054224e-05
"                2526",2.610139159601e-01,2.737926214166e-02,-2.140215984520e-02,2.610348111591e-01,2.594362826434e-02,-2.137779525022e-02,2.089519893993e-05,-1.435633877326e-03,2.436459497941e-05
"                2527",2.531150552568e-01,2.741520140635e-02,-2.167127679782e-02,2.530941622601e-01,2.598493318421e-02,-2.164465901525e-02,-2.089299673713e-05,-1.430268222134e-03,2.661778257091e-05
"                2528",2.406387796431e-01,2.782967737596e-02,-2.177987669814e-02,2.405825564746e-01,2.641397134683e-02,-2.175154116127e-02,-5.622316853015e-05,-1.415706029128e-03,2.833553686685e-05
"                2529",2.250789363636e-01,2.903034422451e-02,-2.161270760419e-02,2.249970994583e-01,2.762850177932e-02,-2.158245508115e-02,-8.183690529684e-05,-1.401842445189e-03,3.025252304561e-05
"                2530",2.090320728720e-01,3.095950201285e-02,-2.107648152849e-02,2.089379999278e-01,2.956692047470e-02,-2.104386163912e-02,-9.407294425962e-05,-1.392581538154e-03,3.261988937111e-05
"                2531",1.942897181590e-01,3.288839927970e-02,-2.015187114506e-02,1.941939636527e-01,3.150171356569e-02,-2.011642805624e-02,-9.575450628613e-05,-1.386685714007e-03,3.544308881693e-05
"                2532",1.824724858590e-01,3.300686219625e-02,-1.894966933816e-02,1.823788851924e-01,3.162378264365e-02,-1.891062103719e-02,-9.360066659299e-05,-1.383079552601e-03,3.904830096614e-05
"                2533",1.735982195475e-01,3.164792796546e-02,-1.770720931728e-02,1.735111020853e-01,3.026718136851e-02,-1.766439462390e-02,-8.711746217293e-05,-1.380746596944e-03,4.281469338229e-05
"                2534",1.671716278267e-01,2.970275986038e-02,-1.665747415256e-02,1.670941094136e-01,2.832312603714e-02,-1.661165065323e-02,-7.751841315076e-05,-1.379633823246e-03,4.582349932938e-05
"                2535",1.631679552070e-01,2.819989753653e-02,-1.596016241842e-02,1.631008161318e-01,2.681376034864e-02,-1.591319224144e-02,-6.713907513863e-05,-1.386137187896e-03,4.697017697497e-05
"                2536",1.616176961300e-01,2.719797129782e-02,-1.574945996695e-02,1.615582018256e-01,2.579848782190e-02,-1.570362296246e-02,-5.949430432758e-05,-1.399483475920e-03,4.583700449279e-05
"                2537",1.617531945151e-01,2.674383950922e-02,-1.609916122077e-02,1.616982503619e-01,2.532877540384e-02,-1.605662517417e-02,-5.494415317294e-05,-1.415064105371e-03,4.253604659564e-05
"                2538",1.620023355520e-01,2.747666512574e-02,-1.696855256457e-02,1.619523638870e-01,2.604831208888e-02,-1.693151294811e-02,-4.997166506070e-05,-1.428353036866e-03,3.703961645311e-05
"                2539",1.612299049127e-01,2.817092239878e-02,-1.815556263155e-02,1.611873909225e-01,2.673388407042e-02,-1.812590640678e-02,-4.251399025110e-05,-1.437038328364e-03,2.965622476204e-05
"                2540",1.602167485749e-01,2.882634572317e-02,-1.942356104311e-02,1.601859582917e-01,2.738868812541e-02,-1.940233432750e-02,-3.079028324283e-05,-1.437657597769e-03,2.122671561246e-05
"                2541",1.610146642730e-01,2.853932118991e-02,-2.063667063286e-02,1.609970024703e-01,2.711009461250e-02,-2.062329114175e-02,-1.766180272311e-05,-1.429226577410e-03,1.337949110690e-05
"                2542",1.656978984992e-01,2.932509540597e-02,-2.169372704797e-02,1.656953706994e-01,2.791182586857e-02,-2.168650598543e-02,-2.527799788716e-06,-1.413269537395e-03,7.221062542523e-06
"                2543",1.740619072630e-01,3.157695170351e-02,-2.242503035136e-02,1.740763430693e-01,3.017722156588e-02,-2.242181645668e-02,1.443580628989e-05,-1.399730137631e-03,3.213894686081e-06
"                2544",1.860712071666e-01,3.419331592402e-02,-2.277604802001e-02,1.861036872902e-01,3.280368406452e-02,-2.277465539145e-02,3.248012353396e-05,-1.389631859499e-03,1.392628558261e-06
"                2545",2.004555208012e-01,3.537589320339e-02,-2.276757699780e-02,2.005077831639e-01,3.399372648369e-02,-2.276604591506e-02,5.226236269353e-05,-1.382166719697e-03,1.531082740233e-06
"                2546",2.159937342208e-01,3.471433306971e-02,-2.256556015162e-02,2.160688697459e-01,3.333734356319e-02,-2.256254101684e-02,7.513552501278e-05,-1.376989506523e-03,3.019134785693e-06
"                2547",2.315434158058e-01,3.301097456261e-02,-2.228915928411e-02,2.316383466794e-01,3.163728014951e-02,-2.228400790953e-02,9.493087359295e-05,-1.373694413107e-03,5.151374582701e-06
"                2548",2.459364935185e-01,3.109143202528e-02,-2.203664896166e-02,2.460428414962e-01,2.971880542622e-02,-2.202924672608e-02,1.063479776451e-04,-1.372626599060e-03,7.402235579261e-06
"                2549",2.572988987542e-01,2.915506814299e-02,-2.194534136455e-02,2.574045846780e-01,2.777636690998e-02,-2.193588830625e-02,1.056859238068e-04,-1.378701233003e-03,9.453058297148e-06
"                2550",2.638448892869e-01,2.761604087757e-02,-2.208842071065e-02,2.639396066560e-01,2.622378484964e-02,-2.207723761982e-02,9.471736909785e-05,-1.392256027924e-03,1.118309082362e-05
"                2551",2.651475676381e-01,2.706195417799e-02,-2.244602455619e-02,2.652235893246e-01,2.565399746090e-02,-2.243371231842e-02,7.602168657998e-05,-1.407956717087e-03,1.231223777530e-05
"                2552",2.621879840465e-01,2.756519499236e-02,-2.286044102302e-02,2.622337502550e-01,2.614337067618e-02,-2.284693744130e-02,4.576620853873e-05,-1.421824316176e-03,1.350358171390e-05
"                2553",2.563157451136e-01,2.763117587689e-02,-2.315923248944e-02,2.563270183952e-01,2.620066301519e-02,-2.314397378849e-02,1.127328163367e-05,-1.430512861705e-03,1.525870095041e-05
"                2554",2.483810107557e-01,2.789428781498e-02,-2.321750538559e-02,2.483567681585e-01,2.646249063087e-02,-2.319917238096e-02,-2.424259715246e-05,-1.431797184109e-03,1.833300463067e-05
"                2555",2.386186550398e-01,2.747747430153e-02,-2.288376849484e-02,2.385676158169e-01,2.605338934099e-02,-2.286129420680e-02,-5.103922299002e-05,-1.424084960541e-03,2.247428804358e-05
"                2556",2.274490718170e-01,2.817368187896e-02,-2.208053995579e-02,2.273804894083e-01,2.676477551351e-02,-2.205300310164e-02,-6.858240873091e-05,-1.408906365447e-03,2.753685415460e-05
"                2557",2.160754674674e-01,3.023245578676e-02,-2.085105160666e-02,2.160021658638e-01,2.883581570743e-02,-2.081814947134e-02,-7.330160357424e-05,-1.396640079331e-03,3.290213532482e-05
"                2558",2.057326887141e-01,3.226834287812e-02,-1.938562577094e-02,2.056628725067e-01,3.087929342880e-02,-1.934718152620e-02,-6.981620732039e-05,-1.389049449315e-03,3.844424474734e-05
"                2559",1.966792810392e-01,3.279125112905e-02,-1.796160305052e-02,1.966161368531e-01,3.140640430064e-02,-1.791802894417e-02,-6.314418605881e-05,-1.384846828405e-03,4.357410634995e-05
"                2560",1.887742898507e-01,3.158879152987e-02,-1.677808709167e-02,1.887128940542e-01,3.020572255036e-02,-1.673047447378e-02,-6.139579655299e-05,-1.383068979503e-03,4.761261788389e-05
"                2561",1.818793161460e-01,2.973671233721e-02,-1.602250068523e-02,1.818130482904e-01,2.835555392365e-02,-1.597277594299e-02,-6.626785558951e-05,-1.381158413561e-03,4.972474223952e-05
"                2562",1.753122741000e-01,2.853662604578e-02,-1.582902029621e-02,1.752393793798e-01,2.715573383262e-02,-1.577971023023e-02,-7.289472018594e-05,-1.380892213156e-03,4.931006597364e-05
"                2563",1.682620739118e-01,2.762396509306e-02,-1.620465006729e-02,1.681825942621e-01,2.623639971928e-02,-1.615823557167e-02,-7.947964970109e-05,-1.387565373778e-03,4.641449562330e-05
"                2564",1.613392152461e-01,2.754886051156e-02,-1.701432869647e-02,1.612530265719e-01,2.614813251559e-02,-1.697287486572e-02,-8.618867419919e-05,-1.400727995970e-03,4.145383074265e-05
"                2565",1.559333365526e-01,2.768498523231e-02,-1.804397772079e-02,1.558424612974e-01,2.626928285535e-02,-1.800883614804e-02,-9.087525515863e-05,-1.415702376958e-03,3.514157274498e-05
"                2566",1.521453630429e-01,2.804952030532e-02,-1.910494973526e-02,1.520587974027e-01,2.662054242734e-02,-1.907677169958e-02,-8.656564024532e-05,-1.428977877982e-03,2.817803567958e-05
"                2567",1.499096034712e-01,2.823207606179e-02,-2.003110486897e-02,1.498385959615e-01,2.679567928885e-02,-2.000964359336e-02,-7.100750964571e-05,-1.436396772945e-03,2.146127561570e-05
"                2568",1.503035711484e-01,2.916295998517e-02,-2.065839142846e-02,1.502608888104e-01,2.772756578662e-02,-2.064278113185e-02,-4.268233799185e-05,-1.435394198550e-03,1.561029661522e-05
"                2569",1.558875344901e-01,2.928054882280e-02,-2.096367131817e-02,1.558756925877e-01,2.785619356322e-02,-2.095224153397e-02,-1.184190239534e-05,-1.424355259579e-03,1.142978420161e-05
"                2570",1.674535726253e-01,3.032915234752e-02,-2.101989532786e-02,1.674740293077e-01,2.892085958084e-02,-2.101096292374e-02,2.045668241271e-05,-1.408292766678e-03,8.932404112099e-06
"                2571",1.824585078283e-01,3.223807879230e-02,-2.098530388720e-02,1.825070001895e-01,3.084284254361e-02,-2.097704322688e-02,4.849236116801e-05,-1.395236248689e-03,8.260660322628e-06
"                2572",1.992884437829e-01,3.388312834476e-02,-2.099355686044e-02,1.993594077291e-01,3.249645748388e-02,-2.098505244187e-02,7.096394620404e-05,-1.386670860881e-03,8.504418568146e-06
"                2573",2.161468451059e-01,3.407171111572e-02,-2.111602929705e-02,2.162340287298e-01,3.269037498552e-02,-2.110738349747e-02,8.718362391118e-05,-1.381336130197e-03,8.645799578108e-06
"                2574",2.315781221613e-01,3.331893861695e-02,-2.142386208023e-02,2.316755363401e-01,3.194196407778e-02,-2.141574897024e-02,9.741417885899e-05,-1.376974539172e-03,8.113109991269e-06
"                2575",2.443356144977e-01,3.199826809979e-02,-2.195198152801e-02,2.444352050000e-01,3.062572953129e-02,-2.194482386348e-02,9.959050229864e-05,-1.372538568500e-03,7.157664533566e-06
"                2576",2.529568806356e-01,3.071111019660e-02,-2.265965721884e-02,2.530490461185e-01,2.933935476579e-02,-2.265353978513e-02,9.216548287077e-05,-1.371755430806e-03,6.117433708723e-06
"                2577",2.574548847217e-01,2.923803359436e-02,-2.340720338704e-02,2.575307690001e-01,2.785905100792e-02,-2.340195858900e-02,7.588427836231e-05,-1.378982586445e-03,5.244798040756e-06
"                2578",2.580724512042e-01,2.806267487606e-02,-2.399730827815e-02,2.581282775825e-01,2.666947415788e-02,-2.399238876623e-02,5.582637834103e-05,-1.393200718175e-03,4.919511924217e-06
"                2579",2.544582016788e-01,2.748887927840e-02,-2.428579690316e-02,2.544953614518e-01,2.607897116310e-02,-2.427999110174e-02,3.715977299599e-05,-1.409908115298e-03,5.805801416802e-06
"                2580",2.491453050212e-01,2.752346147009e-02,-2.418724081327e-02,2.491623775161e-01,2.609892309262e-02,-2.417836355378e-02,1.707249490647e-05,-1.424538377464e-03,8.877259492280e-06
"                2581",2.443472177339e-01,2.780960155208e-02,-2.366096031015e-02,2.443445938969e-01,2.637738124842e-02,-2.364696815475e-02,-2.623837031977e-06,-1.432220303658e-03,1.399215539144e-05
"                2582",2.407790816418e-01,2.823710071833e-02,-2.271272023018e-02,2.407585941643e-01,2.680573613343e-02,-2.269198117310e-02,-2.048747747129e-05,-1.431364584904e-03,2.073905708352e-05
"                2583",2.363315012601e-01,2.785168424315e-02,-2.142972144890e-02,2.363015478323e-01,2.643104717102e-02,-2.140163995201e-02,-2.995342784226e-05,-1.420637072126e-03,2.808149689452e-05
"                2584",2.295110430343e-01,2.815062611445e-02,-1.999599317271e-02,2.294750713997e-01,2.674493381954e-02,-1.996048072804e-02,-3.597163454599e-05,-1.405692294908e-03,3.551244466161e-05
"                2585",2.215427062518e-01,2.961160739300e-02,-1.862012903720e-02,2.215052130174e-01,2.821670643699e-02,-1.857853945641e-02,-3.749323442584e-05,-1.394900956015e-03,4.158958079244e-05
"                2586",2.130365696224e-01,3.131153719691e-02,-1.749064278952e-02,2.129955442695e-01,2.992328488665e-02,-1.744487601021e-02,-4.102535296846e-05,-1.388252310266e-03,4.576677930988e-05
"                2587",2.039867939565e-01,3.192350529953e-02,-1.679668616469e-02,2.039354801571e-01,3.053937830831e-02,-1.674868538717e-02,-5.131379934229e-05,-1.384126991217e-03,4.800077751746e-05
"                2588",1.929707970686e-01,3.143322873200e-02,-1.659967517852e-02,1.929031334422e-01,3.005253301762e-02,-1.655137713504e-02,-6.766362642567e-05,-1.380695714382e-03,4.829804347257e-05
"                2589",1.803352948680e-01,3.029184273834e-02,-1.688144668454e-02,1.802478954224e-01,2.891466189477e-02,-1.683488960238e-02,-8.739944559225e-05,-1.377180843573e-03,4.655708215824e-05
"                2590",1.676152079302e-01,2.934696749094e-02,-1.745279807568e-02,1.675115975795e-01,2.796874075988e-02,-1.740997726077e-02,-1.036103507438e-04,-1.378226731067e-03,4.282081490726e-05
"                2591",1.563146406726e-01,2.831793106662e-02,-1.814358231067e-02,1.562012670297e-01,2.692981545818e-02,-1.810553812272e-02,-1.133736429326e-04,-1.388115608432e-03,3.804418794638e-05
"                2592",1.480117002618e-01,2.750760249337e-02,-1.883279169334e-02,1.478970051034e-01,2.610388377921e-02,-1.879950587213e-02,-1.146951583346e-04,-1.403718714155e-03,3.328582121378e-05
"                2593",1.440130975272e-01,2.760135392494e-02,-1.936070155760e-02,1.439091774854e-01,2.618151075052e-02,-1.933171375043e-02,-1.039200418632e-04,-1.419843174423e-03,2.898780717030e-05
"                2594",1.440890814839e-01,2.830990882970e-02,-1.959716009706e-02,1.440092620169e-01,2.687718708309e-02,-1.957209650346e-02,-7.981946703079e-05,-1.432721746612e-03,2.506359360151e-05
"                2595",1.477160759436e-01,2.902834410836e-02,-1.952948713559e-02,1.476720169881e-01,2.759050713960e-02,-1.950783837992e-02,-4.405895553451e-05,-1.437836968760e-03,2.164875566571e-05
"                2596",1.550160543563e-01,2.922347902042e-02,-1.933474489613e-02,1.550137897654e-01,2.778944382748e-02,-1.931575001704e-02,-2.264590883627e-06,-1.434035192946e-03,1.899487908924e-05
"                2597",1.669064310160e-01,2.876177395228e-02,-1.923366093115e-02,1.669402720435e-01,2.734088648115e-02,-1.921653546531e-02,3.384102748486e-05,-1.420887471125e-03,1.712546584649e-05
"                2598",1.821431477105e-01,2.958594937526e-02,-1.935378810238e-02,1.822046779298e-01,2.817955595955e-02,-1.933857309622e-02,6.153021933365e-05,-1.406393415711e-03,1.521500615737e-05
"                2599",1.980947641407e-01,3.178545608469e-02,-1.978262235047e-02,1.981702080468e-01,3.039053562860e-02,-1.976954217813e-02,7.544390611138e-05,-1.394920456089e-03,1.308017234711e-05
"                2600",2.130267110212e-01,3.431329622826e-02,-2.056789899304e-02,2.131046194131e-01,3.292786810431e-02,-2.055732032965e-02,7.790839193274e-05,-1.385428123943e-03,1.057866339579e-05
"                2601",2.252218770921e-01,3.501654160850e-02,-2.164942631602e-02,2.252977668037e-01,3.363855157624e-02,-2.164207762076e-02,7.588971168944e-05,-1.377990032253e-03,7.348695259494e-06
"                2602",2.343374323083e-01,3.407866081254e-02,-2.282984337092e-02,2.344073845805e-01,3.270621655436e-02,-2.282605996403e-02,6.995227220336e-05,-1.372444258180e-03,3.783406888662e-06
"                2603",2.410378021478e-01,3.219601190901e-02,-2.387363351491e-02,2.410986865429e-01,3.082680496165e-02,-2.387293807164e-02,6.088439515414e-05,-1.369206947370e-03,6.954432763895e-07
"                2604",2.455931391814e-01,3.052608115295e-02,-2.463087731260e-02,2.456427946118e-01,2.915364405615e-02,-2.463164342362e-02,4.965543044632e-05,-1.372437096804e-03,-7.661110162879e-07
"                2605",2.476853219700e-01,2.888115903204e-02,-2.496699033258e-02,2.477278226882e-01,2.749675119967e-02,-2.496721565145e-02,4.250071827025e-05,-1.384407832370e-03,-2.253188712999e-07
"                2606",2.480805022389e-01,2.772738156661e-02,-2.479221139263e-02,2.481195888320e-01,2.632627136622e-02,-2.478983046772e-02,3.908659315066e-05,-1.401110200382e-03,2.380924917417e-06
"                2607",2.477965249784e-01,2.745130917151e-02,-2.409927037669e-02,2.478330393255e-01,2.603354460484e-02,-2.409222600299e-02,3.651434712729e-05,-1.417764566670e-03,7.044373697711e-06
"                2608",2.485270364193e-01,2.740438392541e-02,-2.304673361457e-02,2.485572059611e-01,2.597381755868e-02,-2.303292587381e-02,3.016954174905e-05,-1.430566366730e-03,1.380774075222e-05
"                2609",2.497413907504e-01,2.736580985146e-02,-2.185583399250e-02,2.497614566805e-01,2.593004575046e-02,-2.183393731565e-02,2.006593013046e-05,-1.435764100994e-03,2.189667685258e-05
"                2610",2.497243528391e-01,2.685803406555e-02,-2.066251964940e-02,2.497300508477e-01,2.542621660004e-02,-2.063252685887e-02,5.698008583966e-06,-1.431817465516e-03,2.999279053277e-05
"                2611",2.460840038628e-01,2.687902079311e-02,-1.953974161447e-02,2.460748532077e-01,2.546107091009e-02,-1.950313104501e-02,-9.150655061432e-06,-1.417949883024e-03,3.661056945933e-05
"                2612",2.382491020436e-01,2.818638819910e-02,-1.866485682597e-02,2.382210674821e-01,2.678288053240e-02,-1.862347815761e-02,-2.803456149139e-05,-1.403507666702e-03,4.137866836074e-05
"                2613",2.267946664443e-01,3.066205043482e-02,-1.814954700308e-02,2.267482854308e-01,2.926918601727e-02,-1.810559729503e-02,-4.638101352949e-05,-1.392864417550e-03,4.394970804411e-05
"                2614",2.125144137832e-01,3.289189329241e-02,-1.801971807684e-02,2.124487651089e-01,3.150610735834e-02,-1.797529302240e-02,-6.564867438320e-05,-1.385785934065e-03,4.442505444933e-05
"                2615",1.969295579564e-01,3.326156592152e-02,-1.813615515574e-02,1.968412220775e-01,3.188045604057e-02,-1.809278352224e-02,-8.833587895629e-05,-1.381109880951e-03,4.337163350811e-05
"                2616",1.810151837887e-01,3.192008742817e-02,-1.836879342504e-02,1.809053634487e-01,3.054147207969e-02,-1.832737932031e-02,-1.098203399974e-04,-1.378615348474e-03,4.141410473162e-05
"                2617",1.661601279404e-01,3.006299312804e-02,-1.863026251221e-02,1.660373630569e-01,2.868579618722e-02,-1.859115514176e-02,-1.227648834264e-04,-1.377196940822e-03,3.910737044449e-05
"                2618",1.539626748292e-01,2.865473702755e-02,-1.878977919214e-02,1.538383009693e-01,2.727168690427e-02,-1.875292495588e-02,-1.243738598969e-04,-1.383050123282e-03,3.685423625953e-05
"                2619",1.464120561450e-01,2.757262404657e-02,-1.875955434175e-02,1.462969813669e-01,2.617645762765e-02,-1.872470098808e-02,-1.150747780774e-04,-1.396166418924e-03,3.485335366235e-05
"                2620",1.441458787142e-01,2.711573028515e-02,-1.852133372462e-02,1.440488719951e-01,2.570334228029e-02,-1.848798438580e-02,-9.700671917448e-05,-1.412388004860e-03,3.334933881578e-05
"                2621",1.464719567868e-01,2.780490763147e-02,-1.817624948671e-02,1.464044753282e-01,2.637774028941e-02,-1.814430228734e-02,-6.748145860954e-05,-1.427167342056e-03,3.194719937160e-05
"                2622",1.519499367667e-01,2.817040078105e-02,-1.788744317775e-02,1.519164364808e-01,2.673296551525e-02,-1.785720608083e-02,-3.350028591113e-05,-1.437435265800e-03,3.023709692169e-05
"                2623",1.594735668862e-01,2.837918375695e-02,-1.777121455843e-02,1.594764130070e-01,2.693971282874e-02,-1.774379702943e-02,2.846120800270e-06,-1.439470928202e-03,2.741752900623e-05
"                2624",1.691454770624e-01,2.780549639284e-02,-1.797682847687e-02,1.691769752952e-01,2.637321218047e-02,-1.795323109330e-02,3.149823273027e-05,-1.432284212368e-03,2.359738356957e-05
"                2625",1.803179305879e-01,2.887518763180e-02,-1.861080482756e-02,1.803671708270e-01,2.745866687919e-02,-1.859181671266e-02,4.924023905700e-05,-1.416520752615e-03,1.898811490391e-05
"                2626",1.916134134581e-01,3.148964304715e-02,-1.968422345979e-02,1.916687660967e-01,3.008817052760e-02,-1.967028928324e-02,5.535263856641e-05,-1.401472519548e-03,1.393417654416e-05
"                2627",2.018648242569e-01,3.428660408033e-02,-2.105633743900e-02,2.019170659669e-01,3.289659741914e-02,-2.104768204378e-02,5.224170997541e-05,-1.390006661187e-03,8.655395221261e-06
"                2628",2.109668911065e-01,3.567159974408e-02,-2.248178021987e-02,2.110110335943e-01,3.429002473512e-02,-2.247820582892e-02,4.414248777241e-05,-1.381575008957e-03,3.574390949608e-06
"                2629",2.189735896258e-01,3.516292072237e-02,-2.374031928900e-02,2.190142301356e-01,3.378625435892e-02,-2.374111654728e-02,4.064050974539e-05,-1.376666363459e-03,-7.972582784937e-07
"                2630",2.258471306124e-01,3.337125340614e-02,-2.463471327557e-02,2.258900345972e-01,3.199751251624e-02,-2.463814166026e-02,4.290398476801e-05,-1.373740889907e-03,-3.428384681334e-06
"                2631",2.325036930964e-01,3.163922719628e-02,-2.500882790400e-02,2.325527852638e-01,3.026637225464e-02,-2.501260694050e-02,4.909216738408e-05,-1.372854941638e-03,-3.779036504629e-06
"                2632",2.395085903155e-01,2.971878753317e-02,-2.480712949658e-02,2.395641085466e-01,2.833994579287e-02,-2.480875424957e-02,5.551823100586e-05,-1.378841740299e-03,-1.624752991966e-06
"                2633",2.466718683346e-01,2.827831314303e-02,-2.412213690434e-02,2.467348274096e-01,2.688605453445e-02,-2.411942648636e-02,6.295907495446e-05,-1.392258608585e-03,2.710417973199e-06
"                2634",2.527464335966e-01,2.734715535444e-02,-2.316275845158e-02,2.528166471222e-01,2.593820244498e-02,-2.315417322866e-02,7.021352560498e-05,-1.408952909464e-03,8.585222919941e-06
"                2635",2.571508938653e-01,2.713175102054e-02,-2.210542207689e-02,2.572204910784e-01,2.570807514808e-02,-2.209000770866e-02,6.959721311864e-05,-1.423675872464e-03,1.541436823701e-05
"                2636",2.598461120040e-01,2.671060020215e-02,-2.110364120924e-02,2.599035720524e-01,2.527699995427e-02,-2.108131801706e-02,5.746004832730e-05,-1.433600247880e-03,2.232319217650e-05
"                2637",2.602098411544e-01,2.711682011181e-02,-2.034814903907e-02,2.602411400028e-01,2.568158451030e-02,-2.031951971931e-02,3.129884836486e-05,-1.435235601519e-03,2.862931975671e-05
"                2638",2.559372376261e-01,2.726120929877e-02,-1.991124598265e-02,2.559373471182e-01,2.583418178759e-02,-1.987771644310e-02,1.094921122699e-07,-1.427027511186e-03,3.352953955629e-05
"                2639",2.455829829718e-01,2.834725045733e-02,-1.976439090960e-02,2.455502109375e-01,2.693656479179e-02,-1.972778805233e-02,-3.277203423393e-05,-1.410685665544e-03,3.660285726708e-05
"                2640",2.310106174341e-01,3.042404161237e-02,-1.976641000816e-02,2.309475286782e-01,2.902653546178e-02,-1.972862936539e-02,-6.308875590541e-05,-1.397506150599e-03,3.778064276952e-05
"                2641",2.141970848537e-01,3.220661871494e-02,-1.977107888341e-02,2.141090562551e-01,3.081689058830e-02,-1.973338107271e-02,-8.802859858878e-05,-1.389728126637e-03,3.769781069881e-05
"                2642",1.969642936203e-01,3.272933901347e-02,-1.970599072301e-02,1.968585056315e-01,3.134345305044e-02,-1.966863057553e-02,-1.057879888284e-04,-1.385885963039e-03,3.736014748517e-05
"                2643",1.810187148208e-01,3.187464716654e-02,-1.949014572038e-02,1.809016669845e-01,3.049054712208e-02,-1.945260603854e-02,-1.170478362735e-04,-1.384100044456e-03,3.753968183996e-05
"                2644",1.675569957260e-01,3.039817905170e-02,-1.906177680737e-02,1.674365835969e-01,2.901624459365e-02,-1.902359178806e-02,-1.204121290475e-04,-1.381934458050e-03,3.818501931305e-05
"                2645",1.577949417699e-01,2.925442504078e-02,-1.842268776944e-02,1.576818058142e-01,2.787254914544e-02,-1.838373010406e-02,-1.131359557696e-04,-1.381875895341e-03,3.895766537995e-05
"                2646",1.521940880536e-01,2.804929838879e-02,-1.769259933405e-02,1.520980758709e-01,2.666007602439e-02,-1.765289761452e-02,-9.601218262330e-05,-1.389222364407e-03,3.970171953670e-05
"                2647",1.509499822006e-01,2.694976410332e-02,-1.706883078863e-02,1.508743423008e-01,2.554649283452e-02,-1.702869085136e-02,-7.563989980601e-05,-1.403271268808e-03,4.013993727190e-05
"                2648",1.537421885679e-01,2.651070765741e-02,-1.668002254426e-02,1.536872236458e-01,2.509197323095e-02,-1.664041624718e-02,-5.496492203820e-05,-1.418734426461e-03,3.960629708260e-05
"                2649",1.591317958788e-01,2.708214598212e-02,-1.663903007286e-02,1.590977393354e-01,2.565010668962e-02,-1.660188335351e-02,-3.405654339198e-05,-1.432039292504e-03,3.714671934908e-05
"                2650",1.648332210406e-01,2.801792769088e-02,-1.702479863763e-02,1.648186075873e-01,2.657899727443e-02,-1.699209085050e-02,-1.461345328046e-05,-1.438930416442e-03,3.270778713038e-05
"                2651",1.687749942910e-01,2.930556303340e-02,-1.784569950235e-02,1.687794195902e-01,2.786851617316e-02,-1.781929453721e-02,4.425299231136e-06,-1.437046860239e-03,2.640496513756e-05
"                2652",1.727661436164e-01,2.965229334670e-02,-1.903913338833e-02,1.727809601019e-01,2.822672901250e-02,-1.901984793201e-02,1.481648553916e-05,-1.425564334203e-03,1.928545631637e-05
"                2653",1.790581076657e-01,3.049825357024e-02,-2.045746965414e-02,1.790781441559e-01,2.908924953699e-02,-2.044565330964e-02,2.003649025397e-05,-1.409004033255e-03,1.181634449852e-05
"                2654",1.865878312770e-01,3.221232358195e-02,-2.188405686359e-02,1.866084345412e-01,3.081596553897e-02,-2.187872399240e-02,2.060326417167e-05,-1.396358042975e-03,5.332871183894e-06
"                2655",1.948816451173e-01,3.396293960411e-02,-2.313921862185e-02,1.949045330032e-01,3.257472912456e-02,-2.313868554825e-02,2.288788583084e-05,-1.388210479550e-03,5.330735999238e-07
"                2656",2.036414693799e-01,3.450961257740e-02,-2.400806905619e-02,2.036722097901e-01,3.312702829808e-02,-2.401035905333e-02,3.074041013533e-05,-1.382584279327e-03,-2.289997142968e-06
"                2657",2.141081113301e-01,3.374021779700e-02,-2.437514258105e-02,2.141533575307e-01,3.236196762296e-02,-2.437838291059e-02,4.524620056961e-05,-1.378250174046e-03,-3.240329535174e-06
"                2658",2.262448021345e-01,3.220692337352e-02,-2.419882567132e-02,2.263086817734e-01,3.083239250581e-02,-2.420088205387e-02,6.387963888049e-05,-1.374530867707e-03,-2.056382551441e-06
"                2659",2.389166010412e-01,3.068117327899e-02,-2.365631314262e-02,2.389974253965e-01,2.930713726217e-02,-2.365497552655e-02,8.082435533419e-05,-1.374036016813e-03,1.337616068484e-06
"                2660",2.506464930241e-01,2.893465834377e-02,-2.293358981980e-02,2.507384251045e-01,2.755342689371e-02,-2.292743219886e-02,9.193208049293e-05,-1.381231450059e-03,6.157620936660e-06
"                2661",2.598289343473e-01,2.751956851507e-02,-2.216773579910e-02,2.599244439130e-01,2.612438609598e-02,-2.215650842477e-02,9.550956572607e-05,-1.395182419090e-03,1.122737433222e-05
"                2662",2.648765171753e-01,2.701371943827e-02,-2.153713394860e-02,2.649646583122e-01,2.560268236416e-02,-2.152129777356e-02,8.814113685103e-05,-1.411037074117e-03,1.583617503898e-05
"                2663",2.656842417000e-01,2.740910246712e-02,-2.118281578776e-02,2.657508573384e-01,2.598454375264e-02,-2.116276550803e-02,6.661563833760e-05,-1.424558714474e-03,2.005027972789e-05
"                2664",2.630223627921e-01,2.796261736814e-02,-2.117174905043e-02,2.630553061991e-01,2.653126773343e-02,-2.114806618574e-02,3.294340700790e-05,-1.431349634708e-03,2.368286469712e-05
"                2665",2.570332568540e-01,2.871670336420e-02,-2.137835021564e-02,2.570246182590e-01,2.728624827959e-02,-2.135184601341e-02,-8.638595039282e-06,-1.430455084614e-03,2.650420223539e-05
"                2666",2.463974946871e-01,2.839175804843e-02,-2.154944815988e-02,2.463515941304e-01,2.697141337454e-02,-2.152110131247e-02,-4.590055672010e-05,-1.420344673887e-03,2.834684741098e-05
"                2667",2.316262869869e-01,2.854844216574e-02,-2.153316104904e-02,2.315491863657e-01,2.714230313424e-02,-2.150305075305e-02,-7.710062127416e-05,-1.406139031494e-03,3.011029599280e-05
"                2668",2.153971490833e-01,3.000971261842e-02,-2.123903814441e-02,2.153032776755e-01,2.861375381748e-02,-2.120707152528e-02,-9.387140773325e-05,-1.395958800939e-03,3.196661912396e-05
"                2669",1.997860728744e-01,3.202613572262e-02,-2.058484710607e-02,1.996870214725e-01,3.063658993291e-02,-2.055064062089e-02,-9.905140191364e-05,-1.389545789705e-03,3.420648517172e-05
"                2670",1.869442004245e-01,3.245727431062e-02,-1.959937241254e-02,1.868460476849e-01,3.107136222126e-02,-1.956220597072e-02,-9.815273959846e-05,-1.385912089355e-03,3.716644182074e-05
"                2671",1.772335996156e-01,3.151176232608e-02,-1.842793708163e-02,1.771402341763e-01,3.012871570043e-02,-1.838724478569e-02,-9.336543932703e-05,-1.383046625648e-03,4.069229594860e-05
"                2672",1.698197407557e-01,2.974321638973e-02,-1.729690052136e-02,1.697345436158e-01,2.836357135355e-02,-1.725276844969e-02,-8.519713988647e-05,-1.379645036180e-03,4.413207167762e-05
"                2673",1.646657247329e-01,2.850705776867e-02,-1.638562246890e-02,1.645920277352e-01,2.712636839737e-02,-1.633940304088e-02,-7.369699764172e-05,-1.380689371304e-03,4.621942802317e-05
"                2674",1.621090758669e-01,2.765047039883e-02,-1.585429437131e-02,1.620438651835e-01,2.626019372741e-02,-1.580790204883e-02,-6.521068345981e-05,-1.390276671420e-03,4.639232247334e-05
"                2675",1.613053592891e-01,2.761733720216e-02,-1.583965353489e-02,1.612454146219e-01,2.621255995522e-02,-1.579525512838e-02,-5.994466719039e-05,-1.404777246938e-03,4.439840650871e-05
"                2676",1.618658286605e-01,2.812588566812e-02,-1.640651413559e-02,1.618089553909e-01,2.670633999194e-02,-1.636620277194e-02,-5.687326959934e-05,-1.419545676182e-03,4.031136365187e-05
"                2677",1.616815748359e-01,2.873673155309e-02,-1.741991054488e-02,1.616315029053e-01,2.730483506604e-02,-1.738604405905e-02,-5.007193062793e-05,-1.431896487050e-03,3.386648582647e-05
"                2678",1.607081532828e-01,2.925698657242e-02,-1.864889831862e-02,1.606681124146e-01,2.781963438202e-02,-1.862316826615e-02,-4.004086820080e-05,-1.437352190406e-03,2.573005246860e-05
"                2679",1.603712279028e-01,2.935323659080e-02,-1.993227808257e-02,1.603450557763e-01,2.791861492289e-02,-1.991506510234e-02,-2.617212654736e-05,-1.434621667906e-03,1.721298022634e-05
"                2680",1.632501629687e-01,2.891648020857e-02,-2.117414442976e-02,1.632375637190e-01,2.749393383561e-02,-2.116417166752e-02,-1.259924976349e-05,-1.422546372950e-03,9.972762235032e-06
"                2681",1.702864103790e-01,2.981092262623e-02,-2.218382542550e-02,1.702915509908e-01,2.840244810917e-02,-2.217928616486e-02,5.140611720872e-06,-1.408474517058e-03,4.539260643377e-06
"                2682",1.808958195076e-01,3.198842845766e-02,-2.281665061341e-02,1.809181440512e-01,3.059155440239e-02,-2.281523193789e-02,2.232454359017e-05,-1.396874055272e-03,1.418675526543e-06
"                2683",1.947319609826e-01,3.432860961222e-02,-2.303175588299e-02,1.947719750429e-01,3.294113250335e-02,-2.303114773824e-02,4.001406028053e-05,-1.387477108877e-03,6.081447516509e-07
"                2684",2.100265553681e-01,3.472225023948e-02,-2.291038970846e-02,2.100890428311e-01,3.334217489209e-02,-2.290886943210e-02,6.248746298761e-05,-1.380075347383e-03,1.520276359794e-06
"                2685",2.257631515427e-01,3.360093030670e-02,-2.260618836609e-02,2.258477121225e-01,3.222636351456e-02,-2.260257141785e-02,8.456057988894e-05,-1.374566792141e-03,3.616948239102e-06
"                2686",2.406028902085e-01,3.184109310860e-02,-2.223341987581e-02,2.407026973358e-01,3.047015780444e-02,-2.222725644554e-02,9.980712729812e-05,-1.370935304157e-03,6.163430270024e-06
"                2687",2.532298208070e-01,3.033905292020e-02,-2.194998669953e-02,2.533332000068e-01,2.896616275231e-02,-2.194122629951e-02,1.033791997975e-04,-1.372890167897e-03,8.760400022057e-06
"                2688",2.619197878406e-01,2.906934637295e-02,-2.188703664698e-02,2.620162206608e-01,2.768602107359e-02,-2.187604890914e-02,9.643282016542e-05,-1.383325299356e-03,1.098773784346e-05
"                2689",2.653134139670e-01,2.816203816081e-02,-2.209082216337e-02,2.653946674388e-01,2.676299450726e-02,-2.207826170394e-02,8.125347179652e-05,-1.399043653551e-03,1.256045942757e-05
"                2690",2.638225669896e-01,2.800346174317e-02,-2.247796911957e-02,2.638782496791e-01,2.658758572803e-02,-2.246431491367e-02,5.568268946562e-05,-1.415876015143e-03,1.365420590015e-05
"                2691",2.592377981709e-01,2.774980944209e-02,-2.287264535896e-02,2.592600735409e-01,2.632022685732e-02,-2.285769217344e-02,2.227537000404e-05,-1.429582584767e-03,1.495318551944e-05
"                2692",2.520511135853e-01,2.745063291160e-02,-2.312612924854e-02,2.520386121225e-01,2.601436084410e-02,-2.310902276629e-02,-1.250146284985e-05,-1.436272067496e-03,1.710648225250e-05
"                2693",2.426490008693e-01,2.708038303912e-02,-2.307777475839e-02,2.426053422198e-01,2.564661530020e-02,-2.305725490539e-02,-4.365864949748e-05,-1.433767738924e-03,2.051985299217e-05
"                2694",2.316094361000e-01,2.706414629607e-02,-2.257858168308e-02,2.315457568909e-01,2.564286691469e-02,-2.255379372894e-02,-6.367920918793e-05,-1.421279381388e-03,2.478795413984e-05
"                2695",2.201137619039e-01,2.836899854340e-02,-2.158233720862e-02,2.200395261169e-01,2.696234391896e-02,-2.155248112227e-02,-7.423578702226e-05,-1.406654624435e-03,2.985608634842e-05
"                2696",2.097789691317e-01,3.065475715568e-02,-2.021065161635e-02,2.097058380785e-01,2.925914706064e-02,-2.017535470308e-02,-7.313105319112e-05,-1.395610095040e-03,3.529691327174e-05
"                2697",2.004170974590e-01,3.243060211006e-02,-1.870606820740e-02,2.003520877845e-01,3.104280113864e-02,-1.866534546130e-02,-6.500967450716e-05,-1.387800971418e-03,4.072274609833e-05
"                2698",1.922529971588e-01,3.228362903000e-02,-1.731516134727e-02,1.921927001165e-01,3.090072185750e-02,-1.726951741812e-02,-6.029704226723e-05,-1.382907172506e-03,4.564392915402e-05
"                2699",1.848402247212e-01,3.115158426204e-02,-1.624401532062e-02,1.847794616789e-01,2.977128918091e-02,-1.619511720276e-02,-6.076304226540e-05,-1.380295081132e-03,4.889811786505e-05
"                2700",1.780426029855e-01,2.972921104049e-02,-1.569562292104e-02,1.779750160819e-01,2.835120906795e-02,-1.564563444436e-02,-6.758690365454e-05,-1.378001972540e-03,4.998847667245e-05
"                2701",1.710899499255e-01,2.877893711069e-02,-1.576732712757e-02,1.710159714134e-01,2.739652922239e-02,-1.571894706104e-02,-7.397851215256e-05,-1.382407888308e-03,4.838006653507e-05
"                2702",1.640599528285e-01,2.808487565919e-02,-1.640286905239e-02,1.639784745065e-01,2.669034590585e-02,-1.635854382895e-02,-8.147832194880e-05,-1.394529753333e-03,4.432522344628e-05
"                2703",1.578959918243e-01,2.768410469793e-02,-1.739539438180e-02,1.578089887174e-01,2.627343969524e-02,-1.735713280158e-02,-8.700310689707e-05,-1.410665002694e-03,3.826158021069e-05
"                2704",1.533946591739e-01,2.783316440193e-02,-1.855087918794e-02,1.533078494434e-01,2.640706807787e-02,-1.851978642706e-02,-8.680973055306e-05,-1.426096324065e-03,3.109276088284e-05
"                2705",1.504905574500e-01,2.760571362615e-02,-1.967423218731e-02,1.504149538492e-01,2.616821238019e-02,-1.965046946453e-02,-7.560360079689e-05,-1.437501245961e-03,2.376272277962e-05
"                2706",1.497073494836e-01,2.774084481456e-02,-2.054661932273e-02,1.496566756080e-01,2.630046861822e-02,-2.052960738868e-02,-5.067387558429e-05,-1.440376196340e-03,1.701193404285e-05
"                2707",1.529413401380e-01,2.785093710930e-02,-2.105442328926e-02,1.529222512688e-01,2.641757038098e-02,-2.104266041660e-02,-1.908886918298e-05,-1.433366728317e-03,1.176287266688e-05
"                2708",1.621436064654e-01,2.908580640273e-02,-2.122281346747e-02,1.621562473082e-01,2.766895620929e-02,-2.121428458201e-02,1.264084279137e-05,-1.416850193432e-03,8.528885459974e-06
"                2709",1.759370244707e-01,3.134404191722e-02,-2.117488404023e-02,1.759799357507e-01,2.994291545080e-02,-2.116758826762e-02,4.291128000255e-05,-1.401126466417e-03,7.295772605748e-06
"                2710",1.922340820643e-01,3.343698201503e-02,-2.108343486095e-02,1.923026164960e-01,3.204735367823e-02,-2.107589700514e-02,6.853443160650e-05,-1.389628336797e-03,7.537855807455e-06
"                2711",2.093384437280e-01,3.491487097067e-02,-2.105211077521e-02,2.094246757331e-01,3.353327892178e-02,-2.104385825102e-02,8.623200508614e-05,-1.381592048892e-03,8.252524186569e-06
"                2712",2.255395720454e-01,3.468293760124e-02,-2.117336647537e-02,2.256381213549e-01,3.330681095215e-02,-2.116501082958e-02,9.854930946377e-05,-1.376126649089e-03,8.355645787450e-06
"                2713",2.392789486573e-01,3.350720226162e-02,-2.151761733801e-02,2.393818696258e-01,3.213483874036e-02,-2.150976340563e-02,1.029209684852e-04,-1.372363521261e-03,7.853932373308e-06
"                2714",2.493581115891e-01,3.192314339200e-02,-2.211822270639e-02,2.494564514845e-01,3.055247702807e-02,-2.211129351924e-02,9.833989545158e-05,-1.370666363927e-03,6.929187143867e-06
"                2715",2.556330612961e-01,3.026990226371e-02,-2.289756870192e-02,2.557171658758e-01,2.889357068899e-02,-2.289166286633e-02,8.410457965128e-05,-1.376331574725e-03,5.905835588119e-06
"                2716",2.578526713749e-01,2.860193154544e-02,-2.364595184669e-02,2.579179245431e-01,2.721163694734e-02,-2.364096974993e-02,6.525316822589e-05,-1.390294598101e-03,4.982096758789e-06
"                2717",2.562930235558e-01,2.730809179310e-02,-2.419383485592e-02,2.563389383365e-01,2.590033462106e-02,-2.418897923658e-02,4.591478068804e-05,-1.407757172032e-03,4.855619335123e-06
"                2718",2.515174235407e-01,2.690280272979e-02,-2.439490844564e-02,2.515437284780e-01,2.547922824330e-02,-2.438831120748e-02,2.630493729579e-05,-1.423574486498e-03,6.597238155957e-06
"                2719",2.458778902688e-01,2.678633342558e-02,-2.412983810672e-02,2.458850619567e-01,2.535223930153e-02,-2.411928463709e-02,7.171687927381e-06,-1.434094124056e-03,1.055346963206e-05
"                2720",2.416764873688e-01,2.745403954719e-02,-2.337584086277e-02,2.416641865325e-01,2.601808257901e-02,-2.335920979781e-02,-1.230083629007e-05,-1.435956968184e-03,1.663106495670e-05
"                2721",2.378909423912e-01,2.766769892941e-02,-2.218027188874e-02,2.378651961468e-01,2.623975218785e-02,-2.215624874213e-02,-2.574624434383e-05,-1.427946741565e-03,2.402314661424e-05
"                2722",2.322739679817e-01,2.834817059654e-02,-2.071482156845e-02,2.322413991291e-01,2.693655432991e-02,-2.068291057076e-02,-3.256885257357e-05,-1.411616266635e-03,3.191099768733e-05
"                2723",2.250203364563e-01,2.979904932676e-02,-1.919355380881e-02,2.249855093814e-01,2.840064631308e-02,-1.915449375841e-02,-3.482707482582e-05,-1.398403013677e-03,3.906005039901e-05
"                2724",2.168682209417e-01,3.147161882681e-02,-1.782586198425e-02,2.168305021299e-01,3.008125443041e-02,-1.778129731829e-02,-3.771881182889e-05,-1.390364396400e-03,4.456466596100e-05
"                2725",2.078991972896e-01,3.243930838409e-02,-1.684285670310e-02,2.078541503134e-01,3.105322049734e-02,-1.679495520324e-02,-4.504697627669e-05,-1.386087886748e-03,4.790149985809e-05
"                2726",1.975395776755e-01,3.220340333902e-02,-1.638785582021e-02,1.974800455695e-01,3.081994736571e-02,-1.633869644892e-02,-5.953210592969e-05,-1.383455973306e-03,4.915937129465e-05
"                2727",1.856515591017e-01,3.103203611570e-02,-1.651972998829e-02,1.855730680762e-01,2.965050457897e-02,-1.647159667186e-02,-7.849102552077e-05,-1.381531536739e-03,4.813331643753e-05
"                2728",1.728923351712e-01,2.984797744312e-02,-1.707221592411e-02,1.727960368451e-01,2.846659765586e-02,-1.702743178127e-02,-9.629832615519e-05,-1.381379787259e-03,4.478414283947e-05
"                2729",1.606648683537e-01,2.833932366200e-02,-1.783719327684e-02,1.605563122168e-01,2.695033242159e-02,-1.779734352776e-02,-1.085561368789e-04,-1.388991240408e-03,3.984974908161e-05
"                2730",1.508869846612e-01,2.702425071848e-02,-1.866093287535e-02,1.507737699262e-01,2.562080322900e-02,-1.862639748768e-02,-1.132147349823e-04,-1.403447489485e-03,3.453538766798e-05
"                2731",1.452330738630e-01,2.640272476527e-02,-1.936135003203e-02,1.451259096199e-01,2.498336339573e-02,-1.933160594866e-02,-1.071642430980e-04,-1.419361369543e-03,2.974408336323e-05
"                2732",1.438375368819e-01,2.711392043272e-02,-1.977238938654e-02,1.437503221844e-01,2.568142552576e-02,-1.974690678945e-02,-8.721469758759e-05,-1.432494906960e-03,2.548259708600e-05
"                2733",1.462278721147e-01,2.831500344300e-02,-1.980532532448e-02,1.461719013169e-01,2.687607022361e-02,-1.978334154310e-02,-5.597079778644e-05,-1.438933219385e-03,2.198378138067e-05
"                2734",1.519370338609e-01,2.963322045204e-02,-1.956093752536e-02,1.519220421494e-01,2.819644143169e-02,-1.954164151850e-02,-1.499171146726e-05,-1.436779020352e-03,1.929600685862e-05
"                2735",1.617390713280e-01,2.921163741026e-02,-1.929165164114e-02,1.617628149824e-01,2.778617785784e-02,-1.927403424582e-02,2.374365435922e-05,-1.425459552428e-03,1.761739531925e-05
"                2736",1.758268482027e-01,2.963523958263e-02,-1.920007959611e-02,1.758824226466e-01,2.822573268958e-02,-1.918394600668e-02,5.557444392905e-05,-1.409506893046e-03,1.613358942618e-05
"                2737",1.916495494866e-01,3.156090708264e-02,-1.939259166642e-02,1.917235359132e-01,3.016413242390e-02,-1.937813867313e-02,7.398642660132e-05,-1.396774658745e-03,1.445299328620e-05
"                2738",2.071504212826e-01,3.399524898690e-02,-1.997116721938e-02,2.072313115979e-01,3.260724404366e-02,-1.995896661815e-02,8.089031531363e-05,-1.388004943237e-03,1.220060123468e-05
"                2739",2.204469795856e-01,3.501741822207e-02,-2.095191044574e-02,2.205270519047e-01,3.363553621451e-02,-2.094270302874e-02,8.007231912821e-05,-1.381882007555e-03,9.207416993758e-06
"                2740",2.307458994966e-01,3.451344398398e-02,-2.218426635257e-02,2.308218144554e-01,3.313601547559e-02,-2.217884392546e-02,7.591495880966e-05,-1.377428508389e-03,5.422427107366e-06
"                2741",2.384883590138e-01,3.271980514138e-02,-2.341174455464e-02,2.385564833022e-01,3.134610010724e-02,-2.341015228945e-02,6.812428840871e-05,-1.373705034143e-03,1.592265183202e-06
"                2742",2.438883044622e-01,3.093299350272e-02,-2.442011815118e-02,2.439460797857e-01,2.955950507314e-02,-2.442117548452e-02,5.777532356738e-05,-1.373488429579e-03,-1.057333338246e-06
"                2743",2.466390841037e-01,2.886245000509e-02,-2.505063403327e-02,2.466882393846e-01,2.748137191657e-02,-2.505234271631e-02,4.915528087467e-05,-1.381078088524e-03,-1.708683038007e-06
"                2744",2.477562049486e-01,2.764375406991e-02,-2.515522818280e-02,2.477999413781e-01,2.624858932786e-02,-2.515524387794e-02,4.373642947889e-05,-1.395164742055e-03,-1.569514628715e-08
"                2745",2.479162141120e-01,2.731205604119e-02,-2.466855584596e-02,2.479573169686e-01,2.590115143736e-02,-2.466471701866e-02,4.110285661264e-05,-1.410904603834e-03,3.838827299112e-06
"                2746",2.482546619356e-01,2.767273380987e-02,-2.367414540537e-02,2.482906268357e-01,2.624820931514e-02,-2.366403143315e-02,3.596490014565e-05,-1.424524494725e-03,1.011397221790e-05
"                2747",2.494416598352e-01,2.784422916867e-02,-2.241703720558e-02,2.494695141106e-01,2.641252605127e-02,-2.239882658919e-02,2.785427539454e-05,-1.431703117404e-03,1.821061638531e-05
"                2748",2.502117905125e-01,2.811608263486e-02,-2.109325863552e-02,2.502266479118e-01,2.668458535130e-02,-2.106632703103e-02,1.485739930374e-05,-1.431497283566e-03,2.693160448481e-05
"                2749",2.481747337987e-01,2.755860072088e-02,-1.981724102850e-02,2.481758556644e-01,2.613677602246e-02,-1.978267616027e-02,1.121865737569e-06,-1.421824698420e-03,3.456486822780e-05
"                2750",2.418168329969e-01,2.798448913017e-02,-1.875738470464e-02,2.417992371637e-01,2.657742270107e-02,-1.871696404468e-02,-1.759583321832e-05,-1.407066429096e-03,4.042065995908e-05
"                2751",2.316986801244e-01,3.012588817387e-02,-1.808076614093e-02,2.316627888899e-01,2.872993004694e-02,-1.803696244070e-02,-3.589123453848e-05,-1.395958126927e-03,4.380370022285e-05
"                2752",2.181957757204e-01,3.239649371841e-02,-1.784533151783e-02,2.181406595811e-01,3.100736064432e-02,-1.780049903853e-02,-5.511613934104e-05,-1.389133074084e-03,4.483247930134e-05
"                2753",2.029547335251e-01,3.309687759810e-02,-1.798588716623e-02,2.028775563588e-01,3.171146625702e-02,-1.794192934131e-02,-7.717716631682e-05,-1.385411341075e-03,4.395782492446e-05
"                2754",1.869946828639e-01,3.193361323248e-02,-1.830579085083e-02,1.868943424665e-01,3.055039524816e-02,-1.826388223624e-02,-1.003403974537e-04,-1.383217984316e-03,4.190861458919e-05
"                2755",1.715907098823e-01,2.993400351559e-02,-1.867585366012e-02,1.714725440927e-01,2.855350093518e-02,-1.863642299093e-02,-1.181657895091e-04,-1.380502580409e-03,3.943066919229e-05
"                2756",1.582926012985e-01,2.858360237095e-02,-1.895785756791e-02,1.581680503606e-01,2.720200339180e-02,-1.892089344717e-02,-1.245509378913e-04,-1.381598979146e-03,3.696412074226e-05
"                2757",1.488771158835e-01,2.758466648393e-02,-1.901981295071e-02,1.487581662740e-01,2.619422416633e-02,-1.898498124273e-02,-1.189496094988e-04,-1.390442317600e-03,3.483170798029e-05
"                2758",1.445590057746e-01,2.737788846096e-02,-1.880690379413e-02,1.444555678786e-01,2.597336634096e-02,-1.877359499559e-02,-1.034378959591e-04,-1.404522119998e-03,3.330879853130e-05
"                2759",1.452476358245e-01,2.802017358616e-02,-1.839317382394e-02,1.451690287933e-01,2.660095537973e-02,-1.836086437699e-02,-7.860703118285e-05,-1.419218206432e-03,3.230944695094e-05
"                2760",1.493334712752e-01,2.865608104105e-02,-1.795209242625e-02,1.492880781113e-01,2.722427531574e-02,-1.792090616676e-02,-4.539316391462e-05,-1.431805725310e-03,3.118625949342e-05
"                2761",1.561594971387e-01,2.831061763202e-02,-1.764352271721e-02,1.561498598391e-01,2.687232465329e-02,-1.761430729889e-02,-9.637299524495e-06,-1.438292978737e-03,2.921541832117e-05
"                2762",1.652084983460e-01,2.840381037164e-02,-1.762572121537e-02,1.652311608218e-01,2.696774002508e-02,-1.759976498244e-02,2.266247574393e-05,-1.436070346560e-03,2.595623293354e-05
"                2763",1.761776069464e-01,2.878225241383e-02,-1.806627078654e-02,1.762213212399e-01,2.735809026483e-02,-1.804453167556e-02,4.371429345856e-05,-1.424162148993e-03,2.173911098601e-05
"                2764",1.879239436500e-01,3.040780686974e-02,-1.902724711991e-02,1.879797215666e-01,2.899873754593e-02,-1.901067771829e-02,5.577791655858e-05,-1.409069323815e-03,1.656940162047e-05
"                2765",1.984123849262e-01,3.286877281465e-02,-2.040187006930e-02,1.984681437753e-01,3.147202564135e-02,-2.039085852873e-02,5.575884910196e-05,-1.396747173300e-03,1.101154057023e-05
"                2766",2.078891176613e-01,3.479487960307e-02,-2.195287666484e-02,2.079369657216e-01,3.340776506943e-02,-2.194745694151e-02,4.784806028574e-05,-1.387114533643e-03,5.419723326765e-06
"                2767",2.159841669493e-01,3.459793527122e-02,-2.341696273304e-02,2.160261335850e-01,3.321763670884e-02,-2.341668093800e-02,4.196663568576e-05,-1.380298562384e-03,2.817950380352e-07
"                2768",2.231990943752e-01,3.334975091723e-02,-2.456177933893e-02,2.232408480128e-01,3.197409476630e-02,-2.456516504167e-02,4.175363759888e-05,-1.375656150929e-03,-3.385702735540e-06
"                2769",2.301017256290e-01,3.187090932042e-02,-2.517982122728e-02,2.301492194538e-01,3.049854307086e-02,-2.518460629336e-02,4.749382479543e-05,-1.372366249556e-03,-4.785066075708e-06
"                2770",2.370642085804e-01,3.041005903994e-02,-2.516790531526e-02,2.371183079197e-01,2.903615587522e-02,-2.517135920869e-02,5.409933928981e-05,-1.373903164722e-03,-3.453893429405e-06
"                2771",2.442320148975e-01,2.886973472822e-02,-2.457126058570e-02,2.442939123961e-01,2.748629592612e-02,-2.457085475822e-02,6.189749858279e-05,-1.383438802100e-03,4.058274820989e-07
"                2772",2.508803739878e-01,2.791952697957e-02,-2.358332372743e-02,2.509497891236e-01,2.652104433459e-02,-2.357709451566e-02,6.941513578073e-05,-1.398482644978e-03,6.229211766247e-06
"                2773",2.558692874938e-01,2.764055139811e-02,-2.242695453560e-02,2.559422914177e-01,2.622597699855e-02,-2.241379639691e-02,7.300392396302e-05,-1.414574399565e-03,1.315813869428e-05
"                2774",2.591583862601e-01,2.724389443775e-02,-2.128493622242e-02,2.592240261306e-01,2.581550484493e-02,-2.126448793621e-02,6.563987051585e-05,-1.428389592817e-03,2.044828620636e-05
"                2775",2.605808753859e-01,2.715700460120e-02,-2.037735053646e-02,2.606252451535e-01,2.572187843240e-02,-2.035018027687e-02,4.436976757338e-05,-1.435126168800e-03,2.717025958241e-05
"                2776",2.583671834303e-01,2.730774617441e-02,-1.984261829448e-02,2.583797849280e-01,2.587510534797e-02,-1.980997640863e-02,1.260149771265e-05,-1.432640826436e-03,3.264188585397e-05
"                2777",2.500667245005e-01,2.774206762287e-02,-1.966162201557e-02,2.500472111280e-01,2.632235051094e-02,-1.962559178813e-02,-1.951337247509e-05,-1.419717111931e-03,3.603022743777e-05
"                2778",2.365822762478e-01,2.906948011704e-02,-1.973194383840e-02,2.365296320445e-01,2.766441774201e-02,-1.969432290820e-02,-5.264420335443e-05,-1.405062375033e-03,3.762093020198e-05
"                2779",2.205019579039e-01,3.098819871194e-02,-1.986546489341e-02,2.204221963021e-01,2.959368422707e-02,-1.982793073738e-02,-7.976160182850e-05,-1.394514484864e-03,3.753415603144e-05
"                2780",2.033784507335e-01,3.231468809044e-02,-1.992371698908e-02,2.032793398785e-01,3.092667870097e-02,-1.988685937561e-02,-9.911085501457e-05,-1.388009389466e-03,3.685761347392e-05
"                2781",1.869271530699e-01,3.211981873450e-02,-1.981982964097e-02,1.868145604990e-01,3.073542058496e-02,-1.978311518519e-02,-1.125925708648e-04,-1.384398149548e-03,3.671445578274e-05
"                2782",1.725437638384e-01,3.109077388514e-02,-1.946922036393e-02,1.724247348456e-01,2.970885889716e-02,-1.943190480109e-02,-1.190289927968e-04,-1.381914987978e-03,3.731556284073e-05
"                2783",1.612339240127e-01,2.980158978056e-02,-1.883048138200e-02,1.611174534322e-01,2.842272811899e-02,-1.879212019786e-02,-1.164705805108e-04,-1.378861661578e-03,3.836118414525e-05
"                2784",1.539796087206e-01,2.892906876188e-02,-1.800412112006e-02,1.538772081763e-01,2.754656343862e-02,-1.796460671437e-02,-1.024005442478e-04,-1.382505323266e-03,3.951440568674e-05
"                2785",1.507860529367e-01,2.782935958272e-02,-1.719688832164e-02,1.507039362881e-01,2.643489266869e-02,-1.715637622422e-02,-8.211664859487e-05,-1.394466914029e-03,4.051209741761e-05
"                2786",1.519729229095e-01,2.695368244434e-02,-1.660306141830e-02,1.519107436046e-01,2.554281783853e-02,-1.656226013826e-02,-6.217930495260e-05,-1.410864605816e-03,4.080128004035e-05
"                2787",1.569532854747e-01,2.708022234436e-02,-1.636151842373e-02,1.569114319346e-01,2.565350970118e-02,-1.632222411034e-02,-4.185354011802e-05,-1.426712643180e-03,3.929431339025e-05
"                2788",1.629311160131e-01,2.780069274506e-02,-1.658346713440e-02,1.629085391966e-01,2.636263152541e-02,-1.654789073849e-02,-2.257681642759e-05,-1.438061219650e-03,3.557639591528e-05
"                2789",1.675703600991e-01,2.863520953863e-02,-1.730306046510e-02,1.675684987905e-01,2.719426260856e-02,-1.727345878559e-02,-1.861308609531e-06,-1.440946930068e-03,2.960167951159e-05
"                2790",1.714509713231e-01,2.876776637993e-02,-1.848824407693e-02,1.714638655491e-01,2.733363534272e-02,-1.846595650933e-02,1.289422597572e-05,-1.434131037212e-03,2.228756760910e-05
"                2791",1.768037452105e-01,2.949071522911e-02,-1.996882187569e-02,1.768231514686e-01,2.807220009681e-02,-1.995439087879e-02,1.940625816057e-05,-1.418515132298e-03,1.443099689975e-05
"                2792",1.836154994239e-01,3.109605789897e-02,-2.151206742741e-02,1.836368393610e-01,2.969187939107e-02,-2.150497259928e-02,2.133993706751e-05,-1.404178507901e-03,7.094828132474e-06
"                2793",1.914116475767e-01,3.295899599011e-02,-2.291322053548e-02,1.914344310999e-01,3.156529545160e-02,-2.291188172939e-02,2.278352326488e-05,-1.393700538509e-03,1.338806090205e-06
"                2794",2.002298634246e-01,3.451897583453e-02,-2.394885722232e-02,2.002570922727e-01,3.313304239242e-02,-2.395100590732e-02,2.722884807538e-05,-1.385933442111e-03,-2.148684997055e-06
"                2795",2.102184323299e-01,3.445878388292e-02,-2.446331718578e-02,2.102582391741e-01,3.307905742200e-02,-2.446693770159e-02,3.980684424063e-05,-1.379726460917e-03,-3.620515806887e-06
"                2796",2.216268120488e-01,3.304653315248e-02,-2.437239967342e-02,2.216838069135e-01,3.167120642627e-02,-2.437520285762e-02,5.699486468434e-05,-1.375326726211e-03,-2.803184194660e-06
"                2797",2.341223882564e-01,3.143302856155e-02,-2.382668916200e-02,2.341973721727e-01,3.005994869017e-02,-2.382647631419e-02,7.498391626526e-05,-1.373079871382e-03,2.128478124149e-07
"                2798",2.464210482441e-01,2.990836648047e-02,-2.306091487607e-02,2.465089683679e-01,2.853036745391e-02,-2.305592749567e-02,8.792012375634e-05,-1.377999026563e-03,4.987380407776e-06
"                2799",2.567571728842e-01,2.832471079878e-02,-2.224323276439e-02,2.568503617375e-01,2.693345287215e-02,-2.223298736522e-02,9.318885334827e-05,-1.391257926629e-03,1.024539916768e-05
"                2800",2.636447998316e-01,2.706110298490e-02,-2.153857829610e-02,2.637356154692e-01,2.565295836007e-02,-2.152361504676e-02,9.081563756177e-05,-1.408144624827e-03,1.496324934174e-05
"                2801",2.662769965994e-01,2.709525370619e-02,-2.111466492438e-02,2.663517678828e-01,2.567208634698e-02,-2.109557825517e-02,7.477128336154e-05,-1.423167359211e-03,1.908666921719e-05
"                2802",2.647054534211e-01,2.731503824602e-02,-2.106440432315e-02,2.647516216682e-01,2.588153764434e-02,-2.104180997900e-02,4.616824711244e-05,-1.433500601685e-03,2.259434415552e-05
"                2803",2.597213751979e-01,2.813124916955e-02,-2.131897159030e-02,2.597274175516e-01,2.669533493305e-02,-2.129353877285e-02,6.042353771518e-06,-1.435914236500e-03,2.543281745247e-05
"                2804",2.507987329378e-01,2.792004045366e-02,-2.162563953131e-02,2.507644805982e-01,2.649104072784e-02,-2.159826720371e-02,-3.425233954685e-05,-1.428999725818e-03,2.737232760197e-05
"                2805",2.376140846749e-01,2.799402807952e-02,-2.176574610379e-02,2.375458140591e-01,2.658020541320e-02,-2.173681803455e-02,-6.827061577895e-05,-1.413822666319e-03,2.892806923943e-05
"                2806",2.219753039420e-01,2.918755234198e-02,-2.162324721949e-02,2.218849751948e-01,2.778622472449e-02,-2.159253035445e-02,-9.032874721212e-05,-1.401327617489e-03,3.071686504721e-05
"                2807",2.062286720008e-01,3.121615970462e-02,-2.108254331436e-02,2.061286344841e-01,2.982308528711e-02,-2.104950809663e-02,-1.000375167200e-04,-1.393074417505e-03,3.303521772045e-05
"                2808",1.921082552732e-01,3.254285347878e-02,-2.011849359904e-02,1.920077515826e-01,3.115508267531e-02,-2.008250205610e-02,-1.005036906346e-04,-1.387770803470e-03,3.599154293839e-05
"                2809",1.811304142834e-01,3.206526495023e-02,-1.886492107341e-02,1.810332790526e-01,3.068070873112e-02,-1.882518291631e-02,-9.713523080995e-05,-1.384556219115e-03,3.973815709819e-05
"                2810",1.726827251638e-01,3.055689961735e-02,-1.757751259686e-02,1.725932639370e-01,2.917540886774e-02,-1.753386147875e-02,-8.946122682163e-05,-1.381490749609e-03,4.365111810857e-05
"                2811",1.667379451086e-01,2.915172111818e-02,-1.648816213912e-02,1.666592924779e-01,2.777098498763e-02,-1.644160716318e-02,-7.865263075446e-05,-1.380736130550e-03,4.655497594532e-05
"                2812",1.634239142196e-01,2.792290891720e-02,-1.577294834406e-02,1.633554107664e-01,2.653483435495e-02,-1.572540055313e-02,-6.850345318120e-05,-1.388074562249e-03,4.754779092721e-05
"                2813",1.621963788563e-01,2.738111064857e-02,-1.559311979184e-02,1.621353508248e-01,2.597897837382e-02,-1.554701396911e-02,-6.102803144804e-05,-1.402132274756e-03,4.610582272922e-05
"                2814",1.623398203077e-01,2.732279333277e-02,-1.602362900021e-02,1.622832019908e-01,2.590510202282e-02,-1.598118605422e-02,-5.661831692258e-05,-1.417691309952e-03,4.244294599171e-05
"                2815",1.623571324615e-01,2.787222652091e-02,-1.699933031868e-02,1.623064844119e-01,2.644123321203e-02,-1.696294957492e-02,-5.064804957341e-05,-1.430993308881e-03,3.638074376693e-05
"                2816",1.613416042862e-01,2.855144256425e-02,-1.828227437875e-02,1.612992333303e-01,2.711282491509e-02,-1.825382944528e-02,-4.237095585822e-05,-1.438617649152e-03,2.844493346187e-05
"                2817",1.603643502252e-01,2.927769294226e-02,-1.964052961299e-02,1.603343725770e-01,2.783965017232e-02,-1.962088029669e-02,-2.997764817410e-05,-1.438042769936e-03,1.964931629575e-05
"                2818",1.617232042555e-01,2.879694153096e-02,-2.093293956739e-02,1.617065509096e-01,2.736882239429e-02,-2.092114434596e-02,-1.665334594408e-05,-1.428119136667e-03,1.179522143216e-05
"                2819",1.672989476964e-01,2.939920548004e-02,-2.201400261163e-02,1.672993558166e-01,2.798681791262e-02,-2.200829744262e-02,4.081202395780e-07,-1.412387567420e-03,5.705169011725e-06
"                2820",1.764848151006e-01,3.147813993496e-02,-2.272187520960e-02,1.765021276706e-01,3.007927702297e-02,-2.271984502063e-02,1.731256992148e-05,-1.398862911998e-03,2.030188966805e-06
"                2821",1.891786436607e-01,3.386530457330e-02,-2.298758630642e-02,1.892142038461e-01,3.247604295532e-02,-2.298691211371e-02,3.556018540256e-05,-1.389261617984e-03,6.741927069503e-07
"                2822",2.038837165171e-01,3.480043400851e-02,-2.286020270736e-02,2.039401053319e-01,3.341811408696e-02,-2.285888876364e-02,5.638881483628e-05,-1.382319921554e-03,1.313943714368e-06
"                2823",2.195471047958e-01,3.410795564076e-02,-2.253624357592e-02,2.196265684131e-01,3.273074914024e-02,-2.253300727305e-02,7.946361736238e-05,-1.377206500515e-03,3.236302863737e-06
"                2824",2.350324000359e-01,3.258633674768e-02,-2.215032959344e-02,2.351306162471e-01,3.121269331015e-02,-2.214462928829e-02,9.821621122540e-05,-1.373643437533e-03,5.700305149373e-06
"                2825",2.490293116853e-01,3.105861120419e-02,-2.183941507954e-02,2.491362041599e-01,2.968514971888e-02,-2.183125126378e-02,1.068924746282e-04,-1.373461485307e-03,8.163815761714e-06
"                2826",2.595185933288e-01,2.946547408953e-02,-2.175161401719e-02,2.596224456429e-01,2.808457746201e-02,-2.174134355962e-02,1.038523140836e-04,-1.380896627516e-03,1.027045757254e-05
"                2827",2.648629015382e-01,2.820983753988e-02,-2.196086464283e-02,2.649538145079e-01,2.681450033436e-02,-2.194904239096e-02,9.091296975587e-05,-1.395337205514e-03,1.182225186829e-05
"                2828",2.649933567477e-01,2.783132569377e-02,-2.240982408596e-02,2.650629074141e-01,2.641970348110e-02,-2.239710012390e-02,6.955066639795e-05,-1.411622212671e-03,1.272396206085e-05
"                2829",2.614244254249e-01,2.793698326533e-02,-2.290950230383e-02,2.614626219129e-01,2.651128958730e-02,-2.289583666490e-02,3.819648808436e-05,-1.425693678028e-03,1.366563893322e-05
"                2830",2.550702210461e-01,2.763102136866e-02,-2.327519336151e-02,2.550742818871e-01,2.619670862016e-02,-2.325988713724e-02,4.060840925338e-06,-1.434312748497e-03,1.530622426403e-05
"                2831",2.466453555962e-01,2.771808788917e-02,-2.336169270510e-02,2.466157040571e-01,2.628284286742e-02,-2.334334601707e-02,-2.965153915058e-05,-1.435245021754e-03,1.834668803026e-05
"                2832",2.363919634286e-01,2.723323183685e-02,-2.299170341550e-02,2.363386569582e-01,2.580711634699e-02,-2.296918717914e-02,-5.330647045827e-05,-1.426115489861e-03,2.251623636149e-05
"                2833",2.248652693569e-01,2.786954785294e-02,-2.208072727950e-02,2.247970255868e-01,2.645883180697e-02,-2.205301458060e-02,-6.824377010978e-05,-1.410716045974e-03,2.771269889466e-05
"                2834",2.140890308726e-01,2.992601224523e-02,-2.071616166640e-02,2.140190693677e-01,2.852733072488e-02,-2.068287081976e-02,-6.996150490586e-05,-1.398681520342e-03,3.329084664308e-05
"                2835",2.042189877792e-01,3.204965890080e-02,-1.913324936114e-02,2.041553802780e-01,3.065874436692e-02,-1.909418546195e-02,-6.360750115490e-05,-1.390914533871e-03,3.906389918832e-05
"                2836",1.956096717272e-01,3.250448363948e-02,-1.761790891295e-02,1.955527968554e-01,3.111771225615e-02,-1.757351005090e-02,-5.687487178096e-05,-1.386771383327e-03,4.439886205719e-05
"                2837",1.879010460326e-01,3.158137058605e-02,-1.639981368579e-02,1.878453915459e-01,3.019666639429e-02,-1.635143558753e-02,-5.565448674783e-05,-1.384704191760e-03,4.837809826101e-05
"                2838",1.809538479166e-01,2.990825241759e-02,-1.569529800608e-02,1.808922432675e-01,2.852617008796e-02,-1.564508555248e-02,-6.160464908372e-05,-1.382082329635e-03,5.021245360001e-05
"                2839",1.740843038632e-01,2.886896188329e-02,-1.562911800352e-02,1.740158535771e-01,2.748589002942e-02,-1.557984203452e-02,-6.845028604742e-05,-1.383071853875e-03,4.927596899418e-05
"                2840",1.667025189366e-01,2.807769111506e-02,-1.617000746646e-02,1.666270243669e-01,2.668593634073e-02,-1.612430594323e-02,-7.549456960461e-05,-1.391754774332e-03,4.570152322685e-05
"                2841",1.597360245698e-01,2.786071693211e-02,-1.714205582744e-02,1.596539372572e-01,2.645458110812e-02,-1.710204057793e-02,-8.208731266431e-05,-1.406135823983e-03,4.001524950375e-05
"                2842",1.547990263189e-01,2.770785605345e-02,-1.831744756142e-02,1.547126573836e-01,2.628610426969e-02,-1.828430603395e-02,-8.636893533922e-05,-1.421751783762e-03,3.314152747012e-05
"                2843",1.514320839726e-01,2.759687700216e-02,-1.947367744270e-02,1.513528471763e-01,2.616160068336e-02,-1.944789977556e-02,-7.923679635629e-05,-1.435276318806e-03,2.577766713998e-05
"                2844",1.496556162807e-01,2.756321659209e-02,-2.039915047601e-02,1.495964089886e-01,2.612161229734e-02,-2.038020384676e-02,-5.920729211360e-05,-1.441604294750e-03,1.894662925247e-05
"                2845",1.509067769595e-01,2.813899546358e-02,-2.095448672340e-02,1.508774755179e-01,2.670062436845e-02,-2.094114253085e-02,-2.930144159416e-05,-1.438371095135e-03,1.334419255748e-05
"                2846",1.578099587991e-01,2.861509957008e-02,-2.113495768459e-02,1.578115741449e-01,2.719008860095e-02,-2.112522427955e-02,1.615345736379e-06,-1.425010969127e-03,9.733405037923e-06
"                2847",1.704084285987e-01,3.017999421456e-02,-2.106391452581e-02,1.704419473825e-01,2.877157669918e-02,-2.105596487380e-02,3.351878375235e-05,-1.408417515381e-03,7.949652017444e-06
"                2848",1.860690547355e-01,3.235797861544e-02,-2.092400656464e-02,1.861297170480e-01,3.096263844824e-02,-2.091609491175e-02,6.066231251954e-05,-1.395340167209e-03,7.911652893527e-06
"                2849",2.031812459031e-01,3.428283099568e-02,-2.085832375535e-02,2.032619936977e-01,3.289665843853e-02,-2.084975272619e-02,8.074779457797e-05,-1.386172557150e-03,8.571029163751e-06
"                2850",2.198719847864e-01,3.449978364537e-02,-2.095156354381e-02,2.199671511675e-01,3.311988854254e-02,-2.094279703913e-02,9.516638107387e-05,-1.379895102827e-03,8.766504676104e-06
"                2851",2.346219506308e-01,3.372028408484e-02,-2.128815147775e-02,2.347250294944e-01,3.234495898926e-02,-2.128001743099e-02,1.030788635685e-04,-1.375325095583e-03,8.134046763859e-06
"                2852",2.463646329021e-01,3.233084774519e-02,-2.191207764870e-02,2.464672174021e-01,3.095906190623e-02,-2.190503802979e-02,1.025845000219e-04,-1.371785838962e-03,7.039618903293e-06
"                2853",2.539869366001e-01,3.092474654427e-02,-2.274917274947e-02,2.540793580258e-01,2.955116169922e-02,-2.274343494647e-02,9.242142565063e-05,-1.373584845048e-03,5.737803003223e-06
"                2854",2.576690343468e-01,2.914124591414e-02,-2.359807981011e-02,2.577437406737e-01,2.775740174273e-02,-2.359353894948e-02,7.470632691466e-05,-1.383844171410e-03,4.540860621814e-06
"                2855",2.574079359477e-01,2.755772607430e-02,-2.425294014886e-02,2.574627594182e-01,2.615794036582e-02,-2.424891727063e-02,5.482347050983e-05,-1.399785708482e-03,4.022878225717e-06
"                2856",2.531548797333e-01,2.681443311154e-02,-2.455377219360e-02,2.531906159315e-01,2.539710294401e-02,-2.454868810492e-02,3.573619819164e-05,-1.417330167525e-03,5.084088679247e-06
"                2857",2.479195739845e-01,2.669867794529e-02,-2.438667829732e-02,2.479358269690e-01,2.526811248622e-02,-2.437813266484e-02,1.625298441809e-05,-1.430565459075e-03,8.545632474075e-06
"                2858",2.434144382849e-01,2.718183919917e-02,-2.371384412084e-02,2.434116467030e-01,2.574559125864e-02,-2.369964362463e-02,-2.791581838492e-06,-1.436247940527e-03,1.420049621807e-05
"                2859",2.397202774624e-01,2.763448962153e-02,-2.257444899129e-02,2.397008324838e-01,2.620188281358e-02,-2.255288439537e-02,-1.944497854304e-05,-1.432606807949e-03,2.156459592018e-05
"                2860",2.348635752906e-01,2.790293757415e-02,-2.111973936259e-02,2.348360089094e-01,2.648350397768e-02,-2.109027270391e-02,-2.756638127485e-05,-1.419433596470e-03,2.946665867428e-05
"                2861",2.279744661871e-01,2.874829509402e-02,-1.956531092078e-02,2.279419261882e-01,2.734341410536e-02,-1.952816249318e-02,-3.253999891124e-05,-1.404880988658e-03,3.714842759129e-05
"                2862",2.201253893881e-01,3.048195058199e-02,-1.814115565163e-02,2.200907072189e-01,2.908686159002e-02,-1.809795296055e-02,-3.468216923645e-05,-1.395088991976e-03,4.320269108747e-05
"                2863",2.114592298918e-01,3.224979458174e-02,-1.706181677988e-02,2.114199620165e-01,3.086060447467e-02,-1.701479294694e-02,-3.926787523056e-05,-1.389190107069e-03,4.702383294870e-05
"                2864",2.016860329522e-01,3.275074775711e-02,-1.648991309007e-02,2.016349754080e-01,3.136529025919e-02,-1.644115585590e-02,-5.105754413726e-05,-1.385457497912e-03,4.875723417805e-05
"                2865",1.900955809692e-01,3.193751521192e-02,-1.649164291703e-02,1.900269531098e-01,3.055455788421e-02,-1.644333195555e-02,-6.862785935674e-05,-1.382957327701e-03,4.831096148113e-05
"                2866",1.773037400663e-01,3.039802330433e-02,-1.697988798549e-02,1.772154233017e-01,2.901706058955e-02,-1.693415788419e-02,-8.831676458684e-05,-1.380962714784e-03,4.573010129173e-05
"                2867",1.648321813173e-01,2.885736224138e-02,-1.771924460124e-02,1.647291348766e-01,2.747232440419e-02,-1.767799129761e-02,-1.030464406762e-04,-1.385037837193e-03,4.125330363384e-05
"                2868",1.541604627791e-01,2.744030637283e-02,-1.851398684772e-02,1.540499858497e-01,2.604296972431e-02,-1.847789878216e-02,-1.104769294326e-04,-1.397336648520e-03,3.608806556296e-05
"                2869",1.468062758962e-01,2.653009909711e-02,-1.921129617352e-02,1.466970581670e-01,2.511663140018e-02,-1.917996220177e-02,-1.092177292878e-04,-1.413467696925e-03,3.133397175800e-05
"                2870",1.436622484363e-01,2.706592399299e-02,-1.964833835928e-02,1.435673012485e-01,2.563776203497e-02,-1.962114434437e-02,-9.494718779427e-05,-1.428161958011e-03,2.719401490837e-05
"                2871",1.446081589023e-01,2.806347151114e-02,-1.972322585584e-02,1.445397236076e-01,2.662502509068e-02,-1.969954270889e-02,-6.843529469761e-05,-1.438446420455e-03,2.368314695150e-05
"                2872",1.491175724542e-01,2.907844366027e-02,-1.949380405835e-02,1.490871551381e-01,2.763797345965e-02,-1.947302262842e-02,-3.041731615019e-05,-1.440470200615e-03,2.078142992936e-05
"                2873",1.572752529278e-01,2.884856017355e-02,-1.918303003913e-02,1.572863387660e-01,2.741480913934e-02,-1.916430753254e-02,1.108583821744e-05,-1.433751034211e-03,1.872250658806e-05
"                2874",1.700231883266e-01,2.889888573885e-02,-1.902902399813e-02,1.700683748267e-01,2.748009023859e-02,-1.901185078103e-02,4.518650005135e-05,-1.418795500262e-03,1.717321709981e-05
"                2875",1.857741568074e-01,3.037892202036e-02,-1.916734390258e-02,1.858428600992e-01,2.897387960437e-02,-1.915195123059e-02,6.870329178509e-05,-1.405042415984e-03,1.539267198855e-05
"                2876",2.016385098224e-01,3.304509218191e-02,-1.968728228444e-02,2.017180051098e-01,3.164991132270e-02,-1.967420781587e-02,7.949528741320e-05,-1.395180859219e-03,1.307446857030e-05
"                2877",2.158935369262e-01,3.501631077815e-02,-2.062660835526e-02,2.159736818823e-01,3.362913674987e-02,-2.061641201266e-02,8.014495618913e-05,-1.387174028280e-03,1.019634259900e-05
"                2878",2.270268622682e-01,3.485657567924e-02,-2.186937755040e-02,2.271037538811e-01,3.347548627607e-02,-2.186288486616e-02,7.689161280864e-05,-1.381089403167e-03,6.492684242357e-06
"                2879",2.356042426344e-01,3.325523331591e-02,-2.316981035934e-02,2.356729241521e-01,3.187854495378e-02,-2.316720500140e-02,6.868151764249e-05,-1.376688362121e-03,2.605357942319e-06
"                2880",2.418771437112e-01,3.117234317583e-02,-2.427458784214e-02,2.419355051260e-01,2.979779737407e-02,-2.427510927807e-02,5.836141483834e-05,-1.374545801752e-03,-5.214359238878e-07
"                2881",2.457615192696e-01,2.926482909770e-02,-2.501066174497e-02,2.458095942901e-01,2.788543384851e-02,-2.501241936926e-02,4.807502047675e-05,-1.379395249187e-03,-1.757624294628e-06
"                2882",2.475374087576e-01,2.770424720402e-02,-2.522903363435e-02,2.475786118766e-01,2.631221749195e-02,-2.522967282361e-02,4.120311893279e-05,-1.392029712076e-03,-6.391892582771e-07
"                2883",2.478435547430e-01,2.681432087142e-02,-2.485892759143e-02,2.478819661435e-01,2.540642172761e-02,-2.485626981751e-02,3.841140048443e-05,-1.407899143808e-03,2.657773911838e-06
"                2884",2.478131319488e-01,2.697534219945e-02,-2.395167229818e-02,2.478478360182e-01,2.555289015769e-02,-2.394338767153e-02,3.470406947679e-05,-1.422452041767e-03,8.284626645390e-06
"                2885",2.490216488648e-01,2.717157109067e-02,-2.272388750961e-02,2.490495074161e-01,2.573950373665e-02,-2.270799771332e-02,2.785855125714e-05,-1.432067354023e-03,1.588979629374e-05
"                2886",2.501109203845e-01,2.753947132112e-02,-2.139744280123e-02,2.501278664983e-01,2.610471038598e-02,-2.137290839801e-02,1.694611386261e-05,-1.434760935138e-03,2.453440322476e-05
"                2887",2.493496323622e-01,2.717572962989e-02,-2.013832232304e-02,2.493512638498e-01,2.574706172168e-02,-2.010567038727e-02,1.631487623657e-06,-1.428667908213e-03,3.265193576389e-05
"                2888",2.447215275500e-01,2.760322198779e-02,-1.906295425004e-02,2.447061298102e-01,2.618926031320e-02,-1.902397560674e-02,-1.539773977584e-05,-1.413961674588e-03,3.897864330020e-05
"                2889",2.361789258191e-01,2.937567966466e-02,-1.834748827520e-02,2.361446728100e-01,2.797443352784e-02,-1.830446189529e-02,-3.425300908955e-05,-1.401246136824e-03,4.302637990717e-05
"                2890",2.239129555332e-01,3.156812015898e-02,-1.804513298236e-02,2.238595041395e-01,3.017554986970e-02,-1.800035889576e-02,-5.345139368045e-05,-1.392570289286e-03,4.477408660782e-05
"                2891",2.091191245188e-01,3.291480501184e-02,-1.811275162269e-02,2.090451134428e-01,3.152769000626e-02,-1.806831018768e-02,-7.401107591213e-05,-1.387115005585e-03,4.444143500911e-05
"                2892",1.933511119220e-01,3.240388025376e-02,-1.837025497291e-02,1.932542422148e-01,3.102018329265e-02,-1.832749759679e-02,-9.686970717548e-05,-1.383696961107e-03,4.275737612791e-05
"                2893",1.776786041009e-01,3.060105762388e-02,-1.867938714282e-02,1.775615620408e-01,2.921974361579e-02,-1.863890130574e-02,-1.170420600341e-04,-1.381314008085e-03,4.048583708699e-05
"                2894",1.632991067229e-01,2.889664754024e-02,-1.893425814676e-02,1.631707930835e-01,2.751612405505e-02,-1.889602516379e-02,-1.283136393895e-04,-1.380523485185e-03,3.823298297067e-05
"                2895",1.520171205552e-01,2.767660724356e-02,-1.899681342970e-02,1.518904622013e-01,2.628967044608e-02,-1.896061669500e-02,-1.266583539245e-04,-1.386936797485e-03,3.619673469174e-05
"                2896",1.457466125602e-01,2.708316232800e-02,-1.880377422365e-02,1.456323554250e-01,2.568336084350e-02,-1.876922790619e-02,-1.142571352503e-04,-1.399801484509e-03,3.454631746729e-05
"                2897",1.448654884666e-01,2.714018137280e-02,-1.839145097956e-02,1.447724187566e-01,2.572533086541e-02,-1.835797416126e-02,-9.306971006445e-05,-1.414850507393e-03,3.347681829994e-05
"                2898",1.480364655401e-01,2.800674986442e-02,-1.792641187034e-02,1.479752768055e-01,2.657849339679e-02,-1.789400531647e-02,-6.118873467723e-05,-1.428256467638e-03,3.240655386199e-05
"                2899",1.542269523082e-01,2.848053661542e-02,-1.758814788320e-02,1.542003813735e-01,2.704390878242e-02,-1.755740085643e-02,-2.657093467686e-05,-1.436627833001e-03,3.074702676979e-05
"                2900",1.625110211198e-01,2.886062027538e-02,-1.751432077902e-02,1.625198107858e-01,2.742345932723e-02,-1.748659130470e-02,8.789666021406e-06,-1.437160948146e-03,2.772947431978e-05
"                2901",1.725518680485e-01,2.834461723527e-02,-1.786807894716e-02,1.725868984020e-01,2.691630398947e-02,-1.784453982014e-02,3.503035350872e-05,-1.428313245800e-03,2.353912701896e-05
"                2902",1.839844765543e-01,2.941842212175e-02,-1.872446592357e-02,1.840357194104e-01,2.800570929083e-02,-1.870608979330e-02,5.124285606538e-05,-1.412712830922e-03,1.837613026239e-05
"                2903",1.949043705973e-01,3.192408164281e-02,-2.002180483665e-02,1.949597947754e-01,3.052517377348e-02,-2.000905728464e-02,5.542417814782e-05,-1.398907869330e-03,1.274755200688e-05
"                2904",2.046538801825e-01,3.416024967660e-02,-2.155395312051e-02,2.047049528609e-01,3.277126131186e-02,-2.154697104143e-02,5.107267839093e-05,-1.388988364746e-03,6.982079079147e-06
"                2905",2.131485161121e-01,3.475653822531e-02,-2.304023149378e-02,2.131927039360e-01,3.337463953745e-02,-2.303858576589e-02,4.418782390880e-05,-1.381898687858e-03,1.645727891312e-06
"                2906",2.207640610155e-01,3.386272610751e-02,-2.425403181357e-02,2.208068077710e-01,3.248523743343e-02,-2.425652558994e-02,4.274675549583e-05,-1.377488674089e-03,-2.493776367218e-06
"                2907",2.276586522530e-01,3.216307123166e-02,-2.499074632692e-02,2.277062210701e-01,3.078901288323e-02,-2.499530657495e-02,4.756881706475e-05,-1.374058348436e-03,-4.560248034422e-06
"                2908",2.345602325960e-01,3.081215392574e-02,-2.512945143977e-02,2.346148953486e-01,2.943900043791e-02,-2.513344764976e-02,5.466275265444e-05,-1.373153487823e-03,-3.996209988602e-06
"                2909",2.417512473369e-01,2.913005794277e-02,-2.467516771388e-02,2.418135849879e-01,2.775051642129e-02,-2.467605792189e-02,6.233765099817e-05,-1.379541521486e-03,-8.902080101201e-07
"                2910",2.487322733842e-01,2.800891815653e-02,-2.378328557494e-02,2.488024147462e-01,2.661565027724e-02,-2.377894881923e-02,7.014136194780e-05,-1.393267879286e-03,4.336755708423e-06
"                2911",2.543875702551e-01,2.763730576206e-02,-2.269355541852e-02,2.544644997027e-01,2.622773210117e-02,-2.268276387891e-02,7.692944751684e-05,-1.409573660895e-03,1.079153961339e-05
"                2912",2.582447966372e-01,2.758300545881e-02,-2.159955122804e-02,2.583179758214e-01,2.615853311380e-02,-2.158167876670e-02,7.317918418962e-05,-1.424472345015e-03,1.787246134478e-05
"                2913",2.605067681874e-01,2.729606524625e-02,-2.068210460938e-02,2.605641855768e-01,2.586229463978e-02,-2.065753170077e-02,5.741738933056e-05,-1.433770606471e-03,2.457290861040e-05
"                2914",2.600999070015e-01,2.766200717726e-02,-2.010268860075e-02,2.601287913897e-01,2.622744747191e-02,-2.007235614219e-02,2.888438823699e-05,-1.434559705348e-03,3.033245856235e-05
"                2915",2.543548264932e-01,2.755138109343e-02,-1.987272826907e-02,2.543523434360e-01,2.612638230663e-02,-1.983840091206e-02,-2.483057232880e-06,-1.424998786803e-03,3.432735701605e-05
"                2916",2.426837899853e-01,2.845023232114e-02,-1.990351045993e-02,2.426468957089e-01,2.704104443602e-02,-1.986687308975e-02,-3.689427640624e-05,-1.409187885125e-03,3.663737017729e-05
"                2917",2.273896890347e-01,3.036236445583e-02,-2.001082270716e-02,2.273237458584e-01,2.896535569547e-02,-1.997372780362e-02,-6.594317628629e-05,-1.397008760356e-03,3.709490354121e-05
"                2918",2.102664492663e-01,3.183181278801e-02,-2.003965333951e-02,2.101775245265e-01,3.044182568258e-02,-2.000288717173e-02,-8.892473975807e-05,-1.389987105422e-03,3.676616777316e-05
"                2919",1.931798101914e-01,3.189682382096e-02,-1.991979777850e-02,1.930746031345e-01,3.051023834610e-02,-1.988317119222e-02,-1.052070568589e-04,-1.386585474867e-03,3.662658627695e-05
"                2920",1.777181709328e-01,3.100299042164e-02,-1.956835153144e-02,1.776033083299e-01,2.961850378395e-02,-1.953109487119e-02,-1.148626029137e-04,-1.384486637692e-03,3.725666025252e-05
"                2921",1.650467772432e-01,2.975534173547e-02,-1.895258810080e-02,1.649300698017e-01,2.837405476090e-02,-1.891419072058e-02,-1.167074414735e-04,-1.381286974569e-03,3.839738021095e-05
"                2922",1.566241647347e-01,2.885425216449e-02,-1.814221058502e-02,1.565154622240e-01,2.747253157343e-02,-1.810249709332e-02,-1.087025106786e-04,-1.381720591054e-03,3.971349169878e-05
"                2923",1.522062930702e-01,2.788050820963e-02,-1.730874892330e-02,1.521147870089e-01,2.649044918578e-02,-1.726791396626e-02,-9.150606132432e-05,-1.390059023850e-03,4.083495703705e-05
"                2924",1.517879884323e-01,2.711012661425e-02,-1.666549138011e-02,1.517172643208e-01,2.570521257172e-02,-1.662418455482e-02,-7.072411155068e-05,-1.404914042522e-03,4.130682529226e-05
"                2925",1.555205671904e-01,2.693519773384e-02,-1.636716181974e-02,1.554695338981e-01,2.551401146676e-02,-1.632679389053e-02,-5.103329230581e-05,-1.421186267079e-03,4.036792920654e-05
"                2926",1.609033585931e-01,2.752574560412e-02,-1.650591393935e-02,1.608724254016e-01,2.609081180063e-02,-1.646874881725e-02,-3.093319153835e-05,-1.434933803482e-03,3.716512210802e-05
"                2927",1.657751133748e-01,2.806097966304e-02,-1.711332336701e-02,1.657643914222e-01,2.661942079991e-02,-1.708159491478e-02,-1.072195260175e-05,-1.441558863132e-03,3.172845222873e-05
"                2928",1.693527416343e-01,2.887355084145e-02,-1.816415605349e-02,1.693594182366e-01,2.743511225647e-02,-1.813950786956e-02,6.676602299222e-06,-1.438438584977e-03,2.464818392642e-05
"                2929",1.738599317940e-01,2.915396852914e-02,-1.954629897319e-02,1.738747479251e-01,2.772854766261e-02,-1.952930462401e-02,1.481613113551e-05,-1.425420866534e-03,1.699434918838e-05
"                2930",1.805587013190e-01,3.000855962093e-02,-2.104885345352e-02,1.805776721785e-01,2.859933829598e-02,-2.103943869864e-02,1.897085956853e-05,-1.409221324951e-03,9.414754879912e-06
"                2931",1.882644259908e-01,3.166486235815e-02,-2.244934548600e-02,1.882843386042e-01,3.026786385925e-02,-2.244609249797e-02,1.991261337265e-05,-1.396998498895e-03,3.252988033787e-06
"                2932",1.967410717330e-01,3.348094766864e-02,-2.355555080883e-02,1.967639084003e-01,3.209285398190e-02,-2.355633243495e-02,2.283666735638e-05,-1.388093686747e-03,-7.816261209863e-07
"                2933",2.057852119107e-01,3.390733585585e-02,-2.418065317281e-02,2.058185067157e-01,3.252598879683e-02,-2.418348069068e-02,3.329480494069e-05,-1.381347059014e-03,-2.827517871729e-06
"                2934",2.168173719003e-01,3.341181888728e-02,-2.427800074142e-02,2.168669737984e-01,3.203593720897e-02,-2.428079613230e-02,4.960189811772e-05,-1.375881678312e-03,-2.795390880997e-06
"                2935",2.293604202640e-01,3.220619910660e-02,-2.389111533269e-02,2.294296890323e-01,3.083431274162e-02,-2.389183963072e-02,6.926876829197e-05,-1.371886364977e-03,-7.242980343373e-07
"                2936",2.419522617672e-01,3.071725027350e-02,-2.323365450573e-02,2.420378474723e-01,2.934416289625e-02,-2.323035101946e-02,8.558570505905e-05,-1.373087377244e-03,3.303486272546e-06
"                2937",2.531629470087e-01,2.895030108365e-02,-2.249864035755e-02,2.532582265427e-01,2.756733852832e-02,-2.249044624161e-02,9.527953398087e-05,-1.382962555330e-03,8.194115933991e-06
"                2938",2.615150923146e-01,2.753398895607e-02,-2.182354032929e-02,2.616119244739e-01,2.613530144623e-02,-2.181065646375e-02,9.683215927706e-05,-1.398687509841e-03,1.288386553889e-05
"                2939",2.656045205097e-01,2.719508304979e-02,-2.137096208257e-02,2.656911781475e-01,2.577972862427e-02,-2.135404578846e-02,8.665763788591e-05,-1.415354425521e-03,1.691629410915e-05
"                2940",2.654424604876e-01,2.735769160928e-02,-2.123837984722e-02,2.655058413883e-01,2.592876760131e-02,-2.121783282775e-02,6.338090073069e-05,-1.428924007965e-03,2.054701947328e-05
"                2941",2.617924980106e-01,2.770181931552e-02,-2.142401476532e-02,2.618197436612e-01,2.626684410643e-02,-2.140044295256e-02,2.724565063453e-05,-1.434975209083e-03,2.357181276260e-05
"                2942",2.547018497180e-01,2.790718806205e-02,-2.171499548353e-02,2.546867493288e-01,2.647486006640e-02,-2.168903163246e-02,-1.510038925407e-05,-1.432327995645e-03,2.596385106773e-05
"                2943",2.431028387550e-01,2.774215792818e-02,-2.186960070504e-02,2.430518334398e-01,2.632202907745e-02,-2.184191895394e-02,-5.100531518950e-05,-1.420128850729e-03,2.768175109953e-05
"                2944",2.278848854818e-01,2.823403557404e-02,-2.174129527777e-02,2.278058432796e-01,2.682811741376e-02,-2.171159870696e-02,-7.904220216332e-05,-1.405918160286e-03,2.969657081050e-05
"                2945",2.118496033817e-01,2.990654431404e-02,-2.124374295353e-02,2.117571621946e-01,2.851068231185e-02,-2.121171681863e-02,-9.244118709190e-05,-1.395862002196e-03,3.202613490385e-05
"                2946",1.968204325454e-01,3.211009986163e-02,-2.034963859886e-02,1.967256786414e-01,3.072117651074e-02,-2.031477515658e-02,-9.475390396645e-05,-1.388923350886e-03,3.486344228031e-05
"                2947",1.846317387982e-01,3.266431648604e-02,-1.915540211944e-02,1.845391599922e-01,3.127975017742e-02,-1.911694945332e-02,-9.257880590804e-05,-1.384566308617e-03,3.845266612287e-05
"                2948",1.754571471723e-01,3.182413233559e-02,-1.788222750001e-02,1.753704795075e-01,3.044260752102e-02,-1.783987275674e-02,-8.666766473775e-05,-1.381524814565e-03,4.235474327427e-05
"                2949",1.686037553020e-01,3.008432644141e-02,-1.677778475144e-02,1.685257940533e-01,2.870517756563e-02,-1.673215317455e-02,-7.796124863771e-05,-1.379148875780e-03,4.563157688863e-05
"                2950",1.641247453462e-01,2.887375981598e-02,-1.600961137793e-02,1.640564693286e-01,2.749039743660e-02,-1.596243617267e-02,-6.827601758323e-05,-1.383362379382e-03,4.717520526331e-05
"                2951",1.620719652648e-01,2.787643085990e-02,-1.571680074655e-02,1.620107424927e-01,2.648077665635e-02,-1.567037922706e-02,-6.122277215691e-05,-1.395654203551e-03,4.642151948379e-05
"                2952",1.617853415963e-01,2.730730924116e-02,-1.598508551084e-02,1.617281595208e-01,2.589563792586e-02,-1.594163963432e-02,-5.718207553092e-05,-1.411671315294e-03,4.344587652624e-05
"                2953",1.619204665025e-01,2.773536285174e-02,-1.679681329848e-02,1.618669077721e-01,2.630890363316e-02,-1.675855358878e-02,-5.355873036728e-05,-1.426459218575e-03,3.825970970889e-05
"                2954",1.611615849481e-01,2.830119641970e-02,-1.795774742224e-02,1.611145779744e-01,2.686348766379e-02,-1.792665939169e-02,-4.700697364247e-05,-1.437708755912e-03,3.108803055229e-05
"                2955",1.601791876722e-01,2.863081986444e-02,-1.923476009354e-02,1.601426944402e-01,2.718988904344e-02,-1.921209128432e-02,-3.649323193633e-05,-1.440930821002e-03,2.266880922681e-05
"                2956",1.605253475342e-01,2.816492084529e-02,-2.046063625466e-02,1.605028550097e-01,2.672967278239e-02,-2.044608477414e-02,-2.249252450106e-05,-1.435248062897e-03,1.455148051116e-05
"                2957",1.644373540429e-01,2.828865152300e-02,-2.154333109373e-02,1.644298377499e-01,2.686809151949e-02,-2.153528041170e-02,-7.516292985235e-06,-1.420560003503e-03,8.050682035417e-06
"                2958",1.722041294538e-01,3.005343839667e-02,-2.231758688293e-02,1.722142777989e-01,2.864746814233e-02,-2.231393136396e-02,1.014834515540e-05,-1.405970254348e-03,3.655518976083e-06
"                2959",1.836052854726e-01,3.282663832763e-02,-2.271037234345e-02,1.836334486969e-01,3.143234202440e-02,-2.270889707051e-02,2.816322427100e-05,-1.394296303234e-03,1.475272939907e-06
"                2960",1.977342726574e-01,3.493241542099e-02,-2.272886528713e-02,1.977811772163e-01,3.354710429765e-02,-2.272743680622e-02,4.690455884149e-05,-1.385311123342e-03,1.428480915889e-06
"                2961",2.131911123974e-01,3.488646604982e-02,-2.254385679119e-02,2.132606907421e-01,3.350786087160e-02,-2.254110930406e-02,6.957834470648e-05,-1.378605178219e-03,2.747487129079e-06
"                2962",2.289271394219e-01,3.352110429546e-02,-2.228157197471e-02,2.290168210785e-01,3.214668066331e-02,-2.227671301551e-02,8.968165656475e-05,-1.374423632154e-03,4.858959193043e-06
"                2963",2.436536925811e-01,3.169307925164e-02,-2.203505182790e-02,2.437564787139e-01,3.032084191068e-02,-2.202800532070e-02,1.027861328338e-04,-1.372237340963e-03,7.046507193180e-06
"                2964",2.555673426239e-01,2.996785859203e-02,-2.193887291967e-02,2.556705359626e-01,2.859093477722e-02,-2.192976553502e-02,1.031933386913e-04,-1.376923814808e-03,9.107384644184e-06
"                2965",2.629740970232e-01,2.848041588002e-02,-2.207488056036e-02,2.630676747635e-01,2.709106482452e-02,-2.206411582144e-02,9.357774031600e-05,-1.389351055498e-03,1.076473892114e-05
"                2966",2.650910152746e-01,2.745091380942e-02,-2.243250471182e-02,2.651671186252e-01,2.604530503680e-02,-2.242063807894e-02,7.610335065506e-05,-1.405608772617e-03,1.186663287303e-05
"                2967",2.626396643950e-01,2.733557862527e-02,-2.286955919000e-02,2.626875585835e-01,2.591454483910e-02,-2.285669559480e-02,4.789418844216e-05,-1.421033786172e-03,1.286359520627e-05
"                2968",2.572642345356e-01,2.699238439499e-02,-2.320195125738e-02,2.572781445462e-01,2.556031103571e-02,-2.318747652365e-02,1.391001069028e-05,-1.432073359276e-03,1.447473372645e-05
"                2969",2.496887185633e-01,2.695954340571e-02,-2.330190190247e-02,2.496675599296e-01,2.552387378246e-02,-2.328456936413e-02,-2.115863368058e-05,-1.435669623258e-03,1.733253834075e-05
"                2970",2.403045431077e-01,2.672193401384e-02,-2.302459779164e-02,2.402543384266e-01,2.529213481054e-02,-2.300307527234e-02,-5.020468109427e-05,-1.429799203303e-03,2.152251929705e-05
"                2971",2.292420922494e-01,2.737434891825e-02,-2.226682726456e-02,2.291738723980e-01,2.595959699023e-02,-2.224032239643e-02,-6.821985140453e-05,-1.414751928026e-03,2.650486812516e-05
"                2972",2.179129131412e-01,2.929835887491e-02,-2.106505097159e-02,2.178376919687e-01,2.789763809412e-02,-2.103300708035e-02,-7.522117254809e-05,-1.400720780795e-03,3.204389123373e-05
"                2973",2.076900760661e-01,3.167513328480e-02,-1.960034631857e-02,2.076176046871e-01,3.028389720498e-02,-1.956264784155e-02,-7.247137902848e-05,-1.391236079820e-03,3.769847701695e-05
"                2974",1.985714569639e-01,3.300199547281e-02,-1.814010676382e-02,1.985063455274e-01,3.161659773429e-02,-1.809711854503e-02,-6.511143641686e-05,-1.385397738514e-03,4.298821879332e-05
"                2975",1.906273680457e-01,3.244073837893e-02,-1.690472988490e-02,1.905651806252e-01,3.105802314633e-02,-1.685746308654e-02,-6.218742046831e-05,-1.382715232593e-03,4.726679836033e-05
"                2976",1.834622248883e-01,3.091710477095e-02,-1.607560901903e-02,1.833976876025e-01,2.953598241225e-02,-1.602602659086e-02,-6.453728586515e-05,-1.381122358700e-03,4.958242817054e-05
"                2977",1.768497263270e-01,2.945541944419e-02,-1.580386010582e-02,1.767779827426e-01,2.807497645400e-02,-1.575430778404e-02,-7.174358433903e-05,-1.380442990185e-03,4.955232177903e-05
"                2978",1.697596368754e-01,2.816045609608e-02,-1.611599662355e-02,1.696810581843e-01,2.677364047689e-02,-1.606902022267e-02,-7.857869109460e-05,-1.386815619193e-03,4.697640088104e-05
"                2979",1.625944037368e-01,2.752178819681e-02,-1.688826100657e-02,1.625088555992e-01,2.612195888177e-02,-1.684605574632e-02,-8.554813756553e-05,-1.399829315046e-03,4.220526025188e-05
"                2980",1.567687476309e-01,2.715142834700e-02,-1.789840096558e-02,1.566780217816e-01,2.573594472175e-02,-1.786241182028e-02,-9.072584930882e-05,-1.415483625254e-03,3.598914530274e-05
"                2981",1.526917723390e-01,2.736715571098e-02,-1.896257294007e-02,1.526037710733e-01,2.593772860620e-02,-1.893353396851e-02,-8.800126568015e-05,-1.429427104783e-03,2.903897155714e-05
"                2982",1.501493870022e-01,2.736004546077e-02,-1.991272587757e-02,1.500747218765e-01,2.592181643316e-02,-1.989041181340e-02,-7.466512563622e-05,-1.438229027603e-03,2.231406416777e-05
"                2983",1.500127403685e-01,2.821499032353e-02,-2.057239595504e-02,1.499655721528e-01,2.677686864592e-02,-2.055608958645e-02,-4.716821576236e-05,-1.438121677604e-03,1.630636859231e-05
"                2984",1.546394558646e-01,2.851364737099e-02,-2.088887369393e-02,1.546238198643e-01,2.708549150012e-02,-2.087700273621e-02,-1.563600034636e-05,-1.428155870873e-03,1.187095771868e-05
"                2985",1.653502939798e-01,2.987612152106e-02,-2.094676706572e-02,1.653671688201e-01,2.846501266084e-02,-2.093760527282e-02,1.687484028676e-05,-1.411108860225e-03,9.161792891309e-06
"                2986",1.799035327922e-01,3.216493907125e-02,-2.090130436541e-02,1.799500720151e-01,3.076804380833e-02,-2.089307127151e-02,4.653922288988e-05,-1.396895262924e-03,8.233093908223e-06
"                2987",1.965285318250e-01,3.398162057380e-02,-2.090196981377e-02,1.965993166724e-01,3.259413605838e-02,-2.089366679103e-02,7.078484739646e-05,-1.387484515424e-03,8.303022737593e-06
"                2988",2.134734523853e-01,3.489725112160e-02,-2.101575284802e-02,2.135608398654e-01,3.351592347580e-02,-2.100728060071e-02,8.738748017344e-05,-1.381327645798e-03,8.472247300979e-06
"                2989",2.291812927269e-01,3.419310492438e-02,-2.132776439211e-02,2.292796658136e-01,3.281588526376e-02,-2.131985270571e-02,9.837308667458e-05,-1.377219660626e-03,7.911686405101e-06
"                2990",2.420672662428e-01,3.269796591157e-02,-2.185035817900e-02,2.421688962758e-01,3.132415437775e-02,-2.184349881204e-02,1.016300329832e-04,-1.373811533813e-03,6.859366959474e-06
"                2991",2.511700479473e-01,3.107992780312e-02,-2.256431603324e-02,2.512644603692e-01,2.970724787411e-02,-2.255862176197e-02,9.441242196504e-05,-1.372679929011e-03,5.694271269650e-06
"                2992",2.563225537815e-01,2.925924869656e-02,-2.334463581314e-02,2.564023340338e-01,2.788028532520e-02,-2.333995628493e-02,7.978025227656e-05,-1.378963371356e-03,4.679528209768e-06
"                2993",2.577265661592e-01,2.772741341142e-02,-2.398231149225e-02,2.577863718513e-01,2.633415218069e-02,-2.397809719414e-02,5.980569215152e-05,-1.393261230729e-03,4.214298107837e-06
"                2994",2.552836442494e-01,2.685685488314e-02,-2.433420510222e-02,2.553244979739e-01,2.544666368591e-02,-2.432931159158e-02,4.085372445346e-05,-1.410191197229e-03,4.893510637231e-06
"                2995",2.501297136056e-01,2.688525844514e-02,-2.428823002952e-02,2.501513476391e-01,2.546048572700e-02,-2.428056639209e-02,2.163403345783e-05,-1.424772718138e-03,7.663637426010e-06
"                2996",2.449427077050e-01,2.717846994404e-02,-2.379959854475e-02,2.449458337874e-01,2.574539318031e-02,-2.378706441272e-02,3.126082405552e-06,-1.433076763727e-03,1.253413202256e-05
"                2997",2.412504138906e-01,2.809410579911e-02,-2.288475798850e-02,2.412354068015e-01,2.666107571071e-02,-2.286554707289e-02,-1.500708906570e-05,-1.433030088395e-03,1.921091561053e-05
"                2998",2.371922896261e-01,2.819687697763e-02,-2.162137528488e-02,2.371667842941e-01,2.677343283625e-02,-2.159473218524e-02,-2.550533205869e-05,-1.423444141381e-03,2.664309963492e-05
"                2999",2.309626353835e-01,2.874667137347e-02,-2.019599351043e-02,2.309304499720e-01,2.733888991058e-02,-2.016174916059e-02,-3.218541147643e-05,-1.407781462892e-03,3.424434983686e-05
"                3000",2.233885647477e-01,3.015345562281e-02,-1.881507315481e-02,2.233541219822e-01,2.875691444907e-02,-1.877443322993e-02,-3.444276554629e-05,-1.396541173736e-03,4.063992488008e-05
