# Force         
# CofR          : (0.00000000e+00 0.00000000e+00 3.99000000e-01)
#
# Time          	total_x total_y total_z	pressure_x pressure_y pressure_z	viscous_x viscous_y viscous_z
1                -4.87777498e-02 1.23082769e+00 -6.82682951e+01 -4.87838713e-02 1.23026424e+00 -6.45653136e+01 6.12149751e-06 5.63458771e-04 -3.70298151e+00
2                -2.95834659e-02 1.14368163e+00 -4.25077967e+01 -2.96498341e-02 1.14286151e+00 -3.91334521e+01 6.63681836e-05 8.20120463e-04 -3.37434451e+00
3                3.36631665e-02 2.66604038e-01 3.69927898e+01 3.35997433e-02 2.65781362e-01 4.00700337e+01 6.34231973e-05 8.22675729e-04 -3.07724384e+00
4                6.59591083e-02 -3.18558237e-01 8.53476017e+01 6.60769637e-02 -3.18380809e-01 8.87004858e+01 -1.17855476e-04 -1.77427809e-04 -3.35288416e+00
5                3.11505586e-02 -1.88436320e-01 3.50870063e+01 3.13094903e-02 -1.87432828e-01 3.85864750e+01 -1.58931772e-04 -1.00349234e-03 -3.49946875e+00
6                -2.00816142e-02 2.64180651e-01 -3.73119689e+01 -2.02559775e-02 2.65001338e-01 -3.37412084e+01 1.74363213e-04 -8.20687722e-04 -3.57076043e+00
7                -2.83680561e-02 5.27777180e-01 -6.67341552e+01 -2.87809442e-02 5.28085250e-01 -6.33552927e+01 4.12888128e-04 -3.08069829e-04 -3.37886248e+00
8                4.58991899e-03 4.60143277e-01 -3.72395258e+01 4.21526011e-03 4.59833697e-01 -3.42182823e+01 3.74658878e-04 3.09579983e-04 -3.02124356e+00
9                4.72216600e-02 2.64564118e-01 3.51863244e+00 4.69381456e-02 2.64429330e-01 6.24768826e+00 2.83514426e-04 1.34787737e-04 -2.72905583e+00
10               6.36526847e-02 1.72819348e-01 1.63918523e+01 6.38722709e-02 1.73122177e-01 1.90462109e+01 -2.19586280e-04 -3.02829347e-04 -2.65435861e+00
11               3.89552060e-02 2.41684698e-01 3.48952824e+00 3.90782765e-02 2.42334685e-01 6.20166229e+00 -1.23070482e-04 -6.49986712e-04 -2.71213405e+00
12               9.14951506e-04 3.51827872e-01 -1.29654344e+01 1.29166806e-03 3.52772265e-01 -1.02560331e+01 -3.76716552e-04 -9.44392847e-04 -2.70940130e+00
13               -5.89812101e-03 3.90157787e-01 -1.76490213e+01 -5.45057042e-03 3.90475989e-01 -1.50201251e+01 -4.47550597e-04 -3.18202522e-04 -2.62889618e+00
14               2.31723474e-02 3.53897098e-01 -1.04166610e+01 2.34109475e-02 3.53911329e-01 -7.90883789e+00 -2.38600120e-04 -1.42301315e-05 -2.50782312e+00
15               5.98986835e-02 2.99070957e-01 -2.76555014e+00 6.01249758e-02 2.99020984e-01 -3.71497748e-01 -2.26292261e-04 4.99723177e-05 -2.39405240e+00
16               6.65656678e-02 2.73512696e-01 -1.44394765e+00 6.68712361e-02 2.73601120e-01 8.76510079e-01 -3.05568263e-04 -8.84235997e-05 -2.32045773e+00
17               4.73091377e-02 2.85542241e-01 -4.45623886e+00 4.76605268e-02 2.85625285e-01 -2.17916279e+00 -3.51389129e-04 -8.30439171e-05 -2.27707608e+00
18               2.08508089e-02 3.10345307e-01 -7.06236575e+00 2.11558661e-02 3.10336406e-01 -4.82207311e+00 -3.05057246e-04 8.90148430e-06 -2.24029265e+00
19               1.03119284e-02 3.22595904e-01 -6.81893678e+00 1.05272240e-02 3.22587094e-01 -4.62466846e+00 -2.15295651e-04 8.80956825e-06 -2.19426831e+00
20               2.06780309e-02 3.16740208e-01 -4.76736901e+00 2.08003694e-02 3.16670555e-01 -2.62054339e+00 -1.22338444e-04 6.96533164e-05 -2.14682562e+00
21               3.96089277e-02 3.05683169e-01 -3.36903709e+00 3.96527818e-02 3.05672195e-01 -1.26221926e+00 -4.38540251e-05 1.09747286e-05 -2.10681783e+00
22               5.20683065e-02 3.05682587e-01 -3.65412921e+00 5.20984363e-02 3.05804157e-01 -1.58051937e+00 -3.01298319e-05 -1.21569370e-04 -2.07360984e+00
23               5.17182978e-02 3.19574375e-01 -4.73518926e+00 5.17782131e-02 3.19781346e-01 -2.69179190e+00 -5.99152806e-05 -2.06970965e-04 -2.04339736e+00
24               4.26030517e-02 3.39236153e-01 -5.30488973e+00 4.26977962e-02 3.39399907e-01 -3.29141025e+00 -9.47444956e-05 -1.63753743e-04 -2.01347948e+00
25               3.25358181e-02 3.56006648e-01 -4.97311548e+00 3.26470322e-02 3.56069308e-01 -2.98814297e+00 -1.11214132e-04 -6.26605786e-05 -1.98497251e+00
26               2.78112273e-02 3.66635630e-01 -4.29871105e+00 2.79192228e-02 3.66615968e-01 -2.33873585e+00 -1.07995546e-04 1.96617233e-05 -1.95997519e+00
27               2.96109719e-02 3.72177022e-01 -3.94761646e+00 2.97333171e-02 3.72132940e-01 -2.00857327e+00 -1.22345130e-04 4.40818310e-05 -1.93904319e+00
28               3.61248938e-02 3.75877145e-01 -4.09451796e+00 3.62713973e-02 3.75827061e-01 -2.17349248e+00 -1.46503499e-04 5.00832629e-05 -1.92102548e+00
29               4.33430027e-02 3.79890871e-01 -4.43367110e+00 4.35075104e-02 3.79817470e-01 -2.52927002e+00 -1.64507622e-04 7.34011079e-05 -1.90440108e+00
30               4.79781628e-02 3.84373783e-01 -4.59981458e+00 4.81436911e-02 3.84242505e-01 -2.71139919e+00 -1.65528358e-04 1.31277409e-04 -1.88841539e+00
31               4.86464389e-02 3.87167822e-01 -4.50281483e+00 4.88013435e-02 3.86964122e-01 -2.62946970e+00 -1.54904548e-04 2.03700281e-04 -1.87334512e+00
32               4.61359713e-02 3.86226756e-01 -4.30328515e+00 4.62896087e-02 3.85967895e-01 -2.44348563e+00 -1.53637410e-04 2.58861392e-04 -1.85979953e+00
33               4.28287827e-02 3.82175973e-01 -4.19317783e+00 4.29927487e-02 3.81883476e-01 -2.34510376e+00 -1.63966000e-04 2.92497098e-04 -1.84807407e+00
34               4.16312186e-02 3.77547839e-01 -4.22206965e+00 4.18117607e-02 3.77237424e-01 -2.38429407e+00 -1.80542074e-04 3.10414272e-04 -1.83777557e+00
35               4.34671445e-02 3.75059407e-01 -4.30456691e+00 4.36644110e-02 3.74731342e-01 -2.47630076e+00 -1.97266437e-04 3.28065356e-04 -1.82826615e+00
36               4.65892227e-02 3.76067373e-01 -4.34301674e+00 4.68015177e-02 3.75715304e-01 -2.52386982e+00 -2.12295011e-04 3.52069341e-04 -1.81914691e+00
37               4.83843943e-02 3.79797429e-01 -4.31768280e+00 4.86112903e-02 3.79414612e-01 -2.50729256e+00 -2.26895915e-04 3.82816379e-04 -1.81039024e+00
38               4.76125326e-02 3.85146946e-01 -4.27485980e+00 4.78541169e-02 3.84728900e-01 -2.47268923e+00 -2.41584344e-04 4.18045834e-04 -1.80217057e+00
39               4.42372814e-02 3.91269395e-01 -4.26217731e+00 4.44912341e-02 3.90815731e-01 -2.46756467e+00 -2.53952765e-04 4.53663399e-04 -1.79461264e+00
40               3.93919842e-02 3.98331780e-01 -4.28429116e+00 3.96556598e-02 3.97845443e-01 -2.49663119e+00 -2.63675610e-04 4.86336555e-04 -1.78765998e+00
41               3.46673261e-02 4.05836674e-01 -4.31172071e+00 3.49393114e-02 4.05319570e-01 -2.53059134e+00 -2.71985260e-04 5.17103687e-04 -1.78112937e+00
42               3.09625321e-02 4.13100117e-01 -4.31724347e+00 3.12424837e-02 4.12554840e-01 -2.54239056e+00 -2.79951582e-04 5.45276958e-04 -1.77485291e+00
43               2.84901751e-02 4.19224141e-01 -4.29984592e+00 2.87800735e-02 4.18655865e-01 -2.53107985e+00 -2.89898368e-04 5.68276455e-04 -1.76876608e+00
44               2.67500038e-02 4.24095547e-01 -4.27768339e+00 2.70525174e-02 4.23509060e-01 -2.51479282e+00 -3.02513633e-04 5.86487415e-04 -1.76289056e+00
45               2.55092932e-02 4.27817829e-01 -4.26818156e+00 2.58242834e-02 4.27217548e-01 -2.51091712e+00 -3.14990194e-04 6.00280267e-04 -1.75726444e+00
46               2.40474635e-02 4.30939289e-01 -4.27269777e+00 2.43731773e-02 4.30331164e-01 -2.52080889e+00 -3.25713852e-04 6.08124663e-04 -1.75188888e+00
47               2.21559451e-02 4.33848524e-01 -4.28151730e+00 2.24883266e-02 4.33234534e-01 -2.53478460e+00 -3.32381515e-04 6.13990483e-04 -1.74673270e+00
48               2.05417077e-02 4.36674907e-01 -4.28483217e+00 2.08766454e-02 4.36052944e-01 -2.54308194e+00 -3.34937728e-04 6.21962326e-04 -1.74175023e+00
49               1.98606524e-02 4.39631115e-01 -4.28074273e+00 2.01966464e-02 4.38995410e-01 -2.54383146e+00 -3.35994039e-04 6.35704372e-04 -1.73691127e+00
50               2.00611854e-02 4.42820279e-01 -4.27325602e+00 2.03993340e-02 4.42166269e-01 -2.54105372e+00 -3.38148510e-04 6.54010130e-04 -1.73220230e+00
51               2.07517987e-02 4.46274212e-01 -4.26727106e+00 2.10951615e-02 4.45601199e-01 -2.53965159e+00 -3.43362755e-04 6.73013763e-04 -1.72761947e+00
52               2.14589736e-02 4.50078575e-01 -4.26451140e+00 2.18089164e-02 4.49386729e-01 -2.54135260e+00 -3.49942802e-04 6.91845843e-04 -1.72315880e+00
53               2.19712495e-02 4.54063483e-01 -4.26412364e+00 2.23291661e-02 4.53352793e-01 -2.54530577e+00 -3.57916624e-04 7.10689824e-04 -1.71881788e+00
54               2.25132584e-02 4.58094564e-01 -4.26430781e+00 2.28804592e-02 4.57364162e-01 -2.54971937e+00 -3.67200790e-04 7.30402508e-04 -1.71458844e+00
55               2.33646734e-02 4.62035424e-01 -4.26424701e+00 2.37442652e-02 4.61285337e-01 -2.55377834e+00 -3.79591874e-04 7.50087039e-04 -1.71046867e+00
56               2.45103145e-02 4.65728097e-01 -4.26360274e+00 2.49030048e-02 4.64956434e-01 -2.55715132e+00 -3.92690304e-04 7.71662574e-04 -1.70645142e+00
57               2.57733722e-02 4.69269082e-01 -4.26274154e+00 2.61781420e-02 4.68472693e-01 -2.56021105e+00 -4.04769792e-04 7.96389518e-04 -1.70253049e+00
58               2.68293158e-02 4.72827455e-01 -4.26167093e+00 2.72440954e-02 4.72004246e-01 -2.56297143e+00 -4.14779549e-04 8.23208780e-04 -1.69869950e+00
59               2.75184320e-02 4.76404214e-01 -4.26056732e+00 2.79414523e-02 4.75551414e-01 -2.56561493e+00 -4.23020364e-04 8.52800338e-04 -1.69495239e+00
60               2.80236598e-02 4.80067031e-01 -4.25955519e+00 2.84535556e-02 4.79183492e-01 -2.56826533e+00 -4.29895839e-04 8.83538285e-04 -1.69128985e+00
61               2.84817374e-02 4.83816019e-01 -4.25903836e+00 2.89168440e-02 4.82901544e-01 -2.57132656e+00 -4.35106553e-04 9.14474861e-04 -1.68771180e+00
62               2.88142342e-02 4.87788478e-01 -4.25894267e+00 2.92516737e-02 4.86844134e-01 -2.57472602e+00 -4.37439515e-04 9.44343612e-04 -1.68421665e+00
63               2.89976302e-02 4.91921606e-01 -4.25937301e+00 2.94342672e-02 4.90946194e-01 -2.57857217e+00 -4.36637072e-04 9.75412349e-04 -1.68080084e+00
64               2.89139552e-02 4.96228579e-01 -4.26000788e+00 2.93466856e-02 4.95225147e-01 -2.58254744e+00 -4.32730310e-04 1.00343117e-03 -1.67746045e+00
65               2.85688107e-02 5.00736442e-01 -4.26088117e+00 2.89953018e-02 4.99707486e-01 -2.58668466e+00 -4.26491039e-04 1.02895671e-03 -1.67419652e+00
66               2.79000588e-02 5.04866139e-01 -4.26174259e+00 2.83201756e-02 5.03814855e-01 -2.59073749e+00 -4.20116823e-04 1.05128389e-03 -1.67100510e+00
67               2.71628870e-02 5.08459093e-01 -4.26276053e+00 2.75740246e-02 5.07384146e-01 -2.59486875e+00 -4.11137615e-04 1.07494668e-03 -1.66789178e+00
68               2.66806007e-02 5.11216851e-01 -4.26374343e+00 2.70814833e-02 5.10119404e-01 -2.59888570e+00 -4.00882610e-04 1.09744722e-03 -1.66485773e+00
69               2.65184618e-02 5.12855442e-01 -4.26480710e+00 2.69092539e-02 5.11736948e-01 -2.60290208e+00 -3.90792088e-04 1.11849394e-03 -1.66190502e+00
70               2.65411172e-02 5.13742832e-01 -4.26587056e+00 2.69225454e-02 5.12604718e-01 -2.60684094e+00 -3.81428174e-04 1.13811400e-03 -1.65902962e+00
71               2.66114136e-02 5.14113352e-01 -4.26726651e+00 2.69849762e-02 5.12958291e-01 -2.61103741e+00 -3.73562639e-04 1.15506121e-03 -1.65622910e+00
72               2.67255184e-02 5.13875349e-01 -4.26893606e+00 2.70912065e-02 5.12707620e-01 -2.61543405e+00 -3.65688070e-04 1.16772917e-03 -1.65350200e+00
73               2.69587267e-02 5.12941425e-01 -4.27105050e+00 2.73148462e-02 5.11765264e-01 -2.62019817e+00 -3.56119501e-04 1.17616115e-03 -1.65085234e+00
74               2.75043177e-02 5.11520155e-01 -4.27336704e+00 2.78481422e-02 5.10340523e-01 -2.62508665e+00 -3.43824441e-04 1.17963149e-03 -1.64828039e+00
75               2.83742448e-02 5.09837190e-01 -4.27579822e+00 2.87038125e-02 5.08657005e-01 -2.63001075e+00 -3.29567740e-04 1.18018544e-03 -1.64578747e+00
76               2.94548845e-02 5.08150249e-01 -4.27805077e+00 2.97697044e-02 5.06971870e-01 -2.63467430e+00 -3.14819835e-04 1.17837907e-03 -1.64337647e+00
77               3.05325122e-02 5.06704077e-01 -4.28041587e+00 3.08328379e-02 5.05528007e-01 -2.63936442e+00 -3.00325672e-04 1.17607065e-03 -1.64105145e+00
78               3.15259235e-02 5.05712311e-01 -4.28291238e+00 3.18122093e-02 5.04538997e-01 -2.64409607e+00 -2.86285824e-04 1.17331364e-03 -1.63881630e+00
79               3.24050581e-02 5.05302870e-01 -4.28577678e+00 3.26771320e-02 5.04131333e-01 -2.64910453e+00 -2.72073907e-04 1.17153771e-03 -1.63667225e+00
80               3.32519928e-02 5.05630036e-01 -4.28882428e+00 3.35085284e-02 5.04459315e-01 -2.65420524e+00 -2.56535570e-04 1.17072070e-03 -1.63461904e+00
81               3.41385859e-02 5.06805557e-01 -4.29217135e+00 3.43798674e-02 5.05637405e-01 -2.65951148e+00 -2.41281522e-04 1.16815180e-03 -1.63265988e+00
82               3.50035762e-02 5.08521877e-01 -4.29554604e+00 3.52294325e-02 5.07354828e-01 -2.66475402e+00 -2.25856360e-04 1.16704909e-03 -1.63079203e+00
83               3.58663476e-02 5.10915979e-01 -4.29912053e+00 3.60762603e-02 5.09750424e-01 -2.67010046e+00 -2.09912719e-04 1.16555539e-03 -1.62902007e+00
84               3.65577180e-02 5.13952164e-01 -4.30289071e+00 3.67504093e-02 5.12787813e-01 -2.67554409e+00 -1.92691285e-04 1.16435091e-03 -1.62734662e+00
85               3.70255832e-02 5.17387990e-01 -4.30705078e+00 3.71987497e-02 5.16223187e-01 -2.68127898e+00 -1.73166529e-04 1.16480331e-03 -1.62577180e+00
86               3.73345982e-02 5.21002264e-01 -4.31139184e+00 3.74858392e-02 5.19833940e-01 -2.68709526e+00 -1.51240950e-04 1.16832424e-03 -1.62429658e+00
87               3.76138107e-02 5.24720874e-01 -4.31611843e+00 3.77416824e-02 5.23546013e-01 -2.69319240e+00 -1.27871745e-04 1.17486098e-03 -1.62292603e+00
88               3.78838031e-02 5.28323987e-01 -4.32104356e+00 3.79888579e-02 5.27140311e-01 -2.69938329e+00 -1.05054809e-04 1.18367550e-03 -1.62166027e+00
89               3.81472866e-02 5.31290838e-01 -4.32627072e+00 3.82315677e-02 5.30096889e-01 -2.70577327e+00 -8.42810641e-05 1.19394930e-03 -1.62049744e+00
90               3.83803857e-02 5.33274005e-01 -4.33167377e+00 3.84459303e-02 5.32068767e-01 -2.71223580e+00 -6.55445383e-05 1.20523866e-03 -1.61943798e+00
91               3.86254837e-02 5.34304317e-01 -4.33747965e+00 3.86735826e-02 5.33087803e-01 -2.71900280e+00 -4.80988913e-05 1.21651323e-03 -1.61847685e+00
92               3.88424473e-02 5.34581475e-01 -4.34352744e+00 3.88736836e-02 5.33352667e-01 -2.72591807e+00 -3.12362400e-05 1.22880827e-03 -1.61760937e+00
93               3.90526096e-02 5.34496330e-01 -4.34998830e+00 3.90676292e-02 5.33252283e-01 -2.73315759e+00 -1.50196090e-05 1.24404695e-03 -1.61683072e+00
94               3.92865702e-02 5.34233706e-01 -4.35667293e+00 3.92866079e-02 5.32972486e-01 -2.74053633e+00 -3.77158220e-08 1.26121937e-03 -1.61613659e+00
95               3.94620589e-02 5.33813769e-01 -4.36372317e+00 3.94489191e-02 5.32535794e-01 -2.74819611e+00 1.31398171e-05 1.27797545e-03 -1.61552706e+00
96               3.95545759e-02 5.33407701e-01 -4.37099255e+00 3.95290826e-02 5.32113492e-01 -2.75599253e+00 2.54932373e-05 1.29420912e-03 -1.61500002e+00
97               3.96460743e-02 5.33148698e-01 -4.37867150e+00 3.96082152e-02 5.31839568e-01 -2.76411692e+00 3.78591965e-05 1.30912978e-03 -1.61455458e+00
98               3.97562217e-02 5.32965472e-01 -4.38659997e+00 3.97061467e-02 5.31644298e-01 -2.77241124e+00 5.00749583e-05 1.32117418e-03 -1.61418873e+00
99               3.98995033e-02 5.32947166e-01 -4.39495588e+00 3.98376032e-02 5.31618313e-01 -2.78105143e+00 6.19000503e-05 1.32885307e-03 -1.61390444e+00
100              3.99981407e-02 5.33110463e-01 -4.40357261e+00 3.99247402e-02 5.31777702e-01 -2.78987350e+00 7.34004572e-05 1.33276093e-03 -1.61369910e+00
101              3.99719231e-02 5.33601309e-01 -4.41255737e+00 3.98886100e-02 5.32268159e-01 -2.79898664e+00 8.33131181e-05 1.33314955e-03 -1.61357073e+00
102              3.98718455e-02 5.34629368e-01 -4.42170125e+00 3.97795604e-02 5.33300375e-01 -2.80818322e+00 9.22850836e-05 1.32899220e-03 -1.61351803e+00
103              3.96892184e-02 5.36225767e-01 -4.43117404e+00 3.95885552e-02 5.34905492e-01 -2.81763345e+00 1.00663251e-04 1.32027590e-03 -1.61354060e+00
104              3.94639059e-02 5.38418010e-01 -4.44075732e+00 3.93545730e-02 5.37109056e-01 -2.82712351e+00 1.09332891e-04 1.30895443e-03 -1.61363382e+00
105              3.92230045e-02 5.41040064e-01 -4.45059429e+00 3.91047164e-02 5.39745054e-01 -2.83679967e+00 1.18288063e-04 1.29501010e-03 -1.61379462e+00
106              3.89969557e-02 5.43898342e-01 -4.46045375e+00 3.88704205e-02 5.42620433e-01 -2.84643381e+00 1.26535177e-04 1.27790880e-03 -1.61401994e+00
107              3.88092089e-02 5.47020715e-01 -4.47049085e+00 3.86754986e-02 5.45761487e-01 -2.85618192e+00 1.33710316e-04 1.25922799e-03 -1.61430893e+00
108              3.86411665e-02 5.50448216e-01 -4.48055757e+00 3.85024700e-02 5.49207249e-01 -2.86590090e+00 1.38696486e-04 1.24096745e-03 -1.61465667e+00
109              3.85408300e-02 5.53931100e-01 -4.49087314e+00 3.83986512e-02 5.52704446e-01 -2.87581225e+00 1.42178799e-04 1.22665427e-03 -1.61506090e+00
110              3.86864413e-02 5.57191085e-01 -4.50124614e+00 3.85415787e-02 5.55973628e-01 -2.88572962e+00 1.44862581e-04 1.21745765e-03 -1.61551652e+00
111              3.90586697e-02 5.60221326e-01 -4.51187468e+00 3.89115087e-02 5.59009026e-01 -2.89585253e+00 1.47161079e-04 1.21230007e-03 -1.61602215e+00
112              3.95442265e-02 5.63149469e-01 -4.52255125e+00 3.93960806e-02 5.61937868e-01 -2.90597852e+00 1.48145878e-04 1.21160082e-03 -1.61657273e+00
113              4.00099510e-02 5.65898637e-01 -4.53348019e+00 3.98613866e-02 5.64682394e-01 -2.91631547e+00 1.48564440e-04 1.21624317e-03 -1.61716472e+00
114              4.04118079e-02 5.68252591e-01 -4.54452144e+00 4.02620101e-02 5.67026044e-01 -2.92672349e+00 1.49797738e-04 1.22654704e-03 -1.61779794e+00
115              4.07957486e-02 5.70089717e-01 -4.55595796e+00 4.06435147e-02 5.68848473e-01 -2.93748092e+00 1.52233829e-04 1.24124407e-03 -1.61847704e+00
116              4.13125057e-02 5.71406461e-01 -4.56761708e+00 4.11561779e-02 5.70148514e-01 -2.94840933e+00 1.56327826e-04 1.25794748e-03 -1.61920775e+00
117              4.19216539e-02 5.72267176e-01 -4.57966952e+00 4.17598012e-02 5.70991106e-01 -2.95967698e+00 1.61852677e-04 1.27606982e-03 -1.61999254e+00
118              4.24923307e-02 5.72664378e-01 -4.59187759e+00 4.23239416e-02 5.71371534e-01 -2.97104526e+00 1.68389116e-04 1.29284465e-03 -1.62083233e+00
119              4.29883717e-02 5.72613835e-01 -4.60443771e+00 4.28124987e-02 5.71307035e-01 -2.98270884e+00 1.75873055e-04 1.30680043e-03 -1.62172887e+00
120              4.33952436e-02 5.72203266e-01 -4.61720512e+00 4.32110535e-02 5.70885937e-01 -2.99452155e+00 1.84190074e-04 1.31732876e-03 -1.62268357e+00
121              4.36674767e-02 5.71537150e-01 -4.63033520e+00 4.34744322e-02 5.70213311e-01 -3.00663713e+00 1.93044500e-04 1.32383858e-03 -1.62369807e+00
122              4.38096741e-02 5.70867278e-01 -4.64359659e+00 4.36071719e-02 5.69542645e-01 -3.01882392e+00 2.02502190e-04 1.32463339e-03 -1.62477267e+00
123              4.38787388e-02 5.70368951e-01 -4.65715947e+00 4.36668359e-02 5.69049745e-01 -3.03125203e+00 2.11902886e-04 1.31920579e-03 -1.62590744e+00
124              4.39047949e-02 5.70361650e-01 -4.67076317e+00 4.36827393e-02 5.69052535e-01 -3.04366516e+00 2.22055550e-04 1.30911490e-03 -1.62709801e+00
125              4.39253000e-02 5.71049799e-01 -4.68450592e+00 4.36928476e-02 5.69755079e-01 -3.05616253e+00 2.32452406e-04 1.29471983e-03 -1.62834339e+00
126              4.39702647e-02 5.72474436e-01 -4.69816284e+00 4.37268576e-02 5.71197623e-01 -3.06852309e+00 2.43407097e-04 1.27681250e-03 -1.62963976e+00
127              4.40854415e-02 5.74756502e-01 -4.71196997e+00 4.38311834e-02 5.73498754e-01 -3.08098533e+00 2.54258077e-04 1.25774787e-03 -1.63098464e+00
128              4.42659009e-02 5.77921043e-01 -4.72578818e+00 4.40011445e-02 5.76681110e-01 -3.09341406e+00 2.64756402e-04 1.23993237e-03 -1.63237411e+00
129              4.45081904e-02 5.81916598e-01 -4.73982595e+00 4.42342739e-02 5.80692020e-01 -3.10601904e+00 2.73916466e-04 1.22457816e-03 -1.63380692e+00
130              4.49102552e-02 5.86382091e-01 -4.75391242e+00 4.46286634e-02 5.85167545e-01 -3.11863202e+00 2.81591856e-04 1.21454562e-03 -1.63528041e+00
131              4.54770500e-02 5.91002538e-01 -4.76828113e+00 4.51899654e-02 5.89791510e-01 -3.13148713e+00 2.87084680e-04 1.21102820e-03 -1.63679401e+00
132              4.61593323e-02 5.95695209e-01 -4.78273466e+00 4.58684138e-02 5.94482121e-01 -3.14438535e+00 2.90918509e-04 1.21308773e-03 -1.63834931e+00
133              4.69503347e-02 6.00306291e-01 -4.79739685e+00 4.66566941e-02 5.99086509e-01 -3.15744621e+00 2.93640588e-04 1.21978155e-03 -1.63995064e+00
134              4.78354826e-02 6.04617953e-01 -4.81204605e+00 4.75393456e-02 6.03388318e-01 -3.17044572e+00 2.96137029e-04 1.22963485e-03 -1.64160033e+00
135              4.88308127e-02 6.08269488e-01 -4.82693779e+00 4.85314589e-02 6.07028438e-01 -3.18363729e+00 2.99353874e-04 1.24104943e-03 -1.64330050e+00
136              4.99498857e-02 6.10958649e-01 -4.84191491e+00 4.96463957e-02 6.09706936e-01 -3.19686192e+00 3.03489954e-04 1.25171375e-03 -1.64505299e+00
137              5.10526780e-02 6.12693181e-01 -4.85719081e+00 5.07439139e-02 6.11432525e-01 -3.21032929e+00 3.08764085e-04 1.26065587e-03 -1.64686152e+00
138              5.20448139e-02 6.13653729e-01 -4.87252645e+00 5.17297970e-02 6.12386415e-01 -3.22379967e+00 3.15016864e-04 1.26731425e-03 -1.64872678e+00
139              5.29655170e-02 6.13992830e-01 -4.88806228e+00 5.26431943e-02 6.12721126e-01 -3.23741508e+00 3.22322636e-04 1.27170425e-03 -1.65064719e+00
140              5.38951487e-02 6.13868355e-01 -4.90355109e+00 5.35642471e-02 6.12594384e-01 -3.25093195e+00 3.30901594e-04 1.27397108e-03 -1.65261914e+00
141              5.48785804e-02 6.13382660e-01 -4.91918767e+00 5.45385450e-02 6.12108019e-01 -3.26454719e+00 3.40035358e-04 1.27464063e-03 -1.65464048e+00
142              5.56852822e-02 6.12771494e-01 -4.93479097e+00 5.53359993e-02 6.11497889e-01 -3.27808353e+00 3.49282939e-04 1.27360549e-03 -1.65670745e+00
143              5.62235264e-02 6.12406012e-01 -4.95059499e+00 5.58650733e-02 6.11136710e-01 -3.29177645e+00 3.58453058e-04 1.26930190e-03 -1.65881854e+00
144              5.66077081e-02 6.12551422e-01 -4.96641150e+00 5.62394113e-02 6.11290321e-01 -3.30543858e+00 3.68296844e-04 1.26110085e-03 -1.66097292e+00
145              5.68746968e-02 6.13388256e-01 -4.98244788e+00 5.64954002e-02 6.12137520e-01 -3.31927774e+00 3.79296570e-04 1.25073605e-03 -1.66317014e+00
146              5.69197377e-02 6.15077422e-01 -4.99853483e+00 5.65280980e-02 6.13838484e-01 -3.33312309e+00 3.91639709e-04 1.23893767e-03 -1.66541174e+00
147              5.67678607e-02 6.17576862e-01 -5.01487427e+00 5.63630981e-02 6.16349764e-01 -3.34717462e+00 4.04762606e-04 1.22709753e-03 -1.66769965e+00
148              5.65589844e-02 6.20873803e-01 -5.03123243e+00 5.61414060e-02 6.19657139e-01 -3.36119662e+00 4.17578418e-04 1.21666391e-03 -1.67003581e+00
149              5.63733735e-02 6.24851188e-01 -5.04779380e+00 5.59436150e-02 6.23642158e-01 -3.37537129e+00 4.29758539e-04 1.20902974e-03 -1.67242251e+00
150              5.62742162e-02 6.29318089e-01 -5.06434690e+00 5.58335596e-02 6.28111789e-01 -3.38948612e+00 4.40656643e-04 1.20630058e-03 -1.67486078e+00
151              5.62787547e-02 6.33947135e-01 -5.08113523e+00 5.58284476e-02 6.32738568e-01 -3.40378502e+00 4.50307133e-04 1.20856684e-03 -1.67735021e+00
152              5.63260319e-02 6.38335857e-01 -5.09797939e+00 5.58672418e-02 6.37119565e-01 -3.41809038e+00 4.58790078e-04 1.21629149e-03 -1.67988902e+00
153              5.64308199e-02 6.42273377e-01 -5.11511067e+00 5.59644584e-02 6.41045175e-01 -3.43263104e+00 4.66361569e-04 1.22820255e-03 -1.68247963e+00
154              5.65688725e-02 6.45737796e-01 -5.13226165e+00 5.60959192e-02 6.44496002e-01 -3.44713739e+00 4.72953322e-04 1.24179397e-03 -1.68512426e+00
155              5.66622776e-02 6.48702147e-01 -5.14957681e+00 5.61843744e-02 6.47445824e-01 -3.46175366e+00 4.77903200e-04 1.25632300e-03 -1.68782315e+00
156              5.68894633e-02 6.51025965e-01 -5.16676227e+00 5.64070568e-02 6.49755261e-01 -3.47619034e+00 4.82406426e-04 1.27070391e-03 -1.69057192e+00
157              5.72813008e-02 6.52550883e-01 -5.18399311e+00 5.67942280e-02 6.51267634e-01 -3.49062714e+00 4.87072779e-04 1.28324882e-03 -1.69336597e+00
158              5.79464304e-02 6.53363964e-01 -5.20113515e+00 5.74546875e-02 6.52071990e-01 -3.50493384e+00 4.91742890e-04 1.29197345e-03 -1.69620131e+00
159              5.87264777e-02 6.53714756e-01 -5.21850864e+00 5.82306965e-02 6.52418051e-01 -3.51943198e+00 4.95781193e-04 1.29670535e-03 -1.69907666e+00
160              5.94483757e-02 6.53970708e-01 -5.23596159e+00 5.89492632e-02 6.52672002e-01 -3.53397390e+00 4.99112472e-04 1.29870602e-03 -1.70198770e+00
161              6.01235540e-02 6.54474050e-01 -5.25373661e+00 5.96207085e-02 6.53175238e-01 -3.54880484e+00 5.02845507e-04 1.29881209e-03 -1.70493177e+00
162              6.07594320e-02 6.55330353e-01 -5.27159597e+00 6.02512589e-02 6.54031751e-01 -3.56369020e+00 5.08173124e-04 1.29860150e-03 -1.70790577e+00
163              6.14670467e-02 6.56565846e-01 -5.28974539e+00 6.09523870e-02 6.55267433e-01 -3.57883350e+00 5.14659650e-04 1.29841296e-03 -1.71091190e+00
164              6.22011575e-02 6.58213019e-01 -5.30797776e+00 6.16787953e-02 6.56913964e-01 -3.59402494e+00 5.22362213e-04 1.29905465e-03 -1.71395282e+00
165              6.28629651e-02 6.60349111e-01 -5.32652896e+00 6.23324539e-02 6.59048510e-01 -3.60949616e+00 5.30511250e-04 1.30060049e-03 -1.71703280e+00
166              6.34787699e-02 6.63092645e-01 -5.34516732e+00 6.29397921e-02 6.61790871e-01 -3.62501091e+00 5.38977748e-04 1.30177402e-03 -1.72015640e+00
167              6.41698355e-02 6.66495325e-01 -5.36410711e+00 6.36219311e-02 6.65190979e-01 -3.64078038e+00 5.47904369e-04 1.30434593e-03 -1.72332673e+00
168              6.48876989e-02 6.70609105e-01 -5.38313996e+00 6.43305509e-02 6.69301032e-01 -3.65659458e+00 5.57147989e-04 1.30807345e-03 -1.72654539e+00
169              6.56335126e-02 6.75272492e-01 -5.40242990e+00 6.50675192e-02 6.73959927e-01 -3.67261678e+00 5.65993452e-04 1.31256458e-03 -1.72981313e+00
170              6.62824107e-02 6.80286347e-01 -5.42168249e+00 6.57074643e-02 6.78969053e-01 -3.68855320e+00 5.74946335e-04 1.31729363e-03 -1.73312929e+00
171              6.67149542e-02 6.85420792e-01 -5.44105815e+00 6.61306266e-02 6.84097488e-01 -3.70456442e+00 5.84327601e-04 1.32330389e-03 -1.73649374e+00
172              6.70732052e-02 6.90525093e-01 -5.46026456e+00 6.64790973e-02 6.89194035e-01 -3.72036035e+00 5.94107912e-04 1.33105873e-03 -1.73990421e+00
173              6.75837339e-02 6.95325981e-01 -5.47952475e+00 6.69803177e-02 6.93986054e-01 -3.73616768e+00 6.03416196e-04 1.33992764e-03 -1.74335706e+00
174              6.82811150e-02 6.99571610e-01 -5.49866511e+00 6.76700240e-02 6.98222165e-01 -3.75181810e+00 6.11090998e-04 1.34944468e-03 -1.74684701e+00
175              6.90045670e-02 7.03149617e-01 -5.51800121e+00 6.83882729e-02 7.01789683e-01 -3.76763077e+00 6.16294098e-04 1.35993313e-03 -1.75037044e+00
176              6.96960273e-02 7.05925307e-01 -5.53731113e+00 6.90770574e-02 7.04554593e-01 -3.78338562e+00 6.18969942e-04 1.37071413e-03 -1.75392551e+00
177              7.03504972e-02 7.08034827e-01 -5.55679259e+00 6.97319182e-02 7.06656726e-01 -3.79928037e+00 6.18578971e-04 1.37810156e-03 -1.75751222e+00
178              7.08483590e-02 7.09700271e-01 -5.57623010e+00 7.02313839e-02 7.08319887e-01 -3.81509895e+00 6.16975094e-04 1.38038424e-03 -1.76113115e+00
179              7.12591758e-02 7.10949736e-01 -5.59588839e+00 7.06435906e-02 7.09572193e-01 -3.83110435e+00 6.15585194e-04 1.37754310e-03 -1.76478404e+00
180              7.17015996e-02 7.11718489e-01 -5.61560882e+00 7.10864323e-02 7.10347696e-01 -3.84713635e+00 6.15167346e-04 1.37079260e-03 -1.76847246e+00
181              7.20542436e-02 7.12190752e-01 -5.63568817e+00 7.14379457e-02 7.10828984e-01 -3.86348673e+00 6.16297853e-04 1.36176800e-03 -1.77220144e+00
182              7.20341012e-02 7.12560460e-01 -5.65591822e+00 7.14158839e-02 7.11207684e-01 -3.87994219e+00 6.18217247e-04 1.35277613e-03 -1.77597603e+00
183              7.17102853e-02 7.13088264e-01 -5.67653299e+00 7.10886721e-02 7.11743342e-01 -3.89673445e+00 6.21613230e-04 1.34492188e-03 -1.77979853e+00
184              7.13524190e-02 7.13966201e-01 -5.69728615e+00 7.07253395e-02 7.12626920e-01 -3.91361417e+00 6.27079478e-04 1.33928063e-03 -1.78367198e+00
185              7.11511213e-02 7.15212977e-01 -5.71838042e+00 7.05162976e-02 7.13876146e-01 -3.93078442e+00 6.34823713e-04 1.33683138e-03 -1.78759600e+00
186              7.10486354e-02 7.16749877e-01 -5.73959463e+00 7.04047038e-02 7.15411086e-01 -3.94802570e+00 6.43931645e-04 1.33879136e-03 -1.79156893e+00
187              7.08922472e-02 7.18404678e-01 -5.76107421e+00 7.02381062e-02 7.17059881e-01 -3.96548232e+00 6.54140959e-04 1.34479668e-03 -1.79559189e+00
188              7.03106891e-02 7.20209442e-01 -5.78249332e+00 6.96455214e-02 7.18856648e-01 -3.98282916e+00 6.65167698e-04 1.35279469e-03 -1.79966415e+00
189              6.94428630e-02 7.22064800e-01 -5.80395292e+00 6.87661389e-02 7.20705836e-01 -4.00016314e+00 6.76724118e-04 1.35896400e-03 -1.80378979e+00
190              6.86124655e-02 7.23970253e-01 -5.82517275e+00 6.79236898e-02 7.22606752e-01 -4.01720617e+00 6.88775682e-04 1.36350096e-03 -1.80796658e+00
191              6.80095250e-02 7.26100369e-01 -5.84641374e+00 6.73087274e-02 7.24734191e-01 -4.03422236e+00 7.00797607e-04 1.36617839e-03 -1.81219138e+00
192              6.77791704e-02 7.28605894e-01 -5.86754927e+00 6.70679618e-02 7.27239053e-01 -4.05109031e+00 7.11208615e-04 1.36684091e-03 -1.81645896e+00
193              6.77804657e-02 7.31531940e-01 -5.88883828e+00 6.70608529e-02 7.30165925e-01 -4.06807468e+00 7.19612775e-04 1.36601520e-03 -1.82076360e+00
194              6.78659438e-02 7.34734114e-01 -5.91008047e+00 6.71395958e-02 7.33369667e-01 -4.08498030e+00 7.26348076e-04 1.36444701e-03 -1.82510017e+00
195              6.79775227e-02 7.38130668e-01 -5.93152677e+00 6.72452589e-02 7.36768258e-01 -4.10205983e+00 7.32263780e-04 1.36241027e-03 -1.82946694e+00
196              6.82326833e-02 7.41817494e-01 -5.95300148e+00 6.74949090e-02 7.40457965e-01 -4.11913664e+00 7.37774283e-04 1.35952875e-03 -1.83386485e+00
197              6.86857114e-02 7.45767186e-01 -5.97480796e+00 6.79431503e-02 7.44411172e-01 -4.13650721e+00 7.42561092e-04 1.35601364e-03 -1.83830075e+00
198              6.93108330e-02 7.49793472e-01 -5.99680367e+00 6.85649621e-02 7.48441023e-01 -4.15402568e+00 7.45870987e-04 1.35244978e-03 -1.84277799e+00
199              7.00388421e-02 7.53819470e-01 -6.01925783e+00 6.92916348e-02 7.52470348e-01 -4.17195695e+00 7.47207259e-04 1.34912292e-03 -1.84730088e+00
200              7.08591569e-02 7.57880301e-01 -6.04191555e+00 7.01123254e-02 7.56534974e-01 -4.19004269e+00 7.46831497e-04 1.34532734e-03 -1.85187286e+00
201              7.19337418e-02 7.62180050e-01 -6.06490612e+00 7.11885056e-02 7.60838503e-01 -4.20840810e+00 7.45236153e-04 1.34154701e-03 -1.85649803e+00
202              7.32065049e-02 7.66965600e-01 -6.08793305e+00 7.24631025e-02 7.65627291e-01 -4.22675689e+00 7.43402404e-04 1.33830900e-03 -1.86117616e+00
203              7.44706142e-02 7.71993642e-01 -6.11125177e+00 7.37285582e-02 7.70656434e-01 -4.24534937e+00 7.42055928e-04 1.33720857e-03 -1.86590239e+00
204              7.55062749e-02 7.76944815e-01 -6.13464910e+00 7.47644045e-02 7.75605981e-01 -4.26397636e+00 7.41870326e-04 1.33883444e-03 -1.87067274e+00
205              7.62121599e-02 7.81714573e-01 -6.15832628e+00 7.54690688e-02 7.80369983e-01 -4.28283741e+00 7.43091121e-04 1.34458937e-03 -1.87548886e+00
206              7.67249172e-02 7.86357138e-01 -6.18197338e+00 7.59783557e-02 7.85003603e-01 -4.30162327e+00 7.46561525e-04 1.35353487e-03 -1.88035011e+00
207              7.73138526e-02 7.90822850e-01 -6.20575983e+00 7.65611201e-02 7.89458438e-01 -4.32050503e+00 7.52732546e-04 1.36441198e-03 -1.88525479e+00
208              7.80909541e-02 7.94846755e-01 -6.22941786e+00 7.73285923e-02 7.93470387e-01 -4.33921993e+00 7.62361813e-04 1.37636890e-03 -1.89019793e+00
209              7.90615358e-02 7.98063191e-01 -6.25319747e+00 7.82871848e-02 7.96674364e-01 -4.35801791e+00 7.74350975e-04 1.38882698e-03 -1.89517957e+00
210              7.98776185e-02 8.00580142e-01 -6.27688343e+00 7.90892296e-02 7.99179873e-01 -4.37668412e+00 7.88388954e-04 1.40026826e-03 -1.90019931e+00
211              8.03071411e-02 8.02579950e-01 -6.30075031e+00 7.95040564e-02 8.01169258e-01 -4.39549169e+00 8.03084727e-04 1.41069258e-03 -1.90525861e+00
212              8.04108353e-02 8.04392620e-01 -6.32456790e+00 7.95935115e-02 8.02975605e-01 -4.41420912e+00 8.17323794e-04 1.41701474e-03 -1.91035878e+00
213              8.03232292e-02 8.06083078e-01 -6.34857711e+00 7.94923105e-02 8.04663647e-01 -4.43307352e+00 8.30918725e-04 1.41943116e-03 -1.91550359e+00
214              8.02458969e-02 8.07630092e-01 -6.37253093e+00 7.94017428e-02 8.06210377e-01 -4.45183580e+00 8.44154057e-04 1.41971486e-03 -1.92069513e+00
215              7.99075206e-02 8.09237170e-01 -6.39674748e+00 7.90501258e-02 8.07821435e-01 -4.47080760e+00 8.57394809e-04 1.41573418e-03 -1.92593988e+00
216              7.92847679e-02 8.11114954e-01 -6.42106889e+00 7.84150591e-02 8.09706034e-01 -4.48982939e+00 8.69708778e-04 1.40891983e-03 -1.93123950e+00
217              7.84699727e-02 8.13289082e-01 -6.44583550e+00 7.75896014e-02 8.11888329e-01 -4.50923701e+00 8.80371367e-04 1.40075348e-03 -1.93659849e+00
218              7.75941138e-02 8.15816110e-01 -6.47080574e+00 7.67051064e-02 8.14424233e-01 -4.52878996e+00 8.89007438e-04 1.39187672e-03 -1.94201578e+00
219              7.68135058e-02 8.18467839e-01 -6.49608186e+00 7.59188424e-02 8.17085502e-01 -4.54859001e+00 8.94663396e-04 1.38233709e-03 -1.94749185e+00
220              7.63177597e-02 8.21216560e-01 -6.52136700e+00 7.54211982e-02 8.19843233e-01 -4.56834123e+00 8.96561456e-04 1.37332693e-03 -1.95302577e+00
221              7.58511158e-02 8.23892809e-01 -6.54684994e+00 7.49560030e-02 8.22526949e-01 -4.58823481e+00 8.95112816e-04 1.36586027e-03 -1.95861513e+00
222              7.51942517e-02 8.26419890e-01 -6.57225955e+00 7.43037535e-02 8.25058064e-01 -4.60800649e+00 8.90498200e-04 1.36182525e-03 -1.96425306e+00
223              7.44045273e-02 8.28803034e-01 -6.59778461e+00 7.35210768e-02 8.27442440e-01 -4.62784837e+00 8.83450457e-04 1.36059357e-03 -1.96993624e+00
224              7.38496866e-02 8.31382962e-01 -6.62323849e+00 7.29754796e-02 8.30021767e-01 -4.64757758e+00 8.74207044e-04 1.36119484e-03 -1.97566091e+00
225              7.38177946e-02 8.34499459e-01 -6.64889734e+00 7.29534506e-02 8.33136090e-01 -4.66747296e+00 8.64344002e-04 1.36336879e-03 -1.98142438e+00
226              7.41796725e-02 8.38095891e-01 -6.67455748e+00 7.33237882e-02 8.36728768e-01 -4.68733687e+00 8.55884330e-04 1.36712278e-03 -1.98722061e+00
227              7.46572853e-02 8.41771573e-01 -6.70044820e+00 7.38071016e-02 8.40400715e-01 -4.70739939e+00 8.50183771e-04 1.37085770e-03 -1.99304881e+00
228              7.49012902e-02 8.45310849e-01 -6.72633038e+00 7.40542184e-02 8.43936535e-01 -4.72741680e+00 8.47071812e-04 1.37431498e-03 -1.99891358e+00
229              7.51492599e-02 8.48745311e-01 -6.75247740e+00 7.43027645e-02 8.47368635e-01 -4.74765648e+00 8.46495397e-04 1.37667673e-03 -2.00482092e+00
230              7.56712435e-02 8.52134773e-01 -6.77866366e+00 7.48221670e-02 8.50756295e-01 -4.76788820e+00 8.49076510e-04 1.37847763e-03 -2.01077546e+00
231              7.62631561e-02 8.55679638e-01 -6.80514583e+00 7.54088150e-02 8.54299884e-01 -4.78836355e+00 8.54341056e-04 1.37975339e-03 -2.01678228e+00
232              7.66005998e-02 8.59386506e-01 -6.83180761e+00 7.57400169e-02 8.58005571e-01 -4.80896361e+00 8.60582857e-04 1.38093487e-03 -2.02284400e+00
233              7.65052078e-02 8.63370183e-01 -6.85899855e+00 7.56376699e-02 8.61989761e-01 -4.83002998e+00 8.67537897e-04 1.38042178e-03 -2.02896857e+00
234              7.63448156e-02 8.67583932e-01 -6.88646897e+00 7.54690692e-02 8.66204243e-01 -4.85131165e+00 8.75746492e-04 1.37968986e-03 -2.03515732e+00
235              7.63571074e-02 8.72562419e-01 -6.91428464e+00 7.54726282e-02 8.71184012e-01 -4.87287261e+00 8.84479190e-04 1.37840627e-03 -2.04141204e+00
236              7.64362297e-02 8.78434013e-01 -6.94205639e+00 7.55431548e-02 8.77057202e-01 -4.89432311e+00 8.93074966e-04 1.37681123e-03 -2.04773328e+00
237              7.66645148e-02 8.85275392e-01 -6.96998649e+00 7.57644144e-02 8.83897820e-01 -4.91586737e+00 9.00100430e-04 1.37757176e-03 -2.05411912e+00
238              7.70415905e-02 8.93378392e-01 -6.99789869e+00 7.61358432e-02 8.91998890e-01 -4.93733150e+00 9.05747345e-04 1.37950155e-03 -2.06056719e+00
239              7.74382857e-02 9.02338581e-01 -7.02601805e+00 7.65283546e-02 9.00956076e-01 -4.95894662e+00 9.09931125e-04 1.38250499e-03 -2.06707143e+00
240              7.78965604e-02 9.11612861e-01 -7.05406928e+00 7.69828068e-02 9.10225742e-01 -4.98044275e+00 9.13753592e-04 1.38711804e-03 -2.07362653e+00
241              7.88578632e-02 9.20647376e-01 -7.08223663e+00 7.79399707e-02 9.19251698e-01 -5.00201115e+00 9.17892456e-04 1.39567728e-03 -2.08022548e+00
242              8.05943352e-02 9.28847573e-01 -7.11022345e+00 7.96716399e-02 9.27439687e-01 -5.02336252e+00 9.22695251e-04 1.40788640e-03 -2.08686093e+00
243              8.26006287e-02 9.35837555e-01 -7.13819123e+00 8.16727135e-02 9.34415292e-01 -5.04465956e+00 9.27915154e-04 1.42226346e-03 -2.09353167e+00
244              8.41928377e-02 9.41466409e-01 -7.16598639e+00 8.32583729e-02 9.40027714e-01 -5.06574897e+00 9.34464786e-04 1.43869492e-03 -2.10023742e+00
245              8.53144663e-02 9.45756799e-01 -7.19391062e+00 8.43714746e-02 9.44298009e-01 -5.08693154e+00 9.42991660e-04 1.45878993e-03 -2.10697908e+00
246              8.64979562e-02 9.48772756e-01 -7.22170799e+00 8.55443770e-02 9.47289834e-01 -5.10794619e+00 9.53579166e-04 1.48292238e-03 -2.11376180e+00
247              8.77686520e-02 9.50875723e-01 -7.24959705e+00 8.68029305e-02 9.49366080e-01 -5.12900356e+00 9.65721563e-04 1.50964326e-03 -2.12059350e+00
248              8.87672072e-02 9.52422774e-01 -7.27743905e+00 8.77879931e-02 9.50886553e-01 -5.14995887e+00 9.79214051e-04 1.53622175e-03 -2.12748019e+00
249              8.91111504e-02 9.53320831e-01 -7.30578888e+00 8.81178986e-02 9.51758009e-01 -5.17136132e+00 9.93251808e-04 1.56282200e-03 -2.13442756e+00
250              8.87037196e-02 9.53543755e-01 -7.33458435e+00 8.76958084e-02 9.51955497e-01 -5.19314587e+00 1.00791128e-03 1.58825818e-03 -2.14143849e+00
251              8.79380810e-02 9.53262200e-01 -7.36389720e+00 8.69154096e-02 9.51651419e-01 -5.21537976e+00 1.02267139e-03 1.61078110e-03 -2.14851745e+00
252              8.68530440e-02 9.52582563e-01 -7.39326592e+00 8.58166081e-02 9.50952694e-01 -5.23759773e+00 1.03643586e-03 1.62986885e-03 -2.15566819e+00
253              8.55751632e-02 9.51726236e-01 -7.42292875e+00 8.45262765e-02 9.50080840e-01 -5.26003680e+00 1.04888676e-03 1.64539513e-03 -2.16289195e+00
254              8.41569461e-02 9.50735543e-01 -7.45282210e+00 8.30973167e-02 9.49077155e-01 -5.28263818e+00 1.05962936e-03 1.65838834e-03 -2.17018392e+00
255              8.29065370e-02 9.49809253e-01 -7.48327266e+00 8.18384599e-02 9.48139937e-01 -5.30573239e+00 1.06807707e-03 1.66931639e-03 -2.17754027e+00
256              8.14685175e-02 9.49276263e-01 -7.51394045e+00 8.03950758e-02 9.47597158e-01 -5.32898510e+00 1.07344174e-03 1.67910530e-03 -2.18495534e+00
257              7.99173313e-02 9.49519526e-01 -7.54476703e+00 7.88405419e-02 9.47830914e-01 -5.35234224e+00 1.07678943e-03 1.68861256e-03 -2.19242479e+00
258              7.87223572e-02 9.50981272e-01 -7.57525750e+00 7.76433092e-02 9.49280952e-01 -5.37531725e+00 1.07904803e-03 1.70032022e-03 -2.19994025e+00
259              7.79752337e-02 9.54322931e-01 -7.60568418e+00 7.68941433e-02 9.52611679e-01 -5.39818277e+00 1.08109036e-03 1.71125170e-03 -2.20750141e+00
260              7.73393507e-02 9.59780050e-01 -7.63600661e+00 7.62553825e-02 9.58057679e-01 -5.42090360e+00 1.08396819e-03 1.72237016e-03 -2.21510301e+00
261              7.67247502e-02 9.67217976e-01 -7.66652857e+00 7.56359902e-02 9.65485979e-01 -5.44378182e+00 1.08875997e-03 1.73199727e-03 -2.22274675e+00
262              7.60527754e-02 9.76218185e-01 -7.69698728e+00 7.49586821e-02 9.74477535e-01 -5.46655362e+00 1.09409331e-03 1.74065013e-03 -2.23043366e+00
263              7.55874020e-02 9.85924867e-01 -7.72737099e+00 7.44871331e-02 9.84175724e-01 -5.48920490e+00 1.10026887e-03 1.74914313e-03 -2.23816608e+00
264              7.56310411e-02 9.95743813e-01 -7.75737407e+00 7.45254712e-02 9.93986488e-01 -5.51142890e+00 1.10556990e-03 1.75732514e-03 -2.24594518e+00
265              7.63944801e-02 1.00560464e+00 -7.78744755e+00 7.52857580e-02 1.00383855e+00 -5.53366985e+00 1.10872205e-03 1.76609245e-03 -2.25377769e+00
266              7.75263487e-02 1.01553483e+00 -7.81769663e+00 7.64180876e-02 1.01375981e+00 -5.55602918e+00 1.10826113e-03 1.77501565e-03 -2.26166746e+00
267              7.80132162e-02 1.02556396e+00 -7.84842007e+00 7.69101045e-02 1.02378201e+00 -5.57879900e+00 1.10311173e-03 1.78195212e-03 -2.26962107e+00
268              7.80946748e-02 1.03514345e+00 -7.87917036e+00 7.70018528e-02 1.03335771e+00 -5.60152785e+00 1.09282208e-03 1.78573973e-03 -2.27764251e+00
269              7.88655492e-02 1.04403849e+00 -7.90998434e+00 7.77881078e-02 1.04225156e+00 -5.62424627e+00 1.07744137e-03 1.78693572e-03 -2.28573808e+00
270              8.05896268e-02 1.05247510e+00 -7.94085708e+00 7.95327293e-02 1.05069011e+00 -5.64694626e+00 1.05689753e-03 1.78499396e-03 -2.29391082e+00
271              8.27121875e-02 1.06031550e+00 -7.97240834e+00 8.16797019e-02 1.05853717e+00 -5.67024985e+00 1.03248558e-03 1.77832917e-03 -2.30215849e+00
272              8.41596513e-02 1.06734789e+00 -8.00459534e+00 8.31516942e-02 1.06558009e+00 -5.69411993e+00 1.00795710e-03 1.76780400e-03 -2.31047541e+00
273              8.51905243e-02 1.07329587e+00 -8.03747861e+00 8.42040787e-02 1.07154072e+00 -5.71862368e+00 9.86445584e-04 1.75514930e-03 -2.31885494e+00
274              8.72973208e-02 1.07736353e+00 -8.07048676e+00 8.63268115e-02 1.07562059e+00 -5.74319704e+00 9.70509277e-04 1.74293115e-03 -2.32728972e+00
275              9.04386967e-02 1.07923028e+00 -8.10373893e+00 8.94770982e-02 1.07749660e+00 -5.76796236e+00 9.61598468e-04 1.73368085e-03 -2.33577657e+00
276              9.36579170e-02 1.07896992e+00 -8.13690995e+00 9.26967444e-02 1.07724129e+00 -5.79260309e+00 9.61172610e-04 1.72863360e-03 -2.34430686e+00
277              9.65372589e-02 1.07692323e+00 -8.17010611e+00 9.55660573e-02 1.07519181e+00 -5.81723372e+00 9.71201601e-04 1.73142378e-03 -2.35287239e+00
278              9.90129307e-02 1.07365106e+00 -8.20313047e+00 9.80201710e-02 1.07190840e+00 -5.84166194e+00 9.92759704e-04 1.74266165e-03 -2.36146853e+00
279              1.01071193e-01 1.06957523e+00 -8.23614361e+00 1.00044754e-01 1.06781139e+00 -5.86604520e+00 1.02643933e-03 1.76383510e-03 -2.37009841e+00
280              1.02408328e-01 1.06493963e+00 -8.26884135e+00 1.01338221e-01 1.06314667e+00 -5.89007335e+00 1.07010733e-03 1.79296358e-03 -2.37876800e+00
281              1.03225848e-01 1.06049649e+00 -8.30142083e+00 1.02105486e-01 1.05866513e+00 -5.91393779e+00 1.12036188e-03 1.83136522e-03 -2.38748304e+00
282              1.03682012e-01 1.05695362e+00 -8.33385196e+00 1.02506919e-01 1.05507896e+00 -5.93760227e+00 1.17509338e-03 1.87465861e-03 -2.39624969e+00
283              1.02800377e-01 1.05438656e+00 -8.36666549e+00 1.01569085e-01 1.05246617e+00 -5.96158645e+00 1.23129285e-03 1.92039110e-03 -2.40507905e+00
284              1.00519112e-01 1.05281968e+00 -8.39961284e+00 9.92321197e-02 1.05084869e+00 -5.98563640e+00 1.28699191e-03 1.97099431e-03 -2.41397644e+00
285              9.72848076e-02 1.05261431e+00 -8.43271432e+00 9.59463052e-02 1.05059066e+00 -6.00976813e+00 1.33850239e-03 2.02364842e-03 -2.42294619e+00
286              9.34634728e-02 1.05363552e+00 -8.46566842e+00 9.20795804e-02 1.05156001e+00 -6.03368334e+00 1.38389233e-03 2.07551467e-03 -2.43198507e+00
287              8.91363900e-02 1.05557741e+00 -8.49880759e+00 8.77137395e-02 1.05345407e+00 -6.05771512e+00 1.42265049e-03 2.12334084e-03 -2.44109247e+00
288              8.46870482e-02 1.05868969e+00 -8.53224491e+00 8.32334494e-02 1.05652162e+00 -6.08197842e+00 1.45359881e-03 2.16806362e-03 -2.45026649e+00
289              8.06898603e-02 1.06309741e+00 -8.56634857e+00 7.92130993e-02 1.06088856e+00 -6.10684047e+00 1.47676102e-03 2.20884484e-03 -2.45950811e+00
290              7.75194362e-02 1.06944994e+00 -8.60088353e+00 7.60269882e-02 1.06720660e+00 -6.13206874e+00 1.49244801e-03 2.24333894e-03 -2.46881479e+00
291              7.50907054e-02 1.07795391e+00 -8.63570949e+00 7.35865683e-02 1.07568190e+00 -6.15752814e+00 1.50413715e-03 2.27201157e-03 -2.47818135e+00
292              7.32692153e-02 1.08811438e+00 -8.67037020e+00 7.17553049e-02 1.08581801e+00 -6.18277182e+00 1.51391038e-03 2.29636837e-03 -2.48759838e+00
293              7.21611378e-02 1.09984910e+00 -8.70502120e+00 7.06383350e-02 1.09753313e+00 -6.20795926e+00 1.52280277e-03 2.31597294e-03 -2.49706194e+00
294              7.15158301e-02 1.11237239e+00 -8.73958985e+00 6.99861233e-02 1.11004151e+00 -6.23302023e+00 1.52970682e-03 2.33088651e-03 -2.50656962e+00
295              7.16804347e-02 1.12523186e+00 -8.77435863e+00 7.01437765e-02 1.12288846e+00 -6.25824592e+00 1.53665826e-03 2.34339823e-03 -2.51611271e+00
296              7.30785776e-02 1.13783314e+00 -8.80909413e+00 7.15317010e-02 1.13547889e+00 -6.28341068e+00 1.54687666e-03 2.35424415e-03 -2.52568345e+00
297              7.57905204e-02 1.14918051e+00 -8.84398001e+00 7.42295094e-02 1.14681992e+00 -6.30869854e+00 1.56101099e-03 2.36059146e-03 -2.53528147e+00
298              7.93571383e-02 1.15894412e+00 -8.87888710e+00 7.77795735e-02 1.15658406e+00 -6.33397542e+00 1.57756485e-03 2.36006264e-03 -2.54491168e+00
299              8.29024086e-02 1.16701480e+00 -8.91405818e+00 8.13088085e-02 1.16466303e+00 -6.35947683e+00 1.59360008e-03 2.35177248e-03 -2.55458134e+00
300              8.64653716e-02 1.17332493e+00 -8.94909750e+00 8.48602604e-02 1.17098457e+00 -6.38480524e+00 1.60511126e-03 2.34035942e-03 -2.56429226e+00
301              9.04808664e-02 1.17792974e+00 -8.96723307e+00 8.88725122e-02 1.17560715e+00 -6.39319318e+00 1.60835418e-03 2.32258684e-03 -2.57403989e+00
302              9.49536141e-02 1.18048205e+00 -8.99272738e+00 9.33527390e-02 1.17818221e+00 -6.40889731e+00 1.60087515e-03 2.29983472e-03 -2.58383007e+00
303              9.93458317e-02 1.18126150e+00 -9.03575973e+00 9.77608303e-02 1.17899040e+00 -6.44208491e+00 1.58500144e-03 2.27110709e-03 -2.59367482e+00
304              1.02842414e-01 1.18034490e+00 -9.08446837e+00 1.01278583e-01 1.17810557e+00 -6.48088951e+00 1.56383119e-03 2.23933227e-03 -2.60357886e+00
305              1.05634807e-01 1.17795982e+00 -9.12208121e+00 1.04096091e-01 1.17575573e+00 -6.50854214e+00 1.53871590e-03 2.20409421e-03 -2.61353907e+00
306              1.07829881e-01 1.17496285e+00 -9.14757274e+00 1.06316033e-01 1.17280033e+00 -6.52402311e+00 1.51384860e-03 2.16251681e-03 -2.62354963e+00
307              1.10021950e-01 1.17159731e+00 -9.17558582e+00 1.08526740e-01 1.16947899e+00 -6.54197680e+00 1.49521030e-03 2.11832113e-03 -2.63360902e+00
308              1.12435657e-01 1.16764364e+00 -9.21638791e+00 1.10951129e-01 1.16557117e+00 -6.57266186e+00 1.48452775e-03 2.07247856e-03 -2.64372605e+00
309              1.15056651e-01 1.16274486e+00 -9.26384509e+00 1.13574663e-01 1.16071248e+00 -6.60994024e+00 1.48198749e-03 2.03237303e-03 -2.65390485e+00
310              1.16956726e-01 1.15766601e+00 -9.30280514e+00 1.15467484e-01 1.15566531e+00 -6.63865997e+00 1.48924188e-03 2.00069036e-03 -2.66414517e+00
311              1.18479062e-01 1.15381238e+00 -9.32736330e+00 1.16971238e-01 1.15183145e+00 -6.65292638e+00 1.50782395e-03 1.98093294e-03 -2.67443691e+00
312              1.19991643e-01 1.15170108e+00 -9.34631831e+00 1.18453278e-01 1.14972337e+00 -6.66155311e+00 1.53836481e-03 1.97770981e-03 -2.68476520e+00
313              1.21519385e-01 1.15120763e+00 -9.37349126e+00 1.19940620e-01 1.14921880e+00 -6.67836692e+00 1.57876550e-03 1.98883338e-03 -2.69512433e+00
314              1.21884227e-01 1.15190463e+00 -9.41333748e+00 1.20257569e-01 1.14988822e+00 -6.70782056e+00 1.62665831e-03 2.01640788e-03 -2.70551692e+00
315              1.20278069e-01 1.15397783e+00 -9.45862082e+00 1.18599964e-01 1.15191372e+00 -6.74267106e+00 1.67810505e-03 2.06410607e-03 -2.71594975e+00
316              1.16139263e-01 1.15717175e+00 -9.49785875e+00 1.14412200e-01 1.15503964e+00 -6.77143682e+00 1.72706248e-03 2.13210301e-03 -2.72642193e+00
317              1.08757869e-01 1.16141174e+00 -9.52623451e+00 1.06988267e-01 1.15919238e+00 -6.78931346e+00 1.76960253e-03 2.21936944e-03 -2.73692105e+00
318              9.96595859e-02 1.16659477e+00 -9.54822417e+00 9.78543534e-02 1.16427226e+00 -6.80078697e+00 1.80523251e-03 2.32251586e-03 -2.74743720e+00
319              9.02229575e-02 1.17212059e+00 -9.57245442e+00 8.83861833e-02 1.16968523e+00 -6.81448653e+00 1.83677420e-03 2.43536676e-03 -2.75796789e+00
320              7.96213627e-02 1.17749350e+00 -9.60362537e+00 7.77578813e-02 1.17494575e+00 -6.83511285e+00 1.86348144e-03 2.54774857e-03 -2.76851252e+00
321              6.79803426e-02 1.18303332e+00 -9.64076921e+00 6.60955569e-02 1.18038515e+00 -6.86168380e+00 1.88478571e-03 2.64817581e-03 -2.77908541e+00
322              5.63156286e-02 1.18877026e+00 -9.67885420e+00 5.44135480e-02 1.18603658e+00 -6.88915875e+00 1.90208066e-03 2.73368770e-03 -2.78969544e+00
323              4.61404953e-02 1.19451534e+00 -9.71441371e+00 4.42220619e-02 1.19170528e+00 -6.91405813e+00 1.91843339e-03 2.81006432e-03 -2.80035558e+00
324              3.87299161e-02 1.20047865e+00 -9.74654763e+00 3.67916759e-02 1.19760216e+00 -6.93548013e+00 1.93824025e-03 2.87648802e-03 -2.81106750e+00
325              3.46196348e-02 1.20596531e+00 -9.77725025e+00 3.26534156e-02 1.20303557e+00 -6.95542571e+00 1.96621927e-03 2.92974174e-03 -2.82182453e+00
326              3.33998387e-02 1.21070200e+00 -9.80828945e+00 3.13940011e-02 1.20773651e+00 -6.97566230e+00 2.00583761e-03 2.96548786e-03 -2.83262715e+00
327              3.38836890e-02 1.21490755e+00 -9.84020689e+00 3.18268911e-02 1.21192756e+00 -6.99672540e+00 2.05679787e-03 2.97999369e-03 -2.84348149e+00
328              3.57472371e-02 1.21902085e+00 -9.87216281e+00 3.36259536e-02 1.21605009e+00 -7.01777135e+00 2.12128355e-03 2.97075438e-03 -2.85439146e+00
329              3.91502616e-02 1.22297655e+00 -9.90416891e+00 3.69567283e-02 1.22003636e+00 -7.03882397e+00 2.19353326e-03 2.94018736e-03 -2.86534493e+00
330              4.37642742e-02 1.22831473e+00 -9.93720942e+00 4.14953982e-02 1.22541956e+00 -7.06087962e+00 2.26887603e-03 2.89517055e-03 -2.87632980e+00
331              4.84106689e-02 1.23543870e+00 -9.97200449e+00 4.60711994e-02 1.23260061e+00 -7.08466494e+00 2.33946950e-03 2.83809121e-03 -2.88733954e+00
332              5.15351920e-02 1.24331632e+00 -1.00074199e+01 4.91373800e-02 1.24054607e+00 -7.10905084e+00 2.39781193e-03 2.77024323e-03 -2.89836904e+00
333              5.35620514e-02 1.25059069e+00 -1.00420712e+01 5.11245062e-02 1.24789599e+00 -7.13266401e+00 2.43754525e-03 2.69470372e-03 -2.90940715e+00
334              5.49521129e-02 1.25721166e+00 -1.00747816e+01 5.24956817e-02 1.25459618e+00 -7.15434179e+00 2.45643127e-03 2.61547424e-03 -2.92043984e+00
335              5.69796252e-02 1.26342412e+00 -1.01057462e+01 5.45245131e-02 1.26088603e+00 -7.17428497e+00 2.45511207e-03 2.53809424e-03 -2.93146118e+00
336              5.94147552e-02 1.26952335e+00 -1.01365332e+01 5.69788118e-02 1.26705497e+00 -7.19406303e+00 2.43594340e-03 2.46837508e-03 -2.94247017e+00
337              6.13584263e-02 1.27502790e+00 -1.01692335e+01 5.89573247e-02 1.27261661e+00 -7.21575982e+00 2.40110162e-03 2.41128919e-03 -2.95347372e+00
338              6.21889993e-02 1.27945918e+00 -1.02038756e+01 5.98385105e-02 1.27709377e+00 -7.23939878e+00 2.35048876e-03 2.36540712e-03 -2.96447683e+00
339              6.25412416e-02 1.28393377e+00 -1.02391187e+01 6.02563139e-02 1.28161034e+00 -7.26362381e+00 2.28492764e-03 2.32343337e-03 -2.97549492e+00
340              6.24813763e-02 1.28839014e+00 -1.02726985e+01 6.02715995e-02 1.28610957e+00 -7.28616604e+00 2.20977674e-03 2.28056272e-03 -2.98653251e+00
341              6.32072165e-02 1.29187941e+00 -1.03031994e+01 6.10771142e-02 1.28964017e+00 -7.30560908e+00 2.13010231e-03 2.23923934e-03 -2.99759031e+00
342              6.44252833e-02 1.29398278e+00 -1.03313810e+01 6.23710269e-02 1.29178227e+00 -7.32270816e+00 2.05425639e-03 2.20050606e-03 -3.00867280e+00
343              6.72490192e-02 1.29390810e+00 -1.03598911e+01 6.52568409e-02 1.29174150e+00 -7.34010702e+00 1.99217832e-03 2.16659645e-03 -3.01978405e+00
344              7.14778725e-02 1.29102304e+00 -1.03904490e+01 6.95316642e-02 1.28888568e+00 -7.35952354e+00 1.94620837e-03 2.13735796e-03 -3.03092547e+00
345              7.73986590e-02 1.28530216e+00 -1.04234957e+01 7.54819725e-02 1.28318552e+00 -7.38140072e+00 1.91668644e-03 2.11663907e-03 -3.04209498e+00
346              8.35103597e-02 1.27757188e+00 -1.04572868e+01 8.16128064e-02 1.27546596e+00 -7.40399913e+00 1.89755338e-03 2.10592139e-03 -3.05328768e+00
347              8.91432990e-02 1.26931888e+00 -1.04903874e+01 8.72558970e-02 1.26721526e+00 -7.42589685e+00 1.88740201e-03 2.10362282e-03 -3.06449051e+00
348              9.33280777e-02 1.26126783e+00 -1.05222684e+01 9.14429771e-02 1.25915168e+00 -7.44658035e+00 1.88510064e-03 2.11615277e-03 -3.07568809e+00
349              9.52586432e-02 1.25454713e+00 -1.05537855e+01 9.33687634e-02 1.25239918e+00 -7.46690895e+00 1.88987982e-03 2.14794807e-03 -3.08687657e+00
350              9.43873923e-02 1.24808085e+00 -1.05851056e+01 9.24873382e-02 1.24587956e+00 -7.48705514e+00 1.90005413e-03 2.20129412e-03 -3.09805050e+00
351              9.08300294e-02 1.24168331e+00 -1.06166302e+01 8.89149820e-02 1.23941044e+00 -7.50742682e+00 1.91504745e-03 2.27286650e-03 -3.10920334e+00
352              8.43568989e-02 1.23595303e+00 -1.06478679e+01 8.24264758e-02 1.23359392e+00 -7.52753837e+00 1.93042307e-03 2.35911578e-03 -3.12032951e+00
353              7.50696483e-02 1.23081945e+00 -1.06794243e+01 7.31245899e-02 1.22836358e+00 -7.54798910e+00 1.94505836e-03 2.45586846e-03 -3.13143521e+00
354              6.31019230e-02 1.22702833e+00 -1.07111410e+01 6.11467243e-02 1.22447158e+00 -7.56860935e+00 1.95519870e-03 2.55674755e-03 -3.14253164e+00
355              4.94221965e-02 1.22495558e+00 -1.07427122e+01 4.74614148e-02 1.22229612e+00 -7.58909186e+00 1.96078173e-03 2.65946063e-03 -3.15362031e+00
356              3.47681187e-02 1.22409140e+00 -1.07731575e+01 3.28029260e-02 1.22133281e+00 -7.60845564e+00 1.96519270e-03 2.75859170e-03 -3.16470191e+00
357              1.91866618e-02 1.22428703e+00 -1.08020773e+01 1.72185713e-02 1.22143740e+00 -7.62629119e+00 1.96809050e-03 2.84962336e-03 -3.17578609e+00
358              4.55935501e-03 1.22484417e+00 -1.08290663e+01 2.59425827e-03 1.22191117e+00 -7.64217936e+00 1.96509674e-03 2.93300150e-03 -3.18688692e+00
359              -8.78811643e-03 1.22743026e+00 -1.08547849e+01 -1.07429610e-02 1.22442911e+00 -7.65676784e+00 1.95484459e-03 3.00115730e-03 -3.19801701e+00
360              -2.05942747e-02 1.23162800e+00 -1.08802876e+01 -2.25380831e-02 1.22857991e+00 -7.67110470e+00 1.94380840e-03 3.04808676e-03 -3.20918286e+00
361              -3.07163808e-02 1.23606131e+00 -1.09066132e+01 -3.26538847e-02 1.23299090e+00 -7.68622402e+00 1.93750383e-03 3.07040633e-03 -3.22038915e+00
362              -3.91705920e-02 1.24059875e+00 -1.09337781e+01 -4.11111635e-02 1.23753790e+00 -7.70214467e+00 1.94057143e-03 3.06085300e-03 -3.23163344e+00
363              -4.69670601e-02 1.24633429e+00 -1.09613169e+01 -4.89213204e-02 1.24331506e+00 -7.71840802e+00 1.95426035e-03 3.01923395e-03 -3.24290892e+00
364              -5.50626261e-02 1.25446901e+00 -1.09882077e+01 -5.70411958e-02 1.25151827e+00 -7.73400863e+00 1.97856974e-03 2.95073645e-03 -3.25419902e+00
365              -6.29857067e-02 1.26557012e+00 -1.10149031e+01 -6.49970324e-02 1.26270606e+00 -7.74942030e+00 2.01132573e-03 2.86405936e-03 -3.26548277e+00
366              -7.00646055e-02 1.27869800e+00 -1.10424410e+01 -7.21061829e-02 1.27593487e+00 -7.76570068e+00 2.04157745e-03 2.76313174e-03 -3.27674033e+00
367              -7.63530803e-02 1.29351554e+00 -1.10712804e+01 -7.84114007e-02 1.29086257e+00 -7.78331640e+00 2.05832036e-03 2.65297361e-03 -3.28796398e+00
368              -8.18397541e-02 1.30892657e+00 -1.11002563e+01 -8.38945570e-02 1.30638657e+00 -7.80111083e+00 2.05480288e-03 2.53999490e-03 -3.29914552e+00
369              -8.58671478e-02 1.32362976e+00 -1.11283797e+01 -8.79015048e-02 1.32119914e+00 -7.81810746e+00 2.03435702e-03 2.43061773e-03 -3.31027225e+00
370              -8.80185773e-02 1.33732961e+00 -1.11553072e+01 -9.00194712e-02 1.33500122e+00 -7.83396731e+00 2.00089400e-03 2.32838927e-03 -3.32133993e+00
371              -8.78782518e-02 1.34976458e+00 -1.11818885e+01 -8.98381995e-02 1.34752480e+00 -7.84954034e+00 1.95994768e-03 2.23978462e-03 -3.33234820e+00
372              -8.50318112e-02 1.36091368e+00 -1.12085769e+01 -8.69438241e-02 1.35874793e+00 -7.86527235e+00 1.91201297e-03 2.16575283e-03 -3.34330453e+00
373              -7.99916039e-02 1.36965538e+00 -1.12357680e+01 -8.18413006e-02 1.36754954e+00 -7.88154267e+00 1.84969670e-03 2.10583954e-03 -3.35422535e+00
374              -7.30385611e-02 1.37638233e+00 -1.12625110e+01 -7.48115852e-02 1.37432359e+00 -7.89738549e+00 1.77302410e-03 2.05874049e-03 -3.36512546e+00
375              -6.29216625e-02 1.38069442e+00 -1.12880979e+01 -6.46062805e-02 1.37867366e+00 -7.91207606e+00 1.68461793e-03 2.02075455e-03 -3.37602186e+00
376              -4.88202534e-02 1.38192693e+00 -1.13121050e+01 -5.04159907e-02 1.37993452e+00 -7.92518695e+00 1.59573726e-03 1.99240657e-03 -3.38691801e+00
377              -3.06910830e-02 1.37882003e+00 -1.13346965e+01 -3.22084476e-02 1.37685196e+00 -7.93687118e+00 1.51736461e-03 1.96806280e-03 -3.39782533e+00
378              -1.02112351e-02 1.37279189e+00 -1.13572917e+01 -1.16632996e-02 1.37085143e+00 -7.94854725e+00 1.45206456e-03 1.94045828e-03 -3.40874446e+00
379              1.15327088e-02 1.36554157e+00 -1.13828960e+01 1.01311762e-02 1.36363509e+00 -7.96311503e+00 1.40153263e-03 1.90647472e-03 -3.41978099e+00
380              3.35088996e-02 1.35468462e+00 -1.14090829e+01 3.21406016e-02 1.35281540e+00 -7.97826180e+00 1.36829799e-03 1.86922082e-03 -3.43082109e+00
381              5.40087986e-02 1.33986781e+00 -1.14336396e+01 5.26666607e-02 1.33803431e+00 -7.99178735e+00 1.34213791e-03 1.83350495e-03 -3.44185225e+00
382              7.29516001e-02 1.32379567e+00 -1.14563066e+01 7.16396482e-02 1.32199541e+00 -8.00343840e+00 1.31195190e-03 1.80026423e-03 -3.45286816e+00
383              9.01192758e-02 1.30861567e+00 -1.14792653e+01 8.88394739e-02 1.30683833e+00 -8.01540986e+00 1.27980191e-03 1.77734002e-03 -3.46385541e+00
384              1.04756333e-01 1.29555493e+00 -1.15042155e+01 1.03503741e-01 1.29378251e+00 -8.02941654e+00 1.25259233e-03 1.77242131e-03 -3.47479896e+00
385              1.16001865e-01 1.28445852e+00 -1.15307584e+01 1.14770038e-01 1.28267067e+00 -8.04506592e+00 1.23182695e-03 1.78784941e-03 -3.48569247e+00
386              1.22559905e-01 1.27537173e+00 -1.15566496e+01 1.21342127e-01 1.27355068e+00 -8.06011854e+00 1.21777817e-03 1.82105603e-03 -3.49653106e+00
387              1.24004234e-01 1.26832287e+00 -1.15807452e+01 1.22792895e-01 1.26645144e+00 -8.07343166e+00 1.21133921e-03 1.87142723e-03 -3.50731355e+00
388              1.21229822e-01 1.26299898e+00 -1.16035350e+01 1.20016624e-01 1.26105471e+00 -8.08550872e+00 1.21319864e-03 1.94426975e-03 -3.51802625e+00
389              1.15933150e-01 1.25874296e+00 -1.16265119e+01 1.14714781e-01 1.25670487e+00 -8.09784940e+00 1.21836933e-03 2.03809429e-03 -3.52866254e+00
390              1.07951324e-01 1.25611498e+00 -1.16504044e+01 1.06727121e-01 1.25397078e+00 -8.11116265e+00 1.22420284e-03 2.14420132e-03 -3.53924171e+00
391              9.66864679e-02 1.25511640e+00 -1.16753036e+01 9.54509721e-02 1.25285936e+00 -8.12551924e+00 1.23549572e-03 2.25703398e-03 -3.54978436e+00
392              8.25220206e-02 1.25600069e+00 -1.16995541e+01 8.12686987e-02 1.25362721e+00 -8.13925910e+00 1.25332190e-03 2.37347544e-03 -3.56029499e+00
393              6.75140876e-02 1.25912398e+00 -1.17221714e+01 6.62382241e-02 1.25663900e+00 -8.15138539e+00 1.27586346e-03 2.48497437e-03 -3.57078600e+00
394              5.28874241e-02 1.26428692e+00 -1.17433388e+01 5.15847041e-02 1.26169560e+00 -8.16206731e+00 1.30271999e-03 2.59132520e-03 -3.58127147e+00
395              3.93899681e-02 1.27086169e+00 -1.17642628e+01 3.80566680e-02 1.26817563e+00 -8.17250964e+00 1.33330018e-03 2.68606236e-03 -3.59175319e+00
396              2.62194453e-02 1.27842823e+00 -1.17859056e+01 2.48524248e-02 1.27567086e+00 -8.18366561e+00 1.36702048e-03 2.75736527e-03 -3.60223996e+00
397              1.37634053e-02 1.28641543e+00 -1.18088616e+01 1.23561504e-02 1.28362014e+00 -8.19613598e+00 1.40725497e-03 2.79528915e-03 -3.61272564e+00
398              2.11403640e-03 1.29530821e+00 -1.18322824e+01 6.57109294e-04 1.29251463e+00 -8.20907813e+00 1.45692711e-03 2.79358038e-03 -3.62320432e+00
399              -8.81851578e-03 1.30556110e+00 -1.18549318e+01 -1.03315025e-02 1.30280718e+00 -8.22127308e+00 1.51298673e-03 2.75392225e-03 -3.63365870e+00
400              -1.91196228e-02 1.31843999e+00 -1.18764799e+01 -2.06973827e-02 1.31576181e+00 -8.23240110e+00 1.57775982e-03 2.67817751e-03 -3.64407880e+00
401              -2.85867260e-02 1.33358448e+00 -1.18979374e+01 -3.02313178e-02 1.33100733e+00 -8.24348423e+00 1.64459177e-03 2.57714930e-03 -3.65445319e+00
402              -3.72968187e-02 1.35008096e+00 -1.19201776e+01 -3.89996093e-02 1.34762117e+00 -8.25540892e+00 1.70279059e-03 2.45979092e-03 -3.66476870e+00
403              -4.55745946e-02 1.36707153e+00 -1.19433880e+01 -4.73168661e-02 1.36473223e+00 -8.26837088e+00 1.74227156e-03 2.33930202e-03 -3.67501709e+00
404              -5.35850144e-02 1.38482208e+00 -1.19664554e+01 -5.53431688e-02 1.38259772e+00 -8.28126602e+00 1.75815440e-03 2.22435896e-03 -3.68518937e+00
405              -6.00667486e-02 1.40210641e+00 -1.19882867e+01 -6.18165912e-02 1.39998636e+00 -8.29300207e+00 1.74984259e-03 2.12004857e-03 -3.69528463e+00
406              -6.31690097e-02 1.41819153e+00 -1.20086500e+01 -6.48859333e-02 1.41616103e+00 -8.30334924e+00 1.71692361e-03 2.03050140e-03 -3.70530074e+00
407              -6.37650945e-02 1.43238299e+00 -1.20286991e+01 -6.54334353e-02 1.43042251e+00 -8.31345076e+00 1.66834089e-03 1.96048247e-03 -3.71524837e+00
408              -6.28609701e-02 1.44449099e+00 -1.20491043e+01 -6.44698241e-02 1.44257766e+00 -8.32397720e+00 1.60885395e-03 1.91332491e-03 -3.72512711e+00
409              -6.15581688e-02 1.45324509e+00 -1.20700241e+01 -6.30944692e-02 1.45135665e+00 -8.33507633e+00 1.53630045e-03 1.88844278e-03 -3.73494778e+00
410              -5.87081592e-02 1.45759106e+00 -1.20904816e+01 -6.01640929e-02 1.45570925e+00 -8.34576114e+00 1.45593369e-03 1.88181325e-03 -3.74472042e+00
411              -5.30513501e-02 1.45723701e+00 -1.21097915e+01 -5.44227031e-02 1.45534290e+00 -8.35534009e+00 1.37135302e-03 1.89411193e-03 -3.75445143e+00
412              -4.43428896e-02 1.45304860e+00 -1.21277197e+01 -4.56265291e-02 1.45113489e+00 -8.36357353e+00 1.28363952e-03 1.91370999e-03 -3.76414617e+00
413              -3.30808046e-02 1.44509401e+00 -1.21450605e+01 -3.42857781e-02 1.44316259e+00 -8.37123930e+00 1.20497355e-03 1.93141833e-03 -3.77382125e+00
414              -1.97251760e-02 1.43286806e+00 -1.21622849e+01 -2.08693719e-02 1.43092465e+00 -8.37880411e+00 1.14419584e-03 1.94340516e-03 -3.78348080e+00
415              -4.29842031e-03 1.41594648e+00 -1.21801600e+01 -5.39753810e-03 1.41399889e+00 -8.38703273e+00 1.09911779e-03 1.94759095e-03 -3.79312729e+00
416              1.18701659e-02 1.39555798e+00 -1.21989755e+01 1.08055804e-02 1.39361531e+00 -8.39621561e+00 1.06458550e-03 1.94266984e-03 -3.80275990e+00
417              2.71219865e-02 1.37204362e+00 -1.22179060e+01 2.60879351e-02 1.37010632e+00 -8.40553218e+00 1.03405141e-03 1.93730132e-03 -3.81237378e+00
418              4.10459059e-02 1.34784056e+00 -1.22360865e+01 4.00438785e-02 1.34590135e+00 -8.41413003e+00 1.00202733e-03 1.93920633e-03 -3.82195643e+00
419              5.38462270e-02 1.32437328e+00 -1.22539551e+01 5.28826498e-02 1.32242507e+00 -8.42245723e+00 9.63577165e-04 1.94820884e-03 -3.83149788e+00
420              6.50674261e-02 1.30307897e+00 -1.22720591e+01 6.41413414e-02 1.30111772e+00 -8.43106864e+00 9.26084635e-04 1.96125798e-03 -3.84099050e+00
421              7.32976084e-02 1.28424041e+00 -1.22911675e+01 7.24046120e-02 1.28226096e+00 -8.44074162e+00 8.92996405e-04 1.97945317e-03 -3.85042586e+00
422              7.81819713e-02 1.26927338e+00 -1.23105256e+01 7.73133325e-02 1.26726585e+00 -8.45073172e+00 8.68638788e-04 2.00752809e-03 -3.85979386e+00
423              7.95286757e-02 1.25912403e+00 -1.23290705e+01 7.86724555e-02 1.25708185e+00 -8.45997368e+00 8.56220184e-04 2.04218285e-03 -3.86909679e+00
424              7.81833784e-02 1.25375174e+00 -1.23460152e+01 7.73314212e-02 1.25166796e+00 -8.46768657e+00 8.51957203e-04 2.08378423e-03 -3.87832867e+00
425              7.40810699e-02 1.25182746e+00 -1.23620103e+01 7.32323319e-02 1.24969533e+00 -8.47452334e+00 8.48737984e-04 2.13212545e-03 -3.88748692e+00
426              6.71436536e-02 1.25238622e+00 -1.23780677e+01 6.63041059e-02 1.25019715e+00 -8.48149050e+00 8.39547711e-04 2.18907766e-03 -3.89657722e+00
427              5.81693157e-02 1.25586985e+00 -1.23946775e+01 5.73442992e-02 1.25361709e+00 -8.48906185e+00 8.25016465e-04 2.25275789e-03 -3.90561566e+00
428              4.80532196e-02 1.26239767e+00 -1.24111727e+01 4.72486382e-02 1.26006726e+00 -8.49656348e+00 8.04581340e-04 2.33041121e-03 -3.91460919e+00
429              3.69775479e-02 1.27130551e+00 -1.24269582e+01 3.61957664e-02 1.26888584e+00 -8.50339768e+00 7.81781486e-04 2.41966395e-03 -3.92356049e+00
430              2.55049280e-02 1.28315509e+00 -1.24415414e+01 2.47439034e-02 1.28064237e+00 -8.50906049e+00 7.61024565e-04 2.51272499e-03 -3.93248094e+00
431              1.41284670e-02 1.29670176e+00 -1.24552070e+01 1.33854156e-02 1.29409838e+00 -8.51382565e+00 7.43051442e-04 2.60338268e-03 -3.94138135e+00
432              2.96423057e-03 1.31099625e+00 -1.24684053e+01 2.23559944e-03 1.30832264e+00 -8.51813821e+00 7.28631131e-04 2.67360795e-03 -3.95026704e+00
433              -7.07841237e-03 1.32435266e+00 -1.24825312e+01 -7.80240851e-03 1.32163125e+00 -8.52339349e+00 7.23996144e-04 2.72141911e-03 -3.95913775e+00
434              -1.56026214e-02 1.33623074e+00 -1.24981969e+01 -1.63316113e-02 1.33349622e+00 -8.53021558e+00 7.28989868e-04 2.73452113e-03 -3.96798131e+00
435              -2.32991353e-02 1.34661768e+00 -1.25146438e+01 -2.40453394e-02 1.34391068e+00 -8.53784466e+00 7.46204065e-04 2.70700400e-03 -3.97679911e+00
436              -3.02172622e-02 1.35718747e+00 -1.25308519e+01 -3.09949424e-02 1.35454427e+00 -8.54526436e+00 7.77680240e-04 2.64320253e-03 -3.98558758e+00
437              -3.63113605e-02 1.36880936e+00 -1.25464963e+01 -3.71344642e-02 1.36625248e+00 -8.55216669e+00 8.23103742e-04 2.55688371e-03 -3.99432962e+00
438              -4.08416428e-02 1.38105419e+00 -1.25618936e+01 -4.17131617e-02 1.37859775e+00 -8.55887564e+00 8.71518974e-04 2.45644582e-03 -4.00301793e+00
439              -4.40457411e-02 1.39313410e+00 -1.25785400e+01 -4.49610391e-02 1.39078282e+00 -8.56689550e+00 9.15298023e-04 2.35128896e-03 -4.01164447e+00
440              -4.60949316e-02 1.40651678e+00 -1.25962361e+01 -4.70431707e-02 1.40426707e+00 -8.57603175e+00 9.48239043e-04 2.24971340e-03 -4.02020433e+00
441              -4.76840824e-02 1.42076287e+00 -1.26139778e+01 -4.86475565e-02 1.41860561e+00 -8.58528149e+00 9.63474055e-04 2.15725664e-03 -4.02869631e+00
442              -4.72660128e-02 1.43481554e+00 -1.26301847e+01 -4.82264510e-02 1.43274015e+00 -8.59306844e+00 9.60438188e-04 2.07538691e-03 -4.03711623e+00
443              -4.40942369e-02 1.44851451e+00 -1.26449389e+01 -4.50366729e-02 1.44650989e+00 -8.59946975e+00 9.42435992e-04 2.00462479e-03 -4.04546910e+00
444              -3.89022322e-02 1.46111068e+00 -1.26590804e+01 -3.98191169e-02 1.45916175e+00 -8.60532630e+00 9.16884668e-04 1.94893286e-03 -4.05375411e+00
445              -3.30829303e-02 1.47288432e+00 -1.26732751e+01 -3.39669532e-02 1.47097288e+00 -8.61128621e+00 8.84022856e-04 1.91143598e-03 -4.06198886e+00
446              -2.71144084e-02 1.48301785e+00 -1.26875207e+01 -2.79550647e-02 1.48112834e+00 -8.61734109e+00 8.40656321e-04 1.88951318e-03 -4.07017965e+00
447              -2.03701040e-02 1.49148740e+00 -1.27011891e+01 -2.11619082e-02 1.48960688e+00 -8.62285488e+00 7.91804219e-04 1.88052295e-03 -4.07833422e+00
448              -1.23897720e-02 1.49809465e+00 -1.27134942e+01 -1.31326180e-02 1.49620618e+00 -8.62703829e+00 7.42845950e-04 1.88847128e-03 -4.08645589e+00
449              -2.86607051e-03 1.50252744e+00 -1.27244320e+01 -3.56281728e-03 1.50061982e+00 -8.62988021e+00 6.96746765e-04 1.90761979e-03 -4.09455176e+00
450              8.56536814e-03 1.50433994e+00 -1.27343012e+01 7.90888611e-03 1.50240368e+00 -8.63167001e+00 6.56482034e-04 1.93625191e-03 -4.10263114e+00
451              2.12120636e-02 1.50190324e+00 -1.27445641e+01 2.05871853e-02 1.49993314e+00 -8.63386521e+00 6.24878370e-04 1.97010475e-03 -4.11069889e+00
452              3.45073826e-02 1.49554605e+00 -1.27560389e+01 3.39090956e-02 1.49354294e+00 -8.63728753e+00 5.98286956e-04 2.00311010e-03 -4.11875135e+00
453              4.70667014e-02 1.48439693e+00 -1.27688365e+01 4.64967109e-02 1.48235377e+00 -8.64205603e+00 5.69990534e-04 2.04316274e-03 -4.12678043e+00
454              5.81109769e-02 1.46961771e+00 -1.27819021e+01 5.75777797e-02 1.46752916e+00 -8.64711669e+00 5.33197192e-04 2.08855044e-03 -4.13478539e+00
455              6.80132791e-02 1.45258694e+00 -1.27944712e+01 6.75219507e-02 1.45044317e+00 -8.65171929e+00 4.91328429e-04 2.14376892e-03 -4.14275192e+00
456              7.73660488e-02 1.43441123e+00 -1.28065108e+01 7.69181681e-02 1.43221117e+00 -8.65584995e+00 4.47880696e-04 2.20006066e-03 -4.15066085e+00
457              8.49755083e-02 1.41627816e+00 -1.28191987e+01 8.45705352e-02 1.41402349e+00 -8.66069165e+00 4.04973166e-04 2.25467245e-03 -4.15850703e+00
458              8.97151460e-02 1.40040052e+00 -1.28328808e+01 8.93489612e-02 1.39809264e+00 -8.66658974e+00 3.66184806e-04 2.30787842e-03 -4.16629104e+00
459              9.11714592e-02 1.38727086e+00 -1.28471045e+01 9.08290272e-02 1.38490714e+00 -8.67309968e+00 3.42431965e-04 2.36372109e-03 -4.17400477e+00
460              9.07197712e-02 1.37685064e+00 -1.28604077e+01 9.03865081e-02 1.37442997e+00 -8.67875898e+00 3.33263105e-04 2.42066527e-03 -4.18164873e+00
461              8.78020217e-02 1.36917756e+00 -1.28727518e+01 8.74688666e-02 1.36670093e+00 -8.68352754e+00 3.33155083e-04 2.47662800e-03 -4.18922429e+00
462              8.25039271e-02 1.36342072e+00 -1.28843984e+01 8.21666135e-02 1.36088927e+00 -8.68766724e+00 3.37313576e-04 2.53144556e-03 -4.19673111e+00
463              7.54577239e-02 1.35955232e+00 -1.28961839e+01 7.51148178e-02 1.35696642e+00 -8.69200247e+00 3.42906095e-04 2.58590238e-03 -4.20418139e+00
464              6.70644447e-02 1.35847967e+00 -1.29082149e+01 6.67170816e-02 1.35583743e+00 -8.69663666e+00 3.47363176e-04 2.64224199e-03 -4.21157820e+00
465              5.74418707e-02 1.36068765e+00 -1.29201711e+01 5.70853888e-02 1.35798698e+00 -8.70123064e+00 3.56481910e-04 2.70066216e-03 -4.21894044e+00
466              4.68508864e-02 1.36683743e+00 -1.29311635e+01 4.64838053e-02 1.36407557e+00 -8.70489282e+00 3.67081087e-04 2.76186323e-03 -4.22627064e+00
467              3.64824868e-02 1.37597511e+00 -1.29409793e+01 3.61030144e-02 1.37315498e+00 -8.70740173e+00 3.79472406e-04 2.82012513e-03 -4.23357759e+00
468              2.59379607e-02 1.38763665e+00 -1.29495829e+01 2.55451881e-02 1.38477148e+00 -8.70871351e+00 3.92772667e-04 2.86517714e-03 -4.24086942e+00
469              1.60348821e-02 1.39993804e+00 -1.29581873e+01 1.56258095e-02 1.39705151e+00 -8.71004288e+00 4.09072552e-04 2.88652668e-03 -4.24814445e+00
470              7.16528012e-03 1.41217820e+00 -1.29678998e+01 6.73333049e-03 1.40929863e+00 -8.71250040e+00 4.31949625e-04 2.87956516e-03 -4.25539941e+00
471              -6.14395494e-04 1.42321356e+00 -1.29792792e+01 -1.07761027e-03 1.42037044e+00 -8.71665818e+00 4.63214781e-04 2.84311954e-03 -4.26262100e+00
472              -7.32422844e-03 1.43319283e+00 -1.29913212e+01 -7.83065976e-03 1.43040930e+00 -8.72151614e+00 5.06431316e-04 2.78353294e-03 -4.26980510e+00
473              -1.32492182e-02 1.44242857e+00 -1.30030215e+01 -1.38053190e-02 1.43971796e+00 -8.72607488e+00 5.56100818e-04 2.71060914e-03 -4.27694660e+00
474              -1.86541176e-02 1.45162915e+00 -1.30140675e+01 -1.92587857e-02 1.44900278e+00 -8.73002660e+00 6.04668084e-04 2.62637002e-03 -4.28404087e+00
475              -2.31785734e-02 1.46069192e+00 -1.30254733e+01 -2.38213444e-02 1.45815025e+00 -8.73439509e+00 6.42770962e-04 2.54167199e-03 -4.29107819e+00
476              -2.74386513e-02 1.46965485e+00 -1.30378432e+01 -2.81037043e-02 1.46719585e+00 -8.73979113e+00 6.65052998e-04 2.45900251e-03 -4.29805206e+00
477              -3.02890808e-02 1.47711286e+00 -1.30511872e+01 -3.09608701e-02 1.47473222e+00 -8.74623050e+00 6.71789341e-04 2.38064117e-03 -4.30495673e+00
478              -3.07409638e-02 1.48221806e+00 -1.30641027e+01 -3.14029980e-02 1.47990756e+00 -8.75231682e+00 6.62034252e-04 2.31049984e-03 -4.31178588e+00
479              -2.88292720e-02 1.48477428e+00 -1.30762556e+01 -2.94633723e-02 1.48252664e+00 -8.75770266e+00 6.34100316e-04 2.24764499e-03 -4.31855291e+00
480              -2.56542482e-02 1.48589672e+00 -1.30873328e+01 -2.62501497e-02 1.48370274e+00 -8.76206546e+00 5.95901484e-04 2.19397738e-03 -4.32526731e+00
481              -2.22674335e-02 1.48582241e+00 -1.30982866e+01 -2.28207871e-02 1.48366651e+00 -8.76635863e+00 5.53353648e-04 2.15590196e-03 -4.33192800e+00
482              -1.92600285e-02 1.48468959e+00 -1.31094620e+01 -1.97693013e-02 1.48255972e+00 -8.77091971e+00 5.09272833e-04 2.12987478e-03 -4.33854232e+00
483              -1.59626209e-02 1.48217006e+00 -1.31207063e+01 -1.64247551e-02 1.48005728e+00 -8.77558643e+00 4.62134156e-04 2.11278157e-03 -4.34511988e+00
484              -1.23522841e-02 1.47811176e+00 -1.31311579e+01 -1.27685479e-02 1.47600418e+00 -8.77949081e+00 4.16263822e-04 2.10757499e-03 -4.35166705e+00
485              -8.57236805e-03 1.47349615e+00 -1.31405015e+01 -8.94965493e-03 1.47138050e+00 -8.78230895e+00 3.77286879e-04 2.11565058e-03 -4.35819255e+00
486              -4.12389297e-03 1.46834853e+00 -1.31487475e+01 -4.47018289e-03 1.46621497e+00 -8.78404766e+00 3.46289920e-04 2.13356198e-03 -4.36469980e+00
487              1.40234604e-03 1.46283718e+00 -1.31570033e+01 1.07861769e-03 1.46068088e+00 -8.78581664e+00 3.23728355e-04 2.15630211e-03 -4.37118664e+00
488              7.27700108e-03 1.45613979e+00 -1.31659760e+01 6.96859655e-03 1.45396198e+00 -8.78832219e+00 3.08404529e-04 2.17781724e-03 -4.37765385e+00
489              1.27221240e-02 1.44717284e+00 -1.31761277e+01 1.24276270e-02 1.44497295e+00 -8.79203612e+00 2.94497032e-04 2.19989468e-03 -4.38409162e+00
490              1.74202444e-02 1.43680274e+00 -1.31865646e+01 1.71471655e-02 1.43457832e+00 -8.79606545e+00 2.73078857e-04 2.22441693e-03 -4.39049917e+00
491              2.16508298e-02 1.42607976e+00 -1.31966312e+01 2.14070879e-02 1.42383324e+00 -8.79976279e+00 2.43741909e-04 2.24651849e-03 -4.39686839e+00
492              2.57903660e-02 1.41589008e+00 -1.32058339e+01 2.55806120e-02 1.41362355e+00 -8.80265080e+00 2.09754089e-04 2.26652815e-03 -4.40318308e+00
493              2.95080576e-02 1.40801174e+00 -1.32148727e+01 2.93318906e-02 1.40572455e+00 -8.80543676e+00 1.76166944e-04 2.28718680e-03 -4.40943590e+00
494              3.17998266e-02 1.40207217e+00 -1.32242095e+01 3.16545084e-02 1.39975902e+00 -8.80859181e+00 1.45318216e-04 2.31315442e-03 -4.41561768e+00
495              3.25869839e-02 1.39732065e+00 -1.32340688e+01 3.24693518e-02 1.39497439e+00 -8.81234321e+00 1.17632108e-04 2.34625996e-03 -4.42172558e+00
496              3.23697389e-02 1.39343791e+00 -1.32441410e+01 3.22742592e-02 1.39105610e+00 -8.81637421e+00 9.54797251e-05 2.38181028e-03 -4.42776684e+00
497              3.11673150e-02 1.39100518e+00 -1.32538263e+01 3.10905254e-02 1.38858872e+00 -8.82007913e+00 7.67895664e-05 2.41646050e-03 -4.43374714e+00
498              2.87809453e-02 1.38945170e+00 -1.32627530e+01 2.87256400e-02 1.38700456e+00 -8.82308118e+00 5.53053118e-05 2.44714157e-03 -4.43967183e+00
499              2.57669919e-02 1.38876129e+00 -1.32716226e+01 2.57325826e-02 1.38629009e+00 -8.82607474e+00 3.44093134e-05 2.47119690e-03 -4.44554790e+00
500              2.22559421e-02 1.38778775e+00 -1.32805430e+01 2.22386589e-02 1.38528992e+00 -8.82917419e+00 1.72831754e-05 2.49782488e-03 -4.45136886e+00
501              1.85926844e-02 1.38676816e+00 -1.32898458e+01 1.85885186e-02 1.38424520e+00 -8.83269886e+00 4.16582919e-06 2.52296086e-03 -4.45714697e+00
502              1.46066295e-02 1.38664012e+00 -1.32989434e+01 1.46115080e-02 1.38409714e+00 -8.83604539e+00 -4.87844547e-06 2.54298098e-03 -4.46289802e+00
503              1.06926288e-02 1.38793023e+00 -1.33074093e+01 1.07017086e-02 1.38537051e+00 -8.83878157e+00 -9.07982177e-06 2.55971720e-03 -4.46862771e+00
504              7.46995941e-03 1.38972624e+00 -1.33151925e+01 7.47497670e-03 1.38715601e+00 -8.84086294e+00 -5.01728715e-06 2.57022708e-03 -4.47432956e+00
505              5.07358362e-03 1.39062531e+00 -1.33233246e+01 5.06324063e-03 1.38805699e+00 -8.84332048e+00 1.03429927e-05 2.56831813e-03 -4.48000407e+00
506              3.20886094e-03 1.38966954e+00 -1.33323521e+01 3.16636752e-03 1.38711738e+00 -8.84670532e+00 4.24934225e-05 2.55215528e-03 -4.48564681e+00
507              1.13734097e-03 1.38739082e+00 -1.33424930e+01 1.04447472e-03 1.38487240e+00 -8.85123873e+00 9.28662406e-05 2.51841813e-03 -4.49125429e+00
508              -1.03101758e-03 1.38482328e+00 -1.33530684e+01 -1.19047371e-03 1.38235612e+00 -8.85623791e+00 1.59456131e-04 2.46715937e-03 -4.49683047e+00
509              -3.00391735e-03 1.38297799e+00 -1.33635024e+01 -3.23901892e-03 1.38057828e+00 -8.86113438e+00 2.35101569e-04 2.39970113e-03 -4.50236801e+00
510              -4.20219817e-03 1.38213916e+00 -1.33736493e+01 -4.51015330e-03 1.37981814e+00 -8.86579083e+00 3.07955133e-04 2.32102072e-03 -4.50785843e+00
511              -5.43176004e-03 1.38224499e+00 -1.33837285e+01 -5.80093520e-03 1.38000545e+00 -8.87043609e+00 3.69175156e-04 2.23954398e-03 -4.51329240e+00
512              -6.72171980e-03 1.38273231e+00 -1.33939313e+01 -7.13358374e-03 1.38057869e+00 -8.87525757e+00 4.11863941e-04 2.15361984e-03 -4.51867369e+00
513              -7.57214599e-03 1.38384785e+00 -1.34042252e+01 -8.00822414e-03 1.38177618e+00 -8.88023112e+00 4.36078141e-04 2.07166300e-03 -4.52399409e+00
514              -7.45095514e-03 1.38570859e+00 -1.34139326e+01 -7.89312667e-03 1.38371307e+00 -8.88468508e+00 4.42171529e-04 1.99551646e-03 -4.52924754e+00
515              -6.31449968e-03 1.38787366e+00 -1.34231835e+01 -6.74577562e-03 1.38594555e+00 -8.88874845e+00 4.31275938e-04 1.92811217e-03 -4.53443506e+00
516              -5.06902710e-03 1.39141163e+00 -1.34318399e+01 -5.47245417e-03 1.38954099e+00 -8.89227120e+00 4.03427070e-04 1.87063880e-03 -4.53956867e+00
517              -4.13760577e-03 1.39501291e+00 -1.34402452e+01 -4.50094521e-03 1.39318538e+00 -8.89558172e+00 3.63339449e-04 1.82752516e-03 -4.54466349e+00
518              -3.76524138e-03 1.39780107e+00 -1.34485062e+01 -4.07514207e-03 1.39599888e+00 -8.89878285e+00 3.09900687e-04 1.80219208e-03 -4.54972331e+00
519              -3.33530705e-03 1.40105542e+00 -1.34566448e+01 -3.58311346e-03 1.39926823e+00 -8.90188722e+00 2.47806414e-04 1.78718355e-03 -4.55475756e+00
520              -2.65278351e-03 1.40513184e+00 -1.34642720e+01 -2.83863028e-03 1.40334908e+00 -8.90449858e+00 1.85846771e-04 1.78276335e-03 -4.55977345e+00
521              -1.16452784e-03 1.40894420e+00 -1.34716073e+01 -1.29297008e-03 1.40715394e+00 -8.90682871e+00 1.28442246e-04 1.79025943e-03 -4.56477858e+00
522              1.39693661e-03 1.41096524e+00 -1.34788598e+01 1.31806305e-03 1.40914749e+00 -8.90909572e+00 7.88735636e-05 1.81775028e-03 -4.56976406e+00
523              4.69188776e-03 1.41037070e+00 -1.34865197e+01 4.65697324e-03 1.40851123e+00 -8.91180245e+00 3.49145120e-05 1.85947513e-03 -4.57471721e+00
524              7.41475676e-03 1.40743642e+00 -1.34946276e+01 7.42245975e-03 1.40552877e+00 -8.91498740e+00 -7.70298726e-06 1.90765638e-03 -4.57964023e+00
525              9.44769245e-03 1.40410419e+00 -1.35031050e+01 9.49531591e-03 1.40214300e+00 -8.91857306e+00 -4.76234689e-05 1.96118510e-03 -4.58453199e+00
526              1.10960943e-02 1.40125347e+00 -1.35117476e+01 1.11763051e-02 1.39923556e+00 -8.92236021e+00 -8.02108119e-05 2.01791392e-03 -4.58938737e+00
527              1.24180316e-02 1.39828576e+00 -1.35205346e+01 1.25203470e-02 1.39621251e+00 -8.92633385e+00 -1.02315373e-04 2.07325418e-03 -4.59420073e+00
528              1.31345876e-02 1.39490322e+00 -1.35290738e+01 1.32498927e-02 1.39277682e+00 -8.93011167e+00 -1.15305130e-04 2.12640806e-03 -4.59896212e+00
529              1.29927333e-02 1.39081866e+00 -1.35376115e+01 1.31131405e-02 1.38863806e+00 -8.93395055e+00 -1.20407190e-04 2.18059965e-03 -4.60366098e+00
530              1.25310356e-02 1.38744968e+00 -1.35459066e+01 1.26494339e-02 1.38521587e+00 -8.93760551e+00 -1.18398359e-04 2.23380978e-03 -4.60830108e+00
531              1.16140044e-02 1.38496566e+00 -1.35542778e+01 1.17263969e-02 1.38268389e+00 -8.94139186e+00 -1.12392468e-04 2.28177050e-03 -4.61288595e+00
532              9.89758358e-03 1.38335310e+00 -1.35626804e+01 1.00030438e-02 1.38103538e+00 -8.94525582e+00 -1.05460238e-04 2.31771634e-03 -4.61742463e+00
533              7.51390511e-03 1.38251662e+00 -1.35710042e+01 7.61270069e-03 1.38017228e+00 -8.94909059e+00 -9.87955822e-05 2.34434748e-03 -4.62191356e+00
534              4.78931363e-03 1.38262372e+00 -1.35786596e+01 4.88197529e-03 1.38026536e+00 -8.95230346e+00 -9.26616558e-05 2.35836239e-03 -4.62635616e+00
535              2.38710292e-03 1.38410047e+00 -1.35857071e+01 2.47250715e-03 1.38173810e+00 -8.95494879e+00 -8.54042248e-05 2.36236895e-03 -4.63075827e+00
536              1.01392436e-03 1.38725591e+00 -1.35920105e+01 1.08951835e-03 1.38489696e+00 -8.95688173e+00 -7.55939906e-05 2.35894384e-03 -4.63512878e+00
537              8.98189441e-04 1.39131752e+00 -1.35980413e+01 9.63024907e-04 1.38896624e+00 -8.95857010e+00 -6.48354658e-05 2.35128273e-03 -4.63947119e+00
538              1.52034093e-03 1.39589909e+00 -1.36038999e+01 1.57817155e-03 1.39356445e+00 -8.96010535e+00 -5.78306242e-05 2.33464402e-03 -4.64379460e+00
539              2.44591924e-03 1.40023772e+00 -1.36100941e+01 2.50104094e-03 1.39792694e+00 -8.96199416e+00 -5.51217037e-05 2.31077281e-03 -4.64809994e+00
540              3.79300515e-03 1.40317947e+00 -1.36166354e+01 3.84549690e-03 1.40089793e+00 -8.96425173e+00 -5.24917535e-05 2.28154121e-03 -4.65238366e+00
541              5.81684847e-03 1.40498697e+00 -1.36236968e+01 5.86042821e-03 1.40274600e+00 -8.96705913e+00 -4.35797338e-05 2.24097672e-03 -4.65663768e+00
542              8.31187249e-03 1.40628818e+00 -1.36308168e+01 8.33608705e-03 1.40409516e+00 -8.96995552e+00 -2.42145544e-05 2.19302291e-03 -4.66086128e+00
543              1.11430832e-02 1.40680734e+00 -1.36378549e+01 1.11374590e-02 1.40466278e+00 -8.97280669e+00 5.62419208e-06 2.14456314e-03 -4.66504824e+00
544              1.43126155e-02 1.40545606e+00 -1.36447534e+01 1.42714377e-02 1.40335376e+00 -8.97556842e+00 4.11777417e-05 2.10230036e-03 -4.66918496e+00
545              1.71765363e-02 1.40161613e+00 -1.36522620e+01 1.71000873e-02 1.39955617e+00 -8.97900207e+00 7.64490210e-05 2.05995498e-03 -4.67325988e+00
546              1.95679163e-02 1.39542834e+00 -1.36603044e+01 1.94625543e-02 1.39341459e+00 -8.98302679e+00 1.05362038e-04 2.01375407e-03 -4.67727761e+00
547              2.12132953e-02 1.38776281e+00 -1.36685443e+01 2.10852258e-02 1.38579490e+00 -8.98730334e+00 1.28069509e-04 1.96791046e-03 -4.68124096e+00
548              2.21201024e-02 1.37860592e+00 -1.36764528e+01 2.19725172e-02 1.37667993e+00 -8.99130287e+00 1.47585227e-04 1.92598895e-03 -4.68514991e+00
549              2.24956964e-02 1.36858403e+00 -1.36841248e+01 2.23344046e-02 1.36669658e+00 -8.99511382e+00 1.61291853e-04 1.88745408e-03 -4.68901102e+00
550              2.26571340e-02 1.35853548e+00 -1.36913588e+01 2.24908310e-02 1.35668170e+00 -8.99852312e+00 1.66303029e-04 1.85377988e-03 -4.69283567e+00
551              2.16606568e-02 1.34858066e+00 -1.36986965e+01 2.15015994e-02 1.34675208e+00 -9.00207018e+00 1.59057354e-04 1.82857812e-03 -4.69662628e+00
552              1.97750653e-02 1.34024334e+00 -1.37059238e+01 1.96373215e-02 1.33843439e+00 -9.00553424e+00 1.37743802e-04 1.80895913e-03 -4.70038959e+00
553              1.75125011e-02 1.33386478e+00 -1.37129910e+01 1.74058128e-02 1.33207642e+00 -9.00886129e+00 1.06688244e-04 1.78836588e-03 -4.70412967e+00
554              1.50473273e-02 1.32917652e+00 -1.37196788e+01 1.49757268e-02 1.32741288e+00 -9.01182521e+00 7.16004561e-05 1.76363884e-03 -4.70785358e+00
555              1.26434367e-02 1.32699239e+00 -1.37262013e+01 1.26048532e-02 1.32525584e+00 -9.01463590e+00 3.85834747e-05 1.73654697e-03 -4.71156543e+00
556              1.07077689e-02 1.32776313e+00 -1.37325895e+01 1.06986593e-02 1.32605473e+00 -9.01732390e+00 9.10959412e-06 1.70840583e-03 -4.71526564e+00
557              8.87077745e-03 1.33135023e+00 -1.37391971e+01 8.89108165e-03 1.32966775e+00 -9.02024801e+00 -2.03042022e-05 1.68247165e-03 -4.71894913e+00
558              6.72002324e-03 1.33747466e+00 -1.37458503e+01 6.77066569e-03 1.33581761e+00 -9.02324024e+00 -5.06424502e-05 1.65704750e-03 -4.72261010e+00
559              4.25973370e-03 1.34621805e+00 -1.37524357e+01 4.34381707e-03 1.34458247e+00 -9.02619227e+00 -8.40833692e-05 1.63557615e-03 -4.72624344e+00
560              2.10246373e-03 1.35766679e+00 -1.37587218e+01 2.22346931e-03 1.35604665e+00 -9.02887477e+00 -1.21005581e-04 1.62013592e-03 -4.72984707e+00
561              -1.45650576e-04 1.37077312e+00 -1.37647113e+01 1.11935984e-05 1.36916144e+00 -9.03129380e+00 -1.56844174e-04 1.61168269e-03 -4.73341750e+00
562              -1.29310487e-03 1.38437920e+00 -1.37707745e+01 -1.10630864e-03 1.38276216e+00 -9.03382471e+00 -1.86796224e-04 1.61703987e-03 -4.73694984e+00
563              -1.56141190e-03 1.39779101e+00 -1.37769278e+01 -1.35145385e-03 1.39615728e+00 -9.03649584e+00 -2.09958042e-04 1.63373393e-03 -4.74043194e+00
564              -2.14032683e-03 1.40955546e+00 -1.37830119e+01 -1.91137688e-03 1.40789617e+00 -9.03915106e+00 -2.28949955e-04 1.65929369e-03 -4.74386084e+00
565              -3.18686654e-03 1.41963506e+00 -1.37888196e+01 -2.94158895e-03 1.41794379e+00 -9.04158255e+00 -2.45277590e-04 1.69127158e-03 -4.74723707e+00
566              -3.52420967e-03 1.42707645e+00 -1.37942785e+01 -3.26859072e-03 1.42534743e+00 -9.04371546e+00 -2.55618952e-04 1.72901744e-03 -4.75056306e+00
567              -3.19944823e-03 1.43108077e+00 -1.37998401e+01 -2.93733371e-03 1.42931521e+00 -9.04599611e+00 -2.62114527e-04 1.76556173e-03 -4.75384398e+00
568              -2.85564533e-03 1.43221885e+00 -1.38057342e+01 -2.58944937e-03 1.43042033e+00 -9.04864208e+00 -2.66195961e-04 1.79852153e-03 -4.75709211e+00
569              -2.53375875e-03 1.43096087e+00 -1.38117646e+01 -2.26696734e-03 1.42913252e+00 -9.05144929e+00 -2.66791411e-04 1.82835796e-03 -4.76031530e+00
570              -1.78903945e-03 1.42737323e+00 -1.38175650e+01 -1.52491981e-03 1.42551678e+00 -9.05404804e+00 -2.64119644e-04 1.85645387e-03 -4.76351694e+00
571              -1.00702050e-05 1.42184927e+00 -1.38233009e+01 2.49442094e-04 1.41997028e+00 -9.05659272e+00 -2.59512299e-04 1.87899337e-03 -4.76670817e+00
572              2.67253793e-03 1.41446000e+00 -1.38291209e+01 2.92791528e-03 1.41256580e+00 -9.05922916e+00 -2.55377348e-04 1.89419932e-03 -4.76989177e+00
573              5.90603158e-03 1.40525935e+00 -1.38353143e+01 6.15730089e-03 1.40335962e+00 -9.06225191e+00 -2.51269307e-04 1.89972757e-03 -4.77306237e+00
574              9.23252015e-03 1.39526607e+00 -1.38417624e+01 9.47620070e-03 1.39336994e+00 -9.06554561e+00 -2.43680553e-04 1.89613888e-03 -4.77621678e+00
575              1.27864479e-02 1.38612919e+00 -1.38485183e+01 1.30159772e-02 1.38425347e+00 -9.06916215e+00 -2.29529331e-04 1.87571439e-03 -4.77935614e+00
576              1.68308911e-02 1.37906465e+00 -1.38550951e+01 1.70396512e-02 1.37722611e+00 -9.07261188e+00 -2.08760130e-04 1.83854133e-03 -4.78248319e+00
577              2.05094773e-02 1.37391407e+00 -1.38614316e+01 2.06909439e-02 1.37212244e+00 -9.07584266e+00 -1.81466676e-04 1.79162623e-03 -4.78558897e+00
578              2.33829641e-02 1.37086305e+00 -1.38672441e+01 2.35328399e-02 1.36912811e+00 -9.07857449e+00 -1.49875733e-04 1.73494151e-03 -4.78866960e+00
579              2.54033174e-02 1.36941466e+00 -1.38726286e+01 2.55188376e-02 1.36774066e+00 -9.08090885e+00 -1.15520187e-04 1.67399864e-03 -4.79171971e+00
580              2.68235150e-02 1.36915790e+00 -1.38775478e+01 2.69051257e-02 1.36754421e+00 -9.08281290e+00 -8.16107286e-05 1.61368827e-03 -4.79473488e+00
581              2.77052223e-02 1.37041251e+00 -1.38823469e+01 2.77562398e-02 1.36884984e+00 -9.08463417e+00 -5.10174502e-05 1.56266817e-03 -4.79771273e+00
582              2.83602199e-02 1.37325381e+00 -1.38869967e+01 2.83874503e-02 1.37172702e+00 -9.08634347e+00 -2.72303924e-05 1.52678867e-03 -4.80065324e+00
583              2.83884191e-02 1.37636876e+00 -1.38917437e+01 2.84027379e-02 1.37485646e+00 -9.08819292e+00 -1.43188357e-05 1.51229823e-03 -4.80355078e+00
584              2.75762640e-02 1.37839700e+00 -1.38964945e+01 2.75872282e-02 1.37687382e+00 -9.09008455e+00 -1.09641567e-05 1.52317315e-03 -4.80640990e+00
585              2.66101092e-02 1.37964789e+00 -1.39012611e+01 2.66282057e-02 1.37809280e+00 -9.09202946e+00 -1.80965284e-05 1.55508995e-03 -4.80923165e+00
586              2.54692750e-02 1.37974559e+00 -1.39058115e+01 2.55078649e-02 1.37814177e+00 -9.09379110e+00 -3.85899114e-05 1.60381915e-03 -4.81202038e+00
587              2.40609829e-02 1.37913890e+00 -1.39104388e+01 2.41287373e-02 1.37747483e+00 -9.09565781e+00 -6.77543152e-05 1.66407119e-03 -4.81478102e+00
588              2.25368176e-02 1.37719398e+00 -1.39152095e+01 2.26359185e-02 1.37545811e+00 -9.09769799e+00 -9.91008284e-05 1.73586903e-03 -4.81751146e+00
589              2.05900675e-02 1.37360993e+00 -1.39203603e+01 2.07243958e-02 1.37179995e+00 -9.10014761e+00 -1.34328320e-04 1.80998589e-03 -4.82021268e+00
590              1.74512699e-02 1.36927327e+00 -1.39258132e+01 1.76241114e-02 1.36739351e+00 -9.10291399e+00 -1.72841423e-04 1.87976499e-03 -4.82289924e+00
591              1.29582904e-02 1.36566187e+00 -1.39314301e+01 1.31663698e-02 1.36371862e+00 -9.10585837e+00 -2.08079425e-04 1.94324937e-03 -4.82557168e+00
592              7.72695395e-03 1.36348463e+00 -1.39368630e+01 7.96381143e-03 1.36148388e+00 -9.10863634e+00 -2.36857476e-04 2.00075051e-03 -4.82822663e+00
593              3.92788032e-03 1.36320664e+00 -1.39422201e+01 4.18611029e-03 1.36116089e+00 -9.11135483e+00 -2.58229970e-04 2.04575770e-03 -4.83086532e+00
594              1.33250685e-03 1.36458924e+00 -1.39474417e+01 1.60531410e-03 1.36250840e+00 -9.11395452e+00 -2.72807250e-04 2.08083932e-03 -4.83348720e+00
595              -1.43600185e-03 1.36737374e+00 -1.39526438e+01 -1.15265464e-03 1.36526536e+00 -9.11655058e+00 -2.83347218e-04 2.10837175e-03 -4.83609327e+00
596              -3.97500946e-03 1.37187774e+00 -1.39575994e+01 -3.68412805e-03 1.36974889e+00 -9.11891590e+00 -2.90881405e-04 2.12884784e-03 -4.83868347e+00
597              -5.71028152e-03 1.37825554e+00 -1.39623596e+01 -5.41754609e-03 1.37611495e+00 -9.12110150e+00 -2.92735435e-04 2.14058829e-03 -4.84125810e+00
598              -6.36420503e-03 1.38719433e+00 -1.39669024e+01 -6.07437253e-03 1.38505135e+00 -9.12308612e+00 -2.89832497e-04 2.14298698e-03 -4.84381624e+00
599              -6.83380817e-03 1.39841637e+00 -1.39715902e+01 -6.55312087e-03 1.39627611e+00 -9.12523954e+00 -2.80687309e-04 2.14025924e-03 -4.84635064e+00
600              -7.50481677e-03 1.41127147e+00 -1.39761035e+01 -7.23551401e-03 1.40914190e+00 -9.12724024e+00 -2.69302756e-04 2.12957583e-03 -4.84886322e+00
601              -7.91831945e-03 1.42522951e+00 -1.39805510e+01 -7.66178623e-03 1.42311468e+00 -9.12920172e+00 -2.56533229e-04 2.11482990e-03 -4.85134927e+00
602              -7.50257698e-03 1.43872293e+00 -1.39847313e+01 -7.25896680e-03 1.43662393e+00 -9.13093087e+00 -2.43610186e-04 2.09900581e-03 -4.85380046e+00
603              -5.69050937e-03 1.45102919e+00 -1.39889194e+01 -5.45833626e-03 1.44894322e+00 -9.13270389e+00 -2.32173110e-04 2.08596775e-03 -4.85621554e+00
604              -2.40342638e-03 1.46093931e+00 -1.39929409e+01 -2.17911010e-03 1.45885989e+00 -9.13434541e+00 -2.24316275e-04 2.07942099e-03 -4.85859550e+00
605              2.32670875e-03 1.46742536e+00 -1.39970793e+01 2.54791299e-03 1.46534592e+00 -9.13613266e+00 -2.21204241e-04 2.07944370e-03 -4.86094660e+00
606              8.60295907e-03 1.47039757e+00 -1.40014636e+01 8.82450154e-03 1.46831345e+00 -9.13818823e+00 -2.21542462e-04 2.08412433e-03 -4.86327533e+00
607              1.48638794e-02 1.46994892e+00 -1.40061685e+01 1.50890632e-02 1.46785663e+00 -9.14058898e+00 -2.25183801e-04 2.09228342e-03 -4.86557953e+00
608              2.07534946e-02 1.46629347e+00 -1.40106133e+01 2.09878877e-02 1.46419364e+00 -9.14275047e+00 -2.34393064e-04 2.09983786e-03 -4.86786285e+00
609              2.68081448e-02 1.45919050e+00 -1.40148042e+01 2.70505605e-02 1.45708763e+00 -9.14467624e+00 -2.42415667e-04 2.10286296e-03 -4.87012796e+00
610              3.34732225e-02 1.44870153e+00 -1.40186513e+01 3.37166981e-02 1.44659994e+00 -9.14627906e+00 -2.43475551e-04 2.10158460e-03 -4.87237229e+00
611              3.96374945e-02 1.43508303e+00 -1.40227182e+01 3.98785637e-02 1.43299406e+00 -9.14811791e+00 -2.41069168e-04 2.08897041e-03 -4.87460031e+00
612              4.46730048e-02 1.41938888e+00 -1.40270087e+01 4.49088205e-02 1.41732356e+00 -9.15018397e+00 -2.35815751e-04 2.06531954e-03 -4.87682471e+00
613              4.88556059e-02 1.40249676e+00 -1.40315275e+01 4.90805984e-02 1.40046226e+00 -9.15248539e+00 -2.24992488e-04 2.03450759e-03 -4.87904206e+00
614              5.21883003e-02 1.38495572e+00 -1.40357126e+01 5.23988445e-02 1.38295683e+00 -9.15446589e+00 -2.10544259e-04 1.99889524e-03 -4.88124674e+00
615              5.47745145e-02 1.36761698e+00 -1.40396103e+01 5.49688326e-02 1.36565699e+00 -9.15617114e+00 -1.94318107e-04 1.95999336e-03 -4.88343916e+00
616              5.67683951e-02 1.35153249e+00 -1.40435581e+01 5.69478637e-02 1.34960842e+00 -9.15794221e+00 -1.79468586e-04 1.92406805e-03 -4.88561594e+00
617              5.77011344e-02 1.33727751e+00 -1.40481296e+01 5.78701713e-02 1.33538162e+00 -9.16035468e+00 -1.69036891e-04 1.89589555e-03 -4.88777491e+00
618              5.74097860e-02 1.32534582e+00 -1.40530408e+01 5.75754747e-02 1.32346892e+00 -9.16313292e+00 -1.65688678e-04 1.87689875e-03 -4.88990788e+00
619              5.56802264e-02 1.31682395e+00 -1.40580849e+01 5.58494458e-02 1.31495773e+00 -9.16607502e+00 -1.69219402e-04 1.86621785e-03 -4.89200992e+00
620              5.27893246e-02 1.31193627e+00 -1.40627345e+01 5.29707482e-02 1.31007285e+00 -9.16865263e+00 -1.81423613e-04 1.86341442e-03 -4.89408187e+00
621              4.87253714e-02 1.31097022e+00 -1.40670646e+01 4.89218181e-02 1.30909855e+00 -9.17094379e+00 -1.96446760e-04 1.87166858e-03 -4.89612080e+00
622              4.34425376e-02 1.31352648e+00 -1.40712116e+01 4.36552433e-02 1.31164046e+00 -9.17307909e+00 -2.12705647e-04 1.88601582e-03 -4.89813246e+00
623              3.72918119e-02 1.31992249e+00 -1.40752673e+01 3.75215247e-02 1.31801743e+00 -9.17515090e+00 -2.29712816e-04 1.90506421e-03 -4.90011636e+00
624              3.02769692e-02 1.32983209e+00 -1.40789928e+01 3.05266809e-02 1.32790558e+00 -9.17691821e+00 -2.49711760e-04 1.92650633e-03 -4.90207455e+00
625              2.27107702e-02 1.34278071e+00 -1.40823807e+01 2.29829556e-02 1.34082543e+00 -9.17836877e+00 -2.72185355e-04 1.95528226e-03 -4.90401189e+00
626              1.49119582e-02 1.35803119e+00 -1.40852201e+01 1.52109423e-02 1.35603735e+00 -9.17929115e+00 -2.98984068e-04 1.99384129e-03 -4.90592899e+00
627              7.81797494e-03 1.37388412e+00 -1.40881221e+01 8.14810270e-03 1.37184318e+00 -9.18029460e+00 -3.30127759e-04 2.04093296e-03 -4.90782747e+00
628              1.79374974e-03 1.38943718e+00 -1.40910781e+01 2.15654032e-03 1.38734835e+00 -9.18136120e+00 -3.62790585e-04 2.08882813e-03 -4.90971689e+00
629              -2.90996072e-03 1.40501488e+00 -1.40942000e+01 -2.51464520e-03 1.40287686e+00 -9.18260580e+00 -3.95315528e-04 2.13802230e-03 -4.91159420e+00
630              -6.26179460e-03 1.42013573e+00 -1.40969569e+01 -5.83173865e-03 1.41795150e+00 -9.18349835e+00 -4.30055946e-04 2.18423104e-03 -4.91345857e+00
631              -8.67050663e-03 1.43400086e+00 -1.40998602e+01 -8.20950508e-03 1.43177385e+00 -9.18455051e+00 -4.61001546e-04 2.22700909e-03 -4.91530973e+00
632              -9.91085240e-03 1.44529355e+00 -1.41032494e+01 -9.42457406e-03 1.44302890e+00 -9.18610574e+00 -4.86278345e-04 2.26464447e-03 -4.91714366e+00
633              -9.45117763e-03 1.45395465e+00 -1.41075018e+01 -8.94076482e-03 1.45166546e+00 -9.18853635e+00 -5.10412807e-04 2.28919022e-03 -4.91896543e+00
634              -7.74352777e-03 1.45999003e+00 -1.41121261e+01 -7.21201625e-03 1.45768563e+00 -9.19134640e+00 -5.31511521e-04 2.30439690e-03 -4.92077968e+00
635              -5.18762012e-03 1.46349389e+00 -1.41169152e+01 -4.64379163e-03 1.46118445e+00 -9.19433547e+00 -5.43828486e-04 2.30944106e-03 -4.92257970e+00
636              -1.47596708e-03 1.46460689e+00 -1.41214220e+01 -9.29442980e-04 1.46230567e+00 -9.19705957e+00 -5.46524101e-04 2.30122433e-03 -4.92436244e+00
637              3.41865603e-03 1.46370977e+00 -1.41259343e+01 3.95772927e-03 1.46143025e+00 -9.19980289e+00 -5.39073244e-04 2.27951566e-03 -4.92613145e+00
638              9.46763873e-03 1.46077508e+00 -1.41303702e+01 9.98971625e-03 1.45852474e+00 -9.20248665e+00 -5.22077515e-04 2.25033695e-03 -4.92788352e+00
639              1.67593177e-02 1.45577398e+00 -1.41350641e+01 1.72558751e-02 1.45355487e+00 -9.20544819e+00 -4.96557416e-04 2.21911019e-03 -4.92961594e+00
640              2.49943038e-02 1.44901822e+00 -1.41396275e+01 2.54573740e-02 1.44683038e+00 -9.20829946e+00 -4.63070263e-04 2.18783565e-03 -4.93132808e+00
641              3.38811114e-02 1.44188650e+00 -1.41442076e+01 3.43040892e-02 1.43972955e+00 -9.21118698e+00 -4.22977814e-04 2.15694669e-03 -4.93302059e+00
642              4.25295200e-02 1.43474865e+00 -1.41486463e+01 4.29091265e-02 1.43262282e+00 -9.21395195e+00 -3.79606517e-04 2.12582826e-03 -4.93469437e+00
643              5.00518015e-02 1.42725411e+00 -1.41529393e+01 5.03873668e-02 1.42515547e+00 -9.21658749e+00 -3.35565323e-04 2.09863445e-03 -4.93635183e+00
644              5.63414339e-02 1.41985449e+00 -1.41568789e+01 5.66380079e-02 1.41777631e+00 -9.21888134e+00 -2.96573905e-04 2.07818109e-03 -4.93799755e+00
645              6.14493735e-02 1.41259462e+00 -1.41606535e+01 6.17176718e-02 1.41052994e+00 -9.22102162e+00 -2.68298311e-04 2.06467994e-03 -4.93963185e+00
646              6.54295804e-02 1.40500188e+00 -1.41642165e+01 6.56833669e-02 1.40294132e+00 -9.22296342e+00 -2.53786466e-04 2.06055867e-03 -4.94125304e+00
647              6.85608607e-02 1.39722584e+00 -1.41678016e+01 6.88134807e-02 1.39516096e+00 -9.22493411e+00 -2.52620000e-04 2.06488066e-03 -4.94286746e+00
648              7.13849713e-02 1.38941790e+00 -1.41711478e+01 7.16480129e-02 1.38733821e+00 -9.22667216e+00 -2.63041669e-04 2.07968911e-03 -4.94447567e+00
649              7.33322568e-02 1.38122280e+00 -1.41743538e+01 7.36144605e-02 1.37912250e+00 -9.22827169e+00 -2.82203663e-04 2.10030299e-03 -4.94608209e+00
650              7.45245443e-02 1.37301692e+00 -1.41774422e+01 7.48261167e-02 1.37089545e+00 -9.22975098e+00 -3.01572463e-04 2.12147044e-03 -4.94769118e+00
651              7.52569136e-02 1.36543588e+00 -1.41807301e+01 7.55735158e-02 1.36329730e+00 -9.23143112e+00 -3.16602129e-04 2.13857786e-03 -4.94929897e+00
652              7.57649339e-02 1.35822949e+00 -1.41838427e+01 7.60961184e-02 1.35607982e+00 -9.23294052e+00 -3.31184504e-04 2.14967283e-03 -4.95090221e+00
653              7.57247297e-02 1.35198468e+00 -1.41867216e+01 7.60690680e-02 1.34982863e+00 -9.23422847e+00 -3.44338389e-04 2.15604730e-03 -4.95249313e+00
654              7.36563097e-02 1.34650660e+00 -1.41891566e+01 7.40119635e-02 1.34434258e+00 -9.23510522e+00 -3.55653804e-04 2.16401866e-03 -4.95405140e+00
655              6.92815280e-02 1.34287399e+00 -1.41916195e+01 6.96528136e-02 1.34070265e+00 -9.23604904e+00 -3.71285679e-04 2.17134361e-03 -4.95557043e+00
656              6.32721272e-02 1.34232343e+00 -1.41942869e+01 6.36609970e-02 1.34014207e+00 -9.23723189e+00 -3.88869832e-04 2.18136558e-03 -4.95705504e+00
657              5.57166217e-02 1.34478851e+00 -1.41973131e+01 5.61193925e-02 1.34258783e+00 -9.23881302e+00 -4.02770725e-04 2.20068366e-03 -4.95850003e+00
658              4.78753744e-02 1.34947033e+00 -1.42002555e+01 4.82862664e-02 1.34724337e+00 -9.24035497e+00 -4.10892044e-04 2.22695788e-03 -4.95990055e+00
659              3.99935472e-02 1.35560403e+00 -1.42030731e+01 4.04059644e-02 1.35334908e+00 -9.24180855e+00 -4.12417253e-04 2.25495008e-03 -4.96126455e+00
660              3.35032458e-02 1.36287768e+00 -1.42058774e+01 3.39076182e-02 1.36059170e+00 -9.24327690e+00 -4.04372441e-04 2.28598516e-03 -4.96260050e+00
661              2.83623971e-02 1.37126272e+00 -1.42092867e+01 2.87502096e-02 1.36894358e+00 -9.24536324e+00 -3.87812476e-04 2.31913828e-03 -4.96392350e+00
662              2.42791464e-02 1.38101341e+00 -1.42129855e+01 2.46449027e-02 1.37866235e+00 -9.24773724e+00 -3.65756314e-04 2.35106726e-03 -4.96524824e+00
663              2.12952505e-02 1.39230649e+00 -1.42168809e+01 2.16377216e-02 1.38992813e+00 -9.25029040e+00 -3.42471096e-04 2.37836543e-03 -4.96659055e+00
664              1.92581445e-02 1.40425831e+00 -1.42203693e+01 1.95831768e-02 1.40186110e+00 -9.25240563e+00 -3.25032312e-04 2.39721038e-03 -4.96796371e+00
665              1.71613319e-02 1.41571787e+00 -1.42237512e+01 1.74718781e-02 1.41330788e+00 -9.25438536e+00 -3.10546236e-04 2.40998952e-03 -4.96936589e+00
666              1.50029856e-02 1.42739049e+00 -1.42270475e+01 1.53028503e-02 1.42498024e+00 -9.25625003e+00 -2.99864704e-04 2.41024925e-03 -4.97079745e+00
667              1.35202706e-02 1.43950610e+00 -1.42303990e+01 1.38100534e-02 1.43710928e+00 -9.25815847e+00 -2.89782754e-04 2.39681662e-03 -4.97224054e+00
668              1.34521271e-02 1.45038096e+00 -1.42334911e+01 1.37299144e-02 1.44801299e+00 -9.25981424e+00 -2.77787236e-04 2.36797201e-03 -4.97367689e+00
669              1.50480886e-02 1.45939764e+00 -1.42365178e+01 1.53124947e-02 1.45707675e+00 -9.26142665e+00 -2.64406096e-04 2.32089595e-03 -4.97509119e+00
670              1.77819821e-02 1.46552688e+00 -1.42389693e+01 1.80312042e-02 1.46327039e+00 -9.26249397e+00 -2.49222090e-04 2.25649706e-03 -4.97647528e+00
671              2.25436474e-02 1.46754583e+00 -1.42411287e+01 2.27733368e-02 1.46536192e+00 -9.26330961e+00 -2.29689339e-04 2.18391630e-03 -4.97781911e+00
672              3.04206573e-02 1.46611259e+00 -1.42433875e+01 3.06282442e-02 1.46399889e+00 -9.26426650e+00 -2.07586906e-04 2.11370803e-03 -4.97912102e+00
673              4.00619529e-02 1.46210408e+00 -1.42460157e+01 4.02438046e-02 1.46005619e+00 -9.26563670e+00 -1.81851760e-04 2.04788215e-03 -4.98037900e+00
674              4.97501474e-02 1.45725512e+00 -1.42485677e+01 4.99090699e-02 1.45526456e+00 -9.26696760e+00 -1.58922469e-04 1.99056139e-03 -4.98160006e+00
675              5.75206036e-02 1.45158693e+00 -1.42508408e+01 5.76650565e-02 1.44964242e+00 -9.26804852e+00 -1.44452860e-04 1.94450634e-03 -4.98279225e+00
676              6.34148471e-02 1.44489962e+00 -1.42529976e+01 6.35532972e-02 1.44298215e+00 -9.26903563e+00 -1.38450089e-04 1.91747136e-03 -4.98396195e+00
677              6.77119439e-02 1.43668075e+00 -1.42558538e+01 6.78565689e-02 1.43477662e+00 -9.27073536e+00 -1.44624950e-04 1.90412369e-03 -4.98511840e+00
678              7.04017209e-02 1.42728120e+00 -1.42593352e+01 7.05612362e-02 1.42537830e+00 -9.27304795e+00 -1.59515370e-04 1.90290015e-03 -4.98628728e+00
679              7.26989065e-02 1.41731573e+00 -1.42629797e+01 7.28757578e-02 1.41540251e+00 -9.27550393e+00 -1.76851317e-04 1.91322257e-03 -4.98747573e+00
680              7.49079062e-02 1.40643535e+00 -1.42660199e+01 7.51002685e-02 1.40450204e+00 -9.27732572e+00 -1.92362277e-04 1.93331609e-03 -4.98869420e+00
681              7.63728724e-02 1.39420614e+00 -1.42685531e+01 7.65787566e-02 1.39224811e+00 -9.27860486e+00 -2.05884190e-04 1.95802897e-03 -4.98994824e+00
682              7.69977874e-02 1.38076758e+00 -1.42709089e+01 7.72146249e-02 1.37878435e+00 -9.27967790e+00 -2.16837550e-04 1.98322656e-03 -4.99123096e+00
683              7.75814227e-02 1.36724442e+00 -1.42737828e+01 7.78066435e-02 1.36523674e+00 -9.28125572e+00 -2.25220798e-04 2.00768732e-03 -4.99252706e+00
684              7.80741373e-02 1.35431225e+00 -1.42770370e+01 7.83052970e-02 1.35228827e+00 -9.28321742e+00 -2.31159684e-04 2.02397825e-03 -4.99381955e+00
685              7.82639115e-02 1.34286866e+00 -1.42803463e+01 7.84961991e-02 1.34083978e+00 -9.28525135e+00 -2.32287574e-04 2.02887436e-03 -4.99509498e+00
686              7.66963779e-02 1.33392417e+00 -1.42831740e+01 7.69286689e-02 1.33190280e+00 -9.28683393e+00 -2.32290982e-04 2.02136718e-03 -4.99634010e+00
687              7.20682090e-02 1.32840941e+00 -1.42857188e+01 7.23008008e-02 1.32639921e+00 -9.28818315e+00 -2.32591782e-04 2.01019612e-03 -4.99753561e+00
688              6.50026403e-02 1.32683208e+00 -1.42879695e+01 6.52382961e-02 1.32483643e+00 -9.28929312e+00 -2.35655811e-04 1.99564894e-03 -4.99867643e+00
689              5.71382597e-02 1.32923244e+00 -1.42901405e+01 5.73812379e-02 1.32724990e+00 -9.29037476e+00 -2.42978217e-04 1.98254091e-03 -4.99976574e+00
690              4.91192107e-02 1.33417126e+00 -1.42919585e+01 4.93692792e-02 1.33219961e+00 -9.29114536e+00 -2.50068474e-04 1.97165408e-03 -5.00081309e+00
691              4.17149603e-02 1.34026247e+00 -1.42934301e+01 4.19712927e-02 1.33829710e+00 -9.29159658e+00 -2.56332407e-04 1.96537464e-03 -5.00183353e+00
692              3.57313709e-02 1.34789122e+00 -1.42947960e+01 3.59921406e-02 1.34592752e+00 -9.29194863e+00 -2.60769672e-04 1.96370045e-03 -5.00284739e+00
693              3.14099703e-02 1.35693771e+00 -1.42965142e+01 3.16715189e-02 1.35497015e+00 -9.29264288e+00 -2.61548629e-04 1.96756622e-03 -5.00387129e+00
694              2.95656879e-02 1.36780871e+00 -1.42989966e+01 2.98278189e-02 1.36582915e+00 -9.29407698e+00 -2.62130999e-04 1.97956057e-03 -5.00491965e+00
695              2.95714144e-02 1.38080705e+00 -1.43019906e+01 2.98326288e-02 1.37881372e+00 -9.29598505e+00 -2.61214393e-04 1.99332825e-03 -5.00600556e+00
696              2.95333912e-02 1.39513246e+00 -1.43045204e+01 2.97952367e-02 1.39312570e+00 -9.29738468e+00 -2.61845487e-04 2.00676139e-03 -5.00713573e+00
697              2.85111832e-02 1.40994969e+00 -1.43063093e+01 2.87720829e-02 1.40792512e+00 -9.29800636e+00 -2.60899690e-04 2.02456757e-03 -5.00830298e+00
698              2.65390662e-02 1.42416408e+00 -1.43078977e+01 2.67947518e-02 1.42211480e+00 -9.29841048e+00 -2.55685602e-04 2.04927807e-03 -5.00948720e+00
699              2.48933168e-02 1.43724361e+00 -1.43102016e+01 2.51411644e-02 1.43517552e+00 -9.29953339e+00 -2.47847547e-04 2.06809590e-03 -5.01066816e+00
700              2.39355659e-02 1.44877606e+00 -1.43133877e+01 2.41732184e-02 1.44669967e+00 -9.30155191e+00 -2.37652449e-04 2.07639199e-03 -5.01183581e+00
701              2.37427643e-02 1.45749939e+00 -1.43171319e+01 2.39705532e-02 1.45542913e+00 -9.30415514e+00 -2.27788921e-04 2.07025904e-03 -5.01297681e+00
702              2.46706886e-02 1.46245306e+00 -1.43204047e+01 2.48843145e-02 1.46040074e+00 -9.30633139e+00 -2.13625909e-04 2.05232509e-03 -5.01407336e+00
703              2.74574184e-02 1.46278438e+00 -1.43229599e+01 2.76532293e-02 1.46076276e+00 -9.30784314e+00 -1.95810912e-04 2.02162116e-03 -5.01511680e+00
704              3.16547712e-02 1.45899226e+00 -1.43250358e+01 3.18306514e-02 1.45700795e+00 -9.30893155e+00 -1.75880191e-04 1.98430921e-03 -5.01610421e+00
705              3.78970537e-02 1.45243503e+00 -1.43274462e+01 3.80519181e-02 1.45048773e+00 -9.31040749e+00 -1.54864371e-04 1.94729556e-03 -5.01703872e+00
706              4.56298908e-02 1.44387955e+00 -1.43298778e+01 4.57668335e-02 1.44196710e+00 -9.31194479e+00 -1.36942664e-04 1.91244262e-03 -5.01793298e+00
707              5.26985654e-02 1.43439239e+00 -1.43320885e+01 5.28234488e-02 1.43251577e+00 -9.31328061e+00 -1.24883370e-04 1.87662445e-03 -5.01880784e+00
708              5.72019407e-02 1.42517939e+00 -1.43336468e+01 5.73235451e-02 1.42333913e+00 -9.31396488e+00 -1.21604423e-04 1.84026712e-03 -5.01968191e+00
709              5.87996139e-02 1.41710888e+00 -1.43352442e+01 5.89245607e-02 1.41530309e+00 -9.31467341e+00 -1.24946764e-04 1.80579194e-03 -5.02057078e+00
710              5.86028690e-02 1.41127002e+00 -1.43377626e+01 5.87383030e-02 1.40950053e+00 -9.31627000e+00 -1.35433998e-04 1.76948509e-03 -5.02149264e+00
711              5.88111654e-02 1.40674477e+00 -1.43411722e+01 5.89642027e-02 1.40500852e+00 -9.31872056e+00 -1.53037335e-04 1.73624890e-03 -5.02245161e+00
712              6.07161492e-02 1.40228139e+00 -1.43439887e+01 6.08932430e-02 1.40057215e+00 -9.32053438e+00 -1.77093762e-04 1.70924858e-03 -5.02345432e+00
713              6.35939987e-02 1.39773148e+00 -1.43456408e+01 6.38014598e-02 1.39603683e+00 -9.32113963e+00 -2.07461041e-04 1.69465002e-03 -5.02450116e+00
714              6.59550328e-02 1.39337695e+00 -1.43465485e+01 6.61957123e-02 1.39168606e+00 -9.32096711e+00 -2.40679438e-04 1.69088674e-03 -5.02558136e+00
715              6.81852253e-02 1.39016685e+00 -1.43477956e+01 6.84600787e-02 1.38847173e+00 -9.32112295e+00 -2.74853418e-04 1.69512896e-03 -5.02667264e+00
716              7.06580470e-02 1.38775670e+00 -1.43499400e+01 7.09621409e-02 1.38604895e+00 -9.32218758e+00 -3.04093898e-04 1.70774641e-03 -5.02775245e+00
717              7.28554199e-02 1.38598346e+00 -1.43527962e+01 7.31774385e-02 1.38425759e+00 -9.32399900e+00 -3.22018598e-04 1.72586172e-03 -5.02879720e+00
718              7.38408146e-02 1.38537097e+00 -1.43553242e+01 7.41744943e-02 1.38362005e+00 -9.32553700e+00 -3.33679696e-04 1.75092150e-03 -5.02978723e+00
719              7.22792056e-02 1.38554741e+00 -1.43570061e+01 7.26210212e-02 1.38376080e+00 -9.32629850e+00 -3.41815510e-04 1.78661820e-03 -5.03070762e+00
720              6.80436785e-02 1.38611812e+00 -1.43578305e+01 6.83906209e-02 1.38428105e+00 -9.32628464e+00 -3.46942404e-04 1.83706949e-03 -5.03154591e+00
721              6.20286977e-02 1.38622860e+00 -1.43589984e+01 6.23825592e-02 1.38433462e+00 -9.32668755e+00 -3.53861550e-04 1.89397893e-03 -5.03231085e+00
722              5.59486337e-02 1.38426146e+00 -1.43606088e+01 5.63069588e-02 1.38230610e+00 -9.32758126e+00 -3.58325086e-04 1.95535873e-03 -5.03302749e+00
723              5.11470297e-02 1.37995736e+00 -1.43622686e+01 5.15038717e-02 1.37794073e+00 -9.32854714e+00 -3.56841955e-04 2.01662514e-03 -5.03372144e+00
724              4.80632863e-02 1.37436517e+00 -1.43633019e+01 4.84095345e-02 1.37228990e+00 -9.32888736e+00 -3.46248199e-04 2.07527620e-03 -5.03441454e+00
725              4.61561929e-02 1.36814381e+00 -1.43646217e+01 4.64839608e-02 1.36602254e+00 -9.32949090e+00 -3.27767911e-04 2.12127261e-03 -5.03513077e+00
726              4.52919794e-02 1.36316986e+00 -1.43671379e+01 4.55975553e-02 1.36101537e+00 -9.33125089e+00 -3.05575939e-04 2.15448326e-03 -5.03588696e+00
727              4.51028676e-02 1.36059839e+00 -1.43705550e+01 4.53838422e-02 1.35842337e+00 -9.33386348e+00 -2.80974567e-04 2.17501466e-03 -5.03669153e+00
728              4.46895407e-02 1.35946944e+00 -1.43735746e+01 4.49462500e-02 1.35729275e+00 -9.33602104e+00 -2.56709355e-04 2.17668990e-03 -5.03755352e+00
729              4.34238864e-02 1.36044249e+00 -1.43759990e+01 4.36526140e-02 1.35828342e+00 -9.33752730e+00 -2.28727539e-04 2.15906134e-03 -5.03847165e+00
730              4.07159600e-02 1.36477581e+00 -1.43779796e+01 4.09157395e-02 1.36265156e+00 -9.33854884e+00 -1.99779448e-04 2.12424612e-03 -5.03943072e+00
731              3.76628159e-02 1.37393552e+00 -1.43802608e+01 3.78327299e-02 1.37185718e+00 -9.33986196e+00 -1.69914073e-04 2.07834052e-03 -5.04039885e+00
732              3.52146377e-02 1.38775348e+00 -1.43831748e+01 3.53564242e-02 1.38573353e+00 -9.34181957e+00 -1.41786516e-04 2.01995067e-03 -5.04135526e+00
733              3.32341727e-02 1.40412586e+00 -1.43867055e+01 3.33529947e-02 1.40217550e+00 -9.34442794e+00 -1.18821982e-04 1.95036330e-03 -5.04227754e+00
734              3.30071128e-02 1.42021149e+00 -1.43896723e+01 3.31075525e-02 1.41833904e+00 -9.34652994e+00 -1.00439693e-04 1.87245087e-03 -5.04314235e+00
735              3.50991574e-02 1.43450010e+00 -1.43915501e+01 3.51859498e-02 1.43270594e+00 -9.34761362e+00 -8.67924560e-05 1.79415730e-03 -5.04393648e+00
736              3.91151426e-02 1.44710062e+00 -1.43923635e+01 3.91912054e-02 1.44537402e+00 -9.34771199e+00 -7.60627823e-05 1.72660557e-03 -5.04465154e+00
737              4.48997502e-02 1.45838716e+00 -1.43932559e+01 4.49669366e-02 1.45670701e+00 -9.34796698e+00 -6.71863357e-05 1.68015176e-03 -5.04528891e+00
738              5.15600092e-02 1.46775912e+00 -1.43943003e+01 5.16196281e-02 1.46610412e+00 -9.34842936e+00 -5.96189226e-05 1.65500146e-03 -5.04587097e+00
739              5.67693799e-02 1.47409638e+00 -1.43952152e+01 5.68256045e-02 1.47244465e+00 -9.34879046e+00 -5.62245970e-05 1.65172361e-03 -5.04642470e+00
740              5.98915949e-02 1.47737414e+00 -1.43952531e+01 5.99551044e-02 1.47571043e+00 -9.34827384e+00 -6.35094814e-05 1.66371191e-03 -5.04697925e+00
741              6.07965728e-02 1.47737914e+00 -1.43956008e+01 6.08741053e-02 1.47569078e+00 -9.34804749e+00 -7.75325491e-05 1.68835647e-03 -5.04755332e+00
742              6.13144263e-02 1.47376054e+00 -1.43970475e+01 6.14093549e-02 1.47203778e+00 -9.34888799e+00 -9.49285395e-05 1.72275850e-03 -5.04815946e+00
743              6.27374530e-02 1.46567967e+00 -1.43996241e+01 6.28563260e-02 1.46392168e+00 -9.35080943e+00 -1.18872979e-04 1.75798855e-03 -5.04881465e+00
744              6.53009511e-02 1.45284374e+00 -1.44020566e+01 6.54499017e-02 1.45105152e+00 -9.35251764e+00 -1.48950602e-04 1.79221593e-03 -5.04953896e+00
745              6.80953098e-02 1.43551099e+00 -1.44039624e+01 6.82760390e-02 1.43368569e+00 -9.35363913e+00 -1.80729247e-04 1.82530324e-03 -5.05032330e+00
746              7.09191611e-02 1.41622732e+00 -1.44054711e+01 7.11266593e-02 1.41437475e+00 -9.35432544e+00 -2.07498184e-04 1.85256616e-03 -5.05114564e+00
747              7.33963257e-02 1.39667307e+00 -1.44073504e+01 7.36242650e-02 1.39480566e+00 -9.35536732e+00 -2.27939351e-04 1.86740937e-03 -5.05198307e+00
748              7.53458404e-02 1.37784557e+00 -1.44099913e+01 7.55841211e-02 1.37597628e+00 -9.35718256e+00 -2.38280664e-04 1.86929162e-03 -5.05280870e+00
749              7.61340630e-02 1.36098609e+00 -1.44133605e+01 7.63742689e-02 1.35912652e+00 -9.35975783e+00 -2.40205938e-04 1.85956329e-03 -5.05360266e+00
750              7.47902449e-02 1.34773392e+00 -1.44164529e+01 7.50281887e-02 1.34588986e+00 -9.36210849e+00 -2.37943742e-04 1.84405901e-03 -5.05434437e+00
751              7.11628038e-02 1.33962741e+00 -1.44187598e+01 7.13981966e-02 1.33779814e+00 -9.36374636e+00 -2.35392771e-04 1.82927057e-03 -5.05501346e+00
752              6.59122571e-02 1.33742497e+00 -1.44203089e+01 6.61485973e-02 1.33560393e+00 -9.36470427e+00 -2.36340221e-04 1.82104645e-03 -5.05560458e+00
753              5.93721959e-02 1.34009170e+00 -1.44218233e+01 5.96094612e-02 1.33826845e+00 -9.36569874e+00 -2.37265377e-04 1.82324846e-03 -5.05612461e+00
754              5.28037486e-02 1.34497750e+00 -1.44232311e+01 5.30387326e-02 1.34314267e+00 -9.36663348e+00 -2.34983963e-04 1.83483869e-03 -5.05659766e+00
755              4.76714495e-02 1.35139447e+00 -1.44239957e+01 4.78983212e-02 1.34954134e+00 -9.36694901e+00 -2.26871660e-04 1.85312707e-03 -5.05704666e+00
756              4.47668288e-02 1.35923865e+00 -1.44238729e+01 4.49780210e-02 1.35736219e+00 -9.36637972e+00 -2.11192196e-04 1.87646015e-03 -5.05749321e+00
757              4.38281031e-02 1.36996605e+00 -1.44242159e+01 4.40196061e-02 1.36806385e+00 -9.36625540e+00 -1.91503015e-04 1.90220401e-03 -5.05796045e+00
758              4.37491821e-02 1.38282560e+00 -1.44256271e+01 4.39201769e-02 1.38089233e+00 -9.36716052e+00 -1.70994823e-04 1.93326883e-03 -5.05846660e+00
759              4.34851768e-02 1.39565327e+00 -1.44277540e+01 4.36368069e-02 1.39368786e+00 -9.36872472e+00 -1.51630100e-04 1.96541632e-03 -5.05902931e+00
760              4.24390816e-02 1.40761402e+00 -1.44293982e+01 4.25702680e-02 1.40561930e+00 -9.36974484e+00 -1.31186408e-04 1.99471965e-03 -5.05965336e+00
761              4.04248655e-02 1.41887623e+00 -1.44303081e+01 4.05356613e-02 1.41685408e+00 -9.36997974e+00 -1.10795818e-04 2.02214714e-03 -5.06032841e+00
762              3.78581480e-02 1.42984171e+00 -1.44307225e+01 3.79508629e-02 1.42779799e+00 -9.36968822e+00 -9.27148813e-05 2.04371877e-03 -5.06103427e+00
763              3.58999620e-02 1.44058334e+00 -1.44316658e+01 3.59736777e-02 1.43852260e+00 -9.36992076e+00 -7.37157350e-05 2.06073262e-03 -5.06174507e+00
764              3.47181065e-02 1.45008648e+00 -1.44335196e+01 3.47765561e-02 1.44802023e+00 -9.37108765e+00 -5.84496943e-05 2.06625464e-03 -5.06243193e+00
765              3.40146111e-02 1.45625636e+00 -1.44361323e+01 3.40646816e-02 1.45420335e+00 -9.37305536e+00 -5.00705538e-05 2.05301700e-03 -5.06307692e+00
766              3.48101453e-02 1.45880889e+00 -1.44385078e+01 3.48567204e-02 1.45678588e+00 -9.37484091e+00 -4.65751457e-05 2.02300983e-03 -5.06366693e+00
767              3.77866984e-02 1.45807548e+00 -1.44401665e+01 3.78286846e-02 1.45609497e+00 -9.37598186e+00 -4.19862521e-05 1.98050701e-03 -5.06418462e+00
768              4.39695341e-02 1.45509011e+00 -1.44412279e+01 4.40031873e-02 1.45315930e+00 -9.37659771e+00 -3.36531667e-05 1.93081577e-03 -5.06463022e+00
769              5.16940427e-02 1.45035874e+00 -1.44424320e+01 5.17184411e-02 1.44847822e+00 -9.37741728e+00 -2.43983866e-05 1.88051178e-03 -5.06501475e+00
770              5.73900447e-02 1.44447695e+00 -1.44435559e+01 5.74055675e-02 1.44264195e+00 -9.37819502e+00 -1.55227469e-05 1.83500480e-03 -5.06536083e+00
771              6.03815267e-02 1.43880871e+00 -1.44443551e+01 6.03912771e-02 1.43701204e+00 -9.37865955e+00 -9.75042493e-06 1.79667452e-03 -5.06569556e+00
772              6.15592702e-02 1.43446782e+00 -1.44451921e+01 6.15679102e-02 1.43270411e+00 -9.37914726e+00 -8.63993304e-06 1.76370888e-03 -5.06604484e+00
773              6.21226372e-02 1.43237234e+00 -1.44468814e+01 6.21339296e-02 1.43063613e+00 -9.38044932e+00 -1.12923625e-05 1.73620367e-03 -5.06643206e+00
774              6.35638049e-02 1.43135599e+00 -1.44492404e+01 6.35804556e-02 1.42963887e+00 -9.38237006e+00 -1.66507612e-05 1.71712197e-03 -5.06687032e+00
775              6.58676151e-02 1.43013049e+00 -1.44516133e+01 6.58897068e-02 1.42842270e+00 -9.38424091e+00 -2.20917339e-05 1.70778801e-03 -5.06737238e+00
776              6.79121882e-02 1.42737605e+00 -1.44532513e+01 6.79436926e-02 1.42567148e+00 -9.38531433e+00 -3.15043326e-05 1.70456968e-03 -5.06793701e+00
777              6.95183214e-02 1.42375716e+00 -1.44544344e+01 6.95595809e-02 1.42205305e+00 -9.38588468e+00 -4.12594806e-05 1.70410747e-03 -5.06854974e+00
778              7.12644575e-02 1.42038389e+00 -1.44554164e+01 7.13137275e-02 1.41867890e+00 -9.38622863e+00 -4.92700425e-05 1.70498846e-03 -5.06918781e+00
779              7.29229223e-02 1.41676425e+00 -1.44567992e+01 7.29774259e-02 1.41505640e+00 -9.38697442e+00 -5.45035568e-05 1.70784590e-03 -5.06982482e+00
780              7.41937385e-02 1.41289420e+00 -1.44584585e+01 7.42507000e-02 1.41117950e+00 -9.38802815e+00 -5.69615149e-05 1.71469754e-03 -5.07043033e+00
781              7.37105624e-02 1.40864041e+00 -1.44600638e+01 7.37730289e-02 1.40691232e+00 -9.38907718e+00 -6.24665688e-05 1.72808743e-03 -5.07098664e+00
782              7.05401909e-02 1.40530597e+00 -1.44609431e+01 7.06132514e-02 1.40355703e+00 -9.38946462e+00 -7.30604676e-05 1.74894162e-03 -5.07147848e+00
783              6.55844869e-02 1.40431259e+00 -1.44611464e+01 6.56770589e-02 1.40252785e+00 -9.38925392e+00 -9.25720564e-05 1.78473935e-03 -5.07189244e+00
784              6.06538598e-02 1.40487400e+00 -1.44609331e+01 6.07734829e-02 1.40304171e+00 -9.38870463e+00 -1.19623142e-04 1.83228406e-03 -5.07222844e+00
785              5.60750776e-02 1.40383048e+00 -1.44610513e+01 5.62164736e-02 1.40193772e+00 -9.38855231e+00 -1.41395983e-04 1.89275378e-03 -5.07249899e+00
786              5.19547702e-02 1.39995650e+00 -1.44610933e+01 5.21129352e-02 1.39800228e+00 -9.38836556e+00 -1.58164980e-04 1.95422037e-03 -5.07272770e+00
787              4.88568640e-02 1.39464191e+00 -1.44609755e+01 4.90250652e-02 1.39263515e+00 -9.38801885e+00 -1.68201245e-04 2.00676455e-03 -5.07295669e+00
788              4.79937192e-02 1.38935115e+00 -1.44609701e+01 4.81616755e-02 1.38730285e+00 -9.38775530e+00 -1.67956265e-04 2.04829261e-03 -5.07321476e+00
789              4.86848461e-02 1.38624914e+00 -1.44619957e+01 4.88412672e-02 1.38416971e+00 -9.38847972e+00 -1.56421138e-04 2.07942477e-03 -5.07351595e+00
790              4.93963378e-02 1.38490377e+00 -1.44638043e+01 4.95328066e-02 1.38280924e+00 -9.38992813e+00 -1.36468736e-04 2.09452955e-03 -5.07387612e+00
791              4.93701178e-02 1.38412655e+00 -1.44658246e+01 4.94803613e-02 1.38202991e+00 -9.39152004e+00 -1.10243455e-04 2.09663625e-03 -5.07430456e+00
792              4.74165413e-02 1.38480439e+00 -1.44673860e+01 4.74951376e-02 1.38271220e+00 -9.39259030e+00 -7.85963328e-05 2.09219603e-03 -5.07479573e+00
793              4.38634059e-02 1.38873285e+00 -1.44689021e+01 4.39057621e-02 1.38664899e+00 -9.39356899e+00 -4.23561745e-05 2.08386072e-03 -5.07533315e+00
794              4.06831246e-02 1.39661569e+00 -1.44706403e+01 4.06858351e-02 1.39454690e+00 -9.39474941e+00 -2.71056158e-06 2.06879614e-03 -5.07589088e+00
795              3.81487837e-02 1.40838724e+00 -1.44728933e+01 3.81139376e-02 1.40634010e+00 -9.39645070e+00 3.48461863e-05 2.04714336e-03 -5.07644264e+00
796              3.51331773e-02 1.42187751e+00 -1.44751768e+01 3.50654585e-02 1.41986202e+00 -9.39821440e+00 6.77188341e-05 2.01548923e-03 -5.07696237e+00
797              3.25291000e-02 1.43563179e+00 -1.44772445e+01 3.24342887e-02 1.43365518e+00 -9.39981542e+00 9.48113491e-05 1.97661317e-03 -5.07742911e+00
798              3.15219603e-02 1.44831434e+00 -1.44785456e+01 3.14069177e-02 1.44638093e+00 -9.40072324e+00 1.15042582e-04 1.93341229e-03 -5.07782236e+00
799              3.34093024e-02 1.45993591e+00 -1.44793167e+01 3.32795063e-02 1.45805005e+00 -9.40118151e+00 1.29796140e-04 1.88585818e-03 -5.07813518e+00
800              3.89994373e-02 1.46937703e+00 -1.44795832e+01 3.88609372e-02 1.46753304e+00 -9.40121373e+00 1.38500064e-04 1.84398985e-03 -5.07836944e+00
801              4.48664056e-02 1.47612401e+00 -1.44796957e+01 4.47299574e-02 1.47431298e+00 -9.40115013e+00 1.36448233e-04 1.81102638e-03 -5.07854561e+00
802              4.81573049e-02 1.48099289e+00 -1.44791018e+01 4.80327970e-02 1.47920093e+00 -9.40041182e+00 1.24507960e-04 1.79195844e-03 -5.07868999e+00
803              4.94775679e-02 1.48464691e+00 -1.44782326e+01 4.93739494e-02 1.48286034e+00 -9.39939694e+00 1.03618487e-04 1.78657037e-03 -5.07883562e+00
804              5.10463101e-02 1.48719373e+00 -1.44778175e+01 5.09693801e-02 1.48540835e+00 -9.39880371e+00 7.69300192e-05 1.78537616e-03 -5.07901380e+00
805              5.35417588e-02 1.48835659e+00 -1.44784497e+01 5.34935316e-02 1.48657268e+00 -9.39919929e+00 4.82272033e-05 1.78391153e-03 -5.07925040e+00
806              5.78354550e-02 1.48657135e+00 -1.44794862e+01 5.78161348e-02 1.48478883e+00 -9.39992540e+00 1.93202377e-05 1.78251991e-03 -5.07956081e+00
807              6.25096957e-02 1.47991902e+00 -1.44804230e+01 6.25140546e-02 1.47813154e+00 -9.40047809e+00 -4.35897969e-06 1.78747515e-03 -5.07994491e+00
808              6.68521410e-02 1.46841730e+00 -1.44810366e+01 6.68781183e-02 1.46662632e+00 -9.40065091e+00 -2.59773053e-05 1.79098139e-03 -5.08038564e+00
809              7.08189309e-02 1.45471695e+00 -1.44819675e+01 7.08619986e-02 1.45292888e+00 -9.40109413e+00 -4.30677285e-05 1.78806564e-03 -5.08087333e+00
810              7.48381424e-02 1.44038579e+00 -1.44833955e+01 7.48923363e-02 1.43860604e+00 -9.40200762e+00 -5.41938865e-05 1.77974183e-03 -5.08138786e+00
811              7.84996460e-02 1.42604892e+00 -1.44853428e+01 7.85543612e-02 1.42427902e+00 -9.40345324e+00 -5.47151337e-05 1.76990155e-03 -5.08188952e+00
812              8.10990350e-02 1.41235471e+00 -1.44871667e+01 8.11444081e-02 1.41059576e+00 -9.40481602e+00 -4.53731513e-05 1.75895808e-03 -5.08235068e+00
813              8.06866031e-02 1.40054765e+00 -1.44887778e+01 8.07211362e-02 1.39879099e+00 -9.40603378e+00 -3.45331125e-05 1.75665709e-03 -5.08274401e+00
814              7.71657509e-02 1.39212542e+00 -1.44899869e+01 7.71927475e-02 1.39035374e+00 -9.40693362e+00 -2.69966720e-05 1.77168112e-03 -5.08305329e+00
815              7.19878530e-02 1.38796037e+00 -1.44909770e+01 7.20133563e-02 1.38615455e+00 -9.40769842e+00 -2.55032549e-05 1.80582284e-03 -5.08327855e+00
816              6.69439085e-02 1.38628230e+00 -1.44916995e+01 6.69741337e-02 1.38442698e+00 -9.40827127e+00 -3.02252218e-05 1.85532082e-03 -5.08342824e+00
817              6.15947032e-02 1.38517071e+00 -1.44924240e+01 6.16283532e-02 1.38325523e+00 -9.40889876e+00 -3.36499867e-05 1.91547846e-03 -5.08352524e+00
818              5.59770878e-02 1.38493206e+00 -1.44923195e+01 5.60101463e-02 1.38295294e+00 -9.40872111e+00 -3.30584169e-05 1.97911973e-03 -5.08359842e+00
819              5.11875355e-02 1.38622185e+00 -1.44918013e+01 5.12145396e-02 1.38418398e+00 -9.40811862e+00 -2.70041010e-05 2.03786724e-03 -5.08368273e+00
820              4.88386632e-02 1.38972161e+00 -1.44914766e+01 4.88555869e-02 1.38763641e+00 -9.40766807e+00 -1.69236928e-05 2.08520388e-03 -5.08380856e+00
821              4.75879514e-02 1.39551020e+00 -1.44920722e+01 4.75929191e-02 1.39338999e+00 -9.40808019e+00 -4.96771964e-06 2.12020934e-03 -5.08399200e+00
822              4.64135356e-02 1.40207108e+00 -1.44930498e+01 4.64066963e-02 1.39992922e+00 -9.40881211e+00 6.83923859e-06 2.14185550e-03 -5.08423771e+00
823              4.40675156e-02 1.40908576e+00 -1.44937130e+01 4.40482597e-02 1.40693826e+00 -9.40915734e+00 1.92559066e-05 2.14749981e-03 -5.08455564e+00
824              4.02050330e-02 1.41757376e+00 -1.44937410e+01 4.01723813e-02 1.41543450e+00 -9.40880033e+00 3.26516937e-05 2.13925737e-03 -5.08494067e+00
825              3.64203424e-02 1.42757384e+00 -1.44937746e+01 3.63728590e-02 1.42545093e+00 -9.40839948e+00 4.74833964e-05 2.12291737e-03 -5.08537517e+00
826              3.35129231e-02 1.43931591e+00 -1.44942486e+01 3.34494482e-02 1.43721563e+00 -9.40841969e+00 6.34748389e-05 2.10028248e-03 -5.08582896e+00
827              3.10174943e-02 1.45249844e+00 -1.44953117e+01 3.09406527e-02 1.45042810e+00 -9.40903686e+00 7.68415591e-05 2.07034537e-03 -5.08627481e+00
828              2.83226047e-02 1.46477635e+00 -1.44963735e+01 2.82393939e-02 1.46274479e+00 -9.40969007e+00 8.32107425e-05 2.03155436e-03 -5.08668341e+00
829              2.70216864e-02 1.47516180e+00 -1.44973023e+01 2.69353142e-02 1.47317047e+00 -9.41028048e+00 8.63721523e-05 1.99132784e-03 -5.08702186e+00
830              2.85823983e-02 1.48273936e+00 -1.44978106e+01 2.84945062e-02 1.48078943e+00 -9.41053988e+00 8.78920903e-05 1.94992447e-03 -5.08727072e+00
831              3.34297636e-02 1.48788787e+00 -1.44982437e+01 3.33406544e-02 1.48597766e+00 -9.41081005e+00 8.91092875e-05 1.91020796e-03 -5.08743368e+00
832              4.03217685e-02 1.49036158e+00 -1.44986760e+01 4.02311045e-02 1.48848008e+00 -9.41115569e+00 9.06640006e-05 1.88150338e-03 -5.08752036e+00
833              4.55074431e-02 1.49034065e+00 -1.44992133e+01 4.54163945e-02 1.48847368e+00 -9.41166463e+00 9.10485142e-05 1.86697125e-03 -5.08754863e+00
834              4.80500533e-02 1.48924444e+00 -1.44991525e+01 4.79592427e-02 1.48737976e+00 -9.41160062e+00 9.08106592e-05 1.86468287e-03 -5.08755189e+00
835              4.96337665e-02 1.48807933e+00 -1.44989789e+01 4.95458263e-02 1.48620772e+00 -9.41141165e+00 8.79401918e-05 1.87160937e-03 -5.08756722e+00
836              5.18939245e-02 1.48670962e+00 -1.44992731e+01 5.18109587e-02 1.48482198e+00 -9.41165123e+00 8.29658414e-05 1.88763506e-03 -5.08762192e+00
837              5.50069428e-02 1.48407849e+00 -1.45005872e+01 5.49305178e-02 1.48217212e+00 -9.41284600e+00 7.64250693e-05 1.90637063e-03 -5.08774124e+00
838              5.88412088e-02 1.47863982e+00 -1.45023011e+01 5.87702574e-02 1.47671618e+00 -9.41436285e+00 7.09514027e-05 1.92364033e-03 -5.08793823e+00
839              6.20246704e-02 1.47012236e+00 -1.45038470e+01 6.19594433e-02 1.46818965e+00 -9.41562763e+00 6.52270849e-05 1.93271612e-03 -5.08821942e+00
840              6.47606706e-02 1.45977798e+00 -1.45047174e+01 6.47024581e-02 1.45784384e+00 -9.41614704e+00 5.82125519e-05 1.93414229e-03 -5.08857037e+00
841              6.82381656e-02 1.44901145e+00 -1.45054332e+01 6.81840542e-02 1.44708618e+00 -9.41646597e+00 5.41114235e-05 1.92526643e-03 -5.08896726e+00
842              7.20303427e-02 1.43797289e+00 -1.45062771e+01 7.19764549e-02 1.43607073e+00 -9.41689388e+00 5.38878812e-05 1.90215897e-03 -5.08938318e+00
843              7.56168174e-02 1.42736463e+00 -1.45073513e+01 7.55582366e-02 1.42549969e+00 -9.41756271e+00 5.85808582e-05 1.86493164e-03 -5.08978860e+00
844              7.75784550e-02 1.41754892e+00 -1.45081512e+01 7.75128918e-02 1.41572661e+00 -9.41800164e+00 6.55631358e-05 1.82231355e-03 -5.09014952e+00
845              7.66190169e-02 1.41118410e+00 -1.45086857e+01 7.65531117e-02 1.40939889e+00 -9.41824279e+00 6.59051402e-05 1.78521258e-03 -5.09044288e+00
846              7.34544212e-02 1.40895579e+00 -1.45086101e+01 7.33986509e-02 1.40718962e+00 -9.41795463e+00 5.57703274e-05 1.76616931e-03 -5.09065544e+00
847              6.99508048e-02 1.41040245e+00 -1.45083219e+01 6.99159008e-02 1.40862867e+00 -9.41753581e+00 3.49040246e-05 1.77377652e-03 -5.09078612e+00
848              6.62879554e-02 1.41328719e+00 -1.45079612e+01 6.62785126e-02 1.41148597e+00 -9.41711591e+00 9.44284681e-06 1.80121415e-03 -5.09084530e+00
849              6.24147241e-02 1.41620637e+00 -1.45075052e+01 6.24274306e-02 1.41435832e+00 -9.41664910e+00 -1.27064611e-05 1.84804395e-03 -5.09085609e+00
850              5.82071656e-02 1.41925296e+00 -1.45064417e+01 5.82362125e-02 1.41734380e+00 -9.41559820e+00 -2.90469239e-05 1.90915980e-03 -5.09084347e+00
851              5.58860693e-02 1.42255142e+00 -1.45050662e+01 5.59198024e-02 1.42056636e+00 -9.41423273e+00 -3.37330574e-05 1.98505991e-03 -5.09083344e+00
852              5.52331884e-02 1.42628680e+00 -1.45043519e+01 5.52636719e-02 1.42422435e+00 -9.41350432e+00 -3.04835031e-05 2.06244910e-03 -5.09084762e+00
853              5.48492031e-02 1.42989060e+00 -1.45050017e+01 5.48726000e-02 1.42775743e+00 -9.41408347e+00 -2.33969240e-05 2.13317853e-03 -5.09091824e+00
854              5.36157341e-02 1.43259454e+00 -1.45063074e+01 5.36280914e-02 1.43040077e+00 -9.41524833e+00 -1.23572727e-05 2.19376401e-03 -5.09105906e+00
855              5.01123279e-02 1.43479630e+00 -1.45073653e+01 5.01072303e-02 1.43255464e+00 -9.41609365e+00 5.09756358e-06 2.24165643e-03 -5.09127166e+00
856              4.56223722e-02 1.43761834e+00 -1.45077414e+01 4.55933993e-02 1.43534158e+00 -9.41619372e+00 2.89728207e-05 2.27676462e-03 -5.09154765e+00
857              4.10959275e-02 1.44176449e+00 -1.45080664e+01 4.10396456e-02 1.43946563e+00 -9.41619538e+00 5.62818746e-05 2.29885766e-03 -5.09187104e+00
858              3.70798888e-02 1.44749481e+00 -1.45087904e+01 3.69972326e-02 1.44518511e+00 -9.41657707e+00 8.26562288e-05 2.30970550e-03 -5.09221328e+00
859              3.27032786e-02 1.45348245e+00 -1.45101931e+01 3.26008988e-02 1.45117777e+00 -9.41764171e+00 1.02379837e-04 2.30468072e-03 -5.09255142e+00
860              2.79947776e-02 1.45779096e+00 -1.45118564e+01 2.78783220e-02 1.45551337e+00 -9.41900530e+00 1.16455651e-04 2.27759205e-03 -5.09285115e+00
861              2.54807083e-02 1.46129308e+00 -1.45132467e+01 2.53540408e-02 1.45906792e+00 -9.42015955e+00 1.26667504e-04 2.22516240e-03 -5.09308716e+00
862              2.56844873e-02 1.46437324e+00 -1.45139572e+01 2.55474379e-02 1.46221721e+00 -9.42071144e+00 1.37049457e-04 2.15602699e-03 -5.09324577e+00
863              2.95271762e-02 1.46777177e+00 -1.45142359e+01 2.93774245e-02 1.46569556e+00 -9.42090434e+00 1.49751673e-04 2.07620716e-03 -5.09333160e+00
864              3.47614729e-02 1.47063594e+00 -1.45143702e+01 3.46024743e-02 1.46863979e+00 -9.42101935e+00 1.58998542e-04 1.99615042e-03 -5.09335080e+00
865              3.84892294e-02 1.47348517e+00 -1.45144191e+01 3.83286648e-02 1.47156094e+00 -9.42109294e+00 1.60564616e-04 1.92422731e-03 -5.09332617e+00
866              4.05114352e-02 1.47776882e+00 -1.45137774e+01 4.03574886e-02 1.47590232e+00 -9.42049390e+00 1.53946615e-04 1.86649843e-03 -5.09328353e+00
867              4.28053308e-02 1.48468444e+00 -1.45127785e+01 4.26653405e-02 1.48286061e+00 -9.41951977e+00 1.39990260e-04 1.82382770e-03 -5.09325876e+00
868              4.57324425e-02 1.49387794e+00 -1.45122889e+01 4.56130489e-02 1.49208080e+00 -9.41901210e+00 1.19393626e-04 1.79713961e-03 -5.09327676e+00
869              5.00858932e-02 1.50262889e+00 -1.45129400e+01 4.99884235e-02 1.50084066e+00 -9.41958029e+00 9.74697739e-05 1.78823083e-03 -5.09335968e+00
870              5.49084225e-02 1.50832890e+00 -1.45140369e+01 5.48285316e-02 1.50653549e+00 -9.42053065e+00 7.98908619e-05 1.79340916e-03 -5.09350625e+00
871              5.91364906e-02 1.51025386e+00 -1.45147937e+01 5.90721603e-02 1.50844326e+00 -9.42107668e+00 6.43303117e-05 1.81060676e-03 -5.09371699e+00
872              6.34680777e-02 1.50902410e+00 -1.45146603e+01 6.34193146e-02 1.50718477e+00 -9.42068103e+00 4.87630518e-05 1.83933795e-03 -5.09397928e+00
873              6.84828931e-02 1.50418002e+00 -1.45143235e+01 6.84437361e-02 1.50230398e+00 -9.42005312e+00 3.91569930e-05 1.87603771e-03 -5.09427041e+00
874              7.42718678e-02 1.49516540e+00 -1.45144264e+01 7.42390668e-02 1.49325623e+00 -9.41986194e+00 3.28010030e-05 1.90917876e-03 -5.09456449e+00
875              7.96823737e-02 1.48251408e+00 -1.45152563e+01 7.96515140e-02 1.48058014e+00 -9.42040782e+00 3.08596365e-05 1.93394633e-03 -5.09484845e+00
876              8.26732461e-02 1.46740385e+00 -1.45163120e+01 8.26411214e-02 1.46544877e+00 -9.42121933e+00 3.21247173e-05 1.95508152e-03 -5.09509269e+00
877              8.27987483e-02 1.45304626e+00 -1.45171775e+01 8.27659743e-02 1.45106569e+00 -9.42190858e+00 3.27739463e-05 1.98057490e-03 -5.09526894e+00
878              8.07792706e-02 1.44063181e+00 -1.45172644e+01 8.07510631e-02 1.43862027e+00 -9.42189288e+00 2.82074589e-05 2.01154029e-03 -5.09537147e+00
879              7.73417706e-02 1.42989874e+00 -1.45172359e+01 7.73245156e-02 1.42784655e+00 -9.42182857e+00 1.72550559e-05 2.05219402e-03 -5.09540736e+00
880              7.28496031e-02 1.41876808e+00 -1.45171681e+01 7.28461683e-02 1.41666898e+00 -9.42178640e+00 3.43477863e-06 2.09910378e-03 -5.09538165e+00
881              6.79514798e-02 1.40678753e+00 -1.45172535e+01 6.79573442e-02 1.40464153e+00 -9.42193437e+00 -5.86434469e-06 2.14599440e-03 -5.09531914e+00
882              6.34991673e-02 1.39596880e+00 -1.45168787e+01 6.35052122e-02 1.39378565e+00 -9.42163026e+00 -6.04491707e-06 2.18315211e-03 -5.09524844e+00
883              6.04019101e-02 1.38819984e+00 -1.45163012e+01 6.03987768e-02 1.38599315e+00 -9.42109659e+00 3.13335655e-06 2.20669094e-03 -5.09520462e+00
884              5.82695175e-02 1.38507837e+00 -1.45162603e+01 5.82501630e-02 1.38286015e+00 -9.42105588e+00 1.93545235e-05 2.21821606e-03 -5.09520444e+00
885              5.60006612e-02 1.38694184e+00 -1.45172785e+01 5.59621546e-02 1.38472423e+00 -9.42201264e+00 3.85066600e-05 2.21761418e-03 -5.09526589e+00
886              5.29318971e-02 1.39252635e+00 -1.45186749e+01 5.28746054e-02 1.39031799e+00 -9.42328202e+00 5.72917305e-05 2.20835854e-03 -5.09539288e+00
887              4.82010688e-02 1.40158753e+00 -1.45194969e+01 4.81267063e-02 1.39939816e+00 -9.42390773e+00 7.43624603e-05 2.18937375e-03 -5.09558916e+00
888              4.31644947e-02 1.41503570e+00 -1.45192206e+01 4.30747795e-02 1.41286707e+00 -9.42337983e+00 8.97152787e-05 2.16862798e-03 -5.09584075e+00
889              3.80628741e-02 1.43382918e+00 -1.45185682e+01 3.79592495e-02 1.43167860e+00 -9.42244122e+00 1.03624555e-04 2.15058420e-03 -5.09612698e+00
890              3.30977610e-02 1.45672446e+00 -1.45183633e+01 3.29845561e-02 1.45458334e+00 -9.42194469e+00 1.13204893e-04 2.14111596e-03 -5.09641861e+00
891              2.81176433e-02 1.48003232e+00 -1.45191277e+01 2.79991445e-02 1.47789259e+00 -9.42243999e+00 1.18498854e-04 2.13973063e-03 -5.09668768e+00
892              2.36907696e-02 1.50011752e+00 -1.45199373e+01 2.35710062e-02 1.49798141e+00 -9.42303263e+00 1.19763405e-04 2.13610684e-03 -5.09690472e+00
893              2.15706402e-02 1.51675035e+00 -1.45201155e+01 2.14528541e-02 1.51462357e+00 -9.42306686e+00 1.17786076e-04 2.12678656e-03 -5.09704866e+00
894              2.27054162e-02 1.52920802e+00 -1.45193519e+01 2.25892948e-02 1.52709496e+00 -9.42224019e+00 1.16121376e-04 2.11306479e-03 -5.09711167e+00
895              2.69812266e-02 1.53741409e+00 -1.45186568e+01 2.68609988e-02 1.53531195e+00 -9.42156356e+00 1.20227823e-04 2.10213840e-03 -5.09709322e+00
896              3.26008790e-02 1.54019070e+00 -1.45183018e+01 3.24794999e-02 1.53809544e+00 -9.42129672e+00 1.21379150e-04 2.09525955e-03 -5.09700511e+00
897              3.70011206e-02 1.53825656e+00 -1.45184222e+01 3.68858347e-02 1.53616104e+00 -9.42153401e+00 1.15285956e-04 2.09551684e-03 -5.09688823e+00
898              4.06075498e-02 1.53324842e+00 -1.45181243e+01 4.05041667e-02 1.53114930e+00 -9.42135285e+00 1.03383134e-04 2.09912396e-03 -5.09677143e+00
899              4.41957589e-02 1.52694209e+00 -1.45174755e+01 4.41063936e-02 1.52483624e+00 -9.42079140e+00 8.93653601e-05 2.10584491e-03 -5.09668408e+00
900              4.80540466e-02 1.52004443e+00 -1.45172257e+01 4.79791559e-02 1.51793586e+00 -9.42057556e+00 7.48907616e-05 2.10856724e-03 -5.09665010e+00
901              5.21703882e-02 1.51201436e+00 -1.45183127e+01 5.21074597e-02 1.50990942e+00 -9.42162978e+00 6.29284227e-05 2.10493662e-03 -5.09668297e+00
902              5.60387593e-02 1.50141704e+00 -1.45201653e+01 5.59833149e-02 1.49932261e+00 -9.42337890e+00 5.54444729e-05 2.09443061e-03 -5.09678637e+00
903              5.98697914e-02 1.48845694e+00 -1.45219218e+01 5.98190257e-02 1.48637944e+00 -9.42495778e+00 5.07656331e-05 2.07750661e-03 -5.09696398e+00
904              6.45711528e-02 1.47518418e+00 -1.45228407e+01 6.45210989e-02 1.47313092e+00 -9.42563788e+00 5.00539303e-05 2.05325776e-03 -5.09720284e+00
905              6.94963269e-02 1.46262171e+00 -1.45234327e+01 6.94436934e-02 1.46060143e+00 -9.42594983e+00 5.26334721e-05 2.02028750e-03 -5.09748290e+00
906              7.51119957e-02 1.45210210e+00 -1.45241919e+01 7.50536002e-02 1.45012070e+00 -9.42641926e+00 5.83954835e-05 1.98140836e-03 -5.09777260e+00
907              7.99403480e-02 1.44369255e+00 -1.45254645e+01 7.98719346e-02 1.44175421e+00 -9.42741409e+00 6.84134467e-05 1.93834087e-03 -5.09805037e+00
908              8.30641667e-02 1.43795224e+00 -1.45265629e+01 8.29845035e-02 1.43605069e+00 -9.42828162e+00 7.96631630e-05 1.90155432e-03 -5.09828127e+00
909              8.38906967e-02 1.43656859e+00 -1.45270473e+01 8.38046622e-02 1.43468710e+00 -9.42861175e+00 8.60344340e-05 1.88149375e-03 -5.09843558e+00
910              8.22356778e-02 1.43981030e+00 -1.45265030e+01 8.21515242e-02 1.43792502e+00 -9.42799992e+00 8.41535418e-05 1.88527123e-03 -5.09850305e+00
911              7.80193709e-02 1.44601083e+00 -1.45258035e+01 7.79463611e-02 1.44409263e+00 -9.42731556e+00 7.30098540e-05 1.91820295e-03 -5.09848794e+00
912              7.28034634e-02 1.45160100e+00 -1.45249792e+01 7.27482762e-02 1.44962725e+00 -9.42657520e+00 5.51871374e-05 1.97375531e-03 -5.09840401e+00
913              6.77674986e-02 1.45490344e+00 -1.45242204e+01 6.77265918e-02 1.45286016e+00 -9.42593914e+00 4.09068319e-05 2.04328348e-03 -5.09828128e+00
914              6.42073695e-02 1.45636028e+00 -1.45226867e+01 6.41741101e-02 1.45423884e+00 -9.42454180e+00 3.32593793e-05 2.12144113e-03 -5.09814488e+00
915              6.13272702e-02 1.45660157e+00 -1.45207956e+01 6.12979396e-02 1.45440195e+00 -9.42276528e+00 2.93306394e-05 2.19961822e-03 -5.09803033e+00
916              5.88577167e-02 1.45600524e+00 -1.45193865e+01 5.88266602e-02 1.45373306e+00 -9.42142731e+00 3.10564619e-05 2.27217237e-03 -5.09795922e+00
917              5.65279103e-02 1.45511304e+00 -1.45193307e+01 5.64912050e-02 1.45277608e+00 -9.42138823e+00 3.67052556e-05 2.33695374e-03 -5.09794243e+00
918              5.39782709e-02 1.45300111e+00 -1.45201933e+01 5.39392101e-02 1.45061572e+00 -9.42220350e+00 3.90607962e-05 2.38539693e-03 -5.09798982e+00
919              5.04156753e-02 1.45008429e+00 -1.45209672e+01 5.03758194e-02 1.44766861e+00 -9.42285121e+00 3.98559616e-05 2.41567214e-03 -5.09811602e+00
920              4.57267198e-02 1.44822433e+00 -1.45208845e+01 4.56850319e-02 1.44579269e+00 -9.42258012e+00 4.16879465e-05 2.43164895e-03 -5.09830437e+00
921              4.08324513e-02 1.45001351e+00 -1.45205679e+01 4.07867686e-02 1.44758072e+00 -9.42203262e+00 4.56826891e-05 2.43279189e-03 -5.09853527e+00
922              3.58373472e-02 1.45567834e+00 -1.45209142e+01 3.57833633e-02 1.45325804e+00 -9.42212816e+00 5.39839056e-05 2.42029831e-03 -5.09878604e+00
923              3.09927717e-02 1.46270140e+00 -1.45223041e+01 3.09297884e-02 1.46030729e+00 -9.42327684e+00 6.29833916e-05 2.39411348e-03 -5.09902724e+00
924              2.66886831e-02 1.46891200e+00 -1.45238438e+01 2.66169165e-02 1.46656093e+00 -9.42461698e+00 7.17666038e-05 2.35107275e-03 -5.09922680e+00
925              2.40467062e-02 1.47515993e+00 -1.45250968e+01 2.39639023e-02 1.47287138e+00 -9.42573416e+00 8.28038056e-05 2.28855544e-03 -5.09936265e+00
926              2.42952893e-02 1.48208142e+00 -1.45257898e+01 2.41973674e-02 1.47986693e+00 -9.42636837e+00 9.79219890e-05 2.21448526e-03 -5.09942141e+00
927              2.68945876e-02 1.49067591e+00 -1.45264957e+01 2.67776845e-02 1.48853644e+00 -9.42708738e+00 1.16903113e-04 2.13946874e-03 -5.09940830e+00
928              3.07030685e-02 1.50035995e+00 -1.45269382e+01 3.05662887e-02 1.49828243e+00 -9.42760721e+00 1.36779799e-04 2.07752183e-03 -5.09933098e+00
929              3.42294123e-02 1.50989916e+00 -1.45272817e+01 3.40779307e-02 1.50786465e+00 -9.42806771e+00 1.51481623e-04 2.03451185e-03 -5.09921403e+00
930              3.79298377e-02 1.51967384e+00 -1.45269181e+01 3.77737937e-02 1.51766781e+00 -9.42783368e+00 1.56044027e-04 2.00602738e-03 -5.09908444e+00
931              4.11725068e-02 1.52977597e+00 -1.45260029e+01 4.10194198e-02 1.52778381e+00 -9.42702977e+00 1.53086988e-04 1.99216114e-03 -5.09897309e+00
932              4.35989328e-02 1.53986083e+00 -1.45252290e+01 4.34555560e-02 1.53786978e+00 -9.42632253e+00 1.43376789e-04 1.99105183e-03 -5.09890652e+00
933              4.58735910e-02 1.54872997e+00 -1.45255737e+01 4.57453063e-02 1.54673010e+00 -9.42667929e+00 1.28284773e-04 1.99987365e-03 -5.09889436e+00
934              4.88924800e-02 1.55290316e+00 -1.45265749e+01 4.87824232e-02 1.55088660e+00 -9.42763483e+00 1.10056789e-04 2.01655977e-03 -5.09894007e+00
935              5.34619917e-02 1.55156433e+00 -1.45272935e+01 5.33705304e-02 1.54952900e+00 -9.42823912e+00 9.14612493e-05 2.03533608e-03 -5.09905441e+00
936              5.83764017e-02 1.54575700e+00 -1.45268929e+01 5.83040070e-02 1.54370043e+00 -9.42766450e+00 7.23946434e-05 2.05656690e-03 -5.09922841e+00
937              6.34279626e-02 1.53646553e+00 -1.45258897e+01 6.33751991e-02 1.53439087e+00 -9.42644410e+00 5.27634966e-05 2.07466135e-03 -5.09944562e+00
938              6.96118130e-02 1.52413905e+00 -1.45252333e+01 6.95738260e-02 1.52204902e+00 -9.42555806e+00 3.79869903e-05 2.09002304e-03 -5.09967520e+00
939              7.63056829e-02 1.50848363e+00 -1.45257680e+01 7.62763440e-02 1.50638531e+00 -9.42587840e+00 2.93389242e-05 2.09832420e-03 -5.09988959e+00
940              8.23479349e-02 1.49118053e+00 -1.45265792e+01 8.23247186e-02 1.48908091e+00 -9.42651381e+00 2.32162951e-05 2.09962668e-03 -5.10006539e+00
941              8.61776664e-02 1.47553754e+00 -1.45272299e+01 8.61606196e-02 1.47343461e+00 -9.42704252e+00 1.70467602e-05 2.10292585e-03 -5.10018740e+00
942              8.61966702e-02 1.46275689e+00 -1.45273452e+01 8.61858325e-02 1.46064170e+00 -9.42710916e+00 1.08376667e-05 2.11519357e-03 -5.10023607e+00
943              8.29375952e-02 1.45282444e+00 -1.45273613e+01 8.29330311e-02 1.45068803e+00 -9.42714710e+00 4.56405674e-06 2.13641249e-03 -5.10021419e+00
944              7.84752983e-02 1.44372769e+00 -1.45272271e+01 7.84759002e-02 1.44156319e+00 -9.42709635e+00 -6.01968022e-07 2.16450058e-03 -5.10013075e+00
945              7.44055561e-02 1.43432864e+00 -1.45271290e+01 7.44063886e-02 1.43212974e+00 -9.42712135e+00 -8.32538752e-07 2.19890183e-03 -5.10000763e+00
946              7.11147820e-02 1.42588516e+00 -1.45266758e+01 7.11079610e-02 1.42364724e+00 -9.42680555e+00 6.82099795e-06 2.23792570e-03 -5.09987029e+00
947              6.81269121e-02 1.41966613e+00 -1.45261845e+01 6.81049553e-02 1.41739041e+00 -9.42643637e+00 2.19567479e-05 2.27571873e-03 -5.09974816e+00
948              6.42601393e-02 1.41731029e+00 -1.45261409e+01 6.42166129e-02 1.41500327e+00 -9.42647700e+00 4.35263830e-05 2.30701163e-03 -5.09966390e+00
949              5.97864033e-02 1.41981245e+00 -1.45269433e+01 5.97198333e-02 1.41748023e+00 -9.42731190e+00 6.65699977e-05 2.33222877e-03 -5.09963142e+00
950              5.51821520e-02 1.42576012e+00 -1.45282277e+01 5.50950906e-02 1.42341038e+00 -9.42856487e+00 8.70614534e-05 2.34973872e-03 -5.09966279e+00
951              5.07643963e-02 1.43370865e+00 -1.45290717e+01 5.06593862e-02 1.43134794e+00 -9.42931011e+00 1.05010044e-04 2.36071280e-03 -5.09976156e+00
952              4.49933725e-02 1.44446501e+00 -1.45286129e+01 4.48766810e-02 1.44210044e+00 -9.42869621e+00 1.16691553e-04 2.36456277e-03 -5.09991665e+00
953              3.83084870e-02 1.45952377e+00 -1.45276934e+01 3.81867590e-02 1.45715894e+00 -9.42758647e+00 1.21727960e-04 2.36482110e-03 -5.10010697e+00
954              3.11808566e-02 1.47826512e+00 -1.45274131e+01 3.10590717e-02 1.47590432e+00 -9.42710092e+00 1.21784945e-04 2.36080111e-03 -5.10031214e+00
955              2.51260339e-02 1.49744228e+00 -1.45278903e+01 2.50109595e-02 1.49508858e+00 -9.42738503e+00 1.15074367e-04 2.35370687e-03 -5.10050531e+00
956              2.04738051e-02 1.51416555e+00 -1.45283029e+01 2.03685523e-02 1.51182783e+00 -9.42764372e+00 1.05252854e-04 2.33772163e-03 -5.10065922e+00
957              1.81520788e-02 1.52787785e+00 -1.45282723e+01 1.80567119e-02 1.52557241e+00 -9.42751510e+00 9.53669046e-05 2.30544661e-03 -5.10075716e+00
958              1.84177227e-02 1.53910921e+00 -1.45277557e+01 1.83290756e-02 1.53684859e+00 -9.42696863e+00 8.86471451e-05 2.26061658e-03 -5.10078710e+00
959              2.07365567e-02 1.54854578e+00 -1.45273532e+01 2.06507538e-02 1.54633760e+00 -9.42659752e+00 8.58028702e-05 2.20818423e-03 -5.10075564e+00
960              2.50657073e-02 1.55543276e+00 -1.45270442e+01 2.49764750e-02 1.55326509e+00 -9.42637472e+00 8.92323556e-05 2.16767112e-03 -5.10066950e+00
961              3.11100126e-02 1.55789449e+00 -1.45270383e+01 3.10182165e-02 1.55575544e+00 -9.42649683e+00 9.17961800e-05 2.13905551e-03 -5.10054146e+00
962              3.73768242e-02 1.55750234e+00 -1.45268847e+01 3.72900744e-02 1.55538475e+00 -9.42648192e+00 8.67497735e-05 2.11759170e-03 -5.10040274e+00
963              4.23611657e-02 1.55567590e+00 -1.45264444e+01 4.22854563e-02 1.55357325e+00 -9.42615596e+00 7.57093782e-05 2.10265372e-03 -5.10028841e+00
964              4.51998707e-02 1.55372620e+00 -1.45262020e+01 4.51374427e-02 1.55162981e+00 -9.42598973e+00 6.24280301e-05 2.09638957e-03 -5.10021224e+00
965              4.74312832e-02 1.55156011e+00 -1.45269397e+01 4.73806358e-02 1.54946844e+00 -9.42675585e+00 5.06473260e-05 2.09167565e-03 -5.10018385e+00
966              5.08971216e-02 1.54680810e+00 -1.45285238e+01 5.08549119e-02 1.54471929e+00 -9.42831317e+00 4.22096719e-05 2.08881189e-03 -5.10021067e+00
967              5.62383058e-02 1.53815257e+00 -1.45302512e+01 5.61996649e-02 1.53606086e+00 -9.42995963e+00 3.86409224e-05 2.09171457e-03 -5.10029162e+00
968              6.10957016e-02 1.52666869e+00 -1.45311858e+01 6.10568423e-02 1.52457053e+00 -9.43075968e+00 3.88592929e-05 2.09816167e-03 -5.10042616e+00
969              6.55810691e-02 1.51416482e+00 -1.45315068e+01 6.55391587e-02 1.51206022e+00 -9.43090497e+00 4.19104095e-05 2.10459681e-03 -5.10060185e+00
970              7.01273891e-02 1.50174866e+00 -1.45319761e+01 7.00805808e-02 1.49964170e+00 -9.43118011e+00 4.68082981e-05 2.10696668e-03 -5.10079600e+00
971              7.52944567e-02 1.49014706e+00 -1.45332216e+01 7.52417675e-02 1.48803967e+00 -9.43223705e+00 5.26892078e-05 2.10739572e-03 -5.10098458e+00
972              8.03014213e-02 1.48011123e+00 -1.45343110e+01 8.02385782e-02 1.47800056e+00 -9.43317154e+00 6.28430836e-05 2.11067468e-03 -5.10113947e+00
973              8.35229434e-02 1.47275898e+00 -1.45347526e+01 8.34504984e-02 1.47064186e+00 -9.43350820e+00 7.24449509e-05 2.11711981e-03 -5.10124442e+00
974              8.28251343e-02 1.46870658e+00 -1.45345443e+01 8.27488692e-02 1.46657433e+00 -9.43326165e+00 7.62650980e-05 2.13224718e-03 -5.10128261e+00
975              7.85188553e-02 1.46745017e+00 -1.45340129e+01 7.84460111e-02 1.46528951e+00 -9.43276446e+00 7.28441833e-05 2.16065990e-03 -5.10124845e+00
976              7.26184170e-02 1.46765809e+00 -1.45332453e+01 7.25568015e-02 1.46546153e+00 -9.43209189e+00 6.16154526e-05 2.19656248e-03 -5.10115345e+00
977              6.82696740e-02 1.46676266e+00 -1.45322631e+01 6.82221324e-02 1.46452791e+00 -9.43124095e+00 4.75416072e-05 2.23474320e-03 -5.10102216e+00
978              6.50611024e-02 1.46441001e+00 -1.45309431e+01 6.50246102e-02 1.46213721e+00 -9.43006171e+00 3.64921990e-05 2.27280516e-03 -5.10088143e+00
979              6.22342413e-02 1.46153158e+00 -1.45294723e+01 6.22037119e-02 1.45922494e+00 -9.42871087e+00 3.05294027e-05 2.30664646e-03 -5.10076142e+00
980              5.85553691e-02 1.46020280e+00 -1.45282107e+01 5.85248320e-02 1.45786546e+00 -9.42753394e+00 3.05370965e-05 2.33733763e-03 -5.10067679e+00
981              5.45119172e-02 1.46180164e+00 -1.45277127e+01 5.44817541e-02 1.45944195e+00 -9.42706738e+00 3.01631012e-05 2.35968962e-03 -5.10064536e+00
982              5.12105621e-02 1.46454403e+00 -1.45279312e+01 5.11801821e-02 1.46216473e+00 -9.42725954e+00 3.03799905e-05 2.37929554e-03 -5.10067162e+00
983              4.88379445e-02 1.46685474e+00 -1.45284305e+01 4.88097196e-02 1.46445966e+00 -9.42767939e+00 2.82249431e-05 2.39508281e-03 -5.10075109e+00
984              4.53375841e-02 1.47022005e+00 -1.45282621e+01 4.53159919e-02 1.46781619e+00 -9.42738196e+00 2.15921728e-05 2.40386387e-03 -5.10088017e+00
985              4.02017844e-02 1.47696066e+00 -1.45279590e+01 4.01883486e-02 1.47454948e+00 -9.42690813e+00 1.34358172e-05 2.41117656e-03 -5.10105084e+00
986              3.42790484e-02 1.48728762e+00 -1.45282033e+01 3.42687292e-02 1.48486954e+00 -9.42697663e+00 1.03192127e-05 2.41808099e-03 -5.10122662e+00
987              2.94538340e-02 1.49905242e+00 -1.45292648e+01 2.94396390e-02 1.49663385e+00 -9.42787596e+00 1.41949663e-05 2.41857180e-03 -5.10138885e+00
988              2.54576346e-02 1.50975758e+00 -1.45304672e+01 2.54337950e-02 1.50735110e+00 -9.42895109e+00 2.38395890e-05 2.40647539e-03 -5.10151610e+00
989              2.25744215e-02 1.51798375e+00 -1.45313589e+01 2.25369132e-02 1.51560274e+00 -9.42976780e+00 3.75082762e-05 2.38101012e-03 -5.10159111e+00
990              2.11521800e-02 1.52496641e+00 -1.45318706e+01 2.10976287e-02 1.52261965e+00 -9.43027171e+00 5.45512560e-05 2.34676252e-03 -5.10159885e+00
991              2.11616074e-02 1.53170943e+00 -1.45323976e+01 2.10842025e-02 1.52939982e+00 -9.43085145e+00 7.74049149e-05 2.30960863e-03 -5.10154617e+00
992              2.35200773e-02 1.53859432e+00 -1.45330330e+01 2.34178949e-02 1.53632048e+00 -9.43158651e+00 1.02182377e-04 2.27384351e-03 -5.10144645e+00
993              2.86240645e-02 1.54395686e+00 -1.45336733e+01 2.85005464e-02 1.54171235e+00 -9.43235383e+00 1.23518130e-04 2.24450665e-03 -5.10131943e+00
994              3.36117432e-02 1.54792920e+00 -1.45338527e+01 3.34764455e-02 1.54570568e+00 -9.43266848e+00 1.35297651e-04 2.22351933e-03 -5.10118419e+00
995              3.68549298e-02 1.55084893e+00 -1.45333832e+01 3.67191846e-02 1.54864332e+00 -9.43231663e+00 1.35745164e-04 2.20561437e-03 -5.10106655e+00
996              3.81715486e-02 1.55381888e+00 -1.45326882e+01 3.80450577e-02 1.55163374e+00 -9.43170334e+00 1.26490900e-04 2.18514013e-03 -5.10098483e+00
997              3.91639151e-02 1.55638714e+00 -1.45326000e+01 3.90516332e-02 1.55422510e+00 -9.43164939e+00 1.12281904e-04 2.16204506e-03 -5.10095065e+00
998              4.19763099e-02 1.55727716e+00 -1.45331569e+01 4.18832993e-02 1.55514310e+00 -9.43218325e+00 9.30106062e-05 2.13406947e-03 -5.10097364e+00
999              4.64698267e-02 1.55449992e+00 -1.45339404e+01 4.63979435e-02 1.55239330e+00 -9.43288319e+00 7.18831976e-05 2.10661734e-03 -5.10105725e+00
1000             5.14697538e-02 1.54783196e+00 -1.45341460e+01 5.14191023e-02 1.54574758e+00 -9.43295000e+00 5.06515825e-05 2.08437388e-03 -5.10119597e+00
1001             5.68745274e-02 1.53916901e+00 -1.45338765e+01 5.68439354e-02 1.53710305e+00 -9.43249768e+00 3.05919600e-05 2.06595994e-03 -5.10137879e+00
1002             6.24987787e-02 1.53029510e+00 -1.45336253e+01 6.24872392e-02 1.52824292e+00 -9.43204428e+00 1.15394521e-05 2.05218068e-03 -5.10158103e+00
1003             6.95747585e-02 1.52216387e+00 -1.45338638e+01 6.95813310e-02 1.52011632e+00 -9.43208845e+00 -6.57245469e-06 2.04754713e-03 -5.10177531e+00
1004             7.71200203e-02 1.51416712e+00 -1.45341460e+01 7.71341790e-02 1.51210304e+00 -9.43222058e+00 -1.41586909e-05 2.06407571e-03 -5.10192542e+00
1005             8.30289769e-02 1.50583383e+00 -1.45342669e+01 8.30418686e-02 1.50373622e+00 -9.43225864e+00 -1.28916946e-05 2.09761198e-03 -5.10200827e+00
1006             8.47812712e-02 1.49832584e+00 -1.45342497e+01 8.47910949e-02 1.49618181e+00 -9.43223291e+00 -9.82374402e-06 2.14403550e-03 -5.10201677e+00
1007             8.20608580e-02 1.49239246e+00 -1.45342091e+01 8.20683900e-02 1.49018945e+00 -9.43224905e+00 -7.53199872e-06 2.20301528e-03 -5.10196001e+00
1008             7.72842159e-02 1.48774994e+00 -1.45340166e+01 7.72900032e-02 1.48547689e+00 -9.43217301e+00 -5.78726980e-06 2.27305570e-03 -5.10184358e+00
1009             7.35374994e-02 1.48154937e+00 -1.45336204e+01 7.35402306e-02 1.47920119e+00 -9.43193158e+00 -2.73117397e-06 2.34817867e-03 -5.10168877e+00
1010             7.00876445e-02 1.47319562e+00 -1.45330509e+01 7.00836763e-02 1.47077431e+00 -9.43153035e+00 3.96822406e-06 2.42130432e-03 -5.10152051e+00
1011             6.55857695e-02 1.46403481e+00 -1.45325273e+01 6.55716166e-02 1.46154569e+00 -9.43116095e+00 1.41528318e-05 2.48912560e-03 -5.10136630e+00
1012             6.03029698e-02 1.45575927e+00 -1.45319534e+01 6.02761887e-02 1.45321238e+00 -9.43070463e+00 2.67810248e-05 2.54688376e-03 -5.10124875e+00
1013             5.46876114e-02 1.44989640e+00 -1.45318682e+01 5.46488718e-02 1.44730947e+00 -9.43068013e+00 3.87395702e-05 2.58693156e-03 -5.10118812e+00
1014             5.00707740e-02 1.44690254e+00 -1.45323181e+01 5.00223353e-02 1.44429645e+00 -9.43112669e+00 4.84386154e-05 2.60608342e-03 -5.10119138e+00
1015             4.61071242e-02 1.44603311e+00 -1.45330995e+01 4.60536603e-02 1.44342671e+00 -9.43184546e+00 5.34638867e-05 2.60639459e-03 -5.10125400e+00
1016             4.14116857e-02 1.44820026e+00 -1.45334091e+01 4.13568290e-02 1.44561364e+00 -9.43203335e+00 5.48566977e-05 2.58661845e-03 -5.10137574e+00
1017             3.51848044e-02 1.45394168e+00 -1.45334035e+01 3.51320965e-02 1.45139075e+00 -9.43185941e+00 5.27079139e-05 2.55093386e-03 -5.10154413e+00
1018             2.89319591e-02 1.46444196e+00 -1.45333566e+01 2.88846807e-02 1.46194308e+00 -9.43162539e+00 4.72783702e-05 2.49887823e-03 -5.10173123e+00
1019             2.39169294e-02 1.47912921e+00 -1.45336861e+01 2.38731120e-02 1.47669222e+00 -9.43177598e+00 4.38174143e-05 2.43699616e-03 -5.10191016e+00
1020             2.01821747e-02 1.49572896e+00 -1.45339858e+01 2.01402327e-02 1.49336126e+00 -9.43192519e+00 4.19420572e-05 2.36769498e-03 -5.10206057e+00
1021             1.72278370e-02 1.51187761e+00 -1.45341915e+01 1.71882930e-02 1.50958477e+00 -9.43202795e+00 3.95440758e-05 2.29283528e-03 -5.10216356e+00
1022             1.53529165e-02 1.52811971e+00 -1.45341867e+01 1.53128097e-02 1.52589903e+00 -9.43198197e+00 4.01067478e-05 2.22068318e-03 -5.10220472e+00
1023             1.53896672e-02 1.54467011e+00 -1.45342143e+01 1.53402588e-02 1.54250882e+00 -9.43203226e+00 4.94084549e-05 2.16128442e-03 -5.10218199e+00
1024             1.88628751e-02 1.56168261e+00 -1.45341297e+01 1.87975470e-02 1.55956101e+00 -9.43203234e+00 6.53281282e-05 2.12159878e-03 -5.10209741e+00
1025             2.53323854e-02 1.57681518e+00 -1.45338397e+01 2.52505579e-02 1.57470546e+00 -9.43187225e+00 8.18274676e-05 2.10972735e-03 -5.10196747e+00
1026             3.16956077e-02 1.58751597e+00 -1.45332409e+01 3.16034641e-02 1.58538796e+00 -9.43143293e+00 9.21436419e-05 2.12800942e-03 -5.10180797e+00
1027             3.59917993e-02 1.59371995e+00 -1.45325655e+01 3.59002776e-02 1.59155736e+00 -9.43092143e+00 9.15216615e-05 2.16258832e-03 -5.10164403e+00
1028             3.79313568e-02 1.59589168e+00 -1.45319978e+01 3.78516414e-02 1.59368941e+00 -9.43049186e+00 7.97154022e-05 2.20227135e-03 -5.10150594e+00
1029             3.89191147e-02 1.59424677e+00 -1.45320882e+01 3.88580362e-02 1.59200505e+00 -9.43066937e+00 6.10785610e-05 2.24172446e-03 -5.10141885e+00
1030             4.16420697e-02 1.58912241e+00 -1.45328253e+01 4.16006305e-02 1.58684657e+00 -9.43143865e+00 4.14391394e-05 2.27584269e-03 -5.10138668e+00
1031             4.56743893e-02 1.57834944e+00 -1.45339779e+01 4.56494532e-02 1.57604977e+00 -9.43256016e+00 2.49360863e-05 2.29967234e-03 -5.10141778e+00
1032             5.05265586e-02 1.56161101e+00 -1.45346850e+01 5.05168013e-02 1.55929707e+00 -9.43317303e+00 9.75725163e-06 2.31394266e-03 -5.10151195e+00
1033             5.48004557e-02 1.54084809e+00 -1.45350823e+01 5.48053492e-02 1.53852857e+00 -9.43342205e+00 -4.89350859e-06 2.31952197e-03 -5.10166030e+00
1034             5.91213377e-02 1.51931417e+00 -1.45355232e+01 5.91394428e-02 1.51699747e+00 -9.43368575e+00 -1.81051079e-05 2.31670462e-03 -5.10183745e+00
1035             6.53210838e-02 1.49924078e+00 -1.45364066e+01 6.53471848e-02 1.49693624e+00 -9.43439183e+00 -2.61010028e-05 2.30453787e-03 -5.10201480e+00
1036             7.25836244e-02 1.48139733e+00 -1.45374567e+01 7.26074263e-02 1.47911433e+00 -9.43528282e+00 -2.38019083e-05 2.28299880e-03 -5.10217389e+00
1037             7.79122272e-02 1.46611382e+00 -1.45383391e+01 7.79225247e-02 1.46385410e+00 -9.43604713e+00 -1.02974654e-05 2.25971717e-03 -5.10229197e+00
1038             7.94231408e-02 1.45549562e+00 -1.45387702e+01 7.94146413e-02 1.45325641e+00 -9.43642045e+00 8.49955748e-06 2.23921815e-03 -5.10234978e+00
1039             7.65938331e-02 1.44999117e+00 -1.45388932e+01 7.65696609e-02 1.44776434e+00 -9.43654892e+00 2.41721797e-05 2.22682737e-03 -5.10234423e+00
1040             7.22755472e-02 1.44967860e+00 -1.45385413e+01 7.22426660e-02 1.44745434e+00 -9.43625790e+00 3.28812474e-05 2.22425930e-03 -5.10228340e+00
1041             6.81052689e-02 1.45238127e+00 -1.45378085e+01 6.80710617e-02 1.45014593e+00 -9.43563052e+00 3.42071956e-05 2.23533874e-03 -5.10217798e+00
1042             6.39752002e-02 1.45668053e+00 -1.45368186e+01 6.39423262e-02 1.45442284e+00 -9.43477037e+00 3.28739893e-05 2.25769272e-03 -5.10204823e+00
1043             5.89805263e-02 1.46280798e+00 -1.45358134e+01 5.89489932e-02 1.46051357e+00 -9.43390006e+00 3.15331842e-05 2.29441219e-03 -5.10191332e+00
1044             5.37058899e-02 1.47037653e+00 -1.45346079e+01 5.36744077e-02 1.46803032e+00 -9.43281624e+00 3.14821894e-05 2.34620910e-03 -5.10179165e+00
1045             4.83659808e-02 1.47959286e+00 -1.45335882e+01 4.83312879e-02 1.47718936e+00 -9.43188276e+00 3.46928879e-05 2.40350207e-03 -5.10170545e+00
1046             4.40914675e-02 1.49023933e+00 -1.45326772e+01 4.40589064e-02 1.48777808e+00 -9.43101115e+00 3.25610222e-05 2.46125142e-03 -5.10166606e+00
1047             4.08174347e-02 1.50017692e+00 -1.45321256e+01 4.07932500e-02 1.49765979e+00 -9.43044987e+00 2.41846387e-05 2.51712924e-03 -5.10167573e+00
1048             3.74230611e-02 1.50780116e+00 -1.45316457e+01 3.74098626e-02 1.50523466e+00 -9.42991422e+00 1.31985491e-05 2.56650141e-03 -5.10173149e+00
1049             3.26018270e-02 1.51310174e+00 -1.45313040e+01 3.26042950e-02 1.51049930e+00 -9.42947926e+00 -2.46798646e-06 2.60243616e-03 -5.10182470e+00
1050             2.79760664e-02 1.51807144e+00 -1.45311167e+01 2.79981515e-02 1.51545142e+00 -9.42916942e+00 -2.20851686e-05 2.62001985e-03 -5.10194725e+00
1051             2.39980806e-02 1.52296086e+00 -1.45314803e+01 2.40327790e-02 1.52034306e+00 -9.42940020e+00 -3.46984723e-05 2.61780760e-03 -5.10208011e+00
1052             2.13164922e-02 1.52628298e+00 -1.45320155e+01 2.13565250e-02 1.52368640e+00 -9.42981524e+00 -4.00327995e-05 2.59658230e-03 -5.10220027e+00
1053             1.86212183e-02 1.52711417e+00 -1.45327708e+01 1.86584091e-02 1.52456186e+00 -9.43047950e+00 -3.71908124e-05 2.55230443e-03 -5.10229128e+00
1054             1.62125728e-02 1.52674632e+00 -1.45333857e+01 1.62388599e-02 1.52425615e+00 -9.43105025e+00 -2.62870742e-05 2.49016420e-03 -5.10233549e+00
1055             1.53792113e-02 1.52674080e+00 -1.45341084e+01 1.53844908e-02 1.52431912e+00 -9.43178104e+00 -5.27951456e-06 2.42167356e-03 -5.10232740e+00
1056             1.81597658e-02 1.52796316e+00 -1.45347778e+01 1.81352953e-02 1.52561081e+00 -9.43250465e+00 2.44705393e-05 2.35234460e-03 -5.10227312e+00
1057             2.37025333e-02 1.53035427e+00 -1.45354783e+01 2.36432135e-02 1.52806515e+00 -9.43329258e+00 5.93198109e-05 2.28912182e-03 -5.10218569e+00
1058             2.95335859e-02 1.53270390e+00 -1.45361433e+01 2.94458274e-02 1.53046740e+00 -9.43406524e+00 8.77585433e-05 2.23650685e-03 -5.10207806e+00
1059             3.29513560e-02 1.53609250e+00 -1.45367537e+01 3.28461906e-02 1.53389609e+00 -9.43478783e+00 1.05165435e-04 2.19641054e-03 -5.10196589e+00
1060             3.37698135e-02 1.54084441e+00 -1.45368383e+01 3.36594455e-02 1.53868014e+00 -9.43496824e+00 1.10367981e-04 2.16426732e-03 -5.10187003e+00
1061             3.36687822e-02 1.54715758e+00 -1.45368655e+01 3.35657610e-02 1.54501759e+00 -9.43505576e+00 1.03021225e-04 2.13998420e-03 -5.10180977e+00
1062             3.51678804e-02 1.55454830e+00 -1.45369655e+01 3.50807418e-02 1.55242685e+00 -9.43517108e+00 8.71386355e-05 2.12144350e-03 -5.10179441e+00
1063             3.81000261e-02 1.55970183e+00 -1.45373889e+01 3.80327479e-02 1.55759142e+00 -9.43556390e+00 6.72782165e-05 2.11041512e-03 -5.10182499e+00
1064             4.20444465e-02 1.56074726e+00 -1.45376207e+01 4.19996126e-02 1.55863695e+00 -9.43572296e+00 4.48339147e-05 2.11030932e-03 -5.10189778e+00
1065             4.55454711e-02 1.55854006e+00 -1.45378344e+01 4.55255836e-02 1.55641903e+00 -9.43582553e+00 1.98875404e-05 2.12102817e-03 -5.10200888e+00
1066             5.00226479e-02 1.55481415e+00 -1.45376972e+01 5.00262537e-02 1.55267071e+00 -9.43555171e+00 -3.60579340e-06 2.14343955e-03 -5.10214547e+00
1067             5.64482614e-02 1.54963584e+00 -1.45373605e+01 5.64705738e-02 1.54745910e+00 -9.43508067e+00 -2.23124013e-05 2.17673461e-03 -5.10227981e+00
1068             6.40909315e-02 1.54250895e+00 -1.45368287e+01 6.41265734e-02 1.54029424e+00 -9.43443102e+00 -3.56419009e-05 2.21471029e-03 -5.10239767e+00
1069             7.00431729e-02 1.53260712e+00 -1.45363680e+01 7.00797503e-02 1.53034889e+00 -9.43388776e+00 -3.65773856e-05 2.25822678e-03 -5.10248026e+00
1070             7.30663827e-02 1.52072037e+00 -1.45357881e+01 7.30941303e-02 1.51841350e+00 -9.43328099e+00 -2.77475383e-05 2.30687331e-03 -5.10250714e+00
1071             7.28388218e-02 1.50795436e+00 -1.45355489e+01 7.28600778e-02 1.50559993e+00 -9.43307184e+00 -2.12559887e-05 2.35443501e-03 -5.10247706e+00
1072             7.08365872e-02 1.49583044e+00 -1.45352271e+01 7.08582816e-02 1.49342851e+00 -9.43281995e+00 -2.16943128e-05 2.40192698e-03 -5.10240717e+00
1073             6.73674182e-02 1.48432738e+00 -1.45349507e+01 6.73927750e-02 1.48187613e+00 -9.43264720e+00 -2.53567833e-05 2.45125402e-03 -5.10230355e+00
1074             6.32774423e-02 1.47214865e+00 -1.45346331e+01 6.33071254e-02 1.46965053e+00 -9.43245867e+00 -2.96831375e-05 2.49811619e-03 -5.10217446e+00
1075             5.85076232e-02 1.46023303e+00 -1.45343822e+01 5.85353552e-02 1.45769556e+00 -9.43233941e+00 -2.77320254e-05 2.53746956e-03 -5.10204274e+00
1076             5.31489965e-02 1.45029440e+00 -1.45337901e+01 5.31701255e-02 1.44772489e+00 -9.43186103e+00 -2.11289789e-05 2.56951622e-03 -5.10192906e+00
1077             4.79414607e-02 1.44422249e+00 -1.45332630e+01 4.79511003e-02 1.44162940e+00 -9.43141021e+00 -9.63955551e-06 2.59308627e-03 -5.10185276e+00
1078             4.33845253e-02 1.44294794e+00 -1.45330173e+01 4.33846892e-02 1.44034311e+00 -9.43119425e+00 -1.63875441e-07 2.60482775e-03 -5.10182308e+00
1079             3.98247288e-02 1.44566386e+00 -1.45336346e+01 3.98196985e-02 1.44306080e+00 -9.43179114e+00 5.03024365e-06 2.60306051e-03 -5.10184350e+00
1080             3.59822225e-02 1.45127764e+00 -1.45347689e+01 3.59773929e-02 1.44868796e+00 -9.43285628e+00 4.82961954e-06 2.58968199e-03 -5.10191258e+00
1081             3.07267267e-02 1.46037259e+00 -1.45356913e+01 3.07270150e-02 1.45780664e+00 -9.43366831e+00 -2.88323885e-07 2.56595647e-03 -5.10202302e+00
1082             2.56104609e-02 1.47336188e+00 -1.45358887e+01 2.56171105e-02 1.47083074e+00 -9.43373150e+00 -6.64964889e-06 2.53114612e-03 -5.10215716e+00
1083             2.10575437e-02 1.48992772e+00 -1.45358960e+01 2.10666345e-02 1.48744181e+00 -9.43360253e+00 -9.09085130e-06 2.48590923e-03 -5.10229347e+00
1084             1.76093733e-02 1.50833538e+00 -1.45358905e+01 1.76164825e-02 1.50590136e+00 -9.43347794e+00 -7.10918434e-06 2.43402255e-03 -5.10241253e+00
1085             1.38098917e-02 1.52654543e+00 -1.45361502e+01 1.38104213e-02 1.52416871e+00 -9.43364803e+00 -5.29517871e-07 2.37672117e-03 -5.10250218e+00
1086             9.73054030e-03 1.54336732e+00 -1.45362892e+01 9.72020970e-03 1.54104581e+00 -9.43374136e+00 1.03306014e-05 2.32150441e-03 -5.10254789e+00
1087             8.17698322e-03 1.55898369e+00 -1.45363973e+01 8.15144775e-03 1.55671002e+00 -9.43385806e+00 2.55354632e-05 2.27367444e-03 -5.10253926e+00
1088             1.07062632e-02 1.57290408e+00 -1.45360582e+01 1.06591366e-02 1.57066677e+00 -9.43357470e+00 4.71266084e-05 2.23731114e-03 -5.10248349e+00
1089             1.61821390e-02 1.58464243e+00 -1.45354868e+01 1.61128123e-02 1.58242489e+00 -9.43309562e+00 6.93266237e-05 2.21754364e-03 -5.10239123e+00
1090             2.20106420e-02 1.59252548e+00 -1.45348476e+01 2.19265555e-02 1.59031090e+00 -9.43257278e+00 8.40865728e-05 2.21457447e-03 -5.10227486e+00
1091             2.55766463e-02 1.59577681e+00 -1.45344981e+01 2.54881271e-02 1.59354866e+00 -9.43235293e+00 8.85192647e-05 2.22814632e-03 -5.10214516e+00
1092             2.74887371e-02 1.59413635e+00 -1.45338994e+01 2.74090688e-02 1.59188726e+00 -9.43188209e+00 7.96683740e-05 2.24909310e-03 -5.10201728e+00
1093             2.94129551e-02 1.58950893e+00 -1.45333782e+01 2.93562650e-02 1.58724134e+00 -9.43145926e+00 5.66901259e-05 2.26759561e-03 -5.10191897e+00
1094             3.15180098e-02 1.58265909e+00 -1.45331663e+01 3.14923735e-02 1.58037946e+00 -9.43129066e+00 2.56362767e-05 2.27962945e-03 -5.10187562e+00
1095             3.47794884e-02 1.57276734e+00 -1.45337294e+01 3.47857008e-02 1.57048154e+00 -9.43184542e+00 -6.21238793e-06 2.28580408e-03 -5.10188397e+00
1096             3.89107120e-02 1.55869486e+00 -1.45346750e+01 3.89440329e-02 1.55641336e+00 -9.43273225e+00 -3.33208566e-05 2.28149550e-03 -5.10194274e+00
1097             4.34120418e-02 1.54223781e+00 -1.45358847e+01 4.34668265e-02 1.53996548e+00 -9.43383782e+00 -5.47847005e-05 2.27232917e-03 -5.10204688e+00
1098             4.88025918e-02 1.52540516e+00 -1.45366815e+01 4.88721976e-02 1.52313848e+00 -9.43450376e+00 -6.96057550e-05 2.26667449e-03 -5.10217772e+00
1099             5.53990603e-02 1.51006860e+00 -1.45372053e+01 5.54769692e-02 1.50780339e+00 -9.43489048e+00 -7.79088773e-05 2.26521368e-03 -5.10231486e+00
1100             6.24733305e-02 1.49681780e+00 -1.45377913e+01 6.25492922e-02 1.49455178e+00 -9.43534943e+00 -7.59616612e-05 2.26601872e-03 -5.10244185e+00
1101             6.82683787e-02 1.48528433e+00 -1.45387126e+01 6.83275439e-02 1.48301668e+00 -9.43617020e+00 -5.91652031e-05 2.26764166e-03 -5.10254240e+00
1102             7.10685701e-02 1.47553403e+00 -1.45393741e+01 7.11004820e-02 1.47326263e+00 -9.43677315e+00 -3.19119164e-05 2.27140536e-03 -5.10260097e+00
1103             7.11200096e-02 1.46952876e+00 -1.45397811e+01 7.11221221e-02 1.46724796e+00 -9.43717162e+00 -2.11240993e-06 2.28079972e-03 -5.10260949e+00
1104             6.85843555e-02 1.46774388e+00 -1.45396333e+01 6.85627138e-02 1.46544599e+00 -9.43705903e+00 2.16416906e-05 2.29789546e-03 -5.10257426e+00
1105             6.40845275e-02 1.46934952e+00 -1.45392361e+01 6.40482022e-02 1.46702312e+00 -9.43673780e+00 3.63252741e-05 2.32639334e-03 -5.10249827e+00
1106             5.82653806e-02 1.47176467e+00 -1.45387117e+01 5.82239081e-02 1.46940057e+00 -9.43632551e+00 4.14725346e-05 2.36410660e-03 -5.10238614e+00
1107             5.15996069e-02 1.47448001e+00 -1.45381309e+01 5.15583098e-02 1.47206978e+00 -9.43588005e+00 4.12970373e-05 2.41022381e-03 -5.10225080e+00
1108             4.45163936e-02 1.47811441e+00 -1.45368729e+01 4.44793207e-02 1.47565326e+00 -9.43475259e+00 3.70728146e-05 2.46114535e-03 -5.10212035e+00
1109             3.89041381e-02 1.48316401e+00 -1.45351052e+01 3.88742456e-02 1.48064865e+00 -9.43309220e+00 2.98925233e-05 2.51535366e-03 -5.10201303e+00
1110             3.46250576e-02 1.49027101e+00 -1.45332689e+01 3.46069005e-02 1.48770755e+00 -9.43132329e+00 1.81570994e-05 2.56345649e-03 -5.10194559e+00
1111             3.11475814e-02 1.49844588e+00 -1.45323369e+01 3.11482968e-02 1.49584269e+00 -9.43041036e+00 -7.15382952e-07 2.60318628e-03 -5.10192652e+00
1112             2.78404788e-02 1.50574955e+00 -1.45323848e+01 2.78671989e-02 1.50312422e+00 -9.43042881e+00 -2.67201349e-05 2.62533561e-03 -5.10195601e+00
1113             2.46310747e-02 1.51115743e+00 -1.45326159e+01 2.46861659e-02 1.50852588e+00 -9.43058520e+00 -5.50911178e-05 2.63154507e-03 -5.10203067e+00
1114             2.19045802e-02 1.51472441e+00 -1.45323540e+01 2.19858636e-02 1.51210606e+00 -9.43022121e+00 -8.12833403e-05 2.61834524e-03 -5.10213281e+00
1115             1.98501763e-02 1.51867241e+00 -1.45320753e+01 1.99514579e-02 1.51608956e+00 -9.42982612e+00 -1.01281570e-04 2.58284726e-03 -5.10224921e+00
1116             1.76526947e-02 1.52384433e+00 -1.45323069e+01 1.77638640e-02 1.52131370e+00 -9.42993625e+00 -1.11169287e-04 2.53062506e-03 -5.10237067e+00
1117             1.47949515e-02 1.52932940e+00 -1.45331822e+01 1.49033179e-02 1.52686063e+00 -9.43070695e+00 -1.08366405e-04 2.46877246e-03 -5.10247526e+00
1118             1.15092514e-02 1.53392336e+00 -1.45341013e+01 1.16018860e-02 1.53152281e+00 -9.43155399e+00 -9.26346772e-05 2.40054325e-03 -5.10254733e+00
1119             1.09353532e-02 1.53874032e+00 -1.45349004e+01 1.09999116e-02 1.53640928e+00 -9.43232532e+00 -6.45584364e-05 2.33104527e-03 -5.10257506e+00
1120             1.33452485e-02 1.54381089e+00 -1.45354706e+01 1.33711524e-02 1.54153857e+00 -9.43291684e+00 -2.59038486e-05 2.27232401e-03 -5.10255378e+00
1121             1.81125035e-02 1.54955170e+00 -1.45360948e+01 1.80942713e-02 1.54732138e+00 -9.43360594e+00 1.82322021e-05 2.23031529e-03 -5.10248890e+00
1122             2.26162202e-02 1.55458052e+00 -1.45368669e+01 2.25549811e-02 1.55237532e+00 -9.43447858e+00 6.12390875e-05 2.20519235e-03 -5.10238832e+00
1123             2.49589044e-02 1.55779890e+00 -1.45379346e+01 2.48660997e-02 1.55560320e+00 -9.43566725e+00 9.28047584e-05 2.19569732e-03 -5.10226736e+00
1124             2.54986947e-02 1.56002364e+00 -1.45384412e+01 2.53929617e-02 1.55782519e+00 -9.43629566e+00 1.05732960e-04 2.19844083e-03 -5.10214549e+00
1125             2.59751318e-02 1.56257253e+00 -1.45382531e+01 2.58724617e-02 1.56036380e+00 -9.43620837e+00 1.02670076e-04 2.20872761e-03 -5.10204478e+00
1126             2.60267468e-02 1.56444226e+00 -1.45376409e+01 2.59401562e-02 1.56222115e+00 -9.43565674e+00 8.65905992e-05 2.22111582e-03 -5.10198411e+00
1127             2.70620809e-02 1.56503093e+00 -1.45375192e+01 2.70017090e-02 1.56280229e+00 -9.43554762e+00 6.03719506e-05 2.22864237e-03 -5.10197162e+00
1128             2.88691834e-02 1.56267145e+00 -1.45380922e+01 2.88402181e-02 1.56043613e+00 -9.43609225e+00 2.89652573e-05 2.23532234e-03 -5.10199990e+00
1129             3.23188028e-02 1.55767353e+00 -1.45387682e+01 3.23238867e-02 1.55542969e+00 -9.43670177e+00 -5.08390218e-06 2.24383239e-03 -5.10206644e+00
1130             3.69967263e-02 1.55063968e+00 -1.45387501e+01 3.70355058e-02 1.54838373e+00 -9.43658729e+00 -3.87795230e-05 2.25595186e-03 -5.10216285e+00
1131             4.33355214e-02 1.54316360e+00 -1.45381363e+01 4.34037866e-02 1.54089483e+00 -9.43585755e+00 -6.82652079e-05 2.26876972e-03 -5.10227873e+00
1132             5.05881636e-02 1.53502734e+00 -1.45374638e+01 5.06755910e-02 1.53275002e+00 -9.43506163e+00 -8.74273524e-05 2.27731580e-03 -5.10240218e+00
1133             5.74183767e-02 1.52537834e+00 -1.45371641e+01 5.75108423e-02 1.52309310e+00 -9.43464613e+00 -9.24656065e-05 2.28524459e-03 -5.10251802e+00
1134             6.20973056e-02 1.51421323e+00 -1.45368597e+01 6.21845578e-02 1.51192477e+00 -9.43425077e+00 -8.72521788e-05 2.28845612e-03 -5.10260890e+00
1135             6.52732496e-02 1.50358184e+00 -1.45365022e+01 6.53468814e-02 1.50128477e+00 -9.43384377e+00 -7.36317641e-05 2.29706938e-03 -5.10265847e+00
1136             6.54680350e-02 1.49454504e+00 -1.45361762e+01 6.55301410e-02 1.49223302e+00 -9.43351705e+00 -6.21060010e-05 2.31201425e-03 -5.10265918e+00
1137             6.29831994e-02 1.48759033e+00 -1.45361496e+01 6.30425351e-02 1.48525452e+00 -9.43353282e+00 -5.93357651e-05 2.33581461e-03 -5.10261677e+00
1138             5.84779958e-02 1.48174244e+00 -1.45362149e+01 5.85401125e-02 1.47937123e+00 -9.43367922e+00 -6.21167435e-05 2.37120740e-03 -5.10253566e+00
1139             5.28666185e-02 1.47663374e+00 -1.45363313e+01 5.29299683e-02 1.47421554e+00 -9.43390949e+00 -6.33497454e-05 2.41820072e-03 -5.10242183e+00
1140             4.71030209e-02 1.47290497e+00 -1.45358717e+01 4.71601206e-02 1.47043242e+00 -9.43357941e+00 -5.70997453e-05 2.47254934e-03 -5.10229233e+00
1141             4.21467151e-02 1.47115203e+00 -1.45349393e+01 4.21941360e-02 1.46862486e+00 -9.43276753e+00 -4.74208857e-05 2.52716739e-03 -5.10217181e+00
1142             3.76314581e-02 1.47236846e+00 -1.45339331e+01 3.76696267e-02 1.46978960e+00 -9.43185611e+00 -3.81686044e-05 2.57886380e-03 -5.10207702e+00
1143             3.31442073e-02 1.47651737e+00 -1.45338592e+01 3.31790083e-02 1.47389271e+00 -9.43183876e+00 -3.48010666e-05 2.62465770e-03 -5.10202046e+00
1144             2.90815954e-02 1.48149368e+00 -1.45348323e+01 2.91213218e-02 1.47883588e+00 -9.43282787e+00 -3.97264426e-05 2.65779536e-03 -5.10200446e+00
1145             2.56820431e-02 1.48600766e+00 -1.45360969e+01 2.57318702e-02 1.48333869e+00 -9.43406318e+00 -4.98271283e-05 2.66896936e-03 -5.10203374e+00
1146             2.15332811e-02 1.49060632e+00 -1.45365587e+01 2.15946982e-02 1.48795085e+00 -9.43445365e+00 -6.14171456e-05 2.65546560e-03 -5.10210501e+00
1147             1.77939188e-02 1.49829247e+00 -1.45364478e+01 1.78641600e-02 1.49567173e+00 -9.43424166e+00 -7.02411353e-05 2.62073889e-03 -5.10220612e+00
1148             1.38662284e-02 1.50878639e+00 -1.45363667e+01 1.39373947e-02 1.50621842e+00 -9.43404802e+00 -7.11663158e-05 2.56797733e-03 -5.10231867e+00
1149             9.85830811e-03 1.52043075e+00 -1.45366859e+01 9.92283187e-03 1.51793080e+00 -9.43425741e+00 -6.45237670e-05 2.49995656e-03 -5.10242848e+00
1150             6.18843277e-03 1.53127600e+00 -1.45370957e+01 6.23822426e-03 1.52885467e+00 -9.43457599e+00 -4.97914834e-05 2.42132991e-03 -5.10251975e+00
1151             5.14078479e-03 1.54203045e+00 -1.45372607e+01 5.16980349e-03 1.53969543e+00 -9.43468030e+00 -2.90187057e-05 2.33501632e-03 -5.10258040e+00
1152             6.64050707e-03 1.55267804e+00 -1.45369996e+01 6.64428779e-03 1.55042673e+00 -9.43439340e+00 -3.78071710e-06 2.25131838e-03 -5.10260624e+00
1153             1.01923191e-02 1.56287441e+00 -1.45367946e+01 1.01680398e-02 1.56069354e+00 -9.43419891e+00 2.42793128e-05 2.18087312e-03 -5.10259573e+00
1154             1.45573620e-02 1.57161869e+00 -1.45368417e+01 1.45062957e-02 1.56948998e+00 -9.43429433e+00 5.10663132e-05 2.12870902e-03 -5.10254738e+00
1155             1.84955250e-02 1.57756079e+00 -1.45371777e+01 1.84292898e-02 1.57546352e+00 -9.43470631e+00 6.62351845e-05 2.09727517e-03 -5.10247143e+00
1156             2.15486724e-02 1.58165738e+00 -1.45369820e+01 2.14883407e-02 1.57957328e+00 -9.43459870e+00 6.03316191e-05 2.08409273e-03 -5.10238334e+00
1157             2.34505149e-02 1.58380748e+00 -1.45360741e+01 2.34085084e-02 1.58171185e+00 -9.43378111e+00 4.20064921e-05 2.09563490e-03 -5.10229301e+00
1158             2.47229035e-02 1.58372288e+00 -1.45349422e+01 2.47090844e-02 1.58159867e+00 -9.43273079e+00 1.38191452e-05 2.12421125e-03 -5.10221144e+00
1159             2.67388230e-02 1.58170331e+00 -1.45347648e+01 2.67597570e-02 1.57954473e+00 -9.43260996e+00 -2.09339833e-05 2.15857848e-03 -5.10215482e+00
1160             2.95547376e-02 1.57642537e+00 -1.45358232e+01 2.96111077e-02 1.57422916e+00 -9.43368924e+00 -5.63701294e-05 2.19621718e-03 -5.10213401e+00
1161             3.39490058e-02 1.56745478e+00 -1.45372060e+01 3.40338279e-02 1.56521438e+00 -9.43506061e+00 -8.48220670e-05 2.24040580e-03 -5.10214539e+00
1162             3.92449582e-02 1.55611060e+00 -1.45378723e+01 3.93493778e-02 1.55382257e+00 -9.43568498e+00 -1.04419624e-04 2.28803172e-03 -5.10218731e+00
1163             4.48555666e-02 1.54392348e+00 -1.45379331e+01 4.49703482e-02 1.54158629e+00 -9.43567680e+00 -1.14781622e-04 2.33719438e-03 -5.10225628e+00
1164             5.05158605e-02 1.53065622e+00 -1.45378568e+01 5.06313558e-02 1.52827302e+00 -9.43551837e+00 -1.15495234e-04 2.38319338e-03 -5.10233839e+00
1165             5.60721183e-02 1.51547982e+00 -1.45382425e+01 5.61771446e-02 1.51305920e+00 -9.43581533e+00 -1.05026342e-04 2.42062649e-03 -5.10242720e+00
1166             6.08873010e-02 1.49856514e+00 -1.45386562e+01 6.09707156e-02 1.49612065e+00 -9.43614450e+00 -8.34146065e-05 2.44449051e-03 -5.10251171e+00
1167             6.39132546e-02 1.48290695e+00 -1.45389742e+01 6.39685132e-02 1.48045145e+00 -9.43639602e+00 -5.52586467e-05 2.45549757e-03 -5.10257818e+00
1168             6.36051565e-02 1.47028462e+00 -1.45392478e+01 6.36361661e-02 1.46782655e+00 -9.43663644e+00 -3.10095558e-05 2.45807387e-03 -5.10261134e+00
1169             5.94405456e-02 1.46210651e+00 -1.45397275e+01 5.94556449e-02 1.45964787e+00 -9.43711885e+00 -1.50993019e-05 2.45864153e-03 -5.10260864e+00
1170             5.30974785e-02 1.45764800e+00 -1.45399571e+01 5.31043931e-02 1.45518817e+00 -9.43738809e+00 -6.91459148e-06 2.45983915e-03 -5.10256900e+00
1171             4.64677266e-02 1.45523125e+00 -1.45398814e+01 4.64736374e-02 1.45277247e+00 -9.43738179e+00 -5.91074542e-06 2.45878368e-03 -5.10249960e+00
1172             4.06574428e-02 1.45481464e+00 -1.45389572e+01 4.06641822e-02 1.45235515e+00 -9.43654609e+00 -6.73943763e-06 2.45948903e-03 -5.10241112e+00
1173             3.54086679e-02 1.45830714e+00 -1.45372465e+01 3.54203570e-02 1.45584429e+00 -9.43492583e+00 -1.16890946e-05 2.46285706e-03 -5.10232064e+00
1174             3.02995586e-02 1.46664308e+00 -1.45354092e+01 3.03212132e-02 1.46417333e+00 -9.43316327e+00 -2.16546298e-05 2.46974766e-03 -5.10224589e+00
1175             2.57870138e-02 1.47896728e+00 -1.45346333e+01 2.58274770e-02 1.47648861e+00 -9.43243487e+00 -4.04631739e-05 2.47866937e-03 -5.10219842e+00
1176             2.32149609e-02 1.49231649e+00 -1.45348499e+01 2.32793949e-02 1.48983041e+00 -9.43266689e+00 -6.44339683e-05 2.48608081e-03 -5.10218297e+00
1177             2.19697282e-02 1.50477018e+00 -1.45353862e+01 2.20584168e-02 1.50228033e+00 -9.43319157e+00 -8.86885403e-05 2.48985037e-03 -5.10219465e+00
1178             2.00723057e-02 1.51679854e+00 -1.45350595e+01 2.01854685e-02 1.51431034e+00 -9.43282497e+00 -1.13162769e-04 2.48819428e-03 -5.10223456e+00
1179             1.76990351e-02 1.52908416e+00 -1.45342527e+01 1.78300783e-02 1.52659531e+00 -9.43196215e+00 -1.31043185e-04 2.48885355e-03 -5.10229051e+00
1180             1.48151761e-02 1.54132459e+00 -1.45336616e+01 1.49520624e-02 1.53883985e+00 -9.43131188e+00 -1.36886327e-04 2.48474075e-03 -5.10234974e+00
1181             1.17801659e-02 1.55258075e+00 -1.45338933e+01 1.19137414e-02 1.55010455e+00 -9.43147860e+00 -1.33575501e-04 2.47619450e-03 -5.10241475e+00
1182             9.36852328e-03 1.56111457e+00 -1.45345641e+01 9.48849627e-03 1.55865408e+00 -9.43208328e+00 -1.19972985e-04 2.46049643e-03 -5.10248080e+00
1183             8.38406577e-03 1.56661161e+00 -1.45352307e+01 8.47886492e-03 1.56417299e+00 -9.43270065e+00 -9.47991526e-05 2.43861577e-03 -5.10253004e+00
1184             9.55645565e-03 1.56961055e+00 -1.45355327e+01 9.61700929e-03 1.56720097e+00 -9.43297923e+00 -6.05536413e-05 2.40957552e-03 -5.10255351e+00
1185             1.14688097e-02 1.57037007e+00 -1.45360273e+01 1.14895105e-02 1.56799021e+00 -9.43347874e+00 -2.07007569e-05 2.37985145e-03 -5.10254853e+00
1186             1.39125761e-02 1.56846077e+00 -1.45366977e+01 1.38958296e-02 1.56610733e+00 -9.43418562e+00 1.67465114e-05 2.35343801e-03 -5.10251207e+00
1187             1.69285250e-02 1.56299273e+00 -1.45376500e+01 1.68845060e-02 1.56066006e+00 -9.43520081e+00 4.40190451e-05 2.33266779e-03 -5.10244919e+00
1188             1.97544668e-02 1.55525509e+00 -1.45381951e+01 1.96991805e-02 1.55294103e+00 -9.43582635e+00 5.52863126e-05 2.31406237e-03 -5.10236874e+00
1189             2.07934036e-02 1.54671879e+00 -1.45381062e+01 2.07417364e-02 1.54442577e+00 -9.43581403e+00 5.16672041e-05 2.29302065e-03 -5.10229213e+00
1190             2.09299713e-02 1.53947200e+00 -1.45376337e+01 2.08951355e-02 1.53720143e+00 -9.43540304e+00 3.48358082e-05 2.27056604e-03 -5.10223066e+00
1191             2.09547246e-02 1.53421264e+00 -1.45377981e+01 2.09441006e-02 1.53196750e+00 -9.43560017e+00 1.06239546e-05 2.24514625e-03 -5.10219791e+00
1192             2.27642411e-02 1.53011975e+00 -1.45387877e+01 2.27826886e-02 1.52789963e+00 -9.43659483e+00 -1.84474768e-05 2.22011895e-03 -5.10219283e+00
1193             2.67004415e-02 1.52586572e+00 -1.45399284e+01 2.67476433e-02 1.52366624e+00 -9.43771197e+00 -4.72018291e-05 2.19947131e-03 -5.10221644e+00
1194             3.19751594e-02 1.52282231e+00 -1.45402382e+01 3.20479302e-02 1.52063378e+00 -9.43797072e+00 -7.27708349e-05 2.18853206e-03 -5.10226748e+00
1195             3.69787437e-02 1.52162741e+00 -1.45398993e+01 3.70710097e-02 1.51943810e+00 -9.43755378e+00 -9.22659897e-05 2.18931051e-03 -5.10234554e+00
1196             4.20868479e-02 1.52177015e+00 -1.45391489e+01 4.21920976e-02 1.51956917e+00 -9.43671046e+00 -1.05249734e-04 2.20098074e-03 -5.10243842e+00
1197             4.77812916e-02 1.52143243e+00 -1.45387966e+01 4.78884909e-02 1.51920741e+00 -9.43626100e+00 -1.07199276e-04 2.22502032e-03 -5.10253555e+00
1198             5.45449579e-02 1.51955559e+00 -1.45383941e+01 5.46388248e-02 1.51729904e+00 -9.43577020e+00 -9.38668409e-05 2.25654346e-03 -5.10262392e+00
1199             5.93474394e-02 1.51672608e+00 -1.45378328e+01 5.94208495e-02 1.51443153e+00 -9.43514186e+00 -7.34100496e-05 2.29455322e-03 -5.10269097e+00
1200             6.04912160e-02 1.51412056e+00 -1.45371913e+01 6.05470595e-02 1.51177882e+00 -9.43447019e+00 -5.58434784e-05 2.34173732e-03 -5.10272110e+00
1201             5.75540370e-02 1.51215885e+00 -1.45368788e+01 5.75976728e-02 1.50975701e+00 -9.43417343e+00 -4.36357710e-05 2.40183178e-03 -5.10270534e+00
1202             5.23876723e-02 1.50978628e+00 -1.45366510e+01 5.24293878e-02 1.50731656e+00 -9.43400875e+00 -4.17155160e-05 2.46972032e-03 -5.10264229e+00
1203             4.68548146e-02 1.50504157e+00 -1.45365040e+01 4.69044014e-02 1.50250278e+00 -9.43395557e+00 -4.95868051e-05 2.53878476e-03 -5.10254844e+00
1204             4.17499972e-02 1.49801725e+00 -1.45358398e+01 4.18100816e-02 1.49541285e+00 -9.43340333e+00 -6.00843449e-05 2.60440599e-03 -5.10243652e+00
1205             3.67392375e-02 1.49072557e+00 -1.45346242e+01 3.68096008e-02 1.48806310e+00 -9.43230335e+00 -7.03633079e-05 2.66246837e-03 -5.10232081e+00
1206             3.19371420e-02 1.48496364e+00 -1.45333502e+01 3.20171554e-02 1.48225755e+00 -9.43113032e+00 -8.00134672e-05 2.70608762e-03 -5.10221986e+00
1207             2.77385199e-02 1.48092919e+00 -1.45329482e+01 2.78302746e-02 1.47819857e+00 -9.43080270e+00 -9.17547144e-05 2.73061788e-03 -5.10214555e+00
1208             2.52230879e-02 1.47746927e+00 -1.45334411e+01 2.53298450e-02 1.47473382e+00 -9.43134046e+00 -1.06757152e-04 2.73544394e-03 -5.10210060e+00
1209             2.36250534e-02 1.47383805e+00 -1.45345946e+01 2.37456320e-02 1.47112269e+00 -9.43250278e+00 -1.20578621e-04 2.71536227e-03 -5.10209183e+00
1210             2.18688924e-02 1.47165044e+00 -1.45354248e+01 2.19995538e-02 1.46898045e+00 -9.43330164e+00 -1.30661390e-04 2.66999071e-03 -5.10212315e+00
1211             1.88592989e-02 1.47256861e+00 -1.45360168e+01 1.89942193e-02 1.46996505e+00 -9.43382381e+00 -1.34920402e-04 2.60356412e-03 -5.10219301e+00
1212             1.49114482e-02 1.47931558e+00 -1.45363410e+01 1.50389434e-02 1.47678843e+00 -9.43405592e+00 -1.27495168e-04 2.52715279e-03 -5.10228512e+00
1213             1.11191744e-02 1.49179600e+00 -1.45369538e+01 1.12280529e-02 1.48934854e+00 -9.43455702e+00 -1.08878483e-04 2.44746002e-03 -5.10239676e+00
1214             8.82753625e-03 1.50730508e+00 -1.45375705e+01 8.91040768e-03 1.50493708e+00 -9.43505782e+00 -8.28714289e-05 2.36799311e-03 -5.10251264e+00
1215             6.96150187e-03 1.52353196e+00 -1.45380632e+01 7.01379201e-03 1.52124263e+00 -9.43544364e+00 -5.22901331e-05 2.28933187e-03 -5.10261951e+00
1216             6.20423145e-03 1.54068500e+00 -1.45380893e+01 6.22334604e-03 1.53846680e+00 -9.43539219e+00 -1.91145825e-05 2.21820025e-03 -5.10269710e+00
1217             6.02417564e-03 1.55816041e+00 -1.45382466e+01 6.00781914e-03 1.55599676e+00 -9.43551726e+00 1.63564939e-05 2.16364571e-03 -5.10272938e+00
1218             7.50375513e-03 1.57446031e+00 -1.45384343e+01 7.45633334e-03 1.57233013e+00 -9.43572352e+00 4.74217897e-05 2.13017944e-03 -5.10271081e+00
1219             1.07349020e-02 1.58697006e+00 -1.45386445e+01 1.06652726e-02 1.58484858e+00 -9.43599425e+00 6.96293911e-05 2.12147773e-03 -5.10265025e+00
1220             1.38245847e-02 1.59447932e+00 -1.45382550e+01 1.37485324e-02 1.59234363e+00 -9.43569772e+00 7.60523348e-05 2.13568941e-03 -5.10255724e+00
1221             1.52423675e-02 1.59718974e+00 -1.45370395e+01 1.51811837e-02 1.59502568e+00 -9.43458941e+00 6.11837222e-05 2.16405229e-03 -5.10245013e+00
1222             1.58772205e-02 1.59636280e+00 -1.45353222e+01 1.58461787e-02 1.59416001e+00 -9.43297829e+00 3.10418037e-05 2.20278058e-03 -5.10234389e+00
1223             1.64393243e-02 1.59206145e+00 -1.45344214e+01 1.64461003e-02 1.58981148e+00 -9.43217216e+00 -6.77601482e-06 2.24997052e-03 -5.10224923e+00
1224             1.92111662e-02 1.58412542e+00 -1.45346125e+01 1.92623047e-02 1.58183012e+00 -9.43243742e+00 -5.11385053e-05 2.29529900e-03 -5.10217511e+00
1225             2.40379293e-02 1.57206281e+00 -1.45354809e+01 2.41335333e-02 1.56972489e+00 -9.43334302e+00 -9.56040608e-05 2.33792041e-03 -5.10213784e+00
1226             2.97689884e-02 1.55695280e+00 -1.45361236e+01 2.99004688e-02 1.55457532e+00 -9.43398166e+00 -1.31480372e-04 2.37747132e-03 -5.10214196e+00
1227             3.47638554e-02 1.53946603e+00 -1.45364388e+01 3.49190053e-02 1.53705181e+00 -9.43425535e+00 -1.55149931e-04 2.41421426e-03 -5.10218342e+00
1228             3.96983616e-02 1.52148257e+00 -1.45363233e+01 3.98627844e-02 1.51904316e+00 -9.43406707e+00 -1.64422872e-04 2.43940785e-03 -5.10225628e+00
1229             4.60956989e-02 1.50361240e+00 -1.45364488e+01 4.62540503e-02 1.50116097e+00 -9.43409415e+00 -1.58351419e-04 2.45142076e-03 -5.10235466e+00
1230             5.36809722e-02 1.48613923e+00 -1.45366868e+01 5.38172128e-02 1.48368627e+00 -9.43421888e+00 -1.36240536e-04 2.45296102e-03 -5.10246792e+00
1231             5.92953463e-02 1.46961662e+00 -1.45371376e+01 5.93985381e-02 1.46717177e+00 -9.43455761e+00 -1.03191797e-04 2.44485024e-03 -5.10257999e+00
1232             6.07239664e-02 1.45728337e+00 -1.45379440e+01 6.07912684e-02 1.45485218e+00 -9.43527652e+00 -6.73020498e-05 2.43119271e-03 -5.10266746e+00
1233             5.74616096e-02 1.45124549e+00 -1.45391453e+01 5.75004383e-02 1.44882537e+00 -9.43642736e+00 -3.88287105e-05 2.42011390e-03 -5.10271791e+00
1234             5.14167198e-02 1.45181266e+00 -1.45400506e+01 5.14379623e-02 1.44939268e+00 -9.43732461e+00 -2.12424681e-05 2.41997355e-03 -5.10272597e+00
1235             4.53157675e-02 1.45594568e+00 -1.45403110e+01 4.53302714e-02 1.45351525e+00 -9.43761906e+00 -1.45038340e-05 2.43042745e-03 -5.10269196e+00
1236             3.95066187e-02 1.46209579e+00 -1.45396259e+01 3.95224259e-02 1.45964693e+00 -9.43700838e+00 -1.58071645e-05 2.44886377e-03 -5.10261749e+00
1237             3.35553550e-02 1.47075701e+00 -1.45382037e+01 3.35777176e-02 1.46828415e+00 -9.43568734e+00 -2.23626496e-05 2.47286492e-03 -5.10251632e+00
1238             2.76879069e-02 1.48192303e+00 -1.45366377e+01 2.77208024e-02 1.47942439e+00 -9.43423289e+00 -3.28955140e-05 2.49864732e-03 -5.10240478e+00
1239             2.25758808e-02 1.49475557e+00 -1.45356618e+01 2.26247606e-02 1.49223275e+00 -9.43336047e+00 -4.88797300e-05 2.52281750e-03 -5.10230132e+00
1240             1.94974135e-02 1.50745735e+00 -1.45352469e+01 1.95681970e-02 1.50491543e+00 -9.43303344e+00 -7.07835016e-05 2.54191752e-03 -5.10221347e+00
1241             1.84431494e-02 1.51784127e+00 -1.45352387e+01 1.85367217e-02 1.51529045e+00 -9.43308500e+00 -9.35722577e-05 2.55082442e-03 -5.10215367e+00
1242             1.78500888e-02 1.52536245e+00 -1.45349703e+01 1.79661313e-02 1.52281194e+00 -9.43284121e+00 -1.16042514e-04 2.55051095e-03 -5.10212907e+00
1243             1.52092901e-02 1.53114773e+00 -1.45342906e+01 1.53458136e-02 1.52860910e+00 -9.43214248e+00 -1.36523463e-04 2.53863398e-03 -5.10214812e+00
1244             1.16233634e-02 1.53825024e+00 -1.45333683e+01 1.17697913e-02 1.53572853e+00 -9.43116520e+00 -1.46427862e-04 2.52171032e-03 -5.10220306e+00
1245             9.46801818e-03 1.54586811e+00 -1.45330162e+01 9.61023482e-03 1.54336503e+00 -9.43073751e+00 -1.42216640e-04 2.50307847e-03 -5.10227873e+00
1246             9.19817874e-03 1.55184392e+00 -1.45331330e+01 9.32911087e-03 1.54936814e+00 -9.43076196e+00 -1.30932126e-04 2.47577978e-03 -5.10237105e+00
1247             8.76443462e-03 1.55467263e+00 -1.45336339e+01 8.87856944e-03 1.55223495e+00 -9.43115608e+00 -1.14134823e-04 2.43767851e-03 -5.10247781e+00
1248             7.67368099e-03 1.55600982e+00 -1.45342233e+01 7.76420769e-03 1.55361831e+00 -9.43165075e+00 -9.05266941e-05 2.39150528e-03 -5.10257253e+00
1249             6.84811982e-03 1.55667251e+00 -1.45351255e+01 6.90709697e-03 1.55433296e+00 -9.43249176e+00 -5.89771519e-05 2.33955578e-03 -5.10263376e+00
1250             8.04822972e-03 1.55645909e+00 -1.45359901e+01 8.07065218e-03 1.55417313e+00 -9.43333496e+00 -2.24224601e-05 2.28595953e-03 -5.10265518e+00
1251             1.18526243e-02 1.55463854e+00 -1.45366946e+01 1.18405781e-02 1.55239715e+00 -9.43406088e+00 1.20461549e-05 2.24138698e-03 -5.10263375e+00
1252             1.53766412e-02 1.55026567e+00 -1.45371572e+01 1.53423674e-02 1.54805417e+00 -9.43458284e+00 3.42737890e-05 2.21150932e-03 -5.10257437e+00
1253             1.72598910e-02 1.54486077e+00 -1.45374019e+01 1.72223912e-02 1.54266748e+00 -9.43491265e+00 3.74997680e-05 2.19328924e-03 -5.10248929e+00
1254             1.73226327e-02 1.54033242e+00 -1.45374216e+01 1.72974817e-02 1.53814906e+00 -9.43502677e+00 2.51509486e-05 2.18336134e-03 -5.10239482e+00
1255             1.67679394e-02 1.53803101e+00 -1.45378288e+01 1.67660816e-02 1.53584748e+00 -9.43552314e+00 1.85783317e-06 2.18353041e-03 -5.10230569e+00
1256             1.80336723e-02 1.53828755e+00 -1.45384707e+01 1.80595664e-02 1.53609436e+00 -9.43624070e+00 -2.58941074e-05 2.19319323e-03 -5.10223000e+00
1257             2.15840816e-02 1.53889378e+00 -1.45392663e+01 2.16365289e-02 1.53668523e+00 -9.43708743e+00 -5.24472606e-05 2.20854686e-03 -5.10217883e+00
1258             2.58224770e-02 1.53789842e+00 -1.45396597e+01 2.58957286e-02 1.53566916e+00 -9.43749726e+00 -7.32515431e-05 2.22926074e-03 -5.10216240e+00
1259             2.91641235e-02 1.53519726e+00 -1.45396727e+01 2.92509996e-02 1.53294083e+00 -9.43748891e+00 -8.68761102e-05 2.25643279e-03 -5.10218381e+00
1260             3.21640042e-02 1.53221919e+00 -1.45391978e+01 3.22576672e-02 1.52993271e+00 -9.43696170e+00 -9.36629875e-05 2.28648230e-03 -5.10223608e+00
1261             3.74506244e-02 1.52857135e+00 -1.45385403e+01 3.75450347e-02 1.52625306e+00 -9.43622605e+00 -9.44103050e-05 2.31828804e-03 -5.10231426e+00
1262             4.44621793e-02 1.52341723e+00 -1.45377739e+01 4.45496059e-02 1.52106891e+00 -9.43536100e+00 -8.74265744e-05 2.34831558e-03 -5.10241294e+00
1263             5.06551277e-02 1.51650797e+00 -1.45370304e+01 5.07269668e-02 1.51413377e+00 -9.43450936e+00 -7.18390585e-05 2.37420630e-03 -5.10252104e+00
1264             5.30353013e-02 1.51023301e+00 -1.45365172e+01 5.30897645e-02 1.50783028e+00 -9.43390680e+00 -5.44631790e-05 2.40272748e-03 -5.10261036e+00
1265             5.10510984e-02 1.50605067e+00 -1.45365033e+01 5.10975082e-02 1.50361850e+00 -9.43383508e+00 -4.64097899e-05 2.43217288e-03 -5.10266825e+00
1266             4.63196995e-02 1.50368010e+00 -1.45364542e+01 4.63668596e-02 1.50121229e+00 -9.43376795e+00 -4.71600791e-05 2.46780615e-03 -5.10268627e+00
1267             4.18336328e-02 1.50107931e+00 -1.45361009e+01 4.18923846e-02 1.49857054e+00 -9.43344357e+00 -5.87517907e-05 2.50876937e-03 -5.10265733e+00
1268             3.79143410e-02 1.49731874e+00 -1.45353599e+01 3.79939433e-02 1.49477389e+00 -9.43277232e+00 -7.96023121e-05 2.54485338e-03 -5.10258753e+00
1269             3.34288774e-02 1.49317168e+00 -1.45345321e+01 3.35319486e-02 1.49059609e+00 -9.43203602e+00 -1.03071177e-04 2.57559354e-03 -5.10249612e+00
1270             2.86303256e-02 1.49001210e+00 -1.45337496e+01 2.87538792e-02 1.48741387e+00 -9.43136110e+00 -1.23553593e-04 2.59822141e-03 -5.10238852e+00
1271             2.48587800e-02 1.48853415e+00 -1.45333072e+01 2.49990671e-02 1.48592725e+00 -9.43102653e+00 -1.40287087e-04 2.60689601e-03 -5.10228070e+00
1272             2.27658021e-02 1.48878488e+00 -1.45332222e+01 2.29186387e-02 1.48618561e+00 -9.43103834e+00 -1.52836567e-04 2.59927194e-03 -5.10218381e+00
1273             2.25634204e-02 1.48908693e+00 -1.45338707e+01 2.27239831e-02 1.48650684e+00 -9.43176004e+00 -1.60562655e-04 2.58008446e-03 -5.10211065e+00
1274             2.21583867e-02 1.48886639e+00 -1.45349093e+01 2.23217785e-02 1.48631339e+00 -9.43284030e+00 -1.63391795e-04 2.55299129e-03 -5.10206904e+00
1275             1.93578785e-02 1.49019710e+00 -1.45357253e+01 1.95177865e-02 1.48767840e+00 -9.43365657e+00 -1.59907999e-04 2.51870329e-03 -5.10206869e+00
1276             1.53578800e-02 1.49610757e+00 -1.45361932e+01 1.55039941e-02 1.49362887e+00 -9.43407956e+00 -1.46114102e-04 2.47870331e-03 -5.10211360e+00
1277             1.23992735e-02 1.50674319e+00 -1.45366925e+01 1.25204969e-02 1.50430348e+00 -9.43449651e+00 -1.21223374e-04 2.43970916e-03 -5.10219597e+00
1278             1.03049044e-02 1.52027789e+00 -1.45371309e+01 1.03937659e-02 1.51787317e+00 -9.43482485e+00 -8.88614963e-05 2.40472548e-03 -5.10230608e+00
1279             7.84630106e-03 1.53357793e+00 -1.45376068e+01 7.90061722e-03 1.53121072e+00 -9.43517373e+00 -5.43161590e-05 2.36721426e-03 -5.10243309e+00
1280             4.25335774e-03 1.54596418e+00 -1.45380651e+01 4.27387838e-03 1.54363994e+00 -9.43551514e+00 -2.05206348e-05 2.32424627e-03 -5.10254992e+00
1281             1.32767334e-03 1.55758831e+00 -1.45385850e+01 1.31573750e-03 1.55530858e+00 -9.43595170e+00 1.19358389e-05 2.27973096e-03 -5.10263327e+00
1282             4.38219779e-04 1.56825124e+00 -1.45388237e+01 3.97746644e-04 1.56600929e+00 -9.43615364e+00 4.04731356e-05 2.24195494e-03 -5.10267005e+00
1283             2.59355447e-03 1.57675244e+00 -1.45386040e+01 2.53364723e-03 1.57453714e+00 -9.43594572e+00 5.99072479e-05 2.21529704e-03 -5.10265824e+00
1284             5.96831509e-03 1.58077461e+00 -1.45380101e+01 5.90438561e-03 1.57857409e+00 -9.43540753e+00 6.39294763e-05 2.20052364e-03 -5.10260262e+00
1285             8.83003666e-03 1.58076146e+00 -1.45372385e+01 8.78033182e-03 1.57856847e+00 -9.43471796e+00 4.97048392e-05 2.19298548e-03 -5.10252056e+00
1286             9.81472796e-03 1.57822545e+00 -1.45362499e+01 9.79630904e-03 1.57603152e+00 -9.43382225e+00 1.84189223e-05 2.19392505e-03 -5.10242768e+00
1287             1.05749608e-02 1.57541430e+00 -1.45353804e+01 1.06027735e-02 1.57321132e+00 -9.43304420e+00 -2.78126950e-05 2.20298528e-03 -5.10233622e+00
1288             1.29857652e-02 1.57202262e+00 -1.45347747e+01 1.30613699e-02 1.56980002e+00 -9.43252301e+00 -7.56047178e-05 2.22260112e-03 -5.10225171e+00
1289             1.79776080e-02 1.56649783e+00 -1.45350355e+01 1.80968116e-02 1.56425156e+00 -9.43285078e+00 -1.19203635e-04 2.24626981e-03 -5.10218475e+00
1290             2.35175365e-02 1.55708810e+00 -1.45356848e+01 2.36731702e-02 1.55481814e+00 -9.43353306e+00 -1.55633705e-04 2.26995945e-03 -5.10215169e+00
1291             2.83633568e-02 1.54518654e+00 -1.45363235e+01 2.85436085e-02 1.54289059e+00 -9.43415882e+00 -1.80251767e-04 2.29594685e-03 -5.10216472e+00
1292             3.30613419e-02 1.53274599e+00 -1.45365630e+01 3.32506950e-02 1.53042121e+00 -9.43434608e+00 -1.89353101e-04 2.32477633e-03 -5.10221688e+00
1293             3.96888171e-02 1.52051242e+00 -1.45365262e+01 3.98712275e-02 1.51815701e+00 -9.43422992e+00 -1.82410412e-04 2.35540626e-03 -5.10229628e+00
1294             4.72114299e-02 1.50823223e+00 -1.45365731e+01 4.73705429e-02 1.50585128e+00 -9.43417343e+00 -1.59112956e-04 2.38094961e-03 -5.10239965e+00
1295             5.34526074e-02 1.49550830e+00 -1.45370587e+01 5.35748099e-02 1.49310370e+00 -9.43454552e+00 -1.22202459e-04 2.40459660e-03 -5.10251314e+00
1296             5.59275378e-02 1.48441732e+00 -1.45377137e+01 5.60077375e-02 1.48198654e+00 -9.43510232e+00 -8.01996712e-05 2.43077267e-03 -5.10261141e+00
1297             5.40705685e-02 1.47706431e+00 -1.45387175e+01 5.41153395e-02 1.47460311e+00 -9.43603921e+00 -4.47710193e-05 2.46119911e-03 -5.10267831e+00
1298             4.91368220e-02 1.47458430e+00 -1.45395307e+01 4.91598029e-02 1.47208954e+00 -9.43682326e+00 -2.29809540e-05 2.49475746e-03 -5.10270743e+00
1299             4.29557631e-02 1.47564842e+00 -1.45398417e+01 4.29733252e-02 1.47311534e+00 -9.43714908e+00 -1.75620775e-05 2.53308271e-03 -5.10269264e+00
1300             3.68472803e-02 1.47818539e+00 -1.45395081e+01 3.68732897e-02 1.47561535e+00 -9.43687239e+00 -2.60094168e-05 2.57003940e-03 -5.10263570e+00
1301             3.06608863e-02 1.48144191e+00 -1.45388895e+01 3.07032619e-02 1.47884111e+00 -9.43634307e+00 -4.23755558e-05 2.60079812e-03 -5.10254642e+00
1302             2.46940149e-02 1.48521155e+00 -1.45378593e+01 2.47574025e-02 1.48259358e+00 -9.43542846e+00 -6.33876048e-05 2.61797780e-03 -5.10243083e+00
1303             2.03026664e-02 1.49004408e+00 -1.45367797e+01 2.03869353e-02 1.48742635e+00 -9.43447414e+00 -8.42689039e-05 2.61773096e-03 -5.10230557e+00
1304             1.76935218e-02 1.49591166e+00 -1.45356861e+01 1.77986427e-02 1.49331544e+00 -9.43349645e+00 -1.05120938e-04 2.59621933e-03 -5.10218962e+00
1305             1.71107578e-02 1.50183956e+00 -1.45352165e+01 1.72373603e-02 1.49928316e+00 -9.43311182e+00 -1.26602503e-04 2.55639372e-03 -5.10210472e+00
1306             1.67366863e-02 1.50645380e+00 -1.45352827e+01 1.68831722e-02 1.50394638e+00 -9.43322426e+00 -1.46485880e-04 2.50741863e-03 -5.10205839e+00
1307             1.50017520e-02 1.51123760e+00 -1.45354198e+01 1.51608570e-02 1.50878384e+00 -9.43335469e+00 -1.59105040e-04 2.45376562e-03 -5.10206511e+00
1308             1.29051538e-02 1.51794971e+00 -1.45351918e+01 1.30688831e-02 1.51554995e+00 -9.43306582e+00 -1.63729222e-04 2.39975350e-03 -5.10212603e+00
1309             1.19052797e-02 1.52837001e+00 -1.45347399e+01 1.20662092e-02 1.52602140e+00 -9.43250509e+00 -1.60929553e-04 2.34861766e-03 -5.10223485e+00
1310             1.14689780e-02 1.54068566e+00 -1.45343119e+01 1.16177630e-02 1.53837439e+00 -9.43193849e+00 -1.48785001e-04 2.31127388e-03 -5.10237344e+00
1311             1.03034081e-02 1.55171074e+00 -1.45344948e+01 1.04319132e-02 1.54942456e+00 -9.43197884e+00 -1.28505090e-04 2.28617267e-03 -5.10251598e+00
1312             7.48935110e-03 1.55994333e+00 -1.45352377e+01 7.59411472e-03 1.55768045e+00 -9.43259911e+00 -1.04763620e-04 2.26287823e-03 -5.10263858e+00
1313             5.04752387e-03 1.56622328e+00 -1.45362862e+01 5.12476774e-03 1.56398134e+00 -9.43355850e+00 -7.72438687e-05 2.24194749e-03 -5.10272771e+00
1314             4.62509909e-03 1.57124046e+00 -1.45371159e+01 4.66969302e-03 1.56901342e+00 -9.43434993e+00 -4.45939255e-05 2.22703530e-03 -5.10276592e+00
1315             6.57572138e-03 1.57425813e+00 -1.45376010e+01 6.58632577e-03 1.57203635e+00 -9.43485048e+00 -1.06043824e-05 2.22177976e-03 -5.10275051e+00
1316             9.64216401e-03 1.57336001e+00 -1.45376896e+01 9.62691721e-03 1.57113259e+00 -9.43500694e+00 1.52467967e-05 2.22741353e-03 -5.10268265e+00
1317             1.16077540e-02 1.56848954e+00 -1.45377871e+01 1.15843268e-02 1.56624401e+00 -9.43521209e+00 2.34271579e-05 2.24553130e-03 -5.10257498e+00
1318             1.17250998e-02 1.56136317e+00 -1.45377743e+01 1.17141004e-02 1.55909094e+00 -9.43532972e+00 1.09994186e-05 2.27222368e-03 -5.10244462e+00
1319             1.19659639e-02 1.55420107e+00 -1.45376795e+01 1.19829077e-02 1.55189634e+00 -9.43536886e+00 -1.69437990e-05 2.30472628e-03 -5.10231062e+00
1320             1.31757463e-02 1.54796103e+00 -1.45375198e+01 1.32269196e-02 1.54562537e+00 -9.43532766e+00 -5.11732847e-05 2.33565508e-03 -5.10219216e+00
1321             1.55404148e-02 1.54183877e+00 -1.45380259e+01 1.56255014e-02 1.53947982e+00 -9.43592112e+00 -8.50866010e-05 2.35895039e-03 -5.10210474e+00
1322             1.83877406e-02 1.53397915e+00 -1.45388305e+01 1.84995162e-02 1.53160472e+00 -9.43677575e+00 -1.11775621e-04 2.37442845e-03 -5.10205476e+00
1323             2.16391744e-02 1.52457142e+00 -1.45395427e+01 2.17664210e-02 1.52219309e+00 -9.43748278e+00 -1.27246624e-04 2.37832994e-03 -5.10205992e+00
1324             2.58920243e-02 1.51440551e+00 -1.45396049e+01 2.60245394e-02 1.51203408e+00 -9.43748485e+00 -1.32515157e-04 2.37143419e-03 -5.10212005e+00
1325             3.16589422e-02 1.50532323e+00 -1.45390938e+01 3.17877586e-02 1.50296771e+00 -9.43686570e+00 -1.28816364e-04 2.35552283e-03 -5.10222807e+00
1326             3.85480506e-02 1.49809913e+00 -1.45383753e+01 3.86662113e-02 1.49576552e+00 -9.43600363e+00 -1.18160711e-04 2.33361641e-03 -5.10237171e+00
1327             4.45377530e-02 1.49232147e+00 -1.45382310e+01 4.46367326e-02 1.49000857e+00 -9.43569833e+00 -9.89795268e-05 2.31290358e-03 -5.10253272e+00
1328             4.78391572e-02 1.48826818e+00 -1.45382923e+01 4.79170812e-02 1.48596894e+00 -9.43560826e+00 -7.79239303e-05 2.29924153e-03 -5.10268405e+00
1329             4.79599182e-02 1.48821523e+00 -1.45386134e+01 4.80192210e-02 1.48591840e+00 -9.43580740e+00 -5.93028202e-05 2.29682528e-03 -5.10280597e+00
1330             4.54936473e-02 1.49274427e+00 -1.45386038e+01 4.55445881e-02 1.49042938e+00 -9.43572471e+00 -5.09407885e-05 2.31488664e-03 -5.10287905e+00
1331             4.13311601e-02 1.50111820e+00 -1.45381012e+01 4.13905061e-02 1.49876183e+00 -9.43521112e+00 -5.93459370e-05 2.35636835e-03 -5.10289011e+00
1332             3.64524581e-02 1.50973688e+00 -1.45371322e+01 3.65314585e-02 1.50731586e+00 -9.43430264e+00 -7.90004019e-05 2.42102014e-03 -5.10282956e+00
1333             3.15507717e-02 1.51584462e+00 -1.45363780e+01 3.16543293e-02 1.51335161e+00 -9.43367312e+00 -1.03557544e-04 2.49300917e-03 -5.10270488e+00
1334             2.73834251e-02 1.51893162e+00 -1.45354966e+01 2.75148530e-02 1.51637310e+00 -9.43295913e+00 -1.31427963e-04 2.55852165e-03 -5.10253742e+00
1335             2.43512715e-02 1.52021605e+00 -1.45346615e+01 2.45066437e-02 1.51760600e+00 -9.43230317e+00 -1.55372149e-04 2.61004127e-03 -5.10235828e+00
1336             2.24848951e-02 1.52055729e+00 -1.45338119e+01 2.26566690e-02 1.51791378e+00 -9.43162709e+00 -1.71773944e-04 2.64351739e-03 -5.10218480e+00
1337             2.15002658e-02 1.51950998e+00 -1.45337340e+01 2.16822306e-02 1.51685230e+00 -9.43169159e+00 -1.81964740e-04 2.65768730e-03 -5.10204243e+00
1338             2.06199755e-02 1.51633672e+00 -1.45342930e+01 2.08062310e-02 1.51368363e+00 -9.43234514e+00 -1.86255480e-04 2.65309666e-03 -5.10194791e+00
1339             1.89436583e-02 1.51166209e+00 -1.45351577e+01 1.91289109e-02 1.50902655e+00 -9.43323877e+00 -1.85252573e-04 2.63554020e-03 -5.10191890e+00
1340             1.68681075e-02 1.50695368e+00 -1.45355604e+01 1.70461016e-02 1.50434838e+00 -9.43359993e+00 -1.77994085e-04 2.60529751e-03 -5.10196051e+00
1341             1.50949990e-02 1.50575886e+00 -1.45357183e+01 1.52568241e-02 1.50319646e+00 -9.43365216e+00 -1.61825128e-04 2.56240931e-03 -5.10206614e+00
1342             1.34440653e-02 1.50816007e+00 -1.45359825e+01 1.35800311e-02 1.50565114e+00 -9.43376228e+00 -1.35965841e-04 2.50893028e-03 -5.10222019e+00
1343             1.05472775e-02 1.51261965e+00 -1.45369961e+01 1.06510587e-02 1.51017339e+00 -9.43459298e+00 -1.03781282e-04 2.44626367e-03 -5.10240308e+00
1344             6.02587102e-03 1.51711522e+00 -1.45382403e+01 6.09417676e-03 1.51474226e+00 -9.43565462e+00 -6.83057393e-05 2.37296123e-03 -5.10258567e+00
1345             2.09717006e-03 1.52234159e+00 -1.45394123e+01 2.13096923e-03 1.52004884e+00 -9.43667283e+00 -3.37991695e-05 2.29274849e-03 -5.10273948e+00
1346             7.95080291e-04 1.52940553e+00 -1.45400089e+01 7.95442252e-04 1.52719327e+00 -9.43716535e+00 -3.61960542e-07 2.21225326e-03 -5.10284357e+00
1347             1.58527546e-03 1.53755664e+00 -1.45400322e+01 1.55615743e-03 1.53541460e+00 -9.43714430e+00 2.91180291e-05 2.14204241e-03 -5.10288793e+00
1348             4.00854907e-03 1.54586227e+00 -1.45394468e+01 3.96214977e-03 1.54377123e+00 -9.43658034e+00 4.63992998e-05 2.09104216e-03 -5.10286643e+00
1349             5.87056886e-03 1.55316650e+00 -1.45391632e+01 5.82644909e-03 1.55110156e+00 -9.43637361e+00 4.41197752e-05 2.06493885e-03 -5.10278955e+00
1350             7.33898823e-03 1.55980023e+00 -1.45386923e+01 7.31783688e-03 1.55772952e+00 -9.43602458e+00 2.11513499e-05 2.07071130e-03 -5.10266767e+00
1351             8.92091661e-03 1.56634444e+00 -1.45378344e+01 8.93518744e-03 1.56424042e+00 -9.43531887e+00 -1.42708288e-05 2.10401929e-03 -5.10251558e+00
1352             1.08221708e-02 1.57331412e+00 -1.45366432e+01 1.08781084e-02 1.57115583e+00 -9.43428596e+00 -5.59375614e-05 2.15828627e-03 -5.10235727e+00
1353             1.29402675e-02 1.57886624e+00 -1.45359093e+01 1.30381840e-02 1.57664043e+00 -9.43369056e+00 -9.79164521e-05 2.22581280e-03 -5.10221869e+00
1354             1.60298176e-02 1.57931314e+00 -1.45356533e+01 1.61617403e-02 1.57701033e+00 -9.43354535e+00 -1.31922709e-04 2.30280783e-03 -5.10210798e+00
1355             2.04365458e-02 1.57297424e+00 -1.45358286e+01 2.05910900e-02 1.57059874e+00 -9.43378263e+00 -1.54544222e-04 2.37550804e-03 -5.10204596e+00
1356             2.62520236e-02 1.56097881e+00 -1.45358119e+01 2.64203713e-02 1.55853967e+00 -9.43376234e+00 -1.68347735e-04 2.43914606e-03 -5.10204960e+00
1357             3.21616640e-02 1.54638779e+00 -1.45356561e+01 3.23332729e-02 1.54389678e+00 -9.43353385e+00 -1.71608877e-04 2.49101778e-03 -5.10212223e+00
1358             3.84144657e-02 1.53029965e+00 -1.45355347e+01 3.85790557e-02 1.52777055e+00 -9.43329179e+00 -1.64590027e-04 2.52910136e-03 -5.10224288e+00
1359             4.43615190e-02 1.51298448e+00 -1.45359702e+01 4.45067292e-02 1.51043352e+00 -9.43357269e+00 -1.45210217e-04 2.55095929e-03 -5.10239756e+00
1360             4.84470540e-02 1.49488302e+00 -1.45365117e+01 4.85645355e-02 1.49232277e+00 -9.43395112e+00 -1.17481444e-04 2.56024930e-03 -5.10256053e+00
1361             4.95040609e-02 1.47899016e+00 -1.45371941e+01 4.95926164e-02 1.47642580e+00 -9.43449186e+00 -8.85555075e-05 2.56436674e-03 -5.10270227e+00
1362             4.73277497e-02 1.46758973e+00 -1.45377675e+01 4.73978133e-02 1.46502240e+00 -9.43496706e+00 -7.00636340e-05 2.56732666e-03 -5.10280046e+00
1363             4.27505797e-02 1.46186559e+00 -1.45382516e+01 4.28153716e-02 1.45929590e+00 -9.43540752e+00 -6.47918490e-05 2.56968984e-03 -5.10284404e+00
1364             3.70549867e-02 1.46028185e+00 -1.45386268e+01 3.71270067e-02 1.45771098e+00 -9.43579924e+00 -7.20199908e-05 2.57086902e-03 -5.10282755e+00
1365             3.14863647e-02 1.46076492e+00 -1.45391600e+01 3.15731421e-02 1.45819557e+00 -9.43641274e+00 -8.67774163e-05 2.56934608e-03 -5.10274729e+00
1366             2.69860619e-02 1.46317148e+00 -1.45390710e+01 2.70889636e-02 1.46061288e+00 -9.43645200e+00 -1.02901642e-04 2.55860458e-03 -5.10261896e+00
1367             2.34147049e-02 1.46799990e+00 -1.45383226e+01 2.35315922e-02 1.46546182e+00 -9.43585930e+00 -1.16887249e-04 2.53808479e-03 -5.10246332e+00
1368             2.08628080e-02 1.47630657e+00 -1.45371476e+01 2.09917167e-02 1.47380092e+00 -9.43484191e+00 -1.28908680e-04 2.50564809e-03 -5.10230569e+00
1369             1.86939269e-02 1.48781443e+00 -1.45364520e+01 1.88335789e-02 1.48534786e+00 -9.43428270e+00 -1.39651982e-04 2.46657514e-03 -5.10216933e+00
1370             1.69474665e-02 1.50077068e+00 -1.45362881e+01 1.70941844e-02 1.49833988e+00 -9.43421759e+00 -1.46717942e-04 2.43080955e-03 -5.10207051e+00
1371             1.55902154e-02 1.51352385e+00 -1.45365762e+01 1.57415340e-02 1.51111992e+00 -9.43455365e+00 -1.51318597e-04 2.40393249e-03 -5.10202252e+00
1372             1.45748243e-02 1.52576114e+00 -1.45364219e+01 1.47249611e-02 1.52337483e+00 -9.43438194e+00 -1.50136737e-04 2.38630847e-03 -5.10203997e+00
1373             1.34157442e-02 1.53933774e+00 -1.45358451e+01 1.35576193e-02 1.53696087e+00 -9.43372296e+00 -1.41875170e-04 2.37686474e-03 -5.10212212e+00
1374             1.15491843e-02 1.55378573e+00 -1.45350847e+01 1.16771661e-02 1.55141285e+00 -9.43283087e+00 -1.27981782e-04 2.37287915e-03 -5.10225383e+00
1375             8.51731577e-03 1.56648142e+00 -1.45348940e+01 8.62685518e-03 1.56410901e+00 -9.43247968e+00 -1.09539413e-04 2.37240987e-03 -5.10241435e+00
1376             4.85021467e-03 1.57371034e+00 -1.45351063e+01 4.93705949e-03 1.57133726e+00 -9.43253503e+00 -8.68448112e-05 2.37308291e-03 -5.10257132e+00
1377             2.01157504e-03 1.57571057e+00 -1.45356097e+01 2.07800842e-03 1.57334607e+00 -9.43290824e+00 -6.64333788e-05 2.36449499e-03 -5.10270149e+00
1378             1.01912975e-03 1.57417739e+00 -1.45359516e+01 1.06749656e-03 1.57183036e+00 -9.43315691e+00 -4.83668101e-05 2.34702519e-03 -5.10279473e+00
1379             1.39948762e-03 1.56960458e+00 -1.45361209e+01 1.43003472e-03 1.56727715e+00 -9.43328444e+00 -3.05471031e-05 2.32742800e-03 -5.10283647e+00
1380             3.47843893e-03 1.56248018e+00 -1.45360229e+01 3.49582221e-03 1.56016861e+00 -9.43320853e+00 -1.73832849e-05 2.31157248e-03 -5.10281433e+00
1381             6.24487242e-03 1.55280282e+00 -1.45364397e+01 6.26031556e-03 1.55050148e+00 -9.43370700e+00 -1.54431402e-05 2.30133945e-03 -5.10273266e+00
1382             8.94731082e-03 1.54206629e+00 -1.45366955e+01 8.97448254e-03 1.53976502e+00 -9.43409421e+00 -2.71717144e-05 2.30126586e-03 -5.10260132e+00
1383             1.10188418e-02 1.53230049e+00 -1.45365038e+01 1.10685476e-02 1.52998895e+00 -9.43406032e+00 -4.97058773e-05 2.31153884e-03 -5.10244347e+00
1384             1.22566228e-02 1.52518172e+00 -1.45360993e+01 1.23339382e-02 1.52285395e+00 -9.43381283e+00 -7.73154173e-05 2.32776964e-03 -5.10228645e+00
1385             1.32470489e-02 1.52046277e+00 -1.45363187e+01 1.33486593e-02 1.51811954e+00 -9.43416564e+00 -1.01610414e-04 2.34323122e-03 -5.10215305e+00
1386             1.52702302e-02 1.51640744e+00 -1.45372603e+01 1.53913263e-02 1.51405610e+00 -9.43519892e+00 -1.21096021e-04 2.35133663e-03 -5.10206133e+00
1387             1.89652605e-02 1.51159883e+00 -1.45383930e+01 1.90949422e-02 1.50924241e+00 -9.43636728e+00 -1.29681731e-04 2.35641341e-03 -5.10202576e+00
1388             2.39882428e-02 1.50701949e+00 -1.45389185e+01 2.41177000e-02 1.50466214e+00 -9.43685625e+00 -1.29457135e-04 2.35734974e-03 -5.10206227e+00
1389             2.90550168e-02 1.50402664e+00 -1.45390329e+01 2.91764787e-02 1.50166942e+00 -9.43686929e+00 -1.21461907e-04 2.35721800e-03 -5.10216365e+00
1390             3.36097016e-02 1.50309568e+00 -1.45389362e+01 3.37193027e-02 1.50073930e+00 -9.43662736e+00 -1.09601117e-04 2.35637937e-03 -5.10230883e+00
1391             3.79682771e-02 1.50364037e+00 -1.45389724e+01 3.80602284e-02 1.50128400e+00 -9.43649387e+00 -9.19512598e-05 2.35637911e-03 -5.10247849e+00
1392             4.14637235e-02 1.50425384e+00 -1.45389554e+01 4.15328038e-02 1.50189254e+00 -9.43630366e+00 -6.90803050e-05 2.36130235e-03 -5.10265170e+00
1393             4.32260159e-02 1.50579209e+00 -1.45388162e+01 4.32730764e-02 1.50341648e+00 -9.43601496e+00 -4.70604670e-05 2.37560844e-03 -5.10280127e+00
1394             4.24135712e-02 1.50956246e+00 -1.45383504e+01 4.24492400e-02 1.50716028e+00 -9.43544974e+00 -3.56688207e-05 2.40217623e-03 -5.10290064e+00
1395             3.85841365e-02 1.51561192e+00 -1.45377110e+01 3.86244323e-02 1.51316796e+00 -9.43477531e+00 -4.02957814e-05 2.44395709e-03 -5.10293566e+00
1396             3.30051723e-02 1.52183405e+00 -1.45370329e+01 3.30680200e-02 1.51933798e+00 -9.43413246e+00 -6.28476838e-05 2.49606296e-03 -5.10290046e+00
1397             2.82277051e-02 1.52495727e+00 -1.45365123e+01 2.83231074e-02 1.52240788e+00 -9.43371598e+00 -9.54023141e-05 2.54939131e-03 -5.10279636e+00
1398             2.53308567e-02 1.52395210e+00 -1.45356360e+01 2.54575319e-02 1.52135595e+00 -9.43300781e+00 -1.26675207e-04 2.59615555e-03 -5.10262815e+00
1399             2.38091761e-02 1.51953644e+00 -1.45343514e+01 2.39658320e-02 1.51691070e+00 -9.43192920e+00 -1.56655867e-04 2.62573798e-03 -5.10242221e+00
1400             2.26318903e-02 1.51424791e+00 -1.45331027e+01 2.28143021e-02 1.51161254e+00 -9.43088224e+00 -1.82411813e-04 2.63536341e-03 -5.10222042e+00
1401             2.08422003e-02 1.50957278e+00 -1.45325586e+01 2.10426112e-02 1.50694660e+00 -9.43050994e+00 -2.00410894e-04 2.62617954e-03 -5.10204865e+00
1402             1.93701033e-02 1.50562055e+00 -1.45328438e+01 1.95785601e-02 1.50301599e+00 -9.43091767e+00 -2.08456782e-04 2.60456628e-03 -5.10192617e+00
1403             1.93631317e-02 1.50154278e+00 -1.45336914e+01 1.95689210e-02 1.49897354e+00 -9.43181915e+00 -2.05789246e-04 2.56924050e-03 -5.10187223e+00
1404             1.95505373e-02 1.49832637e+00 -1.45342406e+01 1.97429640e-02 1.49580053e+00 -9.43234380e+00 -1.92426682e-04 2.52583406e-03 -5.10189676e+00
1405             1.88548149e-02 1.49772878e+00 -1.45345306e+01 1.90267104e-02 1.49525094e+00 -9.43253286e+00 -1.71895594e-04 2.47783861e-03 -5.10199775e+00
1406             1.61327694e-02 1.50163816e+00 -1.45350520e+01 1.62762364e-02 1.49920933e+00 -9.43289567e+00 -1.43467030e-04 2.42883204e-03 -5.10215638e+00
1407             1.19906045e-02 1.50892043e+00 -1.45363591e+01 1.21003862e-02 1.50654095e+00 -9.43400905e+00 -1.09781727e-04 2.37947852e-03 -5.10235003e+00
1408             7.42908362e-03 1.51687419e+00 -1.45379383e+01 7.50533921e-03 1.51454527e+00 -9.43538623e+00 -7.62555872e-05 2.32891562e-03 -5.10255206e+00
1409             3.52827363e-03 1.52493877e+00 -1.45392433e+01 3.57091753e-03 1.52266182e+00 -9.43651062e+00 -4.26439015e-05 2.27695504e-03 -5.10273264e+00
1410             7.14205355e-04 1.53330281e+00 -1.45397364e+01 7.24019709e-04 1.53107892e+00 -9.43686948e+00 -9.81435343e-06 2.22389924e-03 -5.10286693e+00
1411             -6.85633235e-04 1.54174234e+00 -1.45397891e+01 -7.04989974e-04 1.53956701e+00 -9.43685326e+00 1.93567392e-05 2.17532899e-03 -5.10293589e+00
1412             -5.96763888e-04 1.54978900e+00 -1.45395857e+01 -6.37856211e-04 1.54764956e+00 -9.43665368e+00 4.10923231e-05 2.13944292e-03 -5.10293201e+00
1413             8.11190302e-04 1.55649614e+00 -1.45396034e+01 7.63261926e-04 1.55437096e+00 -9.43675216e+00 4.79283766e-05 2.12517723e-03 -5.10285127e+00
1414             2.63376234e-03 1.56125005e+00 -1.45392223e+01 2.59822761e-03 1.55910993e+00 -9.43652333e+00 3.55347302e-05 2.14011480e-03 -5.10269892e+00
1415             4.31999704e-03 1.56477774e+00 -1.45380844e+01 4.31532270e-03 1.56260131e+00 -9.43557870e+00 4.67434260e-06 2.17643149e-03 -5.10250570e+00
1416             5.49961368e-03 1.56825159e+00 -1.45364352e+01 5.53461413e-03 1.56602405e+00 -9.43412942e+00 -3.50004497e-05 2.22754275e-03 -5.10230577e+00
1417             6.32046531e-03 1.57071412e+00 -1.45350065e+01 6.39637122e-03 1.56842615e+00 -9.43287937e+00 -7.59059160e-05 2.28796383e-03 -5.10212712e+00
1418             7.92258493e-03 1.57034824e+00 -1.45344033e+01 8.03804805e-03 1.56800332e+00 -9.43241009e+00 -1.15463114e-04 2.34491820e-03 -5.10199319e+00
1419             1.23257484e-02 1.56487943e+00 -1.45343517e+01 1.24699814e-02 1.56248413e+00 -9.43242936e+00 -1.44232922e-04 2.39530074e-03 -5.10192233e+00
1420             1.89006155e-02 1.55474202e+00 -1.45343475e+01 1.90622592e-02 1.55230669e+00 -9.43242271e+00 -1.61643715e-04 2.43533430e-03 -5.10192480e+00
1421             2.54838238e-02 1.54147083e+00 -1.45345121e+01 2.56572484e-02 1.53900883e+00 -9.43250516e+00 -1.73424584e-04 2.46200091e-03 -5.10200699e+00
1422             3.08295755e-02 1.52790543e+00 -1.45347752e+01 3.10077273e-02 1.52543085e+00 -9.43261882e+00 -1.78151780e-04 2.47457882e-03 -5.10215640e+00
1423             3.58140689e-02 1.51492132e+00 -1.45353526e+01 3.59855106e-02 1.51244404e+00 -9.43300684e+00 -1.71441669e-04 2.47728007e-03 -5.10234578e+00
1424             4.06553881e-02 1.50231236e+00 -1.45359829e+01 4.08065955e-02 1.49984208e+00 -9.43343471e+00 -1.51207425e-04 2.47027901e-03 -5.10254817e+00
1425             4.43230215e-02 1.49080297e+00 -1.45363863e+01 4.44469670e-02 1.48834371e+00 -9.43365166e+00 -1.23945513e-04 2.45925935e-03 -5.10273466e+00
1426             4.52592670e-02 1.48322417e+00 -1.45366271e+01 4.53589979e-02 1.48077043e+00 -9.43375701e+00 -9.97308554e-05 2.45374759e-03 -5.10287011e+00
1427             4.23513954e-02 1.48062956e+00 -1.45372487e+01 4.24389804e-02 1.47816929e+00 -9.43430933e+00 -8.75850613e-05 2.46026316e-03 -5.10293932e+00
1428             3.71626106e-02 1.48180649e+00 -1.45381826e+01 3.72512415e-02 1.47932945e+00 -9.43525566e+00 -8.86308784e-05 2.47703871e-03 -5.10292694e+00
1429             3.24348431e-02 1.48403139e+00 -1.45391186e+01 3.25345194e-02 1.48153650e+00 -9.43628596e+00 -9.96763104e-05 2.49488536e-03 -5.10283264e+00
1430             2.85683051e-02 1.48601779e+00 -1.45393498e+01 2.86809427e-02 1.48351095e+00 -9.43667863e+00 -1.12637593e-04 2.50684322e-03 -5.10267122e+00
1431             2.55182205e-02 1.48839856e+00 -1.45386822e+01 2.56394207e-02 1.48588472e+00 -9.43621372e+00 -1.21200167e-04 2.51383888e-03 -5.10246852e+00
1432             2.24501498e-02 1.49245666e+00 -1.45375409e+01 2.25767497e-02 1.48994459e+00 -9.43528622e+00 -1.26599913e-04 2.51207307e-03 -5.10225464e+00
1433             1.89435122e-02 1.49888979e+00 -1.45365340e+01 1.90726911e-02 1.49638906e+00 -9.43447231e+00 -1.29178891e-04 2.50072772e-03 -5.10206171e+00
1434             1.61404307e-02 1.50698894e+00 -1.45361529e+01 1.62713425e-02 1.50450446e+00 -9.43423669e+00 -1.30911882e-04 2.48448436e-03 -5.10191619e+00
1435             1.54275928e-02 1.51521623e+00 -1.45362367e+01 1.55580625e-02 1.51274922e+00 -9.43440057e+00 -1.30469727e-04 2.46701176e-03 -5.10183613e+00
1436             1.51476037e-02 1.52315840e+00 -1.45360712e+01 1.52769628e-02 1.52070872e+00 -9.43423668e+00 -1.29359151e-04 2.44967553e-03 -5.10183449e+00
1437             1.37455458e-02 1.53067629e+00 -1.45355681e+01 1.38734436e-02 1.52824501e+00 -9.43365296e+00 -1.27897821e-04 2.43128024e-03 -5.10191515e+00
1438             1.09828479e-02 1.53995703e+00 -1.45351023e+01 1.11046298e-02 1.53755088e+00 -9.43303622e+00 -1.21781898e-04 2.40614843e-03 -5.10206609e+00
1439             7.64703323e-03 1.54951513e+00 -1.45351445e+01 7.75777886e-03 1.54713723e+00 -9.43287877e+00 -1.10745631e-04 2.37790554e-03 -5.10226576e+00
1440             4.45064461e-03 1.55731245e+00 -1.45354054e+01 4.55273055e-03 1.55496807e+00 -9.43291630e+00 -1.02085941e-04 2.34437886e-03 -5.10248913e+00
1441             1.40806918e-03 1.56107808e+00 -1.45355764e+01 1.49881082e-03 1.55877080e+00 -9.43287498e+00 -9.07416319e-05 2.30728574e-03 -5.10270140e+00
1442             -5.66697023e-04 1.56128534e+00 -1.45355453e+01 -4.88402386e-04 1.55901906e+00 -9.43268332e+00 -7.82946369e-05 2.26627849e-03 -5.10286195e+00
1443             -7.82622546e-04 1.55958677e+00 -1.45357527e+01 -7.16067483e-04 1.55736603e+00 -9.43279514e+00 -6.65550625e-05 2.22073796e-03 -5.10295755e+00
1444             3.21077924e-04 1.55697253e+00 -1.45362611e+01 3.79695963e-04 1.55479062e+00 -9.43327921e+00 -5.86180396e-05 2.18190920e-03 -5.10298184e+00
1445             3.30044768e-03 1.55369256e+00 -1.45368337e+01 3.35459078e-03 1.55152861e+00 -9.43391498e+00 -5.41430948e-05 2.16395238e-03 -5.10291874e+00
1446             6.91014687e-03 1.54961366e+00 -1.45370698e+01 6.96732786e-03 1.54744286e+00 -9.43429598e+00 -5.71809966e-05 2.17079781e-03 -5.10277377e+00
1447             9.81075444e-03 1.54535708e+00 -1.45368579e+01 9.87898278e-03 1.54315824e+00 -9.43428551e+00 -6.82283380e-05 2.19884206e-03 -5.10257236e+00
1448             1.09152111e-02 1.54168504e+00 -1.45363396e+01 1.09981195e-02 1.53944105e+00 -9.43399054e+00 -8.29083438e-05 2.24398664e-03 -5.10234907e+00
1449             1.07777801e-02 1.53889653e+00 -1.45359523e+01 1.08745397e-02 1.53659725e+00 -9.43381199e+00 -9.67596381e-05 2.29927388e-03 -5.10214027e+00
1450             1.14784752e-02 1.53607849e+00 -1.45361151e+01 1.15861451e-02 1.53372425e+00 -9.43414035e+00 -1.07669867e-04 2.35424055e-03 -5.10197472e+00
1451             1.49148135e-02 1.53178778e+00 -1.45368310e+01 1.50292851e-02 1.52938514e+00 -9.43495431e+00 -1.14471533e-04 2.40264193e-03 -5.10187667e+00
1452             1.95264250e-02 1.52563191e+00 -1.45376392e+01 1.96423047e-02 1.52319079e+00 -9.43577673e+00 -1.15879687e-04 2.44112057e-03 -5.10186246e+00
1453             2.31903969e-02 1.51875881e+00 -1.45385095e+01 2.33034079e-02 1.51628887e+00 -9.43657375e+00 -1.13010946e-04 2.46994038e-03 -5.10193576e+00
1454             2.58948877e-02 1.51362406e+00 -1.45389519e+01 2.60028037e-02 1.51113656e+00 -9.43686893e+00 -1.07915976e-04 2.48749868e-03 -5.10208299e+00
1455             2.89078005e-02 1.50997625e+00 -1.45391614e+01 2.90078835e-02 1.50748265e+00 -9.43688412e+00 -1.00083050e-04 2.49360293e-03 -5.10227730e+00
1456             3.30879422e-02 1.50662920e+00 -1.45390899e+01 3.31749367e-02 1.50414040e+00 -9.43660138e+00 -8.69945866e-05 2.48880084e-03 -5.10248851e+00
1457             3.67558826e-02 1.50334053e+00 -1.45386070e+01 3.68283679e-02 1.50086547e+00 -9.43591772e+00 -7.24853151e-05 2.47506180e-03 -5.10268926e+00
1458             3.77920015e-02 1.50276348e+00 -1.45379180e+01 3.78549926e-02 1.50030629e+00 -9.43506890e+00 -6.29911822e-05 2.45719480e-03 -5.10284909e+00
1459             3.55964847e-02 1.50527846e+00 -1.45378429e+01 3.56652636e-02 1.50283320e+00 -9.43489472e+00 -6.87789801e-05 2.44525733e-03 -5.10294822e+00
1460             3.18104232e-02 1.50949268e+00 -1.45380047e+01 3.18991941e-02 1.50705030e+00 -9.43503582e+00 -8.87709712e-05 2.44238815e-03 -5.10296890e+00
1461             2.86255353e-02 1.51325056e+00 -1.45380445e+01 2.87426068e-02 1.51080665e+00 -9.43513838e+00 -1.17071488e-04 2.44390982e-03 -5.10290609e+00
1462             2.66457771e-02 1.51524526e+00 -1.45374197e+01 2.67961906e-02 1.51280403e+00 -9.43464892e+00 -1.50413573e-04 2.44122958e-03 -5.10277083e+00
1463             2.53655305e-02 1.51544026e+00 -1.45362640e+01 2.55455811e-02 1.51300137e+00 -9.43368024e+00 -1.80050621e-04 2.43888580e-03 -5.10258371e+00
1464             2.38602901e-02 1.51504058e+00 -1.45348846e+01 2.40603750e-02 1.51260063e+00 -9.43251974e+00 -2.00084909e-04 2.43995512e-03 -5.10236484e+00
1465             2.17636495e-02 1.51594654e+00 -1.45339074e+01 2.19761176e-02 1.51350506e+00 -9.43175541e+00 -2.12468011e-04 2.44147743e-03 -5.10215194e+00
1466             2.04977638e-02 1.51820890e+00 -1.45336814e+01 2.07146625e-02 1.51576453e+00 -9.43170182e+00 -2.16898621e-04 2.44437648e-03 -5.10197958e+00
1467             2.11531349e-02 1.52054646e+00 -1.45341649e+01 2.13625562e-02 1.51809687e+00 -9.43229421e+00 -2.09421338e-04 2.44958305e-03 -5.10187070e+00
1468             2.20324741e-02 1.52201390e+00 -1.45347696e+01 2.22251173e-02 1.51955858e+00 -9.43293073e+00 -1.92643198e-04 2.45532346e-03 -5.10183883e+00
1469             2.03615716e-02 1.52311113e+00 -1.45353053e+01 2.05316290e-02 1.52065466e+00 -9.43341259e+00 -1.70057399e-04 2.45647325e-03 -5.10189272e+00
1470             1.64001619e-02 1.52593635e+00 -1.45357837e+01 1.65444579e-02 1.52348082e+00 -9.43376783e+00 -1.44296021e-04 2.45553303e-03 -5.10201591e+00
1471             1.17609985e-02 1.53005729e+00 -1.45365790e+01 1.18765462e-02 1.52760577e+00 -9.43438813e+00 -1.15547626e-04 2.45152240e-03 -5.10219085e+00
1472             7.78911338e-03 1.53391527e+00 -1.45375079e+01 7.87820896e-03 1.53147298e+00 -9.43511191e+00 -8.90955751e-05 2.44228876e-03 -5.10239595e+00
1473             3.46320266e-03 1.53511032e+00 -1.45383864e+01 3.52846696e-03 1.53269083e+00 -9.43577945e+00 -6.52643035e-05 2.41948480e-03 -5.10260694e+00
1474             -6.98093701e-04 1.53443092e+00 -1.45388691e+01 -6.52356994e-04 1.53205076e+00 -9.43608186e+00 -4.57367069e-05 2.38016127e-03 -5.10278729e+00
1475             -3.47462533e-03 1.53377209e+00 -1.45393521e+01 -3.44691448e-03 1.53144139e+00 -9.43644507e+00 -2.77108457e-05 2.33069891e-03 -5.10290704e+00
1476             -4.50460918e-03 1.53375772e+00 -1.45398867e+01 -4.49130227e-03 1.53148018e+00 -9.43693442e+00 -1.33069148e-05 2.27754306e-03 -5.10295226e+00
1477             -2.71932502e-03 1.53427010e+00 -1.45400831e+01 -2.71509925e-03 1.53203853e+00 -9.43717132e+00 -4.22576904e-06 2.23157659e-03 -5.10291182e+00
1478             8.58680027e-04 1.53458503e+00 -1.45398137e+01 8.63866207e-04 1.53238502e+00 -9.43702421e+00 -5.18617961e-06 2.20001533e-03 -5.10278950e+00
1479             3.49975557e-03 1.53506288e+00 -1.45390493e+01 3.51903259e-03 1.53287741e+00 -9.43643590e+00 -1.92770226e-05 2.18547260e-03 -5.10261341e+00
1480             4.10469902e-03 1.53663150e+00 -1.45377522e+01 4.14854409e-03 1.53444601e+00 -9.43533934e+00 -4.38450725e-05 2.18549022e-03 -5.10241287e+00
1481             3.89859029e-03 1.53997075e+00 -1.45365416e+01 3.97278781e-03 1.53777075e+00 -9.43431914e+00 -7.41975278e-05 2.19999330e-03 -5.10222249e+00
1482             5.76165087e-03 1.54400441e+00 -1.45356948e+01 5.86393873e-03 1.54178114e+00 -9.43362101e+00 -1.02287855e-04 2.22327565e-03 -5.10207376e+00
1483             1.05165746e-02 1.54694277e+00 -1.45354800e+01 1.06425538e-02 1.54469101e+00 -9.43348917e+00 -1.25979274e-04 2.25175922e-03 -5.10199086e+00
1484             1.63405328e-02 1.54727499e+00 -1.45355035e+01 1.64853253e-02 1.54498800e+00 -9.43352297e+00 -1.44792492e-04 2.28699225e-03 -5.10198049e+00
1485             2.11124370e-02 1.54559791e+00 -1.45358797e+01 2.12681651e-02 1.54326472e+00 -9.43383874e+00 -1.55728081e-04 2.33319485e-03 -5.10204095e+00
1486             2.49806185e-02 1.54302780e+00 -1.45361958e+01 2.51391153e-02 1.54064125e+00 -9.43404108e+00 -1.58496842e-04 2.38655119e-03 -5.10215469e+00
1487             2.89647096e-02 1.53951545e+00 -1.45364988e+01 2.91232083e-02 1.53707987e+00 -9.43418944e+00 -1.58498787e-04 2.43558486e-03 -5.10230931e+00
1488             3.41058856e-02 1.53464400e+00 -1.45365771e+01 3.42582761e-02 1.53216594e+00 -9.43408449e+00 -1.52390518e-04 2.47805984e-03 -5.10249261e+00
1489             3.89344267e-02 1.52798699e+00 -1.45364876e+01 3.90722117e-02 1.52547306e+00 -9.43381430e+00 -1.37785034e-04 2.51392783e-03 -5.10267330e+00
1490             4.10458893e-02 1.52143021e+00 -1.45363370e+01 4.11662505e-02 1.51888358e+00 -9.43351952e+00 -1.20361169e-04 2.54662599e-03 -5.10281747e+00
1491             3.98028268e-02 1.51611225e+00 -1.45369766e+01 3.99136924e-02 1.51353863e+00 -9.43407269e+00 -1.10865657e-04 2.57362001e-03 -5.10290389e+00
1492             3.63869695e-02 1.51146336e+00 -1.45378540e+01 3.65032714e-02 1.50886563e+00 -9.43493870e+00 -1.16301850e-04 2.59773840e-03 -5.10291534e+00
1493             3.26192145e-02 1.50607521e+00 -1.45385051e+01 3.27502496e-02 1.50345903e+00 -9.43565643e+00 -1.31035086e-04 2.61618144e-03 -5.10284867e+00
1494             3.00388241e-02 1.49862700e+00 -1.45386356e+01 3.01891567e-02 1.49600654e+00 -9.43592479e+00 -1.50332613e-04 2.62045271e-03 -5.10271077e+00
1495             2.76658239e-02 1.49021791e+00 -1.45384715e+01 2.78311969e-02 1.48761103e+00 -9.43594906e+00 -1.65372936e-04 2.60687440e-03 -5.10252245e+00
1496             2.45664831e-02 1.48316585e+00 -1.45378468e+01 2.47392858e-02 1.48058918e+00 -9.43553209e+00 -1.72802670e-04 2.57666941e-03 -5.10231474e+00
1497             2.13430811e-02 1.48007562e+00 -1.45372600e+01 2.15134150e-02 1.47753906e+00 -9.43513777e+00 -1.70333891e-04 2.53655570e-03 -5.10212223e+00
1498             1.96122607e-02 1.48097171e+00 -1.45368405e+01 1.97742142e-02 1.47848602e+00 -9.43486509e+00 -1.61953586e-04 2.48568408e-03 -5.10197546e+00
1499             1.95233389e-02 1.48480815e+00 -1.45369194e+01 1.96725957e-02 1.48237776e+00 -9.43502401e+00 -1.49256835e-04 2.43038510e-03 -5.10189538e+00
1500             1.97902731e-02 1.49030672e+00 -1.45370552e+01 1.99257028e-02 1.48793145e+00 -9.43516287e+00 -1.35429658e-04 2.37527681e-03 -5.10189232e+00
1501             1.76529370e-02 1.49834418e+00 -1.45372899e+01 1.77756714e-02 1.49602104e+00 -9.43531852e+00 -1.22734356e-04 2.32313892e-03 -5.10197133e+00
1502             1.35483318e-02 1.50963329e+00 -1.45373383e+01 1.36609580e-02 1.50735532e+00 -9.43521990e+00 -1.12626237e-04 2.27796735e-03 -5.10211838e+00
1503             9.23136177e-03 1.52426753e+00 -1.45374438e+01 9.33379818e-03 1.52202236e+00 -9.43512847e+00 -1.02436413e-04 2.24517026e-03 -5.10231533e+00
1504             6.28475186e-03 1.54002006e+00 -1.45374290e+01 6.37462625e-03 1.53779406e+00 -9.43489569e+00 -8.98743934e-05 2.22599763e-03 -5.10253333e+00
1505             3.08237365e-03 1.55325187e+00 -1.45373928e+01 3.15989720e-03 1.55103454e+00 -9.43464846e+00 -7.75235456e-05 2.21732118e-03 -5.10274430e+00
1506             -5.07403149e-04 1.56315076e+00 -1.45370365e+01 -4.36475990e-04 1.56093736e+00 -9.43412081e+00 -7.09271590e-05 2.21339431e-03 -5.10291571e+00
1507             -3.39111069e-03 1.56984597e+00 -1.45368156e+01 -3.32651680e-03 1.56762672e+00 -9.43379854e+00 -6.45938941e-05 2.21924443e-03 -5.10301710e+00
1508             -3.72933928e-03 1.57345493e+00 -1.45367502e+01 -3.67138031e-03 1.57122120e+00 -9.43372315e+00 -5.79589742e-05 2.23373791e-03 -5.10302703e+00
1509             -9.81761289e-04 1.57386323e+00 -1.45367071e+01 -9.25996309e-04 1.57160574e+00 -9.43375973e+00 -5.57649800e-05 2.25748699e-03 -5.10294734e+00
1510             3.15875855e-03 1.57088320e+00 -1.45365955e+01 3.21825799e-03 1.56859023e+00 -9.43380218e+00 -5.94994470e-05 2.29297231e-03 -5.10279330e+00
1511             5.82894672e-03 1.56443882e+00 -1.45364282e+01 5.89844376e-03 1.56209940e+00 -9.43384427e+00 -6.94970455e-05 2.33941487e-03 -5.10258391e+00
1512             6.56857129e-03 1.55536840e+00 -1.45357395e+01 6.65420707e-03 1.55298067e+00 -9.43338572e+00 -8.56357824e-05 2.38773846e-03 -5.10235373e+00
1513             6.74636256e-03 1.54555330e+00 -1.45350599e+01 6.85043242e-03 1.54312068e+00 -9.43291923e+00 -1.04069857e-04 2.43261981e-03 -5.10214068e+00
1514             8.63513100e-03 1.53520224e+00 -1.45343991e+01 8.75543275e-03 1.53273184e+00 -9.43242373e+00 -1.20301747e-04 2.47039811e-03 -5.10197538e+00
1515             1.18358448e-02 1.52407379e+00 -1.45346031e+01 1.19691436e-02 1.52157822e+00 -9.43272227e+00 -1.33298858e-04 2.49557404e-03 -5.10188083e+00
1516             1.57420796e-02 1.51173437e+00 -1.45355043e+01 1.58825178e-02 1.50922996e+00 -9.43363549e+00 -1.40438236e-04 2.50440756e-03 -5.10186883e+00
1517             1.94828196e-02 1.50012800e+00 -1.45370708e+01 1.96224221e-02 1.49762794e+00 -9.43512807e+00 -1.39602505e-04 2.50006007e-03 -5.10194274e+00
1518             2.22921803e-02 1.49104608e+00 -1.45385368e+01 2.24257195e-02 1.48855872e+00 -9.43644716e+00 -1.33539202e-04 2.48735615e-03 -5.10208963e+00
1519             2.52642841e-02 1.48633547e+00 -1.45394987e+01 2.53878428e-02 1.48386807e+00 -9.43720942e+00 -1.23558680e-04 2.46739603e-03 -5.10228924e+00
1520             2.93552252e-02 1.48515021e+00 -1.45396279e+01 2.94667275e-02 1.48270792e+00 -9.43711182e+00 -1.11502215e-04 2.44228751e-03 -5.10251607e+00
1521             3.38413982e-02 1.48656277e+00 -1.45394478e+01 3.39389783e-02 1.48415073e+00 -9.43670574e+00 -9.75800891e-05 2.41203847e-03 -5.10274202e+00
1522             3.61635004e-02 1.49101523e+00 -1.45391076e+01 3.62487944e-02 1.48862996e+00 -9.43617550e+00 -8.52939406e-05 2.38526501e-03 -5.10293211e+00
1523             3.56512930e-02 1.49934838e+00 -1.45392461e+01 3.57325356e-02 1.49698108e+00 -9.43619276e+00 -8.12425849e-05 2.36730038e-03 -5.10305337e+00
1524             3.30659807e-02 1.51056434e+00 -1.45394482e+01 3.31582835e-02 1.50819966e+00 -9.43636387e+00 -9.23027946e-05 2.36468651e-03 -5.10308431e+00
1525             2.99060972e-02 1.52188153e+00 -1.45394097e+01 3.00184311e-02 1.51950116e+00 -9.43639057e+00 -1.12333847e-04 2.38036801e-03 -5.10301915e+00
1526             2.77521221e-02 1.53053662e+00 -1.45388910e+01 2.78884892e-02 1.52813203e+00 -9.43602268e+00 -1.36367027e-04 2.40458373e-03 -5.10286834e+00
1527             2.55319337e-02 1.53567591e+00 -1.45379584e+01 2.56921047e-02 1.53324465e+00 -9.43530416e+00 -1.60170911e-04 2.43126359e-03 -5.10265429e+00
1528             2.28494266e-02 1.53815360e+00 -1.45362493e+01 2.30267814e-02 1.53569444e+00 -9.43383826e+00 -1.77354805e-04 2.45915746e-03 -5.10241101e+00
1529             2.08957791e-02 1.53914820e+00 -1.45346701e+01 2.10787444e-02 1.53665773e+00 -9.43250075e+00 -1.82965285e-04 2.49047084e-03 -5.10216939e+00
1530             2.07709483e-02 1.53864539e+00 -1.45333536e+01 2.09536639e-02 1.53612903e+00 -9.43138909e+00 -1.82715598e-04 2.51635980e-03 -5.10196449e+00
1531             2.15864046e-02 1.53618742e+00 -1.45329621e+01 2.17673665e-02 1.53365436e+00 -9.43112585e+00 -1.80961829e-04 2.53305336e-03 -5.10183621e+00
1532             2.19064837e-02 1.53088524e+00 -1.45332262e+01 2.20823819e-02 1.52834512e+00 -9.43142748e+00 -1.75898178e-04 2.54012114e-03 -5.10179871e+00
1533             2.00914638e-02 1.52408988e+00 -1.45340746e+01 2.02596289e-02 1.52155295e+00 -9.43222615e+00 -1.68165110e-04 2.53693196e-03 -5.10184850e+00
1534             1.64599898e-02 1.51693762e+00 -1.45347428e+01 1.66179406e-02 1.51441888e+00 -9.43276500e+00 -1.57950857e-04 2.51874029e-03 -5.10197777e+00
1535             1.28744408e-02 1.51241361e+00 -1.45353023e+01 1.30177746e-02 1.50992280e+00 -9.43313616e+00 -1.43333834e-04 2.49080520e-03 -5.10216616e+00
1536             9.60046780e-03 1.50982236e+00 -1.45357327e+01 9.72509961e-03 1.50736513e+00 -9.43334207e+00 -1.24631813e-04 2.45722337e-03 -5.10239063e+00
1537             6.01674885e-03 1.50733574e+00 -1.45363616e+01 6.12233916e-03 1.50491918e+00 -9.43373760e+00 -1.05590301e-04 2.41656043e-03 -5.10262401e+00
1538             1.85101087e-03 1.50474298e+00 -1.45370791e+01 1.93791127e-03 1.50237788e+00 -9.43424631e+00 -8.69003929e-05 2.36509602e-03 -5.10283280e+00
1539             -1.77451404e-03 1.50389631e+00 -1.45382907e+01 -1.70361706e-03 1.50159138e+00 -9.43530656e+00 -7.08969789e-05 2.30492918e-03 -5.10298409e+00
1540             -2.97627322e-03 1.50650961e+00 -1.45393716e+01 -2.92368503e-03 1.50425875e+00 -9.43632275e+00 -5.25881925e-05 2.25086366e-03 -5.10304887e+00
1541             -1.44604738e-03 1.51257724e+00 -1.45399488e+01 -1.41081743e-03 1.51036951e+00 -9.43692443e+00 -3.52299464e-05 2.20772246e-03 -5.10302435e+00
1542             1.38837338e-03 1.52022354e+00 -1.45399354e+01 1.41117310e-03 1.51803841e+00 -9.43702130e+00 -2.27997253e-05 2.18513701e-03 -5.10291407e+00
1543             3.13449495e-03 1.52782132e+00 -1.45396355e+01 3.15443598e-03 1.52563772e+00 -9.43690208e+00 -1.99410302e-05 2.18360060e-03 -5.10273340e+00
1544             3.29562089e-03 1.53513065e+00 -1.45386195e+01 3.32425537e-03 1.53293071e+00 -9.43610676e+00 -2.86344857e-05 2.19993529e-03 -5.10251273e+00
1545             3.27252246e-03 1.54293283e+00 -1.45373330e+01 3.31682687e-03 1.54070037e+00 -9.43504560e+00 -4.43044074e-05 2.23245328e-03 -5.10228744e+00
1546             4.39246069e-03 1.55093627e+00 -1.45358722e+01 4.45671568e-03 1.54866132e+00 -9.43377289e+00 -6.42549828e-05 2.27494937e-03 -5.10209927e+00
1547             6.99827697e-03 1.55738892e+00 -1.45350870e+01 7.08191467e-03 1.55506630e+00 -9.43311032e+00 -8.36377004e-05 2.32262540e-03 -5.10197663e+00
1548             1.03135461e-02 1.56002313e+00 -1.45350044e+01 1.04147545e-02 1.55765023e+00 -9.43307706e+00 -1.01208380e-04 2.37289739e-03 -5.10192738e+00
1549             1.37254610e-02 1.55884994e+00 -1.45353881e+01 1.38423254e-02 1.55642624e+00 -9.43343021e+00 -1.16864336e-04 2.42370614e-03 -5.10195793e+00
1550             1.65479606e-02 1.55466340e+00 -1.45356694e+01 1.66768605e-02 1.55219208e+00 -9.43360487e+00 -1.28899954e-04 2.47131306e-03 -5.10206455e+00
1551             2.04438628e-02 1.54894749e+00 -1.45356018e+01 2.05801653e-02 1.54643051e+00 -9.43337731e+00 -1.36302526e-04 2.51698342e-03 -5.10222446e+00
1552             2.58260673e-02 1.54144927e+00 -1.45350682e+01 2.59696543e-02 1.53889804e+00 -9.43265736e+00 -1.43586950e-04 2.55122427e-03 -5.10241080e+00
1553             3.15604154e-02 1.53230286e+00 -1.45348126e+01 3.17101343e-02 1.52973214e+00 -9.43220182e+00 -1.49718892e-04 2.57072783e-03 -5.10261074e+00
1554             3.54180682e-02 1.52176984e+00 -1.45349487e+01 3.55689090e-02 1.51919181e+00 -9.43215902e+00 -1.50840752e-04 2.57803034e-03 -5.10278972e+00
1555             3.67083978e-02 1.51208094e+00 -1.45356268e+01 3.68602977e-02 1.50950505e+00 -9.43271620e+00 -1.51899921e-04 2.57588563e-03 -5.10291064e+00
1556             3.60975685e-02 1.50456477e+00 -1.45364570e+01 3.62541060e-02 1.50200183e+00 -9.43350121e+00 -1.56537555e-04 2.56294389e-03 -5.10295583e+00
1557             3.44291245e-02 1.49857548e+00 -1.45370312e+01 3.45931656e-02 1.49602915e+00 -9.43411483e+00 -1.64041052e-04 2.54633010e-03 -5.10291640e+00
1558             3.24130798e-02 1.49307627e+00 -1.45373518e+01 3.25862618e-02 1.49054869e+00 -9.43455634e+00 -1.73182012e-04 2.52757733e-03 -5.10279542e+00
1559             2.98093542e-02 1.48753745e+00 -1.45377116e+01 2.99891338e-02 1.48503333e+00 -9.43509879e+00 -1.79779527e-04 2.50412028e-03 -5.10261278e+00
1560             2.67566458e-02 1.48339941e+00 -1.45376891e+01 2.69345559e-02 1.48091971e+00 -9.43529192e+00 -1.77910127e-04 2.47969372e-03 -5.10239713e+00
1561             2.44951091e-02 1.48275103e+00 -1.45375155e+01 2.46635837e-02 1.48029634e+00 -9.43532991e+00 -1.68474599e-04 2.45469494e-03 -5.10218557e+00
1562             2.32227535e-02 1.48662428e+00 -1.45369781e+01 2.33742783e-02 1.48419199e+00 -9.43496785e+00 -1.51524792e-04 2.43228779e-03 -5.10201027e+00
1563             2.26699797e-02 1.49363722e+00 -1.45366442e+01 2.28025947e-02 1.49122833e+00 -9.43474325e+00 -1.32614968e-04 2.40889104e-03 -5.10190091e+00
1564             2.13170304e-02 1.50159058e+00 -1.45368453e+01 2.14300569e-02 1.49920513e+00 -9.43497939e+00 -1.13026558e-04 2.38545417e-03 -5.10186595e+00
1565             1.83012188e-02 1.50949501e+00 -1.45375749e+01 1.83970567e-02 1.50713406e+00 -9.43566599e+00 -9.58378462e-05 2.36094709e-03 -5.10190887e+00
1566             1.35464410e-02 1.51733151e+00 -1.45380272e+01 1.36297994e-02 1.51499285e+00 -9.43600064e+00 -8.33583355e-05 2.33865264e-03 -5.10202656e+00
1567             9.11112087e-03 1.52713891e+00 -1.45380145e+01 9.18541717e-03 1.52481673e+00 -9.43581697e+00 -7.42963053e-05 2.32217999e-03 -5.10219752e+00
1568             4.91546277e-03 1.53733047e+00 -1.45374424e+01 4.98324621e-03 1.53501752e+00 -9.43504440e+00 -6.77834461e-05 2.31294849e-03 -5.10239797e+00
1569             1.23392595e-03 1.54628481e+00 -1.45368183e+01 1.29903790e-03 1.54397809e+00 -9.43420906e+00 -6.51119503e-05 2.30671365e-03 -5.10260921e+00
1570             -3.07290771e-03 1.55189226e+00 -1.45362522e+01 -3.00667223e-03 1.54958970e+00 -9.43345217e+00 -6.62354844e-05 2.30256281e-03 -5.10280002e+00
1571             -6.59563208e-03 1.55539670e+00 -1.45360079e+01 -6.52212425e-03 1.55309973e+00 -9.43307177e+00 -7.35078306e-05 2.29696349e-03 -5.10293613e+00
1572             -7.36396291e-03 1.55778190e+00 -1.45357612e+01 -7.28631803e-03 1.55548615e+00 -9.43277129e+00 -7.76448832e-05 2.29575311e-03 -5.10298989e+00
1573             -5.03912357e-03 1.55851269e+00 -1.45355326e+01 -4.96233576e-03 1.55621063e+00 -9.43258342e+00 -7.67878025e-05 2.30205487e-03 -5.10294920e+00
1574             -1.20743432e-03 1.55656557e+00 -1.45352043e+01 -1.12885912e-03 1.55425410e+00 -9.43237786e+00 -7.85752017e-05 2.31146170e-03 -5.10282647e+00
1575             2.18877191e-03 1.55165839e+00 -1.45351626e+01 2.27523727e-03 1.54933066e+00 -9.43251479e+00 -8.64653577e-05 2.32773204e-03 -5.10264784e+00
1576             3.82521527e-03 1.54457185e+00 -1.45349152e+01 3.92291788e-03 1.54222412e+00 -9.43247905e+00 -9.77026068e-05 2.34773187e-03 -5.10243619e+00
1577             5.42065202e-03 1.53730139e+00 -1.45343318e+01 5.53128867e-03 1.53493387e+00 -9.43210683e+00 -1.10636644e-04 2.36751696e-03 -5.10222496e+00
1578             7.36405948e-03 1.53152619e+00 -1.45334605e+01 7.48498381e-03 1.52914191e+00 -9.43141055e+00 -1.20924325e-04 2.38428607e-03 -5.10204994e+00
1579             9.78230956e-03 1.52629727e+00 -1.45332055e+01 9.91016366e-03 1.52389764e+00 -9.43126823e+00 -1.27854096e-04 2.39963221e-03 -5.10193723e+00
1580             1.26914419e-02 1.52091799e+00 -1.45340462e+01 1.28233002e-02 1.51850395e+00 -9.43215193e+00 -1.31858316e-04 2.41403250e-03 -5.10189428e+00
1581             1.56578356e-02 1.51510744e+00 -1.45358124e+01 1.57879350e-02 1.51267960e+00 -9.43388490e+00 -1.30099481e-04 2.42784426e-03 -5.10192750e+00
1582             1.84085573e-02 1.51007835e+00 -1.45376373e+01 1.85322569e-02 1.50763854e+00 -9.43560369e+00 -1.23699603e-04 2.43981771e-03 -5.10203363e+00
1583             2.13696800e-02 1.50753385e+00 -1.45387927e+01 2.14852592e-02 1.50508545e+00 -9.43659386e+00 -1.15579141e-04 2.44840176e-03 -5.10219884e+00
1584             2.48029342e-02 1.50804001e+00 -1.45389553e+01 2.49105965e-02 1.50558516e+00 -9.43655787e+00 -1.07662359e-04 2.45484797e-03 -5.10239743e+00
1585             2.85062324e-02 1.51041268e+00 -1.45389158e+01 2.86048645e-02 1.50795442e+00 -9.43630963e+00 -9.86320785e-05 2.45826325e-03 -5.10260621e+00
1586             3.16050780e-02 1.51225026e+00 -1.45389539e+01 3.16942121e-02 1.50979633e+00 -9.43616264e+00 -8.91341048e-05 2.45393016e-03 -5.10279123e+00
1587             3.30939424e-02 1.51444064e+00 -1.45391501e+01 3.31778590e-02 1.51199422e+00 -9.43623545e+00 -8.39165931e-05 2.44641879e-03 -5.10291462e+00
1588             3.24206070e-02 1.51831587e+00 -1.45393062e+01 3.25083442e-02 1.51587835e+00 -9.43634821e+00 -8.77372584e-05 2.43751386e-03 -5.10295803e+00
1589             3.01970841e-02 1.52373574e+00 -1.45390922e+01 3.02993070e-02 1.52130180e+00 -9.43617807e+00 -1.02222883e-04 2.43393471e-03 -5.10291417e+00
1590             2.72677007e-02 1.52860095e+00 -1.45385093e+01 2.73927223e-02 1.52616283e+00 -9.43572516e+00 -1.25021536e-04 2.43812014e-03 -5.10278414e+00
1591             2.47956802e-02 1.53104740e+00 -1.45378391e+01 2.49438429e-02 1.52860456e+00 -9.43524451e+00 -1.48162687e-04 2.44283619e-03 -5.10259461e+00
1592             2.29117632e-02 1.53137198e+00 -1.45368462e+01 2.30768173e-02 1.52892566e+00 -9.43447115e+00 -1.65054136e-04 2.44632026e-03 -5.10237502e+00
1593             2.22498718e-02 1.53106424e+00 -1.45354855e+01 2.24261889e-02 1.52861862e+00 -9.43332143e+00 -1.76317160e-04 2.44561583e-03 -5.10216410e+00
1594             2.22096278e-02 1.53088271e+00 -1.45338441e+01 2.23899316e-02 1.52843931e+00 -9.43185084e+00 -1.80303802e-04 2.44339829e-03 -5.10199325e+00
1595             2.24144851e-02 1.52984205e+00 -1.45327426e+01 2.25924512e-02 1.52740459e+00 -9.43086264e+00 -1.77966070e-04 2.43745807e-03 -5.10188001e+00
1596             2.19827921e-02 1.52734589e+00 -1.45328277e+01 2.21569732e-02 1.52492390e+00 -9.43098919e+00 -1.74181116e-04 2.42199244e-03 -5.10183850e+00
1597             2.04105249e-02 1.52309482e+00 -1.45339457e+01 2.05815929e-02 1.52069676e+00 -9.43206363e+00 -1.71067933e-04 2.39805037e-03 -5.10188209e+00
1598             1.76185838e-02 1.51835719e+00 -1.45350828e+01 1.77850042e-02 1.51598463e+00 -9.43308268e+00 -1.66420406e-04 2.37256340e-03 -5.10200008e+00
1599             1.44682422e-02 1.51542639e+00 -1.45356984e+01 1.46262747e-02 1.51308033e+00 -9.43352540e+00 -1.58032437e-04 2.34605288e-03 -5.10217297e+00
1600             1.08975592e-02 1.51499658e+00 -1.45357619e+01 1.10410905e-02 1.51267449e+00 -9.43338747e+00 -1.43531253e-04 2.32208666e-03 -5.10237441e+00
1601             7.37290490e-03 1.51591588e+00 -1.45360682e+01 7.49872101e-03 1.51361094e+00 -9.43348765e+00 -1.25816111e-04 2.30493603e-03 -5.10258059e+00
1602             3.04138806e-03 1.51603139e+00 -1.45368361e+01 3.14967389e-03 1.51373853e+00 -9.43407097e+00 -1.08285825e-04 2.29286709e-03 -5.10276510e+00
1603             -8.21294749e-04 1.51624773e+00 -1.45378293e+01 -7.29497876e-04 1.51396300e+00 -9.43493363e+00 -9.17968737e-05 2.28472872e-03 -5.10289564e+00
1604             -2.73477000e-03 1.51852664e+00 -1.45385754e+01 -2.66121073e-03 1.51624595e+00 -9.43562873e+00 -7.35592675e-05 2.28068981e-03 -5.10294663e+00
1605             -2.87222143e-03 1.52291213e+00 -1.45391393e+01 -2.81752962e-03 1.52063061e+00 -9.43622369e+00 -5.46918054e-05 2.28151461e-03 -5.10291565e+00
1606             -2.01351878e-03 1.52794048e+00 -1.45392626e+01 -1.97738492e-03 1.52564840e+00 -9.43645937e+00 -3.61338588e-05 2.29207059e-03 -5.10280320e+00
1607             -9.68816586e-04 1.53196221e+00 -1.45392486e+01 -9.44564828e-04 1.52965445e+00 -9.43661535e+00 -2.42517581e-05 2.30776429e-03 -5.10263329e+00
1608             -4.09964559e-04 1.53462313e+00 -1.45387489e+01 -3.86847910e-04 1.53229443e+00 -9.43632199e+00 -2.31166493e-05 2.32870081e-03 -5.10242691e+00
1609             5.56254695e-04 1.53669258e+00 -1.45376231e+01 5.88950926e-04 1.53434097e+00 -9.43540763e+00 -3.26962314e-05 2.35161154e-03 -5.10221548e+00
1610             1.56171909e-03 1.53962465e+00 -1.45360756e+01 1.61073524e-03 1.53725215e+00 -9.43404284e+00 -4.90161494e-05 2.37249919e-03 -5.10203276e+00
1611             2.49226908e-03 1.54306604e+00 -1.45349289e+01 2.56138219e-03 1.54068011e+00 -9.43301600e+00 -6.91131126e-05 2.38592717e-03 -5.10191286e+00
1612             4.15490398e-03 1.54561462e+00 -1.45346977e+01 4.24616187e-03 1.54322087e+00 -9.43283054e+00 -9.12578871e-05 2.39374408e-03 -5.10186718e+00
1613             6.87312753e-03 1.54551803e+00 -1.45353036e+01 6.98533836e-03 1.54311784e+00 -9.43339911e+00 -1.12210830e-04 2.40019720e-03 -5.10190451e+00
1614             1.10410076e-02 1.54335734e+00 -1.45360340e+01 1.11696374e-02 1.54095123e+00 -9.43401483e+00 -1.28629832e-04 2.40611172e-03 -5.10201912e+00
1615             1.53328655e-02 1.54117735e+00 -1.45363061e+01 1.54785832e-02 1.53876728e+00 -9.43410769e+00 -1.45717742e-04 2.41007203e-03 -5.10219841e+00
1616             1.98196605e-02 1.54023264e+00 -1.45359118e+01 1.99834260e-02 1.53781966e+00 -9.43349892e+00 -1.63765498e-04 2.41297770e-03 -5.10241284e+00
1617             2.49997470e-02 1.53882770e+00 -1.45357237e+01 2.51774047e-02 1.53640915e+00 -9.43309366e+00 -1.77657754e-04 2.41855951e-03 -5.10263000e+00
1618             3.07461906e-02 1.53466747e+00 -1.45359547e+01 3.09337432e-02 1.53224793e+00 -9.43313867e+00 -1.87552615e-04 2.41954785e-03 -5.10281604e+00
1619             3.51306037e-02 1.52928599e+00 -1.45364515e+01 3.53220950e-02 1.52686808e+00 -9.43350439e+00 -1.91491308e-04 2.41791880e-03 -5.10294713e+00
1620             3.70503151e-02 1.52509355e+00 -1.45369835e+01 3.72414073e-02 1.52267465e+00 -9.43399078e+00 -1.91092192e-04 2.41889561e-03 -5.10299271e+00
1621             3.62909110e-02 1.52281765e+00 -1.45376323e+01 3.64803047e-02 1.52039272e+00 -9.43468416e+00 -1.89393759e-04 2.42493002e-03 -5.10294811e+00
1622             3.35683467e-02 1.52135047e+00 -1.45380722e+01 3.37557202e-02 1.51891449e+00 -9.43525424e+00 -1.87373413e-04 2.43597966e-03 -5.10281800e+00
1623             3.04345676e-02 1.51899720e+00 -1.45384285e+01 3.06179967e-02 1.51654303e+00 -9.43580565e+00 -1.83429080e-04 2.45416714e-03 -5.10262283e+00
1624             2.79270814e-02 1.51529685e+00 -1.45383951e+01 2.81033929e-02 1.51282035e+00 -9.43600597e+00 -1.76311495e-04 2.47650799e-03 -5.10238910e+00
1625             2.66026775e-02 1.51126204e+00 -1.45378530e+01 2.67658242e-02 1.50876282e+00 -9.43569421e+00 -1.63146633e-04 2.49922711e-03 -5.10215883e+00
1626             2.55528164e-02 1.50858028e+00 -1.45370465e+01 2.57001436e-02 1.50606649e+00 -9.43507881e+00 -1.47327106e-04 2.51378902e-03 -5.10196768e+00
1627             2.32078227e-02 1.50754939e+00 -1.45365698e+01 2.33397603e-02 1.50503480e+00 -9.43472302e+00 -1.31937667e-04 2.51458884e-03 -5.10184681e+00
1628             1.99777008e-02 1.50719016e+00 -1.45368194e+01 2.00951127e-02 1.50468649e+00 -9.43501887e+00 -1.17411878e-04 2.50366776e-03 -5.10180055e+00
1629             1.68560162e-02 1.50583834e+00 -1.45376887e+01 1.69627308e-02 1.50336113e+00 -9.43585192e+00 -1.06714648e-04 2.47721276e-03 -5.10183681e+00
1630             1.40397847e-02 1.50426931e+00 -1.45384460e+01 1.41398236e-02 1.50183230e+00 -9.43649473e+00 -1.00038982e-04 2.43700638e-03 -5.10195128e+00
1631             1.01300620e-02 1.50346534e+00 -1.45386220e+01 1.02254713e-02 1.50107883e+00 -9.43649210e+00 -9.54092971e-05 2.38651409e-03 -5.10212987e+00
1632             5.85774841e-03 1.50585569e+00 -1.45379930e+01 5.94966289e-03 1.50352416e+00 -9.43564678e+00 -9.19144755e-05 2.33152677e-03 -5.10234621e+00
1633             1.64565627e-03 1.51102412e+00 -1.45373616e+01 1.73619980e-03 1.50874675e+00 -9.43478166e+00 -9.05435287e-05 2.27736609e-03 -5.10257991e+00
1634             -2.07205394e-03 1.51683046e+00 -1.45372391e+01 -1.97813299e-03 1.51459816e+00 -9.43444283e+00 -9.39209569e-05 2.23229998e-03 -5.10279624e+00
1635             -4.59399902e-03 1.52271597e+00 -1.45373575e+01 -4.49502944e-03 1.52051625e+00 -9.43439414e+00 -9.89695846e-05 2.19972134e-03 -5.10296336e+00
1636             -5.13948134e-03 1.52997207e+00 -1.45372177e+01 -5.03767017e-03 1.52779506e+00 -9.43416353e+00 -1.01811176e-04 2.17701500e-03 -5.10305419e+00
1637             -4.34911178e-03 1.53882881e+00 -1.45370563e+01 -4.24863772e-03 1.53665809e+00 -9.43399742e+00 -1.00474057e-04 2.17071171e-03 -5.10305888e+00
1638             -2.78326436e-03 1.54747536e+00 -1.45366087e+01 -2.68814311e-03 1.54528735e+00 -9.43364016e+00 -9.51212536e-05 2.18800813e-03 -5.10296851e+00
1639             -3.80133836e-04 1.55348752e+00 -1.45362875e+01 -2.93359027e-04 1.55125898e+00 -9.43349589e+00 -8.67748092e-05 2.22853905e-03 -5.10279157e+00
1640             2.84828955e-03 1.55570368e+00 -1.45358076e+01 2.93295182e-03 1.55342272e+00 -9.43324886e+00 -8.46622743e-05 2.28096459e-03 -5.10255873e+00
1641             5.60616557e-03 1.55519341e+00 -1.45350308e+01 5.69611476e-03 1.55285381e+00 -9.43271031e+00 -8.99491921e-05 2.33959399e-03 -5.10232048e+00
1642             7.12246166e-03 1.55415962e+00 -1.45340733e+01 7.22238696e-03 1.55176006e+00 -9.43196541e+00 -9.99252946e-05 2.39955670e-03 -5.10210791e+00
1643             7.39510914e-03 1.55289442e+00 -1.45335410e+01 7.50307877e-03 1.55043582e+00 -9.43159281e+00 -1.07969629e-04 2.45860103e-03 -5.10194817e+00
1644             7.82033802e-03 1.55050025e+00 -1.45338280e+01 7.93536919e-03 1.54799117e+00 -9.43196648e+00 -1.15031171e-04 2.50908019e-03 -5.10186155e+00
1645             9.57044695e-03 1.54506671e+00 -1.45349619e+01 9.69302790e-03 1.54251697e+00 -9.43310309e+00 -1.22580956e-04 2.54973945e-03 -5.10185886e+00
1646             1.30773226e-02 1.53659426e+00 -1.45361827e+01 1.32064614e-02 1.53401276e+00 -9.43424309e+00 -1.29138787e-04 2.58149503e-03 -5.10193965e+00
1647             1.64055450e-02 1.52709357e+00 -1.45371716e+01 1.65418521e-02 1.52449258e+00 -9.43507811e+00 -1.36307161e-04 2.60099074e-03 -5.10209350e+00
1648             1.93122712e-02 1.51944906e+00 -1.45376625e+01 1.94572748e-02 1.51684479e+00 -9.43536721e+00 -1.45003594e-04 2.60426391e-03 -5.10229526e+00
1649             2.25043376e-02 1.51284364e+00 -1.45383467e+01 2.26567440e-02 1.51025555e+00 -9.43583129e+00 -1.52406327e-04 2.58809232e-03 -5.10251543e+00
1650             2.71893945e-02 1.50599920e+00 -1.45391278e+01 2.73432917e-02 1.50344620e+00 -9.43640619e+00 -1.53897183e-04 2.55300260e-03 -5.10272165e+00
1651             3.17546991e-02 1.49919081e+00 -1.45396725e+01 3.19024220e-02 1.49669212e+00 -9.43678514e+00 -1.47722923e-04 2.49868940e-03 -5.10288737e+00
1652             3.43480843e-02 1.49485786e+00 -1.45397957e+01 3.44878098e-02 1.49242377e+00 -9.43681631e+00 -1.39725433e-04 2.43408094e-03 -5.10297943e+00
1653             3.38900755e-02 1.49475105e+00 -1.45400713e+01 3.40273423e-02 1.49237968e+00 -9.43708482e+00 -1.37266743e-04 2.37137190e-03 -5.10298645e+00
1654             3.07849329e-02 1.49863190e+00 -1.45399926e+01 3.09248117e-02 1.49631067e+00 -9.43708369e+00 -1.39878830e-04 2.32123336e-03 -5.10290894e+00
1655             2.72109091e-02 1.50503117e+00 -1.45398284e+01 2.73571110e-02 1.50274130e+00 -9.43706837e+00 -1.46201841e-04 2.28986699e-03 -5.10276005e+00
1656             2.56943489e-02 1.51206702e+00 -1.45392467e+01 2.58471204e-02 1.50979203e+00 -9.43668128e+00 -1.52771436e-04 2.27499257e-03 -5.10256539e+00
1657             2.57190550e-02 1.51896062e+00 -1.45381421e+01 2.58715413e-02 1.51668203e+00 -9.43578311e+00 -1.52486365e-04 2.27859652e-03 -5.10235903e+00
1658             2.56128697e-02 1.52671777e+00 -1.45366059e+01 2.57592552e-02 1.52442020e+00 -9.43443782e+00 -1.46385429e-04 2.29757071e-03 -5.10216806e+00
1659             2.35339435e-02 1.53530866e+00 -1.45352746e+01 2.36747801e-02 1.53298314e+00 -9.43325287e+00 -1.40836575e-04 2.32552098e-03 -5.10202172e+00
1660             2.04347235e-02 1.54220935e+00 -1.45345213e+01 2.05717898e-02 1.53985058e+00 -9.43258710e+00 -1.37066357e-04 2.35877209e-03 -5.10193424e+00
1661             1.81677468e-02 1.54462690e+00 -1.45346930e+01 1.83012156e-02 1.54223248e+00 -9.43278212e+00 -1.33468773e-04 2.39442495e-03 -5.10191092e+00
1662             1.69040093e-02 1.54268002e+00 -1.45351848e+01 1.70400567e-02 1.54025927e+00 -9.43322680e+00 -1.36047389e-04 2.42075443e-03 -5.10195801e+00
1663             1.39524057e-02 1.53745819e+00 -1.45355673e+01 1.40935324e-02 1.53502050e+00 -9.43348618e+00 -1.41126689e-04 2.43768905e-03 -5.10208115e+00
1664             1.00221148e-02 1.53225113e+00 -1.45354762e+01 1.01662323e-02 1.52980538e+00 -9.43322355e+00 -1.44117591e-04 2.44575020e-03 -5.10225268e+00
1665             5.50026215e-03 1.52714223e+00 -1.45354920e+01 5.64384915e-03 1.52469536e+00 -9.43304154e+00 -1.43586997e-04 2.44686802e-03 -5.10245044e+00
1666             1.76001299e-03 1.52185514e+00 -1.45358325e+01 1.90251841e-03 1.51941290e+00 -9.43318671e+00 -1.42505419e-04 2.44224244e-03 -5.10264583e+00
1667             -9.59798511e-04 1.51522836e+00 -1.45362323e+01 -8.19479080e-04 1.51279337e+00 -9.43342550e+00 -1.40319431e-04 2.43499120e-03 -5.10280679e+00
1668             -2.39205307e-03 1.50897222e+00 -1.45365447e+01 -2.25796899e-03 1.50655070e+00 -9.43364029e+00 -1.34084084e-04 2.42152355e-03 -5.10290444e+00
1669             -3.02773821e-03 1.50463457e+00 -1.45372139e+01 -2.90812285e-03 1.50223274e+00 -9.43428669e+00 -1.19615356e-04 2.40183499e-03 -5.10292718e+00
1670             -3.06027707e-03 1.50192758e+00 -1.45378150e+01 -2.96253107e-03 1.49954889e+00 -9.43494296e+00 -9.77459962e-05 2.37869099e-03 -5.10287202e+00
1671             -2.04622731e-03 1.50027070e+00 -1.45384588e+01 -1.97285273e-03 1.49791604e+00 -9.43570885e+00 -7.33745790e-05 2.35465521e-03 -5.10274995e+00
1672             8.43403470e-04 1.49982951e+00 -1.45386831e+01 8.96374074e-04 1.49749443e+00 -9.43610539e+00 -5.29706040e-05 2.33508072e-03 -5.10257774e+00
1673             3.04408457e-03 1.50082000e+00 -1.45382811e+01 3.08594500e-03 1.49849963e+00 -9.43588997e+00 -4.18604276e-05 2.32037527e-03 -5.10239110e+00
1674             3.64199645e-03 1.50503755e+00 -1.45374112e+01 3.68513155e-03 1.50272863e+00 -9.43519150e+00 -4.31351056e-05 2.30892343e-03 -5.10221972e+00
1675             3.12033406e-03 1.51362402e+00 -1.45365437e+01 3.17201665e-03 1.51131977e+00 -9.43445613e+00 -5.16825853e-05 2.30425784e-03 -5.10208756e+00
1676             2.51303555e-03 1.52523166e+00 -1.45360309e+01 2.57781549e-03 1.52292544e+00 -9.43401270e+00 -6.47799385e-05 2.30622260e-03 -5.10201819e+00
1677             3.75772820e-03 1.53687811e+00 -1.45362613e+01 3.84050652e-03 1.53455956e+00 -9.43424352e+00 -8.27783221e-05 2.31855894e-03 -5.10201775e+00
1678             6.81582921e-03 1.54647273e+00 -1.45366269e+01 6.91797941e-03 1.54412637e+00 -9.43454657e+00 -1.02150198e-04 2.34636017e-03 -5.10208036e+00
1679             1.07175569e-02 1.55435342e+00 -1.45369905e+01 1.08383092e-02 1.55197282e+00 -9.43478669e+00 -1.20752327e-04 2.38059582e-03 -5.10220379e+00
1680             1.41708174e-02 1.56142445e+00 -1.45369562e+01 1.43126998e-02 1.55900385e+00 -9.43458866e+00 -1.41882401e-04 2.42060017e-03 -5.10236758e+00
1681             1.78407956e-02 1.56617344e+00 -1.45366801e+01 1.80065316e-02 1.56371648e+00 -9.43413284e+00 -1.65736016e-04 2.45695972e-03 -5.10254722e+00
1682             2.34673350e-02 1.56625693e+00 -1.45362559e+01 2.36495949e-02 1.56377027e+00 -9.43354447e+00 -1.82259925e-04 2.48665837e-03 -5.10271145e+00
1683             2.99721554e-02 1.56002085e+00 -1.45359770e+01 3.01600067e-02 1.55751727e+00 -9.43314498e+00 -1.87851321e-04 2.50358000e-03 -5.10283204e+00
1684             3.48023168e-02 1.55044609e+00 -1.45358766e+01 3.49918097e-02 1.54793996e+00 -9.43298498e+00 -1.89492906e-04 2.50612721e-03 -5.10289162e+00
1685             3.59683947e-02 1.54040890e+00 -1.45364563e+01 3.61607884e-02 1.53790745e+00 -9.43356967e+00 -1.92393682e-04 2.50145571e-03 -5.10288664e+00
1686             3.37876940e-02 1.53132745e+00 -1.45369034e+01 3.39831718e-02 1.52882922e+00 -9.43409449e+00 -1.95477726e-04 2.49823497e-03 -5.10280888e+00
1687             3.09132870e-02 1.52244676e+00 -1.45372639e+01 3.11091599e-02 1.51994931e+00 -9.43459553e+00 -1.95872848e-04 2.49745541e-03 -5.10266840e+00
1688             3.01654680e-02 1.51242485e+00 -1.45372239e+01 3.03574247e-02 1.50992825e+00 -9.43473867e+00 -1.91956636e-04 2.49659927e-03 -5.10248528e+00
1689             3.00593270e-02 1.50164407e+00 -1.45368097e+01 3.02406713e-02 1.49915016e+00 -9.43451927e+00 -1.81344278e-04 2.49391137e-03 -5.10229045e+00
1690             2.88265007e-02 1.49242697e+00 -1.45361313e+01 2.89913300e-02 1.48993889e+00 -9.43401638e+00 -1.64829290e-04 2.48807740e-03 -5.10211489e+00
1691             2.59038676e-02 1.48664915e+00 -1.45358473e+01 2.60492291e-02 1.48417607e+00 -9.43386093e+00 -1.45361489e-04 2.47307844e-03 -5.10198636e+00
1692             2.23445395e-02 1.48336402e+00 -1.45361209e+01 2.24722068e-02 1.48091857e+00 -9.43420035e+00 -1.27667316e-04 2.44545817e-03 -5.10192055e+00
1693             1.94525480e-02 1.48196518e+00 -1.45371138e+01 1.95646704e-02 1.47955323e+00 -9.43518906e+00 -1.12122394e-04 2.41195280e-03 -5.10192476e+00
1694             1.68693398e-02 1.48225735e+00 -1.45381380e+01 1.69704634e-02 1.47988448e+00 -9.43613759e+00 -1.01123588e-04 2.37286750e-03 -5.10200037e+00
1695             1.32865227e-02 1.48395951e+00 -1.45388461e+01 1.33822032e-02 1.48162778e+00 -9.43670255e+00 -9.56805202e-05 2.33173076e-03 -5.10214360e+00
1696             8.64825038e-03 1.48909035e+00 -1.45388539e+01 8.74339801e-03 1.48680097e+00 -9.43652069e+00 -9.51476312e-05 2.28937953e-03 -5.10233322e+00
1697             3.48452378e-03 1.49848297e+00 -1.45386355e+01 3.58124670e-03 1.49622823e+00 -9.43609717e+00 -9.67229237e-05 2.25474313e-03 -5.10253830e+00
1698             -5.54398461e-04 1.51093666e+00 -1.45382417e+01 -4.54598409e-04 1.50870003e+00 -9.43551512e+00 -9.98000521e-05 2.23663090e-03 -5.10272662e+00
1699             -3.42017752e-03 1.52325290e+00 -1.45378334e+01 -3.31591203e-03 1.52101872e+00 -9.43495712e+00 -1.04265488e-04 2.23417897e-03 -5.10287632e+00
1700             -5.50766568e-03 1.53437566e+00 -1.45373494e+01 -5.40173579e-03 1.53213127e+00 -9.43438213e+00 -1.05929885e-04 2.24439346e-03 -5.10296724e+00
1701             -6.91701684e-03 1.54457866e+00 -1.45370436e+01 -6.81719379e-03 1.54231418e+00 -9.43406193e+00 -9.98230487e-05 2.26448048e-03 -5.10298162e+00
1702             -7.42200372e-03 1.55283548e+00 -1.45365010e+01 -7.33275925e-03 1.55054408e+00 -9.43358479e+00 -8.92444679e-05 2.29139465e-03 -5.10291625e+00
1703             -5.86136689e-03 1.55764950e+00 -1.45357241e+01 -5.78548889e-03 1.55532413e+00 -9.43294340e+00 -7.58779956e-05 2.32536667e-03 -5.10278071e+00
1704             -1.93020507e-03 1.55807097e+00 -1.45348399e+01 -1.86683081e-03 1.55570311e+00 -9.43224846e+00 -6.33742641e-05 2.36786265e-03 -5.10259142e+00
1705             1.87553975e-03 1.55417550e+00 -1.45339383e+01 1.93692019e-03 1.55176340e+00 -9.43156060e+00 -6.13804340e-05 2.41210127e-03 -5.10237775e+00
1706             3.50751598e-03 1.54854928e+00 -1.45331581e+01 3.58141032e-03 1.54609743e+00 -9.43097893e+00 -7.38943436e-05 2.45184464e-03 -5.10217913e+00
1707             3.42037954e-03 1.54364191e+00 -1.45326529e+01 3.51224967e-03 1.54115366e+00 -9.43062977e+00 -9.18701309e-05 2.48824308e-03 -5.10202309e+00
1708             2.91229870e-03 1.53912851e+00 -1.45324044e+01 3.02300225e-03 1.53660979e+00 -9.43047718e+00 -1.10703544e-04 2.51872032e-03 -5.10192719e+00
1709             4.48472837e-03 1.53425207e+00 -1.45329059e+01 4.61320507e-03 1.53171628e+00 -9.43099747e+00 -1.28476699e-04 2.53579468e-03 -5.10190844e+00
1710             7.91823119e-03 1.52834101e+00 -1.45336194e+01 8.06162534e-03 1.52579665e+00 -9.43165642e+00 -1.43394150e-04 2.54435627e-03 -5.10196295e+00
1711             1.20512882e-02 1.52211402e+00 -1.45346965e+01 1.22066809e-02 1.51956696e+00 -9.43261089e+00 -1.55392721e-04 2.54705544e-03 -5.10208564e+00
1712             1.51132190e-02 1.51701467e+00 -1.45360489e+01 1.52799478e-02 1.51447386e+00 -9.43379068e+00 -1.66728756e-04 2.54081612e-03 -5.10225826e+00
1713             1.84531726e-02 1.51381401e+00 -1.45374487e+01 1.86307244e-02 1.51129179e+00 -9.43499634e+00 -1.77551781e-04 2.52221883e-03 -5.10245233e+00
1714             2.35309532e-02 1.51147367e+00 -1.45385226e+01 2.37142450e-02 1.50898491e+00 -9.43588085e+00 -1.83291883e-04 2.48875094e-03 -5.10264176e+00
1715             2.98707280e-02 1.50827669e+00 -1.45392659e+01 3.00490053e-02 1.50583088e+00 -9.43646665e+00 -1.78277332e-04 2.44580798e-03 -5.10279922e+00
1716             3.44488857e-02 1.50614407e+00 -1.45395412e+01 3.46135682e-02 1.50374830e+00 -9.43663882e+00 -1.64682465e-04 2.39577162e-03 -5.10290235e+00
1717             3.51330634e-02 1.50742080e+00 -1.45400008e+01 3.52827799e-02 1.50507217e+00 -9.43706854e+00 -1.49716490e-04 2.34863313e-03 -5.10293225e+00
1718             3.22332560e-02 1.51252082e+00 -1.45402698e+01 3.23708844e-02 1.51020754e+00 -9.43738481e+00 -1.37628464e-04 2.31327853e-03 -5.10288496e+00
1719             2.87837914e-02 1.51971500e+00 -1.45402593e+01 2.89120761e-02 1.51741888e+00 -9.43748988e+00 -1.28284645e-04 2.29612164e-03 -5.10276945e+00
1720             2.70185080e-02 1.52629864e+00 -1.45398339e+01 2.71395004e-02 1.52399971e+00 -9.43723320e+00 -1.20992457e-04 2.29892649e-03 -5.10260075e+00
1721             2.62249175e-02 1.53094856e+00 -1.45389200e+01 2.63408860e-02 1.52863266e+00 -9.43651643e+00 -1.15968478e-04 2.31589447e-03 -5.10240355e+00
1722             2.45124991e-02 1.53413969e+00 -1.45375073e+01 2.46227128e-02 1.53179724e+00 -9.43529544e+00 -1.10213772e-04 2.34244946e-03 -5.10221187e+00
1723             2.13939517e-02 1.53671537e+00 -1.45361276e+01 2.14992177e-02 1.53434213e+00 -9.43407391e+00 -1.05265994e-04 2.37323108e-03 -5.10205365e+00
1724             1.76215161e-02 1.53819587e+00 -1.45348201e+01 1.77288375e-02 1.53579597e+00 -9.43286811e+00 -1.07321379e-04 2.39990028e-03 -5.10195197e+00
1725             1.52094120e-02 1.53749963e+00 -1.45340999e+01 1.53228193e-02 1.53507871e+00 -9.43218274e+00 -1.13407360e-04 2.42092573e-03 -5.10191719e+00
1726             1.37217929e-02 1.53262072e+00 -1.45337775e+01 1.38424057e-02 1.53018344e+00 -9.43183090e+00 -1.20612804e-04 2.43728396e-03 -5.10194659e+00
1727             1.22753035e-02 1.52414446e+00 -1.45339923e+01 1.24101312e-02 1.52170453e+00 -9.43195169e+00 -1.34827665e-04 2.43993171e-03 -5.10204065e+00
1728             8.83193662e-03 1.51512783e+00 -1.45342988e+01 8.98664939e-03 1.51269950e+00 -9.43209936e+00 -1.54712769e-04 2.42833046e-03 -5.10219948e+00
1729             4.82336406e-03 1.50937281e+00 -1.45346594e+01 4.99434441e-03 1.50696141e+00 -9.43226878e+00 -1.70980343e-04 2.41140326e-03 -5.10239062e+00
1730             2.01324647e-03 1.50634468e+00 -1.45347487e+01 2.19218974e-03 1.50394825e+00 -9.43217000e+00 -1.78943271e-04 2.39642813e-03 -5.10257871e+00
1731             6.37940592e-04 1.50421288e+00 -1.45348548e+01 8.16828487e-04 1.50183465e+00 -9.43211077e+00 -1.78887895e-04 2.37823476e-03 -5.10274403e+00
1732             -8.91390139e-04 1.50243217e+00 -1.45349942e+01 -7.22168700e-04 1.50007115e+00 -9.43213287e+00 -1.69221439e-04 2.36101974e-03 -5.10286129e+00
1733             -2.55570929e-03 1.50192369e+00 -1.45355773e+01 -2.40577950e-03 1.49957702e+00 -9.43266776e+00 -1.49929788e-04 2.34667112e-03 -5.10290953e+00
1734             -3.54049001e-03 1.50304011e+00 -1.45364610e+01 -3.42084713e-03 1.50070529e+00 -9.43357836e+00 -1.19642871e-04 2.33482475e-03 -5.10288266e+00
1735             -2.10349174e-03 1.50520707e+00 -1.45371956e+01 -2.02085463e-03 1.50287980e+00 -9.43441043e+00 -8.26371101e-05 2.32727168e-03 -5.10278516e+00
1736             8.27556943e-04 1.50769444e+00 -1.45375983e+01 8.76043930e-04 1.50536913e+00 -9.43496383e+00 -4.84869865e-05 2.32531223e-03 -5.10263450e+00
1737             3.30708369e-03 1.51069397e+00 -1.45377310e+01 3.33043170e-03 1.50836373e+00 -9.43527676e+00 -2.33480092e-05 2.33024518e-03 -5.10245423e+00
1738             3.59247044e-03 1.51530354e+00 -1.45374398e+01 3.60367457e-03 1.51296104e+00 -9.43516571e+00 -1.12041322e-05 2.34250418e-03 -5.10227409e+00
1739             1.85849940e-03 1.52275247e+00 -1.45369055e+01 1.87045676e-03 1.52039034e+00 -9.43478737e+00 -1.19573587e-05 2.36213378e-03 -5.10211810e+00
1740             -2.79954399e-04 1.53234303e+00 -1.45361189e+01 -2.58452826e-04 1.52995851e+00 -9.43411031e+00 -2.15015731e-05 2.38451802e-03 -5.10200862e+00
1741             -8.13011166e-04 1.54225801e+00 -1.45357064e+01 -7.72959590e-04 1.53984824e+00 -9.43374590e+00 -4.00515764e-05 2.40976473e-03 -5.10196051e+00
1742             8.75386705e-04 1.55088404e+00 -1.45354596e+01 9.41444673e-04 1.54844899e+00 -9.43348252e+00 -6.60579681e-05 2.43504335e-03 -5.10197705e+00
1743             3.88898031e-03 1.55740251e+00 -1.45356297e+01 3.98583973e-03 1.55493961e+00 -9.43357446e+00 -9.68594162e-05 2.46289969e-03 -5.10205528e+00
1744             6.94876625e-03 1.56165867e+00 -1.45361345e+01 7.07881153e-03 1.55917126e+00 -9.43394951e+00 -1.30045285e-04 2.48740092e-03 -5.10218499e+00
1745             1.11595104e-02 1.56428937e+00 -1.45364878e+01 1.13243575e-02 1.56178833e+00 -9.43414273e+00 -1.64847151e-04 2.50103902e-03 -5.10234507e+00
1746             1.70426019e-02 1.56392617e+00 -1.45362389e+01 1.72377386e-02 1.56143043e+00 -9.43372626e+00 -1.95136719e-04 2.49573941e-03 -5.10251269e+00
1747             2.47702957e-02 1.55897087e+00 -1.45358478e+01 2.49850527e-02 1.55649878e+00 -9.43317866e+00 -2.14756979e-04 2.47208322e-03 -5.10266911e+00
1748             3.13549390e-02 1.55009785e+00 -1.45355162e+01 3.15738834e-02 1.54765804e+00 -9.43273583e+00 -2.18944392e-04 2.43980953e-03 -5.10278037e+00
1749             3.45693399e-02 1.54054194e+00 -1.45357160e+01 3.47856372e-02 1.53814072e+00 -9.43288916e+00 -2.16297366e-04 2.40121827e-03 -5.10282682e+00
1750             3.42922428e-02 1.53294525e+00 -1.45364521e+01 3.45056004e-02 1.53058015e+00 -9.43363936e+00 -2.13357670e-04 2.36510038e-03 -5.10281273e+00
1751             3.29877750e-02 1.52730645e+00 -1.45370843e+01 3.31955018e-02 1.52496490e+00 -9.43434613e+00 -2.07726738e-04 2.34155216e-03 -5.10273817e+00
1752             3.20473774e-02 1.52217168e+00 -1.45373020e+01 3.22449313e-02 1.51983802e+00 -9.43469658e+00 -1.97553920e-04 2.33366084e-03 -5.10260542e+00
1753             3.16994175e-02 1.51638855e+00 -1.45371790e+01 3.18808676e-02 1.51405507e+00 -9.43473940e+00 -1.81450094e-04 2.33347628e-03 -5.10243956e+00
1754             3.01062000e-02 1.51019876e+00 -1.45368744e+01 3.02661677e-02 1.50785550e+00 -9.43461473e+00 -1.59967775e-04 2.34326056e-03 -5.10225970e+00
1755             2.67333062e-02 1.50509859e+00 -1.45367627e+01 2.68694502e-02 1.50273914e+00 -9.43466816e+00 -1.36144044e-04 2.35944581e-03 -5.10209449e+00
1756             2.25098592e-02 1.50163212e+00 -1.45365936e+01 2.26239754e-02 1.49925697e+00 -9.43462169e+00 -1.14116270e-04 2.37515070e-03 -5.10197192e+00
1757             1.89277827e-02 1.49930168e+00 -1.45367734e+01 1.90255288e-02 1.49691547e+00 -9.43486328e+00 -9.77461774e-05 2.38620976e-03 -5.10191014e+00
1758             1.57572358e-02 1.49631865e+00 -1.45372164e+01 1.58455532e-02 1.49392695e+00 -9.43529896e+00 -8.83173856e-05 2.39169983e-03 -5.10191741e+00
1759             1.23344732e-02 1.49335655e+00 -1.45379366e+01 1.24216784e-02 1.49096384e+00 -9.43594616e+00 -8.72052745e-05 2.39271491e-03 -5.10199040e+00
1760             7.21851850e-03 1.49190188e+00 -1.45385614e+01 7.31368208e-03 1.48951728e+00 -9.43643610e+00 -9.51635793e-05 2.38459323e-03 -5.10212528e+00
1761             2.06831160e-03 1.49487388e+00 -1.45387640e+01 2.17468501e-03 1.49249953e+00 -9.43646766e+00 -1.06373408e-04 2.37435822e-03 -5.10229631e+00
1762             -1.97210398e-03 1.50138394e+00 -1.45382021e+01 -1.85548979e-03 1.49901604e+00 -9.43573274e+00 -1.16614197e-04 2.36789332e-03 -5.10246935e+00
1763             -4.79771466e-03 1.50947226e+00 -1.45374969e+01 -4.67304422e-03 1.50710786e+00 -9.43487344e+00 -1.24670436e-04 2.36439090e-03 -5.10262341e+00
1764             -7.74292214e-03 1.51726876e+00 -1.45367874e+01 -7.61396724e-03 1.51491109e+00 -9.43404482e+00 -1.28954892e-04 2.35767391e-03 -5.10274258e+00
1765             -1.00930586e-02 1.52426743e+00 -1.45363126e+01 -9.96619300e-03 1.52192242e+00 -9.43350325e+00 -1.26865648e-04 2.34500994e-03 -5.10280932e+00
1766             -1.05176283e-02 1.53048140e+00 -1.45361212e+01 -1.04022469e-02 1.52815066e+00 -9.43330315e+00 -1.15381396e-04 2.33074297e-03 -5.10281807e+00
1767             -8.18389523e-03 1.53507971e+00 -1.45357564e+01 -8.08623861e-03 1.53276073e+00 -9.43299011e+00 -9.76566157e-05 2.31897353e-03 -5.10276633e+00
1768             -4.48216792e-03 1.53810884e+00 -1.45351667e+01 -4.40114606e-03 1.53579929e+00 -9.43250251e+00 -8.10218522e-05 2.30954079e-03 -5.10266417e+00
1769             -8.13422494e-04 1.53978457e+00 -1.45348141e+01 -7.41460643e-04 1.53747910e+00 -9.43228540e+00 -7.19618512e-05 2.30546317e-03 -5.10252869e+00
1770             1.16774981e-03 1.54022125e+00 -1.45343819e+01 1.24045256e-03 1.53790560e+00 -9.43200861e+00 -7.27027478e-05 2.31564994e-03 -5.10237329e+00
1771             1.43522038e-03 1.54107475e+00 -1.45340156e+01 1.52216156e-03 1.53874024e+00 -9.43179218e+00 -8.69411810e-05 2.33450756e-03 -5.10222341e+00
1772             1.52975224e-03 1.54358093e+00 -1.45334138e+01 1.63746455e-03 1.54122059e+00 -9.43130307e+00 -1.07712309e-04 2.36034569e-03 -5.10211070e+00
1773             2.02606515e-03 1.54691176e+00 -1.45330676e+01 2.15541494e-03 1.54451731e+00 -9.43102081e+00 -1.29349789e-04 2.39445564e-03 -5.10204678e+00
1774             4.01453751e-03 1.54961155e+00 -1.45333138e+01 4.16427393e-03 1.54718085e+00 -9.43127956e+00 -1.49736427e-04 2.43069423e-03 -5.10203428e+00
1775             6.96751147e-03 1.55064196e+00 -1.45345057e+01 7.13259228e-03 1.54817744e+00 -9.43242760e+00 -1.65080816e-04 2.46452016e-03 -5.10207813e+00
1776             1.05063477e-02 1.54974645e+00 -1.45362166e+01 1.06848858e-02 1.54725286e+00 -9.43404690e+00 -1.78538137e-04 2.49359176e-03 -5.10216967e+00
1777             1.46563925e-02 1.54775915e+00 -1.45376638e+01 1.48482591e-02 1.54524352e+00 -9.43537339e+00 -1.91866629e-04 2.51562991e-03 -5.10229037e+00
1778             1.95596104e-02 1.54396349e+00 -1.45382139e+01 1.97605734e-02 1.54143831e+00 -9.43579183e+00 -2.00963061e-04 2.52518586e-03 -5.10242205e+00
1779             2.57527777e-02 1.53786650e+00 -1.45386189e+01 2.59548715e-02 1.53535145e+00 -9.43606752e+00 -2.02093838e-04 2.51504238e-03 -5.10255136e+00
1780             3.10090729e-02 1.52960208e+00 -1.45390588e+01 3.12023660e-02 1.52711658e+00 -9.43639639e+00 -1.93293166e-04 2.48549686e-03 -5.10266236e+00
1781             3.30302224e-02 1.52246281e+00 -1.45395542e+01 3.32056002e-02 1.52001364e+00 -9.43682427e+00 -1.75377718e-04 2.44916296e-03 -5.10272991e+00
1782             3.25290340e-02 1.51851693e+00 -1.45402305e+01 3.26869340e-02 1.51610735e+00 -9.43748664e+00 -1.57899994e-04 2.40957860e-03 -5.10274384e+00
1783             3.11279206e-02 1.51707255e+00 -1.45405924e+01 3.12703025e-02 1.51469726e+00 -9.43788891e+00 -1.42381841e-04 2.37528906e-03 -5.10270350e+00
1784             2.94158724e-02 1.51660640e+00 -1.45403813e+01 2.95447136e-02 1.51425967e+00 -9.43776800e+00 -1.28841201e-04 2.34673253e-03 -5.10261326e+00
1785             2.76521667e-02 1.51554428e+00 -1.45398679e+01 2.77689939e-02 1.51322164e+00 -9.43738215e+00 -1.16827203e-04 2.32264254e-03 -5.10248575e+00
1786             2.49477380e-02 1.51396353e+00 -1.45389598e+01 2.50548920e-02 1.51166282e+00 -9.43661584e+00 -1.07153940e-04 2.30070705e-03 -5.10234396e+00
1787             2.15741462e-02 1.51297494e+00 -1.45380298e+01 2.16739455e-02 1.51069183e+00 -9.43581830e+00 -9.97993403e-05 2.28311024e-03 -5.10221154e+00
1788             1.87737735e-02 1.51315913e+00 -1.45368906e+01 1.88728267e-02 1.51088512e+00 -9.43477742e+00 -9.90532529e-05 2.27400918e-03 -5.10211318e+00
1789             1.62876887e-02 1.51361781e+00 -1.45359116e+01 1.63913916e-02 1.51135210e+00 -9.43384378e+00 -1.03702926e-04 2.26571200e-03 -5.10206782e+00
1790             1.41124376e-02 1.51343383e+00 -1.45352268e+01 1.42275813e-02 1.51117381e+00 -9.43314579e+00 -1.15143762e-04 2.26001616e-03 -5.10208102e+00
1791             1.17817317e-02 1.51263657e+00 -1.45351984e+01 1.19149144e-02 1.51037406e+00 -9.43305213e+00 -1.33182659e-04 2.26251493e-03 -5.10214626e+00
1792             8.90950560e-03 1.51176391e+00 -1.45356738e+01 9.06373185e-03 1.50948530e+00 -9.43342649e+00 -1.54226246e-04 2.27861442e-03 -5.10224729e+00
1793             6.11770437e-03 1.51242943e+00 -1.45360185e+01 6.29234421e-03 1.51012540e+00 -9.43365420e+00 -1.74639838e-04 2.30403671e-03 -5.10236434e+00
1794             3.87066715e-03 1.51555743e+00 -1.45356631e+01 4.06033170e-03 1.51322234e+00 -9.43317431e+00 -1.89664554e-04 2.33508835e-03 -5.10248883e+00
1795             1.48930170e-03 1.52004962e+00 -1.45353170e+01 1.68479254e-03 1.51767740e+00 -9.43270875e+00 -1.95490841e-04 2.37222211e-03 -5.10260826e+00
1796             -1.56196630e-03 1.52311855e+00 -1.45351525e+01 -1.37202101e-03 1.52070838e+00 -9.43245112e+00 -1.89945290e-04 2.41017918e-03 -5.10270137e+00
1797             -4.48057317e-03 1.52433512e+00 -1.45353414e+01 -4.30825170e-03 1.52189453e+00 -9.43258828e+00 -1.72321468e-04 2.44059227e-03 -5.10275312e+00
1798             -5.33326475e-03 1.52465324e+00 -1.45357148e+01 -5.18964676e-03 1.52219162e+00 -9.43295919e+00 -1.43617990e-04 2.46161694e-03 -5.10275562e+00
1799             -4.06150081e-03 1.52332314e+00 -1.45360787e+01 -3.95237655e-03 1.52084613e+00 -9.43336918e+00 -1.09124260e-04 2.47701066e-03 -5.10270954e+00
1800             -1.67348389e-03 1.52010743e+00 -1.45362445e+01 -1.59711253e-03 1.51762133e+00 -9.43362349e+00 -7.63713538e-05 2.48609825e-03 -5.10262097e+00
1801             2.15415503e-04 1.51605990e+00 -1.45368479e+01 2.65947157e-04 1.51357177e+00 -9.43434885e+00 -5.05316548e-05 2.48812281e-03 -5.10249909e+00
1802             3.10436321e-04 1.51211130e+00 -1.45372282e+01 3.48443435e-04 1.50962706e+00 -9.43486693e+00 -3.80071133e-05 2.48424659e-03 -5.10236122e+00
1803             -8.98095181e-04 1.51042093e+00 -1.45374048e+01 -8.59760965e-04 1.50794410e+00 -9.43517503e+00 -3.83342162e-05 2.47682881e-03 -5.10222981e+00
1804             -1.71142674e-03 1.51260721e+00 -1.45368632e+01 -1.66404999e-03 1.51014458e+00 -9.43473104e+00 -4.73767481e-05 2.46263051e-03 -5.10213221e+00
1805             -2.18236061e-03 1.51742782e+00 -1.45360377e+01 -2.11841288e-03 1.51498321e+00 -9.43395518e+00 -6.39477361e-05 2.44461197e-03 -5.10208252e+00
1806             -1.52942531e-03 1.52393958e+00 -1.45356578e+01 -1.44090854e-03 1.52151726e+00 -9.43357193e+00 -8.85167724e-05 2.42232555e-03 -5.10208591e+00
1807             2.72099636e-04 1.53089976e+00 -1.45363011e+01 3.88231101e-04 1.52850046e+00 -9.43416231e+00 -1.16131465e-04 2.39930072e-03 -5.10213875e+00
1808             3.91751076e-03 1.53758323e+00 -1.45374180e+01 4.06373577e-03 1.53520742e+00 -9.43518305e+00 -1.46225010e-04 2.37580358e-03 -5.10223498e+00
1809             8.52565886e-03 1.54450356e+00 -1.45383100e+01 8.70299553e-03 1.54215100e+00 -9.43594913e+00 -1.77336665e-04 2.35255821e-03 -5.10236092e+00
1810             1.45598260e-02 1.55089415e+00 -1.45382621e+01 1.47643381e-02 1.54856081e+00 -9.43576172e+00 -2.04512059e-04 2.33334148e-03 -5.10250040e+00
1811             2.16056985e-02 1.55552071e+00 -1.45379948e+01 2.18254345e-02 1.55320400e+00 -9.43536445e+00 -2.19735993e-04 2.31670701e-03 -5.10263038e+00
1812             2.81931768e-02 1.55709884e+00 -1.45376241e+01 2.84159051e-02 1.55479633e+00 -9.43488793e+00 -2.22728276e-04 2.30251256e-03 -5.10273617e+00
1813             3.20360103e-02 1.55736887e+00 -1.45372795e+01 3.22494352e-02 1.55507039e+00 -9.43448206e+00 -2.13424882e-04 2.29848561e-03 -5.10279745e+00
1814             3.40491382e-02 1.55752330e+00 -1.45372583e+01 3.42464138e-02 1.55521287e+00 -9.43446083e+00 -1.97275667e-04 2.31042827e-03 -5.10279746e+00
1815             3.44972808e-02 1.55682920e+00 -1.45374425e+01 3.46808928e-02 1.55449427e+00 -9.43470366e+00 -1.83612017e-04 2.33493623e-03 -5.10273881e+00
1816             3.36346644e-02 1.55402946e+00 -1.45373934e+01 3.38082157e-02 1.55165968e+00 -9.43475789e+00 -1.73551344e-04 2.36977072e-03 -5.10263550e+00
1817             3.15026092e-02 1.54794589e+00 -1.45375554e+01 3.16657382e-02 1.54553697e+00 -9.43505774e+00 -1.63128952e-04 2.40891335e-03 -5.10249768e+00
1818             2.82823679e-02 1.53821819e+00 -1.45375014e+01 2.84332234e-02 1.53577275e+00 -9.43516262e+00 -1.50855472e-04 2.44543391e-03 -5.10233880e+00
1819             2.48137889e-02 1.52620873e+00 -1.45372196e+01 2.49510874e-02 1.52373535e+00 -9.43503137e+00 -1.37298500e-04 2.47337844e-03 -5.10218824e+00
1820             2.20111030e-02 1.51367392e+00 -1.45364719e+01 2.21393047e-02 1.51118261e+00 -9.43440183e+00 -1.28201724e-04 2.49130570e-03 -5.10207002e+00
1821             1.86552314e-02 1.50046757e+00 -1.45356621e+01 1.87787898e-02 1.49797069e+00 -9.43365837e+00 -1.23558379e-04 2.49687775e-03 -5.10200373e+00
1822             1.53905916e-02 1.48701499e+00 -1.45353642e+01 1.55158582e-02 1.48452659e+00 -9.43336919e+00 -1.25266553e-04 2.48840434e-03 -5.10199505e+00
1823             1.19723480e-02 1.47414368e+00 -1.45362067e+01 1.21044033e-02 1.47167812e+00 -9.43415925e+00 -1.32055292e-04 2.46555460e-03 -5.10204741e+00
1824             8.79357979e-03 1.46379349e+00 -1.45376844e+01 8.93692491e-03 1.46136093e+00 -9.43553230e+00 -1.43345114e-04 2.43256185e-03 -5.10215205e+00
1825             5.38890877e-03 1.45841621e+00 -1.45387823e+01 5.54258044e-03 1.45601750e+00 -9.43649465e+00 -1.53671675e-04 2.39870822e-03 -5.10228764e+00
1826             2.47804742e-03 1.46074240e+00 -1.45387365e+01 2.63669251e-03 1.45837791e+00 -9.43629764e+00 -1.58645086e-04 2.36449047e-03 -5.10243891e+00
1827             -7.86366478e-04 1.46889153e+00 -1.45382845e+01 -6.29672047e-04 1.46655645e+00 -9.43569478e+00 -1.56694430e-04 2.33508235e-03 -5.10258976e+00
1828             -4.26879151e-03 1.47928506e+00 -1.45377268e+01 -4.11886120e-03 1.47697475e+00 -9.43500543e+00 -1.49930311e-04 2.31031248e-03 -5.10272134e+00
1829             -7.67189451e-03 1.49132471e+00 -1.45373826e+01 -7.53488246e-03 1.48903549e+00 -9.43456474e+00 -1.37012053e-04 2.28922679e-03 -5.10281788e+00
1830             -8.65872165e-03 1.50532516e+00 -1.45370107e+01 -8.54192328e-03 1.50305126e+00 -9.43414557e+00 -1.16798367e-04 2.27390120e-03 -5.10286514e+00
1831             -7.63378043e-03 1.52021057e+00 -1.45367907e+01 -7.54216351e-03 1.51794038e+00 -9.43393620e+00 -9.16169246e-05 2.27019371e-03 -5.10285453e+00
1832             -5.50257605e-03 1.53394902e+00 -1.45363860e+01 -5.43785220e-03 1.53166770e+00 -9.43360032e+00 -6.47238481e-05 2.28132536e-03 -5.10278563e+00
1833             -3.48765030e-03 1.54549566e+00 -1.45363123e+01 -3.44510515e-03 1.54318786e+00 -9.43364526e+00 -4.25451431e-05 2.30779988e-03 -5.10266703e+00
1834             -2.45495817e-03 1.55460271e+00 -1.45358831e+01 -2.41832836e-03 1.55225518e+00 -9.43336692e+00 -3.66298061e-05 2.34753037e-03 -5.10251617e+00
1835             -2.38818469e-03 1.56137985e+00 -1.45350011e+01 -2.34329001e-03 1.55898297e+00 -9.43264209e+00 -4.48946731e-05 2.39688193e-03 -5.10235902e+00
1836             -2.43341602e-03 1.56657605e+00 -1.45335532e+01 -2.37056180e-03 1.56412294e+00 -9.43134199e+00 -6.28542187e-05 2.45310541e-03 -5.10221125e+00
1837             -2.10088553e-03 1.57000317e+00 -1.45321872e+01 -2.00950960e-03 1.56749844e+00 -9.43008923e+00 -9.13759311e-05 2.50473007e-03 -5.10209796e+00
1838             -1.30854259e-03 1.57105327e+00 -1.45318004e+01 -1.18041175e-03 1.56850581e+00 -9.42975552e+00 -1.28130844e-04 2.54746320e-03 -5.10204491e+00
1839             1.00052220e-03 1.56824739e+00 -1.45327730e+01 1.16605011e-03 1.56567087e+00 -9.43072377e+00 -1.65527912e-04 2.57652102e-03 -5.10204922e+00
1840             5.47837655e-03 1.56100941e+00 -1.45342999e+01 5.67745290e-03 1.55841924e+00 -9.43219715e+00 -1.99076348e-04 2.59017556e-03 -5.10210277e+00
1841             1.06639968e-02 1.55106394e+00 -1.45357796e+01 1.08886859e-02 1.54848043e+00 -9.43358280e+00 -2.24689159e-04 2.58350249e-03 -5.10219677e+00
1842             1.66375026e-02 1.54056437e+00 -1.45365248e+01 1.68806607e-02 1.53800408e+00 -9.43421024e+00 -2.43158070e-04 2.56028211e-03 -5.10231451e+00
1843             2.26194588e-02 1.52927000e+00 -1.45370471e+01 2.28692194e-02 1.52674819e+00 -9.43460483e+00 -2.49760631e-04 2.52181049e-03 -5.10244230e+00
1844             2.84896319e-02 1.51687475e+00 -1.45375503e+01 2.87307586e-02 1.51440560e+00 -9.43498198e+00 -2.41126742e-04 2.46915430e-03 -5.10256829e+00
1845             3.29644686e-02 1.50584956e+00 -1.45383649e+01 3.31810257e-02 1.50344086e+00 -9.43569191e+00 -2.16557020e-04 2.40869456e-03 -5.10267295e+00
1846             3.58724013e-02 1.49910948e+00 -1.45392694e+01 3.60564255e-02 1.49675957e+00 -9.43653125e+00 -1.84024129e-04 2.34991062e-03 -5.10273815e+00
1847             3.61460413e-02 1.49786193e+00 -1.45403134e+01 3.62989660e-02 1.49555982e+00 -9.43755746e+00 -1.52924703e-04 2.30211031e-03 -5.10275589e+00
1848             3.39197235e-02 1.50054981e+00 -1.45407290e+01 3.40462364e-02 1.49828054e+00 -9.43800410e+00 -1.26512878e-04 2.26926815e-03 -5.10272487e+00
1849             3.00507116e-02 1.50509174e+00 -1.45411103e+01 3.01565935e-02 1.50284096e+00 -9.43846257e+00 -1.05881872e-04 2.25077542e-03 -5.10264773e+00
1850             2.60298878e-02 1.50921488e+00 -1.45410005e+01 2.61199916e-02 1.50697152e+00 -9.43846981e+00 -9.01037383e-05 2.24335818e-03 -5.10253074e+00
1851             2.24394222e-02 1.51308913e+00 -1.45402880e+01 2.25185583e-02 1.51084260e+00 -9.43789245e+00 -7.91360713e-05 2.24652109e-03 -5.10239554e+00
1852             1.87195285e-02 1.51735605e+00 -1.45388981e+01 1.87944962e-02 1.51509519e+00 -9.43663289e+00 -7.49676954e-05 2.26086500e-03 -5.10226518e+00
1853             1.46318486e-02 1.52098528e+00 -1.45372588e+01 1.47109824e-02 1.51870243e+00 -9.43509138e+00 -7.91338264e-05 2.28285792e-03 -5.10216743e+00
1854             1.09658746e-02 1.52307395e+00 -1.45358804e+01 1.10569955e-02 1.52076920e+00 -9.43376215e+00 -9.11209043e-05 2.30474907e-03 -5.10211826e+00
1855             7.86566129e-03 1.52234365e+00 -1.45354280e+01 7.97733456e-03 1.52001307e+00 -9.43331058e+00 -1.11673269e-04 2.33058317e-03 -5.10211741e+00
1856             5.52329428e-03 1.51956904e+00 -1.45354340e+01 5.66325320e-03 1.51720870e+00 -9.43327469e+00 -1.39958922e-04 2.36034036e-03 -5.10215929e+00
1857             3.41844316e-03 1.51626223e+00 -1.45353492e+01 3.58481361e-03 1.51386570e+00 -9.43311478e+00 -1.66370450e-04 2.39653093e-03 -5.10223446e+00
1858             1.56971187e-03 1.51453102e+00 -1.45346827e+01 1.75647050e-03 1.51209856e+00 -9.43235447e+00 -1.86758630e-04 2.43246060e-03 -5.10232818e+00
1859             -8.87509020e-04 1.51349963e+00 -1.45339324e+01 -6.87130363e-04 1.51103653e+00 -9.43149814e+00 -2.00378658e-04 2.46309990e-03 -5.10243430e+00
1860             -3.80434559e-03 1.51150533e+00 -1.45334784e+01 -3.59812945e-03 1.50901855e+00 -9.43093349e+00 -2.06216148e-04 2.48677884e-03 -5.10254492e+00
1861             -6.12380045e-03 1.50817924e+00 -1.45334539e+01 -5.92298821e-03 1.50567801e+00 -9.43081546e+00 -2.00812241e-04 2.50123003e-03 -5.10263842e+00
1862             -6.30920116e-03 1.50472973e+00 -1.45334618e+01 -6.12703541e-03 1.50223057e+00 -9.43076085e+00 -1.82165753e-04 2.49916579e-03 -5.10270095e+00
1863             -4.79546218e-03 1.50240975e+00 -1.45338571e+01 -4.64517505e-03 1.49992473e+00 -9.43113110e+00 -1.50287134e-04 2.48501935e-03 -5.10272596e+00
1864             -3.26701416e-03 1.50049423e+00 -1.45343850e+01 -3.15423691e-03 1.49802647e+00 -9.43168154e+00 -1.12777253e-04 2.46776686e-03 -5.10270345e+00
1865             -2.09264756e-03 1.49939043e+00 -1.45353228e+01 -2.01563707e-03 1.49693963e+00 -9.43268868e+00 -7.70104895e-05 2.45079859e-03 -5.10263414e+00
1866             -1.20693388e-03 1.49971619e+00 -1.45363055e+01 -1.15515488e-03 1.49728272e+00 -9.43377525e+00 -5.17789946e-05 2.43346473e-03 -5.10253026e+00
1867             -7.78364403e-04 1.50205695e+00 -1.45369143e+01 -7.38053839e-04 1.49963636e+00 -9.43450265e+00 -4.03105639e-05 2.42058706e-03 -5.10241164e+00
1868             -1.32268469e-03 1.50840701e+00 -1.45366877e+01 -1.27798737e-03 1.50599335e+00 -9.43439092e+00 -4.46973116e-05 2.41365352e-03 -5.10229682e+00
1869             -2.13277640e-03 1.51946643e+00 -1.45359048e+01 -2.07347263e-03 1.51705566e+00 -9.43369699e+00 -5.93037690e-05 2.41077561e-03 -5.10220784e+00
1870             -3.09372200e-03 1.53247589e+00 -1.45355444e+01 -3.01227624e-03 1.53006530e+00 -9.43338617e+00 -8.14457619e-05 2.41059636e-03 -5.10215819e+00
1871             -2.13585731e-03 1.54438304e+00 -1.45361842e+01 -2.02476006e-03 1.54197896e+00 -9.43403556e+00 -1.11097256e-04 2.40408186e-03 -5.10214863e+00
1872             1.18505344e-03 1.55359765e+00 -1.45371862e+01 1.32484054e-03 1.55120508e+00 -9.43500924e+00 -1.39787104e-04 2.39257153e-03 -5.10217693e+00
1873             6.02869474e-03 1.56031263e+00 -1.45381725e+01 6.19326868e-03 1.55793462e+00 -9.43593243e+00 -1.64573941e-04 2.37800916e-03 -5.10224008e+00
1874             1.11803370e-02 1.56594372e+00 -1.45385455e+01 1.13685406e-02 1.56357974e+00 -9.43622021e+00 -1.88203530e-04 2.36398578e-03 -5.10232530e+00
1875             1.61560029e-02 1.56871674e+00 -1.45383327e+01 1.63615514e-02 1.56636356e+00 -9.43591051e+00 -2.05548586e-04 2.35317225e-03 -5.10242220e+00
1876             2.17064998e-02 1.56793992e+00 -1.45377286e+01 2.19169392e-02 1.56559798e+00 -9.43520522e+00 -2.10439410e-04 2.34194025e-03 -5.10252334e+00
1877             2.77096166e-02 1.56420711e+00 -1.45371603e+01 2.79125181e-02 1.56187615e+00 -9.43454461e+00 -2.02901533e-04 2.33095218e-03 -5.10261566e+00
1878             3.23702910e-02 1.55960640e+00 -1.45364687e+01 3.25571189e-02 1.55728204e+00 -9.43378838e+00 -1.86827909e-04 2.32436472e-03 -5.10268033e+00
1879             3.45537078e-02 1.55492591e+00 -1.45363340e+01 3.47229325e-02 1.55259577e+00 -9.43363352e+00 -1.69224654e-04 2.33013685e-03 -5.10270053e+00
1880             3.36198986e-02 1.54916030e+00 -1.45363962e+01 3.37756393e-02 1.54681647e+00 -9.43372835e+00 -1.55740746e-04 2.34383346e-03 -5.10266783e+00
1881             3.04081052e-02 1.54159714e+00 -1.45369027e+01 3.05572846e-02 1.53923836e+00 -9.43430778e+00 -1.49179470e-04 2.35878477e-03 -5.10259492e+00
1882             2.71164154e-02 1.53138230e+00 -1.45372373e+01 2.72632175e-02 1.52900912e+00 -9.43474414e+00 -1.46802127e-04 2.37318230e-03 -5.10249313e+00
1883             2.47937213e-02 1.51915802e+00 -1.45369953e+01 2.49372965e-02 1.51677422e+00 -9.43462421e+00 -1.43575104e-04 2.38380014e-03 -5.10237110e+00
1884             2.21767016e-02 1.50688339e+00 -1.45361493e+01 2.23142962e-02 1.50449734e+00 -9.43389600e+00 -1.37594606e-04 2.38605316e-03 -5.10225328e+00
1885             1.91210803e-02 1.49567371e+00 -1.45350433e+01 1.92548370e-02 1.49329202e+00 -9.43288331e+00 -1.33756694e-04 2.38169063e-03 -5.10216004e+00
1886             1.54069202e-02 1.48524250e+00 -1.45344114e+01 1.55424027e-02 1.48286931e+00 -9.43230455e+00 -1.35482501e-04 2.37318666e-03 -5.10210688e+00
1887             1.20195902e-02 1.47582442e+00 -1.45350512e+01 1.21613958e-02 1.47345888e+00 -9.43295425e+00 -1.41805654e-04 2.36554278e-03 -5.10209698e+00
1888             9.77596441e-03 1.46867506e+00 -1.45363504e+01 9.92708041e-03 1.46631359e+00 -9.43422706e+00 -1.51116003e-04 2.36146672e-03 -5.10212331e+00
1889             7.99971816e-03 1.46532858e+00 -1.45376731e+01 8.16036221e-03 1.46296996e+00 -9.43548537e+00 -1.60644044e-04 2.35862682e-03 -5.10218778e+00
1890             4.88964590e-03 1.46728416e+00 -1.45381686e+01 5.05293151e-03 1.46492413e+00 -9.43589159e+00 -1.63285607e-04 2.36003817e-03 -5.10227696e+00
1891             6.71431154e-04 1.47419082e+00 -1.45379504e+01 8.29226113e-04 1.47182864e+00 -9.43556378e+00 -1.57794958e-04 2.36217825e-03 -5.10238666e+00
1892             -4.04488763e-03 1.48373512e+00 -1.45374270e+01 -3.89989315e-03 1.48136728e+00 -9.43492542e+00 -1.44994482e-04 2.36784099e-03 -5.10250158e+00
1893             -7.19068293e-03 1.49360897e+00 -1.45369356e+01 -7.06365345e-03 1.49123744e+00 -9.43432686e+00 -1.27029484e-04 2.37152719e-03 -5.10260875e+00
1894             -8.96904713e-03 1.50364545e+00 -1.45363431e+01 -8.86422731e-03 1.50127185e+00 -9.43365871e+00 -1.04819824e-04 2.37360119e-03 -5.10268438e+00
1895             -9.51682125e-03 1.51481740e+00 -1.45361168e+01 -9.43834647e-03 1.51244481e+00 -9.43339470e+00 -7.84747770e-05 2.37259868e-03 -5.10272206e+00
1896             -9.73419084e-03 1.52615934e+00 -1.45359647e+01 -9.68140961e-03 1.52378201e+00 -9.43325673e+00 -5.27812299e-05 2.37733425e-03 -5.10270802e+00
1897             -9.42047307e-03 1.53633075e+00 -1.45358558e+01 -9.38707682e-03 1.53393989e+00 -9.43321220e+00 -3.33962500e-05 2.39085575e-03 -5.10264363e+00
1898             -8.44079118e-03 1.54472188e+00 -1.45356619e+01 -8.41619280e-03 1.54231315e+00 -9.43312232e+00 -2.45983763e-05 2.40873512e-03 -5.10253954e+00
1899             -7.38444364e-03 1.55112289e+00 -1.45349056e+01 -7.35112830e-03 1.54869376e+00 -9.43248990e+00 -3.33153413e-05 2.42912641e-03 -5.10241569e+00
1900             -6.58882640e-03 1.55758071e+00 -1.45335696e+01 -6.52843414e-03 1.55513321e+00 -9.43127657e+00 -6.03922571e-05 2.44749994e-03 -5.10229307e+00
1901             -6.05159507e-03 1.56422329e+00 -1.45321278e+01 -5.95556517e-03 1.56175418e+00 -9.42993814e+00 -9.60299045e-05 2.46910444e-03 -5.10218967e+00
1902             -5.51968405e-03 1.56853358e+00 -1.45314041e+01 -5.38243720e-03 1.56605120e+00 -9.42928955e+00 -1.37246849e-04 2.48238113e-03 -5.10211457e+00
1903             -3.09015203e-03 1.56940022e+00 -1.45319893e+01 -2.90660945e-03 1.56691970e+00 -9.42990511e+00 -1.83542574e-04 2.48052031e-03 -5.10208421e+00
1904             1.41871039e-03 1.56684097e+00 -1.45332628e+01 1.64194072e-03 1.56437675e+00 -9.43116558e+00 -2.23230331e-04 2.46422210e-03 -5.10209726e+00
1905             7.75200673e-03 1.56138134e+00 -1.45348379e+01 8.00341019e-03 1.55894123e+00 -9.43269093e+00 -2.51403462e-04 2.44010281e-03 -5.10214693e+00
1906             1.36246964e-02 1.55496218e+00 -1.45361303e+01 1.38932620e-02 1.55255540e+00 -9.43390503e+00 -2.68565556e-04 2.40678129e-03 -5.10222524e+00
1907             1.88992967e-02 1.54824449e+00 -1.45368983e+01 1.91713598e-02 1.54587087e+00 -9.43457538e+00 -2.72063062e-04 2.37361884e-03 -5.10232292e+00
1908             2.44519504e-02 1.54098013e+00 -1.45374414e+01 2.47107017e-02 1.53863421e+00 -9.43501631e+00 -2.58751313e-04 2.34592578e-03 -5.10242509e+00
1909             3.12119748e-02 1.53253130e+00 -1.45380661e+01 3.14405899e-02 1.53020943e+00 -9.43554128e+00 -2.28615108e-04 2.32187046e-03 -5.10252482e+00
1910             3.61767128e-02 1.52493108e+00 -1.45385055e+01 3.63629979e-02 1.52262845e+00 -9.43590124e+00 -1.86285122e-04 2.30263115e-03 -5.10260428e+00
1911             3.76936019e-02 1.52049643e+00 -1.45394049e+01 3.78380441e-02 1.51820404e+00 -9.43675269e+00 -1.44442174e-04 2.29239796e-03 -5.10265225e+00
1912             3.47995722e-02 1.51914753e+00 -1.45403922e+01 3.49096554e-02 1.51685190e+00 -9.43773788e+00 -1.10083201e-04 2.29563688e-03 -5.10265434e+00
1913             2.93549802e-02 1.51909125e+00 -1.45412265e+01 2.94403245e-02 1.51678320e+00 -9.43861740e+00 -8.53443779e-05 2.30804967e-03 -5.10260911e+00
1914             2.42255257e-02 1.51821954e+00 -1.45415329e+01 2.42970784e-02 1.51589514e+00 -9.43900774e+00 -7.15527577e-05 2.32439859e-03 -5.10252515e+00
1915             2.04579744e-02 1.51581651e+00 -1.45409630e+01 2.05240485e-02 1.51347672e+00 -9.43854982e+00 -6.60740713e-05 2.33979766e-03 -5.10241322e+00
1916             1.65771846e-02 1.51269000e+00 -1.45395223e+01 1.66425777e-02 1.51033559e+00 -9.43723395e+00 -6.53930814e-05 2.35440493e-03 -5.10228835e+00
1917             1.24856386e-02 1.51036281e+00 -1.45376847e+01 1.25605575e-02 1.50799952e+00 -9.43550859e+00 -7.49189420e-05 2.36328971e-03 -5.10217615e+00
1918             7.98077676e-03 1.50785510e+00 -1.45360764e+01 8.07609118e-03 1.50549096e+00 -9.43397646e+00 -9.53144182e-05 2.36413416e-03 -5.10209998e+00
1919             4.99011002e-03 1.50463330e+00 -1.45353382e+01 5.11242495e-03 1.50227079e+00 -9.43326915e+00 -1.22314923e-04 2.36250619e-03 -5.10206904e+00
1920             4.03974959e-03 1.50082380e+00 -1.45351367e+01 4.19299754e-03 1.49846111e+00 -9.43305537e+00 -1.53247951e-04 2.36268765e-03 -5.10208133e+00
1921             3.75085060e-03 1.49780981e+00 -1.45352740e+01 3.93507135e-03 1.49544591e+00 -9.43313615e+00 -1.84220745e-04 2.36389962e-03 -5.10213783e+00
1922             1.66009216e-03 1.49685753e+00 -1.45351205e+01 1.86962252e-03 1.49449233e+00 -9.43288873e+00 -2.09530355e-04 2.36519967e-03 -5.10223172e+00
1923             -1.06688852e-03 1.49858621e+00 -1.45345476e+01 -8.44519613e-04 1.49621553e+00 -9.43219942e+00 -2.22368912e-04 2.37067669e-03 -5.10234820e+00
1924             -3.36365102e-03 1.50139121e+00 -1.45339186e+01 -3.13850209e-03 1.49901370e+00 -9.43144848e+00 -2.25148927e-04 2.37751256e-03 -5.10247012e+00
1925             -3.94660628e-03 1.50332926e+00 -1.45335791e+01 -3.72721930e-03 1.50094542e+00 -9.43098475e+00 -2.19386979e-04 2.38384805e-03 -5.10259439e+00
1926             -4.27444073e-03 1.50529999e+00 -1.45334144e+01 -4.07171728e-03 1.50290976e+00 -9.43071384e+00 -2.02723450e-04 2.39023703e-03 -5.10270058e+00
1927             -4.58964595e-03 1.50884524e+00 -1.45338875e+01 -4.41656301e-03 1.50644667e+00 -9.43112547e+00 -1.73082946e-04 2.39857346e-03 -5.10276198e+00
1928             -4.65027703e-03 1.51373151e+00 -1.45347998e+01 -4.51869346e-03 1.51132419e+00 -9.43203089e+00 -1.31583572e-04 2.40732320e-03 -5.10276895e+00
1929             -4.56359201e-03 1.51872106e+00 -1.45357356e+01 -4.47492017e-03 1.51629989e+00 -9.43301486e+00 -8.86718352e-05 2.42116945e-03 -5.10272071e+00
1930             -3.80154107e-03 1.52297017e+00 -1.45364800e+01 -3.74816087e-03 1.52052867e+00 -9.43385765e+00 -5.33802021e-05 2.44150591e-03 -5.10262234e+00
1931             -3.03111239e-03 1.52675984e+00 -1.45366581e+01 -2.99481153e-03 1.52428989e+00 -9.43416909e+00 -3.63008651e-05 2.46994796e-03 -5.10248898e+00
1932             -3.14367906e-03 1.53161505e+00 -1.45362355e+01 -3.10451199e-03 1.52911562e+00 -9.43389192e+00 -3.91670678e-05 2.49943065e-03 -5.10234356e+00
1933             -4.59627295e-03 1.53849942e+00 -1.45358299e+01 -4.53747379e-03 1.53597717e+00 -9.43361511e+00 -5.87991556e-05 2.52225664e-03 -5.10221477e+00
1934             -6.12476413e-03 1.54581490e+00 -1.45356031e+01 -6.03609378e-03 1.54328028e+00 -9.43348586e+00 -8.86703543e-05 2.53461998e-03 -5.10211720e+00
1935             -5.53660966e-03 1.55205033e+00 -1.45359390e+01 -5.41200821e-03 1.54952066e+00 -9.43387788e+00 -1.24601448e-04 2.52966781e-03 -5.10206110e+00
1936             -2.22850952e-03 1.55526584e+00 -1.45366038e+01 -2.06941800e-03 1.55276123e+00 -9.43455732e+00 -1.59091519e-04 2.50461025e-03 -5.10204650e+00
1937             3.07310224e-03 1.55517789e+00 -1.45376511e+01 3.26075581e-03 1.55271709e+00 -9.43557318e+00 -1.87653570e-04 2.46080397e-03 -5.10207788e+00
1938             7.96510474e-03 1.55366516e+00 -1.45386003e+01 8.17311091e-03 1.55126070e+00 -9.43645262e+00 -2.08006171e-04 2.40445427e-03 -5.10214768e+00
1939             1.23650665e-02 1.55307289e+00 -1.45388770e+01 1.25864844e-02 1.55072940e+00 -9.43662408e+00 -2.21417942e-04 2.34348459e-03 -5.10225294e+00
1940             1.78629656e-02 1.55203595e+00 -1.45385383e+01 1.80873245e-02 1.54975123e+00 -9.43615680e+00 -2.24358910e-04 2.28472655e-03 -5.10238149e+00
1941             2.57385949e-02 1.54823256e+00 -1.45381618e+01 2.59527806e-02 1.54599828e+00 -9.43563930e+00 -2.14185704e-04 2.23428447e-03 -5.10252248e+00
1942             3.26857351e-02 1.54361737e+00 -1.45377441e+01 3.28782794e-02 1.54142620e+00 -9.43508879e+00 -1.92544304e-04 2.19116785e-03 -5.10265529e+00
1943             3.58360184e-02 1.54126524e+00 -1.45377872e+01 3.60043637e-02 1.53910414e+00 -9.43502741e+00 -1.68345275e-04 2.16109273e-03 -5.10275980e+00
1944             3.44836093e-02 1.54135879e+00 -1.45382611e+01 3.46350206e-02 1.53920582e+00 -9.43544753e+00 -1.51411327e-04 2.15296908e-03 -5.10281359e+00
1945             3.07802298e-02 1.54141060e+00 -1.45386904e+01 3.09201996e-02 1.53923666e+00 -9.43589154e+00 -1.39969809e-04 2.17393995e-03 -5.10279884e+00
1946             2.76392598e-02 1.53929638e+00 -1.45388513e+01 2.77743249e-02 1.53708177e+00 -9.43613905e+00 -1.35065101e-04 2.21461544e-03 -5.10271227e+00
1947             2.50795807e-02 1.53376474e+00 -1.45386010e+01 2.52135553e-02 1.53150300e+00 -9.43602008e+00 -1.33974690e-04 2.26174438e-03 -5.10258088e+00
1948             2.20824995e-02 1.52576405e+00 -1.45377070e+01 2.22162629e-02 1.52345403e+00 -9.43527950e+00 -1.33763394e-04 2.31002179e-03 -5.10242747e+00
1949             1.79985994e-02 1.51760019e+00 -1.45366246e+01 1.81349524e-02 1.51524338e+00 -9.43435007e+00 -1.36353014e-04 2.35680730e-03 -5.10227455e+00
1950             1.35794337e-02 1.50947419e+00 -1.45356965e+01 1.37227273e-02 1.50707531e+00 -9.43355260e+00 -1.43293561e-04 2.39887396e-03 -5.10214391e+00
1951             1.03422043e-02 1.50121680e+00 -1.45353307e+01 1.04960868e-02 1.49877967e+00 -9.43327934e+00 -1.53882491e-04 2.43713410e-03 -5.10205135e+00
1952             8.83127678e-03 1.49208292e+00 -1.45354022e+01 8.99881432e-03 1.48960929e+00 -9.43339851e+00 -1.67537543e-04 2.47362239e-03 -5.10200371e+00
1953             7.29093542e-03 1.48242296e+00 -1.45361333e+01 7.47398148e-03 1.47991796e+00 -9.43412225e+00 -1.83046064e-04 2.50500001e-03 -5.10201109e+00
1954             4.00797195e-03 1.47431439e+00 -1.45369072e+01 4.20261718e-03 1.47179027e+00 -9.43483655e+00 -1.94645228e-04 2.52412387e-03 -5.10207063e+00
1955             -2.86509758e-04 1.47031019e+00 -1.45373135e+01 -8.90354049e-05 1.46778392e+00 -9.43513894e+00 -1.97474353e-04 2.52627341e-03 -5.10217457e+00
1956             -3.92014375e-03 1.46969678e+00 -1.45371014e+01 -3.73020785e-03 1.46718067e+00 -9.43479489e+00 -1.89935902e-04 2.51611499e-03 -5.10230654e+00
1957             -5.92498374e-03 1.47109813e+00 -1.45367712e+01 -5.75237124e-03 1.46860608e+00 -9.43431099e+00 -1.72612497e-04 2.49205590e-03 -5.10246022e+00
1958             -7.23637817e-03 1.47395975e+00 -1.45364193e+01 -7.08725403e-03 1.47150355e+00 -9.43380658e+00 -1.49124145e-04 2.45620124e-03 -5.10261275e+00
1959             -8.78592895e-03 1.47966016e+00 -1.45366305e+01 -8.66585511e-03 1.47725053e+00 -9.43389393e+00 -1.20073836e-04 2.40963083e-03 -5.10273656e+00
1960             -1.01043704e-02 1.48922877e+00 -1.45370869e+01 -1.00176892e-02 1.48686616e+00 -9.43427745e+00 -8.66812244e-05 2.36261408e-03 -5.10280949e+00
1961             -1.09830192e-02 1.50147510e+00 -1.45373988e+01 -1.09276155e-02 1.49915132e+00 -9.43457499e+00 -5.54037366e-05 2.32378530e-03 -5.10282382e+00
1962             -1.01637402e-02 1.51528261e+00 -1.45373674e+01 -1.01277714e-02 1.51298470e+00 -9.43458919e+00 -3.59687839e-05 2.29791182e-03 -5.10277822e+00
1963             -8.15272935e-03 1.52981116e+00 -1.45369506e+01 -8.11857158e-03 1.52751873e+00 -9.43426644e+00 -3.41577757e-05 2.29242206e-03 -5.10268412e+00
1964             -6.88913903e-03 1.54469057e+00 -1.45359631e+01 -6.83936993e-03 1.54238419e+00 -9.43340593e+00 -4.97691010e-05 2.30637649e-03 -5.10255712e+00
1965             -7.24657761e-03 1.56072965e+00 -1.45350740e+01 -7.16465338e-03 1.55839610e+00 -9.43265826e+00 -8.19242345e-05 2.33355435e-03 -5.10241575e+00
1966             -7.14867730e-03 1.57652938e+00 -1.45339749e+01 -7.02482203e-03 1.57416040e+00 -9.43169719e+00 -1.23855264e-04 2.36898174e-03 -5.10227770e+00
1967             -5.49887683e-03 1.58873579e+00 -1.45332545e+01 -5.33336792e-03 1.58632898e+00 -9.43109549e+00 -1.65508912e-04 2.40681609e-03 -5.10215901e+00
1968             -9.91702674e-04 1.59445692e+00 -1.45331877e+01 -7.86233434e-04 1.59202086e+00 -9.43111867e+00 -2.05469240e-04 2.43605712e-03 -5.10206902e+00
1969             4.79674303e-03 1.59347367e+00 -1.45342205e+01 5.03585884e-03 1.59102038e+00 -9.43219134e+00 -2.39115813e-04 2.45328536e-03 -5.10202921e+00
1970             1.01845056e-02 1.58797631e+00 -1.45356996e+01 1.04457551e-02 1.58551634e+00 -9.43365661e+00 -2.61249455e-04 2.45996996e-03 -5.10204302e+00
1971             1.46685130e-02 1.58092368e+00 -1.45369230e+01 1.49391394e-02 1.57846226e+00 -9.43481784e+00 -2.70626387e-04 2.46142490e-03 -5.10210512e+00
1972             2.04183756e-02 1.57118830e+00 -1.45372765e+01 2.06836355e-02 1.56873401e+00 -9.43506778e+00 -2.65259897e-04 2.45429093e-03 -5.10220871e+00
1973             2.79725561e-02 1.55754815e+00 -1.45373086e+01 2.82182447e-02 1.55510902e+00 -9.43496262e+00 -2.45688578e-04 2.43912839e-03 -5.10234602e+00
1974             3.49985293e-02 1.54108563e+00 -1.45372415e+01 3.52128135e-02 1.53866764e+00 -9.43474763e+00 -2.14284229e-04 2.41799439e-03 -5.10249386e+00
1975             3.76704599e-02 1.52500830e+00 -1.45377991e+01 3.78481765e-02 1.52261501e+00 -9.43517324e+00 -1.77716567e-04 2.39329046e-03 -5.10262586e+00
1976             3.56517286e-02 1.51177960e+00 -1.45391899e+01 3.57966568e-02 1.50941405e+00 -9.43647339e+00 -1.44928138e-04 2.36555366e-03 -5.10271654e+00
1977             3.11125649e-02 1.50119343e+00 -1.45407284e+01 3.12332290e-02 1.49885380e+00 -9.43797197e+00 -1.20664124e-04 2.33962440e-03 -5.10275643e+00
1978             2.69187423e-02 1.49266149e+00 -1.45416867e+01 2.70209996e-02 1.49034093e+00 -9.43895203e+00 -1.02257353e-04 2.32055869e-03 -5.10273470e+00
1979             2.31923581e-02 1.48498919e+00 -1.45418450e+01 2.32821811e-02 1.48268777e+00 -9.43918210e+00 -8.98229939e-05 2.30142566e-03 -5.10266294e+00
1980             1.96027586e-02 1.47839477e+00 -1.45409531e+01 1.96873231e-02 1.47611120e+00 -9.43839976e+00 -8.45644293e-05 2.28356442e-03 -5.10255330e+00
1981             1.50080190e-02 1.47490969e+00 -1.45398836e+01 1.50947030e-02 1.47264279e+00 -9.43745363e+00 -8.66839128e-05 2.26690124e-03 -5.10243002e+00
1982             1.05618816e-02 1.47595807e+00 -1.45385419e+01 1.06615359e-02 1.47370127e+00 -9.43623183e+00 -9.96543113e-05 2.25680277e-03 -5.10231006e+00
1983             7.30112944e-03 1.48030129e+00 -1.45372898e+01 7.42012734e-03 1.47804482e+00 -9.43507639e+00 -1.18997903e-04 2.25647286e-03 -5.10221343e+00
1984             5.76855387e-03 1.48628546e+00 -1.45362800e+01 5.91160326e-03 1.48401438e+00 -9.43413006e+00 -1.43049392e-04 2.27108406e-03 -5.10214996e+00
1985             4.31560724e-03 1.49235954e+00 -1.45360835e+01 4.48215373e-03 1.49005589e+00 -9.43395700e+00 -1.66546492e-04 2.30364597e-03 -5.10212652e+00
1986             2.07406254e-03 1.49859796e+00 -1.45361651e+01 2.25914499e-03 1.49625234e+00 -9.43401818e+00 -1.85082455e-04 2.34561423e-03 -5.10214693e+00
1987             -1.43633746e-03 1.50596303e+00 -1.45359289e+01 -1.23851772e-03 1.50357282e+00 -9.43371754e+00 -1.97819740e-04 2.39020961e-03 -5.10221141e+00
1988             -3.67036778e-03 1.51358183e+00 -1.45347074e+01 -3.46912870e-03 1.51114643e+00 -9.43239715e+00 -2.01239079e-04 2.43539572e-03 -5.10231028e+00
1989             -4.90360955e-03 1.51943753e+00 -1.45334307e+01 -4.71062925e-03 1.51695763e+00 -9.43100048e+00 -1.92980303e-04 2.47989888e-03 -5.10243021e+00
1990             -5.55972021e-03 1.52214566e+00 -1.45326490e+01 -5.37858679e-03 1.51963013e+00 -9.43009725e+00 -1.81133420e-04 2.51552484e-03 -5.10255175e+00
1991             -6.75646134e-03 1.52299510e+00 -1.45328046e+01 -6.59237123e-03 1.52045576e+00 -9.43014288e+00 -1.64090115e-04 2.53933718e-03 -5.10266171e+00
1992             -8.04587050e-03 1.52380642e+00 -1.45335716e+01 -7.90616175e-03 1.52125484e+00 -9.43083315e+00 -1.39708751e-04 2.55157056e-03 -5.10273845e+00
1993             -8.63596307e-03 1.52389655e+00 -1.45344274e+01 -8.52483659e-03 1.52133840e+00 -9.43166261e+00 -1.11126484e-04 2.55815078e-03 -5.10276483e+00
1994             -7.77536444e-03 1.52312126e+00 -1.45348068e+01 -7.68844849e-03 1.52056368e+00 -9.43207308e+00 -8.69159551e-05 2.55757755e-03 -5.10273371e+00
1995             -5.80702437e-03 1.52195821e+00 -1.45349958e+01 -5.73297481e-03 1.51940406e+00 -9.43234702e+00 -7.40495650e-05 2.55415435e-03 -5.10264876e+00
1996             -4.98640008e-03 1.52091495e+00 -1.45348429e+01 -4.90890275e-03 1.51836394e+00 -9.43231666e+00 -7.74973315e-05 2.55100559e-03 -5.10252621e+00
1997             -5.31718642e-03 1.52165563e+00 -1.45350557e+01 -5.21963753e-03 1.51911435e+00 -9.43266849e+00 -9.75488876e-05 2.54128443e-03 -5.10238718e+00
1998             -5.09034040e-03 1.52486978e+00 -1.45351331e+01 -4.96572510e-03 1.52234967e+00 -9.43288019e+00 -1.24615302e-04 2.52011119e-03 -5.10225290e+00
1999             -4.20187839e-03 1.52889922e+00 -1.45353311e+01 -4.04883735e-03 1.52641492e+00 -9.43318769e+00 -1.53041038e-04 2.48430720e-03 -5.10214339e+00
2000             -1.20736730e-03 1.53305419e+00 -1.45358554e+01 -1.02770672e-03 1.53061637e+00 -9.43378425e+00 -1.79660572e-04 2.43781780e-03 -5.10207113e+00
2001             2.97336490e-03 1.53700736e+00 -1.45371185e+01 3.17324583e-03 1.53462448e+00 -9.43507170e+00 -1.99880933e-04 2.38288218e-03 -5.10204682e+00
2002             7.47367387e-03 1.54124484e+00 -1.45385986e+01 7.68446209e-03 1.53891808e+00 -9.43652184e+00 -2.10788217e-04 2.32676112e-03 -5.10207671e+00
2003             1.14470827e-02 1.54695710e+00 -1.45398115e+01 1.16618657e-02 1.54467972e+00 -9.43765490e+00 -2.14782993e-04 2.27737592e-03 -5.10215657e+00
2004             1.67585432e-02 1.55325032e+00 -1.45398257e+01 1.69684889e-02 1.55101116e+00 -9.43755039e+00 -2.09945763e-04 2.23916229e-03 -5.10227531e+00
2005             2.32456172e-02 1.55808696e+00 -1.45392903e+01 2.34414335e-02 1.55587214e+00 -9.43687087e+00 -1.95816331e-04 2.21482287e-03 -5.10241941e+00
2006             2.97401042e-02 1.55985710e+00 -1.45386685e+01 2.99130770e-02 1.55765428e+00 -9.43609592e+00 -1.72972765e-04 2.20282653e-03 -5.10257263e+00
2007             3.28804322e-02 1.55972139e+00 -1.45384700e+01 3.30244070e-02 1.55752099e+00 -9.43575843e+00 -1.43974812e-04 2.20039488e-03 -5.10271157e+00
2008             3.21614380e-02 1.55901528e+00 -1.45388003e+01 3.22809863e-02 1.55680261e+00 -9.43599418e+00 -1.19548317e-04 2.21267652e-03 -5.10280613e+00
2009             2.88709505e-02 1.55712429e+00 -1.45391244e+01 2.89791069e-02 1.55488402e+00 -9.43628091e+00 -1.08156353e-04 2.24026975e-03 -5.10284347e+00
2010             2.46586406e-02 1.55233874e+00 -1.45388378e+01 2.47627734e-02 1.55005495e+00 -9.43602534e+00 -1.04132797e-04 2.28378732e-03 -5.10281250e+00
2011             2.13664526e-02 1.54278277e+00 -1.45381658e+01 2.14728782e-02 1.54044933e+00 -9.43544943e+00 -1.06425597e-04 2.33344112e-03 -5.10271637e+00
2012             1.89456543e-02 1.52866112e+00 -1.45369832e+01 1.90634572e-02 1.52628403e+00 -9.43440939e+00 -1.17802935e-04 2.37709520e-03 -5.10257380e+00
2013             1.57877116e-02 1.51339082e+00 -1.45360846e+01 1.59228754e-02 1.51097693e+00 -9.43366826e+00 -1.35163737e-04 2.41389502e-03 -5.10241634e+00
2014             1.24940097e-02 1.49939385e+00 -1.45350614e+01 1.26509819e-02 1.49694629e+00 -9.43280420e+00 -1.56972233e-04 2.44755711e-03 -5.10225718e+00
2015             9.99419602e-03 1.48653265e+00 -1.45340248e+01 1.01731203e-02 1.48405848e+00 -9.43190602e+00 -1.78924274e-04 2.47417001e-03 -5.10211883e+00
2016             8.47430029e-03 1.47481231e+00 -1.45333644e+01 8.67112336e-03 1.47232022e+00 -9.43133960e+00 -1.96823067e-04 2.49209277e-03 -5.10202477e+00
2017             7.07398772e-03 1.46412010e+00 -1.45336597e+01 7.28365205e-03 1.46161415e+00 -9.43167622e+00 -2.09664332e-04 2.50594959e-03 -5.10198352e+00
2018             5.02209067e-03 1.45533197e+00 -1.45345836e+01 5.23848279e-03 1.45281902e+00 -9.43258201e+00 -2.16392118e-04 2.51295356e-03 -5.10200160e+00
2019             2.03013802e-03 1.45010811e+00 -1.45356002e+01 2.24353790e-03 1.44759984e+00 -9.43352114e+00 -2.13399879e-04 2.50827792e-03 -5.10207904e+00
2020             -1.83732139e-05 1.45037122e+00 -1.45358623e+01 1.81731366e-04 1.44787876e+00 -9.43365480e+00 -2.00104580e-04 2.49245995e-03 -5.10220751e+00
2021             -1.91838689e-03 1.45546826e+00 -1.45359028e+01 -1.73982488e-03 1.45299597e+00 -9.43353033e+00 -1.78562010e-04 2.47228881e-03 -5.10237248e+00
2022             -4.33942667e-03 1.46374557e+00 -1.45360854e+01 -4.18662895e-03 1.46129499e+00 -9.43353349e+00 -1.52797712e-04 2.45057195e-03 -5.10255187e+00
2023             -7.27869784e-03 1.47495348e+00 -1.45365458e+01 -7.15685934e-03 1.47252508e+00 -9.43382937e+00 -1.21838494e-04 2.42840710e-03 -5.10271641e+00
2024             -9.97482117e-03 1.48980558e+00 -1.45371316e+01 -9.88611927e-03 1.48740217e+00 -9.43429176e+00 -8.87018959e-05 2.40340402e-03 -5.10283987e+00
2025             -1.10853409e-02 1.50669840e+00 -1.45376366e+01 -1.10304920e-02 1.50431618e+00 -9.43473503e+00 -5.48489180e-05 2.38222588e-03 -5.10290161e+00
2026             -1.12076115e-02 1.52428119e+00 -1.45373983e+01 -1.11786909e-02 1.52191136e+00 -9.43450713e+00 -2.89205481e-05 2.36983663e-03 -5.10289120e+00
2027             -1.08856046e-02 1.54125543e+00 -1.45370252e+01 -1.08673938e-02 1.53888440e+00 -9.43421443e+00 -1.82108078e-05 2.37102319e-03 -5.10281081e+00
2028             -1.07198991e-02 1.55597736e+00 -1.45364670e+01 -1.06914824e-02 1.55359030e+00 -9.43379520e+00 -2.84167305e-05 2.38706383e-03 -5.10267182e+00
2029             -1.03362542e-02 1.56860891e+00 -1.45358100e+01 -1.02774033e-02 1.56620050e+00 -9.43331174e+00 -5.88509047e-05 2.40841137e-03 -5.10249822e+00
2030             -9.48058715e-03 1.57968053e+00 -1.45345494e+01 -9.37986782e-03 1.57725216e+00 -9.43223419e+00 -1.00719323e-04 2.42836871e-03 -5.10231521e+00
2031             -7.73930947e-03 1.58775798e+00 -1.45330327e+01 -7.59271495e-03 1.58531775e+00 -9.43088104e+00 -1.46594524e-04 2.44022695e-03 -5.10215162e+00
2032             -4.41394348e-03 1.59137388e+00 -1.45320940e+01 -4.22459814e-03 1.58892595e+00 -9.43007219e+00 -1.89345342e-04 2.44792971e-03 -5.10202184e+00
2033             5.40190989e-04 1.58962305e+00 -1.45324859e+01 7.64816968e-04 1.58717907e+00 -9.43054905e+00 -2.24625980e-04 2.44398398e-03 -5.10193681e+00
2034             6.11340081e-03 1.58336906e+00 -1.45338144e+01 6.36398926e-03 1.58093976e+00 -9.43189778e+00 -2.50588446e-04 2.42930058e-03 -5.10191664e+00
2035             1.19245279e-02 1.57488654e+00 -1.45354643e+01 1.21912433e-02 1.57247982e+00 -9.43349127e+00 -2.66715344e-04 2.40671660e-03 -5.10197307e+00
2036             1.84122591e-02 1.56607377e+00 -1.45361567e+01 1.86821719e-02 1.56369075e+00 -9.43406810e+00 -2.69912818e-04 2.38301230e-03 -5.10208864e+00
2037             2.56120181e-02 1.55587740e+00 -1.45361869e+01 2.58689384e-02 1.55352557e+00 -9.43393694e+00 -2.56920284e-04 2.35183009e-03 -5.10224996e+00
2038             3.22417124e-02 1.54301903e+00 -1.45361979e+01 3.24703035e-02 1.54070391e+00 -9.43376132e+00 -2.28591129e-04 2.31512166e-03 -5.10243655e+00
2039             3.56043227e-02 1.52914672e+00 -1.45367993e+01 3.57941675e-02 1.52686756e+00 -9.43418437e+00 -1.89844849e-04 2.27916198e-03 -5.10261490e+00
2040             3.53930168e-02 1.51716248e+00 -1.45380963e+01 3.55448905e-02 1.51491130e+00 -9.43534049e+00 -1.51873701e-04 2.25118379e-03 -5.10275585e+00
2041             3.30225885e-02 1.50834342e+00 -1.45398144e+01 3.31441368e-02 1.50610843e+00 -9.43697704e+00 -1.21548256e-04 2.23498515e-03 -5.10283737e+00
2042             2.88070037e-02 1.50147359e+00 -1.45409345e+01 2.89062921e-02 1.49924302e+00 -9.43808581e+00 -9.92883878e-05 2.23056659e-03 -5.10284870e+00
2043             2.42264603e-02 1.49541036e+00 -1.45415092e+01 2.43126276e-02 1.49317283e+00 -9.43872235e+00 -8.61672633e-05 2.23753481e-03 -5.10278684e+00
2044             1.97343907e-02 1.48955630e+00 -1.45413202e+01 1.98147334e-02 1.48730771e+00 -9.43865260e+00 -8.03427257e-05 2.24858923e-03 -5.10266759e+00
2045             1.52844688e-02 1.48527306e+00 -1.45407589e+01 1.53653186e-02 1.48300831e+00 -9.43824782e+00 -8.08498211e-05 2.26475373e-03 -5.10251104e+00
2046             1.10635348e-02 1.48398222e+00 -1.45394368e+01 1.11528991e-02 1.48169409e+00 -9.43710194e+00 -8.93642502e-05 2.28813617e-03 -5.10233482e+00
2047             7.65437178e-03 1.48516320e+00 -1.45376345e+01 7.75861070e-03 1.48284698e+00 -9.43546891e+00 -1.04238924e-04 2.31622003e-03 -5.10216560e+00
2048             4.30708681e-03 1.48768802e+00 -1.45360176e+01 4.43056612e-03 1.48533994e+00 -9.43399047e+00 -1.23479312e-04 2.34808690e-03 -5.10202714e+00
2049             1.23597659e-03 1.48998703e+00 -1.45352086e+01 1.38067802e-03 1.48760170e+00 -9.43326944e+00 -1.44701432e-04 2.38533081e-03 -5.10193912e+00
2050             -1.61262440e-03 1.49124869e+00 -1.45350744e+01 -1.44664549e-03 1.48882355e+00 -9.43316162e+00 -1.65978911e-04 2.42513919e-03 -5.10191274e+00
2051             -3.50858690e-03 1.49290906e+00 -1.45350284e+01 -3.32643294e-03 1.49045018e+00 -9.43307309e+00 -1.82153957e-04 2.45888468e-03 -5.10195529e+00
2052             -4.75584179e-03 1.49691052e+00 -1.45342115e+01 -4.56435196e-03 1.49442775e+00 -9.43214870e+00 -1.91489826e-04 2.48276404e-03 -5.10206280e+00
2053             -6.05703242e-03 1.50248762e+00 -1.45330692e+01 -5.86267666e-03 1.49999269e+00 -9.43084578e+00 -1.94355758e-04 2.49492973e-03 -5.10222343e+00
2054             -7.70410449e-03 1.50724838e+00 -1.45322706e+01 -7.51430890e-03 1.50474503e+00 -9.42986002e+00 -1.89795588e-04 2.50334929e-03 -5.10241054e+00
2055             -9.27337895e-03 1.51077060e+00 -1.45322365e+01 -9.09355718e-03 1.50826750e+00 -9.42964402e+00 -1.79821776e-04 2.50309629e-03 -5.10259250e+00
2056             -1.05337573e-02 1.51465560e+00 -1.45328450e+01 -1.03691642e-02 1.51216537e+00 -9.43009993e+00 -1.64593050e-04 2.49023366e-03 -5.10274503e+00
2057             -1.05802240e-02 1.51976701e+00 -1.45337271e+01 -1.04361563e-02 1.51729669e+00 -9.43087713e+00 -1.44067689e-04 2.47031329e-03 -5.10284999e+00
2058             -9.82892688e-03 1.52527718e+00 -1.45340955e+01 -9.70562918e-03 1.52282518e+00 -9.43121602e+00 -1.23297698e-04 2.45200221e-03 -5.10287943e+00
2059             -8.55787565e-03 1.53091219e+00 -1.45344687e+01 -8.44943072e-03 1.52847671e+00 -9.43163716e+00 -1.08444931e-04 2.43547904e-03 -5.10283156e+00
2060             -6.99301728e-03 1.53588268e+00 -1.45349576e+01 -6.88839433e-03 1.53345969e+00 -9.43224364e+00 -1.04622952e-04 2.42298818e-03 -5.10271397e+00
2061             -5.47321208e-03 1.53986422e+00 -1.45354633e+01 -5.35725060e-03 1.53744547e+00 -9.43292144e+00 -1.15961477e-04 2.41874746e-03 -5.10254184e+00
2062             -4.44697314e-03 1.54439062e+00 -1.45355572e+01 -4.31175113e-03 1.54197474e+00 -9.43321667e+00 -1.35222006e-04 2.41588001e-03 -5.10234056e+00
2063             -2.82406532e-03 1.54953662e+00 -1.45352062e+01 -2.66957000e-03 1.54712984e+00 -9.43305892e+00 -1.54495325e-04 2.40678655e-03 -5.10214724e+00
2064             -1.09664359e-03 1.55421277e+00 -1.45351454e+01 -9.23749734e-04 1.55182050e+00 -9.43315716e+00 -1.72893855e-04 2.39226621e-03 -5.10198829e+00
2065             1.33788682e-03 1.55769929e+00 -1.45359792e+01 1.52492205e-03 1.55532393e+00 -9.43409648e+00 -1.87035232e-04 2.37536191e-03 -5.10188268e+00
2066             4.57763329e-03 1.55972786e+00 -1.45374901e+01 4.77095779e-03 1.55737062e+00 -9.43564395e+00 -1.93324491e-04 2.35723502e-03 -5.10184617e+00
2067             9.54042202e-03 1.56096738e+00 -1.45391051e+01 9.73340896e-03 1.55862960e+00 -9.43721757e+00 -1.92986941e-04 2.33777565e-03 -5.10188751e+00
2068             1.46805630e-02 1.56284811e+00 -1.45397295e+01 1.48696395e-02 1.56053028e+00 -9.43772955e+00 -1.89076522e-04 2.31782262e-03 -5.10199995e+00
2069             1.98413293e-02 1.56366134e+00 -1.45394025e+01 2.00201241e-02 1.56136020e+00 -9.43723968e+00 -1.78794741e-04 2.30114088e-03 -5.10216277e+00
2070             2.45618600e-02 1.56154437e+00 -1.45388100e+01 2.47249387e-02 1.55926238e+00 -9.43645671e+00 -1.63078706e-04 2.28199186e-03 -5.10235330e+00
2071             2.78348345e-02 1.55638397e+00 -1.45385817e+01 2.79772736e-02 1.55412403e+00 -9.43603396e+00 -1.42439049e-04 2.25994523e-03 -5.10254772e+00
2072             2.87825063e-02 1.55001195e+00 -1.45386654e+01 2.89067137e-02 1.54777180e+00 -9.43594952e+00 -1.24207416e-04 2.24014600e-03 -5.10271592e+00
2073             2.78016694e-02 1.54390737e+00 -1.45391356e+01 2.79146901e-02 1.54168243e+00 -9.43629789e+00 -1.13020720e-04 2.22493460e-03 -5.10283769e+00
2074             2.46492860e-02 1.53706903e+00 -1.45390420e+01 2.47615260e-02 1.53484752e+00 -9.43615054e+00 -1.12239951e-04 2.22150819e-03 -5.10289143e+00
2075             2.09798842e-02 1.52909338e+00 -1.45386729e+01 2.11016048e-02 1.52686598e+00 -9.43580194e+00 -1.21720556e-04 2.22739855e-03 -5.10287097e+00
2076             1.76543059e-02 1.51905929e+00 -1.45381428e+01 1.77899128e-02 1.51681589e+00 -9.43536415e+00 -1.35606844e-04 2.24339835e-03 -5.10277861e+00
2077             1.56455895e-02 1.50771140e+00 -1.45374997e+01 1.57996623e-02 1.50544618e+00 -9.43487421e+00 -1.54072803e-04 2.26521341e-03 -5.10262552e+00
2078             1.41101157e-02 1.49761465e+00 -1.45364110e+01 1.42854214e-02 1.49532058e+00 -9.43397217e+00 -1.75305692e-04 2.29406918e-03 -5.10243882e+00
2079             1.23805483e-02 1.49036426e+00 -1.45350409e+01 1.25778681e-02 1.48803494e+00 -9.43278612e+00 -1.97319825e-04 2.32932776e-03 -5.10225480e+00
2080             9.77085484e-03 1.48470973e+00 -1.45338590e+01 9.98373347e-03 1.48233833e+00 -9.43176965e+00 -2.12878635e-04 2.37140169e-03 -5.10208939e+00
2081             7.16417559e-03 1.47913856e+00 -1.45335061e+01 7.38223136e-03 1.47672386e+00 -9.43153655e+00 -2.18055768e-04 2.41470059e-03 -5.10196955e+00
2082             5.05948199e-03 1.47339523e+00 -1.45340987e+01 5.27546056e-03 1.47093931e+00 -9.43218760e+00 -2.15978567e-04 2.45592101e-03 -5.10191111e+00
2083             4.04536717e-03 1.46912001e+00 -1.45350654e+01 4.25305043e-03 1.46662680e+00 -9.43314007e+00 -2.07683259e-04 2.49321285e-03 -5.10192535e+00
2084             2.12330223e-03 1.46822261e+00 -1.45355244e+01 2.31601266e-03 1.46569772e+00 -9.43351577e+00 -1.92710434e-04 2.52488979e-03 -5.10200866e+00
2085             -8.55361921e-04 1.47107071e+00 -1.45356232e+01 -6.81740886e-04 1.46852139e+00 -9.43347298e+00 -1.73621035e-04 2.54932124e-03 -5.10215021e+00
2086             -4.62464489e-03 1.47639328e+00 -1.45357538e+01 -4.47286962e-03 1.47383016e+00 -9.43342230e+00 -1.51775278e-04 2.56312210e-03 -5.10233147e+00
2087             -8.45539565e-03 1.48345515e+00 -1.45362655e+01 -8.32509855e-03 1.48088882e+00 -9.43373772e+00 -1.30297100e-04 2.56633500e-03 -5.10252779e+00
2088             -1.13657653e-02 1.49269374e+00 -1.45367659e+01 -1.12588078e-02 1.49013642e+00 -9.43406004e+00 -1.06957595e-04 2.55732745e-03 -5.10270582e+00
2089             -1.30939600e-02 1.50422161e+00 -1.45371810e+01 -1.30108996e-02 1.50168473e+00 -9.43434597e+00 -8.30604003e-05 2.53688206e-03 -5.10283505e+00
2090             -1.39449641e-02 1.51667407e+00 -1.45371565e+01 -1.38815782e-02 1.51416785e+00 -9.43426433e+00 -6.33859035e-05 2.50621697e-03 -5.10289219e+00
2091             -1.41841483e-02 1.52904570e+00 -1.45372356e+01 -1.41309600e-02 1.52657519e+00 -9.43436615e+00 -5.31883393e-05 2.47051275e-03 -5.10286947e+00
2092             -1.31598444e-02 1.54047829e+00 -1.45373304e+01 -1.31013904e-02 1.53804766e+00 -9.43456043e+00 -5.84539466e-05 2.43063606e-03 -5.10276992e+00
2093             -1.13839308e-02 1.54991047e+00 -1.45370000e+01 -1.13027920e-02 1.54751857e+00 -9.43438572e+00 -8.11388045e-05 2.39189882e-03 -5.10261428e+00
2094             -9.15703500e-03 1.55820637e+00 -1.45361262e+01 -9.04119708e-03 1.55585137e+00 -9.43370056e+00 -1.15837922e-04 2.35500163e-03 -5.10242561e+00
2095             -6.21045902e-03 1.56654054e+00 -1.45349555e+01 -6.05717975e-03 1.56422240e+00 -9.43271629e+00 -1.53279274e-04 2.31814455e-03 -5.10223926e+00
2096             -3.78735043e-03 1.57409970e+00 -1.45339471e+01 -3.59809783e-03 1.57181754e+00 -9.43186425e+00 -1.89252601e-04 2.28216400e-03 -5.10208287e+00
2097             -8.63010091e-04 1.58017506e+00 -1.45337405e+01 -6.39991914e-04 1.57792256e+00 -9.43175866e+00 -2.23018177e-04 2.25249798e-03 -5.10198181e+00
2098             4.04043475e-03 1.58341370e+00 -1.45344454e+01 4.28478611e-03 1.58117332e+00 -9.43251051e+00 -2.44351354e-04 2.24037951e-03 -5.10193491e+00
2099             1.15140954e-02 1.58364852e+00 -1.45357755e+01 1.17672473e-02 1.58140710e+00 -9.43382502e+00 -2.53151875e-04 2.24141978e-03 -5.10195046e+00
2100             1.83952376e-02 1.58228224e+00 -1.45368650e+01 1.86496902e-02 1.58003197e+00 -9.43483357e+00 -2.54452690e-04 2.25027548e-03 -5.10203146e+00
2101             2.36003025e-02 1.57897444e+00 -1.45372925e+01 2.38456536e-02 1.57671027e+00 -9.43512036e+00 -2.45351161e-04 2.26417002e-03 -5.10217215e+00
2102             2.76453711e-02 1.57243961e+00 -1.45374452e+01 2.78692761e-02 1.57016027e+00 -9.43510165e+00 -2.23905078e-04 2.27934273e-03 -5.10234355e+00
2103             3.12908534e-02 1.56185743e+00 -1.45379008e+01 3.14819396e-02 1.55956667e+00 -9.43537557e+00 -1.91086136e-04 2.29075854e-03 -5.10252526e+00
2104             3.32820582e-02 1.54909149e+00 -1.45383935e+01 3.34376345e-02 1.54678969e+00 -9.43570781e+00 -1.55576336e-04 2.30179509e-03 -5.10268564e+00
2105             3.21953179e-02 1.53615690e+00 -1.45393476e+01 3.23215610e-02 1.53384035e+00 -9.43654578e+00 -1.26243070e-04 2.31655588e-03 -5.10280180e+00
2106             2.83274027e-02 1.52265181e+00 -1.45400669e+01 2.84375173e-02 1.52031496e+00 -9.43721252e+00 -1.10114574e-04 2.33685069e-03 -5.10285433e+00
2107             2.29808051e-02 1.50861883e+00 -1.45406117e+01 2.30860787e-02 1.50626000e+00 -9.43777433e+00 -1.05273592e-04 2.35883310e-03 -5.10283732e+00
2108             1.80805782e-02 1.49446183e+00 -1.45411052e+01 1.81915325e-02 1.49208645e+00 -9.43835454e+00 -1.10954328e-04 2.37537558e-03 -5.10275068e+00
2109             1.47912768e-02 1.48071317e+00 -1.45410480e+01 1.49128166e-02 1.47832410e+00 -9.43844671e+00 -1.21539764e-04 2.38906978e-03 -5.10260131e+00
2110             1.24575215e-02 1.47023081e+00 -1.45401355e+01 1.25893523e-02 1.46783318e+00 -9.43771871e+00 -1.31830785e-04 2.39762253e-03 -5.10241681e+00
2111             9.47556901e-03 1.46359115e+00 -1.45386371e+01 9.61882698e-03 1.46118976e+00 -9.43640541e+00 -1.43257965e-04 2.40139761e-03 -5.10223165e+00
2112             5.59903952e-03 1.45937745e+00 -1.45369349e+01 5.75384208e-03 1.45698052e+00 -9.43486192e+00 -1.54802562e-04 2.39693663e-03 -5.10207302e+00
2113             1.92011158e-03 1.45703589e+00 -1.45358098e+01 2.08396071e-03 1.45464851e+00 -9.43384448e+00 -1.63849127e-04 2.38738412e-03 -5.10196530e+00
2114             -3.98110225e-05 1.45709418e+00 -1.45354223e+01 1.31528029e-04 1.45471631e+00 -9.43350014e+00 -1.71339052e-04 2.37786873e-03 -5.10192219e+00
2115             -5.03433055e-04 1.46014522e+00 -1.45356335e+01 -3.24397751e-04 1.45777585e+00 -9.43367709e+00 -1.79035304e-04 2.36937194e-03 -5.10195638e+00
2116             -1.52095125e-03 1.46682987e+00 -1.45356836e+01 -1.33719684e-03 1.46446348e+00 -9.43361918e+00 -1.83754409e-04 2.36638876e-03 -5.10206443e+00
2117             -3.42155193e-03 1.47802564e+00 -1.45354202e+01 -3.23928842e-03 1.47565599e+00 -9.43318754e+00 -1.82263509e-04 2.36964912e-03 -5.10223262e+00
2118             -6.27195282e-03 1.49264553e+00 -1.45348851e+01 -6.09615057e-03 1.49026334e+00 -9.43245586e+00 -1.75802251e-04 2.38219143e-03 -5.10242921e+00
2119             -9.14514629e-03 1.50840479e+00 -1.45345077e+01 -8.97737480e-03 1.50600053e+00 -9.43187558e+00 -1.67771495e-04 2.40425989e-03 -5.10263214e+00
2120             -1.08624769e-02 1.52350416e+00 -1.45340180e+01 -1.07074695e-02 1.52106813e+00 -9.43121641e+00 -1.55007444e-04 2.43602775e-03 -5.10280157e+00
2121             -1.12612832e-02 1.53800682e+00 -1.45338642e+01 -1.11216448e-02 1.53553991e+00 -9.43095373e+00 -1.39638431e-04 2.46690792e-03 -5.10291048e+00
2122             -1.10413833e-02 1.55076492e+00 -1.45340262e+01 -1.09140142e-02 1.54827090e+00 -9.43107856e+00 -1.27369095e-04 2.49402214e-03 -5.10294760e+00
2123             -1.09055145e-02 1.56037357e+00 -1.45346790e+01 -1.07853106e-02 1.55785728e+00 -9.43177256e+00 -1.20203933e-04 2.51628903e-03 -5.10290646e+00
2124             -9.59556326e-03 1.56591845e+00 -1.45354263e+01 -9.47492345e-03 1.56338571e+00 -9.43264483e+00 -1.20639806e-04 2.53273534e-03 -5.10278149e+00
2125             -7.13900835e-03 1.56704007e+00 -1.45357314e+01 -7.00930860e-03 1.56450185e+00 -9.43313611e+00 -1.29699748e-04 2.53822419e-03 -5.10259524e+00
2126             -4.13424848e-03 1.56532868e+00 -1.45354049e+01 -3.98490220e-03 1.56279558e+00 -9.43302852e+00 -1.49346283e-04 2.53310536e-03 -5.10237637e+00
2127             -1.93255509e-03 1.56221089e+00 -1.45347960e+01 -1.75945910e-03 1.55969342e+00 -9.43263564e+00 -1.73095989e-04 2.51746494e-03 -5.10216038e+00
2128             -8.45134924e-04 1.55788476e+00 -1.45342123e+01 -6.50279591e-04 1.55539435e+00 -9.43223358e+00 -1.94855332e-04 2.49040901e-03 -5.10197875e+00
2129             5.82014895e-04 1.55292134e+00 -1.45345509e+01 7.93824272e-04 1.55046800e+00 -9.43269306e+00 -2.11809377e-04 2.45333709e-03 -5.10185786e+00
2130             4.91761331e-03 1.54764611e+00 -1.45358961e+01 5.13717220e-03 1.54524128e+00 -9.43408229e+00 -2.19558894e-04 2.40482511e-03 -5.10181376e+00
2131             1.11377188e-02 1.54203849e+00 -1.45378705e+01 1.13527928e-02 1.53968442e+00 -9.43601791e+00 -2.15073959e-04 2.35406960e-03 -5.10185259e+00
2132             1.69567211e-02 1.53771148e+00 -1.45395044e+01 1.71608089e-02 1.53541117e+00 -9.43753301e+00 -2.04087845e-04 2.30030769e-03 -5.10197139e+00
2133             2.07209892e-02 1.53550681e+00 -1.45403409e+01 2.09094324e-02 1.53325704e+00 -9.43818763e+00 -1.88443258e-04 2.24976618e-03 -5.10215324e+00
2134             2.35031553e-02 1.53382385e+00 -1.45404789e+01 2.36706240e-02 1.53162497e+00 -9.43810667e+00 -1.67468676e-04 2.19887865e-03 -5.10237220e+00
2135             2.66098596e-02 1.53113742e+00 -1.45404686e+01 2.67537350e-02 1.52898500e+00 -9.43786715e+00 -1.43875416e-04 2.15241834e-03 -5.10260141e+00
2136             2.91256942e-02 1.52889606e+00 -1.45401968e+01 2.92450376e-02 1.52678066e+00 -9.43738823e+00 -1.19343403e-04 2.11540029e-03 -5.10280856e+00
2137             2.88562792e-02 1.52856595e+00 -1.45401811e+01 2.89579442e-02 1.52646942e+00 -9.43721463e+00 -1.01665028e-04 2.09653146e-03 -5.10296646e+00
2138             2.61418905e-02 1.52918361e+00 -1.45402577e+01 2.62375883e-02 1.52707793e+00 -9.43721236e+00 -9.56977718e-05 2.10568041e-03 -5.10304534e+00
2139             2.13849921e-02 1.52937267e+00 -1.45403921e+01 2.14843493e-02 1.52723337e+00 -9.43735780e+00 -9.93571527e-05 2.13930843e-03 -5.10303431e+00
2140             1.71183343e-02 1.52856094e+00 -1.45402077e+01 1.72331190e-02 1.52636744e+00 -9.43727603e+00 -1.14784648e-04 2.19349430e-03 -5.10293163e+00
2141             1.47310624e-02 1.52509227e+00 -1.45391892e+01 1.48665680e-02 1.52282856e+00 -9.43644011e+00 -1.35505518e-04 2.26371333e-03 -5.10274905e+00
2142             1.35690963e-02 1.51990830e+00 -1.45373654e+01 1.37221070e-02 1.51756543e+00 -9.43485234e+00 -1.53010645e-04 2.34287737e-03 -5.10251306e+00
2143             1.14173512e-02 1.51335220e+00 -1.45353661e+01 1.15889481e-02 1.51093074e+00 -9.43310508e+00 -1.71596937e-04 2.42146550e-03 -5.10226100e+00
2144             8.33790179e-03 1.50491271e+00 -1.45334445e+01 8.52839166e-03 1.50242132e+00 -9.43140542e+00 -1.90489875e-04 2.49138439e-03 -5.10203906e+00
2145             5.00627737e-03 1.49466776e+00 -1.45324276e+01 5.21024433e-03 1.49212095e+00 -9.43054787e+00 -2.03966963e-04 2.54681732e-03 -5.10187971e+00
2146             3.89271509e-03 1.48293817e+00 -1.45322170e+01 4.10389287e-03 1.48034805e+00 -9.43041874e+00 -2.11177776e-04 2.59012017e-03 -5.10179827e+00
2147             3.61985440e-03 1.47086888e+00 -1.45328726e+01 3.83323629e-03 1.46825285e+00 -9.43106415e+00 -2.13381894e-04 2.61603277e-03 -5.10180849e+00
2148             2.50539723e-03 1.46066900e+00 -1.45337412e+01 2.71560824e-03 1.45804327e+00 -9.43183748e+00 -2.10211004e-04 2.62572238e-03 -5.10190372e+00
2149             9.76948751e-06 1.45518071e+00 -1.45343884e+01 2.09814276e-04 1.45255684e+00 -9.43232100e+00 -2.00044788e-04 2.62386594e-03 -5.10206740e+00
2150             -3.65609229e-03 1.45462301e+00 -1.45346652e+01 -3.47075416e-03 1.45201210e+00 -9.43238620e+00 -1.85338127e-04 2.61090496e-03 -5.10227896e+00
2151             -7.05140058e-03 1.45775003e+00 -1.45351170e+01 -6.88546375e-03 1.45516274e+00 -9.43260260e+00 -1.65936824e-04 2.58728720e-03 -5.10251442e+00
2152             -9.49553854e-03 1.46437434e+00 -1.45355939e+01 -9.34974601e-03 1.46182032e+00 -9.43285622e+00 -1.45792530e-04 2.55401817e-03 -5.10273770e+00
2153             -1.10593446e-02 1.47599024e+00 -1.45363504e+01 -1.09370095e-02 1.47347645e+00 -9.43343892e+00 -1.22335154e-04 2.51378284e-03 -5.10291153e+00
2154             -1.21224458e-02 1.49200078e+00 -1.45372017e+01 -1.20225784e-02 1.48953188e+00 -9.43418681e+00 -9.98673997e-05 2.46890106e-03 -5.10301488e+00
2155             -1.28463819e-02 1.50949768e+00 -1.45380891e+01 -1.27625504e-02 1.50707464e+00 -9.43506229e+00 -8.38314722e-05 2.42303748e-03 -5.10302683e+00
2156             -1.18918811e-02 1.52708562e+00 -1.45386413e+01 -1.18128893e-02 1.52470856e+00 -9.43569610e+00 -7.89917418e-05 2.37706366e-03 -5.10294519e+00
2157             -9.67235963e-03 1.54338771e+00 -1.45385256e+01 -9.58658350e-03 1.54105166e+00 -9.43574358e+00 -8.57761374e-05 2.33604871e-03 -5.10278201e+00
2158             -7.15960757e-03 1.55841910e+00 -1.45376727e+01 -7.05406822e-03 1.55611214e+00 -9.43511145e+00 -1.05539341e-04 2.30696086e-03 -5.10256127e+00
2159             -5.66171632e-03 1.57292036e+00 -1.45366051e+01 -5.52857863e-03 1.57063245e+00 -9.43428550e+00 -1.33137694e-04 2.28790607e-03 -5.10231955e+00
2160             -4.44839295e-03 1.58627874e+00 -1.45352221e+01 -4.28907529e-03 1.58399973e+00 -9.43312029e+00 -1.59317660e-04 2.27901337e-03 -5.10210182e+00
2161             -2.51933137e-03 1.59690425e+00 -1.45343350e+01 -2.33801165e-03 1.59462322e+00 -9.43239681e+00 -1.81319723e-04 2.28103182e-03 -5.10193822e+00
2162             2.26625028e-03 1.60320249e+00 -1.45341031e+01 2.46674546e-03 1.60091354e+00 -9.43225392e+00 -2.00495179e-04 2.28895550e-03 -5.10184915e+00
2163             8.48416297e-03 1.60366160e+00 -1.45347152e+01 8.69402263e-03 1.60135722e+00 -9.43287168e+00 -2.09859660e-04 2.30438359e-03 -5.10184353e+00
2164             1.48213099e-02 1.59915288e+00 -1.45356619e+01 1.50317459e-02 1.59682880e+00 -9.43374670e+00 -2.10435947e-04 2.32408261e-03 -5.10191524e+00
2165             1.93315759e-02 1.59118521e+00 -1.45364821e+01 1.95412978e-02 1.58884596e+00 -9.43442707e+00 -2.09721981e-04 2.33925204e-03 -5.10205502e+00
2166             2.28002281e-02 1.57910604e+00 -1.45367458e+01 2.30060200e-02 1.57675905e+00 -9.43449653e+00 -2.05791963e-04 2.34699053e-03 -5.10224929e+00
2167             2.68119192e-02 1.56240352e+00 -1.45368745e+01 2.70069954e-02 1.56005749e+00 -9.43440477e+00 -1.95076229e-04 2.34603210e-03 -5.10246971e+00
2168             3.01576860e-02 1.54265382e+00 -1.45368800e+01 3.03341119e-02 1.54031537e+00 -9.43420050e+00 -1.76425907e-04 2.33844325e-03 -5.10267950e+00
2169             3.09195380e-02 1.52282305e+00 -1.45372167e+01 3.10753223e-02 1.52049756e+00 -9.43436685e+00 -1.55784248e-04 2.32548529e-03 -5.10284982e+00
2170             2.89173634e-02 1.50497641e+00 -1.45379316e+01 2.90583034e-02 1.50266125e+00 -9.43497653e+00 -1.40939976e-04 2.31516122e-03 -5.10295509e+00
2171             2.46889288e-02 1.48924256e+00 -1.45390090e+01 2.48246006e-02 1.48692807e+00 -9.43603164e+00 -1.35671890e-04 2.31448846e-03 -5.10297739e+00
2172             2.06962735e-02 1.47596556e+00 -1.45399463e+01 2.08327707e-02 1.47364132e+00 -9.43703868e+00 -1.36497198e-04 2.32423631e-03 -5.10290757e+00
2173             1.83322249e-02 1.46519099e+00 -1.45403442e+01 1.84723326e-02 1.46285408e+00 -9.43758617e+00 -1.40107798e-04 2.33690452e-03 -5.10275807e+00
2174             1.62946628e-02 1.45749514e+00 -1.45399544e+01 1.64379381e-02 1.45514231e+00 -9.43739973e+00 -1.43275313e-04 2.35282979e-03 -5.10255470e+00
2175             1.28744059e-02 1.45429683e+00 -1.45390376e+01 1.30192813e-02 1.45192400e+00 -9.43670466e+00 -1.44875435e-04 2.37283738e-03 -5.10233294e+00
2176             8.65366510e-03 1.45477461e+00 -1.45374712e+01 8.80000859e-03 1.45238277e+00 -9.43534174e+00 -1.46343494e-04 2.39184048e-03 -5.10212951e+00
2177             4.99524997e-03 1.45746988e+00 -1.45360547e+01 5.14154044e-03 1.45506335e+00 -9.43407943e+00 -1.46290473e-04 2.40653147e-03 -5.10197522e+00
2178             3.10087257e-03 1.46139810e+00 -1.45350908e+01 3.24594296e-03 1.45897851e+00 -9.43320103e+00 -1.45070395e-04 2.41958621e-03 -5.10188980e+00
2179             1.99487015e-03 1.46631683e+00 -1.45350964e+01 2.13938874e-03 1.46388533e+00 -9.43321034e+00 -1.44518592e-04 2.43150080e-03 -5.10188602e+00
2180             -2.48338333e-04 1.47344956e+00 -1.45357198e+01 -1.03614560e-04 1.47100428e+00 -9.43375662e+00 -1.44723774e-04 2.44527377e-03 -5.10196323e+00
2181             -3.93270436e-03 1.48385716e+00 -1.45361083e+01 -3.78881856e-03 1.48139350e+00 -9.43400312e+00 -1.43885807e-04 2.46365357e-03 -5.10210517e+00
2182             -7.77528369e-03 1.49681462e+00 -1.45355472e+01 -7.63386379e-03 1.49433106e+00 -9.43325223e+00 -1.41419899e-04 2.48356002e-03 -5.10229494e+00
2183             -1.06034127e-02 1.50978465e+00 -1.45344314e+01 -1.04649228e-02 1.50727785e+00 -9.43192345e+00 -1.38489892e-04 2.50680116e-03 -5.10250791e+00
2184             -1.24558500e-02 1.52231259e+00 -1.45332064e+01 -1.23161410e-02 1.51978518e+00 -9.43049265e+00 -1.39709039e-04 2.52741030e-03 -5.10271379e+00
2185             -1.38393848e-02 1.53438838e+00 -1.45326060e+01 -1.37016758e-02 1.53184204e+00 -9.42972996e+00 -1.37709025e-04 2.54633877e-03 -5.10287600e+00
2186             -1.42407431e-02 1.54516090e+00 -1.45328950e+01 -1.41064904e-02 1.54260405e+00 -9.42993470e+00 -1.34252677e-04 2.55684577e-03 -5.10296027e+00
2187             -1.33621492e-02 1.55243773e+00 -1.45336919e+01 -1.32267792e-02 1.54988394e+00 -9.43073773e+00 -1.35370008e-04 2.55379047e-03 -5.10295421e+00
2188             -1.10084452e-02 1.55626011e+00 -1.45343964e+01 -1.08658245e-02 1.55372498e+00 -9.43153202e+00 -1.42620712e-04 2.53512825e-03 -5.10286440e+00
2189             -7.17557199e-03 1.55705735e+00 -1.45348058e+01 -7.02182977e-03 1.55455020e+00 -9.43210903e+00 -1.53742221e-04 2.50714117e-03 -5.10269675e+00
2190             -3.59951489e-03 1.55560240e+00 -1.45346356e+01 -3.42966177e-03 1.55313236e+00 -9.43215820e+00 -1.69853116e-04 2.47004647e-03 -5.10247743e+00
2191             -1.35550519e-03 1.55407457e+00 -1.45343448e+01 -1.16977742e-03 1.55164839e+00 -9.43210225e+00 -1.85727772e-04 2.42618498e-03 -5.10224252e+00
2192             -2.11458451e-05 1.55377529e+00 -1.45337516e+01 1.75841297e-04 1.55139214e+00 -9.43172164e+00 -1.96987143e-04 2.38315547e-03 -5.10202997e+00
2193             1.94029177e-03 1.55367563e+00 -1.45336256e+01 2.14300506e-03 1.55133139e+00 -9.43175306e+00 -2.02713290e-04 2.34424034e-03 -5.10187256e+00
2194             6.13623586e-03 1.55333838e+00 -1.45342911e+01 6.33916154e-03 1.55102893e+00 -9.43249830e+00 -2.02925683e-04 2.30945093e-03 -5.10179282e+00
2195             1.19036388e-02 1.55212940e+00 -1.45360383e+01 1.20993347e-02 1.54985159e+00 -9.43423970e+00 -1.95695914e-04 2.27781687e-03 -5.10179856e+00
2196             1.69102782e-02 1.55078234e+00 -1.45383393e+01 1.70910461e-02 1.54853030e+00 -9.43645250e+00 -1.80767898e-04 2.25204617e-03 -5.10188683e+00
2197             1.91928423e-02 1.55057210e+00 -1.45403561e+01 1.93562912e-02 1.54834264e+00 -9.43831122e+00 -1.63448916e-04 2.22945748e-03 -5.10204487e+00
2198             2.05876723e-02 1.54993221e+00 -1.45410576e+01 2.07325870e-02 1.54772220e+00 -9.43880475e+00 -1.44914731e-04 2.21000864e-03 -5.10225287e+00
2199             2.33921175e-02 1.54698936e+00 -1.45408419e+01 2.35165117e-02 1.54479828e+00 -9.43835794e+00 -1.24394182e-04 2.19107528e-03 -5.10248399e+00
2200             2.60897625e-02 1.54133924e+00 -1.45402273e+01 2.61910481e-02 1.53916409e+00 -9.43751991e+00 -1.01285656e-04 2.17514958e-03 -5.10270738e+00
2201             2.64439414e-02 1.53486690e+00 -1.45397579e+01 2.65269197e-02 1.53269959e+00 -9.43687610e+00 -8.29782988e-05 2.16730356e-03 -5.10288181e+00
2202             2.35183100e-02 1.52946624e+00 -1.45398412e+01 2.35957755e-02 1.52729253e+00 -9.43685410e+00 -7.74654785e-05 2.17371840e-03 -5.10298709e+00
2203             1.90321924e-02 1.52480621e+00 -1.45401296e+01 1.91192829e-02 1.52260408e+00 -9.43712825e+00 -8.70905179e-05 2.20213041e-03 -5.10300131e+00
2204             1.52060526e-02 1.52054187e+00 -1.45398426e+01 1.53113000e-02 1.51829252e+00 -9.43692294e+00 -1.05247381e-04 2.24935206e-03 -5.10291968e+00
2205             1.32664942e-02 1.51570145e+00 -1.45389110e+01 1.33955813e-02 1.51339355e+00 -9.43615802e+00 -1.29087111e-04 2.30789974e-03 -5.10275298e+00
2206             1.16942844e-02 1.50939975e+00 -1.45372599e+01 1.18482425e-02 1.50703339e+00 -9.43472854e+00 -1.53958159e-04 2.36636245e-03 -5.10253140e+00
2207             9.56571666e-03 1.50226322e+00 -1.45353878e+01 9.73769537e-03 1.49983807e+00 -9.43310065e+00 -1.71978718e-04 2.42514511e-03 -5.10228715e+00
2208             6.92225002e-03 1.49449480e+00 -1.45334386e+01 7.11178617e-03 1.49202041e+00 -9.43138095e+00 -1.89536146e-04 2.47438905e-03 -5.10205768e+00
2209             5.37380397e-03 1.48577375e+00 -1.45318678e+01 5.57757835e-03 1.48326726e+00 -9.42998194e+00 -2.03774382e-04 2.50648451e-03 -5.10188586e+00
2210             4.60228696e-03 1.47667448e+00 -1.45310010e+01 4.81556913e-03 1.47415117e+00 -9.42920057e+00 -2.13282168e-04 2.52331368e-03 -5.10180041e+00
2211             4.27003450e-03 1.46821722e+00 -1.45314512e+01 4.48698530e-03 1.46568590e+00 -9.42965120e+00 -2.16950803e-04 2.53131529e-03 -5.10180004e+00
2212             3.31807034e-03 1.46238413e+00 -1.45328066e+01 3.53289330e-03 1.45985508e+00 -9.43092334e+00 -2.14822962e-04 2.52904383e-03 -5.10188329e+00
2213             6.38548947e-04 1.46085197e+00 -1.45341816e+01 8.43789148e-04 1.45832971e+00 -9.43214464e+00 -2.05240201e-04 2.52226435e-03 -5.10203698e+00
2214             -2.47305647e-03 1.46422258e+00 -1.45347137e+01 -2.28341080e-03 1.46170655e+00 -9.43247260e+00 -1.89645669e-04 2.51603266e-03 -5.10224114e+00
2215             -5.29078579e-03 1.47107992e+00 -1.45347566e+01 -5.11999025e-03 1.46856523e+00 -9.43229116e+00 -1.70795544e-04 2.51468915e-03 -5.10246544e+00
2216             -7.40809915e-03 1.48092416e+00 -1.45347437e+01 -7.25526355e-03 1.47841180e+00 -9.43206349e+00 -1.52835604e-04 2.51235599e-03 -5.10268020e+00
2217             -9.65751905e-03 1.49343268e+00 -1.45353147e+01 -9.52422805e-03 1.49092710e+00 -9.43245772e+00 -1.33291001e-04 2.50558158e-03 -5.10285703e+00
2218             -1.17180153e-02 1.50839765e+00 -1.45365535e+01 -1.16048241e-02 1.50590430e+00 -9.43359047e+00 -1.13191136e-04 2.49335324e-03 -5.10296300e+00
2219             -1.22059691e-02 1.52380687e+00 -1.45378959e+01 -1.21096976e-02 1.52133145e+00 -9.43491803e+00 -9.62714954e-05 2.47541847e-03 -5.10297787e+00
2220             -1.14848426e-02 1.53775129e+00 -1.45385101e+01 -1.13994279e-02 1.53530214e+00 -9.43561291e+00 -8.54147219e-05 2.44915413e-03 -5.10289719e+00
2221             -9.15440994e-03 1.54953850e+00 -1.45385987e+01 -9.07049729e-03 1.54712372e+00 -9.43586533e+00 -8.39126458e-05 2.41477500e-03 -5.10273336e+00
2222             -7.01335388e-03 1.55929718e+00 -1.45380302e+01 -6.92000316e-03 1.55691664e+00 -9.43552373e+00 -9.33507239e-05 2.38053968e-03 -5.10250643e+00
2223             -5.83237273e-03 1.56905651e+00 -1.45370762e+01 -5.71937054e-03 1.56670639e+00 -9.43482206e+00 -1.13002189e-04 2.35012610e-03 -5.10225414e+00
2224             -4.96197682e-03 1.57897169e+00 -1.45357045e+01 -4.82595399e-03 1.57664600e+00 -9.43368596e+00 -1.36022832e-04 2.32568784e-03 -5.10201858e+00
2225             -2.44897660e-03 1.58698320e+00 -1.45344287e+01 -2.29089574e-03 1.58467871e+00 -9.43258807e+00 -1.58080851e-04 2.30449017e-03 -5.10184060e+00
2226             1.83451851e-03 1.59194756e+00 -1.45336839e+01 2.01137041e-03 1.58966616e+00 -9.43193330e+00 -1.76851904e-04 2.28139700e-03 -5.10175055e+00
2227             7.71181405e-03 1.59337347e+00 -1.45340135e+01 7.90267035e-03 1.59111335e+00 -9.43225640e+00 -1.90856307e-04 2.26012440e-03 -5.10175712e+00
2228             1.29244702e-02 1.59108745e+00 -1.45352626e+01 1.31244529e-02 1.58884812e+00 -9.43340869e+00 -1.99982681e-04 2.23933111e-03 -5.10185389e+00
2229             1.65666105e-02 1.58557200e+00 -1.45367859e+01 1.67701150e-02 1.58334803e+00 -9.43476482e+00 -2.03504448e-04 2.22397446e-03 -5.10202104e+00
2230             1.99890008e-02 1.57725599e+00 -1.45374860e+01 2.01930883e-02 1.57504685e+00 -9.43525050e+00 -2.04087448e-04 2.20913437e-03 -5.10223552e+00
2231             2.42334473e-02 1.56546817e+00 -1.45374774e+01 2.44343059e-02 1.56327548e+00 -9.43499987e+00 -2.00858571e-04 2.19269338e-03 -5.10247756e+00
2232             2.82302566e-02 1.55000258e+00 -1.45371893e+01 2.84222694e-02 1.54782541e+00 -9.43447143e+00 -1.92012790e-04 2.17716276e-03 -5.10271786e+00
2233             3.02664729e-02 1.53342884e+00 -1.45371459e+01 3.04437153e-02 1.53125972e+00 -9.43423270e+00 -1.77242369e-04 2.16911218e-03 -5.10291322e+00
2234             2.91427930e-02 1.51880370e+00 -1.45379173e+01 2.93052571e-02 1.51662864e+00 -9.43488762e+00 -1.62464138e-04 2.17506270e-03 -5.10302971e+00
2235             2.63618203e-02 1.50671725e+00 -1.45392506e+01 2.65135818e-02 1.50451641e+00 -9.43620172e+00 -1.51761570e-04 2.20084005e-03 -5.10304887e+00
2236             2.30469822e-02 1.49662408e+00 -1.45400340e+01 2.31918448e-02 1.49437649e+00 -9.43707020e+00 -1.44862664e-04 2.24759149e-03 -5.10296379e+00
2237             2.00448424e-02 1.48789104e+00 -1.45402937e+01 2.01870206e-02 1.48558104e+00 -9.43750570e+00 -1.42178232e-04 2.31000207e-03 -5.10278804e+00
2238             1.70160036e-02 1.47930316e+00 -1.45398463e+01 1.71570097e-02 1.47692451e+00 -9.43729903e+00 -1.41006088e-04 2.37864658e-03 -5.10254727e+00
2239             1.32824632e-02 1.47212169e+00 -1.45390408e+01 1.34203152e-02 1.46968027e+00 -9.43675683e+00 -1.37852023e-04 2.44142107e-03 -5.10228393e+00
2240             8.99930409e-03 1.46704543e+00 -1.45377136e+01 9.13590658e-03 1.46455181e+00 -9.43567456e+00 -1.36602492e-04 2.49362280e-03 -5.10203901e+00
2241             5.87229282e-03 1.46377170e+00 -1.45361169e+01 6.00876534e-03 1.46124090e+00 -9.43426184e+00 -1.36472515e-04 2.53080069e-03 -5.10185510e+00
2242             3.33645039e-03 1.46179540e+00 -1.45348147e+01 3.47307154e-03 1.45924450e+00 -9.43305892e+00 -1.36621147e-04 2.55090422e-03 -5.10175580e+00
2243             1.00818591e-03 1.46097249e+00 -1.45347207e+01 1.14669974e-03 1.45841640e+00 -9.43297517e+00 -1.38513830e-04 2.55608836e-03 -5.10174551e+00
2244             -1.56417085e-03 1.46208242e+00 -1.45355350e+01 -1.42234425e-03 1.45953404e+00 -9.43371440e+00 -1.41826596e-04 2.54838134e-03 -5.10182065e+00
2245             -5.06313746e-03 1.46693787e+00 -1.45364227e+01 -4.91802399e-03 1.46440885e+00 -9.43444869e+00 -1.45113475e-04 2.52901924e-03 -5.10197397e+00
2246             -7.96785587e-03 1.47612172e+00 -1.45362080e+01 -7.81940713e-03 1.47361739e+00 -9.43401840e+00 -1.48448748e-04 2.50432519e-03 -5.10218955e+00
2247             -1.03448582e-02 1.48824610e+00 -1.45351691e+01 -1.01917341e-02 1.48576357e+00 -9.43273379e+00 -1.53124138e-04 2.48252702e-03 -5.10243534e+00
2248             -1.19773523e-02 1.50188900e+00 -1.45341404e+01 -1.18197689e-02 1.49942751e+00 -9.43145846e+00 -1.57583436e-04 2.46149004e-03 -5.10268198e+00
2249             -1.32954283e-02 1.51665547e+00 -1.45339658e+01 -1.31327646e-02 1.51421567e+00 -9.43106971e+00 -1.62663707e-04 2.43980519e-03 -5.10289608e+00
2250             -1.37395392e-02 1.53240054e+00 -1.45344847e+01 -1.35701723e-02 1.52998721e+00 -9.43144253e+00 -1.69366879e-04 2.41332729e-03 -5.10304212e+00
2251             -1.22918083e-02 1.54714745e+00 -1.45352185e+01 -1.21201786e-02 1.54475472e+00 -9.43213039e+00 -1.71629641e-04 2.39273712e-03 -5.10308807e+00
2252             -9.28337025e-03 1.55834171e+00 -1.45354791e+01 -9.11122819e-03 1.55596677e+00 -9.43246242e+00 -1.72142063e-04 2.37494278e-03 -5.10301665e+00
2253             -5.30138227e-03 1.56633870e+00 -1.45357915e+01 -5.12702921e-03 1.56398082e+00 -9.43294654e+00 -1.74353055e-04 2.35788676e-03 -5.10284492e+00
2254             -2.10137244e-03 1.57144728e+00 -1.45358817e+01 -1.92295755e-03 1.56910309e+00 -9.43327793e+00 -1.78414884e-04 2.34418366e-03 -5.10260380e+00
2255             -4.02289099e-04 1.57557823e+00 -1.45357861e+01 -2.18827611e-04 1.57323856e+00 -9.43345728e+00 -1.83461488e-04 2.33967212e-03 -5.10232882e+00
2256             1.17814222e-03 1.57968049e+00 -1.45352902e+01 1.36381378e-03 1.57734046e+00 -9.43322710e+00 -1.85671554e-04 2.34003138e-03 -5.10206311e+00
2257             4.06631018e-03 1.58272538e+00 -1.45345382e+01 4.24992221e-03 1.58037932e+00 -9.43268650e+00 -1.83612028e-04 2.34606049e-03 -5.10185173e+00
2258             7.56922506e-03 1.58319971e+00 -1.45341053e+01 7.74963738e-03 1.58084447e+00 -9.43238245e+00 -1.80412320e-04 2.35523959e-03 -5.10172284e+00
2259             1.11445753e-02 1.58039161e+00 -1.45349629e+01 1.13204070e-02 1.57802813e+00 -9.43327057e+00 -1.75831654e-04 2.36347662e-03 -5.10169230e+00
2260             1.38066353e-02 1.57346647e+00 -1.45370168e+01 1.39757158e-02 1.57110111e+00 -9.43525838e+00 -1.69080542e-04 2.36535510e-03 -5.10175841e+00
2261             1.60427516e-02 1.56414031e+00 -1.45394979e+01 1.62052264e-02 1.56178470e+00 -9.43758520e+00 -1.62474834e-04 2.35561142e-03 -5.10191266e+00
2262             1.82955342e-02 1.55426877e+00 -1.45408998e+01 1.84523146e-02 1.55193199e+00 -9.43877088e+00 -1.56780465e-04 2.33678690e-03 -5.10212892e+00
2263             2.05985498e-02 1.54290597e+00 -1.45410825e+01 2.07462831e-02 1.54059784e+00 -9.43870082e+00 -1.47733367e-04 2.30813705e-03 -5.10238171e+00
2264             2.33524083e-02 1.52888567e+00 -1.45405470e+01 2.34878632e-02 1.52661712e+00 -9.43790647e+00 -1.35454872e-04 2.26854217e-03 -5.10264048e+00
2265             2.48882280e-02 1.51406055e+00 -1.45401937e+01 2.50093659e-02 1.51183910e+00 -9.43732334e+00 -1.21137950e-04 2.22145336e-03 -5.10287034e+00
2266             2.41004239e-02 1.50196846e+00 -1.45403928e+01 2.42120451e-02 1.49978908e+00 -9.43736033e+00 -1.11621253e-04 2.17937258e-03 -5.10303245e+00
2267             2.18482114e-02 1.49464372e+00 -1.45409125e+01 2.19593377e-02 1.49248757e+00 -9.43781261e+00 -1.11126285e-04 2.15615512e-03 -5.10309984e+00
2268             1.91973953e-02 1.49106520e+00 -1.45408947e+01 1.93171458e-02 1.48890716e+00 -9.43783260e+00 -1.19750471e-04 2.15804255e-03 -5.10306214e+00
2269             1.65391217e-02 1.48972607e+00 -1.45405506e+01 1.66729449e-02 1.48753990e+00 -9.43762248e+00 -1.33823195e-04 2.18616899e-03 -5.10292813e+00
2270             1.43444622e-02 1.48883893e+00 -1.45395852e+01 1.44921217e-02 1.48660946e+00 -9.43686242e+00 -1.47659493e-04 2.22946595e-03 -5.10272274e+00
2271             1.19643185e-02 1.48855512e+00 -1.45382374e+01 1.21217490e-02 1.48627166e+00 -9.43576099e+00 -1.57430477e-04 2.28345849e-03 -5.10247638e+00
2272             9.91484412e-03 1.48993099e+00 -1.45362120e+01 1.00811236e-02 1.48758503e+00 -9.43398369e+00 -1.66279495e-04 2.34596105e-03 -5.10222831e+00
2273             8.48575594e-03 1.49152574e+00 -1.45338324e+01 8.65843173e-03 1.48910933e+00 -9.43181861e+00 -1.72675790e-04 2.41641010e-03 -5.10201376e+00
2274             7.27067964e-03 1.49167472e+00 -1.45319069e+01 7.44811321e-03 1.48919368e+00 -9.43004511e+00 -1.77433577e-04 2.48103944e-03 -5.10186177e+00
2275             5.63816655e-03 1.49049833e+00 -1.45315923e+01 5.82053869e-03 1.48796062e+00 -9.42979565e+00 -1.82372142e-04 2.53771430e-03 -5.10179660e+00
2276             3.32391046e-03 1.48862459e+00 -1.45326845e+01 3.51136039e-03 1.48603927e+00 -9.43085991e+00 -1.87449930e-04 2.58532012e-03 -5.10182460e+00
2277             3.71767205e-04 1.48798383e+00 -1.45342989e+01 5.59831677e-04 1.48536007e+00 -9.43236487e+00 -1.88064472e-04 2.62375992e-03 -5.10193403e+00
2278             -2.34965104e-03 1.48961591e+00 -1.45348499e+01 -2.16566554e-03 1.48696620e+00 -9.43273906e+00 -1.83985505e-04 2.64971484e-03 -5.10211084e+00
2279             -4.66886383e-03 1.49359004e+00 -1.45344102e+01 -4.48962577e-03 1.49092380e+00 -9.43208048e+00 -1.79238063e-04 2.66624452e-03 -5.10232968e+00
2280             -7.16705385e-03 1.49798633e+00 -1.45337887e+01 -6.99108141e-03 1.49531295e+00 -9.43122572e+00 -1.75972441e-04 2.67337625e-03 -5.10256294e+00
2281             -9.39235688e-03 1.50222689e+00 -1.45342033e+01 -9.21765266e-03 1.49956098e+00 -9.43142793e+00 -1.74704228e-04 2.66591153e-03 -5.10277532e+00
2282             -1.05465996e-02 1.50685066e+00 -1.45354188e+01 -1.03754595e-02 1.50421353e+00 -9.43249015e+00 -1.71140085e-04 2.63713129e-03 -5.10292868e+00
2283             -1.00476844e-02 1.51228022e+00 -1.45369578e+01 -9.88599919e-03 1.50969607e+00 -9.43395934e+00 -1.61685202e-04 2.58414577e-03 -5.10299848e+00
2284             -8.19588043e-03 1.51729943e+00 -1.45379625e+01 -8.04825861e-03 1.51478359e+00 -9.43499311e+00 -1.47621820e-04 2.51584842e-03 -5.10296939e+00
2285             -5.81822532e-03 1.52265126e+00 -1.45387266e+01 -5.68370903e-03 1.52021620e+00 -9.43587752e+00 -1.34516284e-04 2.43505106e-03 -5.10284903e+00
2286             -3.60211599e-03 1.52846128e+00 -1.45389576e+01 -3.47712019e-03 1.52610802e+00 -9.43630265e+00 -1.24995807e-04 2.35325876e-03 -5.10265497e+00
2287             -2.22950506e-03 1.53588835e+00 -1.45387495e+01 -2.10652509e-03 1.53360958e+00 -9.43632545e+00 -1.22979969e-04 2.27877406e-03 -5.10242402e+00
2288             -1.64898499e-04 1.54621253e+00 -1.45378954e+01 -3.83713502e-05 1.54399568e+00 -9.43570235e+00 -1.26527149e-04 2.21685084e-03 -5.10219310e+00
2289             2.47076255e-03 1.55916500e+00 -1.45365452e+01 2.60268225e-03 1.55699497e+00 -9.43454100e+00 -1.31919708e-04 2.17003326e-03 -5.10200423e+00
2290             5.24698203e-03 1.57241665e+00 -1.45352457e+01 5.38700278e-03 1.57027656e+00 -9.43335716e+00 -1.40020751e-04 2.14008502e-03 -5.10188853e+00
2291             8.07440156e-03 1.58378744e+00 -1.45352235e+01 8.22278369e-03 1.58165632e+00 -9.43336593e+00 -1.48382126e-04 2.13111271e-03 -5.10185758e+00
2292             1.10029304e-02 1.59095968e+00 -1.45364235e+01 1.11558260e-02 1.58882251e+00 -9.43451789e+00 -1.52895665e-04 2.13716876e-03 -5.10190560e+00
2293             1.42682609e-02 1.59429723e+00 -1.45381531e+01 1.44264300e-02 1.59214197e+00 -9.43612639e+00 -1.58169104e-04 2.15526098e-03 -5.10202670e+00
2294             1.71308815e-02 1.59439813e+00 -1.45388360e+01 1.72959482e-02 1.59221597e+00 -9.43663139e+00 -1.65066681e-04 2.18215185e-03 -5.10220465e+00
2295             1.98065985e-02 1.58922847e+00 -1.45382863e+01 1.99745619e-02 1.58701088e+00 -9.43587475e+00 -1.67963404e-04 2.21758533e-03 -5.10241157e+00
2296             2.33710950e-02 1.57707125e+00 -1.45371497e+01 2.35405837e-02 1.57482274e+00 -9.43452956e+00 -1.69488694e-04 2.24851654e-03 -5.10262009e+00
2297             2.60877134e-02 1.55957176e+00 -1.45367697e+01 2.62566499e-02 1.55729724e+00 -9.43395893e+00 -1.68936471e-04 2.27451260e-03 -5.10281080e+00
2298             2.68038854e-02 1.54045979e+00 -1.45370908e+01 2.69711450e-02 1.53815877e+00 -9.43414395e+00 -1.67259609e-04 2.30102319e-03 -5.10294682e+00
2299             2.57529514e-02 1.52257280e+00 -1.45379713e+01 2.59200475e-02 1.52023745e+00 -9.43497179e+00 -1.67096097e-04 2.33534355e-03 -5.10299948e+00
2300             2.36063470e-02 1.50588594e+00 -1.45385225e+01 2.37757553e-02 1.50350979e+00 -9.43556232e+00 -1.69408360e-04 2.37614792e-03 -5.10296020e+00
2301             2.04789566e-02 1.48981309e+00 -1.45387914e+01 2.06503933e-02 1.48738983e+00 -9.43595888e+00 -1.71436714e-04 2.42326175e-03 -5.10283249e+00
2302             1.74054715e-02 1.47355942e+00 -1.45385609e+01 1.75775535e-02 1.47109004e+00 -9.43592734e+00 -1.72082067e-04 2.46937964e-03 -5.10263351e+00
2303             1.46222500e-02 1.45778876e+00 -1.45380387e+01 1.47911850e-02 1.45528327e+00 -9.43564000e+00 -1.68935045e-04 2.50548730e-03 -5.10239875e+00
2304             1.27702118e-02 1.44527555e+00 -1.45369776e+01 1.29314427e-02 1.44274721e+00 -9.43480974e+00 -1.61230897e-04 2.52834469e-03 -5.10216786e+00
2305             1.06596572e-02 1.43694080e+00 -1.45357933e+01 1.08133681e-02 1.43440548e+00 -9.43381005e+00 -1.53710884e-04 2.53532154e-03 -5.10198324e+00
2306             7.82723314e-03 1.43250178e+00 -1.45348289e+01 7.97236596e-03 1.42997127e+00 -9.43296468e+00 -1.45132824e-04 2.53050569e-03 -5.10186423e+00
2307             4.57477891e-03 1.43264040e+00 -1.45347876e+01 4.71145562e-03 1.43012525e+00 -9.43295466e+00 -1.36676709e-04 2.51514800e-03 -5.10183290e+00
2308             1.36205239e-03 1.43705036e+00 -1.45357102e+01 1.49452330e-03 1.43455403e+00 -9.43382392e+00 -1.32470905e-04 2.49632752e-03 -5.10188633e+00
2309             -1.32625162e-03 1.44662585e+00 -1.45370606e+01 -1.19431724e-03 1.44415139e+00 -9.43504072e+00 -1.31934374e-04 2.47445826e-03 -5.10201983e+00
2310             -4.47509477e-03 1.46179923e+00 -1.45373512e+01 -4.34133291e-03 1.45934347e+00 -9.43513830e+00 -1.33761862e-04 2.45576080e-03 -5.10221290e+00
2311             -7.48947645e-03 1.48230295e+00 -1.45364931e+01 -7.35131312e-03 1.47985655e+00 -9.43405513e+00 -1.38163328e-04 2.44639984e-03 -5.10243795e+00
2312             -1.05378127e-02 1.50479561e+00 -1.45353966e+01 -1.03919055e-02 1.50234823e+00 -9.43273328e+00 -1.45907180e-04 2.44738469e-03 -5.10266335e+00
2313             -1.23035860e-02 1.52655729e+00 -1.45351017e+01 -1.21483203e-02 1.52410410e+00 -9.43224018e+00 -1.55265625e-04 2.45319060e-03 -5.10286153e+00
2314             -1.25225916e-02 1.54606306e+00 -1.45352269e+01 -1.23608148e-02 1.54360485e+00 -9.43222834e+00 -1.61776820e-04 2.45821233e-03 -5.10299855e+00
2315             -1.14062485e-02 1.56291648e+00 -1.45354172e+01 -1.12412111e-02 1.56046241e+00 -9.43236568e+00 -1.65037377e-04 2.45406764e-03 -5.10305152e+00
2316             -8.98466817e-03 1.57522868e+00 -1.45353325e+01 -8.82131197e-03 1.57278369e+00 -9.43232816e+00 -1.63356199e-04 2.44498747e-03 -5.10300435e+00
2317             -6.15722793e-03 1.58235833e+00 -1.45353043e+01 -5.99946653e-03 1.57992372e+00 -9.43244757e+00 -1.57761400e-04 2.43460587e-03 -5.10285671e+00
2318             -2.97773704e-03 1.58461694e+00 -1.45352096e+01 -2.82236999e-03 1.58219723e+00 -9.43257694e+00 -1.55367053e-04 2.41970428e-03 -5.10263262e+00
2319             2.34666005e-04 1.58302833e+00 -1.45350788e+01 3.93979361e-04 1.58062304e+00 -9.43269992e+00 -1.59313356e-04 2.40528213e-03 -5.10237885e+00
2320             3.86005297e-03 1.58005744e+00 -1.45345328e+01 4.02665999e-03 1.57766532e+00 -9.43240137e+00 -1.66607020e-04 2.39212286e-03 -5.10213144e+00
2321             7.02087716e-03 1.57671695e+00 -1.45336591e+01 7.19297442e-03 1.57433707e+00 -9.43173347e+00 -1.72097268e-04 2.37988232e-03 -5.10192567e+00
2322             9.13330604e-03 1.57208653e+00 -1.45328675e+01 9.30713595e-03 1.56972205e+00 -9.43107506e+00 -1.73829903e-04 2.36448564e-03 -5.10179244e+00
2323             1.07278543e-02 1.56557102e+00 -1.45332077e+01 1.09011517e-02 1.56322560e+00 -9.43145795e+00 -1.73297470e-04 2.34541914e-03 -5.10174971e+00
2324             1.32343277e-02 1.55667925e+00 -1.45347986e+01 1.34049042e-02 1.55435567e+00 -9.43300262e+00 -1.70576467e-04 2.32357740e-03 -5.10179601e+00
2325             1.67265177e-02 1.54634079e+00 -1.45372966e+01 1.68913185e-02 1.54404200e+00 -9.43537024e+00 -1.64800806e-04 2.29879016e-03 -5.10192638e+00
2326             1.92891827e-02 1.53623320e+00 -1.45394408e+01 1.94469895e-02 1.53396396e+00 -9.43731802e+00 -1.57806828e-04 2.26923488e-03 -5.10212277e+00
2327             2.09922054e-02 1.52690978e+00 -1.45404749e+01 2.11436256e-02 1.52467261e+00 -9.43811334e+00 -1.51420153e-04 2.23717281e-03 -5.10236159e+00
2328             2.28732669e-02 1.51754116e+00 -1.45404781e+01 2.30157270e-02 1.51533596e+00 -9.43786633e+00 -1.42460063e-04 2.20520484e-03 -5.10261172e+00
2329             2.47661631e-02 1.50838497e+00 -1.45406133e+01 2.48985379e-02 1.50620890e+00 -9.43776961e+00 -1.32374851e-04 2.17606558e-03 -5.10284367e+00
2330             2.58219612e-02 1.50113561e+00 -1.45407306e+01 2.59428785e-02 1.49897711e+00 -9.43771731e+00 -1.20917321e-04 2.15850324e-03 -5.10301333e+00
2331             2.52125825e-02 1.49819611e+00 -1.45409769e+01 2.53257868e-02 1.49603740e+00 -9.43788299e+00 -1.13204359e-04 2.15870591e-03 -5.10309395e+00
2332             2.25583411e-02 1.49857028e+00 -1.45410118e+01 2.26692228e-02 1.49638800e+00 -9.43794126e+00 -1.10881752e-04 2.18228680e-03 -5.10307052e+00
2333             1.80881820e-02 1.50028639e+00 -1.45408101e+01 1.82005105e-02 1.49805724e+00 -9.43785985e+00 -1.12328511e-04 2.22914645e-03 -5.10295021e+00
2334             1.37016596e-02 1.50113181e+00 -1.45401575e+01 1.38183882e-02 1.49883967e+00 -9.43740853e+00 -1.16728601e-04 2.29213541e-03 -5.10274896e+00
2335             1.14759149e-02 1.49985026e+00 -1.45388327e+01 1.15967080e-02 1.49749074e+00 -9.43632988e+00 -1.20793130e-04 2.35952031e-03 -5.10250286e+00
2336             1.05330228e-02 1.49751879e+00 -1.45366460e+01 1.06563792e-02 1.49508995e+00 -9.43439788e+00 -1.23356395e-04 2.42884590e-03 -5.10224811e+00
2337             8.85256103e-03 1.49521902e+00 -1.45341153e+01 8.98386444e-03 1.49272763e+00 -9.43208633e+00 -1.31303408e-04 2.49139054e-03 -5.10202898e+00
2338             5.94346170e-03 1.49226248e+00 -1.45319001e+01 6.08247674e-03 1.48971501e+00 -9.43002824e+00 -1.39015043e-04 2.54747325e-03 -5.10187181e+00
2339             3.01499667e-03 1.48836109e+00 -1.45308062e+01 3.16147314e-03 1.48576766e+00 -9.42901508e+00 -1.46476473e-04 2.59342447e-03 -5.10179116e+00
2340             8.88614730e-04 1.48365571e+00 -1.45310829e+01 1.04731339e-03 1.48102972e+00 -9.42928791e+00 -1.58698663e-04 2.62599155e-03 -5.10179502e+00
2341             -3.48722090e-04 1.47957560e+00 -1.45322861e+01 -1.74196652e-04 1.47693089e+00 -9.43039434e+00 -1.74525438e-04 2.64470690e-03 -5.10189179e+00
2342             -2.15531747e-03 1.47858267e+00 -1.45331470e+01 -1.96612566e-03 1.47593101e+00 -9.43108858e+00 -1.89191810e-04 2.65166214e-03 -5.10205845e+00
2343             -4.21135501e-03 1.48199556e+00 -1.45331908e+01 -4.01104201e-03 1.47934906e+00 -9.43091705e+00 -2.00312992e-04 2.64649969e-03 -5.10227372e+00
2344             -6.59751534e-03 1.48805180e+00 -1.45329713e+01 -6.39116172e-03 1.48542290e+00 -9.43046549e+00 -2.06353616e-04 2.62890121e-03 -5.10250584e+00
2345             -7.84162346e-03 1.49480051e+00 -1.45333095e+01 -7.63296272e-03 1.49219983e+00 -9.43058747e+00 -2.08660742e-04 2.60067925e-03 -5.10272204e+00
2346             -7.84701250e-03 1.50163827e+00 -1.45341298e+01 -7.64216823e-03 1.49907830e+00 -9.43124306e+00 -2.04844263e-04 2.55996740e-03 -5.10288673e+00
2347             -6.54577820e-03 1.50959356e+00 -1.45354707e+01 -6.35313357e-03 1.50708760e+00 -9.43249556e+00 -1.92644627e-04 2.50595926e-03 -5.10297515e+00
2348             -4.54377756e-03 1.51872783e+00 -1.45369433e+01 -4.37024447e-03 1.51628512e+00 -9.43397246e+00 -1.73533090e-04 2.44270930e-03 -5.10297081e+00
2349             -2.99987295e-03 1.52805456e+00 -1.45382241e+01 -2.84989279e-03 1.52567503e+00 -9.43535242e+00 -1.49980159e-04 2.37953766e-03 -5.10287170e+00
2350             -1.60266304e-03 1.53821030e+00 -1.45389736e+01 -1.47726911e-03 1.53588843e+00 -9.43627819e+00 -1.25393935e-04 2.32186569e-03 -5.10269540e+00
2351             9.55403039e-04 1.54834714e+00 -1.45390770e+01 1.06011567e-03 1.54607386e+00 -9.43660376e+00 -1.04712627e-04 2.27328690e-03 -5.10247327e+00
2352             3.76042755e-03 1.55898696e+00 -1.45384473e+01 3.85319083e-03 1.55675170e+00 -9.43620525e+00 -9.27632839e-05 2.23525354e-03 -5.10224209e+00
2353             5.79995445e-03 1.57036312e+00 -1.45373097e+01 5.88625518e-03 1.56815277e+00 -9.43527009e+00 -8.63007261e-05 2.21034730e-03 -5.10203966e+00
2354             6.19116792e-03 1.58123364e+00 -1.45360477e+01 6.27619960e-03 1.57903631e+00 -9.43415454e+00 -8.50316876e-05 2.19733246e-03 -5.10189316e+00
2355             5.78478373e-03 1.58923266e+00 -1.45354947e+01 5.87544013e-03 1.58703581e+00 -9.43367454e+00 -9.06564050e-05 2.19685580e-03 -5.10182019e+00
2356             7.00108976e-03 1.59299754e+00 -1.45358898e+01 7.10424852e-03 1.59079300e+00 -9.43405947e+00 -1.03158764e-04 2.20453169e-03 -5.10183031e+00
2357             1.02452914e-02 1.59218365e+00 -1.45369210e+01 1.03612075e-02 1.58996662e+00 -9.43499751e+00 -1.15916128e-04 2.21702908e-03 -5.10192348e+00
2358             1.33632748e-02 1.58746842e+00 -1.45377050e+01 1.34945224e-02 1.58523601e+00 -9.43562155e+00 -1.31247593e-04 2.23241052e-03 -5.10208344e+00
2359             1.57080196e-02 1.57992300e+00 -1.45376365e+01 1.58583512e-02 1.57767643e+00 -9.43534508e+00 -1.50331629e-04 2.24656628e-03 -5.10229145e+00
2360             1.78367633e-02 1.56803029e+00 -1.45368947e+01 1.80017284e-02 1.56576880e+00 -9.43437881e+00 -1.64965046e-04 2.26148806e-03 -5.10251587e+00
2361             2.15307782e-02 1.55181520e+00 -1.45363852e+01 2.17073601e-02 1.54954442e+00 -9.43366033e+00 -1.76581888e-04 2.27078700e-03 -5.10272487e+00
2362             2.52655450e-02 1.53352800e+00 -1.45361508e+01 2.54497101e-02 1.53124938e+00 -9.43326222e+00 -1.84165135e-04 2.27862895e-03 -5.10288856e+00
2363             2.69855710e-02 1.51689808e+00 -1.45365010e+01 2.71737540e-02 1.51460879e+00 -9.43351434e+00 -1.88183007e-04 2.28929246e-03 -5.10298670e+00
2364             2.55634741e-02 1.50282086e+00 -1.45372226e+01 2.57522082e-02 1.50051048e+00 -9.43422898e+00 -1.88734103e-04 2.31037698e-03 -5.10299364e+00
2365             2.22945281e-02 1.49029168e+00 -1.45378238e+01 2.24793275e-02 1.48795294e+00 -9.43491599e+00 -1.84799372e-04 2.33873783e-03 -5.10290784e+00
2366             1.89845209e-02 1.47886667e+00 -1.45380611e+01 1.91606393e-02 1.47649338e+00 -9.43531770e+00 -1.76118357e-04 2.37329354e-03 -5.10274337e+00
2367             1.79263585e-02 1.46759365e+00 -1.45376592e+01 1.80898783e-02 1.46518291e+00 -9.43513187e+00 -1.63519786e-04 2.41073797e-03 -5.10252730e+00
2368             1.70049463e-02 1.45773211e+00 -1.45368016e+01 1.71516786e-02 1.45528339e+00 -9.43450716e+00 -1.46732253e-04 2.44872071e-03 -5.10229442e+00
2369             1.46711736e-02 1.45124766e+00 -1.45358874e+01 1.48024879e-02 1.44876391e+00 -9.43380741e+00 -1.31314344e-04 2.48374897e-03 -5.10207995e+00
2370             1.11109441e-02 1.44856264e+00 -1.45350065e+01 1.12281150e-02 1.44605288e+00 -9.43308873e+00 -1.17170986e-04 2.50976300e-03 -5.10191780e+00
2371             6.72894104e-03 1.44912330e+00 -1.45347005e+01 6.83512806e-03 1.44659427e+00 -9.43286901e+00 -1.06187014e-04 2.52902811e-03 -5.10183147e+00
2372             2.82774718e-03 1.45311696e+00 -1.45350392e+01 2.92594512e-03 1.45057134e+00 -9.43321000e+00 -9.81979396e-05 2.54561384e-03 -5.10182923e+00
2373             -2.43323013e-04 1.45979745e+00 -1.45359139e+01 -1.44532682e-04 1.45724002e+00 -9.43400449e+00 -9.87903310e-05 2.55743423e-03 -5.10190942e+00
2374             -3.27195379e-03 1.47029441e+00 -1.45365681e+01 -3.16548165e-03 1.46773182e+00 -9.43451394e+00 -1.06472143e-04 2.56259212e-03 -5.10205419e+00
2375             -6.95850493e-03 1.48498669e+00 -1.45366240e+01 -6.83953254e-03 1.48242476e+00 -9.43437716e+00 -1.18972386e-04 2.56193564e-03 -5.10224686e+00
2376             -1.04610959e-02 1.50265354e+00 -1.45360207e+01 -1.03252947e-02 1.50009703e+00 -9.43356765e+00 -1.35801247e-04 2.55651475e-03 -5.10245302e+00
2377             -1.22820200e-02 1.52002996e+00 -1.45353110e+01 -1.21266961e-02 1.51748360e+00 -9.43266489e+00 -1.55323877e-04 2.54635973e-03 -5.10264615e+00
2378             -1.20885815e-02 1.53513720e+00 -1.45348000e+01 -1.19160211e-02 1.53261150e+00 -9.43200259e+00 -1.72560459e-04 2.52569991e-03 -5.10279736e+00
2379             -1.01661301e-02 1.54842140e+00 -1.45348500e+01 -9.98427691e-03 1.54593432e+00 -9.43196073e+00 -1.81853205e-04 2.48707137e-03 -5.10288931e+00
2380             -7.66218945e-03 1.56001205e+00 -1.45351906e+01 -7.47969084e-03 1.55757515e+00 -9.43228599e+00 -1.82498611e-04 2.43689575e-03 -5.10290466e+00
2381             -5.53180372e-03 1.56892434e+00 -1.45354465e+01 -5.35300376e-03 1.56654187e+00 -9.43260683e+00 -1.78799952e-04 2.38246717e-03 -5.10283971e+00
2382             -2.72177940e-03 1.57503781e+00 -1.45354929e+01 -2.55206135e-03 1.57270406e+00 -9.43279586e+00 -1.69718046e-04 2.33375071e-03 -5.10269706e+00
2383             2.26408639e-03 1.57764368e+00 -1.45353605e+01 2.42473488e-03 1.57535345e+00 -9.43286093e+00 -1.60648490e-04 2.29022784e-03 -5.10249959e+00
2384             6.96566030e-03 1.57823765e+00 -1.45349562e+01 7.12394753e-03 1.57598490e+00 -9.43266777e+00 -1.58287226e-04 2.25275277e-03 -5.10228840e+00
2385             9.89608321e-03 1.57878044e+00 -1.45345003e+01 1.00563696e-02 1.57655610e+00 -9.43239797e+00 -1.60286347e-04 2.22433904e-03 -5.10210229e+00
2386             1.08165063e-02 1.57936650e+00 -1.45338947e+01 1.09774677e-02 1.57715931e+00 -9.43193627e+00 -1.60961411e-04 2.20718937e-03 -5.10195841e+00
2387             1.10507258e-02 1.57801891e+00 -1.45337773e+01 1.12104761e-02 1.57581928e+00 -9.43190081e+00 -1.59750273e-04 2.19963202e-03 -5.10187648e+00
2388             1.27033151e-02 1.57433485e+00 -1.45346078e+01 1.28607886e-02 1.57213530e+00 -9.43274185e+00 -1.57473461e-04 2.19955758e-03 -5.10186591e+00
2389             1.54091404e-02 1.56720276e+00 -1.45364221e+01 1.55600406e-02 1.56499595e+00 -9.43449283e+00 -1.50900182e-04 2.20681290e-03 -5.10192928e+00
2390             1.80721171e-02 1.55759072e+00 -1.45384170e+01 1.82170738e-02 1.55537122e+00 -9.43636096e+00 -1.44956673e-04 2.21949712e-03 -5.10205602e+00
2391             1.93152078e-02 1.54724933e+00 -1.45398623e+01 1.94570097e-02 1.54501450e+00 -9.43763089e+00 -1.41801927e-04 2.23483304e-03 -5.10223142e+00
2392             1.98521386e-02 1.53663947e+00 -1.45404905e+01 1.99942303e-02 1.53439000e+00 -9.43805899e+00 -1.42091653e-04 2.24947352e-03 -5.10243149e+00
2393             2.17660968e-02 1.52493908e+00 -1.45405910e+01 2.19077721e-02 1.52267483e+00 -9.43796476e+00 -1.41675296e-04 2.26425018e-03 -5.10262622e+00
2394             2.42305840e-02 1.51345855e+00 -1.45403597e+01 2.43676165e-02 1.51118027e+00 -9.43757123e+00 -1.37032500e-04 2.27828348e-03 -5.10278851e+00
2395             2.47286196e-02 1.50413250e+00 -1.45403291e+01 2.48593635e-02 1.50183755e+00 -9.43743421e+00 -1.30743881e-04 2.29495187e-03 -5.10289487e+00
2396             2.21721020e-02 1.49760576e+00 -1.45405726e+01 2.22980131e-02 1.49528972e+00 -9.43765311e+00 -1.25911100e-04 2.31603931e-03 -5.10291945e+00
2397             1.76115487e-02 1.49253200e+00 -1.45407227e+01 1.77344841e-02 1.49019020e+00 -9.43786718e+00 -1.22935373e-04 2.34180486e-03 -5.10285549e+00
2398             1.37196949e-02 1.48849328e+00 -1.45403086e+01 1.38407898e-02 1.48612484e+00 -9.43759173e+00 -1.21094827e-04 2.36843503e-03 -5.10271692e+00
2399             1.23172048e-02 1.48411286e+00 -1.45392106e+01 1.24382893e-02 1.48172130e+00 -9.43667853e+00 -1.21084503e-04 2.39155945e-03 -5.10253207e+00
2400             1.19238775e-02 1.47919303e+00 -1.45374884e+01 1.20465033e-02 1.47677963e+00 -9.43515828e+00 -1.22625788e-04 2.41340305e-03 -5.10233013e+00
2401             1.03116102e-02 1.47584117e+00 -1.45358334e+01 1.04357386e-02 1.47340957e+00 -9.43368913e+00 -1.24128483e-04 2.43160022e-03 -5.10214431e+00
2402             7.41327288e-03 1.47508454e+00 -1.45341669e+01 7.54255380e-03 1.47263771e+00 -9.43216280e+00 -1.29280916e-04 2.44683623e-03 -5.10200407e+00
2403             3.96715784e-03 1.47640910e+00 -1.45329093e+01 4.10760265e-03 1.47395293e+00 -9.43097598e+00 -1.40444814e-04 2.45617056e-03 -5.10193337e+00
2404             1.75414006e-03 1.47908599e+00 -1.45321854e+01 1.90746646e-03 1.47661486e+00 -9.43024897e+00 -1.53326403e-04 2.47113296e-03 -5.10193646e+00
2405             1.00422913e-03 1.48235727e+00 -1.45323928e+01 1.17469785e-03 1.47986546e+00 -9.43039298e+00 -1.70468723e-04 2.49180585e-03 -5.10199981e+00
2406             2.55886579e-04 1.48793682e+00 -1.45332627e+01 4.46912424e-04 1.48542496e+00 -9.43114362e+00 -1.91025845e-04 2.51186241e-03 -5.10211906e+00
2407             -2.12127045e-03 1.49641413e+00 -1.45342378e+01 -1.91163232e-03 1.49388297e+00 -9.43195616e+00 -2.09638129e-04 2.53115974e-03 -5.10228159e+00
2408             -4.42068208e-03 1.50758089e+00 -1.45345787e+01 -4.19817044e-03 1.50503444e+00 -9.43212279e+00 -2.22511640e-04 2.54645009e-03 -5.10245587e+00
2409             -5.46959016e-03 1.51853590e+00 -1.45346180e+01 -5.24350999e-03 1.51598204e+00 -9.43199752e+00 -2.26080178e-04 2.55386703e-03 -5.10262053e+00
2410             -4.57865859e-03 1.52797578e+00 -1.45346306e+01 -4.35626225e-03 1.52542641e+00 -9.43187916e+00 -2.22396342e-04 2.54937067e-03 -5.10275146e+00
2411             -3.17205992e-03 1.53579162e+00 -1.45352186e+01 -2.96167093e-03 1.53325612e+00 -9.43239161e+00 -2.10388988e-04 2.53550238e-03 -5.10282695e+00
2412             -2.18795354e-03 1.54290613e+00 -1.45362357e+01 -1.99862877e-03 1.54039579e+00 -9.43340169e+00 -1.89324771e-04 2.51034497e-03 -5.10283396e+00
2413             -1.62586988e-03 1.54843151e+00 -1.45374561e+01 -1.46301232e-03 1.54595314e+00 -9.43468653e+00 -1.62857555e-04 2.47837400e-03 -5.10276959e+00
2414             9.83588164e-05 1.55257284e+00 -1.45384138e+01 2.34333670e-04 1.55013512e+00 -9.43576979e+00 -1.35974854e-04 2.43771208e-03 -5.10264405e+00
2415             3.55755730e-03 1.55533411e+00 -1.45388969e+01 3.66925614e-03 1.55294085e+00 -9.43642125e+00 -1.11698840e-04 2.39325357e-03 -5.10247561e+00
2416             7.03026264e-03 1.55710172e+00 -1.45386704e+01 7.12570260e-03 1.55475335e+00 -9.43638157e+00 -9.54399627e-05 2.34836831e-03 -5.10228879e+00
2417             8.45041623e-03 1.55948382e+00 -1.45382836e+01 8.53723539e-03 1.55718144e+00 -9.43616494e+00 -8.68191562e-05 2.30237722e-03 -5.10211869e+00
2418             7.79186273e-03 1.56239060e+00 -1.45375234e+01 7.87490255e-03 1.56013703e+00 -9.43553409e+00 -8.30398148e-05 2.25357111e-03 -5.10198927e+00
2419             6.74407416e-03 1.56428230e+00 -1.45367969e+01 6.82942151e-03 1.56207637e+00 -9.43487598e+00 -8.53473416e-05 2.20592170e-03 -5.10192088e+00
2420             7.65473450e-03 1.56532966e+00 -1.45364065e+01 7.74878434e-03 1.56316719e+00 -9.43447847e+00 -9.40498422e-05 2.16247720e-03 -5.10192801e+00
2421             1.00935030e-02 1.56399361e+00 -1.45369648e+01 1.01995473e-02 1.56186579e+00 -9.43495680e+00 -1.06044317e-04 2.12782192e-03 -5.10200802e+00
2422             1.33913721e-02 1.56047384e+00 -1.45381185e+01 1.35139619e-02 1.55836782e+00 -9.43597039e+00 -1.22589858e-04 2.10602132e-03 -5.10214812e+00
2423             1.54856797e-02 1.55637632e+00 -1.45393503e+01 1.56275849e-02 1.55428244e+00 -9.43701408e+00 -1.41905166e-04 2.09388331e-03 -5.10233619e+00
2424             1.74126528e-02 1.55275187e+00 -1.45396464e+01 1.75750289e-02 1.55065370e+00 -9.43710285e+00 -1.62376091e-04 2.09816788e-03 -5.10254359e+00
2425             2.08431198e-02 1.54783232e+00 -1.45389659e+01 2.10234206e-02 1.54571126e+00 -9.43622960e+00 -1.80300786e-04 2.12106275e-03 -5.10273629e+00
2426             2.53087154e-02 1.54115863e+00 -1.45378518e+01 2.54967743e-02 1.53899332e+00 -9.43496917e+00 -1.88058937e-04 2.16530923e-03 -5.10288260e+00
2427             2.78301708e-02 1.53299984e+00 -1.45372474e+01 2.80168819e-02 1.53077700e+00 -9.43428748e+00 -1.86711101e-04 2.22283506e-03 -5.10295993e+00
2428             2.70789819e-02 1.52482832e+00 -1.45373624e+01 2.72608882e-02 1.52253965e+00 -9.43440207e+00 -1.81906318e-04 2.28866221e-03 -5.10296034e+00
2429             2.37738054e-02 1.51645966e+00 -1.45380099e+01 2.39496256e-02 1.51409867e+00 -9.43512476e+00 -1.75820266e-04 2.36099073e-03 -5.10288518e+00
2430             2.09134938e-02 1.50752092e+00 -1.45382171e+01 2.10784496e-02 1.50508315e+00 -9.43547939e+00 -1.64955835e-04 2.43777052e-03 -5.10273771e+00
2431             1.91344132e-02 1.49715733e+00 -1.45379302e+01 1.92852837e-02 1.49464663e+00 -9.43538727e+00 -1.50870438e-04 2.51069996e-03 -5.10254297e+00
2432             1.80583512e-02 1.48503476e+00 -1.45370756e+01 1.81958420e-02 1.48246178e+00 -9.43474547e+00 -1.37490763e-04 2.57297569e-03 -5.10233015e+00
2433             1.57667871e-02 1.47303345e+00 -1.45362105e+01 1.58920901e-02 1.47040869e+00 -9.43408071e+00 -1.25302929e-04 2.62476224e-03 -5.10212976e+00
2434             1.17457164e-02 1.46299084e+00 -1.45351962e+01 1.18658530e-02 1.46032894e+00 -9.43322280e+00 -1.20136580e-04 2.66190261e-03 -5.10197341e+00
2435             7.14829653e-03 1.45511483e+00 -1.45344327e+01 7.26676373e-03 1.45243500e+00 -9.43254773e+00 -1.18467204e-04 2.67983821e-03 -5.10188496e+00
2436             3.52425144e-03 1.44985499e+00 -1.45340268e+01 3.64627385e-03 1.44717736e+00 -9.43215200e+00 -1.22022402e-04 2.67762510e-03 -5.10187475e+00
2437             1.30301820e-03 1.44789621e+00 -1.45346048e+01 1.43259401e-03 1.44523413e+00 -9.43266527e+00 -1.29575815e-04 2.66208043e-03 -5.10193953e+00
2438             -7.19033604e-04 1.45051035e+00 -1.45359113e+01 -5.77040918e-04 1.44787794e+00 -9.43384027e+00 -1.41992686e-04 2.63241640e-03 -5.10207101e+00
2439             -3.76423858e-03 1.45791842e+00 -1.45373638e+01 -3.60801575e-03 1.45532881e+00 -9.43511612e+00 -1.56222834e-04 2.58960796e-03 -5.10224765e+00
2440             -5.87607996e-03 1.47038679e+00 -1.45377941e+01 -5.70458331e-03 1.46785095e+00 -9.43534947e+00 -1.71496646e-04 2.53584640e-03 -5.10244459e+00
2441             -7.02431747e-03 1.48591604e+00 -1.45373345e+01 -6.84238250e-03 1.48344028e+00 -9.43469996e+00 -1.81934966e-04 2.47575885e-03 -5.10263456e+00
2442             -6.46682734e-03 1.50360901e+00 -1.45365391e+01 -6.27717108e-03 1.50119532e+00 -9.43374506e+00 -1.89656264e-04 2.41368913e-03 -5.10279406e+00
2443             -5.41563730e-03 1.52231265e+00 -1.45362821e+01 -5.22358952e-03 1.51995903e+00 -9.43337950e+00 -1.92047775e-04 2.35362112e-03 -5.10290259e+00
2444             -4.27659440e-03 1.54171852e+00 -1.45365636e+01 -4.09214629e-03 1.53941382e+00 -9.43361900e+00 -1.84448102e-04 2.30469674e-03 -5.10294461e+00
2445             -2.52995675e-03 1.56064259e+00 -1.45371703e+01 -2.36360468e-03 1.55837355e+00 -9.43426250e+00 -1.66352066e-04 2.26904743e-03 -5.10290779e+00
2446             6.28157440e-04 1.57730420e+00 -1.45373378e+01 7.73205288e-04 1.57505580e+00 -9.43454306e+00 -1.45047848e-04 2.24839707e-03 -5.10279471e+00
2447             4.55841066e-03 1.59076529e+00 -1.45370096e+01 4.68467113e-03 1.58852286e+00 -9.43438462e+00 -1.26260478e-04 2.24243289e-03 -5.10262497e+00
2448             8.54604748e-03 1.59940593e+00 -1.45361477e+01 8.65787543e-03 1.59715170e+00 -9.43372925e+00 -1.11827950e-04 2.25422516e-03 -5.10241844e+00
2449             1.06594920e-02 1.60371652e+00 -1.45355257e+01 1.07670043e-02 1.60144297e+00 -9.43331860e+00 -1.07512372e-04 2.27354709e-03 -5.10220711e+00
2450             1.08497971e-02 1.60426528e+00 -1.45348604e+01 1.09614783e-02 1.60197182e+00 -9.43283109e+00 -1.11681226e-04 2.29345474e-03 -5.10202931e+00
2451             1.04565003e-02 1.60074906e+00 -1.45342741e+01 1.05764877e-02 1.59843662e+00 -9.43235934e+00 -1.19987402e-04 2.31243312e-03 -5.10191479e+00
2452             1.08706184e-02 1.59275514e+00 -1.45338937e+01 1.10010541e-02 1.59042649e+00 -9.43201937e+00 -1.30435726e-04 2.32865626e-03 -5.10187434e+00
2453             1.28246556e-02 1.57984219e+00 -1.45345116e+01 1.29659152e-02 1.57750578e+00 -9.43259747e+00 -1.41259544e-04 2.33640332e-03 -5.10191409e+00
2454             1.55723240e-02 1.56273434e+00 -1.45359706e+01 1.57239292e-02 1.56039613e+00 -9.43394620e+00 -1.51605157e-04 2.33821364e-03 -5.10202443e+00
2455             1.75501370e-02 1.54388953e+00 -1.45380619e+01 1.77140179e-02 1.54155314e+00 -9.43587417e+00 -1.63880863e-04 2.33638357e-03 -5.10218772e+00
2456             1.92552934e-02 1.52579676e+00 -1.45394038e+01 1.94318834e-02 1.52346274e+00 -9.43702526e+00 -1.76590043e-04 2.33401898e-03 -5.10237853e+00
2457             2.19448462e-02 1.50847047e+00 -1.45397199e+01 2.21280651e-02 1.50614237e+00 -9.43714813e+00 -1.83218906e-04 2.32809177e-03 -5.10257174e+00
2458             2.53957840e-02 1.49230865e+00 -1.45395827e+01 2.55764650e-02 1.48999238e+00 -9.43683603e+00 -1.80680964e-04 2.31626882e-03 -5.10274665e+00
2459             2.72023098e-02 1.47832208e+00 -1.45397273e+01 2.73688038e-02 1.47601508e+00 -9.43685393e+00 -1.66494027e-04 2.30700279e-03 -5.10287341e+00
2460             2.60289876e-02 1.46906931e+00 -1.45401614e+01 2.61753592e-02 1.46677028e+00 -9.43722408e+00 -1.46371652e-04 2.29903634e-03 -5.10293732e+00
2461             2.30104701e-02 1.46457662e+00 -1.45408435e+01 2.31371971e-02 1.46227747e+00 -9.43791589e+00 -1.26727006e-04 2.29914709e-03 -5.10292756e+00
2462             2.02410791e-02 1.46385956e+00 -1.45409278e+01 2.03510902e-02 1.46155205e+00 -9.43808130e+00 -1.10011159e-04 2.30750380e-03 -5.10284648e+00
2463             1.78762280e-02 1.46614123e+00 -1.45404698e+01 1.79724550e-02 1.46381557e+00 -9.43776046e+00 -9.62269786e-05 2.32566559e-03 -5.10270930e+00
2464             1.56078764e-02 1.46988381e+00 -1.45394042e+01 1.56958293e-02 1.46753085e+00 -9.43686926e+00 -8.79528902e-05 2.35296753e-03 -5.10253494e+00
2465             1.26951496e-02 1.47539172e+00 -1.45381763e+01 1.27787235e-02 1.47300048e+00 -9.43583073e+00 -8.35739711e-05 2.39124342e-03 -5.10234554e+00
2466             8.78588930e-03 1.48301726e+00 -1.45365834e+01 8.87099706e-03 1.48058046e+00 -9.43440758e+00 -8.51077560e-05 2.43680089e-03 -5.10217587e+00
2467             5.32711594e-03 1.49132771e+00 -1.45347656e+01 5.41873490e-03 1.48884143e+00 -9.43270979e+00 -9.16189655e-05 2.48627413e-03 -5.10205582e+00
2468             2.42630338e-03 1.49923855e+00 -1.45328296e+01 2.53418365e-03 1.49670502e+00 -9.43083021e+00 -1.07880267e-04 2.53353204e-03 -5.10199937e+00
2469             1.35376201e-04 1.50638023e+00 -1.45318110e+01 2.65430964e-04 1.50380208e+00 -9.42980089e+00 -1.30054764e-04 2.57814506e-03 -5.10201012e+00
2470             -1.53129006e-03 1.51177458e+00 -1.45322101e+01 -1.37535927e-03 1.50915444e+00 -9.43013599e+00 -1.55930790e-04 2.62013529e-03 -5.10207412e+00
2471             -2.67028291e-03 1.51567104e+00 -1.45334894e+01 -2.48468945e-03 1.51302411e+00 -9.43130988e+00 -1.85593463e-04 2.64693325e-03 -5.10217948e+00
2472             -3.02807250e-03 1.51907642e+00 -1.45341439e+01 -2.81358648e-03 1.51642235e+00 -9.43182255e+00 -2.14486013e-04 2.65406458e-03 -5.10232134e+00
2473             -2.78588818e-03 1.52196416e+00 -1.45339511e+01 -2.55070180e-03 1.51932047e+00 -9.43147629e+00 -2.35186382e-04 2.64369117e-03 -5.10247484e+00
2474             -1.78324245e-03 1.52398124e+00 -1.45334749e+01 -1.53729586e-03 1.52136261e+00 -9.43085996e+00 -2.45946588e-04 2.61863453e-03 -5.10261497e+00
2475             -6.52124414e-04 1.52505364e+00 -1.45335816e+01 -4.07911166e-04 1.52247657e+00 -9.43085948e+00 -2.44213248e-04 2.57707112e-03 -5.10272215e+00
2476             2.28736000e-04 1.52651194e+00 -1.45343477e+01 4.55723152e-04 1.52398713e+00 -9.43156837e+00 -2.26987153e-04 2.52481384e-03 -5.10277935e+00
2477             2.15277444e-03 1.52887383e+00 -1.45356493e+01 2.35005369e-03 1.52640653e+00 -9.43287231e+00 -1.97279247e-04 2.46730586e-03 -5.10277703e+00
2478             5.24177146e-03 1.53113460e+00 -1.45367014e+01 5.40211522e-03 1.52872613e+00 -9.43398619e+00 -1.60343755e-04 2.40847008e-03 -5.10271522e+00
2479             8.93217588e-03 1.53397215e+00 -1.45376033e+01 9.05546900e-03 1.53162444e+00 -9.43500101e+00 -1.23293114e-04 2.34771002e-03 -5.10260230e+00
2480             1.15577669e-02 1.53721028e+00 -1.45382689e+01 1.16497698e-02 1.53492081e+00 -9.43581136e+00 -9.20029147e-05 2.28946785e-03 -5.10245751e+00
2481             1.18002111e-02 1.54188523e+00 -1.45388860e+01 1.18711250e-02 1.53964572e+00 -9.43658501e+00 -7.09139368e-05 2.23950971e-03 -5.10230101e+00
2482             1.07684936e-02 1.54840903e+00 -1.45388625e+01 1.08294116e-02 1.54621339e+00 -9.43669757e+00 -6.09179358e-05 2.19563864e-03 -5.10216494e+00
2483             1.01756527e-02 1.55599042e+00 -1.45381741e+01 1.02345126e-02 1.55382905e+00 -9.43610217e+00 -5.88598737e-05 2.16137083e-03 -5.10207198e+00
2484             9.63685332e-03 1.56233563e+00 -1.45371310e+01 9.70111489e-03 1.56019822e+00 -9.43509538e+00 -6.42615663e-05 2.13740878e-03 -5.10203558e+00
2485             1.01272691e-02 1.56691260e+00 -1.45368324e+01 1.02046759e-02 1.56478913e+00 -9.43477336e+00 -7.74067711e-05 2.12346776e-03 -5.10205904e+00
2486             1.11016395e-02 1.56831338e+00 -1.45376501e+01 1.11958605e-02 1.56619059e+00 -9.43551189e+00 -9.42209519e-05 2.12278890e-03 -5.10213825e+00
2487             1.27060237e-02 1.56746132e+00 -1.45393240e+01 1.28221637e-02 1.56532486e+00 -9.43706224e+00 -1.16140027e-04 2.13646355e-03 -5.10226174e+00
2488             1.47715651e-02 1.56515420e+00 -1.45401167e+01 1.49107062e-02 1.56298812e+00 -9.43770696e+00 -1.39141044e-04 2.16608717e-03 -5.10240977e+00
2489             1.78883005e-02 1.56087127e+00 -1.45393966e+01 1.80471837e-02 1.55866200e+00 -9.43683643e+00 -1.58883143e-04 2.20926789e-03 -5.10256016e+00
2490             2.13576683e-02 1.55307225e+00 -1.45377650e+01 2.15314569e-02 1.55081357e+00 -9.43506848e+00 -1.73788593e-04 2.25867817e-03 -5.10269647e+00
2491             2.37470350e-02 1.54158535e+00 -1.45364760e+01 2.39227279e-02 1.53927259e+00 -9.43367728e+00 -1.75692908e-04 2.31276417e-03 -5.10279871e+00
2492             2.40216478e-02 1.52813512e+00 -1.45359396e+01 2.41898406e-02 1.52576795e+00 -9.43309550e+00 -1.68192849e-04 2.36717240e-03 -5.10284413e+00
2493             2.36048096e-02 1.51431378e+00 -1.45362107e+01 2.37650746e-02 1.51189493e+00 -9.43338603e+00 -1.60264941e-04 2.41884599e-03 -5.10282470e+00
2494             2.22260689e-02 1.50049614e+00 -1.45364340e+01 2.23807136e-02 1.49802802e+00 -9.43368296e+00 -1.54644664e-04 2.46811904e-03 -5.10275103e+00
2495             2.04184041e-02 1.48727623e+00 -1.45365109e+01 2.05664158e-02 1.48476143e+00 -9.43388356e+00 -1.48011674e-04 2.51480768e-03 -5.10262735e+00
2496             1.85184339e-02 1.47438070e+00 -1.45362513e+01 1.86589637e-02 1.47182799e+00 -9.43378289e+00 -1.40529861e-04 2.55270794e-03 -5.10246837e+00
2497             1.61402818e-02 1.46309691e+00 -1.45357846e+01 1.62713434e-02 1.46051698e+00 -9.43348455e+00 -1.31061599e-04 2.57992644e-03 -5.10230007e+00
2498             1.28347050e-02 1.45504726e+00 -1.45349489e+01 1.29564906e-02 1.45244936e+00 -9.43279994e+00 -1.21785607e-04 2.59790015e-03 -5.10214900e+00
2499             9.62629138e-03 1.45032971e+00 -1.45338834e+01 9.74445802e-03 1.44772224e+00 -9.43184201e+00 -1.18166639e-04 2.60747621e-03 -5.10204138e+00
2500             6.56926927e-03 1.44897068e+00 -1.45329743e+01 6.68899445e-03 1.44636409e+00 -9.43098270e+00 -1.19725179e-04 2.60658964e-03 -5.10199158e+00
2501             3.80124297e-03 1.45182803e+00 -1.45331774e+01 3.92874194e-03 1.44923058e+00 -9.43116978e+00 -1.27498973e-04 2.59744346e-03 -5.10200763e+00
2502             1.48390004e-03 1.45799187e+00 -1.45347683e+01 1.62626543e-03 1.45540914e+00 -9.43268892e+00 -1.42365395e-04 2.58272378e-03 -5.10207935e+00
2503             7.34119544e-06 1.46770048e+00 -1.45369698e+01 1.66404694e-04 1.46514006e+00 -9.43477657e+00 -1.59063499e-04 2.56042022e-03 -5.10219327e+00
2504             -1.40787595e-03 1.48055615e+00 -1.45380636e+01 -1.23566098e-03 1.47802917e+00 -9.43572889e+00 -1.72214969e-04 2.52697516e-03 -5.10233474e+00
2505             -1.95170175e-03 1.49643811e+00 -1.45378393e+01 -1.77172559e-03 1.49395376e+00 -9.43535585e+00 -1.79976165e-04 2.48434776e-03 -5.10248345e+00
2506             -2.34096903e-03 1.51329222e+00 -1.45369709e+01 -2.16040984e-03 1.51085485e+00 -9.43434872e+00 -1.80559188e-04 2.43737130e-03 -5.10262215e+00
2507             -2.44155401e-03 1.53037000e+00 -1.45363807e+01 -2.26692457e-03 1.52797738e+00 -9.43364917e+00 -1.74629435e-04 2.39261256e-03 -5.10273155e+00
2508             -2.52557510e-03 1.54717088e+00 -1.45364156e+01 -2.36516678e-03 1.54481413e+00 -9.43362348e+00 -1.60408318e-04 2.35674640e-03 -5.10279212e+00
2509             -6.20979813e-04 1.56294296e+00 -1.45368201e+01 -4.80746044e-04 1.56061395e+00 -9.43402476e+00 -1.40233769e-04 2.32900999e-03 -5.10279530e+00
2510             2.42175319e-03 1.57599143e+00 -1.45368181e+01 2.53737521e-03 1.57368469e+00 -9.43407628e+00 -1.15622026e-04 2.30674094e-03 -5.10274183e+00
2511             5.77366225e-03 1.58604113e+00 -1.45364697e+01 5.86754976e-03 1.58374896e+00 -9.43383330e+00 -9.38875058e-05 2.29217197e-03 -5.10263643e+00
2512             8.12268583e-03 1.59240854e+00 -1.45360052e+01 8.20321849e-03 1.59012626e+00 -9.43351362e+00 -8.05326600e-05 2.28228260e-03 -5.10249158e+00
2513             9.14208124e-03 1.59435915e+00 -1.45356033e+01 9.21706633e-03 1.59207830e+00 -9.43327696e+00 -7.49850854e-05 2.28085490e-03 -5.10232636e+00
2514             9.92573721e-03 1.59291076e+00 -1.45349688e+01 1.00069217e-02 1.59063138e+00 -9.43280354e+00 -8.11845157e-05 2.27938344e-03 -5.10216530e+00
2515             1.08996042e-02 1.58882954e+00 -1.45340108e+01 1.09963838e-02 1.58655575e+00 -9.43196481e+00 -9.67796316e-05 2.27378676e-03 -5.10204601e+00
2516             1.10570102e-02 1.58136706e+00 -1.45329987e+01 1.11750718e-02 1.57910265e+00 -9.43100685e+00 -1.18061601e-04 2.26440960e-03 -5.10199186e+00
2517             1.18629077e-02 1.57137681e+00 -1.45329415e+01 1.20029565e-02 1.56912283e+00 -9.43093955e+00 -1.40048843e-04 2.25397251e-03 -5.10200199e+00
2518             1.36000087e-02 1.55878743e+00 -1.45342808e+01 1.37592720e-02 1.55654738e+00 -9.43221044e+00 -1.59263275e-04 2.24005279e-03 -5.10207041e+00
2519             1.67789364e-02 1.54523598e+00 -1.45365986e+01 1.69533125e-02 1.54300516e+00 -9.43441488e+00 -1.74376060e-04 2.23081877e-03 -5.10218376e+00
2520             1.98531724e-02 1.53227015e+00 -1.45384044e+01 2.00395945e-02 1.53003799e+00 -9.43608162e+00 -1.86422140e-04 2.23216347e-03 -5.10232277e+00
2521             2.27026459e-02 1.52079949e+00 -1.45391290e+01 2.28945532e-02 1.51855380e+00 -9.43665702e+00 -1.91907276e-04 2.24568764e-03 -5.10247201e+00
2522             2.53134247e-02 1.50900709e+00 -1.45390302e+01 2.54997998e-02 1.50674230e+00 -9.43641866e+00 -1.86375155e-04 2.26479689e-03 -5.10261157e+00
2523             2.73199244e-02 1.49713160e+00 -1.45389911e+01 2.74884063e-02 1.49484683e+00 -9.43626581e+00 -1.68481940e-04 2.28477360e-03 -5.10272525e+00
2524             2.75285244e-02 1.48695638e+00 -1.45392683e+01 2.76692036e-02 1.48465204e+00 -9.43647121e+00 -1.40679120e-04 2.30434346e-03 -5.10279708e+00
2525             2.65901541e-02 1.48062563e+00 -1.45398396e+01 2.66994088e-02 1.47829566e+00 -9.43702177e+00 -1.09254741e-04 2.32997323e-03 -5.10281784e+00
2526             2.39856321e-02 1.47732864e+00 -1.45401886e+01 2.40676499e-02 1.47496513e+00 -9.43740909e+00 -8.20178048e-05 2.36351292e-03 -5.10277949e+00
2527             2.01130912e-02 1.47618606e+00 -1.45403069e+01 2.01747170e-02 1.47378452e+00 -9.43762360e+00 -6.16257443e-05 2.40154123e-03 -5.10268331e+00
2528             1.59065384e-02 1.47657216e+00 -1.45399321e+01 1.59552414e-02 1.47412956e+00 -9.43739400e+00 -4.87029475e-05 2.44260331e-03 -5.10253808e+00
2529             1.18295298e-02 1.47836810e+00 -1.45390027e+01 1.18742290e-02 1.47588517e+00 -9.43663321e+00 -4.46992109e-05 2.48293323e-03 -5.10236954e+00
2530             8.09296211e-03 1.48212840e+00 -1.45372745e+01 8.14152068e-03 1.47960393e+00 -9.43507156e+00 -4.85585716e-05 2.52446999e-03 -5.10220291e+00
2531             4.65948850e-03 1.48733304e+00 -1.45349991e+01 4.72462476e-03 1.48476859e+00 -9.43293402e+00 -6.51362552e-05 2.56445713e-03 -5.10206508e+00
2532             1.53686042e-03 1.49333604e+00 -1.45327536e+01 1.62678790e-03 1.49074375e+00 -9.43077233e+00 -8.99274813e-05 2.59229807e-03 -5.10198124e+00
2533             -1.08343639e-03 1.49985871e+00 -1.45316529e+01 -9.61200654e-04 1.49725151e+00 -9.42968732e+00 -1.22235738e-04 2.60720086e-03 -5.10196559e+00
2534             -2.22082469e-03 1.50558270e+00 -1.45319222e+01 -2.05854595e-03 1.50297376e+00 -9.42990986e+00 -1.62278736e-04 2.60893629e-03 -5.10201236e+00
2535             -1.70301618e-03 1.50999167e+00 -1.45331111e+01 -1.50236148e-03 1.50739134e+00 -9.43100343e+00 -2.00654701e-04 2.60033573e-03 -5.10210763e+00
2536             -8.35629501e-04 1.51349298e+00 -1.45339570e+01 -6.03252270e-04 1.51091762e+00 -9.43172949e+00 -2.32377230e-04 2.57536101e-03 -5.10222751e+00
2537             6.49763922e-04 1.51807276e+00 -1.45341550e+01 9.05398461e-04 1.51553929e+00 -9.43178770e+00 -2.55634539e-04 2.53346872e-03 -5.10236729e+00
2538             1.37960377e-03 1.52314723e+00 -1.45339108e+01 1.64716342e-03 1.52066499e+00 -9.43139600e+00 -2.67559648e-04 2.48224321e-03 -5.10251477e+00
2539             1.93016032e-03 1.52901445e+00 -1.45338205e+01 2.19479686e-03 1.52658114e+00 -9.43117861e+00 -2.64636538e-04 2.43330617e-03 -5.10264188e+00
2540             3.33706787e-03 1.53540045e+00 -1.45342452e+01 3.58147633e-03 1.53301292e+00 -9.43151442e+00 -2.44408461e-04 2.38752735e-03 -5.10273078e+00
2541             6.38992973e-03 1.54237320e+00 -1.45352570e+01 6.59837791e-03 1.54002451e+00 -9.43249069e+00 -2.08448184e-04 2.34869496e-03 -5.10276636e+00
2542             9.85846993e-03 1.54888403e+00 -1.45363118e+01 1.00210548e-02 1.54656546e+00 -9.43357127e+00 -1.62584902e-04 2.31856793e-03 -5.10274057e+00
2543             1.19341432e-02 1.55390823e+00 -1.45374013e+01 1.20480911e-02 1.55161070e+00 -9.43474392e+00 -1.13947894e-04 2.29753257e-03 -5.10265740e+00
2544             1.24712767e-02 1.55767772e+00 -1.45383816e+01 1.25434998e-02 1.55539554e+00 -9.43585767e+00 -7.22230345e-05 2.28218131e-03 -5.10252390e+00
2545             1.24270198e-02 1.55988362e+00 -1.45391897e+01 1.24703007e-02 1.55761211e+00 -9.43682568e+00 -4.32808881e-05 2.27151216e-03 -5.10236406e+00
2546             1.20119007e-02 1.56177191e+00 -1.45393271e+01 1.20431948e-02 1.55950676e+00 -9.43712302e+00 -3.12941043e-05 2.26515486e-03 -5.10220409e+00
2547             1.06936335e-02 1.56379314e+00 -1.45386595e+01 1.07245521e-02 1.56153285e+00 -9.43658471e+00 -3.09185973e-05 2.26028943e-03 -5.10207475e+00
2548             8.79162929e-03 1.56467298e+00 -1.45373599e+01 8.83376169e-03 1.56241888e+00 -9.43535998e+00 -4.21324005e-05 2.25410324e-03 -5.10199988e+00
2549             7.35705592e-03 1.56377618e+00 -1.45365715e+01 7.41923665e-03 1.56153003e+00 -9.43458418e+00 -6.21807360e-05 2.24615328e-03 -5.10198728e+00
2550             7.62190370e-03 1.56073118e+00 -1.45371101e+01 7.71076184e-03 1.55849242e+00 -9.43508473e+00 -8.88581400e-05 2.23875981e-03 -5.10202536e+00
2551             9.90029700e-03 1.55618226e+00 -1.45385495e+01 1.00170512e-02 1.55394782e+00 -9.43644067e+00 -1.16754166e-04 2.23443414e-03 -5.10210881e+00
2552             1.31435376e-02 1.55137725e+00 -1.45396251e+01 1.32882839e-02 1.54914377e+00 -9.43739694e+00 -1.44746383e-04 2.23347750e-03 -5.10222813e+00
2553             1.60584519e-02 1.54623520e+00 -1.45396977e+01 1.62282577e-02 1.54399440e+00 -9.43732314e+00 -1.69805762e-04 2.24079816e-03 -5.10237453e+00
2554             1.87643453e-02 1.53844246e+00 -1.45386888e+01 1.89497602e-02 1.53618989e+00 -9.43616204e+00 -1.85414880e-04 2.25256983e-03 -5.10252678e+00
2555             2.15372637e-02 1.52832200e+00 -1.45375828e+01 2.17246955e-02 1.52605790e+00 -9.43491289e+00 -1.87431768e-04 2.26409294e-03 -5.10266995e+00
2556             2.42526990e-02 1.51746909e+00 -1.45367432e+01 2.44326572e-02 1.51519435e+00 -9.43395671e+00 -1.79958250e-04 2.27473215e-03 -5.10278653e+00
2557             2.58338512e-02 1.50790049e+00 -1.45364903e+01 2.59996986e-02 1.50560633e+00 -9.43363280e+00 -1.65847418e-04 2.29416262e-03 -5.10285751e+00
2558             2.58518640e-02 1.49945046e+00 -1.45366683e+01 2.60044849e-02 1.49712500e+00 -9.43380718e+00 -1.52620873e-04 2.32546145e-03 -5.10286108e+00
2559             2.38263797e-02 1.49227104e+00 -1.45372716e+01 2.39683463e-02 1.48990391e+00 -9.43447400e+00 -1.41966610e-04 2.36713011e-03 -5.10279756e+00
2560             2.04805719e-02 1.48685268e+00 -1.45376572e+01 2.06128397e-02 1.48443346e+00 -9.43498081e+00 -1.32267729e-04 2.41921806e-03 -5.10267638e+00
2561             1.71661884e-02 1.48255529e+00 -1.45375199e+01 1.72885784e-02 1.48008002e+00 -9.43500603e+00 -1.22390008e-04 2.47526959e-03 -5.10251384e+00
2562             1.45922036e-02 1.47964962e+00 -1.45366185e+01 1.47032612e-02 1.47711898e+00 -9.43428206e+00 -1.11057597e-04 2.53064056e-03 -5.10233643e+00
2563             1.16159049e-02 1.47944319e+00 -1.45352054e+01 1.17224147e-02 1.47686238e+00 -9.43303132e+00 -1.06509803e-04 2.58080125e-03 -5.10217412e+00
2564             8.14879205e-03 1.48101563e+00 -1.45336819e+01 8.25894232e-03 1.47838925e+00 -9.43163110e+00 -1.10150269e-04 2.62638207e-03 -5.10205078e+00
2565             4.52278859e-03 1.48328939e+00 -1.45331871e+01 4.64562534e-03 1.48062886e+00 -9.43120279e+00 -1.22836749e-04 2.66053116e-03 -5.10198434e+00
2566             2.23554289e-03 1.48542437e+00 -1.45339736e+01 2.37813380e-03 1.48274424e+00 -9.43199669e+00 -1.42590909e-04 2.68013405e-03 -5.10197690e+00
2567             1.47848235e-03 1.48744333e+00 -1.45358284e+01 1.64498132e-03 1.48476703e+00 -9.43380070e+00 -1.66498961e-04 2.67629355e-03 -5.10202769e+00
2568             1.33394777e-03 1.49080577e+00 -1.45374285e+01 1.52158588e-03 1.48815646e+00 -9.43530461e+00 -1.87638109e-04 2.64931017e-03 -5.10212392e+00
2569             1.17576475e-03 1.49671102e+00 -1.45380894e+01 1.37758787e-03 1.49410920e+00 -9.43583739e+00 -2.01823122e-04 2.60181716e-03 -5.10225206e+00
2570             3.87214245e-04 1.50466950e+00 -1.45377169e+01 5.93227566e-04 1.50213036e+00 -9.43532058e+00 -2.06013321e-04 2.53913585e-03 -5.10239635e+00
2571             -1.40330246e-04 1.51444075e+00 -1.45371975e+01 5.91516678e-05 1.51197285e+00 -9.43465568e+00 -1.99481914e-04 2.46790481e-03 -5.10254181e+00
2572             1.28898243e-03 1.52486179e+00 -1.45368723e+01 1.47108124e-03 1.52246909e+00 -9.43420646e+00 -1.82098803e-04 2.39270212e-03 -5.10266589e+00
2573             3.87293286e-03 1.53641924e+00 -1.45369913e+01 4.02787754e-03 1.53410128e+00 -9.43423486e+00 -1.54944679e-04 2.31795726e-03 -5.10275647e+00
2574             6.87566780e-03 1.54838854e+00 -1.45372061e+01 6.99900469e-03 1.54613967e+00 -9.43440826e+00 -1.23336892e-04 2.24887346e-03 -5.10279784e+00
2575             8.55393905e-03 1.55883246e+00 -1.45377300e+01 8.64721238e-03 1.55663871e+00 -9.43494988e+00 -9.32733297e-05 2.19374578e-03 -5.10278016e+00
2576             9.68979715e-03 1.56785086e+00 -1.45382181e+01 9.75960850e-03 1.56570289e+00 -9.43551315e+00 -6.98113476e-05 2.14796985e-03 -5.10270500e+00
2577             1.09277218e-02 1.57504501e+00 -1.45383568e+01 1.09852560e-02 1.57292787e+00 -9.43576679e+00 -5.75341699e-05 2.11713462e-03 -5.10258999e+00
2578             1.21012314e-02 1.58097099e+00 -1.45376884e+01 1.21624985e-02 1.57886526e+00 -9.43523662e+00 -6.12670909e-05 2.10572997e-03 -5.10245181e+00
2579             1.22925374e-02 1.58529193e+00 -1.45363901e+01 1.23666898e-02 1.58317446e+00 -9.43407795e+00 -7.41524707e-05 2.11746858e-03 -5.10231218e+00
2580             1.22881774e-02 1.58682670e+00 -1.45347509e+01 1.23821623e-02 1.58468275e+00 -9.43256293e+00 -9.39849299e-05 2.14394873e-03 -5.10218802e+00
2581             1.17133914e-02 1.58444591e+00 -1.45339770e+01 1.18333790e-02 1.58226975e+00 -9.43186720e+00 -1.19987587e-04 2.17616241e-03 -5.10210976e+00
2582             1.25456602e-02 1.57954300e+00 -1.45345763e+01 1.26944947e-02 1.57732903e+00 -9.43249211e+00 -1.48834483e-04 2.21396793e-03 -5.10208423e+00
2583             1.50467773e-02 1.57177941e+00 -1.45362026e+01 1.52180116e-02 1.56952002e+00 -9.43409972e+00 -1.71234248e-04 2.25939031e-03 -5.10210284e+00
2584             1.86512707e-02 1.56205842e+00 -1.45379019e+01 1.88382251e-02 1.55974918e+00 -9.43574085e+00 -1.86954490e-04 2.30924754e-03 -5.10216100e+00
2585             2.08999237e-02 1.55063627e+00 -1.45389823e+01 2.10956247e-02 1.54827624e+00 -9.43672534e+00 -1.95700989e-04 2.36003100e-03 -5.10225696e+00
2586             2.24297597e-02 1.53622988e+00 -1.45388959e+01 2.26263436e-02 1.53382113e+00 -9.43652078e+00 -1.96583983e-04 2.40875012e-03 -5.10237516e+00
2587             2.42392015e-02 1.51869898e+00 -1.45384348e+01 2.44267478e-02 1.51625276e+00 -9.43592828e+00 -1.87546240e-04 2.44621965e-03 -5.10250651e+00
2588             2.69489058e-02 1.49959379e+00 -1.45380518e+01 2.71155358e-02 1.49712435e+00 -9.43542087e+00 -1.66630020e-04 2.46944246e-03 -5.10263092e+00
2589             2.77685083e-02 1.48231118e+00 -1.45383751e+01 2.79084797e-02 1.47983292e+00 -9.43564403e+00 -1.39971415e-04 2.47825743e-03 -5.10273110e+00
2590             2.62644064e-02 1.46871154e+00 -1.45393116e+01 2.63783754e-02 1.46623125e+00 -9.43652799e+00 -1.13968925e-04 2.48029025e-03 -5.10278356e+00
2591             2.24577085e-02 1.45936276e+00 -1.45404298e+01 2.25473912e-02 1.45688285e+00 -9.43765021e+00 -8.96827053e-05 2.47991691e-03 -5.10277963e+00
2592             1.78241925e-02 1.45412004e+00 -1.45409563e+01 1.78953633e-02 1.45164187e+00 -9.43823734e+00 -7.11707555e-05 2.47816995e-03 -5.10271899e+00
2593             1.41563922e-02 1.45205180e+00 -1.45406775e+01 1.42162426e-02 1.44957865e+00 -9.43806392e+00 -5.98503561e-05 2.47314683e-03 -5.10261359e+00
2594             1.11767937e-02 1.45390298e+00 -1.45393630e+01 1.12330701e-02 1.45143458e+00 -9.43688395e+00 -5.62764299e-05 2.46839283e-03 -5.10247910e+00
2595             7.88849403e-03 1.46119165e+00 -1.45374224e+01 7.95237937e-03 1.45872588e+00 -9.43507927e+00 -6.38853373e-05 2.46576947e-03 -5.10234309e+00
2596             4.41277753e-03 1.47262128e+00 -1.45353945e+01 4.49829917e-03 1.47015465e+00 -9.43316449e+00 -8.55216391e-05 2.46663448e-03 -5.10223002e+00
2597             1.49398019e-03 1.48543721e+00 -1.45341721e+01 1.60989853e-03 1.48296593e+00 -9.43201320e+00 -1.15918346e-04 2.47127211e-03 -5.10215885e+00
2598             4.78333868e-04 1.49869766e+00 -1.45338428e+01 6.27686676e-04 1.49622055e+00 -9.43171217e+00 -1.49352808e-04 2.47711314e-03 -5.10213062e+00
2599             1.06680602e-03 1.51144010e+00 -1.45344882e+01 1.25039672e-03 1.50895836e+00 -9.43234559e+00 -1.83590705e-04 2.48174097e-03 -5.10214256e+00
2600             2.36490307e-03 1.52381312e+00 -1.45353128e+01 2.57973037e-03 1.52132876e+00 -9.43312387e+00 -2.14827297e-04 2.48436471e-03 -5.10218895e+00
2601             2.87247520e-03 1.53514608e+00 -1.45355650e+01 3.10785048e-03 1.53265885e+00 -9.43330321e+00 -2.35375280e-04 2.48723367e-03 -5.10226180e+00
2602             3.10260816e-03 1.54569679e+00 -1.45349427e+01 3.34756869e-03 1.54320863e+00 -9.43259300e+00 -2.44960522e-04 2.48815351e-03 -5.10234965e+00
2603             3.86076589e-03 1.55423119e+00 -1.45343554e+01 4.10454688e-03 1.55174524e+00 -9.43190235e+00 -2.43780990e-04 2.48595504e-03 -5.10245309e+00
2604             6.48796124e-03 1.56016651e+00 -1.45340500e+01 6.71815606e-03 1.55768593e+00 -9.43149187e+00 -2.30194812e-04 2.48058602e-03 -5.10255809e+00
2605             9.29659300e-03 1.56392405e+00 -1.45344661e+01 9.49901275e-03 1.56145254e+00 -9.43182151e+00 -2.02419749e-04 2.47150547e-03 -5.10264459e+00
2606             1.16510658e-02 1.56559751e+00 -1.45352666e+01 1.18158237e-02 1.56314349e+00 -9.43256996e+00 -1.64757980e-04 2.45401337e-03 -5.10269659e+00
2607             1.24799003e-02 1.56386310e+00 -1.45364396e+01 1.26046123e-02 1.56143246e+00 -9.43373884e+00 -1.24712061e-04 2.43064435e-03 -5.10270081e+00
2608             1.27674016e-02 1.55908837e+00 -1.45374894e+01 1.28573146e-02 1.55668654e+00 -9.43483912e+00 -8.99129853e-05 2.40182508e-03 -5.10265024e+00
2609             1.34827610e-02 1.55194984e+00 -1.45382403e+01 1.35485249e-02 1.54958036e+00 -9.43568411e+00 -6.57638773e-05 2.36948202e-03 -5.10255620e+00
2610             1.37385822e-02 1.54405325e+00 -1.45384414e+01 1.37928461e-02 1.54172008e+00 -9.43600443e+00 -5.42639011e-05 2.33317625e-03 -5.10243700e+00
2611             1.32031977e-02 1.53718196e+00 -1.45382149e+01 1.32583566e-02 1.53488931e+00 -9.43589584e+00 -5.51588433e-05 2.29264965e-03 -5.10231905e+00
2612             1.20062639e-02 1.53192727e+00 -1.45375206e+01 1.20693276e-02 1.52967385e+00 -9.43530024e+00 -6.30637252e-05 2.25341865e-03 -5.10222039e+00
2613             1.03266008e-02 1.52831479e+00 -1.45372223e+01 1.04051322e-02 1.52609866e+00 -9.43506101e+00 -7.85313385e-05 2.21612176e-03 -5.10216134e+00
2614             1.03469522e-02 1.52692982e+00 -1.45375006e+01 1.04461613e-02 1.52474234e+00 -9.43535575e+00 -9.92090972e-05 2.18747893e-03 -5.10214487e+00
2615             1.26036547e-02 1.52704855e+00 -1.45385332e+01 1.27241661e-02 1.52488030e+00 -9.43636266e+00 -1.20511394e-04 2.16824979e-03 -5.10217051e+00
2616             1.56783357e-02 1.52860205e+00 -1.45397900e+01 1.58182103e-02 1.52643815e+00 -9.43755592e+00 -1.39874651e-04 2.16389614e-03 -5.10223408e+00
2617             1.71812764e-02 1.53133979e+00 -1.45406456e+01 1.73361875e-02 1.52916479e+00 -9.43831353e+00 -1.54911110e-04 2.17499940e-03 -5.10233205e+00
2618             1.80219393e-02 1.53410505e+00 -1.45402947e+01 1.81869993e-02 1.53190277e+00 -9.43784454e+00 -1.65059999e-04 2.20227950e-03 -5.10245015e+00
2619             2.05840327e-02 1.53392976e+00 -1.45391294e+01 2.07481853e-02 1.53168733e+00 -9.43655308e+00 -1.64152630e-04 2.24243052e-03 -5.10257628e+00
2620             2.44405834e-02 1.53081238e+00 -1.45377667e+01 2.45915590e-02 1.52852411e+00 -9.43506899e+00 -1.50975574e-04 2.28826898e-03 -5.10269766e+00
2621             2.67331131e-02 1.52628187e+00 -1.45369159e+01 2.68669668e-02 1.52394256e+00 -9.43412059e+00 -1.33853714e-04 2.33931057e-03 -5.10279530e+00
2622             2.57833558e-02 1.52190909e+00 -1.45367555e+01 2.59002438e-02 1.51951337e+00 -9.43390747e+00 -1.16888083e-04 2.39572269e-03 -5.10284807e+00
2623             2.25657184e-02 1.51699450e+00 -1.45371163e+01 2.26668645e-02 1.51453225e+00 -9.43428117e+00 -1.01146145e-04 2.46225805e-03 -5.10283509e+00
2624             1.88055085e-02 1.51092668e+00 -1.45372934e+01 1.88980968e-02 1.50839595e+00 -9.43453879e+00 -9.25883302e-05 2.53072754e-03 -5.10275463e+00
2625             1.62363074e-02 1.50345157e+00 -1.45370012e+01 1.63284631e-02 1.50085828e+00 -9.43436963e+00 -9.21557461e-05 2.59329411e-03 -5.10263160e+00
2626             1.42412102e-02 1.49531261e+00 -1.45359483e+01 1.43393891e-02 1.49266653e+00 -9.43346759e+00 -9.81788253e-05 2.64608809e-03 -5.10248068e+00
2627             1.16212828e-02 1.48844356e+00 -1.45345734e+01 1.17308310e-02 1.48575513e+00 -9.43225073e+00 -1.09548238e-04 2.68842479e-03 -5.10232269e+00
2628             8.48297858e-03 1.48305440e+00 -1.45332353e+01 8.61152663e-03 1.48034201e+00 -9.43105297e+00 -1.28548055e-04 2.71238517e-03 -5.10218235e+00
2629             5.74190615e-03 1.47814919e+00 -1.45324782e+01 5.89322486e-03 1.47543166e+00 -9.43040119e+00 -1.51318713e-04 2.71753673e-03 -5.10207701e+00
2630             4.53271775e-03 1.47406258e+00 -1.45324411e+01 4.70763676e-03 1.47136049e+00 -9.43042090e+00 -1.74919013e-04 2.70208479e-03 -5.10202016e+00
2631             5.24773135e-03 1.47058981e+00 -1.45335335e+01 5.44471950e-03 1.46792091e+00 -9.43151791e+00 -1.96988154e-04 2.66890396e-03 -5.10201561e+00
2632             6.52013718e-03 1.46951950e+00 -1.45354591e+01 6.73357269e-03 1.46690231e+00 -9.43339793e+00 -2.13435509e-04 2.61719462e-03 -5.10206112e+00
2633             6.17433482e-03 1.47251271e+00 -1.45372498e+01 6.39524995e-03 1.46996311e+00 -9.43509703e+00 -2.20915128e-04 2.54959240e-03 -5.10215277e+00
2634             5.18634492e-03 1.48170012e+00 -1.45379644e+01 5.40287628e-03 1.47922006e+00 -9.43568644e+00 -2.16531364e-04 2.48005518e-03 -5.10227799e+00
2635             5.29920947e-03 1.49493844e+00 -1.45378503e+01 5.49969839e-03 1.49252756e+00 -9.43542202e+00 -2.00488923e-04 2.41087717e-03 -5.10242825e+00
2636             7.19710655e-03 1.51086411e+00 -1.45373656e+01 7.37275457e-03 1.50851606e+00 -9.43478038e+00 -1.75648023e-04 2.34805042e-03 -5.10258523e+00
2637             9.48988662e-03 1.52813630e+00 -1.45373369e+01 9.63303603e-03 1.52584206e+00 -9.43461238e+00 -1.43149409e-04 2.29423439e-03 -5.10272453e+00
2638             1.03121540e-02 1.54621720e+00 -1.45378163e+01 1.04179508e-02 1.54396813e+00 -9.43499541e+00 -1.05796787e-04 2.24906634e-03 -5.10282086e+00
2639             9.72084176e-03 1.56284437e+00 -1.45386162e+01 9.78965736e-03 1.56062758e+00 -9.43576327e+00 -6.88156013e-05 2.21678919e-03 -5.10285292e+00
2640             8.91825154e-03 1.57598060e+00 -1.45392120e+01 8.95930979e-03 1.57378373e+00 -9.43639443e+00 -4.10582514e-05 2.19686367e-03 -5.10281762e+00
2641             9.65092893e-03 1.58549783e+00 -1.45391826e+01 9.67441078e-03 1.58331012e+00 -9.43645651e+00 -2.34818499e-05 2.18770909e-03 -5.10272609e+00
2642             1.06111053e-02 1.59047619e+00 -1.45382372e+01 1.06311465e-02 1.58828413e+00 -9.43564635e+00 -2.00412627e-05 2.19205913e-03 -5.10259083e+00
2643             1.06786218e-02 1.59191586e+00 -1.45367557e+01 1.07141369e-02 1.58970900e+00 -9.43431891e+00 -3.55151286e-05 2.20685920e-03 -5.10243683e+00
2644             9.31731315e-03 1.59010064e+00 -1.45350366e+01 9.37767787e-03 1.58787103e+00 -9.43274688e+00 -6.03647169e-05 2.22961256e-03 -5.10228973e+00
2645             8.40221390e-03 1.58509227e+00 -1.45337788e+01 8.49354113e-03 1.58283195e+00 -9.43161291e+00 -9.13272233e-05 2.26032391e-03 -5.10216586e+00
2646             9.52524295e-03 1.57688768e+00 -1.45331577e+01 9.65318623e-03 1.57459435e+00 -9.43107870e+00 -1.27943279e-04 2.29333459e-03 -5.10207899e+00
2647             1.29508808e-02 1.56599297e+00 -1.45337386e+01 1.31153623e-02 1.56366707e+00 -9.43169196e+00 -1.64481565e-04 2.32590682e-03 -5.10204663e+00
2648             1.63748198e-02 1.55284574e+00 -1.45351817e+01 1.65669079e-02 1.55048606e+00 -9.43311690e+00 -1.92088057e-04 2.35967940e-03 -5.10206479e+00
2649             1.85594640e-02 1.53858402e+00 -1.45367788e+01 1.87687759e-02 1.53619396e+00 -9.43464834e+00 -2.09311893e-04 2.39006232e-03 -5.10213049e+00
2650             1.99825192e-02 1.52420475e+00 -1.45375281e+01 2.01964413e-02 1.52179171e+00 -9.43528639e+00 -2.13922054e-04 2.41304640e-03 -5.10224172e+00
2651             2.32620217e-02 1.50803893e+00 -1.45371991e+01 2.34660863e-02 1.50561027e+00 -9.43481468e+00 -2.04064655e-04 2.42866262e-03 -5.10238446e+00
2652             2.72353323e-02 1.49123861e+00 -1.45365597e+01 2.74167079e-02 1.48880334e+00 -9.43401844e+00 -1.81375607e-04 2.43526979e-03 -5.10254128e+00
2653             2.96201973e-02 1.47591548e+00 -1.45367422e+01 2.97700716e-02 1.47348152e+00 -9.43405154e+00 -1.49874306e-04 2.43396834e-03 -5.10269065e+00
2654             2.87655968e-02 1.46534762e+00 -1.45379048e+01 2.88803486e-02 1.46291649e+00 -9.43510159e+00 -1.14751776e-04 2.43112776e-03 -5.10280326e+00
2655             2.52296106e-02 1.46007609e+00 -1.45396472e+01 2.53148451e-02 1.45764215e+00 -9.43678671e+00 -8.52345014e-05 2.43394503e-03 -5.10286046e+00
2656             2.06412295e-02 1.45966087e+00 -1.45408478e+01 2.07025727e-02 1.45721505e+00 -9.43799702e+00 -6.13431895e-05 2.44582771e-03 -5.10285075e+00
2657             1.65757029e-02 1.46317989e+00 -1.45409930e+01 1.66207178e-02 1.46071560e+00 -9.43821456e+00 -4.50149284e-05 2.46429043e-03 -5.10277843e+00
2658             1.35066274e-02 1.46938769e+00 -1.45399689e+01 1.35468039e-02 1.46690477e+00 -9.43731572e+00 -4.01764872e-05 2.48291678e-03 -5.10265318e+00
2659             1.01963628e-02 1.47804332e+00 -1.45385317e+01 1.02410906e-02 1.47554177e+00 -9.43603391e+00 -4.47277863e-05 2.50155339e-03 -5.10249779e+00
2660             6.12258528e-03 1.48908471e+00 -1.45369056e+01 6.18369783e-03 1.48656805e+00 -9.43456777e+00 -6.11125563e-05 2.51665728e-03 -5.10233779e+00
2661             2.83021057e-03 1.50032131e+00 -1.45353945e+01 2.91806870e-03 1.49779185e+00 -9.43320041e+00 -8.78581345e-05 2.52945340e-03 -5.10219412e+00
2662             1.15723906e-03 1.50976573e+00 -1.45340844e+01 1.27796003e-03 1.50722945e+00 -9.43200158e+00 -1.20720966e-04 2.53627495e-03 -5.10208282e+00
2663             1.81054168e-03 1.51718891e+00 -1.45336796e+01 1.96459334e-03 1.51465428e+00 -9.43165708e+00 -1.54051662e-04 2.53463152e-03 -5.10202250e+00
2664             3.08113307e-03 1.52334844e+00 -1.45342010e+01 3.26762269e-03 1.52082176e+00 -9.43218699e+00 -1.86489620e-04 2.52668117e-03 -5.10201403e+00
2665             3.31396596e-03 1.53002633e+00 -1.45348601e+01 3.52697760e-03 1.52751499e+00 -9.43280074e+00 -2.13011636e-04 2.51134497e-03 -5.10205937e+00
2666             3.54342197e-03 1.53727071e+00 -1.45347435e+01 3.76993144e-03 1.53477368e+00 -9.43259416e+00 -2.26509467e-04 2.49703084e-03 -5.10214933e+00
2667             5.72963107e-03 1.54335510e+00 -1.45339446e+01 5.95586374e-03 1.54087523e+00 -9.43167397e+00 -2.26232667e-04 2.47986668e-03 -5.10227065e+00
2668             9.02304108e-03 1.54813556e+00 -1.45330828e+01 9.24147768e-03 1.54568008e+00 -9.43066700e+00 -2.18436597e-04 2.45548049e-03 -5.10241585e+00
2669             1.19444430e-02 1.55147162e+00 -1.45330961e+01 1.21469240e-02 1.54904483e+00 -9.43052324e+00 -2.02481008e-04 2.42678820e-03 -5.10257291e+00
2670             1.29615531e-02 1.55411452e+00 -1.45340626e+01 1.31363846e-02 1.55172284e+00 -9.43135940e+00 -1.74831452e-04 2.39168454e-03 -5.10270317e+00
2671             1.32239733e-02 1.55534283e+00 -1.45355168e+01 1.33631313e-02 1.55299380e+00 -9.43273467e+00 -1.39158027e-04 2.34902921e-03 -5.10278214e+00
2672             1.34558586e-02 1.55414798e+00 -1.45367398e+01 1.35589658e-02 1.55184338e+00 -9.43394436e+00 -1.03107200e-04 2.30460820e-03 -5.10279548e+00
2673             1.43754897e-02 1.55132215e+00 -1.45374973e+01 1.44492737e-02 1.54905983e+00 -9.43475279e+00 -7.37840683e-05 2.26232035e-03 -5.10274454e+00
2674             1.51110560e-02 1.54674823e+00 -1.45376931e+01 1.51662708e-02 1.54451972e+00 -9.43505448e+00 -5.52147741e-05 2.22851324e-03 -5.10263865e+00
2675             1.48506065e-02 1.54206794e+00 -1.45378206e+01 1.49009010e-02 1.53986384e+00 -9.43532191e+00 -5.02945536e-05 2.20410429e-03 -5.10249873e+00
2676             1.32892561e-02 1.53906130e+00 -1.45378923e+01 1.33463235e-02 1.53687492e+00 -9.43554211e+00 -5.70673705e-05 2.18637881e-03 -5.10235016e+00
2677             1.20848371e-02 1.53823409e+00 -1.45377254e+01 1.21555216e-02 1.53605286e+00 -9.43551263e+00 -7.06845617e-05 2.18123287e-03 -5.10221275e+00
2678             1.17430645e-02 1.53864752e+00 -1.45372511e+01 1.18302006e-02 1.53646070e+00 -9.43514165e+00 -8.71360879e-05 2.18681365e-03 -5.10210943e+00
2679             1.28047479e-02 1.53970869e+00 -1.45374156e+01 1.29085950e-02 1.53750532e+00 -9.43536205e+00 -1.03847179e-04 2.20337021e-03 -5.10205354e+00
2680             1.39195542e-02 1.53987188e+00 -1.45383423e+01 1.40361134e-02 1.53764399e+00 -9.43629616e+00 -1.16559197e-04 2.22789103e-03 -5.10204617e+00
2681             1.46509267e-02 1.53918877e+00 -1.45396983e+01 1.47773117e-02 1.53693004e+00 -9.43761487e+00 -1.26385001e-04 2.25873225e-03 -5.10208340e+00
2682             1.51646037e-02 1.53794488e+00 -1.45401773e+01 1.52977456e-02 1.53565280e+00 -9.43800764e+00 -1.33141880e-04 2.29208483e-03 -5.10216963e+00
2683             1.72868000e-02 1.53480579e+00 -1.45392097e+01 1.74217974e-02 1.53247616e+00 -9.43691473e+00 -1.34997403e-04 2.32962916e-03 -5.10229501e+00
2684             2.06683710e-02 1.52921280e+00 -1.45374923e+01 2.07991220e-02 1.52684637e+00 -9.43504990e+00 -1.30751013e-04 2.36642614e-03 -5.10244243e+00
2685             2.31942053e-02 1.52182710e+00 -1.45364289e+01 2.33137656e-02 1.51942888e+00 -9.43383451e+00 -1.19560320e-04 2.39821674e-03 -5.10259438e+00
2686             2.29586941e-02 1.51525958e+00 -1.45362488e+01 2.30653171e-02 1.51283259e+00 -9.43352614e+00 -1.06623087e-04 2.42699119e-03 -5.10272268e+00
2687             2.05235284e-02 1.51065255e+00 -1.45367973e+01 2.06233547e-02 1.50819889e+00 -9.43398969e+00 -9.98263440e-05 2.45365579e-03 -5.10280766e+00
2688             1.75894219e-02 1.50666018e+00 -1.45370545e+01 1.76856037e-02 1.50417241e+00 -9.43422331e+00 -9.61818083e-05 2.48777446e-03 -5.10283119e+00
2689             1.53550440e-02 1.50263156e+00 -1.45367621e+01 1.54533525e-02 1.50010844e+00 -9.43398004e+00 -9.83084974e-05 2.52312242e-03 -5.10278205e+00
2690             1.38955567e-02 1.49836138e+00 -1.45359559e+01 1.40052485e-02 1.49581137e+00 -9.43328195e+00 -1.09691721e-04 2.55000276e-03 -5.10267395e+00
2691             1.18513124e-02 1.49495410e+00 -1.45352994e+01 1.19785720e-02 1.49238736e+00 -9.43276575e+00 -1.27259580e-04 2.56674406e-03 -5.10253365e+00
2692             9.27422960e-03 1.49335485e+00 -1.45344732e+01 9.42356285e-03 1.49077898e+00 -9.43209996e+00 -1.49333252e-04 2.57586189e-03 -5.10237329e+00
2693             7.76149415e-03 1.49256040e+00 -1.45335301e+01 7.93392974e-03 1.48998795e+00 -9.43131288e+00 -1.72435594e-04 2.57244544e-03 -5.10221724e+00
2694             7.52924002e-03 1.49135521e+00 -1.45326490e+01 7.72092100e-03 1.48879786e+00 -9.43056169e+00 -1.91680980e-04 2.55734617e-03 -5.10208735e+00
2695             8.32490632e-03 1.49058544e+00 -1.45328981e+01 8.53080312e-03 1.48804772e+00 -9.43090016e+00 -2.05896801e-04 2.53771575e-03 -5.10199790e+00
2696             8.88786915e-03 1.49086499e+00 -1.45344001e+01 9.10256857e-03 1.48834973e+00 -9.43244183e+00 -2.14699418e-04 2.51526449e-03 -5.10195825e+00
2697             8.54960374e-03 1.49393534e+00 -1.45364785e+01 8.76335058e-03 1.49144448e+00 -9.43450381e+00 -2.13746842e-04 2.49085551e-03 -5.10197467e+00
2698             8.23009778e-03 1.50022235e+00 -1.45377954e+01 8.43316499e-03 1.49775768e+00 -9.43574742e+00 -2.03067213e-04 2.46466571e-03 -5.10204802e+00
2699             9.06512625e-03 1.51007020e+00 -1.45379378e+01 9.24952171e-03 1.50762989e+00 -9.43576615e+00 -1.84395464e-04 2.44030359e-03 -5.10217168e+00
2700             1.04833407e-02 1.52191660e+00 -1.45373468e+01 1.06423027e-02 1.51949870e+00 -9.43501689e+00 -1.58961982e-04 2.41789644e-03 -5.10232991e+00
2701             1.10324172e-02 1.53411362e+00 -1.45372011e+01 1.11623449e-02 1.53172000e+00 -9.43469602e+00 -1.29927710e-04 2.39361248e-03 -5.10250508e+00
2702             9.85015797e-03 1.54608890e+00 -1.45377945e+01 9.94780933e-03 1.54372384e+00 -9.43513246e+00 -9.76513596e-05 2.36506068e-03 -5.10266205e+00
2703             8.46609138e-03 1.55687190e+00 -1.45387375e+01 8.53191247e-03 1.55453776e+00 -9.43596873e+00 -6.58210865e-05 2.33414281e-03 -5.10276874e+00
2704             7.96550217e-03 1.56513077e+00 -1.45392406e+01 8.00619955e-03 1.56283022e+00 -9.43643311e+00 -4.06973788e-05 2.30054774e-03 -5.10280750e+00
2705             8.01611525e-03 1.57054575e+00 -1.45390923e+01 8.04188194e-03 1.56828174e+00 -9.43631120e+00 -2.57666979e-05 2.26400655e-03 -5.10278106e+00
2706             8.69428781e-03 1.57229426e+00 -1.45382684e+01 8.71943995e-03 1.57006480e+00 -9.43557249e+00 -2.51521482e-05 2.22945891e-03 -5.10269589e+00
2707             8.92546249e-03 1.57114130e+00 -1.45374765e+01 8.96491764e-03 1.56894021e+00 -9.43490195e+00 -3.94551496e-05 2.20108864e-03 -5.10257458e+00
2708             8.77688872e-03 1.56945354e+00 -1.45365812e+01 8.84406670e-03 1.56727097e+00 -9.43414821e+00 -6.71779740e-05 2.18257077e-03 -5.10243296e+00
2709             9.11625105e-03 1.56784296e+00 -1.45354083e+01 9.21840985e-03 1.56566741e+00 -9.43311300e+00 -1.02158803e-04 2.17555588e-03 -5.10229530e+00
2710             1.03772637e-02 1.56534034e+00 -1.45340386e+01 1.05147070e-02 1.56315732e+00 -9.43185690e+00 -1.37443278e-04 2.18301789e-03 -5.10218169e+00
2711             1.27053515e-02 1.56147973e+00 -1.45336172e+01 1.28757434e-02 1.55927698e+00 -9.43151189e+00 -1.70391894e-04 2.20274914e-03 -5.10210532e+00
2712             1.54648851e-02 1.55510986e+00 -1.45344655e+01 1.56613487e-02 1.55287902e+00 -9.43239154e+00 -1.96463585e-04 2.23084333e-03 -5.10207391e+00
2713             1.79016561e-02 1.54711276e+00 -1.45363435e+01 1.81142386e-02 1.54484663e+00 -9.43424551e+00 -2.12582536e-04 2.26613562e-03 -5.10209798e+00
2714             2.02884910e-02 1.53841206e+00 -1.45376646e+01 2.05038443e-02 1.53610207e+00 -9.43549733e+00 -2.15353314e-04 2.30998533e-03 -5.10216727e+00
2715             2.30345685e-02 1.52910470e+00 -1.45377961e+01 2.32376141e-02 1.52674900e+00 -9.43551471e+00 -2.03045561e-04 2.35570036e-03 -5.10228142e+00
2716             2.64099666e-02 1.51796065e+00 -1.45371133e+01 2.65891106e-02 1.51556359e+00 -9.43468795e+00 -1.79144038e-04 2.39705695e-03 -5.10242533e+00
2717             2.86058941e-02 1.50589793e+00 -1.45369714e+01 2.87518342e-02 1.50346119e+00 -9.43439408e+00 -1.45940146e-04 2.43674320e-03 -5.10257732e+00
2718             2.80304890e-02 1.49521064e+00 -1.45375717e+01 2.81418773e-02 1.49273330e+00 -9.43486204e+00 -1.11388249e-04 2.47733925e-03 -5.10270962e+00
2719             2.48830789e-02 1.48775517e+00 -1.45388896e+01 2.49632838e-02 1.48523674e+00 -9.43608773e+00 -8.02049104e-05 2.51842740e-03 -5.10280185e+00
2720             2.08306881e-02 1.48304360e+00 -1.45399737e+01 2.08900554e-02 1.48048598e+00 -9.43713704e+00 -5.93672309e-05 2.55761078e-03 -5.10283661e+00
2721             1.67376012e-02 1.48116458e+00 -1.45404109e+01 1.67875190e-02 1.47857198e+00 -9.43760262e+00 -4.99178401e-05 2.59259382e-03 -5.10280826e+00
2722             1.31218365e-02 1.48143251e+00 -1.45400388e+01 1.31738392e-02 1.47881326e+00 -9.43732063e+00 -5.20026905e-05 2.61924865e-03 -5.10271814e+00
2723             9.68705664e-03 1.48273954e+00 -1.45394366e+01 9.75066106e-03 1.48010971e+00 -9.43685643e+00 -6.36044268e-05 2.62982085e-03 -5.10258018e+00
2724             6.82976271e-03 1.48526362e+00 -1.45383533e+01 6.91359830e-03 1.48264331e+00 -9.43593930e+00 -8.38355928e-05 2.62031578e-03 -5.10241398e+00
2725             4.88202330e-03 1.48849257e+00 -1.45368827e+01 4.99083032e-03 1.48590136e+00 -9.43463731e+00 -1.08807018e-04 2.59121043e-03 -5.10224539e+00
2726             4.04558850e-03 1.49202616e+00 -1.45350960e+01 4.18136790e-03 1.48948161e+00 -9.43299321e+00 -1.35779400e-04 2.54455361e-03 -5.10210280e+00
2727             4.00862004e-03 1.49636137e+00 -1.45341386e+01 4.17223128e-03 1.49387330e+00 -9.43212913e+00 -1.63611244e-04 2.48807776e-03 -5.10200952e+00
2728             4.74339926e-03 1.50106684e+00 -1.45344085e+01 4.93213783e-03 1.49863318e+00 -9.43243515e+00 -1.88738570e-04 2.43365570e-03 -5.10197333e+00
2729             5.96770198e-03 1.50765352e+00 -1.45357707e+01 6.17441042e-03 1.50527058e+00 -9.43376968e+00 -2.06708441e-04 2.38294409e-03 -5.10200101e+00
2730             7.75771055e-03 1.51692055e+00 -1.45365508e+01 7.97309872e-03 1.51458324e+00 -9.43445825e+00 -2.15388162e-04 2.33731254e-03 -5.10209258e+00
2731             1.00623411e-02 1.52947389e+00 -1.45361883e+01 1.02796924e-02 1.52717019e+00 -9.43394895e+00 -2.17351318e-04 2.30370285e-03 -5.10223935e+00
2732             1.23509036e-02 1.54244462e+00 -1.45350231e+01 1.25590302e-02 1.54015316e+00 -9.43260982e+00 -2.08126608e-04 2.29146003e-03 -5.10241330e+00
2733             1.40375520e-02 1.55413044e+00 -1.45345142e+01 1.42277412e-02 1.55183760e+00 -9.43193000e+00 -1.90189260e-04 2.29283948e-03 -5.10258417e+00
2734             1.44073670e-02 1.56342984e+00 -1.45350775e+01 1.45728386e-02 1.56113223e+00 -9.43234610e+00 -1.65471652e-04 2.29760895e-03 -5.10273136e+00
2735             1.39391295e-02 1.57045665e+00 -1.45364071e+01 1.40756545e-02 1.56815485e+00 -9.43357018e+00 -1.36525056e-04 2.30180889e-03 -5.10283692e+00
2736             1.38354058e-02 1.57461627e+00 -1.45374003e+01 1.39404688e-02 1.57231054e+00 -9.43452590e+00 -1.05062931e-04 2.30572971e-03 -5.10287439e+00
2737             1.35496060e-02 1.57441105e+00 -1.45379314e+01 1.36259920e-02 1.57210176e+00 -9.43509262e+00 -7.63860346e-05 2.30929139e-03 -5.10283881e+00
2738             1.35985624e-02 1.57044311e+00 -1.45378773e+01 1.36570077e-02 1.56813191e+00 -9.43514028e+00 -5.84453126e-05 2.31119817e-03 -5.10273706e+00
2739             1.32558425e-02 1.56320241e+00 -1.45379879e+01 1.33116637e-02 1.56088628e+00 -9.43539995e+00 -5.58212111e-05 2.31613031e-03 -5.10258790e+00
2740             1.26531103e-02 1.55488917e+00 -1.45379299e+01 1.27218704e-02 1.55256368e+00 -9.43551696e+00 -6.87601395e-05 2.32548457e-03 -5.10241290e+00
2741             1.20363084e-02 1.54677836e+00 -1.45374483e+01 1.21257589e-02 1.54444188e+00 -9.43520847e+00 -8.94504996e-05 2.33647765e-03 -5.10223986e+00
2742             1.16308900e-02 1.53940802e+00 -1.45366433e+01 1.17436289e-02 1.53706379e+00 -9.43454755e+00 -1.12738911e-04 2.34422978e-03 -5.10209575e+00
2743             1.13903910e-02 1.53234945e+00 -1.45364609e+01 1.15243311e-02 1.53000067e+00 -9.43446186e+00 -1.33940102e-04 2.34877126e-03 -5.10199909e+00
2744             1.22097108e-02 1.52496916e+00 -1.45372422e+01 1.23577932e-02 1.52262220e+00 -9.43527944e+00 -1.48082440e-04 2.34695841e-03 -5.10196275e+00
2745             1.37475669e-02 1.51719733e+00 -1.45389345e+01 1.39007381e-02 1.51485819e+00 -9.43694188e+00 -1.53171253e-04 2.33913282e-03 -5.10199263e+00
2746             1.61131170e-02 1.51030079e+00 -1.45401775e+01 1.62658014e-02 1.50797608e+00 -9.43809053e+00 -1.52684353e-04 2.32471113e-03 -5.10208699e+00
2747             1.83166663e-02 1.50546113e+00 -1.45402956e+01 1.84632782e-02 1.50315045e+00 -9.43805849e+00 -1.46611847e-04 2.31068620e-03 -5.10223709e+00
2748             2.04619157e-02 1.50124356e+00 -1.45393214e+01 2.05972978e-02 1.49894536e+00 -9.43689707e+00 -1.35382078e-04 2.29820076e-03 -5.10242429e+00
2749             2.21888999e-02 1.49828462e+00 -1.45385058e+01 2.23096311e-02 1.49599385e+00 -9.43588287e+00 -1.20731213e-04 2.29076961e-03 -5.10262291e+00
2750             2.25790819e-02 1.49749262e+00 -1.45382823e+01 2.26839442e-02 1.49519663e+00 -9.43547516e+00 -1.04862261e-04 2.29599509e-03 -5.10280710e+00
2751             2.16123371e-02 1.50009653e+00 -1.45386305e+01 2.17010576e-02 1.49777997e+00 -9.43568185e+00 -8.87204363e-05 2.31655821e-03 -5.10294864e+00
2752             1.94402600e-02 1.50573463e+00 -1.45387794e+01 1.95212757e-02 1.50337853e+00 -9.43576454e+00 -8.10157232e-05 2.35610059e-03 -5.10301487e+00
2753             1.64314292e-02 1.51323656e+00 -1.45385117e+01 1.65144583e-02 1.51082404e+00 -9.43551620e+00 -8.30290459e-05 2.41251865e-03 -5.10299552e+00
2754             1.33356038e-02 1.52051570e+00 -1.45377937e+01 1.34280654e-02 1.51803297e+00 -9.43490471e+00 -9.24615366e-05 2.48273044e-03 -5.10288903e+00
2755             1.14867148e-02 1.52477289e+00 -1.45370096e+01 1.15972342e-02 1.52222330e+00 -9.43430161e+00 -1.10519452e-04 2.54958411e-03 -5.10270803e+00
2756             1.07444340e-02 1.52592589e+00 -1.45360090e+01 1.08799228e-02 1.52332429e+00 -9.43352271e+00 -1.35488750e-04 2.60159674e-03 -5.10248632e+00
2757             9.90537908e-03 1.52478786e+00 -1.45347647e+01 1.00680590e-02 1.52215291e+00 -9.43250433e+00 -1.62679937e-04 2.63495533e-03 -5.10226037e+00
2758             9.35881224e-03 1.52165722e+00 -1.45333555e+01 9.54515163e-03 1.51900687e+00 -9.43129792e+00 -1.86339392e-04 2.65035293e-03 -5.10205753e+00
2759             8.96793186e-03 1.51659864e+00 -1.45326673e+01 9.17275554e-03 1.51395336e+00 -9.43075842e+00 -2.04823683e-04 2.64528898e-03 -5.10190893e+00
2760             9.07312253e-03 1.51036347e+00 -1.45330780e+01 9.29003121e-03 1.50773484e+00 -9.43124560e+00 -2.16908673e-04 2.62862539e-03 -5.10183242e+00
2761             1.01385131e-02 1.50417403e+00 -1.45347447e+01 1.03617044e-02 1.50157104e+00 -9.43291048e+00 -2.23191317e-04 2.60298707e-03 -5.10183425e+00
2762             1.19769848e-02 1.49979434e+00 -1.45362813e+01 1.21974415e-02 1.49722591e+00 -9.43436684e+00 -2.20456721e-04 2.56843189e-03 -5.10191443e+00
2763             1.37400050e-02 1.49876166e+00 -1.45370256e+01 1.39482811e-02 1.49623779e+00 -9.43496061e+00 -2.08276071e-04 2.52387347e-03 -5.10206502e+00
2764             1.43598646e-02 1.50052444e+00 -1.45370380e+01 1.45467023e-02 1.49805359e+00 -9.43476954e+00 -1.86837684e-04 2.47084540e-03 -5.10226849e+00
2765             1.39015404e-02 1.50495107e+00 -1.45373446e+01 1.40594530e-02 1.50253602e+00 -9.43485229e+00 -1.57912554e-04 2.41504884e-03 -5.10249235e+00
2766             1.31536679e-02 1.51115077e+00 -1.45381855e+01 1.32778728e-02 1.50879538e+00 -9.43547956e+00 -1.24204890e-04 2.35538520e-03 -5.10270593e+00
2767             1.25628627e-02 1.51913216e+00 -1.45393626e+01 1.26517301e-02 1.51683829e+00 -9.43648321e+00 -8.88673941e-05 2.29387039e-03 -5.10287942e+00
2768             1.19680693e-02 1.52810985e+00 -1.45400775e+01 1.20238326e-02 1.52587864e+00 -9.43709053e+00 -5.57632937e-05 2.23121162e-03 -5.10298694e+00
2769             1.08738077e-02 1.53656018e+00 -1.45402235e+01 1.09061834e-02 1.53438388e+00 -9.43721342e+00 -3.23756521e-05 2.17629841e-03 -5.10301007e+00
2770             1.00626149e-02 1.54521707e+00 -1.45398330e+01 1.00846121e-02 1.54308609e+00 -9.43688067e+00 -2.19972136e-05 2.13098345e-03 -5.10295232e+00
2771             9.70983923e-03 1.55353202e+00 -1.45395169e+01 9.73869205e-03 1.55142509e+00 -9.43669376e+00 -2.88528209e-05 2.10693404e-03 -5.10282310e+00
2772             9.93414625e-03 1.56135055e+00 -1.45388645e+01 9.98326258e-03 1.55923654e+00 -9.43622632e+00 -4.91163355e-05 2.11400581e-03 -5.10263822e+00
2773             1.05122201e-02 1.56915427e+00 -1.45376506e+01 1.05883503e-02 1.56701113e+00 -9.43522020e+00 -7.61302097e-05 2.14313952e-03 -5.10243044e+00
2774             1.06952796e-02 1.57595292e+00 -1.45358210e+01 1.08027816e-02 1.57376176e+00 -9.43358659e+00 -1.07501946e-04 2.19115915e-03 -5.10223439e+00
2775             1.03132513e-02 1.57923911e+00 -1.45341720e+01 1.04503736e-02 1.57698721e+00 -9.43209311e+00 -1.37122263e-04 2.25190165e-03 -5.10207892e+00
2776             1.10891285e-02 1.57776858e+00 -1.45336265e+01 1.12482590e-02 1.57545086e+00 -9.43164901e+00 -1.59130412e-04 2.31771296e-03 -5.10197747e+00
2777             1.38983276e-02 1.57085247e+00 -1.45344785e+01 1.40713779e-02 1.56847071e+00 -9.43253898e+00 -1.73050290e-04 2.38176166e-03 -5.10193953e+00
2778             1.77351129e-02 1.56011417e+00 -1.45357891e+01 1.79173015e-02 1.55767629e+00 -9.43380739e+00 -1.82188612e-04 2.43787961e-03 -5.10198174e+00
2779             2.06635749e-02 1.54672029e+00 -1.45366231e+01 2.08482198e-02 1.54423502e+00 -9.43452167e+00 -1.84644839e-04 2.48526387e-03 -5.10210143e+00
2780             2.23839382e-02 1.53061885e+00 -1.45365052e+01 2.25625306e-02 1.52809494e+00 -9.43423177e+00 -1.78592412e-04 2.52390481e-03 -5.10227345e+00
2781             2.38303964e-02 1.51334431e+00 -1.45362096e+01 2.39935797e-02 1.51079642e+00 -9.43373557e+00 -1.63183372e-04 2.54788680e-03 -5.10247403e+00
2782             2.46138990e-02 1.49614661e+00 -1.45363038e+01 2.47544924e-02 1.49358482e+00 -9.43363068e+00 -1.40593371e-04 2.56179545e-03 -5.10267309e+00
2783             2.41423461e-02 1.48155039e+00 -1.45369288e+01 2.42589288e-02 1.47897935e+00 -9.43408885e+00 -1.16582644e-04 2.57103447e-03 -5.10283997e+00
2784             2.21675454e-02 1.47125026e+00 -1.45377446e+01 2.22662020e-02 1.46867181e+00 -9.43480073e+00 -9.86566115e-05 2.57844866e-03 -5.10294389e+00
2785             1.86966119e-02 1.46569269e+00 -1.45387043e+01 1.87839551e-02 1.46310931e+00 -9.43573189e+00 -8.73432020e-05 2.58337865e-03 -5.10297241e+00
2786             1.47778816e-02 1.46423322e+00 -1.45396123e+01 1.48628845e-02 1.46165112e+00 -9.43669442e+00 -8.50029212e-05 2.58210132e-03 -5.10291791e+00
2787             1.23106663e-02 1.46529009e+00 -1.45400866e+01 1.24018704e-02 1.46271667e+00 -9.43730027e+00 -9.12040691e-05 2.57341899e-03 -5.10278633e+00
2788             1.09678685e-02 1.46887690e+00 -1.45396972e+01 1.10694164e-02 1.46632595e+00 -9.43709490e+00 -1.01547921e-04 2.55095476e-03 -5.10260234e+00
2789             9.80967303e-03 1.47556697e+00 -1.45385158e+01 9.92551765e-03 1.47304967e+00 -9.43611977e+00 -1.15844614e-04 2.51729714e-03 -5.10239604e+00
2790             8.67925224e-03 1.48441363e+00 -1.45368972e+01 8.81294184e-03 1.48193689e+00 -9.43469640e+00 -1.33689598e-04 2.47673992e-03 -5.10220079e+00
2791             7.23176390e-03 1.49426009e+00 -1.45354923e+01 7.38168826e-03 1.49182529e+00 -9.43344753e+00 -1.49924352e-04 2.43479407e-03 -5.10204476e+00
2792             6.12348771e-03 1.50557870e+00 -1.45349736e+01 6.28676907e-03 1.50317575e+00 -9.43302677e+00 -1.63281358e-04 2.40294493e-03 -5.10194682e+00
2793             7.11638951e-03 1.51754612e+00 -1.45357415e+01 7.29100340e-03 1.51516405e+00 -9.43382207e+00 -1.74613899e-04 2.38206848e-03 -5.10191938e+00
2794             9.48007286e-03 1.53009709e+00 -1.45367507e+01 9.65873207e-03 1.52772675e+00 -9.43477959e+00 -1.78659210e-04 2.37034074e-03 -5.10197109e+00
2795             1.16608114e-02 1.54226717e+00 -1.45368627e+01 1.18362612e-02 1.53989920e+00 -9.43476816e+00 -1.75449832e-04 2.36797398e-03 -5.10209454e+00
2796             1.22517453e-02 1.55386278e+00 -1.45359648e+01 1.24209974e-02 1.55149158e+00 -9.43369355e+00 -1.69252015e-04 2.37120143e-03 -5.10227129e+00
2797             1.17264192e-02 1.56297999e+00 -1.45350512e+01 1.18835090e-02 1.56060009e+00 -9.43257875e+00 -1.57089768e-04 2.37989408e-03 -5.10247243e+00
2798             1.17023606e-02 1.56804828e+00 -1.45346964e+01 1.18425853e-02 1.56565736e+00 -9.43203186e+00 -1.40224640e-04 2.39092246e-03 -5.10266454e+00
2799             1.25610125e-02 1.56920451e+00 -1.45350872e+01 1.26831688e-02 1.56681053e+00 -9.43226443e+00 -1.22156270e-04 2.39398368e-03 -5.10282279e+00
2800             1.29362076e-02 1.56686236e+00 -1.45355487e+01 1.30417697e-02 1.56447556e+00 -9.43261974e+00 -1.05562098e-04 2.38679301e-03 -5.10292897e+00
2801             1.25229100e-02 1.56083569e+00 -1.45360193e+01 1.26153679e-02 1.55846175e+00 -9.43306119e+00 -9.24579601e-05 2.37393910e-03 -5.10295814e+00
2802             1.18195944e-02 1.55250042e+00 -1.45363816e+01 1.19052139e-02 1.55014494e+00 -9.43347862e+00 -8.56194283e-05 2.35548078e-03 -5.10290299e+00
2803             1.21553678e-02 1.54309130e+00 -1.45367533e+01 1.22415044e-02 1.54075605e+00 -9.43397759e+00 -8.61366147e-05 2.33524842e-03 -5.10277575e+00
2804             1.31738126e-02 1.53385452e+00 -1.45367343e+01 1.32691727e-02 1.53153126e+00 -9.43414148e+00 -9.53601188e-05 2.32326006e-03 -5.10259283e+00
2805             1.43291326e-02 1.52692007e+00 -1.45363345e+01 1.44390516e-02 1.52460196e+00 -9.43394705e+00 -1.09918960e-04 2.31811228e-03 -5.10238747e+00
2806             1.41816275e-02 1.52191968e+00 -1.45356670e+01 1.43053791e-02 1.51960141e+00 -9.43347361e+00 -1.23751560e-04 2.31826812e-03 -5.10219338e+00
2807             1.31137046e-02 1.51777873e+00 -1.45352365e+01 1.32478651e-02 1.51545974e+00 -9.43319452e+00 -1.34160449e-04 2.31899012e-03 -5.10204200e+00
2808             1.27348080e-02 1.51512821e+00 -1.45357188e+01 1.28755896e-02 1.51280865e+00 -9.43376396e+00 -1.40781640e-04 2.31955946e-03 -5.10195483e+00
2809             1.48527192e-02 1.51334413e+00 -1.45371421e+01 1.49924989e-02 1.51102138e+00 -9.43519937e+00 -1.39779646e-04 2.32275033e-03 -5.10194272e+00
2810             1.76995957e-02 1.51245078e+00 -1.45388329e+01 1.78325010e-02 1.51012311e+00 -9.43682592e+00 -1.32905266e-04 2.32767173e-03 -5.10200696e+00
2811             1.91612409e-02 1.51253171e+00 -1.45400532e+01 1.92852881e-02 1.51019763e+00 -9.43791156e+00 -1.24047212e-04 2.33408205e-03 -5.10214161e+00
2812             1.93646846e-02 1.51357703e+00 -1.45400877e+01 1.94763805e-02 1.51123288e+00 -9.43776440e+00 -1.11695924e-04 2.34414265e-03 -5.10232330e+00
2813             1.95570136e-02 1.51471898e+00 -1.45394207e+01 1.96529833e-02 1.51236259e+00 -9.43688973e+00 -9.59696349e-05 2.35638449e-03 -5.10253094e+00
2814             1.97956035e-02 1.51549768e+00 -1.45387080e+01 1.98737216e-02 1.51312152e+00 -9.43597200e+00 -7.81180926e-05 2.37616085e-03 -5.10273601e+00
2815             1.92212107e-02 1.51671398e+00 -1.45382506e+01 1.92856241e-02 1.51430807e+00 -9.43534572e+00 -6.44134086e-05 2.40591024e-03 -5.10290487e+00
2816             1.75414193e-02 1.51948518e+00 -1.45379004e+01 1.75995008e-02 1.51704059e+00 -9.43489168e+00 -5.80814532e-05 2.44459426e-03 -5.10300869e+00
2817             1.43771859e-02 1.52304472e+00 -1.45378598e+01 1.44401746e-02 1.52055192e+00 -9.43482960e+00 -6.29886612e-05 2.49279291e-03 -5.10303023e+00
2818             1.10359214e-02 1.52635726e+00 -1.45376643e+01 1.11160748e-02 1.52381581e+00 -9.43470208e+00 -8.01534802e-05 2.54145467e-03 -5.10296218e+00
2819             9.64350548e-03 1.52714539e+00 -1.45370210e+01 9.74709516e-03 1.52455976e+00 -9.43421240e+00 -1.03589678e-04 2.58563343e-03 -5.10280856e+00
2820             9.94431987e-03 1.52449850e+00 -1.45358517e+01 1.00729001e-02 1.52188348e+00 -9.43326622e+00 -1.28580264e-04 2.61501525e-03 -5.10258552e+00
2821             1.08615694e-02 1.51977307e+00 -1.45344840e+01 1.10183309e-02 1.51715039e+00 -9.43214937e+00 -1.56761511e-04 2.62267904e-03 -5.10233459e+00
2822             1.08757556e-02 1.51405909e+00 -1.45331240e+01 1.10627655e-02 1.51144903e+00 -9.43101980e+00 -1.87009854e-04 2.61005821e-03 -5.10210416e+00
2823             9.86949030e-03 1.50836429e+00 -1.45320685e+01 1.00789006e-02 1.50577891e+00 -9.43014668e+00 -2.09410334e-04 2.58538638e-03 -5.10192179e+00
2824             9.57655473e-03 1.50394969e+00 -1.45318340e+01 9.79820331e-03 1.50140132e+00 -9.43002323e+00 -2.21648576e-04 2.54836857e-03 -5.10181081e+00
2825             1.19671456e-02 1.50045470e+00 -1.45328013e+01 1.21905525e-02 1.49794799e+00 -9.43101538e+00 -2.23406975e-04 2.50670610e-03 -5.10178592e+00
2826             1.50862592e-02 1.49859066e+00 -1.45344357e+01 1.53020257e-02 1.49612573e+00 -9.43259017e+00 -2.15766481e-04 2.46492854e-03 -5.10184548e+00
2827             1.65746606e-02 1.49900920e+00 -1.45358977e+01 1.67751454e-02 1.49658392e+00 -9.43391288e+00 -2.00484809e-04 2.42527766e-03 -5.10198481e+00
2828             1.61695509e-02 1.50326424e+00 -1.45367808e+01 1.63484993e-02 1.50087608e+00 -9.43459992e+00 -1.78948361e-04 2.38816239e-03 -5.10218090e+00
2829             1.51171912e-02 1.50965936e+00 -1.45374285e+01 1.52683698e-02 1.50730682e+00 -9.43502069e+00 -1.51178632e-04 2.35253493e-03 -5.10240781e+00
2830             1.46189977e-02 1.51738434e+00 -1.45380383e+01 1.47402244e-02 1.51506372e+00 -9.43540438e+00 -1.21226754e-04 2.32061925e-03 -5.10263389e+00
2831             1.40216005e-02 1.52600521e+00 -1.45388515e+01 1.41091486e-02 1.52371454e+00 -9.43602029e+00 -8.75481309e-05 2.29066695e-03 -5.10283126e+00
2832             1.26197923e-02 1.53440057e+00 -1.45394328e+01 1.26751949e-02 1.53214081e+00 -9.43646184e+00 -5.54026074e-05 2.25976069e-03 -5.10297095e+00
2833             1.08244349e-02 1.54174680e+00 -1.45397143e+01 1.08533535e-02 1.53951574e+00 -9.43668705e+00 -2.89185320e-05 2.23105426e-03 -5.10302727e+00
2834             8.53448511e-03 1.54764937e+00 -1.45399014e+01 8.54939028e-03 1.54544149e+00 -9.43691506e+00 -1.49051636e-05 2.20787838e-03 -5.10298633e+00
2835             7.49987310e-03 1.55273007e+00 -1.45397210e+01 7.51522188e-03 1.55053207e+00 -9.43686968e+00 -1.53487848e-05 2.19800334e-03 -5.10285130e+00
2836             7.87330582e-03 1.55724783e+00 -1.45388852e+01 7.90463975e-03 1.55504211e+00 -9.43623857e+00 -3.13339359e-05 2.20571499e-03 -5.10264660e+00
2837             8.36500589e-03 1.56156540e+00 -1.45375539e+01 8.42364459e-03 1.55933351e+00 -9.43514763e+00 -5.86386992e-05 2.23188397e-03 -5.10240622e+00
2838             7.79589328e-03 1.56503766e+00 -1.45356951e+01 7.88438482e-03 1.56276970e+00 -9.43352354e+00 -8.84915361e-05 2.26796062e-03 -5.10217154e+00
2839             6.66919856e-03 1.56639748e+00 -1.45338534e+01 6.78718058e-03 1.56408970e+00 -9.43187403e+00 -1.17982021e-04 2.30777926e-03 -5.10197933e+00
2840             7.00240628e-03 1.56541422e+00 -1.45326326e+01 7.14766377e-03 1.56307209e+00 -9.43077367e+00 -1.45257485e-04 2.34212212e-03 -5.10185890e+00
2841             1.03704896e-02 1.56089262e+00 -1.45326956e+01 1.05350307e-02 1.55851843e+00 -9.43086986e+00 -1.64541143e-04 2.37418966e-03 -5.10182576e+00
2842             1.50539310e-02 1.55257693e+00 -1.45338235e+01 1.52301915e-02 1.55017652e+00 -9.43194885e+00 -1.76260478e-04 2.40041147e-03 -5.10187464e+00
2843             1.79788725e-02 1.54208916e+00 -1.45354732e+01 1.81627423e-02 1.53967163e+00 -9.43346995e+00 -1.83869814e-04 2.41753401e-03 -5.10200329e+00
2844             1.89784883e-02 1.53172073e+00 -1.45364604e+01 1.91638057e-02 1.52929236e+00 -9.43426071e+00 -1.85317436e-04 2.42836595e-03 -5.10219972e+00
2845             1.97323520e-02 1.52073137e+00 -1.45366073e+01 1.99102182e-02 1.51829593e+00 -9.43417604e+00 -1.77866267e-04 2.43543851e-03 -5.10243121e+00
2846             2.15022347e-02 1.50974324e+00 -1.45362837e+01 2.16632872e-02 1.50730462e+00 -9.43361868e+00 -1.61052420e-04 2.43862303e-03 -5.10266503e+00
2847             2.28928780e-02 1.50036006e+00 -1.45362373e+01 2.30319248e-02 1.49791628e+00 -9.43336940e+00 -1.39046777e-04 2.44377934e-03 -5.10286794e+00
2848             2.22631677e-02 1.49437301e+00 -1.45366815e+01 2.23815305e-02 1.49191513e+00 -9.43367701e+00 -1.18362765e-04 2.45788426e-03 -5.10300447e+00
2849             1.94759985e-02 1.49150353e+00 -1.45380540e+01 1.95805806e-02 1.48902116e+00 -9.43500449e+00 -1.04582164e-04 2.48236697e-03 -5.10304949e+00
2850             1.60823876e-02 1.49077637e+00 -1.45394366e+01 1.61801397e-02 1.48826787e+00 -9.43644368e+00 -9.77520212e-05 2.50849325e-03 -5.10299295e+00
2851             1.38581055e-02 1.49138565e+00 -1.45402019e+01 1.39539968e-02 1.48885630e+00 -9.43735758e+00 -9.58912777e-05 2.52935808e-03 -5.10284429e+00
2852             1.31365802e-02 1.49224451e+00 -1.45399501e+01 1.32358514e-02 1.48970368e+00 -9.43732712e+00 -9.92711512e-05 2.54082906e-03 -5.10262300e+00
2853             1.25796207e-02 1.49427402e+00 -1.45391407e+01 1.26858527e-02 1.49173376e+00 -9.43677379e+00 -1.06231971e-04 2.54025779e-03 -5.10236689e+00
2854             1.05969361e-02 1.49773603e+00 -1.45377637e+01 1.07143519e-02 1.49520865e+00 -9.43564665e+00 -1.17415794e-04 2.52738490e-03 -5.10211708e+00
2855             7.81297155e-03 1.50271114e+00 -1.45362668e+01 7.94173365e-03 1.50020540e+00 -9.43435322e+00 -1.28762102e-04 2.50573652e-03 -5.10191354e+00
2856             6.51189230e-03 1.50874941e+00 -1.45351641e+01 6.65090806e-03 1.50626912e+00 -9.43338671e+00 -1.39015758e-04 2.48029131e-03 -5.10177740e+00
2857             7.79022759e-03 1.51527634e+00 -1.45350231e+01 7.93790704e-03 1.51282081e+00 -9.43329514e+00 -1.47679456e-04 2.45552822e-03 -5.10172801e+00
2858             1.03573473e-02 1.52208118e+00 -1.45356546e+01 1.05128506e-02 1.51965172e+00 -9.43388408e+00 -1.55503289e-04 2.42945490e-03 -5.10177055e+00
2859             1.15607163e-02 1.52925716e+00 -1.45365621e+01 1.17212416e-02 1.52685574e+00 -9.43466024e+00 -1.60525270e-04 2.40141889e-03 -5.10190183e+00
2860             1.14128780e-02 1.53692157e+00 -1.45368672e+01 1.15732034e-02 1.53455270e+00 -9.43476175e+00 -1.60325396e-04 2.36886566e-03 -5.10210550e+00
2861             1.08748990e-02 1.54365924e+00 -1.45364580e+01 1.10314601e-02 1.54132125e+00 -9.43410415e+00 -1.56561089e-04 2.33798585e-03 -5.10235382e+00
2862             1.15724542e-02 1.54968523e+00 -1.45356382e+01 1.17246840e-02 1.54737742e+00 -9.43302575e+00 -1.52229783e-04 2.30780841e-03 -5.10261244e+00
2863             1.24472488e-02 1.55353732e+00 -1.45352754e+01 1.25888464e-02 1.55125439e+00 -9.43242862e+00 -1.41597628e-04 2.28292698e-03 -5.10284680e+00
2864             1.30898210e-02 1.55493342e+00 -1.45354296e+01 1.32192684e-02 1.55267615e+00 -9.43241192e+00 -1.29447432e-04 2.25726825e-03 -5.10301763e+00
2865             1.29916142e-02 1.55410082e+00 -1.45360733e+01 1.31112188e-02 1.55186933e+00 -9.43297078e+00 -1.19604597e-04 2.23149231e-03 -5.10310252e+00
2866             1.22136410e-02 1.55165663e+00 -1.45369411e+01 1.23291409e-02 1.54944305e+00 -9.43385424e+00 -1.15499906e-04 2.21357968e-03 -5.10308686e+00
2867             1.26096054e-02 1.54911673e+00 -1.45374453e+01 1.27239966e-02 1.54690507e+00 -9.43448229e+00 -1.14391164e-04 2.21166478e-03 -5.10296303e+00
2868             1.42861804e-02 1.54665575e+00 -1.45373676e+01 1.44008905e-02 1.54443014e+00 -9.43461619e+00 -1.14710023e-04 2.22561869e-03 -5.10275144e+00
2869             1.50457402e-02 1.54447245e+00 -1.45370571e+01 1.51628601e-02 1.54221873e+00 -9.43456450e+00 -1.17119858e-04 2.25372008e-03 -5.10249256e+00
2870             1.41431876e-02 1.54237842e+00 -1.45363201e+01 1.42637779e-02 1.54008530e+00 -9.43409367e+00 -1.20590299e-04 2.29312765e-03 -5.10222638e+00
2871             1.23861644e-02 1.54000346e+00 -1.45354849e+01 1.25094124e-02 1.53766466e+00 -9.43348963e+00 -1.23248084e-04 2.33880016e-03 -5.10199530e+00
2872             1.18905249e-02 1.53664405e+00 -1.45347746e+01 1.20152520e-02 1.53425920e+00 -9.43294014e+00 -1.24727141e-04 2.38484529e-03 -5.10183449e+00
2873             1.32061809e-02 1.53237739e+00 -1.45352825e+01 1.33305994e-02 1.52995451e+00 -9.43351448e+00 -1.24418450e-04 2.42288359e-03 -5.10176806e+00
2874             1.50737564e-02 1.52724858e+00 -1.45369485e+01 1.51959956e-02 1.52479775e+00 -9.43514856e+00 -1.22239212e-04 2.45083546e-03 -5.10179997e+00
2875             1.59611193e-02 1.52284002e+00 -1.45391729e+01 1.60800752e-02 1.52036933e+00 -9.43725169e+00 -1.18955899e-04 2.47069571e-03 -5.10192116e+00
2876             1.52976584e-02 1.51933844e+00 -1.45404707e+01 1.54130042e-02 1.51685634e+00 -9.43835599e+00 -1.15345721e-04 2.48210882e-03 -5.10211469e+00
2877             1.45240806e-02 1.51531902e+00 -1.45403659e+01 1.46336263e-02 1.51283675e+00 -9.43801249e+00 -1.09545689e-04 2.48227252e-03 -5.10235342e+00
2878             1.51841019e-02 1.51121080e+00 -1.45392478e+01 1.52852453e-02 1.50873821e+00 -9.43664452e+00 -1.01143433e-04 2.47259098e-03 -5.10260329e+00
2879             1.61780241e-02 1.50826473e+00 -1.45382705e+01 1.62705263e-02 1.50580777e+00 -9.43543929e+00 -9.25022294e-05 2.45696241e-03 -5.10283123e+00
2880             1.54774797e-02 1.50768858e+00 -1.45378569e+01 1.55669610e-02 1.50524587e+00 -9.43484973e+00 -8.94812486e-05 2.44271196e-03 -5.10300717e+00
2881             1.35090113e-02 1.50909998e+00 -1.45384176e+01 1.36039906e-02 1.50666492e+00 -9.43531999e+00 -9.49792790e-05 2.43505372e-03 -5.10309758e+00
2882             1.17670131e-02 1.51142079e+00 -1.45391016e+01 1.18743271e-02 1.50898849e+00 -9.43601490e+00 -1.07313952e-04 2.43230527e-03 -5.10308669e+00
2883             1.10700644e-02 1.51441738e+00 -1.45391462e+01 1.11933372e-02 1.51198717e+00 -9.43616973e+00 -1.23272783e-04 2.43020408e-03 -5.10297647e+00
2884             1.20307745e-02 1.51695278e+00 -1.45381988e+01 1.21770617e-02 1.51452754e+00 -9.43541335e+00 -1.46287259e-04 2.42523424e-03 -5.10278544e+00
2885             1.28647733e-02 1.51877539e+00 -1.45369356e+01 1.30323227e-02 1.51634910e+00 -9.43439896e+00 -1.67549390e-04 2.42629229e-03 -5.10253661e+00
2886             1.26179559e-02 1.52083339e+00 -1.45353634e+01 1.28037255e-02 1.51840183e+00 -9.43309856e+00 -1.85769650e-04 2.43156098e-03 -5.10226488e+00
2887             1.20041614e-02 1.52283985e+00 -1.45340868e+01 1.22051710e-02 1.52040078e+00 -9.43206891e+00 -2.01009633e-04 2.43906986e-03 -5.10201786e+00
2888             1.24546137e-02 1.52415067e+00 -1.45330754e+01 1.26632108e-02 1.52170499e+00 -9.43123593e+00 -2.08597032e-04 2.44568587e-03 -5.10183945e+00
2889             1.39095337e-02 1.52542287e+00 -1.45330890e+01 1.41164862e-02 1.52296775e+00 -9.43134047e+00 -2.06952575e-04 2.45511737e-03 -5.10174854e+00
2890             1.59627918e-02 1.52656117e+00 -1.45341726e+01 1.61616506e-02 1.52409649e+00 -9.43242044e+00 -1.98858849e-04 2.46467220e-03 -5.10175211e+00
2891             1.66669757e-02 1.52790466e+00 -1.45360643e+01 1.68522428e-02 1.52543345e+00 -9.43421903e+00 -1.85267127e-04 2.47121098e-03 -5.10184530e+00
2892             1.56727390e-02 1.52862520e+00 -1.45374179e+01 1.58415460e-02 1.52615166e+00 -9.43540348e+00 -1.68806952e-04 2.47354212e-03 -5.10201438e+00
2893             1.43345020e-02 1.52886861e+00 -1.45378814e+01 1.44869202e-02 1.52639698e+00 -9.43564298e+00 -1.52418260e-04 2.47163399e-03 -5.10223846e+00
2894             1.36808717e-02 1.52848812e+00 -1.45377096e+01 1.38170466e-02 1.52602631e+00 -9.43522067e+00 -1.36174936e-04 2.46181004e-03 -5.10248897e+00
2895             1.31636616e-02 1.52701409e+00 -1.45378139e+01 1.32819680e-02 1.52457354e+00 -9.43508126e+00 -1.18306404e-04 2.44054751e-03 -5.10273261e+00
2896             1.21255771e-02 1.52512068e+00 -1.45383321e+01 1.22254603e-02 1.52271445e+00 -9.43540240e+00 -9.98832203e-05 2.40622865e-03 -5.10292974e+00
2897             1.04417846e-02 1.52365362e+00 -1.45393338e+01 1.05244797e-02 1.52129271e+00 -9.43628351e+00 -8.26950539e-05 2.36090729e-03 -5.10305028e+00
2898             8.93846388e-03 1.52230648e+00 -1.45401918e+01 9.00817074e-03 1.51999425e+00 -9.43712024e+00 -6.97068622e-05 2.31222309e-03 -5.10307161e+00
2899             8.75235178e-03 1.52205855e+00 -1.45404324e+01 8.81637301e-03 1.51979516e+00 -9.43744347e+00 -6.40212352e-05 2.26339130e-03 -5.10298889e+00
2900             9.64602629e-03 1.52317478e+00 -1.45398832e+01 9.71121617e-03 1.52095111e+00 -9.43706524e+00 -6.51898792e-05 2.22366957e-03 -5.10281798e+00
2901             9.58723004e-03 1.52628555e+00 -1.45389905e+01 9.66151885e-03 1.52408650e+00 -9.43639971e+00 -7.42888053e-05 2.19905018e-03 -5.10259082e+00
2902             8.74344049e-03 1.53151366e+00 -1.45376474e+01 8.83400617e-03 1.52932424e+00 -9.43529982e+00 -9.05656873e-05 2.18941584e-03 -5.10234754e+00
2903             8.00915551e-03 1.53761422e+00 -1.45361810e+01 8.11798665e-03 1.53541792e+00 -9.43405051e+00 -1.08831135e-04 2.19629969e-03 -5.10213052e+00
2904             8.99901653e-03 1.54317636e+00 -1.45345278e+01 9.12333592e-03 1.54096128e+00 -9.43254853e+00 -1.24319389e-04 2.21507105e-03 -5.10197925e+00
2905             1.12416321e-02 1.54855802e+00 -1.45338958e+01 1.13785586e-02 1.54631228e+00 -9.43198789e+00 -1.36926477e-04 2.24574092e-03 -5.10190794e+00
2906             1.36614897e-02 1.55282895e+00 -1.45345826e+01 1.38086857e-02 1.55054259e+00 -9.43266105e+00 -1.47195999e-04 2.28636164e-03 -5.10192159e+00
2907             1.55134801e-02 1.55534564e+00 -1.45362219e+01 1.56658191e-02 1.55300297e+00 -9.43421577e+00 -1.52339025e-04 2.34267104e-03 -5.10200616e+00
2908             1.60250394e-02 1.55530791e+00 -1.45374438e+01 1.61802126e-02 1.55290502e+00 -9.43529255e+00 -1.55173134e-04 2.40289384e-03 -5.10215128e+00
2909             1.66247252e-02 1.55229608e+00 -1.45375794e+01 1.67813626e-02 1.54983541e+00 -9.43523294e+00 -1.56637451e-04 2.46066972e-03 -5.10234648e+00
2910             1.79721969e-02 1.54643618e+00 -1.45366782e+01 1.81266428e-02 1.54392444e+00 -9.43411319e+00 -1.54445938e-04 2.51173450e-03 -5.10256505e+00
2911             1.93550420e-02 1.53860952e+00 -1.45359941e+01 1.95016422e-02 1.53605341e+00 -9.43322362e+00 -1.46600207e-04 2.55611137e-03 -5.10277045e+00
2912             1.91698434e-02 1.53006249e+00 -1.45361102e+01 1.93070005e-02 1.52747133e+00 -9.43317672e+00 -1.37157092e-04 2.59115353e-03 -5.10293351e+00
2913             1.77326496e-02 1.52149871e+00 -1.45372436e+01 1.78645341e-02 1.51887989e+00 -9.43422184e+00 -1.31884540e-04 2.61882280e-03 -5.10302176e+00
2914             1.61502148e-02 1.51223573e+00 -1.45385147e+01 1.62831903e-02 1.50959810e+00 -9.43549870e+00 -1.32975453e-04 2.63762755e-03 -5.10301604e+00
2915             1.50254553e-02 1.50255847e+00 -1.45392404e+01 1.51624026e-02 1.49991525e+00 -9.43632586e+00 -1.36947307e-04 2.64322108e-03 -5.10291459e+00
2916             1.50608803e-02 1.49278645e+00 -1.45392015e+01 1.52042690e-02 1.49015646e+00 -9.43647062e+00 -1.43388694e-04 2.62998706e-03 -5.10273087e+00
2917             1.47729654e-02 1.48428658e+00 -1.45390122e+01 1.49213633e-02 1.48169058e+00 -9.43651443e+00 -1.48397914e-04 2.59600069e-03 -5.10249772e+00
2918             1.33165617e-02 1.47905254e+00 -1.45383743e+01 1.34670744e-02 1.47650250e+00 -9.43612313e+00 -1.50512745e-04 2.55003592e-03 -5.10225116e+00
2919             1.20363063e-02 1.47746600e+00 -1.45375693e+01 1.21869493e-02 1.47497052e+00 -9.43553574e+00 -1.50642927e-04 2.49547626e-03 -5.10203352e+00
2920             1.19699710e-02 1.47881229e+00 -1.45364012e+01 1.21173451e-02 1.47637425e+00 -9.43452130e+00 -1.47374094e-04 2.43804956e-03 -5.10187993e+00
2921             1.27304386e-02 1.48392879e+00 -1.45358096e+01 1.28733301e-02 1.48154976e+00 -9.43399441e+00 -1.42891530e-04 2.37903830e-03 -5.10181516e+00
2922             1.35949221e-02 1.49197517e+00 -1.45362670e+01 1.37345286e-02 1.48964700e+00 -9.43442601e+00 -1.39606434e-04 2.32817647e-03 -5.10184096e+00
2923             1.34882374e-02 1.50306152e+00 -1.45377734e+01 1.36247512e-02 1.50077624e+00 -9.43582350e+00 -1.36513773e-04 2.28527992e-03 -5.10194989e+00
2924             1.23629327e-02 1.51598924e+00 -1.45388557e+01 1.24980398e-02 1.51373672e+00 -9.43672424e+00 -1.35107116e-04 2.25252119e-03 -5.10213147e+00
2925             1.18465410e-02 1.53038182e+00 -1.45388740e+01 1.19802593e-02 1.52814327e+00 -9.43651427e+00 -1.33718283e-04 2.23854376e-03 -5.10235978e+00
2926             1.16839806e-02 1.54408797e+00 -1.45378597e+01 1.18124730e-02 1.54184911e+00 -9.43525555e+00 -1.28492448e-04 2.23886595e-03 -5.10260417e+00
2927             1.17136021e-02 1.55564117e+00 -1.45367849e+01 1.18382385e-02 1.55339129e+00 -9.43395239e+00 -1.24636427e-04 2.24988637e-03 -5.10283250e+00
2928             1.11499299e-02 1.56415846e+00 -1.45361207e+01 1.12699939e-02 1.56189007e+00 -9.43310827e+00 -1.20064003e-04 2.26838977e-03 -5.10301245e+00
2929             1.02192283e-02 1.56916954e+00 -1.45362874e+01 1.03334207e-02 1.56687739e+00 -9.43317896e+00 -1.14192418e-04 2.29214272e-03 -5.10310843e+00
2930             1.03328942e-02 1.57003447e+00 -1.45365714e+01 1.04435295e-02 1.56771579e+00 -9.43347522e+00 -1.10635330e-04 2.31868020e-03 -5.10309615e+00
2931             1.11076421e-02 1.56735852e+00 -1.45367547e+01 1.12203200e-02 1.56501267e+00 -9.43377147e+00 -1.12677851e-04 2.34585578e-03 -5.10298322e+00
2932             1.18993294e-02 1.56173489e+00 -1.45364796e+01 1.20165100e-02 1.55936083e+00 -9.43369110e+00 -1.17180561e-04 2.37405829e-03 -5.10278852e+00
2933             1.21133166e-02 1.55381157e+00 -1.45361450e+01 1.22377043e-02 1.55140723e+00 -9.43360546e+00 -1.24387729e-04 2.40433852e-03 -5.10253952e+00
2934             1.16168289e-02 1.54468316e+00 -1.45354724e+01 1.17492278e-02 1.54225350e+00 -9.43319577e+00 -1.32398878e-04 2.42966581e-03 -5.10227661e+00
2935             1.13855469e-02 1.53483198e+00 -1.45345147e+01 1.15236201e-02 1.53238184e+00 -9.43247169e+00 -1.38073154e-04 2.45014277e-03 -5.10204305e+00
2936             1.17965849e-02 1.52446744e+00 -1.45332951e+01 1.19382185e-02 1.52200222e+00 -9.43142078e+00 -1.41633529e-04 2.46521788e-03 -5.10187436e+00
2937             1.28983749e-02 1.51484836e+00 -1.45330281e+01 1.30416343e-02 1.51237679e+00 -9.43123044e+00 -1.43259342e-04 2.47156245e-03 -5.10179766e+00
2938             1.42087257e-02 1.50640762e+00 -1.45344773e+01 1.43494686e-02 1.50393944e+00 -9.43266114e+00 -1.40742926e-04 2.46818564e-03 -5.10181621e+00
2939             1.50344951e-02 1.49981188e+00 -1.45373032e+01 1.51697352e-02 1.49735456e+00 -9.43537921e+00 -1.35240149e-04 2.45732713e-03 -5.10192397e+00
2940             1.46528994e-02 1.49614220e+00 -1.45398501e+01 1.47800490e-02 1.49369823e+00 -9.43774623e+00 -1.27149615e-04 2.44397416e-03 -5.10210387e+00
2941             1.44194177e-02 1.49608439e+00 -1.45408771e+01 1.45378545e-02 1.49365563e+00 -9.43853580e+00 -1.18436794e-04 2.42875933e-03 -5.10234126e+00
2942             1.48802228e-02 1.49808751e+00 -1.45401510e+01 1.49905035e-02 1.49567389e+00 -9.43755203e+00 -1.10280691e-04 2.41362364e-03 -5.10259893e+00
2943             1.55705897e-02 1.50219248e+00 -1.45391462e+01 1.56741660e-02 1.49979409e+00 -9.43629931e+00 -1.03576296e-04 2.39838528e-03 -5.10284686e+00
2944             1.52135278e-02 1.50829312e+00 -1.45388503e+01 1.53124823e-02 1.50590440e+00 -9.43580346e+00 -9.89545120e-05 2.38872274e-03 -5.10304679e+00
2945             1.39714790e-02 1.51621912e+00 -1.45392825e+01 1.40705293e-02 1.51382905e+00 -9.43612321e+00 -9.90502756e-05 2.39007374e-03 -5.10315933e+00
2946             1.26243675e-02 1.52452026e+00 -1.45398645e+01 1.27300795e-02 1.52211914e+00 -9.43670269e+00 -1.05711971e-04 2.40111941e-03 -5.10316185e+00
2947             1.21202413e-02 1.53178017e+00 -1.45399770e+01 1.22350400e-02 1.52936139e+00 -9.43691916e+00 -1.14798730e-04 2.41878237e-03 -5.10305783e+00
2948             1.22163239e-02 1.53713391e+00 -1.45392736e+01 1.23417061e-02 1.53469368e+00 -9.43641212e+00 -1.25382232e-04 2.44023020e-03 -5.10286147e+00
2949             1.22636372e-02 1.54012726e+00 -1.45380794e+01 1.24027164e-02 1.53766737e+00 -9.43547632e+00 -1.39079206e-04 2.45988520e-03 -5.10260309e+00
2950             1.17938633e-02 1.54124163e+00 -1.45364767e+01 1.19446440e-02 1.53876170e+00 -9.43415597e+00 -1.50780721e-04 2.47992905e-03 -5.10232072e+00
2951             1.20762408e-02 1.54023872e+00 -1.45347358e+01 1.22352605e-02 1.53773832e+00 -9.43268140e+00 -1.59019772e-04 2.50040229e-03 -5.10205435e+00
2952             1.33617631e-02 1.53661551e+00 -1.45328717e+01 1.35283293e-02 1.53410213e+00 -9.43102498e+00 -1.66566220e-04 2.51337636e-03 -5.10184676e+00
2953             1.49107817e-02 1.53129115e+00 -1.45317601e+01 1.50852898e-02 1.52877407e+00 -9.43002241e+00 -1.74508122e-04 2.51708067e-03 -5.10173770e+00
2954             1.56154939e-02 1.52498828e+00 -1.45321891e+01 1.57948238e-02 1.52247359e+00 -9.43045831e+00 -1.79329969e-04 2.51469619e-03 -5.10173079e+00
2955             1.54525553e-02 1.51818312e+00 -1.45341184e+01 1.56335074e-02 1.51567758e+00 -9.43230546e+00 -1.80952129e-04 2.50554093e-03 -5.10181296e+00
2956             1.48730594e-02 1.51181453e+00 -1.45360656e+01 1.50512934e-02 1.50932929e+00 -9.43408946e+00 -1.78233999e-04 2.48524857e-03 -5.10197612e+00
2957             1.50356005e-02 1.50715513e+00 -1.45369587e+01 1.52067050e-02 1.50469743e+00 -9.43475645e+00 -1.71104511e-04 2.45769579e-03 -5.10220229e+00
2958             1.46924986e-02 1.50339042e+00 -1.45365826e+01 1.48519618e-02 1.50096340e+00 -9.43412086e+00 -1.59463246e-04 2.42701746e-03 -5.10246177e+00
2959             1.44630903e-02 1.50101098e+00 -1.45362167e+01 1.46094227e-02 1.49861696e+00 -9.43349718e+00 -1.46332347e-04 2.39401901e-03 -5.10271949e+00
2960             1.35487508e-02 1.50030690e+00 -1.45368438e+01 1.36788446e-02 1.49795081e+00 -9.43390227e+00 -1.30093792e-04 2.35609800e-03 -5.10294151e+00
2961             1.24990968e-02 1.50226548e+00 -1.45383738e+01 1.26123186e-02 1.49994910e+00 -9.43528278e+00 -1.13221780e-04 2.31638094e-03 -5.10309104e+00
2962             1.20081743e-02 1.50680113e+00 -1.45396061e+01 1.21039506e-02 1.50451793e+00 -9.43646728e+00 -9.57762877e-05 2.28319480e-03 -5.10313883e+00
2963             1.17345022e-02 1.51307169e+00 -1.45402348e+01 1.18155578e-02 1.51081348e+00 -9.43715570e+00 -8.10555132e-05 2.25821004e-03 -5.10307914e+00
2964             1.11039110e-02 1.52050505e+00 -1.45400412e+01 1.11748504e-02 1.51826279e+00 -9.43711973e+00 -7.09393772e-05 2.24225874e-03 -5.10292143e+00
2965             1.02515282e-02 1.52831011e+00 -1.45394320e+01 1.03183436e-02 1.52607167e+00 -9.43674187e+00 -6.68154364e-05 2.23843544e-03 -5.10269015e+00
2966             8.84887470e-03 1.53654632e+00 -1.45384015e+01 8.91674635e-03 1.53430032e+00 -9.43597594e+00 -6.78716455e-05 2.24600262e-03 -5.10242555e+00
2967             8.21996758e-03 1.54460679e+00 -1.45369224e+01 8.29269582e-03 1.54234135e+00 -9.43474610e+00 -7.27282445e-05 2.26544685e-03 -5.10217629e+00
2968             8.11253547e-03 1.55156507e+00 -1.45350040e+01 8.19399410e-03 1.54926829e+00 -9.43302609e+00 -8.14586312e-05 2.29677877e-03 -5.10197792e+00
2969             8.33161216e-03 1.55652925e+00 -1.45335528e+01 8.42325879e-03 1.55419526e+00 -9.43168947e+00 -9.16466319e-05 2.33399679e-03 -5.10186331e+00
2970             8.97753642e-03 1.55918996e+00 -1.45334171e+01 9.08060505e-03 1.55681299e+00 -9.43157993e+00 -1.03068627e-04 2.37697160e-03 -5.10183713e+00
2971             9.55950931e-03 1.55964639e+00 -1.45346418e+01 9.67608211e-03 1.55722600e+00 -9.43274061e+00 -1.16572807e-04 2.42039533e-03 -5.10190115e+00
2972             1.02514272e-02 1.55817398e+00 -1.45360839e+01 1.03792844e-02 1.55570896e+00 -9.43404171e+00 -1.27857153e-04 2.46501595e-03 -5.10204222e+00
2973             1.11846499e-02 1.55444853e+00 -1.45365966e+01 1.13228056e-02 1.55193881e+00 -9.43436124e+00 -1.38155750e-04 2.50971188e-03 -5.10223541e+00
2974             1.27696609e-02 1.54750042e+00 -1.45357225e+01 1.29205821e-02 1.54495665e+00 -9.43326611e+00 -1.50921212e-04 2.54377447e-03 -5.10245639e+00
2975             1.43715255e-02 1.53869973e+00 -1.45348881e+01 1.45350618e-02 1.53613482e+00 -9.43220161e+00 -1.63536285e-04 2.56491456e-03 -5.10268648e+00
2976             1.55595306e-02 1.52903100e+00 -1.45349981e+01 1.57312435e-02 1.52645596e+00 -9.43211319e+00 -1.71712942e-04 2.57504714e-03 -5.10288491e+00
2977             1.61844970e-02 1.51970394e+00 -1.45358882e+01 1.63605177e-02 1.51713167e+00 -9.43287305e+00 -1.76020695e-04 2.57226759e-03 -5.10301514e+00
2978             1.64385287e-02 1.51103475e+00 -1.45369514e+01 1.66135370e-02 1.50847687e+00 -9.43390134e+00 -1.75008391e-04 2.55787249e-03 -5.10305008e+00
2979             1.65646531e-02 1.50299913e+00 -1.45378678e+01 1.67353513e-02 1.50046170e+00 -9.43488373e+00 -1.70698111e-04 2.53743086e-03 -5.10298410e+00
2980             1.62031883e-02 1.49619191e+00 -1.45383625e+01 1.63679727e-02 1.49367735e+00 -9.43553821e+00 -1.64784458e-04 2.51456060e-03 -5.10282434e+00
2981             1.57852515e-02 1.49104314e+00 -1.45386284e+01 1.59429640e-02 1.48855385e+00 -9.43603052e+00 -1.57712503e-04 2.48929179e-03 -5.10259789e+00
2982             1.53605582e-02 1.48884400e+00 -1.45386181e+01 1.55094647e-02 1.48638230e+00 -9.43627736e+00 -1.48906566e-04 2.46169723e-03 -5.10234073e+00
2983             1.55742948e-02 1.48992039e+00 -1.45381507e+01 1.57120611e-02 1.48748452e+00 -9.43605421e+00 -1.37766344e-04 2.43587165e-03 -5.10209645e+00
2984             1.57388994e-02 1.49375307e+00 -1.45370622e+01 1.58648902e-02 1.49134135e+00 -9.43515733e+00 -1.25990766e-04 2.41171669e-03 -5.10190484e+00
2985             1.51714246e-02 1.49898760e+00 -1.45359857e+01 1.52850472e-02 1.49659973e+00 -9.43418842e+00 -1.13622623e-04 2.38786764e-03 -5.10179730e+00
2986             1.36370579e-02 1.50547802e+00 -1.45359376e+01 1.37402683e-02 1.50311292e+00 -9.43415603e+00 -1.03210435e-04 2.36510141e-03 -5.10178153e+00
2987             1.21169159e-02 1.51262459e+00 -1.45372514e+01 1.22138422e-02 1.51027860e+00 -9.43539921e+00 -9.69262687e-05 2.34599175e-03 -5.10185216e+00
2988             1.09644760e-02 1.52060249e+00 -1.45387907e+01 1.10594428e-02 1.51827090e+00 -9.43679844e+00 -9.49667610e-05 2.33159248e-03 -5.10199225e+00
2989             9.65486421e-03 1.52851580e+00 -1.45392698e+01 9.75274538e-03 1.52619193e+00 -9.43707816e+00 -9.78811675e-05 2.32387098e-03 -5.10219166e+00
2990             8.39593712e-03 1.53557410e+00 -1.45380853e+01 8.50021922e-03 1.53325119e+00 -9.43566208e+00 -1.04282095e-04 2.32291430e-03 -5.10242324e+00
2991             7.84020883e-03 1.54188550e+00 -1.45363924e+01 7.95179176e-03 1.53955968e+00 -9.43373108e+00 -1.11582925e-04 2.32581385e-03 -5.10266130e+00
2992             7.58405032e-03 1.54687476e+00 -1.45354570e+01 7.70425093e-03 1.54454086e+00 -9.43258901e+00 -1.20200607e-04 2.33389511e-03 -5.10286799e+00
2993             7.69720214e-03 1.55079849e+00 -1.45353893e+01 7.82540349e-03 1.54845718e+00 -9.43237721e+00 -1.28201351e-04 2.34130387e-03 -5.10301207e+00
2994             8.58026126e-03 1.55307537e+00 -1.45354001e+01 8.71145309e-03 1.55072451e+00 -9.43233872e+00 -1.31191826e-04 2.35085678e-03 -5.10306142e+00
2995             9.68167132e-03 1.55224870e+00 -1.45355493e+01 9.81552944e-03 1.54988824e+00 -9.43254242e+00 -1.33858126e-04 2.36046191e-03 -5.10300690e+00
2996             1.03202198e-02 1.54908464e+00 -1.45354838e+01 1.04578938e-02 1.54672101e+00 -9.43262351e+00 -1.37673956e-04 2.36363153e-03 -5.10286025e+00
2997             1.05217465e-02 1.54400904e+00 -1.45353819e+01 1.06633995e-02 1.54164527e+00 -9.43272989e+00 -1.41653048e-04 2.36376493e-03 -5.10265197e+00
2998             1.07521718e-02 1.53834992e+00 -1.45350267e+01 1.08959023e-02 1.53598402e+00 -9.43261877e+00 -1.43730446e-04 2.36590005e-03 -5.10240797e+00
2999             1.20176195e-02 1.53333834e+00 -1.45342784e+01 1.21614478e-02 1.53097223e+00 -9.43210513e+00 -1.43828316e-04 2.36611329e-03 -5.10217326e+00
3000             1.31849637e-02 1.52884702e+00 -1.45331571e+01 1.33253638e-02 1.52647856e+00 -9.43117381e+00 -1.40400156e-04 2.36845907e-03 -5.10198333e+00
