# Force         
# CofR          : (-8.54110000e-02 -7.26535000e-11 5.25000000e-02)
#
# Time          	total_x total_y total_z	pressure_x pressure_y pressure_z	viscous_x viscous_y viscous_z
3001             -3.18875489e-01 2.33802904e+00 4.04836874e+00 -3.18403967e-01 2.31399628e+00 4.21059082e+00 -4.71521696e-04 2.40327611e-02 -1.62222083e-01
3002             -3.19173557e-01 2.32974002e+00 4.04755272e+00 -3.18748060e-01 2.30582276e+00 4.20974679e+00 -4.25497358e-04 2.39172605e-02 -1.62194072e-01
3003             -3.17486360e-01 2.32588321e+00 4.04508503e+00 -3.17126292e-01 2.30207864e+00 4.20724614e+00 -3.60068253e-04 2.38045682e-02 -1.62161110e-01
3004             -3.13345594e-01 2.32663530e+00 4.04117679e+00 -3.13061048e-01 2.30292912e+00 4.20330764e+00 -2.84545541e-04 2.37061769e-02 -1.62130852e-01
3005             -3.06565463e-01 2.33175942e+00 4.03728668e+00 -3.06357223e-01 2.30812868e+00 4.19939343e+00 -2.08239481e-04 2.36307378e-02 -1.62106752e-01
3006             -2.97654429e-01 2.34070600e+00 4.03479491e+00 -2.97515813e-01 2.31711841e+00 4.19688415e+00 -1.38615942e-04 2.35875940e-02 -1.62089242e-01
3007             -2.87804993e-01 2.35281436e+00 4.03413052e+00 -2.87722394e-01 2.32923347e+00 4.19620701e+00 -8.25991525e-05 2.35808906e-02 -1.62076484e-01
3008             -2.78530559e-01 2.36699172e+00 4.03522032e+00 -2.78486406e-01 2.34337921e+00 4.19728887e+00 -4.41530707e-05 2.36125110e-02 -1.62068556e-01
3009             -2.70879202e-01 2.38198051e+00 4.03780516e+00 -2.70852308e-01 2.35830129e+00 4.19987057e+00 -2.68939967e-05 2.36792228e-02 -1.62065410e-01
3010             -2.65508866e-01 2.39638426e+00 4.04152423e+00 -2.65476681e-01 2.37260986e+00 4.20359303e+00 -3.21856893e-05 2.37743951e-02 -1.62068799e-01
3011             -2.62752845e-01 2.40878598e+00 4.04573678e+00 -2.62692011e-01 2.38489718e+00 4.20781637e+00 -6.08340437e-05 2.38888055e-02 -1.62079590e-01
3012             -2.62625462e-01 2.41771357e+00 4.05027720e+00 -2.62515659e-01 2.39370161e+00 4.21237577e+00 -1.09802283e-04 2.40119639e-02 -1.62098571e-01
3013             -2.65374174e-01 2.42159060e+00 4.05542274e+00 -2.65200667e-01 2.39745939e+00 4.21754708e+00 -1.73506763e-04 2.41312147e-02 -1.62124345e-01
3014             -2.71295367e-01 2.41941366e+00 4.06023676e+00 -2.71050994e-01 2.39518088e+00 4.22238716e+00 -2.44372742e-04 2.42327881e-02 -1.62150396e-01
3015             -2.80427927e-01 2.41137823e+00 4.06266983e+00 -2.80113363e-01 2.38707438e+00 4.22484121e+00 -3.14563977e-04 2.43038470e-02 -1.62171388e-01
3016             -2.91710106e-01 2.39932672e+00 4.06074910e+00 -2.91331216e-01 2.37499168e+00 4.22293586e+00 -3.78889223e-04 2.43350387e-02 -1.62186760e-01
3017             -3.02750377e-01 2.38506518e+00 4.05611035e+00 -3.02317084e-01 2.36074079e+00 4.21831007e+00 -4.33293002e-04 2.43243855e-02 -1.62199721e-01
3018             -3.11188135e-01 2.37021410e+00 4.05178485e+00 -3.10715654e-01 2.34593795e+00 4.21399522e+00 -4.72480781e-04 2.42761551e-02 -1.62210378e-01
3019             -3.16414659e-01 2.35581418e+00 4.04989733e+00 -3.15924525e-01 2.33161614e+00 4.21211230e+00 -4.90133894e-04 2.41980370e-02 -1.62214972e-01
3020             -3.19140363e-01 2.34310680e+00 4.04959759e+00 -3.18659243e-01 2.31900790e+00 4.21180559e+00 -4.81119413e-04 2.40989062e-02 -1.62208001e-01
3021             -3.20076927e-01 2.33341794e+00 4.04870488e+00 -3.19632189e-01 2.30942992e+00 4.21089346e+00 -4.44738436e-04 2.39880242e-02 -1.62188577e-01
3022             -3.19175642e-01 2.32786793e+00 4.04612498e+00 -3.18789489e-01 2.30399296e+00 4.20828726e+00 -3.86153800e-04 2.38749726e-02 -1.62162282e-01
3023             -3.15865890e-01 2.32686283e+00 4.04202028e+00 -3.15551735e-01 2.30309212e+00 4.20415717e+00 -3.14154781e-04 2.37707027e-02 -1.62136899e-01
3024             -3.09900064e-01 2.33020312e+00 4.03754241e+00 -3.09661973e-01 2.30651788e+00 4.19965960e+00 -2.38090731e-04 2.36852361e-02 -1.62117187e-01
3025             -3.01531247e-01 2.33756372e+00 4.03406956e+00 -3.01365312e-01 2.31393620e+00 4.19617306e+00 -1.65934606e-04 2.36275243e-02 -1.62103498e-01
3026             -2.91806377e-01 2.34827014e+00 4.03238021e+00 -2.91701658e-01 2.32466617e+00 4.19447457e+00 -1.04719173e-04 2.36039658e-02 -1.62094357e-01
3027             -2.81992536e-01 2.36160885e+00 4.03254752e+00 -2.81932862e-01 2.33799177e+00 4.19463650e+00 -5.96737100e-05 2.36170888e-02 -1.62088981e-01
3028             -2.73496954e-01 2.37617841e+00 4.03442852e+00 -2.73462641e-01 2.35251212e+00 4.19651601e+00 -3.43121651e-05 2.36662893e-02 -1.62087486e-01
3029             -2.67048150e-01 2.39071491e+00 4.03762594e+00 -2.67017013e-01 2.36696902e+00 4.19971683e+00 -3.11374238e-05 2.37458913e-02 -1.62090883e-01
3030             -2.63128542e-01 2.40381875e+00 4.04171480e+00 -2.63077240e-01 2.37997089e+00 4.20381512e+00 -5.13021000e-05 2.38478649e-02 -1.62100322e-01
3031             -2.61898350e-01 2.41396083e+00 4.04617321e+00 -2.61804825e-01 2.38999818e+00 4.20829018e+00 -9.35249908e-05 2.39626502e-02 -1.62116966e-01
3032             -2.63499820e-01 2.41962649e+00 4.05131351e+00 -2.63347170e-01 2.39554779e+00 4.21345446e+00 -1.52649995e-04 2.40786998e-02 -1.62140952e-01
3033             -2.68160797e-01 2.41962870e+00 4.05657751e+00 -2.67939155e-01 2.39544676e+00 4.21874393e+00 -2.21641917e-04 2.41819446e-02 -1.62166414e-01
3034             -2.76117603e-01 2.41346932e+00 4.06076224e+00 -2.75825496e-01 2.38920917e+00 4.22294956e+00 -2.92106867e-04 2.42601505e-02 -1.62187320e-01
3035             -2.86862004e-01 2.40264676e+00 4.06081788e+00 -2.86504237e-01 2.37834472e+00 4.22301825e+00 -3.57766673e-04 2.43020425e-02 -1.62200377e-01
3036             -2.98361628e-01 2.38904648e+00 4.05723246e+00 -2.97946513e-01 2.36474343e+00 4.21944163e+00 -4.15114588e-04 2.43030564e-02 -1.62209172e-01
3037             -3.07929441e-01 2.37453863e+00 4.05280367e+00 -3.07470073e-01 2.35027277e+00 4.21501936e+00 -4.59368515e-04 2.42658567e-02 -1.62215688e-01
3038             -3.14319213e-01 2.36017559e+00 4.05042609e+00 -3.13834529e-01 2.33597807e+00 4.21264387e+00 -4.84683828e-04 2.41975204e-02 -1.62217783e-01
3039             -3.17896212e-01 2.34695398e+00 4.05029676e+00 -3.17411195e-01 2.32284732e+00 4.21250690e+00 -4.85016669e-04 2.41066589e-02 -1.62210137e-01
3040             -3.19519134e-01 2.33625351e+00 4.05035250e+00 -3.19061593e-01 2.31225164e+00 4.21254190e+00 -4.57541163e-04 2.40018725e-02 -1.62189403e-01
3041             -3.19450629e-01 2.32934324e+00 4.04887702e+00 -3.19045124e-01 2.30545087e+00 4.21103624e+00 -4.05504882e-04 2.38923661e-02 -1.62159212e-01
3042             -3.17170867e-01 2.32699279e+00 4.04575670e+00 -3.16833944e-01 2.30320432e+00 4.20788423e+00 -3.36923494e-04 2.37884749e-02 -1.62127529e-01
3043             -3.12323199e-01 2.32913364e+00 4.04146103e+00 -3.12062094e-01 2.30543212e+00 4.20356228e+00 -2.61104354e-04 2.37015228e-02 -1.62101244e-01
3044             -3.04889687e-01 2.33546578e+00 4.03759079e+00 -3.04702659e-01 2.31182641e+00 4.19967287e+00 -1.87027968e-04 2.36393710e-02 -1.62082083e-01
3045             -2.95660341e-01 2.34535413e+00 4.03523273e+00 -2.95538600e-01 2.32174372e+00 4.19730275e+00 -1.21741105e-04 2.36104150e-02 -1.62070020e-01
3046             -2.85821389e-01 2.35805294e+00 4.03463976e+00 -2.85750131e-01 2.33443572e+00 4.19670286e+00 -7.12584426e-05 2.36172196e-02 -1.62063101e-01
3047             -2.76896085e-01 2.37238392e+00 4.03565115e+00 -2.76856874e-01 2.34872346e+00 4.19771267e+00 -3.92111121e-05 2.36604607e-02 -1.62061521e-01
3048             -2.69752183e-01 2.38707715e+00 4.03803399e+00 -2.69723167e-01 2.36334162e+00 4.20009962e+00 -2.90161137e-05 2.37355334e-02 -1.62065629e-01
3049             -2.65004518e-01 2.40075978e+00 4.04148827e+00 -2.64963122e-01 2.37692464e+00 4.20356497e+00 -4.13967806e-05 2.38351417e-02 -1.62076697e-01
3050             -2.62879434e-01 2.41201948e+00 4.04529277e+00 -2.62802515e-01 2.38807014e+00 4.20738824e+00 -7.69187981e-05 2.39493409e-02 -1.62095470e-01
3051             -2.63443053e-01 2.41930806e+00 4.04962273e+00 -2.63311885e-01 2.39523953e+00 4.21174508e+00 -1.31168162e-04 2.40685326e-02 -1.62122351e-01
3052             -2.66939597e-01 2.42119936e+00 4.05448325e+00 -2.66741195e-01 2.39702161e+00 4.21663704e+00 -1.98401819e-04 2.41777483e-02 -1.62153794e-01
3053             -2.73651197e-01 2.41695460e+00 4.05883530e+00 -2.73381485e-01 2.39268915e+00 4.22101834e+00 -2.69711540e-04 2.42654468e-02 -1.62183040e-01
3054             -2.83454773e-01 2.40730608e+00 4.05990769e+00 -2.83116750e-01 2.38298729e+00 4.22211263e+00 -3.38023430e-04 2.43187900e-02 -1.62204933e-01
3055             -2.94824475e-01 2.39426738e+00 4.05692492e+00 -2.94425259e-01 2.36993650e+00 4.21914585e+00 -3.99216357e-04 2.43308807e-02 -1.62220930e-01
3056             -3.05149467e-01 2.37955346e+00 4.05222263e+00 -3.04700481e-01 2.35525135e+00 4.21445613e+00 -4.48985190e-04 2.43021129e-02 -1.62233500e-01
3057             -3.12493019e-01 2.36464102e+00 4.04875862e+00 -3.12011127e-01 2.34040275e+00 4.21099998e+00 -4.81892922e-04 2.42382658e-02 -1.62241352e-01
3058             -3.16780599e-01 2.35056913e+00 4.04788783e+00 -3.16289043e-01 2.32642132e+00 4.21012797e+00 -4.91555844e-04 2.41478127e-02 -1.62240143e-01
3059             -3.18826510e-01 2.33866702e+00 4.04809302e+00 -3.18352989e-01 2.31462678e+00 4.21031844e+00 -4.73520882e-04 2.40402375e-02 -1.62225421e-01
3060             -3.19220598e-01 2.33016426e+00 4.04730893e+00 -3.18791418e-01 2.30623941e+00 4.20950721e+00 -4.29180029e-04 2.39248501e-02 -1.62198278e-01
3061             -3.17672580e-01 2.32603811e+00 4.04487887e+00 -3.17307632e-01 2.30222645e+00 4.20704469e+00 -3.64947568e-04 2.38116625e-02 -1.62165816e-01
3062             -3.13687974e-01 2.32652571e+00 4.04100256e+00 -3.13397991e-01 2.30281379e+00 4.20313818e+00 -2.89983110e-04 2.37119223e-02 -1.62135629e-01
3063             -3.07077898e-01 2.33141198e+00 4.03708112e+00 -3.06864261e-01 2.30777707e+00 4.19919256e+00 -2.13637828e-04 2.36349146e-02 -1.62111441e-01
3064             -2.98301116e-01 2.34016572e+00 4.03446360e+00 -2.98157716e-01 2.31657594e+00 4.19655727e+00 -1.43399987e-04 2.35897772e-02 -1.62093672e-01
3065             -2.88504100e-01 2.35211791e+00 4.03364441e+00 -2.88417831e-01 2.32853693e+00 4.19572510e+00 -8.62687765e-05 2.35809770e-02 -1.62080689e-01
3066             -2.79145646e-01 2.36624517e+00 4.03458009e+00 -2.79099051e-01 2.34263472e+00 4.19665259e+00 -4.65955511e-05 2.36104530e-02 -1.62072505e-01
3067             -2.71370493e-01 2.38116438e+00 4.03712844e+00 -2.71342595e-01 2.35748889e+00 4.19919763e+00 -2.78971058e-05 2.36754879e-02 -1.62069192e-01
3068             -2.65817143e-01 2.39562811e+00 4.04079251e+00 -2.65785536e-01 2.37185898e+00 4.20286453e+00 -3.16060563e-05 2.37691226e-02 -1.62072015e-01
3069             -2.62836445e-01 2.40816593e+00 4.04504304e+00 -2.62777839e-01 2.38428326e+00 4.20712527e+00 -5.86062941e-05 2.38826772e-02 -1.62082237e-01
3070             -2.62514734e-01 2.41731168e+00 4.04961337e+00 -2.62408270e-01 2.39330628e+00 4.21171396e+00 -1.06464436e-04 2.40054004e-02 -1.62100586e-01
3071             -2.65094416e-01 2.42147892e+00 4.05486289e+00 -2.64924926e-01 2.39735383e+00 4.21698894e+00 -1.69490569e-04 2.41250930e-02 -1.62126052e-01
3072             -2.70838705e-01 2.41966941e+00 4.05981890e+00 -2.70598666e-01 2.39544163e+00 4.22197088e+00 -2.40039220e-04 2.42277809e-02 -1.62151981e-01
3073             -2.79798021e-01 2.41198868e+00 4.06258971e+00 -2.79487731e-01 2.38768789e+00 4.22476279e+00 -3.10289827e-04 2.43007976e-02 -1.62173088e-01
3074             -2.91017554e-01 2.40012853e+00 4.06098976e+00 -2.90642619e-01 2.37579410e+00 4.22317813e+00 -3.74934418e-04 2.43344334e-02 -1.62188373e-01
3075             -3.02167622e-01 2.38592531e+00 4.05650459e+00 -3.01737558e-01 2.36159913e+00 4.21870554e+00 -4.30064225e-04 2.43261816e-02 -1.62200957e-01
3076             -3.10768769e-01 2.37114593e+00 4.05207165e+00 -3.10298457e-01 2.34686589e+00 4.21428296e+00 -4.70311978e-04 2.42800357e-02 -1.62211312e-01
3077             -3.16168455e-01 2.35668816e+00 4.05005838e+00 -3.15678799e-01 2.33248455e+00 4.21227455e+00 -4.89656116e-04 2.42036107e-02 -1.62216167e-01
3078             -3.19028043e-01 2.34379090e+00 4.04976569e+00 -3.18545616e-01 2.31968536e+00 4.21197546e+00 -4.82427831e-04 2.41055456e-02 -1.62209767e-01
3079             -3.20098083e-01 2.33381166e+00 4.04899519e+00 -3.19650397e-01 2.30981666e+00 4.21118591e+00 -4.47685830e-04 2.39950021e-02 -1.62190723e-01
3080             -3.19336745e-01 2.32793355e+00 4.04653458e+00 -3.18946504e-01 2.30405200e+00 4.20869901e+00 -3.90241483e-04 2.38815558e-02 -1.62164430e-01
3081             -3.16152290e-01 2.32663795e+00 4.04253445e+00 -3.15833672e-01 2.30286187e+00 4.20467301e+00 -3.18618339e-04 2.37760747e-02 -1.62138564e-01
3082             -3.10325491e-01 2.32972467e+00 4.03802594e+00 -3.10082977e-01 2.30603568e+00 4.20014424e+00 -2.42514161e-04 2.36889978e-02 -1.62118294e-01
3083             -3.02086277e-01 2.33689798e+00 4.03441367e+00 -3.01916237e-01 2.31326878e+00 4.19651781e+00 -1.70040705e-04 2.36291973e-02 -1.62104141e-01
3084             -2.92440224e-01 2.34749272e+00 4.03253671e+00 -2.92332054e-01 2.32388923e+00 4.19463153e+00 -1.08170057e-04 2.36034866e-02 -1.62094828e-01
3085             -2.82618006e-01 2.36070104e+00 4.03252894e+00 -2.82555798e-01 2.33708660e+00 4.19461829e+00 -6.22077490e-05 2.36144374e-02 -1.62089357e-01
3086             -2.74015127e-01 2.37520528e+00 4.03423324e+00 -2.73979613e-01 2.35154367e+00 4.19632096e+00 -3.55135503e-05 2.36616118e-02 -1.62087720e-01
3087             -2.67398175e-01 2.38975814e+00 4.03727425e+00 -2.67367179e-01 2.36601860e+00 4.19936510e+00 -3.09961382e-05 2.37395460e-02 -1.62090856e-01
3088             -2.63276889e-01 2.40297835e+00 4.04125401e+00 -2.63227268e-01 2.37913804e+00 4.20335410e+00 -4.96207037e-05 2.38403081e-02 -1.62100089e-01
3089             -2.61865813e-01 2.41334216e+00 4.04563657e+00 -2.61775249e-01 2.38938778e+00 4.20775311e+00 -9.05632443e-05 2.39543855e-02 -1.62116539e-01
3090             -2.63297204e-01 2.41931879e+00 4.05066832e+00 -2.63148398e-01 2.39524811e+00 4.21280884e+00 -1.48805984e-04 2.40706788e-02 -1.62140514e-01
3091             -2.67770011e-01 2.41969208e+00 4.05591362e+00 -2.67552636e-01 2.39551724e+00 4.21808000e+00 -2.17374355e-04 2.41748463e-02 -1.62166381e-01
3092             -2.75527414e-01 2.41391023e+00 4.06021057e+00 -2.75239680e-01 2.38965541e+00 4.22239853e+00 -2.87733230e-04 2.42548191e-02 -1.62187964e-01
3093             -2.86152833e-01 2.40339077e+00 4.06047759e+00 -2.85799189e-01 2.37909167e+00 4.22267919e+00 -3.53644111e-04 2.42991098e-02 -1.62201592e-01
3094             -2.97692415e-01 2.38998037e+00 4.05701660e+00 -2.97280769e-01 2.36567756e+00 4.21922733e+00 -4.11645727e-04 2.43028064e-02 -1.62210730e-01
3095             -3.07456938e-01 2.37547375e+00 4.05256755e+00 -3.07000112e-01 2.35120566e+00 4.21478508e+00 -4.56826541e-04 2.42680857e-02 -1.62217530e-01
3096             -3.14043634e-01 2.36110940e+00 4.04997708e+00 -3.13560105e-01 2.33690772e+00 4.21219705e+00 -4.83528831e-04 2.42016798e-02 -1.62219971e-01
3097             -3.17744864e-01 2.34780673e+00 4.04975394e+00 -3.17259372e-01 2.32369462e+00 4.21196713e+00 -4.85491984e-04 2.41121117e-02 -1.62213198e-01
3098             -3.19451639e-01 2.33689041e+00 4.04990325e+00 -3.18991958e-01 2.31288224e+00 4.21209659e+00 -4.59681194e-04 2.40081694e-02 -1.62193337e-01
3099             -3.19487484e-01 2.32965896e+00 4.04862429e+00 -3.19078451e-01 2.30576014e+00 4.21078787e+00 -4.09033270e-04 2.38988149e-02 -1.62163578e-01
3100             -3.17359228e-01 2.32697982e+00 4.04570093e+00 -3.17018034e-01 2.30318557e+00 4.20783257e+00 -3.41193835e-04 2.37942467e-02 -1.62131634e-01
3101             -3.12689768e-01 2.32883084e+00 4.04149603e+00 -3.12424201e-01 2.30512482e+00 4.20360076e+00 -2.65567250e-04 2.37060146e-02 -1.62104737e-01
3102             -3.05408325e-01 2.33495751e+00 4.03763604e+00 -3.05217081e-01 2.31131555e+00 4.19972102e+00 -1.91243807e-04 2.36419606e-02 -1.62084983e-01
3103             -2.96249781e-01 2.34467149e+00 4.03527799e+00 -2.96124472e-01 2.32106059e+00 4.19735037e+00 -1.25309027e-04 2.36109013e-02 -1.62072379e-01
3104             -2.86407049e-01 2.35728742e+00 4.03464585e+00 -2.86333066e-01 2.33367177e+00 4.19671068e+00 -7.39834320e-05 2.36156467e-02 -1.62064827e-01
3105             -2.77422714e-01 2.37159151e+00 4.03562474e+00 -2.77381896e-01 2.34793442e+00 4.19768738e+00 -4.08181230e-05 2.36570961e-02 -1.62062634e-01
3106             -2.70172954e-01 2.38625867e+00 4.03800795e+00 -2.70143643e-01 2.36252793e+00 4.20007400e+00 -2.93109269e-05 2.37307409e-02 -1.62066044e-01
3107             -2.65250107e-01 2.39997829e+00 4.04148004e+00 -2.65210030e-01 2.37614913e+00 4.20355635e+00 -4.00767691e-05 2.38291605e-02 -1.62076309e-01
3108             -2.62930112e-01 2.41137916e+00 4.04530555e+00 -2.62856047e-01 2.38743652e+00 4.20739980e+00 -7.40649629e-05 2.39426426e-02 -1.62094247e-01
3109             -2.63310942e-01 2.41893030e+00 4.04958241e+00 -2.63183865e-01 2.39486861e+00 4.21170263e+00 -1.27077049e-04 2.40616965e-02 -1.62120227e-01
3110             -2.66639572e-01 2.42114042e+00 4.05443422e+00 -2.66445891e-01 2.39696883e+00 4.21658561e+00 -1.93681009e-04 2.41715921e-02 -1.62151385e-01
3111             -2.73187097e-01 2.41723402e+00 4.05885438e+00 -2.72922032e-01 2.39297326e+00 4.22103528e+00 -2.65064078e-04 2.42607541e-02 -1.62180900e-01
3112             -2.82856435e-01 2.40784646e+00 4.06017242e+00 -2.82522552e-01 2.38353035e+00 4.22237571e+00 -3.33883484e-04 2.43161075e-02 -1.62203287e-01
3113             -2.94218163e-01 2.39495858e+00 4.05739158e+00 -2.93822472e-01 2.37062806e+00 4.21961116e+00 -3.95690626e-04 2.43305109e-02 -1.62219588e-01
3114             -3.04668017e-01 2.38038586e+00 4.05260686e+00 -3.04221706e-01 2.35608190e+00 4.21483919e+00 -4.46311307e-04 2.43039682e-02 -1.62232330e-01
3115             -3.12192621e-01 2.36549594e+00 4.04889747e+00 -3.11712150e-01 2.34125385e+00 4.21113826e+00 -4.80471251e-04 2.42420892e-02 -1.62240795e-01
3116             -3.16642475e-01 2.35129865e+00 4.04782366e+00 -3.16150709e-01 2.32714554e+00 4.21006422e+00 -4.91765662e-04 2.41531009e-02 -1.62240557e-01
3117             -3.18795631e-01 2.33918779e+00 4.04798144e+00 -3.18320131e-01 2.31514157e+00 4.21020836e+00 -4.75499761e-04 2.40462147e-02 -1.62226912e-01
3118             -3.19279140e-01 2.33044182e+00 4.04722838e+00 -3.18846520e-01 2.30651096e+00 4.20942897e+00 -4.32619917e-04 2.39308596e-02 -1.62200587e-01
3119             -3.17853274e-01 2.32606879e+00 4.04480968e+00 -3.17484031e-01 2.30225170e+00 4.20697813e+00 -3.69243469e-04 2.38170985e-02 -1.62168448e-01
3120             -3.14022374e-01 2.32627311e+00 4.04093452e+00 -3.13727828e-01 2.30255685e+00 4.20307271e+00 -2.94545907e-04 2.37162591e-02 -1.62138190e-01
3121             -3.07583035e-01 2.33091809e+00 4.03695630e+00 -3.07364915e-01 2.30728056e+00 4.19907023e+00 -2.18119290e-04 2.36375280e-02 -1.62113928e-01
3122             -2.98930513e-01 2.33951771e+00 4.03421000e+00 -2.98783094e-01 2.31592744e+00 4.19630605e+00 -1.47418873e-04 2.35902685e-02 -1.62096049e-01
3123             -2.89183842e-01 2.35139137e+00 4.03323433e+00 -2.89094425e-01 2.32781198e+00 4.19531736e+00 -8.94166499e-05 2.35793904e-02 -1.62083025e-01
3124             -2.79749455e-01 2.36548742e+00 4.03403886e+00 -2.79700841e-01 2.34188048e+00 4.19611358e+00 -4.86142368e-05 2.36069362e-02 -1.62074716e-01
3125             -2.71839527e-01 2.38041045e+00 4.03646302e+00 -2.71810959e-01 2.35673995e+00 4.19853429e+00 -2.85679444e-05 2.36704996e-02 -1.62071275e-01
3126             -2.66128533e-01 2.39490825e+00 4.04006930e+00 -2.66097599e-01 2.37114517e+00 4.20214321e+00 -3.09337726e-05 2.37630815e-02 -1.62073913e-01
3127             -2.62977458e-01 2.40757646e+00 4.04433306e+00 -2.62920931e-01 2.38370049e+00 4.20641679e+00 -5.65272007e-05 2.38759694e-02 -1.62083726e-01
3128             -2.62469993e-01 2.41695976e+00 4.04891001e+00 -2.62366846e-01 2.39296113e+00 4.21101163e+00 -1.03147400e-04 2.39986360e-02 -1.62101614e-01
3129             -2.64852480e-01 2.42143816e+00 4.05419762e+00 -2.64687002e-01 2.39731918e+00 4.21632443e+00 -1.65477858e-04 2.41189811e-02 -1.62126815e-01
3130             -2.70396085e-01 2.41997388e+00 4.05928633e+00 -2.70160213e-01 2.39575085e+00 4.22143918e+00 -2.35872000e-04 2.42230269e-02 -1.62152850e-01
3131             -2.79189873e-01 2.41256086e+00 4.06245844e+00 -2.78883482e-01 2.38826273e+00 4.22463263e+00 -3.06391450e-04 2.42981255e-02 -1.62174197e-01
3132             -2.90347073e-01 2.40096823e+00 4.06117912e+00 -2.89975623e-01 2.37663399e+00 4.22336847e+00 -3.71450192e-04 2.43342447e-02 -1.62189348e-01
3133             -3.01605673e-01 2.38690713e+00 4.05683612e+00 -3.01178404e-01 2.36257861e+00 4.21903794e+00 -4.27268646e-04 2.43285253e-02 -1.62201820e-01
3134             -3.10434140e-01 2.37207409e+00 4.05242369e+00 -3.09965580e-01 2.34778951e+00 4.21463581e+00 -4.68560021e-04 2.42845804e-02 -1.62212127e-01
3135             -3.16011374e-01 2.35753586e+00 4.05030350e+00 -3.15522072e-01 2.33332607e+00 4.21252043e+00 -4.89302429e-04 2.42097836e-02 -1.62216930e-01
3136             -3.18946407e-01 2.34450073e+00 4.04996820e+00 -3.18462716e-01 2.32038794e+00 4.21217904e+00 -4.83690441e-04 2.41127929e-02 -1.62210842e-01
3137             -3.20090641e-01 2.33428920e+00 4.04928043e+00 -3.19640062e-01 2.31028655e+00 4.21147267e+00 -4.50579559e-04 2.40026499e-02 -1.62192239e-01
3138             -3.19453536e-01 2.32808013e+00 4.04695066e+00 -3.19059258e-01 2.30419123e+00 4.20911669e+00 -3.94278844e-04 2.38889017e-02 -1.62166028e-01
3139             -3.16449627e-01 2.32643854e+00 4.04311795e+00 -3.16126345e-01 2.30265623e+00 4.20525776e+00 -3.23281205e-04 2.37823149e-02 -1.62139814e-01
3140             -3.10780299e-01 2.32922455e+00 4.03861854e+00 -3.10533237e-01 2.30553104e+00 4.20073741e+00 -2.47061716e-04 2.36935046e-02 -1.62118870e-01
3141             -3.02653602e-01 2.33617261e+00 4.03488753e+00 -3.02479510e-01 2.31254124e+00 4.19699164e+00 -1.74091525e-04 2.36313677e-02 -1.62104106e-01
3142             -2.93059209e-01 2.34661762e+00 4.03284270e+00 -2.92947817e-01 2.32301442e+00 4.19493719e+00 -1.11392044e-04 2.36031976e-02 -1.62094488e-01
3143             -2.83182716e-01 2.35980230e+00 4.03261676e+00 -2.83118316e-01 2.33619055e+00 4.19470560e+00 -6.44005740e-05 2.36117446e-02 -1.62088846e-01
3144             -2.74493262e-01 2.37425520e+00 4.03415461e+00 -2.74456602e-01 2.35059832e+00 4.19624194e+00 -3.66597032e-05 2.36568795e-02 -1.62087333e-01
3145             -2.67737850e-01 2.38880395e+00 4.03706587e+00 -2.67707000e-01 2.36507083e+00 4.19915617e+00 -3.08494216e-05 2.37331246e-02 -1.62090299e-01
3146             -2.63448343e-01 2.40209686e+00 4.04096719e+00 -2.63400356e-01 2.37826419e+00 4.20306647e+00 -4.79874182e-05 2.38326720e-02 -1.62099279e-01
3147             -2.61862838e-01 2.41267802e+00 4.04524163e+00 -2.61775266e-01 2.38873211e+00 4.20735693e+00 -8.75725616e-05 2.39459034e-02 -1.62115302e-01
3148             -2.63085659e-01 2.41899304e+00 4.05012378e+00 -2.62940926e-01 2.39493064e+00 4.21226303e+00 -1.44733149e-04 2.40624004e-02 -1.62139249e-01
3149             -2.67345660e-01 2.41973265e+00 4.05535533e+00 -2.67132693e-01 2.39556515e+00 4.21752087e+00 -2.12967008e-04 2.41675048e-02 -1.62165541e-01
3150             -2.74913527e-01 2.41433766e+00 4.05976224e+00 -2.74630105e-01 2.39008838e+00 4.22195002e+00 -2.83422382e-04 2.42492771e-02 -1.62187785e-01
3151             -2.85430617e-01 2.40411081e+00 4.06023051e+00 -2.85080902e-01 2.37981486e+00 4.22243266e+00 -3.49715339e-04 2.42959549e-02 -1.62202153e-01
3152             -2.97021828e-01 2.39087431e+00 4.05690448e+00 -2.96613527e-01 2.36657208e+00 4.21911630e+00 -4.08301198e-04 2.43022373e-02 -1.62211815e-01
3153             -3.06974197e-01 2.37644861e+00 4.05238828e+00 -3.06519717e-01 2.35217860e+00 4.21460721e+00 -4.54480181e-04 2.42700117e-02 -1.62218931e-01
3154             -3.13758057e-01 2.36204788e+00 4.04959825e+00 -3.13275548e-01 2.33784215e+00 4.21182009e+00 -4.82509418e-04 2.42057313e-02 -1.62221832e-01
3155             -3.17587106e-01 2.34867530e+00 4.04922656e+00 -3.17101011e-01 2.32455764e+00 4.21144235e+00 -4.86095165e-04 2.41176612e-02 -1.62215797e-01
3156             -3.19374637e-01 2.33758983e+00 4.04941364e+00 -3.18912619e-01 2.31357518e+00 4.21161052e+00 -4.62017874e-04 2.40146479e-02 -1.62196878e-01
3157             -3.19514731e-01 2.33007023e+00 4.04830214e+00 -3.19101990e-01 2.30616463e+00 4.21046980e+00 -4.12741298e-04 2.39056065e-02 -1.62167662e-01
3158             -3.17536295e-01 2.32704446e+00 4.04555938e+00 -3.17190627e-01 2.30324393e+00 4.20769502e+00 -3.45667321e-04 2.38005278e-02 -1.62135641e-01
3159             -3.13032211e-01 2.32858582e+00 4.04146967e+00 -3.12762003e-01 2.30487487e+00 4.20357788e+00 -2.70207661e-04 2.37109529e-02 -1.62108211e-01
3160             -3.05903026e-01 2.33445039e+00 4.03763958e+00 -3.05707459e-01 2.31080540e+00 4.19972742e+00 -1.95566513e-04 2.36449937e-02 -1.62087838e-01
3161             -2.96826948e-01 2.34397436e+00 4.03528635e+00 -2.96698056e-01 2.32036264e+00 4.19736094e+00 -1.28892544e-04 2.36117150e-02 -1.62074587e-01
3162             -2.86990989e-01 2.35646164e+00 4.03464374e+00 -2.86914400e-01 2.33284742e+00 4.19671015e+00 -7.65882108e-05 2.36142211e-02 -1.62066401e-01
3163             -2.77930144e-01 2.37072439e+00 4.03559949e+00 -2.77887908e-01 2.34707077e+00 4.19766306e+00 -4.22354026e-05 2.36536237e-02 -1.62063573e-01
3164             -2.70554930e-01 2.38541879e+00 4.03797324e+00 -2.70525523e-01 2.36169313e+00 4.20003954e+00 -2.94064769e-05 2.37256565e-02 -1.62066308e-01
3165             -2.65485828e-01 2.39918718e+00 4.04144592e+00 -2.65446914e-01 2.37536426e+00 4.20352173e+00 -3.89137068e-05 2.38229159e-02 -1.62075806e-01
3166             -2.62990552e-01 2.41071327e+00 4.04529317e+00 -2.62919129e-01 2.38677755e+00 4.20738606e+00 -7.14230040e-05 2.39357220e-02 -1.62092885e-01
3167             -2.63166739e-01 2.41851940e+00 4.04956778e+00 -2.63043435e-01 2.39446507e+00 4.21168578e+00 -1.23304400e-04 2.40543287e-02 -1.62117996e-01
3168             -2.66296731e-01 2.42103921e+00 4.05447271e+00 -2.66107575e-01 2.39687428e+00 4.21662143e+00 -1.89156569e-04 2.41649259e-02 -1.62148723e-01
3169             -2.72662389e-01 2.41745313e+00 4.05895018e+00 -2.72402033e-01 2.39319761e+00 4.22112843e+00 -2.60356427e-04 2.42555217e-02 -1.62178250e-01
3170             -2.82178768e-01 2.40833178e+00 4.06051274e+00 -2.81849159e-01 2.38401894e+00 4.22271372e+00 -3.29609662e-04 2.43128369e-02 -1.62200982e-01
3171             -2.93496759e-01 2.39563685e+00 4.05791047e+00 -2.93104696e-01 2.37130733e+00 4.22012798e+00 -3.92062589e-04 2.43295179e-02 -1.62217511e-01
3172             -3.04091756e-01 2.38109853e+00 4.05316129e+00 -3.03648210e-01 2.35679339e+00 4.21539177e+00 -4.43545905e-04 2.43051426e-02 -1.62230473e-01
3173             -3.11817842e-01 2.36627768e+00 4.04921758e+00 -3.11338969e-01 2.34203264e+00 4.21145680e+00 -4.78873698e-04 2.42450330e-02 -1.62239222e-01
3174             -3.16438549e-01 2.35202649e+00 4.04791674e+00 -3.15946771e-01 2.32786907e+00 4.21015653e+00 -4.91778288e-04 2.41574221e-02 -1.62239793e-01
3175             -3.18719801e-01 2.33970220e+00 4.04799571e+00 -3.18242524e-01 2.31565081e+00 4.21022286e+00 -4.77276208e-04 2.40513901e-02 -1.62227152e-01
3176             -3.19294934e-01 2.33067024e+00 4.04727977e+00 -3.18859098e-01 2.30673408e+00 4.20948132e+00 -4.35835369e-04 2.39361636e-02 -1.62201554e-01
3177             -3.18002472e-01 2.32600362e+00 4.04489109e+00 -3.17628921e-01 2.30218185e+00 4.20706075e+00 -3.73551316e-04 2.38217693e-02 -1.62169660e-01
3178             -3.14318405e-01 2.32596495e+00 4.04103649e+00 -3.14019047e-01 2.30224537e+00 4.20317575e+00 -2.99357676e-04 2.37195876e-02 -1.62139258e-01
3179             -3.08041985e-01 2.33036732e+00 4.03698223e+00 -3.07819193e-01 2.30672818e+00 4.19909700e+00 -2.22792017e-04 2.36391440e-02 -1.62114769e-01
3180             -2.99503643e-01 2.33878196e+00 4.03409381e+00 -2.99352066e-01 2.31519229e+00 4.19619052e+00 -1.51577173e-04 2.35896631e-02 -1.62096707e-01
3181             -2.89813764e-01 2.35049821e+00 4.03296518e+00 -2.89721117e-01 2.32692156e+00 4.19504880e+00 -9.26469935e-05 2.35766448e-02 -1.62083624e-01
3182             -2.80312912e-01 2.36460253e+00 4.03360442e+00 -2.80262207e-01 2.34100041e+00 4.19567950e+00 -5.07052854e-05 2.36021240e-02 -1.62075077e-01
3183             -2.72293249e-01 2.37957708e+00 4.03589963e+00 -2.72263914e-01 2.35591296e+00 4.19797120e+00 -2.93355748e-05 2.36641179e-02 -1.62071570e-01
3184             -2.66432237e-01 2.39414839e+00 4.03942161e+00 -2.66401910e-01 2.37039275e+00 4.20149563e+00 -3.03277589e-05 2.37556456e-02 -1.62074020e-01
3185             -2.63109359e-01 2.40695064e+00 4.04367277e+00 -2.63054810e-01 2.38308270e+00 4.20575631e+00 -5.45489961e-05 2.38679398e-02 -1.62083538e-01
3186             -2.62438212e-01 2.41655109e+00 4.04823254e+00 -2.62338205e-01 2.39256037e+00 4.21033357e+00 -1.00006803e-04 2.39907184e-02 -1.62101027e-01
3187             -2.64622111e-01 2.42135147e+00 4.05353869e+00 -2.64460584e-01 2.39723976e+00 4.21566468e+00 -1.61527625e-04 2.41117089e-02 -1.62125986e-01
3188             -2.69936276e-01 2.42025885e+00 4.05875068e+00 -2.69704671e-01 2.39604172e+00 4.22090282e+00 -2.31604878e-04 2.42171285e-02 -1.62152145e-01
3189             -2.78537576e-01 2.41313700e+00 4.06227051e+00 -2.78235357e-01 2.38884261e+00 4.22444431e+00 -3.02218391e-04 2.42943962e-02 -1.62173809e-01
3190             -2.89640777e-01 2.40168868e+00 4.06138739e+00 -2.89273180e-01 2.37735561e+00 4.22357632e+00 -3.67596796e-04 2.43330694e-02 -1.62188935e-01
3191             -3.00991948e-01 2.38776703e+00 4.05719042e+00 -3.00567864e-01 2.36343719e+00 4.21939145e+00 -4.24084044e-04 2.43298416e-02 -1.62201030e-01
3192             -3.10011135e-01 2.37303596e+00 4.05270853e+00 -3.09544653e-01 2.34874781e+00 4.21491984e+00 -4.66482405e-04 2.42881466e-02 -1.62211309e-01
3193             -3.15799747e-01 2.35844422e+00 4.05051686e+00 -3.15310959e-01 2.33422901e+00 4.21273340e+00 -4.88788097e-04 2.42152120e-02 -1.62216543e-01
3194             -3.18857749e-01 2.34522659e+00 4.05020208e+00 -3.18373008e-01 2.32110708e+00 4.21241308e+00 -4.84741540e-04 2.41195075e-02 -1.62211002e-01
3195             -3.20063620e-01 2.33476811e+00 4.04963268e+00 -3.19610516e-01 2.31075818e+00 4.21182539e+00 -4.53104583e-04 2.40099329e-02 -1.62192710e-01
3196             -3.19547380e-01 2.32826051e+00 4.04742429e+00 -3.19149206e-01 2.30436447e+00 4.20959080e+00 -3.98173946e-04 2.38960370e-02 -1.62166510e-01
3197             -3.16713202e-01 2.32630569e+00 4.04370780e+00 -3.16385239e-01 2.30251718e+00 4.20584776e+00 -3.27963033e-04 2.37885094e-02 -1.62139962e-01
3198             -3.11226500e-01 2.32882070e+00 4.03921300e+00 -3.10974611e-01 2.30512243e+00 4.20133157e+00 -2.51889368e-04 2.36982724e-02 -1.62118570e-01
3199             -3.03211810e-01 2.33552634e+00 4.03539196e+00 -3.03033350e-01 2.31189232e+00 4.19749528e+00 -1.78459339e-04 2.36340275e-02 -1.62103318e-01
3200             -2.93656227e-01 2.34577143e+00 4.03323179e+00 -2.93541334e-01 2.32216793e+00 4.19532524e+00 -1.14892919e-04 2.36035003e-02 -1.62093452e-01
3201             -2.83743146e-01 2.35883563e+00 4.03285570e+00 -2.83676293e-01 2.33522604e+00 4.19494327e+00 -6.68527738e-05 2.36095899e-02 -1.62087567e-01
3202             -2.74971305e-01 2.37329410e+00 4.03421381e+00 -2.74933370e-01 2.34964161e+00 4.19629976e+00 -3.79350428e-05 2.36524836e-02 -1.62085945e-01
3203             -2.68086490e-01 2.38790890e+00 4.03697708e+00 -2.68055611e-01 2.36418189e+00 4.19906587e+00 -3.08787627e-05 2.37270113e-02 -1.62088791e-01
3204             -2.63633174e-01 2.40129286e+00 4.04078897e+00 -2.63586613e-01 2.37746744e+00 4.20288662e+00 -4.65609492e-05 2.38254200e-02 -1.62097657e-01
3205             -2.61852629e-01 2.41203348e+00 4.04497912e+00 -2.61767861e-01 2.38809559e+00 4.20709256e+00 -8.47681393e-05 2.39378911e-02 -1.62113436e-01
3206             -2.62881213e-01 2.41860996e+00 4.04976943e+00 -2.62740306e-01 2.39455551e+00 4.21190667e+00 -1.40906641e-04 2.40544492e-02 -1.62137234e-01
3207             -2.66953357e-01 2.41969806e+00 4.05495709e+00 -2.66744633e-01 2.39553782e+00 4.21712082e+00 -2.08724331e-04 2.41602325e-02 -1.62163724e-01
3208             -2.74329874e-01 2.41469953e+00 4.05942329e+00 -2.74050639e-01 2.39045599e+00 4.22160983e+00 -2.79235420e-04 2.42435368e-02 -1.62186537e-01
3209             -2.84711077e-01 2.40472564e+00 4.06010941e+00 -2.84365200e-01 2.38043324e+00 4.22231101e+00 -3.45877234e-04 2.42923999e-02 -1.62201599e-01
3210             -2.96301642e-01 2.39171937e+00 4.05688102e+00 -2.95896613e-01 2.36741829e+00 4.21909276e+00 -4.05028601e-04 2.43010836e-02 -1.62211735e-01
3211             -3.06421655e-01 2.37735177e+00 4.05235292e+00 -3.05969677e-01 2.35308057e+00 4.21457231e+00 -4.51978022e-04 2.42711970e-02 -1.62219391e-01
3212             -3.13409763e-01 2.36297322e+00 4.04937736e+00 -3.12928502e-01 2.33876432e+00 4.21160020e+00 -4.81261078e-04 2.42088956e-02 -1.62222832e-01
3213             -3.17415644e-01 2.34952496e+00 4.04885070e+00 -3.16929059e-01 2.32540255e+00 4.21106831e+00 -4.86585362e-04 2.41224014e-02 -1.62217609e-01
3214             -3.19300320e-01 2.33830487e+00 4.04901842e+00 -3.18836094e-01 2.31428458e+00 4.21121790e+00 -4.64225798e-04 2.40202935e-02 -1.62199483e-01
3215             -3.19534162e-01 2.33054300e+00 4.04800581e+00 -3.19117987e-01 2.30663127e+00 4.21017656e+00 -4.16174554e-04 2.39117306e-02 -1.62170751e-01
3216             -3.17678299e-01 2.32720656e+00 4.04541558e+00 -3.17328537e-01 2.30340013e+00 4.20755434e+00 -3.49761959e-04 2.38064279e-02 -1.62138767e-01
3217             -3.13319144e-01 2.32842323e+00 4.04144839e+00 -3.13044666e-01 2.30470740e+00 4.20355930e+00 -2.74477636e-04 2.37158380e-02 -1.62110908e-01
3218             -3.06335027e-01 2.33403187e+00 4.03764457e+00 -3.06135479e-01 2.31038362e+00 4.19973453e+00 -1.99548905e-04 2.36482489e-02 -1.62089965e-01
3219             -2.97348435e-01 2.34336266e+00 4.03526340e+00 -2.97216267e-01 2.31974975e+00 4.19733956e+00 -1.32167306e-04 2.36129134e-02 -1.62076158e-01
3220             -2.87544879e-01 2.35565874e+00 4.03461351e+00 -2.87465969e-01 2.33204547e+00 4.19668100e+00 -7.89092174e-05 2.36132629e-02 -1.62067492e-01
3221             -2.78419359e-01 2.36984694e+00 4.03557443e+00 -2.78375932e-01 2.34619632e+00 4.19763851e+00 -4.34276751e-05 2.36506172e-02 -1.62064078e-01
3222             -2.70930978e-01 2.38458036e+00 4.03796494e+00 -2.70901669e-01 2.36085932e+00 4.20003109e+00 -2.93093755e-05 2.37210355e-02 -1.62066151e-01
3223             -2.65714955e-01 2.39845761e+00 4.04143054e+00 -2.65677419e-01 2.37464040e+00 4.20350546e+00 -3.75361009e-05 2.38172080e-02 -1.62074920e-01
3224             -2.63084410e-01 2.41008927e+00 4.04532645e+00 -2.63015482e-01 2.38615972e+00 4.20741775e+00 -6.89279196e-05 2.39295526e-02 -1.62091299e-01
3225             -2.63108542e-01 2.41805160e+00 4.04960281e+00 -2.62988770e-01 2.39400355e+00 4.21171836e+00 -1.19771429e-04 2.40480510e-02 -1.62115554e-01
3226             -2.66053324e-01 2.42087262e+00 4.05452651e+00 -2.65868523e-01 2.39671344e+00 4.21667230e+00 -1.84800813e-04 2.41591803e-02 -1.62145789e-01
3227             -2.72224296e-01 2.41765409e+00 4.05906967e+00 -2.71968460e-01 2.39340332e+00 4.22124490e+00 -2.55836386e-04 2.42507709e-02 -1.62175223e-01
3228             -2.81562929e-01 2.40882867e+00 4.06087591e+00 -2.81237540e-01 2.38451867e+00 4.22307421e+00 -3.25389198e-04 2.43099984e-02 -1.62198300e-01
3229             -2.92828148e-01 2.39628218e+00 4.05846987e+00 -2.92439688e-01 2.37195329e+00 4.22068491e+00 -3.88459425e-04 2.43288976e-02 -1.62215034e-01
3230             -3.03559162e-01 2.38177171e+00 4.05375672e+00 -3.03118288e-01 2.35746513e+00 4.21598489e+00 -4.40873706e-04 2.43065758e-02 -1.62228173e-01
3231             -3.11495257e-01 2.36690540e+00 4.04969310e+00 -3.11017993e-01 2.34265738e+00 4.21193030e+00 -4.77263344e-04 2.42480139e-02 -1.62237206e-01
3232             -3.16261372e-01 2.35266347e+00 4.04818658e+00 -3.15769804e-01 2.32850203e+00 4.21042485e+00 -4.91568200e-04 2.41614448e-02 -1.62238273e-01
3233             -3.18625553e-01 2.34022208e+00 4.04816109e+00 -3.18146804e-01 2.31616592e+00 4.21038761e+00 -4.78748336e-04 2.40561537e-02 -1.62226516e-01
3234             -3.19267820e-01 2.33093615e+00 4.04744741e+00 -3.18828944e-01 2.30699502e+00 4.20964906e+00 -4.38876279e-04 2.39411298e-02 -1.62201656e-01
3235             -3.18085919e-01 2.32594312e+00 4.04508383e+00 -3.17708230e-01 2.30211692e+00 4.20725394e+00 -3.77689449e-04 2.38262053e-02 -1.62170107e-01
3236             -3.14535299e-01 2.32561033e+00 4.04123361e+00 -3.14231344e-01 2.30188765e+00 4.20337316e+00 -3.03954691e-04 2.37226773e-02 -1.62139546e-01
3237             -3.08396650e-01 2.32977742e+00 4.03712674e+00 -3.08169389e-01 2.30613702e+00 4.19924156e+00 -2.27260546e-04 2.36403943e-02 -1.62114820e-01
3238             -2.99979056e-01 2.33801223e+00 4.03410760e+00 -2.99823530e-01 2.31442353e+00 4.19620412e+00 -1.55526388e-04 2.35887076e-02 -1.62096523e-01
3239             -2.90358355e-01 2.34958845e+00 4.03283132e+00 -2.90262584e-01 2.32601500e+00 4.19491466e+00 -9.57707626e-05 2.35734522e-02 -1.62083342e-01
3240             -2.80834150e-01 2.36361461e+00 4.03336089e+00 -2.80781349e-01 2.34001792e+00 4.19543548e+00 -5.28011953e-05 2.35966899e-02 -1.62074592e-01
3241             -2.72723106e-01 2.37867608e+00 4.03549595e+00 -2.72692977e-01 2.35501922e+00 4.19756670e+00 -3.01285325e-05 2.36568654e-02 -1.62070750e-01
3242             -2.66705260e-01 2.39339540e+00 4.03887205e+00 -2.66675553e-01 2.36964811e+00 4.20094497e+00 -2.97071010e-05 2.37472840e-02 -1.62072922e-01
3243             -2.63204249e-01 2.40635971e+00 4.04305527e+00 -2.63151639e-01 2.38250064e+00 4.20513748e+00 -5.26105373e-05 2.38590751e-02 -1.62082211e-01
3244             -2.62368821e-01 2.41615617e+00 4.04757521e+00 -2.62271831e-01 2.39217421e+00 4.20967465e+00 -9.69898022e-05 2.39819526e-02 -1.62099439e-01
3245             -2.64377899e-01 2.42126020e+00 4.05285891e+00 -2.64220215e-01 2.39715651e+00 4.21498315e+00 -1.57684680e-04 2.41036843e-02 -1.62124242e-01
3246             -2.69501994e-01 2.42052682e+00 4.05816224e+00 -2.69274521e-01 2.39631633e+00 4.22031286e+00 -2.27472707e-04 2.42104962e-02 -1.62150621e-01
3247             -2.77922146e-01 2.41368099e+00 4.06195644e+00 -2.77624018e-01 2.38939113e+00 4.22412915e+00 -2.98128484e-04 2.42898596e-02 -1.62172714e-01
3248             -2.88946459e-01 2.40241319e+00 4.06142046e+00 -2.88582630e-01 2.37808219e+00 4.22360847e+00 -3.63828996e-04 2.43309951e-02 -1.62188011e-01
3249             -3.00380213e-01 2.38853858e+00 4.05746149e+00 -2.99959281e-01 2.36420836e+00 4.21966146e+00 -4.20931580e-04 2.43302228e-02 -1.62199976e-01
3250             -3.09577262e-01 2.37388331e+00 4.05296142e+00 -3.09112967e-01 2.34959264e+00 4.21517150e+00 -4.64295600e-04 2.42906627e-02 -1.62210081e-01
3251             -3.15549732e-01 2.35932737e+00 4.05067437e+00 -3.15061673e-01 2.33510787e+00 4.21289002e+00 -4.88059207e-04 2.42194998e-02 -1.62215649e-01
3252             -3.18763406e-01 2.34597315e+00 4.05038293e+00 -3.18277615e-01 2.32184798e+00 4.21259381e+00 -4.85791496e-04 2.41251695e-02 -1.62210881e-01
3253             -3.20072913e-01 2.33526601e+00 4.04995409e+00 -3.19617258e-01 2.31124968e+00 4.21214717e+00 -4.55654448e-04 2.40163238e-02 -1.62193076e-01
3254             -3.19642343e-01 2.32846104e+00 4.04787851e+00 -3.19240684e-01 2.30455861e+00 4.21004532e+00 -4.01659533e-04 2.39024324e-02 -1.62166814e-01
3255             -3.16938656e-01 2.32622595e+00 4.04429008e+00 -3.16606541e-01 2.30243185e+00 4.20642998e+00 -3.32115485e-04 2.37941020e-02 -1.62139904e-01
3256             -3.11619469e-01 2.32848489e+00 4.03981259e+00 -3.11363290e-01 2.30478230e+00 4.20193064e+00 -2.56178935e-04 2.37025931e-02 -1.62118052e-01
3257             -3.03744862e-01 2.33495570e+00 4.03591392e+00 -3.03562417e-01 2.31131927e+00 4.19801631e+00 -1.82445405e-04 2.36364370e-02 -1.62102388e-01
3258             -2.94222640e-01 2.34499213e+00 4.03366297e+00 -2.94104481e-01 2.32138844e+00 4.19575528e+00 -1.18158241e-04 2.36036876e-02 -1.62092309e-01
3259             -2.84270592e-01 2.35790136e+00 4.03319684e+00 -2.84201444e-01 2.33429392e+00 4.19528302e+00 -6.91481177e-05 2.36074349e-02 -1.62086181e-01
3260             -2.75413123e-01 2.37230956e+00 4.03443693e+00 -2.75374085e-01 2.34866147e+00 4.19652123e+00 -3.90380706e-05 2.36480898e-02 -1.62084293e-01
3261             -2.68390796e-01 2.38699242e+00 4.03705903e+00 -2.68360122e-01 2.36327156e+00 4.19914588e+00 -3.06736118e-05 2.37208672e-02 -1.62086841e-01
3262             -2.63780774e-01 2.40046325e+00 4.04079759e+00 -2.63735673e-01 2.37664501e+00 4.20289318e+00 -4.51008377e-05 2.38182342e-02 -1.62095588e-01
3263             -2.61845496e-01 2.41135019e+00 4.04492438e+00 -2.61763247e-01 2.38742036e+00 4.20703541e+00 -8.22486223e-05 2.39298320e-02 -1.62111033e-01
3264             -2.62701118e-01 2.41818496e+00 4.04960258e+00 -2.62563837e-01 2.39413868e+00 4.21173704e+00 -1.37281162e-04 2.40462829e-02 -1.62134469e-01
3265             -2.66586230e-01 2.41956838e+00 4.05470167e+00 -2.66381684e-01 2.39541581e+00 4.21686265e+00 -2.04546315e-04 2.41525680e-02 -1.62160989e-01
3266             -2.73768684e-01 2.41491112e+00 4.05921655e+00 -2.73493510e-01 2.39067399e+00 4.22140082e+00 -2.75173734e-04 2.42371310e-02 -1.62184268e-01
3267             -2.84026090e-01 2.40517663e+00 4.06013034e+00 -2.83683893e-01 2.38088877e+00 4.22233022e+00 -3.42197351e-04 2.42878663e-02 -1.62199881e-01
3268             -2.95633998e-01 2.39233014e+00 4.05705601e+00 -2.95232123e-01 2.36803152e+00 4.21926634e+00 -4.01875726e-04 2.42986238e-02 -1.62210330e-01
3269             -3.05935573e-01 2.37809624e+00 4.05243765e+00 -3.05485794e-01 2.35382549e+00 4.21465590e+00 -4.49778304e-04 2.42707536e-02 -1.62218249e-01
3270             -3.13133856e-01 2.36377582e+00 4.04925100e+00 -3.12653593e-01 2.33956554e+00 4.21147331e+00 -4.80262347e-04 2.42102769e-02 -1.62222306e-01
3271             -3.17285222e-01 2.35025798e+00 4.04859087e+00 -3.16798222e-01 2.32613269e+00 4.21080886e+00 -4.86999181e-04 2.41252975e-02 -1.62217989e-01
3272             -3.19242920e-01 2.33890358e+00 4.04875642e+00 -3.18776708e-01 2.31487928e+00 4.21095712e+00 -4.66211555e-04 2.40242958e-02 -1.62200702e-01
3273             -3.19560901e-01 2.33093184e+00 4.04781148e+00 -3.19141307e-01 2.30701556e+00 4.20998396e+00 -4.19594265e-04 2.39162825e-02 -1.62172478e-01
3274             -3.17857155e-01 2.32736951e+00 4.04528388e+00 -3.17503152e-01 2.30355862e+00 4.20742438e+00 -3.54002550e-04 2.38108887e-02 -1.62140495e-01
3275             -3.13653846e-01 2.32834002e+00 4.04137785e+00 -3.13374925e-01 2.30462045e+00 4.20349028e+00 -2.78921014e-04 2.37195722e-02 -1.62112430e-01
3276             -3.06798788e-01 2.33366407e+00 4.03757766e+00 -3.06595147e-01 2.31001332e+00 4.19966887e+00 -2.03641397e-04 2.36507520e-02 -1.62091209e-01
3277             -2.97872771e-01 2.34280041e+00 4.03518058e+00 -2.97737200e-01 2.31918668e+00 4.19725757e+00 -1.35571672e-04 2.36137230e-02 -1.62076991e-01
3278             -2.88072234e-01 2.35498926e+00 4.03451164e+00 -2.87990868e-01 2.33137704e+00 4.19657954e+00 -8.13660635e-05 2.36122230e-02 -1.62067905e-01
3279             -2.78900596e-01 2.36908923e+00 4.03550227e+00 -2.78855803e-01 2.34544143e+00 4.19756641e+00 -4.47927968e-05 2.36477965e-02 -1.62064146e-01
3280             -2.71334653e-01 2.38380154e+00 4.03793689e+00 -2.71305220e-01 2.36008479e+00 4.20000254e+00 -2.94330570e-05 2.37167472e-02 -1.62065647e-01
3281             -2.65995684e-01 2.39776148e+00 4.04142981e+00 -2.65959355e-01 2.37394957e+00 4.20350353e+00 -3.63282464e-05 2.38119091e-02 -1.62073718e-01
3282             -2.63198312e-01 2.40955201e+00 4.04535529e+00 -2.63131893e-01 2.38562820e+00 4.20744462e+00 -6.64191178e-05 2.39238091e-02 -1.62089338e-01
3283             -2.63055289e-01 2.41771950e+00 4.04965491e+00 -2.62938837e-01 2.39367719e+00 4.21176783e+00 -1.16451699e-04 2.40423121e-02 -1.62112919e-01
3284             -2.65819898e-01 2.42080434e+00 4.05461802e+00 -2.65639202e-01 2.39665009e+00 4.21676067e+00 -1.80696410e-04 2.41542526e-02 -1.62142656e-01
3285             -2.71803091e-01 2.41790583e+00 4.05924096e+00 -2.71551601e-01 2.39365888e+00 4.22141296e+00 -2.51489840e-04 2.42469464e-02 -1.62171992e-01
3286             -2.80976824e-01 2.40933191e+00 4.06129776e+00 -2.80655651e-01 2.38502387e+00 4.22349318e+00 -3.21173481e-04 2.43080369e-02 -1.62195418e-01
3287             -2.92173489e-01 2.39693168e+00 4.05907909e+00 -2.91788755e-01 2.37260264e+00 4.22129140e+00 -3.84733982e-04 2.43290422e-02 -1.62212314e-01
3288             -3.03000907e-01 2.38245496e+00 4.05441399e+00 -3.02562893e-01 2.35814630e+00 4.21663961e+00 -4.38014076e-04 2.43086625e-02 -1.62225621e-01
3289             -3.11120434e-01 2.36755838e+00 4.05024744e+00 -3.10644855e-01 2.34330676e+00 4.21248241e+00 -4.75578449e-04 2.42516110e-02 -1.62234970e-01
3290             -3.16057082e-01 2.35322054e+00 4.04859887e+00 -3.15565752e-01 2.32905457e+00 4.21083549e+00 -4.91329858e-04 2.41659784e-02 -1.62236621e-01
3291             -3.18517407e-01 2.34066430e+00 4.04850187e+00 -3.18037417e-01 2.31660328e+00 4.21072742e+00 -4.79990600e-04 2.40610144e-02 -1.62225545e-01
3292             -3.19229601e-01 2.33118476e+00 4.04777561e+00 -3.18788169e-01 2.30723876e+00 4.20997687e+00 -4.41432353e-04 2.39459964e-02 -1.62201268e-01
3293             -3.18157770e-01 2.32590006e+00 4.04539746e+00 -3.17776396e-01 2.30206952e+00 4.20756747e+00 -3.81373724e-04 2.38305434e-02 -1.62170005e-01
3294             -3.14739456e-01 2.32527507e+00 4.04154369e+00 -3.14431147e-01 2.30154932e+00 4.20368310e+00 -3.08308901e-04 2.37257559e-02 -1.62139412e-01
3295             -3.08732384e-01 2.32915865e+00 4.03739128e+00 -3.08500793e-01 2.30551694e+00 4.19950572e+00 -2.31591376e-04 2.36417062e-02 -1.62114442e-01
3296             -3.00420042e-01 2.33719993e+00 4.03423664e+00 -3.00260687e-01 2.31361225e+00 4.19633245e+00 -1.59354947e-04 2.35876746e-02 -1.62095815e-01
3297             -2.90843598e-01 2.34865979e+00 4.03279243e+00 -2.90744941e-01 2.32508972e+00 4.19487488e+00 -9.86568708e-05 2.35700702e-02 -1.62082453e-01
3298             -2.81272500e-01 2.36265562e+00 4.03315045e+00 -2.81217859e-01 2.33906454e+00 4.19522398e+00 -5.46410070e-05 2.35910833e-02 -1.62073531e-01
3299             -2.73074304e-01 2.37772241e+00 4.03515285e+00 -2.73043600e-01 2.35407294e+00 4.19722248e+00 -3.07038221e-05 2.36494690e-02 -1.62069629e-01
3300             -2.66934282e-01 2.39257905e+00 4.03838225e+00 -2.66905311e-01 2.36884040e+00 4.20045376e+00 -2.89710982e-05 2.37386487e-02 -1.62071520e-01
3301             -2.63298173e-01 2.40574948e+00 4.04247632e+00 -2.63247528e-01 2.38189960e+00 4.20455697e+00 -5.06446447e-05 2.38498796e-02 -1.62080653e-01
3302             -2.62313167e-01 2.41578108e+00 4.04693152e+00 -2.62219172e-01 2.39180823e+00 4.20902921e+00 -9.39957904e-05 2.39728468e-02 -1.62097696e-01
3303             -2.64167378e-01 2.42115951e+00 4.05213104e+00 -2.64013441e-01 2.39706391e+00 4.21425349e+00 -1.53937124e-04 2.40956032e-02 -1.62122443e-01
3304             -2.69095304e-01 2.42076421e+00 4.05749746e+00 -2.68871853e-01 2.39656042e+00 4.21964660e+00 -2.23450928e-04 2.42037908e-02 -1.62149141e-01
3305             -2.77331148e-01 2.41422411e+00 4.06154959e+00 -2.77037018e-01 2.38993888e+00 4.22372126e+00 -2.94130410e-04 2.42852269e-02 -1.62171674e-01
3306             -2.88260628e-01 2.40318127e+00 4.06131133e+00 -2.87900541e-01 2.37885240e+00 4.22349853e+00 -3.60087204e-04 2.43288665e-02 -1.62187198e-01
3307             -2.99779743e-01 2.38935852e+00 4.05757286e+00 -2.99362035e-01 2.36502789e+00 4.21977206e+00 -4.17707861e-04 2.43306249e-02 -1.62199199e-01
3308             -3.09172632e-01 2.37469419e+00 4.05310929e+00 -3.08710651e-01 2.35040098e+00 4.21531848e+00 -4.61981702e-04 2.42932158e-02 -1.62209193e-01
3309             -3.15334060e-01 2.36011770e+00 4.05074954e+00 -3.14846985e-01 2.33589393e+00 4.21296444e+00 -4.87074665e-04 2.42237689e-02 -1.62214903e-01
3310             -3.18664135e-01 2.34669260e+00 4.05047575e+00 -3.18177649e-01 2.32256192e+00 4.21268645e+00 -4.86485560e-04 2.41306795e-02 -1.62210695e-01
3311             -3.20039424e-01 2.33578686e+00 4.05018176e+00 -3.19581458e-01 2.31176426e+00 4.21237527e+00 -4.57965573e-04 2.40226038e-02 -1.62193504e-01
3312             -3.19711382e-01 2.32870735e+00 4.04829118e+00 -3.19306149e-01 2.30479851e+00 4.21045851e+00 -4.05232873e-04 2.39088402e-02 -1.62167333e-01
3313             -3.17140065e-01 2.32616870e+00 4.04484902e+00 -3.16803816e-01 2.30236885e+00 4.20698898e+00 -3.36249053e-04 2.37998524e-02 -1.62139961e-01
3314             -3.11982186e-01 2.32812726e+00 4.04040069e+00 -3.11721748e-01 2.30442018e+00 4.20251823e+00 -2.60438082e-04 2.37070804e-02 -1.62117532e-01
3315             -3.04228660e-01 2.33438680e+00 4.03645579e+00 -3.04042147e-01 2.31074779e+00 4.19855714e+00 -1.86513661e-04 2.36390154e-02 -1.62101348e-01
3316             -2.94751656e-01 2.34424941e+00 4.03409498e+00 -2.94630187e-01 2.32064524e+00 4.19618596e+00 -1.21468951e-04 2.36041696e-02 -1.62090982e-01
3317             -2.84762824e-01 2.35701313e+00 4.03353886e+00 -2.84691261e-01 2.33340754e+00 4.19562347e+00 -7.15622336e-05 2.36055969e-02 -1.62084611e-01
3318             -2.75787841e-01 2.37138163e+00 4.03466776e+00 -2.75747577e-01 2.34773762e+00 4.19675032e+00 -4.02645734e-05 2.36440112e-02 -1.62082559e-01
3319             -2.68644499e-01 2.38604679e+00 4.03723556e+00 -2.68613707e-01 2.36233184e+00 4.19932051e+00 -3.07912573e-05 2.37149549e-02 -1.62084943e-01
3320             -2.63907551e-01 2.39961246e+00 4.04090222e+00 -2.63863597e-01 2.37580156e+00 4.20299557e+00 -4.39535021e-05 2.38108962e-02 -1.62093349e-01
3321             -2.61826182e-01 2.41065901e+00 4.04494419e+00 -2.61746310e-01 2.38673709e+00 4.20705265e+00 -7.98717363e-05 2.39219132e-02 -1.62108461e-01
3322             -2.62516967e-01 2.41773321e+00 4.04954514e+00 -2.62382898e-01 2.39369508e+00 4.21167669e+00 -1.34068951e-04 2.40381309e-02 -1.62131553e-01
3323             -2.66222383e-01 2.41941917e+00 4.05460473e+00 -2.66021656e-01 2.39527426e+00 4.21676277e+00 -2.00726422e-04 2.41449111e-02 -1.62158041e-01
3324             -2.73219192e-01 2.41505455e+00 4.05912956e+00 -2.72948033e-01 2.39082388e+00 4.22131117e+00 -2.71159101e-04 2.42306649e-02 -1.62181609e-01
3325             -2.83347614e-01 2.40553748e+00 4.06020442e+00 -2.83009111e-01 2.38125445e+00 4.22240206e+00 -3.38502837e-04 2.42830305e-02 -1.62197634e-01
3326             -2.94967222e-01 2.39284301e+00 4.05724788e+00 -2.94568469e-01 2.36854734e+00 4.21945623e+00 -3.98752986e-04 2.42956705e-02 -1.62208350e-01
3327             -3.05411154e-01 2.37869649e+00 4.05258678e+00 -3.04963712e-01 2.35442687e+00 4.21480328e+00 -4.47442144e-04 2.42696168e-02 -1.62216504e-01
3328             -3.12800201e-01 2.36441170e+00 4.04921137e+00 -3.12321062e-01 2.34020101e+00 4.21143239e+00 -4.79139245e-04 2.42106932e-02 -1.62221026e-01
3329             -3.17116654e-01 2.35089957e+00 4.04838497e+00 -3.16629196e-01 2.32677258e+00 4.21060247e+00 -4.87457395e-04 2.41269925e-02 -1.62217496e-01
3330             -3.19195053e-01 2.33944728e+00 4.04852560e+00 -3.18726771e-01 2.31542024e+00 4.21072682e+00 -4.68281382e-04 2.40270431e-02 -1.62201213e-01
3331             -3.19606195e-01 2.33129731e+00 4.04763809e+00 -3.19183288e-01 2.30737764e+00 4.20981163e+00 -4.22907272e-04 2.39196760e-02 -1.62173548e-01
3332             -3.17998730e-01 2.32750832e+00 4.04517482e+00 -3.17640789e-01 2.30369393e+00 4.20731647e+00 -3.57940969e-04 2.38143843e-02 -1.62141653e-01
3333             -3.13906207e-01 2.32826707e+00 4.04131771e+00 -3.13623247e-01 2.30454471e+00 4.20343101e+00 -2.82960178e-04 2.37223621e-02 -1.62113295e-01
3334             -3.07176700e-01 2.33338025e+00 4.03749530e+00 -3.06969256e-01 2.30972768e+00 4.19958712e+00 -2.07444213e-04 2.36525719e-02 -1.62091818e-01
3335             -2.98346709e-01 2.34228492e+00 4.03506089e+00 -2.98207915e-01 2.31867074e+00 4.19713816e+00 -1.38793693e-04 2.36141818e-02 -1.62077272e-01
3336             -2.88568596e-01 2.35434597e+00 4.03437244e+00 -2.88484868e-01 2.33073488e+00 4.19644017e+00 -8.37275678e-05 2.36110842e-02 -1.62067728e-01
3337             -2.79332465e-01 2.36841963e+00 4.03535703e+00 -2.79286317e-01 2.34477454e+00 4.19742060e+00 -4.61483228e-05 2.36450894e-02 -1.62063568e-01
3338             -2.71676821e-01 2.38309103e+00 4.03785949e+00 -2.71647157e-01 2.35937828e+00 4.19992421e+00 -2.96639244e-05 2.37127481e-02 -1.62064719e-01
3339             -2.66232586e-01 2.39708315e+00 4.04142706e+00 -2.66197231e-01 2.37327616e+00 4.20349924e+00 -3.53553694e-05 2.38069900e-02 -1.62072181e-01
3340             -2.63297405e-01 2.40901078e+00 4.04542538e+00 -2.63233401e-01 2.38509236e+00 4.20751235e+00 -6.40041758e-05 2.39184246e-02 -1.62086966e-01
3341             -2.62993889e-01 2.41741825e+00 4.04971050e+00 -2.62880865e-01 2.39338139e+00 4.21182028e+00 -1.13024554e-04 2.40368597e-02 -1.62109782e-01
3342             -2.65597487e-01 2.42076915e+00 4.05468821e+00 -2.65420687e-01 2.39661953e+00 4.21682739e+00 -1.76800592e-04 2.41496218e-02 -1.62139183e-01
3343             -2.71411707e-01 2.41813403e+00 4.05939649e+00 -2.71164136e-01 2.39389053e+00 4.22156508e+00 -2.47571497e-04 2.42435044e-02 -1.62168588e-01
3344             -2.80429841e-01 2.40977627e+00 4.06173077e+00 -2.80112404e-01 2.38546997e+00 4.22392312e+00 -3.17437348e-04 2.43062994e-02 -1.62192346e-01
3345             -2.91563619e-01 2.39752454e+00 4.05972386e+00 -2.91182315e-01 2.37319528e+00 4.22193324e+00 -3.81303744e-04 2.43292534e-02 -1.62209385e-01
3346             -3.02479140e-01 2.38309549e+00 4.05509926e+00 -3.02043846e-01 2.35878478e+00 4.21732210e+00 -4.35294214e-04 2.43107059e-02 -1.62222831e-01
3347             -3.10756109e-01 2.36818009e+00 4.05081935e+00 -3.10282360e-01 2.34392498e+00 4.21305183e+00 -4.73749738e-04 2.42551162e-02 -1.62232480e-01
3348             -3.15843548e-01 2.35377153e+00 4.04903751e+00 -3.15352681e-01 2.32960107e+00 4.21127227e+00 -4.90866226e-04 2.41704629e-02 -1.62234758e-01
3349             -3.18413850e-01 2.34106522e+00 4.04890443e+00 -3.17932759e-01 2.31699926e+00 4.21112892e+00 -4.81091594e-04 2.40659660e-02 -1.62224489e-01
3350             -3.19211622e-01 2.33140365e+00 4.04820816e+00 -3.18767639e-01 2.30745293e+00 4.21040899e+00 -4.43983095e-04 2.39507203e-02 -1.62200828e-01
3351             -3.18240178e-01 2.32589102e+00 4.04584542e+00 -3.17855451e-01 2.30205627e+00 4.20801509e+00 -3.84726684e-04 2.38347502e-02 -1.62169669e-01
3352             -3.14924233e-01 2.32498497e+00 4.04198504e+00 -3.14612269e-01 2.30125616e+00 4.20412387e+00 -3.11963786e-04 2.37288169e-02 -1.62138835e-01
3353             -3.09023851e-01 2.32860501e+00 4.03778363e+00 -3.08788538e-01 2.30496182e+00 4.19989726e+00 -2.35312034e-04 2.36431923e-02 -1.62113623e-01
3354             -3.00801125e-01 2.33644785e+00 4.03450917e+00 -3.00638350e-01 2.31286081e+00 4.19660387e+00 -1.62775070e-04 2.35870353e-02 -1.62094696e-01
3355             -2.91267513e-01 2.34780327e+00 4.03289367e+00 -2.91166115e-01 2.32423611e+00 4.19497482e+00 -1.01398550e-04 2.35671555e-02 -1.62081151e-01
3356             -2.81675624e-01 2.36172865e+00 4.03308974e+00 -2.81619208e-01 2.33814263e+00 4.19516185e+00 -5.64161940e-05 2.35860242e-02 -1.62072102e-01
3357             -2.73405665e-01 2.37679412e+00 4.03494908e+00 -2.73374360e-01 2.35315155e+00 4.19701712e+00 -3.13042598e-05 2.36425744e-02 -1.62068040e-01
3358             -2.67157278e-01 2.39171514e+00 4.03809196e+00 -2.67128895e-01 2.36798468e+00 4.20016166e+00 -2.83831997e-05 2.37304653e-02 -1.62069702e-01
3359             -2.63388689e-01 2.40508942e+00 4.04209336e+00 -2.63339874e-01 2.38124852e+00 4.20417187e+00 -4.88145627e-05 2.38409064e-02 -1.62078515e-01
3360             -2.62266962e-01 2.41538868e+00 4.04645415e+00 -2.62175723e-01 2.39142483e+00 4.20854954e+00 -9.12395039e-05 2.39638473e-02 -1.62095390e-01
3361             -2.63956739e-01 2.42106934e+00 4.05154730e+00 -2.63806234e-01 2.39698196e+00 4.21366741e+00 -1.50505693e-04 2.40873834e-02 -1.62120111e-01
3362             -2.68720425e-01 2.42094830e+00 4.05689592e+00 -2.68500702e-01 2.39675113e+00 4.21904298e+00 -2.19723917e-04 2.41971738e-02 -1.62147062e-01
3363             -2.76785689e-01 2.41468855e+00 4.06116263e+00 -2.76495242e-01 2.39040802e+00 4.22333266e+00 -2.90446665e-04 2.42805337e-02 -1.62170023e-01
3364             -2.87617803e-01 2.40385836e+00 4.06121573e+00 -2.87261255e-01 2.37953185e+00 4.22340147e+00 -3.56547478e-04 2.43265091e-02 -1.62185742e-01
3365             -2.99162452e-01 2.39020893e+00 4.05760416e+00 -2.98747875e-01 2.36587824e+00 4.21980189e+00 -4.14576961e-04 2.43306871e-02 -1.62197731e-01
3366             -3.08736895e-01 2.37545946e+00 4.05322298e+00 -3.08277291e-01 2.35116397e+00 4.21543084e+00 -4.59604527e-04 2.42954889e-02 -1.62207859e-01
3367             -3.15070677e-01 2.36083295e+00 4.05079015e+00 -3.14584910e-01 2.33660525e+00 4.21300373e+00 -4.85766386e-04 2.42277001e-02 -1.62213576e-01
3368             -3.18507432e-01 2.34737426e+00 4.05051800e+00 -3.18020823e-01 2.32323845e+00 4.21272779e+00 -4.86608881e-04 2.41358110e-02 -1.62209798e-01
3369             -3.19969782e-01 2.33633450e+00 4.05038061e+00 -3.19509959e-01 2.31230607e+00 4.21257383e+00 -4.59822580e-04 2.40284307e-02 -1.62193220e-01
3370             -3.19741348e-01 2.32898566e+00 4.04869232e+00 -3.19333011e-01 2.30507069e+00 4.21085962e+00 -4.08336881e-04 2.39149773e-02 -1.62167300e-01
3371             -3.17293993e-01 2.32615997e+00 4.04540540e+00 -3.16954015e-01 2.30235440e+00 4.20754502e+00 -3.39978243e-04 2.38055695e-02 -1.62139622e-01
3372             -3.12259996e-01 2.32787207e+00 4.04099608e+00 -3.11995838e-01 2.30416028e+00 4.20311269e+00 -2.64157952e-04 2.37117951e-02 -1.62116610e-01
3373             -3.04626796e-01 2.33392809e+00 4.03701191e+00 -3.04436858e-01 2.31028599e+00 4.19911178e+00 -1.89938430e-04 2.36421037e-02 -1.62099876e-01
3374             -2.95216136e-01 2.34362487e+00 4.03456599e+00 -2.95091752e-01 2.32001947e+00 4.19665522e+00 -1.24384027e-04 2.36054010e-02 -1.62089231e-01
3375             -2.85234348e-01 2.35624708e+00 4.03393161e+00 -2.85160649e-01 2.33264231e+00 4.19601426e+00 -7.36986404e-05 2.36047705e-02 -1.62082653e-01
3376             -2.76195204e-01 2.37052201e+00 4.03499110e+00 -2.76153786e-01 2.34688082e+00 4.19707148e+00 -4.14177685e-05 2.36411884e-02 -1.62080388e-01
3377             -2.68941891e-01 2.38516354e+00 4.03750668e+00 -2.68911035e-01 2.36145330e+00 4.19958915e+00 -3.08561502e-05 2.37102389e-02 -1.62082467e-01
3378             -2.64065141e-01 2.39878362e+00 4.04113389e+00 -2.64022299e-01 2.37497898e+00 4.20322439e+00 -4.28426031e-05 2.38046381e-02 -1.62090503e-01
3379             -2.61832062e-01 2.40997455e+00 4.04512368e+00 -2.61754414e-01 2.38605990e+00 4.20722889e+00 -7.76481401e-05 2.39146485e-02 -1.62105217e-01
3380             -2.62369419e-01 2.41726520e+00 4.04961859e+00 -2.62238372e-01 2.39323478e+00 4.21174648e+00 -1.31047773e-04 2.40304250e-02 -1.62127892e-01
3381             -2.65910921e-01 2.41920635e+00 4.05465203e+00 -2.65713646e-01 2.39506887e+00 4.21680643e+00 -1.97275310e-04 2.41374796e-02 -1.62154393e-01
3382             -2.72721762e-01 2.41510490e+00 4.05919511e+00 -2.72454233e-01 2.39088076e+00 4.22137326e+00 -2.67529733e-04 2.42241499e-02 -1.62178150e-01
3383             -2.82693081e-01 2.40579633e+00 4.06040340e+00 -2.82358069e-01 2.38151850e+00 4.22259789e+00 -3.35012272e-04 2.42778302e-02 -1.62194496e-01
3384             -2.94290488e-01 2.39324222e+00 4.05753361e+00 -2.93894847e-01 2.36895017e+00 4.21973906e+00 -3.95641649e-04 2.42920443e-02 -1.62205450e-01
3385             -3.04862800e-01 2.37916407e+00 4.05283212e+00 -3.04417778e-01 2.35489656e+00 4.21504594e+00 -4.45022446e-04 2.42675091e-02 -1.62213813e-01
3386             -3.12438137e-01 2.36490437e+00 4.04929377e+00 -3.11960443e-01 2.34069449e+00 4.21151243e+00 -4.77694144e-04 2.42098822e-02 -1.62218652e-01
3387             -3.16910270e-01 2.35137390e+00 4.04831519e+00 -3.16423010e-01 2.32724667e+00 4.21053088e+00 -4.87259632e-04 2.41272261e-02 -1.62215690e-01
3388             -3.19097800e-01 2.33986851e+00 4.04840427e+00 -3.18628328e-01 2.31584042e+00 4.21060444e+00 -4.69471424e-04 2.40280878e-02 -1.62200173e-01
3389             -3.19585772e-01 2.33159904e+00 4.04752408e+00 -3.19160453e-01 2.30767776e+00 4.20969723e+00 -4.25319091e-04 2.39212800e-02 -1.62173142e-01
3390             -3.18087396e-01 2.32762896e+00 4.04506434e+00 -3.17726162e-01 2.30381279e+00 4.20720581e+00 -3.61233628e-04 2.38161688e-02 -1.62141467e-01
3391             -3.14133715e-01 2.32819246e+00 4.04124097e+00 -3.13847075e-01 2.30446867e+00 4.20335401e+00 -2.86639870e-04 2.37237949e-02 -1.62113038e-01
3392             -3.07555946e-01 2.33306585e+00 4.03739944e+00 -3.07344988e-01 2.30941268e+00 4.19949078e+00 -2.10957688e-04 2.36531733e-02 -1.62091337e-01
3393             -2.98811546e-01 2.34181258e+00 4.03489338e+00 -2.98669786e-01 2.31819908e+00 4.19696989e+00 -1.41759980e-04 2.36135010e-02 -1.62076506e-01
3394             -2.89063135e-01 2.35373085e+00 4.03417550e+00 -2.88977237e-01 2.33012180e+00 4.19624219e+00 -8.58981296e-05 2.36090416e-02 -1.62066693e-01
3395             -2.79759686e-01 2.36773521e+00 4.03514743e+00 -2.79712360e-01 2.34409356e+00 4.19720954e+00 -4.73255621e-05 2.36416546e-02 -1.62062110e-01
3396             -2.72000779e-01 2.38246155e+00 4.03762677e+00 -2.71971034e-01 2.35875332e+00 4.19968959e+00 -2.97453396e-05 2.37082302e-02 -1.62062817e-01
3397             -2.66450620e-01 2.39652104e+00 4.04124523e+00 -2.66416079e-01 2.37271921e+00 4.20331531e+00 -3.45402113e-05 2.38018307e-02 -1.62070077e-01
3398             -2.63412516e-01 2.40851753e+00 4.04539991e+00 -2.63350244e-01 2.38460447e+00 4.20748441e+00 -6.22722431e-05 2.39130580e-02 -1.62084501e-01
3399             -2.62981531e-01 2.41708580e+00 4.04976922e+00 -2.62871189e-01 2.39305422e+00 4.21187591e+00 -1.10341609e-04 2.40315801e-02 -1.62106689e-01
3400             -2.65427413e-01 2.42070950e+00 4.05476580e+00 -2.65253993e-01 2.39656445e+00 4.21690140e+00 -1.73419518e-04 2.41450476e-02 -1.62135604e-01
3401             -2.71067128e-01 2.41838667e+00 4.05951606e+00 -2.70823120e-01 2.39414654e+00 4.22168109e+00 -2.44007312e-04 2.42401334e-02 -1.62165023e-01
3402             -2.79933180e-01 2.41028161e+00 4.06207681e+00 -2.79619075e-01 2.38597690e+00 4.22426600e+00 -3.14105334e-04 2.43047107e-02 -1.62189193e-01
3403             -2.91024102e-01 2.39812265e+00 4.06031203e+00 -2.90645720e-01 2.37379301e+00 4.22251861e+00 -3.78381604e-04 2.43296404e-02 -1.62206581e-01
3404             -3.02019025e-01 2.38372752e+00 4.05577697e+00 -3.01586020e-01 2.35941464e+00 4.21799710e+00 -4.33004824e-04 2.43128855e-02 -1.62220132e-01
3405             -3.10453115e-01 2.36879846e+00 4.05142850e+00 -3.09980692e-01 2.34453982e+00 4.21365848e+00 -4.72423134e-04 2.42586436e-02 -1.62229979e-01
3406             -3.15664273e-01 2.35432619e+00 4.04953228e+00 -3.15173694e-01 2.33015129e+00 4.21176500e+00 -4.90578165e-04 2.41748951e-02 -1.62232718e-01
3407             -3.18312832e-01 2.34147403e+00 4.04936899e+00 -3.17830744e-01 2.31740321e+00 4.21159213e+00 -4.82087761e-04 2.40708213e-02 -1.62223139e-01
3408             -3.19182508e-01 2.33158467e+00 4.04871463e+00 -3.18736227e-01 2.30762919e+00 4.21091470e+00 -4.46280127e-04 2.39554765e-02 -1.62200066e-01
3409             -3.18306848e-01 2.32582073e+00 4.04638700e+00 -3.17918857e-01 2.30198193e+00 4.20855610e+00 -3.87991200e-04 2.38387994e-02 -1.62169102e-01
3410             -3.15104367e-01 2.32470125e+00 4.04255616e+00 -3.14788654e-01 2.30096965e+00 4.20469427e+00 -3.15712729e-04 2.37315984e-02 -1.62138116e-01
3411             -3.09315126e-01 2.32804809e+00 4.03827276e+00 -3.09076200e-01 2.30440371e+00 4.20038531e+00 -2.38925209e-04 2.36443813e-02 -1.62112553e-01
3412             -3.01166090e-01 2.33565713e+00 4.03488474e+00 -3.01000054e-01 2.31207105e+00 4.19697800e+00 -1.66036704e-04 2.35860881e-02 -1.62093258e-01
3413             -2.91656292e-01 2.34688843e+00 4.03313748e+00 -2.91552301e-01 2.32332450e+00 4.19521684e+00 -1.03990964e-04 2.35639254e-02 -1.62079364e-01
3414             -2.82031323e-01 2.36077306e+00 4.03317866e+00 -2.81973187e-01 2.33719253e+00 4.19524868e+00 -5.81361337e-05 2.35805266e-02 -1.62070016e-01
3415             -2.73696371e-01 2.37586705e+00 4.03488891e+00 -2.73664442e-01 2.35223190e+00 4.19695468e+00 -3.19292784e-05 2.36351550e-02 -1.62065774e-01
3416             -2.67371075e-01 2.39086068e+00 4.03790936e+00 -2.67343009e-01 2.36713893e+00 4.19997655e+00 -2.80656067e-05 2.37217550e-02 -1.62067191e-01
3417             -2.63486068e-01 2.40436798e+00 4.04183812e+00 -2.63438789e-01 2.38053647e+00 4.20391392e+00 -4.72797830e-05 2.38315041e-02 -1.62075797e-01
3418             -2.62229336e-01 2.41489822e+00 4.04613434e+00 -2.62140628e-01 2.39094400e+00 4.20822676e+00 -8.87081673e-05 2.39542216e-02 -1.62092420e-01
3419             -2.63763403e-01 2.42091006e+00 4.05110690e+00 -2.63616175e-01 2.39683157e+00 4.21322397e+00 -1.47227896e-04 2.40784957e-02 -1.62117073e-01
3420             -2.68362994e-01 2.42114119e+00 4.05639589e+00 -2.68146826e-01 2.39695152e+00 4.21854018e+00 -2.16167509e-04 2.41896627e-02 -1.62144286e-01
3421             -2.76272278e-01 2.41515981e+00 4.06078445e+00 -2.75985343e-01 2.39088469e+00 4.22295223e+00 -2.86934830e-04 2.42751197e-02 -1.62167771e-01
3422             -2.87029024e-01 2.40446319e+00 4.06110069e+00 -2.86675748e-01 2.38013966e+00 4.22328453e+00 -3.53276065e-04 2.43235286e-02 -1.62183841e-01
3423             -2.98608623e-01 2.39098254e+00 4.05761319e+00 -2.98196912e-01 2.36665240e+00 4.21980898e+00 -4.11711271e-04 2.43301396e-02 -1.62195791e-01
3424             -3.08315386e-01 2.37634717e+00 4.05319995e+00 -3.07857937e-01 2.35204990e+00 4.21540601e+00 -4.57448995e-04 2.42972669e-02 -1.62206061e-01
3425             -3.14817266e-01 2.36166953e+00 4.05074351e+00 -3.14332505e-01 2.33743808e+00 4.21295578e+00 -4.84761315e-04 2.42314531e-02 -1.62212268e-01
3426             -3.18385764e-01 2.34806222e+00 4.05054563e+00 -3.17898836e-01 2.32392125e+00 4.21275466e+00 -4.86928000e-04 2.41409662e-02 -1.62209030e-01
3427             -3.19929376e-01 2.33685397e+00 4.05056892e+00 -3.19467974e-01 2.31281954e+00 4.21276172e+00 -4.61402044e-04 2.40344237e-02 -1.62192797e-01
3428             -3.19782760e-01 2.32929256e+00 4.04906016e+00 -3.19371808e-01 2.30537133e+00 4.21122708e+00 -4.10952370e-04 2.39212284e-02 -1.62166921e-01
3429             -3.17454685e-01 2.32623557e+00 4.04590034e+00 -3.17111362e-01 2.30242409e+00 4.20803940e+00 -3.43322850e-04 2.38114852e-02 -1.62139059e-01
3430             -3.12563244e-01 2.32771627e+00 4.04153771e+00 -3.12295482e-01 2.30399946e+00 4.20365346e+00 -2.67761161e-04 2.37168133e-02 -1.62115755e-01
3431             -3.05062049e-01 2.33350618e+00 4.03755912e+00 -3.04868681e-01 2.30986049e+00 4.19965780e+00 -1.93368098e-04 2.36456886e-02 -1.62098679e-01
3432             -2.95699111e-01 2.34300930e+00 4.03508976e+00 -2.95571820e-01 2.31940218e+00 4.19717745e+00 -1.27290710e-04 2.36071243e-02 -1.62087690e-01
3433             -2.85700727e-01 2.35549272e+00 4.03439723e+00 -2.85624931e-01 2.33188829e+00 4.19647802e+00 -7.57955065e-05 2.36044294e-02 -1.62080792e-01
3434             -2.76600172e-01 2.36967183e+00 4.03541102e+00 -2.76557688e-01 2.34603308e+00 4.19748926e+00 -4.24840953e-05 2.36387477e-02 -1.62078232e-01
3435             -2.69237138e-01 2.38432660e+00 4.03784555e+00 -2.69206387e-01 2.36062064e+00 4.19992541e+00 -3.07510264e-05 2.37059609e-02 -1.62079860e-01
3436             -2.64228606e-01 2.39798706e+00 4.04143696e+00 -2.64186977e-01 2.37418814e+00 4.20352453e+00 -4.16281828e-05 2.37989183e-02 -1.62087562e-01
3437             -2.61848448e-01 2.40926692e+00 4.04541409e+00 -2.61773060e-01 2.38535905e+00 4.20751596e+00 -7.53872062e-05 2.39078661e-02 -1.62101864e-01
3438             -2.62207966e-01 2.41673421e+00 4.04985692e+00 -2.62080113e-01 2.39271119e+00 4.21198093e+00 -1.27853068e-04 2.40230255e-02 -1.62124012e-01
3439             -2.65592996e-01 2.41893804e+00 4.05485308e+00 -2.65399360e-01 2.39480787e+00 4.21700341e+00 -1.93635990e-04 2.41301627e-02 -1.62150326e-01
3440             -2.72241516e-01 2.41512190e+00 4.05939444e+00 -2.71977609e-01 2.39090426e+00 4.22156866e+00 -2.63907177e-04 2.42176389e-02 -1.62174215e-01
3441             -2.82064210e-01 2.40603282e+00 4.06073270e+00 -2.81732563e-01 2.38176018e+00 4.22292350e+00 -3.31646614e-04 2.42726396e-02 -1.62190797e-01
3442             -2.93611992e-01 2.39360572e+00 4.05795778e+00 -2.93219421e-01 2.36931731e+00 4.22015973e+00 -3.92571199e-04 2.42884096e-02 -1.62201942e-01
3443             -3.04291811e-01 2.37956070e+00 4.05322971e+00 -3.03849208e-01 2.35529543e+00 4.21544019e+00 -4.42602578e-04 2.42652663e-02 -1.62210477e-01
3444             -3.12047200e-01 2.36531955e+00 4.04952374e+00 -3.11570962e-01 2.34111075e+00 4.21173929e+00 -4.76237304e-04 2.42087969e-02 -1.62215550e-01
3445             -3.16685624e-01 2.35177275e+00 4.04837735e+00 -3.16198540e-01 2.32764573e+00 4.21059041e+00 -4.87083691e-04 2.41270215e-02 -1.62213060e-01
3446             -3.18977929e-01 2.34018307e+00 4.04839939e+00 -3.18507306e-01 2.31615454e+00 4.21059760e+00 -4.70622424e-04 2.40285276e-02 -1.62198213e-01
3447             -3.19545299e-01 2.33180591e+00 4.04751624e+00 -3.19117653e-01 2.30788396e+00 4.20968791e+00 -4.27645241e-04 2.39219474e-02 -1.62171673e-01
3448             -3.18171850e-01 2.32767044e+00 4.04504220e+00 -3.17807409e-01 2.30385352e+00 4.20718249e+00 -3.64441133e-04 2.38169203e-02 -1.62140289e-01
3449             -3.14361937e-01 2.32805478e+00 4.04120438e+00 -3.14071801e-01 2.30433057e+00 4.20331618e+00 -2.90136084e-04 2.37242011e-02 -1.62111799e-01
3450             -3.07925636e-01 2.33275073e+00 4.03732661e+00 -3.07711321e-01 2.30909788e+00 4.19941655e+00 -2.14314981e-04 2.36528509e-02 -1.62089949e-01
3451             -2.99268985e-01 2.34137273e+00 4.03472701e+00 -2.99124418e-01 2.31776078e+00 4.19680196e+00 -1.44567093e-04 2.36119583e-02 -1.62074950e-01
3452             -2.89547140e-01 2.35318076e+00 4.03391362e+00 -2.89459288e-01 2.32957446e+00 4.19597870e+00 -8.78521351e-05 2.36063070e-02 -1.62065087e-01
3453             -2.80188987e-01 2.36713856e+00 4.03483987e+00 -2.80140570e-01 2.34350081e+00 4.19690017e+00 -4.84164756e-05 2.36377467e-02 -1.62060309e-01
3454             -2.72345453e-01 2.38185981e+00 4.03732379e+00 -2.72315641e-01 2.35815630e+00 4.19938448e+00 -2.98119490e-05 2.37035055e-02 -1.62060686e-01
3455             -2.66678396e-01 2.39598383e+00 4.04097925e+00 -2.66644837e-01 2.37218731e+00 4.20304681e+00 -3.35591287e-05 2.37965264e-02 -1.62067557e-01
3456             -2.63515785e-01 2.40810612e+00 4.04521427e+00 -2.63455499e-01 2.38419846e+00 4.20729579e+00 -6.02856240e-05 2.39076673e-02 -1.62081517e-01
3457             -2.62955321e-01 2.41683389e+00 4.04968657e+00 -2.62847651e-01 2.39280739e+00 4.21178995e+00 -1.07669784e-04 2.40265017e-02 -1.62103385e-01
3458             -2.65260384e-01 2.42066673e+00 4.05475769e+00 -2.65090206e-01 2.39652589e+00 4.21688963e+00 -1.70177577e-04 2.41408403e-02 -1.62131942e-01
3459             -2.70734059e-01 2.41863772e+00 4.05960522e+00 -2.70493514e-01 2.39440065e+00 4.22176660e+00 -2.40545151e-04 2.42370769e-02 -1.62161375e-01
3460             -2.79452561e-01 2.41075512e+00 4.06244564e+00 -2.79141803e-01 2.38645178e+00 4.22463149e+00 -3.10758384e-04 2.43033437e-02 -1.62185857e-01
3461             -2.90481039e-01 2.39874561e+00 4.06089661e+00 -2.90105714e-01 2.37441543e+00 4.22310002e+00 -3.75324615e-04 2.43301820e-02 -1.62203404e-01
3462             -3.01551276e-01 2.38435571e+00 4.05645649e+00 -3.01120833e-01 2.36004050e+00 4.21867360e+00 -4.30443148e-04 2.43152118e-02 -1.62217117e-01
3463             -3.10125119e-01 2.36945515e+00 4.05200164e+00 -3.09654313e-01 2.34519278e+00 4.21422878e+00 -4.70805538e-04 2.42623756e-02 -1.62227134e-01
3464             -3.15478707e-01 2.35487436e+00 4.05001909e+00 -3.14988537e-01 2.33069480e+00 4.21224955e+00 -4.90169082e-04 2.41795604e-02 -1.62230466e-01
3465             -3.18234375e-01 2.34184137e+00 4.04984287e+00 -3.17751252e-01 2.31776546e+00 4.21206436e+00 -4.83123337e-04 2.40759131e-02 -1.62221483e-01
3466             -3.19169243e-01 2.33172590e+00 4.04925676e+00 -3.18720821e-01 2.30776549e+00 4.21145565e+00 -4.48421919e-04 2.39604111e-02 -1.62198884e-01
3467             -3.18360751e-01 2.32570530e+00 4.04698851e+00 -3.17969823e-01 2.30186228e+00 4.20915655e+00 -3.90928631e-04 2.38430153e-02 -1.62168040e-01
3468             -3.15257933e-01 2.32435330e+00 4.04320901e+00 -3.14938858e-01 2.30061886e+00 4.20534587e+00 -3.19075296e-04 2.37344437e-02 -1.62136860e-01
3469             -3.09580767e-01 2.32751280e+00 4.03886930e+00 -3.09338460e-01 2.30386726e+00 4.20098023e+00 -2.42307438e-04 2.36455317e-02 -1.62110928e-01
3470             -3.01523113e-01 2.33488964e+00 4.03536081e+00 -3.01354033e-01 2.31130450e+00 4.19745211e+00 -1.69080073e-04 2.35851395e-02 -1.62091298e-01
3471             -2.92061321e-01 2.34590295e+00 4.03349625e+00 -2.91954941e-01 2.32234229e+00 4.19557326e+00 -1.06379907e-04 2.35606641e-02 -1.62077014e-01
3472             -2.82378583e-01 2.35977532e+00 4.03334733e+00 -2.82318862e-01 2.33620040e+00 4.19541452e+00 -5.97202172e-05 2.35749243e-02 -1.62067190e-01
3473             -2.73961501e-01 2.37489578e+00 4.03490914e+00 -2.73928881e-01 2.35126816e+00 4.19697195e+00 -3.26208568e-05 2.36276217e-02 -1.62062809e-01
3474             -2.67528376e-01 2.38998059e+00 4.03780737e+00 -2.67500663e-01 2.36626779e+00 4.19987134e+00 -2.77127705e-05 2.37127988e-02 -1.62063971e-01
3475             -2.63534268e-01 2.40362343e+00 4.04165404e+00 -2.63488436e-01 2.37980161e+00 4.20372643e+00 -4.58325434e-05 2.38218236e-02 -1.62072399e-01
3476             -2.62171450e-01 2.41434913e+00 4.04589476e+00 -2.62085081e-01 2.39040482e+00 4.20798358e+00 -8.63686456e-05 2.39443093e-02 -1.62088811e-01
3477             -2.63576968e-01 2.42065864e+00 4.05076635e+00 -2.63432756e-01 2.39658944e+00 4.21287976e+00 -1.44211653e-04 2.40691963e-02 -1.62113403e-01
3478             -2.68007175e-01 2.42128102e+00 4.05599382e+00 -2.67794282e-01 2.39709963e+00 4.21813467e+00 -2.12893543e-04 2.41813889e-02 -1.62140850e-01
3479             -2.75751468e-01 2.41563151e+00 4.06043451e+00 -2.75467760e-01 2.39136259e+00 4.22259935e+00 -2.83708548e-04 2.42689271e-02 -1.62164841e-01
3480             -2.86407997e-01 2.40512536e+00 4.06093440e+00 -2.86057706e-01 2.38080548e+00 4.22311582e+00 -3.50290978e-04 2.43198846e-02 -1.62181419e-01
3481             -2.98028996e-01 2.39169760e+00 4.05763891e+00 -2.97619839e-01 2.36736855e+00 4.21983251e+00 -4.09156512e-04 2.43290501e-02 -1.62193598e-01
3482             -3.07893885e-01 2.37715841e+00 4.05320999e+00 -3.07438341e-01 2.35285996e+00 4.21541380e+00 -4.55543678e-04 2.42984559e-02 -1.62203806e-01
3483             -3.14555056e-01 2.36254611e+00 4.05063533e+00 -3.14071288e-01 2.33831144e+00 4.21284560e+00 -4.83767844e-04 2.42346719e-02 -1.62210270e-01
3484             -3.18256086e-01 2.34882567e+00 4.05044016e+00 -3.17768820e-01 2.32467987e+00 4.21264789e+00 -4.87265867e-04 2.41457988e-02 -1.62207728e-01
3485             -3.19889780e-01 2.33740504e+00 4.05061647e+00 -3.19426758e-01 2.31336465e+00 4.21280852e+00 -4.63022699e-04 2.40403856e-02 -1.62192044e-01
3486             -3.19816643e-01 2.32959311e+00 4.04931667e+00 -3.19403036e-01 2.30566556e+00 4.21148299e+00 -4.13607788e-04 2.39275556e-02 -1.62166328e-01
3487             -3.17594713e-01 2.32629858e+00 4.04632406e+00 -3.17248115e-01 2.30248108e+00 4.20846230e+00 -3.46597704e-04 2.38174907e-02 -1.62138244e-01
3488             -3.12834258e-01 2.32756118e+00 4.04204120e+00 -3.12563014e-01 2.30383927e+00 4.20415578e+00 -2.71243601e-04 2.37219115e-02 -1.62114586e-01
3489             -3.05460840e-01 2.33315400e+00 4.03807357e+00 -3.05264153e-01 2.30950457e+00 4.20017076e+00 -1.96686655e-04 2.36494339e-02 -1.62097193e-01
3490             -2.96170764e-01 2.34242839e+00 4.03558916e+00 -2.96040680e-01 2.31881934e+00 4.19767512e+00 -1.30083762e-04 2.36090467e-02 -1.62085961e-01
3491             -2.86156866e-01 2.35476338e+00 4.03483599e+00 -2.86079035e-01 2.33115897e+00 4.19691470e+00 -7.78308394e-05 2.36044092e-02 -1.62078714e-01
3492             -2.76986015e-01 2.36888483e+00 4.03578508e+00 -2.76942407e-01 2.34524807e+00 4.19786098e+00 -4.36078195e-05 2.36367627e-02 -1.62075894e-01
3493             -2.69524455e-01 2.38350995e+00 4.03820225e+00 -2.69493690e-01 2.35980771e+00 4.20027949e+00 -3.07652336e-05 2.37022391e-02 -1.62077241e-01
3494             -2.64373528e-01 2.39722570e+00 4.04176358e+00 -2.64333228e-01 2.37343196e+00 4.20384808e+00 -4.02999003e-05 2.37937422e-02 -1.62084502e-01
3495             -2.61857129e-01 2.40863905e+00 4.04568424e+00 -2.61784095e-01 2.38473730e+00 4.20778262e+00 -7.30332407e-05 2.39017437e-02 -1.62098377e-01
3496             -2.62085895e-01 2.41624577e+00 4.05008062e+00 -2.61960975e-01 2.39222931e+00 4.21220082e+00 -1.24920165e-04 2.40164628e-02 -1.62120191e-01
3497             -2.65315189e-01 2.41866545e+00 4.05510922e+00 -2.65124871e-01 2.39454185e+00 4.21725566e+00 -1.90318111e-04 2.41235998e-02 -1.62146438e-01
3498             -2.71792339e-01 2.41512754e+00 4.05970097e+00 -2.71531871e-01 2.39091586e+00 4.22187145e+00 -2.60467280e-04 2.42116792e-02 -1.62170472e-01
3499             -2.81463835e-01 2.40621216e+00 4.06123861e+00 -2.81135456e-01 2.38194436e+00 4.22342588e+00 -3.28378529e-04 2.42678069e-02 -1.62187271e-01
3500             -2.92959123e-01 2.39394788e+00 4.05852701e+00 -2.92569409e-01 2.36966286e+00 4.22072535e+00 -3.89714381e-04 2.42850274e-02 -1.62198336e-01
3501             -3.03737341e-01 2.37995004e+00 4.05373572e+00 -3.03296946e-01 2.35568677e+00 4.21594262e+00 -4.40394670e-04 2.42632714e-02 -1.62206907e-01
3502             -3.11656712e-01 2.36570817e+00 4.04985247e+00 -3.11181745e-01 2.34150029e+00 4.21206465e+00 -4.74967433e-04 2.42078745e-02 -1.62212181e-01
3503             -3.16439111e-01 2.35211705e+00 4.04855178e+00 -3.15952088e-01 2.32799017e+00 4.21076193e+00 -4.87023183e-04 2.41268894e-02 -1.62210146e-01
3504             -3.18825745e-01 2.34044029e+00 4.04853135e+00 -3.18353990e-01 2.31641142e+00 4.21072726e+00 -4.71754662e-04 2.40288680e-02 -1.62195902e-01
3505             -3.19483553e-01 2.33193234e+00 4.04766239e+00 -3.19053579e-01 2.30800984e+00 4.20983216e+00 -4.29973524e-04 2.39224939e-02 -1.62169769e-01
3506             -3.18235283e-01 2.32761482e+00 4.04516769e+00 -3.17867721e-01 2.30379753e+00 4.20730616e+00 -3.67561225e-04 2.38172879e-02 -1.62138478e-01
3507             -3.14560826e-01 2.32784375e+00 4.04130304e+00 -3.14267124e-01 2.30411978e+00 4.20341294e+00 -2.93702323e-04 2.37239656e-02 -1.62109894e-01
3508             -3.08265464e-01 2.33238449e+00 4.03735703e+00 -3.08047711e-01 2.30873267e+00 4.19944492e+00 -2.17753430e-04 2.36518166e-02 -1.62087889e-01
3509             -2.99706502e-01 2.34085301e+00 4.03464693e+00 -2.99559037e-01 2.31724325e+00 4.19671962e+00 -1.47464897e-04 2.36097557e-02 -1.62072691e-01
3510             -2.90005605e-01 2.35259700e+00 4.03370393e+00 -2.89915697e-01 2.32899412e+00 4.19576662e+00 -8.99082900e-05 2.36028798e-02 -1.62062683e-01
3511             -2.80596410e-01 2.36654672e+00 4.03456226e+00 -2.80546812e-01 2.34291354e+00 4.19662007e+00 -4.95983030e-05 2.36331799e-02 -1.62057812e-01
3512             -2.72677203e-01 2.38124560e+00 4.03704510e+00 -2.72647332e-01 2.35754741e+00 4.19910305e+00 -2.98710301e-05 2.36981851e-02 -1.62057946e-01
3513             -2.66894981e-01 2.39541437e+00 4.04069745e+00 -2.66862531e-01 2.37162366e+00 4.20276177e+00 -3.24500921e-05 2.37907133e-02 -1.62064321e-01
3514             -2.63596782e-01 2.40767560e+00 4.04498011e+00 -2.63538738e-01 2.38377381e+00 4.20705785e+00 -5.80436886e-05 2.39017813e-02 -1.62077733e-01
3515             -2.62895082e-01 2.41659861e+00 4.04948745e+00 -2.62790444e-01 2.39257762e+00 4.21158661e+00 -1.04638185e-04 2.40209902e-02 -1.62099161e-01
3516             -2.65052706e-01 2.42066583e+00 4.05465525e+00 -2.64885929e-01 2.39652955e+00 4.21678278e+00 -1.66776357e-04 2.41362747e-02 -1.62127524e-01
3517             -2.70364900e-01 2.41889914e+00 4.05965204e+00 -2.70127882e-01 2.39466526e+00 4.22180906e+00 -2.37017761e-04 2.42338769e-02 -1.62157016e-01
3518             -2.78945515e-01 2.41123208e+00 4.06277890e+00 -2.78638135e-01 2.38693015e+00 4.22496072e+00 -3.07379627e-04 2.43019267e-02 -1.62181823e-01
3519             -2.89936505e-01 2.39933196e+00 4.06150664e+00 -2.89564260e-01 2.37500122e+00 4.22370617e+00 -3.72245123e-04 2.43307365e-02 -1.62199536e-01
3520             -3.01052594e-01 2.38507156e+00 4.05708229e+00 -3.00624614e-01 2.36075391e+00 4.21929554e+00 -4.27979583e-04 2.43176523e-02 -1.62213252e-01
3521             -3.09777047e-01 2.37014367e+00 4.05257385e+00 -3.09307759e-01 2.34587724e+00 4.21479756e+00 -4.69288215e-04 2.42664299e-02 -1.62223713e-01
3522             -3.15299019e-01 2.35547885e+00 4.05049518e+00 -3.14809039e-01 2.33129413e+00 4.21272277e+00 -4.89980104e-04 2.41847184e-02 -1.62227589e-01
3523             -3.18157043e-01 2.34231592e+00 4.05030483e+00 -3.17672866e-01 2.31823437e+00 4.21252417e+00 -4.84177174e-04 2.40815537e-02 -1.62219346e-01
3524             -3.19152726e-01 2.33196029e+00 4.04980298e+00 -3.18702042e-01 2.30799426e+00 4.21200042e+00 -4.50684218e-04 2.39660366e-02 -1.62197448e-01
3525             -3.18411682e-01 2.32564574e+00 4.04763133e+00 -3.18017685e-01 2.30179778e+00 4.20979811e+00 -3.93996996e-04 2.38479677e-02 -1.62166783e-01
3526             -3.15411925e-01 2.32400437e+00 4.04394435e+00 -3.15089374e-01 2.30026634e+00 4.20607973e+00 -3.22551369e-04 2.37380297e-02 -1.62135382e-01
3527             -3.09858585e-01 2.32692191e+00 4.03957037e+00 -3.09612808e-01 2.30327465e+00 4.20167938e+00 -2.45777053e-04 2.36472614e-02 -1.62109013e-01
3528             -3.01888972e-01 2.33413620e+00 4.03593619e+00 -3.01716758e-01 2.31055168e+00 4.19802519e+00 -1.72214548e-04 2.35845263e-02 -1.62088994e-01
3529             -2.92469699e-01 2.34495845e+00 4.03394325e+00 -2.92360833e-01 2.32140083e+00 4.19601769e+00 -1.08865574e-04 2.35576232e-02 -1.62074444e-01
3530             -2.82754183e-01 2.35866854e+00 4.03367490e+00 -2.82692893e-01 2.33509917e+00 4.19573909e+00 -6.12896571e-05 2.35693688e-02 -1.62064192e-01
3531             -2.74228988e-01 2.37381485e+00 4.03504911e+00 -2.74195919e-01 2.35019510e+00 4.19710840e+00 -3.30691223e-05 2.36197500e-02 -1.62059282e-01
3532             -2.67666217e-01 2.38900633e+00 4.03780109e+00 -2.67639075e-01 2.36530313e+00 4.19986119e+00 -2.71425042e-05 2.37032003e-02 -1.62060099e-01
3533             -2.63571098e-01 2.40278481e+00 4.04158780e+00 -2.63526871e-01 2.37897359e+00 4.20365610e+00 -4.42272171e-05 2.38112158e-02 -1.62068296e-01
3534             -2.62108518e-01 2.41371442e+00 4.04575607e+00 -2.62024816e-01 2.38978116e+00 4.20784040e+00 -8.37023171e-05 2.39332624e-02 -1.62084334e-01
3535             -2.63378911e-01 2.42029521e+00 4.05052854e+00 -2.63238175e-01 2.39623661e+00 4.21263733e+00 -1.40735695e-04 2.40586070e-02 -1.62108789e-01
3536             -2.67640620e-01 2.42126765e+00 4.05570017e+00 -2.67431640e-01 2.39709575e+00 4.21783657e+00 -2.08980221e-04 2.41719027e-02 -1.62136398e-01
3537             -2.75204399e-01 2.41599041e+00 4.06017350e+00 -2.74924747e-01 2.39172909e+00 4.22233433e+00 -2.79652491e-04 2.42613196e-02 -1.62160822e-01
3538             -2.85745785e-01 2.40575044e+00 4.06082554e+00 -2.85399324e-01 2.38143565e+00 4.22300345e+00 -3.46461121e-04 2.43147893e-02 -1.62177913e-01
3539             -2.97382618e-01 2.39248093e+00 4.05764295e+00 -2.96976823e-01 2.36815424e+00 4.21983339e+00 -4.05795388e-04 2.43266889e-02 -1.62190443e-01
3540             -3.07415950e-01 2.37794851e+00 4.05324035e+00 -3.06963059e-01 2.35364984e+00 4.21544124e+00 -4.52891377e-04 2.42986701e-02 -1.62200886e-01
3541             -3.14239759e-01 2.36339757e+00 4.05050567e+00 -3.13757704e-01 2.33916051e+00 4.21271321e+00 -4.82054162e-04 2.42370577e-02 -1.62207547e-01
3542             -3.18078031e-01 2.34965057e+00 4.05022989e+00 -3.17591073e-01 2.32550058e+00 4.21243561e+00 -4.86957747e-04 2.41499839e-02 -1.62205727e-01
3543             -3.19814383e-01 2.33809135e+00 4.05050578e+00 -3.19350169e-01 2.31404544e+00 4.21269662e+00 -4.64214312e-04 2.40459088e-02 -1.62190837e-01
3544             -3.19847171e-01 2.33001587e+00 4.04942275e+00 -3.19431099e-01 2.30608204e+00 4.21158837e+00 -4.16072585e-04 2.39338362e-02 -1.62165617e-01
3545             -3.17756150e-01 2.32641731e+00 4.04663395e+00 -3.17406456e-01 2.30259358e+00 4.20877132e+00 -3.49693879e-04 2.38237334e-02 -1.62137367e-01
3546             -3.13136480e-01 2.32741316e+00 4.04247384e+00 -3.12861859e-01 2.30368586e+00 4.20458721e+00 -2.74620977e-04 2.37273034e-02 -1.62113365e-01
3547             -3.05897352e-01 2.33276626e+00 4.03853127e+00 -3.05697374e-01 2.30911278e+00 4.20062690e+00 -1.99977204e-04 2.36534764e-02 -1.62095636e-01
3548             -2.96686112e-01 2.34191540e+00 4.03601158e+00 -2.96553113e-01 2.31830393e+00 4.19809575e+00 -1.32999206e-04 2.36114723e-02 -1.62084171e-01
3549             -2.86703237e-01 2.35410096e+00 4.03521889e+00 -2.86623180e-01 2.33049595e+00 4.19729571e+00 -8.00570086e-05 2.36050122e-02 -1.62076826e-01
3550             -2.77477722e-01 2.36812024e+00 4.03613005e+00 -2.77432811e-01 2.34448476e+00 4.19820387e+00 -4.49113570e-05 2.36354752e-02 -1.62073823e-01
3551             -2.69909764e-01 2.38271100e+00 4.03852685e+00 -2.69878795e-01 2.35901182e+00 4.20060176e+00 -3.09688036e-05 2.36991775e-02 -1.62074905e-01
3552             -2.64618215e-01 2.39648309e+00 4.04207342e+00 -2.64578858e-01 2.37269387e+00 4.20415520e+00 -3.93576318e-05 2.37892195e-02 -1.62081778e-01
3553             -2.61941315e-01 2.40800645e+00 4.04601742e+00 -2.61870399e-01 2.38411020e+00 4.20811261e+00 -7.09163814e-05 2.38962451e-02 -1.62095193e-01
3554             -2.61992950e-01 2.41579661e+00 4.05035034e+00 -2.61871088e-01 2.39178628e+00 4.21246672e+00 -1.21861937e-04 2.40103320e-02 -1.62116385e-01
3555             -2.65029217e-01 2.41843723e+00 4.05537656e+00 -2.64842507e-01 2.39431972e+00 4.21751908e+00 -1.86709765e-04 2.41175136e-02 -1.62142523e-01
3556             -2.71328344e-01 2.41514432e+00 4.06003199e+00 -2.71071512e-01 2.39093813e+00 4.22219873e+00 -2.56831891e-04 2.42061923e-02 -1.62166743e-01
3557             -2.80847259e-01 2.40644827e+00 4.06178782e+00 -2.80522165e-01 2.38218487e+00 4.22397167e+00 -3.25093649e-04 2.42634070e-02 -1.62183850e-01
3558             -2.92291368e-01 2.39428825e+00 4.05925195e+00 -2.91904513e-01 2.37000624e+00 4.22144693e+00 -3.86854763e-04 2.42820083e-02 -1.62194977e-01
3559             -3.03140438e-01 2.38038245e+00 4.05439977e+00 -3.02702287e-01 2.35612087e+00 4.21660318e+00 -4.38151103e-04 2.42615750e-02 -1.62203410e-01
3560             -3.11217012e-01 2.36614160e+00 4.05033278e+00 -3.10743343e-01 2.34193434e+00 4.21254163e+00 -4.73668808e-04 2.42072573e-02 -1.62208849e-01
3561             -3.16163189e-01 2.35247977e+00 4.04888374e+00 -3.15676211e-01 2.32835279e+00 4.21109094e+00 -4.86978232e-04 2.41269734e-02 -1.62207201e-01
3562             -3.18682683e-01 2.34068128e+00 4.04881624e+00 -3.18209629e-01 2.31665197e+00 4.21100967e+00 -4.73053128e-04 2.40293160e-02 -1.62193438e-01
3563             -3.19440524e-01 2.33202328e+00 4.04794571e+00 -3.19008062e-01 2.30810026e+00 4.21011330e+00 -4.32461513e-04 2.39230184e-02 -1.62167598e-01
3564             -3.18307021e-01 2.32752685e+00 4.04543227e+00 -3.17936105e-01 2.30370930e+00 4.20756863e+00 -3.70916766e-04 2.38175452e-02 -1.62136365e-01
3565             -3.14755861e-01 2.32754794e+00 4.04151075e+00 -3.14458570e-01 2.30382445e+00 4.20361821e+00 -2.97290448e-04 2.37234883e-02 -1.62107458e-01
3566             -3.08605925e-01 2.33192086e+00 4.03749272e+00 -3.08384633e-01 2.30827057e+00 4.19957800e+00 -2.21292124e-04 2.36502963e-02 -1.62085278e-01
3567             -3.00168168e-01 2.34025486e+00 4.03466743e+00 -3.00017648e-01 2.31664797e+00 4.19673736e+00 -1.50519616e-04 2.36068931e-02 -1.62069926e-01
3568             -2.90530130e-01 2.35188599e+00 4.03358472e+00 -2.90438000e-01 2.32828730e+00 4.19564450e+00 -9.21303454e-05 2.35986868e-02 -1.62059779e-01
3569             -2.81058987e-01 2.36581319e+00 4.03431844e+00 -2.81008228e-01 2.34218553e+00 4.19637315e+00 -5.07589520e-05 2.36276659e-02 -1.62054713e-01
3570             -2.73030109e-01 2.38055327e+00 4.03670796e+00 -2.73000250e-01 2.35686153e+00 4.19876258e+00 -2.98588299e-05 2.36917464e-02 -1.62054617e-01
3571             -2.67136206e-01 2.39483133e+00 4.04031266e+00 -2.67104796e-01 2.37104755e+00 4.20237341e+00 -3.14106116e-05 2.37837799e-02 -1.62060749e-01
3572             -2.63718414e-01 2.40724058e+00 4.04464116e+00 -2.63662496e-01 2.38334574e+00 4.20671500e+00 -5.59177603e-05 2.38948374e-02 -1.62073847e-01
3573             -2.62872996e-01 2.41635696e+00 4.04921013e+00 -2.62771439e-01 2.39234236e+00 4.21130501e+00 -1.01557144e-04 2.40145966e-02 -1.62094882e-01
3574             -2.64838527e-01 2.42069585e+00 4.05443640e+00 -2.64675453e-01 2.39656498e+00 4.21655934e+00 -1.63073814e-04 2.41308728e-02 -1.62122941e-01
3575             -2.69951816e-01 2.41921860e+00 4.05957949e+00 -2.69718587e-01 2.39498847e+00 4.22173205e+00 -2.33228669e-04 2.42301252e-02 -1.62152561e-01
3576             -2.78376143e-01 2.41178746e+00 4.06300696e+00 -2.78072379e-01 2.38748714e+00 4.22518472e+00 -3.03763818e-04 2.43003200e-02 -1.62177760e-01
3577             -2.89311010e-01 2.40007898e+00 4.06201518e+00 -2.88942014e-01 2.37574753e+00 4.22421096e+00 -3.68995914e-04 2.43314524e-02 -1.62195781e-01
3578             -3.00502979e-01 2.38588253e+00 4.05773342e+00 -3.00077734e-01 2.36156193e+00 4.21994318e+00 -4.25245541e-04 2.43206001e-02 -1.62209761e-01
3579             -3.09384297e-01 2.37092658e+00 4.05319271e+00 -3.08916829e-01 2.34665539e+00 4.21541319e+00 -4.67467944e-04 2.42711875e-02 -1.62220480e-01
3580             -3.15050001e-01 2.35622780e+00 4.05097916e+00 -3.14560539e-01 2.33203704e+00 4.21320400e+00 -4.89462221e-04 2.41907592e-02 -1.62224848e-01
3581             -3.18041410e-01 2.34290076e+00 4.05076003e+00 -3.17556059e-01 2.31881241e+00 4.21297752e+00 -4.85351786e-04 2.40883450e-02 -1.62217489e-01
3582             -3.19140232e-01 2.33228848e+00 4.05035821e+00 -3.18686950e-01 2.30831561e+00 4.21255447e+00 -4.53282877e-04 2.39728647e-02 -1.62196257e-01
3583             -3.18492646e-01 2.32563563e+00 4.04830381e+00 -3.18095114e-01 2.30178150e+00 4.21046958e+00 -3.97531841e-04 2.38541303e-02 -1.62165768e-01
3584             -3.15586235e-01 2.32365770e+00 4.04473375e+00 -3.15259743e-01 2.29991501e+00 4.20686783e+00 -3.26491827e-04 2.37426856e-02 -1.62134074e-01
3585             -3.10146681e-01 2.32628385e+00 4.04035583e+00 -3.09897037e-01 2.30263404e+00 4.20246299e+00 -2.49643880e-04 2.36498087e-02 -1.62107167e-01
3586             -3.02275426e-01 2.33326367e+00 4.03661540e+00 -3.02099731e-01 2.30967929e+00 4.19870201e+00 -1.75695218e-04 2.35843754e-02 -1.62086611e-01
3587             -2.92894354e-01 2.34393198e+00 4.03448725e+00 -2.92782700e-01 2.32037735e+00 4.19655891e+00 -1.11653475e-04 2.35546258e-02 -1.62071664e-01
3588             -2.83158138e-01 2.35753132e+00 4.03407389e+00 -2.83094975e-01 2.33396775e+00 4.19613496e+00 -6.31629620e-05 2.35635764e-02 -1.62061065e-01
3589             -2.74553855e-01 2.37259814e+00 4.03532597e+00 -2.74520058e-01 2.34898674e+00 4.19738172e+00 -3.37971800e-05 2.36114017e-02 -1.62055742e-01
3590             -2.67856219e-01 2.38784147e+00 4.03794621e+00 -2.67829633e-01 2.36414870e+00 4.20000209e+00 -2.65854764e-05 2.36927703e-02 -1.62055876e-01
3591             -2.63608828e-01 2.40180282e+00 4.04159342e+00 -2.63566403e-01 2.37800331e+00 4.20365690e+00 -4.24249038e-05 2.37995085e-02 -1.62063488e-01
3592             -2.62002503e-01 2.41296855e+00 4.04567859e+00 -2.61921533e-01 2.38904758e+00 4.20775776e+00 -8.09693855e-05 2.39209728e-02 -1.62079170e-01
3593             -2.63124324e-01 2.41986982e+00 4.05032135e+00 -2.62987213e-01 2.39582314e+00 4.21242466e+00 -1.37111499e-04 2.40466837e-02 -1.62103310e-01
3594             -2.67223051e-01 2.42117906e+00 4.05541154e+00 -2.67018016e-01 2.39701796e+00 4.21754260e+00 -2.05034888e-04 2.41611050e-02 -1.62131060e-01
3595             -2.74611507e-01 2.41629398e+00 4.05991709e+00 -2.74335674e-01 2.39204152e+00 4.22207306e+00 -2.75832792e-04 2.42524584e-02 -1.62155969e-01
3596             -2.85033411e-01 2.40634124e+00 4.06076203e+00 -2.84690487e-01 2.38203275e+00 4.22293570e+00 -3.42923561e-04 2.43084924e-02 -1.62173670e-01
3597             -2.96681326e-01 2.39328552e+00 4.05770201e+00 -2.96278682e-01 2.36896229e+00 4.21988864e+00 -4.02644512e-04 2.43232266e-02 -1.62186629e-01
3598             -3.06873261e-01 2.37884925e+00 4.05325355e+00 -3.06422829e-01 2.35455123e+00 4.21545095e+00 -4.50431848e-04 2.42980209e-02 -1.62197403e-01
3599             -3.13910046e-01 2.36428663e+00 4.05035345e+00 -3.13429320e-01 2.34004779e+00 4.21255794e+00 -4.80726015e-04 2.42388417e-02 -1.62204495e-01
3600             -3.17910178e-01 2.35054479e+00 4.04995023e+00 -3.17423136e-01 2.32639103e+00 4.21215353e+00 -4.87041210e-04 2.41537653e-02 -1.62203304e-01
3601             -3.19730584e-01 2.33888644e+00 4.05028512e+00 -3.19264917e-01 2.31483511e+00 4.21247439e+00 -4.65667629e-04 2.40513222e-02 -1.62189273e-01
3602             -3.19844237e-01 2.33057670e+00 4.04940039e+00 -3.19425623e-01 2.30663643e+00 4.21156491e+00 -4.18613840e-04 2.39402717e-02 -1.62164519e-01
3603             -3.17888219e-01 2.32666441e+00 4.04682054e+00 -3.17535204e-01 2.30283398e+00 4.20895684e+00 -3.53014375e-04 2.38304336e-02 -1.62136298e-01
3604             -3.13447359e-01 2.32732325e+00 4.04279419e+00 -3.13169093e-01 2.30358976e+00 4.20490620e+00 -2.78266384e-04 2.37334930e-02 -1.62112015e-01
3605             -3.06371018e-01 2.33241320e+00 4.03888503e+00 -3.06167565e-01 2.30875492e+00 4.20097898e+00 -2.03452486e-04 2.36582878e-02 -1.62093947e-01
3606             -2.97261034e-01 2.34133159e+00 4.03637543e+00 -2.97125118e-01 2.31771716e+00 4.19845771e+00 -1.35916727e-04 2.36144291e-02 -1.62082279e-01
3607             -2.87303812e-01 2.35339119e+00 4.03555483e+00 -2.87221545e-01 2.32978526e+00 4.19762954e+00 -8.22668500e-05 2.36059359e-02 -1.62074712e-01
3608             -2.78000836e-01 2.36737255e+00 4.03640926e+00 -2.77954655e-01 2.34373811e+00 4.19848085e+00 -4.61809624e-05 2.36344362e-02 -1.62071597e-01
3609             -2.70331352e-01 2.38189804e+00 4.03880474e+00 -2.70300167e-01 2.35820162e+00 4.20087737e+00 -3.11852484e-05 2.36964222e-02 -1.62072624e-01
3610             -2.64925911e-01 2.39567641e+00 4.04234250e+00 -2.64887445e-01 2.37189149e+00 4.20442162e+00 -3.84667443e-05 2.37849188e-02 -1.62079119e-01
3611             -2.62088238e-01 2.40731937e+00 4.04629412e+00 -2.62019563e-01 2.38342852e+00 4.20838613e+00 -6.86741570e-05 2.38908528e-02 -1.62092010e-01
3612             -2.61935123e-01 2.41531908e+00 4.05061964e+00 -2.61816530e-01 2.39131481e+00 4.21273221e+00 -1.18592770e-04 2.40042699e-02 -1.62112565e-01
3613             -2.64751139e-01 2.41822998e+00 4.05561329e+00 -2.64568443e-01 2.39411837e+00 4.21775168e+00 -1.82695726e-04 2.41116096e-02 -1.62138390e-01
3614             -2.70838993e-01 2.41521867e+00 4.06030851e+00 -2.70586179e-01 2.39101783e+00 4.22247128e+00 -2.52813692e-04 2.42008431e-02 -1.62162777e-01
3615             -2.80170243e-01 2.40674351e+00 4.06230713e+00 -2.79848857e-01 2.38248416e+00 4.22448748e+00 -3.21385883e-04 2.42593496e-02 -1.62180347e-01
3616             -2.91540329e-01 2.39471144e+00 4.05998312e+00 -2.91156745e-01 2.37043192e+00 4.22217478e+00 -3.83584270e-04 2.42795127e-02 -1.62191658e-01
3617             -3.02485882e-01 2.38082238e+00 4.05520314e+00 -3.02050372e-01 2.35656187e+00 4.21740325e+00 -4.35509828e-04 2.42605062e-02 -1.62200103e-01
3618             -3.10720409e-01 2.36663683e+00 4.05094081e+00 -3.10248410e-01 2.34242946e+00 4.21314630e+00 -4.71999583e-04 2.42073760e-02 -1.62205487e-01
3619             -3.15824377e-01 2.35296219e+00 4.04927131e+00 -3.15337687e-01 2.32883422e+00 4.21147553e+00 -4.86690253e-04 2.41279635e-02 -1.62204219e-01
3620             -3.18478649e-01 2.34102651e+00 4.04911828e+00 -3.18004306e-01 2.31699571e+00 4.21130938e+00 -4.74342693e-04 2.40307982e-02 -1.62191095e-01
3621             -3.19335049e-01 2.33213644e+00 4.04827293e+00 -3.18900086e-01 2.30821177e+00 4.21043868e+00 -4.34963275e-04 2.39246729e-02 -1.62165753e-01
3622             -3.18339135e-01 2.32742003e+00 4.04576506e+00 -3.17964722e-01 2.30360126e+00 4.20789965e+00 -3.74412368e-04 2.38187640e-02 -1.62134591e-01
3623             -3.14937939e-01 2.32726316e+00 4.04181309e+00 -3.14636691e-01 2.30353939e+00 4.20391852e+00 -3.01247768e-04 2.37237690e-02 -1.62105423e-01
3624             -3.08951012e-01 2.33143692e+00 4.03768990e+00 -3.08725873e-01 2.30778754e+00 4.19977289e+00 -2.25139752e-04 2.36493777e-02 -1.62082985e-01
3625             -3.00646874e-01 2.33955520e+00 4.03472961e+00 -3.00492958e-01 2.31595085e+00 4.19679709e+00 -1.53915826e-04 2.36043537e-02 -1.62067476e-01
3626             -2.91074391e-01 2.35109219e+00 4.03350752e+00 -2.90979664e-01 2.32749771e+00 4.19556474e+00 -9.47272046e-05 2.35944788e-02 -1.62057218e-01
3627             -2.81563846e-01 2.36502202e+00 4.03410606e+00 -2.81511509e-01 2.34140011e+00 4.19615803e+00 -5.23377572e-05 2.36219034e-02 -1.62051976e-01
3628             -2.73446911e-01 2.37981013e+00 4.03638422e+00 -2.73416724e-01 2.35612521e+00 4.19843593e+00 -3.01870409e-05 2.36849162e-02 -1.62051702e-01
3629             -2.67411569e-01 2.39419984e+00 4.03991182e+00 -2.67381224e-01 2.37042341e+00 4.20196935e+00 -3.03447414e-05 2.37764298e-02 -1.62057531e-01
3630             -2.63842000e-01 2.40679583e+00 4.04423047e+00 -2.63788398e-01 2.38290833e+00 4.20630075e+00 -5.36020006e-05 2.38875006e-02 -1.62070281e-01
3631             -2.62867097e-01 2.41613727e+00 4.04882819e+00 -2.62768625e-01 2.39212946e+00 4.21091917e+00 -9.84724798e-05 2.40078180e-02 -1.62090976e-01
3632             -2.64656699e-01 2.42075393e+00 4.05409126e+00 -2.64497306e-01 2.39662860e+00 4.21621002e+00 -1.59392835e-04 2.41253239e-02 -1.62118761e-01
3633             -2.69552482e-01 2.41957049e+00 4.05936048e+00 -2.69323147e-01 2.39534421e+00 4.22150897e+00 -2.29335620e-04 2.42262747e-02 -1.62148491e-01
3634             -2.77771508e-01 2.41239846e+00 4.06310538e+00 -2.77471480e-01 2.38809976e+00 4.22527946e+00 -3.00027938e-04 2.42986978e-02 -1.62174089e-01
3635             -2.88620388e-01 2.40084890e+00 4.06248645e+00 -2.88254804e-01 2.37651658e+00 4.22467889e+00 -3.65583652e-04 2.43323168e-02 -1.62192444e-01
3636             -2.99908593e-01 2.38671566e+00 4.05840727e+00 -2.99486029e-01 2.36239189e+00 4.22061384e+00 -4.22563300e-04 2.43237753e-02 -1.62206561e-01
3637             -3.08990496e-01 2.37173136e+00 4.05386074e+00 -3.08524808e-01 2.34745509e+00 4.21607821e+00 -4.65688006e-04 2.42762709e-02 -1.62217467e-01
3638             -3.14811942e-01 2.35702273e+00 4.05147555e+00 -3.14323005e-01 2.33282557e+00 4.21369777e+00 -4.88936860e-04 2.41971643e-02 -1.62222221e-01
3639             -3.17898434e-01 2.34358033e+00 4.05117834e+00 -3.17412051e-01 2.31948475e+00 4.21339410e+00 -4.86382638e-04 2.40955806e-02 -1.62215759e-01
3640             -3.19101774e-01 2.33273304e+00 4.05086952e+00 -3.18645826e-01 2.30875271e+00 4.21306493e+00 -4.55948623e-04 2.39803228e-02 -1.62195413e-01
3641             -3.18580051e-01 2.32573947e+00 4.04897249e+00 -3.18178667e-01 2.30187838e+00 4.21113788e+00 -4.01383642e-04 2.38610889e-02 -1.62165383e-01
3642             -3.15774182e-01 2.32339866e+00 4.04555341e+00 -3.15443418e-01 2.29965035e+00 4.20768693e+00 -3.30763866e-04 2.37483156e-02 -1.62133515e-01
3643             -3.10436190e-01 2.32569961e+00 4.04118316e+00 -3.10182465e-01 2.30204617e+00 4.20328914e+00 -2.53725703e-04 2.36534402e-02 -1.62105980e-01
3644             -3.02665536e-01 2.33240729e+00 4.03735033e+00 -3.02486199e-01 2.30882199e+00 4.19943511e+00 -1.79336895e-04 2.35852958e-02 -1.62084782e-01
3645             -2.93320243e-01 2.34284856e+00 4.03510428e+00 -2.93205692e-01 2.31929601e+00 4.19717371e+00 -1.14550952e-04 2.35525551e-02 -1.62069430e-01
3646             -2.83570787e-01 2.35630986e+00 4.03457963e+00 -2.83505561e-01 2.33275145e+00 4.19663810e+00 -6.52262365e-05 2.35584060e-02 -1.62058466e-01
3647             -2.74889135e-01 2.37137152e+00 4.03567613e+00 -2.74854381e-01 2.34776808e+00 4.19772881e+00 -3.47540563e-05 2.36034413e-02 -1.62052676e-01
3648             -2.68071786e-01 2.38662952e+00 4.03819537e+00 -2.68045455e-01 2.36294696e+00 4.20024764e+00 -2.63309928e-05 2.36825598e-02 -1.62052268e-01
3649             -2.63663094e-01 2.40069531e+00 4.04177326e+00 -2.63622494e-01 2.37690757e+00 4.20383236e+00 -4.05999032e-05 2.37877468e-02 -1.62059103e-01
3650             -2.61883932e-01 2.41211086e+00 4.04570533e+00 -2.61806129e-01 2.38820257e+00 4.20777930e+00 -7.78029957e-05 2.39082903e-02 -1.62073969e-01
3651             -2.62843466e-01 2.41934597e+00 4.05025139e+00 -2.62710248e-01 2.39531180e+00 4.21234921e+00 -1.33217254e-04 2.40341679e-02 -1.62097819e-01
3652             -2.66777032e-01 2.42102830e+00 4.05528016e+00 -2.66576266e-01 2.39687871e+00 4.21740563e+00 -2.00766060e-04 2.41495869e-02 -1.62125474e-01
3653             -2.73979767e-01 2.41652707e+00 4.05981078e+00 -2.73708111e-01 2.39228428e+00 4.22196145e+00 -2.71656070e-04 2.42427952e-02 -1.62150670e-01
3654             -2.84257716e-01 2.40686605e+00 4.06084174e+00 -2.83918639e-01 2.38256474e+00 4.22301057e+00 -3.39076358e-04 2.43013086e-02 -1.62168830e-01
3655             -2.95921702e-01 2.39398335e+00 4.05794712e+00 -2.95522509e-01 2.36966453e+00 4.22012928e+00 -3.99193090e-04 2.43188186e-02 -1.62182156e-01
3656             -3.06274738e-01 2.37972374e+00 4.05340400e+00 -3.05827020e-01 2.35542741e+00 4.21559710e+00 -4.47717993e-04 2.42963335e-02 -1.62193105e-01
3657             -3.13508436e-01 2.36518344e+00 4.05032770e+00 -3.13029391e-01 2.34094368e+00 4.21252840e+00 -4.79045481e-04 2.42397578e-02 -1.62200705e-01
3658             -3.17677159e-01 2.35138225e+00 4.04978577e+00 -3.17190172e-01 2.32722549e+00 4.21198595e+00 -4.86986230e-04 2.41567583e-02 -1.62200185e-01
3659             -3.19627448e-01 2.33962831e+00 4.05012833e+00 -3.19160057e-01 2.31557248e+00 4.21231522e+00 -4.67390743e-04 2.40558289e-02 -1.62186893e-01
3660             -3.19855207e-01 2.33112218e+00 4.04937925e+00 -3.19433651e-01 2.30717626e+00 4.21154183e+00 -4.21555272e-04 2.39459155e-02 -1.62162578e-01
3661             -3.18025512e-01 2.32691154e+00 4.04696300e+00 -3.17668874e-01 2.30307503e+00 4.20909733e+00 -3.56637961e-04 2.38365106e-02 -1.62134333e-01
3662             -3.13734405e-01 2.32725280e+00 4.04308148e+00 -3.13452294e-01 2.30351371e+00 4.20519120e+00 -2.82110698e-04 2.37390876e-02 -1.62109724e-01
3663             -3.06819924e-01 2.33202442e+00 4.03922332e+00 -3.06612831e-01 2.30836179e+00 4.20131457e+00 -2.07092398e-04 2.36626288e-02 -1.62091254e-01
3664             -2.97823372e-01 2.34070375e+00 4.03670234e+00 -2.97684360e-01 2.31708689e+00 4.19878164e+00 -1.39012098e-04 2.36168646e-02 -1.62079301e-01
3665             -2.87911170e-01 2.35257763e+00 4.03586986e+00 -2.87826616e-01 2.32897142e+00 4.19794141e+00 -8.45532945e-05 2.36062167e-02 -1.62071546e-01
3666             -2.78550544e-01 2.36652841e+00 4.03665813e+00 -2.78503040e-01 2.34289581e+00 4.19872633e+00 -4.75043291e-05 2.36325990e-02 -1.62068198e-01
3667             -2.70764364e-01 2.38109189e+00 4.03899767e+00 -2.70733048e-01 2.35739902e+00 4.20106683e+00 -3.13161618e-05 2.36928769e-02 -1.62069155e-01
3668             -2.65214087e-01 2.39489100e+00 4.04254143e+00 -2.65176667e-01 2.37111092e+00 4.20461701e+00 -3.74199028e-05 2.37800852e-02 -1.62075584e-01
3669             -2.62220944e-01 2.40663217e+00 4.04654280e+00 -2.62154626e-01 2.38274707e+00 4.20863092e+00 -6.63175714e-05 2.38851084e-02 -1.62088117e-01
3670             -2.61891555e-01 2.41484772e+00 4.05086658e+00 -2.61776355e-01 2.39084971e+00 4.21297470e+00 -1.15200816e-04 2.39980060e-02 -1.62108115e-01
3671             -2.64501450e-01 2.41806025e+00 4.05585857e+00 -2.64322878e-01 2.39395456e+00 4.21799234e+00 -1.78572439e-04 2.41056883e-02 -1.62133761e-01
3672             -2.70359959e-01 2.41535414e+00 4.06058104e+00 -2.70111431e-01 2.39115848e+00 4.22273935e+00 -2.48528671e-04 2.41956569e-02 -1.62158307e-01
3673             -2.79478354e-01 2.40709293e+00 4.06285066e+00 -2.79160988e-01 2.38283731e+00 4.22502705e+00 -3.17366821e-04 2.42556221e-02 -1.62176382e-01
3674             -2.90750699e-01 2.39515247e+00 4.06078977e+00 -2.90370614e-01 2.37087500e+00 4.22297765e+00 -3.80084520e-04 2.42774756e-02 -1.62187882e-01
3675             -3.01798092e-01 2.38129350e+00 4.05609257e+00 -3.01365303e-01 2.35703359e+00 4.21828886e+00 -4.32788680e-04 2.42599135e-02 -1.62196290e-01
3676             -3.10232132e-01 2.36708410e+00 4.05172749e+00 -3.09761871e-01 2.34287624e+00 4.21392917e+00 -4.70260556e-04 2.42078541e-02 -1.62201681e-01
3677             -3.15484177e-01 2.35343325e+00 4.04982216e+00 -3.14997896e-01 2.32930403e+00 4.21202275e+00 -4.86281098e-04 2.41292221e-02 -1.62200586e-01
3678             -3.18239973e-01 2.34139524e+00 4.04955192e+00 -3.17764412e-01 2.31736268e+00 4.21173998e+00 -4.75561348e-04 2.40325667e-02 -1.62188056e-01
3679             -3.19204477e-01 2.33228824e+00 4.04872920e+00 -3.18766760e-01 2.30836175e+00 4.21089242e+00 -4.37717014e-04 2.39264927e-02 -1.62163222e-01
3680             -3.18337333e-01 2.32728806e+00 4.04626745e+00 -3.17959240e-01 2.30346794e+00 4.20839953e+00 -3.78093358e-04 2.38201248e-02 -1.62132077e-01
3681             -3.15104653e-01 2.32687003e+00 4.04232026e+00 -3.14799172e-01 2.30314586e+00 4.20442278e+00 -3.05481717e-04 2.37241634e-02 -1.62102521e-01
3682             -3.09265488e-01 2.33085710e+00 4.03809807e+00 -3.09036183e-01 2.30720879e+00 4.20017767e+00 -2.29304989e-04 2.36483077e-02 -1.62079604e-01
3683             -3.01080721e-01 2.33884289e+00 4.03496321e+00 -3.00923163e-01 2.31524142e+00 4.19702698e+00 -1.57557925e-04 2.36014687e-02 -1.62063775e-01
3684             -2.91594465e-01 2.35018346e+00 4.03361373e+00 -2.91497049e-01 2.32659376e+00 4.19566721e+00 -9.74166745e-05 2.35896972e-02 -1.62053478e-01
3685             -2.82069485e-01 2.36404759e+00 4.03407498e+00 -2.82015503e-01 2.34043232e+00 4.19612285e+00 -5.39817541e-05 2.36152658e-02 -1.62047870e-01
3686             -2.73853234e-01 2.37895977e+00 4.03616043e+00 -2.73822788e-01 2.35528297e+00 4.19820762e+00 -3.04462444e-05 2.36768074e-02 -1.62047188e-01
3687             -2.67676656e-01 2.39350775e+00 4.03954941e+00 -2.67647344e-01 2.36974001e+00 4.20160218e+00 -2.93118620e-05 2.37677380e-02 -1.62052773e-01
3688             -2.63961477e-01 2.40629288e+00 4.04381799e+00 -2.63910207e-01 2.38241407e+00 4.20588331e+00 -5.12699764e-05 2.38788008e-02 -1.62065321e-01
3689             -2.62838999e-01 2.41589707e+00 4.04841067e+00 -2.62743997e-01 2.39189735e+00 4.21049647e+00 -9.50020323e-05 2.39997186e-02 -1.62085799e-01
3690             -2.64457766e-01 2.42083519e+00 4.05367064e+00 -2.64302516e-01 2.39671657e+00 4.21578407e+00 -1.55250278e-04 2.41186207e-02 -1.62113425e-01
3691             -2.69137694e-01 2.42000665e+00 4.05903539e+00 -2.68912731e-01 2.39578507e+00 4.22117879e+00 -2.24963420e-04 2.42215788e-02 -1.62143399e-01
3692             -2.77147337e-01 2.41310031e+00 4.06307906e+00 -2.76851598e-01 2.38880372e+00 4.22524858e+00 -2.95739584e-04 2.42965869e-02 -1.62169525e-01
3693             -2.87892742e-01 2.40170449e+00 4.06283934e+00 -2.87531073e-01 2.37737149e+00 4.22502762e+00 -3.61669480e-04 2.43329982e-02 -1.62188286e-01
3694             -2.99258201e-01 2.38765606e+00 4.05897698e+00 -2.98838878e-01 2.36332899e+00 4.22117961e+00 -4.19323133e-04 2.43270666e-02 -1.62202624e-01
3695             -3.08531946e-01 2.37272154e+00 4.05439742e+00 -3.08068436e-01 2.34843973e+00 4.21661133e+00 -4.63510581e-04 2.42818107e-02 -1.62213904e-01
3696             -3.14578187e-01 2.35792759e+00 4.05191082e+00 -3.14089954e-01 2.33372315e+00 4.21413029e+00 -4.88232745e-04 2.42044401e-02 -1.62219474e-01
3697             -3.17778257e-01 2.34437379e+00 4.05157236e+00 -3.17291077e-01 2.32026988e+00 4.21378628e+00 -4.87179464e-04 2.41039062e-02 -1.62213918e-01
3698             -3.19046754e-01 2.33331170e+00 4.05135573e+00 -3.18588354e-01 2.30932263e+00 4.21355030e+00 -4.58399597e-04 2.39890758e-02 -1.62194567e-01
3699             -3.18639420e-01 2.32599357e+00 4.04962772e+00 -3.18234151e-01 2.30212402e+00 4.21179281e+00 -4.05268908e-04 2.38695460e-02 -1.62165085e-01
3700             -3.16004727e-01 2.32327723e+00 4.04634472e+00 -3.15669250e-01 2.29952169e+00 4.20847786e+00 -3.35477877e-04 2.37555441e-02 -1.62133146e-01
3701             -3.10822244e-01 2.32523369e+00 4.04200848e+00 -3.10563763e-01 2.30157498e+00 4.20411370e+00 -2.58481297e-04 2.36587108e-02 -1.62105214e-01
3702             -3.03136271e-01 2.33162238e+00 4.03811937e+00 -3.02952744e-01 2.30803455e+00 4.20020283e+00 -1.83526971e-04 2.35878264e-02 -1.62083465e-01
3703             -2.93788913e-01 2.34179007e+00 4.03577577e+00 -2.93671117e-01 2.31823812e+00 4.19784338e+00 -1.17796722e-04 2.35519452e-02 -1.62067614e-01
3704             -2.83984060e-01 2.35505715e+00 4.03516195e+00 -2.83916706e-01 2.33150268e+00 4.19721811e+00 -6.73541433e-05 2.35544758e-02 -1.62056164e-01
3705             -2.75227192e-01 2.37006486e+00 4.03615616e+00 -2.75191453e-01 2.34646852e+00 4.19820595e+00 -3.57388318e-05 2.35963381e-02 -1.62049791e-01
3706             -2.68302026e-01 2.38540307e+00 4.03854746e+00 -2.68275985e-01 2.36173018e+00 4.20059615e+00 -2.60413296e-05 2.36728934e-02 -1.62048686e-01
3707             -2.63752429e-01 2.39957571e+00 4.04206008e+00 -2.63713492e-01 2.37579947e+00 4.20411492e+00 -3.89373836e-05 2.37762371e-02 -1.62054835e-01
3708             -2.61799258e-01 2.41119014e+00 4.04593458e+00 -2.61724671e-01 2.38729437e+00 4.20800340e+00 -7.45871311e-05 2.38957715e-02 -1.62068820e-01
3709             -2.62555642e-01 2.41876492e+00 4.05033203e+00 -2.62426847e-01 2.39474363e+00 4.21242386e+00 -1.28795028e-04 2.40212837e-02 -1.62091835e-01
3710             -2.66300060e-01 2.42082729e+00 4.05526186e+00 -2.66104151e-01 2.39668971e+00 4.21738118e+00 -1.95908880e-04 2.41375768e-02 -1.62119321e-01
3711             -2.73320861e-01 2.41671749e+00 4.05979086e+00 -2.73053922e-01 2.39248487e+00 4.22193562e+00 -2.66939674e-04 2.42326142e-02 -1.62144763e-01
3712             -2.83469011e-01 2.40730183e+00 4.06104299e+00 -2.83134193e-01 2.38300828e+00 4.22320629e+00 -3.34817866e-04 2.42935425e-02 -1.62163300e-01
3713             -2.95117860e-01 2.39468702e+00 4.05823935e+00 -2.94722359e-01 2.37037328e+00 4.22041618e+00 -3.95501089e-04 2.43137384e-02 -1.62176825e-01
3714             -3.05641459e-01 2.38052515e+00 4.05369035e+00 -3.05196616e-01 2.35623119e+00 4.21587856e+00 -4.44842474e-04 2.42939609e-02 -1.62188217e-01
3715             -3.13101072e-01 2.36609478e+00 4.05039573e+00 -3.12623664e-01 2.34185493e+00 4.21259199e+00 -4.77407823e-04 2.42398565e-02 -1.62196258e-01
3716             -3.17460620e-01 2.35223933e+00 4.04968230e+00 -3.16973648e-01 2.32808024e+00 4.21187891e+00 -4.86972254e-04 2.41590817e-02 -1.62196607e-01
3717             -3.19523214e-01 2.34036447e+00 4.04999149e+00 -3.19054215e-01 2.31630461e+00 4.21217563e+00 -4.68998589e-04 2.40598550e-02 -1.62184142e-01
3718             -3.19859595e-01 2.33169435e+00 4.04931659e+00 -3.19435014e-01 2.30774323e+00 4.21147699e+00 -4.24580460e-04 2.39511213e-02 -1.62160397e-01
3719             -3.18163279e-01 2.32725985e+00 4.04701174e+00 -3.17802768e-01 2.30341756e+00 4.20914406e+00 -3.60510792e-04 2.38422932e-02 -1.62132324e-01
3720             -3.14022720e-01 2.32728751e+00 4.04324464e+00 -3.13736509e-01 2.30354288e+00 4.20535213e+00 -2.86211313e-04 2.37446254e-02 -1.62107499e-01
3721             -3.07272665e-01 2.33172028e+00 4.03943002e+00 -3.07061656e-01 2.30805313e+00 4.20151882e+00 -2.11009430e-04 2.36671471e-02 -1.62088804e-01
3722             -2.98398481e-01 2.34011693e+00 4.03690759e+00 -2.98256164e-01 2.31649730e+00 4.19898420e+00 -1.42317157e-04 2.36196273e-02 -1.62076609e-01
3723             -2.88525722e-01 2.35180662e+00 4.03607167e+00 -2.88438855e-01 2.32819978e+00 4.19814038e+00 -8.68677333e-05 2.36068327e-02 -1.62068705e-01
3724             -2.79115349e-01 2.36564385e+00 4.03686223e+00 -2.79066594e-01 2.34201280e+00 4.19892746e+00 -4.87548254e-05 2.36310505e-02 -1.62065228e-01
3725             -2.71244279e-01 2.38022058e+00 4.03916667e+00 -2.71212899e-01 2.35653117e+00 4.20123261e+00 -3.13803328e-05 2.36894117e-02 -1.62065939e-01
3726             -2.65552143e-01 2.39412396e+00 4.04266003e+00 -2.65515982e-01 2.37034874e+00 4.20473218e+00 -3.61603405e-05 2.37752247e-02 -1.62072145e-01
3727             -2.62392631e-01 2.40597754e+00 4.04673383e+00 -2.62328807e-01 2.38209809e+00 4.20881832e+00 -6.38237812e-05 2.38794431e-02 -1.62084490e-01
3728             -2.61872534e-01 2.41438000e+00 4.05108691e+00 -2.61760883e-01 2.39038813e+00 4.21319083e+00 -1.11651382e-04 2.39918662e-02 -1.62103922e-01
3729             -2.64287379e-01 2.41783734e+00 4.05608213e+00 -2.64113105e-01 2.39373731e+00 4.21821145e+00 -1.74273588e-04 2.41000264e-02 -1.62129318e-01
3730             -2.69913980e-01 2.41545403e+00 4.06083850e+00 -2.69669909e-01 2.39126340e+00 4.22299248e+00 -2.44071667e-04 2.41906319e-02 -1.62153977e-01
3731             -2.78804295e-01 2.40744160e+00 4.06338321e+00 -2.78491139e-01 2.38318967e+00 4.22555571e+00 -3.13156431e-04 2.42519319e-02 -1.62172498e-01
3732             -2.89954414e-01 2.39561571e+00 4.06157965e+00 -2.89578116e-01 2.37134030e+00 4.22376384e+00 -3.76298674e-04 2.42754099e-02 -1.62184187e-01
3733             -3.01053601e-01 2.38175619e+00 4.05698546e+00 -3.00623859e-01 2.35749692e+00 4.21917805e+00 -4.29741441e-04 2.42592619e-02 -1.62192588e-01
3734             -3.09658898e-01 2.36752507e+00 4.05253555e+00 -3.09190610e-01 2.34331683e+00 4.21473357e+00 -4.68288059e-04 2.42082338e-02 -1.62198021e-01
3735             -3.15090160e-01 2.35381698e+00 4.05048295e+00 -3.14604423e-01 2.32968675e+00 4.21268015e+00 -4.85736939e-04 2.41302248e-02 -1.62197200e-01
3736             -3.17972163e-01 2.34170041e+00 4.05013009e+00 -3.17495579e-01 2.31766659e+00 4.21231510e+00 -4.76584280e-04 2.40338196e-02 -1.62185013e-01
3737             -3.19042701e-01 2.33241458e+00 4.04931021e+00 -3.18602457e-01 2.30848686e+00 4.21147073e+00 -4.40243747e-04 2.39277237e-02 -1.62160517e-01
3738             -3.18309012e-01 2.32714816e+00 4.04685604e+00 -3.17927240e-01 2.30332731e+00 4.20898535e+00 -3.81771925e-04 2.38208546e-02 -1.62129307e-01
3739             -3.15218691e-01 2.32645189e+00 4.04293450e+00 -3.14909074e-01 2.30272813e+00 4.20503379e+00 -3.09617038e-04 2.37237667e-02 -1.62099292e-01
3740             -3.09539710e-01 2.33019415e+00 4.03862243e+00 -3.09306306e-01 2.30654773e+00 4.20069823e+00 -2.33404444e-04 2.36464186e-02 -1.62075804e-01
3741             -3.01496220e-01 2.33800164e+00 4.03532051e+00 -3.01334965e-01 2.31440403e+00 4.19737997e+00 -1.61255620e-04 2.35976105e-02 -1.62059458e-01
3742             -2.92095865e-01 2.34921928e+00 4.03378261e+00 -2.91995534e-01 2.32563542e+00 4.19583155e+00 -1.00330948e-04 2.35838577e-02 -1.62048937e-01
3743             -2.82553417e-01 2.36302967e+00 4.03406897e+00 -2.82497691e-01 2.33942220e+00 4.19611215e+00 -5.57262473e-05 2.36074732e-02 -1.62043180e-01
3744             -2.74267888e-01 2.37796947e+00 4.03601669e+00 -2.74236947e-01 2.35430197e+00 4.19805903e+00 -3.09412142e-05 2.36674937e-02 -1.62042337e-01
3745             -2.67957716e-01 2.39270642e+00 4.03922848e+00 -2.67929262e-01 2.36894889e+00 4.20127603e+00 -2.84543269e-05 2.37575252e-02 -1.62047551e-01
3746             -2.64095577e-01 2.40573246e+00 4.04339527e+00 -2.64046462e-01 2.38186384e+00 4.20545516e+00 -4.91154123e-05 2.38686205e-02 -1.62059891e-01
3747             -2.62832534e-01 2.41561040e+00 4.04795163e+00 -2.62740785e-01 2.39162013e+00 4.21003180e+00 -9.17489904e-05 2.39902612e-02 -1.62080168e-01
3748             -2.64285946e-01 2.42087414e+00 4.05316853e+00 -2.64134832e-01 2.39676331e+00 4.21527623e+00 -1.51113317e-04 2.41108234e-02 -1.62107704e-01
3749             -2.68757538e-01 2.42039622e+00 4.05857901e+00 -2.68537019e-01 2.39618039e+00 4.22071698e+00 -2.20518430e-04 2.42158327e-02 -1.62137969e-01
3750             -2.76546701e-01 2.41380264e+00 4.06289377e+00 -2.76255283e-01 2.38950911e+00 4.22505844e+00 -2.91418664e-04 2.42935328e-02 -1.62164673e-01
3751             -2.87169339e-01 2.40260415e+00 4.06301860e+00 -2.86811738e-01 2.37827117e+00 4.22520253e+00 -3.57600865e-04 2.43329781e-02 -1.62183932e-01
3752             -2.98584029e-01 2.38865349e+00 4.05939002e+00 -2.98168259e-01 2.36432355e+00 4.22158862e+00 -4.15769927e-04 2.43299350e-02 -1.62198599e-01
3753             -3.08056851e-01 2.37372042e+00 4.05484054e+00 -3.07595954e-01 2.34943325e+00 4.21705088e+00 -4.60896662e-04 2.42871687e-02 -1.62210338e-01
3754             -3.14298724e-01 2.35891038e+00 4.05224370e+00 -3.13811624e-01 2.33469870e+00 4.21446039e+00 -4.87099617e-04 2.42116830e-02 -1.62216685e-01
3755             -3.17658981e-01 2.34521026e+00 4.05190839e+00 -3.17171067e-01 2.32109783e+00 4.21412073e+00 -4.87913299e-04 2.41124377e-02 -1.62212340e-01
3756             -3.19019255e-01 2.33396258e+00 4.05181027e+00 -3.18558531e-01 2.30996435e+00 4.21400416e+00 -4.60723785e-04 2.39982265e-02 -1.62193885e-01
3757             -3.18686411e-01 2.32636319e+00 4.05023923e+00 -3.18277584e-01 2.30248454e+00 4.21240417e+00 -4.08826885e-04 2.38786528e-02 -1.62164937e-01
3758             -3.16181422e-01 2.32330507e+00 4.04708909e+00 -3.15841541e-01 2.29954131e+00 4.20922209e+00 -3.39880571e-04 2.37637575e-02 -1.62133002e-01
3759             -3.11147585e-01 2.32491380e+00 4.04277807e+00 -3.10884481e-01 2.30124854e+00 4.20488285e+00 -2.63104061e-04 2.36652648e-02 -1.62104785e-01
3760             -3.03596645e-01 2.33096985e+00 4.03885682e+00 -3.03408768e-01 2.30737797e+00 4.20093945e+00 -1.87877456e-04 2.35918750e-02 -1.62082631e-01
3761             -2.94293700e-01 2.34085659e+00 4.03644005e+00 -2.94172307e-01 2.31730357e+00 4.19850643e+00 -1.21393340e-04 2.35530245e-02 -1.62066386e-01
3762             -2.84448709e-01 2.35389277e+00 4.03575520e+00 -2.84378785e-01 2.33034053e+00 4.19780968e+00 -6.99236708e-05 2.35522373e-02 -1.62054483e-01
3763             -2.75579514e-01 2.36879901e+00 4.03666471e+00 -2.75542503e-01 2.34520816e+00 4.19871230e+00 -3.70111166e-05 2.35908445e-02 -1.62047581e-01
3764             -2.68537221e-01 2.38415739e+00 4.03897447e+00 -2.68511175e-01 2.36049278e+00 4.20102030e+00 -2.60466193e-05 2.36646124e-02 -1.62045829e-01
3765             -2.63863923e-01 2.39847026e+00 4.04238934e+00 -2.63826317e-01 2.37470436e+00 4.20444057e+00 -3.76058679e-05 2.37658979e-02 -1.62051224e-01
3766             -2.61760481e-01 2.41028578e+00 4.04619847e+00 -2.61688491e-01 2.38640153e+00 4.20826299e+00 -7.19900879e-05 2.38842458e-02 -1.62064514e-01
3767             -2.62329086e-01 2.41814436e+00 4.05047770e+00 -2.62204049e-01 2.39413503e+00 4.21256443e+00 -1.25036388e-04 2.40093238e-02 -1.62086727e-01
3768             -2.65866601e-01 2.42058054e+00 4.05533396e+00 -2.65675202e-01 2.39645434e+00 4.21744787e+00 -1.91399083e-04 2.41262047e-02 -1.62113908e-01
3769             -2.72682913e-01 2.41686566e+00 4.05982326e+00 -2.72420703e-01 2.39264291e+00 4.22196275e+00 -2.62209804e-04 2.42227484e-02 -1.62139492e-01
3770             -2.82684673e-01 2.40776506e+00 4.06121681e+00 -2.82354243e-01 2.38347919e+00 4.22337524e+00 -3.30429401e-04 2.42858731e-02 -1.62158429e-01
3771             -2.94343101e-01 2.39528982e+00 4.05857928e+00 -2.93951453e-01 2.37098117e+00 4.22075153e+00 -3.91648145e-04 2.43086429e-02 -1.62172252e-01
3772             -3.05021324e-01 2.38125656e+00 4.05398577e+00 -3.04579536e-01 2.35696519e+00 4.21616953e+00 -4.41788189e-04 2.42913672e-02 -1.62183760e-01
3773             -3.12696892e-01 2.36692156e+00 4.05048884e+00 -3.12221438e-01 2.34268203e+00 4.21268110e+00 -4.75453814e-04 2.42395220e-02 -1.62192265e-01
3774             -3.17240208e-01 2.35312995e+00 4.04959573e+00 -3.16753739e-01 2.32896915e+00 4.21178920e+00 -4.86469169e-04 2.41607994e-02 -1.62193469e-01
3775             -3.19451951e-01 2.34115913e+00 4.04987374e+00 -3.18981623e-01 2.31709572e+00 4.21205582e+00 -4.70328255e-04 2.40634082e-02 -1.62182089e-01
3776             -3.19917582e-01 2.33232253e+00 4.04925123e+00 -3.19490031e-01 2.30836667e+00 4.21141020e+00 -4.27550439e-04 2.39558566e-02 -1.62158966e-01
3777             -3.18385728e-01 2.32764404e+00 4.04701172e+00 -3.18021174e-01 2.30379623e+00 4.20914275e+00 -3.64554265e-04 2.38478134e-02 -1.62131024e-01
3778             -3.14399029e-01 2.32741266e+00 4.04332663e+00 -3.14108418e-01 2.30366253e+00 4.20543262e+00 -2.90611911e-04 2.37501305e-02 -1.62105995e-01
3779             -3.07773858e-01 2.33152947e+00 4.03953332e+00 -3.07558764e-01 2.30785756e+00 4.20162041e+00 -2.15094708e-04 2.36719034e-02 -1.62087085e-01
3780             -2.98985914e-01 2.33964105e+00 4.03699820e+00 -2.98840144e-01 2.31601811e+00 4.19907287e+00 -1.45769826e-04 2.36229420e-02 -1.62074669e-01
3781             -2.89154031e-01 2.35110472e+00 4.03616134e+00 -2.89064562e-01 2.32749645e+00 4.19822793e+00 -8.94688430e-05 2.36082729e-02 -1.62066586e-01
3782             -2.79679538e-01 2.36483004e+00 4.03696041e+00 -2.79629324e-01 2.34119956e+00 4.19902334e+00 -5.02134530e-05 2.36304761e-02 -1.62062926e-01
3783             -2.71700993e-01 2.37935665e+00 4.03928552e+00 -2.71669401e-01 2.35566968e+00 4.20134899e+00 -3.15915514e-05 2.36869685e-02 -1.62063467e-01
3784             -2.65874867e-01 2.39335507e+00 4.04274050e+00 -2.65839728e-01 2.36958378e+00 4.20480985e+00 -3.51389690e-05 2.37712908e-02 -1.62069343e-01
3785             -2.62565081e-01 2.40537141e+00 4.04683354e+00 -2.62503438e-01 2.38149684e+00 4.20891500e+00 -6.16434402e-05 2.38745710e-02 -1.62081464e-01
3786             -2.61868553e-01 2.41398992e+00 4.05120199e+00 -2.61760070e-01 2.39000332e+00 4.21330246e+00 -1.08482595e-04 2.39866028e-02 -1.62100479e-01
3787             -2.64054209e-01 2.41773249e+00 4.05623618e+00 -2.63883862e-01 2.39363749e+00 4.21836192e+00 -1.70346740e-04 2.40949968e-02 -1.62125745e-01
3788             -2.69437103e-01 2.41564633e+00 4.06106097e+00 -2.69197231e-01 2.39145980e+00 4.22321154e+00 -2.39872665e-04 2.41865290e-02 -1.62150573e-01
3789             -2.78120620e-01 2.40785186e+00 4.06389377e+00 -2.77811530e-01 2.38360254e+00 4.22606325e+00 -3.09089526e-04 2.42493255e-02 -1.62169472e-01
3790             -2.89181893e-01 2.39612239e+00 4.06234889e+00 -2.88809325e-01 2.37184795e+00 4.22453011e+00 -3.72568291e-04 2.42744468e-02 -1.62181224e-01
3791             -3.00354072e-01 2.38225690e+00 4.05786029e+00 -2.99927332e-01 2.35799719e+00 4.22004981e+00 -4.26739416e-04 2.42597116e-02 -1.62189522e-01
3792             -3.09113279e-01 2.36800030e+00 4.05333627e+00 -3.08647079e-01 2.34379062e+00 4.21553119e+00 -4.66200119e-04 2.42096783e-02 -1.62194928e-01
3793             -3.14713346e-01 2.35422951e+00 4.05115084e+00 -3.14228243e-01 2.33009746e+00 4.21334523e+00 -4.85103549e-04 2.41320518e-02 -1.62194394e-01
3794             -3.17727072e-01 2.34199481e+00 4.05073100e+00 -3.17249442e-01 2.31795901e+00 4.21291368e+00 -4.77630805e-04 2.40357970e-02 -1.62182678e-01
3795             -3.18899714e-01 2.33255097e+00 4.04992589e+00 -3.18457010e-01 2.30862156e+00 4.21208436e+00 -4.42704234e-04 2.39294096e-02 -1.62158471e-01
3796             -3.18297993e-01 2.32702686e+00 4.04748746e+00 -3.17912686e-01 2.30320486e+00 4.20961454e+00 -3.85307205e-04 2.38220050e-02 -1.62127082e-01
3797             -3.15373600e-01 2.32603327e+00 4.04357968e+00 -3.15059751e-01 2.30230954e+00 4.20567625e+00 -3.13849485e-04 2.37237278e-02 -1.62096575e-01
3798             -3.09855299e-01 2.32950673e+00 4.03919793e+00 -3.09617528e-01 2.30586193e+00 4.20127042e+00 -2.37771418e-04 2.36447963e-02 -1.62072488e-01
3799             -3.01931972e-01 2.33712575e+00 4.03573054e+00 -3.01766780e-01 2.31353188e+00 4.19778609e+00 -1.65192223e-04 2.35938667e-02 -1.62055546e-01
3800             -2.92590895e-01 2.34820066e+00 4.03400485e+00 -2.92487513e-01 2.32462271e+00 4.19604955e+00 -1.03381750e-04 2.35779413e-02 -1.62044699e-01
3801             -2.83028468e-01 2.36193775e+00 4.03410442e+00 -2.82970713e-01 2.33833825e+00 4.19614305e+00 -5.77549808e-05 2.35994942e-02 -1.62038632e-01
3802             -2.74665555e-01 2.37692332e+00 4.03587796e+00 -2.74633896e-01 2.35326551e+00 4.19791557e+00 -3.16584492e-05 2.36578111e-02 -1.62037613e-01
3803             -2.68235830e-01 2.39181434e+00 4.03895814e+00 -2.68207971e-01 2.36806744e+00 4.20100075e+00 -2.78596725e-05 2.37468973e-02 -1.62042604e-01
3804             -2.64226619e-01 2.40508094e+00 4.04304182e+00 -2.64179479e-01 2.38122319e+00 4.20509654e+00 -4.71400249e-05 2.38577500e-02 -1.62054718e-01
3805             -2.62812539e-01 2.41525368e+00 4.04753563e+00 -2.62723945e-01 2.39127370e+00 4.20961033e+00 -8.85933774e-05 2.39799890e-02 -1.62074701e-01
3806             -2.64094042e-01 2.42087769e+00 4.05266422e+00 -2.63946983e-01 2.39677560e+00 4.21476628e+00 -1.47059109e-04 2.41020861e-02 -1.62102055e-01
3807             -2.68359355e-01 2.42077894e+00 4.05808232e+00 -2.68143310e-01 2.39656966e+00 4.22021483e+00 -2.16044650e-04 2.42092785e-02 -1.62132510e-01
3808             -2.75942408e-01 2.41449630e+00 4.06260350e+00 -2.75655423e-01 2.39020647e+00 4.22476320e+00 -2.86985040e-04 2.42898376e-02 -1.62159703e-01
3809             -2.86431189e-01 2.40351001e+00 4.06305438e+00 -2.86077642e-01 2.37917758e+00 4.22523377e+00 -3.53547271e-04 2.43324330e-02 -1.62179394e-01
3810             -2.97873024e-01 2.38966149e+00 4.05969033e+00 -2.97460726e-01 2.36532905e+00 4.22188474e+00 -4.12297908e-04 2.43324342e-02 -1.62194418e-01
3811             -3.07530239e-01 2.37473318e+00 4.05521146e+00 -3.07071883e-01 2.35044091e+00 4.21741801e+00 -4.58356619e-04 2.42922743e-02 -1.62206548e-01
3812             -3.13980075e-01 2.35988376e+00 4.05252371e+00 -3.13494138e-01 2.33566494e+00 4.21473725e+00 -4.85937766e-04 2.42188263e-02 -1.62213543e-01
3813             -3.17497300e-01 2.34609140e+00 4.05216170e+00 -3.17008757e-01 2.32197047e+00 4.21437195e+00 -4.88543413e-04 2.41209289e-02 -1.62210246e-01
3814             -3.18965995e-01 2.33465073e+00 4.05216889e+00 -3.18502760e-01 2.31064323e+00 4.21436184e+00 -4.63235084e-04 2.40074968e-02 -1.62192950e-01
3815             -3.18742674e-01 2.32678397e+00 4.05076510e+00 -3.18329952e-01 2.30289595e+00 4.21292976e+00 -4.12721405e-04 2.38880196e-02 -1.62164659e-01
3816             -3.16365464e-01 2.32339792e+00 4.04775090e+00 -3.16020943e-01 2.29962548e+00 4.20988372e+00 -3.44520999e-04 2.37724471e-02 -1.62132811e-01
3817             -3.11479678e-01 2.32466587e+00 4.04348421e+00 -3.11211705e-01 2.30099348e+00 4.20558856e+00 -2.67972900e-04 2.36723893e-02 -1.62104351e-01
3818             -3.04072316e-01 2.33039412e+00 4.03952603e+00 -3.03879868e-01 2.30679744e+00 4.20160790e+00 -1.92447844e-04 2.35966829e-02 -1.62081872e-01
3819             -2.94825444e-01 2.33998736e+00 4.03704048e+00 -2.94700177e-01 2.31643243e+00 4.19910581e+00 -1.25267307e-04 2.35549252e-02 -1.62065327e-01
3820             -2.84949150e-01 2.35276795e+00 4.03629451e+00 -2.84876392e-01 2.32921705e+00 4.19834757e+00 -7.27578693e-05 2.35508932e-02 -1.62053059e-01
3821             -2.75980850e-01 2.36754366e+00 4.03714029e+00 -2.75942285e-01 2.34395747e+00 4.19918592e+00 -3.85650991e-05 2.35861887e-02 -1.62045636e-01
3822             -2.68789244e-01 2.38288972e+00 4.03938910e+00 -2.68763183e-01 2.35923270e+00 4.20143235e+00 -2.60614194e-05 2.36570178e-02 -1.62043254e-01
3823             -2.63958865e-01 2.39731834e+00 4.04273662e+00 -2.63922746e-01 2.37356229e+00 4.20478455e+00 -3.61186601e-05 2.37560490e-02 -1.62047931e-01
3824             -2.61719598e-01 2.40935731e+00 4.04644304e+00 -2.61650308e-01 2.38548428e+00 4.20850352e+00 -6.92902519e-05 2.38730217e-02 -1.62060483e-01
3825             -2.62136502e-01 2.41750466e+00 4.05063671e+00 -2.62015092e-01 2.39350707e+00 4.21271877e+00 -1.21410882e-04 2.39975863e-02 -1.62082058e-01
3826             -2.65476163e-01 2.42029586e+00 4.05545733e+00 -2.65289133e-01 2.39618090e+00 4.21756617e+00 -1.87030339e-04 2.41149611e-02 -1.62108848e-01
3827             -2.72065160e-01 2.41698956e+00 4.05991682e+00 -2.71807602e-01 2.39277662e+00 4.22205126e+00 -2.57558267e-04 2.42129437e-02 -1.62134443e-01
3828             -2.81869498e-01 2.40822045e+00 4.06146265e+00 -2.81543546e-01 2.38394223e+00 4.22361634e+00 -3.25951532e-04 2.42782248e-02 -1.62153691e-01
3829             -2.93490768e-01 2.39592217e+00 4.05898262e+00 -2.93103124e-01 2.37161863e+00 4.22115040e+00 -3.87644236e-04 2.43035406e-02 -1.62167771e-01
3830             -3.04340784e-01 2.38191916e+00 4.05441150e+00 -3.03902200e-01 2.35763040e+00 4.21659083e+00 -4.38583366e-04 2.42887551e-02 -1.62179325e-01
3831             -3.12238521e-01 2.36769332e+00 4.05066488e+00 -3.11765096e-01 2.34345421e+00 4.21285280e+00 -4.73424489e-04 2.42391087e-02 -1.62187923e-01
3832             -3.16989228e-01 2.35396701e+00 4.04953563e+00 -3.16503077e-01 2.32980465e+00 4.21172546e+00 -4.86151042e-04 2.41623511e-02 -1.62189829e-01
3833             -3.19341997e-01 2.34197117e+00 4.04974924e+00 -3.18870356e-01 2.31790445e+00 4.21192867e+00 -4.71640601e-04 2.40667135e-02 -1.62179425e-01
3834             -3.19941321e-01 2.33294936e+00 4.04916800e+00 -3.19510906e-01 2.30898861e+00 4.21132516e+00 -4.30414563e-04 2.39607498e-02 -1.62157158e-01
3835             -3.18561298e-01 2.32802639e+00 4.04698185e+00 -3.18192918e-01 2.30417295e+00 4.20911135e+00 -3.68380020e-04 2.38534460e-02 -1.62129508e-01
3836             -3.14712041e-01 2.32757336e+00 4.04334946e+00 -3.14417234e-01 2.30381776e+00 4.20545380e+00 -2.94806784e-04 2.37556003e-02 -1.62104333e-01
3837             -3.08252850e-01 2.33147310e+00 4.03954304e+00 -3.08033696e-01 2.30779627e+00 4.20162832e+00 -2.19153306e-04 2.36768300e-02 -1.62085276e-01
3838             -2.99595412e-01 2.33929227e+00 4.03693314e+00 -2.99446165e-01 2.31566555e+00 4.19900593e+00 -1.49247318e-04 2.36267126e-02 -1.62072783e-01
3839             -2.89826069e-01 2.35048716e+00 4.03603522e+00 -2.89734016e-01 2.32687676e+00 4.19809994e+00 -9.20528478e-05 2.36104090e-02 -1.62064724e-01
3840             -2.80299241e-01 2.36407559e+00 4.03682787e+00 -2.80247501e-01 2.34044492e+00 4.19888892e+00 -5.17392370e-05 2.36306695e-02 -1.62061048e-01
3841             -2.72219444e-01 2.37859899e+00 4.03914424e+00 -2.72187556e-01 2.35491356e+00 4.20120576e+00 -3.18874414e-05 2.36854242e-02 -1.62061528e-01
3842             -2.66264355e-01 2.39263287e+00 4.04264673e+00 -2.66230156e-01 2.36886450e+00 4.20471409e+00 -3.41980820e-05 2.37683727e-02 -1.62067357e-01
3843             -2.62814062e-01 2.40480437e+00 4.04677758e+00 -2.62754711e-01 2.38093358e+00 4.20885670e+00 -5.93501648e-05 2.38707897e-02 -1.62079119e-01
3844             -2.61941242e-01 2.41367986e+00 4.05114097e+00 -2.61836202e-01 2.38969733e+00 4.21323884e+00 -1.05039815e-04 2.39825225e-02 -1.62097868e-01
3845             -2.63906071e-01 2.41773311e+00 4.05618579e+00 -2.63739883e-01 2.39364171e+00 4.21830894e+00 -1.66187431e-04 2.40914007e-02 -1.62123145e-01
3846             -2.69030197e-01 2.41598034e+00 4.06110610e+00 -2.68794677e-01 2.39179632e+00 4.22325448e+00 -2.35520059e-04 2.41840167e-02 -1.62148377e-01
3847             -2.77479408e-01 2.40839394e+00 4.06425797e+00 -2.77174491e-01 2.38414549e+00 4.22642585e+00 -3.04916987e-04 2.42484423e-02 -1.62167875e-01
3848             -2.88436166e-01 2.39678323e+00 4.06301623e+00 -2.88067403e-01 2.37250790e+00 4.22519606e+00 -3.68763072e-04 2.42753318e-02 -1.62179826e-01
3849             -2.99656465e-01 2.38294539e+00 4.05864285e+00 -2.99232939e-01 2.35868324e+00 4.22083093e+00 -4.23526066e-04 2.42621522e-02 -1.62188079e-01
3850             -3.08584034e-01 2.36863512e+00 4.05405976e+00 -3.08119864e-01 2.34442189e+00 4.21625330e+00 -4.64169761e-04 2.42132281e-02 -1.62193548e-01
3851             -3.14345488e-01 2.35475959e+00 4.05175069e+00 -3.13861033e-01 2.33062342e+00 4.21394399e+00 -4.84455121e-04 2.41361727e-02 -1.62193299e-01
3852             -3.17479291e-01 2.34236400e+00 4.05129078e+00 -3.17000622e-01 2.31832402e+00 4.21347286e+00 -4.78669209e-04 2.40399742e-02 -1.62182078e-01
3853             -3.18763519e-01 2.33271519e+00 4.05054786e+00 -3.18318135e-01 2.30878205e+00 4.21270612e+00 -4.45384507e-04 2.39331423e-02 -1.62158267e-01
3854             -3.18299109e-01 2.32694284e+00 4.04817636e+00 -3.17909930e-01 2.30311796e+00 4.21030313e+00 -3.89179013e-04 2.38248811e-02 -1.62126778e-01
3855             -3.15538304e-01 2.32567145e+00 4.04431073e+00 -3.15220058e-01 2.30194622e+00 4.20640636e+00 -3.18245985e-04 2.37252284e-02 -1.62095629e-01
3856             -3.10181523e-01 2.32885365e+00 4.03980800e+00 -3.09939327e-01 2.30520911e+00 4.20187870e+00 -2.42196029e-04 2.36445351e-02 -1.62070698e-01
3857             -3.02375520e-01 2.33625524e+00 4.03614963e+00 -3.02206263e-01 2.31266395e+00 4.19820270e+00 -1.69257096e-04 2.35912882e-02 -1.62053069e-01
3858             -2.93092808e-01 2.34712987e+00 4.03425550e+00 -2.92986223e-01 2.32355698e+00 4.19629724e+00 -1.06585043e-04 2.35728896e-02 -1.62041735e-01
3859             -2.83490782e-01 2.36080639e+00 4.03415934e+00 -2.83431008e-01 2.33721439e+00 4.19619451e+00 -5.97734167e-05 2.35920033e-02 -1.62035173e-01
3860             -2.75051280e-01 2.37582940e+00 4.03574392e+00 -2.75018854e-01 2.35218109e+00 4.19777783e+00 -3.24259145e-05 2.36483048e-02 -1.62033915e-01
3861             -2.68507950e-01 2.39083103e+00 4.03870635e+00 -2.68480769e-01 2.36709493e+00 4.20074497e+00 -2.71809403e-05 2.37360967e-02 -1.62038619e-01
3862             -2.64359071e-01 2.40433488e+00 4.04267407e+00 -2.64314231e-01 2.38048836e+00 4.20472445e+00 -4.48400323e-05 2.38465238e-02 -1.62050385e-01
3863             -2.62802155e-01 2.41484149e+00 4.04707262e+00 -2.62717072e-01 2.39087245e+00 4.20914274e+00 -8.50835505e-05 2.39690394e-02 -1.62070127e-01
3864             -2.63922120e-01 2.42087073e+00 4.05209407e+00 -2.63779481e-01 2.39677807e+00 4.21419147e+00 -1.42639161e-04 2.40926602e-02 -1.62097397e-01
3865             -2.67998140e-01 2.42117025e+00 4.05749105e+00 -2.67786879e-01 2.39696814e+00 4.21961912e+00 -2.11261089e-04 2.42021167e-02 -1.62128073e-01
3866             -2.75370736e-01 2.41525824e+00 4.06214967e+00 -2.75088488e-01 2.39097256e+00 4.22430550e+00 -2.82247898e-04 2.42856753e-02 -1.62155823e-01
3867             -2.85707546e-01 2.40449959e+00 4.06290065e+00 -2.85358377e-01 2.38016792e+00 4.22507682e+00 -3.49169537e-04 2.43316671e-02 -1.62176172e-01
3868             -2.97157100e-01 2.39077068e+00 4.05977515e+00 -2.96748596e-01 2.36643570e+00 4.22196679e+00 -4.08504139e-04 2.43349819e-02 -1.62191644e-01
3869             -3.07002671e-01 2.37586509e+00 4.05536999e+00 -3.06547162e-01 2.35156737e+00 4.21757419e+00 -4.55509873e-04 2.42977174e-02 -1.62204204e-01
3870             -3.13675143e-01 2.36095120e+00 4.05261223e+00 -3.13190666e-01 2.33672462e+00 4.21482408e+00 -4.84477176e-04 2.42265802e-02 -1.62211850e-01
3871             -3.17368946e-01 2.34706681e+00 4.05220152e+00 -3.16880005e-01 2.32293659e+00 4.21441103e+00 -4.88940742e-04 2.41302138e-02 -1.62209516e-01
3872             -3.18950289e-01 2.33544218e+00 4.05231762e+00 -3.18484801e-01 2.31142454e+00 4.21451105e+00 -4.65488618e-04 2.40176411e-02 -1.62193433e-01
3873             -3.18842721e-01 2.32729426e+00 4.05110830e+00 -3.18426213e-01 2.30339596e+00 4.21327431e+00 -4.16507693e-04 2.38983028e-02 -1.62166016e-01
3874             -3.16616864e-01 2.32359037e+00 4.04826996e+00 -3.16267623e-01 2.29980830e+00 4.21040439e+00 -3.49240733e-04 2.37820717e-02 -1.62134433e-01
3875             -3.11885893e-01 2.32446976e+00 4.04407929e+00 -3.11612917e-01 2.30078930e+00 4.20618501e+00 -2.72975090e-04 2.36804582e-02 -1.62105715e-01
3876             -3.04611618e-01 2.32984527e+00 4.04010549e+00 -3.04414321e-01 2.30624286e+00 4.20218833e+00 -1.97296636e-04 2.36024179e-02 -1.62082845e-01
3877             -2.95428676e-01 2.33914936e+00 4.03755582e+00 -2.95299307e-01 2.31559167e+00 4.19962172e+00 -1.29368762e-04 2.35576853e-02 -1.62065897e-01
3878             -2.85532216e-01 2.35168164e+00 4.03673545e+00 -2.85456435e-01 2.32813131e+00 4.19878867e+00 -7.57813061e-05 2.35503335e-02 -1.62053218e-01
3879             -2.76454123e-01 2.36629721e+00 4.03752608e+00 -2.76413867e-01 2.34271498e+00 4.19957135e+00 -4.02564510e-05 2.35822327e-02 -1.62045278e-01
3880             -2.69118647e-01 2.38159635e+00 4.03974422e+00 -2.69092425e-01 2.35794630e+00 4.20178642e+00 -2.62221567e-05 2.36500444e-02 -1.62042199e-01
3881             -2.64120667e-01 2.39609996e+00 4.04306626e+00 -2.64085910e-01 2.37235340e+00 4.20511226e+00 -3.47565366e-05 2.37465566e-02 -1.62046003e-01
3882             -2.61698495e-01 2.40834717e+00 4.04675238e+00 -2.61632178e-01 2.38448517e+00 4.20880995e+00 -6.63166390e-05 2.38620024e-02 -1.62057570e-01
3883             -2.61957695e-01 2.41680441e+00 4.05083575e+00 -2.61840156e-01 2.39281854e+00 4.21291398e+00 -1.17539822e-04 2.39858679e-02 -1.62078221e-01
3884             -2.65109978e-01 2.41998476e+00 4.05560978e+00 -2.64927362e-01 2.39588109e+00 4.21771432e+00 -1.82615596e-04 2.41036668e-02 -1.62104536e-01
3885             -2.71474160e-01 2.41708418e+00 4.06005768e+00 -2.71221222e-01 2.39288113e+00 4.22218768e+00 -2.52938103e-04 2.42030536e-02 -1.62130008e-01
3886             -2.81054087e-01 2.40863749e+00 4.06177862e+00 -2.80732597e-01 2.38436701e+00 4.22392803e+00 -3.21489987e-04 2.42704789e-02 -1.62149412e-01
3887             -2.92588266e-01 2.39659068e+00 4.05938842e+00 -2.92204664e-01 2.37229231e+00 4.22155205e+00 -3.83601660e-04 2.42983680e-02 -1.62163630e-01
3888             -3.03574030e-01 2.38268615e+00 4.05479295e+00 -3.03138691e-01 2.35839999e+00 4.21696843e+00 -4.35338942e-04 2.42861606e-02 -1.62175477e-01
3889             -3.11734938e-01 2.36843420e+00 4.05092065e+00 -3.11263549e-01 2.34419539e+00 4.21310512e+00 -4.71388971e-04 2.42388045e-02 -1.62184465e-01
3890             -3.16696822e-01 2.35469938e+00 4.04961552e+00 -3.16211240e-01 2.33053547e+00 4.21180235e+00 -4.85581659e-04 2.41639063e-02 -1.62186828e-01
3891             -3.19206905e-01 2.34267066e+00 4.04971605e+00 -3.18734020e-01 2.31860085e+00 4.21189317e+00 -4.72885727e-04 2.40698088e-02 -1.62177116e-01
3892             -3.19944575e-01 2.33357168e+00 4.04909702e+00 -3.19511254e-01 2.30960657e+00 4.21125259e+00 -4.33320588e-04 2.39651081e-02 -1.62155568e-01
3893             -3.18745504e-01 2.32846692e+00 4.04690654e+00 -3.18372980e-01 2.30460823e+00 4.20903490e+00 -3.72523847e-04 2.38586905e-02 -1.62128358e-01
3894             -3.15075194e-01 2.32775495e+00 4.04330224e+00 -3.14775661e-01 2.30399390e+00 4.20540550e+00 -2.99533244e-04 2.37610490e-02 -1.62103258e-01
3895             -3.08783791e-01 2.33135798e+00 4.03948600e+00 -3.08559993e-01 2.30767616e+00 4.20157016e+00 -2.23798097e-04 2.36818147e-02 -1.62084160e-01
3896             -3.00238771e-01 2.33896453e+00 4.03678426e+00 -3.00085485e-01 2.31533404e+00 4.19885579e+00 -1.53285819e-04 2.36304911e-02 -1.62071536e-01
3897             -2.90526004e-01 2.34994990e+00 4.03579337e+00 -2.90430949e-01 2.32633728e+00 4.19785690e+00 -9.50543501e-05 2.36126204e-02 -1.62063524e-01
3898             -2.80954082e-01 2.36340742e+00 4.03654566e+00 -2.80900544e-01 2.33977633e+00 4.19860556e+00 -5.35381634e-05 2.36310865e-02 -1.62059897e-01
3899             -2.72775702e-01 2.37789076e+00 4.03884286e+00 -2.72743374e-01 2.35420648e+00 4.20090324e+00 -3.23282476e-05 2.36842745e-02 -1.62060381e-01
3900             -2.66671008e-01 2.39200618e+00 4.04232457e+00 -2.66637685e-01 2.36824019e+00 4.20439068e+00 -3.33231967e-05 2.37659911e-02 -1.62066105e-01
3901             -2.63036895e-01 2.40432292e+00 4.04654913e+00 -2.62979748e-01 2.38045520e+00 4.20862697e+00 -5.71470154e-05 2.38677181e-02 -1.62077846e-01
3902             -2.62012423e-01 2.41343778e+00 4.05096702e+00 -2.61910490e-01 2.38945847e+00 4.21306339e+00 -1.01932276e-04 2.39793121e-02 -1.62096370e-01
3903             -2.63789060e-01 2.41783250e+00 4.05601714e+00 -2.63626655e-01 2.39374369e+00 4.21813870e+00 -1.62405481e-04 2.40888116e-02 -1.62121560e-01
3904             -2.68657240e-01 2.41643097e+00 4.06102689e+00 -2.68425853e-01 2.39224828e+00 4.22317410e+00 -2.31386924e-04 2.41826913e-02 -1.62147207e-01
3905             -2.76846406e-01 2.40909512e+00 4.06446323e+00 -2.76545589e-01 2.38484615e+00 4.22663060e+00 -3.00817170e-04 2.42489709e-02 -1.62167365e-01
3906             -2.87664893e-01 2.39761215e+00 4.06354999e+00 -2.87299930e-01 2.37333426e+00 4.22572973e+00 -3.64962708e-04 2.42778894e-02 -1.62179737e-01
3907             -2.98933614e-01 2.38379474e+00 4.05932388e+00 -2.98513191e-01 2.35952825e+00 4.22151193e+00 -4.20422649e-04 2.42664853e-02 -1.62188056e-01
3908             -3.08039379e-01 2.36940733e+00 4.05470369e+00 -3.07577328e-01 2.34518854e+00 4.21689734e+00 -4.62050996e-04 2.42187947e-02 -1.62193644e-01
3909             -3.13991223e-01 2.35542506e+00 4.05226178e+00 -3.13507501e-01 2.33128267e+00 4.21445548e+00 -4.83721909e-04 2.41423974e-02 -1.62193697e-01
3910             -3.17278196e-01 2.34285760e+00 4.05175891e+00 -3.16798475e-01 2.31881135e+00 4.21394196e+00 -4.79720968e-04 2.40462486e-02 -1.62183045e-01
3911             -3.18691758e-01 2.33296959e+00 4.05110018e+00 -3.18243637e-01 2.30903064e+00 4.21325988e+00 -4.48120162e-04 2.39389477e-02 -1.62159699e-01
3912             -3.18366342e-01 2.32692375e+00 4.04881657e+00 -3.17973235e-01 2.30309403e+00 4.21094473e+00 -3.93107010e-04 2.38297205e-02 -1.62128164e-01
3913             -3.15740643e-01 2.32538909e+00 4.04501830e+00 -3.15417924e-01 2.30166053e+00 4.20711481e+00 -3.22719950e-04 2.37285620e-02 -1.62096511e-01
3914             -3.10527233e-01 2.32828760e+00 4.04041454e+00 -3.10280741e-01 2.30464156e+00 4.20248528e+00 -2.46491946e-04 2.36460402e-02 -1.62070744e-01
3915             -3.02847615e-01 2.33541358e+00 4.03654938e+00 -3.02674459e-01 2.31182323e+00 4.19860179e+00 -1.73156015e-04 2.35903567e-02 -1.62052406e-01
3916             -2.93624236e-01 2.34612337e+00 4.03444643e+00 -2.93514544e-01 2.32255398e+00 4.19648700e+00 -1.09691867e-04 2.35693921e-02 -1.62040562e-01
3917             -2.84006784e-01 2.35969875e+00 4.03417381e+00 -2.83944913e-01 2.33611285e+00 4.19620747e+00 -6.18713832e-05 2.35858997e-02 -1.62033658e-01
3918             -2.75489337e-01 2.37474915e+00 4.03557517e+00 -2.75456198e-01 2.35110915e+00 4.19760729e+00 -3.31386555e-05 2.36400051e-02 -1.62032118e-01
3919             -2.68835329e-01 2.38986683e+00 4.03838299e+00 -2.68808739e-01 2.36614055e+00 4.20041947e+00 -2.65905204e-05 2.37262763e-02 -1.62036479e-01
3920             -2.64541321e-01 2.40357734e+00 4.04225393e+00 -2.64498693e-01 2.37974117e+00 4.20430187e+00 -4.26279834e-05 2.38361780e-02 -1.62047937e-01
3921             -2.62832287e-01 2.41440870e+00 4.04656371e+00 -2.62750721e-01 2.39044981e+00 4.20863104e+00 -8.15654056e-05 2.39588907e-02 -1.62067333e-01
3922             -2.63791040e-01 2.42086903e+00 4.05148174e+00 -2.63652818e-01 2.39678513e+00 4.21357618e+00 -1.38221637e-04 2.40839038e-02 -1.62094446e-01
3923             -2.67699149e-01 2.42159479e+00 4.05682799e+00 -2.67492596e-01 2.39739895e+00 4.21895329e+00 -2.06553046e-04 2.41958311e-02 -1.62125299e-01
3924             -2.74856076e-01 2.41609283e+00 4.06156272e+00 -2.74578377e-01 2.39181042e+00 4.22371631e+00 -2.77698828e-04 2.42824077e-02 -1.62153595e-01
3925             -2.85028900e-01 2.40554228e+00 4.06261752e+00 -2.84683869e-01 2.38121046e+00 4.22479213e+00 -3.45030792e-04 2.43318150e-02 -1.62174608e-01
3926             -2.96469318e-01 2.39198551e+00 4.05970079e+00 -2.96064363e-01 2.36764700e+00 4.22189120e+00 -4.04954548e-04 2.43385099e-02 -1.62190417e-01
3927             -3.06508384e-01 2.37709931e+00 4.05534704e+00 -3.06055479e-01 2.35279503e+00 4.21755042e+00 -4.52904509e-04 2.43042818e-02 -1.62203385e-01
3928             -3.13391168e-01 2.36216523e+00 4.05246411e+00 -3.12907999e-01 2.33792967e+00 4.21467580e+00 -4.83169348e-04 2.42355607e-02 -1.62211691e-01
3929             -3.17249074e-01 2.34811004e+00 4.05202362e+00 -3.16759770e-01 2.32396918e+00 4.21423416e+00 -4.89303274e-04 2.41408637e-02 -1.62210547e-01
3930             -3.18942176e-01 2.33628317e+00 4.05226956e+00 -3.18474407e-01 2.31225403e+00 4.21446507e+00 -4.67769133e-04 2.40291454e-02 -1.62195510e-01
3931             -3.18958728e-01 2.32785470e+00 4.05127836e+00 -3.18538241e-01 2.30394478e+00 4.21344722e+00 -4.20487255e-04 2.39099179e-02 -1.62168857e-01
3932             -3.16891177e-01 2.32381885e+00 4.04862574e+00 -3.16536882e-01 2.30002584e+00 4.21076322e+00 -3.54294933e-04 2.37930106e-02 -1.62137484e-01
3933             -3.12317117e-01 2.32437945e+00 4.04455977e+00 -3.12038685e-01 2.30068958e+00 4.20666837e+00 -2.78431909e-04 2.36898658e-02 -1.62108604e-01
3934             -3.05170467e-01 2.32938249e+00 4.04056313e+00 -3.04968096e-01 2.30577290e+00 4.20264843e+00 -2.02371085e-04 2.36095841e-02 -1.62085301e-01
3935             -2.96047705e-01 2.33836845e+00 4.03793017e+00 -2.95914113e-01 2.31480659e+00 4.19999808e+00 -1.33592274e-04 2.35618571e-02 -1.62067909e-01
3936             -2.86136990e-01 2.35065935e+00 4.03702398e+00 -2.86058105e-01 2.32710819e+00 4.19907882e+00 -7.88845211e-05 2.35511568e-02 -1.62054846e-01
3937             -2.76951374e-01 2.36512023e+00 4.03776656e+00 -2.76909245e-01 2.34154058e+00 4.19981302e+00 -4.21291478e-05 2.35796480e-02 -1.62046460e-01
3938             -2.69469258e-01 2.38036102e+00 4.03996909e+00 -2.69442623e-01 2.35671676e+00 4.20201186e+00 -2.66356531e-05 2.36442585e-02 -1.62042767e-01
3939             -2.64294737e-01 2.39492237e+00 4.04327235e+00 -2.64261237e-01 2.37118415e+00 4.20531804e+00 -3.34995547e-05 2.37382168e-02 -1.62045686e-01
3940             -2.61709335e-01 2.40733860e+00 4.04695638e+00 -2.61645754e-01 2.38348673e+00 4.20901262e+00 -6.35819569e-05 2.38518635e-02 -1.62056247e-01
3941             -2.61790738e-01 2.41609422e+00 4.05098651e+00 -2.61677112e-01 2.39211947e+00 4.21306241e+00 -1.13626417e-04 2.39747465e-02 -1.62075895e-01
3942             -2.64763398e-01 2.41966448e+00 4.05569906e+00 -2.64585354e-01 2.39557162e+00 4.21780077e+00 -1.78044015e-04 2.40928586e-02 -1.62101704e-01
3943             -2.70917023e-01 2.41718916e+00 4.06014147e+00 -2.70668644e-01 2.39299581e+00 4.22226854e+00 -2.48379325e-04 2.41933466e-02 -1.62127070e-01
3944             -2.80280452e-01 2.40908398e+00 4.06205670e+00 -2.79963281e-01 2.38482104e+00 4.22420335e+00 -3.17170190e-04 2.42629381e-02 -1.62146656e-01
3945             -2.91726839e-01 2.39723910e+00 4.05980877e+00 -2.91347127e-01 2.37294569e+00 4.22196965e+00 -3.79712249e-04 2.42934087e-02 -1.62160887e-01
3946             -3.02828562e-01 2.38340440e+00 4.05520436e+00 -3.02396347e-01 2.35912070e+00 4.21737710e+00 -4.32214878e-04 2.42837009e-02 -1.62172741e-01
3947             -3.11224513e-01 2.36918214e+00 4.05115754e+00 -3.10755070e-01 2.34494363e+00 4.21333945e+00 -4.69443643e-04 2.42385117e-02 -1.62181906e-01
3948             -3.16410398e-01 2.35545369e+00 4.04964037e+00 -3.15925133e-01 2.33128825e+00 4.21182516e+00 -4.85265036e-04 2.41654402e-02 -1.62184795e-01
3949             -3.19088770e-01 2.34335379e+00 4.04965103e+00 -3.18614422e-01 2.31928093e+00 4.21182689e+00 -4.74347394e-04 2.40728547e-02 -1.62175861e-01
3950             -3.19976320e-01 2.33412541e+00 4.04904688e+00 -3.19539855e-01 2.31015612e+00 4.21120182e+00 -4.36464823e-04 2.39692840e-02 -1.62154939e-01
3951             -3.18943121e-01 2.32883156e+00 4.04686549e+00 -3.18566267e-01 2.30496798e+00 4.20899351e+00 -3.76853948e-04 2.38635881e-02 -1.62128024e-01
3952             -3.15459846e-01 2.32788043e+00 4.04324808e+00 -3.15155458e-01 2.30411420e+00 4.20535091e+00 -3.04387883e-04 2.37662337e-02 -1.62102832e-01
3953             -3.09334118e-01 2.33123096e+00 4.03936866e+00 -3.09105498e-01 2.30754446e+00 4.20145230e+00 -2.28619641e-04 2.36865023e-02 -1.62083640e-01
3954             -3.00885573e-01 2.33862670e+00 4.03655750e+00 -3.00728048e-01 2.31499278e+00 4.19862845e+00 -1.57524732e-04 2.36339216e-02 -1.62070945e-01
3955             -2.91203539e-01 2.34944553e+00 4.03546041e+00 -2.91105260e-01 2.32583095e+00 4.19752339e+00 -9.82791701e-05 2.36145749e-02 -1.62062980e-01
3956             -2.81588213e-01 2.36275390e+00 4.03616947e+00 -2.81532686e-01 2.33912253e+00 4.19822890e+00 -5.55260972e-05 2.36313705e-02 -1.62059426e-01
3957             -2.73316075e-01 2.37714049e+00 4.03845247e+00 -2.73283284e-01 2.35345751e+00 4.20051230e+00 -3.27906294e-05 2.36829809e-02 -1.62059830e-01
3958             -2.67071813e-01 2.39134030e+00 4.04188860e+00 -2.67039579e-01 2.36757687e+00 4.20395381e+00 -3.22344651e-05 2.37634308e-02 -1.62065211e-01
3959             -2.63272474e-01 2.40385974e+00 4.04610989e+00 -2.63217712e-01 2.37999532e+00 4.20818666e+00 -5.47615802e-05 2.38644232e-02 -1.62076773e-01
3960             -2.62066733e-01 2.41322249e+00 4.05061977e+00 -2.61968177e-01 2.38924648e+00 4.21271507e+00 -9.85561670e-05 2.39760106e-02 -1.62095294e-01
3961             -2.63651192e-01 2.41794376e+00 4.05573287e+00 -2.63492770e-01 2.39385749e+00 4.21785330e+00 -1.58422436e-04 2.40862636e-02 -1.62120432e-01
3962             -2.68301437e-01 2.41691132e+00 4.06084971e+00 -2.68074145e-01 2.39272981e+00 4.22299620e+00 -2.27291762e-04 2.41815027e-02 -1.62146490e-01
3963             -2.76257414e-01 2.40986373e+00 4.06455677e+00 -2.75960500e-01 2.38561391e+00 4.22672410e+00 -2.96913188e-04 2.42498136e-02 -1.62167337e-01
3964             -2.86937082e-01 2.39851788e+00 4.06398785e+00 -2.86575609e-01 2.37423685e+00 4.22616801e+00 -3.61472713e-04 2.42810227e-02 -1.62180164e-01
3965             -2.98239357e-01 2.38473511e+00 4.05992802e+00 -2.97821786e-01 2.36046346e+00 4.22211663e+00 -4.17570870e-04 2.42716467e-02 -1.62188609e-01
3966             -3.07509607e-01 2.37028842e+00 4.05527636e+00 -3.07049339e-01 2.34606299e+00 4.21747069e+00 -4.60267827e-04 2.42254241e-02 -1.62194329e-01
3967             -3.13644256e-01 2.35620318e+00 4.05269803e+00 -3.13160782e-01 2.33205330e+00 4.21489282e+00 -4.83473195e-04 2.41498757e-02 -1.62194787e-01
3968             -3.17064954e-01 2.34345772e+00 4.05215365e+00 -3.16583715e-01 2.31940381e+00 4.21433842e+00 -4.81238845e-04 2.40539174e-02 -1.62184773e-01
3969             -3.18584027e-01 2.33332122e+00 4.05158298e+00 -3.18132735e-01 2.30937498e+00 4.21374494e+00 -4.51292156e-04 2.39462387e-02 -1.62161960e-01
3970             -3.18387718e-01 2.32695843e+00 4.04943091e+00 -3.17990214e-01 2.30312233e+00 4.21156139e+00 -3.97503942e-04 2.38360977e-02 -1.62130477e-01
3971             -3.15923697e-01 2.32512102e+00 4.04574152e+00 -3.15595931e-01 2.30138770e+00 4.20783986e+00 -3.27766717e-04 2.37333270e-02 -1.62098331e-01
3972             -3.10879276e-01 2.32778278e+00 4.04107704e+00 -3.10627767e-01 2.30413395e+00 4.20314880e+00 -2.51508550e-04 2.36488283e-02 -1.62071751e-01
3973             -3.03331242e-01 2.33465655e+00 4.03701109e+00 -3.03153575e-01 2.31106589e+00 4.19906377e+00 -1.77666577e-04 2.35906609e-02 -1.62052679e-01
3974             -2.94149741e-01 2.34514582e+00 4.03468774e+00 -2.94036479e-01 2.32157878e+00 4.19672804e+00 -1.13262433e-04 2.35670431e-02 -1.62040304e-01
3975             -2.84491333e-01 2.35857991e+00 4.03424015e+00 -2.84427091e-01 2.33499909e+00 4.19627309e+00 -6.42417524e-05 2.35808188e-02 -1.62032940e-01
3976             -2.75882714e-01 2.37362133e+00 4.03548081e+00 -2.75848590e-01 2.34998885e+00 4.19751178e+00 -3.41245796e-05 2.36324796e-02 -1.62030978e-01
3977             -2.69092712e-01 2.38886976e+00 4.03813064e+00 -2.69066731e-01 2.36515279e+00 4.20016546e+00 -2.59818405e-05 2.37169671e-02 -1.62034824e-01
3978             -2.64668718e-01 2.40280383e+00 4.04188259e+00 -2.64628184e-01 2.37897770e+00 4.20392846e+00 -4.05340071e-05 2.38261348e-02 -1.62045871e-01
3979             -2.62824743e-01 2.41394000e+00 4.04608669e+00 -2.62746532e-01 2.38999109e+00 4.20815156e+00 -7.82108173e-05 2.39489116e-02 -1.62064866e-01
3980             -2.63629118e-01 2.42080397e+00 4.05089397e+00 -2.63495191e-01 2.39672886e+00 4.21298574e+00 -1.33927430e-04 2.40751131e-02 -1.62091769e-01
3981             -2.67358738e-01 2.42200442e+00 4.05619874e+00 -2.67156885e-01 2.39781528e+00 4.21832154e+00 -2.01852988e-04 2.41891409e-02 -1.62122795e-01
3982             -2.74317185e-01 2.41694429e+00 4.06096930e+00 -2.74044091e-01 2.39266531e+00 4.22312091e+00 -2.73093778e-04 2.42789813e-02 -1.62151617e-01
3983             -2.84329164e-01 2.40665786e+00 4.06227369e+00 -2.83988282e-01 2.38232593e+00 4.22444703e+00 -3.40882762e-04 2.43319313e-02 -1.62173339e-01
3984             -2.95771295e-01 2.39320428e+00 4.05959769e+00 -2.95369931e-01 2.36886213e+00 4.22178730e+00 -4.01363628e-04 2.43421498e-02 -1.62189616e-01
3985             -3.05974543e-01 2.37840381e+00 4.05522258e+00 -3.05524330e-01 2.35409279e+00 4.21742547e+00 -4.50212831e-04 2.43110238e-02 -1.62202894e-01
3986             -3.13073453e-01 2.36347948e+00 4.05216067e+00 -3.12591643e-01 2.33923456e+00 4.21437264e+00 -4.81810083e-04 2.42449182e-02 -1.62211970e-01
3987             -3.17128436e-01 2.34931621e+00 4.05162964e+00 -3.16638507e-01 2.32516405e+00 4.21384172e+00 -4.89929407e-04 2.41521542e-02 -1.62212071e-01
3988             -3.18959330e-01 2.33723551e+00 4.05199646e+00 -3.18489099e-01 2.31319372e+00 4.21419490e+00 -4.70231758e-04 2.40417912e-02 -1.62198438e-01
3989             -3.19080752e-01 2.32851119e+00 4.05124182e+00 -3.18656504e-01 2.30458836e+00 4.21341440e+00 -4.24248436e-04 2.39228330e-02 -1.62172583e-01
3990             -3.17161556e-01 2.32416879e+00 4.04879099e+00 -3.16802601e-01 2.30036343e+00 4.21093251e+00 -3.58954798e-04 2.38053569e-02 -1.62141524e-01
3991             -3.12778232e-01 2.32436640e+00 4.04485010e+00 -3.12494730e-01 2.30066540e+00 4.20696269e+00 -2.83502381e-04 2.37009985e-02 -1.62112590e-01
3992             -3.05799065e-01 2.32903621e+00 4.04086596e+00 -3.05591719e-01 2.30541764e+00 4.20295506e+00 -2.07346856e-04 2.36185703e-02 -1.62089104e-01
3993             -2.96768852e-01 2.33771105e+00 4.03817817e+00 -2.96630909e-01 2.31414309e+00 4.20024961e+00 -1.37942664e-04 2.35679680e-02 -1.62071440e-01
3994             -2.86860081e-01 2.34973251e+00 4.03721454e+00 -2.86777923e-01 2.32617848e+00 4.19927255e+00 -8.21573879e-05 2.35540298e-02 -1.62058012e-01
3995             -2.77549656e-01 2.36398920e+00 4.03793742e+00 -2.77505750e-01 2.34041012e+00 4.19998657e+00 -4.39066197e-05 2.35790803e-02 -1.62049145e-01
3996             -2.69898826e-01 2.37920000e+00 4.04009502e+00 -2.69871918e-01 2.35555949e+00 4.20213977e+00 -2.69074815e-05 2.36405100e-02 -1.62044755e-01
3997             -2.64535870e-01 2.39383441e+00 4.04335036e+00 -2.64503474e-01 2.37010263e+00 4.20539731e+00 -3.23953322e-05 2.37317803e-02 -1.62046952e-01
3998             -2.61754457e-01 2.40642043e+00 4.04705976e+00 -2.61693536e-01 2.38257673e+00 4.20911635e+00 -6.09211255e-05 2.38437022e-02 -1.62056585e-01
3999             -2.61650764e-01 2.41544304e+00 4.05108222e+00 -2.61540867e-01 2.39147756e+00 4.21315742e+00 -1.09897311e-04 2.39654794e-02 -1.62075199e-01
4000             -2.64423461e-01 2.41938996e+00 4.05578448e+00 -2.64249943e-01 2.39530624e+00 4.21788492e+00 -1.73518095e-04 2.40837188e-02 -1.62100439e-01
